station,fold,model,ordering,n_train,n_test,mae
EGLC,2022-23,"B+D,L,R,T",record,495,364,1.0970480192866763
EGLC,2022-23,"B+D,L,R,T",session73,495,364,1.0952202318830904
EGLC,2022-23,"B+D,L,R,T",draw001,495,364,1.0929416506091638
EGLC,2022-23,"B+D,L,R,T",draw002,495,364,1.1023918129246801
EGLC,2022-23,"B+D,L,R,T",draw003,495,364,1.0921222908119799
EGLC,2022-23,"B+D,L,R,T",draw004,495,364,1.0863781792136553
EGLC,2022-23,"B+D,L,R,T",draw005,495,364,1.0920830160315163
EGLC,2022-23,"B+D,L,R,T",draw006,495,364,1.0963369360866266
EGLC,2022-23,"B+D,L,R,T",draw007,495,364,1.1012502424149442
EGLC,2022-23,"B+D,L,R,T",draw008,495,364,1.0963140380958314
EGLC,2022-23,"B+D,L,R,T",draw009,495,364,1.0955937069706545
EGLC,2022-23,"B+D,L,R,T",draw010,495,364,1.1048999432282578
EGLC,2022-23,"B+D,L,R,T",draw011,495,364,1.0951053408202842
EGLC,2022-23,"B+D,L,R,T",draw012,495,364,1.093888637574763
EGLC,2022-23,"B+D,L,R,T",draw013,495,364,1.0979098858885985
EGLC,2022-23,"B+D,L,R,T",draw014,495,364,1.0925663952895226
EGLC,2022-23,"B+D,L,R,T",draw015,495,364,1.101723816805676
EGLC,2022-23,"B+D,L,R,T",draw016,495,364,1.0995338865237412
EGLC,2022-23,"B+D,L,R,T",draw017,495,364,1.1042553498475534
EGLC,2022-23,"B+D,L,R,T",draw018,495,364,1.0967824367992536
EGLC,2022-23,"B+D,L,R,T",draw019,495,364,1.0921298679537277
EGLC,2022-23,"B+D,L,R,T",draw020,495,364,1.0883567346360543
EGLC,2022-23,"B+D,L,R,T",draw021,495,364,1.0940729266181048
EGLC,2022-23,"B+D,L,R,T",draw022,495,364,1.100853322892379
EGLC,2022-23,"B+D,L,R,T",draw023,495,364,1.1000530896060678
EGLC,2022-23,"B+D,L,R,T",draw024,495,364,1.097667564928288
EGLC,2022-23,"B+D,L,R,T",draw025,495,364,1.0933894746187638
EGLC,2022-23,"B+D,L,R,T",draw026,495,364,1.0951551931110646
EGLC,2022-23,"B+D,L,R,T",draw027,495,364,1.096755250702965
EGLC,2022-23,"B+D,L,R,T",draw028,495,364,1.093226958291752
EGLC,2022-23,"B+D,L,R,T",draw029,495,364,1.0976792464819574
EGLC,2022-23,"B+D,L,R,T",draw030,495,364,1.092200407837114
EGLC,2022-23,"B+D,L,R,T",draw031,495,364,1.0897913003999262
EGLC,2022-23,"B+D,L,R,T",draw032,495,364,1.0985493838582232
EGLC,2022-23,"B+D,L,R,T",draw033,495,364,1.0986959863543975
EGLC,2022-23,"B+D,L,R,T",draw034,495,364,1.0997438851018277
EGLC,2022-23,"B+D,L,R,T",draw035,495,364,1.093334365111392
EGLC,2022-23,"B+D,L,R,T",draw036,495,364,1.1005405415874085
EGLC,2022-23,"B+D,L,R,T",draw037,495,364,1.102328962074238
EGLC,2022-23,"B+D,L,R,T",draw038,495,364,1.0914929982749946
EGLC,2022-23,"B+D,L,R,T",draw039,495,364,1.0954251311986432
EGLC,2022-23,"B+D,L,R,T",draw040,495,364,1.0894412448667528
EGLC,2022-23,"B+D,L,R,T",draw041,495,364,1.1048522957885507
EGLC,2022-23,"B+D,L,R,T",draw042,495,364,1.097000220121172
EGLC,2022-23,"B+D,L,R,T",draw043,495,364,1.1009932699336291
EGLC,2022-23,"B+D,L,R,T",draw044,495,364,1.0962125263849416
EGLC,2022-23,"B+D,L,R,T",draw045,495,364,1.0940732377330806
EGLC,2022-23,"B+D,L,R,T",draw046,495,364,1.0905136831018576
EGLC,2022-23,"B+D,L,R,T",draw047,495,364,1.0963399900601258
EGLC,2022-23,"B+D,L,R,T",draw048,495,364,1.0998014659243893
EGLC,2022-23,"B+D,L,R,T",draw049,495,364,1.0911160725024118
EGLC,2022-23,"B+D,L,R,T",draw050,495,364,1.0918647243614314
EGLC,2022-23,"B+D,L,R,T",draw051,495,364,1.1010123073086584
EGLC,2022-23,"B+D,L,R,T",draw052,495,364,1.0881572124475594
EGLC,2022-23,"B+D,L,R,T",draw053,495,364,1.1058513807856538
EGLC,2022-23,"B+D,L,R,T",draw054,495,364,1.107676861506338
EGLC,2022-23,"B+D,L,R,T",draw055,495,364,1.094420939657545
EGLC,2022-23,"B+D,L,R,T",draw056,495,364,1.0964076349547849
EGLC,2022-23,"B+D,L,R,T",draw057,495,364,1.1023099725994088
EGLC,2022-23,"B+D,L,R,T",draw058,495,364,1.0906562440901997
EGLC,2022-23,"B+D,L,R,T",draw059,495,364,1.1040977931711857
EGLC,2022-23,"B+D,L,R,T",draw060,495,364,1.103495571893147
EGLC,2022-23,"B+D,L,R,T",draw061,495,364,1.0941418039832986
EGLC,2022-23,"B+D,L,R,T",draw062,495,364,1.0869807919529355
EGLC,2022-23,"B+D,L,R,T",draw063,495,364,1.0988972746695878
EGLC,2022-23,"B+D,L,R,T",draw064,495,364,1.0941981894231636
EGLC,2022-23,"B+D,L,R,T",draw065,495,364,1.098493730877629
EGLC,2022-23,"B+D,L,R,T",draw066,495,364,1.0936509349969006
EGLC,2022-23,"B+D,L,R,T",draw067,495,364,1.0855750005054468
EGLC,2022-23,"B+D,L,R,T",draw068,495,364,1.0925133179798212
EGLC,2022-23,"B+D,L,R,T",draw069,495,364,1.1032601683395784
EGLC,2022-23,"B+D,L,R,T",draw070,495,364,1.0859634337617345
EGLC,2022-23,"B+D,L,R,T",draw071,495,364,1.101049698379264
EGLC,2022-23,"B+D,L,R,T",draw072,495,364,1.1030940981755204
EGLC,2022-23,"B+D,L,R,T",draw073,495,364,1.0928932185438627
EGLC,2022-23,"B+D,L,R,T",draw074,495,364,1.0909968360465583
EGLC,2022-23,"B+D,L,R,T",draw075,495,364,1.0890348219628903
EGLC,2022-23,"B+D,L,R,T",draw076,495,364,1.09885577175815
EGLC,2022-23,"B+D,L,R,T",draw077,495,364,1.0997680678713149
EGLC,2022-23,"B+D,L,R,T",draw078,495,364,1.091356817289202
EGLC,2022-23,"B+D,L,R,T",draw079,495,364,1.096393735367259
EGLC,2022-23,"B+D,L,R,T",draw080,495,364,1.0974872663241415
EGLC,2022-23,"B+D,L,R,T",draw081,495,364,1.0913925284670525
EGLC,2022-23,"B+D,L,R,T",draw082,495,364,1.0917185349805945
EGLC,2022-23,"B+D,L,R,T",draw083,495,364,1.095008005278935
EGLC,2022-23,"B+D,L,R,T",draw084,495,364,1.090704834370337
EGLC,2022-23,"B+D,L,R,T",draw085,495,364,1.0917426264684418
EGLC,2022-23,"B+D,L,R,T",draw086,495,364,1.1038613349337183
EGLC,2022-23,"B+D,L,R,T",draw087,495,364,1.0983675312645802
EGLC,2022-23,"B+D,L,R,T",draw088,495,364,1.1072120704128772
EGLC,2022-23,"B+D,L,R,T",draw089,495,364,1.1068039221707684
EGLC,2022-23,"B+D,L,R,T",draw090,495,364,1.0926975141414397
EGLC,2022-23,"B+D,L,R,T",draw091,495,364,1.0924395155441793
EGLC,2022-23,"B+D,L,R,T",draw092,495,364,1.1020138354044586
EGLC,2022-23,"B+D,L,R,T",draw093,495,364,1.0944259901157072
EGLC,2022-23,"B+D,L,R,T",draw094,495,364,1.0970837280261958
EGLC,2022-23,"B+D,L,R,T",draw095,495,364,1.0917819463401346
EGLC,2022-23,"B+D,L,R,T",draw096,495,364,1.091897932468618
EGLC,2022-23,"B+D,L,R,T",draw097,495,364,1.0882489603157153
EGLC,2022-23,"B+D,L,R,T",draw098,495,364,1.1095268385569081
EGLC,2022-23,"B+D,L,R,T",draw099,495,364,1.097689675832625
EGLC,2022-23,"B+D,L,R,T",draw100,495,364,1.0871475294000983
EGLC,2022-23,B,canonical,495,364,1.1676942078095525
EGLC,2022-23,B,perm001,495,364,1.1691189022829265
EGLC,2022-23,B,perm002,495,364,1.1648061170811244
EGLC,2022-23,B,perm003,495,364,1.1663911942010998
EGLC,2022-23,B,perm004,495,364,1.16866620168866
EGLC,2022-23,B,perm005,495,364,1.168308666172862
EGLC,2022-23,B,perm006,495,364,1.1653862648115942
EGLC,2022-23,B,perm007,495,364,1.1688358932634888
EGLC,2022-23,B,perm008,495,364,1.1568641149441021
EGLC,2022-23,B,perm009,495,364,1.1680088593430191
EGLC,2022-23,B,perm010,495,364,1.1686027327502375
EGLC,2022-23,B,perm011,495,364,1.1704801891450447
EGLC,2022-23,B,perm012,495,364,1.1611915945283175
EGLC,2022-23,B,perm013,495,364,1.1642446807155578
EGLC,2022-23,B,perm014,495,364,1.158779649329501
EGLC,2022-23,B,perm015,495,364,1.1667091424398737
EGLC,2022-23,B,perm016,495,364,1.1707268039887293
EGLC,2022-23,B,perm017,495,364,1.1662043776859659
EGLC,2022-23,B,perm018,495,364,1.1698719536476108
EGLC,2022-23,B,perm019,495,364,1.1692854473050045
EGLC,2022-23,B,perm020,495,364,1.1685375649896044
EGLC,2022-23,B,perm021,495,364,1.166609241709165
EGLC,2022-23,B,perm022,495,364,1.1686777737947363
EGLC,2022-23,B,perm023,495,364,1.1674981918487373
EGLC,2022-23,B,perm024,495,364,1.1662729241783711
EGLC,2022-23,B,perm025,495,364,1.1712367869375435
EGLC,2022-23,B,perm026,495,364,1.1738370608011333
EGLC,2022-23,B,perm027,495,364,1.1696822748498916
EGLC,2022-23,B,perm028,495,364,1.169232452048296
EGLC,2022-23,B,perm029,495,364,1.1722923202006559
EGLC,2022-23,B,perm030,495,364,1.1719332494773231
EGLC,2022-23,B,perm031,495,364,1.174733632099564
EGLC,2022-23,B,perm032,495,364,1.1709838133346824
EGLC,2022-23,B,perm033,495,364,1.1756878245904063
EGLC,2022-23,B,perm034,495,364,1.172742144609694
EGLC,2022-23,B,perm035,495,364,1.1724672459429917
EGLC,2022-23,B,perm036,495,364,1.174250729961866
EGLC,2022-23,B,perm037,495,364,1.1683686494990904
EGLC,2022-23,B,perm038,495,364,1.1731733630890264
EGLC,2022-23,B,perm039,495,364,1.1773380415510875
EGLC,2022-23,B,perm040,495,364,1.171153853732097
EGLC,2022-23,B,perm041,495,364,1.1719213420567105
EGLC,2022-23,B,perm042,495,364,1.1710970482690621
EGLC,2022-23,B,perm043,495,364,1.166827291534281
EGLC,2022-23,B,perm044,495,364,1.1660597467852027
EGLC,2022-23,B,perm045,495,364,1.16567390175669
EGLC,2022-23,B,perm046,495,364,1.1694015618225986
EGLC,2022-23,B,perm047,495,364,1.1701566245905834
EGLC,2022-23,B,perm048,495,364,1.1710881595967608
EGLC,2022-23,B,perm049,495,364,1.1710250399555062
EGLC,2022-23,B,perm050,495,364,1.1710881595967608
EGLC,2022-23,B,perm051,495,364,1.1660007565519477
EGLC,2022-23,B,perm052,495,364,1.1669952540218858
EGLC,2022-23,B,perm053,495,364,1.166245636266651
EGLC,2022-23,B,perm054,495,364,1.164915752949571
EGLC,2022-23,B,perm055,495,364,1.1695352285707796
EGLC,2022-23,B,perm056,495,364,1.16774614827807
EGLC,2022-23,B,perm057,495,364,1.167714776740765
EGLC,2022-23,B,perm058,495,364,1.1716059158852044
EGLC,2022-23,B,perm059,495,364,1.1666613234192469
EGLC,2022-23,B,perm060,495,364,1.1662420207329531
EGLC,2022-23,B,perm061,495,364,1.166834532455886
EGLC,2022-23,B,perm062,495,364,1.165742766206821
EGLC,2022-23,B,perm063,495,364,1.1675589391232406
EGLC,2022-23,B,perm064,495,364,1.166201733007459
EGLC,2022-23,B,perm065,495,364,1.1636235970510198
EGLC,2022-23,B,perm066,495,364,1.1660476671280642
EGLC,2022-23,B,perm067,495,364,1.1676977145058738
EGLC,2022-23,B,perm068,495,364,1.1655097566040584
EGLC,2022-23,B,perm069,495,364,1.1681899327550196
EGLC,2022-23,B,perm070,495,364,1.1675799301944365
EGLC,2022-23,B,perm071,495,364,1.1670025719923298
EGLC,2022-23,B,perm072,495,364,1.162313706267394
EGLC,2022-23,B,perm073,495,364,1.1623618988456965
EGLC,2022-23,B,perm074,495,364,1.1629899646493906
EGLC,2022-23,B,perm075,495,364,1.1677235218381663
EGLC,2022-23,B,perm076,495,364,1.1686845778507475
EGLC,2022-23,B,perm077,495,364,1.171658329073576
EGLC,2022-23,B,perm078,495,364,1.1715061213331137
EGLC,2022-23,B,perm079,495,364,1.1686588377985738
EGLC,2022-23,B,perm080,495,364,1.175391828227976
EGLC,2022-23,B,perm081,495,364,1.1770204581341615
EGLC,2022-23,B,perm082,495,364,1.166699373807958
EGLC,2022-23,B,perm083,495,364,1.1700873466768082
EGLC,2022-23,B,perm084,495,364,1.1684971427071114
EGLC,2022-23,B,perm085,495,364,1.1699580571518744
EGLC,2022-23,B,perm086,495,364,1.1654854935170436
EGLC,2022-23,B,perm087,495,364,1.1658944898985153
EGLC,2022-23,B,perm088,495,364,1.1699580571518744
EGLC,2022-23,B,perm089,495,364,1.170601377438881
EGLC,2022-23,B,perm090,495,364,1.1666204219240446
EGLC,2022-23,B,perm091,495,364,1.166300748184529
EGLC,2022-23,B,perm092,495,364,1.17185733201547
EGLC,2022-23,B,perm093,495,364,1.173008901686438
EGLC,2022-23,B,perm094,495,364,1.1678398855709515
EGLC,2022-23,B,perm095,495,364,1.1678398855709515
EGLC,2022-23,B,perm096,495,364,1.1715413303499076
EGLC,2022-23,B,perm097,495,364,1.1727659447705028
EGLC,2022-23,B,perm098,495,364,1.1734979293838235
EGLC,2022-23,B,perm099,495,364,1.1744954069225204
EGLC,2022-23,B,perm100,495,364,1.1689146462324493
EGLC,2022-23,B,perm101,495,364,1.1742334477133947
EGLC,2022-23,B,perm102,495,364,1.1699199156319982
EGLC,2022-23,B,perm103,495,364,1.1674942028481072
EGLC,2022-23,B,perm104,495,364,1.1708414035256676
EGLC,2022-23,B,perm105,495,364,1.1720210047100867
EGLC,2022-23,B,perm106,495,364,1.165072140811391
EGLC,2022-23,B,perm107,495,364,1.1705808926522612
EGLC,2022-23,B,perm108,495,364,1.1727616107494572
EGLC,2022-23,B,perm109,495,364,1.1727235680445036
EGLC,2022-23,B,perm110,495,364,1.1708632403363155
EGLC,2022-23,B,perm111,495,364,1.1713019285537984
EGLC,2022-23,B,perm112,495,364,1.1710396986497174
EGLC,2022-23,B,perm113,495,364,1.1704019555220977
EGLC,2022-23,B,perm114,495,364,1.1725555042108742
EGLC,2022-23,B,perm115,495,364,1.1716418757425124
EGLC,2022-23,B,perm116,495,364,1.173163795933688
EGLC,2022-23,B,perm117,495,364,1.1676544517307224
EGLC,2022-23,B,perm118,495,364,1.1719942873748084
EGLC,2022-23,B,perm119,495,364,1.1735021335761913
EGLC,2023-24,"B+D,L,R,T",record,859,366,0.8714881558099459
EGLC,2023-24,"B+D,L,R,T",session73,859,366,0.8772876335255144
EGLC,2023-24,"B+D,L,R,T",draw001,859,366,0.8750026470726592
EGLC,2023-24,"B+D,L,R,T",draw002,859,366,0.8761248835984619
EGLC,2023-24,"B+D,L,R,T",draw003,859,366,0.8843120879178289
EGLC,2023-24,"B+D,L,R,T",draw004,859,366,0.8718595781109477
EGLC,2023-24,"B+D,L,R,T",draw005,859,366,0.873403275587505
EGLC,2023-24,"B+D,L,R,T",draw006,859,366,0.877946261971951
EGLC,2023-24,"B+D,L,R,T",draw007,859,366,0.8707795170147415
EGLC,2023-24,"B+D,L,R,T",draw008,859,366,0.8710811807604284
EGLC,2023-24,"B+D,L,R,T",draw009,859,366,0.8822380805147131
EGLC,2023-24,"B+D,L,R,T",draw010,859,366,0.8750880647206498
EGLC,2023-24,"B+D,L,R,T",draw011,859,366,0.8772833152780979
EGLC,2023-24,"B+D,L,R,T",draw012,859,366,0.8733959914484996
EGLC,2023-24,"B+D,L,R,T",draw013,859,366,0.8732726968511362
EGLC,2023-24,"B+D,L,R,T",draw014,859,366,0.8743960517239482
EGLC,2023-24,"B+D,L,R,T",draw015,859,366,0.8738291109627203
EGLC,2023-24,"B+D,L,R,T",draw016,859,366,0.8768053092472579
EGLC,2023-24,"B+D,L,R,T",draw017,859,366,0.8763330176713906
EGLC,2023-24,"B+D,L,R,T",draw018,859,366,0.8703315862839544
EGLC,2023-24,"B+D,L,R,T",draw019,859,366,0.8670725218542983
EGLC,2023-24,"B+D,L,R,T",draw020,859,366,0.8862716458053455
EGLC,2023-24,"B+D,L,R,T",draw021,859,366,0.8698973563402853
EGLC,2023-24,"B+D,L,R,T",draw022,859,366,0.8716318874602128
EGLC,2023-24,"B+D,L,R,T",draw023,859,366,0.870304710973296
EGLC,2023-24,"B+D,L,R,T",draw024,859,366,0.8803667520134184
EGLC,2023-24,"B+D,L,R,T",draw025,859,366,0.8711051121939056
EGLC,2023-24,"B+D,L,R,T",draw026,859,366,0.8736557672008568
EGLC,2023-24,"B+D,L,R,T",draw027,859,366,0.8735109538305932
EGLC,2023-24,"B+D,L,R,T",draw028,859,366,0.8776321203348026
EGLC,2023-24,"B+D,L,R,T",draw029,859,366,0.875195999785902
EGLC,2023-24,"B+D,L,R,T",draw030,859,366,0.8723937350516814
EGLC,2023-24,"B+D,L,R,T",draw031,859,366,0.8750942216458408
EGLC,2023-24,"B+D,L,R,T",draw032,859,366,0.8780980359351939
EGLC,2023-24,"B+D,L,R,T",draw033,859,366,0.869262591571124
EGLC,2023-24,"B+D,L,R,T",draw034,859,366,0.8676111191479594
EGLC,2023-24,"B+D,L,R,T",draw035,859,366,0.8714669548299082
EGLC,2023-24,"B+D,L,R,T",draw036,859,366,0.8718176982631053
EGLC,2023-24,"B+D,L,R,T",draw037,859,366,0.8736321177292946
EGLC,2023-24,"B+D,L,R,T",draw038,859,366,0.8822102213122679
EGLC,2023-24,"B+D,L,R,T",draw039,859,366,0.8740545083673842
EGLC,2023-24,"B+D,L,R,T",draw040,859,366,0.8765854424606488
EGLC,2023-24,"B+D,L,R,T",draw041,859,366,0.8791974655671028
EGLC,2023-24,"B+D,L,R,T",draw042,859,366,0.8684704119833591
EGLC,2023-24,"B+D,L,R,T",draw043,859,366,0.8766593020826513
EGLC,2023-24,"B+D,L,R,T",draw044,859,366,0.8735116678633624
EGLC,2023-24,"B+D,L,R,T",draw045,859,366,0.8811970439051844
EGLC,2023-24,"B+D,L,R,T",draw046,859,366,0.8808755394979315
EGLC,2023-24,"B+D,L,R,T",draw047,859,366,0.8736912505192044
EGLC,2023-24,"B+D,L,R,T",draw048,859,366,0.8728599718141554
EGLC,2023-24,"B+D,L,R,T",draw049,859,366,0.8737835007823468
EGLC,2023-24,"B+D,L,R,T",draw050,859,366,0.8739013149996224
EGLC,2023-24,"B+D,L,R,T",draw051,859,366,0.880459111189472
EGLC,2023-24,"B+D,L,R,T",draw052,859,366,0.8718797356991349
EGLC,2023-24,"B+D,L,R,T",draw053,859,366,0.8756460440317692
EGLC,2023-24,"B+D,L,R,T",draw054,859,366,0.8757580576443584
EGLC,2023-24,"B+D,L,R,T",draw055,859,366,0.8739732638667896
EGLC,2023-24,"B+D,L,R,T",draw056,859,366,0.8722646360803599
EGLC,2023-24,"B+D,L,R,T",draw057,859,366,0.8745283087711069
EGLC,2023-24,"B+D,L,R,T",draw058,859,366,0.8787975037305904
EGLC,2023-24,"B+D,L,R,T",draw059,859,366,0.871743461330352
EGLC,2023-24,"B+D,L,R,T",draw060,859,366,0.8791185835177312
EGLC,2023-24,"B+D,L,R,T",draw061,859,366,0.8767113141679215
EGLC,2023-24,"B+D,L,R,T",draw062,859,366,0.8788551666291111
EGLC,2023-24,"B+D,L,R,T",draw063,859,366,0.8777951381062454
EGLC,2023-24,"B+D,L,R,T",draw064,859,366,0.8777365720395909
EGLC,2023-24,"B+D,L,R,T",draw065,859,366,0.8708480425259519
EGLC,2023-24,"B+D,L,R,T",draw066,859,366,0.873185513490041
EGLC,2023-24,"B+D,L,R,T",draw067,859,366,0.8770088667738442
EGLC,2023-24,"B+D,L,R,T",draw068,859,366,0.8788275479578781
EGLC,2023-24,"B+D,L,R,T",draw069,859,366,0.8795182339034495
EGLC,2023-24,"B+D,L,R,T",draw070,859,366,0.8718547882366227
EGLC,2023-24,"B+D,L,R,T",draw071,859,366,0.869235310180017
EGLC,2023-24,"B+D,L,R,T",draw072,859,366,0.877190605024935
EGLC,2023-24,"B+D,L,R,T",draw073,859,366,0.8756919419503437
EGLC,2023-24,"B+D,L,R,T",draw074,859,366,0.8724923234524755
EGLC,2023-24,"B+D,L,R,T",draw075,859,366,0.868525290044782
EGLC,2023-24,"B+D,L,R,T",draw076,859,366,0.8770169667762757
EGLC,2023-24,"B+D,L,R,T",draw077,859,366,0.8793550183031467
EGLC,2023-24,"B+D,L,R,T",draw078,859,366,0.8737355740529422
EGLC,2023-24,"B+D,L,R,T",draw079,859,366,0.8753208365945556
EGLC,2023-24,"B+D,L,R,T",draw080,859,366,0.8810074248688545
EGLC,2023-24,"B+D,L,R,T",draw081,859,366,0.871682566912281
EGLC,2023-24,"B+D,L,R,T",draw082,859,366,0.876684131913129
EGLC,2023-24,"B+D,L,R,T",draw083,859,366,0.8720367994495786
EGLC,2023-24,"B+D,L,R,T",draw084,859,366,0.8774736367565851
EGLC,2023-24,"B+D,L,R,T",draw085,859,366,0.8776466405273625
EGLC,2023-24,"B+D,L,R,T",draw086,859,366,0.879127277515038
EGLC,2023-24,"B+D,L,R,T",draw087,859,366,0.8795965544103562
EGLC,2023-24,"B+D,L,R,T",draw088,859,366,0.871249716223123
EGLC,2023-24,"B+D,L,R,T",draw089,859,366,0.877231473647027
EGLC,2023-24,"B+D,L,R,T",draw090,859,366,0.8731605563465858
EGLC,2023-24,"B+D,L,R,T",draw091,859,366,0.8747100961139866
EGLC,2023-24,"B+D,L,R,T",draw092,859,366,0.8723142033092952
EGLC,2023-24,"B+D,L,R,T",draw093,859,366,0.8791746154411558
EGLC,2023-24,"B+D,L,R,T",draw094,859,366,0.8729564894009468
EGLC,2023-24,"B+D,L,R,T",draw095,859,366,0.8781058986883642
EGLC,2023-24,"B+D,L,R,T",draw096,859,366,0.8767535252233285
EGLC,2023-24,"B+D,L,R,T",draw097,859,366,0.8801175952142813
EGLC,2023-24,"B+D,L,R,T",draw098,859,366,0.8780351632208998
EGLC,2023-24,"B+D,L,R,T",draw099,859,366,0.8738263908221557
EGLC,2023-24,"B+D,L,R,T",draw100,859,366,0.8692954512200827
EGLC,2023-24,B,canonical,859,366,0.9470167774837449
EGLC,2023-24,B,perm001,859,366,0.9479793169429742
EGLC,2023-24,B,perm002,859,366,0.9516731237740574
EGLC,2023-24,B,perm003,859,366,0.9509115030266219
EGLC,2023-24,B,perm004,859,366,0.9429323125736975
EGLC,2023-24,B,perm005,859,366,0.95074587338747
EGLC,2023-24,B,perm006,859,366,0.9466942331716911
EGLC,2023-24,B,perm007,859,366,0.9505905963814362
EGLC,2023-24,B,perm008,859,366,0.9421843633703048
EGLC,2023-24,B,perm009,859,366,0.9466659085743508
EGLC,2023-24,B,perm010,859,366,0.9476129829520544
EGLC,2023-24,B,perm011,859,366,0.9462608287073653
EGLC,2023-24,B,perm012,859,366,0.9516731237740574
EGLC,2023-24,B,perm013,859,366,0.9501230963401371
EGLC,2023-24,B,perm014,859,366,0.9437528883425809
EGLC,2023-24,B,perm015,859,366,0.9471506327207514
EGLC,2023-24,B,perm016,859,366,0.951693377610375
EGLC,2023-24,B,perm017,859,366,0.9520729215313787
EGLC,2023-24,B,perm018,859,366,0.9533450566134145
EGLC,2023-24,B,perm019,859,366,0.9545913377719121
EGLC,2023-24,B,perm020,859,366,0.9476233666727067
EGLC,2023-24,B,perm021,859,366,0.9474546110035554
EGLC,2023-24,B,perm022,859,366,0.9529365212824066
EGLC,2023-24,B,perm023,859,366,0.9538146014899909
EGLC,2023-24,B,perm024,859,366,0.9441871868581433
EGLC,2023-24,B,perm025,859,366,0.9442391867950526
EGLC,2023-24,B,perm026,859,366,0.9470223930894811
EGLC,2023-24,B,perm027,859,366,0.9491639807739854
EGLC,2023-24,B,perm028,859,366,0.9439181000668544
EGLC,2023-24,B,perm029,859,366,0.9492574272078099
EGLC,2023-24,B,perm030,859,366,0.9464093202908614
EGLC,2023-24,B,perm031,859,366,0.9455461326807021
EGLC,2023-24,B,perm032,859,366,0.9468039611845283
EGLC,2023-24,B,perm033,859,366,0.9476136924109805
EGLC,2023-24,B,perm034,859,366,0.9528225192418519
EGLC,2023-24,B,perm035,859,366,0.9482691825150598
EGLC,2023-24,B,perm036,859,366,0.9479553844485524
EGLC,2023-24,B,perm037,859,366,0.9542239993190678
EGLC,2023-24,B,perm038,859,366,0.9467004337602836
EGLC,2023-24,B,perm039,859,366,0.9476136924109805
EGLC,2023-24,B,perm040,859,366,0.947768778394458
EGLC,2023-24,B,perm041,859,366,0.9445883302547059
EGLC,2023-24,B,perm042,859,366,0.9434669073669646
EGLC,2023-24,B,perm043,859,366,0.943923726205952
EGLC,2023-24,B,perm044,859,366,0.9456666261504197
EGLC,2023-24,B,perm045,859,366,0.945350174351628
EGLC,2023-24,B,perm046,859,366,0.9443272381062623
EGLC,2023-24,B,perm047,859,366,0.945350174351628
EGLC,2023-24,B,perm048,859,366,0.9421085006002046
EGLC,2023-24,B,perm049,859,366,0.9495337835402545
EGLC,2023-24,B,perm050,859,366,0.947203723255374
EGLC,2023-24,B,perm051,859,366,0.9482134589781883
EGLC,2023-24,B,perm052,859,366,0.946671713533816
EGLC,2023-24,B,perm053,859,366,0.9490990999165979
EGLC,2023-24,B,perm054,859,366,0.9460670365415926
EGLC,2023-24,B,perm055,859,366,0.9483098099769364
EGLC,2023-24,B,perm056,859,366,0.9432022353075243
EGLC,2023-24,B,perm057,859,366,0.9463859809445578
EGLC,2023-24,B,perm058,859,366,0.9455413109816223
EGLC,2023-24,B,perm059,859,366,0.9454302917688749
EGLC,2023-24,B,perm060,859,366,0.9466782935283466
EGLC,2023-24,B,perm061,859,366,0.9499909526386816
EGLC,2023-24,B,perm062,859,366,0.9441508250656928
EGLC,2023-24,B,perm063,859,366,0.9463859809445578
EGLC,2023-24,B,perm064,859,366,0.9480374939676331
EGLC,2023-24,B,perm065,859,366,0.9438706760071469
EGLC,2023-24,B,perm066,859,366,0.943435379539621
EGLC,2023-24,B,perm067,859,366,0.9443686232951032
EGLC,2023-24,B,perm068,859,366,0.9427160454965441
EGLC,2023-24,B,perm069,859,366,0.949085206679998
EGLC,2023-24,B,perm070,859,366,0.9471174509286732
EGLC,2023-24,B,perm071,859,366,0.9487545849544687
EGLC,2023-24,B,perm072,859,366,0.9516731237740574
EGLC,2023-24,B,perm073,859,366,0.9528880125440461
EGLC,2023-24,B,perm074,859,366,0.9449853148420129
EGLC,2023-24,B,perm075,859,366,0.9469771327441737
EGLC,2023-24,B,perm076,859,366,0.9444243230731348
EGLC,2023-24,B,perm077,859,366,0.9430444492506074
EGLC,2023-24,B,perm078,859,366,0.9455184068746944
EGLC,2023-24,B,perm079,859,366,0.9495854196244055
EGLC,2023-24,B,perm080,859,366,0.9483825528016808
EGLC,2023-24,B,perm081,859,366,0.9461681278773632
EGLC,2023-24,B,perm082,859,366,0.947768778394458
EGLC,2023-24,B,perm083,859,366,0.948720172051952
EGLC,2023-24,B,perm084,859,366,0.9498556202274605
EGLC,2023-24,B,perm085,859,366,0.9495920518205488
EGLC,2023-24,B,perm086,859,366,0.9453603317864603
EGLC,2023-24,B,perm087,859,366,0.945335878579357
EGLC,2023-24,B,perm088,859,366,0.9475265690756908
EGLC,2023-24,B,perm089,859,366,0.9457434763100317
EGLC,2023-24,B,perm090,859,366,0.9522991635120345
EGLC,2023-24,B,perm091,859,366,0.9540767323529067
EGLC,2023-24,B,perm092,859,366,0.951014911527123
EGLC,2023-24,B,perm093,859,366,0.9479217087044742
EGLC,2023-24,B,perm094,859,366,0.9459257928823501
EGLC,2023-24,B,perm095,859,366,0.9478798399169156
EGLC,2023-24,B,perm096,859,366,0.9549633857516953
EGLC,2023-24,B,perm097,859,366,0.9545309316361715
EGLC,2023-24,B,perm098,859,366,0.943734163832203
EGLC,2023-24,B,perm099,859,366,0.9466870058739317
EGLC,2023-24,B,perm100,859,366,0.9503592172779393
EGLC,2023-24,B,perm101,859,366,0.9508342245105241
EGLC,2023-24,B,perm102,859,366,0.9460268549761356
EGLC,2023-24,B,perm103,859,366,0.9476959361586439
EGLC,2023-24,B,perm104,859,366,0.9515409378653041
EGLC,2023-24,B,perm105,859,366,0.9561477957763312
EGLC,2023-24,B,perm106,859,366,0.948721902434934
EGLC,2023-24,B,perm107,859,366,0.9490763437586354
EGLC,2023-24,B,perm108,859,366,0.953317311537594
EGLC,2023-24,B,perm109,859,366,0.953317311537594
EGLC,2023-24,B,perm110,859,366,0.9483290677154812
EGLC,2023-24,B,perm111,859,366,0.9480956496260442
EGLC,2023-24,B,perm112,859,366,0.9507976977041954
EGLC,2023-24,B,perm113,859,366,0.9491147317720381
EGLC,2023-24,B,perm114,859,366,0.9540684611148043
EGLC,2023-24,B,perm115,859,366,0.9510830342684139
EGLC,2023-24,B,perm116,859,366,0.9449490543710705
EGLC,2023-24,B,perm117,859,366,0.9507533229826032
EGLC,2023-24,B,perm118,859,366,0.954039809424308
EGLC,2023-24,B,perm119,859,366,0.9488173282747127
LFPG,2022-23,"B+D,L,R,T",record,493,365,1.1133895478467908
LFPG,2022-23,"B+D,L,R,T",session73,493,365,1.1214298664486615
LFPG,2022-23,"B+D,L,R,T",draw001,493,365,1.1266231468718373
LFPG,2022-23,"B+D,L,R,T",draw002,493,365,1.1299972458545773
LFPG,2022-23,"B+D,L,R,T",draw003,493,365,1.1340449238734847
LFPG,2022-23,"B+D,L,R,T",draw004,493,365,1.122327141283145
LFPG,2022-23,"B+D,L,R,T",draw005,493,365,1.118406016635062
LFPG,2022-23,"B+D,L,R,T",draw006,493,365,1.1195172144815078
LFPG,2022-23,"B+D,L,R,T",draw007,493,365,1.1156506690494645
LFPG,2022-23,"B+D,L,R,T",draw008,493,365,1.118418588505588
LFPG,2022-23,"B+D,L,R,T",draw009,493,365,1.1136809717994467
LFPG,2022-23,"B+D,L,R,T",draw010,493,365,1.1320331499378469
LFPG,2022-23,"B+D,L,R,T",draw011,493,365,1.1086862036297231
LFPG,2022-23,"B+D,L,R,T",draw012,493,365,1.1315167414343588
LFPG,2022-23,"B+D,L,R,T",draw013,493,365,1.125496018972571
LFPG,2022-23,"B+D,L,R,T",draw014,493,365,1.1226014737638443
LFPG,2022-23,"B+D,L,R,T",draw015,493,365,1.1195658076103123
LFPG,2022-23,"B+D,L,R,T",draw016,493,365,1.1331448886680082
LFPG,2022-23,"B+D,L,R,T",draw017,493,365,1.1254571898542107
LFPG,2022-23,"B+D,L,R,T",draw018,493,365,1.135916890695962
LFPG,2022-23,"B+D,L,R,T",draw019,493,365,1.117553348333371
LFPG,2022-23,"B+D,L,R,T",draw020,493,365,1.1190285761194387
LFPG,2022-23,"B+D,L,R,T",draw021,493,365,1.1162008241104784
LFPG,2022-23,"B+D,L,R,T",draw022,493,365,1.1241345686671835
LFPG,2022-23,"B+D,L,R,T",draw023,493,365,1.1169959570774606
LFPG,2022-23,"B+D,L,R,T",draw024,493,365,1.1232648960351892
LFPG,2022-23,"B+D,L,R,T",draw025,493,365,1.1089994429801244
LFPG,2022-23,"B+D,L,R,T",draw026,493,365,1.118020394918414
LFPG,2022-23,"B+D,L,R,T",draw027,493,365,1.1213675980243083
LFPG,2022-23,"B+D,L,R,T",draw028,493,365,1.1222317145677392
LFPG,2022-23,"B+D,L,R,T",draw029,493,365,1.1279115442821375
LFPG,2022-23,"B+D,L,R,T",draw030,493,365,1.1223108133021502
LFPG,2022-23,"B+D,L,R,T",draw031,493,365,1.1139684044020215
LFPG,2022-23,"B+D,L,R,T",draw032,493,365,1.1361812010264565
LFPG,2022-23,"B+D,L,R,T",draw033,493,365,1.1229235877976589
LFPG,2022-23,"B+D,L,R,T",draw034,493,365,1.1311624822773094
LFPG,2022-23,"B+D,L,R,T",draw035,493,365,1.1222231599281212
LFPG,2022-23,"B+D,L,R,T",draw036,493,365,1.1271806915885563
LFPG,2022-23,"B+D,L,R,T",draw037,493,365,1.11488924164373
LFPG,2022-23,"B+D,L,R,T",draw038,493,365,1.1189413432397204
LFPG,2022-23,"B+D,L,R,T",draw039,493,365,1.12206130560166
LFPG,2022-23,"B+D,L,R,T",draw040,493,365,1.118076302269566
LFPG,2022-23,"B+D,L,R,T",draw041,493,365,1.1214879109529485
LFPG,2022-23,"B+D,L,R,T",draw042,493,365,1.1282084677572883
LFPG,2022-23,"B+D,L,R,T",draw043,493,365,1.1171112157997773
LFPG,2022-23,"B+D,L,R,T",draw044,493,365,1.1227656772700192
LFPG,2022-23,"B+D,L,R,T",draw045,493,365,1.125422361282698
LFPG,2022-23,"B+D,L,R,T",draw046,493,365,1.1192186481232076
LFPG,2022-23,"B+D,L,R,T",draw047,493,365,1.130464907165421
LFPG,2022-23,"B+D,L,R,T",draw048,493,365,1.123979407374267
LFPG,2022-23,"B+D,L,R,T",draw049,493,365,1.1207195774448224
LFPG,2022-23,"B+D,L,R,T",draw050,493,365,1.1171346231235697
LFPG,2022-23,"B+D,L,R,T",draw051,493,365,1.129115225199801
LFPG,2022-23,"B+D,L,R,T",draw052,493,365,1.1160225348768782
LFPG,2022-23,"B+D,L,R,T",draw053,493,365,1.1281004050140233
LFPG,2022-23,"B+D,L,R,T",draw054,493,365,1.1291426645203881
LFPG,2022-23,"B+D,L,R,T",draw055,493,365,1.1173676286220078
LFPG,2022-23,"B+D,L,R,T",draw056,493,365,1.1257655907198443
LFPG,2022-23,"B+D,L,R,T",draw057,493,365,1.1204658196521948
LFPG,2022-23,"B+D,L,R,T",draw058,493,365,1.117870527549685
LFPG,2022-23,"B+D,L,R,T",draw059,493,365,1.1187015972064613
LFPG,2022-23,"B+D,L,R,T",draw060,493,365,1.1320496763704855
LFPG,2022-23,"B+D,L,R,T",draw061,493,365,1.1223554198424823
LFPG,2022-23,"B+D,L,R,T",draw062,493,365,1.117660370055422
LFPG,2022-23,"B+D,L,R,T",draw063,493,365,1.1229853223220732
LFPG,2022-23,"B+D,L,R,T",draw064,493,365,1.1270662273355587
LFPG,2022-23,"B+D,L,R,T",draw065,493,365,1.1250252021570781
LFPG,2022-23,"B+D,L,R,T",draw066,493,365,1.1242255114498911
LFPG,2022-23,"B+D,L,R,T",draw067,493,365,1.1259983752907383
LFPG,2022-23,"B+D,L,R,T",draw068,493,365,1.1204218045744365
LFPG,2022-23,"B+D,L,R,T",draw069,493,365,1.1201118033331487
LFPG,2022-23,"B+D,L,R,T",draw070,493,365,1.1187735546907893
LFPG,2022-23,"B+D,L,R,T",draw071,493,365,1.122477979213004
LFPG,2022-23,"B+D,L,R,T",draw072,493,365,1.1154017057350185
LFPG,2022-23,"B+D,L,R,T",draw073,493,365,1.1236456277476796
LFPG,2022-23,"B+D,L,R,T",draw074,493,365,1.1214685844209455
LFPG,2022-23,"B+D,L,R,T",draw075,493,365,1.120547677778125
LFPG,2022-23,"B+D,L,R,T",draw076,493,365,1.1217514046219257
LFPG,2022-23,"B+D,L,R,T",draw077,493,365,1.1192010790442846
LFPG,2022-23,"B+D,L,R,T",draw078,493,365,1.1266341296865652
LFPG,2022-23,"B+D,L,R,T",draw079,493,365,1.1261535218640986
LFPG,2022-23,"B+D,L,R,T",draw080,493,365,1.1237612361593006
LFPG,2022-23,"B+D,L,R,T",draw081,493,365,1.1269402163515063
LFPG,2022-23,"B+D,L,R,T",draw082,493,365,1.1284691779391576
LFPG,2022-23,"B+D,L,R,T",draw083,493,365,1.1288024716600857
LFPG,2022-23,"B+D,L,R,T",draw084,493,365,1.1157739543697391
LFPG,2022-23,"B+D,L,R,T",draw085,493,365,1.11917250244168
LFPG,2022-23,"B+D,L,R,T",draw086,493,365,1.120334649532734
LFPG,2022-23,"B+D,L,R,T",draw087,493,365,1.1152298800389913
LFPG,2022-23,"B+D,L,R,T",draw088,493,365,1.1138913158722432
LFPG,2022-23,"B+D,L,R,T",draw089,493,365,1.1298371978559887
LFPG,2022-23,"B+D,L,R,T",draw090,493,365,1.117030931983067
LFPG,2022-23,"B+D,L,R,T",draw091,493,365,1.131849166609256
LFPG,2022-23,"B+D,L,R,T",draw092,493,365,1.12298557919284
LFPG,2022-23,"B+D,L,R,T",draw093,493,365,1.114385877530589
LFPG,2022-23,"B+D,L,R,T",draw094,493,365,1.125589755101071
LFPG,2022-23,"B+D,L,R,T",draw095,493,365,1.1172140319282156
LFPG,2022-23,"B+D,L,R,T",draw096,493,365,1.1270031416831325
LFPG,2022-23,"B+D,L,R,T",draw097,493,365,1.1158721129594824
LFPG,2022-23,"B+D,L,R,T",draw098,493,365,1.1204302543849907
LFPG,2022-23,"B+D,L,R,T",draw099,493,365,1.1155739522150545
LFPG,2022-23,"B+D,L,R,T",draw100,493,365,1.1097720236171151
LFPG,2022-23,B,canonical,493,365,1.1581288431631402
LFPG,2022-23,B,perm001,493,365,1.15186612999247
LFPG,2022-23,B,perm002,493,365,1.1485878142786348
LFPG,2022-23,B,perm003,493,365,1.1497993178157107
LFPG,2022-23,B,perm004,493,365,1.1495237834574012
LFPG,2022-23,B,perm005,493,365,1.149298988044235
LFPG,2022-23,B,perm006,493,365,1.1515975509204748
LFPG,2022-23,B,perm007,493,365,1.1534836360781564
LFPG,2022-23,B,perm008,493,365,1.1493672991071877
LFPG,2022-23,B,perm009,493,365,1.1506370997861295
LFPG,2022-23,B,perm010,493,365,1.1495263063345924
LFPG,2022-23,B,perm011,493,365,1.1502293517431168
LFPG,2022-23,B,perm012,493,365,1.1498191376240103
LFPG,2022-23,B,perm013,493,365,1.1463045135306749
LFPG,2022-23,B,perm014,493,365,1.1468599871434066
LFPG,2022-23,B,perm015,493,365,1.1495801615826544
LFPG,2022-23,B,perm016,493,365,1.1500631948927176
LFPG,2022-23,B,perm017,493,365,1.148556837447344
LFPG,2022-23,B,perm018,493,365,1.153678598441853
LFPG,2022-23,B,perm019,493,365,1.1560789507901723
LFPG,2022-23,B,perm020,493,365,1.1563825861432913
LFPG,2022-23,B,perm021,493,365,1.1491589912791267
LFPG,2022-23,B,perm022,493,365,1.1500926330706847
LFPG,2022-23,B,perm023,493,365,1.1483874091277892
LFPG,2022-23,B,perm024,493,365,1.1535075980873954
LFPG,2022-23,B,perm025,493,365,1.1540400277895966
LFPG,2022-23,B,perm026,493,365,1.1519342749999522
LFPG,2022-23,B,perm027,493,365,1.1533788668493152
LFPG,2022-23,B,perm028,493,365,1.1544636066699363
LFPG,2022-23,B,perm029,493,365,1.1554789229557436
LFPG,2022-23,B,perm030,493,365,1.1484151769438193
LFPG,2022-23,B,perm031,493,365,1.1507541274350364
LFPG,2022-23,B,perm032,493,365,1.1481372024075016
LFPG,2022-23,B,perm033,493,365,1.149393566503055
LFPG,2022-23,B,perm034,493,365,1.146618341848292
LFPG,2022-23,B,perm035,493,365,1.1498749681851583
LFPG,2022-23,B,perm036,493,365,1.1502805326263237
LFPG,2022-23,B,perm037,493,365,1.1520534758096865
LFPG,2022-23,B,perm038,493,365,1.152187663620954
LFPG,2022-23,B,perm039,493,365,1.1459520292353844
LFPG,2022-23,B,perm040,493,365,1.1449358663118345
LFPG,2022-23,B,perm041,493,365,1.1444434293038321
LFPG,2022-23,B,perm042,493,365,1.1501826406971436
LFPG,2022-23,B,perm043,493,365,1.1527809660836383
LFPG,2022-23,B,perm044,493,365,1.147941518394067
LFPG,2022-23,B,perm045,493,365,1.1479426876418393
LFPG,2022-23,B,perm046,493,365,1.1501332450437254
LFPG,2022-23,B,perm047,493,365,1.1504644133562818
LFPG,2022-23,B,perm048,493,365,1.1494512117849753
LFPG,2022-23,B,perm049,493,365,1.1492815898774582
LFPG,2022-23,B,perm050,493,365,1.146634913075027
LFPG,2022-23,B,perm051,493,365,1.1483845736065963
LFPG,2022-23,B,perm052,493,365,1.1508341224793404
LFPG,2022-23,B,perm053,493,365,1.1518979703475078
LFPG,2022-23,B,perm054,493,365,1.152644742237394
LFPG,2022-23,B,perm055,493,365,1.1515112250136508
LFPG,2022-23,B,perm056,493,365,1.1509150751332484
LFPG,2022-23,B,perm057,493,365,1.1497169109145917
LFPG,2022-23,B,perm058,493,365,1.1438689787004406
LFPG,2022-23,B,perm059,493,365,1.1515406794516219
LFPG,2022-23,B,perm060,493,365,1.154522308473845
LFPG,2022-23,B,perm061,493,365,1.153278734420992
LFPG,2022-23,B,perm062,493,365,1.1521941725526805
LFPG,2022-23,B,perm063,493,365,1.1508904783204745
LFPG,2022-23,B,perm064,493,365,1.1546754873962166
LFPG,2022-23,B,perm065,493,365,1.1517029164618553
LFPG,2022-23,B,perm066,493,365,1.1528905977106276
LFPG,2022-23,B,perm067,493,365,1.1501085143156002
LFPG,2022-23,B,perm068,493,365,1.1515109250708193
LFPG,2022-23,B,perm069,493,365,1.1485724770553358
LFPG,2022-23,B,perm070,493,365,1.1521147938212775
LFPG,2022-23,B,perm071,493,365,1.151166196219869
LFPG,2022-23,B,perm072,493,365,1.1480325096334811
LFPG,2022-23,B,perm073,493,365,1.1531737137658968
LFPG,2022-23,B,perm074,493,365,1.1546440537024705
LFPG,2022-23,B,perm075,493,365,1.1499514814742362
LFPG,2022-23,B,perm076,493,365,1.1484744562872844
LFPG,2022-23,B,perm077,493,365,1.15116312240095
LFPG,2022-23,B,perm078,493,365,1.1490425994396598
LFPG,2022-23,B,perm079,493,365,1.1511830226197928
LFPG,2022-23,B,perm080,493,365,1.1479829757071027
LFPG,2022-23,B,perm081,493,365,1.1502524159991947
LFPG,2022-23,B,perm082,493,365,1.150714919412968
LFPG,2022-23,B,perm083,493,365,1.1507461807194057
LFPG,2022-23,B,perm084,493,365,1.1494078880707665
LFPG,2022-23,B,perm085,493,365,1.1486955308944413
LFPG,2022-23,B,perm086,493,365,1.1514873704224144
LFPG,2022-23,B,perm087,493,365,1.14881227498153
LFPG,2022-23,B,perm088,493,365,1.1498687500791787
LFPG,2022-23,B,perm089,493,365,1.1498687500791787
LFPG,2022-23,B,perm090,493,365,1.1510355997455162
LFPG,2022-23,B,perm091,493,365,1.1504688870068949
LFPG,2022-23,B,perm092,493,365,1.1520457676018359
LFPG,2022-23,B,perm093,493,365,1.150150912277783
LFPG,2022-23,B,perm094,493,365,1.1503426840938333
LFPG,2022-23,B,perm095,493,365,1.1522773831735524
LFPG,2022-23,B,perm096,493,365,1.1485073830145878
LFPG,2022-23,B,perm097,493,365,1.1528495083639987
LFPG,2022-23,B,perm098,493,365,1.1502010671005147
LFPG,2022-23,B,perm099,493,365,1.148627819499577
LFPG,2022-23,B,perm100,493,365,1.1517096368342046
LFPG,2022-23,B,perm101,493,365,1.1486793438715177
LFPG,2022-23,B,perm102,493,365,1.1497799513591362
LFPG,2022-23,B,perm103,493,365,1.1525361314869853
LFPG,2022-23,B,perm104,493,365,1.1519500340144921
LFPG,2022-23,B,perm105,493,365,1.1486636665145273
LFPG,2022-23,B,perm106,493,365,1.152733342622282
LFPG,2022-23,B,perm107,493,365,1.15181134788075
LFPG,2022-23,B,perm108,493,365,1.1467917822066858
LFPG,2022-23,B,perm109,493,365,1.1490371320386792
LFPG,2022-23,B,perm110,493,365,1.1500779720293084
LFPG,2022-23,B,perm111,493,365,1.146344583240182
LFPG,2022-23,B,perm112,493,365,1.149653921450112
LFPG,2022-23,B,perm113,493,365,1.1504231924023212
LFPG,2022-23,B,perm114,493,365,1.1531149588980827
LFPG,2022-23,B,perm115,493,365,1.1490216972299796
LFPG,2022-23,B,perm116,493,365,1.1493390265857903
LFPG,2022-23,B,perm117,493,365,1.1499335977241651
LFPG,2022-23,B,perm118,493,365,1.1511048133766963
LFPG,2022-23,B,perm119,493,365,1.149918934260183
LFPG,2023-24,"B+D,L,R,T",record,858,366,1.1221218810408342
LFPG,2023-24,"B+D,L,R,T",session73,858,366,1.121933157012766
LFPG,2023-24,"B+D,L,R,T",draw001,858,366,1.115994660087306
LFPG,2023-24,"B+D,L,R,T",draw002,858,366,1.1182166986984594
LFPG,2023-24,"B+D,L,R,T",draw003,858,366,1.1197089390587192
LFPG,2023-24,"B+D,L,R,T",draw004,858,366,1.1119196781439113
LFPG,2023-24,"B+D,L,R,T",draw005,858,366,1.1265094102080235
LFPG,2023-24,"B+D,L,R,T",draw006,858,366,1.1235706553187699
LFPG,2023-24,"B+D,L,R,T",draw007,858,366,1.1181678694539676
LFPG,2023-24,"B+D,L,R,T",draw008,858,366,1.1155206619198734
LFPG,2023-24,"B+D,L,R,T",draw009,858,366,1.1166614795707572
LFPG,2023-24,"B+D,L,R,T",draw010,858,366,1.1198864229798013
LFPG,2023-24,"B+D,L,R,T",draw011,858,366,1.117608677991732
LFPG,2023-24,"B+D,L,R,T",draw012,858,366,1.1207666616499423
LFPG,2023-24,"B+D,L,R,T",draw013,858,366,1.1218492518184633
LFPG,2023-24,"B+D,L,R,T",draw014,858,366,1.1198661013969737
LFPG,2023-24,"B+D,L,R,T",draw015,858,366,1.111253213794763
LFPG,2023-24,"B+D,L,R,T",draw016,858,366,1.1201408712372098
LFPG,2023-24,"B+D,L,R,T",draw017,858,366,1.1191277351629243
LFPG,2023-24,"B+D,L,R,T",draw018,858,366,1.124518925639975
LFPG,2023-24,"B+D,L,R,T",draw019,858,366,1.1149634389827907
LFPG,2023-24,"B+D,L,R,T",draw020,858,366,1.1215316676635545
LFPG,2023-24,"B+D,L,R,T",draw021,858,366,1.1160069310143848
LFPG,2023-24,"B+D,L,R,T",draw022,858,366,1.1199593937972452
LFPG,2023-24,"B+D,L,R,T",draw023,858,366,1.1167183180830735
LFPG,2023-24,"B+D,L,R,T",draw024,858,366,1.1257330820504274
LFPG,2023-24,"B+D,L,R,T",draw025,858,366,1.1242364723633462
LFPG,2023-24,"B+D,L,R,T",draw026,858,366,1.1191890180969746
LFPG,2023-24,"B+D,L,R,T",draw027,858,366,1.1166198532710463
LFPG,2023-24,"B+D,L,R,T",draw028,858,366,1.1071166770821748
LFPG,2023-24,"B+D,L,R,T",draw029,858,366,1.1173180893378545
LFPG,2023-24,"B+D,L,R,T",draw030,858,366,1.1196530825836766
LFPG,2023-24,"B+D,L,R,T",draw031,858,366,1.1229841357288504
LFPG,2023-24,"B+D,L,R,T",draw032,858,366,1.1151351715309434
LFPG,2023-24,"B+D,L,R,T",draw033,858,366,1.1235576611697335
LFPG,2023-24,"B+D,L,R,T",draw034,858,366,1.1171656403664776
LFPG,2023-24,"B+D,L,R,T",draw035,858,366,1.1236147668659842
LFPG,2023-24,"B+D,L,R,T",draw036,858,366,1.1257487964094461
LFPG,2023-24,"B+D,L,R,T",draw037,858,366,1.1196600382935116
LFPG,2023-24,"B+D,L,R,T",draw038,858,366,1.1160569386191102
LFPG,2023-24,"B+D,L,R,T",draw039,858,366,1.1206683468551695
LFPG,2023-24,"B+D,L,R,T",draw040,858,366,1.1191409424117948
LFPG,2023-24,"B+D,L,R,T",draw041,858,366,1.116689905717268
LFPG,2023-24,"B+D,L,R,T",draw042,858,366,1.1233980329727302
LFPG,2023-24,"B+D,L,R,T",draw043,858,366,1.118940861589959
LFPG,2023-24,"B+D,L,R,T",draw044,858,366,1.113973893024027
LFPG,2023-24,"B+D,L,R,T",draw045,858,366,1.1146660237961452
LFPG,2023-24,"B+D,L,R,T",draw046,858,366,1.1209362168656896
LFPG,2023-24,"B+D,L,R,T",draw047,858,366,1.1175079411242739
LFPG,2023-24,"B+D,L,R,T",draw048,858,366,1.1158284791675182
LFPG,2023-24,"B+D,L,R,T",draw049,858,366,1.1219862543594732
LFPG,2023-24,"B+D,L,R,T",draw050,858,366,1.1137668851850644
LFPG,2023-24,"B+D,L,R,T",draw051,858,366,1.117768127890917
LFPG,2023-24,"B+D,L,R,T",draw052,858,366,1.1235675349205736
LFPG,2023-24,"B+D,L,R,T",draw053,858,366,1.1205208166851428
LFPG,2023-24,"B+D,L,R,T",draw054,858,366,1.1203274563133125
LFPG,2023-24,"B+D,L,R,T",draw055,858,366,1.1208263618644907
LFPG,2023-24,"B+D,L,R,T",draw056,858,366,1.1221178196261947
LFPG,2023-24,"B+D,L,R,T",draw057,858,366,1.115948381380698
LFPG,2023-24,"B+D,L,R,T",draw058,858,366,1.121347599144841
LFPG,2023-24,"B+D,L,R,T",draw059,858,366,1.1171554062090556
LFPG,2023-24,"B+D,L,R,T",draw060,858,366,1.1226533281211808
LFPG,2023-24,"B+D,L,R,T",draw061,858,366,1.1187585834363454
LFPG,2023-24,"B+D,L,R,T",draw062,858,366,1.1221490938143988
LFPG,2023-24,"B+D,L,R,T",draw063,858,366,1.1160864180702175
LFPG,2023-24,"B+D,L,R,T",draw064,858,366,1.117276945994093
LFPG,2023-24,"B+D,L,R,T",draw065,858,366,1.1182700536741383
LFPG,2023-24,"B+D,L,R,T",draw066,858,366,1.1204428637920083
LFPG,2023-24,"B+D,L,R,T",draw067,858,366,1.1210427371318286
LFPG,2023-24,"B+D,L,R,T",draw068,858,366,1.1252929760017123
LFPG,2023-24,"B+D,L,R,T",draw069,858,366,1.1230086627257885
LFPG,2023-24,"B+D,L,R,T",draw070,858,366,1.1117669830216685
LFPG,2023-24,"B+D,L,R,T",draw071,858,366,1.1228883598922552
LFPG,2023-24,"B+D,L,R,T",draw072,858,366,1.1120153765497445
LFPG,2023-24,"B+D,L,R,T",draw073,858,366,1.116391930182221
LFPG,2023-24,"B+D,L,R,T",draw074,858,366,1.120984861548276
LFPG,2023-24,"B+D,L,R,T",draw075,858,366,1.1198805745990341
LFPG,2023-24,"B+D,L,R,T",draw076,858,366,1.1181927965689664
LFPG,2023-24,"B+D,L,R,T",draw077,858,366,1.1176335533836799
LFPG,2023-24,"B+D,L,R,T",draw078,858,366,1.1199330960019729
LFPG,2023-24,"B+D,L,R,T",draw079,858,366,1.122420206605124
LFPG,2023-24,"B+D,L,R,T",draw080,858,366,1.1241489692134776
LFPG,2023-24,"B+D,L,R,T",draw081,858,366,1.120411039968273
LFPG,2023-24,"B+D,L,R,T",draw082,858,366,1.1263720062328866
LFPG,2023-24,"B+D,L,R,T",draw083,858,366,1.119462170281912
LFPG,2023-24,"B+D,L,R,T",draw084,858,366,1.1208342249473635
LFPG,2023-24,"B+D,L,R,T",draw085,858,366,1.1161411871985274
LFPG,2023-24,"B+D,L,R,T",draw086,858,366,1.118410011087816
LFPG,2023-24,"B+D,L,R,T",draw087,858,366,1.1214493899583697
LFPG,2023-24,"B+D,L,R,T",draw088,858,366,1.118030328368423
LFPG,2023-24,"B+D,L,R,T",draw089,858,366,1.1200680210129708
LFPG,2023-24,"B+D,L,R,T",draw090,858,366,1.1210400947752581
LFPG,2023-24,"B+D,L,R,T",draw091,858,366,1.1252699089712355
LFPG,2023-24,"B+D,L,R,T",draw092,858,366,1.1214119222616103
LFPG,2023-24,"B+D,L,R,T",draw093,858,366,1.1195545655774592
LFPG,2023-24,"B+D,L,R,T",draw094,858,366,1.121677111662586
LFPG,2023-24,"B+D,L,R,T",draw095,858,366,1.1152451084375248
LFPG,2023-24,"B+D,L,R,T",draw096,858,366,1.1150283457699686
LFPG,2023-24,"B+D,L,R,T",draw097,858,366,1.1296875642732849
LFPG,2023-24,"B+D,L,R,T",draw098,858,366,1.114377679099108
LFPG,2023-24,"B+D,L,R,T",draw099,858,366,1.1173469226065107
LFPG,2023-24,"B+D,L,R,T",draw100,858,366,1.1185984684935868
LFPG,2023-24,B,canonical,858,366,1.1605941837409353
LFPG,2023-24,B,perm001,858,366,1.1585472712380973
LFPG,2023-24,B,perm002,858,366,1.1497776544722091
LFPG,2023-24,B,perm003,858,366,1.168244534563303
LFPG,2023-24,B,perm004,858,366,1.1651522058618542
LFPG,2023-24,B,perm005,858,366,1.1647542830618087
LFPG,2023-24,B,perm006,858,366,1.159660082158069
LFPG,2023-24,B,perm007,858,366,1.1567365485042647
LFPG,2023-24,B,perm008,858,366,1.1628470399410356
LFPG,2023-24,B,perm009,858,366,1.1646649350756708
LFPG,2023-24,B,perm010,858,366,1.1638654498759164
LFPG,2023-24,B,perm011,858,366,1.15564981440141
LFPG,2023-24,B,perm012,858,366,1.1537508906693463
LFPG,2023-24,B,perm013,858,366,1.168907380581799
LFPG,2023-24,B,perm014,858,366,1.1600934528710563
LFPG,2023-24,B,perm015,858,366,1.1578314575892568
LFPG,2023-24,B,perm016,858,366,1.1693225742694469
LFPG,2023-24,B,perm017,858,366,1.1640036869111583
LFPG,2023-24,B,perm018,858,366,1.1639307136993298
LFPG,2023-24,B,perm019,858,366,1.164105932824097
LFPG,2023-24,B,perm020,858,366,1.1660902737575334
LFPG,2023-24,B,perm021,858,366,1.1666538281011591
LFPG,2023-24,B,perm022,858,366,1.1622375032917833
LFPG,2023-24,B,perm023,858,366,1.160436219708474
LFPG,2023-24,B,perm024,858,366,1.1561482645163152
LFPG,2023-24,B,perm025,858,366,1.1578383794935463
LFPG,2023-24,B,perm026,858,366,1.1532922423958563
LFPG,2023-24,B,perm027,858,366,1.170376211179239
LFPG,2023-24,B,perm028,858,366,1.156704459236904
LFPG,2023-24,B,perm029,858,366,1.167844553566426
LFPG,2023-24,B,perm030,858,366,1.1575673852547506
LFPG,2023-24,B,perm031,858,366,1.158175458317428
LFPG,2023-24,B,perm032,858,366,1.157312794391533
LFPG,2023-24,B,perm033,858,366,1.1589306076145751
LFPG,2023-24,B,perm034,858,366,1.1526717873345516
LFPG,2023-24,B,perm035,858,366,1.1555436961813321
LFPG,2023-24,B,perm036,858,366,1.1515770312863431
LFPG,2023-24,B,perm037,858,366,1.1642950156838514
LFPG,2023-24,B,perm038,858,366,1.1515770312863431
LFPG,2023-24,B,perm039,858,366,1.154855747382801
LFPG,2023-24,B,perm040,858,366,1.1585674377342752
LFPG,2023-24,B,perm041,858,366,1.1586483790955497
LFPG,2023-24,B,perm042,858,366,1.1662814432873962
LFPG,2023-24,B,perm043,858,366,1.1662814432873962
LFPG,2023-24,B,perm044,858,366,1.1659430819658096
LFPG,2023-24,B,perm045,858,366,1.1624938399088456
LFPG,2023-24,B,perm046,858,366,1.160657743931681
LFPG,2023-24,B,perm047,858,366,1.1569746390251363
LFPG,2023-24,B,perm048,858,366,1.158812716114896
LFPG,2023-24,B,perm049,858,366,1.16186654500676
LFPG,2023-24,B,perm050,858,366,1.1611649226349103
LFPG,2023-24,B,perm051,858,366,1.1612678058412471
LFPG,2023-24,B,perm052,858,366,1.1560114016843908
LFPG,2023-24,B,perm053,858,366,1.1535879758987808
LFPG,2023-24,B,perm054,858,366,1.158919582526772
LFPG,2023-24,B,perm055,858,366,1.157826999441673
LFPG,2023-24,B,perm056,858,366,1.1601021602799482
LFPG,2023-24,B,perm057,858,366,1.161087417435156
LFPG,2023-24,B,perm058,858,366,1.1630811331929571
LFPG,2023-24,B,perm059,858,366,1.159419631271924
LFPG,2023-24,B,perm060,858,366,1.1572085399986978
LFPG,2023-24,B,perm061,858,366,1.1597904869284685
LFPG,2023-24,B,perm062,858,366,1.1641772730148696
LFPG,2023-24,B,perm063,858,366,1.1667019242010759
LFPG,2023-24,B,perm064,858,366,1.1571750118334279
LFPG,2023-24,B,perm065,858,366,1.1624795017704026
LFPG,2023-24,B,perm066,858,366,1.15915334774835
LFPG,2023-24,B,perm067,858,366,1.1534896787719946
LFPG,2023-24,B,perm068,858,366,1.161686130397378
LFPG,2023-24,B,perm069,858,366,1.1669328829416326
LFPG,2023-24,B,perm070,858,366,1.1578630828375949
LFPG,2023-24,B,perm071,858,366,1.1599495073315662
LFPG,2023-24,B,perm072,858,366,1.153947607158431
LFPG,2023-24,B,perm073,858,366,1.1602595721270537
LFPG,2023-24,B,perm074,858,366,1.157751549870398
LFPG,2023-24,B,perm075,858,366,1.156437658796997
LFPG,2023-24,B,perm076,858,366,1.1593892982496072
LFPG,2023-24,B,perm077,858,366,1.1622844393244032
LFPG,2023-24,B,perm078,858,366,1.1551571875128122
LFPG,2023-24,B,perm079,858,366,1.1679823015441217
LFPG,2023-24,B,perm080,858,366,1.1583620470511948
LFPG,2023-24,B,perm081,858,366,1.1565067549820214
LFPG,2023-24,B,perm082,858,366,1.158723790824512
LFPG,2023-24,B,perm083,858,366,1.1622163823987128
LFPG,2023-24,B,perm084,858,366,1.1576213496471532
LFPG,2023-24,B,perm085,858,366,1.1573946030131752
LFPG,2023-24,B,perm086,858,366,1.1589587203147786
LFPG,2023-24,B,perm087,858,366,1.1592022591411477
LFPG,2023-24,B,perm088,858,366,1.1580620507984734
LFPG,2023-24,B,perm089,858,366,1.1640968594560204
LFPG,2023-24,B,perm090,858,366,1.1607962743193687
LFPG,2023-24,B,perm091,858,366,1.1609545931666918
LFPG,2023-24,B,perm092,858,366,1.1542073746445405
LFPG,2023-24,B,perm093,858,366,1.1572785006597035
LFPG,2023-24,B,perm094,858,366,1.1619835206896278
LFPG,2023-24,B,perm095,858,366,1.1576468817046441
LFPG,2023-24,B,perm096,858,366,1.1654426939046405
LFPG,2023-24,B,perm097,858,366,1.163952958799929
LFPG,2023-24,B,perm098,858,366,1.159874104624499
LFPG,2023-24,B,perm099,858,366,1.1610730779068932
LFPG,2023-24,B,perm100,858,366,1.1686918125106016
LFPG,2023-24,B,perm101,858,366,1.158045320255482
LFPG,2023-24,B,perm102,858,366,1.1665069448736678
LFPG,2023-24,B,perm103,858,366,1.1613736437331958
LFPG,2023-24,B,perm104,858,366,1.1647872479780572
LFPG,2023-24,B,perm105,858,366,1.1571337908784132
LFPG,2023-24,B,perm106,858,366,1.1599489602419133
LFPG,2023-24,B,perm107,858,366,1.1576910784345293
LFPG,2023-24,B,perm108,858,366,1.164096879216105
LFPG,2023-24,B,perm109,858,366,1.1629742169909336
LFPG,2023-24,B,perm110,858,366,1.1617925064927472
LFPG,2023-24,B,perm111,858,366,1.160588872747011
LFPG,2023-24,B,perm112,858,366,1.1638391519118874
LFPG,2023-24,B,perm113,858,366,1.1587606361868013
LFPG,2023-24,B,perm114,858,366,1.1618081267110099
LFPG,2023-24,B,perm115,858,366,1.1659703755802995
LFPG,2023-24,B,perm116,858,366,1.1542073746445405
LFPG,2023-24,B,perm117,858,366,1.1540886513307616
LFPG,2023-24,B,perm118,858,366,1.1664718569913208
LFPG,2023-24,B,perm119,858,366,1.1601573674441854
DSM,2022-23,"B+D,L,R,T",record,495,364,1.6498714917606239
DSM,2022-23,"B+D,L,R,T",session73,495,364,1.650092791034401
DSM,2022-23,"B+D,L,R,T",draw001,495,364,1.6499347100826498
DSM,2022-23,"B+D,L,R,T",draw002,495,364,1.6504206887630812
DSM,2022-23,"B+D,L,R,T",draw003,495,364,1.6546679867956338
DSM,2022-23,"B+D,L,R,T",draw004,495,364,1.635635659681997
DSM,2022-23,"B+D,L,R,T",draw005,495,364,1.6426059497233323
DSM,2022-23,"B+D,L,R,T",draw006,495,364,1.6410218001444696
DSM,2022-23,"B+D,L,R,T",draw007,495,364,1.6424896032187855
DSM,2022-23,"B+D,L,R,T",draw008,495,364,1.6395500518112327
DSM,2022-23,"B+D,L,R,T",draw009,495,364,1.628727866336362
DSM,2022-23,"B+D,L,R,T",draw010,495,364,1.6339550812008101
DSM,2022-23,"B+D,L,R,T",draw011,495,364,1.6507900221617489
DSM,2022-23,"B+D,L,R,T",draw012,495,364,1.6492397951951048
DSM,2022-23,"B+D,L,R,T",draw013,495,364,1.650593563403253
DSM,2022-23,"B+D,L,R,T",draw014,495,364,1.6520485580747077
DSM,2022-23,"B+D,L,R,T",draw015,495,364,1.6279900356976742
DSM,2022-23,"B+D,L,R,T",draw016,495,364,1.6542829652919047
DSM,2022-23,"B+D,L,R,T",draw017,495,364,1.6423684171831878
DSM,2022-23,"B+D,L,R,T",draw018,495,364,1.645400700706322
DSM,2022-23,"B+D,L,R,T",draw019,495,364,1.6557831891789632
DSM,2022-23,"B+D,L,R,T",draw020,495,364,1.6506168756680994
DSM,2022-23,"B+D,L,R,T",draw021,495,364,1.6402131118854353
DSM,2022-23,"B+D,L,R,T",draw022,495,364,1.6537371589958174
DSM,2022-23,"B+D,L,R,T",draw023,495,364,1.6278252041287604
DSM,2022-23,"B+D,L,R,T",draw024,495,364,1.645252015402695
DSM,2022-23,"B+D,L,R,T",draw025,495,364,1.6589115173307973
DSM,2022-23,"B+D,L,R,T",draw026,495,364,1.6430880466967948
DSM,2022-23,"B+D,L,R,T",draw027,495,364,1.6412866860655713
DSM,2022-23,"B+D,L,R,T",draw028,495,364,1.640202428757509
DSM,2022-23,"B+D,L,R,T",draw029,495,364,1.6644620127031227
DSM,2022-23,"B+D,L,R,T",draw030,495,364,1.64737289658097
DSM,2022-23,"B+D,L,R,T",draw031,495,364,1.6376269371767112
DSM,2022-23,"B+D,L,R,T",draw032,495,364,1.6486940363489972
DSM,2022-23,"B+D,L,R,T",draw033,495,364,1.6663789040455148
DSM,2022-23,"B+D,L,R,T",draw034,495,364,1.645061808815726
DSM,2022-23,"B+D,L,R,T",draw035,495,364,1.6451576106209544
DSM,2022-23,"B+D,L,R,T",draw036,495,364,1.6552676690190944
DSM,2022-23,"B+D,L,R,T",draw037,495,364,1.6485165958651287
DSM,2022-23,"B+D,L,R,T",draw038,495,364,1.6496220317272903
DSM,2022-23,"B+D,L,R,T",draw039,495,364,1.642125404428316
DSM,2022-23,"B+D,L,R,T",draw040,495,364,1.6420133249192597
DSM,2022-23,"B+D,L,R,T",draw041,495,364,1.64747962024351
DSM,2022-23,"B+D,L,R,T",draw042,495,364,1.6475428639408922
DSM,2022-23,"B+D,L,R,T",draw043,495,364,1.6500547484502728
DSM,2022-23,"B+D,L,R,T",draw044,495,364,1.644166268471877
DSM,2022-23,"B+D,L,R,T",draw045,495,364,1.6392042583459387
DSM,2022-23,"B+D,L,R,T",draw046,495,364,1.6420449919210767
DSM,2022-23,"B+D,L,R,T",draw047,495,364,1.6459860619145144
DSM,2022-23,"B+D,L,R,T",draw048,495,364,1.6482947144294913
DSM,2022-23,"B+D,L,R,T",draw049,495,364,1.6493487985643946
DSM,2022-23,"B+D,L,R,T",draw050,495,364,1.642880150867142
DSM,2022-23,"B+D,L,R,T",draw051,495,364,1.647137763316482
DSM,2022-23,"B+D,L,R,T",draw052,495,364,1.6540041591230599
DSM,2022-23,"B+D,L,R,T",draw053,495,364,1.6518311167841557
DSM,2022-23,"B+D,L,R,T",draw054,495,364,1.651147090594998
DSM,2022-23,"B+D,L,R,T",draw055,495,364,1.6484010430802098
DSM,2022-23,"B+D,L,R,T",draw056,495,364,1.6419452385804316
DSM,2022-23,"B+D,L,R,T",draw057,495,364,1.6572086659074068
DSM,2022-23,"B+D,L,R,T",draw058,495,364,1.6436270314173915
DSM,2022-23,"B+D,L,R,T",draw059,495,364,1.658011087844698
DSM,2022-23,"B+D,L,R,T",draw060,495,364,1.6372877797620218
DSM,2022-23,"B+D,L,R,T",draw061,495,364,1.6388124927778747
DSM,2022-23,"B+D,L,R,T",draw062,495,364,1.6440653026695875
DSM,2022-23,"B+D,L,R,T",draw063,495,364,1.6413022878812116
DSM,2022-23,"B+D,L,R,T",draw064,495,364,1.64480167435373
DSM,2022-23,"B+D,L,R,T",draw065,495,364,1.6523608972541004
DSM,2022-23,"B+D,L,R,T",draw066,495,364,1.648444953890864
DSM,2022-23,"B+D,L,R,T",draw067,495,364,1.648728717930671
DSM,2022-23,"B+D,L,R,T",draw068,495,364,1.6447289659260542
DSM,2022-23,"B+D,L,R,T",draw069,495,364,1.64913294670334
DSM,2022-23,"B+D,L,R,T",draw070,495,364,1.635739859346661
DSM,2022-23,"B+D,L,R,T",draw071,495,364,1.6578829609496826
DSM,2022-23,"B+D,L,R,T",draw072,495,364,1.6521476013138252
DSM,2022-23,"B+D,L,R,T",draw073,495,364,1.653613378661127
DSM,2022-23,"B+D,L,R,T",draw074,495,364,1.6406998556108774
DSM,2022-23,"B+D,L,R,T",draw075,495,364,1.646165168311034
DSM,2022-23,"B+D,L,R,T",draw076,495,364,1.6456999166245456
DSM,2022-23,"B+D,L,R,T",draw077,495,364,1.6467879760440165
DSM,2022-23,"B+D,L,R,T",draw078,495,364,1.6481878087140012
DSM,2022-23,"B+D,L,R,T",draw079,495,364,1.6465476820879608
DSM,2022-23,"B+D,L,R,T",draw080,495,364,1.6473999780384885
DSM,2022-23,"B+D,L,R,T",draw081,495,364,1.6535615072755439
DSM,2022-23,"B+D,L,R,T",draw082,495,364,1.6475480959645379
DSM,2022-23,"B+D,L,R,T",draw083,495,364,1.6516283944991539
DSM,2022-23,"B+D,L,R,T",draw084,495,364,1.648258649455139
DSM,2022-23,"B+D,L,R,T",draw085,495,364,1.6471391784479024
DSM,2022-23,"B+D,L,R,T",draw086,495,364,1.6416147507767374
DSM,2022-23,"B+D,L,R,T",draw087,495,364,1.642783497047831
DSM,2022-23,"B+D,L,R,T",draw088,495,364,1.647854966062005
DSM,2022-23,"B+D,L,R,T",draw089,495,364,1.6462676497780886
DSM,2022-23,"B+D,L,R,T",draw090,495,364,1.6367622184012474
DSM,2022-23,"B+D,L,R,T",draw091,495,364,1.6455230781178205
DSM,2022-23,"B+D,L,R,T",draw092,495,364,1.6495510708242174
DSM,2022-23,"B+D,L,R,T",draw093,495,364,1.6340875530249566
DSM,2022-23,"B+D,L,R,T",draw094,495,364,1.645731647043049
DSM,2022-23,"B+D,L,R,T",draw095,495,364,1.652979745152439
DSM,2022-23,"B+D,L,R,T",draw096,495,364,1.65544069341214
DSM,2022-23,"B+D,L,R,T",draw097,495,364,1.6386864055478871
DSM,2022-23,"B+D,L,R,T",draw098,495,364,1.6540038998278794
DSM,2022-23,"B+D,L,R,T",draw099,495,364,1.6541530286969233
DSM,2022-23,"B+D,L,R,T",draw100,495,364,1.6376266291742492
DSM,2022-23,B,canonical,495,364,1.7262636931223527
DSM,2022-23,B,perm001,495,364,1.7262636931223527
DSM,2022-23,B,perm002,495,364,1.724387241849585
DSM,2022-23,B,perm003,495,364,1.7255559792747266
DSM,2022-23,B,perm004,495,364,1.727857150271396
DSM,2022-23,B,perm005,495,364,1.7198994190954708
DSM,2022-23,B,perm006,495,364,1.7291092504859307
DSM,2022-23,B,perm007,495,364,1.728258060724531
DSM,2022-23,B,perm008,495,364,1.725418021405931
DSM,2022-23,B,perm009,495,364,1.729622918678608
DSM,2022-23,B,perm010,495,364,1.730679746239232
DSM,2022-23,B,perm011,495,364,1.7308156837566664
DSM,2022-23,B,perm012,495,364,1.7239142494322364
DSM,2022-23,B,perm013,495,364,1.725592316480441
DSM,2022-23,B,perm014,495,364,1.7302862795212084
DSM,2022-23,B,perm015,495,364,1.730656469213528
DSM,2022-23,B,perm016,495,364,1.7241837944585674
DSM,2022-23,B,perm017,495,364,1.7286536756282296
DSM,2022-23,B,perm018,495,364,1.728170130205498
DSM,2022-23,B,perm019,495,364,1.7205780160281738
DSM,2022-23,B,perm020,495,364,1.7267112201050545
DSM,2022-23,B,perm021,495,364,1.7267112201050545
DSM,2022-23,B,perm022,495,364,1.7285954076623504
DSM,2022-23,B,perm023,495,364,1.7272817300549645
DSM,2022-23,B,perm024,495,364,1.730240179156366
DSM,2022-23,B,perm025,495,364,1.7332976436624623
DSM,2022-23,B,perm026,495,364,1.7247561766910076
DSM,2022-23,B,perm027,495,364,1.7282548535440339
DSM,2022-23,B,perm028,495,364,1.7334079897425636
DSM,2022-23,B,perm029,495,364,1.727510346740084
DSM,2022-23,B,perm030,495,364,1.7397810792899246
DSM,2022-23,B,perm031,495,364,1.7324923528063692
DSM,2022-23,B,perm032,495,364,1.7431976641748976
DSM,2022-23,B,perm033,495,364,1.7306230826094993
DSM,2022-23,B,perm034,495,364,1.738350887329424
DSM,2022-23,B,perm035,495,364,1.7410616635126306
DSM,2022-23,B,perm036,495,364,1.7276063026080968
DSM,2022-23,B,perm037,495,364,1.735697011036529
DSM,2022-23,B,perm038,495,364,1.7471718672765357
DSM,2022-23,B,perm039,495,364,1.74426900953094
DSM,2022-23,B,perm040,495,364,1.7333307424265596
DSM,2022-23,B,perm041,495,364,1.7442448506752282
DSM,2022-23,B,perm042,495,364,1.7387597863080473
DSM,2022-23,B,perm043,495,364,1.730098152721201
DSM,2022-23,B,perm044,495,364,1.7327743530261905
DSM,2022-23,B,perm045,495,364,1.7363100906711186
DSM,2022-23,B,perm046,495,364,1.731789337117887
DSM,2022-23,B,perm047,495,364,1.7248334119402062
DSM,2022-23,B,perm048,495,364,1.7326711072403058
DSM,2022-23,B,perm049,495,364,1.7407693483002886
DSM,2022-23,B,perm050,495,364,1.7307604014502673
DSM,2022-23,B,perm051,495,364,1.721010808978608
DSM,2022-23,B,perm052,495,364,1.728635742558903
DSM,2022-23,B,perm053,495,364,1.7283663122055033
DSM,2022-23,B,perm054,495,364,1.7232263566703647
DSM,2022-23,B,perm055,495,364,1.7283508922257356
DSM,2022-23,B,perm056,495,364,1.7234959096941385
DSM,2022-23,B,perm057,495,364,1.7238249331399302
DSM,2022-23,B,perm058,495,364,1.7270616336059899
DSM,2022-23,B,perm059,495,364,1.7274633957413084
DSM,2022-23,B,perm060,495,364,1.7313195856715085
DSM,2022-23,B,perm061,495,364,1.7264270979361893
DSM,2022-23,B,perm062,495,364,1.7250864631176197
DSM,2022-23,B,perm063,495,364,1.7238249331399302
DSM,2022-23,B,perm064,495,364,1.729496625510178
DSM,2022-23,B,perm065,495,364,1.7234093872263812
DSM,2022-23,B,perm066,495,364,1.7284861471523383
DSM,2022-23,B,perm067,495,364,1.7284861471523383
DSM,2022-23,B,perm068,495,364,1.7347371322284875
DSM,2022-23,B,perm069,495,364,1.73381901243602
DSM,2022-23,B,perm070,495,364,1.730727149776831
DSM,2022-23,B,perm071,495,364,1.736204732324339
DSM,2022-23,B,perm072,495,364,1.7234856741189688
DSM,2022-23,B,perm073,495,364,1.7256775104329232
DSM,2022-23,B,perm074,495,364,1.7284188327925571
DSM,2022-23,B,perm075,495,364,1.7238634634600303
DSM,2022-23,B,perm076,495,364,1.7262901695942543
DSM,2022-23,B,perm077,495,364,1.730968107438765
DSM,2022-23,B,perm078,495,364,1.721841617167592
DSM,2022-23,B,perm079,495,364,1.7292660042174421
DSM,2022-23,B,perm080,495,364,1.7452771389793156
DSM,2022-23,B,perm081,495,364,1.7391725033601326
DSM,2022-23,B,perm082,495,364,1.7296024000495573
DSM,2022-23,B,perm083,495,364,1.7494821108179648
DSM,2022-23,B,perm084,495,364,1.7228787509318158
DSM,2022-23,B,perm085,495,364,1.7282739133225622
DSM,2022-23,B,perm086,495,364,1.7471123227030552
DSM,2022-23,B,perm087,495,364,1.7450322736579307
DSM,2022-23,B,perm088,495,364,1.7294695423264064
DSM,2022-23,B,perm089,495,364,1.7319278763211696
DSM,2022-23,B,perm090,495,364,1.7260020322662872
DSM,2022-23,B,perm091,495,364,1.7291662549137585
DSM,2022-23,B,perm092,495,364,1.7234564233765903
DSM,2022-23,B,perm093,495,364,1.7395436938472761
DSM,2022-23,B,perm094,495,364,1.7295610723953476
DSM,2022-23,B,perm095,495,364,1.735973400289988
DSM,2022-23,B,perm096,495,364,1.725182329280421
DSM,2022-23,B,perm097,495,364,1.7211945786436638
DSM,2022-23,B,perm098,495,364,1.7268412907488224
DSM,2022-23,B,perm099,495,364,1.7264561746320901
DSM,2022-23,B,perm100,495,364,1.7349065825572692
DSM,2022-23,B,perm101,495,364,1.7350376455514627
DSM,2022-23,B,perm102,495,364,1.7305521338680883
DSM,2022-23,B,perm103,495,364,1.7256601549973307
DSM,2022-23,B,perm104,495,364,1.7250496354472764
DSM,2022-23,B,perm105,495,364,1.7349159556366789
DSM,2022-23,B,perm106,495,364,1.7297392322844285
DSM,2022-23,B,perm107,495,364,1.7363215801325778
DSM,2022-23,B,perm108,495,364,1.7378700084933
DSM,2022-23,B,perm109,495,364,1.7313076242062349
DSM,2022-23,B,perm110,495,364,1.727275504685863
DSM,2022-23,B,perm111,495,364,1.7226688047490224
DSM,2022-23,B,perm112,495,364,1.728199207757338
DSM,2022-23,B,perm113,495,364,1.7249177206702846
DSM,2022-23,B,perm114,495,364,1.7279248826885167
DSM,2022-23,B,perm115,495,364,1.7313611930085926
DSM,2022-23,B,perm116,495,364,1.7280300546066576
DSM,2022-23,B,perm117,495,364,1.7413819265355135
DSM,2022-23,B,perm118,495,364,1.7291270833167494
DSM,2022-23,B,perm119,495,364,1.7353789671804045
DSM,2023-24,"B+D,L,R,T",record,859,366,1.4882809710048912
DSM,2023-24,"B+D,L,R,T",session73,859,366,1.4882809710048912
DSM,2023-24,"B+D,L,R,T",draw001,859,366,1.4870506886273815
DSM,2023-24,"B+D,L,R,T",draw002,859,366,1.4883530710101514
DSM,2023-24,"B+D,L,R,T",draw003,859,366,1.5032732004083418
DSM,2023-24,"B+D,L,R,T",draw004,859,366,1.4935833959891203
DSM,2023-24,"B+D,L,R,T",draw005,859,366,1.484730933442904
DSM,2023-24,"B+D,L,R,T",draw006,859,366,1.4873692680470878
DSM,2023-24,"B+D,L,R,T",draw007,859,366,1.4928378694229991
DSM,2023-24,"B+D,L,R,T",draw008,859,366,1.4926077257901575
DSM,2023-24,"B+D,L,R,T",draw009,859,366,1.4988215528419968
DSM,2023-24,"B+D,L,R,T",draw010,859,366,1.4806456729058983
DSM,2023-24,"B+D,L,R,T",draw011,859,366,1.4969970999278708
DSM,2023-24,"B+D,L,R,T",draw012,859,366,1.4953437478204805
DSM,2023-24,"B+D,L,R,T",draw013,859,366,1.4879669832542264
DSM,2023-24,"B+D,L,R,T",draw014,859,366,1.4871418285448177
DSM,2023-24,"B+D,L,R,T",draw015,859,366,1.500073250660399
DSM,2023-24,"B+D,L,R,T",draw016,859,366,1.485089018279048
DSM,2023-24,"B+D,L,R,T",draw017,859,366,1.4782761704802454
DSM,2023-24,"B+D,L,R,T",draw018,859,366,1.4829202097190062
DSM,2023-24,"B+D,L,R,T",draw019,859,366,1.4891430548925053
DSM,2023-24,"B+D,L,R,T",draw020,859,366,1.4934779591556595
DSM,2023-24,"B+D,L,R,T",draw021,859,366,1.479688223700758
DSM,2023-24,"B+D,L,R,T",draw022,859,366,1.4791974370223782
DSM,2023-24,"B+D,L,R,T",draw023,859,366,1.4995666459154189
DSM,2023-24,"B+D,L,R,T",draw024,859,366,1.4889003823638658
DSM,2023-24,"B+D,L,R,T",draw025,859,366,1.482690633755253
DSM,2023-24,"B+D,L,R,T",draw026,859,366,1.4838957158550854
DSM,2023-24,"B+D,L,R,T",draw027,859,366,1.4900815316489553
DSM,2023-24,"B+D,L,R,T",draw028,859,366,1.4924862345570833
DSM,2023-24,"B+D,L,R,T",draw029,859,366,1.4786641853682432
DSM,2023-24,"B+D,L,R,T",draw030,859,366,1.490082070860443
DSM,2023-24,"B+D,L,R,T",draw031,859,366,1.4927536328568918
DSM,2023-24,"B+D,L,R,T",draw032,859,366,1.4850585521533834
DSM,2023-24,"B+D,L,R,T",draw033,859,366,1.484447481782245
DSM,2023-24,"B+D,L,R,T",draw034,859,366,1.487831097462633
DSM,2023-24,"B+D,L,R,T",draw035,859,366,1.4819156387016437
DSM,2023-24,"B+D,L,R,T",draw036,859,366,1.4858383526627272
DSM,2023-24,"B+D,L,R,T",draw037,859,366,1.5040161672531656
DSM,2023-24,"B+D,L,R,T",draw038,859,366,1.4863186251616842
DSM,2023-24,"B+D,L,R,T",draw039,859,366,1.4957968578804322
DSM,2023-24,"B+D,L,R,T",draw040,859,366,1.4821944230540063
DSM,2023-24,"B+D,L,R,T",draw041,859,366,1.49959389209219
DSM,2023-24,"B+D,L,R,T",draw042,859,366,1.474571590136486
DSM,2023-24,"B+D,L,R,T",draw043,859,366,1.4818862633146836
DSM,2023-24,"B+D,L,R,T",draw044,859,366,1.4957606179826435
DSM,2023-24,"B+D,L,R,T",draw045,859,366,1.4875025692159183
DSM,2023-24,"B+D,L,R,T",draw046,859,366,1.4864773287080888
DSM,2023-24,"B+D,L,R,T",draw047,859,366,1.4841736294034766
DSM,2023-24,"B+D,L,R,T",draw048,859,366,1.4875575562960996
DSM,2023-24,"B+D,L,R,T",draw049,859,366,1.481438806101461
DSM,2023-24,"B+D,L,R,T",draw050,859,366,1.483881400855451
DSM,2023-24,"B+D,L,R,T",draw051,859,366,1.4835018742847208
DSM,2023-24,"B+D,L,R,T",draw052,859,366,1.489777289756371
DSM,2023-24,"B+D,L,R,T",draw053,859,366,1.4830024920396385
DSM,2023-24,"B+D,L,R,T",draw054,859,366,1.5023283353358783
DSM,2023-24,"B+D,L,R,T",draw055,859,366,1.4820787874234846
DSM,2023-24,"B+D,L,R,T",draw056,859,366,1.48923288205961
DSM,2023-24,"B+D,L,R,T",draw057,859,366,1.4914211298579731
DSM,2023-24,"B+D,L,R,T",draw058,859,366,1.4771349958116395
DSM,2023-24,"B+D,L,R,T",draw059,859,366,1.4840445912307616
DSM,2023-24,"B+D,L,R,T",draw060,859,366,1.4878687812871552
DSM,2023-24,"B+D,L,R,T",draw061,859,366,1.4992981474947897
DSM,2023-24,"B+D,L,R,T",draw062,859,366,1.4844167521816833
DSM,2023-24,"B+D,L,R,T",draw063,859,366,1.4810090153728273
DSM,2023-24,"B+D,L,R,T",draw064,859,366,1.4926081886344809
DSM,2023-24,"B+D,L,R,T",draw065,859,366,1.496249639701422
DSM,2023-24,"B+D,L,R,T",draw066,859,366,1.489415759263397
DSM,2023-24,"B+D,L,R,T",draw067,859,366,1.4858143123880567
DSM,2023-24,"B+D,L,R,T",draw068,859,366,1.4961425545737594
DSM,2023-24,"B+D,L,R,T",draw069,859,366,1.4863703653362292
DSM,2023-24,"B+D,L,R,T",draw070,859,366,1.491080976061487
DSM,2023-24,"B+D,L,R,T",draw071,859,366,1.4805051940042813
DSM,2023-24,"B+D,L,R,T",draw072,859,366,1.4971472027098285
DSM,2023-24,"B+D,L,R,T",draw073,859,366,1.4818392403889786
DSM,2023-24,"B+D,L,R,T",draw074,859,366,1.4929612389542835
DSM,2023-24,"B+D,L,R,T",draw075,859,366,1.4867528061466158
DSM,2023-24,"B+D,L,R,T",draw076,859,366,1.4821458244365027
DSM,2023-24,"B+D,L,R,T",draw077,859,366,1.4891416908749335
DSM,2023-24,"B+D,L,R,T",draw078,859,366,1.4964864243548568
DSM,2023-24,"B+D,L,R,T",draw079,859,366,1.478119521348726
DSM,2023-24,"B+D,L,R,T",draw080,859,366,1.4804109279523376
DSM,2023-24,"B+D,L,R,T",draw081,859,366,1.4865898452275748
DSM,2023-24,"B+D,L,R,T",draw082,859,366,1.4978713411548026
DSM,2023-24,"B+D,L,R,T",draw083,859,366,1.4853964420030754
DSM,2023-24,"B+D,L,R,T",draw084,859,366,1.4823732004218426
DSM,2023-24,"B+D,L,R,T",draw085,859,366,1.4907329338133941
DSM,2023-24,"B+D,L,R,T",draw086,859,366,1.4902747642350487
DSM,2023-24,"B+D,L,R,T",draw087,859,366,1.4805812744129576
DSM,2023-24,"B+D,L,R,T",draw088,859,366,1.4929667762917016
DSM,2023-24,"B+D,L,R,T",draw089,859,366,1.4948306444451933
DSM,2023-24,"B+D,L,R,T",draw090,859,366,1.4916300738665484
DSM,2023-24,"B+D,L,R,T",draw091,859,366,1.4724870712789806
DSM,2023-24,"B+D,L,R,T",draw092,859,366,1.4983037403426462
DSM,2023-24,"B+D,L,R,T",draw093,859,366,1.4918635298115128
DSM,2023-24,"B+D,L,R,T",draw094,859,366,1.4884836646098905
DSM,2023-24,"B+D,L,R,T",draw095,859,366,1.4897640223048085
DSM,2023-24,"B+D,L,R,T",draw096,859,366,1.4787980988342104
DSM,2023-24,"B+D,L,R,T",draw097,859,366,1.5046885762192215
DSM,2023-24,"B+D,L,R,T",draw098,859,366,1.4965273610028416
DSM,2023-24,"B+D,L,R,T",draw099,859,366,1.4875038383674926
DSM,2023-24,"B+D,L,R,T",draw100,859,366,1.488704001705131
DSM,2023-24,B,canonical,859,366,1.5787427636597116
DSM,2023-24,B,perm001,859,366,1.5734441954799212
DSM,2023-24,B,perm002,859,366,1.576408454357187
DSM,2023-24,B,perm003,859,366,1.568412290267767
DSM,2023-24,B,perm004,859,366,1.581448713946918
DSM,2023-24,B,perm005,859,366,1.5856666940588109
DSM,2023-24,B,perm006,859,366,1.588533318532527
DSM,2023-24,B,perm007,859,366,1.5755009491353127
DSM,2023-24,B,perm008,859,366,1.5802751407278977
DSM,2023-24,B,perm009,859,366,1.5742215441280614
DSM,2023-24,B,perm010,859,366,1.577295222012153
DSM,2023-24,B,perm011,859,366,1.5749275729141823
DSM,2023-24,B,perm012,859,366,1.5837387122162663
DSM,2023-24,B,perm013,859,366,1.5763540594956755
DSM,2023-24,B,perm014,859,366,1.5739310704891523
DSM,2023-24,B,perm015,859,366,1.5792472215330906
DSM,2023-24,B,perm016,859,366,1.5732758403685916
DSM,2023-24,B,perm017,859,366,1.5728831482391539
DSM,2023-24,B,perm018,859,366,1.5749691873073555
DSM,2023-24,B,perm019,859,366,1.5740167998455548
DSM,2023-24,B,perm020,859,366,1.569130742798333
DSM,2023-24,B,perm021,859,366,1.5813305788992615
DSM,2023-24,B,perm022,859,366,1.5757207925342405
DSM,2023-24,B,perm023,859,366,1.5753194135190631
DSM,2023-24,B,perm024,859,366,1.5829543869796443
DSM,2023-24,B,perm025,859,366,1.5769405661502889
DSM,2023-24,B,perm026,859,366,1.5788601376614013
DSM,2023-24,B,perm027,859,366,1.569675649172333
DSM,2023-24,B,perm028,859,366,1.5776733097756734
DSM,2023-24,B,perm029,859,366,1.5832549546973382
DSM,2023-24,B,perm030,859,366,1.5779345033958436
DSM,2023-24,B,perm031,859,366,1.5730274512112576
DSM,2023-24,B,perm032,859,366,1.5791306641574359
DSM,2023-24,B,perm033,859,366,1.5799549953507646
DSM,2023-24,B,perm034,859,366,1.57600311873813
DSM,2023-24,B,perm035,859,366,1.5762556039071327
DSM,2023-24,B,perm036,859,366,1.5814875378366675
DSM,2023-24,B,perm037,859,366,1.5744159585627977
DSM,2023-24,B,perm038,859,366,1.5846637872148297
DSM,2023-24,B,perm039,859,366,1.5820728237694301
DSM,2023-24,B,perm040,859,366,1.574373956821089
DSM,2023-24,B,perm041,859,366,1.5736585859186976
DSM,2023-24,B,perm042,859,366,1.5824435304710291
DSM,2023-24,B,perm043,859,366,1.5825832301308114
DSM,2023-24,B,perm044,859,366,1.579972067469069
DSM,2023-24,B,perm045,859,366,1.5821676047948074
DSM,2023-24,B,perm046,859,366,1.5797226598659229
DSM,2023-24,B,perm047,859,366,1.579082239854594
DSM,2023-24,B,perm048,859,366,1.5816663775586586
DSM,2023-24,B,perm049,859,366,1.572297202027935
DSM,2023-24,B,perm050,859,366,1.579751428760002
DSM,2023-24,B,perm051,859,366,1.5820528933352511
DSM,2023-24,B,perm052,859,366,1.581862033362475
DSM,2023-24,B,perm053,859,366,1.5762745721248386
DSM,2023-24,B,perm054,859,366,1.5882160051078766
DSM,2023-24,B,perm055,859,366,1.572297202027935
DSM,2023-24,B,perm056,859,366,1.5704498735336474
DSM,2023-24,B,perm057,859,366,1.5760790956290571
DSM,2023-24,B,perm058,859,366,1.5753922718063127
DSM,2023-24,B,perm059,859,366,1.5737825704994512
DSM,2023-24,B,perm060,859,366,1.5853052106935224
DSM,2023-24,B,perm061,859,366,1.5812132136542891
DSM,2023-24,B,perm062,859,366,1.5828498093012004
DSM,2023-24,B,perm063,859,366,1.5750017882332537
DSM,2023-24,B,perm064,859,366,1.5784103325824934
DSM,2023-24,B,perm065,859,366,1.572867831696871
DSM,2023-24,B,perm066,859,366,1.5794406718470908
DSM,2023-24,B,perm067,859,366,1.5777115745290988
DSM,2023-24,B,perm068,859,366,1.5742604506475946
DSM,2023-24,B,perm069,859,366,1.572136133352447
DSM,2023-24,B,perm070,859,366,1.5756441076643855
DSM,2023-24,B,perm071,859,366,1.573600237775406
DSM,2023-24,B,perm072,859,366,1.5818007956274627
DSM,2023-24,B,perm073,859,366,1.5763366060343833
DSM,2023-24,B,perm074,859,366,1.5723937269485282
DSM,2023-24,B,perm075,859,366,1.576661748176991
DSM,2023-24,B,perm076,859,366,1.5742633062213556
DSM,2023-24,B,perm077,859,366,1.5799305373870067
DSM,2023-24,B,perm078,859,366,1.5786634309492986
DSM,2023-24,B,perm079,859,366,1.5781182450538078
DSM,2023-24,B,perm080,859,366,1.583648079972431
DSM,2023-24,B,perm081,859,366,1.5793682033534218
DSM,2023-24,B,perm082,859,366,1.5778825158937524
DSM,2023-24,B,perm083,859,366,1.5834039305403034
DSM,2023-24,B,perm084,859,366,1.5739093150989114
DSM,2023-24,B,perm085,859,366,1.5834554924316588
DSM,2023-24,B,perm086,859,366,1.5811206315931847
DSM,2023-24,B,perm087,859,366,1.5723884768795433
DSM,2023-24,B,perm088,859,366,1.5753012116878249
DSM,2023-24,B,perm089,859,366,1.567822563530694
DSM,2023-24,B,perm090,859,366,1.5720062398291348
DSM,2023-24,B,perm091,859,366,1.5821373986303828
DSM,2023-24,B,perm092,859,366,1.5710768300753317
DSM,2023-24,B,perm093,859,366,1.577225855931741
DSM,2023-24,B,perm094,859,366,1.5750255034571699
DSM,2023-24,B,perm095,859,366,1.5702886433068015
DSM,2023-24,B,perm096,859,366,1.5801743780229784
DSM,2023-24,B,perm097,859,366,1.5782445359867912
DSM,2023-24,B,perm098,859,366,1.5751783773976378
DSM,2023-24,B,perm099,859,366,1.577554338047704
DSM,2023-24,B,perm100,859,366,1.581062389907123
DSM,2023-24,B,perm101,859,366,1.5786836787755545
DSM,2023-24,B,perm102,859,366,1.583663118451509
DSM,2023-24,B,perm103,859,366,1.581112023471685
DSM,2023-24,B,perm104,859,366,1.5685605835903436
DSM,2023-24,B,perm105,859,366,1.5752240163335276
DSM,2023-24,B,perm106,859,366,1.5763197880228
DSM,2023-24,B,perm107,859,366,1.5653584384232373
DSM,2023-24,B,perm108,859,366,1.5720112020816026
DSM,2023-24,B,perm109,859,366,1.5765195176083873
DSM,2023-24,B,perm110,859,366,1.574871318192467
DSM,2023-24,B,perm111,859,366,1.5728255682746248
DSM,2023-24,B,perm112,859,366,1.5774499434532279
DSM,2023-24,B,perm113,859,366,1.5773401900523767
DSM,2023-24,B,perm114,859,366,1.5830747336182716
DSM,2023-24,B,perm115,859,366,1.573742391866663
DSM,2023-24,B,perm116,859,366,1.5802441049953397
DSM,2023-24,B,perm117,859,366,1.579802610857994
DSM,2023-24,B,perm118,859,366,1.5756020287397892
DSM,2023-24,B,perm119,859,366,1.5797687136388885
YSDU,2022-23,"B+D,L,R,T",record,493,357,1.1431189528380674
YSDU,2022-23,"B+D,L,R,T",session73,493,357,1.1483723097295377
YSDU,2022-23,"B+D,L,R,T",draw001,493,357,1.1508598310908293
YSDU,2022-23,"B+D,L,R,T",draw002,493,357,1.1535482201748823
YSDU,2022-23,"B+D,L,R,T",draw003,493,357,1.1533599363239626
YSDU,2022-23,"B+D,L,R,T",draw004,493,357,1.1395274751339184
YSDU,2022-23,"B+D,L,R,T",draw005,493,357,1.1473792301308468
YSDU,2022-23,"B+D,L,R,T",draw006,493,357,1.1440002565595266
YSDU,2022-23,"B+D,L,R,T",draw007,493,357,1.1533612162115772
YSDU,2022-23,"B+D,L,R,T",draw008,493,357,1.1600728644259852
YSDU,2022-23,"B+D,L,R,T",draw009,493,357,1.1576727110687008
YSDU,2022-23,"B+D,L,R,T",draw010,493,357,1.1455688577586662
YSDU,2022-23,"B+D,L,R,T",draw011,493,357,1.141713362428661
YSDU,2022-23,"B+D,L,R,T",draw012,493,357,1.1590636288687186
YSDU,2022-23,"B+D,L,R,T",draw013,493,357,1.141104179955326
YSDU,2022-23,"B+D,L,R,T",draw014,493,357,1.1556431847599595
YSDU,2022-23,"B+D,L,R,T",draw015,493,357,1.147970973498802
YSDU,2022-23,"B+D,L,R,T",draw016,493,357,1.1484112299521854
YSDU,2022-23,"B+D,L,R,T",draw017,493,357,1.1437161137380287
YSDU,2022-23,"B+D,L,R,T",draw018,493,357,1.1515650623305944
YSDU,2022-23,"B+D,L,R,T",draw019,493,357,1.1487012496512543
YSDU,2022-23,"B+D,L,R,T",draw020,493,357,1.1540844223535822
YSDU,2022-23,"B+D,L,R,T",draw021,493,357,1.1385476414236178
YSDU,2022-23,"B+D,L,R,T",draw022,493,357,1.1429971918707034
YSDU,2022-23,"B+D,L,R,T",draw023,493,357,1.1519207284399224
YSDU,2022-23,"B+D,L,R,T",draw024,493,357,1.146577824601002
YSDU,2022-23,"B+D,L,R,T",draw025,493,357,1.1445318252229117
YSDU,2022-23,"B+D,L,R,T",draw026,493,357,1.1555694553948799
YSDU,2022-23,"B+D,L,R,T",draw027,493,357,1.142707593162199
YSDU,2022-23,"B+D,L,R,T",draw028,493,357,1.1547828372026891
YSDU,2022-23,"B+D,L,R,T",draw029,493,357,1.1383296236714535
YSDU,2022-23,"B+D,L,R,T",draw030,493,357,1.137318761285282
YSDU,2022-23,"B+D,L,R,T",draw031,493,357,1.150430182320781
YSDU,2022-23,"B+D,L,R,T",draw032,493,357,1.1550506583435987
YSDU,2022-23,"B+D,L,R,T",draw033,493,357,1.148870869489694
YSDU,2022-23,"B+D,L,R,T",draw034,493,357,1.1443605671927246
YSDU,2022-23,"B+D,L,R,T",draw035,493,357,1.1414399777594977
YSDU,2022-23,"B+D,L,R,T",draw036,493,357,1.1525970431544077
YSDU,2022-23,"B+D,L,R,T",draw037,493,357,1.1526262726002685
YSDU,2022-23,"B+D,L,R,T",draw038,493,357,1.1461602191226203
YSDU,2022-23,"B+D,L,R,T",draw039,493,357,1.1552242655549947
YSDU,2022-23,"B+D,L,R,T",draw040,493,357,1.1566975545152347
YSDU,2022-23,"B+D,L,R,T",draw041,493,357,1.1512408703998123
YSDU,2022-23,"B+D,L,R,T",draw042,493,357,1.1489946581913393
YSDU,2022-23,"B+D,L,R,T",draw043,493,357,1.15255850986586
YSDU,2022-23,"B+D,L,R,T",draw044,493,357,1.148800750836848
YSDU,2022-23,"B+D,L,R,T",draw045,493,357,1.1373411362906594
YSDU,2022-23,"B+D,L,R,T",draw046,493,357,1.1427959188303276
YSDU,2022-23,"B+D,L,R,T",draw047,493,357,1.1555822317257507
YSDU,2022-23,"B+D,L,R,T",draw048,493,357,1.144636940528259
YSDU,2022-23,"B+D,L,R,T",draw049,493,357,1.1576432047409693
YSDU,2022-23,"B+D,L,R,T",draw050,493,357,1.1498792447593498
YSDU,2022-23,"B+D,L,R,T",draw051,493,357,1.1493501873362977
YSDU,2022-23,"B+D,L,R,T",draw052,493,357,1.1334003390693126
YSDU,2022-23,"B+D,L,R,T",draw053,493,357,1.1522445281742921
YSDU,2022-23,"B+D,L,R,T",draw054,493,357,1.145967166081237
YSDU,2022-23,"B+D,L,R,T",draw055,493,357,1.139547722978209
YSDU,2022-23,"B+D,L,R,T",draw056,493,357,1.1457198390466417
YSDU,2022-23,"B+D,L,R,T",draw057,493,357,1.1423667313473134
YSDU,2022-23,"B+D,L,R,T",draw058,493,357,1.1459130772372619
YSDU,2022-23,"B+D,L,R,T",draw059,493,357,1.146145102284088
YSDU,2022-23,"B+D,L,R,T",draw060,493,357,1.148695727657444
YSDU,2022-23,"B+D,L,R,T",draw061,493,357,1.1475954416220426
YSDU,2022-23,"B+D,L,R,T",draw062,493,357,1.1500317865876055
YSDU,2022-23,"B+D,L,R,T",draw063,493,357,1.1514829798740822
YSDU,2022-23,"B+D,L,R,T",draw064,493,357,1.1455376754884203
YSDU,2022-23,"B+D,L,R,T",draw065,493,357,1.1422383050749239
YSDU,2022-23,"B+D,L,R,T",draw066,493,357,1.141641683566749
YSDU,2022-23,"B+D,L,R,T",draw067,493,357,1.1529973602740358
YSDU,2022-23,"B+D,L,R,T",draw068,493,357,1.1597865802263994
YSDU,2022-23,"B+D,L,R,T",draw069,493,357,1.1554415647733864
YSDU,2022-23,"B+D,L,R,T",draw070,493,357,1.14900988889214
YSDU,2022-23,"B+D,L,R,T",draw071,493,357,1.1560764290433039
YSDU,2022-23,"B+D,L,R,T",draw072,493,357,1.1491772202781887
YSDU,2022-23,"B+D,L,R,T",draw073,493,357,1.1452956785520896
YSDU,2022-23,"B+D,L,R,T",draw074,493,357,1.1397354754181648
YSDU,2022-23,"B+D,L,R,T",draw075,493,357,1.1444660774340207
YSDU,2022-23,"B+D,L,R,T",draw076,493,357,1.1551879950554262
YSDU,2022-23,"B+D,L,R,T",draw077,493,357,1.1475351493906578
YSDU,2022-23,"B+D,L,R,T",draw078,493,357,1.1448576114640683
YSDU,2022-23,"B+D,L,R,T",draw079,493,357,1.146084310648081
YSDU,2022-23,"B+D,L,R,T",draw080,493,357,1.1510304051839784
YSDU,2022-23,"B+D,L,R,T",draw081,493,357,1.1362806121853284
YSDU,2022-23,"B+D,L,R,T",draw082,493,357,1.1510975454053354
YSDU,2022-23,"B+D,L,R,T",draw083,493,357,1.1552804141943003
YSDU,2022-23,"B+D,L,R,T",draw084,493,357,1.1492614783698358
YSDU,2022-23,"B+D,L,R,T",draw085,493,357,1.150958142521999
YSDU,2022-23,"B+D,L,R,T",draw086,493,357,1.1467381020212912
YSDU,2022-23,"B+D,L,R,T",draw087,493,357,1.1444669041729394
YSDU,2022-23,"B+D,L,R,T",draw088,493,357,1.1409432511216127
YSDU,2022-23,"B+D,L,R,T",draw089,493,357,1.150185461970755
YSDU,2022-23,"B+D,L,R,T",draw090,493,357,1.1512921104019365
YSDU,2022-23,"B+D,L,R,T",draw091,493,357,1.1534560598907801
YSDU,2022-23,"B+D,L,R,T",draw092,493,357,1.1564286146240264
YSDU,2022-23,"B+D,L,R,T",draw093,493,357,1.1590265819068915
YSDU,2022-23,"B+D,L,R,T",draw094,493,357,1.1488117211633577
YSDU,2022-23,"B+D,L,R,T",draw095,493,357,1.1532149407862524
YSDU,2022-23,"B+D,L,R,T",draw096,493,357,1.139938370128654
YSDU,2022-23,"B+D,L,R,T",draw097,493,357,1.146218574689946
YSDU,2022-23,"B+D,L,R,T",draw098,493,357,1.1500536016650686
YSDU,2022-23,"B+D,L,R,T",draw099,493,357,1.1492135516284214
YSDU,2022-23,"B+D,L,R,T",draw100,493,357,1.1363979708767837
YSDU,2022-23,B,canonical,493,357,1.199133818957037
YSDU,2022-23,B,perm001,493,357,1.1948634007855727
YSDU,2022-23,B,perm002,493,357,1.1897739614454976
YSDU,2022-23,B,perm003,493,357,1.1963842750789455
YSDU,2022-23,B,perm004,493,357,1.1967789768454788
YSDU,2022-23,B,perm005,493,357,1.1950490626720018
YSDU,2022-23,B,perm006,493,357,1.1993887909343495
YSDU,2022-23,B,perm007,493,357,1.1939629986992724
YSDU,2022-23,B,perm008,493,357,1.1943858142380661
YSDU,2022-23,B,perm009,493,357,1.19828649165836
YSDU,2022-23,B,perm010,493,357,1.1948057995340622
YSDU,2022-23,B,perm011,493,357,1.1921212698017025
YSDU,2022-23,B,perm012,493,357,1.2023851329412687
YSDU,2022-23,B,perm013,493,357,1.1907501784265486
YSDU,2022-23,B,perm014,493,357,1.1980734451471642
YSDU,2022-23,B,perm015,493,357,1.2008805893748626
YSDU,2022-23,B,perm016,493,357,1.1873251417148833
YSDU,2022-23,B,perm017,493,357,1.2011166917869824
YSDU,2022-23,B,perm018,493,357,1.1948914961334733
YSDU,2022-23,B,perm019,493,357,1.1987323156080516
YSDU,2022-23,B,perm020,493,357,1.19510815724544
YSDU,2022-23,B,perm021,493,357,1.1955064298718279
YSDU,2022-23,B,perm022,493,357,1.193426401350741
YSDU,2022-23,B,perm023,493,357,1.2016072107827898
YSDU,2022-23,B,perm024,493,357,1.19344970098446
YSDU,2022-23,B,perm025,493,357,1.195458540424291
YSDU,2022-23,B,perm026,493,357,1.194245700152593
YSDU,2022-23,B,perm027,493,357,1.1956529078684575
YSDU,2022-23,B,perm028,493,357,1.1989510699434678
YSDU,2022-23,B,perm029,493,357,1.192999183286632
YSDU,2022-23,B,perm030,493,357,1.1903193199995947
YSDU,2022-23,B,perm031,493,357,1.1933900515851363
YSDU,2022-23,B,perm032,493,357,1.205243704114617
YSDU,2022-23,B,perm033,493,357,1.196720915951803
YSDU,2022-23,B,perm034,493,357,1.1931843930968458
YSDU,2022-23,B,perm035,493,357,1.1963023625342397
YSDU,2022-23,B,perm036,493,357,1.2033482555938773
YSDU,2022-23,B,perm037,493,357,1.1995309146717885
YSDU,2022-23,B,perm038,493,357,1.206540263890224
YSDU,2022-23,B,perm039,493,357,1.1983180214904756
YSDU,2022-23,B,perm040,493,357,1.1898972048859913
YSDU,2022-23,B,perm041,493,357,1.1989735876731422
YSDU,2022-23,B,perm042,493,357,1.192882559490087
YSDU,2022-23,B,perm043,493,357,1.1930157523174414
YSDU,2022-23,B,perm044,493,357,1.1915234168416424
YSDU,2022-23,B,perm045,493,357,1.1979254399128374
YSDU,2022-23,B,perm046,493,357,1.1926606869334693
YSDU,2022-23,B,perm047,493,357,1.1978905308153645
YSDU,2022-23,B,perm048,493,357,1.2023318040125055
YSDU,2022-23,B,perm049,493,357,1.196536932772735
YSDU,2022-23,B,perm050,493,357,1.1946187247985482
YSDU,2022-23,B,perm051,493,357,1.190995804985745
YSDU,2022-23,B,perm052,493,357,1.200454479177925
YSDU,2022-23,B,perm053,493,357,1.1920772405778326
YSDU,2022-23,B,perm054,493,357,1.196223599231859
YSDU,2022-23,B,perm055,493,357,1.2002535443063476
YSDU,2022-23,B,perm056,493,357,1.2030693313482015
YSDU,2022-23,B,perm057,493,357,1.1862665564411725
YSDU,2022-23,B,perm058,493,357,1.2023758493101533
YSDU,2022-23,B,perm059,493,357,1.1842107803447328
YSDU,2022-23,B,perm060,493,357,1.1966581681816066
YSDU,2022-23,B,perm061,493,357,1.1988724858309567
YSDU,2022-23,B,perm062,493,357,1.1852715516621912
YSDU,2022-23,B,perm063,493,357,1.194951375328555
YSDU,2022-23,B,perm064,493,357,1.1951188372858865
YSDU,2022-23,B,perm065,493,357,1.1880376270717938
YSDU,2022-23,B,perm066,493,357,1.1962959009399265
YSDU,2022-23,B,perm067,493,357,1.1947578665372294
YSDU,2022-23,B,perm068,493,357,1.2023758493101533
YSDU,2022-23,B,perm069,493,357,1.1899072770031762
YSDU,2022-23,B,perm070,493,357,1.1923391605335831
YSDU,2022-23,B,perm071,493,357,1.1876896667522523
YSDU,2022-23,B,perm072,493,357,1.196521608024159
YSDU,2022-23,B,perm073,493,357,1.192329833205144
YSDU,2022-23,B,perm074,493,357,1.2013639978856816
YSDU,2022-23,B,perm075,493,357,1.1998823281736561
YSDU,2022-23,B,perm076,493,357,1.193652185858945
YSDU,2022-23,B,perm077,493,357,1.1989830779344082
YSDU,2022-23,B,perm078,493,357,1.1964118454890307
YSDU,2022-23,B,perm079,493,357,1.192248811446543
YSDU,2022-23,B,perm080,493,357,1.1977932443087702
YSDU,2022-23,B,perm081,493,357,1.1992167375133083
YSDU,2022-23,B,perm082,493,357,1.19163314425781
YSDU,2022-23,B,perm083,493,357,1.1943536056808595
YSDU,2022-23,B,perm084,493,357,1.1895020336469684
YSDU,2022-23,B,perm085,493,357,1.1920173542626484
YSDU,2022-23,B,perm086,493,357,1.1894575394220306
YSDU,2022-23,B,perm087,493,357,1.191222897827565
YSDU,2022-23,B,perm088,493,357,1.1883787941081432
YSDU,2022-23,B,perm089,493,357,1.194368628384372
YSDU,2022-23,B,perm090,493,357,1.1939687845601574
YSDU,2022-23,B,perm091,493,357,1.200007734626318
YSDU,2022-23,B,perm092,493,357,1.1957997087674448
YSDU,2022-23,B,perm093,493,357,1.194111002740188
YSDU,2022-23,B,perm094,493,357,1.1892849281350328
YSDU,2022-23,B,perm095,493,357,1.196138905412608
YSDU,2022-23,B,perm096,493,357,1.203046601978158
YSDU,2022-23,B,perm097,493,357,1.196572917527586
YSDU,2022-23,B,perm098,493,357,1.2067157906886514
YSDU,2022-23,B,perm099,493,357,1.1937714468792067
YSDU,2022-23,B,perm100,493,357,1.1940855052608177
YSDU,2022-23,B,perm101,493,357,1.1938383803398054
YSDU,2022-23,B,perm102,493,357,1.1959995617110744
YSDU,2022-23,B,perm103,493,357,1.18798985383645
YSDU,2022-23,B,perm104,493,357,1.1933159759093313
YSDU,2022-23,B,perm105,493,357,1.1913445840505306
YSDU,2022-23,B,perm106,493,357,1.192218846551268
YSDU,2022-23,B,perm107,493,357,1.2013281736881611
YSDU,2022-23,B,perm108,493,357,1.1976445874790238
YSDU,2022-23,B,perm109,493,357,1.1913999148892653
YSDU,2022-23,B,perm110,493,357,1.1904567108804391
YSDU,2022-23,B,perm111,493,357,1.1920599188280583
YSDU,2022-23,B,perm112,493,357,1.1931047199064737
YSDU,2022-23,B,perm113,493,357,1.1931047199064737
YSDU,2022-23,B,perm114,493,357,1.2021036039828554
YSDU,2022-23,B,perm115,493,357,1.1984804149590726
YSDU,2022-23,B,perm116,493,357,1.1941047336527721
YSDU,2022-23,B,perm117,493,357,1.1954857716408658
YSDU,2022-23,B,perm118,493,357,1.188352168094697
YSDU,2022-23,B,perm119,493,357,1.1848660527048935
YSDU,2023-24,"B+D,L,R,T",record,850,363,1.0948569148657197
YSDU,2023-24,"B+D,L,R,T",session73,850,363,1.1069106758553213
YSDU,2023-24,"B+D,L,R,T",draw001,850,363,1.1053054391221826
YSDU,2023-24,"B+D,L,R,T",draw002,850,363,1.095477745776468
YSDU,2023-24,"B+D,L,R,T",draw003,850,363,1.0947072134147473
YSDU,2023-24,"B+D,L,R,T",draw004,850,363,1.1055607045462783
YSDU,2023-24,"B+D,L,R,T",draw005,850,363,1.1029716894303374
YSDU,2023-24,"B+D,L,R,T",draw006,850,363,1.1044660606524002
YSDU,2023-24,"B+D,L,R,T",draw007,850,363,1.0998704667725563
YSDU,2023-24,"B+D,L,R,T",draw008,850,363,1.0961917449398204
YSDU,2023-24,"B+D,L,R,T",draw009,850,363,1.0957028216348224
YSDU,2023-24,"B+D,L,R,T",draw010,850,363,1.1076826191158662
YSDU,2023-24,"B+D,L,R,T",draw011,850,363,1.1000031512162256
YSDU,2023-24,"B+D,L,R,T",draw012,850,363,1.0996589894443018
YSDU,2023-24,"B+D,L,R,T",draw013,850,363,1.0979179487931872
YSDU,2023-24,"B+D,L,R,T",draw014,850,363,1.1091900007104885
YSDU,2023-24,"B+D,L,R,T",draw015,850,363,1.1028271446362687
YSDU,2023-24,"B+D,L,R,T",draw016,850,363,1.1050073826551543
YSDU,2023-24,"B+D,L,R,T",draw017,850,363,1.084644043838291
YSDU,2023-24,"B+D,L,R,T",draw018,850,363,1.1032614740976483
YSDU,2023-24,"B+D,L,R,T",draw019,850,363,1.1025301582543219
YSDU,2023-24,"B+D,L,R,T",draw020,850,363,1.098609222226394
YSDU,2023-24,"B+D,L,R,T",draw021,850,363,1.107132909699149
YSDU,2023-24,"B+D,L,R,T",draw022,850,363,1.0876190210635022
YSDU,2023-24,"B+D,L,R,T",draw023,850,363,1.1011328300904815
YSDU,2023-24,"B+D,L,R,T",draw024,850,363,1.103321028580649
YSDU,2023-24,"B+D,L,R,T",draw025,850,363,1.1085118637686027
YSDU,2023-24,"B+D,L,R,T",draw026,850,363,1.1067188624719961
YSDU,2023-24,"B+D,L,R,T",draw027,850,363,1.0936066997374798
YSDU,2023-24,"B+D,L,R,T",draw028,850,363,1.1017863791832256
YSDU,2023-24,"B+D,L,R,T",draw029,850,363,1.092509912308166
YSDU,2023-24,"B+D,L,R,T",draw030,850,363,1.0960675600912673
YSDU,2023-24,"B+D,L,R,T",draw031,850,363,1.0998587898187513
YSDU,2023-24,"B+D,L,R,T",draw032,850,363,1.096386947724034
YSDU,2023-24,"B+D,L,R,T",draw033,850,363,1.1010207314770952
YSDU,2023-24,"B+D,L,R,T",draw034,850,363,1.102843228090813
YSDU,2023-24,"B+D,L,R,T",draw035,850,363,1.0980690934760147
YSDU,2023-24,"B+D,L,R,T",draw036,850,363,1.0943225845703637
YSDU,2023-24,"B+D,L,R,T",draw037,850,363,1.0996516892265424
YSDU,2023-24,"B+D,L,R,T",draw038,850,363,1.1018721898340933
YSDU,2023-24,"B+D,L,R,T",draw039,850,363,1.1027126666004459
YSDU,2023-24,"B+D,L,R,T",draw040,850,363,1.1084170825185176
YSDU,2023-24,"B+D,L,R,T",draw041,850,363,1.105088724330276
YSDU,2023-24,"B+D,L,R,T",draw042,850,363,1.0959236175167246
YSDU,2023-24,"B+D,L,R,T",draw043,850,363,1.0979381277136153
YSDU,2023-24,"B+D,L,R,T",draw044,850,363,1.0990032382821115
YSDU,2023-24,"B+D,L,R,T",draw045,850,363,1.1010469580361415
YSDU,2023-24,"B+D,L,R,T",draw046,850,363,1.0940147487817995
YSDU,2023-24,"B+D,L,R,T",draw047,850,363,1.0993222451551545
YSDU,2023-24,"B+D,L,R,T",draw048,850,363,1.0985715933389184
YSDU,2023-24,"B+D,L,R,T",draw049,850,363,1.1013431421252087
YSDU,2023-24,"B+D,L,R,T",draw050,850,363,1.1067943258080801
YSDU,2023-24,"B+D,L,R,T",draw051,850,363,1.0946235152945702
YSDU,2023-24,"B+D,L,R,T",draw052,850,363,1.0980336455616388
YSDU,2023-24,"B+D,L,R,T",draw053,850,363,1.09864268732004
YSDU,2023-24,"B+D,L,R,T",draw054,850,363,1.1082570684294246
YSDU,2023-24,"B+D,L,R,T",draw055,850,363,1.1144218271291368
YSDU,2023-24,"B+D,L,R,T",draw056,850,363,1.105852626400071
YSDU,2023-24,"B+D,L,R,T",draw057,850,363,1.1004556947012123
YSDU,2023-24,"B+D,L,R,T",draw058,850,363,1.1104688173605675
YSDU,2023-24,"B+D,L,R,T",draw059,850,363,1.1003078594948874
YSDU,2023-24,"B+D,L,R,T",draw060,850,363,1.091582099603679
YSDU,2023-24,"B+D,L,R,T",draw061,850,363,1.1061379945211771
YSDU,2023-24,"B+D,L,R,T",draw062,850,363,1.108492916708526
YSDU,2023-24,"B+D,L,R,T",draw063,850,363,1.0967431339744127
YSDU,2023-24,"B+D,L,R,T",draw064,850,363,1.0999061703907131
YSDU,2023-24,"B+D,L,R,T",draw065,850,363,1.101960642190763
YSDU,2023-24,"B+D,L,R,T",draw066,850,363,1.095196681510504
YSDU,2023-24,"B+D,L,R,T",draw067,850,363,1.102618190968259
YSDU,2023-24,"B+D,L,R,T",draw068,850,363,1.1108527613716077
YSDU,2023-24,"B+D,L,R,T",draw069,850,363,1.1021698429689055
YSDU,2023-24,"B+D,L,R,T",draw070,850,363,1.0977483653312914
YSDU,2023-24,"B+D,L,R,T",draw071,850,363,1.1026633782905595
YSDU,2023-24,"B+D,L,R,T",draw072,850,363,1.0958635944196935
YSDU,2023-24,"B+D,L,R,T",draw073,850,363,1.103585654537296
YSDU,2023-24,"B+D,L,R,T",draw074,850,363,1.100338747986671
YSDU,2023-24,"B+D,L,R,T",draw075,850,363,1.108927087591337
YSDU,2023-24,"B+D,L,R,T",draw076,850,363,1.1062738604477738
YSDU,2023-24,"B+D,L,R,T",draw077,850,363,1.1024599869788856
YSDU,2023-24,"B+D,L,R,T",draw078,850,363,1.1107345962911948
YSDU,2023-24,"B+D,L,R,T",draw079,850,363,1.096856195606999
YSDU,2023-24,"B+D,L,R,T",draw080,850,363,1.103832694820112
YSDU,2023-24,"B+D,L,R,T",draw081,850,363,1.0945992646803633
YSDU,2023-24,"B+D,L,R,T",draw082,850,363,1.0986266715825086
YSDU,2023-24,"B+D,L,R,T",draw083,850,363,1.0992250120400253
YSDU,2023-24,"B+D,L,R,T",draw084,850,363,1.1038695335834825
YSDU,2023-24,"B+D,L,R,T",draw085,850,363,1.0965981903860218
YSDU,2023-24,"B+D,L,R,T",draw086,850,363,1.0999545751600452
YSDU,2023-24,"B+D,L,R,T",draw087,850,363,1.1017515813648693
YSDU,2023-24,"B+D,L,R,T",draw088,850,363,1.1033448078316097
YSDU,2023-24,"B+D,L,R,T",draw089,850,363,1.105868405837888
YSDU,2023-24,"B+D,L,R,T",draw090,850,363,1.099215960598964
YSDU,2023-24,"B+D,L,R,T",draw091,850,363,1.0951761398802573
YSDU,2023-24,"B+D,L,R,T",draw092,850,363,1.0947529608171305
YSDU,2023-24,"B+D,L,R,T",draw093,850,363,1.0968722970725784
YSDU,2023-24,"B+D,L,R,T",draw094,850,363,1.1004709149277137
YSDU,2023-24,"B+D,L,R,T",draw095,850,363,1.1049819894644113
YSDU,2023-24,"B+D,L,R,T",draw096,850,363,1.1009980738414633
YSDU,2023-24,"B+D,L,R,T",draw097,850,363,1.1006072678037253
YSDU,2023-24,"B+D,L,R,T",draw098,850,363,1.1006451405270157
YSDU,2023-24,"B+D,L,R,T",draw099,850,363,1.102374309209422
YSDU,2023-24,"B+D,L,R,T",draw100,850,363,1.1103955611577037
YSDU,2023-24,B,canonical,850,363,1.126391420782976
YSDU,2023-24,B,perm001,850,363,1.1248964740907614
YSDU,2023-24,B,perm002,850,363,1.131140241855159
YSDU,2023-24,B,perm003,850,363,1.129555885527355
YSDU,2023-24,B,perm004,850,363,1.1237245885535165
YSDU,2023-24,B,perm005,850,363,1.129039800395237
YSDU,2023-24,B,perm006,850,363,1.1290061349001725
YSDU,2023-24,B,perm007,850,363,1.1234080419290768
YSDU,2023-24,B,perm008,850,363,1.1274205417055063
YSDU,2023-24,B,perm009,850,363,1.1277138041239445
YSDU,2023-24,B,perm010,850,363,1.1200678264318744
YSDU,2023-24,B,perm011,850,363,1.122438422248166
YSDU,2023-24,B,perm012,850,363,1.1285716678723632
YSDU,2023-24,B,perm013,850,363,1.1323331504619145
YSDU,2023-24,B,perm014,850,363,1.1231436489249742
YSDU,2023-24,B,perm015,850,363,1.1309947182862947
YSDU,2023-24,B,perm016,850,363,1.1285346049777283
YSDU,2023-24,B,perm017,850,363,1.1309947182862947
YSDU,2023-24,B,perm018,850,363,1.1349280886168789
YSDU,2023-24,B,perm019,850,363,1.1188534057299675
YSDU,2023-24,B,perm020,850,363,1.1270484647338972
YSDU,2023-24,B,perm021,850,363,1.1270484647338972
YSDU,2023-24,B,perm022,850,363,1.1188534057299675
YSDU,2023-24,B,perm023,850,363,1.1241332664076156
YSDU,2023-24,B,perm024,850,363,1.1280640152102623
YSDU,2023-24,B,perm025,850,363,1.1327570445892317
YSDU,2023-24,B,perm026,850,363,1.1302938622479604
YSDU,2023-24,B,perm027,850,363,1.1267602681778388
YSDU,2023-24,B,perm028,850,363,1.1292765961981115
YSDU,2023-24,B,perm029,850,363,1.1282539249278984
YSDU,2023-24,B,perm030,850,363,1.1264419051307077
YSDU,2023-24,B,perm031,850,363,1.1346325081676474
YSDU,2023-24,B,perm032,850,363,1.1330064163148859
YSDU,2023-24,B,perm033,850,363,1.1330618702656152
YSDU,2023-24,B,perm034,850,363,1.127176154054405
YSDU,2023-24,B,perm035,850,363,1.1254739102688607
YSDU,2023-24,B,perm036,850,363,1.129516782728796
YSDU,2023-24,B,perm037,850,363,1.1262951276417732
YSDU,2023-24,B,perm038,850,363,1.1380586504688452
YSDU,2023-24,B,perm039,850,363,1.1267590564005543
YSDU,2023-24,B,perm040,850,363,1.1237589420781322
YSDU,2023-24,B,perm041,850,363,1.1280963684287868
YSDU,2023-24,B,perm042,850,363,1.1289406187566928
YSDU,2023-24,B,perm043,850,363,1.1289406187566928
YSDU,2023-24,B,perm044,850,363,1.1307777497865275
YSDU,2023-24,B,perm045,850,363,1.1268628976858095
YSDU,2023-24,B,perm046,850,363,1.1242945625923233
YSDU,2023-24,B,perm047,850,363,1.1230574163290385
YSDU,2023-24,B,perm048,850,363,1.1318357327515391
YSDU,2023-24,B,perm049,850,363,1.121809775466395
YSDU,2023-24,B,perm050,850,363,1.123697333396372
YSDU,2023-24,B,perm051,850,363,1.1256151202279894
YSDU,2023-24,B,perm052,850,363,1.1258421642987355
YSDU,2023-24,B,perm053,850,363,1.1197275285292665
YSDU,2023-24,B,perm054,850,363,1.1266039260258331
YSDU,2023-24,B,perm055,850,363,1.1236929952461066
YSDU,2023-24,B,perm056,850,363,1.1314990758921055
YSDU,2023-24,B,perm057,850,363,1.126540864551384
YSDU,2023-24,B,perm058,850,363,1.1229266308477002
YSDU,2023-24,B,perm059,850,363,1.1301026998290764
YSDU,2023-24,B,perm060,850,363,1.1250178379061473
YSDU,2023-24,B,perm061,850,363,1.1229981631793846
YSDU,2023-24,B,perm062,850,363,1.125428055539001
YSDU,2023-24,B,perm063,850,363,1.129627528784009
YSDU,2023-24,B,perm064,850,363,1.124721436265806
YSDU,2023-24,B,perm065,850,363,1.125674998909813
YSDU,2023-24,B,perm066,850,363,1.1253729488051
YSDU,2023-24,B,perm067,850,363,1.1239705249488479
YSDU,2023-24,B,perm068,850,363,1.1253729488051
YSDU,2023-24,B,perm069,850,363,1.1231570007547182
YSDU,2023-24,B,perm070,850,363,1.120116653984852
YSDU,2023-24,B,perm071,850,363,1.122536844136708
YSDU,2023-24,B,perm072,850,363,1.130389404408686
YSDU,2023-24,B,perm073,850,363,1.128956414855613
YSDU,2023-24,B,perm074,850,363,1.1260089444053842
YSDU,2023-24,B,perm075,850,363,1.1288522695866894
YSDU,2023-24,B,perm076,850,363,1.1295161514080205
YSDU,2023-24,B,perm077,850,363,1.1274162034744304
YSDU,2023-24,B,perm078,850,363,1.1323761710669484
YSDU,2023-24,B,perm079,850,363,1.128485336981125
YSDU,2023-24,B,perm080,850,363,1.1335666365074768
YSDU,2023-24,B,perm081,850,363,1.1293670605104953
YSDU,2023-24,B,perm082,850,363,1.1334935149669418
YSDU,2023-24,B,perm083,850,363,1.132168023151215
YSDU,2023-24,B,perm084,850,363,1.1277539472922415
YSDU,2023-24,B,perm085,850,363,1.136309860893235
YSDU,2023-24,B,perm086,850,363,1.1277539472922415
YSDU,2023-24,B,perm087,850,363,1.1283307641208582
YSDU,2023-24,B,perm088,850,363,1.1240663034585732
YSDU,2023-24,B,perm089,850,363,1.1299778201986954
YSDU,2023-24,B,perm090,850,363,1.1239620333613762
YSDU,2023-24,B,perm091,850,363,1.1232988050308073
YSDU,2023-24,B,perm092,850,363,1.1261115004142133
YSDU,2023-24,B,perm093,850,363,1.1272875083194216
YSDU,2023-24,B,perm094,850,363,1.119697513610461
YSDU,2023-24,B,perm095,850,363,1.1278199157339832
YSDU,2023-24,B,perm096,850,363,1.126235911545208
YSDU,2023-24,B,perm097,850,363,1.121837143110134
YSDU,2023-24,B,perm098,850,363,1.1230710211905375
YSDU,2023-24,B,perm099,850,363,1.1237441518519606
YSDU,2023-24,B,perm100,850,363,1.1297465413530956
YSDU,2023-24,B,perm101,850,363,1.1230890951227144
YSDU,2023-24,B,perm102,850,363,1.1254367800865652
YSDU,2023-24,B,perm103,850,363,1.1258763502421472
YSDU,2023-24,B,perm104,850,363,1.1293697346931169
YSDU,2023-24,B,perm105,850,363,1.1240781171707424
YSDU,2023-24,B,perm106,850,363,1.1257891397623194
YSDU,2023-24,B,perm107,850,363,1.1311393540894077
YSDU,2023-24,B,perm108,850,363,1.128540319206286
YSDU,2023-24,B,perm109,850,363,1.1234868421355715
YSDU,2023-24,B,perm110,850,363,1.130834266933346
YSDU,2023-24,B,perm111,850,363,1.1246600552903714
YSDU,2023-24,B,perm112,850,363,1.1274428108972925
YSDU,2023-24,B,perm113,850,363,1.1290463967598239
YSDU,2023-24,B,perm114,850,363,1.1236488321839349
YSDU,2023-24,B,perm115,850,363,1.1235705495985937
YSDU,2023-24,B,perm116,850,363,1.1295068356362863
YSDU,2023-24,B,perm117,850,363,1.1240868255820395
YSDU,2023-24,B,perm118,850,363,1.1238491134945627
YSDU,2023-24,B,perm119,850,363,1.1283782429301918
RNO,2022-23,"B+D,L,R,T",record,493,364,1.3384891085072084
RNO,2022-23,"B+D,L,R,T",session73,493,364,1.3381350440749742
RNO,2022-23,"B+D,L,R,T",draw001,493,364,1.33110473466567
RNO,2022-23,"B+D,L,R,T",draw002,493,364,1.3440362940826733
RNO,2022-23,"B+D,L,R,T",draw003,493,364,1.336716798502211
RNO,2022-23,"B+D,L,R,T",draw004,493,364,1.3431603321701382
RNO,2022-23,"B+D,L,R,T",draw005,493,364,1.3457878383570678
RNO,2022-23,"B+D,L,R,T",draw006,493,364,1.3279487161159744
RNO,2022-23,"B+D,L,R,T",draw007,493,364,1.3351087272258906
RNO,2022-23,"B+D,L,R,T",draw008,493,364,1.3325304295268783
RNO,2022-23,"B+D,L,R,T",draw009,493,364,1.3413229001644524
RNO,2022-23,"B+D,L,R,T",draw010,493,364,1.34014137844643
RNO,2022-23,"B+D,L,R,T",draw011,493,364,1.336020789513708
RNO,2022-23,"B+D,L,R,T",draw012,493,364,1.3439360211643983
RNO,2022-23,"B+D,L,R,T",draw013,493,364,1.342914199992007
RNO,2022-23,"B+D,L,R,T",draw014,493,364,1.339680139886647
RNO,2022-23,"B+D,L,R,T",draw015,493,364,1.3466691037711582
RNO,2022-23,"B+D,L,R,T",draw016,493,364,1.347574136016213
RNO,2022-23,"B+D,L,R,T",draw017,493,364,1.339267789467012
RNO,2022-23,"B+D,L,R,T",draw018,493,364,1.3460600345238882
RNO,2022-23,"B+D,L,R,T",draw019,493,364,1.338708565720413
RNO,2022-23,"B+D,L,R,T",draw020,493,364,1.3483864330058113
RNO,2022-23,"B+D,L,R,T",draw021,493,364,1.3470207694322545
RNO,2022-23,"B+D,L,R,T",draw022,493,364,1.3387462841847968
RNO,2022-23,"B+D,L,R,T",draw023,493,364,1.337385041236557
RNO,2022-23,"B+D,L,R,T",draw024,493,364,1.3353832629884723
RNO,2022-23,"B+D,L,R,T",draw025,493,364,1.3352776969899873
RNO,2022-23,"B+D,L,R,T",draw026,493,364,1.339399538592292
RNO,2022-23,"B+D,L,R,T",draw027,493,364,1.3371984744676093
RNO,2022-23,"B+D,L,R,T",draw028,493,364,1.3437892554603903
RNO,2022-23,"B+D,L,R,T",draw029,493,364,1.334189195197628
RNO,2022-23,"B+D,L,R,T",draw030,493,364,1.3371718204034064
RNO,2022-23,"B+D,L,R,T",draw031,493,364,1.3340460148733388
RNO,2022-23,"B+D,L,R,T",draw032,493,364,1.3398288726178222
RNO,2022-23,"B+D,L,R,T",draw033,493,364,1.3407072753817968
RNO,2022-23,"B+D,L,R,T",draw034,493,364,1.3404619132710467
RNO,2022-23,"B+D,L,R,T",draw035,493,364,1.3413327534819295
RNO,2022-23,"B+D,L,R,T",draw036,493,364,1.3400179157910819
RNO,2022-23,"B+D,L,R,T",draw037,493,364,1.3362391660657067
RNO,2022-23,"B+D,L,R,T",draw038,493,364,1.3406229866965749
RNO,2022-23,"B+D,L,R,T",draw039,493,364,1.334014796450409
RNO,2022-23,"B+D,L,R,T",draw040,493,364,1.3413164177477859
RNO,2022-23,"B+D,L,R,T",draw041,493,364,1.345449438244138
RNO,2022-23,"B+D,L,R,T",draw042,493,364,1.3323727779481203
RNO,2022-23,"B+D,L,R,T",draw043,493,364,1.3388664471185727
RNO,2022-23,"B+D,L,R,T",draw044,493,364,1.3427501427604447
RNO,2022-23,"B+D,L,R,T",draw045,493,364,1.3418674288798123
RNO,2022-23,"B+D,L,R,T",draw046,493,364,1.3433448772591556
RNO,2022-23,"B+D,L,R,T",draw047,493,364,1.3437624456948412
RNO,2022-23,"B+D,L,R,T",draw048,493,364,1.340133522206071
RNO,2022-23,"B+D,L,R,T",draw049,493,364,1.338033390939471
RNO,2022-23,"B+D,L,R,T",draw050,493,364,1.342617323667186
RNO,2022-23,"B+D,L,R,T",draw051,493,364,1.3381311406727663
RNO,2022-23,"B+D,L,R,T",draw052,493,364,1.3414662813313027
RNO,2022-23,"B+D,L,R,T",draw053,493,364,1.339995041027119
RNO,2022-23,"B+D,L,R,T",draw054,493,364,1.3346853501206297
RNO,2022-23,"B+D,L,R,T",draw055,493,364,1.3471973402722395
RNO,2022-23,"B+D,L,R,T",draw056,493,364,1.329791113121685
RNO,2022-23,"B+D,L,R,T",draw057,493,364,1.3373728908329028
RNO,2022-23,"B+D,L,R,T",draw058,493,364,1.3482379179882353
RNO,2022-23,"B+D,L,R,T",draw059,493,364,1.3356703275075459
RNO,2022-23,"B+D,L,R,T",draw060,493,364,1.3392393030671308
RNO,2022-23,"B+D,L,R,T",draw061,493,364,1.3387380317644164
RNO,2022-23,"B+D,L,R,T",draw062,493,364,1.3436081686341894
RNO,2022-23,"B+D,L,R,T",draw063,493,364,1.3421929015101648
RNO,2022-23,"B+D,L,R,T",draw064,493,364,1.3337598391375034
RNO,2022-23,"B+D,L,R,T",draw065,493,364,1.3386539916449418
RNO,2022-23,"B+D,L,R,T",draw066,493,364,1.3379396558061247
RNO,2022-23,"B+D,L,R,T",draw067,493,364,1.3345373240525111
RNO,2022-23,"B+D,L,R,T",draw068,493,364,1.3414149040034447
RNO,2022-23,"B+D,L,R,T",draw069,493,364,1.3482835556344186
RNO,2022-23,"B+D,L,R,T",draw070,493,364,1.342076646399602
RNO,2022-23,"B+D,L,R,T",draw071,493,364,1.3400206989291827
RNO,2022-23,"B+D,L,R,T",draw072,493,364,1.338604891892054
RNO,2022-23,"B+D,L,R,T",draw073,493,364,1.3338301895804716
RNO,2022-23,"B+D,L,R,T",draw074,493,364,1.3264438368779639
RNO,2022-23,"B+D,L,R,T",draw075,493,364,1.3347352331929279
RNO,2022-23,"B+D,L,R,T",draw076,493,364,1.335671416076214
RNO,2022-23,"B+D,L,R,T",draw077,493,364,1.3419345936636888
RNO,2022-23,"B+D,L,R,T",draw078,493,364,1.3454455438149835
RNO,2022-23,"B+D,L,R,T",draw079,493,364,1.3382510696549574
RNO,2022-23,"B+D,L,R,T",draw080,493,364,1.3393547372213288
RNO,2022-23,"B+D,L,R,T",draw081,493,364,1.3296038124759337
RNO,2022-23,"B+D,L,R,T",draw082,493,364,1.3468648864824049
RNO,2022-23,"B+D,L,R,T",draw083,493,364,1.3309656715558713
RNO,2022-23,"B+D,L,R,T",draw084,493,364,1.3292643634193124
RNO,2022-23,"B+D,L,R,T",draw085,493,364,1.33932295451688
RNO,2022-23,"B+D,L,R,T",draw086,493,364,1.3426926150823937
RNO,2022-23,"B+D,L,R,T",draw087,493,364,1.3445284110393694
RNO,2022-23,"B+D,L,R,T",draw088,493,364,1.3420503595282338
RNO,2022-23,"B+D,L,R,T",draw089,493,364,1.3354071796078855
RNO,2022-23,"B+D,L,R,T",draw090,493,364,1.3372789229004955
RNO,2022-23,"B+D,L,R,T",draw091,493,364,1.3410243835887519
RNO,2022-23,"B+D,L,R,T",draw092,493,364,1.3360839742979835
RNO,2022-23,"B+D,L,R,T",draw093,493,364,1.3432705171394912
RNO,2022-23,"B+D,L,R,T",draw094,493,364,1.3410954773366257
RNO,2022-23,"B+D,L,R,T",draw095,493,364,1.3441374481267958
RNO,2022-23,"B+D,L,R,T",draw096,493,364,1.3416088041834668
RNO,2022-23,"B+D,L,R,T",draw097,493,364,1.3439831391735402
RNO,2022-23,"B+D,L,R,T",draw098,493,364,1.3423105135330955
RNO,2022-23,"B+D,L,R,T",draw099,493,364,1.341678981806142
RNO,2022-23,"B+D,L,R,T",draw100,493,364,1.329293528580134
RNO,2022-23,B,canonical,493,364,1.4011745129574764
RNO,2022-23,B,perm001,493,364,1.3963487137501047
RNO,2022-23,B,perm002,493,364,1.4100410938668626
RNO,2022-23,B,perm003,493,364,1.40508345792804
RNO,2022-23,B,perm004,493,364,1.3986753228216344
RNO,2022-23,B,perm005,493,364,1.4123108486005278
RNO,2022-23,B,perm006,493,364,1.4082860772416228
RNO,2022-23,B,perm007,493,364,1.4102309431918156
RNO,2022-23,B,perm008,493,364,1.4064166232337745
RNO,2022-23,B,perm009,493,364,1.3977371561358778
RNO,2022-23,B,perm010,493,364,1.406282544803492
RNO,2022-23,B,perm011,493,364,1.404279149102253
RNO,2022-23,B,perm012,493,364,1.4009768990937823
RNO,2022-23,B,perm013,493,364,1.394112028572425
RNO,2022-23,B,perm014,493,364,1.3977283723768643
RNO,2022-23,B,perm015,493,364,1.3980873204060982
RNO,2022-23,B,perm016,493,364,1.3962451283295036
RNO,2022-23,B,perm017,493,364,1.407311752391116
RNO,2022-23,B,perm018,493,364,1.400520455161122
RNO,2022-23,B,perm019,493,364,1.4067495356233854
RNO,2022-23,B,perm020,493,364,1.4008678298231103
RNO,2022-23,B,perm021,493,364,1.4060350017510428
RNO,2022-23,B,perm022,493,364,1.3919598097797456
RNO,2022-23,B,perm023,493,364,1.406528087230498
RNO,2022-23,B,perm024,493,364,1.3983832287074482
RNO,2022-23,B,perm025,493,364,1.3983832287074482
RNO,2022-23,B,perm026,493,364,1.4060256262866575
RNO,2022-23,B,perm027,493,364,1.4054350611619244
RNO,2022-23,B,perm028,493,364,1.4099950489024478
RNO,2022-23,B,perm029,493,364,1.4089718135452827
RNO,2022-23,B,perm030,493,364,1.4086657684700483
RNO,2022-23,B,perm031,493,364,1.4066680161866743
RNO,2022-23,B,perm032,493,364,1.3938128511580237
RNO,2022-23,B,perm033,493,364,1.3916274947064422
RNO,2022-23,B,perm034,493,364,1.3973244310692332
RNO,2022-23,B,perm035,493,364,1.3973256671810408
RNO,2022-23,B,perm036,493,364,1.3999874025654218
RNO,2022-23,B,perm037,493,364,1.4026920595844754
RNO,2022-23,B,perm038,493,364,1.400224553568444
RNO,2022-23,B,perm039,493,364,1.4071307890486902
RNO,2022-23,B,perm040,493,364,1.3910709819655311
RNO,2022-23,B,perm041,493,364,1.3915885564406014
RNO,2022-23,B,perm042,493,364,1.4024320890697457
RNO,2022-23,B,perm043,493,364,1.4011610770306586
RNO,2022-23,B,perm044,493,364,1.3928276567171816
RNO,2022-23,B,perm045,493,364,1.3973160412882246
RNO,2022-23,B,perm046,493,364,1.3973673058049363
RNO,2022-23,B,perm047,493,364,1.3848166645923323
RNO,2022-23,B,perm048,493,364,1.4048720632698561
RNO,2022-23,B,perm049,493,364,1.406717099190553
RNO,2022-23,B,perm050,493,364,1.4100767336236977
RNO,2022-23,B,perm051,493,364,1.4100948669893605
RNO,2022-23,B,perm052,493,364,1.40107363443087
RNO,2022-23,B,perm053,493,364,1.4014106367985377
RNO,2022-23,B,perm054,493,364,1.399267525379064
RNO,2022-23,B,perm055,493,364,1.3991373519847838
RNO,2022-23,B,perm056,493,364,1.3969969861713571
RNO,2022-23,B,perm057,493,364,1.404103987853064
RNO,2022-23,B,perm058,493,364,1.4054856260213862
RNO,2022-23,B,perm059,493,364,1.4009245195760482
RNO,2022-23,B,perm060,493,364,1.400890725813878
RNO,2022-23,B,perm061,493,364,1.406897252007469
RNO,2022-23,B,perm062,493,364,1.400890725813878
RNO,2022-23,B,perm063,493,364,1.4121696348476636
RNO,2022-23,B,perm064,493,364,1.404217713928145
RNO,2022-23,B,perm065,493,364,1.411097875788699
RNO,2022-23,B,perm066,493,364,1.398302362307595
RNO,2022-23,B,perm067,493,364,1.397353992446789
RNO,2022-23,B,perm068,493,364,1.3929400041124995
RNO,2022-23,B,perm069,493,364,1.3990925014919793
RNO,2022-23,B,perm070,493,364,1.407521881843113
RNO,2022-23,B,perm071,493,364,1.3990925014919793
RNO,2022-23,B,perm072,493,364,1.3921685943584083
RNO,2022-23,B,perm073,493,364,1.3953954975702774
RNO,2022-23,B,perm074,493,364,1.403025724785857
RNO,2022-23,B,perm075,493,364,1.4076161311375393
RNO,2022-23,B,perm076,493,364,1.4052257041791874
RNO,2022-23,B,perm077,493,364,1.4044280537107237
RNO,2022-23,B,perm078,493,364,1.3998472836922131
RNO,2022-23,B,perm079,493,364,1.3953630084478708
RNO,2022-23,B,perm080,493,364,1.3991185318215742
RNO,2022-23,B,perm081,493,364,1.401725206538977
RNO,2022-23,B,perm082,493,364,1.3988092836992396
RNO,2022-23,B,perm083,493,364,1.3901974756874524
RNO,2022-23,B,perm084,493,364,1.4116694068464894
RNO,2022-23,B,perm085,493,364,1.4030776455264382
RNO,2022-23,B,perm086,493,364,1.411676048829937
RNO,2022-23,B,perm087,493,364,1.3903562374578025
RNO,2022-23,B,perm088,493,364,1.398624752946692
RNO,2022-23,B,perm089,493,364,1.3901843067936608
RNO,2022-23,B,perm090,493,364,1.3982270634728449
RNO,2022-23,B,perm091,493,364,1.3988683009189262
RNO,2022-23,B,perm092,493,364,1.39667997272191
RNO,2022-23,B,perm093,493,364,1.391391460606103
RNO,2022-23,B,perm094,493,364,1.3915209550723142
RNO,2022-23,B,perm095,493,364,1.3912634529256367
RNO,2022-23,B,perm096,493,364,1.3987603519497642
RNO,2022-23,B,perm097,493,364,1.4000511737068804
RNO,2022-23,B,perm098,493,364,1.3985611674285452
RNO,2022-23,B,perm099,493,364,1.3972258390225352
RNO,2022-23,B,perm100,493,364,1.3987325587043498
RNO,2022-23,B,perm101,493,364,1.4057729669871297
RNO,2022-23,B,perm102,493,364,1.4019148570342772
RNO,2022-23,B,perm103,493,364,1.3893620390306913
RNO,2022-23,B,perm104,493,364,1.3952824744724646
RNO,2022-23,B,perm105,493,364,1.4026436000199327
RNO,2022-23,B,perm106,493,364,1.3874496332925943
RNO,2022-23,B,perm107,493,364,1.3884748060491605
RNO,2022-23,B,perm108,493,364,1.399723627866409
RNO,2022-23,B,perm109,493,364,1.3904459143268013
RNO,2022-23,B,perm110,493,364,1.4001915197004933
RNO,2022-23,B,perm111,493,364,1.3988132377374545
RNO,2022-23,B,perm112,493,364,1.4030831876257661
RNO,2022-23,B,perm113,493,364,1.3977548367317232
RNO,2022-23,B,perm114,493,364,1.3975626686278204
RNO,2022-23,B,perm115,493,364,1.3916767147740357
RNO,2022-23,B,perm116,493,364,1.394773511729515
RNO,2022-23,B,perm117,493,364,1.3911097539857504
RNO,2022-23,B,perm118,493,364,1.3956196091691073
RNO,2022-23,B,perm119,493,364,1.3936103812653449
RNO,2023-24,"B+D,L,R,T",record,857,365,1.14583207633231
RNO,2023-24,"B+D,L,R,T",session73,857,365,1.1450270402287677
RNO,2023-24,"B+D,L,R,T",draw001,857,365,1.1448805092452157
RNO,2023-24,"B+D,L,R,T",draw002,857,365,1.14843431547468
RNO,2023-24,"B+D,L,R,T",draw003,857,365,1.1428462693355472
RNO,2023-24,"B+D,L,R,T",draw004,857,365,1.135251082039716
RNO,2023-24,"B+D,L,R,T",draw005,857,365,1.150683552882829
RNO,2023-24,"B+D,L,R,T",draw006,857,365,1.1506335926150193
RNO,2023-24,"B+D,L,R,T",draw007,857,365,1.1534860842673942
RNO,2023-24,"B+D,L,R,T",draw008,857,365,1.154203363830513
RNO,2023-24,"B+D,L,R,T",draw009,857,365,1.1397097860603582
RNO,2023-24,"B+D,L,R,T",draw010,857,365,1.1476857735821562
RNO,2023-24,"B+D,L,R,T",draw011,857,365,1.1518278673869153
RNO,2023-24,"B+D,L,R,T",draw012,857,365,1.1486479544982102
RNO,2023-24,"B+D,L,R,T",draw013,857,365,1.153954932007748
RNO,2023-24,"B+D,L,R,T",draw014,857,365,1.1487842574719929
RNO,2023-24,"B+D,L,R,T",draw015,857,365,1.141509094072986
RNO,2023-24,"B+D,L,R,T",draw016,857,365,1.1479733867723865
RNO,2023-24,"B+D,L,R,T",draw017,857,365,1.142820266715673
RNO,2023-24,"B+D,L,R,T",draw018,857,365,1.1402742637043213
RNO,2023-24,"B+D,L,R,T",draw019,857,365,1.147017631198418
RNO,2023-24,"B+D,L,R,T",draw020,857,365,1.1438448183733754
RNO,2023-24,"B+D,L,R,T",draw021,857,365,1.1473046974080996
RNO,2023-24,"B+D,L,R,T",draw022,857,365,1.1544724618961753
RNO,2023-24,"B+D,L,R,T",draw023,857,365,1.1397476797056498
RNO,2023-24,"B+D,L,R,T",draw024,857,365,1.1453289548169192
RNO,2023-24,"B+D,L,R,T",draw025,857,365,1.145489788290661
RNO,2023-24,"B+D,L,R,T",draw026,857,365,1.1485440367792796
RNO,2023-24,"B+D,L,R,T",draw027,857,365,1.1402972713220345
RNO,2023-24,"B+D,L,R,T",draw028,857,365,1.1415120377537415
RNO,2023-24,"B+D,L,R,T",draw029,857,365,1.1397462559281624
RNO,2023-24,"B+D,L,R,T",draw030,857,365,1.1483012968965194
RNO,2023-24,"B+D,L,R,T",draw031,857,365,1.147097435112929
RNO,2023-24,"B+D,L,R,T",draw032,857,365,1.1509838101671725
RNO,2023-24,"B+D,L,R,T",draw033,857,365,1.14646332681257
RNO,2023-24,"B+D,L,R,T",draw034,857,365,1.1425506596724602
RNO,2023-24,"B+D,L,R,T",draw035,857,365,1.1479131312367727
RNO,2023-24,"B+D,L,R,T",draw036,857,365,1.1521131478704565
RNO,2023-24,"B+D,L,R,T",draw037,857,365,1.1478860424183754
RNO,2023-24,"B+D,L,R,T",draw038,857,365,1.1506114815934982
RNO,2023-24,"B+D,L,R,T",draw039,857,365,1.1479672729369654
RNO,2023-24,"B+D,L,R,T",draw040,857,365,1.1400885901940436
RNO,2023-24,"B+D,L,R,T",draw041,857,365,1.144954484784776
RNO,2023-24,"B+D,L,R,T",draw042,857,365,1.1507777983242782
RNO,2023-24,"B+D,L,R,T",draw043,857,365,1.1451487221005965
RNO,2023-24,"B+D,L,R,T",draw044,857,365,1.1482766561242006
RNO,2023-24,"B+D,L,R,T",draw045,857,365,1.1479343953494345
RNO,2023-24,"B+D,L,R,T",draw046,857,365,1.1476489981880265
RNO,2023-24,"B+D,L,R,T",draw047,857,365,1.1519607912438279
RNO,2023-24,"B+D,L,R,T",draw048,857,365,1.1465819051676573
RNO,2023-24,"B+D,L,R,T",draw049,857,365,1.1464849203341347
RNO,2023-24,"B+D,L,R,T",draw050,857,365,1.1461528079117573
RNO,2023-24,"B+D,L,R,T",draw051,857,365,1.1425024078135824
RNO,2023-24,"B+D,L,R,T",draw052,857,365,1.1609673614127858
RNO,2023-24,"B+D,L,R,T",draw053,857,365,1.1512165341616556
RNO,2023-24,"B+D,L,R,T",draw054,857,365,1.1549862617692246
RNO,2023-24,"B+D,L,R,T",draw055,857,365,1.148114898147052
RNO,2023-24,"B+D,L,R,T",draw056,857,365,1.1364692875986515
RNO,2023-24,"B+D,L,R,T",draw057,857,365,1.1547634064846097
RNO,2023-24,"B+D,L,R,T",draw058,857,365,1.141271547327246
RNO,2023-24,"B+D,L,R,T",draw059,857,365,1.140276571559924
RNO,2023-24,"B+D,L,R,T",draw060,857,365,1.1431495640313039
RNO,2023-24,"B+D,L,R,T",draw061,857,365,1.1478435407536307
RNO,2023-24,"B+D,L,R,T",draw062,857,365,1.1391388508218514
RNO,2023-24,"B+D,L,R,T",draw063,857,365,1.1385007345851947
RNO,2023-24,"B+D,L,R,T",draw064,857,365,1.1488754332091242
RNO,2023-24,"B+D,L,R,T",draw065,857,365,1.146294158882224
RNO,2023-24,"B+D,L,R,T",draw066,857,365,1.1421610980851833
RNO,2023-24,"B+D,L,R,T",draw067,857,365,1.1458866939538872
RNO,2023-24,"B+D,L,R,T",draw068,857,365,1.138484563862372
RNO,2023-24,"B+D,L,R,T",draw069,857,365,1.1353237829015086
RNO,2023-24,"B+D,L,R,T",draw070,857,365,1.1453558014822263
RNO,2023-24,"B+D,L,R,T",draw071,857,365,1.1419079273521655
RNO,2023-24,"B+D,L,R,T",draw072,857,365,1.146113178370202
RNO,2023-24,"B+D,L,R,T",draw073,857,365,1.1375243895769391
RNO,2023-24,"B+D,L,R,T",draw074,857,365,1.151840125401305
RNO,2023-24,"B+D,L,R,T",draw075,857,365,1.1436474242188455
RNO,2023-24,"B+D,L,R,T",draw076,857,365,1.1424686442961038
RNO,2023-24,"B+D,L,R,T",draw077,857,365,1.1435090774037227
RNO,2023-24,"B+D,L,R,T",draw078,857,365,1.1369749962851317
RNO,2023-24,"B+D,L,R,T",draw079,857,365,1.1437374633951756
RNO,2023-24,"B+D,L,R,T",draw080,857,365,1.1492455294094694
RNO,2023-24,"B+D,L,R,T",draw081,857,365,1.151666009636937
RNO,2023-24,"B+D,L,R,T",draw082,857,365,1.1479334576857996
RNO,2023-24,"B+D,L,R,T",draw083,857,365,1.140089828430748
RNO,2023-24,"B+D,L,R,T",draw084,857,365,1.1455953777541814
RNO,2023-24,"B+D,L,R,T",draw085,857,365,1.1508155285412196
RNO,2023-24,"B+D,L,R,T",draw086,857,365,1.145109239992674
RNO,2023-24,"B+D,L,R,T",draw087,857,365,1.1351729553628738
RNO,2023-24,"B+D,L,R,T",draw088,857,365,1.1464297201486178
RNO,2023-24,"B+D,L,R,T",draw089,857,365,1.149036916348669
RNO,2023-24,"B+D,L,R,T",draw090,857,365,1.1499796060701555
RNO,2023-24,"B+D,L,R,T",draw091,857,365,1.1419622939359404
RNO,2023-24,"B+D,L,R,T",draw092,857,365,1.1474346099157637
RNO,2023-24,"B+D,L,R,T",draw093,857,365,1.1480597554151413
RNO,2023-24,"B+D,L,R,T",draw094,857,365,1.1498553443095745
RNO,2023-24,"B+D,L,R,T",draw095,857,365,1.1454870543621212
RNO,2023-24,"B+D,L,R,T",draw096,857,365,1.1452634057727022
RNO,2023-24,"B+D,L,R,T",draw097,857,365,1.1337867770500536
RNO,2023-24,"B+D,L,R,T",draw098,857,365,1.137925218701341
RNO,2023-24,"B+D,L,R,T",draw099,857,365,1.1451809673445639
RNO,2023-24,"B+D,L,R,T",draw100,857,365,1.1459083050619263
RNO,2023-24,B,canonical,857,365,1.2971855086239619
RNO,2023-24,B,perm001,857,365,1.2971855086239619
RNO,2023-24,B,perm002,857,365,1.3012253713332715
RNO,2023-24,B,perm003,857,365,1.3012253713332715
RNO,2023-24,B,perm004,857,365,1.2951588852734353
RNO,2023-24,B,perm005,857,365,1.296558452808847
RNO,2023-24,B,perm006,857,365,1.3029209499740169
RNO,2023-24,B,perm007,857,365,1.3029209499740169
RNO,2023-24,B,perm008,857,365,1.3041429654857661
RNO,2023-24,B,perm009,857,365,1.3016928311751987
RNO,2023-24,B,perm010,857,365,1.2995570481387717
RNO,2023-24,B,perm011,857,365,1.3064280211146355
RNO,2023-24,B,perm012,857,365,1.304804033256955
RNO,2023-24,B,perm013,857,365,1.2953113457777123
RNO,2023-24,B,perm014,857,365,1.3089869547851838
RNO,2023-24,B,perm015,857,365,1.3064412662334037
RNO,2023-24,B,perm016,857,365,1.2992983897124306
RNO,2023-24,B,perm017,857,365,1.2995763958835849
RNO,2023-24,B,perm018,857,365,1.2972554911227019
RNO,2023-24,B,perm019,857,365,1.303838101962373
RNO,2023-24,B,perm020,857,365,1.3059415676127402
RNO,2023-24,B,perm021,857,365,1.3008741642053594
RNO,2023-24,B,perm022,857,365,1.2992983897124306
RNO,2023-24,B,perm023,857,365,1.304420672954522
RNO,2023-24,B,perm024,857,365,1.3031443362678965
RNO,2023-24,B,perm025,857,365,1.2916110368261833
RNO,2023-24,B,perm026,857,365,1.3033099329310596
RNO,2023-24,B,perm027,857,365,1.3049024420224524
RNO,2023-24,B,perm028,857,365,1.3054302856580209
RNO,2023-24,B,perm029,857,365,1.300114240631207
RNO,2023-24,B,perm030,857,365,1.294131236693348
RNO,2023-24,B,perm031,857,365,1.2927757226211696
RNO,2023-24,B,perm032,857,365,1.2944426413130903
RNO,2023-24,B,perm033,857,365,1.3037127973338392
RNO,2023-24,B,perm034,857,365,1.2939773368707592
RNO,2023-24,B,perm035,857,365,1.3025740906742485
RNO,2023-24,B,perm036,857,365,1.2952019140706308
RNO,2023-24,B,perm037,857,365,1.299264028449834
RNO,2023-24,B,perm038,857,365,1.2949110546017701
RNO,2023-24,B,perm039,857,365,1.3012872813040581
RNO,2023-24,B,perm040,857,365,1.3000142495111184
RNO,2023-24,B,perm041,857,365,1.3028362091552674
RNO,2023-24,B,perm042,857,365,1.2977750246808155
RNO,2023-24,B,perm043,857,365,1.300855247575983
RNO,2023-24,B,perm044,857,365,1.3001261898996626
RNO,2023-24,B,perm045,857,365,1.3008713438235857
RNO,2023-24,B,perm046,857,365,1.3045269479144523
RNO,2023-24,B,perm047,857,365,1.304499270639221
RNO,2023-24,B,perm048,857,365,1.305149608570823
RNO,2023-24,B,perm049,857,365,1.2842827010618427
RNO,2023-24,B,perm050,857,365,1.2901789100178136
RNO,2023-24,B,perm051,857,365,1.2958216814407573
RNO,2023-24,B,perm052,857,365,1.2999223075636857
RNO,2023-24,B,perm053,857,365,1.3035013305457708
RNO,2023-24,B,perm054,857,365,1.3053207249949343
RNO,2023-24,B,perm055,857,365,1.289240270184833
RNO,2023-24,B,perm056,857,365,1.2954422573913218
RNO,2023-24,B,perm057,857,365,1.2988103759012743
RNO,2023-24,B,perm058,857,365,1.293990997018535
RNO,2023-24,B,perm059,857,365,1.2903051322929988
RNO,2023-24,B,perm060,857,365,1.2928543222804971
RNO,2023-24,B,perm061,857,365,1.2982272826439674
RNO,2023-24,B,perm062,857,365,1.2956271910656934
RNO,2023-24,B,perm063,857,365,1.2934702206815083
RNO,2023-24,B,perm064,857,365,1.2974485291263824
RNO,2023-24,B,perm065,857,365,1.2978379649589844
RNO,2023-24,B,perm066,857,365,1.3005632482021454
RNO,2023-24,B,perm067,857,365,1.2971881025329353
RNO,2023-24,B,perm068,857,365,1.2967365881959108
RNO,2023-24,B,perm069,857,365,1.284585965542194
RNO,2023-24,B,perm070,857,365,1.2896201814998909
RNO,2023-24,B,perm071,857,365,1.2995924281956215
RNO,2023-24,B,perm072,857,365,1.3050249593289356
RNO,2023-24,B,perm073,857,365,1.301095845360807
RNO,2023-24,B,perm074,857,365,1.2983449087803087
RNO,2023-24,B,perm075,857,365,1.297103073168629
RNO,2023-24,B,perm076,857,365,1.2937091135557637
RNO,2023-24,B,perm077,857,365,1.2960172242614427
RNO,2023-24,B,perm078,857,365,1.2974231600863175
RNO,2023-24,B,perm079,857,365,1.3006886325805762
RNO,2023-24,B,perm080,857,365,1.2958688976687762
RNO,2023-24,B,perm081,857,365,1.3044341931097063
RNO,2023-24,B,perm082,857,365,1.3017404764244662
RNO,2023-24,B,perm083,857,365,1.3080765640627274
RNO,2023-24,B,perm084,857,365,1.2985747296200238
RNO,2023-24,B,perm085,857,365,1.2953194998956221
RNO,2023-24,B,perm086,857,365,1.2948066583510118
RNO,2023-24,B,perm087,857,365,1.2974940671898545
RNO,2023-24,B,perm088,857,365,1.2952807170300402
RNO,2023-24,B,perm089,857,365,1.299303688796007
RNO,2023-24,B,perm090,857,365,1.2976321157808077
RNO,2023-24,B,perm091,857,365,1.2958095132590206
RNO,2023-24,B,perm092,857,365,1.3012203669699358
RNO,2023-24,B,perm093,857,365,1.2907837875641306
RNO,2023-24,B,perm094,857,365,1.2917803397335255
RNO,2023-24,B,perm095,857,365,1.2917803397335255
RNO,2023-24,B,perm096,857,365,1.3027487316060387
RNO,2023-24,B,perm097,857,365,1.3044269678237959
RNO,2023-24,B,perm098,857,365,1.3007204355625626
RNO,2023-24,B,perm099,857,365,1.2972232732928735
RNO,2023-24,B,perm100,857,365,1.3075389808968831
RNO,2023-24,B,perm101,857,365,1.3002023635573245
RNO,2023-24,B,perm102,857,365,1.2978739945511282
RNO,2023-24,B,perm103,857,365,1.299679391499399
RNO,2023-24,B,perm104,857,365,1.3025210973317876
RNO,2023-24,B,perm105,857,365,1.3013465322868034
RNO,2023-24,B,perm106,857,365,1.291270239098732
RNO,2023-24,B,perm107,857,365,1.2910205245214663
RNO,2023-24,B,perm108,857,365,1.2976573500093558
RNO,2023-24,B,perm109,857,365,1.2977203862083524
RNO,2023-24,B,perm110,857,365,1.2983473742893217
RNO,2023-24,B,perm111,857,365,1.284585965542194
RNO,2023-24,B,perm112,857,365,1.2945023569282428
RNO,2023-24,B,perm113,857,365,1.2880568860817332
RNO,2023-24,B,perm114,857,365,1.300693717240817
RNO,2023-24,B,perm115,857,365,1.2999065630128543
RNO,2023-24,B,perm116,857,365,1.304857744127202
RNO,2023-24,B,perm117,857,365,1.2933950606318807
RNO,2023-24,B,perm118,857,365,1.2916527133568456
RNO,2023-24,B,perm119,857,365,1.2929777056739435
