station,target_date,target_hour,run_date,cycle,lead,temperature_grib_c,cloud_cover_grib_pct,wind_speed_grib_kmh
EGLC,2021-03-24,12,2021-03-23,12,24,11.198,100.0,15.432
EGLC,2021-03-25,12,2021-03-24,12,24,13.106,94.457,18.315
EGLC,2021-03-26,12,2021-03-25,12,24,10.156,94.498,28.843
EGLC,2021-03-27,12,2021-03-26,12,24,9.192,93.638,22.752
EGLC,2021-03-28,12,2021-03-27,12,24,10.753,100.0,24.699
EGLC,2021-03-29,12,2021-03-28,12,24,17.055,9.317,20.885
EGLC,2021-03-30,12,2021-03-29,12,24,19.138,0.0,11.933
EGLC,2021-03-31,12,2021-03-30,12,24,20.885,7.13,12.764
EGLC,2021-04-01,12,2021-03-31,12,24,14.151,27.208,19.213
EGLC,2021-04-02,12,2021-04-01,12,24,11.482,5.0,18.011
EGLC,2021-04-03,12,2021-04-02,12,24,11.101,5.0,18.737
EGLC,2021-04-04,12,2021-04-03,12,24,12.68,9.64,8.864
EGLC,2021-04-05,12,2021-04-04,12,24,4.716,85.392,22.486
EGLC,2021-04-06,12,2021-04-05,12,24,6.045,100.0,21.733
EGLC,2021-04-07,12,2021-04-06,12,24,7.152,63.667,18.067
EGLC,2021-04-08,12,2021-04-07,12,24,10.386,56.535,16.288
EGLC,2021-04-09,12,2021-04-08,12,24,8.772,100.0,8.805
EGLC,2021-04-10,12,2021-04-09,12,24,4.775,100.0,16.204
EGLC,2021-04-11,12,2021-04-10,12,24,8.9,92.222,16.733
EGLC,2021-04-12,12,2021-04-11,12,24,8.889,99.985,9.004
EGLC,2021-04-13,12,2021-04-12,12,24,10.806,100.0,7.128
EGLC,2021-04-14,12,2021-04-13,12,24,9.751,85.09,9.652
EGLC,2021-04-15,12,2021-04-14,12,24,9.018,98.862,16.777
EGLC,2021-04-16,12,2021-04-15,12,24,10.505,16.903,8.913
EGLC,2021-04-17,12,2021-04-16,12,24,11.127,4.969,9.677
EGLC,2021-04-18,12,2021-04-17,12,24,12.181,96.111,5.845
EGLC,2021-04-19,12,2021-04-18,12,24,14.835,4.343,4.874
EGLC,2021-04-20,12,2021-04-19,12,24,16.1,48.29,4.382
EGLC,2021-04-21,12,2021-04-20,12,24,11.389,99.233,18.174
EGLC,2021-04-22,12,2021-04-21,12,24,12.233,5.0,15.411
EGLC,2021-04-23,12,2021-04-22,12,24,13.45,0.0,17.794
EGLC,2021-04-24,12,2021-04-23,12,24,13.638,9.363,19.863
EGLC,2021-04-25,12,2021-04-24,12,24,12.375,5.0,20.995
EGLC,2021-04-26,12,2021-04-25,12,24,12.53,97.402,15.772
EGLC,2021-04-27,12,2021-04-26,12,24,15.195,61.364,2.82
EGLC,2021-04-28,12,2021-04-27,12,24,11.586,100.0,22.055
EGLC,2021-04-29,12,2021-04-28,12,24,9.529,100.0,16.097
EGLC,2021-04-30,12,2021-04-29,12,24,12.145,92.485,7.715
EGLC,2021-05-01,12,2021-04-30,12,24,12.921,86.108,9.172
EGLC,2021-05-02,12,2021-05-01,12,24,13.447,14.387,6.394
EGLC,2021-05-03,12,2021-05-02,12,24,12.721,100.0,27.169
EGLC,2021-05-04,12,2021-05-03,12,24,11.878,85.835,30.835
EGLC,2021-05-05,12,2021-05-04,12,24,11.885,27.63,12.132
EGLC,2021-05-06,12,2021-05-05,12,24,10.275,100.0,12.081
EGLC,2021-05-07,12,2021-05-06,12,24,12.957,97.518,14.051
EGLC,2021-05-08,12,2021-05-07,12,24,12.583,100.0,26.006
EGLC,2021-05-09,12,2021-05-08,12,24,18.896,100.0,25.726
EGLC,2021-05-10,12,2021-05-09,12,24,15.411,13.219,30.017
EGLC,2021-05-11,12,2021-05-10,12,24,13.91,99.779,21.363
EGLC,2021-05-12,12,2021-05-11,12,24,14.748,71.881,16.588
EGLC,2021-05-13,12,2021-05-12,12,24,11.718,100.0,11.308
EGLC,2021-05-14,12,2021-05-13,12,24,12.179,81.561,7.091
EGLC,2021-05-15,12,2021-05-14,12,24,11.955,86.28,9.46
EGLC,2021-05-16,12,2021-05-15,12,24,11.329,99.146,17.585
EGLC,2021-05-17,12,2021-05-16,12,24,13.735,94.652,11.259
EGLC,2021-05-18,12,2021-05-17,12,24,12.202,88.002,11.278
EGLC,2021-05-19,12,2021-05-18,12,24,15.453,18.323,13.641
EGLC,2021-05-20,12,2021-05-19,12,24,11.805,100.0,25.762
EGLC,2021-05-21,12,2021-05-20,12,24,11.14,100.0,35.837
EGLC,2021-05-22,12,2021-05-21,12,24,10.725,70.415,7.041
EGLC,2021-05-23,12,2021-05-22,12,24,12.737,100.0,24.653
EGLC,2021-05-24,12,2021-05-23,12,24,10.226,100.0,14.004
EGLC,2021-05-25,12,2021-05-24,12,24,13.877,94.348,23.151
EGLC,2021-05-26,12,2021-05-25,12,24,14.925,88.128,19.567
EGLC,2021-05-27,12,2021-05-26,12,24,18.904,15.926,4.813
EGLC,2021-05-28,12,2021-05-27,12,24,18.267,100.0,10.513
EGLC,2021-05-29,12,2021-05-28,12,24,19.142,13.271,15.692
EGLC,2021-05-30,12,2021-05-29,12,24,18.485,0.949,15.875
EGLC,2021-05-31,12,2021-05-30,12,24,20.864,0.0,16.296
EGLC,2021-06-01,12,2021-05-31,12,24,22.269,5.0,19.591
EGLC,2021-06-02,12,2021-06-01,12,24,24.736,93.071,16.358
EGLC,2021-06-03,12,2021-06-02,12,24,23.835,5.0,11.097
EGLC,2021-06-04,12,2021-06-03,12,24,12.25,100.0,4.26
EGLC,2021-06-05,12,2021-06-04,12,24,21.019,0.0,9.66
EGLC,2021-06-06,12,2021-06-05,12,24,19.633,99.01,10.399
EGLC,2021-06-07,12,2021-06-06,12,24,21.943,99.475,9.333
EGLC,2021-06-08,12,2021-06-07,12,24,21.997,100.0,8.991
EGLC,2021-06-09,12,2021-06-08,12,24,23.391,5.0,14.055
EGLC,2021-06-10,12,2021-06-09,12,24,20.564,95.545,11.783
EGLC,2021-06-11,12,2021-06-10,12,24,25.308,40.057,19.486
EGLC,2021-06-12,12,2021-06-11,12,24,22.377,5.0,12.58
EGLC,2021-06-13,12,2021-06-12,12,24,26.159,5.77,2.963
EGLC,2021-06-14,12,2021-06-13,12,24,26.819,43.984,11.665
EGLC,2021-06-15,12,2021-06-14,12,24,23.719,33.172,4.483
EGLC,2021-06-16,12,2021-06-15,12,24,27.296,0.005,14.243
EGLC,2021-06-17,12,2021-06-16,12,24,19.505,100.0,7.736
EGLC,2021-06-18,12,2021-06-17,12,24,14.379,100.0,21.488
EGLC,2021-06-19,12,2021-06-18,12,24,15.338,100.0,11.069
EGLC,2021-06-20,12,2021-06-19,12,24,17.462,98.446,9.037
EGLC,2021-06-21,12,2021-06-20,12,24,11.488,100.0,18.694
EGLC,2021-06-22,12,2021-06-21,12,24,14.652,100.0,14.66
EGLC,2021-06-23,12,2021-06-22,12,24,18.485,20.303,10.561
EGLC,2021-06-24,12,2021-06-23,12,24,20.764,100.0,8.689
EGLC,2021-06-25,12,2021-06-24,12,24,14.774,100.0,8.165
EGLC,2021-06-26,12,2021-06-25,12,24,21.309,96.965,8.414
EGLC,2021-06-27,12,2021-06-26,12,24,22.072,92.317,20.361
EGLC,2021-06-28,12,2021-06-27,12,24,17.728,100.0,3.767
EGLC,2021-06-29,12,2021-06-28,12,24,17.167,100.0,12.905
EGLC,2021-06-30,12,2021-06-29,12,24,15.966,100.0,12.543
EGLC,2021-07-01,12,2021-06-30,12,24,20.25,95.017,13.068
EGLC,2021-07-02,12,2021-07-01,12,24,22.2,80.329,11.113
EGLC,2021-07-03,12,2021-07-02,12,24,17.609,95.713,9.857
EGLC,2021-07-04,12,2021-07-03,12,24,18.557,100.0,17.114
EGLC,2021-07-05,12,2021-07-04,12,24,19.714,82.256,17.349
EGLC,2021-07-06,12,2021-07-05,12,24,17.11,100.0,26.365
EGLC,2021-07-07,12,2021-07-06,12,24,17.782,44.243,21.698
EGLC,2021-07-08,12,2021-07-07,12,24,21.801,99.979,10.815
EGLC,2021-07-09,12,2021-07-08,12,24,22.251,100.0,11.508
EGLC,2021-07-10,12,2021-07-09,12,24,13.784,100.0,3.847
EGLC,2021-07-11,12,2021-07-10,12,24,20.751,100.0,12.883
EGLC,2021-07-12,12,2021-07-11,12,24,16.881,96.111,8.891
EGLC,2021-07-13,12,2021-07-12,12,24,20.081,99.518,13.007
EGLC,2021-07-14,12,2021-07-13,12,24,21.218,100.0,17.884
EGLC,2021-07-15,12,2021-07-14,12,24,21.516,97.5,17.039
EGLC,2021-07-16,12,2021-07-15,12,24,23.948,0.0,14.951
EGLC,2021-07-17,12,2021-07-16,12,24,25.627,0.0,10.962
EGLC,2021-07-18,12,2021-07-17,12,24,28.708,0.0,7.653
EGLC,2021-07-19,12,2021-07-18,12,24,26.987,21.224,8.503
EGLC,2021-07-20,12,2021-07-19,12,24,29.148,25.795,3.844
EGLC,2021-07-21,12,2021-07-20,12,24,27.488,44.866,8.003
EGLC,2021-07-22,12,2021-07-21,12,24,26.536,0.0,10.435
EGLC,2021-07-23,12,2021-07-22,12,24,22.872,30.421,18.308
EGLC,2021-07-24,12,2021-07-23,12,24,19.974,99.421,11.647
EGLC,2021-07-25,12,2021-07-24,12,24,17.905,82.241,9.602
EGLC,2021-07-26,12,2021-07-25,12,24,23.743,51.265,8.424
EGLC,2021-07-27,12,2021-07-26,12,24,19.242,99.825,14.42
EGLC,2021-07-28,12,2021-07-27,12,24,19.688,21.802,24.152
EGLC,2021-07-29,12,2021-07-28,12,24,20.931,96.166,21.229
EGLC,2021-07-30,12,2021-07-29,12,24,17.52,53.82,28.41
EGLC,2021-07-31,12,2021-07-30,12,24,19.571,97.346,13.383
EGLC,2021-08-01,12,2021-07-31,12,24,18.7,55.675,6.456
EGLC,2021-08-02,12,2021-08-01,12,24,20.081,100.0,8.297
EGLC,2021-08-03,12,2021-08-02,12,24,16.657,69.571,9.746
EGLC,2021-08-04,12,2021-08-03,12,24,21.966,99.263,5.033
EGLC,2021-08-05,12,2021-08-04,12,24,21.101,92.693,22.171
EGLC,2021-08-06,12,2021-08-05,12,24,19.509,94.968,25.985
EGLC,2021-08-07,12,2021-08-06,12,24,19.693,57.004,26.664
EGLC,2021-08-08,12,2021-08-07,12,24,16.141,72.541,20.431
EGLC,2021-08-09,12,2021-08-08,12,24,18.036,99.521,17.655
EGLC,2021-08-10,12,2021-08-09,12,24,20.671,62.139,16.265
EGLC,2021-08-11,12,2021-08-10,12,24,22.516,62.927,12.974
EGLC,2021-08-12,12,2021-08-11,12,24,21.179,93.934,15.688
EGLC,2021-08-13,12,2021-08-12,12,24,22.334,95.496,19.776
EGLC,2021-08-14,12,2021-08-13,12,24,20.437,80.045,14.071
EGLC,2021-08-15,12,2021-08-14,12,24,23.474,3.794,20.18
EGLC,2021-08-16,12,2021-08-15,12,24,18.703,100.0,19.836
EGLC,2021-08-17,12,2021-08-16,12,24,17.605,99.943,16.356
EGLC,2021-08-18,12,2021-08-17,12,24,20.407,97.913,16.083
EGLC,2021-08-19,12,2021-08-18,12,24,21.679,75.213,13.04
EGLC,2021-08-20,12,2021-08-19,12,24,23.147,7.265,10.182
EGLC,2021-08-21,12,2021-08-20,12,24,22.04,100.0,17.218
EGLC,2021-08-22,12,2021-08-21,12,24,20.888,78.286,14.768
EGLC,2021-08-23,12,2021-08-22,12,24,21.844,3.165,11.963
EGLC,2021-08-24,12,2021-08-23,12,24,21.851,0.0,16.624
EGLC,2021-08-25,12,2021-08-24,12,24,21.606,4.995,12.582
EGLC,2021-08-26,12,2021-08-25,12,24,19.668,4.051,20.006
EGLC,2021-08-27,12,2021-08-26,12,24,18.868,72.995,8.804
EGLC,2021-08-28,12,2021-08-27,12,24,17.134,100.0,14.404
EGLC,2021-08-29,12,2021-08-28,12,24,20.456,0.0,14.71
EGLC,2021-08-30,12,2021-08-29,12,24,21.559,5.885,18.2
EGLC,2021-08-31,12,2021-08-30,12,24,18.935,4.907,15.839
EGLC,2021-09-01,12,2021-08-31,12,24,16.489,62.422,15.558
EGLC,2021-09-02,12,2021-09-01,12,24,20.638,0.474,15.509
EGLC,2021-09-03,12,2021-09-02,12,24,21.21,0.0,13.87
EGLC,2021-09-04,12,2021-09-03,12,24,19.579,5.0,16.133
EGLC,2021-09-05,12,2021-09-04,12,24,22.449,5.0,12.092
EGLC,2021-09-06,12,2021-09-05,12,24,25.635,99.82,3.889
EGLC,2021-09-07,12,2021-09-06,12,24,27.94,4.743,9.277
EGLC,2021-09-08,12,2021-09-07,12,24,27.27,89.626,15.807
EGLC,2021-09-09,12,2021-09-08,12,24,22.571,63.044,18.169
EGLC,2021-09-10,12,2021-09-09,12,24,21.301,96.585,16.298
EGLC,2021-09-11,12,2021-09-10,12,24,22.486,99.979,16.002
EGLC,2021-09-12,12,2021-09-11,12,24,20.437,99.897,6.096
EGLC,2021-09-13,12,2021-09-12,12,24,18.04,100.0,15.245
EGLC,2021-09-14,12,2021-09-13,12,24,14.951,99.99,7.054
EGLC,2021-09-15,12,2021-09-14,12,24,17.571,30.3,9.231
EGLC,2021-09-16,12,2021-09-15,12,24,21.868,22.024,7.968
EGLC,2021-09-17,12,2021-09-16,12,24,20.8,100.0,11.304
EGLC,2021-09-18,12,2021-09-17,12,24,19.347,100.0,10.855
EGLC,2021-09-19,12,2021-09-18,12,24,18.488,100.0,4.178
EGLC,2021-09-20,12,2021-09-19,12,24,18.878,93.794,14.773
EGLC,2021-09-21,12,2021-09-20,12,24,19.773,97.545,4.076
EGLC,2021-09-22,12,2021-09-21,12,24,21.015,5.474,11.341
EGLC,2021-09-23,12,2021-09-22,12,24,20.506,100.0,19.115
EGLC,2021-09-24,12,2021-09-23,12,24,21.273,0.005,11.198
EGLC,2021-09-25,12,2021-09-24,12,24,21.732,99.995,7.804
EGLC,2021-09-26,12,2021-09-25,12,24,21.74,78.555,10.759
EGLC,2021-09-27,12,2021-09-26,12,24,16.492,1.19,23.039
EGLC,2021-09-28,12,2021-09-27,12,24,16.91,99.943,22.51
EGLC,2021-09-29,12,2021-09-28,12,24,14.435,10.943,23.311
EGLC,2021-09-30,12,2021-09-29,12,24,13.863,100.0,26.817
EGLC,2021-10-01,12,2021-09-30,12,24,13.547,100.0,12.759
EGLC,2021-10-02,12,2021-10-01,12,24,12.153,100.0,19.153
EGLC,2021-10-03,12,2021-10-02,12,24,15.701,33.881,22.818
EGLC,2021-10-04,12,2021-10-03,12,24,16.699,99.727,22.087
EGLC,2021-10-05,12,2021-10-04,12,24,11.982,39.418,20.434
EGLC,2021-10-06,12,2021-10-05,12,24,15.033,0.232,21.049
EGLC,2021-10-07,12,2021-10-06,12,24,16.256,100.0,7.902
EGLC,2021-10-08,12,2021-10-07,12,24,18.578,99.732,4.163
EGLC,2021-10-09,12,2021-10-08,12,24,17.664,0.0,3.911
EGLC,2021-10-10,12,2021-10-09,12,24,17.552,96.432,12.325
EGLC,2021-10-11,12,2021-10-10,12,24,14.013,100.0,10.479
EGLC,2021-10-12,12,2021-10-11,12,24,15.489,66.22,12.995
EGLC,2021-10-13,12,2021-10-12,12,24,14.686,62.631,7.003
EGLC,2021-10-14,12,2021-10-13,12,24,17.057,54.233,15.932
EGLC,2021-10-15,12,2021-10-14,12,24,13.357,92.935,10.319
EGLC,2021-10-16,12,2021-10-15,12,24,13.524,100.0,11.8
EGLC,2021-10-17,12,2021-10-16,12,24,16.415,100.0,15.573
EGLC,2021-10-18,12,2021-10-17,12,24,16.297,100.0,16.228
EGLC,2021-10-19,12,2021-10-18,12,24,20.536,5.005,25.973
EGLC,2021-10-20,12,2021-10-19,12,24,17.663,0.542,29.187
EGLC,2021-10-21,12,2021-10-20,12,24,10.528,5.0,16.06
EGLC,2021-10-22,12,2021-10-21,12,24,10.961,100.0,16.068
EGLC,2021-10-23,12,2021-10-22,12,24,13.758,5.823,12.36
EGLC,2021-10-24,12,2021-10-23,12,24,14.39,74.352,20.12
EGLC,2021-10-25,12,2021-10-24,12,24,15.443,75.146,13.806
EGLC,2021-10-26,12,2021-10-25,12,24,14.426,100.0,15.154
EGLC,2021-10-27,12,2021-10-26,12,24,17.824,69.105,21.266
EGLC,2021-10-28,12,2021-10-27,12,24,16.646,5.01,22.303
EGLC,2021-10-29,12,2021-10-28,12,24,14.685,100.0,25.647
EGLC,2021-10-30,12,2021-10-29,12,24,14.015,12.208,17.375
EGLC,2021-10-31,12,2021-10-30,12,24,12.142,100.0,21.753
EGLC,2021-11-01,12,2021-10-31,12,24,12.802,30.839,20.735
EGLC,2021-11-02,12,2021-11-01,12,24,11.194,27.282,7.774
EGLC,2021-11-03,12,2021-11-02,12,24,9.971,58.285,13.666
EGLC,2021-11-04,12,2021-11-03,12,24,8.7,100.0,21.017
EGLC,2021-11-05,12,2021-11-04,12,24,8.889,100.0,10.765
EGLC,2021-11-06,12,2021-11-05,12,24,11.87,100.0,18.89
EGLC,2021-11-07,12,2021-11-06,12,24,11.455,6.461,23.379
EGLC,2021-11-08,12,2021-11-07,12,24,11.159,16.008,7.837
EGLC,2021-11-09,12,2021-11-08,12,24,14.757,5.309,12.778
EGLC,2021-11-10,12,2021-11-09,12,24,12.216,99.707,7.397
EGLC,2021-11-11,12,2021-11-10,12,24,14.089,52.206,8.184
EGLC,2021-11-12,12,2021-11-11,12,24,13.871,100.0,24.691
EGLC,2021-11-13,12,2021-11-12,12,24,13.227,95.795,14.435
EGLC,2021-11-14,12,2021-11-13,12,24,11.301,100.0,8.136
EGLC,2021-11-15,12,2021-11-14,12,24,12.112,100.0,2.975
EGLC,2021-11-16,12,2021-11-15,12,24,10.978,25.205,7.324
EGLC,2021-11-17,12,2021-11-16,12,24,10.897,90.993,13.308
EGLC,2021-11-18,12,2021-11-17,12,24,12.086,5.736,13.57
EGLC,2021-11-19,12,2021-11-18,12,24,12.637,5.0,9.124
EGLC,2021-11-20,12,2021-11-19,12,24,11.993,100.0,7.414
EGLC,2021-11-21,12,2021-11-20,12,24,7.486,87.854,20.281
EGLC,2021-11-22,12,2021-11-21,12,24,9.054,4.503,17.679
EGLC,2021-11-23,12,2021-11-22,12,24,8.43,8.576,7.04
EGLC,2021-11-24,12,2021-11-23,12,24,7.648,95.43,6.208
EGLC,2021-11-25,12,2021-11-24,12,24,6.341,5.0,17.497
EGLC,2021-11-26,12,2021-11-25,12,24,8.608,49.62,21.948
EGLC,2021-11-27,12,2021-11-26,12,24,4.121,100.0,26.407
EGLC,2021-11-28,12,2021-11-27,12,24,3.518,5.0,20.042
EGLC,2021-11-29,12,2021-11-28,12,24,3.963,100.0,9.887
EGLC,2021-11-30,12,2021-11-29,12,24,9.934,100.0,17.298
EGLC,2021-12-01,12,2021-11-30,12,24,8.516,100.0,23.373
EGLC,2021-12-02,12,2021-12-01,12,24,4.042,5.0,19.35
EGLC,2021-12-03,12,2021-12-02,12,24,8.148,100.0,12.155
EGLC,2021-12-04,12,2021-12-03,12,24,6.506,5.0,21.636
EGLC,2021-12-05,12,2021-12-04,12,24,4.786,100.0,22.662
EGLC,2021-12-06,12,2021-12-05,12,24,7.008,100.0,24.44
EGLC,2021-12-07,12,2021-12-06,12,24,7.111,100.0,30.688
EGLC,2021-12-08,12,2021-12-07,12,24,5.921,100.0,25.636
EGLC,2021-12-09,12,2021-12-08,12,24,6.302,100.0,14.052
EGLC,2021-12-10,12,2021-12-09,12,24,6.487,0.921,26.515
EGLC,2021-12-11,12,2021-12-10,12,24,6.087,99.09,9.314
EGLC,2021-12-12,12,2021-12-11,12,24,10.661,100.0,13.252
EGLC,2021-12-13,12,2021-12-12,12,24,11.894,100.0,16.36
EGLC,2021-12-14,12,2021-12-13,12,24,10.956,100.0,11.377
EGLC,2021-12-15,12,2021-12-14,12,24,10.681,0.0,9.964
EGLC,2021-12-16,12,2021-12-15,12,24,10.707,0.0,3.161
EGLC,2021-12-17,12,2021-12-16,12,24,8.554,4.526,7.684
EGLC,2021-12-18,12,2021-12-17,12,24,10.984,73.277,13.897
EGLC,2021-12-19,12,2021-12-18,12,24,8.978,84.304,6.974
EGLC,2021-12-20,12,2021-12-19,12,24,7.724,6.266,11.191
EGLC,2021-12-21,12,2021-12-20,12,24,6.725,5.0,4.432
EGLC,2021-12-22,12,2021-12-21,12,24,4.681,100.0,11.911
EGLC,2021-12-23,12,2021-12-22,12,24,8.728,99.81,13.616
EGLC,2021-12-24,12,2021-12-23,12,24,8.451,100.0,3.119
EGLC,2021-12-25,12,2021-12-24,12,24,6.901,100.0,17.536
EGLC,2021-12-26,12,2021-12-25,12,24,9.581,100.0,4.178
EGLC,2021-12-27,12,2021-12-26,12,24,8.323,100.0,11.889
EGLC,2021-12-28,12,2021-12-27,12,24,8.838,100.0,33.771
EGLC,2021-12-29,12,2021-12-28,12,24,11.335,100.0,15.618
EGLC,2021-12-30,12,2021-12-29,12,24,13.627,100.0,23.333
EGLC,2021-12-31,12,2021-12-30,12,24,13.904,95.326,21.018
EGLC,2022-01-01,12,2021-12-31,12,24,13.905,100.0,20.062
EGLC,2022-01-02,12,2022-01-01,12,24,12.28,100.0,20.717
EGLC,2022-01-03,12,2022-01-02,12,24,10.032,100.0,20.959
EGLC,2022-01-04,12,2022-01-03,12,24,2.374,100.0,18.872
EGLC,2022-01-05,12,2022-01-04,12,24,4.618,28.386,17.214
EGLC,2022-01-06,12,2022-01-05,12,24,4.466,100.0,12.306
EGLC,2022-01-07,12,2022-01-06,12,24,5.149,98.971,21.708
EGLC,2022-01-08,12,2022-01-07,12,24,8.846,100.0,20.515
EGLC,2022-01-09,12,2022-01-08,12,24,5.176,92.152,14.968
EGLC,2022-01-10,12,2022-01-09,12,24,6.963,100.0,7.926
EGLC,2022-01-11,12,2022-01-10,12,24,8.781,100.0,5.463
EGLC,2022-01-12,12,2022-01-11,12,24,6.916,5.0,3.455
EGLC,2022-01-13,12,2022-01-12,12,24,7.5,0.0,4.962
EGLC,2022-01-14,12,2022-01-13,12,24,7.302,0.0,1.071
EGLC,2022-01-15,12,2022-01-14,12,24,7.043,0.0,9.817
EGLC,2022-01-16,12,2022-01-15,12,24,7.674,87.87,7.689
EGLC,2022-01-17,12,2022-01-16,12,24,6.674,0.0,5.078
EGLC,2022-01-18,12,2022-01-17,12,24,7.515,5.0,6.119
EGLC,2022-01-19,12,2022-01-18,12,24,6.835,100.0,12.246
EGLC,2022-01-20,12,2022-01-19,12,24,4.212,5.0,16.406
EGLC,2022-01-21,12,2022-01-20,12,24,4.93,5.0,8.027
EGLC,2022-01-22,12,2022-01-21,12,24,5.867,5.0,11.279
EGLC,2022-01-23,12,2022-01-22,12,24,5.8,1.204,5.478
EGLC,2022-01-24,12,2022-01-23,12,24,5.859,0.0,4.492
EGLC,2022-01-25,12,2022-01-24,12,24,4.959,0.0,2.951
EGLC,2022-01-26,12,2022-01-25,12,24,5.114,13.161,10.156
EGLC,2022-01-27,12,2022-01-26,12,24,9.096,100.0,15.382
EGLC,2022-01-28,12,2022-01-27,12,24,7.757,100.0,12.881
EGLC,2022-01-29,12,2022-01-28,12,24,11.617,98.862,25.81
EGLC,2022-01-30,12,2022-01-29,12,24,6.492,99.619,7.271
EGLC,2022-01-31,12,2022-01-30,12,24,7.324,78.537,24.261
EGLC,2022-02-01,12,2022-01-31,12,24,12.151,100.0,29.558
EGLC,2022-02-02,12,2022-02-01,12,24,11.418,53.961,17.516
EGLC,2022-02-03,12,2022-02-02,12,24,10.341,10.265,16.484
EGLC,2022-02-04,12,2022-02-03,12,24,5.504,75.148,21.286
EGLC,2022-02-05,12,2022-02-04,12,24,8.097,100.0,24.29
EGLC,2022-02-06,12,2022-02-05,12,24,9.249,100.0,27.551
EGLC,2022-02-07,12,2022-02-06,12,24,7.473,22.541,13.423
EGLC,2022-02-08,12,2022-02-07,12,24,12.689,32.331,20.103
EGLC,2022-02-09,12,2022-02-08,12,24,10.789,100.0,13.344
EGLC,2022-02-10,12,2022-02-09,12,24,6.986,100.0,15.108
EGLC,2022-02-11,12,2022-02-10,12,24,6.511,5.0,4.897
EGLC,2022-02-12,12,2022-02-11,12,24,7.798,99.985,23.861
EGLC,2022-02-13,12,2022-02-12,12,24,8.494,100.0,28.833
EGLC,2022-02-14,12,2022-02-13,12,24,9.187,33.798,21.604
EGLC,2022-02-15,12,2022-02-14,12,24,8.914,100.0,28.814
EGLC,2022-02-16,12,2022-02-15,12,24,13.697,84.364,26.087
EGLC,2022-02-17,12,2022-02-16,12,24,9.589,13.911,23.058
EGLC,2022-02-18,12,2022-02-17,12,24,7.943,100.0,53.108
EGLC,2022-02-19,12,2022-02-18,12,24,7.605,100.0,30.997
EGLC,2022-02-20,12,2022-02-19,12,24,10.512,100.0,30.407
EGLC,2022-02-21,12,2022-02-20,12,24,9.002,100.0,36.38
EGLC,2022-02-22,12,2022-02-21,12,24,11.694,100.0,25.927
EGLC,2022-02-23,12,2022-02-22,12,24,10.429,97.695,20.65
EGLC,2022-02-24,12,2022-02-23,12,24,5.59,77.6,24.426
EGLC,2022-02-25,12,2022-02-24,12,24,8.753,0.0,20.373
EGLC,2022-02-26,12,2022-02-25,12,24,9.711,94.049,18.274
EGLC,2022-02-27,12,2022-02-26,12,24,8.158,0.0,21.001
EGLC,2022-02-28,12,2022-02-27,12,24,10.629,88.163,17.46
EGLC,2022-03-01,12,2022-02-28,12,24,7.829,100.0,14.875
EGLC,2022-03-02,12,2022-03-01,12,24,6.338,100.0,11.741
EGLC,2022-03-03,12,2022-03-02,12,24,10.625,96.87,11.735
EGLC,2022-03-04,12,2022-03-03,12,24,6.935,100.0,10.426
EGLC,2022-03-05,12,2022-03-04,12,24,5.937,100.0,20.031
EGLC,2022-03-06,12,2022-03-05,12,24,6.67,75.801,20.113
EGLC,2022-03-07,12,2022-03-06,12,24,7.135,1.865,20.181
EGLC,2022-03-08,12,2022-03-07,12,24,8.437,3.387,19.531
EGLC,2022-03-09,12,2022-03-08,12,24,12.174,7.884,21.218
EGLC,2022-03-10,12,2022-03-09,12,24,12.321,95.232,16.221
EGLC,2022-03-11,12,2022-03-10,12,24,10.956,100.0,27.508
EGLC,2022-03-12,12,2022-03-11,12,24,11.367,1.17,21.882
EGLC,2022-03-13,12,2022-03-12,12,24,11.527,100.0,21.752
EGLC,2022-03-14,12,2022-03-13,12,24,11.648,70.43,13.954
EGLC,2022-03-15,12,2022-03-14,12,24,13.488,100.0,11.584
EGLC,2022-03-16,12,2022-03-15,12,24,11.557,99.995,3.951
EGLC,2022-03-17,12,2022-03-16,12,24,11.659,10.596,15.245
EGLC,2022-03-18,12,2022-03-17,12,24,13.507,10.702,13.287
EGLC,2022-03-19,12,2022-03-18,12,24,11.768,0.0,24.448
EGLC,2022-03-20,12,2022-03-19,12,24,9.794,81.913,10.964
EGLC,2022-03-21,12,2022-03-20,12,24,13.805,100.0,10.499
EGLC,2022-03-22,12,2022-03-21,12,24,15.928,22.264,11.263
EGLC,2022-03-23,12,2022-03-22,12,24,17.227,0.0,7.642
EGLC,2022-03-24,12,2022-03-23,12,24,16.644,0.474,0.745
EGLC,2022-03-25,12,2022-03-24,12,24,15.727,5.0,12.84
EGLC,2022-03-26,12,2022-03-25,12,24,15.597,0.0,16.46
EGLC,2022-03-27,12,2022-03-26,12,24,14.472,32.165,14.486
EGLC,2022-03-28,12,2022-03-27,12,24,15.792,96.485,5.626
EGLC,2022-03-29,12,2022-03-28,12,24,8.307,100.0,8.295
EGLC,2022-03-30,12,2022-03-29,12,24,11.906,100.0,4.834
EGLC,2022-03-31,12,2022-03-30,12,24,7.481,24.189,29.957
EGLC,2022-04-01,12,2022-03-31,12,24,7.481,97.629,27.505
EGLC,2022-04-02,12,2022-04-01,12,24,8.442,100.0,14.033
EGLC,2022-04-03,12,2022-04-02,12,24,8.951,90.096,8.744
EGLC,2022-04-04,12,2022-04-03,12,24,9.625,100.0,18.488
EGLC,2022-04-05,12,2022-04-04,12,24,12.788,100.0,19.51
EGLC,2022-04-06,12,2022-04-05,12,24,12.717,100.0,24.962
EGLC,2022-04-07,12,2022-04-06,12,24,10.611,77.564,35.68
EGLC,2022-04-08,12,2022-04-07,12,24,8.361,100.0,7.635
EGLC,2022-04-09,12,2022-04-08,12,24,10.032,11.075,18.271
EGLC,2022-04-10,12,2022-04-09,12,24,12.17,74.858,9.931
EGLC,2022-04-11,12,2022-04-10,12,24,14.385,100.0,22.977
EGLC,2022-04-12,12,2022-04-11,12,24,17.704,99.99,15.046
EGLC,2022-04-13,12,2022-04-12,12,24,17.716,57.97,16.974
EGLC,2022-04-14,12,2022-04-13,12,24,17.789,100.0,7.135
EGLC,2022-04-15,12,2022-04-14,12,24,19.576,74.788,3.237
EGLC,2022-04-16,12,2022-04-15,12,24,16.963,5.0,15.093
EGLC,2022-04-17,12,2022-04-16,12,24,15.979,100.0,16.653
EGLC,2022-04-18,12,2022-04-17,12,24,15.603,100.0,9.166
EGLC,2022-04-19,12,2022-04-18,12,24,14.921,95.176,10.761
EGLC,2022-04-20,12,2022-04-19,12,24,15.637,21.268,21.259
EGLC,2022-04-21,12,2022-04-20,12,24,15.547,21.65,21.664
EGLC,2022-04-22,12,2022-04-21,12,24,14.182,75.556,25.626
EGLC,2022-04-23,12,2022-04-22,12,24,14.387,53.86,25.571
EGLC,2022-04-24,12,2022-04-23,12,24,17.021,23.663,20.758
EGLC,2022-04-25,12,2022-04-24,12,24,12.546,38.91,18.006
EGLC,2022-04-26,12,2022-04-25,12,24,14.33,7.649,13.198
EGLC,2022-04-27,12,2022-04-26,12,24,13.423,12.24,12.104
EGLC,2022-04-28,12,2022-04-27,12,24,14.483,83.849,11.488
EGLC,2022-04-29,12,2022-04-28,12,24,13.817,59.489,14.703
EGLC,2022-04-30,12,2022-04-29,12,24,15.577,13.691,5.952
EGLC,2022-05-01,12,2022-04-30,12,24,13.019,100.0,12.523
EGLC,2022-05-02,12,2022-05-01,12,24,15.011,73.061,4.972
EGLC,2022-05-03,12,2022-05-02,12,24,13.144,51.23,9.619
EGLC,2022-05-04,12,2022-05-03,12,24,14.26,82.452,14.373
EGLC,2022-05-05,12,2022-05-04,12,24,17.776,5.0,9.777
EGLC,2022-05-06,12,2022-05-05,12,24,20.432,100.0,14.284
EGLC,2022-05-07,12,2022-05-06,12,24,16.223,77.977,15.961
EGLC,2022-05-08,12,2022-05-07,12,24,16.999,4.774,12.899
EGLC,2022-05-09,12,2022-05-08,12,24,19.343,100.0,16.345
EGLC,2022-05-10,12,2022-05-09,12,24,16.468,92.219,15.134
EGLC,2022-05-11,12,2022-05-10,12,24,18.499,95.815,29.841
EGLC,2022-05-12,12,2022-05-11,12,24,17.457,5.0,18.705
EGLC,2022-05-13,12,2022-05-12,12,24,18.393,7.793,20.446
EGLC,2022-05-14,12,2022-05-13,12,24,20.81,0.0,6.022
EGLC,2022-05-15,12,2022-05-14,12,24,20.269,100.0,18.969
EGLC,2022-05-16,12,2022-05-15,12,24,21.147,51.36,21.824
EGLC,2022-05-17,12,2022-05-16,12,24,23.073,7.094,13.346
EGLC,2022-05-18,12,2022-05-17,12,24,20.313,100.0,12.969
EGLC,2022-05-19,12,2022-05-18,12,24,20.914,0.0,13.177
EGLC,2022-05-20,12,2022-05-19,12,24,11.519,100.0,12.079
EGLC,2022-05-21,12,2022-05-20,12,24,18.001,98.577,13.359
EGLC,2022-05-22,12,2022-05-21,12,24,20.696,7.12,11.766
EGLC,2022-05-23,12,2022-05-22,12,24,14.826,100.0,11.271
EGLC,2022-05-24,12,2022-05-23,12,24,14.728,36.642,15.126
EGLC,2022-05-25,12,2022-05-24,12,24,13.647,100.0,22.93
EGLC,2022-05-26,12,2022-05-25,12,24,18.444,100.0,22.716
EGLC,2022-05-27,12,2022-05-26,12,24,17.618,78.104,16.808
EGLC,2022-05-28,12,2022-05-27,12,24,17.431,37.448,14.324
EGLC,2022-05-29,12,2022-05-28,12,24,15.236,86.413,13.645
EGLC,2022-05-30,12,2022-05-29,12,24,14.325,96.549,11.776
EGLC,2022-05-31,12,2022-05-30,12,24,14.685,98.862,12.358
EGLC,2022-06-01,12,2022-05-31,12,24,15.564,86.311,10.793
EGLC,2022-06-02,12,2022-06-01,12,24,18.736,49.822,12.801
EGLC,2022-06-03,12,2022-06-02,12,24,20.921,5.0,17.793
EGLC,2022-06-04,12,2022-06-03,12,24,18.113,4.077,25.021
EGLC,2022-06-05,12,2022-06-04,12,24,14.136,100.0,8.486
EGLC,2022-06-06,12,2022-06-05,12,24,12.765,99.563,8.535
EGLC,2022-06-07,12,2022-06-06,12,24,13.945,99.959,7.109
EGLC,2022-06-08,12,2022-06-07,12,24,19.16,25.418,22.463
EGLC,2022-06-09,12,2022-06-08,12,24,20.263,100.0,20.436
EGLC,2022-06-10,12,2022-06-09,12,24,22.083,2.46,17.353
EGLC,2022-06-11,12,2022-06-10,12,24,22.013,4.741,19.737
EGLC,2022-06-12,12,2022-06-11,12,24,17.935,98.577,14.836
EGLC,2022-06-13,12,2022-06-12,12,24,19.891,99.995,10.123
EGLC,2022-06-14,12,2022-06-13,12,24,22.502,1.434,10.236
EGLC,2022-06-15,12,2022-06-14,12,24,25.706,100.0,7.307
EGLC,2022-06-16,12,2022-06-15,12,24,26.97,100.0,4.906
EGLC,2022-06-17,12,2022-06-16,12,24,30.047,96.095,20.948
EGLC,2022-06-18,12,2022-06-17,12,24,25.375,97.437,16.733
EGLC,2022-06-19,12,2022-06-18,12,24,17.713,100.0,13.678
EGLC,2022-06-20,12,2022-06-19,12,24,20.601,0.454,14.906
EGLC,2022-06-21,12,2022-06-20,12,24,22.768,23.895,11.738
EGLC,2022-06-22,12,2022-06-21,12,24,24.699,5.0,14.609
EGLC,2022-06-23,12,2022-06-22,12,24,21.192,100.0,14.709
EGLC,2022-06-24,12,2022-06-23,12,24,23.678,64.546,22.588
EGLC,2022-06-25,12,2022-06-24,12,24,20.736,97.005,22.158
EGLC,2022-06-26,12,2022-06-25,12,24,21.02,5.0,24.825
EGLC,2022-06-27,12,2022-06-26,12,24,20.191,100.0,24.681
EGLC,2022-06-28,12,2022-06-27,12,24,21.716,5.19,23.332
EGLC,2022-06-29,12,2022-06-28,12,24,21.631,97.439,20.272
EGLC,2022-06-30,12,2022-06-29,12,24,19.726,100.0,9.687
EGLC,2022-07-01,12,2022-06-30,12,24,20.262,100.0,17.399
EGLC,2022-07-02,12,2022-07-01,12,24,22.006,97.249,20.513
EGLC,2022-07-03,12,2022-07-02,12,24,22.078,22.702,11.709
EGLC,2022-07-04,12,2022-07-03,12,24,22.515,2.404,15.516
EGLC,2022-07-05,12,2022-07-04,12,24,21.555,8.451,14.345
EGLC,2022-07-06,12,2022-07-05,12,24,21.545,97.528,13.932
EGLC,2022-07-07,12,2022-07-06,12,24,23.278,5.0,16.083
EGLC,2022-07-08,12,2022-07-07,12,24,26.868,5.0,9.363
EGLC,2022-07-09,12,2022-07-08,12,24,25.155,5.0,15.056
EGLC,2022-07-10,12,2022-07-09,12,24,27.02,0.0,8.811
EGLC,2022-07-11,12,2022-07-10,12,24,30.789,6.708,1.26
EGLC,2022-07-12,12,2022-07-11,12,24,27.767,100.0,16.146
EGLC,2022-07-13,12,2022-07-12,12,24,27.364,99.974,9.742
EGLC,2022-07-14,12,2022-07-13,12,24,24.283,0.479,16.46
EGLC,2022-07-15,12,2022-07-14,12,24,24.271,0.095,10.185
EGLC,2022-07-16,12,2022-07-15,12,24,26.126,58.225,6.072
EGLC,2022-07-17,12,2022-07-16,12,24,30.912,99.933,11.603
EGLC,2022-07-18,12,2022-07-17,12,24,37.402,5.095,11.675
EGLC,2022-07-19,12,2022-07-18,12,24,39.418,5.0,23.578
EGLC,2022-07-20,12,2022-07-19,12,24,28.013,31.592,17.001
EGLC,2022-07-21,12,2022-07-20,12,24,25.279,78.164,9.334
EGLC,2022-07-22,12,2022-07-21,12,24,18.749,64.845,12.302
EGLC,2022-07-23,12,2022-07-22,12,24,25.988,74.34,10.973
EGLC,2022-07-24,12,2022-07-23,12,24,28.361,4.743,24.147
EGLC,2022-07-25,12,2022-07-24,12,24,22.027,67.678,22.323
EGLC,2022-07-26,12,2022-07-25,12,24,19.718,100.0,5.467
EGLC,2022-07-27,12,2022-07-26,12,24,19.42,100.0,11.098
EGLC,2022-07-28,12,2022-07-27,12,24,22.663,100.0,16.386
EGLC,2022-07-29,12,2022-07-28,12,24,26.486,5.041,4.399
EGLC,2022-07-30,12,2022-07-29,12,24,26.854,41.984,12.114
EGLC,2022-07-31,12,2022-07-30,12,24,21.819,100.0,18.283
EGLC,2022-08-01,12,2022-07-31,12,24,23.953,97.714,3.515
EGLC,2022-08-02,12,2022-08-01,12,24,28.275,84.455,19.793
EGLC,2022-08-03,12,2022-08-02,12,24,26.688,82.245,17.266
EGLC,2022-08-04,12,2022-08-03,12,24,24.488,100.0,9.463
EGLC,2022-08-05,12,2022-08-04,12,24,21.998,5.0,17.69
EGLC,2022-08-06,12,2022-08-05,12,24,22.39,84.251,7.696
EGLC,2022-08-07,12,2022-08-06,12,24,25.173,0.139,7.26
EGLC,2022-08-08,12,2022-08-07,12,24,27.042,5.0,6.131
EGLC,2022-08-09,12,2022-08-08,12,24,27.023,3.794,11.166
EGLC,2022-08-10,12,2022-08-09,12,24,28.164,6.895,14.029
EGLC,2022-08-11,12,2022-08-10,12,24,31.251,0.0,14.96
EGLC,2022-08-12,12,2022-08-11,12,24,32.094,0.0,13.102
EGLC,2022-08-13,12,2022-08-12,12,24,32.741,4.969,16.682
EGLC,2022-08-14,12,2022-08-13,12,24,32.014,100.0,9.953
EGLC,2022-08-15,12,2022-08-14,12,24,28.319,100.0,11.442
EGLC,2022-08-16,12,2022-08-15,12,24,25.795,100.0,7.215
EGLC,2022-08-17,12,2022-08-16,12,24,23.005,93.002,15.727
EGLC,2022-08-18,12,2022-08-17,12,24,22.741,86.333,4.349
EGLC,2022-08-19,12,2022-08-18,12,24,25.07,1.339,13.05
EGLC,2022-08-20,12,2022-08-19,12,24,21.75,100.0,16.493
EGLC,2022-08-21,12,2022-08-20,12,24,23.259,43.737,8.792
EGLC,2022-08-22,12,2022-08-21,12,24,25.32,29.87,10.541
EGLC,2022-08-23,12,2022-08-22,12,24,26.54,84.878,11.759
EGLC,2022-08-24,12,2022-08-23,12,24,28.099,79.659,13.355
EGLC,2022-08-25,12,2022-08-24,12,24,18.861,100.0,3.519
EGLC,2022-08-26,12,2022-08-25,12,24,23.151,4.551,3.847
EGLC,2022-08-27,12,2022-08-26,12,24,22.178,28.903,6.102
EGLC,2022-08-28,12,2022-08-27,12,24,22.274,100.0,16.291
EGLC,2022-08-29,12,2022-08-28,12,24,22.11,7.573,13.534
EGLC,2022-08-30,12,2022-08-29,12,24,21.526,100.0,15.802
EGLC,2022-08-31,12,2022-08-30,12,24,22.046,65.577,19.921
EGLC,2022-09-01,12,2022-08-31,12,24,22.502,100.0,18.499
EGLC,2022-09-02,12,2022-09-01,12,24,25.435,49.938,14.719
EGLC,2022-09-03,12,2022-09-02,12,24,24.961,90.264,11.618
EGLC,2022-09-04,12,2022-09-03,12,24,23.129,84.132,17.702
EGLC,2022-09-05,12,2022-09-04,12,24,23.24,99.81,12.992
EGLC,2022-09-06,12,2022-09-05,12,24,20.675,40.682,16.95
EGLC,2022-09-07,12,2022-09-06,12,24,21.332,100.0,20.039
EGLC,2022-09-08,12,2022-09-07,12,24,18.402,100.0,19.435
EGLC,2022-09-09,12,2022-09-08,12,24,18.41,98.94,15.036
EGLC,2022-09-10,12,2022-09-09,12,24,17.438,100.0,12.567
EGLC,2022-09-11,12,2022-09-10,12,24,22.398,83.149,9.323
EGLC,2022-09-12,12,2022-09-11,12,24,24.827,94.043,10.958
EGLC,2022-09-13,12,2022-09-12,12,24,19.152,100.0,11.326
EGLC,2022-09-14,12,2022-09-13,12,24,19.355,100.0,7.443
EGLC,2022-09-15,12,2022-09-14,12,24,19.044,8.102,8.917
EGLC,2022-09-16,12,2022-09-15,12,24,15.357,100.0,18.919
EGLC,2022-09-17,12,2022-09-16,12,24,15.53,5.0,15.999
EGLC,2022-09-18,12,2022-09-17,12,24,17.103,100.0,18.301
EGLC,2022-09-19,12,2022-09-18,12,24,17.534,47.273,7.491
EGLC,2022-09-20,12,2022-09-19,12,24,18.444,100.0,3.388
EGLC,2022-09-21,12,2022-09-20,12,24,19.857,73.176,4.685
EGLC,2022-09-22,12,2022-09-21,12,24,20.039,100.0,14.926
EGLC,2022-09-23,12,2022-09-22,12,24,18.087,100.0,6.153
EGLC,2022-09-24,12,2022-09-23,12,24,17.798,99.99,17.196
EGLC,2022-09-25,12,2022-09-24,12,24,16.313,63.666,12.289
EGLC,2022-09-26,12,2022-09-25,12,24,13.25,68.389,19.285
EGLC,2022-09-27,12,2022-09-26,12,24,13.962,99.1,19.732
EGLC,2022-09-28,12,2022-09-27,12,24,14.129,99.985,13.395
EGLC,2022-09-29,12,2022-09-28,12,24,15.395,85.941,8.892
EGLC,2022-09-30,12,2022-09-29,12,24,17.747,100.0,22.884
EGLC,2022-10-01,12,2022-09-30,12,24,17.468,33.693,21.639
EGLC,2022-10-02,12,2022-10-01,12,24,16.355,100.0,6.188
EGLC,2022-10-03,12,2022-10-02,12,24,18.15,97.085,9.879
EGLC,2022-10-04,12,2022-10-03,12,24,19.584,100.0,20.061
EGLC,2022-10-05,12,2022-10-04,12,24,17.372,100.0,28.501
EGLC,2022-10-06,12,2022-10-05,12,24,17.198,6.945,19.211
EGLC,2022-10-07,12,2022-10-06,12,24,18.819,23.464,24.072
EGLC,2022-10-08,12,2022-10-07,12,24,15.282,4.515,11.707
EGLC,2022-10-09,12,2022-10-08,12,24,17.102,0.0,18.231
EGLC,2022-10-10,12,2022-10-09,12,24,15.006,0.0,18.39
EGLC,2022-10-11,12,2022-10-10,12,24,14.856,5.0,1.713
EGLC,2022-10-12,12,2022-10-11,12,24,16.83,68.453,13.931
EGLC,2022-10-13,12,2022-10-12,12,24,15.461,23.737,2.977
EGLC,2022-10-14,12,2022-10-13,12,24,17.251,100.0,13.373
EGLC,2022-10-15,12,2022-10-14,12,24,16.637,100.0,22.509
EGLC,2022-10-16,12,2022-10-15,12,24,16.042,100.0,14.012
EGLC,2022-10-17,12,2022-10-16,12,24,17.334,100.0,16.499
EGLC,2022-10-18,12,2022-10-17,12,24,17.21,1.093,10.616
EGLC,2022-10-19,12,2022-10-18,12,24,16.699,64.827,24.75
EGLC,2022-10-20,12,2022-10-19,12,24,15.027,99.99,6.677
EGLC,2022-10-21,12,2022-10-20,12,24,16.722,90.315,25.567
EGLC,2022-10-22,12,2022-10-21,12,24,17.809,100.0,17.01
EGLC,2022-10-23,12,2022-10-22,12,24,17.478,100.0,17.731
EGLC,2022-10-24,12,2022-10-23,12,24,16.86,15.298,19.522
EGLC,2022-10-25,12,2022-10-24,12,24,17.496,22.879,16.11
EGLC,2022-10-26,12,2022-10-25,12,24,19.096,55.375,26.359
EGLC,2022-10-27,12,2022-10-26,12,24,19.665,99.017,18.623
EGLC,2022-10-28,12,2022-10-27,12,24,18.088,100.0,19.422
EGLC,2022-10-29,12,2022-10-28,12,24,20.805,100.0,14.861
EGLC,2022-10-30,12,2022-10-29,12,24,13.512,100.0,15.137
EGLC,2022-10-31,12,2022-10-30,12,24,17.119,9.596,15.605
EGLC,2022-11-01,12,2022-10-31,12,24,14.424,11.505,27.984
EGLC,2022-11-02,12,2022-11-01,12,24,14.939,100.0,22.034
EGLC,2022-11-03,12,2022-11-02,12,24,10.215,100.0,2.39
EGLC,2022-11-04,12,2022-11-03,12,24,11.218,0.0,15.296
EGLC,2022-11-05,12,2022-11-04,12,24,10.699,100.0,14.042
EGLC,2022-11-06,12,2022-11-05,12,24,12.91,100.0,16.225
EGLC,2022-11-07,12,2022-11-06,12,24,13.349,100.0,20.016
EGLC,2022-11-08,12,2022-11-07,12,24,13.582,100.0,29.583
EGLC,2022-11-09,12,2022-11-08,12,24,13.233,82.831,21.027
EGLC,2022-11-10,12,2022-11-09,12,24,14.814,99.918,19.152
EGLC,2022-11-11,12,2022-11-10,12,24,16.085,0.0,18.367
EGLC,2022-11-12,12,2022-11-11,12,24,16.051,5.0,10.154
EGLC,2022-11-13,12,2022-11-12,12,24,15.469,41.302,9.954
EGLC,2022-11-14,12,2022-11-13,12,24,15.285,0.499,8.888
EGLC,2022-11-15,12,2022-11-14,12,24,12.085,100.0,25.63
EGLC,2022-11-16,12,2022-11-15,12,24,10.286,93.237,14.026
EGLC,2022-11-17,12,2022-11-16,12,24,10.045,99.532,24.396
EGLC,2022-11-18,12,2022-11-17,12,24,11.181,83.925,17.698
EGLC,2022-11-19,12,2022-11-18,12,24,9.818,60.21,10.751
EGLC,2022-11-20,12,2022-11-19,12,24,10.019,0.0,16.273
EGLC,2022-11-21,12,2022-11-20,12,24,10.12,100.0,21.881
EGLC,2022-11-22,12,2022-11-21,12,24,8.851,63.525,13.378
EGLC,2022-11-23,12,2022-11-22,12,24,10.0,5.0,22.382
EGLC,2022-11-24,12,2022-11-23,12,24,11.494,100.0,25.571
EGLC,2022-11-25,12,2022-11-24,12,24,10.495,0.0,13.932
EGLC,2022-11-26,12,2022-11-25,12,24,12.158,95.277,19.447
EGLC,2022-11-27,12,2022-11-26,12,24,11.656,100.0,5.088
EGLC,2022-11-28,12,2022-11-27,12,24,10.413,100.0,4.092
EGLC,2022-11-29,12,2022-11-28,12,24,8.612,0.0,4.724
EGLC,2022-11-30,12,2022-11-29,12,24,9.137,19.014,5.52
EGLC,2022-12-01,12,2022-11-30,12,24,7.875,5.0,6.599
EGLC,2022-12-02,12,2022-12-01,12,24,7.881,73.046,12.442
EGLC,2022-12-03,12,2022-12-02,12,24,7.044,98.693,17.021
EGLC,2022-12-04,12,2022-12-03,12,24,5.602,100.0,14.531
EGLC,2022-12-05,12,2022-12-04,12,24,7.054,100.0,10.241
EGLC,2022-12-06,12,2022-12-05,12,24,6.749,81.922,10.84
EGLC,2022-12-07,12,2022-12-06,12,24,4.414,71.627,11.756
EGLC,2022-12-08,12,2022-12-07,12,24,3.365,5.0,9.033
EGLC,2022-12-09,12,2022-12-08,12,24,3.578,35.906,8.232
EGLC,2022-12-10,12,2022-12-09,12,24,3.001,2.977,8.503
EGLC,2022-12-11,12,2022-12-10,12,24,2.42,99.079,4.347
EGLC,2022-12-12,12,2022-12-11,12,24,1.641,100.0,6.695
EGLC,2022-12-13,12,2022-12-12,12,24,1.431,100.0,6.748
EGLC,2022-12-14,12,2022-12-13,12,24,2.484,91.273,14.52
EGLC,2022-12-15,12,2022-12-14,12,24,1.273,0.0,6.884
EGLC,2022-12-16,12,2022-12-15,12,24,1.533,5.0,3.204
EGLC,2022-12-17,12,2022-12-16,12,24,2.482,73.346,8.48
EGLC,2022-12-18,12,2022-12-17,12,24,2.64,100.0,15.78
EGLC,2022-12-19,12,2022-12-18,12,24,12.17,100.0,32.114
EGLC,2022-12-20,12,2022-12-19,12,24,10.483,0.093,13.636
EGLC,2022-12-21,12,2022-12-20,12,24,10.167,100.0,15.788
EGLC,2022-12-22,12,2022-12-21,12,24,8.835,99.974,10.614
EGLC,2022-12-23,12,2022-12-22,12,24,9.928,100.0,10.045
EGLC,2022-12-24,12,2022-12-23,12,24,9.442,100.0,9.171
EGLC,2022-12-25,12,2022-12-24,12,24,9.344,100.0,5.894
EGLC,2022-12-26,12,2022-12-25,12,24,7.3,4.943,16.709
EGLC,2022-12-27,12,2022-12-26,12,24,8.745,15.823,18.126
EGLC,2022-12-28,12,2022-12-27,12,24,10.244,100.0,33.192
EGLC,2022-12-29,12,2022-12-28,12,24,8.955,83.195,25.165
EGLC,2022-12-30,12,2022-12-29,12,24,11.25,100.0,30.764
EGLC,2022-12-31,12,2022-12-30,12,24,12.359,100.0,23.179
EGLC,2023-01-01,12,2022-12-31,12,24,10.929,100.0,21.965
EGLC,2023-01-02,12,2023-01-01,12,24,8.787,100.0,12.751
EGLC,2023-01-03,12,2023-01-02,12,24,9.527,100.0,24.54
EGLC,2023-01-04,12,2023-01-03,12,24,12.833,83.563,28.05
EGLC,2023-01-05,12,2023-01-04,12,24,11.602,100.0,16.103
EGLC,2023-01-06,12,2023-01-05,12,24,10.032,100.0,14.604
EGLC,2023-01-07,12,2023-01-06,12,24,10.529,100.0,33.391
EGLC,2023-01-08,12,2023-01-07,12,24,9.289,100.0,25.643
EGLC,2023-01-09,12,2023-01-08,12,24,6.887,100.0,18.78
EGLC,2023-01-10,12,2023-01-09,12,24,8.666,100.0,28.32
EGLC,2023-01-11,12,2023-01-10,12,24,9.042,100.0,23.863
EGLC,2023-01-12,12,2023-01-11,12,24,11.507,100.0,29.758
EGLC,2023-01-13,12,2023-01-12,12,24,9.168,95.974,29.477
EGLC,2023-01-14,12,2023-01-13,12,24,11.531,100.0,21.774
EGLC,2023-01-15,12,2023-01-14,12,24,6.728,98.781,25.761
EGLC,2023-01-16,12,2023-01-15,12,24,3.791,100.0,22.014
EGLC,2023-01-17,12,2023-01-16,12,24,2.663,70.645,8.449
EGLC,2023-01-18,12,2023-01-17,12,24,3.797,4.907,14.18
EGLC,2023-01-19,12,2023-01-18,12,24,3.648,5.0,8.385
EGLC,2023-01-20,12,2023-01-19,12,24,4.961,5.0,16.044
EGLC,2023-01-21,12,2023-01-20,12,24,4.043,32.33,4.568
EGLC,2023-01-22,12,2023-01-21,12,24,3.376,99.995,2.334
EGLC,2023-01-23,12,2023-01-22,12,24,3.04,100.0,4.469
EGLC,2023-01-24,12,2023-01-23,12,24,4.311,0.0,5.491
EGLC,2023-01-25,12,2023-01-24,12,24,4.426,99.995,8.107
EGLC,2023-01-26,12,2023-01-25,12,24,6.001,100.0,16.884
EGLC,2023-01-27,12,2023-01-26,12,24,5.173,99.043,13.948
EGLC,2023-01-28,12,2023-01-27,12,24,4.695,5.095,6.965
EGLC,2023-01-29,12,2023-01-28,12,24,7.978,97.154,14.609
EGLC,2023-01-30,12,2023-01-29,12,24,7.668,100.0,18.173
EGLC,2023-01-31,12,2023-01-30,12,24,9.38,100.0,18.657
EGLC,2023-02-01,12,2023-01-31,12,24,8.28,100.0,22.192
EGLC,2023-02-02,12,2023-02-01,12,24,11.108,5.041,18.568
EGLC,2023-02-03,12,2023-02-02,12,24,11.419,53.677,14.078
EGLC,2023-02-04,12,2023-02-03,12,24,9.77,6.518,6.913
EGLC,2023-02-05,12,2023-02-04,12,24,6.797,100.0,13.698
EGLC,2023-02-06,12,2023-02-05,12,24,7.064,5.0,2.546
EGLC,2023-02-07,12,2023-02-06,12,24,7.016,0.201,2.636
EGLC,2023-02-08,12,2023-02-07,12,24,6.753,57.308,8.694
EGLC,2023-02-09,12,2023-02-08,12,24,7.621,99.058,10.497
EGLC,2023-02-10,12,2023-02-09,12,24,6.658,100.0,12.909
EGLC,2023-02-11,12,2023-02-10,12,24,10.136,5.01,6.768
EGLC,2023-02-12,12,2023-02-11,12,24,10.989,9.556,8.9
EGLC,2023-02-13,12,2023-02-12,12,24,10.153,0.0,7.895
EGLC,2023-02-14,12,2023-02-13,12,24,11.093,0.226,7.586
EGLC,2023-02-15,12,2023-02-14,12,24,11.244,0.49,16.449
EGLC,2023-02-16,12,2023-02-15,12,24,9.326,100.0,19.091
EGLC,2023-02-17,12,2023-02-16,12,24,14.206,100.0,25.464
EGLC,2023-02-18,12,2023-02-17,12,24,11.621,100.0,17.58
EGLC,2023-02-19,12,2023-02-18,12,24,11.522,41.899,14.551
EGLC,2023-02-20,12,2023-02-19,12,24,13.644,0.005,19.364
EGLC,2023-02-21,12,2023-02-20,12,24,11.513,100.0,8.429
EGLC,2023-02-22,12,2023-02-21,12,24,8.441,100.0,8.645
EGLC,2023-02-23,12,2023-02-22,12,24,6.484,99.146,18.577
EGLC,2023-02-24,12,2023-02-23,12,24,6.613,100.0,9.877
EGLC,2023-02-25,12,2023-02-24,12,24,6.318,97.795,16.418
EGLC,2023-02-26,12,2023-02-25,12,24,7.301,12.425,18.453
EGLC,2023-02-27,12,2023-02-26,12,24,7.385,80.65,17.193
EGLC,2023-02-28,12,2023-02-27,12,24,7.541,99.645,12.396
EGLC,2023-03-01,12,2023-02-28,12,24,6.964,100.0,13.252
EGLC,2023-03-02,12,2023-03-01,12,24,8.688,5.0,15.184
EGLC,2023-03-03,12,2023-03-02,12,24,6.068,100.0,13.705
EGLC,2023-03-04,12,2023-03-03,12,24,6.327,100.0,11.045
EGLC,2023-03-05,12,2023-03-04,12,24,5.857,100.0,8.982
EGLC,2023-03-06,12,2023-03-05,12,24,4.699,100.0,12.688
EGLC,2023-03-07,12,2023-03-06,12,24,4.33,100.0,9.118
EGLC,2023-03-08,12,2023-03-07,12,24,1.03,100.0,18.179
EGLC,2023-03-09,12,2023-03-08,12,24,4.957,100.0,10.287
EGLC,2023-03-10,12,2023-03-09,12,24,3.513,99.905,29.864
EGLC,2023-03-11,12,2023-03-10,12,24,6.921,68.241,11.207
EGLC,2023-03-12,12,2023-03-11,12,24,10.997,100.0,16.406
EGLC,2023-03-13,12,2023-03-12,12,24,11.428,100.0,31.689
EGLC,2023-03-14,12,2023-03-13,12,24,6.912,99.995,16.238
EGLC,2023-03-15,12,2023-03-14,12,24,7.588,100.0,10.674
EGLC,2023-03-16,12,2023-03-15,12,24,12.649,100.0,21.522
EGLC,2023-03-17,12,2023-03-16,12,24,10.398,100.0,10.421
EGLC,2023-03-18,12,2023-03-17,12,24,9.409,100.0,8.539
EGLC,2023-03-19,12,2023-03-18,12,24,9.954,94.011,15.898
EGLC,2023-03-20,12,2023-03-19,12,24,10.522,100.0,16.116
EGLC,2023-03-21,12,2023-03-20,12,24,11.118,97.906,19.134
EGLC,2023-03-22,12,2023-03-21,12,24,13.129,100.0,17.397
EGLC,2023-03-23,12,2023-03-22,12,24,13.401,100.0,27.109
EGLC,2023-03-24,12,2023-03-23,12,24,12.526,87.926,28.317
EGLC,2023-03-25,12,2023-03-24,12,24,11.682,61.375,27.349
EGLC,2023-03-26,12,2023-03-25,12,24,7.883,100.0,9.643
EGLC,2023-03-27,12,2023-03-26,12,24,8.498,79.542,6.119
EGLC,2023-03-28,12,2023-03-27,12,24,9.759,100.0,24.902
EGLC,2023-03-29,12,2023-03-28,12,24,13.016,100.0,20.28
EGLC,2023-03-30,12,2023-03-29,12,24,14.559,99.964,24.226
EGLC,2023-03-31,12,2023-03-30,12,24,10.084,100.0,30.998
EGLC,2023-04-01,12,2023-03-31,12,24,7.32,100.0,16.165
EGLC,2023-04-02,12,2023-04-01,12,24,10.604,5.0,18.292
EGLC,2023-04-03,12,2023-04-02,12,24,10.72,5.01,16.606
EGLC,2023-04-04,12,2023-04-03,12,24,10.945,0.144,7.618
EGLC,2023-04-05,12,2023-04-04,12,24,11.525,100.0,11.409
EGLC,2023-04-06,12,2023-04-05,12,24,12.105,99.905,19.287
EGLC,2023-04-07,12,2023-04-06,12,24,12.434,5.0,10.126
EGLC,2023-04-08,12,2023-04-07,12,24,13.2,100.0,6.792
EGLC,2023-04-09,12,2023-04-08,12,24,14.55,51.622,12.728
EGLC,2023-04-10,12,2023-04-09,12,24,10.527,92.127,9.919
EGLC,2023-04-11,12,2023-04-10,12,24,12.23,100.0,19.458
EGLC,2023-04-12,12,2023-04-11,12,24,10.255,42.017,32.99
EGLC,2023-04-13,12,2023-04-12,12,24,11.672,85.876,22.042
EGLC,2023-04-14,12,2023-04-13,12,24,11.256,99.715,17.939
EGLC,2023-04-15,12,2023-04-14,12,24,9.337,76.167,12.8
EGLC,2023-04-16,12,2023-04-15,12,24,14.453,100.0,1.694
EGLC,2023-04-17,12,2023-04-16,12,24,15.192,0.026,12.499
EGLC,2023-04-18,12,2023-04-17,12,24,11.332,100.0,24.758
EGLC,2023-04-19,12,2023-04-18,12,24,13.416,48.791,25.102
EGLC,2023-04-20,12,2023-04-19,12,24,13.572,10.733,22.013
EGLC,2023-04-21,12,2023-04-20,12,24,10.047,97.921,7.271
EGLC,2023-04-22,12,2023-04-21,12,24,13.163,44.735,8.743
EGLC,2023-04-23,12,2023-04-22,12,24,14.093,100.0,11.581
EGLC,2023-04-24,12,2023-04-23,12,24,10.086,100.0,8.462
EGLC,2023-04-25,12,2023-04-24,12,24,10.488,91.225,8.61
EGLC,2023-04-26,12,2023-04-25,12,24,11.828,100.0,10.041
EGLC,2023-04-27,12,2023-04-26,12,24,14.247,36.661,19.38
EGLC,2023-04-28,12,2023-04-27,12,24,16.566,70.072,18.188
EGLC,2023-04-29,12,2023-04-28,12,24,16.954,6.722,5.344
EGLC,2023-04-30,12,2023-04-29,12,24,16.036,100.0,11.528
EGLC,2023-05-01,12,2023-04-30,12,24,14.779,99.621,13.973
EGLC,2023-05-02,12,2023-05-01,12,24,12.678,93.403,11.644
EGLC,2023-05-03,12,2023-05-02,12,24,13.634,98.957,18.238
EGLC,2023-05-04,12,2023-05-03,12,24,18.842,100.0,18.629
EGLC,2023-05-05,12,2023-05-04,12,24,17.115,97.42,16.064
EGLC,2023-05-06,12,2023-05-05,12,24,13.042,100.0,12.973
EGLC,2023-05-07,12,2023-05-06,12,24,19.581,18.441,8.827
EGLC,2023-05-08,12,2023-05-07,12,24,13.602,100.0,13.923
EGLC,2023-05-09,12,2023-05-08,12,24,17.012,95.426,14.509
EGLC,2023-05-10,12,2023-05-09,12,24,16.294,98.957,16.138
EGLC,2023-05-11,12,2023-05-10,12,24,16.656,50.842,4.621
EGLC,2023-05-12,12,2023-05-11,12,24,11.866,100.0,21.572
EGLC,2023-05-13,12,2023-05-12,12,24,18.963,6.171,15.881
EGLC,2023-05-14,12,2023-05-13,12,24,19.187,100.0,6.677
EGLC,2023-05-15,12,2023-05-14,12,24,13.99,78.008,22.366
EGLC,2023-05-16,12,2023-05-15,12,24,15.827,33.771,13.546
EGLC,2023-05-17,12,2023-05-16,12,24,16.379,100.0,7.471
EGLC,2023-05-18,12,2023-05-17,12,24,17.287,63.126,7.105
EGLC,2023-05-19,12,2023-05-18,12,24,10.437,100.0,8.938
EGLC,2023-05-20,12,2023-05-19,12,24,18.211,30.042,19.833
EGLC,2023-05-21,12,2023-05-20,12,24,16.953,98.992,17.514
EGLC,2023-05-22,12,2023-05-21,12,24,17.14,77.92,22.355
EGLC,2023-05-23,12,2023-05-22,12,24,17.28,99.995,13.71
EGLC,2023-05-24,12,2023-05-23,12,24,19.797,86.72,14.446
EGLC,2023-05-25,12,2023-05-24,12,24,19.056,5.0,15.966
EGLC,2023-05-26,12,2023-05-25,12,24,17.384,0.0,19.195
EGLC,2023-05-27,12,2023-05-26,12,24,18.99,5.0,14.275
EGLC,2023-05-28,12,2023-05-27,12,24,19.949,62.012,18.877
EGLC,2023-05-29,12,2023-05-28,12,24,17.534,99.141,21.306
EGLC,2023-05-30,12,2023-05-29,12,24,19.424,0.118,18.421
EGLC,2023-05-31,12,2023-05-30,12,24,19.244,28.814,18.997
EGLC,2023-06-01,12,2023-05-31,12,24,19.664,5.0,17.985
EGLC,2023-06-02,12,2023-06-01,12,24,18.806,0.0,18.89
EGLC,2023-06-03,12,2023-06-02,12,24,21.088,0.005,19.595
EGLC,2023-06-04,12,2023-06-03,12,24,20.779,56.47,17.742
EGLC,2023-06-05,12,2023-06-04,12,24,19.168,0.031,15.18
EGLC,2023-06-06,12,2023-06-05,12,24,17.406,6.83,17.121
EGLC,2023-06-07,12,2023-06-06,12,24,21.18,15.461,17.078
EGLC,2023-06-08,12,2023-06-07,12,24,21.287,0.0,18.441
EGLC,2023-06-09,12,2023-06-08,12,24,22.939,0.005,21.617
EGLC,2023-06-10,12,2023-06-09,12,24,28.032,0.17,19.928
EGLC,2023-06-11,12,2023-06-10,12,24,28.336,98.822,12.061
EGLC,2023-06-12,12,2023-06-11,12,24,28.679,19.714,14.66
EGLC,2023-06-13,12,2023-06-12,12,24,26.498,4.995,20.064
EGLC,2023-06-14,12,2023-06-13,12,24,25.548,0.005,17.807
EGLC,2023-06-15,12,2023-06-14,12,24,25.284,56.082,15.986
EGLC,2023-06-16,12,2023-06-15,12,24,25.8,5.684,11.626
EGLC,2023-06-17,12,2023-06-16,12,24,23.291,100.0,11.683
EGLC,2023-06-18,12,2023-06-17,12,24,24.209,99.81,14.267
EGLC,2023-06-19,12,2023-06-18,12,24,25.055,58.074,18.057
EGLC,2023-06-20,12,2023-06-19,12,24,22.515,100.0,19.162
EGLC,2023-06-21,12,2023-06-20,12,24,25.592,98.767,13.398
EGLC,2023-06-22,12,2023-06-21,12,24,26.445,100.0,8.191
EGLC,2023-06-23,12,2023-06-22,12,24,25.003,95.992,12.868
EGLC,2023-06-24,12,2023-06-23,12,24,27.51,14.357,9.249
EGLC,2023-06-25,12,2023-06-24,12,24,29.184,0.0,20.467
EGLC,2023-06-26,12,2023-06-25,12,24,22.927,82.736,19.16
EGLC,2023-06-27,12,2023-06-26,12,24,22.145,55.011,14.133
EGLC,2023-06-28,12,2023-06-27,12,24,21.149,100.0,12.016
EGLC,2023-06-29,12,2023-06-28,12,24,17.808,8.02,12.568
EGLC,2023-06-30,12,2023-06-29,12,24,18.269,100.0,20.792
EGLC,2023-07-01,12,2023-06-30,12,24,21.489,40.663,21.208
EGLC,2023-07-02,12,2023-07-01,12,24,20.911,96.031,18.579
EGLC,2023-07-03,12,2023-07-02,12,24,18.717,84.064,22.161
EGLC,2023-07-04,12,2023-07-03,12,24,19.918,89.021,16.023
EGLC,2023-07-05,12,2023-07-04,12,24,17.481,68.793,21.152
EGLC,2023-07-06,12,2023-07-05,12,24,22.061,25.692,13.922
EGLC,2023-07-07,12,2023-07-06,12,24,26.668,0.0,17.182
EGLC,2023-07-08,12,2023-07-07,12,24,27.275,100.0,15.014
EGLC,2023-07-09,12,2023-07-08,12,24,20.19,100.0,14.319
EGLC,2023-07-10,12,2023-07-09,12,24,23.938,98.657,20.604
EGLC,2023-07-11,12,2023-07-10,12,24,21.925,100.0,19.215
EGLC,2023-07-12,12,2023-07-11,12,24,21.515,81.572,23.59
EGLC,2023-07-13,12,2023-07-12,12,24,22.319,48.791,18.806
EGLC,2023-07-14,12,2023-07-13,12,24,16.192,100.0,17.234
EGLC,2023-07-15,12,2023-07-14,12,24,20.018,0.278,35.165
EGLC,2023-07-16,12,2023-07-15,12,24,21.772,100.0,26.48
EGLC,2023-07-17,12,2023-07-16,12,24,20.525,100.0,21.646
EGLC,2023-07-18,12,2023-07-17,12,24,23.148,100.0,8.979
EGLC,2023-07-19,12,2023-07-18,12,24,23.023,48.81,16.243
EGLC,2023-07-20,12,2023-07-19,12,24,22.466,44.148,9.692
EGLC,2023-07-21,12,2023-07-20,12,24,21.424,74.921,13.237
EGLC,2023-07-22,12,2023-07-21,12,24,19.829,100.0,20.503
EGLC,2023-07-23,12,2023-07-22,12,24,21.783,100.0,22.126
EGLC,2023-07-24,12,2023-07-23,12,24,14.388,100.0,13.512
EGLC,2023-07-25,12,2023-07-24,12,24,19.794,66.648,13.186
EGLC,2023-07-26,12,2023-07-25,12,24,22.052,98.103,11.348
EGLC,2023-07-27,12,2023-07-26,12,24,19.712,100.0,15.829
EGLC,2023-07-28,12,2023-07-27,12,24,20.786,100.0,12.782
EGLC,2023-07-29,12,2023-07-28,12,24,21.407,85.361,22.167
EGLC,2023-07-30,12,2023-07-29,12,24,22.033,75.046,23.691
EGLC,2023-07-31,12,2023-07-30,12,24,20.708,100.0,22.491
EGLC,2023-08-01,12,2023-07-31,12,24,21.233,45.174,20.659
EGLC,2023-08-02,12,2023-08-01,12,24,16.55,100.0,22.437
EGLC,2023-08-03,12,2023-08-02,12,24,21.856,61.047,15.325
EGLC,2023-08-04,12,2023-08-03,12,24,18.288,100.0,11.928
EGLC,2023-08-05,12,2023-08-04,12,24,13.277,100.0,21.695
EGLC,2023-08-06,12,2023-08-05,12,24,18.549,99.274,19.67
EGLC,2023-08-07,12,2023-08-06,12,24,20.727,26.353,15.175
EGLC,2023-08-08,12,2023-08-07,12,24,15.385,100.0,12.168
EGLC,2023-08-09,12,2023-08-08,12,24,21.752,5.509,7.898
EGLC,2023-08-10,12,2023-08-09,12,24,25.071,95.93,12.828
EGLC,2023-08-11,12,2023-08-10,12,24,25.276,100.0,20.521
EGLC,2023-08-12,12,2023-08-11,12,24,21.58,83.532,23.532
EGLC,2023-08-13,12,2023-08-12,12,24,20.953,92.613,18.583
EGLC,2023-08-14,12,2023-08-13,12,24,22.451,76.854,22.839
EGLC,2023-08-15,12,2023-08-14,12,24,22.989,27.895,10.262
EGLC,2023-08-16,12,2023-08-15,12,24,23.988,91.368,7.535
EGLC,2023-08-17,12,2023-08-16,12,24,23.164,1.716,20.416
EGLC,2023-08-18,12,2023-08-17,12,24,20.526,90.791,16.732
EGLC,2023-08-19,12,2023-08-18,12,24,25.239,0.0,22.199
EGLC,2023-08-20,12,2023-08-19,12,24,24.625,0.921,14.958
EGLC,2023-08-21,12,2023-08-20,12,24,24.66,4.995,13.759
EGLC,2023-08-22,12,2023-08-21,12,24,24.295,2.123,14.34
EGLC,2023-08-23,12,2023-08-22,12,24,25.567,5.0,5.731
EGLC,2023-08-24,12,2023-08-23,12,24,19.784,100.0,2.215
EGLC,2023-08-25,12,2023-08-24,12,24,20.474,99.995,12.407
EGLC,2023-08-26,12,2023-08-25,12,24,20.099,100.0,12.428
EGLC,2023-08-27,12,2023-08-26,12,24,19.992,92.412,16.446
EGLC,2023-08-28,12,2023-08-27,12,24,18.582,100.0,13.491
EGLC,2023-08-29,12,2023-08-28,12,24,20.575,57.789,10.932
EGLC,2023-08-30,12,2023-08-29,12,24,17.824,90.42,19.225
EGLC,2023-08-31,12,2023-08-30,12,24,16.302,100.0,8.959
EGLC,2023-09-01,12,2023-08-31,12,24,20.274,56.177,4.556
EGLC,2023-09-02,12,2023-09-01,12,24,20.839,41.023,7.29
EGLC,2023-09-03,12,2023-09-02,12,24,23.978,100.0,5.471
EGLC,2023-09-04,12,2023-09-03,12,24,26.129,98.714,13.31
EGLC,2023-09-05,12,2023-09-04,12,24,26.726,0.0,13.593
EGLC,2023-09-06,12,2023-09-05,12,24,29.556,4.187,3.051
EGLC,2023-09-07,12,2023-09-06,12,24,28.951,0.0,10.049
EGLC,2023-09-08,12,2023-09-07,12,24,28.822,100.0,6.459
EGLC,2023-09-09,12,2023-09-08,12,24,30.922,5.0,2.482
EGLC,2023-09-10,12,2023-09-09,12,24,29.118,100.0,11.705
EGLC,2023-09-11,12,2023-09-10,12,24,24.239,99.995,12.469
EGLC,2023-09-12,12,2023-09-11,12,24,23.566,24.306,9.889
EGLC,2023-09-13,12,2023-09-12,12,24,20.482,58.091,11.739
EGLC,2023-09-14,12,2023-09-13,12,24,22.382,79.783,9.633
EGLC,2023-09-15,12,2023-09-14,12,24,24.294,1.434,11.537
EGLC,2023-09-16,12,2023-09-15,12,24,25.824,58.212,9.397
EGLC,2023-09-17,12,2023-09-16,12,24,21.408,100.0,19.18
EGLC,2023-09-18,12,2023-09-17,12,24,21.275,100.0,27.269
EGLC,2023-09-19,12,2023-09-18,12,24,17.057,100.0,29.815
EGLC,2023-09-20,12,2023-09-19,12,24,21.415,100.0,34.925
EGLC,2023-09-21,12,2023-09-20,12,24,17.626,100.0,9.67
EGLC,2023-09-22,12,2023-09-21,12,24,17.276,0.0,12.457
EGLC,2023-09-23,12,2023-09-22,12,24,17.163,37.43,13.059
EGLC,2023-09-24,12,2023-09-23,12,24,18.303,98.513,20.08
EGLC,2023-09-25,12,2023-09-24,12,24,21.367,2.529,14.803
EGLC,2023-09-26,12,2023-09-25,12,24,22.105,60.754,20.888
EGLC,2023-09-27,12,2023-09-26,12,24,20.374,100.0,16.183
EGLC,2023-09-28,12,2023-09-27,12,24,19.463,100.0,17.416
EGLC,2023-09-29,12,2023-09-28,12,24,19.57,90.668,18.605
EGLC,2023-09-30,12,2023-09-29,12,24,19.19,100.0,12.138
EGLC,2023-10-01,12,2023-09-30,12,24,22.51,100.0,18.042
EGLC,2023-10-02,12,2023-10-01,12,24,21.302,100.0,4.152
EGLC,2023-10-03,12,2023-10-02,12,24,17.711,13.598,20.409
EGLC,2023-10-04,12,2023-10-03,12,24,16.664,74.263,19.556
EGLC,2023-10-05,12,2023-10-04,12,24,17.75,100.0,13.151
EGLC,2023-10-06,12,2023-10-05,12,24,20.466,100.0,17.725
EGLC,2023-10-07,12,2023-10-06,12,24,22.283,100.0,17.889
EGLC,2023-10-08,12,2023-10-07,12,24,23.011,95.735,7.51
EGLC,2023-10-09,12,2023-10-08,12,24,22.32,100.0,8.508
EGLC,2023-10-10,12,2023-10-09,12,24,23.9,65.944,17.051
EGLC,2023-10-11,12,2023-10-10,12,24,22.34,92.506,20.243
EGLC,2023-10-12,12,2023-10-11,12,24,15.247,100.0,5.098
EGLC,2023-10-13,12,2023-10-12,12,24,19.047,100.0,29.773
EGLC,2023-10-14,12,2023-10-13,12,24,12.686,75.612,13.502
EGLC,2023-10-15,12,2023-10-14,12,24,9.964,0.118,12.456
EGLC,2023-10-16,12,2023-10-15,12,24,11.617,100.0,12.336
EGLC,2023-10-17,12,2023-10-16,12,24,14.663,99.336,24.318
EGLC,2023-10-18,12,2023-10-17,12,24,14.184,100.0,20.58
EGLC,2023-10-19,12,2023-10-18,12,24,17.741,100.0,19.705
EGLC,2023-10-20,12,2023-10-19,12,24,13.88,100.0,14.75
EGLC,2023-10-21,12,2023-10-20,12,24,13.629,99.995,12.611
EGLC,2023-10-22,12,2023-10-21,12,24,13.945,0.144,8.937
EGLC,2023-10-23,12,2023-10-22,12,24,14.592,100.0,14.039
EGLC,2023-10-24,12,2023-10-23,12,24,14.334,7.588,14.181
EGLC,2023-10-25,12,2023-10-24,12,24,13.413,16.908,8.735
EGLC,2023-10-26,12,2023-10-25,12,24,14.836,91.842,12.598
EGLC,2023-10-27,12,2023-10-26,12,24,12.141,99.907,7.133
EGLC,2023-10-28,12,2023-10-27,12,24,14.8,20.412,18.293
EGLC,2023-10-29,12,2023-10-28,12,24,12.801,100.0,23.415
EGLC,2023-10-30,12,2023-10-29,12,24,14.524,100.0,11.249
EGLC,2023-10-31,12,2023-10-30,12,24,13.259,80.595,12.887
EGLC,2023-11-01,12,2023-10-31,12,24,13.081,100.0,27.041
EGLC,2023-11-02,12,2023-11-01,12,24,10.293,99.995,26.671
EGLC,2023-11-03,12,2023-11-02,12,24,11.785,65.992,14.487
EGLC,2023-11-04,12,2023-11-03,12,24,12.242,18.953,23.191
EGLC,2023-11-05,12,2023-11-04,12,24,11.891,3.035,22.805
EGLC,2023-11-06,12,2023-11-05,12,24,12.224,5.664,18.823
EGLC,2023-11-07,12,2023-11-06,12,24,11.915,12.665,18.401
EGLC,2023-11-08,12,2023-11-07,12,24,12.108,100.0,30.826
EGLC,2023-11-09,12,2023-11-08,12,24,10.026,100.0,20.803
EGLC,2023-11-10,12,2023-11-09,12,24,8.86,33.099,14.666
EGLC,2023-11-11,12,2023-11-10,12,24,9.791,3.577,12.144
EGLC,2023-11-12,12,2023-11-11,12,24,9.21,100.0,11.265
EGLC,2023-11-13,12,2023-11-12,12,24,14.431,0.005,29.007
EGLC,2023-11-14,12,2023-11-13,12,24,12.445,100.0,17.465
EGLC,2023-11-15,12,2023-11-14,12,24,11.44,4.643,21.039
EGLC,2023-11-16,12,2023-11-15,12,24,8.362,100.0,11.381
EGLC,2023-11-17,12,2023-11-16,12,24,9.217,23.737,12.552
EGLC,2023-11-18,12,2023-11-17,12,24,13.786,100.0,20.494
EGLC,2023-11-19,12,2023-11-18,12,24,12.82,100.0,24.632
EGLC,2023-11-20,12,2023-11-19,12,24,9.769,84.506,11.246
EGLC,2023-11-21,12,2023-11-20,12,24,10.252,85.071,14.975
EGLC,2023-11-22,12,2023-11-21,12,24,9.4,93.35,11.932
EGLC,2023-11-23,12,2023-11-22,12,24,12.668,100.0,20.247
EGLC,2023-11-24,12,2023-11-23,12,24,8.064,8.725,20.763
EGLC,2023-11-25,12,2023-11-24,12,24,6.205,16.667,14.685
EGLC,2023-11-26,12,2023-11-25,12,24,6.555,100.0,7.782
EGLC,2023-11-27,12,2023-11-26,12,24,8.95,100.0,12.333
EGLC,2023-11-28,12,2023-11-27,12,24,6.723,17.616,10.497
EGLC,2023-11-29,12,2023-11-28,12,24,4.6,97.439,5.167
EGLC,2023-11-30,12,2023-11-29,12,24,5.068,66.898,16.662
EGLC,2023-12-01,12,2023-11-30,12,24,4.659,1.844,14.281
EGLC,2023-12-02,12,2023-12-01,12,24,3.116,0.139,6.827
EGLC,2023-12-03,12,2023-12-02,12,24,7.323,100.0,7.769
EGLC,2023-12-04,12,2023-12-03,12,24,7.333,100.0,17.612
EGLC,2023-12-05,12,2023-12-04,12,24,6.216,100.0,13.203
EGLC,2023-12-06,12,2023-12-05,12,24,5.132,40.186,0.906
EGLC,2023-12-07,12,2023-12-06,12,24,7.68,100.0,25.788
EGLC,2023-12-08,12,2023-12-07,12,24,9.909,99.547,19.065
EGLC,2023-12-09,12,2023-12-08,12,24,12.531,100.0,23.691
EGLC,2023-12-10,12,2023-12-09,12,24,9.779,100.0,26.103
EGLC,2023-12-11,12,2023-12-10,12,24,10.07,5.095,16.98
EGLC,2023-12-12,12,2023-12-11,12,24,11.426,100.0,15.152
EGLC,2023-12-13,12,2023-12-12,12,24,6.388,100.0,23.539
EGLC,2023-12-14,12,2023-12-13,12,24,6.502,99.768,10.743
EGLC,2023-12-15,12,2023-12-14,12,24,7.374,83.585,8.109
EGLC,2023-12-16,12,2023-12-15,12,24,9.547,99.835,12.65
EGLC,2023-12-17,12,2023-12-16,12,24,10.484,0.0,20.352
EGLC,2023-12-18,12,2023-12-17,12,24,11.311,100.0,18.242
EGLC,2023-12-19,12,2023-12-18,12,24,11.125,100.0,7.393
EGLC,2023-12-20,12,2023-12-19,12,24,9.95,97.69,20.177
EGLC,2023-12-21,12,2023-12-20,12,24,11.974,100.0,29.792
EGLC,2023-12-22,12,2023-12-21,12,24,11.174,100.0,28.924
EGLC,2023-12-23,12,2023-12-22,12,24,10.926,97.808,23.842
EGLC,2023-12-24,12,2023-12-23,12,24,13.105,100.0,29.83
EGLC,2023-12-25,12,2023-12-24,12,24,12.319,100.0,17.102
EGLC,2023-12-26,12,2023-12-25,12,24,8.268,100.0,13.56
EGLC,2023-12-27,12,2023-12-26,12,24,11.37,100.0,33.501
EGLC,2023-12-28,12,2023-12-27,12,24,11.575,80.615,31.413
EGLC,2023-12-29,12,2023-12-28,12,24,10.56,41.601,19.778
EGLC,2023-12-30,12,2023-12-29,12,24,10.008,100.0,22.822
EGLC,2023-12-31,12,2023-12-30,12,24,8.804,53.656,27.316
EGLC,2024-01-01,12,2023-12-31,12,24,8.614,85.013,17.38
EGLC,2024-01-02,12,2024-01-01,12,24,12.716,100.0,38.551
EGLC,2024-01-03,12,2024-01-02,12,24,10.288,100.0,22.963
EGLC,2024-01-04,12,2024-01-03,12,24,8.397,100.0,8.792
EGLC,2024-01-05,12,2024-01-04,12,24,7.059,100.0,14.669
EGLC,2024-01-06,12,2024-01-05,12,24,5.836,100.0,11.656
EGLC,2024-01-07,12,2024-01-06,12,24,4.901,17.521,17.75
EGLC,2024-01-08,12,2024-01-07,12,24,3.51,36.955,18.807
EGLC,2024-01-09,12,2024-01-08,12,24,3.707,4.882,21.833
EGLC,2024-01-10,12,2024-01-09,12,24,4.219,0.0,18.473
EGLC,2024-01-11,12,2024-01-10,12,24,4.477,5.166,13.765
EGLC,2024-01-12,12,2024-01-11,12,24,6.521,99.702,14.06
EGLC,2024-01-13,12,2024-01-12,12,24,4.313,4.882,7.562
EGLC,2024-01-14,12,2024-01-13,12,24,5.146,93.45,11.58
EGLC,2024-01-15,12,2024-01-14,12,24,2.59,5.0,16.702
EGLC,2024-01-16,12,2024-01-15,12,24,2.954,6.787,12.334
EGLC,2024-01-17,12,2024-01-16,12,24,2.258,100.0,12.509
EGLC,2024-01-18,12,2024-01-17,12,24,2.148,4.521,15.706
EGLC,2024-01-19,12,2024-01-18,12,24,2.739,0.031,10.288
EGLC,2024-01-20,12,2024-01-19,12,24,5.247,100.0,19.313
EGLC,2024-01-21,12,2024-01-20,12,24,10.637,100.0,25.499
EGLC,2024-01-22,12,2024-01-21,12,24,9.028,9.966,28.113
EGLC,2024-01-23,12,2024-01-22,12,24,8.492,100.0,27.353
EGLC,2024-01-24,12,2024-01-23,12,24,10.292,63.091,21.863
EGLC,2024-01-25,12,2024-01-24,12,24,10.992,100.0,15.686
EGLC,2024-01-26,12,2024-01-25,12,24,7.886,0.005,19.15
EGLC,2024-01-27,12,2024-01-26,12,24,7.825,100.0,11.483
EGLC,2024-01-28,12,2024-01-27,12,24,9.545,95.162,15.685
EGLC,2024-01-29,12,2024-01-28,12,24,12.949,96.867,13.603
EGLC,2024-01-30,12,2024-01-29,12,24,7.881,100.0,15.469
EGLC,2024-01-31,12,2024-01-30,12,24,8.056,81.029,18.138
EGLC,2024-02-01,12,2024-01-31,12,24,8.259,99.244,8.999
EGLC,2024-02-02,12,2024-02-01,12,24,12.247,100.0,22.748
EGLC,2024-02-03,12,2024-02-02,12,24,12.422,100.0,19.315
EGLC,2024-02-04,12,2024-02-03,12,24,12.46,100.0,23.366
EGLC,2024-02-05,12,2024-02-04,12,24,10.0,100.0,26.633
EGLC,2024-02-06,12,2024-02-05,12,24,12.201,100.0,28.166
EGLC,2024-02-07,12,2024-02-06,12,24,7.002,100.0,3.506
EGLC,2024-02-08,12,2024-02-07,12,24,8.276,100.0,5.825
EGLC,2024-02-09,12,2024-02-08,12,24,11.29,96.33,23.065
EGLC,2024-02-10,12,2024-02-09,12,24,10.625,100.0,6.97
EGLC,2024-02-11,12,2024-02-10,12,24,9.675,34.793,8.349
EGLC,2024-02-12,12,2024-02-11,12,24,8.449,0.0,14.111
EGLC,2024-02-13,12,2024-02-12,12,24,10.487,61.145,18.646
EGLC,2024-02-14,12,2024-02-13,12,24,12.588,100.0,19.024
EGLC,2024-02-15,12,2024-02-14,12,24,13.926,100.0,14.566
EGLC,2024-02-16,12,2024-02-15,12,24,12.695,42.088,18.88
EGLC,2024-02-17,12,2024-02-16,12,24,11.906,100.0,13.631
EGLC,2024-02-18,12,2024-02-17,12,24,11.889,98.23,11.287
EGLC,2024-02-19,12,2024-02-18,12,24,12.17,5.036,18.818
EGLC,2024-02-20,12,2024-02-19,12,24,12.002,100.0,17.653
EGLC,2024-02-21,12,2024-02-20,12,24,9.523,100.0,32.115
EGLC,2024-02-22,12,2024-02-21,12,24,11.185,46.966,24.567
EGLC,2024-02-23,12,2024-02-22,12,24,8.558,55.608,18.805
EGLC,2024-02-24,12,2024-02-23,12,24,8.115,3.566,8.397
EGLC,2024-02-25,12,2024-02-24,12,24,9.298,100.0,17.712
EGLC,2024-02-26,12,2024-02-25,12,24,7.947,100.0,29.655
EGLC,2024-02-27,12,2024-02-26,12,24,7.107,100.0,9.15
EGLC,2024-02-28,12,2024-02-27,12,24,10.069,100.0,13.281
EGLC,2024-02-29,12,2024-02-28,12,24,7.601,100.0,12.148
EGLC,2024-03-01,12,2024-02-29,12,24,7.16,13.727,25.256
EGLC,2024-03-02,12,2024-03-01,12,24,4.862,73.149,18.502
EGLC,2024-03-03,12,2024-03-02,12,24,7.509,100.0,6.975
EGLC,2024-03-04,12,2024-03-03,12,24,9.981,100.0,16.999
EGLC,2024-03-05,12,2024-03-04,12,24,9.714,100.0,9.841
EGLC,2024-03-06,12,2024-03-05,12,24,8.309,100.0,6.992
EGLC,2024-03-07,12,2024-03-06,12,24,9.902,99.995,17.843
EGLC,2024-03-08,12,2024-03-07,12,24,9.03,5.0,23.333
EGLC,2024-03-09,12,2024-03-08,12,24,11.734,100.0,20.71
EGLC,2024-03-10,12,2024-03-09,12,24,8.097,100.0,7.651
EGLC,2024-03-11,12,2024-03-10,12,24,8.663,100.0,11.832
EGLC,2024-03-12,12,2024-03-11,12,24,9.234,100.0,12.644
EGLC,2024-03-13,12,2024-03-12,12,24,12.784,100.0,18.694
EGLC,2024-03-14,12,2024-03-13,12,24,14.047,86.895,20.273
EGLC,2024-03-15,12,2024-03-14,12,24,12.853,98.678,22.981
EGLC,2024-03-16,12,2024-03-15,12,24,11.734,96.591,8.788
EGLC,2024-03-17,12,2024-03-16,12,24,11.381,100.0,14.126
EGLC,2024-03-18,12,2024-03-17,12,24,14.348,61.868,14.194
EGLC,2024-03-19,12,2024-03-18,12,24,13.933,100.0,16.249
EGLC,2024-03-20,12,2024-03-19,12,24,16.071,100.0,2.975
EGLC,2024-03-21,12,2024-03-20,12,24,14.747,100.0,13.478
EGLC,2024-03-22,12,2024-03-21,12,24,8.983,100.0,12.387
EGLC,2024-03-23,12,2024-03-22,12,24,8.652,100.0,24.907
EGLC,2024-03-24,12,2024-03-23,12,24,8.517,99.182,20.367
EGLC,2024-03-25,12,2024-03-24,12,24,11.053,100.0,19.587
EGLC,2024-03-26,12,2024-03-25,12,24,10.159,100.0,10.221
EGLC,2024-03-27,12,2024-03-26,12,24,9.911,100.0,30.878
EGLC,2024-03-28,12,2024-03-27,12,24,9.966,100.0,31.731
EGLC,2024-03-29,12,2024-03-28,12,24,11.366,65.921,28.249
EGLC,2024-03-30,12,2024-03-29,12,24,12.375,100.0,7.464
EGLC,2024-03-31,12,2024-03-30,12,24,11.144,100.0,19.91
EGLC,2024-04-01,12,2024-03-31,12,24,11.862,78.864,16.398
EGLC,2024-04-02,12,2024-04-01,12,24,14.602,53.513,16.315
EGLC,2024-04-03,12,2024-04-02,12,24,13.327,52.9,24.391
EGLC,2024-04-04,12,2024-04-03,12,24,15.173,76.945,22.871
EGLC,2024-04-05,12,2024-04-04,12,24,16.492,98.601,26.774
EGLC,2024-04-06,12,2024-04-05,12,24,18.439,100.0,24.561
EGLC,2024-04-07,12,2024-04-06,12,24,15.496,100.0,30.963
EGLC,2024-04-08,12,2024-04-07,12,24,15.446,72.397,15.792
EGLC,2024-04-09,12,2024-04-08,12,24,9.154,100.0,31.886
EGLC,2024-04-10,12,2024-04-09,12,24,13.669,61.078,22.61
EGLC,2024-04-11,12,2024-04-10,12,24,15.93,100.0,11.944
EGLC,2024-04-12,12,2024-04-11,12,24,18.689,100.0,22.452
EGLC,2024-04-13,12,2024-04-12,12,24,19.074,100.0,21.535
EGLC,2024-04-14,12,2024-04-13,12,24,12.93,100.0,11.659
EGLC,2024-04-15,12,2024-04-14,12,24,9.638,61.723,31.653
EGLC,2024-04-16,12,2024-04-15,12,24,11.457,98.767,22.895
EGLC,2024-04-17,12,2024-04-16,12,24,10.237,100.0,18.912
EGLC,2024-04-18,12,2024-04-17,12,24,11.637,90.549,8.256
EGLC,2024-04-19,12,2024-04-18,12,24,12.319,34.993,21.927
EGLC,2024-04-20,12,2024-04-19,12,24,8.376,96.318,19.589
EGLC,2024-04-21,12,2024-04-20,12,24,11.69,92.99,17.745
EGLC,2024-04-22,12,2024-04-21,12,24,9.168,100.0,12.335
EGLC,2024-04-23,12,2024-04-22,12,24,6.871,100.0,10.938
EGLC,2024-04-24,12,2024-04-23,12,24,10.168,93.321,19.737
EGLC,2024-04-25,12,2024-04-24,12,24,10.811,100.0,16.16
EGLC,2024-04-26,12,2024-04-25,12,24,11.856,54.08,8.363
EGLC,2024-04-27,12,2024-04-26,12,24,12.788,100.0,5.874
EGLC,2024-04-28,12,2024-04-27,12,24,5.532,100.0,19.74
EGLC,2024-04-29,12,2024-04-28,12,24,14.106,5.304,23.88
EGLC,2024-04-30,12,2024-04-29,12,24,12.545,100.0,17.378
EGLC,2024-05-01,12,2024-04-30,12,24,17.546,92.245,10.132
EGLC,2024-05-02,12,2024-05-01,12,24,14.922,100.0,7.985
EGLC,2024-05-03,12,2024-05-02,12,24,8.852,100.0,19.18
EGLC,2024-05-04,12,2024-05-03,12,24,16.53,69.851,5.689
EGLC,2024-05-05,12,2024-05-04,12,24,16.145,100.0,17.907
EGLC,2024-05-06,12,2024-05-05,12,24,15.752,99.905,8.153
EGLC,2024-05-07,12,2024-05-06,12,24,18.433,5.0,12.099
EGLC,2024-05-08,12,2024-05-07,12,24,18.691,100.0,6.229
EGLC,2024-05-09,12,2024-05-08,12,24,20.423,99.923,2.322
EGLC,2024-05-10,12,2024-05-09,12,24,20.647,100.0,10.799
EGLC,2024-05-11,12,2024-05-10,12,24,20.696,99.235,16.878
EGLC,2024-05-12,12,2024-05-11,12,24,22.898,50.326,14.993
EGLC,2024-05-13,12,2024-05-12,12,24,19.639,57.402,22.966
EGLC,2024-05-14,12,2024-05-13,12,24,14.595,100.0,15.879
EGLC,2024-05-15,12,2024-05-14,12,24,18.311,100.0,13.829
EGLC,2024-05-16,12,2024-05-15,12,24,16.101,100.0,6.511
EGLC,2024-05-17,12,2024-05-16,12,24,19.836,100.0,3.406
EGLC,2024-05-18,12,2024-05-17,12,24,18.581,92.696,10.395
EGLC,2024-05-19,12,2024-05-18,12,24,21.144,0.0,13.412
EGLC,2024-05-20,12,2024-05-19,12,24,19.462,0.1,16.136
EGLC,2024-05-21,12,2024-05-20,12,24,16.587,100.0,6.766
EGLC,2024-05-22,12,2024-05-21,12,24,13.858,100.0,23.112
EGLC,2024-05-23,12,2024-05-22,12,24,17.256,7.713,17.01
EGLC,2024-05-24,12,2024-05-23,12,24,18.178,48.209,7.375
EGLC,2024-05-25,12,2024-05-24,12,24,19.399,7.335,11.141
EGLC,2024-05-26,12,2024-05-25,12,24,17.39,2.4,22.063
EGLC,2024-05-27,12,2024-05-26,12,24,16.986,70.228,18.401
EGLC,2024-05-28,12,2024-05-27,12,24,15.392,100.0,14.46
EGLC,2024-05-29,12,2024-05-28,12,24,18.334,97.313,17.274
EGLC,2024-05-30,12,2024-05-29,12,24,15.581,100.0,13.634
EGLC,2024-05-31,12,2024-05-30,12,24,13.292,84.444,23.409
EGLC,2024-06-01,12,2024-05-31,12,24,18.195,1.49,23.714
EGLC,2024-06-02,12,2024-06-01,12,24,20.027,37.537,13.829
EGLC,2024-06-03,12,2024-06-02,12,24,17.063,100.0,12.963
EGLC,2024-06-04,12,2024-06-03,12,24,20.582,92.296,21.974
EGLC,2024-06-05,12,2024-06-04,12,24,15.968,6.291,20.64
EGLC,2024-06-06,12,2024-06-05,12,24,15.746,100.0,12.242
EGLC,2024-06-07,12,2024-06-06,12,24,18.069,98.767,17.544
EGLC,2024-06-08,12,2024-06-07,12,24,16.371,69.608,14.881
EGLC,2024-06-09,12,2024-06-08,12,24,17.64,48.857,18.96
EGLC,2024-06-10,12,2024-06-09,12,24,14.379,82.258,17.836
EGLC,2024-06-11,12,2024-06-10,12,24,15.235,99.146,11.151
EGLC,2024-06-12,12,2024-06-11,12,24,14.464,99.99,6.113
EGLC,2024-06-13,12,2024-06-12,12,24,15.413,100.0,20.948
EGLC,2024-06-14,12,2024-06-13,12,24,15.151,74.872,17.537
EGLC,2024-06-15,12,2024-06-14,12,24,16.024,16.225,25.637
EGLC,2024-06-16,12,2024-06-15,12,24,19.545,22.467,20.947
EGLC,2024-06-17,12,2024-06-16,12,24,20.539,4.067,13.968
EGLC,2024-06-18,12,2024-06-17,12,24,20.842,100.0,9.609
EGLC,2024-06-19,12,2024-06-18,12,24,19.634,98.694,16.461
EGLC,2024-06-20,12,2024-06-19,12,24,21.156,0.273,11.456
EGLC,2024-06-21,12,2024-06-20,12,24,23.557,75.717,15.218
EGLC,2024-06-22,12,2024-06-21,12,24,20.474,60.935,15.893
EGLC,2024-06-23,12,2024-06-22,12,24,24.374,23.022,5.656
EGLC,2024-06-24,12,2024-06-23,12,24,24.223,83.116,9.36
EGLC,2024-06-25,12,2024-06-24,12,24,27.47,13.945,13.337
EGLC,2024-06-26,12,2024-06-25,12,24,28.52,33.992,6.528
EGLC,2024-06-27,12,2024-06-26,12,24,22.527,100.0,21.996
EGLC,2024-06-28,12,2024-06-27,12,24,20.638,99.233,17.159
EGLC,2024-06-29,12,2024-06-28,12,24,24.203,100.0,3.852
EGLC,2024-06-30,12,2024-06-29,12,24,20.812,40.783,19.669
EGLC,2024-07-01,12,2024-06-30,12,24,21.7,100.0,15.457
EGLC,2024-07-02,12,2024-07-01,12,24,14.565,99.712,12.636
EGLC,2024-07-03,12,2024-07-02,12,24,16.109,100.0,15.824
EGLC,2024-07-04,12,2024-07-03,12,24,18.974,11.359,20.889
EGLC,2024-07-05,12,2024-07-04,12,24,16.171,100.0,13.792
EGLC,2024-07-06,12,2024-07-05,12,24,16.819,37.187,29.605
EGLC,2024-07-07,12,2024-07-06,12,24,16.678,100.0,19.447
EGLC,2024-07-08,12,2024-07-07,12,24,19.049,100.0,9.88
EGLC,2024-07-09,12,2024-07-08,12,24,18.206,100.0,18.115
EGLC,2024-07-10,12,2024-07-09,12,24,20.9,74.848,23.57
EGLC,2024-07-11,12,2024-07-10,12,24,21.616,10.529,10.923
EGLC,2024-07-12,12,2024-07-11,12,24,18.715,98.976,11.691
EGLC,2024-07-13,12,2024-07-12,12,24,16.187,99.905,13.257
EGLC,2024-07-14,12,2024-07-13,12,24,20.554,91.653,12.746
EGLC,2024-07-15,12,2024-07-14,12,24,19.303,100.0,13.392
EGLC,2024-07-16,12,2024-07-15,12,24,17.816,96.965,20.347
EGLC,2024-07-17,12,2024-07-16,12,24,22.93,39.817,9.112
EGLC,2024-07-18,12,2024-07-17,12,24,24.48,28.955,7.824
EGLC,2024-07-19,12,2024-07-18,12,24,28.869,45.739,14.418
EGLC,2024-07-20,12,2024-07-19,12,24,23.148,100.0,13.598
EGLC,2024-07-21,12,2024-07-20,12,24,22.44,77.5,11.182
EGLC,2024-07-22,12,2024-07-21,12,24,22.884,96.949,20.307
EGLC,2024-07-23,12,2024-07-22,12,24,22.309,59.077,12.609
EGLC,2024-07-24,12,2024-07-23,12,24,22.996,100.0,14.537
EGLC,2024-07-25,12,2024-07-24,12,24,18.532,100.0,16.907
EGLC,2024-07-26,12,2024-07-25,12,24,22.279,55.762,13.287
EGLC,2024-07-27,12,2024-07-26,12,24,22.366,64.515,10.041
EGLC,2024-07-28,12,2024-07-27,12,24,24.987,0.0,4.462
EGLC,2024-07-29,12,2024-07-28,12,24,26.871,0.0,10.378
EGLC,2024-07-30,12,2024-07-29,12,24,28.725,96.49,7.962
EGLC,2024-07-31,12,2024-07-30,12,24,27.384,13.267,15.614
EGLC,2024-08-01,12,2024-07-31,12,24,27.041,9.301,9.185
EGLC,2024-08-02,12,2024-08-01,12,24,26.892,77.074,10.463
EGLC,2024-08-03,12,2024-08-02,12,24,22.778,100.0,15.125
EGLC,2024-08-04,12,2024-08-03,12,24,21.194,100.0,9.787
EGLC,2024-08-05,12,2024-08-04,12,24,25.544,44.614,15.538
EGLC,2024-08-06,12,2024-08-05,12,24,18.479,100.0,9.659
EGLC,2024-08-07,12,2024-08-06,12,24,22.735,73.687,20.032
EGLC,2024-08-08,12,2024-08-07,12,24,20.321,68.318,19.37
EGLC,2024-08-09,12,2024-08-08,12,24,23.365,76.425,17.814
EGLC,2024-08-10,12,2024-08-09,12,24,20.881,98.457,15.521
EGLC,2024-08-11,12,2024-08-10,12,24,25.337,93.076,12.764
EGLC,2024-08-12,12,2024-08-11,12,24,32.5,0.813,16.465
EGLC,2024-08-13,12,2024-08-12,12,24,26.22,91.574,15.027
EGLC,2024-08-14,12,2024-08-13,12,24,22.552,89.732,6.745
EGLC,2024-08-15,12,2024-08-14,12,24,24.013,96.49,22.046
EGLC,2024-08-16,12,2024-08-15,12,24,23.801,14.224,3.947
EGLC,2024-08-17,12,2024-08-16,12,24,23.023,0.0,7.529
EGLC,2024-08-18,12,2024-08-17,12,24,22.514,5.0,15.246
EGLC,2024-08-19,12,2024-08-18,12,24,23.636,100.0,16.838
EGLC,2024-08-20,12,2024-08-19,12,24,21.936,100.0,19.368
EGLC,2024-08-21,12,2024-08-20,12,24,20.597,100.0,19.034
EGLC,2024-08-22,12,2024-08-21,12,24,17.367,100.0,25.785
EGLC,2024-08-23,12,2024-08-22,12,24,21.473,34.836,21.713
EGLC,2024-08-24,12,2024-08-23,12,24,15.972,100.0,7.019
EGLC,2024-08-25,12,2024-08-24,12,24,19.936,92.783,21.533
EGLC,2024-08-26,12,2024-08-25,12,24,22.223,76.283,19.313
EGLC,2024-08-27,12,2024-08-26,12,24,23.336,100.0,19.727
EGLC,2024-08-28,12,2024-08-27,12,24,27.248,55.795,14.324
EGLC,2024-08-29,12,2024-08-28,12,24,21.685,2.846,14.343
EGLC,2024-08-30,12,2024-08-29,12,24,21.946,100.0,7.784
EGLC,2024-08-31,12,2024-08-30,12,24,21.532,83.144,22.568
EGLC,2024-09-01,12,2024-08-31,12,24,25.503,91.558,13.316
EGLC,2024-09-02,12,2024-09-01,12,24,22.35,100.0,18.99
EGLC,2024-09-03,12,2024-09-02,12,24,23.068,7.325,15.025
EGLC,2024-09-04,12,2024-09-03,12,24,21.485,91.637,8.715
EGLC,2024-09-05,12,2024-09-04,12,24,16.642,100.0,14.555
EGLC,2024-09-06,12,2024-09-05,12,24,17.624,100.0,13.572
EGLC,2024-09-07,12,2024-09-06,12,24,22.318,59.971,9.185
EGLC,2024-09-08,12,2024-09-07,12,24,18.983,79.002,16.623
EGLC,2024-09-09,12,2024-09-08,12,24,14.588,94.39,17.248
EGLC,2024-09-10,12,2024-09-09,12,24,17.398,100.0,22.911
EGLC,2024-09-11,12,2024-09-10,12,24,14.299,100.0,22.155
EGLC,2024-09-12,12,2024-09-11,12,24,15.293,28.697,13.675
EGLC,2024-09-13,12,2024-09-12,12,24,15.066,99.99,9.011
EGLC,2024-09-14,12,2024-09-13,12,24,17.677,91.822,11.165
EGLC,2024-09-15,12,2024-09-14,12,24,19.164,100.0,12.132
EGLC,2024-09-16,12,2024-09-15,12,24,19.704,100.0,11.845
EGLC,2024-09-17,12,2024-09-16,12,24,19.721,8.864,17.724
EGLC,2024-09-18,12,2024-09-17,12,24,22.818,4.458,19.953
EGLC,2024-09-19,12,2024-09-18,12,24,24.015,0.0,22.291
EGLC,2024-09-20,12,2024-09-19,12,24,22.673,0.0,20.882
EGLC,2024-09-21,12,2024-09-20,12,24,23.588,0.257,13.248
EGLC,2024-09-22,12,2024-09-21,12,24,18.66,100.0,13.697
EGLC,2024-09-23,12,2024-09-22,12,24,19.159,95.732,18.813
EGLC,2024-09-24,12,2024-09-23,12,24,16.521,89.413,12.772
EGLC,2024-09-25,12,2024-09-24,12,24,13.43,100.0,5.108
EGLC,2024-09-26,12,2024-09-25,12,24,17.826,4.003,22.108
EGLC,2024-09-27,12,2024-09-26,12,24,11.088,100.0,23.707
EGLC,2024-09-28,12,2024-09-27,12,24,13.406,5.015,11.434
EGLC,2024-09-29,12,2024-09-28,12,24,14.349,100.0,21.931
EGLC,2024-09-30,12,2024-09-29,12,24,15.239,97.957,15.021
EGLC,2024-10-01,12,2024-09-30,12,24,11.763,100.0,18.939
EGLC,2024-10-02,12,2024-10-01,12,24,16.452,99.696,19.885
EGLC,2024-10-03,12,2024-10-02,12,24,13.841,83.306,9.418
EGLC,2024-10-04,12,2024-10-03,12,24,15.752,99.327,8.216
EGLC,2024-10-05,12,2024-10-04,12,24,16.644,0.0,16.29
EGLC,2024-10-06,12,2024-10-05,12,24,16.648,73.63,20.794
EGLC,2024-10-07,12,2024-10-06,12,24,17.837,42.423,20.62
EGLC,2024-10-08,12,2024-10-07,12,24,17.456,5.0,22.195
EGLC,2024-10-09,12,2024-10-08,12,24,15.108,94.598,7.847
EGLC,2024-10-10,12,2024-10-09,12,24,12.062,30.462,14.343
EGLC,2024-10-11,12,2024-10-10,12,24,11.683,5.0,5.036
EGLC,2024-10-12,12,2024-10-11,12,24,12.663,100.0,15.934
EGLC,2024-10-13,12,2024-10-12,12,24,10.169,100.0,7.849
EGLC,2024-10-14,12,2024-10-13,12,24,11.052,100.0,11.044
EGLC,2024-10-15,12,2024-10-14,12,24,15.645,100.0,14.533
EGLC,2024-10-16,12,2024-10-15,12,24,19.888,62.593,18.49
EGLC,2024-10-17,12,2024-10-16,12,24,16.742,100.0,11.183
EGLC,2024-10-18,12,2024-10-17,12,24,16.496,0.0,9.905
EGLC,2024-10-19,12,2024-10-18,12,24,14.268,100.0,11.878
EGLC,2024-10-20,12,2024-10-19,12,24,15.322,100.0,30.032
EGLC,2024-10-21,12,2024-10-20,12,24,15.177,99.532,16.17
EGLC,2024-10-22,12,2024-10-21,12,24,15.797,97.529,18.545
EGLC,2024-10-23,12,2024-10-22,12,24,16.521,96.479,12.726
EGLC,2024-10-24,12,2024-10-23,12,24,16.335,0.0,17.605
EGLC,2024-10-25,12,2024-10-24,12,24,17.426,100.0,16.013
EGLC,2024-10-26,12,2024-10-25,12,24,13.464,99.233,3.916
EGLC,2024-10-27,12,2024-10-26,12,24,13.508,98.354,1.179
EGLC,2024-10-28,12,2024-10-27,12,24,16.316,59.782,18.371
EGLC,2024-10-29,12,2024-10-28,12,24,13.791,99.774,7.334
EGLC,2024-10-30,12,2024-10-29,12,24,14.728,14.441,4.619
EGLC,2024-10-31,12,2024-10-30,12,24,15.519,5.0,1.985
EGLC,2024-11-01,12,2024-10-31,12,24,14.444,0.0,8.31
EGLC,2024-11-02,12,2024-11-01,12,24,14.34,99.995,9.306
EGLC,2024-11-03,12,2024-11-02,12,24,14.814,5.19,12.114
EGLC,2024-11-04,12,2024-11-03,12,24,14.121,87.678,9.562
EGLC,2024-11-05,12,2024-11-04,12,24,14.4,5.0,2.185
EGLC,2024-11-06,12,2024-11-05,12,24,14.428,5.005,0.486
EGLC,2024-11-07,12,2024-11-06,12,24,14.471,75.998,8.924
EGLC,2024-11-08,12,2024-11-07,12,24,12.658,16.767,10.681
EGLC,2024-11-09,12,2024-11-08,12,24,9.925,100.0,2.809
EGLC,2024-11-10,12,2024-11-09,12,24,11.826,83.26,6.437
EGLC,2024-11-11,12,2024-11-10,12,24,10.903,100.0,14.077
EGLC,2024-11-12,12,2024-11-11,12,24,11.447,13.158,21.934
EGLC,2024-11-13,12,2024-11-12,12,24,11.376,98.667,8.882
EGLC,2024-11-14,12,2024-11-13,12,24,11.792,0.0,14.785
EGLC,2024-11-15,12,2024-11-14,12,24,10.096,77.594,5.972
EGLC,2024-11-16,12,2024-11-15,12,24,9.023,99.954,9.314
EGLC,2024-11-17,12,2024-11-16,12,24,9.58,6.003,16.98
EGLC,2024-11-18,12,2024-11-17,12,24,7.438,100.0,3.054
EGLC,2024-11-19,12,2024-11-18,12,24,3.592,100.0,14.359
EGLC,2024-11-20,12,2024-11-19,12,24,3.017,35.886,13.592
EGLC,2024-11-21,12,2024-11-20,12,24,3.674,100.0,11.706
EGLC,2024-11-22,12,2024-11-21,12,24,6.027,68.95,21.415
EGLC,2024-11-23,12,2024-11-22,12,24,9.318,100.0,32.794
EGLC,2024-11-24,12,2024-11-23,12,24,15.77,100.0,43.467
EGLC,2024-11-25,12,2024-11-24,12,24,11.017,100.0,17.484
EGLC,2024-11-26,12,2024-11-25,12,24,9.336,0.474,11.553
EGLC,2024-11-27,12,2024-11-26,12,24,6.011,100.0,18.515
EGLC,2024-11-28,12,2024-11-27,12,24,5.974,99.99,3.209
EGLC,2024-11-29,12,2024-11-28,12,24,8.899,65.484,16.325
EGLC,2024-11-30,12,2024-11-29,12,24,12.614,100.0,9.575
EGLC,2024-12-01,12,2024-11-30,12,24,12.762,100.0,16.471
EGLC,2024-12-02,12,2024-12-01,12,24,9.015,23.436,16.4
EGLC,2024-12-03,12,2024-12-02,12,24,7.302,85.162,5.697
EGLC,2024-12-04,12,2024-12-03,12,24,7.866,100.0,8.429
EGLC,2024-12-05,12,2024-12-04,12,24,13.01,100.0,17.447
EGLC,2024-12-06,12,2024-12-05,12,24,8.119,91.297,15.631
EGLC,2024-12-07,12,2024-12-06,12,24,5.857,100.0,34.522
EGLC,2024-12-08,12,2024-12-07,12,24,6.268,100.0,32.799
EGLC,2024-12-09,12,2024-12-08,12,24,7.881,99.057,23.13
EGLC,2024-12-10,12,2024-12-09,12,24,7.637,100.0,20.627
EGLC,2024-12-11,12,2024-12-10,12,24,7.852,100.0,14.236
EGLC,2024-12-12,12,2024-12-11,12,24,8.274,100.0,5.684
EGLC,2024-12-13,12,2024-12-12,12,24,7.462,93.177,3.65
EGLC,2024-12-14,12,2024-12-13,12,24,7.534,63.681,14.457
EGLC,2024-12-15,12,2024-12-14,12,24,10.674,55.058,14.564
EGLC,2024-12-16,12,2024-12-15,12,24,11.441,100.0,19.358
EGLC,2024-12-17,12,2024-12-16,12,24,10.51,100.0,14.473
EGLC,2024-12-18,12,2024-12-17,12,24,13.634,99.501,30.463
EGLC,2024-12-19,12,2024-12-18,12,24,7.008,96.054,20.88
EGLC,2024-12-20,12,2024-12-19,12,24,7.657,100.0,18.027
EGLC,2024-12-21,12,2024-12-20,12,24,9.469,100.0,25.555
EGLC,2024-12-22,12,2024-12-21,12,24,5.066,82.216,29.591
EGLC,2024-12-23,12,2024-12-22,12,24,5.979,80.934,15.441
EGLC,2024-12-24,12,2024-12-23,12,24,11.208,62.189,9.774
EGLC,2024-12-25,12,2024-12-24,12,24,9.463,4.051,6.41
EGLC,2024-12-26,12,2024-12-25,12,24,8.645,4.144,2.986
EGLC,2024-12-27,12,2024-12-26,12,24,8.549,100.0,1.722
EGLC,2024-12-28,12,2024-12-27,12,24,7.225,5.0,4.362
EGLC,2024-12-29,12,2024-12-28,12,24,7.296,5.487,8.173
EGLC,2024-12-30,12,2024-12-29,12,24,7.487,93.355,14.017
EGLC,2024-12-31,12,2024-12-30,12,24,11.153,100.0,24.72
EGLC,2025-01-01,12,2024-12-31,12,24,12.283,100.0,41.355
EGLC,2025-01-02,12,2025-01-01,12,24,4.159,5.026,14.933
EGLC,2025-01-03,12,2025-01-02,12,24,3.68,5.0,13.112
EGLC,2025-01-04,12,2025-01-03,12,24,3.955,100.0,9.012
EGLC,2025-01-05,12,2025-01-04,12,24,10.303,100.0,22.267
EGLC,2025-01-06,12,2025-01-05,12,24,4.374,100.0,30.689
EGLC,2025-01-07,12,2025-01-06,12,24,3.647,33.333,17.24
EGLC,2025-01-08,12,2025-01-07,12,24,3.367,100.0,8.672
EGLC,2025-01-09,12,2025-01-08,12,24,2.834,38.673,14.193
EGLC,2025-01-10,12,2025-01-09,12,24,2.386,85.677,3.14
EGLC,2025-01-11,12,2025-01-10,12,24,2.876,1.613,4.937
EGLC,2025-01-12,12,2025-01-11,12,24,3.095,91.168,4.354
EGLC,2025-01-13,12,2025-01-12,12,24,5.229,60.779,10.286
EGLC,2025-01-14,12,2025-01-13,12,24,6.684,72.638,9.037
EGLC,2025-01-15,12,2025-01-14,12,24,9.172,58.33,3.443
EGLC,2025-01-16,12,2025-01-15,12,24,8.442,0.0,8.617
EGLC,2025-01-17,12,2025-01-16,12,24,6.787,0.0,8.997
EGLC,2025-01-18,12,2025-01-17,12,24,5.856,0.0,4.799
EGLC,2025-01-19,12,2025-01-18,12,24,4.341,100.0,11.298
EGLC,2025-01-20,12,2025-01-19,12,24,6.081,100.0,7.958
EGLC,2025-01-21,12,2025-01-20,12,24,5.415,100.0,6.371
EGLC,2025-01-22,12,2025-01-21,12,24,4.312,100.0,5.328
EGLC,2025-01-23,12,2025-01-22,12,24,8.52,100.0,26.413
EGLC,2025-01-24,12,2025-01-23,12,24,9.239,57.146,27.461
EGLC,2025-01-25,12,2025-01-24,12,24,5.888,100.0,11.544
EGLC,2025-01-26,12,2025-01-25,12,24,6.191,100.0,29.328
EGLC,2025-01-27,12,2025-01-26,12,24,7.582,98.909,37.3
EGLC,2025-01-28,12,2025-01-27,12,24,8.721,83.572,17.553
EGLC,2025-01-29,12,2025-01-28,12,24,7.856,100.0,5.518
EGLC,2025-01-30,12,2025-01-29,12,24,6.517,0.0,14.927
EGLC,2025-01-31,12,2025-01-30,12,24,7.003,100.0,7.864
EGLC,2025-02-01,12,2025-01-31,12,24,6.236,100.0,12.74
EGLC,2025-02-02,12,2025-02-01,12,24,6.796,3.964,11.7
EGLC,2025-02-03,12,2025-02-02,12,24,6.754,100.0,12.795
EGLC,2025-02-04,12,2025-02-03,12,24,9.562,27.949,20.085
EGLC,2025-02-05,12,2025-02-04,12,24,7.931,81.978,11.352
EGLC,2025-02-06,12,2025-02-05,12,24,7.227,5.713,16.284
EGLC,2025-02-07,12,2025-02-06,12,24,3.856,100.0,21.159
EGLC,2025-02-08,12,2025-02-07,12,24,6.304,99.943,10.128
EGLC,2025-02-09,12,2025-02-08,12,24,4.39,100.0,11.747
EGLC,2025-02-10,12,2025-02-09,12,24,3.25,100.0,15.585
EGLC,2025-02-11,12,2025-02-10,12,24,3.449,100.0,10.641
EGLC,2025-02-12,12,2025-02-11,12,24,5.83,100.0,7.287
EGLC,2025-02-13,12,2025-02-12,12,24,4.865,100.0,10.864
EGLC,2025-02-14,12,2025-02-13,12,24,5.0,5.0,15.477
EGLC,2025-02-15,12,2025-02-14,12,24,3.886,100.0,9.713
EGLC,2025-02-16,12,2025-02-15,12,24,4.392,100.0,16.09
EGLC,2025-02-17,12,2025-02-16,12,24,4.823,100.0,13.811
EGLC,2025-02-18,12,2025-02-17,12,24,5.588,99.81,14.641
EGLC,2025-02-19,12,2025-02-18,12,24,7.537,98.103,13.695
EGLC,2025-02-20,12,2025-02-19,12,24,11.389,100.0,22.81
EGLC,2025-02-21,12,2025-02-20,12,24,14.096,100.0,28.46
EGLC,2025-02-22,12,2025-02-21,12,24,10.992,100.0,12.341
EGLC,2025-02-23,12,2025-02-22,12,24,11.666,99.974,25.895
EGLC,2025-02-24,12,2025-02-23,12,24,9.933,13.079,15.751
EGLC,2025-02-25,12,2025-02-24,12,24,9.712,100.0,12.224
EGLC,2025-02-26,12,2025-02-25,12,24,6.455,100.0,13.779
EGLC,2025-02-27,12,2025-02-26,12,24,7.998,66.269,17.116
EGLC,2025-02-28,12,2025-02-27,12,24,8.126,5.0,6.382
EGLC,2025-03-01,12,2025-02-28,12,24,8.228,4.021,7.158
EGLC,2025-03-02,12,2025-03-01,12,24,8.441,4.526,5.35
EGLC,2025-03-03,12,2025-03-02,12,24,9.263,0.005,3.909
EGLC,2025-03-04,12,2025-03-03,12,24,10.447,0.0,4.573
EGLC,2025-03-05,12,2025-03-04,12,24,12.452,0.0,12.465
EGLC,2025-03-06,12,2025-03-05,12,24,13.802,57.133,20.491
EGLC,2025-03-07,12,2025-03-06,12,24,11.694,97.818,13.254
EGLC,2025-03-08,12,2025-03-07,12,24,14.817,81.017,17.827
EGLC,2025-03-09,12,2025-03-08,12,24,15.92,11.83,16.437
EGLC,2025-03-10,12,2025-03-09,12,24,14.032,99.861,11.638
EGLC,2025-03-11,12,2025-03-10,12,24,8.456,100.0,17.733
EGLC,2025-03-12,12,2025-03-11,12,24,6.885,69.312,11.328
EGLC,2025-03-13,12,2025-03-12,12,24,4.583,99.985,11.706
EGLC,2025-03-14,12,2025-03-13,12,24,7.447,90.283,8.782
EGLC,2025-03-15,12,2025-03-14,12,24,7.405,7.578,18.902
EGLC,2025-03-16,12,2025-03-15,12,24,8.226,4.843,15.593
EGLC,2025-03-17,12,2025-03-16,12,24,8.104,31.852,15.731
EGLC,2025-03-18,12,2025-03-17,12,24,8.98,0.0,20.703
EGLC,2025-03-19,12,2025-03-18,12,24,13.628,98.179,8.245
EGLC,2025-03-20,12,2025-03-19,12,24,15.326,32.281,8.694
EGLC,2025-03-21,12,2025-03-20,12,24,14.962,100.0,17.903
EGLC,2025-03-22,12,2025-03-21,12,24,11.567,100.0,9.935
EGLC,2025-03-23,12,2025-03-22,12,24,14.628,100.0,2.921
EGLC,2025-03-24,12,2025-03-23,12,24,13.064,97.175,10.304
EGLC,2025-03-25,12,2025-03-24,12,24,14.11,100.0,11.176
EGLC,2025-03-26,12,2025-03-25,12,24,15.459,1.968,2.201
EGLC,2025-03-27,12,2025-03-26,12,24,15.798,5.0,11.21
EGLC,2025-03-28,12,2025-03-27,12,24,12.609,100.0,17.925
EGLC,2025-03-29,12,2025-03-28,12,24,11.844,46.001,11.019
EGLC,2025-03-30,12,2025-03-29,12,24,14.618,0.0,22.63
EGLC,2025-03-31,12,2025-03-30,12,24,14.26,5.0,8.104
EGLC,2025-04-01,12,2025-03-31,12,24,12.359,0.0,20.746
EGLC,2025-04-02,12,2025-04-01,12,24,13.256,99.995,25.348
EGLC,2025-04-03,12,2025-04-02,12,24,15.123,67.405,19.959
EGLC,2025-04-04,12,2025-04-03,12,24,18.328,21.551,20.052
EGLC,2025-04-05,12,2025-04-04,12,24,16.124,5.0,21.184
EGLC,2025-04-06,12,2025-04-05,12,24,12.797,5.0,21.12
EGLC,2025-04-07,12,2025-04-06,12,24,13.089,4.861,14.739
EGLC,2025-04-08,12,2025-04-07,12,24,14.104,99.861,12.151
EGLC,2025-04-09,12,2025-04-08,12,24,13.882,4.515,16.927
EGLC,2025-04-10,12,2025-04-09,12,24,15.25,25.035,8.263
EGLC,2025-04-11,12,2025-04-10,12,24,18.506,5.015,5.312
EGLC,2025-04-12,12,2025-04-11,12,24,19.061,99.619,15.803
EGLC,2025-04-13,12,2025-04-12,12,24,16.713,51.358,16.69
EGLC,2025-04-14,12,2025-04-13,12,24,14.606,88.997,19.151
EGLC,2025-04-15,12,2025-04-14,12,24,15.444,100.0,9.481
EGLC,2025-04-16,12,2025-04-15,12,24,13.706,4.336,27.752
EGLC,2025-04-17,12,2025-04-16,12,24,16.046,98.909,6.818
EGLC,2025-04-18,12,2025-04-17,12,24,14.79,100.0,20.6
EGLC,2025-04-19,12,2025-04-18,12,24,13.273,100.0,22.524
EGLC,2025-04-20,12,2025-04-19,12,24,13.524,100.0,16.751
EGLC,2025-04-21,12,2025-04-20,12,24,16.792,100.0,11.111
EGLC,2025-04-22,12,2025-04-21,12,24,15.758,9.962,12.155
EGLC,2025-04-23,12,2025-04-22,12,24,8.968,97.818,13.822
EGLC,2025-04-24,12,2025-04-23,12,24,15.484,5.0,11.499
EGLC,2025-04-25,12,2025-04-24,12,24,14.565,62.912,11.75
EGLC,2025-04-26,12,2025-04-25,12,24,15.769,100.0,11.969
EGLC,2025-04-27,12,2025-04-26,12,24,19.639,36.722,1.519
EGLC,2025-04-28,12,2025-04-27,12,24,20.622,5.0,6.777
EGLC,2025-04-29,12,2025-04-28,12,24,20.34,5.0,15.12
EGLC,2025-04-30,12,2025-04-29,12,24,22.596,7.751,9.554
EGLC,2025-05-01,12,2025-04-30,12,24,24.977,99.388,11.789
EGLC,2025-05-02,12,2025-05-01,12,24,23.705,87.823,1.914
EGLC,2025-05-03,12,2025-05-02,12,24,19.027,5.478,15.321
EGLC,2025-05-04,12,2025-05-03,12,24,11.312,97.057,19.425
EGLC,2025-05-05,12,2025-05-04,12,24,11.495,61.288,23.124
EGLC,2025-05-06,12,2025-05-05,12,24,14.291,5.87,17.629
EGLC,2025-05-07,12,2025-05-06,12,24,15.125,100.0,16.091
EGLC,2025-05-08,12,2025-05-07,12,24,16.111,43.597,13.018
EGLC,2025-05-09,12,2025-05-08,12,24,17.116,5.0,19.51
EGLC,2025-05-10,12,2025-05-09,12,24,19.722,0.0,18.776
EGLC,2025-05-11,12,2025-05-10,12,24,21.9,0.257,16.829
EGLC,2025-05-12,12,2025-05-11,12,24,19.556,82.551,13.939
EGLC,2025-05-13,12,2025-05-12,12,24,21.905,5.561,15.286
EGLC,2025-05-14,12,2025-05-13,12,24,21.178,4.851,15.706
EGLC,2025-05-15,12,2025-05-14,12,24,17.22,0.557,22.632
EGLC,2025-05-16,12,2025-05-15,12,24,19.033,4.051,18.354
EGLC,2025-05-17,12,2025-05-16,12,24,19.218,0.0,12.085
EGLC,2025-05-18,12,2025-05-17,12,24,15.242,15.529,11.425
EGLC,2025-05-19,12,2025-05-18,12,24,18.134,76.103,14.547
EGLC,2025-05-20,12,2025-05-19,12,24,20.627,98.745,10.017
EGLC,2025-05-21,12,2025-05-20,12,24,14.544,100.0,5.607
EGLC,2025-05-22,12,2025-05-21,12,24,11.347,100.0,16.283
EGLC,2025-05-23,12,2025-05-22,12,24,18.154,63.909,11.96
EGLC,2025-05-24,12,2025-05-23,12,24,20.449,99.751,21.935
EGLC,2025-05-25,12,2025-05-24,12,24,19.639,5.813,25.573
EGLC,2025-05-26,12,2025-05-25,12,24,16.103,100.0,17.551
EGLC,2025-05-27,12,2025-05-26,12,24,12.511,100.0,15.782
EGLC,2025-05-28,12,2025-05-27,12,24,17.547,100.0,19.764
EGLC,2025-05-29,12,2025-05-28,12,24,22.385,88.048,23.204
EGLC,2025-05-30,12,2025-05-29,12,24,24.144,0.232,17.061
EGLC,2025-05-31,12,2025-05-30,12,24,24.685,47.257,15.478
EGLC,2025-06-01,12,2025-05-31,12,24,20.166,100.0,20.097
EGLC,2025-06-02,12,2025-06-01,12,24,19.344,5.0,12.136
EGLC,2025-06-03,12,2025-06-02,12,24,13.49,100.0,24.318
EGLC,2025-06-04,12,2025-06-03,12,24,18.467,99.933,20.304
EGLC,2025-06-05,12,2025-06-04,12,24,13.482,100.0,20.622
EGLC,2025-06-06,12,2025-06-05,12,24,14.499,31.738,18.133
EGLC,2025-06-07,12,2025-06-06,12,24,15.39,88.048,18.452
EGLC,2025-06-08,12,2025-06-07,12,24,17.082,99.431,19.605
EGLC,2025-06-09,12,2025-06-08,12,24,17.599,100.0,13.002
EGLC,2025-06-10,12,2025-06-09,12,24,20.054,91.266,16.138
EGLC,2025-06-11,12,2025-06-10,12,24,22.69,5.0,17.72
EGLC,2025-06-12,12,2025-06-11,12,24,23.912,100.0,22.808
EGLC,2025-06-13,12,2025-06-12,12,24,25.828,5.0,10.174
EGLC,2025-06-14,12,2025-06-13,12,24,23.099,7.556,22.614
EGLC,2025-06-15,12,2025-06-14,12,24,21.049,74.547,17.507
EGLC,2025-06-16,12,2025-06-15,12,24,24.642,9.629,6.696
EGLC,2025-06-17,12,2025-06-16,12,24,25.823,88.093,11.508
EGLC,2025-06-18,12,2025-06-17,12,24,25.87,4.526,8.186
EGLC,2025-06-19,12,2025-06-18,12,24,29.625,0.0,5.535
EGLC,2025-06-20,12,2025-06-19,12,24,26.968,100.0,14.152
EGLC,2025-06-21,12,2025-06-20,12,24,32.078,61.792,15.379
EGLC,2025-06-22,12,2025-06-21,12,24,26.613,56.067,23.83
EGLC,2025-06-23,12,2025-06-22,12,24,21.455,43.94,20.904
EGLC,2025-06-24,12,2025-06-23,12,24,20.092,100.0,23.477
EGLC,2025-06-25,12,2025-06-24,12,24,27.645,9.779,10.051
EGLC,2025-06-26,12,2025-06-25,12,24,20.197,98.925,20.531
EGLC,2025-06-27,12,2025-06-26,12,24,25.51,44.81,18.924
EGLC,2025-06-28,12,2025-06-27,12,24,26.793,92.032,18.08
EGLC,2025-06-29,12,2025-06-28,12,24,28.149,2.882,8.931
EGLC,2025-06-30,12,2025-06-29,12,24,32.606,0.0,11.367
EGLC,2025-07-01,12,2025-06-30,12,24,32.564,99.196,9.306
EGLC,2025-07-02,12,2025-07-01,12,24,19.457,100.0,4.381
EGLC,2025-07-03,12,2025-07-02,12,24,23.405,27.564,9.352
EGLC,2025-07-04,12,2025-07-03,12,24,24.833,45.458,13.763
EGLC,2025-07-05,12,2025-07-04,12,24,19.57,100.0,19.413
EGLC,2025-07-06,12,2025-07-05,12,24,18.456,44.532,13.652
EGLC,2025-07-07,12,2025-07-06,12,24,21.143,83.222,22.613
EGLC,2025-07-08,12,2025-07-07,12,24,21.743,0.144,12.869
EGLC,2025-07-09,12,2025-07-08,12,24,22.747,84.539,11.101
EGLC,2025-07-10,12,2025-07-09,12,24,28.36,7.196,8.426
EGLC,2025-07-11,12,2025-07-10,12,24,29.412,4.943,8.739
EGLC,2025-07-12,12,2025-07-11,12,24,28.177,60.335,11.044
EGLC,2025-07-13,12,2025-07-12,12,24,27.482,7.032,8.165
EGLC,2025-07-14,12,2025-07-13,12,24,26.621,100.0,23.102
EGLC,2025-07-15,12,2025-07-14,12,24,21.534,99.871,27.398
EGLC,2025-07-16,12,2025-07-15,12,24,25.184,49.107,17.412
EGLC,2025-07-17,12,2025-07-16,12,24,24.338,67.917,4.123
EGLC,2025-07-18,12,2025-07-17,12,24,27.412,98.034,8.625
EGLC,2025-07-19,12,2025-07-18,12,24,17.765,100.0,8.186
EGLC,2025-07-20,12,2025-07-19,12,24,19.434,100.0,18.052
EGLC,2025-07-21,12,2025-07-20,12,24,20.484,99.763,0.609
EGLC,2025-07-22,12,2025-07-21,12,24,22.414,79.305,14.763
EGLC,2025-07-23,12,2025-07-22,12,24,21.552,100.0,9.201
EGLC,2025-07-24,12,2025-07-23,12,24,18.902,97.712,18.595
EGLC,2025-07-25,12,2025-07-24,12,24,25.438,29.034,5.929
EGLC,2025-07-26,12,2025-07-25,12,24,22.549,100.0,9.177
EGLC,2025-07-27,12,2025-07-26,12,24,22.64,91.983,13.625
EGLC,2025-07-28,12,2025-07-27,12,24,22.75,69.042,13.018
EGLC,2025-07-29,12,2025-07-28,12,24,15.969,100.0,11.035
EGLC,2025-07-30,12,2025-07-29,12,24,22.793,47.762,10.488
EGLC,2025-07-31,12,2025-07-30,12,24,20.349,100.0,12.932
LFPG,2021-03-24,12,2021-03-23,12,24,14.007,40.058,11.16
LFPG,2021-03-25,12,2021-03-24,12,24,9.981,17.346,7.655
LFPG,2021-03-26,12,2021-03-25,12,24,13.294,63.199,24.062
LFPG,2021-03-27,12,2021-03-26,12,24,9.554,96.184,22.165
LFPG,2021-03-28,12,2021-03-27,12,24,13.338,89.408,17.538
LFPG,2021-03-29,12,2021-03-28,12,24,17.613,35.53,10.023
LFPG,2021-03-30,12,2021-03-29,12,24,19.721,0.0,9.385
LFPG,2021-03-31,12,2021-03-30,12,24,21.251,6.155,9.606
LFPG,2021-04-01,12,2021-03-31,12,24,22.081,49.164,10.558
LFPG,2021-04-02,12,2021-04-01,12,24,12.864,0.0,22.834
LFPG,2021-04-03,12,2021-04-02,12,24,9.285,0.446,22.294
LFPG,2021-04-04,12,2021-04-03,12,24,11.268,5.0,13.181
LFPG,2021-04-05,12,2021-04-04,12,24,4.392,92.365,20.225
LFPG,2021-04-06,12,2021-04-05,12,24,5.708,100.0,20.424
LFPG,2021-04-07,12,2021-04-06,12,24,7.661,95.1,18.944
LFPG,2021-04-08,12,2021-04-07,12,24,10.021,28.531,7.854
LFPG,2021-04-09,12,2021-04-08,12,24,13.88,100.0,10.502
LFPG,2021-04-10,12,2021-04-09,12,24,10.511,100.0,18.186
LFPG,2021-04-11,12,2021-04-10,12,24,4.327,100.0,18.424
LFPG,2021-04-12,12,2021-04-11,12,24,9.503,100.0,14.614
LFPG,2021-04-13,12,2021-04-12,12,24,8.797,2.774,12.319
LFPG,2021-04-14,12,2021-04-13,12,24,10.117,7.901,13.245
LFPG,2021-04-15,12,2021-04-14,12,24,9.43,95.794,17.04
LFPG,2021-04-16,12,2021-04-15,12,24,9.854,100.0,19.711
LFPG,2021-04-17,12,2021-04-16,12,24,11.476,6.31,19.196
LFPG,2021-04-18,12,2021-04-17,12,24,12.116,75.021,11.513
LFPG,2021-04-19,12,2021-04-18,12,24,12.133,94.671,5.479
LFPG,2021-04-20,12,2021-04-19,12,24,15.553,22.974,7.072
LFPG,2021-04-21,12,2021-04-20,12,24,14.085,42.508,15.485
LFPG,2021-04-22,12,2021-04-21,12,24,13.664,5.929,20.169
LFPG,2021-04-23,12,2021-04-22,12,24,15.455,0.74,18.136
LFPG,2021-04-24,12,2021-04-23,12,24,16.327,93.65,16.874
LFPG,2021-04-25,12,2021-04-24,12,24,14.413,0.457,22.126
LFPG,2021-04-26,12,2021-04-25,12,24,14.434,9.529,24.913
LFPG,2021-04-27,12,2021-04-26,12,24,15.549,4.475,10.439
LFPG,2021-04-28,12,2021-04-27,12,24,16.25,96.515,15.68
LFPG,2021-04-29,12,2021-04-28,12,24,9.359,99.911,13.678
LFPG,2021-04-30,12,2021-04-29,12,24,12.516,92.953,6.942
LFPG,2021-05-01,12,2021-04-30,12,24,10.471,100.0,13.924
LFPG,2021-05-02,12,2021-05-01,12,24,11.913,84.415,8.445
LFPG,2021-05-03,12,2021-05-02,12,24,14.698,95.168,18.774
LFPG,2021-05-04,12,2021-05-03,12,24,14.47,82.403,31.835
LFPG,2021-05-05,12,2021-05-04,12,24,11.406,95.591,24.969
LFPG,2021-05-06,12,2021-05-05,12,24,7.209,100.0,15.559
LFPG,2021-05-07,12,2021-05-06,12,24,13.167,5.0,12.045
LFPG,2021-05-08,12,2021-05-07,12,24,13.551,87.272,19.431
LFPG,2021-05-09,12,2021-05-08,12,24,23.682,16.424,23.811
LFPG,2021-05-10,12,2021-05-09,12,24,16.201,89.418,20.22
LFPG,2021-05-11,12,2021-05-10,12,24,14.853,64.72,12.348
LFPG,2021-05-12,12,2021-05-11,12,24,14.887,100.0,10.555
LFPG,2021-05-13,12,2021-05-12,12,24,14.285,96.962,13.189
LFPG,2021-05-14,12,2021-05-13,12,24,10.665,94.382,9.908
LFPG,2021-05-15,12,2021-05-14,12,24,13.32,97.721,23.239
LFPG,2021-05-16,12,2021-05-15,12,24,13.453,2.21,21.066
LFPG,2021-05-17,12,2021-05-16,12,24,14.129,97.77,24.03
LFPG,2021-05-18,12,2021-05-17,12,24,13.56,72.09,17.307
LFPG,2021-05-19,12,2021-05-18,12,24,12.177,88.955,17.425
LFPG,2021-05-20,12,2021-05-19,12,24,14.606,100.0,19.703
LFPG,2021-05-21,12,2021-05-20,12,24,15.485,70.198,31.531
LFPG,2021-05-22,12,2021-05-21,12,24,13.847,100.0,29.606
LFPG,2021-05-23,12,2021-05-22,12,24,15.939,56.79,22.309
LFPG,2021-05-24,12,2021-05-23,12,24,15.306,98.565,29.132
LFPG,2021-05-25,12,2021-05-24,12,24,13.663,69.444,26.913
LFPG,2021-05-26,12,2021-05-25,12,24,13.986,88.486,22.852
LFPG,2021-05-27,12,2021-05-26,12,24,17.197,96.179,6.261
LFPG,2021-05-28,12,2021-05-27,12,24,17.981,8.541,13.483
LFPG,2021-05-29,12,2021-05-28,12,24,19.58,41.945,14.279
LFPG,2021-05-30,12,2021-05-29,12,24,19.334,1.037,17.403
LFPG,2021-05-31,12,2021-05-30,12,24,20.016,0.0,20.245
LFPG,2021-06-01,12,2021-05-31,12,24,22.691,0.0,16.443
LFPG,2021-06-02,12,2021-06-01,12,24,22.982,91.679,17.848
LFPG,2021-06-03,12,2021-06-02,12,24,24.593,21.379,2.59
LFPG,2021-06-04,12,2021-06-03,12,24,19.202,100.0,6.216
LFPG,2021-06-05,12,2021-06-04,12,24,15.296,100.0,13.629
LFPG,2021-06-06,12,2021-06-05,12,24,20.551,75.677,10.576
LFPG,2021-06-07,12,2021-06-06,12,24,21.805,28.636,10.988
LFPG,2021-06-08,12,2021-06-07,12,24,22.479,4.068,9.054
LFPG,2021-06-09,12,2021-06-08,12,24,24.202,5.139,7.32
LFPG,2021-06-10,12,2021-06-09,12,24,24.232,41.746,8.421
LFPG,2021-06-11,12,2021-06-10,12,24,24.594,46.768,9.273
LFPG,2021-06-12,12,2021-06-11,12,24,23.029,86.173,14.821
LFPG,2021-06-13,12,2021-06-12,12,24,22.255,5.0,14.349
LFPG,2021-06-14,12,2021-06-13,12,24,25.801,0.0,7.864
LFPG,2021-06-15,12,2021-06-14,12,24,25.823,99.721,8.057
LFPG,2021-06-16,12,2021-06-15,12,24,29.268,2.486,12.352
LFPG,2021-06-17,12,2021-06-16,12,24,28.364,90.468,12.58
LFPG,2021-06-18,12,2021-06-17,12,24,25.716,16.931,26.571
LFPG,2021-06-19,12,2021-06-18,12,24,24.746,28.662,9.279
LFPG,2021-06-20,12,2021-06-19,12,24,24.617,3.171,2.456
LFPG,2021-06-21,12,2021-06-20,12,24,23.234,93.387,9.776
LFPG,2021-06-22,12,2021-06-21,12,24,14.493,99.939,17.947
LFPG,2021-06-23,12,2021-06-22,12,24,12.945,100.0,11.296
LFPG,2021-06-24,12,2021-06-23,12,24,15.652,100.0,10.978
LFPG,2021-06-25,12,2021-06-24,12,24,17.81,92.523,13.849
LFPG,2021-06-26,12,2021-06-25,12,24,18.311,99.814,8.256
LFPG,2021-06-27,12,2021-06-26,12,24,19.898,100.0,11.208
LFPG,2021-06-28,12,2021-06-27,12,24,18.969,86.029,8.197
LFPG,2021-06-29,12,2021-06-28,12,24,13.485,100.0,7.735
LFPG,2021-06-30,12,2021-06-29,12,24,17.282,99.656,10.985
LFPG,2021-07-01,12,2021-06-30,12,24,19.148,41.491,13.58
LFPG,2021-07-02,12,2021-07-01,12,24,23.212,92.84,8.403
LFPG,2021-07-03,12,2021-07-02,12,24,17.494,100.0,11.16
LFPG,2021-07-04,12,2021-07-03,12,24,19.123,85.487,14.823
LFPG,2021-07-05,12,2021-07-04,12,24,19.524,97.955,16.725
LFPG,2021-07-06,12,2021-07-05,12,24,20.235,66.986,30.65
LFPG,2021-07-07,12,2021-07-06,12,24,18.172,99.939,11.512
LFPG,2021-07-08,12,2021-07-07,12,24,22.29,89.483,11.034
LFPG,2021-07-09,12,2021-07-08,12,24,22.431,69.948,7.716
LFPG,2021-07-10,12,2021-07-09,12,24,17.752,100.0,17.634
LFPG,2021-07-11,12,2021-07-10,12,24,21.829,99.805,7.785
LFPG,2021-07-12,12,2021-07-11,12,24,17.874,100.0,13.963
LFPG,2021-07-13,12,2021-07-12,12,24,16.456,100.0,7.692
LFPG,2021-07-14,12,2021-07-13,12,24,19.296,100.0,18.167
LFPG,2021-07-15,12,2021-07-14,12,24,20.45,99.972,18.083
LFPG,2021-07-16,12,2021-07-15,12,24,21.184,5.562,16.037
LFPG,2021-07-17,12,2021-07-16,12,24,23.814,2.551,18.78
LFPG,2021-07-18,12,2021-07-17,12,24,25.13,0.0,19.796
LFPG,2021-07-19,12,2021-07-18,12,24,26.267,0.01,15.894
LFPG,2021-07-20,12,2021-07-19,12,24,25.148,0.0,12.758
LFPG,2021-07-21,12,2021-07-20,12,24,26.236,0.0,11.992
LFPG,2021-07-22,12,2021-07-21,12,24,25.875,0.0,13.611
LFPG,2021-07-23,12,2021-07-22,12,24,25.873,95.847,17.179
LFPG,2021-07-24,12,2021-07-23,12,24,23.869,100.0,17.466
LFPG,2021-07-25,12,2021-07-24,12,24,19.12,97.011,17.873
LFPG,2021-07-26,12,2021-07-25,12,24,19.873,98.357,13.11
LFPG,2021-07-27,12,2021-07-26,12,24,22.388,100.0,22.299
LFPG,2021-07-28,12,2021-07-27,12,24,21.58,96.551,21.702
LFPG,2021-07-29,12,2021-07-28,12,24,22.162,5.358,14.149
LFPG,2021-07-30,12,2021-07-29,12,24,21.646,85.124,27.298
LFPG,2021-07-31,12,2021-07-30,12,24,18.66,89.525,14.844
LFPG,2021-08-01,12,2021-07-31,12,24,21.385,91.066,13.737
LFPG,2021-08-02,12,2021-08-01,12,24,23.057,59.31,13.356
LFPG,2021-08-03,12,2021-08-02,12,24,18.451,100.0,10.208
LFPG,2021-08-04,12,2021-08-03,12,24,20.053,98.032,8.889
LFPG,2021-08-05,12,2021-08-04,12,24,22.577,56.205,14.22
LFPG,2021-08-06,12,2021-08-05,12,24,22.268,92.263,24.905
LFPG,2021-08-07,12,2021-08-06,12,24,19.339,100.0,23.518
LFPG,2021-08-08,12,2021-08-07,12,24,19.934,100.0,25.192
LFPG,2021-08-09,12,2021-08-08,12,24,21.506,99.591,20.248
LFPG,2021-08-10,12,2021-08-09,12,24,21.96,56.586,12.941
LFPG,2021-08-11,12,2021-08-10,12,24,24.281,92.696,4.99
LFPG,2021-08-12,12,2021-08-11,12,24,28.051,99.944,2.812
LFPG,2021-08-13,12,2021-08-12,12,24,25.369,99.949,10.839
LFPG,2021-08-14,12,2021-08-13,12,24,26.575,0.0,5.823
LFPG,2021-08-15,12,2021-08-14,12,24,28.365,79.742,10.169
LFPG,2021-08-16,12,2021-08-15,12,24,20.056,91.782,18.822
LFPG,2021-08-17,12,2021-08-16,12,24,19.021,100.0,15.042
LFPG,2021-08-18,12,2021-08-17,12,24,18.849,100.0,14.17
LFPG,2021-08-19,12,2021-08-18,12,24,22.303,100.0,16.373
LFPG,2021-08-20,12,2021-08-19,12,24,25.228,12.227,4.301
LFPG,2021-08-21,12,2021-08-20,12,24,27.475,100.0,10.796
LFPG,2021-08-22,12,2021-08-21,12,24,20.23,33.003,20.163
LFPG,2021-08-23,12,2021-08-22,12,24,19.149,97.997,17.594
LFPG,2021-08-24,12,2021-08-23,12,24,23.013,0.0,22.978
LFPG,2021-08-25,12,2021-08-24,12,24,22.952,7.813,19.348
LFPG,2021-08-26,12,2021-08-25,12,24,19.275,4.973,20.923
LFPG,2021-08-27,12,2021-08-26,12,24,20.512,38.867,18.055
LFPG,2021-08-28,12,2021-08-27,12,24,16.232,99.922,14.975
LFPG,2021-08-29,12,2021-08-28,12,24,17.944,100.0,17.795
LFPG,2021-08-30,12,2021-08-29,12,24,17.752,99.983,15.339
LFPG,2021-08-31,12,2021-08-30,12,24,21.695,1.294,17.687
LFPG,2021-09-01,12,2021-08-31,12,24,21.036,0.0,16.257
LFPG,2021-09-02,12,2021-09-01,12,24,23.729,0.0,18.327
LFPG,2021-09-03,12,2021-09-02,12,24,24.239,71.571,7.227
LFPG,2021-09-04,12,2021-09-03,12,24,27.645,37.109,4.835
LFPG,2021-09-05,12,2021-09-04,12,24,27.582,4.08,3.472
LFPG,2021-09-06,12,2021-09-05,12,24,27.807,30.659,8.849
LFPG,2021-09-07,12,2021-09-06,12,24,28.437,1.717,18.853
LFPG,2021-09-08,12,2021-09-07,12,24,28.582,97.984,12.4
LFPG,2021-09-09,12,2021-09-08,12,24,26.064,38.034,18.214
LFPG,2021-09-10,12,2021-09-09,12,24,24.694,80.531,16.563
LFPG,2021-09-11,12,2021-09-10,12,24,22.023,45.44,12.874
LFPG,2021-09-12,12,2021-09-11,12,24,22.18,100.0,4.611
LFPG,2021-09-13,12,2021-09-12,12,24,23.601,76.677,10.637
LFPG,2021-09-14,12,2021-09-13,12,24,23.984,100.0,15.137
LFPG,2021-09-15,12,2021-09-14,12,24,21.946,51.992,4.279
LFPG,2021-09-16,12,2021-09-15,12,24,20.807,51.482,6.741
LFPG,2021-09-17,12,2021-09-16,12,24,22.438,47.762,10.164
LFPG,2021-09-18,12,2021-09-17,12,24,20.484,52.508,7.481
LFPG,2021-09-19,12,2021-09-18,12,24,20.469,100.0,8.388
LFPG,2021-09-20,12,2021-09-19,12,24,17.705,87.72,7.103
LFPG,2021-09-21,12,2021-09-20,12,24,18.211,4.941,13.261
LFPG,2021-09-22,12,2021-09-21,12,24,19.715,98.262,10.975
LFPG,2021-09-23,12,2021-09-22,12,24,20.626,22.741,7.715
LFPG,2021-09-24,12,2021-09-23,12,24,21.451,0.0,6.756
LFPG,2021-09-25,12,2021-09-24,12,24,23.361,5.007,8.331
LFPG,2021-09-26,12,2021-09-25,12,24,21.444,100.0,20.317
LFPG,2021-09-27,12,2021-09-26,12,24,17.29,100.0,19.98
LFPG,2021-09-28,12,2021-09-27,12,24,17.214,100.0,5.078
LFPG,2021-09-29,12,2021-09-28,12,24,15.825,6.871,23.537
LFPG,2021-09-30,12,2021-09-29,12,24,16.007,44.839,13.338
LFPG,2021-10-01,12,2021-09-30,12,24,16.917,100.0,20.805
LFPG,2021-10-02,12,2021-10-01,12,24,19.256,92.764,25.595
LFPG,2021-10-03,12,2021-10-02,12,24,11.614,100.0,14.268
LFPG,2021-10-04,12,2021-10-03,12,24,17.582,9.841,22.092
LFPG,2021-10-05,12,2021-10-04,12,24,15.172,10.93,23.75
LFPG,2021-10-06,12,2021-10-05,12,24,16.09,3.948,26.497
LFPG,2021-10-07,12,2021-10-06,12,24,15.344,98.082,0.973
LFPG,2021-10-08,12,2021-10-07,12,24,17.627,0.751,12.547
LFPG,2021-10-09,12,2021-10-08,12,24,17.528,0.0,12.935
LFPG,2021-10-10,12,2021-10-09,12,24,16.221,54.792,10.875
LFPG,2021-10-11,12,2021-10-10,12,24,15.934,98.893,13.843
LFPG,2021-10-12,12,2021-10-11,12,24,14.305,100.0,14.112
LFPG,2021-10-13,12,2021-10-12,12,24,13.659,53.917,8.195
LFPG,2021-10-14,12,2021-10-13,12,24,15.483,7.308,5.923
LFPG,2021-10-15,12,2021-10-14,12,24,15.543,96.8,6.932
LFPG,2021-10-16,12,2021-10-15,12,24,15.599,0.325,7.22
LFPG,2021-10-17,12,2021-10-16,12,24,15.036,100.0,7.82
LFPG,2021-10-18,12,2021-10-17,12,24,17.083,100.0,14.092
LFPG,2021-10-19,12,2021-10-18,12,24,22.195,5.0,19.0
LFPG,2021-10-20,12,2021-10-19,12,24,19.339,95.86,28.379
LFPG,2021-10-21,12,2021-10-20,12,24,13.489,100.0,28.458
LFPG,2021-10-22,12,2021-10-21,12,24,12.794,99.638,17.065
LFPG,2021-10-23,12,2021-10-22,12,24,14.659,5.555,4.163
LFPG,2021-10-24,12,2021-10-23,12,24,13.439,4.944,11.422
LFPG,2021-10-25,12,2021-10-24,12,24,14.601,99.02,15.088
LFPG,2021-10-26,12,2021-10-25,12,24,15.315,94.904,14.575
LFPG,2021-10-27,12,2021-10-26,12,24,16.224,24.951,10.481
LFPG,2021-10-28,12,2021-10-27,12,24,16.775,0.0,21.336
LFPG,2021-10-29,12,2021-10-28,12,24,14.187,100.0,22.683
LFPG,2021-10-30,12,2021-10-29,12,24,13.953,100.0,24.801
LFPG,2021-10-31,12,2021-10-30,12,24,17.233,100.0,30.079
LFPG,2021-11-01,12,2021-10-31,12,24,13.425,27.239,24.137
LFPG,2021-11-02,12,2021-11-01,12,24,11.794,36.499,14.598
LFPG,2021-11-03,12,2021-11-02,12,24,10.123,99.242,16.856
LFPG,2021-11-04,12,2021-11-03,12,24,7.961,100.0,16.013
LFPG,2021-11-05,12,2021-11-04,12,24,11.239,13.735,9.954
LFPG,2021-11-06,12,2021-11-05,12,24,10.02,79.035,10.338
LFPG,2021-11-07,12,2021-11-06,12,24,11.957,100.0,18.53
LFPG,2021-11-08,12,2021-11-07,12,24,10.684,5.362,8.14
LFPG,2021-11-09,12,2021-11-08,12,24,10.607,100.0,3.731
LFPG,2021-11-10,12,2021-11-09,12,24,9.769,30.77,3.505
LFPG,2021-11-11,12,2021-11-10,12,24,10.739,10.788,5.586
LFPG,2021-11-12,12,2021-11-11,12,24,11.738,99.916,13.869
LFPG,2021-11-13,12,2021-11-12,12,24,11.489,100.0,13.494
LFPG,2021-11-14,12,2021-11-13,12,24,10.33,98.429,12.416
LFPG,2021-11-15,12,2021-11-14,12,24,10.72,0.0,16.352
LFPG,2021-11-16,12,2021-11-15,12,24,8.031,100.0,4.354
LFPG,2021-11-17,12,2021-11-16,12,24,12.545,93.488,11.575
LFPG,2021-11-18,12,2021-11-17,12,24,10.521,35.315,5.672
LFPG,2021-11-19,12,2021-11-18,12,24,10.838,99.805,3.305
LFPG,2021-11-20,12,2021-11-19,12,24,10.763,0.0,5.559
LFPG,2021-11-21,12,2021-11-20,12,24,7.504,100.0,18.381
LFPG,2021-11-22,12,2021-11-21,12,24,7.084,58.502,23.701
LFPG,2021-11-23,12,2021-11-22,12,24,7.698,11.998,18.667
LFPG,2021-11-24,12,2021-11-23,12,24,7.049,0.0,9.683
LFPG,2021-11-25,12,2021-11-24,12,24,4.805,100.0,6.517
LFPG,2021-11-26,12,2021-11-25,12,24,6.526,95.441,25.237
LFPG,2021-11-27,12,2021-11-26,12,24,4.029,91.701,10.985
LFPG,2021-11-28,12,2021-11-27,12,24,4.005,98.705,26.071
LFPG,2021-11-29,12,2021-11-28,12,24,5.486,21.65,13.9
LFPG,2021-11-30,12,2021-11-29,12,24,7.401,100.0,24.613
LFPG,2021-12-01,12,2021-11-30,12,24,9.655,97.084,20.855
LFPG,2021-12-02,12,2021-12-01,12,24,5.236,9.164,22.032
LFPG,2021-12-03,12,2021-12-02,12,24,3.191,100.0,24.745
LFPG,2021-12-04,12,2021-12-03,12,24,5.952,100.0,30.186
LFPG,2021-12-05,12,2021-12-04,12,24,4.526,100.0,20.783
LFPG,2021-12-06,12,2021-12-05,12,24,6.69,93.138,13.944
LFPG,2021-12-07,12,2021-12-06,12,24,6.092,100.0,21.929
LFPG,2021-12-08,12,2021-12-07,12,24,5.806,100.0,16.182
LFPG,2021-12-09,12,2021-12-08,12,24,6.518,95.213,16.752
LFPG,2021-12-10,12,2021-12-09,12,24,6.781,37.745,28.69
LFPG,2021-12-11,12,2021-12-10,12,24,6.288,10.1,9.871
LFPG,2021-12-12,12,2021-12-11,12,24,10.217,5.006,10.42
LFPG,2021-12-13,12,2021-12-12,12,24,9.989,5.0,10.774
LFPG,2021-12-14,12,2021-12-13,12,24,9.358,93.333,2.964
LFPG,2021-12-15,12,2021-12-14,12,24,7.837,92.306,1.678
LFPG,2021-12-16,12,2021-12-15,12,24,10.317,34.964,9.144
LFPG,2021-12-17,12,2021-12-16,12,24,8.929,1.946,15.197
LFPG,2021-12-18,12,2021-12-17,12,24,8.162,5.0,14.522
LFPG,2021-12-19,12,2021-12-18,12,24,6.911,5.0,13.451
LFPG,2021-12-20,12,2021-12-19,12,24,6.024,75.347,17.243
LFPG,2021-12-21,12,2021-12-20,12,24,3.689,2.988,11.084
LFPG,2021-12-22,12,2021-12-21,12,24,3.095,96.309,9.794
LFPG,2021-12-23,12,2021-12-22,12,24,6.993,38.449,14.417
LFPG,2021-12-24,12,2021-12-23,12,24,8.902,83.215,7.564
LFPG,2021-12-25,12,2021-12-24,12,24,9.095,100.0,6.918
LFPG,2021-12-26,12,2021-12-25,12,24,9.084,100.0,11.998
LFPG,2021-12-27,12,2021-12-26,12,24,7.925,100.0,17.038
LFPG,2021-12-28,12,2021-12-27,12,24,11.689,100.0,30.745
LFPG,2021-12-29,12,2021-12-28,12,24,12.249,100.0,16.159
LFPG,2021-12-30,12,2021-12-29,12,24,12.994,100.0,15.767
LFPG,2021-12-31,12,2021-12-30,12,24,12.576,3.247,12.405
LFPG,2022-01-01,12,2021-12-31,12,24,11.864,8.771,11.956
LFPG,2022-01-02,12,2022-01-01,12,24,12.549,100.0,24.854
LFPG,2022-01-03,12,2022-01-02,12,24,10.616,100.0,19.947
LFPG,2022-01-04,12,2022-01-03,12,24,9.128,100.0,13.581
LFPG,2022-01-05,12,2022-01-04,12,24,5.135,14.401,19.393
LFPG,2022-01-06,12,2022-01-05,12,24,5.847,19.368,10.873
LFPG,2022-01-07,12,2022-01-06,12,24,5.391,91.813,23.431
LFPG,2022-01-08,12,2022-01-07,12,24,6.602,100.0,23.247
LFPG,2022-01-09,12,2022-01-08,12,24,6.181,99.944,18.308
LFPG,2022-01-10,12,2022-01-09,12,24,5.619,99.251,7.367
LFPG,2022-01-11,12,2022-01-10,12,24,4.901,99.448,6.572
LFPG,2022-01-12,12,2022-01-11,12,24,4.638,100.0,7.065
LFPG,2022-01-13,12,2022-01-12,12,24,6.178,0.0,9.404
LFPG,2022-01-14,12,2022-01-13,12,24,6.903,0.0,4.97
LFPG,2022-01-15,12,2022-01-14,12,24,5.997,43.944,5.849
LFPG,2022-01-16,12,2022-01-15,12,24,6.572,9.253,17.008
LFPG,2022-01-17,12,2022-01-16,12,24,7.035,0.003,6.343
LFPG,2022-01-18,12,2022-01-17,12,24,7.118,0.0,16.031
LFPG,2022-01-19,12,2022-01-18,12,24,5.06,99.657,12.421
LFPG,2022-01-20,12,2022-01-19,12,24,3.887,96.947,16.348
LFPG,2022-01-21,12,2022-01-20,12,24,4.142,91.834,12.8
LFPG,2022-01-22,12,2022-01-21,12,24,5.772,5.0,6.288
LFPG,2022-01-23,12,2022-01-22,12,24,5.972,100.0,13.248
LFPG,2022-01-24,12,2022-01-23,12,24,5.875,0.0,7.138
LFPG,2022-01-25,12,2022-01-24,12,24,6.026,0.0,2.71
LFPG,2022-01-26,12,2022-01-25,12,24,4.548,5.872,6.951
LFPG,2022-01-27,12,2022-01-26,12,24,6.057,85.825,15.153
LFPG,2022-01-28,12,2022-01-27,12,24,7.473,39.761,6.618
LFPG,2022-01-29,12,2022-01-28,12,24,9.299,100.0,17.704
LFPG,2022-01-30,12,2022-01-29,12,24,7.02,5.0,3.978
LFPG,2022-01-31,12,2022-01-30,12,24,7.05,99.109,27.085
LFPG,2022-02-01,12,2022-01-31,12,24,6.864,100.0,17.769
LFPG,2022-02-02,12,2022-02-01,12,24,10.681,48.216,18.004
LFPG,2022-02-03,12,2022-02-02,12,24,8.197,100.0,14.242
LFPG,2022-02-04,12,2022-02-03,12,24,8.731,100.0,24.318
LFPG,2022-02-05,12,2022-02-04,12,24,7.439,21.765,14.907
LFPG,2022-02-06,12,2022-02-05,12,24,9.334,100.0,38.712
LFPG,2022-02-07,12,2022-02-06,12,24,6.792,77.315,9.203
LFPG,2022-02-08,12,2022-02-07,12,24,8.721,100.0,11.29
LFPG,2022-02-09,12,2022-02-08,12,24,10.018,5.0,6.931
LFPG,2022-02-10,12,2022-02-09,12,24,7.18,100.0,14.447
LFPG,2022-02-11,12,2022-02-10,12,24,6.334,5.0,7.741
LFPG,2022-02-12,12,2022-02-11,12,24,6.017,26.069,13.432
LFPG,2022-02-13,12,2022-02-12,12,24,8.241,100.0,22.5
LFPG,2022-02-14,12,2022-02-13,12,24,9.964,95.692,21.486
LFPG,2022-02-15,12,2022-02-14,12,24,9.108,100.0,23.316
LFPG,2022-02-16,12,2022-02-15,12,24,11.686,100.0,25.493
LFPG,2022-02-17,12,2022-02-16,12,24,11.636,37.869,26.162
LFPG,2022-02-18,12,2022-02-17,12,24,9.124,100.0,40.158
LFPG,2022-02-19,12,2022-02-18,12,24,8.345,5.0,25.321
LFPG,2022-02-20,12,2022-02-19,12,24,10.858,100.0,27.74
LFPG,2022-02-21,12,2022-02-20,12,24,6.958,84.045,36.737
LFPG,2022-02-22,12,2022-02-21,12,24,8.622,100.0,20.709
LFPG,2022-02-23,12,2022-02-22,12,24,10.35,62.625,12.164
LFPG,2022-02-24,12,2022-02-23,12,24,12.242,97.833,31.758
LFPG,2022-02-25,12,2022-02-24,12,24,8.495,47.495,20.269
LFPG,2022-02-26,12,2022-02-25,12,24,8.05,2.136,15.205
LFPG,2022-02-27,12,2022-02-26,12,24,7.83,0.0,22.352
LFPG,2022-02-28,12,2022-02-27,12,24,8.98,1.081,8.808
LFPG,2022-03-01,12,2022-02-28,12,24,7.164,100.0,4.35
LFPG,2022-03-02,12,2022-03-01,12,24,8.551,100.0,7.715
LFPG,2022-03-03,12,2022-03-02,12,24,9.962,100.0,7.916
LFPG,2022-03-04,12,2022-03-03,12,24,10.871,28.546,5.097
LFPG,2022-03-05,12,2022-03-04,12,24,9.828,5.0,3.713
LFPG,2022-03-06,12,2022-03-05,12,24,7.676,5.0,16.554
LFPG,2022-03-07,12,2022-03-06,12,24,5.593,0.0,21.789
LFPG,2022-03-08,12,2022-03-07,12,24,9.281,0.0,14.166
LFPG,2022-03-09,12,2022-03-08,12,24,12.324,32.489,14.791
LFPG,2022-03-10,12,2022-03-09,12,24,13.039,44.976,12.261
LFPG,2022-03-11,12,2022-03-10,12,24,11.744,100.0,21.155
LFPG,2022-03-12,12,2022-03-11,12,24,8.533,100.0,8.517
LFPG,2022-03-13,12,2022-03-12,12,24,8.158,100.0,20.613
LFPG,2022-03-14,12,2022-03-13,12,24,11.807,90.895,9.075
LFPG,2022-03-15,12,2022-03-14,12,24,8.738,100.0,4.105
LFPG,2022-03-16,12,2022-03-15,12,24,16.456,5.061,9.175
LFPG,2022-03-17,12,2022-03-16,12,24,11.631,64.553,18.071
LFPG,2022-03-18,12,2022-03-17,12,24,12.273,0.0,26.415
LFPG,2022-03-19,12,2022-03-18,12,24,13.099,0.0,27.381
LFPG,2022-03-20,12,2022-03-19,12,24,9.653,0.44,5.198
LFPG,2022-03-21,12,2022-03-20,12,24,15.244,5.0,14.338
LFPG,2022-03-22,12,2022-03-21,12,24,15.489,0.427,14.644
LFPG,2022-03-23,12,2022-03-22,12,24,15.977,0.0,6.0
LFPG,2022-03-24,12,2022-03-23,12,24,17.128,0.0,9.945
LFPG,2022-03-25,12,2022-03-24,12,24,16.759,0.0,17.051
LFPG,2022-03-26,12,2022-03-25,12,24,16.783,0.0,19.042
LFPG,2022-03-27,12,2022-03-26,12,24,17.76,0.0,14.118
LFPG,2022-03-28,12,2022-03-27,12,24,18.488,100.0,6.845
LFPG,2022-03-29,12,2022-03-28,12,24,17.122,80.803,9.763
LFPG,2022-03-30,12,2022-03-29,12,24,11.165,97.104,12.142
LFPG,2022-03-31,12,2022-03-30,12,24,6.025,100.0,23.63
LFPG,2022-04-01,12,2022-03-31,12,24,2.796,97.3,24.019
LFPG,2022-04-02,12,2022-04-01,12,24,6.056,100.0,26.562
LFPG,2022-04-03,12,2022-04-02,12,24,7.262,88.143,17.861
LFPG,2022-04-04,12,2022-04-03,12,24,9.288,98.3,23.478
LFPG,2022-04-05,12,2022-04-04,12,24,11.48,100.0,15.126
LFPG,2022-04-06,12,2022-04-05,12,24,13.425,96.444,25.725
LFPG,2022-04-07,12,2022-04-06,12,24,12.481,100.0,30.227
LFPG,2022-04-08,12,2022-04-07,12,24,5.313,100.0,11.955
LFPG,2022-04-09,12,2022-04-08,12,24,5.033,89.891,7.4
LFPG,2022-04-10,12,2022-04-09,12,24,11.023,100.0,8.505
LFPG,2022-04-11,12,2022-04-10,12,24,15.326,100.0,17.397
LFPG,2022-04-12,12,2022-04-11,12,24,18.652,16.178,17.641
LFPG,2022-04-13,12,2022-04-12,12,24,13.029,99.889,2.481
LFPG,2022-04-14,12,2022-04-13,12,24,18.952,29.4,6.279
LFPG,2022-04-15,12,2022-04-14,12,24,19.112,86.522,9.224
LFPG,2022-04-16,12,2022-04-15,12,24,16.875,0.0,18.367
LFPG,2022-04-17,12,2022-04-16,12,24,16.711,5.0,16.949
LFPG,2022-04-18,12,2022-04-17,12,24,16.907,96.874,5.035
LFPG,2022-04-19,12,2022-04-18,12,24,16.359,76.202,10.372
LFPG,2022-04-20,12,2022-04-19,12,24,16.123,60.596,20.093
LFPG,2022-04-21,12,2022-04-20,12,24,16.274,84.873,18.282
LFPG,2022-04-22,12,2022-04-21,12,24,16.333,7.695,17.946
LFPG,2022-04-23,12,2022-04-22,12,24,16.783,100.0,18.38
LFPG,2022-04-24,12,2022-04-23,12,24,16.969,99.6,11.685
LFPG,2022-04-25,12,2022-04-24,12,24,15.224,30.252,10.9
LFPG,2022-04-26,12,2022-04-25,12,24,13.56,99.885,15.065
LFPG,2022-04-27,12,2022-04-26,12,24,15.933,83.585,18.448
LFPG,2022-04-28,12,2022-04-27,12,24,18.651,5.0,19.896
LFPG,2022-04-29,12,2022-04-28,12,24,17.531,100.0,13.851
LFPG,2022-04-30,12,2022-04-29,12,24,14.633,5.028,16.621
LFPG,2022-05-01,12,2022-04-30,12,24,13.033,100.0,10.672
LFPG,2022-05-02,12,2022-05-01,12,24,16.235,100.0,12.522
LFPG,2022-05-03,12,2022-05-02,12,24,16.492,66.207,14.51
LFPG,2022-05-04,12,2022-05-03,12,24,17.0,100.0,12.771
LFPG,2022-05-05,12,2022-05-04,12,24,17.982,93.939,15.529
LFPG,2022-05-06,12,2022-05-05,12,24,19.289,1.822,8.533
LFPG,2022-05-07,12,2022-05-06,12,24,18.045,68.984,3.354
LFPG,2022-05-08,12,2022-05-07,12,24,17.812,9.382,13.873
LFPG,2022-05-09,12,2022-05-08,12,24,22.626,58.787,4.742
LFPG,2022-05-10,12,2022-05-09,12,24,23.95,90.023,17.735
LFPG,2022-05-11,12,2022-05-10,12,24,22.92,8.08,24.101
LFPG,2022-05-12,12,2022-05-11,12,24,18.181,99.777,10.805
LFPG,2022-05-13,12,2022-05-12,12,24,18.931,0.0,11.159
LFPG,2022-05-14,12,2022-05-13,12,24,20.951,92.869,5.406
LFPG,2022-05-15,12,2022-05-14,12,24,24.173,99.877,15.403
LFPG,2022-05-16,12,2022-05-15,12,24,22.125,10.295,15.249
LFPG,2022-05-17,12,2022-05-16,12,24,25.285,15.807,9.807
LFPG,2022-05-18,12,2022-05-17,12,24,23.999,100.0,6.47
LFPG,2022-05-19,12,2022-05-18,12,24,23.196,99.749,9.479
LFPG,2022-05-20,12,2022-05-19,12,24,19.707,100.0,25.96
LFPG,2022-05-21,12,2022-05-20,12,24,21.3,5.0,6.26
LFPG,2022-05-22,12,2022-05-21,12,24,19.072,99.816,15.191
LFPG,2022-05-23,12,2022-05-22,12,24,15.824,100.0,19.058
LFPG,2022-05-24,12,2022-05-23,12,24,17.124,100.0,18.419
LFPG,2022-05-25,12,2022-05-24,12,24,18.744,78.095,17.148
LFPG,2022-05-26,12,2022-05-25,12,24,18.869,99.331,13.289
LFPG,2022-05-27,12,2022-05-26,12,24,18.99,60.886,12.775
LFPG,2022-05-28,12,2022-05-27,12,24,17.637,5.612,12.776
LFPG,2022-05-29,12,2022-05-28,12,24,14.911,26.499,16.808
LFPG,2022-05-30,12,2022-05-29,12,24,16.983,90.56,8.015
LFPG,2022-05-31,12,2022-05-30,12,24,19.116,97.664,12.736
LFPG,2022-06-01,12,2022-05-31,12,24,19.76,2.675,10.741
LFPG,2022-06-02,12,2022-06-01,12,24,20.538,88.218,16.003
LFPG,2022-06-03,12,2022-06-02,12,24,22.743,100.0,6.963
LFPG,2022-06-04,12,2022-06-03,12,24,26.551,4.027,7.767
LFPG,2022-06-05,12,2022-06-04,12,24,19.299,96.014,19.699
LFPG,2022-06-06,12,2022-06-05,12,24,20.195,25.474,18.631
LFPG,2022-06-07,12,2022-06-06,12,24,20.327,18.82,20.205
LFPG,2022-06-08,12,2022-06-07,12,24,20.903,13.464,22.961
LFPG,2022-06-09,12,2022-06-08,12,24,18.869,75.983,16.909
LFPG,2022-06-10,12,2022-06-09,12,24,23.176,24.302,13.605
LFPG,2022-06-11,12,2022-06-10,12,24,22.357,98.967,7.576
LFPG,2022-06-12,12,2022-06-11,12,24,22.448,5.0,11.268
LFPG,2022-06-13,12,2022-06-12,12,24,20.566,5.581,11.469
LFPG,2022-06-14,12,2022-06-13,12,24,22.113,100.0,13.085
LFPG,2022-06-15,12,2022-06-14,12,24,26.576,4.642,8.289
LFPG,2022-06-16,12,2022-06-15,12,24,27.564,88.052,6.861
LFPG,2022-06-17,12,2022-06-16,12,24,29.853,80.055,7.773
LFPG,2022-06-18,12,2022-06-17,12,24,33.354,4.755,12.975
LFPG,2022-06-19,12,2022-06-18,12,24,23.828,5.83,15.93
LFPG,2022-06-20,12,2022-06-19,12,24,20.06,11.762,15.586
LFPG,2022-06-21,12,2022-06-20,12,24,23.948,5.0,8.82
LFPG,2022-06-22,12,2022-06-21,12,24,24.191,100.0,6.868
LFPG,2022-06-23,12,2022-06-22,12,24,26.369,3.328,17.117
LFPG,2022-06-24,12,2022-06-23,12,24,24.424,99.275,20.961
LFPG,2022-06-25,12,2022-06-24,12,24,17.926,100.0,12.45
LFPG,2022-06-26,12,2022-06-25,12,24,20.707,100.0,11.211
LFPG,2022-06-27,12,2022-06-26,12,24,20.512,6.927,13.73
LFPG,2022-06-28,12,2022-06-27,12,24,24.126,76.551,9.32
LFPG,2022-06-29,12,2022-06-28,12,24,25.054,23.153,15.147
LFPG,2022-06-30,12,2022-06-29,12,24,12.605,100.0,9.803
LFPG,2022-07-01,12,2022-06-30,12,24,20.312,22.113,11.097
LFPG,2022-07-02,12,2022-07-01,12,24,23.608,1.583,10.073
LFPG,2022-07-03,12,2022-07-02,12,24,23.356,0.916,12.72
LFPG,2022-07-04,12,2022-07-03,12,24,23.759,1.645,9.144
LFPG,2022-07-05,12,2022-07-04,12,24,23.38,0.0,12.781
LFPG,2022-07-06,12,2022-07-05,12,24,21.505,92.254,9.536
LFPG,2022-07-07,12,2022-07-06,12,24,19.751,100.0,17.837
LFPG,2022-07-08,12,2022-07-07,12,24,24.865,5.0,13.044
LFPG,2022-07-09,12,2022-07-08,12,24,27.001,45.969,13.246
LFPG,2022-07-10,12,2022-07-09,12,24,25.346,0.0,16.551
LFPG,2022-07-11,12,2022-07-10,12,24,28.146,0.0,11.623
LFPG,2022-07-12,12,2022-07-11,12,24,31.741,99.872,4.778
LFPG,2022-07-13,12,2022-07-12,12,24,33.416,99.415,9.371
LFPG,2022-07-14,12,2022-07-13,12,24,29.677,15.605,17.022
LFPG,2022-07-15,12,2022-07-14,12,24,25.218,0.027,12.769
LFPG,2022-07-16,12,2022-07-15,12,24,27.866,1.232,11.971
LFPG,2022-07-17,12,2022-07-16,12,24,30.497,44.278,11.008
LFPG,2022-07-18,12,2022-07-17,12,24,37.078,2.122,7.582
LFPG,2022-07-19,12,2022-07-18,12,24,39.554,0.0,20.704
LFPG,2022-07-20,12,2022-07-19,12,24,24.557,100.0,18.302
LFPG,2022-07-21,12,2022-07-20,12,24,27.053,33.883,12.781
LFPG,2022-07-22,12,2022-07-21,12,24,24.294,100.0,10.004
LFPG,2022-07-23,12,2022-07-22,12,24,26.782,82.189,12.068
LFPG,2022-07-24,12,2022-07-23,12,24,31.574,5.0,10.172
LFPG,2022-07-25,12,2022-07-24,12,24,27.4,97.521,22.476
LFPG,2022-07-26,12,2022-07-25,12,24,23.482,85.747,11.346
LFPG,2022-07-27,12,2022-07-26,12,24,25.478,100.0,12.702
LFPG,2022-07-28,12,2022-07-27,12,24,27.287,100.0,3.721
LFPG,2022-07-29,12,2022-07-28,12,24,28.993,88.183,13.175
LFPG,2022-07-30,12,2022-07-29,12,24,29.163,44.103,11.243
LFPG,2022-07-31,12,2022-07-30,12,24,29.227,0.517,15.055
LFPG,2022-08-01,12,2022-07-31,12,24,26.435,100.0,9.353
LFPG,2022-08-02,12,2022-08-01,12,24,29.711,43.146,9.578
LFPG,2022-08-03,12,2022-08-02,12,24,33.802,2.196,10.063
LFPG,2022-08-04,12,2022-08-03,12,24,30.744,99.523,12.85
LFPG,2022-08-05,12,2022-08-04,12,24,26.261,0.193,19.873
LFPG,2022-08-06,12,2022-08-05,12,24,24.449,1.576,19.801
LFPG,2022-08-07,12,2022-08-06,12,24,26.746,5.0,17.701
LFPG,2022-08-08,12,2022-08-07,12,24,28.332,5.0,17.432
LFPG,2022-08-09,12,2022-08-08,12,24,29.626,5.0,17.735
LFPG,2022-08-10,12,2022-08-09,12,24,32.436,6.957,17.154
LFPG,2022-08-11,12,2022-08-10,12,24,32.619,0.0,20.353
LFPG,2022-08-12,12,2022-08-11,12,24,33.324,0.0,16.675
LFPG,2022-08-13,12,2022-08-12,12,24,32.397,0.0,13.562
LFPG,2022-08-14,12,2022-08-13,12,24,30.094,99.805,9.574
LFPG,2022-08-15,12,2022-08-14,12,24,23.561,29.827,15.297
LFPG,2022-08-16,12,2022-08-15,12,24,28.136,100.0,11.328
LFPG,2022-08-17,12,2022-08-16,12,24,25.851,98.913,7.165
LFPG,2022-08-18,12,2022-08-17,12,24,28.518,94.294,7.659
LFPG,2022-08-19,12,2022-08-18,12,24,24.589,71.321,10.868
LFPG,2022-08-20,12,2022-08-19,12,24,23.853,0.0,11.593
LFPG,2022-08-21,12,2022-08-20,12,24,25.556,99.926,4.534
LFPG,2022-08-22,12,2022-08-21,12,24,24.602,31.469,10.276
LFPG,2022-08-23,12,2022-08-22,12,24,28.295,93.299,9.905
LFPG,2022-08-24,12,2022-08-23,12,24,31.388,53.751,6.721
LFPG,2022-08-25,12,2022-08-24,12,24,31.803,99.944,11.14
LFPG,2022-08-26,12,2022-08-25,12,24,26.247,48.852,12.871
LFPG,2022-08-27,12,2022-08-26,12,24,24.723,40.566,13.564
LFPG,2022-08-28,12,2022-08-27,12,24,26.104,0.505,11.817
LFPG,2022-08-29,12,2022-08-28,12,24,27.519,82.821,15.789
LFPG,2022-08-30,12,2022-08-29,12,24,27.762,33.194,10.554
LFPG,2022-08-31,12,2022-08-30,12,24,26.899,98.943,9.206
LFPG,2022-09-01,12,2022-08-31,12,24,26.841,91.941,13.997
LFPG,2022-09-02,12,2022-09-01,12,24,22.731,100.0,7.375
LFPG,2022-09-03,12,2022-09-02,12,24,23.306,95.454,17.752
LFPG,2022-09-04,12,2022-09-03,12,24,26.474,76.394,10.603
LFPG,2022-09-05,12,2022-09-04,12,24,29.472,86.168,12.066
LFPG,2022-09-06,12,2022-09-05,12,24,26.916,96.405,9.166
LFPG,2022-09-07,12,2022-09-06,12,24,22.581,100.0,18.553
LFPG,2022-09-08,12,2022-09-07,12,24,19.848,90.437,20.486
LFPG,2022-09-09,12,2022-09-08,12,24,18.497,35.101,22.167
LFPG,2022-09-10,12,2022-09-09,12,24,19.839,92.508,16.976
LFPG,2022-09-11,12,2022-09-10,12,24,22.397,5.0,6.387
LFPG,2022-09-12,12,2022-09-11,12,24,25.842,5.0,11.13
LFPG,2022-09-13,12,2022-09-12,12,24,25.002,100.0,8.686
LFPG,2022-09-14,12,2022-09-13,12,24,26.428,38.091,14.317
LFPG,2022-09-15,12,2022-09-14,12,24,21.826,18.303,9.571
LFPG,2022-09-16,12,2022-09-15,12,24,15.394,97.915,13.616
LFPG,2022-09-17,12,2022-09-16,12,24,16.082,99.203,18.711
LFPG,2022-09-18,12,2022-09-17,12,24,18.313,47.342,18.818
LFPG,2022-09-19,12,2022-09-18,12,24,17.602,0.088,11.714
LFPG,2022-09-20,12,2022-09-19,12,24,18.205,13.482,12.416
LFPG,2022-09-21,12,2022-09-20,12,24,18.255,18.838,9.665
LFPG,2022-09-22,12,2022-09-21,12,24,19.764,5.0,6.02
LFPG,2022-09-23,12,2022-09-22,12,24,19.319,100.0,8.45
LFPG,2022-09-24,12,2022-09-23,12,24,16.479,99.075,10.933
LFPG,2022-09-25,12,2022-09-24,12,24,18.208,4.919,12.444
LFPG,2022-09-26,12,2022-09-25,12,24,12.417,100.0,28.698
LFPG,2022-09-27,12,2022-09-26,12,24,12.26,99.689,18.056
LFPG,2022-09-28,12,2022-09-27,12,24,14.741,100.0,14.875
LFPG,2022-09-29,12,2022-09-28,12,24,14.491,75.47,6.75
LFPG,2022-09-30,12,2022-09-29,12,24,17.314,2.034,11.783
LFPG,2022-10-01,12,2022-09-30,12,24,19.423,79.955,27.487
LFPG,2022-10-02,12,2022-10-01,12,24,18.007,97.319,17.773
LFPG,2022-10-03,12,2022-10-02,12,24,18.149,59.069,7.97
LFPG,2022-10-04,12,2022-10-03,12,24,19.311,25.359,9.387
LFPG,2022-10-05,12,2022-10-04,12,24,22.097,0.0,25.781
LFPG,2022-10-06,12,2022-10-05,12,24,17.451,0.0,6.834
LFPG,2022-10-07,12,2022-10-06,12,24,18.353,7.725,9.507
LFPG,2022-10-08,12,2022-10-07,12,24,16.947,3.186,11.183
LFPG,2022-10-09,12,2022-10-08,12,24,17.923,5.028,13.76
LFPG,2022-10-10,12,2022-10-09,12,24,19.91,15.87,12.893
LFPG,2022-10-11,12,2022-10-10,12,24,16.71,7.392,13.029
LFPG,2022-10-12,12,2022-10-11,12,24,17.15,92.506,5.163
LFPG,2022-10-13,12,2022-10-12,12,24,15.948,100.0,17.981
LFPG,2022-10-14,12,2022-10-13,12,24,14.247,100.0,13.095
LFPG,2022-10-15,12,2022-10-14,12,24,18.605,65.667,21.781
LFPG,2022-10-16,12,2022-10-15,12,24,14.984,100.0,3.917
LFPG,2022-10-17,12,2022-10-16,12,24,16.762,100.0,14.129
LFPG,2022-10-18,12,2022-10-17,12,24,20.971,40.122,8.775
LFPG,2022-10-19,12,2022-10-18,12,24,21.224,61.133,20.249
LFPG,2022-10-20,12,2022-10-19,12,24,21.753,20.813,21.292
LFPG,2022-10-21,12,2022-10-20,12,24,20.067,100.0,22.137
LFPG,2022-10-22,12,2022-10-21,12,24,19.762,27.231,16.669
LFPG,2022-10-23,12,2022-10-22,12,24,21.101,100.0,21.17
LFPG,2022-10-24,12,2022-10-23,12,24,18.494,80.125,27.579
LFPG,2022-10-25,12,2022-10-24,12,24,18.664,20.503,13.774
LFPG,2022-10-26,12,2022-10-25,12,24,21.069,5.0,16.21
LFPG,2022-10-27,12,2022-10-26,12,24,20.839,72.858,14.35
LFPG,2022-10-28,12,2022-10-27,12,24,22.623,100.0,16.067
LFPG,2022-10-29,12,2022-10-28,12,24,23.867,100.0,14.456
LFPG,2022-10-30,12,2022-10-29,12,24,20.258,91.243,18.813
LFPG,2022-10-31,12,2022-10-30,12,24,20.319,29.754,16.323
LFPG,2022-11-01,12,2022-10-31,12,24,16.403,0.0,27.219
LFPG,2022-11-02,12,2022-11-01,12,24,14.682,39.945,17.664
LFPG,2022-11-03,12,2022-11-02,12,24,12.881,100.0,20.727
LFPG,2022-11-04,12,2022-11-03,12,24,11.354,70.931,15.473
LFPG,2022-11-05,12,2022-11-04,12,24,12.328,96.239,15.479
LFPG,2022-11-06,12,2022-11-05,12,24,8.94,100.0,22.309
LFPG,2022-11-07,12,2022-11-06,12,24,14.202,100.0,25.072
LFPG,2022-11-08,12,2022-11-07,12,24,16.756,100.0,24.988
LFPG,2022-11-09,12,2022-11-08,12,24,14.986,100.0,21.119
LFPG,2022-11-10,12,2022-11-09,12,24,14.092,19.106,13.744
LFPG,2022-11-11,12,2022-11-10,12,24,14.761,5.027,11.481
LFPG,2022-11-12,12,2022-11-11,12,24,16.565,16.526,8.6
LFPG,2022-11-13,12,2022-11-12,12,24,15.226,47.048,5.066
LFPG,2022-11-14,12,2022-11-13,12,24,15.084,0.552,14.211
LFPG,2022-11-15,12,2022-11-14,12,24,11.447,100.0,21.072
LFPG,2022-11-16,12,2022-11-15,12,24,12.173,100.0,22.392
LFPG,2022-11-17,12,2022-11-16,12,24,13.004,54.392,25.581
LFPG,2022-11-18,12,2022-11-17,12,24,11.844,58.23,17.579
LFPG,2022-11-19,12,2022-11-18,12,24,11.173,17.909,13.749
LFPG,2022-11-20,12,2022-11-19,12,24,7.04,95.829,22.412
LFPG,2022-11-21,12,2022-11-20,12,24,9.068,100.0,20.136
LFPG,2022-11-22,12,2022-11-21,12,24,9.215,93.716,27.59
LFPG,2022-11-23,12,2022-11-22,12,24,9.821,36.13,21.63
LFPG,2022-11-24,12,2022-11-23,12,24,10.664,98.943,17.763
LFPG,2022-11-25,12,2022-11-24,12,24,11.103,4.675,13.93
LFPG,2022-11-26,12,2022-11-25,12,24,9.842,98.357,12.552
LFPG,2022-11-27,12,2022-11-26,12,24,9.583,100.0,17.185
LFPG,2022-11-28,12,2022-11-27,12,24,10.869,76.731,11.919
LFPG,2022-11-29,12,2022-11-28,12,24,8.235,62.732,2.506
LFPG,2022-11-30,12,2022-11-29,12,24,8.165,2.168,10.076
LFPG,2022-12-01,12,2022-11-30,12,24,7.612,94.124,14.745
LFPG,2022-12-02,12,2022-12-01,12,24,5.959,99.944,17.087
LFPG,2022-12-03,12,2022-12-02,12,24,4.914,32.422,15.325
LFPG,2022-12-04,12,2022-12-03,12,24,3.509,100.0,10.45
LFPG,2022-12-05,12,2022-12-04,12,24,3.309,88.457,5.903
LFPG,2022-12-06,12,2022-12-05,12,24,4.205,100.0,6.943
LFPG,2022-12-07,12,2022-12-06,12,24,6.524,21.679,9.226
LFPG,2022-12-08,12,2022-12-07,12,24,4.233,84.686,5.793
LFPG,2022-12-09,12,2022-12-08,12,24,3.316,5.0,9.92
LFPG,2022-12-10,12,2022-12-09,12,24,2.75,5.634,4.373
LFPG,2022-12-11,12,2022-12-10,12,24,1.597,99.822,13.286
LFPG,2022-12-12,12,2022-12-11,12,24,1.417,82.577,11.771
LFPG,2022-12-13,12,2022-12-12,12,24,0.673,73.623,14.298
LFPG,2022-12-14,12,2022-12-13,12,24,-0.817,100.0,10.311
LFPG,2022-12-15,12,2022-12-14,12,24,0.193,28.449,14.807
LFPG,2022-12-16,12,2022-12-15,12,24,2.646,4.807,12.517
LFPG,2022-12-17,12,2022-12-16,12,24,0.666,15.771,7.881
LFPG,2022-12-18,12,2022-12-17,12,24,0.984,100.0,12.973
LFPG,2022-12-19,12,2022-12-18,12,24,8.587,100.0,20.187
LFPG,2022-12-20,12,2022-12-19,12,24,11.401,99.916,19.391
LFPG,2022-12-21,12,2022-12-20,12,24,9.556,100.0,18.954
LFPG,2022-12-22,12,2022-12-21,12,24,11.616,100.0,19.742
LFPG,2022-12-23,12,2022-12-22,12,24,13.987,100.0,29.88
LFPG,2022-12-24,12,2022-12-23,12,24,10.978,100.0,15.144
LFPG,2022-12-25,12,2022-12-24,12,24,12.766,60.478,25.499
LFPG,2022-12-26,12,2022-12-25,12,24,9.697,100.0,17.38
LFPG,2022-12-27,12,2022-12-26,12,24,7.546,32.415,13.993
LFPG,2022-12-28,12,2022-12-27,12,24,9.546,96.046,25.962
LFPG,2022-12-29,12,2022-12-28,12,24,10.424,25.93,23.075
LFPG,2022-12-30,12,2022-12-29,12,24,9.687,100.0,35.258
LFPG,2022-12-31,12,2022-12-30,12,24,15.215,100.0,27.763
LFPG,2023-01-01,12,2022-12-31,12,24,11.477,100.0,11.21
LFPG,2023-01-02,12,2023-01-01,12,24,11.593,21.484,21.076
LFPG,2023-01-03,12,2023-01-02,12,24,9.112,81.852,17.516
LFPG,2023-01-04,12,2023-01-03,12,24,11.815,100.0,26.873
LFPG,2023-01-05,12,2023-01-04,12,24,11.98,100.0,10.385
LFPG,2023-01-06,12,2023-01-05,12,24,11.548,100.0,18.197
LFPG,2023-01-07,12,2023-01-06,12,24,9.829,99.649,25.365
LFPG,2023-01-08,12,2023-01-07,12,24,9.649,99.9,21.957
LFPG,2023-01-09,12,2023-01-08,12,24,8.047,68.484,25.732
LFPG,2023-01-10,12,2023-01-09,12,24,5.728,100.0,22.804
LFPG,2023-01-11,12,2023-01-10,12,24,10.412,4.623,21.429
LFPG,2023-01-12,12,2023-01-11,12,24,10.355,100.0,26.992
LFPG,2023-01-13,12,2023-01-12,12,24,9.081,53.026,27.243
LFPG,2023-01-14,12,2023-01-13,12,24,10.818,100.0,35.972
LFPG,2023-01-15,12,2023-01-14,12,24,7.171,92.681,28.573
LFPG,2023-01-16,12,2023-01-15,12,24,4.145,100.0,23.767
LFPG,2023-01-17,12,2023-01-16,12,24,3.286,97.19,10.767
LFPG,2023-01-18,12,2023-01-17,12,24,4.07,4.543,14.367
LFPG,2023-01-19,12,2023-01-18,12,24,3.589,100.0,12.012
LFPG,2023-01-20,12,2023-01-19,12,24,4.565,50.09,17.028
LFPG,2023-01-21,12,2023-01-20,12,24,2.873,5.0,20.512
LFPG,2023-01-22,12,2023-01-21,12,24,3.001,93.307,19.815
LFPG,2023-01-23,12,2023-01-22,12,24,2.044,99.896,17.956
LFPG,2023-01-24,12,2023-01-23,12,24,3.98,3.659,15.473
LFPG,2023-01-25,12,2023-01-24,12,24,3.62,5.0,8.519
LFPG,2023-01-26,12,2023-01-25,12,24,3.361,100.0,9.206
LFPG,2023-01-27,12,2023-01-26,12,24,3.178,100.0,20.513
LFPG,2023-01-28,12,2023-01-27,12,24,4.043,5.0,19.181
LFPG,2023-01-29,12,2023-01-28,12,24,3.319,73.093,6.025
LFPG,2023-01-30,12,2023-01-29,12,24,7.199,100.0,16.421
LFPG,2023-01-31,12,2023-01-30,12,24,4.162,99.755,11.23
LFPG,2023-02-01,12,2023-01-31,12,24,8.927,80.318,21.786
LFPG,2023-02-02,12,2023-02-01,12,24,8.079,99.827,16.791
LFPG,2023-02-03,12,2023-02-02,12,24,11.107,96.968,19.012
LFPG,2023-02-04,12,2023-02-03,12,24,7.937,100.0,6.398
LFPG,2023-02-05,12,2023-02-04,12,24,7.891,6.678,23.085
LFPG,2023-02-06,12,2023-02-05,12,24,6.543,0.0,17.718
LFPG,2023-02-07,12,2023-02-06,12,24,4.171,0.513,14.345
LFPG,2023-02-08,12,2023-02-07,12,24,5.655,2.252,10.052
LFPG,2023-02-09,12,2023-02-08,12,24,4.609,100.0,7.171
LFPG,2023-02-10,12,2023-02-09,12,24,8.028,8.104,7.975
LFPG,2023-02-11,12,2023-02-10,12,24,7.199,100.0,2.652
LFPG,2023-02-12,12,2023-02-11,12,24,10.421,0.0,12.64
LFPG,2023-02-13,12,2023-02-12,12,24,10.423,0.0,9.756
LFPG,2023-02-14,12,2023-02-13,12,24,10.761,0.0,6.583
LFPG,2023-02-15,12,2023-02-14,12,24,10.158,100.0,9.721
LFPG,2023-02-16,12,2023-02-15,12,24,10.865,100.0,17.025
LFPG,2023-02-17,12,2023-02-16,12,24,12.516,100.0,17.502
LFPG,2023-02-18,12,2023-02-17,12,24,12.985,82.169,19.286
LFPG,2023-02-19,12,2023-02-18,12,24,11.482,91.281,14.085
LFPG,2023-02-20,12,2023-02-19,12,24,12.035,81.483,8.252
LFPG,2023-02-21,12,2023-02-20,12,24,12.389,73.766,6.389
LFPG,2023-02-22,12,2023-02-21,12,24,12.485,100.0,12.619
LFPG,2023-02-23,12,2023-02-22,12,24,10.341,100.0,7.918
LFPG,2023-02-24,12,2023-02-23,12,24,9.299,23.636,12.493
LFPG,2023-02-25,12,2023-02-24,12,24,7.362,85.365,18.03
LFPG,2023-02-26,12,2023-02-25,12,24,3.983,4.066,29.185
LFPG,2023-02-27,12,2023-02-26,12,24,5.291,0.0,26.147
LFPG,2023-02-28,12,2023-02-27,12,24,4.89,5.0,20.778
LFPG,2023-03-01,12,2023-02-28,12,24,5.973,54.067,18.44
LFPG,2023-03-02,12,2023-03-01,12,24,7.48,4.675,11.426
LFPG,2023-03-03,12,2023-03-02,12,24,8.152,0.193,16.351
LFPG,2023-03-04,12,2023-03-03,12,24,6.1,24.884,14.869
LFPG,2023-03-05,12,2023-03-04,12,24,6.181,100.0,6.098
LFPG,2023-03-06,12,2023-03-05,12,24,6.519,97.815,15.811
LFPG,2023-03-07,12,2023-03-06,12,24,7.978,80.024,21.933
LFPG,2023-03-08,12,2023-03-07,12,24,14.199,100.0,29.298
LFPG,2023-03-09,12,2023-03-08,12,24,13.184,100.0,22.993
LFPG,2023-03-10,12,2023-03-09,12,24,6.213,100.0,35.954
LFPG,2023-03-11,12,2023-03-10,12,24,6.227,90.801,9.521
LFPG,2023-03-12,12,2023-03-11,12,24,12.959,100.0,20.821
LFPG,2023-03-13,12,2023-03-12,12,24,14.128,99.976,27.922
LFPG,2023-03-14,12,2023-03-13,12,24,8.681,91.37,27.084
LFPG,2023-03-15,12,2023-03-14,12,24,7.647,99.797,6.849
LFPG,2023-03-16,12,2023-03-15,12,24,12.71,100.0,16.103
LFPG,2023-03-17,12,2023-03-16,12,24,14.773,100.0,20.291
LFPG,2023-03-18,12,2023-03-17,12,24,15.234,84.739,24.087
LFPG,2023-03-19,12,2023-03-18,12,24,9.121,100.0,17.009
LFPG,2023-03-20,12,2023-03-19,12,24,10.465,100.0,12.337
LFPG,2023-03-21,12,2023-03-20,12,24,13.228,99.934,16.737
LFPG,2023-03-22,12,2023-03-21,12,24,10.03,100.0,24.732
LFPG,2023-03-23,12,2023-03-22,12,24,14.988,100.0,25.67
LFPG,2023-03-24,12,2023-03-23,12,24,13.03,45.244,27.876
LFPG,2023-03-25,12,2023-03-24,12,24,11.489,98.294,26.328
LFPG,2023-03-26,12,2023-03-25,12,24,10.63,78.13,25.146
LFPG,2023-03-27,12,2023-03-26,12,24,8.86,99.816,15.209
LFPG,2023-03-28,12,2023-03-27,12,24,10.366,100.0,18.1
LFPG,2023-03-29,12,2023-03-28,12,24,17.586,44.918,19.077
LFPG,2023-03-30,12,2023-03-29,12,24,12.644,100.0,21.928
LFPG,2023-03-31,12,2023-03-30,12,24,12.571,100.0,35.731
LFPG,2023-04-01,12,2023-03-31,12,24,11.853,100.0,27.163
LFPG,2023-04-02,12,2023-04-01,12,24,7.572,99.777,20.862
LFPG,2023-04-03,12,2023-04-02,12,24,10.393,4.175,20.792
LFPG,2023-04-04,12,2023-04-03,12,24,9.278,0.0,16.202
LFPG,2023-04-05,12,2023-04-04,12,24,11.671,58.102,3.144
LFPG,2023-04-06,12,2023-04-05,12,24,10.087,99.431,14.616
LFPG,2023-04-07,12,2023-04-06,12,24,11.527,95.032,10.064
LFPG,2023-04-08,12,2023-04-07,12,24,12.098,12.852,12.048
LFPG,2023-04-09,12,2023-04-08,12,24,14.871,46.918,10.61
LFPG,2023-04-10,12,2023-04-09,12,24,11.03,100.0,18.871
LFPG,2023-04-11,12,2023-04-10,12,24,12.766,100.0,15.443
LFPG,2023-04-12,12,2023-04-11,12,24,9.195,73.841,22.797
LFPG,2023-04-13,12,2023-04-12,12,24,11.151,99.969,17.781
LFPG,2023-04-14,12,2023-04-13,12,24,10.278,100.0,21.318
LFPG,2023-04-15,12,2023-04-14,12,24,7.705,99.456,14.77
LFPG,2023-04-16,12,2023-04-15,12,24,13.007,100.0,17.699
LFPG,2023-04-17,12,2023-04-16,12,24,13.476,69.285,19.926
LFPG,2023-04-18,12,2023-04-17,12,24,14.469,9.342,20.286
LFPG,2023-04-19,12,2023-04-18,12,24,16.174,31.27,20.093
LFPG,2023-04-20,12,2023-04-19,12,24,9.607,100.0,20.292
LFPG,2023-04-21,12,2023-04-20,12,24,12.764,12.231,6.553
LFPG,2023-04-22,12,2023-04-21,12,24,12.256,99.214,21.909
LFPG,2023-04-23,12,2023-04-22,12,24,12.752,100.0,31.957
LFPG,2023-04-24,12,2023-04-23,12,24,11.8,92.646,19.085
LFPG,2023-04-25,12,2023-04-24,12,24,8.941,99.666,8.277
LFPG,2023-04-26,12,2023-04-25,12,24,13.361,87.992,7.456
LFPG,2023-04-27,12,2023-04-26,12,24,13.751,100.0,10.762
LFPG,2023-04-28,12,2023-04-27,12,24,17.789,87.462,17.238
LFPG,2023-04-29,12,2023-04-28,12,24,15.6,99.221,13.516
LFPG,2023-04-30,12,2023-04-29,12,24,15.906,100.0,10.667
LFPG,2023-05-01,12,2023-04-30,12,24,15.474,95.698,13.383
LFPG,2023-05-02,12,2023-05-01,12,24,16.634,97.863,13.514
LFPG,2023-05-03,12,2023-05-02,12,24,16.509,5.219,18.133
LFPG,2023-05-04,12,2023-05-03,12,24,22.106,86.61,15.406
LFPG,2023-05-05,12,2023-05-04,12,24,16.809,85.847,16.508
LFPG,2023-05-06,12,2023-05-05,12,24,15.655,100.0,6.09
LFPG,2023-05-07,12,2023-05-06,12,24,17.579,90.938,11.676
LFPG,2023-05-08,12,2023-05-07,12,24,19.459,100.0,9.669
LFPG,2023-05-09,12,2023-05-08,12,24,11.96,100.0,11.543
LFPG,2023-05-10,12,2023-05-09,12,24,11.27,100.0,19.188
LFPG,2023-05-11,12,2023-05-10,12,24,15.031,99.352,10.972
LFPG,2023-05-12,12,2023-05-11,12,24,10.561,100.0,13.224
LFPG,2023-05-13,12,2023-05-12,12,24,18.838,14.617,15.045
LFPG,2023-05-14,12,2023-05-13,12,24,18.084,100.0,15.613
LFPG,2023-05-15,12,2023-05-14,12,24,15.576,100.0,17.706
LFPG,2023-05-16,12,2023-05-15,12,24,14.518,5.625,22.067
LFPG,2023-05-17,12,2023-05-16,12,24,15.661,99.944,19.268
LFPG,2023-05-18,12,2023-05-17,12,24,14.626,86.088,15.55
LFPG,2023-05-19,12,2023-05-18,12,24,17.171,14.959,15.955
LFPG,2023-05-20,12,2023-05-19,12,24,16.151,92.089,18.829
LFPG,2023-05-21,12,2023-05-20,12,24,18.205,99.76,16.495
LFPG,2023-05-22,12,2023-05-21,12,24,20.101,49.756,14.269
LFPG,2023-05-23,12,2023-05-22,12,24,18.333,10.991,19.682
LFPG,2023-05-24,12,2023-05-23,12,24,16.342,58.774,18.717
LFPG,2023-05-25,12,2023-05-24,12,24,18.074,1.76,21.957
LFPG,2023-05-26,12,2023-05-25,12,24,18.883,5.506,18.479
LFPG,2023-05-27,12,2023-05-26,12,24,20.155,99.439,18.164
LFPG,2023-05-28,12,2023-05-27,12,24,22.428,4.877,19.112
LFPG,2023-05-29,12,2023-05-28,12,24,20.772,10.055,23.571
LFPG,2023-05-30,12,2023-05-29,12,24,18.932,62.126,23.859
LFPG,2023-05-31,12,2023-05-30,12,24,21.764,70.202,22.824
LFPG,2023-06-01,12,2023-05-31,12,24,23.131,4.944,19.2
LFPG,2023-06-02,12,2023-06-01,12,24,18.797,8.119,19.855
LFPG,2023-06-03,12,2023-06-02,12,24,21.266,5.0,18.329
LFPG,2023-06-04,12,2023-06-03,12,24,22.103,0.525,19.675
LFPG,2023-06-05,12,2023-06-04,12,24,22.503,4.475,18.426
LFPG,2023-06-06,12,2023-06-05,12,24,23.867,2.059,16.848
LFPG,2023-06-07,12,2023-06-06,12,24,24.5,4.793,17.167
LFPG,2023-06-08,12,2023-06-07,12,24,24.018,35.3,13.514
LFPG,2023-06-09,12,2023-06-08,12,24,26.239,100.0,17.318
LFPG,2023-06-10,12,2023-06-09,12,24,24.771,22.73,16.229
LFPG,2023-06-11,12,2023-06-10,12,24,27.914,4.269,13.031
LFPG,2023-06-12,12,2023-06-11,12,24,25.982,68.841,13.827
LFPG,2023-06-13,12,2023-06-12,12,24,25.848,4.475,18.505
LFPG,2023-06-14,12,2023-06-13,12,24,25.993,0.711,11.785
LFPG,2023-06-15,12,2023-06-14,12,24,25.157,95.599,9.106
LFPG,2023-06-16,12,2023-06-15,12,24,26.458,5.0,6.925
LFPG,2023-06-17,12,2023-06-16,12,24,27.465,99.754,9.304
LFPG,2023-06-18,12,2023-06-17,12,24,20.477,100.0,16.788
LFPG,2023-06-19,12,2023-06-18,12,24,25.298,80.234,7.597
LFPG,2023-06-20,12,2023-06-19,12,24,20.946,100.0,11.759
LFPG,2023-06-21,12,2023-06-20,12,24,25.646,20.194,6.226
LFPG,2023-06-22,12,2023-06-21,12,24,16.386,100.0,20.876
LFPG,2023-06-23,12,2023-06-22,12,24,24.731,33.502,11.315
LFPG,2023-06-24,12,2023-06-23,12,24,26.256,0.0,8.36
LFPG,2023-06-25,12,2023-06-24,12,24,29.341,2.619,12.276
LFPG,2023-06-26,12,2023-06-25,12,24,22.687,97.561,14.861
LFPG,2023-06-27,12,2023-06-26,12,24,22.473,38.493,9.07
LFPG,2023-06-28,12,2023-06-27,12,24,23.965,99.56,7.23
LFPG,2023-06-29,12,2023-06-28,12,24,22.604,70.207,14.427
LFPG,2023-06-30,12,2023-06-29,12,24,21.794,99.8,13.258
LFPG,2023-07-01,12,2023-06-30,12,24,20.92,99.693,23.693
LFPG,2023-07-02,12,2023-07-01,12,24,22.781,2.252,15.883
LFPG,2023-07-03,12,2023-07-02,12,24,21.22,36.464,18.02
LFPG,2023-07-04,12,2023-07-03,12,24,22.537,100.0,20.114
LFPG,2023-07-05,12,2023-07-04,12,24,18.082,100.0,18.06
LFPG,2023-07-06,12,2023-07-05,12,24,23.756,2.125,2.738
LFPG,2023-07-07,12,2023-07-06,12,24,28.761,27.955,17.658
LFPG,2023-07-08,12,2023-07-07,12,24,29.924,100.0,8.946
LFPG,2023-07-09,12,2023-07-08,12,24,27.003,100.0,12.065
LFPG,2023-07-10,12,2023-07-09,12,24,26.857,73.84,11.235
LFPG,2023-07-11,12,2023-07-10,12,24,30.093,3.032,16.305
LFPG,2023-07-12,12,2023-07-11,12,24,23.686,100.0,15.619
LFPG,2023-07-13,12,2023-07-12,12,24,23.71,100.0,18.295
LFPG,2023-07-14,12,2023-07-13,12,24,27.82,26.865,18.668
LFPG,2023-07-15,12,2023-07-14,12,24,24.444,87.054,31.471
LFPG,2023-07-16,12,2023-07-15,12,24,24.245,99.315,21.316
LFPG,2023-07-17,12,2023-07-16,12,24,24.306,92.866,16.364
LFPG,2023-07-18,12,2023-07-17,12,24,29.322,11.439,3.949
LFPG,2023-07-19,12,2023-07-18,12,24,25.329,99.56,18.971
LFPG,2023-07-20,12,2023-07-19,12,24,24.149,99.972,10.023
LFPG,2023-07-21,12,2023-07-20,12,24,23.17,31.572,14.078
LFPG,2023-07-22,12,2023-07-21,12,24,24.568,55.526,16.052
LFPG,2023-07-23,12,2023-07-22,12,24,17.37,99.916,20.815
LFPG,2023-07-24,12,2023-07-23,12,24,20.225,88.16,18.511
LFPG,2023-07-25,12,2023-07-24,12,24,18.461,56.83,10.184
LFPG,2023-07-26,12,2023-07-25,12,24,22.234,51.087,11.144
LFPG,2023-07-27,12,2023-07-26,12,24,25.802,100.0,24.787
LFPG,2023-07-28,12,2023-07-27,12,24,21.02,80.61,15.167
LFPG,2023-07-29,12,2023-07-28,12,24,22.182,97.114,19.526
LFPG,2023-07-30,12,2023-07-29,12,24,22.104,60.013,18.417
LFPG,2023-07-31,12,2023-07-30,12,24,21.365,100.0,24.381
LFPG,2023-08-01,12,2023-07-31,12,24,20.32,89.983,20.434
LFPG,2023-08-02,12,2023-08-01,12,24,23.233,8.918,32.355
LFPG,2023-08-03,12,2023-08-02,12,24,15.325,100.0,13.761
LFPG,2023-08-04,12,2023-08-03,12,24,22.18,42.226,13.404
LFPG,2023-08-05,12,2023-08-04,12,24,13.515,99.99,17.047
LFPG,2023-08-06,12,2023-08-05,12,24,18.722,99.222,27.058
LFPG,2023-08-07,12,2023-08-06,12,24,19.461,62.961,13.612
LFPG,2023-08-08,12,2023-08-07,12,24,20.962,99.874,15.581
LFPG,2023-08-09,12,2023-08-08,12,24,22.101,95.814,11.119
LFPG,2023-08-10,12,2023-08-09,12,24,26.413,96.201,11.22
LFPG,2023-08-11,12,2023-08-10,12,24,27.656,100.0,12.873
LFPG,2023-08-12,12,2023-08-11,12,24,24.982,3.873,17.518
LFPG,2023-08-13,12,2023-08-12,12,24,23.501,13.366,13.81
LFPG,2023-08-14,12,2023-08-13,12,24,27.575,4.804,11.874
LFPG,2023-08-15,12,2023-08-14,12,24,22.459,80.23,12.022
LFPG,2023-08-16,12,2023-08-15,12,24,24.76,94.479,10.53
LFPG,2023-08-17,12,2023-08-16,12,24,27.648,7.137,10.69
LFPG,2023-08-18,12,2023-08-17,12,24,30.266,89.722,12.383
LFPG,2023-08-19,12,2023-08-18,12,24,26.936,74.164,11.35
LFPG,2023-08-20,12,2023-08-19,12,24,28.648,0.89,8.978
LFPG,2023-08-21,12,2023-08-20,12,24,27.69,4.619,7.73
LFPG,2023-08-22,12,2023-08-21,12,24,28.536,5.084,6.961
LFPG,2023-08-23,12,2023-08-22,12,24,28.58,66.585,7.092
LFPG,2023-08-24,12,2023-08-23,12,24,25.469,99.622,17.027
LFPG,2023-08-25,12,2023-08-24,12,24,22.206,65.821,12.312
LFPG,2023-08-26,12,2023-08-25,12,24,21.546,100.0,18.978
LFPG,2023-08-27,12,2023-08-26,12,24,21.027,18.013,19.224
LFPG,2023-08-28,12,2023-08-27,12,24,21.247,73.601,14.375
LFPG,2023-08-29,12,2023-08-28,12,24,20.893,93.55,10.738
LFPG,2023-08-30,12,2023-08-29,12,24,20.344,35.351,16.982
LFPG,2023-08-31,12,2023-08-30,12,24,15.762,99.944,13.263
LFPG,2023-09-01,12,2023-08-31,12,24,19.918,92.803,15.118
LFPG,2023-09-02,12,2023-09-01,12,24,25.862,55.532,6.582
LFPG,2023-09-03,12,2023-09-02,12,24,28.101,97.311,9.457
LFPG,2023-09-04,12,2023-09-03,12,24,27.1,100.0,17.125
LFPG,2023-09-05,12,2023-09-04,12,24,31.592,1.244,9.392
LFPG,2023-09-06,12,2023-09-05,12,24,31.548,5.0,10.22
LFPG,2023-09-07,12,2023-09-06,12,24,31.064,0.0,8.675
LFPG,2023-09-08,12,2023-09-07,12,24,33.065,5.0,4.054
LFPG,2023-09-09,12,2023-09-08,12,24,33.266,26.437,11.58
LFPG,2023-09-10,12,2023-09-09,12,24,33.247,9.009,10.216
LFPG,2023-09-11,12,2023-09-10,12,24,26.342,99.045,9.459
LFPG,2023-09-12,12,2023-09-11,12,24,18.218,100.0,7.471
LFPG,2023-09-13,12,2023-09-12,12,24,22.944,59.226,6.638
LFPG,2023-09-14,12,2023-09-13,12,24,23.597,72.282,6.122
LFPG,2023-09-15,12,2023-09-14,12,24,25.416,0.0,13.061
LFPG,2023-09-16,12,2023-09-15,12,24,24.261,100.0,12.355
LFPG,2023-09-17,12,2023-09-16,12,24,26.573,100.0,11.767
LFPG,2023-09-18,12,2023-09-17,12,24,21.711,43.311,15.495
LFPG,2023-09-19,12,2023-09-18,12,24,20.639,96.548,24.238
LFPG,2023-09-20,12,2023-09-19,12,24,23.286,99.638,26.439
LFPG,2023-09-21,12,2023-09-20,12,24,15.327,100.0,12.629
LFPG,2023-09-22,12,2023-09-21,12,24,12.779,100.0,22.869
LFPG,2023-09-23,12,2023-09-22,12,24,17.421,17.195,13.867
LFPG,2023-09-24,12,2023-09-23,12,24,19.612,0.0,15.416
LFPG,2023-09-25,12,2023-09-24,12,24,21.599,66.569,5.255
LFPG,2023-09-26,12,2023-09-25,12,24,23.376,99.61,9.562
LFPG,2023-09-27,12,2023-09-26,12,24,24.722,99.564,15.581
LFPG,2023-09-28,12,2023-09-27,12,24,21.417,99.966,9.911
LFPG,2023-09-29,12,2023-09-28,12,24,18.958,60.966,21.515
LFPG,2023-09-30,12,2023-09-29,12,24,19.914,99.808,4.054
LFPG,2023-10-01,12,2023-09-30,12,24,24.448,57.729,9.735
LFPG,2023-10-02,12,2023-10-01,12,24,25.977,100.0,10.692
LFPG,2023-10-03,12,2023-10-02,12,24,19.072,4.646,28.792
LFPG,2023-10-04,12,2023-10-03,12,24,17.475,100.0,8.785
LFPG,2023-10-05,12,2023-10-04,12,24,19.034,92.408,3.902
LFPG,2023-10-06,12,2023-10-05,12,24,20.197,99.909,8.297
LFPG,2023-10-07,12,2023-10-06,12,24,22.632,0.0,7.737
LFPG,2023-10-08,12,2023-10-07,12,24,25.222,5.139,4.533
LFPG,2023-10-09,12,2023-10-08,12,24,24.236,97.261,4.732
LFPG,2023-10-10,12,2023-10-09,12,24,25.506,39.742,10.161
LFPG,2023-10-11,12,2023-10-10,12,24,24.25,98.712,14.753
LFPG,2023-10-12,12,2023-10-11,12,24,22.222,100.0,19.013
LFPG,2023-10-13,12,2023-10-12,12,24,25.381,77.953,25.2
LFPG,2023-10-14,12,2023-10-13,12,24,13.993,100.0,15.737
LFPG,2023-10-15,12,2023-10-14,12,24,12.874,70.51,14.412
LFPG,2023-10-16,12,2023-10-15,12,24,12.684,99.944,20.207
LFPG,2023-10-17,12,2023-10-16,12,24,15.421,100.0,12.545
LFPG,2023-10-18,12,2023-10-17,12,24,19.989,100.0,20.873
LFPG,2023-10-19,12,2023-10-18,12,24,18.596,100.0,20.257
LFPG,2023-10-20,12,2023-10-19,12,24,17.706,86.074,21.036
LFPG,2023-10-21,12,2023-10-20,12,24,14.1,99.889,37.065
LFPG,2023-10-22,12,2023-10-21,12,24,15.727,99.926,18.784
LFPG,2023-10-23,12,2023-10-22,12,24,11.069,100.0,22.049
LFPG,2023-10-24,12,2023-10-23,12,24,15.196,34.466,13.329
LFPG,2023-10-25,12,2023-10-24,12,24,14.069,96.674,24.931
LFPG,2023-10-26,12,2023-10-25,12,24,14.235,100.0,18.989
LFPG,2023-10-27,12,2023-10-26,12,24,14.433,99.973,22.21
LFPG,2023-10-28,12,2023-10-27,12,24,13.908,71.033,23.755
LFPG,2023-10-29,12,2023-10-28,12,24,13.613,98.945,29.268
LFPG,2023-10-30,12,2023-10-29,12,24,12.163,100.0,12.382
LFPG,2023-10-31,12,2023-10-30,12,24,12.536,100.0,20.742
LFPG,2023-11-01,12,2023-10-31,12,24,12.623,100.0,27.888
LFPG,2023-11-02,12,2023-11-01,12,24,12.663,5.948,36.394
LFPG,2023-11-03,12,2023-11-02,12,24,10.756,84.674,22.883
LFPG,2023-11-04,12,2023-11-03,12,24,12.559,92.963,31.733
LFPG,2023-11-05,12,2023-11-04,12,24,12.925,75.607,30.876
LFPG,2023-11-06,12,2023-11-05,12,24,12.627,1.964,23.971
LFPG,2023-11-07,12,2023-11-06,12,24,12.101,4.983,20.984
LFPG,2023-11-08,12,2023-11-07,12,24,12.183,100.0,26.794
LFPG,2023-11-09,12,2023-11-08,12,24,11.234,100.0,24.514
LFPG,2023-11-10,12,2023-11-09,12,24,10.402,100.0,27.346
LFPG,2023-11-11,12,2023-11-10,12,24,11.15,92.099,17.453
LFPG,2023-11-12,12,2023-11-11,12,24,8.558,100.0,9.267
LFPG,2023-11-13,12,2023-11-12,12,24,16.307,100.0,32.303
LFPG,2023-11-14,12,2023-11-13,12,24,11.627,100.0,15.616
LFPG,2023-11-15,12,2023-11-14,12,24,12.206,61.777,18.344
LFPG,2023-11-16,12,2023-11-15,12,24,9.133,99.654,15.464
LFPG,2023-11-17,12,2023-11-16,12,24,10.339,99.973,19.221
LFPG,2023-11-18,12,2023-11-17,12,24,10.215,100.0,20.034
LFPG,2023-11-19,12,2023-11-18,12,24,13.775,88.092,24.072
LFPG,2023-11-20,12,2023-11-19,12,24,10.756,100.0,23.87
LFPG,2023-11-21,12,2023-11-20,12,24,10.89,86.433,12.77
LFPG,2023-11-22,12,2023-11-21,12,24,7.89,96.014,12.294
LFPG,2023-11-23,12,2023-11-22,12,24,12.219,13.019,11.066
LFPG,2023-11-24,12,2023-11-23,12,24,8.822,34.076,23.421
LFPG,2023-11-25,12,2023-11-24,12,24,6.965,70.73,18.935
LFPG,2023-11-26,12,2023-11-25,12,24,5.947,100.0,9.115
LFPG,2023-11-27,12,2023-11-26,12,24,6.171,100.0,22.753
LFPG,2023-11-28,12,2023-11-27,12,24,5.842,5.725,12.953
LFPG,2023-11-29,12,2023-11-28,12,24,4.801,99.97,7.004
LFPG,2023-11-30,12,2023-11-29,12,24,5.617,30.317,8.891
LFPG,2023-12-01,12,2023-11-30,12,24,3.844,5.0,13.864
LFPG,2023-12-02,12,2023-12-01,12,24,1.806,5.0,6.706
LFPG,2023-12-03,12,2023-12-02,12,24,2.677,99.861,20.42
LFPG,2023-12-04,12,2023-12-03,12,24,5.033,100.0,25.282
LFPG,2023-12-05,12,2023-12-04,12,24,6.229,100.0,22.558
LFPG,2023-12-06,12,2023-12-05,12,24,7.573,34.456,6.643
LFPG,2023-12-07,12,2023-12-06,12,24,5.934,100.0,19.587
LFPG,2023-12-08,12,2023-12-07,12,24,9.757,20.206,12.856
LFPG,2023-12-09,12,2023-12-08,12,24,9.603,100.0,34.664
LFPG,2023-12-10,12,2023-12-09,12,24,9.627,100.0,22.485
LFPG,2023-12-11,12,2023-12-10,12,24,11.202,100.0,16.653
LFPG,2023-12-12,12,2023-12-11,12,24,12.614,100.0,23.085
LFPG,2023-12-13,12,2023-12-12,12,24,9.016,99.478,12.207
LFPG,2023-12-14,12,2023-12-13,12,24,7.704,100.0,16.266
LFPG,2023-12-15,12,2023-12-14,12,24,9.118,32.075,9.514
LFPG,2023-12-16,12,2023-12-15,12,24,8.137,0.0,3.893
LFPG,2023-12-17,12,2023-12-16,12,24,7.941,0.0,9.008
LFPG,2023-12-18,12,2023-12-17,12,24,7.633,0.0,11.629
LFPG,2023-12-19,12,2023-12-18,12,24,7.746,100.0,18.531
LFPG,2023-12-20,12,2023-12-19,12,24,6.906,100.0,15.685
LFPG,2023-12-21,12,2023-12-20,12,24,10.761,100.0,28.778
LFPG,2023-12-22,12,2023-12-21,12,24,11.175,98.972,30.302
LFPG,2023-12-23,12,2023-12-22,12,24,10.599,94.212,21.426
LFPG,2023-12-24,12,2023-12-23,12,24,9.757,100.0,23.498
LFPG,2023-12-25,12,2023-12-24,12,24,11.382,98.361,21.389
LFPG,2023-12-26,12,2023-12-25,12,24,9.625,99.77,12.379
LFPG,2023-12-27,12,2023-12-26,12,24,9.345,100.0,17.82
LFPG,2023-12-28,12,2023-12-27,12,24,11.361,26.792,22.021
LFPG,2023-12-29,12,2023-12-28,12,24,10.795,98.69,27.771
LFPG,2023-12-30,12,2023-12-29,12,24,9.158,100.0,19.541
LFPG,2023-12-31,12,2023-12-30,12,24,9.128,90.48,32.622
LFPG,2024-01-01,12,2023-12-31,12,24,8.145,100.0,17.97
LFPG,2024-01-02,12,2024-01-01,12,24,11.469,100.0,35.627
LFPG,2024-01-03,12,2024-01-02,12,24,10.318,100.0,31.171
LFPG,2024-01-04,12,2024-01-03,12,24,9.48,94.046,17.847
LFPG,2024-01-05,12,2024-01-04,12,24,8.477,13.004,18.772
LFPG,2024-01-06,12,2024-01-05,12,24,5.616,100.0,15.763
LFPG,2024-01-07,12,2024-01-06,12,24,2.672,99.025,19.349
LFPG,2024-01-08,12,2024-01-07,12,24,-0.654,100.0,20.158
LFPG,2024-01-09,12,2024-01-08,12,24,0.125,97.342,17.978
LFPG,2024-01-10,12,2024-01-09,12,24,0.238,5.0,9.492
LFPG,2024-01-11,12,2024-01-10,12,24,2.343,0.0,17.733
LFPG,2024-01-12,12,2024-01-11,12,24,3.693,5.0,10.646
LFPG,2024-01-13,12,2024-01-12,12,24,2.01,5.0,1.103
LFPG,2024-01-14,12,2024-01-13,12,24,1.838,60.208,5.631
LFPG,2024-01-15,12,2024-01-14,12,24,2.565,76.19,13.095
LFPG,2024-01-16,12,2024-01-15,12,24,1.711,16.253,6.632
LFPG,2024-01-17,12,2024-01-16,12,24,2.099,100.0,8.661
LFPG,2024-01-18,12,2024-01-17,12,24,0.281,65.405,13.509
LFPG,2024-01-19,12,2024-01-18,12,24,-0.016,5.0,1.216
LFPG,2024-01-20,12,2024-01-19,12,24,-0.499,19.41,5.739
LFPG,2024-01-21,12,2024-01-20,12,24,4.102,100.0,21.541
LFPG,2024-01-22,12,2024-01-21,12,24,10.166,100.0,28.214
LFPG,2024-01-23,12,2024-01-22,12,24,6.758,100.0,18.18
LFPG,2024-01-24,12,2024-01-23,12,24,12.639,99.877,20.399
LFPG,2024-01-25,12,2024-01-24,12,24,11.195,100.0,10.895
LFPG,2024-01-26,12,2024-01-25,12,24,10.276,88.039,22.127
LFPG,2024-01-27,12,2024-01-26,12,24,6.344,100.0,9.638
LFPG,2024-01-28,12,2024-01-27,12,24,8.848,99.956,10.986
LFPG,2024-01-29,12,2024-01-28,12,24,10.496,96.323,13.174
LFPG,2024-01-30,12,2024-01-29,12,24,11.216,66.777,15.102
LFPG,2024-01-31,12,2024-01-30,12,24,9.052,5.0,9.457
LFPG,2024-02-01,12,2024-01-31,12,24,8.544,100.0,10.25
LFPG,2024-02-02,12,2024-02-01,12,24,9.553,5.126,11.647
LFPG,2024-02-03,12,2024-02-02,12,24,10.9,100.0,12.694
LFPG,2024-02-04,12,2024-02-03,12,24,11.531,100.0,14.051
LFPG,2024-02-05,12,2024-02-04,12,24,10.863,53.119,15.994
LFPG,2024-02-06,12,2024-02-05,12,24,10.927,100.0,23.701
LFPG,2024-02-07,12,2024-02-06,12,24,10.591,100.0,25.695
LFPG,2024-02-08,12,2024-02-07,12,24,11.752,100.0,30.976
LFPG,2024-02-09,12,2024-02-08,12,24,11.026,100.0,22.719
LFPG,2024-02-10,12,2024-02-09,12,24,9.413,100.0,6.87
LFPG,2024-02-11,12,2024-02-10,12,24,8.484,100.0,24.561
LFPG,2024-02-12,12,2024-02-11,12,24,8.842,100.0,10.977
LFPG,2024-02-13,12,2024-02-12,12,24,7.782,98.993,13.583
LFPG,2024-02-14,12,2024-02-13,12,24,11.583,97.478,17.803
LFPG,2024-02-15,12,2024-02-14,12,24,15.037,97.556,15.874
LFPG,2024-02-16,12,2024-02-15,12,24,11.356,100.0,14.647
LFPG,2024-02-17,12,2024-02-16,12,24,11.816,3.355,7.173
LFPG,2024-02-18,12,2024-02-17,12,24,8.671,100.0,20.484
LFPG,2024-02-19,12,2024-02-18,12,24,10.523,100.0,17.842
LFPG,2024-02-20,12,2024-02-19,12,24,10.35,100.0,13.05
LFPG,2024-02-21,12,2024-02-20,12,24,10.278,100.0,23.207
LFPG,2024-02-22,12,2024-02-21,12,24,11.292,100.0,36.122
LFPG,2024-02-23,12,2024-02-22,12,24,7.818,61.222,23.743
LFPG,2024-02-24,12,2024-02-23,12,24,7.943,82.924,20.747
LFPG,2024-02-25,12,2024-02-24,12,24,6.866,100.0,20.456
LFPG,2024-02-26,12,2024-02-25,12,24,8.208,100.0,9.842
LFPG,2024-02-27,12,2024-02-26,12,24,7.823,12.899,21.538
LFPG,2024-02-28,12,2024-02-27,12,24,9.015,100.0,8.128
LFPG,2024-02-29,12,2024-02-28,12,24,7.668,100.0,19.277
LFPG,2024-03-01,12,2024-02-29,12,24,7.054,100.0,28.266
LFPG,2024-03-02,12,2024-03-01,12,24,9.103,100.0,20.18
LFPG,2024-03-03,12,2024-03-02,12,24,8.276,100.0,12.003
LFPG,2024-03-04,12,2024-03-03,12,24,8.927,91.706,9.688
LFPG,2024-03-05,12,2024-03-04,12,24,8.527,90.662,15.753
LFPG,2024-03-06,12,2024-03-05,12,24,8.953,90.739,5.205
LFPG,2024-03-07,12,2024-03-06,12,24,11.01,57.986,19.076
LFPG,2024-03-08,12,2024-03-07,12,24,11.603,68.516,20.921
LFPG,2024-03-09,12,2024-03-08,12,24,12.034,100.0,26.086
LFPG,2024-03-10,12,2024-03-09,12,24,9.408,100.0,5.897
LFPG,2024-03-11,12,2024-03-10,12,24,11.879,22.118,13.664
LFPG,2024-03-12,12,2024-03-11,12,24,8.847,100.0,12.876
LFPG,2024-03-13,12,2024-03-12,12,24,12.91,100.0,10.521
LFPG,2024-03-14,12,2024-03-13,12,24,14.655,100.0,15.604
LFPG,2024-03-15,12,2024-03-14,12,24,13.368,100.0,22.959
LFPG,2024-03-16,12,2024-03-15,12,24,12.768,15.732,12.78
LFPG,2024-03-17,12,2024-03-16,12,24,11.367,100.0,13.999
LFPG,2024-03-18,12,2024-03-17,12,24,14.889,50.045,10.397
LFPG,2024-03-19,12,2024-03-18,12,24,15.703,85.342,8.109
LFPG,2024-03-20,12,2024-03-19,12,24,16.557,100.0,9.032
LFPG,2024-03-21,12,2024-03-20,12,24,16.562,99.181,4.872
LFPG,2024-03-22,12,2024-03-21,12,24,16.471,10.379,13.132
LFPG,2024-03-23,12,2024-03-22,12,24,8.1,99.718,24.104
LFPG,2024-03-24,12,2024-03-23,12,24,8.264,46.954,21.557
LFPG,2024-03-25,12,2024-03-24,12,24,10.281,100.0,19.378
LFPG,2024-03-26,12,2024-03-25,12,24,9.544,100.0,12.754
LFPG,2024-03-27,12,2024-03-26,12,24,10.637,23.944,22.351
LFPG,2024-03-28,12,2024-03-27,12,24,10.785,15.688,33.365
LFPG,2024-03-29,12,2024-03-28,12,24,11.348,100.0,21.61
LFPG,2024-03-30,12,2024-03-29,12,24,7.869,100.0,8.057
LFPG,2024-03-31,12,2024-03-30,12,24,9.592,100.0,17.179
LFPG,2024-04-01,12,2024-03-31,12,24,11.778,75.805,17.395
LFPG,2024-04-02,12,2024-04-01,12,24,13.825,99.554,26.537
LFPG,2024-04-03,12,2024-04-02,12,24,12.416,29.994,18.262
LFPG,2024-04-04,12,2024-04-03,12,24,14.954,68.596,28.565
LFPG,2024-04-05,12,2024-04-04,12,24,16.165,100.0,24.106
LFPG,2024-04-06,12,2024-04-05,12,24,23.186,82.767,21.625
LFPG,2024-04-07,12,2024-04-06,12,24,17.482,100.0,11.406
LFPG,2024-04-08,12,2024-04-07,12,24,16.061,61.145,19.923
LFPG,2024-04-09,12,2024-04-08,12,24,10.149,98.657,24.49
LFPG,2024-04-10,12,2024-04-09,12,24,13.21,7.013,7.4
LFPG,2024-04-11,12,2024-04-10,12,24,15.515,100.0,12.369
LFPG,2024-04-12,12,2024-04-11,12,24,20.118,57.991,9.289
LFPG,2024-04-13,12,2024-04-12,12,24,22.505,97.591,15.661
LFPG,2024-04-14,12,2024-04-13,12,24,17.499,91.922,6.982
LFPG,2024-04-15,12,2024-04-14,12,24,11.159,64.781,35.763
LFPG,2024-04-16,12,2024-04-15,12,24,11.746,82.441,25.473
LFPG,2024-04-17,12,2024-04-16,12,24,9.402,99.821,20.665
LFPG,2024-04-18,12,2024-04-17,12,24,8.312,65.345,13.604
LFPG,2024-04-19,12,2024-04-18,12,24,10.302,100.0,23.842
LFPG,2024-04-20,12,2024-04-19,12,24,8.16,99.848,20.096
LFPG,2024-04-21,12,2024-04-20,12,24,10.386,94.909,23.985
LFPG,2024-04-22,12,2024-04-21,12,24,10.188,93.947,17.8
LFPG,2024-04-23,12,2024-04-22,12,24,9.832,67.022,12.567
LFPG,2024-04-24,12,2024-04-23,12,24,7.927,100.0,20.141
LFPG,2024-04-25,12,2024-04-24,12,24,11.531,68.275,9.543
LFPG,2024-04-26,12,2024-04-25,12,24,13.978,99.924,12.34
LFPG,2024-04-27,12,2024-04-26,12,24,14.241,91.404,15.153
LFPG,2024-04-28,12,2024-04-27,12,24,13.335,62.416,19.836
LFPG,2024-04-29,12,2024-04-28,12,24,16.479,100.0,12.475
LFPG,2024-04-30,12,2024-04-29,12,24,15.808,94.57,18.319
LFPG,2024-05-01,12,2024-04-30,12,24,18.517,100.0,8.068
LFPG,2024-05-02,12,2024-05-01,12,24,12.043,100.0,18.606
LFPG,2024-05-03,12,2024-05-02,12,24,15.864,82.391,19.173
LFPG,2024-05-04,12,2024-05-03,12,24,11.673,87.004,17.356
LFPG,2024-05-05,12,2024-05-04,12,24,16.401,100.0,14.162
LFPG,2024-05-06,12,2024-05-05,12,24,17.075,35.473,17.291
LFPG,2024-05-07,12,2024-05-06,12,24,18.179,98.051,12.159
LFPG,2024-05-08,12,2024-05-07,12,24,17.982,8.177,15.822
LFPG,2024-05-09,12,2024-05-08,12,24,18.748,100.0,12.428
LFPG,2024-05-10,12,2024-05-09,12,24,20.785,62.006,17.104
LFPG,2024-05-11,12,2024-05-10,12,24,22.103,77.715,16.552
LFPG,2024-05-12,12,2024-05-11,12,24,24.155,91.747,14.021
LFPG,2024-05-13,12,2024-05-12,12,24,19.451,63.717,15.93
LFPG,2024-05-14,12,2024-05-13,12,24,12.311,100.0,10.628
LFPG,2024-05-15,12,2024-05-14,12,24,18.601,51.059,12.961
LFPG,2024-05-16,12,2024-05-15,12,24,18.236,100.0,9.906
LFPG,2024-05-17,12,2024-05-16,12,24,17.871,99.264,4.404
LFPG,2024-05-18,12,2024-05-17,12,24,17.781,100.0,8.288
LFPG,2024-05-19,12,2024-05-18,12,24,18.256,51.179,1.697
LFPG,2024-05-20,12,2024-05-19,12,24,20.032,97.009,11.553
LFPG,2024-05-21,12,2024-05-20,12,24,16.626,84.931,12.88
LFPG,2024-05-22,12,2024-05-21,12,24,17.784,99.997,22.167
LFPG,2024-05-23,12,2024-05-22,12,24,19.041,57.789,9.228
LFPG,2024-05-24,12,2024-05-23,12,24,16.814,83.741,8.977
LFPG,2024-05-25,12,2024-05-24,12,24,18.677,62.978,5.948
LFPG,2024-05-26,12,2024-05-25,12,24,20.072,100.0,20.739
LFPG,2024-05-27,12,2024-05-26,12,24,16.541,99.944,18.383
LFPG,2024-05-28,12,2024-05-27,12,24,14.128,100.0,20.721
LFPG,2024-05-29,12,2024-05-28,12,24,13.33,100.0,14.422
LFPG,2024-05-30,12,2024-05-29,12,24,16.674,100.0,17.936
LFPG,2024-05-31,12,2024-05-30,12,24,12.455,99.688,19.059
LFPG,2024-06-01,12,2024-05-31,12,24,12.27,100.0,16.655
LFPG,2024-06-02,12,2024-06-01,12,24,17.617,41.122,14.932
LFPG,2024-06-03,12,2024-06-02,12,24,19.37,80.916,10.64
LFPG,2024-06-04,12,2024-06-03,12,24,20.479,86.627,14.591
LFPG,2024-06-05,12,2024-06-04,12,24,16.216,97.288,12.55
LFPG,2024-06-06,12,2024-06-05,12,24,17.983,37.596,11.39
LFPG,2024-06-07,12,2024-06-06,12,24,18.776,1.752,8.142
LFPG,2024-06-08,12,2024-06-07,12,24,19.978,26.976,12.196
LFPG,2024-06-09,12,2024-06-08,12,24,18.513,0.343,15.328
LFPG,2024-06-10,12,2024-06-09,12,24,13.48,100.0,17.943
LFPG,2024-06-11,12,2024-06-10,12,24,16.121,46.275,14.587
LFPG,2024-06-12,12,2024-06-11,12,24,17.023,50.347,3.874
LFPG,2024-06-13,12,2024-06-12,12,24,18.179,100.0,15.519
LFPG,2024-06-14,12,2024-06-13,12,24,18.153,90.239,20.302
LFPG,2024-06-15,12,2024-06-14,12,24,15.675,100.0,25.475
LFPG,2024-06-16,12,2024-06-15,12,24,17.137,99.088,20.871
LFPG,2024-06-17,12,2024-06-16,12,24,20.962,92.424,9.359
LFPG,2024-06-18,12,2024-06-17,12,24,21.431,100.0,6.079
LFPG,2024-06-19,12,2024-06-18,12,24,20.01,100.0,19.209
LFPG,2024-06-20,12,2024-06-19,12,24,20.045,100.0,14.374
LFPG,2024-06-21,12,2024-06-20,12,24,14.875,100.0,8.117
LFPG,2024-06-22,12,2024-06-21,12,24,17.104,80.766,10.77
LFPG,2024-06-23,12,2024-06-22,12,24,21.508,25.165,5.532
LFPG,2024-06-24,12,2024-06-23,12,24,24.161,18.716,11.206
LFPG,2024-06-25,12,2024-06-24,12,24,25.951,0.483,14.77
LFPG,2024-06-26,12,2024-06-25,12,24,27.776,4.912,5.835
LFPG,2024-06-27,12,2024-06-26,12,24,26.449,100.0,20.807
LFPG,2024-06-28,12,2024-06-27,12,24,20.61,100.0,8.81
LFPG,2024-06-29,12,2024-06-28,12,24,20.481,100.0,13.978
LFPG,2024-06-30,12,2024-06-29,12,24,21.061,100.0,10.977
LFPG,2024-07-01,12,2024-06-30,12,24,19.355,74.439,9.041
LFPG,2024-07-02,12,2024-07-01,12,24,14.355,96.288,12.159
LFPG,2024-07-03,12,2024-07-02,12,24,16.229,100.0,14.017
LFPG,2024-07-04,12,2024-07-03,12,24,20.563,22.942,18.57
LFPG,2024-07-05,12,2024-07-04,12,24,22.538,100.0,17.775
LFPG,2024-07-06,12,2024-07-05,12,24,19.67,53.006,26.56
LFPG,2024-07-07,12,2024-07-06,12,24,18.974,100.0,16.908
LFPG,2024-07-08,12,2024-07-07,12,24,18.661,100.0,5.491
LFPG,2024-07-09,12,2024-07-08,12,24,27.283,100.0,5.986
LFPG,2024-07-10,12,2024-07-09,12,24,22.237,100.0,13.659
LFPG,2024-07-11,12,2024-07-10,12,24,22.6,70.393,4.755
LFPG,2024-07-12,12,2024-07-11,12,24,14.232,100.0,12.779
LFPG,2024-07-13,12,2024-07-12,12,24,20.77,12.913,4.473
LFPG,2024-07-14,12,2024-07-13,12,24,20.717,100.0,13.879
LFPG,2024-07-15,12,2024-07-14,12,24,21.523,96.761,7.203
LFPG,2024-07-16,12,2024-07-15,12,24,20.017,90.745,21.104
LFPG,2024-07-17,12,2024-07-16,12,24,24.335,37.298,2.774
LFPG,2024-07-18,12,2024-07-17,12,24,26.094,59.474,8.641
LFPG,2024-07-19,12,2024-07-18,12,24,29.881,86.041,3.351
LFPG,2024-07-20,12,2024-07-19,12,24,28.771,100.0,9.215
LFPG,2024-07-21,12,2024-07-20,12,24,23.619,82.441,9.425
LFPG,2024-07-22,12,2024-07-21,12,24,23.131,77.311,14.101
LFPG,2024-07-23,12,2024-07-22,12,24,20.632,67.493,20.343
LFPG,2024-07-24,12,2024-07-23,12,24,23.995,99.27,3.097
LFPG,2024-07-25,12,2024-07-24,12,24,25.818,91.097,9.883
LFPG,2024-07-26,12,2024-07-25,12,24,17.996,99.972,8.751
LFPG,2024-07-27,12,2024-07-26,12,24,18.179,100.0,3.115
LFPG,2024-07-28,12,2024-07-27,12,24,23.125,95.378,13.843
LFPG,2024-07-29,12,2024-07-28,12,24,26.855,3.144,14.246
LFPG,2024-07-30,12,2024-07-29,12,24,31.565,1.583,4.488
LFPG,2024-07-31,12,2024-07-30,12,24,24.269,74.838,6.339
LFPG,2024-08-01,12,2024-07-31,12,24,28.629,16.805,14.183
LFPG,2024-08-02,12,2024-08-01,12,24,25.95,38.992,12.617
LFPG,2024-08-03,12,2024-08-02,12,24,23.464,100.0,13.61
LFPG,2024-08-04,12,2024-08-03,12,24,21.645,98.653,9.942
LFPG,2024-08-05,12,2024-08-04,12,24,26.586,0.0,7.908
LFPG,2024-08-06,12,2024-08-05,12,24,27.849,5.0,11.822
LFPG,2024-08-07,12,2024-08-06,12,24,23.317,0.0,13.491
LFPG,2024-08-08,12,2024-08-07,12,24,25.268,5.898,7.347
LFPG,2024-08-09,12,2024-08-08,12,24,25.216,100.0,16.954
LFPG,2024-08-10,12,2024-08-09,12,24,26.423,12.672,7.604
LFPG,2024-08-11,12,2024-08-10,12,24,29.024,64.474,16.617
LFPG,2024-08-12,12,2024-08-11,12,24,35.45,3.031,15.706
LFPG,2024-08-13,12,2024-08-12,12,24,27.812,77.713,5.61
LFPG,2024-08-14,12,2024-08-13,12,24,24.847,74.288,5.963
LFPG,2024-08-15,12,2024-08-14,12,24,26.386,5.0,12.517
LFPG,2024-08-16,12,2024-08-15,12,24,25.649,94.291,12.462
LFPG,2024-08-17,12,2024-08-16,12,24,22.439,100.0,5.174
LFPG,2024-08-18,12,2024-08-17,12,24,22.304,93.249,15.221
LFPG,2024-08-19,12,2024-08-18,12,24,23.431,5.0,6.009
LFPG,2024-08-20,12,2024-08-19,12,24,21.259,96.137,15.493
LFPG,2024-08-21,12,2024-08-20,12,24,20.208,90.81,10.619
LFPG,2024-08-22,12,2024-08-21,12,24,24.118,4.01,16.813
LFPG,2024-08-23,12,2024-08-22,12,24,24.2,93.07,26.133
LFPG,2024-08-24,12,2024-08-23,12,24,28.908,4.307,24.78
LFPG,2024-08-25,12,2024-08-24,12,24,21.17,5.0,12.579
LFPG,2024-08-26,12,2024-08-25,12,24,23.164,0.0,8.046
LFPG,2024-08-27,12,2024-08-26,12,24,24.718,4.487,9.667
LFPG,2024-08-28,12,2024-08-27,12,24,28.845,0.059,12.284
LFPG,2024-08-29,12,2024-08-28,12,24,24.839,100.0,8.601
LFPG,2024-08-30,12,2024-08-29,12,24,22.832,100.0,10.447
LFPG,2024-08-31,12,2024-08-30,12,24,26.13,91.052,10.919
LFPG,2024-09-01,12,2024-08-31,12,24,29.75,5.0,14.967
LFPG,2024-09-02,12,2024-09-01,12,24,26.132,5.96,12.975
LFPG,2024-09-03,12,2024-09-02,12,24,21.059,94.519,11.987
LFPG,2024-09-04,12,2024-09-03,12,24,22.074,27.565,5.546
LFPG,2024-09-05,12,2024-09-04,12,24,15.312,100.0,13.358
LFPG,2024-09-06,12,2024-09-05,12,24,22.363,95.847,9.024
LFPG,2024-09-07,12,2024-09-06,12,24,23.046,67.372,5.748
LFPG,2024-09-08,12,2024-09-07,12,24,20.689,85.704,22.148
LFPG,2024-09-09,12,2024-09-08,12,24,17.214,100.0,23.448
LFPG,2024-09-10,12,2024-09-09,12,24,18.273,100.0,22.363
LFPG,2024-09-11,12,2024-09-10,12,24,15.909,99.757,19.593
LFPG,2024-09-12,12,2024-09-11,12,24,15.364,46.48,19.112
LFPG,2024-09-13,12,2024-09-12,12,24,17.317,95.219,16.593
LFPG,2024-09-14,12,2024-09-13,12,24,16.972,5.223,10.013
LFPG,2024-09-15,12,2024-09-14,12,24,18.761,11.505,8.259
LFPG,2024-09-16,12,2024-09-15,12,24,20.028,98.066,13.455
LFPG,2024-09-17,12,2024-09-16,12,24,21.146,0.0,23.336
LFPG,2024-09-18,12,2024-09-17,12,24,24.148,1.798,26.346
LFPG,2024-09-19,12,2024-09-18,12,24,23.717,0.0,26.798
LFPG,2024-09-20,12,2024-09-19,12,24,22.268,17.381,12.515
LFPG,2024-09-21,12,2024-09-20,12,24,24.18,91.521,13.174
LFPG,2024-09-22,12,2024-09-21,12,24,17.54,99.666,13.088
LFPG,2024-09-23,12,2024-09-22,12,24,17.731,70.658,20.084
LFPG,2024-09-24,12,2024-09-23,12,24,14.89,100.0,20.978
LFPG,2024-09-25,12,2024-09-24,12,24,18.532,99.993,20.424
LFPG,2024-09-26,12,2024-09-25,12,24,17.993,100.0,28.757
LFPG,2024-09-27,12,2024-09-26,12,24,16.844,97.77,29.988
LFPG,2024-09-28,12,2024-09-27,12,24,13.92,85.023,11.199
LFPG,2024-09-29,12,2024-09-28,12,24,13.105,100.0,17.396
LFPG,2024-09-30,12,2024-09-29,12,24,15.443,100.0,26.465
LFPG,2024-10-01,12,2024-09-30,12,24,16.638,91.715,17.44
LFPG,2024-10-02,12,2024-10-01,12,24,15.159,99.08,11.565
LFPG,2024-10-03,12,2024-10-02,12,24,15.362,39.816,21.163
LFPG,2024-10-04,12,2024-10-03,12,24,15.275,7.869,10.802
LFPG,2024-10-05,12,2024-10-04,12,24,16.187,58.178,14.223
LFPG,2024-10-06,12,2024-10-05,12,24,12.583,100.0,16.197
LFPG,2024-10-07,12,2024-10-06,12,24,16.65,100.0,9.817
LFPG,2024-10-08,12,2024-10-07,12,24,17.632,41.275,23.125
LFPG,2024-10-09,12,2024-10-08,12,24,16.037,100.0,30.981
LFPG,2024-10-10,12,2024-10-09,12,24,12.508,99.721,19.03
LFPG,2024-10-11,12,2024-10-10,12,24,13.799,65.322,7.285
LFPG,2024-10-12,12,2024-10-11,12,24,10.124,100.0,4.688
LFPG,2024-10-13,12,2024-10-12,12,24,12.546,100.0,5.286
LFPG,2024-10-14,12,2024-10-13,12,24,19.131,14.936,13.298
LFPG,2024-10-15,12,2024-10-14,12,24,18.229,100.0,13.08
LFPG,2024-10-16,12,2024-10-15,12,24,23.445,5.39,21.476
LFPG,2024-10-17,12,2024-10-16,12,24,16.886,100.0,4.839
LFPG,2024-10-18,12,2024-10-17,12,24,15.982,100.0,7.481
LFPG,2024-10-19,12,2024-10-18,12,24,12.501,100.0,16.1
LFPG,2024-10-20,12,2024-10-19,12,24,15.825,100.0,20.26
LFPG,2024-10-21,12,2024-10-20,12,24,15.553,100.0,10.076
LFPG,2024-10-22,12,2024-10-21,12,24,15.801,8.025,8.999
LFPG,2024-10-23,12,2024-10-22,12,24,15.957,0.0,8.94
LFPG,2024-10-24,12,2024-10-23,12,24,16.598,0.0,12.002
LFPG,2024-10-25,12,2024-10-24,12,24,18.465,10.302,13.509
LFPG,2024-10-26,12,2024-10-25,12,24,17.825,89.43,8.898
LFPG,2024-10-27,12,2024-10-26,12,24,16.64,98.188,8.378
LFPG,2024-10-28,12,2024-10-27,12,24,15.646,100.0,8.914
LFPG,2024-10-29,12,2024-10-28,12,24,16.906,0.0,8.022
LFPG,2024-10-30,12,2024-10-29,12,24,16.266,9.748,7.713
LFPG,2024-10-31,12,2024-10-30,12,24,16.004,5.0,7.164
LFPG,2024-11-01,12,2024-10-31,12,24,16.233,0.0,4.046
LFPG,2024-11-02,12,2024-11-01,12,24,13.783,2.308,15.23
LFPG,2024-11-03,12,2024-11-02,12,24,14.17,23.828,9.193
LFPG,2024-11-04,12,2024-11-03,12,24,14.661,66.592,7.575
LFPG,2024-11-05,12,2024-11-04,12,24,15.721,17.422,6.489
LFPG,2024-11-06,12,2024-11-05,12,24,15.666,1.973,6.421
LFPG,2024-11-07,12,2024-11-06,12,24,15.115,0.0,11.089
LFPG,2024-11-08,12,2024-11-07,12,24,12.879,5.0,5.811
LFPG,2024-11-09,12,2024-11-08,12,24,13.768,0.0,5.679
LFPG,2024-11-10,12,2024-11-09,12,24,11.872,91.596,9.297
LFPG,2024-11-11,12,2024-11-10,12,24,12.003,100.0,16.571
LFPG,2024-11-12,12,2024-11-11,12,24,9.114,94.727,22.075
LFPG,2024-11-13,12,2024-11-12,12,24,8.434,100.0,17.074
LFPG,2024-11-14,12,2024-11-13,12,24,9.98,100.0,8.412
LFPG,2024-11-15,12,2024-11-14,12,24,10.036,4.98,7.895
LFPG,2024-11-16,12,2024-11-15,12,24,8.997,36.203,5.436
LFPG,2024-11-17,12,2024-11-16,12,24,10.622,100.0,14.538
LFPG,2024-11-18,12,2024-11-17,12,24,10.197,100.0,21.29
LFPG,2024-11-19,12,2024-11-18,12,24,10.88,100.0,27.857
LFPG,2024-11-20,12,2024-11-19,12,24,6.443,58.81,17.598
LFPG,2024-11-21,12,2024-11-20,12,24,0.505,100.0,17.978
LFPG,2024-11-22,12,2024-11-21,12,24,2.553,17.059,21.33
LFPG,2024-11-23,12,2024-11-22,12,24,3.984,100.0,23.807
LFPG,2024-11-24,12,2024-11-23,12,24,14.4,99.755,26.674
LFPG,2024-11-25,12,2024-11-24,12,24,10.179,100.0,19.052
LFPG,2024-11-26,12,2024-11-25,12,24,9.94,5.613,15.642
LFPG,2024-11-27,12,2024-11-26,12,24,11.7,100.0,26.316
LFPG,2024-11-28,12,2024-11-27,12,24,7.609,68.046,7.62
LFPG,2024-11-29,12,2024-11-28,12,24,7.454,78.135,15.596
LFPG,2024-11-30,12,2024-11-29,12,24,8.064,100.0,7.215
LFPG,2024-12-01,12,2024-11-30,12,24,8.28,98.523,13.269
LFPG,2024-12-02,12,2024-12-01,12,24,11.708,5.0,18.834
LFPG,2024-12-03,12,2024-12-02,12,24,8.52,75.979,8.229
LFPG,2024-12-04,12,2024-12-03,12,24,7.752,18.253,7.991
LFPG,2024-12-05,12,2024-12-04,12,24,6.776,100.0,22.659
LFPG,2024-12-06,12,2024-12-05,12,24,8.866,35.225,20.528
LFPG,2024-12-07,12,2024-12-06,12,24,8.285,89.642,34.49
LFPG,2024-12-08,12,2024-12-07,12,24,6.999,100.0,29.544
LFPG,2024-12-09,12,2024-12-08,12,24,5.371,100.0,22.928
LFPG,2024-12-10,12,2024-12-09,12,24,5.172,100.0,19.654
LFPG,2024-12-11,12,2024-12-10,12,24,5.232,72.15,13.658
LFPG,2024-12-12,12,2024-12-11,12,24,4.765,51.398,9.138
LFPG,2024-12-13,12,2024-12-12,12,24,3.964,100.0,5.994
LFPG,2024-12-14,12,2024-12-13,12,24,5.293,5.159,8.598
LFPG,2024-12-15,12,2024-12-14,12,24,4.976,100.0,11.827
LFPG,2024-12-16,12,2024-12-15,12,24,9.523,100.0,10.802
LFPG,2024-12-17,12,2024-12-16,12,24,7.938,100.0,10.758
LFPG,2024-12-18,12,2024-12-17,12,24,11.392,100.0,22.951
LFPG,2024-12-19,12,2024-12-18,12,24,6.826,99.654,24.044
LFPG,2024-12-20,12,2024-12-19,12,24,6.917,37.602,12.876
LFPG,2024-12-21,12,2024-12-20,12,24,8.649,100.0,17.616
LFPG,2024-12-22,12,2024-12-21,12,24,6.354,100.0,25.382
LFPG,2024-12-23,12,2024-12-22,12,24,5.982,25.588,19.83
LFPG,2024-12-24,12,2024-12-23,12,24,6.009,100.0,8.336
LFPG,2024-12-25,12,2024-12-24,12,24,9.498,100.0,4.143
LFPG,2024-12-26,12,2024-12-25,12,24,9.525,20.607,12.452
LFPG,2024-12-27,12,2024-12-26,12,24,6.155,80.899,5.859
LFPG,2024-12-28,12,2024-12-27,12,24,5.854,5.0,5.241
LFPG,2024-12-29,12,2024-12-28,12,24,5.199,16.284,4.846
LFPG,2024-12-30,12,2024-12-29,12,24,5.136,9.568,6.574
LFPG,2024-12-31,12,2024-12-30,12,24,4.555,100.0,11.801
LFPG,2025-01-01,12,2024-12-31,12,24,7.363,100.0,28.121
LFPG,2025-01-02,12,2025-01-01,12,24,3.057,100.0,6.003
LFPG,2025-01-03,12,2025-01-02,12,24,3.134,3.272,8.393
LFPG,2025-01-04,12,2025-01-03,12,24,2.608,100.0,15.896
LFPG,2025-01-05,12,2025-01-04,12,24,11.231,100.0,27.925
LFPG,2025-01-06,12,2025-01-05,12,24,7.693,99.361,34.362
LFPG,2025-01-07,12,2025-01-06,12,24,5.527,10.09,25.105
LFPG,2025-01-08,12,2025-01-07,12,24,2.685,100.0,15.195
LFPG,2025-01-09,12,2025-01-08,12,24,3.221,67.23,23.129
LFPG,2025-01-10,12,2025-01-09,12,24,4.061,100.0,7.606
LFPG,2025-01-11,12,2025-01-10,12,24,3.46,5.0,8.37
LFPG,2025-01-12,12,2025-01-11,12,24,4.208,5.0,13.469
LFPG,2025-01-13,12,2025-01-12,12,24,3.176,0.193,11.168
LFPG,2025-01-14,12,2025-01-13,12,24,3.166,48.681,3.21
LFPG,2025-01-15,12,2025-01-14,12,24,6.423,7.386,5.858
LFPG,2025-01-16,12,2025-01-15,12,24,5.982,0.748,12.356
LFPG,2025-01-17,12,2025-01-16,12,24,4.66,4.018,5.382
LFPG,2025-01-18,12,2025-01-17,12,24,3.841,5.0,8.95
LFPG,2025-01-19,12,2025-01-18,12,24,3.198,0.0,8.071
LFPG,2025-01-20,12,2025-01-19,12,24,4.015,78.199,5.038
LFPG,2025-01-21,12,2025-01-20,12,24,5.764,89.593,9.025
LFPG,2025-01-22,12,2025-01-21,12,24,8.292,100.0,16.048
LFPG,2025-01-23,12,2025-01-22,12,24,6.569,100.0,18.321
LFPG,2025-01-24,12,2025-01-23,12,24,8.719,100.0,32.343
LFPG,2025-01-25,12,2025-01-24,12,24,8.372,100.0,5.209
LFPG,2025-01-26,12,2025-01-25,12,24,6.219,100.0,25.183
LFPG,2025-01-27,12,2025-01-26,12,24,9.912,6.89,25.145
LFPG,2025-01-28,12,2025-01-27,12,24,6.363,100.0,23.626
LFPG,2025-01-29,12,2025-01-28,12,24,7.714,100.0,18.662
LFPG,2025-01-30,12,2025-01-29,12,24,5.923,100.0,20.268
LFPG,2025-01-31,12,2025-01-30,12,24,4.579,99.562,12.479
LFPG,2025-02-01,12,2025-01-31,12,24,5.714,0.0,8.39
LFPG,2025-02-02,12,2025-02-01,12,24,4.816,0.088,3.015
LFPG,2025-02-03,12,2025-02-02,12,24,6.512,0.0,7.987
LFPG,2025-02-04,12,2025-02-03,12,24,6.961,4.675,10.394
LFPG,2025-02-05,12,2025-02-04,12,24,8.73,98.454,8.876
LFPG,2025-02-06,12,2025-02-05,12,24,6.019,38.334,18.256
LFPG,2025-02-07,12,2025-02-06,12,24,3.903,100.0,16.715
LFPG,2025-02-08,12,2025-02-07,12,24,6.089,77.208,16.479
LFPG,2025-02-09,12,2025-02-08,12,24,4.641,99.816,10.17
LFPG,2025-02-10,12,2025-02-09,12,24,3.991,100.0,11.24
LFPG,2025-02-11,12,2025-02-10,12,24,6.514,30.647,8.604
LFPG,2025-02-12,12,2025-02-11,12,24,6.016,93.245,4.257
LFPG,2025-02-13,12,2025-02-12,12,24,6.538,30.021,8.399
LFPG,2025-02-14,12,2025-02-13,12,24,4.277,0.0,12.34
LFPG,2025-02-15,12,2025-02-14,12,24,4.261,100.0,11.173
LFPG,2025-02-16,12,2025-02-15,12,24,5.628,4.755,13.492
LFPG,2025-02-17,12,2025-02-16,12,24,5.003,5.0,11.104
LFPG,2025-02-18,12,2025-02-17,12,24,6.35,7.528,16.656
LFPG,2025-02-19,12,2025-02-18,12,24,7.938,100.0,10.964
LFPG,2025-02-20,12,2025-02-19,12,24,9.642,100.0,14.001
LFPG,2025-02-21,12,2025-02-20,12,24,14.563,100.0,19.104
LFPG,2025-02-22,12,2025-02-21,12,24,10.593,100.0,22.545
LFPG,2025-02-23,12,2025-02-22,12,24,12.249,15.86,16.179
LFPG,2025-02-24,12,2025-02-23,12,24,11.711,100.0,26.51
LFPG,2025-02-25,12,2025-02-24,12,24,8.884,100.0,19.012
LFPG,2025-02-26,12,2025-02-25,12,24,9.73,11.204,18.786
LFPG,2025-02-27,12,2025-02-26,12,24,6.827,95.206,16.494
LFPG,2025-02-28,12,2025-02-27,12,24,8.069,98.423,14.5
LFPG,2025-03-01,12,2025-02-28,12,24,7.602,72.779,19.865
LFPG,2025-03-02,12,2025-03-01,12,24,8.543,23.076,18.061
LFPG,2025-03-03,12,2025-03-02,12,24,9.241,0.0,7.965
LFPG,2025-03-04,12,2025-03-03,12,24,10.555,58.644,7.684
LFPG,2025-03-05,12,2025-03-04,12,24,12.982,0.0,8.47
LFPG,2025-03-06,12,2025-03-05,12,24,14.07,0.0,16.795
LFPG,2025-03-07,12,2025-03-06,12,24,14.17,19.616,15.372
LFPG,2025-03-08,12,2025-03-07,12,24,15.088,98.498,21.159
LFPG,2025-03-09,12,2025-03-08,12,24,16.84,82.41,15.392
LFPG,2025-03-10,12,2025-03-09,12,24,11.666,100.0,11.498
LFPG,2025-03-11,12,2025-03-10,12,24,8.698,89.271,16.075
LFPG,2025-03-12,12,2025-03-11,12,24,7.55,100.0,11.889
LFPG,2025-03-13,12,2025-03-12,12,24,7.543,77.756,11.423
LFPG,2025-03-14,12,2025-03-13,12,24,5.506,99.588,13.772
LFPG,2025-03-15,12,2025-03-14,12,24,6.695,100.0,22.693
LFPG,2025-03-16,12,2025-03-15,12,24,8.865,17.114,19.043
LFPG,2025-03-17,12,2025-03-16,12,24,9.577,3.021,18.153
LFPG,2025-03-18,12,2025-03-17,12,24,9.474,0.0,20.211
LFPG,2025-03-19,12,2025-03-18,12,24,13.989,7.127,12.574
LFPG,2025-03-20,12,2025-03-19,12,24,15.71,0.0,10.801
LFPG,2025-03-21,12,2025-03-20,12,24,17.953,100.0,19.821
LFPG,2025-03-22,12,2025-03-21,12,24,12.722,100.0,8.065
LFPG,2025-03-23,12,2025-03-22,12,24,13.115,90.961,17.778
LFPG,2025-03-24,12,2025-03-23,12,24,15.507,24.053,3.832
LFPG,2025-03-25,12,2025-03-24,12,24,13.791,99.972,9.153
LFPG,2025-03-26,12,2025-03-25,12,24,15.171,16.771,14.68
LFPG,2025-03-27,12,2025-03-26,12,24,14.304,5.424,10.981
LFPG,2025-03-28,12,2025-03-27,12,24,14.642,0.0,9.547
LFPG,2025-03-29,12,2025-03-28,12,24,11.838,3.25,19.068
LFPG,2025-03-30,12,2025-03-29,12,24,12.665,88.429,19.638
LFPG,2025-03-31,12,2025-03-30,12,24,13.472,0.003,15.954
LFPG,2025-04-01,12,2025-03-31,12,24,13.081,4.755,24.829
LFPG,2025-04-02,12,2025-04-01,12,24,11.254,100.0,22.674
LFPG,2025-04-03,12,2025-04-02,12,24,18.702,91.508,20.591
LFPG,2025-04-04,12,2025-04-03,12,24,20.478,22.453,15.451
LFPG,2025-04-05,12,2025-04-04,12,24,21.039,0.0,17.215
LFPG,2025-04-06,12,2025-04-05,12,24,14.707,5.017,22.453
LFPG,2025-04-07,12,2025-04-06,12,24,13.74,5.0,16.235
LFPG,2025-04-08,12,2025-04-07,12,24,15.071,7.164,12.577
LFPG,2025-04-09,12,2025-04-08,12,24,16.504,1.341,17.743
LFPG,2025-04-10,12,2025-04-09,12,24,15.342,5.0,15.672
LFPG,2025-04-11,12,2025-04-10,12,24,17.686,0.01,10.713
LFPG,2025-04-12,12,2025-04-11,12,24,20.091,45.743,17.855
LFPG,2025-04-13,12,2025-04-12,12,24,13.258,100.0,16.209
LFPG,2025-04-14,12,2025-04-13,12,24,17.624,99.993,13.912
LFPG,2025-04-15,12,2025-04-14,12,24,16.693,100.0,20.192
LFPG,2025-04-16,12,2025-04-15,12,24,13.36,100.0,9.177
LFPG,2025-04-17,12,2025-04-16,12,24,16.067,88.575,5.582
LFPG,2025-04-18,12,2025-04-17,12,24,16.156,7.462,18.896
LFPG,2025-04-19,12,2025-04-18,12,24,17.026,97.115,11.189
LFPG,2025-04-20,12,2025-04-19,12,24,13.544,98.222,19.437
LFPG,2025-04-21,12,2025-04-20,12,24,12.862,100.0,11.888
LFPG,2025-04-22,12,2025-04-21,12,24,15.034,100.0,9.569
LFPG,2025-04-23,12,2025-04-22,12,24,13.627,85.772,12.071
LFPG,2025-04-24,12,2025-04-23,12,24,12.518,61.917,10.805
LFPG,2025-04-25,12,2025-04-24,12,24,15.572,34.428,14.149
LFPG,2025-04-26,12,2025-04-25,12,24,17.562,100.0,16.434
LFPG,2025-04-27,12,2025-04-26,12,24,20.113,37.923,14.483
LFPG,2025-04-28,12,2025-04-27,12,24,21.048,5.838,11.165
LFPG,2025-04-29,12,2025-04-28,12,24,21.865,0.0,15.189
LFPG,2025-04-30,12,2025-04-29,12,24,23.987,2.165,12.188
LFPG,2025-05-01,12,2025-04-30,12,24,25.471,97.993,11.228
LFPG,2025-05-02,12,2025-05-01,12,24,25.28,83.567,6.292
LFPG,2025-05-03,12,2025-05-02,12,24,21.134,29.064,23.607
LFPG,2025-05-04,12,2025-05-03,12,24,15.317,53.356,21.786
LFPG,2025-05-05,12,2025-05-04,12,24,12.441,99.693,19.578
LFPG,2025-05-06,12,2025-05-05,12,24,13.295,100.0,20.767
LFPG,2025-05-07,12,2025-05-06,12,24,15.413,6.421,17.342
LFPG,2025-05-08,12,2025-05-07,12,24,16.445,99.939,17.192
LFPG,2025-05-09,12,2025-05-08,12,24,17.336,26.919,20.116
LFPG,2025-05-10,12,2025-05-09,12,24,19.271,0.0,17.091
LFPG,2025-05-11,12,2025-05-10,12,24,21.794,72.306,14.498
LFPG,2025-05-12,12,2025-05-11,12,24,15.778,100.0,5.296
LFPG,2025-05-13,12,2025-05-12,12,24,20.204,100.0,5.843
LFPG,2025-05-14,12,2025-05-13,12,24,22.234,1.718,10.897
LFPG,2025-05-15,12,2025-05-14,12,24,17.115,98.471,19.9
LFPG,2025-05-16,12,2025-05-15,12,24,17.442,4.768,18.417
LFPG,2025-05-17,12,2025-05-16,12,24,14.316,88.655,14.296
LFPG,2025-05-18,12,2025-05-17,12,24,18.765,0.0,9.746
LFPG,2025-05-19,12,2025-05-18,12,24,19.272,100.0,14.614
LFPG,2025-05-20,12,2025-05-19,12,24,21.996,51.624,15.674
LFPG,2025-05-21,12,2025-05-20,12,24,15.261,100.0,8.454
LFPG,2025-05-22,12,2025-05-21,12,24,16.986,60.869,17.63
LFPG,2025-05-23,12,2025-05-22,12,24,15.637,5.003,11.694
LFPG,2025-05-24,12,2025-05-23,12,24,15.719,98.071,18.594
LFPG,2025-05-25,12,2025-05-24,12,24,15.736,18.795,17.691
LFPG,2025-05-26,12,2025-05-25,12,24,16.286,100.0,14.822
LFPG,2025-05-27,12,2025-05-26,12,24,16.834,100.0,19.511
LFPG,2025-05-28,12,2025-05-27,12,24,17.592,99.936,25.472
LFPG,2025-05-29,12,2025-05-28,12,24,22.799,49.173,13.543
LFPG,2025-05-30,12,2025-05-29,12,24,26.188,0.0,7.414
LFPG,2025-05-31,12,2025-05-30,12,24,21.31,99.325,7.512
LFPG,2025-06-01,12,2025-05-31,12,24,21.906,99.543,13.379
LFPG,2025-06-02,12,2025-06-01,12,24,19.676,2.72,15.045
LFPG,2025-06-03,12,2025-06-02,12,24,22.502,25.591,21.625
LFPG,2025-06-04,12,2025-06-03,12,24,16.834,97.779,17.299
LFPG,2025-06-05,12,2025-06-04,12,24,18.712,100.0,24.169
LFPG,2025-06-06,12,2025-06-05,12,24,18.437,55.485,20.525
LFPG,2025-06-07,12,2025-06-06,12,24,17.487,99.649,26.454
LFPG,2025-06-08,12,2025-06-07,12,24,15.806,94.222,15.936
LFPG,2025-06-09,12,2025-06-08,12,24,20.375,94.29,8.914
LFPG,2025-06-10,12,2025-06-09,12,24,21.903,99.386,15.554
LFPG,2025-06-11,12,2025-06-10,12,24,24.149,66.441,13.612
LFPG,2025-06-12,12,2025-06-11,12,24,29.008,1.69,14.675
LFPG,2025-06-13,12,2025-06-12,12,24,29.449,0.0,13.517
LFPG,2025-06-14,12,2025-06-13,12,24,27.281,97.012,15.06
LFPG,2025-06-15,12,2025-06-14,12,24,21.704,99.877,13.44
LFPG,2025-06-16,12,2025-06-15,12,24,23.402,5.0,8.274
LFPG,2025-06-17,12,2025-06-16,12,24,26.206,0.971,8.999
LFPG,2025-06-18,12,2025-06-17,12,24,26.209,0.253,10.142
LFPG,2025-06-19,12,2025-06-18,12,24,27.909,6.229,15.843
LFPG,2025-06-20,12,2025-06-19,12,24,28.472,100.0,17.033
LFPG,2025-06-21,12,2025-06-20,12,24,31.683,0.245,9.509
LFPG,2025-06-22,12,2025-06-21,12,24,25.618,100.0,14.984
LFPG,2025-06-23,12,2025-06-22,12,24,22.031,89.996,21.156
LFPG,2025-06-24,12,2025-06-23,12,24,26.702,0.498,13.92
LFPG,2025-06-25,12,2025-06-24,12,24,32.336,13.646,7.282
LFPG,2025-06-26,12,2025-06-25,12,24,22.866,98.261,17.058
LFPG,2025-06-27,12,2025-06-26,12,24,26.098,89.922,16.194
LFPG,2025-06-28,12,2025-06-27,12,24,29.503,4.502,10.098
LFPG,2025-06-29,12,2025-06-28,12,24,31.215,0.003,8.459
LFPG,2025-06-30,12,2025-06-29,12,24,35.248,0.0,2.673
LFPG,2025-07-01,12,2025-06-30,12,24,36.722,0.0,11.306
LFPG,2025-07-02,12,2025-07-01,12,24,33.738,77.238,15.1
LFPG,2025-07-03,12,2025-07-02,12,24,25.582,0.0,14.568
LFPG,2025-07-04,12,2025-07-03,12,24,27.03,4.203,8.68
LFPG,2025-07-05,12,2025-07-04,12,24,26.926,100.0,12.869
LFPG,2025-07-06,12,2025-07-05,12,24,14.675,100.0,18.689
LFPG,2025-07-07,12,2025-07-06,12,24,14.228,97.976,11.4
LFPG,2025-07-08,12,2025-07-07,12,24,17.786,43.166,23.686
LFPG,2025-07-09,12,2025-07-08,12,24,24.123,0.118,4.992
LFPG,2025-07-10,12,2025-07-09,12,24,27.256,1.607,10.04
LFPG,2025-07-11,12,2025-07-10,12,24,28.042,0.017,14.112
LFPG,2025-07-12,12,2025-07-11,12,24,27.31,1.782,7.3
LFPG,2025-07-13,12,2025-07-12,12,24,29.064,0.0,6.821
LFPG,2025-07-14,12,2025-07-13,12,24,26.048,92.131,24.069
LFPG,2025-07-15,12,2025-07-14,12,24,24.408,89.011,21.184
LFPG,2025-07-16,12,2025-07-15,12,24,18.245,92.367,17.557
LFPG,2025-07-17,12,2025-07-16,12,24,26.236,64.689,12.385
LFPG,2025-07-18,12,2025-07-17,12,24,32.517,74.672,4.414
LFPG,2025-07-19,12,2025-07-18,12,24,27.219,72.005,25.593
LFPG,2025-07-20,12,2025-07-19,12,24,19.397,96.75,23.66
LFPG,2025-07-21,12,2025-07-20,12,24,18.661,84.989,22.586
LFPG,2025-07-22,12,2025-07-21,12,24,20.909,76.736,16.005
LFPG,2025-07-23,12,2025-07-22,12,24,22.804,88.095,8.735
LFPG,2025-07-24,12,2025-07-23,12,24,17.07,95.082,7.03
LFPG,2025-07-25,12,2025-07-24,12,24,24.859,71.068,8.807
LFPG,2025-07-26,12,2025-07-25,12,24,25.571,86.864,12.884
LFPG,2025-07-27,12,2025-07-26,12,24,24.687,97.195,13.686
LFPG,2025-07-28,12,2025-07-27,12,24,20.81,100.0,10.692
LFPG,2025-07-29,12,2025-07-28,12,24,24.187,63.442,11.93
LFPG,2025-07-30,12,2025-07-29,12,24,22.697,8.062,10.635
LFPG,2025-07-31,12,2025-07-30,12,24,25.463,100.0,14.133
DSM,2021-03-24,18,2021-03-23,18,24,6.523,100.0,24.031
DSM,2021-03-25,18,2021-03-24,18,24,5.364,100.0,16.59
DSM,2021-03-26,18,2021-03-25,18,24,10.775,100.0,11.314
DSM,2021-03-27,18,2021-03-26,18,24,10.371,99.793,11.092
DSM,2021-03-28,18,2021-03-27,18,24,9.104,5.381,20.291
DSM,2021-03-29,18,2021-03-28,18,24,16.305,1.45,37.271
DSM,2021-03-30,18,2021-03-29,18,24,9.028,93.061,28.22
DSM,2021-03-31,18,2021-03-30,18,24,4.604,4.859,30.66
DSM,2021-04-01,18,2021-03-31,18,24,5.334,0.0,4.121
DSM,2021-04-02,18,2021-04-01,18,24,11.475,0.0,33.644
DSM,2021-04-03,18,2021-04-02,18,24,17.411,0.0,13.966
DSM,2021-04-04,18,2021-04-03,18,24,22.37,12.934,21.209
DSM,2021-04-05,18,2021-04-04,18,24,21.8,76.721,25.571
DSM,2021-04-06,18,2021-04-05,18,24,18.75,100.0,18.549
DSM,2021-04-07,18,2021-04-06,18,24,20.682,54.401,25.957
DSM,2021-04-08,18,2021-04-07,18,24,11.244,100.0,10.609
DSM,2021-04-09,18,2021-04-08,18,24,14.522,89.451,22.733
DSM,2021-04-10,18,2021-04-09,18,24,9.902,100.0,30.003
DSM,2021-04-11,18,2021-04-10,18,24,14.651,0.0,21.788
DSM,2021-04-12,18,2021-04-11,18,24,12.178,0.0,28.851
DSM,2021-04-13,18,2021-04-12,18,24,9.467,62.606,30.621
DSM,2021-04-14,18,2021-04-13,18,24,7.804,77.679,23.577
DSM,2021-04-15,18,2021-04-14,18,24,7.654,99.956,13.384
DSM,2021-04-16,18,2021-04-15,18,24,9.39,100.0,10.877
DSM,2021-04-17,18,2021-04-16,18,24,13.238,85.446,17.426
DSM,2021-04-18,18,2021-04-17,18,24,13.422,85.489,15.026
DSM,2021-04-19,18,2021-04-18,18,24,2.844,100.0,20.367
DSM,2021-04-20,18,2021-04-19,18,24,5.623,100.0,18.791
DSM,2021-04-21,18,2021-04-20,18,24,5.389,99.752,18.817
DSM,2021-04-22,18,2021-04-21,18,24,11.905,0.0,16.301
DSM,2021-04-23,18,2021-04-22,18,24,7.605,100.0,15.977
DSM,2021-04-24,18,2021-04-23,18,24,12.689,5.177,23.219
DSM,2021-04-25,18,2021-04-24,18,24,12.103,14.512,29.158
DSM,2021-04-26,18,2021-04-25,18,24,20.098,100.0,28.471
DSM,2021-04-27,18,2021-04-26,18,24,24.789,74.142,13.635
DSM,2021-04-28,18,2021-04-27,18,24,17.0,96.859,12.501
DSM,2021-04-29,18,2021-04-28,18,24,19.997,38.761,24.45
DSM,2021-04-30,18,2021-04-29,18,24,16.89,94.29,7.873
DSM,2021-05-01,18,2021-04-30,18,24,24.706,18.538,39.387
DSM,2021-05-02,18,2021-05-01,18,24,23.54,96.598,28.599
DSM,2021-05-03,18,2021-05-02,18,24,15.266,100.0,27.707
DSM,2021-05-04,18,2021-05-03,18,24,13.022,4.144,26.729
DSM,2021-05-05,18,2021-05-04,18,24,15.533,88.515,11.237
DSM,2021-05-06,18,2021-05-05,18,24,14.394,94.832,19.38
DSM,2021-05-07,18,2021-05-06,18,24,15.606,0.0,17.16
DSM,2021-05-08,18,2021-05-07,18,24,8.844,100.0,27.781
DSM,2021-05-09,18,2021-05-08,18,24,12.228,9.405,22.672
DSM,2021-05-10,18,2021-05-09,18,24,15.626,92.639,14.505
DSM,2021-05-11,18,2021-05-10,18,24,12.29,100.0,17.235
DSM,2021-05-12,18,2021-05-11,18,24,14.307,63.518,11.217
DSM,2021-05-13,18,2021-05-12,18,24,15.881,5.0,19.875
DSM,2021-05-14,18,2021-05-13,18,24,10.844,100.0,19.413
DSM,2021-05-15,18,2021-05-14,18,24,14.742,93.439,8.522
DSM,2021-05-16,18,2021-05-15,18,24,18.048,100.0,11.528
DSM,2021-05-17,18,2021-05-16,18,24,16.53,100.0,22.982
DSM,2021-05-18,18,2021-05-17,18,24,16.304,100.0,8.339
DSM,2021-05-19,18,2021-05-18,18,24,20.656,99.894,19.698
DSM,2021-05-20,18,2021-05-19,18,24,21.232,100.0,24.246
DSM,2021-05-21,18,2021-05-20,18,24,20.507,92.46,23.835
DSM,2021-05-22,18,2021-05-21,18,24,23.199,99.978,22.846
DSM,2021-05-23,18,2021-05-22,18,24,25.057,100.0,20.284
DSM,2021-05-24,18,2021-05-23,18,24,25.199,85.529,26.372
DSM,2021-05-25,18,2021-05-24,18,24,22.229,97.684,25.662
DSM,2021-05-26,18,2021-05-25,18,24,21.846,0.0,13.291
DSM,2021-05-27,18,2021-05-26,18,24,21.931,99.647,21.483
DSM,2021-05-28,18,2021-05-27,18,24,5.351,100.0,22.161
DSM,2021-05-29,18,2021-05-28,18,24,14.195,5.0,13.641
DSM,2021-05-30,18,2021-05-29,18,24,14.69,100.0,3.848
DSM,2021-05-31,18,2021-05-30,18,24,17.427,100.0,10.009
DSM,2021-06-01,18,2021-05-31,18,24,21.313,100.0,7.878
DSM,2021-06-02,18,2021-06-01,18,24,22.828,4.453,5.861
DSM,2021-06-03,18,2021-06-02,18,24,24.88,15.523,13.048
DSM,2021-06-04,18,2021-06-03,18,24,27.229,5.0,18.718
DSM,2021-06-05,18,2021-06-04,18,24,27.552,0.966,26.827
DSM,2021-06-06,18,2021-06-05,18,24,25.666,96.583,27.538
DSM,2021-06-07,18,2021-06-06,18,24,27.547,99.628,19.006
DSM,2021-06-08,18,2021-06-07,18,24,28.131,33.993,12.625
DSM,2021-06-09,18,2021-06-08,18,24,28.165,98.277,10.818
DSM,2021-06-10,18,2021-06-09,18,24,30.106,6.252,6.746
DSM,2021-06-11,18,2021-06-10,18,24,26.731,100.0,18.909
DSM,2021-06-12,18,2021-06-11,18,24,25.865,0.0,20.214
DSM,2021-06-13,18,2021-06-12,18,24,27.958,7.187,7.812
DSM,2021-06-14,18,2021-06-13,18,24,26.193,100.0,9.645
DSM,2021-06-15,18,2021-06-14,18,24,27.069,0.0,8.991
DSM,2021-06-16,18,2021-06-15,18,24,26.336,3.911,17.953
DSM,2021-06-17,18,2021-06-16,18,24,30.047,6.828,23.558
DSM,2021-06-18,18,2021-06-17,18,24,28.076,43.408,8.252
DSM,2021-06-19,18,2021-06-18,18,24,26.846,4.017,14.241
DSM,2021-06-20,18,2021-06-19,18,24,25.953,84.539,20.216
DSM,2021-06-21,18,2021-06-20,18,24,18.036,16.267,29.035
DSM,2021-06-22,18,2021-06-21,18,24,23.14,98.219,18.339
DSM,2021-06-23,18,2021-06-22,18,24,24.932,90.586,25.718
DSM,2021-06-24,18,2021-06-23,18,24,26.181,100.0,22.375
DSM,2021-06-25,18,2021-06-24,18,24,26.703,99.698,9.532
DSM,2021-06-26,18,2021-06-25,18,24,22.975,99.399,16.908
DSM,2021-06-27,18,2021-06-26,18,24,24.561,99.664,9.816
DSM,2021-06-28,18,2021-06-27,18,24,24.774,100.0,10.56
DSM,2021-06-29,18,2021-06-28,18,24,25.917,98.823,11.596
DSM,2021-06-30,18,2021-06-29,18,24,26.33,94.77,7.026
DSM,2021-07-01,18,2021-06-30,18,24,26.467,0.0,13.577
DSM,2021-07-02,18,2021-07-01,18,24,27.281,64.745,14.277
DSM,2021-07-03,18,2021-07-02,18,24,26.333,5.0,9.628
DSM,2021-07-04,18,2021-07-03,18,24,28.057,91.459,18.648
DSM,2021-07-05,18,2021-07-04,18,24,28.892,4.803,19.509
DSM,2021-07-06,18,2021-07-05,18,24,28.766,35.352,20.441
DSM,2021-07-07,18,2021-07-06,18,24,20.14,99.25,8.419
DSM,2021-07-08,18,2021-07-07,18,24,23.266,25.996,9.035
DSM,2021-07-09,18,2021-07-08,18,24,25.247,92.286,20.246
DSM,2021-07-10,18,2021-07-09,18,24,21.672,100.0,4.61
DSM,2021-07-11,18,2021-07-10,18,24,22.738,71.857,21.939
DSM,2021-07-12,18,2021-07-11,18,24,18.352,96.116,12.893
DSM,2021-07-13,18,2021-07-12,18,24,25.604,69.385,9.79
DSM,2021-07-14,18,2021-07-13,18,24,28.402,47.596,25.208
DSM,2021-07-15,18,2021-07-14,18,24,21.658,100.0,6.905
DSM,2021-07-16,18,2021-07-15,18,24,24.728,60.654,13.109
DSM,2021-07-17,18,2021-07-16,18,24,24.336,11.81,11.928
DSM,2021-07-18,18,2021-07-17,18,24,25.229,4.844,14.223
DSM,2021-07-19,18,2021-07-18,18,24,26.217,53.831,9.036
DSM,2021-07-20,18,2021-07-19,18,24,26.686,0.0,6.397
DSM,2021-07-21,18,2021-07-20,18,24,27.315,99.186,8.231
DSM,2021-07-22,18,2021-07-21,18,24,29.206,5.0,21.793
DSM,2021-07-23,18,2021-07-22,18,24,29.465,0.017,19.771
DSM,2021-07-24,18,2021-07-23,18,24,28.332,100.0,16.04
DSM,2021-07-25,18,2021-07-24,18,24,28.367,100.0,4.322
DSM,2021-07-26,18,2021-07-25,18,24,30.499,0.0,15.936
DSM,2021-07-27,18,2021-07-26,18,24,29.543,6.201,15.458
DSM,2021-07-28,18,2021-07-27,18,24,32.256,8.589,9.308
DSM,2021-07-29,18,2021-07-28,18,24,31.701,72.187,11.187
DSM,2021-07-30,18,2021-07-29,18,24,26.868,68.127,18.134
DSM,2021-07-31,18,2021-07-30,18,24,24.132,74.952,10.095
DSM,2021-08-01,18,2021-07-31,18,24,26.454,0.0,16.998
DSM,2021-08-02,18,2021-08-01,18,24,25.276,1.142,4.886
DSM,2021-08-03,18,2021-08-02,18,24,25.079,99.796,4.431
DSM,2021-08-04,18,2021-08-03,18,24,25.05,67.932,15.728
DSM,2021-08-05,18,2021-08-04,18,24,24.726,99.994,19.699
DSM,2021-08-06,18,2021-08-05,18,24,28.238,82.431,18.615
DSM,2021-08-07,18,2021-08-06,18,24,31.146,99.895,22.442
DSM,2021-08-08,18,2021-08-07,18,24,26.711,64.692,21.815
DSM,2021-08-09,18,2021-08-08,18,24,31.121,0.0,7.333
DSM,2021-08-10,18,2021-08-09,18,24,32.041,7.799,20.388
DSM,2021-08-11,18,2021-08-10,18,24,34.41,3.87,20.549
DSM,2021-08-12,18,2021-08-11,18,24,32.522,81.683,10.495
DSM,2021-08-13,18,2021-08-12,18,24,28.209,0.156,7.306
DSM,2021-08-14,18,2021-08-13,18,24,27.84,46.075,13.129
DSM,2021-08-15,18,2021-08-14,18,24,26.941,0.26,15.526
DSM,2021-08-16,18,2021-08-15,18,24,26.266,0.0,14.271
DSM,2021-08-17,18,2021-08-16,18,24,28.537,0.165,16.72
DSM,2021-08-18,18,2021-08-17,18,24,30.401,0.0,17.218
DSM,2021-08-19,18,2021-08-18,18,24,32.239,12.344,21.599
DSM,2021-08-20,18,2021-08-19,18,24,31.587,96.17,27.053
DSM,2021-08-21,18,2021-08-20,18,24,26.174,0.0,22.268
DSM,2021-08-22,18,2021-08-21,18,24,26.311,0.0,13.833
DSM,2021-08-23,18,2021-08-22,18,24,32.491,90.293,17.256
DSM,2021-08-24,18,2021-08-23,18,24,33.757,0.517,22.264
DSM,2021-08-25,18,2021-08-24,18,24,30.428,0.0,1.219
DSM,2021-08-26,18,2021-08-25,18,24,33.082,0.0,21.382
DSM,2021-08-27,18,2021-08-26,18,24,34.606,3.203,27.955
DSM,2021-08-28,18,2021-08-27,18,24,34.101,4.46,26.766
DSM,2021-08-29,18,2021-08-28,18,24,27.498,90.039,8.94
DSM,2021-08-30,18,2021-08-29,18,24,27.892,4.779,9.019
DSM,2021-08-31,18,2021-08-30,18,24,23.515,62.661,12.341
DSM,2021-09-01,18,2021-08-31,18,24,26.032,1.439,15.506
DSM,2021-09-02,18,2021-09-01,18,24,25.27,100.0,23.651
DSM,2021-09-03,18,2021-09-02,18,24,21.771,100.0,10.864
DSM,2021-09-04,18,2021-09-03,18,24,21.161,100.0,8.87
DSM,2021-09-05,18,2021-09-04,18,24,26.847,0.0,14.304
DSM,2021-09-06,18,2021-09-05,18,24,27.517,0.0,8.593
DSM,2021-09-07,18,2021-09-06,18,24,28.213,44.147,26.634
DSM,2021-09-08,18,2021-09-07,18,24,26.292,0.0,26.29
DSM,2021-09-09,18,2021-09-08,18,24,25.297,0.0,7.703
DSM,2021-09-10,18,2021-09-09,18,24,28.647,76.806,20.662
DSM,2021-09-11,18,2021-09-10,18,24,34.109,94.795,24.977
DSM,2021-09-12,18,2021-09-11,18,24,29.212,100.0,10.633
DSM,2021-09-13,18,2021-09-12,18,24,31.7,100.0,22.915
DSM,2021-09-14,18,2021-09-13,18,24,26.99,8.86,17.146
DSM,2021-09-15,18,2021-09-14,18,24,25.839,2.6,11.231
DSM,2021-09-16,18,2021-09-15,18,24,29.933,5.0,28.451
DSM,2021-09-17,18,2021-09-16,18,24,28.836,98.635,20.21
DSM,2021-09-18,18,2021-09-17,18,24,28.131,0.0,14.33
DSM,2021-09-19,18,2021-09-18,18,24,31.941,0.0,27.481
DSM,2021-09-20,18,2021-09-19,18,24,27.161,33.63,25.169
DSM,2021-09-21,18,2021-09-20,18,24,22.66,0.758,27.434
DSM,2021-09-22,18,2021-09-21,18,24,20.271,2.765,11.197
DSM,2021-09-23,18,2021-09-22,18,24,22.72,0.0,6.782
DSM,2021-09-24,18,2021-09-23,18,24,20.447,100.0,23.197
DSM,2021-09-25,18,2021-09-24,18,24,23.28,0.0,20.112
DSM,2021-09-26,18,2021-09-25,18,24,29.964,20.389,24.353
DSM,2021-09-27,18,2021-09-26,18,24,31.768,0.0,11.818
DSM,2021-09-28,18,2021-09-27,18,24,29.785,4.906,21.126
DSM,2021-09-29,18,2021-09-28,18,24,30.227,100.0,25.459
DSM,2021-09-30,18,2021-09-29,18,24,28.262,96.865,13.065
DSM,2021-10-01,18,2021-09-30,18,24,24.145,100.0,22.165
DSM,2021-10-02,18,2021-10-01,18,24,24.794,19.933,13.117
DSM,2021-10-03,18,2021-10-02,18,24,21.784,26.725,16.13
DSM,2021-10-04,18,2021-10-03,18,24,23.327,0.0,15.531
DSM,2021-10-05,18,2021-10-04,18,24,22.058,100.0,14.025
DSM,2021-10-06,18,2021-10-05,18,24,22.021,70.129,9.924
DSM,2021-10-07,18,2021-10-06,18,24,23.476,84.013,7.078
DSM,2021-10-08,18,2021-10-07,18,24,26.488,0.0,10.902
DSM,2021-10-09,18,2021-10-08,18,24,25.28,100.0,24.901
DSM,2021-10-10,18,2021-10-09,18,24,24.182,100.0,14.055
DSM,2021-10-11,18,2021-10-10,18,24,13.665,100.0,16.082
DSM,2021-10-12,18,2021-10-11,18,24,21.13,0.0,6.972
DSM,2021-10-13,18,2021-10-12,18,24,18.514,100.0,30.998
DSM,2021-10-14,18,2021-10-13,18,24,18.145,0.081,12.315
DSM,2021-10-15,18,2021-10-14,18,24,15.862,45.669,21.153
DSM,2021-10-16,18,2021-10-15,18,24,15.057,0.0,20.882
DSM,2021-10-17,18,2021-10-16,18,24,19.144,0.0,9.457
DSM,2021-10-18,18,2021-10-17,18,24,22.394,0.0,20.899
DSM,2021-10-19,18,2021-10-18,18,24,22.16,2.855,26.82
DSM,2021-10-20,18,2021-10-19,18,24,21.458,4.611,27.783
DSM,2021-10-21,18,2021-10-20,18,24,10.548,87.576,25.356
DSM,2021-10-22,18,2021-10-21,18,24,11.346,98.159,6.411
DSM,2021-10-23,18,2021-10-22,18,24,12.45,5.0,17.569
DSM,2021-10-24,18,2021-10-23,18,24,7.607,100.0,23.658
DSM,2021-10-25,18,2021-10-24,18,24,9.998,1.784,15.267
DSM,2021-10-26,18,2021-10-25,18,24,12.731,5.0,28.652
DSM,2021-10-27,18,2021-10-26,18,24,10.373,100.0,25.451
DSM,2021-10-28,18,2021-10-27,18,24,7.357,100.0,16.913
DSM,2021-10-29,18,2021-10-28,18,24,9.857,100.0,27.747
DSM,2021-10-30,18,2021-10-29,18,24,13.421,0.0,9.024
DSM,2021-10-31,18,2021-10-30,18,24,9.857,1.207,25.534
DSM,2021-11-01,18,2021-10-31,18,24,6.866,100.0,13.31
DSM,2021-11-02,18,2021-11-01,18,24,7.037,4.627,12.064
DSM,2021-11-03,18,2021-11-02,18,24,7.984,11.411,10.572
DSM,2021-11-04,18,2021-11-03,18,24,9.87,5.0,20.593
DSM,2021-11-05,18,2021-11-04,18,24,11.704,100.0,31.071
DSM,2021-11-06,18,2021-11-05,18,24,15.463,4.052,19.113
DSM,2021-11-07,18,2021-11-06,18,24,16.483,100.0,27.096
DSM,2021-11-08,18,2021-11-07,18,24,16.949,28.519,2.93
DSM,2021-11-09,18,2021-11-08,18,24,14.033,100.0,15.282
DSM,2021-11-10,18,2021-11-09,18,24,10.464,100.0,20.244
DSM,2021-11-11,18,2021-11-10,18,24,9.412,65.105,32.019
DSM,2021-11-12,18,2021-11-11,18,24,1.586,100.0,37.661
DSM,2021-11-13,18,2021-11-12,18,24,3.292,35.114,13.401
DSM,2021-11-14,18,2021-11-13,18,24,2.389,100.0,24.525
DSM,2021-11-15,18,2021-11-14,18,24,8.947,50.698,5.686
DSM,2021-11-16,18,2021-11-15,18,24,13.386,96.661,26.157
DSM,2021-11-17,18,2021-11-16,18,24,8.466,99.919,24.869
DSM,2021-11-18,18,2021-11-17,18,24,3.275,0.11,29.297
DSM,2021-11-19,18,2021-11-18,18,24,6.109,100.0,31.73
DSM,2021-11-20,18,2021-11-19,18,24,9.809,99.752,6.549
DSM,2021-11-21,18,2021-11-20,18,24,9.856,1.451,25.215
DSM,2021-11-22,18,2021-11-21,18,24,2.905,84.55,7.879
DSM,2021-11-23,18,2021-11-22,18,24,10.037,0.268,26.551
DSM,2021-11-24,18,2021-11-23,18,24,12.813,100.0,20.317
DSM,2021-11-25,18,2021-11-24,18,24,-0.916,0.0,25.282
DSM,2021-11-26,18,2021-11-25,18,24,5.281,62.995,17.803
DSM,2021-11-27,18,2021-11-26,18,24,12.857,0.0,29.898
DSM,2021-11-28,18,2021-11-27,18,24,6.019,91.765,13.242
DSM,2021-11-29,18,2021-11-28,18,24,12.087,92.854,17.498
DSM,2021-11-30,18,2021-11-29,18,24,11.485,0.0,8.995
DSM,2021-12-01,18,2021-11-30,18,24,13.007,86.962,16.096
DSM,2021-12-02,18,2021-12-01,18,24,14.114,19.007,14.76
DSM,2021-12-03,18,2021-12-02,18,24,11.506,2.48,9.607
DSM,2021-12-04,18,2021-12-03,18,24,5.578,98.344,13.286
DSM,2021-12-05,18,2021-12-04,18,24,10.835,100.0,21.995
DSM,2021-12-06,18,2021-12-05,18,24,-4.199,0.268,32.628
DSM,2021-12-07,18,2021-12-06,18,24,1.013,23.039,26.369
DSM,2021-12-08,18,2021-12-07,18,24,-0.193,25.773,7.742
DSM,2021-12-09,18,2021-12-08,18,24,9.964,79.27,16.837
DSM,2021-12-10,18,2021-12-09,18,24,5.876,100.0,27.926
DSM,2021-12-11,18,2021-12-10,18,24,2.902,0.0,26.206
DSM,2021-12-12,18,2021-12-11,18,24,8.526,5.0,30.858
DSM,2021-12-13,18,2021-12-12,18,24,9.492,100.0,9.398
DSM,2021-12-14,18,2021-12-13,18,24,12.64,99.297,22.381
DSM,2021-12-15,18,2021-12-14,18,24,20.408,100.0,37.852
DSM,2021-12-16,18,2021-12-15,18,24,3.718,0.0,28.774
DSM,2021-12-17,18,2021-12-16,18,24,3.038,98.346,20.707
DSM,2021-12-18,18,2021-12-17,18,24,0.112,0.0,21.841
DSM,2021-12-19,18,2021-12-18,18,24,0.589,42.567,23.214
DSM,2021-12-20,18,2021-12-19,18,24,2.444,6.375,18.559
DSM,2021-12-21,18,2021-12-20,18,24,4.014,7.775,29.14
DSM,2021-12-22,18,2021-12-21,18,24,3.126,4.65,23.322
DSM,2021-12-23,18,2021-12-22,18,24,8.748,99.917,15.08
DSM,2021-12-24,18,2021-12-23,18,24,11.589,88.39,12.867
DSM,2021-12-25,18,2021-12-24,18,24,5.688,0.26,3.238
DSM,2021-12-26,18,2021-12-25,18,24,5.307,100.0,27.55
DSM,2021-12-27,18,2021-12-26,18,24,3.898,100.0,27.216
DSM,2021-12-28,18,2021-12-27,18,24,0.092,100.0,13.568
DSM,2021-12-29,18,2021-12-28,18,24,-6.367,100.0,14.875
DSM,2021-12-30,18,2021-12-29,18,24,-0.737,5.0,15.936
DSM,2021-12-31,18,2021-12-30,18,24,2.208,1.136,15.985
DSM,2022-01-01,18,2021-12-31,18,24,-13.104,100.0,29.641
DSM,2022-01-02,18,2022-01-01,18,24,-11.576,0.0,9.013
DSM,2022-01-03,18,2022-01-02,18,24,-2.397,5.0,18.842
DSM,2022-01-04,18,2022-01-03,18,24,0.398,100.0,26.577
DSM,2022-01-05,18,2022-01-04,18,24,-11.224,93.96,34.094
DSM,2022-01-06,18,2022-01-05,18,24,-13.895,1.224,25.233
DSM,2022-01-07,18,2022-01-06,18,24,-12.207,85.371,13.543
DSM,2022-01-08,18,2022-01-07,18,24,-0.879,99.762,24.312
DSM,2022-01-09,18,2022-01-08,18,24,-6.693,0.0,18.142
DSM,2022-01-10,18,2022-01-09,18,24,-7.021,5.474,9.007
DSM,2022-01-11,18,2022-01-10,18,24,4.104,20.481,28.19
DSM,2022-01-12,18,2022-01-11,18,24,6.681,92.268,15.64
DSM,2022-01-13,18,2022-01-12,18,24,6.905,0.0,19.252
DSM,2022-01-14,18,2022-01-13,18,24,0.151,100.0,17.145
DSM,2022-01-15,18,2022-01-14,18,24,-9.545,97.044,16.712
DSM,2022-01-16,18,2022-01-15,18,24,-4.307,100.0,18.728
DSM,2022-01-17,18,2022-01-16,18,24,-1.425,72.931,10.794
DSM,2022-01-18,18,2022-01-17,18,24,2.622,99.859,16.703
DSM,2022-01-19,18,2022-01-18,18,24,-11.448,98.996,29.856
DSM,2022-01-20,18,2022-01-19,18,24,-14.668,5.0,11.381
DSM,2022-01-21,18,2022-01-20,18,24,-10.212,6.507,20.387
DSM,2022-01-22,18,2022-01-21,18,24,-4.579,5.0,19.201
DSM,2022-01-23,18,2022-01-22,18,24,-10.574,100.0,10.708
DSM,2022-01-24,18,2022-01-23,18,24,-2.683,86.575,27.57
DSM,2022-01-25,18,2022-01-24,18,24,-14.175,4.829,14.21
DSM,2022-01-26,18,2022-01-25,18,24,-8.136,5.0,22.234
DSM,2022-01-27,18,2022-01-26,18,24,-1.822,55.922,25.821
DSM,2022-01-28,18,2022-01-27,18,24,-10.952,6.039,8.389
DSM,2022-01-29,18,2022-01-28,18,24,-1.369,22.796,12.388
DSM,2022-01-30,18,2022-01-29,18,24,-5.214,100.0,8.796
DSM,2022-01-31,18,2022-01-30,18,24,1.743,100.0,17.323
DSM,2022-02-01,18,2022-01-31,18,24,-0.081,99.862,24.264
DSM,2022-02-02,18,2022-02-01,18,24,-11.541,100.0,26.156
DSM,2022-02-03,18,2022-02-02,18,24,-13.004,7.437,21.802
DSM,2022-02-04,18,2022-02-03,18,24,-6.947,42.042,23.852
DSM,2022-02-05,18,2022-02-04,18,24,-4.137,4.868,31.164
DSM,2022-02-06,18,2022-02-05,18,24,0.579,22.23,25.507
DSM,2022-02-07,18,2022-02-06,18,24,1.78,5.0,12.274
DSM,2022-02-08,18,2022-02-07,18,24,6.549,100.0,16.777
DSM,2022-02-09,18,2022-02-08,18,24,4.635,11.01,27.117
DSM,2022-02-10,18,2022-02-09,18,24,2.375,100.0,14.938
DSM,2022-02-11,18,2022-02-10,18,24,1.476,36.773,33.356
DSM,2022-02-12,18,2022-02-11,18,24,-9.979,5.0,11.93
DSM,2022-02-13,18,2022-02-12,18,24,-10.355,2.127,16.59
DSM,2022-02-14,18,2022-02-13,18,24,-3.475,7.758,18.086
DSM,2022-02-15,18,2022-02-14,18,24,3.702,100.0,27.038
DSM,2022-02-16,18,2022-02-15,18,24,1.734,100.0,23.107
DSM,2022-02-17,18,2022-02-16,18,24,-9.985,100.0,29.643
DSM,2022-02-18,18,2022-02-17,18,24,3.322,4.959,32.751
DSM,2022-02-19,18,2022-02-18,18,24,-4.696,0.0,11.041
DSM,2022-02-20,18,2022-02-19,18,24,11.305,16.874,26.5
DSM,2022-02-21,18,2022-02-20,18,24,10.099,48.87,19.059
DSM,2022-02-22,18,2022-02-21,18,24,-6.523,100.0,31.046
DSM,2022-02-23,18,2022-02-22,18,24,-10.732,83.837,17.133
DSM,2022-02-24,18,2022-02-23,18,24,-5.94,100.0,12.157
DSM,2022-02-25,18,2022-02-24,18,24,-6.826,100.0,10.983
DSM,2022-02-26,18,2022-02-25,18,24,-0.962,0.0,21.742
DSM,2022-02-27,18,2022-02-26,18,24,3.191,4.752,11.701
DSM,2022-02-28,18,2022-02-27,18,24,8.006,26.8,10.606
DSM,2022-03-01,18,2022-02-28,18,24,10.887,6.951,15.002
DSM,2022-03-02,18,2022-03-01,18,24,16.659,11.711,13.3
DSM,2022-03-03,18,2022-03-02,18,24,2.858,77.965,15.729
DSM,2022-03-04,18,2022-03-03,18,24,8.596,100.0,26.483
DSM,2022-03-05,18,2022-03-04,18,24,14.283,100.0,27.244
DSM,2022-03-06,18,2022-03-05,18,24,3.952,5.0,17.954
DSM,2022-03-07,18,2022-03-06,18,24,-1.828,70.584,24.236
DSM,2022-03-08,18,2022-03-07,18,24,2.311,4.672,22.704
DSM,2022-03-09,18,2022-03-08,18,24,-0.93,100.0,21.632
DSM,2022-03-10,18,2022-03-09,18,24,-4.508,100.0,9.487
DSM,2022-03-11,18,2022-03-10,18,24,-4.495,0.248,35.03
DSM,2022-03-12,18,2022-03-11,18,24,-4.457,5.044,12.017
DSM,2022-03-13,18,2022-03-12,18,24,11.197,20.275,10.319
DSM,2022-03-14,18,2022-03-13,18,24,11.642,100.0,16.295
DSM,2022-03-15,18,2022-03-14,18,24,10.441,6.684,6.113
DSM,2022-03-16,18,2022-03-15,18,24,17.823,29.996,28.035
DSM,2022-03-17,18,2022-03-16,18,24,8.293,100.0,25.082
DSM,2022-03-18,18,2022-03-17,18,24,0.915,100.0,34.35
DSM,2022-03-19,18,2022-03-18,18,24,8.634,0.0,18.256
DSM,2022-03-20,18,2022-03-19,18,24,16.376,100.0,17.054
DSM,2022-03-21,18,2022-03-20,18,24,19.39,99.95,32.71
DSM,2022-03-22,18,2022-03-21,18,24,11.845,100.0,16.461
DSM,2022-03-23,18,2022-03-22,18,24,4.199,100.0,32.541
DSM,2022-03-24,18,2022-03-23,18,24,4.072,100.0,20.181
DSM,2022-03-25,18,2022-03-24,18,24,8.813,1.59,38.394
DSM,2022-03-26,18,2022-03-25,18,24,3.777,40.464,26.523
DSM,2022-03-27,18,2022-03-26,18,24,2.538,50.772,11.234
DSM,2022-03-28,18,2022-03-27,18,24,5.06,96.034,21.805
DSM,2022-03-29,18,2022-03-28,18,24,7.49,100.0,30.513
DSM,2022-03-30,18,2022-03-29,18,24,4.819,100.0,23.215
DSM,2022-03-31,18,2022-03-30,18,24,2.111,99.621,25.291
DSM,2022-04-01,18,2022-03-31,18,24,6.909,46.705,9.64
DSM,2022-04-02,18,2022-04-01,18,24,11.69,5.0,25.321
DSM,2022-04-03,18,2022-04-02,18,24,11.672,100.0,20.456
DSM,2022-04-04,18,2022-04-03,18,24,9.007,69.551,14.169
DSM,2022-04-05,18,2022-04-04,18,24,9.764,100.0,21.513
DSM,2022-04-06,18,2022-04-05,18,24,8.495,99.391,38.062
DSM,2022-04-07,18,2022-04-06,18,24,5.098,100.0,37.8
DSM,2022-04-08,18,2022-04-07,18,24,2.988,100.0,31.401
DSM,2022-04-09,18,2022-04-08,18,24,9.896,6.245,4.443
DSM,2022-04-10,18,2022-04-09,18,24,15.694,98.581,30.146
DSM,2022-04-11,18,2022-04-10,18,24,13.559,56.235,11.026
DSM,2022-04-12,18,2022-04-11,18,24,17.358,100.0,34.702
DSM,2022-04-13,18,2022-04-12,18,24,3.985,100.0,31.852
DSM,2022-04-14,18,2022-04-13,18,24,6.898,94.483,44.68
DSM,2022-04-15,18,2022-04-14,18,24,7.479,94.627,16.623
DSM,2022-04-16,18,2022-04-15,18,24,7.14,0.937,24.568
DSM,2022-04-17,18,2022-04-16,18,24,4.912,100.0,18.736
DSM,2022-04-18,18,2022-04-17,18,24,5.76,4.859,33.96
DSM,2022-04-19,18,2022-04-18,18,24,8.158,99.959,12.234
DSM,2022-04-20,18,2022-04-19,18,24,8.168,100.0,30.786
DSM,2022-04-21,18,2022-04-20,18,24,18.682,99.906,8.969
DSM,2022-04-22,18,2022-04-21,18,24,18.468,100.0,31.229
DSM,2022-04-23,18,2022-04-22,18,24,20.393,63.576,39.515
DSM,2022-04-24,18,2022-04-23,18,24,14.139,5.0,36.032
DSM,2022-04-25,18,2022-04-24,18,24,8.131,62.629,28.474
DSM,2022-04-26,18,2022-04-25,18,24,10.385,5.0,11.766
DSM,2022-04-27,18,2022-04-26,18,24,17.46,100.0,17.754
DSM,2022-04-28,18,2022-04-27,18,24,12.49,100.0,20.483
DSM,2022-04-29,18,2022-04-28,18,24,12.945,100.0,29.712
DSM,2022-04-30,18,2022-04-29,18,24,12.031,100.0,34.758
DSM,2022-05-01,18,2022-04-30,18,24,9.387,100.0,29.134
DSM,2022-05-02,18,2022-05-01,18,24,11.688,100.0,9.396
DSM,2022-05-03,18,2022-05-02,18,24,7.432,100.0,20.017
DSM,2022-05-04,18,2022-05-03,18,24,13.278,76.087,18.015
DSM,2022-05-05,18,2022-05-04,18,24,10.328,100.0,18.842
DSM,2022-05-06,18,2022-05-05,18,24,17.005,7.947,13.411
DSM,2022-05-07,18,2022-05-06,18,24,18.038,0.0,21.91
DSM,2022-05-08,18,2022-05-07,18,24,13.297,100.0,29.001
DSM,2022-05-09,18,2022-05-08,18,24,27.147,7.901,35.204
DSM,2022-05-10,18,2022-05-09,18,24,28.664,89.592,19.993
DSM,2022-05-11,18,2022-05-10,18,24,29.741,5.144,22.045
DSM,2022-05-12,18,2022-05-11,18,24,28.887,87.84,29.152
DSM,2022-05-13,18,2022-05-12,18,24,22.42,100.0,10.808
DSM,2022-05-14,18,2022-05-13,18,24,25.777,82.212,16.206
DSM,2022-05-15,18,2022-05-14,18,24,18.494,100.0,11.371
DSM,2022-05-16,18,2022-05-15,18,24,22.544,4.859,16.88
DSM,2022-05-17,18,2022-05-16,18,24,22.141,100.0,13.267
DSM,2022-05-18,18,2022-05-17,18,24,21.221,51.701,11.772
DSM,2022-05-19,18,2022-05-18,18,24,26.24,5.0,31.252
DSM,2022-05-20,18,2022-05-19,18,24,13.674,100.0,18.97
DSM,2022-05-21,18,2022-05-20,18,24,8.797,100.0,13.254
DSM,2022-05-22,18,2022-05-21,18,24,14.647,5.0,21.57
DSM,2022-05-23,18,2022-05-22,18,24,14.609,90.64,16.329
DSM,2022-05-24,18,2022-05-23,18,24,9.421,100.0,18.949
DSM,2022-05-25,18,2022-05-24,18,24,13.675,100.0,14.036
DSM,2022-05-26,18,2022-05-25,18,24,16.818,95.867,18.445
DSM,2022-05-27,18,2022-05-26,18,24,19.988,0.0,11.709
DSM,2022-05-28,18,2022-05-27,18,24,23.09,88.401,32.389
DSM,2022-05-29,18,2022-05-28,18,24,26.08,97.891,33.797
DSM,2022-05-30,18,2022-05-29,18,24,27.522,10.944,39.044
DSM,2022-05-31,18,2022-05-30,18,24,24.989,16.323,18.677
DSM,2022-06-01,18,2022-05-31,18,24,19.381,41.524,12.432
DSM,2022-06-02,18,2022-06-01,18,24,21.186,4.956,12.174
DSM,2022-06-03,18,2022-06-02,18,24,21.809,1.231,10.398
DSM,2022-06-04,18,2022-06-03,18,24,22.863,100.0,17.032
DSM,2022-06-05,18,2022-06-04,18,24,24.281,71.438,14.314
DSM,2022-06-06,18,2022-06-05,18,24,22.636,51.933,16.329
DSM,2022-06-07,18,2022-06-06,18,24,22.896,5.353,9.157
DSM,2022-06-08,18,2022-06-07,18,24,21.787,15.885,23.238
DSM,2022-06-09,18,2022-06-08,18,24,22.061,99.214,6.909
DSM,2022-06-10,18,2022-06-09,18,24,19.17,100.0,5.557
DSM,2022-06-11,18,2022-06-10,18,24,25.797,73.42,13.266
DSM,2022-06-12,18,2022-06-11,18,24,28.886,47.345,13.617
DSM,2022-06-13,18,2022-06-12,18,24,31.05,7.558,23.463
DSM,2022-06-14,18,2022-06-13,18,24,29.947,98.147,32.409
DSM,2022-06-15,18,2022-06-14,18,24,28.766,71.528,26.383
DSM,2022-06-16,18,2022-06-15,18,24,26.677,0.0,14.469
DSM,2022-06-17,18,2022-06-16,18,24,27.374,5.298,4.008
DSM,2022-06-18,18,2022-06-17,18,24,25.287,0.0,22.241
DSM,2022-06-19,18,2022-06-18,18,24,27.627,0.313,24.575
DSM,2022-06-20,18,2022-06-19,18,24,29.105,0.0,26.149
DSM,2022-06-21,18,2022-06-20,18,24,31.012,3.488,19.279
DSM,2022-06-22,18,2022-06-21,18,24,26.515,0.0,13.849
DSM,2022-06-23,18,2022-06-22,18,24,28.046,4.64,18.883
DSM,2022-06-24,18,2022-06-23,18,24,28.467,99.367,20.991
DSM,2022-06-25,18,2022-06-24,18,24,29.112,69.592,21.748
DSM,2022-06-26,18,2022-06-25,18,24,19.913,99.481,23.505
DSM,2022-06-27,18,2022-06-26,18,24,24.227,0.976,8.691
DSM,2022-06-28,18,2022-06-27,18,24,25.719,0.041,27.263
DSM,2022-06-29,18,2022-06-28,18,24,29.343,1.133,11.952
DSM,2022-06-30,18,2022-06-29,18,24,30.097,66.126,29.101
DSM,2022-07-01,18,2022-06-30,18,24,25.379,99.899,9.029
DSM,2022-07-02,18,2022-07-01,18,24,27.437,81.774,15.947
DSM,2022-07-03,18,2022-07-02,18,24,26.91,22.973,17.839
DSM,2022-07-04,18,2022-07-03,18,24,30.068,99.578,29.2
DSM,2022-07-05,18,2022-07-04,18,24,34.604,89.469,13.752
DSM,2022-07-06,18,2022-07-05,18,24,25.022,100.0,3.594
DSM,2022-07-07,18,2022-07-06,18,24,23.223,100.0,0.741
DSM,2022-07-08,18,2022-07-07,18,24,29.116,53.27,15.841
DSM,2022-07-09,18,2022-07-08,18,24,26.197,7.905,11.605
DSM,2022-07-10,18,2022-07-09,18,24,29.034,0.0,24.512
DSM,2022-07-11,18,2022-07-10,18,24,28.472,100.0,22.547
DSM,2022-07-12,18,2022-07-11,18,24,26.429,0.0,20.765
DSM,2022-07-13,18,2022-07-12,18,24,28.12,1.528,11.379
DSM,2022-07-14,18,2022-07-13,18,24,31.141,0.353,15.662
DSM,2022-07-15,18,2022-07-14,18,24,34.676,0.0,26.948
DSM,2022-07-16,18,2022-07-15,18,24,28.857,100.0,9.38
DSM,2022-07-17,18,2022-07-16,18,24,28.444,16.073,12.498
DSM,2022-07-18,18,2022-07-17,18,24,31.478,5.0,3.362
DSM,2022-07-19,18,2022-07-18,18,24,34.634,26.296,26.142
DSM,2022-07-20,18,2022-07-19,18,24,30.039,0.0,28.055
DSM,2022-07-21,18,2022-07-20,18,24,31.615,0.0,22.002
DSM,2022-07-22,18,2022-07-21,18,24,36.608,1.619,26.412
DSM,2022-07-23,18,2022-07-22,18,24,39.652,5.0,31.964
DSM,2022-07-24,18,2022-07-23,18,24,30.519,82.469,22.025
DSM,2022-07-25,18,2022-07-24,18,24,17.734,100.0,9.577
DSM,2022-07-26,18,2022-07-25,18,24,28.822,100.0,10.57
DSM,2022-07-27,18,2022-07-26,18,24,31.3,0.0,18.074
DSM,2022-07-28,18,2022-07-27,18,24,28.328,20.593,17.599
DSM,2022-07-29,18,2022-07-28,18,24,28.962,12.844,15.121
DSM,2022-07-30,18,2022-07-29,18,24,31.628,0.0,11.205
DSM,2022-07-31,18,2022-07-30,18,24,32.763,0.0,18.878
DSM,2022-08-01,18,2022-07-31,18,24,34.111,2.323,18.769
DSM,2022-08-02,18,2022-08-01,18,24,38.031,0.455,20.947
DSM,2022-08-03,18,2022-08-02,18,24,27.751,60.361,5.021
DSM,2022-08-04,18,2022-08-03,18,24,33.699,0.0,12.168
DSM,2022-08-05,18,2022-08-04,18,24,37.01,0.0,14.194
DSM,2022-08-06,18,2022-08-05,18,24,39.977,100.0,21.309
DSM,2022-08-07,18,2022-08-06,18,24,38.383,77.449,20.271
DSM,2022-08-08,18,2022-08-07,18,24,30.162,4.859,17.234
DSM,2022-08-09,18,2022-08-08,18,24,30.305,0.0,8.038
DSM,2022-08-10,18,2022-08-09,18,24,35.205,0.0,5.109
DSM,2022-08-11,18,2022-08-10,18,24,35.215,83.665,2.531
DSM,2022-08-12,18,2022-08-11,18,24,30.597,33.586,21.752
DSM,2022-08-13,18,2022-08-12,18,24,35.482,99.393,21.365
DSM,2022-08-14,18,2022-08-13,18,24,32.446,90.359,13.98
DSM,2022-08-15,18,2022-08-14,18,24,24.047,100.0,14.701
DSM,2022-08-16,18,2022-08-15,18,24,24.184,38.307,12.869
DSM,2022-08-17,18,2022-08-16,18,24,28.167,0.0,8.744
DSM,2022-08-18,18,2022-08-17,18,24,31.146,12.185,10.335
DSM,2022-08-19,18,2022-08-18,18,24,30.363,0.0,13.663
DSM,2022-08-20,18,2022-08-19,18,24,20.776,60.47,14.385
DSM,2022-08-21,18,2022-08-20,18,24,28.507,0.0,12.599
DSM,2022-08-22,18,2022-08-21,18,24,28.853,0.317,3.578
DSM,2022-08-23,18,2022-08-22,18,24,29.94,4.405,5.445
DSM,2022-08-24,18,2022-08-23,18,24,31.037,64.987,9.698
DSM,2022-08-25,18,2022-08-24,18,24,31.427,2.567,10.788
DSM,2022-08-26,18,2022-08-25,18,24,28.823,97.353,13.826
DSM,2022-08-27,18,2022-08-26,18,24,33.115,100.0,19.893
DSM,2022-08-28,18,2022-08-27,18,24,29.859,74.921,32.815
DSM,2022-08-29,18,2022-08-28,18,24,29.18,98.387,16.909
DSM,2022-08-30,18,2022-08-29,18,24,28.019,4.349,19.136
DSM,2022-08-31,18,2022-08-30,18,24,30.942,0.0,11.656
DSM,2022-09-01,18,2022-08-31,18,24,29.691,100.0,19.602
DSM,2022-09-02,18,2022-09-01,18,24,33.236,0.0,22.29
DSM,2022-09-03,18,2022-09-02,18,24,27.083,1.766,19.86
DSM,2022-09-04,18,2022-09-03,18,24,23.853,57.896,13.685
DSM,2022-09-05,18,2022-09-04,18,24,26.42,16.732,8.901
DSM,2022-09-06,18,2022-09-05,18,24,29.656,0.0,8.442
DSM,2022-09-07,18,2022-09-06,18,24,29.989,0.0,8.305
DSM,2022-09-08,18,2022-09-07,18,24,32.228,0.0,16.327
DSM,2022-09-09,18,2022-09-08,18,24,32.224,7.849,19.328
DSM,2022-09-10,18,2022-09-09,18,24,14.955,100.0,21.163
DSM,2022-09-11,18,2022-09-10,18,24,23.226,13.492,16.206
DSM,2022-09-12,18,2022-09-11,18,24,23.524,1.406,15.926
DSM,2022-09-13,18,2022-09-12,18,24,26.716,5.0,6.642
DSM,2022-09-14,18,2022-09-13,18,24,30.214,96.794,14.72
DSM,2022-09-15,18,2022-09-14,18,24,30.199,100.0,25.88
DSM,2022-09-16,18,2022-09-15,18,24,26.54,100.0,15.838
DSM,2022-09-17,18,2022-09-16,18,24,21.059,100.0,22.165
DSM,2022-09-18,18,2022-09-17,18,24,28.703,73.496,11.291
DSM,2022-09-19,18,2022-09-18,18,24,27.586,18.879,15.202
DSM,2022-09-20,18,2022-09-19,18,24,34.191,0.0,24.037
DSM,2022-09-21,18,2022-09-20,18,24,23.67,99.959,21.856
DSM,2022-09-22,18,2022-09-21,18,24,17.916,99.54,11.779
DSM,2022-09-23,18,2022-09-22,18,24,14.87,100.0,23.989
DSM,2022-09-24,18,2022-09-23,18,24,27.074,12.381,25.254
DSM,2022-09-25,18,2022-09-24,18,24,23.715,0.0,30.433
DSM,2022-09-26,18,2022-09-25,18,24,20.368,22.042,26.561
DSM,2022-09-27,18,2022-09-26,18,24,19.792,4.859,14.386
DSM,2022-09-28,18,2022-09-27,18,24,16.316,0.0,12.607
DSM,2022-09-29,18,2022-09-28,18,24,19.27,5.0,20.414
DSM,2022-09-30,18,2022-09-29,18,24,21.691,20.952,18.826
DSM,2022-10-01,18,2022-09-30,18,24,22.67,5.0,14.129
DSM,2022-10-02,18,2022-10-01,18,24,23.266,5.0,11.395
DSM,2022-10-03,18,2022-10-02,18,24,24.03,75.492,17.347
DSM,2022-10-04,18,2022-10-03,18,24,23.326,100.0,16.583
DSM,2022-10-05,18,2022-10-04,18,24,22.852,76.116,10.893
DSM,2022-10-06,18,2022-10-05,18,24,22.178,31.561,24.587
DSM,2022-10-07,18,2022-10-06,18,24,11.853,2.622,18.599
DSM,2022-10-08,18,2022-10-07,18,24,15.305,0.0,16.735
DSM,2022-10-09,18,2022-10-08,18,24,21.907,0.0,13.706
DSM,2022-10-10,18,2022-10-09,18,24,23.407,5.972,9.529
DSM,2022-10-11,18,2022-10-10,18,24,25.672,2.304,34.772
DSM,2022-10-12,18,2022-10-11,18,24,20.007,0.0,29.988
DSM,2022-10-13,18,2022-10-12,18,24,12.194,9.729,36.086
DSM,2022-10-14,18,2022-10-13,18,24,14.75,100.0,33.142
DSM,2022-10-15,18,2022-10-14,18,24,17.078,6.406,24.886
DSM,2022-10-16,18,2022-10-15,18,24,13.627,1.672,26.956
DSM,2022-10-17,18,2022-10-16,18,24,4.335,0.0,30.381
DSM,2022-10-18,18,2022-10-17,18,24,4.864,0.0,22.539
DSM,2022-10-19,18,2022-10-18,18,24,7.623,100.0,14.747
DSM,2022-10-20,18,2022-10-19,18,24,17.807,99.793,15.335
DSM,2022-10-21,18,2022-10-20,18,24,24.817,0.851,20.584
DSM,2022-10-22,18,2022-10-21,18,24,26.346,0.0,31.287
DSM,2022-10-23,18,2022-10-22,18,24,26.968,95.41,35.815
DSM,2022-10-24,18,2022-10-23,18,24,12.117,100.0,18.975
DSM,2022-10-25,18,2022-10-24,18,24,9.863,97.813,20.063
DSM,2022-10-26,18,2022-10-25,18,24,12.342,50.391,9.018
DSM,2022-10-27,18,2022-10-26,18,24,13.265,100.0,25.116
DSM,2022-10-28,18,2022-10-27,18,24,14.677,1.872,10.004
DSM,2022-10-29,18,2022-10-28,18,24,16.509,0.0,8.439
DSM,2022-10-30,18,2022-10-29,18,24,16.698,100.0,4.133
DSM,2022-10-31,18,2022-10-30,18,24,17.564,4.407,10.244
DSM,2022-11-01,18,2022-10-31,18,24,21.192,0.0,18.897
DSM,2022-11-02,18,2022-11-01,18,24,22.179,94.082,31.547
DSM,2022-11-03,18,2022-11-02,18,24,21.147,100.0,36.809
DSM,2022-11-04,18,2022-11-03,18,24,8.96,100.0,16.019
DSM,2022-11-05,18,2022-11-04,18,24,6.962,3.24,31.68
DSM,2022-11-06,18,2022-11-05,18,24,13.662,18.695,20.698
DSM,2022-11-07,18,2022-11-06,18,24,8.689,100.0,15.601
DSM,2022-11-08,18,2022-11-07,18,24,11.436,64.229,26.372
DSM,2022-11-09,18,2022-11-08,18,24,23.009,5.0,29.694
DSM,2022-11-10,18,2022-11-09,18,24,18.031,85.285,32.871
DSM,2022-11-11,18,2022-11-10,18,24,0.492,0.0,28.076
DSM,2022-11-12,18,2022-11-11,18,24,-0.649,91.253,22.066
DSM,2022-11-13,18,2022-11-12,18,24,0.908,99.978,7.904
DSM,2022-11-14,18,2022-11-13,18,24,3.255,100.0,14.811
DSM,2022-11-15,18,2022-11-14,18,24,-0.067,100.0,16.067
DSM,2022-11-16,18,2022-11-15,18,24,-3.339,99.741,23.564
DSM,2022-11-17,18,2022-11-16,18,24,-1.325,98.759,27.739
DSM,2022-11-18,18,2022-11-17,18,24,-7.259,100.0,22.992
DSM,2022-11-19,18,2022-11-18,18,24,-5.07,96.864,30.831
DSM,2022-11-20,18,2022-11-19,18,24,2.293,8.204,26.064
DSM,2022-11-21,18,2022-11-20,18,24,4.816,3.911,14.324
DSM,2022-11-22,18,2022-11-21,18,24,8.649,9.27,13.964
DSM,2022-11-23,18,2022-11-22,18,24,11.063,100.0,19.297
DSM,2022-11-24,18,2022-11-23,18,24,11.636,99.431,20.461
DSM,2022-11-25,18,2022-11-24,18,24,8.887,0.0,11.153
DSM,2022-11-26,18,2022-11-25,18,24,10.384,99.713,21.823
DSM,2022-11-27,18,2022-11-26,18,24,5.279,100.0,25.679
DSM,2022-11-28,18,2022-11-27,18,24,8.38,15.092,24.41
DSM,2022-11-29,18,2022-11-28,18,24,1.947,100.0,28.076
DSM,2022-12-01,18,2022-11-30,18,24,4.456,0.414,33.575
DSM,2022-12-02,18,2022-12-01,18,24,10.442,99.65,31.143
DSM,2022-12-03,18,2022-12-02,18,24,-3.006,0.138,18.396
DSM,2022-12-04,18,2022-12-03,18,24,4.171,2.003,9.389
DSM,2022-12-05,18,2022-12-04,18,24,6.739,100.0,12.946
DSM,2022-12-06,18,2022-12-05,18,24,2.605,100.0,5.978
DSM,2022-12-07,18,2022-12-06,18,24,5.913,0.788,10.32
DSM,2022-12-08,18,2022-12-07,18,24,4.158,100.0,18.611
DSM,2022-12-09,18,2022-12-08,18,24,4.246,100.0,14.262
DSM,2022-12-10,18,2022-12-09,18,24,6.256,0.0,15.426
DSM,2022-12-11,18,2022-12-10,18,24,3.743,17.188,7.902
DSM,2022-12-12,18,2022-12-11,18,24,4.349,100.0,23.864
DSM,2022-12-13,18,2022-12-12,18,24,3.019,100.0,39.012
DSM,2022-12-14,18,2022-12-13,18,24,3.259,96.217,22.568
DSM,2022-12-15,18,2022-12-14,18,24,-0.441,100.0,29.303
DSM,2022-12-16,18,2022-12-15,18,24,-3.926,100.0,32.706
DSM,2022-12-17,18,2022-12-16,18,24,-5.823,100.0,25.553
DSM,2022-12-18,18,2022-12-17,18,24,-7.989,2.4,13.085
DSM,2022-12-19,18,2022-12-18,18,24,-2.392,100.0,17.952
DSM,2022-12-20,18,2022-12-19,18,24,-10.515,26.636,15.761
DSM,2022-12-21,18,2022-12-20,18,24,-7.01,100.0,17.705
DSM,2022-12-22,18,2022-12-21,18,24,-21.757,94.016,33.247
DSM,2022-12-23,18,2022-12-22,18,24,-18.828,100.0,38.046
DSM,2022-12-24,18,2022-12-23,18,24,-14.952,5.0,28.812
DSM,2022-12-25,18,2022-12-24,18,24,-12.952,97.957,11.628
DSM,2022-12-26,18,2022-12-25,18,24,-11.036,85.296,24.112
DSM,2022-12-27,18,2022-12-26,18,24,-3.486,76.848,26.68
DSM,2022-12-28,18,2022-12-27,18,24,2.404,100.0,24.71
DSM,2022-12-29,18,2022-12-28,18,24,11.791,24.746,27.041
DSM,2022-12-30,18,2022-12-29,18,24,0.892,100.0,6.184
DSM,2022-12-31,18,2022-12-30,18,24,5.173,99.975,17.101
DSM,2023-01-01,18,2022-12-31,18,24,6.251,45.682,6.719
DSM,2023-01-02,18,2023-01-01,18,24,2.867,100.0,12.811
DSM,2023-01-03,18,2023-01-02,18,24,9.277,84.014,19.045
DSM,2023-01-04,18,2023-01-03,18,24,0.037,100.0,24.041
DSM,2023-01-05,18,2023-01-04,18,24,-0.641,83.258,24.56
DSM,2023-01-06,18,2023-01-05,18,24,-0.517,35.768,2.245
DSM,2023-01-07,18,2023-01-06,18,24,-1.974,93.573,8.788
DSM,2023-01-08,18,2023-01-07,18,24,0.929,0.0,8.222
DSM,2023-01-09,18,2023-01-08,18,24,7.112,99.412,21.016
DSM,2023-01-10,18,2023-01-09,18,24,5.353,100.0,5.243
DSM,2023-01-11,18,2023-01-10,18,24,6.054,99.586,14.135
DSM,2023-01-12,18,2023-01-11,18,24,-1.79,5.0,27.599
DSM,2023-01-13,18,2023-01-12,18,24,-3.067,5.0,10.266
DSM,2023-01-14,18,2023-01-13,18,24,2.712,88.17,23.75
DSM,2023-01-15,18,2023-01-14,18,24,5.151,100.0,25.937
DSM,2023-01-16,18,2023-01-15,18,24,13.954,99.876,26.687
DSM,2023-01-17,18,2023-01-16,18,24,3.353,71.888,22.359
DSM,2023-01-18,18,2023-01-17,18,24,3.093,100.0,27.834
DSM,2023-01-19,18,2023-01-18,18,24,-0.695,84.67,28.07
DSM,2023-01-20,18,2023-01-19,18,24,-4.142,16.717,14.129
DSM,2023-01-21,18,2023-01-20,18,24,-0.663,100.0,8.436
DSM,2023-01-22,18,2023-01-21,18,24,-2.201,30.607,10.948
DSM,2023-01-23,18,2023-01-22,18,24,-1.635,81.839,19.287
DSM,2023-01-24,18,2023-01-23,18,24,-0.802,100.0,8.799
DSM,2023-01-25,18,2023-01-24,18,24,-2.081,98.366,24.042
DSM,2023-01-26,18,2023-01-25,18,24,-10.856,5.703,19.304
DSM,2023-01-27,18,2023-01-26,18,24,2.079,82.813,24.671
DSM,2023-01-28,18,2023-01-27,18,24,-5.957,100.0,24.003
DSM,2023-01-29,18,2023-01-28,18,24,-13.28,99.806,17.754
DSM,2023-01-30,18,2023-01-29,18,24,-12.609,94.649,13.675
DSM,2023-01-31,18,2023-01-30,18,24,-9.124,100.0,16.849
DSM,2023-02-01,18,2023-01-31,18,24,-2.571,0.0,22.155
DSM,2023-02-02,18,2023-02-01,18,24,-3.741,38.044,24.425
DSM,2023-02-03,18,2023-02-02,18,24,-12.801,5.0,9.913
DSM,2023-02-04,18,2023-02-03,18,24,4.823,22.515,24.087
DSM,2023-02-05,18,2023-02-04,18,24,3.447,5.121,16.717
DSM,2023-02-06,18,2023-02-05,18,24,7.358,31.413,28.623
DSM,2023-02-07,18,2023-02-06,18,24,3.878,85.986,20.184
DSM,2023-02-08,18,2023-02-07,18,24,7.632,99.959,14.486
DSM,2023-02-09,18,2023-02-08,18,24,2.035,100.0,27.542
DSM,2023-02-10,18,2023-02-09,18,24,-1.734,0.0,11.059
DSM,2023-02-11,18,2023-02-10,18,24,4.058,0.0,21.883
DSM,2023-02-12,18,2023-02-11,18,24,8.509,82.286,17.935
DSM,2023-02-13,18,2023-02-12,18,24,8.951,4.059,12.081
DSM,2023-02-14,18,2023-02-13,18,24,7.952,100.0,30.279
DSM,2023-02-15,18,2023-02-14,18,24,0.451,100.0,23.752
DSM,2023-02-16,18,2023-02-15,18,24,-4.739,100.0,30.134
DSM,2023-02-17,18,2023-02-16,18,24,-5.739,5.0,11.438
DSM,2023-02-18,18,2023-02-17,18,24,1.326,100.0,14.907
DSM,2023-02-19,18,2023-02-18,18,24,5.022,5.0,11.422
DSM,2023-02-20,18,2023-02-19,18,24,7.818,7.25,22.851
DSM,2023-02-21,18,2023-02-20,18,24,1.127,100.0,12.177
DSM,2023-02-22,18,2023-02-21,18,24,-1.211,100.0,30.151
DSM,2023-02-23,18,2023-02-22,18,24,-4.814,100.0,31.469
DSM,2023-02-24,18,2023-02-23,18,24,-7.448,100.0,10.261
DSM,2023-02-25,18,2023-02-24,18,24,3.394,4.771,19.372
DSM,2023-02-26,18,2023-02-25,18,24,9.953,8.253,21.349
DSM,2023-02-27,18,2023-02-26,18,24,7.449,96.992,36.017
DSM,2023-02-28,18,2023-02-27,18,24,6.84,100.0,17.271
DSM,2023-03-01,18,2023-02-28,18,24,9.862,5.0,24.091
DSM,2023-03-02,18,2023-03-01,18,24,2.618,100.0,8.842
DSM,2023-03-03,18,2023-03-02,18,24,5.807,100.0,11.034
DSM,2023-03-04,18,2023-03-03,18,24,8.187,58.946,15.927
DSM,2023-03-05,18,2023-03-04,18,24,7.291,99.534,26.481
DSM,2023-03-06,18,2023-03-05,18,24,5.949,100.0,25.444
DSM,2023-03-07,18,2023-03-06,18,24,5.522,79.938,22.461
DSM,2023-03-08,18,2023-03-07,18,24,1.892,100.0,15.648
DSM,2023-03-09,18,2023-03-08,18,24,0.437,100.0,16.52
DSM,2023-03-10,18,2023-03-09,18,24,1.098,90.313,14.012
DSM,2023-03-11,18,2023-03-10,18,24,3.046,100.0,23.215
DSM,2023-03-12,18,2023-03-11,18,24,-2.04,100.0,29.186
DSM,2023-03-13,18,2023-03-12,18,24,-2.528,100.0,20.045
DSM,2023-03-14,18,2023-03-13,18,24,-1.824,5.0,14.662
DSM,2023-03-15,18,2023-03-14,18,24,7.147,100.0,25.433
DSM,2023-03-16,18,2023-03-15,18,24,6.2,100.0,5.581
DSM,2023-03-17,18,2023-03-16,18,24,-0.505,97.526,31.828
DSM,2023-03-18,18,2023-03-17,18,24,-5.438,100.0,30.268
DSM,2023-03-19,18,2023-03-18,18,24,2.353,0.0,19.698
DSM,2023-03-20,18,2023-03-19,18,24,9.019,6.126,25.162
DSM,2023-03-21,18,2023-03-20,18,24,4.641,100.0,20.39
DSM,2023-03-22,18,2023-03-21,18,24,9.265,92.992,6.955
DSM,2023-03-23,18,2023-03-22,18,24,3.714,100.0,14.145
DSM,2023-03-24,18,2023-03-23,18,24,8.918,98.886,16.184
DSM,2023-03-25,18,2023-03-24,18,24,9.398,43.454,12.996
DSM,2023-03-26,18,2023-03-25,18,24,1.26,86.334,19.624
DSM,2023-03-27,18,2023-03-26,18,24,5.428,88.726,9.934
DSM,2023-03-28,18,2023-03-27,18,24,5.681,0.0,11.553
DSM,2023-03-29,18,2023-03-28,18,24,2.79,99.947,13.436
DSM,2023-03-30,18,2023-03-29,18,24,14.14,100.0,31.601
DSM,2023-03-31,18,2023-03-30,18,24,21.504,3.138,36.983
DSM,2023-04-01,18,2023-03-31,18,24,5.789,96.093,24.224
DSM,2023-04-02,18,2023-04-01,18,24,14.742,73.737,31.93
DSM,2023-04-03,18,2023-04-02,18,24,15.348,44.74,13.895
DSM,2023-04-04,18,2023-04-03,18,24,11.634,100.0,21.348
DSM,2023-04-05,18,2023-04-04,18,24,5.915,16.778,34.137
DSM,2023-04-06,18,2023-04-05,18,24,8.528,34.043,15.339
DSM,2023-04-07,18,2023-04-06,18,24,13.885,0.0,20.415
DSM,2023-04-08,18,2023-04-07,18,24,15.348,4.063,22.371
DSM,2023-04-09,18,2023-04-08,18,24,16.428,100.0,23.277
DSM,2023-04-10,18,2023-04-09,18,24,17.96,57.87,11.095
DSM,2023-04-11,18,2023-04-10,18,24,22.035,63.783,23.73
DSM,2023-04-12,18,2023-04-11,18,24,23.298,5.89,31.375
DSM,2023-04-13,18,2023-04-12,18,24,23.009,0.0,33.074
DSM,2023-04-14,18,2023-04-13,18,24,23.669,15.556,27.726
DSM,2023-04-15,18,2023-04-14,18,24,14.132,100.0,22.419
DSM,2023-04-16,18,2023-04-15,18,24,5.693,100.0,44.037
DSM,2023-04-17,18,2023-04-16,18,24,11.515,0.0,29.887
DSM,2023-04-18,18,2023-04-17,18,24,14.34,94.176,21.214
DSM,2023-04-19,18,2023-04-18,18,24,18.718,100.0,20.565
DSM,2023-04-20,18,2023-04-19,18,24,9.033,92.597,34.192
DSM,2023-04-21,18,2023-04-20,18,24,9.063,100.0,33.398
DSM,2023-04-22,18,2023-04-21,18,24,4.327,99.636,29.948
DSM,2023-04-23,18,2023-04-22,18,24,7.753,100.0,21.131
DSM,2023-04-24,18,2023-04-23,18,24,12.452,99.793,14.516
DSM,2023-04-25,18,2023-04-24,18,24,7.379,100.0,10.801
DSM,2023-04-26,18,2023-04-25,18,24,12.518,60.31,13.072
DSM,2023-04-27,18,2023-04-26,18,24,17.569,74.3,17.459
DSM,2023-04-28,18,2023-04-27,18,24,18.404,90.058,9.766
DSM,2023-04-29,18,2023-04-28,18,24,13.998,99.959,21.622
DSM,2023-04-30,18,2023-04-29,18,24,8.334,97.477,38.088
DSM,2023-05-01,18,2023-04-30,18,24,11.656,4.919,36.979
DSM,2023-05-02,18,2023-05-01,18,24,13.111,0.0,33.095
DSM,2023-05-03,18,2023-05-02,18,24,15.78,0.0,8.856
DSM,2023-05-04,18,2023-05-03,18,24,21.466,0.0,15.042
DSM,2023-05-05,18,2023-05-04,18,24,14.092,100.0,11.163
DSM,2023-05-06,18,2023-05-05,18,24,18.434,100.0,19.643
DSM,2023-05-07,18,2023-05-06,18,24,26.101,0.516,14.952
DSM,2023-05-08,18,2023-05-07,18,24,22.579,0.248,24.75
DSM,2023-05-09,18,2023-05-08,18,24,20.646,95.989,16.941
DSM,2023-05-10,18,2023-05-09,18,24,22.069,100.0,23.093
DSM,2023-05-11,18,2023-05-10,18,24,22.233,100.0,23.794
DSM,2023-05-12,18,2023-05-11,18,24,22.253,100.0,15.694
DSM,2023-05-13,18,2023-05-12,18,24,20.711,100.0,15.068
DSM,2023-05-14,18,2023-05-13,18,24,17.754,100.0,14.86
DSM,2023-05-15,18,2023-05-14,18,24,11.044,100.0,13.769
DSM,2023-05-16,18,2023-05-15,18,24,20.451,100.0,12.917
DSM,2023-05-17,18,2023-05-16,18,24,19.845,2.924,14.848
DSM,2023-05-18,18,2023-05-17,18,24,24.496,84.584,18.074
DSM,2023-05-19,18,2023-05-18,18,24,15.447,77.086,18.931
DSM,2023-05-20,18,2023-05-19,18,24,17.064,0.0,10.7
DSM,2023-05-21,18,2023-05-20,18,24,20.524,68.422,8.663
DSM,2023-05-22,18,2023-05-21,18,24,22.791,38.193,15.773
DSM,2023-05-23,18,2023-05-22,18,24,24.011,13.562,13.657
DSM,2023-05-24,18,2023-05-23,18,24,24.964,5.0,14.668
DSM,2023-05-25,18,2023-05-24,18,24,16.419,68.132,16.323
DSM,2023-05-26,18,2023-05-25,18,24,19.251,16.351,17.26
DSM,2023-05-27,18,2023-05-26,18,24,21.393,0.0,15.462
DSM,2023-05-28,18,2023-05-27,18,24,23.216,0.0,15.716
DSM,2023-05-29,18,2023-05-28,18,24,23.785,68.793,14.601
DSM,2023-05-30,18,2023-05-29,18,24,27.19,99.598,18.998
DSM,2023-05-31,18,2023-05-30,18,24,27.18,68.155,17.718
DSM,2023-06-01,18,2023-05-31,18,24,25.99,100.0,17.518
DSM,2023-06-02,18,2023-06-01,18,24,27.596,7.064,14.022
DSM,2023-06-03,18,2023-06-02,18,24,28.004,5.0,14.903
DSM,2023-06-04,18,2023-06-03,18,24,26.85,23.272,13.276
DSM,2023-06-05,18,2023-06-04,18,24,24.731,100.0,11.319
DSM,2023-06-06,18,2023-06-05,18,24,27.839,11.487,1.598
DSM,2023-06-07,18,2023-06-06,18,24,22.1,100.0,15.121
DSM,2023-06-08,18,2023-06-07,18,24,17.896,100.0,12.506
DSM,2023-06-09,18,2023-06-08,18,24,22.766,71.849,11.051
DSM,2023-06-10,18,2023-06-09,18,24,18.933,99.718,10.79
DSM,2023-06-11,18,2023-06-10,18,24,18.16,99.25,23.307
DSM,2023-06-12,18,2023-06-11,18,24,20.435,5.0,14.405
DSM,2023-06-13,18,2023-06-12,18,24,24.389,72.989,21.738
DSM,2023-06-14,18,2023-06-13,18,24,27.213,53.187,7.097
DSM,2023-06-15,18,2023-06-14,18,24,28.67,5.0,9.259
DSM,2023-06-16,18,2023-06-15,18,24,23.979,1.682,12.235
DSM,2023-06-17,18,2023-06-16,18,24,25.876,96.946,12.913
DSM,2023-06-18,18,2023-06-17,18,24,25.417,100.0,8.871
DSM,2023-06-19,18,2023-06-18,18,24,28.743,0.0,7.26
DSM,2023-06-20,18,2023-06-19,18,24,27.528,0.0,15.746
DSM,2023-06-21,18,2023-06-20,18,24,27.356,23.389,16.274
DSM,2023-06-22,18,2023-06-21,18,24,28.587,0.0,12.229
DSM,2023-06-23,18,2023-06-22,18,24,29.625,70.18,6.779
DSM,2023-06-24,18,2023-06-23,18,24,30.622,91.638,30.211
DSM,2023-06-25,18,2023-06-24,18,24,21.588,99.157,34.002
DSM,2023-06-26,18,2023-06-25,18,24,23.808,35.357,24.368
DSM,2023-06-27,18,2023-06-26,18,24,27.47,88.735,9.405
DSM,2023-06-28,18,2023-06-27,18,24,28.707,15.52,21.284
DSM,2023-06-29,18,2023-06-28,18,24,30.528,33.666,16.828
DSM,2023-06-30,18,2023-06-29,18,24,24.698,97.146,9.36
DSM,2023-07-01,18,2023-06-30,18,24,22.647,100.0,3.401
DSM,2023-07-02,18,2023-07-01,18,24,27.614,67.318,12.628
DSM,2023-07-03,18,2023-07-02,18,24,29.565,18.532,8.555
DSM,2023-07-04,18,2023-07-03,18,24,33.191,96.609,11.417
DSM,2023-07-05,18,2023-07-04,18,24,19.315,100.0,16.661
DSM,2023-07-06,18,2023-07-05,18,24,22.454,62.408,15.302
DSM,2023-07-07,18,2023-07-06,18,24,16.903,100.0,9.45
DSM,2023-07-08,18,2023-07-07,18,24,23.521,97.229,15.688
DSM,2023-07-09,18,2023-07-08,18,24,26.123,0.0,9.277
DSM,2023-07-10,18,2023-07-09,18,24,30.98,0.0,19.871
DSM,2023-07-11,18,2023-07-10,18,24,28.634,0.179,12.239
DSM,2023-07-12,18,2023-07-11,18,24,25.602,36.919,12.516
DSM,2023-07-13,18,2023-07-12,18,24,30.879,69.433,10.151
DSM,2023-07-14,18,2023-07-13,18,24,30.002,100.0,18.899
DSM,2023-07-15,18,2023-07-14,18,24,29.406,3.919,12.209
DSM,2023-07-16,18,2023-07-15,18,24,29.045,96.493,21.545
DSM,2023-07-17,18,2023-07-16,18,24,25.68,1.194,16.948
DSM,2023-07-18,18,2023-07-17,18,24,24.709,85.708,12.904
DSM,2023-07-19,18,2023-07-18,18,24,26.387,100.0,11.62
DSM,2023-07-20,18,2023-07-19,18,24,27.047,52.023,22.696
DSM,2023-07-21,18,2023-07-20,18,24,27.406,29.374,8.887
DSM,2023-07-22,18,2023-07-21,18,24,29.79,95.171,12.64
DSM,2023-07-23,18,2023-07-22,18,24,32.818,47.996,6.84
DSM,2023-07-24,18,2023-07-23,18,24,33.716,2.194,8.449
DSM,2023-07-25,18,2023-07-24,18,24,36.353,100.0,13.114
DSM,2023-07-26,18,2023-07-25,18,24,38.021,0.0,16.693
DSM,2023-07-27,18,2023-07-26,18,24,40.814,24.638,12.656
DSM,2023-07-28,18,2023-07-27,18,24,41.932,82.033,14.338
DSM,2023-07-29,18,2023-07-28,18,24,35.031,0.061,17.887
DSM,2023-07-30,18,2023-07-29,18,24,33.093,69.791,10.201
DSM,2023-07-31,18,2023-07-30,18,24,30.63,82.612,13.72
DSM,2023-08-01,18,2023-07-31,18,24,33.374,93.052,17.699
DSM,2023-08-02,18,2023-08-01,18,24,28.248,100.0,18.935
DSM,2023-08-03,18,2023-08-02,18,24,28.972,100.0,5.338
DSM,2023-08-04,18,2023-08-03,18,24,31.034,98.362,15.684
DSM,2023-08-05,18,2023-08-04,18,24,30.85,27.326,13.523
DSM,2023-08-06,18,2023-08-05,18,24,24.31,100.0,18.751
DSM,2023-08-07,18,2023-08-06,18,24,26.924,5.0,15.171
DSM,2023-08-08,18,2023-08-07,18,24,27.804,73.038,10.268
DSM,2023-08-09,18,2023-08-08,18,24,22.199,100.0,5.464
DSM,2023-08-10,18,2023-08-09,18,24,29.325,74.116,7.791
DSM,2023-08-11,18,2023-08-10,18,24,31.399,5.0,9.35
DSM,2023-08-12,18,2023-08-11,18,24,29.285,76.109,7.779
DSM,2023-08-13,18,2023-08-12,18,24,23.913,99.925,3.031
DSM,2023-08-14,18,2023-08-13,18,24,17.511,100.0,25.875
DSM,2023-08-15,18,2023-08-14,18,24,25.1,0.0,13.905
DSM,2023-08-16,18,2023-08-15,18,24,29.654,1.723,26.096
DSM,2023-08-17,18,2023-08-16,18,24,25.887,16.709,25.302
DSM,2023-08-18,18,2023-08-17,18,24,28.147,71.872,19.502
DSM,2023-08-19,18,2023-08-18,18,24,35.825,14.475,27.253
DSM,2023-08-20,18,2023-08-19,18,24,38.575,0.0,19.375
DSM,2023-08-21,18,2023-08-20,18,24,37.193,98.448,12.805
DSM,2023-08-22,18,2023-08-21,18,24,39.6,0.0,16.433
DSM,2023-08-23,18,2023-08-22,18,24,42.563,100.0,25.617
DSM,2023-08-24,18,2023-08-23,18,24,37.526,94.08,14.687
DSM,2023-08-25,18,2023-08-24,18,24,38.594,90.573,8.292
DSM,2023-08-26,18,2023-08-25,18,24,31.686,98.803,17.148
DSM,2023-08-27,18,2023-08-26,18,24,28.672,0.041,11.001
DSM,2023-08-28,18,2023-08-27,18,24,31.625,5.0,9.868
DSM,2023-08-29,18,2023-08-28,18,24,33.11,0.083,20.825
DSM,2023-08-30,18,2023-08-29,18,24,30.346,0.0,10.774
DSM,2023-08-31,18,2023-08-30,18,24,29.027,5.0,18.445
DSM,2023-09-01,18,2023-08-31,18,24,32.558,0.0,20.586
DSM,2023-09-02,18,2023-09-01,18,24,37.112,1.592,22.808
DSM,2023-09-03,18,2023-09-02,18,24,38.952,4.683,25.068
DSM,2023-09-04,18,2023-09-03,18,24,37.959,0.044,27.313
DSM,2023-09-05,18,2023-09-04,18,24,35.957,5.0,28.979
DSM,2023-09-06,18,2023-09-05,18,24,27.034,0.715,28.477
DSM,2023-09-07,18,2023-09-06,18,24,26.998,0.0,11.776
DSM,2023-09-08,18,2023-09-07,18,24,28.245,26.678,11.56
DSM,2023-09-09,18,2023-09-08,18,24,30.357,5.0,5.965
DSM,2023-09-10,18,2023-09-09,18,24,27.498,100.0,13.539
DSM,2023-09-11,18,2023-09-10,18,24,21.56,65.64,13.772
DSM,2023-09-12,18,2023-09-11,18,24,24.428,3.61,2.012
DSM,2023-09-13,18,2023-09-12,18,24,24.391,23.245,2.054
DSM,2023-09-14,18,2023-09-13,18,24,26.152,0.0,15.003
DSM,2023-09-15,18,2023-09-14,18,24,27.615,95.437,16.94
DSM,2023-09-16,18,2023-09-15,18,24,25.103,75.335,17.694
DSM,2023-09-17,18,2023-09-16,18,24,23.174,0.378,12.295
DSM,2023-09-18,18,2023-09-17,18,24,26.835,83.151,19.793
DSM,2023-09-19,18,2023-09-18,18,24,31.192,9.388,23.291
DSM,2023-09-20,18,2023-09-19,18,24,27.533,96.388,20.051
DSM,2023-09-21,18,2023-09-20,18,24,26.652,12.54,22.361
DSM,2023-09-22,18,2023-09-21,18,24,21.05,100.0,15.338
DSM,2023-09-23,18,2023-09-22,18,24,26.746,37.455,28.136
DSM,2023-09-24,18,2023-09-23,18,24,24.637,0.0,8.617
DSM,2023-09-25,18,2023-09-24,18,24,25.85,30.35,12.277
DSM,2023-09-26,18,2023-09-25,18,24,22.355,89.918,10.39
DSM,2023-09-27,18,2023-09-26,18,24,23.789,11.243,6.609
DSM,2023-09-28,18,2023-09-27,18,24,26.064,0.459,16.79
DSM,2023-09-29,18,2023-09-28,18,24,31.647,5.0,22.538
DSM,2023-09-30,18,2023-09-29,18,24,33.074,4.272,24.39
DSM,2023-10-01,18,2023-09-30,18,24,33.232,0.0,20.526
DSM,2023-10-02,18,2023-10-01,18,24,31.683,5.0,19.496
DSM,2023-10-03,18,2023-10-02,18,24,30.332,88.439,31.033
DSM,2023-10-04,18,2023-10-03,18,24,24.241,100.0,16.544
DSM,2023-10-05,18,2023-10-04,18,24,25.128,4.956,23.639
DSM,2023-10-06,18,2023-10-05,18,24,13.122,75.676,35.721
DSM,2023-10-07,18,2023-10-06,18,24,14.157,5.022,17.54
DSM,2023-10-08,18,2023-10-07,18,24,18.959,12.691,10.731
DSM,2023-10-09,18,2023-10-08,18,24,15.498,5.0,17.072
DSM,2023-10-10,18,2023-10-09,18,24,16.67,0.0,9.109
DSM,2023-10-11,18,2023-10-10,18,24,15.909,100.0,19.176
DSM,2023-10-12,18,2023-10-11,18,24,17.131,100.0,18.798
DSM,2023-10-13,18,2023-10-12,18,24,17.59,100.0,19.367
DSM,2023-10-14,18,2023-10-13,18,24,10.239,100.0,21.438
DSM,2023-10-15,18,2023-10-14,18,24,12.202,51.852,21.594
DSM,2023-10-16,18,2023-10-15,18,24,14.92,13.047,17.8
DSM,2023-10-17,18,2023-10-16,18,24,18.123,52.735,14.631
DSM,2023-10-18,18,2023-10-17,18,24,17.407,11.962,21.426
DSM,2023-10-19,18,2023-10-18,18,24,17.634,2.182,19.755
DSM,2023-10-20,18,2023-10-19,18,24,20.026,3.8,12.832
DSM,2023-10-21,18,2023-10-20,18,24,18.666,0.0,30.069
DSM,2023-10-22,18,2023-10-21,18,24,15.747,88.701,13.341
DSM,2023-10-23,18,2023-10-22,18,24,23.381,0.0,29.985
DSM,2023-10-24,18,2023-10-23,18,24,21.967,100.0,28.908
DSM,2023-10-25,18,2023-10-24,18,24,20.505,100.0,5.355
DSM,2023-10-26,18,2023-10-25,18,24,19.222,78.638,17.072
DSM,2023-10-27,18,2023-10-26,18,24,9.139,7.493,27.69
DSM,2023-10-28,18,2023-10-27,18,24,5.598,22.196,17.534
DSM,2023-10-29,18,2023-10-28,18,24,2.807,99.587,15.406
DSM,2023-10-30,18,2023-10-29,18,24,2.843,0.0,16.229
DSM,2023-10-31,18,2023-10-30,18,24,1.866,9.779,33.315
DSM,2023-11-01,18,2023-10-31,18,24,6.159,5.0,25.088
DSM,2023-11-02,18,2023-11-01,18,24,10.561,17.217,10.404
DSM,2023-11-03,18,2023-11-02,18,24,12.32,100.0,17.781
DSM,2023-11-04,18,2023-11-03,18,24,12.4,24.321,2.165
DSM,2023-11-05,18,2023-11-04,18,24,16.019,99.481,24.277
DSM,2023-11-06,18,2023-11-05,18,24,18.487,99.941,17.834
DSM,2023-11-07,18,2023-11-06,18,24,15.311,83.668,21.633
DSM,2023-11-08,18,2023-11-07,18,24,13.008,96.237,13.789
DSM,2023-11-09,18,2023-11-08,18,24,13.875,22.449,25.401
DSM,2023-11-10,18,2023-11-09,18,24,8.546,0.0,16.023
DSM,2023-11-11,18,2023-11-10,18,24,10.488,100.0,24.963
DSM,2023-11-12,18,2023-11-11,18,24,16.439,0.0,29.856
DSM,2023-11-13,18,2023-11-12,18,24,15.492,0.0,1.755
DSM,2023-11-14,18,2023-11-13,18,24,16.595,7.943,28.492
DSM,2023-11-15,18,2023-11-14,18,24,17.164,4.338,9.265
DSM,2023-11-16,18,2023-11-15,18,24,17.468,99.481,35.397
DSM,2023-11-17,18,2023-11-16,18,24,8.369,0.0,8.419
DSM,2023-11-18,18,2023-11-17,18,24,12.598,5.0,10.723
DSM,2023-11-19,18,2023-11-18,18,24,13.479,100.0,17.586
DSM,2023-11-20,18,2023-11-19,18,24,7.594,100.0,23.601
DSM,2023-11-21,18,2023-11-20,18,24,4.664,100.0,25.738
DSM,2023-11-22,18,2023-11-21,18,24,7.965,62.102,16.555
DSM,2023-11-23,18,2023-11-22,18,24,5.435,8.696,21.932
DSM,2023-11-24,18,2023-11-23,18,24,-1.159,100.0,17.872
DSM,2023-11-25,18,2023-11-24,18,24,1.278,100.0,7.939
DSM,2023-11-26,18,2023-11-25,18,24,-0.5,70.513,24.831
DSM,2023-11-27,18,2023-11-26,18,24,-1.693,5.0,21.698
DSM,2023-11-28,18,2023-11-27,18,24,-2.841,10.611,14.215
DSM,2023-11-29,18,2023-11-28,18,24,6.942,41.181,12.786
DSM,2023-11-30,18,2023-11-29,18,24,6.936,18.209,12.999
DSM,2023-12-01,18,2023-11-30,18,24,3.247,100.0,21.385
DSM,2023-12-02,18,2023-12-01,18,24,5.134,99.876,14.223
DSM,2023-12-03,18,2023-12-02,18,24,5.979,98.852,12.991
DSM,2023-12-04,18,2023-12-03,18,24,6.061,37.058,13.904
DSM,2023-12-05,18,2023-12-04,18,24,3.503,81.693,23.327
DSM,2023-12-06,18,2023-12-05,18,24,8.088,37.176,26.891
DSM,2023-12-07,18,2023-12-06,18,24,13.556,70.252,23.931
DSM,2023-12-08,18,2023-12-07,18,24,12.734,83.842,15.262
DSM,2023-12-09,18,2023-12-08,18,24,3.839,100.0,30.242
DSM,2023-12-10,18,2023-12-09,18,24,2.141,58.731,13.828
DSM,2023-12-11,18,2023-12-10,18,24,5.614,0.0,15.251
DSM,2023-12-12,18,2023-12-11,18,24,1.774,99.917,10.577
DSM,2023-12-13,18,2023-12-12,18,24,6.307,16.206,7.445
DSM,2023-12-14,18,2023-12-13,18,24,10.083,9.582,18.352
DSM,2023-12-15,18,2023-12-14,18,24,9.297,100.0,10.645
DSM,2023-12-16,18,2023-12-15,18,24,5.783,100.0,10.989
DSM,2023-12-17,18,2023-12-16,18,24,7.128,0.0,15.705
DSM,2023-12-18,18,2023-12-17,18,24,-0.162,0.0,28.069
DSM,2023-12-19,18,2023-12-18,18,24,4.096,100.0,28.173
DSM,2023-12-20,18,2023-12-19,18,24,6.731,100.0,10.849
DSM,2023-12-21,18,2023-12-20,18,24,9.227,100.0,11.062
DSM,2023-12-22,18,2023-12-21,18,24,9.975,99.894,4.367
DSM,2023-12-23,18,2023-12-22,18,24,11.332,100.0,12.297
DSM,2023-12-24,18,2023-12-23,18,24,13.352,100.0,27.082
DSM,2023-12-25,18,2023-12-24,18,24,8.173,100.0,11.087
DSM,2023-12-26,18,2023-12-25,18,24,0.296,100.0,19.227
DSM,2023-12-27,18,2023-12-26,18,24,1.279,99.766,19.741
DSM,2023-12-28,18,2023-12-27,18,24,2.224,99.994,23.988
DSM,2023-12-29,18,2023-12-28,18,24,4.093,5.0,16.135
DSM,2023-12-30,18,2023-12-29,18,24,5.181,100.0,16.137
DSM,2023-12-31,18,2023-12-30,18,24,1.124,85.452,24.214
DSM,2024-01-01,18,2023-12-31,18,24,0.14,0.0,8.958
DSM,2024-01-02,18,2024-01-01,18,24,3.855,14.288,15.936
DSM,2024-01-03,18,2024-01-02,18,24,2.867,5.0,14.146
DSM,2024-01-04,18,2024-01-03,18,24,-0.03,100.0,8.946
DSM,2024-01-05,18,2024-01-04,18,24,1.618,100.0,16.088
DSM,2024-01-06,18,2024-01-05,18,24,1.107,62.864,6.47
DSM,2024-01-07,18,2024-01-06,18,24,0.109,5.0,14.322
DSM,2024-01-08,18,2024-01-07,18,24,0.504,100.0,20.773
DSM,2024-01-09,18,2024-01-08,18,24,-1.118,100.0,36.912
DSM,2024-01-10,18,2024-01-09,18,24,-4.597,100.0,18.631
DSM,2024-01-11,18,2024-01-10,18,24,-5.257,89.007,6.533
DSM,2024-01-12,18,2024-01-11,18,24,-8.719,100.0,36.521
DSM,2024-01-13,18,2024-01-12,18,24,-15.596,100.0,32.088
DSM,2024-01-14,18,2024-01-13,18,24,-23.13,59.957,20.788
DSM,2024-01-15,18,2024-01-14,18,24,-19.035,100.0,18.953
DSM,2024-01-16,18,2024-01-15,18,24,-16.587,0.088,23.019
DSM,2024-01-17,18,2024-01-16,18,24,-7.54,98.594,10.968
DSM,2024-01-18,18,2024-01-17,18,24,-10.178,100.0,17.544
DSM,2024-01-19,18,2024-01-18,18,24,-16.257,97.163,20.959
DSM,2024-01-20,18,2024-01-19,18,24,-17.255,8.656,5.412
DSM,2024-01-21,18,2024-01-20,18,24,-7.131,99.719,26.184
DSM,2024-01-22,18,2024-01-21,18,24,0.231,100.0,19.441
DSM,2024-01-23,18,2024-01-22,18,24,0.301,100.0,6.124
DSM,2024-01-24,18,2024-01-23,18,24,0.687,100.0,0.745
DSM,2024-01-25,18,2024-01-24,18,24,0.793,100.0,7.574
DSM,2024-01-26,18,2024-01-25,18,24,0.999,100.0,4.362
DSM,2024-01-27,18,2024-01-26,18,24,0.197,100.0,11.379
DSM,2024-01-28,18,2024-01-27,18,24,-0.225,13.535,5.238
DSM,2024-01-29,18,2024-01-28,18,24,1.14,100.0,10.781
DSM,2024-01-30,18,2024-01-29,18,24,2.466,100.0,23.864
DSM,2024-01-31,18,2024-01-30,18,24,8.084,0.0,19.136
DSM,2024-02-01,18,2024-01-31,18,24,9.865,100.0,1.812
DSM,2024-02-02,18,2024-02-01,18,24,7.649,4.793,23.795
DSM,2024-02-03,18,2024-02-02,18,24,8.045,50.188,25.563
DSM,2024-02-04,18,2024-02-03,18,24,6.692,100.0,19.559
DSM,2024-02-05,18,2024-02-04,18,24,7.256,100.0,7.405
DSM,2024-02-06,18,2024-02-05,18,24,9.427,100.0,13.243
DSM,2024-02-07,18,2024-02-06,18,24,11.654,100.0,27.112
DSM,2024-02-08,18,2024-02-07,18,24,12.01,100.0,33.796
DSM,2024-02-09,18,2024-02-08,18,24,8.239,36.203,15.515
DSM,2024-02-10,18,2024-02-09,18,24,4.544,5.0,12.03
DSM,2024-02-11,18,2024-02-10,18,24,4.802,23.405,3.084
DSM,2024-02-12,18,2024-02-11,18,24,6.103,100.0,15.016
DSM,2024-02-13,18,2024-02-12,18,24,5.878,77.868,6.399
DSM,2024-02-14,18,2024-02-13,18,24,9.189,100.0,15.48
DSM,2024-02-15,18,2024-02-14,18,24,2.961,0.0,17.066
DSM,2024-02-16,18,2024-02-15,18,24,-1.489,100.0,17.998
DSM,2024-02-17,18,2024-02-16,18,24,-2.233,0.0,23.792
DSM,2024-02-18,18,2024-02-17,18,24,3.162,0.0,13.831
DSM,2024-02-19,18,2024-02-18,18,24,8.583,0.292,18.336
DSM,2024-02-20,18,2024-02-19,18,24,9.598,68.599,12.972
DSM,2024-02-21,18,2024-02-20,18,24,12.294,95.321,3.548
DSM,2024-02-22,18,2024-02-21,18,24,13.375,100.0,17.276
DSM,2024-02-23,18,2024-02-22,18,24,9.613,98.817,29.461
DSM,2024-02-24,18,2024-02-23,18,24,4.931,0.0,15.763
DSM,2024-02-25,18,2024-02-24,18,24,15.041,0.0,10.671
DSM,2024-02-26,18,2024-02-25,18,24,18.33,0.141,21.929
DSM,2024-02-27,18,2024-02-26,18,24,17.604,84.303,18.816
DSM,2024-02-28,18,2024-02-27,18,24,-3.503,0.0,23.569
DSM,2024-02-29,18,2024-02-28,18,24,8.618,0.0,33.143
DSM,2024-03-01,18,2024-02-29,18,24,9.999,0.425,27.935
DSM,2024-03-02,18,2024-03-01,18,24,15.292,5.0,25.168
DSM,2024-03-03,18,2024-03-02,18,24,20.887,12.527,37.422
DSM,2024-03-04,18,2024-03-03,18,24,7.754,100.0,25.354
DSM,2024-03-05,18,2024-03-04,18,24,8.918,5.0,8.003
DSM,2024-03-06,18,2024-03-05,18,24,11.377,84.623,15.715
DSM,2024-03-07,18,2024-03-06,18,24,11.069,100.0,16.211
DSM,2024-03-08,18,2024-03-07,18,24,2.35,100.0,26.355
DSM,2024-03-09,18,2024-03-08,18,24,5.526,0.0,21.754
DSM,2024-03-10,18,2024-03-09,18,24,8.912,0.0,11.338
DSM,2024-03-11,18,2024-03-10,18,24,17.495,0.654,28.361
DSM,2024-03-12,18,2024-03-11,18,24,17.664,100.0,17.985
DSM,2024-03-13,18,2024-03-12,18,24,16.528,100.0,10.817
DSM,2024-03-14,18,2024-03-13,18,24,11.473,100.0,14.353
DSM,2024-03-15,18,2024-03-14,18,24,12.384,2.794,14.119
DSM,2024-03-16,18,2024-03-15,18,24,11.769,40.559,31.147
DSM,2024-03-17,18,2024-03-16,18,24,2.388,4.186,29.621
DSM,2024-03-18,18,2024-03-17,18,24,1.132,0.0,19.42
DSM,2024-03-19,18,2024-03-18,18,24,12.043,0.16,24.259
DSM,2024-03-20,18,2024-03-19,18,24,4.119,4.959,19.119
DSM,2024-03-21,18,2024-03-20,18,24,6.131,7.481,17.596
DSM,2024-03-22,18,2024-03-21,18,24,3.306,100.0,25.728
DSM,2024-03-23,18,2024-03-22,18,24,1.853,100.0,12.462
DSM,2024-03-24,18,2024-03-23,18,24,2.591,100.0,27.688
DSM,2024-03-25,18,2024-03-24,18,24,17.703,63.89,33.798
DSM,2024-03-26,18,2024-03-25,18,24,0.822,100.0,30.958
DSM,2024-03-27,18,2024-03-26,18,24,3.446,5.0,19.09
DSM,2024-03-28,18,2024-03-27,18,24,10.1,4.417,6.674
DSM,2024-03-29,18,2024-03-28,18,24,15.559,100.0,22.906
DSM,2024-03-30,18,2024-03-29,18,24,10.268,77.124,14.173
DSM,2024-03-31,18,2024-03-30,18,24,13.002,100.0,20.331
DSM,2024-04-01,18,2024-03-31,18,24,8.673,100.0,19.031
DSM,2024-04-02,18,2024-04-01,18,24,4.306,100.0,29.716
DSM,2024-04-03,18,2024-04-02,18,24,7.74,93.719,42.661
DSM,2024-04-04,18,2024-04-03,18,24,8.124,87.091,25.622
DSM,2024-04-05,18,2024-04-04,18,24,9.67,39.674,11.843
DSM,2024-04-06,18,2024-04-05,18,24,12.15,76.215,34.661
DSM,2024-04-07,18,2024-04-06,18,24,16.407,99.6,33.934
DSM,2024-04-08,18,2024-04-07,18,24,15.463,5.063,24.691
DSM,2024-04-09,18,2024-04-08,18,24,14.091,5.0,12.035
DSM,2024-04-10,18,2024-04-09,18,24,18.606,100.0,8.408
DSM,2024-04-11,18,2024-04-10,18,24,12.514,100.0,33.092
DSM,2024-04-12,18,2024-04-11,18,24,14.014,4.859,25.705
DSM,2024-04-13,18,2024-04-12,18,24,21.646,18.97,26.944
DSM,2024-04-14,18,2024-04-13,18,24,26.315,0.47,13.119
DSM,2024-04-15,18,2024-04-14,18,24,21.856,0.0,25.81
DSM,2024-04-16,18,2024-04-15,18,24,18.512,89.097,38.389
DSM,2024-04-17,18,2024-04-16,18,24,13.618,70.112,34.304
DSM,2024-04-18,18,2024-04-17,18,24,8.083,100.0,16.171
DSM,2024-04-19,18,2024-04-18,18,24,11.041,59.411,34.47
DSM,2024-04-20,18,2024-04-19,18,24,7.924,100.0,21.327
DSM,2024-04-21,18,2024-04-20,18,24,12.056,0.0,17.704
DSM,2024-04-22,18,2024-04-21,18,24,15.697,100.0,37.728
DSM,2024-04-23,18,2024-04-22,18,24,17.196,2.375,32.275
DSM,2024-04-24,18,2024-04-23,18,24,13.504,4.484,9.515
DSM,2024-04-25,18,2024-04-24,18,24,17.128,96.549,30.274
DSM,2024-04-26,18,2024-04-25,18,24,12.634,100.0,31.044
DSM,2024-04-27,18,2024-04-26,18,24,17.469,100.0,11.456
DSM,2024-04-28,18,2024-04-27,18,24,16.42,100.0,22.311
DSM,2024-04-29,18,2024-04-28,18,24,12.85,80.205,24.26
DSM,2024-04-30,18,2024-04-29,18,24,23.276,100.0,26.584
DSM,2024-05-01,18,2024-04-30,18,24,18.866,87.496,10.938
DSM,2024-05-02,18,2024-05-01,18,24,17.612,100.0,22.889
DSM,2024-05-03,18,2024-05-02,18,24,19.49,3.979,13.214
DSM,2024-05-04,18,2024-05-03,18,24,12.072,98.842,27.479
DSM,2024-05-05,18,2024-05-04,18,24,16.596,100.0,12.705
DSM,2024-05-06,18,2024-05-05,18,24,21.383,93.985,28.412
DSM,2024-05-07,18,2024-05-06,18,24,20.723,0.0,28.321
DSM,2024-05-08,18,2024-05-07,18,24,21.995,5.957,19.849
DSM,2024-05-09,18,2024-05-08,18,24,14.167,100.0,18.425
DSM,2024-05-10,18,2024-05-09,18,24,19.05,99.959,14.253
DSM,2024-05-11,18,2024-05-10,18,24,21.323,4.106,17.883
DSM,2024-05-12,18,2024-05-11,18,24,24.639,83.308,23.606
DSM,2024-05-13,18,2024-05-12,18,24,17.114,100.0,4.577
DSM,2024-05-14,18,2024-05-13,18,24,12.533,100.0,20.995
DSM,2024-05-15,18,2024-05-14,18,24,19.766,96.831,10.848
DSM,2024-05-16,18,2024-05-15,18,24,19.719,1.774,15.231
DSM,2024-05-17,18,2024-05-16,18,24,23.688,52.924,17.734
DSM,2024-05-18,18,2024-05-17,18,24,25.649,25.331,22.692
DSM,2024-05-19,18,2024-05-18,18,24,21.406,100.0,4.75
DSM,2024-05-20,18,2024-05-19,18,24,23.378,100.0,12.786
DSM,2024-05-21,18,2024-05-20,18,24,23.361,100.0,32.533
DSM,2024-05-22,18,2024-05-21,18,24,19.819,23.454,16.188
DSM,2024-05-23,18,2024-05-22,18,24,22.0,0.0,19.54
DSM,2024-05-24,18,2024-05-23,18,24,17.352,79.275,21.704
DSM,2024-05-25,18,2024-05-24,18,24,20.381,5.0,20.074
DSM,2024-05-26,18,2024-05-25,18,24,16.86,100.0,12.004
DSM,2024-05-27,18,2024-05-26,18,24,21.454,0.0,28.714
DSM,2024-05-28,18,2024-05-27,18,24,18.576,33.14,24.029
DSM,2024-05-29,18,2024-05-28,18,24,19.606,0.287,5.103
DSM,2024-05-30,18,2024-05-29,18,24,21.225,100.0,25.62
DSM,2024-05-31,18,2024-05-30,18,24,18.856,100.0,9.179
DSM,2024-06-01,18,2024-05-31,18,24,22.524,65.95,8.74
DSM,2024-06-02,18,2024-06-01,18,24,24.294,19.927,22.02
DSM,2024-06-03,18,2024-06-02,18,24,24.824,100.0,17.959
DSM,2024-06-04,18,2024-06-03,18,24,25.789,29.128,16.084
DSM,2024-06-05,18,2024-06-04,18,24,23.933,0.0,25.613
DSM,2024-06-06,18,2024-06-05,18,24,21.257,0.0,31.67
DSM,2024-06-07,18,2024-06-06,18,24,23.744,91.762,9.088
DSM,2024-06-08,18,2024-06-07,18,24,20.151,100.0,20.27
DSM,2024-06-09,18,2024-06-08,18,24,23.304,2.988,14.849
DSM,2024-06-10,18,2024-06-09,18,24,18.903,99.078,7.938
DSM,2024-06-11,18,2024-06-10,18,24,20.597,96.16,18.431
DSM,2024-06-12,18,2024-06-11,18,24,28.017,2.4,28.42
DSM,2024-06-13,18,2024-06-12,18,24,29.645,99.507,1.601
DSM,2024-06-14,18,2024-06-13,18,24,25.834,27.964,11.879
DSM,2024-06-15,18,2024-06-14,18,24,24.083,100.0,29.219
DSM,2024-06-16,18,2024-06-15,18,24,29.654,7.952,28.454
DSM,2024-06-17,18,2024-06-16,18,24,29.592,94.162,27.971
DSM,2024-06-18,18,2024-06-17,18,24,27.642,18.944,33.741
DSM,2024-06-19,18,2024-06-18,18,24,22.557,100.0,14.308
DSM,2024-06-20,18,2024-06-19,18,24,24.607,88.297,13.104
DSM,2024-06-21,18,2024-06-20,18,24,28.5,6.962,21.111
DSM,2024-06-22,18,2024-06-21,18,24,28.675,100.0,25.399
DSM,2024-06-23,18,2024-06-22,18,24,26.627,0.0,9.467
DSM,2024-06-24,18,2024-06-23,18,24,28.631,5.737,26.801
DSM,2024-06-25,18,2024-06-24,18,24,30.812,85.952,13.237
DSM,2024-06-26,18,2024-06-25,18,24,25.638,0.0,20.976
DSM,2024-06-27,18,2024-06-26,18,24,22.412,100.0,10.561
DSM,2024-06-28,18,2024-06-27,18,24,24.694,42.119,33.034
DSM,2024-06-29,18,2024-06-28,18,24,22.802,0.0,26.879
DSM,2024-06-30,18,2024-06-29,18,24,19.465,9.12,11.35
DSM,2024-07-01,18,2024-06-30,18,24,18.56,95.787,26.86
DSM,2024-07-02,18,2024-07-01,18,24,23.13,99.38,11.44
DSM,2024-07-03,18,2024-07-02,18,24,27.033,100.0,8.556
DSM,2024-07-04,18,2024-07-03,18,24,25.639,87.561,13.983
DSM,2024-07-05,18,2024-07-04,18,24,20.905,57.867,24.48
DSM,2024-07-06,18,2024-07-05,18,24,24.212,27.331,6.287
DSM,2024-07-07,18,2024-07-06,18,24,25.0,100.0,12.912
DSM,2024-07-08,18,2024-07-07,18,24,24.535,0.294,13.552
DSM,2024-07-09,18,2024-07-08,18,24,24.202,26.168,12.263
DSM,2024-07-10,18,2024-07-09,18,24,25.761,8.438,15.519
DSM,2024-07-11,18,2024-07-10,18,24,24.896,1.654,12.369
DSM,2024-07-12,18,2024-07-11,18,24,26.373,38.1,17.826
DSM,2024-07-13,18,2024-07-12,18,24,29.451,0.0,16.222
DSM,2024-07-14,18,2024-07-13,18,24,29.772,0.0,12.567
DSM,2024-07-15,18,2024-07-14,18,24,28.884,92.064,17.583
DSM,2024-07-16,18,2024-07-15,18,24,24.107,20.905,14.576
DSM,2024-07-17,18,2024-07-16,18,24,22.541,23.538,17.373
DSM,2024-07-18,18,2024-07-17,18,24,21.53,0.0,8.69
DSM,2024-07-19,18,2024-07-18,18,24,24.011,99.959,9.922
DSM,2024-07-20,18,2024-07-19,18,24,18.374,100.0,7.105
DSM,2024-07-21,18,2024-07-20,18,24,25.107,25.1,4.763
DSM,2024-07-22,18,2024-07-21,18,24,25.847,5.544,2.259
DSM,2024-07-23,18,2024-07-22,18,24,26.402,4.711,10.855
DSM,2024-07-24,18,2024-07-23,18,24,27.957,7.771,2.904
DSM,2024-07-25,18,2024-07-24,18,24,23.926,91.601,16.785
DSM,2024-07-26,18,2024-07-25,18,24,28.094,32.449,19.093
DSM,2024-07-27,18,2024-07-26,18,24,29.843,0.667,18.249
DSM,2024-07-28,18,2024-07-27,18,24,27.683,100.0,15.52
DSM,2024-07-29,18,2024-07-28,18,24,29.827,0.0,17.172
DSM,2024-07-30,18,2024-07-29,18,24,29.642,49.038,17.103
DSM,2024-07-31,18,2024-07-30,18,24,33.785,0.0,16.056
DSM,2024-08-01,18,2024-07-31,18,24,27.538,4.203,24.456
DSM,2024-08-02,18,2024-08-01,18,24,27.995,0.0,20.374
DSM,2024-08-03,18,2024-08-02,18,24,29.329,1.607,8.999
DSM,2024-08-04,18,2024-08-03,18,24,31.966,100.0,17.563
DSM,2024-08-05,18,2024-08-04,18,24,33.974,65.811,15.123
DSM,2024-08-06,18,2024-08-05,18,24,20.129,93.409,25.872
DSM,2024-08-07,18,2024-08-06,18,24,23.107,71.243,8.053
DSM,2024-08-08,18,2024-08-07,18,24,19.232,70.559,15.714
DSM,2024-08-09,18,2024-08-08,18,24,21.341,35.627,21.656
DSM,2024-08-10,18,2024-08-09,18,24,24.334,7.402,10.834
DSM,2024-08-11,18,2024-08-10,18,24,23.649,100.0,8.928
DSM,2024-08-12,18,2024-08-11,18,24,20.554,79.139,23.015
DSM,2024-08-13,18,2024-08-12,18,24,24.338,87.365,16.198
DSM,2024-08-14,18,2024-08-13,18,24,22.154,99.662,27.248
DSM,2024-08-15,18,2024-08-14,18,24,29.556,47.901,18.894
DSM,2024-08-16,18,2024-08-15,18,24,28.102,0.0,18.785
DSM,2024-08-17,18,2024-08-16,18,24,26.344,15.339,20.705
DSM,2024-08-18,18,2024-08-17,18,24,26.71,12.355,8.758
DSM,2024-08-19,18,2024-08-18,18,24,25.346,0.226,13.122
DSM,2024-08-20,18,2024-08-19,18,24,24.049,98.47,11.44
DSM,2024-08-21,18,2024-08-20,18,24,24.577,4.831,15.489
DSM,2024-08-22,18,2024-08-21,18,24,24.885,100.0,21.589
DSM,2024-08-23,18,2024-08-22,18,24,24.709,100.0,15.165
DSM,2024-08-24,18,2024-08-23,18,24,30.609,13.02,24.994
DSM,2024-08-25,18,2024-08-24,18,24,35.719,0.0,20.939
DSM,2024-08-26,18,2024-08-25,18,24,40.188,0.144,20.199
DSM,2024-08-27,18,2024-08-26,18,24,30.284,99.487,24.149
DSM,2024-08-28,18,2024-08-27,18,24,31.51,0.0,9.563
DSM,2024-08-29,18,2024-08-28,18,24,34.533,92.312,19.743
DSM,2024-08-30,18,2024-08-29,18,24,27.891,100.0,14.933
DSM,2024-08-31,18,2024-08-30,18,24,28.56,0.0,9.427
DSM,2024-09-01,18,2024-08-31,18,24,24.821,0.0,22.227
DSM,2024-09-02,18,2024-09-01,18,24,22.014,17.01,10.653
DSM,2024-09-03,18,2024-09-02,18,24,25.612,22.359,15.793
DSM,2024-09-04,18,2024-09-03,18,24,28.029,0.0,17.577
DSM,2024-09-05,18,2024-09-04,18,24,28.485,100.0,17.016
DSM,2024-09-06,18,2024-09-05,18,24,22.909,4.874,23.58
DSM,2024-09-07,18,2024-09-06,18,24,20.13,0.0,9.785
DSM,2024-09-08,18,2024-09-07,18,24,25.808,5.229,13.794
DSM,2024-09-09,18,2024-09-08,18,24,29.653,3.734,16.305
DSM,2024-09-10,18,2024-09-09,18,24,31.45,11.292,26.53
DSM,2024-09-11,18,2024-09-10,18,24,31.847,0.226,17.673
DSM,2024-09-12,18,2024-09-11,18,24,31.816,96.131,19.655
DSM,2024-09-13,18,2024-09-12,18,24,26.529,100.0,17.877
DSM,2024-09-14,18,2024-09-13,18,24,27.495,100.0,14.925
DSM,2024-09-15,18,2024-09-14,18,24,32.926,56.03,14.026
DSM,2024-09-16,18,2024-09-15,18,24,31.803,0.367,18.96
DSM,2024-09-17,18,2024-09-16,18,24,32.11,5.287,19.444
DSM,2024-09-18,18,2024-09-17,18,24,31.305,100.0,23.129
DSM,2024-09-19,18,2024-09-18,18,24,32.1,0.141,24.265
DSM,2024-09-20,18,2024-09-19,18,24,32.787,100.0,7.283
DSM,2024-09-21,18,2024-09-20,18,24,34.044,1.282,24.834
DSM,2024-09-22,18,2024-09-21,18,24,20.697,100.0,21.127
DSM,2024-09-23,18,2024-09-22,18,24,20.284,21.75,10.49
DSM,2024-09-24,18,2024-09-23,18,24,16.99,100.0,10.022
DSM,2024-09-25,18,2024-09-24,18,24,24.213,0.0,10.419
DSM,2024-09-26,18,2024-09-25,18,24,25.158,0.0,10.234
DSM,2024-09-27,18,2024-09-26,18,24,25.481,94.793,19.207
DSM,2024-09-28,18,2024-09-27,18,24,27.667,82.761,22.846
DSM,2024-09-29,18,2024-09-28,18,24,27.621,0.0,16.063
DSM,2024-09-30,18,2024-09-29,18,24,28.152,0.0,14.807
DSM,2024-10-01,18,2024-09-30,18,24,19.793,56.949,20.167
DSM,2024-10-02,18,2024-10-01,18,24,23.686,5.674,28.027
DSM,2024-10-03,18,2024-10-02,18,24,27.233,0.0,16.127
DSM,2024-10-04,18,2024-10-03,18,24,22.852,3.131,20.581
DSM,2024-10-05,18,2024-10-04,18,24,31.488,0.0,36.433
DSM,2024-10-06,18,2024-10-05,18,24,20.751,0.0,25.841
DSM,2024-10-07,18,2024-10-06,18,24,20.342,1.184,6.46
DSM,2024-10-08,18,2024-10-07,18,24,23.157,0.094,9.883
DSM,2024-10-09,18,2024-10-08,18,24,26.576,0.0,12.693
DSM,2024-10-10,18,2024-10-09,18,24,27.64,0.0,15.317
DSM,2024-10-11,18,2024-10-10,18,24,29.857,41.329,19.105
DSM,2024-10-12,18,2024-10-11,18,24,24.247,90.2,10.362
DSM,2024-10-13,18,2024-10-12,18,24,15.757,86.224,33.781
DSM,2024-10-14,18,2024-10-13,18,24,13.245,87.768,12.156
DSM,2024-10-15,18,2024-10-14,18,24,11.238,0.0,21.492
DSM,2024-10-16,18,2024-10-15,18,24,15.012,5.838,14.204
DSM,2024-10-17,18,2024-10-16,18,24,19.542,0.0,33.531
DSM,2024-10-18,18,2024-10-17,18,24,22.044,0.017,29.012
DSM,2024-10-19,18,2024-10-18,18,24,23.556,37.049,22.186
DSM,2024-10-20,18,2024-10-19,18,24,26.783,0.562,23.062
DSM,2024-10-21,18,2024-10-20,18,24,26.135,99.853,23.325
DSM,2024-10-22,18,2024-10-21,18,24,23.918,0.0,17.331
DSM,2024-10-23,18,2024-10-22,18,24,17.417,0.0,19.105
DSM,2024-10-24,18,2024-10-23,18,24,20.895,61.682,26.684
DSM,2024-10-25,18,2024-10-24,18,24,16.578,96.579,23.902
DSM,2024-10-26,18,2024-10-25,18,24,14.754,5.013,14.862
DSM,2024-10-27,18,2024-10-26,18,24,17.241,0.0,22.262
DSM,2024-10-28,18,2024-10-27,18,24,24.717,100.0,34.909
DSM,2024-10-29,18,2024-10-28,18,24,27.693,100.0,39.962
DSM,2024-10-30,18,2024-10-29,18,24,21.636,100.0,28.581
DSM,2024-10-31,18,2024-10-30,18,24,6.795,100.0,28.441
DSM,2024-11-01,18,2024-10-31,18,24,12.043,0.0,14.478
DSM,2024-11-02,18,2024-11-01,18,24,14.427,100.0,16.456
DSM,2024-11-03,18,2024-11-02,18,24,15.692,100.0,23.036
DSM,2024-11-04,18,2024-11-03,18,24,18.247,99.901,15.739
DSM,2024-11-05,18,2024-11-04,18,24,10.422,100.0,29.552
DSM,2024-11-06,18,2024-11-05,18,24,11.253,71.172,8.347
DSM,2024-11-07,18,2024-11-06,18,24,12.646,5.0,1.872
DSM,2024-11-08,18,2024-11-07,18,24,13.572,100.0,4.932
DSM,2024-11-09,18,2024-11-08,18,24,8.635,100.0,23.393
DSM,2024-11-10,18,2024-11-09,18,24,12.542,7.611,25.44
DSM,2024-11-11,18,2024-11-10,18,24,10.408,5.372,20.022
DSM,2024-11-12,18,2024-11-11,18,24,9.136,0.0,22.177
DSM,2024-11-13,18,2024-11-12,18,24,8.009,100.0,18.082
DSM,2024-11-14,18,2024-11-13,18,24,9.454,99.95,16.692
DSM,2024-11-15,18,2024-11-14,18,24,13.343,0.0,13.014
DSM,2024-11-16,18,2024-11-15,18,24,13.932,70.822,31.926
DSM,2024-11-17,18,2024-11-16,18,24,11.264,97.897,3.686
DSM,2024-11-18,18,2024-11-17,18,24,13.834,100.0,30.45
DSM,2024-11-19,18,2024-11-18,18,24,11.07,0.233,28.541
DSM,2024-11-20,18,2024-11-19,18,24,3.83,100.0,33.56
DSM,2024-11-21,18,2024-11-20,18,24,4.429,5.0,33.919
DSM,2024-11-22,18,2024-11-21,18,24,5.573,69.629,12.338
DSM,2024-11-23,18,2024-11-22,18,24,7.424,100.0,8.74
DSM,2024-11-24,18,2024-11-23,18,24,12.09,100.0,10.694
DSM,2024-11-25,18,2024-11-24,18,24,3.612,5.0,29.783
DSM,2024-11-26,18,2024-11-25,18,24,5.126,100.0,17.087
DSM,2024-11-27,18,2024-11-26,18,24,4.846,100.0,8.237
DSM,2024-11-28,18,2024-11-27,18,24,-0.087,75.127,21.304
DSM,2024-11-29,18,2024-11-28,18,24,-3.43,4.159,22.071
DSM,2024-11-30,18,2024-11-29,18,24,-3.79,84.873,11.403
DSM,2024-12-01,18,2024-11-30,18,24,-3.366,92.038,13.648
DSM,2024-12-02,18,2024-12-01,18,24,-3.513,100.0,21.214
DSM,2024-12-03,18,2024-12-02,18,24,-0.909,9.534,22.316
DSM,2024-12-04,18,2024-12-03,18,24,5.359,5.234,31.452
DSM,2024-12-05,18,2024-12-04,18,24,-6.312,0.041,16.558
DSM,2024-12-06,18,2024-12-05,18,24,3.27,0.0,21.999
DSM,2024-12-07,18,2024-12-06,18,24,10.291,97.031,24.434
DSM,2024-12-08,18,2024-12-07,18,24,12.506,0.0,25.812
DSM,2024-12-09,18,2024-12-08,18,24,10.208,32.853,22.935
DSM,2024-12-10,18,2024-12-09,18,24,0.966,88.379,19.012
DSM,2024-12-11,18,2024-12-10,18,24,-4.799,4.859,30.506
DSM,2024-12-12,18,2024-12-11,18,24,-8.92,82.293,7.607
DSM,2024-12-13,18,2024-12-12,18,24,-5.858,100.0,24.797
DSM,2024-12-14,18,2024-12-13,18,24,0.692,100.0,17.435
DSM,2024-12-15,18,2024-12-14,18,24,3.733,100.0,14.819
DSM,2024-12-16,18,2024-12-15,18,24,7.647,0.273,28.584
DSM,2024-12-17,18,2024-12-16,18,24,3.384,100.0,6.624
DSM,2024-12-18,18,2024-12-17,18,24,-0.347,3.752,19.922
DSM,2024-12-19,18,2024-12-18,18,24,7.274,4.835,26.85
DSM,2024-12-20,18,2024-12-19,18,24,-3.119,56.131,19.187
DSM,2024-12-21,18,2024-12-20,18,24,-1.449,5.257,13.241
DSM,2024-12-22,18,2024-12-21,18,24,4.366,8.634,28.123
DSM,2024-12-23,18,2024-12-22,18,24,5.489,96.338,12.782
DSM,2024-12-24,18,2024-12-23,18,24,3.04,100.0,8.504
DSM,2024-12-25,18,2024-12-24,18,24,5.698,82.663,16.362
DSM,2024-12-26,18,2024-12-25,18,24,5.432,100.0,9.281
DSM,2024-12-27,18,2024-12-26,18,24,6.798,100.0,7.739
DSM,2024-12-28,18,2024-12-27,18,24,9.765,25.754,7.113
DSM,2024-12-29,18,2024-12-28,18,24,8.537,45.13,2.047
DSM,2024-12-30,18,2024-12-29,18,24,5.932,100.0,8.325
DSM,2024-12-31,18,2024-12-30,18,24,1.125,17.116,28.103
DSM,2025-01-01,18,2024-12-31,18,24,-0.632,5.0,22.587
DSM,2025-01-02,18,2025-01-01,18,24,-1.096,99.195,16.928
DSM,2025-01-03,18,2025-01-02,18,24,-6.047,84.713,19.793
DSM,2025-01-04,18,2025-01-03,18,24,-8.463,100.0,8.563
DSM,2025-01-05,18,2025-01-04,18,24,-8.187,100.0,23.993
DSM,2025-01-06,18,2025-01-05,18,24,-6.765,2.094,18.869
DSM,2025-01-07,18,2025-01-06,18,24,-5.592,99.505,12.467
DSM,2025-01-08,18,2025-01-07,18,24,-6.523,0.744,11.634
DSM,2025-01-09,18,2025-01-08,18,24,-0.659,89.78,19.707
DSM,2025-01-10,18,2025-01-09,18,24,-1.445,99.147,14.038
DSM,2025-01-11,18,2025-01-10,18,24,-1.079,100.0,19.003
DSM,2025-01-12,18,2025-01-11,18,24,-2.404,100.0,30.079
DSM,2025-01-13,18,2025-01-12,18,24,-7.994,5.0,20.249
DSM,2025-01-14,18,2025-01-13,18,24,-11.352,0.0,14.829
DSM,2025-01-15,18,2025-01-14,18,24,-5.07,5.0,21.387
DSM,2025-01-16,18,2025-01-15,18,24,2.753,5.0,20.226
DSM,2025-01-17,18,2025-01-16,18,24,6.64,0.0,21.608
DSM,2025-01-18,18,2025-01-17,18,24,-8.352,66.86,27.963
DSM,2025-01-19,18,2025-01-18,18,24,-15.571,0.0,25.784
DSM,2025-01-20,18,2025-01-19,18,24,-13.05,100.0,23.377
DSM,2025-01-21,18,2025-01-20,18,24,-16.044,0.0,14.321
DSM,2025-01-22,18,2025-01-21,18,24,-3.181,100.0,15.352
DSM,2025-01-23,18,2025-01-22,18,24,-10.944,100.0,19.284
DSM,2025-01-24,18,2025-01-23,18,24,-4.408,100.0,25.599
DSM,2025-01-25,18,2025-01-24,18,24,0.652,95.818,24.178
DSM,2025-01-26,18,2025-01-25,18,24,-3.18,100.0,12.028
DSM,2025-01-27,18,2025-01-26,18,24,4.586,0.223,32.01
DSM,2025-01-28,18,2025-01-27,18,24,7.149,2.728,30.563
DSM,2025-01-29,18,2025-01-28,18,24,6.821,4.024,9.971
DSM,2025-01-30,18,2025-01-29,18,24,8.765,53.804,7.564
DSM,2025-01-31,18,2025-01-30,18,24,6.996,63.868,26.023
DSM,2025-02-01,18,2025-01-31,18,24,4.279,100.0,28.537
DSM,2025-02-02,18,2025-02-01,18,24,10.736,77.424,7.239
DSM,2025-02-03,18,2025-02-02,18,24,5.682,70.543,23.722
DSM,2025-02-04,18,2025-02-03,18,24,-4.707,94.564,16.186
DSM,2025-02-05,18,2025-02-04,18,24,-2.722,100.0,19.326
DSM,2025-02-06,18,2025-02-05,18,24,2.638,16.204,16.237
DSM,2025-02-07,18,2025-02-06,18,24,1.261,100.0,10.741
DSM,2025-02-08,18,2025-02-07,18,24,2.672,26.702,23.973
DSM,2025-02-09,18,2025-02-08,18,24,-3.234,96.126,7.89
DSM,2025-02-10,18,2025-02-09,18,24,-2.106,100.0,9.091
DSM,2025-02-11,18,2025-02-10,18,24,-7.584,94.533,19.869
DSM,2025-02-12,18,2025-02-11,18,24,-8.977,100.0,19.499
DSM,2025-02-13,18,2025-02-12,18,24,-12.913,5.0,14.202
DSM,2025-02-14,18,2025-02-13,18,24,-3.668,100.0,27.831
DSM,2025-02-15,18,2025-02-14,18,24,-3.877,100.0,20.054
DSM,2025-02-16,18,2025-02-15,18,24,-12.44,100.0,26.13
DSM,2025-02-17,18,2025-02-16,18,24,-14.492,100.0,16.765
DSM,2025-02-18,18,2025-02-17,18,24,-18.007,100.0,16.265
DSM,2025-02-19,18,2025-02-18,18,24,-16.163,100.0,19.691
DSM,2025-02-20,18,2025-02-19,18,24,-13.744,80.731,13.177
DSM,2025-02-21,18,2025-02-20,18,24,-8.565,5.0,17.005
DSM,2025-02-22,18,2025-02-21,18,24,-1.951,5.0,20.416
DSM,2025-02-23,18,2025-02-22,18,24,5.472,0.773,13.25
DSM,2025-02-24,18,2025-02-23,18,24,10.088,100.0,11.934
DSM,2025-02-25,18,2025-02-24,18,24,10.432,60.034,10.961
DSM,2025-02-26,18,2025-02-25,18,24,6.858,99.95,27.325
DSM,2025-02-27,18,2025-02-26,18,24,8.384,2.913,25.066
DSM,2025-02-28,18,2025-02-27,18,24,13.271,100.0,34.275
DSM,2025-03-01,18,2025-02-28,18,24,-0.266,95.658,16.699
DSM,2025-03-02,18,2025-03-01,18,24,4.816,6.666,16.382
DSM,2025-03-03,18,2025-03-02,18,24,12.927,25.223,25.633
DSM,2025-03-04,18,2025-03-03,18,24,10.459,100.0,14.638
DSM,2025-03-05,18,2025-03-04,18,24,-1.592,100.0,44.191
DSM,2025-03-06,18,2025-03-05,18,24,3.296,100.0,13.35
DSM,2025-03-07,18,2025-03-06,18,24,0.391,100.0,16.926
DSM,2025-03-08,18,2025-03-07,18,24,6.114,0.0,18.831
DSM,2025-03-09,18,2025-03-08,18,24,10.774,94.497,20.112
DSM,2025-03-10,18,2025-03-09,18,24,17.161,0.0,28.271
DSM,2025-03-11,18,2025-03-10,18,24,10.454,83.86,17.739
DSM,2025-03-12,18,2025-03-11,18,24,13.207,48.859,8.202
DSM,2025-03-13,18,2025-03-12,18,24,17.053,2.665,13.426
DSM,2025-03-14,18,2025-03-13,18,24,21.409,100.0,33.451
DSM,2025-03-15,18,2025-03-14,18,24,6.762,99.923,33.539
DSM,2025-03-16,18,2025-03-15,18,24,4.175,92.82,24.734
DSM,2025-03-17,18,2025-03-16,18,24,15.623,5.0,29.543
DSM,2025-03-18,18,2025-03-17,18,24,19.277,96.464,22.782
DSM,2025-03-19,18,2025-03-18,18,24,9.124,66.21,42.908
DSM,2025-03-20,18,2025-03-19,18,24,5.485,4.793,18.213
DSM,2025-03-21,18,2025-03-20,18,24,10.347,80.077,24.572
DSM,2025-03-22,18,2025-03-21,18,24,10.576,100.0,16.502
DSM,2025-03-23,18,2025-03-22,18,24,5.363,97.516,35.287
DSM,2025-03-24,18,2025-03-23,18,24,9.374,100.0,13.347
DSM,2025-03-25,18,2025-03-24,18,24,8.651,63.215,12.036
DSM,2025-03-26,18,2025-03-25,18,24,14.271,81.039,12.209
DSM,2025-03-27,18,2025-03-26,18,24,18.048,77.115,11.808
DSM,2025-03-28,18,2025-03-27,18,24,22.715,0.0,37.709
DSM,2025-03-29,18,2025-03-28,18,24,17.889,100.0,18.921
DSM,2025-03-30,18,2025-03-29,18,24,4.134,100.0,26.356
DSM,2025-03-31,18,2025-03-30,18,24,7.255,55.527,16.228
DSM,2025-04-01,18,2025-03-31,18,24,6.717,100.0,32.879
DSM,2025-04-02,18,2025-04-01,18,24,19.035,5.906,45.327
DSM,2025-04-03,18,2025-04-02,18,24,9.731,100.0,12.649
DSM,2025-04-04,18,2025-04-03,18,24,8.555,100.0,13.899
DSM,2025-04-05,18,2025-04-04,18,24,6.048,98.467,26.002
DSM,2025-04-06,18,2025-04-05,18,24,8.967,2.206,5.677
DSM,2025-04-07,18,2025-04-06,18,24,5.544,0.0,23.07
DSM,2025-04-08,18,2025-04-07,18,24,8.683,0.141,14.536
DSM,2025-04-09,18,2025-04-08,18,24,14.498,42.902,20.193
DSM,2025-04-10,18,2025-04-09,18,24,15.514,93.766,29.341
DSM,2025-04-11,18,2025-04-10,18,24,10.302,99.155,7.564
DSM,2025-04-12,18,2025-04-11,18,24,17.184,98.147,28.809
DSM,2025-04-13,18,2025-04-12,18,24,19.429,100.0,17.329
DSM,2025-04-14,18,2025-04-13,18,24,12.273,81.014,34.445
DSM,2025-04-15,18,2025-04-14,18,24,11.98,0.268,27.289
DSM,2025-04-16,18,2025-04-15,18,24,16.992,98.172,26.543
DSM,2025-04-17,18,2025-04-16,18,24,16.701,100.0,22.429
DSM,2025-04-18,18,2025-04-17,18,24,11.316,100.0,21.325
DSM,2025-04-19,18,2025-04-18,18,24,11.024,88.108,12.262
DSM,2025-04-20,18,2025-04-19,18,24,6.454,100.0,22.261
DSM,2025-04-21,18,2025-04-20,18,24,16.151,0.0,13.748
DSM,2025-04-22,18,2025-04-21,18,24,20.1,100.0,8.29
DSM,2025-04-23,18,2025-04-22,18,24,21.653,99.835,11.934
DSM,2025-04-24,18,2025-04-23,18,24,19.791,100.0,14.738
DSM,2025-04-25,18,2025-04-24,18,24,13.087,100.0,20.521
DSM,2025-04-26,18,2025-04-25,18,24,13.454,0.0,17.218
DSM,2025-04-27,18,2025-04-26,18,24,13.581,99.039,26.32
DSM,2025-04-28,18,2025-04-27,18,24,24.886,31.999,38.28
DSM,2025-04-29,18,2025-04-28,18,24,14.897,0.0,18.063
DSM,2025-04-30,18,2025-04-29,18,24,11.485,100.0,12.58
DSM,2025-05-01,18,2025-04-30,18,24,16.75,100.0,13.767
DSM,2025-05-02,18,2025-05-01,18,24,14.277,94.128,3.069
DSM,2025-05-03,18,2025-05-02,18,24,14.255,29.452,17.016
DSM,2025-05-04,18,2025-05-03,18,24,17.431,97.736,9.302
DSM,2025-05-05,18,2025-05-04,18,24,18.653,2.55,13.887
DSM,2025-05-06,18,2025-05-05,18,24,20.416,17.488,5.86
DSM,2025-05-07,18,2025-05-06,18,24,22.08,100.0,10.217
DSM,2025-05-08,18,2025-05-07,18,24,17.438,0.041,19.314
DSM,2025-05-09,18,2025-05-08,18,24,18.476,47.412,5.728
DSM,2025-05-10,18,2025-05-09,18,24,23.537,0.044,12.114
DSM,2025-05-11,18,2025-05-10,18,24,21.953,0.0,15.943
DSM,2025-05-12,18,2025-05-11,18,24,23.618,26.755,14.454
DSM,2025-05-13,18,2025-05-12,18,24,24.575,44.658,10.375
DSM,2025-05-14,18,2025-05-13,18,24,25.648,10.885,20.097
DSM,2025-05-15,18,2025-05-14,18,24,22.77,99.337,37.491
DSM,2025-05-16,18,2025-05-15,18,24,21.402,2.979,34.521
DSM,2025-05-17,18,2025-05-16,18,24,13.748,51.379,26.726
DSM,2025-05-18,18,2025-05-17,18,24,17.922,11.149,13.16
DSM,2025-05-19,18,2025-05-18,18,24,15.732,100.0,35.728
DSM,2025-05-20,18,2025-05-19,18,24,15.163,100.0,12.513
DSM,2025-05-21,18,2025-05-20,18,24,13.521,24.707,26.32
DSM,2025-05-22,18,2025-05-21,18,24,10.364,100.0,19.119
DSM,2025-05-23,18,2025-05-22,18,24,18.155,98.781,4.186
DSM,2025-05-24,18,2025-05-23,18,24,14.92,90.132,19.954
DSM,2025-05-25,18,2025-05-24,18,24,12.145,100.0,18.415
DSM,2025-05-26,18,2025-05-25,18,24,16.81,97.925,24.275
DSM,2025-05-27,18,2025-05-26,18,24,12.225,100.0,12.696
DSM,2025-05-28,18,2025-05-27,18,24,17.307,78.514,15.174
DSM,2025-05-29,18,2025-05-28,18,24,18.064,4.272,12.307
DSM,2025-05-30,18,2025-05-29,18,24,22.873,1.351,19.578
DSM,2025-05-31,18,2025-05-30,18,24,25.664,0.0,10.342
DSM,2025-06-01,18,2025-05-31,18,24,25.493,0.37,7.669
DSM,2025-06-02,18,2025-06-01,18,24,27.45,92.207,26.672
DSM,2025-06-03,18,2025-06-02,18,24,14.573,100.0,27.973
DSM,2025-06-04,18,2025-06-03,18,24,22.039,5.028,10.519
DSM,2025-06-05,18,2025-06-04,18,24,22.356,99.203,15.273
DSM,2025-06-06,18,2025-06-05,18,24,20.351,99.975,6.306
DSM,2025-06-07,18,2025-06-06,18,24,17.224,100.0,16.145
DSM,2025-06-08,18,2025-06-07,18,24,15.224,100.0,14.993
DSM,2025-06-09,18,2025-06-08,18,24,18.481,20.75,29.562
DSM,2025-06-10,18,2025-06-09,18,24,24.66,0.0,17.721
DSM,2025-06-11,18,2025-06-10,18,24,29.667,5.0,21.929
DSM,2025-06-12,18,2025-06-11,18,24,26.233,95.314,13.986
DSM,2025-06-13,18,2025-06-12,18,24,25.465,100.0,11.352
DSM,2025-06-14,18,2025-06-13,18,24,27.663,22.15,8.453
DSM,2025-06-15,18,2025-06-14,18,24,26.005,100.0,5.208
DSM,2025-06-16,18,2025-06-15,18,24,28.389,92.85,16.036
DSM,2025-06-17,18,2025-06-16,18,24,24.325,100.0,15.354
DSM,2025-06-18,18,2025-06-17,18,24,24.689,60.118,9.254
DSM,2025-06-19,18,2025-06-18,18,24,27.031,0.0,11.67
DSM,2025-06-20,18,2025-06-19,18,24,28.242,60.227,29.6
DSM,2025-06-21,18,2025-06-20,18,24,31.969,0.0,36.942
DSM,2025-06-22,18,2025-06-21,18,24,32.394,0.0,37.881
DSM,2025-06-23,18,2025-06-22,18,24,31.551,78.283,26.138
DSM,2025-06-24,18,2025-06-23,18,24,25.137,99.514,11.335
DSM,2025-06-25,18,2025-06-24,18,24,29.71,86.267,22.997
DSM,2025-06-26,18,2025-06-25,18,24,29.994,18.632,24.305
DSM,2025-06-27,18,2025-06-26,18,24,26.33,2.468,12.789
DSM,2025-06-28,18,2025-06-27,18,24,29.852,80.318,19.961
DSM,2025-06-29,18,2025-06-28,18,24,30.529,8.168,18.032
DSM,2025-06-30,18,2025-06-29,18,24,26.866,65.074,13.664
DSM,2025-07-01,18,2025-06-30,18,24,26.21,0.0,14.646
DSM,2025-07-02,18,2025-07-01,18,24,28.206,6.128,15.604
DSM,2025-07-03,18,2025-07-02,18,24,30.723,8.837,15.736
DSM,2025-07-04,18,2025-07-03,18,24,31.177,0.0,23.66
DSM,2025-07-05,18,2025-07-04,18,24,25.407,100.0,24.49
DSM,2025-07-06,18,2025-07-05,18,24,28.785,47.833,15.162
DSM,2025-07-07,18,2025-07-06,18,24,28.535,100.0,0.743
DSM,2025-07-08,18,2025-07-07,18,24,25.864,100.0,16.568
DSM,2025-07-09,18,2025-07-08,18,24,29.217,14.233,6.507
DSM,2025-07-10,18,2025-07-09,18,24,26.653,100.0,15.498
DSM,2025-07-11,18,2025-07-10,18,24,24.472,93.899,12.116
DSM,2025-07-12,18,2025-07-11,18,24,24.921,97.105,15.448
DSM,2025-07-13,18,2025-07-12,18,24,25.442,0.0,7.818
DSM,2025-07-14,18,2025-07-13,18,24,28.32,9.797,10.399
DSM,2025-07-15,18,2025-07-14,18,24,28.797,0.0,14.696
DSM,2025-07-16,18,2025-07-15,18,24,28.473,62.837,19.643
DSM,2025-07-17,18,2025-07-16,18,24,19.972,100.0,13.547
DSM,2025-07-18,18,2025-07-17,18,24,25.484,100.0,17.351
DSM,2025-07-19,18,2025-07-18,18,24,27.262,4.859,20.34
DSM,2025-07-20,18,2025-07-19,18,24,26.686,94.748,16.668
DSM,2025-07-21,18,2025-07-20,18,24,24.032,100.0,19.001
DSM,2025-07-22,18,2025-07-21,18,24,31.113,58.774,22.253
DSM,2025-07-23,18,2025-07-22,18,24,30.988,0.0,23.796
DSM,2025-07-24,18,2025-07-23,18,24,28.347,66.086,4.455
DSM,2025-07-25,18,2025-07-24,18,24,26.549,95.63,8.989
DSM,2025-07-26,18,2025-07-25,18,24,27.704,76.599,5.48
DSM,2025-07-27,18,2025-07-26,18,24,31.015,0.0,5.297
DSM,2025-07-28,18,2025-07-27,18,24,32.803,0.911,14.488
DSM,2025-07-29,18,2025-07-28,18,24,32.2,58.06,13.193
DSM,2025-07-30,18,2025-07-29,18,24,22.405,100.0,11.222
DSM,2025-07-31,18,2025-07-30,18,24,22.863,3.919,21.09
YSDU,2021-03-24,2,2021-03-23,0,26,23.54,34.456,21.862
YSDU,2021-03-25,2,2021-03-24,0,26,23.281,35.754,18.073
YSDU,2021-03-26,2,2021-03-25,0,26,21.476,4.848,7.409
YSDU,2021-03-27,2,2021-03-26,0,26,23.521,0.0,15.106
YSDU,2021-03-28,2,2021-03-27,0,26,24.083,91.023,7.098
YSDU,2021-03-29,2,2021-03-28,0,26,22.891,0.0,9.595
YSDU,2021-03-30,2,2021-03-29,0,26,22.974,0.375,9.436
YSDU,2021-03-31,2,2021-03-30,0,26,22.545,2.869,13.314
YSDU,2021-04-01,2,2021-03-31,0,26,23.219,4.216,12.519
YSDU,2021-04-02,2,2021-04-01,0,26,24.476,5.283,15.014
YSDU,2021-04-03,2,2021-04-02,0,26,24.379,0.0,10.328
YSDU,2021-04-04,2,2021-04-03,0,26,25.825,28.163,4.0
YSDU,2021-04-05,2,2021-04-04,0,26,27.373,0.0,12.306
YSDU,2021-04-06,2,2021-04-05,0,26,26.113,0.0,21.091
YSDU,2021-04-07,2,2021-04-06,0,26,25.945,0.0,15.639
YSDU,2021-04-08,2,2021-04-07,0,26,25.224,0.0,10.548
YSDU,2021-04-09,2,2021-04-08,0,26,27.342,5.581,18.819
YSDU,2021-04-10,2,2021-04-09,0,26,21.153,0.0,20.933
YSDU,2021-04-11,2,2021-04-10,0,26,14.856,5.0,26.885
YSDU,2021-04-12,2,2021-04-11,0,26,16.218,0.0,9.898
YSDU,2021-04-13,2,2021-04-12,0,26,20.012,54.635,12.155
YSDU,2021-04-14,2,2021-04-13,0,26,22.83,3.089,18.493
YSDU,2021-04-15,2,2021-04-14,0,26,22.779,10.318,12.151
YSDU,2021-04-16,2,2021-04-15,0,26,20.668,93.352,14.768
YSDU,2021-04-17,2,2021-04-16,0,26,15.003,100.0,3.951
YSDU,2021-04-18,2,2021-04-17,0,26,19.322,91.2,4.059
YSDU,2021-04-19,2,2021-04-18,0,26,19.701,0.052,7.652
YSDU,2021-04-20,2,2021-04-19,0,26,20.469,99.374,14.271
YSDU,2021-04-21,2,2021-04-20,0,26,15.247,0.0,15.218
YSDU,2021-04-22,2,2021-04-21,0,26,15.942,0.0,15.856
YSDU,2021-04-23,2,2021-04-22,0,26,18.097,0.0,14.914
YSDU,2021-04-24,2,2021-04-23,0,26,19.461,6.533,8.33
YSDU,2021-04-25,2,2021-04-24,0,26,18.754,0.776,10.697
YSDU,2021-04-26,2,2021-04-25,0,26,19.86,0.0,6.445
YSDU,2021-04-27,2,2021-04-26,0,26,21.615,0.0,5.786
YSDU,2021-04-28,2,2021-04-27,0,26,21.413,100.0,7.805
YSDU,2021-04-29,2,2021-04-28,0,26,22.567,78.012,5.004
YSDU,2021-04-30,2,2021-04-29,0,26,22.351,0.0,10.765
YSDU,2021-05-01,2,2021-04-30,0,26,22.678,0.0,8.083
YSDU,2021-05-02,2,2021-05-01,0,26,21.823,90.243,7.093
YSDU,2021-05-03,2,2021-05-02,0,26,22.541,0.037,6.444
YSDU,2021-05-04,2,2021-05-03,0,26,13.108,55.93,4.235
YSDU,2021-05-05,2,2021-05-04,0,26,18.858,29.595,14.362
YSDU,2021-05-06,2,2021-05-05,0,26,21.697,68.432,17.597
YSDU,2021-05-07,2,2021-05-06,0,26,22.157,91.871,10.941
YSDU,2021-05-08,2,2021-05-07,0,26,22.064,100.0,8.602
YSDU,2021-05-09,2,2021-05-08,0,26,17.247,99.823,6.678
YSDU,2021-05-10,2,2021-05-09,0,26,21.082,30.005,17.978
YSDU,2021-05-11,2,2021-05-10,0,26,16.112,12.921,14.174
YSDU,2021-05-12,2,2021-05-11,0,26,16.734,62.258,5.282
YSDU,2021-05-13,2,2021-05-12,0,26,17.531,0.0,13.231
YSDU,2021-05-14,2,2021-05-13,0,26,14.541,0.0,18.725
YSDU,2021-05-15,2,2021-05-14,0,26,14.239,87.158,28.761
YSDU,2021-05-16,2,2021-05-15,0,26,13.473,0.0,10.881
YSDU,2021-05-17,2,2021-05-16,0,26,15.08,0.0,14.71
YSDU,2021-05-18,2,2021-05-17,0,26,15.644,0.0,7.407
YSDU,2021-05-19,2,2021-05-18,0,26,16.663,0.0,6.541
YSDU,2021-05-20,2,2021-05-19,0,26,17.282,100.0,7.123
YSDU,2021-05-21,2,2021-05-20,0,26,18.356,53.369,21.076
YSDU,2021-05-22,2,2021-05-21,0,26,18.694,0.0,11.034
YSDU,2021-05-23,2,2021-05-22,0,26,19.336,0.0,8.935
YSDU,2021-05-24,2,2021-05-23,0,26,19.626,43.794,12.402
YSDU,2021-05-25,2,2021-05-24,0,26,19.49,5.0,19.932
YSDU,2021-05-26,2,2021-05-25,0,26,17.254,0.0,17.307
YSDU,2021-05-27,2,2021-05-26,0,26,14.88,0.169,21.016
YSDU,2021-05-28,2,2021-05-27,0,26,15.18,0.0,17.522
YSDU,2021-05-29,2,2021-05-28,0,26,13.952,4.626,8.43
YSDU,2021-05-30,2,2021-05-29,0,26,15.769,0.0,9.104
YSDU,2021-05-31,2,2021-05-30,0,26,16.835,0.0,3.996
YSDU,2021-06-01,2,2021-05-31,0,26,16.769,100.0,8.194
YSDU,2021-06-02,2,2021-06-01,0,26,16.152,99.849,6.688
YSDU,2021-06-03,2,2021-06-02,0,26,13.311,100.0,15.158
YSDU,2021-06-04,2,2021-06-03,0,26,13.709,100.0,17.907
YSDU,2021-06-05,2,2021-06-04,0,26,12.787,0.0,7.154
YSDU,2021-06-06,2,2021-06-05,0,26,14.474,0.0,10.364
YSDU,2021-06-07,2,2021-06-06,0,26,15.592,98.208,7.584
YSDU,2021-06-08,2,2021-06-07,0,26,15.641,0.0,26.961
YSDU,2021-06-09,2,2021-06-08,0,26,5.819,100.0,20.951
YSDU,2021-06-10,2,2021-06-09,0,26,4.757,100.0,9.692
YSDU,2021-06-11,2,2021-06-10,0,26,10.964,46.242,16.129
YSDU,2021-06-12,2,2021-06-11,0,26,12.4,0.608,13.426
YSDU,2021-06-13,2,2021-06-12,0,26,12.963,47.49,4.602
YSDU,2021-06-14,2,2021-06-13,0,26,13.494,5.388,3.724
YSDU,2021-06-15,2,2021-06-14,0,26,14.347,98.505,5.332
YSDU,2021-06-16,2,2021-06-15,0,26,15.857,76.072,13.567
YSDU,2021-06-17,2,2021-06-16,0,26,12.437,4.309,18.091
YSDU,2021-06-18,2,2021-06-17,0,26,11.191,80.084,15.931
YSDU,2021-06-19,2,2021-06-18,0,26,14.27,0.0,16.927
YSDU,2021-06-20,2,2021-06-19,0,26,14.005,5.0,13.485
YSDU,2021-06-21,2,2021-06-20,0,26,14.887,0.0,13.513
YSDU,2021-06-22,2,2021-06-21,0,26,16.087,4.12,18.284
YSDU,2021-06-23,2,2021-06-22,0,26,16.433,100.0,25.609
YSDU,2021-06-24,2,2021-06-23,0,26,13.832,100.0,30.707
YSDU,2021-06-25,2,2021-06-24,0,26,13.514,1.552,12.483
YSDU,2021-06-26,2,2021-06-25,0,26,13.867,5.0,15.456
YSDU,2021-06-27,2,2021-06-26,0,26,12.803,0.381,14.706
YSDU,2021-06-28,2,2021-06-27,0,26,14.791,8.357,21.382
YSDU,2021-06-29,2,2021-06-28,0,26,15.975,4.991,21.28
YSDU,2021-06-30,2,2021-06-29,0,26,16.246,20.106,13.786
YSDU,2021-07-01,2,2021-06-30,0,26,14.044,88.788,14.672
YSDU,2021-07-02,2,2021-07-01,0,26,14.119,74.909,11.82
YSDU,2021-07-03,2,2021-07-02,0,26,13.853,5.0,13.011
YSDU,2021-07-04,2,2021-07-03,0,26,11.37,3.592,9.421
YSDU,2021-07-05,2,2021-07-04,0,26,12.15,17.776,11.71
YSDU,2021-07-06,2,2021-07-05,0,26,11.127,99.899,9.144
YSDU,2021-07-07,2,2021-07-06,0,26,11.701,0.0,8.382
YSDU,2021-07-08,2,2021-07-07,0,26,13.669,100.0,9.984
YSDU,2021-07-09,2,2021-07-08,0,26,10.8,100.0,4.168
YSDU,2021-07-10,2,2021-07-09,0,26,12.984,0.0,17.69
YSDU,2021-07-11,2,2021-07-10,0,26,14.418,99.675,13.613
YSDU,2021-07-12,2,2021-07-11,0,26,14.768,1.863,9.437
YSDU,2021-07-13,2,2021-07-12,0,26,14.926,100.0,14.519
YSDU,2021-07-14,2,2021-07-13,0,26,13.927,100.0,22.234
YSDU,2021-07-15,2,2021-07-14,0,26,17.104,5.052,23.72
YSDU,2021-07-16,2,2021-07-15,0,26,12.123,1.863,31.362
YSDU,2021-07-17,2,2021-07-16,0,26,6.973,98.038,23.921
YSDU,2021-07-18,2,2021-07-17,0,26,12.461,65.664,14.384
YSDU,2021-07-19,2,2021-07-18,0,26,10.251,100.0,10.993
YSDU,2021-07-20,2,2021-07-19,0,26,12.715,100.0,21.133
YSDU,2021-07-21,2,2021-07-20,0,26,9.749,5.0,20.326
YSDU,2021-07-22,2,2021-07-21,0,26,11.241,81.855,13.736
YSDU,2021-07-23,2,2021-07-22,0,26,10.318,97.758,23.313
YSDU,2021-07-24,2,2021-07-23,0,26,9.828,99.865,21.135
YSDU,2021-07-25,2,2021-07-24,0,26,8.307,99.775,24.876
YSDU,2021-07-26,2,2021-07-25,0,26,14.149,53.644,18.367
YSDU,2021-07-27,2,2021-07-26,0,26,14.835,6.305,19.491
YSDU,2021-07-28,2,2021-07-27,0,26,15.081,100.0,24.153
YSDU,2021-07-29,2,2021-07-28,0,26,11.667,0.424,14.625
YSDU,2021-07-30,2,2021-07-29,0,26,13.059,0.0,8.657
YSDU,2021-07-31,2,2021-07-30,0,26,15.023,29.297,17.059
YSDU,2021-08-01,2,2021-07-31,0,26,17.94,54.277,16.8
YSDU,2021-08-02,2,2021-08-01,0,26,15.566,0.0,16.616
YSDU,2021-08-03,2,2021-08-02,0,26,13.32,3.799,20.244
YSDU,2021-08-04,2,2021-08-03,0,26,10.27,100.0,27.519
YSDU,2021-08-05,2,2021-08-04,0,26,12.447,42.111,21.699
YSDU,2021-08-06,2,2021-08-05,0,26,14.866,46.279,19.144
YSDU,2021-08-07,2,2021-08-06,0,26,12.934,52.763,18.113
YSDU,2021-08-08,2,2021-08-07,0,26,15.478,31.865,24.75
YSDU,2021-08-09,2,2021-08-08,0,26,12.893,100.0,11.034
YSDU,2021-08-10,2,2021-08-09,0,26,17.916,4.619,20.107
YSDU,2021-08-11,2,2021-08-10,0,26,16.574,38.005,26.328
YSDU,2021-08-12,2,2021-08-11,0,26,15.201,0.8,13.038
YSDU,2021-08-13,2,2021-08-12,0,26,14.774,0.216,14.448
YSDU,2021-08-14,2,2021-08-13,0,26,15.757,0.0,9.082
YSDU,2021-08-15,2,2021-08-14,0,26,15.817,0.0,7.124
YSDU,2021-08-16,2,2021-08-15,0,26,15.336,0.0,18.173
YSDU,2021-08-17,2,2021-08-16,0,26,14.064,38.484,14.632
YSDU,2021-08-18,2,2021-08-17,0,26,16.674,0.694,13.413
YSDU,2021-08-19,2,2021-08-18,0,26,16.825,1.103,14.955
YSDU,2021-08-20,2,2021-08-19,0,26,18.132,0.45,15.903
YSDU,2021-08-21,2,2021-08-20,0,26,17.912,100.0,23.219
YSDU,2021-08-22,2,2021-08-21,0,26,22.526,80.876,19.752
YSDU,2021-08-23,2,2021-08-22,0,26,18.538,100.0,30.033
YSDU,2021-08-24,2,2021-08-23,0,26,6.386,100.0,23.902
YSDU,2021-08-25,2,2021-08-24,0,26,10.446,5.0,17.465
YSDU,2021-08-26,2,2021-08-25,0,26,12.514,100.0,10.302
YSDU,2021-08-27,2,2021-08-26,0,26,13.261,43.556,15.221
YSDU,2021-08-28,2,2021-08-27,0,26,14.451,0.0,11.882
YSDU,2021-08-29,2,2021-08-28,0,26,15.957,97.436,22.79
YSDU,2021-08-30,2,2021-08-29,0,26,15.717,99.205,10.054
YSDU,2021-08-31,2,2021-08-30,0,26,18.766,5.087,9.156
YSDU,2021-09-01,2,2021-08-31,0,26,21.399,4.602,9.754
YSDU,2021-09-02,2,2021-09-01,0,26,23.178,0.166,20.007
YSDU,2021-09-03,2,2021-09-02,0,26,20.782,4.988,23.038
YSDU,2021-09-04,2,2021-09-03,0,26,13.841,100.0,19.261
YSDU,2021-09-05,2,2021-09-04,0,26,13.277,4.775,25.55
YSDU,2021-09-06,2,2021-09-05,0,26,14.745,0.113,21.711
YSDU,2021-09-07,2,2021-09-06,0,26,16.299,0.0,19.451
YSDU,2021-09-08,2,2021-09-07,0,26,17.683,0.0,6.478
YSDU,2021-09-09,2,2021-09-08,0,26,19.432,14.168,9.594
YSDU,2021-09-10,2,2021-09-09,0,26,20.912,0.422,11.275
YSDU,2021-09-11,2,2021-09-10,0,26,22.458,0.0,21.569
YSDU,2021-09-12,2,2021-09-11,0,26,22.48,0.0,23.642
YSDU,2021-09-13,2,2021-09-12,0,26,14.022,5.0,16.327
YSDU,2021-09-14,2,2021-09-13,0,26,16.122,16.561,15.971
YSDU,2021-09-15,2,2021-09-14,0,26,16.775,3.23,7.735
YSDU,2021-09-16,2,2021-09-15,0,26,17.697,7.651,9.146
YSDU,2021-09-17,2,2021-09-16,0,26,20.598,0.0,13.089
YSDU,2021-09-18,2,2021-09-17,0,26,17.669,100.0,23.674
YSDU,2021-09-19,2,2021-09-18,0,26,18.519,0.0,10.512
YSDU,2021-09-20,2,2021-09-19,0,26,21.102,0.0,29.344
YSDU,2021-09-21,2,2021-09-20,0,26,8.951,17.134,24.304
YSDU,2021-09-22,2,2021-09-21,0,26,16.687,4.763,8.925
YSDU,2021-09-23,2,2021-09-22,0,26,19.798,0.0,11.98
YSDU,2021-09-24,2,2021-09-23,0,26,22.101,0.0,23.73
YSDU,2021-09-25,2,2021-09-24,0,26,18.27,0.0,18.863
YSDU,2021-09-26,2,2021-09-25,0,26,18.693,7.319,24.0
YSDU,2021-09-27,2,2021-09-26,0,26,15.308,87.907,15.127
YSDU,2021-09-28,2,2021-09-27,0,26,16.249,97.115,15.486
YSDU,2021-09-29,2,2021-09-28,0,26,13.089,100.0,26.367
YSDU,2021-09-30,2,2021-09-29,0,26,18.053,95.722,23.502
YSDU,2021-10-01,2,2021-09-30,0,26,22.629,88.353,19.684
YSDU,2021-10-02,2,2021-10-01,0,26,16.458,94.217,18.255
YSDU,2021-10-03,2,2021-10-02,0,26,21.016,35.967,13.416
YSDU,2021-10-04,2,2021-10-03,0,26,20.779,0.0,22.158
YSDU,2021-10-05,2,2021-10-04,0,26,17.728,0.0,27.012
YSDU,2021-10-06,2,2021-10-05,0,26,20.798,0.0,7.845
YSDU,2021-10-07,2,2021-10-06,0,26,24.381,100.0,27.88
YSDU,2021-10-08,2,2021-10-07,0,26,23.82,59.411,9.286
YSDU,2021-10-09,2,2021-10-08,0,26,28.269,1.009,21.514
YSDU,2021-10-10,2,2021-10-09,0,26,24.592,100.0,14.622
YSDU,2021-10-11,2,2021-10-10,0,26,15.268,99.199,10.485
YSDU,2021-10-12,2,2021-10-11,0,26,15.114,98.291,28.432
YSDU,2021-10-13,2,2021-10-12,0,26,18.955,99.248,15.758
YSDU,2021-10-14,2,2021-10-13,0,26,21.64,61.953,29.222
YSDU,2021-10-15,2,2021-10-14,0,26,15.582,100.0,32.401
YSDU,2021-10-16,2,2021-10-15,0,26,16.565,50.989,22.996
YSDU,2021-10-17,2,2021-10-16,0,26,20.749,27.498,13.098
YSDU,2021-10-18,2,2021-10-17,0,26,23.98,0.406,9.812
YSDU,2021-10-19,2,2021-10-18,0,26,24.893,4.757,14.366
YSDU,2021-10-20,2,2021-10-19,0,26,22.367,3.971,13.831
YSDU,2021-10-21,2,2021-10-20,0,26,23.663,100.0,17.972
YSDU,2021-10-22,2,2021-10-21,0,26,26.701,0.0,7.799
YSDU,2021-10-23,2,2021-10-22,0,26,31.239,52.769,9.823
YSDU,2021-10-24,2,2021-10-23,0,26,22.747,0.0,20.869
YSDU,2021-10-25,2,2021-10-24,0,26,21.107,0.0,19.338
YSDU,2021-10-26,2,2021-10-25,0,26,25.218,0.0,3.441
YSDU,2021-10-27,2,2021-10-26,0,26,27.831,0.056,13.179
YSDU,2021-10-28,2,2021-10-27,0,26,30.621,99.904,13.634
YSDU,2021-10-29,2,2021-10-28,0,26,31.083,66.779,34.318
YSDU,2021-10-30,2,2021-10-29,0,26,23.041,0.0,19.587
YSDU,2021-10-31,2,2021-10-30,0,26,23.369,0.338,13.27
YSDU,2021-11-01,2,2021-10-31,0,26,25.237,80.054,12.308
YSDU,2021-11-02,2,2021-11-01,0,26,21.841,98.648,14.474
YSDU,2021-11-03,2,2021-11-02,0,26,28.226,99.831,20.482
YSDU,2021-11-04,2,2021-11-03,0,26,17.488,100.0,8.288
YSDU,2021-11-05,2,2021-11-04,0,26,20.562,46.541,15.526
YSDU,2021-11-06,2,2021-11-05,0,26,26.223,34.226,18.049
YSDU,2021-11-07,2,2021-11-06,0,26,24.399,100.0,18.337
YSDU,2021-11-08,2,2021-11-07,0,26,28.116,17.424,19.016
YSDU,2021-11-09,2,2021-11-08,0,26,25.985,69.132,17.515
YSDU,2021-11-10,2,2021-11-09,0,26,26.859,93.589,19.441
YSDU,2021-11-11,2,2021-11-10,0,26,19.25,98.423,7.39
YSDU,2021-11-12,2,2021-11-11,0,26,21.513,81.688,37.371
YSDU,2021-11-13,2,2021-11-12,0,26,10.454,100.0,32.439
YSDU,2021-11-14,2,2021-11-13,0,26,16.98,98.456,27.95
YSDU,2021-11-15,2,2021-11-14,0,26,17.775,5.036,26.665
YSDU,2021-11-16,2,2021-11-15,0,26,18.95,0.211,15.743
YSDU,2021-11-17,2,2021-11-16,0,26,23.084,0.0,9.262
YSDU,2021-11-18,2,2021-11-17,0,26,26.721,0.919,16.83
YSDU,2021-11-19,2,2021-11-18,0,26,29.474,99.932,25.132
YSDU,2021-11-20,2,2021-11-19,0,26,31.311,100.0,15.277
YSDU,2021-11-21,2,2021-11-20,0,26,16.703,100.0,10.813
YSDU,2021-11-22,2,2021-11-21,0,26,15.873,99.914,22.549
YSDU,2021-11-23,2,2021-11-22,0,26,24.272,100.0,21.864
YSDU,2021-11-24,2,2021-11-23,0,26,27.349,100.0,20.644
YSDU,2021-11-25,2,2021-11-24,0,26,20.525,98.082,16.739
YSDU,2021-11-26,2,2021-11-25,0,26,25.978,45.407,17.384
YSDU,2021-11-27,2,2021-11-26,0,26,16.315,100.0,22.725
YSDU,2021-11-28,2,2021-11-27,0,26,20.569,99.806,25.436
YSDU,2021-11-29,2,2021-11-28,0,26,22.016,90.361,9.822
YSDU,2021-11-30,2,2021-11-29,0,26,25.861,100.0,9.381
YSDU,2021-12-01,2,2021-11-30,0,26,24.612,26.966,13.967
YSDU,2021-12-02,2,2021-12-01,0,26,28.122,0.0,10.733
YSDU,2021-12-03,2,2021-12-02,0,26,31.473,0.0,12.5
YSDU,2021-12-04,2,2021-12-03,0,26,28.001,95.561,18.816
YSDU,2021-12-05,2,2021-12-04,0,26,24.774,52.444,23.577
YSDU,2021-12-06,2,2021-12-05,0,26,22.248,100.0,13.842
YSDU,2021-12-07,2,2021-12-06,0,26,27.098,50.558,24.664
YSDU,2021-12-08,2,2021-12-07,0,26,28.189,37.076,10.422
YSDU,2021-12-09,2,2021-12-08,0,26,21.588,1.811,16.621
YSDU,2021-12-10,2,2021-12-09,0,26,21.811,4.133,13.937
YSDU,2021-12-11,2,2021-12-10,0,26,23.808,0.0,11.593
YSDU,2021-12-12,2,2021-12-11,0,26,24.709,0.792,10.142
YSDU,2021-12-13,2,2021-12-12,0,26,28.114,0.0,8.523
YSDU,2021-12-14,2,2021-12-13,0,26,30.644,4.904,11.949
YSDU,2021-12-15,2,2021-12-14,0,26,32.738,4.156,8.776
YSDU,2021-12-16,2,2021-12-15,0,26,31.019,81.535,13.368
YSDU,2021-12-17,2,2021-12-16,0,26,31.861,0.0,9.951
YSDU,2021-12-18,2,2021-12-17,0,26,33.43,99.629,25.712
YSDU,2021-12-19,2,2021-12-18,0,26,35.003,99.358,32.5
YSDU,2021-12-20,2,2021-12-19,0,26,31.885,3.06,14.56
YSDU,2021-12-21,2,2021-12-20,0,26,33.479,2.727,11.217
YSDU,2021-12-22,2,2021-12-21,0,26,29.747,99.064,15.604
YSDU,2021-12-23,2,2021-12-22,0,26,31.517,21.799,4.423
YSDU,2021-12-24,2,2021-12-23,0,26,32.498,86.864,8.478
YSDU,2021-12-25,2,2021-12-24,0,26,33.536,30.946,5.333
YSDU,2021-12-26,2,2021-12-25,0,26,33.798,82.395,6.162
YSDU,2021-12-27,2,2021-12-26,0,26,27.402,28.987,22.19
YSDU,2021-12-28,2,2021-12-27,0,26,25.719,29.878,24.634
YSDU,2021-12-29,2,2021-12-28,0,26,25.96,0.043,13.446
YSDU,2021-12-30,2,2021-12-29,0,26,28.608,0.0,14.875
YSDU,2021-12-31,2,2021-12-30,0,26,31.041,0.0,2.471
YSDU,2022-01-01,2,2021-12-31,0,26,31.602,3.671,10.502
YSDU,2022-01-02,2,2022-01-01,0,26,34.435,0.037,6.06
YSDU,2022-01-03,2,2022-01-02,0,26,34.241,0.0,8.878
YSDU,2022-01-04,2,2022-01-03,0,26,32.626,0.0,16.574
YSDU,2022-01-05,2,2022-01-04,0,26,32.845,0.0,17.285
YSDU,2022-01-06,2,2022-01-05,0,26,34.568,11.801,17.155
YSDU,2022-01-07,2,2022-01-06,0,26,33.732,26.394,18.242
YSDU,2022-01-08,2,2022-01-07,0,26,25.916,100.0,16.606
YSDU,2022-01-09,2,2022-01-08,0,26,29.728,68.904,10.664
YSDU,2022-01-10,2,2022-01-09,0,26,31.964,68.179,13.859
YSDU,2022-01-11,2,2022-01-10,0,26,32.907,3.975,12.052
YSDU,2022-01-12,2,2022-01-11,0,26,30.862,47.344,11.637
YSDU,2022-01-13,2,2022-01-12,0,26,29.58,25.235,10.736
YSDU,2022-01-14,2,2022-01-13,0,26,30.713,15.698,23.835
YSDU,2022-01-15,2,2022-01-14,0,26,31.473,43.167,24.15
YSDU,2022-01-16,2,2022-01-15,0,26,34.304,0.0,8.013
YSDU,2022-01-17,2,2022-01-16,0,26,35.987,79.808,4.187
YSDU,2022-01-18,2,2022-01-17,0,26,22.677,100.0,11.75
YSDU,2022-01-19,2,2022-01-18,0,26,18.422,100.0,19.645
YSDU,2022-01-20,2,2022-01-19,0,26,27.349,0.0,32.316
YSDU,2022-01-21,2,2022-01-20,0,26,27.762,87.667,23.789
YSDU,2022-01-22,2,2022-01-21,0,26,27.342,0.0,15.837
YSDU,2022-01-23,2,2022-01-22,0,26,28.606,0.338,14.342
YSDU,2022-01-24,2,2022-01-23,0,26,27.944,100.0,6.912
YSDU,2022-01-25,2,2022-01-24,0,26,23.972,100.0,10.459
YSDU,2022-01-26,2,2022-01-25,0,26,28.28,73.342,10.566
YSDU,2022-01-27,2,2022-01-26,0,26,28.721,97.161,15.137
YSDU,2022-01-28,2,2022-01-27,0,26,27.115,90.344,12.458
YSDU,2022-01-29,2,2022-01-28,0,26,29.184,99.538,13.123
YSDU,2022-01-30,2,2022-01-29,0,26,30.463,59.199,6.606
YSDU,2022-01-31,2,2022-01-30,0,26,31.76,0.229,7.959
YSDU,2022-02-01,2,2022-01-31,0,26,31.184,99.704,17.677
YSDU,2022-02-02,2,2022-02-01,0,26,22.374,100.0,13.285
YSDU,2022-02-03,2,2022-02-02,0,26,27.158,0.0,6.445
YSDU,2022-02-04,2,2022-02-03,0,26,25.339,1.581,21.437
YSDU,2022-02-05,2,2022-02-04,0,26,25.461,1.961,25.703
YSDU,2022-02-06,2,2022-02-05,0,26,26.715,20.971,27.577
YSDU,2022-02-07,2,2022-02-06,0,26,26.152,0.108,16.442
YSDU,2022-02-08,2,2022-02-07,0,26,26.658,0.0,7.739
YSDU,2022-02-09,2,2022-02-08,0,26,31.154,5.635,9.937
YSDU,2022-02-10,2,2022-02-09,0,26,33.687,20.031,14.279
YSDU,2022-02-11,2,2022-02-10,0,26,31.939,0.0,9.994
YSDU,2022-02-12,2,2022-02-11,0,26,28.744,0.0,18.66
YSDU,2022-02-13,2,2022-02-12,0,26,28.196,0.0,12.729
YSDU,2022-02-14,2,2022-02-13,0,26,29.667,98.343,5.924
YSDU,2022-02-15,2,2022-02-14,0,26,30.895,0.0,7.963
YSDU,2022-02-16,2,2022-02-15,0,26,30.67,0.0,9.555
YSDU,2022-02-17,2,2022-02-16,0,26,33.606,25.869,20.969
YSDU,2022-02-18,2,2022-02-17,0,26,32.667,5.283,19.46
YSDU,2022-02-19,2,2022-02-18,0,26,29.263,17.62,27.143
YSDU,2022-02-20,2,2022-02-19,0,26,31.399,0.044,25.371
YSDU,2022-02-21,2,2022-02-20,0,26,30.315,100.0,15.177
YSDU,2022-02-22,2,2022-02-21,0,26,30.795,35.7,16.506
YSDU,2022-02-23,2,2022-02-22,0,26,30.031,92.768,15.36
YSDU,2022-02-24,2,2022-02-23,0,26,26.738,44.867,12.614
YSDU,2022-02-25,2,2022-02-24,0,26,24.449,97.014,15.222
YSDU,2022-02-26,2,2022-02-25,0,26,26.436,43.228,25.488
YSDU,2022-02-27,2,2022-02-26,0,26,29.331,13.034,13.67
YSDU,2022-02-28,2,2022-02-27,0,26,29.576,40.327,12.846
YSDU,2022-03-01,2,2022-02-28,0,26,29.658,82.517,14.408
YSDU,2022-03-02,2,2022-03-01,0,26,29.432,89.476,7.855
YSDU,2022-03-03,2,2022-03-02,0,26,29.458,8.147,13.779
YSDU,2022-03-04,2,2022-03-03,0,26,31.12,65.397,14.158
YSDU,2022-03-05,2,2022-03-04,0,26,31.738,99.479,14.425
YSDU,2022-03-06,2,2022-03-05,0,26,26.786,92.206,12.155
YSDU,2022-03-07,2,2022-03-06,0,26,29.023,83.381,23.006
YSDU,2022-03-08,2,2022-03-07,0,26,26.442,99.692,11.758
YSDU,2022-03-09,2,2022-03-08,0,26,25.453,4.904,13.716
YSDU,2022-03-10,2,2022-03-09,0,26,25.675,0.0,13.945
YSDU,2022-03-11,2,2022-03-10,0,26,26.786,5.063,10.88
YSDU,2022-03-12,2,2022-03-11,0,26,26.828,100.0,12.778
YSDU,2022-03-13,2,2022-03-12,0,26,26.621,8.242,7.98
YSDU,2022-03-14,2,2022-03-13,0,26,27.643,0.056,11.513
YSDU,2022-03-15,2,2022-03-14,0,26,27.198,97.43,18.024
YSDU,2022-03-16,2,2022-03-15,0,26,25.781,98.686,8.727
YSDU,2022-03-17,2,2022-03-16,0,26,28.616,79.305,4.618
YSDU,2022-03-18,2,2022-03-17,0,26,29.58,1.787,8.56
YSDU,2022-03-19,2,2022-03-18,0,26,28.044,35.32,21.066
YSDU,2022-03-20,2,2022-03-19,0,26,28.634,0.0,10.687
YSDU,2022-03-21,2,2022-03-20,0,26,29.345,0.0,4.68
YSDU,2022-03-22,2,2022-03-21,0,26,30.46,18.104,12.841
YSDU,2022-03-23,2,2022-03-22,0,26,28.897,93.474,11.187
YSDU,2022-03-24,2,2022-03-23,0,26,26.59,95.84,12.348
YSDU,2022-03-25,2,2022-03-24,0,26,25.722,90.462,17.322
YSDU,2022-03-26,2,2022-03-25,0,26,22.919,88.304,27.626
YSDU,2022-03-27,2,2022-03-26,0,26,21.312,99.66,16.086
YSDU,2022-03-28,2,2022-03-27,0,26,25.512,84.315,5.467
YSDU,2022-03-29,2,2022-03-28,0,26,20.872,99.975,10.304
YSDU,2022-03-30,2,2022-03-29,0,26,25.679,63.39,11.706
YSDU,2022-03-31,2,2022-03-30,0,26,25.878,3.443,15.729
YSDU,2022-04-01,2,2022-03-31,0,26,20.395,89.404,19.923
YSDU,2022-04-02,2,2022-04-01,0,26,20.747,21.603,9.634
YSDU,2022-04-03,2,2022-04-02,0,26,23.26,50.374,13.721
YSDU,2022-04-04,2,2022-04-03,0,26,21.108,82.463,10.786
YSDU,2022-04-05,2,2022-04-04,0,26,27.149,0.0,6.026
YSDU,2022-04-06,2,2022-04-05,0,26,26.936,0.0,10.422
YSDU,2022-04-07,2,2022-04-06,0,26,20.154,95.362,20.494
YSDU,2022-04-08,2,2022-04-07,0,26,17.364,100.0,18.247
YSDU,2022-04-09,2,2022-04-08,0,26,18.649,100.0,14.531
YSDU,2022-04-10,2,2022-04-09,0,26,23.703,43.461,8.886
YSDU,2022-04-11,2,2022-04-10,0,26,25.693,2.177,10.817
YSDU,2022-04-12,2,2022-04-11,0,26,24.668,6.018,5.917
YSDU,2022-04-13,2,2022-04-12,0,26,22.614,0.0,15.052
YSDU,2022-04-14,2,2022-04-13,0,26,22.247,0.0,16.463
YSDU,2022-04-15,2,2022-04-14,0,26,22.676,26.193,1.61
YSDU,2022-04-16,2,2022-04-15,0,26,23.576,4.267,8.742
YSDU,2022-04-17,2,2022-04-16,0,26,23.464,0.0,6.806
YSDU,2022-04-18,2,2022-04-17,0,26,24.075,100.0,13.711
YSDU,2022-04-19,2,2022-04-18,0,26,25.213,99.324,27.197
YSDU,2022-04-20,2,2022-04-19,0,26,19.13,9.404,14.558
YSDU,2022-04-21,2,2022-04-20,0,26,20.463,32.557,13.508
YSDU,2022-04-22,2,2022-04-21,0,26,21.936,28.411,25.326
YSDU,2022-04-23,2,2022-04-22,0,26,20.867,53.772,21.496
YSDU,2022-04-24,2,2022-04-23,0,26,21.934,3.196,19.707
YSDU,2022-04-25,2,2022-04-24,0,26,21.199,30.429,15.144
YSDU,2022-04-26,2,2022-04-25,0,26,20.208,100.0,15.179
YSDU,2022-04-27,2,2022-04-26,0,26,14.372,100.0,16.62
YSDU,2022-04-28,2,2022-04-27,0,26,18.128,100.0,10.36
YSDU,2022-04-29,2,2022-04-28,0,26,24.09,16.566,15.225
YSDU,2022-04-30,2,2022-04-29,0,26,15.708,100.0,2.426
YSDU,2022-05-01,2,2022-04-30,0,26,17.646,0.0,12.461
YSDU,2022-05-02,2,2022-05-01,0,26,20.086,5.0,9.326
YSDU,2022-05-03,2,2022-05-02,0,26,21.365,0.0,7.6
YSDU,2022-05-04,2,2022-05-03,0,26,20.337,57.747,14.608
YSDU,2022-05-05,2,2022-05-04,0,26,15.338,100.0,15.022
YSDU,2022-05-06,2,2022-05-05,0,26,14.585,0.0,9.795
YSDU,2022-05-07,2,2022-05-06,0,26,14.594,4.149,11.763
YSDU,2022-05-08,2,2022-05-07,0,26,15.818,0.0,9.706
YSDU,2022-05-09,2,2022-05-08,0,26,18.813,0.0,21.39
YSDU,2022-05-10,2,2022-05-09,0,26,19.311,96.554,25.486
YSDU,2022-05-11,2,2022-05-10,0,26,15.277,100.0,21.816
YSDU,2022-05-12,2,2022-05-11,0,26,15.654,100.0,20.827
YSDU,2022-05-13,2,2022-05-12,0,26,18.773,61.771,7.714
YSDU,2022-05-14,2,2022-05-13,0,26,19.739,89.064,4.185
YSDU,2022-05-15,2,2022-05-14,0,26,20.751,93.741,6.979
YSDU,2022-05-16,2,2022-05-15,0,26,19.992,0.0,9.175
YSDU,2022-05-17,2,2022-05-16,0,26,17.065,0.0,13.459
YSDU,2022-05-18,2,2022-05-17,0,26,15.475,2.22,16.172
YSDU,2022-05-19,2,2022-05-18,0,26,13.767,30.431,15.073
YSDU,2022-05-20,2,2022-05-19,0,26,15.526,100.0,22.246
YSDU,2022-05-21,2,2022-05-20,0,26,18.223,29.572,24.129
YSDU,2022-05-22,2,2022-05-21,0,26,17.876,100.0,21.722
YSDU,2022-05-23,2,2022-05-22,0,26,17.565,84.527,21.781
YSDU,2022-05-24,2,2022-05-23,0,26,16.782,10.669,18.128
YSDU,2022-05-25,2,2022-05-24,0,26,17.34,100.0,11.455
YSDU,2022-05-26,2,2022-05-25,0,26,16.802,98.46,6.4
YSDU,2022-05-27,2,2022-05-26,0,26,19.174,5.0,3.173
YSDU,2022-05-28,2,2022-05-27,0,26,14.741,100.0,12.112
YSDU,2022-05-29,2,2022-05-28,0,26,14.705,3.763,14.228
YSDU,2022-05-30,2,2022-05-29,0,26,10.29,100.0,31.631
YSDU,2022-05-31,2,2022-05-30,0,26,9.558,93.591,27.216
YSDU,2022-06-01,2,2022-05-31,0,26,10.08,29.024,25.299
YSDU,2022-06-02,2,2022-06-01,0,26,11.996,99.911,6.232
YSDU,2022-06-03,2,2022-06-02,0,26,9.662,99.944,5.738
YSDU,2022-06-04,2,2022-06-03,0,26,11.855,82.066,12.705
YSDU,2022-06-05,2,2022-06-04,0,26,13.123,100.0,25.281
YSDU,2022-06-06,2,2022-06-05,0,26,11.29,100.0,22.106
YSDU,2022-06-07,2,2022-06-06,0,26,11.819,41.624,24.789
YSDU,2022-06-08,2,2022-06-07,0,26,10.89,46.477,19.385
YSDU,2022-06-09,2,2022-06-08,0,26,11.524,54.478,23.778
YSDU,2022-06-10,2,2022-06-09,0,26,12.075,100.0,22.108
YSDU,2022-06-11,2,2022-06-10,0,26,11.079,29.648,18.558
YSDU,2022-06-12,2,2022-06-11,0,26,11.197,18.759,19.501
YSDU,2022-06-13,2,2022-06-12,0,26,13.461,4.047,8.295
YSDU,2022-06-14,2,2022-06-13,0,26,13.084,0.0,3.987
YSDU,2022-06-15,2,2022-06-14,0,26,13.386,0.0,11.028
YSDU,2022-06-16,2,2022-06-15,0,26,11.309,100.0,8.312
YSDU,2022-06-17,2,2022-06-16,0,26,14.435,10.972,10.885
YSDU,2022-06-18,2,2022-06-17,0,26,15.374,0.0,8.793
YSDU,2022-06-19,2,2022-06-18,0,26,15.038,100.0,15.585
YSDU,2022-06-20,2,2022-06-19,0,26,17.016,3.317,16.016
YSDU,2022-06-21,2,2022-06-20,0,26,16.982,42.903,14.575
YSDU,2022-06-22,2,2022-06-21,0,26,14.012,0.0,12.998
YSDU,2022-06-23,2,2022-06-22,0,26,14.846,97.23,10.543
YSDU,2022-06-24,2,2022-06-23,0,26,14.621,3.907,16.388
YSDU,2022-06-25,2,2022-06-24,0,26,15.227,0.37,10.323
YSDU,2022-06-26,2,2022-06-25,0,26,15.393,100.0,7.33
YSDU,2022-06-27,2,2022-06-26,0,26,12.964,0.487,20.942
YSDU,2022-06-28,2,2022-06-27,0,26,12.865,10.236,14.871
YSDU,2022-06-29,2,2022-06-28,0,26,13.718,100.0,9.868
YSDU,2022-06-30,2,2022-06-29,0,26,11.561,99.945,4.381
YSDU,2022-07-01,2,2022-06-30,0,26,13.684,100.0,13.511
YSDU,2022-07-02,2,2022-07-01,0,26,14.073,67.864,13.831
YSDU,2022-07-03,2,2022-07-02,0,26,12.794,97.64,6.797
YSDU,2022-07-04,2,2022-07-03,0,26,12.847,98.817,11.905
YSDU,2022-07-05,2,2022-07-04,0,26,15.348,99.982,33.043
YSDU,2022-07-06,2,2022-07-05,0,26,15.902,95.467,23.265
YSDU,2022-07-07,2,2022-07-06,0,26,14.094,5.315,20.75
YSDU,2022-07-08,2,2022-07-07,0,26,10.944,48.088,17.894
YSDU,2022-07-09,2,2022-07-08,0,26,11.452,5.442,15.237
YSDU,2022-07-10,2,2022-07-09,0,26,12.974,41.017,18.743
YSDU,2022-07-11,2,2022-07-10,0,26,14.06,57.28,11.886
YSDU,2022-07-12,2,2022-07-11,0,26,13.271,100.0,4.427
YSDU,2022-07-13,2,2022-07-12,0,26,11.223,35.179,20.008
YSDU,2022-07-14,2,2022-07-13,0,26,12.217,0.0,15.751
YSDU,2022-07-15,2,2022-07-14,0,26,12.246,0.0,4.809
YSDU,2022-07-16,2,2022-07-15,0,26,11.731,99.718,11.83
YSDU,2022-07-17,2,2022-07-16,0,26,14.567,0.0,25.354
YSDU,2022-07-18,2,2022-07-17,0,26,10.419,5.0,16.616
YSDU,2022-07-19,2,2022-07-18,0,26,12.742,12.586,22.583
YSDU,2022-07-20,2,2022-07-19,0,26,14.803,49.067,28.283
YSDU,2022-07-21,2,2022-07-20,0,26,13.901,90.315,27.789
YSDU,2022-07-22,2,2022-07-21,0,26,16.118,3.952,27.579
YSDU,2022-07-23,2,2022-07-22,0,26,16.124,45.455,18.209
YSDU,2022-07-24,2,2022-07-23,0,26,16.901,0.0,11.565
YSDU,2022-07-25,2,2022-07-24,0,26,16.552,32.674,8.647
YSDU,2022-07-26,2,2022-07-25,0,26,12.522,6.945,23.905
YSDU,2022-07-27,2,2022-07-26,0,26,12.448,8.848,27.441
YSDU,2022-07-28,2,2022-07-27,0,26,14.381,15.668,14.394
YSDU,2022-07-29,2,2022-07-28,0,26,12.952,5.0,14.107
YSDU,2022-07-30,2,2022-07-29,0,26,13.418,0.0,14.941
YSDU,2022-07-31,2,2022-07-30,0,26,13.966,100.0,22.832
YSDU,2022-08-01,2,2022-07-31,0,26,15.477,0.166,15.385
YSDU,2022-08-02,2,2022-08-01,0,26,15.08,17.406,5.003
YSDU,2022-08-03,2,2022-08-02,0,26,18.79,4.944,26.289
YSDU,2022-08-04,2,2022-08-03,0,26,14.069,100.0,22.717
YSDU,2022-08-05,2,2022-08-04,0,26,17.64,0.0,19.006
YSDU,2022-08-06,2,2022-08-05,0,26,13.86,4.885,19.034
YSDU,2022-08-07,2,2022-08-06,0,26,13.388,66.035,15.754
YSDU,2022-08-08,2,2022-08-07,0,26,13.815,9.448,5.107
YSDU,2022-08-09,2,2022-08-08,0,26,14.222,0.877,8.62
YSDU,2022-08-10,2,2022-08-09,0,26,14.82,0.0,16.562
YSDU,2022-08-11,2,2022-08-10,0,26,13.41,99.752,19.112
YSDU,2022-08-12,2,2022-08-11,0,26,10.495,100.0,7.177
YSDU,2022-08-13,2,2022-08-12,0,26,14.298,7.268,18.23
YSDU,2022-08-14,2,2022-08-13,0,26,10.835,78.028,21.476
YSDU,2022-08-15,2,2022-08-14,0,26,10.538,100.0,14.205
YSDU,2022-08-16,2,2022-08-15,0,26,12.593,13.672,14.905
YSDU,2022-08-17,2,2022-08-16,0,26,14.661,18.698,6.849
YSDU,2022-08-18,2,2022-08-17,0,26,16.071,62.024,13.36
YSDU,2022-08-19,2,2022-08-18,0,26,10.726,53.508,18.896
YSDU,2022-08-20,2,2022-08-19,0,26,14.295,19.818,14.858
YSDU,2022-08-21,2,2022-08-20,0,26,15.626,43.279,5.415
YSDU,2022-08-22,2,2022-08-21,0,26,15.56,2.08,20.445
YSDU,2022-08-23,2,2022-08-22,0,26,5.32,100.0,24.245
YSDU,2022-08-24,2,2022-08-23,0,26,11.194,5.0,20.915
YSDU,2022-08-25,2,2022-08-24,0,26,12.742,91.735,14.049
YSDU,2022-08-26,2,2022-08-25,0,26,15.945,9.879,12.397
YSDU,2022-08-27,2,2022-08-26,0,26,17.297,5.192,15.368
YSDU,2022-08-28,2,2022-08-27,0,26,17.88,19.021,14.208
YSDU,2022-08-29,2,2022-08-28,0,26,13.041,100.0,16.437
YSDU,2022-08-30,2,2022-08-29,0,26,14.814,61.611,12.369
YSDU,2022-08-31,2,2022-08-30,0,26,16.5,0.0,9.253
YSDU,2022-09-01,2,2022-08-31,0,26,18.485,13.841,16.164
YSDU,2022-09-02,2,2022-09-01,0,26,14.732,100.0,7.429
YSDU,2022-09-03,2,2022-09-02,0,26,13.096,100.0,16.565
YSDU,2022-09-04,2,2022-09-03,0,26,15.715,74.347,17.987
YSDU,2022-09-05,2,2022-09-04,0,26,15.866,84.064,6.821
YSDU,2022-09-06,2,2022-09-05,0,26,16.83,94.59,12.995
YSDU,2022-09-07,2,2022-09-06,0,26,12.381,100.0,9.55
YSDU,2022-09-08,2,2022-09-07,0,26,17.406,100.0,29.465
YSDU,2022-09-09,2,2022-09-08,0,26,18.196,7.754,20.195
YSDU,2022-09-10,2,2022-09-09,0,26,10.973,100.0,18.662
YSDU,2022-09-11,2,2022-09-10,0,26,14.408,5.0,14.446
YSDU,2022-09-12,2,2022-09-11,0,26,15.4,6.388,12.209
YSDU,2022-09-13,2,2022-09-12,0,26,15.595,28.073,7.451
YSDU,2022-09-14,2,2022-09-13,0,26,17.078,99.82,11.517
YSDU,2022-09-15,2,2022-09-14,0,26,12.764,100.0,6.084
YSDU,2022-09-16,2,2022-09-15,0,26,18.601,1.468,21.767
YSDU,2022-09-17,2,2022-09-16,0,26,16.358,95.841,25.804
YSDU,2022-09-18,2,2022-09-17,0,26,15.963,97.544,24.418
YSDU,2022-09-19,2,2022-09-18,0,26,16.854,4.994,17.599
YSDU,2022-09-20,2,2022-09-19,0,26,17.5,4.732,8.893
YSDU,2022-09-21,2,2022-09-20,0,26,13.252,100.0,18.774
YSDU,2022-09-22,2,2022-09-21,0,26,17.844,65.17,6.5
YSDU,2022-09-23,2,2022-09-22,0,26,19.881,61.661,6.9
YSDU,2022-09-24,2,2022-09-23,0,26,18.365,20.933,19.266
YSDU,2022-09-25,2,2022-09-24,0,26,17.685,0.052,13.191
YSDU,2022-09-26,2,2022-09-25,0,26,18.314,100.0,8.407
YSDU,2022-09-27,2,2022-09-26,0,26,18.797,46.834,13.189
YSDU,2022-09-28,2,2022-09-27,0,26,10.81,84.304,13.036
YSDU,2022-09-29,2,2022-09-28,0,26,18.865,51.953,11.067
YSDU,2022-09-30,2,2022-09-29,0,26,18.414,47.637,12.011
YSDU,2022-10-01,2,2022-09-30,0,26,16.791,94.251,19.859
YSDU,2022-10-02,2,2022-10-01,0,26,17.47,21.761,9.902
YSDU,2022-10-03,2,2022-10-02,0,26,18.705,92.196,10.336
YSDU,2022-10-04,2,2022-10-03,0,26,21.151,44.034,10.432
YSDU,2022-10-05,2,2022-10-04,0,26,12.591,100.0,28.729
YSDU,2022-10-06,2,2022-10-05,0,26,14.476,100.0,14.597
YSDU,2022-10-07,2,2022-10-06,0,26,15.59,100.0,20.249
YSDU,2022-10-08,2,2022-10-07,0,26,16.931,100.0,14.61
YSDU,2022-10-09,2,2022-10-08,0,26,16.224,15.741,10.715
YSDU,2022-10-10,2,2022-10-09,0,26,17.662,0.326,11.376
YSDU,2022-10-11,2,2022-10-10,0,26,18.893,100.0,13.546
YSDU,2022-10-12,2,2022-10-11,0,26,20.506,100.0,14.062
YSDU,2022-10-13,2,2022-10-12,0,26,21.979,100.0,23.993
YSDU,2022-10-14,2,2022-10-13,0,26,17.437,62.486,18.782
YSDU,2022-10-15,2,2022-10-14,0,26,18.941,0.18,6.839
YSDU,2022-10-16,2,2022-10-15,0,26,19.111,68.255,16.847
YSDU,2022-10-17,2,2022-10-16,0,26,19.286,34.107,11.32
YSDU,2022-10-18,2,2022-10-17,0,26,22.116,95.617,12.912
YSDU,2022-10-19,2,2022-10-18,0,26,17.123,100.0,14.992
YSDU,2022-10-20,2,2022-10-19,0,26,17.728,100.0,19.536
YSDU,2022-10-21,2,2022-10-20,0,26,21.217,55.354,21.043
YSDU,2022-10-22,2,2022-10-21,0,26,22.301,29.437,19.201
YSDU,2022-10-23,2,2022-10-22,0,26,21.224,90.913,7.808
YSDU,2022-10-24,2,2022-10-23,0,26,21.555,100.0,17.832
YSDU,2022-10-25,2,2022-10-24,0,26,23.007,1.792,18.762
YSDU,2022-10-26,2,2022-10-25,0,26,22.837,20.641,23.098
YSDU,2022-10-27,2,2022-10-26,0,26,20.213,98.541,15.312
YSDU,2022-10-28,2,2022-10-27,0,26,19.411,8.937,31.011
YSDU,2022-10-29,2,2022-10-28,0,26,18.557,66.711,20.527
YSDU,2022-10-30,2,2022-10-29,0,26,19.75,99.994,5.781
YSDU,2022-10-31,2,2022-10-30,0,26,17.127,100.0,17.859
YSDU,2022-11-01,2,2022-10-31,0,26,15.424,98.459,26.523
YSDU,2022-11-02,2,2022-11-01,0,26,11.975,99.751,23.127
YSDU,2022-11-03,2,2022-11-02,0,26,15.234,95.327,16.235
YSDU,2022-11-04,2,2022-11-03,0,26,19.937,95.418,8.368
YSDU,2022-11-05,2,2022-11-04,0,26,18.712,92.815,8.831
YSDU,2022-11-06,2,2022-11-05,0,26,23.202,12.476,4.991
YSDU,2022-11-07,2,2022-11-06,0,26,22.815,99.221,5.44
YSDU,2022-11-08,2,2022-11-07,0,26,22.139,52.705,6.048
YSDU,2022-11-09,2,2022-11-08,0,26,23.699,0.0,13.308
YSDU,2022-11-10,2,2022-11-09,0,26,23.829,9.452,10.319
YSDU,2022-11-11,2,2022-11-10,0,26,23.441,79.812,14.85
YSDU,2022-11-12,2,2022-11-11,0,26,27.588,100.0,11.877
YSDU,2022-11-13,2,2022-11-12,0,26,26.741,99.035,31.35
YSDU,2022-11-14,2,2022-11-13,0,26,22.094,19.677,34.015
YSDU,2022-11-15,2,2022-11-14,0,26,18.204,98.524,19.28
YSDU,2022-11-16,2,2022-11-15,0,26,14.384,17.735,22.977
YSDU,2022-11-17,2,2022-11-16,0,26,17.509,1.794,12.781
YSDU,2022-11-18,2,2022-11-17,0,26,21.47,4.829,6.917
YSDU,2022-11-19,2,2022-11-18,0,26,25.606,57.844,18.291
YSDU,2022-11-20,2,2022-11-19,0,26,21.554,5.0,27.747
YSDU,2022-11-21,2,2022-11-20,0,26,17.878,22.519,31.373
YSDU,2022-11-22,2,2022-11-21,0,26,17.161,79.211,18.903
YSDU,2022-11-23,2,2022-11-22,0,26,21.317,6.342,15.868
YSDU,2022-11-24,2,2022-11-23,0,26,23.63,2.049,14.875
YSDU,2022-11-25,2,2022-11-24,0,26,26.143,1.246,16.194
YSDU,2022-11-26,2,2022-11-25,0,26,27.797,0.0,5.222
YSDU,2022-11-27,2,2022-11-26,0,26,30.86,81.181,23.336
YSDU,2022-11-28,2,2022-11-27,0,26,24.951,0.0,18.26
YSDU,2022-11-29,2,2022-11-28,0,26,24.084,0.0,14.876
YSDU,2022-11-30,2,2022-11-29,0,26,26.784,94.035,9.822
YSDU,2022-12-02,2,2022-12-01,0,26,24.847,2.143,16.037
YSDU,2022-12-03,2,2022-12-02,0,26,25.671,61.261,12.909
YSDU,2022-12-04,2,2022-12-03,0,26,28.667,2.464,4.869
YSDU,2022-12-05,2,2022-12-04,0,26,31.538,20.212,16.702
YSDU,2022-12-06,2,2022-12-05,0,26,26.14,6.409,15.457
YSDU,2022-12-07,2,2022-12-06,0,26,23.732,100.0,6.279
YSDU,2022-12-08,2,2022-12-07,0,26,21.187,0.0,23.13
YSDU,2022-12-09,2,2022-12-08,0,26,22.682,99.887,6.168
YSDU,2022-12-10,2,2022-12-09,0,26,26.269,5.858,6.597
YSDU,2022-12-11,2,2022-12-10,0,26,31.354,5.0,18.119
YSDU,2022-12-12,2,2022-12-11,0,26,25.244,99.831,30.051
YSDU,2022-12-13,2,2022-12-12,0,26,24.299,0.0,16.285
YSDU,2022-12-14,2,2022-12-13,0,26,20.36,0.0,22.759
YSDU,2022-12-15,2,2022-12-14,0,26,20.57,0.0,16.577
YSDU,2022-12-16,2,2022-12-15,0,26,23.776,13.538,10.437
YSDU,2022-12-17,2,2022-12-16,0,26,25.366,0.037,13.239
YSDU,2022-12-18,2,2022-12-17,0,26,25.35,87.701,12.534
YSDU,2022-12-19,2,2022-12-18,0,26,25.514,0.0,14.069
YSDU,2022-12-20,2,2022-12-19,0,26,26.39,0.0,12.629
YSDU,2022-12-21,2,2022-12-20,0,26,27.634,9.06,7.617
YSDU,2022-12-22,2,2022-12-21,0,26,25.476,100.0,27.308
YSDU,2022-12-23,2,2022-12-22,0,26,24.497,100.0,12.152
YSDU,2022-12-24,2,2022-12-23,0,26,28.785,96.301,15.485
YSDU,2022-12-25,2,2022-12-24,0,26,31.588,1.072,5.858
YSDU,2022-12-26,2,2022-12-25,0,26,33.491,1.183,7.507
YSDU,2022-12-27,2,2022-12-26,0,26,33.419,0.0,7.874
YSDU,2022-12-28,2,2022-12-27,0,26,31.61,0.0,14.684
YSDU,2022-12-29,2,2022-12-28,0,26,33.731,55.948,6.817
YSDU,2022-12-30,2,2022-12-29,0,26,30.389,5.0,17.418
YSDU,2022-12-31,2,2022-12-30,0,26,31.785,5.0,7.786
YSDU,2023-01-01,2,2022-12-31,0,26,32.676,5.674,6.598
YSDU,2023-01-02,2,2023-01-01,0,26,33.811,0.381,7.191
YSDU,2023-01-03,2,2023-01-02,0,26,34.744,1.284,14.253
YSDU,2023-01-04,2,2023-01-03,0,26,34.629,0.0,19.872
YSDU,2023-01-05,2,2023-01-04,0,26,25.67,36.569,12.57
YSDU,2023-01-06,2,2023-01-05,0,26,27.543,8.68,16.968
YSDU,2023-01-07,2,2023-01-06,0,26,28.523,24.909,16.551
YSDU,2023-01-08,2,2023-01-07,0,26,30.191,0.0,9.445
YSDU,2023-01-09,2,2023-01-08,0,26,34.458,5.581,8.902
YSDU,2023-01-10,2,2023-01-09,0,26,36.464,96.241,3.833
YSDU,2023-01-11,2,2023-01-10,0,26,33.675,0.0,10.017
YSDU,2023-01-12,2,2023-01-11,0,26,35.216,90.666,16.323
YSDU,2023-01-13,2,2023-01-12,0,26,32.999,72.376,10.987
YSDU,2023-01-14,2,2023-01-13,0,26,31.706,8.111,11.001
YSDU,2023-01-15,2,2023-01-14,0,26,33.5,0.185,13.229
YSDU,2023-01-16,2,2023-01-15,0,26,34.312,2.911,17.103
YSDU,2023-01-17,2,2023-01-16,0,26,32.364,0.0,6.733
YSDU,2023-01-18,2,2023-01-17,0,26,34.362,0.288,14.922
YSDU,2023-01-19,2,2023-01-18,0,26,24.62,90.358,13.633
YSDU,2023-01-20,2,2023-01-19,0,26,26.199,67.797,22.095
YSDU,2023-01-21,2,2023-01-20,0,26,26.999,94.424,12.931
YSDU,2023-01-22,2,2023-01-21,0,26,18.275,99.996,21.188
YSDU,2023-01-23,2,2023-01-22,0,26,26.505,6.085,9.202
YSDU,2023-01-24,2,2023-01-23,0,26,30.985,3.807,1.829
YSDU,2023-01-25,2,2023-01-24,0,26,32.624,0.0,12.466
YSDU,2023-01-26,2,2023-01-25,0,26,35.949,0.0,14.353
YSDU,2023-01-27,2,2023-01-26,0,26,36.2,0.304,7.657
YSDU,2023-01-28,2,2023-01-27,0,26,34.762,0.0,18.361
YSDU,2023-01-29,2,2023-01-28,0,26,30.736,100.0,12.601
YSDU,2023-01-30,2,2023-01-29,0,26,28.928,94.727,26.273
YSDU,2023-01-31,2,2023-01-30,0,26,28.565,39.715,4.94
YSDU,2023-02-01,2,2023-01-31,0,26,31.715,0.0,12.468
YSDU,2023-02-02,2,2023-02-01,0,26,30.304,0.0,19.921
YSDU,2023-02-03,2,2023-02-02,0,26,23.594,0.0,23.979
YSDU,2023-02-04,2,2023-02-03,0,26,23.415,0.0,18.142
YSDU,2023-02-05,2,2023-02-04,0,26,28.946,0.0,7.118
YSDU,2023-02-06,2,2023-02-05,0,26,32.882,0.0,3.251
YSDU,2023-02-07,2,2023-02-06,0,26,34.17,0.0,2.361
YSDU,2023-02-08,2,2023-02-07,0,26,33.082,0.0,8.799
YSDU,2023-02-09,2,2023-02-08,0,26,30.538,13.862,22.985
YSDU,2023-02-10,2,2023-02-09,0,26,29.777,0.0,11.532
YSDU,2023-02-11,2,2023-02-10,0,26,34.086,0.0,22.574
YSDU,2023-02-12,2,2023-02-11,0,26,31.51,0.0,16.642
YSDU,2023-02-13,2,2023-02-12,0,26,29.951,100.0,8.244
YSDU,2023-02-14,2,2023-02-13,0,26,27.836,33.729,22.171
YSDU,2023-02-15,2,2023-02-14,0,26,29.328,0.0,12.341
YSDU,2023-02-16,2,2023-02-15,0,26,31.918,4.831,13.298
YSDU,2023-02-17,2,2023-02-16,0,26,33.819,0.0,13.683
YSDU,2023-02-18,2,2023-02-17,0,26,36.658,5.628,20.702
YSDU,2023-02-19,2,2023-02-18,0,26,34.79,4.047,7.672
YSDU,2023-02-20,2,2023-02-19,0,26,33.373,0.0,13.303
YSDU,2023-02-21,2,2023-02-20,0,26,33.21,7.29,4.805
YSDU,2023-02-22,2,2023-02-21,0,26,24.616,100.0,27.155
YSDU,2023-02-23,2,2023-02-22,0,26,26.833,52.383,18.216
YSDU,2023-02-24,2,2023-02-23,0,26,27.155,0.0,12.935
YSDU,2023-02-25,2,2023-02-24,0,26,28.564,2.416,7.914
YSDU,2023-02-26,2,2023-02-25,0,26,30.891,6.104,21.959
YSDU,2023-02-27,2,2023-02-26,0,26,32.476,9.069,19.733
YSDU,2023-02-28,2,2023-02-27,0,26,33.701,100.0,18.187
YSDU,2023-03-01,2,2023-02-28,0,26,31.374,0.917,15.9
YSDU,2023-03-02,2,2023-03-01,0,26,31.074,0.0,8.439
YSDU,2023-03-03,2,2023-03-02,0,26,30.969,0.0,12.33
YSDU,2023-03-04,2,2023-03-03,0,26,30.604,1.923,13.454
YSDU,2023-03-05,2,2023-03-04,0,26,31.821,0.704,22.881
YSDU,2023-03-06,2,2023-03-05,0,26,35.159,0.0,29.179
YSDU,2023-03-07,2,2023-03-06,0,26,31.656,4.963,15.497
YSDU,2023-03-08,2,2023-03-07,0,26,28.459,0.0,19.347
YSDU,2023-03-09,2,2023-03-08,0,26,24.74,0.0,16.593
YSDU,2023-03-10,2,2023-03-09,0,26,28.556,0.0,6.236
YSDU,2023-03-11,2,2023-03-10,0,26,31.076,91.895,16.777
YSDU,2023-03-12,2,2023-03-11,0,26,31.01,0.0,9.223
YSDU,2023-03-13,2,2023-03-12,0,26,28.095,15.393,25.751
YSDU,2023-03-14,2,2023-03-13,0,26,27.706,94.741,11.061
YSDU,2023-03-15,2,2023-03-14,0,26,31.39,86.126,6.387
YSDU,2023-03-16,2,2023-03-15,0,26,34.348,0.0,20.296
YSDU,2023-03-17,2,2023-03-16,0,26,32.272,4.764,15.471
YSDU,2023-03-18,2,2023-03-17,0,26,34.345,4.693,12.678
YSDU,2023-03-19,2,2023-03-18,0,26,36.667,4.459,16.199
YSDU,2023-03-20,2,2023-03-19,0,26,36.17,95.614,16.284
YSDU,2023-03-21,2,2023-03-20,0,26,26.739,98.638,21.065
YSDU,2023-03-22,2,2023-03-21,0,26,27.575,26.703,14.603
YSDU,2023-03-23,2,2023-03-22,0,26,29.4,13.46,24.208
YSDU,2023-03-24,2,2023-03-23,0,26,30.449,0.819,13.225
YSDU,2023-03-25,2,2023-03-24,0,26,26.713,99.082,15.211
YSDU,2023-03-26,2,2023-03-25,0,26,26.972,100.0,12.971
YSDU,2023-03-27,2,2023-03-26,0,26,25.916,100.0,6.976
YSDU,2023-03-28,2,2023-03-27,0,26,29.834,100.0,14.571
YSDU,2023-03-29,2,2023-03-28,0,26,25.388,22.145,28.38
YSDU,2023-03-30,2,2023-03-29,0,26,21.527,0.372,20.181
YSDU,2023-03-31,2,2023-03-30,0,26,21.336,99.974,14.372
YSDU,2023-04-01,2,2023-03-31,0,26,21.597,44.868,14.55
YSDU,2023-04-02,2,2023-04-01,0,26,23.448,4.059,14.136
YSDU,2023-04-03,2,2023-04-02,0,26,24.754,2.234,13.191
YSDU,2023-04-04,2,2023-04-03,0,26,26.497,11.38,7.184
YSDU,2023-04-05,2,2023-04-04,0,26,25.983,0.043,12.192
YSDU,2023-04-06,2,2023-04-05,0,26,26.064,90.524,13.105
YSDU,2023-04-07,2,2023-04-06,0,26,27.964,64.709,28.959
YSDU,2023-04-08,2,2023-04-07,0,26,20.82,99.91,24.492
YSDU,2023-04-09,2,2023-04-08,0,26,18.047,0.311,23.475
YSDU,2023-04-10,2,2023-04-09,0,26,17.442,2.323,20.047
YSDU,2023-04-11,2,2023-04-10,0,26,19.222,0.0,13.901
YSDU,2023-04-12,2,2023-04-11,0,26,21.535,96.124,20.517
YSDU,2023-04-13,2,2023-04-12,0,26,22.072,0.449,12.279
YSDU,2023-04-14,2,2023-04-13,0,26,23.706,0.0,13.015
YSDU,2023-04-15,2,2023-04-14,0,26,25.155,100.0,15.762
YSDU,2023-04-16,2,2023-04-15,0,26,19.505,86.784,16.726
YSDU,2023-04-17,2,2023-04-16,0,26,21.703,0.0,14.665
YSDU,2023-04-18,2,2023-04-17,0,26,24.105,0.0,10.069
YSDU,2023-04-19,2,2023-04-18,0,26,22.522,94.464,5.584
YSDU,2023-04-20,2,2023-04-19,0,26,24.577,58.01,14.697
YSDU,2023-04-21,2,2023-04-20,0,26,22.952,0.0,13.048
YSDU,2023-04-22,2,2023-04-21,0,26,23.436,0.0,14.887
YSDU,2023-04-23,2,2023-04-22,0,26,23.945,0.0,15.496
YSDU,2023-04-24,2,2023-04-23,0,26,23.817,0.0,17.792
YSDU,2023-04-25,2,2023-04-24,0,26,24.328,0.0,5.934
YSDU,2023-04-26,2,2023-04-25,0,26,23.34,1.983,10.543
YSDU,2023-04-27,2,2023-04-26,0,26,24.254,0.0,12.366
YSDU,2023-04-28,2,2023-04-27,0,26,25.831,5.745,21.709
YSDU,2023-04-29,2,2023-04-28,0,26,13.231,100.0,7.365
YSDU,2023-04-30,2,2023-04-29,0,26,15.859,84.507,14.27
YSDU,2023-05-01,2,2023-04-30,0,26,12.186,76.29,13.063
YSDU,2023-05-02,2,2023-05-01,0,26,18.009,75.606,13.041
YSDU,2023-05-03,2,2023-05-02,0,26,20.176,0.0,25.142
YSDU,2023-05-04,2,2023-05-03,0,26,16.711,0.0,10.077
YSDU,2023-05-05,2,2023-05-04,0,26,17.51,0.0,1.782
YSDU,2023-05-06,2,2023-05-05,0,26,17.79,0.0,8.223
YSDU,2023-05-07,2,2023-05-06,0,26,12.858,5.0,25.057
YSDU,2023-05-08,2,2023-05-07,0,26,11.826,0.0,22.503
YSDU,2023-05-09,2,2023-05-08,0,26,16.103,0.0,10.338
YSDU,2023-05-10,2,2023-05-09,0,26,18.146,0.0,8.832
YSDU,2023-05-11,2,2023-05-10,0,26,20.065,0.0,9.865
YSDU,2023-05-12,2,2023-05-11,0,26,21.172,0.068,7.007
YSDU,2023-05-13,2,2023-05-12,0,26,20.953,64.641,12.578
YSDU,2023-05-14,2,2023-05-13,0,26,19.36,100.0,12.592
YSDU,2023-05-15,2,2023-05-14,0,26,20.685,6.102,4.501
YSDU,2023-05-16,2,2023-05-15,0,26,20.574,0.0,18.485
YSDU,2023-05-17,2,2023-05-16,0,26,15.932,85.367,9.166
YSDU,2023-05-18,2,2023-05-17,0,26,16.624,41.317,4.135
YSDU,2023-05-19,2,2023-05-18,0,26,15.949,0.0,6.953
YSDU,2023-05-20,2,2023-05-19,0,26,14.395,99.763,14.776
YSDU,2023-05-21,2,2023-05-20,0,26,15.302,89.461,24.315
YSDU,2023-05-22,2,2023-05-21,0,26,16.08,0.0,12.215
YSDU,2023-05-23,2,2023-05-22,0,26,18.148,0.0,8.831
YSDU,2023-05-24,2,2023-05-23,0,26,17.839,0.0,8.107
YSDU,2023-05-25,2,2023-05-24,0,26,18.428,94.636,18.717
YSDU,2023-05-26,2,2023-05-25,0,26,12.016,53.255,27.349
YSDU,2023-05-27,2,2023-05-26,0,26,14.594,2.089,15.46
YSDU,2023-05-28,2,2023-05-27,0,26,13.361,100.0,16.191
YSDU,2023-05-29,2,2023-05-28,0,26,17.497,46.676,20.059
YSDU,2023-05-30,2,2023-05-29,0,26,17.771,19.457,10.241
YSDU,2023-05-31,2,2023-05-30,0,26,18.123,100.0,13.208
YSDU,2023-06-01,2,2023-05-31,0,26,20.447,0.033,13.893
YSDU,2023-06-02,2,2023-06-01,0,26,20.983,71.934,6.967
YSDU,2023-06-03,2,2023-06-02,0,26,21.482,0.116,13.609
YSDU,2023-06-04,2,2023-06-03,0,26,20.688,98.151,29.424
YSDU,2023-06-05,2,2023-06-04,0,26,12.181,100.0,19.975
YSDU,2023-06-06,2,2023-06-05,0,26,13.684,94.024,13.758
YSDU,2023-06-07,2,2023-06-06,0,26,20.47,49.147,14.434
YSDU,2023-06-08,2,2023-06-07,0,26,12.812,100.0,26.237
YSDU,2023-06-09,2,2023-06-08,0,26,15.263,3.082,15.726
YSDU,2023-06-10,2,2023-06-09,0,26,15.189,2.258,7.705
YSDU,2023-06-11,2,2023-06-10,0,26,15.285,0.0,6.55
YSDU,2023-06-12,2,2023-06-11,0,26,16.556,99.945,11.931
YSDU,2023-06-13,2,2023-06-12,0,26,17.966,0.0,15.569
YSDU,2023-06-14,2,2023-06-13,0,26,13.855,0.659,18.384
YSDU,2023-06-15,2,2023-06-14,0,26,13.861,4.356,12.048
YSDU,2023-06-16,2,2023-06-15,0,26,15.094,0.0,7.394
YSDU,2023-06-17,2,2023-06-16,0,26,15.25,0.0,7.276
YSDU,2023-06-18,2,2023-06-17,0,26,14.197,36.807,17.847
YSDU,2023-06-19,2,2023-06-18,0,26,12.591,1.992,16.802
YSDU,2023-06-20,2,2023-06-19,0,26,11.025,85.479,9.984
YSDU,2023-06-21,2,2023-06-20,0,26,13.533,12.999,8.656
YSDU,2023-06-22,2,2023-06-21,0,26,15.712,94.627,13.671
YSDU,2023-06-23,2,2023-06-22,0,26,13.191,3.614,23.174
YSDU,2023-06-24,2,2023-06-23,0,26,13.857,4.991,17.326
YSDU,2023-06-25,2,2023-06-24,0,26,14.475,0.0,19.955
YSDU,2023-06-26,2,2023-06-25,0,26,13.726,0.0,15.938
YSDU,2023-06-27,2,2023-06-26,0,26,13.072,100.0,1.211
YSDU,2023-06-28,2,2023-06-27,0,26,9.236,100.0,7.214
YSDU,2023-06-29,2,2023-06-28,0,26,11.438,5.203,20.006
YSDU,2023-06-30,2,2023-06-29,0,26,12.415,5.0,17.44
YSDU,2023-07-01,2,2023-06-30,0,26,13.352,100.0,18.45
YSDU,2023-07-02,2,2023-07-01,0,26,13.969,99.933,15.826
YSDU,2023-07-03,2,2023-07-02,0,26,14.073,100.0,11.737
YSDU,2023-07-04,2,2023-07-03,0,26,12.017,100.0,13.042
YSDU,2023-07-05,2,2023-07-04,0,26,12.478,99.268,14.896
YSDU,2023-07-06,2,2023-07-05,0,26,13.961,36.17,17.545
YSDU,2023-07-07,2,2023-07-06,0,26,12.474,40.081,16.59
YSDU,2023-07-08,2,2023-07-07,0,26,13.538,0.274,26.378
YSDU,2023-07-09,2,2023-07-08,0,26,13.453,4.898,19.237
YSDU,2023-07-10,2,2023-07-09,0,26,15.167,0.037,12.275
YSDU,2023-07-11,2,2023-07-10,0,26,14.401,0.0,15.844
YSDU,2023-07-12,2,2023-07-11,0,26,15.465,0.0,7.795
YSDU,2023-07-13,2,2023-07-12,0,26,16.528,0.0,7.033
YSDU,2023-07-14,2,2023-07-13,0,26,17.394,0.0,14.631
YSDU,2023-07-15,2,2023-07-14,0,26,18.342,5.041,23.267
YSDU,2023-07-16,2,2023-07-15,0,26,16.115,97.652,4.478
YSDU,2023-07-17,2,2023-07-16,0,26,18.297,2.293,11.076
YSDU,2023-07-18,2,2023-07-17,0,26,17.98,4.87,8.092
YSDU,2023-07-19,2,2023-07-18,0,26,13.619,0.0,12.278
YSDU,2023-07-20,2,2023-07-19,0,26,13.637,4.2,11.058
YSDU,2023-07-21,2,2023-07-20,0,26,12.281,53.076,15.844
YSDU,2023-07-22,2,2023-07-21,0,26,12.52,0.0,8.561
YSDU,2023-07-23,2,2023-07-22,0,26,14.388,0.0,13.868
YSDU,2023-07-24,2,2023-07-23,0,26,15.809,0.0,10.764
YSDU,2023-07-25,2,2023-07-24,0,26,16.725,0.0,10.776
YSDU,2023-07-26,2,2023-07-25,0,26,17.123,0.0,8.216
YSDU,2023-07-27,2,2023-07-26,0,26,17.534,0.0,7.089
YSDU,2023-07-28,2,2023-07-27,0,26,18.225,5.753,22.307
YSDU,2023-07-29,2,2023-07-28,0,26,17.915,83.013,10.664
YSDU,2023-07-30,2,2023-07-29,0,26,17.102,100.0,10.865
YSDU,2023-07-31,2,2023-07-30,0,26,17.14,0.0,12.205
YSDU,2023-08-01,2,2023-07-31,0,26,17.072,0.0,11.442
YSDU,2023-08-02,2,2023-08-01,0,26,19.14,0.0,15.557
YSDU,2023-08-03,2,2023-08-02,0,26,18.69,4.922,11.22
YSDU,2023-08-04,2,2023-08-03,0,26,19.786,90.507,14.534
YSDU,2023-08-05,2,2023-08-04,0,26,13.447,98.627,9.453
YSDU,2023-08-06,2,2023-08-05,0,26,17.393,19.439,18.309
YSDU,2023-08-07,2,2023-08-06,0,26,18.254,2.889,14.228
YSDU,2023-08-08,2,2023-08-07,0,26,18.721,4.718,11.935
YSDU,2023-08-09,2,2023-08-08,0,26,18.603,5.086,9.285
YSDU,2023-08-10,2,2023-08-09,0,26,19.268,91.324,27.83
YSDU,2023-08-11,2,2023-08-10,0,26,16.706,4.839,3.079
YSDU,2023-08-12,2,2023-08-11,0,26,18.03,13.603,11.016
YSDU,2023-08-13,2,2023-08-12,0,26,18.493,99.84,5.99
YSDU,2023-08-14,2,2023-08-13,0,26,13.111,99.419,17.324
YSDU,2023-08-15,2,2023-08-14,0,26,15.895,0.477,7.755
YSDU,2023-08-16,2,2023-08-15,0,26,17.564,0.0,9.588
YSDU,2023-08-17,2,2023-08-16,0,26,16.147,69.199,8.674
YSDU,2023-08-18,2,2023-08-17,0,26,12.187,100.0,26.404
YSDU,2023-08-19,2,2023-08-18,0,26,13.24,5.007,19.514
YSDU,2023-08-20,2,2023-08-19,0,26,18.059,54.424,14.289
YSDU,2023-08-21,2,2023-08-20,0,26,18.611,27.876,1.865
YSDU,2023-08-22,2,2023-08-21,0,26,22.063,95.011,24.459
YSDU,2023-08-23,2,2023-08-22,0,26,15.886,2.17,13.352
YSDU,2023-08-24,2,2023-08-23,0,26,19.855,0.0,12.16
YSDU,2023-08-25,2,2023-08-24,0,26,20.159,0.0,6.479
YSDU,2023-08-26,2,2023-08-25,0,26,20.849,5.0,8.424
YSDU,2023-08-27,2,2023-08-26,0,26,20.981,71.016,9.171
YSDU,2023-08-28,2,2023-08-27,0,26,21.624,93.048,8.047
YSDU,2023-08-29,2,2023-08-28,0,26,21.399,0.542,12.796
YSDU,2023-08-30,2,2023-08-29,0,26,19.263,100.0,15.42
YSDU,2023-08-31,2,2023-08-30,0,26,18.504,2.665,15.899
YSDU,2023-09-01,2,2023-08-31,0,26,18.668,0.0,15.397
YSDU,2023-09-02,2,2023-09-01,0,26,18.497,0.0,10.57
YSDU,2023-09-03,2,2023-09-02,0,26,21.591,5.0,9.919
YSDU,2023-09-04,2,2023-09-03,0,26,25.773,0.0,22.099
YSDU,2023-09-05,2,2023-09-04,0,26,18.876,0.0,17.174
YSDU,2023-09-06,2,2023-09-05,0,26,20.96,0.0,3.69
YSDU,2023-09-07,2,2023-09-06,0,26,27.231,2.034,28.265
YSDU,2023-09-08,2,2023-09-07,0,26,15.456,4.699,28.657
YSDU,2023-09-09,2,2023-09-08,0,26,13.681,28.184,16.808
YSDU,2023-09-10,2,2023-09-09,0,26,16.744,3.813,13.901
YSDU,2023-09-11,2,2023-09-10,0,26,19.626,0.0,10.449
YSDU,2023-09-12,2,2023-09-11,0,26,21.736,2.797,9.009
YSDU,2023-09-13,2,2023-09-12,0,26,22.949,0.0,11.767
YSDU,2023-09-14,2,2023-09-13,0,26,25.334,0.0,8.11
YSDU,2023-09-15,2,2023-09-14,0,26,26.007,86.616,11.185
YSDU,2023-09-16,2,2023-09-15,0,26,28.938,0.0,19.06
YSDU,2023-09-17,2,2023-09-16,0,26,29.858,0.0,10.027
YSDU,2023-09-18,2,2023-09-17,0,26,31.57,0.0,17.227
YSDU,2023-09-19,2,2023-09-18,0,26,29.916,0.0,25.712
YSDU,2023-09-20,2,2023-09-19,0,26,30.024,0.0,29.317
YSDU,2023-09-21,2,2023-09-20,0,26,21.241,0.0,21.646
YSDU,2023-09-22,2,2023-09-21,0,26,21.493,0.0,19.368
YSDU,2023-09-23,2,2023-09-22,0,26,22.418,15.064,13.843
YSDU,2023-09-24,2,2023-09-23,0,26,24.21,0.563,9.052
YSDU,2023-09-25,2,2023-09-24,0,26,26.158,99.031,15.267
YSDU,2023-09-26,2,2023-09-25,0,26,25.784,93.211,11.102
YSDU,2023-09-27,2,2023-09-26,0,26,28.075,100.0,21.848
YSDU,2023-09-28,2,2023-09-27,0,26,26.116,7.551,14.854
YSDU,2023-09-29,2,2023-09-28,0,26,28.861,0.0,13.357
YSDU,2023-09-30,2,2023-09-29,0,26,30.992,1.07,14.326
YSDU,2023-10-01,2,2023-09-30,0,26,32.164,4.988,31.227
YSDU,2023-10-02,2,2023-10-01,0,26,33.625,3.636,26.241
YSDU,2023-10-03,2,2023-10-02,0,26,31.279,100.0,35.184
YSDU,2023-10-04,2,2023-10-03,0,26,16.56,100.0,35.978
YSDU,2023-10-05,2,2023-10-04,0,26,16.099,99.899,21.908
YSDU,2023-10-06,2,2023-10-05,0,26,19.79,73.112,15.418
YSDU,2023-10-07,2,2023-10-06,0,26,20.697,2.71,13.527
YSDU,2023-10-08,2,2023-10-07,0,26,23.787,0.394,3.108
YSDU,2023-10-09,2,2023-10-08,0,26,24.772,5.0,12.829
YSDU,2023-10-10,2,2023-10-09,0,26,25.708,97.413,10.063
YSDU,2023-10-11,2,2023-10-10,0,26,26.739,0.0,11.464
YSDU,2023-10-12,2,2023-10-11,0,26,30.418,3.52,29.632
YSDU,2023-10-13,2,2023-10-12,0,26,20.187,0.0,21.572
YSDU,2023-10-14,2,2023-10-13,0,26,23.679,0.0,18.521
YSDU,2023-10-15,2,2023-10-14,0,26,26.475,15.828,18.697
YSDU,2023-10-16,2,2023-10-15,0,26,24.127,97.431,29.753
YSDU,2023-10-17,2,2023-10-16,0,26,21.896,0.0,14.294
YSDU,2023-10-18,2,2023-10-17,0,26,24.517,0.0,12.151
YSDU,2023-10-19,2,2023-10-18,0,26,27.416,0.0,6.678
YSDU,2023-10-20,2,2023-10-19,0,26,31.16,1.594,9.38
YSDU,2023-10-21,2,2023-10-20,0,26,32.821,63.977,25.575
YSDU,2023-10-22,2,2023-10-21,0,26,25.144,0.0,21.178
YSDU,2023-10-23,2,2023-10-22,0,26,24.909,3.622,14.657
YSDU,2023-10-24,2,2023-10-23,0,26,31.382,0.0,15.04
YSDU,2023-10-25,2,2023-10-24,0,26,25.752,7.392,21.397
YSDU,2023-10-26,2,2023-10-25,0,26,20.768,58.501,4.312
YSDU,2023-10-27,2,2023-10-26,0,26,21.689,5.0,19.545
YSDU,2023-10-28,2,2023-10-27,0,26,22.168,35.695,9.885
YSDU,2023-10-29,2,2023-10-28,0,26,26.937,99.05,12.247
YSDU,2023-10-30,2,2023-10-29,0,26,31.424,5.0,30.565
YSDU,2023-10-31,2,2023-10-30,0,26,25.047,92.471,22.732
YSDU,2023-11-01,2,2023-10-31,0,26,25.029,0.0,10.455
YSDU,2023-11-02,2,2023-11-01,0,26,27.752,3.745,7.106
YSDU,2023-11-03,2,2023-11-02,0,26,29.037,24.386,11.327
YSDU,2023-11-04,2,2023-11-03,0,26,28.825,94.036,11.368
YSDU,2023-11-05,2,2023-11-04,0,26,24.827,73.48,16.959
YSDU,2023-11-06,2,2023-11-05,0,26,27.086,63.034,8.241
YSDU,2023-11-07,2,2023-11-06,0,26,29.003,98.939,12.45
YSDU,2023-11-08,2,2023-11-07,0,26,22.973,91.679,10.279
YSDU,2023-11-09,2,2023-11-08,0,26,26.778,86.821,18.09
YSDU,2023-11-10,2,2023-11-09,0,26,28.49,1.155,15.109
YSDU,2023-11-11,2,2023-11-10,0,26,32.147,5.0,22.533
YSDU,2023-11-12,2,2023-11-11,0,26,34.162,13.069,23.242
YSDU,2023-11-13,2,2023-11-12,0,26,31.231,0.015,7.855
YSDU,2023-11-14,2,2023-11-13,0,26,31.765,100.0,11.995
YSDU,2023-11-15,2,2023-11-14,0,26,31.495,51.061,19.347
YSDU,2023-11-16,2,2023-11-15,0,26,31.492,100.0,19.593
YSDU,2023-11-17,2,2023-11-16,0,26,27.779,0.0,6.26
YSDU,2023-11-18,2,2023-11-17,0,26,29.29,4.374,10.573
YSDU,2023-11-19,2,2023-11-18,0,26,32.183,100.0,20.243
YSDU,2023-11-20,2,2023-11-19,0,26,17.957,100.0,13.546
YSDU,2023-11-21,2,2023-11-20,0,26,27.999,69.594,9.786
YSDU,2023-11-22,2,2023-11-21,0,26,31.274,44.916,12.441
YSDU,2023-11-23,2,2023-11-22,0,26,20.54,100.0,17.375
YSDU,2023-11-24,2,2023-11-23,0,26,18.593,100.0,14.122
YSDU,2023-11-25,2,2023-11-24,0,26,22.027,100.0,20.377
YSDU,2023-11-26,2,2023-11-25,0,26,27.47,12.167,15.293
YSDU,2023-11-27,2,2023-11-26,0,26,30.542,90.928,17.288
YSDU,2023-11-28,2,2023-11-27,0,26,26.295,86.045,12.04
YSDU,2023-11-29,2,2023-11-28,0,26,19.928,64.866,20.075
YSDU,2023-11-30,2,2023-11-29,0,26,26.47,18.407,31.184
YSDU,2023-12-01,2,2023-11-30,0,26,28.423,65.382,15.462
YSDU,2023-12-02,2,2023-12-01,0,26,27.443,45.989,16.436
YSDU,2023-12-03,2,2023-12-02,0,26,29.073,57.905,18.739
YSDU,2023-12-04,2,2023-12-03,0,26,29.048,0.53,10.12
YSDU,2023-12-05,2,2023-12-04,0,26,33.92,0.0,10.815
YSDU,2023-12-06,2,2023-12-05,0,26,38.79,4.944,16.026
YSDU,2023-12-07,2,2023-12-06,0,26,39.039,9.432,5.758
YSDU,2023-12-08,2,2023-12-07,0,26,38.298,72.732,21.932
YSDU,2023-12-09,2,2023-12-08,0,26,39.488,0.631,23.14
YSDU,2023-12-10,2,2023-12-09,0,26,36.778,0.0,12.0
YSDU,2023-12-11,2,2023-12-10,0,26,34.478,0.0,13.364
YSDU,2023-12-12,2,2023-12-11,0,26,35.695,0.237,7.527
YSDU,2023-12-13,2,2023-12-12,0,26,36.165,0.0,24.212
YSDU,2023-12-14,2,2023-12-13,0,26,36.065,1.089,26.801
YSDU,2023-12-15,2,2023-12-14,0,26,34.195,0.0,17.961
YSDU,2023-12-16,2,2023-12-15,0,26,33.417,0.0,22.895
YSDU,2023-12-17,2,2023-12-16,0,26,32.992,0.0,10.755
YSDU,2023-12-18,2,2023-12-17,0,26,36.446,71.647,16.34
YSDU,2023-12-19,2,2023-12-18,0,26,35.979,100.0,28.543
YSDU,2023-12-20,2,2023-12-19,0,26,25.877,100.0,8.695
YSDU,2023-12-21,2,2023-12-20,0,26,23.088,99.944,23.562
YSDU,2023-12-22,2,2023-12-21,0,26,26.432,82.772,13.501
YSDU,2023-12-23,2,2023-12-22,0,26,29.423,37.066,6.397
YSDU,2023-12-24,2,2023-12-23,0,26,24.708,12.066,11.516
YSDU,2023-12-25,2,2023-12-24,0,26,33.182,47.693,29.453
YSDU,2023-12-26,2,2023-12-25,0,26,28.118,4.016,18.1
YSDU,2023-12-27,2,2023-12-26,0,26,26.646,11.261,24.713
YSDU,2023-12-28,2,2023-12-27,0,26,30.41,0.0,17.454
YSDU,2023-12-29,2,2023-12-28,0,26,30.984,100.0,11.167
YSDU,2023-12-30,2,2023-12-29,0,26,30.994,0.379,20.152
YSDU,2023-12-31,2,2023-12-30,0,26,28.465,2.775,21.719
YSDU,2024-01-01,2,2023-12-31,0,26,31.713,95.66,9.825
YSDU,2024-01-02,2,2024-01-01,0,26,32.713,98.907,11.26
YSDU,2024-01-03,2,2024-01-02,0,26,34.041,5.432,13.898
YSDU,2024-01-04,2,2024-01-03,0,26,35.011,97.994,10.918
YSDU,2024-01-05,2,2024-01-04,0,26,31.132,5.002,18.671
YSDU,2024-01-06,2,2024-01-05,0,26,30.073,40.74,11.261
YSDU,2024-01-07,2,2024-01-06,0,26,30.528,100.0,18.844
YSDU,2024-01-08,2,2024-01-07,0,26,23.747,98.546,24.097
YSDU,2024-01-09,2,2024-01-08,0,26,31.9,21.718,14.238
YSDU,2024-01-10,2,2024-01-09,0,26,33.495,83.622,10.013
YSDU,2024-01-11,2,2024-01-10,0,26,35.611,23.782,10.185
YSDU,2024-01-12,2,2024-01-11,0,26,31.796,100.0,12.42
YSDU,2024-01-13,2,2024-01-12,0,26,34.856,0.126,2.964
YSDU,2024-01-14,2,2024-01-13,0,26,33.409,78.951,16.869
YSDU,2024-01-15,2,2024-01-14,0,26,30.711,91.482,27.45
YSDU,2024-01-16,2,2024-01-15,0,26,26.403,100.0,14.213
YSDU,2024-01-17,2,2024-01-16,0,26,21.987,100.0,9.705
YSDU,2024-01-18,2,2024-01-17,0,26,27.862,0.409,17.626
YSDU,2024-01-19,2,2024-01-18,0,26,28.544,0.0,10.992
YSDU,2024-01-20,2,2024-01-19,0,26,31.406,95.21,14.538
YSDU,2024-01-21,2,2024-01-20,0,26,35.734,0.0,16.222
YSDU,2024-01-22,2,2024-01-21,0,26,33.914,0.0,8.477
YSDU,2024-01-23,2,2024-01-22,0,26,30.492,3.896,14.377
YSDU,2024-01-24,2,2024-01-23,0,26,33.36,0.292,15.645
YSDU,2024-01-25,2,2024-01-24,0,26,37.712,12.967,18.428
YSDU,2024-01-26,2,2024-01-25,0,26,38.144,5.0,32.34
YSDU,2024-01-27,2,2024-01-26,0,26,32.227,95.842,11.781
YSDU,2024-01-28,2,2024-01-27,0,26,32.626,0.015,11.535
YSDU,2024-01-29,2,2024-01-28,0,26,36.015,0.0,15.679
YSDU,2024-01-30,2,2024-01-29,0,26,36.989,0.0,1.455
YSDU,2024-01-31,2,2024-01-30,0,26,36.462,0.69,6.817
YSDU,2024-02-01,2,2024-01-31,0,26,33.832,3.611,10.184
YSDU,2024-02-02,2,2024-02-01,0,26,34.818,0.169,19.501
YSDU,2024-02-03,2,2024-02-02,0,26,35.651,0.0,5.758
YSDU,2024-02-04,2,2024-02-03,0,26,38.517,98.932,24.733
YSDU,2024-02-05,2,2024-02-04,0,26,36.115,100.0,27.48
YSDU,2024-02-06,2,2024-02-05,0,26,25.268,95.063,7.189
YSDU,2024-02-07,2,2024-02-06,0,26,21.024,97.559,22.501
YSDU,2024-02-08,2,2024-02-07,0,26,22.881,91.365,21.621
YSDU,2024-02-09,2,2024-02-08,0,26,27.958,96.606,11.659
YSDU,2024-02-10,2,2024-02-09,0,26,30.29,0.0,22.241
YSDU,2024-02-11,2,2024-02-10,0,26,29.398,65.441,13.155
YSDU,2024-02-12,2,2024-02-11,0,26,29.996,37.657,9.421
YSDU,2024-02-13,2,2024-02-12,0,26,30.816,4.463,19.085
YSDU,2024-02-14,2,2024-02-13,0,26,33.482,2.291,18.61
YSDU,2024-02-15,2,2024-02-14,0,26,32.838,59.557,11.379
YSDU,2024-02-16,2,2024-02-15,0,26,31.712,37.54,9.971
YSDU,2024-02-17,2,2024-02-16,0,26,31.097,39.58,9.594
YSDU,2024-02-18,2,2024-02-17,0,26,34.388,36.347,7.699
YSDU,2024-02-19,2,2024-02-18,0,26,31.811,63.99,4.178
YSDU,2024-02-20,2,2024-02-19,0,26,28.836,0.998,11.933
YSDU,2024-02-21,2,2024-02-20,0,26,29.852,98.216,9.837
YSDU,2024-02-22,2,2024-02-21,0,26,33.308,61.06,14.302
YSDU,2024-02-23,2,2024-02-22,0,26,36.532,27.359,23.975
YSDU,2024-02-24,2,2024-02-23,0,26,30.153,0.044,14.672
YSDU,2024-02-25,2,2024-02-24,0,26,30.57,0.0,5.499
YSDU,2024-02-26,2,2024-02-25,0,26,34.887,6.149,6.254
YSDU,2024-02-27,2,2024-02-26,0,26,33.402,17.635,12.821
YSDU,2024-02-28,2,2024-02-27,0,26,34.776,5.451,24.192
YSDU,2024-02-29,2,2024-02-28,0,26,38.473,2.416,26.025
YSDU,2024-03-01,2,2024-02-29,0,26,37.657,100.0,11.504
YSDU,2024-03-02,2,2024-03-01,0,26,34.624,98.208,19.605
YSDU,2024-03-03,2,2024-03-02,0,26,30.661,39.187,14.723
YSDU,2024-03-04,2,2024-03-03,0,26,28.601,0.0,19.487
YSDU,2024-03-05,2,2024-03-04,0,26,29.654,0.0,10.067
YSDU,2024-03-06,2,2024-03-05,0,26,32.253,100.0,16.534
YSDU,2024-03-07,2,2024-03-06,0,26,34.118,100.0,13.071
YSDU,2024-03-08,2,2024-03-07,0,26,31.146,0.338,13.918
YSDU,2024-03-09,2,2024-03-08,0,26,31.215,0.0,12.877
YSDU,2024-03-10,2,2024-03-09,0,26,30.611,0.0,13.293
YSDU,2024-03-11,2,2024-03-10,0,26,30.442,0.0,8.398
YSDU,2024-03-12,2,2024-03-11,0,26,32.163,5.623,7.458
YSDU,2024-03-13,2,2024-03-12,0,26,32.647,100.0,11.763
YSDU,2024-03-14,2,2024-03-13,0,26,33.499,5.0,13.438
YSDU,2024-03-15,2,2024-03-14,0,26,25.828,14.939,31.468
YSDU,2024-03-16,2,2024-03-15,0,26,24.116,100.0,13.529
YSDU,2024-03-17,2,2024-03-16,0,26,24.041,94.393,14.877
YSDU,2024-03-18,2,2024-03-17,0,26,26.627,21.328,9.257
YSDU,2024-03-19,2,2024-03-18,0,26,29.915,1.39,17.666
YSDU,2024-03-20,2,2024-03-19,0,26,24.395,57.789,8.182
YSDU,2024-03-21,2,2024-03-20,0,26,23.176,0.0,26.564
YSDU,2024-03-22,2,2024-03-21,0,26,24.782,90.669,7.641
YSDU,2024-03-23,2,2024-03-22,0,26,19.238,100.0,6.76
YSDU,2024-03-24,2,2024-03-23,0,26,25.006,32.34,5.833
YSDU,2024-03-25,2,2024-03-24,0,26,27.379,4.081,4.308
YSDU,2024-03-26,2,2024-03-25,0,26,28.642,0.0,4.81
YSDU,2024-03-27,2,2024-03-26,0,26,28.757,0.0,12.271
YSDU,2024-03-28,2,2024-03-27,0,26,27.995,0.0,8.269
YSDU,2024-03-29,2,2024-03-28,0,26,28.224,0.0,10.025
YSDU,2024-03-30,2,2024-03-29,0,26,30.451,0.654,4.279
YSDU,2024-03-31,2,2024-03-30,0,26,29.959,99.899,11.617
YSDU,2024-04-01,2,2024-03-31,0,26,30.274,0.0,11.859
YSDU,2024-04-02,2,2024-04-01,0,26,20.185,100.0,18.471
YSDU,2024-04-03,2,2024-04-02,0,26,23.538,26.518,10.069
YSDU,2024-04-04,2,2024-04-03,0,26,23.198,100.0,25.517
YSDU,2024-04-05,2,2024-04-04,0,26,16.422,100.0,25.315
YSDU,2024-04-06,2,2024-04-05,0,26,22.014,7.059,20.09
YSDU,2024-04-07,2,2024-04-06,0,26,20.456,98.534,13.291
YSDU,2024-04-08,2,2024-04-07,0,26,22.377,0.45,14.491
YSDU,2024-04-09,2,2024-04-08,0,26,20.043,87.524,19.062
YSDU,2024-04-10,2,2024-04-09,0,26,18.489,0.0,11.698
YSDU,2024-04-11,2,2024-04-10,0,26,20.876,0.0,2.746
YSDU,2024-04-12,2,2024-04-11,0,26,22.246,0.0,7.669
YSDU,2024-04-13,2,2024-04-12,0,26,23.22,0.0,5.14
YSDU,2024-04-14,2,2024-04-13,0,26,23.828,0.0,5.982
YSDU,2024-04-15,2,2024-04-14,0,26,24.464,71.707,4.881
YSDU,2024-04-16,2,2024-04-15,0,26,24.755,0.0,4.209
YSDU,2024-04-17,2,2024-04-16,0,26,24.698,0.0,3.343
YSDU,2024-04-18,2,2024-04-17,0,26,22.463,0.169,13.673
YSDU,2024-04-19,2,2024-04-18,0,26,18.345,100.0,10.158
YSDU,2024-04-20,2,2024-04-19,0,26,20.758,93.172,24.953
YSDU,2024-04-21,2,2024-04-20,0,26,22.058,0.0,14.812
YSDU,2024-04-22,2,2024-04-21,0,26,22.56,0.0,14.737
YSDU,2024-04-23,2,2024-04-22,0,26,22.783,0.0,9.265
YSDU,2024-04-24,2,2024-04-23,0,26,20.901,56.717,14.553
YSDU,2024-04-25,2,2024-04-24,0,26,18.354,24.184,10.821
YSDU,2024-04-26,2,2024-04-25,0,26,20.474,0.0,11.974
YSDU,2024-04-27,2,2024-04-26,0,26,22.395,0.0,9.869
YSDU,2024-04-28,2,2024-04-27,0,26,23.125,97.721,9.359
YSDU,2024-04-29,2,2024-04-28,0,26,22.576,44.228,15.189
YSDU,2024-04-30,2,2024-04-29,0,26,21.683,100.0,13.108
YSDU,2024-05-01,2,2024-04-30,0,26,15.879,80.037,21.863
YSDU,2024-05-02,2,2024-05-01,0,26,20.258,96.515,24.606
YSDU,2024-05-03,2,2024-05-02,0,26,20.191,99.887,18.037
YSDU,2024-05-04,2,2024-05-03,0,26,12.451,100.0,9.371
YSDU,2024-05-05,2,2024-05-04,0,26,15.79,83.916,10.964
YSDU,2024-05-06,2,2024-05-05,0,26,19.261,70.415,25.151
YSDU,2024-05-07,2,2024-05-06,0,26,19.961,0.284,22.294
YSDU,2024-05-08,2,2024-05-07,0,26,20.658,0.0,21.992
YSDU,2024-05-09,2,2024-05-08,0,26,20.843,0.504,11.357
YSDU,2024-05-10,2,2024-05-09,0,26,13.891,100.0,8.495
YSDU,2024-05-11,2,2024-05-10,0,26,14.242,99.903,16.613
YSDU,2024-05-12,2,2024-05-11,0,26,19.012,16.267,2.164
YSDU,2024-05-13,2,2024-05-12,0,26,19.865,0.0,11.233
YSDU,2024-05-14,2,2024-05-13,0,26,20.005,47.595,10.276
YSDU,2024-05-15,2,2024-05-14,0,26,20.844,57.099,8.211
YSDU,2024-05-16,2,2024-05-15,0,26,20.832,100.0,8.827
YSDU,2024-05-17,2,2024-05-16,0,26,20.365,0.845,7.294
YSDU,2024-05-18,2,2024-05-17,0,26,14.254,18.53,23.258
YSDU,2024-05-19,2,2024-05-18,0,26,15.333,0.0,13.443
YSDU,2024-05-20,2,2024-05-19,0,26,15.876,0.043,11.169
YSDU,2024-05-21,2,2024-05-20,0,26,17.468,0.0,10.442
YSDU,2024-05-22,2,2024-05-21,0,26,17.812,0.0,6.372
YSDU,2024-05-23,2,2024-05-22,0,26,17.008,91.076,6.775
YSDU,2024-05-24,2,2024-05-23,0,26,17.956,100.0,3.492
YSDU,2024-05-25,2,2024-05-24,0,26,18.317,99.994,8.935
YSDU,2024-05-26,2,2024-05-25,0,26,18.859,0.0,0.876
YSDU,2024-05-27,2,2024-05-26,0,26,18.337,0.0,6.951
YSDU,2024-05-28,2,2024-05-27,0,26,19.476,0.0,8.087
YSDU,2024-05-29,2,2024-05-28,0,26,21.002,0.0,11.252
YSDU,2024-05-30,2,2024-05-29,0,26,20.459,0.0,27.557
YSDU,2024-05-31,2,2024-05-30,0,26,14.314,100.0,17.895
YSDU,2024-06-01,2,2024-05-31,0,26,16.7,30.673,16.794
YSDU,2024-06-02,2,2024-06-01,0,26,12.221,100.0,10.279
YSDU,2024-06-03,2,2024-06-02,0,26,12.797,7.823,14.96
YSDU,2024-06-04,2,2024-06-03,0,26,12.731,99.123,3.138
YSDU,2024-06-05,2,2024-06-04,0,26,9.925,100.0,10.505
YSDU,2024-06-06,2,2024-06-05,0,26,14.628,100.0,3.831
YSDU,2024-06-07,2,2024-06-06,0,26,10.29,100.0,4.742
YSDU,2024-06-08,2,2024-06-07,0,26,13.176,100.0,11.998
YSDU,2024-06-09,2,2024-06-08,0,26,14.218,13.511,13.607
YSDU,2024-06-10,2,2024-06-09,0,26,14.718,69.262,13.924
YSDU,2024-06-11,2,2024-06-10,0,26,14.77,41.845,13.029
YSDU,2024-06-12,2,2024-06-11,0,26,15.02,7.46,29.487
YSDU,2024-06-13,2,2024-06-12,0,26,12.769,99.244,4.188
YSDU,2024-06-14,2,2024-06-13,0,26,13.762,86.991,6.462
YSDU,2024-06-15,2,2024-06-14,0,26,10.485,99.437,3.025
YSDU,2024-06-16,2,2024-06-15,0,26,13.51,4.039,13.984
YSDU,2024-06-17,2,2024-06-16,0,26,12.023,1.981,12.794
YSDU,2024-06-18,2,2024-06-17,0,26,12.861,0.376,8.574
YSDU,2024-06-19,2,2024-06-18,0,26,12.034,0.169,6.822
YSDU,2024-06-20,2,2024-06-19,0,26,13.702,99.994,10.921
YSDU,2024-06-21,2,2024-06-20,0,26,13.272,5.302,13.161
YSDU,2024-06-22,2,2024-06-21,0,26,13.719,7.111,12.256
YSDU,2024-06-23,2,2024-06-22,0,26,15.021,0.067,8.832
YSDU,2024-06-24,2,2024-06-23,0,26,14.263,100.0,4.769
YSDU,2024-06-25,2,2024-06-24,0,26,16.517,6.324,14.14
YSDU,2024-06-26,2,2024-06-25,0,26,15.474,100.0,15.341
YSDU,2024-06-27,2,2024-06-26,0,26,14.825,0.0,5.227
YSDU,2024-06-28,2,2024-06-27,0,26,14.995,0.0,6.496
YSDU,2024-06-29,2,2024-06-28,0,26,17.339,4.959,17.369
YSDU,2024-06-30,2,2024-06-29,0,26,11.086,96.64,8.844
YSDU,2024-07-01,2,2024-06-30,0,26,13.052,29.35,13.279
YSDU,2024-07-02,2,2024-07-01,0,26,15.238,68.874,23.902
YSDU,2024-07-03,2,2024-07-02,0,26,15.153,94.774,28.081
YSDU,2024-07-04,2,2024-07-03,0,26,15.388,5.0,25.759
YSDU,2024-07-05,2,2024-07-04,0,26,15.476,99.688,19.127
YSDU,2024-07-06,2,2024-07-05,0,26,15.611,5.282,25.334
YSDU,2024-07-07,2,2024-07-06,0,26,15.188,89.016,18.226
YSDU,2024-07-08,2,2024-07-07,0,26,10.962,100.0,16.909
YSDU,2024-07-09,2,2024-07-08,0,26,14.65,57.311,10.788
YSDU,2024-07-10,2,2024-07-09,0,26,14.62,45.326,11.428
YSDU,2024-07-11,2,2024-07-10,0,26,13.731,100.0,2.519
YSDU,2024-07-12,2,2024-07-11,0,26,13.213,68.286,9.445
YSDU,2024-07-13,2,2024-07-12,0,26,11.657,76.091,17.607
YSDU,2024-07-14,2,2024-07-13,0,26,12.4,79.787,19.019
YSDU,2024-07-15,2,2024-07-14,0,26,9.952,90.597,17.422
YSDU,2024-07-16,2,2024-07-15,0,26,7.312,100.0,23.126
YSDU,2024-07-17,2,2024-07-16,0,26,10.074,77.711,12.462
YSDU,2024-07-18,2,2024-07-17,0,26,12.996,6.061,15.864
YSDU,2024-07-19,2,2024-07-18,0,26,11.51,10.274,15.724
YSDU,2024-07-20,2,2024-07-19,0,26,11.698,5.822,34.23
YSDU,2024-07-21,2,2024-07-20,0,26,12.606,10.443,19.657
YSDU,2024-07-22,2,2024-07-21,0,26,14.119,100.0,9.334
YSDU,2024-07-23,2,2024-07-22,0,26,15.024,4.899,4.152
YSDU,2024-07-24,2,2024-07-23,0,26,15.385,100.0,11.357
YSDU,2024-07-25,2,2024-07-24,0,26,18.453,100.0,33.439
YSDU,2024-07-26,2,2024-07-25,0,26,16.425,1.938,1.419
YSDU,2024-07-27,2,2024-07-26,0,26,14.991,99.932,17.172
YSDU,2024-07-28,2,2024-07-27,0,26,9.836,0.0,23.231
YSDU,2024-07-29,2,2024-07-28,0,26,10.822,0.0,15.307
YSDU,2024-07-30,2,2024-07-29,0,26,12.524,2.125,10.609
YSDU,2024-07-31,2,2024-07-30,0,26,13.212,0.0,8.457
YSDU,2024-08-01,2,2024-07-31,0,26,14.112,0.0,6.718
YSDU,2024-08-02,2,2024-08-01,0,26,14.7,0.27,10.338
YSDU,2024-08-03,2,2024-08-02,0,26,15.511,0.0,3.864
YSDU,2024-08-04,2,2024-08-03,0,26,13.638,99.966,4.809
YSDU,2024-08-05,2,2024-08-04,0,26,13.573,100.0,5.672
YSDU,2024-08-06,2,2024-08-05,0,26,14.751,26.551,12.348
YSDU,2024-08-07,2,2024-08-06,0,26,15.105,0.816,10.807
YSDU,2024-08-08,2,2024-08-07,0,26,17.249,52.93,13.473
YSDU,2024-08-09,2,2024-08-08,0,26,13.877,50.354,8.2
YSDU,2024-08-10,2,2024-08-09,0,26,17.967,100.0,6.868
YSDU,2024-08-11,2,2024-08-10,0,26,19.05,0.0,14.517
YSDU,2024-08-12,2,2024-08-11,0,26,18.736,10.134,12.79
YSDU,2024-08-13,2,2024-08-12,0,26,14.62,98.553,13.325
YSDU,2024-08-14,2,2024-08-13,0,26,13.523,100.0,11.18
YSDU,2024-08-15,2,2024-08-14,0,26,17.412,56.96,3.493
YSDU,2024-08-16,2,2024-08-15,0,26,19.842,0.384,9.626
YSDU,2024-08-17,2,2024-08-16,0,26,15.313,10.61,23.306
YSDU,2024-08-18,2,2024-08-17,0,26,15.312,8.851,2.011
YSDU,2024-08-19,2,2024-08-18,0,26,18.441,32.607,14.496
YSDU,2024-08-20,2,2024-08-19,0,26,19.313,0.669,28.402
YSDU,2024-08-21,2,2024-08-20,0,26,19.199,11.547,13.923
YSDU,2024-08-22,2,2024-08-21,0,26,18.891,82.533,13.755
YSDU,2024-08-23,2,2024-08-22,0,26,18.786,100.0,5.024
YSDU,2024-08-24,2,2024-08-23,0,26,21.486,49.594,26.392
YSDU,2024-08-25,2,2024-08-24,0,26,17.221,100.0,6.306
YSDU,2024-08-26,2,2024-08-25,0,26,18.326,0.0,11.835
YSDU,2024-08-27,2,2024-08-26,0,26,19.58,5.0,8.47
YSDU,2024-08-28,2,2024-08-27,0,26,22.177,100.0,27.374
YSDU,2024-08-29,2,2024-08-28,0,26,17.13,0.0,11.892
YSDU,2024-08-30,2,2024-08-29,0,26,24.161,0.0,32.276
YSDU,2024-08-31,2,2024-08-30,0,26,19.405,0.0,23.415
YSDU,2024-09-01,2,2024-08-31,0,26,20.466,0.0,18.367
YSDU,2024-09-02,2,2024-09-01,0,26,18.404,2.105,30.744
YSDU,2024-09-03,2,2024-09-02,0,26,16.018,0.0,15.635
YSDU,2024-09-04,2,2024-09-03,0,26,20.109,0.344,18.037
YSDU,2024-09-05,2,2024-09-04,0,26,22.444,0.0,25.523
YSDU,2024-09-06,2,2024-09-05,0,26,23.685,0.0,30.612
YSDU,2024-09-07,2,2024-09-06,0,26,25.371,0.75,20.431
YSDU,2024-09-08,2,2024-09-07,0,26,20.542,95.328,15.524
YSDU,2024-09-09,2,2024-09-08,0,26,19.074,100.0,12.236
YSDU,2024-09-10,2,2024-09-09,0,26,20.96,0.0,6.361
YSDU,2024-09-11,2,2024-09-10,0,26,23.908,99.962,17.651
YSDU,2024-09-12,2,2024-09-11,0,26,19.531,14.235,5.144
YSDU,2024-09-13,2,2024-09-12,0,26,17.722,0.0,12.931
YSDU,2024-09-14,2,2024-09-13,0,26,19.761,3.469,12.23
YSDU,2024-09-15,2,2024-09-14,0,26,15.902,0.0,22.1
YSDU,2024-09-16,2,2024-09-15,0,26,17.555,0.0,18.191
YSDU,2024-09-17,2,2024-09-16,0,26,18.696,0.037,7.16
YSDU,2024-09-18,2,2024-09-17,0,26,20.682,0.0,16.311
YSDU,2024-09-19,2,2024-09-18,0,26,24.272,0.0,27.568
YSDU,2024-09-20,2,2024-09-19,0,26,19.139,0.0,15.479
YSDU,2024-09-21,2,2024-09-20,0,26,20.352,0.24,21.501
YSDU,2024-09-22,2,2024-09-21,0,26,21.709,89.988,18.245
YSDU,2024-09-23,2,2024-09-22,0,26,24.43,0.0,12.485
YSDU,2024-09-24,2,2024-09-23,0,26,26.328,100.0,20.204
YSDU,2024-09-25,2,2024-09-24,0,26,23.375,100.0,18.908
YSDU,2024-09-26,2,2024-09-25,0,26,14.782,94.967,8.566
YSDU,2024-09-27,2,2024-09-26,0,26,19.653,5.547,24.914
YSDU,2024-09-28,2,2024-09-27,0,26,22.25,0.0,24.824
YSDU,2024-09-29,2,2024-09-28,0,26,23.557,100.0,9.017
YSDU,2024-09-30,2,2024-09-29,0,26,22.515,5.0,20.342
YSDU,2024-10-01,2,2024-09-30,0,26,23.716,0.0,12.275
YSDU,2024-10-02,2,2024-10-01,0,26,24.311,55.042,19.871
YSDU,2024-10-03,2,2024-10-02,0,26,23.922,2.215,8.486
YSDU,2024-10-04,2,2024-10-03,0,26,20.72,100.0,20.783
YSDU,2024-10-05,2,2024-10-04,0,26,24.977,98.456,21.358
YSDU,2024-10-06,2,2024-10-05,0,26,24.261,0.0,23.051
YSDU,2024-10-07,2,2024-10-06,0,26,27.249,82.328,15.489
YSDU,2024-10-08,2,2024-10-07,0,26,26.936,4.937,16.879
YSDU,2024-10-09,2,2024-10-08,0,26,17.247,88.456,28.966
YSDU,2024-10-10,2,2024-10-09,0,26,24.714,0.0,8.869
YSDU,2024-10-11,2,2024-10-10,0,26,27.908,100.0,13.451
YSDU,2024-10-12,2,2024-10-11,0,26,26.7,0.161,15.176
YSDU,2024-10-13,2,2024-10-12,0,26,25.555,10.232,14.588
YSDU,2024-10-14,2,2024-10-13,0,26,19.56,99.242,20.747
YSDU,2024-10-15,2,2024-10-14,0,26,21.193,86.031,13.417
YSDU,2024-10-16,2,2024-10-15,0,26,12.393,84.057,15.95
YSDU,2024-10-17,2,2024-10-16,0,26,25.945,0.0,10.572
YSDU,2024-10-18,2,2024-10-17,0,26,18.69,99.525,24.344
YSDU,2024-10-19,2,2024-10-18,0,26,20.453,25.941,19.434
YSDU,2024-10-20,2,2024-10-19,0,26,27.457,20.935,5.889
YSDU,2024-10-21,2,2024-10-20,0,26,25.793,60.192,13.37
YSDU,2024-10-22,2,2024-10-21,0,26,28.249,72.495,7.783
YSDU,2024-10-23,2,2024-10-22,0,26,31.285,99.38,19.029
YSDU,2024-10-24,2,2024-10-23,0,26,26.167,35.287,18.967
YSDU,2024-10-25,2,2024-10-24,0,26,20.869,7.775,23.966
YSDU,2024-10-26,2,2024-10-25,0,26,23.357,6.768,7.256
YSDU,2024-10-27,2,2024-10-26,0,26,26.21,96.496,11.368
YSDU,2024-10-28,2,2024-10-27,0,26,29.975,93.642,18.012
YSDU,2024-10-29,2,2024-10-28,0,26,28.076,0.0,11.779
YSDU,2024-10-30,2,2024-10-29,0,26,29.677,0.0,11.708
YSDU,2024-10-31,2,2024-10-30,0,26,30.851,81.202,16.582
YSDU,2024-11-01,2,2024-10-31,0,26,28.033,4.91,12.891
YSDU,2024-11-02,2,2024-11-01,0,26,29.047,2.607,13.839
YSDU,2024-11-03,2,2024-11-02,0,26,30.797,100.0,28.025
YSDU,2024-11-04,2,2024-11-03,0,26,32.482,92.627,15.524
YSDU,2024-11-05,2,2024-11-04,0,26,33.194,3.573,3.538
YSDU,2024-11-06,2,2024-11-05,0,26,37.307,40.98,13.322
YSDU,2024-11-07,2,2024-11-06,0,26,37.567,100.0,16.968
YSDU,2024-11-08,2,2024-11-07,0,26,29.427,0.0,22.491
YSDU,2024-11-09,2,2024-11-08,0,26,31.689,20.684,3.863
YSDU,2024-11-10,2,2024-11-09,0,26,31.239,100.0,5.9
YSDU,2024-11-11,2,2024-11-10,0,26,32.075,100.0,5.866
YSDU,2024-11-12,2,2024-11-11,0,26,29.093,80.478,5.288
YSDU,2024-11-13,2,2024-11-12,0,26,31.856,99.966,13.501
YSDU,2024-11-14,2,2024-11-13,0,26,32.045,4.127,10.729
YSDU,2024-11-15,2,2024-11-14,0,26,31.136,47.737,10.778
YSDU,2024-11-16,2,2024-11-15,0,26,32.77,26.597,17.685
YSDU,2024-11-17,2,2024-11-16,0,26,31.696,100.0,35.757
YSDU,2024-11-18,2,2024-11-17,0,26,28.106,100.0,15.117
YSDU,2024-11-19,2,2024-11-18,0,26,28.622,0.0,15.199
YSDU,2024-11-20,2,2024-11-19,0,26,29.938,4.564,7.421
YSDU,2024-11-21,2,2024-11-20,0,26,28.562,12.095,17.625
YSDU,2024-11-22,2,2024-11-21,0,26,30.689,0.193,5.82
YSDU,2024-11-23,2,2024-11-22,0,26,32.871,2.04,10.338
YSDU,2024-11-24,2,2024-11-23,0,26,35.13,15.313,12.319
YSDU,2024-11-25,2,2024-11-24,0,26,33.332,100.0,19.02
YSDU,2024-11-26,2,2024-11-25,0,26,33.228,100.0,22.707
YSDU,2024-11-27,2,2024-11-26,0,26,33.194,100.0,19.27
YSDU,2024-11-28,2,2024-11-27,0,26,32.201,100.0,13.947
YSDU,2024-11-29,2,2024-11-28,0,26,21.084,100.0,2.297
YSDU,2024-11-30,2,2024-11-29,0,26,19.85,100.0,10.248
YSDU,2024-12-01,2,2024-11-30,0,26,28.951,56.205,20.748
YSDU,2024-12-02,2,2024-12-01,0,26,32.109,0.0,20.437
YSDU,2024-12-03,2,2024-12-02,0,26,24.0,99.048,12.577
YSDU,2024-12-04,2,2024-12-03,0,26,29.721,22.598,5.381
YSDU,2024-12-05,2,2024-12-04,0,26,32.261,36.118,3.29
YSDU,2024-12-06,2,2024-12-05,0,26,31.424,60.948,8.726
YSDU,2024-12-07,2,2024-12-06,0,26,31.258,94.134,26.171
YSDU,2024-12-08,2,2024-12-07,0,26,32.066,100.0,17.545
YSDU,2024-12-09,2,2024-12-08,0,26,29.487,60.133,10.108
YSDU,2024-12-10,2,2024-12-09,0,26,29.434,54.251,12.558
YSDU,2024-12-11,2,2024-12-10,0,26,28.944,0.0,10.688
YSDU,2024-12-12,2,2024-12-11,0,26,30.227,0.0,8.928
YSDU,2024-12-13,2,2024-12-12,0,26,33.127,0.0,11.277
YSDU,2024-12-14,2,2024-12-13,0,26,35.18,3.094,1.34
YSDU,2024-12-15,2,2024-12-14,0,26,36.542,0.068,6.437
YSDU,2024-12-16,2,2024-12-15,0,26,37.514,0.0,11.009
YSDU,2024-12-17,2,2024-12-16,0,26,35.11,7.64,18.659
YSDU,2024-12-18,2,2024-12-17,0,26,30.406,0.0,19.393
YSDU,2024-12-19,2,2024-12-18,0,26,27.627,0.0,16.824
YSDU,2024-12-20,2,2024-12-19,0,26,31.606,0.0,4.682
YSDU,2024-12-21,2,2024-12-20,0,26,34.406,0.0,13.188
YSDU,2024-12-22,2,2024-12-21,0,26,34.388,0.0,16.293
YSDU,2024-12-23,2,2024-12-22,0,26,24.935,65.276,26.354
YSDU,2024-12-24,2,2024-12-23,0,26,27.42,0.0,16.353
YSDU,2024-12-25,2,2024-12-24,0,26,31.501,45.573,4.232
YSDU,2024-12-26,2,2024-12-25,0,26,33.912,0.0,26.972
YSDU,2024-12-27,2,2024-12-26,0,26,36.913,5.0,30.578
YSDU,2024-12-28,2,2024-12-27,0,26,29.356,94.456,19.161
YSDU,2024-12-29,2,2024-12-28,0,26,30.549,0.0,11.948
YSDU,2024-12-30,2,2024-12-29,0,26,32.952,1.752,6.51
YSDU,2024-12-31,2,2024-12-30,0,26,33.075,2.383,4.351
YSDU,2025-01-01,2,2024-12-31,0,26,33.696,5.122,11.025
YSDU,2025-01-02,2,2025-01-01,0,26,34.441,0.231,5.626
YSDU,2025-01-03,2,2025-01-02,0,26,31.325,0.642,8.008
YSDU,2025-01-04,2,2025-01-03,0,26,33.087,18.754,13.911
YSDU,2025-01-05,2,2025-01-04,0,26,35.568,78.36,12.598
YSDU,2025-01-06,2,2025-01-05,0,26,36.722,5.406,18.855
YSDU,2025-01-07,2,2025-01-06,0,26,25.167,99.957,10.159
YSDU,2025-01-08,2,2025-01-07,0,26,27.178,46.975,14.987
YSDU,2025-01-09,2,2025-01-08,0,26,28.34,45.852,12.576
YSDU,2025-01-10,2,2025-01-09,0,26,30.784,7.888,7.786
YSDU,2025-01-11,2,2025-01-10,0,26,30.226,75.014,4.963
YSDU,2025-01-12,2,2025-01-11,0,26,30.098,61.936,10.929
YSDU,2025-01-13,2,2025-01-12,0,26,33.127,0.653,15.353
YSDU,2025-01-14,2,2025-01-13,0,26,35.283,5.0,15.948
YSDU,2025-01-15,2,2025-01-14,0,26,36.569,99.561,25.118
YSDU,2025-01-16,2,2025-01-15,0,26,25.514,50.225,23.039
YSDU,2025-01-17,2,2025-01-16,0,26,27.38,3.43,21.525
YSDU,2025-01-18,2,2025-01-17,0,26,28.648,19.327,31.162
YSDU,2025-01-19,2,2025-01-18,0,26,28.753,0.0,13.982
YSDU,2025-01-20,2,2025-01-19,0,26,29.416,96.876,8.53
YSDU,2025-01-21,2,2025-01-20,0,26,34.874,41.664,13.724
YSDU,2025-01-22,2,2025-01-21,0,26,36.405,96.024,30.133
YSDU,2025-01-23,2,2025-01-22,0,26,32.053,100.0,15.924
YSDU,2025-01-24,2,2025-01-23,0,26,28.558,3.084,17.549
YSDU,2025-01-25,2,2025-01-24,0,26,33.593,4.47,5.83
YSDU,2025-01-26,2,2025-01-25,0,26,35.375,4.781,12.845
YSDU,2025-01-27,2,2025-01-26,0,26,35.572,0.0,25.279
YSDU,2025-01-28,2,2025-01-27,0,26,38.193,0.0,21.267
YSDU,2025-01-29,2,2025-01-28,0,26,37.672,24.27,12.695
YSDU,2025-01-30,2,2025-01-29,0,26,35.518,0.177,12.254
YSDU,2025-01-31,2,2025-01-30,0,26,31.545,87.727,16.294
YSDU,2025-02-01,2,2025-01-31,0,26,32.434,0.0,16.946
YSDU,2025-02-02,2,2025-02-01,0,26,33.072,0.0,15.158
YSDU,2025-02-03,2,2025-02-02,0,26,33.96,0.0,7.395
YSDU,2025-02-04,2,2025-02-03,0,26,34.125,36.371,13.415
YSDU,2025-02-05,2,2025-02-04,0,26,33.584,27.338,12.172
YSDU,2025-02-06,2,2025-02-05,0,26,32.928,0.0,7.925
YSDU,2025-02-07,2,2025-02-06,0,26,35.861,0.0,3.308
YSDU,2025-02-08,2,2025-02-07,0,26,35.617,55.252,14.293
YSDU,2025-02-09,2,2025-02-08,0,26,32.99,100.0,15.238
YSDU,2025-02-10,2,2025-02-09,0,26,27.756,86.592,13.407
YSDU,2025-02-11,2,2025-02-10,0,26,28.669,0.0,5.037
YSDU,2025-02-12,2,2025-02-11,0,26,28.472,77.73,14.469
YSDU,2025-02-13,2,2025-02-12,0,26,27.824,86.51,18.202
YSDU,2025-02-14,2,2025-02-13,0,26,22.351,100.0,10.507
YSDU,2025-02-15,2,2025-02-14,0,26,26.844,8.923,21.25
YSDU,2025-02-16,2,2025-02-15,0,26,20.538,0.0,18.92
YSDU,2025-02-17,2,2025-02-16,0,26,24.526,8.807,13.712
YSDU,2025-02-18,2,2025-02-17,0,26,28.809,0.138,2.58
YSDU,2025-02-19,2,2025-02-18,0,26,30.827,0.478,3.169
YSDU,2025-02-20,2,2025-02-19,0,26,29.442,0.015,14.321
YSDU,2025-02-21,2,2025-02-20,0,26,28.874,38.909,12.961
YSDU,2025-02-22,2,2025-02-21,0,26,30.581,0.0,8.155
YSDU,2025-02-23,2,2025-02-22,0,26,32.169,81.044,15.222
YSDU,2025-02-24,2,2025-02-23,0,26,35.149,0.45,16.925
YSDU,2025-02-25,2,2025-02-24,0,26,33.282,0.0,11.179
YSDU,2025-02-26,2,2025-02-25,0,26,33.763,0.0,13.856
YSDU,2025-02-27,2,2025-02-26,0,26,36.278,2.098,16.926
YSDU,2025-02-28,2,2025-02-27,0,26,33.943,69.36,8.722
YSDU,2025-03-01,2,2025-02-28,0,26,36.496,0.0,10.703
YSDU,2025-03-02,2,2025-03-01,0,26,36.712,0.0,10.76
YSDU,2025-03-03,2,2025-03-02,0,26,32.546,0.0,18.3
YSDU,2025-03-04,2,2025-03-03,0,26,29.761,25.992,23.445
YSDU,2025-03-05,2,2025-03-04,0,26,29.92,0.0,24.897
YSDU,2025-03-06,2,2025-03-05,0,26,30.65,11.503,23.341
YSDU,2025-03-07,2,2025-03-06,0,26,28.996,0.0,26.319
YSDU,2025-03-08,2,2025-03-07,0,26,29.475,8.775,29.373
YSDU,2025-03-09,2,2025-03-08,0,26,21.916,100.0,13.318
YSDU,2025-03-10,2,2025-03-09,0,26,29.198,100.0,13.456
YSDU,2025-03-11,2,2025-03-10,0,26,24.562,80.92,15.926
YSDU,2025-03-12,2,2025-03-11,0,26,22.144,96.658,12.136
YSDU,2025-03-13,2,2025-03-12,0,26,31.65,0.518,1.718
YSDU,2025-03-14,2,2025-03-13,0,26,34.317,2.266,7.625
YSDU,2025-03-15,2,2025-03-14,0,26,34.987,5.265,10.96
YSDU,2025-03-16,2,2025-03-15,0,26,32.685,100.0,24.175
YSDU,2025-03-17,2,2025-03-16,0,26,26.32,0.0,13.302
YSDU,2025-03-18,2,2025-03-17,0,26,25.083,48.755,14.179
YSDU,2025-03-19,2,2025-03-18,0,26,24.112,100.0,18.022
YSDU,2025-03-20,2,2025-03-19,0,26,30.34,33.819,16.453
YSDU,2025-03-21,2,2025-03-20,0,26,19.25,100.0,13.457
YSDU,2025-03-22,2,2025-03-21,0,26,30.023,8.295,2.393
YSDU,2025-03-23,2,2025-03-22,0,26,28.683,99.561,16.347
YSDU,2025-03-24,2,2025-03-23,0,26,25.831,99.099,6.062
YSDU,2025-03-25,2,2025-03-24,0,26,26.407,100.0,20.207
YSDU,2025-03-26,2,2025-03-25,0,26,26.054,100.0,15.24
YSDU,2025-03-27,2,2025-03-26,0,26,26.961,100.0,23.259
YSDU,2025-03-28,2,2025-03-27,0,26,20.69,100.0,20.92
YSDU,2025-03-29,2,2025-03-28,0,26,19.557,86.23,7.084
YSDU,2025-03-30,2,2025-03-29,0,26,25.095,22.699,15.62
YSDU,2025-03-31,2,2025-03-30,0,26,25.01,48.989,15.79
YSDU,2025-04-01,2,2025-03-31,0,26,22.571,76.472,15.171
YSDU,2025-04-02,2,2025-04-01,0,26,23.199,0.0,11.42
YSDU,2025-04-03,2,2025-04-02,0,26,25.683,0.939,11.417
YSDU,2025-04-04,2,2025-04-03,0,26,25.08,0.0,9.959
YSDU,2025-04-05,2,2025-04-04,0,26,21.492,0.0,17.248
YSDU,2025-04-06,2,2025-04-05,0,26,22.585,0.237,12.441
YSDU,2025-04-07,2,2025-04-06,0,26,24.276,0.0,17.214
YSDU,2025-04-08,2,2025-04-07,0,26,23.199,0.0,9.683
YSDU,2025-04-09,2,2025-04-08,0,26,24.498,0.0,12.138
YSDU,2025-04-10,2,2025-04-09,0,26,25.294,93.786,13.047
YSDU,2025-04-11,2,2025-04-10,0,26,27.662,0.0,7.045
YSDU,2025-04-12,2,2025-04-11,0,26,26.54,0.0,22.301
YSDU,2025-04-13,2,2025-04-12,0,26,26.082,2.622,9.725
YSDU,2025-04-14,2,2025-04-13,0,26,26.965,95.084,8.14
YSDU,2025-04-15,2,2025-04-14,0,26,25.809,6.169,13.971
YSDU,2025-04-16,2,2025-04-15,0,26,22.553,54.088,11.066
YSDU,2025-04-17,2,2025-04-16,0,26,23.94,0.0,9.187
YSDU,2025-04-18,2,2025-04-17,0,26,25.6,0.0,0.837
YSDU,2025-04-19,2,2025-04-18,0,26,26.056,97.343,7.702
YSDU,2025-04-20,2,2025-04-19,0,26,28.6,2.508,22.058
YSDU,2025-04-21,2,2025-04-20,0,26,21.842,4.072,18.332
YSDU,2025-04-22,2,2025-04-21,0,26,23.7,17.208,17.168
YSDU,2025-04-23,2,2025-04-22,0,26,25.512,43.816,23.508
YSDU,2025-04-24,2,2025-04-23,0,26,25.03,1.129,18.974
YSDU,2025-04-25,2,2025-04-24,0,26,24.353,0.0,10.444
YSDU,2025-04-26,2,2025-04-25,0,26,16.639,100.0,5.385
YSDU,2025-04-27,2,2025-04-26,0,26,15.439,100.0,4.404
YSDU,2025-04-28,2,2025-04-27,0,26,22.692,0.617,11.114
YSDU,2025-04-29,2,2025-04-28,0,26,20.022,90.374,8.074
YSDU,2025-04-30,2,2025-04-29,0,26,19.453,35.597,11.029
YSDU,2025-05-01,2,2025-04-30,0,26,17.396,0.063,15.402
YSDU,2025-05-02,2,2025-05-01,0,26,18.982,0.0,15.948
YSDU,2025-05-03,2,2025-05-02,0,26,19.905,0.0,15.543
YSDU,2025-05-04,2,2025-05-03,0,26,20.829,95.262,10.058
YSDU,2025-05-05,2,2025-05-04,0,26,21.661,99.273,4.666
YSDU,2025-05-06,2,2025-05-05,0,26,22.065,66.41,5.044
YSDU,2025-05-07,2,2025-05-06,0,26,22.882,32.257,15.177
YSDU,2025-05-08,2,2025-05-07,0,26,19.626,0.0,14.038
YSDU,2025-05-09,2,2025-05-08,0,26,19.962,0.888,14.566
YSDU,2025-05-10,2,2025-05-09,0,26,20.371,0.0,17.427
YSDU,2025-05-11,2,2025-05-10,0,26,21.633,3.416,15.141
YSDU,2025-05-12,2,2025-05-11,0,26,21.017,8.747,6.755
YSDU,2025-05-13,2,2025-05-12,0,26,19.908,35.625,13.363
YSDU,2025-05-14,2,2025-05-13,0,26,21.16,58.001,4.899
YSDU,2025-05-15,2,2025-05-14,0,26,18.845,92.421,11.036
YSDU,2025-05-16,2,2025-05-15,0,26,19.933,62.872,7.718
YSDU,2025-05-17,2,2025-05-16,0,26,20.468,0.338,12.256
YSDU,2025-05-18,2,2025-05-17,0,26,13.184,89.961,9.8
YSDU,2025-05-19,2,2025-05-18,0,26,16.484,41.789,26.033
YSDU,2025-05-20,2,2025-05-19,0,26,19.697,97.577,26.702
YSDU,2025-05-21,2,2025-05-20,0,26,20.89,95.234,17.158
YSDU,2025-05-22,2,2025-05-21,0,26,17.186,63.989,9.917
YSDU,2025-05-23,2,2025-05-22,0,26,16.811,22.029,16.788
YSDU,2025-05-24,2,2025-05-23,0,26,17.58,4.467,15.947
YSDU,2025-05-25,2,2025-05-24,0,26,17.737,99.372,9.547
YSDU,2025-05-26,2,2025-05-25,0,26,17.556,100.0,16.305
YSDU,2025-05-27,2,2025-05-26,0,26,14.266,100.0,25.926
YSDU,2025-05-28,2,2025-05-27,0,26,14.862,5.0,17.769
YSDU,2025-05-29,2,2025-05-28,0,26,14.74,98.503,10.345
YSDU,2025-05-30,2,2025-05-29,0,26,17.007,100.0,13.474
YSDU,2025-05-31,2,2025-05-30,0,26,17.967,0.0,16.719
YSDU,2025-06-01,2,2025-05-31,0,26,18.461,0.0,10.475
YSDU,2025-06-02,2,2025-06-01,0,26,18.438,100.0,5.892
YSDU,2025-06-03,2,2025-06-02,0,26,16.56,5.451,18.686
YSDU,2025-06-04,2,2025-06-03,0,26,13.801,69.297,19.993
YSDU,2025-06-05,2,2025-06-04,0,26,13.802,3.836,4.012
YSDU,2025-06-06,2,2025-06-05,0,26,14.499,100.0,13.914
YSDU,2025-06-07,2,2025-06-06,0,26,14.146,9.254,25.49
YSDU,2025-06-08,2,2025-06-07,0,26,11.539,79.206,26.337
YSDU,2025-06-09,2,2025-06-08,0,26,6.882,100.0,22.363
YSDU,2025-06-10,2,2025-06-09,0,26,11.074,77.239,14.53
YSDU,2025-06-11,2,2025-06-10,0,26,12.909,11.022,12.552
YSDU,2025-06-12,2,2025-06-11,0,26,12.878,92.155,6.279
YSDU,2025-06-13,2,2025-06-12,0,26,13.807,78.01,8.3
YSDU,2025-06-14,2,2025-06-13,0,26,14.219,81.857,3.509
YSDU,2025-06-15,2,2025-06-14,0,26,13.652,58.455,12.711
YSDU,2025-06-16,2,2025-06-15,0,26,14.743,2.325,10.989
YSDU,2025-06-17,2,2025-06-16,0,26,14.868,44.533,9.656
YSDU,2025-06-18,2,2025-06-17,0,26,13.3,6.973,10.89
YSDU,2025-06-19,2,2025-06-18,0,26,12.761,100.0,5.9
YSDU,2025-06-20,2,2025-06-19,0,26,13.896,92.615,2.807
YSDU,2025-06-21,2,2025-06-20,0,26,16.403,0.0,7.286
YSDU,2025-06-22,2,2025-06-21,0,26,16.295,100.0,5.53
YSDU,2025-06-23,2,2025-06-22,0,26,18.657,2.107,25.98
YSDU,2025-06-24,2,2025-06-23,0,26,15.519,54.809,23.976
YSDU,2025-06-25,2,2025-06-24,0,26,12.763,100.0,32.625
YSDU,2025-06-26,2,2025-06-25,0,26,11.219,0.0,12.156
YSDU,2025-06-27,2,2025-06-26,0,26,14.062,4.551,15.479
YSDU,2025-06-28,2,2025-06-27,0,26,16.377,0.361,10.026
YSDU,2025-06-29,2,2025-06-28,0,26,14.749,89.554,3.751
YSDU,2025-06-30,2,2025-06-29,0,26,15.059,94.002,5.352
YSDU,2025-07-01,2,2025-06-30,0,26,13.825,55.895,29.08
YSDU,2025-07-02,2,2025-07-01,0,26,14.668,7.394,29.197
YSDU,2025-07-03,2,2025-07-02,0,26,13.033,0.867,16.741
YSDU,2025-07-04,2,2025-07-03,0,26,15.137,0.0,2.27
YSDU,2025-07-05,2,2025-07-04,0,26,15.946,100.0,13.304
YSDU,2025-07-06,2,2025-07-05,0,26,17.598,16.779,27.236
YSDU,2025-07-07,2,2025-07-06,0,26,14.151,6.293,12.265
YSDU,2025-07-08,2,2025-07-07,0,26,14.58,100.0,23.795
YSDU,2025-07-09,2,2025-07-08,0,26,16.039,53.697,15.778
YSDU,2025-07-10,2,2025-07-09,0,26,10.927,100.0,31.448
YSDU,2025-07-11,2,2025-07-10,0,26,13.756,5.0,18.386
YSDU,2025-07-12,2,2025-07-11,0,26,15.885,31.806,14.528
YSDU,2025-07-13,2,2025-07-12,0,26,14.553,93.283,13.276
YSDU,2025-07-14,2,2025-07-13,0,26,14.688,0.0,17.459
YSDU,2025-07-15,2,2025-07-14,0,26,6.115,100.0,5.08
YSDU,2025-07-16,2,2025-07-15,0,26,12.313,0.046,7.53
YSDU,2025-07-17,2,2025-07-16,0,26,13.149,100.0,5.83
YSDU,2025-07-18,2,2025-07-17,0,26,14.032,0.0,10.276
YSDU,2025-07-19,2,2025-07-18,0,26,14.812,5.0,6.937
YSDU,2025-07-20,2,2025-07-19,0,26,14.929,0.0,14.874
YSDU,2025-07-21,2,2025-07-20,0,26,17.664,9.198,16.086
YSDU,2025-07-22,2,2025-07-21,0,26,17.863,100.0,34.655
YSDU,2025-07-23,2,2025-07-22,0,26,13.203,3.614,15.616
YSDU,2025-07-24,2,2025-07-23,0,26,12.751,68.104,11.233
YSDU,2025-07-25,2,2025-07-24,0,26,14.751,100.0,18.666
YSDU,2025-07-26,2,2025-07-25,0,26,14.337,30.725,25.761
YSDU,2025-07-27,2,2025-07-26,0,26,9.913,80.535,22.762
YSDU,2025-07-28,2,2025-07-27,0,26,12.312,98.585,23.73
YSDU,2025-07-29,2,2025-07-28,0,26,12.86,24.049,9.392
YSDU,2025-07-30,2,2025-07-29,0,26,9.783,100.0,10.017
YSDU,2025-07-31,2,2025-07-30,0,26,13.579,100.0,13.905
RNO,2021-03-24,20,2021-03-23,18,26,8.754,100.0,3.09
RNO,2021-03-25,20,2021-03-24,18,26,7.68,94.611,19.133
RNO,2021-03-26,20,2021-03-25,18,26,8.234,0.0,1.788
RNO,2021-03-27,20,2021-03-26,18,26,15.143,5.539,3.236
RNO,2021-03-28,20,2021-03-27,18,26,18.808,0.0,18.759
RNO,2021-03-29,20,2021-03-28,18,26,11.895,6.208,17.096
RNO,2021-03-30,20,2021-03-29,18,26,10.275,0.0,12.659
RNO,2021-03-31,20,2021-03-30,18,26,13.424,0.0,11.459
RNO,2021-04-01,20,2021-03-31,18,26,19.032,0.0,3.612
RNO,2021-04-02,20,2021-04-01,18,26,19.854,5.042,8.625
RNO,2021-04-03,20,2021-04-02,18,26,20.446,7.534,5.155
RNO,2021-04-04,20,2021-04-03,18,26,20.704,8.979,9.347
RNO,2021-04-05,20,2021-04-04,18,26,16.312,99.602,37.935
RNO,2021-04-06,20,2021-04-05,18,26,15.739,0.0,5.695
RNO,2021-04-07,20,2021-04-06,18,26,18.083,98.678,15.118
RNO,2021-04-08,20,2021-04-07,18,26,17.725,4.079,17.821
RNO,2021-04-09,20,2021-04-08,18,26,18.089,5.486,2.42
RNO,2021-04-10,20,2021-04-09,18,26,18.706,0.0,6.553
RNO,2021-04-11,20,2021-04-10,18,26,16.574,1.84,9.342
RNO,2021-04-12,20,2021-04-11,18,26,14.568,100.0,12.465
RNO,2021-04-13,20,2021-04-12,18,26,8.996,98.063,16.615
RNO,2021-04-14,20,2021-04-13,18,26,8.301,91.215,16.62
RNO,2021-04-15,20,2021-04-14,18,26,12.887,7.303,9.89
RNO,2021-04-16,20,2021-04-15,18,26,14.688,82.429,12.954
RNO,2021-04-17,20,2021-04-16,18,26,14.943,0.0,22.77
RNO,2021-04-18,20,2021-04-17,18,26,17.755,0.0,4.398
RNO,2021-04-19,20,2021-04-18,18,26,21.472,9.08,16.415
RNO,2021-04-20,20,2021-04-19,18,26,19.325,58.604,3.864
RNO,2021-04-21,20,2021-04-20,18,26,15.245,0.074,18.637
RNO,2021-04-22,20,2021-04-21,18,26,18.534,11.589,14.859
RNO,2021-04-23,20,2021-04-22,18,26,20.467,5.0,12.649
RNO,2021-04-24,20,2021-04-23,18,26,12.761,99.467,20.057
RNO,2021-04-25,20,2021-04-24,18,26,10.096,100.0,18.322
RNO,2021-04-26,20,2021-04-25,18,26,8.523,99.996,23.401
RNO,2021-04-27,20,2021-04-26,18,26,12.457,0.934,15.316
RNO,2021-04-28,20,2021-04-27,18,26,17.84,2.605,3.617
RNO,2021-04-29,20,2021-04-28,18,26,24.762,7.951,8.415
RNO,2021-04-30,20,2021-04-29,18,26,26.904,100.0,16.293
RNO,2021-05-01,20,2021-04-30,18,26,23.569,4.64,24.534
RNO,2021-05-02,20,2021-05-01,18,26,16.114,4.413,20.475
RNO,2021-05-03,20,2021-05-02,18,26,17.098,0.0,9.25
RNO,2021-05-04,20,2021-05-03,18,26,21.983,0.512,10.225
RNO,2021-05-05,20,2021-05-04,18,26,24.536,0.739,15.488
RNO,2021-05-06,20,2021-05-05,18,26,25.994,11.317,37.819
RNO,2021-05-07,20,2021-05-06,18,26,21.866,0.0,28.159
RNO,2021-05-08,20,2021-05-07,18,26,16.59,98.58,5.355
RNO,2021-05-09,20,2021-05-08,18,26,18.621,42.627,12.631
RNO,2021-05-10,20,2021-05-09,18,26,17.953,0.101,12.02
RNO,2021-05-11,20,2021-05-10,18,26,21.049,0.0,10.411
RNO,2021-05-12,20,2021-05-11,18,26,25.499,1.743,6.532
RNO,2021-05-13,20,2021-05-12,18,26,26.431,18.562,6.104
RNO,2021-05-14,20,2021-05-13,18,26,27.301,18.532,11.494
RNO,2021-05-15,20,2021-05-14,18,26,16.699,93.295,12.456
RNO,2021-05-16,20,2021-05-15,18,26,18.639,73.539,6.951
RNO,2021-05-17,20,2021-05-16,18,26,24.891,5.419,12.69
RNO,2021-05-18,20,2021-05-17,18,26,25.021,0.114,21.665
RNO,2021-05-19,20,2021-05-18,18,26,21.2,0.807,34.471
RNO,2021-05-20,20,2021-05-19,18,26,8.637,98.607,27.618
RNO,2021-05-21,20,2021-05-20,18,26,9.372,98.551,20.648
RNO,2021-05-22,20,2021-05-21,18,26,11.088,98.648,14.168
RNO,2021-05-23,20,2021-05-22,18,26,16.758,34.189,19.663
RNO,2021-05-24,20,2021-05-23,18,26,22.448,99.104,7.839
RNO,2021-05-25,20,2021-05-24,18,26,20.907,1.023,30.009
RNO,2021-05-26,20,2021-05-25,18,26,20.78,74.933,11.835
RNO,2021-05-27,20,2021-05-26,18,26,25.207,9.884,12.567
RNO,2021-05-28,20,2021-05-27,18,26,23.409,5.0,7.448
RNO,2021-05-29,20,2021-05-28,18,26,25.014,98.47,13.689
RNO,2021-05-30,20,2021-05-29,18,26,26.057,78.178,11.788
RNO,2021-05-31,20,2021-05-30,18,26,28.343,4.957,8.618
RNO,2021-06-01,20,2021-05-31,18,26,30.812,12.641,7.522
RNO,2021-06-02,20,2021-06-01,18,26,32.346,11.86,7.664
RNO,2021-06-03,20,2021-06-02,18,26,33.59,4.528,10.859
RNO,2021-06-04,20,2021-06-03,18,26,33.095,5.0,17.133
RNO,2021-06-05,20,2021-06-04,18,26,31.574,99.538,27.172
RNO,2021-06-06,20,2021-06-05,18,26,29.38,6.454,34.674
RNO,2021-06-07,20,2021-06-06,18,26,26.7,0.0,31.605
RNO,2021-06-08,20,2021-06-07,18,26,20.651,0.0,31.596
RNO,2021-06-09,20,2021-06-08,18,26,19.193,98.97,20.938
RNO,2021-06-10,20,2021-06-09,18,26,16.351,0.0,9.563
RNO,2021-06-11,20,2021-06-10,18,26,24.027,51.466,6.236
RNO,2021-06-12,20,2021-06-11,18,26,27.549,35.628,9.368
RNO,2021-06-13,20,2021-06-12,18,26,29.999,3.674,15.274
RNO,2021-06-14,20,2021-06-13,18,26,28.754,4.695,33.623
RNO,2021-06-15,20,2021-06-14,18,26,28.531,4.047,27.141
RNO,2021-06-16,20,2021-06-15,18,26,31.097,97.238,8.012
RNO,2021-06-17,20,2021-06-16,18,26,34.838,63.574,6.668
RNO,2021-06-18,20,2021-06-17,18,26,36.228,15.424,19.194
RNO,2021-06-19,20,2021-06-18,18,26,35.359,4.588,18.75
RNO,2021-06-20,20,2021-06-19,18,26,34.525,0.899,9.204
RNO,2021-06-21,20,2021-06-20,18,26,32.503,2.906,8.33
RNO,2021-06-22,20,2021-06-21,18,26,30.591,85.123,9.85
RNO,2021-06-23,20,2021-06-22,18,26,28.721,24.298,13.631
RNO,2021-06-24,20,2021-06-23,18,26,27.908,43.817,2.678
RNO,2021-06-25,20,2021-06-24,18,26,28.621,1.474,7.045
RNO,2021-06-26,20,2021-06-25,18,26,31.555,0.0,10.852
RNO,2021-06-27,20,2021-06-26,18,26,34.478,0.0,19.16
RNO,2021-06-28,20,2021-06-27,18,26,35.421,0.17,11.044
RNO,2021-06-29,20,2021-06-28,18,26,35.265,10.024,13.187
RNO,2021-06-30,20,2021-06-29,18,26,33.687,24.752,7.584
RNO,2021-07-01,20,2021-06-30,18,26,32.874,6.945,10.471
RNO,2021-07-02,20,2021-07-01,18,26,31.73,5.147,5.61
RNO,2021-07-03,20,2021-07-02,18,26,32.577,1.617,5.054
RNO,2021-07-04,20,2021-07-03,18,26,32.23,13.603,4.053
RNO,2021-07-05,20,2021-07-04,18,26,33.036,0.159,8.293
RNO,2021-07-06,20,2021-07-05,18,26,34.386,0.252,7.936
RNO,2021-07-07,20,2021-07-06,18,26,34.766,0.0,9.907
RNO,2021-07-08,20,2021-07-07,18,26,35.524,6.494,29.669
RNO,2021-07-09,20,2021-07-08,18,26,36.579,52.228,2.906
RNO,2021-07-10,20,2021-07-09,18,26,36.841,49.328,10.34
RNO,2021-07-11,20,2021-07-10,18,26,38.266,4.403,26.893
RNO,2021-07-12,20,2021-07-11,18,26,38.244,20.134,25.102
RNO,2021-07-13,20,2021-07-12,18,26,36.72,22.331,29.754
RNO,2021-07-14,20,2021-07-13,18,26,34.788,0.0,7.351
RNO,2021-07-15,20,2021-07-14,18,26,33.235,0.0,21.236
RNO,2021-07-16,20,2021-07-15,18,26,31.514,0.0,3.742
RNO,2021-07-17,20,2021-07-16,18,26,32.13,0.012,7.422
RNO,2021-07-18,20,2021-07-17,18,26,33.408,100.0,12.669
RNO,2021-07-19,20,2021-07-18,18,26,31.473,100.0,12.394
RNO,2021-07-20,20,2021-07-19,18,26,32.883,11.214,23.048
RNO,2021-07-21,20,2021-07-20,18,26,33.475,0.282,20.669
RNO,2021-07-22,20,2021-07-21,18,26,33.381,2.143,24.513
RNO,2021-07-23,20,2021-07-22,18,26,31.736,6.444,8.357
RNO,2021-07-24,20,2021-07-23,18,26,33.204,0.0,5.778
RNO,2021-07-25,20,2021-07-24,18,26,34.008,18.845,6.91
RNO,2021-07-26,20,2021-07-25,18,26,34.88,9.272,12.468
RNO,2021-07-27,20,2021-07-26,18,26,29.06,52.468,10.071
RNO,2021-07-28,20,2021-07-27,18,26,31.264,13.572,10.118
RNO,2021-07-29,20,2021-07-28,18,26,32.67,3.155,15.074
RNO,2021-07-30,20,2021-07-29,18,26,32.158,99.761,9.542
RNO,2021-07-31,20,2021-07-30,18,26,27.385,100.0,9.743
RNO,2021-08-01,20,2021-07-31,18,26,30.688,16.98,8.977
RNO,2021-08-02,20,2021-08-01,18,26,32.081,1.861,11.448
RNO,2021-08-03,20,2021-08-02,18,26,34.37,1.076,12.018
RNO,2021-08-04,20,2021-08-03,18,26,34.741,3.542,6.559
RNO,2021-08-05,20,2021-08-04,18,26,30.89,0.0,34.601
RNO,2021-08-06,20,2021-08-05,18,26,28.167,0.0,7.854
RNO,2021-08-07,20,2021-08-06,18,26,32.781,0.0,9.7
RNO,2021-08-08,20,2021-08-07,18,26,33.117,0.0,21.412
RNO,2021-08-09,20,2021-08-08,18,26,31.148,0.0,9.634
RNO,2021-08-10,20,2021-08-09,18,26,32.738,0.048,8.486
RNO,2021-08-11,20,2021-08-10,18,26,34.326,1.15,10.425
RNO,2021-08-12,20,2021-08-11,18,26,34.577,3.354,10.056
RNO,2021-08-13,20,2021-08-12,18,26,34.104,8.418,10.44
RNO,2021-08-14,20,2021-08-13,18,26,34.566,0.567,9.534
RNO,2021-08-15,20,2021-08-14,18,26,35.783,0.536,5.934
RNO,2021-08-16,20,2021-08-15,18,26,36.903,95.247,1.333
RNO,2021-08-17,20,2021-08-16,18,26,32.929,0.0,33.393
RNO,2021-08-18,20,2021-08-17,18,26,21.812,0.0,17.353
RNO,2021-08-19,20,2021-08-18,18,26,23.499,0.0,9.999
RNO,2021-08-20,20,2021-08-19,18,26,26.656,0.0,7.724
RNO,2021-08-21,20,2021-08-20,18,26,27.953,0.0,33.332
RNO,2021-08-22,20,2021-08-21,18,26,27.729,0.0,8.04
RNO,2021-08-23,20,2021-08-22,18,26,29.067,0.0,4.29
RNO,2021-08-24,20,2021-08-23,18,26,28.382,0.384,4.509
RNO,2021-08-25,20,2021-08-24,18,26,28.557,100.0,26.702
RNO,2021-08-26,20,2021-08-25,18,26,27.048,0.0,8.849
RNO,2021-08-27,20,2021-08-26,18,26,28.869,0.0,7.861
RNO,2021-08-28,20,2021-08-27,18,26,30.866,0.0,12.876
RNO,2021-08-29,20,2021-08-28,18,26,34.298,0.0,20.231
RNO,2021-08-30,20,2021-08-29,18,26,33.834,0.0,24.332
RNO,2021-08-31,20,2021-08-30,18,26,32.965,0.0,24.187
RNO,2021-09-01,20,2021-08-31,18,26,29.366,0.0,3.075
RNO,2021-09-02,20,2021-09-01,18,26,26.726,0.0,9.492
RNO,2021-09-03,20,2021-09-02,18,26,27.172,0.0,8.969
RNO,2021-09-04,20,2021-09-03,18,26,30.196,0.0,8.289
RNO,2021-09-05,20,2021-09-04,18,26,31.556,9.136,7.603
RNO,2021-09-06,20,2021-09-05,18,26,32.25,100.0,7.242
RNO,2021-09-07,20,2021-09-06,18,26,32.994,0.404,9.112
RNO,2021-09-08,20,2021-09-07,18,26,33.316,1.553,11.593
RNO,2021-09-09,20,2021-09-08,18,26,33.525,100.0,18.324
RNO,2021-09-10,20,2021-09-09,18,26,25.94,40.038,30.145
RNO,2021-09-11,20,2021-09-10,18,26,28.499,1.174,2.311
RNO,2021-09-12,20,2021-09-11,18,26,29.84,0.975,3.644
RNO,2021-09-13,20,2021-09-12,18,26,27.903,0.0,9.937
RNO,2021-09-14,20,2021-09-13,18,26,28.816,0.0,7.282
RNO,2021-09-15,20,2021-09-14,18,26,29.851,0.0,6.938
RNO,2021-09-16,20,2021-09-15,18,26,27.006,0.0,6.285
RNO,2021-09-17,20,2021-09-16,18,26,28.518,0.0,7.679
RNO,2021-09-18,20,2021-09-17,18,26,24.16,3.343,46.981
RNO,2021-09-19,20,2021-09-18,18,26,21.01,16.645,17.354
RNO,2021-09-20,20,2021-09-19,18,26,20.08,0.0,15.234
RNO,2021-09-21,20,2021-09-20,18,26,25.411,0.0,8.816
RNO,2021-09-22,20,2021-09-21,18,26,28.736,0.0,27.395
RNO,2021-09-23,20,2021-09-22,18,26,23.676,87.706,9.262
RNO,2021-09-24,20,2021-09-23,18,26,26.157,5.0,7.595
RNO,2021-09-25,20,2021-09-24,18,26,29.751,5.0,12.648
RNO,2021-09-26,20,2021-09-25,18,26,28.801,0.0,25.54
RNO,2021-09-27,20,2021-09-26,18,26,25.763,2.889,23.321
RNO,2021-09-28,20,2021-09-27,18,26,15.785,0.0,11.066
RNO,2021-09-29,20,2021-09-28,18,26,17.139,78.482,10.385
RNO,2021-09-30,20,2021-09-29,18,26,19.718,0.0,9.819
RNO,2021-10-01,20,2021-09-30,18,26,22.008,4.046,6.341
RNO,2021-10-02,20,2021-10-01,18,26,23.987,5.0,8.085
RNO,2021-10-03,20,2021-10-02,18,26,25.734,7.263,7.701
RNO,2021-10-04,20,2021-10-03,18,26,26.395,1.665,4.383
RNO,2021-10-05,20,2021-10-04,18,26,25.081,17.697,14.682
RNO,2021-10-06,20,2021-10-05,18,26,20.573,100.0,33.034
RNO,2021-10-07,20,2021-10-06,18,26,18.015,100.0,15.06
RNO,2021-10-08,20,2021-10-07,18,26,12.037,87.696,18.565
RNO,2021-10-09,20,2021-10-08,18,26,12.672,0.0,3.819
RNO,2021-10-10,20,2021-10-09,18,26,17.779,0.0,7.669
RNO,2021-10-11,20,2021-10-10,18,26,6.982,99.682,35.837
RNO,2021-10-12,20,2021-10-11,18,26,7.142,5.074,9.307
RNO,2021-10-13,20,2021-10-12,18,26,13.789,41.117,11.684
RNO,2021-10-14,20,2021-10-13,18,26,11.946,4.972,4.475
RNO,2021-10-15,20,2021-10-14,18,26,17.03,0.0,6.259
RNO,2021-10-16,20,2021-10-15,18,26,19.95,0.0,6.513
RNO,2021-10-17,20,2021-10-16,18,26,19.339,97.943,40.362
RNO,2021-10-18,20,2021-10-17,18,26,9.091,57.025,16.925
RNO,2021-10-19,20,2021-10-18,18,26,13.672,66.498,9.223
RNO,2021-10-20,20,2021-10-19,18,26,14.145,99.901,9.411
RNO,2021-10-21,20,2021-10-20,18,26,16.747,90.942,7.399
RNO,2021-10-22,20,2021-10-21,18,26,8.869,98.558,16.412
RNO,2021-10-23,20,2021-10-22,18,26,11.276,49.356,7.277
RNO,2021-10-24,20,2021-10-23,18,26,12.47,100.0,23.541
RNO,2021-10-25,20,2021-10-24,18,26,5.002,98.017,5.629
RNO,2021-10-26,20,2021-10-25,18,26,8.441,75.716,10.463
RNO,2021-10-27,20,2021-10-26,18,26,15.521,7.526,5.72
RNO,2021-10-28,20,2021-10-27,18,26,16.999,0.005,7.982
RNO,2021-10-29,20,2021-10-28,18,26,19.531,83.348,3.782
RNO,2021-10-30,20,2021-10-29,18,26,18.139,100.0,19.676
RNO,2021-10-31,20,2021-10-30,18,26,16.112,87.592,3.155
RNO,2021-11-01,20,2021-10-31,18,26,15.069,100.0,13.375
RNO,2021-11-02,20,2021-11-01,18,26,14.802,55.002,2.371
RNO,2021-11-03,20,2021-11-02,18,26,18.184,0.0,8.412
RNO,2021-11-04,20,2021-11-03,18,26,16.484,8.013,30.599
RNO,2021-11-05,20,2021-11-04,18,26,18.311,100.0,10.337
RNO,2021-11-06,20,2021-11-05,18,26,12.986,100.0,17.821
RNO,2021-11-07,20,2021-11-06,18,26,9.934,18.839,5.435
RNO,2021-11-08,20,2021-11-07,18,26,11.795,35.02,8.051
RNO,2021-11-09,20,2021-11-08,18,26,10.615,100.0,9.445
RNO,2021-11-10,20,2021-11-09,18,26,12.8,41.076,6.517
RNO,2021-11-11,20,2021-11-10,18,26,15.098,29.581,4.097
RNO,2021-11-12,20,2021-11-11,18,26,16.901,2.308,4.272
RNO,2021-11-13,20,2021-11-12,18,26,16.258,19.861,3.608
RNO,2021-11-14,20,2021-11-13,18,26,18.239,61.056,1.835
RNO,2021-11-15,20,2021-11-14,18,26,19.559,100.0,10.657
RNO,2021-11-16,20,2021-11-15,18,26,13.548,4.814,6.31
RNO,2021-11-17,20,2021-11-16,18,26,9.56,85.593,9.744
RNO,2021-11-18,20,2021-11-17,18,26,13.242,100.0,1.607
RNO,2021-11-19,20,2021-11-18,18,26,10.973,96.819,6.23
RNO,2021-11-20,20,2021-11-19,18,26,9.402,5.841,7.207
RNO,2021-11-21,20,2021-11-20,18,26,9.358,5.0,10.648
RNO,2021-11-22,20,2021-11-21,18,26,12.596,0.0,3.243
RNO,2021-11-23,20,2021-11-22,18,26,11.735,0.685,20.003
RNO,2021-11-24,20,2021-11-23,18,26,6.635,10.724,6.975
RNO,2021-11-25,20,2021-11-24,18,26,9.196,86.999,6.58
RNO,2021-11-26,20,2021-11-25,18,26,12.709,11.014,3.125
RNO,2021-11-27,20,2021-11-26,18,26,13.484,98.726,3.141
RNO,2021-11-28,20,2021-11-27,18,26,15.507,3.965,2.826
RNO,2021-11-29,20,2021-11-28,18,26,17.081,0.0,4.937
RNO,2021-11-30,20,2021-11-29,18,26,15.006,0.0,4.135
RNO,2021-12-01,20,2021-11-30,18,26,14.669,5.085,6.396
RNO,2021-12-02,20,2021-12-01,18,26,15.916,0.0,2.322
RNO,2021-12-03,20,2021-12-02,18,26,15.566,4.194,2.661
RNO,2021-12-04,20,2021-12-03,18,26,15.046,0.0,3.76
RNO,2021-12-05,20,2021-12-04,18,26,15.82,5.004,12.054
RNO,2021-12-06,20,2021-12-05,18,26,13.467,100.0,3.701
RNO,2021-12-07,20,2021-12-06,18,26,8.082,71.428,4.217
RNO,2021-12-08,20,2021-12-07,18,26,11.169,100.0,15.122
RNO,2021-12-09,20,2021-12-08,18,26,4.568,4.992,14.844
RNO,2021-12-10,20,2021-12-09,18,26,1.77,5.316,3.086
RNO,2021-12-11,20,2021-12-10,18,26,6.753,100.0,4.951
RNO,2021-12-12,20,2021-12-11,18,26,8.451,99.998,16.673
RNO,2021-12-13,20,2021-12-12,18,26,4.755,100.0,16.375
RNO,2021-12-14,20,2021-12-13,18,26,0.506,100.0,12.891
RNO,2021-12-15,20,2021-12-14,18,26,0.614,37.866,8.118
RNO,2021-12-16,20,2021-12-15,18,26,2.323,14.611,3.687
RNO,2021-12-17,20,2021-12-16,18,26,0.592,5.0,5.482
RNO,2021-12-18,20,2021-12-17,18,26,2.36,78.66,2.942
RNO,2021-12-19,20,2021-12-18,18,26,5.588,1.928,3.148
RNO,2021-12-20,20,2021-12-19,18,26,4.408,99.844,3.483
RNO,2021-12-21,20,2021-12-20,18,26,6.05,12.765,4.104
RNO,2021-12-22,20,2021-12-21,18,26,5.575,95.546,7.066
RNO,2021-12-23,20,2021-12-22,18,26,5.176,100.0,25.406
RNO,2021-12-24,20,2021-12-23,18,26,4.354,7.549,36.171
RNO,2021-12-25,20,2021-12-24,18,26,2.311,98.158,19.419
RNO,2021-12-26,20,2021-12-25,18,26,-0.772,100.0,33.825
RNO,2021-12-27,20,2021-12-26,18,26,-0.201,91.752,19.385
RNO,2021-12-28,20,2021-12-27,18,26,-0.82,99.958,3.822
RNO,2021-12-29,20,2021-12-28,18,26,0.144,100.0,3.702
RNO,2021-12-30,20,2021-12-29,18,26,2.668,84.096,4.269
RNO,2021-12-31,20,2021-12-30,18,26,1.074,20.705,8.898
RNO,2022-01-01,20,2021-12-31,18,26,-1.203,0.748,6.089
RNO,2022-01-02,20,2022-01-01,18,26,2.711,100.0,2.109
RNO,2022-01-03,20,2022-01-02,18,26,4.783,99.799,6.367
RNO,2022-01-04,20,2022-01-03,18,26,5.642,81.383,7.551
RNO,2022-01-05,20,2022-01-04,18,26,8.653,84.514,3.0
RNO,2022-01-06,20,2022-01-05,18,26,9.065,5.796,2.774
RNO,2022-01-07,20,2022-01-06,18,26,8.656,86.315,21.865
RNO,2022-01-08,20,2022-01-07,18,26,5.037,0.626,3.136
RNO,2022-01-09,20,2022-01-08,18,26,4.752,0.0,6.035
RNO,2022-01-10,20,2022-01-09,18,26,6.394,34.05,5.097
RNO,2022-01-11,20,2022-01-10,18,26,8.941,66.552,4.627
RNO,2022-01-12,20,2022-01-11,18,26,12.26,1.237,6.25
RNO,2022-01-13,20,2022-01-12,18,26,13.656,100.0,9.155
RNO,2022-01-14,20,2022-01-13,18,26,7.392,56.638,9.153
RNO,2022-01-15,20,2022-01-14,18,26,6.528,100.0,4.786
RNO,2022-01-16,20,2022-01-15,18,26,7.961,6.01,3.991
RNO,2022-01-17,20,2022-01-16,18,26,9.461,98.789,2.153
RNO,2022-01-18,20,2022-01-17,18,26,8.824,98.085,4.184
RNO,2022-01-19,20,2022-01-18,18,26,8.147,10.819,5.172
RNO,2022-01-20,20,2022-01-19,18,26,9.243,96.772,6.752
RNO,2022-01-21,20,2022-01-20,18,26,6.566,71.494,9.042
RNO,2022-01-22,20,2022-01-21,18,26,4.607,3.863,5.316
RNO,2022-01-23,20,2022-01-22,18,26,6.008,0.0,3.612
RNO,2022-01-24,20,2022-01-23,18,26,10.386,5.0,2.459
RNO,2022-01-25,20,2022-01-24,18,26,6.892,0.0,9.38
RNO,2022-01-26,20,2022-01-25,18,26,6.389,0.0,7.492
RNO,2022-01-27,20,2022-01-26,18,26,6.534,0.0,6.092
RNO,2022-01-28,20,2022-01-27,18,26,6.097,21.841,5.662
RNO,2022-01-29,20,2022-01-28,18,26,6.888,10.932,2.926
RNO,2022-01-30,20,2022-01-29,18,26,9.194,4.523,4.294
RNO,2022-01-31,20,2022-01-30,18,26,9.115,75.633,7.433
RNO,2022-02-01,20,2022-01-31,18,26,1.832,0.0,7.76
RNO,2022-02-02,20,2022-02-01,18,26,1.058,0.0,6.677
RNO,2022-02-03,20,2022-02-02,18,26,5.022,4.483,3.756
RNO,2022-02-04,20,2022-02-03,18,26,6.57,0.997,7.488
RNO,2022-02-05,20,2022-02-04,18,26,8.61,0.0,1.773
RNO,2022-02-06,20,2022-02-05,18,26,9.311,0.0,6.084
RNO,2022-02-07,20,2022-02-06,18,26,10.181,0.664,4.359
RNO,2022-02-08,20,2022-02-07,18,26,11.409,0.0,3.875
RNO,2022-02-09,20,2022-02-08,18,26,11.05,4.152,4.334
RNO,2022-02-10,20,2022-02-09,18,26,12.091,5.239,2.834
RNO,2022-02-11,20,2022-02-10,18,26,14.187,0.0,4.939
RNO,2022-02-12,20,2022-02-11,18,26,13.581,0.0,5.248
RNO,2022-02-13,20,2022-02-12,18,26,15.846,5.0,4.107
RNO,2022-02-14,20,2022-02-13,18,26,14.886,0.0,26.927
RNO,2022-02-15,20,2022-02-14,18,26,2.311,10.766,17.328
RNO,2022-02-16,20,2022-02-15,18,26,7.493,4.995,18.397
RNO,2022-02-17,20,2022-02-16,18,26,7.162,0.158,4.262
RNO,2022-02-18,20,2022-02-17,18,26,10.348,0.0,6.024
RNO,2022-02-19,20,2022-02-18,18,26,11.646,0.0,1.698
RNO,2022-02-20,20,2022-02-19,18,26,12.407,100.0,23.585
RNO,2022-02-21,20,2022-02-20,18,26,1.081,32.94,13.94
RNO,2022-02-22,20,2022-02-21,18,26,-1.119,88.131,13.354
RNO,2022-02-23,20,2022-02-22,18,26,-2.147,98.676,12.421
RNO,2022-02-24,20,2022-02-23,18,26,4.251,5.0,7.299
RNO,2022-02-25,20,2022-02-24,18,26,2.143,1.399,8.146
RNO,2022-02-26,20,2022-02-25,18,26,5.4,43.759,8.396
RNO,2022-02-27,20,2022-02-26,18,26,9.521,0.204,2.442
RNO,2022-02-28,20,2022-02-27,18,26,13.138,4.997,3.449
RNO,2022-03-01,20,2022-02-28,18,26,15.811,94.366,1.15
RNO,2022-03-02,20,2022-03-01,18,26,16.294,100.0,4.687
RNO,2022-03-03,20,2022-03-02,18,26,14.213,100.0,4.333
RNO,2022-03-04,20,2022-03-03,18,26,10.879,99.499,17.481
RNO,2022-03-05,20,2022-03-04,18,26,2.593,100.0,19.374
RNO,2022-03-06,20,2022-03-05,18,26,4.92,4.572,11.456
RNO,2022-03-07,20,2022-03-06,18,26,4.494,5.29,4.163
RNO,2022-03-08,20,2022-03-07,18,26,9.662,15.161,13.101
RNO,2022-03-09,20,2022-03-08,18,26,10.353,95.557,17.199
RNO,2022-03-10,20,2022-03-09,18,26,2.47,0.0,6.78
RNO,2022-03-11,20,2022-03-10,18,26,9.915,4.703,4.164
RNO,2022-03-12,20,2022-03-11,18,26,15.155,0.0,13.442
RNO,2022-03-13,20,2022-03-12,18,26,9.02,83.355,16.886
RNO,2022-03-14,20,2022-03-13,18,26,14.033,28.746,0.51
RNO,2022-03-15,20,2022-03-14,18,26,10.343,100.0,8.693
RNO,2022-03-16,20,2022-03-15,18,26,11.16,0.127,12.247
RNO,2022-03-17,20,2022-03-16,18,26,11.126,100.0,4.101
RNO,2022-03-18,20,2022-03-17,18,26,13.435,100.0,5.511
RNO,2022-03-19,20,2022-03-18,18,26,10.41,100.0,22.349
RNO,2022-03-20,20,2022-03-19,18,26,7.471,99.924,4.967
RNO,2022-03-21,20,2022-03-20,18,26,12.406,16.548,8.101
RNO,2022-03-22,20,2022-03-21,18,26,15.174,8.076,8.448
RNO,2022-03-23,20,2022-03-22,18,26,19.139,0.069,3.809
RNO,2022-03-24,20,2022-03-23,18,26,19.787,89.662,2.57
RNO,2022-03-25,20,2022-03-24,18,26,22.187,1.219,10.797
RNO,2022-03-26,20,2022-03-25,18,26,20.536,100.0,9.457
RNO,2022-03-27,20,2022-03-26,18,26,18.825,99.602,26.666
RNO,2022-03-28,20,2022-03-27,18,26,7.804,100.0,4.962
RNO,2022-03-29,20,2022-03-28,18,26,12.845,52.498,12.75
RNO,2022-03-30,20,2022-03-29,18,26,15.575,100.0,11.836
RNO,2022-03-31,20,2022-03-30,18,26,12.124,97.535,5.391
RNO,2022-04-01,20,2022-03-31,18,26,14.882,0.0,7.472
RNO,2022-04-02,20,2022-04-01,18,26,15.518,42.817,8.574
RNO,2022-04-03,20,2022-04-02,18,26,17.039,100.0,4.043
RNO,2022-04-04,20,2022-04-03,18,26,16.524,93.655,31.343
RNO,2022-04-05,20,2022-04-04,18,26,15.326,5.0,16.656
RNO,2022-04-06,20,2022-04-05,18,26,16.047,5.0,9.68
RNO,2022-04-07,20,2022-04-06,18,26,20.61,84.017,6.154
RNO,2022-04-08,20,2022-04-07,18,26,23.907,98.226,31.352
RNO,2022-04-09,20,2022-04-08,18,26,13.978,0.0,15.935
RNO,2022-04-10,20,2022-04-09,18,26,10.42,63.872,3.656
RNO,2022-04-11,20,2022-04-10,18,26,6.869,60.058,55.188
RNO,2022-04-12,20,2022-04-11,18,26,4.456,96.203,18.543
RNO,2022-04-13,20,2022-04-12,18,26,7.679,72.983,23.436
RNO,2022-04-14,20,2022-04-13,18,26,10.645,98.703,27.505
RNO,2022-04-15,20,2022-04-14,18,26,13.139,0.3,16.862
RNO,2022-04-16,20,2022-04-15,18,26,10.636,10.389,25.21
RNO,2022-04-17,20,2022-04-16,18,26,15.866,5.013,9.093
RNO,2022-04-18,20,2022-04-17,18,26,16.736,81.751,28.018
RNO,2022-04-19,20,2022-04-18,18,26,10.02,100.0,27.974
RNO,2022-04-20,20,2022-04-19,18,26,14.018,38.198,22.932
RNO,2022-04-21,20,2022-04-20,18,26,8.799,12.637,32.56
RNO,2022-04-22,20,2022-04-21,18,26,8.07,53.087,19.565
RNO,2022-04-23,20,2022-04-22,18,26,11.481,2.029,4.094
RNO,2022-04-24,20,2022-04-23,18,26,15.585,0.0,11.722
RNO,2022-04-25,20,2022-04-24,18,26,18.921,85.1,20.014
RNO,2022-04-26,20,2022-04-25,18,26,18.375,4.21,21.698
RNO,2022-04-27,20,2022-04-26,18,26,17.859,67.319,17.864
RNO,2022-04-28,20,2022-04-27,18,26,13.123,6.418,34.057
RNO,2022-04-29,20,2022-04-28,18,26,14.828,94.067,4.756
RNO,2022-04-30,20,2022-04-29,18,26,18.96,85.731,28.07
RNO,2022-05-01,20,2022-04-30,18,26,12.298,0.55,13.463
RNO,2022-05-02,20,2022-05-01,18,26,16.033,4.443,42.942
RNO,2022-05-03,20,2022-05-02,18,26,13.734,5.0,7.432
RNO,2022-05-04,20,2022-05-03,18,26,20.966,20.647,9.448
RNO,2022-05-05,20,2022-05-04,18,26,20.262,100.0,31.419
RNO,2022-05-06,20,2022-05-05,18,26,21.945,33.066,36.819
RNO,2022-05-07,20,2022-05-06,18,26,16.282,36.176,33.896
RNO,2022-05-08,20,2022-05-07,18,26,8.332,74.28,46.153
RNO,2022-05-09,20,2022-05-08,18,26,5.749,100.0,11.929
RNO,2022-05-10,20,2022-05-09,18,26,6.805,100.0,11.915
RNO,2022-05-11,20,2022-05-10,18,26,10.465,42.066,23.309
RNO,2022-05-12,20,2022-05-11,18,26,13.742,100.0,12.356
RNO,2022-05-13,20,2022-05-12,18,26,18.788,15.1,6.707
RNO,2022-05-14,20,2022-05-13,18,26,22.953,74.671,6.223
RNO,2022-05-15,20,2022-05-14,18,26,27.26,73.265,20.693
RNO,2022-05-16,20,2022-05-15,18,26,24.555,100.0,25.035
RNO,2022-05-17,20,2022-05-16,18,26,22.312,0.0,4.445
RNO,2022-05-18,20,2022-05-17,18,26,25.813,17.903,10.138
RNO,2022-05-19,20,2022-05-18,18,26,24.577,10.188,24.716
RNO,2022-05-20,20,2022-05-19,18,26,12.482,0.0,27.665
RNO,2022-05-21,20,2022-05-20,18,26,17.306,85.493,8.548
RNO,2022-05-22,20,2022-05-21,18,26,21.405,25.77,16.119
RNO,2022-05-23,20,2022-05-22,18,26,21.744,96.442,7.47
RNO,2022-05-24,20,2022-05-23,18,26,23.858,5.033,6.581
RNO,2022-05-25,20,2022-05-24,18,26,28.508,55.852,11.208
RNO,2022-05-26,20,2022-05-25,18,26,28.712,95.87,35.262
RNO,2022-05-27,20,2022-05-26,18,26,22.102,100.0,29.966
RNO,2022-05-28,20,2022-05-27,18,26,19.475,1.769,30.546
RNO,2022-05-29,20,2022-05-28,18,26,16.041,54.702,28.846
RNO,2022-05-30,20,2022-05-29,18,26,14.996,87.618,15.159
RNO,2022-05-31,20,2022-05-30,18,26,17.205,0.0,14.721
RNO,2022-06-01,20,2022-05-31,18,26,23.487,100.0,6.635
RNO,2022-06-02,20,2022-06-01,18,26,26.294,100.0,27.546
RNO,2022-06-03,20,2022-06-02,18,26,25.039,100.0,25.905
RNO,2022-06-04,20,2022-06-03,18,26,20.172,100.0,18.707
RNO,2022-06-05,20,2022-06-04,18,26,17.072,99.704,12.654
RNO,2022-06-06,20,2022-06-05,18,26,23.732,0.0,2.204
RNO,2022-06-07,20,2022-06-06,18,26,26.437,93.47,7.497
RNO,2022-06-08,20,2022-06-07,18,26,29.144,100.0,15.433
RNO,2022-06-09,20,2022-06-08,18,26,28.516,100.0,4.958
RNO,2022-06-10,20,2022-06-09,18,26,32.698,30.878,9.515
RNO,2022-06-11,20,2022-06-10,18,26,30.724,4.988,34.185
RNO,2022-06-12,20,2022-06-11,18,26,19.198,98.091,17.207
RNO,2022-06-13,20,2022-06-12,18,26,18.307,5.149,29.93
RNO,2022-06-14,20,2022-06-13,18,26,21.696,1.541,12.73
RNO,2022-06-15,20,2022-06-14,18,26,27.192,0.0,15.005
RNO,2022-06-16,20,2022-06-15,18,26,28.141,0.716,44.037
RNO,2022-06-17,20,2022-06-16,18,26,20.573,100.0,34.249
RNO,2022-06-18,20,2022-06-17,18,26,15.674,100.0,5.697
RNO,2022-06-19,20,2022-06-18,18,26,19.631,67.947,19.643
RNO,2022-06-20,20,2022-06-19,18,26,21.045,99.682,12.743
RNO,2022-06-21,20,2022-06-20,18,26,26.286,0.0,18.399
RNO,2022-06-22,20,2022-06-21,18,26,30.002,89.6,11.735
RNO,2022-06-23,20,2022-06-22,18,26,27.262,100.0,6.885
RNO,2022-06-24,20,2022-06-23,18,26,29.919,4.267,8.882
RNO,2022-06-25,20,2022-06-24,18,26,30.815,3.629,14.011
RNO,2022-06-26,20,2022-06-25,18,26,32.215,1.061,6.539
RNO,2022-06-27,20,2022-06-26,18,26,33.692,56.106,16.268
RNO,2022-06-28,20,2022-06-27,18,26,32.154,15.498,29.993
RNO,2022-06-29,20,2022-06-28,18,26,30.95,0.0,33.992
RNO,2022-06-30,20,2022-06-29,18,26,30.262,0.0,27.565
RNO,2022-07-01,20,2022-06-30,18,26,29.581,0.0,2.79
RNO,2022-07-02,20,2022-07-01,18,26,28.55,5.544,33.123
RNO,2022-07-03,20,2022-07-02,18,26,23.724,100.0,26.481
RNO,2022-07-04,20,2022-07-03,18,26,25.132,16.756,5.486
RNO,2022-07-05,20,2022-07-04,18,26,26.79,72.284,6.56
RNO,2022-07-06,20,2022-07-05,18,26,28.004,4.952,5.22
RNO,2022-07-07,20,2022-07-06,18,26,28.744,0.777,8.319
RNO,2022-07-08,20,2022-07-07,18,26,30.663,0.0,22.477
RNO,2022-07-09,20,2022-07-08,18,26,30.208,0.0,23.909
RNO,2022-07-10,20,2022-07-09,18,26,30.119,0.0,5.878
RNO,2022-07-11,20,2022-07-10,18,26,33.369,0.0,12.017
RNO,2022-07-12,20,2022-07-11,18,26,35.01,3.963,7.939
RNO,2022-07-13,20,2022-07-12,18,26,34.061,0.299,8.782
RNO,2022-07-14,20,2022-07-13,18,26,33.656,0.969,6.696
RNO,2022-07-15,20,2022-07-14,18,26,34.7,0.159,24.823
RNO,2022-07-16,20,2022-07-15,18,26,35.605,0.0,26.315
RNO,2022-07-17,20,2022-07-16,18,26,35.626,3.001,33.905
RNO,2022-07-18,20,2022-07-17,18,26,35.078,50.554,27.836
RNO,2022-07-19,20,2022-07-18,18,26,33.365,88.335,9.63
RNO,2022-07-20,20,2022-07-19,18,26,33.942,1.174,5.445
RNO,2022-07-21,20,2022-07-20,18,26,34.043,0.0,4.775
RNO,2022-07-22,20,2022-07-21,18,26,33.965,0.0,25.644
RNO,2022-07-23,20,2022-07-22,18,26,32.607,0.0,3.65
RNO,2022-07-24,20,2022-07-23,18,26,33.111,0.0,7.615
RNO,2022-07-25,20,2022-07-24,18,26,33.427,18.879,5.919
RNO,2022-07-26,20,2022-07-25,18,26,33.388,99.715,5.518
RNO,2022-07-27,20,2022-07-26,18,26,34.504,75.599,7.65
RNO,2022-07-28,20,2022-07-27,18,26,35.966,2.19,13.938
RNO,2022-07-29,20,2022-07-28,18,26,36.185,5.051,14.074
RNO,2022-07-30,20,2022-07-29,18,26,36.657,2.242,12.16
RNO,2022-07-31,20,2022-07-30,18,26,34.629,98.916,10.339
RNO,2022-08-01,20,2022-07-31,18,26,31.524,99.929,4.423
RNO,2022-08-02,20,2022-08-01,18,26,31.213,83.532,5.118
RNO,2022-08-03,20,2022-08-02,18,26,31.86,33.46,8.759
RNO,2022-08-04,20,2022-08-03,18,26,32.987,92.115,9.302
RNO,2022-08-05,20,2022-08-04,18,26,28.074,100.0,5.604
RNO,2022-08-06,20,2022-08-05,18,26,28.968,0.0,8.871
RNO,2022-08-07,20,2022-08-06,18,26,31.74,0.231,15.372
RNO,2022-08-08,20,2022-08-07,18,26,32.807,87.741,11.927
RNO,2022-08-09,20,2022-08-08,18,26,29.577,100.0,12.787
RNO,2022-08-10,20,2022-08-09,18,26,30.408,3.664,11.188
RNO,2022-08-11,20,2022-08-10,18,26,30.806,0.0,5.607
RNO,2022-08-12,20,2022-08-11,18,26,31.362,0.0,5.99
RNO,2022-08-13,20,2022-08-12,18,26,31.162,0.0,5.368
RNO,2022-08-14,20,2022-08-13,18,26,31.328,0.0,6.22
RNO,2022-08-15,20,2022-08-14,18,26,31.954,0.0,9.505
RNO,2022-08-16,20,2022-08-15,18,26,32.934,3.169,11.997
RNO,2022-08-17,20,2022-08-16,18,26,32.402,79.165,15.838
RNO,2022-08-18,20,2022-08-17,18,26,30.001,81.072,8.83
RNO,2022-08-19,20,2022-08-18,18,26,30.514,0.027,9.962
RNO,2022-08-20,20,2022-08-19,18,26,32.18,0.0,8.696
RNO,2022-08-21,20,2022-08-20,18,26,33.64,0.0,6.945
RNO,2022-08-22,20,2022-08-21,18,26,32.679,0.0,1.786
RNO,2022-08-23,20,2022-08-22,18,26,32.436,0.0,4.538
RNO,2022-08-24,20,2022-08-23,18,26,34.133,0.0,24.136
RNO,2022-08-25,20,2022-08-24,18,26,33.097,0.492,5.187
RNO,2022-08-26,20,2022-08-25,18,26,32.104,0.0,6.952
RNO,2022-08-27,20,2022-08-26,18,26,31.264,0.0,20.37
RNO,2022-08-28,20,2022-08-27,18,26,29.761,0.0,8.684
RNO,2022-08-29,20,2022-08-28,18,26,31.589,0.0,12.392
RNO,2022-08-30,20,2022-08-29,18,26,32.246,0.061,10.879
RNO,2022-08-31,20,2022-08-30,18,26,34.068,0.0,4.418
RNO,2022-09-01,20,2022-08-31,18,26,33.872,0.0,9.057
RNO,2022-09-02,20,2022-09-01,18,26,35.66,25.693,15.645
RNO,2022-09-03,20,2022-09-02,18,26,34.596,0.0,32.223
RNO,2022-09-04,20,2022-09-03,18,26,36.188,0.159,13.937
RNO,2022-09-05,20,2022-09-04,18,26,35.275,2.974,13.416
RNO,2022-09-06,20,2022-09-05,18,26,36.82,5.496,10.073
RNO,2022-09-07,20,2022-09-06,18,26,36.332,9.25,14.384
RNO,2022-09-08,20,2022-09-07,18,26,34.839,0.875,1.62
RNO,2022-09-09,20,2022-09-08,18,26,31.329,0.0,14.76
RNO,2022-09-10,20,2022-09-09,18,26,31.278,97.059,10.379
RNO,2022-09-11,20,2022-09-10,18,26,31.202,87.434,17.735
RNO,2022-09-12,20,2022-09-11,18,26,27.964,100.0,2.078
RNO,2022-09-13,20,2022-09-12,18,26,25.751,90.22,19.533
RNO,2022-09-14,20,2022-09-13,18,26,23.17,99.788,8.824
RNO,2022-09-15,20,2022-09-14,18,26,22.562,98.605,8.524
RNO,2022-09-16,20,2022-09-15,18,26,24.377,77.813,8.291
RNO,2022-09-17,20,2022-09-16,18,26,23.92,41.956,21.304
RNO,2022-09-18,20,2022-09-17,18,26,18.503,100.0,22.135
RNO,2022-09-19,20,2022-09-18,18,26,13.922,100.0,6.611
RNO,2022-09-20,20,2022-09-19,18,26,14.842,100.0,12.487
RNO,2022-09-21,20,2022-09-20,18,26,14.674,99.718,16.52
RNO,2022-09-22,20,2022-09-21,18,26,18.387,0.0,5.769
RNO,2022-09-23,20,2022-09-22,18,26,22.505,0.0,5.664
RNO,2022-09-24,20,2022-09-23,18,26,25.133,0.0,6.213
RNO,2022-09-25,20,2022-09-24,18,26,26.843,0.0,8.632
RNO,2022-09-26,20,2022-09-25,18,26,29.021,3.116,10.455
RNO,2022-09-27,20,2022-09-26,18,26,29.392,44.491,15.99
RNO,2022-09-28,20,2022-09-27,18,26,27.376,97.244,38.89
RNO,2022-09-29,20,2022-09-28,18,26,26.367,0.0,17.658
RNO,2022-09-30,20,2022-09-29,18,26,21.736,0.028,9.555
RNO,2022-10-01,20,2022-09-30,18,26,21.745,0.0,9.569
RNO,2022-10-02,20,2022-10-01,18,26,23.686,0.0,9.552
RNO,2022-10-03,20,2022-10-02,18,26,24.564,0.0,8.108
RNO,2022-10-04,20,2022-10-03,18,26,25.025,2.042,6.278
RNO,2022-10-05,20,2022-10-04,18,26,25.456,0.0,7.733
RNO,2022-10-06,20,2022-10-05,18,26,25.667,0.0,5.938
RNO,2022-10-07,20,2022-10-06,18,26,26.0,0.272,5.682
RNO,2022-10-08,20,2022-10-07,18,26,25.99,0.0,7.233
RNO,2022-10-09,20,2022-10-08,18,26,25.605,37.702,7.69
RNO,2022-10-10,20,2022-10-09,18,26,23.523,2.606,5.093
RNO,2022-10-11,20,2022-10-10,18,26,24.848,12.165,8.587
RNO,2022-10-12,20,2022-10-11,18,26,23.912,0.0,6.279
RNO,2022-10-13,20,2022-10-12,18,26,24.188,0.0,6.901
RNO,2022-10-14,20,2022-10-13,18,26,24.386,0.0,7.923
RNO,2022-10-15,20,2022-10-14,18,26,24.068,33.429,7.871
RNO,2022-10-16,20,2022-10-15,18,26,23.465,0.0,7.862
RNO,2022-10-17,20,2022-10-16,18,26,23.089,0.0,8.179
RNO,2022-10-18,20,2022-10-17,18,26,22.997,100.0,6.701
RNO,2022-10-19,20,2022-10-18,18,26,23.083,0.173,6.982
RNO,2022-10-20,20,2022-10-19,18,26,23.044,0.0,5.799
RNO,2022-10-21,20,2022-10-20,18,26,25.034,0.137,25.504
RNO,2022-10-22,20,2022-10-21,18,26,12.195,94.756,26.585
RNO,2022-10-23,20,2022-10-22,18,26,7.828,58.134,11.258
RNO,2022-10-24,20,2022-10-23,18,26,14.363,8.255,4.086
RNO,2022-10-25,20,2022-10-24,18,26,13.11,100.0,8.518
RNO,2022-10-26,20,2022-10-25,18,26,10.989,56.619,12.408
RNO,2022-10-27,20,2022-10-26,18,26,11.482,11.054,12.294
RNO,2022-10-28,20,2022-10-27,18,26,15.343,99.744,6.081
RNO,2022-10-29,20,2022-10-28,18,26,15.407,100.0,4.943
RNO,2022-10-30,20,2022-10-29,18,26,16.022,100.0,5.058
RNO,2022-10-31,20,2022-10-30,18,26,16.523,100.0,3.907
RNO,2022-11-01,20,2022-10-31,18,26,14.303,34.262,42.013
RNO,2022-11-02,20,2022-11-01,18,26,4.949,97.876,19.564
RNO,2022-11-03,20,2022-11-02,18,26,3.697,18.255,7.928
RNO,2022-11-04,20,2022-11-03,18,26,11.135,100.0,4.787
RNO,2022-11-05,20,2022-11-04,18,26,12.227,100.0,15.376
RNO,2022-11-06,20,2022-11-05,18,26,12.841,99.981,18.67
RNO,2022-11-07,20,2022-11-06,18,26,5.335,24.323,16.844
RNO,2022-11-08,20,2022-11-07,18,26,1.228,100.0,8.841
RNO,2022-11-09,20,2022-11-08,18,26,4.338,11.801,18.917
RNO,2022-11-10,20,2022-11-09,18,26,2.622,0.228,3.862
RNO,2022-11-11,20,2022-11-10,18,26,5.387,100.0,8.529
RNO,2022-11-12,20,2022-11-11,18,26,4.448,90.573,7.376
RNO,2022-11-13,20,2022-11-12,18,26,2.06,2.219,7.786
RNO,2022-11-14,20,2022-11-13,18,26,4.719,0.227,6.613
RNO,2022-11-15,20,2022-11-14,18,26,5.953,0.0,8.18
RNO,2022-11-16,20,2022-11-15,18,26,6.209,0.0,4.78
RNO,2022-11-17,20,2022-11-16,18,26,8.586,98.748,3.094
RNO,2022-11-18,20,2022-11-17,18,26,4.808,0.082,10.099
RNO,2022-11-19,20,2022-11-18,18,26,3.663,0.0,7.942
RNO,2022-11-20,20,2022-11-19,18,26,7.094,95.292,2.377
RNO,2022-11-21,20,2022-11-20,18,26,8.162,100.0,3.632
RNO,2022-11-22,20,2022-11-21,18,26,9.739,100.0,3.537
RNO,2022-11-23,20,2022-11-22,18,26,10.104,97.365,4.537
RNO,2022-11-24,20,2022-11-23,18,26,9.989,0.744,6.763
RNO,2022-11-25,20,2022-11-24,18,26,12.474,97.274,1.841
RNO,2022-11-26,20,2022-11-25,18,26,9.203,2.11,6.192
RNO,2022-11-27,20,2022-11-26,18,26,10.817,94.763,3.349
RNO,2022-11-28,20,2022-11-27,18,26,8.824,7.616,30.755
RNO,2022-11-29,20,2022-11-28,18,26,4.001,2.974,5.16
RNO,2022-12-01,20,2022-11-30,18,26,4.858,100.0,19.8
RNO,2022-12-02,20,2022-12-01,18,26,1.473,5.467,4.399
RNO,2022-12-03,20,2022-12-02,18,26,4.738,99.956,7.656
RNO,2022-12-04,20,2022-12-03,18,26,3.129,80.998,7.572
RNO,2022-12-05,20,2022-12-04,18,26,4.578,25.765,8.079
RNO,2022-12-06,20,2022-12-05,18,26,3.321,7.176,2.781
RNO,2022-12-07,20,2022-12-06,18,26,3.446,5.398,3.531
RNO,2022-12-08,20,2022-12-07,18,26,3.504,100.0,3.807
RNO,2022-12-09,20,2022-12-08,18,26,3.227,100.0,2.121
RNO,2022-12-10,20,2022-12-09,18,26,5.154,100.0,21.475
RNO,2022-12-11,20,2022-12-10,18,26,2.159,98.732,17.389
RNO,2022-12-12,20,2022-12-11,18,26,0.291,100.0,9.33
RNO,2022-12-13,20,2022-12-12,18,26,1.548,1.191,4.715
RNO,2022-12-14,20,2022-12-13,18,26,3.34,0.196,1.6
RNO,2022-12-15,20,2022-12-14,18,26,2.459,3.382,7.526
RNO,2022-12-16,20,2022-12-15,18,26,1.655,4.761,5.971
RNO,2022-12-17,20,2022-12-16,18,26,2.372,0.955,3.369
RNO,2022-12-18,20,2022-12-17,18,26,3.035,10.376,3.742
RNO,2022-12-19,20,2022-12-18,18,26,3.65,100.0,1.201
RNO,2022-12-20,20,2022-12-19,18,26,5.6,8.423,4.695
RNO,2022-12-21,20,2022-12-20,18,26,6.68,5.0,3.067
RNO,2022-12-22,20,2022-12-21,18,26,5.254,100.0,2.802
RNO,2022-12-23,20,2022-12-22,18,26,7.871,100.0,1.99
RNO,2022-12-24,20,2022-12-23,18,26,8.855,58.563,5.455
RNO,2022-12-25,20,2022-12-24,18,26,11.274,21.367,3.716
RNO,2022-12-26,20,2022-12-25,18,26,11.957,100.0,3.141
RNO,2022-12-27,20,2022-12-26,18,26,7.72,97.512,29.115
RNO,2022-12-28,20,2022-12-27,18,26,4.522,3.317,10.373
RNO,2022-12-29,20,2022-12-28,18,26,3.589,99.443,1.952
RNO,2022-12-30,20,2022-12-29,18,26,10.582,85.684,18.277
RNO,2022-12-31,20,2022-12-30,18,26,5.895,100.0,6.094
RNO,2023-01-01,20,2022-12-31,18,26,-0.455,58.962,8.56
RNO,2023-01-02,20,2023-01-01,18,26,-1.294,100.0,3.167
RNO,2023-01-03,20,2023-01-02,18,26,1.18,93.939,3.0
RNO,2023-01-04,20,2023-01-03,18,26,-0.661,100.0,10.683
RNO,2023-01-05,20,2023-01-04,18,26,3.501,100.0,12.271
RNO,2023-01-06,20,2023-01-05,18,26,1.481,100.0,2.044
RNO,2023-01-07,20,2023-01-06,18,26,3.168,100.0,6.916
RNO,2023-01-08,20,2023-01-07,18,26,3.908,34.296,9.396
RNO,2023-01-09,20,2023-01-08,18,26,2.287,100.0,5.991
RNO,2023-01-10,20,2023-01-09,18,26,2.458,97.762,10.462
RNO,2023-01-11,20,2023-01-10,18,26,1.681,100.0,6.259
RNO,2023-01-12,20,2023-01-11,18,26,3.64,100.0,7.688
RNO,2023-01-13,20,2023-01-12,18,26,5.749,100.0,3.363
RNO,2023-01-14,20,2023-01-13,18,26,3.097,100.0,11.397
RNO,2023-01-15,20,2023-01-14,18,26,2.918,97.426,6.356
RNO,2023-01-16,20,2023-01-15,18,26,1.092,100.0,7.617
RNO,2023-01-17,20,2023-01-16,18,26,-0.064,10.918,5.871
RNO,2023-01-18,20,2023-01-17,18,26,1.703,100.0,2.028
RNO,2023-01-19,20,2023-01-18,18,26,-0.37,0.0,14.056
RNO,2023-01-20,20,2023-01-19,18,26,-2.577,1.318,5.133
RNO,2023-01-21,20,2023-01-20,18,26,0.175,2.407,6.624
RNO,2023-01-22,20,2023-01-21,18,26,-0.934,13.1,9.127
RNO,2023-01-23,20,2023-01-22,18,26,-0.775,5.028,6.063
RNO,2023-01-24,20,2023-01-23,18,26,2.694,2.817,2.926
RNO,2023-01-25,20,2023-01-24,18,26,3.117,0.527,3.088
RNO,2023-01-26,20,2023-01-25,18,26,4.861,5.867,2.541
RNO,2023-01-27,20,2023-01-26,18,26,7.633,87.969,2.18
RNO,2023-01-28,20,2023-01-27,18,26,4.591,3.642,1.803
RNO,2023-01-29,20,2023-01-28,18,26,0.153,99.92,16.446
RNO,2023-01-30,20,2023-01-29,18,26,-4.984,1.408,7.949
RNO,2023-01-31,20,2023-01-30,18,26,-2.063,44.965,7.194
RNO,2023-02-01,20,2023-01-31,18,26,3.189,90.259,4.121
RNO,2023-02-02,20,2023-02-01,18,26,5.951,93.637,3.919
RNO,2023-02-03,20,2023-02-02,18,26,6.685,8.964,12.812
RNO,2023-02-04,20,2023-02-03,18,26,7.298,100.0,4.373
RNO,2023-02-05,20,2023-02-04,18,26,3.343,93.669,22.657
RNO,2023-02-06,20,2023-02-05,18,26,1.718,1.556,8.538
RNO,2023-02-07,20,2023-02-06,18,26,6.347,100.0,2.534
RNO,2023-02-08,20,2023-02-07,18,26,8.167,5.0,3.209
RNO,2023-02-09,20,2023-02-08,18,26,8.849,5.0,7.312
RNO,2023-02-10,20,2023-02-09,18,26,10.525,97.987,5.713
RNO,2023-02-11,20,2023-02-10,18,26,4.027,77.921,12.281
RNO,2023-02-12,20,2023-02-11,18,26,5.028,0.0,1.077
RNO,2023-02-13,20,2023-02-12,18,26,10.202,0.0,1.697
RNO,2023-02-14,20,2023-02-13,18,26,-1.001,100.0,14.047
RNO,2023-02-15,20,2023-02-14,18,26,-0.209,0.0,2.139
RNO,2023-02-16,20,2023-02-15,18,26,3.133,100.0,5.5
RNO,2023-02-17,20,2023-02-16,18,26,4.229,7.181,3.808
RNO,2023-02-18,20,2023-02-17,18,26,6.854,100.0,0.574
RNO,2023-02-19,20,2023-02-18,18,26,8.2,96.5,5.404
RNO,2023-02-20,20,2023-02-19,18,26,12.272,9.865,8.763
RNO,2023-02-21,20,2023-02-20,18,26,10.371,100.0,31.969
RNO,2023-02-22,20,2023-02-21,18,26,-1.81,100.0,21.919
RNO,2023-02-23,20,2023-02-22,18,26,-2.359,100.0,33.141
RNO,2023-02-24,20,2023-02-23,18,26,-1.289,100.0,14.225
RNO,2023-02-25,20,2023-02-24,18,26,2.917,92.832,5.454
RNO,2023-02-26,20,2023-02-25,18,26,3.263,70.627,15.808
RNO,2023-02-27,20,2023-02-26,18,26,1.588,100.0,24.21
RNO,2023-02-28,20,2023-02-27,18,26,1.155,51.986,19.937
RNO,2023-03-01,20,2023-02-28,18,26,-1.535,98.962,22.962
RNO,2023-03-02,20,2023-03-01,18,26,2.258,12.476,1.85
RNO,2023-03-03,20,2023-03-02,18,26,3.853,100.0,2.232
RNO,2023-03-04,20,2023-03-03,18,26,3.445,6.045,51.772
RNO,2023-03-05,20,2023-03-04,18,26,-0.06,65.639,33.43
RNO,2023-03-06,20,2023-03-05,18,26,-0.35,99.36,5.15
RNO,2023-03-07,20,2023-03-06,18,26,0.699,100.0,8.955
RNO,2023-03-08,20,2023-03-07,18,26,1.002,62.079,40.09
RNO,2023-03-09,20,2023-03-08,18,26,5.99,100.0,12.993
RNO,2023-03-10,20,2023-03-09,18,26,5.804,100.0,33.504
RNO,2023-03-11,20,2023-03-10,18,26,4.939,97.375,3.657
RNO,2023-03-12,20,2023-03-11,18,26,5.842,100.0,6.864
RNO,2023-03-13,20,2023-03-12,18,26,8.481,84.99,13.75
RNO,2023-03-14,20,2023-03-13,18,26,3.263,100.0,11.59
RNO,2023-03-15,20,2023-03-14,18,26,5.763,75.086,10.176
RNO,2023-03-16,20,2023-03-15,18,26,6.642,0.0,10.619
RNO,2023-03-17,20,2023-03-16,18,26,8.614,9.64,11.444
RNO,2023-03-18,20,2023-03-17,18,26,11.303,100.0,8.421
RNO,2023-03-19,20,2023-03-18,18,26,5.765,100.0,3.537
RNO,2023-03-20,20,2023-03-19,18,26,7.811,0.0,26.064
RNO,2023-03-21,20,2023-03-20,18,26,4.291,100.0,23.178
RNO,2023-03-22,20,2023-03-21,18,26,6.665,100.0,6.53
RNO,2023-03-23,20,2023-03-22,18,26,6.123,71.168,27.834
RNO,2023-03-24,20,2023-03-23,18,26,3.77,90.359,17.946
RNO,2023-03-25,20,2023-03-24,18,26,2.708,100.0,7.456
RNO,2023-03-26,20,2023-03-25,18,26,0.378,3.891,10.94
RNO,2023-03-27,20,2023-03-26,18,26,5.502,66.781,17.429
RNO,2023-03-28,20,2023-03-27,18,26,8.504,99.953,34.377
RNO,2023-03-29,20,2023-03-28,18,26,4.137,100.0,4.04
RNO,2023-03-30,20,2023-03-29,18,26,6.024,17.3,11.684
RNO,2023-03-31,20,2023-03-30,18,26,7.742,4.841,7.944
RNO,2023-04-01,20,2023-03-31,18,26,9.531,90.69,22.15
RNO,2023-04-02,20,2023-04-01,18,26,9.916,2.31,24.295
RNO,2023-04-03,20,2023-04-02,18,26,0.291,100.0,33.957
RNO,2023-04-04,20,2023-04-03,18,26,2.226,100.0,22.545
RNO,2023-04-05,20,2023-04-04,18,26,6.498,10.915,2.666
RNO,2023-04-06,20,2023-04-05,18,26,11.986,6.76,7.062
RNO,2023-04-07,20,2023-04-06,18,26,9.493,100.0,18.094
RNO,2023-04-08,20,2023-04-07,18,26,12.007,100.0,1.357
RNO,2023-04-09,20,2023-04-08,18,26,18.323,99.251,4.508
RNO,2023-04-10,20,2023-04-09,18,26,21.753,2.647,25.311
RNO,2023-04-11,20,2023-04-10,18,26,18.366,99.754,20.127
RNO,2023-04-12,20,2023-04-11,18,26,15.388,0.0,25.432
RNO,2023-04-13,20,2023-04-12,18,26,7.636,99.92,6.967
RNO,2023-04-14,20,2023-04-13,18,26,12.631,63.257,7.048
RNO,2023-04-15,20,2023-04-14,18,26,17.056,4.952,3.242
RNO,2023-04-16,20,2023-04-15,18,26,16.828,94.51,27.569
RNO,2023-04-17,20,2023-04-16,18,26,12.141,100.0,35.443
RNO,2023-04-18,20,2023-04-17,18,26,4.899,100.0,21.726
RNO,2023-04-19,20,2023-04-18,18,26,8.048,15.653,20.896
RNO,2023-04-20,20,2023-04-19,18,26,12.032,5.0,5.894
RNO,2023-04-21,20,2023-04-20,18,26,16.321,81.072,10.618
RNO,2023-04-22,20,2023-04-21,18,26,16.605,4.761,5.412
RNO,2023-04-23,20,2023-04-22,18,26,19.177,67.348,12.818
RNO,2023-04-24,20,2023-04-23,18,26,19.662,100.0,29.564
RNO,2023-04-25,20,2023-04-24,18,26,16.165,77.077,7.632
RNO,2023-04-26,20,2023-04-25,18,26,19.904,96.739,5.355
RNO,2023-04-27,20,2023-04-26,18,26,23.059,38.645,4.75
RNO,2023-04-28,20,2023-04-27,18,26,24.996,5.0,13.681
RNO,2023-04-29,20,2023-04-28,18,26,26.361,98.918,21.671
RNO,2023-04-30,20,2023-04-29,18,26,23.428,100.0,30.688
RNO,2023-05-01,20,2023-04-30,18,26,15.02,100.0,9.262
RNO,2023-05-02,20,2023-05-01,18,26,9.553,100.0,13.699
RNO,2023-05-03,20,2023-05-02,18,26,10.38,56.999,1.847
RNO,2023-05-04,20,2023-05-03,18,26,10.904,99.841,14.304
RNO,2023-05-05,20,2023-05-04,18,26,9.215,100.0,17.925
RNO,2023-05-06,20,2023-05-05,18,26,10.478,89.112,23.136
RNO,2023-05-07,20,2023-05-06,18,26,12.601,76.74,17.254
RNO,2023-05-08,20,2023-05-07,18,26,12.932,0.113,36.057
RNO,2023-05-09,20,2023-05-08,18,26,13.038,100.0,8.029
RNO,2023-05-10,20,2023-05-09,18,26,16.414,93.461,5.11
RNO,2023-05-11,20,2023-05-10,18,26,17.988,5.064,5.286
RNO,2023-05-12,20,2023-05-11,18,26,21.432,5.0,14.692
RNO,2023-05-13,20,2023-05-12,18,26,22.889,0.0,14.791
RNO,2023-05-14,20,2023-05-13,18,26,22.657,68.497,16.267
RNO,2023-05-15,20,2023-05-14,18,26,24.315,35.074,21.471
RNO,2023-05-16,20,2023-05-15,18,26,26.23,9.169,14.967
RNO,2023-05-17,20,2023-05-16,18,26,26.324,5.0,2.563
RNO,2023-05-18,20,2023-05-17,18,26,26.577,5.0,6.177
RNO,2023-05-19,20,2023-05-18,18,26,28.366,6.925,11.239
RNO,2023-05-20,20,2023-05-19,18,26,28.279,4.681,5.648
RNO,2023-05-21,20,2023-05-20,18,26,26.55,9.077,6.548
RNO,2023-05-22,20,2023-05-21,18,26,24.727,93.518,6.867
RNO,2023-05-23,20,2023-05-22,18,26,22.913,100.0,16.869
RNO,2023-05-24,20,2023-05-23,18,26,21.773,22.409,11.169
RNO,2023-05-25,20,2023-05-24,18,26,21.384,66.337,6.64
RNO,2023-05-26,20,2023-05-25,18,26,19.483,56.523,6.462
RNO,2023-05-27,20,2023-05-26,18,26,21.456,98.989,1.802
RNO,2023-05-28,20,2023-05-27,18,26,20.467,95.255,10.766
RNO,2023-05-29,20,2023-05-28,18,26,21.866,70.113,2.033
RNO,2023-05-30,20,2023-05-29,18,26,21.516,18.073,1.518
RNO,2023-05-31,20,2023-05-30,18,26,22.406,15.374,7.416
RNO,2023-06-01,20,2023-05-31,18,26,22.742,19.222,5.875
RNO,2023-06-02,20,2023-06-01,18,26,21.623,2.368,9.065
RNO,2023-06-03,20,2023-06-02,18,26,24.416,3.489,9.991
RNO,2023-06-04,20,2023-06-03,18,26,26.185,87.74,10.994
RNO,2023-06-05,20,2023-06-04,18,26,26.374,0.659,18.486
RNO,2023-06-06,20,2023-06-05,18,26,25.711,59.521,23.06
RNO,2023-06-07,20,2023-06-06,18,26,24.768,0.156,12.933
RNO,2023-06-08,20,2023-06-07,18,26,22.931,18.354,8.857
RNO,2023-06-09,20,2023-06-08,18,26,23.364,95.882,3.387
RNO,2023-06-10,20,2023-06-09,18,26,22.689,100.0,10.41
RNO,2023-06-11,20,2023-06-10,18,26,21.42,98.533,3.95
RNO,2023-06-12,20,2023-06-11,18,26,18.532,23.426,4.985
RNO,2023-06-13,20,2023-06-12,18,26,24.181,61.894,5.267
RNO,2023-06-14,20,2023-06-13,18,26,27.166,7.993,12.171
RNO,2023-06-15,20,2023-06-14,18,26,23.2,74.755,9.813
RNO,2023-06-16,20,2023-06-15,18,26,22.845,12.578,9.983
RNO,2023-06-17,20,2023-06-16,18,26,27.651,100.0,26.856
RNO,2023-06-18,20,2023-06-17,18,26,24.128,67.769,39.289
RNO,2023-06-19,20,2023-06-18,18,26,16.661,0.023,28.749
RNO,2023-06-20,20,2023-06-19,18,26,16.728,11.034,8.685
RNO,2023-06-21,20,2023-06-20,18,26,20.021,0.0,15.514
RNO,2023-06-22,20,2023-06-21,18,26,21.455,100.0,7.398
RNO,2023-06-23,20,2023-06-22,18,26,21.92,12.141,11.054
RNO,2023-06-24,20,2023-06-23,18,26,23.846,64.587,10.328
RNO,2023-06-25,20,2023-06-24,18,26,23.443,81.615,8.408
RNO,2023-06-26,20,2023-06-25,18,26,23.732,30.54,9.301
RNO,2023-06-27,20,2023-06-26,18,26,23.049,4.456,6.614
RNO,2023-06-28,20,2023-06-27,18,26,24.525,8.137,5.426
RNO,2023-06-29,20,2023-06-28,18,26,27.168,0.0,4.586
RNO,2023-06-30,20,2023-06-29,18,26,30.398,0.0,7.764
RNO,2023-07-01,20,2023-06-30,18,26,33.062,0.204,6.689
RNO,2023-07-02,20,2023-07-01,18,26,34.092,3.394,3.515
RNO,2023-07-03,20,2023-07-02,18,26,33.27,0.77,12.991
RNO,2023-07-04,20,2023-07-03,18,26,30.747,0.027,3.921
RNO,2023-07-05,20,2023-07-04,18,26,31.413,0.265,7.037
RNO,2023-07-06,20,2023-07-05,18,26,30.252,0.0,4.787
RNO,2023-07-07,20,2023-07-06,18,26,29.598,1.585,5.459
RNO,2023-07-08,20,2023-07-07,18,26,29.514,0.0,6.159
RNO,2023-07-09,20,2023-07-08,18,26,30.394,0.0,4.405
RNO,2023-07-10,20,2023-07-09,18,26,29.429,0.0,6.609
RNO,2023-07-11,20,2023-07-10,18,26,30.979,0.0,7.428
RNO,2023-07-12,20,2023-07-11,18,26,30.55,0.0,11.582
RNO,2023-07-13,20,2023-07-12,18,26,30.278,0.0,6.05
RNO,2023-07-14,20,2023-07-13,18,26,32.926,0.0,8.034
RNO,2023-07-15,20,2023-07-14,18,26,37.012,0.0,7.851
RNO,2023-07-16,20,2023-07-15,18,26,37.944,100.0,3.704
RNO,2023-07-17,20,2023-07-16,18,26,35.71,79.104,33.215
RNO,2023-07-18,20,2023-07-17,18,26,35.017,5.0,15.717
RNO,2023-07-19,20,2023-07-18,18,26,32.765,82.525,7.769
RNO,2023-07-20,20,2023-07-19,18,26,33.339,0.0,6.89
RNO,2023-07-21,20,2023-07-20,18,26,35.59,0.0,7.665
RNO,2023-07-22,20,2023-07-21,18,26,35.441,56.456,5.894
RNO,2023-07-23,20,2023-07-22,18,26,36.134,99.668,19.564
RNO,2023-07-24,20,2023-07-23,18,26,33.103,100.0,29.605
RNO,2023-07-25,20,2023-07-24,18,26,33.59,1.14,23.009
RNO,2023-07-26,20,2023-07-25,18,26,34.02,0.0,26.067
RNO,2023-07-27,20,2023-07-26,18,26,32.349,0.0,28.865
RNO,2023-07-28,20,2023-07-27,18,26,32.845,0.0,22.251
RNO,2023-07-29,20,2023-07-28,18,26,32.976,0.982,26.013
RNO,2023-07-30,20,2023-07-29,18,26,32.719,5.449,17.941
RNO,2023-07-31,20,2023-07-30,18,26,33.229,10.567,25.861
RNO,2023-08-01,20,2023-07-31,18,26,30.204,99.995,7.571
RNO,2023-08-02,20,2023-08-01,18,26,30.038,82.046,6.963
RNO,2023-08-03,20,2023-08-02,18,26,27.778,28.913,8.538
RNO,2023-08-04,20,2023-08-03,18,26,28.491,0.074,6.829
RNO,2023-08-05,20,2023-08-04,18,26,27.795,0.247,9.809
RNO,2023-08-06,20,2023-08-05,18,26,28.939,0.048,5.938
RNO,2023-08-07,20,2023-08-06,18,26,31.844,0.207,6.544
RNO,2023-08-08,20,2023-08-07,18,26,30.195,31.727,3.953
RNO,2023-08-09,20,2023-08-08,18,26,30.271,43.06,5.865
RNO,2023-08-10,20,2023-08-09,18,26,28.818,0.0,9.023
RNO,2023-08-11,20,2023-08-10,18,26,29.159,4.168,5.433
RNO,2023-08-12,20,2023-08-11,18,26,30.594,8.179,5.592
RNO,2023-08-13,20,2023-08-12,18,26,32.296,5.0,9.559
RNO,2023-08-14,20,2023-08-13,18,26,30.475,100.0,10.193
RNO,2023-08-15,20,2023-08-14,18,26,31.751,3.202,11.526
RNO,2023-08-16,20,2023-08-15,18,26,32.357,86.185,11.507
RNO,2023-08-17,20,2023-08-16,18,26,31.301,51.578,14.673
RNO,2023-08-18,20,2023-08-17,18,26,30.387,54.871,6.574
RNO,2023-08-19,20,2023-08-18,18,26,29.236,16.244,8.612
RNO,2023-08-20,20,2023-08-19,18,26,19.467,100.0,10.145
RNO,2023-08-21,20,2023-08-20,18,26,19.639,18.976,8.711
RNO,2023-08-22,20,2023-08-21,18,26,23.624,98.362,10.428
RNO,2023-08-23,20,2023-08-22,18,26,25.659,3.956,10.06
RNO,2023-08-24,20,2023-08-23,18,26,28.47,19.358,8.205
RNO,2023-08-25,20,2023-08-24,18,26,29.041,27.008,16.381
RNO,2023-08-26,20,2023-08-25,18,26,28.199,0.0,8.17
RNO,2023-08-27,20,2023-08-26,18,26,28.913,0.0,7.535
RNO,2023-08-28,20,2023-08-27,18,26,31.962,0.0,9.217
RNO,2023-08-29,20,2023-08-28,18,26,30.312,0.0,29.04
RNO,2023-08-30,20,2023-08-29,18,26,26.882,0.0,7.983
RNO,2023-08-31,20,2023-08-30,18,26,29.692,0.0,34.459
RNO,2023-09-01,20,2023-08-31,18,26,22.0,95.734,27.265
RNO,2023-09-02,20,2023-09-01,18,26,19.327,99.986,4.99
RNO,2023-09-03,20,2023-09-02,18,26,18.695,99.972,13.093
RNO,2023-09-04,20,2023-09-03,18,26,21.27,0.0,6.832
RNO,2023-09-05,20,2023-09-04,18,26,24.079,1.0,6.371
RNO,2023-09-06,20,2023-09-05,18,26,26.46,0.018,14.676
RNO,2023-09-07,20,2023-09-06,18,26,26.636,0.0,7.703
RNO,2023-09-08,20,2023-09-07,18,26,26.83,1.672,8.834
RNO,2023-09-09,20,2023-09-08,18,26,28.339,0.0,9.653
RNO,2023-09-10,20,2023-09-09,18,26,27.145,0.493,7.199
RNO,2023-09-11,20,2023-09-10,18,26,27.126,47.473,8.909
RNO,2023-09-12,20,2023-09-11,18,26,26.413,1.082,7.434
RNO,2023-09-13,20,2023-09-12,18,26,25.961,0.408,7.864
RNO,2023-09-14,20,2023-09-13,18,26,25.851,0.0,7.647
RNO,2023-09-15,20,2023-09-14,18,26,26.628,0.0,7.172
RNO,2023-09-16,20,2023-09-15,18,26,28.184,8.462,12.837
RNO,2023-09-17,20,2023-09-16,18,26,27.526,1.697,8.838
RNO,2023-09-18,20,2023-09-17,18,26,26.324,7.222,10.272
RNO,2023-09-19,20,2023-09-18,18,26,24.301,0.111,5.472
RNO,2023-09-20,20,2023-09-19,18,26,25.953,4.56,17.195
RNO,2023-09-21,20,2023-09-20,18,26,16.472,62.247,7.079
RNO,2023-09-22,20,2023-09-21,18,26,18.345,0.86,10.059
RNO,2023-09-23,20,2023-09-22,18,26,22.25,0.0,1.815
RNO,2023-09-24,20,2023-09-23,18,26,23.829,55.365,11.702
RNO,2023-09-25,20,2023-09-24,18,26,23.911,100.0,30.184
RNO,2023-09-26,20,2023-09-25,18,26,23.482,5.294,8.842
RNO,2023-09-27,20,2023-09-26,18,26,23.082,52.593,5.569
RNO,2023-09-28,20,2023-09-27,18,26,21.409,0.0,8.738
RNO,2023-09-29,20,2023-09-28,18,26,23.302,40.189,15.133
RNO,2023-09-30,20,2023-09-29,18,26,16.125,98.993,15.25
RNO,2023-10-01,20,2023-09-30,18,26,11.875,100.0,11.405
RNO,2023-10-02,20,2023-10-01,18,26,14.755,99.341,6.707
RNO,2023-10-03,20,2023-10-02,18,26,19.403,12.601,14.422
RNO,2023-10-04,20,2023-10-03,18,26,19.84,0.0,10.335
RNO,2023-10-05,20,2023-10-04,18,26,21.955,0.0,12.282
RNO,2023-10-06,20,2023-10-05,18,26,23.888,0.0,10.896
RNO,2023-10-07,20,2023-10-06,18,26,26.031,0.0,9.22
RNO,2023-10-08,20,2023-10-07,18,26,27.855,0.0,11.193
RNO,2023-10-09,20,2023-10-08,18,26,20.081,100.0,35.345
RNO,2023-10-10,20,2023-10-09,18,26,19.522,19.549,34.919
RNO,2023-10-11,20,2023-10-10,18,26,13.497,0.78,10.77
RNO,2023-10-12,20,2023-10-11,18,26,13.857,66.063,13.07
RNO,2023-10-13,20,2023-10-12,18,26,18.916,96.493,9.282
RNO,2023-10-14,20,2023-10-13,18,26,20.501,98.258,6.391
RNO,2023-10-15,20,2023-10-14,18,26,23.472,46.063,6.242
RNO,2023-10-16,20,2023-10-15,18,26,24.707,100.0,5.821
RNO,2023-10-17,20,2023-10-16,18,26,21.31,0.0,2.963
RNO,2023-10-18,20,2023-10-17,18,26,23.369,0.0,6.067
RNO,2023-10-19,20,2023-10-18,18,26,25.859,0.0,4.922
RNO,2023-10-20,20,2023-10-19,18,26,26.049,5.541,4.387
RNO,2023-10-21,20,2023-10-20,18,26,23.747,62.497,6.773
RNO,2023-10-22,20,2023-10-21,18,26,19.063,29.486,27.977
RNO,2023-10-23,20,2023-10-22,18,26,16.27,0.0,7.077
RNO,2023-10-24,20,2023-10-23,18,26,19.38,5.0,6.472
RNO,2023-10-25,20,2023-10-24,18,26,12.4,100.0,23.54
RNO,2023-10-26,20,2023-10-25,18,26,8.545,34.342,6.235
RNO,2023-10-27,20,2023-10-26,18,26,12.443,1.726,6.51
RNO,2023-10-28,20,2023-10-27,18,26,8.14,0.239,14.683
RNO,2023-10-29,20,2023-10-28,18,26,8.262,0.0,9.168
RNO,2023-10-30,20,2023-10-29,18,26,11.212,0.0,6.195
RNO,2023-10-31,20,2023-10-30,18,26,14.252,99.892,4.969
RNO,2023-11-01,20,2023-10-31,18,26,17.586,97.761,4.534
RNO,2023-11-02,20,2023-11-01,18,26,20.04,100.0,2.508
RNO,2023-11-03,20,2023-11-02,18,26,19.304,93.326,4.261
RNO,2023-11-04,20,2023-11-03,18,26,21.94,100.0,9.089
RNO,2023-11-05,20,2023-11-04,18,26,16.523,100.0,23.568
RNO,2023-11-06,20,2023-11-05,18,26,9.598,91.138,17.274
RNO,2023-11-07,20,2023-11-06,18,26,9.04,70.364,11.075
RNO,2023-11-08,20,2023-11-07,18,26,9.12,5.0,7.423
RNO,2023-11-09,20,2023-11-08,18,26,10.924,99.701,6.105
RNO,2023-11-10,20,2023-11-09,18,26,13.384,6.26,5.245
RNO,2023-11-11,20,2023-11-10,18,26,14.838,91.892,1.342
RNO,2023-11-12,20,2023-11-11,18,26,16.771,100.0,7.009
RNO,2023-11-13,20,2023-11-12,18,26,15.65,93.717,10.234
RNO,2023-11-14,20,2023-11-13,18,26,14.16,37.164,5.362
RNO,2023-11-15,20,2023-11-14,18,26,13.865,97.412,6.797
RNO,2023-11-16,20,2023-11-15,18,26,12.51,85.529,5.787
RNO,2023-11-17,20,2023-11-16,18,26,11.436,99.75,8.348
RNO,2023-11-18,20,2023-11-17,18,26,8.711,88.389,16.823
RNO,2023-11-19,20,2023-11-18,18,26,5.856,79.083,14.324
RNO,2023-11-20,20,2023-11-19,18,26,7.898,4.392,9.071
RNO,2023-11-21,20,2023-11-20,18,26,9.589,100.0,3.984
RNO,2023-11-22,20,2023-11-21,18,26,13.188,99.986,5.997
RNO,2023-11-23,20,2023-11-22,18,26,7.794,94.964,19.077
RNO,2023-11-24,20,2023-11-23,18,26,3.535,0.758,5.956
RNO,2023-11-25,20,2023-11-24,18,26,4.033,0.0,7.704
RNO,2023-11-26,20,2023-11-25,18,26,4.366,0.0,6.909
RNO,2023-11-27,20,2023-11-26,18,26,5.559,0.0,5.866
RNO,2023-11-28,20,2023-11-27,18,26,7.933,4.044,4.661
RNO,2023-11-29,20,2023-11-28,18,26,7.638,9.983,5.559
RNO,2023-11-30,20,2023-11-29,18,26,6.284,77.546,4.817
RNO,2023-12-01,20,2023-11-30,18,26,6.302,98.47,5.16
RNO,2023-12-02,20,2023-12-01,18,26,8.205,100.0,17.645
RNO,2023-12-03,20,2023-12-02,18,26,9.419,100.0,10.717
RNO,2023-12-04,20,2023-12-03,18,26,11.405,4.839,4.327
RNO,2023-12-05,20,2023-12-04,18,26,14.254,82.925,5.308
RNO,2023-12-06,20,2023-12-05,18,26,14.579,0.0,40.693
RNO,2023-12-07,20,2023-12-06,18,26,5.695,91.425,17.151
RNO,2023-12-08,20,2023-12-07,18,26,2.984,100.0,4.628
RNO,2023-12-09,20,2023-12-08,18,26,4.302,100.0,6.064
RNO,2023-12-10,20,2023-12-09,18,26,11.098,100.0,1.457
RNO,2023-12-11,20,2023-12-10,18,26,9.211,58.762,3.047
RNO,2023-12-12,20,2023-12-11,18,26,6.076,76.348,4.233
RNO,2023-12-13,20,2023-12-12,18,26,6.017,4.168,4.51
RNO,2023-12-14,20,2023-12-13,18,26,7.428,100.0,3.092
RNO,2023-12-15,20,2023-12-14,18,26,7.975,100.0,4.632
RNO,2023-12-16,20,2023-12-15,18,26,10.221,0.0,2.254
RNO,2023-12-17,20,2023-12-16,18,26,9.36,100.0,5.419
RNO,2023-12-18,20,2023-12-17,18,26,6.843,44.064,7.15
RNO,2023-12-19,20,2023-12-18,18,26,6.948,100.0,5.474
RNO,2023-12-20,20,2023-12-19,18,26,7.874,100.0,4.256
RNO,2023-12-21,20,2023-12-20,18,26,10.563,47.227,6.297
RNO,2023-12-22,20,2023-12-21,18,26,9.898,98.383,2.413
RNO,2023-12-23,20,2023-12-22,18,26,5.389,5.0,6.452
RNO,2023-12-24,20,2023-12-23,18,26,7.595,99.602,3.785
RNO,2023-12-25,20,2023-12-24,18,26,6.604,100.0,2.302
RNO,2023-12-26,20,2023-12-25,18,26,9.641,97.046,2.799
RNO,2023-12-27,20,2023-12-26,18,26,13.828,89.56,13.567
RNO,2023-12-28,20,2023-12-27,18,26,11.329,99.185,3.785
RNO,2023-12-29,20,2023-12-28,18,26,12.206,96.389,5.627
RNO,2023-12-30,20,2023-12-29,18,26,7.002,100.0,8.316
RNO,2023-12-31,20,2023-12-30,18,26,6.26,100.0,4.414
RNO,2024-01-01,20,2023-12-31,18,26,6.783,4.712,4.539
RNO,2024-01-02,20,2024-01-01,18,26,5.772,100.0,3.851
RNO,2024-01-03,20,2024-01-02,18,26,4.135,46.253,17.151
RNO,2024-01-04,20,2024-01-03,18,26,5.142,10.091,7.338
RNO,2024-01-05,20,2024-01-04,18,26,5.739,5.0,8.302
RNO,2024-01-06,20,2024-01-05,18,26,3.568,74.26,33.965
RNO,2024-01-07,20,2024-01-06,18,26,-0.63,6.033,15.195
RNO,2024-01-08,20,2024-01-07,18,26,1.184,63.306,3.482
RNO,2024-01-09,20,2024-01-08,18,26,6.689,4.504,32.648
RNO,2024-01-10,20,2024-01-09,18,26,3.894,26.229,41.714
RNO,2024-01-11,20,2024-01-10,18,26,-1.379,6.684,5.375
RNO,2024-01-12,20,2024-01-11,18,26,2.471,99.905,5.178
RNO,2024-01-13,20,2024-01-12,18,26,5.611,100.0,8.976
RNO,2024-01-14,20,2024-01-13,18,26,6.147,79.158,7.765
RNO,2024-01-15,20,2024-01-14,18,26,4.772,10.661,6.471
RNO,2024-01-16,20,2024-01-15,18,26,7.565,99.56,1.532
RNO,2024-01-17,20,2024-01-16,18,26,8.318,3.645,15.624
RNO,2024-01-18,20,2024-01-17,18,26,8.724,99.979,7.095
RNO,2024-01-19,20,2024-01-18,18,26,9.117,100.0,4.341
RNO,2024-01-20,20,2024-01-19,18,26,9.067,100.0,23.011
RNO,2024-01-21,20,2024-01-20,18,26,7.739,100.0,10.189
RNO,2024-01-22,20,2024-01-21,18,26,4.601,100.0,3.29
RNO,2024-01-23,20,2024-01-22,18,26,7.358,14.37,5.677
RNO,2024-01-24,20,2024-01-23,18,26,8.034,100.0,4.992
RNO,2024-01-25,20,2024-01-24,18,26,7.019,14.219,6.679
RNO,2024-01-26,20,2024-01-25,18,26,9.927,100.0,2.439
RNO,2024-01-27,20,2024-01-26,18,26,12.874,100.0,1.138
RNO,2024-01-28,20,2024-01-27,18,26,13.933,90.621,5.173
RNO,2024-01-29,20,2024-01-28,18,26,14.607,5.466,7.534
RNO,2024-01-30,20,2024-01-29,18,26,14.124,98.216,1.809
RNO,2024-01-31,20,2024-01-30,18,26,13.459,99.491,17.901
RNO,2024-02-01,20,2024-01-31,18,26,7.396,99.276,8.73
RNO,2024-02-02,20,2024-02-01,18,26,6.501,61.658,14.34
RNO,2024-02-03,20,2024-02-02,18,26,3.063,40.301,5.545
RNO,2024-02-04,20,2024-02-03,18,26,1.321,100.0,12.791
RNO,2024-02-05,20,2024-02-04,18,26,3.346,75.83,8.974
RNO,2024-02-06,20,2024-02-05,18,26,2.108,100.0,6.652
RNO,2024-02-07,20,2024-02-06,18,26,3.734,81.814,9.968
RNO,2024-02-08,20,2024-02-07,18,26,1.167,15.519,5.711
RNO,2024-02-09,20,2024-02-08,18,26,2.275,100.0,8.901
RNO,2024-02-10,20,2024-02-09,18,26,1.785,17.442,3.476
RNO,2024-02-11,20,2024-02-10,18,26,5.271,100.0,3.169
RNO,2024-02-12,20,2024-02-11,18,26,7.697,100.0,4.616
RNO,2024-02-13,20,2024-02-12,18,26,7.455,97.803,3.906
RNO,2024-02-14,20,2024-02-13,18,26,8.615,99.919,18.503
RNO,2024-02-15,20,2024-02-14,18,26,5.888,95.849,9.886
RNO,2024-02-16,20,2024-02-15,18,26,7.441,90.713,4.027
RNO,2024-02-17,20,2024-02-16,18,26,8.868,99.944,10.388
RNO,2024-02-18,20,2024-02-17,18,26,8.883,0.851,6.725
RNO,2024-02-19,20,2024-02-18,18,26,7.951,1.72,24.103
RNO,2024-02-20,20,2024-02-19,18,26,7.842,15.457,14.323
RNO,2024-02-21,20,2024-02-20,18,26,7.499,63.216,9.845
RNO,2024-02-22,20,2024-02-21,18,26,8.228,6.142,5.235
RNO,2024-02-23,20,2024-02-22,18,26,9.493,100.0,9.17
RNO,2024-02-24,20,2024-02-23,18,26,11.081,68.682,1.581
RNO,2024-02-25,20,2024-02-24,18,26,12.892,99.943,6.318
RNO,2024-02-26,20,2024-02-25,18,26,8.193,31.998,36.214
RNO,2024-02-27,20,2024-02-26,18,26,6.47,4.822,5.259
RNO,2024-02-28,20,2024-02-27,18,26,11.985,5.0,2.766
RNO,2024-02-29,20,2024-02-28,18,26,7.965,54.964,47.064
RNO,2024-03-01,20,2024-02-29,18,26,4.52,100.0,32.118
RNO,2024-03-02,20,2024-03-01,18,26,-0.932,93.717,33.754
RNO,2024-03-03,20,2024-03-02,18,26,1.02,99.938,24.706
RNO,2024-03-04,20,2024-03-03,18,26,3.633,91.508,13.065
RNO,2024-03-05,20,2024-03-04,18,26,7.441,99.988,13.442
RNO,2024-03-06,20,2024-03-05,18,26,7.825,100.0,3.493
RNO,2024-03-07,20,2024-03-06,18,26,5.503,83.834,12.129
RNO,2024-03-08,20,2024-03-07,18,26,7.699,0.0,8.222
RNO,2024-03-09,20,2024-03-08,18,26,10.505,100.0,29.284
RNO,2024-03-10,20,2024-03-09,18,26,10.895,95.751,16.311
RNO,2024-03-11,20,2024-03-10,18,26,9.189,12.941,13.87
RNO,2024-03-12,20,2024-03-11,18,26,8.206,86.779,23.771
RNO,2024-03-13,20,2024-03-12,18,26,6.603,98.599,15.392
RNO,2024-03-14,20,2024-03-13,18,26,6.189,0.0,16.5
RNO,2024-03-15,20,2024-03-14,18,26,7.809,3.855,12.258
RNO,2024-03-16,20,2024-03-15,18,26,11.437,0.0,4.962
RNO,2024-03-17,20,2024-03-16,18,26,13.41,6.988,5.599
RNO,2024-03-18,20,2024-03-17,18,26,15.412,7.308,7.787
RNO,2024-03-19,20,2024-03-18,18,26,17.067,6.485,3.291
RNO,2024-03-20,20,2024-03-19,18,26,16.708,5.0,17.235
RNO,2024-03-21,20,2024-03-20,18,26,15.037,5.0,8.121
RNO,2024-03-22,20,2024-03-21,18,26,15.024,9.719,32.975
RNO,2024-03-23,20,2024-03-22,18,26,8.126,37.651,19.183
RNO,2024-03-24,20,2024-03-23,18,26,7.008,99.274,18.921
RNO,2024-03-25,20,2024-03-24,18,26,9.74,2.009,15.011
RNO,2024-03-26,20,2024-03-25,18,26,10.117,11.987,12.091
RNO,2024-03-27,20,2024-03-26,18,26,11.867,100.0,19.394
RNO,2024-03-28,20,2024-03-27,18,26,6.639,59.68,22.457
RNO,2024-03-29,20,2024-03-28,18,26,6.373,100.0,16.735
RNO,2024-03-30,20,2024-03-29,18,26,4.701,96.046,7.125
RNO,2024-03-31,20,2024-03-30,18,26,6.983,42.887,20.789
RNO,2024-04-01,20,2024-03-31,18,26,9.569,0.0,3.896
RNO,2024-04-02,20,2024-04-01,18,26,17.036,0.0,4.528
RNO,2024-04-03,20,2024-04-02,18,26,17.319,5.009,21.602
RNO,2024-04-04,20,2024-04-03,18,26,8.266,99.252,29.17
RNO,2024-04-05,20,2024-04-04,18,26,2.922,100.0,18.709
RNO,2024-04-06,20,2024-04-05,18,26,7.642,6.545,18.115
RNO,2024-04-07,20,2024-04-06,18,26,7.163,93.961,4.213
RNO,2024-04-08,20,2024-04-07,18,26,10.219,51.504,7.917
RNO,2024-04-09,20,2024-04-08,18,26,15.38,5.0,3.649
RNO,2024-04-10,20,2024-04-09,18,26,18.709,69.117,4.221
RNO,2024-04-11,20,2024-04-10,18,26,21.834,0.608,15.275
RNO,2024-04-12,20,2024-04-11,18,26,18.94,100.0,36.473
RNO,2024-04-13,20,2024-04-12,18,26,15.768,100.0,24.495
RNO,2024-04-14,20,2024-04-13,18,26,8.453,100.0,6.39
RNO,2024-04-15,20,2024-04-14,18,26,12.448,14.361,10.865
RNO,2024-04-16,20,2024-04-15,18,26,17.312,92.559,4.514
RNO,2024-04-17,20,2024-04-16,18,26,19.137,92.62,5.796
RNO,2024-04-18,20,2024-04-17,18,26,17.31,79.351,7.176
RNO,2024-04-19,20,2024-04-18,18,26,19.518,17.805,3.188
RNO,2024-04-20,20,2024-04-19,18,26,21.552,2.939,8.645
RNO,2024-04-21,20,2024-04-20,18,26,22.862,5.0,4.03
RNO,2024-04-22,20,2024-04-21,18,26,23.527,39.967,4.212
RNO,2024-04-23,20,2024-04-22,18,26,21.467,95.615,4.768
RNO,2024-04-24,20,2024-04-23,18,26,18.344,78.491,13.299
RNO,2024-04-25,20,2024-04-24,18,26,17.338,93.378,25.89
RNO,2024-04-26,20,2024-04-25,18,26,11.094,54.201,20.196
RNO,2024-04-27,20,2024-04-26,18,26,14.643,5.0,13.143
RNO,2024-04-28,20,2024-04-27,18,26,16.739,5.0,6.817
RNO,2024-04-29,20,2024-04-28,18,26,18.878,0.014,29.362
RNO,2024-04-30,20,2024-04-29,18,26,17.926,0.0,9.604
RNO,2024-05-01,20,2024-04-30,18,26,13.6,1.819,8.113
RNO,2024-05-02,20,2024-05-01,18,26,19.237,4.9,19.88
RNO,2024-05-03,20,2024-05-02,18,26,17.257,32.858,12.68
RNO,2024-05-04,20,2024-05-03,18,26,9.563,100.0,29.669
RNO,2024-05-05,20,2024-05-04,18,26,9.318,99.522,19.727
RNO,2024-05-06,20,2024-05-05,18,26,15.397,5.323,21.757
RNO,2024-05-07,20,2024-05-06,18,26,14.815,0.58,21.801
RNO,2024-05-08,20,2024-05-07,18,26,12.235,29.176,16.956
RNO,2024-05-09,20,2024-05-08,18,26,16.239,0.0,19.752
RNO,2024-05-10,20,2024-05-09,18,26,19.217,0.128,18.265
RNO,2024-05-11,20,2024-05-10,18,26,21.403,0.0,9.217
RNO,2024-05-12,20,2024-05-11,18,26,24.644,7.885,5.886
RNO,2024-05-13,20,2024-05-12,18,26,24.49,5.912,5.392
RNO,2024-05-14,20,2024-05-13,18,26,25.022,20.735,8.033
RNO,2024-05-15,20,2024-05-14,18,26,24.626,0.0,8.093
RNO,2024-05-16,20,2024-05-15,18,26,27.534,5.0,9.322
RNO,2024-05-17,20,2024-05-16,18,26,26.844,0.0,12.901
RNO,2024-05-18,20,2024-05-17,18,26,26.347,14.483,7.534
RNO,2024-05-19,20,2024-05-18,18,26,23.273,31.654,30.947
RNO,2024-05-20,20,2024-05-19,18,26,16.983,16.466,21.803
RNO,2024-05-21,20,2024-05-20,18,26,18.332,0.0,9.359
RNO,2024-05-22,20,2024-05-21,18,26,23.131,0.185,32.482
RNO,2024-05-23,20,2024-05-22,18,26,17.859,6.919,13.1
RNO,2024-05-24,20,2024-05-23,18,26,22.021,97.435,17.507
RNO,2024-05-25,20,2024-05-24,18,26,20.917,5.028,25.818
RNO,2024-05-26,20,2024-05-25,18,26,21.87,0.0,4.902
RNO,2024-05-27,20,2024-05-26,18,26,26.245,6.027,8.794
RNO,2024-05-28,20,2024-05-27,18,26,26.874,43.483,14.633
RNO,2024-05-29,20,2024-05-28,18,26,22.321,4.431,16.228
RNO,2024-05-30,20,2024-05-29,18,26,23.266,94.507,8.731
RNO,2024-05-31,20,2024-05-30,18,26,26.024,0.0,12.971
RNO,2024-06-01,20,2024-05-31,18,26,27.169,99.776,17.698
RNO,2024-06-02,20,2024-06-01,18,26,26.155,39.419,18.164
RNO,2024-06-03,20,2024-06-02,18,26,24.454,100.0,33.852
RNO,2024-06-04,20,2024-06-03,18,26,26.744,0.0,3.254
RNO,2024-06-05,20,2024-06-04,18,26,31.277,1.285,7.053
RNO,2024-06-06,20,2024-06-05,18,26,33.211,48.567,7.345
RNO,2024-06-07,20,2024-06-06,18,26,32.817,0.915,3.096
RNO,2024-06-08,20,2024-06-07,18,26,32.129,100.0,6.118
RNO,2024-06-09,20,2024-06-08,18,26,30.01,0.206,1.607
RNO,2024-06-10,20,2024-06-09,18,26,28.795,0.0,4.694
RNO,2024-06-11,20,2024-06-10,18,26,33.171,1.285,6.685
RNO,2024-06-12,20,2024-06-11,18,26,34.207,0.323,3.874
RNO,2024-06-13,20,2024-06-12,18,26,33.102,5.53,1.574
RNO,2024-06-14,20,2024-06-13,18,26,30.61,0.398,32.913
RNO,2024-06-15,20,2024-06-14,18,26,27.545,5.835,13.991
RNO,2024-06-16,20,2024-06-15,18,26,26.344,91.572,13.079
RNO,2024-06-17,20,2024-06-16,18,26,16.95,0.23,20.914
RNO,2024-06-18,20,2024-06-17,18,26,22.017,22.521,13.725
RNO,2024-06-19,20,2024-06-18,18,26,24.572,17.725,9.179
RNO,2024-06-20,20,2024-06-19,18,26,28.224,99.92,11.844
RNO,2024-06-21,20,2024-06-20,18,26,30.119,0.048,6.076
RNO,2024-06-22,20,2024-06-21,18,26,34.795,0.0,10.503
RNO,2024-06-23,20,2024-06-22,18,26,33.355,0.0,28.72
RNO,2024-06-24,20,2024-06-23,18,26,33.114,0.0,29.771
RNO,2024-06-25,20,2024-06-24,18,26,31.674,99.695,9.168
RNO,2024-06-26,20,2024-06-25,18,26,30.879,0.901,30.177
RNO,2024-06-27,20,2024-06-26,18,26,29.893,12.327,27.668
RNO,2024-06-28,20,2024-06-27,18,26,29.437,0.0,9.447
RNO,2024-06-29,20,2024-06-28,18,26,31.921,0.071,16.731
RNO,2024-06-30,20,2024-06-29,18,26,29.753,59.431,2.578
RNO,2024-07-01,20,2024-06-30,18,26,28.91,0.0,9.575
RNO,2024-07-02,20,2024-07-01,18,26,30.896,0.0,6.576
RNO,2024-07-03,20,2024-07-02,18,26,32.184,0.0,7.243
RNO,2024-07-04,20,2024-07-03,18,26,33.702,0.0,8.209
RNO,2024-07-05,20,2024-07-04,18,26,35.177,0.0,7.116
RNO,2024-07-06,20,2024-07-05,18,26,36.641,0.0,6.459
RNO,2024-07-07,20,2024-07-06,18,26,37.902,0.0,9.636
RNO,2024-07-08,20,2024-07-07,18,26,37.25,0.0,8.436
RNO,2024-07-09,20,2024-07-08,18,26,36.983,0.0,11.783
RNO,2024-07-10,20,2024-07-09,18,26,36.013,0.0,9.482
RNO,2024-07-11,20,2024-07-10,18,26,38.267,0.0,19.695
RNO,2024-07-12,20,2024-07-11,18,26,37.388,66.351,20.033
RNO,2024-07-13,20,2024-07-12,18,26,36.638,59.711,13.693
RNO,2024-07-14,20,2024-07-13,18,26,28.852,99.511,35.274
RNO,2024-07-15,20,2024-07-14,18,26,31.949,41.232,11.323
RNO,2024-07-16,20,2024-07-15,18,26,32.608,64.807,4.944
RNO,2024-07-17,20,2024-07-16,18,26,32.107,0.0,5.434
RNO,2024-07-18,20,2024-07-17,18,26,33.562,10.048,8.374
RNO,2024-07-19,20,2024-07-18,18,26,33.946,0.127,9.267
RNO,2024-07-20,20,2024-07-19,18,26,35.572,1.074,10.694
RNO,2024-07-21,20,2024-07-20,18,26,35.382,14.808,8.692
RNO,2024-07-22,20,2024-07-21,18,26,34.989,13.755,12.113
RNO,2024-07-23,20,2024-07-22,18,26,35.419,25.055,9.268
RNO,2024-07-24,20,2024-07-23,18,26,34.753,97.959,4.541
RNO,2024-07-25,20,2024-07-24,18,26,34.025,0.98,31.11
RNO,2024-07-26,20,2024-07-25,18,26,33.416,6.728,28.579
RNO,2024-07-27,20,2024-07-26,18,26,27.315,0.0,29.05
RNO,2024-07-28,20,2024-07-27,18,26,28.857,0.0,4.4
RNO,2024-07-29,20,2024-07-28,18,26,29.752,0.0,15.424
RNO,2024-07-30,20,2024-07-29,18,26,30.0,0.0,5.893
RNO,2024-07-31,20,2024-07-30,18,26,32.415,0.0,12.051
RNO,2024-08-01,20,2024-07-31,18,26,34.169,6.997,9.324
RNO,2024-08-02,20,2024-08-01,18,26,34.276,82.683,7.293
RNO,2024-08-03,20,2024-08-02,18,26,28.464,32.567,6.612
RNO,2024-08-04,20,2024-08-03,18,26,32.079,0.012,10.747
RNO,2024-08-05,20,2024-08-04,18,26,34.419,1.499,21.303
RNO,2024-08-06,20,2024-08-05,18,26,34.961,0.406,17.552
RNO,2024-08-07,20,2024-08-06,18,26,35.034,2.595,12.69
RNO,2024-08-08,20,2024-08-07,18,26,34.569,4.226,10.003
RNO,2024-08-09,20,2024-08-08,18,26,34.231,0.305,7.535
RNO,2024-08-10,20,2024-08-09,18,26,34.266,3.629,22.024
RNO,2024-08-11,20,2024-08-10,18,26,33.209,16.777,17.225
RNO,2024-08-12,20,2024-08-11,18,26,30.601,1.833,30.07
RNO,2024-08-13,20,2024-08-12,18,26,28.651,0.719,26.985
RNO,2024-08-14,20,2024-08-13,18,26,29.427,0.0,3.175
RNO,2024-08-15,20,2024-08-14,18,26,29.876,0.0,20.698
RNO,2024-08-16,20,2024-08-15,18,26,29.407,0.0,5.863
RNO,2024-08-17,20,2024-08-16,18,26,28.968,0.085,39.07
RNO,2024-08-18,20,2024-08-17,18,26,28.183,0.335,6.716
RNO,2024-08-19,20,2024-08-18,18,26,29.986,0.0,15.169
RNO,2024-08-20,20,2024-08-19,18,26,29.693,3.092,32.613
RNO,2024-08-21,20,2024-08-20,18,26,28.439,0.0,17.282
RNO,2024-08-22,20,2024-08-21,18,26,27.844,0.0,32.589
RNO,2024-08-23,20,2024-08-22,18,26,19.448,100.0,27.318
RNO,2024-08-24,20,2024-08-23,18,26,12.591,70.144,13.025
RNO,2024-08-25,20,2024-08-24,18,26,19.269,0.014,6.16
RNO,2024-08-26,20,2024-08-25,18,26,25.178,0.0,10.42
RNO,2024-08-27,20,2024-08-26,18,26,29.618,0.745,7.612
RNO,2024-08-28,20,2024-08-27,18,26,29.541,0.0,7.524
RNO,2024-08-29,20,2024-08-28,18,26,30.458,0.0,8.028
RNO,2024-08-30,20,2024-08-29,18,26,31.672,0.0,11.401
RNO,2024-08-31,20,2024-08-30,18,26,31.998,0.151,9.827
RNO,2024-09-01,20,2024-08-31,18,26,31.915,3.436,6.789
RNO,2024-09-02,20,2024-09-01,18,26,30.426,0.094,45.511
RNO,2024-09-03,20,2024-09-02,18,26,28.71,0.0,8.184
RNO,2024-09-04,20,2024-09-03,18,26,30.631,0.0,14.031
RNO,2024-09-05,20,2024-09-04,18,26,32.13,0.0,11.801
RNO,2024-09-06,20,2024-09-05,18,26,32.835,36.682,9.661
RNO,2024-09-07,20,2024-09-06,18,26,32.645,21.049,38.586
RNO,2024-09-08,20,2024-09-07,18,26,30.951,0.0,30.227
RNO,2024-09-09,20,2024-09-08,18,26,31.411,20.767,22.416
RNO,2024-09-10,20,2024-09-09,18,26,30.486,12.95,16.088
RNO,2024-09-11,20,2024-09-10,18,26,25.097,7.647,39.09
RNO,2024-09-12,20,2024-09-11,18,26,20.062,0.472,7.892
RNO,2024-09-13,20,2024-09-12,18,26,23.992,0.0,6.069
RNO,2024-09-14,20,2024-09-13,18,26,27.526,0.0,5.332
RNO,2024-09-15,20,2024-09-14,18,26,24.605,100.0,37.615
RNO,2024-09-16,20,2024-09-15,18,26,16.777,100.0,10.736
RNO,2024-09-17,20,2024-09-16,18,26,19.68,100.0,16.644
RNO,2024-09-18,20,2024-09-17,18,26,17.625,100.0,19.757
RNO,2024-09-19,20,2024-09-18,18,26,20.529,53.609,16.218
RNO,2024-09-20,20,2024-09-19,18,26,23.549,0.0,3.864
RNO,2024-09-21,20,2024-09-20,18,26,24.249,0.0,6.043
RNO,2024-09-22,20,2024-09-21,18,26,24.415,0.0,6.126
RNO,2024-09-23,20,2024-09-22,18,26,25.841,91.167,7.471
RNO,2024-09-24,20,2024-09-23,18,26,28.062,0.0,8.321
RNO,2024-09-25,20,2024-09-24,18,26,29.579,0.477,24.936
RNO,2024-09-26,20,2024-09-25,18,26,26.83,0.0,6.855
RNO,2024-09-27,20,2024-09-26,18,26,28.571,0.0,10.637
RNO,2024-09-28,20,2024-09-27,18,26,30.381,0.0,8.254
RNO,2024-09-29,20,2024-09-28,18,26,28.365,0.0,6.532
RNO,2024-09-30,20,2024-09-29,18,26,25.777,0.0,11.541
RNO,2024-10-01,20,2024-09-30,18,26,29.56,0.0,6.604
RNO,2024-10-02,20,2024-10-01,18,26,32.119,0.0,16.238
RNO,2024-10-03,20,2024-10-02,18,26,30.99,0.0,12.568
RNO,2024-10-04,20,2024-10-03,18,26,28.129,88.955,36.693
RNO,2024-10-05,20,2024-10-04,18,26,28.957,60.83,10.248
RNO,2024-10-06,20,2024-10-05,18,26,28.676,93.06,10.283
RNO,2024-10-07,20,2024-10-06,18,26,27.564,75.992,7.781
RNO,2024-10-08,20,2024-10-07,18,26,27.608,6.421,5.027
RNO,2024-10-09,20,2024-10-08,18,26,27.925,100.0,18.066
RNO,2024-10-10,20,2024-10-09,18,26,26.037,96.806,2.332
RNO,2024-10-11,20,2024-10-10,18,26,25.512,91.609,4.26
RNO,2024-10-12,20,2024-10-11,18,26,23.365,0.0,30.42
RNO,2024-10-13,20,2024-10-12,18,26,20.438,0.0,5.588
RNO,2024-10-14,20,2024-10-13,18,26,22.964,0.0,6.434
RNO,2024-10-15,20,2024-10-14,18,26,24.698,0.0,5.408
RNO,2024-10-16,20,2024-10-15,18,26,15.759,100.0,13.199
RNO,2024-10-17,20,2024-10-16,18,26,16.205,72.312,29.151
RNO,2024-10-18,20,2024-10-17,18,26,9.399,0.0,4.074
RNO,2024-10-19,20,2024-10-18,18,26,15.073,0.0,7.368
RNO,2024-10-20,20,2024-10-19,18,26,19.299,89.001,5.658
RNO,2024-10-21,20,2024-10-20,18,26,20.859,5.148,20.049
RNO,2024-10-22,20,2024-10-21,18,26,20.009,99.602,3.104
RNO,2024-10-23,20,2024-10-22,18,26,24.259,44.743,26.784
RNO,2024-10-24,20,2024-10-23,18,26,13.626,11.479,7.878
RNO,2024-10-25,20,2024-10-24,18,26,18.815,100.0,6.674
RNO,2024-10-26,20,2024-10-25,18,26,21.685,100.0,6.987
RNO,2024-10-27,20,2024-10-26,18,26,19.921,0.0,21.392
RNO,2024-10-28,20,2024-10-27,18,26,11.601,99.957,13.304
RNO,2024-10-29,20,2024-10-28,18,26,7.918,4.388,12.514
RNO,2024-10-30,20,2024-10-29,18,26,12.799,5.733,2.442
RNO,2024-10-31,20,2024-10-30,18,26,9.689,68.05,18.112
RNO,2024-11-01,20,2024-10-31,18,26,11.487,100.0,5.259
RNO,2024-11-02,20,2024-11-01,18,26,11.104,87.207,15.593
RNO,2024-11-03,20,2024-11-02,18,26,8.041,72.57,19.616
RNO,2024-11-04,20,2024-11-03,18,26,10.718,4.364,3.482
RNO,2024-11-05,20,2024-11-04,18,26,13.374,100.0,20.225
RNO,2024-11-06,20,2024-11-05,18,26,6.127,5.792,14.014
RNO,2024-11-07,20,2024-11-06,18,26,10.248,0.0,4.15
RNO,2024-11-08,20,2024-11-07,18,26,14.344,0.193,4.555
RNO,2024-11-09,20,2024-11-08,18,26,15.949,87.312,5.02
RNO,2024-11-10,20,2024-11-09,18,26,17.01,13.762,3.255
RNO,2024-11-11,20,2024-11-10,18,26,9.841,42.041,33.112
RNO,2024-11-12,20,2024-11-11,18,26,7.644,5.452,3.183
RNO,2024-11-13,20,2024-11-12,18,26,14.563,71.899,40.093
RNO,2024-11-14,20,2024-11-13,18,26,9.135,29.3,4.473
RNO,2024-11-15,20,2024-11-14,18,26,4.72,100.0,21.974
RNO,2024-11-16,20,2024-11-15,18,26,4.245,74.35,3.544
RNO,2024-11-17,20,2024-11-16,18,26,12.957,11.584,3.448
RNO,2024-11-18,20,2024-11-17,18,26,4.6,96.551,14.91
RNO,2024-11-19,20,2024-11-18,18,26,6.681,71.543,6.383
RNO,2024-11-20,20,2024-11-19,18,26,11.26,74.329,33.607
RNO,2024-11-21,20,2024-11-20,18,26,9.871,100.0,5.92
RNO,2024-11-22,20,2024-11-21,18,26,12.883,100.0,25.474
RNO,2024-11-23,20,2024-11-22,18,26,7.935,23.909,23.179
RNO,2024-11-24,20,2024-11-23,18,26,5.721,0.023,2.482
RNO,2024-11-25,20,2024-11-24,18,26,7.674,88.885,7.371
RNO,2024-11-26,20,2024-11-25,18,26,5.681,100.0,9.664
RNO,2024-11-27,20,2024-11-26,18,26,4.533,0.442,8.038
RNO,2024-11-28,20,2024-11-27,18,26,5.383,0.0,5.825
RNO,2024-11-29,20,2024-11-28,18,26,8.555,0.0,3.807
RNO,2024-11-30,20,2024-11-29,18,26,11.056,5.0,3.169
RNO,2024-12-01,20,2024-11-30,18,26,10.141,99.999,3.503
RNO,2024-12-02,20,2024-12-01,18,26,10.8,4.856,3.872
RNO,2024-12-03,20,2024-12-02,18,26,10.84,16.911,4.439
RNO,2024-12-04,20,2024-12-03,18,26,11.537,0.0,4.073
RNO,2024-12-05,20,2024-12-04,18,26,11.685,9.375,4.337
RNO,2024-12-06,20,2024-12-05,18,26,10.658,0.0,6.896
RNO,2024-12-07,20,2024-12-06,18,26,13.363,99.995,2.307
RNO,2024-12-08,20,2024-12-07,18,26,10.69,4.523,6.812
RNO,2024-12-09,20,2024-12-08,18,26,5.75,0.0,6.867
RNO,2024-12-10,20,2024-12-09,18,26,6.659,5.0,5.374
RNO,2024-12-11,20,2024-12-10,18,26,10.43,98.967,1.53
RNO,2024-12-12,20,2024-12-11,18,26,6.807,93.08,16.039
RNO,2024-12-13,20,2024-12-12,18,26,7.267,59.816,8.394
RNO,2024-12-14,20,2024-12-13,18,26,3.242,100.0,17.42
RNO,2024-12-15,20,2024-12-14,18,26,3.057,100.0,4.807
RNO,2024-12-16,20,2024-12-15,18,26,5.897,99.292,9.695
RNO,2024-12-17,20,2024-12-16,18,26,6.541,79.378,1.164
RNO,2024-12-18,20,2024-12-17,18,26,8.882,100.0,0.283
RNO,2024-12-19,20,2024-12-18,18,26,11.309,0.048,3.402
RNO,2024-12-20,20,2024-12-19,18,26,12.83,100.0,1.532
RNO,2024-12-21,20,2024-12-20,18,26,9.716,100.0,17.748
RNO,2024-12-22,20,2024-12-21,18,26,8.785,97.375,3.445
RNO,2024-12-23,20,2024-12-22,18,26,11.017,7.745,0.783
RNO,2024-12-24,20,2024-12-23,18,26,7.407,100.0,13.509
RNO,2024-12-25,20,2024-12-24,18,26,5.727,75.122,2.708
RNO,2024-12-26,20,2024-12-25,18,26,8.316,31.559,32.73
RNO,2024-12-27,20,2024-12-26,18,26,10.199,2.811,25.3
RNO,2024-12-28,20,2024-12-27,18,26,8.702,100.0,7.102
RNO,2024-12-29,20,2024-12-28,18,26,6.04,100.0,16.613
RNO,2024-12-30,20,2024-12-29,18,26,3.456,94.483,3.703
RNO,2024-12-31,20,2024-12-30,18,26,3.928,0.537,4.549
RNO,2025-01-01,20,2024-12-31,18,26,8.69,97.581,9.677
RNO,2025-01-02,20,2025-01-01,18,26,12.075,92.746,4.681
RNO,2025-01-03,20,2025-01-02,18,26,10.688,17.607,25.198
RNO,2025-01-04,20,2025-01-03,18,26,4.94,5.0,2.947
RNO,2025-01-05,20,2025-01-04,18,26,7.741,29.335,1.121
RNO,2025-01-06,20,2025-01-05,18,26,8.568,5.187,8.553
RNO,2025-01-07,20,2025-01-06,18,26,3.845,4.588,8.349
RNO,2025-01-08,20,2025-01-07,18,26,5.892,8.415,3.105
RNO,2025-01-09,20,2025-01-08,18,26,7.706,0.0,4.606
RNO,2025-01-10,20,2025-01-09,18,26,11.845,12.282,4.037
RNO,2025-01-11,20,2025-01-10,18,26,4.141,0.0,6.385
RNO,2025-01-12,20,2025-01-11,18,26,3.522,2.625,3.004
RNO,2025-01-13,20,2025-01-12,18,26,2.696,21.992,7.353
RNO,2025-01-14,20,2025-01-13,18,26,5.821,23.009,0.93
RNO,2025-01-15,20,2025-01-14,18,26,7.311,0.0,4.337
RNO,2025-01-16,20,2025-01-15,18,26,8.734,0.0,4.159
RNO,2025-01-17,20,2025-01-16,18,26,9.944,0.0,8.348
RNO,2025-01-18,20,2025-01-17,18,26,5.964,0.387,5.345
RNO,2025-01-19,20,2025-01-18,18,26,9.006,0.0,5.618
RNO,2025-01-20,20,2025-01-19,18,26,2.567,0.0,10.048
RNO,2025-01-21,20,2025-01-20,18,26,7.707,46.84,1.191
RNO,2025-01-22,20,2025-01-21,18,26,8.733,0.0,4.119
RNO,2025-01-23,20,2025-01-22,18,26,8.293,0.0,5.63
RNO,2025-01-24,20,2025-01-23,18,26,11.337,61.681,5.21
RNO,2025-01-25,20,2025-01-24,18,26,-0.628,99.251,12.063
RNO,2025-01-26,20,2025-01-25,18,26,-1.12,97.771,8.911
RNO,2025-01-27,20,2025-01-26,18,26,1.0,0.0,2.632
RNO,2025-01-28,20,2025-01-27,18,26,3.799,0.0,3.192
RNO,2025-01-29,20,2025-01-28,18,26,6.24,0.0,3.292
RNO,2025-01-30,20,2025-01-29,18,26,8.729,0.0,1.37
RNO,2025-01-31,20,2025-01-30,18,26,5.709,100.0,12.977
RNO,2025-02-01,20,2025-01-31,18,26,5.047,100.0,2.821
RNO,2025-02-02,20,2025-02-01,18,26,11.1,28.162,47.953
RNO,2025-02-03,20,2025-02-02,18,26,13.501,91.607,47.779
RNO,2025-02-04,20,2025-02-03,18,26,8.244,99.035,14.784
RNO,2025-02-05,20,2025-02-04,18,26,4.509,46.68,12.168
RNO,2025-02-06,20,2025-02-05,18,26,6.506,92.07,13.98
RNO,2025-02-07,20,2025-02-06,18,26,5.589,94.009,27.585
RNO,2025-02-08,20,2025-02-07,18,26,2.876,5.357,8.47
RNO,2025-02-09,20,2025-02-08,18,26,3.017,0.0,9.048
RNO,2025-02-10,20,2025-02-09,18,26,3.079,83.53,4.612
RNO,2025-02-11,20,2025-02-10,18,26,4.377,76.88,18.725
RNO,2025-02-12,20,2025-02-11,18,26,1.563,100.0,5.302
RNO,2025-02-13,20,2025-02-12,18,26,2.622,96.01,11.555
RNO,2025-02-14,20,2025-02-13,18,26,2.698,51.285,10.207
RNO,2025-02-15,20,2025-02-14,18,26,2.909,100.0,3.454
RNO,2025-02-16,20,2025-02-15,18,26,9.795,44.824,12.997
RNO,2025-02-17,20,2025-02-16,18,26,6.582,100.0,7.065
RNO,2025-02-18,20,2025-02-17,18,26,6.945,96.67,5.67
RNO,2025-02-19,20,2025-02-18,18,26,8.844,4.268,24.593
RNO,2025-02-20,20,2025-02-19,18,26,6.415,0.716,4.79
RNO,2025-02-21,20,2025-02-20,18,26,8.607,96.368,7.068
RNO,2025-02-22,20,2025-02-21,18,26,12.826,63.561,1.249
RNO,2025-02-23,20,2025-02-22,18,26,11.856,100.0,15.326
RNO,2025-02-24,20,2025-02-23,18,26,15.457,81.47,19.376
RNO,2025-02-25,20,2025-02-24,18,26,12.26,0.551,7.526
RNO,2025-02-26,20,2025-02-25,18,26,12.347,0.014,8.708
RNO,2025-02-27,20,2025-02-26,18,26,13.145,64.019,5.463
RNO,2025-02-28,20,2025-02-27,18,26,14.095,2.068,4.787
RNO,2025-03-01,20,2025-02-28,18,26,15.866,13.151,8.664
RNO,2025-03-02,20,2025-03-01,18,26,5.717,100.0,24.843
RNO,2025-03-03,20,2025-03-02,18,26,7.984,18.994,17.829
RNO,2025-03-04,20,2025-03-03,18,26,9.973,99.701,6.363
RNO,2025-03-05,20,2025-03-04,18,26,4.636,100.0,6.774
RNO,2025-03-06,20,2025-03-05,18,26,3.854,84.508,14.683
RNO,2025-03-07,20,2025-03-06,18,26,4.475,4.749,11.346
RNO,2025-03-08,20,2025-03-07,18,26,9.243,43.896,7.786
RNO,2025-03-09,20,2025-03-08,18,26,13.015,92.773,0.86
RNO,2025-03-10,20,2025-03-09,18,26,11.66,100.0,2.195
RNO,2025-03-11,20,2025-03-10,18,26,13.683,0.0,4.333
RNO,2025-03-12,20,2025-03-11,18,26,12.401,49.498,34.587
RNO,2025-03-13,20,2025-03-12,18,26,4.371,95.074,25.263
RNO,2025-03-14,20,2025-03-13,18,26,3.257,98.568,8.891
RNO,2025-03-15,20,2025-03-14,18,26,6.669,99.153,12.248
RNO,2025-03-16,20,2025-03-15,18,26,11.456,7.925,43.802
RNO,2025-03-17,20,2025-03-16,18,26,4.241,59.245,12.941
RNO,2025-03-18,20,2025-03-17,18,26,4.859,9.283,10.409
RNO,2025-03-19,20,2025-03-18,18,26,9.908,100.0,8.808
RNO,2025-03-20,20,2025-03-19,18,26,8.388,100.0,5.958
RNO,2025-03-21,20,2025-03-20,18,26,10.995,67.528,6.634
RNO,2025-03-22,20,2025-03-21,18,26,10.444,100.0,7.436
RNO,2025-03-23,20,2025-03-22,18,26,14.313,89.531,5.25
RNO,2025-03-24,20,2025-03-23,18,26,18.086,0.0,3.56
RNO,2025-03-25,20,2025-03-24,18,26,20.338,2.28,7.821
RNO,2025-03-26,20,2025-03-25,18,26,21.812,0.893,24.107
RNO,2025-03-27,20,2025-03-26,18,26,12.14,11.427,33.972
RNO,2025-03-28,20,2025-03-27,18,26,10.371,6.493,15.09
RNO,2025-03-29,20,2025-03-28,18,26,8.096,68.699,6.289
RNO,2025-03-30,20,2025-03-29,18,26,10.106,37.818,23.622
RNO,2025-03-31,20,2025-03-30,18,26,5.77,33.123,39.063
RNO,2025-04-01,20,2025-03-31,18,26,5.149,95.228,35.596
RNO,2025-04-02,20,2025-04-01,18,26,4.843,46.325,12.532
RNO,2025-04-03,20,2025-04-02,18,26,7.513,66.213,5.472
RNO,2025-04-04,20,2025-04-03,18,26,9.782,1.467,14.266
RNO,2025-04-05,20,2025-04-04,18,26,12.694,100.0,7.423
RNO,2025-04-06,20,2025-04-05,18,26,18.073,97.939,2.494
RNO,2025-04-07,20,2025-04-06,18,26,13.122,94.671,17.525
RNO,2025-04-08,20,2025-04-07,18,26,17.003,7.302,14.525
RNO,2025-04-09,20,2025-04-08,18,26,19.128,7.343,3.931
RNO,2025-04-10,20,2025-04-09,18,26,22.308,100.0,9.73
RNO,2025-04-11,20,2025-04-10,18,26,22.166,98.066,6.569
RNO,2025-04-12,20,2025-04-11,18,26,18.493,17.536,6.385
RNO,2025-04-13,20,2025-04-12,18,26,14.789,0.0,12.488
RNO,2025-04-14,20,2025-04-13,18,26,18.647,0.0,14.628
RNO,2025-04-15,20,2025-04-14,18,26,21.683,48.395,6.569
RNO,2025-04-16,20,2025-04-15,18,26,21.076,88.755,10.023
RNO,2025-04-17,20,2025-04-16,18,26,14.196,0.0,21.056
RNO,2025-04-18,20,2025-04-17,18,26,11.085,0.0,16.738
RNO,2025-04-19,20,2025-04-18,18,26,17.363,0.0,6.99
RNO,2025-04-20,20,2025-04-19,18,26,20.651,3.839,8.826
RNO,2025-04-21,20,2025-04-20,18,26,18.045,1.532,5.618
RNO,2025-04-22,20,2025-04-21,18,26,20.68,2.193,6.823
RNO,2025-04-23,20,2025-04-22,18,26,18.736,2.436,20.71
RNO,2025-04-24,20,2025-04-23,18,26,17.427,16.971,10.584
RNO,2025-04-25,20,2025-04-24,18,26,13.267,98.489,3.426
RNO,2025-04-26,20,2025-04-25,18,26,9.688,100.0,8.627
RNO,2025-04-27,20,2025-04-26,18,26,5.809,99.761,12.98
RNO,2025-04-28,20,2025-04-27,18,26,14.522,0.0,10.644
RNO,2025-04-29,20,2025-04-28,18,26,19.12,41.956,2.455
RNO,2025-04-30,20,2025-04-29,18,26,18.243,4.92,5.018
RNO,2025-05-01,20,2025-04-30,18,26,19.918,0.0,12.874
RNO,2025-05-02,20,2025-05-01,18,26,23.258,52.144,10.3
RNO,2025-05-03,20,2025-05-02,18,26,16.352,100.0,16.298
RNO,2025-05-04,20,2025-05-03,18,26,8.606,97.4,16.191
RNO,2025-05-05,20,2025-05-04,18,26,13.589,0.0,14.164
RNO,2025-05-06,20,2025-05-05,18,26,16.306,0.0,9.631
RNO,2025-05-07,20,2025-05-06,18,26,21.606,5.0,7.657
RNO,2025-05-08,20,2025-05-07,18,26,23.535,0.662,8.017
RNO,2025-05-09,20,2025-05-08,18,26,26.782,44.813,13.434
RNO,2025-05-10,20,2025-05-09,18,26,27.519,4.995,37.98
RNO,2025-05-11,20,2025-05-10,18,26,21.014,0.0,39.538
RNO,2025-05-12,20,2025-05-11,18,26,11.806,4.994,45.689
RNO,2025-05-13,20,2025-05-12,18,26,12.403,79.995,23.109
RNO,2025-05-14,20,2025-05-13,18,26,16.178,7.448,15.022
RNO,2025-05-15,20,2025-05-14,18,26,20.811,79.241,11.873
RNO,2025-05-16,20,2025-05-15,18,26,18.224,100.0,4.47
RNO,2025-05-17,20,2025-05-16,18,26,9.913,99.968,24.906
RNO,2025-05-18,20,2025-05-17,18,26,16.202,4.977,21.629
RNO,2025-05-19,20,2025-05-18,18,26,18.575,0.0,8.658
RNO,2025-05-20,20,2025-05-19,18,26,23.603,0.0,9.59
RNO,2025-05-21,20,2025-05-20,18,26,24.205,0.0,11.888
RNO,2025-05-22,20,2025-05-21,18,26,23.364,0.0,28.535
RNO,2025-05-23,20,2025-05-22,18,26,22.396,36.039,3.238
RNO,2025-05-24,20,2025-05-23,18,26,23.37,2.639,6.457
RNO,2025-05-25,20,2025-05-24,18,26,27.362,7.555,11.785
RNO,2025-05-26,20,2025-05-25,18,26,22.377,2.921,9.896
RNO,2025-05-27,20,2025-05-26,18,26,25.639,0.048,11.711
RNO,2025-05-28,20,2025-05-27,18,26,28.201,0.012,8.186
RNO,2025-05-29,20,2025-05-28,18,26,27.78,100.0,6.402
RNO,2025-05-30,20,2025-05-29,18,26,31.302,5.0,9.04
RNO,2025-05-31,20,2025-05-30,18,26,34.025,5.98,5.834
RNO,2025-06-01,20,2025-05-31,18,26,30.651,90.334,29.167
RNO,2025-06-02,20,2025-06-01,18,26,26.214,0.659,7.556
RNO,2025-06-03,20,2025-06-02,18,26,26.611,0.0,9.388
RNO,2025-06-04,20,2025-06-03,18,26,24.943,0.769,7.952
RNO,2025-06-05,20,2025-06-04,18,26,26.633,80.544,9.114
RNO,2025-06-06,20,2025-06-05,18,26,27.538,0.88,5.292
RNO,2025-06-07,20,2025-06-06,18,26,29.731,1.379,5.082
RNO,2025-06-08,20,2025-06-07,18,26,31.527,13.092,7.429
RNO,2025-06-09,20,2025-06-08,18,26,31.019,4.116,7.041
RNO,2025-06-10,20,2025-06-09,18,26,31.94,98.287,4.743
RNO,2025-06-11,20,2025-06-10,18,26,30.872,0.0,25.928
RNO,2025-06-12,20,2025-06-11,18,26,27.915,0.0,3.003
RNO,2025-06-13,20,2025-06-12,18,26,27.525,0.0,27.671
RNO,2025-06-14,20,2025-06-13,18,26,29.062,5.326,17.571
RNO,2025-06-15,20,2025-06-14,18,26,28.966,4.796,16.228
RNO,2025-06-16,20,2025-06-15,18,26,28.417,83.071,28.627
RNO,2025-06-17,20,2025-06-16,18,26,27.411,0.0,8.01
RNO,2025-06-18,20,2025-06-17,18,26,31.504,0.0,7.65
RNO,2025-06-19,20,2025-06-18,18,26,31.792,0.185,36.659
RNO,2025-06-20,20,2025-06-19,18,26,23.231,58.14,40.554
RNO,2025-06-21,20,2025-06-20,18,26,15.361,85.631,28.217
RNO,2025-06-22,20,2025-06-21,18,26,18.558,2.229,11.205
RNO,2025-06-23,20,2025-06-22,18,26,22.373,0.048,11.138
RNO,2025-06-24,20,2025-06-23,18,26,25.704,0.506,4.27
RNO,2025-06-25,20,2025-06-24,18,26,29.973,4.692,8.899
RNO,2025-06-26,20,2025-06-25,18,26,29.848,5.0,8.776
RNO,2025-06-27,20,2025-06-26,18,26,30.276,0.0,6.825
RNO,2025-06-28,20,2025-06-27,18,26,30.944,0.151,8.051
RNO,2025-06-29,20,2025-06-28,18,26,31.877,0.048,6.929
RNO,2025-06-30,20,2025-06-29,18,26,33.322,0.0,26.333
RNO,2025-07-01,20,2025-06-30,18,26,31.993,8.773,10.228
RNO,2025-07-02,20,2025-07-01,18,26,29.92,4.575,9.0
RNO,2025-07-03,20,2025-07-02,18,26,32.117,70.7,16.896
RNO,2025-07-04,20,2025-07-03,18,26,26.315,9.828,31.543
RNO,2025-07-05,20,2025-07-04,18,26,27.224,0.0,10.142
RNO,2025-07-06,20,2025-07-05,18,26,30.082,0.0,7.163
RNO,2025-07-07,20,2025-07-06,18,26,32.234,0.0,10.89
RNO,2025-07-08,20,2025-07-07,18,26,31.027,0.0,10.891
RNO,2025-07-09,20,2025-07-08,18,26,29.933,0.0,29.201
RNO,2025-07-10,20,2025-07-09,18,26,29.971,0.0,5.307
RNO,2025-07-11,20,2025-07-10,18,26,32.812,0.0,4.813
RNO,2025-07-12,20,2025-07-11,18,26,34.819,0.048,10.348
RNO,2025-07-13,20,2025-07-12,18,26,35.319,0.0,5.711
RNO,2025-07-14,20,2025-07-13,18,26,35.894,1.995,8.135
RNO,2025-07-15,20,2025-07-14,18,26,35.285,0.0,16.437
RNO,2025-07-16,20,2025-07-15,18,26,32.217,0.0,9.264
RNO,2025-07-17,20,2025-07-16,18,26,32.107,0.08,7.806
RNO,2025-07-18,20,2025-07-17,18,26,31.735,0.0,7.337
RNO,2025-07-19,20,2025-07-18,18,26,32.208,0.0,5.475
RNO,2025-07-20,20,2025-07-19,18,26,32.461,0.0,7.052
RNO,2025-07-21,20,2025-07-20,18,26,29.489,2.75,32.129
RNO,2025-07-22,20,2025-07-21,18,26,26.773,98.669,11.646
RNO,2025-07-23,20,2025-07-22,18,26,27.715,5.928,5.436
RNO,2025-07-24,20,2025-07-23,18,26,28.432,4.206,6.667
RNO,2025-07-25,20,2025-07-24,18,26,27.031,6.885,8.263
RNO,2025-07-26,20,2025-07-25,18,26,26.916,32.545,9.222
RNO,2025-07-27,20,2025-07-26,18,26,27.198,37.649,7.496
RNO,2025-07-28,20,2025-07-27,18,26,28.204,91.987,7.234
RNO,2025-07-29,20,2025-07-28,18,26,30.331,3.349,9.938
RNO,2025-07-30,20,2025-07-29,18,26,27.8,30.05,7.097
RNO,2025-07-31,20,2025-07-30,18,26,28.07,3.021,6.365
