station,target_date,target_hour,run_date,cycle,lead,temperature_grib_c,cloud_cover_grib_pct,wind_speed_grib_kmh,apcp_cumulative_mm,precip_window_hours,precip_rate_mmh
EGLC,2025-08-01,12,2025-07-31,12,24,19.695,71.139,17.279,2.917,24,0.1216
EGLC,2025-08-02,12,2025-08-01,12,24,21.593,64.86,8.731,0.904,24,0.0377
EGLC,2025-08-03,12,2025-08-02,12,24,24.033,99.913,16.091,0.0,24,0.0
EGLC,2025-08-04,12,2025-08-03,12,24,22.165,100.0,24.553,0.681,24,0.0284
EGLC,2025-08-05,12,2025-08-04,12,24,18.345,5.235,23.23,0.681,24,0.0284
EGLC,2025-08-06,12,2025-08-05,12,24,22.787,100.0,9.037,0.0,24,0.0
EGLC,2025-08-07,12,2025-08-06,12,24,23.041,99.905,21.183,0.0,24,0.0
EGLC,2025-08-08,12,2025-08-07,12,24,23.172,100.0,9.763,0.059,24,0.0025
EGLC,2025-08-09,12,2025-08-08,12,24,23.674,0.0,16.209,0.0,24,0.0
EGLC,2025-08-10,12,2025-08-09,12,24,25.491,0.0,4.047,0.0,24,0.0
EGLC,2025-08-11,12,2025-08-10,12,24,28.809,3.604,8.585,0.0,24,0.0
EGLC,2025-08-12,12,2025-08-11,12,24,29.438,99.594,15.686,0.0,24,0.0
EGLC,2025-08-13,12,2025-08-12,12,24,27.461,100.0,13.454,0.0,24,0.0
EGLC,2025-08-14,12,2025-08-13,12,24,26.675,100.0,10.602,1.377,24,0.0574
EGLC,2025-08-15,12,2025-08-14,12,24,28.287,0.505,6.508,0.0,24,0.0
EGLC,2025-08-16,12,2025-08-15,12,24,25.438,1.328,12.314,0.0,24,0.0
EGLC,2025-08-17,12,2025-08-16,12,24,24.602,0.0,11.43,0.0,24,0.0
EGLC,2025-08-18,12,2025-08-17,12,24,23.218,5.515,15.746,0.0,24,0.0
EGLC,2025-08-19,12,2025-08-18,12,24,25.07,100.0,17.72,0.0,24,0.0
EGLC,2025-08-20,12,2025-08-19,12,24,22.985,58.678,17.963,0.0,24,0.0
EGLC,2025-08-21,12,2025-08-20,12,24,18.646,73.725,13.107,0.0,24,0.0
EGLC,2025-08-22,12,2025-08-21,12,24,21.037,99.022,7.863,0.0,24,0.0
EGLC,2025-08-23,12,2025-08-22,12,24,21.287,90.227,7.832,0.0,24,0.0
EGLC,2025-08-24,12,2025-08-23,12,24,21.417,98.662,4.644,0.0,24,0.0
EGLC,2025-08-25,12,2025-08-24,12,24,26.967,5.0,12.394,0.0,24,0.0
EGLC,2025-08-26,12,2025-08-25,12,24,22.665,61.78,18.146,0.062,24,0.0026
EGLC,2025-08-27,12,2025-08-26,12,24,22.204,99.835,23.731,0.062,24,0.0026
EGLC,2025-08-28,12,2025-08-27,12,24,21.055,100.0,22.343,1.8,24,0.075
EGLC,2025-08-29,12,2025-08-28,12,24,17.527,99.241,9.843,15.575,24,0.649
EGLC,2025-08-30,12,2025-08-29,12,24,21.147,82.087,24.084,1.896,24,0.079
EGLC,2025-08-31,12,2025-08-30,12,24,21.256,92.714,23.177,1.55,24,0.0646
EGLC,2025-09-01,12,2025-08-31,12,24,19.987,90.679,23.202,0.506,24,0.0211
EGLC,2025-09-02,12,2025-09-01,12,24,16.851,100.0,16.849,1.838,24,0.0766
EGLC,2025-09-03,12,2025-09-02,12,24,20.288,99.717,29.022,5.096,24,0.2124
EGLC,2025-09-04,12,2025-09-03,12,24,19.042,38.979,25.192,8.746,24,0.3644
EGLC,2025-09-05,12,2025-09-04,12,24,20.569,5.0,9.99,0.312,24,0.013
EGLC,2025-09-06,12,2025-09-05,12,24,22.763,99.166,20.121,0.0,24,0.0
EGLC,2025-09-07,12,2025-09-06,12,24,24.944,100.0,23.737,0.066,24,0.0027
EGLC,2025-09-08,12,2025-09-07,12,24,20.87,37.405,14.4,0.003,24,0.0001
EGLC,2025-09-09,12,2025-09-08,12,24,20.935,9.635,12.218,0.0,24,0.0
EGLC,2025-09-10,12,2025-09-09,12,24,19.049,41.517,19.91,1.718,24,0.0716
EGLC,2025-09-11,12,2025-09-10,12,24,19.473,18.511,23.621,2.483,24,0.1034
EGLC,2025-09-12,12,2025-09-11,12,24,17.563,100.0,22.241,1.532,24,0.0638
EGLC,2025-09-13,12,2025-09-12,12,24,17.296,49.88,22.827,3.665,24,0.1527
EGLC,2025-09-14,12,2025-09-13,12,24,16.87,100.0,15.218,2.2,24,0.0917
EGLC,2025-09-15,12,2025-09-14,12,24,19.445,3.767,33.515,2.461,24,0.1026
EGLC,2025-09-16,12,2025-09-15,12,24,18.345,97.154,22.993,0.401,24,0.0167
EGLC,2025-09-17,12,2025-09-16,12,24,16.655,100.0,22.329,2.415,24,0.1006
EGLC,2025-09-18,12,2025-09-17,12,24,21.694,61.208,23.218,0.184,24,0.0077
EGLC,2025-09-19,12,2025-09-18,12,24,25.478,18.196,18.05,0.0,24,0.0
EGLC,2025-09-20,12,2025-09-19,12,24,19.333,99.923,16.929,0.0,24,0.0
EGLC,2025-09-21,12,2025-09-20,12,24,15.41,7.375,15.23,0.122,24,0.0051
EGLC,2025-09-22,12,2025-09-21,12,24,16.168,5.0,16.558,0.0,24,0.0
EGLC,2025-09-23,12,2025-09-22,12,24,16.6,99.241,14.359,0.0,24,0.0
EGLC,2025-09-24,12,2025-09-23,12,24,17.642,99.316,19.488,0.378,24,0.0158
EGLC,2025-09-25,12,2025-09-24,12,24,17.67,71.446,20.614,0.0,24,0.0
EGLC,2025-09-26,12,2025-09-25,12,24,15.275,100.0,12.769,0.0,24,0.0
EGLC,2025-09-27,12,2025-09-26,12,24,17.816,100.0,16.473,0.184,24,0.0077
EGLC,2025-09-28,12,2025-09-27,12,24,17.644,100.0,3.129,0.059,24,0.0025
EGLC,2025-09-29,12,2025-09-28,12,24,17.723,63.283,5.834,0.069,24,0.0029
EGLC,2025-09-30,12,2025-09-29,12,24,18.744,64.972,3.815,0.0,24,0.0
EGLC,2025-10-01,12,2025-09-30,12,24,17.211,100.0,8.169,0.0,24,0.0
EGLC,2025-10-02,12,2025-10-01,12,24,19.837,77.519,17.273,0.0,24,0.0
EGLC,2025-10-03,12,2025-10-02,12,24,15.649,100.0,18.914,1.902,24,0.0793
EGLC,2025-10-04,12,2025-10-03,12,24,14.304,4.336,32.352,8.279,24,0.345
EGLC,2025-10-05,12,2025-10-04,12,24,15.782,100.0,25.003,0.188,24,0.0078
EGLC,2025-10-06,12,2025-10-05,12,24,18.596,0.0,13.063,0.0,24,0.0
EGLC,2025-10-07,12,2025-10-06,12,24,18.375,94.941,11.077,0.0,24,0.0
EGLC,2025-10-08,12,2025-10-07,12,24,16.875,81.666,7.995,0.0,24,0.0
EGLC,2025-10-09,12,2025-10-08,12,24,17.031,0.0,9.209,0.066,24,0.0027
EGLC,2025-10-10,12,2025-10-09,12,24,17.899,12.017,7.614,0.0,24,0.0
EGLC,2025-10-11,12,2025-10-10,12,24,16.659,36.113,4.292,0.0,24,0.0
EGLC,2025-10-12,12,2025-10-11,12,24,17.501,23.949,10.75,0.0,24,0.0
EGLC,2025-10-13,12,2025-10-12,12,24,18.387,74.624,13.656,0.003,24,0.0001
EGLC,2025-10-14,12,2025-10-13,12,24,15.054,100.0,11.955,0.006,24,0.0003
EGLC,2025-10-15,12,2025-10-14,12,24,15.485,91.179,11.749,0.0,24,0.0
EGLC,2025-10-16,12,2025-10-15,12,24,16.41,70.675,11.04,0.0,24,0.0
EGLC,2025-10-17,12,2025-10-16,12,24,16.021,5.051,6.501,0.125,24,0.0052
EGLC,2025-10-18,12,2025-10-17,12,24,14.943,100.0,12.172,0.0,24,0.0
EGLC,2025-10-19,12,2025-10-18,12,24,13.22,100.0,18.631,1.325,24,0.0552
EGLC,2025-10-20,12,2025-10-19,12,24,13.837,100.0,23.999,8.15,24,0.3396
EGLC,2025-10-21,12,2025-10-20,12,24,14.831,75.271,17.794,13.074,24,0.5447
EGLC,2025-10-22,12,2025-10-21,12,24,14.238,99.943,8.85,0.244,24,0.0101
EGLC,2025-10-23,12,2025-10-22,12,24,9.875,100.0,33.069,29.807,24,1.2419
EGLC,2025-10-24,12,2025-10-23,12,24,12.024,6.898,23.207,1.362,24,0.0568
EGLC,2025-10-25,12,2025-10-24,12,24,10.063,100.0,19.68,0.862,24,0.0359
EGLC,2025-10-26,12,2025-10-25,12,24,10.155,100.0,21.417,0.329,24,0.0137
EGLC,2025-10-27,12,2025-10-26,12,24,13.092,21.332,24.581,0.875,24,0.0365
EGLC,2025-10-28,12,2025-10-27,12,24,14.0,76.604,23.044,0.675,24,0.0281
EGLC,2025-10-29,12,2025-10-28,12,24,11.915,100.0,9.504,2.693,24,0.1122
EGLC,2025-10-30,12,2025-10-29,12,24,12.236,100.0,11.633,5.079,24,0.2116
EGLC,2025-10-31,12,2025-10-30,12,24,13.882,100.0,21.362,5.912,24,0.2463
EGLC,2025-11-01,12,2025-10-31,12,24,13.889,5.379,25.264,8.634,24,0.3597
EGLC,2025-11-02,12,2025-11-01,12,24,11.876,3.098,18.202,5.627,24,0.2345
EGLC,2025-11-03,12,2025-11-02,12,24,16.035,39.464,25.689,0.013,24,0.0005
EGLC,2025-11-04,12,2025-11-03,12,24,15.685,100.0,22.517,0.151,24,0.0063
EGLC,2025-11-05,12,2025-11-04,12,24,16.083,100.0,16.372,0.662,24,0.0276
EGLC,2025-11-06,12,2025-11-05,12,24,16.294,100.0,11.704,1.114,24,0.0464
EGLC,2025-11-07,12,2025-11-06,12,24,16.193,36.898,18.198,0.062,24,0.0026
EGLC,2025-11-08,12,2025-11-07,12,24,13.884,51.298,8.279,2.064,24,0.086
EGLC,2025-11-09,12,2025-11-08,12,24,14.416,99.085,15.749,0.006,24,0.0003
EGLC,2025-11-10,12,2025-11-09,12,24,13.281,100.0,16.426,8.954,24,0.3731
EGLC,2025-11-11,12,2025-11-10,12,24,14.26,88.311,20.449,8.881,24,0.37
EGLC,2025-11-12,12,2025-11-11,12,24,15.796,99.012,16.493,0.447,24,0.0186
EGLC,2025-11-13,12,2025-11-12,12,24,16.204,100.0,15.091,0.0,24,0.0
EGLC,2025-11-14,12,2025-11-13,12,24,13.892,100.0,7.001,8.089,24,0.337
EGLC,2025-11-15,12,2025-11-14,12,24,14.226,58.433,4.837,2.284,24,0.0951
EGLC,2025-11-16,12,2025-11-15,12,24,10.214,100.0,16.956,0.497,24,0.0207
EGLC,2025-11-17,12,2025-11-16,12,24,7.671,5.0,19.343,0.062,24,0.0026
EGLC,2025-11-18,12,2025-11-17,12,24,5.491,51.331,17.133,0.0,24,0.0
EGLC,2025-11-19,12,2025-11-18,12,24,1.907,100.0,30.634,9.841,24,0.41
EGLC,2025-11-20,12,2025-11-19,12,24,3.853,32.318,16.91,0.0,24,0.0
EGLC,2025-11-21,12,2025-11-20,12,24,5.761,5.0,9.985,0.059,24,0.0025
EGLC,2025-11-22,12,2025-11-21,12,24,6.464,100.0,27.624,2.846,24,0.1186
EGLC,2025-11-23,12,2025-11-22,12,24,9.28,4.021,22.515,16.441,24,0.685
EGLC,2025-11-24,12,2025-11-23,12,24,6.67,99.995,5.477,1.436,24,0.0598
EGLC,2025-11-25,12,2025-11-24,12,24,6.555,99.905,16.114,0.247,24,0.0103
EGLC,2025-11-26,12,2025-11-25,12,24,6.418,12.124,6.42,0.0,24,0.0
EGLC,2025-11-27,12,2025-11-26,12,24,12.353,98.526,19.015,1.91,24,0.0796
EGLC,2025-11-28,12,2025-11-27,12,24,11.525,8.94,19.863,0.26,24,0.0108
EGLC,2025-11-29,12,2025-11-28,12,24,9.372,100.0,15.465,7.811,24,0.3254
EGLC,2025-11-30,12,2025-11-29,12,24,7.275,5.0,16.57,0.372,24,0.0155
EGLC,2025-12-01,12,2025-11-30,12,24,10.687,100.0,32.837,3.168,24,0.132
EGLC,2025-12-02,12,2025-12-01,12,24,10.867,87.284,12.024,1.497,24,0.0624
EGLC,2025-12-03,12,2025-12-02,12,24,9.678,5.0,11.845,1.16,24,0.0483
EGLC,2025-12-04,12,2025-12-03,12,24,8.017,100.0,12.498,1.199,24,0.05
EGLC,2025-12-05,12,2025-12-04,12,24,8.288,100.0,15.414,2.91,24,0.1212
EGLC,2025-12-06,12,2025-12-05,12,24,10.668,75.855,25.263,10.184,24,0.4243
EGLC,2025-12-07,12,2025-12-06,12,24,12.794,100.0,17.111,2.952,24,0.123
EGLC,2025-12-08,12,2025-12-07,12,24,12.15,100.0,17.158,1.858,24,0.0774
EGLC,2025-12-09,12,2025-12-08,12,24,13.152,100.0,27.917,2.872,24,0.1197
EGLC,2025-12-10,12,2025-12-09,12,24,12.416,0.026,21.361,0.591,24,0.0246
EGLC,2025-12-11,12,2025-12-10,12,24,11.418,3.794,16.393,0.003,24,0.0001
EGLC,2025-12-12,12,2025-12-11,12,24,12.415,98.103,14.953,0.066,24,0.0027
EGLC,2025-12-13,12,2025-12-12,12,24,9.024,5.0,8.877,0.191,24,0.0079
EGLC,2025-12-14,12,2025-12-13,12,24,10.448,50.565,19.347,0.0,24,0.0
EGLC,2025-12-15,12,2025-12-14,12,24,11.909,36.527,19.679,0.131,24,0.0055
EGLC,2025-12-16,12,2025-12-15,12,24,10.277,100.0,8.93,1.691,24,0.0704
EGLC,2025-12-17,12,2025-12-16,12,24,8.884,100.0,15.49,0.385,24,0.016
EGLC,2025-12-18,12,2025-12-17,12,24,11.041,100.0,28.122,12.52,24,0.5217
EGLC,2025-12-19,12,2025-12-18,12,24,9.473,1.005,17.796,12.221,24,0.5092
EGLC,2025-12-20,12,2025-12-19,12,24,8.849,0.0,12.3,0.0,24,0.0
EGLC,2025-12-21,12,2025-12-20,12,24,10.043,100.0,10.998,0.062,24,0.0026
EGLC,2025-12-22,12,2025-12-21,12,24,10.535,99.768,6.104,3.72,24,0.155
EGLC,2025-12-23,12,2025-12-22,12,24,7.523,88.765,16.267,0.0,24,0.0
EGLC,2025-12-24,12,2025-12-23,12,24,6.064,5.285,23.153,0.0,24,0.0
EGLC,2025-12-25,12,2025-12-24,12,24,5.246,0.0,26.364,0.0,24,0.0
EGLC,2025-12-26,12,2025-12-25,12,24,6.181,5.0,18.347,0.0,24,0.0
EGLC,2025-12-27,12,2025-12-26,12,24,6.986,3.459,18.116,0.0,24,0.0
EGLC,2025-12-28,12,2025-12-27,12,24,7.485,100.0,16.216,0.0,24,0.0
EGLC,2025-12-29,12,2025-12-28,12,24,6.141,99.959,13.575,0.0,24,0.0
EGLC,2025-12-30,12,2025-12-29,12,24,6.378,92.89,13.343,0.0,24,0.0
EGLC,2025-12-31,12,2025-12-30,12,24,4.447,5.0,9.521,0.0,24,0.0
EGLC,2026-01-01,12,2025-12-31,12,24,4.902,100.0,18.884,0.0,24,0.0
EGLC,2026-01-02,12,2026-01-01,12,24,3.368,0.005,20.205,0.0,24,0.0
EGLC,2026-01-03,12,2026-01-02,12,24,2.104,4.969,18.608,0.0,24,0.0
EGLC,2026-01-04,12,2026-01-03,12,24,1.684,1.423,14.204,0.0,24,0.0
EGLC,2026-01-05,12,2026-01-04,12,24,1.487,0.0,13.29,0.0,24,0.0
EGLC,2026-01-06,12,2026-01-05,12,24,1.688,100.0,11.328,0.0,24,0.0
EGLC,2026-01-07,12,2026-01-06,12,24,3.969,12.309,20.318,4.595,24,0.1915
EGLC,2026-01-08,12,2026-01-07,12,24,4.536,100.0,5.74,0.704,24,0.0293
EGLC,2026-01-09,12,2026-01-08,12,24,2.972,100.0,30.799,20.584,24,0.8577
EGLC,2026-01-10,12,2026-01-09,12,24,3.155,73.725,15.014,0.675,24,0.0281
EGLC,2026-01-11,12,2026-01-10,12,24,5.634,100.0,25.417,0.0,24,0.0
EGLC,2026-01-12,12,2026-01-11,12,24,10.401,100.0,18.91,3.417,24,0.1424
EGLC,2026-01-13,12,2026-01-12,12,24,10.554,100.0,23.397,3.711,24,0.1546
EGLC,2026-01-14,12,2026-01-13,12,24,6.306,21.365,6.819,14.705,24,0.6127
EGLC,2026-01-15,12,2026-01-14,12,24,8.543,100.0,26.383,6.035,24,0.2515
EGLC,2026-01-16,12,2026-01-15,12,24,9.063,89.074,11.967,9.957,24,0.4149
EGLC,2026-01-17,12,2026-01-16,12,24,9.749,28.609,11.57,2.064,24,0.086
EGLC,2026-01-18,12,2026-01-17,12,24,8.906,99.418,11.778,0.181,24,0.0075
EGLC,2026-01-19,12,2026-01-18,12,24,10.179,74.609,13.667,0.0,24,0.0
EGLC,2026-01-20,12,2026-01-19,12,24,9.125,80.341,20.683,1.188,24,0.0495
EGLC,2026-01-21,12,2026-01-20,12,24,8.727,100.0,28.98,8.148,24,0.3395
EGLC,2026-01-22,12,2026-01-21,12,24,8.968,100.0,17.748,9.695,24,0.4039
EGLC,2026-01-23,12,2026-01-22,12,24,8.205,96.29,20.956,2.676,24,0.1115
EGLC,2026-01-24,12,2026-01-23,12,24,7.631,46.84,20.807,0.516,24,0.0215
EGLC,2026-01-25,12,2026-01-24,12,24,8.053,59.118,15.019,3.526,24,0.1469
EGLC,2026-01-26,12,2026-01-25,12,24,6.12,100.0,11.892,0.062,24,0.0026
EGLC,2026-01-27,12,2026-01-26,12,24,7.463,100.0,16.745,15.075,24,0.6281
EGLC,2026-01-28,12,2026-01-27,12,24,7.429,100.0,5.332,0.312,24,0.013
EGLC,2026-01-29,12,2026-01-28,12,24,6.783,96.313,13.168,0.069,24,0.0029
EGLC,2026-01-30,12,2026-01-29,12,24,9.459,100.0,11.22,2.814,24,0.1173
EGLC,2026-01-31,12,2026-01-30,12,24,9.243,96.965,13.845,4.768,24,0.1987
EGLC,2026-02-01,12,2026-01-31,12,24,8.15,100.0,10.492,0.539,24,0.0224
EGLC,2026-02-02,12,2026-02-01,12,24,8.692,51.666,16.348,3.638,24,0.1516
EGLC,2026-02-03,12,2026-02-02,12,24,5.791,100.0,15.709,1.358,24,0.0566
EGLC,2026-02-04,12,2026-02-03,12,24,9.329,5.0,15.355,7.104,24,0.296
EGLC,2026-02-05,12,2026-02-04,12,24,8.136,99.995,17.892,5.06,24,0.2108
EGLC,2026-02-06,12,2026-02-05,12,24,9.035,99.089,9.113,11.686,24,0.4869
EGLC,2026-02-07,12,2026-02-06,12,24,9.215,100.0,20.722,6.999,24,0.2916
EGLC,2026-02-08,12,2026-02-07,12,24,10.031,100.0,9.486,0.447,24,0.0186
EGLC,2026-02-09,12,2026-02-08,12,24,10.71,79.796,15.989,0.372,24,0.0155
EGLC,2026-02-10,12,2026-02-09,12,24,11.206,99.905,8.771,0.276,24,0.0115
EGLC,2026-02-11,12,2026-02-10,12,24,10.709,97.978,22.025,7.521,24,0.3134
EGLC,2026-02-12,12,2026-02-11,12,24,9.891,73.441,15.929,2.883,24,0.1201
EGLC,2026-02-13,12,2026-02-12,12,24,8.384,100.0,13.244,3.916,24,0.1632
EGLC,2026-02-14,12,2026-02-13,12,24,5.128,5.0,13.274,0.378,24,0.0158
EGLC,2026-02-15,12,2026-02-14,12,24,3.915,100.0,21.433,1.042,24,0.0434
EGLC,2026-02-16,12,2026-02-15,12,24,8.216,51.861,22.521,6.877,24,0.2865
EGLC,2026-02-17,12,2026-02-16,12,24,5.309,34.74,13.98,1.003,24,0.0418
EGLC,2026-02-18,12,2026-02-17,12,24,4.153,100.0,24.172,0.93,24,0.0387
EGLC,2026-02-19,12,2026-02-18,12,24,5.19,100.0,13.845,10.558,24,0.4399
EGLC,2026-02-20,12,2026-02-19,12,24,9.869,100.0,23.459,0.184,24,0.0077
EGLC,2026-02-21,12,2026-02-20,12,24,11.043,100.0,17.144,1.338,24,0.0558
EGLC,2026-02-22,12,2026-02-21,12,24,12.428,100.0,19.479,3.18,24,0.1325
EGLC,2026-02-23,12,2026-02-22,12,24,10.626,100.0,18.954,0.378,24,0.0158
EGLC,2026-02-24,12,2026-02-23,12,24,14.168,73.754,18.132,1.142,24,0.0476
EGLC,2026-02-25,12,2026-02-24,12,24,16.132,38.814,11.736,0.0,24,0.0
EGLC,2026-02-26,12,2026-02-25,12,24,12.749,100.0,23.594,0.0,24,0.0
EGLC,2026-02-27,12,2026-02-26,12,24,11.422,100.0,14.424,2.155,24,0.0898
EGLC,2026-02-28,12,2026-02-27,12,24,7.334,100.0,15.008,2.78,24,0.1158
EGLC,2026-03-01,12,2026-02-28,12,24,9.22,100.0,25.422,3.628,24,0.1512
EGLC,2026-03-02,12,2026-03-01,12,24,13.837,66.81,20.761,0.184,24,0.0077
EGLC,2026-03-03,12,2026-03-02,12,24,12.056,98.198,12.152,0.0,24,0.0
EGLC,2026-03-04,12,2026-03-03,12,24,14.024,5.0,9.447,0.0,24,0.0
EGLC,2026-03-05,12,2026-03-04,12,24,15.58,0.0,12.851,0.0,24,0.0
EGLC,2026-03-06,12,2026-03-05,12,24,13.055,100.0,8.458,0.418,24,0.0174
EGLC,2026-03-07,12,2026-03-06,12,24,10.559,91.754,6.939,5.969,24,0.2487
EGLC,2026-03-08,12,2026-03-07,12,24,12.131,67.721,8.758,0.0,24,0.0
EGLC,2026-03-09,12,2026-03-08,12,24,15.845,37.866,10.764,0.0,24,0.0
EGLC,2026-03-10,12,2026-03-09,12,24,11.719,100.0,13.86,2.011,24,0.0838
EGLC,2026-03-11,12,2026-03-10,12,24,10.136,31.157,20.676,3.483,24,0.1451
EGLC,2026-03-12,12,2026-03-11,12,24,11.264,100.0,32.141,0.072,24,0.003
EGLC,2026-03-13,12,2026-03-12,12,24,7.957,100.0,25.081,9.149,24,0.3812
EGLC,2026-03-14,12,2026-03-13,12,24,9.6,5.0,14.163,0.066,24,0.0027
EGLC,2026-03-15,12,2026-03-14,12,24,11.171,100.0,22.932,0.0,24,0.0
EGLC,2026-03-16,12,2026-03-15,12,24,10.347,99.121,20.14,2.17,24,0.0904
EGLC,2026-03-17,12,2026-03-16,12,24,14.125,61.669,20.421,0.194,24,0.0081
EGLC,2026-03-18,12,2026-03-17,12,24,15.728,0.0,15.711,0.0,24,0.0
EGLC,2026-03-19,12,2026-03-18,12,24,14.878,4.995,13.938,0.0,24,0.0
EGLC,2026-03-20,12,2026-03-19,12,24,13.456,100.0,10.643,0.0,24,0.0
EGLC,2026-03-21,12,2026-03-20,12,24,12.108,67.022,10.285,0.0,24,0.0
EGLC,2026-03-22,12,2026-03-21,12,24,12.732,5.0,6.165,0.0,24,0.0
EGLC,2026-03-23,12,2026-03-22,12,24,12.136,100.0,1.988,0.0,24,0.0
EGLC,2026-03-24,12,2026-03-23,12,24,14.178,100.0,19.884,0.0,24,0.0
EGLC,2026-03-25,12,2026-03-24,12,24,6.933,98.199,25.225,2.421,24,0.1009
EGLC,2026-03-26,12,2026-03-25,12,24,8.824,7.3,15.387,1.119,24,0.0466
EGLC,2026-03-27,12,2026-03-26,12,24,12.055,100.0,16.862,0.74,24,0.0308
EGLC,2026-03-28,12,2026-03-27,12,24,9.33,99.377,23.994,1.954,24,0.0814
EGLC,2026-03-29,12,2026-03-28,12,24,10.285,100.0,20.972,0.608,24,0.0253
EGLC,2026-03-30,12,2026-03-29,12,24,10.228,100.0,20.982,0.503,24,0.021
EGLC,2026-03-31,12,2026-03-30,12,24,12.599,99.799,11.642,0.181,24,0.0075
EGLC,2026-04-01,12,2026-03-31,12,24,13.805,93.942,7.332,0.822,24,0.0343
EGLC,2026-04-02,12,2026-04-01,12,24,7.995,85.702,11.033,0.128,24,0.0053
EGLC,2026-04-03,12,2026-04-02,12,24,12.359,100.0,18.724,0.638,24,0.0266
EGLC,2026-04-04,12,2026-04-03,12,24,15.656,74.393,27.468,0.194,24,0.0081
EGLC,2026-04-05,12,2026-04-04,12,24,11.896,76.49,23.167,0.447,24,0.0186
EGLC,2026-04-06,12,2026-04-05,12,24,13.28,90.635,10.653,0.006,24,0.0003
EGLC,2026-04-07,12,2026-04-06,12,24,17.319,0.0,19.039,0.0,24,0.0
EGLC,2026-04-08,12,2026-04-07,12,24,21.015,76.64,9.443,0.0,24,0.0
EGLC,2026-04-09,12,2026-04-08,12,24,19.836,100.0,17.498,0.899,24,0.0375
EGLC,2026-04-10,12,2026-04-09,12,24,11.558,96.401,8.568,0.0,24,0.0
EGLC,2026-04-11,12,2026-04-10,12,24,7.754,100.0,22.865,0.062,24,0.0026
EGLC,2026-04-12,12,2026-04-11,12,24,13.198,63.202,23.75,0.197,24,0.0082
EGLC,2026-04-13,12,2026-04-12,12,24,14.204,8.329,4.828,0.787,24,0.0328
EGLC,2026-04-14,12,2026-04-13,12,24,14.227,98.045,18.246,2.317,24,0.0965
EGLC,2026-04-15,12,2026-04-14,12,24,14.758,100.0,20.751,0.681,24,0.0284
EGLC,2026-04-16,12,2026-04-15,12,24,15.469,100.0,15.549,0.572,24,0.0238
EGLC,2026-04-17,12,2026-04-16,12,24,17.121,53.052,19.237,0.734,24,0.0306
EGLC,2026-04-18,12,2026-04-17,12,24,14.233,4.607,13.922,0.066,24,0.0027
EGLC,2026-04-19,12,2026-04-18,12,24,13.717,100.0,11.921,0.003,24,0.0001
EGLC,2026-04-20,12,2026-04-19,12,24,10.726,100.0,14.031,0.062,24,0.0026
EGLC,2026-04-21,12,2026-04-20,12,24,11.933,84.33,22.457,0.756,24,0.0315
EGLC,2026-04-22,12,2026-04-21,12,24,14.453,0.0,24.467,0.066,24,0.0027
EGLC,2026-04-23,12,2026-04-22,12,24,16.281,0.0,19.774,0.0,24,0.0
EGLC,2026-04-24,12,2026-04-23,12,24,16.652,0.087,14.734,0.0,24,0.0
EGLC,2026-04-25,12,2026-04-24,12,24,18.605,100.0,2.69,0.0,24,0.0
EGLC,2026-04-26,12,2026-04-25,12,24,17.273,100.0,10.035,0.0,24,0.0
EGLC,2026-04-27,12,2026-04-26,12,24,19.47,5.0,6.065,0.0,24,0.0
EGLC,2026-04-28,12,2026-04-27,12,24,14.549,75.148,24.604,2.287,24,0.0953
EGLC,2026-04-29,12,2026-04-28,12,24,15.132,0.0,31.045,0.0,24,0.0
EGLC,2026-04-30,12,2026-04-29,12,24,16.889,5.0,23.958,0.0,24,0.0
EGLC,2026-05-01,12,2026-04-30,12,24,20.923,5.0,14.421,0.0,24,0.0
EGLC,2026-05-02,12,2026-05-01,12,24,20.842,21.537,5.936,0.0,24,0.0
EGLC,2026-05-03,12,2026-05-02,12,24,20.124,99.241,6.37,1.635,24,0.0681
EGLC,2026-05-04,12,2026-05-03,12,24,17.097,46.9,7.325,2.71,24,0.1129
EGLC,2026-05-05,12,2026-05-04,12,24,16.484,100.0,13.14,0.312,24,0.013
EGLC,2026-05-06,12,2026-05-05,12,24,11.606,100.0,14.969,0.602,24,0.0251
EGLC,2026-05-07,12,2026-05-06,12,24,14.929,54.207,8.785,1.977,24,0.0824
EGLC,2026-05-08,12,2026-05-07,12,24,18.571,99.979,11.179,0.848,24,0.0353
EGLC,2026-05-09,12,2026-05-08,12,24,18.405,99.599,15.5,0.332,24,0.0138
EGLC,2026-05-10,12,2026-05-09,12,24,16.133,49.059,20.885,0.0,24,0.0
EGLC,2026-05-11,12,2026-05-10,12,24,10.035,97.746,15.778,0.377,24,0.0157
EGLC,2026-05-12,12,2026-05-11,12,24,15.481,44.449,16.999,0.891,24,0.0371
EGLC,2026-05-13,12,2026-05-12,12,24,11.132,100.0,22.28,1.385,24,0.0577
EGLC,2026-05-14,12,2026-05-13,12,24,10.399,99.448,14.438,4.42,24,0.1842
EGLC,2026-05-15,12,2026-05-14,12,24,11.788,96.762,11.268,4.684,24,0.1952
EGLC,2026-05-16,12,2026-05-15,12,24,12.932,98.426,14.01,1.263,24,0.0526
EGLC,2026-05-17,12,2026-05-16,12,24,15.306,100.0,13.662,2.506,24,0.1044
EGLC,2026-05-18,12,2026-05-17,12,24,14.014,100.0,16.567,1.503,24,0.0626
EGLC,2026-05-19,12,2026-05-18,12,24,15.744,100.0,23.02,2.915,24,0.1215
EGLC,2026-05-20,12,2026-05-19,12,24,18.274,99.943,21.811,0.977,24,0.0407
EGLC,2026-05-21,12,2026-05-20,12,24,21.048,68.316,15.192,0.401,24,0.0167
EGLC,2026-05-22,12,2026-05-21,12,24,25.13,5.041,17.913,0.0,24,0.0
EGLC,2026-05-23,12,2026-05-22,12,24,27.349,5.0,7.917,2.211,24,0.0921
EGLC,2026-05-24,12,2026-05-23,12,24,28.505,22.169,5.189,0.0,24,0.0
EGLC,2026-05-25,12,2026-05-24,12,24,30.715,0.0,11.004,0.0,24,0.0
EGLC,2026-05-26,12,2026-05-25,12,24,31.51,0.0,11.335,0.0,24,0.0
EGLC,2026-05-27,12,2026-05-26,12,24,23.52,0.921,19.341,0.0,24,0.0
EGLC,2026-05-28,12,2026-05-27,12,24,27.885,100.0,19.141,1.213,24,0.0506
EGLC,2026-05-29,12,2026-05-28,12,24,25.919,100.0,13.55,2.167,24,0.0903
EGLC,2026-05-30,12,2026-05-29,12,24,27.295,100.0,3.786,0.0,24,0.0
EGLC,2026-05-31,12,2026-05-30,12,24,22.137,99.259,18.54,0.0,24,0.0
EGLC,2026-06-01,12,2026-05-31,12,24,19.384,100.0,20.938,0.131,24,0.0055
EGLC,2026-06-02,12,2026-06-01,12,24,17.995,60.873,17.829,19.534,24,0.8139
EGLC,2026-06-03,12,2026-06-02,12,24,13.168,100.0,24.738,5.599,24,0.2333
EGLC,2026-06-04,12,2026-06-03,12,24,14.685,97.361,21.879,3.961,24,0.1651
EGLC,2026-06-05,12,2026-06-04,12,24,18.29,7.737,13.619,2.796,24,0.1165
EGLC,2026-06-06,12,2026-06-05,12,24,16.839,98.008,31.163,2.391,24,0.0996
EGLC,2026-06-07,12,2026-06-06,12,24,18.331,100.0,18.873,2.164,24,0.0901
EGLC,2026-06-08,12,2026-06-07,12,24,13.458,100.0,11.836,1.984,24,0.0827
EGLC,2026-06-09,12,2026-06-08,12,24,14.893,31.878,19.507,3.96,24,0.165
EGLC,2026-06-10,12,2026-06-09,12,24,17.404,74.048,17.931,0.787,24,0.0328
EGLC,2026-06-11,12,2026-06-10,12,24,11.085,100.0,14.384,8.253,24,0.3439
EGLC,2026-06-12,12,2026-06-11,12,24,19.604,100.0,24.68,1.227,24,0.0511
EGLC,2026-06-13,12,2026-06-12,12,24,19.901,26.428,20.304,0.125,24,0.0052
EGLC,2026-06-14,12,2026-06-13,12,24,19.24,100.0,11.376,0.0,24,0.0
EGLC,2026-06-15,12,2026-06-14,12,24,17.455,99.81,12.477,0.3,24,0.0125
EGLC,2026-06-16,12,2026-06-15,12,24,24.402,100.0,12.705,0.003,24,0.0001
EGLC,2026-06-17,12,2026-06-16,12,24,25.676,19.843,23.007,0.013,24,0.0005
EGLC,2026-06-18,12,2026-06-17,12,24,26.492,99.66,16.205,0.0,24,0.0
EGLC,2026-06-19,12,2026-06-18,12,24,29.766,57.55,15.613,0.082,24,0.0034
EGLC,2026-06-20,12,2026-06-19,12,24,25.545,86.969,10.76,0.852,24,0.0355
EGLC,2026-06-21,12,2026-06-20,12,24,27.742,99.815,6.882,0.181,24,0.0075
EGLC,2026-06-22,12,2026-06-21,12,24,26.59,42.356,18.794,0.0,24,0.0
EGLC,2026-06-23,12,2026-06-22,12,24,34.016,4.887,13.465,1.282,24,0.0534
EGLC,2026-06-24,12,2026-06-23,12,24,34.48,1.269,12.643,0.0,24,0.0
EGLC,2026-06-25,12,2026-06-24,12,24,30.936,37.384,19.022,0.0,24,0.0
EGLC,2026-06-26,12,2026-06-25,12,24,33.624,23.586,16.199,2.914,24,0.1214
EGLC,2026-06-27,12,2026-06-26,12,24,29.738,100.0,11.672,2.321,24,0.0967
EGLC,2026-06-28,12,2026-06-27,12,24,25.103,77.272,20.693,0.072,24,0.003
EGLC,2026-06-29,12,2026-06-28,12,24,22.793,100.0,9.579,0.0,24,0.0
EGLC,2026-06-30,12,2026-06-29,12,24,24.203,3.387,13.046,0.0,24,0.0
EGLC,2026-07-01,12,2026-06-30,12,24,25.802,92.428,10.863,0.0,24,0.0
EGLC,2026-07-02,12,2026-07-01,12,24,25.036,0.005,19.274,0.128,24,0.0053
EGLC,2026-07-03,12,2026-07-02,12,24,24.563,7.931,12.411,0.0,24,0.0
EGLC,2026-07-04,12,2026-07-03,12,24,27.302,0.0,18.962,0.0,24,0.0
EGLC,2026-07-05,12,2026-07-04,12,24,26.303,84.761,16.759,0.0,24,0.0
EGLC,2026-07-06,12,2026-07-05,12,24,30.596,88.517,20.692,0.0,24,0.0
EGLC,2026-07-07,12,2026-07-06,12,24,29.775,100.0,18.234,0.0,24,0.0
EGLC,2026-07-08,12,2026-07-07,12,24,30.985,4.856,7.283,0.0,24,0.0
EGLC,2026-07-09,12,2026-07-08,12,24,33.912,38.262,4.715,0.0,24,0.0
EGLC,2026-07-10,12,2026-07-09,12,24,30.485,100.0,16.591,0.0,24,0.0
EGLC,2026-07-11,12,2026-07-10,12,24,29.696,0.0,19.961,0.0,24,0.0
EGLC,2026-07-12,12,2026-07-11,12,24,28.962,0.474,24.302,0.0,24,0.0
EGLC,2026-07-13,12,2026-07-12,12,24,27.292,0.293,22.297,0.0,24,0.0
EGLC,2026-07-14,12,2026-07-13,12,24,29.676,1.4,17.406,0.0,24,0.0
EGLC,2026-07-15,12,2026-07-14,12,24,28.27,0.0,21.653,0.0,24,0.0
EGLC,2026-07-16,12,2026-07-15,12,24,29.368,0.268,15.089,0.0,24,0.0
EGLC,2026-07-17,12,2026-07-16,12,24,27.656,4.995,9.159,0.0,24,0.0
EGLC,2026-07-18,12,2026-07-17,12,24,24.773,5.0,13.013,0.0,24,0.0
EGLC,2026-07-19,12,2026-07-18,12,24,22.202,100.0,16.544,0.0,24,0.0
EGLC,2026-07-20,12,2026-07-19,12,24,23.888,4.995,13.238,0.0,24,0.0
EGLC,2026-07-21,12,2026-07-20,12,24,24.947,5.0,12.727,0.0,24,0.0
EGLC,2026-07-22,12,2026-07-21,12,24,24.262,100.0,8.288,0.0,24,0.0
EGLC,2026-07-23,12,2026-07-22,12,24,26.158,100.0,4.29,0.003,24,0.0001
EGLC,2026-07-24,12,2026-07-23,12,24,27.262,100.0,9.746,0.0,24,0.0
EGLC,2026-07-25,12,2026-07-24,12,24,27.639,29.847,11.588,0.0,24,0.0
EGLC,2026-07-26,12,2026-07-25,12,24,23.03,95.596,18.677,0.559,24,0.0233
EGLC,2026-07-27,12,2026-07-26,12,24,24.904,0.949,16.784,0.0,24,0.0
EGLC,2026-07-28,12,2026-07-27,12,24,29.275,58.972,9.995,0.0,24,0.0
EGLC,2026-07-29,12,2026-07-28,12,24,34.044,4.907,13.486,0.0,24,0.0
EGLC,2026-07-30,12,2026-07-29,12,24,27.871,99.995,13.66,0.0,24,0.0
EGLC,2026-07-31,12,2026-07-30,12,24,24.743,0.398,10.537,0.062,24,0.0026
LFPG,2025-08-01,12,2025-07-31,12,24,23.34,87.357,20.418,6.305,24,0.2627
LFPG,2025-08-02,12,2025-08-01,12,24,19.901,95.747,13.082,0.861,24,0.0359
LFPG,2025-08-03,12,2025-08-02,12,24,23.197,89.48,10.771,0.473,24,0.0197
LFPG,2025-08-04,12,2025-08-03,12,24,27.551,40.224,16.88,0.0,24,0.0
LFPG,2025-08-05,12,2025-08-04,12,24,23.543,0.0,21.894,1.634,24,0.0681
LFPG,2025-08-06,12,2025-08-05,12,24,23.781,4.732,6.624,0.0,24,0.0
LFPG,2025-08-07,12,2025-08-06,12,24,27.911,12.355,8.885,0.0,24,0.0
LFPG,2025-08-08,12,2025-08-07,12,24,27.323,51.51,10.896,0.0,24,0.0
LFPG,2025-08-09,12,2025-08-08,12,24,28.621,0.0,11.407,0.0,24,0.0
LFPG,2025-08-10,12,2025-08-09,12,24,27.38,23.934,10.386,0.0,24,0.0
LFPG,2025-08-11,12,2025-08-10,12,24,31.084,0.0,15.128,0.0,24,0.0
LFPG,2025-08-12,12,2025-08-11,12,24,34.738,0.0,16.479,0.062,24,0.0026
LFPG,2025-08-13,12,2025-08-12,12,24,36.803,97.748,8.638,0.0,24,0.0
LFPG,2025-08-14,12,2025-08-13,12,24,32.286,100.0,10.316,1.393,24,0.058
LFPG,2025-08-15,12,2025-08-14,12,24,31.979,5.0,10.211,0.0,24,0.0
LFPG,2025-08-16,12,2025-08-15,12,24,28.359,0.0,16.7,0.0,24,0.0
LFPG,2025-08-17,12,2025-08-16,12,24,27.389,0.0,14.334,0.0,24,0.0
LFPG,2025-08-18,12,2025-08-17,12,24,27.304,5.0,12.441,0.0,24,0.0
LFPG,2025-08-19,12,2025-08-18,12,24,29.503,100.0,4.169,0.0,24,0.0
LFPG,2025-08-20,12,2025-08-19,12,24,16.438,100.0,11.746,3.916,24,0.1632
LFPG,2025-08-21,12,2025-08-20,12,24,25.181,17.05,17.699,0.267,24,0.0111
LFPG,2025-08-22,12,2025-08-21,12,24,22.026,1.814,12.488,0.0,24,0.0
LFPG,2025-08-23,12,2025-08-22,12,24,22.702,100.0,6.276,0.0,24,0.0
LFPG,2025-08-24,12,2025-08-23,12,24,23.969,4.997,11.283,0.0,24,0.0
LFPG,2025-08-25,12,2025-08-24,12,24,27.045,36.937,7.542,0.0,24,0.0
LFPG,2025-08-26,12,2025-08-25,12,24,28.089,100.0,16.863,0.0,24,0.0
LFPG,2025-08-27,12,2025-08-26,12,24,25.052,99.911,15.385,0.356,24,0.0148
LFPG,2025-08-28,12,2025-08-27,12,24,24.124,4.997,17.609,0.284,24,0.0118
LFPG,2025-08-29,12,2025-08-28,12,24,16.671,100.0,17.411,4.906,24,0.2044
LFPG,2025-08-30,12,2025-08-29,12,24,21.978,100.0,20.928,2.216,24,0.0923
LFPG,2025-08-31,12,2025-08-30,12,24,23.183,100.0,18.372,0.556,24,0.0231
LFPG,2025-09-01,12,2025-08-31,12,24,23.01,58.28,21.898,1.175,24,0.0489
LFPG,2025-09-02,12,2025-09-01,12,24,21.101,100.0,27.64,0.665,24,0.0277
LFPG,2025-09-03,12,2025-09-02,12,24,20.124,100.0,25.928,2.054,24,0.0856
LFPG,2025-09-04,12,2025-09-03,12,24,20.284,98.632,21.499,1.684,24,0.0701
LFPG,2025-09-05,12,2025-09-04,12,24,21.644,1.936,10.869,3.347,24,0.1395
LFPG,2025-09-06,12,2025-09-05,12,24,23.668,62.718,19.949,0.0,24,0.0
LFPG,2025-09-07,12,2025-09-06,12,24,30.137,6.597,18.51,0.0,24,0.0
LFPG,2025-09-08,12,2025-09-07,12,24,23.664,6.865,11.332,1.388,24,0.0578
LFPG,2025-09-09,12,2025-09-08,12,24,22.679,77.751,5.415,0.039,24,0.0016
LFPG,2025-09-10,12,2025-09-09,12,24,19.195,97.527,18.019,0.239,24,0.0099
LFPG,2025-09-11,12,2025-09-10,12,24,19.563,39.644,25.345,3.339,24,0.1391
LFPG,2025-09-12,12,2025-09-11,12,24,20.383,42.677,22.539,0.311,24,0.013
LFPG,2025-09-13,12,2025-09-12,12,24,20.058,100.0,24.735,1.698,24,0.0708
LFPG,2025-09-14,12,2025-09-13,12,24,18.032,100.0,21.529,8.707,24,0.3628
LFPG,2025-09-15,12,2025-09-14,12,24,20.434,12.968,30.247,2.39,24,0.0996
LFPG,2025-09-16,12,2025-09-15,12,24,18.112,100.0,22.78,0.065,24,0.0027
LFPG,2025-09-17,12,2025-09-16,12,24,18.836,32.811,12.784,0.0,24,0.0
LFPG,2025-09-18,12,2025-09-17,12,24,24.316,0.0,10.306,0.0,24,0.0
LFPG,2025-09-19,12,2025-09-18,12,24,28.607,5.0,13.691,0.0,24,0.0
LFPG,2025-09-20,12,2025-09-19,12,24,19.566,99.035,14.923,2.069,24,0.0862
LFPG,2025-09-21,12,2025-09-20,12,24,15.316,100.0,5.255,4.853,24,0.2022
LFPG,2025-09-22,12,2025-09-21,12,24,17.718,67.806,27.531,0.139,24,0.0058
LFPG,2025-09-23,12,2025-09-22,12,24,12.833,95.724,23.01,5.794,24,0.2414
LFPG,2025-09-24,12,2025-09-23,12,24,9.622,100.0,17.639,7.879,24,0.3283
LFPG,2025-09-25,12,2025-09-24,12,24,8.652,100.0,12.282,4.101,24,0.1709
LFPG,2025-09-26,12,2025-09-25,12,24,10.679,100.0,3.952,1.77,24,0.0737
LFPG,2025-09-27,12,2025-09-26,12,24,16.528,5.365,9.147,0.782,24,0.0326
LFPG,2025-09-28,12,2025-09-27,12,24,18.923,9.212,6.344,0.0,24,0.0
LFPG,2025-09-29,12,2025-09-28,12,24,19.527,5.0,7.239,0.0,24,0.0
LFPG,2025-09-30,12,2025-09-29,12,24,18.557,4.683,11.844,0.0,24,0.0
LFPG,2025-10-01,12,2025-09-30,12,24,18.916,97.148,5.402,0.0,24,0.0
LFPG,2025-10-02,12,2025-10-01,12,24,17.51,100.0,9.195,0.0,24,0.0
LFPG,2025-10-03,12,2025-10-02,12,24,15.642,100.0,13.181,0.0,24,0.0
LFPG,2025-10-04,12,2025-10-03,12,24,15.226,19.762,32.092,10.498,24,0.4374
LFPG,2025-10-05,12,2025-10-04,12,24,16.545,41.723,27.377,0.462,24,0.0192
LFPG,2025-10-06,12,2025-10-05,12,24,14.901,66.103,11.048,0.195,24,0.0081
LFPG,2025-10-07,12,2025-10-06,12,24,19.459,5.0,4.068,0.0,24,0.0
LFPG,2025-10-08,12,2025-10-07,12,24,19.363,99.108,9.521,0.0,24,0.0
LFPG,2025-10-09,12,2025-10-08,12,24,18.973,2.692,11.607,0.188,24,0.0078
LFPG,2025-10-10,12,2025-10-09,12,24,18.57,30.521,9.652,0.0,24,0.0
LFPG,2025-10-11,12,2025-10-10,12,24,19.68,4.997,12.294,0.0,24,0.0
LFPG,2025-10-12,12,2025-10-11,12,24,18.445,0.495,15.458,0.0,24,0.0
LFPG,2025-10-13,12,2025-10-12,12,24,18.015,82.197,17.849,0.0,24,0.0
LFPG,2025-10-14,12,2025-10-13,12,24,17.854,0.0,17.598,0.0,24,0.0
LFPG,2025-10-15,12,2025-10-14,12,24,17.626,30.911,15.603,0.0,24,0.0
LFPG,2025-10-16,12,2025-10-15,12,24,15.334,94.368,17.201,0.007,24,0.0003
LFPG,2025-10-17,12,2025-10-16,12,24,17.578,14.057,16.078,0.0,24,0.0
LFPG,2025-10-18,12,2025-10-17,12,24,15.481,100.0,16.323,0.0,24,0.0
LFPG,2025-10-19,12,2025-10-18,12,24,16.71,100.0,15.116,0.0,24,0.0
LFPG,2025-10-20,12,2025-10-19,12,24,15.945,97.274,25.331,2.562,24,0.1068
LFPG,2025-10-21,12,2025-10-20,12,24,15.776,81.657,19.189,2.064,24,0.086
LFPG,2025-10-22,12,2025-10-21,12,24,15.657,97.324,9.106,3.222,24,0.1342
LFPG,2025-10-23,12,2025-10-22,12,24,10.082,100.0,30.014,6.37,24,0.2654
LFPG,2025-10-24,12,2025-10-23,12,24,12.205,100.0,26.52,3.781,24,0.1575
LFPG,2025-10-25,12,2025-10-24,12,24,13.202,81.862,21.534,1.279,24,0.0533
LFPG,2025-10-26,12,2025-10-25,12,24,11.122,40.701,20.967,4.069,24,0.1695
LFPG,2025-10-27,12,2025-10-26,12,24,13.348,31.157,30.328,5.504,24,0.2293
LFPG,2025-10-28,12,2025-10-27,12,24,13.717,100.0,20.702,0.156,24,0.0065
LFPG,2025-10-29,12,2025-10-28,12,24,14.7,100.0,14.355,0.27,24,0.0112
LFPG,2025-10-30,12,2025-10-29,12,24,13.522,20.226,13.675,8.707,24,0.3628
LFPG,2025-10-31,12,2025-10-30,12,24,16.229,100.0,18.448,0.0,24,0.0
LFPG,2025-11-01,12,2025-10-31,12,24,11.976,100.0,16.514,8.395,24,0.3498
LFPG,2025-11-02,12,2025-11-01,12,24,12.154,64.597,21.856,1.132,24,0.0472
LFPG,2025-11-03,12,2025-11-02,12,24,14.155,21.366,20.866,0.266,24,0.0111
LFPG,2025-11-04,12,2025-11-03,12,24,14.816,100.0,17.511,0.007,24,0.0003
LFPG,2025-11-05,12,2025-11-04,12,24,17.716,19.39,16.496,0.0,24,0.0
LFPG,2025-11-06,12,2025-11-05,12,24,14.079,100.0,6.639,0.038,24,0.0016
LFPG,2025-11-07,12,2025-11-06,12,24,15.32,100.0,14.393,0.228,24,0.0095
LFPG,2025-11-08,12,2025-11-07,12,24,13.358,98.917,7.32,0.119,24,0.005
LFPG,2025-11-09,12,2025-11-08,12,24,13.292,0.0,10.064,0.207,24,0.0086
LFPG,2025-11-10,12,2025-11-09,12,24,11.767,100.0,18.914,0.007,24,0.0003
LFPG,2025-11-11,12,2025-11-10,12,24,13.63,82.533,17.318,2.173,24,0.0905
LFPG,2025-11-12,12,2025-11-11,12,24,15.62,100.0,16.112,0.0,24,0.0
LFPG,2025-11-13,12,2025-11-12,12,24,16.858,98.782,11.48,0.0,24,0.0
LFPG,2025-11-14,12,2025-11-13,12,24,18.284,100.0,14.053,0.0,24,0.0
LFPG,2025-11-15,12,2025-11-14,12,24,14.958,100.0,4.982,1.072,24,0.0447
LFPG,2025-11-16,12,2025-11-15,12,24,13.361,100.0,10.603,11.229,24,0.4679
LFPG,2025-11-17,12,2025-11-16,12,24,8.573,66.906,25.788,0.63,24,0.0262
LFPG,2025-11-18,12,2025-11-17,12,24,7.744,42.802,13.613,0.125,24,0.0052
LFPG,2025-11-19,12,2025-11-18,12,24,6.917,100.0,21.562,3.904,24,0.1627
LFPG,2025-11-20,12,2025-11-19,12,24,4.492,100.0,10.949,3.675,24,0.1531
LFPG,2025-11-21,12,2025-11-20,12,24,3.52,100.0,13.814,0.413,24,0.0172
LFPG,2025-11-22,12,2025-11-21,12,24,3.488,91.353,17.256,0.0,24,0.0
LFPG,2025-11-23,12,2025-11-22,12,24,3.874,100.0,21.823,6.519,24,0.2716
LFPG,2025-11-24,12,2025-11-23,12,24,8.768,11.596,17.172,1.299,24,0.0541
LFPG,2025-11-25,12,2025-11-24,12,24,6.266,99.993,21.485,4.484,24,0.1868
LFPG,2025-11-26,12,2025-11-25,12,24,7.214,14.29,11.234,0.854,24,0.0356
LFPG,2025-11-27,12,2025-11-26,12,24,5.214,100.0,16.667,0.352,24,0.0147
LFPG,2025-11-28,12,2025-11-27,12,24,9.069,100.0,16.352,3.981,24,0.1659
LFPG,2025-11-29,12,2025-11-28,12,24,10.528,90.235,19.354,0.518,24,0.0216
LFPG,2025-11-30,12,2025-11-29,12,24,7.677,36.353,17.251,2.532,24,0.1055
LFPG,2025-12-01,12,2025-11-30,12,24,7.157,95.914,21.731,0.0,24,0.0
LFPG,2025-12-02,12,2025-12-01,12,24,9.161,94.126,16.756,0.876,24,0.0365
LFPG,2025-12-03,12,2025-12-02,12,24,7.97,12.631,10.012,0.0,24,0.0
LFPG,2025-12-04,12,2025-12-03,12,24,7.211,100.0,17.849,0.514,24,0.0214
LFPG,2025-12-05,12,2025-12-04,12,24,6.536,99.625,11.973,0.189,24,0.0079
LFPG,2025-12-06,12,2025-12-05,12,24,11.65,65.512,26.526,3.669,24,0.1529
LFPG,2025-12-07,12,2025-12-06,12,24,13.263,100.0,25.994,9.508,24,0.3962
LFPG,2025-12-08,12,2025-12-07,12,24,13.354,100.0,19.436,2.299,24,0.0958
LFPG,2025-12-09,12,2025-12-08,12,24,13.717,100.0,20.388,0.0,24,0.0
LFPG,2025-12-10,12,2025-12-09,12,24,13.315,98.913,15.405,0.076,24,0.0032
LFPG,2025-12-11,12,2025-12-10,12,24,10.483,100.0,9.453,0.024,24,0.001
LFPG,2025-12-12,12,2025-12-11,12,24,11.147,100.0,7.343,0.52,24,0.0216
LFPG,2025-12-13,12,2025-12-12,12,24,9.462,97.137,2.057,0.0,24,0.0
LFPG,2025-12-14,12,2025-12-13,12,24,9.773,5.0,11.211,0.043,24,0.0018
LFPG,2025-12-15,12,2025-12-14,12,24,9.516,100.0,16.105,0.0,24,0.0
LFPG,2025-12-16,12,2025-12-15,12,24,11.436,99.326,11.073,0.773,24,0.0322
LFPG,2025-12-17,12,2025-12-16,12,24,10.561,23.799,7.83,0.132,24,0.0055
LFPG,2025-12-18,12,2025-12-17,12,24,12.042,95.477,26.123,0.122,24,0.0051
LFPG,2025-12-19,12,2025-12-18,12,24,10.212,100.0,8.025,4.615,24,0.1923
LFPG,2025-12-20,12,2025-12-19,12,24,8.155,100.0,6.542,0.542,24,0.0226
LFPG,2025-12-21,12,2025-12-20,12,24,10.386,100.0,19.288,7.655,24,0.319
LFPG,2025-12-22,12,2025-12-21,12,24,10.216,99.841,7.934,11.288,24,0.4703
LFPG,2025-12-23,12,2025-12-22,12,24,7.011,5.0,13.988,0.056,24,0.0023
LFPG,2025-12-24,12,2025-12-23,12,24,2.88,1.077,27.108,0.0,24,0.0
LFPG,2025-12-25,12,2025-12-24,12,24,1.752,4.969,19.61,0.0,24,0.0
LFPG,2025-12-26,12,2025-12-25,12,24,2.974,0.0,10.793,0.0,24,0.0
LFPG,2025-12-27,12,2025-12-26,12,24,4.223,0.0,12.087,0.0,24,0.0
LFPG,2025-12-28,12,2025-12-27,12,24,4.627,5.0,15.348,0.0,24,0.0
LFPG,2025-12-29,12,2025-12-28,12,24,3.935,0.0,12.73,0.0,24,0.0
LFPG,2025-12-30,12,2025-12-29,12,24,5.825,87.394,19.577,0.0,24,0.0
LFPG,2025-12-31,12,2025-12-30,12,24,3.74,5.0,7.459,0.0,24,0.0
LFPG,2026-01-01,12,2025-12-31,12,24,2.802,100.0,14.52,0.0,24,0.0
LFPG,2026-01-02,12,2026-01-01,12,24,0.952,100.0,7.75,3.586,24,0.1494
LFPG,2026-01-03,12,2026-01-02,12,24,2.279,10.073,17.366,3.479,24,0.145
LFPG,2026-01-04,12,2026-01-03,12,24,1.617,5.0,9.611,0.0,24,0.0
LFPG,2026-01-05,12,2026-01-04,12,24,1.707,83.976,14.358,0.086,24,0.0036
LFPG,2026-01-06,12,2026-01-05,12,24,0.857,3.351,6.359,3.29,24,0.1371
LFPG,2026-01-07,12,2026-01-06,12,24,1.09,26.846,14.405,5.483,24,0.2285
LFPG,2026-01-08,12,2026-01-07,12,24,5.242,100.0,14.54,0.46,24,0.0192
LFPG,2026-01-09,12,2026-01-08,12,24,5.362,100.0,34.401,12.135,24,0.5056
LFPG,2026-01-10,12,2026-01-09,12,24,3.402,100.0,25.056,0.956,24,0.0398
LFPG,2026-01-11,12,2026-01-10,12,24,3.405,100.0,15.579,0.341,24,0.0142
LFPG,2026-01-12,12,2026-01-11,12,24,9.525,100.0,23.691,3.28,24,0.1367
LFPG,2026-01-13,12,2026-01-12,12,24,10.381,84.055,15.796,0.992,24,0.0413
LFPG,2026-01-14,12,2026-01-13,12,24,10.111,100.0,11.354,0.17,24,0.0071
LFPG,2026-01-15,12,2026-01-14,12,24,9.858,100.0,20.831,0.833,24,0.0347
LFPG,2026-01-16,12,2026-01-15,12,24,9.968,100.0,14.272,1.146,24,0.0478
LFPG,2026-01-17,12,2026-01-16,12,24,10.097,98.187,8.825,0.451,24,0.0188
LFPG,2026-01-18,12,2026-01-17,12,24,8.755,81.105,11.011,0.0,24,0.0
LFPG,2026-01-19,12,2026-01-18,12,24,10.307,99.949,9.216,0.0,24,0.0
LFPG,2026-01-20,12,2026-01-19,12,24,9.772,81.737,14.477,0.204,24,0.0085
LFPG,2026-01-21,12,2026-01-20,12,24,11.077,87.665,21.981,1.305,24,0.0544
LFPG,2026-01-22,12,2026-01-21,12,24,9.01,100.0,21.302,2.058,24,0.0858
LFPG,2026-01-23,12,2026-01-22,12,24,8.003,89.915,20.406,4.407,24,0.1836
LFPG,2026-01-24,12,2026-01-23,12,24,7.73,83.427,16.619,0.142,24,0.0059
LFPG,2026-01-25,12,2026-01-24,12,24,7.554,100.0,15.902,0.0,24,0.0
LFPG,2026-01-26,12,2026-01-25,12,24,7.86,63.793,9.006,1.91,24,0.0796
LFPG,2026-01-27,12,2026-01-26,12,24,6.944,100.0,22.068,11.937,24,0.4974
LFPG,2026-01-28,12,2026-01-27,12,24,6.564,100.0,6.63,4.578,24,0.1907
LFPG,2026-01-29,12,2026-01-28,12,24,6.611,0.0,9.689,0.0,24,0.0
LFPG,2026-01-30,12,2026-01-29,12,24,8.262,96.198,16.465,3.126,24,0.1302
LFPG,2026-01-31,12,2026-01-30,12,24,8.273,95.497,9.838,4.413,24,0.1839
LFPG,2026-02-01,12,2026-01-31,12,24,6.132,100.0,9.862,0.938,24,0.0391
LFPG,2026-02-02,12,2026-02-01,12,24,8.449,82.883,12.54,3.664,24,0.1527
LFPG,2026-02-03,12,2026-02-02,12,24,8.532,99.891,20.013,6.582,24,0.2743
LFPG,2026-02-04,12,2026-02-03,12,24,10.446,17.187,20.42,0.726,24,0.0302
LFPG,2026-02-05,12,2026-02-04,12,24,8.591,100.0,18.456,2.297,24,0.0957
LFPG,2026-02-06,12,2026-02-05,12,24,9.683,100.0,18.607,2.251,24,0.0938
LFPG,2026-02-07,12,2026-02-06,12,24,10.341,99.164,19.098,0.809,24,0.0337
LFPG,2026-02-08,12,2026-02-07,12,24,10.473,46.113,6.163,0.038,24,0.0016
LFPG,2026-02-09,12,2026-02-08,12,24,9.446,98.737,12.895,0.0,24,0.0
LFPG,2026-02-10,12,2026-02-09,12,24,11.677,98.931,19.023,6.545,24,0.2727
LFPG,2026-02-11,12,2026-02-10,12,24,10.638,100.0,27.176,8.064,24,0.336
LFPG,2026-02-12,12,2026-02-11,12,24,9.734,100.0,29.571,19.502,24,0.8126
LFPG,2026-02-13,12,2026-02-12,12,24,9.042,100.0,13.161,0.954,24,0.0398
LFPG,2026-02-14,12,2026-02-13,12,24,2.284,67.637,25.135,3.515,24,0.1465
LFPG,2026-02-15,12,2026-02-14,12,24,0.372,100.0,25.59,4.687,24,0.1953
LFPG,2026-02-16,12,2026-02-15,12,24,8.367,24.748,30.727,8.275,24,0.3448
LFPG,2026-02-17,12,2026-02-16,12,24,6.231,83.174,21.885,0.757,24,0.0315
LFPG,2026-02-18,12,2026-02-17,12,24,5.606,100.0,6.39,11.697,24,0.4874
LFPG,2026-02-19,12,2026-02-18,12,24,7.308,99.97,10.615,15.9,24,0.6625
LFPG,2026-02-20,12,2026-02-19,12,24,8.96,100.0,18.538,3.252,24,0.1355
LFPG,2026-02-21,12,2026-02-20,12,24,12.578,99.305,20.124,0.622,24,0.0259
LFPG,2026-02-22,12,2026-02-21,12,24,13.011,100.0,23.952,1.352,24,0.0563
LFPG,2026-02-23,12,2026-02-22,12,24,12.916,90.868,21.613,6.425,24,0.2677
LFPG,2026-02-24,12,2026-02-23,12,24,15.242,18.711,9.965,0.0,24,0.0
LFPG,2026-02-25,12,2026-02-24,12,24,15.689,43.71,10.39,0.0,24,0.0
LFPG,2026-02-26,12,2026-02-25,12,24,15.94,99.955,15.188,0.0,24,0.0
LFPG,2026-02-27,12,2026-02-26,12,24,13.337,100.0,18.415,0.019,24,0.0008
LFPG,2026-02-28,12,2026-02-27,12,24,11.333,64.549,26.606,6.918,24,0.2882
LFPG,2026-03-01,12,2026-02-28,12,24,11.639,44.238,20.223,0.132,24,0.0055
LFPG,2026-03-02,12,2026-03-01,12,24,14.224,5.0,15.495,0.0,24,0.0
LFPG,2026-03-03,12,2026-03-02,12,24,15.039,4.288,2.836,0.0,24,0.0
LFPG,2026-03-04,12,2026-03-03,12,24,15.877,0.0,15.39,0.0,24,0.0
LFPG,2026-03-05,12,2026-03-04,12,24,16.562,5.0,12.209,0.0,24,0.0
LFPG,2026-03-06,12,2026-03-05,12,24,15.663,100.0,8.549,0.0,24,0.0
LFPG,2026-03-07,12,2026-03-06,12,24,15.694,99.666,9.463,0.035,24,0.0014
LFPG,2026-03-08,12,2026-03-07,12,24,16.333,5.0,6.327,0.0,24,0.0
LFPG,2026-03-09,12,2026-03-08,12,24,16.073,5.01,11.847,0.85,24,0.0354
LFPG,2026-03-10,12,2026-03-09,12,24,14.579,81.537,11.836,6.202,24,0.2584
LFPG,2026-03-11,12,2026-03-10,12,24,10.295,100.0,13.101,10.47,24,0.4363
LFPG,2026-03-12,12,2026-03-11,12,24,12.162,23.569,23.952,0.13,24,0.0054
LFPG,2026-03-13,12,2026-03-12,12,24,7.737,100.0,7.448,6.244,24,0.2602
LFPG,2026-03-14,12,2026-03-13,12,24,8.57,71.274,14.933,16.045,24,0.6685
LFPG,2026-03-15,12,2026-03-14,12,24,10.139,0.0,7.332,0.714,24,0.0298
LFPG,2026-03-16,12,2026-03-15,12,24,10.817,100.0,17.69,0.219,24,0.0091
LFPG,2026-03-17,12,2026-03-16,12,24,14.408,68.21,12.049,0.078,24,0.0033
LFPG,2026-03-18,12,2026-03-17,12,24,13.282,0.0,26.302,0.0,24,0.0
LFPG,2026-03-19,12,2026-03-18,12,24,14.502,21.105,19.825,0.0,24,0.0
LFPG,2026-03-20,12,2026-03-19,12,24,14.64,42.694,10.4,0.0,24,0.0
LFPG,2026-03-21,12,2026-03-20,12,24,14.417,4.673,11.017,0.0,24,0.0
LFPG,2026-03-22,12,2026-03-21,12,24,13.076,12.038,12.859,0.0,24,0.0
LFPG,2026-03-23,12,2026-03-22,12,24,14.195,99.916,7.771,0.0,24,0.0
LFPG,2026-03-24,12,2026-03-23,12,24,15.532,100.0,16.043,0.0,24,0.0
LFPG,2026-03-25,12,2026-03-24,12,24,6.454,26.24,29.393,1.706,24,0.0711
LFPG,2026-03-26,12,2026-03-25,12,24,9.034,99.964,20.997,2.597,24,0.1082
LFPG,2026-03-27,12,2026-03-26,12,24,9.857,81.438,7.57,0.002,24,0.0001
LFPG,2026-03-28,12,2026-03-27,12,24,9.16,89.986,25.849,8.884,24,0.3701
LFPG,2026-03-29,12,2026-03-28,12,24,9.941,45.319,10.685,0.005,24,0.0002
LFPG,2026-03-30,12,2026-03-29,12,24,11.42,49.97,25.063,0.426,24,0.0178
LFPG,2026-03-31,12,2026-03-30,12,24,10.1,100.0,14.52,0.247,24,0.0103
LFPG,2026-04-01,12,2026-03-31,12,24,9.5,100.0,4.927,0.181,24,0.0075
LFPG,2026-04-02,12,2026-04-01,12,24,10.204,59.179,2.186,0.397,24,0.0165
LFPG,2026-04-03,12,2026-04-02,12,24,11.251,99.99,19.843,0.364,24,0.0152
LFPG,2026-04-04,12,2026-04-03,12,24,15.792,100.0,17.206,0.245,24,0.0102
LFPG,2026-04-05,12,2026-04-04,12,24,13.538,99.069,23.062,0.007,24,0.0003
LFPG,2026-04-06,12,2026-04-05,12,24,14.722,93.356,9.527,0.0,24,0.0
LFPG,2026-04-07,12,2026-04-06,12,24,19.539,4.755,15.319,0.0,24,0.0
LFPG,2026-04-08,12,2026-04-07,12,24,20.75,0.528,10.443,0.0,24,0.0
LFPG,2026-04-09,12,2026-04-08,12,24,22.059,99.889,6.579,0.0,24,0.0
LFPG,2026-04-10,12,2026-04-09,12,24,12.999,100.0,5.265,1.01,24,0.0421
LFPG,2026-04-11,12,2026-04-10,12,24,13.435,100.0,21.612,1.655,24,0.069
LFPG,2026-04-12,12,2026-04-11,12,24,13.08,100.0,9.859,0.733,24,0.0305
LFPG,2026-04-13,12,2026-04-12,12,24,12.363,100.0,8.566,1.997,24,0.0832
LFPG,2026-04-14,12,2026-04-13,12,24,15.398,0.334,5.205,2.44,24,0.1017
LFPG,2026-04-15,12,2026-04-14,12,24,17.677,78.784,14.968,0.0,24,0.0
LFPG,2026-04-16,12,2026-04-15,12,24,17.233,5.0,9.326,0.752,24,0.0313
LFPG,2026-04-17,12,2026-04-16,12,24,18.255,54.492,6.025,0.0,24,0.0
LFPG,2026-04-18,12,2026-04-17,12,24,15.52,86.544,11.937,0.251,24,0.0105
LFPG,2026-04-19,12,2026-04-18,12,24,16.093,88.783,10.845,1.234,24,0.0514
LFPG,2026-04-20,12,2026-04-19,12,24,13.76,97.04,17.411,0.0,24,0.0
LFPG,2026-04-21,12,2026-04-20,12,24,13.955,13.73,20.203,0.0,24,0.0
LFPG,2026-04-22,12,2026-04-21,12,24,15.836,3.146,26.236,0.024,24,0.001
LFPG,2026-04-23,12,2026-04-22,12,24,18.566,0.0,22.12,0.0,24,0.0
LFPG,2026-04-24,12,2026-04-23,12,24,18.849,5.037,17.713,0.0,24,0.0
LFPG,2026-04-25,12,2026-04-24,12,24,19.077,99.861,8.062,0.0,24,0.0
LFPG,2026-04-26,12,2026-04-25,12,24,18.611,100.0,11.511,0.0,24,0.0
LFPG,2026-04-27,12,2026-04-26,12,24,19.142,100.0,8.209,0.0,24,0.0
LFPG,2026-04-28,12,2026-04-27,12,24,18.457,99.779,17.124,0.0,24,0.0
LFPG,2026-04-29,12,2026-04-28,12,24,19.436,90.614,27.439,0.117,24,0.0049
LFPG,2026-04-30,12,2026-04-29,12,24,18.013,0.027,26.118,0.0,24,0.0
LFPG,2026-05-01,12,2026-04-30,12,24,21.574,4.119,7.68,0.0,24,0.0
LFPG,2026-05-02,12,2026-05-01,12,24,22.771,97.038,12.9,3.83,24,0.1596
LFPG,2026-05-03,12,2026-05-02,12,24,14.982,100.0,18.737,5.119,24,0.2133
LFPG,2026-05-04,12,2026-05-03,12,24,14.699,98.222,9.861,5.665,24,0.236
LFPG,2026-05-05,12,2026-05-04,12,24,13.22,100.0,9.745,8.468,24,0.3528
LFPG,2026-05-06,12,2026-05-05,12,24,13.568,99.528,10.976,17.817,24,0.7424
LFPG,2026-05-07,12,2026-05-06,12,24,16.097,94.264,2.245,0.305,24,0.0127
LFPG,2026-05-08,12,2026-05-07,12,24,18.422,23.909,9.832,0.118,24,0.0049
LFPG,2026-05-09,12,2026-05-08,12,24,20.971,21.718,15.918,0.0,24,0.0
LFPG,2026-05-10,12,2026-05-09,12,24,17.458,100.0,10.072,3.881,24,0.1617
LFPG,2026-05-11,12,2026-05-10,12,24,13.14,26.809,13.172,16.38,24,0.6825
LFPG,2026-05-12,12,2026-05-11,12,24,13.966,51.243,9.69,1.599,24,0.0666
LFPG,2026-05-13,12,2026-05-12,12,24,11.281,100.0,22.926,0.683,24,0.0285
LFPG,2026-05-14,12,2026-05-13,12,24,10.061,74.002,19.198,6.046,24,0.2519
LFPG,2026-05-15,12,2026-05-14,12,24,12.359,99.777,16.662,2.749,24,0.1145
LFPG,2026-05-16,12,2026-05-15,12,24,13.246,48.052,15.489,3.618,24,0.1507
LFPG,2026-05-17,12,2026-05-16,12,24,11.808,100.0,13.443,3.368,24,0.1403
LFPG,2026-05-18,12,2026-05-17,12,24,13.691,93.97,14.204,9.271,24,0.3863
LFPG,2026-05-19,12,2026-05-18,12,24,13.394,98.277,24.658,1.372,24,0.0572
LFPG,2026-05-20,12,2026-05-19,12,24,17.866,43.791,19.943,2.081,24,0.0867
LFPG,2026-05-21,12,2026-05-20,12,24,21.672,9.821,7.406,0.955,24,0.0398
LFPG,2026-05-22,12,2026-05-21,12,24,25.013,20.884,8.811,0.0,24,0.0
LFPG,2026-05-23,12,2026-05-22,12,24,27.073,4.982,8.821,0.0,24,0.0
LFPG,2026-05-24,12,2026-05-23,12,24,28.445,5.0,13.74,0.0,24,0.0
LFPG,2026-05-25,12,2026-05-24,12,24,29.15,40.889,13.738,0.0,24,0.0
LFPG,2026-05-26,12,2026-05-25,12,24,29.27,8.958,3.764,0.0,24,0.0
LFPG,2026-05-27,12,2026-05-26,12,24,28.944,0.0,11.031,0.0,24,0.0
LFPG,2026-05-28,12,2026-05-27,12,24,27.948,75.173,10.54,0.0,24,0.0
LFPG,2026-05-29,12,2026-05-28,12,24,30.154,100.0,5.949,0.247,24,0.0103
LFPG,2026-05-30,12,2026-05-29,12,24,30.601,19.205,7.495,0.009,24,0.0004
LFPG,2026-05-31,12,2026-05-30,12,24,20.033,100.0,16.405,3.762,24,0.1568
LFPG,2026-06-01,12,2026-05-31,12,24,23.062,98.854,5.906,0.347,24,0.0145
LFPG,2026-06-02,12,2026-06-01,12,24,17.379,99.986,21.565,9.949,24,0.4146
LFPG,2026-06-03,12,2026-06-02,12,24,18.753,98.835,26.121,4.437,24,0.1849
LFPG,2026-06-04,12,2026-06-03,12,24,19.997,41.283,31.105,2.958,24,0.1232
LFPG,2026-06-05,12,2026-06-04,12,24,15.527,99.909,13.503,0.224,24,0.0093
LFPG,2026-06-06,12,2026-06-05,12,24,15.87,31.469,20.66,0.89,24,0.0371
LFPG,2026-06-07,12,2026-06-06,12,24,20.524,100.0,7.622,0.471,24,0.0196
LFPG,2026-06-08,12,2026-06-07,12,24,21.34,76.746,19.559,0.0,24,0.0
LFPG,2026-06-09,12,2026-06-08,12,24,17.932,100.0,20.223,0.402,24,0.0168
LFPG,2026-06-10,12,2026-06-09,12,24,17.277,96.936,18.616,0.704,24,0.0293
LFPG,2026-06-11,12,2026-06-10,12,24,19.636,93.83,16.928,1.163,24,0.0485
LFPG,2026-06-12,12,2026-06-11,12,24,21.824,90.133,21.342,0.28,24,0.0116
LFPG,2026-06-13,12,2026-06-12,12,24,24.206,5.0,17.354,0.0,24,0.0
LFPG,2026-06-14,12,2026-06-13,12,24,22.38,80.567,12.486,0.0,24,0.0
LFPG,2026-06-15,12,2026-06-14,12,24,24.98,92.67,7.213,0.0,24,0.0
LFPG,2026-06-16,12,2026-06-15,12,24,25.256,47.34,12.087,0.073,24,0.003
LFPG,2026-06-17,12,2026-06-16,12,24,28.891,5.0,5.099,0.0,24,0.0
LFPG,2026-06-18,12,2026-06-17,12,24,33.855,6.624,5.399,0.0,24,0.0
LFPG,2026-06-19,12,2026-06-18,12,24,33.458,6.303,15.493,1.286,24,0.0536
LFPG,2026-06-20,12,2026-06-19,12,24,31.981,32.402,2.108,0.217,24,0.009
LFPG,2026-06-21,12,2026-06-20,12,24,31.808,62.24,5.471,3.733,24,0.1555
LFPG,2026-06-22,12,2026-06-21,12,24,36.457,82.803,15.033,0.009,24,0.0004
LFPG,2026-06-23,12,2026-06-22,12,24,37.599,62.708,9.781,0.016,24,0.0007
LFPG,2026-06-24,12,2026-06-23,12,24,39.029,96.95,2.198,0.324,24,0.0135
LFPG,2026-06-25,12,2026-06-24,12,24,38.33,45.928,19.997,0.0,24,0.0
LFPG,2026-06-26,12,2026-06-25,12,24,37.645,7.932,12.982,0.038,24,0.0016
LFPG,2026-06-27,12,2026-06-26,12,24,35.836,59.79,7.719,2.812,24,0.1172
LFPG,2026-06-28,12,2026-06-27,12,24,32.254,82.663,12.966,3.381,24,0.1409
LFPG,2026-06-29,12,2026-06-28,12,24,26.619,99.755,10.316,0.549,24,0.0229
LFPG,2026-06-30,12,2026-06-29,12,24,28.474,99.993,6.316,0.0,24,0.0
LFPG,2026-07-01,12,2026-06-30,12,24,26.745,4.57,12.607,0.0,24,0.0
LFPG,2026-07-02,12,2026-07-01,12,24,24.564,78.427,22.847,0.0,24,0.0
LFPG,2026-07-03,12,2026-07-02,12,24,26.561,56.554,14.545,0.172,24,0.0072
LFPG,2026-07-04,12,2026-07-03,12,24,28.639,0.0,12.082,0.0,24,0.0
LFPG,2026-07-05,12,2026-07-04,12,24,29.458,7.086,16.967,0.0,24,0.0
LFPG,2026-07-06,12,2026-07-05,12,24,32.4,56.137,13.598,0.0,24,0.0
LFPG,2026-07-07,12,2026-07-06,12,24,33.039,100.0,18.95,0.0,24,0.0
LFPG,2026-07-08,12,2026-07-07,12,24,33.215,0.777,8.593,0.0,24,0.0
LFPG,2026-07-09,12,2026-07-08,12,24,32.882,5.0,16.051,0.0,24,0.0
LFPG,2026-07-10,12,2026-07-09,12,24,33.942,46.582,15.661,0.0,24,0.0
LFPG,2026-07-11,12,2026-07-10,12,24,35.01,3.847,15.732,0.545,24,0.0227
LFPG,2026-07-12,12,2026-07-11,12,24,34.927,97.854,21.185,0.0,24,0.0
LFPG,2026-07-13,12,2026-07-12,12,24,34.43,100.0,19.832,0.0,24,0.0
LFPG,2026-07-14,12,2026-07-13,12,24,34.896,100.0,5.0,0.143,24,0.006
LFPG,2026-07-15,12,2026-07-14,12,24,26.393,37.64,16.808,2.107,24,0.0878
LFPG,2026-07-16,12,2026-07-15,12,24,33.566,88.923,6.503,0.0,24,0.0
LFPG,2026-07-17,12,2026-07-16,12,24,28.701,99.713,6.852,8.494,24,0.3539
LFPG,2026-07-18,12,2026-07-17,12,24,29.789,27.394,9.771,0.0,24,0.0
LFPG,2026-07-19,12,2026-07-18,12,24,23.907,100.0,14.45,0.208,24,0.0087
LFPG,2026-07-20,12,2026-07-19,12,24,23.702,100.0,15.819,0.0,24,0.0
LFPG,2026-07-21,12,2026-07-20,12,24,25.439,3.956,14.088,0.0,24,0.0
LFPG,2026-07-22,12,2026-07-21,12,24,25.253,100.0,14.887,0.0,24,0.0
LFPG,2026-07-23,12,2026-07-22,12,24,24.254,6.946,17.971,0.0,24,0.0
LFPG,2026-07-24,12,2026-07-23,12,24,27.135,100.0,12.176,0.0,24,0.0
LFPG,2026-07-25,12,2026-07-24,12,24,30.559,50.574,10.408,0.0,24,0.0
LFPG,2026-07-26,12,2026-07-25,12,24,21.606,99.972,18.919,0.0,24,0.0
LFPG,2026-07-27,12,2026-07-26,12,24,26.487,4.505,14.152,0.335,24,0.014
LFPG,2026-07-28,12,2026-07-27,12,24,31.12,0.0,3.966,0.0,24,0.0
LFPG,2026-07-29,12,2026-07-28,12,24,36.294,0.0,12.574,0.0,24,0.0
LFPG,2026-07-30,12,2026-07-29,12,24,27.288,1.077,9.543,0.197,24,0.0082
LFPG,2026-07-31,12,2026-07-30,12,24,29.04,27.639,10.257,0.171,24,0.0071
DSM,2025-08-01,18,2025-07-31,18,24,21.517,43.777,15.826,0.041,24,0.0017
DSM,2025-08-02,18,2025-08-01,18,24,23.011,93.019,12.431,0.062,24,0.0026
DSM,2025-08-03,18,2025-08-02,18,24,23.23,98.594,16.322,0.029,24,0.0012
DSM,2025-08-04,18,2025-08-03,18,24,23.331,13.624,11.658,0.0,24,0.0
DSM,2025-08-05,18,2025-08-04,18,24,25.814,6.248,13.204,0.0,24,0.0
DSM,2025-08-06,18,2025-08-05,18,24,25.367,100.0,19.407,0.341,24,0.0142
DSM,2025-08-07,18,2025-08-06,18,24,29.287,100.0,22.853,4.499,24,0.1875
DSM,2025-08-08,18,2025-08-07,18,24,31.478,0.642,29.849,0.0,24,0.0
DSM,2025-08-09,18,2025-08-08,18,24,30.67,89.393,11.308,0.0,24,0.0
DSM,2025-08-10,18,2025-08-09,18,24,24.59,100.0,10.422,21.287,24,0.887
DSM,2025-08-11,18,2025-08-10,18,24,27.44,63.451,8.877,0.085,24,0.0035
DSM,2025-08-12,18,2025-08-11,18,24,25.82,100.0,9.207,5.319,24,0.2216
DSM,2025-08-13,18,2025-08-12,18,24,26.61,3.428,6.937,0.029,24,0.0012
DSM,2025-08-14,18,2025-08-13,18,24,27.382,39.6,17.484,0.0,24,0.0
DSM,2025-08-15,18,2025-08-14,18,24,30.138,84.285,19.857,0.386,24,0.0161
DSM,2025-08-16,18,2025-08-15,18,24,34.286,6.607,19.129,0.003,24,0.0001
DSM,2025-08-17,18,2025-08-16,18,24,34.689,53.084,18.934,0.0,24,0.0
DSM,2025-08-18,18,2025-08-17,18,24,34.294,90.293,17.296,2.009,24,0.0837
DSM,2025-08-19,18,2025-08-18,18,24,29.865,88.847,13.077,0.0,24,0.0
DSM,2025-08-20,18,2025-08-19,18,24,28.902,0.0,15.292,0.007,24,0.0003
DSM,2025-08-21,18,2025-08-20,18,24,27.003,5.089,13.184,0.0,24,0.0
DSM,2025-08-22,18,2025-08-21,18,24,28.735,84.354,11.28,0.0,24,0.0
DSM,2025-08-23,18,2025-08-22,18,24,23.746,4.756,26.151,1.567,24,0.0653
DSM,2025-08-24,18,2025-08-23,18,24,22.685,0.703,20.916,0.0,24,0.0
DSM,2025-08-25,18,2025-08-24,18,24,21.166,0.0,18.399,0.0,24,0.0
DSM,2025-08-26,18,2025-08-25,18,24,24.297,0.0,1.354,0.0,24,0.0
DSM,2025-08-27,18,2025-08-26,18,24,27.799,98.508,18.472,0.0,24,0.0
DSM,2025-08-28,18,2025-08-27,18,24,28.348,3.175,5.107,0.0,24,0.0
DSM,2025-08-29,18,2025-08-28,18,24,28.817,100.0,3.68,0.0,24,0.0
DSM,2025-08-30,18,2025-08-29,18,24,29.07,65.665,13.493,0.0,24,0.0
DSM,2025-08-31,18,2025-08-30,18,24,18.5,99.934,7.353,5.907,24,0.2461
DSM,2025-09-01,18,2025-08-31,18,24,16.491,97.786,11.644,7.375,24,0.3073
DSM,2025-09-02,18,2025-09-01,18,24,26.195,65.909,5.669,0.0,24,0.0
DSM,2025-09-03,18,2025-09-02,18,24,22.778,93.907,19.03,1.412,24,0.0588
DSM,2025-09-04,18,2025-09-03,18,24,22.375,4.119,17.623,0.081,24,0.0034
DSM,2025-09-05,18,2025-09-04,18,24,17.811,4.016,28.117,0.0,24,0.0
DSM,2025-09-06,18,2025-09-05,18,24,19.73,4.752,18.633,0.0,24,0.0
DSM,2025-09-07,18,2025-09-06,18,24,21.542,0.0,4.77,0.0,24,0.0
DSM,2025-09-08,18,2025-09-07,18,24,26.567,100.0,27.251,0.0,24,0.0
DSM,2025-09-09,18,2025-09-08,18,24,22.023,93.295,20.79,0.658,24,0.0274
DSM,2025-09-10,18,2025-09-09,18,24,28.896,0.0,7.757,0.623,24,0.026
DSM,2025-09-11,18,2025-09-10,18,24,29.379,100.0,14.613,0.0,24,0.0
DSM,2025-09-12,18,2025-09-11,18,24,34.384,100.0,25.279,0.0,24,0.0
DSM,2025-09-13,18,2025-09-12,18,24,37.462,23.845,19.779,0.243,24,0.0101
DSM,2025-09-14,18,2025-09-13,18,24,34.774,97.197,16.021,1.06,24,0.0442
DSM,2025-09-15,18,2025-09-14,18,24,34.038,21.501,14.858,6.04,24,0.2516
DSM,2025-09-16,18,2025-09-15,18,24,28.739,100.0,7.771,8.759,24,0.365
DSM,2025-09-17,18,2025-09-16,18,24,28.942,61.678,10.989,10.322,24,0.4301
DSM,2025-09-18,18,2025-09-17,18,24,24.19,100.0,9.961,24.282,24,1.0118
DSM,2025-09-19,18,2025-09-18,18,24,23.764,63.3,14.676,9.466,24,0.3944
DSM,2025-09-20,18,2025-09-19,18,24,18.208,55.62,9.87,7.271,24,0.303
DSM,2025-09-21,18,2025-09-20,18,24,24.689,99.956,8.735,0.011,24,0.0005
DSM,2025-09-22,18,2025-09-21,18,24,27.656,15.394,14.867,0.767,24,0.032
DSM,2025-09-23,18,2025-09-22,18,24,21.624,100.0,6.754,15.981,24,0.6659
DSM,2025-09-24,18,2025-09-23,18,24,23.079,28.972,11.974,0.783,24,0.0326
DSM,2025-09-25,18,2025-09-24,18,24,23.645,0.0,7.544,1.17,24,0.0487
DSM,2025-09-26,18,2025-09-25,18,24,27.415,0.0,10.877,0.0,24,0.0
DSM,2025-09-27,18,2025-09-26,18,24,28.782,0.0,19.259,0.0,24,0.0
DSM,2025-09-28,18,2025-09-27,18,24,25.35,0.0,10.436,0.0,24,0.0
DSM,2025-09-29,18,2025-09-28,18,24,28.985,100.0,16.174,0.0,24,0.0
DSM,2025-09-30,18,2025-09-29,18,24,28.165,94.941,12.834,0.0,24,0.0
DSM,2025-10-01,18,2025-09-30,18,24,29.378,100.0,16.341,0.0,24,0.0
DSM,2025-10-02,18,2025-10-01,18,24,29.625,0.0,17.924,0.0,24,0.0
DSM,2025-10-03,18,2025-10-02,18,24,30.478,0.0,18.013,0.644,24,0.0269
DSM,2025-10-04,18,2025-10-03,18,24,30.085,0.011,31.853,0.0,24,0.0
DSM,2025-10-05,18,2025-10-04,18,24,29.032,49.801,33.298,0.0,24,0.0
DSM,2025-10-06,18,2025-10-05,18,24,13.31,100.0,15.401,34.103,24,1.421
DSM,2025-10-07,18,2025-10-06,18,24,17.995,0.0,14.561,7.112,24,0.2963
DSM,2025-10-08,18,2025-10-07,18,24,18.737,0.0,10.858,0.0,24,0.0
DSM,2025-10-09,18,2025-10-08,18,24,20.35,15.392,24.684,0.0,24,0.0
DSM,2025-10-10,18,2025-10-09,18,24,22.574,0.0,13.977,2.447,24,0.1019
DSM,2025-10-11,18,2025-10-10,18,24,17.504,100.0,13.19,0.0,24,0.0
DSM,2025-10-12,18,2025-10-11,18,24,24.501,56.687,32.446,0.0,24,0.0
DSM,2025-10-13,18,2025-10-12,18,24,21.736,0.0,22.752,0.324,24,0.0135
DSM,2025-10-14,18,2025-10-13,18,24,14.43,99.729,13.781,1.115,24,0.0465
DSM,2025-10-15,18,2025-10-14,18,24,16.537,100.0,10.996,0.287,24,0.0119
DSM,2025-10-16,18,2025-10-15,18,24,24.86,48.114,24.421,2.508,24,0.1045
DSM,2025-10-17,18,2025-10-16,18,24,25.334,100.0,28.678,0.0,24,0.0
DSM,2025-10-18,18,2025-10-17,18,24,23.497,100.0,12.149,3.45,24,0.1438
DSM,2025-10-19,18,2025-10-18,18,24,15.215,0.138,25.174,0.283,24,0.0118
DSM,2025-10-20,18,2025-10-19,18,24,19.059,65.307,27.403,0.0,24,0.0
DSM,2025-10-21,18,2025-10-20,18,24,11.304,81.547,38.074,0.271,24,0.0113
DSM,2025-10-22,18,2025-10-21,18,24,13.581,10.825,22.075,0.0,24,0.0
DSM,2025-10-23,18,2025-10-22,18,24,13.666,0.562,8.193,0.0,24,0.0
DSM,2025-10-24,18,2025-10-23,18,24,14.249,100.0,20.026,0.0,24,0.0
DSM,2025-10-25,18,2025-10-24,18,24,14.904,77.027,19.154,0.0,24,0.0
DSM,2025-10-26,18,2025-10-25,18,24,13.737,58.388,18.872,0.059,24,0.0024
DSM,2025-10-27,18,2025-10-26,18,24,9.951,100.0,17.292,0.257,24,0.0107
DSM,2025-10-28,18,2025-10-27,18,24,8.755,100.0,14.43,0.445,24,0.0185
DSM,2025-10-29,18,2025-10-28,18,24,9.367,59.528,24.008,16.598,24,0.6916
DSM,2025-10-30,18,2025-10-29,18,24,10.649,84.92,16.653,0.0,24,0.0
DSM,2025-10-31,18,2025-10-30,18,24,10.942,5.0,24.171,0.0,24,0.0
DSM,2025-11-01,18,2025-10-31,18,24,6.053,87.806,17.49,0.563,24,0.0235
DSM,2025-11-02,18,2025-11-01,18,24,10.134,0.638,25.596,0.729,24,0.0304
DSM,2025-11-03,18,2025-11-02,18,24,14.835,0.141,15.71,0.0,24,0.0
DSM,2025-11-04,18,2025-11-03,18,24,16.744,0.0,20.401,0.0,24,0.0
DSM,2025-11-05,18,2025-11-04,18,24,12.983,0.0,25.318,0.0,24,0.0
DSM,2025-11-06,18,2025-11-05,18,24,13.668,99.29,29.193,0.0,24,0.0
DSM,2025-11-07,18,2025-11-06,18,24,16.452,0.156,23.984,0.11,24,0.0046
DSM,2025-11-08,18,2025-11-07,18,24,1.589,100.0,10.495,6.083,24,0.2535
DSM,2025-11-09,18,2025-11-08,18,24,-1.721,4.719,28.487,2.954,24,0.1231
DSM,2025-11-10,18,2025-11-09,18,24,0.491,3.594,13.97,0.0,24,0.0
DSM,2025-11-11,18,2025-11-10,18,24,9.977,81.27,20.607,0.0,24,0.0
DSM,2025-11-12,18,2025-11-11,18,24,12.345,9.254,20.586,0.0,24,0.0
DSM,2025-11-13,18,2025-11-12,18,24,15.692,19.791,19.553,0.0,24,0.0
DSM,2025-11-14,18,2025-11-13,18,24,21.114,2.695,18.979,0.0,24,0.0
DSM,2025-11-15,18,2025-11-14,18,24,19.493,6.682,23.605,0.0,24,0.0
DSM,2025-11-16,18,2025-11-15,18,24,9.272,67.698,9.096,0.0,24,0.0
DSM,2025-11-17,18,2025-11-16,18,24,11.465,99.349,27.013,0.0,24,0.0
DSM,2025-11-18,18,2025-11-17,18,24,10.258,95.501,16.963,1.504,24,0.0627
DSM,2025-11-19,18,2025-11-18,18,24,9.403,65.056,8.182,0.0,24,0.0
DSM,2025-11-20,18,2025-11-19,18,24,13.817,100.0,8.661,0.0,24,0.0
DSM,2025-11-21,18,2025-11-20,18,24,8.262,100.0,13.965,0.0,24,0.0
DSM,2025-11-22,18,2025-11-21,18,24,13.631,100.0,23.148,0.0,24,0.0
DSM,2025-11-23,18,2025-11-22,18,24,12.892,0.0,11.89,0.0,24,0.0
DSM,2025-11-24,18,2025-11-23,18,24,9.705,100.0,14.338,0.141,24,0.0059
DSM,2025-11-25,18,2025-11-24,18,24,12.672,99.813,26.072,2.454,24,0.1022
DSM,2025-11-26,18,2025-11-25,18,24,2.75,0.0,36.04,0.0,24,0.0
DSM,2025-11-27,18,2025-11-26,18,24,1.004,0.0,22.35,0.0,24,0.0
DSM,2025-11-28,18,2025-11-27,18,24,-1.921,99.994,6.172,0.0,24,0.0
DSM,2025-11-29,18,2025-11-28,18,24,-1.295,100.0,14.913,25.61,24,1.0671
DSM,2025-11-30,18,2025-11-29,18,24,-8.729,74.331,22.759,6.564,24,0.2735
DSM,2025-12-01,18,2025-11-30,18,24,-6.905,100.0,6.631,1.581,24,0.0659
DSM,2025-12-02,18,2025-12-01,18,24,-3.867,100.0,13.306,0.654,24,0.0273
DSM,2025-12-03,18,2025-12-02,18,24,-5.679,84.101,23.267,0.0,24,0.0
DSM,2025-12-04,18,2025-12-03,18,24,-12.924,0.91,10.361,0.0,24,0.0
DSM,2025-12-05,18,2025-12-04,18,24,-0.614,5.19,16.83,0.0,24,0.0
DSM,2025-12-06,18,2025-12-05,18,24,-4.166,100.0,10.063,0.129,24,0.0054
DSM,2025-12-07,18,2025-12-06,18,24,-8.964,53.633,16.626,4.321,24,0.1801
DSM,2025-12-08,18,2025-12-07,18,24,-6.357,100.0,17.216,0.11,24,0.0046
DSM,2025-12-09,18,2025-12-08,18,24,1.787,100.0,12.243,0.0,24,0.0
DSM,2025-12-10,18,2025-12-09,18,24,-1.734,97.841,30.988,0.493,24,0.0205
DSM,2025-12-11,18,2025-12-10,18,24,-3.604,100.0,14.496,0.184,24,0.0077
DSM,2025-12-12,18,2025-12-11,18,24,-3.906,95.426,14.433,6.248,24,0.2603
DSM,2025-12-13,18,2025-12-12,18,24,-12.587,100.0,14.52,4.931,24,0.2054
DSM,2025-12-14,18,2025-12-13,18,24,-16.144,9.312,6.329,0.272,24,0.0113
DSM,2025-12-15,18,2025-12-14,18,24,-0.313,100.0,14.631,0.0,24,0.0
DSM,2025-12-16,18,2025-12-15,18,24,2.502,72.591,11.558,0.0,24,0.0
DSM,2025-12-17,18,2025-12-16,18,24,2.811,100.0,12.817,0.0,24,0.0
DSM,2025-12-18,18,2025-12-17,18,24,2.391,5.0,41.537,3.888,24,0.162
DSM,2025-12-19,18,2025-12-18,18,24,-2.532,100.0,12.344,0.004,24,0.0002
DSM,2025-12-20,18,2025-12-19,18,24,3.451,98.969,21.997,0.0,24,0.0
DSM,2025-12-21,18,2025-12-20,18,24,4.154,83.897,19.197,0.0,24,0.0
DSM,2025-12-22,18,2025-12-21,18,24,7.554,100.0,21.844,0.0,24,0.0
DSM,2025-12-23,18,2025-12-22,18,24,6.954,100.0,14.707,0.0,24,0.0
DSM,2025-12-24,18,2025-12-23,18,24,6.189,100.0,7.356,0.0,24,0.0
DSM,2025-12-25,18,2025-12-24,18,24,10.349,61.868,19.36,0.0,24,0.0
DSM,2025-12-26,18,2025-12-25,18,24,11.607,0.141,14.186,0.0,24,0.0
DSM,2025-12-27,18,2025-12-26,18,24,12.825,96.581,20.133,0.0,24,0.0
DSM,2025-12-28,18,2025-12-27,18,24,-1.414,100.0,37.13,6.494,24,0.2706
DSM,2025-12-29,18,2025-12-28,18,24,-8.224,14.07,32.451,0.987,24,0.0411
DSM,2025-12-30,18,2025-12-29,18,24,-1.581,100.0,16.381,0.0,24,0.0
DSM,2025-12-31,18,2025-12-30,18,24,2.651,86.485,16.325,0.0,24,0.0
DSM,2026-01-01,18,2025-12-31,18,24,-3.765,0.194,5.308,0.0,24,0.0
DSM,2026-01-02,18,2026-01-01,18,24,-3.37,100.0,11.346,0.0,24,0.0
DSM,2026-01-03,18,2026-01-02,18,24,-0.905,8.52,6.479,0.0,24,0.0
DSM,2026-01-04,18,2026-01-03,18,24,2.92,100.0,22.092,0.0,24,0.0
DSM,2026-01-05,18,2026-01-04,18,24,7.884,100.0,9.373,0.0,24,0.0
DSM,2026-01-06,18,2026-01-05,18,24,7.882,0.0,17.931,0.0,24,0.0
DSM,2026-01-07,18,2026-01-06,18,24,11.365,0.0,19.953,0.0,24,0.0
DSM,2026-01-08,18,2026-01-07,18,24,5.933,100.0,11.839,4.556,24,0.1898
DSM,2026-01-09,18,2026-01-08,18,24,4.208,0.0,12.69,24.946,24,1.0394
DSM,2026-01-10,18,2026-01-09,18,24,1.572,100.0,13.243,0.989,24,0.0412
DSM,2026-01-11,18,2026-01-10,18,24,-0.671,97.938,9.899,0.033,24,0.0014
DSM,2026-01-12,18,2026-01-11,18,24,7.904,100.0,13.724,0.0,24,0.0
DSM,2026-01-13,18,2026-01-12,18,24,9.021,100.0,22.282,0.0,24,0.0
DSM,2026-01-14,18,2026-01-13,18,24,-2.962,2.656,31.689,0.0,24,0.0
DSM,2026-01-15,18,2026-01-14,18,24,-0.302,99.264,20.559,0.0,24,0.0
DSM,2026-01-16,18,2026-01-15,18,24,0.338,72.973,32.692,0.143,24,0.006
DSM,2026-01-17,18,2026-01-16,18,24,-10.638,100.0,30.31,0.816,24,0.034
DSM,2026-01-18,18,2026-01-17,18,24,-3.741,90.033,24.387,0.125,24,0.0052
DSM,2026-01-19,18,2026-01-18,18,24,-12.022,2.336,20.839,0.041,24,0.0017
DSM,2026-01-20,18,2026-01-19,18,24,-6.861,100.0,6.455,0.0,24,0.0
DSM,2026-01-21,18,2026-01-20,18,24,0.463,2.256,26.926,0.735,24,0.0306
DSM,2026-01-22,18,2026-01-21,18,24,-0.844,89.843,29.051,0.0,24,0.0
DSM,2026-01-23,18,2026-01-22,18,24,-19.618,100.0,17.685,0.0,24,0.0
DSM,2026-01-24,18,2026-01-23,18,24,-16.425,100.0,6.769,0.0,24,0.0
DSM,2026-01-25,18,2026-01-24,18,24,-12.166,88.778,16.991,0.0,24,0.0
DSM,2026-01-26,18,2026-01-25,18,24,-10.694,5.0,19.559,0.0,24,0.0
DSM,2026-01-27,18,2026-01-26,18,24,-7.351,0.006,22.715,0.0,24,0.0
DSM,2026-01-28,18,2026-01-27,18,24,-5.155,84.995,15.523,0.0,24,0.0
DSM,2026-01-29,18,2026-01-28,18,24,-9.132,100.0,7.77,0.0,24,0.0
DSM,2026-01-30,18,2026-01-29,18,24,-11.131,100.0,20.967,0.0,24,0.0
DSM,2026-01-31,18,2026-01-30,18,24,-8.452,0.0,6.887,0.0,24,0.0
DSM,2026-02-01,18,2026-01-31,18,24,-3.017,99.545,15.655,1.258,24,0.0524
DSM,2026-02-02,18,2026-02-01,18,24,-0.306,100.0,4.198,0.0,24,0.0
DSM,2026-02-03,18,2026-02-02,18,24,-1.9,5.0,11.584,0.0,24,0.0
DSM,2026-02-04,18,2026-02-03,18,24,-0.979,40.229,5.232,0.0,24,0.0
DSM,2026-02-05,18,2026-02-04,18,24,6.283,100.0,21.215,0.0,24,0.0
DSM,2026-02-06,18,2026-02-05,18,24,4.014,70.938,29.853,0.0,24,0.0
DSM,2026-02-07,18,2026-02-06,18,24,1.059,55.094,17.408,0.0,24,0.0
DSM,2026-02-08,18,2026-02-07,18,24,4.672,92.749,11.574,0.0,24,0.0
DSM,2026-02-09,18,2026-02-08,18,24,9.632,100.0,20.939,0.0,24,0.0
DSM,2026-02-10,18,2026-02-09,18,24,6.351,99.625,22.736,0.0,24,0.0
DSM,2026-02-11,18,2026-02-10,18,24,6.453,4.917,8.046,0.0,24,0.0
DSM,2026-02-12,18,2026-02-11,18,24,8.733,99.389,16.919,0.242,24,0.0101
DSM,2026-02-13,18,2026-02-12,18,24,10.608,0.141,6.265,0.0,24,0.0
DSM,2026-02-14,18,2026-02-13,18,24,10.151,100.0,10.634,0.0,24,0.0
DSM,2026-02-15,18,2026-02-14,18,24,14.098,3.194,9.57,0.0,24,0.0
DSM,2026-02-16,18,2026-02-15,18,24,15.926,100.0,19.518,0.0,24,0.0
DSM,2026-02-17,18,2026-02-16,18,24,16.427,26.106,32.188,0.0,24,0.0
DSM,2026-02-18,18,2026-02-17,18,24,15.204,4.661,32.256,0.317,24,0.0132
DSM,2026-02-19,18,2026-02-18,18,24,7.163,100.0,22.386,0.0,24,0.0
DSM,2026-02-20,18,2026-02-19,18,24,-4.872,94.942,23.284,16.938,24,0.7058
DSM,2026-02-21,18,2026-02-20,18,24,-4.974,100.0,16.544,0.0,24,0.0
DSM,2026-02-22,18,2026-02-21,18,24,-7.261,99.412,29.249,0.0,24,0.0
DSM,2026-02-23,18,2026-02-22,18,24,-7.927,5.0,3.221,0.0,24,0.0
DSM,2026-02-24,18,2026-02-23,18,24,3.57,100.0,15.297,0.0,24,0.0
DSM,2026-02-25,18,2026-02-24,18,24,2.032,74.517,9.182,0.0,24,0.0
DSM,2026-02-26,18,2026-02-25,18,24,8.18,0.416,18.321,0.847,24,0.0353
DSM,2026-02-27,18,2026-02-26,18,24,15.81,3.404,23.92,0.0,24,0.0
DSM,2026-02-28,18,2026-02-27,18,24,3.806,4.065,19.143,0.0,24,0.0
DSM,2026-03-01,18,2026-02-28,18,24,-0.502,100.0,15.217,0.029,24,0.0012
DSM,2026-03-02,18,2026-03-01,18,24,5.774,100.0,16.43,0.011,24,0.0005
DSM,2026-03-03,18,2026-03-02,18,24,5.416,100.0,8.8,0.026,24,0.0011
DSM,2026-03-04,18,2026-03-03,18,24,9.665,99.38,11.493,0.0,24,0.0
DSM,2026-03-05,18,2026-03-04,18,24,13.087,33.668,7.565,0.732,24,0.0305
DSM,2026-03-06,18,2026-03-05,18,24,19.241,100.0,30.188,9.704,24,0.4043
DSM,2026-03-07,18,2026-03-06,18,24,7.136,37.204,25.362,5.684,24,0.2368
DSM,2026-03-08,18,2026-03-07,18,24,15.061,0.547,21.298,0.0,24,0.0
DSM,2026-03-09,18,2026-03-08,18,24,19.1,0.0,15.497,0.0,24,0.0
DSM,2026-03-10,18,2026-03-09,18,24,19.111,0.0,14.402,0.0,24,0.0
DSM,2026-03-11,18,2026-03-10,18,24,4.84,55.123,33.288,1.026,24,0.0428
DSM,2026-03-12,18,2026-03-11,18,24,7.361,100.0,28.035,0.062,24,0.0026
DSM,2026-03-13,18,2026-03-12,18,24,6.787,76.341,28.922,0.12,24,0.005
DSM,2026-03-14,18,2026-03-13,18,24,8.53,100.0,26.457,0.438,24,0.0182
DSM,2026-03-15,18,2026-03-14,18,24,1.245,100.0,40.364,5.51,24,0.2296
DSM,2026-03-16,18,2026-03-15,18,24,-8.56,100.0,34.665,3.411,24,0.1421
DSM,2026-03-17,18,2026-03-16,18,24,-5.497,100.0,15.118,0.0,24,0.0
DSM,2026-03-18,18,2026-03-17,18,24,10.238,97.235,7.607,0.603,24,0.0251
DSM,2026-03-19,18,2026-03-18,18,24,14.296,4.983,8.717,0.0,24,0.0
DSM,2026-03-20,18,2026-03-19,18,24,22.918,37.246,10.992,0.0,24,0.0
DSM,2026-03-21,18,2026-03-20,18,24,26.586,2.59,23.702,0.0,24,0.0
DSM,2026-03-22,18,2026-03-21,18,24,11.929,100.0,35.325,0.0,24,0.0
DSM,2026-03-23,18,2026-03-22,18,24,8.271,100.0,12.875,0.0,24,0.0
DSM,2026-03-24,18,2026-03-23,18,24,10.626,100.0,13.693,0.055,24,0.0023
DSM,2026-03-25,18,2026-03-24,18,24,22.152,96.06,22.277,0.0,24,0.0
DSM,2026-03-26,18,2026-03-25,18,24,22.034,85.33,26.044,0.0,24,0.0
DSM,2026-03-27,18,2026-03-26,18,24,8.105,1.596,26.965,0.0,24,0.0
DSM,2026-03-28,18,2026-03-27,18,24,10.575,4.962,30.788,0.0,24,0.0
DSM,2026-03-29,18,2026-03-28,18,24,16.893,100.0,27.242,0.0,24,0.0
DSM,2026-03-30,18,2026-03-29,18,24,25.877,5.0,19.628,0.026,24,0.0011
DSM,2026-03-31,18,2026-03-30,18,24,13.046,96.634,24.791,10.355,24,0.4315
DSM,2026-04-01,18,2026-03-31,18,24,8.825,100.0,24.083,0.0,24,0.0
DSM,2026-04-02,18,2026-04-01,18,24,20.307,11.177,29.398,19.109,24,0.7962
DSM,2026-04-03,18,2026-04-02,18,24,11.218,100.0,18.757,3.331,24,0.1388
DSM,2026-04-04,18,2026-04-03,18,24,6.378,83.482,34.041,13.784,24,0.5743
DSM,2026-04-05,18,2026-04-04,18,24,10.344,4.284,20.156,0.0,24,0.0
DSM,2026-04-06,18,2026-04-05,18,24,7.917,100.0,17.2,0.029,24,0.0012
DSM,2026-04-07,18,2026-04-06,18,24,3.114,100.0,20.815,5.009,24,0.2087
DSM,2026-04-08,18,2026-04-07,18,24,18.82,4.661,39.84,0.768,24,0.032
DSM,2026-04-09,18,2026-04-08,18,24,15.381,100.0,5.519,0.254,24,0.0106
DSM,2026-04-10,18,2026-04-09,18,24,11.706,5.0,15.129,15.871,24,0.6613
DSM,2026-04-11,18,2026-04-10,18,24,10.623,100.0,23.877,0.434,24,0.0181
DSM,2026-04-12,18,2026-04-11,18,24,18.665,100.0,22.32,12.035,24,0.5015
DSM,2026-04-13,18,2026-04-12,18,24,24.172,100.0,29.921,0.935,24,0.039
DSM,2026-04-14,18,2026-04-13,18,24,26.113,1.252,26.056,0.395,24,0.0165
DSM,2026-04-15,18,2026-04-14,18,24,21.703,100.0,20.884,6.432,24,0.268
DSM,2026-04-16,18,2026-04-15,18,24,23.55,0.0,18.329,4.17,24,0.1737
DSM,2026-04-17,18,2026-04-16,18,24,25.96,99.421,34.429,0.037,24,0.0015
DSM,2026-04-18,18,2026-04-17,18,24,9.364,0.0,30.542,1.491,24,0.0621
DSM,2026-04-19,18,2026-04-18,18,24,12.838,5.0,23.77,0.0,24,0.0
DSM,2026-04-20,18,2026-04-19,18,24,14.423,0.0,23.539,0.0,24,0.0
DSM,2026-04-21,18,2026-04-20,18,24,24.425,5.044,20.739,0.0,24,0.0
DSM,2026-04-22,18,2026-04-21,18,24,24.295,6.753,22.642,0.165,24,0.0069
DSM,2026-04-23,18,2026-04-22,18,24,18.007,100.0,26.421,8.019,24,0.3341
DSM,2026-04-24,18,2026-04-23,18,24,16.88,0.0,17.49,6.733,24,0.2806
DSM,2026-04-25,18,2026-04-24,18,24,17.967,100.0,12.586,0.0,24,0.0
DSM,2026-04-26,18,2026-04-25,18,24,14.756,100.0,15.963,0.438,24,0.0182
DSM,2026-04-27,18,2026-04-26,18,24,19.267,94.302,17.377,72.55,24,3.0229
DSM,2026-04-28,18,2026-04-27,18,24,12.551,99.959,9.152,0.118,24,0.0049
DSM,2026-04-29,18,2026-04-28,18,24,12.725,100.0,15.206,0.776,24,0.0323
DSM,2026-04-30,18,2026-04-29,18,24,7.888,94.875,18.109,0.636,24,0.0265
DSM,2026-05-01,18,2026-04-30,18,24,13.177,99.724,19.29,0.121,24,0.005
DSM,2026-05-02,18,2026-05-01,18,24,13.634,5.0,11.567,0.821,24,0.0342
DSM,2026-05-03,18,2026-05-02,18,24,16.812,100.0,16.604,0.0,24,0.0
DSM,2026-05-04,18,2026-05-03,18,24,23.748,4.314,20.784,0.0,24,0.0
DSM,2026-05-05,18,2026-05-04,18,24,14.521,100.0,14.499,0.092,24,0.0038
DSM,2026-05-06,18,2026-05-05,18,24,12.203,100.0,15.342,0.0,24,0.0
DSM,2026-05-07,18,2026-05-06,18,24,17.274,99.628,23.938,0.953,24,0.0397
DSM,2026-05-08,18,2026-05-07,18,24,19.698,7.528,2.458,0.11,24,0.0046
DSM,2026-05-09,18,2026-05-08,18,24,23.198,94.239,25.242,0.0,24,0.0
DSM,2026-05-10,18,2026-05-09,18,24,18.191,20.674,12.37,0.0,24,0.0
DSM,2026-05-11,18,2026-05-10,18,24,18.608,14.266,9.906,0.0,24,0.0
DSM,2026-05-12,18,2026-05-11,18,24,24.287,25.617,26.619,0.493,24,0.0205
DSM,2026-05-13,18,2026-05-12,18,24,20.631,1.172,19.366,0.0,24,0.0
DSM,2026-05-14,18,2026-05-13,18,24,21.551,99.975,28.424,0.0,24,0.0
DSM,2026-05-15,18,2026-05-14,18,24,25.201,43.309,17.537,3.805,24,0.1586
DSM,2026-05-16,18,2026-05-15,18,24,24.646,80.175,14.044,16.321,24,0.6801
DSM,2026-05-17,18,2026-05-16,18,24,24.141,96.154,32.568,42.559,24,1.7733
DSM,2026-05-18,18,2026-05-17,18,24,23.695,88.386,25.572,34.891,24,1.4538
DSM,2026-05-19,18,2026-05-18,18,24,12.97,86.708,26.076,49.619,24,2.0675
DSM,2026-05-20,18,2026-05-19,18,24,14.786,42.016,14.687,0.0,24,0.0
DSM,2026-05-21,18,2026-05-20,18,24,10.024,100.0,15.966,0.0,24,0.0
DSM,2026-05-22,18,2026-05-21,18,24,17.423,100.0,23.98,0.563,24,0.0235
DSM,2026-05-23,18,2026-05-22,18,24,21.255,100.0,14.663,1.25,24,0.0521
DSM,2026-05-24,18,2026-05-23,18,24,24.063,0.0,19.416,0.0,24,0.0
DSM,2026-05-25,18,2026-05-24,18,24,24.99,2.814,27.056,0.008,24,0.0003
DSM,2026-05-26,18,2026-05-25,18,24,25.813,1.036,15.663,0.0,24,0.0
DSM,2026-05-27,18,2026-05-26,18,24,27.618,1.606,4.694,0.0,24,0.0
DSM,2026-05-28,18,2026-05-27,18,24,24.069,100.0,19.255,0.0,24,0.0
DSM,2026-05-29,18,2026-05-28,18,24,22.913,100.0,13.26,1.257,24,0.0524
DSM,2026-05-30,18,2026-05-29,18,24,20.44,100.0,21.08,2.704,24,0.1127
DSM,2026-05-31,18,2026-05-30,18,24,21.132,100.0,18.384,5.32,24,0.2217
DSM,2026-06-01,18,2026-05-31,18,24,26.191,8.956,11.397,9.292,24,0.3872
DSM,2026-06-02,18,2026-06-01,18,24,23.411,21.716,19.169,0.029,24,0.0012
DSM,2026-06-03,18,2026-06-02,18,24,24.228,44.795,22.367,0.0,24,0.0
DSM,2026-06-04,18,2026-06-03,18,24,25.844,78.612,22.296,0.582,24,0.0243
DSM,2026-06-05,18,2026-06-04,18,24,25.136,99.011,9.839,37.876,24,1.5781
DSM,2026-06-06,18,2026-06-05,18,24,28.507,100.0,6.428,4.78,24,0.1991
DSM,2026-06-07,18,2026-06-06,18,24,24.178,100.0,18.71,2.498,24,0.1041
DSM,2026-06-08,18,2026-06-07,18,24,24.966,83.541,7.417,4.286,24,0.1786
DSM,2026-06-09,18,2026-06-08,18,24,29.889,85.257,18.267,0.577,24,0.0241
DSM,2026-06-10,18,2026-06-09,18,24,28.523,31.867,30.861,1.027,24,0.0428
DSM,2026-06-11,18,2026-06-10,18,24,26.678,29.035,31.347,11.529,24,0.4804
DSM,2026-06-12,18,2026-06-11,18,24,24.798,0.0,16.432,0.052,24,0.0022
DSM,2026-06-13,18,2026-06-12,18,24,24.191,97.938,6.705,0.192,24,0.008
DSM,2026-06-14,18,2026-06-13,18,24,18.632,0.0,25.859,4.41,24,0.1837
DSM,2026-06-15,18,2026-06-14,18,24,22.367,99.944,14.815,0.0,24,0.0
DSM,2026-06-16,18,2026-06-15,18,24,20.623,8.256,25.835,0.007,24,0.0003
DSM,2026-06-17,18,2026-06-16,18,24,28.211,3.525,28.623,5.897,24,0.2457
DSM,2026-06-18,18,2026-06-17,18,24,20.983,100.0,15.22,0.121,24,0.005
DSM,2026-06-19,18,2026-06-18,18,24,23.716,71.698,13.223,0.454,24,0.0189
DSM,2026-06-20,18,2026-06-19,18,24,24.965,36.459,4.335,1.404,24,0.0585
DSM,2026-06-21,18,2026-06-20,18,24,16.449,93.796,23.887,36.763,24,1.5318
DSM,2026-06-22,18,2026-06-21,18,24,22.252,41.022,7.092,0.206,24,0.0086
DSM,2026-06-23,18,2026-06-22,18,24,23.627,100.0,13.932,0.026,24,0.0011
DSM,2026-06-24,18,2026-06-23,18,24,26.682,0.0,15.541,0.381,24,0.0159
DSM,2026-06-25,18,2026-06-24,18,24,20.277,89.245,2.8,0.0,24,0.0
DSM,2026-06-26,18,2026-06-25,18,24,17.615,99.852,15.55,1.314,24,0.0547
DSM,2026-06-27,18,2026-06-26,18,24,24.643,98.333,21.689,0.121,24,0.0051
DSM,2026-06-28,18,2026-06-27,18,24,29.925,26.666,29.223,0.128,24,0.0054
DSM,2026-06-29,18,2026-06-28,18,24,31.253,0.0,34.021,0.161,24,0.0067
DSM,2026-06-30,18,2026-06-29,18,24,30.672,6.836,29.198,0.897,24,0.0374
DSM,2026-07-01,18,2026-06-30,18,24,30.677,83.444,26.682,5.852,24,0.2438
DSM,2026-07-02,18,2026-07-01,18,24,31.324,52.236,24.547,6.46,24,0.2692
DSM,2026-07-03,18,2026-07-02,18,24,30.054,90.301,15.329,12.769,24,0.532
DSM,2026-07-04,18,2026-07-03,18,24,27.406,100.0,7.9,7.798,24,0.3249
DSM,2026-07-05,18,2026-07-04,18,24,28.431,34.511,10.483,6.468,24,0.2695
DSM,2026-07-06,18,2026-07-05,18,24,27.374,9.899,10.115,0.864,24,0.036
DSM,2026-07-07,18,2026-07-06,18,24,28.885,24.936,4.232,0.258,24,0.0107
DSM,2026-07-08,18,2026-07-07,18,24,28.739,72.254,15.515,0.007,24,0.0003
DSM,2026-07-09,18,2026-07-08,18,24,27.626,96.024,10.561,17.075,24,0.7114
DSM,2026-07-10,18,2026-07-09,18,24,26.025,100.0,6.606,0.445,24,0.0185
DSM,2026-07-11,18,2026-07-10,18,24,27.621,13.756,15.183,2.386,24,0.0994
DSM,2026-07-12,18,2026-07-11,18,24,27.256,0.0,8.413,0.0,24,0.0
DSM,2026-07-13,18,2026-07-12,18,24,28.818,0.0,7.974,0.0,24,0.0
DSM,2026-07-14,18,2026-07-13,18,24,30.306,0.0,8.739,0.0,24,0.0
DSM,2026-07-15,18,2026-07-14,18,24,30.853,0.0,7.832,0.0,24,0.0
DSM,2026-07-16,18,2026-07-15,18,24,30.963,2.812,8.272,0.099,24,0.0041
DSM,2026-07-17,18,2026-07-16,18,24,32.079,0.0,16.442,0.023,24,0.0009
DSM,2026-07-18,18,2026-07-17,18,24,33.635,0.167,9.203,0.0,24,0.0
DSM,2026-07-19,18,2026-07-18,18,24,28.561,2.624,12.764,0.565,24,0.0235
DSM,2026-07-20,18,2026-07-19,18,24,33.926,2.376,20.626,1.231,24,0.0513
DSM,2026-07-21,18,2026-07-20,18,24,28.118,28.229,26.839,2.163,24,0.0901
DSM,2026-07-22,18,2026-07-21,18,24,23.777,100.0,9.486,0.0,24,0.0
DSM,2026-07-23,18,2026-07-22,18,24,24.033,97.824,12.127,0.066,24,0.0027
DSM,2026-07-24,18,2026-07-23,18,24,19.506,99.44,14.683,0.213,24,0.0089
DSM,2026-07-25,18,2026-07-24,18,24,33.404,99.622,10.281,0.033,24,0.0014
DSM,2026-07-26,18,2026-07-25,18,24,40.309,34.908,21.744,0.0,24,0.0
DSM,2026-07-27,18,2026-07-26,18,24,39.633,12.769,8.445,1.262,24,0.0526
DSM,2026-07-28,18,2026-07-27,18,24,28.862,100.0,18.461,0.0,24,0.0
DSM,2026-07-29,18,2026-07-28,18,24,30.854,1.037,16.932,0.0,24,0.0
DSM,2026-07-30,18,2026-07-29,18,24,29.919,100.0,17.3,0.0,24,0.0
DSM,2026-07-31,18,2026-07-30,18,24,25.883,53.141,12.282,22.815,24,0.9506
YSDU,2025-08-01,2,2025-07-31,0,26,14.327,22.572,16.802,0.607,26,0.0233
YSDU,2025-08-02,2,2025-08-01,0,26,12.804,89.191,24.057,4.367,26,0.168
YSDU,2025-08-03,2,2025-08-02,0,26,17.948,14.31,27.619,0.497,26,0.0191
YSDU,2025-08-04,2,2025-08-03,0,26,18.097,86.666,15.844,0.0,26,0.0
YSDU,2025-08-05,2,2025-08-04,0,26,16.105,1.512,10.632,0.0,26,0.0
YSDU,2025-08-06,2,2025-08-05,0,26,14.775,82.348,14.32,0.133,26,0.0051
YSDU,2025-08-07,2,2025-08-06,0,26,16.508,23.928,20.071,0.0,26,0.0
YSDU,2025-08-08,2,2025-08-07,0,26,13.974,100.0,24.996,0.066,26,0.0026
YSDU,2025-08-09,2,2025-08-08,0,26,17.4,43.24,25.129,0.056,26,0.0022
YSDU,2025-08-10,2,2025-08-09,0,26,16.628,45.11,15.229,0.002,26,0.0001
YSDU,2025-08-11,2,2025-08-10,0,26,16.764,0.0,13.759,0.0,26,0.0
YSDU,2025-08-12,2,2025-08-11,0,26,17.409,5.0,5.302,0.0,26,0.0
YSDU,2025-08-13,2,2025-08-12,0,26,12.952,99.215,1.444,0.458,26,0.0176
YSDU,2025-08-14,2,2025-08-13,0,26,16.82,8.831,14.201,0.15,26,0.0058
YSDU,2025-08-15,2,2025-08-14,0,26,17.157,94.274,1.612,0.0,26,0.0
YSDU,2025-08-16,2,2025-08-15,0,26,9.235,70.429,9.774,0.288,26,0.0111
YSDU,2025-08-17,2,2025-08-16,0,26,12.395,5.0,12.673,1.364,26,0.0525
YSDU,2025-08-18,2,2025-08-17,0,26,13.726,13.324,7.788,0.0,26,0.0
YSDU,2025-08-19,2,2025-08-18,0,26,16.566,51.747,23.535,0.28,26,0.0108
YSDU,2025-08-20,2,2025-08-19,0,26,10.933,100.0,20.893,3.791,26,0.1458
YSDU,2025-08-21,2,2025-08-20,0,26,15.045,25.678,13.317,21.251,26,0.8174
YSDU,2025-08-22,2,2025-08-21,0,26,16.32,18.403,6.462,0.911,26,0.035
YSDU,2025-08-23,2,2025-08-22,0,26,18.509,77.048,14.292,0.0,26,0.0
YSDU,2025-08-24,2,2025-08-23,0,26,16.994,0.0,13.03,0.0,26,0.0
YSDU,2025-08-25,2,2025-08-24,0,26,18.349,0.0,2.346,0.0,26,0.0
YSDU,2025-08-26,2,2025-08-25,0,26,20.792,4.572,20.946,0.0,26,0.0
YSDU,2025-08-27,2,2025-08-26,0,26,13.855,100.0,24.414,0.175,26,0.0067
YSDU,2025-08-28,2,2025-08-27,0,26,14.86,10.571,20.645,1.847,26,0.071
YSDU,2025-08-29,2,2025-08-28,0,26,16.839,98.284,30.913,0.069,26,0.0026
YSDU,2025-08-30,2,2025-08-29,0,26,8.468,86.523,31.202,1.157,26,0.0445
YSDU,2025-08-31,2,2025-08-30,0,26,15.989,0.0,6.431,0.0,26,0.0
YSDU,2025-09-01,2,2025-08-31,0,26,16.972,50.943,6.957,0.0,26,0.0
YSDU,2025-09-02,2,2025-09-01,0,26,17.408,3.395,7.965,0.0,26,0.0
YSDU,2025-09-03,2,2025-09-02,0,26,17.621,5.086,8.416,0.0,26,0.0
YSDU,2025-09-04,2,2025-09-03,0,26,20.072,100.0,17.476,0.0,26,0.0
YSDU,2025-09-05,2,2025-09-04,0,26,20.508,54.878,7.032,0.0,26,0.0
YSDU,2025-09-06,2,2025-09-05,0,26,21.103,24.798,13.753,0.0,26,0.0
YSDU,2025-09-07,2,2025-09-06,0,26,21.599,14.691,25.582,0.0,26,0.0
YSDU,2025-09-08,2,2025-09-07,0,26,23.497,55.278,28.064,0.281,26,0.0108
YSDU,2025-09-09,2,2025-09-08,0,26,16.595,100.0,15.637,1.789,26,0.0688
YSDU,2025-09-10,2,2025-09-09,0,26,16.043,81.645,19.028,52.091,26,2.0035
YSDU,2025-09-11,2,2025-09-10,0,26,11.676,100.0,20.302,5.848,26,0.2249
YSDU,2025-09-12,2,2025-09-11,0,26,16.389,2.721,12.474,0.226,26,0.0087
YSDU,2025-09-13,2,2025-09-12,0,26,17.126,0.037,4.516,0.0,26,0.0
YSDU,2025-09-14,2,2025-09-13,0,26,18.903,0.0,9.646,0.0,26,0.0
YSDU,2025-09-15,2,2025-09-14,0,26,22.019,0.0,22.32,0.0,26,0.0
YSDU,2025-09-16,2,2025-09-15,0,26,23.188,100.0,35.628,0.0,26,0.0
YSDU,2025-09-17,2,2025-09-16,0,26,18.479,38.465,11.872,0.44,26,0.0169
YSDU,2025-09-18,2,2025-09-17,0,26,20.136,0.0,1.559,0.0,26,0.0
YSDU,2025-09-19,2,2025-09-18,0,26,22.982,40.897,4.195,0.0,26,0.0
YSDU,2025-09-20,2,2025-09-19,0,26,17.614,4.876,23.898,13.004,26,0.5002
YSDU,2025-09-21,2,2025-09-20,0,26,17.356,0.0,14.328,0.0,26,0.0
YSDU,2025-09-22,2,2025-09-21,0,26,18.473,12.695,18.8,0.0,26,0.0
YSDU,2025-09-23,2,2025-09-22,0,26,16.521,0.488,10.403,0.0,26,0.0
YSDU,2025-09-24,2,2025-09-23,0,26,19.209,99.696,17.477,0.0,26,0.0
YSDU,2025-09-25,2,2025-09-24,0,26,19.273,100.0,16.971,0.0,26,0.0
YSDU,2025-09-26,2,2025-09-25,0,26,24.458,61.581,27.488,0.0,26,0.0
YSDU,2025-09-27,2,2025-09-26,0,26,25.618,100.0,23.473,0.0,26,0.0
YSDU,2025-09-28,2,2025-09-27,0,26,27.446,0.0,20.716,0.0,26,0.0
YSDU,2025-09-29,2,2025-09-28,0,26,23.085,100.0,7.16,0.0,26,0.0
YSDU,2025-09-30,2,2025-09-29,0,26,29.278,36.492,31.658,0.0,26,0.0
YSDU,2025-10-01,2,2025-09-30,0,26,21.671,0.0,23.647,0.008,26,0.0003
YSDU,2025-10-02,2,2025-10-01,0,26,21.249,100.0,30.953,0.0,26,0.0
YSDU,2025-10-03,2,2025-10-02,0,26,19.7,0.0,21.038,0.0,26,0.0
YSDU,2025-10-04,2,2025-10-03,0,26,25.245,0.0,7.539,0.0,26,0.0
YSDU,2025-10-05,2,2025-10-04,0,26,28.053,18.847,16.08,0.0,26,0.0
YSDU,2025-10-06,2,2025-10-05,0,26,29.887,78.481,25.768,0.0,26,0.0
YSDU,2025-10-07,2,2025-10-06,0,26,21.795,97.956,14.98,0.0,26,0.0
YSDU,2025-10-08,2,2025-10-07,0,26,31.348,100.0,30.347,0.069,26,0.0026
YSDU,2025-10-09,2,2025-10-08,0,26,24.695,100.0,23.533,0.17,26,0.0065
YSDU,2025-10-10,2,2025-10-09,0,26,26.954,91.35,17.787,4.089,26,0.1573
YSDU,2025-10-11,2,2025-10-10,0,26,26.989,0.0,18.4,0.0,26,0.0
YSDU,2025-10-12,2,2025-10-11,0,26,27.241,100.0,18.775,0.0,26,0.0
YSDU,2025-10-13,2,2025-10-12,0,26,23.59,0.0,18.43,1.501,26,0.0577
YSDU,2025-10-14,2,2025-10-13,0,26,25.378,0.0,14.607,0.0,26,0.0
YSDU,2025-10-15,2,2025-10-14,0,26,28.251,0.0,8.449,0.0,26,0.0
YSDU,2025-10-16,2,2025-10-15,0,26,30.459,5.0,19.778,0.0,26,0.0
YSDU,2025-10-17,2,2025-10-16,0,26,30.115,37.099,25.051,2.631,26,0.1012
YSDU,2025-10-18,2,2025-10-17,0,26,29.007,1.532,16.182,0.199,26,0.0077
YSDU,2025-10-19,2,2025-10-18,0,26,29.779,3.124,9.963,0.0,26,0.0
YSDU,2025-10-20,2,2025-10-19,0,26,34.124,5.301,24.818,0.0,26,0.0
YSDU,2025-10-21,2,2025-10-20,0,26,37.651,11.166,23.729,0.0,26,0.0
YSDU,2025-10-22,2,2025-10-21,0,26,34.508,96.576,27.205,0.0,26,0.0
YSDU,2025-10-23,2,2025-10-22,0,26,26.191,1.836,6.548,0.811,26,0.0312
YSDU,2025-10-24,2,2025-10-23,0,26,26.244,71.948,21.0,0.0,26,0.0
YSDU,2025-10-25,2,2025-10-24,0,26,27.375,93.684,7.978,0.0,26,0.0
YSDU,2025-10-26,2,2025-10-25,0,26,30.47,100.0,30.195,0.0,26,0.0
YSDU,2025-10-27,2,2025-10-26,0,26,25.915,0.0,21.495,0.006,26,0.0002
YSDU,2025-10-28,2,2025-10-27,0,26,10.875,100.0,23.058,5.705,26,0.2194
YSDU,2025-10-29,2,2025-10-28,0,26,17.454,98.817,6.865,7.713,26,0.2966
YSDU,2025-10-30,2,2025-10-29,0,26,25.547,5.999,3.856,0.025,26,0.001
YSDU,2025-10-31,2,2025-10-30,0,26,29.861,100.0,14.279,0.0,26,0.0
YSDU,2025-11-01,2,2025-10-31,0,26,31.534,19.643,18.383,2.907,26,0.1118
YSDU,2025-11-02,2,2025-11-01,0,26,33.704,0.0,4.477,0.021,26,0.0008
YSDU,2025-11-03,2,2025-11-02,0,26,29.083,100.0,18.026,0.0,26,0.0
YSDU,2025-11-04,2,2025-11-03,0,26,18.898,6.121,34.022,6.104,26,0.2348
YSDU,2025-11-05,2,2025-11-04,0,26,22.839,0.0,16.141,0.0,26,0.0
YSDU,2025-11-06,2,2025-11-05,0,26,29.405,26.464,3.405,0.0,26,0.0
YSDU,2025-11-07,2,2025-11-06,0,26,31.709,95.092,26.967,0.0,26,0.0
YSDU,2025-11-08,2,2025-11-07,0,26,31.876,2.086,27.752,5.911,26,0.2274
YSDU,2025-11-09,2,2025-11-08,0,26,22.115,0.026,17.588,0.0,26,0.0
YSDU,2025-11-10,2,2025-11-09,0,26,24.014,0.026,14.163,0.0,26,0.0
YSDU,2025-11-11,2,2025-11-10,0,26,26.29,54.314,30.635,0.0,26,0.0
YSDU,2025-11-12,2,2025-11-11,0,26,23.14,0.0,17.533,0.0,26,0.0
YSDU,2025-11-13,2,2025-11-12,0,26,28.183,19.923,16.065,0.0,26,0.0
YSDU,2025-11-14,2,2025-11-13,0,26,29.69,100.0,13.832,0.0,26,0.0
YSDU,2025-11-15,2,2025-11-14,0,26,30.469,97.286,25.301,0.12,26,0.0046
YSDU,2025-11-16,2,2025-11-15,0,26,29.717,1.508,26.346,1.323,26,0.0509
YSDU,2025-11-17,2,2025-11-16,0,26,22.802,82.302,28.659,0.0,26,0.0
YSDU,2025-11-18,2,2025-11-17,0,26,26.988,0.0,13.798,0.0,26,0.0
YSDU,2025-11-19,2,2025-11-18,0,26,32.148,1.986,17.619,0.0,26,0.0
YSDU,2025-11-20,2,2025-11-19,0,26,35.162,23.015,23.573,0.0,26,0.0
YSDU,2025-11-21,2,2025-11-20,0,26,30.836,56.616,17.155,0.0,26,0.0
YSDU,2025-11-22,2,2025-11-21,0,26,22.579,100.0,13.891,4.406,26,0.1695
YSDU,2025-11-23,2,2025-11-22,0,26,32.554,4.381,16.067,8.657,26,0.333
YSDU,2025-11-24,2,2025-11-23,0,26,34.771,0.0,9.054,0.039,26,0.0015
YSDU,2025-11-25,2,2025-11-24,0,26,36.287,96.952,27.134,0.984,26,0.0379
YSDU,2025-11-26,2,2025-11-25,0,26,32.475,60.621,22.1,2.572,26,0.0989
YSDU,2025-11-27,2,2025-11-26,0,26,29.326,35.062,25.51,0.296,26,0.0114
YSDU,2025-11-28,2,2025-11-27,0,26,30.73,91.581,12.441,0.0,26,0.0
YSDU,2025-11-29,2,2025-11-28,0,26,24.454,99.38,35.334,0.532,26,0.0205
YSDU,2025-11-30,2,2025-11-29,0,26,26.335,4.932,30.842,0.021,26,0.0008
YSDU,2025-12-01,2,2025-11-30,0,26,20.417,100.0,26.69,0.0,26,0.0
YSDU,2025-12-02,2,2025-12-01,0,26,21.251,0.0,23.117,2.783,26,0.107
YSDU,2025-12-03,2,2025-12-02,0,26,27.333,0.0,8.432,0.0,26,0.0
YSDU,2025-12-04,2,2025-12-03,0,26,31.488,55.088,17.038,0.0,26,0.0
YSDU,2025-12-05,2,2025-12-04,0,26,35.529,3.265,21.124,0.0,26,0.0
YSDU,2025-12-06,2,2025-12-05,0,26,38.585,5.0,32.411,0.0,26,0.0
YSDU,2025-12-07,2,2025-12-06,0,26,26.502,100.0,15.277,0.492,26,0.0189
YSDU,2025-12-08,2,2025-12-07,0,26,31.367,45.418,13.273,0.0,26,0.0
YSDU,2025-12-09,2,2025-12-08,0,26,35.739,34.251,11.384,0.0,26,0.0
YSDU,2025-12-10,2,2025-12-09,0,26,35.889,100.0,7.198,0.0,26,0.0
YSDU,2025-12-11,2,2025-12-10,0,26,31.58,66.659,21.968,1.292,26,0.0497
YSDU,2025-12-12,2,2025-12-11,0,26,26.483,98.207,7.282,16.331,26,0.6281
YSDU,2025-12-13,2,2025-12-12,0,26,29.809,100.0,11.788,0.578,26,0.0222
YSDU,2025-12-14,2,2025-12-13,0,26,28.931,35.744,17.032,7.285,26,0.2802
YSDU,2025-12-15,2,2025-12-14,0,26,29.214,0.0,16.376,0.0,26,0.0
YSDU,2025-12-16,2,2025-12-15,0,26,29.64,0.0,13.458,0.0,26,0.0
YSDU,2025-12-17,2,2025-12-16,0,26,31.007,0.507,9.279,0.0,26,0.0
YSDU,2025-12-18,2,2025-12-17,0,26,36.452,8.853,10.568,0.0,26,0.0
YSDU,2025-12-19,2,2025-12-18,0,26,37.022,46.804,18.643,0.0,26,0.0
YSDU,2025-12-20,2,2025-12-19,0,26,38.773,65.59,18.488,0.588,26,0.0226
YSDU,2025-12-21,2,2025-12-20,0,26,40.061,33.417,29.291,0.004,26,0.0001
YSDU,2025-12-22,2,2025-12-21,0,26,31.639,95.683,17.062,1.45,26,0.0558
YSDU,2025-12-23,2,2025-12-22,0,26,30.958,0.0,20.578,0.063,26,0.0024
YSDU,2025-12-24,2,2025-12-23,0,26,31.458,0.0,15.696,0.0,26,0.0
YSDU,2025-12-25,2,2025-12-24,0,26,29.067,0.0,21.533,0.0,26,0.0
YSDU,2025-12-26,2,2025-12-25,0,26,27.24,0.0,11.279,0.0,26,0.0
YSDU,2025-12-27,2,2025-12-26,0,26,27.443,0.0,11.964,0.0,26,0.0
YSDU,2025-12-28,2,2025-12-27,0,26,29.216,0.0,13.805,0.0,26,0.0
YSDU,2025-12-29,2,2025-12-28,0,26,30.92,0.0,12.274,0.0,26,0.0
YSDU,2025-12-30,2,2025-12-29,0,26,33.353,5.059,8.747,0.0,26,0.0
YSDU,2025-12-31,2,2025-12-30,0,26,34.249,100.0,15.593,0.0,26,0.0
YSDU,2026-01-01,2,2025-12-31,0,26,33.012,0.0,9.07,0.489,26,0.0188
YSDU,2026-01-02,2,2026-01-01,0,26,32.06,0.0,12.319,0.0,26,0.0
YSDU,2026-01-03,2,2026-01-02,0,26,34.203,3.063,22.641,0.234,26,0.009
YSDU,2026-01-04,2,2026-01-03,0,26,35.6,99.945,18.84,0.473,26,0.0182
YSDU,2026-01-05,2,2026-01-04,0,26,35.258,82.666,21.522,0.069,26,0.0026
YSDU,2026-01-06,2,2026-01-05,0,26,32.269,0.0,9.318,6.729,26,0.2588
YSDU,2026-01-07,2,2026-01-06,0,26,36.7,0.0,4.034,0.0,26,0.0
YSDU,2026-01-08,2,2026-01-07,0,26,36.256,0.0,12.466,0.0,26,0.0
YSDU,2026-01-09,2,2026-01-08,0,26,35.772,0.0,20.858,0.0,26,0.0
YSDU,2026-01-10,2,2026-01-09,0,26,35.337,0.0,28.619,0.0,26,0.0
YSDU,2026-01-11,2,2026-01-10,0,26,36.463,25.034,4.138,0.0,26,0.0
YSDU,2026-01-12,2,2026-01-11,0,26,26.659,7.102,19.985,0.021,26,0.0008
YSDU,2026-01-13,2,2026-01-12,0,26,30.255,66.433,5.002,1.027,26,0.0395
YSDU,2026-01-14,2,2026-01-13,0,26,33.615,99.827,17.631,1.212,26,0.0466
YSDU,2026-01-15,2,2026-01-14,0,26,36.113,49.463,16.773,7.816,26,0.3006
YSDU,2026-01-16,2,2026-01-15,0,26,33.997,0.0,13.735,0.207,26,0.008
YSDU,2026-01-17,2,2026-01-16,0,26,29.624,0.015,25.277,0.0,26,0.0
YSDU,2026-01-18,2,2026-01-17,0,26,30.85,6.835,25.731,0.0,26,0.0
YSDU,2026-01-19,2,2026-01-18,0,26,29.866,8.17,21.656,0.0,26,0.0
YSDU,2026-01-20,2,2026-01-19,0,26,30.002,30.638,10.912,0.0,26,0.0
YSDU,2026-01-21,2,2026-01-20,0,26,31.176,0.0,8.906,0.0,26,0.0
YSDU,2026-01-22,2,2026-01-21,0,26,33.654,0.0,21.374,0.0,26,0.0
YSDU,2026-01-23,2,2026-01-22,0,26,31.68,0.0,10.779,0.0,26,0.0
YSDU,2026-01-24,2,2026-01-23,0,26,36.371,0.0,16.329,0.0,26,0.0
YSDU,2026-01-25,2,2026-01-24,0,26,40.993,3.321,4.689,0.0,26,0.0
YSDU,2026-01-26,2,2026-01-25,0,26,43.359,11.968,17.872,0.0,26,0.0
YSDU,2026-01-27,2,2026-01-26,0,26,37.457,0.0,13.826,0.0,26,0.0
YSDU,2026-01-28,2,2026-01-27,0,26,41.698,0.0,4.115,0.0,26,0.0
YSDU,2026-01-29,2,2026-01-28,0,26,37.156,0.0,16.332,0.0,26,0.0
YSDU,2026-01-30,2,2026-01-29,0,26,38.235,5.0,5.497,0.0,26,0.0
YSDU,2026-01-31,2,2026-01-30,0,26,41.118,2.98,14.979,0.0,26,0.0
YSDU,2026-02-01,2,2026-01-31,0,26,35.741,99.591,21.792,0.429,26,0.0165
YSDU,2026-02-02,2,2026-02-01,0,26,28.609,0.0,24.916,0.069,26,0.0026
YSDU,2026-02-03,2,2026-02-02,0,26,28.078,100.0,13.292,0.0,26,0.0
YSDU,2026-02-04,2,2026-02-03,0,26,31.173,0.0,13.89,0.0,26,0.0
YSDU,2026-02-05,2,2026-02-04,0,26,35.487,15.163,15.056,0.0,26,0.0
YSDU,2026-02-06,2,2026-02-05,0,26,35.805,74.147,18.56,1.941,26,0.0747
YSDU,2026-02-07,2,2026-02-06,0,26,32.69,100.0,11.196,0.046,26,0.0018
YSDU,2026-02-08,2,2026-02-07,0,26,25.13,100.0,11.975,4.505,26,0.1733
YSDU,2026-02-09,2,2026-02-08,0,26,20.124,100.0,12.259,10.237,26,0.3937
YSDU,2026-02-10,2,2026-02-09,0,26,31.818,0.037,5.842,1.015,26,0.039
YSDU,2026-02-11,2,2026-02-10,0,26,34.44,99.549,11.614,0.0,26,0.0
YSDU,2026-02-12,2,2026-02-11,0,26,32.842,98.319,9.245,0.0,26,0.0
YSDU,2026-02-13,2,2026-02-12,0,26,27.883,20.968,21.683,0.0,26,0.0
YSDU,2026-02-14,2,2026-02-13,0,26,28.593,0.428,22.365,0.0,26,0.0
YSDU,2026-02-15,2,2026-02-14,0,26,28.173,0.067,16.495,0.0,26,0.0
YSDU,2026-02-16,2,2026-02-15,0,26,28.003,0.0,17.648,0.0,26,0.0
YSDU,2026-02-17,2,2026-02-16,0,26,30.279,0.548,15.328,0.0,26,0.0
YSDU,2026-02-18,2,2026-02-17,0,26,31.132,100.0,20.2,0.0,26,0.0
YSDU,2026-02-19,2,2026-02-18,0,26,35.488,2.469,13.59,0.754,26,0.029
YSDU,2026-02-20,2,2026-02-19,0,26,35.117,0.015,10.05,0.0,26,0.0
YSDU,2026-02-21,2,2026-02-20,0,26,33.946,62.01,14.673,0.752,26,0.0289
YSDU,2026-02-22,2,2026-02-21,0,26,34.419,98.643,22.409,2.41,26,0.0927
YSDU,2026-02-23,2,2026-02-22,0,26,28.558,99.119,15.985,0.0,26,0.0
YSDU,2026-02-24,2,2026-02-23,0,26,33.202,44.858,14.588,0.0,26,0.0
YSDU,2026-02-25,2,2026-02-24,0,26,31.114,96.413,10.576,0.073,26,0.0028
YSDU,2026-02-26,2,2026-02-25,0,26,32.011,79.228,25.746,0.482,26,0.0185
YSDU,2026-02-27,2,2026-02-26,0,26,31.251,11.419,26.484,0.085,26,0.0033
YSDU,2026-02-28,2,2026-02-27,0,26,30.708,8.17,20.386,0.0,26,0.0
YSDU,2026-03-01,2,2026-02-28,0,26,30.558,59.365,16.341,0.0,26,0.0
YSDU,2026-03-02,2,2026-03-01,0,26,32.267,38.972,23.925,0.0,26,0.0
YSDU,2026-03-03,2,2026-03-02,0,26,24.326,97.938,13.838,4.508,26,0.1734
YSDU,2026-03-04,2,2026-03-03,0,26,32.034,48.302,17.898,0.896,26,0.0345
YSDU,2026-03-05,2,2026-03-04,0,26,33.76,70.945,15.659,0.0,26,0.0
YSDU,2026-03-06,2,2026-03-05,0,26,34.375,0.304,8.048,0.473,26,0.0182
YSDU,2026-03-07,2,2026-03-06,0,26,32.324,44.017,9.798,1.904,26,0.0732
YSDU,2026-03-08,2,2026-03-07,0,26,30.707,5.168,16.717,4.595,26,0.1767
YSDU,2026-03-09,2,2026-03-08,0,26,29.459,74.486,18.003,0.0,26,0.0
YSDU,2026-03-10,2,2026-03-09,0,26,29.868,0.0,10.722,0.0,26,0.0
YSDU,2026-03-11,2,2026-03-10,0,26,32.925,0.0,19.57,0.0,26,0.0
YSDU,2026-03-12,2,2026-03-11,0,26,29.794,0.0,16.426,0.0,26,0.0
YSDU,2026-03-13,2,2026-03-12,0,26,28.688,0.0,14.252,0.0,26,0.0
YSDU,2026-03-14,2,2026-03-13,0,26,27.572,0.0,14.669,0.0,26,0.0
YSDU,2026-03-15,2,2026-03-14,0,26,29.078,13.025,11.379,0.0,26,0.0
YSDU,2026-03-16,2,2026-03-15,0,26,31.18,100.0,14.969,0.0,26,0.0
YSDU,2026-03-17,2,2026-03-16,0,26,26.726,100.0,13.36,0.0,26,0.0
YSDU,2026-03-18,2,2026-03-17,0,26,30.231,70.093,15.892,0.0,26,0.0
YSDU,2026-03-19,2,2026-03-18,0,26,19.894,100.0,9.576,5.753,26,0.2213
YSDU,2026-03-20,2,2026-03-19,0,26,28.479,26.28,11.113,0.072,26,0.0028
YSDU,2026-03-21,2,2026-03-20,0,26,30.017,50.893,5.322,0.0,26,0.0
YSDU,2026-03-22,2,2026-03-21,0,26,27.863,0.0,14.378,2.344,26,0.0902
YSDU,2026-03-23,2,2026-03-22,0,26,27.704,1.254,11.162,0.0,26,0.0
YSDU,2026-03-24,2,2026-03-23,0,26,29.497,1.563,4.57,0.0,26,0.0
YSDU,2026-03-25,2,2026-03-24,0,26,30.404,4.963,9.059,0.0,26,0.0
YSDU,2026-03-26,2,2026-03-25,0,26,30.046,77.28,17.092,0.0,26,0.0
YSDU,2026-03-27,2,2026-03-26,0,26,12.29,94.565,25.727,3.499,26,0.1346
YSDU,2026-03-28,2,2026-03-27,0,26,20.018,0.0,11.761,0.006,26,0.0002
YSDU,2026-03-29,2,2026-03-28,0,26,24.861,0.0,12.016,0.0,26,0.0
YSDU,2026-03-30,2,2026-03-29,0,26,26.398,0.0,7.523,0.0,26,0.0
YSDU,2026-03-31,2,2026-03-30,0,26,27.339,34.415,7.836,0.0,26,0.0
YSDU,2026-04-01,2,2026-03-31,0,26,29.147,0.0,7.324,0.0,26,0.0
YSDU,2026-04-02,2,2026-04-01,0,26,30.914,5.093,1.646,0.0,26,0.0
YSDU,2026-04-03,2,2026-04-02,0,26,30.236,55.59,5.606,0.0,26,0.0
YSDU,2026-04-04,2,2026-04-03,0,26,26.872,99.369,13.676,0.0,26,0.0
YSDU,2026-04-05,2,2026-04-04,0,26,25.857,4.606,16.149,0.0,26,0.0
YSDU,2026-04-06,2,2026-04-05,0,26,24.545,82.614,13.036,0.0,26,0.0
YSDU,2026-04-07,2,2026-04-06,0,26,30.506,10.571,19.662,0.006,26,0.0002
YSDU,2026-04-08,2,2026-04-07,0,26,28.208,93.21,11.71,0.0,26,0.0
YSDU,2026-04-09,2,2026-04-08,0,26,31.437,0.231,11.542,0.0,26,0.0
YSDU,2026-04-10,2,2026-04-09,0,26,32.411,88.268,18.743,0.104,26,0.004
YSDU,2026-04-11,2,2026-04-10,0,26,21.32,0.0,19.389,0.577,26,0.0222
YSDU,2026-04-12,2,2026-04-11,0,26,17.913,5.0,22.196,0.0,26,0.0
YSDU,2026-04-13,2,2026-04-12,0,26,19.65,0.0,18.715,0.0,26,0.0
YSDU,2026-04-14,2,2026-04-13,0,26,23.17,0.0,12.698,0.0,26,0.0
YSDU,2026-04-15,2,2026-04-14,0,26,23.703,0.0,11.435,0.0,26,0.0
YSDU,2026-04-16,2,2026-04-15,0,26,25.054,0.473,11.074,0.0,26,0.0
YSDU,2026-04-17,2,2026-04-16,0,26,26.678,0.0,19.72,0.0,26,0.0
YSDU,2026-04-18,2,2026-04-17,0,26,22.144,0.0,10.571,0.0,26,0.0
YSDU,2026-04-19,2,2026-04-18,0,26,22.815,1.055,5.941,0.0,26,0.0
YSDU,2026-04-20,2,2026-04-19,0,26,23.33,0.0,10.365,0.0,26,0.0
YSDU,2026-04-21,2,2026-04-20,0,26,22.979,0.0,15.394,0.0,26,0.0
YSDU,2026-04-22,2,2026-04-21,0,26,22.722,10.867,13.686,0.0,26,0.0
YSDU,2026-04-23,2,2026-04-22,0,26,22.652,57.667,16.322,0.0,26,0.0
YSDU,2026-04-24,2,2026-04-23,0,26,23.208,0.0,15.389,0.0,26,0.0
YSDU,2026-04-25,2,2026-04-24,0,26,24.564,0.0,8.111,0.0,26,0.0
YSDU,2026-04-26,2,2026-04-25,0,26,24.505,3.132,3.574,0.0,26,0.0
YSDU,2026-04-27,2,2026-04-26,0,26,25.048,62.872,7.817,0.0,26,0.0
YSDU,2026-04-28,2,2026-04-27,0,26,24.284,0.0,11.86,0.0,26,0.0
YSDU,2026-04-29,2,2026-04-28,0,26,25.117,65.261,10.019,0.0,26,0.0
YSDU,2026-04-30,2,2026-04-29,0,26,24.879,0.0,12.006,0.0,26,0.0
YSDU,2026-05-01,2,2026-04-30,0,26,24.137,9.462,9.801,0.0,26,0.0
YSDU,2026-05-02,2,2026-05-01,0,26,25.437,100.0,13.653,0.0,26,0.0
YSDU,2026-05-03,2,2026-05-02,0,26,24.905,99.988,19.703,0.043,26,0.0017
YSDU,2026-05-04,2,2026-05-03,0,26,18.579,95.369,13.342,3.326,26,0.1279
YSDU,2026-05-05,2,2026-05-04,0,26,19.564,0.0,12.257,2.638,26,0.1015
YSDU,2026-05-06,2,2026-05-05,0,26,20.955,0.0,2.645,0.0,26,0.0
YSDU,2026-05-07,2,2026-05-06,0,26,13.404,0.0,26.992,0.062,26,0.0024
YSDU,2026-05-08,2,2026-05-07,0,26,15.401,80.245,22.219,0.0,26,0.0
YSDU,2026-05-09,2,2026-05-08,0,26,19.372,0.0,4.603,0.0,26,0.0
YSDU,2026-05-10,2,2026-05-09,0,26,21.972,57.883,8.666,0.0,26,0.0
YSDU,2026-05-11,2,2026-05-10,0,26,22.719,1.273,16.164,0.0,26,0.0
YSDU,2026-05-12,2,2026-05-11,0,26,22.432,0.0,22.433,0.0,26,0.0
YSDU,2026-05-13,2,2026-05-12,0,26,21.731,1.654,20.582,0.0,26,0.0
YSDU,2026-05-14,2,2026-05-13,0,26,20.925,23.06,18.934,0.284,26,0.0109
YSDU,2026-05-15,2,2026-05-14,0,26,22.072,0.015,12.464,0.0,26,0.0
YSDU,2026-05-16,2,2026-05-15,0,26,22.079,100.0,9.716,0.0,26,0.0
YSDU,2026-05-17,2,2026-05-16,0,26,20.106,100.0,6.524,0.0,26,0.0
YSDU,2026-05-18,2,2026-05-17,0,26,14.887,100.0,9.79,3.574,26,0.1374
YSDU,2026-05-19,2,2026-05-18,0,26,17.134,56.578,20.433,31.63,26,1.2165
YSDU,2026-05-20,2,2026-05-19,0,26,14.441,0.0,19.048,1.201,26,0.0462
YSDU,2026-05-21,2,2026-05-20,0,26,16.943,0.0,10.237,0.0,26,0.0
YSDU,2026-05-22,2,2026-05-21,0,26,17.915,0.0,15.182,0.0,26,0.0
YSDU,2026-05-23,2,2026-05-22,0,26,20.134,5.748,18.486,0.0,26,0.0
YSDU,2026-05-24,2,2026-05-23,0,26,19.444,100.0,13.25,0.0,26,0.0
YSDU,2026-05-25,2,2026-05-24,0,26,21.34,65.765,8.995,0.048,26,0.0019
YSDU,2026-05-26,2,2026-05-25,0,26,16.777,90.474,22.897,17.296,26,0.6652
YSDU,2026-05-27,2,2026-05-26,0,26,19.024,99.268,6.409,12.446,26,0.4787
YSDU,2026-05-28,2,2026-05-27,0,26,16.644,100.0,13.765,13.654,26,0.5251
YSDU,2026-05-29,2,2026-05-28,0,26,16.917,5.0,20.623,2.969,26,0.1142
YSDU,2026-05-30,2,2026-05-29,0,26,15.631,72.829,15.398,0.039,26,0.0015
YSDU,2026-05-31,2,2026-05-30,0,26,13.976,45.357,19.038,1.961,26,0.0754
YSDU,2026-06-01,2,2026-05-31,0,26,14.054,32.725,10.523,1.587,26,0.061
YSDU,2026-06-02,2,2026-06-01,0,26,11.044,73.089,24.851,3.38,26,0.13
YSDU,2026-06-03,2,2026-06-02,0,26,14.998,19.192,28.222,7.241,26,0.2785
YSDU,2026-06-04,2,2026-06-03,0,26,14.084,97.732,30.146,3.653,26,0.1405
YSDU,2026-06-05,2,2026-06-04,0,26,9.848,99.382,22.082,6.576,26,0.2529
YSDU,2026-06-06,2,2026-06-05,0,26,13.251,0.0,14.244,0.023,26,0.0009
YSDU,2026-06-07,2,2026-06-06,0,26,15.346,54.604,10.707,0.0,26,0.0
YSDU,2026-06-08,2,2026-06-07,0,26,16.748,84.393,9.707,0.0,26,0.0
YSDU,2026-06-09,2,2026-06-08,0,26,18.624,12.673,17.219,0.45,26,0.0173
YSDU,2026-06-10,2,2026-06-09,0,26,16.353,100.0,21.105,2.158,26,0.083
YSDU,2026-06-11,2,2026-06-10,0,26,17.437,75.733,4.979,5.056,26,0.1945
YSDU,2026-06-12,2,2026-06-11,0,26,18.155,16.814,15.106,1.2,26,0.0461
YSDU,2026-06-13,2,2026-06-12,0,26,18.982,100.0,13.211,0.0,26,0.0
YSDU,2026-06-14,2,2026-06-13,0,26,15.823,100.0,3.69,0.185,26,0.0071
YSDU,2026-06-15,2,2026-06-14,0,26,18.13,73.237,19.969,1.656,26,0.0637
YSDU,2026-06-16,2,2026-06-15,0,26,18.778,5.0,9.032,0.0,26,0.0
YSDU,2026-06-17,2,2026-06-16,0,26,19.564,92.407,10.808,0.0,26,0.0
YSDU,2026-06-18,2,2026-06-17,0,26,17.649,100.0,24.452,0.0,26,0.0
YSDU,2026-06-19,2,2026-06-18,0,26,13.77,100.0,24.334,5.749,26,0.2211
YSDU,2026-06-20,2,2026-06-19,0,26,13.029,61.923,15.057,7.74,26,0.2977
YSDU,2026-06-21,2,2026-06-20,0,26,15.508,8.186,6.164,0.528,26,0.0203
YSDU,2026-06-22,2,2026-06-21,0,26,14.515,16.981,8.514,1.488,26,0.0572
YSDU,2026-06-23,2,2026-06-22,0,26,14.195,12.223,10.153,0.0,26,0.0
YSDU,2026-06-24,2,2026-06-23,0,26,14.441,4.16,8.353,0.0,26,0.0
YSDU,2026-06-25,2,2026-06-24,0,26,16.658,1.858,20.428,0.0,26,0.0
YSDU,2026-06-26,2,2026-06-25,0,26,12.501,95.339,10.919,0.555,26,0.0214
YSDU,2026-06-27,2,2026-06-26,0,26,16.044,24.144,16.803,0.016,26,0.0006
YSDU,2026-06-28,2,2026-06-27,0,26,11.294,100.0,14.192,4.831,26,0.1858
YSDU,2026-06-29,2,2026-06-28,0,26,15.951,100.0,11.356,0.744,26,0.0286
YSDU,2026-06-30,2,2026-06-29,0,26,14.042,100.0,26.983,1.641,26,0.0631
YSDU,2026-07-01,2,2026-06-30,0,26,17.094,99.985,22.808,7.464,26,0.2871
YSDU,2026-07-02,2,2026-07-01,0,26,15.58,0.085,22.154,16.175,26,0.6221
YSDU,2026-07-03,2,2026-07-02,0,26,14.103,18.572,23.009,0.0,26,0.0
YSDU,2026-07-04,2,2026-07-03,0,26,13.27,46.907,14.878,0.0,26,0.0
YSDU,2026-07-05,2,2026-07-04,0,26,14.784,74.652,27.087,0.0,26,0.0
YSDU,2026-07-06,2,2026-07-05,0,26,14.476,99.368,20.451,0.0,26,0.0
YSDU,2026-07-07,2,2026-07-06,0,26,15.523,0.0,14.634,0.0,26,0.0
YSDU,2026-07-08,2,2026-07-07,0,26,15.636,0.048,16.975,0.0,26,0.0
YSDU,2026-07-09,2,2026-07-08,0,26,15.387,100.0,15.553,0.0,26,0.0
YSDU,2026-07-10,2,2026-07-09,0,26,15.204,99.923,11.976,0.065,26,0.0025
YSDU,2026-07-11,2,2026-07-10,0,26,13.455,99.401,11.964,0.0,26,0.0
YSDU,2026-07-12,2,2026-07-11,0,26,11.188,4.392,17.131,1.885,26,0.0725
YSDU,2026-07-13,2,2026-07-12,0,26,13.052,0.575,13.488,0.0,26,0.0
YSDU,2026-07-14,2,2026-07-13,0,26,11.445,100.0,8.584,0.0,26,0.0
YSDU,2026-07-15,2,2026-07-14,0,26,13.955,0.0,16.369,0.006,26,0.0002
YSDU,2026-07-16,2,2026-07-15,0,26,15.14,0.0,12.255,0.0,26,0.0
YSDU,2026-07-17,2,2026-07-16,0,26,16.197,7.128,16.461,0.0,26,0.0
YSDU,2026-07-18,2,2026-07-17,0,26,16.942,0.0,15.999,0.0,26,0.0
YSDU,2026-07-19,2,2026-07-18,0,26,17.275,0.0,22.456,0.0,26,0.0
YSDU,2026-07-20,2,2026-07-19,0,26,16.787,0.0,13.805,0.0,26,0.0
YSDU,2026-07-21,2,2026-07-20,0,26,16.713,5.997,5.856,0.0,26,0.0
YSDU,2026-07-22,2,2026-07-21,0,26,16.482,58.85,9.865,0.0,26,0.0
YSDU,2026-07-23,2,2026-07-22,0,26,16.136,1.237,15.678,0.0,26,0.0
YSDU,2026-07-24,2,2026-07-23,0,26,11.692,3.348,16.498,0.155,26,0.0059
YSDU,2026-07-25,2,2026-07-24,0,26,13.239,0.046,16.583,0.0,26,0.0
YSDU,2026-07-26,2,2026-07-25,0,26,15.485,80.879,9.617,0.004,26,0.0001
YSDU,2026-07-27,2,2026-07-26,0,26,15.551,0.0,7.092,0.0,26,0.0
YSDU,2026-07-28,2,2026-07-27,0,26,15.059,0.0,9.9,0.0,26,0.0
YSDU,2026-07-29,2,2026-07-28,0,26,13.102,15.375,17.385,0.0,26,0.0
YSDU,2026-07-30,2,2026-07-29,0,26,13.019,0.0,11.087,0.0,26,0.0
YSDU,2026-07-31,2,2026-07-30,0,26,15.183,0.0,14.057,0.0,26,0.0
RNO,2025-08-01,20,2025-07-31,18,26,29.216,2.52,9.827,0.0,26,0.0
RNO,2025-08-02,20,2025-08-01,18,26,29.023,0.0,3.574,0.0,26,0.0
RNO,2025-08-03,20,2025-08-02,18,26,30.521,0.0,14.86,0.0,26,0.0
RNO,2025-08-04,20,2025-08-03,18,26,28.701,0.0,21.236,0.0,26,0.0
RNO,2025-08-05,20,2025-08-04,18,26,28.542,0.0,5.358,0.0,26,0.0
RNO,2025-08-06,20,2025-08-05,18,26,30.084,0.0,5.386,0.0,26,0.0
RNO,2025-08-07,20,2025-08-06,18,26,30.936,21.436,14.729,0.0,26,0.0
RNO,2025-08-08,20,2025-08-07,18,26,29.791,0.0,9.79,0.0,26,0.0
RNO,2025-08-09,20,2025-08-08,18,26,32.21,5.681,9.482,0.0,26,0.0
RNO,2025-08-10,20,2025-08-09,18,26,32.681,6.467,6.119,0.0,26,0.0
RNO,2025-08-11,20,2025-08-10,18,26,34.404,4.259,7.992,0.0,26,0.0
RNO,2025-08-12,20,2025-08-11,18,26,35.259,7.436,7.402,0.0,26,0.0
RNO,2025-08-13,20,2025-08-12,18,26,34.178,3.33,8.025,0.928,26,0.0357
RNO,2025-08-14,20,2025-08-13,18,26,31.507,0.0,2.504,0.0,26,0.0
RNO,2025-08-15,20,2025-08-14,18,26,29.789,0.08,9.003,0.0,26,0.0
RNO,2025-08-16,20,2025-08-15,18,26,29.807,33.9,8.359,0.0,26,0.0
RNO,2025-08-17,20,2025-08-16,18,26,28.111,78.166,7.833,0.0,26,0.0
RNO,2025-08-18,20,2025-08-17,18,26,28.733,0.256,7.392,0.0,26,0.0
RNO,2025-08-19,20,2025-08-18,18,26,30.127,4.309,6.285,0.0,26,0.0
RNO,2025-08-20,20,2025-08-19,18,26,29.068,0.0,6.885,0.0,26,0.0
RNO,2025-08-21,20,2025-08-20,18,26,32.024,20.43,9.135,0.0,26,0.0
RNO,2025-08-22,20,2025-08-21,18,26,33.999,84.193,8.793,0.0,26,0.0
RNO,2025-08-23,20,2025-08-22,18,26,33.831,99.602,8.043,0.0,26,0.0
RNO,2025-08-24,20,2025-08-23,18,26,28.679,90.236,11.388,11.013,26,0.4236
RNO,2025-08-25,20,2025-08-24,18,26,28.792,3.173,8.115,3.376,26,0.1298
RNO,2025-08-26,20,2025-08-25,18,26,28.382,70.561,5.778,6.054,26,0.2328
RNO,2025-08-27,20,2025-08-26,18,26,27.785,86.714,3.666,0.38,26,0.0146
RNO,2025-08-28,20,2025-08-27,18,26,27.009,0.0,7.734,3.426,26,0.1318
RNO,2025-08-29,20,2025-08-28,18,26,28.407,4.071,9.153,0.0,26,0.0
RNO,2025-08-30,20,2025-08-29,18,26,29.333,0.146,14.863,0.0,26,0.0
RNO,2025-08-31,20,2025-08-30,18,26,30.86,4.92,6.971,0.0,26,0.0
RNO,2025-09-01,20,2025-08-31,18,26,31.231,4.581,12.054,0.0,26,0.0
RNO,2025-09-02,20,2025-09-01,18,26,30.579,100.0,5.658,0.0,26,0.0
RNO,2025-09-03,20,2025-09-02,18,26,28.764,18.167,13.574,0.026,26,0.001
RNO,2025-09-04,20,2025-09-03,18,26,29.408,7.439,10.244,0.0,26,0.0
RNO,2025-09-05,20,2025-09-04,18,26,29.633,4.801,6.746,1.508,26,0.058
RNO,2025-09-06,20,2025-09-05,18,26,28.362,94.154,12.043,0.028,26,0.0011
RNO,2025-09-07,20,2025-09-06,18,26,27.352,99.73,22.888,0.0,26,0.0
RNO,2025-09-08,20,2025-09-07,18,26,25.903,4.921,31.553,0.0,26,0.0
RNO,2025-09-09,20,2025-09-08,18,26,23.227,100.0,10.504,0.0,26,0.0
RNO,2025-09-10,20,2025-09-09,18,26,18.188,97.216,16.325,1.824,26,0.0702
RNO,2025-09-11,20,2025-09-10,18,26,20.293,21.382,6.942,1.434,26,0.0552
RNO,2025-09-12,20,2025-09-11,18,26,21.485,48.071,6.477,0.003,26,0.0001
RNO,2025-09-13,20,2025-09-12,18,26,24.31,0.0,5.513,0.003,26,0.0001
RNO,2025-09-14,20,2025-09-13,18,26,26.776,0.0,15.929,0.0,26,0.0
RNO,2025-09-15,20,2025-09-14,18,26,25.196,0.0,7.727,0.0,26,0.0
RNO,2025-09-16,20,2025-09-15,18,26,27.083,0.0,12.271,0.0,26,0.0
RNO,2025-09-17,20,2025-09-16,18,26,28.553,0.0,8.329,0.0,26,0.0
RNO,2025-09-18,20,2025-09-17,18,26,28.506,100.0,10.36,0.0,26,0.0
RNO,2025-09-19,20,2025-09-18,18,26,24.329,99.687,3.126,0.06,26,0.0023
RNO,2025-09-20,20,2025-09-19,18,26,25.35,5.774,4.304,0.224,26,0.0086
RNO,2025-09-21,20,2025-09-20,18,26,25.779,10.117,6.295,0.0,26,0.0
RNO,2025-09-22,20,2025-09-21,18,26,24.144,0.0,7.344,0.0,26,0.0
RNO,2025-09-23,20,2025-09-22,18,26,26.029,0.0,14.168,0.0,26,0.0
RNO,2025-09-24,20,2025-09-23,18,26,27.7,0.0,15.317,0.0,26,0.0
RNO,2025-09-25,20,2025-09-24,18,26,25.21,100.0,10.684,0.009,26,0.0004
RNO,2025-09-26,20,2025-09-25,18,26,24.789,4.9,7.246,0.0,26,0.0
RNO,2025-09-27,20,2025-09-26,18,26,26.661,0.0,9.895,0.0,26,0.0
RNO,2025-09-28,20,2025-09-27,18,26,25.991,81.159,6.695,0.0,26,0.0
RNO,2025-09-29,20,2025-09-28,18,26,21.706,100.0,28.165,0.367,26,0.0141
RNO,2025-09-30,20,2025-09-29,18,26,19.2,100.0,27.75,0.147,26,0.0057
RNO,2025-10-01,20,2025-09-30,18,26,19.059,89.96,13.579,0.011,26,0.0004
RNO,2025-10-02,20,2025-10-01,18,26,16.988,97.066,10.836,1.376,26,0.0529
RNO,2025-10-03,20,2025-10-02,18,26,14.899,50.984,14.362,31.203,26,1.2001
RNO,2025-10-04,20,2025-10-03,18,26,15.95,0.276,9.679,0.971,26,0.0373
RNO,2025-10-05,20,2025-10-04,18,26,16.937,4.498,14.965,0.0,26,0.0
RNO,2025-10-06,20,2025-10-05,18,26,17.3,0.0,12.532,0.0,26,0.0
RNO,2025-10-07,20,2025-10-06,18,26,19.452,0.048,7.471,0.0,26,0.0
RNO,2025-10-08,20,2025-10-07,18,26,23.431,0.873,16.449,0.0,26,0.0
RNO,2025-10-09,20,2025-10-08,18,26,21.616,6.626,10.88,0.0,26,0.0
RNO,2025-10-10,20,2025-10-09,18,26,20.247,0.0,37.936,0.0,26,0.0
RNO,2025-10-11,20,2025-10-10,18,26,14.338,5.811,20.586,0.208,26,0.008
RNO,2025-10-12,20,2025-10-11,18,26,13.889,0.957,5.218,0.0,26,0.0
RNO,2025-10-13,20,2025-10-12,18,26,9.823,99.475,9.329,0.516,26,0.0198
RNO,2025-10-14,20,2025-10-13,18,26,10.046,100.0,9.041,2.275,26,0.0875
RNO,2025-10-15,20,2025-10-14,18,26,8.869,45.065,10.523,32.261,26,1.2408
RNO,2025-10-16,20,2025-10-15,18,26,13.274,1.16,5.271,0.003,26,0.0001
RNO,2025-10-17,20,2025-10-16,18,26,17.352,5.0,4.171,0.0,26,0.0
RNO,2025-10-18,20,2025-10-17,18,26,20.814,0.0,5.122,0.0,26,0.0
RNO,2025-10-19,20,2025-10-18,18,26,20.74,9.006,31.028,0.0,26,0.0
RNO,2025-10-20,20,2025-10-19,18,26,16.576,0.159,9.638,0.0,26,0.0
RNO,2025-10-21,20,2025-10-20,18,26,18.921,0.0,6.975,0.0,26,0.0
RNO,2025-10-22,20,2025-10-21,18,26,18.116,100.0,4.092,0.0,26,0.0
RNO,2025-10-23,20,2025-10-22,18,26,18.938,18.762,5.863,0.375,26,0.0144
RNO,2025-10-24,20,2025-10-23,18,26,21.495,94.737,3.399,0.0,26,0.0
RNO,2025-10-25,20,2025-10-24,18,26,14.683,100.0,26.589,0.243,26,0.0094
RNO,2025-10-26,20,2025-10-25,18,26,9.45,63.249,13.448,2.133,26,0.082
RNO,2025-10-27,20,2025-10-26,18,26,12.91,0.136,4.298,0.407,26,0.0157
RNO,2025-10-28,20,2025-10-27,18,26,15.203,0.0,6.997,0.0,26,0.0
RNO,2025-10-29,20,2025-10-28,18,26,18.821,42.159,8.075,0.0,26,0.0
RNO,2025-10-30,20,2025-10-29,18,26,19.112,94.974,4.74,0.0,26,0.0
RNO,2025-10-31,20,2025-10-30,18,26,19.109,19.014,3.483,0.0,26,0.0
RNO,2025-11-01,20,2025-10-31,18,26,22.016,5.0,2.604,0.0,26,0.0
RNO,2025-11-02,20,2025-11-01,18,26,21.057,0.0,5.822,0.0,26,0.0
RNO,2025-11-03,20,2025-11-02,18,26,20.751,0.0,17.432,0.0,26,0.0
RNO,2025-11-04,20,2025-11-03,18,26,19.273,98.453,26.656,0.0,26,0.0
RNO,2025-11-05,20,2025-11-04,18,26,10.762,19.303,26.714,5.229,26,0.2011
RNO,2025-11-06,20,2025-11-05,18,26,12.756,100.0,1.064,1.996,26,0.0768
RNO,2025-11-07,20,2025-11-06,18,26,16.11,9.904,8.446,0.0,26,0.0
RNO,2025-11-08,20,2025-11-07,18,26,16.637,85.866,5.653,0.0,26,0.0
RNO,2025-11-09,20,2025-11-08,18,26,17.579,90.569,4.966,0.0,26,0.0
RNO,2025-11-10,20,2025-11-09,18,26,20.77,19.928,2.644,0.0,26,0.0
RNO,2025-11-11,20,2025-11-10,18,26,19.03,100.0,1.396,0.0,26,0.0
RNO,2025-11-12,20,2025-11-11,18,26,18.567,66.365,17.067,0.0,26,0.0
RNO,2025-11-13,20,2025-11-12,18,26,13.868,99.844,21.825,0.219,26,0.0084
RNO,2025-11-14,20,2025-11-13,18,26,11.112,99.389,6.599,6.697,26,0.2576
RNO,2025-11-15,20,2025-11-14,18,26,13.776,100.0,10.106,0.057,26,0.0022
RNO,2025-11-16,20,2025-11-15,18,26,6.589,100.0,10.751,18.893,26,0.7266
RNO,2025-11-17,20,2025-11-16,18,26,8.027,100.0,6.506,1.758,26,0.0676
RNO,2025-11-18,20,2025-11-17,18,26,7.577,41.388,2.771,16.692,26,0.642
RNO,2025-11-19,20,2025-11-18,18,26,8.748,5.02,0.598,0.007,26,0.0003
RNO,2025-11-20,20,2025-11-19,18,26,7.487,99.039,8.311,0.845,26,0.0325
RNO,2025-11-21,20,2025-11-20,18,26,8.323,22.72,9.333,3.782,26,0.1455
RNO,2025-11-22,20,2025-11-21,18,26,9.564,2.776,7.092,0.0,26,0.0
RNO,2025-11-23,20,2025-11-22,18,26,12.072,29.879,1.996,0.0,26,0.0
RNO,2025-11-24,20,2025-11-23,18,26,12.534,7.778,5.753,0.0,26,0.0
RNO,2025-11-25,20,2025-11-24,18,26,12.476,85.215,3.497,0.0,26,0.0
RNO,2025-11-26,20,2025-11-25,18,26,13.131,60.564,3.738,0.0,26,0.0
RNO,2025-11-27,20,2025-11-26,18,26,16.974,100.0,1.38,0.0,26,0.0
RNO,2025-11-28,20,2025-11-27,18,26,14.833,100.0,5.674,0.0,26,0.0
RNO,2025-11-29,20,2025-11-28,18,26,10.953,4.511,5.365,0.0,26,0.0
RNO,2025-11-30,20,2025-11-29,18,26,9.419,18.359,10.527,0.0,26,0.0
RNO,2025-12-01,20,2025-11-30,18,26,7.933,5.0,4.719,0.0,26,0.0
RNO,2025-12-02,20,2025-12-01,18,26,13.679,100.0,6.228,0.0,26,0.0
RNO,2025-12-03,20,2025-12-02,18,26,5.02,100.0,3.536,0.0,26,0.0
RNO,2025-12-04,20,2025-12-03,18,26,7.68,72.318,3.759,0.0,26,0.0
RNO,2025-12-05,20,2025-12-04,18,26,11.679,8.808,1.987,0.0,26,0.0
RNO,2025-12-06,20,2025-12-05,18,26,12.263,99.588,3.047,0.0,26,0.0
RNO,2025-12-07,20,2025-12-06,18,26,13.205,100.0,3.49,0.0,26,0.0
RNO,2025-12-08,20,2025-12-07,18,26,12.793,100.0,3.238,0.0,26,0.0
RNO,2025-12-09,20,2025-12-08,18,26,15.939,11.804,3.753,0.0,26,0.0
RNO,2025-12-10,20,2025-12-09,18,26,16.211,79.05,4.349,0.0,26,0.0
RNO,2025-12-11,20,2025-12-10,18,26,16.273,0.0,4.156,0.0,26,0.0
RNO,2025-12-12,20,2025-12-11,18,26,14.22,1.109,3.131,0.0,26,0.0
RNO,2025-12-13,20,2025-12-12,18,26,14.848,11.852,4.401,0.0,26,0.0
RNO,2025-12-14,20,2025-12-13,18,26,14.835,0.0,2.676,0.0,26,0.0
RNO,2025-12-15,20,2025-12-14,18,26,14.998,100.0,2.816,0.0,26,0.0
RNO,2025-12-16,20,2025-12-15,18,26,15.801,98.73,1.649,0.0,26,0.0
RNO,2025-12-17,20,2025-12-16,18,26,14.209,3.712,44.035,2.436,26,0.0937
RNO,2025-12-18,20,2025-12-17,18,26,15.885,99.346,15.351,0.004,26,0.0002
RNO,2025-12-19,20,2025-12-18,18,26,12.277,76.021,34.245,0.121,26,0.0047
RNO,2025-12-20,20,2025-12-19,18,26,11.51,99.991,9.388,2.345,26,0.0902
RNO,2025-12-21,20,2025-12-20,18,26,11.995,76.844,68.838,9.832,26,0.3781
RNO,2025-12-22,20,2025-12-21,18,26,7.585,100.0,12.593,35.717,26,1.3737
RNO,2025-12-23,20,2025-12-22,18,26,13.085,6.048,11.658,8.089,26,0.3111
RNO,2025-12-24,20,2025-12-23,18,26,4.419,100.0,6.624,27.114,26,1.0429
RNO,2025-12-25,20,2025-12-24,18,26,3.289,98.568,3.402,33.323,26,1.2817
RNO,2025-12-26,20,2025-12-25,18,26,4.344,2.811,18.587,23.177,26,0.8914
RNO,2025-12-27,20,2025-12-26,18,26,2.738,6.02,7.229,0.017,26,0.0007
RNO,2025-12-28,20,2025-12-27,18,26,4.001,1.385,5.294,0.0,26,0.0
RNO,2025-12-29,20,2025-12-28,18,26,4.668,0.048,7.049,0.0,26,0.0
RNO,2025-12-30,20,2025-12-29,18,26,7.435,51.435,4.622,0.0,26,0.0
RNO,2025-12-31,20,2025-12-30,18,26,8.962,100.0,3.959,0.0,26,0.0
RNO,2026-01-01,20,2025-12-31,18,26,6.461,100.0,5.403,0.685,26,0.0263
RNO,2026-01-02,20,2026-01-01,18,26,8.072,100.0,7.028,0.486,26,0.0187
RNO,2026-01-03,20,2026-01-02,18,26,7.039,25.321,13.162,7.744,26,0.2979
RNO,2026-01-04,20,2026-01-03,18,26,7.272,99.364,13.061,4.654,26,0.179
RNO,2026-01-05,20,2026-01-04,18,26,5.861,56.278,4.258,3.38,26,0.13
RNO,2026-01-06,20,2026-01-05,18,26,7.101,12.563,4.582,0.003,26,0.0001
RNO,2026-01-07,20,2026-01-06,18,26,8.146,65.696,16.191,0.064,26,0.0024
RNO,2026-01-08,20,2026-01-07,18,26,1.06,5.567,11.37,3.818,26,0.1468
RNO,2026-01-09,20,2026-01-08,18,26,2.692,0.0,5.207,0.0,26,0.0
RNO,2026-01-10,20,2026-01-09,18,26,3.935,99.364,5.656,0.0,26,0.0
RNO,2026-01-11,20,2026-01-10,18,26,5.605,94.68,4.007,0.0,26,0.0
RNO,2026-01-12,20,2026-01-11,18,26,6.526,0.0,3.211,0.0,26,0.0
RNO,2026-01-13,20,2026-01-12,18,26,8.746,0.0,4.675,0.0,26,0.0
RNO,2026-01-14,20,2026-01-13,18,26,10.13,0.015,2.913,0.0,26,0.0
RNO,2026-01-15,20,2026-01-14,18,26,10.923,0.0,5.515,0.0,26,0.0
RNO,2026-01-16,20,2026-01-15,18,26,9.988,0.0,5.085,0.0,26,0.0
RNO,2026-01-17,20,2026-01-16,18,26,10.048,0.0,5.391,0.0,26,0.0
RNO,2026-01-18,20,2026-01-17,18,26,11.027,96.37,2.292,0.0,26,0.0
RNO,2026-01-19,20,2026-01-18,18,26,10.379,0.0,3.744,0.0,26,0.0
RNO,2026-01-20,20,2026-01-19,18,26,9.319,100.0,2.207,0.0,26,0.0
RNO,2026-01-21,20,2026-01-20,18,26,9.965,100.0,2.317,0.0,26,0.0
RNO,2026-01-22,20,2026-01-21,18,26,11.161,54.015,1.772,0.0,26,0.0
RNO,2026-01-23,20,2026-01-22,18,26,9.657,0.071,8.868,0.0,26,0.0
RNO,2026-01-24,20,2026-01-23,18,26,4.538,0.0,9.296,0.0,26,0.0
RNO,2026-01-25,20,2026-01-24,18,26,7.785,99.906,5.534,0.0,26,0.0
RNO,2026-01-26,20,2026-01-25,18,26,9.399,5.299,3.951,0.0,26,0.0
RNO,2026-01-27,20,2026-01-26,18,26,9.319,100.0,7.538,0.0,26,0.0
RNO,2026-01-28,20,2026-01-27,18,26,7.347,99.954,0.351,0.511,26,0.0197
RNO,2026-01-29,20,2026-01-28,18,26,9.299,100.0,3.22,0.0,26,0.0
RNO,2026-01-30,20,2026-01-29,18,26,12.709,98.568,2.237,0.0,26,0.0
RNO,2026-01-31,20,2026-01-30,18,26,13.858,100.0,4.708,0.0,26,0.0
RNO,2026-02-01,20,2026-01-31,18,26,14.25,50.136,6.566,0.0,26,0.0
RNO,2026-02-02,20,2026-02-01,18,26,12.215,15.629,4.384,0.0,26,0.0
RNO,2026-02-03,20,2026-02-02,18,26,12.603,3.301,3.781,0.0,26,0.0
RNO,2026-02-04,20,2026-02-03,18,26,13.002,0.0,5.032,0.0,26,0.0
RNO,2026-02-05,20,2026-02-04,18,26,12.441,0.023,4.467,0.0,26,0.0
RNO,2026-02-06,20,2026-02-05,18,26,12.98,100.0,8.104,0.0,26,0.0
RNO,2026-02-07,20,2026-02-06,18,26,13.033,100.0,1.28,0.075,26,0.0029
RNO,2026-02-08,20,2026-02-07,18,26,15.104,98.122,10.972,0.0,26,0.0
RNO,2026-02-09,20,2026-02-08,18,26,8.681,100.0,8.549,0.051,26,0.002
RNO,2026-02-10,20,2026-02-09,18,26,4.514,99.896,9.492,1.602,26,0.0616
RNO,2026-02-11,20,2026-02-10,18,26,4.509,79.804,3.623,11.318,26,0.4353
RNO,2026-02-12,20,2026-02-11,18,26,7.838,5.0,4.198,0.966,26,0.0372
RNO,2026-02-13,20,2026-02-12,18,26,9.034,99.571,5.199,0.337,26,0.013
RNO,2026-02-14,20,2026-02-13,18,26,10.522,100.0,1.451,0.0,26,0.0
RNO,2026-02-15,20,2026-02-14,18,26,9.675,18.087,1.436,0.0,26,0.0
RNO,2026-02-16,20,2026-02-15,18,26,2.454,100.0,3.934,7.771,26,0.2989
RNO,2026-02-17,20,2026-02-16,18,26,0.907,100.0,29.671,14.849,26,0.5711
RNO,2026-02-18,20,2026-02-17,18,26,-1.323,94.853,16.923,10.263,26,0.3947
RNO,2026-02-19,20,2026-02-18,18,26,-1.477,100.0,11.41,3.144,26,0.1209
RNO,2026-02-20,20,2026-02-19,18,26,-1.219,4.751,3.346,5.778,26,0.2222
RNO,2026-02-21,20,2026-02-20,18,26,2.078,99.823,7.297,0.0,26,0.0
RNO,2026-02-22,20,2026-02-21,18,26,6.525,95.511,6.412,0.0,26,0.0
RNO,2026-02-23,20,2026-02-22,18,26,10.524,99.738,6.91,0.0,26,0.0
RNO,2026-02-24,20,2026-02-23,18,26,12.965,78.841,14.223,2.021,26,0.0777
RNO,2026-02-25,20,2026-02-24,18,26,13.955,36.505,10.672,1.965,26,0.0756
RNO,2026-02-26,20,2026-02-25,18,26,14.034,99.037,2.991,0.066,26,0.0025
RNO,2026-02-27,20,2026-02-26,18,26,15.368,100.0,6.56,0.0,26,0.0
RNO,2026-02-28,20,2026-02-27,18,26,17.783,100.0,1.437,0.011,26,0.0004
RNO,2026-03-01,20,2026-02-28,18,26,15.17,100.0,18.292,0.826,26,0.0318
RNO,2026-03-02,20,2026-03-01,18,26,11.421,1.917,12.534,0.202,26,0.0078
RNO,2026-03-03,20,2026-03-02,18,26,12.864,3.176,8.975,0.0,26,0.0
RNO,2026-03-04,20,2026-03-03,18,26,11.508,2.871,42.134,0.0,26,0.0
RNO,2026-03-05,20,2026-03-04,18,26,6.666,3.654,12.93,0.348,26,0.0134
RNO,2026-03-06,20,2026-03-05,18,26,7.663,3.912,7.291,0.0,26,0.0
RNO,2026-03-07,20,2026-03-06,18,26,10.331,87.709,5.3,0.0,26,0.0
RNO,2026-03-08,20,2026-03-07,18,26,16.681,5.1,6.052,0.0,26,0.0
RNO,2026-03-09,20,2026-03-08,18,26,17.055,95.925,3.535,0.0,26,0.0
RNO,2026-03-10,20,2026-03-09,18,26,15.923,87.52,21.477,0.0,26,0.0
RNO,2026-03-11,20,2026-03-10,18,26,15.719,100.0,4.656,0.0,26,0.0
RNO,2026-03-12,20,2026-03-11,18,26,19.501,0.0,1.666,0.0,26,0.0
RNO,2026-03-13,20,2026-03-12,18,26,19.952,100.0,1.935,0.0,26,0.0
RNO,2026-03-14,20,2026-03-13,18,26,18.49,5.085,21.849,0.0,26,0.0
RNO,2026-03-15,20,2026-03-14,18,26,15.514,97.596,4.83,0.0,26,0.0
RNO,2026-03-16,20,2026-03-15,18,26,19.83,13.411,3.175,0.0,26,0.0
RNO,2026-03-17,20,2026-03-16,18,26,23.23,0.0,3.773,0.0,26,0.0
RNO,2026-03-18,20,2026-03-17,18,26,24.378,71.373,2.377,0.0,26,0.0
RNO,2026-03-19,20,2026-03-18,18,26,24.468,0.0,3.773,0.0,26,0.0
RNO,2026-03-20,20,2026-03-19,18,26,26.584,0.0,7.195,0.0,26,0.0
RNO,2026-03-21,20,2026-03-20,18,26,24.098,100.0,24.231,0.0,26,0.0
RNO,2026-03-22,20,2026-03-21,18,26,19.863,51.194,11.03,0.0,26,0.0
RNO,2026-03-23,20,2026-03-22,18,26,21.58,25.595,8.973,0.0,26,0.0
RNO,2026-03-24,20,2026-03-23,18,26,24.809,5.0,18.437,0.0,26,0.0
RNO,2026-03-25,20,2026-03-24,18,26,23.084,100.0,19.939,0.0,26,0.0
RNO,2026-03-26,20,2026-03-25,18,26,15.673,67.516,20.805,0.0,26,0.0
RNO,2026-03-27,20,2026-03-26,18,26,16.057,100.0,8.882,0.0,26,0.0
RNO,2026-03-28,20,2026-03-27,18,26,23.036,5.0,7.648,0.0,26,0.0
RNO,2026-03-29,20,2026-03-28,18,26,21.711,99.841,3.949,0.0,26,0.0
RNO,2026-03-30,20,2026-03-29,18,26,19.667,29.171,29.753,0.0,26,0.0
RNO,2026-03-31,20,2026-03-30,18,26,13.313,100.0,16.418,0.062,26,0.0024
RNO,2026-04-01,20,2026-03-31,18,26,7.666,91.064,8.724,7.251,26,0.2789
RNO,2026-04-02,20,2026-04-01,18,26,8.206,65.186,22.943,2.516,26,0.0968
RNO,2026-04-03,20,2026-04-02,18,26,11.43,0.0,14.198,0.0,26,0.0
RNO,2026-04-04,20,2026-04-03,18,26,16.197,5.373,13.851,0.0,26,0.0
RNO,2026-04-05,20,2026-04-04,18,26,18.962,97.426,7.252,0.0,26,0.0
RNO,2026-04-06,20,2026-04-05,18,26,20.793,12.237,3.904,0.0,26,0.0
RNO,2026-04-07,20,2026-04-06,18,26,20.776,91.652,4.062,0.0,26,0.0
RNO,2026-04-08,20,2026-04-07,18,26,20.07,32.88,7.251,0.0,26,0.0
RNO,2026-04-09,20,2026-04-08,18,26,18.859,100.0,11.5,0.129,26,0.005
RNO,2026-04-10,20,2026-04-09,18,26,15.424,98.918,13.85,1.23,26,0.0473
RNO,2026-04-11,20,2026-04-10,18,26,13.392,98.409,24.737,5.019,26,0.193
RNO,2026-04-12,20,2026-04-11,18,26,8.552,100.0,20.649,4.309,26,0.1657
RNO,2026-04-13,20,2026-04-12,18,26,9.749,10.521,6.266,1.817,26,0.0699
RNO,2026-04-14,20,2026-04-13,18,26,15.335,2.655,10.173,0.074,26,0.0028
RNO,2026-04-15,20,2026-04-14,18,26,16.178,25.897,31.087,0.0,26,0.0
RNO,2026-04-16,20,2026-04-15,18,26,9.609,1.49,23.201,0.057,26,0.0022
RNO,2026-04-17,20,2026-04-16,18,26,10.427,79.603,12.738,0.0,26,0.0
RNO,2026-04-18,20,2026-04-17,18,26,16.847,5.0,9.257,0.0,26,0.0
RNO,2026-04-19,20,2026-04-18,18,26,19.416,89.564,10.043,0.003,26,0.0001
RNO,2026-04-20,20,2026-04-19,18,26,20.276,4.893,35.65,0.0,26,0.0
RNO,2026-04-21,20,2026-04-20,18,26,11.058,92.312,11.478,3.063,26,0.1178
RNO,2026-04-22,20,2026-04-21,18,26,9.819,27.771,17.171,1.729,26,0.0665
RNO,2026-04-23,20,2026-04-22,18,26,13.538,0.472,5.886,0.872,26,0.0335
RNO,2026-04-24,20,2026-04-23,18,26,17.731,58.389,9.901,0.0,26,0.0
RNO,2026-04-25,20,2026-04-24,18,26,16.502,100.0,11.566,0.988,26,0.038
RNO,2026-04-26,20,2026-04-25,18,26,12.263,99.571,21.762,0.431,26,0.0166
RNO,2026-04-27,20,2026-04-26,18,26,11.983,71.425,11.208,0.117,26,0.0045
RNO,2026-04-28,20,2026-04-27,18,26,15.079,66.707,4.843,0.487,26,0.0187
RNO,2026-04-29,20,2026-04-28,18,26,17.884,16.869,5.589,0.02,26,0.0008
RNO,2026-04-30,20,2026-04-29,18,26,19.748,100.0,10.318,0.0,26,0.0
RNO,2026-05-01,20,2026-04-30,18,26,20.882,26.658,16.103,0.0,26,0.0
RNO,2026-05-02,20,2026-05-01,18,26,22.582,100.0,14.261,0.0,26,0.0
RNO,2026-05-03,20,2026-05-02,18,26,21.589,91.511,18.057,3.229,26,0.1242
RNO,2026-05-04,20,2026-05-03,18,26,7.962,98.436,18.729,8.329,26,0.3203
RNO,2026-05-05,20,2026-05-04,18,26,17.23,14.493,9.51,15.996,26,0.6152
RNO,2026-05-06,20,2026-05-05,18,26,22.042,0.0,7.14,0.003,26,0.0001
RNO,2026-05-07,20,2026-05-06,18,26,26.435,8.276,21.361,0.0,26,0.0
RNO,2026-05-08,20,2026-05-07,18,26,25.014,19.865,6.762,0.0,26,0.0
RNO,2026-05-09,20,2026-05-08,18,26,24.735,5.0,9.512,0.0,26,0.0
RNO,2026-05-10,20,2026-05-09,18,26,29.204,5.0,13.79,0.0,26,0.0
RNO,2026-05-11,20,2026-05-10,18,26,29.642,39.962,13.259,0.0,26,0.0
RNO,2026-05-12,20,2026-05-11,18,26,30.053,100.0,30.807,0.0,26,0.0
RNO,2026-05-13,20,2026-05-12,18,26,24.291,0.59,31.655,0.0,26,0.0
RNO,2026-05-14,20,2026-05-13,18,26,23.797,0.0,6.339,0.0,26,0.0
RNO,2026-05-15,20,2026-05-14,18,26,22.877,0.0,9.184,0.0,26,0.0
RNO,2026-05-16,20,2026-05-15,18,26,18.937,5.842,15.299,0.0,26,0.0
RNO,2026-05-17,20,2026-05-16,18,26,10.846,79.58,35.877,0.0,26,0.0
RNO,2026-05-18,20,2026-05-17,18,26,14.814,90.663,17.118,0.0,26,0.0
RNO,2026-05-19,20,2026-05-18,18,26,18.56,0.446,7.003,0.0,26,0.0
RNO,2026-05-20,20,2026-05-19,18,26,22.889,89.972,7.974,0.0,26,0.0
RNO,2026-05-21,20,2026-05-20,18,26,24.766,13.491,8.757,0.0,26,0.0
RNO,2026-05-22,20,2026-05-21,18,26,24.691,44.116,4.337,0.184,26,0.0071
RNO,2026-05-23,20,2026-05-22,18,26,26.422,5.215,5.765,0.107,26,0.0041
RNO,2026-05-24,20,2026-05-23,18,26,25.647,87.848,7.461,0.0,26,0.0
RNO,2026-05-25,20,2026-05-24,18,26,26.483,97.918,22.602,0.0,26,0.0
RNO,2026-05-26,20,2026-05-25,18,26,14.239,91.57,25.964,0.115,26,0.0044
RNO,2026-05-27,20,2026-05-26,18,26,9.015,100.0,2.286,4.884,26,0.1879
RNO,2026-05-28,20,2026-05-27,18,26,12.452,98.499,9.782,4.822,26,0.1855
RNO,2026-05-29,20,2026-05-28,18,26,15.185,69.913,18.948,1.936,26,0.0745
RNO,2026-05-30,20,2026-05-29,18,26,20.189,43.496,10.728,0.079,26,0.003
RNO,2026-05-31,20,2026-05-30,18,26,22.356,25.413,11.906,0.0,26,0.0
RNO,2026-06-01,20,2026-05-31,18,26,24.532,0.0,7.902,0.0,26,0.0
RNO,2026-06-02,20,2026-06-01,18,26,27.679,46.419,9.457,0.0,26,0.0
RNO,2026-06-03,20,2026-06-02,18,26,29.466,0.014,29.942,0.0,26,0.0
RNO,2026-06-04,20,2026-06-03,18,26,27.092,0.0,8.552,0.0,26,0.0
RNO,2026-06-05,20,2026-06-04,18,26,29.924,9.833,4.614,0.0,26,0.0
RNO,2026-06-06,20,2026-06-05,18,26,26.157,80.032,34.806,0.0,26,0.0
RNO,2026-06-07,20,2026-06-06,18,26,23.155,99.786,7.735,0.0,26,0.0
RNO,2026-06-08,20,2026-06-07,18,26,23.487,100.0,27.31,0.0,26,0.0
RNO,2026-06-09,20,2026-06-08,18,26,24.806,0.0,16.877,0.096,26,0.0037
RNO,2026-06-10,20,2026-06-09,18,26,25.539,0.628,11.287,0.0,26,0.0
RNO,2026-06-11,20,2026-06-10,18,26,26.943,0.0,10.405,0.0,26,0.0
RNO,2026-06-12,20,2026-06-11,18,26,30.883,0.0,9.413,0.0,26,0.0
RNO,2026-06-13,20,2026-06-12,18,26,29.995,0.0,9.408,0.0,26,0.0
RNO,2026-06-14,20,2026-06-13,18,26,30.568,0.127,9.662,0.0,26,0.0
RNO,2026-06-15,20,2026-06-14,18,26,31.665,0.0,5.018,0.0,26,0.0
RNO,2026-06-16,20,2026-06-15,18,26,34.143,4.742,9.03,0.0,26,0.0
RNO,2026-06-17,20,2026-06-16,18,26,33.919,37.369,12.218,0.0,26,0.0
RNO,2026-06-18,20,2026-06-17,18,26,32.637,0.818,5.929,0.253,26,0.0097
RNO,2026-06-19,20,2026-06-18,18,26,28.952,97.216,18.945,0.29,26,0.0111
RNO,2026-06-20,20,2026-06-19,18,26,26.735,0.0,8.818,6.932,26,0.2666
RNO,2026-06-21,20,2026-06-20,18,26,27.479,0.204,6.745,0.0,26,0.0
RNO,2026-06-22,20,2026-06-21,18,26,30.012,0.027,6.582,0.0,26,0.0
RNO,2026-06-23,20,2026-06-22,18,26,32.034,0.0,8.329,0.0,26,0.0
RNO,2026-06-24,20,2026-06-23,18,26,31.5,0.0,19.817,0.0,26,0.0
RNO,2026-06-25,20,2026-06-24,18,26,30.055,5.0,5.026,0.0,26,0.0
RNO,2026-06-26,20,2026-06-25,18,26,25.037,3.066,35.47,0.0,26,0.0
RNO,2026-06-27,20,2026-06-26,18,26,21.758,0.0,33.928,0.0,26,0.0
RNO,2026-06-28,20,2026-06-27,18,26,18.065,0.0,14.106,0.856,26,0.0329
RNO,2026-06-29,20,2026-06-28,18,26,22.438,0.859,11.467,0.0,26,0.0
RNO,2026-06-30,20,2026-06-29,18,26,26.501,4.348,7.3,0.0,26,0.0
RNO,2026-07-01,20,2026-06-30,18,26,26.064,4.92,10.443,0.0,26,0.0
RNO,2026-07-02,20,2026-07-01,18,26,26.573,13.589,6.958,0.0,26,0.0
RNO,2026-07-03,20,2026-07-02,18,26,28.687,0.347,5.639,0.0,26,0.0
RNO,2026-07-04,20,2026-07-03,18,26,31.137,0.0,6.719,0.0,26,0.0
RNO,2026-07-05,20,2026-07-04,18,26,31.112,99.924,7.808,0.0,26,0.0
RNO,2026-07-06,20,2026-07-05,18,26,30.825,0.0,5.079,0.112,26,0.0043
RNO,2026-07-07,20,2026-07-06,18,26,31.322,0.0,7.464,0.0,26,0.0
RNO,2026-07-08,20,2026-07-07,18,26,31.952,0.0,3.938,0.0,26,0.0
RNO,2026-07-09,20,2026-07-08,18,26,31.175,0.0,8.929,0.0,26,0.0
RNO,2026-07-10,20,2026-07-09,18,26,33.96,0.313,21.806,0.0,26,0.0
RNO,2026-07-11,20,2026-07-10,18,26,35.103,21.95,13.707,0.0,26,0.0
RNO,2026-07-12,20,2026-07-11,18,26,30.744,100.0,9.818,0.0,26,0.0
RNO,2026-07-13,20,2026-07-12,18,26,29.102,67.667,15.378,1.842,26,0.0709
RNO,2026-07-14,20,2026-07-13,18,26,30.168,67.044,7.637,2.15,26,0.0827
RNO,2026-07-15,20,2026-07-14,18,26,32.494,5.189,12.543,0.265,26,0.0102
RNO,2026-07-16,20,2026-07-15,18,26,33.152,0.0,20.166,0.0,26,0.0
RNO,2026-07-17,20,2026-07-16,18,26,32.502,0.0,10.698,0.0,26,0.0
RNO,2026-07-18,20,2026-07-17,18,26,32.023,9.219,8.15,0.0,26,0.0
RNO,2026-07-19,20,2026-07-18,18,26,32.476,29.229,6.16,0.443,26,0.017
RNO,2026-07-20,20,2026-07-19,18,26,32.704,31.313,7.468,0.05,26,0.0019
RNO,2026-07-21,20,2026-07-20,18,26,30.064,27.28,12.46,0.304,26,0.0117
RNO,2026-07-22,20,2026-07-21,18,26,31.209,0.713,10.076,13.913,26,0.5351
RNO,2026-07-23,20,2026-07-22,18,26,33.726,0.0,6.352,0.0,26,0.0
RNO,2026-07-24,20,2026-07-23,18,26,35.412,5.384,11.548,0.0,26,0.0
RNO,2026-07-25,20,2026-07-24,18,26,34.353,0.225,29.136,0.0,26,0.0
RNO,2026-07-26,20,2026-07-25,18,26,33.403,0.0,22.765,0.0,26,0.0
RNO,2026-07-27,20,2026-07-26,18,26,32.247,0.0,3.884,0.0,26,0.0
RNO,2026-07-28,20,2026-07-27,18,26,30.98,0.0,9.948,0.0,26,0.0
RNO,2026-07-29,20,2026-07-28,18,26,32.068,0.0,6.928,0.0,26,0.0
RNO,2026-07-30,20,2026-07-29,18,26,32.801,0.0,8.407,0.0,26,0.0
RNO,2026-07-31,20,2026-07-30,18,26,34.043,0.0,8.054,0.0,26,0.0
