station,target_date,target_hour,run_date,cycle,lead,temperature_grib_c,cloud_cover_grib_pct,wind_speed_grib_kmh,t2m_raw,relative_humidity_2m,dew_point_2m,specific_humidity_2m,dewpoint_depression_t2m
DSM,2024-08-01,18,2024-07-31,18,24,27.538,4.203,24.456,27.649,64.78,20.453,0.015354,7.196
DSM,2024-08-02,18,2024-08-01,18,24,27.995,0.0,20.374,28.106,54.73,18.125,0.01323,9.981
DSM,2024-08-03,18,2024-08-02,18,24,29.329,1.607,8.999,29.44,66.073,22.495,0.017344,6.945
DSM,2024-08-04,18,2024-08-03,18,24,31.966,100.0,17.563,32.077,50.778,20.704,0.015617,11.373
DSM,2024-08-05,18,2024-08-04,18,24,33.974,65.811,15.123,34.085,35.401,16.577,0.012069,17.508
DSM,2024-08-06,18,2024-08-05,18,24,20.129,93.409,25.872,20.24,71.994,15.046,0.010826,5.194
DSM,2024-08-07,18,2024-08-06,18,24,23.107,71.243,8.053,23.218,62.088,15.558,0.011253,7.66
DSM,2024-08-08,18,2024-08-07,18,24,19.232,70.559,15.714,19.343,76.347,14.998,0.010848,4.345
DSM,2024-08-09,18,2024-08-08,18,24,21.341,35.627,21.656,21.452,40.863,7.673,0.006627,13.779
DSM,2024-08-10,18,2024-08-09,18,24,24.334,7.402,10.834,24.445,39.49,9.753,0.007643,14.692
DSM,2024-08-11,18,2024-08-10,18,24,23.649,100.0,8.928,23.76,50.218,12.789,0.00936,10.971
DSM,2024-08-12,18,2024-08-11,18,24,20.554,79.139,23.015,20.665,75.273,16.113,0.011622,4.552
DSM,2024-08-13,18,2024-08-12,18,24,24.338,87.365,16.198,24.449,66.734,17.886,0.013011,6.563
DSM,2024-08-14,18,2024-08-13,18,24,22.154,99.662,27.248,22.265,90.868,20.698,0.015561,1.567
DSM,2024-08-15,18,2024-08-14,18,24,29.556,47.901,18.894,29.667,65.355,22.529,0.017561,7.138
DSM,2024-08-16,18,2024-08-15,18,24,28.102,0.0,18.785,28.213,51.985,17.452,0.012751,10.761
DSM,2024-08-17,18,2024-08-16,18,24,26.344,15.339,20.705,26.455,59.98,18.178,0.013259,8.277
DSM,2024-08-18,18,2024-08-17,18,24,26.71,12.355,8.758,26.821,52.811,16.359,0.011814,10.462
DSM,2024-08-19,18,2024-08-18,18,24,25.346,0.226,13.122,25.457,56.716,16.301,0.011726,9.156
DSM,2024-08-20,18,2024-08-19,18,24,24.049,98.47,11.44,24.16,55.033,14.585,0.010487,9.575
DSM,2024-08-21,18,2024-08-20,18,24,24.577,4.831,15.489,24.688,53.557,14.668,0.010523,10.02
DSM,2024-08-22,18,2024-08-21,18,24,24.885,100.0,21.589,24.996,36.606,9.152,0.007339,15.844
DSM,2024-08-23,18,2024-08-22,18,24,24.709,100.0,15.165,24.82,46.829,12.707,0.009318,12.113
DSM,2024-08-24,18,2024-08-23,18,24,30.609,13.02,24.994,30.72,51.767,19.736,0.014623,10.984
DSM,2024-08-25,18,2024-08-24,18,24,35.719,0.0,20.939,35.83,37.323,19.169,0.014167,16.661
DSM,2024-08-26,18,2024-08-25,18,24,40.188,0.144,20.199,40.299,21.782,14.567,0.010589,25.732
DSM,2024-08-27,18,2024-08-26,18,24,30.284,99.487,24.149,30.395,55.781,20.416,0.015343,9.979
DSM,2024-08-28,18,2024-08-27,18,24,31.51,0.0,9.563,31.621,50.112,20.011,0.014862,11.61
DSM,2024-08-29,18,2024-08-28,18,24,34.533,92.312,19.743,34.644,37.657,18.194,0.013314,16.45
DSM,2024-08-30,18,2024-08-29,18,24,27.891,100.0,14.933,28.002,45.171,15.099,0.010902,12.903
DSM,2024-08-31,18,2024-08-30,18,24,28.56,0.0,9.427,28.671,32.505,10.588,0.008101,18.083
DSM,2024-09-01,18,2024-08-31,18,24,24.821,0.0,22.227,24.932,34.964,8.415,0.006963,16.517
DSM,2024-09-02,18,2024-09-01,18,24,22.014,17.01,10.653,22.125,41.682,8.583,0.007005,13.542
DSM,2024-09-03,18,2024-09-02,18,24,25.612,22.359,15.793,25.723,27.196,5.534,0.005694,20.189
DSM,2024-09-04,18,2024-09-03,18,24,28.029,0.0,17.577,28.14,25.668,6.779,0.006221,21.361
DSM,2024-09-05,18,2024-09-04,18,24,28.485,100.0,17.016,28.596,35.953,12.083,0.008947,16.513
DSM,2024-09-06,18,2024-09-05,18,24,22.909,4.874,23.58,23.02,29.845,4.475,0.005302,18.545
DSM,2024-09-07,18,2024-09-06,18,24,20.13,0.0,9.785,20.241,38.518,5.747,0.005776,14.494
DSM,2024-09-08,18,2024-09-07,18,24,25.808,5.229,13.794,25.919,23.93,3.803,0.005068,22.116
DSM,2024-09-09,18,2024-09-08,18,24,29.653,3.734,16.305,29.764,21.448,5.486,0.005724,24.278
DSM,2024-09-10,18,2024-09-09,18,24,31.45,11.292,26.53,31.561,17.599,4.268,0.005263,27.293
DSM,2024-09-11,18,2024-09-10,18,24,31.847,0.226,17.673,31.958,14.661,1.944,0.004468,30.014
DSM,2024-09-12,18,2024-09-11,18,24,31.816,96.131,19.655,31.927,22.786,8.33,0.006957,23.597
DSM,2024-09-13,18,2024-09-12,18,24,26.529,100.0,17.877,26.64,31.665,8.435,0.007029,18.205
DSM,2024-09-14,18,2024-09-13,18,24,27.495,100.0,14.925,27.606,52.081,16.966,0.012291,10.64
DSM,2024-09-15,18,2024-09-14,18,24,32.926,56.03,14.026,33.037,32.747,14.6,0.010561,18.437
DSM,2024-09-16,18,2024-09-15,18,24,31.803,0.367,18.96,31.914,31.555,13.149,0.009554,18.765
DSM,2024-09-17,18,2024-09-16,18,24,32.11,5.287,19.444,32.221,31.221,13.178,0.009645,19.043
DSM,2024-09-18,18,2024-09-17,18,24,31.305,100.0,23.129,31.416,35.049,14.32,0.010404,17.096
DSM,2024-09-19,18,2024-09-18,18,24,32.1,0.141,24.265,32.211,43.094,18.214,0.013404,13.997
DSM,2024-09-20,18,2024-09-19,18,24,32.787,100.0,7.283,32.898,19.713,6.932,0.00638,25.966
DSM,2024-09-21,18,2024-09-20,18,24,34.044,1.282,24.834,34.155,34.819,16.639,0.012118,17.516
DSM,2024-09-22,18,2024-09-21,18,24,20.697,100.0,21.127,20.808,35.448,5.043,0.005552,15.765
DSM,2024-09-23,18,2024-09-22,18,24,20.284,21.75,10.49,20.395,40.962,6.735,0.006237,13.66
DSM,2024-09-24,18,2024-09-23,18,24,16.99,100.0,10.022,17.101,57.901,8.68,0.00716,8.421
DSM,2024-09-25,18,2024-09-24,18,24,24.213,0.0,10.419,24.324,35.382,8.097,0.006868,16.227
DSM,2024-09-26,18,2024-09-25,18,24,25.158,0.0,10.234,25.269,36.532,9.463,0.007497,15.806
DSM,2024-09-27,18,2024-09-26,18,24,25.481,94.793,19.207,25.592,38.45,10.52,0.008097,15.072
DSM,2024-09-28,18,2024-09-27,18,24,27.667,82.761,22.846,27.778,36.332,11.579,0.008683,16.199
DSM,2024-09-29,18,2024-09-28,18,24,27.621,0.0,16.063,27.732,29.542,8.507,0.00702,19.225
DSM,2024-09-30,18,2024-09-29,18,24,28.152,0.0,14.807,28.263,33.48,10.782,0.008241,17.481
DSM,2024-10-01,18,2024-09-30,18,24,19.793,56.949,20.167,19.904,19.51,-3.991,0.002866,23.895
DSM,2024-10-02,18,2024-10-01,18,24,23.686,5.674,28.027,23.797,18.241,-1.61,0.003446,25.407
DSM,2024-10-03,18,2024-10-02,18,24,27.233,0.0,16.127,27.344,25.957,6.254,0.006054,21.09
DSM,2024-10-04,18,2024-10-03,18,24,22.852,3.131,20.581,22.963,40.568,8.932,0.0072,14.031
DSM,2024-10-05,18,2024-10-04,18,24,31.488,0.0,36.433,31.599,28.673,11.436,0.008622,20.163
DSM,2024-10-06,18,2024-10-05,18,24,20.751,0.0,25.841,20.862,25.038,0.235,0.003918,20.627
DSM,2024-10-07,18,2024-10-06,18,24,20.342,1.184,6.46,20.453,18.384,-4.34,0.00279,24.793
DSM,2024-10-08,18,2024-10-07,18,24,23.157,0.094,9.883,23.268,18.988,-1.521,0.003457,24.789
DSM,2024-10-09,18,2024-10-08,18,24,26.576,0.0,12.693,26.687,19.002,1.351,0.004259,25.336
DSM,2024-10-10,18,2024-10-09,18,24,27.64,0.0,15.317,27.751,18.915,2.095,0.004493,25.656
DSM,2024-10-11,18,2024-10-10,18,24,29.857,41.329,19.105,29.968,26.136,8.548,0.007073,21.42
DSM,2024-10-12,18,2024-10-11,18,24,24.247,90.2,10.362,24.358,37.158,8.914,0.007248,15.444
DSM,2024-10-13,18,2024-10-12,18,24,15.757,86.224,33.781,15.868,29.691,-1.715,0.003398,17.583
DSM,2024-10-14,18,2024-10-13,18,24,13.245,87.768,12.156,13.356,28.246,-4.665,0.002722,18.021
DSM,2024-10-15,18,2024-10-14,18,24,11.238,0.0,21.492,11.349,32.993,-4.251,0.002778,15.6
DSM,2024-10-16,18,2024-10-15,18,24,15.012,5.838,14.204,15.123,23.316,-5.68,0.002503,20.803
DSM,2024-10-17,18,2024-10-16,18,24,19.542,0.0,33.531,19.653,14.587,-7.933,0.002123,27.586
DSM,2024-10-18,18,2024-10-17,18,24,22.044,0.017,29.012,22.155,22.999,0.145,0.003881,22.01
DSM,2024-10-19,18,2024-10-18,18,24,23.556,37.049,22.186,23.667,19.657,-0.715,0.003628,24.382
DSM,2024-10-20,18,2024-10-19,18,24,26.783,0.562,23.062,26.894,25.935,5.911,0.005848,20.983
DSM,2024-10-21,18,2024-10-20,18,24,26.135,99.853,23.325,26.246,20.204,1.768,0.004371,24.478
DSM,2024-10-22,18,2024-10-21,18,24,23.918,0.0,17.331,24.029,39.113,9.378,0.007495,14.651
DSM,2024-10-23,18,2024-10-22,18,24,17.417,0.0,19.105,17.528,24.14,-3.165,0.003046,20.693
DSM,2024-10-24,18,2024-10-23,18,24,20.895,61.682,26.684,21.006,25.289,0.413,0.004003,20.593
DSM,2024-10-25,18,2024-10-24,18,24,16.578,96.579,23.902,16.689,27.923,-1.935,0.003335,18.624
DSM,2024-10-26,18,2024-10-25,18,24,14.754,5.013,14.862,14.865,24.559,-5.197,0.002593,20.062
DSM,2024-10-27,18,2024-10-26,18,24,17.241,0.0,22.262,17.352,28.459,-1.062,0.003558,18.414
DSM,2024-10-28,18,2024-10-27,18,24,24.717,100.0,34.909,24.828,48.05,13.182,0.009689,11.646
DSM,2024-10-29,18,2024-10-28,18,24,27.693,100.0,39.962,27.804,41.055,13.48,0.009926,14.324
DSM,2024-10-30,18,2024-10-29,18,24,21.636,100.0,28.581,21.747,66.56,15.262,0.011093,6.485
DSM,2024-10-31,18,2024-10-30,18,24,6.795,100.0,28.441,6.906,73.154,2.434,0.004612,4.472
DSM,2024-11-01,18,2024-10-31,18,24,12.043,0.0,14.478,12.154,44.675,0.501,0.003983,11.653
DSM,2024-11-02,18,2024-11-01,18,24,14.427,100.0,16.456,14.538,51.906,4.799,0.005416,9.739
DSM,2024-11-03,18,2024-11-02,18,24,15.692,100.0,23.036,15.803,95.181,15.021,0.010962,0.782
DSM,2024-11-04,18,2024-11-03,18,24,18.247,99.901,15.739,18.358,83.285,15.478,0.011271,2.88
DSM,2024-11-05,18,2024-11-04,18,24,10.422,100.0,29.552,10.533,85.562,8.186,0.00701,2.347
DSM,2024-11-06,18,2024-11-05,18,24,11.253,71.172,8.347,11.364,57.637,3.336,0.004898,8.028
DSM,2024-11-07,18,2024-11-06,18,24,12.646,5.0,1.872,12.757,53.176,3.474,0.004914,9.283
DSM,2024-11-08,18,2024-11-07,18,24,13.572,100.0,4.932,13.683,52.627,4.205,0.005179,9.478
DSM,2024-11-09,18,2024-11-08,18,24,8.635,100.0,23.393,8.746,87.291,6.752,0.006249,1.994
DSM,2024-11-10,18,2024-11-09,18,24,12.542,7.611,25.44,12.653,62.607,5.702,0.00584,6.951
DSM,2024-11-11,18,2024-11-10,18,24,10.408,5.372,20.022,10.519,46.48,-0.443,0.003732,10.962
DSM,2024-11-12,18,2024-11-11,18,24,9.136,0.0,22.177,9.247,49.77,-0.68,0.003659,9.927
DSM,2024-11-13,18,2024-11-12,18,24,8.009,100.0,18.082,8.12,80.093,4.895,0.005521,3.225
DSM,2024-11-14,18,2024-11-13,18,24,9.454,99.95,16.692,9.565,74.599,5.288,0.005643,4.277
DSM,2024-11-15,18,2024-11-14,18,24,13.343,0.0,13.014,13.454,46.335,2.214,0.004531,11.24
DSM,2024-11-16,18,2024-11-15,18,24,13.932,70.822,31.926,14.043,54.696,5.086,0.005595,8.957
DSM,2024-11-17,18,2024-11-16,18,24,11.264,97.897,3.686,11.375,48.72,1.003,0.00418,10.372
DSM,2024-11-18,18,2024-11-17,18,24,13.834,100.0,30.45,13.945,97.435,13.545,0.010036,0.4
DSM,2024-11-19,18,2024-11-18,18,24,11.07,0.233,28.541,11.181,59.307,3.574,0.005062,7.607
DSM,2024-11-20,18,2024-11-19,18,24,3.83,100.0,33.56,3.941,51.346,-5.171,0.002644,9.112
DSM,2024-11-21,18,2024-11-20,18,24,4.429,5.0,33.919,4.54,52.308,-4.38,0.002792,8.92
DSM,2024-11-22,18,2024-11-21,18,24,5.573,69.629,12.338,5.684,60.546,-1.331,0.003492,7.015
DSM,2024-11-23,18,2024-11-22,18,24,7.424,100.0,8.74,7.535,44.978,-3.627,0.002959,11.162
DSM,2024-11-24,18,2024-11-23,18,24,12.09,100.0,10.694,12.201,64.844,5.799,0.005907,6.402
DSM,2024-11-25,18,2024-11-24,18,24,3.612,5.0,29.783,3.723,51.566,-5.321,0.002597,9.044
DSM,2024-11-26,18,2024-11-25,18,24,5.126,100.0,17.087,5.237,38.947,-7.601,0.002178,12.838
DSM,2024-11-27,18,2024-11-26,18,24,4.846,100.0,8.237,4.957,52.187,-3.996,0.002887,8.953
DSM,2024-11-28,18,2024-11-27,18,24,-0.087,75.127,21.304,0.024,49.192,-9.342,0.001895,9.366
DSM,2024-11-29,18,2024-11-28,18,24,-3.43,4.159,22.071,-3.319,27.73,-19.429,0.000826,16.11
DSM,2024-11-30,18,2024-11-29,18,24,-3.79,84.873,11.403,-3.679,29.13,-19.136,0.000849,15.457
DSM,2024-12-01,18,2024-11-30,18,24,-3.366,92.038,13.648,-3.255,35.277,-16.545,0.001059,13.29
DSM,2024-12-02,18,2024-12-01,18,24,-3.513,100.0,21.214,-3.402,54.347,-11.366,0.001601,7.964
DSM,2024-12-03,18,2024-12-02,18,24,-0.909,9.534,22.316,-0.798,43.814,-11.573,0.001581,10.775
DSM,2024-12-04,18,2024-12-03,18,24,5.359,5.234,31.452,5.47,66.127,-0.322,0.003785,5.792
DSM,2024-12-05,18,2024-12-04,18,24,-6.312,0.041,16.558,-6.201,46.956,-15.909,0.001104,9.708
DSM,2024-12-06,18,2024-12-05,18,24,3.27,0.0,21.999,3.381,30.327,-12.401,0.001486,15.782
DSM,2024-12-07,18,2024-12-06,18,24,10.291,97.031,24.434,10.402,44.906,-1.019,0.0036,11.421
DSM,2024-12-08,18,2024-12-07,18,24,12.506,0.0,25.812,12.617,61.359,5.406,0.00575,7.211
DSM,2024-12-09,18,2024-12-08,18,24,10.208,32.853,22.935,10.319,31.968,-5.624,0.002561,15.943
DSM,2024-12-10,18,2024-12-09,18,24,0.966,88.379,19.012,1.077,52.264,-7.598,0.002184,8.675
DSM,2024-12-11,18,2024-12-10,18,24,-4.799,4.859,30.506,-4.688,37.872,-17.017,0.001022,12.329
DSM,2024-12-12,18,2024-12-11,18,24,-8.92,82.293,7.607,-8.809,39.378,-20.702,0.000747,11.893
DSM,2024-12-13,18,2024-12-12,18,24,-5.858,100.0,24.797,-5.747,46.324,-15.66,0.001133,9.913
DSM,2024-12-14,18,2024-12-13,18,24,0.692,100.0,17.435,0.803,98.445,0.587,0.004024,0.216
DSM,2024-12-15,18,2024-12-14,18,24,3.733,100.0,14.819,3.844,92.461,2.712,0.004701,1.132
DSM,2024-12-16,18,2024-12-15,18,24,7.647,0.273,28.584,7.758,54.297,-0.892,0.00363,8.65
DSM,2024-12-17,18,2024-12-16,18,24,3.384,100.0,6.624,3.495,53.992,-4.956,0.002665,8.451
DSM,2024-12-18,18,2024-12-17,18,24,-0.347,3.752,19.922,-0.236,51.767,-8.949,0.001944,8.713
DSM,2024-12-19,18,2024-12-18,18,24,7.274,4.835,26.85,7.385,52.63,-1.649,0.003439,9.034
DSM,2024-12-20,18,2024-12-19,18,24,-3.119,56.131,19.187,-3.008,56.525,-10.504,0.00172,7.496
DSM,2024-12-21,18,2024-12-20,18,24,-1.449,5.257,13.241,-1.338,56.244,-8.931,0.001945,7.593
DSM,2024-12-22,18,2024-12-21,18,24,4.366,8.634,28.123,4.477,52.483,-4.386,0.002793,8.863
DSM,2024-12-23,18,2024-12-22,18,24,5.489,96.338,12.782,5.6,59.313,-1.709,0.003408,7.309
DSM,2024-12-24,18,2024-12-23,18,24,3.04,100.0,8.504,3.151,74.541,-0.944,0.003578,4.095
DSM,2024-12-25,18,2024-12-24,18,24,5.698,82.663,16.362,5.809,69.528,0.649,0.004043,5.16
DSM,2024-12-26,18,2024-12-25,18,24,5.432,100.0,9.281,5.543,94.152,4.678,0.005399,0.865
DSM,2024-12-27,18,2024-12-26,18,24,6.798,100.0,7.739,6.909,98.948,6.744,0.006307,0.165
DSM,2024-12-28,18,2024-12-27,18,24,9.765,25.754,7.113,9.876,62.56,3.078,0.004847,6.798
DSM,2024-12-29,18,2024-12-28,18,24,8.537,45.13,2.047,8.648,59.763,1.282,0.004284,7.366
DSM,2024-12-30,18,2024-12-29,18,24,5.932,100.0,8.325,6.043,73.763,1.718,0.004433,4.325
DSM,2024-12-31,18,2024-12-30,18,24,1.125,17.116,28.103,1.236,59.472,-5.79,0.002516,7.026
DSM,2025-01-01,18,2024-12-31,18,24,-0.632,5.0,22.587,-0.521,48.691,-9.99,0.001801,9.469
DSM,2025-01-02,18,2025-01-01,18,24,-1.096,99.195,16.928,-0.985,85.669,-3.115,0.003056,2.13
DSM,2025-01-03,18,2025-01-02,18,24,-6.047,84.713,19.793,-5.936,57.386,-13.209,0.001381,7.273
DSM,2025-01-04,18,2025-01-03,18,24,-8.463,100.0,8.563,-8.352,58.899,-15.349,0.001159,6.997
DSM,2025-01-05,18,2025-01-04,18,24,-8.187,100.0,23.993,-8.076,48.511,-17.388,0.000986,9.312
DSM,2025-01-06,18,2025-01-05,18,24,-6.765,2.094,18.869,-6.654,57.433,-13.915,0.001308,7.261
DSM,2025-01-07,18,2025-01-06,18,24,-5.592,99.505,12.467,-5.481,38.117,-17.698,0.000951,12.217
DSM,2025-01-08,18,2025-01-07,18,24,-6.523,0.744,11.634,-6.412,52.88,-14.7,0.001226,8.288
DSM,2025-01-09,18,2025-01-08,18,24,-0.659,89.78,19.707,-0.548,66.727,-6.017,0.002465,5.469
DSM,2025-01-10,18,2025-01-09,18,24,-1.445,99.147,14.038,-1.334,69.423,-6.197,0.002441,4.863
DSM,2025-01-11,18,2025-01-10,18,24,-1.079,100.0,19.003,-0.968,69.827,-5.798,0.002537,4.83
DSM,2025-01-12,18,2025-01-11,18,24,-2.404,100.0,30.079,-2.293,63.099,-8.385,0.002065,6.092
DSM,2025-01-13,18,2025-01-12,18,24,-7.994,5.0,20.249,-7.883,54.961,-15.728,0.001131,7.845
DSM,2025-01-14,18,2025-01-13,18,24,-11.352,0.0,14.829,-11.241,48.239,-20.74,0.000734,9.499
DSM,2025-01-15,18,2025-01-14,18,24,-5.07,5.0,21.387,-4.959,49.524,-14.091,0.001294,9.132
DSM,2025-01-16,18,2025-01-15,18,24,2.753,5.0,20.226,2.864,61.889,-3.755,0.002933,6.619
DSM,2025-01-17,18,2025-01-16,18,24,6.64,0.0,21.608,6.751,51.588,-2.53,0.003258,9.281
DSM,2025-01-18,18,2025-01-17,18,24,-8.352,66.86,27.963,-8.241,31.287,-22.648,0.000626,14.407
DSM,2025-01-19,18,2025-01-18,18,24,-15.571,0.0,25.784,-15.46,31.807,-29.764,0.000325,14.304
DSM,2025-01-20,18,2025-01-19,18,24,-13.05,100.0,23.377,-12.939,38.604,-25.03,0.000501,12.091
DSM,2025-01-21,18,2025-01-20,18,24,-16.044,0.0,14.321,-15.933,29.333,-31.099,0.000286,15.166
DSM,2025-01-22,18,2025-01-21,18,24,-3.181,100.0,15.352,-3.07,66.626,-8.517,0.002046,5.447
DSM,2025-01-23,18,2025-01-22,18,24,-10.944,100.0,19.284,-10.833,53.104,-19.194,0.000839,8.361
DSM,2025-01-24,18,2025-01-23,18,24,-4.408,100.0,25.599,-4.297,53.945,-12.39,0.0015,8.093
DSM,2025-01-25,18,2025-01-24,18,24,0.652,95.818,24.178,0.763,57.335,-6.727,0.00233,7.49
DSM,2025-01-26,18,2025-01-25,18,24,-3.18,100.0,12.028,-3.069,43.162,-13.89,0.001307,10.821
DSM,2025-01-27,18,2025-01-26,18,24,4.586,0.223,32.01,4.697,29.464,-11.615,0.001597,16.312
DSM,2025-01-28,18,2025-01-27,18,24,7.149,2.728,30.563,7.26,47.891,-3.016,0.003119,10.276
DSM,2025-01-29,18,2025-01-28,18,24,6.821,4.024,9.971,6.932,41.815,-5.127,0.002639,12.059
DSM,2025-01-30,18,2025-01-29,18,24,8.765,53.804,7.564,8.876,58.965,1.309,0.004279,7.567
DSM,2025-01-31,18,2025-01-30,18,24,6.996,63.868,26.023,7.107,66.557,1.257,0.004273,5.85
DSM,2025-02-01,18,2025-01-31,18,24,4.279,100.0,28.537,4.39,59.52,-2.79,0.003143,7.18
DSM,2025-02-02,18,2025-02-01,18,24,10.736,77.424,7.239,10.847,48.989,0.601,0.004051,10.246
DSM,2025-02-03,18,2025-02-02,18,24,5.682,70.543,23.722,5.793,67.334,0.247,0.00395,5.546
DSM,2025-02-04,18,2025-02-03,18,24,-4.707,94.564,16.186,-4.596,26.824,-20.973,0.000718,16.377
DSM,2025-02-05,18,2025-02-04,18,24,-2.722,100.0,19.326,-2.611,62.441,-8.844,0.00198,6.233
DSM,2025-02-06,18,2025-02-05,18,24,2.638,16.204,16.237,2.749,30.118,-13.03,0.001419,15.779
DSM,2025-02-07,18,2025-02-06,18,24,1.261,100.0,10.741,1.372,27.324,-15.363,0.00116,16.735
DSM,2025-02-08,18,2025-02-07,18,24,2.672,26.702,23.973,2.783,52.063,-6.087,0.002459,8.87
DSM,2025-02-09,18,2025-02-08,18,24,-3.234,96.126,7.89,-3.123,30.806,-18.005,0.000928,14.882
DSM,2025-02-10,18,2025-02-09,18,24,-2.106,100.0,9.091,-1.995,40.241,-13.768,0.001322,11.773
DSM,2025-02-11,18,2025-02-10,18,24,-7.584,94.533,19.869,-7.473,35.981,-20.318,0.000765,12.845
DSM,2025-02-12,18,2025-02-11,18,24,-8.977,100.0,19.499,-8.866,88.706,-10.857,0.001692,1.991
DSM,2025-02-13,18,2025-02-12,18,24,-12.913,5.0,14.202,-12.802,71.553,-17.792,0.000945,4.99
DSM,2025-02-14,18,2025-02-13,18,24,-3.668,100.0,27.831,-3.557,77.757,-6.949,0.002284,3.392
DSM,2025-02-15,18,2025-02-14,18,24,-3.877,100.0,20.054,-3.766,94.783,-4.556,0.002772,0.79
DSM,2025-02-16,18,2025-02-15,18,24,-12.44,100.0,26.13,-12.329,78.702,-16.106,0.001094,3.777
DSM,2025-02-17,18,2025-02-16,18,24,-14.492,100.0,16.765,-14.381,75.059,-19.018,0.000855,4.637
DSM,2025-02-18,18,2025-02-17,18,24,-18.007,100.0,16.265,-17.896,73.267,-23.292,0.000583,5.396
DSM,2025-02-19,18,2025-02-18,18,24,-16.163,100.0,19.691,-16.052,72.94,-21.216,0.000699,5.164
DSM,2025-02-20,18,2025-02-19,18,24,-13.744,80.731,13.177,-13.633,76.908,-17.885,0.000931,4.252
DSM,2025-02-21,18,2025-02-20,18,24,-8.565,5.0,17.005,-8.454,70.289,-13.33,0.001363,4.876
DSM,2025-02-22,18,2025-02-21,18,24,-1.951,5.0,20.416,-1.84,70.731,-6.463,0.002371,4.623
DSM,2025-02-23,18,2025-02-22,18,24,5.472,0.773,13.25,5.583,74.341,1.322,0.004269,4.261
DSM,2025-02-24,18,2025-02-23,18,24,10.088,100.0,11.934,10.199,63.365,3.572,0.005033,6.627
DSM,2025-02-25,18,2025-02-24,18,24,10.432,60.034,10.961,10.543,60.851,3.327,0.004932,7.216
DSM,2025-02-26,18,2025-02-25,18,24,6.858,99.95,27.325,6.969,76.721,3.154,0.004881,3.815
DSM,2025-02-27,18,2025-02-26,18,24,8.384,2.913,25.066,8.495,50.598,-1.184,0.003546,9.679
DSM,2025-02-28,18,2025-02-27,18,24,13.271,100.0,34.275,13.382,41.299,0.566,0.004065,12.816
DSM,2025-03-01,18,2025-02-28,18,24,-0.266,95.658,16.699,-0.155,27.332,-16.777,0.001036,16.622
DSM,2025-03-02,18,2025-03-01,18,24,4.816,6.666,16.382,4.927,28.95,-11.629,0.001585,16.556
DSM,2025-03-03,18,2025-03-02,18,24,12.927,25.223,25.633,13.038,59.836,5.464,0.005734,7.574
DSM,2025-03-04,18,2025-03-03,18,24,10.459,100.0,14.638,10.57,98.614,10.387,0.008176,0.183
DSM,2025-03-05,18,2025-03-04,18,24,-1.592,100.0,44.191,-1.481,84.845,-3.625,0.002993,2.144
DSM,2025-03-06,18,2025-03-05,18,24,3.296,100.0,13.35,3.407,59.632,-3.694,0.002952,7.101
DSM,2025-03-07,18,2025-03-06,18,24,0.391,100.0,16.926,0.502,99.8,0.485,0.00404,0.017
DSM,2025-03-08,18,2025-03-07,18,24,6.114,0.0,18.831,6.225,50.301,-3.335,0.003019,9.56
DSM,2025-03-09,18,2025-03-08,18,24,10.774,94.497,20.112,10.885,55.284,2.298,0.004567,8.587
DSM,2025-03-10,18,2025-03-09,18,24,17.161,0.0,28.271,17.272,41.886,4.244,0.005299,13.028
DSM,2025-03-11,18,2025-03-10,18,24,10.454,83.86,17.739,10.565,53.721,1.535,0.004374,9.03
DSM,2025-03-12,18,2025-03-11,18,24,13.207,48.859,8.202,13.318,53.941,4.229,0.005292,9.089
DSM,2025-03-13,18,2025-03-12,18,24,17.053,2.665,13.426,17.164,51.711,7.171,0.006479,9.993
DSM,2025-03-14,18,2025-03-13,18,24,21.409,100.0,33.451,21.52,48.593,10.311,0.008148,11.209
DSM,2025-03-15,18,2025-03-14,18,24,6.762,99.923,33.539,6.873,62.271,0.191,0.004004,6.682
DSM,2025-03-16,18,2025-03-15,18,24,4.175,92.82,24.734,4.286,28.555,-12.369,0.001501,16.655
DSM,2025-03-17,18,2025-03-16,18,24,15.623,5.0,29.543,15.734,40.145,2.327,0.004602,13.407
DSM,2025-03-18,18,2025-03-17,18,24,19.277,96.464,22.782,19.388,40.695,5.741,0.005919,13.647
DSM,2025-03-19,18,2025-03-18,18,24,9.124,66.21,42.908,9.235,75.35,5.038,0.005703,4.197
DSM,2025-03-20,18,2025-03-19,18,24,5.485,4.793,18.213,5.596,39.967,-6.985,0.002291,12.581
DSM,2025-03-21,18,2025-03-20,18,24,10.347,80.077,24.572,10.458,55.634,1.946,0.004517,8.512
DSM,2025-03-22,18,2025-03-21,18,24,10.576,100.0,16.502,10.687,47.473,-0.035,0.003879,10.722
DSM,2025-03-23,18,2025-03-22,18,24,5.363,97.516,35.287,5.474,86.399,3.35,0.004972,2.124
DSM,2025-03-24,18,2025-03-23,18,24,9.374,100.0,13.347,9.485,40.184,-3.372,0.003025,12.857
DSM,2025-03-25,18,2025-03-24,18,24,8.651,63.215,12.036,8.762,72.93,4.115,0.005181,4.647
DSM,2025-03-26,18,2025-03-25,18,24,14.271,81.039,12.209,14.382,33.697,-1.335,0.003478,15.717
DSM,2025-03-27,18,2025-03-26,18,24,18.048,77.115,11.808,18.159,62.484,10.941,0.008291,7.218
DSM,2025-03-28,18,2025-03-27,18,24,22.715,0.0,37.709,22.826,60.111,14.74,0.010764,8.086
DSM,2025-03-29,18,2025-03-28,18,24,17.889,100.0,18.921,18.0,76.404,13.815,0.010122,4.185
DSM,2025-03-30,18,2025-03-29,18,24,4.134,100.0,26.356,4.245,80.492,1.252,0.00428,2.993
DSM,2025-03-31,18,2025-03-30,18,24,7.255,55.527,16.228,7.366,53.836,-1.351,0.003503,8.717
DSM,2025-04-01,18,2025-03-31,18,24,6.717,100.0,32.879,6.828,70.999,1.909,0.004483,4.919
DSM,2025-04-02,18,2025-04-01,18,24,19.035,5.906,45.327,19.146,53.943,9.549,0.007807,9.597
DSM,2025-04-03,18,2025-04-02,18,24,9.731,100.0,12.649,9.842,55.17,1.298,0.004237,8.544
DSM,2025-04-04,18,2025-04-03,18,24,8.555,100.0,13.899,8.666,70.249,3.532,0.004949,5.134
DSM,2025-04-05,18,2025-04-04,18,24,6.048,98.467,26.002,6.159,43.273,-5.367,0.002571,11.526
DSM,2025-04-06,18,2025-04-05,18,24,8.967,2.206,5.677,9.078,37.644,-4.626,0.00274,13.704
DSM,2025-04-07,18,2025-04-06,18,24,5.544,0.0,23.07,5.655,38.107,-7.502,0.002196,13.157
DSM,2025-04-08,18,2025-04-07,18,24,8.683,0.141,14.536,8.794,33.937,-6.172,0.002432,14.966
DSM,2025-04-09,18,2025-04-08,18,24,14.498,42.902,20.193,14.609,61.415,7.345,0.006532,7.264
DSM,2025-04-10,18,2025-04-09,18,24,15.514,93.766,29.341,15.625,47.88,4.638,0.005392,10.987
DSM,2025-04-11,18,2025-04-10,18,24,10.302,99.155,7.564,10.413,60.737,3.114,0.004803,7.299
DSM,2025-04-12,18,2025-04-11,18,24,17.184,98.147,28.809,17.295,51.111,7.115,0.006426,10.18
DSM,2025-04-13,18,2025-04-12,18,24,19.429,100.0,17.329,19.54,61.27,11.934,0.008978,7.606
DSM,2025-04-14,18,2025-04-13,18,24,12.273,81.014,34.445,12.384,47.996,1.67,0.004379,10.714
DSM,2025-04-15,18,2025-04-14,18,24,11.98,0.268,27.289,12.091,36.471,-2.343,0.003238,14.434
DSM,2025-04-16,18,2025-04-15,18,24,16.992,98.172,26.543,17.103,41.892,4.093,0.005193,13.01
DSM,2025-04-17,18,2025-04-16,18,24,16.701,100.0,22.429,16.812,86.406,14.564,0.010681,2.248
DSM,2025-04-18,18,2025-04-17,18,24,11.316,100.0,21.325,11.427,82.115,8.472,0.007121,2.955
DSM,2025-04-19,18,2025-04-18,18,24,11.024,88.108,12.262,11.135,40.21,-1.838,0.003359,12.973
DSM,2025-04-20,18,2025-04-19,18,24,6.454,100.0,22.261,6.565,95.91,5.974,0.005924,0.591
DSM,2025-04-21,18,2025-04-20,18,24,16.151,0.0,13.748,16.262,49.792,5.822,0.005865,10.44
DSM,2025-04-22,18,2025-04-21,18,24,20.1,100.0,8.29,20.211,45.559,8.132,0.006871,12.079
DSM,2025-04-23,18,2025-04-22,18,24,21.653,99.835,11.934,21.764,64.663,14.873,0.010733,6.891
DSM,2025-04-24,18,2025-04-23,18,24,19.791,100.0,14.738,19.902,74.221,15.153,0.010936,4.749
DSM,2025-04-25,18,2025-04-24,18,24,13.087,100.0,20.521,13.198,82.346,10.292,0.007902,2.906
DSM,2025-04-26,18,2025-04-25,18,24,13.454,0.0,17.218,13.565,48.892,3.028,0.004775,10.537
DSM,2025-04-27,18,2025-04-26,18,24,13.581,99.039,26.32,13.692,77.762,9.882,0.007709,3.81
DSM,2025-04-28,18,2025-04-27,18,24,24.886,31.999,38.28,24.997,74.618,20.197,0.015245,4.8
DSM,2025-04-29,18,2025-04-28,18,24,14.897,0.0,18.063,15.008,51.061,5.024,0.005524,9.984
DSM,2025-04-30,18,2025-04-29,18,24,11.485,100.0,12.58,11.596,92.837,10.456,0.008037,1.14
DSM,2025-05-01,18,2025-04-30,18,24,16.75,100.0,13.767,16.861,82.949,13.967,0.010205,2.894
DSM,2025-05-02,18,2025-05-01,18,24,14.277,94.128,3.069,14.388,68.823,8.699,0.007171,5.689
DSM,2025-05-03,18,2025-05-02,18,24,14.255,29.452,17.016,14.366,53.002,4.929,0.005485,9.437
DSM,2025-05-04,18,2025-05-03,18,24,17.431,97.736,9.302,17.542,51.98,7.555,0.006614,9.987
DSM,2025-05-05,18,2025-05-04,18,24,18.653,2.55,13.887,18.764,49.369,7.95,0.006782,10.814
DSM,2025-05-06,18,2025-05-05,18,24,20.416,17.488,5.86,20.527,51.311,10.163,0.007858,10.364
DSM,2025-05-07,18,2025-05-06,18,24,22.08,100.0,10.217,22.191,54.169,12.477,0.009194,9.714
DSM,2025-05-08,18,2025-05-07,18,24,17.438,0.041,19.314,17.549,58.629,9.367,0.007441,8.182
DSM,2025-05-09,18,2025-05-08,18,24,18.476,47.412,5.728,18.587,47.329,7.281,0.006414,11.306
DSM,2025-05-10,18,2025-05-09,18,24,23.537,0.044,12.114,23.648,54.585,13.955,0.010071,9.693
DSM,2025-05-11,18,2025-05-10,18,24,21.953,0.0,15.943,22.064,49.435,11.051,0.008302,11.013
DSM,2025-05-12,18,2025-05-11,18,24,23.618,26.755,14.454,23.729,50.385,12.902,0.009454,10.827
DSM,2025-05-13,18,2025-05-12,18,24,24.575,44.658,10.375,24.686,57.726,15.843,0.011543,8.843
DSM,2025-05-14,18,2025-05-13,18,24,25.648,10.885,20.097,25.759,58.12,16.968,0.012463,8.791
DSM,2025-05-15,18,2025-05-14,18,24,22.77,99.337,37.491,22.881,52.65,12.77,0.009545,10.111
DSM,2025-05-16,18,2025-05-15,18,24,21.402,2.979,34.521,21.513,39.154,7.123,0.006531,14.39
DSM,2025-05-17,18,2025-05-16,18,24,13.748,51.379,26.726,13.859,59.044,6.014,0.00597,7.845
DSM,2025-05-18,18,2025-05-17,18,24,17.922,11.149,13.16,18.033,45.899,6.274,0.006034,11.759
DSM,2025-05-19,18,2025-05-18,18,24,15.732,100.0,35.728,15.843,82.937,12.972,0.009559,2.871
DSM,2025-05-20,18,2025-05-19,18,24,15.163,100.0,12.513,15.274,93.967,14.236,0.010495,1.038
DSM,2025-05-21,18,2025-05-20,18,24,13.521,24.707,26.32,13.632,61.353,6.316,0.006086,7.316
DSM,2025-05-22,18,2025-05-21,18,24,10.364,100.0,19.119,10.475,65.903,4.41,0.005287,6.065
DSM,2025-05-23,18,2025-05-22,18,24,18.155,98.781,4.186,18.266,49.559,7.595,0.006592,10.671
DSM,2025-05-24,18,2025-05-23,18,24,14.92,90.132,19.954,15.031,72.72,10.149,0.007841,4.882
DSM,2025-05-25,18,2025-05-24,18,24,12.145,100.0,18.415,12.256,93.758,11.262,0.008418,0.994
DSM,2025-05-26,18,2025-05-25,18,24,16.81,97.925,24.275,16.921,57.582,8.561,0.007019,8.36
DSM,2025-05-27,18,2025-05-26,18,24,12.225,100.0,12.696,12.336,88.067,10.471,0.007975,1.865
DSM,2025-05-28,18,2025-05-27,18,24,17.307,78.514,15.174,17.418,65.793,10.938,0.00828,6.48
DSM,2025-05-29,18,2025-05-28,18,24,18.064,4.272,12.307,18.175,61.86,10.748,0.008183,7.427
DSM,2025-05-30,18,2025-05-29,18,24,22.873,1.351,19.578,22.984,51.645,12.542,0.009249,10.442
DSM,2025-05-31,18,2025-05-30,18,24,25.664,0.0,10.342,25.775,47.945,14.02,0.01021,11.755
DSM,2025-06-01,18,2025-05-31,18,24,25.493,0.37,7.669,25.604,58.271,16.881,0.012272,8.723
DSM,2025-06-02,18,2025-06-01,18,24,27.45,92.207,26.672,27.561,54.161,17.551,0.012817,10.01
DSM,2025-06-03,18,2025-06-02,18,24,14.573,100.0,27.973,14.684,94.962,13.917,0.010184,0.767
DSM,2025-06-04,18,2025-06-03,18,24,22.039,5.028,10.519,22.15,52.441,12.006,0.008898,10.144
DSM,2025-06-05,18,2025-06-04,18,24,22.356,99.203,15.273,22.467,54.911,13.021,0.009514,9.446
DSM,2025-06-06,18,2025-06-05,18,24,20.351,99.975,6.306,20.462,71.374,15.101,0.010916,5.361
DSM,2025-06-07,18,2025-06-06,18,24,17.224,100.0,16.145,17.335,92.722,16.038,0.011675,1.297
DSM,2025-06-08,18,2025-06-07,18,24,15.224,100.0,14.993,15.335,81.56,12.157,0.009067,3.178
DSM,2025-06-09,18,2025-06-08,18,24,18.481,20.75,29.562,18.592,54.385,9.237,0.007455,9.355
DSM,2025-06-10,18,2025-06-09,18,24,24.66,0.0,17.721,24.771,49.176,13.459,0.009826,11.312
DSM,2025-06-11,18,2025-06-10,18,24,29.667,5.0,21.929,29.778,53.387,19.392,0.014343,10.386
DSM,2025-06-12,18,2025-06-11,18,24,26.233,95.314,13.986,26.344,68.577,20.15,0.01507,6.194
DSM,2025-06-13,18,2025-06-12,18,24,25.465,100.0,11.352,25.576,64.31,18.374,0.013511,7.202
DSM,2025-06-14,18,2025-06-13,18,24,27.663,22.15,8.453,27.774,60.965,19.57,0.01453,8.204
DSM,2025-06-15,18,2025-06-14,18,24,26.005,100.0,5.208,26.116,70.744,20.391,0.015255,5.725
DSM,2025-06-16,18,2025-06-15,18,24,28.389,92.85,16.036,28.5,63.021,20.87,0.015747,7.63
DSM,2025-06-17,18,2025-06-16,18,24,24.325,100.0,15.354,24.436,81.698,21.058,0.016047,3.378
DSM,2025-06-18,18,2025-06-17,18,24,24.689,60.118,9.254,24.8,69.506,18.814,0.013933,5.986
DSM,2025-06-19,18,2025-06-18,18,24,27.031,0.0,11.67,27.142,48.173,15.318,0.011076,11.824
DSM,2025-06-20,18,2025-06-19,18,24,28.242,60.227,29.6,28.353,71.412,22.69,0.017768,5.663
DSM,2025-06-21,18,2025-06-20,18,24,31.969,0.0,36.942,32.08,62.197,24.02,0.019283,8.06
DSM,2025-06-22,18,2025-06-21,18,24,32.394,0.0,37.881,32.505,53.403,21.895,0.016844,10.61
DSM,2025-06-23,18,2025-06-22,18,24,31.551,78.283,26.138,31.662,52.854,21.037,0.01586,10.625
DSM,2025-06-24,18,2025-06-23,18,24,25.137,99.514,11.335,25.248,80.952,21.731,0.016508,3.517
DSM,2025-06-25,18,2025-06-24,18,24,29.71,86.267,22.997,29.821,66.434,22.929,0.017897,6.892
DSM,2025-06-26,18,2025-06-25,18,24,29.994,18.632,24.305,30.105,63.878,22.587,0.017564,7.518
DSM,2025-06-27,18,2025-06-26,18,24,26.33,2.468,12.789,26.441,60.116,18.081,0.013261,8.36
DSM,2025-06-28,18,2025-06-27,18,24,29.852,80.318,19.961,29.963,63.653,22.338,0.017264,7.625
DSM,2025-06-29,18,2025-06-28,18,24,30.529,8.168,18.032,30.64,63.129,22.862,0.01786,7.778
DSM,2025-06-30,18,2025-06-29,18,24,26.866,65.074,13.664,26.977,66.196,20.125,0.015086,6.852
DSM,2025-07-01,18,2025-06-30,18,24,26.21,0.0,14.646,26.321,53.778,16.287,0.011736,10.034
DSM,2025-07-02,18,2025-07-01,18,24,28.206,6.128,15.604,28.317,53.54,18.05,0.013171,10.267
DSM,2025-07-03,18,2025-07-02,18,24,30.723,8.837,15.736,30.834,59.641,22.104,0.017013,8.73
DSM,2025-07-04,18,2025-07-03,18,24,31.177,0.0,23.66,31.288,50.11,19.738,0.014651,11.55
DSM,2025-07-05,18,2025-07-04,18,24,25.407,100.0,24.49,25.518,84.949,22.796,0.017724,2.722
DSM,2025-07-06,18,2025-07-05,18,24,28.785,47.833,15.162,28.896,63.379,21.349,0.01622,7.547
DSM,2025-07-07,18,2025-07-06,18,24,28.535,100.0,0.743,28.646,62.769,20.879,0.01568,7.767
DSM,2025-07-08,18,2025-07-07,18,24,25.864,100.0,16.568,25.975,62.89,18.397,0.013469,7.578
DSM,2025-07-09,18,2025-07-08,18,24,29.217,14.233,6.507,29.328,58.475,20.457,0.015279,8.871
DSM,2025-07-10,18,2025-07-09,18,24,26.653,100.0,15.498,26.764,79.756,22.921,0.01791,3.843
DSM,2025-07-11,18,2025-07-10,18,24,24.472,93.899,12.116,24.583,83.415,21.531,0.016493,3.052
DSM,2025-07-12,18,2025-07-11,18,24,24.921,97.105,15.448,25.032,62.495,17.397,0.01266,7.635
DSM,2025-07-13,18,2025-07-12,18,24,25.442,0.0,7.818,25.553,57.6,16.664,0.012028,8.889
DSM,2025-07-14,18,2025-07-13,18,24,28.32,9.797,10.399,28.431,55.591,18.734,0.013734,9.697
DSM,2025-07-15,18,2025-07-14,18,24,28.797,0.0,14.696,28.908,58.03,19.857,0.014841,9.051
DSM,2025-07-16,18,2025-07-15,18,24,28.473,62.837,19.643,28.584,67.257,21.972,0.016954,6.612
DSM,2025-07-17,18,2025-07-16,18,24,19.972,100.0,13.547,20.083,72.087,14.95,0.010746,5.133
DSM,2025-07-18,18,2025-07-17,18,24,25.484,100.0,17.351,25.595,70.05,19.733,0.014629,5.862
DSM,2025-07-19,18,2025-07-18,18,24,27.262,4.859,20.34,27.373,74.174,22.362,0.01734,5.011
DSM,2025-07-20,18,2025-07-19,18,24,26.686,94.748,16.668,26.797,79.363,22.986,0.01796,3.811
DSM,2025-07-21,18,2025-07-20,18,24,24.032,100.0,19.001,24.143,93.038,22.928,0.017883,1.215
DSM,2025-07-22,18,2025-07-21,18,24,31.113,58.774,22.253,31.224,67.387,24.511,0.019692,6.713
DSM,2025-07-23,18,2025-07-22,18,24,30.988,0.0,23.796,31.099,58.934,22.171,0.017135,8.928
DSM,2025-07-24,18,2025-07-23,18,24,28.347,66.086,4.455,28.458,68.074,22.059,0.016916,6.399
DSM,2025-07-25,18,2025-07-24,18,24,26.549,95.63,8.989,26.66,78.185,22.568,0.017455,4.092
DSM,2025-07-26,18,2025-07-25,18,24,27.704,76.599,5.48,27.815,74.088,22.818,0.017785,4.997
DSM,2025-07-27,18,2025-07-26,18,24,31.015,0.0,5.297,31.126,62.452,23.079,0.0181,8.047
DSM,2025-07-28,18,2025-07-27,18,24,32.803,0.911,14.488,32.914,62.976,24.99,0.020199,7.924
DSM,2025-07-29,18,2025-07-28,18,24,32.2,58.06,13.193,32.311,64.007,24.672,0.019828,7.639
DSM,2025-07-30,18,2025-07-29,18,24,22.405,100.0,11.222,22.516,95.921,21.863,0.016681,0.653
DSM,2025-07-31,18,2025-07-30,18,24,22.863,3.919,21.09,22.974,65.046,16.104,0.011542,6.87
EGLC,2024-08-01,12,2024-07-31,12,24,27.041,9.301,9.185,26.792,51.732,16.064,0.011355,10.728
EGLC,2024-08-02,12,2024-08-01,12,24,26.892,77.074,10.463,26.643,44.896,13.81,0.009809,12.833
EGLC,2024-08-03,12,2024-08-02,12,24,22.778,100.0,15.125,22.529,62.044,14.965,0.010578,7.564
EGLC,2024-08-04,12,2024-08-03,12,24,21.194,100.0,9.787,20.945,40.116,7.034,0.006183,13.911
EGLC,2024-08-05,12,2024-08-04,12,24,25.544,44.614,15.538,25.295,50.101,14.172,0.010029,11.123
EGLC,2024-08-06,12,2024-08-05,12,24,18.479,100.0,9.659,18.23,83.647,15.462,0.01091,2.768
EGLC,2024-08-07,12,2024-08-06,12,24,22.735,73.687,20.032,22.486,38.883,7.939,0.006612,14.547
EGLC,2024-08-08,12,2024-08-07,12,24,20.321,68.318,19.37,20.072,59.849,12.179,0.008736,7.893
EGLC,2024-08-09,12,2024-08-08,12,24,23.365,76.425,17.814,23.116,41.626,9.495,0.007311,13.621
EGLC,2024-08-10,12,2024-08-09,12,24,20.881,98.457,15.521,20.632,58.408,12.277,0.00876,8.355
EGLC,2024-08-11,12,2024-08-10,12,24,25.337,93.076,12.764,25.088,57.806,16.176,0.011339,8.912
EGLC,2024-08-12,12,2024-08-11,12,24,32.5,0.813,16.465,32.251,42.245,17.883,0.012812,14.368
EGLC,2024-08-13,12,2024-08-12,12,24,26.22,91.574,15.027,25.971,30.606,7.501,0.006431,18.47
EGLC,2024-08-14,12,2024-08-13,12,24,22.552,89.732,6.745,22.303,63.753,15.135,0.010649,7.168
EGLC,2024-08-15,12,2024-08-14,12,24,24.013,96.49,22.046,23.764,48.104,12.204,0.008791,11.56
EGLC,2024-08-16,12,2024-08-15,12,24,23.801,14.224,3.947,23.552,39.641,9.109,0.007129,14.443
EGLC,2024-08-17,12,2024-08-16,12,24,23.023,0.0,7.529,22.774,26.776,2.882,0.004646,19.892
EGLC,2024-08-18,12,2024-08-17,12,24,22.514,5.0,15.246,22.265,38.936,7.65,0.006483,14.615
EGLC,2024-08-19,12,2024-08-18,12,24,23.636,100.0,16.838,23.387,43.683,10.347,0.007757,13.04
EGLC,2024-08-20,12,2024-08-19,12,24,21.936,100.0,19.368,21.687,48.934,10.588,0.007937,11.099
EGLC,2024-08-21,12,2024-08-20,12,24,20.597,100.0,19.034,20.348,37.872,5.58,0.005571,14.768
EGLC,2024-08-22,12,2024-08-21,12,24,17.367,100.0,25.785,17.118,79.496,13.577,0.009658,3.541
EGLC,2024-08-23,12,2024-08-22,12,24,21.473,34.836,21.713,21.224,34.857,5.2,0.005499,16.024
EGLC,2024-08-24,12,2024-08-23,12,24,15.972,100.0,7.019,15.723,86.349,13.555,0.009677,2.168
EGLC,2024-08-25,12,2024-08-24,12,24,19.936,92.783,21.533,19.687,40.321,5.844,0.005693,13.843
EGLC,2024-08-26,12,2024-08-25,12,24,22.223,76.283,19.313,21.974,41.029,8.165,0.00669,13.809
EGLC,2024-08-27,12,2024-08-26,12,24,23.336,100.0,19.727,23.087,46.826,11.218,0.008195,11.869
EGLC,2024-08-28,12,2024-08-27,12,24,27.248,55.795,14.324,26.999,38.337,11.676,0.008501,15.323
EGLC,2024-08-29,12,2024-08-28,12,24,21.685,2.846,14.343,21.436,39.098,7.034,0.006165,14.402
EGLC,2024-08-30,12,2024-08-29,12,24,21.946,100.0,7.784,21.697,40.66,7.789,0.006477,13.908
EGLC,2024-08-31,12,2024-08-30,12,24,21.532,83.144,22.568,21.283,49.727,10.417,0.007752,10.866
EGLC,2024-09-01,12,2024-08-31,12,24,25.503,91.558,13.316,25.254,59.437,16.813,0.011916,8.441
EGLC,2024-09-02,12,2024-09-01,12,24,22.35,100.0,18.99,22.101,72.238,16.836,0.011958,5.265
EGLC,2024-09-03,12,2024-09-02,12,24,23.068,7.325,15.025,22.819,55.943,13.577,0.009661,9.242
EGLC,2024-09-04,12,2024-09-03,12,24,21.485,91.637,8.715,21.236,43.062,8.307,0.006743,12.929
EGLC,2024-09-05,12,2024-09-04,12,24,16.642,100.0,14.555,16.393,96.377,15.862,0.011166,0.531
EGLC,2024-09-06,12,2024-09-05,12,24,17.624,100.0,13.572,17.375,89.367,15.563,0.010977,1.812
EGLC,2024-09-07,12,2024-09-06,12,24,22.318,59.971,9.185,22.069,54.857,12.71,0.009086,9.359
EGLC,2024-09-08,12,2024-09-07,12,24,18.983,79.002,16.623,18.734,67.77,12.571,0.009153,6.163
EGLC,2024-09-09,12,2024-09-08,12,24,14.588,94.39,17.248,14.339,76.949,10.414,0.007823,3.925
EGLC,2024-09-10,12,2024-09-09,12,24,17.398,100.0,22.911,17.149,68.074,11.14,0.008271,6.009
EGLC,2024-09-11,12,2024-09-10,12,24,14.299,100.0,22.155,14.05,44.208,1.995,0.004381,12.055
EGLC,2024-09-12,12,2024-09-11,12,24,15.293,28.697,13.675,15.044,42.347,2.291,0.004447,12.753
EGLC,2024-09-13,12,2024-09-12,12,24,15.066,99.99,9.011,14.817,39.539,1.265,0.00407,13.552
EGLC,2024-09-14,12,2024-09-13,12,24,17.677,91.822,11.165,17.428,46.126,5.776,0.005587,11.652
EGLC,2024-09-15,12,2024-09-14,12,24,19.164,100.0,12.132,18.915,41.101,5.401,0.005499,13.514
EGLC,2024-09-16,12,2024-09-15,12,24,19.704,100.0,11.845,19.455,48.683,8.369,0.006718,11.086
EGLC,2024-09-17,12,2024-09-16,12,24,19.721,8.864,17.724,19.472,48.501,8.379,0.006708,11.093
EGLC,2024-09-18,12,2024-09-17,12,24,22.818,4.458,19.953,22.569,49.561,11.522,0.008314,11.047
EGLC,2024-09-19,12,2024-09-18,12,24,24.015,0.0,22.291,23.766,42.727,10.408,0.007726,13.358
EGLC,2024-09-20,12,2024-09-19,12,24,22.673,0.0,20.882,22.424,43.439,9.476,0.007284,12.948
EGLC,2024-09-21,12,2024-09-20,12,24,23.588,0.257,13.248,23.339,49.46,12.171,0.008757,11.168
EGLC,2024-09-22,12,2024-09-21,12,24,18.66,100.0,13.697,18.411,84.834,15.784,0.011137,2.627
EGLC,2024-09-23,12,2024-09-22,12,24,19.159,95.732,18.813,18.91,64.937,12.18,0.008878,6.73
EGLC,2024-09-24,12,2024-09-23,12,24,16.521,89.413,12.772,16.272,71.479,11.107,0.008281,5.165
EGLC,2024-09-25,12,2024-09-24,12,24,13.43,100.0,5.108,13.181,85.106,10.785,0.008088,2.396
EGLC,2024-09-26,12,2024-09-25,12,24,17.826,4.003,22.108,17.577,63.661,10.738,0.008173,6.839
EGLC,2024-09-27,12,2024-09-26,12,24,11.088,100.0,23.707,10.839,78.255,7.274,0.006372,3.565
EGLC,2024-09-28,12,2024-09-27,12,24,13.406,5.015,11.434,13.157,48.439,2.606,0.004488,10.551
EGLC,2024-09-29,12,2024-09-28,12,24,14.349,100.0,21.931,14.1,50.421,3.965,0.004978,10.135
EGLC,2024-09-30,12,2024-09-29,12,24,15.239,97.957,15.021,14.99,94.058,14.047,0.010065,0.943
EGLC,2024-10-01,12,2024-09-30,12,24,11.763,100.0,18.939,11.514,90.623,10.035,0.007655,1.479
EGLC,2024-10-02,12,2024-10-01,12,24,16.452,99.696,19.885,16.203,65.706,9.696,0.007447,6.507
EGLC,2024-10-03,12,2024-10-02,12,24,13.841,83.306,9.418,13.592,64.759,7.057,0.006171,6.535
EGLC,2024-10-04,12,2024-10-03,12,24,15.752,99.327,8.216,15.503,49.406,4.964,0.005346,10.539
EGLC,2024-10-05,12,2024-10-04,12,24,16.644,0.0,16.29,16.395,52.106,6.554,0.005996,9.841
EGLC,2024-10-06,12,2024-10-05,12,24,16.648,73.63,20.794,16.399,61.82,9.101,0.007237,7.298
EGLC,2024-10-07,12,2024-10-06,12,24,17.837,42.423,20.62,17.588,61.195,10.048,0.007709,7.54
EGLC,2024-10-08,12,2024-10-07,12,24,17.456,5.0,22.195,17.207,63.974,10.262,0.007918,6.945
EGLC,2024-10-09,12,2024-10-08,12,24,15.108,94.598,7.847,14.859,73.648,10.297,0.007964,4.562
EGLC,2024-10-10,12,2024-10-09,12,24,12.062,30.462,14.343,11.813,49.698,1.673,0.004282,10.14
EGLC,2024-10-11,12,2024-10-10,12,24,11.683,5.0,5.036,11.434,45.409,0.178,0.003797,11.256
EGLC,2024-10-12,12,2024-10-11,12,24,12.663,100.0,15.934,12.414,86.532,10.209,0.007753,2.205
EGLC,2024-10-13,12,2024-10-12,12,24,10.169,100.0,7.849,9.92,52.127,0.553,0.003903,9.367
EGLC,2024-10-14,12,2024-10-13,12,24,11.052,100.0,11.044,10.803,89.55,9.164,0.007173,1.639
EGLC,2024-10-15,12,2024-10-14,12,24,15.645,100.0,14.533,15.396,83.982,12.709,0.009093,2.687
EGLC,2024-10-16,12,2024-10-15,12,24,19.888,62.593,18.49,19.639,79.58,16.03,0.01141,3.609
EGLC,2024-10-17,12,2024-10-16,12,24,16.742,100.0,11.183,16.493,63.486,9.581,0.007399,6.912
EGLC,2024-10-18,12,2024-10-17,12,24,16.496,0.0,9.905,16.247,58.03,7.996,0.006625,8.251
EGLC,2024-10-19,12,2024-10-18,12,24,14.268,100.0,11.878,14.019,77.426,10.154,0.00769,3.865
EGLC,2024-10-20,12,2024-10-19,12,24,15.322,100.0,30.032,15.073,90.657,13.549,0.00966,1.524
EGLC,2024-10-21,12,2024-10-20,12,24,15.177,99.532,16.17,14.928,51.236,4.956,0.005328,9.972
EGLC,2024-10-22,12,2024-10-21,12,24,15.797,97.529,18.545,15.548,64.227,8.842,0.006924,6.706
EGLC,2024-10-23,12,2024-10-22,12,24,16.521,96.479,12.726,16.272,68.94,10.571,0.00776,5.701
EGLC,2024-10-24,12,2024-10-23,12,24,16.335,0.0,17.605,16.086,65.158,9.576,0.007348,6.51
EGLC,2024-10-25,12,2024-10-24,12,24,17.426,100.0,16.013,17.177,77.696,13.257,0.009434,3.92
EGLC,2024-10-26,12,2024-10-25,12,24,13.464,99.233,3.916,13.215,87.244,11.147,0.008185,2.068
EGLC,2024-10-27,12,2024-10-26,12,24,13.508,98.354,1.179,13.259,51.643,3.549,0.004821,9.71
EGLC,2024-10-28,12,2024-10-27,12,24,16.316,59.782,18.371,16.067,74.922,11.635,0.008399,4.432
EGLC,2024-10-29,12,2024-10-28,12,24,13.791,99.774,7.334,13.542,79.077,9.995,0.007514,3.547
EGLC,2024-10-30,12,2024-10-29,12,24,14.728,14.441,4.619,14.479,67.973,8.663,0.006837,5.816
EGLC,2024-10-31,12,2024-10-30,12,24,15.519,5.0,1.985,15.27,68.324,9.512,0.007256,5.758
EGLC,2024-11-01,12,2024-10-31,12,24,14.444,0.0,8.31,14.195,65.332,7.797,0.006473,6.398
EGLC,2024-11-02,12,2024-11-01,12,24,14.34,99.995,9.306,14.091,77.457,10.232,0.007592,3.859
EGLC,2024-11-03,12,2024-11-02,12,24,14.814,5.19,12.114,14.565,64.512,7.98,0.006529,6.585
EGLC,2024-11-04,12,2024-11-03,12,24,14.121,87.678,9.562,13.872,64.945,7.397,0.006293,6.475
EGLC,2024-11-05,12,2024-11-04,12,24,14.4,5.0,2.185,14.151,58.904,6.279,0.005846,7.872
EGLC,2024-11-06,12,2024-11-05,12,24,14.428,5.005,0.486,14.179,72.101,9.23,0.007093,4.949
EGLC,2024-11-07,12,2024-11-06,12,24,14.471,75.998,8.924,14.222,70.134,8.87,0.006924,5.352
EGLC,2024-11-08,12,2024-11-07,12,24,12.658,16.767,10.681,12.409,62.95,5.578,0.005555,6.831
EGLC,2024-11-09,12,2024-11-08,12,24,9.925,100.0,2.809,9.676,69.54,4.395,0.005114,5.281
EGLC,2024-11-10,12,2024-11-09,12,24,11.826,83.26,6.437,11.577,61.215,4.368,0.005085,7.209
EGLC,2024-11-11,12,2024-11-10,12,24,10.903,100.0,14.077,10.654,59.552,3.103,0.004617,7.551
EGLC,2024-11-12,12,2024-11-11,12,24,11.447,13.158,21.934,11.198,57.988,3.23,0.004665,7.968
EGLC,2024-11-13,12,2024-11-12,12,24,11.376,98.667,8.882,11.127,69.073,5.699,0.005537,5.428
EGLC,2024-11-14,12,2024-11-13,12,24,11.792,0.0,14.785,11.543,64.421,5.098,0.005332,6.445
EGLC,2024-11-15,12,2024-11-14,12,24,10.096,77.594,5.972,9.847,67.298,4.066,0.004983,5.781
EGLC,2024-11-16,12,2024-11-15,12,24,9.023,99.954,9.314,8.774,75.367,4.68,0.005245,4.094
EGLC,2024-11-17,12,2024-11-16,12,24,9.58,6.003,16.98,9.331,57.776,1.44,0.004175,7.891
EGLC,2024-11-18,12,2024-11-17,12,24,7.438,100.0,3.054,7.189,73.927,2.848,0.004636,4.341
EGLC,2024-11-19,12,2024-11-18,12,24,3.592,100.0,14.359,3.343,94.785,2.646,0.004614,0.697
EGLC,2024-11-20,12,2024-11-19,12,24,3.017,35.886,13.592,2.768,86.532,0.747,0.004002,2.021
EGLC,2024-11-21,12,2024-11-20,12,24,3.674,100.0,11.706,3.425,53.144,-5.214,0.002602,8.639
EGLC,2024-11-22,12,2024-11-21,12,24,6.027,68.95,21.415,5.778,65.206,-0.247,0.003729,6.025
EGLC,2024-11-23,12,2024-11-22,12,24,9.318,100.0,32.794,9.069,85.385,6.75,0.006154,2.319
EGLC,2024-11-24,12,2024-11-23,12,24,15.77,100.0,43.467,15.521,70.321,10.159,0.007809,5.362
EGLC,2024-11-25,12,2024-11-24,12,24,11.017,100.0,17.484,10.768,71.191,5.762,0.005754,5.006
EGLC,2024-11-26,12,2024-11-25,12,24,9.336,0.474,11.553,9.087,63.601,2.582,0.004532,6.505
EGLC,2024-11-27,12,2024-11-26,12,24,6.011,100.0,18.515,5.762,87.083,3.809,0.004964,1.953
EGLC,2024-11-28,12,2024-11-27,12,24,5.974,99.99,3.209,5.725,67.704,0.239,0.003781,5.486
EGLC,2024-11-29,12,2024-11-28,12,24,8.899,65.484,16.325,8.65,67.776,3.059,0.004641,5.591
EGLC,2024-11-30,12,2024-11-29,12,24,12.614,100.0,9.575,12.365,88.575,10.517,0.007784,1.848
EGLC,2024-12-01,12,2024-11-30,12,24,12.762,100.0,16.471,12.513,87.614,10.515,0.007859,1.998
EGLC,2024-12-02,12,2024-12-01,12,24,9.015,23.436,16.4,8.766,71.655,3.948,0.005012,4.818
EGLC,2024-12-03,12,2024-12-02,12,24,7.302,85.162,5.697,7.053,66.081,1.152,0.004061,5.901
EGLC,2024-12-04,12,2024-12-03,12,24,7.866,100.0,8.429,7.617,72.804,3.036,0.004639,4.581
EGLC,2024-12-05,12,2024-12-04,12,24,13.01,100.0,17.447,12.761,84.66,10.27,0.007756,2.491
EGLC,2024-12-06,12,2024-12-05,12,24,8.119,91.297,15.631,7.87,60.735,0.761,0.003968,7.109
EGLC,2024-12-07,12,2024-12-06,12,24,5.857,100.0,34.522,5.608,90.268,4.12,0.005205,1.488
EGLC,2024-12-08,12,2024-12-07,12,24,6.268,100.0,32.799,6.019,90.637,4.612,0.005228,1.407
EGLC,2024-12-09,12,2024-12-08,12,24,7.881,99.057,23.13,7.632,72.45,2.994,0.004605,4.638
EGLC,2024-12-10,12,2024-12-09,12,24,7.637,100.0,20.627,7.388,76.192,3.459,0.00475,3.929
EGLC,2024-12-11,12,2024-12-10,12,24,7.852,100.0,14.236,7.603,71.976,2.888,0.004563,4.715
EGLC,2024-12-12,12,2024-12-11,12,24,8.274,100.0,5.684,8.025,91.149,6.657,0.005949,1.368
EGLC,2024-12-13,12,2024-12-12,12,24,7.462,93.177,3.65,7.213,74.222,2.922,0.004605,4.291
EGLC,2024-12-14,12,2024-12-13,12,24,7.534,63.681,14.457,7.285,68.995,1.979,0.004316,5.306
EGLC,2024-12-15,12,2024-12-14,12,24,10.674,55.058,14.564,10.425,88.044,8.529,0.006776,1.896
EGLC,2024-12-16,12,2024-12-15,12,24,11.441,100.0,19.358,11.192,63.581,4.559,0.005137,6.633
EGLC,2024-12-17,12,2024-12-16,12,24,10.51,100.0,14.473,10.261,83.983,7.685,0.006416,2.576
EGLC,2024-12-18,12,2024-12-17,12,24,13.634,99.501,30.463,13.385,70.548,8.173,0.006744,5.212
EGLC,2024-12-19,12,2024-12-18,12,24,7.008,96.054,20.88,6.759,63.589,0.349,0.003884,6.41
EGLC,2024-12-20,12,2024-12-19,12,24,7.657,100.0,18.027,7.408,71.433,2.574,0.004517,4.834
EGLC,2024-12-21,12,2024-12-20,12,24,9.469,100.0,25.555,9.22,84.034,6.675,0.006063,2.545
EGLC,2024-12-22,12,2024-12-21,12,24,5.066,82.216,29.591,4.817,62.279,-1.787,0.003333,6.604
EGLC,2024-12-23,12,2024-12-22,12,24,5.979,80.934,15.441,5.73,62.476,-0.899,0.003496,6.629
EGLC,2024-12-24,12,2024-12-23,12,24,11.208,62.189,9.774,10.959,88.505,9.135,0.007071,1.824
EGLC,2024-12-25,12,2024-12-24,12,24,9.463,4.051,6.41,9.214,83.777,6.563,0.005913,2.651
EGLC,2024-12-26,12,2024-12-25,12,24,8.645,4.144,2.986,8.396,86.17,6.221,0.005746,2.175
EGLC,2024-12-27,12,2024-12-26,12,24,8.549,100.0,1.722,8.3,89.044,6.611,0.005916,1.689
EGLC,2024-12-28,12,2024-12-27,12,24,7.225,5.0,4.362,6.976,57.614,-0.724,0.003527,7.7
EGLC,2024-12-29,12,2024-12-28,12,24,7.296,5.487,8.173,7.047,81.89,4.169,0.005008,2.878
EGLC,2024-12-30,12,2024-12-29,12,24,7.487,93.355,14.017,7.238,84.516,4.805,0.005244,2.433
EGLC,2024-12-31,12,2024-12-30,12,24,11.153,100.0,24.72,10.904,64.768,4.546,0.005189,6.358
EGLC,2025-01-01,12,2024-12-31,12,24,12.283,100.0,41.355,12.034,79.309,8.567,0.006956,3.467
EGLC,2025-01-02,12,2025-01-01,12,24,4.159,5.026,14.933,3.91,69.973,-0.994,0.003472,4.904
EGLC,2025-01-03,12,2025-01-02,12,24,3.68,5.0,13.112,3.431,61.601,-3.245,0.002936,6.676
EGLC,2025-01-04,12,2025-01-03,12,24,3.955,100.0,9.012,3.706,73.487,-0.55,0.003605,4.256
EGLC,2025-01-05,12,2025-01-04,12,24,10.303,100.0,22.267,10.054,97.131,9.687,0.007593,0.367
EGLC,2025-01-06,12,2025-01-05,12,24,4.374,100.0,30.689,4.125,82.954,1.488,0.004344,2.637
EGLC,2025-01-07,12,2025-01-06,12,24,3.647,33.333,17.24,3.398,79.952,0.266,0.003903,3.132
EGLC,2025-01-08,12,2025-01-07,12,24,3.367,100.0,8.672,3.118,69.781,-1.853,0.003333,4.971
EGLC,2025-01-09,12,2025-01-08,12,24,2.834,38.673,14.193,2.585,62.451,-3.871,0.002846,6.456
EGLC,2025-01-10,12,2025-01-09,12,24,2.386,85.677,3.14,2.137,72.77,-2.215,0.003187,4.352
EGLC,2025-01-11,12,2025-01-10,12,24,2.876,1.613,4.937,2.627,73.087,-1.691,0.00328,4.318
EGLC,2025-01-12,12,2025-01-11,12,24,3.095,91.168,4.354,2.846,64.09,-3.273,0.00289,6.119
EGLC,2025-01-13,12,2025-01-12,12,24,5.229,60.779,10.286,4.98,78.934,1.632,0.004143,3.348
EGLC,2025-01-14,12,2025-01-13,12,24,6.684,72.638,9.037,6.435,79.04,3.063,0.004607,3.372
EGLC,2025-01-15,12,2025-01-14,12,24,9.172,58.33,3.443,8.923,89.072,7.171,0.006153,1.752
EGLC,2025-01-16,12,2025-01-15,12,24,8.442,0.0,8.617,8.193,79.104,4.791,0.005208,3.402
EGLC,2025-01-17,12,2025-01-16,12,24,6.787,0.0,8.997,6.538,77.204,2.886,0.004529,3.652
EGLC,2025-01-18,12,2025-01-17,12,24,5.856,0.0,4.799,5.607,67.096,0.026,0.003708,5.581
EGLC,2025-01-19,12,2025-01-18,12,24,4.341,100.0,11.298,4.092,69.629,-0.987,0.0035,5.079
EGLC,2025-01-20,12,2025-01-19,12,24,6.081,100.0,7.958,5.832,70.874,0.942,0.004024,4.89
EGLC,2025-01-21,12,2025-01-20,12,24,5.415,100.0,6.371,5.166,76.301,1.353,0.004158,3.813
EGLC,2025-01-22,12,2025-01-21,12,24,4.312,100.0,5.328,4.063,95.244,3.376,0.004859,0.687
EGLC,2025-01-23,12,2025-01-22,12,24,8.52,100.0,26.413,8.271,75.512,4.214,0.005168,4.057
EGLC,2025-01-24,12,2025-01-23,12,24,9.239,57.146,27.461,8.99,62.017,2.108,0.004466,6.882
EGLC,2025-01-25,12,2025-01-24,12,24,5.888,100.0,11.544,5.639,55.248,-2.681,0.003134,8.32
EGLC,2025-01-26,12,2025-01-25,12,24,6.191,100.0,29.328,5.942,80.655,2.872,0.004717,3.07
EGLC,2025-01-27,12,2025-01-26,12,24,7.582,98.909,37.3,7.333,69.937,2.23,0.00456,5.103
EGLC,2025-01-28,12,2025-01-27,12,24,8.721,83.572,17.553,8.472,86.18,6.304,0.006101,2.168
EGLC,2025-01-29,12,2025-01-28,12,24,7.856,100.0,5.518,7.607,68.666,2.22,0.004476,5.387
EGLC,2025-01-30,12,2025-01-29,12,24,6.517,0.0,14.927,6.268,50.322,-3.3,0.002935,9.568
EGLC,2025-01-31,12,2025-01-30,12,24,7.003,100.0,7.864,6.754,89.073,5.04,0.005363,1.714
EGLC,2025-02-01,12,2025-01-31,12,24,6.236,100.0,12.74,5.987,72.558,1.44,0.004126,4.547
EGLC,2025-02-02,12,2025-02-01,12,24,6.796,3.964,11.7,6.547,59.729,-0.785,0.003547,7.332
EGLC,2025-02-03,12,2025-02-02,12,24,6.754,100.0,12.795,6.505,88.285,4.702,0.005227,1.803
EGLC,2025-02-04,12,2025-02-03,12,24,9.562,27.949,20.085,9.313,77.829,5.645,0.005591,3.668
EGLC,2025-02-05,12,2025-02-04,12,24,7.931,81.978,11.352,7.682,66.714,1.952,0.004225,5.73
EGLC,2025-02-06,12,2025-02-05,12,24,7.227,5.713,16.284,6.978,64.195,0.705,0.003853,6.273
EGLC,2025-02-07,12,2025-02-06,12,24,3.856,100.0,21.159,3.607,86.484,1.548,0.004172,2.059
EGLC,2025-02-08,12,2025-02-07,12,24,6.304,99.943,10.128,6.055,89.792,4.535,0.005186,1.52
EGLC,2025-02-09,12,2025-02-08,12,24,4.39,100.0,11.747,4.141,96.151,3.579,0.004808,0.562
EGLC,2025-02-10,12,2025-02-09,12,24,3.25,100.0,15.585,3.001,94.698,2.218,0.004387,0.783
EGLC,2025-02-11,12,2025-02-10,12,24,3.449,100.0,10.641,3.2,86.914,1.23,0.004108,1.97
EGLC,2025-02-12,12,2025-02-11,12,24,5.83,100.0,7.287,5.581,64.498,-0.584,0.003597,6.165
EGLC,2025-02-13,12,2025-02-12,12,24,4.865,100.0,10.864,4.616,66.692,-1.045,0.003461,5.661
EGLC,2025-02-14,12,2025-02-13,12,24,5.0,5.0,15.477,4.751,52.289,-4.201,0.002732,8.952
EGLC,2025-02-15,12,2025-02-14,12,24,3.886,100.0,9.713,3.637,75.995,-0.195,0.003696,3.832
EGLC,2025-02-16,12,2025-02-15,12,24,4.392,100.0,16.09,4.143,69.091,-1.011,0.003481,5.154
EGLC,2025-02-17,12,2025-02-16,12,24,4.823,100.0,13.811,4.574,45.593,-6.161,0.002361,10.735
EGLC,2025-02-18,12,2025-02-17,12,24,5.588,99.81,14.641,5.339,45.991,-5.372,0.00251,10.711
EGLC,2025-02-19,12,2025-02-18,12,24,7.537,98.103,13.695,7.288,61.509,0.394,0.003879,6.894
EGLC,2025-02-20,12,2025-02-19,12,24,11.389,100.0,22.81,11.14,91.003,9.707,0.007443,1.433
EGLC,2025-02-21,12,2025-02-20,12,24,14.096,100.0,28.46,13.847,73.401,9.192,0.007225,4.655
EGLC,2025-02-22,12,2025-02-21,12,24,10.992,100.0,12.341,10.743,76.032,6.711,0.006066,4.032
EGLC,2025-02-23,12,2025-02-22,12,24,11.666,99.974,25.895,11.417,66.089,5.324,0.005476,6.093
EGLC,2025-02-24,12,2025-02-23,12,24,9.933,13.079,15.751,9.684,83.285,6.988,0.006201,2.696
EGLC,2025-02-25,12,2025-02-24,12,24,9.712,100.0,12.224,9.463,57.166,1.412,0.004177,8.051
EGLC,2025-02-26,12,2025-02-25,12,24,6.455,100.0,13.779,6.206,92.534,5.041,0.00544,1.165
EGLC,2025-02-27,12,2025-02-26,12,24,7.998,66.269,17.116,7.749,59.812,0.433,0.003868,7.316
EGLC,2025-02-28,12,2025-02-27,12,24,8.126,5.0,6.382,7.877,55.658,-0.421,0.003602,8.298
EGLC,2025-03-01,12,2025-02-28,12,24,8.228,4.021,7.158,7.979,51.863,-1.293,0.003363,9.272
EGLC,2025-03-02,12,2025-03-01,12,24,8.441,4.526,5.35,8.192,54.589,-0.415,0.00359,8.607
EGLC,2025-03-03,12,2025-03-02,12,24,9.263,0.005,3.909,9.014,46.815,-1.78,0.00326,10.794
EGLC,2025-03-04,12,2025-03-03,12,24,10.447,0.0,4.573,10.198,36.634,-4.005,0.002775,14.203
EGLC,2025-03-05,12,2025-03-04,12,24,12.452,0.0,12.465,12.203,50.348,2.164,0.004376,10.039
EGLC,2025-03-06,12,2025-03-05,12,24,13.802,57.133,20.491,13.553,48.364,2.853,0.004628,10.7
EGLC,2025-03-07,12,2025-03-06,12,24,11.694,97.818,13.254,11.445,76.896,7.541,0.006429,3.904
EGLC,2025-03-08,12,2025-03-07,12,24,14.817,81.017,17.827,14.568,51.648,4.731,0.005314,9.837
EGLC,2025-03-09,12,2025-03-08,12,24,15.92,11.83,16.437,15.671,46.469,4.259,0.005168,11.412
EGLC,2025-03-10,12,2025-03-09,12,24,14.032,99.861,11.638,13.783,53.597,4.545,0.005278,9.238
EGLC,2025-03-11,12,2025-03-10,12,24,8.456,100.0,17.733,8.207,44.971,-3.088,0.003024,11.295
EGLC,2025-03-12,12,2025-03-11,12,24,6.885,69.312,11.328,6.636,57.729,-1.04,0.003526,7.676
EGLC,2025-03-13,12,2025-03-12,12,24,4.583,99.985,11.706,4.334,75.737,0.507,0.00394,3.827
EGLC,2025-03-14,12,2025-03-13,12,24,7.447,90.283,8.782,7.198,51.532,-2.14,0.003232,9.338
EGLC,2025-03-15,12,2025-03-14,12,24,7.405,7.578,18.902,7.156,42.663,-4.609,0.002659,11.765
EGLC,2025-03-16,12,2025-03-15,12,24,8.226,4.843,15.593,7.977,45.18,-3.203,0.002951,11.18
EGLC,2025-03-17,12,2025-03-16,12,24,8.104,31.852,15.731,7.855,59.051,0.284,0.003817,7.571
EGLC,2025-03-18,12,2025-03-17,12,24,8.98,0.0,20.703,8.731,38.26,-4.633,0.002637,13.364
EGLC,2025-03-19,12,2025-03-18,12,24,13.628,98.179,8.245,13.379,60.127,5.793,0.005656,7.586
EGLC,2025-03-20,12,2025-03-19,12,24,15.326,32.281,8.694,15.077,66.867,8.94,0.007009,6.137
EGLC,2025-03-21,12,2025-03-20,12,24,14.962,100.0,17.903,14.713,63.389,7.898,0.006624,6.815
EGLC,2025-03-22,12,2025-03-21,12,24,11.567,100.0,9.935,11.318,93.451,10.293,0.007835,1.025
EGLC,2025-03-23,12,2025-03-22,12,24,14.628,100.0,2.921,14.379,71.314,9.188,0.007272,5.191
EGLC,2025-03-24,12,2025-03-23,12,24,13.064,97.175,10.304,12.815,60.246,5.252,0.005485,7.563
EGLC,2025-03-25,12,2025-03-24,12,24,14.11,100.0,11.176,13.861,58.368,5.871,0.005682,7.99
EGLC,2025-03-26,12,2025-03-25,12,24,15.459,1.968,2.201,15.21,52.466,5.537,0.005535,9.673
EGLC,2025-03-27,12,2025-03-26,12,24,15.798,5.0,11.21,15.549,50.556,5.362,0.005498,10.187
EGLC,2025-03-28,12,2025-03-27,12,24,12.609,100.0,17.925,12.36,49.792,2.181,0.004413,10.179
EGLC,2025-03-29,12,2025-03-28,12,24,11.844,46.001,11.019,11.595,39.433,-1.683,0.003301,13.278
EGLC,2025-03-30,12,2025-03-29,12,24,14.618,0.0,22.63,14.369,41.227,1.382,0.004136,12.987
EGLC,2025-03-31,12,2025-03-30,12,24,14.26,5.0,8.104,14.011,45.102,2.258,0.004382,11.753
EGLC,2025-04-01,12,2025-03-31,12,24,12.359,0.0,20.746,12.11,47.717,1.358,0.004122,10.752
EGLC,2025-04-02,12,2025-04-01,12,24,13.256,99.995,25.348,13.007,51.974,3.311,0.00476,9.696
EGLC,2025-04-03,12,2025-04-02,12,24,15.123,67.405,19.959,14.874,54.101,5.648,0.005621,9.226
EGLC,2025-04-04,12,2025-04-03,12,24,18.328,21.551,20.052,18.079,42.33,5.108,0.00542,12.971
EGLC,2025-04-05,12,2025-04-04,12,24,16.124,5.0,21.184,15.875,40.623,2.507,0.004511,13.368
EGLC,2025-04-06,12,2025-04-05,12,24,12.797,5.0,21.12,12.548,45.248,1.053,0.004028,11.495
EGLC,2025-04-07,12,2025-04-06,12,24,13.089,4.861,14.739,12.84,38.556,-0.904,0.003484,13.744
EGLC,2025-04-08,12,2025-04-07,12,24,14.104,99.861,12.151,13.855,42.535,1.358,0.004096,12.497
EGLC,2025-04-09,12,2025-04-08,12,24,13.882,4.515,16.927,13.633,46.945,2.632,0.004489,11.001
EGLC,2025-04-10,12,2025-04-09,12,24,15.25,25.035,8.263,15.001,49.645,4.532,0.005123,10.469
EGLC,2025-04-11,12,2025-04-10,12,24,18.506,5.015,5.312,18.257,33.806,2.081,0.004345,16.176
EGLC,2025-04-12,12,2025-04-11,12,24,19.061,99.619,15.803,18.812,40.187,4.984,0.005444,13.828
EGLC,2025-04-13,12,2025-04-12,12,24,16.713,51.358,16.69,16.464,43.285,3.959,0.005062,12.505
EGLC,2025-04-14,12,2025-04-13,12,24,14.606,88.997,19.151,14.357,47.859,3.436,0.00488,10.921
EGLC,2025-04-15,12,2025-04-14,12,24,15.444,100.0,9.481,15.195,67.478,9.286,0.007363,5.909
EGLC,2025-04-16,12,2025-04-15,12,24,13.706,4.336,27.752,13.457,37.256,-0.896,0.003578,14.353
EGLC,2025-04-17,12,2025-04-16,12,24,16.046,98.909,6.818,15.797,40.568,2.412,0.004509,13.385
EGLC,2025-04-18,12,2025-04-17,12,24,14.79,100.0,20.6,14.541,51.661,4.794,0.005318,9.747
EGLC,2025-04-19,12,2025-04-18,12,24,13.273,100.0,22.524,13.024,55.215,4.253,0.005164,8.771
EGLC,2025-04-20,12,2025-04-19,12,24,13.524,100.0,16.751,13.275,62.687,6.287,0.005953,6.988
EGLC,2025-04-21,12,2025-04-20,12,24,16.792,100.0,11.111,16.543,50.805,6.454,0.005959,10.089
EGLC,2025-04-22,12,2025-04-21,12,24,15.758,9.962,12.155,15.509,42.353,2.763,0.004587,12.746
EGLC,2025-04-23,12,2025-04-22,12,24,8.968,97.818,13.822,8.719,87.08,6.719,0.006073,2.0
EGLC,2025-04-24,12,2025-04-23,12,24,15.484,5.0,11.499,15.235,48.006,4.33,0.005105,10.905
EGLC,2025-04-25,12,2025-04-24,12,24,14.565,62.912,11.75,14.316,56.58,5.761,0.00565,8.555
EGLC,2025-04-26,12,2025-04-25,12,24,15.769,100.0,11.969,15.52,55.599,6.744,0.006003,8.776
EGLC,2025-04-27,12,2025-04-26,12,24,19.639,36.722,1.519,19.39,43.602,6.748,0.006005,12.642
EGLC,2025-04-28,12,2025-04-27,12,24,20.622,5.0,6.777,20.373,46.948,8.832,0.006894,11.541
EGLC,2025-04-29,12,2025-04-28,12,24,20.34,5.0,15.12,20.091,44.817,7.742,0.006439,12.349
EGLC,2025-04-30,12,2025-04-29,12,24,22.596,7.751,9.554,22.347,42.672,9.089,0.007088,13.258
EGLC,2025-05-01,12,2025-04-30,12,24,24.977,99.388,11.789,24.728,45.279,12.149,0.008742,12.579
EGLC,2025-05-02,12,2025-05-01,12,24,23.705,87.823,1.914,23.456,46.02,11.122,0.008187,12.334
EGLC,2025-05-03,12,2025-05-02,12,24,19.027,5.478,15.321,18.778,38.223,4.361,0.005164,14.417
EGLC,2025-05-04,12,2025-05-03,12,24,11.312,97.057,19.425,11.063,48.362,0.667,0.003932,10.396
EGLC,2025-05-05,12,2025-05-04,12,24,11.495,61.288,23.124,11.246,66.525,5.305,0.005454,5.941
EGLC,2025-05-06,12,2025-05-05,12,24,14.291,5.87,17.629,14.042,44.812,2.312,0.004394,11.73
EGLC,2025-05-07,12,2025-05-06,12,24,15.125,100.0,16.091,14.876,45.194,3.126,0.00469,11.75
EGLC,2025-05-08,12,2025-05-07,12,24,16.111,43.597,13.018,15.862,46.623,4.475,0.005158,11.387
EGLC,2025-05-09,12,2025-05-08,12,24,17.116,5.0,19.51,16.867,34.202,1.089,0.004046,15.778
EGLC,2025-05-10,12,2025-05-09,12,24,19.722,0.0,18.776,19.473,32.684,2.74,0.004564,16.733
EGLC,2025-05-11,12,2025-05-10,12,24,21.9,0.257,16.829,21.651,42.877,8.495,0.006906,13.156
EGLC,2025-05-12,12,2025-05-11,12,24,19.556,82.551,13.939,19.307,62.712,12.114,0.008726,7.193
EGLC,2025-05-13,12,2025-05-12,12,24,21.905,5.561,15.286,21.656,44.042,8.797,0.007012,12.859
EGLC,2025-05-14,12,2025-05-13,12,24,21.178,4.851,15.706,20.929,40.382,7.034,0.006156,13.895
EGLC,2025-05-15,12,2025-05-14,12,24,17.22,0.557,22.632,16.971,46.099,5.301,0.005461,11.67
EGLC,2025-05-16,12,2025-05-15,12,24,19.033,4.051,18.354,18.784,33.399,2.373,0.004449,16.411
EGLC,2025-05-17,12,2025-05-16,12,24,19.218,0.0,12.085,18.969,40.725,5.437,0.005489,13.532
EGLC,2025-05-18,12,2025-05-17,12,24,15.242,15.529,11.425,14.993,52.942,5.407,0.005532,9.586
EGLC,2025-05-19,12,2025-05-18,12,24,18.134,76.103,14.547,17.885,45.466,5.949,0.00573,11.936
EGLC,2025-05-20,12,2025-05-19,12,24,20.627,98.745,10.017,20.378,36.268,4.96,0.005325,15.418
EGLC,2025-05-21,12,2025-05-20,12,24,14.544,100.0,5.607,14.295,81.019,11.058,0.00814,3.237
EGLC,2025-05-22,12,2025-05-21,12,24,11.347,100.0,16.283,11.098,69.13,5.65,0.005606,5.448
EGLC,2025-05-23,12,2025-05-22,12,24,18.154,63.909,11.96,17.905,33.323,1.515,0.00418,16.39
EGLC,2025-05-24,12,2025-05-23,12,24,20.449,99.751,21.935,20.2,62.065,12.81,0.009141,7.39
EGLC,2025-05-25,12,2025-05-24,12,24,19.639,5.813,25.573,19.39,39.276,5.159,0.005502,14.231
EGLC,2025-05-26,12,2025-05-25,12,24,16.103,100.0,17.551,15.854,54.664,6.842,0.00611,9.012
EGLC,2025-05-27,12,2025-05-26,12,24,12.511,100.0,15.782,12.262,90.76,10.835,0.008007,1.427
EGLC,2025-05-28,12,2025-05-27,12,24,17.547,100.0,19.764,17.298,55.034,8.232,0.006718,9.066
EGLC,2025-05-29,12,2025-05-28,12,24,22.385,88.048,23.204,22.136,58.389,13.63,0.009604,8.506
EGLC,2025-05-30,12,2025-05-29,12,24,24.144,0.232,17.061,23.895,43.079,10.602,0.00786,13.293
EGLC,2025-05-31,12,2025-05-30,12,24,24.685,47.257,15.478,24.436,44.643,11.711,0.008467,12.725
EGLC,2025-06-01,12,2025-05-31,12,24,20.166,100.0,20.097,19.917,37.353,5.041,0.005402,14.876
EGLC,2025-06-02,12,2025-06-01,12,24,19.344,5.0,12.136,19.095,35.824,3.522,0.004869,15.573
EGLC,2025-06-03,12,2025-06-02,12,24,13.49,100.0,24.318,13.241,92.428,12.119,0.008766,1.122
EGLC,2025-06-04,12,2025-06-03,12,24,18.467,99.933,20.304,18.218,39.273,4.124,0.00513,14.094
EGLC,2025-06-05,12,2025-06-04,12,24,13.482,100.0,20.622,13.233,89.821,11.586,0.008523,1.647
EGLC,2025-06-06,12,2025-06-05,12,24,14.499,31.738,18.133,14.25,83.169,11.345,0.008394,2.905
EGLC,2025-06-07,12,2025-06-06,12,24,15.39,88.048,18.452,15.141,65.153,8.705,0.007004,6.436
EGLC,2025-06-08,12,2025-06-07,12,24,17.082,99.431,19.605,16.833,43.988,4.586,0.005209,12.247
EGLC,2025-06-09,12,2025-06-08,12,24,17.599,100.0,13.002,17.35,54.201,8.101,0.006607,9.249
EGLC,2025-06-10,12,2025-06-09,12,24,20.054,91.266,16.138,19.805,65.979,13.323,0.00941,6.482
EGLC,2025-06-11,12,2025-06-10,12,24,22.69,5.0,17.72,22.441,50.453,11.699,0.008444,10.742
EGLC,2025-06-12,12,2025-06-11,12,24,23.912,100.0,22.808,23.663,47.523,11.886,0.008627,11.777
EGLC,2025-06-13,12,2025-06-12,12,24,25.828,5.0,10.174,25.579,42.358,11.956,0.00859,13.623
EGLC,2025-06-14,12,2025-06-13,12,24,23.099,7.556,22.614,22.85,43.861,10.006,0.007572,12.844
EGLC,2025-06-15,12,2025-06-14,12,24,21.049,74.547,17.507,20.8,51.77,10.576,0.00781,10.224
EGLC,2025-06-16,12,2025-06-15,12,24,24.642,9.629,6.696,24.393,42.015,10.632,0.007836,13.761
EGLC,2025-06-17,12,2025-06-16,12,24,25.823,88.093,11.508,25.574,32.048,7.73,0.006449,17.844
EGLC,2025-06-18,12,2025-06-17,12,24,25.87,4.526,8.186,25.621,39.888,11.119,0.008065,14.502
EGLC,2025-06-19,12,2025-06-18,12,24,29.625,0.0,5.535,29.376,34.015,11.91,0.008563,17.466
EGLC,2025-06-20,12,2025-06-19,12,24,26.968,100.0,14.152,26.719,37.232,10.993,0.008023,15.726
EGLC,2025-06-21,12,2025-06-20,12,24,32.078,61.792,15.379,31.829,25.193,9.689,0.007419,22.14
EGLC,2025-06-22,12,2025-06-21,12,24,26.613,56.067,23.83,26.364,33.76,9.307,0.007226,17.057
EGLC,2025-06-23,12,2025-06-22,12,24,21.455,43.94,20.904,21.206,32.132,3.994,0.005024,17.212
EGLC,2025-06-24,12,2025-06-23,12,24,20.092,100.0,23.477,19.843,69.594,14.146,0.009999,5.697
EGLC,2025-06-25,12,2025-06-24,12,24,27.645,9.779,10.051,27.396,37.621,11.819,0.008555,15.577
EGLC,2025-06-26,12,2025-06-25,12,24,20.197,98.925,20.531,19.948,73.601,15.068,0.010604,4.88
EGLC,2025-06-27,12,2025-06-26,12,24,25.51,44.81,18.924,25.261,44.45,12.414,0.008855,12.847
EGLC,2025-06-28,12,2025-06-27,12,24,26.793,92.032,18.08,26.544,53.946,16.555,0.01152,9.989
EGLC,2025-06-29,12,2025-06-28,12,24,28.149,2.882,8.931,27.9,40.446,13.36,0.009414,14.54
EGLC,2025-06-30,12,2025-06-29,12,24,32.606,0.0,11.367,32.357,31.88,13.714,0.009645,18.643
EGLC,2025-07-01,12,2025-06-30,12,24,32.564,99.196,9.306,32.315,30.649,12.929,0.00927,19.386
EGLC,2025-07-02,12,2025-07-01,12,24,19.457,100.0,4.381,19.208,78.255,15.286,0.010732,3.922
EGLC,2025-07-03,12,2025-07-02,12,24,23.405,27.564,9.352,23.156,28.831,4.145,0.005012,19.011
EGLC,2025-07-04,12,2025-07-03,12,24,24.833,45.458,13.763,24.584,30.308,6.178,0.005779,18.406
EGLC,2025-07-05,12,2025-07-04,12,24,19.57,100.0,19.413,19.321,69.139,13.599,0.009618,5.722
EGLC,2025-07-06,12,2025-07-05,12,24,18.456,44.532,13.652,18.207,79.986,14.688,0.010451,3.519
EGLC,2025-07-07,12,2025-07-06,12,24,21.143,83.222,22.613,20.894,37.746,6.007,0.005797,14.887
EGLC,2025-07-08,12,2025-07-07,12,24,21.743,0.144,12.869,21.494,34.338,5.214,0.005452,16.28
EGLC,2025-07-09,12,2025-07-08,12,24,22.747,84.539,11.101,22.498,55.286,13.193,0.009293,9.305
EGLC,2025-07-10,12,2025-07-09,12,24,28.36,7.196,8.426,28.111,37.977,12.565,0.008928,15.546
EGLC,2025-07-11,12,2025-07-10,12,24,29.412,4.943,8.739,29.163,30.907,10.319,0.007733,18.844
EGLC,2025-07-12,12,2025-07-11,12,24,28.177,60.335,11.044,27.928,33.213,10.46,0.007807,17.468
EGLC,2025-07-13,12,2025-07-12,12,24,27.482,7.032,8.165,27.233,38.11,11.745,0.008592,15.488
EGLC,2025-07-14,12,2025-07-13,12,24,26.621,100.0,23.102,26.372,35.001,9.827,0.007507,16.545
EGLC,2025-07-15,12,2025-07-14,12,24,21.534,99.871,27.398,21.285,44.091,8.637,0.006925,12.648
EGLC,2025-07-16,12,2025-07-15,12,24,25.184,49.107,17.412,24.935,33.525,7.878,0.006578,17.057
EGLC,2025-07-17,12,2025-07-16,12,24,24.338,67.917,4.123,24.089,43.796,11.091,0.00813,12.998
EGLC,2025-07-18,12,2025-07-17,12,24,27.412,98.034,8.625,27.163,42.993,13.655,0.009684,13.508
EGLC,2025-07-19,12,2025-07-18,12,24,17.765,100.0,8.186,17.516,92.729,16.378,0.011625,1.138
EGLC,2025-07-20,12,2025-07-19,12,24,19.434,100.0,18.052,19.185,75.657,14.819,0.010609,4.366
EGLC,2025-07-21,12,2025-07-20,12,24,20.484,99.763,0.609,20.235,67.534,14.129,0.010121,6.106
EGLC,2025-07-22,12,2025-07-21,12,24,22.414,79.305,14.763,22.165,56.689,13.245,0.009448,8.92
EGLC,2025-07-23,12,2025-07-22,12,24,21.552,100.0,9.201,21.303,56.344,12.345,0.008843,8.958
EGLC,2025-07-24,12,2025-07-23,12,24,18.902,97.712,18.595,18.653,68.314,12.724,0.009066,5.929
EGLC,2025-07-25,12,2025-07-24,12,24,25.438,29.034,5.929,25.189,44.957,12.545,0.008965,12.644
EGLC,2025-07-26,12,2025-07-25,12,24,22.549,100.0,9.177,22.3,53.59,12.45,0.008926,9.85
EGLC,2025-07-27,12,2025-07-26,12,24,22.64,91.983,13.625,22.391,39.76,8.196,0.006669,14.195
EGLC,2025-07-28,12,2025-07-27,12,24,22.75,69.042,13.018,22.501,45.353,10.086,0.007597,12.415
EGLC,2025-07-29,12,2025-07-28,12,24,15.969,100.0,11.035,15.72,76.022,11.431,0.008325,4.289
EGLC,2025-07-30,12,2025-07-29,12,24,22.793,47.762,10.488,22.544,51.2,12.054,0.00864,10.49
EGLC,2025-07-31,12,2025-07-30,12,24,20.349,100.0,12.932,20.1,79.685,16.472,0.011659,3.628
LFPG,2024-08-01,12,2024-07-31,12,24,28.629,16.805,14.183,28.799,55.085,18.99,0.013714,9.809
LFPG,2024-08-02,12,2024-08-01,12,24,25.95,38.992,12.617,26.12,54.849,16.319,0.011606,9.801
LFPG,2024-08-03,12,2024-08-02,12,24,23.464,100.0,13.61,23.634,52.185,13.306,0.009498,10.328
LFPG,2024-08-04,12,2024-08-03,12,24,21.645,98.653,9.942,21.815,48.077,10.33,0.00779,11.485
LFPG,2024-08-05,12,2024-08-04,12,24,26.586,0.0,7.908,26.756,37.838,11.151,0.008271,15.605
LFPG,2024-08-06,12,2024-08-05,12,24,27.849,5.0,11.822,28.019,37.724,12.342,0.008964,15.677
LFPG,2024-08-07,12,2024-08-06,12,24,23.317,0.0,13.491,23.487,38.566,8.593,0.00694,14.894
LFPG,2024-08-08,12,2024-08-07,12,24,25.268,5.898,7.347,25.438,38.428,10.238,0.007755,15.2
LFPG,2024-08-09,12,2024-08-08,12,24,25.216,100.0,16.954,25.386,55.424,15.866,0.011187,9.52
LFPG,2024-08-10,12,2024-08-09,12,24,26.423,12.672,7.604,26.593,39.667,11.796,0.008577,14.797
LFPG,2024-08-11,12,2024-08-10,12,24,29.024,64.474,16.617,29.194,41.499,14.813,0.010464,14.381
LFPG,2024-08-12,12,2024-08-11,12,24,35.45,3.031,15.706,35.62,26.417,13.58,0.009722,22.04
LFPG,2024-08-13,12,2024-08-12,12,24,27.812,77.713,5.61,27.982,48.705,16.245,0.011546,11.737
LFPG,2024-08-14,12,2024-08-13,12,24,24.847,74.288,5.963,25.017,60.767,16.954,0.012052,8.063
LFPG,2024-08-15,12,2024-08-14,12,24,26.386,5.0,12.517,26.556,40.284,12.025,0.008717,14.531
LFPG,2024-08-16,12,2024-08-15,12,24,25.649,94.291,12.462,25.819,52.107,15.234,0.010767,10.585
LFPG,2024-08-17,12,2024-08-16,12,24,22.439,100.0,5.174,22.609,72.814,17.468,0.012453,5.141
LFPG,2024-08-18,12,2024-08-17,12,24,22.304,93.249,15.221,22.474,45.325,10.141,0.007699,12.333
LFPG,2024-08-19,12,2024-08-18,12,24,23.431,5.0,6.009,23.601,43.573,10.578,0.007901,13.023
LFPG,2024-08-20,12,2024-08-19,12,24,21.259,96.137,15.493,21.429,52.447,11.324,0.008354,10.105
LFPG,2024-08-21,12,2024-08-20,12,24,20.208,90.81,10.619,20.378,44.888,8.061,0.006657,12.317
LFPG,2024-08-22,12,2024-08-21,12,24,24.118,4.01,16.813,24.288,32.955,7.04,0.006253,17.248
LFPG,2024-08-23,12,2024-08-22,12,24,24.2,93.07,26.133,24.37,57.211,15.387,0.010919,8.983
LFPG,2024-08-24,12,2024-08-23,12,24,28.908,4.307,24.78,29.078,41.672,14.824,0.010592,14.254
LFPG,2024-08-25,12,2024-08-24,12,24,21.17,5.0,12.579,21.34,36.925,6.088,0.005799,15.252
LFPG,2024-08-26,12,2024-08-25,12,24,23.164,0.0,8.046,23.334,34.628,6.945,0.006156,16.389
LFPG,2024-08-27,12,2024-08-26,12,24,24.718,4.487,9.667,24.888,37.313,9.377,0.007299,15.511
LFPG,2024-08-28,12,2024-08-27,12,24,28.845,0.059,12.284,29.015,36.68,12.841,0.009231,16.174
LFPG,2024-08-29,12,2024-08-28,12,24,24.839,100.0,8.601,25.009,48.309,13.415,0.009526,11.594
LFPG,2024-08-30,12,2024-08-29,12,24,22.832,100.0,10.447,23.002,62.734,15.588,0.010977,7.414
LFPG,2024-08-31,12,2024-08-30,12,24,26.13,91.052,10.919,26.3,60.421,18.053,0.012876,8.247
LFPG,2024-09-01,12,2024-08-31,12,24,29.75,5.0,14.967,29.92,42.019,15.729,0.011172,14.191
LFPG,2024-09-02,12,2024-09-01,12,24,26.132,5.96,12.975,26.302,44.407,13.286,0.009511,13.016
LFPG,2024-09-03,12,2024-09-02,12,24,21.059,94.519,11.987,21.229,55.193,11.62,0.008521,9.609
LFPG,2024-09-04,12,2024-09-03,12,24,22.074,27.565,5.546,22.244,52.09,12.032,0.008709,10.212
LFPG,2024-09-05,12,2024-09-04,12,24,15.312,100.0,13.358,15.482,95.581,14.798,0.010508,0.684
LFPG,2024-09-06,12,2024-09-05,12,24,22.363,95.847,9.024,22.533,46.249,10.445,0.007906,12.088
LFPG,2024-09-07,12,2024-09-06,12,24,23.046,67.372,5.748,23.216,57.664,14.42,0.010312,8.796
LFPG,2024-09-08,12,2024-09-07,12,24,20.689,85.704,22.148,20.859,52.331,10.835,0.008099,10.024
LFPG,2024-09-09,12,2024-09-08,12,24,17.214,100.0,23.448,17.384,76.72,13.211,0.009483,4.173
LFPG,2024-09-10,12,2024-09-09,12,24,18.273,100.0,22.363,18.443,61.295,10.865,0.008086,7.578
LFPG,2024-09-11,12,2024-09-10,12,24,15.909,99.757,19.593,16.079,49.738,5.568,0.00567,10.511
LFPG,2024-09-12,12,2024-09-11,12,24,15.364,46.48,19.112,15.534,46.502,4.166,0.005094,11.368
LFPG,2024-09-13,12,2024-09-12,12,24,17.317,95.219,16.593,17.487,46.877,6.061,0.00577,11.426
LFPG,2024-09-14,12,2024-09-13,12,24,16.972,5.223,10.013,17.142,39.883,3.414,0.004778,13.728
LFPG,2024-09-15,12,2024-09-14,12,24,18.761,11.505,8.259,18.931,41.048,5.463,0.00554,13.468
LFPG,2024-09-16,12,2024-09-15,12,24,20.028,98.066,13.455,20.198,50.865,9.725,0.007431,10.473
LFPG,2024-09-17,12,2024-09-16,12,24,21.146,0.0,23.336,21.316,49.438,10.408,0.007762,10.908
LFPG,2024-09-18,12,2024-09-17,12,24,24.148,1.798,26.346,24.318,37.151,8.84,0.00703,15.478
LFPG,2024-09-19,12,2024-09-18,12,24,23.717,0.0,26.798,23.887,36.823,8.387,0.006804,15.5
LFPG,2024-09-20,12,2024-09-19,12,24,22.268,17.381,12.515,22.438,47.499,10.741,0.00803,11.697
LFPG,2024-09-21,12,2024-09-20,12,24,24.18,91.521,13.174,24.35,41.509,10.464,0.007869,13.886
LFPG,2024-09-22,12,2024-09-21,12,24,17.54,99.666,13.088,17.71,79.31,14.025,0.00996,3.685
LFPG,2024-09-23,12,2024-09-22,12,24,17.731,70.658,20.084,17.901,64.457,11.065,0.008247,6.836
LFPG,2024-09-24,12,2024-09-23,12,24,14.89,100.0,20.978,15.06,84.025,12.429,0.009027,2.631
LFPG,2024-09-25,12,2024-09-24,12,24,18.532,99.993,20.424,18.702,58.567,10.451,0.00794,8.251
LFPG,2024-09-26,12,2024-09-25,12,24,17.993,100.0,28.757,18.163,78.512,14.381,0.010403,3.782
LFPG,2024-09-27,12,2024-09-26,12,24,16.844,97.77,29.988,17.014,46.862,5.542,0.005723,11.472
LFPG,2024-09-28,12,2024-09-27,12,24,13.92,85.023,11.199,14.09,42.579,1.611,0.004224,12.479
LFPG,2024-09-29,12,2024-09-28,12,24,13.105,100.0,17.396,13.275,55.608,4.613,0.005229,8.662
LFPG,2024-09-30,12,2024-09-29,12,24,15.443,100.0,26.465,15.613,79.57,12.092,0.008811,3.521
LFPG,2024-10-01,12,2024-09-30,12,24,16.638,91.715,17.44,16.808,55.267,7.782,0.0066,9.026
LFPG,2024-10-02,12,2024-10-01,12,24,15.159,99.08,11.565,15.329,68.712,9.588,0.007456,5.741
LFPG,2024-10-03,12,2024-10-02,12,24,15.362,39.816,21.163,15.532,55.411,6.641,0.006065,8.891
LFPG,2024-10-04,12,2024-10-03,12,24,15.275,7.869,10.802,15.445,51.426,5.533,0.005578,9.912
LFPG,2024-10-05,12,2024-10-04,12,24,16.187,58.178,14.223,16.357,49.01,5.64,0.005664,10.717
LFPG,2024-10-06,12,2024-10-05,12,24,12.583,100.0,16.197,12.753,82.407,9.818,0.007627,2.935
LFPG,2024-10-07,12,2024-10-06,12,24,16.65,100.0,9.817,16.82,79.768,13.316,0.009633,3.504
LFPG,2024-10-08,12,2024-10-07,12,24,17.632,41.275,23.125,17.802,62.886,10.662,0.008093,7.14
LFPG,2024-10-09,12,2024-10-08,12,24,16.037,100.0,30.981,16.207,87.954,14.245,0.010383,1.962
LFPG,2024-10-10,12,2024-10-09,12,24,12.508,99.721,19.03,12.678,86.73,10.511,0.007974,2.167
LFPG,2024-10-11,12,2024-10-10,12,24,13.799,65.322,7.285,13.969,56.005,5.386,0.00555,8.583
LFPG,2024-10-12,12,2024-10-11,12,24,10.124,100.0,4.688,10.294,87.016,8.205,0.006792,2.089
LFPG,2024-10-13,12,2024-10-12,12,24,12.546,100.0,5.286,12.716,48.543,2.154,0.004403,10.562
LFPG,2024-10-14,12,2024-10-13,12,24,19.131,14.936,13.298,19.301,70.352,13.801,0.009811,5.5
LFPG,2024-10-15,12,2024-10-14,12,24,18.229,100.0,13.08,18.399,78.947,14.693,0.010414,3.706
LFPG,2024-10-16,12,2024-10-15,12,24,23.445,5.39,21.476,23.615,55.928,14.336,0.010251,9.279
LFPG,2024-10-17,12,2024-10-16,12,24,16.886,100.0,4.839,17.056,89.53,15.311,0.010856,1.745
LFPG,2024-10-18,12,2024-10-17,12,24,15.982,100.0,7.481,16.152,83.491,13.333,0.009522,2.819
LFPG,2024-10-19,12,2024-10-18,12,24,12.501,100.0,16.1,12.671,89.112,10.919,0.008101,1.752
LFPG,2024-10-20,12,2024-10-19,12,24,15.825,100.0,20.26,15.995,70.392,10.637,0.007932,5.358
LFPG,2024-10-21,12,2024-10-20,12,24,15.553,100.0,10.076,15.723,81.699,12.604,0.009014,3.119
LFPG,2024-10-22,12,2024-10-21,12,24,15.801,8.025,8.999,15.971,61.558,8.604,0.006832,7.367
LFPG,2024-10-23,12,2024-10-22,12,24,15.957,0.0,8.94,16.127,55.362,7.179,0.006196,8.948
LFPG,2024-10-24,12,2024-10-23,12,24,16.598,0.0,12.002,16.768,63.293,9.793,0.007484,6.975
LFPG,2024-10-25,12,2024-10-24,12,24,18.465,10.302,13.509,18.635,63.553,11.624,0.008493,7.011
LFPG,2024-10-26,12,2024-10-25,12,24,17.825,89.43,8.898,17.995,70.174,12.503,0.009009,5.492
LFPG,2024-10-27,12,2024-10-26,12,24,16.64,98.188,8.378,16.81,80.03,13.361,0.009465,3.449
LFPG,2024-10-28,12,2024-10-27,12,24,15.646,100.0,8.914,15.816,71.158,10.627,0.00787,5.189
LFPG,2024-10-29,12,2024-10-28,12,24,16.906,0.0,8.022,17.076,58.426,8.875,0.006998,8.201
LFPG,2024-10-30,12,2024-10-29,12,24,16.266,9.748,7.713,16.436,66.522,10.18,0.007635,6.256
LFPG,2024-10-31,12,2024-10-30,12,24,16.004,5.0,7.164,16.174,56.451,7.539,0.00639,8.635
LFPG,2024-11-01,12,2024-10-31,12,24,16.233,0.0,4.046,16.403,52.354,6.632,0.006013,9.771
LFPG,2024-11-02,12,2024-11-01,12,24,13.783,2.308,15.23,13.953,64.999,7.494,0.006356,6.459
LFPG,2024-11-03,12,2024-11-02,12,24,14.17,23.828,9.193,14.34,58.497,6.331,0.005879,8.009
LFPG,2024-11-04,12,2024-11-03,12,24,14.661,66.592,7.575,14.831,52.04,5.094,0.005406,9.737
LFPG,2024-11-05,12,2024-11-04,12,24,15.721,17.422,6.489,15.891,60.12,8.2,0.006707,7.691
LFPG,2024-11-06,12,2024-11-05,12,24,15.666,1.973,6.421,15.836,70.813,10.552,0.00781,5.284
LFPG,2024-11-07,12,2024-11-06,12,24,15.115,0.0,11.089,15.285,65.611,8.906,0.006995,6.379
LFPG,2024-11-08,12,2024-11-07,12,24,12.879,5.0,5.811,13.049,67.701,7.24,0.006277,5.809
LFPG,2024-11-09,12,2024-11-08,12,24,13.768,0.0,5.679,13.938,68.301,8.202,0.0067,5.736
LFPG,2024-11-10,12,2024-11-09,12,24,11.872,91.596,9.297,12.042,83.986,9.415,0.007245,2.627
LFPG,2024-11-11,12,2024-11-10,12,24,12.003,100.0,16.571,12.173,76.706,8.194,0.006647,3.979
LFPG,2024-11-12,12,2024-11-11,12,24,9.114,94.727,22.075,9.284,79.616,5.945,0.005714,3.339
LFPG,2024-11-13,12,2024-11-12,12,24,8.434,100.0,17.074,8.604,67.071,2.846,0.004573,5.758
LFPG,2024-11-14,12,2024-11-13,12,24,9.98,100.0,8.412,10.15,79.611,6.801,0.00605,3.349
LFPG,2024-11-15,12,2024-11-14,12,24,10.036,4.98,7.895,10.206,61.949,3.251,0.004733,6.955
LFPG,2024-11-16,12,2024-11-15,12,24,8.997,36.203,5.436,9.167,66.458,3.258,0.004761,5.909
LFPG,2024-11-17,12,2024-11-16,12,24,10.622,100.0,14.538,10.792,65.57,4.619,0.005257,6.173
LFPG,2024-11-18,12,2024-11-17,12,24,10.197,100.0,21.29,10.367,83.425,7.68,0.006527,2.687
LFPG,2024-11-19,12,2024-11-18,12,24,10.88,100.0,27.857,11.05,88.269,9.137,0.007336,1.913
LFPG,2024-11-20,12,2024-11-19,12,24,6.443,58.81,17.598,6.613,53.813,-2.09,0.003273,8.703
LFPG,2024-11-21,12,2024-11-20,12,24,0.505,100.0,17.978,0.675,98.682,0.482,0.004012,0.193
LFPG,2024-11-22,12,2024-11-21,12,24,2.553,17.059,21.33,2.723,88.901,1.06,0.00411,1.663
LFPG,2024-11-23,12,2024-11-22,12,24,3.984,100.0,23.807,4.154,67.648,-1.301,0.003448,5.455
LFPG,2024-11-24,12,2024-11-23,12,24,14.4,99.755,26.674,14.57,61.456,7.245,0.00636,7.325
LFPG,2024-11-25,12,2024-11-24,12,24,10.179,100.0,19.052,10.349,81.715,7.338,0.006428,3.011
LFPG,2024-11-26,12,2024-11-25,12,24,9.94,5.613,15.642,10.11,72.128,5.325,0.005514,4.785
LFPG,2024-11-27,12,2024-11-26,12,24,11.7,100.0,26.316,11.87,80.145,8.583,0.006926,3.287
LFPG,2024-11-28,12,2024-11-27,12,24,7.609,68.046,7.62,7.779,66.479,1.946,0.004306,5.833
LFPG,2024-11-29,12,2024-11-28,12,24,7.454,78.135,15.596,7.624,62.309,0.882,0.003988,6.742
LFPG,2024-11-30,12,2024-11-29,12,24,8.064,100.0,7.215,8.234,49.011,-1.884,0.003272,10.118
LFPG,2024-12-01,12,2024-11-30,12,24,8.28,98.523,13.269,8.45,77.821,4.815,0.005317,3.635
LFPG,2024-12-02,12,2024-12-01,12,24,11.708,5.0,18.834,11.878,68.855,6.359,0.005944,5.519
LFPG,2024-12-03,12,2024-12-02,12,24,8.52,75.979,8.229,8.69,73.846,4.271,0.005107,4.419
LFPG,2024-12-04,12,2024-12-03,12,24,7.752,18.253,7.991,7.922,71.543,3.096,0.004677,4.826
LFPG,2024-12-05,12,2024-12-04,12,24,6.776,100.0,22.659,6.946,88.726,5.207,0.005487,1.739
LFPG,2024-12-06,12,2024-12-05,12,24,8.866,35.225,20.528,9.036,63.408,2.449,0.004497,6.587
LFPG,2024-12-07,12,2024-12-06,12,24,8.285,89.642,34.49,8.455,62.161,1.658,0.004324,6.797
LFPG,2024-12-08,12,2024-12-07,12,24,6.999,100.0,29.544,7.169,85.552,4.912,0.005433,2.257
LFPG,2024-12-09,12,2024-12-08,12,24,5.371,100.0,22.928,5.541,76.56,1.734,0.004269,3.807
LFPG,2024-12-10,12,2024-12-09,12,24,5.172,100.0,19.654,5.342,87.899,3.492,0.004819,1.85
LFPG,2024-12-11,12,2024-12-10,12,24,5.232,72.15,13.658,5.402,72.744,0.915,0.003999,4.487
LFPG,2024-12-12,12,2024-12-11,12,24,4.765,51.398,9.138,4.935,70.367,-0.007,0.003736,4.942
LFPG,2024-12-13,12,2024-12-12,12,24,3.964,100.0,5.994,4.134,65.119,-1.819,0.003285,5.953
LFPG,2024-12-14,12,2024-12-13,12,24,5.293,5.159,8.598,5.463,69.72,0.36,0.003859,5.103
LFPG,2024-12-15,12,2024-12-14,12,24,4.976,100.0,11.827,5.146,85.251,2.881,0.004583,2.265
LFPG,2024-12-16,12,2024-12-15,12,24,9.523,100.0,10.802,9.693,81.961,6.771,0.005999,2.922
LFPG,2024-12-17,12,2024-12-16,12,24,7.938,100.0,10.758,8.108,78.741,4.67,0.00521,3.438
LFPG,2024-12-18,12,2024-12-17,12,24,11.392,100.0,22.951,11.562,83.306,8.83,0.007023,2.732
LFPG,2024-12-19,12,2024-12-18,12,24,6.826,99.654,24.044,6.996,76.413,3.119,0.004773,3.877
LFPG,2024-12-20,12,2024-12-19,12,24,6.917,37.602,12.876,7.087,67.06,1.384,0.004152,5.703
LFPG,2024-12-21,12,2024-12-20,12,24,8.649,100.0,17.616,8.819,77.455,5.099,0.005419,3.72
LFPG,2024-12-22,12,2024-12-21,12,24,6.354,100.0,25.382,6.524,59.49,-0.808,0.003593,7.332
LFPG,2024-12-23,12,2024-12-22,12,24,5.982,25.588,19.83,6.152,65.59,0.181,0.003813,5.971
LFPG,2024-12-24,12,2024-12-23,12,24,6.009,100.0,8.336,6.179,89.131,4.508,0.005162,1.671
LFPG,2024-12-25,12,2024-12-24,12,24,9.498,100.0,4.143,9.668,92.838,8.59,0.006795,1.078
LFPG,2024-12-26,12,2024-12-25,12,24,9.525,20.607,12.452,9.695,67.587,4.004,0.004959,5.691
LFPG,2024-12-27,12,2024-12-26,12,24,6.155,80.899,5.859,6.325,47.992,-3.886,0.0028,10.211
LFPG,2024-12-28,12,2024-12-27,12,24,5.854,5.0,5.241,6.024,48.799,-3.956,0.002793,9.98
LFPG,2024-12-29,12,2024-12-28,12,24,5.199,16.284,4.846,5.369,78.548,1.931,0.004292,3.438
LFPG,2024-12-30,12,2024-12-29,12,24,5.136,9.568,6.574,5.306,76.277,1.479,0.004153,3.827
LFPG,2024-12-31,12,2024-12-30,12,24,4.555,100.0,11.801,4.725,73.653,0.436,0.003862,4.289
LFPG,2025-01-01,12,2024-12-31,12,24,7.363,100.0,28.121,7.533,81.683,4.617,0.005247,2.916
LFPG,2025-01-02,12,2025-01-01,12,24,3.057,100.0,6.003,3.227,93.965,2.333,0.004477,0.894
LFPG,2025-01-03,12,2025-01-02,12,24,3.134,3.272,8.393,3.304,59.307,-3.827,0.002818,7.131
LFPG,2025-01-04,12,2025-01-03,12,24,2.608,100.0,15.896,2.778,58.653,-4.532,0.002707,7.31
LFPG,2025-01-05,12,2025-01-04,12,24,11.231,100.0,27.925,11.401,74.45,7.048,0.006332,4.353
LFPG,2025-01-06,12,2025-01-05,12,24,7.693,99.361,34.362,7.863,76.986,4.077,0.005194,3.786
LFPG,2025-01-07,12,2025-01-06,12,24,5.527,10.09,25.105,5.697,67.751,0.198,0.003879,5.499
LFPG,2025-01-08,12,2025-01-07,12,24,2.685,100.0,15.195,2.855,95.369,2.182,0.004493,0.673
LFPG,2025-01-09,12,2025-01-08,12,24,3.221,67.23,23.129,3.391,75.787,-0.481,0.003688,3.872
LFPG,2025-01-10,12,2025-01-09,12,24,4.061,100.0,7.606,4.231,75.97,0.372,0.00388,3.859
LFPG,2025-01-11,12,2025-01-10,12,24,3.46,5.0,8.37,3.63,68.051,-1.711,0.003304,5.341
LFPG,2025-01-12,12,2025-01-11,12,24,4.208,5.0,13.469,4.378,67.567,-1.094,0.003419,5.472
LFPG,2025-01-13,12,2025-01-12,12,24,3.176,0.193,11.168,3.346,59.005,-3.882,0.002777,7.228
LFPG,2025-01-14,12,2025-01-13,12,24,3.166,48.681,3.21,3.336,41.95,-8.374,0.001976,11.71
LFPG,2025-01-15,12,2025-01-14,12,24,6.423,7.386,5.858,6.593,90.591,5.147,0.005376,1.446
LFPG,2025-01-16,12,2025-01-15,12,24,5.982,0.748,12.356,6.152,69.309,0.945,0.003991,5.207
LFPG,2025-01-17,12,2025-01-16,12,24,4.66,4.018,5.382,4.83,66.27,-0.902,0.003477,5.732
LFPG,2025-01-18,12,2025-01-17,12,24,3.841,5.0,8.95,4.011,68.0,-1.358,0.003387,5.369
LFPG,2025-01-19,12,2025-01-18,12,24,3.198,0.0,8.071,3.368,67.049,-2.142,0.003212,5.51
LFPG,2025-01-20,12,2025-01-19,12,24,4.015,78.199,5.038,4.185,63.643,-2.103,0.003234,6.288
LFPG,2025-01-21,12,2025-01-20,12,24,5.764,89.593,9.025,5.934,67.764,0.449,0.003915,5.485
LFPG,2025-01-22,12,2025-01-21,12,24,8.292,100.0,16.048,8.462,89.931,6.898,0.006248,1.564
LFPG,2025-01-23,12,2025-01-22,12,24,6.569,100.0,18.321,6.739,73.574,2.354,0.004505,4.385
LFPG,2025-01-24,12,2025-01-23,12,24,8.719,100.0,32.343,8.889,80.708,5.752,0.005765,3.137
LFPG,2025-01-25,12,2025-01-24,12,24,8.372,100.0,5.209,8.542,85.398,6.251,0.005961,2.291
LFPG,2025-01-26,12,2025-01-25,12,24,6.219,100.0,25.183,6.389,73.055,1.916,0.004396,4.473
LFPG,2025-01-27,12,2025-01-26,12,24,9.912,6.89,25.145,10.082,65.873,4.008,0.005152,6.074
LFPG,2025-01-28,12,2025-01-27,12,24,6.363,100.0,23.626,6.533,87.087,4.544,0.005365,1.989
LFPG,2025-01-29,12,2025-01-28,12,24,7.714,100.0,18.662,7.884,78.289,4.342,0.005212,3.542
LFPG,2025-01-30,12,2025-01-29,12,24,5.923,100.0,20.268,6.093,89.813,4.53,0.005227,1.563
LFPG,2025-01-31,12,2025-01-30,12,24,4.579,99.562,12.479,4.749,72.318,0.202,0.003797,4.547
LFPG,2025-02-01,12,2025-01-31,12,24,5.714,0.0,8.39,5.884,55.389,-2.381,0.003142,8.265
LFPG,2025-02-02,12,2025-02-01,12,24,4.816,0.088,3.015,4.986,58.796,-2.387,0.003153,7.373
LFPG,2025-02-03,12,2025-02-02,12,24,6.512,0.0,7.987,6.682,63.62,0.288,0.003825,6.394
LFPG,2025-02-04,12,2025-02-03,12,24,6.961,4.675,10.394,7.131,61.33,0.208,0.003802,6.923
LFPG,2025-02-05,12,2025-02-04,12,24,8.73,98.454,8.876,8.9,64.672,2.616,0.004475,6.284
LFPG,2025-02-06,12,2025-02-05,12,24,6.019,38.334,18.256,6.189,72.641,1.658,0.004175,4.531
LFPG,2025-02-07,12,2025-02-06,12,24,3.903,100.0,16.715,4.073,70.02,-0.88,0.003533,4.953
LFPG,2025-02-08,12,2025-02-07,12,24,6.089,77.208,16.479,6.259,60.718,-0.774,0.003559,7.033
LFPG,2025-02-09,12,2025-02-08,12,24,4.641,99.816,10.17,4.811,87.508,2.9,0.004616,1.911
LFPG,2025-02-10,12,2025-02-09,12,24,3.991,100.0,11.24,4.161,94.218,3.297,0.004785,0.864
LFPG,2025-02-11,12,2025-02-10,12,24,6.514,30.647,8.604,6.684,61.729,-0.129,0.003741,6.813
LFPG,2025-02-12,12,2025-02-11,12,24,6.016,93.245,4.257,6.186,65.36,0.182,0.003829,6.004
LFPG,2025-02-13,12,2025-02-12,12,24,6.538,30.021,8.399,6.708,61.883,-0.068,0.003747,6.776
LFPG,2025-02-14,12,2025-02-13,12,24,4.277,0.0,12.34,4.447,47.782,-5.665,0.002461,10.112
LFPG,2025-02-15,12,2025-02-14,12,24,4.261,100.0,11.173,4.431,51.628,-4.665,0.002668,9.096
LFPG,2025-02-16,12,2025-02-15,12,24,5.628,4.755,13.492,5.798,51.566,-3.419,0.00294,9.217
LFPG,2025-02-17,12,2025-02-16,12,24,5.003,5.0,11.104,5.173,50.278,-4.33,0.002734,9.503
LFPG,2025-02-18,12,2025-02-17,12,24,6.35,7.528,16.656,6.52,47.331,-3.891,0.00283,10.411
LFPG,2025-02-19,12,2025-02-18,12,24,7.938,100.0,10.964,8.108,63.567,1.627,0.004255,6.481
LFPG,2025-02-20,12,2025-02-19,12,24,9.642,100.0,14.001,9.812,79.784,6.489,0.00596,3.323
LFPG,2025-02-21,12,2025-02-20,12,24,14.563,100.0,19.104,14.733,66.284,8.53,0.006901,6.203
LFPG,2025-02-22,12,2025-02-21,12,24,10.593,100.0,22.545,10.763,85.192,8.347,0.006836,2.416
LFPG,2025-02-23,12,2025-02-22,12,24,12.249,15.86,16.179,12.419,59.1,4.66,0.005222,7.759
LFPG,2025-02-24,12,2025-02-23,12,24,11.711,100.0,26.51,11.881,63.485,5.193,0.005471,6.688
LFPG,2025-02-25,12,2025-02-24,12,24,8.884,100.0,19.012,9.054,84.711,6.604,0.006083,2.45
LFPG,2025-02-26,12,2025-02-25,12,24,9.73,11.204,18.786,9.9,58.729,2.241,0.004431,7.659
LFPG,2025-02-27,12,2025-02-26,12,24,6.827,95.206,16.494,6.997,74.062,2.69,0.004572,4.307
LFPG,2025-02-28,12,2025-02-27,12,24,8.069,98.423,14.5,8.239,62.167,1.432,0.004157,6.807
LFPG,2025-03-01,12,2025-02-28,12,24,7.602,72.779,19.865,7.772,56.364,-0.36,0.003638,8.132
LFPG,2025-03-02,12,2025-03-01,12,24,8.543,23.076,18.061,8.713,50.394,-1.016,0.003465,9.729
LFPG,2025-03-03,12,2025-03-02,12,24,9.241,0.0,7.965,9.411,48.436,-0.93,0.003498,10.341
LFPG,2025-03-04,12,2025-03-03,12,24,10.555,58.644,7.684,10.725,49.069,0.468,0.003887,10.257
LFPG,2025-03-05,12,2025-03-04,12,24,12.982,0.0,8.47,13.152,50.091,2.986,0.004666,10.166
LFPG,2025-03-06,12,2025-03-05,12,24,14.07,0.0,16.795,14.24,37.859,0.05,0.003802,14.19
LFPG,2025-03-07,12,2025-03-06,12,24,14.17,19.616,15.372,14.34,43.441,2.053,0.004402,12.287
LFPG,2025-03-08,12,2025-03-07,12,24,15.088,98.498,21.159,15.258,46.47,3.891,0.00504,11.367
LFPG,2025-03-09,12,2025-03-08,12,24,16.84,82.41,15.392,17.01,44.949,5.031,0.005498,11.979
LFPG,2025-03-10,12,2025-03-09,12,24,11.666,100.0,11.498,11.836,78.208,8.173,0.006826,3.663
LFPG,2025-03-11,12,2025-03-10,12,24,8.698,89.271,16.075,8.868,76.424,4.912,0.005449,3.956
LFPG,2025-03-12,12,2025-03-11,12,24,7.55,100.0,11.889,7.72,54.665,-0.877,0.003617,8.597
LFPG,2025-03-13,12,2025-03-12,12,24,7.543,77.756,11.423,7.713,52.027,-1.529,0.003445,9.242
LFPG,2025-03-14,12,2025-03-13,12,24,5.506,99.588,13.772,5.676,59.37,-1.654,0.003389,7.33
LFPG,2025-03-15,12,2025-03-14,12,24,6.695,100.0,22.693,6.865,52.111,-2.232,0.003207,9.097
LFPG,2025-03-16,12,2025-03-15,12,24,8.865,17.114,19.043,9.035,50.439,-0.649,0.003595,9.684
LFPG,2025-03-17,12,2025-03-16,12,24,9.577,3.021,18.153,9.747,45.721,-1.391,0.003384,11.138
LFPG,2025-03-18,12,2025-03-17,12,24,9.474,0.0,20.211,9.644,37.419,-4.167,0.002766,13.811
LFPG,2025-03-19,12,2025-03-18,12,24,13.989,7.127,12.574,14.159,46.261,2.763,0.00459,11.396
LFPG,2025-03-20,12,2025-03-19,12,24,15.71,0.0,10.801,15.88,51.725,5.94,0.00575,9.94
LFPG,2025-03-21,12,2025-03-20,12,24,17.953,100.0,19.821,18.123,50.998,7.865,0.006662,10.258
LFPG,2025-03-22,12,2025-03-21,12,24,12.722,100.0,8.065,12.892,78.776,9.243,0.007348,3.649
LFPG,2025-03-23,12,2025-03-22,12,24,13.115,90.961,17.778,13.285,63.558,6.476,0.006078,6.809
LFPG,2025-03-24,12,2025-03-23,12,24,15.507,24.053,3.832,15.677,55.306,6.765,0.00611,8.912
LFPG,2025-03-25,12,2025-03-24,12,24,13.791,99.972,9.153,13.961,55.891,5.287,0.005488,8.674
LFPG,2025-03-26,12,2025-03-25,12,24,15.171,16.771,14.68,15.341,52.691,5.689,0.00565,9.652
LFPG,2025-03-27,12,2025-03-26,12,24,14.304,5.424,10.981,14.474,48.421,3.726,0.004924,10.748
LFPG,2025-03-28,12,2025-03-27,12,24,14.642,0.0,9.547,14.812,44.076,2.746,0.004628,12.066
LFPG,2025-03-29,12,2025-03-28,12,24,11.838,3.25,19.068,12.008,44.33,0.218,0.003828,11.79
LFPG,2025-03-30,12,2025-03-29,12,24,12.665,88.429,19.638,12.835,72.462,7.987,0.006605,4.848
LFPG,2025-03-31,12,2025-03-30,12,24,13.472,0.003,15.954,13.642,42.06,1.026,0.004035,12.616
LFPG,2025-04-01,12,2025-03-31,12,24,13.081,4.755,24.829,13.251,45.152,1.556,0.004226,11.695
LFPG,2025-04-02,12,2025-04-01,12,24,11.254,100.0,22.674,11.424,58.783,3.712,0.004926,7.712
LFPG,2025-04-03,12,2025-04-02,12,24,18.702,91.508,20.591,18.872,45.294,6.748,0.006101,12.124
LFPG,2025-04-04,12,2025-04-03,12,24,20.478,22.453,15.451,20.648,45.807,8.623,0.006937,12.025
LFPG,2025-04-05,12,2025-04-04,12,24,21.039,0.0,17.215,21.209,38.594,6.561,0.006051,14.648
LFPG,2025-04-06,12,2025-04-05,12,24,14.707,5.017,22.453,14.877,36.6,0.146,0.003821,14.731
LFPG,2025-04-07,12,2025-04-06,12,24,13.74,5.0,16.235,13.91,31.682,-2.635,0.003106,16.545
LFPG,2025-04-08,12,2025-04-07,12,24,15.071,7.164,12.577,15.241,34.462,-0.346,0.003661,15.587
LFPG,2025-04-09,12,2025-04-08,12,24,16.504,1.341,17.743,16.674,38.973,2.682,0.004562,13.992
LFPG,2025-04-10,12,2025-04-09,12,24,15.342,5.0,15.672,15.512,46.438,4.03,0.005005,11.482
LFPG,2025-04-11,12,2025-04-10,12,24,17.686,0.01,10.713,17.856,39.834,4.039,0.005032,13.817
LFPG,2025-04-12,12,2025-04-11,12,24,20.091,45.743,17.855,20.261,43.615,7.48,0.006495,12.781
LFPG,2025-04-13,12,2025-04-12,12,24,13.258,100.0,16.209,13.428,69.78,7.991,0.006702,5.437
LFPG,2025-04-14,12,2025-04-13,12,24,17.624,99.993,13.912,17.794,45.641,5.925,0.005836,11.869
LFPG,2025-04-15,12,2025-04-14,12,24,16.693,100.0,20.192,16.863,60.631,9.233,0.00739,7.63
LFPG,2025-04-16,12,2025-04-15,12,24,13.36,100.0,9.177,13.53,38.457,-0.366,0.003718,13.896
LFPG,2025-04-17,12,2025-04-16,12,24,16.067,88.575,5.582,16.237,40.4,2.746,0.004635,13.491
LFPG,2025-04-18,12,2025-04-17,12,24,16.156,7.462,18.896,16.326,45.504,4.552,0.005258,11.774
LFPG,2025-04-19,12,2025-04-18,12,24,17.026,97.115,11.189,17.196,51.086,7.045,0.006317,10.151
LFPG,2025-04-20,12,2025-04-19,12,24,13.544,98.222,19.437,13.714,57.758,5.494,0.005665,8.22
LFPG,2025-04-21,12,2025-04-20,12,24,12.862,100.0,11.888,13.032,69.651,7.659,0.006536,5.373
LFPG,2025-04-22,12,2025-04-21,12,24,15.034,100.0,9.569,15.204,56.354,6.603,0.006035,8.601
LFPG,2025-04-23,12,2025-04-22,12,24,13.627,85.772,12.071,13.797,66.358,7.632,0.006531,6.165
LFPG,2025-04-24,12,2025-04-23,12,24,12.518,61.917,10.805,12.688,74.892,8.326,0.006787,4.362
LFPG,2025-04-25,12,2025-04-24,12,24,15.572,34.428,14.149,15.742,61.174,8.213,0.006747,7.529
LFPG,2025-04-26,12,2025-04-25,12,24,17.562,100.0,16.434,17.732,51.408,7.643,0.006465,10.089
LFPG,2025-04-27,12,2025-04-26,12,24,20.113,37.923,14.483,20.283,43.605,7.542,0.006398,12.741
LFPG,2025-04-28,12,2025-04-27,12,24,21.048,5.838,11.165,21.218,49.128,10.214,0.007654,11.004
LFPG,2025-04-29,12,2025-04-28,12,24,21.865,0.0,15.189,22.035,40.936,8.18,0.006688,13.855
LFPG,2025-04-30,12,2025-04-29,12,24,23.987,2.165,12.188,24.157,47.078,12.188,0.008782,11.969
LFPG,2025-05-01,12,2025-04-30,12,24,25.471,97.993,11.228,25.641,41.235,11.445,0.008415,14.196
LFPG,2025-05-02,12,2025-05-01,12,24,25.28,83.567,6.292,25.45,44.059,12.346,0.008903,13.104
LFPG,2025-05-03,12,2025-05-02,12,24,21.134,29.064,23.607,21.304,67.4,15.056,0.010694,6.248
LFPG,2025-05-04,12,2025-05-03,12,24,15.317,53.356,21.786,15.487,48.715,4.697,0.005316,10.79
LFPG,2025-05-05,12,2025-05-04,12,24,12.441,99.693,19.578,12.611,45.01,0.987,0.004077,11.624
LFPG,2025-05-06,12,2025-05-05,12,24,13.295,100.0,20.767,13.465,54.803,4.547,0.005227,8.918
LFPG,2025-05-07,12,2025-05-06,12,24,15.413,6.421,17.342,15.583,44.84,3.611,0.004913,11.972
LFPG,2025-05-08,12,2025-05-07,12,24,16.445,99.939,17.192,16.615,44.225,4.364,0.00518,12.251
LFPG,2025-05-09,12,2025-05-08,12,24,17.336,26.919,20.116,17.506,44.923,5.472,0.005588,12.034
LFPG,2025-05-10,12,2025-05-09,12,24,19.271,0.0,17.091,19.441,47.215,7.924,0.006623,11.517
LFPG,2025-05-11,12,2025-05-10,12,24,21.794,72.306,14.498,21.964,47.261,10.19,0.007786,11.774
LFPG,2025-05-12,12,2025-05-11,12,24,15.778,100.0,5.296,15.948,68.752,10.057,0.007684,5.891
LFPG,2025-05-13,12,2025-05-12,12,24,20.204,100.0,5.843,20.374,52.393,10.335,0.007789,10.039
LFPG,2025-05-14,12,2025-05-13,12,24,22.234,1.718,10.897,22.404,46.372,10.336,0.007789,12.068
LFPG,2025-05-15,12,2025-05-14,12,24,17.115,98.471,19.9,17.285,50.906,7.07,0.006208,10.215
LFPG,2025-05-16,12,2025-05-15,12,24,17.442,4.768,18.417,17.612,38.517,3.297,0.004778,14.315
LFPG,2025-05-17,12,2025-05-16,12,24,14.316,88.655,14.296,14.486,60.952,7.066,0.006217,7.42
LFPG,2025-05-18,12,2025-05-17,12,24,18.765,0.0,9.746,18.935,44.948,6.688,0.006089,12.247
LFPG,2025-05-19,12,2025-05-18,12,24,19.272,100.0,14.614,19.442,44.969,7.228,0.006292,12.214
LFPG,2025-05-20,12,2025-05-19,12,24,21.996,51.624,15.674,22.166,41.222,8.394,0.006824,13.772
LFPG,2025-05-21,12,2025-05-20,12,24,15.261,100.0,8.454,15.431,53.99,6.119,0.005864,9.312
LFPG,2025-05-22,12,2025-05-21,12,24,16.986,60.869,17.63,17.156,48.156,6.145,0.005837,11.011
LFPG,2025-05-23,12,2025-05-22,12,24,15.637,5.003,11.694,15.807,37.489,1.294,0.004151,14.513
LFPG,2025-05-24,12,2025-05-23,12,24,15.719,98.071,18.594,15.889,57.684,7.447,0.006403,8.442
LFPG,2025-05-25,12,2025-05-24,12,24,15.736,18.795,17.691,15.906,83.64,13.012,0.009344,2.894
LFPG,2025-05-26,12,2025-05-25,12,24,16.286,100.0,14.822,16.456,54.571,7.31,0.006313,9.146
LFPG,2025-05-27,12,2025-05-26,12,24,16.834,100.0,19.511,17.004,68.898,11.321,0.008277,5.683
LFPG,2025-05-28,12,2025-05-27,12,24,17.592,99.936,25.472,17.762,79.141,14.06,0.009943,3.702
LFPG,2025-05-29,12,2025-05-28,12,24,22.799,49.173,13.543,22.969,43.215,9.802,0.007486,13.167
LFPG,2025-05-30,12,2025-05-29,12,24,26.188,0.0,7.414,26.358,47.472,14.259,0.010083,12.099
LFPG,2025-05-31,12,2025-05-30,12,24,21.31,99.325,7.512,21.48,80.084,17.944,0.012757,3.536
LFPG,2025-06-01,12,2025-05-31,12,24,21.906,99.543,13.379,22.076,41.806,8.499,0.006887,13.577
LFPG,2025-06-02,12,2025-06-01,12,24,19.676,2.72,15.045,19.846,45.428,7.659,0.006492,12.187
LFPG,2025-06-03,12,2025-06-02,12,24,22.502,25.591,21.625,22.672,39.911,8.354,0.006864,14.318
LFPG,2025-06-04,12,2025-06-03,12,24,16.834,97.779,17.299,17.004,74.476,12.422,0.009016,4.582
LFPG,2025-06-05,12,2025-06-04,12,24,18.712,100.0,24.169,18.882,59.742,10.866,0.008126,8.016
LFPG,2025-06-06,12,2025-06-05,12,24,18.437,55.485,20.525,18.607,59.678,10.646,0.00798,7.961
LFPG,2025-06-07,12,2025-06-06,12,24,17.487,99.649,26.454,17.657,68.957,11.956,0.008713,5.701
LFPG,2025-06-08,12,2025-06-07,12,24,15.806,94.222,15.936,15.976,58.516,7.819,0.006551,8.157
LFPG,2025-06-09,12,2025-06-08,12,24,20.375,94.29,8.914,20.545,41.797,7.154,0.006241,13.391
LFPG,2025-06-10,12,2025-06-09,12,24,21.903,99.386,15.554,22.073,46.701,10.147,0.007686,11.926
LFPG,2025-06-11,12,2025-06-10,12,24,24.149,66.441,13.612,24.319,52.74,14.029,0.009945,10.29
LFPG,2025-06-12,12,2025-06-11,12,24,29.008,1.69,14.675,29.178,41.177,14.75,0.010472,14.428
LFPG,2025-06-13,12,2025-06-12,12,24,29.449,0.0,13.517,29.619,46.683,17.046,0.012091,12.573
LFPG,2025-06-14,12,2025-06-13,12,24,27.281,97.012,15.06,27.451,44.984,14.497,0.010234,12.954
LFPG,2025-06-15,12,2025-06-14,12,24,21.704,99.877,13.44,21.874,47.421,10.221,0.007688,11.653
LFPG,2025-06-16,12,2025-06-15,12,24,23.402,5.0,8.274,23.572,43.085,10.381,0.007705,13.191
LFPG,2025-06-17,12,2025-06-16,12,24,26.206,0.971,8.999,26.376,38.79,11.215,0.008213,15.161
LFPG,2025-06-18,12,2025-06-17,12,24,26.209,0.253,10.142,26.379,37.345,10.741,0.007941,15.638
LFPG,2025-06-19,12,2025-06-18,12,24,27.909,6.229,15.843,28.079,40.831,13.556,0.009613,14.523
LFPG,2025-06-20,12,2025-06-19,12,24,28.472,100.0,17.033,28.642,33.541,11.178,0.008205,17.464
LFPG,2025-06-21,12,2025-06-20,12,24,31.683,0.245,9.509,31.853,22.259,7.758,0.006555,24.095
LFPG,2025-06-22,12,2025-06-21,12,24,25.618,100.0,14.984,25.788,44.684,12.928,0.009268,12.86
LFPG,2025-06-23,12,2025-06-22,12,24,22.031,89.996,21.156,22.201,58.664,13.573,0.00968,8.628
LFPG,2025-06-24,12,2025-06-23,12,24,26.702,0.498,13.92,26.872,28.159,7.001,0.006232,19.871
LFPG,2025-06-25,12,2025-06-24,12,24,32.336,13.646,7.282,32.506,27.315,11.409,0.0084,21.097
LFPG,2025-06-26,12,2025-06-25,12,24,22.866,98.261,17.058,23.036,57.583,14.261,0.010081,8.775
LFPG,2025-06-27,12,2025-06-26,12,24,26.098,89.922,16.194,26.268,50.998,15.4,0.010814,10.868
LFPG,2025-06-28,12,2025-06-27,12,24,29.503,4.502,10.098,29.673,42.127,15.563,0.010885,14.11
LFPG,2025-06-29,12,2025-06-28,12,24,31.215,0.003,8.459,31.385,33.736,13.665,0.00966,17.72
LFPG,2025-06-30,12,2025-06-29,12,24,35.248,0.0,2.673,35.418,27.511,14.047,0.009959,21.371
LFPG,2025-07-01,12,2025-06-30,12,24,36.722,0.0,11.306,36.892,19.728,10.193,0.007749,26.699
LFPG,2025-07-02,12,2025-07-01,12,24,33.738,77.238,15.1,33.908,29.161,13.665,0.009728,20.243
LFPG,2025-07-03,12,2025-07-02,12,24,25.582,0.0,14.568,25.752,20.716,1.681,0.004237,24.071
LFPG,2025-07-04,12,2025-07-03,12,24,27.03,4.203,8.68,27.2,16.998,0.172,0.003798,27.028
LFPG,2025-07-05,12,2025-07-04,12,24,26.926,100.0,12.869,27.096,20.915,2.991,0.004688,24.105
LFPG,2025-07-06,12,2025-07-05,12,24,14.675,100.0,18.689,14.845,95.497,14.07,0.010096,0.775
LFPG,2025-07-07,12,2025-07-06,12,24,14.228,97.976,11.4,14.398,93.836,13.366,0.009608,1.032
LFPG,2025-07-08,12,2025-07-07,12,24,17.786,43.166,23.686,17.956,52.865,8.236,0.006752,9.72
LFPG,2025-07-09,12,2025-07-08,12,24,24.123,0.118,4.992,24.293,33.92,7.414,0.006362,16.879
LFPG,2025-07-10,12,2025-07-09,12,24,27.256,1.607,10.04,27.426,30.664,8.763,0.006965,18.663
LFPG,2025-07-11,12,2025-07-10,12,24,28.042,0.017,14.112,28.212,35.152,11.421,0.00839,16.791
LFPG,2025-07-12,12,2025-07-11,12,24,27.31,1.782,7.3,27.48,40.328,12.948,0.009288,14.532
LFPG,2025-07-13,12,2025-07-12,12,24,29.064,0.0,6.821,29.234,25.971,7.858,0.006625,21.376
LFPG,2025-07-14,12,2025-07-13,12,24,26.048,92.131,24.069,26.218,38.774,11.095,0.008214,15.123
LFPG,2025-07-15,12,2025-07-14,12,24,24.408,89.011,21.184,24.578,26.634,4.246,0.005119,20.332
LFPG,2025-07-16,12,2025-07-15,12,24,18.245,92.367,17.557,18.415,81.377,15.068,0.010598,3.347
LFPG,2025-07-17,12,2025-07-16,12,24,26.236,64.689,12.385,26.406,46.565,14.092,0.009967,12.314
LFPG,2025-07-18,12,2025-07-17,12,24,32.517,74.672,4.414,32.687,26.382,11.024,0.008219,21.663
LFPG,2025-07-19,12,2025-07-18,12,24,27.219,72.005,25.593,27.389,46.09,14.821,0.010595,12.568
LFPG,2025-07-20,12,2025-07-19,12,24,19.397,96.75,23.66,19.567,72.0,14.375,0.010287,5.192
LFPG,2025-07-21,12,2025-07-20,12,24,18.661,84.989,22.586,18.831,82.271,15.758,0.011268,3.073
LFPG,2025-07-22,12,2025-07-21,12,24,20.909,76.736,16.005,21.079,57.389,12.328,0.00893,8.751
LFPG,2025-07-23,12,2025-07-22,12,24,22.804,88.095,8.735,22.974,45.464,10.617,0.007974,12.357
LFPG,2025-07-24,12,2025-07-23,12,24,17.07,95.082,7.03,17.24,85.134,14.757,0.01044,2.483
LFPG,2025-07-25,12,2025-07-24,12,24,24.859,71.068,8.807,25.029,48.713,13.536,0.009623,11.493
LFPG,2025-07-26,12,2025-07-25,12,24,25.571,86.864,12.884,25.741,44.785,12.902,0.009253,12.839
LFPG,2025-07-27,12,2025-07-26,12,24,24.687,97.195,13.686,24.857,40.673,10.604,0.007941,14.253
LFPG,2025-07-28,12,2025-07-27,12,24,20.81,100.0,10.692,20.98,43.694,8.284,0.006757,12.696
LFPG,2025-07-29,12,2025-07-28,12,24,24.187,63.442,11.93,24.357,37.674,9.097,0.007149,15.26
LFPG,2025-07-30,12,2025-07-29,12,24,22.697,8.062,10.635,22.867,58.986,14.495,0.010216,8.372
LFPG,2025-07-31,12,2025-07-30,12,24,25.463,100.0,14.133,25.633,44.234,12.563,0.009046,13.07
RNO,2024-08-01,20,2024-07-31,18,26,34.169,6.997,9.324,32.125,11.895,-0.671,0.004293,32.796
RNO,2024-08-02,20,2024-08-01,18,26,34.276,82.683,7.293,32.232,11.639,-0.925,0.004234,33.157
RNO,2024-08-03,20,2024-08-02,18,26,28.464,32.567,6.612,26.42,30.327,7.775,0.00785,18.645
RNO,2024-08-04,20,2024-08-03,18,26,32.079,0.012,10.747,30.035,19.652,4.486,0.006258,25.549
RNO,2024-08-05,20,2024-08-04,18,26,34.419,1.499,21.303,32.375,13.154,0.784,0.004812,31.591
RNO,2024-08-06,20,2024-08-05,18,26,34.961,0.406,17.552,32.917,12.352,0.366,0.004658,32.551
RNO,2024-08-07,20,2024-08-06,18,26,35.034,2.595,12.69,32.99,13.539,1.645,0.005116,31.345
RNO,2024-08-08,20,2024-08-07,18,26,34.569,4.226,10.003,32.525,14.356,2.158,0.005304,30.367
RNO,2024-08-09,20,2024-08-08,18,26,34.231,0.305,7.535,32.187,13.698,1.196,0.004969,30.991
RNO,2024-08-10,20,2024-08-09,18,26,34.266,3.629,22.024,32.222,8.341,-5.495,0.003018,37.717
RNO,2024-08-11,20,2024-08-10,18,26,33.209,16.777,17.225,31.165,7.095,-8.222,0.002442,39.387
RNO,2024-08-12,20,2024-08-11,18,26,30.601,1.833,30.07,28.557,8.246,-8.433,0.002412,36.99
RNO,2024-08-13,20,2024-08-12,18,26,28.651,0.719,26.985,26.607,15.23,-1.902,0.003971,28.509
RNO,2024-08-14,20,2024-08-13,18,26,29.427,0.0,3.175,27.383,11.876,-4.479,0.003254,31.862
RNO,2024-08-15,20,2024-08-14,18,26,29.876,0.0,20.698,27.832,9.881,-6.543,0.002789,34.375
RNO,2024-08-16,20,2024-08-15,18,26,29.407,0.0,5.863,27.363,10.598,-5.953,0.002907,33.316
RNO,2024-08-17,20,2024-08-16,18,26,28.968,0.085,39.07,26.924,14.603,-2.131,0.003904,29.055
RNO,2024-08-18,20,2024-08-17,18,26,28.183,0.335,6.716,26.139,15.063,-2.284,0.003846,28.423
RNO,2024-08-19,20,2024-08-18,18,26,29.986,0.0,15.169,27.942,11.514,-4.439,0.003267,32.381
RNO,2024-08-20,20,2024-08-19,18,26,29.693,3.092,32.613,27.649,12.486,-3.64,0.003454,31.289
RNO,2024-08-21,20,2024-08-20,18,26,28.439,0.0,17.282,26.395,11.507,-5.721,0.00297,32.116
RNO,2024-08-22,20,2024-08-21,18,26,27.844,0.0,32.589,25.8,13.487,-4.085,0.003366,29.885
RNO,2024-08-23,20,2024-08-22,18,26,19.448,100.0,27.318,17.404,22.579,-4.202,0.003351,21.606
RNO,2024-08-24,20,2024-08-23,18,26,12.591,70.144,13.025,10.547,60.212,3.101,0.005671,7.446
RNO,2024-08-25,20,2024-08-24,18,26,19.269,0.014,6.16,17.225,29.149,-0.822,0.00426,18.047
RNO,2024-08-26,20,2024-08-25,18,26,25.178,0.0,10.42,23.134,17.93,-2.417,0.003778,25.551
RNO,2024-08-27,20,2024-08-26,18,26,29.618,0.745,7.612,27.574,15.531,-0.709,0.004304,28.283
RNO,2024-08-28,20,2024-08-27,18,26,29.541,0.0,7.524,27.497,11.847,-4.431,0.003267,31.928
RNO,2024-08-29,20,2024-08-28,18,26,30.458,0.0,8.028,28.414,14.429,-1.116,0.004169,29.53
RNO,2024-08-30,20,2024-08-29,18,26,31.672,0.0,11.401,29.628,8.785,-6.745,0.002733,36.373
RNO,2024-08-31,20,2024-08-30,18,26,31.998,0.151,9.827,29.954,8.924,-6.246,0.002835,36.2
RNO,2024-09-01,20,2024-08-31,18,26,31.915,3.436,6.789,29.871,13.54,-0.772,0.004292,30.643
RNO,2024-09-02,20,2024-09-01,18,26,30.426,0.094,45.511,28.382,15.098,-0.522,0.004372,28.904
RNO,2024-09-03,20,2024-09-02,18,26,28.71,0.0,8.184,26.666,14.262,-2.639,0.003727,29.305
RNO,2024-09-04,20,2024-09-03,18,26,30.631,0.0,14.031,28.587,9.755,-6.14,0.002854,34.727
RNO,2024-09-05,20,2024-09-04,18,26,32.13,0.0,11.801,30.086,10.84,-3.594,0.003453,33.68
RNO,2024-09-06,20,2024-09-05,18,26,32.835,36.682,9.661,30.791,14.054,0.447,0.004669,30.344
RNO,2024-09-07,20,2024-09-06,18,26,32.645,21.049,38.586,30.601,10.631,-3.512,0.003509,34.113
RNO,2024-09-08,20,2024-09-07,18,26,30.951,0.0,30.227,28.907,10.637,-4.835,0.003179,33.742
RNO,2024-09-09,20,2024-09-08,18,26,31.411,20.767,22.416,29.367,11.646,-3.186,0.003595,32.553
RNO,2024-09-10,20,2024-09-09,18,26,30.486,12.95,16.088,28.442,9.31,-7.025,0.002704,35.467
RNO,2024-09-11,20,2024-09-10,18,26,25.097,7.647,39.09,23.053,14.804,-5.068,0.003154,28.121
RNO,2024-09-12,20,2024-09-11,18,26,20.062,0.472,7.892,18.018,26.981,-1.206,0.004187,19.224
RNO,2024-09-13,20,2024-09-12,18,26,23.992,0.0,6.069,21.948,17.254,-3.84,0.003431,25.788
RNO,2024-09-14,20,2024-09-13,18,26,27.526,0.0,5.332,25.482,13.947,-3.907,0.003415,29.389
RNO,2024-09-15,20,2024-09-14,18,26,24.605,100.0,37.615,22.561,20.454,-1.098,0.004225,23.659
RNO,2024-09-16,20,2024-09-15,18,26,16.777,100.0,10.736,14.733,28.783,-3.178,0.003622,17.911
RNO,2024-09-17,20,2024-09-16,18,26,19.68,100.0,16.644,17.636,39.867,3.788,0.005996,13.848
RNO,2024-09-18,20,2024-09-17,18,26,17.625,100.0,19.757,15.581,46.463,4.225,0.006183,11.356
RNO,2024-09-19,20,2024-09-18,18,26,20.529,53.609,16.218,18.485,34.934,2.781,0.00555,15.704
RNO,2024-09-20,20,2024-09-19,18,26,23.549,0.0,3.864,21.505,22.135,-0.932,0.004246,22.437
RNO,2024-09-21,20,2024-09-20,18,26,24.249,0.0,6.043,22.205,22.646,-0.045,0.00454,22.25
RNO,2024-09-22,20,2024-09-21,18,26,24.415,0.0,6.126,22.371,16.575,-4.066,0.003361,26.437
RNO,2024-09-23,20,2024-09-22,18,26,25.841,91.167,7.471,23.797,15.198,-4.162,0.003323,27.959
RNO,2024-09-24,20,2024-09-23,18,26,28.062,0.0,8.321,26.018,13.334,-3.98,0.003385,29.998
RNO,2024-09-25,20,2024-09-24,18,26,29.579,0.477,24.936,27.535,13.514,-2.601,0.003761,30.136
RNO,2024-09-26,20,2024-09-25,18,26,26.83,0.0,6.855,24.786,11.208,-7.434,0.00262,32.22
RNO,2024-09-27,20,2024-09-26,18,26,28.571,0.0,10.637,26.527,13.176,-3.781,0.003435,30.308
RNO,2024-09-28,20,2024-09-27,18,26,30.381,0.0,8.254,28.337,11.655,-4.02,0.003389,32.357
RNO,2024-09-29,20,2024-09-28,18,26,28.365,0.0,6.532,26.321,11.754,-5.527,0.003007,31.848
RNO,2024-09-30,20,2024-09-29,18,26,25.777,0.0,11.541,23.733,17.621,-2.161,0.003865,25.894
RNO,2024-10-01,20,2024-09-30,18,26,29.56,0.0,6.604,27.516,12.29,-3.932,0.003365,31.448
RNO,2024-10-02,20,2024-10-01,18,26,32.119,0.0,16.238,30.075,8.793,-6.316,0.002827,36.391
RNO,2024-10-03,20,2024-10-02,18,26,30.99,0.0,12.568,28.946,8.786,-7.315,0.002636,36.261
RNO,2024-10-04,20,2024-10-03,18,26,28.129,88.955,36.693,26.085,14.966,-2.534,0.003767,28.619
RNO,2024-10-05,20,2024-10-04,18,26,28.957,60.83,10.248,26.913,15.731,-1.137,0.00415,28.05
RNO,2024-10-06,20,2024-10-05,18,26,28.676,93.06,10.283,26.632,15.967,-1.088,0.004178,27.72
RNO,2024-10-07,20,2024-10-06,18,26,27.564,75.992,7.781,25.52,19.943,0.987,0.004876,24.533
RNO,2024-10-08,20,2024-10-07,18,26,27.608,6.421,5.027,25.564,13.91,-3.731,0.003442,29.295
RNO,2024-10-09,20,2024-10-08,18,26,27.925,100.0,18.066,25.881,11.591,-6.047,0.002894,31.928
RNO,2024-10-10,20,2024-10-09,18,26,26.037,96.806,2.332,23.993,12.251,-6.706,0.00275,30.699
RNO,2024-10-11,20,2024-10-10,18,26,25.512,91.609,4.26,23.468,11.888,-7.601,0.002566,31.069
RNO,2024-10-12,20,2024-10-11,18,26,23.365,0.0,30.42,21.321,18.363,-3.574,0.003472,24.895
RNO,2024-10-13,20,2024-10-12,18,26,20.438,0.0,5.588,18.394,30.081,0.658,0.004751,17.736
RNO,2024-10-14,20,2024-10-13,18,26,22.964,0.0,6.434,20.92,19.497,-3.147,0.003596,24.067
RNO,2024-10-15,20,2024-10-14,18,26,24.698,0.0,5.408,22.654,17.436,-3.11,0.003596,25.764
RNO,2024-10-16,20,2024-10-15,18,26,15.759,100.0,13.199,13.715,58.854,5.836,0.006891,7.879
RNO,2024-10-17,20,2024-10-16,18,26,16.205,72.312,29.151,14.161,32.284,-2.416,0.003857,16.577
RNO,2024-10-18,20,2024-10-17,18,26,9.399,0.0,4.074,7.355,23.547,-12.093,0.001791,19.448
RNO,2024-10-19,20,2024-10-18,18,26,15.073,0.0,7.368,13.029,13.833,-13.89,0.001546,26.919
RNO,2024-10-20,20,2024-10-19,18,26,19.299,89.001,5.658,17.255,12.684,-11.616,0.001868,28.871
RNO,2024-10-21,20,2024-10-20,18,26,20.859,5.148,20.049,18.815,18.444,-5.655,0.002985,24.47
RNO,2024-10-22,20,2024-10-21,18,26,20.009,99.602,3.104,17.965,22.546,-3.707,0.003449,21.672
RNO,2024-10-23,20,2024-10-22,18,26,24.259,44.743,26.784,22.215,14.509,-5.991,0.0029,28.206
RNO,2024-10-24,20,2024-10-23,18,26,13.626,11.479,7.878,11.582,36.979,-2.548,0.003751,14.13
RNO,2024-10-25,20,2024-10-24,18,26,18.815,100.0,6.674,16.771,19.415,-6.875,0.002732,23.646
RNO,2024-10-26,20,2024-10-25,18,26,21.685,100.0,6.987,19.641,11.073,-11.515,0.001881,31.156
RNO,2024-10-27,20,2024-10-26,18,26,19.921,0.0,21.392,17.877,25.256,-2.262,0.00386,20.139
RNO,2024-10-28,20,2024-10-27,18,26,11.601,99.957,13.304,9.557,31.802,-6.386,0.00284,15.943
RNO,2024-10-29,20,2024-10-28,18,26,7.918,4.388,12.514,5.874,41.353,-6.259,0.002857,12.133
RNO,2024-10-30,20,2024-10-29,18,26,12.799,5.733,2.442,10.755,16.792,-13.46,0.001617,24.215
RNO,2024-10-31,20,2024-10-30,18,26,9.689,68.05,18.112,7.645,37.579,-5.951,0.002923,13.596
RNO,2024-11-01,20,2024-10-31,18,26,11.487,100.0,5.259,9.443,25.748,-9.198,0.002281,18.641
RNO,2024-11-02,20,2024-11-01,18,26,11.104,87.207,15.593,9.06,40.229,-3.828,0.003455,12.888
RNO,2024-11-03,20,2024-11-02,18,26,8.041,72.57,19.616,5.997,42.66,-5.745,0.002963,11.742
RNO,2024-11-04,20,2024-11-03,18,26,10.718,4.364,3.482,8.674,27.086,-9.187,0.002258,17.861
RNO,2024-11-05,20,2024-11-04,18,26,13.374,100.0,20.225,11.33,24.957,-8.166,0.002495,19.496
RNO,2024-11-06,20,2024-11-05,18,26,6.127,5.792,14.014,4.083,31.45,-11.353,0.001902,15.436
RNO,2024-11-07,20,2024-11-06,18,26,10.248,0.0,4.15,8.204,16.81,-15.531,0.001352,23.735
RNO,2024-11-08,20,2024-11-07,18,26,14.344,0.193,4.555,12.3,20.969,-9.351,0.002236,21.651
RNO,2024-11-09,20,2024-11-08,18,26,15.949,87.312,5.02,13.905,21.045,-7.971,0.002502,21.876
RNO,2024-11-10,20,2024-11-09,18,26,17.01,13.762,3.255,14.966,17.568,-9.465,0.002227,24.431
RNO,2024-11-11,20,2024-11-10,18,26,9.841,42.041,33.112,7.797,50.777,-1.895,0.003992,9.692
RNO,2024-11-12,20,2024-11-11,18,26,7.644,5.452,3.183,5.6,37.788,-7.629,0.002556,13.229
RNO,2024-11-13,20,2024-11-12,18,26,14.563,71.899,40.093,12.519,20.232,-10.072,0.002147,22.591
RNO,2024-11-14,20,2024-11-13,18,26,9.135,29.3,4.473,7.091,43.679,-4.408,0.003293,11.499
RNO,2024-11-15,20,2024-11-14,18,26,4.72,100.0,21.974,2.676,57.836,-4.868,0.003207,7.544
RNO,2024-11-16,20,2024-11-15,18,26,4.245,74.35,3.544,2.201,37.562,-10.784,0.002009,12.985
RNO,2024-11-17,20,2024-11-16,18,26,12.957,11.584,3.448,10.913,35.656,-3.756,0.00351,14.669
RNO,2024-11-18,20,2024-11-17,18,26,4.6,96.551,14.91,2.556,31.011,-13.034,0.001683,15.59
RNO,2024-11-19,20,2024-11-18,18,26,6.681,71.543,6.383,4.637,23.92,-14.326,0.001512,18.963
RNO,2024-11-20,20,2024-11-19,18,26,11.26,74.329,33.607,9.216,31.018,-7.178,0.002667,16.394
RNO,2024-11-21,20,2024-11-20,18,26,9.871,100.0,5.92,7.827,68.792,2.364,0.005391,5.463
RNO,2024-11-22,20,2024-11-21,18,26,12.883,100.0,25.474,10.839,46.345,-0.315,0.004467,11.154
RNO,2024-11-23,20,2024-11-22,18,26,7.935,23.909,23.179,5.891,54.231,-2.799,0.003739,8.69
RNO,2024-11-24,20,2024-11-23,18,26,5.721,0.023,2.482,3.677,32.426,-11.546,0.001899,15.223
RNO,2024-11-25,20,2024-11-24,18,26,7.674,88.885,7.371,5.63,39.506,-7.235,0.002668,12.865
RNO,2024-11-26,20,2024-11-25,18,26,5.681,100.0,9.664,3.637,75.463,-0.349,0.004455,3.986
RNO,2024-11-27,20,2024-11-26,18,26,4.533,0.442,8.038,2.489,49.398,-7.116,0.002655,9.605
RNO,2024-11-28,20,2024-11-27,18,26,5.383,0.0,5.825,3.339,37.627,-9.773,0.002165,13.112
RNO,2024-11-29,20,2024-11-28,18,26,8.555,0.0,3.807,6.511,23.726,-12.759,0.001707,19.27
RNO,2024-11-30,20,2024-11-29,18,26,11.056,5.0,3.169,9.012,17.476,-14.397,0.001498,23.409
RNO,2024-12-01,20,2024-11-30,18,26,10.141,99.999,3.503,8.097,23.103,-11.794,0.00185,19.891
RNO,2024-12-02,20,2024-12-01,18,26,10.8,4.856,3.872,8.756,29.107,-8.398,0.002436,17.154
RNO,2024-12-03,20,2024-12-02,18,26,10.84,16.911,4.439,8.796,23.573,-11.108,0.001969,19.904
RNO,2024-12-04,20,2024-12-03,18,26,11.537,0.0,4.073,9.493,28.101,-8.027,0.002471,17.52
RNO,2024-12-05,20,2024-12-04,18,26,11.685,9.375,4.337,9.641,33.014,-5.808,0.002932,15.449
RNO,2024-12-06,20,2024-12-05,18,26,10.658,0.0,6.896,8.614,34.856,-6.004,0.002878,14.618
RNO,2024-12-07,20,2024-12-06,18,26,13.363,99.995,2.307,11.319,21.697,-9.756,0.002159,21.075
RNO,2024-12-08,20,2024-12-07,18,26,10.69,4.523,6.812,8.646,45.12,-2.63,0.003755,11.276
RNO,2024-12-09,20,2024-12-08,18,26,5.75,0.0,6.867,3.706,27.35,-13.483,0.001597,17.189
RNO,2024-12-10,20,2024-12-09,18,26,6.659,5.0,5.374,4.615,15.791,-19.297,0.000984,23.912
RNO,2024-12-11,20,2024-12-10,18,26,10.43,98.967,1.53,8.386,14.728,-17.039,0.0012,25.425
RNO,2024-12-12,20,2024-12-11,18,26,6.807,93.08,16.039,4.763,52.36,-4.339,0.003344,9.102
RNO,2024-12-13,20,2024-12-12,18,26,7.267,59.816,8.394,5.223,59.451,-2.056,0.003921,7.279
RNO,2024-12-14,20,2024-12-13,18,26,3.242,100.0,17.42,1.198,92.891,0.158,0.004648,1.04
RNO,2024-12-15,20,2024-12-14,18,26,3.057,100.0,4.807,1.013,60.168,-6.002,0.002907,7.015
RNO,2024-12-16,20,2024-12-15,18,26,5.897,99.292,9.695,3.853,75.665,-0.143,0.004501,3.996
RNO,2024-12-17,20,2024-12-16,18,26,6.541,79.378,1.164,4.497,71.632,-0.308,0.004433,4.805
RNO,2024-12-18,20,2024-12-17,18,26,8.882,100.0,0.283,6.838,52.378,-2.362,0.003835,9.2
RNO,2024-12-19,20,2024-12-18,18,26,11.309,0.048,3.402,9.265,38.975,-4.036,0.003385,13.301
RNO,2024-12-20,20,2024-12-19,18,26,12.83,100.0,1.532,10.786,42.254,-1.59,0.004049,12.376
RNO,2024-12-21,20,2024-12-20,18,26,9.716,100.0,17.748,7.672,55.742,-0.689,0.004322,8.361
RNO,2024-12-22,20,2024-12-21,18,26,8.785,97.375,3.445,6.741,78.266,3.21,0.005717,3.531
RNO,2024-12-23,20,2024-12-22,18,26,11.017,7.745,0.783,8.973,56.914,0.862,0.004832,8.111
RNO,2024-12-24,20,2024-12-23,18,26,7.407,100.0,13.509,5.363,66.995,-0.286,0.004484,5.649
RNO,2024-12-25,20,2024-12-24,18,26,5.727,75.122,2.708,3.683,49.634,-5.88,0.002936,9.563
RNO,2024-12-26,20,2024-12-25,18,26,8.316,31.559,32.73,6.272,67.532,0.646,0.00478,5.626
RNO,2024-12-27,20,2024-12-26,18,26,10.199,2.811,25.3,8.155,56.556,-0.051,0.004552,8.206
RNO,2024-12-28,20,2024-12-27,18,26,8.702,100.0,7.102,6.658,84.756,4.272,0.006174,2.386
RNO,2024-12-29,20,2024-12-28,18,26,6.04,100.0,16.613,3.996,87.788,2.13,0.005336,1.866
RNO,2024-12-30,20,2024-12-29,18,26,3.456,94.483,3.703,1.412,67.567,-3.947,0.003381,5.359
RNO,2024-12-31,20,2024-12-30,18,26,3.928,0.537,4.549,1.884,51.687,-7.035,0.00268,8.919
RNO,2025-01-01,20,2024-12-31,18,26,8.69,97.581,9.677,6.646,58.064,-1.075,0.004194,7.721
RNO,2025-01-02,20,2025-01-01,18,26,12.075,92.746,4.681,10.031,64.576,3.63,0.005876,6.401
RNO,2025-01-03,20,2025-01-02,18,26,10.688,17.607,25.198,8.644,44.415,-2.907,0.003707,11.551
RNO,2025-01-04,20,2025-01-03,18,26,4.94,5.0,2.947,2.896,46.453,-7.512,0.002585,10.408
RNO,2025-01-05,20,2025-01-04,18,26,7.741,29.335,1.121,5.697,55.69,-2.504,0.003763,8.201
RNO,2025-01-06,20,2025-01-05,18,26,8.568,5.187,8.553,6.524,60.059,-0.663,0.004316,7.187
RNO,2025-01-07,20,2025-01-06,18,26,3.845,4.588,8.349,1.801,56.301,-5.987,0.002877,7.788
RNO,2025-01-08,20,2025-01-07,18,26,5.892,8.415,3.105,3.848,34.97,-10.166,0.002076,14.014
RNO,2025-01-09,20,2025-01-08,18,26,7.706,0.0,4.606,5.662,29.162,-11.003,0.00195,16.665
RNO,2025-01-10,20,2025-01-09,18,26,11.845,12.282,4.037,9.801,36.429,-4.494,0.003289,14.295
RNO,2025-01-11,20,2025-01-10,18,26,4.141,0.0,6.385,2.097,39.328,-10.398,0.002056,12.495
RNO,2025-01-12,20,2025-01-11,18,26,3.522,2.625,3.004,1.478,38.638,-11.069,0.001943,12.547
RNO,2025-01-13,20,2025-01-12,18,26,2.696,21.992,7.353,0.652,42.6,-10.669,0.001999,11.321
RNO,2025-01-14,20,2025-01-13,18,26,5.821,23.009,0.93,3.777,33.665,-10.788,0.001982,14.565
RNO,2025-01-15,20,2025-01-14,18,26,7.311,0.0,4.337,5.267,34.36,-9.284,0.002246,14.551
RNO,2025-01-16,20,2025-01-15,18,26,8.734,0.0,4.159,6.69,39.416,-6.163,0.002873,12.853
RNO,2025-01-17,20,2025-01-16,18,26,9.944,0.0,8.348,7.9,41.042,-4.553,0.003254,12.453
RNO,2025-01-18,20,2025-01-17,18,26,5.964,0.387,5.345,3.92,49.624,-5.626,0.00297,9.546
RNO,2025-01-19,20,2025-01-18,18,26,9.006,0.0,5.618,6.962,28.137,-10.266,0.002081,17.228
RNO,2025-01-20,20,2025-01-19,18,26,2.567,0.0,10.048,0.523,30.97,-14.709,0.00144,15.232
RNO,2025-01-21,20,2025-01-20,18,26,7.707,46.84,1.191,5.663,17.814,-16.946,0.001205,22.609
RNO,2025-01-22,20,2025-01-21,18,26,8.733,0.0,4.119,6.689,22.591,-13.153,0.001632,19.842
RNO,2025-01-23,20,2025-01-22,18,26,8.293,0.0,5.63,6.249,15.929,-17.817,0.001118,24.066
RNO,2025-01-24,20,2025-01-23,18,26,11.337,61.681,5.21,9.293,23.266,-10.646,0.002025,19.939
RNO,2025-01-25,20,2025-01-24,18,26,-0.628,99.251,12.063,-2.672,66.412,-8.22,0.002478,5.548
RNO,2025-01-26,20,2025-01-25,18,26,-1.12,97.771,8.911,-3.164,62.751,-9.437,0.002229,6.273
RNO,2025-01-27,20,2025-01-26,18,26,1.0,0.0,2.632,-1.044,43.389,-11.967,0.001814,10.923
RNO,2025-01-28,20,2025-01-27,18,26,3.799,0.0,3.192,1.755,31.049,-13.558,0.0016,15.313
RNO,2025-01-29,20,2025-01-28,18,26,6.24,0.0,3.292,4.196,31.898,-11.062,0.001961,15.258
RNO,2025-01-30,20,2025-01-29,18,26,8.729,0.0,1.37,6.685,28.551,-10.374,0.002083,17.059
RNO,2025-01-31,20,2025-01-30,18,26,5.709,100.0,12.977,3.665,83.269,1.026,0.004901,2.639
RNO,2025-02-01,20,2025-01-31,18,26,5.047,100.0,2.821,3.003,95.745,2.378,0.00541,0.625
RNO,2025-02-02,20,2025-02-01,18,26,11.1,28.162,47.953,9.056,63.769,2.474,0.005481,6.582
RNO,2025-02-03,20,2025-02-02,18,26,13.501,91.607,47.779,11.457,24.539,-8.355,0.002469,19.812
RNO,2025-02-04,20,2025-02-03,18,26,8.244,99.035,14.784,6.2,78.774,2.759,0.005626,3.441
RNO,2025-02-05,20,2025-02-04,18,26,4.509,46.68,12.168,2.465,33.455,-12.332,0.001791,14.797
RNO,2025-02-06,20,2025-02-05,18,26,6.506,92.07,13.98,4.462,51.662,-5.026,0.003227,9.488
RNO,2025-02-07,20,2025-02-06,18,26,5.589,94.009,27.585,3.545,45.372,-7.327,0.002643,10.872
RNO,2025-02-08,20,2025-02-07,18,26,2.876,5.357,8.47,0.832,49.294,-8.656,0.002357,9.488
RNO,2025-02-09,20,2025-02-08,18,26,3.017,0.0,9.048,0.973,33.856,-13.25,0.001638,14.223
RNO,2025-02-10,20,2025-02-09,18,26,3.079,83.53,4.612,1.035,34.503,-12.893,0.001692,13.928
RNO,2025-02-11,20,2025-02-10,18,26,4.377,76.88,18.725,2.333,36.582,-11.095,0.001971,13.428
RNO,2025-02-12,20,2025-02-11,18,26,1.563,100.0,5.302,-0.481,31.558,-15.33,0.001395,14.849
RNO,2025-02-13,20,2025-02-12,18,26,2.622,96.01,11.555,0.578,99.05,0.435,0.004782,0.143
RNO,2025-02-14,20,2025-02-13,18,26,2.698,51.285,10.207,0.654,97.926,0.326,0.004691,0.328
RNO,2025-02-15,20,2025-02-14,18,26,2.909,100.0,3.454,0.865,78.14,-2.797,0.003747,3.662
RNO,2025-02-16,20,2025-02-15,18,26,9.795,44.824,12.997,7.751,67.525,2.054,0.005265,5.697
RNO,2025-02-17,20,2025-02-16,18,26,6.582,100.0,7.065,4.538,44.344,-6.684,0.002782,11.222
RNO,2025-02-18,20,2025-02-17,18,26,6.945,96.67,5.67,4.901,55.215,-3.223,0.003565,8.124
RNO,2025-02-19,20,2025-02-18,18,26,8.844,4.268,24.593,6.8,50.537,-2.775,0.003698,9.575
RNO,2025-02-20,20,2025-02-19,18,26,6.415,0.716,4.79,4.371,48.247,-5.587,0.002988,9.958
RNO,2025-02-21,20,2025-02-20,18,26,8.607,96.368,7.068,6.563,33.481,-8.342,0.002409,14.905
RNO,2025-02-22,20,2025-02-21,18,26,12.826,63.561,1.249,10.782,35.446,-3.823,0.003389,14.605
RNO,2025-02-23,20,2025-02-22,18,26,11.856,100.0,15.326,9.812,57.096,1.654,0.005097,8.158
RNO,2025-02-24,20,2025-02-23,18,26,15.457,81.47,19.376,13.413,26.134,-5.691,0.002978,19.104
RNO,2025-02-25,20,2025-02-24,18,26,12.26,0.551,7.526,10.216,19.918,-11.968,0.001823,22.184
RNO,2025-02-26,20,2025-02-25,18,26,12.347,0.014,8.708,10.303,27.755,-7.492,0.002576,17.795
RNO,2025-02-27,20,2025-02-26,18,26,13.145,64.019,5.463,11.101,28.085,-6.669,0.002742,17.77
RNO,2025-02-28,20,2025-02-27,18,26,14.095,2.068,4.787,12.051,19.486,-10.456,0.002049,22.507
RNO,2025-03-01,20,2025-02-28,18,26,15.866,13.151,8.664,13.822,18.964,-9.445,0.002241,23.267
RNO,2025-03-02,20,2025-03-01,18,26,5.717,100.0,24.843,3.673,41.411,-8.304,0.002454,11.977
RNO,2025-03-03,20,2025-03-02,18,26,7.984,18.994,17.829,5.94,44.063,-5.404,0.003061,11.344
RNO,2025-03-04,20,2025-03-03,18,26,9.973,99.701,6.363,7.929,42.303,-4.239,0.003332,12.168
RNO,2025-03-05,20,2025-03-04,18,26,4.636,100.0,6.774,2.592,91.249,1.261,0.005033,1.331
RNO,2025-03-06,20,2025-03-05,18,26,3.854,84.508,14.683,1.81,60.345,-5.123,0.00315,6.933
RNO,2025-03-07,20,2025-03-06,18,26,4.475,4.749,11.346,2.431,45.788,-8.032,0.002484,10.463
RNO,2025-03-08,20,2025-03-07,18,26,9.243,43.896,7.786,7.199,29.225,-9.661,0.002184,16.86
RNO,2025-03-09,20,2025-03-08,18,26,13.015,92.773,0.86,10.971,21.949,-10.038,0.002136,21.009
RNO,2025-03-10,20,2025-03-09,18,26,11.66,100.0,2.195,9.616,28.74,-7.655,0.002569,17.271
RNO,2025-03-11,20,2025-03-10,18,26,13.683,0.0,4.333,11.639,24.208,-8.253,0.002485,19.892
RNO,2025-03-12,20,2025-03-11,18,26,12.401,49.498,34.587,10.357,36.614,-4.056,0.003435,14.413
RNO,2025-03-13,20,2025-03-12,18,26,4.371,95.074,25.263,2.327,44.091,-8.886,0.002373,11.213
RNO,2025-03-14,20,2025-03-13,18,26,3.257,98.568,8.891,1.213,78.483,-2.163,0.003956,3.376
RNO,2025-03-15,20,2025-03-14,18,26,6.669,99.153,12.248,4.625,41.363,-7.503,0.002599,12.128
RNO,2025-03-16,20,2025-03-15,18,26,11.456,7.925,43.802,9.412,43.173,-2.751,0.003753,12.163
RNO,2025-03-17,20,2025-03-16,18,26,4.241,59.245,12.941,2.197,60.337,-4.863,0.003205,7.06
RNO,2025-03-18,20,2025-03-17,18,26,4.859,9.283,10.409,2.815,36.472,-10.811,0.001997,13.626
RNO,2025-03-19,20,2025-03-18,18,26,9.908,100.0,8.808,7.864,36.62,-6.14,0.002872,14.004
RNO,2025-03-20,20,2025-03-19,18,26,8.388,100.0,5.958,6.344,27.102,-11.438,0.001898,17.782
RNO,2025-03-21,20,2025-03-20,18,26,10.995,67.528,6.634,8.951,57.037,0.798,0.004822,8.153
RNO,2025-03-22,20,2025-03-21,18,26,10.444,100.0,7.436,8.4,59.632,0.966,0.004878,7.434
RNO,2025-03-23,20,2025-03-22,18,26,14.313,89.531,5.25,12.269,43.699,0.302,0.004632,11.967
RNO,2025-03-24,20,2025-03-23,18,26,18.086,0.0,3.56,16.042,35.065,0.651,0.004733,15.391
RNO,2025-03-25,20,2025-03-24,18,26,20.338,2.28,7.821,18.294,29.337,0.174,0.004591,18.12
RNO,2025-03-26,20,2025-03-25,18,26,21.812,0.893,24.107,19.768,24.234,-1.227,0.004172,20.995
RNO,2025-03-27,20,2025-03-26,18,26,12.14,11.427,33.972,10.096,52.234,0.608,0.004806,9.488
RNO,2025-03-28,20,2025-03-27,18,26,10.371,6.493,15.09,8.327,35.054,-6.3,0.002869,14.627
RNO,2025-03-29,20,2025-03-28,18,26,8.096,68.699,6.289,6.052,32.164,-9.269,0.002265,15.321
RNO,2025-03-30,20,2025-03-29,18,26,10.106,37.818,23.622,8.062,58.342,0.236,0.004688,7.826
RNO,2025-03-31,20,2025-03-30,18,26,5.77,33.123,39.063,3.726,59.105,-3.641,0.003498,7.367
RNO,2025-04-01,20,2025-03-31,18,26,5.149,95.228,35.596,3.105,56.447,-4.917,0.003205,8.022
RNO,2025-04-02,20,2025-04-01,18,26,4.843,46.325,12.532,2.799,50.499,-6.584,0.002805,9.383
RNO,2025-04-03,20,2025-04-02,18,26,7.513,66.213,5.472,5.469,36.059,-8.5,0.002415,13.969
RNO,2025-04-04,20,2025-04-03,18,26,9.782,1.467,14.266,7.738,27.242,-10.08,0.002118,17.818
RNO,2025-04-05,20,2025-04-04,18,26,12.694,100.0,7.423,10.65,24.118,-8.989,0.002281,19.639
RNO,2025-04-06,20,2025-04-05,18,26,18.073,97.939,2.494,16.029,21.832,-5.838,0.002932,21.867
RNO,2025-04-07,20,2025-04-06,18,26,13.122,94.671,17.525,11.078,58.081,3.128,0.00569,7.95
RNO,2025-04-08,20,2025-04-07,18,26,17.003,7.302,14.525,14.959,30.134,-2.447,0.003802,17.406
RNO,2025-04-09,20,2025-04-08,18,26,19.128,7.343,3.931,17.084,25.852,-2.622,0.003734,19.706
RNO,2025-04-10,20,2025-04-09,18,26,22.308,100.0,9.73,20.264,15.639,-6.748,0.002742,27.012
RNO,2025-04-11,20,2025-04-10,18,26,22.166,98.066,6.569,20.122,13.963,-8.28,0.002453,28.402
RNO,2025-04-12,20,2025-04-11,18,26,18.493,17.536,6.385,16.449,20.572,-6.279,0.002857,22.728
RNO,2025-04-13,20,2025-04-12,18,26,14.789,0.0,12.488,12.745,23.586,-7.532,0.002583,20.277
RNO,2025-04-14,20,2025-04-13,18,26,18.647,0.0,14.628,16.603,17.786,-8.03,0.002496,24.633
RNO,2025-04-15,20,2025-04-14,18,26,21.683,48.395,6.569,19.639,17.834,-5.374,0.00305,25.013
RNO,2025-04-16,20,2025-04-15,18,26,21.076,88.755,10.023,19.032,20.094,-4.405,0.00332,23.437
RNO,2025-04-17,20,2025-04-16,18,26,14.196,0.0,21.056,12.152,25.696,-6.93,0.002728,19.082
RNO,2025-04-18,20,2025-04-17,18,26,11.085,0.0,16.738,9.041,21.514,-11.862,0.001842,20.903
RNO,2025-04-19,20,2025-04-18,18,26,17.363,0.0,6.99,15.319,13.811,-12.314,0.001787,27.633
RNO,2025-04-20,20,2025-04-19,18,26,20.651,3.839,8.826,18.607,20.09,-4.727,0.003215,23.334
RNO,2025-04-21,20,2025-04-20,18,26,18.045,1.532,5.618,16.001,28.865,-2.044,0.003911,18.045
RNO,2025-04-22,20,2025-04-21,18,26,20.68,2.193,6.823,18.636,14.496,-8.924,0.002328,27.56
RNO,2025-04-23,20,2025-04-22,18,26,18.736,2.436,20.71,16.692,17.671,-8.0,0.00251,24.692
RNO,2025-04-24,20,2025-04-23,18,26,17.427,16.971,10.584,15.383,16.851,-9.624,0.002207,25.007
RNO,2025-04-25,20,2025-04-24,18,26,13.267,98.489,3.426,11.223,33.119,-4.485,0.003307,15.708
RNO,2025-04-26,20,2025-04-25,18,26,9.688,100.0,8.627,7.644,49.842,-2.303,0.003889,9.947
RNO,2025-04-27,20,2025-04-26,18,26,5.809,99.761,12.98,3.765,83.509,1.193,0.004977,2.572
RNO,2025-04-28,20,2025-04-27,18,26,14.522,0.0,10.644,12.478,30.232,-4.568,0.003243,17.046
RNO,2025-04-29,20,2025-04-28,18,26,19.12,41.956,2.455,17.076,23.526,-3.866,0.003418,20.942
RNO,2025-04-30,20,2025-04-29,18,26,18.243,4.92,5.018,16.199,35.106,0.81,0.004828,15.389
RNO,2025-05-01,20,2025-04-30,18,26,19.918,0.0,12.874,17.874,19.505,-5.746,0.002968,23.62
RNO,2025-05-02,20,2025-05-01,18,26,23.258,52.144,10.3,21.214,22.42,-1.111,0.004222,22.325
RNO,2025-05-03,20,2025-05-02,18,26,16.352,100.0,16.298,14.308,34.261,-1.331,0.004161,15.639
RNO,2025-05-04,20,2025-05-03,18,26,8.606,97.4,16.191,6.562,75.799,2.631,0.005516,3.931
RNO,2025-05-05,20,2025-05-04,18,26,13.589,0.0,14.164,11.545,22.179,-9.363,0.002255,20.908
RNO,2025-05-06,20,2025-05-05,18,26,16.306,0.0,9.631,14.262,22.122,-7.116,0.002672,21.378
RNO,2025-05-07,20,2025-05-06,18,26,21.606,5.0,7.657,19.562,20.462,-3.613,0.003469,23.175
RNO,2025-05-08,20,2025-05-07,18,26,23.535,0.662,8.017,21.491,20.781,-1.805,0.00398,23.296
RNO,2025-05-09,20,2025-05-08,18,26,26.782,44.813,13.434,24.738,20.301,0.574,0.004727,24.164
RNO,2025-05-10,20,2025-05-09,18,26,27.519,4.995,37.98,25.475,17.679,-0.784,0.0043,26.259
RNO,2025-05-11,20,2025-05-10,18,26,21.014,0.0,39.538,18.97,17.554,-6.27,0.002865,25.24
RNO,2025-05-12,20,2025-05-11,18,26,11.806,4.994,45.689,9.762,43.042,-2.364,0.003869,12.126
RNO,2025-05-13,20,2025-05-12,18,26,12.403,79.995,23.109,10.359,32.041,-5.728,0.002992,16.087
RNO,2025-05-14,20,2025-05-13,18,26,16.178,7.448,15.022,14.134,26.654,-4.73,0.003205,18.864
RNO,2025-05-15,20,2025-05-14,18,26,20.811,79.241,11.873,18.767,21.144,-3.912,0.003431,22.679
RNO,2025-05-16,20,2025-05-15,18,26,18.224,100.0,4.47,16.18,35.64,0.951,0.004898,15.229
RNO,2025-05-17,20,2025-05-16,18,26,9.913,99.968,24.906,7.869,68.913,2.513,0.005491,5.356
RNO,2025-05-18,20,2025-05-17,18,26,16.202,4.977,21.629,14.158,22.112,-7.251,0.00264,21.409
RNO,2025-05-19,20,2025-05-18,18,26,18.575,0.0,8.658,16.531,29.678,-1.276,0.004128,17.807
RNO,2025-05-20,20,2025-05-19,18,26,23.603,0.0,9.59,21.559,14.574,-6.483,0.002801,28.042
RNO,2025-05-21,20,2025-05-20,18,26,24.205,0.0,11.888,22.161,14.724,-5.844,0.002938,28.005
RNO,2025-05-22,20,2025-05-21,18,26,23.364,0.0,28.535,21.32,11.81,-9.481,0.00224,30.801
RNO,2025-05-23,20,2025-05-22,18,26,22.396,36.039,3.238,20.352,13.122,-8.807,0.002354,29.159
RNO,2025-05-24,20,2025-05-23,18,26,23.37,2.639,6.457,21.326,19.922,-2.636,0.003759,23.962
RNO,2025-05-25,20,2025-05-24,18,26,27.362,7.555,11.785,25.318,15.351,-2.778,0.003726,28.096
RNO,2025-05-26,20,2025-05-25,18,26,22.377,2.921,9.896,20.333,18.561,-4.275,0.003328,24.608
RNO,2025-05-27,20,2025-05-26,18,26,25.639,0.048,11.711,23.595,21.914,0.716,0.004777,22.879
RNO,2025-05-28,20,2025-05-27,18,26,28.201,0.012,8.186,26.157,13.772,-3.485,0.003517,29.642
RNO,2025-05-29,20,2025-05-28,18,26,27.78,100.0,6.402,25.736,14.628,-3.071,0.003636,28.807
RNO,2025-05-30,20,2025-05-29,18,26,31.302,5.0,9.04,29.258,14.372,-0.492,0.004367,29.75
RNO,2025-05-31,20,2025-05-30,18,26,34.025,5.98,5.834,31.981,9.892,-3.325,0.003564,35.306
RNO,2025-06-01,20,2025-05-31,18,26,30.651,90.334,29.167,28.607,10.846,-4.779,0.003201,33.386
RNO,2025-06-02,20,2025-06-01,18,26,26.214,0.659,7.556,24.17,19.522,-0.527,0.004385,24.697
RNO,2025-06-03,20,2025-06-02,18,26,26.611,0.0,9.388,24.567,16.607,-2.281,0.003841,26.848
RNO,2025-06-04,20,2025-06-03,18,26,24.943,0.769,7.952,22.899,17.208,-3.179,0.003621,26.078
RNO,2025-06-05,20,2025-06-04,18,26,26.633,80.544,9.114,24.589,17.549,-1.563,0.004088,26.152
RNO,2025-06-06,20,2025-06-05,18,26,27.538,0.88,5.292,25.494,18.342,-0.184,0.004484,25.678
RNO,2025-06-07,20,2025-06-06,18,26,29.731,1.379,5.082,27.687,15.428,-0.753,0.00429,28.44
RNO,2025-06-08,20,2025-06-07,18,26,31.527,13.092,7.429,29.483,16.354,1.518,0.005076,27.965
RNO,2025-06-09,20,2025-06-08,18,26,31.019,4.116,7.041,28.975,20.799,4.433,0.006262,24.542
RNO,2025-06-10,20,2025-06-09,18,26,31.94,98.287,4.743,29.896,13.849,-0.537,0.004395,30.433
RNO,2025-06-11,20,2025-06-10,18,26,30.872,0.0,25.928,28.828,8.967,-7.262,0.002649,36.09
RNO,2025-06-12,20,2025-06-11,18,26,27.915,0.0,3.003,25.871,8.12,-10.615,0.00204,36.486
RNO,2025-06-13,20,2025-06-12,18,26,27.525,0.0,27.671,25.481,8.933,-9.819,0.002173,35.3
RNO,2025-06-14,20,2025-06-13,18,26,29.062,5.326,17.571,27.018,8.777,-8.771,0.002352,35.789
RNO,2025-06-15,20,2025-06-14,18,26,28.966,4.796,16.228,26.922,8.535,-9.161,0.002283,36.083
RNO,2025-06-16,20,2025-06-15,18,26,28.417,83.071,28.627,26.373,7.514,-11.348,0.001918,37.721
RNO,2025-06-17,20,2025-06-16,18,26,27.411,0.0,8.01,25.367,12.243,-5.725,0.00297,31.092
RNO,2025-06-18,20,2025-06-17,18,26,31.504,0.0,7.65,29.46,12.537,-2.082,0.003896,31.542
RNO,2025-06-19,20,2025-06-18,18,26,31.792,0.185,36.659,29.748,10.903,-3.858,0.003444,33.606
RNO,2025-06-20,20,2025-06-19,18,26,23.231,58.14,40.554,21.187,11.52,-9.964,0.002173,31.151
RNO,2025-06-21,20,2025-06-20,18,26,15.361,85.631,28.217,13.317,22.043,-7.958,0.002515,21.275
RNO,2025-06-22,20,2025-06-21,18,26,18.558,2.229,11.205,16.514,23.614,-4.312,0.003317,20.826
RNO,2025-06-23,20,2025-06-22,18,26,22.373,0.048,11.138,20.329,19.338,-3.69,0.003468,24.019
RNO,2025-06-24,20,2025-06-23,18,26,25.704,0.506,4.27,23.66,13.636,-5.628,0.002983,29.288
RNO,2025-06-25,20,2025-06-24,18,26,29.973,4.692,8.899,27.929,11.681,-4.331,0.003301,32.26
RNO,2025-06-26,20,2025-06-25,18,26,29.848,5.0,8.776,27.804,9.124,-7.775,0.002539,35.579
RNO,2025-06-27,20,2025-06-26,18,26,30.276,0.0,6.825,28.232,10.536,-5.463,0.003045,33.695
RNO,2025-06-28,20,2025-06-27,18,26,30.944,0.151,8.051,28.9,16.325,1.038,0.004893,27.862
RNO,2025-06-29,20,2025-06-28,18,26,31.877,0.048,6.929,29.833,16.176,1.683,0.005115,28.15
RNO,2025-06-30,20,2025-06-29,18,26,33.322,0.0,26.333,31.278,10.909,-2.644,0.003737,33.922
RNO,2025-07-01,20,2025-06-30,18,26,31.993,8.773,10.228,29.949,11.464,-3.103,0.003646,33.052
RNO,2025-07-02,20,2025-07-01,18,26,29.92,4.575,9.0,27.876,16.167,0.023,0.004571,27.853
RNO,2025-07-03,20,2025-07-02,18,26,32.117,70.7,16.896,30.073,11.079,-3.363,0.003571,33.436
RNO,2025-07-04,20,2025-07-03,18,26,26.315,9.828,31.543,24.271,13.449,-5.414,0.00305,29.685
RNO,2025-07-05,20,2025-07-04,18,26,27.224,0.0,10.142,25.18,14.77,-3.388,0.003527,28.568
RNO,2025-07-06,20,2025-07-05,18,26,30.082,0.0,7.163,28.038,12.813,-2.955,0.003653,30.993
RNO,2025-07-07,20,2025-07-06,18,26,32.234,0.0,10.89,30.19,9.963,-4.598,0.003233,34.788
RNO,2025-07-08,20,2025-07-07,18,26,31.027,0.0,10.891,28.983,10.699,-4.603,0.003223,33.586
RNO,2025-07-09,20,2025-07-08,18,26,29.933,0.0,29.201,27.889,9.555,-7.05,0.002676,34.939
RNO,2025-07-10,20,2025-07-09,18,26,29.971,0.0,5.307,27.927,14.301,-1.559,0.004035,29.486
RNO,2025-07-11,20,2025-07-10,18,26,32.812,0.0,4.813,30.768,13.204,-0.477,0.004384,31.245
RNO,2025-07-12,20,2025-07-11,18,26,34.819,0.048,10.348,32.775,12.841,0.758,0.004808,32.017
RNO,2025-07-13,20,2025-07-12,18,26,35.319,0.0,5.711,33.275,12.938,1.43,0.005009,31.845
RNO,2025-07-14,20,2025-07-13,18,26,35.894,1.995,8.135,33.85,12.343,1.148,0.004942,32.702
RNO,2025-07-15,20,2025-07-14,18,26,35.285,0.0,16.437,33.241,8.236,-4.737,0.003207,37.978
RNO,2025-07-16,20,2025-07-15,18,26,32.217,0.0,9.264,30.173,11.598,-2.63,0.003765,32.803
RNO,2025-07-17,20,2025-07-16,18,26,32.107,0.08,7.806,30.063,11.47,-2.86,0.003682,32.923
RNO,2025-07-18,20,2025-07-17,18,26,31.735,0.0,7.337,29.691,8.796,-6.735,0.002735,36.426
RNO,2025-07-19,20,2025-07-18,18,26,32.208,0.0,5.475,30.164,7.983,-7.635,0.002574,37.799
RNO,2025-07-20,20,2025-07-19,18,26,32.461,0.0,7.052,30.417,6.466,-10.121,0.002122,40.538
RNO,2025-07-21,20,2025-07-20,18,26,29.489,2.75,32.129,27.445,15.176,-1.195,0.004186,28.64
RNO,2025-07-22,20,2025-07-21,18,26,26.773,98.669,11.646,24.729,19.019,-0.364,0.004435,25.093
RNO,2025-07-23,20,2025-07-22,18,26,27.715,5.928,5.436,25.671,20.324,1.449,0.005044,24.222
RNO,2025-07-24,20,2025-07-23,18,26,28.432,4.206,6.667,26.388,23.707,4.186,0.006108,22.202
RNO,2025-07-25,20,2025-07-24,18,26,27.031,6.885,8.263,24.987,28.071,5.315,0.006662,19.672
RNO,2025-07-26,20,2025-07-25,18,26,26.916,32.545,9.222,24.872,24.431,3.249,0.005768,21.623
RNO,2025-07-27,20,2025-07-26,18,26,27.198,37.649,7.496,25.154,24.61,3.683,0.005902,21.471
RNO,2025-07-28,20,2025-07-27,18,26,28.204,91.987,7.234,26.16,23.075,3.617,0.005882,22.543
RNO,2025-07-29,20,2025-07-28,18,26,30.331,3.349,9.938,28.287,17.841,1.698,0.005119,26.589
RNO,2025-07-30,20,2025-07-29,18,26,27.8,30.05,7.097,25.756,23.179,3.299,0.005749,22.457
RNO,2025-07-31,20,2025-07-30,18,26,28.07,3.021,6.365,26.026,18.972,0.816,0.004807,25.21
YSDU,2024-08-01,2,2024-07-31,0,26,14.112,0.0,6.718,13.866,46.744,2.665,0.004644,11.201
YSDU,2024-08-02,2,2024-08-01,0,26,14.7,0.27,10.338,14.454,49.654,4.056,0.00514,10.398
YSDU,2024-08-03,2,2024-08-02,0,26,15.511,0.0,3.864,15.265,48.867,4.621,0.005337,10.644
YSDU,2024-08-04,2,2024-08-03,0,26,13.638,99.966,4.809,13.392,44.47,1.58,0.004312,11.812
YSDU,2024-08-05,2,2024-08-04,0,26,13.573,100.0,5.672,13.327,50.134,3.189,0.004852,10.138
YSDU,2024-08-06,2,2024-08-05,0,26,14.751,26.551,12.348,14.505,52.64,4.935,0.005489,9.57
YSDU,2024-08-07,2,2024-08-06,0,26,15.105,0.816,10.807,14.859,42.916,2.394,0.004582,12.465
YSDU,2024-08-08,2,2024-08-07,0,26,17.249,52.93,13.473,17.003,51.258,6.925,0.006297,10.078
YSDU,2024-08-09,2,2024-08-08,0,26,13.877,50.354,8.2,13.631,76.484,9.545,0.007509,4.086
YSDU,2024-08-10,2,2024-08-09,0,26,17.967,100.0,6.868,17.721,54.321,8.466,0.006977,9.255
YSDU,2024-08-11,2,2024-08-10,0,26,19.05,0.0,14.517,18.804,47.582,7.479,0.006534,11.325
YSDU,2024-08-12,2,2024-08-11,0,26,18.736,10.134,12.79,18.49,55.973,9.567,0.007519,8.923
YSDU,2024-08-13,2,2024-08-12,0,26,14.62,98.553,13.325,14.374,83.369,11.513,0.008591,2.861
YSDU,2024-08-14,2,2024-08-13,0,26,13.523,100.0,11.18,13.277,95.994,12.68,0.009322,0.597
YSDU,2024-08-15,2,2024-08-14,0,26,17.412,56.96,3.493,17.166,74.152,12.518,0.009254,4.648
YSDU,2024-08-16,2,2024-08-15,0,26,19.842,0.384,9.626,19.596,63.938,12.638,0.009357,6.958
YSDU,2024-08-17,2,2024-08-16,0,26,15.313,10.61,23.306,15.067,56.925,6.582,0.006249,8.485
YSDU,2024-08-18,2,2024-08-17,0,26,15.312,8.851,2.011,15.066,60.998,7.613,0.006647,7.453
YSDU,2024-08-19,2,2024-08-18,0,26,18.441,32.607,14.496,18.195,48.149,7.119,0.006389,11.076
YSDU,2024-08-20,2,2024-08-19,0,26,19.313,0.669,28.402,19.067,60.074,11.2,0.008454,7.867
YSDU,2024-08-21,2,2024-08-20,0,26,19.199,11.547,13.923,18.953,52.34,9.061,0.00731,9.892
YSDU,2024-08-22,2,2024-08-21,0,26,18.891,82.533,13.755,18.645,48.562,7.594,0.006628,11.051
YSDU,2024-08-23,2,2024-08-22,0,26,18.786,100.0,5.024,18.54,41.336,5.178,0.005574,13.362
YSDU,2024-08-24,2,2024-08-23,0,26,21.486,49.594,26.392,21.24,50.437,10.526,0.008101,10.714
YSDU,2024-08-25,2,2024-08-24,0,26,17.221,100.0,6.306,16.975,82.516,13.979,0.010159,2.996
YSDU,2024-08-26,2,2024-08-25,0,26,18.326,0.0,11.835,18.08,38.672,3.877,0.005122,14.203
YSDU,2024-08-27,2,2024-08-26,0,26,19.58,5.0,8.47,19.334,42.801,6.366,0.006093,12.968
YSDU,2024-08-28,2,2024-08-27,0,26,22.177,100.0,27.374,21.931,34.512,5.57,0.005821,16.361
YSDU,2024-08-29,2,2024-08-28,0,26,17.13,0.0,11.892,16.884,41.477,3.758,0.005089,13.126
YSDU,2024-08-30,2,2024-08-29,0,26,24.161,0.0,32.276,23.915,36.299,8.164,0.006957,15.751
YSDU,2024-08-31,2,2024-08-30,0,26,19.405,0.0,23.415,19.159,35.995,3.84,0.005138,15.319
YSDU,2024-09-01,2,2024-08-31,0,26,20.466,0.0,18.367,20.22,34.068,3.893,0.005141,16.327
YSDU,2024-09-02,2,2024-09-01,0,26,18.404,2.105,30.744,18.158,42.548,5.242,0.005629,12.916
YSDU,2024-09-03,2,2024-09-02,0,26,16.018,0.0,15.635,15.772,29.312,-1.989,0.003314,17.761
YSDU,2024-09-04,2,2024-09-03,0,26,20.109,0.344,18.037,19.863,31.487,2.488,0.004609,17.375
YSDU,2024-09-05,2,2024-09-04,0,26,22.444,0.0,25.523,22.198,40.955,8.429,0.006965,13.769
YSDU,2024-09-06,2,2024-09-05,0,26,23.685,0.0,30.612,23.439,41.772,9.807,0.007672,13.632
YSDU,2024-09-07,2,2024-09-06,0,26,25.371,0.75,20.431,25.125,33.429,7.997,0.006801,17.128
YSDU,2024-09-08,2,2024-09-07,0,26,20.542,95.328,15.524,20.296,25.786,0.144,0.003915,20.152
YSDU,2024-09-09,2,2024-09-08,0,26,19.074,100.0,12.236,18.828,36.562,3.714,0.005052,15.114
YSDU,2024-09-10,2,2024-09-09,0,26,20.96,0.0,6.361,20.714,34.658,4.643,0.005379,16.071
YSDU,2024-09-11,2,2024-09-10,0,26,23.908,99.962,17.651,23.662,27.901,4.092,0.005196,19.57
YSDU,2024-09-12,2,2024-09-11,0,26,19.531,14.235,5.144,19.285,56.444,10.422,0.008037,8.863
YSDU,2024-09-13,2,2024-09-12,0,26,17.722,0.0,12.931,17.476,33.604,1.298,0.004234,16.178
YSDU,2024-09-14,2,2024-09-13,0,26,19.761,3.469,12.23,19.515,37.135,4.49,0.005336,15.025
YSDU,2024-09-15,2,2024-09-14,0,26,15.902,0.0,22.1,15.656,20.904,-6.649,0.00235,22.305
YSDU,2024-09-16,2,2024-09-15,0,26,17.555,0.0,18.191,17.309,21.168,-5.129,0.002635,22.438
YSDU,2024-09-17,2,2024-09-16,0,26,18.696,0.037,7.16,18.45,36.479,3.373,0.004903,15.077
YSDU,2024-09-18,2,2024-09-17,0,26,20.682,0.0,16.311,20.436,22.973,-1.334,0.003516,21.77
YSDU,2024-09-19,2,2024-09-18,0,26,24.272,0.0,27.568,24.026,11.016,-8.184,0.002116,32.21
YSDU,2024-09-20,2,2024-09-19,0,26,19.139,0.0,15.479,18.893,26.644,-0.625,0.003726,19.518
YSDU,2024-09-21,2,2024-09-20,0,26,20.352,0.24,21.501,20.106,29.568,1.893,0.004471,18.213
YSDU,2024-09-22,2,2024-09-21,0,26,21.709,89.988,18.245,21.463,27.95,2.213,0.004555,19.25
YSDU,2024-09-23,2,2024-09-22,0,26,24.43,0.0,12.485,24.184,22.171,1.401,0.004284,22.783
YSDU,2024-09-24,2,2024-09-23,0,26,26.328,100.0,20.204,26.082,18.861,0.64,0.004075,25.442
YSDU,2024-09-25,2,2024-09-24,0,26,23.375,100.0,18.908,23.129,26.983,3.167,0.004907,19.962
YSDU,2024-09-26,2,2024-09-25,0,26,14.782,94.967,8.566,14.536,92.478,13.307,0.009785,1.229
YSDU,2024-09-27,2,2024-09-26,0,26,19.653,5.547,24.914,19.407,29.404,1.185,0.004201,18.222
YSDU,2024-09-28,2,2024-09-27,0,26,22.25,0.0,24.824,22.004,29.612,3.57,0.004984,18.434
YSDU,2024-09-29,2,2024-09-28,0,26,23.557,100.0,9.017,23.311,43.886,10.404,0.008024,12.907
YSDU,2024-09-30,2,2024-09-29,0,26,22.515,5.0,20.342,22.269,30.906,4.357,0.005284,17.912
YSDU,2024-10-01,2,2024-09-30,0,26,23.716,0.0,12.275,23.47,21.403,0.234,0.00395,23.236
YSDU,2024-10-02,2,2024-10-01,0,26,24.311,55.042,19.871,24.065,31.321,6.173,0.00596,17.892
YSDU,2024-10-03,2,2024-10-02,0,26,23.922,2.215,8.486,23.676,32.453,6.343,0.006035,17.333
YSDU,2024-10-04,2,2024-10-03,0,26,20.72,100.0,20.783,20.474,42.589,7.357,0.006533,13.117
YSDU,2024-10-05,2,2024-10-04,0,26,24.977,98.456,21.358,24.731,27.672,4.993,0.005577,19.738
YSDU,2024-10-06,2,2024-10-05,0,26,24.261,0.0,23.051,24.015,26.737,3.788,0.00512,20.227
YSDU,2024-10-07,2,2024-10-06,0,26,27.249,82.328,15.489,27.003,25.988,5.933,0.005932,21.07
YSDU,2024-10-08,2,2024-10-07,0,26,26.936,4.937,16.879,26.69,29.084,7.273,0.006496,19.417
YSDU,2024-10-09,2,2024-10-08,0,26,17.247,88.456,28.966,17.001,50.721,6.745,0.006244,10.256
YSDU,2024-10-10,2,2024-10-09,0,26,24.714,0.0,8.869,24.468,31.139,6.36,0.006085,18.108
YSDU,2024-10-11,2,2024-10-10,0,26,27.908,100.0,13.451,27.662,24.103,5.484,0.005714,22.178
YSDU,2024-10-12,2,2024-10-11,0,26,26.7,0.161,15.176,26.454,25.382,5.16,0.005596,21.294
YSDU,2024-10-13,2,2024-10-12,0,26,25.555,10.232,14.588,25.309,29.727,6.478,0.006133,18.831
YSDU,2024-10-14,2,2024-10-13,0,26,19.56,99.242,20.747,19.314,68.498,13.392,0.009796,5.922
YSDU,2024-10-15,2,2024-10-14,0,26,21.193,86.031,13.417,20.947,57.383,12.299,0.009082,8.648
YSDU,2024-10-16,2,2024-10-15,0,26,12.393,84.057,15.95,12.147,92.08,10.927,0.00828,1.22
YSDU,2024-10-17,2,2024-10-16,0,26,25.945,0.0,10.572,25.699,42.088,11.91,0.00892,13.789
YSDU,2024-10-18,2,2024-10-17,0,26,18.69,99.525,24.344,18.444,85.679,16.065,0.011719,2.379
YSDU,2024-10-19,2,2024-10-18,0,26,20.453,25.941,19.434,20.207,53.852,10.552,0.008156,9.655
YSDU,2024-10-20,2,2024-10-19,0,26,27.457,20.935,5.889,27.211,35.346,10.622,0.00816,16.589
YSDU,2024-10-21,2,2024-10-20,0,26,25.793,60.192,13.37,25.547,25.856,4.74,0.005431,20.807
YSDU,2024-10-22,2,2024-10-21,0,26,28.249,72.495,7.783,28.003,20.53,3.463,0.004999,24.54
YSDU,2024-10-23,2,2024-10-22,0,26,31.285,99.38,19.029,31.039,20.077,5.701,0.005869,25.338
YSDU,2024-10-24,2,2024-10-23,0,26,26.167,35.287,18.967,25.921,25.115,4.529,0.005406,21.392
YSDU,2024-10-25,2,2024-10-24,0,26,20.869,7.775,23.966,20.623,20.999,-2.367,0.003268,22.99
YSDU,2024-10-26,2,2024-10-25,0,26,23.357,6.768,7.256,23.111,19.243,-1.53,0.00347,24.641
YSDU,2024-10-27,2,2024-10-26,0,26,26.21,96.496,11.368,25.964,16.288,-1.408,0.003502,27.372
YSDU,2024-10-28,2,2024-10-27,0,26,29.975,93.642,18.012,29.729,15.028,0.589,0.004053,29.14
YSDU,2024-10-29,2,2024-10-28,0,26,28.076,0.0,11.779,27.83,18.532,1.865,0.004435,25.965
YSDU,2024-10-30,2,2024-10-29,0,26,29.677,0.0,11.708,29.431,19.127,3.666,0.005063,25.765
YSDU,2024-10-31,2,2024-10-30,0,26,30.851,81.202,16.582,30.605,13.788,-0.003,0.003912,30.608
YSDU,2024-11-01,2,2024-10-31,0,26,28.033,4.91,12.891,27.787,13.099,-2.975,0.003144,30.762
YSDU,2024-11-02,2,2024-11-01,0,26,29.047,2.607,13.839,28.801,25.996,7.511,0.006607,21.29
YSDU,2024-11-03,2,2024-11-02,0,26,30.797,100.0,28.025,30.551,28.813,10.543,0.008127,20.008
YSDU,2024-11-04,2,2024-11-03,0,26,32.482,92.627,15.524,32.236,19.529,6.21,0.006065,26.026
YSDU,2024-11-05,2,2024-11-04,0,26,33.194,3.573,3.538,32.948,18.923,6.362,0.006129,26.586
YSDU,2024-11-06,2,2024-11-05,0,26,37.307,40.98,13.322,37.061,14.977,6.332,0.006127,30.729
YSDU,2024-11-07,2,2024-11-06,0,26,37.567,100.0,16.968,37.321,18.784,9.862,0.007832,27.459
YSDU,2024-11-08,2,2024-11-07,0,26,29.427,0.0,22.491,29.181,16.299,1.217,0.004261,27.964
YSDU,2024-11-09,2,2024-11-08,0,26,31.689,20.684,3.863,31.443,12.586,-0.663,0.003716,32.106
YSDU,2024-11-10,2,2024-11-09,0,26,31.239,100.0,5.9,30.993,11.173,-2.544,0.00322,33.537
YSDU,2024-11-11,2,2024-11-10,0,26,32.075,100.0,5.866,31.829,23.021,8.281,0.006975,23.548
YSDU,2024-11-12,2,2024-11-11,0,26,29.093,80.478,5.288,28.847,34.072,11.539,0.00871,17.308
YSDU,2024-11-13,2,2024-11-12,0,26,31.856,99.966,13.501,31.61,23.286,8.32,0.007035,23.29
YSDU,2024-11-14,2,2024-11-13,0,26,32.045,4.127,10.729,31.799,21.628,7.369,0.006576,24.43
YSDU,2024-11-15,2,2024-11-14,0,26,31.136,47.737,10.778,30.89,28.083,10.393,0.008049,20.497
YSDU,2024-11-16,2,2024-11-15,0,26,32.77,26.597,17.685,32.524,28.219,11.946,0.008908,20.578
YSDU,2024-11-17,2,2024-11-16,0,26,31.696,100.0,35.757,31.45,33.52,13.633,0.009991,17.817
YSDU,2024-11-18,2,2024-11-17,0,26,28.106,100.0,15.117,27.86,14.167,-1.858,0.003399,29.718
YSDU,2024-11-19,2,2024-11-18,0,26,28.622,0.0,15.199,28.376,26.088,7.173,0.006452,21.203
YSDU,2024-11-20,2,2024-11-19,0,26,29.938,4.564,7.421,29.692,26.988,8.829,0.007211,20.863
YSDU,2024-11-21,2,2024-11-20,0,26,28.562,12.095,17.625,28.316,25.176,6.675,0.006208,21.641
YSDU,2024-11-22,2,2024-11-21,0,26,30.689,0.193,5.82,30.443,27.246,9.626,0.007596,20.817
YSDU,2024-11-23,2,2024-11-22,0,26,32.871,2.04,10.338,32.625,24.594,9.975,0.007799,22.65
YSDU,2024-11-24,2,2024-11-23,0,26,35.13,15.313,12.319,34.884,19.3,8.291,0.006977,26.593
YSDU,2024-11-25,2,2024-11-24,0,26,33.332,100.0,19.02,33.086,25.572,10.962,0.008376,22.124
YSDU,2024-11-26,2,2024-11-25,0,26,33.228,100.0,22.707,32.982,25.281,10.681,0.008234,22.301
YSDU,2024-11-27,2,2024-11-26,0,26,33.194,100.0,19.27,32.948,28.328,12.282,0.009201,20.666
YSDU,2024-11-28,2,2024-11-27,0,26,32.201,100.0,13.947,31.955,35.267,14.84,0.010819,17.115
YSDU,2024-11-29,2,2024-11-28,0,26,21.084,100.0,2.297,20.838,84.374,18.113,0.013295,2.725
YSDU,2024-11-30,2,2024-11-29,0,26,19.85,100.0,10.248,19.604,97.354,19.173,0.014327,0.431
YSDU,2024-12-01,2,2024-11-30,0,26,28.951,56.205,20.748,28.705,41.845,14.564,0.010677,14.141
YSDU,2024-12-02,2,2024-12-01,0,26,32.109,0.0,20.437,31.863,32.831,13.646,0.010037,18.217
YSDU,2024-12-03,2,2024-12-02,0,26,24.0,99.048,12.577,23.754,75.199,19.111,0.014235,4.643
YSDU,2024-12-04,2,2024-12-03,0,26,29.721,22.598,5.381,29.475,53.983,19.232,0.014294,10.243
YSDU,2024-12-05,2,2024-12-04,0,26,32.261,36.118,3.29,32.015,45.321,18.789,0.013865,13.226
YSDU,2024-12-06,2,2024-12-05,0,26,31.424,60.948,8.726,31.178,49.488,19.444,0.014452,11.734
YSDU,2024-12-07,2,2024-12-06,0,26,31.258,94.134,26.171,31.012,48.242,18.88,0.014024,12.132
YSDU,2024-12-08,2,2024-12-07,0,26,32.066,100.0,17.545,31.82,35.239,14.738,0.01077,17.082
YSDU,2024-12-09,2,2024-12-08,0,26,29.487,60.133,10.108,29.241,30.868,10.404,0.008075,18.837
YSDU,2024-12-10,2,2024-12-09,0,26,29.434,54.251,12.558,29.188,23.863,6.578,0.006238,22.61
YSDU,2024-12-11,2,2024-12-10,0,26,28.944,0.0,10.688,28.698,29.669,9.293,0.007531,19.405
YSDU,2024-12-12,2,2024-12-11,0,26,30.227,0.0,8.928,29.981,17.754,3.072,0.004887,26.909
YSDU,2024-12-13,2,2024-12-12,0,26,33.127,0.0,11.277,32.881,18.617,6.079,0.006043,26.802
YSDU,2024-12-14,2,2024-12-13,0,26,35.18,3.094,1.34,34.934,20.168,8.963,0.007354,25.971
YSDU,2024-12-15,2,2024-12-14,0,26,36.542,0.068,6.437,36.296,21.994,11.409,0.008659,24.887
YSDU,2024-12-16,2,2024-12-15,0,26,37.514,0.0,11.009,37.268,19.26,10.226,0.008001,27.042
YSDU,2024-12-17,2,2024-12-16,0,26,35.11,7.64,18.659,34.864,30.252,15.042,0.011005,19.822
YSDU,2024-12-18,2,2024-12-17,0,26,30.406,0.0,19.393,30.16,26.476,8.335,0.007191,21.825
YSDU,2024-12-19,2,2024-12-18,0,26,27.627,0.0,16.824,27.381,25.656,6.132,0.006017,21.249
YSDU,2024-12-20,2,2024-12-19,0,26,31.606,0.0,4.682,31.36,20.113,5.967,0.005984,25.393
YSDU,2024-12-21,2,2024-12-20,0,26,34.406,0.0,13.188,34.16,15.483,4.519,0.005422,29.641
YSDU,2024-12-22,2,2024-12-21,0,26,34.388,0.0,16.293,34.142,17.741,6.457,0.006221,27.685
YSDU,2024-12-23,2,2024-12-22,0,26,24.935,65.276,26.354,24.689,14.621,-4.003,0.002928,28.692
YSDU,2024-12-24,2,2024-12-23,0,26,27.42,0.0,16.353,27.174,17.93,0.893,0.00417,26.281
YSDU,2024-12-25,2,2024-12-24,0,26,31.501,45.573,4.232,31.255,20.023,5.788,0.005882,25.467
YSDU,2024-12-26,2,2024-12-25,0,26,33.912,0.0,26.972,33.666,26.23,11.847,0.008898,21.819
YSDU,2024-12-27,2,2024-12-26,0,26,36.913,5.0,30.578,36.667,23.357,12.627,0.00945,24.04
YSDU,2024-12-28,2,2024-12-27,0,26,29.356,94.456,19.161,29.11,16.866,1.591,0.004391,27.519
YSDU,2024-12-29,2,2024-12-28,0,26,30.549,0.0,11.948,30.303,16.679,2.503,0.004671,27.8
YSDU,2024-12-30,2,2024-12-29,0,26,32.952,1.752,6.51,32.706,22.189,8.471,0.007085,24.235
YSDU,2024-12-31,2,2024-12-30,0,26,33.075,2.383,4.351,32.829,29.11,12.627,0.009364,20.202
YSDU,2025-01-01,2,2024-12-31,0,26,33.696,5.122,11.025,33.45,23.687,10.155,0.007951,23.295
YSDU,2025-01-02,2,2025-01-01,0,26,34.441,0.231,5.626,34.195,21.711,9.455,0.007567,24.74
YSDU,2025-01-03,2,2025-01-02,0,26,31.325,0.642,8.008,31.079,31.668,12.466,0.009219,18.613
YSDU,2025-01-04,2,2025-01-03,0,26,33.087,18.754,13.911,32.841,27.467,11.78,0.008833,21.061
YSDU,2025-01-05,2,2025-01-04,0,26,35.568,78.36,12.598,35.322,22.397,10.92,0.008309,24.402
YSDU,2025-01-06,2,2025-01-05,0,26,36.722,5.406,18.855,36.476,19.227,9.525,0.007598,26.951
YSDU,2025-01-07,2,2025-01-06,0,26,25.167,99.957,10.159,24.921,57.553,15.951,0.011568,8.97
YSDU,2025-01-08,2,2025-01-07,0,26,27.178,46.975,14.987,26.932,41.326,12.783,0.009427,14.149
YSDU,2025-01-09,2,2025-01-08,0,26,28.34,45.852,12.576,28.094,33.385,10.575,0.008162,17.519
YSDU,2025-01-10,2,2025-01-09,0,26,30.784,7.888,7.786,30.538,34.885,13.395,0.009843,17.143
YSDU,2025-01-11,2,2025-01-10,0,26,30.226,75.014,4.963,29.98,38.768,14.508,0.01062,15.472
YSDU,2025-01-12,2,2025-01-11,0,26,30.098,61.936,10.929,29.852,38.94,14.513,0.01063,15.339
YSDU,2025-01-13,2,2025-01-12,0,26,33.127,0.653,15.353,32.881,32.974,14.636,0.010726,18.245
YSDU,2025-01-14,2,2025-01-13,0,26,35.283,5.0,15.948,35.037,26.653,13.242,0.009811,21.795
YSDU,2025-01-15,2,2025-01-14,0,26,36.569,99.561,25.118,36.323,30.03,16.178,0.011973,20.145
YSDU,2025-01-16,2,2025-01-15,0,26,25.514,50.225,23.039,25.268,22.799,2.478,0.00475,22.79
YSDU,2025-01-17,2,2025-01-16,0,26,27.38,3.43,21.525,27.134,28.302,7.361,0.006575,19.773
YSDU,2025-01-18,2,2025-01-17,0,26,28.648,19.327,31.162,28.402,35.156,11.618,0.008742,16.784
YSDU,2025-01-19,2,2025-01-18,0,26,28.753,0.0,13.982,28.507,24.568,6.424,0.006163,22.083
YSDU,2025-01-20,2,2025-01-19,0,26,29.416,96.876,8.53,29.17,25.852,7.747,0.006754,21.423
YSDU,2025-01-21,2,2025-01-20,0,26,34.874,41.664,13.724,34.628,16.401,5.725,0.005885,28.903
YSDU,2025-01-22,2,2025-01-21,0,26,36.405,96.024,30.133,36.159,15.768,6.4,0.006191,29.759
YSDU,2025-01-23,2,2025-01-22,0,26,32.053,100.0,15.924,31.807,31.212,12.831,0.00956,18.976
YSDU,2025-01-24,2,2025-01-23,0,26,28.558,3.084,17.549,28.312,22.07,4.79,0.005517,23.522
YSDU,2025-01-25,2,2025-01-24,0,26,33.593,4.47,5.83,33.347,24.598,10.522,0.008161,22.825
YSDU,2025-01-26,2,2025-01-25,0,26,35.375,4.781,12.845,35.129,27.69,13.921,0.010203,21.208
YSDU,2025-01-27,2,2025-01-26,0,26,35.572,0.0,25.279,35.326,33.649,17.093,0.012508,18.233
YSDU,2025-01-28,2,2025-01-27,0,26,38.193,0.0,21.267,37.947,23.791,13.995,0.010249,23.952
YSDU,2025-01-29,2,2025-01-28,0,26,37.672,24.27,12.695,37.426,25.879,14.803,0.010823,22.623
YSDU,2025-01-30,2,2025-01-29,0,26,35.518,0.177,12.254,35.272,29.552,14.995,0.010988,20.277
YSDU,2025-01-31,2,2025-01-30,0,26,31.545,87.727,16.294,31.299,42.738,17.146,0.012565,14.153
YSDU,2025-02-01,2,2025-01-31,0,26,32.434,0.0,16.946,32.188,33.669,14.372,0.010437,17.816
YSDU,2025-02-02,2,2025-02-01,0,26,33.072,0.0,15.158,32.826,21.405,8.107,0.00689,24.719
YSDU,2025-02-03,2,2025-02-02,0,26,33.96,0.0,7.395,33.714,22.591,9.571,0.007626,24.143
YSDU,2025-02-04,2,2025-02-03,0,26,34.125,36.371,13.415,33.879,29.049,13.562,0.009951,20.317
YSDU,2025-02-05,2,2025-02-04,0,26,33.584,27.338,12.172,33.338,28.521,12.804,0.009478,20.534
YSDU,2025-02-06,2,2025-02-05,0,26,32.928,0.0,7.925,32.682,29.969,13.007,0.009597,19.675
YSDU,2025-02-07,2,2025-02-06,0,26,35.861,0.0,3.308,35.615,23.246,11.616,0.00878,23.999
YSDU,2025-02-08,2,2025-02-07,0,26,35.617,55.252,14.293,35.371,24.813,12.493,0.009317,22.878
YSDU,2025-02-09,2,2025-02-08,0,26,32.99,100.0,15.238,32.744,30.376,13.231,0.009782,19.513
YSDU,2025-02-10,2,2025-02-09,0,26,27.756,86.592,13.407,27.51,50.929,16.51,0.01209,11.0
YSDU,2025-02-11,2,2025-02-10,0,26,28.669,0.0,5.037,28.423,44.972,15.426,0.011274,12.997
YSDU,2025-02-12,2,2025-02-11,0,26,28.472,77.73,14.469,28.226,52.18,17.569,0.012917,10.657
YSDU,2025-02-13,2,2025-02-12,0,26,27.824,86.51,18.202,27.578,54.165,17.555,0.012921,10.023
YSDU,2025-02-14,2,2025-02-13,0,26,22.351,100.0,10.507,22.105,81.938,18.871,0.014067,3.234
YSDU,2025-02-15,2,2025-02-14,0,26,26.844,8.923,21.25,26.598,30.678,8.031,0.006921,18.567
YSDU,2025-02-16,2,2025-02-15,0,26,20.538,0.0,18.92,20.292,23.982,-0.87,0.003663,21.162
YSDU,2025-02-17,2,2025-02-16,0,26,24.526,8.807,13.712,24.28,28.284,4.881,0.005505,19.399
YSDU,2025-02-18,2,2025-02-17,0,26,28.809,0.138,2.58,28.563,26.479,7.533,0.006639,21.03
YSDU,2025-02-19,2,2025-02-18,0,26,30.827,0.478,3.169,30.581,19.941,5.15,0.005636,25.431
YSDU,2025-02-20,2,2025-02-19,0,26,29.442,0.015,14.321,29.196,37.643,13.415,0.009838,15.781
YSDU,2025-02-21,2,2025-02-20,0,26,28.874,38.909,12.961,28.628,41.888,14.523,0.010505,14.105
YSDU,2025-02-22,2,2025-02-21,0,26,30.581,0.0,8.155,30.335,33.408,12.585,0.009257,17.75
YSDU,2025-02-23,2,2025-02-22,0,26,32.169,81.044,15.222,31.923,27.047,10.814,0.008249,21.109
YSDU,2025-02-24,2,2025-02-23,0,26,35.149,0.45,16.925,34.903,21.459,9.819,0.007734,25.084
YSDU,2025-02-25,2,2025-02-24,0,26,33.282,0.0,11.179,33.036,32.718,14.634,0.010597,18.402
YSDU,2025-02-26,2,2025-02-25,0,26,33.763,0.0,13.856,33.517,31.09,14.262,0.010352,19.255
YSDU,2025-02-27,2,2025-02-26,0,26,36.278,2.098,16.926,36.032,23.576,12.233,0.009112,23.799
YSDU,2025-02-28,2,2025-02-27,0,26,33.943,69.36,8.722,33.697,23.407,10.046,0.007886,23.651
YSDU,2025-03-01,2,2025-02-28,0,26,36.496,0.0,10.703,36.25,19.492,9.496,0.007611,26.754
YSDU,2025-03-02,2,2025-03-01,0,26,36.712,0.0,10.76,36.466,17.455,8.113,0.006921,28.353
YSDU,2025-03-03,2,2025-03-02,0,26,32.546,0.0,18.3,32.3,30.074,12.742,0.009418,19.558
YSDU,2025-03-04,2,2025-03-03,0,26,29.761,25.992,23.445,29.515,37.69,13.704,0.009989,15.811
YSDU,2025-03-05,2,2025-03-04,0,26,29.92,0.0,24.897,29.674,34.69,12.576,0.009286,17.098
YSDU,2025-03-06,2,2025-03-05,0,26,30.65,11.503,23.341,30.404,34.6,13.212,0.009681,17.192
YSDU,2025-03-07,2,2025-03-06,0,26,28.996,0.0,26.319,28.75,31.646,10.348,0.008045,18.402
YSDU,2025-03-08,2,2025-03-07,0,26,29.475,8.775,29.373,29.229,39.61,14.172,0.010319,15.057
YSDU,2025-03-09,2,2025-03-08,0,26,21.916,100.0,13.318,21.67,80.418,18.082,0.01323,3.588
YSDU,2025-03-10,2,2025-03-09,0,26,29.198,100.0,13.456,28.952,44.37,15.692,0.011383,13.26
YSDU,2025-03-11,2,2025-03-10,0,26,24.562,80.92,15.926,24.316,67.348,17.728,0.012968,6.588
YSDU,2025-03-12,2,2025-03-11,0,26,22.144,96.658,12.136,21.898,71.743,16.564,0.012003,5.334
YSDU,2025-03-13,2,2025-03-12,0,26,31.65,0.518,1.718,31.404,35.619,14.499,0.010507,16.905
YSDU,2025-03-14,2,2025-03-13,0,26,34.317,2.266,7.625,34.071,26.165,12.115,0.009005,21.956
YSDU,2025-03-15,2,2025-03-14,0,26,34.987,5.265,10.96,34.741,22.516,10.468,0.008048,24.273
YSDU,2025-03-16,2,2025-03-15,0,26,32.685,100.0,24.175,32.439,24.351,9.726,0.007673,22.713
YSDU,2025-03-17,2,2025-03-16,0,26,26.32,0.0,13.302,26.074,12.546,-4.969,0.002743,31.043
YSDU,2025-03-18,2,2025-03-17,0,26,25.083,48.755,14.179,24.837,42.455,11.338,0.008506,13.499
YSDU,2025-03-19,2,2025-03-18,0,26,24.112,100.0,18.022,23.866,58.909,15.345,0.011095,8.521
YSDU,2025-03-20,2,2025-03-19,0,26,30.34,33.819,16.453,30.094,36.097,13.502,0.009885,16.592
YSDU,2025-03-21,2,2025-03-20,0,26,19.25,100.0,13.457,19.004,90.269,17.403,0.012662,1.601
YSDU,2025-03-22,2,2025-03-21,0,26,30.023,8.295,2.393,29.777,36.735,13.488,0.009877,16.289
YSDU,2025-03-23,2,2025-03-22,0,26,28.683,99.561,16.347,28.437,46.448,15.959,0.01157,12.478
YSDU,2025-03-24,2,2025-03-23,0,26,25.831,99.099,6.062,25.585,58.085,16.846,0.012202,8.739
YSDU,2025-03-25,2,2025-03-24,0,26,26.407,100.0,20.207,26.161,53.976,16.165,0.011705,9.996
YSDU,2025-03-26,2,2025-03-25,0,26,26.054,100.0,15.24,25.808,43.351,12.475,0.009219,13.333
YSDU,2025-03-27,2,2025-03-26,0,26,26.961,100.0,23.259,26.715,44.363,13.634,0.009932,13.081
YSDU,2025-03-28,2,2025-03-27,0,26,20.69,100.0,20.92,20.444,56.342,11.503,0.008636,8.941
YSDU,2025-03-29,2,2025-03-28,0,26,19.557,86.23,7.084,19.311,86.891,17.085,0.012555,2.226
YSDU,2025-03-30,2,2025-03-29,0,26,25.095,22.699,15.62,24.849,51.106,14.054,0.010319,10.795
YSDU,2025-03-31,2,2025-03-30,0,26,25.01,48.989,15.79,24.764,44.046,11.737,0.008845,13.027
YSDU,2025-04-01,2,2025-03-31,0,26,22.571,76.472,15.171,22.325,47.611,10.763,0.008244,11.562
YSDU,2025-04-02,2,2025-04-01,0,26,23.199,0.0,11.42,22.953,48.492,11.536,0.008742,11.417
YSDU,2025-04-03,2,2025-04-02,0,26,25.683,0.939,11.417,25.437,24.092,3.58,0.00506,21.857
YSDU,2025-04-04,2,2025-04-03,0,26,25.08,0.0,9.959,24.834,27.317,4.833,0.005495,20.001
YSDU,2025-04-05,2,2025-04-04,0,26,21.492,0.0,17.248,21.246,30.009,2.997,0.00482,18.249
YSDU,2025-04-06,2,2025-04-05,0,26,22.585,0.237,12.441,22.339,22.526,-0.018,0.003877,22.357
YSDU,2025-04-07,2,2025-04-06,0,26,24.276,0.0,17.214,24.03,25.994,3.481,0.004972,20.549
YSDU,2025-04-08,2,2025-04-07,0,26,23.199,0.0,9.683,22.953,37.083,7.599,0.006614,15.354
YSDU,2025-04-09,2,2025-04-08,0,26,24.498,0.0,12.138,24.252,39.025,9.52,0.007539,14.732
YSDU,2025-04-10,2,2025-04-09,0,26,25.294,93.786,13.047,25.048,41.225,11.081,0.008365,13.967
YSDU,2025-04-11,2,2025-04-10,0,26,27.662,0.0,7.045,27.416,29.763,8.365,0.006944,19.051
YSDU,2025-04-12,2,2025-04-11,0,26,26.54,0.0,22.301,26.294,34.979,9.767,0.007604,16.527
YSDU,2025-04-13,2,2025-04-12,0,26,26.082,2.622,9.725,25.836,40.752,11.636,0.008651,14.2
YSDU,2025-04-14,2,2025-04-13,0,26,26.965,95.084,8.14,26.719,36.257,10.621,0.008103,16.098
YSDU,2025-04-15,2,2025-04-14,0,26,25.809,6.169,13.971,25.563,39.033,10.693,0.008157,14.87
YSDU,2025-04-16,2,2025-04-15,0,26,22.553,54.088,11.066,22.307,29.492,3.711,0.005059,18.596
YSDU,2025-04-17,2,2025-04-16,0,26,23.94,0.0,9.187,23.694,24.568,2.285,0.004598,21.409
YSDU,2025-04-18,2,2025-04-17,0,26,25.6,0.0,0.837,25.354,32.086,7.634,0.006674,17.72
YSDU,2025-04-19,2,2025-04-18,0,26,26.056,97.343,7.702,25.81,27.378,5.709,0.005852,20.101
YSDU,2025-04-20,2,2025-04-19,0,26,28.6,2.508,22.058,28.354,27.167,7.741,0.006756,20.613
YSDU,2025-04-21,2,2025-04-20,0,26,21.842,4.072,18.332,21.596,29.747,3.245,0.004921,18.351
YSDU,2025-04-22,2,2025-04-21,0,26,23.7,17.208,17.168,23.454,38.641,8.643,0.007143,14.811
YSDU,2025-04-23,2,2025-04-22,0,26,25.512,43.816,23.508,25.266,39.471,10.587,0.008108,14.679
YSDU,2025-04-24,2,2025-04-23,0,26,25.03,1.129,18.974,24.784,39.028,9.957,0.007789,14.827
YSDU,2025-04-25,2,2025-04-24,0,26,24.353,0.0,10.444,24.107,38.829,9.266,0.007462,14.841
YSDU,2025-04-26,2,2025-04-25,0,26,16.639,100.0,5.385,16.393,89.301,14.611,0.010626,1.782
YSDU,2025-04-27,2,2025-04-26,0,26,15.439,100.0,4.404,15.193,92.81,14.028,0.010268,1.165
YSDU,2025-04-28,2,2025-04-27,0,26,22.692,0.617,11.114,22.446,50.969,11.785,0.008848,10.661
YSDU,2025-04-29,2,2025-04-28,0,26,20.022,90.374,8.074,19.776,61.723,12.254,0.009054,7.522
YSDU,2025-04-30,2,2025-04-29,0,26,19.453,35.597,11.029,19.207,63.046,12.07,0.008945,7.137
YSDU,2025-05-01,2,2025-04-30,0,26,17.396,0.063,15.402,17.15,50.696,6.875,0.006264,10.275
YSDU,2025-05-02,2,2025-05-01,0,26,18.982,0.0,15.948,18.736,45.96,6.929,0.006259,11.807
YSDU,2025-05-03,2,2025-05-02,0,26,19.905,0.0,15.543,19.659,46.88,8.063,0.006757,11.596
YSDU,2025-05-04,2,2025-05-03,0,26,20.829,95.262,10.058,20.583,46.687,8.824,0.007121,11.759
YSDU,2025-05-05,2,2025-05-04,0,26,21.661,99.273,4.666,21.415,49.934,10.587,0.008043,10.828
YSDU,2025-05-06,2,2025-05-05,0,26,22.065,66.41,5.044,21.819,47.48,10.115,0.007831,11.704
YSDU,2025-05-07,2,2025-05-06,0,26,22.882,32.257,15.177,22.636,44.225,9.927,0.007753,12.709
YSDU,2025-05-08,2,2025-05-07,0,26,19.626,0.0,14.038,19.38,26.147,-0.466,0.003731,19.846
YSDU,2025-05-09,2,2025-05-08,0,26,19.962,0.888,14.566,19.716,39.576,5.633,0.005735,14.083
YSDU,2025-05-10,2,2025-05-09,0,26,20.371,0.0,17.427,20.125,42.318,6.97,0.006292,13.155
YSDU,2025-05-11,2,2025-05-10,0,26,21.633,3.416,15.141,21.387,46.128,9.348,0.007427,12.039
YSDU,2025-05-12,2,2025-05-11,0,26,21.017,8.747,6.755,20.771,51.371,10.348,0.007961,10.423
YSDU,2025-05-13,2,2025-05-12,0,26,19.908,35.625,13.363,19.662,60.914,11.83,0.008756,7.832
YSDU,2025-05-14,2,2025-05-13,0,26,21.16,58.001,4.899,20.914,53.486,11.136,0.008435,9.778
YSDU,2025-05-15,2,2025-05-14,0,26,18.845,92.421,11.036,18.599,60.339,10.739,0.008214,7.86
YSDU,2025-05-16,2,2025-05-15,0,26,19.933,62.872,7.718,19.687,61.927,12.205,0.009055,7.482
YSDU,2025-05-17,2,2025-05-16,0,26,20.468,0.338,12.256,20.222,41.797,6.819,0.006333,13.403
YSDU,2025-05-18,2,2025-05-17,0,26,13.184,89.961,9.8,12.938,56.375,4.433,0.005329,8.505
YSDU,2025-05-19,2,2025-05-18,0,26,16.484,41.789,26.033,16.238,49.557,5.71,0.005759,10.528
YSDU,2025-05-20,2,2025-05-19,0,26,19.697,97.577,26.702,19.451,45.384,7.401,0.006486,12.05
YSDU,2025-05-21,2,2025-05-20,0,26,20.89,95.234,17.158,20.644,54.627,11.2,0.008419,9.444
YSDU,2025-05-22,2,2025-05-21,0,26,17.186,63.989,9.917,16.94,77.52,12.952,0.009535,3.988
YSDU,2025-05-23,2,2025-05-22,0,26,16.811,22.029,16.788,16.565,60.874,8.998,0.007324,7.567
YSDU,2025-05-24,2,2025-05-23,0,26,17.58,4.467,15.947,17.334,48.4,6.414,0.006102,10.92
YSDU,2025-05-25,2,2025-05-24,0,26,17.737,99.372,9.547,17.491,33.252,1.24,0.004241,16.251
YSDU,2025-05-26,2,2025-05-25,0,26,17.556,100.0,16.305,17.31,44.009,4.961,0.005544,12.349
YSDU,2025-05-27,2,2025-05-26,0,26,14.266,100.0,25.926,14.02,49.657,3.705,0.005078,10.315
YSDU,2025-05-28,2,2025-05-27,0,26,14.862,5.0,17.769,14.616,55.872,5.953,0.00591,8.663
YSDU,2025-05-29,2,2025-05-28,0,26,14.74,98.503,10.345,14.494,54.027,5.303,0.005667,9.191
YSDU,2025-05-30,2,2025-05-29,0,26,17.007,100.0,13.474,16.761,55.557,7.889,0.006716,8.872
YSDU,2025-05-31,2,2025-05-30,0,26,17.967,0.0,16.719,17.721,51.704,7.71,0.006638,10.011
YSDU,2025-06-01,2,2025-05-31,0,26,18.461,0.0,10.475,18.215,51.287,8.036,0.006794,10.179
YSDU,2025-06-02,2,2025-06-01,0,26,18.438,100.0,5.892,18.192,60.038,10.323,0.007987,7.869
YSDU,2025-06-03,2,2025-06-02,0,26,16.56,5.451,18.686,16.314,59.773,8.558,0.007142,7.756
YSDU,2025-06-04,2,2025-06-03,0,26,13.801,69.297,19.993,13.555,52.041,3.953,0.005149,9.602
YSDU,2025-06-05,2,2025-06-04,0,26,13.802,3.836,4.012,13.556,34.92,-1.657,0.003416,15.213
YSDU,2025-06-06,2,2025-06-05,0,26,14.499,100.0,13.914,14.253,50.646,4.212,0.005231,10.041
YSDU,2025-06-07,2,2025-06-06,0,26,14.146,9.254,25.49,13.9,51.359,4.086,0.005223,9.814
YSDU,2025-06-08,2,2025-06-07,0,26,11.539,79.206,26.337,11.293,49.668,1.216,0.004278,10.077
YSDU,2025-06-09,2,2025-06-08,0,26,6.882,100.0,22.363,6.636,82.429,3.796,0.005162,2.84
YSDU,2025-06-10,2,2025-06-09,0,26,11.074,77.239,14.53,10.828,63.64,4.191,0.005275,6.637
YSDU,2025-06-11,2,2025-06-10,0,26,12.909,11.022,12.552,12.663,55.058,3.887,0.005137,8.776
YSDU,2025-06-12,2,2025-06-11,0,26,12.878,92.155,6.279,12.632,43.377,0.504,0.004026,12.128
YSDU,2025-06-13,2,2025-06-12,0,26,13.807,78.01,8.3,13.561,45.333,1.941,0.004452,11.62
YSDU,2025-06-14,2,2025-06-13,0,26,14.219,81.857,3.509,13.973,50.432,3.861,0.005094,10.112
YSDU,2025-06-15,2,2025-06-14,0,26,13.652,58.455,12.711,13.406,48.979,2.892,0.004772,10.514
YSDU,2025-06-16,2,2025-06-15,0,26,14.743,2.325,10.989,14.497,49.75,4.219,0.005213,10.278
YSDU,2025-06-17,2,2025-06-16,0,26,14.868,44.533,9.656,14.622,44.154,2.546,0.004645,12.076
YSDU,2025-06-18,2,2025-06-17,0,26,13.3,6.973,10.89,13.054,44.687,1.286,0.004232,11.768
YSDU,2025-06-19,2,2025-06-18,0,26,12.761,100.0,5.9,12.515,45.424,1.072,0.004156,11.443
YSDU,2025-06-20,2,2025-06-19,0,26,13.896,92.615,2.807,13.65,39.214,0.08,0.003863,13.57
YSDU,2025-06-21,2,2025-06-20,0,26,16.403,0.0,7.286,16.157,36.312,1.21,0.004198,14.947
YSDU,2025-06-22,2,2025-06-21,0,26,16.295,100.0,5.53,16.049,42.725,3.441,0.00492,12.608
YSDU,2025-06-23,2,2025-06-22,0,26,18.657,2.107,25.98,18.411,61.12,10.825,0.008219,7.586
YSDU,2025-06-24,2,2025-06-23,0,26,15.519,54.809,23.976,15.273,82.134,12.247,0.009116,3.026
YSDU,2025-06-25,2,2025-06-24,0,26,12.763,100.0,32.625,12.517,51.5,2.791,0.004767,9.726
YSDU,2025-06-26,2,2025-06-25,0,26,11.219,0.0,12.156,10.973,46.466,-0.065,0.003829,11.038
YSDU,2025-06-27,2,2025-06-26,0,26,14.062,4.551,15.479,13.816,48.137,3.113,0.004793,10.703
YSDU,2025-06-28,2,2025-06-27,0,26,16.377,0.361,10.026,16.131,52.222,6.4,0.006051,9.731
YSDU,2025-06-29,2,2025-06-28,0,26,14.749,89.554,3.751,14.503,54.009,5.294,0.005634,9.209
YSDU,2025-06-30,2,2025-06-29,0,26,15.059,94.002,5.352,14.813,48.692,4.198,0.005212,10.615
YSDU,2025-07-01,2,2025-06-30,0,26,13.825,55.895,29.08,13.579,52.032,3.964,0.005169,9.615
YSDU,2025-07-02,2,2025-07-01,0,26,14.668,7.394,29.197,14.422,55.742,5.732,0.005884,8.69
YSDU,2025-07-03,2,2025-07-02,0,26,13.033,0.867,16.741,12.787,58.634,4.903,0.005539,7.884
YSDU,2025-07-04,2,2025-07-03,0,26,15.137,0.0,2.27,14.891,50.451,4.731,0.005427,10.16
YSDU,2025-07-05,2,2025-07-04,0,26,15.946,100.0,13.304,15.7,45.748,4.011,0.005168,11.689
YSDU,2025-07-06,2,2025-07-05,0,26,17.598,16.779,27.236,17.352,57.521,8.848,0.007263,8.504
YSDU,2025-07-07,2,2025-07-06,0,26,14.151,6.293,12.265,13.905,59.013,6.099,0.005975,7.806
YSDU,2025-07-08,2,2025-07-07,0,26,14.58,100.0,23.795,14.334,48.412,3.606,0.00505,10.728
YSDU,2025-07-09,2,2025-07-08,0,26,16.039,53.697,15.778,15.793,41.412,2.751,0.004773,13.042
YSDU,2025-07-10,2,2025-07-09,0,26,10.927,100.0,31.448,10.681,48.935,0.367,0.004027,10.314
YSDU,2025-07-11,2,2025-07-10,0,26,13.756,5.0,18.386,13.51,48.595,2.954,0.004775,10.556
YSDU,2025-07-12,2,2025-07-11,0,26,15.885,31.806,14.528,15.639,53.399,6.22,0.005988,9.419
YSDU,2025-07-13,2,2025-07-12,0,26,14.553,93.283,13.276,14.307,51.374,4.437,0.005297,9.87
YSDU,2025-07-14,2,2025-07-13,0,26,14.688,0.0,17.459,14.442,42.27,1.832,0.00444,12.61
YSDU,2025-07-15,2,2025-07-14,0,26,6.115,100.0,5.08,5.869,82.899,3.151,0.004899,2.718
YSDU,2025-07-16,2,2025-07-15,0,26,12.313,0.046,7.53,12.067,54.565,3.188,0.004888,8.879
YSDU,2025-07-17,2,2025-07-16,0,26,13.149,100.0,5.83,12.903,42.719,0.613,0.004044,12.29
YSDU,2025-07-18,2,2025-07-17,0,26,14.032,0.0,10.276,13.786,40.539,0.655,0.004076,13.131
YSDU,2025-07-19,2,2025-07-18,0,26,14.812,5.0,6.937,14.566,45.543,2.895,0.004794,11.671
YSDU,2025-07-20,2,2025-07-19,0,26,14.929,0.0,14.874,14.683,38.505,0.725,0.004085,13.958
YSDU,2025-07-21,2,2025-07-20,0,26,17.664,9.198,16.086,17.418,48.978,6.65,0.006203,10.768
YSDU,2025-07-22,2,2025-07-21,0,26,17.863,100.0,34.655,17.617,51.765,7.538,0.006661,10.079
YSDU,2025-07-23,2,2025-07-22,0,26,13.203,3.614,15.616,12.957,42.835,0.615,0.004067,12.342
YSDU,2025-07-24,2,2025-07-23,0,26,12.751,68.104,11.233,12.505,42.046,-0.042,0.003855,12.547
YSDU,2025-07-25,2,2025-07-24,0,26,14.751,100.0,18.666,14.505,33.731,-1.207,0.003553,15.712
YSDU,2025-07-26,2,2025-07-25,0,26,14.337,30.725,25.761,14.091,77.217,10.115,0.007939,3.976
YSDU,2025-07-27,2,2025-07-26,0,26,9.913,80.535,22.762,9.667,82.826,6.875,0.006386,2.792
YSDU,2025-07-28,2,2025-07-27,0,26,12.312,98.585,23.73,12.066,67.544,6.275,0.006081,5.791
YSDU,2025-07-29,2,2025-07-28,0,26,12.86,24.049,9.392,12.614,47.974,1.925,0.004468,10.689
YSDU,2025-07-30,2,2025-07-29,0,26,9.783,100.0,10.017,9.537,82.163,6.612,0.006256,2.925
YSDU,2025-07-31,2,2025-07-30,0,26,13.579,100.0,13.905,13.333,57.365,5.092,0.005578,8.241
