station,target_date,target_hour,run_date,cycle,lead,temperature_grib_c,cloud_cover_grib_pct,wind_speed_grib_kmh,t2m_raw,relative_humidity_2m,dew_point_2m,specific_humidity_2m,dewpoint_depression_t2m
EGLC,2025-08-01,12,2025-07-31,12,24,19.695,71.139,17.279,19.446,55.022,10.189,0.007712,9.257
EGLC,2025-08-02,12,2025-08-01,12,24,21.593,64.86,8.731,21.344,36.618,5.965,0.005736,15.379
EGLC,2025-08-03,12,2025-08-02,12,24,24.033,99.913,16.091,23.784,58.308,15.185,0.010655,8.599
EGLC,2025-08-04,12,2025-08-03,12,24,22.165,100.0,24.553,21.916,72.181,16.789,0.011801,5.127
EGLC,2025-08-05,12,2025-08-04,12,24,18.345,5.235,23.23,18.096,46.597,6.56,0.005943,11.536
EGLC,2025-08-06,12,2025-08-05,12,24,22.787,100.0,9.037,22.538,29.798,4.034,0.004998,18.504
EGLC,2025-08-07,12,2025-08-06,12,24,23.041,99.905,21.183,22.792,36.602,7.23,0.006303,15.562
EGLC,2025-08-08,12,2025-08-07,12,24,23.172,100.0,9.763,22.923,38.962,8.243,0.006715,14.68
EGLC,2025-08-09,12,2025-08-08,12,24,23.674,0.0,16.209,23.425,34.113,6.869,0.006083,16.556
EGLC,2025-08-10,12,2025-08-09,12,24,25.491,0.0,4.047,25.242,36.715,9.415,0.007228,15.827
EGLC,2025-08-11,12,2025-08-10,12,24,28.809,3.604,8.585,28.56,27.5,8.155,0.006651,20.405
EGLC,2025-08-12,12,2025-08-11,12,24,29.438,99.594,15.686,29.189,28.018,8.866,0.007049,20.323
EGLC,2025-08-13,12,2025-08-12,12,24,27.461,100.0,13.454,27.212,42.217,13.381,0.009469,13.831
EGLC,2025-08-14,12,2025-08-13,12,24,26.675,100.0,10.602,26.426,42.61,12.833,0.009139,13.593
EGLC,2025-08-15,12,2025-08-14,12,24,28.287,0.505,6.508,28.038,39.715,13.235,0.009309,14.803
EGLC,2025-08-16,12,2025-08-15,12,24,25.438,1.328,12.314,25.189,40.498,10.991,0.007983,14.198
EGLC,2025-08-17,12,2025-08-16,12,24,24.602,0.0,11.43,24.353,35.503,8.271,0.006684,16.082
EGLC,2025-08-18,12,2025-08-17,12,24,23.218,5.515,15.746,22.969,47.732,11.294,0.008273,11.675
EGLC,2025-08-19,12,2025-08-18,12,24,25.07,100.0,17.72,24.821,44.511,12.086,0.008677,12.735
EGLC,2025-08-20,12,2025-08-19,12,24,22.985,58.678,17.963,22.736,34.323,6.376,0.005906,16.36
EGLC,2025-08-21,12,2025-08-20,12,24,18.646,73.725,13.107,18.397,49.137,7.476,0.006402,10.921
EGLC,2025-08-22,12,2025-08-21,12,24,21.037,99.022,7.863,20.788,36.328,5.424,0.005493,15.364
EGLC,2025-08-23,12,2025-08-22,12,24,21.287,90.227,7.832,21.038,48.433,9.812,0.007447,11.226
EGLC,2025-08-24,12,2025-08-23,12,24,21.417,98.662,4.644,21.168,45.156,8.959,0.007017,12.209
EGLC,2025-08-25,12,2025-08-24,12,24,26.967,5.0,12.394,26.718,25.415,5.43,0.005528,21.288
EGLC,2025-08-26,12,2025-08-25,12,24,22.665,61.78,18.146,22.416,65.861,15.733,0.011142,6.683
EGLC,2025-08-27,12,2025-08-26,12,24,22.204,99.835,23.731,21.955,47.832,10.433,0.007888,11.522
EGLC,2025-08-28,12,2025-08-27,12,24,21.055,100.0,22.343,20.806,47.593,9.365,0.007343,11.441
EGLC,2025-08-29,12,2025-08-28,12,24,17.527,99.241,9.843,17.278,74.584,12.71,0.009269,4.568
EGLC,2025-08-30,12,2025-08-29,12,24,21.147,82.087,24.084,20.898,54.057,11.375,0.008411,9.523
EGLC,2025-08-31,12,2025-08-30,12,24,21.256,92.714,23.177,21.007,46.342,9.107,0.007206,11.9
EGLC,2025-09-01,12,2025-08-31,12,24,19.987,90.679,23.202,19.738,59.335,11.536,0.008552,8.202
EGLC,2025-09-02,12,2025-09-01,12,24,16.851,100.0,16.849,16.602,74.292,11.996,0.00877,4.606
EGLC,2025-09-03,12,2025-09-02,12,24,20.288,99.717,29.022,20.039,73.758,15.201,0.010882,4.838
EGLC,2025-09-04,12,2025-09-03,12,24,19.042,38.979,25.192,18.793,51.306,8.56,0.006947,10.233
EGLC,2025-09-05,12,2025-09-04,12,24,20.569,5.0,9.99,20.32,46.632,8.592,0.006849,11.728
EGLC,2025-09-06,12,2025-09-05,12,24,22.763,99.166,20.121,22.514,38.816,7.886,0.006536,14.628
EGLC,2025-09-07,12,2025-09-06,12,24,24.944,100.0,23.737,24.695,46.296,12.429,0.008967,12.266
EGLC,2025-09-08,12,2025-09-07,12,24,20.87,37.405,14.4,20.621,39.862,6.607,0.005983,14.014
EGLC,2025-09-09,12,2025-09-08,12,24,20.935,9.635,12.218,20.686,38.44,6.05,0.0058,14.636
EGLC,2025-09-10,12,2025-09-09,12,24,19.049,41.517,19.91,18.8,61.702,11.319,0.00835,7.481
EGLC,2025-09-11,12,2025-09-10,12,24,19.473,18.511,23.621,19.224,39.16,4.981,0.005456,14.243
EGLC,2025-09-12,12,2025-09-11,12,24,17.563,100.0,22.241,17.314,50.452,6.886,0.006164,10.428
EGLC,2025-09-13,12,2025-09-12,12,24,17.296,49.88,22.827,17.047,56.628,8.437,0.006856,8.61
EGLC,2025-09-14,12,2025-09-13,12,24,16.87,100.0,15.218,16.621,59.384,8.723,0.00698,7.898
EGLC,2025-09-15,12,2025-09-14,12,24,19.445,3.767,33.515,19.196,47.512,7.809,0.006611,11.387
EGLC,2025-09-16,12,2025-09-15,12,24,18.345,97.154,22.993,18.096,44.954,6.088,0.005783,12.008
EGLC,2025-09-17,12,2025-09-16,12,24,16.655,100.0,22.329,16.406,88.141,14.486,0.010163,1.92
EGLC,2025-09-18,12,2025-09-17,12,24,21.694,61.208,23.218,21.445,65.424,14.779,0.010366,6.666
EGLC,2025-09-19,12,2025-09-18,12,24,25.478,18.196,18.05,25.229,36.901,9.612,0.007361,15.617
EGLC,2025-09-20,12,2025-09-19,12,24,19.333,99.923,16.929,19.084,69.462,13.445,0.009565,5.639
EGLC,2025-09-21,12,2025-09-20,12,24,15.41,7.375,15.23,15.161,41.742,2.265,0.004419,12.896
EGLC,2025-09-22,12,2025-09-21,12,24,16.168,5.0,16.558,15.919,35.485,0.691,0.003925,15.228
EGLC,2025-09-23,12,2025-09-22,12,24,16.6,99.241,14.359,16.351,47.606,5.191,0.005386,11.16
EGLC,2025-09-24,12,2025-09-23,12,24,17.642,99.316,19.488,17.393,37.04,2.567,0.004481,14.826
EGLC,2025-09-25,12,2025-09-24,12,24,17.67,71.446,20.614,17.421,38.776,3.325,0.00473,14.096
EGLC,2025-09-26,12,2025-09-25,12,24,15.275,100.0,12.769,15.026,60.729,7.45,0.006357,7.576
EGLC,2025-09-27,12,2025-09-26,12,24,17.816,100.0,16.473,17.567,47.452,6.376,0.005874,11.191
EGLC,2025-09-28,12,2025-09-27,12,24,17.644,100.0,3.129,17.395,57.649,8.935,0.007024,8.46
EGLC,2025-09-29,12,2025-09-28,12,24,17.723,63.283,5.834,17.474,46.549,5.969,0.005686,11.505
EGLC,2025-09-30,12,2025-09-29,12,24,18.744,64.972,3.815,18.495,41.844,5.349,0.005471,13.146
EGLC,2025-10-01,12,2025-09-30,12,24,17.211,100.0,8.169,16.962,49.264,6.302,0.005822,10.66
EGLC,2025-10-02,12,2025-10-01,12,24,19.837,77.519,17.273,19.588,47.57,8.301,0.006677,11.287
EGLC,2025-10-03,12,2025-10-02,12,24,15.649,100.0,18.914,15.4,92.66,14.226,0.010099,1.174
EGLC,2025-10-04,12,2025-10-03,12,24,14.304,4.336,32.352,14.055,45.704,2.559,0.004594,11.496
EGLC,2025-10-05,12,2025-10-04,12,24,15.782,100.0,25.003,15.533,45.926,3.98,0.004997,11.553
EGLC,2025-10-06,12,2025-10-05,12,24,18.596,0.0,13.063,18.347,56.385,9.556,0.007294,8.791
EGLC,2025-10-07,12,2025-10-06,12,24,18.375,94.941,11.077,18.126,54.524,8.866,0.006966,9.26
EGLC,2025-10-08,12,2025-10-07,12,24,16.875,81.666,7.995,16.626,70.729,11.31,0.008207,5.316
EGLC,2025-10-09,12,2025-10-08,12,24,17.031,0.0,9.209,16.782,52.69,7.11,0.006155,9.672
EGLC,2025-10-10,12,2025-10-09,12,24,17.899,12.017,7.614,17.65,59.485,9.683,0.007294,7.967
EGLC,2025-10-11,12,2025-10-10,12,24,16.659,36.113,4.292,16.41,58.381,8.234,0.006607,8.176
EGLC,2025-10-12,12,2025-10-11,12,24,17.501,23.949,10.75,17.252,50.929,7.039,0.006101,10.213
EGLC,2025-10-13,12,2025-10-12,12,24,18.387,74.624,13.656,18.138,60.198,10.332,0.00765,7.806
EGLC,2025-10-14,12,2025-10-13,12,24,15.054,100.0,11.955,14.805,66.47,8.639,0.006815,6.166
EGLC,2025-10-15,12,2025-10-14,12,24,15.485,91.179,11.749,15.236,58.217,7.176,0.006162,8.06
EGLC,2025-10-16,12,2025-10-15,12,24,16.41,70.675,11.04,16.161,50.732,6.034,0.005704,10.127
EGLC,2025-10-17,12,2025-10-16,12,24,16.021,5.051,6.501,15.772,53.173,6.236,0.005804,9.536
EGLC,2025-10-18,12,2025-10-17,12,24,14.943,100.0,12.172,14.694,57.116,6.333,0.005857,8.361
EGLC,2025-10-19,12,2025-10-18,12,24,13.22,100.0,18.631,12.971,91.688,11.643,0.008559,1.328
EGLC,2025-10-20,12,2025-10-19,12,24,13.837,100.0,23.999,13.588,86.95,11.441,0.008575,2.147
EGLC,2025-10-21,12,2025-10-20,12,24,14.831,75.271,17.794,14.582,70.08,9.2,0.007346,5.382
EGLC,2025-10-22,12,2025-10-21,12,24,14.238,99.943,8.85,13.989,62.775,7.046,0.006306,6.943
EGLC,2025-10-23,12,2025-10-22,12,24,9.875,100.0,33.069,9.626,78.251,6.024,0.005962,3.602
EGLC,2025-10-24,12,2025-10-23,12,24,12.024,6.898,23.207,11.775,59.085,4.079,0.00512,7.696
EGLC,2025-10-25,12,2025-10-24,12,24,10.063,100.0,19.68,9.814,69.241,4.448,0.005228,5.366
EGLC,2025-10-26,12,2025-10-25,12,24,10.155,100.0,21.417,9.906,61.134,2.786,0.004621,7.12
EGLC,2025-10-27,12,2025-10-26,12,24,13.092,21.332,24.581,12.843,53.47,3.654,0.004933,9.189
EGLC,2025-10-28,12,2025-10-27,12,24,14.0,76.604,23.044,13.751,57.219,5.467,0.005605,8.284
EGLC,2025-10-29,12,2025-10-28,12,24,11.915,100.0,9.504,11.666,91.262,10.293,0.007855,1.373
EGLC,2025-10-30,12,2025-10-29,12,24,12.236,100.0,11.633,11.987,68.668,6.413,0.005975,5.574
EGLC,2025-10-31,12,2025-10-30,12,24,13.882,100.0,21.362,13.633,89.611,11.944,0.008744,1.689
EGLC,2025-11-01,12,2025-10-31,12,24,13.889,5.379,25.264,13.64,68.589,7.988,0.006699,5.652
EGLC,2025-11-02,12,2025-11-01,12,24,11.876,3.098,18.202,11.627,65.448,5.381,0.005567,6.246
EGLC,2025-11-03,12,2025-11-02,12,24,16.035,39.464,25.689,15.786,72.115,10.795,0.008019,4.991
EGLC,2025-11-04,12,2025-11-03,12,24,15.685,100.0,22.517,15.436,71.825,10.379,0.007801,5.057
EGLC,2025-11-05,12,2025-11-04,12,24,16.083,100.0,16.372,15.834,70.532,10.499,0.007889,5.335
EGLC,2025-11-06,12,2025-11-05,12,24,16.294,100.0,11.704,16.045,86.182,13.735,0.009791,2.31
EGLC,2025-11-07,12,2025-11-06,12,24,16.193,36.898,18.198,15.944,67.573,9.952,0.007635,5.992
EGLC,2025-11-08,12,2025-11-07,12,24,13.884,51.298,8.279,13.635,73.251,8.946,0.007075,4.689
EGLC,2025-11-09,12,2025-11-08,12,24,14.416,99.085,15.749,14.167,70.376,8.891,0.007039,5.276
EGLC,2025-11-10,12,2025-11-09,12,24,13.281,100.0,16.426,13.032,87.601,11.009,0.008205,2.023
EGLC,2025-11-11,12,2025-11-10,12,24,14.26,88.311,20.449,14.011,81.098,10.836,0.008088,3.175
EGLC,2025-11-12,12,2025-11-11,12,24,15.796,99.012,16.493,15.547,75.221,11.191,0.008297,4.356
EGLC,2025-11-13,12,2025-11-12,12,24,16.204,100.0,15.091,15.955,70.055,10.532,0.007907,5.423
EGLC,2025-11-14,12,2025-11-13,12,24,13.892,100.0,7.001,13.643,89.033,11.876,0.008711,1.767
EGLC,2025-11-15,12,2025-11-14,12,24,14.226,58.433,4.837,13.977,83.836,11.293,0.008322,2.684
EGLC,2025-11-16,12,2025-11-15,12,24,10.214,100.0,16.956,9.965,69.973,4.771,0.005309,5.194
EGLC,2025-11-17,12,2025-11-16,12,24,7.671,5.0,19.343,7.422,49.042,-2.579,0.003092,10.001
EGLC,2025-11-18,12,2025-11-17,12,24,5.491,51.331,17.133,5.242,77.468,1.632,0.004232,3.61
EGLC,2025-11-19,12,2025-11-18,12,24,1.907,100.0,30.634,1.658,97.136,1.239,0.004158,0.419
EGLC,2025-11-20,12,2025-11-19,12,24,3.853,32.318,16.91,3.604,55.908,-4.359,0.002731,7.963
EGLC,2025-11-21,12,2025-11-20,12,24,5.761,5.0,9.985,5.512,58.27,-2.022,0.003209,7.534
EGLC,2025-11-22,12,2025-11-21,12,24,6.464,100.0,27.624,6.215,89.89,4.674,0.005251,1.541
EGLC,2025-11-23,12,2025-11-22,12,24,9.28,4.021,22.515,9.031,72.793,4.419,0.005256,4.612
EGLC,2025-11-24,12,2025-11-23,12,24,6.67,99.995,5.477,6.421,89.518,4.82,0.005454,1.601
EGLC,2025-11-25,12,2025-11-24,12,24,6.555,99.905,16.114,6.306,73.755,1.979,0.004348,4.327
EGLC,2025-11-26,12,2025-11-25,12,24,6.418,12.124,6.42,6.169,68.124,0.727,0.003944,5.442
EGLC,2025-11-27,12,2025-11-26,12,24,12.353,98.526,19.015,12.104,88.08,10.195,0.007693,1.909
EGLC,2025-11-28,12,2025-11-27,12,24,11.525,8.94,19.863,11.276,66.615,5.294,0.005516,5.982
EGLC,2025-11-29,12,2025-11-28,12,24,9.372,100.0,15.465,9.123,90.88,7.66,0.006581,1.463
EGLC,2025-11-30,12,2025-11-29,12,24,7.275,5.0,16.57,7.026,65.522,1.023,0.004059,6.003
EGLC,2025-12-01,12,2025-11-30,12,24,10.687,100.0,32.837,10.438,87.375,8.435,0.006897,2.003
EGLC,2025-12-02,12,2025-12-01,12,24,10.867,87.284,12.024,10.618,68.625,5.092,0.005476,5.526
EGLC,2025-12-03,12,2025-12-02,12,24,9.678,5.0,11.845,9.429,76.216,5.458,0.005592,3.971
EGLC,2025-12-04,12,2025-12-03,12,24,8.017,100.0,12.498,7.768,74.022,3.425,0.0049,4.343
EGLC,2025-12-05,12,2025-12-04,12,24,8.288,100.0,15.414,8.039,70.493,3.007,0.00472,5.032
EGLC,2025-12-06,12,2025-12-05,12,24,10.668,75.855,25.263,10.419,77.491,6.649,0.006149,3.77
EGLC,2025-12-07,12,2025-12-06,12,24,12.794,100.0,17.111,12.545,96.357,11.966,0.008783,0.579
EGLC,2025-12-08,12,2025-12-07,12,24,12.15,100.0,17.158,11.901,81.96,8.935,0.007098,2.966
EGLC,2025-12-09,12,2025-12-08,12,24,13.152,100.0,27.917,12.903,74.537,8.493,0.006932,4.41
EGLC,2025-12-10,12,2025-12-09,12,24,12.416,0.026,21.361,12.167,75.045,7.9,0.006572,4.267
EGLC,2025-12-11,12,2025-12-10,12,24,11.418,3.794,16.393,11.169,77.425,7.433,0.006329,3.736
EGLC,2025-12-12,12,2025-12-11,12,24,12.415,98.103,14.953,12.166,81.686,9.116,0.007137,3.05
EGLC,2025-12-13,12,2025-12-12,12,24,9.024,5.0,8.877,8.775,68.642,3.32,0.004728,5.455
EGLC,2025-12-14,12,2025-12-13,12,24,10.448,50.565,19.347,10.199,78.842,6.716,0.006034,3.483
EGLC,2025-12-15,12,2025-12-14,12,24,11.909,36.527,19.679,11.66,78.768,8.116,0.006726,3.544
EGLC,2025-12-16,12,2025-12-15,12,24,10.277,100.0,8.93,10.028,90.926,8.591,0.006939,1.437
EGLC,2025-12-17,12,2025-12-16,12,24,8.884,100.0,15.49,8.635,73.629,4.259,0.005089,4.376
EGLC,2025-12-18,12,2025-12-17,12,24,11.041,100.0,28.122,10.792,91.606,9.463,0.007401,1.329
EGLC,2025-12-19,12,2025-12-18,12,24,9.473,1.005,17.796,9.224,70.709,4.218,0.005087,5.006
EGLC,2025-12-20,12,2025-12-19,12,24,8.849,0.0,12.3,8.6,77.598,4.913,0.005369,3.687
EGLC,2025-12-21,12,2025-12-20,12,24,10.043,100.0,10.998,9.794,87.821,7.87,0.006615,1.924
EGLC,2025-12-22,12,2025-12-21,12,24,10.535,99.768,6.104,10.286,83.957,7.62,0.006526,2.666
EGLC,2025-12-23,12,2025-12-22,12,24,7.523,88.765,16.267,7.274,79.611,3.987,0.005,3.287
EGLC,2025-12-24,12,2025-12-23,12,24,6.064,5.285,23.153,5.815,58.612,-1.661,0.003277,7.476
EGLC,2025-12-25,12,2025-12-24,12,24,5.246,0.0,26.364,4.997,43.82,-6.295,0.002326,11.292
EGLC,2025-12-26,12,2025-12-25,12,24,6.181,5.0,18.347,5.932,66.355,0.157,0.003761,5.775
EGLC,2025-12-27,12,2025-12-26,12,24,6.986,3.459,18.116,6.737,78.584,3.303,0.004688,3.434
EGLC,2025-12-28,12,2025-12-27,12,24,7.485,100.0,16.216,7.236,65.281,1.141,0.004026,6.095
EGLC,2025-12-29,12,2025-12-28,12,24,6.141,99.959,13.575,5.892,69.024,0.713,0.003899,5.179
EGLC,2025-12-30,12,2025-12-29,12,24,6.378,92.89,13.343,6.129,56.906,-1.748,0.003254,7.877
EGLC,2025-12-31,12,2025-12-30,12,24,4.447,5.0,9.521,4.198,66.222,-1.523,0.003326,5.721
EGLC,2026-01-01,12,2025-12-31,12,24,4.902,100.0,18.884,4.653,76.165,0.866,0.004013,3.787
EGLC,2026-01-02,12,2026-01-01,12,24,3.368,0.005,20.205,3.119,48.535,-6.643,0.002304,9.762
EGLC,2026-01-03,12,2026-01-02,12,24,2.104,4.969,18.608,1.855,45.709,-8.617,0.001978,10.472
EGLC,2026-01-04,12,2026-01-03,12,24,1.684,1.423,14.204,1.435,48.904,-8.122,0.002046,9.557
EGLC,2026-01-05,12,2026-01-04,12,24,1.487,0.0,13.29,1.238,45.305,-9.294,0.00187,10.532
EGLC,2026-01-06,12,2026-01-05,12,24,1.688,100.0,11.328,1.439,69.441,-3.481,0.002898,4.92
EGLC,2026-01-07,12,2026-01-06,12,24,3.969,12.309,20.318,3.72,69.689,-1.323,0.003461,5.043
EGLC,2026-01-08,12,2026-01-07,12,24,4.536,100.0,5.74,4.287,87.509,2.412,0.004532,1.875
EGLC,2026-01-09,12,2026-01-08,12,24,2.972,100.0,30.799,2.723,95.757,2.126,0.004494,0.597
EGLC,2026-01-10,12,2026-01-09,12,24,3.155,73.725,15.014,2.906,75.29,-0.971,0.00349,3.877
EGLC,2026-01-11,12,2026-01-10,12,24,5.634,100.0,25.417,5.385,78.598,1.981,0.004353,3.404
EGLC,2026-01-12,12,2026-01-11,12,24,10.401,100.0,18.91,10.152,83.914,7.548,0.006496,2.604
EGLC,2026-01-13,12,2026-01-12,12,24,10.554,100.0,23.397,10.305,91.844,9.03,0.00719,1.275
EGLC,2026-01-14,12,2026-01-13,12,24,6.306,21.365,6.819,6.057,69.953,1.015,0.004064,5.042
EGLC,2026-01-15,12,2026-01-14,12,24,8.543,100.0,26.383,8.294,88.814,6.548,0.00608,1.746
EGLC,2026-01-16,12,2026-01-15,12,24,9.063,89.074,11.967,8.814,81.983,5.957,0.005774,2.857
EGLC,2026-01-17,12,2026-01-16,12,24,9.749,28.609,11.57,9.5,84.203,6.969,0.006167,2.531
EGLC,2026-01-18,12,2026-01-17,12,24,8.906,99.418,11.778,8.657,88.575,6.846,0.006114,1.811
EGLC,2026-01-19,12,2026-01-18,12,24,10.179,74.609,13.667,9.93,85.516,7.611,0.006458,2.319
EGLC,2026-01-20,12,2026-01-19,12,24,9.125,80.341,20.683,8.876,76.683,4.984,0.005403,3.892
EGLC,2026-01-21,12,2026-01-20,12,24,8.727,100.0,28.98,8.478,89.896,6.916,0.006301,1.562
EGLC,2026-01-22,12,2026-01-21,12,24,8.968,100.0,17.748,8.719,86.406,6.579,0.006166,2.14
EGLC,2026-01-23,12,2026-01-22,12,24,8.205,96.29,20.956,7.956,78.842,4.55,0.005356,3.406
EGLC,2026-01-24,12,2026-01-23,12,24,7.631,46.84,20.807,7.382,76.248,3.491,0.004936,3.891
EGLC,2026-01-25,12,2026-01-24,12,24,8.053,59.118,15.019,7.804,80.942,4.734,0.005402,3.07
EGLC,2026-01-26,12,2026-01-25,12,24,6.12,100.0,11.892,5.871,72.445,1.312,0.004197,4.559
EGLC,2026-01-27,12,2026-01-26,12,24,7.463,100.0,16.745,7.214,93.863,6.281,0.006075,0.933
EGLC,2026-01-28,12,2026-01-27,12,24,7.429,100.0,5.332,7.18,79.939,3.974,0.005105,3.206
EGLC,2026-01-29,12,2026-01-28,12,24,6.783,96.313,13.168,6.534,76.972,2.79,0.004682,3.744
EGLC,2026-01-30,12,2026-01-29,12,24,9.459,100.0,11.22,9.21,75.362,5.085,0.005555,4.125
EGLC,2026-01-31,12,2026-01-30,12,24,9.243,96.965,13.845,8.994,80.357,5.782,0.005775,3.212
EGLC,2026-02-01,12,2026-01-31,12,24,8.15,100.0,10.492,7.901,87.834,6.044,0.005853,1.857
EGLC,2026-02-02,12,2026-02-01,12,24,8.692,51.666,16.348,8.443,81.428,5.392,0.005655,3.051
EGLC,2026-02-03,12,2026-02-02,12,24,5.791,100.0,15.709,5.542,92.147,4.365,0.005273,1.177
EGLC,2026-02-04,12,2026-02-03,12,24,9.329,5.0,15.355,9.08,78.339,5.551,0.005699,3.529
EGLC,2026-02-05,12,2026-02-04,12,24,8.136,99.995,17.892,7.887,93.234,6.806,0.006325,1.081
EGLC,2026-02-06,12,2026-02-05,12,24,9.035,99.089,9.113,8.786,94.333,7.858,0.006789,0.928
EGLC,2026-02-07,12,2026-02-06,12,24,9.215,100.0,20.722,8.966,89.006,7.245,0.006407,1.721
EGLC,2026-02-08,12,2026-02-07,12,24,10.031,100.0,9.486,9.782,82.298,6.95,0.006202,2.832
EGLC,2026-02-09,12,2026-02-08,12,24,10.71,79.796,15.989,10.461,73.591,5.965,0.005834,4.496
EGLC,2026-02-10,12,2026-02-09,12,24,11.206,99.905,8.771,10.957,83.668,8.324,0.006937,2.633
EGLC,2026-02-11,12,2026-02-10,12,24,10.709,97.978,22.025,10.46,80.181,7.178,0.006465,3.282
EGLC,2026-02-12,12,2026-02-11,12,24,9.891,73.441,15.929,9.642,79.973,6.415,0.006111,3.227
EGLC,2026-02-13,12,2026-02-12,12,24,8.384,100.0,13.244,8.135,78.896,4.683,0.005393,3.452
EGLC,2026-02-14,12,2026-02-13,12,24,5.128,5.0,13.274,4.879,55.945,-3.136,0.002979,8.015
EGLC,2026-02-15,12,2026-02-14,12,24,3.915,100.0,21.433,3.666,89.998,2.181,0.004466,1.485
EGLC,2026-02-16,12,2026-02-15,12,24,8.216,51.861,22.521,7.967,66.517,2.141,0.004467,5.826
EGLC,2026-02-17,12,2026-02-16,12,24,5.309,34.74,13.98,5.06,54.796,-3.288,0.002956,8.348
EGLC,2026-02-18,12,2026-02-17,12,24,4.153,100.0,24.172,3.904,82.356,1.101,0.00415,2.803
EGLC,2026-02-19,12,2026-02-18,12,24,5.19,100.0,13.845,4.941,94.339,4.146,0.005136,0.795
EGLC,2026-02-20,12,2026-02-19,12,24,9.869,100.0,23.459,9.62,76.212,5.706,0.005626,3.914
EGLC,2026-02-21,12,2026-02-20,12,24,11.043,100.0,17.144,10.794,84.465,8.243,0.006716,2.551
EGLC,2026-02-22,12,2026-02-21,12,24,12.428,100.0,19.479,12.179,85.05,9.765,0.007446,2.414
EGLC,2026-02-23,12,2026-02-22,12,24,10.626,100.0,18.954,10.377,74.862,6.088,0.005814,4.289
EGLC,2026-02-24,12,2026-02-23,12,24,14.168,73.754,18.132,13.919,73.512,9.286,0.007216,4.633
EGLC,2026-02-25,12,2026-02-24,12,24,16.132,38.814,11.736,15.883,61.859,8.572,0.006875,7.311
EGLC,2026-02-26,12,2026-02-25,12,24,12.749,100.0,23.594,12.5,71.651,7.491,0.006366,5.009
EGLC,2026-02-27,12,2026-02-26,12,24,11.422,100.0,14.424,11.173,87.009,9.043,0.007173,2.13
EGLC,2026-02-28,12,2026-02-27,12,24,7.334,100.0,15.008,7.085,86.357,4.969,0.005358,2.116
EGLC,2026-03-01,12,2026-02-28,12,24,9.22,100.0,25.422,8.971,91.242,7.61,0.006452,1.361
EGLC,2026-03-02,12,2026-03-01,12,24,13.837,66.81,20.761,13.588,59.159,5.807,0.005692,7.781
EGLC,2026-03-03,12,2026-03-02,12,24,12.056,98.198,12.152,11.807,65.884,5.679,0.005558,6.128
EGLC,2026-03-04,12,2026-03-03,12,24,14.024,5.0,9.447,13.775,64.748,7.337,0.006241,6.438
EGLC,2026-03-05,12,2026-03-04,12,24,15.58,0.0,12.851,15.331,61.104,7.865,0.00657,7.466
EGLC,2026-03-06,12,2026-03-05,12,24,13.055,100.0,8.458,12.806,74.57,8.396,0.006779,4.41
EGLC,2026-03-07,12,2026-03-06,12,24,10.559,91.754,6.939,10.31,77.486,6.621,0.005927,3.689
EGLC,2026-03-08,12,2026-03-07,12,24,12.131,67.721,8.758,11.882,74.432,7.508,0.00635,4.374
EGLC,2026-03-09,12,2026-03-08,12,24,15.845,37.866,10.764,15.596,64.835,9.089,0.007084,6.507
EGLC,2026-03-10,12,2026-03-09,12,24,11.719,100.0,13.86,11.47,60.971,4.244,0.005097,7.226
EGLC,2026-03-11,12,2026-03-10,12,24,10.136,31.157,20.676,9.887,55.537,1.4,0.004187,8.487
EGLC,2026-03-12,12,2026-03-11,12,24,11.264,100.0,32.141,11.015,71.209,5.987,0.005782,5.028
EGLC,2026-03-13,12,2026-03-12,12,24,7.957,100.0,25.081,7.708,49.559,-2.181,0.003246,9.889
EGLC,2026-03-14,12,2026-03-13,12,24,9.6,5.0,14.163,9.351,39.142,-3.763,0.002875,13.114
EGLC,2026-03-15,12,2026-03-14,12,24,11.171,100.0,22.932,10.922,49.936,0.867,0.004027,10.055
EGLC,2026-03-16,12,2026-03-15,12,24,10.347,99.121,20.14,10.098,59.225,2.531,0.004497,7.567
EGLC,2026-03-17,12,2026-03-16,12,24,14.125,61.669,20.421,13.876,58.479,5.912,0.005725,7.964
EGLC,2026-03-18,12,2026-03-17,12,24,15.728,0.0,15.711,15.479,47.317,4.271,0.005097,11.208
EGLC,2026-03-19,12,2026-03-18,12,24,14.878,4.995,13.938,14.629,43.166,2.272,0.004386,12.357
EGLC,2026-03-20,12,2026-03-19,12,24,13.456,100.0,10.643,13.207,44.228,1.198,0.004092,12.009
EGLC,2026-03-21,12,2026-03-20,12,24,12.108,67.022,10.285,11.859,39.208,-1.519,0.003353,13.378
EGLC,2026-03-22,12,2026-03-21,12,24,12.732,5.0,6.165,12.483,52.966,3.187,0.004719,9.296
EGLC,2026-03-23,12,2026-03-22,12,24,12.136,100.0,1.988,11.887,59.704,4.381,0.005109,7.506
EGLC,2026-03-24,12,2026-03-23,12,24,14.178,100.0,19.884,13.929,73.756,9.291,0.007242,4.638
EGLC,2026-03-25,12,2026-03-24,12,24,6.933,98.199,25.225,6.684,57.817,-1.077,0.003512,7.761
EGLC,2026-03-26,12,2026-03-25,12,24,8.824,7.3,15.387,8.575,36.373,-5.537,0.002486,14.112
EGLC,2026-03-27,12,2026-03-26,12,24,12.055,100.0,16.862,11.806,76.153,7.765,0.006482,4.041
EGLC,2026-03-28,12,2026-03-27,12,24,9.33,99.377,23.994,9.081,41.017,-3.571,0.002877,12.652
EGLC,2026-03-29,12,2026-03-28,12,24,10.285,100.0,20.972,10.036,52.937,0.896,0.003977,9.14
EGLC,2026-03-30,12,2026-03-29,12,24,10.228,100.0,20.982,9.979,53.863,1.028,0.004031,8.951
EGLC,2026-03-31,12,2026-03-30,12,24,12.599,99.799,11.642,12.35,77.877,8.582,0.006803,3.768
EGLC,2026-04-01,12,2026-03-31,12,24,13.805,93.942,7.332,13.556,56.947,5.223,0.005434,8.333
EGLC,2026-04-02,12,2026-04-01,12,24,7.995,85.702,11.033,7.746,59.462,0.367,0.003846,7.379
EGLC,2026-04-03,12,2026-04-02,12,24,12.359,100.0,18.724,12.11,86.842,9.881,0.007562,2.229
EGLC,2026-04-04,12,2026-04-03,12,24,15.656,74.393,27.468,15.407,60.092,7.766,0.006532,7.641
EGLC,2026-04-05,12,2026-04-04,12,24,11.896,76.49,23.167,11.647,47.67,0.88,0.004001,10.767
EGLC,2026-04-06,12,2026-04-05,12,24,13.28,90.635,10.653,13.031,41.289,0.094,0.003769,12.937
EGLC,2026-04-07,12,2026-04-06,12,24,17.319,0.0,19.039,17.07,40.084,3.386,0.004763,13.684
EGLC,2026-04-08,12,2026-04-07,12,24,21.015,76.64,9.443,20.766,49.571,9.952,0.007481,10.814
EGLC,2026-04-09,12,2026-04-08,12,24,19.836,100.0,17.498,19.587,52.217,9.503,0.007355,10.084
EGLC,2026-04-10,12,2026-04-09,12,24,11.558,96.401,8.568,11.309,35.813,-3.359,0.002945,14.668
EGLC,2026-04-11,12,2026-04-10,12,24,7.754,100.0,22.865,7.505,68.623,2.133,0.004429,5.372
EGLC,2026-04-12,12,2026-04-11,12,24,13.198,63.202,23.75,12.949,45.51,1.45,0.004195,11.499
EGLC,2026-04-13,12,2026-04-12,12,24,14.204,8.329,4.828,13.955,38.928,0.206,0.003835,13.749
EGLC,2026-04-14,12,2026-04-13,12,24,14.227,98.045,18.246,13.978,53.22,4.612,0.005205,9.366
EGLC,2026-04-15,12,2026-04-14,12,24,14.758,100.0,20.751,14.509,79.47,10.965,0.00808,3.544
EGLC,2026-04-16,12,2026-04-15,12,24,15.469,100.0,15.549,15.22,53.925,6.039,0.005764,9.181
EGLC,2026-04-17,12,2026-04-16,12,24,17.121,53.052,19.237,16.872,52.125,6.963,0.006148,9.909
EGLC,2026-04-18,12,2026-04-17,12,24,14.233,4.607,13.922,13.984,48.266,3.269,0.004719,10.715
EGLC,2026-04-19,12,2026-04-18,12,24,13.717,100.0,11.921,13.468,37.696,-0.692,0.003543,14.16
EGLC,2026-04-20,12,2026-04-19,12,24,10.726,100.0,14.031,10.477,54.299,1.591,0.004207,8.886
EGLC,2026-04-21,12,2026-04-20,12,24,11.933,84.33,22.457,11.684,58.703,3.811,0.00492,7.873
EGLC,2026-04-22,12,2026-04-21,12,24,14.453,0.0,24.467,14.204,42.235,1.588,0.004182,12.616
EGLC,2026-04-23,12,2026-04-22,12,24,16.281,0.0,19.774,16.032,40.338,2.613,0.004488,13.419
EGLC,2026-04-24,12,2026-04-23,12,24,16.652,0.087,14.734,16.403,31.151,-0.634,0.003561,17.037
EGLC,2026-04-25,12,2026-04-24,12,24,18.605,100.0,2.69,18.356,23.513,-2.894,0.003038,21.25
EGLC,2026-04-26,12,2026-04-25,12,24,17.273,100.0,10.035,17.024,47.151,5.66,0.005579,11.364
EGLC,2026-04-27,12,2026-04-26,12,24,19.47,5.0,6.065,19.221,32.605,2.394,0.004447,16.827
EGLC,2026-04-28,12,2026-04-27,12,24,14.549,75.148,24.604,14.3,47.87,3.401,0.004773,10.899
EGLC,2026-04-29,12,2026-04-28,12,24,15.132,0.0,31.045,14.883,43.612,2.568,0.004499,12.315
EGLC,2026-04-30,12,2026-04-29,12,24,16.889,5.0,23.958,16.64,36.409,1.809,0.004248,14.831
EGLC,2026-05-01,12,2026-04-30,12,24,20.923,5.0,14.421,20.674,47.367,9.253,0.007138,11.421
EGLC,2026-05-02,12,2026-05-01,12,24,20.842,21.537,5.936,20.593,38.503,5.973,0.00577,14.62
EGLC,2026-05-03,12,2026-05-02,12,24,20.124,99.241,6.37,19.875,47.522,8.339,0.006819,11.536
EGLC,2026-05-04,12,2026-05-03,12,24,17.097,46.9,7.325,16.848,64.584,10.112,0.00764,6.736
EGLC,2026-05-05,12,2026-05-04,12,24,16.484,100.0,13.14,16.235,47.917,5.15,0.005481,11.085
EGLC,2026-05-06,12,2026-05-05,12,24,11.606,100.0,14.969,11.357,63.339,4.659,0.005269,6.698
EGLC,2026-05-07,12,2026-05-06,12,24,14.929,54.207,8.785,14.68,52.845,5.144,0.005436,9.536
EGLC,2026-05-08,12,2026-05-07,12,24,18.571,99.979,11.179,18.322,40.471,4.663,0.005257,13.659
EGLC,2026-05-09,12,2026-05-08,12,24,18.405,99.599,15.5,18.156,47.569,6.815,0.00611,11.341
EGLC,2026-05-10,12,2026-05-09,12,24,16.133,49.059,20.885,15.884,44.471,3.727,0.004948,12.157
EGLC,2026-05-11,12,2026-05-10,12,24,10.035,97.746,15.778,9.786,60.508,2.427,0.004516,7.359
EGLC,2026-05-12,12,2026-05-11,12,24,15.481,44.449,16.999,15.232,44.079,3.162,0.004744,12.07
EGLC,2026-05-13,12,2026-05-12,12,24,11.132,100.0,22.28,10.883,59.164,3.233,0.004825,7.65
EGLC,2026-05-14,12,2026-05-13,12,24,10.399,99.448,14.438,10.15,66.004,4.11,0.005128,6.04
EGLC,2026-05-15,12,2026-05-14,12,24,11.788,96.762,11.268,11.539,50.946,1.85,0.004326,9.689
EGLC,2026-05-16,12,2026-05-15,12,24,12.932,98.426,14.01,12.683,47.076,1.646,0.004278,11.037
EGLC,2026-05-17,12,2026-05-16,12,24,15.306,100.0,13.662,15.057,46.492,3.668,0.004935,11.389
EGLC,2026-05-18,12,2026-05-17,12,24,14.014,100.0,16.567,13.765,59.773,6.127,0.005852,7.638
EGLC,2026-05-19,12,2026-05-18,12,24,15.744,100.0,23.02,15.495,80.094,12.067,0.008784,3.428
EGLC,2026-05-20,12,2026-05-19,12,24,18.274,99.943,21.811,18.025,55.849,9.031,0.007085,8.994
EGLC,2026-05-21,12,2026-05-20,12,24,21.048,68.316,15.192,20.799,55.081,11.496,0.008291,9.303
EGLC,2026-05-22,12,2026-05-21,12,24,25.13,5.041,17.913,24.881,48.705,13.346,0.009395,11.535
EGLC,2026-05-23,12,2026-05-22,12,24,27.349,5.0,7.917,27.1,50.181,15.907,0.011033,11.193
EGLC,2026-05-24,12,2026-05-23,12,24,28.505,22.169,5.189,28.256,39.816,13.346,0.009338,14.91
EGLC,2026-05-25,12,2026-05-24,12,24,30.715,0.0,11.004,30.466,37.359,14.363,0.009988,16.103
EGLC,2026-05-26,12,2026-05-25,12,24,31.51,0.0,11.335,31.261,27.661,10.583,0.007779,20.678
EGLC,2026-05-27,12,2026-05-26,12,24,23.52,0.921,19.341,23.271,45.815,11.025,0.008001,12.246
EGLC,2026-05-28,12,2026-05-27,12,24,27.885,100.0,19.141,27.636,48.097,15.722,0.010995,11.914
EGLC,2026-05-29,12,2026-05-28,12,24,25.919,100.0,13.55,25.67,33.059,8.048,0.006658,17.622
EGLC,2026-05-30,12,2026-05-29,12,24,27.295,100.0,3.786,27.046,32.577,9.209,0.007163,17.837
EGLC,2026-05-31,12,2026-05-30,12,24,22.137,99.259,18.54,21.888,40.417,7.827,0.006568,14.061
EGLC,2026-06-01,12,2026-05-31,12,24,19.384,100.0,20.938,19.135,53.601,9.479,0.007327,9.656
EGLC,2026-06-02,12,2026-06-01,12,24,17.995,60.873,17.829,17.746,67.775,11.771,0.008635,5.975
EGLC,2026-06-03,12,2026-06-02,12,24,13.168,100.0,24.738,12.919,94.162,12.06,0.008809,0.859
EGLC,2026-06-04,12,2026-06-03,12,24,14.685,97.361,21.879,14.436,80.095,11.04,0.008308,3.396
EGLC,2026-06-05,12,2026-06-04,12,24,18.29,7.737,13.619,18.041,37.442,3.448,0.004826,14.593
EGLC,2026-06-06,12,2026-06-05,12,24,16.839,98.008,31.163,16.59,67.481,10.586,0.007985,6.004
EGLC,2026-06-07,12,2026-06-06,12,24,18.331,100.0,18.873,18.082,62.537,10.856,0.007999,7.226
EGLC,2026-06-08,12,2026-06-07,12,24,13.458,100.0,11.836,13.209,92.815,12.024,0.008724,1.185
EGLC,2026-06-09,12,2026-06-08,12,24,14.893,31.878,19.507,14.644,61.279,7.238,0.006291,7.406
EGLC,2026-06-10,12,2026-06-09,12,24,17.404,74.048,17.931,17.155,39.462,3.235,0.004769,13.92
EGLC,2026-06-11,12,2026-06-10,12,24,11.085,100.0,14.384,10.836,96.298,10.26,0.007689,0.576
EGLC,2026-06-12,12,2026-06-11,12,24,19.604,100.0,24.68,19.355,72.762,14.355,0.010047,5.0
EGLC,2026-06-13,12,2026-06-12,12,24,19.901,26.428,20.304,19.652,42.418,6.471,0.005952,13.181
EGLC,2026-06-14,12,2026-06-13,12,24,19.24,100.0,11.376,18.991,46.393,7.181,0.006258,11.81
EGLC,2026-06-15,12,2026-06-14,12,24,17.455,99.81,12.477,17.206,63.174,10.222,0.007682,6.984
EGLC,2026-06-16,12,2026-06-15,12,24,24.402,100.0,12.705,24.153,43.432,11.037,0.008135,13.116
EGLC,2026-06-17,12,2026-06-16,12,24,25.676,19.843,23.007,25.427,45.908,12.923,0.009178,12.504
EGLC,2026-06-18,12,2026-06-17,12,24,26.492,99.66,16.205,26.243,45.853,13.738,0.0097,12.505
EGLC,2026-06-19,12,2026-06-18,12,24,29.766,57.55,15.613,29.517,42.615,15.537,0.010957,13.98
EGLC,2026-06-20,12,2026-06-19,12,24,25.545,86.969,10.76,25.296,52.479,14.834,0.010439,10.462
EGLC,2026-06-21,12,2026-06-20,12,24,27.742,99.815,6.882,27.493,44.742,14.417,0.010095,13.076
EGLC,2026-06-22,12,2026-06-21,12,24,26.59,42.356,18.794,26.341,52.285,15.828,0.011032,10.513
EGLC,2026-06-23,12,2026-06-22,12,24,34.016,4.887,13.465,33.767,32.952,15.486,0.010826,18.281
EGLC,2026-06-24,12,2026-06-23,12,24,34.48,1.269,12.643,34.231,35.501,16.981,0.011921,17.25
EGLC,2026-06-25,12,2026-06-24,12,24,30.936,37.384,19.022,30.687,45.938,17.801,0.012626,12.886
EGLC,2026-06-26,12,2026-06-25,12,24,33.624,23.586,16.199,33.375,33.615,15.337,0.010768,18.038
EGLC,2026-06-27,12,2026-06-26,12,24,29.738,100.0,11.672,29.489,37.345,13.517,0.009598,15.972
EGLC,2026-06-28,12,2026-06-27,12,24,25.103,77.272,20.693,24.854,46.775,12.711,0.009056,12.143
EGLC,2026-06-29,12,2026-06-28,12,24,22.793,100.0,9.579,22.544,32.329,5.16,0.005393,17.384
EGLC,2026-06-30,12,2026-06-29,12,24,24.203,3.387,13.046,23.954,33.698,7.03,0.006157,16.924
EGLC,2026-07-01,12,2026-06-30,12,24,25.802,92.428,10.863,25.553,36.834,9.786,0.007441,15.767
EGLC,2026-07-02,12,2026-07-01,12,24,25.036,0.005,19.274,24.787,30.436,6.265,0.005859,18.522
EGLC,2026-07-03,12,2026-07-02,12,24,24.563,7.931,12.411,24.314,29.915,5.6,0.005554,18.714
EGLC,2026-07-04,12,2026-07-03,12,24,27.302,0.0,18.962,27.053,39.469,12.269,0.008746,14.784
EGLC,2026-07-05,12,2026-07-04,12,24,26.303,84.761,16.759,26.054,41.143,11.95,0.008576,14.104
EGLC,2026-07-06,12,2026-07-05,12,24,30.596,88.517,20.692,30.347,24.462,7.941,0.006568,22.406
EGLC,2026-07-07,12,2026-07-06,12,24,29.775,100.0,18.234,29.526,23.154,6.373,0.005929,23.153
EGLC,2026-07-08,12,2026-07-07,12,24,30.985,4.856,7.283,30.736,33.938,13.211,0.009355,17.525
EGLC,2026-07-09,12,2026-07-08,12,24,33.912,38.262,4.715,33.663,24.662,10.855,0.008043,22.808
EGLC,2026-07-10,12,2026-07-09,12,24,30.485,100.0,16.591,30.236,31.046,11.423,0.008326,18.813
EGLC,2026-07-11,12,2026-07-10,12,24,29.696,0.0,19.961,29.447,28.785,9.575,0.007313,19.872
EGLC,2026-07-12,12,2026-07-11,12,24,28.962,0.474,24.302,28.713,38.176,13.139,0.009278,15.574
EGLC,2026-07-13,12,2026-07-12,12,24,27.292,0.293,22.297,27.043,33.035,9.532,0.007304,17.511
EGLC,2026-07-14,12,2026-07-13,12,24,29.676,1.4,17.406,29.427,33.262,11.696,0.008446,17.731
EGLC,2026-07-15,12,2026-07-14,12,24,28.27,0.0,21.653,28.021,33.983,10.812,0.007974,17.209
EGLC,2026-07-16,12,2026-07-15,12,24,29.368,0.268,15.089,29.119,25.116,7.301,0.006277,21.818
EGLC,2026-07-17,12,2026-07-16,12,24,27.656,4.995,9.159,27.407,28.649,7.719,0.006508,19.688
EGLC,2026-07-18,12,2026-07-17,12,24,24.773,5.0,13.013,24.524,29.185,5.591,0.005574,18.933
EGLC,2026-07-19,12,2026-07-18,12,24,22.202,100.0,16.544,21.953,26.4,1.835,0.004271,20.118
EGLC,2026-07-20,12,2026-07-19,12,24,23.888,4.995,13.238,23.639,28.043,4.247,0.005031,19.392
EGLC,2026-07-21,12,2026-07-20,12,24,24.947,5.0,12.727,24.698,37.0,9.135,0.007071,15.563
EGLC,2026-07-22,12,2026-07-21,12,24,24.262,100.0,8.288,24.013,44.36,11.142,0.008117,12.871
EGLC,2026-07-23,12,2026-07-22,12,24,26.158,100.0,4.29,25.909,36.272,9.851,0.007454,16.058
EGLC,2026-07-24,12,2026-07-23,12,24,27.262,100.0,9.746,27.013,32.813,9.431,0.007303,17.582
EGLC,2026-07-25,12,2026-07-24,12,24,27.639,29.847,11.588,27.39,26.177,6.413,0.005974,20.977
EGLC,2026-07-26,12,2026-07-25,12,24,23.03,95.596,18.677,22.781,45.702,10.62,0.007944,12.161
EGLC,2026-07-27,12,2026-07-26,12,24,24.904,0.949,16.784,24.655,33.654,7.71,0.006481,16.945
EGLC,2026-07-28,12,2026-07-27,12,24,29.275,58.972,9.995,29.026,37.528,13.14,0.009317,15.886
EGLC,2026-07-29,12,2026-07-28,12,24,34.044,4.907,13.486,33.795,19.872,7.786,0.006571,26.009
EGLC,2026-07-30,12,2026-07-29,12,24,27.871,99.995,13.66,27.622,30.7,8.92,0.007063,18.702
EGLC,2026-07-31,12,2026-07-30,12,24,24.743,0.398,10.537,24.494,21.713,1.317,0.004135,23.177
LFPG,2025-08-01,12,2025-07-31,12,24,23.34,87.357,20.418,23.51,49.225,12.34,0.008919,11.17
LFPG,2025-08-02,12,2025-08-01,12,24,19.901,95.747,13.082,20.071,46.691,8.285,0.006785,11.786
LFPG,2025-08-03,12,2025-08-02,12,24,23.197,89.48,10.771,23.367,36.734,7.836,0.006549,15.531
LFPG,2025-08-04,12,2025-08-03,12,24,27.551,40.224,16.88,27.721,45.854,15.067,0.010615,12.654
LFPG,2025-08-05,12,2025-08-04,12,24,23.543,0.0,21.894,23.713,26.039,3.17,0.004716,20.543
LFPG,2025-08-06,12,2025-08-05,12,24,23.781,4.732,6.624,23.951,30.793,5.728,0.005663,18.223
LFPG,2025-08-07,12,2025-08-06,12,24,27.911,12.355,8.885,28.081,20.061,3.267,0.004774,24.814
LFPG,2025-08-08,12,2025-08-07,12,24,27.323,51.51,10.896,27.493,45.191,14.652,0.010353,12.841
LFPG,2025-08-09,12,2025-08-08,12,24,28.621,0.0,11.407,28.791,32.724,10.923,0.008079,17.868
LFPG,2025-08-10,12,2025-08-09,12,24,27.38,23.934,10.386,27.55,25.437,6.134,0.005787,21.416
LFPG,2025-08-11,12,2025-08-10,12,24,31.084,0.0,15.128,31.254,19.573,5.406,0.005548,25.848
LFPG,2025-08-12,12,2025-08-11,12,24,34.738,0.0,16.479,34.908,17.898,7.185,0.006312,27.723
LFPG,2025-08-13,12,2025-08-12,12,24,36.803,97.748,8.638,36.973,18.17,9.073,0.007184,27.9
LFPG,2025-08-14,12,2025-08-13,12,24,32.286,100.0,10.316,32.456,30.433,13.063,0.009314,19.393
LFPG,2025-08-15,12,2025-08-14,12,24,31.979,5.0,10.211,32.149,28.957,12.035,0.008687,20.114
LFPG,2025-08-16,12,2025-08-15,12,24,28.359,0.0,16.7,28.529,33.609,11.116,0.008158,17.413
LFPG,2025-08-17,12,2025-08-16,12,24,27.389,0.0,14.334,27.559,26.28,6.621,0.006045,20.938
LFPG,2025-08-18,12,2025-08-17,12,24,27.304,5.0,12.441,27.474,32.555,9.659,0.007446,17.815
LFPG,2025-08-19,12,2025-08-18,12,24,29.503,100.0,4.169,29.673,26.587,8.517,0.006942,21.156
LFPG,2025-08-20,12,2025-08-19,12,24,16.438,100.0,11.746,16.608,84.95,14.04,0.009993,2.568
LFPG,2025-08-21,12,2025-08-20,12,24,25.181,17.05,17.699,25.351,34.114,8.569,0.006938,16.782
LFPG,2025-08-22,12,2025-08-21,12,24,22.026,1.814,12.488,22.196,34.431,5.876,0.005729,16.32
LFPG,2025-08-23,12,2025-08-22,12,24,22.702,100.0,6.276,22.872,34.119,6.396,0.005923,16.476
LFPG,2025-08-24,12,2025-08-23,12,24,23.969,4.997,11.283,24.139,26.902,3.991,0.005023,20.148
LFPG,2025-08-25,12,2025-08-24,12,24,27.045,36.937,7.542,27.215,22.047,3.786,0.004973,23.429
LFPG,2025-08-26,12,2025-08-25,12,24,28.089,100.0,16.863,28.259,24.007,5.902,0.005793,22.357
LFPG,2025-08-27,12,2025-08-26,12,24,25.052,99.911,15.385,25.222,32.284,7.585,0.006515,17.637
LFPG,2025-08-28,12,2025-08-27,12,24,24.124,4.997,17.609,24.294,29.822,5.561,0.005704,18.733
LFPG,2025-08-29,12,2025-08-28,12,24,16.671,100.0,17.411,16.841,85.565,14.365,0.010353,2.476
LFPG,2025-08-30,12,2025-08-29,12,24,21.978,100.0,20.928,22.148,44.318,9.558,0.007436,12.59
LFPG,2025-08-31,12,2025-08-30,12,24,23.183,100.0,18.372,23.353,43.579,10.423,0.007882,12.93
LFPG,2025-09-01,12,2025-08-31,12,24,23.01,58.28,21.898,23.18,37.46,7.909,0.006679,15.271
LFPG,2025-09-02,12,2025-09-01,12,24,21.101,100.0,27.64,21.271,47.331,9.667,0.007498,11.604
LFPG,2025-09-03,12,2025-09-02,12,24,20.124,100.0,25.928,20.294,73.3,15.342,0.010929,4.952
LFPG,2025-09-04,12,2025-09-03,12,24,20.284,98.632,21.499,20.454,58.842,12.145,0.008828,8.309
LFPG,2025-09-05,12,2025-09-04,12,24,21.644,1.936,10.869,21.814,38.585,7.126,0.00624,14.688
LFPG,2025-09-06,12,2025-09-05,12,24,23.668,62.718,19.949,23.838,32.307,6.355,0.005938,17.483
LFPG,2025-09-07,12,2025-09-06,12,24,30.137,6.597,18.51,30.307,26.809,9.23,0.007291,21.077
LFPG,2025-09-08,12,2025-09-07,12,24,23.664,6.865,11.332,23.834,34.902,7.466,0.006411,16.368
LFPG,2025-09-09,12,2025-09-08,12,24,22.679,77.751,5.415,22.849,28.085,3.557,0.004884,19.292
LFPG,2025-09-10,12,2025-09-09,12,24,19.195,97.527,18.019,19.365,54.824,9.951,0.007671,9.414
LFPG,2025-09-11,12,2025-09-10,12,24,19.563,39.644,25.345,19.733,46.598,8.035,0.006703,11.698
LFPG,2025-09-12,12,2025-09-11,12,24,20.383,42.677,22.539,20.553,34.616,4.397,0.005187,16.156
LFPG,2025-09-13,12,2025-09-12,12,24,20.058,100.0,24.735,20.228,44.422,7.726,0.006546,12.502
LFPG,2025-09-14,12,2025-09-13,12,24,18.032,100.0,21.529,18.202,72.66,13.251,0.009462,4.951
LFPG,2025-09-15,12,2025-09-14,12,24,20.434,12.968,30.247,20.604,39.331,6.349,0.005944,14.255
LFPG,2025-09-16,12,2025-09-15,12,24,18.112,100.0,22.78,18.282,49.165,7.48,0.006389,10.802
LFPG,2025-09-17,12,2025-09-16,12,24,18.836,32.811,12.784,19.006,49.149,8.054,0.006652,10.952
LFPG,2025-09-18,12,2025-09-17,12,24,24.316,0.0,10.306,24.486,39.025,9.738,0.007458,14.748
LFPG,2025-09-19,12,2025-09-18,12,24,28.607,5.0,13.691,28.777,23.439,6.012,0.005776,22.765
LFPG,2025-09-20,12,2025-09-19,12,24,19.566,99.035,14.923,19.736,82.734,16.682,0.011845,3.054
LFPG,2025-09-21,12,2025-09-20,12,24,15.316,100.0,5.255,15.486,67.383,9.442,0.007346,6.044
LFPG,2025-09-22,12,2025-09-21,12,24,17.718,67.806,27.531,17.888,35.684,2.608,0.00454,15.28
LFPG,2025-09-23,12,2025-09-22,12,24,12.833,95.724,23.01,13.003,59.224,5.223,0.005457,7.78
LFPG,2025-09-24,12,2025-09-23,12,24,9.622,100.0,17.639,9.792,84.351,7.297,0.006302,2.495
LFPG,2025-09-25,12,2025-09-24,12,24,8.652,100.0,12.282,8.822,83.651,6.222,0.005861,2.6
LFPG,2025-09-26,12,2025-09-25,12,24,10.679,100.0,3.952,10.849,88.459,8.972,0.007099,1.877
LFPG,2025-09-27,12,2025-09-26,12,24,16.528,5.365,9.147,16.698,49.971,6.259,0.005868,10.439
LFPG,2025-09-28,12,2025-09-27,12,24,18.923,9.212,6.344,19.093,41.762,5.833,0.005705,13.26
LFPG,2025-09-29,12,2025-09-28,12,24,19.527,5.0,7.239,19.697,46.385,7.955,0.006599,11.742
LFPG,2025-09-30,12,2025-09-29,12,24,18.557,4.683,11.844,18.727,40.983,5.217,0.005453,13.51
LFPG,2025-10-01,12,2025-09-30,12,24,18.916,97.148,5.402,19.086,43.429,6.415,0.005904,12.671
LFPG,2025-10-02,12,2025-10-01,12,24,17.51,100.0,9.195,17.68,35.509,2.257,0.004417,15.423
LFPG,2025-10-03,12,2025-10-02,12,24,15.642,100.0,13.181,15.812,41.349,2.743,0.004604,13.069
LFPG,2025-10-04,12,2025-10-03,12,24,15.226,19.762,32.092,15.396,48.959,4.773,0.005359,10.623
LFPG,2025-10-05,12,2025-10-04,12,24,16.545,41.723,27.377,16.715,42.543,3.949,0.005006,12.766
LFPG,2025-10-06,12,2025-10-05,12,24,14.901,66.103,11.048,15.071,65.702,8.712,0.006913,6.359
LFPG,2025-10-07,12,2025-10-06,12,24,19.459,5.0,4.068,19.629,51.228,9.324,0.007222,10.305
LFPG,2025-10-08,12,2025-10-07,12,24,19.363,99.108,9.521,19.533,54.453,10.135,0.007643,9.398
LFPG,2025-10-09,12,2025-10-08,12,24,18.973,2.692,11.607,19.143,47.167,7.675,0.006444,11.468
LFPG,2025-10-10,12,2025-10-09,12,24,18.57,30.521,9.652,18.74,52.719,8.933,0.006983,9.807
LFPG,2025-10-11,12,2025-10-10,12,24,19.68,4.997,12.294,19.85,50.223,9.215,0.007121,10.635
LFPG,2025-10-12,12,2025-10-11,12,24,18.445,0.495,15.458,18.615,46.893,7.082,0.006176,11.533
LFPG,2025-10-13,12,2025-10-12,12,24,18.015,82.197,17.849,18.185,61.13,10.602,0.007864,7.583
LFPG,2025-10-14,12,2025-10-13,12,24,17.854,0.0,17.598,18.024,48.061,6.899,0.006116,11.125
LFPG,2025-10-15,12,2025-10-14,12,24,17.626,30.911,15.603,17.796,45.784,5.974,0.005747,11.822
LFPG,2025-10-16,12,2025-10-15,12,24,15.334,94.368,17.201,15.504,56.234,6.895,0.006107,8.609
LFPG,2025-10-17,12,2025-10-16,12,24,17.578,14.057,16.078,17.748,41.616,4.576,0.005213,13.172
LFPG,2025-10-18,12,2025-10-17,12,24,15.481,100.0,16.323,15.651,43.77,3.415,0.004809,12.236
LFPG,2025-10-19,12,2025-10-18,12,24,16.71,100.0,15.116,16.88,44.556,4.78,0.005361,12.1
LFPG,2025-10-20,12,2025-10-19,12,24,15.945,97.274,25.331,16.115,66.401,9.87,0.007689,6.245
LFPG,2025-10-21,12,2025-10-20,12,24,15.776,81.657,19.189,15.946,69.917,10.463,0.007996,5.483
LFPG,2025-10-22,12,2025-10-21,12,24,15.657,97.324,9.106,15.827,60.751,8.286,0.006888,7.541
LFPG,2025-10-23,12,2025-10-22,12,24,10.082,100.0,30.014,10.252,81.021,7.117,0.006425,3.135
LFPG,2025-10-24,12,2025-10-23,12,24,12.205,100.0,26.52,12.375,51.949,2.781,0.004667,9.594
LFPG,2025-10-25,12,2025-10-24,12,24,13.202,81.862,21.534,13.372,62.994,6.482,0.006059,6.89
LFPG,2025-10-26,12,2025-10-25,12,24,11.122,40.701,20.967,11.292,47.502,0.54,0.00395,10.752
LFPG,2025-10-27,12,2025-10-26,12,24,13.348,31.157,30.328,13.518,57.749,5.351,0.00558,8.167
LFPG,2025-10-28,12,2025-10-27,12,24,13.717,100.0,20.702,13.887,65.841,7.626,0.006506,6.261
LFPG,2025-10-29,12,2025-10-28,12,24,14.7,100.0,14.355,14.87,60.44,7.308,0.006425,7.562
LFPG,2025-10-30,12,2025-10-29,12,24,13.522,20.226,13.675,13.692,47.927,2.885,0.004675,10.807
LFPG,2025-10-31,12,2025-10-30,12,24,16.229,100.0,18.448,16.399,56.108,7.651,0.006541,8.748
LFPG,2025-11-01,12,2025-10-31,12,24,11.976,100.0,16.514,12.146,82.083,9.184,0.007252,2.962
LFPG,2025-11-02,12,2025-11-01,12,24,12.154,64.597,21.856,12.324,67.775,6.549,0.006045,5.775
LFPG,2025-11-03,12,2025-11-02,12,24,14.155,21.366,20.866,14.325,67.824,8.475,0.006841,5.85
LFPG,2025-11-04,12,2025-11-03,12,24,14.816,100.0,17.511,14.986,52.286,5.32,0.005523,9.666
LFPG,2025-11-05,12,2025-11-04,12,24,17.716,19.39,16.496,17.886,37.765,3.315,0.004821,14.571
LFPG,2025-11-06,12,2025-11-05,12,24,14.079,100.0,6.639,14.249,85.874,11.917,0.008722,2.332
LFPG,2025-11-07,12,2025-11-06,12,24,15.32,100.0,14.393,15.49,65.033,8.964,0.007162,6.526
LFPG,2025-11-08,12,2025-11-07,12,24,13.358,98.917,7.32,13.528,78.256,9.781,0.007523,3.747
LFPG,2025-11-09,12,2025-11-08,12,24,13.292,0.0,10.064,13.462,60.217,5.931,0.005753,7.531
LFPG,2025-11-10,12,2025-11-09,12,24,11.767,100.0,18.914,11.937,63.867,5.328,0.005558,6.609
LFPG,2025-11-11,12,2025-11-10,12,24,13.63,82.533,17.318,13.8,72.252,8.909,0.0071,4.891
LFPG,2025-11-12,12,2025-11-11,12,24,15.62,100.0,16.112,15.79,45.983,4.237,0.005155,11.553
LFPG,2025-11-13,12,2025-11-12,12,24,16.858,98.782,11.48,17.028,53.838,7.66,0.006528,9.368
LFPG,2025-11-14,12,2025-11-13,12,24,18.284,100.0,14.053,18.454,47.093,7.028,0.006298,11.426
LFPG,2025-11-15,12,2025-11-14,12,24,14.958,100.0,4.982,15.128,68.253,9.339,0.007347,5.789
LFPG,2025-11-16,12,2025-11-15,12,24,13.361,100.0,10.603,13.531,77.124,9.615,0.007493,3.916
LFPG,2025-11-17,12,2025-11-16,12,24,8.573,66.906,25.788,8.743,60.58,1.556,0.004226,7.187
LFPG,2025-11-18,12,2025-11-17,12,24,7.744,42.802,13.613,7.914,49.735,-1.938,0.003275,9.852
LFPG,2025-11-19,12,2025-11-18,12,24,6.917,100.0,21.562,7.087,78.66,3.649,0.004975,3.438
LFPG,2025-11-20,12,2025-11-19,12,24,4.492,100.0,10.949,4.662,62.914,-1.797,0.003329,6.459
LFPG,2025-11-21,12,2025-11-20,12,24,3.52,100.0,13.814,3.69,76.804,-0.005,0.003758,3.695
LFPG,2025-11-22,12,2025-11-21,12,24,3.488,91.353,17.256,3.658,54.394,-4.696,0.00265,8.354
LFPG,2025-11-23,12,2025-11-22,12,24,3.874,100.0,21.823,4.044,96.641,3.557,0.004937,0.487
LFPG,2025-11-24,12,2025-11-23,12,24,8.768,11.596,17.172,8.938,71.572,4.095,0.005181,4.843
LFPG,2025-11-25,12,2025-11-24,12,24,6.266,99.993,21.485,6.436,84.41,3.986,0.005075,2.45
LFPG,2025-11-26,12,2025-11-25,12,24,7.214,14.29,11.234,7.384,69.752,2.256,0.004421,5.128
LFPG,2025-11-27,12,2025-11-26,12,24,5.214,100.0,16.667,5.384,82.546,2.665,0.004562,2.719
LFPG,2025-11-28,12,2025-11-27,12,24,9.069,100.0,16.352,9.239,95.998,8.627,0.006943,0.612
LFPG,2025-11-29,12,2025-11-28,12,24,10.528,90.235,19.354,10.698,85.388,8.321,0.00686,2.377
LFPG,2025-11-30,12,2025-11-29,12,24,7.677,36.353,17.251,7.847,67.113,2.111,0.004414,5.736
LFPG,2025-12-01,12,2025-11-30,12,24,7.157,95.914,21.731,7.327,65.751,1.351,0.004178,5.976
LFPG,2025-12-02,12,2025-12-01,12,24,9.161,94.126,16.756,9.331,65.505,3.197,0.004798,6.134
LFPG,2025-12-03,12,2025-12-02,12,24,7.97,12.631,10.012,8.14,77.192,4.381,0.005201,3.759
LFPG,2025-12-04,12,2025-12-03,12,24,7.211,100.0,17.849,7.381,83.154,4.714,0.005387,2.667
LFPG,2025-12-05,12,2025-12-04,12,24,6.536,99.625,11.973,6.706,70.667,1.762,0.004323,4.944
LFPG,2025-12-06,12,2025-12-05,12,24,11.65,65.512,26.526,11.82,65.153,5.511,0.00566,6.309
LFPG,2025-12-07,12,2025-12-06,12,24,13.263,100.0,25.994,13.433,89.263,11.697,0.008601,1.736
LFPG,2025-12-08,12,2025-12-07,12,24,13.354,100.0,19.436,13.524,88.201,11.618,0.008489,1.906
LFPG,2025-12-09,12,2025-12-08,12,24,13.717,100.0,20.388,13.887,61.696,6.681,0.006105,7.206
LFPG,2025-12-10,12,2025-12-09,12,24,13.315,98.913,15.405,13.485,75.898,9.332,0.007253,4.153
LFPG,2025-12-11,12,2025-12-10,12,24,10.483,100.0,9.453,10.653,82.277,7.771,0.006508,2.882
LFPG,2025-12-12,12,2025-12-11,12,24,11.147,100.0,7.343,11.317,78.98,7.791,0.006539,3.526
LFPG,2025-12-13,12,2025-12-12,12,24,9.462,97.137,2.057,9.632,81.847,6.684,0.006008,2.948
LFPG,2025-12-14,12,2025-12-13,12,24,9.773,5.0,11.211,9.943,70.466,4.82,0.005308,5.123
LFPG,2025-12-15,12,2025-12-14,12,24,9.516,100.0,16.105,9.686,74.279,5.302,0.005554,4.384
LFPG,2025-12-16,12,2025-12-15,12,24,11.436,99.326,11.073,11.606,71.396,6.66,0.006079,4.946
LFPG,2025-12-17,12,2025-12-16,12,24,10.561,23.799,7.83,10.731,70.62,5.622,0.005626,5.109
LFPG,2025-12-18,12,2025-12-17,12,24,12.042,95.477,26.123,12.212,67.04,6.294,0.005929,5.918
LFPG,2025-12-19,12,2025-12-18,12,24,10.212,100.0,8.025,10.382,73.198,5.804,0.005697,4.578
LFPG,2025-12-20,12,2025-12-19,12,24,8.155,100.0,6.542,8.325,92.573,7.183,0.006319,1.142
LFPG,2025-12-21,12,2025-12-20,12,24,10.386,100.0,19.288,10.556,88.657,8.753,0.007076,1.803
LFPG,2025-12-22,12,2025-12-21,12,24,10.216,99.841,7.934,10.386,84.399,7.861,0.006644,2.525
LFPG,2025-12-23,12,2025-12-22,12,24,7.011,5.0,13.988,7.181,62.508,0.507,0.003943,6.674
LFPG,2025-12-24,12,2025-12-23,12,24,2.88,1.077,27.108,3.05,55.31,-5.034,0.002584,8.084
LFPG,2025-12-25,12,2025-12-24,12,24,1.752,4.969,19.61,1.922,49.637,-7.477,0.002147,9.399
LFPG,2025-12-26,12,2025-12-25,12,24,2.974,0.0,10.793,3.144,57.455,-4.438,0.002703,7.582
LFPG,2025-12-27,12,2025-12-26,12,24,4.223,0.0,12.087,4.393,57.472,-3.229,0.002943,7.622
LFPG,2025-12-28,12,2025-12-27,12,24,4.627,5.0,15.348,4.797,63.019,-1.651,0.003317,6.448
LFPG,2025-12-29,12,2025-12-28,12,24,3.935,0.0,12.73,4.105,39.101,-8.536,0.001972,12.641
LFPG,2025-12-30,12,2025-12-29,12,24,5.825,87.394,19.577,5.995,46.82,-4.51,0.002676,10.505
LFPG,2025-12-31,12,2025-12-30,12,24,3.74,5.0,7.459,3.91,69.429,-1.149,0.003442,5.059
LFPG,2026-01-01,12,2025-12-31,12,24,2.802,100.0,14.52,2.972,74.199,-1.182,0.003482,4.154
LFPG,2026-01-02,12,2026-01-01,12,24,0.952,100.0,7.75,1.122,95.817,0.508,0.003967,0.614
LFPG,2026-01-03,12,2026-01-02,12,24,2.279,10.073,17.366,2.449,60.376,-4.452,0.002743,6.901
LFPG,2026-01-04,12,2026-01-03,12,24,1.617,5.0,9.611,1.787,59.786,-5.179,0.002579,6.966
LFPG,2026-01-05,12,2026-01-04,12,24,1.707,83.976,14.358,1.877,71.344,-2.74,0.003103,4.617
LFPG,2026-01-06,12,2026-01-05,12,24,0.857,3.351,6.359,1.027,73.089,-3.235,0.002969,4.262
LFPG,2026-01-07,12,2026-01-06,12,24,1.09,26.846,14.405,1.26,95.877,0.67,0.004008,0.59
LFPG,2026-01-08,12,2026-01-07,12,24,5.242,100.0,14.54,5.412,94.619,4.616,0.005304,0.796
LFPG,2026-01-09,12,2026-01-08,12,24,5.362,100.0,34.401,5.532,79.972,2.367,0.004579,3.165
LFPG,2026-01-10,12,2026-01-09,12,24,3.402,100.0,25.056,3.572,75.527,-0.325,0.003703,3.897
LFPG,2026-01-11,12,2026-01-10,12,24,3.405,100.0,15.579,3.575,63.747,-2.686,0.003095,6.261
LFPG,2026-01-12,12,2026-01-11,12,24,9.525,100.0,23.691,9.695,83.995,7.079,0.00629,2.616
LFPG,2026-01-13,12,2026-01-12,12,24,10.381,84.055,15.796,10.551,67.375,4.791,0.005361,5.76
LFPG,2026-01-14,12,2026-01-13,12,24,10.111,100.0,11.354,10.281,83.5,7.638,0.006489,2.643
LFPG,2026-01-15,12,2026-01-14,12,24,9.858,100.0,20.831,10.028,73.894,5.589,0.005677,4.439
LFPG,2026-01-16,12,2026-01-15,12,24,9.968,100.0,14.272,10.138,80.076,6.859,0.006178,3.279
LFPG,2026-01-17,12,2026-01-16,12,24,10.097,98.187,8.825,10.267,80.785,7.124,0.006268,3.143
LFPG,2026-01-18,12,2026-01-17,12,24,8.755,81.105,11.011,8.925,58.332,1.187,0.004127,7.738
LFPG,2026-01-19,12,2026-01-18,12,24,10.307,99.949,9.216,10.477,69.996,5.264,0.005502,5.213
LFPG,2026-01-20,12,2026-01-19,12,24,9.772,81.737,14.477,9.942,75.933,5.896,0.005765,4.046
LFPG,2026-01-21,12,2026-01-20,12,24,11.077,87.665,21.981,11.247,64.122,4.739,0.005402,6.508
LFPG,2026-01-22,12,2026-01-21,12,24,9.01,100.0,21.302,9.18,72.774,4.558,0.005364,4.622
LFPG,2026-01-23,12,2026-01-22,12,24,8.003,89.915,20.406,8.173,74.709,3.985,0.005151,4.188
LFPG,2026-01-24,12,2026-01-23,12,24,7.73,83.427,16.619,7.9,62.932,1.313,0.00423,6.587
LFPG,2026-01-25,12,2026-01-24,12,24,7.554,100.0,15.902,7.724,72.089,3.011,0.004807,4.713
LFPG,2026-01-26,12,2026-01-25,12,24,7.86,63.793,9.006,8.03,64.694,1.805,0.00437,6.225
LFPG,2026-01-27,12,2026-01-26,12,24,6.944,100.0,22.068,7.114,93.025,6.062,0.005984,1.052
LFPG,2026-01-28,12,2026-01-27,12,24,6.564,100.0,6.63,6.734,68.112,1.281,0.004236,5.453
LFPG,2026-01-29,12,2026-01-28,12,24,6.611,0.0,9.689,6.781,70.739,1.847,0.004399,4.934
LFPG,2026-01-30,12,2026-01-29,12,24,8.262,96.198,16.465,8.432,75.195,4.295,0.005254,4.137
LFPG,2026-01-31,12,2026-01-30,12,24,8.273,95.497,9.838,8.443,75.871,4.436,0.00527,4.007
LFPG,2026-02-01,12,2026-01-31,12,24,6.132,100.0,9.862,6.302,94.483,5.442,0.005655,0.86
LFPG,2026-02-02,12,2026-02-01,12,24,8.449,82.883,12.54,8.619,73.287,4.137,0.005188,4.482
LFPG,2026-02-03,12,2026-02-02,12,24,8.532,99.891,20.013,8.702,85.175,6.343,0.006071,2.359
LFPG,2026-02-04,12,2026-02-03,12,24,10.446,17.187,20.42,10.616,63.924,4.054,0.00519,6.562
LFPG,2026-02-05,12,2026-02-04,12,24,8.591,100.0,18.456,8.761,89.147,7.043,0.006436,1.718
LFPG,2026-02-06,12,2026-02-05,12,24,9.683,100.0,18.607,9.853,77.096,6.052,0.005956,3.801
LFPG,2026-02-07,12,2026-02-06,12,24,10.341,99.164,19.098,10.511,68.083,4.888,0.005442,5.623
LFPG,2026-02-08,12,2026-02-07,12,24,10.473,46.113,6.163,10.643,61.741,3.59,0.004952,7.053
LFPG,2026-02-09,12,2026-02-08,12,24,9.446,98.737,12.895,9.616,69.756,4.356,0.005236,5.26
LFPG,2026-02-10,12,2026-02-09,12,24,11.677,98.931,19.023,11.847,69.601,6.462,0.006116,5.385
LFPG,2026-02-11,12,2026-02-10,12,24,10.638,100.0,27.176,10.808,74.755,6.516,0.006156,4.292
LFPG,2026-02-12,12,2026-02-11,12,24,9.734,100.0,29.571,9.904,75.466,5.756,0.005877,4.148
LFPG,2026-02-13,12,2026-02-12,12,24,9.042,100.0,13.161,9.212,75.491,5.076,0.005587,4.136
LFPG,2026-02-14,12,2026-02-13,12,24,2.284,67.637,25.135,2.454,66.247,-3.203,0.003003,5.657
LFPG,2026-02-15,12,2026-02-14,12,24,0.372,100.0,25.59,0.542,97.706,0.258,0.003874,0.284
LFPG,2026-02-16,12,2026-02-15,12,24,8.367,24.748,30.727,8.537,68.647,3.138,0.0048,5.399
LFPG,2026-02-17,12,2026-02-16,12,24,6.231,83.174,21.885,6.401,52.182,-2.755,0.003102,9.156
LFPG,2026-02-18,12,2026-02-17,12,24,5.606,100.0,6.39,5.776,93.731,4.829,0.005423,0.947
LFPG,2026-02-19,12,2026-02-18,12,24,7.308,99.97,10.615,7.478,90.701,6.031,0.005938,1.447
LFPG,2026-02-20,12,2026-02-19,12,24,8.96,100.0,18.538,9.13,68.742,3.734,0.004899,5.396
LFPG,2026-02-21,12,2026-02-20,12,24,12.578,99.305,20.124,12.748,69.082,7.236,0.006254,5.512
LFPG,2026-02-22,12,2026-02-21,12,24,13.011,100.0,23.952,13.181,74.174,8.719,0.006931,4.462
LFPG,2026-02-23,12,2026-02-22,12,24,12.916,90.868,21.613,13.086,59.093,5.306,0.005495,7.78
LFPG,2026-02-24,12,2026-02-23,12,24,15.242,18.711,9.965,15.412,65.387,8.919,0.007064,6.493
LFPG,2026-02-25,12,2026-02-24,12,24,15.689,43.71,10.39,15.859,63.417,8.977,0.007097,6.882
LFPG,2026-02-26,12,2026-02-25,12,24,15.94,99.955,15.188,16.11,55.694,7.263,0.006278,8.847
LFPG,2026-02-27,12,2026-02-26,12,24,13.337,100.0,18.415,13.507,59.602,5.811,0.005722,7.696
LFPG,2026-02-28,12,2026-02-27,12,24,11.333,64.549,26.606,11.503,56.024,3.064,0.004694,8.439
LFPG,2026-03-01,12,2026-02-28,12,24,11.639,44.238,20.223,11.809,55.305,3.17,0.004722,8.639
LFPG,2026-03-02,12,2026-03-01,12,24,14.224,5.0,15.495,14.394,48.934,3.77,0.004964,10.624
LFPG,2026-03-03,12,2026-03-02,12,24,15.039,4.288,2.836,15.209,54.42,6.151,0.005788,9.058
LFPG,2026-03-04,12,2026-03-03,12,24,15.877,0.0,15.39,16.047,48.249,5.129,0.005418,10.918
LFPG,2026-03-05,12,2026-03-04,12,24,16.562,5.0,12.209,16.732,51.434,6.685,0.006081,10.047
LFPG,2026-03-06,12,2026-03-05,12,24,15.663,100.0,8.549,15.833,63.171,8.875,0.007026,6.958
LFPG,2026-03-07,12,2026-03-06,12,24,15.694,99.666,9.463,15.864,61.86,8.571,0.006877,7.293
LFPG,2026-03-08,12,2026-03-07,12,24,16.333,5.0,6.327,16.503,52.047,6.675,0.006042,9.828
LFPG,2026-03-09,12,2026-03-08,12,24,16.073,5.01,11.847,16.243,52.227,6.465,0.005967,9.778
LFPG,2026-03-10,12,2026-03-09,12,24,14.579,81.537,11.836,14.749,60.596,7.248,0.006301,7.501
LFPG,2026-03-11,12,2026-03-10,12,24,10.295,100.0,13.101,10.465,83.328,7.717,0.006554,2.748
LFPG,2026-03-12,12,2026-03-11,12,24,12.162,23.569,23.952,12.332,50.904,2.48,0.004512,9.852
LFPG,2026-03-13,12,2026-03-12,12,24,7.737,100.0,7.448,7.907,89.584,6.267,0.005963,1.64
LFPG,2026-03-14,12,2026-03-13,12,24,8.57,71.274,14.933,8.74,51.235,-0.834,0.003611,9.574
LFPG,2026-03-15,12,2026-03-14,12,24,10.139,0.0,7.332,10.309,44.061,-1.457,0.003409,11.766
LFPG,2026-03-16,12,2026-03-15,12,24,10.817,100.0,17.69,10.987,49.757,0.907,0.004025,10.08
LFPG,2026-03-17,12,2026-03-16,12,24,14.408,68.21,12.049,14.578,52.8,5.06,0.005438,9.518
LFPG,2026-03-18,12,2026-03-17,12,24,13.282,0.0,26.302,13.452,32.864,-2.629,0.00312,16.081
LFPG,2026-03-19,12,2026-03-18,12,24,14.502,21.105,19.825,14.672,42.477,2.022,0.00436,12.65
LFPG,2026-03-20,12,2026-03-19,12,24,14.64,42.694,10.4,14.81,45.631,3.146,0.00474,11.664
LFPG,2026-03-21,12,2026-03-20,12,24,14.417,4.673,11.017,14.587,48.609,3.898,0.005014,10.689
LFPG,2026-03-22,12,2026-03-21,12,24,13.076,12.038,12.859,13.246,48.53,2.632,0.004591,10.614
LFPG,2026-03-23,12,2026-03-22,12,24,14.195,99.916,7.771,14.365,46.07,2.957,0.004664,11.408
LFPG,2026-03-24,12,2026-03-23,12,24,15.532,100.0,16.043,15.702,45.344,3.957,0.004992,11.745
LFPG,2026-03-25,12,2026-03-24,12,24,6.454,26.24,29.393,6.624,69.189,1.351,0.004201,5.273
LFPG,2026-03-26,12,2026-03-25,12,24,9.034,99.964,20.997,9.204,36.264,-5.014,0.002598,14.218
LFPG,2026-03-27,12,2026-03-26,12,24,9.857,81.438,7.57,10.027,40.854,-2.68,0.003088,12.707
LFPG,2026-03-28,12,2026-03-27,12,24,9.16,89.986,25.849,9.33,45.552,-1.78,0.003293,11.11
LFPG,2026-03-29,12,2026-03-28,12,24,9.941,45.319,10.685,10.111,43.783,-1.655,0.003306,11.766
LFPG,2026-03-30,12,2026-03-29,12,24,11.42,49.97,25.063,11.59,43.627,-0.327,0.003674,11.917
LFPG,2026-03-31,12,2026-03-30,12,24,10.1,100.0,14.52,10.27,62.352,3.36,0.004771,6.91
LFPG,2026-04-01,12,2026-03-31,12,24,9.5,100.0,4.927,9.67,67.433,3.943,0.004987,5.727
LFPG,2026-04-02,12,2026-04-01,12,24,10.204,59.179,2.186,10.374,78.324,6.791,0.006097,3.583
LFPG,2026-04-03,12,2026-04-02,12,24,11.251,99.99,19.843,11.421,59.208,3.729,0.004938,7.692
LFPG,2026-04-04,12,2026-04-03,12,24,15.792,100.0,17.206,15.962,62.113,8.666,0.006946,7.296
LFPG,2026-04-05,12,2026-04-04,12,24,13.538,99.069,23.062,13.708,46.079,2.353,0.004458,11.355
LFPG,2026-04-06,12,2026-04-05,12,24,14.722,93.356,9.527,14.892,45.744,3.324,0.004754,11.568
LFPG,2026-04-07,12,2026-04-06,12,24,19.539,4.755,15.319,19.709,43.702,7.082,0.006211,12.627
LFPG,2026-04-08,12,2026-04-07,12,24,20.75,0.528,10.443,20.92,37.211,5.811,0.005693,15.109
LFPG,2026-04-09,12,2026-04-08,12,24,22.059,99.889,6.579,22.229,37.196,6.915,0.006184,15.314
LFPG,2026-04-10,12,2026-04-09,12,24,12.999,100.0,5.265,13.169,36.795,-1.293,0.003438,14.462
LFPG,2026-04-11,12,2026-04-10,12,24,13.435,100.0,21.612,13.605,85.506,11.187,0.008317,2.418
LFPG,2026-04-12,12,2026-04-11,12,24,13.08,100.0,9.859,13.25,44.726,1.543,0.004235,11.707
LFPG,2026-04-13,12,2026-04-12,12,24,12.363,100.0,8.566,12.533,57.246,4.3,0.005169,8.233
LFPG,2026-04-14,12,2026-04-13,12,24,15.398,0.334,5.205,15.568,36.048,0.521,0.00393,15.047
LFPG,2026-04-15,12,2026-04-14,12,24,17.677,78.784,14.968,17.847,43.719,5.354,0.005526,12.493
LFPG,2026-04-16,12,2026-04-15,12,24,17.233,5.0,9.326,17.403,40.502,3.833,0.004957,13.57
LFPG,2026-04-17,12,2026-04-16,12,24,18.255,54.492,6.025,18.425,46.424,6.795,0.006091,11.63
LFPG,2026-04-18,12,2026-04-17,12,24,15.52,86.544,11.937,15.69,73.061,10.854,0.008046,4.836
LFPG,2026-04-19,12,2026-04-18,12,24,16.093,88.783,10.845,16.263,42.823,3.605,0.004865,12.658
LFPG,2026-04-20,12,2026-04-19,12,24,13.76,97.04,17.411,13.93,44.69,2.154,0.004405,11.776
LFPG,2026-04-21,12,2026-04-20,12,24,13.955,13.73,20.203,14.125,42.648,1.601,0.004245,12.524
LFPG,2026-04-22,12,2026-04-21,12,24,15.836,3.146,26.236,16.006,36.977,1.311,0.004147,14.695
LFPG,2026-04-23,12,2026-04-22,12,24,18.566,0.0,22.12,18.736,33.377,2.238,0.004425,16.498
LFPG,2026-04-24,12,2026-04-23,12,24,18.849,5.037,17.713,19.019,32.507,2.127,0.00441,16.892
LFPG,2026-04-25,12,2026-04-24,12,24,19.077,99.861,8.062,19.247,31.552,1.909,0.004339,17.338
LFPG,2026-04-26,12,2026-04-25,12,24,18.611,100.0,11.511,18.781,30.755,1.136,0.0041,17.645
LFPG,2026-04-27,12,2026-04-26,12,24,19.142,100.0,8.209,19.312,46.627,7.614,0.006454,11.698
LFPG,2026-04-28,12,2026-04-27,12,24,18.457,99.779,17.124,18.627,46.551,6.961,0.006199,11.666
LFPG,2026-04-29,12,2026-04-28,12,24,19.436,90.614,27.439,19.606,45.114,7.438,0.006383,12.168
LFPG,2026-04-30,12,2026-04-29,12,24,18.013,0.027,26.118,18.183,35.554,2.688,0.004584,15.495
LFPG,2026-05-01,12,2026-04-30,12,24,21.574,4.119,7.68,21.744,40.785,7.832,0.00656,13.912
LFPG,2026-05-02,12,2026-05-01,12,24,22.771,97.038,12.9,22.941,38.891,8.115,0.006738,14.826
LFPG,2026-05-03,12,2026-05-02,12,24,14.982,100.0,18.737,15.152,83.372,12.375,0.008956,2.777
LFPG,2026-05-04,12,2026-05-03,12,24,14.699,98.222,9.861,14.869,88.735,12.967,0.009332,1.902
LFPG,2026-05-05,12,2026-05-04,12,24,13.22,100.0,9.745,13.39,92.286,12.116,0.008873,1.274
LFPG,2026-05-06,12,2026-05-05,12,24,13.568,99.528,10.976,13.738,54.583,4.673,0.005317,9.065
LFPG,2026-05-07,12,2026-05-06,12,24,16.097,94.264,2.245,16.267,46.457,4.748,0.005329,11.519
LFPG,2026-05-08,12,2026-05-07,12,24,18.422,23.909,9.832,18.592,48.503,7.541,0.006456,11.051
LFPG,2026-05-09,12,2026-05-08,12,24,20.971,21.718,15.918,21.141,50.037,10.315,0.007811,10.826
LFPG,2026-05-10,12,2026-05-09,12,24,17.458,100.0,10.072,17.628,72.884,12.712,0.009193,4.916
LFPG,2026-05-11,12,2026-05-10,12,24,13.14,26.809,13.172,13.31,51.447,3.535,0.0049,9.775
LFPG,2026-05-12,12,2026-05-11,12,24,13.966,51.243,9.69,14.136,42.387,1.469,0.004217,12.667
LFPG,2026-05-13,12,2026-05-12,12,24,11.281,100.0,22.926,11.451,72.995,6.781,0.006163,4.67
LFPG,2026-05-14,12,2026-05-13,12,24,10.061,74.002,19.198,10.231,73.082,5.629,0.005728,4.602
LFPG,2026-05-15,12,2026-05-14,12,24,12.359,99.777,16.662,12.529,58.746,4.69,0.005336,7.839
LFPG,2026-05-16,12,2026-05-15,12,24,13.246,48.052,15.489,13.416,56.433,4.917,0.005413,8.499
LFPG,2026-05-17,12,2026-05-16,12,24,11.808,100.0,13.443,11.978,86.903,9.803,0.007542,2.175
LFPG,2026-05-18,12,2026-05-17,12,24,13.691,93.97,14.204,13.861,61.816,6.688,0.006068,7.173
LFPG,2026-05-19,12,2026-05-18,12,24,13.394,98.277,24.658,13.564,78.426,9.923,0.007581,3.641
LFPG,2026-05-20,12,2026-05-19,12,24,17.866,43.791,19.943,18.036,63.254,10.912,0.008057,7.124
LFPG,2026-05-21,12,2026-05-20,12,24,21.672,9.821,7.406,21.842,52.431,11.665,0.008436,10.177
LFPG,2026-05-22,12,2026-05-21,12,24,25.013,20.884,8.811,25.183,50.466,14.169,0.00994,11.014
LFPG,2026-05-23,12,2026-05-22,12,24,27.073,4.982,8.821,27.243,44.558,14.099,0.009909,13.144
LFPG,2026-05-24,12,2026-05-23,12,24,28.445,5.0,13.74,28.615,49.493,16.99,0.011909,11.625
LFPG,2026-05-25,12,2026-05-24,12,24,29.15,40.889,13.738,29.32,46.771,16.786,0.011729,12.534
LFPG,2026-05-26,12,2026-05-25,12,24,29.27,8.958,3.764,29.44,34.693,12.194,0.008771,17.246
LFPG,2026-05-27,12,2026-05-26,12,24,28.944,0.0,11.031,29.114,40.889,14.377,0.010162,14.737
LFPG,2026-05-28,12,2026-05-27,12,24,27.948,75.173,10.54,28.118,47.759,15.968,0.011243,12.15
LFPG,2026-05-29,12,2026-05-28,12,24,30.154,100.0,5.949,30.324,35.846,13.424,0.009529,16.9
LFPG,2026-05-30,12,2026-05-29,12,24,30.601,19.205,7.495,30.771,37.89,14.67,0.010421,16.101
LFPG,2026-05-31,12,2026-05-30,12,24,20.033,100.0,16.405,20.203,52.586,10.197,0.007718,10.006
LFPG,2026-06-01,12,2026-05-31,12,24,23.062,98.854,5.906,23.232,42.522,9.854,0.007532,13.378
LFPG,2026-06-02,12,2026-06-01,12,24,17.379,99.986,21.565,17.549,81.51,14.397,0.010254,3.152
LFPG,2026-06-03,12,2026-06-02,12,24,18.753,98.835,26.121,18.923,56.992,10.223,0.007801,8.7
LFPG,2026-06-04,12,2026-06-03,12,24,19.997,41.283,31.105,20.167,42.535,7.064,0.006327,13.103
LFPG,2026-06-05,12,2026-06-04,12,24,15.527,99.909,13.503,15.697,58.423,7.591,0.00648,8.106
LFPG,2026-06-06,12,2026-06-05,12,24,15.87,31.469,20.66,16.04,71.228,10.803,0.008075,5.237
LFPG,2026-06-07,12,2026-06-06,12,24,20.524,100.0,7.622,20.694,39.408,6.346,0.005922,14.348
LFPG,2026-06-08,12,2026-06-07,12,24,21.34,76.746,19.559,21.51,45.95,9.429,0.007348,12.081
LFPG,2026-06-09,12,2026-06-08,12,24,17.932,100.0,20.223,18.102,40.824,4.631,0.005248,13.471
LFPG,2026-06-10,12,2026-06-09,12,24,17.277,96.936,18.616,17.447,42.686,4.676,0.005277,12.771
LFPG,2026-06-11,12,2026-06-10,12,24,19.636,93.83,16.928,19.806,38.719,5.319,0.005511,14.487
LFPG,2026-06-12,12,2026-06-11,12,24,21.824,90.133,21.342,21.994,62.569,14.515,0.010197,7.479
LFPG,2026-06-13,12,2026-06-12,12,24,24.206,5.0,17.354,24.376,39.105,9.531,0.007359,14.845
LFPG,2026-06-14,12,2026-06-13,12,24,22.38,80.567,12.486,22.55,38.639,7.818,0.006555,14.732
LFPG,2026-06-15,12,2026-06-14,12,24,24.98,92.67,7.213,25.15,34.861,8.569,0.006935,16.581
LFPG,2026-06-16,12,2026-06-15,12,24,25.256,47.34,12.087,25.426,44.483,12.477,0.008994,12.949
LFPG,2026-06-17,12,2026-06-16,12,24,28.891,5.0,5.099,29.061,36.737,12.814,0.00917,16.247
LFPG,2026-06-18,12,2026-06-17,12,24,33.855,6.624,5.399,34.025,26.796,12.404,0.008946,21.621
LFPG,2026-06-19,12,2026-06-18,12,24,33.458,6.303,15.493,33.628,26.053,11.613,0.008548,22.015
LFPG,2026-06-20,12,2026-06-19,12,24,31.981,32.402,2.108,32.151,35.173,14.837,0.010472,17.314
LFPG,2026-06-21,12,2026-06-20,12,24,31.808,62.24,5.471,31.978,39.518,16.607,0.011659,15.371
LFPG,2026-06-22,12,2026-06-21,12,24,36.457,82.803,15.033,36.627,28.211,15.409,0.010853,21.218
LFPG,2026-06-23,12,2026-06-22,12,24,37.599,62.708,9.781,37.769,21.611,12.403,0.008907,25.366
LFPG,2026-06-24,12,2026-06-23,12,24,39.029,96.95,2.198,39.199,20.256,12.598,0.009048,26.601
LFPG,2026-06-25,12,2026-06-24,12,24,38.33,45.928,19.997,38.5,20.715,12.364,0.008928,26.136
LFPG,2026-06-26,12,2026-06-25,12,24,37.645,7.932,12.982,37.815,23.475,13.61,0.009702,24.205
LFPG,2026-06-27,12,2026-06-26,12,24,35.836,59.79,7.719,36.006,29.514,15.709,0.01109,20.297
LFPG,2026-06-28,12,2026-06-27,12,24,32.254,82.663,12.966,32.424,25.961,10.574,0.007918,21.85
LFPG,2026-06-29,12,2026-06-28,12,24,26.619,99.755,10.316,26.789,35.983,10.544,0.00784,16.245
LFPG,2026-06-30,12,2026-06-29,12,24,28.474,99.993,6.316,28.644,33.042,10.829,0.008036,17.815
LFPG,2026-07-01,12,2026-06-30,12,24,26.745,4.57,12.607,26.915,30.932,8.427,0.006822,18.488
LFPG,2026-07-02,12,2026-07-01,12,24,24.564,78.427,22.847,24.734,53.649,14.657,0.010327,10.077
LFPG,2026-07-03,12,2026-07-02,12,24,26.561,56.554,14.545,26.731,24.933,5.2,0.005413,21.531
LFPG,2026-07-04,12,2026-07-03,12,24,28.639,0.0,12.082,28.809,20.055,3.768,0.004916,25.041
LFPG,2026-07-05,12,2026-07-04,12,24,29.458,7.086,16.967,29.628,32.326,11.49,0.008348,18.138
LFPG,2026-07-06,12,2026-07-05,12,24,32.4,56.137,13.598,32.57,19.562,6.563,0.005997,26.007
LFPG,2026-07-07,12,2026-07-06,12,24,33.039,100.0,18.95,33.209,14.303,2.576,0.004565,30.633
LFPG,2026-07-08,12,2026-07-07,12,24,33.215,0.777,8.593,33.385,22.611,9.414,0.007317,23.971
LFPG,2026-07-09,12,2026-07-08,12,24,32.882,5.0,16.051,33.052,22.634,9.058,0.007176,23.994
LFPG,2026-07-10,12,2026-07-09,12,24,33.942,46.582,15.661,34.112,21.163,9.016,0.007152,25.096
LFPG,2026-07-11,12,2026-07-10,12,24,35.01,3.847,15.732,35.18,18.217,7.619,0.006505,27.561
LFPG,2026-07-12,12,2026-07-11,12,24,34.927,97.854,21.185,35.097,16.212,5.887,0.005756,29.21
LFPG,2026-07-13,12,2026-07-12,12,24,34.43,100.0,19.832,34.6,17.996,7.023,0.006223,27.577
LFPG,2026-07-14,12,2026-07-13,12,24,34.896,100.0,5.0,35.066,25.061,12.35,0.008946,22.716
LFPG,2026-07-15,12,2026-07-14,12,24,26.393,37.64,16.808,26.563,47.024,14.283,0.010103,12.28
LFPG,2026-07-16,12,2026-07-15,12,24,33.566,88.923,6.503,33.736,23.016,9.93,0.0076,23.806
LFPG,2026-07-17,12,2026-07-16,12,24,28.701,99.713,6.852,28.871,37.586,13.019,0.009356,15.852
LFPG,2026-07-18,12,2026-07-17,12,24,29.789,27.394,9.771,29.959,25.947,8.459,0.006883,21.5
LFPG,2026-07-19,12,2026-07-18,12,24,23.907,100.0,14.45,24.077,27.956,4.559,0.005209,19.518
LFPG,2026-07-20,12,2026-07-19,12,24,23.702,100.0,15.819,23.872,26.673,3.675,0.004891,20.197
LFPG,2026-07-21,12,2026-07-20,12,24,25.439,3.956,14.088,25.609,24.96,4.2,0.005064,21.409
LFPG,2026-07-22,12,2026-07-21,12,24,25.253,100.0,14.887,25.423,34.684,8.819,0.006981,16.604
LFPG,2026-07-23,12,2026-07-22,12,24,24.254,6.946,17.971,24.424,34.863,8.027,0.006619,16.397
LFPG,2026-07-24,12,2026-07-23,12,24,27.135,100.0,12.176,27.305,31.208,8.98,0.007091,18.325
LFPG,2026-07-25,12,2026-07-24,12,24,30.559,50.574,10.408,30.729,24.916,8.502,0.006936,22.227
LFPG,2026-07-26,12,2026-07-25,12,24,21.606,99.972,18.919,21.776,63.488,14.54,0.010356,7.236
LFPG,2026-07-27,12,2026-07-26,12,24,26.487,4.505,14.152,26.657,30.538,8.043,0.006661,18.614
LFPG,2026-07-28,12,2026-07-27,12,24,31.12,0.0,3.966,31.29,23.375,8.123,0.006686,23.167
LFPG,2026-07-29,12,2026-07-28,12,24,36.294,0.0,12.574,36.464,14.909,5.806,0.00574,30.658
LFPG,2026-07-30,12,2026-07-29,12,24,27.288,1.077,9.543,27.458,39.212,12.419,0.008967,15.039
LFPG,2026-07-31,12,2026-07-30,12,24,29.04,27.639,10.257,29.21,33.626,11.672,0.008531,17.538
DSM,2025-08-01,18,2025-07-31,18,24,21.517,43.777,15.826,21.628,58.419,13.126,0.009492,8.502
DSM,2025-08-02,18,2025-08-01,18,24,23.011,93.019,12.431,23.122,64.386,16.124,0.011509,6.998
DSM,2025-08-03,18,2025-08-02,18,24,23.23,98.594,16.322,23.341,52.702,13.196,0.009592,10.145
DSM,2025-08-04,18,2025-08-03,18,24,23.331,13.624,11.658,23.442,60.224,15.379,0.011051,8.063
DSM,2025-08-05,18,2025-08-04,18,24,25.814,6.248,13.204,25.925,63.234,18.455,0.013407,7.47
DSM,2025-08-06,18,2025-08-05,18,24,25.367,100.0,19.407,25.478,74.56,20.643,0.015438,4.835
DSM,2025-08-07,18,2025-08-06,18,24,29.287,100.0,22.853,29.398,59.658,20.816,0.015689,8.582
DSM,2025-08-08,18,2025-08-07,18,24,31.478,0.642,29.849,31.589,56.676,21.926,0.016922,9.663
DSM,2025-08-09,18,2025-08-08,18,24,30.67,89.393,11.308,30.781,55.836,20.939,0.015915,9.842
DSM,2025-08-10,18,2025-08-09,18,24,24.59,100.0,10.422,24.701,80.985,21.182,0.016029,3.519
DSM,2025-08-11,18,2025-08-10,18,24,27.44,63.451,8.877,27.551,70.001,21.624,0.016529,5.927
DSM,2025-08-12,18,2025-08-11,18,24,25.82,100.0,9.207,25.931,68.974,19.794,0.014762,6.137
DSM,2025-08-13,18,2025-08-12,18,24,26.61,3.428,6.937,26.721,54.716,16.834,0.012209,9.887
DSM,2025-08-14,18,2025-08-13,18,24,27.382,39.6,17.484,27.493,56.414,18.07,0.01318,9.423
DSM,2025-08-15,18,2025-08-14,18,24,30.138,84.285,19.857,30.249,59.313,21.482,0.016305,8.767
DSM,2025-08-16,18,2025-08-15,18,24,34.286,6.607,19.129,34.397,47.663,21.701,0.016606,12.696
DSM,2025-08-17,18,2025-08-16,18,24,34.689,53.084,18.934,34.8,41.877,19.874,0.014875,14.926
DSM,2025-08-18,18,2025-08-17,18,24,34.294,90.293,17.296,34.405,45.256,20.936,0.015844,13.469
DSM,2025-08-19,18,2025-08-18,18,24,29.865,88.847,13.077,29.976,57.116,20.531,0.015374,9.445
DSM,2025-08-20,18,2025-08-19,18,24,28.902,0.0,15.292,29.013,53.304,18.553,0.013562,10.46
DSM,2025-08-21,18,2025-08-20,18,24,27.003,5.089,13.184,27.114,56.45,17.74,0.012892,9.374
DSM,2025-08-22,18,2025-08-21,18,24,28.735,84.354,11.28,28.846,45.56,15.947,0.011492,12.899
DSM,2025-08-23,18,2025-08-22,18,24,23.746,4.756,26.151,23.857,43.208,10.616,0.008113,13.241
DSM,2025-08-24,18,2025-08-23,18,24,22.685,0.703,20.916,22.796,38.014,7.718,0.006668,15.078
DSM,2025-08-25,18,2025-08-24,18,24,21.166,0.0,18.399,21.277,39.34,6.879,0.006272,14.398
DSM,2025-08-26,18,2025-08-25,18,24,24.297,0.0,1.354,24.408,33.837,7.36,0.006482,17.048
DSM,2025-08-27,18,2025-08-26,18,24,27.799,98.508,18.472,27.91,30.071,8.825,0.007182,19.085
DSM,2025-08-28,18,2025-08-27,18,24,28.348,3.175,5.107,28.459,34.5,11.257,0.008472,17.202
DSM,2025-08-29,18,2025-08-28,18,24,28.817,100.0,3.68,28.928,36.988,12.571,0.009249,16.357
DSM,2025-08-30,18,2025-08-29,18,24,29.07,65.665,13.493,29.181,36.16,12.496,0.009223,16.685
DSM,2025-08-31,18,2025-08-30,18,24,18.5,99.934,7.353,18.611,86.472,16.33,0.01172,2.281
DSM,2025-09-01,18,2025-08-31,18,24,16.491,97.786,11.644,16.602,91.07,15.085,0.010826,1.517
DSM,2025-09-02,18,2025-09-01,18,24,26.195,65.909,5.669,26.306,37.953,10.75,0.008204,15.556
DSM,2025-09-03,18,2025-09-02,18,24,22.778,93.907,19.03,22.889,53.783,13.075,0.009595,9.814
DSM,2025-09-04,18,2025-09-03,18,24,22.375,4.119,17.623,22.486,29.023,3.709,0.005074,18.777
DSM,2025-09-05,18,2025-09-04,18,24,17.811,4.016,28.117,17.922,36.665,2.961,0.0048,14.961
DSM,2025-09-06,18,2025-09-05,18,24,19.73,4.752,18.633,19.841,29.103,1.326,0.004254,18.515
DSM,2025-09-07,18,2025-09-06,18,24,21.542,0.0,4.77,21.653,28.979,2.7,0.004684,18.953
DSM,2025-09-08,18,2025-09-07,18,24,26.567,100.0,27.251,26.678,26.369,5.898,0.005863,20.78
DSM,2025-09-09,18,2025-09-08,18,24,22.023,93.295,20.79,22.134,47.807,10.584,0.008119,11.55
DSM,2025-09-10,18,2025-09-09,18,24,28.896,0.0,7.757,29.007,40.2,14.111,0.010209,14.896
DSM,2025-09-11,18,2025-09-10,18,24,29.379,100.0,14.613,29.49,31.933,11.076,0.008349,18.414
DSM,2025-09-12,18,2025-09-11,18,24,34.384,100.0,25.279,34.495,23.583,10.878,0.00828,23.617
DSM,2025-09-13,18,2025-09-12,18,24,37.462,23.845,19.779,37.573,21.286,12.009,0.008924,25.564
DSM,2025-09-14,18,2025-09-13,18,24,34.774,97.197,16.021,34.885,27.973,13.879,0.010102,21.006
DSM,2025-09-15,18,2025-09-14,18,24,34.038,21.501,14.858,34.149,28.136,13.213,0.009669,20.936
DSM,2025-09-16,18,2025-09-15,18,24,28.739,100.0,7.771,28.85,48.025,16.834,0.012151,12.016
DSM,2025-09-17,18,2025-09-16,18,24,28.942,61.678,10.989,29.053,47.574,16.806,0.01217,12.247
DSM,2025-09-18,18,2025-09-17,18,24,24.19,100.0,9.961,24.301,69.363,18.384,0.013471,5.917
DSM,2025-09-19,18,2025-09-18,18,24,23.764,63.3,14.676,23.875,61.168,16.007,0.011572,7.868
DSM,2025-09-20,18,2025-09-19,18,24,18.208,55.62,9.87,18.319,86.848,15.989,0.011546,2.33
DSM,2025-09-21,18,2025-09-20,18,24,24.689,99.956,8.735,24.8,53.975,14.888,0.010811,9.912
DSM,2025-09-22,18,2025-09-21,18,24,27.656,15.394,14.867,27.767,52.867,17.281,0.012636,10.486
DSM,2025-09-23,18,2025-09-22,18,24,21.624,100.0,6.754,21.735,76.628,17.457,0.012721,4.278
DSM,2025-09-24,18,2025-09-23,18,24,23.079,28.972,11.974,23.19,57.269,14.359,0.010359,8.831
DSM,2025-09-25,18,2025-09-24,18,24,23.645,0.0,7.544,23.756,48.924,12.428,0.009153,11.328
DSM,2025-09-26,18,2025-09-25,18,24,27.415,0.0,10.877,27.526,36.951,11.573,0.008695,15.953
DSM,2025-09-27,18,2025-09-26,18,24,28.782,0.0,19.259,28.893,36.25,12.619,0.009286,16.274
DSM,2025-09-28,18,2025-09-27,18,24,25.35,0.0,10.436,25.461,46.038,13.095,0.009534,12.366
DSM,2025-09-29,18,2025-09-28,18,24,28.985,100.0,16.174,29.096,43.547,15.542,0.011169,13.554
DSM,2025-09-30,18,2025-09-29,18,24,28.165,94.941,12.834,28.276,33.216,10.677,0.008128,17.599
DSM,2025-10-01,18,2025-09-30,18,24,29.378,100.0,16.341,29.489,32.585,11.409,0.008556,18.08
DSM,2025-10-02,18,2025-10-01,18,24,29.625,0.0,17.924,29.736,34.569,12.575,0.009237,17.161
DSM,2025-10-03,18,2025-10-02,18,24,30.478,0.0,18.013,30.589,38.025,14.74,0.010617,15.849
DSM,2025-10-04,18,2025-10-03,18,24,30.085,0.011,31.853,30.196,34.15,12.752,0.00939,17.444
DSM,2025-10-05,18,2025-10-04,18,24,29.032,49.801,33.298,29.143,32.938,11.297,0.008531,17.846
DSM,2025-10-06,18,2025-10-05,18,24,13.31,100.0,15.401,13.421,93.335,12.327,0.009101,1.094
DSM,2025-10-07,18,2025-10-06,18,24,17.995,0.0,14.561,18.106,43.524,5.58,0.005713,12.526
DSM,2025-10-08,18,2025-10-07,18,24,18.737,0.0,10.858,18.848,42.079,5.731,0.005761,13.117
DSM,2025-10-09,18,2025-10-08,18,24,20.35,15.392,24.684,20.461,33.884,4.083,0.005132,16.378
DSM,2025-10-10,18,2025-10-09,18,24,22.574,0.0,13.977,22.685,56.2,13.547,0.0098,9.138
DSM,2025-10-11,18,2025-10-10,18,24,17.504,100.0,13.19,17.615,36.205,2.574,0.004631,15.041
DSM,2025-10-12,18,2025-10-11,18,24,24.501,56.687,32.446,24.612,45.165,12.011,0.008993,12.601
DSM,2025-10-13,18,2025-10-12,18,24,21.736,0.0,22.752,21.847,46.245,9.838,0.007691,12.009
DSM,2025-10-14,18,2025-10-13,18,24,14.43,99.729,13.781,14.541,62.27,7.456,0.006496,7.085
DSM,2025-10-15,18,2025-10-14,18,24,16.537,100.0,10.996,16.648,76.209,12.45,0.009125,4.198
DSM,2025-10-16,18,2025-10-15,18,24,24.86,48.114,24.421,24.971,55.704,15.618,0.011257,9.353
DSM,2025-10-17,18,2025-10-16,18,24,25.334,100.0,28.678,25.445,41.258,11.411,0.008661,14.034
DSM,2025-10-18,18,2025-10-17,18,24,23.497,100.0,12.149,23.608,26.628,3.421,0.005007,20.187
DSM,2025-10-19,18,2025-10-18,18,24,15.215,0.138,25.174,15.326,29.669,-2.322,0.003279,17.648
DSM,2025-10-20,18,2025-10-19,18,24,19.059,65.307,27.403,19.17,30.162,1.335,0.004314,17.835
DSM,2025-10-21,18,2025-10-20,18,24,11.304,81.547,38.074,11.415,39.949,-1.714,0.00342,13.129
DSM,2025-10-22,18,2025-10-21,18,24,13.581,10.825,22.075,13.692,29.308,-3.818,0.002914,17.51
DSM,2025-10-23,18,2025-10-22,18,24,13.666,0.562,8.193,13.777,35.828,-1.058,0.00356,14.835
DSM,2025-10-24,18,2025-10-23,18,24,14.249,100.0,20.026,14.36,35.308,-0.755,0.003638,15.115
DSM,2025-10-25,18,2025-10-24,18,24,14.904,77.027,19.154,15.015,42.749,2.494,0.004608,12.521
DSM,2025-10-26,18,2025-10-25,18,24,13.737,58.388,18.872,13.848,49.004,3.343,0.004889,10.505
DSM,2025-10-27,18,2025-10-26,18,24,9.951,100.0,17.292,10.062,65.208,3.823,0.00508,6.239
DSM,2025-10-28,18,2025-10-27,18,24,8.755,100.0,14.43,8.866,74.047,4.504,0.005346,4.362
DSM,2025-10-29,18,2025-10-28,18,24,9.367,59.528,24.008,9.478,69.337,4.122,0.005177,5.356
DSM,2025-10-30,18,2025-10-29,18,24,10.649,84.92,16.653,10.76,53.001,1.585,0.004342,9.175
DSM,2025-10-31,18,2025-10-30,18,24,10.942,5.0,24.171,11.053,43.732,-0.78,0.003663,11.833
DSM,2025-11-01,18,2025-10-31,18,24,6.053,87.806,17.49,6.164,74.983,2.061,0.004474,4.103
DSM,2025-11-02,18,2025-11-01,18,24,10.134,0.638,25.596,10.245,48.815,-0.016,0.003849,10.261
DSM,2025-11-03,18,2025-11-02,18,24,14.835,0.141,15.71,14.946,27.88,-3.396,0.002987,18.342
DSM,2025-11-04,18,2025-11-03,18,24,16.744,0.0,20.401,16.855,52.202,7.032,0.006378,9.823
DSM,2025-11-05,18,2025-11-04,18,24,12.983,0.0,25.318,13.094,36.329,-1.477,0.003452,14.571
DSM,2025-11-06,18,2025-11-05,18,24,13.668,99.29,29.193,13.779,29.566,-3.667,0.002959,17.446
DSM,2025-11-07,18,2025-11-06,18,24,16.452,0.156,23.984,16.563,33.288,0.406,0.004029,16.157
DSM,2025-11-08,18,2025-11-07,18,24,1.589,100.0,10.495,1.7,98.988,1.556,0.004352,0.144
DSM,2025-11-09,18,2025-11-08,18,24,-1.721,4.719,28.487,-1.61,46.298,-11.684,0.001566,10.074
DSM,2025-11-10,18,2025-11-09,18,24,0.491,3.594,13.97,0.602,40.086,-11.46,0.001595,12.062
DSM,2025-11-11,18,2025-11-10,18,24,9.977,81.27,20.607,10.088,40.474,-2.738,0.003193,12.826
DSM,2025-11-12,18,2025-11-11,18,24,12.345,9.254,20.586,12.456,37.207,-1.728,0.003398,14.184
DSM,2025-11-13,18,2025-11-12,18,24,15.692,19.791,19.553,15.803,41.671,2.843,0.004739,12.96
DSM,2025-11-14,18,2025-11-13,18,24,21.114,2.695,18.979,21.225,46.486,9.357,0.0075,11.868
DSM,2025-11-15,18,2025-11-14,18,24,19.493,6.682,23.605,19.604,39.882,5.662,0.005848,13.942
DSM,2025-11-16,18,2025-11-15,18,24,9.272,67.698,9.096,9.383,22.72,-10.814,0.001696,20.197
DSM,2025-11-17,18,2025-11-16,18,24,11.465,99.349,27.013,11.576,24.23,-8.133,0.002104,19.709
DSM,2025-11-18,18,2025-11-17,18,24,10.258,95.501,16.963,10.369,64.782,4.036,0.005193,6.333
DSM,2025-11-19,18,2025-11-18,18,24,9.403,65.056,8.182,9.514,65.284,3.337,0.004895,6.177
DSM,2025-11-20,18,2025-11-19,18,24,13.817,100.0,8.661,13.928,56.929,5.571,0.005758,8.357
DSM,2025-11-21,18,2025-11-20,18,24,8.262,100.0,13.965,8.373,43.425,-3.315,0.003032,11.688
DSM,2025-11-22,18,2025-11-21,18,24,13.631,100.0,23.148,13.742,39.202,0.145,0.003914,13.597
DSM,2025-11-23,18,2025-11-22,18,24,12.892,0.0,11.89,13.003,37.888,-0.975,0.00359,13.978
DSM,2025-11-24,18,2025-11-23,18,24,9.705,100.0,14.338,9.816,81.814,6.858,0.006306,2.958
DSM,2025-11-25,18,2025-11-24,18,24,12.672,99.813,26.072,12.783,70.643,7.603,0.006678,5.18
DSM,2025-11-26,18,2025-11-25,18,24,2.75,0.0,36.04,2.861,39.356,-9.589,0.001861,12.45
DSM,2025-11-27,18,2025-11-26,18,24,1.004,0.0,22.35,1.115,38.413,-11.487,0.001588,12.602
DSM,2025-11-28,18,2025-11-27,18,24,-1.921,99.994,6.172,-1.81,42.908,-12.783,0.001431,10.973
DSM,2025-11-29,18,2025-11-28,18,24,-1.295,100.0,14.913,-1.184,97.84,-1.518,0.003478,0.334
DSM,2025-11-30,18,2025-11-29,18,24,-8.729,74.331,22.759,-8.618,87.58,-10.762,0.001683,2.144
DSM,2025-12-01,18,2025-11-30,18,24,-6.905,100.0,6.631,-6.794,93.559,-7.944,0.002114,1.15
DSM,2025-12-02,18,2025-12-01,18,24,-3.867,100.0,13.306,-3.756,83.793,-6.175,0.002445,2.419
DSM,2025-12-03,18,2025-12-02,18,24,-5.679,84.101,23.267,-5.568,85.205,-7.853,0.002134,2.285
DSM,2025-12-04,18,2025-12-03,18,24,-12.924,0.91,10.361,-12.813,76.0,-17.092,0.001004,4.279
DSM,2025-12-05,18,2025-12-04,18,24,-0.614,5.19,16.83,-0.503,87.628,-2.297,0.003289,1.794
DSM,2025-12-06,18,2025-12-05,18,24,-4.166,100.0,10.063,-4.055,89.631,-5.605,0.002558,1.55
DSM,2025-12-07,18,2025-12-06,18,24,-8.964,53.633,16.626,-8.853,79.409,-12.213,0.001505,3.36
DSM,2025-12-08,18,2025-12-07,18,24,-6.357,100.0,17.216,-6.246,81.11,-9.184,0.001922,2.938
DSM,2025-12-09,18,2025-12-08,18,24,1.787,100.0,12.243,1.898,99.719,1.85,0.004487,0.048
DSM,2025-12-10,18,2025-12-09,18,24,-1.734,97.841,30.988,-1.623,74.74,-5.561,0.002563,3.938
DSM,2025-12-11,18,2025-12-10,18,24,-3.604,100.0,14.496,-3.493,71.225,-8.095,0.002116,4.602
DSM,2025-12-12,18,2025-12-11,18,24,-3.906,95.426,14.433,-3.795,86.578,-5.79,0.0025,1.995
DSM,2025-12-13,18,2025-12-12,18,24,-12.587,100.0,14.52,-12.476,91.872,-14.41,0.001254,1.934
DSM,2025-12-14,18,2025-12-13,18,24,-16.144,9.312,6.329,-16.033,77.122,-20.572,0.00074,4.539
DSM,2025-12-15,18,2025-12-14,18,24,-0.313,100.0,14.631,-0.202,76.576,-3.842,0.002919,3.64
DSM,2025-12-16,18,2025-12-15,18,24,2.502,72.591,11.558,2.613,99.813,2.582,0.004697,0.031
DSM,2025-12-17,18,2025-12-16,18,24,2.811,100.0,12.817,2.922,90.343,1.47,0.004314,1.452
DSM,2025-12-18,18,2025-12-17,18,24,2.391,5.0,41.537,2.502,53.613,-5.983,0.002527,8.485
DSM,2025-12-19,18,2025-12-18,18,24,-2.532,100.0,12.344,-2.421,31.228,-17.2,0.001009,14.779
DSM,2025-12-20,18,2025-12-19,18,24,3.451,98.969,21.997,3.562,55.917,-4.399,0.002798,7.961
DSM,2025-12-21,18,2025-12-20,18,24,4.154,83.897,19.197,4.265,38.421,-8.645,0.001993,12.91
DSM,2025-12-22,18,2025-12-21,18,24,7.554,100.0,21.844,7.665,64.566,1.409,0.004295,6.256
DSM,2025-12-23,18,2025-12-22,18,24,6.954,100.0,14.707,7.065,58.163,-0.597,0.003684,7.662
DSM,2025-12-24,18,2025-12-23,18,24,6.189,100.0,7.356,6.3,80.65,3.216,0.004874,3.084
DSM,2025-12-25,18,2025-12-24,18,24,10.349,61.868,19.36,10.46,75.894,6.402,0.006103,4.058
DSM,2025-12-26,18,2025-12-25,18,24,11.607,0.141,14.186,11.718,58.779,3.944,0.005165,7.774
DSM,2025-12-27,18,2025-12-26,18,24,12.825,96.581,20.133,12.936,60.779,5.552,0.005795,7.384
DSM,2025-12-28,18,2025-12-27,18,24,-1.414,100.0,37.13,-1.303,89.356,-2.846,0.003168,1.543
DSM,2025-12-29,18,2025-12-28,18,24,-8.224,14.07,32.451,-8.113,63.121,-14.279,0.001269,6.166
DSM,2025-12-30,18,2025-12-29,18,24,-1.581,100.0,16.381,-1.47,53.133,-9.761,0.001836,8.291
DSM,2025-12-31,18,2025-12-30,18,24,2.651,86.485,16.325,2.762,76.574,-0.94,0.003618,3.702
DSM,2026-01-01,18,2025-12-31,18,24,-3.765,0.194,5.308,-3.654,50.092,-12.593,0.001474,8.939
DSM,2026-01-02,18,2026-01-01,18,24,-3.37,100.0,11.346,-3.259,57.552,-10.501,0.001746,7.242
DSM,2026-01-03,18,2026-01-02,18,24,-0.905,8.52,6.479,-0.794,48.256,-10.365,0.001757,9.571
DSM,2026-01-04,18,2026-01-03,18,24,2.92,100.0,22.092,3.031,58.479,-4.316,0.002813,7.347
DSM,2026-01-05,18,2026-01-04,18,24,7.884,100.0,9.373,7.995,67.636,2.388,0.004638,5.607
DSM,2026-01-06,18,2026-01-05,18,24,7.882,0.0,17.931,7.993,63.694,1.553,0.00437,6.44
DSM,2026-01-07,18,2026-01-06,18,24,11.365,0.0,19.953,11.476,40.396,-1.483,0.003504,12.959
DSM,2026-01-08,18,2026-01-07,18,24,5.933,100.0,11.839,6.044,96.779,5.538,0.005851,0.506
DSM,2026-01-09,18,2026-01-08,18,24,4.208,0.0,12.69,4.319,55.29,-3.842,0.002904,8.161
DSM,2026-01-10,18,2026-01-09,18,24,1.572,100.0,13.243,1.683,46.867,-8.423,0.002038,10.106
DSM,2026-01-11,18,2026-01-10,18,24,-0.671,97.938,9.899,-0.56,40.798,-12.245,0.001493,11.685
DSM,2026-01-12,18,2026-01-11,18,24,7.904,100.0,13.724,8.015,44.663,-3.285,0.003026,11.3
DSM,2026-01-13,18,2026-01-12,18,24,9.021,100.0,22.282,9.132,60.599,1.924,0.004487,7.208
DSM,2026-01-14,18,2026-01-13,18,24,-2.962,2.656,31.689,-2.851,34.17,-16.504,0.001062,13.653
DSM,2026-01-15,18,2026-01-14,18,24,-0.302,99.264,20.559,-0.191,24.348,-18.176,0.000932,17.985
DSM,2026-01-16,18,2026-01-15,18,24,0.338,72.973,32.692,0.449,39.872,-11.621,0.00161,12.07
DSM,2026-01-17,18,2026-01-16,18,24,-10.638,100.0,30.31,-10.527,61.597,-17.117,0.001008,6.59
DSM,2026-01-18,18,2026-01-17,18,24,-3.741,90.033,24.387,-3.63,35.531,-16.79,0.00105,13.16
DSM,2026-01-19,18,2026-01-18,18,24,-12.022,2.336,20.839,-11.911,45.946,-21.98,0.00066,10.069
DSM,2026-01-20,18,2026-01-19,18,24,-6.861,100.0,6.455,-6.75,45.779,-16.758,0.001035,10.008
DSM,2026-01-21,18,2026-01-20,18,24,0.463,2.256,26.926,0.574,59.027,-6.572,0.002381,7.146
DSM,2026-01-22,18,2026-01-21,18,24,-0.844,89.843,29.051,-0.733,41.558,-12.173,0.001507,11.44
DSM,2026-01-23,18,2026-01-22,18,24,-19.618,100.0,17.685,-19.507,30.593,-34.525,0.000205,15.018
DSM,2026-01-24,18,2026-01-23,18,24,-16.425,100.0,6.769,-16.314,37.235,-28.986,0.000348,12.672
DSM,2026-01-25,18,2026-01-24,18,24,-12.166,88.778,16.991,-12.055,36.292,-24.807,0.000515,12.752
DSM,2026-01-26,18,2026-01-25,18,24,-10.694,5.0,19.559,-10.583,32.129,-24.679,0.000521,14.096
DSM,2026-01-27,18,2026-01-26,18,24,-7.351,0.006,22.715,-7.24,38.669,-19.237,0.000839,11.997
DSM,2026-01-28,18,2026-01-27,18,24,-5.155,84.995,15.523,-5.044,29.907,-20.137,0.000779,15.093
DSM,2026-01-29,18,2026-01-28,18,24,-9.132,100.0,7.77,-9.021,49.096,-18.217,0.000915,9.196
DSM,2026-01-30,18,2026-01-29,18,24,-11.131,100.0,20.967,-11.02,50.689,-19.925,0.000786,8.905
DSM,2026-01-31,18,2026-01-30,18,24,-8.452,0.0,6.887,-8.341,45.581,-18.388,0.000894,10.047
DSM,2026-02-01,18,2026-01-31,18,24,-3.017,99.545,15.655,-2.906,70.486,-7.558,0.002188,4.652
DSM,2026-02-02,18,2026-02-01,18,24,-0.306,100.0,4.198,-0.195,55.126,-8.104,0.002096,7.909
DSM,2026-02-03,18,2026-02-02,18,24,-1.9,5.0,11.584,-1.789,46.148,-11.871,0.001551,10.082
DSM,2026-02-04,18,2026-02-03,18,24,-0.979,40.229,5.232,-0.868,43.174,-11.807,0.001548,10.939
DSM,2026-02-05,18,2026-02-04,18,24,6.283,100.0,21.215,6.394,51.212,-2.972,0.003124,9.366
DSM,2026-02-06,18,2026-02-05,18,24,4.014,70.938,29.853,4.125,60.039,-2.935,0.003107,7.06
DSM,2026-02-07,18,2026-02-06,18,24,1.059,55.094,17.408,1.17,39.163,-11.144,0.001635,12.314
DSM,2026-02-08,18,2026-02-07,18,24,4.672,92.749,11.574,4.783,64.362,-1.361,0.003497,6.144
DSM,2026-02-09,18,2026-02-08,18,24,9.632,100.0,20.939,9.743,53.161,0.645,0.004074,9.098
DSM,2026-02-10,18,2026-02-09,18,24,6.351,99.625,22.736,6.462,52.71,-2.458,0.003214,8.92
DSM,2026-02-11,18,2026-02-10,18,24,6.453,4.917,8.046,6.564,40.676,-5.809,0.002482,12.373
DSM,2026-02-12,18,2026-02-11,18,24,8.733,99.389,16.919,8.844,40.888,-3.721,0.002927,12.565
DSM,2026-02-13,18,2026-02-12,18,24,10.608,0.141,6.265,10.719,44.936,-0.746,0.003664,11.465
DSM,2026-02-14,18,2026-02-13,18,24,10.151,100.0,10.634,10.262,47.035,-0.548,0.003729,10.81
DSM,2026-02-15,18,2026-02-14,18,24,14.098,3.194,9.57,14.209,39.839,0.82,0.004103,13.389
DSM,2026-02-16,18,2026-02-15,18,24,15.926,100.0,19.518,16.037,46.85,4.754,0.00545,11.283
DSM,2026-02-17,18,2026-02-16,18,24,16.427,26.106,32.188,16.538,55.951,7.769,0.006804,8.769
DSM,2026-02-18,18,2026-02-17,18,24,15.204,4.661,32.256,15.315,15.16,-10.957,0.001702,26.272
DSM,2026-02-19,18,2026-02-18,18,24,7.163,100.0,22.386,7.274,35.439,-7.015,0.002327,14.289
DSM,2026-02-20,18,2026-02-19,18,24,-4.872,94.942,23.284,-4.761,80.067,-7.812,0.002159,3.051
DSM,2026-02-21,18,2026-02-20,18,24,-4.974,100.0,16.544,-4.863,78.671,-8.147,0.002077,3.284
DSM,2026-02-22,18,2026-02-21,18,24,-7.261,99.412,29.249,-7.15,70.918,-11.808,0.001537,4.658
DSM,2026-02-23,18,2026-02-22,18,24,-7.927,5.0,3.221,-7.816,70.854,-12.556,0.001451,4.74
DSM,2026-02-24,18,2026-02-23,18,24,3.57,100.0,15.297,3.681,81.22,0.802,0.00417,2.879
DSM,2026-02-25,18,2026-02-24,18,24,2.032,74.517,9.182,2.143,58.929,-5.038,0.002681,7.181
DSM,2026-02-26,18,2026-02-25,18,24,8.18,0.416,18.321,8.291,67.538,2.578,0.004692,5.713
DSM,2026-02-27,18,2026-02-26,18,24,15.81,3.404,23.92,15.921,36.483,1.068,0.004218,14.853
DSM,2026-02-28,18,2026-02-27,18,24,3.806,4.065,19.143,3.917,34.256,-10.393,0.00175,14.31
DSM,2026-03-01,18,2026-02-28,18,24,-0.502,100.0,15.217,-0.391,48.027,-10.065,0.00178,9.674
DSM,2026-03-02,18,2026-03-01,18,24,5.774,100.0,16.43,5.885,57.316,-1.943,0.003341,7.828
DSM,2026-03-03,18,2026-03-02,18,24,5.416,100.0,8.8,5.527,83.662,2.981,0.00479,2.546
DSM,2026-03-04,18,2026-03-03,18,24,9.665,99.38,11.493,9.776,66.94,3.929,0.005124,5.847
DSM,2026-03-05,18,2026-03-04,18,24,13.087,33.668,7.565,13.198,67.16,7.25,0.006476,5.948
DSM,2026-03-06,18,2026-03-05,18,24,19.241,100.0,30.188,19.352,76.412,15.113,0.01104,4.239
DSM,2026-03-07,18,2026-03-06,18,24,7.136,37.204,25.362,7.247,59.995,0.013,0.003876,7.234
DSM,2026-03-08,18,2026-03-07,18,24,15.061,0.547,21.298,15.172,38.981,1.402,0.004306,13.77
DSM,2026-03-09,18,2026-03-08,18,24,19.1,0.0,15.497,19.211,38.06,4.639,0.005447,14.572
DSM,2026-03-10,18,2026-03-09,18,24,19.111,0.0,14.402,19.222,48.404,8.137,0.006938,11.085
DSM,2026-03-11,18,2026-03-10,18,24,4.84,55.123,33.288,4.951,55.762,-3.15,0.003062,8.101
DSM,2026-03-12,18,2026-03-11,18,24,7.361,100.0,28.035,7.472,43.337,-4.155,0.002842,11.627
DSM,2026-03-13,18,2026-03-12,18,24,6.787,76.341,28.922,6.898,37.126,-6.686,0.002346,13.584
DSM,2026-03-14,18,2026-03-13,18,24,8.53,100.0,26.457,8.641,36.786,-5.299,0.002611,13.94
DSM,2026-03-15,18,2026-03-14,18,24,1.245,100.0,40.364,1.356,78.149,-2.015,0.003407,3.371
DSM,2026-03-16,18,2026-03-15,18,24,-8.56,100.0,34.665,-8.449,60.286,-15.192,0.001184,6.743
DSM,2026-03-17,18,2026-03-16,18,24,-5.497,100.0,15.118,-5.386,41.589,-16.502,0.00106,11.116
DSM,2026-03-18,18,2026-03-17,18,24,10.238,97.235,7.607,10.349,57.417,2.34,0.004593,8.009
DSM,2026-03-19,18,2026-03-18,18,24,14.296,4.983,8.717,14.407,59.084,6.603,0.006159,7.804
DSM,2026-03-20,18,2026-03-19,18,24,22.918,37.246,10.992,23.029,34.426,6.551,0.006182,16.478
DSM,2026-03-21,18,2026-03-20,18,24,26.586,2.59,23.702,26.697,28.578,7.083,0.006455,19.614
DSM,2026-03-22,18,2026-03-21,18,24,11.929,100.0,35.325,12.04,52.518,2.693,0.004693,9.347
DSM,2026-03-23,18,2026-03-22,18,24,8.271,100.0,12.875,8.382,37.827,-5.169,0.002604,13.551
DSM,2026-03-24,18,2026-03-23,18,24,10.626,100.0,13.693,10.737,45.773,-0.462,0.003719,11.199
DSM,2026-03-25,18,2026-03-24,18,24,22.152,96.06,22.277,22.263,50.582,11.573,0.008729,10.69
DSM,2026-03-26,18,2026-03-25,18,24,22.034,85.33,26.044,22.145,50.283,11.367,0.008637,10.778
DSM,2026-03-27,18,2026-03-26,18,24,8.105,1.596,26.965,8.216,28.607,-8.976,0.001935,17.192
DSM,2026-03-28,18,2026-03-27,18,24,10.575,4.962,30.788,10.686,21.221,-10.584,0.001711,21.27
DSM,2026-03-29,18,2026-03-28,18,24,16.893,100.0,27.242,17.004,45.804,5.278,0.005655,11.726
DSM,2026-03-30,18,2026-03-29,18,24,25.877,5.0,19.628,25.988,37.963,10.617,0.008198,15.371
DSM,2026-03-31,18,2026-03-30,18,24,13.046,96.634,24.791,13.157,63.551,6.387,0.006103,6.77
DSM,2026-04-01,18,2026-03-31,18,24,8.825,100.0,24.083,8.936,72.7,4.281,0.005255,4.655
DSM,2026-04-02,18,2026-04-01,18,24,20.307,11.177,29.398,20.418,69.233,14.556,0.010765,5.862
DSM,2026-04-03,18,2026-04-02,18,24,11.218,100.0,18.757,11.329,84.362,8.749,0.007213,2.58
DSM,2026-04-04,18,2026-04-03,18,24,6.378,83.482,34.041,6.489,57.22,-1.293,0.003514,7.782
DSM,2026-04-05,18,2026-04-04,18,24,10.344,4.284,20.156,10.455,46.24,-0.552,0.003683,11.007
DSM,2026-04-06,18,2026-04-05,18,24,7.917,100.0,17.2,8.028,45.591,-3.008,0.003066,11.036
DSM,2026-04-07,18,2026-04-06,18,24,3.114,100.0,20.815,3.225,87.144,1.238,0.004188,1.987
DSM,2026-04-08,18,2026-04-07,18,24,18.82,4.661,39.84,18.931,56.576,10.151,0.007897,8.78
DSM,2026-04-09,18,2026-04-08,18,24,15.381,100.0,5.519,15.492,36.746,0.81,0.004083,14.682
DSM,2026-04-10,18,2026-04-09,18,24,11.706,5.0,15.129,11.817,59.525,4.186,0.005161,7.631
DSM,2026-04-11,18,2026-04-10,18,24,10.623,100.0,23.877,10.734,81.024,7.613,0.00658,3.121
DSM,2026-04-12,18,2026-04-11,18,24,18.665,100.0,22.32,18.776,84.876,16.161,0.011776,2.615
DSM,2026-04-13,18,2026-04-12,18,24,24.172,100.0,29.921,24.283,66.071,17.598,0.012918,6.685
DSM,2026-04-14,18,2026-04-13,18,24,26.113,1.252,26.056,26.224,54.619,16.412,0.012,9.812
DSM,2026-04-15,18,2026-04-14,18,24,21.703,100.0,20.884,21.814,68.102,15.704,0.011463,6.11
DSM,2026-04-16,18,2026-04-15,18,24,23.55,0.0,18.329,23.661,41.535,9.911,0.007795,13.75
DSM,2026-04-17,18,2026-04-16,18,24,25.96,99.421,34.429,26.071,59.324,17.519,0.012951,8.552
DSM,2026-04-18,18,2026-04-17,18,24,9.364,0.0,30.542,9.475,31.321,-6.638,0.00235,16.113
DSM,2026-04-19,18,2026-04-18,18,24,12.838,5.0,23.77,12.949,36.558,-1.563,0.003435,14.512
DSM,2026-04-20,18,2026-04-19,18,24,14.423,0.0,23.539,14.534,48.367,3.782,0.005049,10.752
DSM,2026-04-21,18,2026-04-20,18,24,24.425,5.044,20.739,24.536,48.431,12.976,0.009563,11.56
DSM,2026-04-22,18,2026-04-21,18,24,24.295,6.753,22.642,24.406,55.968,15.122,0.010949,9.284
DSM,2026-04-23,18,2026-04-22,18,24,18.007,100.0,26.421,18.118,89.139,16.291,0.01193,1.827
DSM,2026-04-24,18,2026-04-23,18,24,16.88,0.0,17.49,16.991,41.87,3.992,0.005182,12.999
DSM,2026-04-25,18,2026-04-24,18,24,17.967,100.0,12.586,18.078,47.647,6.822,0.006303,11.256
DSM,2026-04-26,18,2026-04-25,18,24,14.756,100.0,15.963,14.867,82.384,11.88,0.008847,2.987
DSM,2026-04-27,18,2026-04-26,18,24,19.267,94.302,17.377,19.378,91.261,17.879,0.013283,1.499
DSM,2026-04-28,18,2026-04-27,18,24,12.551,99.959,9.152,12.662,50.644,2.686,0.004691,9.976
DSM,2026-04-29,18,2026-04-28,18,24,12.725,100.0,15.206,12.836,49.239,2.493,0.004616,10.343
DSM,2026-04-30,18,2026-04-29,18,24,7.888,94.875,18.109,7.999,79.111,4.615,0.005359,3.384
DSM,2026-05-01,18,2026-04-30,18,24,13.177,99.724,19.29,13.288,42.158,0.755,0.004089,12.533
DSM,2026-05-02,18,2026-05-01,18,24,13.634,5.0,11.567,13.745,38.169,-0.23,0.00379,13.975
DSM,2026-05-03,18,2026-05-02,18,24,16.812,100.0,16.604,16.923,51.516,6.927,0.006338,9.996
DSM,2026-05-04,18,2026-05-03,18,24,23.748,4.314,20.784,23.859,41.552,10.101,0.007955,13.758
DSM,2026-05-05,18,2026-05-04,18,24,14.521,100.0,14.499,14.632,34.571,-0.75,0.003684,15.382
DSM,2026-05-06,18,2026-05-05,18,24,12.203,100.0,15.342,12.314,37.685,-1.68,0.003416,13.994
DSM,2026-05-07,18,2026-05-06,18,24,17.274,99.628,23.938,17.385,42.744,4.708,0.005434,12.677
DSM,2026-05-08,18,2026-05-07,18,24,19.698,7.528,2.458,19.809,38.134,5.165,0.005655,14.644
DSM,2026-05-09,18,2026-05-08,18,24,23.198,94.239,25.242,23.309,33.211,6.362,0.006134,16.947
DSM,2026-05-10,18,2026-05-09,18,24,18.191,20.674,12.37,18.302,31.796,1.301,0.004239,17.001
DSM,2026-05-11,18,2026-05-10,18,24,18.608,14.266,9.906,18.719,44.325,6.308,0.00604,12.411
DSM,2026-05-12,18,2026-05-11,18,24,24.287,25.617,26.619,24.398,41.781,10.593,0.008149,13.805
DSM,2026-05-13,18,2026-05-12,18,24,20.631,1.172,19.366,20.742,34.362,4.514,0.005324,16.228
DSM,2026-05-14,18,2026-05-13,18,24,21.551,99.975,28.424,21.662,46.023,9.582,0.007604,12.08
DSM,2026-05-15,18,2026-05-14,18,24,25.201,43.309,17.537,25.312,65.331,18.355,0.013569,6.957
DSM,2026-05-16,18,2026-05-15,18,24,24.646,80.175,14.044,24.757,70.033,18.926,0.014039,5.831
DSM,2026-05-17,18,2026-05-16,18,24,24.141,96.154,32.568,24.252,73.327,19.25,0.014348,5.002
DSM,2026-05-18,18,2026-05-17,18,24,23.695,88.386,25.572,23.806,85.02,21.108,0.016123,2.698
DSM,2026-05-19,18,2026-05-18,18,24,12.97,86.708,26.076,13.081,70.091,7.734,0.006656,5.347
DSM,2026-05-20,18,2026-05-19,18,24,14.786,42.016,14.687,14.897,48.874,4.282,0.005203,10.615
DSM,2026-05-21,18,2026-05-20,18,24,10.024,100.0,15.966,10.135,75.62,5.984,0.005898,4.151
DSM,2026-05-22,18,2026-05-21,18,24,17.423,100.0,23.98,17.534,73.52,12.776,0.009381,4.758
DSM,2026-05-23,18,2026-05-22,18,24,21.255,100.0,14.663,21.366,52.365,11.258,0.00848,10.108
DSM,2026-05-24,18,2026-05-23,18,24,24.063,0.0,19.416,24.174,48.711,12.806,0.009365,11.368
DSM,2026-05-25,18,2026-05-24,18,24,24.99,2.814,27.056,25.101,54.642,15.395,0.011098,9.706
DSM,2026-05-26,18,2026-05-25,18,24,25.813,1.036,15.663,25.924,51.147,15.121,0.010933,10.803
DSM,2026-05-27,18,2026-05-26,18,24,27.618,1.606,4.694,27.729,53.105,17.368,0.012625,10.361
DSM,2026-05-28,18,2026-05-27,18,24,24.069,100.0,19.255,24.18,60.563,16.093,0.011595,8.087
DSM,2026-05-29,18,2026-05-28,18,24,22.913,100.0,13.26,23.024,66.412,16.424,0.011897,6.6
DSM,2026-05-30,18,2026-05-29,18,24,20.44,100.0,21.08,20.551,86.778,18.253,0.0134,2.298
DSM,2026-05-31,18,2026-05-30,18,24,21.132,100.0,18.384,21.243,86.022,18.815,0.013855,2.428
DSM,2026-06-01,18,2026-05-31,18,24,26.191,8.956,11.397,26.302,66.043,19.515,0.014433,6.787
DSM,2026-06-02,18,2026-06-01,18,24,23.411,21.716,19.169,23.522,52.202,13.177,0.009544,10.345
DSM,2026-06-03,18,2026-06-02,18,24,24.228,44.795,22.367,24.339,53.15,14.21,0.01024,10.129
DSM,2026-06-04,18,2026-06-03,18,24,25.844,78.612,22.296,25.955,64.286,18.723,0.013765,7.232
DSM,2026-06-05,18,2026-06-04,18,24,25.136,99.011,9.839,25.247,75.481,20.631,0.015578,4.616
DSM,2026-06-06,18,2026-06-05,18,24,28.507,100.0,6.428,28.618,65.157,21.499,0.016446,7.119
DSM,2026-06-07,18,2026-06-06,18,24,24.178,100.0,18.71,24.289,78.606,20.386,0.015311,3.903
DSM,2026-06-08,18,2026-06-07,18,24,24.966,83.541,7.417,25.077,76.155,20.561,0.015538,4.516
DSM,2026-06-09,18,2026-06-08,18,24,29.889,85.257,18.267,30.0,72.232,24.468,0.019752,5.532
DSM,2026-06-10,18,2026-06-09,18,24,28.523,31.867,30.861,28.634,72.74,23.293,0.018509,5.341
DSM,2026-06-11,18,2026-06-10,18,24,26.678,29.035,31.347,26.789,81.404,23.32,0.018569,3.469
DSM,2026-06-12,18,2026-06-11,18,24,24.798,0.0,16.432,24.909,48.123,13.308,0.009694,11.601
DSM,2026-06-13,18,2026-06-12,18,24,24.191,97.938,6.705,24.302,67.898,17.957,0.013184,6.345
DSM,2026-06-14,18,2026-06-13,18,24,18.632,0.0,25.859,18.743,49.24,7.874,0.006719,10.869
DSM,2026-06-15,18,2026-06-14,18,24,22.367,99.944,14.815,22.478,45.939,10.323,0.007979,12.155
DSM,2026-06-16,18,2026-06-15,18,24,20.623,8.256,25.835,20.734,41.503,7.278,0.006522,13.456
DSM,2026-06-17,18,2026-06-16,18,24,28.211,3.525,28.623,28.322,56.026,18.797,0.014158,9.525
DSM,2026-06-18,18,2026-06-17,18,24,20.983,100.0,15.22,21.094,59.504,12.948,0.009533,8.146
DSM,2026-06-19,18,2026-06-18,18,24,23.716,71.698,13.223,23.827,54.51,14.121,0.010246,9.706
DSM,2026-06-20,18,2026-06-19,18,24,24.965,36.459,4.335,25.076,54.301,15.267,0.011043,9.809
DSM,2026-06-21,18,2026-06-20,18,24,16.449,93.796,23.887,16.56,89.276,14.773,0.010738,1.787
DSM,2026-06-22,18,2026-06-21,18,24,22.252,41.022,7.092,22.363,59.536,14.21,0.01023,8.153
DSM,2026-06-23,18,2026-06-22,18,24,23.627,100.0,13.932,23.738,59.429,15.403,0.011074,8.335
DSM,2026-06-24,18,2026-06-23,18,24,26.682,0.0,15.541,26.793,51.794,16.127,0.011645,10.666
DSM,2026-06-25,18,2026-06-24,18,24,20.277,89.245,2.8,20.388,68.053,14.266,0.010307,6.122
DSM,2026-06-26,18,2026-06-25,18,24,17.615,99.852,15.55,17.726,85.216,15.209,0.010987,2.517
DSM,2026-06-27,18,2026-06-26,18,24,24.643,98.333,21.689,24.754,73.708,19.768,0.014738,4.986
DSM,2026-06-28,18,2026-06-27,18,24,29.925,26.666,29.223,30.036,62.985,22.235,0.017309,7.801
DSM,2026-06-29,18,2026-06-28,18,24,31.253,0.0,34.021,31.364,63.083,23.45,0.018644,7.914
DSM,2026-06-30,18,2026-06-29,18,24,30.672,6.836,29.198,30.783,59.825,22.148,0.017126,8.635
DSM,2026-07-01,18,2026-06-30,18,24,30.677,83.444,26.682,30.788,60.198,22.308,0.017225,8.48
DSM,2026-07-02,18,2026-07-01,18,24,31.324,52.236,24.547,31.435,58.192,22.287,0.017176,9.148
DSM,2026-07-03,18,2026-07-02,18,24,30.054,90.301,15.329,30.165,64.844,22.887,0.017808,7.278
DSM,2026-07-04,18,2026-07-03,18,24,27.406,100.0,7.9,27.517,63.376,19.962,0.01488,7.555
DSM,2026-07-05,18,2026-07-04,18,24,28.431,34.511,10.483,28.542,60.497,20.214,0.015064,8.328
DSM,2026-07-06,18,2026-07-05,18,24,27.374,9.899,10.115,27.485,61.957,19.519,0.014464,7.966
DSM,2026-07-07,18,2026-07-06,18,24,28.885,24.936,4.232,28.996,60.887,20.693,0.015555,8.303
DSM,2026-07-08,18,2026-07-07,18,24,28.739,72.254,15.515,28.85,62.224,20.991,0.01583,7.859
DSM,2026-07-09,18,2026-07-08,18,24,27.626,96.024,10.561,27.737,66.776,21.035,0.015973,6.702
DSM,2026-07-10,18,2026-07-09,18,24,26.025,100.0,6.606,26.136,72.643,20.881,0.015769,5.255
DSM,2026-07-11,18,2026-07-10,18,24,27.621,13.756,15.183,27.732,65.09,20.583,0.01542,7.149
DSM,2026-07-12,18,2026-07-11,18,24,27.256,0.0,8.413,27.367,58.514,18.575,0.01356,8.792
DSM,2026-07-13,18,2026-07-12,18,24,28.818,0.0,7.974,28.929,55.012,19.089,0.013973,9.84
DSM,2026-07-14,18,2026-07-13,18,24,30.306,0.0,8.739,30.417,55.364,20.421,0.015247,9.996
DSM,2026-07-15,18,2026-07-14,18,24,30.853,0.0,7.832,30.964,56.503,21.253,0.016088,9.711
DSM,2026-07-16,18,2026-07-15,18,24,30.963,2.812,8.272,31.074,52.071,20.113,0.014997,10.961
DSM,2026-07-17,18,2026-07-16,18,24,32.079,0.0,16.442,32.19,50.527,20.69,0.015539,11.5
DSM,2026-07-18,18,2026-07-17,18,24,33.635,0.167,9.203,33.746,45.031,20.197,0.01515,13.549
DSM,2026-07-19,18,2026-07-18,18,24,28.561,2.624,12.764,28.672,52.183,17.822,0.013042,10.85
DSM,2026-07-20,18,2026-07-19,18,24,33.926,2.376,20.626,34.037,51.829,22.767,0.017819,11.27
DSM,2026-07-21,18,2026-07-20,18,24,28.118,28.229,26.839,28.229,43.635,14.707,0.010667,13.522
DSM,2026-07-22,18,2026-07-21,18,24,23.777,100.0,9.486,23.888,48.132,12.153,0.00898,11.735
DSM,2026-07-23,18,2026-07-22,18,24,24.033,97.824,12.127,24.144,48.633,12.651,0.009266,11.493
DSM,2026-07-24,18,2026-07-23,18,24,19.506,99.44,14.683,19.617,74.931,15.099,0.010875,4.518
DSM,2026-07-25,18,2026-07-24,18,24,33.404,99.622,10.281,33.515,53.633,22.804,0.017813,10.711
DSM,2026-07-26,18,2026-07-25,18,24,40.309,34.908,21.744,40.42,26.043,17.425,0.012746,22.995
DSM,2026-07-27,18,2026-07-26,18,24,39.633,12.769,8.445,39.744,30.525,19.106,0.014328,20.638
DSM,2026-07-28,18,2026-07-27,18,24,28.862,100.0,18.461,28.973,60.111,20.523,0.015423,8.45
DSM,2026-07-29,18,2026-07-28,18,24,30.854,1.037,16.932,30.965,45.496,17.788,0.012976,13.177
DSM,2026-07-30,18,2026-07-29,18,24,29.919,100.0,17.3,30.03,43.039,16.06,0.011615,13.97
DSM,2026-07-31,18,2026-07-30,18,24,25.883,53.141,12.282,25.994,84.449,23.129,0.018232,2.865
YSDU,2025-08-01,2,2025-07-31,0,26,14.327,22.572,16.802,14.081,55.172,5.226,0.005628,8.855
YSDU,2025-08-02,2,2025-08-01,0,26,12.804,89.191,24.057,12.558,72.616,7.764,0.006716,4.794
YSDU,2025-08-03,2,2025-08-02,0,26,17.948,14.31,27.619,17.702,49.961,7.178,0.006439,10.524
YSDU,2025-08-04,2,2025-08-03,0,26,18.097,86.666,15.844,17.851,50.358,7.434,0.006541,10.417
YSDU,2025-08-05,2,2025-08-04,0,26,16.105,1.512,10.632,15.859,64.225,9.16,0.007358,6.699
YSDU,2025-08-06,2,2025-08-05,0,26,14.775,82.348,14.32,14.529,45.264,2.829,0.004751,11.7
YSDU,2025-08-07,2,2025-08-06,0,26,16.508,23.928,20.071,16.262,48.359,5.398,0.005655,10.864
YSDU,2025-08-08,2,2025-08-07,0,26,13.974,100.0,24.996,13.728,57.752,5.611,0.005724,8.117
YSDU,2025-08-09,2,2025-08-08,0,26,17.4,43.24,25.129,17.154,51.299,7.1,0.006333,10.054
YSDU,2025-08-10,2,2025-08-09,0,26,16.628,45.11,15.229,16.382,49.538,5.809,0.005821,10.573
YSDU,2025-08-11,2,2025-08-10,0,26,16.764,0.0,13.759,16.518,46.684,5.164,0.005561,11.354
YSDU,2025-08-12,2,2025-08-11,0,26,17.409,5.0,5.302,17.163,41.868,4.081,0.005182,13.082
YSDU,2025-08-13,2,2025-08-12,0,26,12.952,99.215,1.444,12.706,72.372,7.757,0.006674,4.949
YSDU,2025-08-14,2,2025-08-13,0,26,16.82,8.831,14.201,16.574,45.631,4.838,0.005444,11.736
YSDU,2025-08-15,2,2025-08-14,0,26,17.157,94.274,1.612,16.911,42.294,4.104,0.00518,12.807
YSDU,2025-08-16,2,2025-08-15,0,26,9.235,70.429,9.774,8.989,83.563,6.29,0.006083,2.699
YSDU,2025-08-17,2,2025-08-16,0,26,12.395,5.0,12.673,12.149,39.728,-1.09,0.00358,13.239
YSDU,2025-08-18,2,2025-08-17,0,26,13.726,13.324,7.788,13.48,41.566,0.711,0.004062,12.769
YSDU,2025-08-19,2,2025-08-18,0,26,16.566,51.747,23.535,16.32,41.393,3.248,0.004852,13.072
YSDU,2025-08-20,2,2025-08-19,0,26,10.933,100.0,20.893,10.687,87.192,8.67,0.007065,2.017
YSDU,2025-08-21,2,2025-08-20,0,26,15.045,25.678,13.317,14.799,71.278,9.634,0.007585,5.165
YSDU,2025-08-22,2,2025-08-21,0,26,16.32,18.403,6.462,16.074,56.411,7.404,0.006532,8.67
YSDU,2025-08-23,2,2025-08-22,0,26,18.509,77.048,14.292,18.263,44.315,6.0,0.00592,12.263
YSDU,2025-08-24,2,2025-08-23,0,26,16.994,0.0,13.03,16.748,38.182,2.429,0.004611,14.319
YSDU,2025-08-25,2,2025-08-24,0,26,18.349,0.0,2.346,18.103,44.808,6.004,0.005939,12.099
YSDU,2025-08-26,2,2025-08-25,0,26,20.792,4.572,20.946,20.546,51.967,10.394,0.008056,10.152
YSDU,2025-08-27,2,2025-08-26,0,26,13.855,100.0,24.414,13.609,69.31,8.007,0.006908,5.602
YSDU,2025-08-28,2,2025-08-27,0,26,14.86,10.571,20.645,14.614,44.381,2.625,0.004716,11.989
YSDU,2025-08-29,2,2025-08-28,0,26,16.839,98.284,30.913,16.593,38.603,2.546,0.004687,14.047
YSDU,2025-08-30,2,2025-08-29,0,26,8.468,86.523,31.202,8.222,56.471,0.129,0.003926,8.093
YSDU,2025-08-31,2,2025-08-30,0,26,15.989,0.0,6.431,15.743,34.505,0.16,0.003899,15.583
YSDU,2025-09-01,2,2025-08-31,0,26,16.972,50.943,6.957,16.726,41.042,3.423,0.004952,13.303
YSDU,2025-09-02,2,2025-09-01,0,26,17.408,3.395,7.965,17.162,42.447,4.291,0.005271,12.871
YSDU,2025-09-03,2,2025-09-02,0,26,17.621,5.086,8.416,17.375,38.5,3.176,0.004846,14.199
YSDU,2025-09-04,2,2025-09-03,0,26,20.072,100.0,17.476,19.826,29.066,1.352,0.004275,18.474
YSDU,2025-09-05,2,2025-09-04,0,26,20.508,54.878,7.032,20.262,33.059,3.571,0.004985,16.691
YSDU,2025-09-06,2,2025-09-05,0,26,21.103,24.798,13.753,20.857,41.424,7.346,0.006447,13.511
YSDU,2025-09-07,2,2025-09-06,0,26,21.599,14.691,25.582,21.353,41.024,7.664,0.006621,13.689
YSDU,2025-09-08,2,2025-09-07,0,26,23.497,55.278,28.064,23.251,42.236,9.729,0.00766,13.522
YSDU,2025-09-09,2,2025-09-08,0,26,16.595,100.0,15.637,16.349,89.49,14.615,0.010604,1.734
YSDU,2025-09-10,2,2025-09-09,0,26,16.043,81.645,19.028,15.797,95.109,15.013,0.011013,0.784
YSDU,2025-09-11,2,2025-09-10,0,26,11.676,100.0,20.302,11.43,76.36,7.392,0.006558,4.038
YSDU,2025-09-12,2,2025-09-11,0,26,16.389,2.721,12.474,16.143,42.286,3.331,0.004909,12.812
YSDU,2025-09-13,2,2025-09-12,0,26,17.126,0.037,4.516,16.88,45.625,5.088,0.005539,11.792
YSDU,2025-09-14,2,2025-09-13,0,26,18.903,0.0,9.646,18.657,42.401,5.663,0.005779,12.994
YSDU,2025-09-15,2,2025-09-14,0,26,22.019,0.0,22.32,21.773,46.735,9.921,0.007747,11.852
YSDU,2025-09-16,2,2025-09-15,0,26,23.188,100.0,35.628,22.942,44.726,10.322,0.008007,12.62
YSDU,2025-09-17,2,2025-09-16,0,26,18.479,38.465,11.872,18.233,42.432,5.313,0.005661,12.92
YSDU,2025-09-18,2,2025-09-17,0,26,20.136,0.0,1.559,19.89,33.855,3.56,0.004995,16.33
YSDU,2025-09-19,2,2025-09-18,0,26,22.982,40.897,4.195,22.736,32.96,5.652,0.005817,17.084
YSDU,2025-09-20,2,2025-09-19,0,26,17.614,4.876,23.898,17.368,47.764,6.236,0.006069,11.132
YSDU,2025-09-21,2,2025-09-20,0,26,17.356,0.0,14.328,17.11,44.052,4.811,0.00548,12.299
YSDU,2025-09-22,2,2025-09-21,0,26,18.473,12.695,18.8,18.227,41.689,5.023,0.005559,13.204
YSDU,2025-09-23,2,2025-09-22,0,26,16.521,0.488,10.403,16.275,39.977,2.692,0.00468,13.583
YSDU,2025-09-24,2,2025-09-23,0,26,19.209,99.696,17.477,18.963,44.356,6.607,0.006177,12.356
YSDU,2025-09-25,2,2025-09-24,0,26,19.273,100.0,16.971,19.027,41.192,5.559,0.005775,13.468
YSDU,2025-09-26,2,2025-09-25,0,26,24.458,61.581,27.488,24.212,25.07,3.114,0.004855,21.098
YSDU,2025-09-27,2,2025-09-26,0,26,25.618,100.0,23.473,25.372,25.099,4.146,0.005235,21.226
YSDU,2025-09-28,2,2025-09-27,0,26,27.446,0.0,20.716,27.2,24.123,5.123,0.005619,22.077
YSDU,2025-09-29,2,2025-09-28,0,26,23.085,100.0,7.16,22.839,32.311,5.473,0.005738,17.366
YSDU,2025-09-30,2,2025-09-29,0,26,29.278,36.492,31.658,29.032,17.993,2.549,0.004697,26.483
YSDU,2025-10-01,2,2025-09-30,0,26,21.671,0.0,23.647,21.425,23.85,-0.005,0.003905,21.43
YSDU,2025-10-02,2,2025-10-01,0,26,21.249,100.0,30.953,21.003,30.685,3.117,0.004892,17.886
YSDU,2025-10-03,2,2025-10-02,0,26,19.7,0.0,21.038,19.454,29.352,1.142,0.004228,18.312
YSDU,2025-10-04,2,2025-10-03,0,26,25.245,0.0,7.539,24.999,23.77,3.04,0.004803,21.959
YSDU,2025-10-05,2,2025-10-04,0,26,28.053,18.847,16.08,27.807,19.495,2.552,0.004658,25.255
YSDU,2025-10-06,2,2025-10-05,0,26,29.887,78.481,25.768,29.641,12.963,-1.625,0.003474,31.266
YSDU,2025-10-07,2,2025-10-06,0,26,21.795,97.956,14.98,21.549,42.004,8.112,0.006891,13.437
YSDU,2025-10-08,2,2025-10-07,0,26,31.348,100.0,30.347,31.102,21.428,6.593,0.006243,24.509
YSDU,2025-10-09,2,2025-10-08,0,26,24.695,100.0,23.533,24.449,39.882,10.008,0.007854,14.441
YSDU,2025-10-10,2,2025-10-09,0,26,26.954,91.35,17.787,26.708,21.986,3.321,0.004944,23.387
YSDU,2025-10-11,2,2025-10-10,0,26,26.989,0.0,18.4,26.743,15.72,-1.336,0.00353,28.079
YSDU,2025-10-12,2,2025-10-11,0,26,27.241,100.0,18.775,26.995,21.982,3.517,0.005019,23.478
YSDU,2025-10-13,2,2025-10-12,0,26,23.59,0.0,18.43,23.344,22.927,0.982,0.004188,22.362
YSDU,2025-10-14,2,2025-10-13,0,26,25.378,0.0,14.607,25.132,19.336,0.217,0.003941,24.915
YSDU,2025-10-15,2,2025-10-14,0,26,28.251,0.0,8.449,28.005,15.468,-0.488,0.003744,28.493
YSDU,2025-10-16,2,2025-10-15,0,26,30.459,5.0,19.778,30.213,23.871,7.412,0.006596,22.801
YSDU,2025-10-17,2,2025-10-16,0,26,30.115,37.099,25.051,29.869,39.047,14.539,0.010614,15.33
YSDU,2025-10-18,2,2025-10-17,0,26,29.007,1.532,16.182,28.761,13.8,-1.419,0.003515,30.18
YSDU,2025-10-19,2,2025-10-18,0,26,29.779,3.124,9.963,29.533,20.75,4.868,0.005522,24.665
YSDU,2025-10-20,2,2025-10-19,0,26,34.124,5.301,24.818,33.878,24.666,11.081,0.008458,22.797
YSDU,2025-10-21,2,2025-10-20,0,26,37.651,11.166,23.729,37.405,18.306,9.534,0.007636,27.871
YSDU,2025-10-22,2,2025-10-21,0,26,34.508,96.576,27.205,34.262,20.225,8.373,0.007129,25.889
YSDU,2025-10-23,2,2025-10-22,0,26,26.191,1.836,6.548,25.945,21.182,2.224,0.004583,23.721
YSDU,2025-10-24,2,2025-10-23,0,26,26.244,71.948,21.0,25.998,13.212,-4.278,0.002839,30.276
YSDU,2025-10-25,2,2025-10-24,0,26,27.375,93.684,7.978,27.129,18.249,1.144,0.004236,25.985
YSDU,2025-10-26,2,2025-10-25,0,26,30.47,100.0,30.195,30.224,20.264,5.132,0.005659,25.092
YSDU,2025-10-27,2,2025-10-26,0,26,25.915,0.0,21.495,25.669,21.48,2.149,0.004586,23.52
YSDU,2025-10-28,2,2025-10-27,0,26,10.875,100.0,23.058,10.629,85.995,8.373,0.007013,2.256
YSDU,2025-10-29,2,2025-10-28,0,26,17.454,98.817,6.865,17.208,66.516,10.93,0.008344,6.278
YSDU,2025-10-30,2,2025-10-29,0,26,25.547,5.999,3.856,25.301,26.915,5.043,0.005582,20.258
YSDU,2025-10-31,2,2025-10-30,0,26,29.861,100.0,14.279,29.615,19.004,3.734,0.005089,25.881
YSDU,2025-11-01,2,2025-10-31,0,26,31.534,19.643,18.383,31.288,29.269,11.311,0.008613,19.977
YSDU,2025-11-02,2,2025-11-01,0,26,33.704,0.0,4.477,33.458,27.719,12.475,0.009297,20.983
YSDU,2025-11-03,2,2025-11-02,0,26,29.083,100.0,18.026,28.837,29.824,9.521,0.007674,19.316
YSDU,2025-11-04,2,2025-11-03,0,26,18.898,6.121,34.022,18.652,21.81,-3.483,0.003026,22.135
YSDU,2025-11-05,2,2025-11-04,0,26,22.839,0.0,16.141,22.593,19.507,-1.784,0.003415,24.377
YSDU,2025-11-06,2,2025-11-05,0,26,29.405,26.464,3.405,29.159,10.615,-4.667,0.002754,33.826
YSDU,2025-11-07,2,2025-11-06,0,26,31.709,95.092,26.967,31.463,20.612,6.464,0.006186,24.999
YSDU,2025-11-08,2,2025-11-07,0,26,31.876,2.086,27.752,31.63,24.153,8.87,0.007333,22.76
YSDU,2025-11-09,2,2025-11-08,0,26,22.115,0.026,17.588,21.869,26.178,1.673,0.004407,20.196
YSDU,2025-11-10,2,2025-11-09,0,26,24.014,0.026,14.163,23.768,19.961,-0.468,0.003768,24.236
YSDU,2025-11-11,2,2025-11-10,0,26,26.29,54.314,30.635,26.044,17.131,-0.728,0.003699,26.772
YSDU,2025-11-12,2,2025-11-11,0,26,23.14,0.0,17.533,22.894,13.169,-6.747,0.002344,29.641
YSDU,2025-11-13,2,2025-11-12,0,26,28.183,19.923,16.065,27.937,9.016,-7.704,0.002189,35.641
YSDU,2025-11-14,2,2025-11-13,0,26,29.69,100.0,13.832,29.444,14.185,-0.536,0.003771,29.98
YSDU,2025-11-15,2,2025-11-14,0,26,30.469,97.286,25.301,30.223,30.546,11.128,0.008531,19.095
YSDU,2025-11-16,2,2025-11-15,0,26,29.717,1.508,26.346,29.471,17.733,2.591,0.004735,26.88
YSDU,2025-11-17,2,2025-11-16,0,26,22.802,82.302,28.659,22.556,19.837,-1.535,0.003511,24.091
YSDU,2025-11-18,2,2025-11-17,0,26,26.988,0.0,13.798,26.742,21.65,3.172,0.004916,23.57
YSDU,2025-11-19,2,2025-11-18,0,26,32.148,1.986,17.619,31.902,14.72,2.079,0.004549,29.823
YSDU,2025-11-20,2,2025-11-19,0,26,35.162,23.015,23.573,34.916,11.867,1.312,0.00431,33.604
YSDU,2025-11-21,2,2025-11-20,0,26,30.836,56.616,17.155,30.59,31.224,11.756,0.008826,18.834
YSDU,2025-11-22,2,2025-11-21,0,26,22.579,100.0,13.891,22.333,68.26,16.223,0.011796,6.11
YSDU,2025-11-23,2,2025-11-22,0,26,32.554,4.381,16.067,32.308,29.14,12.183,0.009155,20.125
YSDU,2025-11-24,2,2025-11-23,0,26,34.771,0.0,9.054,34.525,20.634,8.946,0.007377,25.579
YSDU,2025-11-25,2,2025-11-24,0,26,36.287,96.952,27.134,36.041,24.167,12.044,0.009156,23.997
YSDU,2025-11-26,2,2025-11-25,0,26,32.475,60.621,22.1,32.229,28.946,12.04,0.009136,20.189
YSDU,2025-11-27,2,2025-11-26,0,26,29.326,35.062,25.51,29.08,14.733,-0.349,0.003839,29.429
YSDU,2025-11-28,2,2025-11-27,0,26,30.73,91.581,12.441,30.484,15.708,1.752,0.004451,28.732
YSDU,2025-11-29,2,2025-11-28,0,26,24.454,99.38,35.334,24.208,56.825,15.046,0.011076,9.162
YSDU,2025-11-30,2,2025-11-29,0,26,26.335,4.932,30.842,26.089,21.197,2.326,0.004639,23.763
YSDU,2025-12-01,2,2025-11-30,0,26,20.417,100.0,26.69,20.171,26.863,0.61,0.004099,19.561
YSDU,2025-12-02,2,2025-12-01,0,26,21.251,0.0,23.117,21.005,21.956,-1.47,0.003501,22.475
YSDU,2025-12-03,2,2025-12-02,0,26,27.333,0.0,8.432,27.087,16.886,-0.065,0.003865,27.152
YSDU,2025-12-04,2,2025-12-03,0,26,31.488,55.088,17.038,31.242,13.061,-0.241,0.00382,31.483
YSDU,2025-12-05,2,2025-12-04,0,26,35.529,3.265,21.124,35.283,11.362,1.057,0.00421,34.226
YSDU,2025-12-06,2,2025-12-05,0,26,38.585,5.0,32.411,38.339,11.366,3.41,0.005014,34.929
YSDU,2025-12-07,2,2025-12-06,0,26,26.502,100.0,15.277,26.256,25.648,5.139,0.005668,21.117
YSDU,2025-12-08,2,2025-12-07,0,26,31.367,45.418,13.273,31.121,16.368,2.862,0.004798,28.259
YSDU,2025-12-09,2,2025-12-08,0,26,35.739,34.251,11.384,35.493,7.828,-3.874,0.002931,39.367
YSDU,2025-12-10,2,2025-12-09,0,26,35.889,100.0,7.198,35.643,20.483,9.75,0.00771,25.893
YSDU,2025-12-11,2,2025-12-10,0,26,31.58,66.659,21.968,31.334,34.951,13.961,0.0102,17.373
YSDU,2025-12-12,2,2025-12-11,0,26,26.483,98.207,7.282,26.237,45.353,13.533,0.009912,12.704
YSDU,2025-12-13,2,2025-12-12,0,26,29.809,100.0,11.788,29.563,38.838,14.227,0.010417,15.336
YSDU,2025-12-14,2,2025-12-13,0,26,28.931,35.744,17.032,28.685,40.362,14.005,0.010294,14.68
YSDU,2025-12-15,2,2025-12-14,0,26,29.214,0.0,16.376,28.968,17.55,2.087,0.004539,26.881
YSDU,2025-12-16,2,2025-12-15,0,26,29.64,0.0,13.458,29.394,36.616,13.1,0.009635,16.294
YSDU,2025-12-17,2,2025-12-16,0,26,31.007,0.507,9.279,30.761,38.926,15.268,0.01105,15.493
YSDU,2025-12-18,2,2025-12-17,0,26,36.452,8.853,10.568,36.206,22.464,11.675,0.008767,24.531
YSDU,2025-12-19,2,2025-12-18,0,26,37.022,46.804,18.643,36.776,19.724,10.209,0.007979,26.567
YSDU,2025-12-20,2,2025-12-19,0,26,38.773,65.59,18.488,38.527,11.8,4.127,0.005283,34.4
YSDU,2025-12-21,2,2025-12-20,0,26,40.061,33.417,29.291,39.815,14.645,8.283,0.007056,31.532
YSDU,2025-12-22,2,2025-12-21,0,26,31.639,95.683,17.062,31.393,34.489,13.968,0.010318,17.425
YSDU,2025-12-23,2,2025-12-22,0,26,30.958,0.0,20.578,30.712,14.413,0.753,0.004133,29.959
YSDU,2025-12-24,2,2025-12-23,0,26,31.458,0.0,15.696,31.212,11.628,-1.758,0.003439,32.97
YSDU,2025-12-25,2,2025-12-24,0,26,29.067,0.0,21.533,28.821,13.19,-1.986,0.00339,30.807
YSDU,2025-12-26,2,2025-12-25,0,26,27.24,0.0,11.279,26.994,20.982,2.787,0.004798,24.207
YSDU,2025-12-27,2,2025-12-26,0,26,27.443,0.0,11.964,27.197,15.051,-1.445,0.003503,28.642
YSDU,2025-12-28,2,2025-12-27,0,26,29.216,0.0,13.805,28.97,16.866,1.51,0.004341,27.46
YSDU,2025-12-29,2,2025-12-28,0,26,30.92,0.0,12.274,30.674,12.996,-0.757,0.003682,31.431
YSDU,2025-12-30,2,2025-12-29,0,26,33.353,5.059,8.747,33.107,11.329,-0.669,0.003724,33.776
YSDU,2025-12-31,2,2025-12-30,0,26,34.249,100.0,15.593,34.003,9.54,-2.279,0.003322,36.282
YSDU,2026-01-01,2,2025-12-31,0,26,33.012,0.0,9.07,32.766,19.584,6.69,0.006302,26.076
YSDU,2026-01-02,2,2026-01-01,0,26,32.06,0.0,12.319,31.814,27.866,11.145,0.008495,20.669
YSDU,2026-01-03,2,2026-01-02,0,26,34.203,3.063,22.641,33.957,24.305,10.944,0.00839,23.013
YSDU,2026-01-04,2,2026-01-03,0,26,35.6,99.945,18.84,35.354,20.687,9.708,0.007735,25.646
YSDU,2026-01-05,2,2026-01-04,0,26,35.258,82.666,21.522,35.012,25.258,12.392,0.009245,22.62
YSDU,2026-01-06,2,2026-01-05,0,26,32.269,0.0,9.318,32.023,29.221,12.015,0.008976,20.008
YSDU,2026-01-07,2,2026-01-06,0,26,36.7,0.0,4.034,36.454,21.923,11.437,0.008625,25.017
YSDU,2026-01-08,2,2026-01-07,0,26,36.256,0.0,12.466,36.01,19.46,9.328,0.007483,26.682
YSDU,2026-01-09,2,2026-01-08,0,26,35.772,0.0,20.858,35.526,21.439,10.364,0.008053,25.162
YSDU,2026-01-10,2,2026-01-09,0,26,35.337,0.0,28.619,35.091,24.906,12.338,0.009206,22.753
YSDU,2026-01-11,2,2026-01-10,0,26,36.463,25.034,4.138,36.217,13.085,3.631,0.005105,32.586
YSDU,2026-01-12,2,2026-01-11,0,26,26.659,7.102,19.985,26.413,44.561,13.397,0.009842,13.016
YSDU,2026-01-13,2,2026-01-12,0,26,30.255,66.433,5.002,30.009,44.034,16.387,0.012011,13.622
YSDU,2026-01-14,2,2026-01-13,0,26,33.615,99.827,17.631,33.369,38.546,17.481,0.012905,15.888
YSDU,2026-01-15,2,2026-01-14,0,26,36.113,49.463,16.773,35.867,28.012,14.681,0.010809,21.186
YSDU,2026-01-16,2,2026-01-15,0,26,33.997,0.0,13.735,33.751,15.144,3.863,0.00524,29.888
YSDU,2026-01-17,2,2026-01-16,0,26,29.624,0.015,25.277,29.378,35.043,12.471,0.009316,16.907
YSDU,2026-01-18,2,2026-01-17,0,26,30.85,6.835,25.731,30.604,30.918,11.632,0.00881,18.972
YSDU,2026-01-19,2,2026-01-18,0,26,29.866,8.17,21.656,29.62,32.749,11.649,0.008798,17.971
YSDU,2026-01-20,2,2026-01-19,0,26,30.002,30.638,10.912,29.756,23.83,7.03,0.006449,22.726
YSDU,2026-01-21,2,2026-01-20,0,26,31.176,0.0,8.906,30.93,23.368,7.795,0.006816,23.135
YSDU,2026-01-22,2,2026-01-21,0,26,33.654,0.0,21.374,33.408,18.581,6.497,0.006229,26.911
YSDU,2026-01-23,2,2026-01-22,0,26,31.68,0.0,10.779,31.434,21.455,6.971,0.006384,24.463
YSDU,2026-01-24,2,2026-01-23,0,26,36.371,0.0,16.329,36.125,23.452,12.303,0.009156,23.822
YSDU,2026-01-25,2,2026-01-24,0,26,40.993,3.321,4.689,40.747,9.948,3.475,0.005035,37.272
YSDU,2026-01-26,2,2026-01-25,0,26,43.359,11.968,17.872,43.113,9.252,4.231,0.005314,38.882
YSDU,2026-01-27,2,2026-01-26,0,26,37.457,0.0,13.826,37.211,19.265,10.161,0.007975,27.05
YSDU,2026-01-28,2,2026-01-27,0,26,41.698,0.0,4.115,41.452,12.287,6.957,0.006421,34.495
YSDU,2026-01-29,2,2026-01-28,0,26,37.156,0.0,16.332,36.91,14.529,5.748,0.005884,31.162
YSDU,2026-01-30,2,2026-01-29,0,26,38.235,5.0,5.497,37.989,16.27,8.157,0.006924,29.832
YSDU,2026-01-31,2,2026-01-30,0,26,41.118,2.98,14.979,40.872,13.414,7.842,0.00683,33.03
YSDU,2026-02-01,2,2026-01-31,0,26,35.741,99.591,21.792,35.495,23.326,11.543,0.008796,23.952
YSDU,2026-02-02,2,2026-02-01,0,26,28.609,0.0,24.916,28.363,27.837,8.09,0.006899,20.273
YSDU,2026-02-03,2,2026-02-02,0,26,28.078,100.0,13.292,27.832,24.173,5.669,0.005798,22.163
YSDU,2026-02-04,2,2026-02-03,0,26,31.173,0.0,13.89,30.927,25.381,8.978,0.007286,21.949
YSDU,2026-02-05,2,2026-02-04,0,26,35.487,15.163,15.056,35.241,22.024,10.585,0.008113,24.656
YSDU,2026-02-06,2,2026-02-05,0,26,35.805,74.147,18.56,35.559,22.202,10.913,0.008306,24.646
YSDU,2026-02-07,2,2026-02-06,0,26,32.69,100.0,11.196,32.444,27.0,11.166,0.008452,21.278
YSDU,2026-02-08,2,2026-02-07,0,26,25.13,100.0,11.975,24.884,51.667,14.319,0.010446,10.565
YSDU,2026-02-09,2,2026-02-08,0,26,20.124,100.0,12.259,19.878,86.182,17.5,0.01281,2.378
YSDU,2026-02-10,2,2026-02-09,0,26,31.818,0.037,5.842,31.572,37.543,15.436,0.01124,16.136
YSDU,2026-02-11,2,2026-02-10,0,26,34.44,99.549,11.614,34.194,26.25,12.315,0.009186,21.879
YSDU,2026-02-12,2,2026-02-11,0,26,32.842,98.319,9.245,32.596,32.063,13.974,0.010291,18.622
YSDU,2026-02-13,2,2026-02-12,0,26,27.883,20.968,21.683,27.637,40.806,13.214,0.009746,14.423
YSDU,2026-02-14,2,2026-02-13,0,26,28.593,0.428,22.365,28.347,30.017,9.257,0.007445,19.09
YSDU,2026-02-15,2,2026-02-14,0,26,28.173,0.067,16.495,27.927,28.194,7.935,0.006823,19.992
YSDU,2026-02-16,2,2026-02-15,0,26,28.003,0.0,17.648,27.757,26.336,6.794,0.006322,20.963
YSDU,2026-02-17,2,2026-02-16,0,26,30.279,0.548,15.328,30.033,33.003,12.169,0.009088,17.864
YSDU,2026-02-18,2,2026-02-17,0,26,31.132,100.0,20.2,30.886,35.37,13.94,0.010238,16.946
YSDU,2026-02-19,2,2026-02-18,0,26,35.488,2.469,13.59,35.242,23.953,11.776,0.008855,23.466
YSDU,2026-02-20,2,2026-02-19,0,26,35.117,0.015,10.05,34.871,29.143,14.437,0.010556,20.434
YSDU,2026-02-21,2,2026-02-20,0,26,33.946,62.01,14.673,33.7,34.389,16.031,0.011693,17.669
YSDU,2026-02-22,2,2026-02-21,0,26,34.419,98.643,22.409,34.173,24.485,11.259,0.008584,22.914
YSDU,2026-02-23,2,2026-02-22,0,26,28.558,99.119,15.985,28.312,40.511,13.697,0.010073,14.615
YSDU,2026-02-24,2,2026-02-23,0,26,33.202,44.858,14.588,32.956,32.691,14.514,0.010594,18.442
YSDU,2026-02-25,2,2026-02-24,0,26,31.114,96.413,10.576,30.868,35.672,14.112,0.010284,16.756
YSDU,2026-02-26,2,2026-02-25,0,26,32.011,79.228,25.746,31.765,36.69,15.369,0.011169,16.396
YSDU,2026-02-27,2,2026-02-26,0,26,31.251,11.419,26.484,31.005,33.817,13.306,0.00977,17.699
YSDU,2026-02-28,2,2026-02-27,0,26,30.708,8.17,20.386,30.462,35.524,13.604,0.00997,16.858
YSDU,2026-03-01,2,2026-02-28,0,26,30.558,59.365,16.341,30.312,35.153,13.333,0.009803,16.979
YSDU,2026-03-02,2,2026-03-01,0,26,32.267,38.972,23.925,32.021,32.44,13.645,0.010018,18.376
YSDU,2026-03-03,2,2026-03-02,0,26,24.326,97.938,13.838,24.08,60.224,15.942,0.011615,8.138
YSDU,2026-03-04,2,2026-03-03,0,26,32.034,48.302,17.898,31.788,32.584,13.467,0.009926,18.321
YSDU,2026-03-05,2,2026-03-04,0,26,33.76,70.945,15.659,33.514,31.555,14.585,0.010622,18.929
YSDU,2026-03-06,2,2026-03-05,0,26,34.375,0.304,8.048,34.129,30.459,14.473,0.010588,19.656
YSDU,2026-03-07,2,2026-03-06,0,26,32.324,44.017,9.798,32.078,38.656,16.36,0.011969,15.718
YSDU,2026-03-08,2,2026-03-07,0,26,30.707,5.168,16.717,30.461,37.655,14.478,0.010623,15.983
YSDU,2026-03-09,2,2026-03-08,0,26,29.459,74.486,18.003,29.213,36.576,12.955,0.009597,16.258
YSDU,2026-03-10,2,2026-03-09,0,26,29.868,0.0,10.722,29.622,31.674,11.132,0.008501,18.49
YSDU,2026-03-11,2,2026-03-10,0,26,32.925,0.0,19.57,32.679,24.145,9.754,0.007767,22.925
YSDU,2026-03-12,2,2026-03-11,0,26,29.794,0.0,16.426,29.548,24.561,7.313,0.006576,22.235
YSDU,2026-03-13,2,2026-03-12,0,26,28.688,0.0,14.252,28.442,28.623,8.686,0.007154,19.756
YSDU,2026-03-14,2,2026-03-13,0,26,27.572,0.0,14.669,27.326,26.53,6.576,0.006147,20.75
YSDU,2026-03-15,2,2026-03-14,0,26,29.078,13.025,11.379,28.832,30.949,10.152,0.00785,18.68
YSDU,2026-03-16,2,2026-03-15,0,26,31.18,100.0,14.969,30.934,23.842,8.094,0.006863,22.84
YSDU,2026-03-17,2,2026-03-16,0,26,26.726,100.0,13.36,26.48,36.191,10.346,0.008014,16.134
YSDU,2026-03-18,2,2026-03-17,0,26,30.231,70.093,15.892,29.985,34.977,12.944,0.009511,17.041
YSDU,2026-03-19,2,2026-03-18,0,26,19.894,100.0,9.576,19.648,75.369,15.177,0.011005,4.471
YSDU,2026-03-20,2,2026-03-19,0,26,28.479,26.28,11.113,28.233,38.714,12.889,0.009514,15.344
YSDU,2026-03-21,2,2026-03-20,0,26,30.017,50.893,5.322,29.771,35.303,12.855,0.009473,16.916
YSDU,2026-03-22,2,2026-03-21,0,26,27.863,0.0,14.378,27.617,38.426,12.206,0.009077,15.411
YSDU,2026-03-23,2,2026-03-22,0,26,27.704,1.254,11.162,27.458,35.871,11.111,0.00842,16.347
YSDU,2026-03-24,2,2026-03-23,0,26,29.497,1.563,4.57,29.251,33.841,11.835,0.008852,17.416
YSDU,2026-03-25,2,2026-03-24,0,26,30.404,4.963,9.059,30.158,26.771,9.085,0.00738,21.073
YSDU,2026-03-26,2,2026-03-25,0,26,30.046,77.28,17.092,29.8,28.013,9.499,0.007601,20.301
YSDU,2026-03-27,2,2026-03-26,0,26,12.29,94.565,25.727,12.044,62.807,5.164,0.005655,6.88
YSDU,2026-03-28,2,2026-03-27,0,26,20.018,0.0,11.761,19.772,28.277,0.879,0.004159,18.893
YSDU,2026-03-29,2,2026-03-28,0,26,24.861,0.0,12.016,24.615,28.293,5.125,0.005591,19.49
YSDU,2026-03-30,2,2026-03-29,0,26,26.398,0.0,7.523,26.152,30.088,7.364,0.006507,18.788
YSDU,2026-03-31,2,2026-03-30,0,26,27.339,34.415,7.836,27.093,30.044,8.167,0.006869,18.926
YSDU,2026-04-01,2,2026-03-31,0,26,29.147,0.0,7.324,28.901,25.588,7.371,0.006514,21.53
YSDU,2026-04-02,2,2026-04-01,0,26,30.914,5.093,1.646,30.668,23.462,7.576,0.006614,23.092
YSDU,2026-04-03,2,2026-04-02,0,26,30.236,55.59,5.606,29.99,25.029,7.987,0.006801,22.003
YSDU,2026-04-04,2,2026-04-03,0,26,26.872,99.369,13.676,26.626,38.976,11.634,0.008684,14.992
YSDU,2026-04-05,2,2026-04-04,0,26,25.857,4.606,16.149,25.611,34.784,9.061,0.007295,16.55
YSDU,2026-04-06,2,2026-04-05,0,26,24.545,82.614,13.036,24.299,35.843,8.361,0.006985,15.938
YSDU,2026-04-07,2,2026-04-06,0,26,30.506,10.571,19.662,30.26,24.843,8.126,0.006925,22.134
YSDU,2026-04-08,2,2026-04-07,0,26,28.208,93.21,11.71,27.962,18.006,1.539,0.00435,26.423
YSDU,2026-04-09,2,2026-04-08,0,26,31.437,0.231,11.542,31.191,22.991,7.708,0.006714,23.483
YSDU,2026-04-10,2,2026-04-09,0,26,32.411,88.268,18.743,32.165,23.567,8.94,0.007327,23.225
YSDU,2026-04-11,2,2026-04-10,0,26,21.32,0.0,19.389,21.074,28.101,1.974,0.004517,19.1
YSDU,2026-04-12,2,2026-04-11,0,26,17.913,5.0,22.196,17.667,31.313,0.509,0.004045,17.158
YSDU,2026-04-13,2,2026-04-12,0,26,19.65,0.0,18.715,19.404,33.271,2.849,0.004767,16.555
YSDU,2026-04-14,2,2026-04-13,0,26,23.17,0.0,12.698,22.924,30.644,4.87,0.00548,18.054
YSDU,2026-04-15,2,2026-04-14,0,26,23.703,0.0,11.435,23.457,30.365,5.166,0.005591,18.291
YSDU,2026-04-16,2,2026-04-15,0,26,25.054,0.473,11.074,24.808,26.966,4.595,0.005388,20.213
YSDU,2026-04-17,2,2026-04-16,0,26,26.678,0.0,19.72,26.432,23.504,4.082,0.005213,22.35
YSDU,2026-04-18,2,2026-04-17,0,26,22.144,0.0,10.571,21.898,16.838,-4.232,0.002825,26.13
YSDU,2026-04-19,2,2026-04-18,0,26,22.815,1.055,5.941,22.569,16.975,-3.8,0.002941,26.369
YSDU,2026-04-20,2,2026-04-19,0,26,23.33,0.0,10.365,23.084,24.867,2.032,0.004476,21.052
YSDU,2026-04-21,2,2026-04-20,0,26,22.979,0.0,15.394,22.733,29.445,4.143,0.005172,18.59
YSDU,2026-04-22,2,2026-04-21,0,26,22.722,10.867,13.686,22.476,32.083,5.077,0.00555,17.399
YSDU,2026-04-23,2,2026-04-22,0,26,22.652,57.667,16.322,22.406,30.807,4.443,0.005285,17.963
YSDU,2026-04-24,2,2026-04-23,0,26,23.208,0.0,15.389,22.962,30.036,4.525,0.005321,18.437
YSDU,2026-04-25,2,2026-04-24,0,26,24.564,0.0,8.111,24.318,34.521,7.765,0.006658,16.553
YSDU,2026-04-26,2,2026-04-25,0,26,24.505,3.132,3.574,24.259,29.327,5.363,0.005685,18.896
YSDU,2026-04-27,2,2026-04-26,0,26,25.048,62.872,7.817,24.802,22.079,1.825,0.004405,22.977
YSDU,2026-04-28,2,2026-04-27,0,26,24.284,0.0,11.86,24.038,19.492,-0.617,0.003695,24.655
YSDU,2026-04-29,2,2026-04-28,0,26,25.117,65.261,10.019,24.871,22.478,2.128,0.004483,22.743
YSDU,2026-04-30,2,2026-04-29,0,26,24.879,0.0,12.006,24.633,31.457,6.74,0.006192,17.893
YSDU,2026-05-01,2,2026-04-30,0,26,24.137,9.462,9.801,23.891,29.874,5.334,0.005631,18.557
YSDU,2026-05-02,2,2026-05-01,0,26,25.437,100.0,13.653,25.191,39.362,10.512,0.008058,14.679
YSDU,2026-05-03,2,2026-05-02,0,26,24.905,99.988,19.703,24.659,38.402,9.656,0.007624,15.003
YSDU,2026-05-04,2,2026-05-03,0,26,18.579,95.369,13.342,18.333,72.57,13.326,0.009775,5.007
YSDU,2026-05-05,2,2026-05-04,0,26,19.564,0.0,12.257,19.318,39.961,5.465,0.005715,13.853
YSDU,2026-05-06,2,2026-05-05,0,26,20.955,0.0,2.645,20.709,36.969,5.534,0.005767,15.175
YSDU,2026-05-07,2,2026-05-06,0,26,13.404,0.0,26.992,13.158,26.302,-5.705,0.002528,18.863
YSDU,2026-05-08,2,2026-05-07,0,26,15.401,80.245,22.219,15.155,48.501,4.44,0.005292,10.715
YSDU,2026-05-09,2,2026-05-08,0,26,19.372,0.0,4.603,19.126,39.44,5.041,0.00554,14.085
YSDU,2026-05-10,2,2026-05-09,0,26,21.972,57.883,8.666,21.726,34.793,5.576,0.005725,16.15
YSDU,2026-05-11,2,2026-05-10,0,26,22.719,1.273,16.164,22.473,38.936,7.908,0.006703,14.565
YSDU,2026-05-12,2,2026-05-11,0,26,22.432,0.0,22.433,22.186,36.904,6.877,0.006239,15.309
YSDU,2026-05-13,2,2026-05-12,0,26,21.731,1.654,20.582,21.485,35.97,5.885,0.005832,15.6
YSDU,2026-05-14,2,2026-05-13,0,26,20.925,23.06,18.934,20.679,48.172,9.351,0.007421,11.328
YSDU,2026-05-15,2,2026-05-14,0,26,22.072,0.015,12.464,21.826,40.053,7.668,0.006628,14.158
YSDU,2026-05-16,2,2026-05-15,0,26,22.079,100.0,9.716,21.833,42.447,8.496,0.007036,13.337
YSDU,2026-05-17,2,2026-05-16,0,26,20.106,100.0,6.524,19.86,48.235,8.599,0.007096,11.261
YSDU,2026-05-18,2,2026-05-17,0,26,14.887,100.0,9.79,14.641,93.864,13.649,0.00997,0.992
YSDU,2026-05-19,2,2026-05-18,0,26,17.134,56.578,20.433,16.888,75.109,12.4,0.009232,4.488
YSDU,2026-05-20,2,2026-05-19,0,26,14.441,0.0,19.048,14.195,50.216,3.987,0.005158,10.208
YSDU,2026-05-21,2,2026-05-20,0,26,16.943,0.0,10.237,16.697,46.898,5.277,0.005619,11.42
YSDU,2026-05-22,2,2026-05-21,0,26,17.915,0.0,15.182,17.669,52.393,7.819,0.006701,9.85
YSDU,2026-05-23,2,2026-05-22,0,26,20.134,5.748,18.486,19.888,51.637,9.65,0.007587,10.238
YSDU,2026-05-24,2,2026-05-23,0,26,19.444,100.0,13.25,19.198,50.147,8.657,0.007098,10.541
YSDU,2026-05-25,2,2026-05-24,0,26,21.34,65.765,8.995,21.094,55.801,11.928,0.008893,9.166
YSDU,2026-05-26,2,2026-05-25,0,26,16.777,90.474,22.897,16.531,88.295,14.593,0.010585,1.938
YSDU,2026-05-27,2,2026-05-26,0,26,19.024,99.268,6.409,18.778,74.772,14.159,0.010303,4.619
YSDU,2026-05-28,2,2026-05-27,0,26,16.644,100.0,13.765,16.398,89.956,14.713,0.010767,1.685
YSDU,2026-05-29,2,2026-05-28,0,26,16.917,5.0,20.623,16.671,62.795,9.629,0.007681,7.042
YSDU,2026-05-30,2,2026-05-29,0,26,15.631,72.829,15.398,15.385,63.684,8.552,0.007132,6.833
YSDU,2026-05-31,2,2026-05-30,0,26,13.976,45.357,19.038,13.73,71.165,8.608,0.007148,5.122
YSDU,2026-06-01,2,2026-05-31,0,26,14.054,32.725,10.523,13.808,51.465,4.032,0.005181,9.776
YSDU,2026-06-02,2,2026-06-01,0,26,11.044,73.089,24.851,10.798,78.13,7.111,0.006496,3.687
YSDU,2026-06-03,2,2026-06-02,0,26,14.998,19.192,28.222,14.752,63.952,7.946,0.006872,6.806
YSDU,2026-06-04,2,2026-06-03,0,26,14.084,97.732,30.146,13.838,66.19,7.607,0.00674,6.231
YSDU,2026-06-05,2,2026-06-04,0,26,9.848,99.382,22.082,9.602,77.457,5.808,0.005883,3.794
YSDU,2026-06-06,2,2026-06-05,0,26,13.251,0.0,14.244,13.005,57.373,4.79,0.005435,8.215
YSDU,2026-06-07,2,2026-06-06,0,26,15.346,54.604,10.707,15.1,52.452,5.489,0.005679,9.611
YSDU,2026-06-08,2,2026-06-07,0,26,16.748,84.393,9.707,16.502,52.05,6.641,0.006161,9.861
YSDU,2026-06-09,2,2026-06-08,0,26,18.624,12.673,17.219,18.378,53.338,8.785,0.00712,9.593
YSDU,2026-06-10,2,2026-06-09,0,26,16.353,100.0,21.105,16.107,79.244,12.483,0.009123,3.624
YSDU,2026-06-11,2,2026-06-10,0,26,17.437,75.733,4.979,17.191,79.541,13.609,0.009812,3.582
YSDU,2026-06-12,2,2026-06-11,0,26,18.155,16.814,15.106,17.909,72.415,12.885,0.009363,5.024
YSDU,2026-06-13,2,2026-06-12,0,26,18.982,100.0,13.211,18.736,66.666,12.47,0.009108,6.266
YSDU,2026-06-14,2,2026-06-13,0,26,15.823,100.0,3.69,15.577,77.751,11.679,0.008664,3.898
YSDU,2026-06-15,2,2026-06-14,0,26,18.13,73.237,19.969,17.884,62.928,10.744,0.008129,7.14
YSDU,2026-06-16,2,2026-06-15,0,26,18.778,5.0,9.032,18.532,59.693,10.609,0.008039,7.923
YSDU,2026-06-17,2,2026-06-16,0,26,19.564,92.407,10.808,19.318,59.609,11.295,0.008456,8.023
YSDU,2026-06-18,2,2026-06-17,0,26,17.649,100.0,24.452,17.403,66.01,11.007,0.008328,6.396
YSDU,2026-06-19,2,2026-06-18,0,26,13.77,100.0,24.334,13.524,93.922,12.572,0.009312,0.952
YSDU,2026-06-20,2,2026-06-19,0,26,13.029,61.923,15.057,12.783,75.405,8.564,0.007049,4.219
YSDU,2026-06-21,2,2026-06-20,0,26,15.508,8.186,6.164,15.262,55.529,6.438,0.006082,8.824
YSDU,2026-06-22,2,2026-06-21,0,26,14.515,16.981,8.514,14.269,58.894,6.362,0.006051,7.907
YSDU,2026-06-23,2,2026-06-22,0,26,14.195,12.223,10.153,13.949,53.101,4.577,0.005327,9.372
YSDU,2026-06-24,2,2026-06-23,0,26,14.441,4.16,8.353,14.195,53.462,4.918,0.005451,9.277
YSDU,2026-06-25,2,2026-06-24,0,26,16.658,1.858,20.428,16.412,54.878,7.312,0.006445,9.1
YSDU,2026-06-26,2,2026-06-25,0,26,12.501,95.339,10.919,12.255,74.934,7.903,0.006697,4.352
YSDU,2026-06-27,2,2026-06-26,0,26,16.044,24.144,16.803,15.798,55.855,7.044,0.006327,8.754
YSDU,2026-06-28,2,2026-06-27,0,26,11.294,100.0,14.192,11.048,87.425,8.994,0.007229,2.054
YSDU,2026-06-29,2,2026-06-28,0,26,15.951,100.0,11.356,15.705,61.952,8.463,0.00698,7.242
YSDU,2026-06-30,2,2026-06-29,0,26,14.042,100.0,26.983,13.796,84.986,11.265,0.008497,2.531
YSDU,2026-07-01,2,2026-06-30,0,26,17.094,99.985,22.808,16.848,80.657,13.462,0.00985,3.386
YSDU,2026-07-02,2,2026-07-01,0,26,15.58,0.085,22.154,15.334,68.183,9.494,0.00755,5.84
YSDU,2026-07-03,2,2026-07-02,0,26,14.103,18.572,23.009,13.857,58.235,5.808,0.005844,8.049
YSDU,2026-07-04,2,2026-07-03,0,26,13.27,46.907,14.878,13.024,61.877,5.85,0.005843,7.174
YSDU,2026-07-05,2,2026-07-04,0,26,14.784,74.652,27.087,14.538,60.137,6.954,0.006276,7.584
YSDU,2026-07-06,2,2026-07-05,0,26,14.476,99.368,20.451,14.23,56.249,5.655,0.005718,8.575
YSDU,2026-07-07,2,2026-07-06,0,26,15.523,0.0,14.634,15.277,54.361,6.152,0.005921,9.125
YSDU,2026-07-08,2,2026-07-07,0,26,15.636,0.048,16.975,15.39,56.335,6.783,0.006202,8.607
YSDU,2026-07-09,2,2026-07-08,0,26,15.387,100.0,15.553,15.141,62.321,8.049,0.006766,7.092
YSDU,2026-07-10,2,2026-07-09,0,26,15.204,99.923,11.976,14.958,57.186,6.552,0.006153,8.406
YSDU,2026-07-11,2,2026-07-10,0,26,13.455,99.401,11.964,13.209,63.762,6.49,0.00614,6.719
YSDU,2026-07-12,2,2026-07-11,0,26,11.188,4.392,17.131,10.942,56.858,2.754,0.004737,8.188
YSDU,2026-07-13,2,2026-07-12,0,26,13.052,0.575,13.488,12.806,58.594,4.973,0.005512,7.833
YSDU,2026-07-14,2,2026-07-13,0,26,11.445,100.0,8.584,11.199,64.523,4.723,0.005422,6.476
YSDU,2026-07-15,2,2026-07-14,0,26,13.955,0.0,16.369,13.709,49.661,3.385,0.004879,10.324
YSDU,2026-07-16,2,2026-07-15,0,26,15.14,0.0,12.255,14.894,48.07,3.996,0.005105,10.898
YSDU,2026-07-17,2,2026-07-16,0,26,16.197,7.128,16.461,15.951,61.201,8.505,0.006969,7.446
YSDU,2026-07-18,2,2026-07-17,0,26,16.942,0.0,15.999,16.696,50.362,6.332,0.006023,10.364
YSDU,2026-07-19,2,2026-07-18,0,26,17.275,0.0,22.456,17.029,48.226,6.05,0.005896,10.979
YSDU,2026-07-20,2,2026-07-19,0,26,16.787,0.0,13.805,16.541,50.738,6.302,0.005998,10.239
YSDU,2026-07-21,2,2026-07-20,0,26,16.713,5.997,5.856,16.467,47.778,5.405,0.005643,11.062
YSDU,2026-07-22,2,2026-07-21,0,26,16.482,58.85,9.865,16.236,42.312,3.483,0.004955,12.753
YSDU,2026-07-23,2,2026-07-22,0,26,16.136,1.237,15.678,15.89,52.022,6.117,0.005962,9.773
YSDU,2026-07-24,2,2026-07-23,0,26,11.692,3.348,16.498,11.446,44.671,-0.191,0.003795,11.637
YSDU,2026-07-25,2,2026-07-24,0,26,13.239,0.046,16.583,12.993,55.442,4.308,0.005224,8.685
YSDU,2026-07-26,2,2026-07-25,0,26,15.485,80.879,9.617,15.239,52.14,5.461,0.005697,9.778
YSDU,2026-07-27,2,2026-07-26,0,26,15.551,0.0,7.092,15.305,51.881,5.499,0.005709,9.806
YSDU,2026-07-28,2,2026-07-27,0,26,15.059,0.0,9.9,14.813,49.454,4.347,0.005283,10.466
YSDU,2026-07-29,2,2026-07-28,0,26,13.102,15.375,17.385,12.856,57.272,4.604,0.005372,8.252
YSDU,2026-07-30,2,2026-07-29,0,26,13.019,0.0,11.087,12.773,37.981,-1.234,0.003525,14.007
YSDU,2026-07-31,2,2026-07-30,0,26,15.183,0.0,14.057,14.937,44.573,2.991,0.004763,11.946
RNO,2025-08-01,20,2025-07-31,18,26,29.216,2.52,9.827,27.172,17.467,0.496,0.004699,26.676
RNO,2025-08-02,20,2025-08-01,18,26,29.023,0.0,3.574,26.979,11.044,-5.817,0.002935,32.796
RNO,2025-08-03,20,2025-08-02,18,26,30.521,0.0,14.86,28.477,7.337,-9.904,0.002143,38.381
RNO,2025-08-04,20,2025-08-03,18,26,28.701,0.0,21.236,26.657,13.197,-3.746,0.003457,30.403
RNO,2025-08-05,20,2025-08-04,18,26,28.542,0.0,5.358,26.498,10.512,-6.744,0.002749,33.242
RNO,2025-08-06,20,2025-08-05,18,26,30.084,0.0,5.386,28.04,12.781,-3.052,0.003615,31.092
RNO,2025-08-07,20,2025-08-06,18,26,30.936,21.436,14.729,28.892,12.947,-2.177,0.003872,31.069
RNO,2025-08-08,20,2025-08-07,18,26,29.791,0.0,9.79,27.747,19.324,2.48,0.005419,25.267
RNO,2025-08-09,20,2025-08-08,18,26,32.21,5.681,9.482,30.166,14.916,0.78,0.004822,29.386
RNO,2025-08-10,20,2025-08-09,18,26,32.681,6.467,6.119,30.637,9.804,-4.432,0.00325,35.069
RNO,2025-08-11,20,2025-08-10,18,26,34.404,4.259,7.992,32.36,11.319,-1.272,0.004124,33.632
RNO,2025-08-12,20,2025-08-11,18,26,35.259,7.436,7.402,33.215,12.462,0.713,0.004784,32.502
RNO,2025-08-13,20,2025-08-12,18,26,34.178,3.33,8.025,32.134,8.656,-4.949,0.003152,37.083
RNO,2025-08-14,20,2025-08-13,18,26,31.507,0.0,2.504,29.463,5.481,-12.789,0.001706,42.252
RNO,2025-08-15,20,2025-08-14,18,26,29.789,0.08,9.003,27.745,14.87,-1.223,0.004164,28.968
RNO,2025-08-16,20,2025-08-15,18,26,29.807,33.9,8.359,27.763,16.211,-0.043,0.004541,27.806
RNO,2025-08-17,20,2025-08-16,18,26,28.111,78.166,7.833,26.067,24.571,4.341,0.006224,21.726
RNO,2025-08-18,20,2025-08-17,18,26,28.733,0.256,7.392,26.689,20.8,2.507,0.00546,24.182
RNO,2025-08-19,20,2025-08-18,18,26,30.127,4.309,6.285,28.083,12.788,-2.96,0.003636,31.043
RNO,2025-08-20,20,2025-08-19,18,26,29.068,0.0,6.885,27.024,13.14,-3.387,0.003512,30.411
RNO,2025-08-21,20,2025-08-20,18,26,32.024,20.43,9.135,29.98,10.232,-4.481,0.00326,34.461
RNO,2025-08-22,20,2025-08-21,18,26,33.999,84.193,8.793,31.955,12.087,-0.761,0.004298,32.716
RNO,2025-08-23,20,2025-08-22,18,26,33.831,99.602,8.043,31.787,16.544,3.528,0.005839,28.259
RNO,2025-08-24,20,2025-08-23,18,26,28.679,90.236,11.388,26.635,32.722,9.054,0.008563,17.581
RNO,2025-08-25,20,2025-08-24,18,26,28.792,3.173,8.115,26.748,30.136,7.909,0.007924,18.839
RNO,2025-08-26,20,2025-08-25,18,26,28.382,70.561,5.778,26.338,27.815,6.356,0.007152,19.982
RNO,2025-08-27,20,2025-08-26,18,26,27.785,86.714,3.666,25.741,25.058,4.292,0.006164,21.449
RNO,2025-08-28,20,2025-08-27,18,26,27.009,0.0,7.734,24.965,18.378,-0.712,0.004313,25.677
RNO,2025-08-29,20,2025-08-28,18,26,28.407,4.071,9.153,26.363,16.552,-0.896,0.004241,27.259
RNO,2025-08-30,20,2025-08-29,18,26,29.333,0.146,14.863,27.289,17.313,0.536,0.004688,26.753
RNO,2025-08-31,20,2025-08-30,18,26,30.86,4.92,6.971,28.816,17.116,1.564,0.005081,27.252
RNO,2025-09-01,20,2025-08-31,18,26,31.231,4.581,12.054,29.187,13.991,-0.856,0.004258,30.043
RNO,2025-09-02,20,2025-09-01,18,26,30.579,100.0,5.658,28.535,17.251,1.526,0.005046,27.009
RNO,2025-09-03,20,2025-09-02,18,26,28.764,18.167,13.574,26.72,27.267,6.38,0.007132,20.34
RNO,2025-09-04,20,2025-09-03,18,26,29.408,7.439,10.244,27.364,25.401,5.981,0.006962,21.383
RNO,2025-09-05,20,2025-09-04,18,26,29.633,4.801,6.746,27.589,12.548,-3.769,0.003459,31.358
RNO,2025-09-06,20,2025-09-05,18,26,28.362,94.154,12.043,26.318,17.829,0.215,0.004606,26.103
RNO,2025-09-07,20,2025-09-06,18,26,27.352,99.73,22.888,25.308,16.218,-2.083,0.003901,27.391
RNO,2025-09-08,20,2025-09-07,18,26,25.903,4.921,31.553,23.859,15.208,-4.026,0.00336,27.885
RNO,2025-09-09,20,2025-09-08,18,26,23.227,100.0,10.504,21.183,25.864,0.936,0.004877,20.247
RNO,2025-09-10,20,2025-09-09,18,26,18.188,97.216,16.325,16.144,45.016,4.247,0.006195,11.897
RNO,2025-09-11,20,2025-09-10,18,26,20.293,21.382,6.942,18.249,34.902,2.528,0.005462,15.721
RNO,2025-09-12,20,2025-09-11,18,26,21.485,48.071,6.477,19.441,33.563,3.033,0.005663,16.408
RNO,2025-09-13,20,2025-09-12,18,26,24.31,0.0,5.513,22.266,24.439,1.161,0.004941,21.105
RNO,2025-09-14,20,2025-09-13,18,26,26.776,0.0,15.929,24.732,17.43,-1.428,0.004088,26.16
RNO,2025-09-15,20,2025-09-14,18,26,25.196,0.0,7.727,23.152,20.216,-0.82,0.004285,23.972
RNO,2025-09-16,20,2025-09-15,18,26,27.083,0.0,12.271,25.039,17.543,-1.167,0.004162,26.206
RNO,2025-09-17,20,2025-09-16,18,26,28.553,0.0,8.329,26.509,15.084,-1.975,0.003917,28.484
RNO,2025-09-18,20,2025-09-17,18,26,28.506,100.0,10.36,26.462,12.754,-4.247,0.003335,30.709
RNO,2025-09-19,20,2025-09-18,18,26,24.329,99.687,3.126,22.285,33.436,5.446,0.006729,16.839
RNO,2025-09-20,20,2025-09-19,18,26,25.35,5.774,4.304,23.306,27.894,3.859,0.005968,19.447
RNO,2025-09-21,20,2025-09-20,18,26,25.779,10.117,6.295,23.735,22.635,1.136,0.004977,22.599
RNO,2025-09-22,20,2025-09-21,18,26,24.144,0.0,7.344,22.1,29.224,3.43,0.005813,18.67
RNO,2025-09-23,20,2025-09-22,18,26,26.029,0.0,14.168,23.985,18.502,-1.325,0.004111,25.31
RNO,2025-09-24,20,2025-09-23,18,26,27.7,0.0,15.317,25.656,11.462,-6.241,0.002833,31.897
RNO,2025-09-25,20,2025-09-24,18,26,25.21,100.0,10.684,23.166,21.277,-0.113,0.004515,23.279
RNO,2025-09-26,20,2025-09-25,18,26,24.789,4.9,7.246,22.745,22.263,0.148,0.00459,22.597
RNO,2025-09-27,20,2025-09-26,18,26,26.661,0.0,9.895,24.617,19.523,-0.125,0.004542,24.742
RNO,2025-09-28,20,2025-09-27,18,26,25.991,81.159,6.695,23.947,26.479,3.642,0.005924,20.305
RNO,2025-09-29,20,2025-09-28,18,26,21.706,100.0,28.165,19.662,39.988,5.706,0.006841,13.956
RNO,2025-09-30,20,2025-09-29,18,26,19.2,100.0,27.75,17.156,32.306,0.464,0.004702,16.692
RNO,2025-10-01,20,2025-09-30,18,26,19.059,89.96,13.579,17.015,42.575,4.182,0.006105,12.833
RNO,2025-10-02,20,2025-10-01,18,26,16.988,97.066,10.836,14.944,60.113,7.102,0.007513,7.842
RNO,2025-10-03,20,2025-10-02,18,26,14.899,50.984,14.362,12.855,43.385,0.723,0.004814,12.132
RNO,2025-10-04,20,2025-10-03,18,26,15.95,0.276,9.679,13.906,34.9,-1.416,0.004115,15.322
RNO,2025-10-05,20,2025-10-04,18,26,16.937,4.498,14.965,14.893,36.573,0.121,0.004613,14.772
RNO,2025-10-06,20,2025-10-05,18,26,17.3,0.0,12.532,15.256,32.223,-1.21,0.004155,16.466
RNO,2025-10-07,20,2025-10-06,18,26,19.452,0.048,7.471,17.408,29.973,-0.296,0.004447,17.704
RNO,2025-10-08,20,2025-10-07,18,26,23.431,0.873,16.449,21.387,16.894,-4.696,0.003227,26.083
RNO,2025-10-09,20,2025-10-08,18,26,21.616,6.626,10.88,19.572,18.793,-4.86,0.003203,24.432
RNO,2025-10-10,20,2025-10-09,18,26,20.247,0.0,37.936,18.203,21.181,-4.3,0.00331,22.503
RNO,2025-10-11,20,2025-10-10,18,26,14.338,5.811,20.586,12.294,23.836,-7.753,0.002547,20.047
RNO,2025-10-12,20,2025-10-11,18,26,13.889,0.957,5.218,11.845,29.538,-5.39,0.00306,17.235
RNO,2025-10-13,20,2025-10-12,18,26,9.823,99.475,9.329,7.779,60.555,0.571,0.004802,7.208
RNO,2025-10-14,20,2025-10-13,18,26,10.046,100.0,9.041,8.002,66.756,2.015,0.005322,5.987
RNO,2025-10-15,20,2025-10-14,18,26,8.869,45.065,10.523,6.825,74.959,2.611,0.005504,4.214
RNO,2025-10-16,20,2025-10-15,18,26,13.274,1.16,5.271,11.23,41.819,-1.306,0.004135,12.536
RNO,2025-10-17,20,2025-10-16,18,26,17.352,5.0,4.171,15.308,20.709,-7.047,0.002679,22.355
RNO,2025-10-18,20,2025-10-17,18,26,20.814,0.0,5.122,18.77,21.819,-3.428,0.003523,22.198
RNO,2025-10-19,20,2025-10-18,18,26,20.74,9.006,31.028,18.696,28.152,-0.096,0.004522,18.792
RNO,2025-10-20,20,2025-10-19,18,26,16.576,0.159,9.638,14.532,38.869,0.691,0.004759,13.841
RNO,2025-10-21,20,2025-10-20,18,26,18.921,0.0,6.975,16.877,25.678,-2.91,0.003657,19.787
RNO,2025-10-22,20,2025-10-21,18,26,18.116,100.0,4.092,16.072,30.533,-1.196,0.004166,17.268
RNO,2025-10-23,20,2025-10-22,18,26,18.938,18.762,5.863,16.894,31.132,-0.216,0.004462,17.11
RNO,2025-10-24,20,2025-10-23,18,26,21.495,94.737,3.399,19.451,19.138,-4.593,0.003239,24.044
RNO,2025-10-25,20,2025-10-24,18,26,14.683,100.0,26.589,12.639,48.987,2.132,0.005323,10.507
RNO,2025-10-26,20,2025-10-25,18,26,9.45,63.249,13.448,7.406,67.981,1.821,0.005206,5.585
RNO,2025-10-27,20,2025-10-26,18,26,12.91,0.136,4.298,10.866,46.768,-0.067,0.004507,10.933
RNO,2025-10-28,20,2025-10-27,18,26,15.203,0.0,6.997,13.159,32.4,-2.98,0.003627,16.139
RNO,2025-10-29,20,2025-10-28,18,26,18.821,42.159,8.075,16.777,26.597,-2.451,0.003767,19.228
RNO,2025-10-30,20,2025-10-29,18,26,19.112,94.974,4.74,17.068,25.269,-2.906,0.00366,19.974
RNO,2025-10-31,20,2025-10-30,18,26,19.109,19.014,3.483,17.065,23.969,-3.648,0.003468,20.713
RNO,2025-11-01,20,2025-10-31,18,26,22.016,5.0,2.604,19.972,13.24,-9.006,0.002294,28.978
RNO,2025-11-02,20,2025-11-01,18,26,21.057,0.0,5.822,19.013,11.866,-11.152,0.001949,30.165
RNO,2025-11-03,20,2025-11-02,18,26,20.751,0.0,17.432,18.707,21.465,-3.73,0.003465,22.437
RNO,2025-11-04,20,2025-11-03,18,26,19.273,98.453,26.656,17.229,21.755,-4.789,0.00319,22.018
RNO,2025-11-05,20,2025-11-04,18,26,10.762,19.303,26.714,8.718,65.746,2.564,0.005477,6.154
RNO,2025-11-06,20,2025-11-05,18,26,12.756,100.0,1.064,10.712,42.512,-1.49,0.00406,12.202
RNO,2025-11-07,20,2025-11-06,18,26,16.11,9.904,8.446,14.066,48.196,3.291,0.005741,10.775
RNO,2025-11-08,20,2025-11-07,18,26,16.637,85.866,5.653,14.593,40.033,1.199,0.004936,13.394
RNO,2025-11-09,20,2025-11-08,18,26,17.579,90.569,4.966,15.535,33.465,-0.442,0.004357,15.977
RNO,2025-11-10,20,2025-11-09,18,26,20.77,19.928,2.644,18.726,22.308,-3.154,0.003572,21.88
RNO,2025-11-11,20,2025-11-10,18,26,19.03,100.0,1.396,16.986,22.655,-4.395,0.00327,21.381
RNO,2025-11-12,20,2025-11-11,18,26,18.567,66.365,17.067,16.523,30.355,-0.887,0.004265,17.41
RNO,2025-11-13,20,2025-11-12,18,26,13.868,99.844,21.825,11.824,61.318,4.595,0.006353,7.229
RNO,2025-11-14,20,2025-11-13,18,26,11.112,99.389,6.599,9.068,74.608,4.744,0.006401,4.324
RNO,2025-11-15,20,2025-11-14,18,26,13.776,100.0,10.106,11.732,62.103,4.702,0.006401,7.03
RNO,2025-11-16,20,2025-11-15,18,26,6.589,100.0,10.751,4.545,84.777,2.159,0.005377,2.386
RNO,2025-11-17,20,2025-11-16,18,26,8.027,100.0,6.506,5.983,68.317,0.533,0.004781,5.45
RNO,2025-11-18,20,2025-11-17,18,26,7.577,41.388,2.771,5.533,83.801,2.948,0.005649,2.585
RNO,2025-11-19,20,2025-11-18,18,26,8.748,5.02,0.598,6.704,62.476,0.007,0.004567,6.697
RNO,2025-11-20,20,2025-11-19,18,26,7.487,99.039,8.311,5.443,61.249,-1.432,0.004116,6.875
RNO,2025-11-21,20,2025-11-20,18,26,8.323,22.72,9.333,6.279,62.277,-0.433,0.004401,6.712
RNO,2025-11-22,20,2025-11-21,18,26,9.564,2.776,7.092,7.52,55.595,-0.814,0.004272,8.334
RNO,2025-11-23,20,2025-11-22,18,26,12.072,29.879,1.996,10.028,33.713,-5.278,0.003077,15.306
RNO,2025-11-24,20,2025-11-23,18,26,12.534,7.778,5.753,10.49,36.678,-3.729,0.003437,14.219
RNO,2025-11-25,20,2025-11-24,18,26,12.476,85.215,3.497,10.432,19.591,-11.882,0.001837,22.314
RNO,2025-11-26,20,2025-11-25,18,26,13.131,60.564,3.738,11.087,27.525,-6.914,0.002687,18.001
RNO,2025-11-27,20,2025-11-26,18,26,16.974,100.0,1.38,14.93,17.026,-9.871,0.002145,24.801
RNO,2025-11-28,20,2025-11-27,18,26,14.833,100.0,5.674,12.789,31.231,-3.8,0.003432,16.589
RNO,2025-11-29,20,2025-11-28,18,26,10.953,4.511,5.365,8.909,32.934,-6.5,0.002795,15.409
RNO,2025-11-30,20,2025-11-29,18,26,9.419,18.359,10.527,7.375,38.873,-5.719,0.002972,13.094
RNO,2025-12-01,20,2025-11-30,18,26,7.933,5.0,4.719,5.889,37.314,-7.588,0.002565,13.477
RNO,2025-12-02,20,2025-12-01,18,26,13.679,100.0,6.228,11.635,30.181,-5.264,0.00308,16.899
RNO,2025-12-03,20,2025-12-02,18,26,5.02,100.0,3.536,2.976,47.61,-7.048,0.002672,10.024
RNO,2025-12-04,20,2025-12-03,18,26,7.68,72.318,3.759,5.636,29.58,-10.751,0.001994,16.387
RNO,2025-12-05,20,2025-12-04,18,26,11.679,8.808,1.987,9.635,56.193,1.339,0.004987,8.296
RNO,2025-12-06,20,2025-12-05,18,26,12.263,99.588,3.047,10.219,54.161,1.366,0.00501,8.853
RNO,2025-12-07,20,2025-12-06,18,26,13.205,100.0,3.49,11.161,43.024,-0.933,0.004225,12.094
RNO,2025-12-08,20,2025-12-07,18,26,12.793,100.0,3.238,10.749,31.845,-5.351,0.003031,16.1
RNO,2025-12-09,20,2025-12-08,18,26,15.939,11.804,3.753,13.895,25.329,-5.631,0.002972,19.526
RNO,2025-12-10,20,2025-12-09,18,26,16.211,79.05,4.349,14.167,24.286,-5.951,0.002898,20.118
RNO,2025-12-11,20,2025-12-10,18,26,16.273,0.0,4.156,14.229,24.571,-5.801,0.002946,20.03
RNO,2025-12-12,20,2025-12-11,18,26,14.22,1.109,3.131,12.176,27.03,-6.218,0.002844,18.394
RNO,2025-12-13,20,2025-12-12,18,26,14.848,11.852,4.401,12.804,15.836,-12.552,0.001733,25.356
RNO,2025-12-14,20,2025-12-13,18,26,14.835,0.0,2.676,12.791,25.196,-6.571,0.002761,19.362
RNO,2025-12-15,20,2025-12-14,18,26,14.998,100.0,2.816,12.954,21.457,-8.486,0.002376,21.44
RNO,2025-12-16,20,2025-12-15,18,26,15.801,98.73,1.649,13.757,47.763,2.85,0.005567,10.907
RNO,2025-12-17,20,2025-12-16,18,26,14.209,3.712,44.035,12.165,53.449,2.862,0.005612,9.303
RNO,2025-12-18,20,2025-12-17,18,26,15.885,99.346,15.351,13.841,37.128,-0.572,0.004363,14.413
RNO,2025-12-19,20,2025-12-18,18,26,12.277,76.021,34.245,10.233,39.907,-3.056,0.003671,13.289
RNO,2025-12-20,20,2025-12-19,18,26,11.51,99.991,9.388,9.466,46.26,-1.493,0.00408,10.959
RNO,2025-12-21,20,2025-12-20,18,26,11.995,76.844,68.838,9.951,65.88,3.812,0.006041,6.139
RNO,2025-12-22,20,2025-12-21,18,26,7.585,100.0,12.593,5.541,85.197,3.227,0.005749,2.314
RNO,2025-12-23,20,2025-12-22,18,26,13.085,6.048,11.658,11.041,37.816,-2.841,0.003726,13.882
RNO,2025-12-24,20,2025-12-23,18,26,4.419,100.0,6.624,2.375,90.025,0.88,0.004899,1.495
RNO,2025-12-25,20,2025-12-24,18,26,3.289,98.568,3.402,1.245,97.157,0.822,0.004885,0.423
RNO,2025-12-26,20,2025-12-25,18,26,4.344,2.811,18.587,2.3,80.332,-0.777,0.004326,3.077
RNO,2025-12-27,20,2025-12-26,18,26,2.738,6.02,7.229,0.694,72.727,-3.734,0.003454,4.428
RNO,2025-12-28,20,2025-12-27,18,26,4.001,1.385,5.294,1.957,54.268,-6.372,0.002805,8.329
RNO,2025-12-29,20,2025-12-28,18,26,4.668,0.048,7.049,2.624,44.737,-8.397,0.002408,11.021
RNO,2025-12-30,20,2025-12-29,18,26,7.435,51.435,4.622,5.391,40.128,-7.218,0.002651,12.609
RNO,2025-12-31,20,2025-12-30,18,26,8.962,100.0,3.959,6.918,41.335,-5.585,0.003047,12.503
RNO,2026-01-01,20,2025-12-31,18,26,6.461,100.0,5.403,4.417,77.226,0.733,0.004837,3.684
RNO,2026-01-02,20,2026-01-01,18,26,8.072,100.0,7.028,6.028,59.924,-1.183,0.004186,7.211
RNO,2026-01-03,20,2026-01-02,18,26,7.039,25.321,13.162,4.995,81.753,2.074,0.005339,2.921
RNO,2026-01-04,20,2026-01-03,18,26,7.272,99.364,13.061,5.228,64.883,-0.908,0.004292,6.136
RNO,2026-01-05,20,2026-01-04,18,26,5.861,56.278,4.258,3.817,55.868,-4.246,0.003343,8.063
RNO,2026-01-06,20,2026-01-05,18,26,7.101,12.563,4.582,5.057,55.5,-3.115,0.003608,8.172
RNO,2026-01-07,20,2026-01-06,18,26,8.146,65.696,16.191,6.102,51.809,-3.046,0.003637,9.148
RNO,2026-01-08,20,2026-01-07,18,26,1.06,5.567,11.37,-0.984,49.755,-10.222,0.002094,9.238
RNO,2026-01-09,20,2026-01-08,18,26,2.692,0.0,5.207,0.648,37.739,-12.216,0.00177,12.864
RNO,2026-01-10,20,2026-01-09,18,26,3.935,99.364,5.656,1.891,37.576,-11.179,0.001922,13.07
RNO,2026-01-11,20,2026-01-10,18,26,5.605,94.68,4.007,3.561,41.203,-8.394,0.00239,11.955
RNO,2026-01-12,20,2026-01-11,18,26,6.526,0.0,3.211,4.482,38.571,-8.43,0.002381,12.912
RNO,2026-01-13,20,2026-01-12,18,26,8.746,0.0,4.675,6.702,34.717,-7.782,0.002511,14.484
RNO,2026-01-14,20,2026-01-13,18,26,10.13,0.015,2.913,8.086,32.104,-7.53,0.002551,15.616
RNO,2026-01-15,20,2026-01-14,18,26,10.923,0.0,5.515,8.879,30.553,-7.522,0.00257,16.401
RNO,2026-01-16,20,2026-01-15,18,26,9.988,0.0,5.085,7.944,31.713,-7.814,0.002508,15.758
RNO,2026-01-17,20,2026-01-16,18,26,10.048,0.0,5.391,8.004,28.171,-9.344,0.002229,17.348
RNO,2026-01-18,20,2026-01-17,18,26,11.027,96.37,2.292,8.983,32.728,-6.596,0.002776,15.579
RNO,2026-01-19,20,2026-01-18,18,26,10.379,0.0,3.744,8.335,28.839,-8.729,0.002337,17.064
RNO,2026-01-20,20,2026-01-19,18,26,9.319,100.0,2.207,7.275,36.007,-6.818,0.002725,14.093
RNO,2026-01-21,20,2026-01-20,18,26,9.965,100.0,2.317,7.921,35.05,-6.553,0.002784,14.474
RNO,2026-01-22,20,2026-01-21,18,26,11.161,54.015,1.772,9.117,34.067,-5.846,0.002936,14.963
RNO,2026-01-23,20,2026-01-22,18,26,9.657,0.071,8.868,7.613,39.984,-5.312,0.003109,12.925
RNO,2026-01-24,20,2026-01-23,18,26,4.538,0.0,9.296,2.494,32.38,-12.488,0.001751,14.982
RNO,2026-01-25,20,2026-01-24,18,26,7.785,99.906,5.534,5.741,16.789,-17.634,0.001143,23.375
RNO,2026-01-26,20,2026-01-25,18,26,9.399,5.299,3.951,7.355,22.183,-12.907,0.001679,20.262
RNO,2026-01-27,20,2026-01-26,18,26,9.319,100.0,7.538,7.275,21.834,-13.194,0.001643,20.469
RNO,2026-01-28,20,2026-01-27,18,26,7.347,99.954,0.351,5.303,53.974,-3.296,0.003537,8.599
RNO,2026-01-29,20,2026-01-28,18,26,9.299,100.0,3.22,7.255,41.57,-4.932,0.00312,12.187
RNO,2026-01-30,20,2026-01-29,18,26,12.709,98.568,2.237,10.665,33.653,-4.723,0.003183,15.388
RNO,2026-01-31,20,2026-01-30,18,26,13.858,100.0,4.708,11.814,24.483,-8.007,0.002497,19.821
RNO,2026-02-01,20,2026-01-31,18,26,14.25,50.136,6.566,12.206,24.73,-7.388,0.002607,19.594
RNO,2026-02-02,20,2026-02-01,18,26,12.215,15.629,4.384,10.171,35.988,-4.258,0.003302,14.429
RNO,2026-02-03,20,2026-02-02,18,26,12.603,3.301,3.781,10.559,32.156,-5.316,0.003018,15.875
RNO,2026-02-04,20,2026-02-03,18,26,13.002,0.0,5.032,10.958,24.757,-8.452,0.002383,19.41
RNO,2026-02-05,20,2026-02-04,18,26,12.441,0.023,4.467,10.397,28.572,-7.016,0.002671,17.413
RNO,2026-02-06,20,2026-02-05,18,26,12.98,100.0,8.104,10.936,34.751,-4.074,0.003363,15.01
RNO,2026-02-07,20,2026-02-06,18,26,13.033,100.0,1.28,10.989,37.881,-2.794,0.003673,13.783
RNO,2026-02-08,20,2026-02-07,18,26,15.104,98.122,10.972,13.06,37.666,-1.033,0.004174,14.093
RNO,2026-02-09,20,2026-02-08,18,26,8.681,100.0,8.549,6.637,59.863,-0.566,0.004328,7.203
RNO,2026-02-10,20,2026-02-09,18,26,4.514,99.896,9.492,2.47,81.715,-0.342,0.004454,2.812
RNO,2026-02-11,20,2026-02-10,18,26,4.509,79.804,3.623,2.465,92.77,1.389,0.005046,1.076
RNO,2026-02-12,20,2026-02-11,18,26,7.838,5.0,4.198,5.794,55.333,-2.508,0.003772,8.302
RNO,2026-02-13,20,2026-02-12,18,26,9.034,99.571,5.199,6.99,45.204,-4.025,0.003364,11.015
RNO,2026-02-14,20,2026-02-13,18,26,10.522,100.0,1.451,8.478,30.936,-7.736,0.002551,16.214
RNO,2026-02-15,20,2026-02-14,18,26,9.675,18.087,1.436,7.631,33.821,-7.271,0.002653,14.902
RNO,2026-02-16,20,2026-02-15,18,26,2.454,100.0,3.934,0.41,99.752,0.39,0.00476,0.02
RNO,2026-02-17,20,2026-02-16,18,26,0.907,100.0,29.671,-1.137,87.273,-2.929,0.003731,1.792
RNO,2026-02-18,20,2026-02-17,18,26,-1.323,94.853,16.923,-3.367,59.844,-10.107,0.002133,6.74
RNO,2026-02-19,20,2026-02-18,18,26,-1.477,100.0,11.41,-3.521,83.304,-6.082,0.002941,2.561
RNO,2026-02-20,20,2026-02-19,18,26,-1.219,4.751,3.346,-3.263,69.778,-8.106,0.002504,4.843
RNO,2026-02-21,20,2026-02-20,18,26,2.078,99.823,7.297,0.034,67.898,-5.26,0.003077,5.294
RNO,2026-02-22,20,2026-02-21,18,26,6.525,95.511,6.412,4.481,69.037,-0.856,0.004265,5.337
RNO,2026-02-23,20,2026-02-22,18,26,10.524,99.738,6.91,8.48,39.111,-4.693,0.003204,13.173
RNO,2026-02-24,20,2026-02-23,18,26,12.965,78.841,14.223,10.921,64.548,4.458,0.006277,6.463
RNO,2026-02-25,20,2026-02-24,18,26,13.955,36.505,10.672,11.911,63.032,5.033,0.006509,6.878
RNO,2026-02-26,20,2026-02-25,18,26,14.034,99.037,2.991,11.99,58.652,4.167,0.006076,7.823
RNO,2026-02-27,20,2026-02-26,18,26,15.368,100.0,6.56,13.324,55.662,4.705,0.006311,8.619
RNO,2026-02-28,20,2026-02-27,18,26,17.783,100.0,1.437,15.739,43.613,3.353,0.00581,12.386
RNO,2026-03-01,20,2026-02-28,18,26,15.17,100.0,18.292,13.126,45.127,1.503,0.005073,11.623
RNO,2026-03-02,20,2026-03-01,18,26,11.421,1.917,12.534,9.377,31.718,-6.631,0.002768,16.008
RNO,2026-03-03,20,2026-03-02,18,26,12.864,3.176,8.975,10.82,38.003,-2.822,0.003667,13.642
RNO,2026-03-04,20,2026-03-03,18,26,11.508,2.871,42.134,9.464,43.307,-2.432,0.003812,11.896
RNO,2026-03-05,20,2026-03-04,18,26,6.666,3.654,12.93,4.622,41.317,-7.373,0.002608,11.995
RNO,2026-03-06,20,2026-03-05,18,26,7.663,3.912,7.291,5.619,35.234,-8.543,0.002373,14.162
RNO,2026-03-07,20,2026-03-06,18,26,10.331,87.709,5.3,8.287,41.51,-4.048,0.003355,12.335
RNO,2026-03-08,20,2026-03-07,18,26,16.681,5.1,6.052,14.637,32.409,-1.674,0.004027,16.311
RNO,2026-03-09,20,2026-03-08,18,26,17.055,95.925,3.535,15.011,30.178,-2.279,0.003864,17.29
RNO,2026-03-10,20,2026-03-09,18,26,15.923,87.52,21.477,13.879,36.649,-0.715,0.004322,14.594
RNO,2026-03-11,20,2026-03-10,18,26,15.719,100.0,4.656,13.675,25.356,-5.728,0.002931,19.403
RNO,2026-03-12,20,2026-03-11,18,26,19.501,0.0,1.666,17.457,20.045,-5.622,0.002957,23.079
RNO,2026-03-13,20,2026-03-12,18,26,19.952,100.0,1.935,17.908,12.863,-11.005,0.001954,28.913
RNO,2026-03-14,20,2026-03-13,18,26,18.49,5.085,21.849,16.446,29.948,-1.207,0.004166,17.653
RNO,2026-03-15,20,2026-03-14,18,26,15.514,97.596,4.83,13.47,21.711,-7.918,0.002485,21.388
RNO,2026-03-16,20,2026-03-15,18,26,19.83,13.411,3.175,17.786,24.956,-2.484,0.003777,20.27
RNO,2026-03-17,20,2026-03-16,18,26,23.23,0.0,3.773,21.186,22.27,-1.067,0.004181,22.253
RNO,2026-03-18,20,2026-03-17,18,26,24.378,71.373,2.377,22.334,18.93,-2.446,0.003777,24.78
RNO,2026-03-19,20,2026-03-18,18,26,24.468,0.0,3.773,22.424,13.328,-6.947,0.002675,29.371
RNO,2026-03-20,20,2026-03-19,18,26,26.584,0.0,7.195,24.54,13.669,-4.872,0.003156,29.412
RNO,2026-03-21,20,2026-03-20,18,26,24.098,100.0,24.231,22.054,18.782,-2.787,0.003709,24.841
RNO,2026-03-22,20,2026-03-21,18,26,19.863,51.194,11.03,17.819,34.947,2.203,0.005325,15.616
RNO,2026-03-23,20,2026-03-22,18,26,21.58,25.595,8.973,19.536,26.226,-0.268,0.004459,19.804
RNO,2026-03-24,20,2026-03-23,18,26,24.809,5.0,18.437,22.765,12.154,-7.913,0.002514,30.678
RNO,2026-03-25,20,2026-03-24,18,26,23.084,100.0,19.939,21.04,12.723,-8.814,0.002362,29.854
RNO,2026-03-26,20,2026-03-25,18,26,15.673,67.516,20.805,13.629,39.824,0.265,0.004605,13.364
RNO,2026-03-27,20,2026-03-26,18,26,16.057,100.0,8.882,14.013,19.396,-9.046,0.002288,23.059
RNO,2026-03-28,20,2026-03-27,18,26,23.036,5.0,7.648,20.992,13.592,-7.958,0.002509,28.95
RNO,2026-03-29,20,2026-03-28,18,26,21.711,99.841,3.949,19.667,17.191,-5.844,0.00294,25.511
RNO,2026-03-30,20,2026-03-29,18,26,19.667,29.171,29.753,17.623,18.775,-6.38,0.002839,24.003
RNO,2026-03-31,20,2026-03-30,18,26,13.313,100.0,16.418,11.269,46.023,-0.052,0.004579,11.321
RNO,2026-04-01,20,2026-03-31,18,26,7.666,91.064,8.724,5.622,80.396,2.506,0.005483,3.116
RNO,2026-04-02,20,2026-04-01,18,26,8.206,65.186,22.943,6.162,31.287,-9.798,0.002181,15.96
RNO,2026-04-03,20,2026-04-02,18,26,11.43,0.0,14.198,9.386,19.936,-12.596,0.001723,21.982
RNO,2026-04-04,20,2026-04-03,18,26,16.197,5.373,13.851,14.153,17.509,-10.26,0.002078,24.413
RNO,2026-04-05,20,2026-04-04,18,26,18.962,97.426,7.252,16.918,14.972,-9.898,0.002147,26.816
RNO,2026-04-06,20,2026-04-05,18,26,20.793,12.237,3.904,18.749,16.928,-6.829,0.00274,25.578
RNO,2026-04-07,20,2026-04-06,18,26,20.776,91.652,4.062,18.732,14.94,-8.495,0.002401,27.227
RNO,2026-04-08,20,2026-04-07,18,26,20.07,32.88,7.251,18.026,25.721,-1.888,0.003966,19.914
RNO,2026-04-09,20,2026-04-08,18,26,18.859,100.0,11.5,16.815,28.621,-1.5,0.00409,18.315
RNO,2026-04-10,20,2026-04-09,18,26,15.424,98.918,13.85,13.38,39.427,-0.192,0.004529,13.572
RNO,2026-04-11,20,2026-04-10,18,26,13.392,98.409,24.737,11.348,38.671,-2.325,0.003879,13.673
RNO,2026-04-12,20,2026-04-11,18,26,8.552,100.0,20.649,6.508,38.925,-6.752,0.00278,13.26
RNO,2026-04-13,20,2026-04-12,18,26,9.749,10.521,6.266,7.705,36.526,-6.316,0.002851,14.021
RNO,2026-04-14,20,2026-04-13,18,26,15.335,2.655,10.173,13.291,24.262,-6.773,0.002743,20.064
RNO,2026-04-15,20,2026-04-14,18,26,16.178,25.897,31.087,14.134,32.038,-2.332,0.003856,16.466
RNO,2026-04-16,20,2026-04-15,18,26,9.609,1.49,23.201,7.565,21.215,-13.419,0.001645,20.984
RNO,2026-04-17,20,2026-04-16,18,26,10.427,79.603,12.738,8.383,13.967,-17.663,0.001136,26.046
RNO,2026-04-18,20,2026-04-17,18,26,16.847,5.0,9.257,14.803,14.043,-12.511,0.001757,27.314
RNO,2026-04-19,20,2026-04-18,18,26,19.416,89.564,10.043,17.372,14.502,-9.969,0.002159,27.341
RNO,2026-04-20,20,2026-04-19,18,26,20.276,4.893,35.65,18.232,18.076,-6.455,0.002825,24.687
RNO,2026-04-21,20,2026-04-20,18,26,11.058,92.312,11.478,9.014,53.927,0.14,0.004626,8.874
RNO,2026-04-22,20,2026-04-21,18,26,9.819,27.771,17.171,7.775,35.444,-6.635,0.002766,14.41
RNO,2026-04-23,20,2026-04-22,18,26,13.538,0.472,5.886,11.494,30.584,-5.216,0.003095,16.71
RNO,2026-04-24,20,2026-04-23,18,26,17.731,58.389,9.901,15.687,24.592,-4.484,0.003292,20.171
RNO,2026-04-25,20,2026-04-24,18,26,16.502,100.0,11.566,14.458,24.288,-5.82,0.002997,20.278
RNO,2026-04-26,20,2026-04-25,18,26,12.263,99.571,21.762,10.219,38.156,-3.449,0.00357,13.668
RNO,2026-04-27,20,2026-04-26,18,26,11.983,71.425,11.208,9.939,35.941,-4.52,0.003276,14.459
RNO,2026-04-28,20,2026-04-27,18,26,15.079,66.707,4.843,13.035,28.56,-4.778,0.003183,17.813
RNO,2026-04-29,20,2026-04-28,18,26,17.884,16.869,5.589,15.84,23.613,-4.915,0.003164,20.755
RNO,2026-04-30,20,2026-04-29,18,26,19.748,100.0,10.318,17.704,21.531,-4.631,0.00324,22.335
RNO,2026-05-01,20,2026-04-30,18,26,20.882,26.658,16.103,18.838,16.415,-7.165,0.002663,26.003
RNO,2026-05-02,20,2026-05-01,18,26,22.582,100.0,14.261,20.538,21.092,-2.43,0.003823,22.968
RNO,2026-05-03,20,2026-05-02,18,26,21.589,91.511,18.057,19.545,25.301,-0.929,0.004298,20.474
RNO,2026-05-04,20,2026-05-03,18,26,7.962,98.436,18.729,5.918,83.049,3.119,0.005745,2.799
RNO,2026-05-05,20,2026-05-04,18,26,17.23,14.493,9.51,15.186,46.308,3.593,0.00593,11.593
RNO,2026-05-06,20,2026-05-05,18,26,22.042,0.0,7.14,19.998,21.258,-2.796,0.003686,22.794
RNO,2026-05-07,20,2026-05-06,18,26,26.435,8.276,21.361,24.391,16.44,-2.669,0.003742,27.06
RNO,2026-05-08,20,2026-05-07,18,26,25.014,19.865,6.762,22.97,10.433,-9.836,0.00217,32.806
RNO,2026-05-09,20,2026-05-08,18,26,24.735,5.0,9.512,22.691,19.161,-2.0,0.003912,24.691
RNO,2026-05-10,20,2026-05-09,18,26,29.204,5.0,13.79,27.16,13.793,-2.75,0.003712,29.91
RNO,2026-05-11,20,2026-05-10,18,26,29.642,39.962,13.259,27.598,11.229,-5.157,0.003101,32.755
RNO,2026-05-12,20,2026-05-11,18,26,30.053,100.0,30.807,28.009,12.17,-3.724,0.003447,31.733
RNO,2026-05-13,20,2026-05-12,18,26,24.291,0.59,31.655,22.247,10.585,-10.179,0.002119,32.426
RNO,2026-05-14,20,2026-05-13,18,26,23.797,0.0,6.339,21.753,17.094,-4.199,0.003323,25.952
RNO,2026-05-15,20,2026-05-14,18,26,22.877,0.0,9.184,20.833,17.682,-4.52,0.003257,25.353
RNO,2026-05-16,20,2026-05-15,18,26,18.937,5.842,15.299,16.893,22.618,-4.538,0.003256,21.431
RNO,2026-05-17,20,2026-05-16,18,26,10.846,79.58,35.877,8.802,28.663,-8.385,0.002431,17.187
RNO,2026-05-18,20,2026-05-17,18,26,14.814,90.663,17.118,12.77,17.348,-11.423,0.001895,24.193
RNO,2026-05-19,20,2026-05-18,18,26,18.56,0.446,7.003,16.516,13.435,-11.598,0.001879,28.114
RNO,2026-05-20,20,2026-05-19,18,26,22.889,89.972,7.974,20.845,15.604,-6.118,0.002889,26.963
RNO,2026-05-21,20,2026-05-20,18,26,24.766,13.491,8.757,22.722,22.553,0.358,0.004671,22.364
RNO,2026-05-22,20,2026-05-21,18,26,24.691,44.116,4.337,22.647,23.801,0.925,0.004903,21.722
RNO,2026-05-23,20,2026-05-22,18,26,26.422,5.215,5.765,24.378,15.184,-3.599,0.003486,27.977
RNO,2026-05-24,20,2026-05-23,18,26,25.647,87.848,7.461,23.603,14.06,-5.426,0.003063,29.029
RNO,2026-05-25,20,2026-05-24,18,26,26.483,97.918,22.602,24.439,14.723,-4.205,0.003366,28.644
RNO,2026-05-26,20,2026-05-25,18,26,14.239,91.57,25.964,12.195,26.922,-6.974,0.002782,19.169
RNO,2026-05-27,20,2026-05-26,18,26,9.015,100.0,2.286,6.971,70.809,1.967,0.005307,5.004
RNO,2026-05-28,20,2026-05-27,18,26,12.452,98.499,9.782,10.408,53.319,1.261,0.005032,9.147
RNO,2026-05-29,20,2026-05-28,18,26,15.185,69.913,18.948,13.141,51.022,3.089,0.005711,10.052
RNO,2026-05-30,20,2026-05-29,18,26,20.189,43.496,10.728,18.145,26.414,-1.374,0.004098,19.519
RNO,2026-05-31,20,2026-05-30,18,26,22.356,25.413,11.906,20.312,22.324,-1.798,0.003991,22.11
RNO,2026-06-01,20,2026-05-31,18,26,24.532,0.0,7.902,22.488,17.693,-3.174,0.003614,25.662
RNO,2026-06-02,20,2026-06-01,18,26,27.679,46.419,9.457,25.635,12.68,-5.063,0.003105,30.698
RNO,2026-06-03,20,2026-06-02,18,26,29.466,0.014,29.942,27.422,7.587,-10.423,0.002072,37.845
RNO,2026-06-04,20,2026-06-03,18,26,27.092,0.0,8.552,25.048,17.433,-1.261,0.004159,26.309
RNO,2026-06-05,20,2026-06-04,18,26,29.924,9.833,4.614,27.88,9.138,-7.663,0.002583,35.543
RNO,2026-06-06,20,2026-06-05,18,26,26.157,80.032,34.806,24.113,11.4,-7.62,0.002598,31.733
RNO,2026-06-07,20,2026-06-06,18,26,23.155,99.786,7.735,21.111,15.983,-5.736,0.002999,26.847
RNO,2026-06-08,20,2026-06-07,18,26,23.487,100.0,27.31,21.443,16.441,-4.996,0.003165,26.439
RNO,2026-06-09,20,2026-06-08,18,26,24.806,0.0,16.877,22.762,17.129,-3.494,0.003528,26.256
RNO,2026-06-10,20,2026-06-09,18,26,25.539,0.628,11.287,23.495,18.626,-1.595,0.004045,25.09
RNO,2026-06-11,20,2026-06-10,18,26,26.943,0.0,10.405,24.899,15.56,-2.897,0.003666,27.796
RNO,2026-06-12,20,2026-06-11,18,26,30.883,0.0,9.413,28.839,14.16,-1.058,0.00422,29.897
RNO,2026-06-13,20,2026-06-12,18,26,29.995,0.0,9.408,27.951,15.642,-0.418,0.004417,28.369
RNO,2026-06-14,20,2026-06-13,18,26,30.568,0.127,9.662,28.524,12.929,-2.518,0.003763,31.042
RNO,2026-06-15,20,2026-06-14,18,26,31.665,0.0,5.018,29.621,12.439,-2.14,0.003876,31.761
RNO,2026-06-16,20,2026-06-15,18,26,34.143,4.742,9.03,32.099,11.152,-1.667,0.004041,33.766
RNO,2026-06-17,20,2026-06-16,18,26,33.919,37.369,12.218,31.875,15.426,2.618,0.005515,29.257
RNO,2026-06-18,20,2026-06-17,18,26,32.637,0.818,5.929,30.593,13.712,-0.121,0.004518,30.714
RNO,2026-06-19,20,2026-06-18,18,26,28.952,97.216,18.945,26.908,30.958,8.297,0.008204,18.611
RNO,2026-06-20,20,2026-06-19,18,26,26.735,0.0,8.818,24.691,14.145,-4.467,0.003281,29.158
RNO,2026-06-21,20,2026-06-20,18,26,27.479,0.204,6.745,25.435,24.658,3.952,0.006052,21.483
RNO,2026-06-22,20,2026-06-21,18,26,30.012,0.027,6.582,27.968,18.112,1.649,0.005114,26.319
RNO,2026-06-23,20,2026-06-22,18,26,32.034,0.0,8.329,29.99,14.668,0.398,0.004683,29.592
RNO,2026-06-24,20,2026-06-23,18,26,31.5,0.0,19.817,29.456,13.943,-0.769,0.004305,30.225
RNO,2026-06-25,20,2026-06-24,18,26,30.055,5.0,5.026,28.011,10.706,-5.482,0.003046,33.493
RNO,2026-06-26,20,2026-06-25,18,26,25.037,3.066,35.47,22.993,25.752,2.254,0.00541,20.739
RNO,2026-06-27,20,2026-06-26,18,26,21.758,0.0,33.928,19.714,18.943,-4.686,0.00325,24.4
RNO,2026-06-28,20,2026-06-27,18,26,18.065,0.0,14.106,16.021,23.014,-5.105,0.003125,21.126
RNO,2026-06-29,20,2026-06-28,18,26,22.438,0.859,11.467,20.394,15.896,-6.264,0.002858,26.658
RNO,2026-06-30,20,2026-06-29,18,26,26.501,4.348,7.3,24.457,15.946,-3.011,0.003654,27.468
RNO,2026-07-01,20,2026-06-30,18,26,26.064,4.92,10.443,24.02,13.138,-5.95,0.002942,29.97
RNO,2026-07-02,20,2026-07-01,18,26,26.573,13.589,6.958,24.529,14.622,-3.997,0.003384,28.526
RNO,2026-07-03,20,2026-07-02,18,26,28.687,0.347,5.639,26.643,16.588,-0.573,0.004357,27.216
RNO,2026-07-04,20,2026-07-03,18,26,31.137,0.0,6.719,29.093,13.974,-0.983,0.004224,30.076
RNO,2026-07-05,20,2026-07-04,18,26,31.112,99.924,7.808,29.068,15.689,0.568,0.004741,28.5
RNO,2026-07-06,20,2026-07-05,18,26,30.825,0.0,5.079,28.781,15.9,0.506,0.004749,28.275
RNO,2026-07-07,20,2026-07-06,18,26,31.322,0.0,7.464,29.278,10.631,-4.535,0.003264,33.813
RNO,2026-07-08,20,2026-07-07,18,26,31.952,0.0,3.938,29.908,7.88,-7.942,0.002509,37.85
RNO,2026-07-09,20,2026-07-08,18,26,31.175,0.0,8.929,29.131,10.632,-4.652,0.003249,33.783
RNO,2026-07-10,20,2026-07-09,18,26,33.96,0.313,21.806,31.916,9.982,-3.217,0.003589,35.133
RNO,2026-07-11,20,2026-07-10,18,26,35.103,21.95,13.707,33.059,6.309,-8.454,0.002414,41.513
RNO,2026-07-12,20,2026-07-11,18,26,30.744,100.0,9.818,28.7,16.041,0.582,0.004734,28.118
RNO,2026-07-13,20,2026-07-12,18,26,29.102,67.667,15.378,27.058,30.52,8.238,0.008095,18.82
RNO,2026-07-14,20,2026-07-13,18,26,30.168,67.044,7.637,28.124,28.227,8.099,0.008041,20.025
RNO,2026-07-15,20,2026-07-14,18,26,32.494,5.189,12.543,30.45,16.595,2.539,0.005437,27.911
RNO,2026-07-16,20,2026-07-15,18,26,33.152,0.0,20.166,31.108,10.685,-3.042,0.00365,34.15
RNO,2026-07-17,20,2026-07-16,18,26,32.502,0.0,10.698,30.458,9.711,-4.872,0.003173,35.33
RNO,2026-07-18,20,2026-07-17,18,26,32.023,9.219,8.15,29.979,17.284,2.673,0.005486,27.306
RNO,2026-07-19,20,2026-07-18,18,26,32.476,29.229,6.16,30.432,18.649,4.096,0.006082,26.336
RNO,2026-07-20,20,2026-07-19,18,26,32.704,31.313,7.468,30.66,21.28,6.262,0.007087,24.398
RNO,2026-07-21,20,2026-07-20,18,26,30.064,27.28,12.46,28.02,32.945,10.375,0.009348,17.645
RNO,2026-07-22,20,2026-07-21,18,26,31.209,0.713,10.076,29.165,27.325,8.518,0.008266,20.647
RNO,2026-07-23,20,2026-07-22,18,26,33.726,0.0,6.352,31.682,18.135,4.632,0.006381,27.05
RNO,2026-07-24,20,2026-07-23,18,26,35.412,5.384,11.548,33.368,6.844,-7.15,0.002665,40.518
RNO,2026-07-25,20,2026-07-24,18,26,34.353,0.225,29.136,32.309,9.757,-3.467,0.003537,35.776
RNO,2026-07-26,20,2026-07-25,18,26,33.403,0.0,22.765,31.359,7.532,-7.554,0.002588,38.913
RNO,2026-07-27,20,2026-07-26,18,26,32.247,0.0,3.884,30.203,6.62,-10.083,0.002115,40.286
RNO,2026-07-28,20,2026-07-27,18,26,30.98,0.0,9.948,28.936,7.09,-9.992,0.002143,38.928
RNO,2026-07-29,20,2026-07-28,18,26,32.068,0.0,6.928,30.024,8.909,-6.363,0.002844,36.387
RNO,2026-07-30,20,2026-07-29,18,26,32.801,0.0,8.407,30.757,6.096,-10.667,0.002022,41.424
RNO,2026-07-31,20,2026-07-30,18,26,34.043,0.0,8.054,31.999,6.044,-9.798,0.002165,41.797
