station,target_date,target_hour,run_date,cycle,lead,temp,season_sin,season_cos,cloud_cover,wind_speed_10m,dewpoint_depression_t2m_floored,lapse_rate_t2_t850,dswrf_2h_wm2,pressure_tendency_3h_hpa,temperature_grib_c,cloud_cover_grib_pct,wind_speed_grib_kmh,t2m_raw,t925,t850,t700,relative_humidity_2m,dew_point_2m,specific_humidity_2m,dewpoint_depression_t2m,pressure_msl_hpa,pressure_surface_hpa,pressure_msl_lead_minus3_hpa,dswrf_ave_to_lead_wm2,dswrf_ave_to_lead_minus2_wm2,complete_case
SFO,2021-03-24,20,2021-03-23,18,26,14.828,0.9873494423939864,0.15855938510313455,0.0,8.499,16.238,6.443,823.575,-1.709,14.828,0.0,8.499,14.134,9.49,7.691,0.659,36.461,-2.104,0.003393,16.238,1016.339,1005.078,1018.048,823.575,,1
SFO,2021-03-25,20,2021-03-24,18,26,12.962,0.989932495087353,0.14154029521704323,6.484,17.124,7.543,10.574,807.902,-0.651,12.962,6.484,17.124,12.268,6.486,1.694,-0.607,61.277,4.725,0.005345,7.543,1009.759,998.49,1010.41,807.902,,1
SFO,2021-03-26,20,2021-03-25,18,26,15.277,0.9922222094179323,0.12447926388678937,0.0,9.249,13.774,7.818,838.47,0.841,15.277,0.0,9.249,14.583,9.714,6.765,1.917,42.267,0.809,0.004078,13.774,1017.757,1006.493,1016.916,838.47,,1
SFO,2021-03-27,20,2021-03-26,18,26,16.963,0.994217906893952,0.10738134666416309,1.698,6.931,13.288,6.19,832.905,0.074,16.963,1.698,6.931,16.269,12.927,10.079,2.384,44.484,2.981,0.004689,13.288,1024.731,1013.451,1024.657,832.905,,1
SFO,2021-03-28,20,2021-03-27,18,26,17.617,0.995918996147179,0.09025161003104117,0.0,9.633,12.933,5.97,839.199,-1.395,17.617,0.0,9.633,16.923,14.17,10.953,1.466,46.231,3.99,0.005033,12.933,1024.135,1012.887,1025.53,839.199,,1
SFO,2021-03-29,20,2021-03-28,18,26,13.467,0.9973249731081555,0.07309512989807755,0.0,10.991,8.867,2.629,852.061,-1.624,13.467,0.0,10.991,12.773,8.593,10.144,3.971,56.318,3.906,0.005028,8.867,1017.209,1005.858,1018.833,852.061,,1
SFO,2021-03-30,20,2021-03-29,18,26,18.774,0.9984354211555643,0.05591699010060326,0.0,12.118,20.34,4.899,874.185,-0.62,18.774,0.0,12.118,18.08,13.347,13.181,5.105,27.199,-2.26,0.003297,20.34,1016.059,1004.896,1016.679,874.185,,1
SFO,2021-03-31,20,2021-03-30,18,26,21.124,0.9992500112396835,0.03872228089217446,0.0,4.673,16.584,8.54,856.73,-0.788,21.124,0.0,4.673,20.43,15.723,11.89,5.067,35.74,3.846,0.005017,16.584,1019.333,1008.186,1020.121,856.73,,1
SFO,2021-04-01,20,2021-03-31,18,26,21.622,0.9997685019798909,0.021516097436222254,0.0,5.322,15.924,8.144,857.182,-1.519,21.622,0.0,5.322,20.928,18.266,12.784,2.611,39.281,5.004,0.005465,15.924,1013.76,1002.702,1015.279,857.182,,1
SFO,2021-04-02,20,2021-04-01,18,26,17.043,0.9999907397361901,0.004303538296244289,100.0,11.625,10.878,4.184,753.334,0.299,17.043,100.0,11.625,16.349,14.145,12.165,3.73,52.753,5.471,0.005632,10.878,1016.684,1005.5,1016.385,753.334,,1
SFO,2021-04-03,20,2021-04-02,18,26,15.32,0.9999166586547379,-0.012910296075009042,77.437,11.145,7.524,2.861,832.505,0.003,15.32,77.437,11.145,14.626,11.17,11.765,3.573,62.935,7.102,0.00624,7.524,1021.117,1009.815,1021.114,832.505,,1
SFO,2021-04-04,20,2021-04-03,18,26,14.133,0.9995462806873573,-0.030120304846908114,100.0,14.348,7.65,0.923,776.047,-1.473,14.133,100.0,14.348,13.439,8.956,12.516,2.963,60.839,5.789,0.005694,7.65,1021.099,1009.77,1022.572,776.047,,1
SFO,2021-04-05,20,2021-04-04,18,26,14.183,0.9988797155850336,-0.04732138832243185,9.591,16.507,7.058,6.524,821.502,-1.048,14.183,9.591,16.507,13.489,7.848,6.965,-0.333,63.507,6.431,0.00598,7.058,1018.403,1007.089,1019.451,821.502,,1
SFO,2021-04-06,20,2021-04-05,18,26,14.496,0.9979171608653922,-0.06450844944931623,22.242,10.761,7.177,3.82,868.146,-0.577,14.496,22.242,10.761,13.802,10.925,9.982,1.422,65.003,6.625,0.006049,7.177,1017.657,1006.395,1018.234,868.146,,1
SFO,2021-04-07,20,2021-04-06,18,26,13.549,0.9966589017541702,-0.08167639533042241,7.556,20.089,7.378,5.173,870.714,0.471,13.549,7.556,20.089,12.855,8.417,7.682,1.673,62.128,5.477,0.005569,7.378,1022.946,1011.552,1022.475,870.714,,1
SFO,2021-04-08,20,2021-04-07,18,26,14.175,0.9951053111006976,-0.09882013873287143,4.702,16.903,8.392,3.95,886.695,-1.011,14.175,4.702,16.903,13.481,9.867,9.531,1.038,58.665,5.089,0.005422,8.392,1022.111,1010.751,1023.122,886.695,,1
SFO,2021-04-09,20,2021-04-08,18,26,13.621,0.9932568492674143,-0.11593459959550041,11.82,15.255,7.322,2.083,876.872,-1.11,13.621,11.82,15.255,12.927,10.005,10.844,1.952,62.735,5.605,0.005633,7.322,1020.054,1008.679,1021.164,876.872,,1
SFO,2021-04-10,20,2021-04-09,18,26,14.746,0.9911140639934547,-0.1330147065341959,15.476,14.603,8.499,2.575,879.199,-1.435,14.746,15.476,14.603,14.052,12.702,11.477,2.38,58.96,5.553,0.005628,8.499,1017.585,1006.334,1019.02,879.199,,1
SFO,2021-04-11,20,2021-04-10,18,26,15.053,0.9886775902323405,-0.1500553983446526,93.369,11.711,8.663,1.278,781.646,-0.959,15.053,93.369,11.711,14.359,14.09,13.081,3.958,60.132,5.696,0.005729,8.663,1012.138,1000.957,1013.097,781.646,,1
SFO,2021-04-12,20,2021-04-11,18,26,15.804,0.9859481499638304,-0.16705162550211902,82.823,10.525,9.256,1.736,853.079,-0.431,15.804,82.823,10.525,15.11,13.843,13.374,2.0,58.64,5.854,0.005798,9.256,1010.684,999.541,1011.115,853.079,,1
SFO,2021-04-13,20,2021-04-12,18,26,13.248,0.9829265519799822,-0.18399835165768005,1.558,22.845,6.893,3.831,908.412,-0.195,13.248,1.558,22.845,12.554,6.366,8.723,3.108,63.612,5.661,0.005696,6.893,1011.766,1000.466,1011.961,908.412,,1
SFO,2021-04-14,20,2021-04-13,18,26,15.236,0.9796136916454901,-0.20089055513063525,0.0,10.308,10.845,10.351,902.254,0.391,15.236,0.0,10.308,14.542,9.634,4.191,-5.103,51.75,3.697,0.004994,10.845,1014.759,1003.535,1014.368,902.254,,1
SFO,2021-04-15,20,2021-04-14,18,26,14.835,0.9760105506323683,-0.21772323039653177,0.153,11.147,10.663,7.009,918.973,-0.638,14.835,0.153,11.147,14.141,9.866,7.132,-1.199,52.49,3.478,0.004895,10.663,1017.243,1005.988,1017.881,918.973,,1
SFO,2021-04-16,20,2021-04-15,18,26,15.948,0.9721181966290613,-0.23449138957040963,6.537,12.563,9.609,6.635,905.881,-0.823,15.948,6.537,12.563,15.254,12.301,8.619,-0.797,55.627,5.645,0.00567,9.609,1015.942,1004.734,1016.765,905.881,,1
SFO,2021-04-17,20,2021-04-16,18,26,17.059,0.9679377830240643,-0.2511900638848191,0.397,14.416,10.022,4.649,898.274,-0.405,17.059,0.397,14.416,16.365,14.675,11.716,-1.823,55.909,6.343,0.005961,10.022,1017.101,1005.928,1017.506,898.274,,1
SFO,2021-04-18,20,2021-04-17,18,26,20.798,0.9634705485641488,-0.2678143051621742,0.0,11.853,19.842,7.418,939.211,-0.453,20.798,0.0,11.853,20.104,17.639,12.686,3.713,31.627,0.262,0.003979,19.842,1019.18,1008.041,1019.633,939.211,,1
SFO,2021-04-19,20,2021-04-18,18,26,17.242,0.9587178169872964,-0.2843591872810036,6.1,18.677,8.931,1.509,915.869,-0.561,17.242,6.1,18.677,16.548,14.715,15.039,4.437,58.613,7.617,0.006471,8.931,1018.906,1007.709,1019.467,915.869,,1
SFO,2021-04-20,20,2021-04-19,18,26,14.753,0.9536809966304456,-0.30081980763566757,15.15,25.005,5.86,2.684,905.585,-1.101,14.753,15.15,25.005,14.059,8.566,11.375,3.676,68.603,8.199,0.00675,5.86,1013.417,1002.168,1014.518,905.585,,1
SFO,2021-04-21,20,2021-04-20,18,26,15.871,0.9483615800121716,-0.3171912885891059,19.39,13.32,7.786,4.734,840.448,-0.62,15.871,19.39,13.32,15.177,11.871,10.443,-0.801,62.352,7.391,0.006426,7.786,1011.557,1000.378,1012.177,840.448,,1
SFO,2021-04-22,20,2021-04-21,18,26,15.111,0.9427611433904207,-0.3334687789181868,30.132,16.346,6.758,1.235,810.873,-0.181,15.111,30.132,16.346,14.417,9.53,13.182,1.515,65.594,7.659,0.006518,6.758,1013.588,1002.347,1013.769,810.873,,1
SFO,2021-04-23,20,2021-04-22,18,26,15.037,0.9368813462954315,-0.3496474552512284,11.351,12.96,7.315,2.242,878.824,-0.06,15.037,11.351,12.96,14.343,10.949,12.101,2.771,63.514,7.028,0.006251,7.315,1015.635,1004.39,1015.695,878.824,,1
SFO,2021-04-24,20,2021-04-23,18,26,14.666,0.9307239310379793,-0.3657225234972692,100.0,17.424,8.301,10.714,781.192,-0.43,14.666,100.0,17.424,13.972,7.346,3.258,-1.547,58.646,5.671,0.005682,8.301,1016.97,1005.683,1017.4,781.192,,1
SFO,2021-04-25,20,2021-04-24,18,26,10.412,0.9242907221930933,-0.38168922026665897,100.0,14.863,2.596,9.296,61.65,-0.353,10.412,100.0,14.863,9.718,4.491,0.422,-7.866,84.177,7.122,0.006309,2.596,1012.636,1001.222,1012.989,61.65,,1
SFO,2021-04-26,20,2021-04-25,18,26,13.483,0.9175836260593938,-0.3975428142825558,29.506,17.516,8.145,12.393,919.07,-0.252,13.483,29.506,17.516,12.789,5.802,0.396,-8.458,59.069,4.644,0.005328,8.145,1013.335,1002.029,1013.587,919.07,,1
SFO,2021-04-27,20,2021-04-26,18,26,15.165,0.9106046300942163,-0.4132786077829042,0.0,14.566,10.687,8.997,938.853,0.446,15.165,0.0,14.566,14.471,9.914,5.474,-2.74,51.489,3.784,0.004997,10.687,1017.73,1006.481,1017.284,938.853,,1
SFO,2021-04-28,20,2021-04-27,18,26,18.584,0.9033558023246845,-0.4288919379124835,4.287,10.92,13.639,6.36,946.671,-0.381,18.584,4.287,10.92,17.89,16.214,11.53,5.542,47.297,4.251,0.005193,13.639,1021.433,1010.24,1021.814,946.671,,1
SFO,2021-04-29,20,2021-04-28,18,26,18.783,0.895839290734909,-0.4443781781046132,15.603,12.697,11.382,2.389,934.077,-0.143,18.783,15.603,12.697,18.089,18.151,15.7,8.779,52.483,6.707,0.00608,11.382,1023.288,1012.074,1023.431,934.077,,1
SFO,2021-04-30,20,2021-04-29,18,26,18.035,0.8880573226294932,-0.45973273945210397,99.287,12.896,11.372,0.803,874.095,-0.954,18.035,99.287,12.896,17.341,18.498,16.538,8.135,51.662,5.969,0.005817,11.372,1020.908,1009.698,1021.862,874.095,,1
SFO,2021-05-01,20,2021-04-30,18,26,15.7,0.8800122039735357,-0.47495107206704995,37.536,24.353,4.423,2.843,741.329,-0.441,15.7,37.536,24.353,15.006,13.157,12.163,3.736,75.933,10.583,0.007917,4.423,1017.129,1005.877,1017.57,741.329,,1
SFO,2021-05-02,20,2021-05-01,18,26,17.073,0.8717063187093218,-0.49002866642905923,3.16,23.303,8.877,5.922,941.623,-0.899,17.073,3.16,23.303,16.379,13.325,10.457,3.245,58.777,7.502,0.006468,8.877,1014.233,1003.073,1015.132,941.623,,1
SFO,2021-05-03,20,2021-05-02,18,26,20.124,0.8631421280499114,-0.5049610547215204,3.604,17.311,15.193,4.91,946.959,-0.763,20.124,3.604,17.311,19.43,18.966,14.52,4.814,43.216,4.237,0.005262,15.193,1013.08,1002.022,1013.843,946.959,,1
SFO,2021-05-04,20,2021-05-03,18,26,19.555,0.854322169749827,-0.5197438121555155,16.501,16.366,11.046,2.938,912.928,-0.877,19.555,16.501,16.366,18.861,18.763,15.923,6.944,53.984,7.815,0.006615,11.046,1014.009,1002.917,1014.886,912.928,,1
SFO,2021-05-05,20,2021-05-04,18,26,19.511,0.8452490573530633,-0.5343725582809787,12.955,12.86,10.257,1.455,889.089,-0.34,19.511,12.955,12.86,18.817,20.587,17.362,7.496,56.521,8.56,0.006947,10.257,1013.165,1002.093,1013.505,889.089,,1
SFO,2021-05-06,20,2021-05-05,18,26,15.873,0.835925479418637,-0.548842958284719,5.0,17.836,6.766,3.703,942.446,0.331,15.873,5.0,17.836,15.179,11.664,11.476,3.761,65.568,8.413,0.006833,6.766,1018.976,1007.729,1018.645,942.446,,1
SFO,2021-05-07,20,2021-05-06,18,26,16.162,0.8263541987239096,-0.5631507242749186,0.0,19.95,9.29,5.165,954.96,-0.388,16.162,0.0,19.95,15.468,11.098,10.303,3.141,56.119,6.178,0.005874,9.29,1017.746,1006.512,1018.134,954.96,,1
SFO,2021-05-08,20,2021-05-07,18,26,19.331,0.8165380514459161,-0.5772916165517272,5.111,14.863,18.288,4.853,974.931,-1.141,19.331,5.111,14.863,18.637,18.036,13.784,4.566,36.832,0.349,0.004101,18.288,1016.13,1005.016,1017.271,974.931,,1
SFO,2021-05-09,20,2021-05-08,18,26,18.215,0.8064799463209448,-0.5912614448635781,73.115,18.941,11.226,5.305,935.979,-1.029,18.215,73.115,18.941,17.521,16.208,12.216,2.949,52.464,6.295,0.005971,11.226,1013.143,1002.03,1014.172,935.979,,1
SFO,2021-05-10,20,2021-05-09,18,26,20.933,0.7961828637826158,-0.6050560696488488,1.802,12.564,15.245,5.398,967.603,-0.758,20.933,1.802,12.564,20.239,19.564,14.841,7.358,43.066,4.994,0.005485,15.245,1011.488,1000.468,1012.246,967.603,,1
SFO,2021-05-11,20,2021-05-10,18,26,20.283,0.7856498550787145,-0.6186714032625031,9.59,9.021,13.907,2.972,921.939,-0.538,20.283,9.59,9.021,19.589,21.267,16.617,5.851,47.615,5.682,0.005753,13.907,1012.293,1001.247,1012.831,921.939,,1
SFO,2021-05-12,20,2021-05-11,18,26,19.348,0.7748840413670407,-0.6321034111873487,9.135,9.183,10.624,1.81,929.896,-0.365,19.348,9.135,9.183,18.654,19.51,16.844,6.364,54.863,8.03,0.006701,10.624,1015.305,1004.196,1015.67,929.896,,1
SFO,2021-05-13,20,2021-05-12,18,26,17.63,0.7638886127905428,-0.6453481132295501,16.622,10.869,8.963,-0.872,914.55,-1.132,17.63,16.622,10.869,16.936,19.333,17.808,6.943,59.042,7.973,0.006666,8.963,1016.545,1005.378,1017.677,914.55,,1
SFO,2021-05-14,20,2021-05-13,18,26,16.682,0.7526668275320084,-0.6584015846980488,44.543,15.819,7.172,-1.387,862.154,-0.337,16.682,44.543,15.819,15.988,15.501,17.375,6.69,64.811,8.816,0.007035,7.172,1014.359,1003.176,1014.696,862.154,,1
SFO,2021-05-15,20,2021-05-14,18,26,14.885,0.741222010848596,-0.6712599575675313,35.91,10.206,5.347,4.147,769.321,-1.064,14.885,35.91,10.206,14.191,8.265,10.044,1.902,71.801,8.844,0.007106,5.347,1011.816,1000.598,1012.88,769.321,,1
SFO,2021-05-16,20,2021-05-15,18,26,16.207,0.7295575540864878,-0.6839194216246103,12.203,13.248,6.807,2.191,880.939,-0.189,16.207,12.203,13.248,15.513,10.297,13.322,2.719,65.922,8.706,0.007015,6.807,1013.797,1002.607,1013.986,880.939,,1
SFO,2021-05-17,20,2021-05-16,18,26,14.819,0.717676913675962,-0.6963762255968722,48.364,18.501,5.578,-0.701,853.761,0.585,14.819,48.364,18.501,14.125,9.09,14.826,5.516,70.511,8.547,0.006913,5.578,1017.725,1006.434,1017.14,853.761,,1
SFO,2021-05-18,20,2021-05-17,18,26,16.464,0.705583610107178,-0.7086266782644596,0.825,22.964,8.29,3.092,954.581,-0.151,16.464,0.825,22.964,15.77,12.629,12.678,5.383,59.957,7.48,0.006429,8.29,1019.227,1007.984,1019.378,954.581,,1
SFO,2021-05-19,20,2021-05-18,18,26,14.254,0.6932812268869777,-0.7206671495538609,0.0,31.727,8.233,5.549,961.921,-0.282,14.254,0.0,31.727,13.56,7.338,8.011,3.071,58.631,5.327,0.005559,8.233,1016.32,1005.017,1016.602,961.921,,1
SFO,2021-05-20,20,2021-05-19,18,26,14.09,0.6807734094770165,-0.7324940716135786,0.0,33.71,10.327,11.003,989.377,-0.29,14.09,0.0,33.71,13.396,7.028,2.393,-8.38,51.489,3.069,0.004749,10.327,1017.946,1006.61,1018.236,989.377,,1
SFO,2021-05-21,20,2021-05-20,18,26,15.015,0.6680638642135338,-0.7441039398713604,0.0,20.036,9.879,9.453,978.701,-0.425,15.015,0.0,20.036,14.321,8.911,4.868,-6.916,53.632,4.442,0.005222,9.879,1016.094,1004.83,1016.519,978.701,,1
SFO,2021-05-22,20,2021-05-21,18,26,15.262,0.6551563572090853,-0.7554933140726803,23.563,11.907,9.279,6.693,926.646,0.053,15.262,23.563,11.907,14.568,11.38,7.875,-4.956,58.644,5.289,0.005549,9.279,1018.167,1006.923,1018.114,926.646,,1
SFO,2021-05-23,20,2021-05-22,18,26,15.561,0.6420547132365637,-0.766658819300159,1.965,11.076,8.31,5.208,958.571,-0.413,15.561,1.965,11.076,14.867,9.873,9.659,2.964,60.071,6.557,0.006012,8.31,1020.245,1008.964,1020.658,958.571,,1
SFO,2021-05-24,20,2021-05-23,18,26,18.143,0.6287628145958347,-0.7775971469736267,84.281,14.311,10.713,3.107,925.214,-0.596,18.143,84.281,14.311,17.449,16.538,14.342,3.033,53.988,6.736,0.006118,10.713,1018.944,1007.775,1019.54,925.214,,1
SFO,2021-05-25,20,2021-05-24,18,26,16.068,0.615284599963328,-0.7883050558305252,12.755,17.452,6.558,5.893,876.313,-0.716,16.068,12.755,17.452,15.374,11.038,9.481,2.797,67.009,8.816,0.007033,6.558,1018.907,1007.665,1019.623,876.313,,1
SFO,2021-05-26,20,2021-05-25,18,26,17.543,0.6016240632249229,-0.7987793728863647,15.476,14.842,9.3,2.864,937.82,-0.39,17.543,15.476,14.842,16.849,15.818,13.985,4.754,58.327,7.549,0.006468,9.3,1017.166,1005.996,1017.556,937.82,,1
SFO,2021-05-27,20,2021-05-26,18,26,16.828,0.5877852522924732,-0.8090169943749473,14.649,15.798,6.959,2.649,954.857,-0.282,16.828,14.649,15.798,16.134,12.961,13.485,3.834,65.785,9.175,0.007222,6.959,1019.79,1008.563,1020.072,954.857,,1
SFO,2021-05-28,20,2021-05-27,18,26,17.38,0.5737722679043249,-0.8190148866680798,100.0,10.094,8.69,1.324,886.505,-1.252,17.38,100.0,10.094,16.686,15.688,15.362,6.741,60.25,7.996,0.00665,8.69,1016.241,1005.07,1017.493,886.505,,1
SFO,2021-05-29,20,2021-05-28,18,26,15.335,0.5595892624101769,-0.8287700871745035,30.465,15.057,5.815,-1.617,843.109,-0.643,15.335,30.465,15.057,14.641,11.479,16.258,7.193,69.886,8.826,0.007058,5.815,1014.103,1002.874,1014.746,843.109,,1
SFO,2021-05-30,20,2021-05-29,18,26,19.366,0.5452404385406513,-0.8382797052177741,21.156,13.804,9.663,-2.963,890.644,-0.884,19.366,21.156,13.804,18.672,21.097,21.635,7.693,57.678,9.009,0.007153,9.663,1012.296,1001.227,1013.18,890.644,,1
SFO,2021-05-31,20,2021-05-30,18,26,21.402,0.5307300481619337,-0.8475409228928309,25.859,9.26,12.54,-2.755,924.239,-0.022,21.402,25.859,9.26,20.708,26.31,23.463,9.981,50.023,8.168,0.006761,12.54,1012.265,1001.246,1012.287,924.239,,1
SFO,2021-06-01,20,2021-05-31,18,26,20.249,0.5160623910158528,-0.8565509959010036,12.883,11.701,10.013,-4.406,929.706,-0.375,20.249,12.883,11.701,19.555,25.738,23.961,11.31,56.731,9.542,0.007414,10.013,1014.067,1002.993,1014.442,929.706,,1
SFO,2021-06-02,20,2021-06-01,18,26,18.966,0.5012418134457758,-0.865307254363206,68.5,12.322,7.893,-4.054,883.467,-0.814,18.966,68.5,12.322,18.272,21.3,22.326,12.185,63.451,10.379,0.007836,7.893,1012.594,1001.505,1013.408,883.467,,1
SFO,2021-06-03,20,2021-06-02,18,26,20.46,0.4862727071086904,-0.8738071036110806,15.832,11.739,9.564,-2.679,914.323,-0.501,20.46,15.832,11.739,19.766,21.039,22.445,12.287,58.268,10.202,0.007763,9.564,1010.609,999.584,1011.11,914.323,,1
SFO,2021-06-04,20,2021-06-03,18,26,18.097,0.47115950767386416,-0.8820480249558534,18.844,14.671,7.538,-3.191,918.033,-0.141,18.097,18.844,14.671,17.403,20.357,20.594,9.883,64.313,9.865,0.007594,7.538,1014.322,1003.181,1014.463,918.033,,1
SFO,2021-06-05,20,2021-06-04,18,26,18.488,0.4559066935084588,-0.8900275764346767,95.724,13.15,10.087,-2.197,957.036,-0.489,18.488,95.724,13.15,17.794,17.008,19.991,12.025,56.624,7.707,0.006575,10.087,1012.723,1001.623,1013.212,957.036,,1
SFO,2021-06-06,20,2021-06-05,18,26,18.017,0.440518784350495,-0.8977433935342337,2.792,17.609,9.606,-1.181,953.323,0.056,18.017,2.792,17.609,17.323,15.944,18.504,9.73,55.875,7.717,0.00659,9.606,1010.681,999.564,1010.625,953.323,,1
SFO,2021-06-07,20,2021-06-06,18,26,15.739,0.42500033996955416,-0.9051931898913974,0.097,26.646,8.63,3.037,972.64,0.636,15.739,0.097,26.646,15.045,11.384,12.008,5.726,57.571,6.415,0.005991,8.63,1013.368,1002.154,1012.732,972.64,,1
SFO,2021-06-08,20,2021-06-07,18,26,15.814,0.40935595881562176,-0.9123747579707272,4.143,16.965,9.341,11.422,978.991,0.918,15.814,4.143,16.965,15.12,8.358,3.698,-1.069,55.823,5.779,0.005748,9.341,1018.501,1007.237,1017.583,978.991,,1
SFO,2021-06-09,20,2021-06-08,18,26,16.005,0.3935902766564671,-0.9192859697186103,1.171,18.53,9.466,11.805,977.28,0.346,16.005,1.171,18.53,15.311,8.398,3.506,-5.526,55.563,5.845,0.005752,9.466,1020.97,1009.689,1020.624,977.28,,1
SFO,2021-06-10,20,2021-06-09,18,26,16.263,0.3777079652039649,-0.9259247771938498,5.0,16.258,10.354,9.605,981.212,-0.626,16.263,5.0,16.258,15.569,9.355,5.964,0.045,52.889,5.215,0.005503,10.354,1023.899,1012.599,1024.525,981.212,,1
SFO,2021-06-11,20,2021-06-10,18,26,17.924,0.36171373072976765,-0.9322892131745133,36.22,13.756,11.832,6.489,954.23,-0.666,17.924,36.22,13.756,17.23,12.323,10.741,4.634,48.887,5.398,0.005597,11.832,1018.74,1007.538,1019.406,954.23,,1
SFO,2021-06-12,20,2021-06-11,18,26,20.605,0.3456123126707335,-0.9383773917408641,37.533,14.811,6.655,4.777,879.803,-1.107,20.605,37.533,14.811,19.911,16.294,15.134,7.352,68.429,13.256,0.009459,6.655,1014.519,1003.453,1015.626,879.803,,1
SFO,2021-06-13,20,2021-06-12,18,26,20.545,0.3294084822245304,-0.9441875088341993,18.827,14.997,7.016,6.091,872.438,0.438,20.545,18.827,14.997,19.851,15.55,13.76,6.362,66.427,12.835,0.009229,7.016,1014.435,1003.354,1013.997,872.438,,1
SFO,2021-06-14,20,2021-06-13,18,26,19.975,0.3131070409358265,-0.9497178427914318,2.998,18.111,8.411,8.323,937.064,0.296,19.975,2.998,18.111,19.281,13.959,10.958,4.275,60.697,10.87,0.008079,8.411,1018.004,1006.862,1017.708,937.064,,1
SFO,2021-06-15,20,2021-06-14,18,26,19.821,0.2967128192734903,-0.9549667548552552,5.0,20.304,11.897,4.432,984.264,-0.354,19.821,5.0,20.304,19.127,15.277,14.695,8.992,49.661,7.23,0.006355,11.897,1020.57,1009.399,1020.924,984.264,,1
SFO,2021-06-16,20,2021-06-15,18,26,23.487,0.2802306751992163,-0.9599326896597445,94.047,15.476,16.326,0.848,967.403,-0.778,23.487,94.047,15.476,22.793,23.765,21.945,14.005,42.201,6.467,0.006129,16.326,1015.123,1004.113,1015.901,967.403,,1
SFO,2021-06-17,20,2021-06-16,18,26,24.912,0.2636654927280075,-0.9646141756912434,100.0,16.205,16.325,-1.818,924.766,-1.047,24.912,100.0,16.205,24.218,29.253,26.036,15.428,43.615,7.893,0.00674,16.325,1009.125,998.228,1010.172,924.766,,1
SFO,2021-06-18,20,2021-06-17,18,26,23.879,0.24702218048093594,-0.9690098257244061,8.308,10.675,13.944,-4.445,928.124,-0.628,23.879,8.308,10.675,23.185,29.728,27.63,13.867,47.885,9.241,0.007333,13.944,1007.184,996.262,1007.812,928.124,,1
SFO,2021-06-19,20,2021-06-18,18,26,21.829,0.23030567023061221,-0.9731183372332619,10.316,11.935,11.046,-4.702,924.172,-0.385,21.829,10.316,11.935,21.135,26.213,25.837,13.232,55.015,10.089,0.007757,11.046,1007.935,996.964,1008.32,924.172,,1
SFO,2021-06-20,20,2021-06-19,18,26,21.447,0.21352091543979612,-0.9769384927771817,10.452,10.33,9.777,-2.945,932.651,-0.15,21.447,10.452,10.33,20.753,23.64,23.698,11.445,58.146,10.976,0.008206,9.777,1010.443,999.428,1010.593,932.651,,1
SFO,2021-06-21,20,2021-06-20,18,26,19.81,0.19667288979357647,-0.980469160361632,8.95,11.599,7.975,-1.137,945.325,0.076,19.81,8.95,11.599,19.116,16.076,20.253,9.831,62.751,11.141,0.008256,7.975,1013.884,1002.791,1013.808,945.325,,1
SFO,2021-06-22,20,2021-06-21,18,26,19.9,0.1797665857255624,-0.9837092937736097,12.374,12.736,7.252,7.322,924.592,-0.284,19.9,12.374,12.736,19.206,13.53,11.884,9.286,65.173,11.954,0.008734,7.252,1012.821,1001.736,1013.105,924.592,,1
SFO,2021-06-23,20,2021-06-22,18,26,19.673,0.16280701293851715,-0.986657932891657,12.106,12.12,7.479,5.287,920.945,-0.102,19.673,12.106,12.12,18.979,13.413,13.692,6.425,63.75,11.5,0.008457,7.479,1013.574,1002.483,1013.676,920.945,,1
SFO,2021-06-24,20,2021-06-23,18,26,19.679,0.14579919691987467,-0.9893142039703663,0.995,13.416,7.99,4.521,956.307,-0.551,19.679,0.995,13.416,18.985,13.792,14.464,6.731,62.063,10.995,0.00817,7.99,1016.736,1005.607,1017.287,956.307,,1
SFO,2021-06-25,20,2021-06-24,18,26,20.297,0.12874817745258088,-0.99167731989929,16.415,14.012,7.754,0.848,918.321,-0.808,20.297,16.415,14.012,19.603,20.645,18.755,6.749,63.833,11.849,0.008649,7.754,1015.495,1004.401,1016.303,918.321,,1
SFO,2021-06-26,20,2021-06-25,18,26,20.733,0.11165900712169467,-0.993746580436178,17.689,16.353,7.219,-4.392,855.714,-0.246,20.733,17.689,16.353,20.039,23.659,24.431,12.342,65.955,12.82,0.009228,7.219,1013.174,1002.114,1013.42,855.714,,1
SFO,2021-06-27,20,2021-06-26,18,26,20.473,0.09453674981719956,-0.9955213724144752,15.376,15.411,6.938,-6.438,894.364,-0.486,20.473,15.376,15.411,19.779,21.893,26.217,13.882,66.977,12.841,0.009294,6.938,1010.505,999.462,1010.991,894.364,,1
SFO,2021-06-28,20,2021-06-27,18,26,20.749,0.07738647923346301,-0.9970011699250151,14.576,15.773,7.75,-3.216,931.663,-0.213,20.749,14.576,15.773,20.055,21.951,23.271,14.23,64.318,12.305,0.008966,7.75,1009.981,998.962,1010.194,931.663,,1
SFO,2021-06-29,20,2021-06-28,18,26,21.354,0.06021327736579302,-0.9981855344718586,10.454,16.792,7.473,-3.413,921.495,-0.256,21.354,10.454,16.792,20.66,23.79,24.073,13.841,64.843,13.187,0.009486,7.473,1009.262,998.25,1009.518,921.495,,1
SFO,2021-06-30,20,2021-06-29,18,26,19.183,0.04302223300453059,-0.99907411510223,30.532,14.445,6.011,-4.404,780.216,0.263,19.183,30.532,14.445,18.489,16.414,22.893,12.551,70.355,12.478,0.009031,6.011,1012.93,1001.832,1012.667,780.216,,1
SFO,2021-07-01,20,2021-06-30,18,26,19.936,0.02581844022713308,-0.9996666485105112,21.701,13.635,6.37,-2.18,831.083,-0.42,19.936,21.701,13.635,19.242,17.03,21.422,11.911,69.043,12.872,0.009265,6.37,1012.857,1001.776,1013.277,831.083,,1
SFO,2021-07-02,20,2021-07-01,18,26,20.744,0.008606996888688698,-0.9999629591162655,14.076,11.886,7.611,-1.404,882.525,-0.515,20.744,14.076,11.886,20.05,18.738,21.454,12.353,64.668,12.439,0.009004,7.611,1012.908,1001.843,1013.423,882.525,,1
SFO,2021-07-03,20,2021-07-02,18,26,20.538,-0.008606996888688453,-0.9999629591162655,8.906,13.326,7.752,-2.19,936.001,-0.409,20.538,8.906,13.326,19.844,18.998,22.034,12.245,63.741,12.092,0.008795,7.752,1013.85,1002.778,1014.259,936.001,,1
SFO,2021-07-04,20,2021-07-03,18,26,20.296,-0.025818440227132835,-0.9996666485105112,5.572,12.812,8.338,-1.365,939.604,-0.259,20.296,5.572,12.812,19.602,17.797,20.967,11.864,61.009,11.264,0.008299,8.338,1015.16,1004.061,1015.419,939.604,,1
SFO,2021-07-05,20,2021-07-04,18,26,20.422,-0.04302223300453034,-0.99907411510223,9.988,12.457,8.555,-1.723,938.037,-0.339,20.422,9.988,12.457,19.728,20.036,21.451,12.828,60.763,11.173,0.008264,8.555,1015.596,1004.496,1015.935,938.037,,1
SFO,2021-07-06,20,2021-07-05,18,26,19.481,-0.060213277365792774,-0.9981855344718586,12.961,17.093,7.913,-2.312,916.609,-0.438,19.481,12.961,17.093,18.787,20.336,21.099,12.651,62.501,10.874,0.008107,7.913,1016.896,1005.755,1017.334,916.609,,1
SFO,2021-07-07,20,2021-07-06,18,26,18.995,-0.07738647923346277,-0.9970011699250151,12.671,16.63,7.176,-3.531,906.519,-0.652,18.995,12.671,16.63,18.301,18.859,21.832,13.555,64.857,11.125,0.008237,7.176,1014.374,1003.251,1015.026,906.519,,1
SFO,2021-07-08,20,2021-07-07,18,26,21.673,-0.09453674981719933,-0.9955213724144752,15.64,12.482,10.79,-3.496,901.66,-0.078,21.673,15.64,12.482,20.979,26.456,24.475,14.716,55.415,10.189,0.00777,10.79,1011.267,1000.255,1011.345,901.66,,1
SFO,2021-07-09,20,2021-07-08,18,26,23.47,-0.11165900712169444,-0.9937465804361781,11.051,12.438,12.829,-3.24,894.125,0.195,23.47,11.051,12.438,22.776,29.11,26.016,14.013,50.421,9.947,0.007645,12.829,1013.48,1002.481,1013.285,894.125,,1
SFO,2021-07-10,20,2021-07-09,18,26,24.208,-0.12874817745258066,-0.99167731989929,15.009,12.707,13.963,-3.764,889.303,-0.569,24.208,15.009,12.707,23.514,31.755,27.278,14.295,48.797,9.551,0.007458,13.963,1013.285,1002.31,1013.854,889.303,,1
SFO,2021-07-11,20,2021-07-10,18,26,21.735,-0.14579919691987442,-0.9893142039703664,27.351,13.691,11.148,-6.447,882.42,-0.408,21.735,27.351,13.691,21.041,30.553,27.488,15.574,55.24,9.893,0.00762,11.148,1012.289,1001.265,1012.697,882.42,,1
SFO,2021-07-12,20,2021-07-11,18,26,18.948,-0.16280701293851646,-0.9866579328916572,17.637,14.996,7.721,-8.3,874.95,-0.166,18.948,17.637,14.996,18.254,26.393,26.554,16.053,63.979,10.533,0.007929,7.721,1013.581,1002.474,1013.747,874.95,,1
SFO,2021-07-13,20,2021-07-12,18,26,19.067,-0.17976658572556214,-0.9837092937736098,14.384,13.377,7.924,-6.319,896.447,0.086,19.067,14.384,13.377,18.373,20.24,24.692,14.951,62.556,10.449,0.007886,7.924,1013.629,1002.521,1013.543,896.447,,1
SFO,2021-07-14,20,2021-07-13,18,26,19.478,-0.19667288979357622,-0.9804691603616321,11.663,11.668,8.18,-3.651,924.792,-0.279,19.478,11.663,11.668,18.784,16.029,22.435,15.286,62.464,10.604,0.007975,8.18,1013.835,1002.736,1014.114,924.792,,1
SFO,2021-07-15,20,2021-07-14,18,26,17.091,-0.2135209154397959,-0.9769384927771817,32.107,15.043,6.122,-3.473,808.462,-0.03,17.091,32.107,15.043,16.397,15.831,19.87,12.973,68.89,10.275,0.007776,6.122,1016.265,1005.062,1016.295,808.462,,1
SFO,2021-07-16,20,2021-07-15,18,26,18.983,-0.23030567023061196,-0.973118337233262,16.599,13.098,8.1,-2.104,893.227,-0.194,18.983,16.599,13.098,18.289,17.151,20.393,11.352,62.269,10.189,0.00773,8.1,1014.04,1002.928,1014.234,893.227,,1
SFO,2021-07-17,20,2021-07-16,18,26,21.039,-0.24702218048093572,-0.9690098257244062,9.254,10.484,9.997,-1.276,904.823,-0.218,21.039,9.254,10.484,20.345,23.175,21.621,12.36,56.967,10.348,0.007853,9.997,1013.536,1002.481,1013.754,904.823,,1
SFO,2021-07-18,20,2021-07-17,18,26,21.942,-0.2636654927280072,-0.9646141756912435,89.624,10.691,11.094,-1.749,847.975,-0.144,21.942,89.624,10.691,21.248,25.48,22.997,11.534,54.792,10.154,0.007744,11.094,1014.59,1003.55,1014.734,847.975,,1
SFO,2021-07-19,20,2021-07-18,18,26,22.074,-0.2802306751992161,-0.9599326896597445,63.507,11.384,11.381,-0.209,857.248,-0.334,22.074,63.507,11.384,21.38,24.117,21.589,10.459,53.909,9.999,0.00766,11.381,1016.288,1005.235,1016.622,857.248,,1
SFO,2021-07-20,20,2021-07-19,18,26,20.546,-0.2967128192734901,-0.9549667548552553,14.959,14.676,9.575,-1.443,903.258,-0.497,20.546,14.959,14.676,19.852,22.709,21.295,11.182,58.458,10.277,0.007804,9.575,1016.408,1005.302,1016.905,903.258,,1
SFO,2021-07-21,20,2021-07-20,18,26,19.965,-0.31310704093582625,-0.9497178427914318,15.49,13.75,9.544,-2.05,900.66,-0.593,19.965,15.49,13.75,19.271,22.24,21.321,11.265,58.254,9.727,0.007518,9.544,1014.157,1003.056,1014.75,900.66,,1
SFO,2021-07-22,20,2021-07-21,18,26,19.371,-0.3294084822245298,-0.9441875088341996,14.424,13.533,8.845,-3.151,897.113,0.301,19.371,14.424,13.533,18.677,21.868,21.828,10.245,60.141,9.832,0.007563,8.845,1014.89,1003.765,1014.589,897.113,,1
SFO,2021-07-23,20,2021-07-22,18,26,20.788,-0.3456123126707333,-0.9383773917408642,10.151,10.002,10.521,-3.324,914.822,-0.622,20.788,10.151,10.002,20.094,24.227,23.418,12.395,55.711,9.573,0.007428,10.521,1015.536,1004.456,1016.158,914.822,,1
SFO,2021-07-24,20,2021-07-23,18,26,20.683,-0.3617137307297674,-0.9322892131745134,15.756,11.562,9.812,-2.572,870.21,-1.306,20.683,15.756,11.562,19.989,24.685,22.561,13.475,57.45,10.177,0.00773,9.812,1014.39,1003.317,1015.696,870.21,,1
SFO,2021-07-25,20,2021-07-24,18,26,20.212,-0.37770796520396466,-0.9259247771938499,34.562,11.57,9.128,-3.808,867.992,-0.955,20.212,34.562,11.57,19.518,23.395,23.326,13.133,59.14,10.39,0.007832,9.128,1014.131,1003.049,1015.086,867.992,,1
SFO,2021-07-26,20,2021-07-25,18,26,20.36,-0.3935902766564669,-0.9192859697186104,100.0,11.335,7.994,-2.778,789.432,0.049,20.36,100.0,11.335,19.666,21.209,22.444,12.889,63.127,11.672,0.008567,7.994,1013.042,1001.975,1012.993,789.432,,1
SFO,2021-07-27,20,2021-07-26,18,26,22.962,-0.40935595881562153,-0.9123747579707273,15.993,11.834,9.956,2.168,861.905,-0.512,22.962,15.993,11.834,22.268,23.593,20.1,9.719,57.826,12.312,0.008898,9.956,1015.162,1004.146,1015.674,861.905,,1
SFO,2021-07-28,20,2021-07-27,18,26,23.239,-0.42500033996955394,-0.9051931898913975,98.973,11.207,10.274,0.535,828.338,-0.494,23.239,98.973,11.207,22.545,24.275,22.01,9.9,56.785,12.271,0.008877,10.274,1016.512,1005.489,1017.006,828.338,,1
SFO,2021-07-29,20,2021-07-28,18,26,23.304,-0.4405187843504948,-0.8977433935342338,86.861,11.492,10.748,-0.42,835.338,-1.107,23.304,86.861,11.492,22.61,26.059,23.03,9.882,55.132,11.862,0.008672,10.748,1013.913,1002.903,1015.02,835.338,,1
SFO,2021-07-30,20,2021-07-29,18,26,22.538,-0.4559066935084586,-0.8900275764346768,13.11,9.878,9.631,-1.77,845.985,-0.198,22.538,13.11,9.878,21.844,26.451,23.614,10.488,58.585,12.213,0.008879,9.631,1013.537,1002.513,1013.735,845.985,,1
SFO,2021-07-31,20,2021-07-30,18,26,21.611,-0.47115950767386355,-0.8820480249558538,10.096,10.247,8.048,-0.714,854.702,-0.458,21.611,10.096,10.247,20.917,23.208,21.631,9.744,63.225,12.869,0.00924,8.048,1016.776,1005.698,1017.234,854.702,,1
SFO,2021-08-01,20,2021-07-31,18,26,21.7,-0.4862727071086898,-0.8738071036110809,8.094,11.512,8.648,-0.14,878.844,-0.816,21.7,8.094,11.512,21.006,20.893,21.146,9.415,60.915,12.358,0.008903,8.648,1017.145,1006.061,1017.961,878.844,,1
SFO,2021-08-02,20,2021-08-01,18,26,21.121,-0.5012418134457756,-0.8653072543632061,94.73,12.563,10.222,-0.852,914.984,-1.018,21.121,94.73,12.563,20.427,22.231,21.279,12.773,56.682,10.205,0.007747,10.222,1017.999,1006.905,1019.017,914.984,,1
SFO,2021-08-03,20,2021-08-02,18,26,21.343,-0.5160623910158526,-0.8565509959010037,17.308,14.545,10.382,-2.274,911.188,-0.868,21.343,17.308,14.545,20.649,24.367,22.923,12.766,55.911,10.267,0.007802,10.382,1016.354,1005.273,1017.222,911.188,,1
SFO,2021-08-04,20,2021-08-03,18,26,20.077,-0.5307300481619335,-0.847540922892831,16.918,14.553,8.608,-2.86,901.034,-0.441,20.077,16.918,14.553,19.383,22.164,22.243,12.849,60.764,10.775,0.008056,8.608,1015.484,1004.383,1015.925,901.034,,1
SFO,2021-08-05,20,2021-08-04,18,26,18.857,-0.5452404385406511,-0.8382797052177743,33.492,17.461,5.428,-1.316,836.645,-0.507,18.857,33.492,17.461,18.163,14.534,19.479,10.08,71.996,12.735,0.009157,5.428,1017.022,1005.86,1017.529,836.645,,1
SFO,2021-08-06,20,2021-08-05,18,26,22.991,-0.5595892624101767,-0.8287700871745036,13.565,12.331,10.43,0.843,865.506,-0.948,22.991,13.565,12.331,22.297,23.847,21.454,11.801,56.56,11.867,0.008686,10.43,1013.731,1002.724,1014.679,865.506,,1
SFO,2021-08-07,20,2021-08-06,18,26,21.892,-0.5737722679043247,-0.81901488666808,19.024,12.559,8.332,-0.978,825.655,-0.546,21.892,19.024,12.559,21.198,23.192,22.176,13.182,62.508,12.866,0.009274,8.332,1012.358,1001.333,1012.904,825.655,,1
SFO,2021-08-08,20,2021-08-07,18,26,21.131,-0.587785252292473,-0.8090169943749475,19.769,12.833,7.232,-1.261,828.847,0.023,21.131,19.769,12.833,20.437,20.062,21.698,12.586,66.243,13.205,0.009486,7.232,1011.996,1000.95,1011.973,828.847,,1
SFO,2021-08-09,20,2021-08-08,18,26,21.662,-0.6016240632249223,-0.798779372886365,8.917,10.888,9.69,-1.256,860.281,-0.777,21.662,8.917,10.888,20.968,22.182,22.224,12.312,58.078,11.278,0.008376,9.69,1012.314,1001.279,1013.091,860.281,,1
SFO,2021-08-10,20,2021-08-09,18,26,22.225,-0.6152845999633274,-0.7883050558305257,14.856,10.577,10.068,-0.857,840.322,-0.854,22.225,14.856,10.577,21.531,24.449,22.388,11.636,57.441,11.463,0.008429,10.068,1013.001,1001.985,1013.855,840.322,,1
SFO,2021-08-11,20,2021-08-10,18,26,24.203,-0.6287628145958345,-0.7775971469736268,11.851,11.437,12.266,-0.521,865.574,-0.349,24.203,11.851,11.437,23.509,26.595,24.03,11.84,51.335,11.243,0.008338,12.266,1014.386,1003.386,1014.735,865.574,,1
SFO,2021-08-12,20,2021-08-11,18,26,22.853,-0.6420547132365636,-0.7666588193001592,53.111,14.409,10.209,-2.891,810.088,-1.293,22.853,53.111,14.409,22.159,27.012,25.05,11.564,57.355,11.95,0.008719,10.209,1014.635,1003.616,1015.928,810.088,,1
SFO,2021-08-13,20,2021-08-12,18,26,22.615,-0.655156357209085,-0.7554933140726804,12.186,14.224,9.564,-2.251,869.504,0.059,22.615,12.186,14.224,21.921,25.812,24.172,12.442,58.409,12.357,0.008916,9.564,1016.955,1005.892,1016.896,869.504,,1
SFO,2021-08-14,20,2021-08-13,18,26,23.748,-0.6680638642135336,-0.7441039398713605,24.293,11.126,9.41,-2.711,785.438,-0.888,23.748,24.293,11.126,23.054,28.046,25.765,13.137,59.575,13.644,0.009685,9.41,1016.49,1005.465,1017.378,785.438,,1
SFO,2021-08-15,20,2021-08-14,18,26,22.959,-0.6807734094770164,-0.7324940716135788,21.17,13.627,8.773,-4.603,801.429,-1.629,22.959,21.17,13.627,22.265,29.792,26.868,15.106,61.623,13.492,0.009642,8.773,1014.111,1003.09,1015.74,801.429,,1
SFO,2021-08-16,20,2021-08-15,18,26,23.321,-0.6932812268869775,-0.7206671495538611,1.574,14.917,10.569,-4.412,881.755,-0.977,23.321,1.574,14.917,22.627,28.45,27.039,15.774,55.163,12.058,0.008828,10.569,1008.833,997.868,1009.81,881.755,,1
SFO,2021-08-17,20,2021-08-16,18,26,19.522,-0.7055836101071777,-0.7086266782644597,23.978,14.414,6.053,-4.455,743.982,-0.665,19.522,23.978,14.414,18.828,19.82,23.283,13.443,69.824,12.775,0.009229,6.053,1009.377,998.319,1010.042,743.982,,1
SFO,2021-08-18,20,2021-08-17,18,26,20.877,-0.7176769136759618,-0.6963762255968724,99.988,9.307,11.463,2.468,828.913,-0.165,20.877,99.988,9.307,20.183,18.623,17.715,11.074,52.83,8.72,0.007102,11.463,1010.366,999.335,1010.531,828.913,,1
SFO,2021-08-19,20,2021-08-18,18,26,21.319,-0.7295575540864874,-0.6839194216246107,8.094,10.108,9.181,1.174,854.449,-0.509,21.319,8.094,10.108,20.625,20.602,19.451,9.567,59.339,11.444,0.008452,9.181,1012.606,1001.558,1013.115,854.449,,1
SFO,2021-08-20,20,2021-08-19,18,26,20.962,-0.7412220108485955,-0.6712599575675318,18.565,9.995,8.281,0.465,831.655,-0.803,20.962,18.565,9.995,20.268,21.005,19.803,8.673,62.33,11.987,0.00876,8.281,1009.538,998.524,1010.341,831.655,,1
SFO,2021-08-21,20,2021-08-20,18,26,19.948,-0.7526668275320083,-0.6584015846980489,9.991,13.025,7.483,1.308,840.849,-0.377,19.948,9.991,13.025,19.254,15.265,17.946,10.121,64.511,11.771,0.008637,7.483,1008.543,997.514,1008.92,840.849,,1
SFO,2021-08-22,20,2021-08-21,18,26,19.558,-0.7638886127905429,-0.64534811322955,9.33,11.8,8.894,1.464,871.027,-0.444,19.558,9.33,11.8,18.864,16.592,17.4,10.632,59.957,9.97,0.007688,8.894,1009.882,998.819,1010.326,871.027,,1
SFO,2021-08-23,20,2021-08-22,18,26,19.915,-0.7748840413670406,-0.6321034111873488,9.859,10.689,8.739,1.231,862.997,-0.552,19.915,9.859,10.689,19.221,17.562,17.99,10.191,60.674,10.482,0.00795,8.739,1010.871,999.807,1011.423,862.997,,1
SFO,2021-08-24,20,2021-08-23,18,26,19.272,-0.7856498550787144,-0.6186714032625032,13.802,10.527,9.074,1.442,833.067,-0.708,19.272,13.802,10.527,18.578,16.425,17.136,8.714,58.622,9.504,0.007429,9.074,1013.698,1002.591,1014.406,833.067,,1
SFO,2021-08-25,20,2021-08-24,18,26,19.585,-0.7961828637826154,-0.6050560696488494,13.328,10.76,9.886,1.161,867.353,-0.573,19.585,13.328,10.76,18.891,18.922,17.73,7.47,57.043,9.005,0.007149,9.886,1015.767,1004.647,1016.34,867.353,,1
SFO,2021-08-26,20,2021-08-25,18,26,20.541,-0.8064799463209447,-0.5912614448635782,3.849,13.956,11.704,-0.179,868.615,-1.205,20.541,3.849,13.956,19.847,21.914,20.026,11.793,52.703,8.143,0.006755,11.704,1013.639,1002.587,1014.844,868.615,,1
SFO,2021-08-27,20,2021-08-26,18,26,24.049,-0.8165380514459157,-0.5772916165517278,4.332,11.772,14.874,0.353,882.887,-1.364,24.049,4.332,11.772,23.355,25.945,23.002,13.985,46.847,8.481,0.007014,14.874,1007.471,996.563,1008.835,882.887,,1
SFO,2021-08-28,20,2021-08-27,18,26,25.027,-0.8263541987239095,-0.5631507242749187,11.129,7.824,15.563,0.747,855.758,-0.704,25.027,11.129,7.824,24.333,27.705,23.586,13.864,45.507,8.77,0.007129,15.563,1006.803,995.928,1007.507,855.758,,1
SFO,2021-08-29,20,2021-08-28,18,26,24.296,-0.8359254794186365,-0.5488429582847199,11.851,9.773,13.399,-0.567,842.124,-0.967,24.296,11.851,9.773,23.602,26.737,24.169,13.201,49.306,10.203,0.007815,13.399,1009.099,998.177,1010.066,842.124,,1
SFO,2021-08-30,20,2021-08-29,18,26,22.509,-0.8452490573530629,-0.5343725582809793,14.583,11.091,12.442,-3.077,831.075,-1.233,22.509,14.583,11.091,21.815,27.839,24.892,12.999,51.509,9.373,0.007407,12.442,1007.327,996.381,1008.56,831.075,,1
SFO,2021-08-31,20,2021-08-30,18,26,19.584,-0.8543221697498269,-0.5197438121555157,18.644,12.496,9.881,-3.016,826.652,-0.297,19.584,18.644,12.496,18.89,21.127,21.906,12.281,56.921,9.009,0.00723,9.881,1007.655,996.625,1007.952,826.652,,1
SFO,2021-09-01,20,2021-08-31,18,26,18.269,-0.8631421280499115,-0.5049610547215202,16.617,12.379,7.971,0.217,805.341,0.088,18.269,16.617,12.379,17.575,14.92,17.358,9.974,62.346,9.604,0.007481,7.971,1010.869,999.76,1010.781,805.341,,1
SFO,2021-09-02,20,2021-09-01,18,26,18.534,-0.8717063187093218,-0.4900286664290594,8.193,9.964,8.506,0.341,854.684,-0.391,18.534,8.193,9.964,17.84,15.078,17.499,9.428,60.659,9.334,0.007311,8.506,1013.602,1002.483,1013.993,854.684,,1
SFO,2021-09-03,20,2021-09-02,18,26,19.549,-0.8800122039735356,-0.4749510720670502,12.141,9.294,9.797,0.851,823.6,-0.846,19.549,12.141,9.294,18.855,19.997,18.004,9.356,57.894,9.058,0.007181,9.797,1013.91,1002.826,1014.756,823.6,,1
SFO,2021-09-04,20,2021-09-03,18,26,22.003,-0.888057322629493,-0.4597327394521046,10.741,10.89,12.153,1.654,850.057,-0.797,22.003,10.741,10.89,21.309,22.919,19.655,11.285,52.05,9.156,0.007231,12.153,1013.52,1002.505,1014.317,850.057,,1
SFO,2021-09-05,20,2021-09-04,18,26,22.991,-0.8958392907349089,-0.44437817810461344,13.735,8.513,14.598,1.352,823.172,-1.279,22.991,13.735,8.513,22.297,25.009,20.945,12.965,46.907,7.699,0.006599,14.598,1013.556,1002.561,1014.835,823.172,,1
SFO,2021-09-06,20,2021-09-05,18,26,22.496,-0.9033558023246842,-0.4288919379124841,19.575,10.7,13.511,-1.398,794.754,-1.231,22.496,19.575,10.7,21.802,26.659,23.2,12.771,50.012,8.291,0.00686,13.511,1013.591,1002.594,1014.822,794.754,,1
SFO,2021-09-07,20,2021-09-06,18,26,23.697,-0.9106046300942162,-0.41327860778290443,8.541,12.107,16.65,-1.83,811.764,-1.244,23.697,8.541,12.107,23.003,27.286,24.833,11.891,43.009,6.353,0.00609,16.65,1013.585,1002.604,1014.829,811.764,,1
SFO,2021-09-08,20,2021-09-07,18,26,22.596,-0.9175836260593934,-0.3975428142825566,14.08,12.03,12.058,-2.601,797.738,-1.479,22.596,14.08,12.03,21.902,27.909,24.503,12.358,52.696,9.844,0.007607,12.058,1011.815,1000.828,1013.294,797.738,,1
SFO,2021-09-09,20,2021-09-08,18,26,22.205,-0.924290722193093,-0.3816892202666594,95.623,12.253,12.788,-2.26,749.825,-0.72,22.205,95.623,12.253,21.511,26.215,23.771,11.363,50.583,8.723,0.007099,12.788,1011.12,1000.124,1011.84,749.825,,1
SFO,2021-09-10,20,2021-09-09,18,26,19.462,-0.9307239310379793,-0.3657225234972692,21.681,12.859,7.457,2.458,751.318,-0.427,19.462,21.681,12.859,18.768,19.224,16.31,8.077,65.304,11.311,0.008328,7.457,1015.773,1004.655,1016.2,751.318,,1
SFO,2021-09-11,20,2021-09-10,18,26,18.955,-0.9368813462954315,-0.34964745525122826,19.525,11.873,8.626,1.397,801.669,-0.818,18.955,19.525,11.873,18.261,18.427,16.864,10.298,61.061,9.635,0.00746,8.626,1017.078,1005.934,1017.896,801.669,,1
SFO,2021-09-12,20,2021-09-11,18,26,21.271,-0.9427611433904206,-0.33346877891818705,13.572,8.927,11.692,1.565,787.066,-1.115,21.271,13.572,8.927,20.577,22.83,19.012,11.994,53.778,8.885,0.007135,11.692,1014.257,1003.215,1015.372,787.066,,1
SFO,2021-09-13,20,2021-09-12,18,26,20.452,-0.9483615800121716,-0.31719128858910595,17.953,10.68,10.387,-1.084,788.079,-0.988,20.452,17.953,10.68,19.758,23.751,20.842,11.018,56.495,9.371,0.007367,10.387,1012.031,1000.984,1013.019,788.079,,1
SFO,2021-09-14,20,2021-09-13,18,26,21.262,-0.9536809966304455,-0.300819807635668,9.504,8.665,11.052,-0.257,785.157,-0.5,21.262,9.504,8.665,20.568,24.101,20.825,11.186,54.23,9.516,0.007443,11.052,1012.355,1001.323,1012.855,785.157,,1
SFO,2021-09-15,20,2021-09-14,18,26,20.666,-0.9587178169872964,-0.2843591872810036,9.859,8.448,9.507,-0.004,797.049,-1.05,20.666,9.859,8.448,19.972,21.856,19.976,10.463,59.065,10.465,0.00794,9.507,1012.327,1001.275,1013.377,797.049,,1
SFO,2021-09-16,20,2021-09-15,18,26,17.772,-0.9634705485641486,-0.26781430516217486,10.41,10.148,7.275,-1.7,771.984,-0.909,17.772,10.41,10.148,17.078,16.681,18.778,8.683,64.76,9.803,0.007552,7.275,1010.508,999.411,1011.417,771.984,,1
SFO,2021-09-17,20,2021-09-16,18,26,18.515,-0.9679377830240642,-0.25119006388481957,9.778,7.676,8.597,-0.773,780.955,-0.185,18.515,9.778,7.676,17.821,19.015,18.594,8.726,61.407,9.224,0.007281,8.597,1013.863,1002.749,1014.048,780.955,,1
SFO,2021-09-18,20,2021-09-17,18,26,18.242,-0.9721181966290612,-0.23449138957041052,53.219,9.988,5.038,4.939,581.069,0.425,18.242,53.219,9.988,17.548,12.93,12.609,5.928,74.136,12.51,0.009023,5.038,1018.08,1006.916,1017.655,581.069,,1
SFO,2021-09-19,20,2021-09-18,18,26,18.019,-0.9760105506323682,-0.21772323039653224,19.554,16.634,7.134,7.614,722.762,-0.941,18.019,19.554,16.634,17.325,13.776,9.711,7.414,65.945,10.191,0.007708,7.134,1017.921,1006.748,1018.862,722.762,,1
SFO,2021-09-20,20,2021-09-19,18,26,23.047,-0.9796136916454901,-0.20089055513063528,0.0,7.787,17.883,3.765,804.251,-1.339,23.047,0.0,7.787,22.353,19.584,18.588,14.005,35.7,4.47,0.005339,17.883,1013.753,1002.717,1015.092,804.251,,1
SFO,2021-09-21,20,2021-09-20,18,26,25.013,-0.9829265519799822,-0.18399835165767986,0.0,6.346,20.827,3.632,794.654,-0.264,25.013,0.0,6.346,24.319,24.555,20.687,11.027,31.705,3.492,0.004915,20.827,1017.51,1006.499,1017.774,794.654,,1
SFO,2021-09-22,20,2021-09-21,18,26,22.283,-0.9859481499638303,-0.1670516255021195,58.878,8.658,11.681,3.557,768.046,-1.264,22.283,58.878,8.658,21.589,21.073,18.032,10.902,52.741,9.908,0.007621,11.681,1018.224,1007.144,1019.488,768.046,,1
SFO,2021-09-23,20,2021-09-22,18,26,22.072,-0.9886775902323404,-0.15005539834465262,95.805,10.825,14.914,1.08,777.232,-1.446,22.072,95.805,10.825,21.378,23.561,20.298,11.724,46.046,6.464,0.006071,14.914,1012.177,1001.172,1013.623,777.232,,1
SFO,2021-09-24,20,2021-09-23,18,26,22.183,-0.9911140639934546,-0.13301470653419636,17.11,8.886,12.89,0.135,749.395,-0.703,22.183,17.11,8.886,21.489,24.545,21.354,11.698,49.995,8.599,0.006962,12.89,1012.385,1001.392,1013.088,749.395,,1
SFO,2021-09-25,20,2021-09-24,18,26,20.396,-0.9932568492674143,-0.11593459959550066,20.937,9.062,8.077,-0.495,675.705,-0.862,20.396,20.937,9.062,19.702,22.023,20.197,9.28,63.417,11.625,0.008515,8.077,1014.373,1003.307,1015.235,675.705,,1
SFO,2021-09-26,20,2021-09-25,18,26,17.658,-0.9951053111006974,-0.09882013873287211,8.41,13.422,7.398,-1.289,743.749,-0.598,17.658,8.41,13.422,16.964,18.864,18.253,8.401,64.978,9.566,0.007413,7.398,1016.178,1005.025,1016.776,743.749,,1
SFO,2021-09-27,20,2021-09-26,18,26,18.051,-0.99665890175417,-0.08167639533042288,44.098,9.592,4.422,4.202,608.72,-0.066,18.051,44.098,9.592,17.357,14.435,13.155,6.157,77.132,12.935,0.009269,4.422,1017.482,1006.322,1017.548,608.72,,1
SFO,2021-09-28,20,2021-09-27,18,26,16.681,-0.9979171608653922,-0.06450844944931713,5.11,15.011,9.845,5.778,776.152,-1.575,16.681,5.11,15.011,15.987,12.75,10.209,2.0,55.688,6.142,0.005887,9.845,1016.593,1005.407,1018.168,776.152,,1
SFO,2021-09-29,20,2021-09-28,18,26,17.918,-0.9988797155850335,-0.04732138832243232,59.127,10.43,11.905,4.295,748.527,-0.586,17.918,59.127,10.43,17.224,15.679,12.929,5.64,51.02,5.319,0.005601,11.905,1015.938,1004.782,1016.524,748.527,,1
SFO,2021-09-30,20,2021-09-29,18,26,22.607,-0.9995462806873573,-0.03012030484690836,0.0,8.442,20.197,4.911,765.508,-1.156,22.607,0.0,8.442,21.913,20.647,17.002,7.937,32.08,1.716,0.004464,20.197,1015.5,1004.448,1016.656,765.508,,1
SFO,2021-10-01,20,2021-09-30,18,26,22.391,-0.9999166586547379,-0.012910296075008843,0.629,9.468,17.53,3.58,742.126,-0.753,22.391,0.629,9.468,21.697,22.058,18.117,7.38,39.29,4.167,0.005266,17.53,1014.177,1003.151,1014.93,742.126,,1
SFO,2021-10-02,20,2021-10-01,18,26,23.644,-0.9999907397361901,0.004303538296243821,2.199,9.97,17.269,4.203,748.756,-0.853,23.644,2.199,9.97,22.95,23.079,18.747,7.453,40.027,5.681,0.005805,17.269,1015.023,1004.014,1015.876,748.756,,1
SFO,2021-10-03,20,2021-10-02,18,26,24.32,-0.9997685019798909,0.021516097436222233,0.0,9.752,17.52,4.12,750.691,-1.021,24.32,0.0,9.752,23.626,23.973,19.506,7.316,39.655,6.106,0.006012,17.52,1013.396,1002.42,1014.417,750.691,,1
SFO,2021-10-04,20,2021-10-03,18,26,23.831,-0.9992500112396835,0.03872228089217399,42.387,10.012,17.128,4.01,738.891,-0.607,23.831,42.387,10.012,23.137,23.411,19.127,6.167,41.11,6.009,0.00603,17.128,1012.082,1001.103,1012.689,738.891,,1
SFO,2021-10-05,20,2021-10-04,18,26,20.142,-0.9984354211555643,0.05591699010060302,75.606,11.776,10.352,3.937,649.586,-0.127,20.142,75.606,11.776,19.448,17.474,15.511,3.7,54.45,9.096,0.007252,10.352,1013.812,1002.721,1013.939,649.586,,1
SFO,2021-10-06,20,2021-10-05,18,26,16.605,-0.9973249731081556,0.07309512989807687,100.0,11.336,6.884,5.659,384.035,-0.713,16.605,100.0,11.336,15.911,12.961,10.252,1.602,63.932,9.027,0.007154,6.884,1016.037,1004.823,1016.75,384.035,,1
SFO,2021-10-07,20,2021-10-06,18,26,16.219,-0.9959189961471792,0.0902516100310407,100.0,16.34,7.007,5.938,587.951,-0.462,16.219,100.0,16.34,15.525,9.309,9.587,-0.256,64.02,8.518,0.006921,7.007,1016.525,1005.298,1016.987,587.951,,1
SFO,2021-10-08,20,2021-10-07,18,26,15.676,-0.9942179068939521,0.10738134666416217,1.8,22.391,8.525,10.672,727.1,0.058,15.676,1.8,22.391,14.982,7.208,4.31,-3.172,57.283,6.457,0.005997,8.525,1019.266,1007.976,1019.208,727.1,,1
SFO,2021-10-09,20,2021-10-08,18,26,17.517,-0.9922222094179324,0.12447926388678869,0.0,11.774,8.621,9.719,704.456,-0.49,17.517,0.0,11.774,16.823,10.246,7.104,0.824,58.503,8.202,0.006752,8.621,1021.246,1009.998,1021.736,704.456,,1
SFO,2021-10-10,20,2021-10-09,18,26,18.631,-0.989932495087353,0.141540295217043,4.674,10.344,10.307,5.314,709.578,-1.221,18.631,4.674,10.344,17.937,15.376,12.623,5.035,54.816,7.63,0.006498,10.307,1017.904,1006.74,1019.125,709.578,,1
SFO,2021-10-11,20,2021-10-10,18,26,17.243,-0.9873494423939864,0.15855938510313475,0.0,31.286,15.85,12.693,720.677,-1.346,17.243,0.0,31.286,16.549,10.23,3.856,-6.729,37.203,0.699,0.004177,15.85,1014.723,1003.533,1016.069,720.677,,1
SFO,2021-10-12,20,2021-10-11,18,26,17.352,-0.9844738167520923,0.17553149042142777,0.0,23.688,19.521,11.71,727.417,-1.008,17.352,0.0,23.688,16.658,10.967,4.948,2.168,30.675,-2.863,0.003348,19.521,1015.994,1004.794,1017.002,727.417,,1
SFO,2021-10-13,20,2021-10-12,18,26,13.964,-0.9813064702716093,0.19245158197082995,40.235,14.913,4.304,7.22,381.155,-0.498,13.964,40.235,14.913,13.27,7.171,6.05,2.956,75.222,8.966,0.007112,4.304,1015.94,1004.624,1016.438,381.155,,1
SFO,2021-10-14,20,2021-10-13,18,26,18.239,-0.9778483415056569,0.209314645963048,7.045,9.942,14.266,6.667,696.528,-0.618,18.239,7.045,9.942,17.545,13.626,10.878,6.182,42.37,3.279,0.004892,14.266,1018.548,1007.347,1019.166,696.528,,1
SFO,2021-10-15,20,2021-10-14,18,26,21.431,-0.9741004551724206,0.22611568550828803,5.0,5.959,20.539,5.343,697.203,-1.124,21.431,5.0,5.959,20.737,17.903,15.394,7.011,28.438,0.198,0.003956,20.539,1019.054,1007.923,1020.178,697.203,,1
SFO,2021-10-16,20,2021-10-15,18,26,22.808,-0.9700639218515072,0.24284972209593494,0.0,5.513,21.568,6.494,696.447,-1.827,22.808,0.0,5.513,22.114,19.813,15.62,5.904,27.751,0.546,0.004054,21.568,1014.669,1003.629,1016.496,696.447,,1
SFO,2021-10-17,20,2021-10-16,18,26,18.277,-0.965739937654855,0.25951179706979943,5.0,21.243,9.654,9.201,634.593,-1.394,18.277,5.0,21.243,17.583,11.885,8.382,0.692,56.259,7.929,0.006757,9.654,1011.562,1000.443,1012.956,634.593,,1
SFO,2021-10-18,20,2021-10-17,18,26,14.715,-0.961129783872301,0.27609697309746795,79.061,13.646,6.697,11.927,641.254,-0.196,14.715,79.061,13.646,14.021,6.937,2.094,-5.153,64.582,7.324,0.006369,6.697,1017.11,1005.815,1017.306,641.254,,1
SFO,2021-10-19,20,2021-10-18,18,26,16.441,-0.9562348265919058,0.2926003356333479,100.0,7.079,10.896,10.732,626.214,-1.427,16.441,100.0,7.079,15.747,9.898,5.015,2.608,50.696,4.851,0.00542,10.896,1015.462,1004.256,1016.889,626.214,,1
SFO,2021-10-20,20,2021-10-19,18,26,15.595,-0.9510565162951536,0.30901699437494723,100.0,11.289,4.686,5.797,86.208,0.14,15.595,100.0,11.289,14.901,11.548,9.104,0.841,74.196,10.215,0.007758,4.686,1018.139,1006.894,1017.999,86.208,,1
SFO,2021-10-21,20,2021-10-20,18,26,20.258,-0.9455963874271425,0.32534208471198034,65.535,14.008,4.874,9.046,414.683,-0.49,20.258,65.535,14.008,19.564,14.767,10.518,2.973,74.476,14.69,0.010389,4.874,1018.332,1007.206,1018.822,414.683,,1
SFO,2021-10-22,20,2021-10-21,18,26,16.275,-0.9398560579418956,0.34157076916785517,100.0,9.542,5.581,11.072,507.894,-0.096,16.275,100.0,9.542,15.581,9.274,4.509,-1.892,69.86,10.0,0.007635,5.581,1016.523,1005.306,1016.619,507.894,,1
SFO,2021-10-23,20,2021-10-22,18,26,15.383,-0.9338372288229252,0.35769823883312546,93.677,6.729,5.161,8.151,187.534,-1.007,15.383,93.677,6.729,14.689,9.292,6.538,-1.458,71.606,9.528,0.007407,5.161,1014.141,1002.919,1015.148,187.534,,1
SFO,2021-10-24,20,2021-10-23,18,26,15.855,-0.9275416835791969,0.3737197147904684,100.0,47.819,1.098,4.003,17.829,-1.697,15.855,100.0,47.819,15.161,12.642,11.158,4.21,93.183,14.063,0.010126,1.098,1002.621,991.563,1004.318,17.829,,1
SFO,2021-10-25,20,2021-10-24,18,26,14.872,-0.9209712877166346,0.38963044953078774,0.0,21.14,6.357,11.671,626.039,2.131,14.872,0.0,21.14,14.178,7.575,2.507,-6.674,65.581,7.821,0.006616,6.357,1010.417,999.199,1008.286,626.039,,1
SFO,2021-10-26,20,2021-10-25,18,26,16.286,-0.9141279881853341,0.4054257283599965,8.71,3.82,6.303,9.823,593.021,-0.038,16.286,8.71,3.82,15.592,8.65,5.769,1.493,66.984,9.289,0.007242,6.303,1023.05,1011.753,1023.088,593.021,,1
SFO,2021-10-27,20,2021-10-26,18,26,18.364,-0.9070138128026362,0.42110087079608916,3.152,8.906,4.671,5.28,574.009,-1.467,18.364,3.152,8.906,17.67,13.894,12.39,4.943,74.847,12.999,0.009237,4.671,1024.444,1013.203,1025.911,574.009,,1
SFO,2021-10-28,20,2021-10-27,18,26,20.13,-0.8996308696522438,0.43665123195606304,0.0,8.479,7.665,2.304,613.295,-1.804,20.13,0.0,8.479,19.436,17.092,17.132,7.851,62.124,11.771,0.008568,7.665,1018.966,1007.815,1020.77,613.295,,1
SFO,2021-10-29,20,2021-10-28,18,26,19.123,-0.8919813464595484,0.4520722039323045,7.454,9.935,5.389,3.177,603.447,-1.37,19.123,7.454,9.935,18.429,16.629,15.252,5.982,72.543,13.04,0.009359,5.389,1014.237,1003.137,1015.607,603.447,,1
SFO,2021-10-30,20,2021-10-29,18,26,17.773,-0.8840675099433637,0.46735921715800205,100.0,7.04,4.257,8.934,430.588,-0.677,17.773,100.0,7.04,17.079,11.674,8.145,3.578,76.677,12.822,0.009221,4.257,1013.897,1002.752,1014.574,430.588,,1
SFO,2021-10-31,20,2021-10-30,18,26,17.166,-0.8758917051442429,0.4825077417612184,100.0,4.555,7.807,8.783,510.025,-1.079,17.166,100.0,4.555,16.472,9.795,7.689,3.73,60.562,8.665,0.006997,7.807,1015.545,1004.355,1016.624,510.025,,1
SFO,2021-11-01,20,2021-10-31,18,26,14.931,-0.867456354729597,0.4975132889071803,100.0,17.539,1.742,6.745,29.083,0.026,14.931,100.0,17.539,14.237,10.323,7.492,0.958,89.093,12.495,0.00898,1.742,1016.983,1005.731,1016.957,29.083,,1
SFO,2021-11-02,20,2021-11-01,18,26,18.092,-0.858763958275803,0.5123714121284235,100.0,4.783,4.133,8.709,441.935,-0.603,18.092,100.0,4.783,17.398,11.635,8.689,3.571,77.085,13.265,0.009406,4.133,1021.943,1010.716,1022.546,441.935,,1
SFO,2021-11-03,20,2021-11-02,18,26,19.093,-0.8498170915275282,0.5270777086423716,0.0,4.699,7.494,8.007,576.946,-1.571,19.093,0.0,4.699,18.399,13.88,10.392,7.041,62.943,10.905,0.008091,7.494,1019.523,1008.348,1021.094,576.946,,1
SFO,2021-11-04,20,2021-11-03,18,26,16.245,-0.8406184056344783,0.5416278206559811,21.025,18.933,4.751,10.474,495.414,0.344,16.245,21.025,18.933,15.551,8.725,5.077,3.687,73.56,10.8,0.007999,4.751,1022.32,1011.04,1021.976,495.414,,1
SFO,2021-11-05,20,2021-11-04,18,26,15.702,-0.8311706263658084,0.5560174366570438,100.0,15.014,7.11,2.246,436.954,-1.642,15.702,100.0,15.014,15.008,9.918,12.762,3.887,62.771,7.898,0.006611,7.11,1018.447,1007.184,1020.089,436.954,,1
SFO,2021-11-06,20,2021-11-05,18,26,15.921,-0.8214765533024145,0.5702422926917867,100.0,13.335,6.601,9.476,395.919,-0.223,15.921,100.0,13.335,15.227,9.702,5.751,-2.16,65.217,8.626,0.006945,6.601,1019.867,1008.599,1020.09,395.919,,1
SFO,2021-11-07,20,2021-11-06,18,26,14.153,-0.8115390590073611,0.5842981736283683,100.0,18.855,8.429,11.563,521.353,-0.461,14.153,100.0,18.855,13.459,6.179,1.896,-4.231,56.895,5.03,0.005408,8.429,1022.251,1010.864,1022.712,521.353,,1
SFO,2021-11-08,20,2021-11-07,18,26,15.446,-0.8013610881746764,0.5981809144059166,87.459,3.109,12.833,6.982,365.548,-1.474,15.446,87.459,3.109,14.752,9.422,7.77,-1.603,42.203,1.919,0.004365,12.833,1017.425,1006.149,1018.899,365.548,,1
SFO,2021-11-09,20,2021-11-08,18,26,15.416,-0.7909456567567774,0.6118864012687242,91.049,14.015,2.678,8.457,199.976,1.385,15.416,91.049,14.015,14.722,10.386,6.265,1.119,84.088,12.044,0.008697,2.678,1021.688,1010.393,1020.303,199.976,,1
SFO,2021-11-10,20,2021-11-09,18,26,16.923,-0.7802958510707755,0.6254105729852464,5.842,9.897,5.445,5.62,539.467,-0.952,16.923,5.842,9.897,16.229,12.593,10.609,3.331,70.961,10.784,0.007973,5.445,1025.802,1014.509,1026.754,539.467,,1
SFO,2021-11-11,20,2021-11-10,18,26,18.55,-0.7694148268839381,0.6387494220515268,0.0,6.994,8.261,2.102,546.698,-1.733,18.55,0.0,6.994,17.856,16.713,15.754,6.301,59.341,9.595,0.007387,8.261,1022.754,1011.534,1024.487,546.698,,1
SFO,2021-11-12,20,2021-11-11,18,26,19.498,-0.7583058084785625,0.6518989958787125,0.356,7.617,7.453,2.132,548.776,-0.912,19.498,0.356,7.617,18.804,18.642,16.672,6.826,63.191,11.351,0.008309,7.453,1021.99,1010.801,1022.902,548.776,,1
SFO,2021-11-13,20,2021-11-12,18,26,19.618,-0.7469720876965557,0.664855397964286,0.686,7.341,9.235,2.297,545.337,-0.611,19.618,0.686,7.341,18.924,18.949,16.627,7.573,56.204,9.689,0.007454,9.235,1020.649,1009.465,1021.26,545.337,,1
SFO,2021-11-14,20,2021-11-13,18,26,19.747,-0.7354170229639858,0.6776147890466887,100.0,6.355,11.567,0.93,446.263,-1.08,19.747,100.0,6.355,19.053,20.956,18.123,8.76,47.999,7.486,0.006442,11.567,1019.809,1008.637,1020.889,446.263,,1
SFO,2021-11-15,20,2021-11-14,18,26,18.867,-0.723644038295913,0.6901733882429714,100.0,7.465,9.628,3.153,382.901,-0.753,18.867,100.0,7.465,18.173,17.634,15.02,6.494,54.639,8.545,0.006918,9.628,1018.906,1007.742,1019.659,382.901,,1
SFO,2021-11-16,20,2021-11-15,18,26,16.366,-0.7116566222817751,0.7025274741691566,48.276,8.064,5.849,4.409,504.358,-1.719,16.366,48.276,8.064,15.672,12.047,11.263,5.58,68.991,9.823,0.007537,5.849,1018.08,1006.853,1019.799,504.358,,1
SFO,2021-11-17,20,2021-11-16,18,26,17.205,-0.6994583270516471,0.7146733860429608,96.986,5.136,13.722,5.39,526.181,-0.713,17.205,96.986,5.136,16.511,12.934,11.121,5.484,40.539,2.789,0.004679,13.722,1017.032,1005.817,1017.745,526.181,,1
SFO,2021-11-18,20,2021-11-17,18,26,16.277,-0.6870527672236669,0.7266075247685657,100.0,3.973,7.272,5.393,344.774,-0.349,16.277,100.0,3.973,15.583,11.458,10.19,3.207,62.311,8.311,0.00679,7.272,1018.934,1007.69,1019.283,344.774,,1
SFO,2021-11-19,20,2021-11-18,18,26,15.723,-0.6744436188329457,0.7383263540031063,99.689,5.549,5.025,6.858,219.316,-0.982,15.723,99.689,5.549,15.029,10.924,8.171,0.287,72.056,10.004,0.007601,5.025,1020.518,1009.25,1021.5,219.316,,1
SFO,2021-11-20,20,2021-11-19,18,26,16.551,-0.6616346182422783,0.7498264012045686,0.0,10.043,10.437,6.279,522.652,-0.493,16.551,0.0,10.043,15.857,11.305,9.578,3.324,50.953,5.42,0.005592,10.437,1021.467,1010.193,1021.96,522.652,,1
SFO,2021-11-21,20,2021-11-20,18,26,16.518,-0.6486295610349818,0.7611042586607742,0.0,9.27,10.566,2.664,528.909,-0.862,16.518,0.0,9.27,15.824,15.443,13.16,5.198,49.742,5.258,0.005502,10.566,1022.191,1010.907,1023.053,528.909,,1
SFO,2021-11-22,20,2021-11-21,18,26,18.213,-0.6354323008901775,0.7721565844991641,0.0,5.25,13.577,5.496,524.455,-1.37,18.213,0.0,5.25,17.519,16.97,12.023,2.269,41.638,3.942,0.005072,13.577,1019.751,1008.541,1021.121,524.455,,1
SFO,2021-11-23,20,2021-11-22,18,26,15.283,-0.622046748440868,0.7829801036770625,100.0,15.549,6.599,8.088,419.782,-0.629,15.283,100.0,15.549,14.589,10.157,6.501,-0.248,65.136,7.99,0.006666,6.599,1017.529,1006.271,1018.158,419.782,,1
SFO,2021-11-24,20,2021-11-23,18,26,15.553,-0.6084768701151264,0.7935716089521472,4.613,8.353,17.894,1.998,525.887,-0.036,15.553,4.613,8.353,14.859,12.613,12.861,2.203,29.801,-3.035,0.003086,17.894,1021.526,1010.197,1021.562,525.887,,1
SFO,2021-11-25,20,2021-11-24,18,26,16.218,-0.5947266869607633,0.8039279618328213,79.385,5.001,13.481,2.185,488.771,-0.953,16.218,79.385,5.001,15.524,15.014,13.339,5.447,41.339,2.043,0.004423,13.481,1026.143,1014.809,1027.096,488.771,,1
SFO,2021-11-26,20,2021-11-25,18,26,16.655,-0.5808002734538014,0.8140460935082175,0.056,7.619,13.961,2.827,508.99,-1.798,16.655,0.056,7.619,15.961,14.675,13.134,4.865,40.063,2.0,0.004407,13.961,1022.075,1010.797,1023.873,508.99,,1
SFO,2021-11-27,20,2021-11-26,18,26,18.428,-0.5667017562911177,0.8239230057575542,31.842,5.982,15.201,3.31,482.823,-0.605,18.428,31.842,5.982,17.734,17.08,14.424,4.783,37.545,2.533,0.004608,15.201,1019.639,1008.435,1020.244,482.823,,1
SFO,2021-11-28,20,2021-11-27,18,26,18.567,-0.5524353131676195,0.83355577183857,0.0,6.372,11.479,2.991,477.606,-0.75,18.567,0.0,6.372,17.873,17.422,14.882,5.544,48.038,6.394,0.00596,11.479,1022.147,1010.924,1022.897,477.606,,1
SFO,2021-11-29,20,2021-11-28,18,26,18.129,-0.5380051715383,0.8429415373547827,0.0,10.055,9.76,1.938,478.387,-1.11,18.129,0.0,10.055,17.435,17.418,15.497,5.292,54.216,7.675,0.006529,9.76,1020.951,1009.74,1022.061,478.387,,1
SFO,2021-11-30,20,2021-11-29,18,26,19.029,-0.5234156073655503,0.8520775211013093,0.0,7.6,11.799,0.008,486.654,-1.247,19.029,0.0,7.6,18.335,19.481,18.327,6.377,48.595,6.536,0.00608,11.799,1019.12,1007.948,1020.367,486.654,,1
SFO,2021-12-01,20,2021-11-30,18,26,18.845,-0.508670943852105,0.8609610158889941,0.0,6.075,11.948,-0.065,486.328,-0.79,18.845,0.0,6.075,18.151,19.956,18.216,6.442,46.667,6.203,0.005896,11.948,1018.549,1007.372,1019.339,486.328,,1
SFO,2021-12-02,20,2021-12-01,18,26,19.574,-0.4937755501599774,0.8695893893466109,35.557,2.464,11.901,3.306,468.42,-1.224,19.574,35.557,2.464,18.88,18.4,15.574,4.214,47.7,6.979,0.006241,11.901,1018.294,1007.142,1019.518,468.42,,1
SFO,2021-12-03,20,2021-12-02,18,26,17.34,-0.47873384011578907,0.8779600847008878,11.025,1.976,7.986,2.961,458.211,-1.638,17.34,11.025,1.976,16.646,15.811,13.685,3.133,60.835,8.66,0.006981,7.986,1018.15,1006.948,1019.788,458.211,,1
SFO,2021-12-04,20,2021-12-03,18,26,15.017,-0.4635502709028512,0.8860706215341377,0.0,9.705,5.151,2.146,469.225,0.244,15.017,0.0,9.705,14.323,13.438,12.177,1.893,71.778,9.172,0.00717,5.151,1022.668,1011.362,1022.424,469.225,,1
SFO,2021-12-05,20,2021-12-04,18,26,15.635,-0.4482293417404106,0.893918596519257,2.687,9.05,5.532,-0.049,474.969,-1.297,15.635,2.687,9.05,14.941,15.233,14.99,6.983,70.375,9.409,0.007284,5.532,1023.187,1011.891,1024.484,474.969,,1
SFO,2021-12-06,20,2021-12-05,18,26,13.997,-0.4327755925504317,0.9015016841318838,100.0,5.993,3.997,-0.949,189.375,-0.972,13.997,100.0,5.993,13.303,16.367,14.252,4.389,76.901,9.306,0.007264,3.997,1018.692,1007.366,1019.664,189.375,,1
SFO,2021-12-07,20,2021-12-06,18,26,14.147,-0.41719360261231697,0.9088176373395028,64.074,8.283,4.598,7.188,401.313,-0.533,14.147,64.074,8.283,13.453,8.61,6.265,0.009,73.719,8.855,0.007074,4.598,1014.627,1003.347,1015.16,401.313,,1
SFO,2021-12-08,20,2021-12-07,18,26,13.592,-0.4014879892059729,0.9158642882672873,99.061,11.357,2.704,6.267,132.775,-0.039,13.592,99.061,11.357,12.898,7.117,6.631,1.609,83.752,10.194,0.00772,2.704,1017.736,1006.405,1017.775,132.775,,1
SFO,2021-12-09,20,2021-12-08,18,26,11.907,-0.38566340624360745,0.9226395488404875,0.0,19.813,8.199,7.458,468.189,0.437,11.907,0.0,19.813,11.213,4.114,3.755,-6.857,56.999,3.014,0.004713,8.199,1015.289,1003.886,1014.852,468.189,,1
SFO,2021-12-10,20,2021-12-09,18,26,11.733,-0.3697245428906732,0.9291414114031743,0.872,8.801,8.407,9.971,458.258,0.025,11.733,0.872,8.801,11.039,4.668,1.068,-5.165,56.412,2.632,0.004569,8.407,1021.984,1010.516,1021.959,458.258,,1
SFO,2021-12-11,20,2021-12-10,18,26,12.349,-0.3536761221763721,0.935367949313148,100.0,2.469,10.501,7.03,422.218,-1.383,12.349,100.0,2.469,11.655,5.618,4.625,-1.958,49.463,1.154,0.004155,10.501,1021.945,1010.492,1023.328,422.218,,1
SFO,2021-12-12,20,2021-12-11,18,26,12.036,-0.33752289959411347,0.941317317512847,100.0,26.82,3.085,5.442,81.217,-1.266,12.036,100.0,26.82,11.342,7.554,5.9,-3.173,81.617,8.257,0.0068,3.085,1013.728,1002.364,1014.994,81.217,,1
SFO,2021-12-13,20,2021-12-12,18,26,11.952,-0.32126966169236515,0.946987753076075,100.0,35.852,1.678,8.46,75.035,-1.461,11.952,100.0,35.852,11.258,6.86,2.798,-4.955,89.423,9.58,0.007495,1.678,1006.37,995.084,1007.831,75.035,,1
SFO,2021-12-14,20,2021-12-13,18,26,9.943,-0.3049212246562894,0.9523775757303973,5.227,26.218,7.712,12.718,436.848,1.16,9.943,5.227,26.218,9.249,2.415,-3.469,-13.615,58.414,1.537,0.004256,7.712,1011.813,1000.365,1010.653,436.848,,1
SFO,2021-12-15,20,2021-12-14,18,26,10.659,-0.288482432880609,0.9574851883550393,98.524,25.886,5.849,9.231,87.567,-1.332,10.659,98.524,25.886,9.965,3.212,0.734,-5.918,66.946,4.116,0.00507,5.849,1021.023,1009.508,1022.355,87.567,,1
SFO,2021-12-16,20,2021-12-15,18,26,12.789,-0.27195815753410607,0.9623090774541485,4.965,12.076,6.811,12.138,448.227,0.83,12.789,4.965,12.076,12.095,5.174,-0.043,-5.039,63.183,5.284,0.005505,6.811,1019.954,1008.548,1019.124,448.227,,1
SFO,2021-12-17,20,2021-12-16,18,26,10.897,-0.2553532951161872,0.9668478136052775,0.452,6.733,7.63,3.165,462.773,-0.287,10.897,0.452,6.733,10.203,5.627,7.038,0.144,59.25,2.573,0.004525,7.63,1024.669,1013.124,1024.956,462.773,,1
SFO,2021-12-18,20,2021-12-17,18,26,10.87,-0.23867276600594997,0.9711000518829505,53.302,6.757,8.861,1.173,450.386,-1.316,10.87,53.302,6.757,10.176,8.525,9.003,0.813,54.246,1.315,0.004146,8.861,1023.863,1012.325,1025.179,450.386,,1
SFO,2021-12-19,20,2021-12-18,18,26,12.397,-0.22192151300416588,0.9750645322571947,0.0,6.518,8.344,5.649,449.719,-0.58,12.397,0.0,6.518,11.703,5.973,6.054,-0.156,57.028,3.359,0.004844,8.344,1018.511,1007.116,1019.091,449.719,,1
SFO,2021-12-20,20,2021-12-19,18,26,12.593,-0.20510449986861926,0.9787400799669153,100.0,16.134,6.69,9.937,262.587,-1.195,12.593,100.0,16.134,11.899,5.756,1.962,-0.037,63.61,5.209,0.005484,6.69,1019.51,1008.115,1020.705,262.587,,1
SFO,2021-12-21,20,2021-12-20,18,26,13.78,-0.1882267098432448,0.9821256058680005,87.496,6.698,11.263,7.835,411.124,-0.85,13.78,87.496,6.698,13.086,8.204,5.251,-1.74,46.717,1.823,0.004336,11.263,1019.476,1008.134,1020.326,411.124,,1
SFO,2021-12-22,20,2021-12-21,18,26,12.895,-0.1712931441814778,0.9852201067560606,100.0,12.448,1.812,6.14,69.891,-0.76,12.895,100.0,12.448,12.201,9.817,6.061,-2.783,88.812,10.389,0.007842,1.812,1016.647,1005.318,1017.407,69.891,,1
SFO,2021-12-23,20,2021-12-22,18,26,14.595,-0.154308820664281,0.9880226656636976,100.0,20.689,2.376,8.735,190.811,-0.047,14.595,100.0,20.689,13.901,9.392,5.166,-4.28,85.817,11.525,0.008518,2.376,1008.027,996.86,1008.074,190.811,,1
SFO,2021-12-24,20,2021-12-23,18,26,11.632,-0.13727877211326517,0.9905324521322227,33.925,22.526,7.066,12.472,449.299,1.815,11.632,33.925,22.526,10.938,4.031,-1.534,-5.252,61.626,3.872,0.005018,7.066,1013.21,1001.818,1011.395,449.299,,1
SFO,2021-12-25,20,2021-12-24,18,26,11.377,-0.12020804489935275,0.9927487224577402,87.085,21.85,3.38,10.502,318.895,-0.373,11.377,87.085,21.85,10.683,4.557,0.181,-9.468,79.628,7.303,0.006384,3.38,1011.491,1000.126,1011.864,318.895,,1
SFO,2021-12-26,20,2021-12-25,18,26,10.341,-0.10310169744743544,0.9946708199115211,100.0,15.461,7.738,13.09,323.858,0.589,10.341,100.0,15.461,9.647,2.41,-3.443,-11.985,58.511,1.909,0.004341,7.738,1019.634,1008.112,1019.045,323.858,,1
SFO,2021-12-27,20,2021-12-26,18,26,9.173,-0.0859647987374467,0.9962981749346077,93.558,31.604,5.584,12.033,181.509,0.541,9.173,93.558,31.604,8.479,1.845,-3.554,-12.597,68.025,2.895,0.004689,5.584,1012.434,1000.947,1011.893,181.509,,1
SFO,2021-12-28,20,2021-12-27,18,26,8.009,-0.06880242680231975,0.9976303053065857,100.0,16.721,2.35,7.039,63.643,-1.699,8.009,100.0,16.721,7.315,3.321,0.276,-9.138,85.017,4.965,0.005436,2.35,1010.378,998.881,1012.077,63.643,,1
SFO,2021-12-29,20,2021-12-28,18,26,9.229,-0.05161966722325418,0.9986668162884759,100.0,11.391,2.037,8.342,26.32,0.303,9.229,100.0,11.391,8.535,4.119,0.193,-8.839,87.124,6.498,0.006073,2.037,1006.136,994.743,1005.833,26.32,,1
SFO,2021-12-30,20,2021-12-29,18,26,9.752,-0.034421611622745804,0.9994074007397048,6.737,5.974,4.233,7.519,402.381,-0.103,9.752,6.737,5.974,9.058,4.879,1.539,-4.296,74.762,4.825,0.005355,4.233,1014.109,1002.638,1014.212,402.381,,1
SFO,2021-12-31,20,2021-12-30,18,26,9.565,-0.01721335615583528,0.9998518392091162,4.202,21.164,6.112,8.541,450.536,0.16,9.565,4.202,21.164,8.871,2.381,0.33,-2.916,65.629,2.759,0.004646,6.112,1013.134,1001.663,1012.974,450.536,,1
SFO,2022-01-01,20,2021-12-31,18,26,9.776,0.0,1.0,8.813,6.798,12.107,3.936,463.418,-0.02,9.776,8.813,6.798,9.082,4.157,5.146,-0.053,42.446,-3.025,0.003013,12.107,1021.691,1010.123,1021.711,463.418,,1
SFO,2022-01-02,20,2022-01-01,18,26,11.242,0.017213356155834685,0.9998518392091162,5.682,4.214,9.063,7.095,451.998,-1.235,11.242,5.682,4.214,10.548,4.248,3.453,-2.131,53.678,1.485,0.004215,9.063,1024.58,1013.066,1025.815,451.998,,1
SFO,2022-01-03,20,2022-01-02,18,26,12.88,0.03442161162274574,0.9994074007397048,100.0,13.886,6.163,10.278,252.898,-0.478,12.88,100.0,13.886,12.186,6.369,1.908,-1.625,66.128,6.023,0.005772,6.163,1023.095,1011.665,1023.573,252.898,,1
SFO,2022-01-04,20,2022-01-03,18,26,14.559,0.051619667223253764,0.998666816288476,100.0,2.68,4.73,10.919,383.673,-0.8,14.559,100.0,2.68,13.865,7.998,2.946,-0.467,73.428,9.135,0.007123,4.73,1026.309,1014.933,1027.109,383.673,,1
SFO,2022-01-05,20,2022-01-04,18,26,14.437,0.06880242680231986,0.9976303053065857,21.001,5.965,3.357,6.599,392.248,-1.443,14.437,21.001,5.965,13.743,10.64,7.144,2.58,80.324,10.386,0.007767,3.357,1024.197,1012.847,1025.64,392.248,,1
SFO,2022-01-06,20,2022-01-05,18,26,14.872,0.08596479873744647,0.9962981749346078,8.996,4.347,3.77,4.688,445.218,-1.647,14.872,8.996,4.347,14.178,9.424,9.49,5.492,78.366,10.408,0.007829,3.77,1017.957,1006.689,1019.604,445.218,,1
SFO,2022-01-07,20,2022-01-06,18,26,12.085,0.10310169744743485,0.9946708199115211,100.0,9.273,3.413,6.935,39.973,0.001,12.085,100.0,9.273,11.391,7.695,4.456,-2.35,79.465,7.978,0.006649,3.413,1015.847,1004.462,1015.846,39.973,,1
SFO,2022-01-08,20,2022-01-07,18,26,12.808,0.1202080448993527,0.9927487224577402,0.0,5.183,5.256,5.398,461.494,-0.34,12.808,0.0,5.183,12.114,7.598,6.716,-2.021,70.427,6.858,0.006147,5.256,1019.969,1008.562,1020.309,461.494,,1
SFO,2022-01-09,20,2022-01-08,18,26,13.193,0.13727877211326478,0.9905324521322229,89.544,9.019,6.838,4.472,465.795,-0.194,13.193,89.544,9.019,12.499,11.002,8.027,1.076,63.181,5.661,0.005619,6.838,1024.824,1013.38,1025.018,465.795,,1
SFO,2022-01-10,20,2022-01-09,18,26,14.248,0.15430882066428114,0.9880226656636976,43.584,5.619,8.723,5.686,429.056,-0.479,14.248,43.584,5.619,13.554,12.001,7.868,-0.764,55.81,4.831,0.005292,8.723,1029.314,1017.875,1029.793,429.056,,1
SFO,2022-01-11,20,2022-01-10,18,26,15.036,0.1712931441814776,0.9852201067560606,15.542,6.839,9.192,2.321,407.974,-1.115,15.036,15.542,6.839,14.342,14.328,12.021,3.308,54.567,5.15,0.005431,9.192,1026.976,1015.601,1028.091,407.974,,1
SFO,2022-01-12,20,2022-01-11,18,26,15.759,0.18822670984324422,0.9821256058680006,0.0,4.207,9.182,1.538,470.402,-0.291,15.759,0.0,4.207,15.065,14.415,13.527,4.579,55.115,5.883,0.005726,9.182,1024.728,1013.403,1025.019,470.402,,1
SFO,2022-01-13,20,2022-01-12,18,26,14.899,0.2051044998686192,0.9787400799669153,100.0,8.217,7.149,3.776,379.035,-0.837,14.899,100.0,8.217,14.205,11.984,10.429,4.253,62.828,7.056,0.006211,7.149,1024.179,1012.845,1025.016,379.035,,1
SFO,2022-01-14,20,2022-01-13,18,26,13.888,0.22192151300416552,0.9750645322571948,99.049,8.683,8.96,1.004,389.948,-0.659,13.888,99.049,8.683,13.194,12.303,12.19,4.658,55.115,4.234,0.005126,8.96,1021.571,1010.203,1022.23,389.948,,1
SFO,2022-01-15,20,2022-01-14,18,26,14.748,0.2386727660059501,0.9711000518829505,100.0,5.779,8.708,3.669,302.255,0.527,14.748,100.0,5.779,14.054,14.352,10.385,0.6,56.324,5.346,0.005532,8.708,1022.281,1010.942,1021.754,302.255,,1
SFO,2022-01-16,20,2022-01-15,18,26,15.899,0.255353295116187,0.9668478136052775,56.699,4.708,11.702,5.904,465.922,-0.564,15.899,56.699,4.708,15.205,12.927,9.301,-2.25,46.58,3.503,0.004897,11.702,1019.6,1008.328,1020.164,465.922,,1
SFO,2022-01-17,20,2022-01-16,18,26,14.865,0.2719581575341055,0.9623090774541486,35.74,3.72,8.664,6.603,323.409,-0.065,14.865,35.74,3.72,14.171,11.484,7.568,-4.108,56.399,5.507,0.005619,8.664,1018.23,1006.939,1018.295,323.409,,1
SFO,2022-01-18,20,2022-01-17,18,26,13.646,0.288482432880609,0.9574851883550393,34.969,7.36,5.032,6.482,465.406,0.065,13.646,34.969,7.36,12.952,9.352,6.47,-2.155,72.166,7.92,0.006602,5.032,1020.541,1009.184,1020.476,465.406,,1
SFO,2022-01-19,20,2022-01-18,18,26,14.347,0.304921224656289,0.9523775757303975,0.482,6.853,7.394,5.834,476.805,0.264,14.347,0.482,6.853,13.653,10.232,7.819,1.113,61.591,6.259,0.005878,7.394,1023.351,1011.994,1023.087,476.805,,1
SFO,2022-01-20,20,2022-01-19,18,26,14.884,0.3212696616923644,0.9469877530760753,0.012,7.221,8.38,2.986,483.124,0.567,14.884,0.012,7.221,14.19,13.078,11.204,2.604,57.692,5.81,0.005682,8.38,1026.573,1015.2,1026.006,483.124,,1
SFO,2022-01-21,20,2022-01-20,18,26,15.615,0.3375228995941133,0.9413173175128471,98.331,13.888,10.692,4.275,501.596,-0.318,15.615,98.331,13.888,14.921,12.307,10.646,2.948,49.615,4.229,0.005128,10.692,1021.34,1010.04,1021.658,501.596,,1
SFO,2022-01-22,20,2022-01-21,18,26,14.09,0.35367612217637157,0.9353679493131483,1.927,7.829,13.06,5.224,513.921,0.002,14.09,1.927,7.829,13.396,10.277,8.172,5.756,41.392,0.336,0.003907,13.06,1020.073,1008.709,1020.071,513.921,,1
SFO,2022-01-23,20,2022-01-22,18,26,14.922,0.36972454289067314,0.9291414114031743,0.0,5.383,10.945,6.953,509.063,-0.478,14.922,0.0,5.383,14.228,10.517,7.275,0.905,48.356,3.283,0.004781,10.945,1024.744,1013.379,1025.222,509.063,,1
SFO,2022-01-24,20,2022-01-23,18,26,14.631,0.3856634062436071,0.9226395488404876,0.0,5.621,9.602,5.383,509.836,-0.686,14.631,0.0,5.621,13.937,10.125,8.554,2.447,53.06,4.335,0.005157,9.602,1020.875,1009.551,1021.561,509.836,,1
SFO,2022-01-25,20,2022-01-24,18,26,14.228,0.401487989205973,0.9158642882672872,0.0,7.835,9.509,1.55,520.854,-0.187,14.228,0.0,7.835,13.534,9.713,11.984,2.803,54.001,4.025,0.005088,9.509,1018.032,1006.722,1018.219,520.854,,1
SFO,2022-01-26,20,2022-01-25,18,26,14.48,0.4171936026123168,0.9088176373395029,0.0,5.701,9.269,7.594,517.933,0.093,14.48,0.0,5.701,13.786,9.842,6.192,2.517,54.031,4.517,0.005225,9.269,1021.292,1009.937,1021.199,517.933,,1
SFO,2022-01-27,20,2022-01-26,18,26,14.675,0.4327755925504312,0.901501684131884,1.983,5.975,12.138,6.302,529.112,0.348,14.675,1.983,5.975,13.981,10.912,7.679,0.143,44.352,1.843,0.004326,12.138,1024.38,1013.008,1024.032,529.112,,1
SFO,2022-01-28,20,2022-01-27,18,26,14.817,0.4482293417404106,0.893918596519257,95.571,7.528,10.248,5.45,425.561,0.184,14.817,95.571,7.528,14.123,12.876,8.673,-2.534,50.639,3.875,0.004981,10.248,1026.455,1015.067,1026.271,425.561,,1
SFO,2022-01-29,20,2022-01-28,18,26,14.755,0.4635502709028509,0.886070621534138,4.857,6.282,12.75,6.412,522.441,-0.129,14.755,4.857,6.282,14.061,11.211,7.649,-1.845,42.593,1.311,0.004172,12.75,1023.238,1011.877,1023.367,522.441,,1
SFO,2022-01-30,20,2022-01-29,18,26,14.377,0.47873384011578846,0.8779600847008882,0.0,6.842,10.193,5.245,540.618,0.052,14.377,0.0,6.842,13.683,10.582,8.438,0.88,51.599,3.49,0.004874,10.193,1023.34,1011.988,1023.288,540.618,,1
SFO,2022-01-31,20,2022-01-30,18,26,13.283,0.4937755501599772,0.869589389346611,100.0,10.204,6.442,4.421,409.067,-1.056,13.283,100.0,10.204,12.589,8.582,8.168,-0.407,65.506,6.147,0.005848,6.442,1021.417,1010.04,1022.473,409.067,,1
SFO,2022-02-01,20,2022-01-31,18,26,13.267,0.5086709438521044,0.8609610158889943,0.0,23.072,16.623,9.99,573.701,-0.532,13.267,0.0,23.072,12.573,5.659,2.583,-4.332,31.882,-4.05,0.002872,16.623,1016.603,1005.222,1017.135,573.701,,1
SFO,2022-02-02,20,2022-02-01,18,26,14.018,0.5234156073655503,0.8520775211013093,0.0,26.664,17.509,7.041,566.389,-0.172,14.018,0.0,26.664,13.324,6.34,6.283,-0.028,30.062,-4.185,0.002822,17.509,1020.884,1009.489,1021.056,566.389,,1
SFO,2022-02-03,20,2022-02-02,18,26,13.298,0.5380051715382996,0.8429415373547828,100.0,4.887,11.964,5.021,390.401,0.172,13.298,100.0,4.887,12.604,9.42,7.583,0.078,44.498,0.64,0.003968,11.964,1023.707,1012.279,1023.535,390.401,,1
SFO,2022-02-04,20,2022-02-03,18,26,14.318,0.5524353131676196,0.8335557718385699,0.0,4.958,11.511,6.654,559.73,0.524,14.318,0.0,4.958,13.624,8.801,6.97,0.607,46.376,2.113,0.004379,11.511,1030.257,1018.802,1029.733,559.73,,1
SFO,2022-02-05,20,2022-02-04,18,26,14.477,0.5667017562911175,0.8239230057575543,100.0,7.091,11.112,4.246,437.064,-0.885,14.477,100.0,7.091,13.783,9.786,9.537,4.669,47.834,2.671,0.004574,11.112,1025.423,1014.038,1026.308,437.064,,1
SFO,2022-02-06,20,2022-02-05,18,26,15.354,0.5808002734538008,0.8140460935082179,0.0,6.781,10.703,1.253,579.221,-0.307,15.354,0.0,6.781,14.66,13.495,13.407,4.7,49.409,3.957,0.004998,10.703,1024.924,1013.58,1025.231,579.221,,1
SFO,2022-02-07,20,2022-02-06,18,26,16.291,0.5947266869607633,0.8039279618328213,0.0,6.475,11.269,3.769,580.227,-0.196,16.291,0.0,6.475,15.597,13.923,11.828,2.908,47.988,4.328,0.00513,11.269,1027.513,1016.169,1027.709,580.227,,1
SFO,2022-02-08,20,2022-02-07,18,26,17.109,0.6084768701151261,0.7935716089521474,0.0,9.066,13.249,1.307,581.965,-0.839,17.109,0.0,9.066,16.415,15.186,15.108,3.143,42.412,3.166,0.004759,13.249,1024.503,1013.213,1025.342,581.965,,1
SFO,2022-02-09,20,2022-02-08,18,26,17.907,0.6220467484408675,0.7829801036770629,48.56,9.378,13.091,1.54,572.637,-1.064,17.907,48.56,9.378,17.213,17.465,15.673,5.473,43.448,4.122,0.005121,13.091,1021.554,1010.309,1022.618,572.637,,1
SFO,2022-02-10,20,2022-02-09,18,26,18.51,0.6354323008901774,0.7721565844991642,0.0,7.591,12.26,1.592,594.182,-0.028,18.51,0.0,7.591,17.816,18.195,16.224,8.259,45.667,5.556,0.005626,12.26,1021.304,1010.092,1021.332,594.182,,1
SFO,2022-02-11,20,2022-02-10,18,26,20.179,0.6486295610349815,0.7611042586607746,43.657,4.655,11.503,3.019,588.1,-0.99,20.179,43.657,4.655,19.485,18.018,16.466,6.899,49.244,7.982,0.006659,11.503,1018.714,1007.575,1019.704,588.1,,1
SFO,2022-02-12,20,2022-02-11,18,26,19.959,0.6616346182422783,0.7498264012045687,9.518,5.211,11.113,4.64,575.12,0.051,19.959,9.518,5.211,19.265,18.073,14.625,4.356,50.244,8.152,0.006729,11.113,1020.524,1009.359,1020.473,575.12,,1
SFO,2022-02-13,20,2022-02-12,18,26,20.227,0.6744436188329455,0.7383263540031065,47.162,4.891,12.347,5.892,605.115,-0.18,20.227,47.162,4.891,19.533,17.825,13.641,3.174,46.774,7.186,0.006275,12.347,1023.752,1012.555,1023.932,605.115,,1
SFO,2022-02-14,20,2022-02-13,18,26,15.602,0.687052767223667,0.7266075247685656,3.052,14.013,7.728,4.623,606.945,-0.901,15.602,3.052,14.013,14.908,12.881,10.285,0.74,61.76,7.18,0.006303,7.728,1020.031,1008.747,1020.932,606.945,,1
SFO,2022-02-15,20,2022-02-14,18,26,13.068,0.6994583270516471,0.7146733860429609,0.0,24.182,13.087,11.939,624.796,-0.897,13.068,0.0,24.182,12.374,5.984,0.435,-6.81,41.708,-0.713,0.003673,13.087,1014.314,1002.973,1015.211,624.796,,1
SFO,2022-02-16,20,2022-02-15,18,26,15.005,0.7116566222817747,0.702527474169157,0.0,5.503,13.943,5.719,624.567,0.07,15.005,0.0,5.503,14.311,9.673,8.592,0.801,40.932,0.368,0.003978,13.943,1015.947,1004.684,1015.877,624.567,,1
SFO,2022-02-17,20,2022-02-16,18,26,15.848,0.7236440382959124,0.6901733882429719,0.0,2.186,15.247,7.028,640.527,0.745,15.848,0.0,2.186,15.154,9.369,8.126,1.856,36.415,-0.093,0.003764,15.247,1025.706,1014.344,1024.961,640.527,,1
SFO,2022-02-18,20,2022-02-17,18,26,15.664,0.7354170229639855,0.6776147890466889,97.1,5.271,11.268,7.331,576.558,-0.962,15.664,97.1,5.271,14.97,9.784,7.639,0.802,47.932,3.702,0.004913,11.268,1024.504,1013.17,1025.466,576.558,,1
SFO,2022-02-19,20,2022-02-18,18,26,16.806,0.7469720876965552,0.6648553979642865,0.0,6.804,12.006,6.69,638.409,-0.756,16.806,0.0,6.804,16.112,12.805,9.422,0.157,46.491,4.106,0.005086,12.006,1020.979,1009.721,1021.735,638.409,,1
SFO,2022-02-20,20,2022-02-19,18,26,13.765,0.7583058084785625,0.6518989958787126,100.0,10.749,5.919,3.892,425.73,-0.784,13.765,100.0,10.749,13.071,10.758,9.179,-1.179,68.153,7.152,0.006295,5.919,1015.819,1004.517,1016.603,425.73,,1
SFO,2022-02-21,20,2022-02-20,18,26,11.404,0.7694148268839378,0.6387494220515272,1.566,28.275,10.231,9.448,650.657,0.196,11.404,1.566,28.275,10.71,3.126,1.262,-5.206,49.898,0.479,0.003957,10.231,1016.279,1004.839,1016.083,650.657,,1
SFO,2022-02-22,20,2022-02-21,18,26,9.799,0.7802958510707755,0.6254105729852463,11.177,30.974,8.885,13.633,650.848,-0.662,9.799,11.177,30.974,9.105,1.484,-4.528,-15.785,53.911,0.22,0.00386,8.885,1015.987,1004.468,1016.649,650.848,,1
SFO,2022-02-23,20,2022-02-22,18,26,10.057,0.7909456567567772,0.6118864012687244,0.0,16.426,16.509,12.347,679.899,0.902,10.057,0.0,16.426,9.363,1.62,-2.984,-14.194,30.738,-7.146,0.002221,16.509,1021.316,1009.743,1020.414,679.899,,1
SFO,2022-02-24,20,2022-02-23,18,26,10.942,0.8013610881746767,0.5981809144059164,0.887,9.705,9.313,11.6,665.236,0.234,10.942,0.887,9.705,10.248,2.717,-1.352,-3.856,53.22,0.935,0.004021,9.313,1027.015,1015.454,1026.781,665.236,,1
SFO,2022-02-25,20,2022-02-24,18,26,11.954,0.811539059007361,0.5842981736283684,43.217,7.365,11.969,10.112,682.5,-0.037,11.954,43.217,7.365,11.26,4.703,1.148,-3.21,44.632,-0.709,0.003575,11.969,1026.212,1014.697,1026.249,682.5,,1
SFO,2022-02-26,20,2022-02-25,18,26,13.301,0.8214765533024142,0.5702422926917871,100.0,5.998,14.102,8.668,584.062,-0.173,13.301,100.0,5.998,12.607,6.848,3.939,-1.121,38.822,-1.495,0.003379,14.102,1027.591,1016.128,1027.764,584.062,,1
SFO,2022-02-27,20,2022-02-26,18,26,15.713,0.831170626365808,0.5560174366570445,0.0,8.152,14.473,7.311,676.288,-1.547,15.713,0.0,8.152,15.019,11.571,7.708,-1.405,39.156,0.546,0.003939,14.473,1028.216,1016.846,1029.763,676.288,,1
SFO,2022-02-28,20,2022-02-27,18,26,17.993,0.8406184056344782,0.5416278206559814,67.125,6.75,13.441,5.925,665.125,-1.908,17.993,67.125,6.75,17.299,14.404,11.374,1.902,42.218,3.858,0.004984,13.441,1024.62,1013.363,1026.528,665.125,,1
SFO,2022-03-01,20,2022-02-28,18,26,17.262,0.8498170915275278,0.5270777086423722,91.179,8.983,9.713,5.205,593.11,-0.596,17.262,91.179,8.983,16.568,14.352,11.363,2.25,55.213,6.855,0.006137,9.713,1022.092,1010.85,1022.688,593.11,,1
SFO,2022-03-02,20,2022-03-01,18,26,17.099,0.8587639582758029,0.5123714121284237,100.0,7.949,8.111,4.514,540.746,-0.723,17.099,100.0,7.949,16.405,14.251,11.891,1.473,61.609,8.294,0.006805,8.111,1017.849,1006.654,1018.572,540.746,,1
SFO,2022-03-03,20,2022-03-02,18,26,14.525,0.8674563547295968,0.49751328890718066,100.0,8.347,7.057,8.338,381.016,-1.627,14.525,100.0,8.347,13.831,8.836,5.493,-2.464,63.929,6.774,0.00619,7.057,1011.728,1000.504,1013.355,381.016,,1
SFO,2022-03-04,20,2022-03-03,18,26,12.526,0.8758917051442429,0.48250774176121847,3.372,34.382,6.483,6.544,617.838,0.927,12.526,3.372,34.382,11.832,5.593,5.288,-4.038,64.759,5.349,0.005558,6.483,1014.965,1003.597,1014.038,617.838,,1
SFO,2022-03-05,20,2022-03-04,18,26,10.529,0.8840675099433636,0.46735921715800227,24.271,12.498,9.208,12.602,703.992,0.076,10.529,24.271,12.498,9.835,2.555,-2.767,-11.648,53.297,0.627,0.003964,9.208,1019.318,1007.81,1019.242,703.992,,1
SFO,2022-03-06,20,2022-03-05,18,26,12.889,0.8919813464595485,0.45207220393230435,4.607,9.206,7.756,9.55,720.576,0.542,12.889,4.607,9.206,12.195,5.821,2.645,-4.531,60.559,4.439,0.005167,7.756,1025.363,1013.914,1024.821,720.576,,1
SFO,2022-03-07,20,2022-03-06,18,26,14.141,0.8996308696522433,0.43665123195606403,8.533,11.546,15.837,8.041,741.384,-0.699,14.141,8.533,11.546,13.447,7.237,5.406,-1.977,35.048,-2.39,0.003208,15.837,1027.078,1015.639,1027.777,741.384,,1
SFO,2022-03-08,20,2022-03-07,18,26,16.23,0.9070138128026359,0.4211008707960896,0.0,4.359,15.215,7.116,737.17,-1.404,16.23,0.0,4.359,15.536,11.954,8.42,-3.092,38.188,0.321,0.003922,15.215,1021.911,1010.624,1023.315,737.17,,1
SFO,2022-03-09,20,2022-03-08,18,26,14.225,0.9141279881853337,0.40542572835999735,1.698,15.255,10.408,6.393,723.554,-0.91,14.225,1.698,15.255,13.531,9.632,7.138,-1.983,51.488,3.123,0.004785,10.408,1016.624,1005.353,1017.534,723.554,,1
SFO,2022-03-10,20,2022-03-09,18,26,15.409,0.9209712877166346,0.38963044953078796,0.0,18.786,18.106,8.126,773.626,0.547,15.409,0.0,18.786,14.715,7.986,6.589,-3.284,31.038,-3.391,0.00308,18.106,1020.428,1009.11,1019.881,773.626,,1
SFO,2022-03-11,20,2022-03-10,18,26,16.349,0.9275416835791966,0.37371971479046906,2.319,4.352,18.255,7.525,757.9,-0.167,16.349,2.319,4.352,15.655,11.475,8.13,-0.587,31.932,-2.6,0.003205,18.255,1026.627,1015.29,1026.794,757.9,,1
SFO,2022-03-12,20,2022-03-11,18,26,14.896,0.9338372288229251,0.3576982388331257,2.561,9.633,10.776,7.179,760.503,-1.308,14.896,2.561,9.633,14.202,9.859,7.023,-1.16,51.333,3.426,0.004853,10.776,1023.884,1012.547,1025.192,760.503,,1
SFO,2022-03-13,20,2022-03-12,18,26,14.527,0.9398560579418954,0.3415707691678556,70.77,15.052,7.8,8.799,702.667,0.045,14.527,70.77,15.052,13.833,6.951,5.034,-1.839,60.793,6.033,0.005806,7.8,1024.049,1012.684,1024.004,702.667,,1
SFO,2022-03-14,20,2022-03-13,18,26,15.906,0.9455963874271425,0.32534208471198034,5.088,5.49,14.87,6.84,761.364,-1.142,15.906,5.088,5.49,15.212,11.125,8.372,0.385,40.235,0.342,0.003922,14.87,1024.413,1013.098,1025.555,761.364,,1
SFO,2022-03-15,20,2022-03-14,18,26,15.015,0.9510565162951535,0.30901699437494745,100.0,13.865,4.436,9.072,521.886,0.353,15.015,100.0,13.865,14.321,8.848,5.249,-2.481,75.573,9.885,0.007496,4.436,1026.116,1014.765,1025.763,521.886,,1
SFO,2022-03-16,20,2022-03-15,18,26,14.548,0.9562348265919056,0.2926003356333486,6.244,12.02,7.088,5.612,767.053,-0.87,14.548,6.244,12.02,13.854,9.81,8.242,-2.382,64.202,6.766,0.006084,7.088,1022.496,1011.178,1023.366,767.053,,1
SFO,2022-03-17,20,2022-03-16,18,26,14.482,0.9611297838723007,0.27609697309746906,18.027,14.894,9.88,6.624,751.834,-0.648,14.482,18.027,14.894,13.788,9.747,7.164,-2.711,53.436,3.908,0.005036,9.88,1021.54,1010.201,1022.188,751.834,,1
SFO,2022-03-18,20,2022-03-17,18,26,14.842,0.9657399376548549,0.2595117970697999,90.924,6.845,8.229,4.69,703.475,-1.246,14.842,90.924,6.845,14.148,11.077,9.458,1.256,60.772,5.919,0.005762,8.229,1019.855,1008.584,1021.101,703.475,,1
SFO,2022-03-19,20,2022-03-18,18,26,11.91,0.970063921851507,0.24284972209593583,89.317,4.272,3.129,10.221,179.606,-0.45,11.91,89.317,4.272,11.216,5.735,0.995,-6.151,81.174,8.087,0.006701,3.129,1016.532,1005.154,1016.982,179.606,,1
SFO,2022-03-20,20,2022-03-19,18,26,13.73,0.9741004551724205,0.22611568550828828,5.417,17.154,10.939,5.619,788.301,0.348,13.73,5.417,17.154,13.036,8.599,7.417,-0.113,49.333,2.097,0.004415,10.939,1022.559,1011.187,1022.211,788.301,,1
SFO,2022-03-21,20,2022-03-20,18,26,15.15,0.9778483415056568,0.2093146459630487,5.0,13.677,12.19,2.545,780.448,-0.915,15.15,5.0,13.677,14.456,12.993,11.911,3.37,47.142,2.266,0.004498,12.19,1022.894,1011.589,1023.809,780.448,,1
SFO,2022-03-22,20,2022-03-21,18,26,20.177,0.9813064702716093,0.19245158197082998,0.0,8.74,10.847,6.676,784.272,-0.802,20.177,0.0,8.74,19.483,15.649,12.807,7.61,52.049,8.636,0.006954,10.847,1020.139,1008.985,1020.941,784.272,,1
SFO,2022-03-23,20,2022-03-22,18,26,17.32,0.9844738167520922,0.1755314904214282,14.79,12.517,6.817,2.264,766.558,-0.934,17.32,14.79,12.517,16.626,17.512,14.362,5.342,66.721,9.809,0.007477,6.817,1020.72,1009.504,1021.654,766.558,,1
SFO,2022-03-24,20,2022-03-23,18,26,16.238,0.9873494423939864,0.15855938510313455,22.665,13.516,7.594,0.46,774.302,-0.737,16.238,22.665,13.516,15.544,16.816,15.084,6.113,63.346,7.95,0.006614,7.594,1019.072,1007.833,1019.809,774.302,,1
SFO,2022-03-25,20,2022-03-24,18,26,16.316,0.989932495087353,0.14154029521704323,6.351,9.784,9.587,1.218,830.336,-1.231,16.316,6.351,9.784,15.622,16.561,14.404,5.58,57.709,6.035,0.005847,9.587,1016.843,1005.646,1018.074,830.336,,1
SFO,2022-03-26,20,2022-03-25,18,26,16.342,0.9922222094179323,0.12447926388678937,98.919,12.945,7.867,3.604,808.325,-0.604,16.342,98.919,12.945,15.648,13.251,12.044,3.797,62.048,7.781,0.00658,7.867,1012.728,1001.562,1013.332,808.325,,1
SFO,2022-03-27,20,2022-03-26,18,26,16.063,0.994217906893952,0.10738134666416309,100.0,19.979,7.713,9.304,656.537,-1.591,16.063,100.0,19.979,15.369,9.591,6.065,-1.606,61.25,7.656,0.006565,7.713,1006.365,995.252,1007.956,656.537,,1
SFO,2022-03-28,20,2022-03-27,18,26,14.019,0.995918996147179,0.09025161003104117,93.548,10.477,6.661,11.484,697.516,0.409,14.019,93.548,10.477,13.325,7.677,1.841,-7.433,64.453,6.664,0.006124,6.661,1006.807,995.605,1006.398,697.516,,1
SFO,2022-03-29,20,2022-03-28,18,26,14.435,0.9973249731081555,0.07309512989807755,18.085,17.802,5.217,7.083,766.501,0.764,14.435,18.085,17.802,13.741,7.829,6.658,0.182,71.656,8.524,0.006905,5.217,1016.976,1005.686,1016.212,766.501,,1
SFO,2022-03-30,20,2022-03-29,18,26,13.379,0.9984354211555643,0.05591699010060326,100.0,19.548,6.79,5.643,657.3,-0.844,13.379,100.0,19.548,12.685,7.421,7.042,2.668,64.025,5.895,0.005763,6.79,1019.73,1008.352,1020.574,657.3,,1
SFO,2022-03-31,20,2022-03-30,18,26,14.56,0.9992500112396835,0.03872228089217446,45.446,12.561,6.482,6.566,716.747,-1.272,14.56,45.446,12.561,13.866,9.779,7.3,1.036,66.204,7.384,0.006404,6.482,1014.004,1002.765,1015.276,716.747,,1
SFO,2022-04-01,20,2022-03-31,18,26,15.999,0.9997685019798909,0.021516097436222254,11.851,10.649,9.253,4.856,841.284,-0.228,15.999,11.851,10.649,15.305,13.25,10.449,4.074,58.572,6.052,0.005868,9.253,1014.265,1003.088,1014.493,841.284,,1
SFO,2022-04-02,20,2022-04-01,18,26,16.421,0.9999907397361901,0.004303538296244289,86.684,10.854,9.195,4.198,779.957,-0.5,16.421,86.684,10.854,15.727,12.784,11.529,2.657,57.871,6.532,0.006032,9.195,1016.047,1004.848,1016.547,779.957,,1
SFO,2022-04-03,20,2022-04-02,18,26,16.476,0.9999166586547379,-0.012910296075009042,28.485,17.957,11.323,4.157,871.605,-0.224,16.476,28.485,17.957,15.782,15.191,11.625,-0.121,50.304,4.459,0.005251,11.323,1016.046,1004.83,1016.27,871.605,,1
SFO,2022-04-04,20,2022-04-03,18,26,15.244,0.9995462806873573,-0.030120304846908114,49.606,19.646,5.45,6.276,787.046,0.681,15.244,49.606,19.646,14.55,8.825,8.274,3.174,71.03,9.1,0.007151,5.45,1020.639,1009.342,1019.958,787.046,,1
SFO,2022-04-05,20,2022-04-04,18,26,14.686,0.9988797155850336,-0.04732138832243185,0.183,16.803,8.713,2.143,862.297,-0.716,14.686,0.183,16.803,13.992,10.238,11.849,4.432,58.047,5.279,0.0055,8.713,1021.815,1010.504,1022.531,862.297,,1
SFO,2022-04-06,20,2022-04-05,18,26,19.733,0.9979171608653922,-0.06450844944931623,5.0,10.146,17.094,1.984,882.107,-0.753,19.733,5.0,10.146,19.039,16.485,17.055,7.0,36.154,1.945,0.004446,17.094,1019.287,1008.128,1020.04,882.107,,1
SFO,2022-04-07,20,2022-04-06,18,26,24.791,0.9966589017541702,-0.08167639533042241,86.98,4.526,18.067,5.78,879.046,-0.604,24.791,86.98,4.526,24.097,21.684,18.317,7.286,34.106,6.03,0.005827,18.067,1018.706,1007.656,1019.31,879.046,,1
SFO,2022-04-08,20,2022-04-07,18,26,19.404,0.9951053111006976,-0.09882013873287143,83.911,16.588,10.857,1.943,873.483,-0.316,19.404,83.911,16.588,18.71,20.038,16.767,5.176,53.476,7.853,0.006586,10.857,1018.193,1007.051,1018.509,873.483,,1
SFO,2022-04-09,20,2022-04-08,18,26,16.673,0.9932568492674143,-0.11593459959550041,0.0,19.658,13.971,4.492,901.803,-0.826,16.673,0.0,19.658,15.979,13.408,11.487,4.386,42.917,2.008,0.004456,13.971,1015.52,1004.33,1016.346,901.803,,1
SFO,2022-04-10,20,2022-04-09,18,26,15.285,0.9911140639934547,-0.1330147065341959,93.741,21.988,12.409,7.995,884.523,-1.167,15.285,93.741,21.988,14.591,9.951,6.596,0.552,46.898,2.182,0.004525,12.409,1014.675,1003.446,1015.842,884.523,,1
SFO,2022-04-11,20,2022-04-10,18,26,10.153,0.9886775902323405,-0.1500553983446526,35.279,42.492,6.741,9.011,527.113,1.632,10.153,35.279,42.492,9.459,1.823,0.448,-4.615,63.142,2.718,0.004622,6.741,1014.785,1003.312,1013.153,527.113,,1
SFO,2022-04-12,20,2022-04-11,18,26,11.568,0.9859481499638304,-0.16705162550211902,0.366,28.661,10.827,13.502,909.365,0.015,11.568,0.366,28.661,10.874,2.885,-2.628,-10.564,48.296,0.047,0.003798,10.827,1023.551,1012.033,1023.536,909.365,,1
SFO,2022-04-13,20,2022-04-12,18,26,12.341,0.9829265519799822,-0.18399835165768005,62.963,15.641,9.632,13.636,845.598,-1.084,12.341,62.963,15.641,11.647,3.591,-1.989,-5.957,52.32,2.015,0.004366,9.632,1024.345,1012.865,1025.429,845.598,,1
SFO,2022-04-14,20,2022-04-13,18,26,11.968,0.9796136916454901,-0.20089055513063525,99.796,14.251,2.233,8.612,79.735,-0.617,11.968,99.796,14.251,11.274,6.894,2.662,-4.891,86.267,9.041,0.007127,2.233,1017.912,1006.522,1018.529,79.735,,1
SFO,2022-04-15,20,2022-04-14,18,26,14.186,0.9760105506323683,-0.21772323039653177,11.771,8.779,9.055,8.534,871.792,-1.348,14.186,11.771,8.779,13.492,9.327,4.958,-3.019,56.87,4.437,0.005202,9.055,1016.282,1005.025,1017.63,871.792,,1
SFO,2022-04-16,20,2022-04-15,18,26,11.805,0.9721181966290613,-0.23449138957040963,51.142,19.225,3.614,6.949,596.481,3.661,11.805,51.142,19.225,11.111,6.553,4.162,-1.567,78.733,7.497,0.006445,3.614,1017.966,1006.551,1014.305,596.481,,1
SFO,2022-04-17,20,2022-04-16,18,26,13.617,0.9679377830240643,-0.2511900638848191,33.904,13.107,10.45,5.228,936.713,-1.18,13.617,33.904,13.107,12.923,9.037,7.695,1.731,51.778,2.473,0.004523,10.45,1022.475,1011.123,1023.655,936.713,,1
SFO,2022-04-18,20,2022-04-17,18,26,15.186,0.9634705485641488,-0.2678143051621742,99.729,8.805,8.611,9.682,815.9,-0.846,15.186,99.729,8.805,14.492,8.64,4.81,0.279,57.668,5.881,0.005747,8.611,1019.035,1007.763,1019.881,815.9,,1
SFO,2022-04-19,20,2022-04-18,18,26,14.529,0.9587178169872964,-0.2843591872810036,9.124,8.536,6.479,11.284,553.313,-0.088,14.529,9.124,8.536,13.835,7.522,2.551,-4.814,65.588,7.356,0.006363,6.479,1017.576,1006.292,1017.664,553.313,,1
SFO,2022-04-20,20,2022-04-19,18,26,16.107,0.9536809966304456,-0.30081980763566757,84.963,25.359,8.87,10.654,811.508,-1.025,16.107,84.963,25.359,15.413,9.006,4.759,-3.261,57.057,6.543,0.006058,8.87,1014.507,1003.295,1015.532,811.508,,1
SFO,2022-04-21,20,2022-04-20,18,26,14.933,0.9483615800121716,-0.3171912885891059,100.0,18.646,7.906,12.576,845.9,-0.127,14.933,100.0,18.646,14.239,7.254,1.663,-8.493,59.96,6.333,0.00597,7.906,1013.979,1002.728,1014.106,845.9,,1
SFO,2022-04-22,20,2022-04-21,18,26,13.462,0.9427611433904207,-0.3334687789181868,42.65,14.267,6.97,12.455,831.591,1.238,13.462,42.65,14.267,12.768,5.5,0.313,-7.121,63.119,5.798,0.005703,6.97,1019.67,1008.293,1018.432,831.591,,1
SFO,2022-04-23,20,2022-04-22,18,26,15.302,0.9368813462954315,-0.3496474552512284,91.352,11.12,8.943,8.219,865.275,-0.741,15.302,91.352,11.12,14.608,10.163,6.389,-1.361,58.238,5.665,0.005658,8.943,1023.054,1011.754,1023.795,865.275,,1
SFO,2022-04-24,20,2022-04-23,18,26,17.171,0.9307239310379793,-0.3657225234972692,4.893,13.01,9.71,6.487,880.912,-0.31,17.171,4.893,13.01,16.477,14.181,9.99,0.153,57.176,6.767,0.006116,9.71,1020.377,1009.156,1020.687,880.912,,1
SFO,2022-04-25,20,2022-04-24,18,26,17.193,0.9242907221930933,-0.38168922026665897,100.0,11.974,10.294,5.887,891.133,-0.498,17.193,100.0,11.974,16.499,13.417,10.612,1.64,53.609,6.205,0.005896,10.294,1018.23,1007.03,1018.728,891.133,,1
SFO,2022-04-26,20,2022-04-25,18,26,14.947,0.9175836260593938,-0.3975428142825558,0.356,20.123,8.474,5.258,934.206,-0.6,14.947,0.356,20.123,14.253,9.743,8.995,-0.436,58.213,5.779,0.005727,8.474,1017.2,1005.918,1017.8,934.206,,1
SFO,2022-04-27,20,2022-04-26,18,26,13.468,0.9106046300942163,-0.4132786077829042,98.727,21.431,7.524,5.008,790.673,0.32,13.468,98.727,21.431,12.774,6.512,7.766,-0.092,61.066,5.25,0.005522,7.524,1017.397,1006.044,1017.077,790.673,,1
SFO,2022-04-28,20,2022-04-27,18,26,13.231,0.9033558023246845,-0.4288919379124835,0.0,27.604,6.944,9.517,937.819,0.373,13.231,0.0,27.604,12.537,5.405,3.02,-2.018,63.195,5.593,0.005618,6.944,1019.778,1008.39,1019.405,937.819,,1
SFO,2022-04-29,20,2022-04-28,18,26,15.031,0.895839290734909,-0.4443781781046132,42.176,16.23,9.726,3.956,911.91,-1.118,15.031,42.176,16.23,14.337,10.945,10.381,3.481,55.034,4.611,0.005268,9.726,1019.623,1008.355,1020.741,911.91,,1
SFO,2022-04-30,20,2022-04-29,18,26,15.909,0.8880573226294932,-0.45973273945210397,30.76,24.838,4.439,6.724,882.731,-0.643,15.909,30.76,24.838,15.215,10.257,8.491,0.625,75.911,10.776,0.00804,4.439,1017.211,1005.982,1017.854,882.731,,1
SFO,2022-05-01,20,2022-04-30,18,26,16.059,0.8800122039735357,-0.47495107206704995,0.0,17.693,10.715,5.733,951.253,-1.127,16.059,0.0,17.693,15.365,12.412,9.632,5.231,52.225,4.65,0.005331,10.715,1013.848,1002.667,1014.975,951.253,,1
SFO,2022-05-02,20,2022-05-01,18,26,13.618,0.8717063187093218,-0.49002866642905923,93.935,27.272,7.787,5.955,885.122,-0.336,13.618,93.935,27.272,12.924,6.564,6.969,6.451,60.087,5.137,0.005472,7.787,1017.587,1006.25,1017.923,885.122,,1
SFO,2022-05-03,20,2022-05-02,18,26,17.251,0.8631421280499114,-0.5049610547215204,5.0,13.487,15.32,4.868,961.814,-0.903,17.251,5.0,13.487,16.557,13.596,11.689,5.24,39.631,1.237,0.00422,15.32,1015.395,1004.225,1016.298,961.814,,1
SFO,2022-05-04,20,2022-05-03,18,26,18.156,0.854322169749827,-0.5197438121555155,12.644,10.88,10.133,2.118,903.481,-0.358,18.156,12.644,10.88,17.462,18.527,15.344,6.604,57.244,7.329,0.006385,10.133,1014.396,1003.281,1014.754,903.481,,1
SFO,2022-05-05,20,2022-05-04,18,26,16.217,0.8452490573530633,-0.5343725582809787,100.0,10.289,10.221,4.23,876.522,0.382,16.217,100.0,10.289,15.523,13.078,11.293,4.8,53.645,5.302,0.005551,10.221,1017.83,1006.612,1017.448,876.522,,1
SFO,2022-05-06,20,2022-05-05,18,26,17.979,0.835925479418637,-0.548842958284719,46.886,12.916,5.535,5.271,830.778,-0.729,17.979,46.886,12.916,17.285,12.462,12.014,4.282,71.733,11.75,0.008554,5.535,1017.08,1005.915,1017.809,830.778,,1
SFO,2022-05-07,20,2022-05-06,18,26,14.165,0.8263541987239096,-0.5631507242749186,99.93,30.753,6.975,8.394,944.666,-0.736,14.165,99.93,30.753,13.471,7.113,5.077,-0.523,63.743,6.496,0.005999,6.975,1018.586,1007.263,1019.322,944.666,,1
SFO,2022-05-08,20,2022-05-07,18,26,12.197,0.8165380514459161,-0.5772916165517272,4.54,34.511,8.454,13.492,504.181,-0.281,12.197,4.54,34.511,11.503,3.609,-1.989,-7.489,56.699,3.049,0.004738,8.454,1017.269,1005.849,1017.55,504.181,,1
SFO,2022-05-09,20,2022-05-08,18,26,12.35,0.8064799463209448,-0.5912614448635781,2.324,21.334,10.046,13.523,963.728,-0.176,12.35,2.324,21.334,11.656,3.778,-1.867,-12.489,51.033,1.61,0.004269,10.046,1019.025,1007.597,1019.201,963.728,,1
SFO,2022-05-10,20,2022-05-09,18,26,12.515,0.7961828637826158,-0.6050560696488488,2.405,19.28,10.304,13.612,966.539,0.254,12.515,2.405,19.28,11.821,3.841,-1.791,-12.228,50.683,1.517,0.004246,10.304,1022.558,1011.102,1022.304,966.539,,1
SFO,2022-05-11,20,2022-05-10,18,26,13.963,0.7856498550787145,-0.6186714032625031,0.397,20.09,9.322,10.606,965.509,-0.373,13.963,0.397,20.09,13.269,6.963,2.663,-7.14,55.572,3.947,0.005029,9.322,1023.491,1012.107,1023.864,965.509,,1
SFO,2022-05-12,20,2022-05-11,18,26,13.876,0.7748840413670407,-0.6321034111873487,19.958,17.665,7.937,8.311,863.229,-0.442,13.876,19.958,17.665,13.182,6.316,4.871,-1.008,60.149,5.245,0.00547,7.937,1026.907,1015.483,1027.349,863.229,,1
SFO,2022-05-13,20,2022-05-12,18,26,16.858,0.7638886127905428,-0.6453481132295501,15.944,17.206,8.678,4.929,924.918,-1.092,16.858,15.944,17.206,16.164,13.307,11.235,4.253,60.429,7.486,0.006432,8.678,1021.575,1010.334,1022.667,924.918,,1
SFO,2022-05-14,20,2022-05-13,18,26,19.183,0.7526668275320084,-0.6584015846980488,29.529,14.792,9.349,2.035,885.066,-1.567,19.183,29.529,14.792,18.489,18.091,16.454,6.617,59.599,9.14,0.007202,9.349,1017.821,1006.697,1019.388,885.066,,1
SFO,2022-05-15,20,2022-05-14,18,26,16.686,0.741222010848596,-0.6712599575675313,40.229,16.89,4.634,1.584,757.154,0.207,16.686,40.229,16.89,15.992,15.143,14.408,5.656,75.565,11.358,0.008348,4.634,1016.979,1005.773,1016.772,757.154,,1
SFO,2022-05-16,20,2022-05-15,18,26,15.489,0.7295575540864878,-0.6839194216246103,46.879,21.55,6.458,2.311,893.686,-0.164,15.489,46.879,21.55,14.795,10.639,12.484,4.988,66.821,8.337,0.006821,6.458,1018.601,1007.334,1018.765,893.686,,1
SFO,2022-05-17,20,2022-05-16,18,26,16.977,0.717676913675962,-0.6963762255968722,3.453,18.22,8.214,2.358,959.066,-0.185,16.977,3.453,18.22,16.283,16.03,13.925,5.748,60.76,8.069,0.00669,8.214,1017.348,1006.152,1017.533,959.066,,1
SFO,2022-05-18,20,2022-05-17,18,26,19.769,0.705583610107178,-0.7086266782644596,5.0,14.447,12.487,0.942,964.254,-0.587,19.769,5.0,14.447,19.075,21.312,18.133,8.518,48.497,6.588,0.00604,12.487,1017.473,1006.361,1018.06,964.254,,1
SFO,2022-05-19,20,2022-05-18,18,26,16.947,0.6932812268869777,-0.7206671495538609,47.676,22.567,10.082,-1.54,935.209,-1.147,16.947,47.676,22.567,16.253,16.394,17.793,8.862,53.087,6.171,0.005899,10.082,1013.85,1002.681,1014.997,935.209,,1
SFO,2022-05-20,20,2022-05-19,18,26,18.332,0.6807734094770165,-0.7324940716135786,0.885,26.305,18.871,10.168,995.754,-0.597,18.332,0.885,26.305,17.638,13.5,7.47,7.048,31.836,-1.233,0.003604,18.871,1009.608,998.518,1010.205,995.754,,1
SFO,2022-05-21,20,2022-05-20,18,26,17.937,0.6680638642135338,-0.7441039398713604,13.567,13.871,14.454,5.667,970.978,0.68,17.937,13.567,13.871,17.243,16.937,11.576,5.047,45.763,2.789,0.004767,14.454,1013.579,1002.466,1012.899,970.978,,1
SFO,2022-05-22,20,2022-05-21,18,26,18.548,0.6551563572090853,-0.7554933140726803,18.185,13.396,11.794,3.336,931.749,0.074,18.548,18.185,13.396,17.854,18.414,14.518,6.065,52.353,6.06,0.005844,11.794,1017.073,1005.937,1016.999,931.749,,1
SFO,2022-05-23,20,2022-05-22,18,26,18.984,0.6420547132365637,-0.766658819300159,92.791,17.172,12.131,2.583,966.711,-1.065,18.984,92.791,17.172,18.29,19.311,15.707,8.165,50.076,6.159,0.00591,12.131,1014.405,1003.293,1015.47,966.711,,1
SFO,2022-05-24,20,2022-05-23,18,26,22.013,0.6287628145958347,-0.7775971469736267,27.229,11.533,15.416,2.198,933.607,-0.779,22.013,27.229,11.533,21.319,23.499,19.121,10.75,45.415,5.903,0.005857,15.416,1010.281,999.301,1011.06,933.607,,1
SFO,2022-05-25,20,2022-05-24,18,26,20.619,0.615284599963328,-0.7883050558305252,87.365,9.579,11.357,-1.698,867.039,0.197,20.619,87.365,9.579,19.925,23.553,21.623,9.751,52.56,8.568,0.006948,11.357,1010.259,999.245,1010.062,867.039,,1
SFO,2022-05-26,20,2022-05-25,18,26,18.126,0.6016240632249229,-0.7987793728863647,100.0,12.461,7.235,-0.488,716.661,0.026,18.126,100.0,12.461,17.432,16.523,17.92,6.22,65.651,10.197,0.007776,7.235,1012.726,1001.615,1012.7,716.661,,1
SFO,2022-05-27,20,2022-05-26,18,26,17.627,0.5877852522924732,-0.8090169943749473,100.0,13.804,7.988,4.165,833.034,-0.073,17.627,100.0,13.804,16.933,13.973,12.768,3.502,62.025,8.945,0.007114,7.988,1017.212,1006.042,1017.285,833.034,,1
SFO,2022-05-28,20,2022-05-27,18,26,17.27,0.5737722679043249,-0.8190148866680798,86.977,13.907,8.09,8.74,889.756,-0.384,17.27,86.977,13.907,16.576,11.352,7.836,3.195,60.483,8.486,0.006883,8.09,1014.751,1003.581,1015.135,889.756,,1
SFO,2022-05-29,20,2022-05-28,18,26,16.411,0.5595892624101769,-0.8287700871745035,0.0,24.897,9.58,6.206,980.968,-0.568,16.411,0.0,24.897,15.717,10.549,9.511,1.981,55.309,6.137,0.005887,9.58,1014.776,1003.58,1015.344,980.968,,1
SFO,2022-05-30,20,2022-05-29,18,26,15.993,0.5452404385406513,-0.8382797052177741,0.526,20.476,10.522,7.15,983.027,-0.381,15.993,0.526,20.476,15.299,11.659,8.149,2.543,53.231,4.777,0.005392,10.522,1013.747,1002.568,1014.128,983.027,,1
SFO,2022-05-31,20,2022-05-30,18,26,18.319,0.5307300481619337,-0.8475409228928309,1.006,12.746,13.463,5.979,982.423,-0.454,18.319,1.006,12.746,17.625,15.997,11.646,6.366,46.496,4.162,0.00518,13.463,1013.217,1002.11,1013.671,982.423,,1
SFO,2022-06-01,20,2022-05-31,18,26,19.48,0.5160623910158528,-0.8565509959010036,25.131,12.996,12.116,2.223,927.441,-0.863,19.48,25.131,12.996,18.786,20.397,16.563,7.025,51.639,6.67,0.006115,12.116,1012.954,1001.888,1013.817,927.441,,1
SFO,2022-06-02,20,2022-06-01,18,26,18.916,0.5012418134457758,-0.865307254363206,80.245,14.369,11.623,2.304,905.383,-0.242,18.916,80.245,14.369,18.222,18.615,15.918,4.708,50.306,6.599,0.006072,11.623,1012.411,1001.314,1012.653,905.383,,1
SFO,2022-06-03,20,2022-06-02,18,26,18.511,0.4862727071086904,-0.8738071036110806,100.0,15.91,6.619,6.031,889.935,0.238,18.511,100.0,15.91,17.817,12.903,11.786,5.126,67.311,11.198,0.008289,6.619,1013.037,1001.928,1012.799,889.935,,1
SFO,2022-06-04,20,2022-06-03,18,26,18.669,0.47115950767386416,-0.8820480249558534,100.0,9.632,11.918,7.239,772.261,-0.106,18.669,100.0,9.632,17.975,14.155,10.736,4.058,49.39,6.057,0.005881,11.918,1014.12,1003.003,1014.226,772.261,,1
SFO,2022-06-05,20,2022-06-04,18,26,17.965,0.4559066935084588,-0.8900275764346767,84.245,7.453,2.777,5.452,238.161,0.749,17.965,84.245,7.453,17.271,14.521,11.819,3.756,84.326,14.494,0.010285,2.777,1014.94,1003.812,1014.191,238.161,,1
SFO,2022-06-06,20,2022-06-05,18,26,18.619,0.440518784350495,-0.8977433935342337,16.26,19.152,8.913,4.038,963.519,-0.404,18.619,16.26,19.152,17.925,14.538,13.887,7.406,59.307,9.012,0.007173,8.913,1016.061,1004.915,1016.465,963.519,,1
SFO,2022-06-07,20,2022-06-06,18,26,19.144,0.42500033996955416,-0.9051931898913974,78.414,16.227,9.489,1.084,956.772,0.399,19.144,78.414,16.227,18.45,18.803,17.366,9.863,57.778,8.961,0.007146,9.489,1014.877,1003.755,1014.478,956.772,,1
SFO,2022-06-08,20,2022-06-07,18,26,18.503,0.40935595881562176,-0.9123747579707272,100.0,17.04,6.148,1.026,850.959,-0.164,18.503,100.0,17.04,17.809,15.841,16.783,9.881,68.937,11.661,0.008544,6.148,1014.865,1003.733,1015.029,850.959,,1
SFO,2022-06-09,20,2022-06-08,18,26,20.274,0.3935902766564671,-0.9192859697186103,59.219,15.289,9.981,0.513,924.892,-0.014,20.274,59.219,15.289,19.58,21.903,19.067,9.816,57.205,9.599,0.007442,9.981,1013.097,1002.045,1013.111,924.892,,1
SFO,2022-06-10,20,2022-06-09,18,26,23.413,0.3777079652039649,-0.9259247771938498,32.789,15.548,10.98,0.209,953.424,-0.089,23.413,32.789,15.548,22.719,24.987,22.51,11.904,55.728,11.739,0.008614,10.98,1013.556,1002.57,1013.645,953.424,,1
SFO,2022-06-11,20,2022-06-10,18,26,22.387,0.36171373072976765,-0.9322892131745133,17.147,16.469,8.515,2.235,877.571,-0.204,22.387,17.147,16.469,21.693,21.622,19.458,9.626,62.153,13.178,0.009432,8.515,1014.965,1003.933,1015.169,877.571,,1
SFO,2022-06-12,20,2022-06-11,18,26,16.837,0.3456123126707335,-0.9383773917408641,99.94,9.219,2.108,2.778,324.601,0.062,16.837,99.94,9.219,16.143,14.994,13.365,7.445,87.883,14.035,0.010022,2.108,1011.686,1000.568,1011.624,324.601,,1
SFO,2022-06-13,20,2022-06-12,18,26,17.948,0.3294084822245304,-0.9441875088341993,0.0,22.882,10.485,6.659,988.215,-0.171,17.948,0.0,22.882,17.254,12.961,10.595,4.918,53.014,6.769,0.006134,10.485,1016.759,1005.595,1016.93,988.215,,1
SFO,2022-06-14,20,2022-06-13,18,26,19.433,0.3131070409358265,-0.9497178427914318,0.202,17.391,13.108,3.489,972.12,-0.344,19.433,0.202,17.391,18.739,17.951,15.25,8.188,48.42,5.631,0.005728,13.108,1015.326,1004.224,1015.67,972.12,,1
SFO,2022-06-15,20,2022-06-14,18,26,19.502,0.2967128192734903,-0.9549667548552552,12.355,17.335,10.555,-0.945,935.151,0.226,19.502,12.355,17.335,18.808,21.707,19.753,10.256,55.161,8.253,0.006812,10.555,1012.623,1001.546,1012.397,935.151,,1
SFO,2022-06-16,20,2022-06-15,18,26,16.53,0.2802306751992163,-0.9599326896597445,12.975,24.527,7.017,2.691,962.472,-0.205,16.53,12.975,24.527,15.836,11.038,13.145,7.23,65.296,8.819,0.007071,7.017,1012.874,1001.702,1013.079,962.472,,1
SFO,2022-06-17,20,2022-06-16,18,26,15.658,0.2636654927280075,-0.9646141756912434,8.234,17.449,7.466,11.387,941.256,0.14,15.658,8.234,17.449,14.964,8.504,3.577,-3.955,62.771,7.498,0.006474,7.466,1012.983,1001.78,1012.843,941.256,,1
SFO,2022-06-18,20,2022-06-17,18,26,15.686,0.24702218048093594,-0.9690098257244061,0.244,20.85,8.026,9.668,966.226,0.622,15.686,0.244,20.85,14.992,9.134,5.324,-3.46,60.753,6.966,0.006223,8.026,1016.91,1005.671,1016.288,966.226,,1
SFO,2022-06-19,20,2022-06-18,18,26,18.831,0.23030567023061221,-0.9731183372332619,17.791,13.832,11.577,7.31,941.219,-0.127,18.831,17.791,13.832,18.137,16.3,10.827,2.829,53.164,6.56,0.00605,11.577,1018.418,1007.27,1018.545,941.219,,1
SFO,2022-06-20,20,2022-06-19,18,26,20.28,0.21352091543979612,-0.9769384927771817,11.434,15.325,11.744,3.794,934.859,-0.619,20.28,11.434,15.325,19.586,19.873,15.792,6.937,53.155,7.842,0.006605,11.744,1016.05,1004.967,1016.669,934.859,,1
SFO,2022-06-21,20,2022-06-20,18,26,27.165,0.19667288979357647,-0.980469160361632,0.0,7.747,22.533,6.75,972.466,-0.787,27.165,0.0,7.747,26.471,25.09,19.721,8.111,28.063,3.938,0.005096,22.533,1011.984,1001.053,1012.771,972.466,,1
SFO,2022-06-22,20,2022-06-21,18,26,23.207,0.1797665857255624,-0.9837092937736097,11.844,10.084,14.576,1.41,952.265,0.051,23.207,11.844,10.084,22.513,22.719,21.103,9.433,45.431,7.937,0.006685,14.576,1012.675,1001.674,1012.624,952.265,,1
SFO,2022-06-23,20,2022-06-22,18,26,22.773,0.16280701293851715,-0.986657932891657,12.753,9.564,13.078,1.049,894.994,-0.885,22.773,12.753,9.564,22.079,24.432,21.03,8.48,50.161,9.001,0.007213,13.078,1011.594,1000.608,1012.479,894.994,,1
SFO,2022-06-24,20,2022-06-23,18,26,21.837,0.14579919691987467,-0.9893142039703663,10.433,11.37,11.55,-0.93,927.782,-0.488,21.837,10.433,11.37,21.143,24.753,22.073,9.897,53.21,9.593,0.007453,11.55,1011.308,1000.298,1011.796,927.782,,1
SFO,2022-06-25,20,2022-06-24,18,26,21.947,0.12874817745258088,-0.99167731989929,12.764,12.827,12.542,-1.053,937.732,-0.012,21.947,12.764,12.827,21.253,24.378,22.306,10.869,50.964,8.711,0.007062,12.542,1013.086,1002.066,1013.098,937.732,,1
SFO,2022-06-26,20,2022-06-25,18,26,22.967,0.11165900712169467,-0.993746580436178,12.542,12.053,12.423,-0.513,931.425,-0.128,22.967,12.542,12.053,22.273,25.482,22.786,11.643,51.415,9.85,0.007596,12.423,1015.92,1004.882,1016.048,931.425,,1
SFO,2022-06-27,20,2022-06-26,18,26,22.565,0.09453674981719956,-0.9955213724144752,12.79,14.872,12.597,-0.111,956.228,-0.37,22.565,12.79,14.872,21.871,24.329,21.982,10.905,51.423,9.274,0.007329,12.597,1017.968,1006.911,1018.338,956.228,,1
SFO,2022-06-28,20,2022-06-27,18,26,22.107,0.07738647923346301,-0.9970011699250151,0.815,16.113,13.774,0.684,965.821,-0.258,22.107,0.815,16.113,21.413,22.113,20.729,9.809,46.647,7.639,0.006596,13.774,1018.0,1006.909,1018.258,965.821,,1
SFO,2022-06-29,20,2022-06-28,18,26,19.304,0.06021327736579302,-0.9981855344718586,15.428,14.313,9.087,-0.623,916.223,-0.186,19.304,15.428,14.313,18.61,20.541,19.233,10.231,59.305,9.523,0.0074,9.087,1017.238,1006.098,1017.424,916.223,,1
SFO,2022-06-30,20,2022-06-29,18,26,17.454,0.04302223300453059,-0.99907411510223,22.882,16.726,7.322,-0.8,911.662,0.381,17.454,22.882,16.726,16.76,16.859,17.56,8.852,64.343,9.438,0.007346,7.322,1018.661,1007.438,1018.28,911.662,,1
SFO,2022-07-01,20,2022-06-30,18,26,17.801,0.02581844022713308,-0.9996666485105112,14.14,15.516,7.79,-0.264,918.154,-0.181,17.801,14.14,15.516,17.107,16.581,17.371,9.171,62.93,9.317,0.007307,7.79,1017.248,1006.057,1017.429,918.154,,1
SFO,2022-07-02,20,2022-07-01,18,26,16.719,0.008606996888688698,-0.9999629591162655,19.216,17.966,5.661,1.646,827.702,-0.043,16.719,19.216,17.966,16.025,11.546,14.379,5.979,70.329,10.364,0.007812,5.661,1016.389,1005.183,1016.432,827.702,,1
SFO,2022-07-03,20,2022-07-02,18,26,17.041,-0.008606996888688453,-0.9999629591162655,3.167,17.994,7.422,4.232,942.591,-0.012,17.041,3.167,17.994,16.347,10.676,12.115,3.458,62.926,8.925,0.007106,7.422,1016.299,1005.102,1016.311,942.591,,1
SFO,2022-07-04,20,2022-07-03,18,26,19.431,-0.025818440227132835,-0.9996666485105112,51.052,10.129,6.038,7.31,675.668,-0.309,19.431,51.052,10.129,18.737,14.947,11.427,3.276,69.779,12.699,0.009127,6.038,1014.648,1003.551,1014.957,675.668,,1
SFO,2022-07-05,20,2022-07-04,18,26,19.688,-0.04302223300453034,-0.99907411510223,41.509,12.951,5.468,8.631,675.194,0.136,19.688,41.509,12.951,18.994,14.062,10.363,6.424,72.481,13.526,0.009643,5.468,1014.951,1003.853,1014.815,675.194,,1
SFO,2022-07-06,20,2022-07-05,18,26,19.446,-0.060213277365792774,-0.9981855344718586,18.703,15.159,6.827,6.348,875.214,-0.214,19.446,18.703,15.159,18.752,14.07,12.404,8.209,66.997,11.925,0.008678,6.827,1015.208,1004.096,1015.422,875.214,,1
SFO,2022-07-07,20,2022-07-06,18,26,19.629,-0.07738647923346277,-0.9970011699250151,24.55,17.323,7.745,4.383,900.029,0.299,19.629,24.55,17.323,18.935,15.357,14.552,8.183,63.711,11.19,0.008271,7.745,1017.257,1006.115,1016.958,900.029,,1
SFO,2022-07-08,20,2022-07-07,18,26,21.111,-0.09453674981719933,-0.9955213724144752,2.662,16.275,8.905,4.091,950.696,0.171,21.111,2.662,16.275,20.417,17.229,16.326,8.375,59.342,11.512,0.00844,8.905,1018.144,1007.03,1017.973,950.696,,1
SFO,2022-07-09,20,2022-07-08,18,26,20.11,-0.11165900712169444,-0.9937465804361781,2.724,16.195,7.834,3.202,947.305,0.015,20.11,2.724,16.195,19.416,15.725,16.214,8.672,62.697,11.582,0.008438,7.834,1021.068,1009.895,1021.053,947.305,,1
SFO,2022-07-10,20,2022-07-09,18,26,21.71,-0.12874817745258066,-0.99167731989929,29.578,8.202,10.309,1.514,869.103,-1.347,21.71,29.578,8.202,21.016,21.793,19.502,13.044,57.791,10.707,0.008023,10.309,1017.25,1006.174,1018.597,869.103,,1
SFO,2022-07-11,20,2022-07-10,18,26,22.44,-0.14579919691987442,-0.9893142039703664,15.912,12.398,10.01,-0.751,884.016,-0.553,22.44,15.912,12.398,21.746,25.357,22.497,13.541,57.95,11.736,0.008595,10.01,1012.608,1001.599,1013.161,884.016,,1
SFO,2022-07-12,20,2022-07-11,18,26,20.728,-0.16280701293851646,-0.9866579328916572,9.774,11.411,8.075,-2.031,890.479,-0.081,20.728,9.774,11.411,20.034,20.486,22.065,13.09,62.32,11.959,0.00873,8.075,1012.699,1001.639,1012.78,890.479,,1
SFO,2022-07-13,20,2022-07-12,18,26,20.755,-0.17976658572556214,-0.9837092937736098,1.039,12.709,8.27,-0.597,933.35,-0.239,20.755,1.039,12.709,20.061,16.836,20.658,12.23,61.2,11.791,0.008613,8.27,1014.586,1003.506,1014.825,933.35,,1
SFO,2022-07-14,20,2022-07-13,18,26,20.193,-0.19667288979357622,-0.9804691603616321,11.512,17.371,8.345,-1.93,918.365,0.268,20.193,11.512,17.371,19.499,22.1,21.429,12.25,61.624,11.154,0.008255,8.345,1015.574,1004.463,1015.306,918.365,,1
SFO,2022-07-15,20,2022-07-14,18,26,20.212,-0.2135209154397959,-0.9769384927771817,7.671,14.626,9.464,-2.813,952.475,-0.133,20.212,7.671,14.626,19.518,21.307,22.331,12.891,57.861,10.054,0.007682,9.464,1016.513,1005.389,1016.646,952.475,,1
SFO,2022-07-16,20,2022-07-15,18,26,21.338,-0.23030567023061196,-0.973118337233262,15.682,14.243,10.25,-3.224,884.721,-0.411,21.338,15.682,14.243,20.644,25.347,23.868,12.629,56.649,10.394,0.007853,10.25,1014.059,1003.0,1014.47,884.721,,1
SFO,2022-07-17,20,2022-07-16,18,26,20.949,-0.24702218048093572,-0.9690098257244062,17.745,14.156,10.051,-3.107,877.396,-0.247,20.949,17.745,14.156,20.255,25.452,23.362,12.578,57.364,10.204,0.007764,10.051,1011.109,1000.07,1011.356,877.396,,1
SFO,2022-07-18,20,2022-07-17,18,26,20.964,-0.2636654927280072,-0.9646141756912435,18.564,13.412,10.374,-1.957,875.217,0.587,20.964,18.564,13.412,20.27,24.399,22.227,11.953,56.755,9.896,0.007618,10.374,1014.693,1003.618,1014.106,875.217,,1
SFO,2022-07-19,20,2022-07-18,18,26,20.289,-0.2802306751992161,-0.9599326896597445,20.425,15.355,10.462,-2.534,879.138,0.397,20.289,20.425,15.355,19.595,24.322,22.129,11.824,56.381,9.133,0.007218,10.462,1016.474,1005.37,1016.077,879.138,,1
SFO,2022-07-20,20,2022-07-19,18,26,20.073,-0.2967128192734901,-0.9549667548552553,17.847,15.304,9.666,-3.525,887.022,0.48,20.073,17.847,15.304,19.379,24.751,22.904,11.703,58.147,9.713,0.007484,9.666,1017.953,1006.822,1017.473,887.022,,1
SFO,2022-07-21,20,2022-07-20,18,26,20.548,-0.31310704093582625,-0.9497178427914318,20.603,14.793,10.746,-3.494,896.668,-0.354,20.548,20.603,14.793,19.854,25.197,23.348,11.918,55.3,9.108,0.007203,10.746,1016.053,1004.957,1016.407,896.668,,1
SFO,2022-07-22,20,2022-07-21,18,26,19.851,-0.3294084822245298,-0.9441875088341996,14.283,14.66,9.358,-3.276,900.319,-0.132,19.851,14.283,14.66,19.157,22.415,22.433,11.491,58.652,9.799,0.007553,9.358,1014.702,1003.6,1014.834,900.319,,1
SFO,2022-07-23,20,2022-07-22,18,26,19.559,-0.3456123126707333,-0.9383773917408642,15.23,12.748,9.146,-3.419,914.649,-0.848,19.559,15.23,12.748,18.865,21.755,22.284,12.783,59.178,9.719,0.007545,9.146,1012.905,1001.819,1013.753,914.649,,1
SFO,2022-07-24,20,2022-07-23,18,26,20.045,-0.3617137307297674,-0.9322892131745134,10.189,11.394,9.535,-3.64,911.002,-0.435,20.045,10.189,11.394,19.351,22.662,22.991,13.344,58.136,9.816,0.00757,9.535,1012.196,1001.132,1012.631,911.002,,1
SFO,2022-07-25,20,2022-07-24,18,26,19.391,-0.37770796520396466,-0.9259247771938499,9.008,12.064,8.275,-4.409,892.49,-0.276,19.391,9.008,12.064,18.697,20.136,23.106,12.379,61.402,10.422,0.007869,8.275,1013.121,1002.029,1013.397,892.49,,1
SFO,2022-07-26,20,2022-07-25,18,26,20.697,-0.3935902766564669,-0.9192859697186104,9.264,11.957,7.685,-2.81,868.764,-0.12,20.697,9.264,11.957,20.003,19.871,22.813,12.029,63.699,12.318,0.00891,7.685,1014.212,1003.133,1014.332,868.764,,1
SFO,2022-07-27,20,2022-07-26,18,26,20.178,-0.40935595881562153,-0.9123747579707273,8.858,13.455,8.344,-4.158,914.606,-0.716,20.178,8.858,13.455,19.484,22.776,23.642,12.694,62.068,11.14,0.008251,8.344,1015.657,1004.565,1016.373,914.606,,1
SFO,2022-07-28,20,2022-07-27,18,26,20.451,-0.42500033996955394,-0.9051931898913975,19.195,13.645,7.918,-6.324,864.377,-0.906,20.451,19.195,13.645,19.757,24.767,26.081,15.406,63.727,11.839,0.008665,7.918,1013.031,1001.966,1013.937,864.377,,1
SFO,2022-07-29,20,2022-07-28,18,26,21.031,-0.4405187843504948,-0.8977433935342338,19.607,12.177,7.427,-6.303,803.052,-0.583,21.031,19.607,12.177,20.337,24.017,26.64,16.822,65.65,12.91,0.0093,7.427,1011.886,1000.848,1012.469,803.052,,1
SFO,2022-07-30,20,2022-07-29,18,26,19.466,-0.4559066935084586,-0.8900275764346768,32.64,12.351,5.771,-7.475,725.076,-0.135,19.466,32.64,12.351,18.772,18.309,26.247,15.771,71.399,13.001,0.009352,5.771,1013.027,1001.938,1013.162,725.076,,1
SFO,2022-07-31,20,2022-07-30,18,26,20.32,-0.47115950767386355,-0.8820480249558538,46.453,14.908,6.426,-3.117,830.807,-0.125,20.32,46.453,14.908,19.626,18.431,22.743,13.372,68.823,13.2,0.009452,6.426,1015.546,1004.455,1015.671,830.807,,1
SFO,2022-08-01,20,2022-07-31,18,26,22.286,-0.4862727071086898,-0.8738071036110809,25.231,13.441,8.864,0.88,845.278,-0.789,22.286,25.231,13.441,21.592,21.052,20.712,9.611,61.334,12.728,0.009146,8.864,1015.318,1004.285,1016.107,845.278,,1
SFO,2022-08-02,20,2022-08-01,18,26,23.499,-0.5012418134457756,-0.8653072543632061,100.0,12.083,11.006,2.464,809.553,-0.294,23.499,100.0,12.083,22.805,23.128,20.341,10.059,54.537,11.799,0.008611,11.006,1015.633,1004.605,1015.927,809.553,,1
SFO,2022-08-03,20,2022-08-02,18,26,22.06,-0.5160623910158526,-0.8565509959010037,21.382,14.033,9.323,-0.887,828.895,-0.949,22.06,21.382,14.033,21.366,23.773,22.253,11.555,59.959,12.043,0.008782,9.323,1013.579,1002.544,1014.528,828.895,,1
SFO,2022-08-04,20,2022-08-03,18,26,23.182,-0.5307300481619335,-0.847540922892831,14.998,11.096,11.481,-0.668,860.203,-0.293,23.182,14.998,11.096,22.488,25.604,23.156,10.978,53.576,11.007,0.008241,11.481,1011.974,1000.97,1012.267,860.203,,1
SFO,2022-08-05,20,2022-08-04,18,26,20.957,-0.5452404385406511,-0.8382797052177743,28.944,13.018,5.756,2.53,800.616,-0.325,20.957,28.944,13.018,20.263,17.274,17.733,12.123,72.002,14.507,0.010303,5.756,1014.455,1003.381,1014.78,800.616,,1
SFO,2022-08-06,20,2022-08-05,18,26,20.723,-0.5595892624101767,-0.8287700871745036,3.635,12.074,7.943,2.144,884.435,-0.427,20.723,3.635,12.074,20.029,15.712,17.885,10.702,62.371,12.086,0.008783,7.943,1016.183,1005.076,1016.61,884.435,,1
SFO,2022-08-07,20,2022-08-06,18,26,20.782,-0.5737722679043247,-0.81901488666808,2.902,16.039,7.213,1.03,911.675,-0.207,20.782,2.902,16.039,20.088,17.312,19.058,10.83,65.367,12.875,0.009238,7.213,1016.828,1005.712,1017.035,911.675,,1
SFO,2022-08-08,20,2022-08-07,18,26,21.229,-0.587785252292473,-0.8090169943749475,0.0,17.304,8.197,2.095,918.699,-0.269,21.229,0.0,17.304,20.535,15.855,18.44,10.118,61.584,12.338,0.008944,8.197,1016.32,1005.22,1016.589,918.699,,1
SFO,2022-08-09,20,2022-08-08,18,26,21.733,-0.6016240632249223,-0.798779372886365,0.0,13.558,9.48,4.061,912.641,-0.523,21.733,0.0,13.558,21.039,16.235,16.978,9.286,57.484,11.559,0.008512,9.48,1015.611,1004.535,1016.134,912.641,,1
SFO,2022-08-10,20,2022-08-09,18,26,21.689,-0.6152845999633274,-0.7883050558305257,3.788,13.397,8.762,4.075,910.262,-0.317,21.689,3.788,13.397,20.995,16.601,16.92,9.454,60.291,12.233,0.00886,8.762,1018.201,1007.1,1018.518,910.262,,1
SFO,2022-08-11,20,2022-08-10,18,26,21.99,-0.6287628145958345,-0.7775971469736268,15.023,15.152,9.194,2.544,883.919,-0.657,21.99,15.023,15.152,21.296,19.717,18.752,10.78,59.297,12.102,0.00882,9.194,1017.126,1006.042,1017.783,883.919,,1
SFO,2022-08-12,20,2022-08-11,18,26,21.836,-0.6420547132365636,-0.7666588193001592,6.852,15.78,9.106,1.744,901.445,-0.311,21.836,6.852,15.78,21.142,20.093,19.398,10.458,59.139,12.036,0.008773,9.106,1016.799,1005.708,1017.11,901.445,,1
SFO,2022-08-13,20,2022-08-12,18,26,22.571,-0.655156357209085,-0.7554933140726804,4.631,12.637,11.426,1.61,925.706,-0.693,22.571,4.631,12.637,21.877,21.803,20.267,11.059,53.27,10.451,0.007943,11.426,1016.719,1005.648,1017.412,925.706,,1
SFO,2022-08-14,20,2022-08-13,18,26,21.795,-0.6680638642135336,-0.7441039398713605,14.684,12.612,9.859,-0.52,887.217,-0.999,21.795,14.684,12.612,21.101,22.497,21.621,11.787,58.293,11.242,0.008336,9.859,1014.458,1003.411,1015.457,887.217,,1
SFO,2022-08-15,20,2022-08-14,18,26,21.89,-0.6807734094770164,-0.7324940716135788,10.716,10.126,10.3,-1.919,871.543,-0.868,21.89,10.716,10.126,21.196,24.572,23.115,12.003,57.31,10.896,0.008141,10.3,1011.379,1000.381,1012.247,871.543,,1
SFO,2022-08-16,20,2022-08-15,18,26,23.415,-0.6932812268869775,-0.7206671495538611,13.53,8.66,12.842,-2.227,847.062,-0.842,23.415,13.53,8.66,22.721,28.114,24.948,12.233,51.309,9.879,0.007645,12.842,1009.174,998.234,1010.016,847.062,,1
SFO,2022-08-17,20,2022-08-16,18,26,22.216,-0.7055836101071777,-0.7086266782644597,99.817,10.02,10.728,-3.539,797.965,-0.138,22.216,99.817,10.02,21.522,27.166,25.061,11.671,55.338,10.794,0.008097,10.728,1012.409,1001.397,1012.547,797.965,,1
SFO,2022-08-18,20,2022-08-17,18,26,20.706,-0.7176769136759618,-0.6963762255968724,19.821,12.478,9.02,-3.909,830.765,-0.129,20.706,19.821,12.478,20.012,25.727,23.921,10.646,60.166,10.992,0.00816,9.02,1014.471,1003.396,1014.6,830.765,,1
SFO,2022-08-19,20,2022-08-18,18,26,21.422,-0.7295575540864874,-0.6839194216246107,16.823,11.964,8.802,-3.107,840.331,-1.243,21.422,16.823,11.964,20.728,25.573,23.835,13.027,61.145,11.926,0.008738,8.802,1011.229,1000.197,1012.472,840.331,,1
SFO,2022-08-20,20,2022-08-19,18,26,21.896,-0.7412220108485955,-0.6712599575675318,15.526,10.254,9.721,-3.839,837.131,-0.283,21.896,15.526,10.254,21.202,24.546,25.041,14.233,59.244,11.481,0.008482,9.721,1009.942,998.957,1010.225,837.131,,1
SFO,2022-08-21,20,2022-08-20,18,26,20.925,-0.7526668275320083,-0.6584015846980489,9.298,9.136,9.365,-3.941,868.322,-0.047,20.925,9.298,9.136,20.231,21.414,24.172,13.321,59.121,10.866,0.008094,9.365,1015.422,1004.34,1015.469,868.322,,1
SFO,2022-08-22,20,2022-08-21,18,26,22.839,-0.7638886127905429,-0.64534811322955,4.48,14.593,11.872,0.224,892.107,-0.693,22.839,4.48,14.593,22.145,22.838,21.921,13.086,52.005,10.273,0.007807,11.872,1016.229,1005.175,1016.922,892.107,,1
SFO,2022-08-23,20,2022-08-22,18,26,21.571,-0.7748840413670406,-0.6321034111873488,19.511,12.022,7.932,-2.269,811.03,-1.262,21.571,19.511,12.022,20.877,22.275,23.146,14.925,64.417,12.945,0.009332,7.932,1010.647,999.641,1011.909,811.03,,1
SFO,2022-08-24,20,2022-08-23,18,26,20.934,-0.7856498550787144,-0.6186714032625032,20.149,11.705,7.662,-3.045,794.665,-0.295,20.934,20.149,11.705,20.24,21.888,23.285,13.777,64.864,12.578,0.00913,7.662,1010.605,999.58,1010.9,794.665,,1
SFO,2022-08-25,20,2022-08-24,18,26,20.719,-0.7961828637826154,-0.6050560696488494,19.839,11.496,7.502,-2.129,800.599,-0.375,20.719,19.839,11.496,20.025,21.076,22.154,12.805,65.268,12.523,0.00903,7.502,1014.95,1003.869,1015.325,800.599,,1
SFO,2022-08-26,20,2022-08-25,18,26,20.81,-0.8064799463209447,-0.5912614448635782,11.789,10.254,7.643,-1.796,840.017,-1.297,20.81,11.789,10.254,20.116,21.129,21.912,11.988,65.171,12.473,0.009034,7.643,1013.544,1002.488,1014.841,840.017,,1
SFO,2022-08-27,20,2022-08-26,18,26,19.863,-0.8165380514459157,-0.5772916165517278,14.561,11.032,7.433,-1.195,811.404,-0.675,19.863,14.561,11.032,19.169,17.483,20.364,11.459,65.263,11.736,0.008622,7.433,1010.548,999.492,1011.223,811.404,,1
SFO,2022-08-28,20,2022-08-27,18,26,20.018,-0.8263541987239095,-0.5631507242749187,10.354,10.006,8.47,-1.054,828.169,-0.809,20.018,10.354,10.006,19.324,17.604,20.378,10.485,61.218,10.854,0.008125,8.47,1010.859,999.808,1011.668,828.169,,1
SFO,2022-08-29,20,2022-08-28,18,26,20.933,-0.8359254794186365,-0.5488429582847199,8.094,9.783,7.926,-0.474,819.779,-0.361,20.933,8.094,9.783,20.239,19.998,20.713,8.917,62.977,12.313,0.008915,7.926,1012.757,1001.705,1013.118,819.779,,1
SFO,2022-08-30,20,2022-08-29,18,26,21.447,-0.8452490573530629,-0.5343725582809793,7.575,10.752,8.104,-0.107,822.141,-0.382,21.447,7.575,10.752,20.753,21.478,20.86,12.591,62.828,12.649,0.009105,8.104,1015.474,1004.405,1015.856,822.141,,1
SFO,2022-08-31,20,2022-08-30,18,26,21.304,-0.8543221697498269,-0.5197438121555157,0.48,16.547,10.051,-2.41,876.937,-0.657,21.304,0.48,16.547,20.61,23.753,23.02,13.435,56.943,10.559,0.007964,10.051,1015.797,1004.729,1016.454,876.937,,1
SFO,2022-09-01,20,2022-08-31,18,26,23.708,-0.8631421280499115,-0.5049610547215202,5.848,13.357,14.373,-1.984,864.0,-1.595,23.708,5.848,13.357,23.014,28.165,24.998,13.619,47.35,8.641,0.007084,14.373,1010.971,1000.02,1012.566,864.0,,1
SFO,2022-09-02,20,2022-09-01,18,26,22.595,-0.8717063187093218,-0.4900286664290594,16.037,14.075,12.12,-1.905,807.907,-0.168,22.595,16.037,14.075,21.901,26.901,23.806,12.751,52.469,9.781,0.007599,12.12,1011.546,1000.547,1011.714,807.907,,1
SFO,2022-09-03,20,2022-09-02,18,26,23.446,-0.8800122039735356,-0.4749510720670502,5.496,13.017,12.444,-0.522,840.321,-1.009,23.446,5.496,13.017,22.752,25.056,23.274,14.077,51.414,10.308,0.007853,12.444,1013.586,1002.593,1014.595,840.321,,1
SFO,2022-09-04,20,2022-09-03,18,26,24.067,-0.888057322629493,-0.4597327394521046,7.988,12.857,14.676,-4.503,833.951,-1.301,24.067,7.988,12.857,23.373,29.466,27.876,14.188,47.31,8.697,0.007077,14.676,1011.808,1000.863,1013.109,833.951,,1
SFO,2022-09-05,20,2022-09-04,18,26,27.295,-0.8958392907349089,-0.44437817810461344,5.712,11.744,19.274,-1.944,830.83,-1.219,27.295,5.712,11.744,26.601,33.394,28.545,14.141,38.931,7.327,0.006515,19.274,1008.034,997.196,1009.253,830.83,,1
SFO,2022-09-06,20,2022-09-05,18,26,29.04,-0.9033558023246842,-0.4288919379124841,7.992,8.692,19.024,-1.764,815.958,-0.163,29.04,7.992,8.692,28.346,33.701,30.11,15.231,38.193,9.322,0.007367,19.024,1008.197,997.369,1008.36,815.958,,1
SFO,2022-09-07,20,2022-09-06,18,26,25.873,-0.9106046300942162,-0.41327860778290443,9.827,9.965,14.477,-1.603,796.074,-0.308,25.873,9.827,9.965,25.179,30.825,26.782,13.853,47.306,10.702,0.008035,14.477,1013.553,1002.619,1013.861,796.074,,1
SFO,2022-09-08,20,2022-09-07,18,26,26.262,-0.9175836260593934,-0.3975428142825566,13.045,12.015,15.872,-1.776,805.597,-2.269,26.262,13.045,12.015,25.568,32.226,27.344,13.622,44.994,9.696,0.007552,15.872,1007.476,996.627,1009.745,805.597,,1
SFO,2022-09-09,20,2022-09-08,18,26,23.459,-0.924290722193093,-0.3816892202666594,14.243,13.676,12.715,-5.466,813.124,-1.052,23.459,14.243,13.676,22.765,30.267,28.231,15.214,51.523,10.05,0.007813,12.715,1001.179,990.317,1002.231,813.124,,1
SFO,2022-09-10,20,2022-09-09,18,26,21.56,-0.9307239310379793,-0.3657225234972692,100.0,9.679,9.49,-0.472,567.664,0.915,21.56,100.0,9.679,20.866,18.639,21.338,11.628,58.741,11.376,0.008444,9.49,1011.839,1000.809,1010.924,567.664,,1
SFO,2022-09-11,20,2022-09-10,18,26,23.021,-0.9368813462954315,-0.34964745525122826,87.624,13.675,11.431,2.489,747.399,-0.347,23.021,87.624,13.675,22.327,21.866,19.838,8.84,54.244,10.896,0.008183,11.431,1016.256,1005.219,1016.603,747.399,,1
SFO,2022-09-12,20,2022-09-11,18,26,19.535,-0.9427611433904206,-0.33346877891818705,75.569,15.584,6.687,-0.122,678.627,-0.637,19.535,75.569,15.584,18.841,20.668,18.963,7.394,67.711,12.154,0.008835,6.687,1015.392,1004.27,1016.029,678.627,,1
SFO,2022-09-13,20,2022-09-12,18,26,19.489,-0.9483615800121716,-0.31719128858910595,0.458,17.236,7.48,3.829,818.269,-0.389,19.489,0.458,17.236,18.795,12.991,14.966,6.189,63.378,11.315,0.008356,7.48,1013.047,1001.945,1013.436,818.269,,1
SFO,2022-09-14,20,2022-09-13,18,26,20.004,-0.9536809966304455,-0.300819807635668,12.402,14.48,8.777,11.557,782.158,0.006,20.004,12.402,14.48,19.31,13.046,7.753,5.51,58.515,10.533,0.007959,8.777,1014.211,1003.105,1014.205,782.158,,1
SFO,2022-09-15,20,2022-09-14,18,26,19.472,-0.9587178169872964,-0.2843591872810036,0.0,18.832,8.22,10.062,803.743,-0.035,19.472,0.0,18.832,18.778,12.673,8.716,5.687,60.518,10.558,0.007924,8.22,1016.931,1005.78,1016.966,803.743,,1
SFO,2022-09-16,20,2022-09-15,18,26,19.506,-0.9634705485641486,-0.26781430516217486,12.85,12.821,7.367,4.799,771.368,-0.942,19.506,12.85,12.821,18.812,15.358,14.013,6.456,64.996,11.445,0.008425,7.367,1015.096,1003.993,1016.038,771.368,,1
SFO,2022-09-17,20,2022-09-16,18,26,18.136,-0.9679377830240642,-0.25119006388481957,93.854,22.23,6.717,6.472,771.486,-0.167,18.136,93.854,22.23,17.442,11.715,10.97,3.139,65.874,10.725,0.008084,6.717,1010.998,999.88,1011.165,771.486,,1
SFO,2022-09-18,20,2022-09-17,18,26,16.955,-0.9721181966290612,-0.23449138957041052,100.0,22.991,4.393,7.945,185.605,0.665,16.955,100.0,22.991,16.261,11.86,8.316,0.13,75.344,11.868,0.008747,4.393,1005.281,994.213,1004.616,185.605,,1
SFO,2022-09-19,20,2022-09-18,18,26,19.405,-0.9760105506323682,-0.21772323039653224,28.131,7.667,5.788,10.553,656.448,-0.092,19.405,28.131,7.667,18.711,13.25,8.158,-1.175,70.396,12.923,0.009328,5.788,1010.329,999.253,1010.421,656.448,,1
SFO,2022-09-20,20,2022-09-19,18,26,20.075,-0.9796136916454901,-0.20089055513063528,97.882,6.797,8.36,11.063,738.724,-0.314,20.075,97.882,6.797,19.381,14.236,8.318,-0.946,61.193,11.021,0.008224,8.36,1013.011,1001.926,1013.325,738.724,,1
SFO,2022-09-21,20,2022-09-20,18,26,19.837,-0.9829265519799822,-0.18399835165767986,9.243,11.971,7.534,10.149,740.826,-0.04,19.837,9.243,11.971,19.143,13.725,8.994,-0.89,63.33,11.609,0.008534,7.534,1015.712,1004.591,1015.752,740.826,,1
SFO,2022-09-22,20,2022-09-21,18,26,20.536,-0.9859481499638303,-0.1670516255021195,0.0,13.318,9.098,7.668,782.026,-1.065,20.536,0.0,13.318,19.842,15.74,12.174,7.7,58.417,10.744,0.008034,9.098,1017.382,1006.263,1018.447,782.026,,1
SFO,2022-09-23,20,2022-09-22,18,26,22.913,-0.9886775902323404,-0.15005539834465262,4.397,9.941,12.16,5.778,786.651,-0.918,22.913,4.397,9.941,22.219,19.82,16.441,9.239,51.053,10.059,0.007734,12.16,1014.422,1003.395,1015.34,786.651,,1
SFO,2022-09-24,20,2022-09-23,18,26,24.203,-0.9911140639934546,-0.13301470653419636,0.428,7.82,13.422,5.813,787.783,-0.059,24.203,0.428,7.82,23.509,22.341,17.696,9.434,48.33,10.087,0.007718,13.422,1016.754,1005.74,1016.813,787.783,,1
SFO,2022-09-25,20,2022-09-24,18,26,22.711,-0.9932568492674143,-0.11593459959550066,6.781,9.196,10.838,2.947,777.111,-0.946,22.711,6.781,9.196,22.017,21.733,19.07,10.614,54.829,11.179,0.008288,10.838,1016.403,1005.358,1017.349,777.111,,1
SFO,2022-09-26,20,2022-09-25,18,26,21.507,-0.9951053111006974,-0.09882013873287211,16.509,11.757,8.97,0.428,737.798,-0.766,21.507,16.509,11.757,20.813,21.075,20.385,10.813,60.254,11.843,0.008654,8.97,1014.922,1003.867,1015.688,737.798,,1
SFO,2022-09-27,20,2022-09-26,18,26,19.708,-0.99665890175417,-0.08167639533042288,5.728,15.645,8.227,-0.949,769.717,-0.768,19.708,5.728,15.645,19.014,19.489,19.963,8.048,61.092,10.787,0.008043,8.227,1015.895,1004.779,1016.663,769.717,,1
SFO,2022-09-28,20,2022-09-27,18,26,20.711,-0.9979171608653922,-0.06450844944931713,4.875,14.793,8.447,3.596,763.905,-0.244,20.711,4.875,14.793,20.017,16.441,16.421,8.618,60.688,11.57,0.008495,8.447,1017.34,1006.228,1017.584,763.905,,1
SFO,2022-09-29,20,2022-09-28,18,26,20.359,-0.9988797155850335,-0.04732138832243232,13.422,11.331,8.191,1.717,752.301,-1.37,20.359,13.422,11.331,19.665,18.026,17.948,10.544,62.703,11.474,0.008424,8.191,1016.338,1005.242,1017.708,752.301,,1
SFO,2022-09-30,20,2022-09-29,18,26,22.875,-0.9995462806873573,-0.03012030484690836,7.575,6.935,12.2,3.948,738.048,-1.298,22.875,7.575,6.935,22.181,21.043,18.233,11.009,51.28,9.981,0.007701,12.2,1010.675,999.691,1011.973,738.048,,1
SFO,2022-10-01,20,2022-09-30,18,26,20.612,-0.9999166586547379,-0.012910296075008843,29.969,9.953,6.911,2.092,703.947,-0.064,20.612,29.969,9.953,19.918,18.605,17.826,10.346,66.955,13.007,0.009354,6.911,1010.651,999.606,1010.715,703.947,,1
SFO,2022-10-02,20,2022-10-01,18,26,19.354,-0.9999907397361901,0.004303538296243821,4.775,9.316,7.731,1.348,741.284,0.014,19.354,4.775,9.316,18.66,14.507,17.312,9.673,62.546,10.929,0.008122,7.731,1015.466,1004.343,1015.452,741.284,,1
SFO,2022-10-03,20,2022-10-02,18,26,20.144,-0.9997685019798909,0.021516097436222233,5.0,14.279,7.28,1.716,733.661,-0.626,20.144,5.0,14.279,19.45,17.404,17.734,9.631,64.528,12.17,0.008813,7.28,1017.557,1006.432,1018.183,733.661,,1
SFO,2022-10-04,20,2022-10-03,18,26,20.659,-0.9992500112396835,0.03872228089217399,15.108,10.039,7.703,1.19,696.021,-0.669,20.659,15.108,10.039,19.965,20.31,18.775,9.68,64.059,12.262,0.008895,7.703,1016.112,1005.008,1016.781,696.021,,1
SFO,2022-10-05,20,2022-10-04,18,26,22.181,-0.9984354211555643,0.05591699010060302,27.882,7.881,9.733,1.779,734.029,-0.859,22.181,27.882,7.881,21.487,21.767,19.708,9.848,58.987,11.754,0.008615,9.733,1015.364,1004.325,1016.223,734.029,,1
SFO,2022-10-06,20,2022-10-05,18,26,21.072,-0.9973249731081556,0.07309512989807687,100.0,10.151,8.861,1.243,644.048,-0.122,21.072,100.0,10.151,20.378,22.178,19.135,9.077,61.271,11.517,0.008458,8.861,1017.381,1006.296,1017.503,644.048,,1
SFO,2022-10-07,20,2022-10-06,18,26,21.152,-0.9959189961471792,0.0902516100310407,12.325,10.113,9.07,0.48,705.327,-1.147,21.152,12.325,10.113,20.458,23.066,19.978,8.255,60.348,11.388,0.008359,9.07,1017.955,1006.868,1019.102,705.327,,1
SFO,2022-10-08,20,2022-10-07,18,26,21.523,-0.9942179068939521,0.10738134666416217,19.847,10.153,8.883,-0.062,662.626,-1.219,21.523,19.847,10.153,20.829,23.911,20.891,6.954,61.034,11.946,0.008689,8.883,1017.365,1006.288,1018.584,662.626,,1
SFO,2022-10-09,20,2022-10-08,18,26,19.989,-0.9922222094179324,0.12447926388678869,16.039,12.673,7.875,-0.959,669.253,-1.038,19.989,16.039,12.673,19.295,23.593,20.254,5.74,63.488,11.42,0.008385,7.875,1017.537,1006.415,1018.575,669.253,,1
SFO,2022-10-10,20,2022-10-09,18,26,20.775,-0.989932495087353,0.141540295217043,14.216,10.772,8.563,1.064,675.575,-1.211,20.775,14.216,10.772,20.081,23.904,19.017,4.27,61.349,11.518,0.00845,8.563,1015.321,1004.24,1016.532,675.575,,1
SFO,2022-10-11,20,2022-10-10,18,26,19.809,-0.9873494423939864,0.15855938510313475,46.525,9.389,8.293,-0.045,639.109,-0.455,19.809,46.525,9.389,19.115,22.22,19.16,6.597,61.848,10.822,0.008095,8.293,1014.962,1003.863,1015.417,639.109,,1
SFO,2022-10-12,20,2022-10-11,18,26,20.225,-0.9844738167520923,0.17553149042142777,8.405,8.231,7.924,0.077,665.695,-0.449,20.225,8.405,8.231,19.531,22.095,19.454,7.132,63.369,11.607,0.008482,7.924,1018.608,1007.47,1019.057,665.695,,1
SFO,2022-10-13,20,2022-10-12,18,26,18.899,-0.9813064702716093,0.19245158197082995,13.721,9.339,7.338,-0.974,671.72,-1.324,18.899,13.721,9.339,18.205,20.378,19.179,7.833,65.419,10.867,0.008082,7.338,1016.664,1005.53,1017.988,671.72,,1
SFO,2022-10-14,20,2022-10-13,18,26,19.638,-0.9778483415056569,0.209314645963048,11.935,8.088,8.659,-2.238,687.556,-1.189,19.638,11.935,8.088,18.944,21.879,21.182,8.292,61.163,10.285,0.007837,8.659,1010.351,999.301,1011.54,687.556,,1
SFO,2022-10-15,20,2022-10-14,18,26,18.219,-0.9741004551724206,0.22611568550828803,25.524,8.958,6.548,-1.891,626.606,0.255,18.219,25.524,8.958,17.525,16.72,19.416,8.249,67.363,10.977,0.008172,6.548,1012.368,1001.25,1012.113,626.606,,1
SFO,2022-10-16,20,2022-10-15,18,26,18.577,-0.9700639218515072,0.24284972209593494,16.171,9.507,7.03,2.162,605.008,0.672,18.577,16.171,9.507,17.883,11.21,15.721,6.673,64.258,10.853,0.008075,7.03,1017.494,1006.321,1016.822,605.008,,1
SFO,2022-10-17,20,2022-10-16,18,26,19.51,-0.965739937654855,0.25951179706979943,100.0,8.37,8.736,4.47,579.076,-1.063,19.51,100.0,8.37,18.816,16.168,14.346,5.322,59.721,10.08,0.007684,8.736,1017.492,1006.344,1018.555,579.076,,1
SFO,2022-10-18,20,2022-10-17,18,26,22.081,-0.961129783872301,0.27609697309746795,83.654,5.59,12.212,4.597,595.113,-0.919,22.081,83.654,5.59,21.387,19.175,16.79,5.7,48.153,9.175,0.007264,12.212,1017.574,1006.481,1018.493,595.113,,1
SFO,2022-10-19,20,2022-10-18,18,26,26.258,-0.9562348265919058,0.2926003356333479,34.842,7.134,21.107,5.563,663.6,-1.0,26.258,34.842,7.134,25.564,24.695,20.001,6.28,29.812,4.457,0.005379,21.107,1016.72,1005.715,1017.72,663.6,,1
SFO,2022-10-20,20,2022-10-19,18,26,22.599,-0.9510565162951536,0.30901699437494723,8.603,10.518,14.304,1.71,663.404,-1.323,22.599,8.603,10.518,21.905,23.645,20.195,6.474,46.402,7.601,0.006637,14.304,1013.251,1002.243,1014.574,663.404,,1
SFO,2022-10-21,20,2022-10-20,18,26,19.165,-0.9455963874271425,0.32534208471198034,15.456,9.944,7.661,-0.251,622.822,-0.952,19.165,15.456,9.944,18.471,20.97,18.722,5.98,64.046,10.81,0.008115,7.661,1011.588,1000.508,1012.54,622.822,,1
SFO,2022-10-22,20,2022-10-21,18,26,16.766,-0.9398560579418956,0.34157076916785517,49.451,32.757,8.632,6.64,604.346,-1.123,16.766,49.451,32.757,16.072,10.76,9.432,1.569,57.909,7.44,0.006492,8.632,1009.091,997.947,1010.214,604.346,,1
SFO,2022-10-23,20,2022-10-22,18,26,15.999,-0.9338372288229252,0.35769823883312546,0.0,13.596,12.887,10.032,656.91,-0.004,15.999,0.0,13.596,15.305,9.637,5.273,2.782,43.276,2.418,0.004581,12.887,1015.426,1004.2,1015.43,656.91,,1
SFO,2022-10-24,20,2022-10-23,18,26,18.603,-0.9275416835791969,0.3737197147904684,0.0,6.909,19.713,5.286,643.386,-0.475,18.603,0.0,6.909,17.909,13.646,12.623,4.233,29.491,-1.804,0.003452,19.713,1021.526,1010.303,1022.001,643.386,,1
SFO,2022-10-25,20,2022-10-24,18,26,17.307,-0.9209712877166346,0.38963044953078774,92.057,12.366,6.745,5.467,623.707,-1.097,17.307,92.057,12.366,16.613,11.998,11.146,1.015,67.411,9.868,0.007573,6.745,1019.686,1008.477,1020.783,623.707,,1
SFO,2022-10-26,20,2022-10-25,18,26,15.523,-0.9141279881853341,0.4054257283599965,5.0,19.377,8.642,7.262,639.112,-0.933,15.523,5.0,19.377,14.829,9.209,7.567,-1.299,57.696,6.187,0.005899,8.642,1018.44,1007.168,1019.373,639.112,,1
SFO,2022-10-27,20,2022-10-26,18,26,17.548,-0.9070138128026362,0.42110087079608916,5.011,7.379,15.093,7.97,629.622,-0.574,17.548,5.011,7.379,16.854,11.655,8.884,2.032,38.847,1.761,0.004406,15.093,1017.525,1006.316,1018.099,629.622,,1
SFO,2022-10-28,20,2022-10-27,18,26,16.019,-0.8996308696522438,0.43665123195606304,100.0,4.467,9.676,7.505,437.652,0.028,16.019,100.0,4.467,15.325,10.507,7.82,0.602,54.604,5.649,0.005664,9.676,1022.156,1010.867,1022.128,437.652,,1
SFO,2022-10-29,20,2022-10-28,18,26,17.103,-0.8919813464595484,0.4520722039323045,66.207,9.672,12.675,5.583,615.251,-0.946,17.103,66.207,9.672,16.409,13.986,10.826,3.094,45.917,3.734,0.00497,12.675,1023.36,1012.1,1024.306,615.251,,1
SFO,2022-10-30,20,2022-10-29,18,26,18.124,-0.8840675099433637,0.46735921715800205,30.111,8.49,7.404,4.35,608.374,-1.534,18.124,30.111,8.49,17.43,15.636,13.08,5.903,65.489,10.026,0.007642,7.404,1018.986,1007.803,1020.52,608.374,,1
SFO,2022-10-31,20,2022-10-30,18,26,15.812,-0.8758917051442429,0.4825077417612184,100.0,6.04,6.655,2.69,427.509,-1.365,15.812,100.0,6.04,15.118,12.102,12.428,3.86,66.48,8.463,0.006908,6.655,1013.387,1002.2,1014.752,427.509,,1
SFO,2022-11-01,20,2022-10-31,18,26,11.077,-0.867456354729597,0.4975132889071803,100.0,20.705,2.8,8.698,30.677,2.253,11.077,100.0,20.705,10.383,5.843,1.685,-7.949,82.915,7.583,0.00651,2.8,1010.886,999.509,1008.633,30.677,,1
SFO,2022-11-02,20,2022-11-01,18,26,13.203,-0.858763958275803,0.5123714121284235,95.281,18.511,7.069,12.631,517.562,-0.528,13.203,95.281,18.511,12.509,5.173,-0.122,-10.517,62.087,5.44,0.005574,7.069,1018.949,1007.556,1019.477,517.562,,1
SFO,2022-11-03,20,2022-11-02,18,26,12.68,-0.8498170915275282,0.5270777086423716,5.0,13.894,10.694,10.22,600.188,0.046,12.68,5.0,13.894,11.986,5.089,1.766,-4.335,48.754,1.292,0.00417,10.694,1022.054,1010.612,1022.008,600.188,,1
SFO,2022-11-04,20,2022-11-03,18,26,15.028,-0.8406184056344783,0.5416278206559811,100.0,6.786,10.443,6.138,575.187,-0.821,15.028,100.0,6.786,14.334,10.128,8.196,4.605,50.241,3.891,0.004965,10.443,1025.961,1014.614,1026.782,575.187,,1
SFO,2022-11-05,20,2022-11-04,18,26,16.359,-0.8311706263658084,0.5560174366570438,95.398,7.52,4.198,7.632,437.968,-1.88,16.359,95.398,7.52,15.665,9.861,8.033,3.121,76.91,11.467,0.008387,4.198,1020.215,1008.974,1022.095,437.968,,1
SFO,2022-11-06,20,2022-11-05,18,26,14.326,-0.8214765533024145,0.5702422926917867,89.818,13.103,8.703,8.899,530.603,-1.413,14.326,89.818,13.103,13.632,7.142,4.733,2.181,56.288,4.929,0.00542,8.703,1013.775,1002.495,1015.188,530.603,,1
SFO,2022-11-07,20,2022-11-06,18,26,13.342,-0.8115390590073611,0.5842981736283683,97.874,12.876,9.915,13.043,570.489,-0.875,13.342,97.874,12.876,12.648,5.585,-0.395,-10.684,51.057,2.733,0.004635,9.915,1013.273,1001.94,1014.148,570.489,,1
SFO,2022-11-08,20,2022-11-07,18,26,10.653,-0.8013610881746764,0.5981809144059166,100.0,20.681,4.041,10.298,194.147,0.714,10.653,100.0,20.681,9.959,4.701,-0.339,-10.276,76.052,5.918,0.005858,4.041,1001.671,990.377,1000.957,194.147,,1
SFO,2022-11-09,20,2022-11-08,18,26,13.35,-0.7909456567567774,0.6118864012687242,10.449,16.536,6.392,12.316,557.484,1.39,13.35,10.449,16.536,12.656,5.314,0.34,-7.63,65.112,6.264,0.005892,6.392,1020.234,1008.838,1018.844,557.484,,1
SFO,2022-11-10,20,2022-11-09,18,26,12.604,-0.7802958510707755,0.6254105729852464,0.562,8.812,8.541,8.179,567.068,-1.206,12.604,0.562,8.812,11.91,5.168,3.731,-0.019,56.127,3.369,0.004792,8.541,1024.431,1012.964,1025.637,567.068,,1
SFO,2022-11-11,20,2022-11-10,18,26,13.396,-0.7694148268839381,0.6387494220515268,99.972,5.008,10.556,7.304,463.341,-0.778,13.396,99.972,5.008,12.702,7.3,5.398,0.12,49.057,2.146,0.004423,10.556,1020.128,1008.738,1020.906,463.341,,1
SFO,2022-11-12,20,2022-11-11,18,26,13.233,-0.7583058084785625,0.6518989958787125,0.356,19.575,7.831,11.557,556.16,-0.39,13.233,0.356,19.575,12.539,5.586,0.982,-3.328,59.262,4.708,0.00531,7.831,1020.01,1008.615,1020.4,556.16,,1
SFO,2022-11-13,20,2022-11-12,18,26,12.842,-0.7469720876965557,0.664855397964286,0.0,12.565,9.889,7.335,562.375,-0.393,12.842,0.0,12.565,12.148,5.796,4.813,0.623,51.631,2.259,0.004476,9.889,1020.971,1009.543,1021.364,562.375,,1
SFO,2022-11-14,20,2022-11-13,18,26,13.724,-0.7354170229639858,0.6776147890466887,0.0,3.456,14.365,8.977,556.542,-1.167,13.724,0.0,3.456,13.03,6.875,4.053,-4.234,37.146,-1.335,0.003435,14.365,1020.849,1009.446,1022.016,556.542,,1
SFO,2022-11-15,20,2022-11-14,18,26,14.027,-0.723644038295913,0.6901733882429714,0.0,9.475,11.884,6.226,551.777,-0.089,14.027,0.0,9.475,13.333,9.56,7.107,-2.807,44.8,1.449,0.004206,11.884,1023.987,1012.571,1024.076,551.777,,1
SFO,2022-11-16,20,2022-11-15,18,26,15.005,-0.7116566222817751,0.7025274741691566,0.0,8.02,15.136,2.725,559.242,-1.023,15.005,0.0,8.02,14.311,12.224,11.586,4.241,36.091,-0.825,0.003575,15.136,1027.562,1016.155,1028.585,559.242,,1
SFO,2022-11-17,20,2022-11-16,18,26,15.281,-0.6994583270516471,0.7146733860429608,100.0,7.537,14.497,4.597,499.036,-0.612,15.281,100.0,7.537,14.587,12.145,9.99,2.524,38.126,0.09,0.003832,14.497,1024.321,1012.975,1024.933,499.036,,1
SFO,2022-11-18,20,2022-11-17,18,26,14.849,-0.6870527672236669,0.7266075247685657,0.0,10.33,11.796,4.207,537.299,-1.58,14.849,0.0,10.33,14.155,10.045,9.948,-1.868,46.449,2.359,0.004537,11.796,1017.872,1006.589,1019.452,537.299,,1
SFO,2022-11-19,20,2022-11-18,18,26,13.797,-0.6744436188329457,0.7383263540031063,45.183,7.664,14.47,4.969,537.366,-0.286,13.797,45.183,7.664,13.103,10.691,8.134,2.227,37.099,-1.367,0.003447,14.47,1021.617,1010.217,1021.903,537.366,,1
SFO,2022-11-20,20,2022-11-19,18,26,15.247,-0.6616346182422783,0.7498264012045686,13.453,5.969,15.769,6.233,539.642,-1.17,15.247,13.453,5.969,14.553,11.917,8.32,1.568,34.53,-1.216,0.0035,15.769,1023.641,1012.288,1024.811,539.642,,1
SFO,2022-11-21,20,2022-11-20,18,26,14.882,-0.6486295610349818,0.7611042586607742,100.0,5.753,15.251,4.747,444.145,-1.018,14.882,100.0,5.753,14.188,12.592,9.441,1.575,35.612,-1.063,0.003535,15.251,1021.362,1010.02,1022.38,444.145,,1
SFO,2022-11-22,20,2022-11-21,18,26,15.909,-0.6354323008901775,0.7721565844991641,99.253,6.139,15.55,4.594,481.721,-1.256,15.909,99.253,6.139,15.215,13.18,10.621,0.173,35.54,-0.335,0.003726,15.55,1020.592,1009.308,1021.848,481.721,,1
SFO,2022-11-23,20,2022-11-22,18,26,16.174,-0.622046748440868,0.7829801036770625,61.722,6.216,13.376,4.077,510.074,-0.826,16.174,61.722,6.216,15.48,12.677,11.403,3.95,41.009,2.104,0.004425,13.376,1020.618,1009.344,1021.444,510.074,,1
SFO,2022-11-24,20,2022-11-23,18,26,16.549,-0.6084768701151264,0.7935716089521472,0.0,6.213,13.26,1.103,512.98,-0.783,16.549,0.0,6.213,15.855,15.225,14.752,6.647,41.883,2.595,0.004584,13.26,1021.834,1010.547,1022.617,512.98,,1
SFO,2022-11-25,20,2022-11-24,18,26,17.711,-0.5947266869607633,0.8039279618328213,3.631,4.608,15.146,5.955,510.54,-0.896,17.711,3.631,4.608,17.017,13.438,11.062,3.268,38.771,1.871,0.004387,15.146,1025.379,1014.102,1026.275,510.54,,1
SFO,2022-11-26,20,2022-11-25,18,26,15.436,-0.5808002734538014,0.8140460935082175,0.0,8.488,8.929,5.471,498.419,-1.24,15.436,0.0,8.488,14.742,11.261,9.271,1.683,56.55,5.813,0.005734,8.929,1021.073,1009.786,1022.313,498.419,,1
SFO,2022-11-27,20,2022-11-26,18,26,15.715,-0.5667017562911177,0.8239230057575542,100.0,3.329,12.186,5.423,434.481,-0.625,15.715,100.0,3.329,15.021,12.559,9.598,3.146,45.39,2.835,0.004689,12.186,1018.66,1007.401,1019.285,434.481,,1
SFO,2022-11-28,20,2022-11-27,18,26,12.754,-0.5524353131676195,0.83355577183857,100.0,32.745,6.694,7.099,461.943,-0.399,12.754,100.0,32.745,12.06,5.514,4.961,-2.112,63.989,5.366,0.005579,6.694,1015.332,1003.97,1015.731,461.943,,1
SFO,2022-11-29,20,2022-11-28,18,26,11.731,-0.5380051715383,0.8429415373547827,5.183,6.529,9.696,7.861,491.843,-0.435,11.731,5.183,6.529,11.037,5.146,3.176,2.02,51.753,1.341,0.004185,9.696,1016.286,1004.876,1016.721,491.843,,1
SFO,2022-12-01,20,2022-11-30,18,26,9.019,-0.508670943852105,0.8609610158889941,100.0,5.035,1.636,7.762,16.698,1.226,9.019,100.0,5.035,8.325,3.878,0.563,-5.382,89.573,6.689,0.006114,1.636,1012.431,1000.96,1011.205,16.698,,1
SFO,2022-12-02,20,2022-12-01,18,26,9.874,-0.4937755501599774,0.8695893893466109,50.908,10.119,9.371,6.954,489.624,-0.882,9.874,50.908,10.119,9.18,3.904,2.226,-2.787,51.849,-0.191,0.003717,9.371,1021.096,1009.538,1021.978,489.624,,1
SFO,2022-12-03,20,2022-12-02,18,26,8.513,-0.47873384011578907,0.8779600847008878,100.0,5.248,1.378,1.868,23.46,-1.719,8.513,100.0,5.248,7.819,8.054,5.951,-2.081,91.043,6.441,0.006002,1.378,1014.581,1003.079,1016.3,23.46,,1
SFO,2022-12-04,20,2022-12-03,18,26,13.31,-0.4635502709028512,0.8860706215341377,100.0,16.084,5.086,11.309,351.075,0.089,13.31,100.0,16.084,12.616,6.24,1.307,-8.577,71.16,7.53,0.006433,5.086,1018.924,1007.559,1018.835,351.075,,1
SFO,2022-12-05,20,2022-12-04,18,26,13.267,-0.4482293417404106,0.893918596519257,0.107,13.057,5.33,11.608,462.658,-0.61,13.267,0.107,13.057,12.573,5.945,0.965,-7.94,70.336,7.243,0.006329,5.33,1017.22,1005.869,1017.83,462.658,,1
SFO,2022-12-06,20,2022-12-05,18,26,12.144,-0.4327755925504317,0.9015016841318838,40.781,9.101,4.95,10.886,427.763,-0.042,12.144,40.781,9.101,11.45,4.829,0.564,-9.734,71.562,6.5,0.006004,4.95,1017.313,1005.907,1017.355,427.763,,1
SFO,2022-12-07,20,2022-12-06,18,26,12.433,-0.41719360261231697,0.9088176373395028,0.0,0.138,6.952,10.678,463.118,0.396,12.433,0.0,0.138,11.739,5.389,1.061,-7.634,62.526,4.787,0.005303,6.952,1022.557,1011.108,1022.161,463.118,,1
SFO,2022-12-08,20,2022-12-07,18,26,11.839,-0.4014879892059729,0.9158642882672873,100.0,11.321,6.771,10.66,195.282,-1.251,11.839,100.0,11.321,11.145,4.748,0.485,-6.429,63.275,4.374,0.00516,6.771,1024.054,1012.561,1025.305,195.282,,1
SFO,2022-12-09,20,2022-12-08,18,26,11.87,-0.38566340624360745,0.9226395488404875,100.0,3.641,6.124,10.992,292.363,-0.996,11.87,100.0,3.641,11.176,4.651,0.184,-4.201,66.087,5.052,0.005429,6.124,1021.544,1010.079,1022.54,292.363,,1
SFO,2022-12-10,20,2022-12-09,18,26,12.961,-0.3697245428906732,0.9291414114031743,100.0,27.754,1.046,8.43,13.44,-0.392,12.961,100.0,27.754,12.267,8.098,3.837,-4.152,93.354,11.221,0.008348,1.046,1008.106,996.871,1008.498,13.44,,1
SFO,2022-12-11,20,2022-12-10,18,26,10.764,-0.3536761221763721,0.935367949313148,21.76,23.836,5.646,11.696,392.655,0.791,10.764,21.76,23.836,10.07,3.645,-1.626,-12.213,67.927,4.424,0.005236,5.646,1009.308,997.923,1008.517,392.655,,1
SFO,2022-12-12,20,2022-12-11,18,26,8.366,-0.33752289959411347,0.941317317512847,52.39,9.054,4.375,8.101,310.257,0.479,8.366,52.39,9.054,7.672,1.409,-0.429,-8.388,73.957,3.297,0.004808,4.375,1015.346,1003.803,1014.867,310.257,,1
SFO,2022-12-13,20,2022-12-12,18,26,10.565,-0.32126966169236515,0.946987753076075,0.562,2.694,6.671,8.201,459.361,0.181,10.565,0.562,2.694,9.871,3.832,1.67,-5.17,63.186,3.2,0.004752,6.671,1020.193,1008.677,1020.012,459.361,,1
SFO,2022-12-14,20,2022-12-13,18,26,10.587,-0.3049212246562894,0.9523775757303973,99.878,5.665,7.842,4.746,392.028,-0.395,10.587,99.878,5.665,9.893,5.728,5.147,1.157,58.248,2.051,0.00437,7.842,1023.175,1011.639,1023.57,392.028,,1
SFO,2022-12-15,20,2022-12-14,18,26,10.844,-0.288482432880609,0.9574851883550393,97.855,6.628,8.139,2.119,325.679,-0.543,10.844,97.855,6.628,10.15,7.579,8.031,0.337,57.068,2.011,0.004364,8.139,1021.359,1009.853,1021.902,325.679,,1
SFO,2022-12-16,20,2022-12-15,18,26,10.906,-0.27195815753410607,0.9623090774541485,4.389,9.566,8.136,2.452,461.235,-0.726,10.906,4.389,9.566,10.212,8.753,7.76,-0.443,57.001,2.076,0.004381,8.136,1021.717,1010.203,1022.443,461.235,,1
SFO,2022-12-17,20,2022-12-16,18,26,11.509,-0.2553532951161872,0.9668478136052775,0.0,6.296,9.808,4.631,462.142,-1.074,11.509,0.0,6.296,10.815,8.131,6.184,-1.065,50.799,1.007,0.004077,9.808,1018.991,1007.537,1020.065,462.142,,1
SFO,2022-12-18,20,2022-12-17,18,26,11.609,-0.23867276600594997,0.9711000518829505,7.183,5.361,9.898,5.802,462.779,0.099,11.609,7.183,5.361,10.915,7.526,5.113,-2.294,50.609,1.017,0.004078,9.898,1017.974,1006.544,1017.875,462.779,,1
SFO,2022-12-19,20,2022-12-18,18,26,11.351,-0.22192151300416588,0.9750645322571947,100.0,5.052,8.974,4.457,382.956,0.346,11.351,100.0,5.052,10.657,7.486,6.2,-0.976,53.884,1.683,0.004247,8.974,1024.745,1013.225,1024.399,382.956,,1
SFO,2022-12-20,20,2022-12-19,18,26,11.612,-0.20510449986861926,0.9787400799669153,100.0,4.766,8.204,5.341,392.586,-0.928,11.612,100.0,4.766,10.918,7.032,5.577,-1.222,56.931,2.714,0.004557,8.204,1027.154,1015.619,1028.082,392.586,,1
SFO,2022-12-21,20,2022-12-20,18,26,13.362,-0.1882267098432448,0.9821256058680005,5.0,6.551,8.369,5.452,432.804,-1.196,13.362,5.0,6.551,12.668,10.102,7.216,1.835,56.83,4.299,0.005119,8.369,1024.515,1013.104,1025.711,432.804,,1
SFO,2022-12-22,20,2022-12-21,18,26,13.438,-0.1712931441814778,0.9852201067560606,100.0,2.933,6.296,4.796,207.553,0.007,13.438,100.0,2.933,12.744,9.75,7.948,1.175,65.504,6.448,0.005966,6.296,1020.886,1009.509,1020.879,207.553,,1
SFO,2022-12-23,20,2022-12-22,18,26,14.711,-0.154308820664281,0.9880226656636976,100.0,4.511,5.182,6.393,319.449,-0.262,14.711,100.0,4.511,14.017,11.029,7.624,3.281,70.998,8.835,0.007006,5.182,1023.618,1012.281,1023.88,319.449,,1
SFO,2022-12-24,20,2022-12-23,18,26,14.576,-0.13727877211326517,0.9905324521322227,100.0,6.756,7.211,3.521,402.14,-0.412,14.576,100.0,6.756,13.882,13.368,10.361,4.109,62.018,6.671,0.006016,7.211,1028.292,1016.896,1028.704,402.14,,1
SFO,2022-12-25,20,2022-12-24,18,26,14.754,-0.12020804489935275,0.9927487224577402,100.0,6.835,7.077,-0.772,318.089,-0.622,14.754,100.0,6.835,14.06,16.683,14.832,5.402,62.757,6.983,0.006173,7.077,1023.974,1012.632,1024.596,318.089,,1
SFO,2022-12-26,20,2022-12-25,18,26,15.271,-0.10310169744743544,0.9946708199115211,99.228,3.207,6.618,1.771,268.079,-0.72,15.271,99.228,3.207,14.577,15.033,12.806,2.631,65.031,7.959,0.006633,6.618,1019.047,1007.782,1019.767,268.079,,1
SFO,2022-12-27,20,2022-12-26,18,26,13.252,-0.0859647987374467,0.9962981749346077,100.0,13.03,0.649,7.491,25.565,0.7,13.252,100.0,13.03,12.558,8.305,5.067,-3.479,95.798,11.909,0.008692,0.649,1012.903,1001.637,1012.203,25.565,,1
SFO,2022-12-28,20,2022-12-27,18,26,11.636,-0.06880242680231975,0.9976303053065857,100.0,7.713,5.621,6.671,350.723,-0.784,11.636,100.0,7.713,10.942,5.556,4.271,-3.819,68.529,5.321,0.005558,5.621,1016.325,1004.914,1017.109,350.723,,1
SFO,2022-12-29,20,2022-12-28,18,26,10.28,-0.05161966722325418,0.9986668162884759,100.0,8.745,2.5,3.213,27.535,1.265,10.28,100.0,8.745,9.586,5.003,6.373,-2.006,84.49,7.086,0.006276,2.5,1013.936,1002.492,1012.671,27.535,,1
SFO,2022-12-30,20,2022-12-29,18,26,14.18,-0.034421611622745804,0.9994074007397048,100.0,16.896,0.685,5.149,59.206,0.002,14.18,100.0,16.896,13.486,11.394,8.337,0.849,95.719,12.801,0.0092,0.685,1015.474,1004.215,1015.472,59.206,,1
SFO,2022-12-31,20,2022-12-30,18,26,14.168,-0.01721335615583528,0.9998518392091162,100.0,36.063,1.315,5.972,8.615,-3.196,14.168,100.0,36.063,13.474,10.217,7.502,-0.973,92.026,12.159,0.008952,1.315,1001.075,989.974,1004.271,8.615,,1
SFO,2023-01-01,20,2022-12-31,18,26,13.002,0.0,1.0,0.0,21.15,7.703,8.208,462.494,1.11,13.002,0.0,21.15,12.308,8.062,4.1,-4.722,60.072,4.605,0.005326,7.703,1012.397,1001.087,1011.287,462.494,,1
SFO,2023-01-02,20,2023-01-01,18,26,9.538,0.017213356155834685,0.9998518392091162,100.0,18.4,3.276,8.065,42.64,-2.052,9.538,100.0,18.4,8.844,3.495,0.779,-3.62,80.028,5.568,0.005668,3.276,1010.849,999.398,1012.901,42.64,,1
SFO,2023-01-03,20,2023-01-02,18,26,13.249,0.03442161162274574,0.9994074007397048,100.0,15.347,4.813,11.121,350.582,0.346,13.249,100.0,15.347,12.555,6.647,1.434,-5.377,72.868,7.742,0.006556,4.813,1016.032,1004.702,1015.686,350.582,,1
SFO,2023-01-04,20,2023-01-03,18,26,13.911,0.051619667223253764,0.998666816288476,100.0,39.426,2.755,7.793,52.841,-1.401,13.911,100.0,39.426,13.217,9.185,5.424,-1.004,83.437,10.462,0.007946,2.755,1006.593,995.414,1007.994,52.841,,1
SFO,2023-01-05,20,2023-01-04,18,26,12.019,0.06880242680231986,0.9976303053065857,99.369,20.355,2.603,9.916,77.729,2.594,12.019,99.369,20.355,11.325,6.404,1.409,-7.771,83.958,8.722,0.007015,2.603,1013.065,1001.715,1010.471,77.729,,1
SFO,2023-01-06,20,2023-01-05,18,26,13.887,0.08596479873744647,0.9962981749346078,96.014,16.425,5.553,9.686,379.968,-0.848,13.887,96.014,16.425,13.193,7.278,3.507,-6.149,69.085,7.64,0.006461,5.553,1023.122,1011.742,1023.97,379.968,,1
SFO,2023-01-07,20,2023-01-06,18,26,13.492,0.10310169744743485,0.9946708199115211,100.0,38.96,7.232,10.071,112.936,-0.728,13.492,100.0,38.96,12.798,6.886,2.727,-3.84,61.863,5.566,0.005661,7.232,1016.547,1005.207,1017.275,112.936,,1
SFO,2023-01-08,20,2023-01-07,18,26,14.072,0.1202080448993527,0.9927487224577402,100.0,12.461,4.37,10.79,257.787,0.167,14.072,100.0,12.461,13.378,7.231,2.588,-4.896,75.185,9.008,0.00713,4.37,1017.721,1006.416,1017.554,257.787,,1
SFO,2023-01-09,20,2023-01-08,18,26,11.204,0.13727877211326478,0.9905324521322229,100.0,8.685,2.434,9.567,50.923,2.462,11.204,100.0,8.685,10.51,5.341,0.943,-4.232,84.896,8.076,0.006732,2.434,1010.542,999.173,1008.08,50.923,,1
SFO,2023-01-10,20,2023-01-09,18,26,11.959,0.15430882066428114,0.9880226656636976,70.291,32.717,3.287,10.615,377.713,2.144,11.959,70.291,32.717,11.265,4.852,0.65,-9.722,80.168,7.978,0.006692,3.287,1010.587,999.254,1008.443,377.713,,1
SFO,2023-01-11,20,2023-01-10,18,26,11.181,0.1712931441814776,0.9852201067560606,100.0,26.811,3.082,5.066,20.053,-0.453,11.181,100.0,26.811,10.487,7.728,5.421,-1.596,81.236,7.405,0.006396,3.082,1017.765,1006.335,1018.218,20.053,,1
SFO,2023-01-12,20,2023-01-11,18,26,15.914,0.18822670984324422,0.9821256058680006,100.0,17.012,6.91,6.325,317.841,-0.51,15.914,100.0,17.012,15.22,11.196,8.895,-0.164,63.796,8.31,0.006789,6.91,1019.088,1007.839,1019.598,317.841,,1
SFO,2023-01-13,20,2023-01-12,18,26,12.126,0.2051044998686192,0.9787400799669153,100.0,12.364,0.571,7.592,28.144,0.015,12.126,100.0,12.364,11.432,8.045,3.84,-4.982,96.057,10.861,0.008078,0.571,1015.923,1004.566,1015.908,28.144,,1
SFO,2023-01-14,20,2023-01-13,18,26,13.21,0.22192151300416552,0.9750645322571948,100.0,26.511,2.779,9.533,142.453,0.674,13.21,100.0,26.511,12.516,7.361,2.983,-6.278,83.241,9.737,0.00759,2.779,1004.764,993.562,1004.09,142.453,,1
SFO,2023-01-15,20,2023-01-14,18,26,11.48,0.2386727660059501,0.9711000518829505,100.0,10.103,4.178,10.22,198.612,0.497,11.48,100.0,10.103,10.786,4.889,0.566,-9.468,75.33,6.608,0.0061,4.178,1008.792,997.458,1008.295,198.612,,1
SFO,2023-01-16,20,2023-01-15,18,26,11.307,0.255353295116187,0.9668478136052775,99.796,18.255,4.491,10.857,306.088,0.792,11.307,99.796,18.255,10.613,4.675,-0.244,-9.948,73.714,6.122,0.005907,4.491,1006.365,995.045,1005.573,306.088,,1
SFO,2023-01-17,20,2023-01-16,18,26,10.7,0.2719581575341055,0.9623090774541486,4.324,7.829,5.959,8.981,482.599,0.579,10.7,4.324,7.829,10.006,4.276,1.025,-6.363,66.776,4.047,0.005074,5.959,1016.579,1005.13,1016.0,482.599,,1
SFO,2023-01-18,20,2023-01-17,18,26,11.998,0.288482432880609,0.9574851883550393,58.028,3.181,6.267,9.329,378.188,-0.554,11.998,58.028,3.181,11.304,5.542,1.975,-5.966,65.438,5.037,0.005404,6.267,1021.303,1009.853,1021.857,378.188,,1
SFO,2023-01-19,20,2023-01-18,18,26,10.301,0.304921224656289,0.9523775757303975,12.523,11.186,6.395,10.532,488.437,0.508,10.301,12.523,11.186,9.607,2.351,-0.925,-5.102,64.347,3.212,0.004745,6.395,1023.044,1011.49,1022.536,488.437,,1
SFO,2023-01-20,20,2023-01-19,18,26,10.044,0.3212696616923644,0.9469877530760753,0.0,11.939,11.641,5.822,502.241,0.579,10.044,0.0,11.939,9.35,3.796,3.528,-0.636,44.051,-2.291,0.003178,11.641,1026.037,1014.414,1025.458,502.241,,1
SFO,2023-01-21,20,2023-01-20,18,26,10.631,0.3375228995941133,0.9413173175128471,33.979,10.591,10.002,4.505,502.857,0.056,10.631,33.979,10.591,9.937,6.452,5.432,1.171,50.124,-0.065,0.003731,10.002,1029.299,1017.701,1029.243,502.857,,1
SFO,2023-01-22,20,2023-01-21,18,26,10.576,0.35367612217637157,0.9353679493131483,11.715,16.476,7.131,5.652,468.689,-1.052,10.576,11.715,16.476,9.882,4.811,4.23,0.043,61.418,2.751,0.004604,7.131,1022.19,1010.661,1023.242,468.689,,1
SFO,2023-01-23,20,2023-01-22,18,26,11.308,0.36972454289067314,0.9291414114031743,0.0,11.231,12.816,1.74,516.184,0.084,11.308,0.0,11.231,10.614,4.944,8.874,4.797,40.527,-2.202,0.003201,12.816,1021.307,1009.796,1021.223,516.184,,1
SFO,2023-01-24,20,2023-01-23,18,26,12.609,0.3856634062436071,0.9226395488404876,5.116,7.135,9.562,0.525,516.905,0.067,12.609,5.116,7.135,11.915,10.504,11.39,1.59,52.415,2.353,0.004459,9.562,1026.481,1014.997,1026.414,516.905,,1
SFO,2023-01-25,20,2023-01-24,18,26,13.789,0.401487989205973,0.9158642882672872,0.0,9.557,9.784,1.853,520.515,-0.81,13.789,0.0,9.557,13.095,12.17,11.242,1.92,52.034,3.311,0.004779,9.784,1026.839,1015.406,1027.649,520.515,,1
SFO,2023-01-26,20,2023-01-25,18,26,14.543,0.4171936026123168,0.9088176373395029,0.0,6.345,8.197,3.103,520.356,-0.522,14.543,0.0,6.345,13.849,12.336,10.746,2.139,58.066,5.652,0.0056,8.197,1029.637,1018.205,1030.159,520.356,,1
SFO,2023-01-27,20,2023-01-26,18,26,13.519,0.4327755925504312,0.901501684131884,0.0,6.617,7.735,3.281,526.385,-1.814,13.519,0.0,6.617,12.825,9.386,9.544,1.84,60.566,5.09,0.005456,7.735,1022.814,1011.436,1024.628,526.385,,1
SFO,2023-01-28,20,2023-01-27,18,26,13.067,0.4482293417404106,0.893918596519257,5.188,6.894,5.876,6.346,522.626,-0.457,13.067,5.188,6.894,12.373,7.137,6.027,-0.295,68.272,6.497,0.006031,5.876,1016.672,1005.331,1017.129,522.626,,1
SFO,2023-01-29,20,2023-01-28,18,26,9.144,0.4635502709028509,0.886070621534138,43.325,17.138,5.592,11.227,349.954,-0.082,9.144,43.325,17.138,8.45,1.951,-2.777,-12.177,68.333,2.858,0.004682,5.592,1011.529,1000.061,1011.611,349.954,,1
SFO,2023-01-30,20,2023-01-29,18,26,7.681,0.47873384011578846,0.8779600847008882,0.0,13.995,14.671,4.797,553.094,0.532,7.681,0.0,13.995,6.987,1.556,2.19,-6.515,34.413,-7.684,0.002132,14.671,1019.442,1007.801,1018.91,553.094,,1
SFO,2023-01-31,20,2023-01-30,18,26,10.115,0.4937755501599772,0.869589389346611,3.595,6.414,16.977,3.473,555.722,-0.217,10.115,3.595,6.414,9.421,6.728,5.948,-2.382,29.776,-7.556,0.002147,16.977,1022.792,1011.226,1023.009,555.722,,1
SFO,2023-02-01,20,2023-01-31,18,26,11.902,0.5086709438521044,0.8609610158889943,100.0,5.004,13.265,4.577,479.12,0.312,11.902,100.0,5.004,11.208,7.5,6.631,-0.693,39.885,-2.057,0.003243,13.265,1023.195,1011.71,1022.883,479.12,,1
SFO,2023-02-02,20,2023-02-01,18,26,12.396,0.5234156073655503,0.8520775211013093,100.0,4.442,9.943,5.004,270.909,-0.754,12.396,100.0,4.442,11.702,9.3,6.698,-0.902,50.748,1.759,0.004282,9.943,1024.298,1012.836,1025.052,270.909,,1
SFO,2023-02-03,20,2023-02-02,18,26,11.474,0.5380051715382996,0.8429415373547828,95.078,9.573,2.977,8.273,99.612,0.017,11.474,95.078,9.573,10.78,6.861,2.507,-4.803,81.841,7.803,0.006527,2.977,1024.225,1012.739,1024.208,99.612,,1
SFO,2023-02-04,20,2023-02-03,18,26,14.991,0.5524353131676196,0.8335557718385699,100.0,15.336,5.373,10.245,433.19,-1.378,14.991,100.0,15.336,14.297,8.46,4.052,-1.884,70.364,8.924,0.007071,5.373,1019.954,1008.675,1021.332,433.19,,1
SFO,2023-02-05,20,2023-02-04,18,26,11.28,0.5667017562911175,0.8239230057575543,33.647,31.271,4.422,12.147,539.607,0.936,11.28,33.647,31.271,10.586,3.127,-1.561,-11.457,74.227,6.164,0.005838,4.422,1024.409,1012.881,1023.473,539.607,,1
SFO,2023-02-06,20,2023-02-05,18,26,11.559,0.5808002734538008,0.8140460935082179,0.0,7.342,7.567,6.071,566.127,-0.278,11.559,0.0,7.342,10.865,5.4,4.794,-2.708,60.079,3.298,0.004738,7.567,1029.549,1017.993,1029.827,566.127,,1
SFO,2023-02-07,20,2023-02-06,18,26,12.497,0.5947266869607633,0.8039279618328213,100.0,4.886,8.667,2.233,370.681,-0.026,12.497,100.0,4.886,11.803,9.745,9.57,-1.777,55.698,3.136,0.004702,8.667,1028.825,1017.322,1028.851,370.681,,1
SFO,2023-02-08,20,2023-02-07,18,26,14.344,0.6084768701151261,0.7935716089521474,5.614,7.08,10.088,2.541,583.156,-0.391,14.344,5.614,7.08,13.65,11.627,11.109,-0.735,51.163,3.562,0.00484,10.088,1027.71,1016.299,1028.101,583.156,,1
SFO,2023-02-09,20,2023-02-08,18,26,15.686,0.6220467484408675,0.7829801036770629,0.0,5.322,10.482,3.443,593.438,-0.266,15.686,0.0,5.322,14.992,14.272,11.549,1.029,50.506,4.51,0.005207,10.482,1025.366,1014.035,1025.632,593.438,,1
SFO,2023-02-10,20,2023-02-09,18,26,12.964,0.6354323008901774,0.7721565844991642,99.05,15.285,4.188,9.678,387.188,-0.872,12.964,99.05,15.285,12.27,5.588,2.592,-2.417,75.899,8.082,0.006671,4.188,1022.378,1010.964,1023.25,387.188,,1
SFO,2023-02-11,20,2023-02-10,18,26,8.811,0.6486295610349815,0.7611042586607746,86.051,24.984,3.803,9.849,191.752,0.803,8.811,86.051,24.984,8.117,1.679,-1.732,-11.319,77.12,4.314,0.005171,3.803,1014.979,1003.449,1014.176,191.752,,1
SFO,2023-02-12,20,2023-02-11,18,26,14.103,0.6616346182422783,0.7498264012045687,0.0,6.578,10.772,4.427,603.122,-0.827,14.103,0.0,6.578,13.409,9.329,8.982,-0.105,49.284,2.637,0.004603,10.772,1015.649,1004.365,1016.476,603.122,,1
SFO,2023-02-13,20,2023-02-12,18,26,14.226,0.6744436188329455,0.7383263540031065,0.994,13.483,6.019,2.867,597.813,0.204,14.226,0.994,13.483,13.532,8.95,10.665,0.736,67.736,7.513,0.006472,6.019,1012.879,1001.634,1012.675,597.813,,1
SFO,2023-02-14,20,2023-02-13,18,26,9.289,0.687052767223667,0.7266075247685656,76.379,38.918,6.865,11.884,604.456,-0.906,9.289,76.379,38.918,8.595,1.09,-3.289,-15.011,62.326,1.73,0.004299,6.865,1018.11,1006.568,1019.016,604.456,,1
SFO,2023-02-15,20,2023-02-14,18,26,10.531,0.6994583270516471,0.7146733860429609,0.0,11.025,14.966,8.556,636.456,0.401,10.531,0.0,11.025,9.837,2.936,1.281,-5.702,34.712,-5.129,0.002579,14.966,1024.57,1012.989,1024.169,636.456,,1
SFO,2023-02-16,20,2023-02-15,18,26,11.694,0.7116566222817747,0.702527474169157,100.0,4.269,13.45,10.98,493.317,-1.307,11.694,100.0,4.269,11.0,4.019,0.02,-5.65,39.116,-2.45,0.003141,13.45,1024.02,1012.517,1025.327,493.317,,1
SFO,2023-02-17,20,2023-02-16,18,26,11.823,0.7236440382959124,0.6901733882429719,83.455,7.974,11.296,8.835,562.397,-0.515,11.823,83.455,7.974,11.129,5.91,2.294,-5.555,45.778,-0.167,0.00374,11.296,1019.944,1008.478,1020.459,562.397,,1
SFO,2023-02-18,20,2023-02-17,18,26,13.854,0.7354170229639855,0.6776147890466889,92.751,5.955,16.102,7.486,642.357,-0.46,13.854,92.751,5.955,13.16,8.824,5.674,-3.098,33.998,-2.942,0.003088,16.102,1018.819,1007.483,1019.279,642.357,,1
SFO,2023-02-19,20,2023-02-18,18,26,14.408,0.7469720876965552,0.6648553979642865,100.0,4.781,12.372,6.61,602.145,-0.499,14.408,100.0,4.781,13.714,10.059,7.104,0.293,44.29,1.342,0.004201,12.372,1018.685,1007.368,1019.184,602.145,,1
SFO,2023-02-20,20,2023-02-19,18,26,14.874,0.7583058084785625,0.6518989958787126,43.271,5.551,9.963,4.698,623.361,-0.538,14.874,43.271,5.551,14.18,10.263,9.482,2.237,52.564,4.217,0.005118,9.963,1022.215,1010.902,1022.753,623.361,,1
SFO,2023-02-21,20,2023-02-20,18,26,11.796,0.7694148268839378,0.6387494220515272,100.0,43.716,4.636,3.564,459.71,-1.269,11.796,100.0,43.716,11.102,8.38,7.538,-0.817,73.524,6.466,0.006033,4.636,1010.791,999.447,1012.06,459.71,,1
SFO,2023-02-22,20,2023-02-21,18,26,8.775,0.7802958510707755,0.6254105729852463,89.983,38.904,9.233,13.281,629.412,1.095,8.775,89.983,38.904,8.081,0.89,-5.2,-16.476,52.132,-1.152,0.003504,9.233,1010.536,999.038,1009.441,629.412,,1
SFO,2023-02-23,20,2023-02-22,18,26,8.392,0.7909456567567772,0.6118864012687244,47.499,16.729,8.693,13.383,619.954,-0.457,8.392,47.499,16.729,7.698,0.463,-5.685,-16.489,54.139,-0.995,0.003538,8.693,1012.888,1001.351,1013.345,619.954,,1
SFO,2023-02-24,20,2023-02-23,18,26,7.543,0.8013610881746767,0.5981809144059164,70.764,13.354,5.738,11.686,372.687,1.575,7.543,70.764,13.354,6.849,0.711,-4.837,-15.519,66.962,1.111,0.004147,5.738,1007.036,995.544,1005.461,372.687,,1
SFO,2023-02-25,20,2023-02-24,18,26,5.577,0.811539059007361,0.5842981736283684,99.745,4.875,2.12,7.442,125.049,0.67,5.577,99.745,4.875,4.883,-0.166,-2.559,-10.747,86.243,2.763,0.004643,2.12,1012.856,1001.222,1012.186,125.049,,1
SFO,2023-02-26,20,2023-02-25,18,26,8.33,0.8214765533024142,0.5702422926917871,100.0,27.639,2.187,7.582,68.792,-0.936,8.33,100.0,27.639,7.636,2.392,0.054,-8.391,86.282,5.449,0.0056,2.187,1016.121,1004.568,1017.057,68.792,,1
SFO,2023-02-27,20,2023-02-26,18,26,7.325,0.831170626365808,0.5560174366570445,100.0,21.47,2.516,10.144,54.342,1.093,7.325,100.0,21.47,6.631,0.841,-3.513,-12.54,84.347,4.115,0.005105,2.516,1013.573,1002.001,1012.48,54.342,,1
SFO,2023-02-28,20,2023-02-27,18,26,10.346,0.8406184056344782,0.5416278206559814,100.0,26.02,3.702,10.904,290.637,-0.521,10.346,100.0,26.02,9.652,3.476,-1.252,-11.045,77.856,5.95,0.005808,3.702,1012.868,1001.44,1013.389,290.637,,1
SFO,2023-03-01,20,2023-02-28,18,26,9.493,0.8498170915275278,0.5270777086423722,67.817,27.309,11.362,12.651,673.042,1.519,9.493,67.817,27.309,8.799,1.623,-3.852,-14.511,45.112,-2.563,0.003159,11.362,1013.899,1002.398,1012.38,673.042,,1
SFO,2023-03-02,20,2023-03-01,18,26,10.733,0.8587639582758029,0.5123714121284237,33.665,10.779,9.624,5.481,614.618,0.322,10.733,33.665,10.779,10.039,4.18,4.558,-0.348,52.3,0.415,0.003915,9.624,1021.253,1009.766,1020.931,614.618,,1
SFO,2023-03-03,20,2023-03-02,18,26,10.862,0.8674563547295968,0.49751328890718066,99.184,8.582,5.533,6.317,634.793,-1.138,10.862,99.184,8.582,10.168,4.464,3.851,-3.151,69.209,4.635,0.005277,5.533,1018.514,1007.057,1019.652,634.793,,1
SFO,2023-03-04,20,2023-03-03,18,26,7.0,0.8758917051442429,0.48250774176121847,100.0,23.302,1.829,8.758,233.052,0.318,7.0,100.0,23.302,6.306,0.927,-2.452,-10.799,88.423,4.477,0.005251,1.829,1012.449,1000.884,1012.131,233.052,,1
SFO,2023-03-05,20,2023-03-04,18,26,9.526,0.8840675099433636,0.46735921715800227,93.275,17.034,8.39,13.331,673.918,1.029,9.526,93.275,17.034,8.832,1.385,-4.499,-15.655,55.797,0.442,0.003918,8.39,1017.033,1005.494,1016.004,673.918,,1
SFO,2023-03-06,20,2023-03-05,18,26,10.414,0.8919813464595485,0.45207220393230435,3.514,17.344,7.067,13.223,700.388,-0.26,10.414,3.514,17.344,9.72,2.119,-3.503,-13.933,61.373,2.653,0.004561,7.067,1021.591,1010.051,1021.851,700.388,,1
SFO,2023-03-07,20,2023-03-06,18,26,10.113,0.8996308696522433,0.43665123195606403,96.131,9.083,8.784,13.274,612.171,-0.682,10.113,96.131,9.083,9.419,1.897,-3.855,-10.664,54.682,0.635,0.003953,8.784,1023.156,1011.59,1023.838,612.171,,1
SFO,2023-03-08,20,2023-03-07,18,26,10.243,0.9070138128026359,0.4211008707960896,68.661,11.077,8.683,13.083,714.97,0.734,10.243,68.661,11.077,9.549,1.815,-3.534,-7.992,54.667,0.866,0.004011,8.683,1022.852,1011.297,1022.118,714.97,,1
SFO,2023-03-09,20,2023-03-08,18,26,9.71,0.9141279881853337,0.40542572835999735,100.0,17.408,4.091,5.405,75.502,-2.109,9.71,100.0,17.408,9.016,3.79,3.611,-1.7,75.698,4.925,0.005401,4.091,1014.637,1003.166,1016.746,75.502,,1
SFO,2023-03-10,20,2023-03-09,18,26,11.776,0.9209712877166346,0.38963044953078796,99.197,6.017,4.594,4.956,342.676,0.475,11.776,99.197,6.017,11.082,6.602,6.126,-0.845,73.561,6.488,0.006071,4.594,1011.095,999.76,1010.62,342.676,,1
SFO,2023-03-11,20,2023-03-10,18,26,14.484,0.9275416835791966,0.37371971479046906,83.208,14.471,3.069,9.111,412.576,0.198,14.484,83.208,14.471,13.79,8.907,4.679,-4.482,82.489,10.721,0.008024,3.069,1015.513,1004.26,1015.315,412.576,,1
SFO,2023-03-12,20,2023-03-11,18,26,14.981,0.9338372288229251,0.3576982388331257,100.0,26.554,4.03,9.293,558.312,-0.245,14.981,100.0,26.554,14.287,8.54,4.994,-5.45,77.211,10.257,0.00775,4.03,1017.791,1006.527,1018.036,558.312,,1
SFO,2023-03-13,20,2023-03-12,18,26,15.525,0.9398560579418954,0.3415707691678556,100.0,19.843,4.012,9.51,559.671,-1.175,15.525,100.0,19.843,14.831,9.055,5.321,-4.387,77.777,10.819,0.008045,4.012,1017.611,1006.366,1018.786,559.671,,1
SFO,2023-03-14,20,2023-03-13,18,26,14.159,0.9455963874271425,0.32534208471198034,100.0,42.029,0.975,5.603,71.291,0.129,14.159,100.0,42.029,13.465,10.804,7.862,-1.339,93.975,12.49,0.009133,0.975,1002.339,991.224,1002.21,71.291,,1
SFO,2023-03-15,20,2023-03-14,18,26,11.062,0.9510565162951535,0.30901699437494745,7.241,11.474,6.435,9.031,766.432,0.105,11.062,7.241,11.474,10.368,4.028,1.337,-4.544,64.853,3.933,0.005022,6.435,1017.287,1005.847,1017.182,766.432,,1
SFO,2023-03-16,20,2023-03-15,18,26,13.236,0.9562348265919056,0.2926003356333486,0.0,7.902,8.12,9.284,772.166,-0.661,13.236,0.0,7.902,12.542,7.074,3.258,-5.214,59.532,4.422,0.0052,8.12,1017.685,1006.351,1018.346,772.166,,1
SFO,2023-03-17,20,2023-03-16,18,26,14.606,0.9611297838723007,0.27609697309746906,99.878,6.108,7.094,9.018,729.325,-0.868,14.606,99.878,6.108,13.912,8.328,4.894,-3.934,63.543,6.818,0.006138,7.094,1018.016,1006.72,1018.884,729.325,,1
SFO,2023-03-18,20,2023-03-17,18,26,16.228,0.9657399376548549,0.2595117970697999,100.0,0.2,9.192,9.151,460.336,-0.882,16.228,100.0,0.2,15.534,11.384,6.383,-1.78,55.464,6.342,0.005954,9.192,1015.161,1003.97,1016.043,460.336,,1
SFO,2023-03-19,20,2023-03-18,18,26,11.545,0.970063921851507,0.24284972209593583,100.0,21.528,1.895,5.559,78.513,0.604,11.545,100.0,21.528,10.851,6.218,5.292,-3.971,87.921,8.956,0.007139,1.895,1010.984,999.645,1010.38,78.513,,1
SFO,2023-03-20,20,2023-03-19,18,26,12.033,0.9741004551724205,0.22611568550828828,82.563,14.626,8.456,9.821,795.796,-0.731,12.033,82.563,14.626,11.339,4.037,1.518,-7.202,56.355,2.883,0.004667,8.456,1014.403,1003.023,1015.134,795.796,,1
SFO,2023-03-21,20,2023-03-20,18,26,9.523,0.9778483415056568,0.2093146459630487,100.0,20.692,2.71,8.332,107.537,-0.552,9.523,100.0,20.692,8.829,4.28,0.497,-8.618,83.259,6.119,0.005996,2.71,993.087,981.85,993.639,107.537,,1
SFO,2023-03-22,20,2023-03-21,18,26,10.265,0.9813064702716093,0.19245158197082998,87.583,7.905,3.17,9.808,147.756,3.289,10.265,87.583,7.905,9.571,3.971,-0.237,-8.233,80.824,6.401,0.006001,3.17,1013.175,1001.741,1009.886,147.756,,1
SFO,2023-03-23,20,2023-03-22,18,26,11.804,0.9844738167520922,0.1755314904214282,5.489,23.798,6.737,12.692,738.228,0.904,11.804,5.489,23.798,11.11,2.838,-1.582,-8.872,63.263,4.373,0.00513,6.737,1025.867,1014.338,1024.963,738.228,,1
SFO,2023-03-24,20,2023-03-23,18,26,10.96,0.9873494423939864,0.15855938510313455,16.464,27.181,10.641,13.725,823.22,-0.561,10.96,16.464,27.181,10.266,1.571,-3.459,-8.155,47.987,-0.375,0.003652,10.641,1030.063,1018.445,1030.624,823.22,,1
SFO,2023-03-25,20,2023-03-24,18,26,10.459,0.989932495087353,0.14154029521704323,3.46,17.471,9.276,12.109,824.429,-0.757,10.459,3.46,17.471,9.765,2.287,-2.344,-10.69,52.851,0.489,0.0039,9.276,1025.489,1013.918,1026.246,824.429,,1
SFO,2023-03-26,20,2023-03-25,18,26,10.497,0.9922222094179323,0.12447926388678937,3.121,13.767,11.183,12.934,833.672,-0.445,10.497,3.121,13.767,9.803,2.634,-3.131,-9.587,46.576,-1.38,0.003414,11.183,1025.044,1013.471,1025.489,833.672,,1
SFO,2023-03-27,20,2023-03-26,18,26,12.674,0.994217906893952,0.10738134666416309,12.148,5.845,12.187,10.966,817.874,-1.307,12.674,12.148,5.845,11.98,5.728,1.014,-5.551,44.879,-0.207,0.003727,12.187,1022.573,1011.145,1023.88,817.874,,1
SFO,2023-03-28,20,2023-03-27,18,26,9.911,0.995918996147179,0.09025161003104117,100.0,15.833,1.363,7.503,36.011,0.816,9.911,100.0,15.833,9.217,4.853,1.714,-4.484,91.26,7.854,0.006616,1.363,1013.2,1001.774,1012.384,36.011,,1
SFO,2023-03-29,20,2023-03-28,18,26,9.404,0.9973249731081555,0.07309512989807755,99.907,15.981,3.28,10.611,359.27,-0.562,9.404,99.907,15.981,8.71,2.987,-1.901,-11.904,79.81,5.43,0.005607,3.28,1009.658,998.228,1010.22,359.27,,1
SFO,2023-03-30,20,2023-03-29,18,26,11.232,0.9984354211555643,0.05591699010060326,26.395,10.358,6.731,11.71,796.653,1.198,11.232,26.395,10.358,10.538,3.977,-1.172,-8.43,63.887,3.807,0.004979,6.731,1016.771,1005.345,1015.573,796.653,,1
SFO,2023-03-31,20,2023-03-30,18,26,11.468,0.9992500112396835,0.03872228089217446,65.674,12.136,6.221,11.664,663.068,0.298,11.468,65.674,12.136,10.774,3.912,-0.89,-3.19,65.939,4.553,0.00521,6.221,1023.944,1012.445,1023.646,663.068,,1
SFO,2023-04-01,20,2023-03-31,18,26,13.506,0.9997685019798909,0.021516097436222254,100.0,6.863,8.348,9.603,766.424,-0.37,13.506,100.0,6.863,12.812,6.499,3.209,-1.438,57.289,4.464,0.005166,8.348,1023.925,1012.515,1024.295,766.424,,1
SFO,2023-04-02,20,2023-04-01,18,26,12.422,0.9999907397361901,0.004303538296244289,45.955,24.479,7.863,11.09,822.903,-0.799,12.422,45.955,24.479,11.728,3.847,0.638,-1.427,58.965,3.865,0.004976,7.863,1021.414,1009.965,1022.213,822.903,,1
SFO,2023-04-03,20,2023-04-02,18,26,11.165,0.9999166586547379,-0.012910296075009042,4.799,37.456,12.039,14.298,871.979,-0.19,11.165,4.799,37.456,10.471,2.226,-3.827,-15.327,43.763,-1.568,0.003391,12.039,1020.582,1009.077,1020.772,871.979,,1
SFO,2023-04-04,20,2023-04-03,18,26,10.512,0.9995462806873573,-0.030120304846908114,5.0,19.191,11.02,11.335,867.937,0.144,10.512,5.0,19.191,9.818,2.112,-1.517,-7.082,46.816,-1.202,0.003466,11.02,1023.773,1012.218,1023.629,867.937,,1
SFO,2023-04-05,20,2023-04-04,18,26,11.381,0.9988797155850336,-0.04732138832243185,100.0,9.956,7.252,9.848,722.392,-0.116,11.381,100.0,9.956,10.687,3.947,0.839,-4.692,61.848,3.435,0.004813,7.252,1023.563,1012.076,1023.679,722.392,,1
SFO,2023-04-06,20,2023-04-05,18,26,13.642,0.9979171608653922,-0.06450844944931623,99.949,7.041,8.918,8.426,795.192,-0.905,13.642,99.949,7.041,12.948,7.725,4.522,-3.436,56.95,4.03,0.005059,8.918,1020.414,1009.072,1021.319,795.192,,1
SFO,2023-04-07,20,2023-04-06,18,26,11.747,0.9966589017541702,-0.08167639533042241,100.0,13.406,1.548,7.348,93.025,0.35,11.747,100.0,13.406,11.053,7.066,3.705,-3.335,90.422,9.505,0.007387,1.548,1017.202,1005.802,1016.852,93.025,,1
SFO,2023-04-08,20,2023-04-07,18,26,14.115,0.9951053111006976,-0.09882013873287143,100.0,9.94,9.936,6.069,623.422,0.354,14.115,100.0,9.94,13.421,8.516,7.352,-1.072,52.788,3.485,0.00487,9.936,1020.63,1009.311,1020.276,623.422,,1
SFO,2023-04-09,20,2023-04-08,18,26,16.851,0.9932568492674143,-0.11593459959550041,100.0,11.98,12.632,5.333,820.179,0.105,16.851,100.0,11.98,16.157,12.832,10.824,4.411,46.202,3.525,0.004923,12.632,1022.301,1011.042,1022.196,820.179,,1
SFO,2023-04-10,20,2023-04-09,18,26,17.89,0.9911140639934547,-0.1330147065341959,2.444,12.481,7.579,5.541,858.623,-0.478,17.89,2.444,12.481,17.196,13.584,11.655,2.53,63.279,9.617,0.007417,7.579,1017.848,1006.679,1018.326,858.623,,1
SFO,2023-04-11,20,2023-04-10,18,26,14.342,0.9886775902323405,-0.1500553983446526,100.0,22.654,8.975,6.02,811.243,-0.251,14.342,100.0,22.654,13.648,8.726,7.628,2.42,56.114,4.673,0.005294,8.975,1020.399,1009.055,1020.65,811.243,,1
SFO,2023-04-12,20,2023-04-11,18,26,11.649,0.9859481499638304,-0.16705162550211902,5.981,33.264,6.98,9.679,885.699,-0.902,11.649,5.981,33.264,10.955,3.048,1.276,-0.456,62.268,3.975,0.005037,6.98,1015.227,1003.808,1016.129,885.699,,1
SFO,2023-04-13,20,2023-04-12,18,26,13.218,0.9829265519799822,-0.18399835165768005,0.0,18.084,13.215,9.085,905.979,-0.568,13.218,0.0,18.084,12.524,6.775,3.439,-1.14,42.603,-0.691,0.003689,13.215,1011.985,1000.69,1012.553,905.979,,1
SFO,2023-04-14,20,2023-04-13,18,26,13.322,0.9796136916454901,-0.20089055513063525,99.594,11.792,8.968,5.821,855.893,0.472,13.322,99.594,11.792,12.628,6.977,6.807,-0.905,55.537,3.66,0.004931,8.968,1015.613,1004.277,1015.141,855.893,,1
SFO,2023-04-15,20,2023-04-14,18,26,14.173,0.9760105506323683,-0.21772323039653177,15.208,10.475,7.718,4.905,896.733,-0.191,14.173,15.208,10.475,13.479,9.965,8.574,0.98,62.871,5.761,0.005701,7.718,1020.812,1009.506,1021.003,896.733,,1
SFO,2023-04-16,20,2023-04-15,18,26,13.498,0.9721181966290613,-0.23449138957040963,6.097,16.888,7.065,6.098,904.882,-0.235,13.498,6.097,16.888,12.804,6.511,6.706,-0.618,63.522,5.739,0.005686,7.065,1022.21,1010.824,1022.445,904.882,,1
SFO,2023-04-17,20,2023-04-16,18,26,11.829,0.9679377830240643,-0.2511900638848191,100.0,18.093,7.072,6.345,639.283,-0.782,11.829,100.0,18.093,11.135,3.755,4.79,-3.032,62.224,4.063,0.005064,7.072,1018.158,1006.727,1018.94,639.283,,1
SFO,2023-04-18,20,2023-04-17,18,26,11.88,0.9634705485641488,-0.2678143051621742,99.887,17.263,10.835,12.932,817.435,0.057,11.88,99.887,17.263,11.186,3.57,-1.746,-11.812,48.239,0.351,0.003892,10.835,1020.221,1008.767,1020.164,817.435,,1
SFO,2023-04-19,20,2023-04-18,18,26,12.549,0.9587178169872964,-0.2843591872810036,5.0,20.142,9.774,11.237,920.754,0.345,12.549,5.0,20.142,11.855,4.478,0.618,-5.915,52.203,2.081,0.004389,9.774,1024.328,1012.87,1023.983,920.754,,1
SFO,2023-04-20,20,2023-04-19,18,26,14.271,0.9536809966304456,-0.30081980763566757,100.0,14.235,10.176,6.543,772.503,-0.074,14.271,100.0,14.235,13.577,8.579,7.034,1.452,52.217,3.401,0.004809,10.176,1026.846,1015.463,1026.92,772.503,,1
SFO,2023-04-21,20,2023-04-20,18,26,17.179,0.9483615800121716,-0.3171912885891059,6.834,11.786,9.165,4.585,901.332,-1.572,17.179,6.834,11.786,16.485,14.274,11.9,3.912,57.918,7.32,0.006305,9.165,1023.794,1012.544,1025.366,901.332,,1
SFO,2023-04-22,20,2023-04-21,18,26,17.939,0.9427611433904207,-0.3334687789181868,42.142,14.835,8.171,5.311,866.202,-1.503,17.939,42.142,14.835,17.245,15.031,11.934,2.913,62.112,9.074,0.007184,8.171,1014.998,1003.866,1016.501,866.202,,1
SFO,2023-04-23,20,2023-04-22,18,26,14.98,0.9368813462954315,-0.3496474552512284,51.856,14.553,3.968,2.277,559.372,-0.19,14.98,51.856,14.553,14.286,10.48,12.009,2.711,77.639,10.318,0.0078,3.968,1013.384,1002.155,1013.574,559.372,,1
SFO,2023-04-24,20,2023-04-23,18,26,15.35,0.9307239310379793,-0.3657225234972692,83.683,18.126,8.571,1.58,931.729,-0.258,15.35,83.683,18.126,14.656,12.878,13.076,4.308,58.181,6.085,0.005862,8.571,1015.464,1004.216,1015.722,931.729,,1
SFO,2023-04-25,20,2023-04-24,18,26,17.546,0.9242907221930933,-0.38168922026665897,97.162,13.243,10.571,1.167,876.4,-0.427,17.546,97.162,13.243,16.852,16.037,15.685,6.551,54.551,6.281,0.005937,10.571,1013.398,1002.268,1013.825,876.4,,1
SFO,2023-04-26,20,2023-04-25,18,26,19.172,0.9175836260593938,-0.3975428142825558,39.903,9.999,11.917,2.672,921.159,-0.046,19.172,39.903,9.999,18.478,18.885,15.806,6.138,52.259,6.561,0.006067,11.917,1014.994,1003.886,1015.04,921.159,,1
SFO,2023-04-27,20,2023-04-26,18,26,21.341,0.9106046300942163,-0.4132786077829042,6.876,7.664,13.672,3.004,929.314,-0.801,21.341,6.876,7.664,20.647,21.125,17.643,6.422,47.964,6.975,0.006268,13.672,1012.991,1001.96,1013.792,929.314,,1
SFO,2023-04-28,20,2023-04-27,18,26,20.904,0.9033558023246845,-0.4288919379124835,67.353,8.472,11.751,3.341,916.789,-0.175,20.904,67.353,8.472,20.21,20.994,16.869,6.72,51.775,8.459,0.006881,11.751,1013.787,1002.736,1013.962,916.789,,1
SFO,2023-04-29,20,2023-04-28,18,26,18.194,0.895839290734909,-0.4443781781046132,70.384,13.62,9.285,0.598,910.484,-0.619,18.194,70.384,13.62,17.5,19.456,16.902,6.773,58.833,8.215,0.006767,9.285,1016.573,1005.434,1017.192,910.484,,1
SFO,2023-04-30,20,2023-04-29,18,26,14.191,0.8880573226294932,-0.45973273945210397,2.13,28.144,5.624,5.306,841.033,0.051,14.191,2.13,28.144,13.497,7.327,8.191,2.98,69.282,7.873,0.006611,5.624,1015.056,1003.756,1015.005,841.033,,1
SFO,2023-05-01,20,2023-04-30,18,26,12.968,0.8800122039735357,-0.47495107206704995,42.858,29.285,5.37,11.992,775.317,-0.536,12.968,42.858,29.285,12.274,5.406,0.282,-6.054,70.126,6.904,0.006222,5.37,1010.038,998.742,1010.574,775.317,,1
SFO,2023-05-02,20,2023-05-01,18,26,12.745,0.8717063187093218,-0.49002866642905923,100.0,17.8,5.754,12.007,489.946,0.52,12.745,100.0,17.8,12.051,5.652,0.044,-9.641,68.219,6.297,0.005971,5.754,1009.997,998.698,1009.477,489.946,,1
SFO,2023-05-03,20,2023-05-02,18,26,11.727,0.8631421280499114,-0.5049610547215204,100.0,9.699,3.21,9.916,178.468,-0.601,11.727,100.0,9.699,11.033,5.907,1.117,-7.92,80.735,7.823,0.006628,3.21,1009.223,997.899,1009.824,178.468,,1
SFO,2023-05-04,20,2023-05-03,18,26,14.111,0.854322169749827,-0.5197438121555155,81.931,12.965,5.605,11.032,691.779,0.732,14.111,81.931,12.965,13.417,7.022,2.385,-6.665,69.712,7.812,0.006618,5.605,1012.444,1001.185,1011.712,691.779,,1
SFO,2023-05-05,20,2023-05-04,18,26,14.588,0.8452490573530633,-0.5343725582809787,83.965,15.087,6.975,12.226,808.961,0.542,14.588,83.965,15.087,13.894,7.04,1.668,-6.719,63.866,6.919,0.006184,6.975,1017.931,1006.621,1017.389,808.961,,1
SFO,2023-05-06,20,2023-05-05,18,26,14.278,0.835925479418637,-0.548842958284719,91.749,15.151,6.697,11.884,910.164,0.462,14.278,91.749,15.151,13.584,6.767,1.7,-7.715,64.599,6.887,0.006173,6.697,1018.858,1007.539,1018.396,910.164,,1
SFO,2023-05-07,20,2023-05-06,18,26,14.993,0.8263541987239096,-0.5631507242749186,9.741,12.256,7.848,10.862,927.179,-0.345,14.993,9.741,12.256,14.299,8.09,3.437,-2.056,61.089,6.451,0.005991,7.848,1019.595,1008.301,1019.94,927.179,,1
SFO,2023-05-08,20,2023-05-07,18,26,15.17,0.8165380514459161,-0.5772916165517272,6.568,14.728,7.318,12.354,820.77,-0.128,15.17,6.568,14.728,14.476,7.253,2.122,-2.858,62.764,7.158,0.00627,7.318,1019.634,1008.334,1019.762,820.77,,1
SFO,2023-05-09,20,2023-05-08,18,26,15.316,0.8064799463209448,-0.5912614448635781,78.341,14.852,7.143,11.825,863.782,-0.548,15.316,78.341,14.852,14.622,8.034,2.797,-3.356,63.513,7.479,0.006448,7.143,1016.078,1004.829,1016.626,863.782,,1
SFO,2023-05-10,20,2023-05-09,18,26,15.132,0.7961828637826158,-0.6050560696488488,0.0,16.968,7.743,7.896,952.684,0.189,15.132,0.0,16.968,14.438,7.435,6.542,-1.392,60.806,6.695,0.006095,7.743,1018.888,1007.584,1018.699,952.684,,1
SFO,2023-05-11,20,2023-05-10,18,26,16.037,0.7856498550787145,-0.6186714032625031,13.196,14.666,6.795,5.86,896.542,-0.788,16.037,13.196,14.666,15.343,9.584,9.483,3.081,65.38,8.548,0.006908,6.795,1018.637,1007.374,1019.425,896.542,,1
SFO,2023-05-12,20,2023-05-11,18,26,18.025,0.7748840413670407,-0.6321034111873487,34.686,11.982,7.586,2.87,924.465,-0.583,18.025,34.686,11.982,17.331,16.577,14.461,5.466,64.779,9.745,0.007484,7.586,1017.153,1005.996,1017.736,924.465,,1
SFO,2023-05-13,20,2023-05-12,18,26,21.756,0.7638886127905428,-0.6453481132295501,19.146,10.569,11.362,2.283,940.89,-1.097,21.756,19.146,10.569,21.062,21.192,18.779,6.655,54.23,9.7,0.007527,11.362,1012.454,1001.435,1013.551,940.89,,1
SFO,2023-05-14,20,2023-05-13,18,26,20.787,0.7526668275320084,-0.6584015846980488,8.096,11.142,9.102,3.572,931.077,0.849,20.787,8.096,11.142,20.093,19.031,16.521,4.693,59.699,10.991,0.008198,9.102,1011.186,1000.152,1010.337,931.077,,1
SFO,2023-05-15,20,2023-05-14,18,26,18.584,0.741222010848596,-0.6712599575675313,16.589,10.884,6.512,2.277,914.328,0.417,18.584,16.589,10.884,17.89,16.477,15.613,4.331,67.735,11.378,0.008356,6.512,1018.972,1007.801,1018.555,914.328,,1
SFO,2023-05-16,20,2023-05-15,18,26,20.136,0.7295575540864878,-0.6839194216246103,22.829,13.227,10.237,1.532,902.761,-0.708,20.136,22.829,13.227,19.442,20.589,17.91,5.882,57.192,9.205,0.007245,10.237,1016.877,1005.786,1017.585,902.761,,1
SFO,2023-05-17,20,2023-05-16,18,26,20.13,0.717676913675962,-0.6963762255968722,21.434,10.734,9.442,0.932,901.652,-0.496,20.13,21.434,10.734,19.436,20.952,18.504,7.25,58.961,9.994,0.00765,9.442,1013.745,1002.667,1014.241,901.652,,1
SFO,2023-05-18,20,2023-05-17,18,26,18.508,0.705583610107178,-0.7086266782644596,19.843,14.642,7.422,-0.001,918.464,0.274,18.508,19.843,14.642,17.814,17.895,17.815,7.904,64.344,10.392,0.007846,7.422,1014.28,1003.152,1014.006,918.464,,1
SFO,2023-05-19,20,2023-05-18,18,26,18.143,0.6932812268869777,-0.7206671495538609,23.786,14.383,6.44,0.171,893.643,0.395,18.143,23.786,14.383,17.449,17.536,17.278,8.509,68.037,11.009,0.008145,6.44,1017.418,1006.243,1017.023,893.643,,1
SFO,2023-05-20,20,2023-05-19,18,26,15.936,0.6807734094770165,-0.7324940716135786,34.835,15.263,4.889,-1.688,761.38,0.332,15.936,34.835,15.263,15.242,13.469,16.93,8.122,73.643,10.353,0.007799,4.889,1020.358,1009.079,1020.026,761.38,,1
SFO,2023-05-21,20,2023-05-20,18,26,18.532,0.6680638642135338,-0.7441039398713604,47.635,11.195,7.551,-0.367,903.662,-1.028,18.532,47.635,11.195,17.838,17.588,18.205,8.134,64.203,10.287,0.007778,7.551,1015.917,1004.776,1016.945,903.662,,1
SFO,2023-05-22,20,2023-05-21,18,26,18.668,0.6551563572090853,-0.7554933140726803,46.354,10.718,8.54,-0.075,926.904,-0.283,18.668,46.354,10.718,17.974,18.288,18.049,8.603,61.034,9.434,0.007372,8.54,1012.177,1001.089,1012.46,926.904,,1
SFO,2023-05-23,20,2023-05-22,18,26,15.976,0.6420547132365637,-0.766658819300159,15.403,15.408,6.54,0.163,843.163,-0.17,15.976,15.403,15.408,15.282,9.205,15.119,5.499,65.866,8.742,0.007035,6.54,1011.429,1000.249,1011.599,843.163,,1
SFO,2023-05-24,20,2023-05-23,18,26,17.0,0.6287628145958347,-0.7775971469736267,4.612,9.76,8.479,2.984,965.266,-0.447,17.0,4.612,9.76,16.306,11.176,13.322,3.994,59.727,7.827,0.006615,8.479,1011.743,1000.595,1012.19,965.266,,1
SFO,2023-05-25,20,2023-05-24,18,26,17.075,0.615284599963328,-0.7883050558305252,2.209,14.233,7.849,3.811,961.661,-0.309,17.075,2.209,14.233,16.381,10.841,12.57,2.965,61.144,8.532,0.00694,7.849,1011.448,1000.302,1011.757,961.661,,1
SFO,2023-05-26,20,2023-05-25,18,26,17.358,0.6016240632249229,-0.7987793728863647,1.863,13.263,7.332,3.877,921.935,0.121,17.358,1.863,13.263,16.664,10.456,12.787,3.029,63.428,9.332,0.007323,7.332,1014.298,1003.14,1014.177,921.935,,1
SFO,2023-05-27,20,2023-05-26,18,26,17.236,0.5877852522924732,-0.8090169943749473,20.254,14.603,6.531,1.957,885.093,-0.178,17.236,20.254,14.603,16.542,12.193,14.585,4.593,66.835,10.011,0.007641,6.531,1014.261,1003.094,1014.439,885.093,,1
SFO,2023-05-28,20,2023-05-27,18,26,15.276,0.5737722679043249,-0.8190148866680798,99.473,11.048,5.374,2.073,542.569,0.079,15.276,99.473,11.048,14.582,10.941,12.509,0.46,70.975,9.208,0.007269,5.374,1013.472,1002.25,1013.393,542.569,,1
SFO,2023-05-29,20,2023-05-28,18,26,17.598,0.5595892624101769,-0.8287700871745035,43.393,14.336,7.989,6.15,953.586,0.094,17.598,43.393,14.336,16.904,10.986,10.754,0.711,60.912,8.915,0.007114,7.989,1013.74,1002.578,1013.646,953.586,,1
SFO,2023-05-30,20,2023-05-29,18,26,17.4,0.5452404385406513,-0.8382797052177741,5.651,15.596,6.682,5.37,940.543,-0.512,17.4,5.651,15.596,16.706,10.395,11.336,2.423,66.035,10.024,0.007665,6.682,1014.501,1003.337,1015.013,940.543,,1
SFO,2023-05-31,20,2023-05-30,18,26,16.807,0.5307300481619337,-0.8475409228928309,15.742,13.665,7.963,2.299,899.26,-0.9,16.807,15.742,13.665,16.113,12.132,13.814,4.418,61.137,8.15,0.006779,7.963,1012.177,1001.019,1013.077,899.26,,1
SFO,2023-06-01,20,2023-05-31,18,26,17.587,0.5160623910158528,-0.8565509959010036,8.904,12.99,8.627,3.307,956.708,-0.102,17.587,8.904,12.99,16.893,12.763,13.586,4.974,59.648,8.266,0.006835,8.627,1011.729,1000.604,1011.831,956.708,,1
SFO,2023-06-02,20,2023-06-01,18,26,17.436,0.5012418134457758,-0.865307254363206,12.169,12.492,8.837,2.11,957.784,0.024,17.436,12.169,12.492,16.742,14.171,14.632,6.103,60.226,7.905,0.006641,8.837,1015.126,1003.969,1015.102,957.784,,1
SFO,2023-06-03,20,2023-06-02,18,26,19.362,0.4862727071086904,-0.8738071036110806,34.034,10.773,10.153,2.107,946.449,-0.505,19.362,34.034,10.773,18.668,18.562,16.561,7.018,55.917,8.515,0.006929,10.153,1012.994,1001.91,1013.499,946.449,,1
SFO,2023-06-04,20,2023-06-03,18,26,19.574,0.47115950767386416,-0.8820480249558534,14.682,11.802,9.559,0.143,913.728,-0.613,19.574,14.682,11.802,18.88,20.698,18.737,7.621,57.993,9.321,0.007351,9.559,1010.32,999.267,1010.933,913.728,,1
SFO,2023-06-05,20,2023-06-04,18,26,18.266,0.4559066935084588,-0.8900275764346767,99.236,12.62,7.018,-0.156,837.343,-0.054,18.266,99.236,12.62,17.572,13.735,17.728,6.589,65.827,10.554,0.007988,7.018,1009.435,998.342,1009.489,837.343,,1
SFO,2023-06-06,20,2023-06-05,18,26,18.777,0.440518784350495,-0.8977433935342337,26.22,14.614,6.418,6.394,844.551,0.245,18.777,26.22,14.614,18.083,11.96,11.689,4.77,67.755,11.665,0.00857,6.418,1010.431,999.334,1010.186,844.551,,1
SFO,2023-06-07,20,2023-06-06,18,26,18.571,0.42500033996955416,-0.9051931898913974,20.524,13.767,6.572,8.122,921.89,0.112,18.571,20.524,13.767,17.877,11.995,9.755,5.415,67.091,11.305,0.008348,6.572,1013.979,1002.847,1013.867,921.89,,1
SFO,2023-06-08,20,2023-06-07,18,26,19.202,0.40935595881562176,-0.9123747579707272,10.641,12.984,7.014,7.158,932.901,-0.296,19.202,10.641,12.984,18.508,13.124,11.35,4.512,65.546,11.494,0.00843,7.014,1015.938,1004.802,1016.234,932.901,,1
SFO,2023-06-09,20,2023-06-08,18,26,18.116,0.3935902766564671,-0.9192859697186103,100.0,14.709,6.898,4.997,827.605,-0.3,18.116,100.0,14.709,17.422,11.279,12.425,2.82,64.933,10.524,0.007889,6.898,1016.457,1005.293,1016.757,827.605,,1
SFO,2023-06-10,20,2023-06-09,18,26,17.403,0.3777079652039649,-0.9259247771938498,100.0,10.071,5.967,2.422,598.827,-0.396,17.403,100.0,10.071,16.709,15.535,14.287,1.992,69.178,10.742,0.008029,5.967,1012.759,1001.612,1013.155,598.827,,1
SFO,2023-06-11,20,2023-06-10,18,26,18.216,0.36171373072976765,-0.9322892131745133,54.198,12.887,6.835,3.013,857.797,0.452,18.216,54.198,12.887,17.522,12.96,14.509,3.089,65.872,10.687,0.008019,6.835,1010.558,999.45,1010.106,857.797,,1
SFO,2023-06-12,20,2023-06-11,18,26,18.94,0.3456123126707335,-0.9383773917408641,17.317,13.001,7.085,4.317,923.098,-0.051,18.94,17.317,13.001,18.246,12.161,13.929,3.935,65.064,11.161,0.008241,7.085,1015.379,1004.236,1015.43,923.098,,1
SFO,2023-06-13,20,2023-06-12,18,26,19.27,0.3294084822245304,-0.9441875088341993,11.913,13.076,6.73,3.639,908.757,-0.77,19.27,11.913,13.076,18.576,14.659,14.937,5.608,66.858,11.846,0.008622,6.73,1015.949,1004.816,1016.719,908.757,,1
SFO,2023-06-14,20,2023-06-13,18,26,19.843,0.3131070409358265,-0.9497178427914318,9.757,9.392,7.824,1.385,915.205,-1.055,19.843,9.757,9.392,19.149,18.149,17.764,7.291,63.218,11.325,0.008364,7.824,1012.165,1001.094,1013.22,915.205,,1
SFO,2023-06-15,20,2023-06-14,18,26,18.898,0.2967128192734903,-0.9549667548552552,100.0,11.652,7.55,0.664,907.122,0.493,18.898,100.0,11.652,18.204,14.758,17.54,7.554,63.332,10.654,0.008,7.55,1012.403,1001.301,1011.91,907.122,,1
SFO,2023-06-16,20,2023-06-15,18,26,20.512,0.2802306751992163,-0.9599326896597445,12.117,10.7,8.642,1.556,933.157,0.087,20.512,12.117,10.7,19.818,18.547,18.262,7.71,60.6,11.176,0.008278,8.642,1014.289,1003.202,1014.202,933.157,,1
SFO,2023-06-17,20,2023-06-16,18,26,20.617,0.2636654927280075,-0.9646141756912434,94.061,8.689,7.793,-0.427,921.8,-0.759,20.617,94.061,8.689,19.923,19.102,20.35,7.573,63.571,12.13,0.008804,7.793,1014.035,1002.95,1014.794,921.8,,1
SFO,2023-06-18,20,2023-06-17,18,26,17.741,0.24702218048093594,-0.9690098257244061,11.024,24.941,8.683,3.605,942.85,-0.077,17.741,11.024,24.941,17.047,12.891,13.442,6.971,57.851,8.364,0.006853,8.683,1013.129,1001.976,1013.206,942.85,,1
SFO,2023-06-19,20,2023-06-18,18,26,16.602,0.23030567023061221,-0.9731183372332619,0.0,30.352,8.742,9.605,980.396,0.943,16.602,0.0,30.352,15.908,8.907,6.303,1.138,57.299,7.166,0.006316,8.742,1017.7,1006.453,1016.757,980.396,,1
SFO,2023-06-20,20,2023-06-19,18,26,17.479,0.21352091543979612,-0.9769384927771817,0.0,18.072,10.399,8.648,980.671,-0.073,17.479,0.0,18.072,16.785,11.21,8.137,-1.116,52.69,6.386,0.005975,10.399,1020.179,1008.954,1020.252,980.671,,1
SFO,2023-06-21,20,2023-06-20,18,26,18.124,0.19667288979357647,-0.980469160361632,8.056,13.569,9.191,6.903,967.966,-0.727,18.124,8.056,13.569,17.43,13.228,10.527,0.959,57.754,8.239,0.006794,9.191,1016.218,1005.042,1016.945,967.966,,1
SFO,2023-06-22,20,2023-06-21,18,26,17.59,0.1797665857255624,-0.9837092937736097,20.667,17.265,7.845,6.91,908.546,0.056,17.59,20.667,17.265,16.896,10.398,9.986,-0.121,61.22,9.051,0.007184,7.845,1013.995,1002.834,1013.939,908.546,,1
SFO,2023-06-23,20,2023-06-22,18,26,18.492,0.16280701293851715,-0.986657932891657,10.737,14.17,8.17,7.43,947.95,-0.015,18.492,10.737,14.17,17.798,11.287,10.368,2.535,60.228,9.628,0.007431,8.17,1017.376,1006.202,1017.391,947.95,,1
SFO,2023-06-24,20,2023-06-23,18,26,17.752,0.14579919691987467,-0.9893142039703663,13.244,17.628,7.05,5.062,906.907,-0.137,17.752,13.244,17.628,17.058,10.572,11.996,3.247,64.49,10.008,0.007612,7.05,1018.63,1007.426,1018.767,906.907,,1
SFO,2023-06-25,20,2023-06-24,18,26,16.775,0.12874817745258088,-0.99167731989929,42.812,15.741,5.648,3.766,777.418,0.016,16.775,42.812,15.741,16.081,9.343,12.315,3.756,70.368,10.433,0.007845,5.648,1019.056,1007.82,1019.04,777.418,,1
SFO,2023-06-26,20,2023-06-25,18,26,18.117,0.11165900712169467,-0.993746580436178,16.727,15.413,6.988,3.166,900.447,-0.836,18.117,16.727,15.413,17.423,14.042,14.257,4.714,65.098,10.435,0.007854,6.988,1015.649,1004.479,1016.485,900.447,,1
SFO,2023-06-27,20,2023-06-26,18,26,18.965,0.09453674981719956,-0.9955213724144752,100.0,13.153,7.933,2.628,846.811,-0.296,18.965,100.0,13.153,18.271,15.786,15.643,4.568,62.456,10.338,0.007829,7.933,1012.251,1001.152,1012.547,846.811,,1
SFO,2023-06-28,20,2023-06-27,18,26,19.654,0.07738647923346301,-0.9970011699250151,15.364,13.04,8.139,1.986,899.074,-0.312,19.654,15.364,13.04,18.96,19.078,16.974,6.224,62.464,10.821,0.008108,8.139,1012.211,1001.13,1012.523,899.074,,1
SFO,2023-06-29,20,2023-06-28,18,26,21.093,0.06021327736579302,-0.9981855344718586,14.561,10.984,9.42,-1.231,901.897,-0.387,21.093,14.561,10.984,20.399,23.939,21.63,8.787,58.709,10.979,0.008175,9.42,1012.915,1001.869,1013.302,901.897,,1
SFO,2023-06-30,20,2023-06-29,18,26,23.902,0.04302223300453059,-0.99907411510223,16.282,10.832,12.861,-0.201,901.957,-0.375,23.902,16.282,10.832,23.208,27.572,23.409,11.353,50.555,10.347,0.007855,12.861,1012.029,1001.064,1012.404,901.957,,1
SFO,2023-07-01,20,2023-06-30,18,26,24.782,0.02581844022713308,-0.9996666485105112,16.77,11.05,13.871,-0.868,915.459,0.226,24.782,16.77,11.05,24.088,28.751,24.956,12.564,48.105,10.217,0.007772,13.871,1012.228,1001.279,1012.002,915.459,,1
SFO,2023-07-02,20,2023-07-01,18,26,24.241,0.008606996888688698,-0.9999629591162655,48.446,11.079,13.947,-1.211,931.225,-0.301,24.241,48.446,11.079,23.547,28.339,24.758,12.242,47.464,9.6,0.007489,13.947,1011.793,1000.825,1012.094,931.225,,1
SFO,2023-07-03,20,2023-07-02,18,26,22.589,-0.008606996888688453,-0.9999629591162655,7.575,11.766,11.599,0.641,924.685,-0.451,22.589,7.575,11.766,21.895,23.844,21.254,10.106,52.701,10.296,0.007846,11.599,1012.234,1001.22,1012.685,924.685,,1
SFO,2023-07-04,20,2023-07-03,18,26,20.386,-0.025818440227132835,-0.9996666485105112,9.324,10.938,9.434,-2.055,930.816,-0.318,20.386,9.324,10.938,19.692,22.044,21.747,11.578,57.922,10.258,0.007814,9.434,1012.733,1001.659,1013.051,930.816,,1
SFO,2023-07-05,20,2023-07-04,18,26,19.387,-0.04302223300453034,-0.99907411510223,11.353,12.796,8.168,-1.699,917.114,0.019,19.387,11.353,12.796,18.693,18.365,20.392,11.219,61.36,10.525,0.007895,8.168,1014.326,1003.219,1014.307,917.114,,1
SFO,2023-07-06,20,2023-07-05,18,26,18.578,-0.060213277365792774,-0.9981855344718586,17.902,17.288,7.227,-0.984,918.612,-0.409,18.578,17.902,17.288,17.884,13.012,18.868,10.163,64.167,10.657,0.007998,7.227,1013.933,1002.796,1014.342,918.612,,1
SFO,2023-07-07,20,2023-07-06,18,26,16.804,-0.07738647923346277,-0.9970011699250151,34.84,21.32,5.669,-3.276,772.204,0.063,16.804,34.84,21.32,16.11,10.092,19.386,8.894,69.994,10.441,0.007876,5.669,1013.664,1002.474,1013.601,772.204,,1
SFO,2023-07-08,20,2023-07-07,18,26,17.004,-0.09453674981719933,-0.9955213724144752,19.963,22.416,6.509,-2.537,898.508,-0.319,17.004,19.963,22.416,16.31,10.414,18.847,9.287,66.388,9.801,0.007548,6.509,1014.236,1003.051,1014.555,898.508,,1
SFO,2023-07-09,20,2023-07-08,18,26,18.018,-0.11165900712169444,-0.9937465804361781,9.358,18.063,6.814,1.112,964.902,0.32,18.018,9.358,18.063,17.324,11.293,16.212,9.436,66.054,10.51,0.007899,6.814,1015.559,1004.399,1015.239,964.902,,1
SFO,2023-07-10,20,2023-07-09,18,26,19.907,-0.12874817745258066,-0.99167731989929,15.3,11.977,9.15,0.825,911.313,-0.56,19.907,15.3,11.977,19.213,18.246,18.388,10.872,59.756,10.063,0.007686,9.15,1014.354,1003.265,1014.914,911.313,,1
SFO,2023-07-11,20,2023-07-10,18,26,22.22,-0.14579919691987442,-0.9893142039703664,9.458,10.425,11.813,1.612,921.957,-0.219,22.22,9.458,10.425,21.526,23.09,19.914,10.826,52.829,9.713,0.007533,11.813,1014.0,1002.965,1014.219,921.957,,1
SFO,2023-07-12,20,2023-07-11,18,26,21.087,-0.16280701293851646,-0.9866579328916572,19.077,13.059,10.127,0.386,887.959,-0.398,21.087,19.077,13.059,20.393,22.397,20.007,10.596,56.785,10.266,0.007775,10.127,1015.641,1004.559,1016.039,887.959,,1
SFO,2023-07-13,20,2023-07-12,18,26,21.15,-0.17976658572556214,-0.9837092937736098,18.906,13.643,9.074,0.592,894.948,-0.417,21.15,18.906,13.643,20.456,21.865,19.864,12.64,60.129,11.382,0.008377,9.074,1015.86,1004.78,1016.277,894.948,,1
SFO,2023-07-14,20,2023-07-13,18,26,22.498,-0.19667288979357622,-0.9804691603616321,18.93,12.755,10.467,-2.156,872.138,-0.989,22.498,18.93,12.755,21.804,26.413,23.96,16.368,56.874,11.337,0.008361,10.467,1013.165,1002.161,1014.154,872.138,,1
SFO,2023-07-15,20,2023-07-14,18,26,23.447,-0.2135209154397959,-0.9769384927771817,22.757,11.344,11.727,-4.281,876.7,-0.802,23.447,22.757,11.344,22.753,30.165,27.034,18.285,54.569,11.026,0.008214,11.727,1011.373,1000.422,1012.175,876.7,,1
SFO,2023-07-16,20,2023-07-15,18,26,24.109,-0.23030567023061196,-0.973118337233262,59.273,10.27,12.469,-6.059,846.424,0.076,24.109,59.273,10.27,23.415,30.928,29.474,16.199,51.385,10.946,0.008185,12.469,1010.593,999.632,1010.517,846.424,,1
SFO,2023-07-17,20,2023-07-16,18,26,22.866,-0.24702218048093572,-0.9690098257244062,13.01,11.649,10.58,-4.266,898.843,-0.14,22.866,13.01,11.649,22.172,26.25,26.438,14.929,55.825,11.592,0.008517,10.58,1011.846,1000.851,1011.986,898.843,,1
SFO,2023-07-18,20,2023-07-17,18,26,19.79,-0.2636654927280072,-0.9646141756912435,18.086,13.707,8.09,-4.25,864.633,0.035,19.79,18.086,13.707,19.096,22.569,23.346,14.134,62.379,11.006,0.008183,8.09,1014.624,1003.52,1014.589,864.633,,1
SFO,2023-07-19,20,2023-07-18,18,26,20.226,-0.2802306751992161,-0.9599326896597445,11.679,13.407,8.835,-3.465,898.396,-0.138,20.226,11.679,13.407,19.532,22.714,22.997,13.432,59.709,10.697,0.007984,8.835,1016.728,1005.61,1016.866,898.396,,1
SFO,2023-07-20,20,2023-07-19,18,26,21.855,-0.2967128192734901,-0.9549667548552553,16.767,13.156,10.502,-3.501,893.968,-0.798,21.855,16.767,13.156,21.161,25.511,24.662,14.49,56.067,10.659,0.007984,10.502,1015.445,1004.394,1016.243,893.968,,1
SFO,2023-07-21,20,2023-07-20,18,26,23.379,-0.31310704093582625,-0.9497178427914318,17.741,14.347,12.389,-4.282,909.667,-0.963,23.379,17.741,14.347,22.685,29.164,26.967,15.365,51.552,10.296,0.007794,12.389,1012.542,1001.561,1013.505,909.667,,1
SFO,2023-07-22,20,2023-07-21,18,26,23.613,-0.3294084822245298,-0.9441875088341996,35.859,13.08,13.33,-4.559,933.704,-0.83,23.613,35.859,13.08,22.919,28.465,27.478,15.588,49.115,9.589,0.007478,13.33,1010.447,999.491,1011.277,933.704,,1
SFO,2023-07-23,20,2023-07-22,18,26,21.597,-0.3456123126707333,-0.9383773917408642,70.687,11.908,9.941,-3.795,801.396,0.082,21.597,70.687,11.908,20.903,26.573,24.698,14.275,57.383,10.962,0.008175,9.941,1012.295,1001.266,1012.213,801.396,,1
SFO,2023-07-24,20,2023-07-23,18,26,21.299,-0.3617137307297674,-0.9322892131745134,12.387,13.507,10.941,-0.777,901.632,-0.251,21.299,12.387,13.507,20.605,22.563,21.382,11.605,54.535,9.664,0.007477,10.941,1017.336,1006.236,1017.587,901.632,,1
SFO,2023-07-25,20,2023-07-24,18,26,22.066,-0.37770796520396466,-0.9259247771938499,19.423,11.786,10.243,0.218,874.475,-0.669,22.066,19.423,11.786,21.372,22.776,21.154,12.0,57.021,11.129,0.008232,10.243,1016.685,1005.625,1017.354,874.475,,1
SFO,2023-07-26,20,2023-07-25,18,26,19.849,-0.3935902766564669,-0.9192859697186104,16.12,14.635,8.9,-1.761,886.128,-0.18,19.849,16.12,14.635,19.155,21.818,20.916,12.187,60.291,10.255,0.007792,8.9,1016.453,1005.33,1016.633,886.128,,1
SFO,2023-07-27,20,2023-07-26,18,26,19.851,-0.40935595881562153,-0.9123747579707273,15.228,14.38,8.959,-0.939,904.652,-0.383,19.851,15.228,14.38,19.157,20.62,20.096,11.7,59.587,10.198,0.00775,8.959,1016.5,1005.371,1016.883,904.652,,1
SFO,2023-07-28,20,2023-07-27,18,26,20.801,-0.42500033996955394,-0.9051931898913975,14.512,13.786,11.015,-1.431,897.809,-0.692,20.801,14.512,13.786,20.107,22.071,21.538,12.106,54.31,9.092,0.007209,11.015,1016.303,1005.21,1016.995,897.809,,1
SFO,2023-07-29,20,2023-07-28,18,26,20.893,-0.4405187843504948,-0.8977433935342338,16.755,14.046,10.743,-0.969,885.202,-0.12,20.893,16.755,14.046,20.199,22.012,21.168,10.254,55.117,9.456,0.007384,10.743,1017.385,1006.276,1017.505,885.202,,1
SFO,2023-07-30,20,2023-07-29,18,26,21.702,-0.4559066935084586,-0.8900275764346768,11.183,12.069,12.158,0.33,928.163,-0.562,21.702,11.183,12.069,21.008,22.853,20.678,9.602,51.403,8.85,0.007102,12.158,1015.945,1004.87,1016.507,928.163,,1
SFO,2023-07-31,20,2023-07-30,18,26,20.416,-0.47115950767386355,-0.8820480249558538,44.723,13.788,10.116,0.036,892.708,-0.526,20.416,44.723,13.788,19.722,21.475,19.686,10.798,57.07,9.606,0.007489,10.116,1015.842,1004.738,1016.368,892.708,,1
SFO,2023-08-01,20,2023-07-31,18,26,19.282,-0.4862727071086898,-0.8738071036110809,83.1,13.571,7.746,-0.721,872.884,-0.605,19.282,83.1,13.571,18.588,17.593,19.309,9.98,63.646,10.842,0.008082,7.746,1016.885,1005.739,1017.49,872.884,,1
SFO,2023-08-02,20,2023-08-01,18,26,18.52,-0.5012418134457756,-0.8653072543632061,30.805,14.644,6.86,0.617,844.658,-0.325,18.52,30.805,14.644,17.826,14.903,17.209,8.938,66.301,10.966,0.008155,6.86,1017.316,1006.142,1017.641,844.658,,1
SFO,2023-08-03,20,2023-08-02,18,26,19.271,-0.5160623910158526,-0.8565509959010037,12.557,16.206,6.978,2.575,889.384,-0.381,19.271,12.557,16.206,18.577,14.391,16.002,8.199,65.989,11.599,0.008498,6.978,1019.043,1007.872,1019.424,889.384,,1
SFO,2023-08-04,20,2023-08-03,18,26,20.523,-0.5307300481619335,-0.847540922892831,19.627,13.732,8.19,1.008,854.204,-0.855,20.523,19.627,13.732,19.829,19.641,18.821,9.943,62.593,11.639,0.008526,8.19,1016.381,1005.28,1017.236,854.204,,1
SFO,2023-08-05,20,2023-08-04,18,26,21.58,-0.5452404385406511,-0.8382797052177743,17.738,13.742,9.503,0.484,836.657,0.058,21.58,17.738,13.742,20.886,22.766,20.402,9.986,59.089,11.383,0.008371,9.503,1015.402,1004.349,1015.344,836.657,,1
SFO,2023-08-06,20,2023-08-05,18,26,23.463,-0.5595892624101767,-0.8287700871745036,19.44,13.96,11.739,-0.424,856.891,-0.656,23.463,19.44,13.96,22.769,25.192,23.193,11.13,53.607,11.03,0.008201,11.739,1015.272,1004.269,1015.928,856.891,,1
SFO,2023-08-07,20,2023-08-06,18,26,22.476,-0.5737722679043247,-0.81901488666808,19.266,12.562,10.653,-0.862,858.806,-0.09,22.476,19.266,12.562,21.782,24.019,22.644,12.505,55.931,11.129,0.008252,10.653,1014.207,1003.172,1014.297,858.806,,1
SFO,2023-08-08,20,2023-08-07,18,26,19.864,-0.587785252292473,-0.8090169943749475,31.063,14.568,6.486,-0.009,778.962,-0.459,19.864,31.063,14.568,19.17,13.974,19.179,11.518,68.321,12.684,0.009155,6.486,1014.882,1003.772,1015.341,778.962,,1
SFO,2023-08-09,20,2023-08-08,18,26,20.487,-0.6016240632249223,-0.798779372886365,13.908,13.158,8.572,1.334,857.526,-0.672,20.487,13.908,13.158,19.793,17.631,18.459,9.361,61.132,11.221,0.00834,8.572,1013.104,1002.026,1013.776,857.526,,1
SFO,2023-08-10,20,2023-08-09,18,26,20.214,-0.6152845999633274,-0.7883050558305257,25.502,12.348,6.128,2.331,763.295,-0.18,20.214,25.502,12.348,19.52,17.311,17.189,9.549,69.835,13.392,0.00959,6.128,1014.016,1002.919,1014.196,763.295,,1
SFO,2023-08-11,20,2023-08-10,18,26,20.49,-0.6287628145958345,-0.7775971469736268,22.953,13.159,8.2,2.129,817.254,-0.248,20.49,22.953,13.159,19.796,18.451,17.667,8.734,62.524,11.596,0.008507,8.2,1015.613,1004.516,1015.861,817.254,,1
SFO,2023-08-12,20,2023-08-11,18,26,22.346,-0.6420547132365636,-0.7666588193001592,7.747,9.168,9.708,1.755,841.485,-0.61,22.346,7.747,9.168,21.652,22.233,19.897,9.47,57.918,11.944,0.008697,9.708,1015.65,1004.59,1016.26,841.485,,1
SFO,2023-08-13,20,2023-08-12,18,26,23.934,-0.655156357209085,-0.7554933140726804,10.07,10.243,10.119,1.085,837.907,-0.642,23.934,10.07,10.243,23.24,24.343,22.155,12.371,57.387,13.121,0.009433,10.119,1013.913,1002.906,1014.555,837.907,,1
SFO,2023-08-14,20,2023-08-13,18,26,23.62,-0.6680638642135336,-0.7441039398713605,55.7,11.865,9.577,-0.841,720.165,-0.392,23.62,55.7,11.865,22.926,26.382,23.767,11.289,59.003,13.349,0.009574,9.577,1012.53,1001.553,1012.922,720.165,,1
SFO,2023-08-15,20,2023-08-14,18,26,25.318,-0.6807734094770164,-0.7324940716135788,22.427,9.587,10.318,0.422,834.382,-0.738,25.318,22.427,9.587,24.624,26.151,24.202,10.58,57.302,14.306,0.010182,10.318,1014.413,1003.443,1015.151,834.382,,1
SFO,2023-08-16,20,2023-08-15,18,26,25.082,-0.6932812268869775,-0.7206671495538611,12.718,10.988,9.988,-0.585,826.595,-1.358,25.082,12.718,10.988,24.388,26.67,24.973,10.858,58.111,14.4,0.010267,9.988,1013.109,1002.147,1014.467,826.595,,1
SFO,2023-08-17,20,2023-08-16,18,26,23.273,-0.7055836101071777,-0.7086266782644597,20.984,11.822,7.32,-1.038,779.182,-0.411,23.273,20.984,11.822,22.579,23.789,23.617,10.177,66.305,15.259,0.010858,7.32,1011.047,1000.075,1011.458,779.182,,1
SFO,2023-08-18,20,2023-08-17,18,26,22.569,-0.7176769136759618,-0.6963762255968724,8.579,11.475,8.364,1.499,840.806,-0.966,22.569,8.579,11.475,21.875,20.116,20.376,8.733,62.768,13.511,0.00971,8.364,1010.954,999.952,1011.92,840.806,,1
SFO,2023-08-19,20,2023-08-18,18,26,22.35,-0.7295575540864874,-0.6839194216246107,10.933,10.503,8.852,0.951,831.86,-0.869,22.35,10.933,10.503,21.656,22.646,20.705,7.469,60.656,12.804,0.009276,8.852,1009.265,998.277,1010.134,831.86,,1
SFO,2023-08-20,20,2023-08-19,18,26,21.365,-0.7412220108485955,-0.6712599575675318,79.668,13.175,8.046,2.389,567.365,-1.603,21.365,79.668,13.175,20.671,21.65,18.282,3.534,62.911,12.625,0.009162,8.046,1006.682,995.71,1008.285,567.365,,1
SFO,2023-08-21,20,2023-08-20,18,26,22.272,-0.7526668275320083,-0.6584015846980489,37.113,17.907,5.061,7.101,696.634,1.438,22.272,37.113,17.907,21.578,16.542,14.477,4.012,74.16,16.517,0.011724,5.061,1013.594,1002.54,1012.156,696.634,,1
SFO,2023-08-22,20,2023-08-21,18,26,22.015,-0.7638886127905429,-0.64534811322955,11.466,13.273,6.418,6.521,789.436,-0.363,22.015,11.466,13.273,21.321,17.164,14.8,4.57,68.96,14.903,0.010539,6.418,1016.158,1005.097,1016.521,789.436,,1
SFO,2023-08-23,20,2023-08-22,18,26,24.716,-0.7748840413670406,-0.6321034111873488,19.94,11.991,10.325,6.394,819.49,-1.241,24.716,19.94,11.991,24.022,22.955,17.628,8.126,57.497,13.697,0.009794,10.325,1012.503,1001.54,1013.744,819.49,,1
SFO,2023-08-24,20,2023-08-23,18,26,23.793,-0.7856498550787144,-0.6186714032625032,7.575,12.805,10.056,5.834,837.362,-0.048,23.793,7.575,12.805,23.099,20.437,17.265,7.727,56.158,13.043,0.009373,10.056,1013.001,1001.994,1013.049,837.362,,1
SFO,2023-08-25,20,2023-08-24,18,26,22.136,-0.7961828637826154,-0.6050560696488494,11.851,12.438,8.302,4.042,856.168,-0.31,22.136,11.851,12.438,21.442,18.517,17.4,8.221,62.271,13.14,0.009435,8.302,1015.643,1004.587,1015.953,856.168,,1
SFO,2023-08-26,20,2023-08-25,18,26,22.919,-0.8064799463209447,-0.5912614448635782,8.672,13.385,10.817,3.627,877.413,-0.317,22.919,8.672,13.385,22.225,20.491,18.598,8.793,54.682,11.408,0.008431,10.817,1015.294,1004.248,1015.611,877.413,,1
SFO,2023-08-27,20,2023-08-26,18,26,22.928,-0.8165380514459157,-0.5772916165517278,0.0,14.508,12.054,2.997,891.314,-0.752,22.928,0.0,14.508,22.234,21.273,19.237,10.696,50.403,10.18,0.00779,12.054,1016.36,1005.299,1017.112,891.314,,1
SFO,2023-08-28,20,2023-08-27,18,26,23.001,-0.8263541987239095,-0.5631507242749187,3.959,14.803,10.184,1.425,882.442,-0.491,23.001,3.959,14.803,22.307,22.848,20.882,12.469,56.428,12.123,0.008843,10.184,1015.351,1004.306,1015.842,882.442,,1
SFO,2023-08-29,20,2023-08-28,18,26,22.287,-0.8359254794186365,-0.5488429582847199,0.537,16.981,10.7,1.446,889.777,-1.035,22.287,0.537,16.981,21.593,20.48,20.147,13.154,53.953,10.893,0.008155,10.7,1015.72,1004.647,1016.755,889.777,,1
SFO,2023-08-30,20,2023-08-29,18,26,26.065,-0.8452490573530629,-0.5343725582809793,0.0,11.508,17.409,3.409,881.405,-1.856,26.065,0.0,11.508,25.371,24.773,21.962,13.746,39.433,7.962,0.006802,17.409,1010.589,999.66,1012.445,881.405,,1
SFO,2023-08-31,20,2023-08-30,18,26,20.545,-0.8543221697498269,-0.5197438121555157,48.179,14.585,7.374,-0.342,814.389,-0.997,20.545,48.179,14.585,19.851,17.251,20.193,10.148,64.793,12.477,0.009064,7.374,1007.569,996.552,1008.566,814.389,,1
SFO,2023-09-01,20,2023-08-31,18,26,18.755,-0.8631421280499115,-0.5049610547215202,61.858,11.478,4.369,9.684,383.628,0.494,18.755,61.858,11.478,18.061,12.225,8.377,3.739,76.377,13.692,0.009803,4.369,1010.717,999.625,1010.223,383.628,,1
SFO,2023-09-02,20,2023-09-01,18,26,19.107,-0.8717063187093218,-0.4900286664290594,61.6,11.556,5.423,9.743,519.351,0.28,19.107,61.6,11.556,18.413,13.296,8.67,1.919,72.186,12.99,0.009304,5.423,1016.212,1005.068,1015.932,519.351,,1
SFO,2023-09-03,20,2023-09-02,18,26,20.335,-0.8800122039735356,-0.4749510720670502,11.861,13.569,7.009,11.105,807.743,-0.33,20.335,11.861,13.569,19.641,13.365,8.536,1.761,65.308,12.632,0.009087,7.009,1017.582,1006.443,1017.912,807.743,,1
SFO,2023-09-04,20,2023-09-03,18,26,20.191,-0.888057322629493,-0.4597327394521046,18.946,12.372,7.602,5.52,773.915,-1.173,20.191,18.946,12.372,19.497,16.776,13.977,7.644,64.143,11.895,0.008695,7.602,1014.276,1003.177,1015.449,773.915,,1
SFO,2023-09-05,20,2023-09-04,18,26,20.944,-0.8958392907349089,-0.44437817810461344,11.566,10.366,9.131,4.231,796.094,-0.795,20.944,11.566,10.366,20.25,18.312,16.019,6.191,59.639,11.119,0.008276,9.131,1011.919,1000.871,1012.714,796.094,,1
SFO,2023-09-06,20,2023-09-05,18,26,21.155,-0.9033558023246842,-0.4288919379124841,8.094,9.429,8.744,4.49,811.931,-0.543,21.155,8.094,9.429,20.461,17.916,15.971,6.754,60.792,11.717,0.008599,8.744,1014.031,1002.958,1014.574,811.931,,1
SFO,2023-09-07,20,2023-09-06,18,26,21.155,-0.9106046300942162,-0.41327860778290443,10.848,12.326,9.662,4.096,808.527,-0.683,21.155,10.848,12.326,20.461,18.599,16.365,7.435,57.798,10.799,0.008108,9.662,1014.126,1003.065,1014.809,808.527,,1
SFO,2023-09-08,20,2023-09-07,18,26,21.689,-0.9175836260593934,-0.3975428142825566,9.208,10.055,10.441,4.639,809.708,-0.251,21.689,9.208,10.055,20.995,19.569,16.356,7.942,55.956,10.554,0.007965,10.441,1016.399,1005.328,1016.65,809.708,,1
SFO,2023-09-09,20,2023-09-08,18,26,21.474,-0.924290722193093,-0.3816892202666594,2.944,13.375,10.879,3.412,838.348,-0.895,21.474,2.944,13.375,20.78,18.97,17.368,9.688,53.979,9.901,0.007619,10.879,1017.791,1006.693,1018.686,838.348,,1
SFO,2023-09-10,20,2023-09-09,18,26,21.486,-0.9307239310379793,-0.3657225234972692,6.118,11.49,11.287,2.037,849.095,-1.145,21.486,6.118,11.49,20.792,21.027,18.755,9.535,53.394,9.505,0.00744,11.287,1016.341,1005.257,1017.486,849.095,,1
SFO,2023-09-11,20,2023-09-10,18,26,21.695,-0.9368813462954315,-0.34964745525122826,13.231,13.8,10.266,2.58,831.856,-0.546,21.695,13.231,13.8,21.001,20.08,18.421,8.006,56.233,10.735,0.008097,10.266,1014.844,1003.781,1015.39,831.856,,1
SFO,2023-09-12,20,2023-09-11,18,26,20.318,-0.9427611433904206,-0.33346877891818705,17.362,10.593,8.309,0.709,768.354,-0.903,20.318,17.362,10.593,19.624,18.196,18.915,8.859,62.019,11.315,0.008369,8.309,1014.0,1002.911,1014.903,768.354,,1
SFO,2023-09-13,20,2023-09-12,18,26,20.747,-0.9483615800121716,-0.31719128858910595,9.222,10.28,7.786,0.889,780.359,-0.97,20.747,9.222,10.28,20.053,18.393,19.164,8.047,63.928,12.267,0.008898,7.786,1012.888,1001.833,1013.858,780.359,,1
SFO,2023-09-14,20,2023-09-13,18,26,21.549,-0.9536809966304455,-0.300819807635668,9.131,9.486,8.124,0.992,766.235,-0.853,21.549,9.131,9.486,20.855,21.359,19.863,8.19,62.832,12.731,0.009188,8.124,1013.132,1002.083,1013.985,766.235,,1
SFO,2023-09-15,20,2023-09-14,18,26,21.462,-0.9587178169872964,-0.2843591872810036,10.262,10.781,7.65,0.034,772.036,-0.921,21.462,10.262,10.781,20.768,20.565,20.734,7.816,64.25,13.118,0.009415,7.65,1014.147,1003.089,1015.068,772.036,,1
SFO,2023-09-16,20,2023-09-15,18,26,20.664,-0.9634705485641486,-0.26781430516217486,11.463,11.189,6.793,1.214,751.185,-0.753,20.664,11.463,11.189,19.97,15.158,18.756,7.092,66.208,13.177,0.009409,6.793,1014.623,1003.538,1015.376,751.185,,1
SFO,2023-09-17,20,2023-09-16,18,26,20.588,-0.9679377830240642,-0.25119006388481957,22.705,12.103,8.273,3.584,777.473,-0.917,20.588,22.705,12.103,19.894,13.723,16.31,6.534,60.406,11.621,0.008521,8.273,1015.373,1004.267,1016.29,777.473,,1
SFO,2023-09-18,20,2023-09-17,18,26,20.983,-0.9721181966290612,-0.23449138957041052,0.356,10.653,9.484,7.131,786.486,-1.109,20.983,0.356,10.653,20.289,14.771,13.158,7.001,56.246,10.805,0.008065,9.484,1015.527,1004.425,1016.636,786.486,,1
SFO,2023-09-19,20,2023-09-18,18,26,20.03,-0.9760105506323682,-0.21772323039653224,9.553,12.047,6.941,4.368,763.448,-1.036,20.03,9.553,12.047,19.336,15.143,14.968,6.886,66.19,12.395,0.00898,6.941,1014.1,1003.005,1015.136,763.448,,1
SFO,2023-09-20,20,2023-09-19,18,26,20.243,-0.9796136916454901,-0.20089055513063528,11.522,9.591,9.052,2.036,744.293,-1.253,20.243,11.522,9.591,19.549,14.675,17.513,7.207,58.486,10.497,0.007971,9.052,1010.083,999.033,1011.336,744.293,,1
SFO,2023-09-21,20,2023-09-20,18,26,19.464,-0.9829265519799822,-0.18399835165767986,6.139,10.017,9.404,6.012,790.063,-0.002,19.464,6.139,10.017,18.77,14.25,12.758,5.071,57.211,9.366,0.007392,9.404,1011.516,1000.435,1011.518,790.063,,1
SFO,2023-09-22,20,2023-09-21,18,26,19.062,-0.9859481499638303,-0.1670516255021195,7.575,9.316,8.523,5.823,777.133,-0.919,19.062,7.575,9.316,18.368,13.179,12.545,7.659,59.702,9.845,0.007574,8.523,1015.222,1004.088,1016.141,777.133,,1
SFO,2023-09-23,20,2023-09-22,18,26,19.252,-0.9886775902323404,-0.15005539834465262,4.276,11.516,9.087,6.417,783.475,-0.526,19.252,4.276,11.516,18.558,13.803,12.141,6.703,58.069,9.471,0.007396,9.087,1016.555,1005.403,1017.081,783.475,,1
SFO,2023-09-24,20,2023-09-23,18,26,19.849,-0.9911140639934546,-0.13301470653419636,43.353,13.327,7.974,5.674,775.923,0.048,19.849,43.353,13.327,19.155,13.88,13.481,6.107,61.87,11.181,0.008271,7.974,1016.376,1005.244,1016.328,775.923,,1
SFO,2023-09-25,20,2023-09-24,18,26,20.539,-0.9932568492674143,-0.11593459959550066,46.695,12.976,7.907,8.139,757.927,-0.556,20.539,46.695,12.976,19.845,13.607,11.706,6.028,62.314,11.938,0.008687,7.907,1017.839,1006.701,1018.395,757.927,,1
SFO,2023-09-26,20,2023-09-25,18,26,20.633,-0.9951053111006974,-0.09882013873287211,4.946,16.845,7.227,9.635,759.983,-0.334,20.633,4.946,16.845,19.939,14.057,10.304,7.296,64.993,12.712,0.009116,7.227,1020.004,1008.855,1020.338,759.983,,1
SFO,2023-09-27,20,2023-09-26,18,26,20.46,-0.99665890175417,-0.08167639533042288,0.464,18.377,9.248,6.025,753.033,-1.123,20.46,0.464,18.377,19.766,15.998,13.741,8.559,57.136,10.518,0.007931,9.248,1016.939,1005.814,1018.062,753.033,,1
SFO,2023-09-28,20,2023-09-27,18,26,20.224,-0.9979171608653922,-0.06450844944931713,5.0,12.612,10.308,4.833,758.941,-0.996,20.224,5.0,12.612,19.53,17.356,14.697,8.683,54.339,9.222,0.007303,10.308,1013.055,1001.981,1014.051,758.941,,1
SFO,2023-09-29,20,2023-09-28,18,26,18.899,-0.9988797155850335,-0.04732138832243232,61.149,19.283,4.051,7.009,592.943,-0.074,18.899,61.149,19.283,18.205,12.656,11.196,5.404,77.976,14.154,0.010117,4.051,1011.077,999.976,1011.151,592.943,,1
SFO,2023-09-30,20,2023-09-29,18,26,15.356,-0.9995462806873573,-0.03012030484690836,91.144,14.187,3.342,8.478,296.58,0.072,15.356,91.144,14.187,14.662,8.826,6.184,-1.518,80.758,11.32,0.008412,3.342,1009.422,998.243,1009.35,296.58,,1
SFO,2023-10-01,20,2023-09-30,18,26,20.327,-0.9999166586547379,-0.012910296075008843,0.056,6.131,14.102,11.927,743.163,0.025,20.327,0.056,6.131,19.633,13.863,7.706,0.433,42.203,5.531,0.005777,14.102,1012.192,1001.092,1012.167,743.163,,1
SFO,2023-10-02,20,2023-10-01,18,26,19.482,-0.9999907397361901,0.004303538296243821,20.19,6.719,10.541,7.044,743.243,-0.094,19.482,20.19,6.719,18.788,15.229,11.744,4.54,54.527,8.247,0.006836,10.541,1016.585,1005.448,1016.679,743.243,,1
SFO,2023-10-03,20,2023-10-02,18,26,20.845,-0.9997685019798909,0.021516097436222233,0.0,9.113,13.326,4.969,733.15,-1.138,20.845,0.0,9.113,20.151,17.833,15.182,7.812,46.267,6.825,0.006249,13.326,1014.796,1003.706,1015.934,733.15,,1
SFO,2023-10-04,20,2023-10-03,18,26,24.545,-0.9992500112396835,0.03872228089217399,0.0,5.847,14.484,7.319,727.641,-0.402,24.545,0.0,5.847,23.851,20.335,16.532,10.705,43.128,9.367,0.007382,14.484,1013.801,1002.796,1014.203,727.641,,1
SFO,2023-10-05,20,2023-10-04,18,26,27.045,-0.9984354211555643,0.05591699010060302,0.0,6.571,17.295,7.755,725.809,-0.742,27.045,0.0,6.571,26.351,23.742,18.596,9.01,36.804,9.056,0.007229,17.295,1015.639,1004.657,1016.381,725.809,,1
SFO,2023-10-06,20,2023-10-05,18,26,27.416,-0.9973249731081556,0.07309512989807687,0.0,7.917,17.825,7.147,725.076,-1.043,27.416,0.0,7.917,26.722,24.968,19.575,9.415,36.179,8.897,0.007179,17.825,1013.901,1002.955,1014.944,725.076,,1
SFO,2023-10-07,20,2023-10-06,18,26,26.394,-0.9959189961471792,0.0902516100310407,0.0,11.072,17.863,5.431,716.378,-0.387,26.394,0.0,11.072,25.7,25.143,20.269,8.97,37.448,7.837,0.006736,17.863,1011.995,1001.063,1012.382,716.378,,1
SFO,2023-10-08,20,2023-10-07,18,26,23.078,-0.9942179068939521,0.10738134666416217,4.691,10.89,12.535,3.202,715.233,-0.484,23.078,4.691,10.89,22.384,21.957,19.182,8.773,49.888,9.849,0.007659,12.535,1011.862,1000.861,1012.346,715.233,,1
SFO,2023-10-09,20,2023-10-08,18,26,18.045,-0.9922222094179324,0.12447926388678869,93.951,7.333,5.477,4.387,178.944,-0.419,18.045,93.951,7.333,17.351,12.091,12.964,4.19,70.614,11.874,0.008694,5.477,1012.455,1001.327,1012.874,178.944,,1
SFO,2023-10-10,20,2023-10-09,18,26,18.69,-0.989932495087353,0.141540295217043,30.781,13.144,7.481,7.688,696.01,-0.785,18.69,30.781,13.144,17.996,11.872,10.308,3.542,63.076,10.515,0.007985,7.481,1010.932,999.831,1011.717,696.01,,1
SFO,2023-10-11,20,2023-10-10,18,26,17.789,-0.9873494423939864,0.15855938510313475,0.0,20.87,9.297,9.52,710.269,-0.994,17.789,0.0,20.87,17.095,11.173,7.575,4.719,55.23,7.798,0.006619,9.297,1011.344,1000.216,1012.338,710.269,,1
SFO,2023-10-12,20,2023-10-11,18,26,20.436,-0.9844738167520923,0.17553149042142777,6.006,6.886,15.315,7.101,713.098,-1.3,20.436,6.006,6.886,19.742,14.628,12.641,7.107,38.577,4.427,0.005309,15.315,1009.895,998.834,1011.195,713.098,,1
SFO,2023-10-13,20,2023-10-12,18,26,19.288,-0.9813064702716093,0.19245158197082995,98.564,12.212,10.09,6.241,596.532,-0.003,19.288,98.564,12.212,18.594,15.159,12.353,4.857,55.134,8.504,0.006992,10.09,1012.282,1001.196,1012.285,596.532,,1
SFO,2023-10-14,20,2023-10-13,18,26,19.884,-0.9778483415056569,0.209314645963048,91.868,6.686,8.469,8.098,514.323,0.2,19.884,91.868,6.686,19.19,14.459,11.092,6.232,59.677,10.721,0.008009,8.469,1018.016,1006.87,1017.816,514.323,,1
SFO,2023-10-15,20,2023-10-14,18,26,21.452,-0.9741004551724206,0.22611568550828803,19.55,7.669,8.347,5.673,666.424,-1.16,21.452,19.55,7.669,20.758,16.977,15.085,9.876,62.647,12.411,0.008967,8.347,1018.048,1006.954,1019.208,666.424,,1
SFO,2023-10-16,20,2023-10-15,18,26,20.169,-0.9700639218515072,0.24284972209593494,100.0,12.63,7.283,4.792,493.802,-0.693,20.169,100.0,12.63,19.475,16.108,14.683,7.72,64.14,12.192,0.008802,7.283,1018.878,1007.744,1019.571,493.802,,1
SFO,2023-10-17,20,2023-10-16,18,26,21.393,-0.965739937654855,0.25951179706979943,25.311,10.531,7.291,5.114,613.022,-1.618,21.393,25.311,10.531,20.699,18.007,15.585,11.078,65.917,13.408,0.009578,7.291,1015.022,1003.959,1016.64,613.022,,1
SFO,2023-10-18,20,2023-10-17,18,26,24.951,-0.961129783872301,0.27609697309746795,0.0,5.347,14.027,2.924,671.1,-0.667,24.951,0.0,5.347,24.257,23.033,21.333,12.002,44.743,10.23,0.007818,14.027,1012.984,1002.002,1013.651,671.1,,1
SFO,2023-10-19,20,2023-10-18,18,26,27.138,-0.9562348265919058,0.2926003356333479,0.0,5.595,17.743,4.05,669.492,-0.744,27.138,0.0,5.595,26.444,26.425,22.394,9.461,36.824,8.701,0.007111,17.743,1013.314,1002.366,1014.058,669.492,,1
SFO,2023-10-20,20,2023-10-19,18,26,20.527,-0.9510565162951536,0.30901699437494723,86.291,9.421,7.768,1.112,629.245,-0.823,20.527,86.291,9.421,19.833,20.586,18.721,7.273,64.311,12.065,0.008806,7.768,1013.853,1002.774,1014.676,629.245,,1
SFO,2023-10-21,20,2023-10-20,18,26,18.66,-0.9455963874271425,0.32534208471198034,83.057,12.87,7.018,4.217,556.54,-0.4,18.66,83.057,12.87,17.966,11.023,13.749,7.13,64.229,10.948,0.008159,7.018,1013.775,1002.636,1014.175,556.54,,1
SFO,2023-10-22,20,2023-10-21,18,26,18.502,-0.9398560579418956,0.34157076916785517,92.629,16.167,2.945,8.896,285.205,-0.868,18.502,92.629,16.167,17.808,12.969,8.912,1.097,83.349,14.863,0.010576,2.945,1010.169,999.078,1011.037,285.205,,1
SFO,2023-10-23,20,2023-10-22,18,26,19.195,-0.9338372288229252,0.35769823883312546,7.69,14.679,6.475,6.082,633.401,-0.494,19.195,7.69,14.679,18.501,14.774,12.419,4.99,67.695,12.026,0.008791,6.475,1011.161,1000.083,1011.655,633.401,,1
SFO,2023-10-24,20,2023-10-23,18,26,19.918,-0.9275416835791969,0.3737197147904684,16.119,5.759,9.231,4.342,636.147,-0.644,19.918,16.119,5.759,19.224,17.655,14.882,5.927,58.661,9.993,0.007715,9.231,1010.841,999.784,1011.485,636.147,,1
SFO,2023-10-25,20,2023-10-24,18,26,16.829,-0.9209712877166346,0.38963044953078774,87.367,20.45,6.832,6.028,561.399,0.544,16.829,87.367,20.45,16.135,9.432,10.107,3.276,64.651,9.303,0.007309,6.832,1016.487,1005.271,1015.943,561.399,,1
SFO,2023-10-26,20,2023-10-25,18,26,15.833,-0.9141279881853341,0.4054257283599965,7.418,11.337,11.02,7.247,645.579,-0.632,15.833,7.418,11.337,15.139,8.294,7.892,2.968,48.299,4.119,0.005097,11.02,1019.12,1007.837,1019.752,645.579,,1
SFO,2023-10-27,20,2023-10-26,18,26,15.686,-0.9070138128026362,0.42110087079608916,35.829,11.179,11.374,5.9,521.987,-0.389,15.686,35.829,11.179,14.992,10.476,9.092,0.237,47.872,3.618,0.004923,11.374,1019.879,1008.589,1020.268,521.987,,1
SFO,2023-10-28,20,2023-10-27,18,26,16.509,-0.8996308696522438,0.43665123195606304,0.0,10.156,14.497,7.863,639.763,-1.279,16.509,0.0,10.156,15.815,9.744,7.952,-1.033,39.41,1.318,0.004277,14.497,1019.158,1007.89,1020.437,639.763,,1
SFO,2023-10-29,20,2023-10-28,18,26,17.505,-0.8919813464595484,0.4520722039323045,0.0,10.614,25.419,4.309,655.065,-0.289,17.505,0.0,10.614,16.811,12.081,12.502,5.092,18.697,-8.608,0.002145,25.419,1021.472,1010.199,1021.761,655.065,,1
SFO,2023-10-30,20,2023-10-29,18,26,18.804,-0.8840675099433637,0.46735921715800205,85.187,6.039,21.92,4.877,579.168,-0.98,18.804,85.187,6.039,18.11,15.447,13.233,5.109,24.034,-3.81,0.002985,21.92,1020.97,1009.746,1021.95,579.168,,1
SFO,2023-10-31,20,2023-10-30,18,26,19.637,-0.8758917051442429,0.4825077417612184,93.019,7.144,22.764,4.295,587.694,-0.933,19.637,93.019,7.144,18.943,16.494,14.648,5.482,23.31,-3.821,0.003011,22.764,1019.355,1008.174,1020.288,587.694,,1
SFO,2023-11-01,20,2023-10-31,18,26,20.454,-0.867456354729597,0.4975132889071803,8.218,1.689,22.544,3.931,622.927,-0.934,20.454,8.218,1.689,19.76,18.297,15.829,5.716,24.952,-2.784,0.003288,22.544,1017.642,1006.495,1018.576,622.927,,1
SFO,2023-11-02,20,2023-11-01,18,26,20.676,-0.858763958275803,0.5123714121284235,100.0,9.609,18.151,4.617,525.559,0.043,20.676,100.0,9.609,19.982,18.172,15.365,5.311,32.622,1.831,0.004433,18.151,1019.215,1008.076,1019.172,525.559,,1
SFO,2023-11-03,20,2023-11-02,18,26,21.128,-0.8498170915275282,0.5270777086423716,5.0,11.037,12.521,6.102,573.174,-0.653,21.128,5.0,11.037,20.434,17.566,14.332,5.379,47.118,7.913,0.00669,12.521,1018.294,1007.181,1018.947,573.174,,1
SFO,2023-11-04,20,2023-11-03,18,26,19.222,-0.8406184056344783,0.5416278206559811,100.0,8.702,4.733,4.168,471.53,-1.325,19.222,100.0,8.702,18.528,16.324,14.36,5.579,75.699,13.795,0.00977,4.733,1018.337,1007.192,1019.662,471.53,,1
SFO,2023-11-05,20,2023-11-04,18,26,19.237,-0.8311706263658084,0.5560174366570438,95.317,6.262,7.056,7.743,435.377,-1.456,19.237,95.317,6.262,18.543,14.035,10.8,3.486,64.488,11.487,0.008439,7.056,1015.793,1004.668,1017.249,435.377,,1
SFO,2023-11-06,20,2023-11-05,18,26,18.138,-0.8214765533024145,0.5702422926917867,83.735,17.013,4.784,10.258,528.464,-0.335,18.138,83.735,17.013,17.444,11.506,7.186,-2.918,74.324,12.66,0.009123,4.784,1014.555,1003.406,1014.89,528.464,,1
SFO,2023-11-07,20,2023-11-06,18,26,15.67,-0.8115390590073611,0.5842981736283683,5.0,19.689,7.659,10.368,574.985,0.139,15.67,5.0,19.689,14.976,8.209,4.608,-6.422,60.886,7.317,0.006369,7.659,1019.92,1008.637,1019.781,574.985,,1
SFO,2023-11-08,20,2023-11-07,18,26,17.117,-0.8013610881746764,0.5981809144059166,4.218,9.102,14.54,8.547,587.892,-0.596,17.117,4.218,9.102,16.423,10.145,7.876,-0.599,38.644,1.883,0.004382,14.54,1023.492,1012.191,1024.088,587.892,,1
SFO,2023-11-09,20,2023-11-08,18,26,16.016,-0.7909456567567774,0.6118864012687242,100.0,9.059,12.23,6.939,448.413,-0.382,16.016,100.0,9.059,15.322,11.712,8.383,-0.059,45.242,3.092,0.004766,12.23,1022.585,1011.289,1022.967,448.413,,1
SFO,2023-11-10,20,2023-11-09,18,26,16.872,-0.7802958510707755,0.6254105729852464,5.305,8.634,11.386,8.171,548.363,-0.882,16.872,5.305,8.634,16.178,11.475,8.007,0.989,48.349,4.792,0.005362,11.386,1020.061,1008.82,1020.943,548.363,,1
SFO,2023-11-11,20,2023-11-10,18,26,17.513,-0.7694148268839381,0.6387494220515268,5.0,7.442,10.898,6.073,530.949,-0.9,17.513,5.0,7.442,16.819,13.017,10.746,4.188,49.933,5.921,0.005787,10.898,1020.824,1009.585,1021.724,530.949,,1
SFO,2023-11-12,20,2023-11-11,18,26,18.46,-0.7583058084785625,0.6518989958787125,98.931,5.164,11.765,7.639,535.502,-1.3,18.46,98.931,5.164,17.766,13.769,10.127,2.008,48.133,6.001,0.00584,11.765,1015.346,1004.205,1016.646,535.502,,1
SFO,2023-11-13,20,2023-11-12,18,26,16.731,-0.7469720876965557,0.664855397964286,100.0,4.368,7.772,9.221,376.525,-1.823,16.731,100.0,4.368,16.037,10.95,6.816,-0.726,61.678,8.265,0.006834,7.772,1013.445,1002.279,1015.268,376.525,,1
SFO,2023-11-14,20,2023-11-13,18,26,17.944,-0.7354170229639858,0.6776147890466887,73.971,5.345,7.944,9.979,435.5,-0.184,17.944,73.971,5.345,17.25,11.632,7.271,-0.868,60.163,9.306,0.007292,7.944,1015.41,1004.251,1015.594,435.5,,1
SFO,2023-11-15,20,2023-11-14,18,26,15.934,-0.723644038295913,0.6901733882429714,28.018,9.428,8.799,7.976,109.458,-1.771,15.934,28.018,9.428,15.24,12.791,7.264,-1.267,55.891,6.441,0.00605,8.799,1009.337,998.19,1011.108,109.458,,1
SFO,2023-11-16,20,2023-11-15,18,26,17.278,-0.7116566222817751,0.7025274741691566,98.138,7.03,5.24,9.247,423.377,-0.52,17.278,98.138,7.03,16.584,11.388,7.337,-2.587,71.294,11.344,0.008357,5.24,1014.819,1003.642,1015.339,423.377,,1
SFO,2023-11-17,20,2023-11-16,18,26,17.985,-0.6994583270516471,0.7146733860429608,100.0,9.994,5.59,9.923,385.526,-0.888,17.985,100.0,9.994,17.291,12.716,7.368,-3.182,70.406,11.701,0.008593,5.59,1012.539,1001.418,1013.427,385.526,,1
SFO,2023-11-18,20,2023-11-17,18,26,16.855,-0.6870527672236669,0.7266075247685657,68.216,21.796,3.206,9.7,344.562,1.146,16.855,68.216,21.796,16.161,10.556,6.461,-2.37,81.69,12.955,0.009305,3.206,1014.483,1003.312,1013.337,344.562,,1
SFO,2023-11-19,20,2023-11-18,18,26,13.843,-0.6744436188329457,0.7383263540031063,8.436,15.133,8.777,8.799,526.137,-0.695,13.843,8.436,15.133,13.149,5.877,4.35,0.366,55.449,4.372,0.005136,8.777,1026.466,1015.02,1027.161,526.137,,1
SFO,2023-11-20,20,2023-11-19,18,26,15.542,-0.6616346182422783,0.7498264012045686,0.0,12.023,16.356,-1.798,530.025,-0.811,15.542,0.0,12.023,14.848,11.739,16.646,8.4,33.039,-1.508,0.003426,16.356,1022.605,1011.267,1023.416,530.025,,1
SFO,2023-11-21,20,2023-11-20,18,26,16.487,-0.6486295610349818,0.7611042586607742,100.0,5.946,13.18,3.664,415.594,-0.797,16.487,100.0,5.946,15.793,14.505,12.129,7.463,41.855,2.613,0.004578,13.18,1026.961,1015.619,1027.758,415.594,,1
SFO,2023-11-22,20,2023-11-21,18,26,17.027,-0.6354323008901775,0.7721565844991641,100.0,6.715,14.588,2.659,451.335,-1.824,17.027,100.0,6.715,16.333,15.226,13.674,5.253,38.173,1.745,0.004332,14.588,1021.138,1009.877,1022.962,451.335,,1
SFO,2023-11-23,20,2023-11-22,18,26,17.133,-0.622046748440868,0.7829801036770625,0.0,7.171,9.977,6.961,506.834,-1.412,17.133,0.0,7.171,16.439,13.056,9.478,1.951,52.98,6.462,0.006064,9.977,1011.23,1000.094,1012.642,506.834,,1
SFO,2023-11-24,20,2023-11-23,18,26,14.335,-0.6084768701151264,0.7935716089521472,0.0,14.088,19.472,6.862,536.539,-0.266,14.335,0.0,14.088,13.641,6.94,6.779,-0.241,25.832,-5.831,0.002507,19.472,1015.273,1003.942,1015.539,536.539,,1
SFO,2023-11-25,20,2023-11-24,18,26,13.414,-0.5947266869607633,0.8039279618328213,0.0,9.265,14.946,7.118,518.196,-0.916,13.414,0.0,9.265,12.72,8.73,5.602,0.696,35.518,-2.226,0.003228,14.946,1018.614,1007.221,1019.53,518.196,,1
SFO,2023-11-26,20,2023-11-25,18,26,14.145,-0.5808002734538014,0.8140460935082175,89.456,7.727,14.793,8.049,449.543,-1.341,14.145,89.456,7.727,13.451,9.704,5.402,-0.157,36.177,-1.342,0.003452,14.793,1019.046,1007.684,1020.387,449.543,,1
SFO,2023-11-27,20,2023-11-26,18,26,15.095,-0.5667017562911177,0.8239230057575542,99.878,6.261,15.516,8.222,464.51,-0.398,15.095,99.878,6.261,14.401,10.634,6.179,-0.652,34.96,-1.115,0.003539,15.516,1019.711,1008.381,1020.109,464.51,,1
SFO,2023-11-28,20,2023-11-27,18,26,16.127,-0.5524353131676195,0.83355577183857,1.71,7.107,11.744,11.9,490.409,-1.232,16.127,1.71,7.107,15.433,9.208,3.533,-1.136,47.02,3.689,0.005078,11.744,1019.56,1008.3,1020.792,490.409,,1
SFO,2023-11-29,20,2023-11-28,18,26,14.268,-0.5380051715383,0.8429415373547827,65.91,7.536,8.902,9.455,300.633,-0.633,14.268,65.91,7.536,13.574,8.279,4.119,-4.489,55.363,4.672,0.005367,8.902,1016.127,1004.821,1016.76,300.633,,1
SFO,2023-11-30,20,2023-11-29,18,26,14.428,-0.5234156073655503,0.8520775211013093,0.715,25.148,5.615,10.067,476.237,-0.835,14.428,0.715,25.148,13.734,7.448,3.667,-6.487,69.205,8.119,0.006743,5.615,1014.867,1003.584,1015.702,476.237,,1
SFO,2023-12-01,20,2023-11-30,18,26,13.197,-0.508670943852105,0.8609610158889941,99.821,18.466,7.529,9.489,357.392,0.052,13.197,99.821,18.466,12.503,5.612,3.014,-2.955,60.198,4.974,0.005394,7.529,1021.058,1009.643,1021.006,357.392,,1
SFO,2023-12-02,20,2023-12-01,18,26,15.665,-0.4937755501599774,0.8695893893466109,100.0,7.021,4.452,9.864,353.232,-0.667,15.665,100.0,7.021,14.971,8.512,5.107,-2.301,75.33,10.519,0.007847,4.452,1023.913,1012.6,1024.58,353.232,,1
SFO,2023-12-03,20,2023-12-02,18,26,15.734,-0.47873384011578907,0.8779600847008878,100.0,3.875,5.293,9.667,417.364,-0.982,15.734,100.0,3.875,15.04,8.696,5.373,0.167,70.99,9.747,0.007439,5.293,1025.675,1014.35,1026.657,417.364,,1
SFO,2023-12-04,20,2023-12-03,18,26,16.028,-0.4635502709028512,0.8860706215341377,3.207,6.613,5.872,5.734,413.266,-1.267,16.028,3.207,6.613,15.334,11.264,9.6,1.492,68.369,9.462,0.007309,5.872,1022.916,1011.621,1024.183,413.266,,1
SFO,2023-12-05,20,2023-12-04,18,26,17.043,-0.4482293417404106,0.893918596519257,100.0,4.548,6.824,3.075,344.413,-1.031,17.043,100.0,4.548,16.349,15.383,13.274,3.633,64.396,9.525,0.007363,6.824,1020.541,1009.301,1021.572,344.413,,1
SFO,2023-12-06,20,2023-12-05,18,26,16.005,-0.4327755925504317,0.9015016841318838,100.0,20.425,4.631,8.883,344.695,-1.263,16.005,100.0,20.425,15.311,9.789,6.428,-2.429,74.54,10.68,0.007998,4.631,1016.441,1005.212,1017.704,344.695,,1
SFO,2023-12-07,20,2023-12-06,18,26,14.378,-0.41719360261231697,0.9088176373395028,100.0,15.459,6.669,11.74,377.674,-0.962,14.378,100.0,15.459,13.684,6.267,1.944,-7.369,64.132,7.015,0.006194,6.669,1022.959,1011.577,1023.921,377.674,,1
SFO,2023-12-08,20,2023-12-07,18,26,12.113,-0.4014879892059729,0.9158642882672873,21.267,11.025,6.631,7.715,463.885,-1.117,12.113,21.267,11.025,11.419,5.008,3.704,-0.321,63.889,4.788,0.005298,6.631,1024.14,1012.654,1025.257,463.885,,1
SFO,2023-12-09,20,2023-12-08,18,26,12.723,-0.38566340624360745,0.9226395488404875,98.22,8.372,15.316,2.0,374.549,0.317,12.723,98.22,8.372,12.029,10.909,10.029,3.744,34.333,-3.287,0.00296,15.316,1026.741,1015.238,1026.424,374.549,,1
SFO,2023-12-10,20,2023-12-09,18,26,13.549,-0.3697245428906732,0.9291414114031743,100.0,6.262,14.573,-0.113,352.8,-1.666,13.549,100.0,6.262,12.855,14.4,12.968,4.028,36.837,-1.718,0.003355,14.573,1024.211,1012.789,1025.877,352.8,,1
SFO,2023-12-11,20,2023-12-10,18,26,14.128,-0.3536761221763721,0.935367949313148,50.465,7.341,10.44,5.945,398.335,-1.245,14.128,50.465,7.341,13.434,10.625,7.489,0.947,49.585,2.994,0.004718,10.44,1018.178,1006.86,1019.423,398.335,,1
SFO,2023-12-12,20,2023-12-11,18,26,14.854,-0.33752289959411347,0.941317317512847,100.0,6.588,8.135,5.438,429.826,-0.267,14.854,100.0,6.588,14.16,11.154,8.722,1.644,58.651,6.025,0.005854,8.135,1015.303,1004.056,1015.57,429.826,,1
SFO,2023-12-13,20,2023-12-12,18,26,14.424,-0.32126966169236515,0.946987753076075,53.141,6.247,9.756,4.073,461.388,-0.522,14.424,53.141,6.247,13.73,10.787,9.657,2.969,51.812,3.974,0.005029,9.756,1018.307,1006.984,1018.829,461.388,,1
SFO,2023-12-14,20,2023-12-13,18,26,14.589,-0.3049212246562894,0.9523775757303973,100.0,5.714,10.406,5.684,331.706,0.138,14.589,100.0,5.714,13.895,11.44,8.211,2.267,49.568,3.489,0.004853,10.406,1021.744,1010.399,1021.606,331.706,,1
SFO,2023-12-15,20,2023-12-14,18,26,14.854,-0.288482432880609,0.9574851883550393,100.0,6.781,11.89,4.015,361.887,-0.911,14.854,100.0,6.781,14.16,13.483,10.145,3.75,44.882,2.27,0.004474,11.89,1020.781,1009.446,1021.692,361.887,,1
SFO,2023-12-16,20,2023-12-15,18,26,16.45,-0.27195815753410607,0.9623090774541485,2.848,5.896,14.476,4.211,458.532,-0.6,16.45,2.848,5.896,15.756,15.034,11.545,2.944,38.474,1.28,0.004206,14.476,1019.373,1008.113,1019.973,458.532,,1
SFO,2023-12-17,20,2023-12-16,18,26,13.42,-0.2553532951161872,0.9668478136052775,100.0,13.273,3.335,2.088,114.483,-0.427,13.42,100.0,13.273,12.726,13.769,10.638,0.759,80.328,9.391,0.007332,3.335,1017.921,1006.58,1018.348,114.483,,1
SFO,2023-12-18,20,2023-12-17,18,26,15.495,-0.23867276600594997,0.9711000518829505,99.939,22.469,1.906,7.028,64.437,-0.775,15.495,99.939,22.469,14.801,11.515,7.773,-0.996,88.565,12.895,0.009322,1.906,1010.066,998.914,1010.841,64.437,,1
SFO,2023-12-19,20,2023-12-18,18,26,16.393,-0.22192151300416588,0.9750645322571947,100.0,17.743,3.757,9.649,336.674,-0.765,16.393,100.0,17.743,15.699,10.419,6.05,-2.425,78.849,11.942,0.008759,3.757,1008.386,997.264,1009.151,336.674,,1
SFO,2023-12-20,20,2023-12-19,18,26,13.624,-0.20510449986861926,0.9787400799669153,100.0,16.343,2.725,8.065,40.831,0.942,13.624,100.0,16.343,12.93,9.615,4.865,-3.964,83.79,10.205,0.007819,2.725,1007.617,996.391,1006.675,40.831,,1
SFO,2023-12-21,20,2023-12-20,18,26,15.225,-0.1882267098432448,0.9821256058680005,90.667,8.441,4.378,7.019,409.628,-0.142,15.225,90.667,8.441,14.531,11.57,7.512,-1.758,75.115,10.153,0.007713,4.378,1015.817,1004.564,1015.959,409.628,,1
SFO,2023-12-22,20,2023-12-21,18,26,16.026,-0.1712931441814778,0.9852201067560606,79.993,12.015,5.098,7.16,405.373,-0.428,16.026,79.993,12.015,15.332,13.599,8.172,-1.964,72.346,10.234,0.007762,5.098,1015.834,1004.624,1016.262,405.373,,1
SFO,2023-12-23,20,2023-12-22,18,26,13.787,-0.154308820664281,0.9880226656636976,3.267,6.337,6.987,5.568,447.472,-0.334,13.787,3.267,6.337,13.093,8.563,7.525,-0.1,63.472,6.106,0.005878,6.987,1017.503,1006.171,1017.837,447.472,,1
SFO,2023-12-24,20,2023-12-23,18,26,13.398,-0.13727877211326517,0.9905324521322227,99.977,4.275,6.702,3.502,400.233,-0.712,13.398,99.977,4.275,12.704,9.011,9.202,1.077,64.132,6.002,0.005816,6.702,1022.324,1010.927,1023.036,400.233,,1
SFO,2023-12-25,20,2023-12-24,18,26,13.558,-0.12020804489935275,0.9927487224577402,96.604,4.31,9.898,3.57,349.725,-0.644,13.558,96.604,4.31,12.864,10.836,9.294,0.793,50.984,2.966,0.004667,9.898,1022.513,1011.105,1023.157,349.725,,1
SFO,2023-12-26,20,2023-12-25,18,26,14.285,-0.10310169744743544,0.9946708199115211,97.438,3.274,8.776,4.91,296.195,-0.727,14.285,97.438,3.274,13.591,10.141,8.681,1.438,55.584,4.815,0.005345,8.776,1020.369,1009.02,1021.096,296.195,,1
SFO,2023-12-27,20,2023-12-26,18,26,14.815,-0.0859647987374467,0.9962981749346077,100.0,24.524,3.933,5.822,51.655,-0.196,14.815,100.0,24.524,14.121,10.247,8.299,-0.145,77.344,10.188,0.007726,3.933,1017.602,1006.329,1017.798,51.655,,1
SFO,2023-12-28,20,2023-12-27,18,26,16.187,-0.06880242680231975,0.9976303053065857,100.0,5.148,3.156,8.384,131.782,-0.659,16.187,100.0,5.148,15.493,10.689,7.109,0.774,81.585,12.337,0.008879,3.156,1020.244,1008.996,1020.903,131.782,,1
SFO,2023-12-29,20,2023-12-28,18,26,17.266,-0.05161966722325418,0.9986668162884759,71.133,30.753,5.272,10.872,343.054,-1.408,17.266,71.133,30.753,16.572,10.903,5.7,-0.671,71.409,11.3,0.008348,5.272,1013.714,1002.552,1015.122,343.054,,1
SFO,2023-12-30,20,2023-12-29,18,26,13.878,-0.034421611622745804,0.9994074007397048,12.463,12.699,3.793,10.538,288.783,-0.099,13.878,12.463,12.699,13.184,6.813,2.646,-6.868,77.806,9.391,0.007311,3.793,1017.785,1006.449,1017.884,288.783,,1
SFO,2023-12-31,20,2023-12-30,18,26,13.497,-0.01721335615583528,0.9998518392091162,100.0,4.229,5.137,10.698,264.498,-0.387,13.497,100.0,4.229,12.803,6.578,2.105,-6.144,70.926,7.666,0.006495,5.137,1018.664,1007.308,1019.051,264.498,,1
SFO,2024-01-01,20,2023-12-31,18,26,13.882,0.0,1.0,3.651,5.392,5.9,9.349,439.066,-0.028,13.882,3.651,5.392,13.188,7.477,3.839,-5.225,67.479,7.288,0.006309,5.9,1021.849,1010.467,1021.877,439.066,,1
SFO,2024-01-02,20,2024-01-01,18,26,14.982,0.01716632975470737,0.9998526477050269,2.357,14.828,6.966,10.097,375.122,-1.368,14.982,2.357,14.828,14.288,8.03,4.191,-3.68,63.484,7.322,0.006359,6.966,1020.981,1009.656,1022.349,375.122,,1
SFO,2024-01-03,20,2024-01-02,18,26,12.495,0.034327600513243496,0.9994106342455052,20.668,23.539,6.074,12.154,417.555,0.653,12.495,20.668,23.539,11.801,4.386,-0.353,-8.982,66.302,5.727,0.005671,6.074,1021.158,1009.716,1020.505,417.555,,1
SFO,2024-01-04,20,2024-01-03,18,26,12.458,0.05147875477034654,0.9986740898848305,100.0,15.225,6.201,8.622,442.772,-0.543,12.458,100.0,15.225,11.764,6.509,3.142,-3.475,65.9,5.563,0.005597,6.201,1025.254,1013.776,1025.797,442.772,,1
SFO,2024-01-05,20,2024-01-04,18,26,13.671,0.06861473800213404,0.9976432316860063,4.045,7.992,6.826,6.012,461.214,-0.912,13.671,4.045,7.992,12.977,9.537,6.965,-3.948,63.581,6.151,0.005823,6.826,1025.149,1013.729,1026.061,461.214,,1
SFO,2024-01-06,20,2024-01-05,18,26,12.518,0.08573050015569435,0.9963183634476755,100.0,23.671,5.064,11.283,141.83,-2.286,12.518,100.0,23.671,11.824,4.883,0.541,-7.332,71.051,6.76,0.006103,5.064,1019.594,1008.182,1021.88,141.83,,1
SFO,2024-01-07,20,2024-01-06,18,26,9.421,0.10282099713736041,0.9946998756145891,39.332,11.129,8.644,8.668,464.903,-0.576,9.421,39.332,11.129,8.727,2.591,0.059,-11.489,54.762,0.083,0.003808,8.644,1019.8,1008.239,1020.376,464.903,,1
SFO,2024-01-08,20,2024-01-07,18,26,10.787,0.11988119229922722,0.99278824516254,63.838,2.4,8.83,6.335,191.426,0.108,10.787,63.838,2.4,10.093,5.213,3.758,-0.594,54.286,1.263,0.004123,8.83,1026.215,1014.654,1026.107,191.426,,1
SFO,2024-01-09,20,2024-01-08,18,26,11.961,0.13690605792347524,0.990584035457797,84.462,15.018,2.557,7.41,30.271,-1.041,11.961,84.462,15.018,11.267,6.792,3.857,-2.831,84.631,8.71,0.006955,2.557,1025.352,1013.858,1026.393,30.271,,1
SFO,2024-01-10,20,2024-01-09,18,26,12.956,0.15389057670406178,0.9880878960910772,98.656,32.104,4.567,11.104,295.014,-1.762,12.956,98.656,32.104,12.262,5.322,1.158,-6.123,73.67,7.695,0.006513,4.567,1018.252,1006.872,1020.014,295.014,,1
SFO,2024-01-11,20,2024-01-10,18,26,10.284,0.1708297432253442,0.985300562686109,18.571,10.353,9.997,9.947,418.938,1.125,10.284,18.571,10.353,9.59,3.09,-0.357,-3.093,49.951,-0.407,0.003677,9.997,1022.733,1011.178,1021.608,418.938,,1
SFO,2024-01-12,20,2024-01-11,18,26,11.211,0.18771856543719873,0.9822228566828407,79.282,8.637,6.741,7.346,412.31,-0.837,11.211,79.282,8.637,10.517,3.419,3.171,-3.273,63.049,3.776,0.004931,6.741,1024.971,1013.443,1025.808,412.31,,1
SFO,2024-01-13,20,2024-01-12,18,26,12.102,0.20455206612620083,0.9788556850953578,100.0,12.638,3.386,7.074,55.295,-0.878,12.102,100.0,12.638,11.408,7.473,4.334,-0.792,79.75,8.022,0.00666,3.386,1020.43,1008.995,1021.308,55.295,,1
SFO,2024-01-14,20,2024-01-13,18,26,13.771,0.2213252843824325,0.9752000402445825,94.35,12.85,4.56,8.337,441.233,0.487,13.771,94.35,12.85,13.077,6.616,4.74,0.156,73.989,8.517,0.006882,4.56,1019.696,1008.341,1019.209,441.233,,1
SFO,2024-01-15,20,2024-01-14,18,26,13.399,0.2380332770614856,0.9712569994658314,100.0,3.709,4.785,4.481,356.077,-0.237,13.399,100.0,3.709,12.705,8.859,8.224,1.854,72.707,7.92,0.006601,4.785,1020.286,1008.899,1020.523,356.077,,1
SFO,2024-01-16,20,2024-01-15,18,26,12.993,0.2546711202412287,0.9670277247913204,100.0,3.668,4.44,3.864,130.408,0.089,12.993,100.0,3.668,12.299,8.723,8.435,0.585,74.368,7.859,0.006577,4.44,1019.743,1008.365,1019.654,130.408,,1
SFO,2024-01-17,20,2024-01-16,18,26,14.412,0.27123391067291003,0.9625134626077081,49.597,8.243,5.355,8.245,407.769,0.63,14.412,49.597,8.243,13.718,8.251,5.473,-1.413,70.415,8.363,0.006817,5.355,1018.897,1007.589,1018.267,407.769,,1
SFO,2024-01-18,20,2024-01-17,18,26,13.979,0.28771676722616696,0.9577155432887803,100.0,3.569,7.287,3.748,253.122,0.029,13.979,100.0,3.569,13.285,11.509,9.537,2.008,61.546,5.998,0.005812,7.287,1018.625,1007.289,1018.596,253.122,,1
SFO,2024-01-19,20,2024-01-18,18,26,14.858,0.30411483232751785,0.9526353808033826,100.0,14.813,5.996,8.055,131.829,-1.697,14.858,100.0,14.813,14.164,9.821,6.109,-1.949,67.539,8.168,0.00677,5.996,1012.971,1001.751,1014.668,131.829,,1
SFO,2024-01-20,20,2024-01-19,18,26,14.794,0.3204232733919112,0.9472744722987169,100.0,25.766,4.301,10.429,366.155,-0.254,14.794,100.0,25.766,14.1,8.252,3.671,-5.572,75.355,9.799,0.007574,4.301,1010.123,998.928,1010.377,366.155,,1
SFO,2024-01-21,20,2024-01-20,18,26,14.697,0.33663728424691025,0.9416343976591259,99.926,18.927,3.056,8.593,173.356,0.009,14.697,99.926,18.927,14.003,9.028,5.41,-3.109,82.039,10.947,0.008178,3.056,1010.246,999.045,1010.237,173.356,,1
SFO,2024-01-22,20,2024-01-21,18,26,15.374,0.3527520865490948,0.9357168190404936,54.871,7.536,3.006,9.311,371.821,0.656,15.374,54.871,7.536,14.68,9.925,5.369,-4.149,82.703,11.674,0.008618,3.006,1008.064,996.926,1007.408,371.821,,1
SFO,2024-01-23,20,2024-01-22,18,26,14.077,0.36876293119226017,0.9295234803804003,29.453,7.35,3.615,8.198,338.635,0.401,14.077,29.453,7.35,13.383,7.92,5.185,-3.241,78.987,9.768,0.007521,3.615,1016.569,1005.263,1016.168,338.635,,1
SFO,2024-01-24,20,2024-01-23,18,26,13.046,0.3846650997070012,0.9230562068841761,100.0,11.413,2.154,5.515,62.248,0.454,13.046,100.0,11.413,12.352,8.905,6.837,-2.501,86.871,10.198,0.007721,2.154,1019.387,1008.02,1018.933,62.248,,1
SFO,2024-01-25,20,2024-01-24,18,26,14.142,0.4004539056512665,0.9163169044870048,0.0,9.109,5.319,8.824,507.271,0.671,14.142,0.0,9.109,13.448,7.294,4.624,-3.702,70.502,8.129,0.006682,5.319,1022.986,1011.621,1022.315,507.271,,1
SFO,2024-01-26,20,2024-01-25,18,26,15.108,0.41612469599147445,0.9093075592922358,100.0,2.348,8.292,5.724,333.632,0.046,15.108,100.0,2.348,14.414,11.721,8.69,2.576,57.995,6.122,0.005825,8.292,1025.331,1013.976,1025.285,333.632,,1
SFO,2024-01-27,20,2024-01-26,18,26,16.065,0.43167285247378373,0.9020302369860708,100.0,6.428,6.946,3.355,315.141,-0.374,16.065,100.0,6.428,15.371,15.112,12.016,1.88,63.56,8.425,0.006807,6.946,1024.641,1013.325,1025.015,315.141,,1
SFO,2024-01-28,20,2024-01-27,18,26,18.163,0.44709379298511387,0.8944870822287956,98.915,6.19,7.06,2.391,439.984,-0.466,18.163,98.915,6.19,17.469,19.208,15.078,2.433,63.838,10.409,0.007814,7.06,1020.113,1008.914,1020.579,439.984,,1
SFO,2024-01-29,20,2024-01-28,18,26,18.744,0.4623829729035149,0.88668031802274,48.088,3.423,9.252,5.849,513.441,0.171,18.744,48.088,3.423,18.05,14.895,12.201,3.345,56.648,8.798,0.007034,9.252,1020.059,1008.88,1019.888,513.441,,1
SFO,2024-01-30,20,2024-01-29,18,26,17.561,0.47753588643748823,0.8786122450571483,93.99,5.096,9.153,6.08,462.574,-1.327,17.561,93.99,5.096,16.867,12.625,10.787,1.814,56.929,7.714,0.00658,9.153,1016.796,1005.611,1018.123,462.574,,1
SFO,2024-01-31,20,2024-01-30,18,26,14.822,0.4925480679538643,0.8702852410301553,100.0,41.954,3.781,8.003,96.437,-2.189,14.822,100.0,41.954,14.128,9.184,6.125,-2.4,78.236,10.347,0.007901,3.781,1006.406,995.248,1008.595,96.437,,1
SFO,2024-02-01,20,2024-01-31,18,26,14.072,0.5074150932938455,0.8617017599480682,99.236,11.357,6.282,11.652,510.972,0.208,14.072,99.236,11.357,13.378,7.398,1.726,-8.172,65.824,7.096,0.006326,6.282,1005.763,994.565,1005.555,510.972,,1
SFO,2024-02-02,20,2024-02-01,18,26,12.651,0.5221325810768248,0.8528643314021597,48.549,21.537,6.507,12.374,526.811,0.688,12.651,48.549,21.537,11.957,5.181,-0.417,-10.51,64.46,5.45,0.005606,6.507,1013.508,1002.158,1012.82,526.811,,1
SFO,2024-02-03,20,2024-02-02,18,26,12.305,0.5366961939916004,0.8437755598231856,100.0,8.391,8.172,12.258,439.839,-1.493,12.305,100.0,8.391,11.611,4.898,-0.647,-9.213,57.269,3.439,0.004858,8.172,1015.273,1003.889,1016.766,439.839,,1
SFO,2024-02-04,20,2024-02-03,18,26,14.44,0.5511016400746,0.8344381237138473,71.471,49.169,2.737,8.075,219.987,-0.031,14.44,71.471,49.169,13.746,9.798,5.671,-3.037,83.716,11.009,0.008332,2.737,996.066,985.025,996.097,219.987,,1
SFO,2024-02-05,20,2024-02-04,18,26,13.666,0.5653446739747429,0.8248547748594244,19.615,24.028,5.99,12.058,539.34,0.096,13.666,19.615,24.028,12.972,6.493,0.914,-8.185,67.003,6.982,0.006263,5.99,1008.329,997.076,1008.233,539.34,,1
SFO,2024-02-06,20,2024-02-05,18,26,12.103,0.5794210982045637,0.8150283375168114,44.725,10.163,5.843,10.109,530.707,-0.219,12.103,44.725,10.163,11.409,5.729,1.3,-8.196,67.492,5.566,0.005693,5.843,1006.041,994.767,1006.26,530.707,,1
SFO,2024-02-07,20,2024-02-06,18,26,10.543,0.593326764377232,0.8049617075821959,100.0,21.998,4.151,10.423,50.136,-0.775,10.543,100.0,21.998,9.849,4.233,-0.574,-8.86,75.612,5.698,0.005727,4.151,1009.397,998.008,1010.172,50.136,,1
SFO,2024-02-08,20,2024-02-07,18,26,11.374,0.6070575744291004,0.7946578517376252,61.801,14.221,7.354,11.652,566.745,0.454,11.374,61.801,14.221,10.68,3.582,-0.972,-7.927,60.606,3.326,0.004823,7.354,1016.667,1005.231,1016.213,566.745,,1
SFO,2024-02-09,20,2024-02-08,18,26,11.197,0.6206094818274227,0.7841198065767104,73.489,8.681,5.847,11.216,504.073,-0.061,11.197,73.489,8.681,10.503,3.459,-0.713,-5.878,67.288,4.656,0.005263,5.847,1020.899,1009.42,1020.96,504.073,,1
SFO,2024-02-10,20,2024-02-09,18,26,12.778,0.6339784927628866,0.7733506777097299,0.562,7.369,9.129,7.061,575.069,0.189,12.778,0.562,7.369,12.084,5.737,5.023,0.846,54.33,2.955,0.00468,9.129,1020.249,1008.833,1020.06,575.069,,1
SFO,2024-02-11,20,2024-02-10,18,26,12.859,0.647160667326606,0.7623536388483902,100.0,6.768,8.365,7.272,432.893,-0.167,12.859,100.0,6.768,12.165,6.794,4.893,-0.475,56.961,3.8,0.00497,8.365,1023.263,1011.827,1023.43,432.893,,1
SFO,2024-02-12,20,2024-02-11,18,26,13.367,0.6601521206712317,0.7511319308705199,90.07,4.273,7.246,7.691,482.93,-0.905,13.367,90.07,4.273,12.673,6.76,4.982,-1.489,61.512,5.427,0.005564,7.246,1020.828,1009.438,1021.733,482.93,,1
SFO,2024-02-13,20,2024-02-12,18,26,14.116,0.6729490241558329,0.7396888608649668,97.873,6.999,6.35,9.95,580.37,-0.612,14.116,97.873,6.999,13.422,7.162,3.472,-5.092,65.776,7.072,0.006241,6.35,1016.904,1005.601,1017.516,580.37,,1
SFO,2024-02-14,20,2024-02-13,18,26,15.147,0.6855476064742155,0.7280278011569848,100.0,29.186,6.244,11.531,415.4,-1.065,15.147,100.0,29.186,14.453,8.231,2.922,-4.417,66.637,8.209,0.006767,6.244,1017.408,1006.141,1018.473,415.4,,1
SFO,2024-02-15,20,2024-02-14,18,26,14.62,0.6979441547663435,0.7161521883143933,22.451,1.6,6.092,10.601,555.791,-0.475,14.62,22.451,1.6,13.926,7.085,3.325,-4.3,66.904,7.834,0.006534,6.092,1024.296,1012.911,1024.771,555.791,,1
SFO,2024-02-16,20,2024-02-15,18,26,15.622,0.7101350157125358,0.7040655221348057,100.0,3.411,7.68,7.695,391.92,-0.714,15.622,100.0,3.411,14.928,9.793,7.233,-0.849,60.59,7.248,0.006312,7.68,1020.381,1009.088,1021.095,391.92,,1
SFO,2024-02-17,20,2024-02-16,18,26,13.451,0.7221165966101162,0.691771364614222,100.0,26.147,3.234,8.605,88.937,-0.425,13.451,100.0,26.147,12.757,7.659,4.152,-2.445,80.821,9.523,0.007418,3.234,1013.356,1002.065,1013.781,88.937,,1
SFO,2024-02-18,20,2024-02-17,18,26,17.362,0.7338853664321991,0.6792733388972931,23.078,26.773,8.129,11.283,605.784,-1.939,17.362,23.078,26.773,16.668,10.744,5.385,-2.399,59.344,8.539,0.00696,8.129,1011.55,1000.416,1013.489,605.784,,1
SFO,2024-02-19,20,2024-02-18,18,26,14.875,0.7454378568683002,0.6665751282095631,3.502,39.486,3.623,10.441,590.938,1.041,14.875,3.502,39.486,14.181,7.738,3.74,-5.888,78.706,10.558,0.00794,3.623,1010.441,999.237,1009.4,590.938,,1
SFO,2024-02-20,20,2024-02-19,18,26,14.659,0.7567706633464626,0.653680474772006,100.0,16.622,6.076,12.419,474.771,-0.529,14.659,100.0,16.622,13.965,7.18,1.546,-7.689,66.898,7.889,0.006594,6.076,1018.644,1007.338,1019.173,474.771,,1
SFO,2024-02-21,20,2024-02-20,18,26,14.116,0.7678804460366,0.6405931786981752,5.0,8.531,6.703,12.121,628.269,0.995,14.116,5.0,8.531,13.422,6.309,1.301,-8.222,64.243,6.719,0.006068,6.703,1022.227,1010.853,1021.232,628.269,,1
SFO,2024-02-22,20,2024-02-21,18,26,14.319,0.7787639308347606,0.6273170968742939,4.765,4.942,6.865,11.242,637.655,0.123,14.319,4.765,4.942,13.625,6.682,2.383,-4.292,63.979,6.76,0.006062,6.865,1025.404,1014.012,1025.281,637.655,,1
SFO,2024-02-23,20,2024-02-22,18,26,14.507,0.7894179103280197,0.613856141822612,100.0,10.45,6.737,5.139,417.567,-1.043,14.507,100.0,10.45,13.813,10.172,8.674,-0.37,63.901,7.076,0.006236,6.737,1019.969,1008.634,1021.012,417.567,,1
SFO,2024-02-24,20,2024-02-23,18,26,17.736,0.7998392447397193,0.6002142805483682,4.247,4.026,10.377,8.191,646.428,0.065,17.736,4.247,4.026,17.042,12.225,8.851,-2.164,51.317,6.665,0.006078,10.377,1018.123,1006.908,1018.058,646.428,,1
SFO,2024-02-25,20,2024-02-24,18,26,16.155,0.8100248628547752,0.5863955333706957,4.644,4.261,6.721,9.39,619.925,-0.464,16.155,4.644,4.261,15.461,9.566,6.071,-2.229,65.461,8.74,0.00701,6.721,1018.602,1007.357,1019.066,619.925,,1
SFO,2024-02-26,20,2024-02-25,18,26,12.801,0.8199717629247771,0.5724039727378148,92.863,6.715,2.327,7.218,123.122,-0.387,12.801,92.863,6.715,12.107,8.261,4.889,-4.019,85.743,9.78,0.007525,2.327,1017.332,1005.988,1017.719,123.122,,1
SFO,2024-02-27,20,2024-02-26,18,26,12.877,0.8296770135526189,0.5582437220268647,5.0,12.524,9.092,6.121,673.021,-0.176,12.877,5.0,12.524,12.183,5.488,6.062,-0.334,53.827,3.091,0.004721,9.092,1018.897,1007.5,1019.073,673.021,,1
SFO,2024-02-28,20,2024-02-27,18,26,14.731,0.8391377545563938,0.5439189543287247,5.0,8.542,9.811,7.325,671.723,-0.274,14.731,5.0,8.542,14.037,8.662,6.712,-1.914,53.168,4.226,0.005153,9.811,1018.809,1007.52,1019.083,671.723,,1
SFO,2024-02-29,20,2024-02-28,18,26,12.77,0.848351197812304,0.5294338912181852,100.0,32.549,2.572,9.816,93.901,0.08,12.77,100.0,32.549,12.076,6.709,2.26,-6.26,84.364,9.504,0.007377,2.572,1016.539,1005.181,1016.459,93.901,,1
SFO,2024-03-01,20,2024-02-29,18,26,12.938,0.8573146280763322,0.5147928015098309,100.0,34.092,4.472,11.777,375.836,-1.152,12.938,100.0,34.092,12.244,5.851,0.467,-8.945,74.245,7.772,0.006575,4.472,1014.319,1002.976,1015.471,375.836,,1
SFO,2024-03-02,20,2024-03-01,18,26,10.247,0.8660254037844386,0.5000000000000001,91.849,26.879,5.783,12.859,367.955,-0.547,10.247,91.849,26.879,9.553,2.649,-3.306,-12.858,67.365,3.77,0.004981,5.783,1012.718,1001.273,1013.265,367.955,,1
SFO,2024-03-03,20,2024-03-02,18,26,11.624,0.8744809578310397,0.4850598461951962,52.856,26.384,6.138,12.714,596.544,-0.026,11.624,52.856,26.384,10.93,3.714,-1.784,-10.292,65.736,4.792,0.005332,6.138,1017.459,1006.019,1017.485,596.544,,1
SFO,2024-03-04,20,2024-03-03,18,26,12.03,0.8826787983255473,0.4699767430273202,100.0,9.331,8.131,13.391,490.891,-0.147,12.03,100.0,9.331,11.336,3.76,-2.055,-5.326,57.356,3.205,0.00475,8.131,1021.391,1009.924,1021.538,490.891,,1
SFO,2024-03-05,20,2024-03-04,18,26,14.782,0.8906165093267404,0.45475513555610586,100.0,18.107,7.264,12.679,480.279,-0.425,14.782,100.0,18.107,14.088,7.291,1.409,-5.564,61.985,6.824,0.006147,7.264,1017.844,1006.547,1018.269,480.279,,1
SFO,2024-03-06,20,2024-03-05,18,26,14.037,0.8982917515547529,0.43939950965914154,100.0,6.873,5.821,11.285,448.212,-0.291,14.037,100.0,6.873,13.343,7.456,2.058,-7.393,68.063,7.522,0.006475,5.821,1012.937,1001.669,1013.228,448.212,,1
SFO,2024-03-07,20,2024-03-06,18,26,13.174,0.9057022630804714,0.42391439070986076,5.037,12.098,7.248,10.835,677.459,0.649,13.174,5.037,12.098,12.48,5.974,1.645,-5.089,61.854,5.232,0.005502,7.248,1016.704,1005.356,1016.055,677.459,,1
SFO,2024-03-08,20,2024-03-07,18,26,15.543,0.9128458599921356,0.40830434224389334,0.0,4.492,11.377,8.407,740.952,-0.827,15.543,0.0,4.492,14.849,8.195,6.442,0.772,47.45,3.472,0.004849,11.377,1021.535,1010.214,1022.362,740.952,,1
SFO,2024-03-09,20,2024-03-08,18,26,14.25,0.9197204370389466,0.3925739646141719,100.0,11.301,6.509,10.894,419.037,-0.243,14.25,100.0,11.301,13.556,6.709,2.662,-5.144,64.833,7.047,0.006206,6.509,1021.329,1009.971,1021.572,419.037,,1
SFO,2024-03-10,20,2024-03-09,18,26,14.004,0.9263239682514949,0.3767278936351853,99.321,14.413,8.296,11.277,648.311,-1.009,14.004,99.321,14.413,13.31,6.094,2.033,-3.631,57.944,5.014,0.005423,8.296,1019.094,1007.735,1020.103,648.311,,1
SFO,2024-03-11,20,2024-03-10,18,26,13.369,0.9326545075388224,0.36077079921678346,100.0,8.038,7.612,12.58,713.469,-0.175,13.369,100.0,8.038,12.675,5.651,0.095,-0.848,60.66,5.063,0.005434,7.612,1019.652,1008.278,1019.827,713.469,,1
SFO,2024-03-12,20,2024-03-11,18,26,14.552,0.9387101892619443,0.3447073839879338,51.051,15.219,4.842,11.745,584.962,0.981,14.552,51.051,15.219,13.858,6.853,2.113,-2.866,72.742,9.016,0.007098,4.842,1021.675,1010.328,1020.694,584.962,,1
SFO,2024-03-13,20,2024-03-12,18,26,13.276,0.9444892287836613,0.32854238191083485,25.497,16.932,6.513,6.54,734.148,-0.818,13.276,25.497,16.932,12.582,6.269,6.042,0.804,64.825,6.069,0.005786,6.513,1021.652,1010.254,1022.47,734.148,,1
SFO,2024-03-14,20,2024-03-13,18,26,16.279,0.949989922994501,0.3122805568857947,0.0,32.053,15.76,10.549,783.713,-0.867,16.279,0.0,32.053,15.585,8.421,5.036,2.929,34.531,-0.175,0.003773,15.76,1016.25,1005.002,1017.117,783.713,,1
SFO,2024-03-15,20,2024-03-14,18,26,17.832,0.9552106508146316,0.2959267013472893,0.0,22.569,15.459,9.368,780.204,0.023,17.832,0.0,22.569,17.138,10.738,7.77,-1.962,35.886,1.679,0.004341,15.459,1010.674,999.536,1010.651,780.204,,1
SFO,2024-03-16,20,2024-03-15,18,26,16.755,0.9601498736716018,0.2794856348516095,0.348,5.387,10.723,9.375,765.965,0.076,16.755,0.348,5.387,16.061,10.558,6.686,-1.276,51.263,5.338,0.005598,10.723,1016.768,1005.559,1016.692,765.965,,1
SFO,2024-03-17,20,2024-03-16,18,26,16.496,0.9648061359537646,0.26296220265651465,3.829,8.327,9.589,6.905,770.973,-0.24,16.496,3.829,8.327,15.802,11.959,8.897,-0.098,55.13,6.213,0.005901,9.589,1018.844,1007.618,1019.084,770.973,,1
SFO,2024-03-18,20,2024-03-17,18,26,17.548,0.9691780654392536,0.2463612742933148,9.189,6.698,9.653,6.23,772.056,-0.925,17.548,9.189,6.698,16.854,13.618,10.624,0.434,55.998,7.201,0.006305,9.653,1019.42,1008.202,1020.345,772.056,,1
SFO,2024-03-19,20,2024-03-18,18,26,16.178,0.9732643737003824,0.22968774213179574,5.518,12.152,6.766,4.411,762.096,-0.559,16.178,5.518,12.152,15.484,13.84,11.073,0.154,66.475,8.718,0.006993,6.766,1018.638,1007.417,1019.197,762.096,,1
SFO,2024-03-20,20,2024-03-19,18,26,15.916,0.9770638564833508,0.21294651993841582,53.056,14.002,9.037,6.794,792.029,0.045,15.916,53.056,14.002,15.222,10.767,8.428,-1.145,56.668,6.185,0.005881,9.037,1019.198,1007.946,1019.153,792.029,,1
SFO,2024-03-21,20,2024-03-20,18,26,16.539,0.9805753940631429,0.19614254142819698,99.949,10.353,7.236,9.785,749.362,-0.117,16.539,99.949,10.353,15.845,9.685,6.06,-0.907,63.535,8.609,0.006924,7.236,1020.603,1009.357,1020.72,749.362,,1
SFO,2024-03-22,20,2024-03-21,18,26,16.306,0.9837979515735163,0.17928075881073577,100.0,21.113,6.009,10.655,426.94,-1.544,16.306,100.0,21.113,15.612,9.933,4.957,-3.862,68.195,9.603,0.00744,6.009,1015.861,1004.654,1017.405,426.94,,1
SFO,2024-03-23,20,2024-03-22,18,26,13.502,0.9867305793119814,0.1623661413307638,12.948,19.696,6.041,12.298,792.416,-0.976,13.502,12.948,19.696,12.808,6.007,0.51,-9.358,67.111,6.767,0.006165,6.041,1012.125,1000.821,1013.101,792.416,,1
SFO,2024-03-24,20,2024-03-23,18,26,13.161,0.9893724130196829,0.14540367380369,43.364,31.797,5.6,12.081,745.113,0.191,13.161,43.364,31.797,12.467,5.726,0.386,-8.903,68.937,6.867,0.006195,5.6,1012.468,1001.154,1012.277,745.113,,1
SFO,2024-03-25,20,2024-03-24,18,26,13.545,0.9917226741361015,0.12839835514655099,81.34,22.912,6.687,8.706,746.301,-0.343,13.545,81.34,22.912,12.851,5.328,4.145,-2.537,64.151,6.164,0.005877,6.687,1016.215,1004.871,1016.558,746.301,,1
SFO,2024-03-26,20,2024-03-25,18,26,14.339,0.9937806700284985,0.11135519690480875,5.0,10.53,7.527,7.854,821.304,0.098,14.339,5.0,10.53,13.645,7.654,5.791,-2.737,61.868,6.118,0.005838,7.527,1019.202,1007.895,1019.104,821.304,,1
SFO,2024-03-27,20,2024-03-26,18,26,15.418,0.9955457941960382,0.09427922177542453,100.0,13.068,6.149,10.902,544.236,-0.875,15.418,100.0,13.068,14.724,8.812,3.822,-2.549,67.292,8.575,0.006919,6.149,1019.9,1008.618,1020.775,544.236,,1
SFO,2024-03-28,20,2024-03-27,18,26,13.51,0.9970175264485267,0.07717546212664653,5.662,14.48,7.903,13.448,823.285,-0.235,13.51,5.662,14.48,12.816,4.964,-0.632,-7.369,59.075,4.913,0.005365,7.903,1019.686,1008.296,1019.921,823.285,,1
SFO,2024-03-29,20,2024-03-28,18,26,9.353,0.998195433059714,0.060048958514948375,100.0,29.153,2.329,8.236,145.194,-2.479,9.353,100.0,29.153,8.659,3.43,0.423,-7.162,85.08,6.33,0.005997,2.329,1005.386,993.997,1007.865,145.194,,1
SFO,2024-03-30,20,2024-03-29,18,26,13.878,0.9990791668951153,0.042904758199554596,53.485,18.054,7.268,12.033,808.781,0.337,13.878,53.485,18.054,13.184,6.782,1.151,-9.117,61.394,5.916,0.005832,7.268,1004.147,992.954,1003.81,808.781,,1
SFO,2024-03-31,20,2024-03-30,18,26,14.97,0.999668467514313,0.025747913654988658,13.813,11.682,6.441,10.966,827.052,-0.432,14.97,13.813,11.682,14.276,7.997,3.31,-5.939,66.209,7.835,0.006643,6.441,1008.79,997.61,1009.222,827.052,,1
SFO,2024-04-01,20,2024-03-31,18,26,17.087,0.9999631612477099,0.008583481082087055,0.0,9.328,13.465,9.395,858.876,1.325,17.087,0.0,9.328,16.393,10.101,6.998,2.019,41.581,2.928,0.004706,13.465,1017.771,1006.548,1016.446,858.876,,1
SFO,2024-04-02,20,2024-04-01,18,26,17.656,0.9999631612477099,-0.008583481082086933,7.575,6.228,9.646,5.338,839.804,0.417,17.656,7.575,6.228,16.962,13.425,11.624,4.151,56.017,7.316,0.006334,9.646,1024.799,1013.537,1024.382,839.804,,1
SFO,2024-04-03,20,2024-04-02,18,26,14.177,0.999668467514313,-0.025747913654988536,45.935,23.304,4.886,5.09,718.336,-1.432,14.177,45.935,23.304,13.483,7.049,8.393,-0.166,72.67,8.597,0.00691,4.886,1020.878,1009.519,1022.31,718.336,,1
SFO,2024-04-04,20,2024-04-03,18,26,9.969,0.9990791668951153,-0.04290475819955447,75.115,27.287,8.341,13.063,711.728,-0.776,9.969,75.115,27.287,9.275,2.433,-3.788,-14.898,55.866,0.934,0.004087,8.341,1009.236,997.805,1010.012,711.728,,1
SFO,2024-04-05,20,2024-04-04,18,26,10.633,0.998195433059714,-0.06004895851494825,84.539,27.307,7.351,12.71,626.844,1.708,10.633,84.539,27.307,9.939,2.838,-2.771,-12.62,60.069,2.588,0.004577,7.351,1013.113,1001.687,1011.405,626.844,,1
SFO,2024-04-06,20,2024-04-05,18,26,12.695,0.9970175264485267,-0.0771754621266464,5.0,14.986,9.625,14.166,797.795,0.233,12.695,5.0,14.986,12.001,3.49,-2.165,-4.934,51.99,2.376,0.004457,9.625,1026.264,1014.771,1026.031,797.795,,1
SFO,2024-04-07,20,2024-04-06,18,26,12.84,0.9955457941960382,-0.0942792217754244,32.19,19.919,9.155,13.304,867.055,-0.709,12.84,32.19,19.919,12.146,4.644,-1.158,-7.183,54.244,2.991,0.004686,9.155,1022.608,1011.176,1023.317,867.055,,1
SFO,2024-04-08,20,2024-04-07,18,26,14.889,0.9937806700284985,-0.11135519690480884,0.257,12.355,10.34,8.031,874.123,-0.405,14.889,0.257,12.355,14.195,9.785,6.164,-0.14,52.525,3.855,0.005021,10.34,1019.467,1008.185,1019.872,874.123,,1
SFO,2024-04-09,20,2024-04-08,18,26,18.214,0.9917226741361015,-0.12839835514655107,5.0,5.905,10.925,6.895,862.793,-0.473,18.214,5.0,5.905,17.52,14.037,10.625,2.984,52.144,6.595,0.006059,10.925,1020.39,1009.184,1020.863,862.793,,1
SFO,2024-04-10,20,2024-04-09,18,26,18.89,0.9893724130196829,-0.14540367380368988,58.803,11.052,9.202,4.269,866.73,-0.467,18.89,58.803,11.052,18.196,16.561,13.927,4.715,58.544,8.994,0.007112,9.202,1019.043,1007.883,1019.51,866.73,,1
SFO,2024-04-11,20,2024-04-10,18,26,18.515,0.9867305793119815,-0.16236614133076344,5.658,13.187,8.851,3.089,873.664,-1.447,18.515,5.658,13.187,17.821,17.358,14.732,3.733,59.48,8.97,0.007136,8.851,1013.093,1001.995,1014.54,873.664,,1
SFO,2024-04-12,20,2024-04-11,18,26,15.56,0.9837979515735163,-0.17928075881073544,11.863,12.886,8.482,8.864,832.498,-0.055,15.56,11.863,12.886,14.866,9.23,6.002,-1.278,58.665,6.384,0.006027,8.482,1007.942,996.787,1007.997,832.498,,1
SFO,2024-04-13,20,2024-04-12,18,26,10.217,0.980575394063143,-0.19614254142819687,100.0,23.353,3.212,9.762,124.114,0.641,10.217,100.0,23.353,9.523,3.545,-0.239,-9.299,80.546,6.311,0.005959,3.212,1011.669,1000.245,1011.028,124.114,,1
SFO,2024-04-14,20,2024-04-13,18,26,12.457,0.9770638564833508,-0.21294651993841548,89.18,15.52,6.556,11.572,811.985,0.387,12.457,89.18,15.52,11.763,5.426,0.191,-7.922,65.199,5.207,0.005469,6.556,1019.817,1008.424,1019.43,811.985,,1
SFO,2024-04-15,20,2024-04-14,18,26,13.973,0.9732643737003825,-0.2296877421317954,58.25,11.287,6.245,7.496,794.875,-0.486,13.973,58.25,11.287,13.279,6.69,5.783,1.287,66.845,7.034,0.006196,6.245,1023.098,1011.726,1023.584,794.875,,1
SFO,2024-04-16,20,2024-04-15,18,26,17.352,0.9691780654392537,-0.2463612742933147,61.862,11.03,7.876,5.313,892.589,-0.219,17.352,61.862,11.03,16.658,13.102,11.345,4.683,63.008,8.782,0.007013,7.876,1019.887,1008.671,1020.106,892.589,,1
SFO,2024-04-17,20,2024-04-16,18,26,18.688,0.9648061359537646,-0.26296220265651454,93.433,10.594,8.908,2.626,864.433,-1.116,18.688,93.433,10.594,17.994,15.998,15.368,5.126,60.07,9.086,0.007183,8.908,1016.255,1005.124,1017.371,864.433,,1
SFO,2024-04-18,20,2024-04-17,18,26,18.373,0.9601498736716018,-0.2794856348516094,77.668,8.042,7.998,4.298,789.174,-0.737,18.373,77.668,8.042,17.679,15.407,13.381,4.61,62.916,9.681,0.007489,7.998,1013.801,1002.687,1014.538,789.174,,1
SFO,2024-04-19,20,2024-04-18,18,26,17.546,0.9552106508146317,-0.2959267013472892,7.575,11.532,7.858,3.835,884.049,-0.286,17.546,7.575,11.532,16.852,14.179,13.017,3.294,61.656,8.994,0.007123,7.858,1014.429,1003.273,1014.715,884.049,,1
SFO,2024-04-20,20,2024-04-19,18,26,18.007,0.949989922994501,-0.3122805568857946,0.0,14.153,10.879,4.241,917.549,0.612,18.007,0.0,14.153,17.313,15.436,13.072,2.975,51.753,6.434,0.006006,10.879,1018.964,1007.765,1018.352,917.549,,1
SFO,2024-04-21,20,2024-04-20,18,26,18.688,0.9444892287836613,-0.32854238191083474,31.241,10.392,7.941,3.035,892.417,-1.321,18.688,31.241,10.392,17.994,17.17,14.959,5.647,63.917,10.053,0.007671,7.941,1016.286,1005.148,1017.607,892.417,,1
SFO,2024-04-22,20,2024-04-21,18,26,18.305,0.9387101892619443,-0.3447073839879337,15.814,12.179,6.965,3.542,881.645,-0.221,18.305,15.814,12.179,17.611,16.091,14.069,3.587,66.046,10.646,0.008016,6.965,1010.587,999.483,1010.808,881.645,,1
SFO,2024-04-23,20,2024-04-22,18,26,16.483,0.9326545075388224,-0.3607707992167833,9.857,18.751,8.123,6.606,888.189,0.6,16.483,9.857,18.751,15.789,8.797,9.183,1.837,59.904,7.666,0.006529,8.123,1015.146,1003.932,1014.546,888.189,,1
SFO,2024-04-24,20,2024-04-23,18,26,15.831,0.926323968251495,-0.37672789363518516,92.194,10.797,7.136,11.215,626.381,-0.524,15.831,92.194,10.797,15.137,8.461,3.922,-0.053,63.429,8.001,0.006669,7.136,1017.904,1006.646,1018.428,626.381,,1
SFO,2024-04-25,20,2024-04-24,18,26,15.127,0.9197204370389467,-0.39257396461417177,41.114,26.229,4.876,8.376,783.63,0.774,15.127,41.114,26.229,14.433,7.42,6.057,-1.853,72.904,9.557,0.00738,4.876,1019.728,1008.428,1018.954,783.63,,1
SFO,2024-04-26,20,2024-04-25,18,26,15.405,0.9128458599921355,-0.40830434224389345,26.492,32.33,6.948,12.616,896.922,-0.596,15.405,26.492,32.33,14.711,7.97,2.095,-5.086,64.009,7.763,0.006567,6.948,1016.496,1005.243,1017.092,896.922,,1
SFO,2024-04-27,20,2024-04-26,18,26,15.859,0.9057022630804715,-0.42391439070986064,9.156,17.019,7.562,7.644,911.676,0.185,15.859,9.156,17.019,15.165,9.867,7.521,0.94,62.249,7.603,0.006482,7.562,1018.987,1007.735,1018.802,911.676,,1
SFO,2024-04-28,20,2024-04-27,18,26,16.407,0.8982917515547528,-0.4393995096591418,0.0,22.625,7.444,6.921,940.153,-0.2,16.407,0.0,22.625,15.713,10.011,8.792,0.515,62.68,8.269,0.006776,7.444,1020.421,1009.152,1020.621,940.153,,1
SFO,2024-04-29,20,2024-04-28,18,26,15.932,0.8906165093267405,-0.4547551355561055,0.0,23.537,10.044,5.409,944.82,-0.543,15.932,0.0,23.537,15.238,10.329,9.829,1.239,53.028,5.194,0.005487,10.044,1018.336,1007.087,1018.879,944.82,,1
SFO,2024-04-30,20,2024-04-29,18,26,16.058,0.8826787983255476,-0.4699767430273197,1.944,20.772,12.117,4.314,960.796,-0.702,16.058,1.944,20.772,15.364,11.481,11.05,2.386,47.365,3.247,0.004843,12.117,1016.781,1005.556,1017.483,960.796,,1
SFO,2024-05-01,20,2024-04-30,18,26,16.643,0.8744809578310397,-0.4850598461951961,2.748,16.014,12.875,5.133,958.233,-0.899,16.643,2.748,16.014,15.949,13.289,10.816,0.839,46.165,3.074,0.004805,12.875,1015.647,1004.458,1016.546,958.233,,1
SFO,2024-05-02,20,2024-05-01,18,26,17.745,0.8660254037844387,-0.49999999999999983,15.925,19.287,9.395,6.052,923.741,-0.515,17.745,15.925,19.287,17.051,13.829,10.999,2.022,57.689,7.656,0.006546,9.395,1015.743,1004.589,1016.258,923.741,,1
SFO,2024-05-03,20,2024-05-02,18,26,16.683,0.8573146280763325,-0.5147928015098304,6.76,19.185,9.52,6.079,931.136,-0.315,16.683,6.76,19.185,15.989,13.089,9.91,2.259,56.12,6.469,0.006025,9.52,1013.262,1002.108,1013.577,931.136,,1
SFO,2024-05-04,20,2024-05-03,18,26,9.513,0.848351197812304,-0.5294338912181853,100.0,14.777,1.438,9.104,50.216,0.758,9.513,100.0,14.777,8.819,3.793,-0.285,-6.489,91.02,7.381,0.006441,1.438,1010.173,998.752,1009.415,50.216,,1
SFO,2024-05-05,20,2024-05-04,18,26,12.957,0.8391377545563939,-0.5439189543287246,2.883,23.006,8.508,12.17,956.208,1.231,12.957,2.883,23.006,12.263,4.744,0.093,-5.241,56.827,3.755,0.004962,8.508,1018.156,1006.77,1016.925,956.208,,1
SFO,2024-05-06,20,2024-05-05,18,26,14.134,0.829677013552619,-0.5582437220268646,82.794,15.498,6.845,9.757,878.88,-0.382,14.134,82.794,15.498,13.44,7.923,3.683,1.15,64.663,6.595,0.006028,6.845,1021.115,1009.789,1021.497,878.88,,1
SFO,2024-05-07,20,2024-05-06,18,26,14.785,0.8199717629247771,-0.5724039727378148,5.0,18.571,7.94,6.02,949.659,-1.084,14.785,5.0,18.571,14.091,9.46,8.071,2.217,60.578,6.151,0.005857,7.94,1017.542,1006.279,1018.626,949.659,,1
SFO,2024-05-08,20,2024-05-07,18,26,19.584,0.8100248628547753,-0.5863955333706956,0.0,17.791,17.644,7.856,981.615,-1.548,19.584,0.0,17.791,18.89,15.432,11.034,5.151,34.898,1.246,0.004274,17.644,1013.059,1001.959,1014.607,981.615,,1
SFO,2024-05-09,20,2024-05-08,18,26,22.461,0.7998392447397195,-0.6002142805483681,0.547,13.793,15.92,10.725,958.351,-0.458,22.461,0.547,13.793,21.767,16.344,11.042,4.342,36.511,5.847,0.005776,15.92,1012.253,1001.224,1012.711,958.351,,1
SFO,2024-05-10,20,2024-05-09,18,26,20.588,0.7894179103280197,-0.6138561418226121,3.94,7.418,13.497,5.614,952.326,-0.326,20.588,3.94,7.418,19.894,19.002,14.28,2.69,46.775,6.397,0.006003,13.497,1013.918,1002.853,1014.244,952.326,,1
SFO,2024-05-11,20,2024-05-10,18,26,20.082,0.7787639308347607,-0.6273170968742938,12.466,10.405,9.408,2.776,905.533,-0.524,20.082,12.466,10.405,19.388,20.377,16.612,3.065,58.447,9.98,0.007645,9.408,1012.994,1001.93,1013.518,905.533,,1
SFO,2024-05-12,20,2024-05-11,18,26,19.458,0.7678804460366001,-0.6405931786981751,16.733,12.685,9.329,3.205,899.648,-0.126,19.458,16.733,12.685,18.764,18.871,15.559,3.708,58.756,9.435,0.007383,9.329,1013.993,1002.896,1014.119,899.648,,1
SFO,2024-05-13,20,2024-05-12,18,26,17.346,0.7567706633464624,-0.6536804747720061,15.616,12.854,8.061,1.804,914.113,0.046,17.346,15.616,12.854,16.652,17.326,14.848,4.784,62.152,8.591,0.00697,8.061,1014.099,1002.949,1014.053,914.113,,1
SFO,2024-05-14,20,2024-05-13,18,26,17.98,0.7454378568683001,-0.6665751282095632,8.18,9.008,8.535,0.532,928.584,-0.946,17.98,8.18,9.008,17.286,17.952,16.754,6.164,60.224,8.751,0.007035,8.535,1012.682,1001.565,1013.628,928.584,,1
SFO,2024-05-15,20,2024-05-14,18,26,18.261,0.7338853664321991,-0.6792733388972931,9.907,10.111,7.382,-1.474,911.6,-0.284,18.261,9.907,10.111,17.567,18.878,19.041,7.651,64.171,10.185,0.007741,7.382,1012.041,1000.935,1012.325,911.6,,1
SFO,2024-05-16,20,2024-05-15,18,26,18.686,0.7221165966101163,-0.6917713646142218,11.986,11.546,6.923,-0.921,921.834,-0.134,18.686,11.986,11.546,17.992,17.878,18.913,7.857,66.396,11.069,0.008203,6.923,1012.521,1001.425,1012.655,921.834,,1
SFO,2024-05-17,20,2024-05-16,18,26,17.54,0.7101350157125357,-0.7040655221348058,11.745,10.833,7.189,-1.018,959.013,-0.81,17.54,11.745,10.833,16.846,12.902,17.864,8.335,65.218,9.657,0.007485,7.189,1012.842,1001.703,1013.652,959.013,,1
SFO,2024-05-18,20,2024-05-17,18,26,17.62,0.6979441547663439,-0.7161521883143931,5.74,11.04,7.172,0.072,953.78,-0.285,17.62,5.74,11.04,16.926,13.48,16.854,6.611,64.653,9.754,0.007529,7.172,1013.954,1002.801,1014.239,953.78,,1
SFO,2024-05-19,20,2024-05-18,18,26,17.058,0.6855476064742155,-0.7280278011569847,5.854,13.077,9.473,2.401,966.633,-0.125,17.058,5.854,13.077,16.364,14.169,13.963,4.853,56.63,6.891,0.006202,9.473,1016.191,1005.001,1016.316,966.633,,1
SFO,2024-05-20,20,2024-05-19,18,26,16.727,0.672949024155833,-0.7396888608649667,11.674,9.872,9.83,4.352,960.946,-0.075,16.727,11.674,9.872,16.033,12.946,11.681,2.448,56.524,6.203,0.005924,9.83,1014.559,1003.382,1014.634,960.946,,1
SFO,2024-05-21,20,2024-05-20,18,26,18.992,0.660152120671232,-0.7511319308705197,2.13,12.121,12.796,5.146,975.489,-0.309,18.992,2.13,12.121,18.298,16.816,13.152,2.65,49.112,5.502,0.005687,12.796,1014.185,1003.077,1014.494,975.489,,1
SFO,2024-05-22,20,2024-05-21,18,26,17.54,0.6471606673266062,-0.7623536388483902,13.043,16.276,6.996,2.064,901.294,-0.025,17.54,13.043,16.276,16.846,14.403,14.782,6.261,65.365,9.85,0.007563,6.996,1013.457,1002.303,1013.482,901.294,,1
SFO,2024-05-23,20,2024-05-22,18,26,17.64,0.6339784927628868,-0.7733506777097298,2.561,16.88,11.968,5.681,956.618,-0.199,17.64,2.561,16.88,16.946,14.013,11.265,5.041,49.21,4.978,0.005475,11.968,1012.944,1001.808,1013.143,956.618,,1
SFO,2024-05-24,20,2024-05-23,18,26,13.701,0.620609481827423,-0.7841198065767103,29.287,18.706,5.447,2.233,696.2,-0.009,13.701,29.287,18.706,13.007,6.032,10.774,2.453,69.973,7.56,0.006472,5.447,1013.455,1002.152,1013.464,696.2,,1
SFO,2024-05-25,20,2024-05-24,18,26,13.86,0.6070575744291002,-0.7946578517376252,38.397,16.071,5.189,3.073,587.936,0.896,13.86,38.397,16.071,13.166,6.232,10.093,4.101,71.326,7.977,0.006644,5.189,1016.843,1005.524,1015.947,587.936,,1
SFO,2024-05-26,20,2024-05-25,18,26,16.451,0.593326764377232,-0.8049617075821959,8.155,10.735,8.588,3.222,929.871,-0.512,16.451,8.155,10.735,15.757,13.139,12.535,5.173,59.838,7.169,0.006298,8.588,1016.83,1005.628,1017.342,929.871,,1
SFO,2024-05-27,20,2024-05-26,18,26,17.066,0.5794210982045638,-0.8150283375168113,18.123,11.949,7.95,1.616,900.907,-0.519,17.066,18.123,11.949,16.372,15.828,14.756,5.158,62.27,8.422,0.006859,7.95,1016.763,1005.571,1017.282,900.907,,1
SFO,2024-05-28,20,2024-05-27,18,26,16.298,0.5653446739747428,-0.8248547748594245,17.332,16.003,7.353,0.984,927.371,0.553,16.298,17.332,16.003,15.604,14.81,14.62,5.741,63.499,8.251,0.006764,7.353,1019.092,1007.839,1018.539,927.371,,1
SFO,2024-05-29,20,2024-05-28,18,26,17.671,0.5511016400746,-0.8344381237138473,4.467,17.811,9.592,3.54,972.974,-0.356,17.671,4.467,17.811,16.977,14.813,13.437,6.926,56.997,7.385,0.006395,9.592,1019.113,1007.915,1019.469,972.974,,1
SFO,2024-05-30,20,2024-05-29,18,26,19.752,0.5366961939916005,-0.8437755598231856,24.85,14.601,11.912,2.547,953.597,-0.557,19.752,24.85,14.601,19.058,19.624,16.511,8.178,51.796,7.146,0.006322,11.912,1015.108,1004.019,1015.665,953.597,,1
SFO,2024-05-31,20,2024-05-30,18,26,18.98,0.522132581076825,-0.8528643314021596,16.797,12.837,9.368,-0.331,912.544,0.031,18.98,16.797,12.837,18.286,21.327,18.617,7.675,58.322,8.918,0.007122,9.368,1012.177,1001.09,1012.146,912.544,,1
SFO,2024-06-01,20,2024-05-31,18,26,16.24,0.5074150932938454,-0.8617017599480682,12.099,17.152,7.049,-1.185,961.626,0.752,16.24,12.099,17.152,15.546,13.38,16.731,6.84,64.2,8.497,0.006912,7.049,1014.286,1003.078,1013.534,961.626,,1
SFO,2024-06-02,20,2024-06-01,18,26,17.298,0.4925480679538644,-0.8702852410301551,79.941,17.255,6.893,1.204,861.369,0.141,17.298,79.941,17.255,16.604,13.371,15.4,8.377,65.449,9.711,0.00749,6.893,1015.091,1003.917,1014.95,861.369,,1
SFO,2024-06-03,20,2024-06-02,18,26,16.424,0.47753588643748834,-0.8786122450571482,100.0,12.583,2.667,4.404,459.386,0.054,16.424,100.0,12.583,15.73,12.591,11.326,7.073,84.527,13.063,0.00934,2.667,1015.902,1004.715,1015.848,459.386,,1
SFO,2024-06-04,20,2024-06-03,18,26,21.779,0.4623829729035147,-0.8866803180227402,5.285,16.042,11.368,0.214,943.643,-0.851,21.779,5.285,16.042,21.085,22.853,20.871,9.903,52.385,9.717,0.007511,11.368,1012.761,1001.746,1013.612,943.643,,1
SFO,2024-06-05,20,2024-06-04,18,26,22.847,0.44709379298511426,-0.8944870822287955,23.292,14.745,11.33,-1.443,897.553,-0.342,22.847,23.292,14.745,22.153,26.104,23.596,12.024,54.041,10.823,0.008108,11.33,1011.119,1000.143,1011.461,897.553,,1
SFO,2024-06-06,20,2024-06-05,18,26,18.794,0.43167285247378384,-0.9020302369860707,17.409,12.893,7.997,-5.569,890.625,-0.194,18.794,17.409,12.893,18.1,24.032,23.669,12.193,62.82,10.103,0.007721,7.997,1011.416,1000.333,1011.61,890.625,,1
SFO,2024-06-07,20,2024-06-06,18,26,19.051,0.4161246959914746,-0.9093075592922357,15.402,13.257,8.741,-3.97,920.606,0.424,19.051,15.402,13.257,18.357,21.029,22.327,12.821,60.193,9.616,0.007462,8.741,1011.018,999.952,1010.594,920.606,,1
SFO,2024-06-08,20,2024-06-07,18,26,17.121,0.40045390565126676,-0.9163169044870046,100.0,15.94,6.695,-2.898,869.894,0.3,17.121,100.0,15.94,16.427,15.498,19.325,10.512,66.557,9.732,0.007503,6.695,1012.923,1001.765,1012.623,869.894,,1
SFO,2024-06-09,20,2024-06-08,18,26,17.034,0.3846650997070012,-0.9230562068841761,18.18,14.745,7.447,-0.525,916.933,0.35,17.034,18.18,14.745,16.34,16.137,16.865,8.2,63.252,8.893,0.00708,7.447,1014.833,1003.653,1014.483,916.933,,1
SFO,2024-06-10,20,2024-06-09,18,26,19.649,0.3687629311922603,-0.9295234803804002,14.07,11.309,8.991,-1.344,904.711,-0.915,19.649,14.07,11.309,18.955,21.171,20.299,10.506,60.298,9.964,0.007634,8.991,1012.911,1001.839,1013.826,904.711,,1
SFO,2024-06-11,20,2024-06-10,18,26,21.53,0.352752086549095,-0.9357168190404935,15.437,11.859,11.502,-2.681,916.746,-0.18,21.53,15.437,11.859,20.836,25.359,23.517,12.826,53.068,9.334,0.007328,11.502,1012.019,1001.004,1012.199,916.746,,1
SFO,2024-06-12,20,2024-06-11,18,26,18.336,0.3366372842469106,-0.9416343976591258,21.052,14.814,8.72,-7.104,909.752,0.29,18.336,21.052,14.814,17.642,18.42,24.746,13.074,59.722,8.922,0.007109,8.72,1012.742,1001.608,1012.452,909.752,,1
SFO,2024-06-13,20,2024-06-12,18,26,17.361,0.3204232733919112,-0.9472744722987169,15.473,12.957,7.761,-5.262,919.9,0.563,17.361,15.473,12.957,16.667,15.484,21.929,11.632,62.435,8.906,0.007085,7.761,1015.263,1004.083,1014.7,919.9,,1
SFO,2024-06-14,20,2024-06-13,18,26,18.685,0.304114832327518,-0.9526353808033825,0.0,14.808,11.235,-0.416,969.566,0.104,18.685,0.0,14.808,17.991,20.163,18.407,10.026,51.406,6.756,0.006146,11.235,1017.599,1006.435,1017.495,969.566,,1
SFO,2024-06-15,20,2024-06-14,18,26,18.288,0.28771676722616724,-0.9577155432887803,5.0,20.382,11.079,1.33,980.058,-0.748,18.288,5.0,20.382,17.594,14.983,16.264,7.472,51.51,6.515,0.006058,11.079,1015.539,1004.392,1016.287,980.058,,1
SFO,2024-06-16,20,2024-06-15,18,26,17.926,0.27123391067291,-0.9625134626077081,67.222,19.212,11.547,1.626,966.881,-0.092,17.926,67.222,19.212,17.232,16.119,15.606,7.583,49.471,5.685,0.005735,11.547,1012.178,1001.049,1012.27,966.881,,1
SFO,2024-06-17,20,2024-06-16,18,26,18.618,0.2546711202412288,-0.9670277247913204,0.0,20.053,13.413,6.845,969.149,-0.58,18.618,0.0,20.053,17.924,15.81,11.079,5.144,46.355,4.511,0.005333,13.413,1011.603,1000.517,1012.183,969.149,,1
SFO,2024-06-18,20,2024-06-17,18,26,17.85,0.2380332770614858,-0.9712569994658313,60.679,16.012,9.58,2.907,886.84,0.417,17.85,60.679,16.012,17.156,16.502,14.249,5.474,57.076,7.576,0.006529,9.58,1010.745,999.628,1010.328,886.84,,1
SFO,2024-06-19,20,2024-06-18,18,26,17.281,0.22132528438243243,-0.9752000402445825,49.416,14.052,8.887,2.314,929.147,0.073,17.281,49.416,14.052,16.587,14.149,14.273,5.365,59.728,7.7,0.006615,8.887,1012.808,1001.659,1012.735,929.147,,1
SFO,2024-06-20,20,2024-06-19,18,26,18.223,0.2045520661262008,-0.9788556850953578,25.953,13.44,8.762,-0.297,893.338,-0.478,18.223,25.953,13.44,17.529,17.686,17.826,6.744,60.149,8.767,0.007062,8.762,1011.505,1000.406,1011.983,893.338,,1
SFO,2024-06-21,20,2024-06-20,18,26,19.895,0.18771856543719884,-0.9822228566828406,16.939,11.341,9.502,-2.354,902.487,-0.515,19.895,16.939,11.341,19.201,23.512,21.555,11.009,59.007,9.699,0.007518,9.502,1009.328,998.31,1009.843,902.487,,1
SFO,2024-06-22,20,2024-06-21,18,26,21.817,0.17082974322534397,-0.985300562686109,14.648,10.814,11.773,-2.733,922.447,0.118,21.817,14.648,10.814,21.123,26.941,23.856,12.652,52.948,9.35,0.007342,11.773,1009.21,998.231,1009.092,922.447,,1
SFO,2024-06-23,20,2024-06-22,18,26,19.706,0.15389057670406214,-0.9880878960910771,16.519,14.033,8.98,-2.807,888.113,-0.199,19.706,16.519,14.033,19.012,23.248,21.819,11.336,60.246,10.032,0.00768,8.98,1012.391,1001.317,1012.59,888.113,,1
SFO,2024-06-24,20,2024-06-23,18,26,21.132,0.13690605792347574,-0.9905840354577969,15.835,11.589,13.569,-1.417,930.865,-0.51,21.132,15.835,11.589,20.438,24.665,21.855,11.889,48.737,6.869,0.006241,13.569,1012.352,1001.315,1012.862,930.865,,1
SFO,2024-06-25,20,2024-06-24,18,26,21.255,0.11988119229922739,-0.99278824516254,48.468,12.248,12.733,-0.902,841.777,0.33,21.255,48.468,12.248,20.561,23.193,21.463,10.953,50.78,7.828,0.006667,12.733,1013.358,1002.32,1013.028,841.777,,1
SFO,2024-06-26,20,2024-06-25,18,26,18.359,0.10282099713736068,-0.9946998756145891,13.419,15.866,8.168,-1.254,920.057,0.056,18.359,13.419,15.866,17.665,18.24,18.919,9.439,62.159,9.497,0.007384,8.168,1016.672,1005.513,1016.616,920.057,,1
SFO,2024-06-27,20,2024-06-26,18,26,18.449,0.08573050015569475,-0.9963183634476755,15.927,13.865,8.452,0.165,898.83,-0.671,18.449,15.927,13.865,17.755,17.22,17.59,9.88,60.936,9.303,0.007309,8.452,1013.5,1002.383,1014.171,898.83,,1
SFO,2024-06-28,20,2024-06-27,18,26,19.356,0.0686147380021341,-0.9976432316860063,8.113,12.224,9.738,-1.066,921.37,-0.113,19.356,8.113,12.224,18.662,18.87,19.728,11.753,57.252,8.924,0.007158,9.738,1009.258,998.215,1009.371,921.37,,1
SFO,2024-06-29,20,2024-06-28,18,26,20.047,0.05147875477034673,-0.9986740898848305,8.336,11.306,9.352,-0.608,907.144,0.9,20.047,8.336,11.306,19.353,21.167,19.961,9.075,58.603,10.001,0.007658,9.352,1012.629,1001.563,1011.729,907.144,,1
SFO,2024-06-30,20,2024-06-29,18,26,19.909,0.03432760051324382,-0.9994106342455052,12.167,15.208,8.224,0.441,918.741,0.214,19.909,12.167,15.208,19.215,19.748,18.774,9.273,61.769,10.991,0.00815,8.224,1015.659,1004.548,1015.445,918.741,,1
SFO,2024-07-01,20,2024-06-30,18,26,21.338,0.01716632975470737,-0.9998526477050269,18.219,13.077,9.672,-0.895,892.582,-0.749,21.338,18.219,13.077,20.644,23.808,21.539,11.708,58.262,10.972,0.008163,9.672,1012.623,1001.584,1013.372,892.582,,1
SFO,2024-07-02,20,2024-07-01,18,26,25.477,1.2246467991473532e-16,-1.0,12.101,10.443,16.175,-0.845,960.034,-0.387,25.477,12.101,10.443,24.783,27.842,25.628,14.972,44.272,8.608,0.006999,16.175,1009.516,998.621,1009.903,960.034,,1
SFO,2024-07-03,20,2024-07-02,18,26,25.569,-0.017166329754707124,-0.9998526477050269,8.949,8.582,16.141,-2.744,929.225,0.25,25.569,8.949,8.582,24.875,29.135,27.619,15.351,43.607,8.734,0.007075,16.141,1010.742,999.822,1010.492,929.225,,1
SFO,2024-07-04,20,2024-07-03,18,26,24.687,-0.03432760051324357,-0.9994106342455052,11.432,10.272,12.878,-2.267,904.126,-0.103,24.687,11.432,10.272,23.993,28.375,26.26,13.863,50.515,11.115,0.008246,12.878,1014.717,1003.742,1014.82,904.126,,1
SFO,2024-07-05,20,2024-07-04,18,26,24.636,-0.05147875477034649,-0.9986740898848305,19.588,13.999,15.239,-2.63,937.485,-1.073,24.636,19.588,13.999,23.942,29.168,26.572,15.202,46.13,8.703,0.007073,15.239,1013.47,1002.514,1014.543,937.485,,1
SFO,2024-07-06,20,2024-07-05,18,26,25.075,-0.06861473800213387,-0.9976432316860063,13.467,12.086,13.717,-6.084,922.264,-0.621,25.075,13.467,12.086,24.381,32.295,30.465,16.159,49.075,10.664,0.008035,13.717,1010.801,999.878,1011.422,922.264,,1
SFO,2024-07-07,20,2024-07-06,18,26,23.649,-0.0857305001556945,-0.9963183634476755,12.665,12.343,11.811,-5.665,913.469,-0.258,23.649,12.665,12.343,22.955,31.405,28.62,15.017,53.352,11.144,0.008273,11.811,1012.237,1001.264,1012.495,913.469,,1
SFO,2024-07-08,20,2024-07-07,18,26,21.944,-0.10282099713736044,-0.9946998756145891,16.609,13.735,10.333,-5.359,914.658,-0.127,21.944,16.609,13.735,21.25,29.101,26.609,15.847,56.956,10.917,0.008178,10.333,1011.097,1000.086,1011.224,914.658,,1
SFO,2024-07-09,20,2024-07-08,18,26,21.424,-0.11988119229922714,-0.99278824516254,15.846,12.94,8.586,-5.014,905.417,-0.365,21.424,15.846,12.94,20.73,23.353,25.744,14.921,62.046,12.144,0.008867,8.586,1011.481,1000.459,1011.846,905.417,,1
SFO,2024-07-10,20,2024-07-09,18,26,22.88,-0.1369060579234755,-0.9905840354577969,17.435,12.181,10.617,-4.61,877.673,-0.748,22.88,17.435,12.181,22.186,28.754,26.796,15.414,57.269,11.569,0.00854,10.617,1011.099,1000.131,1011.847,877.673,,1
SFO,2024-07-11,20,2024-07-10,18,26,25.268,-0.1538905767040619,-0.9880878960910772,13.217,12.042,13.378,-2.824,903.233,-0.579,25.268,13.217,12.042,24.574,31.114,27.398,15.338,49.457,11.196,0.008311,13.378,1010.439,999.52,1011.018,903.233,,1
SFO,2024-07-12,20,2024-07-11,18,26,23.87,-0.17082974322534417,-0.985300562686109,15.777,11.317,12.238,-5.157,897.8,-0.669,23.87,15.777,11.317,23.176,30.302,28.333,14.619,52.178,10.938,0.008176,12.238,1010.176,999.229,1010.845,897.8,,1
SFO,2024-07-13,20,2024-07-12,18,26,21.374,-0.1877185654371986,-0.9822228566828407,76.732,9.132,8.741,-7.757,800.648,-0.068,21.374,76.732,9.132,20.68,26.714,28.437,13.025,61.398,11.939,0.008726,8.741,1012.548,1001.508,1012.616,800.648,,1
SFO,2024-07-14,20,2024-07-13,18,26,21.849,-0.204552066126201,-0.9788556850953578,8.727,11.953,8.815,-2.541,898.646,-0.314,21.849,8.727,11.953,21.155,24.666,23.696,11.173,60.828,12.34,0.008924,8.815,1016.65,1005.577,1016.964,898.646,,1
SFO,2024-07-15,20,2024-07-14,18,26,20.663,-0.22132528438243262,-0.9752000402445825,11.851,13.63,8.532,-3.212,904.903,-0.907,20.663,11.851,13.63,19.969,20.301,23.181,10.35,61.543,11.437,0.008421,8.532,1016.534,1005.441,1017.441,904.903,,1
SFO,2024-07-16,20,2024-07-15,18,26,20.199,-0.23803327706148558,-0.9712569994658314,4.857,13.952,8.852,-1.447,958.239,0.022,20.199,4.857,13.952,19.505,17.488,20.952,10.537,59.627,10.653,0.007962,8.852,1016.384,1005.275,1016.362,958.239,,1
SFO,2024-07-17,20,2024-07-16,18,26,20.561,-0.254671120241229,-0.9670277247913203,0.0,16.453,8.885,-0.667,943.034,-0.28,20.561,0.0,16.453,19.867,20.972,20.534,10.643,59.496,10.982,0.008157,8.885,1016.902,1005.792,1017.182,943.034,,1
SFO,2024-07-18,20,2024-07-17,18,26,22.689,-0.2712339106729102,-0.962513462607708,13.415,13.618,10.718,-0.451,922.225,-0.363,22.689,13.415,13.618,21.995,24.66,22.446,11.102,55.599,11.277,0.008352,10.718,1015.903,1004.848,1016.266,922.225,,1
SFO,2024-07-19,20,2024-07-18,18,26,23.17,-0.287716767226167,-0.9577155432887803,4.979,13.955,12.446,-1.109,941.103,-0.386,23.17,4.979,13.955,22.476,25.375,23.585,11.281,50.62,10.03,0.007669,12.446,1015.746,1004.711,1016.132,941.103,,1
SFO,2024-07-20,20,2024-07-19,18,26,19.081,-0.30411483232751824,-0.9526353808033824,30.897,16.993,6.011,-7.423,796.804,0.222,19.081,30.897,16.993,18.387,22.672,25.81,12.544,70.095,12.376,0.008964,6.011,1015.447,1004.304,1015.225,796.804,,1
SFO,2024-07-21,20,2024-07-20,18,26,18.911,-0.3204232733919105,-0.9472744722987171,30.168,13.158,5.868,-6.997,750.259,-0.951,18.911,30.168,13.158,18.217,23.053,25.214,13.34,70.631,12.349,0.008942,5.868,1013.87,1002.747,1014.821,750.259,,1
SFO,2024-07-22,20,2024-07-21,18,26,22.18,-0.3366372842469099,-0.941634397659126,12.692,9.825,10.232,-3.153,873.021,-1.005,22.18,12.692,9.825,21.486,26.467,24.639,13.947,56.931,11.254,0.00836,10.232,1010.73,999.733,1011.735,873.021,,1
SFO,2024-07-23,20,2024-07-22,18,26,23.763,-0.35275208654909435,-0.9357168190404939,75.922,9.832,11.921,-2.426,864.126,0.222,23.763,75.922,9.832,23.069,27.922,25.495,14.556,52.458,11.148,0.008264,11.921,1012.228,1001.253,1012.006,864.126,,1
SFO,2024-07-24,20,2024-07-23,18,26,24.345,-0.3687629311922596,-0.9295234803804004,7.575,11.046,12.145,-0.512,872.056,0.014,24.345,7.575,11.046,23.651,27.17,24.163,12.207,51.338,11.506,0.008445,12.145,1016.669,1005.652,1016.655,872.056,,1
SFO,2024-07-25,20,2024-07-24,18,26,22.978,-0.38466509970700097,-0.9230562068841761,16.456,11.634,12.644,-1.486,872.55,-0.457,22.978,16.456,11.634,22.284,25.076,23.77,12.275,50.925,9.64,0.007461,12.644,1017.663,1006.608,1018.12,872.55,,1
SFO,2024-07-26,20,2024-07-25,18,26,19.377,-0.40045390565126615,-0.9163169044870049,15.277,15.487,8.543,-0.177,877.366,-0.497,19.377,15.277,15.487,18.683,19.978,18.86,8.469,60.833,10.14,0.00775,8.543,1013.76,1002.652,1014.257,877.366,,1
SFO,2024-07-27,20,2024-07-26,18,26,18.831,-0.416124695991474,-0.9093075592922361,15.59,17.015,7.338,1.563,884.473,-0.275,18.831,15.59,17.015,18.137,11.795,16.574,8.122,63.972,10.799,0.008079,7.338,1013.69,1002.565,1013.965,884.473,,1
SFO,2024-07-28,20,2024-07-27,18,26,19.599,-0.4316728524737836,-0.9020302369860708,18.993,13.712,7.687,1.585,872.773,-0.407,19.599,18.993,13.712,18.905,15.558,17.32,8.321,63.67,11.218,0.008289,7.687,1013.879,1002.78,1014.286,872.773,,1
SFO,2024-07-29,20,2024-07-28,18,26,19.645,-0.44709379298511365,-0.8944870822287957,17.885,16.552,6.363,2.245,892.978,-0.121,19.645,17.885,16.552,18.951,14.687,16.706,8.753,68.404,12.588,0.009044,6.363,1016.666,1005.531,1016.787,892.978,,1
SFO,2024-07-30,20,2024-07-29,18,26,19.415,-0.4623829729035145,-0.8866803180227403,24.248,14.354,4.843,0.623,744.777,-0.511,19.415,24.248,14.354,18.721,15.503,18.098,10.254,75.255,13.878,0.009892,4.843,1015.919,1004.797,1016.43,744.777,,1
SFO,2024-07-31,20,2024-07-30,18,26,21.781,-0.4775358864374881,-0.8786122450571483,21.391,11.959,9.033,0.345,845.503,-0.629,21.781,21.391,11.959,21.087,22.661,20.742,11.761,60.384,12.054,0.00877,9.033,1014.034,1002.988,1014.663,845.503,,1
SFO,2024-08-01,20,2024-07-31,18,26,20.962,-0.49254806795386424,-0.8702852410301554,61.773,13.505,7.643,-1.47,853.525,0.047,20.962,61.773,13.505,20.268,22.633,21.738,13.608,64.764,12.625,0.009062,7.643,1016.711,1005.617,1016.664,853.525,,1
SFO,2024-08-02,20,2024-08-01,18,26,21.474,-0.5074150932938452,-0.8617017599480683,100.0,13.448,8.55,-3.441,737.699,-1.126,21.474,100.0,13.448,20.78,24.889,24.221,11.973,61.883,12.23,0.008852,8.55,1017.676,1006.579,1018.802,737.699,,1
SFO,2024-08-03,20,2024-08-02,18,26,22.867,-0.5221325810768248,-0.8528643314021597,19.772,13.389,10.408,-0.515,802.418,-0.99,22.867,19.772,13.389,22.173,26.8,22.688,9.977,56.921,11.765,0.008614,10.408,1013.865,1002.85,1014.855,802.418,,1
SFO,2024-08-04,20,2024-08-03,18,26,20.978,-0.5366961939916004,-0.8437755598231858,19.067,14.24,8.33,-2.29,871.197,-0.804,20.978,19.067,14.24,20.284,23.562,22.574,12.907,62.378,11.954,0.00869,8.33,1013.596,1002.537,1014.4,871.197,,1
SFO,2024-08-05,20,2024-08-04,18,26,21.347,-0.5511016400745998,-0.8344381237138474,23.744,14.503,9.68,-2.764,869.095,-0.514,21.347,23.744,14.503,20.653,23.957,23.417,12.879,58.635,10.973,0.008188,9.68,1014.271,1003.218,1014.785,869.095,,1
SFO,2024-08-06,20,2024-08-05,18,26,23.047,-0.5653446739747425,-0.8248547748594246,13.866,11.874,12.412,-2.802,851.612,-0.401,23.047,13.866,11.874,22.353,27.121,25.155,13.089,52.211,9.941,0.007655,12.412,1014.385,1003.377,1014.786,851.612,,1
SFO,2024-08-07,20,2024-08-06,18,26,23.16,-0.5794210982045637,-0.8150283375168114,39.562,12.057,12.627,-3.237,851.213,0.039,23.16,39.562,12.057,22.466,28.246,25.703,12.274,51.462,9.839,0.007605,12.627,1014.036,1003.017,1013.997,851.213,,1
SFO,2024-08-08,20,2024-08-07,18,26,20.711,-0.5933267643772318,-0.804961707582196,51.074,15.481,9.613,-4.534,831.592,0.1,20.711,51.074,15.481,20.017,25.777,24.551,12.405,58.864,10.404,0.007867,9.613,1013.776,1002.71,1013.676,831.592,,1
SFO,2024-08-09,20,2024-08-08,18,26,20.643,-0.6070575744291,-0.7946578517376253,19.451,14.302,9.241,-3.77,844.806,-0.085,20.643,19.451,14.302,19.949,25.12,23.719,13.699,59.609,10.708,0.008045,9.241,1013.599,1002.531,1013.684,844.806,,1
SFO,2024-08-10,20,2024-08-09,18,26,21.36,-0.6206094818274228,-0.7841198065767104,21.35,13.253,9.769,-2.966,838.247,-0.101,21.36,21.35,13.253,20.666,26.27,23.632,12.794,58.162,10.897,0.008134,9.769,1014.267,1003.208,1014.368,838.247,,1
SFO,2024-08-11,20,2024-08-10,18,26,19.15,-0.6339784927628865,-0.77335067770973,37.999,13.798,6.891,-2.531,843.644,-0.129,19.15,37.999,13.798,18.456,21.629,20.987,12.053,66.514,11.565,0.008476,6.891,1015.242,1004.119,1015.371,843.644,,1
SFO,2024-08-12,20,2024-08-11,18,26,18.544,-0.6471606673266059,-0.7623536388483905,38.474,14.705,7.05,0.451,831.715,0.059,18.544,38.474,14.705,17.85,18.345,17.399,8.676,65.778,10.8,0.00805,7.05,1015.575,1004.427,1015.516,831.715,,1
SFO,2024-08-13,20,2024-08-12,18,26,19.708,-0.6601521206712319,-0.7511319308705199,99.949,12.316,10.873,0.032,849.445,0.204,19.708,99.949,12.316,19.014,19.948,18.982,8.296,53.952,8.141,0.006776,10.873,1015.761,1004.646,1015.557,849.445,,1
SFO,2024-08-14,20,2024-08-13,18,26,20.018,-0.6729490241558329,-0.7396888608649669,13.985,14.579,7.399,1.026,831.057,0.251,20.018,13.985,14.579,19.324,19.099,18.298,7.539,65.218,11.925,0.008669,7.399,1017.509,1006.379,1017.258,831.057,,1
SFO,2024-08-15,20,2024-08-14,18,26,20.469,-0.6855476064742154,-0.728027801156985,9.056,14.888,8.484,1.577,879.657,-0.323,20.469,9.056,14.888,19.775,18.196,18.198,9.301,60.979,11.291,0.008327,8.484,1017.091,1005.978,1017.414,879.657,,1
SFO,2024-08-16,20,2024-08-15,18,26,20.796,-0.6979441547663436,-0.7161521883143932,14.674,12.727,9.419,0.974,866.735,-0.455,20.796,14.674,12.727,20.102,20.375,19.128,8.807,58.775,10.683,0.008026,9.419,1014.164,1003.096,1014.619,866.735,,1
SFO,2024-08-17,20,2024-08-16,18,26,20.666,-0.7101350157125359,-0.7040655221348056,27.51,10.814,5.443,6.75,779.181,0.48,20.666,27.51,10.814,19.972,15.524,13.222,4.712,72.517,14.529,0.010311,5.443,1014.309,1003.23,1013.829,779.181,,1
SFO,2024-08-18,20,2024-08-17,18,26,18.71,-0.7221165966101161,-0.691771364614222,27.829,15.23,6.919,4.547,835.4,-0.418,18.71,27.829,15.23,18.016,14.653,13.469,7.858,67.346,11.097,0.00823,6.919,1016.864,1005.721,1017.282,835.4,,1
SFO,2024-08-19,20,2024-08-18,18,26,20.018,-0.7338853664321993,-0.6792733388972929,3.39,14.794,10.924,3.517,891.031,0.094,20.018,3.39,14.794,19.324,16.417,15.807,8.12,53.32,8.4,0.006915,10.924,1018.283,1007.149,1018.189,891.031,,1
SFO,2024-08-20,20,2024-08-19,18,26,21.163,-0.7454378568683002,-0.6665751282095631,0.0,16.086,11.423,4.843,884.361,-0.189,21.163,0.0,16.086,20.469,17.932,15.626,8.02,51.074,9.046,0.007156,11.423,1018.657,1007.538,1018.846,884.361,,1
SFO,2024-08-21,20,2024-08-20,18,26,20.579,-0.7567706633464625,-0.653680474772006,17.11,12.832,9.049,4.342,869.113,-1.181,20.579,17.11,12.832,19.885,17.359,15.543,8.225,59.79,10.836,0.008115,9.049,1016.498,1005.394,1017.679,869.113,,1
SFO,2024-08-22,20,2024-08-21,18,26,19.558,-0.7678804460366,-0.6405931786981752,0.051,17.281,7.029,7.159,873.253,-0.373,19.558,0.051,17.281,18.864,12.863,11.705,6.551,65.098,11.835,0.008632,7.029,1014.731,1003.615,1015.104,873.253,,1
SFO,2024-08-23,20,2024-08-22,18,26,18.14,-0.7787639308347605,-0.627317096874294,100.0,9.796,6.573,10.6,587.475,-0.011,18.14,100.0,9.796,17.446,11.643,6.846,2.84,66.782,10.873,0.0081,6.573,1016.541,1005.372,1016.552,587.475,,1
SFO,2024-08-24,20,2024-08-23,18,26,20.07,-0.78941791032802,-0.6138561418226115,9.397,11.166,8.204,10.652,848.309,-0.005,20.07,9.397,11.166,19.376,13.697,8.724,0.557,61.649,11.172,0.008267,8.204,1018.587,1007.442,1018.592,848.309,,1
SFO,2024-08-25,20,2024-08-24,18,26,21.58,-0.7998392447397196,-0.6002142805483679,18.26,11.437,11.033,8.296,869.898,-0.906,21.58,18.26,11.437,20.886,17.263,12.59,7.064,53.949,9.853,0.007568,11.033,1019.03,1007.922,1019.936,869.898,,1
SFO,2024-08-26,20,2024-08-25,18,26,22.566,-0.8100248628547748,-0.5863955333706962,16.665,10.621,11.719,4.456,854.801,-0.962,22.566,16.665,10.621,21.872,20.636,17.416,10.493,52.997,10.153,0.007746,11.719,1018.353,1007.284,1019.315,854.801,,1
SFO,2024-08-27,20,2024-08-26,18,26,23.67,-0.8199717629247767,-0.5724039727378154,13.663,9.122,13.166,2.473,837.47,-1.125,23.67,13.663,9.122,22.976,23.979,20.503,10.599,50.528,9.81,0.007609,13.166,1014.573,1003.577,1015.698,837.47,,1
SFO,2024-08-28,20,2024-08-27,18,26,23.076,-0.8296770135526185,-0.5582437220268655,8.062,9.345,11.448,0.788,834.014,-0.841,23.076,8.062,9.345,22.382,24.463,21.594,10.355,53.579,10.934,0.008197,11.448,1013.415,1002.402,1014.256,834.014,,1
SFO,2024-08-29,20,2024-08-28,18,26,21.797,-0.8391377545563938,-0.5439189543287247,8.189,9.342,8.76,0.101,825.544,-0.299,21.797,8.189,9.342,21.103,22.224,21.002,10.902,61.052,12.343,0.008952,8.76,1015.313,1004.252,1015.612,825.544,,1
SFO,2024-08-30,20,2024-08-29,18,26,21.237,-0.8483511978123038,-0.5294338912181854,11.851,13.788,8.387,-0.702,850.792,-0.057,21.237,11.851,13.788,20.543,22.024,21.245,11.125,61.832,12.156,0.008812,8.387,1017.497,1006.403,1017.554,850.792,,1
SFO,2024-08-31,20,2024-08-30,18,26,20.898,-0.8573146280763322,-0.514792801509831,18.409,14.802,8.813,-1.733,813.459,-0.984,20.898,18.409,14.802,20.204,22.732,21.937,10.583,61.299,11.391,0.008392,8.813,1016.205,1005.124,1017.189,813.459,,1
SFO,2024-09-01,20,2024-08-31,18,26,19.356,-0.8660254037844384,-0.5000000000000004,3.268,16.868,7.215,-1.785,859.54,-0.589,19.356,3.268,16.868,18.662,15.732,20.447,9.208,64.822,11.447,0.008403,7.215,1015.509,1004.391,1016.098,859.54,,1
SFO,2024-09-02,20,2024-09-01,18,26,20.484,-0.8744809578310394,-0.4850598461951967,0.0,15.904,8.836,1.028,862.731,-0.401,20.484,0.0,15.904,19.79,16.431,18.762,9.848,59.17,10.954,0.008176,8.836,1015.055,1003.96,1015.456,862.731,,1
SFO,2024-09-03,20,2024-09-02,18,26,24.432,-0.8826787983255471,-0.4699767430273207,0.673,6.397,17.009,2.867,873.226,-1.053,24.432,0.673,6.397,23.738,23.93,20.871,11.412,41.685,6.729,0.006268,17.009,1013.348,1002.36,1014.401,873.226,,1
SFO,2024-09-04,20,2024-09-03,18,26,25.104,-0.8906165093267404,-0.45475513555610575,11.851,9.466,13.995,2.112,852.352,-0.313,25.104,11.851,9.466,24.41,25.572,22.298,11.995,48.088,10.415,0.007904,13.995,1014.575,1003.607,1014.888,852.352,,1
SFO,2024-09-05,20,2024-09-04,18,26,24.224,-0.8982917515547529,-0.43939950965914165,9.15,12.784,13.131,-0.652,820.174,-0.723,24.224,9.15,12.784,23.53,27.278,24.182,12.564,50.912,10.399,0.007896,13.131,1015.816,1004.815,1016.539,820.174,,1
SFO,2024-09-06,20,2024-09-05,18,26,23.446,-0.9057022630804714,-0.42391439070986087,10.548,14.29,12.282,-0.769,819.324,-0.462,23.446,10.548,14.29,22.752,26.625,23.521,11.12,51.943,10.47,0.007921,12.282,1014.806,1003.799,1015.268,819.324,,1
SFO,2024-09-07,20,2024-09-06,18,26,22.855,-0.9128458599921354,-0.40830434224389367,16.205,14.275,11.048,0.864,810.299,-0.617,22.855,16.205,14.275,22.161,24.563,21.297,10.871,55.217,11.113,0.008271,11.048,1012.988,1001.988,1013.605,810.299,,1
SFO,2024-09-08,20,2024-09-07,18,26,21.891,-0.9197204370389465,-0.3925739646141722,10.945,13.965,10.773,0.739,835.307,-0.698,21.891,10.945,13.965,21.197,23.099,20.458,10.945,56.273,10.424,0.007928,10.773,1012.356,1001.349,1013.054,835.307,,1
SFO,2024-09-09,20,2024-09-08,18,26,20.69,-0.9263239682514948,-0.3767278936351856,20.85,13.704,8.943,-0.514,762.053,-0.03,20.69,20.85,13.704,19.996,23.944,20.51,9.558,60.939,11.053,0.008238,8.943,1013.676,1002.614,1013.706,762.053,,1
SFO,2024-09-10,20,2024-09-09,18,26,19.183,-0.9326545075388222,-0.36077079921678396,90.789,13.293,8.213,-0.547,787.953,-0.851,19.183,90.789,13.293,18.489,16.799,19.036,10.759,61.161,10.276,0.007808,8.213,1013.196,1002.099,1014.047,787.953,,1
SFO,2024-09-11,20,2024-09-10,18,26,19.892,-0.9387101892619443,-0.3447073839879337,16.569,21.193,6.112,4.984,775.501,-0.213,19.892,16.569,21.193,19.198,15.949,14.214,8.868,69.307,13.086,0.009417,6.112,1012.269,1001.19,1012.482,775.501,,1
SFO,2024-09-12,20,2024-09-11,18,26,19.718,-0.9444892287836613,-0.32854238191083474,21.437,12.8,8.775,3.666,799.994,-0.848,19.718,21.437,12.8,19.024,16.281,15.358,10.791,60.559,10.249,0.007823,8.775,1009.218,998.184,1010.066,799.994,,1
SFO,2024-09-13,20,2024-09-12,18,26,21.455,-0.9499899229945009,-0.3122805568857948,11.086,10.095,10.901,2.48,778.975,-0.348,21.455,11.086,10.095,20.761,21.427,18.281,10.606,55.062,9.86,0.007652,10.901,1009.395,998.399,1009.743,778.975,,1
SFO,2024-09-14,20,2024-09-13,18,26,20.428,-0.9552106508146316,-0.29592670134728966,8.859,8.796,9.093,0.481,785.769,-0.311,20.428,8.859,8.796,19.734,20.539,19.253,8.896,59.778,10.641,0.008021,9.093,1011.324,1000.272,1011.635,785.769,,1
SFO,2024-09-15,20,2024-09-14,18,26,16.43,-0.9601498736716017,-0.2794856348516098,32.433,19.653,4.43,2.773,409.978,-0.703,16.43,32.433,19.653,15.736,10.009,12.963,4.075,75.592,11.306,0.008386,4.43,1011.089,999.933,1011.792,409.978,,1
SFO,2024-09-16,20,2024-09-15,18,26,16.164,-0.9648061359537644,-0.2629622026565152,72.683,6.158,4.866,9.334,403.487,0.772,16.164,72.683,6.158,15.47,9.656,6.136,-0.775,73.358,10.604,0.007993,4.866,1011.643,1000.482,1010.871,403.487,,1
SFO,2024-09-17,20,2024-09-16,18,26,18.317,-0.9691780654392537,-0.2463612742933145,100.0,12.066,6.905,6.211,775.155,-0.528,18.317,100.0,12.066,17.623,12.603,11.412,3.838,66.003,10.718,0.008019,6.905,1015.269,1004.117,1015.797,775.155,,1
SFO,2024-09-18,20,2024-09-17,18,26,19.959,-0.9732643737003825,-0.22968774213179544,83.038,3.526,6.373,10.365,536.092,-0.921,19.959,83.038,3.526,19.265,13.073,8.9,-1.196,68.62,12.892,0.009296,6.373,1011.285,1000.198,1012.206,536.092,,1
SFO,2024-09-19,20,2024-09-18,18,26,19.372,-0.9770638564833508,-0.21294651993841573,22.169,9.989,6.829,5.312,708.543,-0.151,19.372,22.169,9.989,18.678,15.92,13.366,1.706,66.711,11.849,0.008673,6.829,1012.267,1001.173,1012.418,708.543,,1
SFO,2024-09-20,20,2024-09-19,18,26,19.634,-0.9805753940631429,-0.19614254142819712,10.628,9.782,7.889,0.272,735.196,-0.488,19.634,10.628,9.782,18.94,20.409,18.668,6.681,63.43,11.051,0.008223,7.889,1011.776,1000.709,1012.264,735.196,,1
SFO,2024-09-21,20,2024-09-20,18,26,20.56,-0.9837979515735163,-0.1792807588107359,9.706,7.448,9.133,-0.411,747.985,-0.627,20.56,9.706,7.448,19.866,21.374,20.277,9.214,60.168,10.733,0.008071,9.133,1011.839,1000.797,1012.466,747.985,,1
SFO,2024-09-22,20,2024-09-21,18,26,21.73,-0.9867305793119814,-0.16236614133076413,9.012,8.347,10.492,0.469,775.849,-0.766,21.73,9.012,8.347,21.036,23.594,20.567,8.26,56.006,10.544,0.007954,10.492,1013.21,1002.183,1013.976,775.849,,1
SFO,2024-09-23,20,2024-09-22,18,26,25.627,-0.989372413019683,-0.14540367380368946,42.753,7.142,16.672,3.217,775.208,-1.33,25.627,42.753,7.142,24.933,26.118,21.716,9.971,41.422,8.261,0.006895,16.672,1009.989,999.067,1011.319,775.208,,1
SFO,2024-09-24,20,2024-09-23,18,26,24.949,-0.9917226741361015,-0.12839835514655065,7.575,9.822,14.972,1.195,764.295,-0.359,24.949,7.575,9.822,24.255,26.548,23.06,8.596,44.599,9.283,0.007377,14.972,1008.403,997.482,1008.762,764.295,,1
SFO,2024-09-25,20,2024-09-24,18,26,19.735,-0.9937806700284985,-0.11135519690480865,25.627,11.401,5.986,0.697,632.498,0.162,19.735,25.627,11.401,19.041,17.798,18.344,8.275,71.013,13.055,0.009419,5.986,1010.878,999.816,1010.716,632.498,,1
SFO,2024-09-26,20,2024-09-25,18,26,20.808,-0.9955457941960382,-0.09427922177542443,27.909,9.379,8.431,0.981,729.532,-0.426,20.808,27.909,9.379,20.114,20.963,19.133,11.089,62.885,11.683,0.00858,8.431,1012.383,1001.343,1012.809,729.532,,1
SFO,2024-09-27,20,2024-09-26,18,26,24.477,-0.9970175264485267,-0.07717546212664643,2.948,9.819,15.342,2.594,781.001,-1.331,24.477,2.948,9.819,23.783,24.713,21.189,11.521,44.69,8.441,0.007006,15.342,1010.403,999.461,1011.734,781.001,,1
SFO,2024-09-28,20,2024-09-27,18,26,21.962,-0.998195433059714,-0.06004895851494849,14.021,10.991,10.418,-0.119,727.745,-0.387,21.962,14.021,10.991,21.268,23.809,21.387,10.808,56.326,10.85,0.008148,10.418,1010.891,999.885,1011.278,727.745,,1
SFO,2024-09-29,20,2024-09-28,18,26,20.349,-0.9990791668951153,-0.04290475819955472,9.144,9.168,8.685,-0.982,724.658,-0.942,20.349,9.144,9.168,19.655,22.188,20.637,10.677,60.818,10.97,0.008171,8.685,1014.01,1002.933,1014.952,724.658,,1
SFO,2024-09-30,20,2024-09-29,18,26,24.687,-0.9996684675143132,-0.025747913654988113,0.0,10.673,17.567,1.217,761.33,-0.579,24.687,0.0,10.673,23.993,24.978,22.776,13.287,38.901,6.426,0.006161,17.567,1012.144,1001.18,1012.723,761.33,,1
SFO,2024-10-01,20,2024-09-30,18,26,29.519,-0.9999631612477099,-0.008583481082086734,0.0,6.309,25.869,2.818,750.349,-1.041,29.519,0.0,6.309,28.825,30.085,26.007,11.344,23.295,2.956,0.004864,25.869,1013.216,1002.314,1014.257,750.349,,1
SFO,2024-10-02,20,2024-10-01,18,26,28.945,-0.9999631612477099,0.008583481082086366,0.0,9.44,23.021,2.455,740.346,-1.357,28.945,0.0,9.44,28.251,31.752,25.796,11.418,30.643,5.23,0.005705,23.021,1010.477,999.628,1011.834,740.346,,1
SFO,2024-10-03,20,2024-10-02,18,26,26.835,-0.9996684675143132,0.025747913654987745,1.552,9.094,18.957,1.79,737.561,-0.623,26.835,1.552,9.094,26.141,29.276,24.351,11.062,39.07,7.184,0.006501,18.957,1008.689,997.822,1009.312,737.561,,1
SFO,2024-10-04,20,2024-10-03,18,26,24.693,-0.9990791668951153,0.04290475819955435,12.012,11.338,18.439,1.142,716.138,0.44,24.693,12.012,11.338,23.999,26.448,22.857,8.881,38.176,5.56,0.005837,18.439,1013.256,1002.289,1012.816,716.138,,1
SFO,2024-10-05,20,2024-10-04,18,26,28.095,-0.998195433059714,0.06004895851494813,72.63,7.937,22.164,3.615,715.017,-0.612,28.095,72.63,7.937,27.401,28.385,23.786,9.466,29.819,5.237,0.005646,22.164,1014.656,1003.727,1015.268,715.017,,1
SFO,2024-10-06,20,2024-10-05,18,26,28.167,-0.9970175264485267,0.07717546212664607,54.539,8.735,21.303,3.926,705.147,-0.849,28.167,54.539,8.735,27.473,28.605,23.547,9.357,32.335,6.17,0.006036,21.303,1013.643,1002.731,1014.492,705.147,,1
SFO,2024-10-07,20,2024-10-06,18,26,25.78,-0.9955457941960382,0.09427922177542405,5.134,13.044,16.867,1.87,699.784,-1.213,25.78,5.134,13.044,25.086,27.748,23.216,9.041,41.746,8.219,0.006922,16.867,1010.573,999.654,1011.786,699.784,,1
SFO,2024-10-08,20,2024-10-07,18,26,23.093,-0.9937806700284985,0.11135519690480829,0.0,12.45,12.621,1.368,708.709,-0.228,23.093,0.0,12.45,22.399,25.14,21.031,8.229,49.107,9.778,0.007589,12.621,1011.285,1000.291,1011.513,708.709,,1
SFO,2024-10-09,20,2024-10-08,18,26,20.174,-0.9917226741361016,0.1283983551465503,97.455,10.858,7.969,0.488,642.204,-0.555,20.174,97.455,10.858,19.48,22.149,18.992,9.074,63.563,11.511,0.008463,7.969,1014.996,1003.901,1015.551,642.204,,1
SFO,2024-10-10,20,2024-10-09,18,26,19.421,-0.989372413019683,0.14540367380368907,100.0,9.764,8.772,0.255,567.608,-0.472,19.421,100.0,9.764,18.727,20.618,18.472,7.554,60.281,9.955,0.007642,8.772,1016.35,1005.225,1016.822,567.608,,1
SFO,2024-10-11,20,2024-10-10,18,26,20.005,-0.9867305793119814,0.16236614133076377,6.25,9.074,13.367,3.39,693.384,-0.22,20.005,6.25,9.074,19.311,17.293,15.921,6.995,45.568,5.944,0.005848,13.367,1017.166,1006.04,1017.386,693.384,,1
SFO,2024-10-12,20,2024-10-11,18,26,20.355,-0.9837979515735163,0.17928075881073555,24.253,7.586,6.095,8.255,651.938,0.035,20.355,24.253,7.586,19.661,14.601,11.406,4.033,69.584,13.566,0.009633,6.095,1019.989,1008.843,1019.954,651.938,,1
SFO,2024-10-13,20,2024-10-12,18,26,20.035,-0.980575394063143,0.19614254142819676,39.32,13.606,5.129,7.954,625.813,-0.723,20.035,39.32,13.606,19.341,15.532,11.387,9.859,74.2,14.212,0.010058,5.129,1017.742,1006.621,1018.465,625.813,,1
SFO,2024-10-14,20,2024-10-13,18,26,18.616,-0.9770638564833509,0.21294651993841537,18.879,11.728,6.155,2.229,589.592,-0.646,18.616,18.879,11.728,17.922,17.183,15.693,9.105,68.943,11.767,0.008554,6.155,1018.89,1007.708,1019.536,589.592,,1
SFO,2024-10-15,20,2024-10-14,18,26,20.059,-0.9732643737003827,0.22968774213179508,4.432,11.869,7.194,3.743,668.422,-0.741,20.059,4.432,11.869,19.365,17.111,15.622,7.134,65.111,12.171,0.00881,7.194,1017.544,1006.417,1018.285,668.422,,1
SFO,2024-10-16,20,2024-10-15,18,26,18.915,-0.9691780654392538,0.24636127429331414,14.632,13.632,7.244,5.976,519.833,-0.673,18.915,14.632,13.632,18.221,14.871,12.245,2.685,64.282,10.977,0.008153,7.244,1015.979,1004.83,1016.652,519.833,,1
SFO,2024-10-17,20,2024-10-16,18,26,17.137,-0.9648061359537645,0.2629622026565149,3.048,27.347,9.07,5.785,685.729,-0.767,17.137,3.048,27.347,16.443,10.482,10.658,1.927,56.5,7.373,0.006456,9.07,1012.48,1001.32,1013.247,685.729,,1
SFO,2024-10-18,20,2024-10-17,18,26,18.88,-0.9601498736716018,0.2794856348516095,5.0,13.627,20.015,5.786,688.302,0.108,18.88,5.0,13.627,18.186,12.836,12.4,4.756,29.762,-1.829,0.003579,20.015,1018.596,1007.406,1018.488,688.302,,1
SFO,2024-10-19,20,2024-10-18,18,26,21.548,-0.9552106508146317,0.2959267013472893,0.0,6.754,25.333,4.263,672.079,-0.879,21.548,0.0,6.754,20.854,17.096,16.591,7.598,20.946,-4.479,0.00296,25.333,1017.677,1006.55,1018.556,672.079,,1
SFO,2024-10-20,20,2024-10-19,18,26,20.834,-0.949989922994501,0.3122805568857945,16.919,7.006,22.002,6.246,670.062,-0.807,20.834,16.919,7.006,20.14,17.325,13.894,6.044,27.123,-1.862,0.003466,22.002,1018.724,1007.595,1019.531,670.062,,1
SFO,2024-10-21,20,2024-10-20,18,26,19.193,-0.9444892287836614,0.3285423819108344,3.493,11.799,8.373,5.976,638.622,-0.118,19.193,3.493,11.799,18.499,14.568,12.523,4.478,60.776,10.126,0.007698,8.373,1019.681,1008.506,1019.799,638.622,,1
SFO,2024-10-22,20,2024-10-21,18,26,18.013,-0.9387101892619444,0.3447073839879334,11.056,10.027,9.708,3.623,648.256,-0.817,18.013,11.056,10.027,17.319,14.909,13.696,6.115,56.299,7.611,0.006528,9.708,1019.579,1008.374,1020.396,648.256,,1
SFO,2024-10-23,20,2024-10-22,18,26,19.062,-0.9326545075388223,0.3607707992167836,0.908,13.379,12.13,2.079,646.149,-0.25,19.062,0.908,13.379,18.368,18.144,16.289,6.813,48.863,6.238,0.005937,12.13,1019.577,1008.405,1019.827,646.149,,1
SFO,2024-10-24,20,2024-10-23,18,26,19.393,-0.9263239682514949,0.3767278936351853,5.987,8.06,18.152,3.094,653.198,-1.465,19.393,5.987,8.06,18.699,14.733,15.605,9.071,31.91,0.547,0.004056,18.152,1015.201,1004.057,1016.666,653.198,,1
SFO,2024-10-25,20,2024-10-24,18,26,20.296,-0.9197204370389466,0.3925739646141719,71.516,7.666,17.032,3.177,618.764,0.752,20.296,71.516,7.666,19.602,17.09,16.425,6.85,35.94,2.57,0.004644,17.032,1015.711,1004.602,1014.959,618.764,,1
SFO,2024-10-26,20,2024-10-25,18,26,20.531,-0.9128458599921356,0.40830434224389334,100.0,6.581,17.487,4.468,506.899,-1.147,20.531,100.0,6.581,19.837,17.98,15.369,7.03,33.946,2.35,0.00456,17.487,1018.209,1007.07,1019.356,506.899,,1
SFO,2024-10-27,20,2024-10-26,18,26,19.413,-0.9057022630804715,0.42391439070986053,30.963,12.483,5.16,9.498,567.933,-1.058,19.413,30.963,12.483,18.719,13.094,9.221,3.718,73.326,13.559,0.009649,5.16,1018.311,1007.159,1019.369,567.933,,1
SFO,2024-10-28,20,2024-10-27,18,26,16.004,-0.898291751554753,0.4393995096591413,6.994,20.102,7.004,11.9,596.635,-0.915,16.004,6.994,20.102,15.31,8.229,3.41,-6.041,63.707,8.306,0.006818,7.004,1016.886,1005.646,1017.801,596.635,,1
SFO,2024-10-29,20,2024-10-28,18,26,15.475,-0.8906165093267405,0.4547551355561054,0.0,11.977,10.561,9.83,621.567,-0.07,15.475,0.0,11.977,14.781,9.306,4.951,-1.987,51.161,4.22,0.005172,10.561,1016.694,1005.455,1016.764,621.567,,1
SFO,2024-10-30,20,2024-10-29,18,26,15.795,-0.8826787983255472,0.46997674302732034,5.0,8.652,9.176,10.365,607.685,-0.881,15.795,5.0,8.652,15.101,8.427,4.736,-0.535,55.98,5.925,0.005801,9.176,1020.131,1008.852,1021.012,607.685,,1
SFO,2024-10-31,20,2024-10-30,18,26,15.836,-0.8744809578310396,0.4850598461951964,19.222,15.342,7.827,11.362,594.966,-0.35,15.836,19.222,15.342,15.142,8.397,3.78,0.27,60.642,7.315,0.006362,7.827,1020.644,1009.365,1020.994,594.966,,1
SFO,2024-11-01,20,2024-10-31,18,26,15.914,-0.8660254037844386,0.5000000000000001,99.907,9.758,6.534,8.567,524.942,-1.2,15.914,99.907,9.758,15.22,8.944,6.653,-2.097,65.958,8.686,0.006997,6.534,1016.755,1005.528,1017.955,524.942,,1
SFO,2024-11-02,20,2024-11-01,18,26,15.57,-0.8573146280763323,0.5147928015098308,93.962,14.543,6.321,10.464,585.088,0.567,15.57,93.962,14.543,14.876,9.031,4.412,-0.093,66.84,8.555,0.00694,6.321,1014.798,1003.584,1014.231,585.088,,1
SFO,2024-11-03,20,2024-11-02,18,26,15.792,-0.848351197812304,0.5294338912181852,0.012,18.349,9.064,7.52,591.709,-0.507,15.792,0.012,18.349,15.098,9.803,7.578,1.704,56.102,6.034,0.00585,9.064,1017.578,1006.335,1018.085,591.709,,1
SFO,2024-11-04,20,2024-11-03,18,26,18.286,-0.839137754556394,0.5439189543287245,1.409,10.95,17.245,5.763,582.188,-0.749,18.286,1.409,10.95,17.592,13.641,11.829,4.515,34.035,0.347,0.003989,17.245,1020.331,1009.117,1021.08,582.188,,1
SFO,2024-11-05,20,2024-11-04,18,26,16.917,-0.8296770135526186,0.5582437220268652,94.757,10.498,8.778,3.46,479.188,-1.67,16.917,94.757,10.498,16.223,13.589,12.763,3.93,58.249,7.445,0.006428,8.778,1017.428,1006.223,1019.098,479.188,,1
SFO,2024-11-06,20,2024-11-05,18,26,17.757,-0.8199717629247769,0.5724039727378152,4.175,25.632,19.431,7.754,588.54,-0.756,17.757,4.175,25.632,17.063,10.397,9.309,9.684,27.383,-2.368,0.003262,19.431,1015.5,1004.313,1016.256,588.54,,1
SFO,2024-11-07,20,2024-11-06,18,26,17.861,-0.810024862854775,0.5863955333706958,0.0,5.826,20.21,7.231,583.52,-0.312,17.861,0.0,5.826,17.167,12.866,9.936,8.222,27.448,-3.043,0.003131,20.21,1021.259,1010.015,1021.571,583.52,,1
SFO,2024-11-08,20,2024-11-07,18,26,17.509,-0.7998392447397198,0.6002142805483677,5.0,6.304,16.826,6.909,574.99,-1.311,17.509,5.0,6.304,16.815,12.345,9.906,6.567,34.49,-0.011,0.003852,16.826,1020.156,1008.93,1021.467,574.99,,1
SFO,2024-11-09,20,2024-11-08,18,26,17.05,-0.7894179103280203,0.6138561418226112,94.976,4.847,13.687,7.444,517.801,-1.006,17.05,94.976,4.847,16.356,11.423,8.912,4.152,41.254,2.669,0.004636,13.687,1016.802,1005.597,1017.808,517.801,,1
SFO,2024-11-10,20,2024-11-09,18,26,17.653,-0.7787639308347607,0.6273170968742937,4.538,5.767,14.35,7.863,563.521,-0.667,17.653,4.538,5.767,16.959,12.26,9.096,2.95,41.206,2.609,0.00465,14.35,1016.92,1005.733,1017.587,563.521,,1
SFO,2024-11-11,20,2024-11-10,18,26,11.907,-0.7678804460366002,0.640593178698175,100.0,9.573,1.88,8.683,46.884,1.573,11.907,100.0,9.573,11.213,5.861,2.53,-5.061,88.307,9.333,0.007287,1.88,1017.436,1006.029,1015.863,46.884,,1
SFO,2024-11-12,20,2024-11-11,18,26,13.861,-0.7567706633464628,0.6536804747720056,66.564,10.07,8.024,8.587,500.611,-0.729,13.861,66.564,10.07,13.167,7.78,4.58,-0.08,58.976,5.143,0.00545,8.024,1022.835,1011.45,1023.564,500.611,,1
SFO,2024-11-13,20,2024-11-12,18,26,16.61,-0.7454378568683006,0.6665751282095629,100.0,21.171,7.738,9.067,407.85,-2.453,16.61,100.0,21.171,15.916,9.888,6.849,-0.257,60.471,8.178,0.006734,7.738,1018.093,1006.865,1020.546,407.85,,1
SFO,2024-11-14,20,2024-11-13,18,26,14.872,-0.7338853664321996,0.6792733388972927,5.0,11.373,6.364,11.105,532.795,-1.8,14.872,5.0,11.373,14.178,7.891,3.073,-6.095,66.232,7.814,0.006587,6.364,1017.067,1005.8,1018.867,532.795,,1
SFO,2024-11-15,20,2024-11-14,18,26,12.391,-0.7221165966101166,0.6917713646142214,0.54,14.328,8.129,10.094,536.396,-0.177,12.391,0.54,14.328,11.697,4.967,1.603,-9.256,57.717,3.568,0.004919,8.129,1013.632,1002.28,1013.809,536.396,,1
SFO,2024-11-16,20,2024-11-15,18,26,13.046,-0.7101350157125358,0.7040655221348057,5.0,4.565,12.024,9.566,537.437,-0.19,13.046,5.0,4.565,12.352,6.454,2.786,-2.272,45.327,0.328,0.003953,12.024,1018.548,1007.167,1018.738,537.437,,1
SFO,2024-11-17,20,2024-11-16,18,26,12.915,-0.6979441547663436,0.7161521883143932,100.0,3.405,6.894,5.615,152.222,-0.317,12.915,100.0,3.405,12.221,9.24,6.606,1.953,63.078,5.327,0.005552,6.894,1017.68,1006.323,1017.997,152.222,,1
SFO,2024-11-18,20,2024-11-17,18,26,12.341,-0.6855476064742156,0.7280278011569846,12.685,29.37,9.159,11.722,524.919,-0.217,12.341,12.685,29.37,11.647,4.215,-0.075,-6.834,54.007,2.488,0.004536,9.159,1021.977,1010.513,1022.194,524.919,,1
SFO,2024-11-19,20,2024-11-18,18,26,13.394,-0.6729490241558331,0.7396888608649667,99.898,4.632,8.588,10.359,472.407,-1.416,13.394,99.898,4.632,12.7,6.007,2.341,-3.476,56.819,4.112,0.005094,8.588,1019.636,1008.262,1021.052,472.407,,1
SFO,2024-11-20,20,2024-11-19,18,26,14.085,-0.6601521206712321,0.7511319308705195,100.0,40.597,5.173,5.755,58.787,0.178,14.085,100.0,40.597,13.391,8.904,7.636,0.01,70.974,8.218,0.006755,5.173,1017.545,1006.235,1017.367,58.787,,1
SFO,2024-11-21,20,2024-11-20,18,26,15.552,-0.6471606673266065,0.7623536388483899,100.0,26.608,4.088,5.942,91.398,-0.339,15.552,100.0,26.608,14.858,11.386,8.916,1.657,76.786,10.77,0.008017,4.088,1018.258,1007.003,1018.597,91.398,,1
SFO,2024-11-22,20,2024-11-21,18,26,16.093,-0.6339784927628872,0.7733506777097294,100.0,33.327,3.219,6.205,78.423,-2.285,16.093,100.0,33.327,15.399,11.97,9.194,0.876,81.351,12.18,0.008859,3.219,1012.2,1001.04,1014.485,78.423,,1
SFO,2024-11-23,20,2024-11-22,18,26,14.003,-0.6206094818274227,0.7841198065767104,22.15,12.303,4.473,10.628,469.836,-0.356,14.003,22.15,12.303,13.309,7.106,2.681,-6.554,74.496,8.836,0.007062,4.473,1014.863,1003.578,1015.219,469.836,,1
SFO,2024-11-24,20,2024-11-23,18,26,14.464,-0.6070575744291004,0.794657851737625,14.533,9.415,9.201,11.942,497.743,-0.155,14.464,14.533,9.415,13.77,7.285,1.828,-6.946,54.942,4.569,0.005286,9.201,1017.829,1006.523,1017.984,497.743,,1
SFO,2024-11-25,20,2024-11-24,18,26,12.273,-0.5933267643772321,0.8049617075821959,100.0,4.263,2.634,7.49,40.238,-0.654,12.273,100.0,4.263,11.579,8.178,4.089,-3.605,83.849,8.945,0.007097,2.634,1017.75,1006.364,1018.404,40.238,,1
SFO,2024-11-26,20,2024-11-25,18,26,13.754,-0.5794210982045639,0.8150283375168111,100.0,5.294,3.961,10.441,362.278,-0.228,13.754,100.0,5.294,13.06,6.781,2.619,-3.924,77.194,9.099,0.007157,3.961,1019.857,1008.508,1020.085,362.278,,1
SFO,2024-11-27,20,2024-11-26,18,26,12.638,-0.5653446739747432,0.8248547748594242,0.0,9.111,9.966,7.247,508.117,-0.403,12.638,0.0,9.111,11.944,6.858,4.697,-0.777,50.869,1.978,0.004366,9.966,1021.395,1009.953,1021.798,508.117,,1
SFO,2024-11-28,20,2024-11-27,18,26,13.003,-0.5511016400746006,0.834438123713847,95.085,8.539,9.938,3.049,504.898,-1.027,13.003,95.085,8.539,12.309,9.938,9.26,1.014,50.895,2.371,0.004494,9.938,1020.096,1008.693,1021.123,504.898,,1
SFO,2024-11-29,20,2024-11-28,18,26,13.702,-0.5366961939916003,0.8437755598231858,20.004,6.919,11.031,1.906,497.041,-1.123,13.702,20.004,6.919,13.008,12.254,11.102,1.858,47.279,1.977,0.004376,11.031,1019.504,1008.129,1020.627,497.041,,1
SFO,2024-11-30,20,2024-11-29,18,26,15.363,-0.5221325810768248,0.8528643314021598,4.124,7.324,12.305,1.395,479.817,-1.623,15.363,4.124,7.324,14.669,16.056,13.274,2.134,44.2,2.364,0.004524,12.305,1018.863,1007.582,1020.486,479.817,,1
SFO,2024-12-01,20,2024-11-30,18,26,16.485,-0.5074150932938455,0.8617017599480682,19.554,4.67,12.192,3.628,452.922,-0.737,16.485,19.554,4.67,15.791,15.059,12.163,-0.036,45.223,3.599,0.004934,12.192,1020.675,1009.412,1021.412,452.922,,1
SFO,2024-12-02,20,2024-12-01,18,26,16.867,-0.4925480679538645,0.8702852410301551,3.748,4.925,14.015,3.566,469.331,-0.882,16.867,3.748,4.925,16.173,15.314,12.607,-0.287,40.255,2.158,0.004473,14.015,1020.672,1009.42,1021.554,469.331,,1
SFO,2024-12-03,20,2024-12-02,18,26,16.996,-0.47753588643748845,0.8786122450571482,0.0,5.519,12.683,4.34,465.151,-0.919,16.996,0.0,5.519,16.302,15.444,11.962,0.224,43.931,3.619,0.004944,12.683,1019.764,1008.528,1020.683,465.151,,1
SFO,2024-12-04,20,2024-12-03,18,26,16.681,-0.4623829729035152,0.8866803180227398,0.0,5.041,10.289,4.148,467.548,0.134,16.681,0.0,5.041,15.987,14.737,11.839,0.874,51.29,5.698,0.005668,10.289,1022.269,1010.991,1022.135,467.548,,1
SFO,2024-12-05,20,2024-12-04,18,26,16.341,-0.4470937929851136,0.8944870822287957,5.0,10.211,7.461,5.237,455.673,-0.495,16.341,5.0,10.211,15.647,14.347,10.41,-0.766,62.04,8.186,0.006718,7.461,1022.784,1011.51,1023.279,455.673,,1
SFO,2024-12-06,20,2024-12-05,18,26,17.239,-0.43167285247378356,0.9020302369860709,0.0,5.9,8.856,3.925,465.023,-1.138,17.239,0.0,5.9,16.545,14.252,12.62,4.657,56.818,7.689,0.006505,8.856,1021.786,1010.533,1022.924,465.023,,1
SFO,2024-12-07,20,2024-12-06,18,26,16.032,-0.41612469599147434,0.9093075592922358,100.0,6.192,10.044,1.961,405.715,-0.588,16.032,100.0,6.192,15.338,15.096,13.377,6.242,51.898,5.294,0.005509,10.044,1021.28,1010.008,1021.868,405.715,,1
SFO,2024-12-08,20,2024-12-07,18,26,15.893,-0.4004539056512665,0.9163169044870048,100.0,6.776,8.636,2.906,394.951,-0.771,15.893,100.0,6.776,15.199,13.201,12.293,3.492,57.337,6.563,0.006047,8.636,1019.57,1008.314,1020.341,394.951,,1
SFO,2024-12-09,20,2024-12-08,18,26,14.741,-0.3846650997070013,0.923056206884176,0.035,12.285,16.093,2.39,483.747,0.514,14.741,0.035,12.285,14.047,13.362,11.657,3.34,33.589,-2.046,0.003301,16.093,1021.678,1010.316,1021.164,483.747,,1
SFO,2024-12-10,20,2024-12-09,18,26,14.358,-0.3687629311922604,0.9295234803804002,33.739,7.788,13.366,4.264,468.764,-0.42,14.358,33.739,7.788,13.664,12.027,9.4,4.628,40.475,0.298,0.003864,13.366,1026.926,1015.501,1027.346,468.764,,1
SFO,2024-12-11,20,2024-12-10,18,26,14.874,-0.3527520865490951,0.9357168190404935,71.991,2.705,15.176,4.611,423.495,-1.94,14.874,71.991,2.705,14.18,11.145,9.569,0.565,36.365,-0.996,0.00357,15.176,1020.276,1008.959,1022.216,423.495,,1
SFO,2024-12-12,20,2024-12-11,18,26,12.719,-0.33663728424690986,0.941634397659126,14.649,17.306,5.954,12.16,447.605,1.069,12.719,14.649,17.306,12.025,5.214,-0.135,-7.376,66.968,6.071,0.005846,5.954,1014.864,1003.502,1013.795,447.605,,1
SFO,2024-12-13,20,2024-12-12,18,26,13.323,-0.3204232733919109,0.947274472298717,100.0,13.153,4.766,9.02,160.165,0.079,13.323,100.0,13.153,12.629,7.551,3.609,-1.288,72.854,7.863,0.006586,4.766,1020.442,1009.066,1020.363,160.165,,1
SFO,2024-12-14,20,2024-12-13,18,26,11.916,-0.30411483232751857,0.9526353808033823,82.353,46.041,2.635,9.595,254.122,6.334,11.916,82.353,46.041,11.222,5.791,1.627,-5.562,83.879,8.587,0.00695,2.635,1014.374,1003.001,1008.04,254.122,,1
SFO,2024-12-15,20,2024-12-14,18,26,12.244,-0.2877167672261678,0.9577155432887801,43.985,6.402,5.705,6.324,444.052,-1.633,12.244,43.985,6.402,11.55,6.904,5.226,-0.403,68.093,5.845,0.005695,5.705,1024.751,1013.269,1026.384,444.052,,1
SFO,2024-12-16,20,2024-12-15,18,26,11.052,-0.27123391067291097,0.9625134626077079,100.0,15.832,3.677,2.69,40.529,-0.588,11.052,100.0,15.832,10.358,9.485,7.668,-1.101,77.941,6.681,0.00606,3.677,1021.251,1009.769,1021.839,40.529,,1
SFO,2024-12-17,20,2024-12-16,18,26,14.039,-0.25467112024122895,0.9670277247913203,26.703,8.261,4.68,2.955,407.122,-0.978,14.039,26.703,8.261,13.345,11.934,10.39,2.52,73.757,8.665,0.006914,4.68,1025.673,1014.283,1026.651,407.122,,1
SFO,2024-12-18,20,2024-12-17,18,26,15.085,-0.23803327706148592,0.9712569994658313,100.0,7.815,8.406,0.494,424.663,-1.68,15.085,100.0,7.815,14.391,15.589,13.897,4.463,57.428,5.985,0.005763,8.406,1024.261,1012.921,1025.941,424.663,,1
SFO,2024-12-19,20,2024-12-18,18,26,15.493,-0.22132528438243296,0.9752000402445824,2.131,7.288,10.052,-0.581,458.769,-0.975,15.493,2.131,7.288,14.799,17.463,15.38,4.621,51.761,4.747,0.005333,10.052,1020.382,1009.101,1021.357,458.769,,1
SFO,2024-12-20,20,2024-12-19,18,26,15.148,-0.20455206612620136,0.9788556850953577,100.0,5.22,8.025,2.697,268.063,-1.211,15.148,100.0,5.22,14.454,13.963,11.757,3.822,59.138,6.429,0.005992,8.025,1019.103,1007.831,1020.314,268.063,,1
SFO,2024-12-21,20,2024-12-20,18,26,13.01,-0.1877185654371994,0.9822228566828405,100.0,3.164,0.723,5.862,29.636,1.786,13.01,100.0,3.164,12.316,9.186,6.454,0.214,95.394,11.593,0.008444,0.723,1021.286,1009.916,1019.5,29.636,,1
SFO,2024-12-22,20,2024-12-21,18,26,16.338,-0.17082974322534497,0.9853005626861089,34.982,1.255,3.204,7.359,356.656,-1.609,16.338,34.982,1.255,15.644,10.771,8.285,0.346,81.624,12.44,0.008942,3.204,1020.022,1008.789,1021.631,356.656,,1
SFO,2024-12-23,20,2024-12-22,18,26,16.427,-0.15389057670406184,0.9880878960910772,99.852,1.773,2.694,5.797,279.418,-0.673,16.427,99.852,1.773,15.733,12.762,9.936,0.631,84.385,13.039,0.0093,2.694,1020.433,1009.197,1021.106,279.418,,1
SFO,2024-12-24,20,2024-12-23,18,26,12.889,-0.1369060579234754,0.9905840354577969,20.048,23.667,3.711,10.703,373.379,1.5,12.889,20.048,23.667,12.195,5.581,1.492,-8.27,78.239,8.484,0.00687,3.711,1019.974,1008.567,1018.474,373.379,,1
SFO,2024-12-25,20,2024-12-24,18,26,12.104,-0.11988119229922752,0.99278824516254,92.885,6.939,6.872,7.212,381.714,-0.476,12.104,92.885,6.939,11.41,6.244,4.198,-1.02,62.854,4.538,0.005219,6.872,1022.693,1011.23,1023.169,381.714,,1
SFO,2024-12-26,20,2024-12-25,18,26,14.258,-0.1028209971373608,0.9946998756145891,71.304,11.427,3.421,8.429,160.824,-0.3,14.258,71.304,11.427,13.564,9.289,5.135,-2.488,79.83,10.143,0.007672,3.421,1021.301,1009.974,1021.601,160.824,,1
SFO,2024-12-27,20,2024-12-26,18,26,15.424,-0.08573050015569487,0.9963183634476755,54.422,7.415,3.155,7.807,347.933,1.277,15.424,54.422,7.415,14.73,9.239,6.923,2.351,81.646,11.575,0.008453,3.155,1019.148,1007.896,1017.871,347.933,,1
SFO,2024-12-28,20,2024-12-27,18,26,15.684,-0.06861473800213468,0.9976432316860063,100.0,8.59,2.503,7.022,225.384,0.034,15.684,100.0,8.59,14.99,10.596,7.968,2.259,85.031,12.487,0.00896,2.503,1021.473,1010.206,1021.439,225.384,,1
SFO,2024-12-29,20,2024-12-28,18,26,13.617,-0.05147875477034641,0.9986740898848305,94.984,17.159,2.111,9.074,53.23,2.164,13.617,94.984,17.159,12.923,7.677,3.849,-3.78,87.087,10.812,0.008025,2.111,1020.315,1008.966,1018.151,53.23,,1
SFO,2024-12-30,20,2024-12-29,18,26,11.924,-0.034327600513243496,0.9994106342455052,78.472,9.281,5.352,8.233,438.46,-0.718,11.924,78.472,9.281,11.23,5.236,2.997,0.786,69.733,5.878,0.005715,5.352,1024.04,1012.548,1024.758,438.46,,1
SFO,2024-12-31,20,2024-12-30,18,26,12.364,-0.017166329754707492,0.9998526477050269,45.548,6.061,10.93,4.759,458.654,-0.85,12.364,45.548,6.061,11.67,7.335,6.911,-0.722,47.313,0.74,0.003987,10.93,1023.315,1011.845,1024.165,458.654,,1
SFO,2025-01-01,20,2024-12-31,18,26,13.196,0.0,1.0,85.713,3.099,9.308,4.099,399.507,-0.758,13.196,85.713,3.099,12.502,11.2,8.403,-0.376,53.342,3.194,0.004744,9.308,1022.656,1011.24,1023.414,399.507,,1
SFO,2025-01-02,20,2025-01-01,18,26,15.014,0.017213356155834685,0.9998518392091162,64.062,6.302,6.151,2.592,423.11,-1.704,15.014,64.062,6.302,14.32,14.494,11.728,1.585,66.697,8.169,0.00672,6.151,1019.843,1008.548,1021.547,423.11,,1
SFO,2025-01-03,20,2025-01-02,18,26,11.446,0.03442161162274574,0.9994074007397048,100.0,10.206,2.169,8.041,14.606,0.386,11.446,100.0,10.206,10.752,6.256,2.711,-3.839,86.229,8.583,0.006904,2.169,1017.627,1006.195,1017.241,14.606,,1
SFO,2025-01-04,20,2025-01-03,18,26,12.079,0.051619667223253764,0.998666816288476,99.908,9.133,5.329,9.64,356.815,0.226,12.079,99.908,9.133,11.385,5.298,1.745,-0.778,69.85,6.056,0.005783,5.329,1025.056,1013.577,1024.83,356.815,,1
SFO,2025-01-05,20,2025-01-04,18,26,13.441,0.06880242680231986,0.9976303053065857,9.205,6.202,6.368,4.053,437.874,-0.621,13.441,9.205,6.202,12.747,10.028,8.694,1.653,65.669,6.379,0.005915,6.368,1024.775,1013.358,1025.396,437.874,,1
SFO,2025-01-06,20,2025-01-05,18,26,13.724,0.08596479873744647,0.9962981749346078,56.072,9.375,3.63,5.001,374.134,-0.611,13.724,56.072,9.375,13.03,9.368,8.029,1.392,78.747,9.4,0.007279,3.63,1022.874,1011.513,1023.485,374.134,,1
SFO,2025-01-07,20,2025-01-06,18,26,15.168,0.10310169744743485,0.9946708199115211,5.968,28.573,13.627,4.973,479.076,-0.157,15.168,5.968,28.573,14.474,10.045,9.501,2.685,39.756,0.847,0.004023,13.627,1023.461,1012.106,1023.618,479.076,,1
SFO,2025-01-08,20,2025-01-07,18,26,14.271,0.1202080448993527,0.9927487224577402,3.253,6.309,13.576,0.538,465.388,-0.236,14.271,3.253,6.309,13.577,11.884,13.039,5.283,40.082,0.001,0.003807,13.576,1023.848,1012.469,1024.084,465.388,,1
SFO,2025-01-09,20,2025-01-08,18,26,14.886,0.13727877211326478,0.9905324521322229,0.0,7.883,11.427,-1.715,469.527,-0.413,14.886,0.0,7.883,14.192,14.638,15.907,6.416,46.752,2.765,0.004631,11.427,1021.548,1010.225,1021.961,469.527,,1
SFO,2025-01-10,20,2025-01-09,18,26,16.062,0.15430882066428114,0.9880226656636976,1.43,3.909,11.762,4.264,463.551,-0.477,16.062,1.43,3.909,15.368,12.555,11.104,5.192,46.883,3.606,0.004888,11.762,1026.219,1014.895,1026.696,463.551,,1
SFO,2025-01-11,20,2025-01-10,18,26,14.006,0.1712931441814776,0.9852201067560606,0.0,12.533,13.291,3.883,485.592,-1.063,14.006,0.0,12.533,13.312,8.7,9.429,0.971,41.217,0.021,0.003829,13.291,1022.818,1011.421,1023.881,485.592,,1
SFO,2025-01-12,20,2025-01-11,18,26,13.8,0.18822670984324422,0.9821256058680006,0.0,6.264,14.068,4.264,483.804,-0.683,13.8,0.0,6.264,13.106,8.908,8.842,0.706,38.306,-0.962,0.003555,14.068,1021.061,1009.68,1021.744,483.804,,1
SFO,2025-01-13,20,2025-01-12,18,26,13.081,0.2051044998686192,0.9787400799669153,0.721,11.512,11.147,6.271,485.6,-1.375,13.081,0.721,11.512,12.387,9.044,6.116,-0.923,46.851,1.24,0.00414,11.147,1024.664,1013.201,1026.039,485.6,,1
SFO,2025-01-14,20,2025-01-13,18,26,13.293,0.22192151300416552,0.9750645322571948,4.861,5.121,11.285,3.869,478.253,-1.254,13.293,4.861,5.121,12.599,9.937,8.73,1.611,46.563,1.314,0.004149,11.285,1027.125,1015.66,1028.379,478.253,,1
SFO,2025-01-15,20,2025-01-14,18,26,14.072,0.2386727660059501,0.9711000518829505,0.0,4.78,11.428,4.314,481.189,-0.402,14.072,0.0,4.78,13.378,10.753,9.064,3.17,46.49,1.95,0.004362,11.428,1024.904,1013.496,1025.306,481.189,,1
SFO,2025-01-16,20,2025-01-15,18,26,15.126,0.255353295116187,0.9668478136052775,5.0,3.92,13.16,6.976,491.268,-0.676,15.126,5.0,3.92,14.432,11.295,7.456,-1.515,41.912,1.272,0.004162,13.16,1022.465,1011.141,1023.141,491.268,,1
SFO,2025-01-17,20,2025-01-16,18,26,13.206,0.2719581575341055,0.9623090774541486,6.768,8.258,5.659,6.392,480.88,0.358,13.206,6.768,8.258,12.512,6.822,6.12,-0.068,69.142,6.853,0.006128,5.659,1023.197,1011.784,1022.839,480.88,,1
SFO,2025-01-18,20,2025-01-17,18,26,13.021,0.288482432880609,0.9574851883550393,0.0,3.482,7.368,3.458,494.73,-0.247,13.021,0.0,3.482,12.327,9.099,8.869,1.063,61.091,4.959,0.005345,7.368,1024.841,1013.399,1025.088,494.73,,1
SFO,2025-01-19,20,2025-01-18,18,26,12.765,0.304921224656289,0.9523775757303975,0.0,6.183,7.407,3.839,494.873,-0.814,12.765,0.0,6.183,12.071,8.368,8.232,0.44,61.241,4.664,0.005263,7.407,1023.482,1012.049,1024.296,494.873,,1
SFO,2025-01-20,20,2025-01-19,18,26,12.998,0.3212696616923644,0.9469877530760753,3.205,22.034,14.25,3.327,518.982,1.169,12.998,3.205,22.034,12.304,8.055,8.977,1.872,37.338,-1.946,0.003287,14.25,1024.306,1012.833,1023.137,518.982,,1
SFO,2025-01-21,20,2025-01-20,18,26,13.635,0.3375228995941133,0.9413173175128471,79.128,6.479,14.231,5.947,495.656,0.098,13.635,79.128,6.479,12.941,10.114,6.994,1.911,37.887,-1.29,0.003432,14.231,1033.021,1021.506,1032.923,495.656,,1
SFO,2025-01-22,20,2025-01-21,18,26,14.228,0.35367612217637157,0.9353679493131483,0.0,7.222,14.199,-0.005,513.971,-1.205,14.228,0.0,7.222,13.534,13.812,13.539,4.417,38.485,-0.665,0.003613,14.199,1026.479,1015.07,1027.684,513.971,,1
SFO,2025-01-23,20,2025-01-22,18,26,15.148,0.36972454289067314,0.9291414114031743,0.0,6.34,12.89,0.56,513.201,-0.732,15.148,0.0,6.34,14.454,15.103,13.894,4.382,42.582,1.564,0.004243,12.89,1026.064,1014.682,1026.796,513.201,,1
SFO,2025-01-24,20,2025-01-23,18,26,14.817,0.3856634062436071,0.9226395488404876,100.0,5.476,10.836,4.022,426.54,-1.885,14.817,100.0,5.476,14.123,12.568,10.101,1.636,49.16,3.287,0.004829,10.836,1017.434,1006.16,1019.319,426.54,,1
SFO,2025-01-25,20,2025-01-24,18,26,9.218,0.401487989205973,0.9158642882672872,100.0,11.266,7.085,9.616,111.78,0.911,9.218,100.0,11.266,8.524,3.258,-1.092,-9.564,61.992,1.439,0.004288,7.085,1008.466,997.019,1007.555,111.78,,1
SFO,2025-01-26,20,2025-01-25,18,26,10.685,0.4171936026123168,0.9088176373395029,34.412,19.707,9.824,9.613,490.563,0.774,10.685,34.412,19.707,9.991,3.039,0.378,-9.938,50.621,0.167,0.003838,9.824,1018.349,1006.842,1017.575,490.563,,1
SFO,2025-01-27,20,2025-01-26,18,26,11.136,0.4327755925504312,0.901501684131884,0.0,7.556,15.003,7.576,531.884,-0.249,11.136,0.0,7.556,10.442,4.693,2.866,-6.349,34.873,-4.561,0.002705,15.003,1021.967,1010.45,1022.216,531.884,,1
SFO,2025-01-28,20,2025-01-27,18,26,12.566,0.4482293417404106,0.893918596519257,0.0,5.004,8.995,6.452,528.51,-0.642,12.566,0.0,5.004,11.872,7.344,5.42,-1.709,54.84,2.877,0.004672,8.995,1020.409,1009.007,1021.051,528.51,,1
SFO,2025-01-29,20,2025-01-28,18,26,12.159,0.4635502709028509,0.886070621534138,61.571,5.553,5.805,5.423,351.917,0.136,12.159,61.571,5.553,11.465,4.053,6.042,2.235,67.674,5.66,0.005641,5.805,1021.637,1010.181,1021.501,351.917,,1
SFO,2025-01-30,20,2025-01-29,18,26,11.904,0.47873384011578846,0.8779600847008882,36.207,7.964,6.191,5.055,471.723,0.34,11.904,36.207,7.964,11.21,3.876,6.155,2.73,65.87,5.019,0.005378,6.191,1024.521,1013.038,1024.181,471.723,,1
SFO,2025-01-31,20,2025-01-30,18,26,10.445,0.4937755501599772,0.869589389346611,100.0,9.947,2.791,3.158,67.862,0.297,10.445,100.0,9.947,9.751,7.134,6.593,-1.157,82.888,6.96,0.006154,2.791,1025.217,1013.665,1024.92,67.862,,1
SFO,2025-02-01,20,2025-01-31,18,26,13.88,0.5086709438521044,0.8609610158889943,100.0,20.93,0.639,5.155,17.717,0.006,13.88,100.0,20.93,13.186,10.686,8.031,0.975,95.918,12.547,0.009005,0.639,1019.527,1008.218,1019.521,17.717,,1
SFO,2025-02-02,20,2025-02-01,18,26,14.699,0.5234156073655503,0.8520775211013093,100.0,25.811,3.02,6.423,97.275,0.334,14.699,100.0,25.811,14.005,9.798,7.582,1.701,82.413,10.985,0.008159,3.02,1017.956,1006.684,1017.622,97.275,,1
SFO,2025-02-03,20,2025-02-02,18,26,13.996,0.5380051715382996,0.8429415373547828,100.0,28.193,3.759,9.369,217.379,-0.482,13.996,100.0,28.193,13.302,8.0,3.933,1.926,78.126,9.543,0.007432,3.759,1011.64,1000.393,1012.122,217.379,,1
SFO,2025-02-04,20,2025-02-03,18,26,13.549,0.5524353131676196,0.8335557718385699,100.0,38.785,2.18,5.227,39.078,-1.635,13.549,100.0,38.785,12.855,9.317,7.628,-1.75,86.61,10.675,0.008069,2.18,1005.683,994.502,1007.318,39.078,,1
SFO,2025-02-05,20,2025-02-04,18,26,11.629,0.5667017562911175,0.8239230057575543,16.807,3.424,9.68,13.378,564.471,0.628,11.629,16.807,3.424,10.935,2.983,-2.443,-3.672,51.274,1.255,0.004129,9.68,1022.907,1011.389,1022.279,564.471,,1
SFO,2025-02-06,20,2025-02-05,18,26,12.062,0.5808002734538008,0.8140460935082179,100.0,27.72,1.879,5.412,39.247,-1.391,12.062,100.0,27.72,11.368,7.771,5.956,-3.16,88.348,9.489,0.007435,1.879,1008.954,997.666,1010.345,39.247,,1
SFO,2025-02-07,20,2025-02-06,18,26,12.047,0.5947266869607633,0.8039279618328213,14.754,11.55,7.063,12.468,558.713,2.045,12.047,14.754,11.55,11.353,4.073,-1.115,-10.684,61.774,4.29,0.00511,7.063,1022.423,1010.955,1020.378,558.713,,1
SFO,2025-02-08,20,2025-02-07,18,26,10.389,0.6084768701151261,0.7935716089521474,0.887,12.991,6.169,8.513,582.844,0.243,10.389,0.887,12.991,9.695,2.851,1.182,-7.238,65.845,3.526,0.00484,6.169,1027.286,1015.703,1027.043,582.844,,1
SFO,2025-02-09,20,2025-02-08,18,26,11.262,0.6220467484408675,0.7829801036770629,0.0,12.487,12.288,8.575,602.135,-0.621,11.262,0.0,12.487,10.568,3.452,1.993,-1.793,42.489,-1.72,0.003329,12.288,1022.827,1011.301,1023.448,602.135,,1
SFO,2025-02-10,20,2025-02-09,18,26,10.87,0.6354323008901774,0.7721565844991642,100.0,8.92,12.238,7.583,584.757,-0.531,10.87,100.0,8.92,10.176,4.408,2.593,-2.156,43.048,-2.062,0.003259,12.238,1020.813,1009.322,1021.344,584.757,,1
SFO,2025-02-11,20,2025-02-10,18,26,10.906,0.6486295610349815,0.7611042586607746,97.047,20.417,7.806,7.227,513.762,-0.631,10.906,97.047,20.417,10.212,3.276,2.985,-5.75,58.465,2.406,0.004506,7.806,1017.771,1006.3,1018.402,513.762,,1
SFO,2025-02-12,20,2025-02-11,18,26,9.804,0.6616346182422783,0.7498264012045687,100.0,8.86,4.625,7.378,381.203,-0.423,9.804,100.0,8.86,9.11,3.306,1.732,-3.407,72.761,4.485,0.005246,4.625,1012.357,1000.896,1012.78,381.203,,1
SFO,2025-02-13,20,2025-02-12,18,26,13.044,0.6744436188329455,0.7383263540031065,100.0,40.825,2.302,9.501,463.863,0.144,13.044,100.0,40.825,12.35,7.453,2.849,-5.447,85.96,10.048,0.00776,2.302,1002.372,991.191,1002.228,463.863,,1
SFO,2025-02-14,20,2025-02-13,18,26,11.319,0.687052767223667,0.7266075247685656,68.289,24.343,5.726,12.31,534.116,2.519,11.319,68.289,24.343,10.625,3.241,-1.685,-5.594,67.587,4.899,0.005333,5.726,1022.532,1011.024,1020.013,534.116,,1
SFO,2025-02-15,20,2025-02-14,18,26,13.018,0.6994583270516471,0.7146733860429609,100.0,4.461,7.465,4.426,468.265,-0.431,13.018,100.0,4.461,12.324,7.936,7.898,1.939,60.508,4.859,0.005311,7.465,1026.726,1015.257,1027.157,468.265,,1
SFO,2025-02-16,20,2025-02-15,18,26,12.054,0.7116566222817747,0.702527474169157,91.346,2.808,6.866,4.458,101.901,-1.053,12.054,91.346,2.808,11.36,9.207,6.902,0.047,62.763,4.494,0.005214,6.866,1021.167,1009.732,1022.22,101.901,,1
SFO,2025-02-17,20,2025-02-16,18,26,13.047,0.7236440382959124,0.6901733882429719,100.0,16.39,6.607,8.646,442.979,0.316,13.047,100.0,16.39,12.353,5.704,3.707,-1.993,64.743,5.746,0.005712,6.607,1020.101,1008.705,1019.785,442.979,,1
SFO,2025-02-18,20,2025-02-17,18,26,13.528,0.7354170229639855,0.6776147890466889,100.0,5.515,7.211,6.093,538.596,-0.006,13.528,100.0,5.515,12.834,8.203,6.741,0.095,61.97,5.623,0.005635,7.211,1020.988,1009.623,1020.994,538.596,,1
SFO,2025-02-19,20,2025-02-18,18,26,12.974,0.7469720876965552,0.6648553979642865,55.377,5.003,3.067,8.131,166.955,0.511,12.974,55.377,5.003,12.28,7.275,4.149,-1.116,81.691,9.213,0.007193,3.067,1022.814,1011.41,1022.303,166.955,,1
SFO,2025-02-20,20,2025-02-19,18,26,13.801,0.7583058084785625,0.6518989958787126,85.774,11.626,8.501,4.683,643.569,-0.675,13.801,85.774,11.626,13.107,8.405,8.424,1.493,57.716,4.606,0.005265,8.501,1021.861,1010.503,1022.536,643.569,,1
SFO,2025-02-21,20,2025-02-20,18,26,15.593,0.7694148268839378,0.6387494220515272,5.0,7.192,13.371,5.485,645.14,0.025,15.593,5.0,7.192,14.899,12.268,9.414,1.629,41.537,1.528,0.004242,13.371,1021.418,1010.125,1021.393,645.14,,1
SFO,2025-02-22,20,2025-02-21,18,26,16.902,0.7802958510707755,0.6254105729852463,82.042,3.544,10.852,5.74,629.984,-0.513,16.902,82.042,3.544,16.208,13.283,10.468,0.777,50.038,5.356,0.005542,10.852,1024.197,1012.908,1024.71,629.984,,1
SFO,2025-02-23,20,2025-02-22,18,26,16.901,0.7909456567567772,0.6118864012687244,100.0,8.518,9.298,6.09,545.556,-0.428,16.901,100.0,8.518,16.207,13.257,10.117,0.57,55.721,6.909,0.00615,9.298,1025.719,1014.431,1026.147,545.556,,1
SFO,2025-02-24,20,2025-02-23,18,26,16.504,0.8013610881746767,0.5981809144059164,100.0,6.656,7.259,7.273,431.593,0.439,16.504,100.0,6.656,15.81,10.941,8.537,1.053,63.202,8.551,0.006894,7.259,1023.265,1011.988,1022.826,431.593,,1
SFO,2025-02-25,20,2025-02-24,18,26,14.318,0.811539059007361,0.5842981736283684,5.0,12.703,9.698,4.251,677.831,-1.304,14.318,5.0,12.703,13.624,9.102,9.373,0.032,53.542,3.926,0.005024,9.698,1022.24,1010.881,1023.544,677.831,,1
SFO,2025-02-26,20,2025-02-25,18,26,17.631,0.8214765533024142,0.5702422926917871,0.0,7.341,12.632,4.555,686.628,-0.921,17.631,0.0,7.341,16.937,14.482,12.382,3.064,44.408,4.305,0.005183,12.632,1018.154,1006.952,1019.075,686.628,,1
SFO,2025-02-27,20,2025-02-26,18,26,17.851,0.831170626365808,0.5560174366570445,100.0,8.883,8.883,3.322,553.52,-1.018,17.851,100.0,8.883,17.157,17.288,13.835,1.108,57.2,8.274,0.006801,8.883,1017.81,1006.621,1018.828,553.52,,1
SFO,2025-02-28,20,2025-02-27,18,26,18.829,0.8406184056344782,0.5416278206559814,98.82,0.82,9.948,5.081,613.836,-0.788,18.829,98.82,0.82,18.135,17.155,13.054,0.183,55.13,8.187,0.00679,9.948,1014.266,1003.15,1015.054,613.836,,1
SFO,2025-03-01,20,2025-02-28,18,26,13.505,0.8498170915275278,0.5270777086423722,99.542,20.628,3.934,3.214,532.237,1.588,13.505,99.542,20.628,12.811,8.15,9.597,-0.243,77.301,8.877,0.007074,3.934,1015.988,1004.656,1014.4,532.237,,1
SFO,2025-03-02,20,2025-03-01,18,26,11.794,0.8587639582758029,0.5123714121284237,27.851,38.629,5.968,12.194,649.5,1.196,11.794,27.851,38.629,11.1,3.403,-1.094,-10.637,66.821,5.132,0.005453,5.968,1019.757,1008.312,1018.561,649.5,,1
SFO,2025-03-03,20,2025-03-02,18,26,12.32,0.8674563547295968,0.49751328890718066,40.864,21.251,5.38,11.772,564.313,0.286,12.32,40.864,21.251,11.626,4.318,-0.146,-2.709,69.793,6.246,0.005882,5.38,1021.893,1010.443,1021.607,564.313,,1
SFO,2025-03-04,20,2025-03-03,18,26,10.626,0.8758917051442429,0.48250774176121847,100.0,4.101,3.429,5.444,68.674,-0.415,10.626,100.0,4.101,9.932,5.848,4.488,-2.992,79.091,6.503,0.005955,3.429,1023.596,1012.067,1024.011,68.674,,1
SFO,2025-03-05,20,2025-03-04,18,26,10.745,0.8840675099433636,0.46735921715800227,100.0,14.69,2.03,8.319,75.134,-1.183,10.745,100.0,14.69,10.051,4.963,1.732,-8.385,87.511,8.021,0.006693,2.03,1015.219,1003.789,1016.402,75.134,,1
SFO,2025-03-06,20,2025-03-05,18,26,11.492,0.8919813464595485,0.45207220393230435,36.154,15.212,6.62,12.323,640.887,0.322,11.492,36.154,15.212,10.798,4.028,-1.525,-10.753,63.915,4.178,0.00515,6.62,1010.012,998.651,1009.69,640.887,,1
SFO,2025-03-07,20,2025-03-06,18,26,13.179,0.8996308696522433,0.43665123195606403,7.345,9.209,7.527,9.515,724.602,0.306,13.179,7.345,9.209,12.485,7.325,2.97,-4.603,62.088,4.958,0.0054,7.527,1019.831,1008.47,1019.525,724.602,,1
SFO,2025-03-08,20,2025-03-07,18,26,14.912,0.9070138128026359,0.4211008707960896,9.283,2.091,10.141,7.924,734.178,-0.296,14.912,9.283,2.091,14.218,8.902,6.294,1.539,52.999,4.077,0.005059,10.141,1024.977,1013.622,1025.273,734.178,,1
SFO,2025-03-09,20,2025-03-08,18,26,15.096,0.9141279881853337,0.40542572835999735,66.727,7.64,11.069,10.487,741.657,-0.758,15.096,66.727,7.64,14.402,8.407,3.915,-0.412,49.728,3.333,0.004836,11.069,1021.837,1010.513,1022.595,741.657,,1
SFO,2025-03-10,20,2025-03-09,18,26,14.341,0.9209712877166346,0.38963044953078796,100.0,3.962,9.335,8.798,624.298,-1.09,14.341,100.0,3.962,13.647,8.602,4.849,-2.938,54.683,4.312,0.005178,9.335,1014.562,1003.301,1015.652,624.298,,1
SFO,2025-03-11,20,2025-03-10,18,26,14.094,0.9275416835791966,0.37371971479046906,68.113,16.413,8.999,9.521,679.254,0.339,14.094,68.113,16.413,13.4,7.323,3.879,-5.195,55.166,4.401,0.005232,8.999,1010.583,999.323,1010.244,679.254,,1
SFO,2025-03-12,20,2025-03-11,18,26,12.627,0.9338372288229251,0.3576982388331257,100.0,42.117,3.976,9.659,279.958,-1.782,12.627,100.0,42.117,11.933,6.747,2.274,-4.6,76.97,7.957,0.006723,3.976,1005.613,994.364,1007.395,279.958,,1
SFO,2025-03-13,20,2025-03-12,18,26,10.346,0.9398560579418954,0.3415707691678556,1.446,30.758,6.474,12.895,743.73,1.157,10.346,1.446,30.758,9.652,2.456,-3.243,-13.77,64.127,3.178,0.004786,6.474,1012.49,1001.048,1011.333,743.73,,1
SFO,2025-03-14,20,2025-03-13,18,26,12.455,0.9455963874271425,0.32534208471198034,43.1,35.509,4.792,11.504,730.349,1.168,12.455,43.1,35.509,11.761,5.527,0.257,-10.273,72.444,6.969,0.006246,4.792,1009.664,998.362,1008.496,730.349,,1
SFO,2025-03-15,20,2025-03-14,18,26,12.934,0.9510565162951535,0.30901699437494745,64.319,10.998,7.209,11.953,731.669,-0.181,12.934,64.319,10.998,12.24,4.905,0.287,-2.113,61.945,5.031,0.0054,7.209,1021.018,1009.593,1021.199,731.669,,1
SFO,2025-03-16,20,2025-03-15,18,26,14.279,0.9562348265919056,0.2926003356333486,100.0,28.272,5.643,9.892,504.919,-0.438,14.279,100.0,28.272,13.585,7.307,3.693,-2.091,69.051,7.942,0.006614,5.643,1018.598,1007.281,1019.036,504.919,,1
SFO,2025-03-17,20,2025-03-16,18,26,11.795,0.9611297838723007,0.27609697309746906,10.783,31.167,6.569,13.173,764.91,0.584,11.795,10.783,31.167,11.101,3.469,-2.072,-11.024,64.19,4.532,0.005236,6.569,1018.491,1007.053,1017.907,764.91,,1
SFO,2025-03-18,20,2025-03-17,18,26,11.492,0.9657399376548549,0.2595117970697999,14.611,11.019,9.872,9.4,789.685,-0.012,11.492,14.611,11.019,10.798,4.22,1.398,-4.503,51.678,0.926,0.004017,9.872,1029.517,1017.957,1029.529,789.685,,1
SFO,2025-03-19,20,2025-03-18,18,26,12.148,0.970063921851507,0.24284972209593583,100.0,12.973,8.761,8.455,544.398,-0.087,12.148,100.0,12.973,11.454,5.047,2.999,-1.793,55.498,2.693,0.004564,8.761,1027.101,1015.595,1027.188,544.398,,1
SFO,2025-03-20,20,2025-03-19,18,26,12.315,0.9741004551724205,0.22611568550828828,100.0,13.319,8.183,7.7,682.971,-0.401,12.315,100.0,13.319,11.621,5.375,3.921,-2.473,58.129,3.438,0.004813,8.183,1026.382,1014.896,1026.783,682.971,,1
SFO,2025-03-21,20,2025-03-20,18,26,13.606,0.9778483415056568,0.2093146459630487,97.761,17.062,7.072,7.347,743.491,-0.214,13.606,97.761,17.062,12.912,6.826,5.565,-0.832,63.134,5.84,0.005723,7.072,1023.396,1012.013,1023.61,743.491,,1
SFO,2025-03-22,20,2025-03-21,18,26,14.426,0.9813064702716093,0.19245158197082998,100.0,16.357,4.905,7.799,560.832,-0.8,14.426,100.0,16.357,13.732,8.021,5.933,-0.966,73.02,8.827,0.007026,4.905,1021.06,1009.736,1021.86,560.832,,1
SFO,2025-03-23,20,2025-03-22,18,26,16.499,0.9844738167520922,0.1755314904214282,54.445,9.176,7.419,5.806,790.279,-0.376,16.499,54.445,9.176,15.805,11.271,9.999,4.617,63.618,8.386,0.006818,7.419,1020.229,1008.984,1020.605,790.279,,1
SFO,2025-03-24,20,2025-03-23,18,26,21.1,0.9873494423939864,0.15855938510313455,0.0,7.92,9.51,5.547,793.409,-0.559,21.1,0.0,7.92,20.406,16.717,14.859,5.289,55.733,10.896,0.008092,9.51,1019.012,1007.879,1019.571,793.409,,1
SFO,2025-03-25,20,2025-03-24,18,26,22.9,0.989932495087353,0.14154029521704323,99.949,2.472,10.272,6.339,699.954,-0.82,22.9,99.949,2.472,22.206,19.773,15.867,3.79,54.564,11.934,0.00871,10.272,1013.667,1002.635,1014.487,699.954,,1
SFO,2025-03-26,20,2025-03-25,18,26,16.199,0.9922222094179323,0.12447926388678937,100.0,19.067,4.167,4.882,585.112,0.265,16.199,100.0,19.067,15.505,10.253,10.623,2.33,77.033,11.338,0.008351,4.167,1015.555,1004.345,1015.29,585.112,,1
SFO,2025-03-27,20,2025-03-26,18,26,14.097,0.994217906893952,0.10738134666416309,94.044,25.167,4.93,11.444,304.782,0.207,14.097,94.044,25.167,13.403,6.638,1.959,-2.502,72.31,8.473,0.006867,4.93,1017.487,1006.166,1017.28,304.782,,1
SFO,2025-03-28,20,2025-03-27,18,26,13.992,0.995918996147179,0.09025161003104117,8.467,15.503,7.145,12.223,813.774,-0.772,13.992,8.467,15.503,13.298,6.205,1.075,-4.186,62.67,6.153,0.005867,7.145,1018.37,1007.04,1019.142,813.774,,1
SFO,2025-03-29,20,2025-03-28,18,26,12.918,0.9973249731081555,0.07309512989807755,100.0,13.191,8.878,10.81,665.107,-1.005,12.918,100.0,13.191,12.224,6.03,1.414,-2.543,55.721,3.346,0.004833,8.878,1017.401,1006.046,1018.406,665.107,,1
SFO,2025-03-30,20,2025-03-29,18,26,12.997,0.9984354211555643,0.05591699010060326,97.544,26.865,2.031,8.509,123.497,2.117,12.997,97.544,26.865,12.303,8.001,3.794,-1.294,87.582,10.272,0.007796,2.031,1013.755,1002.448,1011.638,123.497,,1
SFO,2025-03-31,20,2025-03-30,18,26,13.797,0.9992500112396835,0.03872228089217446,99.745,24.199,7.741,13.254,682.194,-0.06,13.797,99.745,24.199,13.103,5.517,-0.151,-9.535,59.748,5.362,0.005557,7.741,1016.973,1005.628,1017.033,682.194,,1
SFO,2025-04-01,20,2025-03-31,18,26,12.149,0.9997685019798909,0.021516097436222254,6.801,28.771,4.769,12.171,722.319,-0.836,12.149,6.801,28.771,11.455,4.24,-0.716,-10.547,72.47,6.686,0.006084,4.769,1016.03,1004.623,1016.866,722.319,,1
SFO,2025-04-02,20,2025-04-01,18,26,12.767,0.9999907397361901,0.004303538296244289,5.0,25.142,8.234,12.422,858.358,-0.488,12.767,5.0,25.142,12.073,4.597,-0.349,-8.644,57.702,3.839,0.005019,8.234,1013.818,1002.469,1014.306,858.358,,1
SFO,2025-04-03,20,2025-04-02,18,26,13.22,0.9999166586547379,-0.012910296075009042,6.314,11.327,7.798,11.286,851.83,-0.121,13.22,6.314,11.327,12.526,6.677,1.24,-8.341,60.844,4.728,0.005334,7.798,1015.376,1004.073,1015.497,851.83,,1
SFO,2025-04-04,20,2025-04-03,18,26,15.661,0.9995462806873573,-0.030120304846908114,95.768,10.117,10.22,8.942,856.844,-0.18,15.661,95.768,10.117,14.967,9.63,6.025,-1.377,52.575,4.747,0.005314,10.22,1021.695,1010.396,1021.875,856.844,,1
SFO,2025-04-05,20,2025-04-04,18,26,16.661,0.9988797155850336,-0.04732138832243185,100.0,7.701,10.04,8.018,788.914,-0.094,16.661,100.0,7.701,15.967,11.573,7.949,2.64,54.237,5.927,0.005729,10.04,1025.76,1014.454,1025.854,788.914,,1
SFO,2025-04-06,20,2025-04-05,18,26,16.996,0.9979171608653922,-0.06450844944931623,100.0,12.241,12.007,5.891,812.507,-0.225,16.996,100.0,12.241,16.302,12.488,10.411,2.895,47.536,4.295,0.005137,12.007,1023.155,1011.893,1023.38,812.507,,1
SFO,2025-04-07,20,2025-04-06,18,26,16.045,0.9966589017541702,-0.08167639533042241,75.834,10.085,5.238,9.117,602.237,-0.335,16.045,75.834,10.085,15.351,9.127,6.234,2.533,71.943,10.113,0.007664,5.238,1021.11,1009.84,1021.445,602.237,,1
SFO,2025-04-08,20,2025-04-07,18,26,15.559,0.9951053111006976,-0.09882013873287143,53.669,15.7,8.48,6.089,868.974,-0.491,15.559,53.669,15.7,14.865,9.71,8.776,3.186,58.261,6.385,0.005933,8.48,1021.616,1010.327,1022.107,868.974,,1
SFO,2025-04-09,20,2025-04-08,18,26,17.625,0.9932568492674143,-0.11593459959550041,7.883,12.683,8.792,4.6,876.159,-0.193,17.625,7.883,12.683,16.931,14.568,12.331,4.676,59.524,8.139,0.006702,8.792,1020.871,1009.659,1021.064,876.159,,1
SFO,2025-04-10,20,2025-04-09,18,26,17.38,0.9911140639934547,-0.1330147065341959,100.0,13.01,9.413,3.652,798.589,-0.194,17.38,100.0,13.01,16.686,13.548,13.034,4.807,55.865,7.273,0.006317,9.413,1023.616,1012.355,1023.81,798.589,,1
SFO,2025-04-11,20,2025-04-10,18,26,16.615,0.9886775902323405,-0.1500553983446526,96.311,17.99,6.175,3.841,789.451,-0.892,16.615,96.311,17.99,15.921,12.983,12.08,3.002,68.292,9.746,0.007477,6.175,1019.851,1008.607,1020.743,789.451,,1
SFO,2025-04-12,20,2025-04-11,18,26,14.953,0.9859481499638304,-0.16705162550211902,3.388,14.541,9.281,4.89,914.877,-0.675,14.953,3.388,14.541,14.259,9.428,9.369,0.824,55.246,4.978,0.005414,9.281,1017.421,1006.137,1018.096,914.877,,1
SFO,2025-04-13,20,2025-04-12,18,26,19.352,0.9829265519799822,-0.18399835165768005,0.0,11.567,14.059,6.916,903.312,-0.805,19.352,0.0,11.567,18.658,14.077,11.742,2.138,41.983,4.599,0.005327,14.059,1014.472,1003.342,1015.277,903.312,,1
SFO,2025-04-14,20,2025-04-13,18,26,19.274,0.9796136916454901,-0.20089055513063525,9.726,7.877,10.845,4.858,859.025,-0.182,19.274,9.726,7.877,18.58,16.311,13.722,2.314,53.205,7.735,0.006572,10.845,1013.887,1002.784,1014.069,859.025,,1
SFO,2025-04-15,20,2025-04-14,18,26,14.979,0.9760105506323683,-0.21772323039653177,99.835,9.746,3.99,2.46,537.563,-0.25,14.979,99.835,9.746,14.285,10.405,11.825,1.713,77.411,10.295,0.007787,3.99,1016.448,1005.194,1016.698,537.563,,1
SFO,2025-04-16,20,2025-04-15,18,26,15.62,0.9721181966290613,-0.23449138957040963,66.545,16.22,6.567,5.661,871.676,-0.646,15.62,66.545,16.22,14.926,8.554,9.265,1.221,65.896,8.359,0.006846,6.567,1014.474,1003.251,1015.12,871.676,,1
SFO,2025-04-17,20,2025-04-16,18,26,14.831,0.9679377830240643,-0.2511900638848191,76.347,11.324,6.088,8.204,649.313,0.005,14.831,76.347,11.324,14.137,7.808,5.933,2.32,67.3,8.049,0.006694,6.088,1014.505,1003.252,1014.5,649.313,,1
SFO,2025-04-18,20,2025-04-17,18,26,15.763,0.9634705485641488,-0.2678143051621742,16.502,14.041,6.323,4.82,883.062,-0.264,15.763,16.502,14.041,15.069,10.832,10.249,0.479,68.371,8.746,0.007004,6.323,1016.592,1005.375,1016.856,883.062,,1
SFO,2025-04-19,20,2025-04-18,18,26,17.031,0.9587178169872964,-0.2843591872810036,12.773,13.158,7.096,5.67,877.636,0.132,17.031,12.773,13.158,16.337,12.875,10.667,3.149,65.096,9.241,0.007237,7.096,1019.446,1008.216,1019.314,877.636,,1
SFO,2025-04-20,20,2025-04-19,18,26,16.645,0.9536809966304456,-0.30081980763566757,58.061,10.455,8.009,3.972,911.339,-0.85,16.645,58.061,10.455,15.951,13.339,11.979,2.719,61.847,7.942,0.006629,8.009,1018.008,1006.802,1018.858,911.339,,1
SFO,2025-04-21,20,2025-04-20,18,26,18.008,0.9483615800121716,-0.3171912885891059,16.48,9.541,10.872,4.393,931.405,-0.738,18.008,16.48,9.541,17.314,15.574,12.921,3.344,54.204,6.442,0.006035,10.872,1014.362,1003.229,1015.1,931.405,,1
SFO,2025-04-22,20,2025-04-21,18,26,17.489,0.9427611433904207,-0.3334687789181868,99.256,11.502,8.813,3.707,879.773,-0.504,17.489,99.256,11.502,16.795,15.094,13.088,2.357,59.3,7.982,0.006699,8.813,1012.638,1001.501,1013.142,879.773,,1
SFO,2025-04-23,20,2025-04-22,18,26,13.87,0.9368813462954315,-0.3496474552512284,32.47,16.713,6.596,3.855,763.266,0.331,13.87,32.47,16.713,13.176,6.397,9.321,0.545,64.957,6.58,0.006061,6.596,1014.773,1003.471,1014.442,763.266,,1
SFO,2025-04-24,20,2025-04-23,18,26,13.204,0.9307239310379793,-0.3657225234972692,100.0,15.558,5.74,5.568,611.26,-0.556,13.204,100.0,15.558,12.51,5.404,6.942,-0.246,68.691,6.77,0.006134,5.74,1015.977,1004.634,1016.533,611.26,,1
SFO,2025-04-25,20,2025-04-24,18,26,13.506,0.9242907221930933,-0.38168922026665897,99.914,13.84,7.821,12.856,526.219,0.165,13.506,99.914,13.84,12.812,5.769,-0.044,-6.592,59.288,4.991,0.005428,7.821,1013.965,1002.643,1013.8,526.219,,1
SFO,2025-04-26,20,2025-04-25,18,26,12.796,0.9175836260593938,-0.3975428142825558,95.739,12.888,6.834,11.497,723.958,0.004,12.796,95.739,12.888,12.102,5.97,0.605,-7.786,63.264,5.268,0.005538,6.834,1012.993,1001.669,1012.989,723.958,,1
SFO,2025-04-27,20,2025-04-26,18,26,11.941,0.9106046300942163,-0.4132786077829042,99.408,14.87,3.197,8.052,264.728,0.606,11.941,99.408,14.87,11.247,4.914,3.195,-2.513,80.671,8.05,0.006682,3.197,1017.419,1006.002,1016.813,264.728,,1
SFO,2025-04-28,20,2025-04-27,18,26,15.502,0.9033558023246845,-0.4288919379124835,11.739,13.054,7.16,6.547,930.508,-0.861,15.502,11.739,13.054,14.808,9.872,8.261,1.146,64.817,7.648,0.006489,7.16,1020.244,1008.981,1021.105,930.508,,1
SFO,2025-04-29,20,2025-04-28,18,26,17.991,0.895839290734909,-0.4443781781046132,13.85,8.86,8.383,3.897,883.26,-0.916,17.991,13.85,8.86,17.297,16.639,13.4,2.614,61.191,8.914,0.007094,8.383,1017.233,1006.067,1018.149,883.26,,1
SFO,2025-04-30,20,2025-04-29,18,26,16.758,0.8880573226294932,-0.45973273945210397,27.171,10.661,7.514,3.324,863.302,-0.92,16.758,27.171,10.661,16.064,13.918,12.74,1.396,64.653,8.55,0.006941,7.514,1013.301,1002.146,1014.221,863.302,,1
SFO,2025-05-01,20,2025-04-30,18,26,16.916,0.8800122039735357,-0.47495107206704995,10.063,12.049,7.773,1.453,898.711,-0.057,16.916,10.063,12.049,16.222,14.639,14.769,2.458,62.802,8.449,0.006892,7.773,1013.616,1002.451,1013.673,898.711,,1
SFO,2025-05-02,20,2025-05-01,18,26,15.658,0.8717063187093218,-0.49002866642905923,29.848,21.378,4.897,3.912,806.793,-0.028,15.658,29.848,21.378,14.964,10.553,11.052,2.467,73.315,10.067,0.007657,4.897,1016.392,1005.15,1016.42,806.793,,1
SFO,2025-05-03,20,2025-05-02,18,26,12.532,0.8631421280499114,-0.5049610547215204,98.431,30.442,4.407,6.794,406.288,0.05,12.532,98.431,30.442,11.838,5.167,5.044,-1.088,74.716,7.431,0.00642,4.407,1015.677,1004.3,1015.627,406.288,,1
SFO,2025-05-04,20,2025-05-03,18,26,16.462,0.854322169749827,-0.5197438121555155,0.0,17.73,9.366,7.731,944.469,-0.964,16.462,0.0,17.73,15.768,11.295,8.037,-0.334,55.981,6.402,0.006017,9.366,1009.042,997.917,1010.006,944.469,,1
SFO,2025-05-05,20,2025-05-04,18,26,22.048,0.8452490573530633,-0.5343725582809787,2.782,19.326,21.471,10.716,969.786,-0.641,22.048,2.782,19.326,21.354,17.345,10.638,7.739,28.087,-0.117,0.003956,21.471,1007.411,996.423,1008.052,969.786,,1
SFO,2025-05-06,20,2025-05-05,18,26,18.151,0.835925479418637,-0.548842958284719,8.268,10.339,9.621,3.648,910.752,0.262,18.151,8.268,10.339,17.457,15.496,13.809,5.484,57.127,7.836,0.006667,9.621,1012.211,1001.101,1011.949,910.752,,1
SFO,2025-05-07,20,2025-05-06,18,26,18.114,0.8263541987239096,-0.5631507242749186,10.447,11.813,8.34,3.38,910.425,0.099,18.114,10.447,11.813,17.42,14.949,14.04,3.915,61.888,9.08,0.007192,8.34,1017.178,1006.013,1017.079,910.425,,1
SFO,2025-05-08,20,2025-05-07,18,26,18.421,0.8165380514459161,-0.5772916165517272,19.318,12.393,8.25,2.744,859.61,-0.288,18.421,19.318,12.393,17.727,17.089,14.983,5.227,62.395,9.477,0.007336,8.25,1019.212,1008.045,1019.5,859.61,,1
SFO,2025-05-09,20,2025-05-08,18,26,20.364,0.8064799463209448,-0.5912614448635781,5.0,12.33,14.884,2.857,966.833,-0.78,20.364,5.0,12.33,19.67,20.825,16.813,6.671,44.158,4.786,0.00538,14.884,1017.915,1006.805,1018.695,966.833,,1
SFO,2025-05-10,20,2025-05-09,18,26,18.98,0.7961828637826158,-0.6050560696488488,0.0,15.571,12.548,1.368,959.037,-0.07,18.98,0.0,15.571,18.286,19.082,16.918,5.935,48.291,5.738,0.005774,12.548,1015.428,1004.298,1015.498,959.037,,1
SFO,2025-05-11,20,2025-05-10,18,26,16.229,0.7856498550787145,-0.6186714032625031,98.375,17.887,9.004,6.648,899.209,-0.088,16.229,98.375,17.887,15.535,9.859,8.887,3.228,56.814,6.531,0.006049,9.004,1016.301,1005.08,1016.389,899.209,,1
SFO,2025-05-12,20,2025-05-11,18,26,15.31,0.7748840413670407,-0.6321034111873487,3.215,20.531,7.349,12.539,896.242,0.037,15.31,3.215,20.531,14.616,7.229,2.077,-2.506,61.979,7.267,0.006342,7.349,1014.683,1003.429,1014.646,896.242,,1
SFO,2025-05-13,20,2025-05-12,18,26,14.819,0.7638886127905428,-0.6453481132295501,21.513,14.751,7.123,10.79,945.415,0.539,14.819,21.513,14.751,14.125,8.709,3.335,-4.631,64.839,7.002,0.006227,7.123,1017.758,1006.498,1017.219,945.415,,1
SFO,2025-05-14,20,2025-05-13,18,26,16.823,0.7526668275320084,-0.6584015846980488,19.243,13.335,8.333,7.529,917.99,-0.671,16.823,19.243,13.335,16.129,12.487,8.6,0.143,60.434,7.796,0.006557,8.333,1017.443,1006.242,1018.114,917.99,,1
SFO,2025-05-15,20,2025-05-14,18,26,17.647,0.741222010848596,-0.6712599575675313,48.003,13.864,9.172,5.678,907.732,0.258,17.647,48.003,13.864,16.953,14.58,11.275,3.47,58.414,7.781,0.006583,9.172,1015.921,1004.761,1015.663,907.732,,1
SFO,2025-05-16,20,2025-05-15,18,26,16.862,0.7295575540864878,-0.6839194216246103,58.764,15.667,7.699,3.449,931.658,-0.474,16.862,58.764,15.667,16.168,12.743,12.719,3.146,63.94,8.469,0.006903,7.699,1012.886,1001.741,1013.36,931.658,,1
SFO,2025-05-17,20,2025-05-16,18,26,14.975,0.717676913675962,-0.6963762255968722,25.083,34.112,5.787,8.217,945.621,0.218,14.975,25.083,34.112,14.281,8.465,6.064,-2.469,68.863,8.494,0.006904,5.787,1014.13,1002.884,1013.912,945.621,,1
SFO,2025-05-18,20,2025-05-17,18,26,16.848,0.705583610107178,-0.7086266782644596,5.303,22.328,9.103,6.574,961.915,0.003,16.848,5.303,22.328,16.154,12.491,9.58,3.474,57.73,7.051,0.006261,9.103,1016.817,1005.625,1016.814,961.915,,1
SFO,2025-05-19,20,2025-05-18,18,26,19.386,0.6932812268869777,-0.7206671495538609,7.646,18.536,10.182,3.558,968.629,0.097,19.386,7.646,18.536,18.692,17.277,15.134,4.081,55.838,8.51,0.006891,10.182,1019.027,1007.885,1018.93,968.629,,1
SFO,2025-05-20,20,2025-05-19,18,26,17.628,0.6807734094770165,-0.7324940716135786,3.462,19.818,10.358,1.494,976.591,-0.189,17.628,3.462,19.818,16.934,15.571,15.44,6.211,54.114,6.576,0.006075,10.358,1017.338,1006.16,1017.527,976.591,,1
SFO,2025-05-21,20,2025-05-20,18,26,19.254,0.6680638642135338,-0.7441039398713604,12.229,14.638,11.236,1.925,956.184,-0.061,19.254,12.229,14.638,18.56,19.714,16.635,7.767,53.093,7.324,0.006382,11.236,1014.761,1003.66,1014.822,956.184,,1
SFO,2025-05-22,20,2025-05-21,18,26,16.472,0.6551563572090853,-0.7554933140726803,3.891,18.86,8.882,3.392,978.476,0.001,16.472,3.891,18.86,15.778,12.584,12.386,5.765,57.901,6.896,0.006178,8.882,1017.565,1006.339,1017.564,978.476,,1
SFO,2025-05-23,20,2025-05-22,18,26,14.287,0.6420547132365637,-0.766658819300159,29.873,18.374,5.656,2.781,831.408,-0.285,14.287,29.873,18.374,13.593,8.412,10.812,3.255,69.915,7.937,0.006635,5.656,1016.248,1004.956,1016.533,831.408,,1
SFO,2025-05-24,20,2025-05-23,18,26,16.098,0.6287628145958347,-0.7775971469736267,20.459,15.753,6.87,1.463,906.133,0.166,16.098,20.459,15.753,15.404,13.324,13.941,5.164,65.728,8.534,0.006922,6.87,1015.147,1003.933,1014.981,906.133,,1
SFO,2025-05-25,20,2025-05-24,18,26,15.945,0.615284599963328,-0.7883050558305252,60.115,21.449,7.631,2.07,966.713,-0.205,15.945,60.115,21.449,15.251,9.949,13.181,5.46,61.964,7.62,0.006488,7.631,1018.039,1006.79,1018.244,966.713,,1
SFO,2025-05-26,20,2025-05-25,18,26,16.22,0.6016240632249229,-0.7987793728863647,20.086,20.808,6.518,5.986,926.579,-0.823,16.22,20.086,20.808,15.526,9.984,9.54,2.487,67.135,9.008,0.007129,6.518,1017.879,1006.652,1018.702,926.579,,1
SFO,2025-05-27,20,2025-05-26,18,26,18.436,0.5877852522924732,-0.8090169943749473,15.067,12.032,8.418,2.95,915.45,-0.558,18.436,15.067,12.032,17.742,17.482,14.792,7.377,61.471,9.324,0.00729,8.418,1014.341,1003.224,1014.899,915.45,,1
SFO,2025-05-28,20,2025-05-27,18,26,15.996,0.5737722679043249,-0.8190148866680798,19.11,19.131,6.119,-0.025,901.25,0.976,15.996,19.11,19.131,15.302,11.889,15.327,6.65,68.359,9.183,0.007222,6.119,1016.865,1005.626,1015.889,901.25,,1
SFO,2025-05-29,20,2025-05-28,18,26,18.716,0.5595892624101769,-0.8287700871745035,11.978,16.372,8.626,1.191,950.047,-0.394,18.716,11.978,16.372,18.022,15.773,16.831,8.704,60.105,9.396,0.007325,8.626,1016.553,1005.407,1016.947,950.047,,1
SFO,2025-05-30,20,2025-05-29,18,26,21.458,0.5452404385406513,-0.8382797052177741,39.405,13.339,10.446,-3.726,868.456,-1.022,21.458,39.405,13.339,20.764,25.68,24.49,12.391,57.776,10.318,0.007823,10.446,1013.981,1002.96,1015.003,868.456,,1
SFO,2025-05-31,20,2025-05-30,18,26,21.35,0.5307300481619337,-0.8475409228928309,20.97,12.401,10.917,-4.63,905.879,-0.348,21.35,20.97,12.401,20.656,27.211,25.286,12.473,55.073,9.739,0.007521,10.917,1012.327,1001.292,1012.675,905.879,,1
SFO,2025-06-01,20,2025-05-31,18,26,17.218,0.5160623910158528,-0.8565509959010036,24.361,14.295,6.804,-2.687,863.416,-0.31,17.218,24.361,14.295,16.524,17.878,19.211,10.6,66.229,9.72,0.0075,6.804,1012.396,1001.254,1012.706,863.416,,1
SFO,2025-06-02,20,2025-06-01,18,26,17.879,0.5012418134457758,-0.865307254363206,9.438,13.695,8.039,0.228,965.055,1.37,17.879,9.438,13.695,17.185,14.966,16.957,9.212,61.443,9.146,0.007212,8.039,1014.486,1003.334,1013.116,965.055,,1
SFO,2025-06-03,20,2025-06-02,18,26,19.489,0.4862727071086904,-0.8738071036110806,7.798,10.504,9.184,-0.306,948.82,-0.264,19.489,7.798,10.504,18.795,17.879,19.101,9.242,58.581,9.611,0.007453,9.184,1014.002,1002.893,1014.266,948.82,,1
SFO,2025-06-04,20,2025-06-03,18,26,19.682,0.47115950767386416,-0.8820480249558534,8.192,11.018,8.776,1.081,910.998,-0.106,19.682,8.192,11.018,18.988,18.745,17.907,7.209,60.075,10.212,0.007785,8.776,1010.682,999.624,1010.788,910.998,,1
SFO,2025-06-05,20,2025-06-04,18,26,19.401,0.4559066935084588,-0.8900275764346767,11.914,11.652,7.796,0.112,941.523,0.254,19.401,11.914,11.652,18.707,16.073,18.595,7.18,63.241,10.911,0.008139,7.796,1011.579,1000.494,1011.325,941.523,,1
SFO,2025-06-06,20,2025-06-05,18,26,19.645,0.440518784350495,-0.8977433935342337,10.059,9.799,7.397,1.184,909.278,-0.234,19.645,10.059,9.799,18.951,18.699,17.767,6.493,64.815,11.554,0.008491,7.397,1012.773,1001.699,1013.007,909.278,,1
SFO,2025-06-07,20,2025-06-06,18,26,20.062,0.42500033996955416,-0.9051931898913974,7.589,12.1,8.119,-0.206,926.028,-0.461,20.062,7.589,12.1,19.368,19.552,19.574,7.566,62.111,11.249,0.008302,8.119,1015.045,1003.945,1015.506,926.028,,1
SFO,2025-06-08,20,2025-06-07,18,26,19.042,0.40935595881562176,-0.9123747579707272,17.456,13.046,7.501,-3.405,901.883,-0.573,19.042,17.456,13.046,18.348,20.138,21.753,8.956,64.237,10.847,0.008077,7.501,1014.881,1003.761,1015.454,901.883,,1
SFO,2025-06-09,20,2025-06-08,18,26,19.941,0.3935902766564671,-0.9192859697186103,20.831,13.698,7.678,-2.654,885.045,-0.504,19.941,20.831,13.698,19.247,21.199,21.901,10.542,64.208,11.569,0.008497,7.678,1014.05,1002.962,1014.554,885.045,,1
SFO,2025-06-10,20,2025-06-09,18,26,19.002,0.3777079652039649,-0.9259247771938498,97.948,14.447,8.225,-2.198,919.513,-0.545,19.002,97.948,14.447,18.308,20.233,20.506,10.091,61.878,10.083,0.007677,8.225,1015.139,1004.02,1015.684,919.513,,1
SFO,2025-06-11,20,2025-06-10,18,26,17.705,0.36171373072976765,-0.9322892131745133,15.866,16.475,8.353,-0.845,940.764,-0.08,17.705,15.866,16.475,17.011,17.049,17.856,8.896,60.612,8.658,0.006999,8.353,1015.867,1004.682,1015.947,940.764,,1
SFO,2025-06-12,20,2025-06-11,18,26,18.925,0.3456123126707335,-0.9383773917408641,11.812,16.076,9.325,-0.028,972.998,-0.293,18.925,11.812,16.076,18.231,17.889,18.259,7.664,57.846,8.906,0.007114,9.325,1013.323,1002.205,1013.616,972.998,,1
SFO,2025-06-13,20,2025-06-12,18,26,16.995,0.3294084822245304,-0.9441875088341993,16.138,17.029,7.453,2.324,936.158,0.217,16.995,16.138,17.029,16.301,15.093,13.977,7.431,63.455,8.848,0.007103,7.453,1014.394,1003.212,1014.177,936.158,,1
SFO,2025-06-14,20,2025-06-13,18,26,17.753,0.3131070409358265,-0.9497178427914318,100.0,13.753,9.115,1.513,861.816,0.257,17.753,100.0,13.753,17.059,16.592,15.546,8.338,58.028,7.944,0.006662,9.115,1015.715,1004.547,1015.458,861.816,,1
SFO,2025-06-15,20,2025-06-14,18,26,18.763,0.2967128192734903,-0.9549667548552552,17.417,13.357,10.353,1.387,948.083,0.319,18.763,17.417,13.357,18.069,18.81,16.682,8.66,55.399,7.716,0.006574,10.353,1016.224,1005.078,1015.905,948.083,,1
SFO,2025-06-16,20,2025-06-15,18,26,17.164,0.2802306751992163,-0.9599326896597445,3.789,15.478,8.971,0.024,960.847,-0.049,17.164,3.789,15.478,16.47,16.832,16.446,6.967,58.146,7.499,0.006465,8.971,1018.009,1006.79,1018.058,960.847,,1
SFO,2025-06-17,20,2025-06-16,18,26,18.93,0.2636654927280075,-0.9646141756912434,0.0,15.593,9.893,0.171,972.453,-0.454,18.93,0.0,15.593,18.236,16.681,18.065,11.979,55.293,8.343,0.006826,9.893,1015.651,1004.507,1016.105,972.453,,1
SFO,2025-06-18,20,2025-06-17,18,26,20.97,0.24702218048093594,-0.9690098257244061,18.253,15.912,10.648,-2.095,933.332,-0.447,20.97,18.253,15.912,20.276,23.438,22.371,12.148,55.224,9.628,0.007482,10.648,1012.136,1001.095,1012.583,933.332,,1
SFO,2025-06-19,20,2025-06-18,18,26,16.222,0.23030567023061221,-0.9731183372332619,18.763,23.685,6.484,-3.061,923.316,0.803,16.222,18.763,23.685,15.528,12.684,18.589,9.142,66.435,9.044,0.007187,6.484,1012.78,1001.585,1011.977,923.316,,1
SFO,2025-06-20,20,2025-06-19,18,26,16.084,0.21352091543979612,-0.9769384927771817,5.0,33.719,8.602,5.059,967.768,-0.059,16.084,5.0,33.719,15.39,9.638,10.331,6.544,57.751,6.788,0.006149,8.602,1014.706,1003.488,1014.765,967.768,,1
SFO,2025-06-21,20,2025-06-20,18,26,17.502,0.19667288979357647,-0.980469160361632,0.537,22.01,10.859,9.387,983.045,-0.314,17.502,0.537,22.01,16.808,12.133,7.421,0.14,52.027,5.949,0.005833,10.859,1015.755,1004.584,1016.069,983.045,,1
SFO,2025-06-22,20,2025-06-21,18,26,18.136,0.1797665857255624,-0.9837092937736097,8.899,17.464,10.342,6.396,968.059,-0.636,18.136,8.899,17.464,17.442,14.929,11.046,3.342,54.555,7.1,0.006281,10.342,1015.092,1003.954,1015.728,968.059,,1
SFO,2025-06-23,20,2025-06-22,18,26,19.502,0.16280701293851715,-0.986657932891657,16.025,13.402,10.654,3.487,899.255,-0.051,19.502,16.025,13.402,18.808,18.892,15.321,3.55,55.278,8.154,0.006779,10.654,1013.632,1002.549,1013.683,899.255,,1
SFO,2025-06-24,20,2025-06-23,18,26,18.368,0.14579919691987467,-0.9893142039703663,16.729,14.482,8.413,1.213,922.155,0.065,18.368,16.729,14.482,17.674,17.047,16.461,6.109,61.055,9.261,0.007286,8.413,1015.292,1004.147,1015.227,922.155,,1
SFO,2025-06-25,20,2025-06-24,18,26,18.849,0.12874817745258088,-0.99167731989929,17.007,12.819,8.31,-0.72,909.655,-0.58,18.849,17.007,12.819,18.155,19.307,18.875,8.877,61.844,9.845,0.007562,8.31,1015.967,1004.826,1016.547,909.655,,1
SFO,2025-06-26,20,2025-06-25,18,26,18.888,0.11165900712169467,-0.993746580436178,13.187,15.326,8.102,-0.742,915.993,-0.6,18.888,13.187,15.326,18.194,17.982,18.936,9.414,62.311,10.092,0.007696,8.102,1013.805,1002.689,1014.405,915.993,,1
SFO,2025-06-27,20,2025-06-26,18,26,20.433,0.09453674981719956,-0.9955213724144752,12.389,11.698,10.089,-0.208,888.645,-0.168,20.433,12.389,11.698,19.739,21.406,19.947,11.018,56.963,9.65,0.007485,10.089,1012.378,1001.329,1012.546,888.645,,1
SFO,2025-06-28,20,2025-06-27,18,26,21.093,0.07738647923346301,-0.9970011699250151,10.554,9.191,9.821,-0.97,911.49,0.052,21.093,10.554,9.191,20.399,23.29,21.369,11.034,57.798,10.578,0.007956,9.821,1013.691,1002.646,1013.639,911.49,,1
SFO,2025-06-29,20,2025-06-28,18,26,21.225,0.06021327736579302,-0.9981855344718586,10.365,9.622,10.441,-1.191,913.79,-0.581,21.225,10.365,9.622,20.531,23.55,21.722,10.465,55.878,10.09,0.00769,10.441,1013.594,1002.545,1014.175,913.79,,1
SFO,2025-06-30,20,2025-06-29,18,26,20.443,0.04302223300453059,-0.99907411510223,7.944,11.896,9.421,-1.036,911.956,-0.018,20.443,7.944,11.896,19.749,22.374,20.785,8.107,58.372,10.328,0.007847,9.421,1012.331,1001.273,1012.349,911.956,,1
SFO,2025-07-01,20,2025-06-30,18,26,20.34,0.02581844022713308,-0.9996666485105112,11.501,13.049,8.839,-0.724,909.353,0.009,20.34,11.501,13.049,19.646,22.702,20.37,7.685,60.137,10.807,0.008082,8.839,1011.917,1000.871,1011.908,909.353,,1
SFO,2025-07-02,20,2025-07-01,18,26,20.06,0.008606996888688698,-0.9999629591162655,17.762,12.519,7.684,-1.476,844.186,-0.091,20.06,17.762,12.519,19.366,21.697,20.842,9.173,64.472,11.682,0.008593,7.684,1011.081,1000.027,1011.172,844.186,,1
SFO,2025-07-03,20,2025-07-02,18,26,18.666,-0.008606996888688453,-0.9999629591162655,88.462,16.559,7.515,-2.059,880.921,0.994,18.666,88.462,16.559,17.972,19.265,20.031,9.804,64.214,10.457,0.007916,7.515,1012.085,1000.979,1011.091,880.921,,1
SFO,2025-07-04,20,2025-07-03,18,26,17.589,-0.025818440227132835,-0.9996666485105112,5.341,15.888,8.217,3.127,942.408,0.624,17.589,5.341,15.888,16.895,14.432,13.768,5.525,61.11,8.678,0.006982,8.217,1018.976,1007.761,1018.352,942.408,,1
SFO,2025-07-05,20,2025-07-04,18,26,18.514,-0.04302223300453034,-0.99907411510223,11.594,13.891,8.912,2.288,941.634,-0.522,18.514,11.594,13.891,17.82,15.958,15.532,8.43,59.837,8.908,0.007082,8.912,1019.874,1008.676,1020.396,941.634,,1
SFO,2025-07-06,20,2025-07-05,18,26,18.94,-0.060213277365792774,-0.9981855344718586,12.325,13.669,8.42,0.166,900.876,-0.881,18.94,12.325,13.669,18.246,17.894,18.08,8.707,60.805,9.826,0.007547,8.42,1015.506,1004.37,1016.387,900.876,,1
SFO,2025-07-07,20,2025-07-06,18,26,19.618,-0.07738647923346277,-0.9970011699250151,11.321,11.688,8.616,0.039,926.315,0.041,19.618,11.321,11.688,18.924,17.815,18.885,8.447,60.406,10.308,0.007789,8.616,1013.957,1002.857,1013.916,926.315,,1
SFO,2025-07-08,20,2025-07-07,18,26,19.8,-0.09453674981719933,-0.9955213724144752,7.575,11.041,8.086,1.651,934.727,-0.15,19.8,7.575,11.041,19.106,15.223,17.455,9.195,61.954,11.02,0.008152,8.086,1018.869,1007.715,1019.019,934.727,,1
SFO,2025-07-09,20,2025-07-08,18,26,19.399,-0.11165900712169444,-0.9937465804361781,20.376,14.971,8.14,-0.534,884.298,-0.626,19.399,20.376,14.971,18.705,20.13,19.239,9.807,62.682,10.565,0.007875,8.14,1020.121,1008.955,1020.747,884.298,,1
SFO,2025-07-10,20,2025-07-09,18,26,21.939,-0.12874817745258066,-0.99167731989929,19.316,12.817,10.146,-0.359,869.676,-1.137,21.939,19.316,12.817,21.245,24.886,21.604,12.137,57.035,11.099,0.008227,10.146,1015.225,1004.171,1016.362,869.676,,1
SFO,2025-07-11,20,2025-07-10,18,26,21.501,-0.14579919691987442,-0.9893142039703664,12.028,11.174,9.391,-2.807,896.412,-0.686,21.501,12.028,11.174,20.807,25.6,23.614,13.884,59.238,11.416,0.00845,9.391,1011.999,1000.973,1012.685,896.412,,1
SFO,2025-07-12,20,2025-07-11,18,26,21.022,-0.16280701293851646,-0.9866579328916572,13.838,10.079,9.011,-3.096,916.016,-0.209,21.022,13.838,10.079,20.328,24.273,23.424,14.353,60.327,11.317,0.008351,9.011,1013.39,1002.33,1013.599,916.016,,1
SFO,2025-07-13,20,2025-07-12,18,26,21.341,-0.17976658572556214,-0.9837092937736098,7.575,10.044,9.237,-2.785,908.923,-0.807,21.341,7.575,10.044,20.647,24.812,23.432,14.339,59.117,11.41,0.0084,9.237,1014.816,1003.755,1015.623,908.923,,1
SFO,2025-07-14,20,2025-07-13,18,26,21.785,-0.19667288979357622,-0.9804691603616321,15.376,11.542,9.692,-2.578,897.878,-0.479,21.785,15.376,11.542,21.091,25.145,23.669,15.727,58.466,11.399,0.00842,9.692,1013.052,1002.02,1013.531,897.878,,1
SFO,2025-07-15,20,2025-07-14,18,26,20.204,-0.2135209154397959,-0.9769384927771817,18.74,12.537,7.806,-2.957,876.936,-0.311,20.204,18.74,12.537,19.51,19.655,22.467,13.624,63.198,11.704,0.00857,7.806,1012.473,1001.407,1012.784,876.936,,1
SFO,2025-07-16,20,2025-07-15,18,26,19.329,-0.23030567023061196,-0.973118337233262,16.983,13.561,7.992,-2.339,899.03,0.039,19.329,16.983,13.561,18.635,13.3,20.974,11.21,61.82,10.643,0.007977,7.992,1014.17,1003.054,1014.131,899.03,,1
SFO,2025-07-17,20,2025-07-16,18,26,20.57,-0.24702218048093572,-0.9690098257244062,2.694,11.856,8.258,0.107,929.168,-0.293,20.57,2.694,11.856,19.876,17.596,19.769,11.212,61.544,11.618,0.008536,8.258,1014.026,1002.943,1014.319,929.168,,1
SFO,2025-07-18,20,2025-07-17,18,26,19.932,-0.2636654927280072,-0.9646141756912435,19.353,15.048,7.512,-0.204,891.142,0.026,19.932,19.353,15.048,19.238,19.676,19.442,11.366,64.778,11.726,0.008533,7.512,1016.103,1004.992,1016.077,891.142,,1
SFO,2025-07-19,20,2025-07-18,18,26,19.796,-0.2802306751992161,-0.9599326896597445,13.617,13.587,8.23,-1.219,913.625,-0.833,19.796,13.617,13.587,19.102,20.629,20.321,12.298,61.847,10.872,0.008088,8.23,1016.382,1005.265,1017.215,913.625,,1
SFO,2025-07-20,20,2025-07-19,18,26,19.925,-0.2967128192734901,-0.9549667548552553,20.048,13.71,7.26,-2.074,865.617,-0.933,19.925,20.048,13.71,19.231,18.264,21.305,11.013,65.112,11.971,0.008709,7.26,1014.257,1003.149,1015.19,865.617,,1
SFO,2025-07-21,20,2025-07-20,18,26,18.989,-0.31310704093582625,-0.9497178427914318,27.904,16.148,6.451,1.854,764.243,-0.305,18.989,27.904,16.148,18.295,11.738,16.441,8.809,67.068,11.844,0.008649,6.451,1015.056,1003.919,1015.361,764.243,,1
SFO,2025-07-22,20,2025-07-21,18,26,19.06,-0.3294084822245298,-0.9441875088341996,100.0,12.792,6.026,5.5,754.392,-0.314,19.06,100.0,12.792,18.366,12.663,12.866,6.573,69.793,12.34,0.008951,6.026,1015.436,1004.311,1015.75,754.392,,1
SFO,2025-07-23,20,2025-07-22,18,26,19.804,-0.3456123126707333,-0.9383773917408642,91.804,10.889,8.072,4.517,876.19,-0.38,19.804,91.804,10.889,19.11,13.281,14.593,6.619,61.151,11.038,0.008165,8.072,1017.458,1006.312,1017.838,876.19,,1
SFO,2025-07-24,20,2025-07-23,18,26,20.106,-0.3617137307297674,-0.9322892131745134,5.6,14.164,7.193,4.679,911.758,-0.291,20.106,5.6,14.164,19.412,13.247,14.733,6.202,64.942,12.219,0.008818,7.193,1019.487,1008.329,1019.778,911.758,,1
SFO,2025-07-25,20,2025-07-24,18,26,19.661,-0.37770796520396466,-0.9259247771938499,9.111,14.995,6.845,3.28,893.691,-0.972,19.661,9.111,14.995,18.967,14.147,15.687,5.589,66.448,12.122,0.008791,6.845,1016.826,1005.696,1017.798,893.691,,1
SFO,2025-07-26,20,2025-07-25,18,26,19.481,-0.3935902766564669,-0.9192859697186104,19.567,15.062,6.49,3.011,821.424,-0.016,19.481,19.567,15.062,18.787,12.707,15.776,6.273,67.605,12.297,0.008897,6.49,1016.284,1005.141,1016.3,821.424,,1
SFO,2025-07-27,20,2025-07-26,18,26,19.881,-0.40935595881562153,-0.9123747579707273,13.325,14.852,7.111,3.185,872.345,0.141,19.881,13.325,14.852,19.187,15.63,16.002,5.766,65.663,12.076,0.008782,7.111,1016.596,1005.461,1016.455,872.345,,1
SFO,2025-07-28,20,2025-07-27,18,26,20.74,-0.42500033996955394,-0.9051931898913975,13.071,13.758,8.093,2.299,895.525,-0.426,20.74,13.071,13.758,20.046,19.122,17.747,8.093,62.275,11.953,0.00867,8.093,1017.758,1006.643,1018.184,895.525,,1
SFO,2025-07-29,20,2025-07-28,18,26,21.141,-0.4405187843504948,-0.8977433935342338,14.155,14.753,8.523,1.851,900.424,-0.569,21.141,14.155,14.753,20.447,20.755,18.596,8.93,61.208,11.924,0.008679,8.523,1018.245,1007.123,1018.814,900.424,,1
SFO,2025-07-30,20,2025-07-29,18,26,20.336,-0.4559066935084586,-0.8900275764346768,16.815,14.421,7.471,0.461,861.523,-0.238,20.336,16.815,14.421,19.642,18.773,19.181,8.984,64.189,12.171,0.008804,7.471,1016.985,1005.855,1017.223,861.523,,1
SFO,2025-07-31,20,2025-07-30,18,26,20.693,-0.47115950767386355,-0.8820480249558538,17.021,13.319,7.05,0.657,844.835,0.111,20.693,17.021,13.319,19.999,18.377,19.342,9.119,66.562,12.949,0.009271,7.05,1017.006,1005.896,1016.895,844.835,,1
SFO,2025-08-01,20,2025-07-31,18,26,19.615,-0.4862727071086898,-0.8738071036110809,26.467,13.763,6.156,-0.084,795.045,0.695,19.615,26.467,13.763,18.921,18.614,19.005,8.596,69.558,12.765,0.00915,6.156,1019.395,1008.228,1018.7,795.045,,1
SFO,2025-08-02,20,2025-08-01,18,26,20.71,-0.5012418134457756,-0.8653072543632061,15.946,14.763,7.401,0.603,856.575,-0.219,20.71,15.946,14.763,20.016,20.921,19.413,10.161,65.256,12.615,0.009036,7.401,1020.691,1009.54,1020.91,856.575,,1
SFO,2025-08-03,20,2025-08-02,18,26,19.062,-0.5160623910158526,-0.8565509959010037,12.106,15.702,7.313,0.074,838.936,-0.487,19.062,12.106,15.702,18.368,18.452,18.294,8.57,64.385,11.055,0.008175,7.313,1018.609,1007.431,1019.096,838.936,,1
SFO,2025-08-04,20,2025-08-03,18,26,18.93,-0.5307300481619335,-0.847540922892831,2.144,17.056,8.608,1.683,919.326,-0.592,18.93,2.144,17.056,18.236,15.851,16.553,8.243,59.464,9.628,0.007464,8.608,1017.213,1006.055,1017.805,919.326,,1
SFO,2025-08-05,20,2025-08-04,18,26,19.631,-0.5452404385406511,-0.8382797052177743,6.629,12.547,8.738,1.548,902.821,-0.398,19.631,6.629,12.547,18.937,17.294,17.389,10.106,59.964,10.199,0.007744,8.738,1017.481,1006.337,1017.879,902.821,,1
SFO,2025-08-06,20,2025-08-05,18,26,21.746,-0.5595892624101767,-0.8287700871745036,13.698,12.636,11.556,0.795,874.798,-0.401,21.746,13.698,12.636,21.052,21.641,20.257,11.414,52.716,9.496,0.007383,11.556,1017.363,1006.286,1017.764,874.798,,1
SFO,2025-08-07,20,2025-08-06,18,26,19.322,-0.5737722679043247,-0.81901488666808,53.807,10.741,5.045,-0.639,699.898,-0.676,19.322,53.807,10.741,18.628,20.049,19.267,10.621,74.5,13.583,0.009663,5.045,1016.733,1005.593,1017.409,699.898,,1
SFO,2025-08-08,20,2025-08-07,18,26,22.019,-0.587785252292473,-0.8090169943749475,20.333,8.154,10.304,-0.896,852.769,-1.204,22.019,20.333,8.154,21.325,23.962,22.221,12.374,57.73,11.021,0.008219,10.304,1012.015,1001.01,1013.219,852.769,,1
SFO,2025-08-09,20,2025-08-08,18,26,22.868,-0.6016240632249223,-0.798779372886365,9.309,8.907,9.837,-0.742,859.231,-0.797,22.868,9.309,8.907,22.174,24.84,22.916,13.062,57.878,12.337,0.008937,9.837,1012.633,1001.633,1013.43,859.231,,1
SFO,2025-08-10,20,2025-08-09,18,26,23.483,-0.6152845999633274,-0.7883050558305257,16.96,9.692,10.951,-1.0,830.331,-0.316,23.483,16.96,9.692,22.789,25.659,23.789,13.381,55.158,11.838,0.008627,10.951,1014.261,1003.258,1014.577,830.331,,1
SFO,2025-08-11,20,2025-08-10,18,26,23.147,-0.6287628145958345,-0.7775971469736268,14.594,12.957,11.02,-2.646,873.839,-0.733,23.147,14.594,12.957,22.453,26.317,25.099,13.765,55.261,11.433,0.008451,11.02,1015.067,1004.047,1015.8,873.839,,1
SFO,2025-08-12,20,2025-08-11,18,26,22.346,-0.6420547132365636,-0.7666588193001592,17.198,12.113,8.936,-2.621,847.382,-0.5,22.346,17.198,12.113,21.652,25.098,24.273,13.897,60.82,12.716,0.00917,8.936,1014.024,1002.992,1014.524,847.382,,1
SFO,2025-08-13,20,2025-08-12,18,26,20.786,-0.655156357209085,-0.7554933140726804,73.356,12.876,7.599,-1.875,854.608,-0.54,20.786,73.356,12.876,20.092,21.876,21.967,12.649,64.374,12.493,0.00902,7.599,1015.218,1004.14,1015.758,854.608,,1
SFO,2025-08-14,20,2025-08-13,18,26,20.663,-0.6680638642135336,-0.7441039398713605,17.865,13.36,7.053,-1.321,840.981,-0.754,20.663,17.865,13.36,19.969,18.746,21.29,10.852,66.29,12.916,0.009283,7.053,1014.121,1003.037,1014.875,840.981,,1
SFO,2025-08-15,20,2025-08-14,18,26,21.287,-0.6807734094770164,-0.7324940716135788,10.365,15.705,7.6,0.429,828.61,0.286,21.287,10.365,15.705,20.593,19.521,20.164,9.448,64.248,12.993,0.009348,7.6,1013.629,1002.555,1013.343,828.61,,1
SFO,2025-08-16,20,2025-08-15,18,26,18.08,-0.6932812268869775,-0.7206671495538611,98.238,10.091,1.458,2.188,240.248,0.402,18.08,98.238,10.091,17.386,14.988,15.198,7.953,91.219,15.928,0.011272,1.458,1016.899,1005.744,1016.497,240.248,,1
SFO,2025-08-17,20,2025-08-16,18,26,19.593,-0.7055836101071777,-0.7086266782644597,0.92,15.86,6.978,3.649,878.454,-0.812,19.593,0.92,15.86,18.899,13.816,15.25,8.182,65.414,11.921,0.008675,6.978,1016.84,1005.702,1017.652,878.454,,1
SFO,2025-08-18,20,2025-08-17,18,26,20.237,-0.7176769136759618,-0.6963762255968724,0.0,17.945,9.894,4.509,896.933,-0.435,20.237,0.0,17.945,19.543,14.237,15.034,10.046,55.019,9.649,0.007479,9.894,1017.333,1006.199,1017.768,896.933,,1
SFO,2025-08-19,20,2025-08-18,18,26,21.255,-0.7295575540864874,-0.6839194216246107,2.596,12.171,10.741,2.378,903.809,-0.165,21.255,2.596,12.171,20.561,19.432,18.183,8.457,54.257,9.82,0.00756,10.741,1017.932,1006.82,1018.097,903.809,,1
SFO,2025-08-20,20,2025-08-19,18,26,22.504,-0.7412220108485955,-0.6712599575675318,21.112,12.426,11.197,1.224,852.776,-1.099,22.504,21.112,12.426,21.81,23.54,20.586,10.442,55.281,10.613,0.007982,11.197,1016.756,1005.71,1017.855,852.776,,1
SFO,2025-08-21,20,2025-08-20,18,26,23.401,-0.7526668275320083,-0.6584015846980489,98.931,13.405,11.181,-1.031,822.373,-1.207,23.401,98.931,13.405,22.707,26.947,23.738,12.478,54.721,11.526,0.008484,11.181,1013.006,1002.017,1014.213,822.373,,1
SFO,2025-08-22,20,2025-08-21,18,26,22.281,-0.7638886127905429,-0.64534811322955,35.779,13.778,9.948,-3.034,814.222,-0.49,22.281,35.779,13.778,21.587,26.818,24.621,13.157,58.102,11.639,0.008564,9.948,1012.045,1001.035,1012.535,814.222,,1
SFO,2025-08-23,20,2025-08-22,18,26,21.753,-0.7748840413670406,-0.6321034111873488,22.118,13.12,9.364,-2.932,803.861,-0.028,21.753,22.118,13.12,21.059,25.369,23.991,12.349,59.78,11.695,0.00858,9.364,1013.46,1002.418,1013.488,803.861,,1
SFO,2025-08-24,20,2025-08-23,18,26,21.001,-0.7856498550787144,-0.6186714032625032,12.754,13.435,8.15,-2.593,838.917,-0.801,21.001,12.754,13.435,20.307,22.753,22.9,11.666,62.974,12.157,0.008831,8.15,1013.696,1002.64,1014.497,838.917,,1
SFO,2025-08-25,20,2025-08-24,18,26,21.189,-0.7961828637826154,-0.6050560696488494,11.872,11.219,8.466,-1.929,846.807,-0.66,21.189,11.872,11.219,20.495,22.283,22.424,11.406,61.656,12.029,0.008749,8.466,1012.773,1001.742,1013.433,846.807,,1
SFO,2025-08-26,20,2025-08-25,18,26,21.186,-0.8064799463209447,-0.5912614448635782,11.639,10.904,7.876,-1.135,821.588,-0.572,21.186,11.639,10.904,20.492,21.237,21.627,10.666,63.596,12.616,0.009101,7.876,1013.793,1002.733,1014.365,821.588,,1
SFO,2025-08-27,20,2025-08-26,18,26,21.24,-0.8165380514459157,-0.5772916165517278,8.094,9.501,8.681,1.126,841.467,-0.714,21.24,8.094,9.501,20.546,18.826,19.42,9.669,60.953,11.865,0.008658,8.681,1017.273,1006.177,1017.987,841.467,,1
SFO,2025-08-28,20,2025-08-27,18,26,22.152,-0.8263541987239095,-0.5631507242749187,11.851,10.904,9.907,0.591,864.192,-1.201,22.152,11.851,10.904,21.458,22.755,20.867,6.567,57.815,11.551,0.008478,9.907,1017.238,1006.168,1018.439,864.192,,1
SFO,2025-08-29,20,2025-08-28,18,26,22.2,-0.8359254794186365,-0.5488429582847199,4.78,13.72,10.283,1.166,818.951,-0.8,22.2,4.78,13.72,21.506,23.591,20.34,7.077,56.283,11.223,0.008294,10.283,1017.427,1006.36,1018.227,818.951,,1
SFO,2025-08-30,20,2025-08-29,18,26,24.145,-0.8452490573530629,-0.5343725582809793,14.265,13.123,14.52,2.19,856.549,-1.092,24.145,14.265,13.123,23.451,25.097,21.261,7.328,46.172,8.931,0.007185,14.52,1015.217,1004.219,1016.309,856.549,,1
SFO,2025-08-31,20,2025-08-30,18,26,25.0,-0.8543221697498269,-0.5197438121555157,98.115,12.699,14.542,2.479,838.329,-0.268,25.0,98.115,12.699,24.306,25.423,21.827,9.091,45.745,9.764,0.007592,14.542,1014.136,1003.161,1014.404,838.329,,1
SFO,2025-09-01,20,2025-08-31,18,26,24.101,-0.8631421280499115,-0.5049610547215202,16.397,12.496,12.166,1.022,823.268,-0.57,24.101,16.397,12.496,23.407,25.19,22.385,9.647,52.354,11.241,0.008363,12.166,1013.147,1002.169,1013.717,823.268,,1
SFO,2025-09-02,20,2025-09-01,18,26,23.68,-0.8717063187093218,-0.4900286664290594,8.709,9.184,10.578,2.332,804.16,-0.668,23.68,8.709,9.184,22.986,24.05,20.654,9.405,56.375,12.408,0.009008,10.578,1013.475,1002.482,1014.143,804.16,,1
SFO,2025-09-03,20,2025-09-02,18,26,21.812,-0.8800122039735356,-0.4749510720670502,49.534,9.191,9.235,0.791,769.26,-1.254,21.812,49.534,9.191,21.118,21.539,20.327,11.6,59.323,11.883,0.008663,9.235,1014.827,1003.764,1016.081,769.26,,1
SFO,2025-09-04,20,2025-09-03,18,26,20.451,-0.888057322629493,-0.4597327394521046,25.244,13.335,6.896,-0.481,810.814,-0.927,20.451,25.244,13.335,19.757,17.629,20.238,11.484,66.741,12.861,0.009243,6.896,1012.741,1001.67,1013.668,810.814,,1
SFO,2025-09-05,20,2025-09-04,18,26,19.734,-0.8958392907349089,-0.44437817810461344,88.346,17.094,6.044,0.913,762.806,-0.282,19.734,88.346,17.094,19.04,14.326,18.127,9.869,69.374,12.996,0.009343,6.044,1012.884,1001.79,1013.166,762.806,,1
SFO,2025-09-06,20,2025-09-05,18,26,20.977,-0.9033558023246842,-0.4288919379124841,14.964,11.841,8.677,4.942,824.583,0.105,20.977,14.964,11.841,20.283,17.078,15.341,5.978,61.294,11.606,0.008537,8.677,1015.931,1004.838,1015.826,824.583,,1
SFO,2025-09-07,20,2025-09-06,18,26,21.191,-0.9106046300942162,-0.41327860778290443,100.0,11.771,6.569,6.392,721.398,0.128,21.191,100.0,11.771,20.497,16.473,14.105,7.389,68.381,13.928,0.009889,6.569,1018.876,1007.77,1018.748,721.398,,1
SFO,2025-09-08,20,2025-09-07,18,26,21.822,-0.9175836260593934,-0.3975428142825566,13.337,10.257,7.131,8.463,781.779,-0.903,21.822,13.337,10.257,21.128,15.822,12.665,4.824,65.663,13.997,0.009946,7.131,1017.899,1006.799,1018.802,781.779,,1
SFO,2025-09-09,20,2025-09-08,18,26,20.771,-0.924290722193093,-0.3816892202666594,52.162,12.485,5.739,10.339,737.212,-1.091,20.771,52.162,12.485,20.077,14.134,9.738,2.587,70.865,14.338,0.010198,5.739,1013.607,1002.531,1014.698,737.212,,1
SFO,2025-09-10,20,2025-09-09,18,26,19.707,-0.9307239310379793,-0.3657225234972692,63.266,11.648,4.092,9.566,589.089,0.269,19.707,63.266,11.648,19.013,13.345,9.447,1.509,77.906,14.921,0.010579,4.092,1012.971,1001.883,1012.702,589.089,,1
SFO,2025-09-11,20,2025-09-10,18,26,20.29,-0.9368813462954315,-0.34964745525122826,19.828,12.22,6.164,8.239,661.701,-0.203,20.29,19.828,12.22,19.596,13.044,11.357,2.407,68.788,13.432,0.009588,6.164,1016.204,1005.074,1016.407,661.701,,1
SFO,2025-09-12,20,2025-09-11,18,26,21.81,-0.9427611433904206,-0.33346877891818705,12.002,10.342,7.624,6.325,766.69,-0.898,21.81,12.002,10.342,21.116,18.335,14.791,5.095,64.552,13.492,0.009644,7.624,1014.174,1003.114,1015.072,766.69,,1
SFO,2025-09-13,20,2025-09-12,18,26,20.844,-0.9483615800121716,-0.31719128858910595,10.823,14.679,7.207,3.679,789.691,-0.542,20.844,10.823,14.679,20.15,17.01,16.471,7.527,65.269,12.943,0.009304,7.207,1013.865,1002.781,1014.407,789.691,,1
SFO,2025-09-14,20,2025-09-13,18,26,21.28,-0.9536809966304455,-0.300819807635668,13.614,13.673,5.256,4.96,755.246,-0.63,21.28,13.614,13.673,20.586,16.457,15.626,8.812,73.682,15.33,0.010883,5.256,1013.732,1002.671,1014.362,755.246,,1
SFO,2025-09-15,20,2025-09-14,18,26,24.075,-0.9587178169872964,-0.2843591872810036,18.26,9.462,13.3,4.35,814.205,-0.851,24.075,18.26,9.462,23.381,22.105,19.031,11.307,49.737,10.081,0.007819,13.3,1011.414,1000.437,1012.265,814.205,,1
SFO,2025-09-16,20,2025-09-15,18,26,24.825,-0.9634705485641486,-0.26781430516217486,9.56,10.556,12.248,4.179,800.851,-0.258,24.825,9.56,10.556,24.131,23.613,19.952,10.316,51.871,11.883,0.008684,12.248,1013.154,1002.189,1013.412,800.851,,1
SFO,2025-09-17,20,2025-09-16,18,26,24.704,-0.9679377830240642,-0.25119006388481957,84.648,11.439,13.787,3.657,772.207,-1.023,24.704,84.648,11.439,24.01,24.014,20.353,8.419,47.942,10.223,0.007838,13.787,1012.983,1002.017,1014.006,772.207,,1
SFO,2025-09-18,20,2025-09-17,18,26,20.697,-0.9721181966290612,-0.23449138957041052,87.033,11.798,6.313,1.1,621.483,-0.348,20.697,87.033,11.798,20.003,18.332,18.903,7.178,68.76,13.69,0.00979,6.313,1010.883,999.845,1011.231,621.483,,1
SFO,2025-09-19,20,2025-09-18,18,26,21.388,-0.9760105506323682,-0.21772323039653224,42.02,4.211,7.688,5.335,584.523,-0.158,21.388,42.02,4.211,20.694,18.056,15.359,4.36,64.69,13.006,0.00936,7.688,1013.278,1002.237,1013.436,584.523,,1
SFO,2025-09-20,20,2025-09-19,18,26,21.952,-0.9796136916454901,-0.20089055513063528,7.636,11.628,7.838,5.098,766.265,-0.425,21.952,7.636,11.628,21.258,19.203,16.16,4.136,63.383,13.42,0.009562,7.838,1016.076,1005.009,1016.501,766.265,,1
SFO,2025-09-21,20,2025-09-20,18,26,21.588,-0.9829265519799822,-0.18399835165767986,21.123,12.062,7.607,3.394,733.509,-0.997,21.588,21.123,12.062,20.894,20.664,17.5,6.076,64.737,13.287,0.009528,7.607,1013.941,1002.884,1014.938,733.509,,1
SFO,2025-09-22,20,2025-09-21,18,26,22.374,-0.9859481499638303,-0.1670516255021195,32.23,8.953,9.453,2.701,737.771,-1.274,22.374,32.23,8.953,21.68,21.697,18.979,10.101,59.95,12.227,0.008908,9.453,1011.671,1000.677,1012.945,737.771,,1
SFO,2025-09-23,20,2025-09-22,18,26,26.797,-0.9886775902323404,-0.15005539834465262,0.0,7.679,16.065,4.196,774.342,-0.706,26.797,0.0,7.679,26.103,25.993,21.907,9.082,42.685,10.038,0.007752,16.065,1010.187,999.284,1010.893,774.342,,1
SFO,2025-09-24,20,2025-09-23,18,26,21.834,-0.9911140639934546,-0.13301470653419636,99.399,9.34,6.71,2.976,436.207,-0.079,21.834,99.399,9.34,21.14,17.27,18.164,7.171,67.175,14.43,0.010223,6.71,1015.94,1004.863,1016.019,436.207,,1
SFO,2025-09-25,20,2025-09-24,18,26,21.907,-0.9932568492674143,-0.11593459959550066,23.849,13.53,7.264,3.156,722.549,-0.529,21.907,23.849,13.53,21.213,19.543,18.057,7.11,65.754,13.949,0.009926,7.264,1015.683,1004.617,1016.212,722.549,,1
SFO,2025-09-26,20,2025-09-25,18,26,21.707,-0.9951053111006974,-0.09882013873287211,14.307,11.006,9.195,-0.127,756.093,-0.968,21.707,14.307,11.006,21.013,21.87,21.14,9.738,59.743,11.818,0.008668,9.195,1010.907,999.909,1011.875,756.093,,1
SFO,2025-09-27,20,2025-09-26,18,26,21.529,-0.99665890175417,-0.08167639533042288,2.26,11.572,8.339,1.59,748.758,-0.532,21.529,2.26,11.572,20.835,17.25,19.245,9.133,61.836,12.496,0.009104,8.339,1009.781,998.759,1010.313,748.758,,1
SFO,2025-09-28,20,2025-09-27,18,26,20.351,-0.9979171608653922,-0.06450844944931713,76.693,13.771,5.373,5.411,473.558,-0.117,20.351,76.693,13.771,19.657,13.561,14.246,7.054,72.122,14.284,0.010143,5.373,1015.271,1004.162,1015.388,473.558,,1
SFO,2025-09-29,20,2025-09-28,18,26,19.942,-0.9988797155850335,-0.04732138832243232,96.604,13.739,5.269,8.616,325.919,-0.186,19.942,96.604,13.739,19.248,13.899,10.632,2.126,72.455,13.979,0.00995,5.269,1014.911,1003.799,1015.097,325.919,,1
SFO,2025-09-30,20,2025-09-29,18,26,20.478,-0.9995462806873573,-0.03012030484690836,30.438,18.856,6.129,10.793,701.653,0.624,20.478,30.438,18.856,19.784,13.418,8.991,2.6,69.113,13.655,0.009762,6.129,1015.417,1004.312,1014.793,701.653,,1
SFO,2025-10-01,20,2025-09-30,18,26,18.83,-0.9999166586547379,-0.012910296075008843,98.809,7.261,5.611,6.939,100.852,-0.111,18.83,98.809,7.261,18.136,13.907,11.197,3.262,70.087,12.525,0.009029,5.611,1016.75,1005.595,1016.861,100.852,,1
SFO,2025-10-02,20,2025-10-01,18,26,19.446,-0.9999907397361901,0.004303538296243821,100.0,12.192,6.936,9.924,389.376,-0.178,19.446,100.0,12.192,18.752,13.161,8.828,2.219,64.702,11.816,0.008619,6.936,1016.946,1005.801,1017.124,389.376,,1
SFO,2025-10-03,20,2025-10-02,18,26,17.898,-0.9997685019798909,0.021516097436222233,7.516,19.714,6.627,9.189,726.549,-0.039,17.898,7.516,19.714,17.204,9.942,8.015,-1.437,65.559,10.577,0.007917,6.627,1018.784,1007.571,1018.823,726.549,,1
SFO,2025-10-04,20,2025-10-03,18,26,19.333,-0.9992500112396835,0.03872228089217399,3.513,10.35,8.036,7.726,722.886,-1.151,19.333,3.513,10.35,18.639,14.718,10.913,5.293,62.108,10.603,0.007975,8.036,1014.965,1003.85,1016.116,722.886,,1
SFO,2025-10-05,20,2025-10-04,18,26,20.507,-0.9984354211555643,0.05591699010060302,5.693,8.829,10.141,7.444,722.624,-0.714,20.507,5.693,8.829,19.813,16.471,12.369,3.237,55.934,9.672,0.007559,10.141,1010.074,999.036,1010.788,722.624,,1
SFO,2025-10-06,20,2025-10-05,18,26,23.944,-0.9973249731081556,0.07309512989807687,0.0,5.285,15.249,8.056,721.536,-0.351,23.944,0.0,5.285,23.25,19.138,15.194,4.737,40.068,8.001,0.00678,15.249,1010.696,999.705,1011.047,721.536,,1
SFO,2025-10-07,20,2025-10-06,18,26,23.367,-0.9959189961471792,0.0902516100310407,7.575,7.881,13.887,5.16,708.102,-0.234,23.367,7.575,7.881,22.673,20.785,17.513,4.262,45.437,8.786,0.007147,13.887,1011.662,1000.668,1011.896,708.102,,1
SFO,2025-10-08,20,2025-10-07,18,26,20.86,-0.9942179068939521,0.10738134666416217,6.071,12.948,7.364,6.608,685.134,-0.338,20.86,6.071,12.948,20.166,14.375,13.558,2.455,63.944,12.802,0.009273,7.364,1011.229,1000.165,1011.567,685.134,,1
SFO,2025-10-09,20,2025-10-08,18,26,20.36,-0.9922222094179324,0.12447926388678869,76.614,12.635,8.941,12.215,553.145,-0.3,20.36,76.614,12.635,19.666,13.697,7.451,3.256,57.648,10.725,0.008055,8.941,1013.444,1002.347,1013.744,553.145,,1
SFO,2025-10-10,20,2025-10-09,18,26,19.196,-0.989932495087353,0.141540295217043,0.0,9.91,8.747,11.147,694.306,-0.519,19.196,0.0,9.91,18.502,12.068,7.355,3.334,57.909,9.755,0.00753,8.747,1015.723,1004.571,1016.242,694.306,,1
SFO,2025-10-11,20,2025-10-10,18,26,18.27,-0.9873494423939864,0.15855938510313475,0.051,16.297,7.818,11.77,695.843,-0.327,18.27,0.051,16.297,17.576,10.417,5.806,-0.574,61.187,9.758,0.00754,7.818,1015.86,1004.688,1016.187,695.843,,1
SFO,2025-10-12,20,2025-10-11,18,26,18.574,-0.9844738167520923,0.17553149042142777,0.0,13.366,10.169,8.207,702.798,-1.283,18.574,0.0,13.366,17.88,12.956,9.673,3.517,53.65,7.711,0.006617,10.169,1012.14,1001.026,1013.423,702.798,,1
SFO,2025-10-13,20,2025-10-12,18,26,16.384,-0.9813064702716093,0.19245158197082995,100.0,18.71,4.697,10.69,422.806,-1.895,16.384,100.0,18.71,15.69,9.897,5.0,-4.162,74.093,10.993,0.008268,4.697,1003.993,992.899,1005.888,422.806,,1
SFO,2025-10-14,20,2025-10-13,18,26,14.518,-0.9778483415056569,0.209314645963048,100.0,12.365,6.599,11.912,437.719,1.304,14.518,100.0,12.365,13.824,7.544,1.912,-6.476,64.476,7.225,0.006361,6.599,1010.359,999.137,1009.055,437.719,,1
SFO,2025-10-15,20,2025-10-14,18,26,16.547,-0.9741004551724206,0.22611568550828803,22.08,6.987,7.259,11.485,640.19,0.062,16.547,22.08,6.987,15.853,9.077,4.368,-1.453,62.428,8.594,0.006912,7.259,1019.309,1008.069,1019.247,640.19,,1
SFO,2025-10-16,20,2025-10-15,18,26,17.415,-0.9700639218515072,0.24284972209593494,0.0,7.767,6.86,6.17,669.048,-1.464,17.415,0.0,7.767,16.721,11.44,10.551,5.211,65.321,9.861,0.007558,6.86,1016.723,1005.532,1018.187,669.048,,1
SFO,2025-10-17,20,2025-10-16,18,26,20.201,-0.965739937654855,0.25951179706979943,85.596,5.5,11.774,4.852,629.425,-0.577,20.201,85.596,5.5,19.507,16.098,14.655,7.883,48.517,7.733,0.006601,11.774,1015.048,1003.932,1015.625,629.425,,1
SFO,2025-10-18,20,2025-10-17,18,26,21.955,-0.961129783872301,0.27609697309746795,0.0,4.696,12.281,5.284,658.082,-0.249,21.955,0.0,4.696,21.261,17.195,15.977,8.235,47.135,8.98,0.007161,12.281,1015.817,1004.725,1016.066,658.082,,1
SFO,2025-10-19,20,2025-10-18,18,26,19.861,-0.9562348265919058,0.2926003356333479,4.644,8.356,8.887,5.297,655.498,-0.323,19.861,4.644,8.356,19.167,15.617,13.87,7.786,58.809,10.28,0.007792,8.887,1017.68,1006.54,1018.003,655.498,,1
SFO,2025-10-20,20,2025-10-19,18,26,22.182,-0.9510565162951536,0.30901699437494723,0.0,4.495,12.063,6.589,653.536,-0.64,22.182,0.0,4.495,21.488,17.204,14.899,9.192,47.781,9.425,0.007393,12.063,1017.303,1006.198,1017.943,653.536,,1
SFO,2025-10-21,20,2025-10-20,18,26,21.845,-0.9455963874271425,0.32534208471198034,7.524,5.105,12.028,5.599,648.525,-1.257,21.845,7.524,5.105,21.151,17.619,15.552,6.45,48.975,9.123,0.007227,12.028,1015.98,1004.905,1017.237,648.525,,1
SFO,2025-10-22,20,2025-10-21,18,26,18.212,-0.9398560579418956,0.34157076916785517,90.063,10.915,5.862,5.701,508.146,0.03,18.212,90.063,10.915,17.518,11.14,11.817,0.709,69.027,11.656,0.00851,5.862,1018.335,1007.139,1018.305,508.146,,1
SFO,2025-10-23,20,2025-10-22,18,26,18.452,-0.9338372288229252,0.35769823883312546,11.928,8.047,6.631,2.711,626.366,-0.508,18.452,11.928,8.047,17.758,16.017,15.047,5.455,66.788,11.127,0.008206,6.631,1019.952,1008.757,1020.46,626.366,,1
SFO,2025-10-24,20,2025-10-23,18,26,18.396,-0.9275416835791969,0.3737197147904684,67.965,11.591,5.901,4.081,608.884,-0.18,18.396,67.965,11.591,17.702,13.052,13.621,6.55,69.382,11.801,0.008597,5.901,1018.668,1007.479,1018.848,608.884,,1
SFO,2025-10-25,20,2025-10-24,18,26,16.62,-0.9209712877166346,0.38963044953078774,100.0,8.298,2.233,7.335,112.104,0.419,16.62,100.0,8.298,15.926,11.651,8.591,2.962,86.721,13.693,0.009734,2.233,1017.699,1006.486,1017.28,112.104,,1
SFO,2025-10-26,20,2025-10-25,18,26,17.808,-0.9141279881853341,0.4054257283599965,93.505,13.528,8.497,8.487,430.51,-0.952,17.808,93.505,13.528,17.114,11.578,8.627,1.991,58.435,8.617,0.00697,8.497,1017.725,1006.517,1018.677,430.51,,1
SFO,2025-10-27,20,2025-10-26,18,26,16.83,-0.9070138128026362,0.42110087079608916,0.507,13.073,5.967,2.942,615.35,-0.694,16.83,0.507,13.073,16.136,10.081,13.194,6.127,68.429,10.169,0.007693,5.967,1020.133,1008.876,1020.827,615.35,,1
SFO,2025-10-28,20,2025-10-27,18,26,20.891,-0.8996308696522438,0.43665123195606304,0.0,6.756,17.788,3.604,617.761,-0.678,20.891,0.0,6.756,20.197,18.474,16.593,7.558,32.459,2.409,0.00459,17.788,1018.878,1007.729,1019.556,617.761,,1
SFO,2025-10-29,20,2025-10-28,18,26,21.591,-0.8919813464595484,0.4520722039323045,3.595,8.559,15.358,3.69,607.277,-1.235,21.591,3.595,8.559,20.897,19.526,17.207,6.987,38.369,5.539,0.005659,15.358,1019.014,1007.882,1020.249,607.277,,1
SFO,2025-10-30,20,2025-10-29,18,26,18.007,-0.8840675099433637,0.46735921715800205,28.545,12.073,5.364,0.213,554.361,-0.648,18.007,28.545,12.073,17.313,18.487,17.1,8.156,71.681,11.949,0.008682,5.364,1016.839,1005.666,1017.487,554.361,,1
SFO,2025-10-31,20,2025-10-30,18,26,19.025,-0.8758917051442429,0.4825077417612184,4.914,7.994,7.535,2.124,604.005,-0.504,19.025,4.914,7.994,18.331,18.091,16.207,8.29,63.716,10.796,0.008051,7.535,1016.824,1005.679,1017.328,604.005,,1
SFO,2025-11-01,20,2025-10-31,18,26,19.682,-0.867456354729597,0.4975132889071803,4.039,10.666,9.542,2.295,606.139,-0.622,19.682,4.039,10.666,18.988,18.126,16.693,8.764,55.831,9.446,0.007346,9.542,1018.666,1007.516,1019.288,606.139,,1
SFO,2025-11-02,20,2025-11-01,18,26,19.622,-0.858763958275803,0.5123714121284235,15.112,11.553,6.638,2.74,580.492,-0.978,19.622,15.112,11.553,18.928,18.645,16.188,7.409,67.932,12.29,0.008878,6.638,1017.975,1006.854,1018.953,580.492,,1
SFO,2025-11-03,20,2025-11-02,18,26,17.825,-0.8498170915275282,0.5270777086423716,0.0,7.889,11.146,4.308,595.232,-0.673,17.825,0.0,7.889,17.131,15.057,12.823,4.149,50.552,5.985,0.005869,11.146,1017.585,1006.397,1018.258,595.232,,1
SFO,2025-11-04,20,2025-11-03,18,26,18.778,-0.8406184056344783,0.5416278206559811,71.167,6.548,7.356,6.962,480.419,-1.273,18.778,71.167,6.548,18.084,13.425,11.122,4.119,63.651,10.728,0.008017,7.356,1016.016,1004.867,1017.289,480.419,,1
SFO,2025-11-05,20,2025-11-04,18,26,16.355,-0.8311706263658084,0.5560174366570438,100.0,27.981,2.577,8.004,148.994,1.358,16.355,100.0,27.981,15.661,11.248,7.657,1.644,84.813,13.084,0.009343,2.577,1018.419,1007.187,1017.061,148.994,,1
SFO,2025-11-06,20,2025-11-05,18,26,17.422,-0.8214765533024145,0.5702422926917867,2.862,8.034,5.574,9.074,557.176,-1.201,17.422,2.862,8.034,16.728,10.959,7.654,3.23,70.719,11.154,0.0082,5.574,1022.384,1011.14,1023.585,557.176,,1
SFO,2025-11-07,20,2025-11-06,18,26,18.423,-0.8115390590073611,0.5842981736283683,2.435,11.992,4.258,6.685,542.814,-1.484,18.423,2.435,11.992,17.729,14.114,11.044,2.181,76.97,13.471,0.009573,4.258,1019.884,1008.695,1021.368,542.814,,1
SFO,2025-11-08,20,2025-11-07,18,26,20.357,-0.8013610881746764,0.5981809144059166,46.7,6.341,11.375,3.118,563.163,-0.647,20.357,46.7,6.341,19.663,18.063,16.545,9.285,49.733,8.288,0.00685,11.375,1015.892,1004.781,1016.539,563.163,,1
SFO,2025-11-09,20,2025-11-08,18,26,21.893,-0.7909456567567774,0.6118864012687242,94.012,5.751,11.528,3.699,553.22,-0.039,21.893,94.012,5.751,21.199,20.614,17.5,9.141,49.259,9.671,0.007457,11.528,1019.366,1008.248,1019.405,553.22,,1
SFO,2025-11-10,20,2025-11-09,18,26,22.6,-0.7802958510707755,0.6254105729852464,85.108,5.655,12.434,4.635,544.522,-0.909,22.6,85.108,5.655,21.906,21.664,17.271,7.175,47.116,9.472,0.007346,12.434,1020.951,1009.843,1021.86,544.522,,1
SFO,2025-11-11,20,2025-11-10,18,26,21.493,-0.7694148268839381,0.6387494220515268,100.0,1.46,11.413,4.44,383.251,-1.473,21.493,100.0,1.46,20.799,20.123,16.359,5.118,50.144,9.386,0.007351,11.413,1016.332,1005.253,1017.805,383.251,,1
SFO,2025-11-12,20,2025-11-11,18,26,18.387,-0.7583058084785625,0.6518989958787125,95.927,17.292,5.184,7.05,410.768,-1.085,18.387,95.927,17.292,17.693,11.813,10.643,3.615,72.428,12.509,0.009038,5.184,1014.558,1003.417,1015.643,410.768,,1
SFO,2025-11-13,20,2025-11-12,18,26,14.425,-0.7469720876965557,0.664855397964286,99.603,12.65,0.991,5.98,12.586,1.744,14.425,99.603,12.65,13.731,10.766,7.751,0.115,93.764,12.74,0.009216,0.991,1009.853,998.658,1008.109,12.586,,1
SFO,2025-11-14,20,2025-11-13,18,26,16.979,-0.7354170229639858,0.6776147890466887,17.645,0.3,6.337,11.414,479.115,0.244,16.979,17.645,0.3,16.285,9.725,4.871,-4.991,66.507,9.948,0.007628,6.337,1013.595,1002.414,1013.351,479.115,,1
SFO,2025-11-15,20,2025-11-14,18,26,16.198,-0.723644038295913,0.6901733882429714,100.0,7.738,5.976,3.953,299.95,-3.231,16.198,100.0,7.738,15.504,13.365,11.551,0.364,67.965,9.528,0.00746,5.976,1007.115,996.011,1010.346,299.95,,1
SFO,2025-11-16,20,2025-11-15,18,26,16.452,-0.7116566222817751,0.7025274741691566,99.695,22.116,5.36,10.788,465.838,-0.193,16.452,99.695,22.116,15.758,9.635,4.97,-1.851,71.021,10.398,0.007899,5.36,1010.585,999.434,1010.778,465.838,,1
SFO,2025-11-17,20,2025-11-16,18,26,13.356,-0.6994583270516471,0.7146733860429608,83.555,25.362,4.846,10.944,279.428,0.333,13.356,83.555,25.362,12.662,6.217,1.718,-7.444,72.386,7.816,0.006634,4.846,1007.827,996.571,1007.494,279.428,,1
SFO,2025-11-18,20,2025-11-17,18,26,14.061,-0.6870527672236669,0.7266075247685657,0.0,7.35,6.423,8.969,521.687,-0.64,14.061,0.0,7.35,13.367,7.805,4.398,-2.428,65.201,6.944,0.006211,6.423,1014.037,1002.752,1014.677,521.687,,1
SFO,2025-11-19,20,2025-11-18,18,26,13.842,-0.6744436188329457,0.7383263540031063,99.069,6.907,4.842,8.769,264.369,-0.661,13.842,99.069,6.907,13.148,6.48,4.379,-1.284,72.702,8.306,0.006799,4.842,1017.536,1006.197,1018.197,264.369,,1
SFO,2025-11-20,20,2025-11-19,18,26,13.567,-0.6616346182422783,0.7498264012045686,67.287,7.659,4.332,10.634,439.483,-0.646,13.567,67.287,7.659,12.873,6.858,2.239,-6.262,75.008,8.541,0.006917,4.332,1015.701,1004.382,1016.347,439.483,,1
SFO,2025-11-21,20,2025-11-20,18,26,14.108,-0.6486295610349818,0.7611042586607742,0.0,9.139,8.887,7.029,511.311,0.127,14.108,0.0,9.139,13.414,7.339,6.385,0.36,55.164,4.527,0.005254,8.887,1016.372,1005.059,1016.245,511.311,,1
SFO,2025-11-22,20,2025-11-21,18,26,15.871,-0.6354323008901775,0.7721565844991641,0.0,4.576,8.417,7.096,509.886,-1.035,15.871,0.0,4.576,15.177,11.462,8.081,3.115,57.523,6.76,0.00612,8.417,1017.407,1006.159,1018.442,509.886,,1
SFO,2025-11-23,20,2025-11-22,18,26,15.776,-0.622046748440868,0.7829801036770625,5.0,7.593,7.119,4.407,503.874,0.123,15.776,5.0,7.593,15.082,11.343,10.675,2.608,63.028,7.963,0.006631,7.119,1020.228,1008.96,1020.105,503.874,,1
SFO,2025-11-24,20,2025-11-23,18,26,15.778,-0.6084768701151264,0.7935716089521472,0.0,6.596,5.967,4.274,492.047,-0.845,15.778,0.0,6.596,15.084,12.253,10.81,2.64,68.158,9.117,0.007142,5.967,1023.584,1012.278,1024.429,492.047,,1
SFO,2025-11-25,20,2025-11-24,18,26,16.512,-0.5947266869607633,0.8039279618328213,38.255,6.942,8.81,2.19,504.469,-0.617,16.512,38.255,6.942,15.818,14.879,13.628,4.778,56.335,7.008,0.0062,8.81,1022.375,1011.091,1022.992,504.469,,1
SFO,2025-11-26,20,2025-11-25,18,26,16.644,-0.5808002734538014,0.8140460935082175,0.0,8.03,11.965,-0.097,509.843,-1.244,16.644,0.0,8.03,15.95,18.313,16.047,5.298,45.533,3.985,0.005042,11.965,1021.378,1010.1,1022.622,509.843,,1
SFO,2025-11-27,20,2025-11-26,18,26,16.807,-0.5667017562911177,0.8239230057575542,91.998,6.659,13.295,0.591,478.893,-0.511,16.807,91.998,6.659,16.113,17.931,15.522,4.401,41.767,2.818,0.004665,13.295,1020.247,1008.993,1020.758,478.893,,1
SFO,2025-11-28,20,2025-11-27,18,26,15.639,-0.5524353131676195,0.83355577183857,5.682,10.809,7.075,4.383,486.19,-0.174,15.639,5.682,10.809,14.945,12.712,10.562,2.726,63.313,7.87,0.006627,7.075,1018.891,1007.637,1019.065,486.19,,1
SFO,2025-11-29,20,2025-11-28,18,26,15.422,-0.5380051715383,0.8429415373547827,4.357,5.082,11.797,3.792,491.366,-0.736,15.422,4.357,5.082,14.728,12.401,10.936,2.96,45.437,2.931,0.004702,11.797,1017.59,1006.314,1018.326,491.366,,1
SFO,2025-11-30,20,2025-11-29,18,26,14.423,-0.5234156073655503,0.8520775211013093,77.974,6.987,8.301,2.92,462.911,-0.57,14.423,77.974,6.987,13.729,10.805,10.809,1.765,57.707,5.428,0.005596,8.301,1016.662,1005.374,1017.232,462.911,,1
SFO,2025-12-01,20,2025-11-30,18,26,13.956,-0.508670943852105,0.8609610158889941,19.916,7.405,9.768,3.875,479.45,0.493,13.956,19.916,7.405,13.262,10.788,9.387,6.376,51.738,3.494,0.004867,9.768,1019.186,1007.833,1018.693,479.45,,1
SFO,2025-12-02,20,2025-12-01,18,26,15.273,-0.4937755501599774,0.8695893893466109,6.155,7.273,11.446,3.455,482.121,-1.296,15.273,6.155,7.273,14.579,12.266,11.124,4.701,46.686,3.133,0.004757,11.446,1018.1,1006.835,1019.396,482.121,,1
SFO,2025-12-03,20,2025-12-02,18,26,13.951,-0.47873384011578907,0.8779600847008878,100.0,7.136,12.816,2.903,344.89,0.298,13.951,100.0,7.136,13.257,10.44,10.354,1.001,41.876,0.441,0.003934,12.816,1018.43,1007.077,1018.132,344.89,,1
SFO,2025-12-04,20,2025-12-03,18,26,14.369,-0.4635502709028512,0.8860706215341377,4.988,7.812,12.626,3.874,450.744,-0.039,14.369,4.988,7.812,13.675,11.447,9.801,3.483,42.513,1.049,0.00409,12.626,1023.238,1011.853,1023.277,450.744,,1
SFO,2025-12-05,20,2025-12-04,18,26,14.975,-0.4482293417404106,0.893918596519257,2.449,7.61,12.218,2.148,462.757,-1.103,14.975,2.449,7.61,14.281,12.613,12.133,6.104,44.143,2.063,0.004401,12.218,1020.811,1009.504,1021.914,462.757,,1
SFO,2025-12-06,20,2025-12-05,18,26,14.81,-0.4327755925504317,0.9015016841318838,4.652,9.342,9.258,1.482,461.359,-0.313,14.81,4.652,9.342,14.116,13.067,12.634,3.947,54.072,4.858,0.005352,9.258,1020.462,1009.153,1020.775,461.359,,1
SFO,2025-12-07,20,2025-12-06,18,26,15.342,-0.41719360261231697,0.9088176373395028,96.88,8.619,8.459,2.931,433.191,0.261,15.342,96.88,8.619,14.648,13.22,11.717,2.718,57.5,6.189,0.005854,8.459,1023.461,1012.143,1023.2,433.191,,1
SFO,2025-12-08,20,2025-12-07,18,26,15.68,-0.4014879892059729,0.9158642882672873,7.545,5.62,9.395,2.058,448.39,-0.799,15.68,7.545,5.62,14.986,14.709,12.928,5.46,53.934,5.591,0.005612,9.395,1024.564,1013.231,1025.363,448.39,,1
SFO,2025-12-09,20,2025-12-08,18,26,16.286,-0.38566340624360745,0.9226395488404875,5.0,6.314,11.226,-1.403,462.641,-1.372,16.286,5.0,6.314,15.592,18.014,16.995,7.26,47.924,4.366,0.005175,11.226,1021.565,1010.297,1022.937,462.641,,1
SFO,2025-12-10,20,2025-12-09,18,26,17.083,-0.3697245428906732,0.9291414114031743,0.0,7.288,9.994,-1.0,463.927,-1.053,17.083,0.0,7.288,16.389,18.943,17.389,7.512,52.288,6.395,0.005962,9.994,1019.56,1008.325,1020.613,463.927,,1
SFO,2025-12-11,20,2025-12-10,18,26,17.233,-0.3536761221763721,0.935367949313148,0.0,7.299,11.415,-1.351,467.511,-1.111,17.233,0.0,7.299,16.539,20.016,17.89,7.768,47.734,5.124,0.005481,11.415,1018.152,1006.943,1019.263,467.511,,1
SFO,2025-12-12,20,2025-12-11,18,26,16.971,-0.33752289959411347,0.941317317512847,2.669,6.169,13.288,-2.466,472.696,-0.81,16.971,2.669,6.169,16.277,19.64,18.743,8.135,42.062,2.989,0.004747,13.288,1016.79,1005.581,1017.6,472.696,,1
SFO,2025-12-13,20,2025-12-12,18,26,16.401,-0.32126966169236515,0.946987753076075,0.0,4.112,13.373,1.03,462.783,0.067,16.401,0.0,4.112,15.707,16.478,14.677,5.167,41.619,2.334,0.004538,13.373,1017.289,1006.056,1017.222,462.783,,1
SFO,2025-12-14,20,2025-12-13,18,26,16.358,-0.3049212246562894,0.9523775757303973,0.814,4.683,11.498,1.822,460.254,-0.484,16.358,0.814,4.683,15.664,16.379,13.842,4.474,47.205,4.166,0.005121,11.498,1019.789,1008.53,1020.273,460.254,,1
SFO,2025-12-15,20,2025-12-14,18,26,15.819,-0.288482432880609,0.9574851883550393,100.0,10.713,11.355,1.862,377.984,0.162,15.819,100.0,10.713,15.125,16.042,13.263,4.582,47.349,3.77,0.004956,11.355,1024.419,1013.106,1024.257,377.984,,1
SFO,2025-12-16,20,2025-12-15,18,26,16.904,-0.27195815753410607,0.9623090774541485,38.326,5.953,5.553,3.536,406.497,-0.679,16.904,38.326,5.953,16.21,14.082,12.674,3.932,69.87,10.657,0.007982,5.553,1022.18,1010.939,1022.859,406.497,,1
SFO,2025-12-17,20,2025-12-16,18,26,15.672,-0.2553532951161872,0.9668478136052775,94.65,3.742,1.118,6.441,77.953,0.062,15.672,94.65,3.742,14.978,11.53,8.537,2.321,93.219,13.86,0.0098,1.118,1023.087,1011.805,1023.025,77.953,,1
SFO,2025-12-18,20,2025-12-17,18,26,15.664,-0.23867276600594997,0.9711000518829505,96.747,5.902,8.771,3.508,369.442,-0.615,15.664,96.747,5.902,14.97,13.609,11.462,5.521,56.644,6.199,0.005881,8.771,1020.525,1009.252,1021.14,369.442,,1
SFO,2025-12-19,20,2025-12-18,18,26,16.586,-0.22192151300416588,0.9750645322571947,18.611,10.816,5.305,8.605,380.675,-0.255,16.586,18.611,10.816,15.892,10.601,7.287,3.443,71.427,10.587,0.007923,5.305,1018.503,1007.275,1018.758,380.675,,1
SFO,2025-12-20,20,2025-12-19,18,26,16.355,-0.20510449986861926,0.9787400799669153,84.531,5.674,2.753,6.652,297.261,-0.995,16.355,84.531,5.674,15.661,12.176,9.009,-0.389,83.902,12.908,0.009243,2.753,1018.537,1007.32,1019.532,297.261,,1
SFO,2025-12-21,20,2025-12-20,18,26,16.305,-0.1882267098432448,0.9821256058680005,100.0,33.236,2.781,9.06,132.491,-0.568,16.305,100.0,33.236,15.611,10.794,6.551,1.387,83.744,12.83,0.009223,2.781,1014.807,1003.621,1015.375,132.491,,1
SFO,2025-12-22,20,2025-12-21,18,26,14.803,-0.1712931441814778,0.9852201067560606,100.0,8.899,1.668,6.393,39.628,-0.612,14.803,100.0,8.899,14.109,10.27,7.716,-0.743,89.771,12.441,0.008986,1.668,1014.999,1003.774,1015.611,39.628,,1
SFO,2025-12-23,20,2025-12-22,18,26,16.052,-0.154308820664281,0.9880226656636976,100.0,27.388,5.465,11.114,320.001,-1.427,16.052,100.0,27.388,15.358,9.679,4.244,-0.604,70.008,9.893,0.00764,5.465,1007.536,996.416,1008.963,320.001,,1
SFO,2025-12-24,20,2025-12-23,18,26,14.566,-0.13727877211326517,0.9905324521322227,91.077,14.713,5.612,11.077,260.835,-0.141,14.566,91.077,14.713,13.872,8.024,2.795,-6.975,68.884,8.26,0.006845,5.612,1007.725,996.538,1007.866,260.835,,1
SFO,2025-12-25,20,2025-12-24,18,26,12.191,-0.12020804489935275,0.9927487224577402,100.0,24.744,3.255,10.238,177.021,0.731,12.191,100.0,24.744,11.497,6.156,1.259,-7.749,80.426,8.242,0.006815,3.255,1009.992,998.679,1009.261,177.021,,1
SFO,2025-12-26,20,2025-12-25,18,26,13.422,-0.10310169744743544,0.9946708199115211,51.134,31.933,4.804,11.017,419.579,-0.397,13.422,51.134,31.933,12.728,6.096,1.711,-7.975,72.709,7.924,0.006665,4.804,1012.645,1001.343,1013.042,419.579,,1
SFO,2025-12-27,20,2025-12-26,18,26,11.738,-0.0859647987374467,0.9962981749346077,20.08,10.933,5.325,10.315,427.016,0.04,11.738,20.08,10.933,11.044,4.323,0.729,-2.755,69.829,5.719,0.005668,5.325,1021.483,1010.019,1021.443,427.016,,1
SFO,2025-12-28,20,2025-12-27,18,26,12.885,-0.06880242680231975,0.9976303053065857,50.907,4.748,10.213,3.925,418.542,-0.653,12.885,50.907,4.748,12.191,8.536,8.266,-1.017,49.875,1.978,0.004343,10.213,1024.674,1013.204,1025.327,418.542,,1
SFO,2025-12-29,20,2025-12-28,18,26,13.112,-0.05161966722325418,0.9986668162884759,0.0,7.452,9.549,0.933,459.711,-0.756,13.112,0.0,7.452,12.418,13.363,11.485,4.716,52.283,2.869,0.004638,9.549,1024.343,1012.901,1025.099,459.711,,1
SFO,2025-12-30,20,2025-12-29,18,26,13.203,-0.034421611622745804,0.9994074007397048,100.0,8.716,10.935,-1.161,340.305,-0.722,13.203,100.0,8.716,12.509,14.917,13.67,3.517,47.266,1.574,0.004241,10.935,1021.153,1009.744,1021.875,340.305,,1
SFO,2025-12-31,20,2025-12-30,18,26,10.606,-0.01721335615583528,0.9998518392091162,100.0,7.652,2.316,-0.1,25.02,-1.172,10.606,100.0,7.652,9.912,10.838,10.012,0.482,85.792,7.596,0.006497,2.316,1016.02,1004.576,1017.192,25.02,,1
SFO,2026-01-01,20,2025-12-31,18,26,14.717,0.0,1.0,91.407,14.129,1.822,8.339,97.255,1.822,14.717,91.407,14.129,14.023,9.321,5.684,-2.661,89.022,12.201,0.008871,1.822,1012.369,1001.154,1010.547,97.255,,1
SFO,2026-01-02,20,2026-01-01,18,26,15.851,0.017213356155834685,0.9998518392091162,100.0,20.921,6.264,10.995,301.802,-0.429,15.851,100.0,20.921,15.157,9.745,4.162,1.477,66.194,8.893,0.007097,6.264,1013.133,1001.947,1013.562,301.802,,1
SFO,2026-01-03,20,2026-01-02,18,26,15.468,0.03442161162274574,0.9994074007397048,11.635,29.913,4.62,10.809,436.893,0.56,15.468,11.635,29.913,14.774,8.816,3.965,-4.636,73.959,10.154,0.00776,4.62,1010.327,999.147,1009.767,436.893,,1
SFO,2026-01-04,20,2026-01-03,18,26,11.171,0.051619667223253764,0.998666816288476,100.0,10.654,1.46,9.245,39.952,-0.52,11.171,100.0,10.654,10.477,6.242,1.232,-6.077,91.007,9.017,0.007198,1.46,1010.865,999.505,1011.385,39.952,,1
SFO,2026-01-05,20,2026-01-04,18,26,13.841,0.06880242680231986,0.9976303053065857,98.384,28.637,5.258,9.844,270.943,0.373,13.841,98.384,28.637,13.147,6.961,3.303,-6.16,70.623,7.889,0.006639,5.258,1013.956,1002.662,1013.583,270.943,,1
SFO,2026-01-06,20,2026-01-05,18,26,13.515,0.08596479873744647,0.9962981749346078,78.187,7.028,4.035,9.435,232.795,0.887,13.515,78.187,7.028,12.821,7.774,3.386,-4.195,76.33,8.786,0.006996,4.035,1020.027,1008.666,1019.14,232.795,,1
SFO,2026-01-07,20,2026-01-06,18,26,13.434,0.10310169744743485,0.9946708199115211,6.424,22.198,5.102,10.004,446.213,0.355,13.434,6.424,22.198,12.74,6.552,2.736,-4.245,71.198,7.638,0.006481,5.102,1018.885,1007.518,1018.53,446.213,,1
SFO,2026-01-08,20,2026-01-07,18,26,11.284,0.1202080448993527,0.9927487224577402,4.75,16.743,8.806,10.176,467.049,0.332,11.284,4.75,16.743,10.59,4.397,0.414,-3.935,54.577,1.784,0.00429,8.806,1024.431,1012.895,1024.099,467.049,,1
SFO,2026-01-09,20,2026-01-08,18,26,11.536,0.13727877211326478,0.9905324521322229,100.0,9.099,12.957,1.49,472.554,0.464,11.536,100.0,9.099,10.842,10.207,9.352,-2.348,40.295,-2.115,0.003207,12.957,1029.23,1017.651,1028.766,472.554,,1
SFO,2026-01-10,20,2026-01-09,18,26,12.408,0.15430882066428114,0.9880226656636976,52.766,7.373,11.023,1.968,463.42,-0.263,12.408,52.766,7.373,11.714,11.467,9.746,0.436,46.881,0.691,0.003934,11.023,1031.82,1020.256,1032.083,463.42,,1
SFO,2026-01-11,20,2026-01-10,18,26,14.044,0.1712931441814776,0.9852201067560606,91.567,7.31,11.38,1.169,467.019,-0.692,14.044,91.567,7.31,13.35,14.316,12.181,3.143,46.312,1.97,0.004342,11.38,1027.209,1015.786,1027.901,467.019,,1
SFO,2026-01-12,20,2026-01-11,18,26,14.371,0.18822670984324422,0.9821256058680006,0.0,8.236,11.103,-0.147,478.086,-0.825,14.371,0.0,8.236,13.677,14.232,13.824,3.287,47.46,2.574,0.00455,11.103,1025.501,1014.108,1026.326,478.086,,1
SFO,2026-01-13,20,2026-01-12,18,26,15.422,0.2051044998686192,0.9787400799669153,0.0,6.919,10.438,-1.554,487.678,-0.691,15.422,0.0,6.919,14.728,18.123,16.282,5.956,49.82,4.29,0.005119,10.438,1024.272,1012.942,1024.963,487.678,,1
SFO,2026-01-14,20,2026-01-13,18,26,15.985,0.22192151300416552,0.9750645322571948,0.0,8.558,10.777,-3.058,481.488,-0.939,15.985,0.0,8.558,15.291,18.237,18.349,9.106,49.256,4.514,0.005247,10.777,1022.252,1010.956,1023.191,481.488,,1
SFO,2026-01-15,20,2026-01-14,18,26,16.881,0.2386727660059501,0.9711000518829505,0.0,8.496,9.633,-0.196,485.468,-0.889,16.881,0.0,8.496,16.187,18.708,16.383,8.289,53.443,6.554,0.006045,9.633,1017.601,1006.39,1018.49,485.468,,1
SFO,2026-01-16,20,2026-01-15,18,26,16.878,0.255353295116187,0.9668478136052775,0.0,7.519,9.814,0.906,488.835,-0.002,16.878,0.0,7.519,16.184,17.175,15.278,6.176,52.772,6.37,0.005964,9.814,1018.009,1006.79,1018.011,488.835,,1
SFO,2026-01-17,20,2026-01-16,18,26,16.486,0.2719581575341055,0.9623090774541486,100.0,7.529,10.271,-0.023,421.872,-0.101,16.486,100.0,7.529,15.792,17.948,15.815,5.948,51.119,5.521,0.00562,10.271,1020.637,1009.375,1020.738,421.872,,1
SFO,2026-01-18,20,2026-01-17,18,26,17.22,0.288482432880609,0.9574851883550393,46.361,6.208,10.672,1.068,472.164,-0.573,17.22,46.361,6.208,16.526,17.978,15.458,4.481,49.983,5.854,0.00574,10.672,1020.271,1009.032,1020.844,472.164,,1
SFO,2026-01-19,20,2026-01-18,18,26,17.144,0.304921224656289,0.9523775757303975,56.344,6.72,11.19,2.133,490.721,0.065,17.144,56.344,6.72,16.45,16.751,14.317,4.214,48.449,5.26,0.005526,11.19,1018.48,1007.257,1018.415,490.721,,1
SFO,2026-01-20,20,2026-01-19,18,26,15.643,0.3212696616923644,0.9469877530760753,100.0,6.376,8.017,1.208,340.153,-0.265,15.643,100.0,6.376,14.949,15.028,13.741,4.244,59.112,6.932,0.006184,8.017,1019.69,1008.418,1019.955,340.153,,1
SFO,2026-01-21,20,2026-01-20,18,26,15.932,0.3375228995941133,0.9413173175128471,100.0,2.994,9.256,5.253,299.949,-0.1,15.932,100.0,2.994,15.238,12.439,9.985,3.429,54.442,5.982,0.00581,9.256,1018.22,1006.974,1018.32,299.949,,1
SFO,2026-01-22,20,2026-01-21,18,26,16.564,0.35367612217637157,0.9353679493131483,11.475,4.002,10.132,6.549,476.685,-0.69,16.564,11.475,4.002,15.87,12.206,9.321,-1.329,51.743,5.738,0.00572,10.132,1016.473,1005.261,1017.163,476.685,,1
SFO,2026-01-23,20,2026-01-22,18,26,14.109,0.36972454289067314,0.9291414114031743,4.248,6.958,4.806,5.169,482.828,-0.903,14.109,4.248,6.958,13.415,8.487,8.246,1.144,73.157,8.609,0.006963,4.806,1014.014,1002.755,1014.917,482.828,,1
SFO,2026-01-24,20,2026-01-23,18,26,14.383,0.3856634062436071,0.9226395488404876,0.0,12.138,12.164,6.088,519.819,0.255,14.383,0.0,12.138,13.689,7.34,7.601,-0.734,43.913,1.525,0.004263,12.164,1015.286,1003.982,1015.031,519.819,,1
SFO,2026-01-25,20,2026-01-24,18,26,13.56,0.401487989205973,0.9158642882672872,100.0,5.474,12.484,5.986,333.502,0.812,13.56,100.0,5.474,12.866,10.156,6.88,-2.023,42.593,0.382,0.003899,12.484,1021.791,1010.392,1020.979,333.502,,1
SFO,2026-01-26,20,2026-01-25,18,26,14.602,0.4171936026123168,0.9088176373395029,100.0,5.84,9.88,8.314,513.244,-0.71,14.602,100.0,5.84,13.908,8.955,5.594,-2.316,51.735,4.028,0.005031,9.88,1024.744,1013.364,1025.454,513.244,,1
SFO,2026-01-27,20,2026-01-26,18,26,15.789,0.4327755925504312,0.901501684131884,98.21,14.026,8.915,11.499,439.176,-0.3,15.789,98.21,14.026,15.095,8.81,3.596,-0.646,55.593,6.18,0.005851,8.915,1023.97,1012.653,1024.27,439.176,,1
SFO,2026-01-28,20,2026-01-27,18,26,15.811,0.4482293417404106,0.893918596519257,74.655,8.856,6.601,7.299,479.103,-0.83,15.811,74.655,8.856,15.117,10.26,7.818,-1.062,65.017,8.516,0.00683,6.601,1027.704,1016.35,1028.534,479.103,,1
SFO,2026-01-29,20,2026-01-28,18,26,16.086,0.4635502709028509,0.886070621534138,10.497,7.388,10.475,4.15,499.541,-0.652,16.086,10.497,7.388,15.392,14.337,11.242,2.584,50.229,4.917,0.005349,10.475,1025.624,1014.294,1026.276,499.541,,1
SFO,2026-01-30,20,2026-01-29,18,26,16.167,0.47873384011578846,0.8779600847008882,100.0,6.616,9.94,2.623,462.714,-1.066,16.167,100.0,6.616,15.473,15.19,12.85,3.278,52.2,5.533,0.005581,9.94,1025.613,1014.287,1026.679,462.714,,1
SFO,2026-01-31,20,2026-01-30,18,26,16.934,0.4937755501599772,0.869589389346611,100.0,4.968,9.382,2.469,411.132,-1.14,16.934,100.0,4.968,16.24,16.981,13.771,3.25,54.821,6.858,0.006164,9.382,1020.653,1009.406,1021.793,411.132,,1
SFO,2026-02-01,20,2026-01-31,18,26,16.225,0.5086709438521044,0.8609610158889943,100.0,9.021,9.973,5.633,472.499,-0.352,16.225,100.0,9.021,15.531,13.449,9.898,1.147,53.064,5.558,0.005653,9.973,1021.658,1010.384,1022.01,472.499,,1
SFO,2026-02-02,20,2026-02-01,18,26,17.136,0.5234156073655503,0.8520775211013093,0.665,8.112,10.924,3.242,554.716,0.043,17.136,0.665,8.112,16.442,14.37,13.2,2.575,49.609,5.518,0.005608,10.924,1021.816,1010.557,1021.773,554.716,,1
SFO,2026-02-03,20,2026-02-02,18,26,17.476,0.5380051715382996,0.8429415373547828,0.056,7.167,11.37,1.548,560.34,-0.175,17.476,0.056,7.167,16.782,16.706,15.234,5.662,47.84,5.412,0.005555,11.37,1024.92,1013.624,1025.095,560.34,,1
SFO,2026-02-04,20,2026-02-03,18,26,18.286,0.5524353131676196,0.8335557718385699,0.0,6.596,10.974,1.114,570.864,-0.931,18.286,0.0,6.596,17.592,18.56,16.478,7.278,49.59,6.618,0.00604,10.974,1021.969,1010.745,1022.9,570.864,,1
SFO,2026-02-05,20,2026-02-04,18,26,18.949,0.5667017562911175,0.8239230057575543,0.0,6.78,12.1,4.375,565.696,-1.207,18.949,0.0,6.78,18.255,18.56,13.88,1.131,46.454,6.155,0.005905,12.1,1017.006,1005.845,1018.213,565.696,,1
SFO,2026-02-06,20,2026-02-05,18,26,17.261,0.5808002734538008,0.8140460935082179,19.661,7.494,7.864,7.37,542.421,1.386,17.261,19.661,7.494,16.567,11.52,9.197,-3.574,60.618,8.703,0.006977,7.864,1020.246,1009.016,1018.86,542.421,,1
SFO,2026-02-07,20,2026-02-06,18,26,16.27,0.5947266869607633,0.8039279618328213,100.0,8.624,7.371,5.863,391.124,-0.139,16.27,100.0,8.624,15.576,13.261,9.713,0.265,62.359,8.205,0.006702,7.371,1025.551,1014.239,1025.69,391.124,,1
SFO,2026-02-08,20,2026-02-07,18,26,17.165,0.6084768701151261,0.7935716089521474,90.308,4.742,7.565,6.576,539.965,0.167,17.165,90.308,4.742,16.471,12.133,9.895,1.306,61.761,8.906,0.007014,7.565,1026.448,1015.151,1026.281,539.965,,1
SFO,2026-02-09,20,2026-02-08,18,26,15.98,0.6220467484408675,0.7829801036770629,100.0,11.749,6.946,4.237,435.99,-2.168,15.98,100.0,11.749,15.286,10.276,11.049,-1.313,63.882,8.34,0.006826,6.946,1019.513,1008.25,1021.681,435.99,,1
SFO,2026-02-10,20,2026-02-09,18,26,15.468,0.6354323008901774,0.7721565844991642,100.0,17.598,6.775,10.872,489.836,-0.51,15.468,100.0,17.598,14.774,9.007,3.902,-5.563,64.872,7.999,0.006772,6.775,1008.622,997.462,1009.132,489.836,,1
SFO,2026-02-11,20,2026-02-10,18,26,13.667,0.6486295610349815,0.7611042586607746,83.402,23.065,3.564,10.821,437.22,2.275,13.667,83.402,23.065,12.973,6.762,2.152,-6.982,79.109,9.409,0.007346,3.564,1014.175,1002.87,1011.9,437.22,,1
SFO,2026-02-12,20,2026-02-11,18,26,14.639,0.6616346182422783,0.7498264012045687,0.768,9.308,6.247,11.022,581.157,-0.141,14.639,0.768,9.308,13.945,7.043,2.923,-6.141,66.308,7.698,0.006487,6.247,1023.695,1012.322,1023.836,581.157,,1
SFO,2026-02-13,20,2026-02-12,18,26,15.437,0.6744436188329455,0.7383263540031065,52.138,6.814,5.87,8.266,588.138,-0.847,15.437,52.138,6.814,14.743,9.886,6.477,-0.778,68.868,8.873,0.007059,5.87,1019.975,1008.696,1020.822,588.138,,1
SFO,2026-02-14,20,2026-02-13,18,26,14.157,0.687052767223667,0.7266075247685656,100.0,6.134,5.771,8.586,416.97,-0.811,14.157,100.0,6.134,13.463,7.209,4.877,-2.744,68.61,7.692,0.006531,5.771,1016.656,1005.356,1017.467,416.97,,1
SFO,2026-02-15,20,2026-02-14,18,26,15.133,0.6994583270516471,0.7146733860429609,87.846,27.993,6.278,11.487,371.425,-1.103,15.133,87.846,27.993,14.439,7.918,2.952,-5.641,66.224,8.161,0.006784,6.278,1011.335,1000.13,1012.438,371.425,,1
SFO,2026-02-16,20,2026-02-15,18,26,9.896,0.7116566222817747,0.702527474169157,100.0,10.593,2.005,8.969,84.6,-2.203,9.896,100.0,10.593,9.202,4.597,0.233,-6.669,87.409,7.197,0.006397,2.005,1001.787,990.461,1003.99,84.6,,1
SFO,2026-02-17,20,2026-02-16,18,26,9.048,0.7236440382959124,0.6901733882429719,100.0,25.378,2.761,9.889,37.651,0.514,9.048,100.0,25.378,8.354,2.89,-1.535,-10.391,83.107,5.593,0.005703,2.761,1008.31,996.874,1007.796,37.651,,1
SFO,2026-02-18,20,2026-02-17,18,26,9.744,0.7354170229639855,0.6776147890466889,62.059,23.422,6.537,12.642,316.164,0.534,9.744,62.059,23.422,9.05,2.33,-3.592,-13.926,63.918,2.513,0.004546,6.537,1016.093,1004.576,1015.559,316.164,,1
SFO,2026-02-19,20,2026-02-18,18,26,10.083,0.7469720876965552,0.6648553979642865,33.873,41.451,6.465,12.632,437.947,1.741,10.083,33.873,41.451,9.389,2.54,-3.243,-13.627,64.258,2.924,0.004715,6.465,1009.537,998.112,1007.796,437.947,,1
SFO,2026-02-20,20,2026-02-19,18,26,9.957,0.7583058084785625,0.6518989958787126,100.0,3.652,9.362,11.161,429.735,-0.199,9.957,100.0,3.652,9.263,2.273,-1.898,-5.523,52.025,-0.099,0.003756,9.362,1018.23,1006.706,1018.429,429.735,,1
SFO,2026-02-21,20,2026-02-20,18,26,13.394,0.7694148268839378,0.6387494220515272,67.833,19.528,7.894,13.306,600.991,0.609,13.394,67.833,19.528,12.7,5.186,-0.606,-3.765,58.856,4.806,0.005334,7.894,1020.824,1009.415,1020.215,600.991,,1
SFO,2026-02-22,20,2026-02-21,18,26,16.47,0.7802958510707755,0.6254105729852463,71.305,6.689,8.882,9.775,513.548,0.337,16.47,71.305,6.689,15.776,9.641,6.001,-0.64,56.381,6.894,0.006135,8.882,1025.06,1013.753,1024.723,513.548,,1
SFO,2026-02-23,20,2026-02-22,18,26,17.864,0.7909456567567772,0.6118864012687244,99.847,4.121,8.079,7.343,598.814,-1.753,17.864,99.847,4.121,17.17,12.157,9.827,2.281,59.963,9.091,0.007141,8.079,1022.371,1011.136,1024.124,598.814,,1
SFO,2026-02-24,20,2026-02-23,18,26,17.841,0.8013610881746767,0.5981809144059164,100.0,23.019,6.107,7.38,284.487,-0.627,17.841,100.0,23.019,17.147,12.622,9.767,2.066,67.664,11.04,0.008163,6.107,1017.654,1006.475,1018.281,284.487,,1
SFO,2026-02-25,20,2026-02-24,18,26,17.331,0.811539059007361,0.5842981736283684,100.0,4.909,2.373,5.537,419.831,-0.145,17.331,100.0,4.909,16.637,12.609,11.1,1.9,86.431,14.264,0.010088,2.373,1019.618,1008.405,1019.763,419.831,,1
SFO,2026-02-26,20,2026-02-25,18,26,18.344,0.8214765533024142,0.5702422926917871,21.65,10.008,6.158,5.748,639.854,0.146,18.344,21.65,10.008,17.65,14.297,11.902,3.307,69.136,11.492,0.00839,6.158,1022.579,1011.358,1022.433,639.854,,1
SFO,2026-02-27,20,2026-02-26,18,26,20.646,0.831170626365808,0.5560174366570445,41.828,7.252,8.022,6.291,630.46,-0.832,20.646,41.828,7.252,19.952,18.113,13.661,3.926,61.312,11.93,0.008637,8.022,1020.428,1009.285,1021.26,630.46,,1
SFO,2026-02-28,20,2026-02-27,18,26,20.052,0.8406184056344782,0.5416278206559814,99.296,15.302,6.435,5.199,592.695,0.455,20.052,99.296,15.302,19.358,16.707,14.159,1.455,68.384,12.923,0.00927,6.435,1014.167,1003.088,1013.712,592.695,,1
SFO,2026-03-01,20,2026-02-28,18,26,17.089,0.8498170915275278,0.5270777086423722,42.605,8.403,7.168,8.716,557.483,0.075,17.089,42.605,8.403,16.395,10.618,7.679,-2.028,64.56,9.227,0.007288,7.168,1017.213,1006.012,1017.138,557.483,,1
SFO,2026-03-02,20,2026-03-01,18,26,15.738,0.8587639582758029,0.5123714121284237,55.658,3.862,5.157,10.791,521.197,-0.037,15.738,55.658,3.862,15.044,8.481,4.253,-1.962,72.326,9.887,0.007566,5.157,1019.368,1008.107,1019.405,521.197,,1
SFO,2026-03-03,20,2026-03-02,18,26,16.641,0.8674563547295968,0.49751328890718066,2.377,8.301,6.344,7.061,695.589,-0.509,16.641,2.377,8.301,15.947,11.006,8.886,3.539,67.628,9.603,0.007393,6.344,1019.861,1008.622,1020.37,695.589,,1
SFO,2026-03-04,20,2026-03-03,18,26,15.544,0.8758917051442429,0.48250774176121847,0.0,26.933,7.052,10.222,673.995,0.274,15.544,0.0,26.933,14.85,7.832,4.628,-2.533,63.232,7.798,0.006538,7.052,1021.897,1010.584,1021.623,673.995,,1
SFO,2026-03-05,20,2026-03-04,18,26,14.637,0.8840675099433636,0.46735921715800227,0.0,15.587,11.275,8.314,717.999,-0.89,14.637,0.0,15.587,13.943,7.626,5.629,-2.358,47.497,2.668,0.004602,11.275,1021.855,1010.5,1022.745,717.999,,1
SFO,2026-03-06,20,2026-03-05,18,26,15.925,0.8919813464595485,0.45207220393230435,6.946,8.825,14.504,5.292,724.439,-0.833,15.925,6.946,8.825,15.231,9.269,9.939,0.724,38.141,0.727,0.004025,14.504,1020.213,1008.923,1021.046,724.439,,1
SFO,2026-03-07,20,2026-03-06,18,26,17.834,0.8996308696522433,0.43665123195606403,66.729,12.965,11.825,5.653,698.781,-0.552,17.834,66.729,12.965,17.14,11.109,11.487,3.471,46.257,5.315,0.00553,11.825,1020.719,1009.483,1021.271,698.781,,1
SFO,2026-03-08,20,2026-03-07,18,26,19.432,0.9070138128026359,0.4211008707960896,0.704,9.597,8.582,5.111,716.252,-1.538,19.432,0.704,9.597,18.738,15.43,13.627,5.734,59.582,10.156,0.007713,8.582,1015.873,1004.757,1017.411,716.252,,1
SFO,2026-03-09,20,2026-03-08,18,26,17.043,0.9141279881853337,0.40542572835999735,13.936,14.507,6.159,3.89,715.551,-0.209,17.043,13.936,14.507,16.349,13.716,12.459,3.716,68.936,10.19,0.007758,6.159,1011.749,1000.617,1011.958,715.551,,1
SFO,2026-03-10,20,2026-03-09,18,26,15.255,0.9209712877166346,0.38963044953078796,54.639,16.402,10.205,3.894,728.513,1.139,15.255,54.639,16.402,14.561,11.824,10.667,3.248,51.616,4.356,0.005169,10.205,1020.779,1009.461,1019.64,728.513,,1
SFO,2026-03-11,20,2026-03-10,18,26,17.384,0.9275416835791966,0.37371971479046906,0.0,9.544,10.311,3.538,742.416,-0.328,17.384,0.0,9.544,16.69,14.182,13.152,3.243,53.134,6.379,0.0059,10.311,1027.877,1016.57,1028.205,742.416,,1
SFO,2026-03-12,20,2026-03-11,18,26,19.06,0.9338372288229251,0.3576982388331257,0.0,9.24,11.053,3.173,753.791,-1.91,19.06,0.0,9.24,18.366,18.164,15.193,5.68,51.865,7.313,0.006338,11.053,1025.295,1014.058,1027.205,753.791,,1
SFO,2026-03-13,20,2026-03-12,18,26,17.471,0.9398560579418954,0.3415707691678556,98.588,12.507,9.703,0.9,698.242,-1.064,17.471,98.588,12.507,16.777,17.135,15.877,6.972,55.99,7.074,0.006265,9.703,1019.423,1008.224,1020.487,698.242,,1
SFO,2026-03-14,20,2026-03-13,18,26,17.171,0.9455963874271425,0.32534208471198034,31.967,16.051,8.104,3.545,744.7,0.154,17.171,31.967,16.051,16.477,13.974,12.932,4.309,60.691,8.373,0.00683,8.104,1018.923,1007.714,1018.769,744.7,,1
SFO,2026-03-15,20,2026-03-14,18,26,19.681,0.9510565162951535,0.30901699437494745,64.9,10.295,10.68,1.978,759.203,-0.529,19.681,64.9,10.295,18.987,17.389,17.009,7.412,54.813,8.307,0.006857,10.68,1019.154,1008.003,1019.683,759.203,,1
SFO,2026-03-16,20,2026-03-15,18,26,23.131,0.9562348265919056,0.2926003356333486,16.735,6.599,15.451,3.771,767.103,-0.777,23.131,16.735,6.599,22.437,21.056,18.666,10.207,40.142,6.986,0.006263,15.451,1017.269,1006.207,1018.046,767.103,,1
SFO,2026-03-17,20,2026-03-16,18,26,23.526,0.9611297838723007,0.27609697309746906,0.885,9.088,12.241,3.088,775.046,-0.487,23.526,0.885,9.088,22.832,22.65,19.744,10.568,49.042,10.591,0.007938,12.241,1016.103,1005.075,1016.59,775.046,,1
SFO,2026-03-18,20,2026-03-17,18,26,24.547,0.9657399376548549,0.2595117970697999,5.0,7.029,11.516,4.497,778.968,0.2,24.547,5.0,7.029,23.853,22.81,19.356,10.228,52.439,12.337,0.008935,11.516,1017.566,1006.539,1017.366,778.968,,1
SFO,2026-03-19,20,2026-03-18,18,26,24.009,0.970063921851507,0.24284972209593583,0.0,7.473,12.714,2.644,786.837,-0.603,24.009,0.0,7.473,23.315,23.117,20.671,10.919,48.738,10.601,0.007949,12.714,1018.889,1007.83,1019.492,786.837,,1
SFO,2026-03-20,20,2026-03-19,18,26,24.589,0.9741004551724205,0.22611568550828828,0.0,8.049,12.315,2.76,787.31,-0.862,24.589,0.0,8.049,23.895,23.232,21.135,9.865,51.082,11.58,0.008549,12.315,1014.202,1003.216,1015.064,787.31,,1
SFO,2026-03-21,20,2026-03-20,18,26,19.395,0.9778483415056568,0.2093146459630487,100.0,15.915,8.752,1.549,699.783,0.184,19.395,100.0,15.915,18.701,19.53,17.152,6.736,59.715,9.949,0.00763,8.752,1015.639,1004.529,1015.455,699.783,,1
SFO,2026-03-22,20,2026-03-21,18,26,18.973,0.9813064702716093,0.19245158197082998,5.0,9.967,9.661,1.655,783.033,-0.836,18.973,5.0,9.967,18.279,18.638,16.624,7.441,56.721,8.618,0.006963,9.661,1015.002,1003.887,1015.838,783.033,,1
SFO,2026-03-23,20,2026-03-22,18,26,18.686,0.9844738167520922,0.1755314904214282,20.622,12.207,13.588,3.1,778.601,-0.05,18.686,20.622,12.207,17.992,16.964,14.892,7.351,45.182,4.404,0.005268,13.588,1017.906,1006.751,1017.956,778.601,,1
SFO,2026-03-24,20,2026-03-23,18,26,20.102,0.9873494423939864,0.15855938510313455,52.269,15.194,15.856,3.852,816.925,0.468,20.102,52.269,15.194,19.408,18.056,15.556,7.934,38.89,3.552,0.004951,15.856,1018.045,1006.916,1017.577,816.925,,1
SFO,2026-03-25,20,2026-03-24,18,26,17.99,0.989932495087353,0.14154029521704323,87.163,17.465,5.855,3.653,702.651,-0.04,17.99,87.163,17.465,17.296,15.543,13.643,5.958,70.195,11.441,0.0084,5.855,1018.406,1007.223,1018.446,702.651,,1
SFO,2026-03-26,20,2026-03-25,18,26,18.13,0.9922222094179323,0.12447926388678937,100.0,12.393,12.391,2.598,718.417,-0.781,18.13,100.0,12.393,17.436,13.733,14.838,5.583,46.573,5.045,0.005472,12.391,1018.038,1006.842,1018.819,718.417,,1
SFO,2026-03-27,20,2026-03-26,18,26,20.57,0.994217906893952,0.10738134666416309,92.384,6.397,17.106,3.179,637.132,-0.716,20.57,92.384,6.397,19.876,17.612,16.697,7.221,34.343,2.77,0.004702,17.106,1014.583,1003.488,1015.299,637.132,,1
SFO,2026-03-28,20,2026-03-27,18,26,18.97,0.995918996147179,0.09025161003104117,12.215,7.213,11.886,3.381,811.359,-0.153,18.97,12.215,7.213,18.276,17.681,14.895,4.93,50.793,6.39,0.005989,11.886,1016.332,1005.199,1016.485,811.359,,1
SFO,2026-03-29,20,2026-03-28,18,26,21.952,0.9973249731081555,0.07309512989807755,99.601,11.503,14.265,6.621,756.662,-0.383,21.952,99.601,11.503,21.258,19.52,14.637,3.048,44.168,6.993,0.006284,14.265,1014.824,1003.785,1015.207,756.662,,1
SFO,2026-03-30,20,2026-03-29,18,26,18.624,0.9984354211555643,0.05591699010060326,97.556,11.665,13.474,4.92,675.284,0.262,18.624,97.556,11.665,17.93,16.242,13.01,1.675,45.716,4.456,0.005344,13.474,1014.443,1003.319,1014.181,675.284,,1
SFO,2026-03-31,20,2026-03-30,18,26,14.917,0.9992500112396835,0.03872228089217446,99.988,8.55,4.789,9.106,172.47,0.196,14.917,99.988,8.55,14.223,9.324,5.117,-3.243,73.43,9.434,0.00736,4.789,1014.436,1003.189,1014.24,172.47,,1
SFO,2026-04-01,20,2026-03-31,18,26,16.229,0.9997685019798909,0.021516097436222254,43.766,23.76,4.848,10.971,600.235,0.126,16.229,43.766,23.76,15.535,9.081,4.564,-2.599,73.651,10.687,0.00801,4.848,1014.281,1003.076,1014.155,600.235,,1
SFO,2026-04-02,20,2026-04-01,18,26,13.875,0.9999907397361901,0.004303538296244289,0.489,22.033,11.098,10.13,864.781,-0.314,13.875,0.489,22.033,13.181,5.414,3.051,1.525,47.752,2.083,0.004409,11.098,1020.29,1008.906,1020.604,864.781,,1
SFO,2026-04-03,20,2026-04-02,18,26,18.876,0.9999166586547379,-0.012910296075009042,0.012,15.065,18.371,6.63,882.939,-1.148,18.876,0.012,15.065,18.182,11.608,11.552,3.529,30.579,-0.189,0.003813,18.371,1019.042,1007.841,1020.19,882.939,,1
SFO,2026-04-04,20,2026-04-03,18,26,21.575,0.9995462806873573,-0.030120304846908114,100.0,6.467,15.446,8.085,737.348,-1.134,21.575,100.0,6.467,20.881,16.124,12.796,3.952,38.387,5.435,0.00562,15.446,1017.946,1006.827,1019.08,737.348,,1
SFO,2026-04-05,20,2026-04-04,18,26,21.428,0.9988797155850336,-0.04732138832243185,47.256,9.46,14.095,7.482,858.076,-1.011,21.428,47.256,9.46,20.734,17.831,13.252,2.294,44.371,6.639,0.006109,14.095,1015.92,1004.838,1016.931,858.076,,1
SFO,2026-04-06,20,2026-04-05,18,26,18.351,0.9979171608653922,-0.06450844944931623,18.301,13.342,9.813,5.514,867.01,-0.191,18.351,18.301,13.342,17.657,14.329,12.143,2.68,55.695,7.844,0.006617,9.813,1018.226,1007.05,1018.417,867.01,,1
SFO,2026-04-07,20,2026-04-06,18,26,17.492,0.9966589017541702,-0.08167639533042241,83.88,13.664,9.663,4.329,871.017,-0.791,17.492,83.88,13.664,16.798,13.793,12.469,3.033,55.974,7.135,0.006316,9.663,1018.86,1007.652,1019.651,871.017,,1
SFO,2026-04-08,20,2026-04-07,18,26,19.145,0.9951053111006976,-0.09882013873287143,10.691,13.331,6.901,7.433,845.152,-0.709,19.145,10.691,13.331,18.451,14.559,11.018,-0.546,66.414,11.55,0.008475,6.901,1016.483,1005.357,1017.192,845.152,,1
SFO,2026-04-09,20,2026-04-08,18,26,18.272,0.9932568492674143,-0.11593459959550041,96.696,10.801,5.343,9.877,776.717,-0.206,18.272,96.696,10.801,17.578,12.017,7.701,-2.001,71.883,12.235,0.008855,5.343,1014.375,1003.231,1014.581,776.717,,1
SFO,2026-04-10,20,2026-04-09,18,26,17.932,0.9911140639934547,-0.1330147065341959,19.847,21.752,6.994,11.992,841.993,-0.368,17.932,19.847,21.752,17.238,10.719,5.246,-4.742,64.763,10.244,0.007819,6.994,1011.071,999.946,1011.439,841.993,,1
SFO,2026-04-11,20,2026-04-10,18,26,16.447,0.9886775902323405,-0.1500553983446526,100.0,34.3,6.963,12.396,800.348,-1.239,16.447,100.0,34.3,15.753,8.776,3.357,-5.933,64.154,8.79,0.007089,6.963,1010.44,999.28,1011.679,800.348,,1
SFO,2026-04-12,20,2026-04-11,18,26,12.784,0.9859481499638304,-0.16705162550211902,22.093,22.782,3.889,10.954,500.263,0.914,12.784,22.093,22.782,12.09,5.578,1.136,-8.885,77.041,8.201,0.006773,3.889,1012.603,1001.273,1011.689,500.263,,1
SFO,2026-04-13,20,2026-04-12,18,26,14.669,0.9829265519799822,-0.18399835165768005,12.128,15.783,8.05,12.45,868.977,-0.074,14.669,12.128,15.783,13.975,7.205,1.525,-5.132,59.213,5.925,0.005757,8.05,1019.64,1008.327,1019.714,868.977,,1
SFO,2026-04-14,20,2026-04-13,18,26,15.214,0.9796136916454901,-0.20089055513063525,5.7,14.692,7.699,8.164,858.839,-0.268,15.214,5.7,14.692,14.52,7.041,6.356,0.701,60.548,6.821,0.006125,7.699,1021.591,1010.259,1021.859,858.839,,1
SFO,2026-04-15,20,2026-04-14,18,26,15.905,0.9760105506323683,-0.21772323039653177,52.212,21.924,7.456,7.122,861.015,-0.488,15.905,52.212,21.924,15.211,8.549,8.089,0.106,61.73,7.755,0.006528,7.456,1019.315,1008.04,1019.803,861.015,,1
SFO,2026-04-16,20,2026-04-15,18,26,16.936,0.9721181966290613,-0.23449138957040963,5.0,19.257,13.397,9.746,908.662,-0.6,16.936,5.0,19.257,16.242,9.359,6.496,0.424,42.389,2.845,0.004705,13.397,1017.852,1006.623,1018.452,908.662,,1
SFO,2026-04-17,20,2026-04-16,18,26,18.733,0.9679377830240643,-0.2511900638848191,20.312,13.108,20.304,9.737,943.347,-0.645,18.733,20.312,13.108,18.039,11.098,8.302,2.442,27.081,-2.265,0.003355,20.304,1017.977,1006.781,1018.622,943.347,,1
SFO,2026-04-18,20,2026-04-17,18,26,18.486,0.9634705485641488,-0.2678143051621742,99.144,6.705,13.74,7.873,858.524,-1.032,18.486,99.144,6.705,17.792,13.932,9.919,2.785,44.201,4.052,0.005137,13.74,1014.95,1003.804,1015.982,858.524,,1
SFO,2026-04-19,20,2026-04-18,18,26,18.178,0.9587178169872964,-0.2843591872810036,82.735,11.894,12.363,9.15,882.596,-0.308,18.178,82.735,11.894,17.484,12.627,8.334,1.022,47.003,5.121,0.005548,12.363,1012.03,1000.897,1012.338,882.596,,1
SFO,2026-04-20,20,2026-04-19,18,26,17.625,0.9536809966304456,-0.30081980763566757,88.521,26.341,6.285,9.952,580.607,-0.104,17.625,88.521,26.341,16.931,10.75,6.979,-1.997,67.097,10.646,0.008006,6.285,1012.291,1001.144,1012.395,580.607,,1
SFO,2026-04-21,20,2026-04-20,18,26,12.468,0.9483615800121716,-0.3171912885891059,100.0,22.117,2.423,10.004,374.354,0.875,12.468,100.0,22.117,11.774,6.245,1.77,-7.096,85.004,9.351,0.00732,2.423,1012.814,1001.472,1011.939,374.354,,1
SFO,2026-04-22,20,2026-04-21,18,26,13.998,0.9427611433904207,-0.3334687789181868,82.572,11.745,4.09,11.023,370.104,0.366,13.998,82.572,11.745,13.304,6.497,2.281,-5.71,76.484,9.214,0.007212,4.09,1022.214,1010.835,1021.848,370.104,,1
SFO,2026-04-23,20,2026-04-22,18,26,16.603,0.9368813462954315,-0.3496474552512284,5.0,13.157,8.696,9.054,923.102,-1.119,16.603,5.0,13.157,15.909,10.614,6.855,-0.879,58.448,7.213,0.006311,8.696,1018.714,1007.49,1019.833,923.102,,1
SFO,2026-04-24,20,2026-04-23,18,26,16.249,0.9307239310379793,-0.3657225234972692,30.524,12.979,7.632,8.835,822.753,-0.47,16.249,30.524,12.979,15.555,8.355,6.72,-0.517,61.386,7.923,0.006647,7.632,1013.811,1002.608,1014.281,822.753,,1
SFO,2026-04-25,20,2026-04-24,18,26,14.044,0.9242907221930933,-0.38168922026665897,100.0,13.638,5.211,11.023,471.965,-0.376,14.044,100.0,13.638,13.35,6.928,2.327,-2.487,70.856,8.139,0.00677,5.211,1011.398,1000.134,1011.774,471.965,,1
SFO,2026-04-26,20,2026-04-25,18,26,15.326,0.9175836260593938,-0.3975428142825558,48.565,19.06,8.103,13.268,869.276,0.836,15.326,48.565,19.06,14.632,7.03,1.364,-4.561,58.502,6.529,0.006041,8.103,1013.125,1001.885,1012.289,869.276,,1
SFO,2026-04-27,20,2026-04-26,18,26,14.281,0.9106046300942163,-0.4132786077829042,60.378,15.117,6.8,12.234,681.366,0.531,14.281,60.378,15.117,13.587,6.566,1.353,-3.84,63.593,6.787,0.006118,6.8,1017.754,1006.429,1017.223,681.366,,1
SFO,2026-04-28,20,2026-04-27,18,26,16.129,0.9033558023246845,-0.4288919379124835,4.451,8.996,7.458,10.343,926.434,-0.042,16.129,4.451,8.996,15.435,10.121,5.092,-3.68,63.599,7.977,0.006651,7.458,1020.105,1008.851,1020.147,926.434,,1
SFO,2026-04-29,20,2026-04-28,18,26,18.066,0.895839290734909,-0.4443781781046132,8.582,13.485,7.409,8.1,898.151,-0.578,18.066,8.582,13.485,17.372,12.977,9.272,1.501,63.561,9.963,0.007596,7.409,1018.107,1006.919,1018.685,898.151,,1
SFO,2026-04-30,20,2026-04-29,18,26,18.225,0.8880573226294932,-0.45973273945210397,7.784,10.995,7.612,4.976,921.397,-0.747,18.225,7.784,10.995,17.531,15.088,12.555,3.181,63.171,9.919,0.007594,7.612,1014.606,1003.462,1015.353,921.397,,1
SFO,2026-05-01,20,2026-04-30,18,26,18.18,0.8800122039735357,-0.47495107206704995,98.368,12.062,7.383,3.079,852.327,-0.609,18.18,98.368,12.062,17.486,15.635,14.407,4.444,64.084,10.103,0.007707,7.383,1013.997,1002.857,1014.606,852.327,,1
SFO,2026-05-02,20,2026-05-01,18,26,15.66,0.8717063187093218,-0.49002866642905923,100.0,15.986,5.981,3.819,713.981,0.025,15.66,100.0,15.986,14.966,10.335,11.147,2.623,68.125,8.985,0.007147,5.981,1014.245,1003.019,1014.22,713.981,,1
SFO,2026-05-03,20,2026-05-02,18,26,15.686,0.8631421280499114,-0.5049610547215204,49.01,15.276,5.749,8.148,672.965,-0.328,15.686,49.01,15.276,14.992,8.193,6.844,-0.581,69.134,9.243,0.007262,5.749,1012.385,1001.176,1012.713,672.965,,1
SFO,2026-05-04,20,2026-05-03,18,26,16.391,0.854322169749827,-0.5197438121555155,98.218,15.509,9.112,13.182,762.137,-0.08,16.391,98.218,15.509,15.697,8.502,2.515,-3.357,55.113,6.585,0.00606,9.112,1015.132,1003.918,1015.212,762.137,,1
SFO,2026-05-05,20,2026-05-04,18,26,14.186,0.8452490573530633,-0.5343725582809787,98.723,5.007,3.313,7.862,249.411,0.681,14.186,98.723,5.007,13.492,7.24,5.63,2.686,80.282,10.179,0.00772,3.313,1016.471,1005.169,1015.79,249.411,,1
SFO,2026-05-06,20,2026-05-05,18,26,17.468,0.835925479418637,-0.548842958284719,14.256,11.382,5.811,2.09,865.625,-0.568,17.468,14.256,11.382,16.774,12.03,14.684,4.32,69.761,10.963,0.0081,5.811,1019.263,1008.048,1019.831,865.625,,1
SFO,2026-05-07,20,2026-05-06,18,26,17.936,0.8263541987239096,-0.5631507242749186,15.621,16.0,6.87,0.734,910.69,-0.355,17.936,15.621,16.0,17.242,16.042,16.508,6.386,65.824,10.372,0.007811,6.87,1018.617,1007.426,1018.972,910.69,,1
SFO,2026-05-08,20,2026-05-07,18,26,16.968,0.8165380514459161,-0.5772916165517272,68.416,16.497,6.712,0.866,915.08,-0.468,16.968,68.416,16.497,16.274,14.928,15.408,7.206,66.108,9.562,0.0074,6.712,1018.758,1007.526,1019.226,915.08,,1
SFO,2026-05-09,20,2026-05-08,18,26,19.244,0.8064799463209448,-0.5912614448635781,13.546,15.351,7.807,2.232,925.725,-0.748,19.244,13.546,15.351,18.55,18.293,16.318,8.61,62.866,10.743,0.008012,7.807,1014.874,1003.752,1015.622,925.725,,1
SFO,2026-05-10,20,2026-05-09,18,26,18.711,0.7961828637826158,-0.6050560696488488,19.204,11.255,7.39,-0.673,909.682,-0.575,18.711,19.204,11.255,18.017,19.128,18.69,10.901,64.763,10.627,0.007977,7.39,1014.455,1003.328,1015.03,909.682,,1
SFO,2026-05-11,20,2026-05-10,18,26,20.698,0.7856498550787145,-0.6186714032625031,74.935,7.677,10.528,0.407,915.993,-0.19,20.698,74.935,7.677,20.004,22.277,19.597,9.783,55.412,9.476,0.007397,10.528,1013.85,1002.787,1014.04,915.993,,1
SFO,2026-05-12,20,2026-05-11,18,26,18.754,0.7748840413670407,-0.6321034111873487,100.0,12.873,8.301,0.304,833.407,-0.023,18.754,100.0,12.873,18.06,19.206,17.756,9.0,61.812,9.759,0.007526,8.301,1014.249,1003.137,1014.272,833.407,,1
SFO,2026-05-13,20,2026-05-12,18,26,16.538,0.7638886127905428,-0.6453481132295501,5.0,23.965,7.9,3.366,971.318,0.493,16.538,5.0,23.965,15.844,10.393,12.478,4.263,60.968,7.944,0.006632,7.9,1020.668,1009.399,1020.175,971.318,,1
SFO,2026-05-14,20,2026-05-13,18,26,18.985,0.7526668275320084,-0.6584015846980488,11.856,12.611,8.798,2.516,930.568,-0.288,18.985,11.856,12.611,18.291,18.202,15.775,6.633,59.563,9.493,0.007371,8.798,1016.855,1005.72,1017.143,930.568,,1
SFO,2026-05-15,20,2026-05-14,18,26,18.832,0.741222010848596,-0.6712599575675313,1.578,19.082,9.569,3.156,965.255,-0.067,18.832,1.578,19.082,18.138,17.086,14.982,5.249,56.493,8.569,0.006923,9.569,1015.891,1004.754,1015.958,965.255,,1
SFO,2026-05-16,20,2026-05-15,18,26,16.589,0.7295575540864878,-0.6839194216246103,17.405,26.692,8.378,5.023,961.771,-0.472,16.589,17.405,26.692,15.895,11.634,10.872,3.221,59.288,7.517,0.006467,8.378,1015.717,1004.504,1016.189,961.771,,1
SFO,2026-05-17,20,2026-05-16,18,26,16.733,0.717676913675962,-0.6963762255968722,8.881,19.066,10.889,7.519,955.432,-0.558,16.733,8.881,19.066,16.039,12.403,8.52,3.443,51.547,5.15,0.005536,10.889,1011.329,1000.187,1011.887,955.432,,1
SFO,2026-05-18,20,2026-05-17,18,26,21.117,0.705583610107178,-0.7086266782644596,0.0,20.452,20.166,11.062,993.416,0.296,21.117,0.0,20.452,20.423,15.932,9.361,1.849,30.255,0.257,0.004013,20.166,1013.729,1002.652,1013.433,993.416,,1
SFO,2026-05-19,20,2026-05-18,18,26,21.906,0.6932812268869777,-0.7206671495538609,0.0,10.174,19.685,7.472,983.533,-0.191,21.906,0.0,10.174,21.212,19.236,13.74,1.484,33.723,1.527,0.004402,19.685,1016.11,1005.035,1016.301,983.533,,1
SFO,2026-05-20,20,2026-05-19,18,26,20.665,0.6807734094770165,-0.7324940716135786,70.894,8.708,12.862,4.556,903.04,-0.721,20.665,70.894,8.708,19.971,20.319,15.415,4.03,49.478,7.109,0.006314,12.862,1013.243,1002.185,1013.964,903.04,,1
SFO,2026-05-21,20,2026-05-20,18,26,20.529,0.6680638642135338,-0.7441039398713604,17.845,12.463,11.733,2.759,915.696,-0.572,20.529,17.845,12.463,19.835,21.225,17.076,6.466,52.401,8.102,0.006773,11.733,1011.488,1000.45,1012.06,915.696,,1
SFO,2026-05-22,20,2026-05-21,18,26,18.751,0.6551563572090853,-0.7554933140726803,11.653,10.432,8.894,1.017,920.255,-0.167,18.751,11.653,10.432,18.057,18.191,17.04,6.558,59.619,9.163,0.007259,8.894,1009.858,998.79,1010.025,920.255,,1
SFO,2026-05-23,20,2026-05-22,18,26,18.386,0.6420547132365637,-0.766658819300159,12.041,12.748,7.889,1.907,942.96,0.346,18.386,12.041,12.748,17.692,14.721,15.785,5.605,62.925,9.803,0.007566,7.889,1013.677,1002.553,1013.331,942.96,,1
SFO,2026-05-24,20,2026-05-23,18,26,17.158,0.6287628145958347,-0.7775971469736267,43.675,13.537,7.445,0.87,930.884,0.084,17.158,43.675,13.537,16.464,12.949,15.594,4.066,63.119,9.019,0.007129,7.445,1016.566,1005.376,1016.482,930.884,,1
SFO,2026-05-25,20,2026-05-24,18,26,16.724,0.615284599963328,-0.7883050558305252,99.898,15.041,7.02,2.224,904.615,-0.309,16.724,99.898,15.041,16.03,9.907,13.806,4.385,64.635,9.01,0.007159,7.02,1014.857,1003.666,1015.166,904.615,,1
SFO,2026-05-26,20,2026-05-25,18,26,15.592,0.6016240632249229,-0.7987793728863647,4.969,31.982,7.536,12.022,965.067,-0.203,15.592,4.969,31.982,14.898,8.064,2.876,-3.398,61.605,7.362,0.006408,7.536,1011.917,1000.714,1012.12,965.067,,1
SFO,2026-05-27,20,2026-05-26,18,26,16.896,0.5877852522924732,-0.8090169943749473,98.314,11.235,8.667,9.258,782.823,-0.799,16.896,98.314,11.235,16.202,11.876,6.944,-3.617,59.453,7.535,0.006544,8.667,1008.009,996.903,1008.808,782.823,,1
SFO,2026-05-28,20,2026-05-27,18,26,17.122,0.5737722679043249,-0.8190148866680798,67.773,9.445,7.585,12.171,671.472,0.407,17.122,67.773,9.445,16.428,9.918,4.257,-3.882,61.624,8.843,0.007103,7.585,1011.55,1000.4,1011.143,671.472,,1
SFO,2026-05-29,20,2026-05-28,18,26,14.878,0.5595892624101769,-0.8287700871745035,73.955,13.126,3.808,5.217,495.104,0.744,14.878,73.955,13.126,14.184,8.107,8.967,2.379,78.465,10.376,0.007836,3.808,1017.502,1006.232,1016.758,495.104,,1
SFO,2026-05-30,20,2026-05-29,18,26,17.198,0.5452404385406513,-0.8382797052177741,11.731,16.065,6.996,5.568,945.128,-0.209,17.198,11.731,16.065,16.504,13.205,10.936,2.725,65.125,9.508,0.007359,6.996,1019.263,1008.044,1019.472,945.128,,1
SFO,2026-05-31,20,2026-05-30,18,26,18.772,0.5307300481619337,-0.8475409228928309,9.53,12.124,9.744,4.52,957.58,-0.737,18.772,9.53,12.124,18.078,17.474,13.558,5.805,57.027,8.334,0.006819,9.744,1015.254,1004.135,1015.991,957.58,,1
SFO,2026-06-01,20,2026-05-31,18,26,20.399,0.5160623910158528,-0.8565509959010036,16.226,11.089,11.524,3.695,950.617,-0.266,20.399,16.226,11.089,19.705,19.921,16.01,8.061,52.539,8.181,0.006776,11.524,1013.829,1002.763,1014.095,950.617,,1
SFO,2026-06-02,20,2026-06-01,18,26,19.252,0.5012418134457758,-0.865307254363206,60.211,14.231,8.881,0.764,927.304,0.576,19.252,60.211,14.231,18.558,19.728,17.794,8.663,60.306,9.677,0.007461,8.881,1017.019,1005.883,1016.443,927.304,,1
SFO,2026-06-03,20,2026-06-02,18,26,19.171,0.4862727071086904,-0.8738071036110806,0.0,16.808,10.703,0.452,973.565,0.076,19.171,0.0,16.808,18.477,18.227,18.025,8.626,51.522,7.774,0.006557,10.703,1017.769,1006.604,1017.693,973.565,,1
SFO,2026-06-04,20,2026-06-03,18,26,19.653,0.47115950767386416,-0.8820480249558534,19.037,15.767,8.454,-0.136,923.847,-0.443,19.653,19.037,15.767,18.959,19.305,19.095,11.809,61.338,10.505,0.00792,8.454,1013.085,1002.0,1013.528,923.847,,1
SFO,2026-06-05,20,2026-06-04,18,26,20.673,0.4559066935084588,-0.8900275764346767,5.068,14.241,10.529,-0.113,952.621,-0.632,20.673,5.068,14.241,19.979,21.649,20.092,10.848,54.766,9.45,0.007407,10.529,1009.936,998.924,1010.568,952.621,,1
SFO,2026-06-06,20,2026-06-05,18,26,15.984,0.440518784350495,-0.8977433935342337,63.36,24.149,7.722,0.691,950.635,0.0,15.984,63.36,24.149,15.29,10.925,14.599,6.926,61.337,7.568,0.006494,7.722,1012.359,1001.16,1012.359,950.635,,1
SFO,2026-06-07,20,2026-06-06,18,26,16.914,0.42500033996955416,-0.9051931898913974,100.0,15.531,9.044,2.668,943.701,0.304,16.914,100.0,15.531,16.22,13.706,13.552,5.941,57.889,7.176,0.00634,9.044,1011.946,1000.8,1011.642,943.701,,1
SFO,2026-06-08,20,2026-06-07,18,26,16.765,0.40935595881562176,-0.9123747579707272,100.0,19.955,5.893,3.92,858.411,0.966,16.765,100.0,19.955,16.071,12.677,12.151,3.485,69.462,10.178,0.007743,5.893,1014.076,1002.901,1013.11,858.411,,1
SFO,2026-06-09,20,2026-06-08,18,26,18.242,0.3935902766564671,-0.9192859697186103,19.589,15.323,6.003,4.031,870.082,-0.078,18.242,19.589,15.323,17.548,13.679,13.517,9.573,70.3,11.545,0.008473,6.003,1016.137,1004.989,1016.215,870.082,,1
SFO,2026-06-10,20,2026-06-09,18,26,21.408,0.3777079652039649,-0.9259247771938498,33.673,16.681,11.375,1.529,945.541,-0.945,21.408,33.673,16.681,20.714,21.607,19.185,12.749,53.161,9.339,0.007338,11.375,1011.5,1000.501,1012.445,945.541,,1
SFO,2026-06-11,20,2026-06-10,18,26,25.051,0.36171373072976765,-0.9322892131745133,11.851,9.558,17.99,1.715,970.911,0.007,25.051,11.851,9.558,24.357,26.179,22.642,12.815,40.27,6.367,0.006092,17.99,1009.006,998.098,1008.999,970.911,,1
SFO,2026-06-12,20,2026-06-11,18,26,22.348,0.3456123126707335,-0.9383773917408641,10.985,9.801,9.83,-1.932,922.908,-0.143,22.348,10.985,9.801,21.654,25.117,23.586,12.962,58.457,11.824,0.008673,9.83,1010.775,999.785,1010.918,922.908,,1
SFO,2026-06-13,20,2026-06-12,18,26,22.405,0.3294084822245304,-0.9441875088341993,10.828,8.878,10.222,-0.084,935.442,-0.311,22.405,10.828,8.878,21.711,24.128,21.795,11.583,57.361,11.489,0.008494,10.222,1010.977,999.984,1011.288,935.442,,1
SFO,2026-06-14,20,2026-06-13,18,26,21.589,0.3131070409358265,-0.9497178427914318,8.852,9.674,8.875,-1.349,923.05,0.378,21.589,8.852,9.674,20.895,24.026,22.244,8.703,60.72,12.02,0.008751,8.875,1013.764,1002.718,1013.386,923.05,,1
SFO,2026-06-15,20,2026-06-14,18,26,21.814,0.2967128192734903,-0.9549667548552552,9.347,12.292,9.325,-1.17,916.423,0.138,21.814,9.347,12.292,21.12,23.717,22.29,11.337,58.78,11.795,0.008596,9.325,1015.68,1004.618,1015.542,916.423,,1
SFO,2026-06-16,20,2026-06-15,18,26,21.672,0.2802306751992163,-0.9599326896597445,7.575,10.584,9.233,-2.317,914.295,-0.483,21.672,7.575,10.584,20.978,22.96,23.295,14.039,59.042,11.745,0.008606,9.233,1013.573,1002.528,1014.056,914.295,,1
SFO,2026-06-17,20,2026-06-16,18,26,20.662,0.2636654927280075,-0.9646141756912434,19.425,12.399,7.305,-3.432,906.757,-0.277,20.662,19.425,12.399,19.968,17.933,23.4,12.731,65.917,12.663,0.009169,7.305,1011.734,1000.68,1012.011,906.757,,1
SFO,2026-06-18,20,2026-06-17,18,26,20.108,0.24702218048093594,-0.9690098257244061,8.558,12.52,8.05,-2.221,937.684,-0.375,20.108,8.558,12.52,19.414,15.346,21.635,12.249,62.371,11.364,0.008382,8.05,1012.82,1001.743,1013.195,937.684,,1
SFO,2026-06-19,20,2026-06-18,18,26,20.178,0.23030567023061221,-0.9731183372332619,3.849,14.343,8.284,2.952,936.502,0.218,20.178,3.849,14.343,19.484,13.278,16.532,8.253,61.435,11.2,0.00829,8.284,1014.658,1003.554,1014.44,936.502,,1
SFO,2026-06-20,20,2026-06-19,18,26,19.681,0.21352091543979612,-0.9769384927771817,5.405,16.073,8.316,3.118,964.325,0.207,19.681,5.405,16.073,18.987,12.581,15.869,7.634,59.843,10.671,0.007996,8.316,1015.411,1004.281,1015.204,964.325,,1
SFO,2026-06-21,20,2026-06-20,18,26,20.269,0.19667288979357647,-0.980469160361632,17.515,12.08,8.199,1.398,914.416,-0.487,20.269,17.515,12.08,19.575,18.207,18.177,8.598,62.136,11.376,0.008406,8.199,1012.435,1001.366,1012.922,914.416,,1
SFO,2026-06-22,20,2026-06-21,18,26,20.114,0.1797665857255624,-0.9837092937736097,11.037,13.266,8.75,-0.422,939.476,0.169,20.114,11.037,13.266,19.42,19.239,19.842,11.804,59.719,10.67,0.007991,8.75,1013.544,1002.455,1013.375,939.476,,1
SFO,2026-06-23,20,2026-06-22,18,26,20.186,0.16280701293851715,-0.986657932891657,8.203,12.008,9.06,-0.199,953.141,-0.382,20.186,8.203,12.008,19.492,20.288,19.691,11.981,58.966,10.432,0.007874,9.06,1016.524,1005.412,1016.906,953.141,,1
SFO,2026-06-24,20,2026-06-23,18,26,20.662,0.14579919691987467,-0.9893142039703663,7.525,11.1,9.315,0.1,943.766,-0.399,20.662,7.525,11.1,19.968,20.09,19.868,10.819,57.67,10.653,0.007983,9.315,1014.965,1003.872,1015.364,943.766,,1
SFO,2026-06-25,20,2026-06-24,18,26,20.057,0.12874817745258088,-0.99167731989929,71.196,15.43,7.987,1.17,888.994,-0.063,20.057,71.196,15.43,19.363,16.756,18.193,10.754,62.574,11.376,0.0084,7.987,1012.444,1001.361,1012.507,888.994,,1
SFO,2026-06-26,20,2026-06-25,18,26,18.696,0.11165900712169467,-0.993746580436178,51.576,16.382,3.974,5.5,695.091,0.277,18.696,51.576,16.382,18.002,12.848,12.502,5.48,78.29,14.028,0.009962,3.974,1014.195,1003.069,1013.918,695.091,,1
SFO,2026-06-27,20,2026-06-26,18,26,17.505,0.09453674981719956,-0.9955213724144752,0.0,22.751,7.263,6.975,961.901,0.213,17.505,0.0,22.751,16.811,9.5,9.836,6.571,62.781,9.548,0.007393,7.263,1016.026,1004.832,1015.813,961.901,,1
SFO,2026-06-28,20,2026-06-27,18,26,19.73,0.07738647923346301,-0.9970011699250151,0.0,15.353,11.035,7.061,964.457,-0.295,19.73,0.0,15.353,19.036,15.123,11.975,3.632,51.919,8.001,0.006723,11.035,1013.421,1002.328,1013.716,964.457,,1
SFO,2026-06-29,20,2026-06-28,18,26,20.145,0.06021327736579302,-0.9981855344718586,12.543,11.882,10.421,6.095,942.3,0.431,20.145,12.543,11.882,19.451,16.157,13.356,2.226,55.529,9.03,0.007199,10.421,1011.23,1000.173,1010.799,942.3,,1
SFO,2026-06-30,20,2026-06-29,18,26,20.168,0.04302223300453059,-0.99907411510223,16.423,12.927,9.425,1.255,922.047,0.261,20.168,16.423,12.927,19.474,18.108,18.219,7.643,57.926,10.049,0.007707,9.425,1012.307,1001.228,1012.046,922.047,,1
SFO,2026-07-01,20,2026-06-30,18,26,19.236,0.02581844022713308,-0.9996666485105112,8.57,11.601,8.48,1.861,931.046,0.173,19.236,8.57,11.601,18.542,13.23,16.681,7.166,59.901,10.062,0.007697,8.48,1011.457,1000.364,1011.284,931.046,,1
SFO,2026-07-02,20,2026-07-01,18,26,19.383,0.008606996888688698,-0.9999629591162655,60.16,11.495,8.736,1.715,931.574,-0.17,19.383,60.16,11.495,18.689,15.053,16.974,7.441,60.093,9.953,0.007658,8.736,1013.248,1002.143,1013.418,931.574,,1
SFO,2026-07-03,20,2026-07-02,18,26,20.129,-0.008606996888688453,-0.9999629591162655,9.316,11.242,8.693,1.059,940.481,-0.337,20.129,9.316,11.242,19.435,19.171,18.376,8.782,60.345,10.742,0.008015,8.693,1014.715,1003.615,1015.052,940.481,,1
SFO,2026-07-04,20,2026-07-03,18,26,21.102,-0.025818440227132835,-0.9996666485105112,10.417,10.475,9.519,0.927,916.237,-0.969,21.102,10.417,10.475,20.408,21.651,19.481,10.44,58.448,10.889,0.008098,9.519,1015.732,1004.651,1016.701,916.237,,1
SFO,2026-07-05,20,2026-07-04,18,26,19.921,-0.04302223300453034,-0.99907411510223,18.921,12.983,8.662,0.147,914.831,-0.246,19.921,18.921,12.983,19.227,18.091,19.08,9.255,60.2,10.565,0.007951,8.662,1015.835,1004.714,1016.081,914.831,,1
SFO,2026-07-06,20,2026-07-05,18,26,19.45,-0.060213277365792774,-0.9981855344718586,3.792,13.47,8.22,-0.081,944.736,-0.022,19.45,3.792,13.47,18.756,16.817,18.837,10.867,60.96,10.536,0.007923,8.22,1015.545,1004.42,1015.567,944.736,,1
SFO,2026-07-07,20,2026-07-06,18,26,18.513,-0.07738647923346277,-0.9970011699250151,14.113,19.022,6.908,-0.375,913.114,0.538,18.513,14.113,19.022,17.819,14.419,18.194,10.861,65.123,10.911,0.008096,6.908,1017.643,1006.465,1017.105,913.114,,1
SFO,2026-07-08,20,2026-07-07,18,26,19.344,-0.09453674981719933,-0.9955213724144752,15.471,16.137,7.895,-1.51,919.843,-0.116,19.344,15.471,16.137,18.65,17.973,20.16,11.928,62.581,10.755,0.008033,7.895,1018.149,1006.986,1018.265,919.843,,1
SFO,2026-07-09,20,2026-07-08,18,26,20.237,-0.11165900712169444,-0.9937465804361781,18.066,15.113,8.415,-2.714,890.128,-0.566,20.237,18.066,15.113,19.543,21.526,22.257,12.181,61.603,11.128,0.00825,8.415,1013.949,1002.863,1014.515,890.128,,1
SFO,2026-07-10,20,2026-07-09,18,26,18.731,-0.12874817745258066,-0.99167731989929,17.049,16.708,7.314,-3.244,912.665,1.165,18.731,17.049,16.708,18.037,19.977,21.281,12.835,64.233,10.723,0.008033,7.314,1013.878,1002.74,1012.713,912.665,,1
SFO,2026-07-11,20,2026-07-10,18,26,21.871,-0.14579919691987442,-0.9893142039703664,100.0,12.257,11.654,-0.839,894.538,-0.309,21.871,100.0,12.257,21.177,22.682,22.016,13.079,52.192,9.523,0.007436,11.654,1012.821,1001.788,1013.13,894.538,,1
SFO,2026-07-12,20,2026-07-11,18,26,20.863,-0.16280701293851646,-0.9866579328916572,100.0,9.793,9.731,-1.697,674.5,0.013,20.863,100.0,9.793,20.169,24.537,21.866,10.554,57.931,10.438,0.007887,9.731,1013.635,1002.579,1013.622,674.5,,1
SFO,2026-07-13,20,2026-07-12,18,26,23.52,-0.17976658572556214,-0.9837092937736098,44.565,13.485,12.855,0.486,893.607,0.103,23.52,44.565,13.485,22.826,25.971,22.34,9.416,49.867,9.971,0.007652,12.855,1014.194,1003.183,1014.091,893.607,,1
SFO,2026-07-14,20,2026-07-13,18,26,23.266,-0.19667288979357622,-0.9804691603616321,10.179,14.882,13.014,1.463,907.11,0.091,23.266,10.179,14.882,22.572,25.085,21.109,9.307,49.816,9.558,0.007479,13.014,1015.541,1004.503,1015.45,907.11,,1
SFO,2026-07-15,20,2026-07-14,18,26,22.402,-0.2135209154397959,-0.9769384927771817,0.0,13.858,13.083,-0.454,947.951,-0.088,22.402,0.0,13.858,21.708,24.417,22.162,9.553,48.341,8.625,0.007025,13.083,1014.331,1003.283,1014.419,947.951,,1
SFO,2026-07-16,20,2026-07-15,18,26,20.247,-0.23030567023061196,-0.973118337233262,8.98,15.496,9.463,-0.323,955.39,-0.039,20.247,8.98,15.496,19.553,19.998,19.876,10.684,57.404,10.09,0.00773,9.463,1013.038,1001.95,1013.077,955.39,,1
SFO,2026-07-17,20,2026-07-16,18,26,19.694,-0.24702218048093572,-0.9690098257244062,15.779,15.136,8.748,-1.413,896.615,0.822,19.694,15.779,15.136,19.0,18.929,20.413,11.229,59.673,10.252,0.007784,8.748,1014.095,1002.981,1013.273,896.615,,1
SFO,2026-07-18,20,2026-07-17,18,26,20.921,-0.2636654927280072,-0.9646141756912435,17.048,13.25,9.711,-0.658,897.158,-0.482,20.921,17.048,13.25,20.227,21.577,20.885,11.273,57.835,10.516,0.007903,9.711,1015.97,1004.876,1016.452,897.158,,1
SFO,2026-07-19,20,2026-07-18,18,26,20.297,-0.2802306751992161,-0.9599326896597445,97.746,13.752,8.778,-2.438,852.416,-1.033,20.297,97.746,13.752,19.603,21.488,22.041,11.971,60.668,10.825,0.008101,8.778,1013.898,1002.813,1014.931,852.416,,1
SFO,2026-07-20,20,2026-07-19,18,26,21.813,-0.2967128192734901,-0.9549667548552553,74.421,11.36,9.057,-0.081,848.588,0.386,21.813,74.421,11.36,21.119,22.428,21.2,10.023,59.913,12.062,0.008783,9.057,1014.12,1003.066,1013.734,848.588,,1
SFO,2026-07-21,20,2026-07-20,18,26,24.726,-0.31310704093582625,-0.9497178427914318,20.47,9.935,14.319,3.448,878.615,0.091,24.726,20.47,9.935,24.032,23.939,20.584,10.779,46.181,9.713,0.007551,14.319,1013.931,1002.943,1013.84,878.615,,1
SFO,2026-07-22,20,2026-07-21,18,26,21.801,-0.3294084822245298,-0.9441875088341996,23.426,14.528,6.894,3.03,832.255,0.471,21.801,23.426,14.528,21.107,15.628,18.077,10.544,66.736,14.213,0.01007,6.894,1017.488,1006.397,1017.017,832.255,,1
SFO,2026-07-23,20,2026-07-22,18,26,20.397,-0.3456123126707333,-0.9383773917408642,11.006,17.034,6.997,-0.453,891.767,-0.447,20.397,11.006,17.034,19.703,17.557,20.156,13.98,65.989,12.706,0.009131,6.997,1016.836,1005.722,1017.283,891.767,,1
SFO,2026-07-24,20,2026-07-23,18,26,21.676,-0.3617137307297674,-0.9322892131745134,4.896,16.115,10.067,-1.108,950.413,-0.842,21.676,4.896,16.115,20.982,20.439,22.09,13.909,55.866,10.915,0.008174,10.067,1014.467,1003.396,1015.309,950.413,,1
SFO,2026-07-25,20,2026-07-24,18,26,21.145,-0.37770796520396466,-0.9259247771938499,3.767,17.124,9.185,0.099,940.1,0.197,21.145,3.767,17.124,20.451,19.36,20.352,12.458,58.133,11.266,0.008336,9.185,1016.778,1005.674,1016.581,940.1,,1
SFO,2026-07-26,20,2026-07-25,18,26,20.834,-0.3935902766564669,-0.9192859697186104,11.25,15.435,7.674,0.711,908.56,-0.014,20.834,11.25,15.435,20.14,19.438,19.429,11.139,64.066,12.466,0.009018,7.674,1017.241,1006.128,1017.255,908.56,,1
SFO,2026-07-27,20,2026-07-26,18,26,20.544,-0.40935595881562153,-0.9123747579707273,11.881,14.8,8.001,0.43,896.219,-0.146,20.544,11.881,14.8,19.85,19.26,19.42,11.293,63.008,11.849,0.008639,8.001,1016.494,1005.378,1016.64,896.219,,1
SFO,2026-07-28,20,2026-07-27,18,26,21.192,-0.42500033996955394,-0.9051931898913975,13.17,14.618,8.268,0.218,893.92,-0.431,21.192,13.17,14.618,20.498,20.007,20.28,10.538,62.087,12.23,0.008891,8.268,1013.84,1002.765,1014.271,893.92,,1
SFO,2026-07-29,20,2026-07-28,18,26,20.932,-0.4405187843504948,-0.8977433935342338,14.038,15.229,7.66,-1.884,867.028,0.012,20.932,14.038,15.229,20.238,20.066,22.122,11.672,64.28,12.578,0.009086,7.66,1012.554,1001.493,1012.542,867.028,,1
SFO,2026-07-30,20,2026-07-29,18,26,21.653,-0.4559066935084586,-0.8900275764346768,10.236,12.833,11.155,-1.398,923.591,-0.472,21.653,10.236,12.833,20.959,23.208,22.357,13.537,54.006,9.804,0.007617,11.155,1014.401,1003.333,1014.873,923.591,,1
SFO,2026-07-31,20,2026-07-30,18,26,22.019,-0.47115950767386355,-0.8820480249558538,9.848,14.073,11.673,-2.05,933.28,-0.505,22.019,9.848,14.073,21.325,24.66,23.375,15.002,52.547,9.652,0.007505,11.673,1016.275,1005.2,1016.78,933.28,,1
