run_date,cycle,lead,field_key,stations,status,detail
2021-03-24,12,24,dswrf_to_lead,"EGLC,LFPG",OK,short_name=sdswrf units=W m**-2 startStep=18 endStep=24
2021-03-24,12,22,dswrf_to_lead_minus2,"EGLC,LFPG",OK,short_name=sdswrf units=W m**-2 startStep=18 endStep=22
2021-05-10,12,24,dswrf_to_lead,"EGLC,LFPG",OK,short_name=sdswrf units=W m**-2 startStep=18 endStep=24
2021-05-10,12,22,dswrf_to_lead_minus2,"EGLC,LFPG",OK,short_name=sdswrf units=W m**-2 startStep=18 endStep=22
2021-03-23,12,24,dswrf_to_lead,"EGLC,LFPG",OK,short_name=sdswrf units=W m**-2 startStep=18 endStep=24
2021-03-23,12,22,dswrf_to_lead_minus2,"EGLC,LFPG",OK,short_name=sdswrf units=W m**-2 startStep=18 endStep=22
2021-05-03,12,24,dswrf_to_lead,"EGLC,LFPG",OK,short_name=sdswrf units=W m**-2 startStep=18 endStep=24
2021-05-03,12,22,dswrf_to_lead_minus2,"EGLC,LFPG",OK,short_name=sdswrf units=W m**-2 startStep=18 endStep=22
2021-05-04,12,24,dswrf_to_lead,"EGLC,LFPG",OK,short_name=sdswrf units=W m**-2 startStep=18 endStep=24
2021-05-04,12,22,dswrf_to_lead_minus2,"EGLC,LFPG",OK,short_name=sdswrf units=W m**-2 startStep=18 endStep=22
2021-04-18,12,24,dswrf_to_lead,"EGLC,LFPG",OK,short_name=sdswrf units=W m**-2 startStep=18 endStep=24
2021-04-18,12,22,dswrf_to_lead_minus2,"EGLC,LFPG",OK,short_name=sdswrf units=W m**-2 startStep=18 endStep=22
2021-03-28,12,24,dswrf_to_lead,"EGLC,LFPG",OK,short_name=sdswrf units=W m**-2 startStep=18 endStep=24
2021-03-28,12,22,dswrf_to_lead_minus2,"EGLC,LFPG",OK,short_name=sdswrf units=W m**-2 startStep=18 endStep=22
2021-05-02,12,24,dswrf_to_lead,"EGLC,LFPG",OK,short_name=sdswrf units=W m**-2 startStep=18 endStep=24
2021-05-02,12,22,dswrf_to_lead_minus2,"EGLC,LFPG",OK,short_name=sdswrf units=W m**-2 startStep=18 endStep=22
2021-04-05,12,24,dswrf_to_lead,"EGLC,LFPG",OK,short_name=sdswrf units=W m**-2 startStep=18 endStep=24
2021-04-05,12,22,dswrf_to_lead_minus2,"EGLC,LFPG",OK,short_name=sdswrf units=W m**-2 startStep=18 endStep=22
2021-04-09,12,24,dswrf_to_lead,"EGLC,LFPG",OK,short_name=sdswrf units=W m**-2 startStep=18 endStep=24
2021-04-09,12,22,dswrf_to_lead_minus2,"EGLC,LFPG",OK,short_name=sdswrf units=W m**-2 startStep=18 endStep=22
2021-05-14,12,24,dswrf_to_lead,"EGLC,LFPG",OK,short_name=sdswrf units=W m**-2 startStep=18 endStep=24
2021-05-14,12,22,dswrf_to_lead_minus2,"EGLC,LFPG",OK,short_name=sdswrf units=W m**-2 startStep=18 endStep=22
2021-05-09,12,24,dswrf_to_lead,"EGLC,LFPG",OK,short_name=sdswrf units=W m**-2 startStep=18 endStep=24
2021-05-09,12,22,dswrf_to_lead_minus2,"EGLC,LFPG",OK,short_name=sdswrf units=W m**-2 startStep=18 endStep=22
2021-05-11,12,24,dswrf_to_lead,"EGLC,LFPG",OK,short_name=sdswrf units=W m**-2 startStep=18 endStep=24
2021-05-11,12,22,dswrf_to_lead_minus2,"EGLC,LFPG",OK,short_name=sdswrf units=W m**-2 startStep=18 endStep=22
2021-05-12,12,24,dswrf_to_lead,"EGLC,LFPG",OK,short_name=sdswrf units=W m**-2 startStep=18 endStep=24
2021-05-12,12,22,dswrf_to_lead_minus2,"EGLC,LFPG",OK,short_name=sdswrf units=W m**-2 startStep=18 endStep=22
2021-03-27,12,24,dswrf_to_lead,"EGLC,LFPG",OK,short_name=sdswrf units=W m**-2 startStep=18 endStep=24
2021-03-27,12,22,dswrf_to_lead_minus2,"EGLC,LFPG",OK,short_name=sdswrf units=W m**-2 startStep=18 endStep=22
2021-03-25,12,24,dswrf_to_lead,"EGLC,LFPG",OK,short_name=sdswrf units=W m**-2 startStep=18 endStep=24
2021-03-25,12,22,dswrf_to_lead_minus2,"EGLC,LFPG",OK,short_name=sdswrf units=W m**-2 startStep=18 endStep=22
2021-05-05,12,24,dswrf_to_lead,"EGLC,LFPG",OK,short_name=sdswrf units=W m**-2 startStep=18 endStep=24
2021-05-05,12,22,dswrf_to_lead_minus2,"EGLC,LFPG",OK,short_name=sdswrf units=W m**-2 startStep=18 endStep=22
2021-04-01,12,24,dswrf_to_lead,"EGLC,LFPG",OK,short_name=sdswrf units=W m**-2 startStep=18 endStep=24
2021-04-01,12,22,dswrf_to_lead_minus2,"EGLC,LFPG",OK,short_name=sdswrf units=W m**-2 startStep=18 endStep=22
2021-03-31,12,24,dswrf_to_lead,"EGLC,LFPG",OK,short_name=sdswrf units=W m**-2 startStep=18 endStep=24
2021-03-31,12,22,dswrf_to_lead_minus2,"EGLC,LFPG",OK,short_name=sdswrf units=W m**-2 startStep=18 endStep=22
2021-04-24,12,24,dswrf_to_lead,"EGLC,LFPG",OK,short_name=sdswrf units=W m**-2 startStep=18 endStep=24
2021-04-24,12,22,dswrf_to_lead_minus2,"EGLC,LFPG",OK,short_name=sdswrf units=W m**-2 startStep=18 endStep=22
2021-04-16,12,24,dswrf_to_lead,"EGLC,LFPG",OK,short_name=sdswrf units=W m**-2 startStep=18 endStep=24
2021-04-16,12,22,dswrf_to_lead_minus2,"EGLC,LFPG",OK,short_name=sdswrf units=W m**-2 startStep=18 endStep=22
2021-04-25,12,24,dswrf_to_lead,"EGLC,LFPG",OK,short_name=sdswrf units=W m**-2 startStep=18 endStep=24
2021-04-25,12,22,dswrf_to_lead_minus2,"EGLC,LFPG",OK,short_name=sdswrf units=W m**-2 startStep=18 endStep=22
2021-04-19,12,24,dswrf_to_lead,"EGLC,LFPG",OK,short_name=sdswrf units=W m**-2 startStep=18 endStep=24
2021-04-19,12,22,dswrf_to_lead_minus2,"EGLC,LFPG",OK,short_name=sdswrf units=W m**-2 startStep=18 endStep=22
2021-04-12,12,24,dswrf_to_lead,"EGLC,LFPG",OK,short_name=sdswrf units=W m**-2 startStep=18 endStep=24
2021-04-12,12,22,dswrf_to_lead_minus2,"EGLC,LFPG",OK,short_name=sdswrf units=W m**-2 startStep=18 endStep=22
2021-04-15,12,24,dswrf_to_lead,"EGLC,LFPG",OK,short_name=sdswrf units=W m**-2 startStep=18 endStep=24
2021-04-15,12,22,dswrf_to_lead_minus2,"EGLC,LFPG",OK,short_name=sdswrf units=W m**-2 startStep=18 endStep=22
2021-04-11,12,24,dswrf_to_lead,"EGLC,LFPG",OK,short_name=sdswrf units=W m**-2 startStep=18 endStep=24
2021-04-11,12,22,dswrf_to_lead_minus2,"EGLC,LFPG",OK,short_name=sdswrf units=W m**-2 startStep=18 endStep=22
2021-04-28,12,24,dswrf_to_lead,"EGLC,LFPG",OK,short_name=sdswrf units=W m**-2 startStep=18 endStep=24
2021-04-28,12,22,dswrf_to_lead_minus2,"EGLC,LFPG",OK,short_name=sdswrf units=W m**-2 startStep=18 endStep=22
2021-04-13,12,24,dswrf_to_lead,"EGLC,LFPG",OK,short_name=sdswrf units=W m**-2 startStep=18 endStep=24
2021-04-13,12,22,dswrf_to_lead_minus2,"EGLC,LFPG",OK,short_name=sdswrf units=W m**-2 startStep=18 endStep=22
2021-04-20,12,24,dswrf_to_lead,"EGLC,LFPG",OK,short_name=sdswrf units=W m**-2 startStep=18 endStep=24
2021-04-20,12,22,dswrf_to_lead_minus2,"EGLC,LFPG",OK,short_name=sdswrf units=W m**-2 startStep=18 endStep=22
2021-04-29,12,24,dswrf_to_lead,"EGLC,LFPG",OK,short_name=sdswrf units=W m**-2 startStep=18 endStep=24
2021-04-29,12,22,dswrf_to_lead_minus2,"EGLC,LFPG",OK,short_name=sdswrf units=W m**-2 startStep=18 endStep=22
2021-05-08,12,24,dswrf_to_lead,"EGLC,LFPG",OK,short_name=sdswrf units=W m**-2 startStep=18 endStep=24
2021-05-08,12,22,dswrf_to_lead_minus2,"EGLC,LFPG",OK,short_name=sdswrf units=W m**-2 startStep=18 endStep=22
2021-04-21,12,24,dswrf_to_lead,"EGLC,LFPG",OK,short_name=sdswrf units=W m**-2 startStep=18 endStep=24
2021-04-21,12,22,dswrf_to_lead_minus2,"EGLC,LFPG",OK,short_name=sdswrf units=W m**-2 startStep=18 endStep=22
2021-04-26,12,24,dswrf_to_lead,"EGLC,LFPG",OK,short_name=sdswrf units=W m**-2 startStep=18 endStep=24
2021-04-26,12,22,dswrf_to_lead_minus2,"EGLC,LFPG",OK,short_name=sdswrf units=W m**-2 startStep=18 endStep=22
2021-03-29,12,24,dswrf_to_lead,"EGLC,LFPG",OK,short_name=sdswrf units=W m**-2 startStep=18 endStep=24
2021-03-29,12,22,dswrf_to_lead_minus2,"EGLC,LFPG",OK,short_name=sdswrf units=W m**-2 startStep=18 endStep=22
2021-05-07,12,24,dswrf_to_lead,"EGLC,LFPG",OK,short_name=sdswrf units=W m**-2 startStep=18 endStep=24
2021-05-07,12,22,dswrf_to_lead_minus2,"EGLC,LFPG",OK,short_name=sdswrf units=W m**-2 startStep=18 endStep=22
2021-05-19,12,24,dswrf_to_lead,"EGLC,LFPG",OK,short_name=sdswrf units=W m**-2 startStep=18 endStep=24
2021-05-19,12,22,dswrf_to_lead_minus2,"EGLC,LFPG",OK,short_name=sdswrf units=W m**-2 startStep=18 endStep=22
2021-05-15,12,24,dswrf_to_lead,"EGLC,LFPG",OK,short_name=sdswrf units=W m**-2 startStep=18 endStep=24
2021-05-15,12,22,dswrf_to_lead_minus2,"EGLC,LFPG",OK,short_name=sdswrf units=W m**-2 startStep=18 endStep=22
2021-04-04,12,24,dswrf_to_lead,"EGLC,LFPG",OK,short_name=sdswrf units=W m**-2 startStep=18 endStep=24
2021-04-04,12,22,dswrf_to_lead_minus2,"EGLC,LFPG",OK,short_name=sdswrf units=W m**-2 startStep=18 endStep=22
2021-05-06,12,24,dswrf_to_lead,"EGLC,LFPG",OK,short_name=sdswrf units=W m**-2 startStep=18 endStep=24
2021-05-06,12,22,dswrf_to_lead_minus2,"EGLC,LFPG",OK,short_name=sdswrf units=W m**-2 startStep=18 endStep=22
2021-04-02,12,24,dswrf_to_lead,"EGLC,LFPG",OK,short_name=sdswrf units=W m**-2 startStep=18 endStep=24
2021-04-02,12,22,dswrf_to_lead_minus2,"EGLC,LFPG",OK,short_name=sdswrf units=W m**-2 startStep=18 endStep=22
2021-04-17,12,24,dswrf_to_lead,"EGLC,LFPG",OK,short_name=sdswrf units=W m**-2 startStep=18 endStep=24
2021-04-17,12,22,dswrf_to_lead_minus2,"EGLC,LFPG",OK,short_name=sdswrf units=W m**-2 startStep=18 endStep=22
2021-04-08,12,24,dswrf_to_lead,"EGLC,LFPG",OK,short_name=sdswrf units=W m**-2 startStep=18 endStep=24
2021-04-08,12,22,dswrf_to_lead_minus2,"EGLC,LFPG",OK,short_name=sdswrf units=W m**-2 startStep=18 endStep=22
2021-04-22,12,24,dswrf_to_lead,"EGLC,LFPG",OK,short_name=sdswrf units=W m**-2 startStep=18 endStep=24
2021-04-22,12,22,dswrf_to_lead_minus2,"EGLC,LFPG",OK,short_name=sdswrf units=W m**-2 startStep=18 endStep=22
2021-04-03,12,24,dswrf_to_lead,"EGLC,LFPG",OK,short_name=sdswrf units=W m**-2 startStep=18 endStep=24
2021-04-03,12,22,dswrf_to_lead_minus2,"EGLC,LFPG",OK,short_name=sdswrf units=W m**-2 startStep=18 endStep=22
2021-04-10,12,24,dswrf_to_lead,"EGLC,LFPG",OK,short_name=sdswrf units=W m**-2 startStep=18 endStep=24
2021-04-10,12,22,dswrf_to_lead_minus2,"EGLC,LFPG",OK,short_name=sdswrf units=W m**-2 startStep=18 endStep=22
2021-03-26,12,24,dswrf_to_lead,"EGLC,LFPG",OK,short_name=sdswrf units=W m**-2 startStep=18 endStep=24
2021-03-26,12,22,dswrf_to_lead_minus2,"EGLC,LFPG",OK,short_name=sdswrf units=W m**-2 startStep=18 endStep=22
2021-05-20,12,24,dswrf_to_lead,"EGLC,LFPG",OK,short_name=sdswrf units=W m**-2 startStep=18 endStep=24
2021-05-20,12,22,dswrf_to_lead_minus2,"EGLC,LFPG",OK,short_name=sdswrf units=W m**-2 startStep=18 endStep=22
2021-05-28,12,24,dswrf_to_lead,"EGLC,LFPG",OK,short_name=sdswrf units=W m**-2 startStep=18 endStep=24
2021-05-28,12,22,dswrf_to_lead_minus2,"EGLC,LFPG",OK,short_name=sdswrf units=W m**-2 startStep=18 endStep=22
2021-04-27,12,24,dswrf_to_lead,"EGLC,LFPG",OK,short_name=sdswrf units=W m**-2 startStep=18 endStep=24
2021-04-27,12,22,dswrf_to_lead_minus2,"EGLC,LFPG",OK,short_name=sdswrf units=W m**-2 startStep=18 endStep=22
2021-04-14,12,24,dswrf_to_lead,"EGLC,LFPG",OK,short_name=sdswrf units=W m**-2 startStep=18 endStep=24
2021-04-14,12,22,dswrf_to_lead_minus2,"EGLC,LFPG",OK,short_name=sdswrf units=W m**-2 startStep=18 endStep=22
2021-05-17,12,24,dswrf_to_lead,"EGLC,LFPG",OK,short_name=sdswrf units=W m**-2 startStep=18 endStep=24
2021-05-17,12,22,dswrf_to_lead_minus2,"EGLC,LFPG",OK,short_name=sdswrf units=W m**-2 startStep=18 endStep=22
2021-05-13,12,24,dswrf_to_lead,"EGLC,LFPG",OK,short_name=sdswrf units=W m**-2 startStep=18 endStep=24
2021-05-13,12,22,dswrf_to_lead_minus2,"EGLC,LFPG",OK,short_name=sdswrf units=W m**-2 startStep=18 endStep=22
2021-03-30,12,24,dswrf_to_lead,"EGLC,LFPG",OK,short_name=sdswrf units=W m**-2 startStep=18 endStep=24
2021-03-30,12,22,dswrf_to_lead_minus2,"EGLC,LFPG",OK,short_name=sdswrf units=W m**-2 startStep=18 endStep=22
2021-04-06,12,24,dswrf_to_lead,"EGLC,LFPG",OK,short_name=sdswrf units=W m**-2 startStep=18 endStep=24
2021-04-06,12,22,dswrf_to_lead_minus2,"EGLC,LFPG",OK,short_name=sdswrf units=W m**-2 startStep=18 endStep=22
2021-04-23,12,24,dswrf_to_lead,"EGLC,LFPG",OK,short_name=sdswrf units=W m**-2 startStep=18 endStep=24
2021-04-23,12,22,dswrf_to_lead_minus2,"EGLC,LFPG",OK,short_name=sdswrf units=W m**-2 startStep=18 endStep=22
2021-04-30,12,24,dswrf_to_lead,"EGLC,LFPG",OK,short_name=sdswrf units=W m**-2 startStep=18 endStep=24
2021-04-30,12,22,dswrf_to_lead_minus2,"EGLC,LFPG",OK,short_name=sdswrf units=W m**-2 startStep=18 endStep=22
2021-04-07,12,24,dswrf_to_lead,"EGLC,LFPG",OK,short_name=sdswrf units=W m**-2 startStep=18 endStep=24
2021-04-07,12,22,dswrf_to_lead_minus2,"EGLC,LFPG",OK,short_name=sdswrf units=W m**-2 startStep=18 endStep=22
2021-06-04,12,24,dswrf_to_lead,"EGLC,LFPG",OK,short_name=sdswrf units=W m**-2 startStep=18 endStep=24
2021-06-04,12,22,dswrf_to_lead_minus2,"EGLC,LFPG",OK,short_name=sdswrf units=W m**-2 startStep=18 endStep=22
2021-06-01,12,24,dswrf_to_lead,"EGLC,LFPG",OK,short_name=sdswrf units=W m**-2 startStep=18 endStep=24
2021-06-01,12,22,dswrf_to_lead_minus2,"EGLC,LFPG",OK,short_name=sdswrf units=W m**-2 startStep=18 endStep=22
2021-05-31,12,24,dswrf_to_lead,"EGLC,LFPG",OK,short_name=sdswrf units=W m**-2 startStep=18 endStep=24
2021-05-31,12,22,dswrf_to_lead_minus2,"EGLC,LFPG",OK,short_name=sdswrf units=W m**-2 startStep=18 endStep=22
2021-05-16,12,24,dswrf_to_lead,"EGLC,LFPG",OK,short_name=sdswrf units=W m**-2 startStep=18 endStep=24
2021-05-16,12,22,dswrf_to_lead_minus2,"EGLC,LFPG",OK,short_name=sdswrf units=W m**-2 startStep=18 endStep=22
2021-06-17,12,24,dswrf_to_lead,"EGLC,LFPG",OK,short_name=sdswrf units=W m**-2 startStep=18 endStep=24
2021-06-17,12,22,dswrf_to_lead_minus2,"EGLC,LFPG",OK,short_name=sdswrf units=W m**-2 startStep=18 endStep=22
2021-05-21,12,24,dswrf_to_lead,"EGLC,LFPG",OK,short_name=sdswrf units=W m**-2 startStep=18 endStep=24
2021-05-21,12,22,dswrf_to_lead_minus2,"EGLC,LFPG",OK,short_name=sdswrf units=W m**-2 startStep=18 endStep=22
2021-05-27,12,24,dswrf_to_lead,"EGLC,LFPG",OK,short_name=sdswrf units=W m**-2 startStep=18 endStep=24
2021-05-27,12,22,dswrf_to_lead_minus2,"EGLC,LFPG",OK,short_name=sdswrf units=W m**-2 startStep=18 endStep=22
2021-05-25,12,24,dswrf_to_lead,"EGLC,LFPG",OK,short_name=sdswrf units=W m**-2 startStep=18 endStep=24
2021-05-25,12,22,dswrf_to_lead_minus2,"EGLC,LFPG",OK,short_name=sdswrf units=W m**-2 startStep=18 endStep=22
2021-05-22,12,24,dswrf_to_lead,"EGLC,LFPG",OK,short_name=sdswrf units=W m**-2 startStep=18 endStep=24
2021-05-22,12,22,dswrf_to_lead_minus2,"EGLC,LFPG",OK,short_name=sdswrf units=W m**-2 startStep=18 endStep=22
2021-06-10,12,24,dswrf_to_lead,"EGLC,LFPG",OK,short_name=sdswrf units=W m**-2 startStep=18 endStep=24
2021-06-10,12,22,dswrf_to_lead_minus2,"EGLC,LFPG",OK,short_name=sdswrf units=W m**-2 startStep=18 endStep=22
2021-06-20,12,24,dswrf_to_lead,"EGLC,LFPG",OK,short_name=sdswrf units=W m**-2 startStep=18 endStep=24
2021-06-20,12,22,dswrf_to_lead_minus2,"EGLC,LFPG",OK,short_name=sdswrf units=W m**-2 startStep=18 endStep=22
2021-05-24,12,24,dswrf_to_lead,"EGLC,LFPG",OK,short_name=sdswrf units=W m**-2 startStep=18 endStep=24
2021-05-24,12,22,dswrf_to_lead_minus2,"EGLC,LFPG",OK,short_name=sdswrf units=W m**-2 startStep=18 endStep=22
2021-06-12,12,24,dswrf_to_lead,"EGLC,LFPG",OK,short_name=sdswrf units=W m**-2 startStep=18 endStep=24
2021-06-12,12,22,dswrf_to_lead_minus2,"EGLC,LFPG",OK,short_name=sdswrf units=W m**-2 startStep=18 endStep=22
2021-07-01,12,24,dswrf_to_lead,"EGLC,LFPG",OK,short_name=sdswrf units=W m**-2 startStep=18 endStep=24
2021-07-01,12,22,dswrf_to_lead_minus2,"EGLC,LFPG",OK,short_name=sdswrf units=W m**-2 startStep=18 endStep=22
2021-06-07,12,24,dswrf_to_lead,"EGLC,LFPG",OK,short_name=sdswrf units=W m**-2 startStep=18 endStep=24
2021-06-07,12,22,dswrf_to_lead_minus2,"EGLC,LFPG",OK,short_name=sdswrf units=W m**-2 startStep=18 endStep=22
2021-05-26,12,24,dswrf_to_lead,"EGLC,LFPG",OK,short_name=sdswrf units=W m**-2 startStep=18 endStep=24
2021-05-26,12,22,dswrf_to_lead_minus2,"EGLC,LFPG",OK,short_name=sdswrf units=W m**-2 startStep=18 endStep=22
2021-06-23,12,24,dswrf_to_lead,"EGLC,LFPG",OK,short_name=sdswrf units=W m**-2 startStep=18 endStep=24
2021-06-23,12,22,dswrf_to_lead_minus2,"EGLC,LFPG",OK,short_name=sdswrf units=W m**-2 startStep=18 endStep=22
2021-06-05,12,24,dswrf_to_lead,"EGLC,LFPG",OK,short_name=sdswrf units=W m**-2 startStep=18 endStep=24
2021-06-05,12,22,dswrf_to_lead_minus2,"EGLC,LFPG",OK,short_name=sdswrf units=W m**-2 startStep=18 endStep=22
2021-05-18,12,24,dswrf_to_lead,"EGLC,LFPG",OK,short_name=sdswrf units=W m**-2 startStep=18 endStep=24
2021-05-18,12,22,dswrf_to_lead_minus2,"EGLC,LFPG",OK,short_name=sdswrf units=W m**-2 startStep=18 endStep=22
2021-06-02,12,24,dswrf_to_lead,"EGLC,LFPG",OK,short_name=sdswrf units=W m**-2 startStep=18 endStep=24
2021-06-02,12,22,dswrf_to_lead_minus2,"EGLC,LFPG",OK,short_name=sdswrf units=W m**-2 startStep=18 endStep=22
2021-05-01,12,24,dswrf_to_lead,"EGLC,LFPG",OK,short_name=sdswrf units=W m**-2 startStep=18 endStep=24
2021-05-01,12,22,dswrf_to_lead_minus2,"EGLC,LFPG",OK,short_name=sdswrf units=W m**-2 startStep=18 endStep=22
2021-06-21,12,24,dswrf_to_lead,"EGLC,LFPG",OK,short_name=sdswrf units=W m**-2 startStep=18 endStep=24
2021-06-21,12,22,dswrf_to_lead_minus2,"EGLC,LFPG",OK,short_name=sdswrf units=W m**-2 startStep=18 endStep=22
2021-06-30,12,24,dswrf_to_lead,"EGLC,LFPG",OK,short_name=sdswrf units=W m**-2 startStep=18 endStep=24
2021-06-30,12,22,dswrf_to_lead_minus2,"EGLC,LFPG",OK,short_name=sdswrf units=W m**-2 startStep=18 endStep=22
2021-05-23,12,24,dswrf_to_lead,"EGLC,LFPG",OK,short_name=sdswrf units=W m**-2 startStep=18 endStep=24
2021-05-23,12,22,dswrf_to_lead_minus2,"EGLC,LFPG",OK,short_name=sdswrf units=W m**-2 startStep=18 endStep=22
2021-06-11,12,24,dswrf_to_lead,"EGLC,LFPG",OK,short_name=sdswrf units=W m**-2 startStep=18 endStep=24
2021-06-11,12,22,dswrf_to_lead_minus2,"EGLC,LFPG",OK,short_name=sdswrf units=W m**-2 startStep=18 endStep=22
2021-06-27,12,24,dswrf_to_lead,"EGLC,LFPG",OK,short_name=sdswrf units=W m**-2 startStep=18 endStep=24
2021-06-27,12,22,dswrf_to_lead_minus2,"EGLC,LFPG",OK,short_name=sdswrf units=W m**-2 startStep=18 endStep=22
2021-06-24,12,24,dswrf_to_lead,"EGLC,LFPG",OK,short_name=sdswrf units=W m**-2 startStep=18 endStep=24
2021-06-24,12,22,dswrf_to_lead_minus2,"EGLC,LFPG",OK,short_name=sdswrf units=W m**-2 startStep=18 endStep=22
2021-07-15,12,24,dswrf_to_lead,"EGLC,LFPG",OK,short_name=sdswrf units=W m**-2 startStep=18 endStep=24
2021-07-15,12,22,dswrf_to_lead_minus2,"EGLC,LFPG",OK,short_name=sdswrf units=W m**-2 startStep=18 endStep=22
2021-06-09,12,24,dswrf_to_lead,"EGLC,LFPG",OK,short_name=sdswrf units=W m**-2 startStep=18 endStep=24
2021-06-09,12,22,dswrf_to_lead_minus2,"EGLC,LFPG",OK,short_name=sdswrf units=W m**-2 startStep=18 endStep=22
2021-05-30,12,24,dswrf_to_lead,"EGLC,LFPG",OK,short_name=sdswrf units=W m**-2 startStep=18 endStep=24
2021-05-30,12,22,dswrf_to_lead_minus2,"EGLC,LFPG",OK,short_name=sdswrf units=W m**-2 startStep=18 endStep=22
2021-06-16,12,24,dswrf_to_lead,"EGLC,LFPG",OK,short_name=sdswrf units=W m**-2 startStep=18 endStep=24
2021-06-16,12,22,dswrf_to_lead_minus2,"EGLC,LFPG",OK,short_name=sdswrf units=W m**-2 startStep=18 endStep=22
2021-06-29,12,24,dswrf_to_lead,"EGLC,LFPG",OK,short_name=sdswrf units=W m**-2 startStep=18 endStep=24
2021-06-29,12,22,dswrf_to_lead_minus2,"EGLC,LFPG",OK,short_name=sdswrf units=W m**-2 startStep=18 endStep=22
2021-07-10,12,24,dswrf_to_lead,"EGLC,LFPG",OK,short_name=sdswrf units=W m**-2 startStep=18 endStep=24
2021-07-10,12,22,dswrf_to_lead_minus2,"EGLC,LFPG",OK,short_name=sdswrf units=W m**-2 startStep=18 endStep=22
2021-05-29,12,24,dswrf_to_lead,"EGLC,LFPG",OK,short_name=sdswrf units=W m**-2 startStep=18 endStep=24
2021-05-29,12,22,dswrf_to_lead_minus2,"EGLC,LFPG",OK,short_name=sdswrf units=W m**-2 startStep=18 endStep=22
2021-06-22,12,24,dswrf_to_lead,"EGLC,LFPG",OK,short_name=sdswrf units=W m**-2 startStep=18 endStep=24
2021-06-22,12,22,dswrf_to_lead_minus2,"EGLC,LFPG",OK,short_name=sdswrf units=W m**-2 startStep=18 endStep=22
2021-07-12,12,24,dswrf_to_lead,"EGLC,LFPG",OK,short_name=sdswrf units=W m**-2 startStep=18 endStep=24
2021-07-12,12,22,dswrf_to_lead_minus2,"EGLC,LFPG",OK,short_name=sdswrf units=W m**-2 startStep=18 endStep=22
2021-06-18,12,24,dswrf_to_lead,"EGLC,LFPG",OK,short_name=sdswrf units=W m**-2 startStep=18 endStep=24
2021-06-18,12,22,dswrf_to_lead_minus2,"EGLC,LFPG",OK,short_name=sdswrf units=W m**-2 startStep=18 endStep=22
2021-06-03,12,24,dswrf_to_lead,"EGLC,LFPG",OK,short_name=sdswrf units=W m**-2 startStep=18 endStep=24
2021-06-03,12,22,dswrf_to_lead_minus2,"EGLC,LFPG",OK,short_name=sdswrf units=W m**-2 startStep=18 endStep=22
2021-07-05,12,24,dswrf_to_lead,"EGLC,LFPG",OK,short_name=sdswrf units=W m**-2 startStep=18 endStep=24
2021-07-05,12,22,dswrf_to_lead_minus2,"EGLC,LFPG",OK,short_name=sdswrf units=W m**-2 startStep=18 endStep=22
2021-07-20,12,24,dswrf_to_lead,"EGLC,LFPG",OK,short_name=sdswrf units=W m**-2 startStep=18 endStep=24
2021-07-20,12,22,dswrf_to_lead_minus2,"EGLC,LFPG",OK,short_name=sdswrf units=W m**-2 startStep=18 endStep=22
2021-07-18,12,24,dswrf_to_lead,"EGLC,LFPG",OK,short_name=sdswrf units=W m**-2 startStep=18 endStep=24
2021-07-18,12,22,dswrf_to_lead_minus2,"EGLC,LFPG",OK,short_name=sdswrf units=W m**-2 startStep=18 endStep=22
2021-07-16,12,24,dswrf_to_lead,"EGLC,LFPG",OK,short_name=sdswrf units=W m**-2 startStep=18 endStep=24
2021-07-16,12,22,dswrf_to_lead_minus2,"EGLC,LFPG",OK,short_name=sdswrf units=W m**-2 startStep=18 endStep=22
2021-06-14,12,24,dswrf_to_lead,"EGLC,LFPG",OK,short_name=sdswrf units=W m**-2 startStep=18 endStep=24
2021-06-14,12,22,dswrf_to_lead_minus2,"EGLC,LFPG",OK,short_name=sdswrf units=W m**-2 startStep=18 endStep=22
2021-07-09,12,24,dswrf_to_lead,"EGLC,LFPG",OK,short_name=sdswrf units=W m**-2 startStep=18 endStep=24
2021-07-09,12,22,dswrf_to_lead_minus2,"EGLC,LFPG",OK,short_name=sdswrf units=W m**-2 startStep=18 endStep=22
2021-07-23,12,24,dswrf_to_lead,"EGLC,LFPG",OK,short_name=sdswrf units=W m**-2 startStep=18 endStep=24
2021-07-23,12,22,dswrf_to_lead_minus2,"EGLC,LFPG",OK,short_name=sdswrf units=W m**-2 startStep=18 endStep=22
2021-07-19,12,24,dswrf_to_lead,"EGLC,LFPG",OK,short_name=sdswrf units=W m**-2 startStep=18 endStep=24
2021-07-19,12,22,dswrf_to_lead_minus2,"EGLC,LFPG",OK,short_name=sdswrf units=W m**-2 startStep=18 endStep=22
2021-06-08,12,24,dswrf_to_lead,"EGLC,LFPG",OK,short_name=sdswrf units=W m**-2 startStep=18 endStep=24
2021-06-08,12,22,dswrf_to_lead_minus2,"EGLC,LFPG",OK,short_name=sdswrf units=W m**-2 startStep=18 endStep=22
2021-06-26,12,24,dswrf_to_lead,"EGLC,LFPG",OK,short_name=sdswrf units=W m**-2 startStep=18 endStep=24
2021-06-26,12,22,dswrf_to_lead_minus2,"EGLC,LFPG",OK,short_name=sdswrf units=W m**-2 startStep=18 endStep=22
2021-07-21,12,24,dswrf_to_lead,"EGLC,LFPG",OK,short_name=sdswrf units=W m**-2 startStep=18 endStep=24
2021-07-21,12,22,dswrf_to_lead_minus2,"EGLC,LFPG",OK,short_name=sdswrf units=W m**-2 startStep=18 endStep=22
2021-07-08,12,24,dswrf_to_lead,"EGLC,LFPG",OK,short_name=sdswrf units=W m**-2 startStep=18 endStep=24
2021-07-08,12,22,dswrf_to_lead_minus2,"EGLC,LFPG",OK,short_name=sdswrf units=W m**-2 startStep=18 endStep=22
2021-06-13,12,24,dswrf_to_lead,"EGLC,LFPG",OK,short_name=sdswrf units=W m**-2 startStep=18 endStep=24
2021-06-13,12,22,dswrf_to_lead_minus2,"EGLC,LFPG",OK,short_name=sdswrf units=W m**-2 startStep=18 endStep=22
2021-07-11,12,24,dswrf_to_lead,"EGLC,LFPG",OK,short_name=sdswrf units=W m**-2 startStep=18 endStep=24
2021-07-11,12,22,dswrf_to_lead_minus2,"EGLC,LFPG",OK,short_name=sdswrf units=W m**-2 startStep=18 endStep=22
2021-07-17,12,24,dswrf_to_lead,"EGLC,LFPG",OK,short_name=sdswrf units=W m**-2 startStep=18 endStep=24
2021-07-17,12,22,dswrf_to_lead_minus2,"EGLC,LFPG",OK,short_name=sdswrf units=W m**-2 startStep=18 endStep=22
2021-07-14,12,24,dswrf_to_lead,"EGLC,LFPG",OK,short_name=sdswrf units=W m**-2 startStep=18 endStep=24
2021-07-14,12,22,dswrf_to_lead_minus2,"EGLC,LFPG",OK,short_name=sdswrf units=W m**-2 startStep=18 endStep=22
2021-06-25,12,24,dswrf_to_lead,"EGLC,LFPG",OK,short_name=sdswrf units=W m**-2 startStep=18 endStep=24
2021-06-25,12,22,dswrf_to_lead_minus2,"EGLC,LFPG",OK,short_name=sdswrf units=W m**-2 startStep=18 endStep=22
2021-07-03,12,24,dswrf_to_lead,"EGLC,LFPG",OK,short_name=sdswrf units=W m**-2 startStep=18 endStep=24
2021-07-03,12,22,dswrf_to_lead_minus2,"EGLC,LFPG",OK,short_name=sdswrf units=W m**-2 startStep=18 endStep=22
2021-06-15,12,24,dswrf_to_lead,"EGLC,LFPG",OK,short_name=sdswrf units=W m**-2 startStep=18 endStep=24
2021-06-15,12,22,dswrf_to_lead_minus2,"EGLC,LFPG",OK,short_name=sdswrf units=W m**-2 startStep=18 endStep=22
2021-06-28,12,24,dswrf_to_lead,"EGLC,LFPG",OK,short_name=sdswrf units=W m**-2 startStep=18 endStep=24
2021-06-28,12,22,dswrf_to_lead_minus2,"EGLC,LFPG",OK,short_name=sdswrf units=W m**-2 startStep=18 endStep=22
2021-07-06,12,24,dswrf_to_lead,"EGLC,LFPG",OK,short_name=sdswrf units=W m**-2 startStep=18 endStep=24
2021-07-06,12,22,dswrf_to_lead_minus2,"EGLC,LFPG",OK,short_name=sdswrf units=W m**-2 startStep=18 endStep=22
2021-07-24,12,24,dswrf_to_lead,"EGLC,LFPG",OK,short_name=sdswrf units=W m**-2 startStep=18 endStep=24
2021-07-24,12,22,dswrf_to_lead_minus2,"EGLC,LFPG",OK,short_name=sdswrf units=W m**-2 startStep=18 endStep=22
2021-07-26,12,24,dswrf_to_lead,"EGLC,LFPG",OK,short_name=sdswrf units=W m**-2 startStep=18 endStep=24
2021-07-26,12,22,dswrf_to_lead_minus2,"EGLC,LFPG",OK,short_name=sdswrf units=W m**-2 startStep=18 endStep=22
2021-08-04,12,24,dswrf_to_lead,"EGLC,LFPG",OK,short_name=sdswrf units=W m**-2 startStep=18 endStep=24
2021-08-04,12,22,dswrf_to_lead_minus2,"EGLC,LFPG",OK,short_name=sdswrf units=W m**-2 startStep=18 endStep=22
2021-07-22,12,24,dswrf_to_lead,"EGLC,LFPG",OK,short_name=sdswrf units=W m**-2 startStep=18 endStep=24
2021-07-22,12,22,dswrf_to_lead_minus2,"EGLC,LFPG",OK,short_name=sdswrf units=W m**-2 startStep=18 endStep=22
2021-08-03,12,24,dswrf_to_lead,"EGLC,LFPG",OK,short_name=sdswrf units=W m**-2 startStep=18 endStep=24
2021-08-03,12,22,dswrf_to_lead_minus2,"EGLC,LFPG",OK,short_name=sdswrf units=W m**-2 startStep=18 endStep=22
2021-06-19,12,24,dswrf_to_lead,"EGLC,LFPG",OK,short_name=sdswrf units=W m**-2 startStep=18 endStep=24
2021-06-19,12,22,dswrf_to_lead_minus2,"EGLC,LFPG",OK,short_name=sdswrf units=W m**-2 startStep=18 endStep=22
2021-07-27,12,24,dswrf_to_lead,"EGLC,LFPG",OK,short_name=sdswrf units=W m**-2 startStep=18 endStep=24
2021-07-27,12,22,dswrf_to_lead_minus2,"EGLC,LFPG",OK,short_name=sdswrf units=W m**-2 startStep=18 endStep=22
2021-07-02,12,24,dswrf_to_lead,"EGLC,LFPG",OK,short_name=sdswrf units=W m**-2 startStep=18 endStep=24
2021-07-02,12,22,dswrf_to_lead_minus2,"EGLC,LFPG",OK,short_name=sdswrf units=W m**-2 startStep=18 endStep=22
2021-08-01,12,24,dswrf_to_lead,"EGLC,LFPG",OK,short_name=sdswrf units=W m**-2 startStep=18 endStep=24
2021-08-01,12,22,dswrf_to_lead_minus2,"EGLC,LFPG",OK,short_name=sdswrf units=W m**-2 startStep=18 endStep=22
2021-08-06,12,24,dswrf_to_lead,"EGLC,LFPG",OK,short_name=sdswrf units=W m**-2 startStep=18 endStep=24
2021-08-06,12,22,dswrf_to_lead_minus2,"EGLC,LFPG",OK,short_name=sdswrf units=W m**-2 startStep=18 endStep=22
2021-07-29,12,24,dswrf_to_lead,"EGLC,LFPG",OK,short_name=sdswrf units=W m**-2 startStep=18 endStep=24
2021-07-29,12,22,dswrf_to_lead_minus2,"EGLC,LFPG",OK,short_name=sdswrf units=W m**-2 startStep=18 endStep=22
2021-08-05,12,24,dswrf_to_lead,"EGLC,LFPG",OK,short_name=sdswrf units=W m**-2 startStep=18 endStep=24
2021-08-05,12,22,dswrf_to_lead_minus2,"EGLC,LFPG",OK,short_name=sdswrf units=W m**-2 startStep=18 endStep=22
2021-07-25,12,24,dswrf_to_lead,"EGLC,LFPG",OK,short_name=sdswrf units=W m**-2 startStep=18 endStep=24
2021-07-25,12,22,dswrf_to_lead_minus2,"EGLC,LFPG",OK,short_name=sdswrf units=W m**-2 startStep=18 endStep=22
2021-08-21,12,24,dswrf_to_lead,"EGLC,LFPG",OK,short_name=sdswrf units=W m**-2 startStep=18 endStep=24
2021-08-21,12,22,dswrf_to_lead_minus2,"EGLC,LFPG",OK,short_name=sdswrf units=W m**-2 startStep=18 endStep=22
2021-08-22,12,24,dswrf_to_lead,"EGLC,LFPG",OK,short_name=sdswrf units=W m**-2 startStep=18 endStep=24
2021-08-22,12,22,dswrf_to_lead_minus2,"EGLC,LFPG",OK,short_name=sdswrf units=W m**-2 startStep=18 endStep=22
2021-08-13,12,24,dswrf_to_lead,"EGLC,LFPG",OK,short_name=sdswrf units=W m**-2 startStep=18 endStep=24
2021-08-13,12,22,dswrf_to_lead_minus2,"EGLC,LFPG",OK,short_name=sdswrf units=W m**-2 startStep=18 endStep=22
2021-08-31,12,24,dswrf_to_lead,"EGLC,LFPG",OK,short_name=sdswrf units=W m**-2 startStep=18 endStep=24
2021-08-31,12,22,dswrf_to_lead_minus2,"EGLC,LFPG",OK,short_name=sdswrf units=W m**-2 startStep=18 endStep=22
2021-08-20,12,24,dswrf_to_lead,"EGLC,LFPG",OK,short_name=sdswrf units=W m**-2 startStep=18 endStep=24
2021-08-20,12,22,dswrf_to_lead_minus2,"EGLC,LFPG",OK,short_name=sdswrf units=W m**-2 startStep=18 endStep=22
2021-08-11,12,24,dswrf_to_lead,"EGLC,LFPG",OK,short_name=sdswrf units=W m**-2 startStep=18 endStep=24
2021-08-11,12,22,dswrf_to_lead_minus2,"EGLC,LFPG",OK,short_name=sdswrf units=W m**-2 startStep=18 endStep=22
2021-07-07,12,24,dswrf_to_lead,"EGLC,LFPG",OK,short_name=sdswrf units=W m**-2 startStep=18 endStep=24
2021-07-07,12,22,dswrf_to_lead_minus2,"EGLC,LFPG",OK,short_name=sdswrf units=W m**-2 startStep=18 endStep=22
2021-08-27,12,24,dswrf_to_lead,"EGLC,LFPG",OK,short_name=sdswrf units=W m**-2 startStep=18 endStep=24
2021-08-27,12,22,dswrf_to_lead_minus2,"EGLC,LFPG",OK,short_name=sdswrf units=W m**-2 startStep=18 endStep=22
2021-07-04,12,24,dswrf_to_lead,"EGLC,LFPG",OK,short_name=sdswrf units=W m**-2 startStep=18 endStep=24
2021-07-04,12,22,dswrf_to_lead_minus2,"EGLC,LFPG",OK,short_name=sdswrf units=W m**-2 startStep=18 endStep=22
2021-07-28,12,24,dswrf_to_lead,"EGLC,LFPG",OK,short_name=sdswrf units=W m**-2 startStep=18 endStep=24
2021-07-28,12,22,dswrf_to_lead_minus2,"EGLC,LFPG",OK,short_name=sdswrf units=W m**-2 startStep=18 endStep=22
2021-08-07,12,24,dswrf_to_lead,"EGLC,LFPG",OK,short_name=sdswrf units=W m**-2 startStep=18 endStep=24
2021-08-07,12,22,dswrf_to_lead_minus2,"EGLC,LFPG",OK,short_name=sdswrf units=W m**-2 startStep=18 endStep=22
2021-08-12,12,24,dswrf_to_lead,"EGLC,LFPG",OK,short_name=sdswrf units=W m**-2 startStep=18 endStep=24
2021-08-12,12,22,dswrf_to_lead_minus2,"EGLC,LFPG",OK,short_name=sdswrf units=W m**-2 startStep=18 endStep=22
2021-09-01,12,24,dswrf_to_lead,"EGLC,LFPG",OK,short_name=sdswrf units=W m**-2 startStep=18 endStep=24
2021-09-01,12,22,dswrf_to_lead_minus2,"EGLC,LFPG",OK,short_name=sdswrf units=W m**-2 startStep=18 endStep=22
2021-08-28,12,24,dswrf_to_lead,"EGLC,LFPG",OK,short_name=sdswrf units=W m**-2 startStep=18 endStep=24
2021-08-28,12,22,dswrf_to_lead_minus2,"EGLC,LFPG",OK,short_name=sdswrf units=W m**-2 startStep=18 endStep=22
2021-06-06,12,24,dswrf_to_lead,"EGLC,LFPG",OK,short_name=sdswrf units=W m**-2 startStep=18 endStep=24
2021-06-06,12,22,dswrf_to_lead_minus2,"EGLC,LFPG",OK,short_name=sdswrf units=W m**-2 startStep=18 endStep=22
2021-08-10,12,24,dswrf_to_lead,"EGLC,LFPG",OK,short_name=sdswrf units=W m**-2 startStep=18 endStep=24
2021-08-10,12,22,dswrf_to_lead_minus2,"EGLC,LFPG",OK,short_name=sdswrf units=W m**-2 startStep=18 endStep=22
2021-08-19,12,24,dswrf_to_lead,"EGLC,LFPG",OK,short_name=sdswrf units=W m**-2 startStep=18 endStep=24
2021-08-19,12,22,dswrf_to_lead_minus2,"EGLC,LFPG",OK,short_name=sdswrf units=W m**-2 startStep=18 endStep=22
2021-08-15,12,24,dswrf_to_lead,"EGLC,LFPG",OK,short_name=sdswrf units=W m**-2 startStep=18 endStep=24
2021-08-15,12,22,dswrf_to_lead_minus2,"EGLC,LFPG",OK,short_name=sdswrf units=W m**-2 startStep=18 endStep=22
2021-07-13,12,24,dswrf_to_lead,"EGLC,LFPG",OK,short_name=sdswrf units=W m**-2 startStep=18 endStep=24
2021-07-13,12,22,dswrf_to_lead_minus2,"EGLC,LFPG",OK,short_name=sdswrf units=W m**-2 startStep=18 endStep=22
2021-09-13,12,24,dswrf_to_lead,"EGLC,LFPG",OK,short_name=sdswrf units=W m**-2 startStep=18 endStep=24
2021-09-13,12,22,dswrf_to_lead_minus2,"EGLC,LFPG",OK,short_name=sdswrf units=W m**-2 startStep=18 endStep=22
2021-08-14,12,24,dswrf_to_lead,"EGLC,LFPG",OK,short_name=sdswrf units=W m**-2 startStep=18 endStep=24
2021-08-14,12,22,dswrf_to_lead_minus2,"EGLC,LFPG",OK,short_name=sdswrf units=W m**-2 startStep=18 endStep=22
2021-08-29,12,24,dswrf_to_lead,"EGLC,LFPG",OK,short_name=sdswrf units=W m**-2 startStep=18 endStep=24
2021-08-29,12,22,dswrf_to_lead_minus2,"EGLC,LFPG",OK,short_name=sdswrf units=W m**-2 startStep=18 endStep=22
2021-09-03,12,24,dswrf_to_lead,"EGLC,LFPG",OK,short_name=sdswrf units=W m**-2 startStep=18 endStep=24
2021-09-03,12,22,dswrf_to_lead_minus2,"EGLC,LFPG",OK,short_name=sdswrf units=W m**-2 startStep=18 endStep=22
2021-09-02,12,24,dswrf_to_lead,"EGLC,LFPG",OK,short_name=sdswrf units=W m**-2 startStep=18 endStep=24
2021-09-02,12,22,dswrf_to_lead_minus2,"EGLC,LFPG",OK,short_name=sdswrf units=W m**-2 startStep=18 endStep=22
2021-09-11,12,24,dswrf_to_lead,"EGLC,LFPG",OK,short_name=sdswrf units=W m**-2 startStep=18 endStep=24
2021-09-11,12,22,dswrf_to_lead_minus2,"EGLC,LFPG",OK,short_name=sdswrf units=W m**-2 startStep=18 endStep=22
2021-07-30,12,24,dswrf_to_lead,"EGLC,LFPG",OK,short_name=sdswrf units=W m**-2 startStep=18 endStep=24
2021-07-30,12,22,dswrf_to_lead_minus2,"EGLC,LFPG",OK,short_name=sdswrf units=W m**-2 startStep=18 endStep=22
2021-08-16,12,24,dswrf_to_lead,"EGLC,LFPG",OK,short_name=sdswrf units=W m**-2 startStep=18 endStep=24
2021-08-16,12,22,dswrf_to_lead_minus2,"EGLC,LFPG",OK,short_name=sdswrf units=W m**-2 startStep=18 endStep=22
2021-09-06,12,24,dswrf_to_lead,"EGLC,LFPG",OK,short_name=sdswrf units=W m**-2 startStep=18 endStep=24
2021-09-06,12,22,dswrf_to_lead_minus2,"EGLC,LFPG",OK,short_name=sdswrf units=W m**-2 startStep=18 endStep=22
2021-09-05,12,24,dswrf_to_lead,"EGLC,LFPG",OK,short_name=sdswrf units=W m**-2 startStep=18 endStep=24
2021-09-05,12,22,dswrf_to_lead_minus2,"EGLC,LFPG",OK,short_name=sdswrf units=W m**-2 startStep=18 endStep=22
2021-09-21,12,24,dswrf_to_lead,"EGLC,LFPG",OK,short_name=sdswrf units=W m**-2 startStep=18 endStep=24
2021-09-21,12,22,dswrf_to_lead_minus2,"EGLC,LFPG",OK,short_name=sdswrf units=W m**-2 startStep=18 endStep=22
2021-09-15,12,24,dswrf_to_lead,"EGLC,LFPG",OK,short_name=sdswrf units=W m**-2 startStep=18 endStep=24
2021-09-15,12,22,dswrf_to_lead_minus2,"EGLC,LFPG",OK,short_name=sdswrf units=W m**-2 startStep=18 endStep=22
2021-09-14,12,24,dswrf_to_lead,"EGLC,LFPG",OK,short_name=sdswrf units=W m**-2 startStep=18 endStep=24
2021-09-14,12,22,dswrf_to_lead_minus2,"EGLC,LFPG",OK,short_name=sdswrf units=W m**-2 startStep=18 endStep=22
2021-08-08,12,24,dswrf_to_lead,"EGLC,LFPG",OK,short_name=sdswrf units=W m**-2 startStep=18 endStep=24
2021-08-08,12,22,dswrf_to_lead_minus2,"EGLC,LFPG",OK,short_name=sdswrf units=W m**-2 startStep=18 endStep=22
2021-08-23,12,24,dswrf_to_lead,"EGLC,LFPG",OK,short_name=sdswrf units=W m**-2 startStep=18 endStep=24
2021-08-23,12,22,dswrf_to_lead_minus2,"EGLC,LFPG",OK,short_name=sdswrf units=W m**-2 startStep=18 endStep=22
2021-10-07,12,24,dswrf_to_lead,"EGLC,LFPG",OK,short_name=sdswrf units=W m**-2 startStep=18 endStep=24
2021-10-07,12,22,dswrf_to_lead_minus2,"EGLC,LFPG",OK,short_name=sdswrf units=W m**-2 startStep=18 endStep=22
2021-09-16,12,24,dswrf_to_lead,"EGLC,LFPG",OK,short_name=sdswrf units=W m**-2 startStep=18 endStep=24
2021-09-16,12,22,dswrf_to_lead_minus2,"EGLC,LFPG",OK,short_name=sdswrf units=W m**-2 startStep=18 endStep=22
2021-08-02,12,24,dswrf_to_lead,"EGLC,LFPG",OK,short_name=sdswrf units=W m**-2 startStep=18 endStep=24
2021-08-02,12,22,dswrf_to_lead_minus2,"EGLC,LFPG",OK,short_name=sdswrf units=W m**-2 startStep=18 endStep=22
2021-10-04,12,24,dswrf_to_lead,"EGLC,LFPG",OK,short_name=sdswrf units=W m**-2 startStep=18 endStep=24
2021-10-04,12,22,dswrf_to_lead_minus2,"EGLC,LFPG",OK,short_name=sdswrf units=W m**-2 startStep=18 endStep=22
2021-07-31,12,24,dswrf_to_lead,"EGLC,LFPG",OK,short_name=sdswrf units=W m**-2 startStep=18 endStep=24
2021-07-31,12,22,dswrf_to_lead_minus2,"EGLC,LFPG",OK,short_name=sdswrf units=W m**-2 startStep=18 endStep=22
2021-09-07,12,24,dswrf_to_lead,"EGLC,LFPG",OK,short_name=sdswrf units=W m**-2 startStep=18 endStep=24
2021-09-07,12,22,dswrf_to_lead_minus2,"EGLC,LFPG",OK,short_name=sdswrf units=W m**-2 startStep=18 endStep=22
2021-09-20,12,24,dswrf_to_lead,"EGLC,LFPG",OK,short_name=sdswrf units=W m**-2 startStep=18 endStep=24
2021-09-20,12,22,dswrf_to_lead_minus2,"EGLC,LFPG",OK,short_name=sdswrf units=W m**-2 startStep=18 endStep=22
2021-09-12,12,24,dswrf_to_lead,"EGLC,LFPG",OK,short_name=sdswrf units=W m**-2 startStep=18 endStep=24
2021-09-12,12,22,dswrf_to_lead_minus2,"EGLC,LFPG",OK,short_name=sdswrf units=W m**-2 startStep=18 endStep=22
2021-09-04,12,24,dswrf_to_lead,"EGLC,LFPG",OK,short_name=sdswrf units=W m**-2 startStep=18 endStep=24
2021-09-04,12,22,dswrf_to_lead_minus2,"EGLC,LFPG",OK,short_name=sdswrf units=W m**-2 startStep=18 endStep=22
2021-08-25,12,24,dswrf_to_lead,"EGLC,LFPG",OK,short_name=sdswrf units=W m**-2 startStep=18 endStep=24
2021-08-25,12,22,dswrf_to_lead_minus2,"EGLC,LFPG",OK,short_name=sdswrf units=W m**-2 startStep=18 endStep=22
2021-08-26,12,24,dswrf_to_lead,"EGLC,LFPG",OK,short_name=sdswrf units=W m**-2 startStep=18 endStep=24
2021-08-26,12,22,dswrf_to_lead_minus2,"EGLC,LFPG",OK,short_name=sdswrf units=W m**-2 startStep=18 endStep=22
2021-08-17,12,24,dswrf_to_lead,"EGLC,LFPG",OK,short_name=sdswrf units=W m**-2 startStep=18 endStep=24
2021-08-17,12,22,dswrf_to_lead_minus2,"EGLC,LFPG",OK,short_name=sdswrf units=W m**-2 startStep=18 endStep=22
2021-08-09,12,24,dswrf_to_lead,"EGLC,LFPG",OK,short_name=sdswrf units=W m**-2 startStep=18 endStep=24
2021-08-09,12,22,dswrf_to_lead_minus2,"EGLC,LFPG",OK,short_name=sdswrf units=W m**-2 startStep=18 endStep=22
2021-09-28,12,24,dswrf_to_lead,"EGLC,LFPG",OK,short_name=sdswrf units=W m**-2 startStep=18 endStep=24
2021-09-28,12,22,dswrf_to_lead_minus2,"EGLC,LFPG",OK,short_name=sdswrf units=W m**-2 startStep=18 endStep=22
2021-09-29,12,24,dswrf_to_lead,"EGLC,LFPG",OK,short_name=sdswrf units=W m**-2 startStep=18 endStep=24
2021-09-29,12,22,dswrf_to_lead_minus2,"EGLC,LFPG",OK,short_name=sdswrf units=W m**-2 startStep=18 endStep=22
2021-09-26,12,24,dswrf_to_lead,"EGLC,LFPG",OK,short_name=sdswrf units=W m**-2 startStep=18 endStep=24
2021-09-26,12,22,dswrf_to_lead_minus2,"EGLC,LFPG",OK,short_name=sdswrf units=W m**-2 startStep=18 endStep=22
2021-09-10,12,24,dswrf_to_lead,"EGLC,LFPG",OK,short_name=sdswrf units=W m**-2 startStep=18 endStep=24
2021-09-10,12,22,dswrf_to_lead_minus2,"EGLC,LFPG",OK,short_name=sdswrf units=W m**-2 startStep=18 endStep=22
2021-09-19,12,24,dswrf_to_lead,"EGLC,LFPG",OK,short_name=sdswrf units=W m**-2 startStep=18 endStep=24
2021-09-19,12,22,dswrf_to_lead_minus2,"EGLC,LFPG",OK,short_name=sdswrf units=W m**-2 startStep=18 endStep=22
2021-10-06,12,24,dswrf_to_lead,"EGLC,LFPG",OK,short_name=sdswrf units=W m**-2 startStep=18 endStep=24
2021-10-06,12,22,dswrf_to_lead_minus2,"EGLC,LFPG",OK,short_name=sdswrf units=W m**-2 startStep=18 endStep=22
2021-09-08,12,24,dswrf_to_lead,"EGLC,LFPG",OK,short_name=sdswrf units=W m**-2 startStep=18 endStep=24
2021-09-08,12,22,dswrf_to_lead_minus2,"EGLC,LFPG",OK,short_name=sdswrf units=W m**-2 startStep=18 endStep=22
2021-09-25,12,24,dswrf_to_lead,"EGLC,LFPG",OK,short_name=sdswrf units=W m**-2 startStep=18 endStep=24
2021-09-25,12,22,dswrf_to_lead_minus2,"EGLC,LFPG",OK,short_name=sdswrf units=W m**-2 startStep=18 endStep=22
2021-08-24,12,24,dswrf_to_lead,"EGLC,LFPG",OK,short_name=sdswrf units=W m**-2 startStep=18 endStep=24
2021-08-24,12,22,dswrf_to_lead_minus2,"EGLC,LFPG",OK,short_name=sdswrf units=W m**-2 startStep=18 endStep=22
2021-09-22,12,24,dswrf_to_lead,"EGLC,LFPG",OK,short_name=sdswrf units=W m**-2 startStep=18 endStep=24
2021-09-22,12,22,dswrf_to_lead_minus2,"EGLC,LFPG",OK,short_name=sdswrf units=W m**-2 startStep=18 endStep=22
2021-09-30,12,24,dswrf_to_lead,"EGLC,LFPG",OK,short_name=sdswrf units=W m**-2 startStep=18 endStep=24
2021-09-30,12,22,dswrf_to_lead_minus2,"EGLC,LFPG",OK,short_name=sdswrf units=W m**-2 startStep=18 endStep=22
2021-10-03,12,24,dswrf_to_lead,"EGLC,LFPG",OK,short_name=sdswrf units=W m**-2 startStep=18 endStep=24
2021-10-03,12,22,dswrf_to_lead_minus2,"EGLC,LFPG",OK,short_name=sdswrf units=W m**-2 startStep=18 endStep=22
2021-10-09,12,24,dswrf_to_lead,"EGLC,LFPG",OK,short_name=sdswrf units=W m**-2 startStep=18 endStep=24
2021-10-09,12,22,dswrf_to_lead_minus2,"EGLC,LFPG",OK,short_name=sdswrf units=W m**-2 startStep=18 endStep=22
2021-08-30,12,24,dswrf_to_lead,"EGLC,LFPG",OK,short_name=sdswrf units=W m**-2 startStep=18 endStep=24
2021-08-30,12,22,dswrf_to_lead_minus2,"EGLC,LFPG",OK,short_name=sdswrf units=W m**-2 startStep=18 endStep=22
2021-09-27,12,24,dswrf_to_lead,"EGLC,LFPG",OK,short_name=sdswrf units=W m**-2 startStep=18 endStep=24
2021-09-27,12,22,dswrf_to_lead_minus2,"EGLC,LFPG",OK,short_name=sdswrf units=W m**-2 startStep=18 endStep=22
2021-08-18,12,24,dswrf_to_lead,"EGLC,LFPG",OK,short_name=sdswrf units=W m**-2 startStep=18 endStep=24
2021-08-18,12,22,dswrf_to_lead_minus2,"EGLC,LFPG",OK,short_name=sdswrf units=W m**-2 startStep=18 endStep=22
2021-10-12,12,24,dswrf_to_lead,"EGLC,LFPG",OK,short_name=sdswrf units=W m**-2 startStep=18 endStep=24
2021-10-12,12,22,dswrf_to_lead_minus2,"EGLC,LFPG",OK,short_name=sdswrf units=W m**-2 startStep=18 endStep=22
2021-09-17,12,24,dswrf_to_lead,"EGLC,LFPG",OK,short_name=sdswrf units=W m**-2 startStep=18 endStep=24
2021-09-17,12,22,dswrf_to_lead_minus2,"EGLC,LFPG",OK,short_name=sdswrf units=W m**-2 startStep=18 endStep=22
2021-10-21,12,24,dswrf_to_lead,"EGLC,LFPG",OK,short_name=sdswrf units=W m**-2 startStep=18 endStep=24
2021-10-21,12,22,dswrf_to_lead_minus2,"EGLC,LFPG",OK,short_name=sdswrf units=W m**-2 startStep=18 endStep=22
2021-09-09,12,24,dswrf_to_lead,"EGLC,LFPG",OK,short_name=sdswrf units=W m**-2 startStep=18 endStep=24
2021-09-09,12,22,dswrf_to_lead_minus2,"EGLC,LFPG",OK,short_name=sdswrf units=W m**-2 startStep=18 endStep=22
2021-10-27,12,24,dswrf_to_lead,"EGLC,LFPG",OK,short_name=sdswrf units=W m**-2 startStep=18 endStep=24
2021-10-27,12,22,dswrf_to_lead_minus2,"EGLC,LFPG",OK,short_name=sdswrf units=W m**-2 startStep=18 endStep=22
2021-09-24,12,24,dswrf_to_lead,"EGLC,LFPG",OK,short_name=sdswrf units=W m**-2 startStep=18 endStep=24
2021-09-24,12,22,dswrf_to_lead_minus2,"EGLC,LFPG",OK,short_name=sdswrf units=W m**-2 startStep=18 endStep=22
2021-10-19,12,24,dswrf_to_lead,"EGLC,LFPG",OK,short_name=sdswrf units=W m**-2 startStep=18 endStep=24
2021-10-19,12,22,dswrf_to_lead_minus2,"EGLC,LFPG",OK,short_name=sdswrf units=W m**-2 startStep=18 endStep=22
2021-10-13,12,24,dswrf_to_lead,"EGLC,LFPG",OK,short_name=sdswrf units=W m**-2 startStep=18 endStep=24
2021-10-13,12,22,dswrf_to_lead_minus2,"EGLC,LFPG",OK,short_name=sdswrf units=W m**-2 startStep=18 endStep=22
2021-10-20,12,24,dswrf_to_lead,"EGLC,LFPG",OK,short_name=sdswrf units=W m**-2 startStep=18 endStep=24
2021-10-20,12,22,dswrf_to_lead_minus2,"EGLC,LFPG",OK,short_name=sdswrf units=W m**-2 startStep=18 endStep=22
2021-11-01,12,24,dswrf_to_lead,"EGLC,LFPG",OK,short_name=sdswrf units=W m**-2 startStep=18 endStep=24
2021-11-01,12,22,dswrf_to_lead_minus2,"EGLC,LFPG",OK,short_name=sdswrf units=W m**-2 startStep=18 endStep=22
2021-09-18,12,24,dswrf_to_lead,"EGLC,LFPG",OK,short_name=sdswrf units=W m**-2 startStep=18 endStep=24
2021-09-18,12,22,dswrf_to_lead_minus2,"EGLC,LFPG",OK,short_name=sdswrf units=W m**-2 startStep=18 endStep=22
2021-09-23,12,24,dswrf_to_lead,"EGLC,LFPG",OK,short_name=sdswrf units=W m**-2 startStep=18 endStep=24
2021-09-23,12,22,dswrf_to_lead_minus2,"EGLC,LFPG",OK,short_name=sdswrf units=W m**-2 startStep=18 endStep=22
2021-10-02,12,24,dswrf_to_lead,"EGLC,LFPG",OK,short_name=sdswrf units=W m**-2 startStep=18 endStep=24
2021-10-02,12,22,dswrf_to_lead_minus2,"EGLC,LFPG",OK,short_name=sdswrf units=W m**-2 startStep=18 endStep=22
2021-11-05,12,24,dswrf_to_lead,"EGLC,LFPG",OK,short_name=sdswrf units=W m**-2 startStep=18 endStep=24
2021-11-05,12,22,dswrf_to_lead_minus2,"EGLC,LFPG",OK,short_name=sdswrf units=W m**-2 startStep=18 endStep=22
2021-10-14,12,24,dswrf_to_lead,"EGLC,LFPG",OK,short_name=sdswrf units=W m**-2 startStep=18 endStep=24
2021-10-14,12,22,dswrf_to_lead_minus2,"EGLC,LFPG",OK,short_name=sdswrf units=W m**-2 startStep=18 endStep=22
2021-11-11,12,24,dswrf_to_lead,"EGLC,LFPG",OK,short_name=sdswrf units=W m**-2 startStep=18 endStep=24
2021-11-11,12,22,dswrf_to_lead_minus2,"EGLC,LFPG",OK,short_name=sdswrf units=W m**-2 startStep=18 endStep=22
2021-10-15,12,24,dswrf_to_lead,"EGLC,LFPG",OK,short_name=sdswrf units=W m**-2 startStep=18 endStep=24
2021-10-15,12,22,dswrf_to_lead_minus2,"EGLC,LFPG",OK,short_name=sdswrf units=W m**-2 startStep=18 endStep=22
2021-10-24,12,24,dswrf_to_lead,"EGLC,LFPG",OK,short_name=sdswrf units=W m**-2 startStep=18 endStep=24
2021-10-24,12,22,dswrf_to_lead_minus2,"EGLC,LFPG",OK,short_name=sdswrf units=W m**-2 startStep=18 endStep=22
2021-11-06,12,24,dswrf_to_lead,"EGLC,LFPG",OK,short_name=sdswrf units=W m**-2 startStep=18 endStep=24
2021-11-06,12,22,dswrf_to_lead_minus2,"EGLC,LFPG",OK,short_name=sdswrf units=W m**-2 startStep=18 endStep=22
2021-11-07,12,24,dswrf_to_lead,"EGLC,LFPG",OK,short_name=sdswrf units=W m**-2 startStep=18 endStep=24
2021-11-07,12,22,dswrf_to_lead_minus2,"EGLC,LFPG",OK,short_name=sdswrf units=W m**-2 startStep=18 endStep=22
2021-10-01,12,24,dswrf_to_lead,"EGLC,LFPG",OK,short_name=sdswrf units=W m**-2 startStep=18 endStep=24
2021-10-01,12,22,dswrf_to_lead_minus2,"EGLC,LFPG",OK,short_name=sdswrf units=W m**-2 startStep=18 endStep=22
2021-10-26,12,24,dswrf_to_lead,"EGLC,LFPG",OK,short_name=sdswrf units=W m**-2 startStep=18 endStep=24
2021-10-26,12,22,dswrf_to_lead_minus2,"EGLC,LFPG",OK,short_name=sdswrf units=W m**-2 startStep=18 endStep=22
2021-11-18,12,24,dswrf_to_lead,"EGLC,LFPG",OK,short_name=sdswrf units=W m**-2 startStep=18 endStep=24
2021-11-18,12,22,dswrf_to_lead_minus2,"EGLC,LFPG",OK,short_name=sdswrf units=W m**-2 startStep=18 endStep=22
2021-11-23,12,24,dswrf_to_lead,"EGLC,LFPG",OK,short_name=sdswrf units=W m**-2 startStep=18 endStep=24
2021-11-23,12,22,dswrf_to_lead_minus2,"EGLC,LFPG",OK,short_name=sdswrf units=W m**-2 startStep=18 endStep=22
2021-10-10,12,24,dswrf_to_lead,"EGLC,LFPG",OK,short_name=sdswrf units=W m**-2 startStep=18 endStep=24
2021-10-10,12,22,dswrf_to_lead_minus2,"EGLC,LFPG",OK,short_name=sdswrf units=W m**-2 startStep=18 endStep=22
2021-11-10,12,24,dswrf_to_lead,"EGLC,LFPG",OK,short_name=sdswrf units=W m**-2 startStep=18 endStep=24
2021-11-10,12,22,dswrf_to_lead_minus2,"EGLC,LFPG",OK,short_name=sdswrf units=W m**-2 startStep=18 endStep=22
2021-11-03,12,24,dswrf_to_lead,"EGLC,LFPG",OK,short_name=sdswrf units=W m**-2 startStep=18 endStep=24
2021-11-03,12,22,dswrf_to_lead_minus2,"EGLC,LFPG",OK,short_name=sdswrf units=W m**-2 startStep=18 endStep=22
2021-11-02,12,24,dswrf_to_lead,"EGLC,LFPG",OK,short_name=sdswrf units=W m**-2 startStep=18 endStep=24
2021-11-02,12,22,dswrf_to_lead_minus2,"EGLC,LFPG",OK,short_name=sdswrf units=W m**-2 startStep=18 endStep=22
2021-12-03,12,24,dswrf_to_lead,"EGLC,LFPG",OK,short_name=sdswrf units=W m**-2 startStep=18 endStep=24
2021-12-03,12,22,dswrf_to_lead_minus2,"EGLC,LFPG",OK,short_name=sdswrf units=W m**-2 startStep=18 endStep=22
2021-12-05,12,24,dswrf_to_lead,"EGLC,LFPG",OK,short_name=sdswrf units=W m**-2 startStep=18 endStep=24
2021-12-05,12,22,dswrf_to_lead_minus2,"EGLC,LFPG",OK,short_name=sdswrf units=W m**-2 startStep=18 endStep=22
2021-11-21,12,24,dswrf_to_lead,"EGLC,LFPG",OK,short_name=sdswrf units=W m**-2 startStep=18 endStep=24
2021-11-21,12,22,dswrf_to_lead_minus2,"EGLC,LFPG",OK,short_name=sdswrf units=W m**-2 startStep=18 endStep=22
2021-11-24,12,24,dswrf_to_lead,"EGLC,LFPG",OK,short_name=sdswrf units=W m**-2 startStep=18 endStep=24
2021-11-24,12,22,dswrf_to_lead_minus2,"EGLC,LFPG",OK,short_name=sdswrf units=W m**-2 startStep=18 endStep=22
2021-10-29,12,24,dswrf_to_lead,"EGLC,LFPG",OK,short_name=sdswrf units=W m**-2 startStep=18 endStep=24
2021-10-29,12,22,dswrf_to_lead_minus2,"EGLC,LFPG",OK,short_name=sdswrf units=W m**-2 startStep=18 endStep=22
2021-11-30,12,24,dswrf_to_lead,"EGLC,LFPG",OK,short_name=sdswrf units=W m**-2 startStep=18 endStep=24
2021-11-30,12,22,dswrf_to_lead_minus2,"EGLC,LFPG",OK,short_name=sdswrf units=W m**-2 startStep=18 endStep=22
2021-11-04,12,24,dswrf_to_lead,"EGLC,LFPG",OK,short_name=sdswrf units=W m**-2 startStep=18 endStep=24
2021-11-04,12,22,dswrf_to_lead_minus2,"EGLC,LFPG",OK,short_name=sdswrf units=W m**-2 startStep=18 endStep=22
2021-11-27,12,24,dswrf_to_lead,"EGLC,LFPG",OK,short_name=sdswrf units=W m**-2 startStep=18 endStep=24
2021-11-27,12,22,dswrf_to_lead_minus2,"EGLC,LFPG",OK,short_name=sdswrf units=W m**-2 startStep=18 endStep=22
2021-10-18,12,24,dswrf_to_lead,"EGLC,LFPG",OK,short_name=sdswrf units=W m**-2 startStep=18 endStep=24
2021-10-18,12,22,dswrf_to_lead_minus2,"EGLC,LFPG",OK,short_name=sdswrf units=W m**-2 startStep=18 endStep=22
2021-11-14,12,24,dswrf_to_lead,"EGLC,LFPG",OK,short_name=sdswrf units=W m**-2 startStep=18 endStep=24
2021-11-14,12,22,dswrf_to_lead_minus2,"EGLC,LFPG",OK,short_name=sdswrf units=W m**-2 startStep=18 endStep=22
2021-10-31,12,24,dswrf_to_lead,"EGLC,LFPG",OK,short_name=sdswrf units=W m**-2 startStep=18 endStep=24
2021-10-31,12,22,dswrf_to_lead_minus2,"EGLC,LFPG",OK,short_name=sdswrf units=W m**-2 startStep=18 endStep=22
2021-10-28,12,24,dswrf_to_lead,"EGLC,LFPG",OK,short_name=sdswrf units=W m**-2 startStep=18 endStep=24
2021-10-28,12,22,dswrf_to_lead_minus2,"EGLC,LFPG",OK,short_name=sdswrf units=W m**-2 startStep=18 endStep=22
2021-10-11,12,24,dswrf_to_lead,"EGLC,LFPG",OK,short_name=sdswrf units=W m**-2 startStep=18 endStep=24
2021-10-11,12,22,dswrf_to_lead_minus2,"EGLC,LFPG",OK,short_name=sdswrf units=W m**-2 startStep=18 endStep=22
2021-11-28,12,24,dswrf_to_lead,"EGLC,LFPG",OK,short_name=sdswrf units=W m**-2 startStep=18 endStep=24
2021-11-28,12,22,dswrf_to_lead_minus2,"EGLC,LFPG",OK,short_name=sdswrf units=W m**-2 startStep=18 endStep=22
2021-11-26,12,24,dswrf_to_lead,"EGLC,LFPG",OK,short_name=sdswrf units=W m**-2 startStep=18 endStep=24
2021-11-26,12,22,dswrf_to_lead_minus2,"EGLC,LFPG",OK,short_name=sdswrf units=W m**-2 startStep=18 endStep=22
2021-11-15,12,24,dswrf_to_lead,"EGLC,LFPG",OK,short_name=sdswrf units=W m**-2 startStep=18 endStep=24
2021-11-15,12,22,dswrf_to_lead_minus2,"EGLC,LFPG",OK,short_name=sdswrf units=W m**-2 startStep=18 endStep=22
2021-10-25,12,24,dswrf_to_lead,"EGLC,LFPG",OK,short_name=sdswrf units=W m**-2 startStep=18 endStep=24
2021-10-25,12,22,dswrf_to_lead_minus2,"EGLC,LFPG",OK,short_name=sdswrf units=W m**-2 startStep=18 endStep=22
2021-12-09,12,24,dswrf_to_lead,"EGLC,LFPG",OK,short_name=sdswrf units=W m**-2 startStep=18 endStep=24
2021-12-09,12,22,dswrf_to_lead_minus2,"EGLC,LFPG",OK,short_name=sdswrf units=W m**-2 startStep=18 endStep=22
2021-11-25,12,24,dswrf_to_lead,"EGLC,LFPG",OK,short_name=sdswrf units=W m**-2 startStep=18 endStep=24
2021-11-25,12,22,dswrf_to_lead_minus2,"EGLC,LFPG",OK,short_name=sdswrf units=W m**-2 startStep=18 endStep=22
2021-11-13,12,24,dswrf_to_lead,"EGLC,LFPG",OK,short_name=sdswrf units=W m**-2 startStep=18 endStep=24
2021-11-13,12,22,dswrf_to_lead_minus2,"EGLC,LFPG",OK,short_name=sdswrf units=W m**-2 startStep=18 endStep=22
2021-10-17,12,24,dswrf_to_lead,"EGLC,LFPG",OK,short_name=sdswrf units=W m**-2 startStep=18 endStep=24
2021-10-17,12,22,dswrf_to_lead_minus2,"EGLC,LFPG",OK,short_name=sdswrf units=W m**-2 startStep=18 endStep=22
2021-11-17,12,24,dswrf_to_lead,"EGLC,LFPG",OK,short_name=sdswrf units=W m**-2 startStep=18 endStep=24
2021-11-17,12,22,dswrf_to_lead_minus2,"EGLC,LFPG",OK,short_name=sdswrf units=W m**-2 startStep=18 endStep=22
2021-11-16,12,24,dswrf_to_lead,"EGLC,LFPG",OK,short_name=sdswrf units=W m**-2 startStep=18 endStep=24
2021-11-16,12,22,dswrf_to_lead_minus2,"EGLC,LFPG",OK,short_name=sdswrf units=W m**-2 startStep=18 endStep=22
2021-10-08,12,24,dswrf_to_lead,"EGLC,LFPG",OK,short_name=sdswrf units=W m**-2 startStep=18 endStep=24
2021-10-08,12,22,dswrf_to_lead_minus2,"EGLC,LFPG",OK,short_name=sdswrf units=W m**-2 startStep=18 endStep=22
2021-10-16,12,24,dswrf_to_lead,"EGLC,LFPG",OK,short_name=sdswrf units=W m**-2 startStep=18 endStep=24
2021-10-16,12,22,dswrf_to_lead_minus2,"EGLC,LFPG",OK,short_name=sdswrf units=W m**-2 startStep=18 endStep=22
2021-12-07,12,24,dswrf_to_lead,"EGLC,LFPG",OK,short_name=sdswrf units=W m**-2 startStep=18 endStep=24
2021-12-07,12,22,dswrf_to_lead_minus2,"EGLC,LFPG",OK,short_name=sdswrf units=W m**-2 startStep=18 endStep=22
2021-10-22,12,24,dswrf_to_lead,"EGLC,LFPG",OK,short_name=sdswrf units=W m**-2 startStep=18 endStep=24
2021-10-22,12,22,dswrf_to_lead_minus2,"EGLC,LFPG",OK,short_name=sdswrf units=W m**-2 startStep=18 endStep=22
2021-11-12,12,24,dswrf_to_lead,"EGLC,LFPG",OK,short_name=sdswrf units=W m**-2 startStep=18 endStep=24
2021-11-12,12,22,dswrf_to_lead_minus2,"EGLC,LFPG",OK,short_name=sdswrf units=W m**-2 startStep=18 endStep=22
2021-10-30,12,24,dswrf_to_lead,"EGLC,LFPG",OK,short_name=sdswrf units=W m**-2 startStep=18 endStep=24
2021-10-30,12,22,dswrf_to_lead_minus2,"EGLC,LFPG",OK,short_name=sdswrf units=W m**-2 startStep=18 endStep=22
2021-12-02,12,24,dswrf_to_lead,"EGLC,LFPG",OK,short_name=sdswrf units=W m**-2 startStep=18 endStep=24
2021-12-02,12,22,dswrf_to_lead_minus2,"EGLC,LFPG",OK,short_name=sdswrf units=W m**-2 startStep=18 endStep=22
2021-12-16,12,24,dswrf_to_lead,"EGLC,LFPG",OK,short_name=sdswrf units=W m**-2 startStep=18 endStep=24
2021-12-16,12,22,dswrf_to_lead_minus2,"EGLC,LFPG",OK,short_name=sdswrf units=W m**-2 startStep=18 endStep=22
2021-12-12,12,24,dswrf_to_lead,"EGLC,LFPG",OK,short_name=sdswrf units=W m**-2 startStep=18 endStep=24
2021-12-12,12,22,dswrf_to_lead_minus2,"EGLC,LFPG",OK,short_name=sdswrf units=W m**-2 startStep=18 endStep=22
2021-12-11,12,24,dswrf_to_lead,"EGLC,LFPG",OK,short_name=sdswrf units=W m**-2 startStep=18 endStep=24
2021-12-11,12,22,dswrf_to_lead_minus2,"EGLC,LFPG",OK,short_name=sdswrf units=W m**-2 startStep=18 endStep=22
2021-11-09,12,24,dswrf_to_lead,"EGLC,LFPG",OK,short_name=sdswrf units=W m**-2 startStep=18 endStep=24
2021-11-09,12,22,dswrf_to_lead_minus2,"EGLC,LFPG",OK,short_name=sdswrf units=W m**-2 startStep=18 endStep=22
2021-12-15,12,24,dswrf_to_lead,"EGLC,LFPG",OK,short_name=sdswrf units=W m**-2 startStep=18 endStep=24
2021-12-15,12,22,dswrf_to_lead_minus2,"EGLC,LFPG",OK,short_name=sdswrf units=W m**-2 startStep=18 endStep=22
2021-12-08,12,24,dswrf_to_lead,"EGLC,LFPG",OK,short_name=sdswrf units=W m**-2 startStep=18 endStep=24
2021-12-08,12,22,dswrf_to_lead_minus2,"EGLC,LFPG",OK,short_name=sdswrf units=W m**-2 startStep=18 endStep=22
2021-12-27,12,24,dswrf_to_lead,"EGLC,LFPG",OK,short_name=sdswrf units=W m**-2 startStep=18 endStep=24
2021-12-27,12,22,dswrf_to_lead_minus2,"EGLC,LFPG",OK,short_name=sdswrf units=W m**-2 startStep=18 endStep=22
2022-01-01,12,24,dswrf_to_lead,"EGLC,LFPG",OK,short_name=sdswrf units=W m**-2 startStep=18 endStep=24
2022-01-01,12,22,dswrf_to_lead_minus2,"EGLC,LFPG",OK,short_name=sdswrf units=W m**-2 startStep=18 endStep=22
2021-11-19,12,24,dswrf_to_lead,"EGLC,LFPG",OK,short_name=sdswrf units=W m**-2 startStep=18 endStep=24
2021-11-19,12,22,dswrf_to_lead_minus2,"EGLC,LFPG",OK,short_name=sdswrf units=W m**-2 startStep=18 endStep=22
2021-12-29,12,24,dswrf_to_lead,"EGLC,LFPG",OK,short_name=sdswrf units=W m**-2 startStep=18 endStep=24
2021-12-29,12,22,dswrf_to_lead_minus2,"EGLC,LFPG",OK,short_name=sdswrf units=W m**-2 startStep=18 endStep=22
2021-12-25,12,24,dswrf_to_lead,"EGLC,LFPG",OK,short_name=sdswrf units=W m**-2 startStep=18 endStep=24
2021-12-25,12,22,dswrf_to_lead_minus2,"EGLC,LFPG",OK,short_name=sdswrf units=W m**-2 startStep=18 endStep=22
2022-01-12,12,24,dswrf_to_lead,"EGLC,LFPG",OK,short_name=sdswrf units=W m**-2 startStep=18 endStep=24
2022-01-12,12,22,dswrf_to_lead_minus2,"EGLC,LFPG",OK,short_name=sdswrf units=W m**-2 startStep=18 endStep=22
2022-01-08,12,24,dswrf_to_lead,"EGLC,LFPG",OK,short_name=sdswrf units=W m**-2 startStep=18 endStep=24
2022-01-08,12,22,dswrf_to_lead_minus2,"EGLC,LFPG",OK,short_name=sdswrf units=W m**-2 startStep=18 endStep=22
2021-10-05,12,24,dswrf_to_lead,"EGLC,LFPG",OK,short_name=sdswrf units=W m**-2 startStep=18 endStep=24
2021-10-05,12,22,dswrf_to_lead_minus2,"EGLC,LFPG",OK,short_name=sdswrf units=W m**-2 startStep=18 endStep=22
2021-11-20,12,24,dswrf_to_lead,"EGLC,LFPG",OK,short_name=sdswrf units=W m**-2 startStep=18 endStep=24
2021-11-20,12,22,dswrf_to_lead_minus2,"EGLC,LFPG",OK,short_name=sdswrf units=W m**-2 startStep=18 endStep=22
2021-12-18,12,24,dswrf_to_lead,"EGLC,LFPG",OK,short_name=sdswrf units=W m**-2 startStep=18 endStep=24
2021-12-18,12,22,dswrf_to_lead_minus2,"EGLC,LFPG",OK,short_name=sdswrf units=W m**-2 startStep=18 endStep=22
2022-01-13,12,24,dswrf_to_lead,"EGLC,LFPG",OK,short_name=sdswrf units=W m**-2 startStep=18 endStep=24
2022-01-13,12,22,dswrf_to_lead_minus2,"EGLC,LFPG",OK,short_name=sdswrf units=W m**-2 startStep=18 endStep=22
2022-01-18,12,24,dswrf_to_lead,"EGLC,LFPG",OK,short_name=sdswrf units=W m**-2 startStep=18 endStep=24
2022-01-18,12,22,dswrf_to_lead_minus2,"EGLC,LFPG",OK,short_name=sdswrf units=W m**-2 startStep=18 endStep=22
2021-10-23,12,24,dswrf_to_lead,"EGLC,LFPG",OK,short_name=sdswrf units=W m**-2 startStep=18 endStep=24
2021-10-23,12,22,dswrf_to_lead_minus2,"EGLC,LFPG",OK,short_name=sdswrf units=W m**-2 startStep=18 endStep=22
2022-01-05,12,24,dswrf_to_lead,"EGLC,LFPG",OK,short_name=sdswrf units=W m**-2 startStep=18 endStep=24
2022-01-05,12,22,dswrf_to_lead_minus2,"EGLC,LFPG",OK,short_name=sdswrf units=W m**-2 startStep=18 endStep=22
2021-12-19,12,24,dswrf_to_lead,"EGLC,LFPG",OK,short_name=sdswrf units=W m**-2 startStep=18 endStep=24
2021-12-19,12,22,dswrf_to_lead_minus2,"EGLC,LFPG",OK,short_name=sdswrf units=W m**-2 startStep=18 endStep=22
2022-01-03,12,24,dswrf_to_lead,"EGLC,LFPG",OK,short_name=sdswrf units=W m**-2 startStep=18 endStep=24
2022-01-03,12,22,dswrf_to_lead_minus2,"EGLC,LFPG",OK,short_name=sdswrf units=W m**-2 startStep=18 endStep=22
2021-11-22,12,24,dswrf_to_lead,"EGLC,LFPG",OK,short_name=sdswrf units=W m**-2 startStep=18 endStep=24
2021-11-22,12,22,dswrf_to_lead_minus2,"EGLC,LFPG",OK,short_name=sdswrf units=W m**-2 startStep=18 endStep=22
2021-12-24,12,24,dswrf_to_lead,"EGLC,LFPG",OK,short_name=sdswrf units=W m**-2 startStep=18 endStep=24
2021-12-24,12,22,dswrf_to_lead_minus2,"EGLC,LFPG",OK,short_name=sdswrf units=W m**-2 startStep=18 endStep=22
2021-12-22,12,24,dswrf_to_lead,"EGLC,LFPG",OK,short_name=sdswrf units=W m**-2 startStep=18 endStep=24
2021-12-22,12,22,dswrf_to_lead_minus2,"EGLC,LFPG",OK,short_name=sdswrf units=W m**-2 startStep=18 endStep=22
2021-12-10,12,24,dswrf_to_lead,"EGLC,LFPG",OK,short_name=sdswrf units=W m**-2 startStep=18 endStep=24
2021-12-10,12,22,dswrf_to_lead_minus2,"EGLC,LFPG",OK,short_name=sdswrf units=W m**-2 startStep=18 endStep=22
2022-01-17,12,24,dswrf_to_lead,"EGLC,LFPG",OK,short_name=sdswrf units=W m**-2 startStep=18 endStep=24
2022-01-17,12,22,dswrf_to_lead_minus2,"EGLC,LFPG",OK,short_name=sdswrf units=W m**-2 startStep=18 endStep=22
2021-12-01,12,24,dswrf_to_lead,"EGLC,LFPG",OK,short_name=sdswrf units=W m**-2 startStep=18 endStep=24
2021-12-01,12,22,dswrf_to_lead_minus2,"EGLC,LFPG",OK,short_name=sdswrf units=W m**-2 startStep=18 endStep=22
2021-11-08,12,24,dswrf_to_lead,"EGLC,LFPG",OK,short_name=sdswrf units=W m**-2 startStep=18 endStep=24
2021-11-08,12,22,dswrf_to_lead_minus2,"EGLC,LFPG",OK,short_name=sdswrf units=W m**-2 startStep=18 endStep=22
2022-01-06,12,24,dswrf_to_lead,"EGLC,LFPG",OK,short_name=sdswrf units=W m**-2 startStep=18 endStep=24
2022-01-06,12,22,dswrf_to_lead_minus2,"EGLC,LFPG",OK,short_name=sdswrf units=W m**-2 startStep=18 endStep=22
2021-12-21,12,24,dswrf_to_lead,"EGLC,LFPG",OK,short_name=sdswrf units=W m**-2 startStep=18 endStep=24
2021-12-21,12,22,dswrf_to_lead_minus2,"EGLC,LFPG",OK,short_name=sdswrf units=W m**-2 startStep=18 endStep=22
2021-12-06,12,24,dswrf_to_lead,"EGLC,LFPG",OK,short_name=sdswrf units=W m**-2 startStep=18 endStep=24
2021-12-06,12,22,dswrf_to_lead_minus2,"EGLC,LFPG",OK,short_name=sdswrf units=W m**-2 startStep=18 endStep=22
2022-01-23,12,24,dswrf_to_lead,"EGLC,LFPG",OK,short_name=sdswrf units=W m**-2 startStep=18 endStep=24
2022-01-23,12,22,dswrf_to_lead_minus2,"EGLC,LFPG",OK,short_name=sdswrf units=W m**-2 startStep=18 endStep=22
2022-01-02,12,24,dswrf_to_lead,"EGLC,LFPG",OK,short_name=sdswrf units=W m**-2 startStep=18 endStep=24
2022-01-02,12,22,dswrf_to_lead_minus2,"EGLC,LFPG",OK,short_name=sdswrf units=W m**-2 startStep=18 endStep=22
2022-01-15,12,24,dswrf_to_lead,"EGLC,LFPG",OK,short_name=sdswrf units=W m**-2 startStep=18 endStep=24
2022-01-15,12,22,dswrf_to_lead_minus2,"EGLC,LFPG",OK,short_name=sdswrf units=W m**-2 startStep=18 endStep=22
2022-01-04,12,24,dswrf_to_lead,"EGLC,LFPG",OK,short_name=sdswrf units=W m**-2 startStep=18 endStep=24
2022-01-04,12,22,dswrf_to_lead_minus2,"EGLC,LFPG",OK,short_name=sdswrf units=W m**-2 startStep=18 endStep=22
2022-01-31,12,24,dswrf_to_lead,"EGLC,LFPG",OK,short_name=sdswrf units=W m**-2 startStep=18 endStep=24
2022-01-31,12,22,dswrf_to_lead_minus2,"EGLC,LFPG",OK,short_name=sdswrf units=W m**-2 startStep=18 endStep=22
2022-01-25,12,24,dswrf_to_lead,"EGLC,LFPG",OK,short_name=sdswrf units=W m**-2 startStep=18 endStep=24
2022-01-25,12,22,dswrf_to_lead_minus2,"EGLC,LFPG",OK,short_name=sdswrf units=W m**-2 startStep=18 endStep=22
2021-12-17,12,24,dswrf_to_lead,"EGLC,LFPG",OK,short_name=sdswrf units=W m**-2 startStep=18 endStep=24
2021-12-17,12,22,dswrf_to_lead_minus2,"EGLC,LFPG",OK,short_name=sdswrf units=W m**-2 startStep=18 endStep=22
2022-01-19,12,24,dswrf_to_lead,"EGLC,LFPG",OK,short_name=sdswrf units=W m**-2 startStep=18 endStep=24
2022-01-19,12,22,dswrf_to_lead_minus2,"EGLC,LFPG",OK,short_name=sdswrf units=W m**-2 startStep=18 endStep=22
2022-01-21,12,24,dswrf_to_lead,"EGLC,LFPG",OK,short_name=sdswrf units=W m**-2 startStep=18 endStep=24
2022-01-21,12,22,dswrf_to_lead_minus2,"EGLC,LFPG",OK,short_name=sdswrf units=W m**-2 startStep=18 endStep=22
2022-01-30,12,24,dswrf_to_lead,"EGLC,LFPG",OK,short_name=sdswrf units=W m**-2 startStep=18 endStep=24
2022-01-30,12,22,dswrf_to_lead_minus2,"EGLC,LFPG",OK,short_name=sdswrf units=W m**-2 startStep=18 endStep=22
2022-01-28,12,24,dswrf_to_lead,"EGLC,LFPG",OK,short_name=sdswrf units=W m**-2 startStep=18 endStep=24
2022-01-28,12,22,dswrf_to_lead_minus2,"EGLC,LFPG",OK,short_name=sdswrf units=W m**-2 startStep=18 endStep=22
2022-01-20,12,24,dswrf_to_lead,"EGLC,LFPG",OK,short_name=sdswrf units=W m**-2 startStep=18 endStep=24
2022-01-20,12,22,dswrf_to_lead_minus2,"EGLC,LFPG",OK,short_name=sdswrf units=W m**-2 startStep=18 endStep=22
2022-02-02,12,24,dswrf_to_lead,"EGLC,LFPG",OK,short_name=sdswrf units=W m**-2 startStep=18 endStep=24
2022-02-02,12,22,dswrf_to_lead_minus2,"EGLC,LFPG",OK,short_name=sdswrf units=W m**-2 startStep=18 endStep=22
2021-12-14,12,24,dswrf_to_lead,"EGLC,LFPG",OK,short_name=sdswrf units=W m**-2 startStep=18 endStep=24
2021-12-14,12,22,dswrf_to_lead_minus2,"EGLC,LFPG",OK,short_name=sdswrf units=W m**-2 startStep=18 endStep=22
2022-01-27,12,24,dswrf_to_lead,"EGLC,LFPG",OK,short_name=sdswrf units=W m**-2 startStep=18 endStep=24
2022-01-27,12,22,dswrf_to_lead_minus2,"EGLC,LFPG",OK,short_name=sdswrf units=W m**-2 startStep=18 endStep=22
2022-01-24,12,24,dswrf_to_lead,"EGLC,LFPG",OK,short_name=sdswrf units=W m**-2 startStep=18 endStep=24
2022-01-24,12,22,dswrf_to_lead_minus2,"EGLC,LFPG",OK,short_name=sdswrf units=W m**-2 startStep=18 endStep=22
2021-12-13,12,24,dswrf_to_lead,"EGLC,LFPG",OK,short_name=sdswrf units=W m**-2 startStep=18 endStep=24
2021-12-13,12,22,dswrf_to_lead_minus2,"EGLC,LFPG",OK,short_name=sdswrf units=W m**-2 startStep=18 endStep=22
2022-01-26,12,24,dswrf_to_lead,"EGLC,LFPG",OK,short_name=sdswrf units=W m**-2 startStep=18 endStep=24
2022-01-26,12,22,dswrf_to_lead_minus2,"EGLC,LFPG",OK,short_name=sdswrf units=W m**-2 startStep=18 endStep=22
2022-01-09,12,24,dswrf_to_lead,"EGLC,LFPG",OK,short_name=sdswrf units=W m**-2 startStep=18 endStep=24
2022-01-09,12,22,dswrf_to_lead_minus2,"EGLC,LFPG",OK,short_name=sdswrf units=W m**-2 startStep=18 endStep=22
2022-01-14,12,24,dswrf_to_lead,"EGLC,LFPG",OK,short_name=sdswrf units=W m**-2 startStep=18 endStep=24
2022-01-14,12,22,dswrf_to_lead_minus2,"EGLC,LFPG",OK,short_name=sdswrf units=W m**-2 startStep=18 endStep=22
2022-02-07,12,24,dswrf_to_lead,"EGLC,LFPG",OK,short_name=sdswrf units=W m**-2 startStep=18 endStep=24
2022-02-07,12,22,dswrf_to_lead_minus2,"EGLC,LFPG",OK,short_name=sdswrf units=W m**-2 startStep=18 endStep=22
2022-02-01,12,24,dswrf_to_lead,"EGLC,LFPG",OK,short_name=sdswrf units=W m**-2 startStep=18 endStep=24
2022-02-01,12,22,dswrf_to_lead_minus2,"EGLC,LFPG",OK,short_name=sdswrf units=W m**-2 startStep=18 endStep=22
2021-12-26,12,24,dswrf_to_lead,"EGLC,LFPG",OK,short_name=sdswrf units=W m**-2 startStep=18 endStep=24
2021-12-26,12,22,dswrf_to_lead_minus2,"EGLC,LFPG",OK,short_name=sdswrf units=W m**-2 startStep=18 endStep=22
2021-12-20,12,24,dswrf_to_lead,"EGLC,LFPG",OK,short_name=sdswrf units=W m**-2 startStep=18 endStep=24
2021-12-20,12,22,dswrf_to_lead_minus2,"EGLC,LFPG",OK,short_name=sdswrf units=W m**-2 startStep=18 endStep=22
2021-12-31,12,24,dswrf_to_lead,"EGLC,LFPG",OK,short_name=sdswrf units=W m**-2 startStep=18 endStep=24
2021-12-31,12,22,dswrf_to_lead_minus2,"EGLC,LFPG",OK,short_name=sdswrf units=W m**-2 startStep=18 endStep=22
2021-12-30,12,24,dswrf_to_lead,"EGLC,LFPG",OK,short_name=sdswrf units=W m**-2 startStep=18 endStep=24
2021-12-30,12,22,dswrf_to_lead_minus2,"EGLC,LFPG",OK,short_name=sdswrf units=W m**-2 startStep=18 endStep=22
2021-12-23,12,24,dswrf_to_lead,"EGLC,LFPG",OK,short_name=sdswrf units=W m**-2 startStep=18 endStep=24
2021-12-23,12,22,dswrf_to_lead_minus2,"EGLC,LFPG",OK,short_name=sdswrf units=W m**-2 startStep=18 endStep=22
2022-01-29,12,24,dswrf_to_lead,"EGLC,LFPG",OK,short_name=sdswrf units=W m**-2 startStep=18 endStep=24
2022-01-29,12,22,dswrf_to_lead_minus2,"EGLC,LFPG",OK,short_name=sdswrf units=W m**-2 startStep=18 endStep=22
2021-12-04,12,24,dswrf_to_lead,"EGLC,LFPG",OK,short_name=sdswrf units=W m**-2 startStep=18 endStep=24
2021-12-04,12,22,dswrf_to_lead_minus2,"EGLC,LFPG",OK,short_name=sdswrf units=W m**-2 startStep=18 endStep=22
2022-01-16,12,24,dswrf_to_lead,"EGLC,LFPG",OK,short_name=sdswrf units=W m**-2 startStep=18 endStep=24
2022-01-16,12,22,dswrf_to_lead_minus2,"EGLC,LFPG",OK,short_name=sdswrf units=W m**-2 startStep=18 endStep=22
2022-02-17,12,24,dswrf_to_lead,"EGLC,LFPG",OK,short_name=sdswrf units=W m**-2 startStep=18 endStep=24
2022-02-17,12,22,dswrf_to_lead_minus2,"EGLC,LFPG",OK,short_name=sdswrf units=W m**-2 startStep=18 endStep=22
2022-03-03,12,24,dswrf_to_lead,"EGLC,LFPG",OK,short_name=sdswrf units=W m**-2 startStep=18 endStep=24
2022-03-03,12,22,dswrf_to_lead_minus2,"EGLC,LFPG",OK,short_name=sdswrf units=W m**-2 startStep=18 endStep=22
2022-02-10,12,24,dswrf_to_lead,"EGLC,LFPG",OK,short_name=sdswrf units=W m**-2 startStep=18 endStep=24
2022-02-10,12,22,dswrf_to_lead_minus2,"EGLC,LFPG",OK,short_name=sdswrf units=W m**-2 startStep=18 endStep=22
2022-02-12,12,24,dswrf_to_lead,"EGLC,LFPG",OK,short_name=sdswrf units=W m**-2 startStep=18 endStep=24
2022-02-12,12,22,dswrf_to_lead_minus2,"EGLC,LFPG",OK,short_name=sdswrf units=W m**-2 startStep=18 endStep=22
2021-12-28,12,24,dswrf_to_lead,"EGLC,LFPG",OK,short_name=sdswrf units=W m**-2 startStep=18 endStep=24
2021-12-28,12,22,dswrf_to_lead_minus2,"EGLC,LFPG",OK,short_name=sdswrf units=W m**-2 startStep=18 endStep=22
2022-01-10,12,24,dswrf_to_lead,"EGLC,LFPG",OK,short_name=sdswrf units=W m**-2 startStep=18 endStep=24
2022-01-10,12,22,dswrf_to_lead_minus2,"EGLC,LFPG",OK,short_name=sdswrf units=W m**-2 startStep=18 endStep=22
2022-02-21,12,24,dswrf_to_lead,"EGLC,LFPG",OK,short_name=sdswrf units=W m**-2 startStep=18 endStep=24
2022-02-21,12,22,dswrf_to_lead_minus2,"EGLC,LFPG",OK,short_name=sdswrf units=W m**-2 startStep=18 endStep=22
2022-02-04,12,24,dswrf_to_lead,"EGLC,LFPG",OK,short_name=sdswrf units=W m**-2 startStep=18 endStep=24
2022-02-04,12,22,dswrf_to_lead_minus2,"EGLC,LFPG",OK,short_name=sdswrf units=W m**-2 startStep=18 endStep=22
2022-01-11,12,24,dswrf_to_lead,"EGLC,LFPG",OK,short_name=sdswrf units=W m**-2 startStep=18 endStep=24
2022-01-11,12,22,dswrf_to_lead_minus2,"EGLC,LFPG",OK,short_name=sdswrf units=W m**-2 startStep=18 endStep=22
2022-02-08,12,24,dswrf_to_lead,"EGLC,LFPG",OK,short_name=sdswrf units=W m**-2 startStep=18 endStep=24
2022-02-08,12,22,dswrf_to_lead_minus2,"EGLC,LFPG",OK,short_name=sdswrf units=W m**-2 startStep=18 endStep=22
2022-02-14,12,24,dswrf_to_lead,"EGLC,LFPG",OK,short_name=sdswrf units=W m**-2 startStep=18 endStep=24
2022-02-14,12,22,dswrf_to_lead_minus2,"EGLC,LFPG",OK,short_name=sdswrf units=W m**-2 startStep=18 endStep=22
2021-11-29,12,24,dswrf_to_lead,"EGLC,LFPG",OK,short_name=sdswrf units=W m**-2 startStep=18 endStep=24
2021-11-29,12,22,dswrf_to_lead_minus2,"EGLC,LFPG",OK,short_name=sdswrf units=W m**-2 startStep=18 endStep=22
2022-02-05,12,24,dswrf_to_lead,"EGLC,LFPG",OK,short_name=sdswrf units=W m**-2 startStep=18 endStep=24
2022-02-05,12,22,dswrf_to_lead_minus2,"EGLC,LFPG",OK,short_name=sdswrf units=W m**-2 startStep=18 endStep=22
2022-03-08,12,24,dswrf_to_lead,"EGLC,LFPG",OK,short_name=sdswrf units=W m**-2 startStep=18 endStep=24
2022-03-08,12,22,dswrf_to_lead_minus2,"EGLC,LFPG",OK,short_name=sdswrf units=W m**-2 startStep=18 endStep=22
2022-01-22,12,24,dswrf_to_lead,"EGLC,LFPG",OK,short_name=sdswrf units=W m**-2 startStep=18 endStep=24
2022-01-22,12,22,dswrf_to_lead_minus2,"EGLC,LFPG",OK,short_name=sdswrf units=W m**-2 startStep=18 endStep=22
2022-02-22,12,24,dswrf_to_lead,"EGLC,LFPG",OK,short_name=sdswrf units=W m**-2 startStep=18 endStep=24
2022-02-22,12,22,dswrf_to_lead_minus2,"EGLC,LFPG",OK,short_name=sdswrf units=W m**-2 startStep=18 endStep=22
2022-01-07,12,24,dswrf_to_lead,"EGLC,LFPG",OK,short_name=sdswrf units=W m**-2 startStep=18 endStep=24
2022-01-07,12,22,dswrf_to_lead_minus2,"EGLC,LFPG",OK,short_name=sdswrf units=W m**-2 startStep=18 endStep=22
2022-02-16,12,24,dswrf_to_lead,"EGLC,LFPG",OK,short_name=sdswrf units=W m**-2 startStep=18 endStep=24
2022-02-16,12,22,dswrf_to_lead_minus2,"EGLC,LFPG",OK,short_name=sdswrf units=W m**-2 startStep=18 endStep=22
2022-02-06,12,24,dswrf_to_lead,"EGLC,LFPG",OK,short_name=sdswrf units=W m**-2 startStep=18 endStep=24
2022-02-06,12,22,dswrf_to_lead_minus2,"EGLC,LFPG",OK,short_name=sdswrf units=W m**-2 startStep=18 endStep=22
2022-02-03,12,24,dswrf_to_lead,"EGLC,LFPG",OK,short_name=sdswrf units=W m**-2 startStep=18 endStep=24
2022-02-03,12,22,dswrf_to_lead_minus2,"EGLC,LFPG",OK,short_name=sdswrf units=W m**-2 startStep=18 endStep=22
2022-02-09,12,24,dswrf_to_lead,"EGLC,LFPG",OK,short_name=sdswrf units=W m**-2 startStep=18 endStep=24
2022-02-09,12,22,dswrf_to_lead_minus2,"EGLC,LFPG",OK,short_name=sdswrf units=W m**-2 startStep=18 endStep=22
2022-03-11,12,24,dswrf_to_lead,"EGLC,LFPG",OK,short_name=sdswrf units=W m**-2 startStep=18 endStep=24
2022-03-11,12,22,dswrf_to_lead_minus2,"EGLC,LFPG",OK,short_name=sdswrf units=W m**-2 startStep=18 endStep=22
2022-03-12,12,24,dswrf_to_lead,"EGLC,LFPG",OK,short_name=sdswrf units=W m**-2 startStep=18 endStep=24
2022-03-12,12,22,dswrf_to_lead_minus2,"EGLC,LFPG",OK,short_name=sdswrf units=W m**-2 startStep=18 endStep=22
2022-03-09,12,24,dswrf_to_lead,"EGLC,LFPG",OK,short_name=sdswrf units=W m**-2 startStep=18 endStep=24
2022-03-09,12,22,dswrf_to_lead_minus2,"EGLC,LFPG",OK,short_name=sdswrf units=W m**-2 startStep=18 endStep=22
2022-03-21,12,24,dswrf_to_lead,"EGLC,LFPG",OK,short_name=sdswrf units=W m**-2 startStep=18 endStep=24
2022-03-21,12,22,dswrf_to_lead_minus2,"EGLC,LFPG",OK,short_name=sdswrf units=W m**-2 startStep=18 endStep=22
2022-03-15,12,24,dswrf_to_lead,"EGLC,LFPG",OK,short_name=sdswrf units=W m**-2 startStep=18 endStep=24
2022-03-15,12,22,dswrf_to_lead_minus2,"EGLC,LFPG",OK,short_name=sdswrf units=W m**-2 startStep=18 endStep=22
2022-02-23,12,24,dswrf_to_lead,"EGLC,LFPG",OK,short_name=sdswrf units=W m**-2 startStep=18 endStep=24
2022-02-23,12,22,dswrf_to_lead_minus2,"EGLC,LFPG",OK,short_name=sdswrf units=W m**-2 startStep=18 endStep=22
2022-02-20,12,24,dswrf_to_lead,"EGLC,LFPG",OK,short_name=sdswrf units=W m**-2 startStep=18 endStep=24
2022-02-20,12,22,dswrf_to_lead_minus2,"EGLC,LFPG",OK,short_name=sdswrf units=W m**-2 startStep=18 endStep=22
2022-03-17,12,24,dswrf_to_lead,"EGLC,LFPG",OK,short_name=sdswrf units=W m**-2 startStep=18 endStep=24
2022-03-17,12,22,dswrf_to_lead_minus2,"EGLC,LFPG",OK,short_name=sdswrf units=W m**-2 startStep=18 endStep=22
2022-02-13,12,24,dswrf_to_lead,"EGLC,LFPG",OK,short_name=sdswrf units=W m**-2 startStep=18 endStep=24
2022-02-13,12,22,dswrf_to_lead_minus2,"EGLC,LFPG",OK,short_name=sdswrf units=W m**-2 startStep=18 endStep=22
2022-02-15,12,24,dswrf_to_lead,"EGLC,LFPG",OK,short_name=sdswrf units=W m**-2 startStep=18 endStep=24
2022-02-15,12,22,dswrf_to_lead_minus2,"EGLC,LFPG",OK,short_name=sdswrf units=W m**-2 startStep=18 endStep=22
2022-03-06,12,24,dswrf_to_lead,"EGLC,LFPG",OK,short_name=sdswrf units=W m**-2 startStep=18 endStep=24
2022-03-06,12,22,dswrf_to_lead_minus2,"EGLC,LFPG",OK,short_name=sdswrf units=W m**-2 startStep=18 endStep=22
2022-03-02,12,24,dswrf_to_lead,"EGLC,LFPG",OK,short_name=sdswrf units=W m**-2 startStep=18 endStep=24
2022-03-02,12,22,dswrf_to_lead_minus2,"EGLC,LFPG",OK,short_name=sdswrf units=W m**-2 startStep=18 endStep=22
2022-02-19,12,24,dswrf_to_lead,"EGLC,LFPG",OK,short_name=sdswrf units=W m**-2 startStep=18 endStep=24
2022-02-19,12,22,dswrf_to_lead_minus2,"EGLC,LFPG",OK,short_name=sdswrf units=W m**-2 startStep=18 endStep=22
2022-03-04,12,24,dswrf_to_lead,"EGLC,LFPG",OK,short_name=sdswrf units=W m**-2 startStep=18 endStep=24
2022-03-04,12,22,dswrf_to_lead_minus2,"EGLC,LFPG",OK,short_name=sdswrf units=W m**-2 startStep=18 endStep=22
2022-02-11,12,24,dswrf_to_lead,"EGLC,LFPG",OK,short_name=sdswrf units=W m**-2 startStep=18 endStep=24
2022-02-11,12,22,dswrf_to_lead_minus2,"EGLC,LFPG",OK,short_name=sdswrf units=W m**-2 startStep=18 endStep=22
2022-04-07,12,24,dswrf_to_lead,"EGLC,LFPG",OK,short_name=sdswrf units=W m**-2 startStep=18 endStep=24
2022-04-07,12,22,dswrf_to_lead_minus2,"EGLC,LFPG",OK,short_name=sdswrf units=W m**-2 startStep=18 endStep=22
2022-03-05,12,24,dswrf_to_lead,"EGLC,LFPG",OK,short_name=sdswrf units=W m**-2 startStep=18 endStep=24
2022-03-05,12,22,dswrf_to_lead_minus2,"EGLC,LFPG",OK,short_name=sdswrf units=W m**-2 startStep=18 endStep=22
2022-03-10,12,24,dswrf_to_lead,"EGLC,LFPG",OK,short_name=sdswrf units=W m**-2 startStep=18 endStep=24
2022-03-10,12,22,dswrf_to_lead_minus2,"EGLC,LFPG",OK,short_name=sdswrf units=W m**-2 startStep=18 endStep=22
2022-03-13,12,24,dswrf_to_lead,"EGLC,LFPG",OK,short_name=sdswrf units=W m**-2 startStep=18 endStep=24
2022-03-13,12,22,dswrf_to_lead_minus2,"EGLC,LFPG",OK,short_name=sdswrf units=W m**-2 startStep=18 endStep=22
2022-03-24,12,24,dswrf_to_lead,"EGLC,LFPG",OK,short_name=sdswrf units=W m**-2 startStep=18 endStep=24
2022-03-24,12,22,dswrf_to_lead_minus2,"EGLC,LFPG",OK,short_name=sdswrf units=W m**-2 startStep=18 endStep=22
2022-02-18,12,24,dswrf_to_lead,"EGLC,LFPG",OK,short_name=sdswrf units=W m**-2 startStep=18 endStep=24
2022-02-18,12,22,dswrf_to_lead_minus2,"EGLC,LFPG",OK,short_name=sdswrf units=W m**-2 startStep=18 endStep=22
2022-02-25,12,24,dswrf_to_lead,"EGLC,LFPG",OK,short_name=sdswrf units=W m**-2 startStep=18 endStep=24
2022-02-25,12,22,dswrf_to_lead_minus2,"EGLC,LFPG",OK,short_name=sdswrf units=W m**-2 startStep=18 endStep=22
2022-03-07,12,24,dswrf_to_lead,"EGLC,LFPG",OK,short_name=sdswrf units=W m**-2 startStep=18 endStep=24
2022-03-07,12,22,dswrf_to_lead_minus2,"EGLC,LFPG",OK,short_name=sdswrf units=W m**-2 startStep=18 endStep=22
2022-04-06,12,24,dswrf_to_lead,"EGLC,LFPG",OK,short_name=sdswrf units=W m**-2 startStep=18 endStep=24
2022-04-06,12,22,dswrf_to_lead_minus2,"EGLC,LFPG",OK,short_name=sdswrf units=W m**-2 startStep=18 endStep=22
2022-04-05,12,24,dswrf_to_lead,"EGLC,LFPG",OK,short_name=sdswrf units=W m**-2 startStep=18 endStep=24
2022-04-05,12,22,dswrf_to_lead_minus2,"EGLC,LFPG",OK,short_name=sdswrf units=W m**-2 startStep=18 endStep=22
2022-03-30,12,24,dswrf_to_lead,"EGLC,LFPG",OK,short_name=sdswrf units=W m**-2 startStep=18 endStep=24
2022-03-30,12,22,dswrf_to_lead_minus2,"EGLC,LFPG",OK,short_name=sdswrf units=W m**-2 startStep=18 endStep=22
2022-02-28,12,24,dswrf_to_lead,"EGLC,LFPG",OK,short_name=sdswrf units=W m**-2 startStep=18 endStep=24
2022-02-28,12,22,dswrf_to_lead_minus2,"EGLC,LFPG",OK,short_name=sdswrf units=W m**-2 startStep=18 endStep=22
2022-03-18,12,24,dswrf_to_lead,"EGLC,LFPG",OK,short_name=sdswrf units=W m**-2 startStep=18 endStep=24
2022-03-18,12,22,dswrf_to_lead_minus2,"EGLC,LFPG",OK,short_name=sdswrf units=W m**-2 startStep=18 endStep=22
2022-03-23,12,24,dswrf_to_lead,"EGLC,LFPG",OK,short_name=sdswrf units=W m**-2 startStep=18 endStep=24
2022-03-23,12,22,dswrf_to_lead_minus2,"EGLC,LFPG",OK,short_name=sdswrf units=W m**-2 startStep=18 endStep=22
2022-03-01,12,24,dswrf_to_lead,"EGLC,LFPG",OK,short_name=sdswrf units=W m**-2 startStep=18 endStep=24
2022-03-01,12,22,dswrf_to_lead_minus2,"EGLC,LFPG",OK,short_name=sdswrf units=W m**-2 startStep=18 endStep=22
2022-03-16,12,24,dswrf_to_lead,"EGLC,LFPG",OK,short_name=sdswrf units=W m**-2 startStep=18 endStep=24
2022-03-16,12,22,dswrf_to_lead_minus2,"EGLC,LFPG",OK,short_name=sdswrf units=W m**-2 startStep=18 endStep=22
2022-03-26,12,24,dswrf_to_lead,"EGLC,LFPG",OK,short_name=sdswrf units=W m**-2 startStep=18 endStep=24
2022-03-26,12,22,dswrf_to_lead_minus2,"EGLC,LFPG",OK,short_name=sdswrf units=W m**-2 startStep=18 endStep=22
2022-03-20,12,24,dswrf_to_lead,"EGLC,LFPG",OK,short_name=sdswrf units=W m**-2 startStep=18 endStep=24
2022-03-20,12,22,dswrf_to_lead_minus2,"EGLC,LFPG",OK,short_name=sdswrf units=W m**-2 startStep=18 endStep=22
2022-04-04,12,24,dswrf_to_lead,"EGLC,LFPG",OK,short_name=sdswrf units=W m**-2 startStep=18 endStep=24
2022-04-04,12,22,dswrf_to_lead_minus2,"EGLC,LFPG",OK,short_name=sdswrf units=W m**-2 startStep=18 endStep=22
2022-02-27,12,24,dswrf_to_lead,"EGLC,LFPG",OK,short_name=sdswrf units=W m**-2 startStep=18 endStep=24
2022-02-27,12,22,dswrf_to_lead_minus2,"EGLC,LFPG",OK,short_name=sdswrf units=W m**-2 startStep=18 endStep=22
2022-03-31,12,24,dswrf_to_lead,"EGLC,LFPG",OK,short_name=sdswrf units=W m**-2 startStep=18 endStep=24
2022-03-31,12,22,dswrf_to_lead_minus2,"EGLC,LFPG",OK,short_name=sdswrf units=W m**-2 startStep=18 endStep=22
2022-02-26,12,24,dswrf_to_lead,"EGLC,LFPG",OK,short_name=sdswrf units=W m**-2 startStep=18 endStep=24
2022-02-26,12,22,dswrf_to_lead_minus2,"EGLC,LFPG",OK,short_name=sdswrf units=W m**-2 startStep=18 endStep=22
2022-04-10,12,24,dswrf_to_lead,"EGLC,LFPG",OK,short_name=sdswrf units=W m**-2 startStep=18 endStep=24
2022-04-10,12,22,dswrf_to_lead_minus2,"EGLC,LFPG",OK,short_name=sdswrf units=W m**-2 startStep=18 endStep=22
2022-03-22,12,24,dswrf_to_lead,"EGLC,LFPG",OK,short_name=sdswrf units=W m**-2 startStep=18 endStep=24
2022-03-22,12,22,dswrf_to_lead_minus2,"EGLC,LFPG",OK,short_name=sdswrf units=W m**-2 startStep=18 endStep=22
2022-04-16,12,24,dswrf_to_lead,"EGLC,LFPG",OK,short_name=sdswrf units=W m**-2 startStep=18 endStep=24
2022-04-16,12,22,dswrf_to_lead_minus2,"EGLC,LFPG",OK,short_name=sdswrf units=W m**-2 startStep=18 endStep=22
2022-03-19,12,24,dswrf_to_lead,"EGLC,LFPG",OK,short_name=sdswrf units=W m**-2 startStep=18 endStep=24
2022-03-19,12,22,dswrf_to_lead_minus2,"EGLC,LFPG",OK,short_name=sdswrf units=W m**-2 startStep=18 endStep=22
2022-04-01,12,24,dswrf_to_lead,"EGLC,LFPG",OK,short_name=sdswrf units=W m**-2 startStep=18 endStep=24
2022-04-01,12,22,dswrf_to_lead_minus2,"EGLC,LFPG",OK,short_name=sdswrf units=W m**-2 startStep=18 endStep=22
2022-03-14,12,24,dswrf_to_lead,"EGLC,LFPG",OK,short_name=sdswrf units=W m**-2 startStep=18 endStep=24
2022-03-14,12,22,dswrf_to_lead_minus2,"EGLC,LFPG",OK,short_name=sdswrf units=W m**-2 startStep=18 endStep=22
2022-04-08,12,24,dswrf_to_lead,"EGLC,LFPG",OK,short_name=sdswrf units=W m**-2 startStep=18 endStep=24
2022-04-08,12,22,dswrf_to_lead_minus2,"EGLC,LFPG",OK,short_name=sdswrf units=W m**-2 startStep=18 endStep=22
2022-04-15,12,24,dswrf_to_lead,"EGLC,LFPG",OK,short_name=sdswrf units=W m**-2 startStep=18 endStep=24
2022-04-15,12,22,dswrf_to_lead_minus2,"EGLC,LFPG",OK,short_name=sdswrf units=W m**-2 startStep=18 endStep=22
2022-04-13,12,24,dswrf_to_lead,"EGLC,LFPG",OK,short_name=sdswrf units=W m**-2 startStep=18 endStep=24
2022-04-13,12,22,dswrf_to_lead_minus2,"EGLC,LFPG",OK,short_name=sdswrf units=W m**-2 startStep=18 endStep=22
2022-04-20,12,24,dswrf_to_lead,"EGLC,LFPG",OK,short_name=sdswrf units=W m**-2 startStep=18 endStep=24
2022-04-20,12,22,dswrf_to_lead_minus2,"EGLC,LFPG",OK,short_name=sdswrf units=W m**-2 startStep=18 endStep=22
2022-03-29,12,24,dswrf_to_lead,"EGLC,LFPG",OK,short_name=sdswrf units=W m**-2 startStep=18 endStep=24
2022-03-29,12,22,dswrf_to_lead_minus2,"EGLC,LFPG",OK,short_name=sdswrf units=W m**-2 startStep=18 endStep=22
2022-04-18,12,24,dswrf_to_lead,"EGLC,LFPG",OK,short_name=sdswrf units=W m**-2 startStep=18 endStep=24
2022-04-18,12,22,dswrf_to_lead_minus2,"EGLC,LFPG",OK,short_name=sdswrf units=W m**-2 startStep=18 endStep=22
2022-02-24,12,24,dswrf_to_lead,"EGLC,LFPG",OK,short_name=sdswrf units=W m**-2 startStep=18 endStep=24
2022-02-24,12,22,dswrf_to_lead_minus2,"EGLC,LFPG",OK,short_name=sdswrf units=W m**-2 startStep=18 endStep=22
2022-04-22,12,24,dswrf_to_lead,"EGLC,LFPG",OK,short_name=sdswrf units=W m**-2 startStep=18 endStep=24
2022-04-22,12,22,dswrf_to_lead_minus2,"EGLC,LFPG",OK,short_name=sdswrf units=W m**-2 startStep=18 endStep=22
2022-04-12,12,24,dswrf_to_lead,"EGLC,LFPG",OK,short_name=sdswrf units=W m**-2 startStep=18 endStep=24
2022-04-12,12,22,dswrf_to_lead_minus2,"EGLC,LFPG",OK,short_name=sdswrf units=W m**-2 startStep=18 endStep=22
2022-04-02,12,24,dswrf_to_lead,"EGLC,LFPG",OK,short_name=sdswrf units=W m**-2 startStep=18 endStep=24
2022-04-02,12,22,dswrf_to_lead_minus2,"EGLC,LFPG",OK,short_name=sdswrf units=W m**-2 startStep=18 endStep=22
2022-03-27,12,24,dswrf_to_lead,"EGLC,LFPG",OK,short_name=sdswrf units=W m**-2 startStep=18 endStep=24
2022-03-27,12,22,dswrf_to_lead_minus2,"EGLC,LFPG",OK,short_name=sdswrf units=W m**-2 startStep=18 endStep=22
2022-03-28,12,24,dswrf_to_lead,"EGLC,LFPG",OK,short_name=sdswrf units=W m**-2 startStep=18 endStep=24
2022-03-28,12,22,dswrf_to_lead_minus2,"EGLC,LFPG",OK,short_name=sdswrf units=W m**-2 startStep=18 endStep=22
2022-04-25,12,24,dswrf_to_lead,"EGLC,LFPG",OK,short_name=sdswrf units=W m**-2 startStep=18 endStep=24
2022-04-25,12,22,dswrf_to_lead_minus2,"EGLC,LFPG",OK,short_name=sdswrf units=W m**-2 startStep=18 endStep=22
2022-05-03,12,24,dswrf_to_lead,"EGLC,LFPG",OK,short_name=sdswrf units=W m**-2 startStep=18 endStep=24
2022-05-03,12,22,dswrf_to_lead_minus2,"EGLC,LFPG",OK,short_name=sdswrf units=W m**-2 startStep=18 endStep=22
2022-03-25,12,24,dswrf_to_lead,"EGLC,LFPG",OK,short_name=sdswrf units=W m**-2 startStep=18 endStep=24
2022-03-25,12,22,dswrf_to_lead_minus2,"EGLC,LFPG",OK,short_name=sdswrf units=W m**-2 startStep=18 endStep=22
2022-05-16,12,24,dswrf_to_lead,"EGLC,LFPG",OK,short_name=sdswrf units=W m**-2 startStep=18 endStep=24
2022-05-16,12,22,dswrf_to_lead_minus2,"EGLC,LFPG",OK,short_name=sdswrf units=W m**-2 startStep=18 endStep=22
2022-05-18,12,24,dswrf_to_lead,"EGLC,LFPG",OK,short_name=sdswrf units=W m**-2 startStep=18 endStep=24
2022-05-18,12,22,dswrf_to_lead_minus2,"EGLC,LFPG",OK,short_name=sdswrf units=W m**-2 startStep=18 endStep=22
2022-04-17,12,24,dswrf_to_lead,"EGLC,LFPG",OK,short_name=sdswrf units=W m**-2 startStep=18 endStep=24
2022-04-17,12,22,dswrf_to_lead_minus2,"EGLC,LFPG",OK,short_name=sdswrf units=W m**-2 startStep=18 endStep=22
2022-05-13,12,24,dswrf_to_lead,"EGLC,LFPG",OK,short_name=sdswrf units=W m**-2 startStep=18 endStep=24
2022-05-13,12,22,dswrf_to_lead_minus2,"EGLC,LFPG",OK,short_name=sdswrf units=W m**-2 startStep=18 endStep=22
2022-05-09,12,24,dswrf_to_lead,"EGLC,LFPG",OK,short_name=sdswrf units=W m**-2 startStep=18 endStep=24
2022-05-09,12,22,dswrf_to_lead_minus2,"EGLC,LFPG",OK,short_name=sdswrf units=W m**-2 startStep=18 endStep=22
2022-05-05,12,24,dswrf_to_lead,"EGLC,LFPG",OK,short_name=sdswrf units=W m**-2 startStep=18 endStep=24
2022-05-05,12,22,dswrf_to_lead_minus2,"EGLC,LFPG",OK,short_name=sdswrf units=W m**-2 startStep=18 endStep=22
2022-04-24,12,24,dswrf_to_lead,"EGLC,LFPG",OK,short_name=sdswrf units=W m**-2 startStep=18 endStep=24
2022-04-24,12,22,dswrf_to_lead_minus2,"EGLC,LFPG",OK,short_name=sdswrf units=W m**-2 startStep=18 endStep=22
2022-05-12,12,24,dswrf_to_lead,"EGLC,LFPG",OK,short_name=sdswrf units=W m**-2 startStep=18 endStep=24
2022-05-12,12,22,dswrf_to_lead_minus2,"EGLC,LFPG",OK,short_name=sdswrf units=W m**-2 startStep=18 endStep=22
2022-04-03,12,24,dswrf_to_lead,"EGLC,LFPG",OK,short_name=sdswrf units=W m**-2 startStep=18 endStep=24
2022-04-03,12,22,dswrf_to_lead_minus2,"EGLC,LFPG",OK,short_name=sdswrf units=W m**-2 startStep=18 endStep=22
2022-05-01,12,24,dswrf_to_lead,"EGLC,LFPG",OK,short_name=sdswrf units=W m**-2 startStep=18 endStep=24
2022-05-01,12,22,dswrf_to_lead_minus2,"EGLC,LFPG",OK,short_name=sdswrf units=W m**-2 startStep=18 endStep=22
2022-04-30,12,24,dswrf_to_lead,"EGLC,LFPG",OK,short_name=sdswrf units=W m**-2 startStep=18 endStep=24
2022-04-30,12,22,dswrf_to_lead_minus2,"EGLC,LFPG",OK,short_name=sdswrf units=W m**-2 startStep=18 endStep=22
2022-04-26,12,24,dswrf_to_lead,"EGLC,LFPG",OK,short_name=sdswrf units=W m**-2 startStep=18 endStep=24
2022-04-26,12,22,dswrf_to_lead_minus2,"EGLC,LFPG",OK,short_name=sdswrf units=W m**-2 startStep=18 endStep=22
2022-05-24,12,24,dswrf_to_lead,"EGLC,LFPG",OK,short_name=sdswrf units=W m**-2 startStep=18 endStep=24
2022-05-24,12,22,dswrf_to_lead_minus2,"EGLC,LFPG",OK,short_name=sdswrf units=W m**-2 startStep=18 endStep=22
2022-04-09,12,24,dswrf_to_lead,"EGLC,LFPG",OK,short_name=sdswrf units=W m**-2 startStep=18 endStep=24
2022-04-09,12,22,dswrf_to_lead_minus2,"EGLC,LFPG",OK,short_name=sdswrf units=W m**-2 startStep=18 endStep=22
2022-04-21,12,24,dswrf_to_lead,"EGLC,LFPG",OK,short_name=sdswrf units=W m**-2 startStep=18 endStep=24
2022-04-21,12,22,dswrf_to_lead_minus2,"EGLC,LFPG",OK,short_name=sdswrf units=W m**-2 startStep=18 endStep=22
2022-04-23,12,24,dswrf_to_lead,"EGLC,LFPG",OK,short_name=sdswrf units=W m**-2 startStep=18 endStep=24
2022-04-23,12,22,dswrf_to_lead_minus2,"EGLC,LFPG",OK,short_name=sdswrf units=W m**-2 startStep=18 endStep=22
2022-05-19,12,24,dswrf_to_lead,"EGLC,LFPG",OK,short_name=sdswrf units=W m**-2 startStep=18 endStep=24
2022-05-19,12,22,dswrf_to_lead_minus2,"EGLC,LFPG",OK,short_name=sdswrf units=W m**-2 startStep=18 endStep=22
2022-05-21,12,24,dswrf_to_lead,"EGLC,LFPG",OK,short_name=sdswrf units=W m**-2 startStep=18 endStep=24
2022-05-21,12,22,dswrf_to_lead_minus2,"EGLC,LFPG",OK,short_name=sdswrf units=W m**-2 startStep=18 endStep=22
2022-05-15,12,24,dswrf_to_lead,"EGLC,LFPG",OK,short_name=sdswrf units=W m**-2 startStep=18 endStep=24
2022-05-15,12,22,dswrf_to_lead_minus2,"EGLC,LFPG",OK,short_name=sdswrf units=W m**-2 startStep=18 endStep=22
2022-04-19,12,24,dswrf_to_lead,"EGLC,LFPG",OK,short_name=sdswrf units=W m**-2 startStep=18 endStep=24
2022-04-19,12,22,dswrf_to_lead_minus2,"EGLC,LFPG",OK,short_name=sdswrf units=W m**-2 startStep=18 endStep=22
2022-05-26,12,24,dswrf_to_lead,"EGLC,LFPG",OK,short_name=sdswrf units=W m**-2 startStep=18 endStep=24
2022-05-26,12,22,dswrf_to_lead_minus2,"EGLC,LFPG",OK,short_name=sdswrf units=W m**-2 startStep=18 endStep=22
2022-04-11,12,24,dswrf_to_lead,"EGLC,LFPG",OK,short_name=sdswrf units=W m**-2 startStep=18 endStep=24
2022-04-11,12,22,dswrf_to_lead_minus2,"EGLC,LFPG",OK,short_name=sdswrf units=W m**-2 startStep=18 endStep=22
2022-04-14,12,24,dswrf_to_lead,"EGLC,LFPG",OK,short_name=sdswrf units=W m**-2 startStep=18 endStep=24
2022-04-14,12,22,dswrf_to_lead_minus2,"EGLC,LFPG",OK,short_name=sdswrf units=W m**-2 startStep=18 endStep=22
2022-05-23,12,24,dswrf_to_lead,"EGLC,LFPG",OK,short_name=sdswrf units=W m**-2 startStep=18 endStep=24
2022-05-23,12,22,dswrf_to_lead_minus2,"EGLC,LFPG",OK,short_name=sdswrf units=W m**-2 startStep=18 endStep=22
2022-05-06,12,24,dswrf_to_lead,"EGLC,LFPG",OK,short_name=sdswrf units=W m**-2 startStep=18 endStep=24
2022-05-06,12,22,dswrf_to_lead_minus2,"EGLC,LFPG",OK,short_name=sdswrf units=W m**-2 startStep=18 endStep=22
2022-05-28,12,24,dswrf_to_lead,"EGLC,LFPG",OK,short_name=sdswrf units=W m**-2 startStep=18 endStep=24
2022-05-28,12,22,dswrf_to_lead_minus2,"EGLC,LFPG",OK,short_name=sdswrf units=W m**-2 startStep=18 endStep=22
2022-04-29,12,24,dswrf_to_lead,"EGLC,LFPG",OK,short_name=sdswrf units=W m**-2 startStep=18 endStep=24
2022-04-29,12,22,dswrf_to_lead_minus2,"EGLC,LFPG",OK,short_name=sdswrf units=W m**-2 startStep=18 endStep=22
2022-05-20,12,24,dswrf_to_lead,"EGLC,LFPG",OK,short_name=sdswrf units=W m**-2 startStep=18 endStep=24
2022-05-20,12,22,dswrf_to_lead_minus2,"EGLC,LFPG",OK,short_name=sdswrf units=W m**-2 startStep=18 endStep=22
2022-05-14,12,24,dswrf_to_lead,"EGLC,LFPG",OK,short_name=sdswrf units=W m**-2 startStep=18 endStep=24
2022-05-14,12,22,dswrf_to_lead_minus2,"EGLC,LFPG",OK,short_name=sdswrf units=W m**-2 startStep=18 endStep=22
2022-06-20,12,24,dswrf_to_lead,"EGLC,LFPG",OK,short_name=sdswrf units=W m**-2 startStep=18 endStep=24
2022-06-20,12,22,dswrf_to_lead_minus2,"EGLC,LFPG",OK,short_name=sdswrf units=W m**-2 startStep=18 endStep=22
2022-04-28,12,24,dswrf_to_lead,"EGLC,LFPG",OK,short_name=sdswrf units=W m**-2 startStep=18 endStep=24
2022-04-28,12,22,dswrf_to_lead_minus2,"EGLC,LFPG",OK,short_name=sdswrf units=W m**-2 startStep=18 endStep=22
2022-06-24,12,24,dswrf_to_lead,"EGLC,LFPG",OK,short_name=sdswrf units=W m**-2 startStep=18 endStep=24
2022-06-24,12,22,dswrf_to_lead_minus2,"EGLC,LFPG",OK,short_name=sdswrf units=W m**-2 startStep=18 endStep=22
2022-04-27,12,24,dswrf_to_lead,"EGLC,LFPG",OK,short_name=sdswrf units=W m**-2 startStep=18 endStep=24
2022-04-27,12,22,dswrf_to_lead_minus2,"EGLC,LFPG",OK,short_name=sdswrf units=W m**-2 startStep=18 endStep=22
2022-06-04,12,24,dswrf_to_lead,"EGLC,LFPG",OK,short_name=sdswrf units=W m**-2 startStep=18 endStep=24
2022-06-04,12,22,dswrf_to_lead_minus2,"EGLC,LFPG",OK,short_name=sdswrf units=W m**-2 startStep=18 endStep=22
2022-06-11,12,24,dswrf_to_lead,"EGLC,LFPG",OK,short_name=sdswrf units=W m**-2 startStep=18 endStep=24
2022-06-11,12,22,dswrf_to_lead_minus2,"EGLC,LFPG",OK,short_name=sdswrf units=W m**-2 startStep=18 endStep=22
2022-06-15,12,24,dswrf_to_lead,"EGLC,LFPG",OK,short_name=sdswrf units=W m**-2 startStep=18 endStep=24
2022-06-15,12,22,dswrf_to_lead_minus2,"EGLC,LFPG",OK,short_name=sdswrf units=W m**-2 startStep=18 endStep=22
2022-05-04,12,24,dswrf_to_lead,"EGLC,LFPG",OK,short_name=sdswrf units=W m**-2 startStep=18 endStep=24
2022-05-04,12,22,dswrf_to_lead_minus2,"EGLC,LFPG",OK,short_name=sdswrf units=W m**-2 startStep=18 endStep=22
2022-06-16,12,24,dswrf_to_lead,"EGLC,LFPG",OK,short_name=sdswrf units=W m**-2 startStep=18 endStep=24
2022-06-16,12,22,dswrf_to_lead_minus2,"EGLC,LFPG",OK,short_name=sdswrf units=W m**-2 startStep=18 endStep=22
2022-06-13,12,24,dswrf_to_lead,"EGLC,LFPG",OK,short_name=sdswrf units=W m**-2 startStep=18 endStep=24
2022-06-13,12,22,dswrf_to_lead_minus2,"EGLC,LFPG",OK,short_name=sdswrf units=W m**-2 startStep=18 endStep=22
2022-06-01,12,24,dswrf_to_lead,"EGLC,LFPG",OK,short_name=sdswrf units=W m**-2 startStep=18 endStep=24
2022-06-01,12,22,dswrf_to_lead_minus2,"EGLC,LFPG",OK,short_name=sdswrf units=W m**-2 startStep=18 endStep=22
2022-05-17,12,24,dswrf_to_lead,"EGLC,LFPG",OK,short_name=sdswrf units=W m**-2 startStep=18 endStep=24
2022-05-17,12,22,dswrf_to_lead_minus2,"EGLC,LFPG",OK,short_name=sdswrf units=W m**-2 startStep=18 endStep=22
2022-05-10,12,24,dswrf_to_lead,"EGLC,LFPG",OK,short_name=sdswrf units=W m**-2 startStep=18 endStep=24
2022-05-10,12,22,dswrf_to_lead_minus2,"EGLC,LFPG",OK,short_name=sdswrf units=W m**-2 startStep=18 endStep=22
2022-06-09,12,24,dswrf_to_lead,"EGLC,LFPG",OK,short_name=sdswrf units=W m**-2 startStep=18 endStep=24
2022-06-09,12,22,dswrf_to_lead_minus2,"EGLC,LFPG",OK,short_name=sdswrf units=W m**-2 startStep=18 endStep=22
2022-06-19,12,24,dswrf_to_lead,"EGLC,LFPG",OK,short_name=sdswrf units=W m**-2 startStep=18 endStep=24
2022-06-19,12,22,dswrf_to_lead_minus2,"EGLC,LFPG",OK,short_name=sdswrf units=W m**-2 startStep=18 endStep=22
2022-06-18,12,24,dswrf_to_lead,"EGLC,LFPG",OK,short_name=sdswrf units=W m**-2 startStep=18 endStep=24
2022-06-18,12,22,dswrf_to_lead_minus2,"EGLC,LFPG",OK,short_name=sdswrf units=W m**-2 startStep=18 endStep=22
2022-05-25,12,24,dswrf_to_lead,"EGLC,LFPG",OK,short_name=sdswrf units=W m**-2 startStep=18 endStep=24
2022-05-25,12,22,dswrf_to_lead_minus2,"EGLC,LFPG",OK,short_name=sdswrf units=W m**-2 startStep=18 endStep=22
2022-06-17,12,24,dswrf_to_lead,"EGLC,LFPG",OK,short_name=sdswrf units=W m**-2 startStep=18 endStep=24
2022-06-17,12,22,dswrf_to_lead_minus2,"EGLC,LFPG",OK,short_name=sdswrf units=W m**-2 startStep=18 endStep=22
2022-05-11,12,24,dswrf_to_lead,"EGLC,LFPG",OK,short_name=sdswrf units=W m**-2 startStep=18 endStep=24
2022-05-11,12,22,dswrf_to_lead_minus2,"EGLC,LFPG",OK,short_name=sdswrf units=W m**-2 startStep=18 endStep=22
2022-05-31,12,24,dswrf_to_lead,"EGLC,LFPG",OK,short_name=sdswrf units=W m**-2 startStep=18 endStep=24
2022-05-31,12,22,dswrf_to_lead_minus2,"EGLC,LFPG",OK,short_name=sdswrf units=W m**-2 startStep=18 endStep=22
2022-06-07,12,24,dswrf_to_lead,"EGLC,LFPG",OK,short_name=sdswrf units=W m**-2 startStep=18 endStep=24
2022-06-07,12,22,dswrf_to_lead_minus2,"EGLC,LFPG",OK,short_name=sdswrf units=W m**-2 startStep=18 endStep=22
2022-05-08,12,24,dswrf_to_lead,"EGLC,LFPG",OK,short_name=sdswrf units=W m**-2 startStep=18 endStep=24
2022-05-08,12,22,dswrf_to_lead_minus2,"EGLC,LFPG",OK,short_name=sdswrf units=W m**-2 startStep=18 endStep=22
2022-05-27,12,24,dswrf_to_lead,"EGLC,LFPG",OK,short_name=sdswrf units=W m**-2 startStep=18 endStep=24
2022-05-27,12,22,dswrf_to_lead_minus2,"EGLC,LFPG",OK,short_name=sdswrf units=W m**-2 startStep=18 endStep=22
2022-06-03,12,24,dswrf_to_lead,"EGLC,LFPG",OK,short_name=sdswrf units=W m**-2 startStep=18 endStep=24
2022-06-03,12,22,dswrf_to_lead_minus2,"EGLC,LFPG",OK,short_name=sdswrf units=W m**-2 startStep=18 endStep=22
2022-05-02,12,24,dswrf_to_lead,"EGLC,LFPG",OK,short_name=sdswrf units=W m**-2 startStep=18 endStep=24
2022-05-02,12,22,dswrf_to_lead_minus2,"EGLC,LFPG",OK,short_name=sdswrf units=W m**-2 startStep=18 endStep=22
2022-06-21,12,24,dswrf_to_lead,"EGLC,LFPG",OK,short_name=sdswrf units=W m**-2 startStep=18 endStep=24
2022-06-21,12,22,dswrf_to_lead_minus2,"EGLC,LFPG",OK,short_name=sdswrf units=W m**-2 startStep=18 endStep=22
2022-06-26,12,24,dswrf_to_lead,"EGLC,LFPG",OK,short_name=sdswrf units=W m**-2 startStep=18 endStep=24
2022-06-26,12,22,dswrf_to_lead_minus2,"EGLC,LFPG",OK,short_name=sdswrf units=W m**-2 startStep=18 endStep=22
2022-06-14,12,24,dswrf_to_lead,"EGLC,LFPG",OK,short_name=sdswrf units=W m**-2 startStep=18 endStep=24
2022-06-14,12,22,dswrf_to_lead_minus2,"EGLC,LFPG",OK,short_name=sdswrf units=W m**-2 startStep=18 endStep=22
2022-06-10,12,24,dswrf_to_lead,"EGLC,LFPG",OK,short_name=sdswrf units=W m**-2 startStep=18 endStep=24
2022-06-10,12,22,dswrf_to_lead_minus2,"EGLC,LFPG",OK,short_name=sdswrf units=W m**-2 startStep=18 endStep=22
2022-06-05,12,24,dswrf_to_lead,"EGLC,LFPG",OK,short_name=sdswrf units=W m**-2 startStep=18 endStep=24
2022-06-05,12,22,dswrf_to_lead_minus2,"EGLC,LFPG",OK,short_name=sdswrf units=W m**-2 startStep=18 endStep=22
2022-06-23,12,24,dswrf_to_lead,"EGLC,LFPG",OK,short_name=sdswrf units=W m**-2 startStep=18 endStep=24
2022-06-23,12,22,dswrf_to_lead_minus2,"EGLC,LFPG",OK,short_name=sdswrf units=W m**-2 startStep=18 endStep=22
2022-05-29,12,24,dswrf_to_lead,"EGLC,LFPG",OK,short_name=sdswrf units=W m**-2 startStep=18 endStep=24
2022-05-29,12,22,dswrf_to_lead_minus2,"EGLC,LFPG",OK,short_name=sdswrf units=W m**-2 startStep=18 endStep=22
2022-05-22,12,24,dswrf_to_lead,"EGLC,LFPG",OK,short_name=sdswrf units=W m**-2 startStep=18 endStep=24
2022-05-22,12,22,dswrf_to_lead_minus2,"EGLC,LFPG",OK,short_name=sdswrf units=W m**-2 startStep=18 endStep=22
2022-06-02,12,24,dswrf_to_lead,"EGLC,LFPG",OK,short_name=sdswrf units=W m**-2 startStep=18 endStep=24
2022-06-02,12,22,dswrf_to_lead_minus2,"EGLC,LFPG",OK,short_name=sdswrf units=W m**-2 startStep=18 endStep=22
2022-07-11,12,24,dswrf_to_lead,"EGLC,LFPG",OK,short_name=sdswrf units=W m**-2 startStep=18 endStep=24
2022-07-11,12,22,dswrf_to_lead_minus2,"EGLC,LFPG",OK,short_name=sdswrf units=W m**-2 startStep=18 endStep=22
2022-07-03,12,24,dswrf_to_lead,"EGLC,LFPG",OK,short_name=sdswrf units=W m**-2 startStep=18 endStep=24
2022-07-03,12,22,dswrf_to_lead_minus2,"EGLC,LFPG",OK,short_name=sdswrf units=W m**-2 startStep=18 endStep=22
2022-06-12,12,24,dswrf_to_lead,"EGLC,LFPG",OK,short_name=sdswrf units=W m**-2 startStep=18 endStep=24
2022-06-12,12,22,dswrf_to_lead_minus2,"EGLC,LFPG",OK,short_name=sdswrf units=W m**-2 startStep=18 endStep=22
2022-06-30,12,24,dswrf_to_lead,"EGLC,LFPG",OK,short_name=sdswrf units=W m**-2 startStep=18 endStep=24
2022-06-30,12,22,dswrf_to_lead_minus2,"EGLC,LFPG",OK,short_name=sdswrf units=W m**-2 startStep=18 endStep=22
2022-05-07,12,24,dswrf_to_lead,"EGLC,LFPG",OK,short_name=sdswrf units=W m**-2 startStep=18 endStep=24
2022-05-07,12,22,dswrf_to_lead_minus2,"EGLC,LFPG",OK,short_name=sdswrf units=W m**-2 startStep=18 endStep=22
2022-07-04,12,24,dswrf_to_lead,"EGLC,LFPG",OK,short_name=sdswrf units=W m**-2 startStep=18 endStep=24
2022-07-04,12,22,dswrf_to_lead_minus2,"EGLC,LFPG",OK,short_name=sdswrf units=W m**-2 startStep=18 endStep=22
2022-06-06,12,24,dswrf_to_lead,"EGLC,LFPG",OK,short_name=sdswrf units=W m**-2 startStep=18 endStep=24
2022-06-06,12,22,dswrf_to_lead_minus2,"EGLC,LFPG",OK,short_name=sdswrf units=W m**-2 startStep=18 endStep=22
2022-08-03,12,24,dswrf_to_lead,"EGLC,LFPG",OK,short_name=sdswrf units=W m**-2 startStep=18 endStep=24
2022-08-03,12,22,dswrf_to_lead_minus2,"EGLC,LFPG",OK,short_name=sdswrf units=W m**-2 startStep=18 endStep=22
2022-06-27,12,24,dswrf_to_lead,"EGLC,LFPG",OK,short_name=sdswrf units=W m**-2 startStep=18 endStep=24
2022-06-27,12,22,dswrf_to_lead_minus2,"EGLC,LFPG",OK,short_name=sdswrf units=W m**-2 startStep=18 endStep=22
2022-05-30,12,24,dswrf_to_lead,"EGLC,LFPG",OK,short_name=sdswrf units=W m**-2 startStep=18 endStep=24
2022-05-30,12,22,dswrf_to_lead_minus2,"EGLC,LFPG",OK,short_name=sdswrf units=W m**-2 startStep=18 endStep=22
2022-07-06,12,24,dswrf_to_lead,"EGLC,LFPG",OK,short_name=sdswrf units=W m**-2 startStep=18 endStep=24
2022-07-06,12,22,dswrf_to_lead_minus2,"EGLC,LFPG",OK,short_name=sdswrf units=W m**-2 startStep=18 endStep=22
2022-07-09,12,24,dswrf_to_lead,"EGLC,LFPG",OK,short_name=sdswrf units=W m**-2 startStep=18 endStep=24
2022-07-09,12,22,dswrf_to_lead_minus2,"EGLC,LFPG",OK,short_name=sdswrf units=W m**-2 startStep=18 endStep=22
2022-06-08,12,24,dswrf_to_lead,"EGLC,LFPG",OK,short_name=sdswrf units=W m**-2 startStep=18 endStep=24
2022-06-08,12,22,dswrf_to_lead_minus2,"EGLC,LFPG",OK,short_name=sdswrf units=W m**-2 startStep=18 endStep=22
2022-06-25,12,24,dswrf_to_lead,"EGLC,LFPG",OK,short_name=sdswrf units=W m**-2 startStep=18 endStep=24
2022-06-25,12,22,dswrf_to_lead_minus2,"EGLC,LFPG",OK,short_name=sdswrf units=W m**-2 startStep=18 endStep=22
2022-06-28,12,24,dswrf_to_lead,"EGLC,LFPG",OK,short_name=sdswrf units=W m**-2 startStep=18 endStep=24
2022-06-28,12,22,dswrf_to_lead_minus2,"EGLC,LFPG",OK,short_name=sdswrf units=W m**-2 startStep=18 endStep=22
2022-06-22,12,24,dswrf_to_lead,"EGLC,LFPG",OK,short_name=sdswrf units=W m**-2 startStep=18 endStep=24
2022-06-22,12,22,dswrf_to_lead_minus2,"EGLC,LFPG",OK,short_name=sdswrf units=W m**-2 startStep=18 endStep=22
2022-07-01,12,24,dswrf_to_lead,"EGLC,LFPG",OK,short_name=sdswrf units=W m**-2 startStep=18 endStep=24
2022-07-01,12,22,dswrf_to_lead_minus2,"EGLC,LFPG",OK,short_name=sdswrf units=W m**-2 startStep=18 endStep=22
2022-07-07,12,24,dswrf_to_lead,"EGLC,LFPG",OK,short_name=sdswrf units=W m**-2 startStep=18 endStep=24
2022-07-07,12,22,dswrf_to_lead_minus2,"EGLC,LFPG",OK,short_name=sdswrf units=W m**-2 startStep=18 endStep=22
2022-07-02,12,24,dswrf_to_lead,"EGLC,LFPG",OK,short_name=sdswrf units=W m**-2 startStep=18 endStep=24
2022-07-02,12,22,dswrf_to_lead_minus2,"EGLC,LFPG",OK,short_name=sdswrf units=W m**-2 startStep=18 endStep=22
2022-07-20,12,24,dswrf_to_lead,"EGLC,LFPG",OK,short_name=sdswrf units=W m**-2 startStep=18 endStep=24
2022-07-20,12,22,dswrf_to_lead_minus2,"EGLC,LFPG",OK,short_name=sdswrf units=W m**-2 startStep=18 endStep=22
2022-07-21,12,24,dswrf_to_lead,"EGLC,LFPG",OK,short_name=sdswrf units=W m**-2 startStep=18 endStep=24
2022-07-21,12,22,dswrf_to_lead_minus2,"EGLC,LFPG",OK,short_name=sdswrf units=W m**-2 startStep=18 endStep=22
2022-08-08,12,24,dswrf_to_lead,"EGLC,LFPG",OK,short_name=sdswrf units=W m**-2 startStep=18 endStep=24
2022-08-08,12,22,dswrf_to_lead_minus2,"EGLC,LFPG",OK,short_name=sdswrf units=W m**-2 startStep=18 endStep=22
2022-07-05,12,24,dswrf_to_lead,"EGLC,LFPG",OK,short_name=sdswrf units=W m**-2 startStep=18 endStep=24
2022-07-05,12,22,dswrf_to_lead_minus2,"EGLC,LFPG",OK,short_name=sdswrf units=W m**-2 startStep=18 endStep=22
2022-08-10,12,24,dswrf_to_lead,"EGLC,LFPG",OK,short_name=sdswrf units=W m**-2 startStep=18 endStep=24
2022-08-10,12,22,dswrf_to_lead_minus2,"EGLC,LFPG",OK,short_name=sdswrf units=W m**-2 startStep=18 endStep=22
2022-07-24,12,24,dswrf_to_lead,"EGLC,LFPG",OK,short_name=sdswrf units=W m**-2 startStep=18 endStep=24
2022-07-24,12,22,dswrf_to_lead_minus2,"EGLC,LFPG",OK,short_name=sdswrf units=W m**-2 startStep=18 endStep=22
2022-07-23,12,24,dswrf_to_lead,"EGLC,LFPG",OK,short_name=sdswrf units=W m**-2 startStep=18 endStep=24
2022-07-23,12,22,dswrf_to_lead_minus2,"EGLC,LFPG",OK,short_name=sdswrf units=W m**-2 startStep=18 endStep=22
2022-07-13,12,24,dswrf_to_lead,"EGLC,LFPG",OK,short_name=sdswrf units=W m**-2 startStep=18 endStep=24
2022-07-13,12,22,dswrf_to_lead_minus2,"EGLC,LFPG",OK,short_name=sdswrf units=W m**-2 startStep=18 endStep=22
2022-07-17,12,24,dswrf_to_lead,"EGLC,LFPG",OK,short_name=sdswrf units=W m**-2 startStep=18 endStep=24
2022-07-17,12,22,dswrf_to_lead_minus2,"EGLC,LFPG",OK,short_name=sdswrf units=W m**-2 startStep=18 endStep=22
2022-07-28,12,24,dswrf_to_lead,"EGLC,LFPG",OK,short_name=sdswrf units=W m**-2 startStep=18 endStep=24
2022-07-28,12,22,dswrf_to_lead_minus2,"EGLC,LFPG",OK,short_name=sdswrf units=W m**-2 startStep=18 endStep=22
2022-06-29,12,24,dswrf_to_lead,"EGLC,LFPG",OK,short_name=sdswrf units=W m**-2 startStep=18 endStep=24
2022-06-29,12,22,dswrf_to_lead_minus2,"EGLC,LFPG",OK,short_name=sdswrf units=W m**-2 startStep=18 endStep=22
2022-07-14,12,24,dswrf_to_lead,"EGLC,LFPG",OK,short_name=sdswrf units=W m**-2 startStep=18 endStep=24
2022-07-14,12,22,dswrf_to_lead_minus2,"EGLC,LFPG",OK,short_name=sdswrf units=W m**-2 startStep=18 endStep=22
2022-08-05,12,24,dswrf_to_lead,"EGLC,LFPG",OK,short_name=sdswrf units=W m**-2 startStep=18 endStep=24
2022-08-05,12,22,dswrf_to_lead_minus2,"EGLC,LFPG",OK,short_name=sdswrf units=W m**-2 startStep=18 endStep=22
2022-07-29,12,24,dswrf_to_lead,"EGLC,LFPG",OK,short_name=sdswrf units=W m**-2 startStep=18 endStep=24
2022-07-29,12,22,dswrf_to_lead_minus2,"EGLC,LFPG",OK,short_name=sdswrf units=W m**-2 startStep=18 endStep=22
2022-07-08,12,24,dswrf_to_lead,"EGLC,LFPG",OK,short_name=sdswrf units=W m**-2 startStep=18 endStep=24
2022-07-08,12,22,dswrf_to_lead_minus2,"EGLC,LFPG",OK,short_name=sdswrf units=W m**-2 startStep=18 endStep=22
2022-08-06,12,24,dswrf_to_lead,"EGLC,LFPG",OK,short_name=sdswrf units=W m**-2 startStep=18 endStep=24
2022-08-06,12,22,dswrf_to_lead_minus2,"EGLC,LFPG",OK,short_name=sdswrf units=W m**-2 startStep=18 endStep=22
2022-07-15,12,24,dswrf_to_lead,"EGLC,LFPG",OK,short_name=sdswrf units=W m**-2 startStep=18 endStep=24
2022-07-15,12,22,dswrf_to_lead_minus2,"EGLC,LFPG",OK,short_name=sdswrf units=W m**-2 startStep=18 endStep=22
2022-07-27,12,24,dswrf_to_lead,"EGLC,LFPG",OK,short_name=sdswrf units=W m**-2 startStep=18 endStep=24
2022-07-27,12,22,dswrf_to_lead_minus2,"EGLC,LFPG",OK,short_name=sdswrf units=W m**-2 startStep=18 endStep=22
2022-07-30,12,24,dswrf_to_lead,"EGLC,LFPG",OK,short_name=sdswrf units=W m**-2 startStep=18 endStep=24
2022-07-30,12,22,dswrf_to_lead_minus2,"EGLC,LFPG",OK,short_name=sdswrf units=W m**-2 startStep=18 endStep=22
2022-08-21,12,24,dswrf_to_lead,"EGLC,LFPG",OK,short_name=sdswrf units=W m**-2 startStep=18 endStep=24
2022-08-21,12,22,dswrf_to_lead_minus2,"EGLC,LFPG",OK,short_name=sdswrf units=W m**-2 startStep=18 endStep=22
2022-07-22,12,24,dswrf_to_lead,"EGLC,LFPG",OK,short_name=sdswrf units=W m**-2 startStep=18 endStep=24
2022-07-22,12,22,dswrf_to_lead_minus2,"EGLC,LFPG",OK,short_name=sdswrf units=W m**-2 startStep=18 endStep=22
2022-08-11,12,24,dswrf_to_lead,"EGLC,LFPG",OK,short_name=sdswrf units=W m**-2 startStep=18 endStep=24
2022-08-11,12,22,dswrf_to_lead_minus2,"EGLC,LFPG",OK,short_name=sdswrf units=W m**-2 startStep=18 endStep=22
2022-08-04,12,24,dswrf_to_lead,"EGLC,LFPG",OK,short_name=sdswrf units=W m**-2 startStep=18 endStep=24
2022-08-04,12,22,dswrf_to_lead_minus2,"EGLC,LFPG",OK,short_name=sdswrf units=W m**-2 startStep=18 endStep=22
2022-08-02,12,24,dswrf_to_lead,"EGLC,LFPG",OK,short_name=sdswrf units=W m**-2 startStep=18 endStep=24
2022-08-02,12,22,dswrf_to_lead_minus2,"EGLC,LFPG",OK,short_name=sdswrf units=W m**-2 startStep=18 endStep=22
2022-07-16,12,24,dswrf_to_lead,"EGLC,LFPG",OK,short_name=sdswrf units=W m**-2 startStep=18 endStep=24
2022-07-16,12,22,dswrf_to_lead_minus2,"EGLC,LFPG",OK,short_name=sdswrf units=W m**-2 startStep=18 endStep=22
2022-07-26,12,24,dswrf_to_lead,"EGLC,LFPG",OK,short_name=sdswrf units=W m**-2 startStep=18 endStep=24
2022-07-26,12,22,dswrf_to_lead_minus2,"EGLC,LFPG",OK,short_name=sdswrf units=W m**-2 startStep=18 endStep=22
2022-07-18,12,24,dswrf_to_lead,"EGLC,LFPG",OK,short_name=sdswrf units=W m**-2 startStep=18 endStep=24
2022-07-18,12,22,dswrf_to_lead_minus2,"EGLC,LFPG",OK,short_name=sdswrf units=W m**-2 startStep=18 endStep=22
2022-08-29,12,24,dswrf_to_lead,"EGLC,LFPG",OK,short_name=sdswrf units=W m**-2 startStep=18 endStep=24
2022-08-29,12,22,dswrf_to_lead_minus2,"EGLC,LFPG",OK,short_name=sdswrf units=W m**-2 startStep=18 endStep=22
2022-08-19,12,24,dswrf_to_lead,"EGLC,LFPG",OK,short_name=sdswrf units=W m**-2 startStep=18 endStep=24
2022-08-19,12,22,dswrf_to_lead_minus2,"EGLC,LFPG",OK,short_name=sdswrf units=W m**-2 startStep=18 endStep=22
2022-07-10,12,24,dswrf_to_lead,"EGLC,LFPG",OK,short_name=sdswrf units=W m**-2 startStep=18 endStep=24
2022-07-10,12,22,dswrf_to_lead_minus2,"EGLC,LFPG",OK,short_name=sdswrf units=W m**-2 startStep=18 endStep=22
2022-07-25,12,24,dswrf_to_lead,"EGLC,LFPG",OK,short_name=sdswrf units=W m**-2 startStep=18 endStep=24
2022-07-25,12,22,dswrf_to_lead_minus2,"EGLC,LFPG",OK,short_name=sdswrf units=W m**-2 startStep=18 endStep=22
2022-08-18,12,24,dswrf_to_lead,"EGLC,LFPG",OK,short_name=sdswrf units=W m**-2 startStep=18 endStep=24
2022-08-18,12,22,dswrf_to_lead_minus2,"EGLC,LFPG",OK,short_name=sdswrf units=W m**-2 startStep=18 endStep=22
2022-09-08,12,24,dswrf_to_lead,"EGLC,LFPG",OK,short_name=sdswrf units=W m**-2 startStep=18 endStep=24
2022-09-08,12,22,dswrf_to_lead_minus2,"EGLC,LFPG",OK,short_name=sdswrf units=W m**-2 startStep=18 endStep=22
2022-08-30,12,24,dswrf_to_lead,"EGLC,LFPG",OK,short_name=sdswrf units=W m**-2 startStep=18 endStep=24
2022-08-30,12,22,dswrf_to_lead_minus2,"EGLC,LFPG",OK,short_name=sdswrf units=W m**-2 startStep=18 endStep=22
2022-08-27,12,24,dswrf_to_lead,"EGLC,LFPG",OK,short_name=sdswrf units=W m**-2 startStep=18 endStep=24
2022-08-27,12,22,dswrf_to_lead_minus2,"EGLC,LFPG",OK,short_name=sdswrf units=W m**-2 startStep=18 endStep=22
2022-08-17,12,24,dswrf_to_lead,"EGLC,LFPG",OK,short_name=sdswrf units=W m**-2 startStep=18 endStep=24
2022-08-17,12,22,dswrf_to_lead_minus2,"EGLC,LFPG",OK,short_name=sdswrf units=W m**-2 startStep=18 endStep=22
2022-07-19,12,24,dswrf_to_lead,"EGLC,LFPG",OK,short_name=sdswrf units=W m**-2 startStep=18 endStep=24
2022-07-19,12,22,dswrf_to_lead_minus2,"EGLC,LFPG",OK,short_name=sdswrf units=W m**-2 startStep=18 endStep=22
2022-08-15,12,24,dswrf_to_lead,"EGLC,LFPG",OK,short_name=sdswrf units=W m**-2 startStep=18 endStep=24
2022-08-15,12,22,dswrf_to_lead_minus2,"EGLC,LFPG",OK,short_name=sdswrf units=W m**-2 startStep=18 endStep=22
2022-09-01,12,24,dswrf_to_lead,"EGLC,LFPG",OK,short_name=sdswrf units=W m**-2 startStep=18 endStep=24
2022-09-01,12,22,dswrf_to_lead_minus2,"EGLC,LFPG",OK,short_name=sdswrf units=W m**-2 startStep=18 endStep=22
2022-07-12,12,24,dswrf_to_lead,"EGLC,LFPG",OK,short_name=sdswrf units=W m**-2 startStep=18 endStep=24
2022-07-12,12,22,dswrf_to_lead_minus2,"EGLC,LFPG",OK,short_name=sdswrf units=W m**-2 startStep=18 endStep=22
2022-08-20,12,24,dswrf_to_lead,"EGLC,LFPG",OK,short_name=sdswrf units=W m**-2 startStep=18 endStep=24
2022-08-20,12,22,dswrf_to_lead_minus2,"EGLC,LFPG",OK,short_name=sdswrf units=W m**-2 startStep=18 endStep=22
2022-09-07,12,24,dswrf_to_lead,"EGLC,LFPG",OK,short_name=sdswrf units=W m**-2 startStep=18 endStep=24
2022-09-07,12,22,dswrf_to_lead_minus2,"EGLC,LFPG",OK,short_name=sdswrf units=W m**-2 startStep=18 endStep=22
2022-08-23,12,24,dswrf_to_lead,"EGLC,LFPG",OK,short_name=sdswrf units=W m**-2 startStep=18 endStep=24
2022-08-23,12,22,dswrf_to_lead_minus2,"EGLC,LFPG",OK,short_name=sdswrf units=W m**-2 startStep=18 endStep=22
2022-09-12,12,24,dswrf_to_lead,"EGLC,LFPG",OK,short_name=sdswrf units=W m**-2 startStep=18 endStep=24
2022-09-12,12,22,dswrf_to_lead_minus2,"EGLC,LFPG",OK,short_name=sdswrf units=W m**-2 startStep=18 endStep=22
2022-09-03,12,24,dswrf_to_lead,"EGLC,LFPG",OK,short_name=sdswrf units=W m**-2 startStep=18 endStep=24
2022-09-03,12,22,dswrf_to_lead_minus2,"EGLC,LFPG",OK,short_name=sdswrf units=W m**-2 startStep=18 endStep=22
2022-08-13,12,24,dswrf_to_lead,"EGLC,LFPG",OK,short_name=sdswrf units=W m**-2 startStep=18 endStep=24
2022-08-13,12,22,dswrf_to_lead_minus2,"EGLC,LFPG",OK,short_name=sdswrf units=W m**-2 startStep=18 endStep=22
2022-07-31,12,24,dswrf_to_lead,"EGLC,LFPG",OK,short_name=sdswrf units=W m**-2 startStep=18 endStep=24
2022-07-31,12,22,dswrf_to_lead_minus2,"EGLC,LFPG",OK,short_name=sdswrf units=W m**-2 startStep=18 endStep=22
2022-08-26,12,24,dswrf_to_lead,"EGLC,LFPG",OK,short_name=sdswrf units=W m**-2 startStep=18 endStep=24
2022-08-26,12,22,dswrf_to_lead_minus2,"EGLC,LFPG",OK,short_name=sdswrf units=W m**-2 startStep=18 endStep=22
2022-09-19,12,24,dswrf_to_lead,"EGLC,LFPG",OK,short_name=sdswrf units=W m**-2 startStep=18 endStep=24
2022-09-19,12,22,dswrf_to_lead_minus2,"EGLC,LFPG",OK,short_name=sdswrf units=W m**-2 startStep=18 endStep=22
2022-08-28,12,24,dswrf_to_lead,"EGLC,LFPG",OK,short_name=sdswrf units=W m**-2 startStep=18 endStep=24
2022-08-28,12,22,dswrf_to_lead_minus2,"EGLC,LFPG",OK,short_name=sdswrf units=W m**-2 startStep=18 endStep=22
2022-08-22,12,24,dswrf_to_lead,"EGLC,LFPG",OK,short_name=sdswrf units=W m**-2 startStep=18 endStep=24
2022-08-22,12,22,dswrf_to_lead_minus2,"EGLC,LFPG",OK,short_name=sdswrf units=W m**-2 startStep=18 endStep=22
2022-09-05,12,24,dswrf_to_lead,"EGLC,LFPG",OK,short_name=sdswrf units=W m**-2 startStep=18 endStep=24
2022-09-05,12,22,dswrf_to_lead_minus2,"EGLC,LFPG",OK,short_name=sdswrf units=W m**-2 startStep=18 endStep=22
2022-09-10,12,24,dswrf_to_lead,"EGLC,LFPG",OK,short_name=sdswrf units=W m**-2 startStep=18 endStep=24
2022-09-10,12,22,dswrf_to_lead_minus2,"EGLC,LFPG",OK,short_name=sdswrf units=W m**-2 startStep=18 endStep=22
2022-08-16,12,24,dswrf_to_lead,"EGLC,LFPG",OK,short_name=sdswrf units=W m**-2 startStep=18 endStep=24
2022-08-16,12,22,dswrf_to_lead_minus2,"EGLC,LFPG",OK,short_name=sdswrf units=W m**-2 startStep=18 endStep=22
2022-08-24,12,24,dswrf_to_lead,"EGLC,LFPG",OK,short_name=sdswrf units=W m**-2 startStep=18 endStep=24
2022-08-24,12,22,dswrf_to_lead_minus2,"EGLC,LFPG",OK,short_name=sdswrf units=W m**-2 startStep=18 endStep=22
2022-08-25,12,24,dswrf_to_lead,"EGLC,LFPG",OK,short_name=sdswrf units=W m**-2 startStep=18 endStep=24
2022-08-25,12,22,dswrf_to_lead_minus2,"EGLC,LFPG",OK,short_name=sdswrf units=W m**-2 startStep=18 endStep=22
2022-08-14,12,24,dswrf_to_lead,"EGLC,LFPG",OK,short_name=sdswrf units=W m**-2 startStep=18 endStep=24
2022-08-14,12,22,dswrf_to_lead_minus2,"EGLC,LFPG",OK,short_name=sdswrf units=W m**-2 startStep=18 endStep=22
2022-09-17,12,24,dswrf_to_lead,"EGLC,LFPG",OK,short_name=sdswrf units=W m**-2 startStep=18 endStep=24
2022-09-17,12,22,dswrf_to_lead_minus2,"EGLC,LFPG",OK,short_name=sdswrf units=W m**-2 startStep=18 endStep=22
2022-08-07,12,24,dswrf_to_lead,"EGLC,LFPG",OK,short_name=sdswrf units=W m**-2 startStep=18 endStep=24
2022-08-07,12,22,dswrf_to_lead_minus2,"EGLC,LFPG",OK,short_name=sdswrf units=W m**-2 startStep=18 endStep=22
2022-09-15,12,24,dswrf_to_lead,"EGLC,LFPG",OK,short_name=sdswrf units=W m**-2 startStep=18 endStep=24
2022-09-15,12,22,dswrf_to_lead_minus2,"EGLC,LFPG",OK,short_name=sdswrf units=W m**-2 startStep=18 endStep=22
2022-08-01,12,24,dswrf_to_lead,"EGLC,LFPG",OK,short_name=sdswrf units=W m**-2 startStep=18 endStep=24
2022-08-01,12,22,dswrf_to_lead_minus2,"EGLC,LFPG",OK,short_name=sdswrf units=W m**-2 startStep=18 endStep=22
2022-10-02,12,24,dswrf_to_lead,"EGLC,LFPG",OK,short_name=sdswrf units=W m**-2 startStep=18 endStep=24
2022-10-02,12,22,dswrf_to_lead_minus2,"EGLC,LFPG",OK,short_name=sdswrf units=W m**-2 startStep=18 endStep=22
2022-08-09,12,24,dswrf_to_lead,"EGLC,LFPG",OK,short_name=sdswrf units=W m**-2 startStep=18 endStep=24
2022-08-09,12,22,dswrf_to_lead_minus2,"EGLC,LFPG",OK,short_name=sdswrf units=W m**-2 startStep=18 endStep=22
2022-10-06,12,24,dswrf_to_lead,"EGLC,LFPG",OK,short_name=sdswrf units=W m**-2 startStep=18 endStep=24
2022-10-06,12,22,dswrf_to_lead_minus2,"EGLC,LFPG",OK,short_name=sdswrf units=W m**-2 startStep=18 endStep=22
2022-10-04,12,24,dswrf_to_lead,"EGLC,LFPG",OK,short_name=sdswrf units=W m**-2 startStep=18 endStep=24
2022-10-04,12,22,dswrf_to_lead_minus2,"EGLC,LFPG",OK,short_name=sdswrf units=W m**-2 startStep=18 endStep=22
2022-08-12,12,24,dswrf_to_lead,"EGLC,LFPG",OK,short_name=sdswrf units=W m**-2 startStep=18 endStep=24
2022-08-12,12,22,dswrf_to_lead_minus2,"EGLC,LFPG",OK,short_name=sdswrf units=W m**-2 startStep=18 endStep=22
2022-10-16,12,24,dswrf_to_lead,"EGLC,LFPG",OK,short_name=sdswrf units=W m**-2 startStep=18 endStep=24
2022-10-16,12,22,dswrf_to_lead_minus2,"EGLC,LFPG",OK,short_name=sdswrf units=W m**-2 startStep=18 endStep=22
2022-09-02,12,24,dswrf_to_lead,"EGLC,LFPG",OK,short_name=sdswrf units=W m**-2 startStep=18 endStep=24
2022-09-02,12,22,dswrf_to_lead_minus2,"EGLC,LFPG",OK,short_name=sdswrf units=W m**-2 startStep=18 endStep=22
2022-08-31,12,24,dswrf_to_lead,"EGLC,LFPG",OK,short_name=sdswrf units=W m**-2 startStep=18 endStep=24
2022-08-31,12,22,dswrf_to_lead_minus2,"EGLC,LFPG",OK,short_name=sdswrf units=W m**-2 startStep=18 endStep=22
2022-10-13,12,24,dswrf_to_lead,"EGLC,LFPG",OK,short_name=sdswrf units=W m**-2 startStep=18 endStep=24
2022-10-13,12,22,dswrf_to_lead_minus2,"EGLC,LFPG",OK,short_name=sdswrf units=W m**-2 startStep=18 endStep=22
2022-09-09,12,24,dswrf_to_lead,"EGLC,LFPG",OK,short_name=sdswrf units=W m**-2 startStep=18 endStep=24
2022-09-09,12,22,dswrf_to_lead_minus2,"EGLC,LFPG",OK,short_name=sdswrf units=W m**-2 startStep=18 endStep=22
2022-09-16,12,24,dswrf_to_lead,"EGLC,LFPG",OK,short_name=sdswrf units=W m**-2 startStep=18 endStep=24
2022-09-16,12,22,dswrf_to_lead_minus2,"EGLC,LFPG",OK,short_name=sdswrf units=W m**-2 startStep=18 endStep=22
2022-10-10,12,24,dswrf_to_lead,"EGLC,LFPG",OK,short_name=sdswrf units=W m**-2 startStep=18 endStep=24
2022-10-10,12,22,dswrf_to_lead_minus2,"EGLC,LFPG",OK,short_name=sdswrf units=W m**-2 startStep=18 endStep=22
2022-10-01,12,24,dswrf_to_lead,"EGLC,LFPG",OK,short_name=sdswrf units=W m**-2 startStep=18 endStep=24
2022-10-01,12,22,dswrf_to_lead_minus2,"EGLC,LFPG",OK,short_name=sdswrf units=W m**-2 startStep=18 endStep=22
2022-10-08,12,24,dswrf_to_lead,"EGLC,LFPG",OK,short_name=sdswrf units=W m**-2 startStep=18 endStep=24
2022-10-08,12,22,dswrf_to_lead_minus2,"EGLC,LFPG",OK,short_name=sdswrf units=W m**-2 startStep=18 endStep=22
2022-09-30,12,24,dswrf_to_lead,"EGLC,LFPG",OK,short_name=sdswrf units=W m**-2 startStep=18 endStep=24
2022-09-30,12,22,dswrf_to_lead_minus2,"EGLC,LFPG",OK,short_name=sdswrf units=W m**-2 startStep=18 endStep=22
2022-10-20,12,24,dswrf_to_lead,"EGLC,LFPG",OK,short_name=sdswrf units=W m**-2 startStep=18 endStep=24
2022-10-20,12,22,dswrf_to_lead_minus2,"EGLC,LFPG",OK,short_name=sdswrf units=W m**-2 startStep=18 endStep=22
2022-09-11,12,24,dswrf_to_lead,"EGLC,LFPG",OK,short_name=sdswrf units=W m**-2 startStep=18 endStep=24
2022-09-11,12,22,dswrf_to_lead_minus2,"EGLC,LFPG",OK,short_name=sdswrf units=W m**-2 startStep=18 endStep=22
2022-09-28,12,24,dswrf_to_lead,"EGLC,LFPG",OK,short_name=sdswrf units=W m**-2 startStep=18 endStep=24
2022-09-28,12,22,dswrf_to_lead_minus2,"EGLC,LFPG",OK,short_name=sdswrf units=W m**-2 startStep=18 endStep=22
2022-09-04,12,24,dswrf_to_lead,"EGLC,LFPG",OK,short_name=sdswrf units=W m**-2 startStep=18 endStep=24
2022-09-04,12,22,dswrf_to_lead_minus2,"EGLC,LFPG",OK,short_name=sdswrf units=W m**-2 startStep=18 endStep=22
2022-09-24,12,24,dswrf_to_lead,"EGLC,LFPG",OK,short_name=sdswrf units=W m**-2 startStep=18 endStep=24
2022-09-24,12,22,dswrf_to_lead_minus2,"EGLC,LFPG",OK,short_name=sdswrf units=W m**-2 startStep=18 endStep=22
2022-09-25,12,24,dswrf_to_lead,"EGLC,LFPG",OK,short_name=sdswrf units=W m**-2 startStep=18 endStep=24
2022-09-25,12,22,dswrf_to_lead_minus2,"EGLC,LFPG",OK,short_name=sdswrf units=W m**-2 startStep=18 endStep=22
2022-10-09,12,24,dswrf_to_lead,"EGLC,LFPG",OK,short_name=sdswrf units=W m**-2 startStep=18 endStep=24
2022-10-09,12,22,dswrf_to_lead_minus2,"EGLC,LFPG",OK,short_name=sdswrf units=W m**-2 startStep=18 endStep=22
2022-10-11,12,24,dswrf_to_lead,"EGLC,LFPG",OK,short_name=sdswrf units=W m**-2 startStep=18 endStep=24
2022-10-11,12,22,dswrf_to_lead_minus2,"EGLC,LFPG",OK,short_name=sdswrf units=W m**-2 startStep=18 endStep=22
2022-09-13,12,24,dswrf_to_lead,"EGLC,LFPG",OK,short_name=sdswrf units=W m**-2 startStep=18 endStep=24
2022-09-13,12,22,dswrf_to_lead_minus2,"EGLC,LFPG",OK,short_name=sdswrf units=W m**-2 startStep=18 endStep=22
2022-10-17,12,24,dswrf_to_lead,"EGLC,LFPG",OK,short_name=sdswrf units=W m**-2 startStep=18 endStep=24
2022-10-17,12,22,dswrf_to_lead_minus2,"EGLC,LFPG",OK,short_name=sdswrf units=W m**-2 startStep=18 endStep=22
2022-09-22,12,24,dswrf_to_lead,"EGLC,LFPG",OK,short_name=sdswrf units=W m**-2 startStep=18 endStep=24
2022-09-22,12,22,dswrf_to_lead_minus2,"EGLC,LFPG",OK,short_name=sdswrf units=W m**-2 startStep=18 endStep=22
2022-10-21,12,24,dswrf_to_lead,"EGLC,LFPG",OK,short_name=sdswrf units=W m**-2 startStep=18 endStep=24
2022-10-21,12,22,dswrf_to_lead_minus2,"EGLC,LFPG",OK,short_name=sdswrf units=W m**-2 startStep=18 endStep=22
2022-09-29,12,24,dswrf_to_lead,"EGLC,LFPG",OK,short_name=sdswrf units=W m**-2 startStep=18 endStep=24
2022-09-29,12,22,dswrf_to_lead_minus2,"EGLC,LFPG",OK,short_name=sdswrf units=W m**-2 startStep=18 endStep=22
2022-11-05,12,24,dswrf_to_lead,"EGLC,LFPG",OK,short_name=sdswrf units=W m**-2 startStep=18 endStep=24
2022-11-05,12,22,dswrf_to_lead_minus2,"EGLC,LFPG",OK,short_name=sdswrf units=W m**-2 startStep=18 endStep=22
2022-10-14,12,24,dswrf_to_lead,"EGLC,LFPG",OK,short_name=sdswrf units=W m**-2 startStep=18 endStep=24
2022-10-14,12,22,dswrf_to_lead_minus2,"EGLC,LFPG",OK,short_name=sdswrf units=W m**-2 startStep=18 endStep=22
2022-09-06,12,24,dswrf_to_lead,"EGLC,LFPG",OK,short_name=sdswrf units=W m**-2 startStep=18 endStep=24
2022-09-06,12,22,dswrf_to_lead_minus2,"EGLC,LFPG",OK,short_name=sdswrf units=W m**-2 startStep=18 endStep=22
2022-11-08,12,24,dswrf_to_lead,"EGLC,LFPG",OK,short_name=sdswrf units=W m**-2 startStep=18 endStep=24
2022-11-08,12,22,dswrf_to_lead_minus2,"EGLC,LFPG",OK,short_name=sdswrf units=W m**-2 startStep=18 endStep=22
2022-09-20,12,24,dswrf_to_lead,"EGLC,LFPG",OK,short_name=sdswrf units=W m**-2 startStep=18 endStep=24
2022-09-20,12,22,dswrf_to_lead_minus2,"EGLC,LFPG",OK,short_name=sdswrf units=W m**-2 startStep=18 endStep=22
2022-09-27,12,24,dswrf_to_lead,"EGLC,LFPG",OK,short_name=sdswrf units=W m**-2 startStep=18 endStep=24
2022-09-27,12,22,dswrf_to_lead_minus2,"EGLC,LFPG",OK,short_name=sdswrf units=W m**-2 startStep=18 endStep=22
2022-10-31,12,24,dswrf_to_lead,"EGLC,LFPG",OK,short_name=sdswrf units=W m**-2 startStep=18 endStep=24
2022-10-31,12,22,dswrf_to_lead_minus2,"EGLC,LFPG",OK,short_name=sdswrf units=W m**-2 startStep=18 endStep=22
2022-10-12,12,24,dswrf_to_lead,"EGLC,LFPG",OK,short_name=sdswrf units=W m**-2 startStep=18 endStep=24
2022-10-12,12,22,dswrf_to_lead_minus2,"EGLC,LFPG",OK,short_name=sdswrf units=W m**-2 startStep=18 endStep=22
2022-11-03,12,24,dswrf_to_lead,"EGLC,LFPG",OK,short_name=sdswrf units=W m**-2 startStep=18 endStep=24
2022-11-03,12,22,dswrf_to_lead_minus2,"EGLC,LFPG",OK,short_name=sdswrf units=W m**-2 startStep=18 endStep=22
2022-11-02,12,24,dswrf_to_lead,"EGLC,LFPG",OK,short_name=sdswrf units=W m**-2 startStep=18 endStep=24
2022-11-02,12,22,dswrf_to_lead_minus2,"EGLC,LFPG",OK,short_name=sdswrf units=W m**-2 startStep=18 endStep=22
2022-09-23,12,24,dswrf_to_lead,"EGLC,LFPG",OK,short_name=sdswrf units=W m**-2 startStep=18 endStep=24
2022-09-23,12,22,dswrf_to_lead_minus2,"EGLC,LFPG",OK,short_name=sdswrf units=W m**-2 startStep=18 endStep=22
2022-10-26,12,24,dswrf_to_lead,"EGLC,LFPG",OK,short_name=sdswrf units=W m**-2 startStep=18 endStep=24
2022-10-26,12,22,dswrf_to_lead_minus2,"EGLC,LFPG",OK,short_name=sdswrf units=W m**-2 startStep=18 endStep=22
2022-09-18,12,24,dswrf_to_lead,"EGLC,LFPG",OK,short_name=sdswrf units=W m**-2 startStep=18 endStep=24
2022-09-18,12,22,dswrf_to_lead_minus2,"EGLC,LFPG",OK,short_name=sdswrf units=W m**-2 startStep=18 endStep=22
2022-10-30,12,24,dswrf_to_lead,"EGLC,LFPG",OK,short_name=sdswrf units=W m**-2 startStep=18 endStep=24
2022-10-30,12,22,dswrf_to_lead_minus2,"EGLC,LFPG",OK,short_name=sdswrf units=W m**-2 startStep=18 endStep=22
2022-10-15,12,24,dswrf_to_lead,"EGLC,LFPG",OK,short_name=sdswrf units=W m**-2 startStep=18 endStep=24
2022-10-15,12,22,dswrf_to_lead_minus2,"EGLC,LFPG",OK,short_name=sdswrf units=W m**-2 startStep=18 endStep=22
2022-10-23,12,24,dswrf_to_lead,"EGLC,LFPG",OK,short_name=sdswrf units=W m**-2 startStep=18 endStep=24
2022-10-23,12,22,dswrf_to_lead_minus2,"EGLC,LFPG",OK,short_name=sdswrf units=W m**-2 startStep=18 endStep=22
2022-10-18,12,24,dswrf_to_lead,"EGLC,LFPG",OK,short_name=sdswrf units=W m**-2 startStep=18 endStep=24
2022-10-18,12,22,dswrf_to_lead_minus2,"EGLC,LFPG",OK,short_name=sdswrf units=W m**-2 startStep=18 endStep=22
2022-10-19,12,24,dswrf_to_lead,"EGLC,LFPG",OK,short_name=sdswrf units=W m**-2 startStep=18 endStep=24
2022-10-19,12,22,dswrf_to_lead_minus2,"EGLC,LFPG",OK,short_name=sdswrf units=W m**-2 startStep=18 endStep=22
2022-10-03,12,24,dswrf_to_lead,"EGLC,LFPG",OK,short_name=sdswrf units=W m**-2 startStep=18 endStep=24
2022-10-03,12,22,dswrf_to_lead_minus2,"EGLC,LFPG",OK,short_name=sdswrf units=W m**-2 startStep=18 endStep=22
2022-11-09,12,24,dswrf_to_lead,"EGLC,LFPG",OK,short_name=sdswrf units=W m**-2 startStep=18 endStep=24
2022-11-09,12,22,dswrf_to_lead_minus2,"EGLC,LFPG",OK,short_name=sdswrf units=W m**-2 startStep=18 endStep=22
2022-10-25,12,24,dswrf_to_lead,"EGLC,LFPG",OK,short_name=sdswrf units=W m**-2 startStep=18 endStep=24
2022-10-25,12,22,dswrf_to_lead_minus2,"EGLC,LFPG",OK,short_name=sdswrf units=W m**-2 startStep=18 endStep=22
2022-09-26,12,24,dswrf_to_lead,"EGLC,LFPG",OK,short_name=sdswrf units=W m**-2 startStep=18 endStep=24
2022-09-26,12,22,dswrf_to_lead_minus2,"EGLC,LFPG",OK,short_name=sdswrf units=W m**-2 startStep=18 endStep=22
2022-11-10,12,24,dswrf_to_lead,"EGLC,LFPG",OK,short_name=sdswrf units=W m**-2 startStep=18 endStep=24
2022-11-10,12,22,dswrf_to_lead_minus2,"EGLC,LFPG",OK,short_name=sdswrf units=W m**-2 startStep=18 endStep=22
2022-11-12,12,24,dswrf_to_lead,"EGLC,LFPG",OK,short_name=sdswrf units=W m**-2 startStep=18 endStep=24
2022-11-12,12,22,dswrf_to_lead_minus2,"EGLC,LFPG",OK,short_name=sdswrf units=W m**-2 startStep=18 endStep=22
2022-11-11,12,24,dswrf_to_lead,"EGLC,LFPG",OK,short_name=sdswrf units=W m**-2 startStep=18 endStep=24
2022-11-11,12,22,dswrf_to_lead_minus2,"EGLC,LFPG",OK,short_name=sdswrf units=W m**-2 startStep=18 endStep=22
2022-11-16,12,24,dswrf_to_lead,"EGLC,LFPG",OK,short_name=sdswrf units=W m**-2 startStep=18 endStep=24
2022-11-16,12,22,dswrf_to_lead_minus2,"EGLC,LFPG",OK,short_name=sdswrf units=W m**-2 startStep=18 endStep=22
2022-09-21,12,24,dswrf_to_lead,"EGLC,LFPG",OK,short_name=sdswrf units=W m**-2 startStep=18 endStep=24
2022-09-21,12,22,dswrf_to_lead_minus2,"EGLC,LFPG",OK,short_name=sdswrf units=W m**-2 startStep=18 endStep=22
2022-10-07,12,24,dswrf_to_lead,"EGLC,LFPG",OK,short_name=sdswrf units=W m**-2 startStep=18 endStep=24
2022-10-07,12,22,dswrf_to_lead_minus2,"EGLC,LFPG",OK,short_name=sdswrf units=W m**-2 startStep=18 endStep=22
2022-11-22,12,24,dswrf_to_lead,"EGLC,LFPG",OK,short_name=sdswrf units=W m**-2 startStep=18 endStep=24
2022-11-22,12,22,dswrf_to_lead_minus2,"EGLC,LFPG",OK,short_name=sdswrf units=W m**-2 startStep=18 endStep=22
2022-12-04,12,24,dswrf_to_lead,"EGLC,LFPG",OK,short_name=sdswrf units=W m**-2 startStep=18 endStep=24
2022-12-04,12,22,dswrf_to_lead_minus2,"EGLC,LFPG",OK,short_name=sdswrf units=W m**-2 startStep=18 endStep=22
2022-11-30,12,24,dswrf_to_lead,"EGLC,LFPG",OK,short_name=sdswrf units=W m**-2 startStep=18 endStep=24
2022-11-30,12,22,dswrf_to_lead_minus2,"EGLC,LFPG",OK,short_name=sdswrf units=W m**-2 startStep=18 endStep=22
2022-11-26,12,24,dswrf_to_lead,"EGLC,LFPG",OK,short_name=sdswrf units=W m**-2 startStep=18 endStep=24
2022-11-26,12,22,dswrf_to_lead_minus2,"EGLC,LFPG",OK,short_name=sdswrf units=W m**-2 startStep=18 endStep=22
2022-11-13,12,24,dswrf_to_lead,"EGLC,LFPG",OK,short_name=sdswrf units=W m**-2 startStep=18 endStep=24
2022-11-13,12,22,dswrf_to_lead_minus2,"EGLC,LFPG",OK,short_name=sdswrf units=W m**-2 startStep=18 endStep=22
2022-10-28,12,24,dswrf_to_lead,"EGLC,LFPG",OK,short_name=sdswrf units=W m**-2 startStep=18 endStep=24
2022-10-28,12,22,dswrf_to_lead_minus2,"EGLC,LFPG",OK,short_name=sdswrf units=W m**-2 startStep=18 endStep=22
2022-10-29,12,24,dswrf_to_lead,"EGLC,LFPG",OK,short_name=sdswrf units=W m**-2 startStep=18 endStep=24
2022-10-29,12,22,dswrf_to_lead_minus2,"EGLC,LFPG",OK,short_name=sdswrf units=W m**-2 startStep=18 endStep=22
2022-11-17,12,24,dswrf_to_lead,"EGLC,LFPG",OK,short_name=sdswrf units=W m**-2 startStep=18 endStep=24
2022-11-17,12,22,dswrf_to_lead_minus2,"EGLC,LFPG",OK,short_name=sdswrf units=W m**-2 startStep=18 endStep=22
2022-12-05,12,24,dswrf_to_lead,"EGLC,LFPG",OK,short_name=sdswrf units=W m**-2 startStep=18 endStep=24
2022-12-05,12,22,dswrf_to_lead_minus2,"EGLC,LFPG",OK,short_name=sdswrf units=W m**-2 startStep=18 endStep=22
2022-11-18,12,24,dswrf_to_lead,"EGLC,LFPG",OK,short_name=sdswrf units=W m**-2 startStep=18 endStep=24
2022-11-18,12,22,dswrf_to_lead_minus2,"EGLC,LFPG",OK,short_name=sdswrf units=W m**-2 startStep=18 endStep=22
2022-11-04,12,24,dswrf_to_lead,"EGLC,LFPG",OK,short_name=sdswrf units=W m**-2 startStep=18 endStep=24
2022-11-04,12,22,dswrf_to_lead_minus2,"EGLC,LFPG",OK,short_name=sdswrf units=W m**-2 startStep=18 endStep=22
2022-11-28,12,24,dswrf_to_lead,"EGLC,LFPG",OK,short_name=sdswrf units=W m**-2 startStep=18 endStep=24
2022-11-28,12,22,dswrf_to_lead_minus2,"EGLC,LFPG",OK,short_name=sdswrf units=W m**-2 startStep=18 endStep=22
2022-09-14,12,24,dswrf_to_lead,"EGLC,LFPG",OK,short_name=sdswrf units=W m**-2 startStep=18 endStep=24
2022-09-14,12,22,dswrf_to_lead_minus2,"EGLC,LFPG",OK,short_name=sdswrf units=W m**-2 startStep=18 endStep=22
2022-10-22,12,24,dswrf_to_lead,"EGLC,LFPG",OK,short_name=sdswrf units=W m**-2 startStep=18 endStep=24
2022-10-22,12,22,dswrf_to_lead_minus2,"EGLC,LFPG",OK,short_name=sdswrf units=W m**-2 startStep=18 endStep=22
2022-10-27,12,24,dswrf_to_lead,"EGLC,LFPG",OK,short_name=sdswrf units=W m**-2 startStep=18 endStep=24
2022-10-27,12,22,dswrf_to_lead_minus2,"EGLC,LFPG",OK,short_name=sdswrf units=W m**-2 startStep=18 endStep=22
2022-12-01,12,24,dswrf_to_lead,"EGLC,LFPG",OK,short_name=sdswrf units=W m**-2 startStep=18 endStep=24
2022-12-01,12,22,dswrf_to_lead_minus2,"EGLC,LFPG",OK,short_name=sdswrf units=W m**-2 startStep=18 endStep=22
2022-11-21,12,24,dswrf_to_lead,"EGLC,LFPG",OK,short_name=sdswrf units=W m**-2 startStep=18 endStep=24
2022-11-21,12,22,dswrf_to_lead_minus2,"EGLC,LFPG",OK,short_name=sdswrf units=W m**-2 startStep=18 endStep=22
2022-12-06,12,24,dswrf_to_lead,"EGLC,LFPG",OK,short_name=sdswrf units=W m**-2 startStep=18 endStep=24
2022-12-06,12,22,dswrf_to_lead_minus2,"EGLC,LFPG",OK,short_name=sdswrf units=W m**-2 startStep=18 endStep=22
2022-11-01,12,24,dswrf_to_lead,"EGLC,LFPG",OK,short_name=sdswrf units=W m**-2 startStep=18 endStep=24
2022-11-01,12,22,dswrf_to_lead_minus2,"EGLC,LFPG",OK,short_name=sdswrf units=W m**-2 startStep=18 endStep=22
2022-11-27,12,24,dswrf_to_lead,"EGLC,LFPG",OK,short_name=sdswrf units=W m**-2 startStep=18 endStep=24
2022-11-27,12,22,dswrf_to_lead_minus2,"EGLC,LFPG",OK,short_name=sdswrf units=W m**-2 startStep=18 endStep=22
2022-11-15,12,24,dswrf_to_lead,"EGLC,LFPG",OK,short_name=sdswrf units=W m**-2 startStep=18 endStep=24
2022-11-15,12,22,dswrf_to_lead_minus2,"EGLC,LFPG",OK,short_name=sdswrf units=W m**-2 startStep=18 endStep=22
2022-10-24,12,24,dswrf_to_lead,"EGLC,LFPG",OK,short_name=sdswrf units=W m**-2 startStep=18 endStep=24
2022-10-24,12,22,dswrf_to_lead_minus2,"EGLC,LFPG",OK,short_name=sdswrf units=W m**-2 startStep=18 endStep=22
2022-11-29,12,24,dswrf_to_lead,"EGLC,LFPG",OK,short_name=sdswrf units=W m**-2 startStep=18 endStep=24
2022-11-29,12,22,dswrf_to_lead_minus2,"EGLC,LFPG",OK,short_name=sdswrf units=W m**-2 startStep=18 endStep=22
2022-12-16,12,24,dswrf_to_lead,"EGLC,LFPG",OK,short_name=sdswrf units=W m**-2 startStep=18 endStep=24
2022-12-16,12,22,dswrf_to_lead_minus2,"EGLC,LFPG",OK,short_name=sdswrf units=W m**-2 startStep=18 endStep=22
2022-12-13,12,24,dswrf_to_lead,"EGLC,LFPG",OK,short_name=sdswrf units=W m**-2 startStep=18 endStep=24
2022-12-13,12,22,dswrf_to_lead_minus2,"EGLC,LFPG",OK,short_name=sdswrf units=W m**-2 startStep=18 endStep=22
2022-12-20,12,24,dswrf_to_lead,"EGLC,LFPG",OK,short_name=sdswrf units=W m**-2 startStep=18 endStep=24
2022-12-20,12,22,dswrf_to_lead_minus2,"EGLC,LFPG",OK,short_name=sdswrf units=W m**-2 startStep=18 endStep=22
2022-11-25,12,24,dswrf_to_lead,"EGLC,LFPG",OK,short_name=sdswrf units=W m**-2 startStep=18 endStep=24
2022-11-25,12,22,dswrf_to_lead_minus2,"EGLC,LFPG",OK,short_name=sdswrf units=W m**-2 startStep=18 endStep=22
2022-12-25,12,24,dswrf_to_lead,"EGLC,LFPG",OK,short_name=sdswrf units=W m**-2 startStep=18 endStep=24
2022-12-25,12,22,dswrf_to_lead_minus2,"EGLC,LFPG",OK,short_name=sdswrf units=W m**-2 startStep=18 endStep=22
2022-12-27,12,24,dswrf_to_lead,"EGLC,LFPG",OK,short_name=sdswrf units=W m**-2 startStep=18 endStep=24
2022-12-27,12,22,dswrf_to_lead_minus2,"EGLC,LFPG",OK,short_name=sdswrf units=W m**-2 startStep=18 endStep=22
2022-12-02,12,24,dswrf_to_lead,"EGLC,LFPG",OK,short_name=sdswrf units=W m**-2 startStep=18 endStep=24
2022-12-02,12,22,dswrf_to_lead_minus2,"EGLC,LFPG",OK,short_name=sdswrf units=W m**-2 startStep=18 endStep=22
2022-12-08,12,24,dswrf_to_lead,"EGLC,LFPG",OK,short_name=sdswrf units=W m**-2 startStep=18 endStep=24
2022-12-08,12,22,dswrf_to_lead_minus2,"EGLC,LFPG",OK,short_name=sdswrf units=W m**-2 startStep=18 endStep=22
2022-11-06,12,24,dswrf_to_lead,"EGLC,LFPG",OK,short_name=sdswrf units=W m**-2 startStep=18 endStep=24
2022-11-06,12,22,dswrf_to_lead_minus2,"EGLC,LFPG",OK,short_name=sdswrf units=W m**-2 startStep=18 endStep=22
2022-12-15,12,24,dswrf_to_lead,"EGLC,LFPG",OK,short_name=sdswrf units=W m**-2 startStep=18 endStep=24
2022-12-15,12,22,dswrf_to_lead_minus2,"EGLC,LFPG",OK,short_name=sdswrf units=W m**-2 startStep=18 endStep=22
2023-01-05,12,24,dswrf_to_lead,"EGLC,LFPG",OK,short_name=sdswrf units=W m**-2 startStep=18 endStep=24
2023-01-05,12,22,dswrf_to_lead_minus2,"EGLC,LFPG",OK,short_name=sdswrf units=W m**-2 startStep=18 endStep=22
2022-12-07,12,24,dswrf_to_lead,"EGLC,LFPG",OK,short_name=sdswrf units=W m**-2 startStep=18 endStep=24
2022-12-07,12,22,dswrf_to_lead_minus2,"EGLC,LFPG",OK,short_name=sdswrf units=W m**-2 startStep=18 endStep=22
2022-12-09,12,24,dswrf_to_lead,"EGLC,LFPG",OK,short_name=sdswrf units=W m**-2 startStep=18 endStep=24
2022-12-09,12,22,dswrf_to_lead_minus2,"EGLC,LFPG",OK,short_name=sdswrf units=W m**-2 startStep=18 endStep=22
2022-11-07,12,24,dswrf_to_lead,"EGLC,LFPG",OK,short_name=sdswrf units=W m**-2 startStep=18 endStep=24
2022-11-07,12,22,dswrf_to_lead_minus2,"EGLC,LFPG",OK,short_name=sdswrf units=W m**-2 startStep=18 endStep=22
2023-01-10,12,24,dswrf_to_lead,"EGLC,LFPG",OK,short_name=sdswrf units=W m**-2 startStep=18 endStep=24
2023-01-10,12,22,dswrf_to_lead_minus2,"EGLC,LFPG",OK,short_name=sdswrf units=W m**-2 startStep=18 endStep=22
2022-11-20,12,24,dswrf_to_lead,"EGLC,LFPG",OK,short_name=sdswrf units=W m**-2 startStep=18 endStep=24
2022-11-20,12,22,dswrf_to_lead_minus2,"EGLC,LFPG",OK,short_name=sdswrf units=W m**-2 startStep=18 endStep=22
2022-12-03,12,24,dswrf_to_lead,"EGLC,LFPG",OK,short_name=sdswrf units=W m**-2 startStep=18 endStep=24
2022-12-03,12,22,dswrf_to_lead_minus2,"EGLC,LFPG",OK,short_name=sdswrf units=W m**-2 startStep=18 endStep=22
2022-11-24,12,24,dswrf_to_lead,"EGLC,LFPG",OK,short_name=sdswrf units=W m**-2 startStep=18 endStep=24
2022-11-24,12,22,dswrf_to_lead_minus2,"EGLC,LFPG",OK,short_name=sdswrf units=W m**-2 startStep=18 endStep=22
2022-12-21,12,24,dswrf_to_lead,"EGLC,LFPG",OK,short_name=sdswrf units=W m**-2 startStep=18 endStep=24
2022-12-21,12,22,dswrf_to_lead_minus2,"EGLC,LFPG",OK,short_name=sdswrf units=W m**-2 startStep=18 endStep=22
2022-12-10,12,24,dswrf_to_lead,"EGLC,LFPG",OK,short_name=sdswrf units=W m**-2 startStep=18 endStep=24
2022-12-10,12,22,dswrf_to_lead_minus2,"EGLC,LFPG",OK,short_name=sdswrf units=W m**-2 startStep=18 endStep=22
2022-11-23,12,24,dswrf_to_lead,"EGLC,LFPG",OK,short_name=sdswrf units=W m**-2 startStep=18 endStep=24
2022-11-23,12,22,dswrf_to_lead_minus2,"EGLC,LFPG",OK,short_name=sdswrf units=W m**-2 startStep=18 endStep=22
2023-01-01,12,24,dswrf_to_lead,"EGLC,LFPG",OK,short_name=sdswrf units=W m**-2 startStep=18 endStep=24
2023-01-01,12,22,dswrf_to_lead_minus2,"EGLC,LFPG",OK,short_name=sdswrf units=W m**-2 startStep=18 endStep=22
2022-12-11,12,24,dswrf_to_lead,"EGLC,LFPG",OK,short_name=sdswrf units=W m**-2 startStep=18 endStep=24
2022-12-11,12,22,dswrf_to_lead_minus2,"EGLC,LFPG",OK,short_name=sdswrf units=W m**-2 startStep=18 endStep=22
2023-01-06,12,24,dswrf_to_lead,"EGLC,LFPG",OK,short_name=sdswrf units=W m**-2 startStep=18 endStep=24
2023-01-06,12,22,dswrf_to_lead_minus2,"EGLC,LFPG",OK,short_name=sdswrf units=W m**-2 startStep=18 endStep=22
2022-10-05,12,24,dswrf_to_lead,"EGLC,LFPG",OK,short_name=sdswrf units=W m**-2 startStep=18 endStep=24
2022-10-05,12,22,dswrf_to_lead_minus2,"EGLC,LFPG",OK,short_name=sdswrf units=W m**-2 startStep=18 endStep=22
2022-12-12,12,24,dswrf_to_lead,"EGLC,LFPG",OK,short_name=sdswrf units=W m**-2 startStep=18 endStep=24
2022-12-12,12,22,dswrf_to_lead_minus2,"EGLC,LFPG",OK,short_name=sdswrf units=W m**-2 startStep=18 endStep=22
2022-11-19,12,24,dswrf_to_lead,"EGLC,LFPG",OK,short_name=sdswrf units=W m**-2 startStep=18 endStep=24
2022-11-19,12,22,dswrf_to_lead_minus2,"EGLC,LFPG",OK,short_name=sdswrf units=W m**-2 startStep=18 endStep=22
2023-01-02,12,24,dswrf_to_lead,"EGLC,LFPG",OK,short_name=sdswrf units=W m**-2 startStep=18 endStep=24
2023-01-02,12,22,dswrf_to_lead_minus2,"EGLC,LFPG",OK,short_name=sdswrf units=W m**-2 startStep=18 endStep=22
2023-01-04,12,24,dswrf_to_lead,"EGLC,LFPG",OK,short_name=sdswrf units=W m**-2 startStep=18 endStep=24
2023-01-04,12,22,dswrf_to_lead_minus2,"EGLC,LFPG",OK,short_name=sdswrf units=W m**-2 startStep=18 endStep=22
2022-11-14,12,24,dswrf_to_lead,"EGLC,LFPG",OK,short_name=sdswrf units=W m**-2 startStep=18 endStep=24
2022-11-14,12,22,dswrf_to_lead_minus2,"EGLC,LFPG",OK,short_name=sdswrf units=W m**-2 startStep=18 endStep=22
2022-12-30,12,24,dswrf_to_lead,"EGLC,LFPG",OK,short_name=sdswrf units=W m**-2 startStep=18 endStep=24
2022-12-30,12,22,dswrf_to_lead_minus2,"EGLC,LFPG",OK,short_name=sdswrf units=W m**-2 startStep=18 endStep=22
2023-01-11,12,24,dswrf_to_lead,"EGLC,LFPG",OK,short_name=sdswrf units=W m**-2 startStep=18 endStep=24
2023-01-11,12,22,dswrf_to_lead_minus2,"EGLC,LFPG",OK,short_name=sdswrf units=W m**-2 startStep=18 endStep=22
2023-01-14,12,24,dswrf_to_lead,"EGLC,LFPG",OK,short_name=sdswrf units=W m**-2 startStep=18 endStep=24
2023-01-14,12,22,dswrf_to_lead_minus2,"EGLC,LFPG",OK,short_name=sdswrf units=W m**-2 startStep=18 endStep=22
2022-12-14,12,24,dswrf_to_lead,"EGLC,LFPG",OK,short_name=sdswrf units=W m**-2 startStep=18 endStep=24
2022-12-14,12,22,dswrf_to_lead_minus2,"EGLC,LFPG",OK,short_name=sdswrf units=W m**-2 startStep=18 endStep=22
2023-01-03,12,24,dswrf_to_lead,"EGLC,LFPG",OK,short_name=sdswrf units=W m**-2 startStep=18 endStep=24
2023-01-03,12,22,dswrf_to_lead_minus2,"EGLC,LFPG",OK,short_name=sdswrf units=W m**-2 startStep=18 endStep=22
2023-02-07,12,24,dswrf_to_lead,"EGLC,LFPG",OK,short_name=sdswrf units=W m**-2 startStep=18 endStep=24
2023-02-07,12,22,dswrf_to_lead_minus2,"EGLC,LFPG",OK,short_name=sdswrf units=W m**-2 startStep=18 endStep=22
2023-01-12,12,24,dswrf_to_lead,"EGLC,LFPG",OK,short_name=sdswrf units=W m**-2 startStep=18 endStep=24
2023-01-12,12,22,dswrf_to_lead_minus2,"EGLC,LFPG",OK,short_name=sdswrf units=W m**-2 startStep=18 endStep=22
2022-12-23,12,24,dswrf_to_lead,"EGLC,LFPG",OK,short_name=sdswrf units=W m**-2 startStep=18 endStep=24
2022-12-23,12,22,dswrf_to_lead_minus2,"EGLC,LFPG",OK,short_name=sdswrf units=W m**-2 startStep=18 endStep=22
2022-12-28,12,24,dswrf_to_lead,"EGLC,LFPG",OK,short_name=sdswrf units=W m**-2 startStep=18 endStep=24
2022-12-28,12,22,dswrf_to_lead_minus2,"EGLC,LFPG",OK,short_name=sdswrf units=W m**-2 startStep=18 endStep=22
2023-01-26,12,24,dswrf_to_lead,"EGLC,LFPG",OK,short_name=sdswrf units=W m**-2 startStep=18 endStep=24
2023-01-26,12,22,dswrf_to_lead_minus2,"EGLC,LFPG",OK,short_name=sdswrf units=W m**-2 startStep=18 endStep=22
2022-12-19,12,24,dswrf_to_lead,"EGLC,LFPG",OK,short_name=sdswrf units=W m**-2 startStep=18 endStep=24
2022-12-19,12,22,dswrf_to_lead_minus2,"EGLC,LFPG",OK,short_name=sdswrf units=W m**-2 startStep=18 endStep=22
2022-12-31,12,24,dswrf_to_lead,"EGLC,LFPG",OK,short_name=sdswrf units=W m**-2 startStep=18 endStep=24
2022-12-31,12,22,dswrf_to_lead_minus2,"EGLC,LFPG",OK,short_name=sdswrf units=W m**-2 startStep=18 endStep=22
2023-01-18,12,24,dswrf_to_lead,"EGLC,LFPG",OK,short_name=sdswrf units=W m**-2 startStep=18 endStep=24
2023-01-18,12,22,dswrf_to_lead_minus2,"EGLC,LFPG",OK,short_name=sdswrf units=W m**-2 startStep=18 endStep=22
2023-01-22,12,24,dswrf_to_lead,"EGLC,LFPG",OK,short_name=sdswrf units=W m**-2 startStep=18 endStep=24
2023-01-22,12,22,dswrf_to_lead_minus2,"EGLC,LFPG",OK,short_name=sdswrf units=W m**-2 startStep=18 endStep=22
2023-02-10,12,24,dswrf_to_lead,"EGLC,LFPG",OK,short_name=sdswrf units=W m**-2 startStep=18 endStep=24
2023-02-10,12,22,dswrf_to_lead_minus2,"EGLC,LFPG",OK,short_name=sdswrf units=W m**-2 startStep=18 endStep=22
2023-02-04,12,24,dswrf_to_lead,"EGLC,LFPG",OK,short_name=sdswrf units=W m**-2 startStep=18 endStep=24
2023-02-04,12,22,dswrf_to_lead_minus2,"EGLC,LFPG",OK,short_name=sdswrf units=W m**-2 startStep=18 endStep=22
2023-01-08,12,24,dswrf_to_lead,"EGLC,LFPG",OK,short_name=sdswrf units=W m**-2 startStep=18 endStep=24
2023-01-08,12,22,dswrf_to_lead_minus2,"EGLC,LFPG",OK,short_name=sdswrf units=W m**-2 startStep=18 endStep=22
2022-12-26,12,24,dswrf_to_lead,"EGLC,LFPG",OK,short_name=sdswrf units=W m**-2 startStep=18 endStep=24
2022-12-26,12,22,dswrf_to_lead_minus2,"EGLC,LFPG",OK,short_name=sdswrf units=W m**-2 startStep=18 endStep=22
2023-02-03,12,24,dswrf_to_lead,"EGLC,LFPG",OK,short_name=sdswrf units=W m**-2 startStep=18 endStep=24
2023-02-03,12,22,dswrf_to_lead_minus2,"EGLC,LFPG",OK,short_name=sdswrf units=W m**-2 startStep=18 endStep=22
2023-01-23,12,24,dswrf_to_lead,"EGLC,LFPG",OK,short_name=sdswrf units=W m**-2 startStep=18 endStep=24
2023-01-23,12,22,dswrf_to_lead_minus2,"EGLC,LFPG",OK,short_name=sdswrf units=W m**-2 startStep=18 endStep=22
2022-12-18,12,24,dswrf_to_lead,"EGLC,LFPG",OK,short_name=sdswrf units=W m**-2 startStep=18 endStep=24
2022-12-18,12,22,dswrf_to_lead_minus2,"EGLC,LFPG",OK,short_name=sdswrf units=W m**-2 startStep=18 endStep=22
2023-02-09,12,24,dswrf_to_lead,"EGLC,LFPG",OK,short_name=sdswrf units=W m**-2 startStep=18 endStep=24
2023-02-09,12,22,dswrf_to_lead_minus2,"EGLC,LFPG",OK,short_name=sdswrf units=W m**-2 startStep=18 endStep=22
2023-01-09,12,24,dswrf_to_lead,"EGLC,LFPG",OK,short_name=sdswrf units=W m**-2 startStep=18 endStep=24
2023-01-09,12,22,dswrf_to_lead_minus2,"EGLC,LFPG",OK,short_name=sdswrf units=W m**-2 startStep=18 endStep=22
2023-02-06,12,24,dswrf_to_lead,"EGLC,LFPG",OK,short_name=sdswrf units=W m**-2 startStep=18 endStep=24
2023-02-06,12,22,dswrf_to_lead_minus2,"EGLC,LFPG",OK,short_name=sdswrf units=W m**-2 startStep=18 endStep=22
2023-01-13,12,24,dswrf_to_lead,"EGLC,LFPG",OK,short_name=sdswrf units=W m**-2 startStep=18 endStep=24
2023-01-13,12,22,dswrf_to_lead_minus2,"EGLC,LFPG",OK,short_name=sdswrf units=W m**-2 startStep=18 endStep=22
2023-01-25,12,24,dswrf_to_lead,"EGLC,LFPG",OK,short_name=sdswrf units=W m**-2 startStep=18 endStep=24
2023-01-25,12,22,dswrf_to_lead_minus2,"EGLC,LFPG",OK,short_name=sdswrf units=W m**-2 startStep=18 endStep=22
2022-12-22,12,24,dswrf_to_lead,"EGLC,LFPG",OK,short_name=sdswrf units=W m**-2 startStep=18 endStep=24
2022-12-22,12,22,dswrf_to_lead_minus2,"EGLC,LFPG",OK,short_name=sdswrf units=W m**-2 startStep=18 endStep=22
2023-02-12,12,24,dswrf_to_lead,"EGLC,LFPG",OK,short_name=sdswrf units=W m**-2 startStep=18 endStep=24
2023-02-12,12,22,dswrf_to_lead_minus2,"EGLC,LFPG",OK,short_name=sdswrf units=W m**-2 startStep=18 endStep=22
2023-01-07,12,24,dswrf_to_lead,"EGLC,LFPG",OK,short_name=sdswrf units=W m**-2 startStep=18 endStep=24
2023-01-07,12,22,dswrf_to_lead_minus2,"EGLC,LFPG",OK,short_name=sdswrf units=W m**-2 startStep=18 endStep=22
2023-02-17,12,24,dswrf_to_lead,"EGLC,LFPG",OK,short_name=sdswrf units=W m**-2 startStep=18 endStep=24
2023-02-17,12,22,dswrf_to_lead_minus2,"EGLC,LFPG",OK,short_name=sdswrf units=W m**-2 startStep=18 endStep=22
2023-01-24,12,24,dswrf_to_lead,"EGLC,LFPG",OK,short_name=sdswrf units=W m**-2 startStep=18 endStep=24
2023-01-24,12,22,dswrf_to_lead_minus2,"EGLC,LFPG",OK,short_name=sdswrf units=W m**-2 startStep=18 endStep=22
2022-12-17,12,24,dswrf_to_lead,"EGLC,LFPG",OK,short_name=sdswrf units=W m**-2 startStep=18 endStep=24
2022-12-17,12,22,dswrf_to_lead_minus2,"EGLC,LFPG",OK,short_name=sdswrf units=W m**-2 startStep=18 endStep=22
2023-01-21,12,24,dswrf_to_lead,"EGLC,LFPG",OK,short_name=sdswrf units=W m**-2 startStep=18 endStep=24
2023-01-21,12,22,dswrf_to_lead_minus2,"EGLC,LFPG",OK,short_name=sdswrf units=W m**-2 startStep=18 endStep=22
2023-02-19,12,24,dswrf_to_lead,"EGLC,LFPG",OK,short_name=sdswrf units=W m**-2 startStep=18 endStep=24
2023-02-19,12,22,dswrf_to_lead_minus2,"EGLC,LFPG",OK,short_name=sdswrf units=W m**-2 startStep=18 endStep=22
2023-02-01,12,24,dswrf_to_lead,"EGLC,LFPG",OK,short_name=sdswrf units=W m**-2 startStep=18 endStep=24
2023-02-01,12,22,dswrf_to_lead_minus2,"EGLC,LFPG",OK,short_name=sdswrf units=W m**-2 startStep=18 endStep=22
2023-02-22,12,24,dswrf_to_lead,"EGLC,LFPG",OK,short_name=sdswrf units=W m**-2 startStep=18 endStep=24
2023-02-22,12,22,dswrf_to_lead_minus2,"EGLC,LFPG",OK,short_name=sdswrf units=W m**-2 startStep=18 endStep=22
2023-02-24,12,24,dswrf_to_lead,"EGLC,LFPG",OK,short_name=sdswrf units=W m**-2 startStep=18 endStep=24
2023-02-24,12,22,dswrf_to_lead_minus2,"EGLC,LFPG",OK,short_name=sdswrf units=W m**-2 startStep=18 endStep=22
2023-02-26,12,24,dswrf_to_lead,"EGLC,LFPG",OK,short_name=sdswrf units=W m**-2 startStep=18 endStep=24
2023-02-26,12,22,dswrf_to_lead_minus2,"EGLC,LFPG",OK,short_name=sdswrf units=W m**-2 startStep=18 endStep=22
2022-12-29,12,24,dswrf_to_lead,"EGLC,LFPG",OK,short_name=sdswrf units=W m**-2 startStep=18 endStep=24
2022-12-29,12,22,dswrf_to_lead_minus2,"EGLC,LFPG",OK,short_name=sdswrf units=W m**-2 startStep=18 endStep=22
2023-03-06,12,24,dswrf_to_lead,"EGLC,LFPG",OK,short_name=sdswrf units=W m**-2 startStep=18 endStep=24
2023-03-06,12,22,dswrf_to_lead_minus2,"EGLC,LFPG",OK,short_name=sdswrf units=W m**-2 startStep=18 endStep=22
2023-01-15,12,24,dswrf_to_lead,"EGLC,LFPG",OK,short_name=sdswrf units=W m**-2 startStep=18 endStep=24
2023-01-15,12,22,dswrf_to_lead_minus2,"EGLC,LFPG",OK,short_name=sdswrf units=W m**-2 startStep=18 endStep=22
2023-02-21,12,24,dswrf_to_lead,"EGLC,LFPG",OK,short_name=sdswrf units=W m**-2 startStep=18 endStep=24
2023-02-21,12,22,dswrf_to_lead_minus2,"EGLC,LFPG",OK,short_name=sdswrf units=W m**-2 startStep=18 endStep=22
2023-01-16,12,24,dswrf_to_lead,"EGLC,LFPG",OK,short_name=sdswrf units=W m**-2 startStep=18 endStep=24
2023-01-16,12,22,dswrf_to_lead_minus2,"EGLC,LFPG",OK,short_name=sdswrf units=W m**-2 startStep=18 endStep=22
2022-12-24,12,24,dswrf_to_lead,"EGLC,LFPG",OK,short_name=sdswrf units=W m**-2 startStep=18 endStep=24
2022-12-24,12,22,dswrf_to_lead_minus2,"EGLC,LFPG",OK,short_name=sdswrf units=W m**-2 startStep=18 endStep=22
2023-02-14,12,24,dswrf_to_lead,"EGLC,LFPG",OK,short_name=sdswrf units=W m**-2 startStep=18 endStep=24
2023-02-14,12,22,dswrf_to_lead_minus2,"EGLC,LFPG",OK,short_name=sdswrf units=W m**-2 startStep=18 endStep=22
2023-02-20,12,24,dswrf_to_lead,"EGLC,LFPG",OK,short_name=sdswrf units=W m**-2 startStep=18 endStep=24
2023-02-20,12,22,dswrf_to_lead_minus2,"EGLC,LFPG",OK,short_name=sdswrf units=W m**-2 startStep=18 endStep=22
2023-02-28,12,24,dswrf_to_lead,"EGLC,LFPG",OK,short_name=sdswrf units=W m**-2 startStep=18 endStep=24
2023-02-28,12,22,dswrf_to_lead_minus2,"EGLC,LFPG",OK,short_name=sdswrf units=W m**-2 startStep=18 endStep=22
2023-01-20,12,24,dswrf_to_lead,"EGLC,LFPG",OK,short_name=sdswrf units=W m**-2 startStep=18 endStep=24
2023-01-20,12,22,dswrf_to_lead_minus2,"EGLC,LFPG",OK,short_name=sdswrf units=W m**-2 startStep=18 endStep=22
2023-02-02,12,24,dswrf_to_lead,"EGLC,LFPG",OK,short_name=sdswrf units=W m**-2 startStep=18 endStep=24
2023-02-02,12,22,dswrf_to_lead_minus2,"EGLC,LFPG",OK,short_name=sdswrf units=W m**-2 startStep=18 endStep=22
2023-03-01,12,24,dswrf_to_lead,"EGLC,LFPG",OK,short_name=sdswrf units=W m**-2 startStep=18 endStep=24
2023-03-01,12,22,dswrf_to_lead_minus2,"EGLC,LFPG",OK,short_name=sdswrf units=W m**-2 startStep=18 endStep=22
2023-02-18,12,24,dswrf_to_lead,"EGLC,LFPG",OK,short_name=sdswrf units=W m**-2 startStep=18 endStep=24
2023-02-18,12,22,dswrf_to_lead_minus2,"EGLC,LFPG",OK,short_name=sdswrf units=W m**-2 startStep=18 endStep=22
2023-02-08,12,24,dswrf_to_lead,"EGLC,LFPG",OK,short_name=sdswrf units=W m**-2 startStep=18 endStep=24
2023-02-08,12,22,dswrf_to_lead_minus2,"EGLC,LFPG",OK,short_name=sdswrf units=W m**-2 startStep=18 endStep=22
2023-03-05,12,24,dswrf_to_lead,"EGLC,LFPG",OK,short_name=sdswrf units=W m**-2 startStep=18 endStep=24
2023-03-05,12,22,dswrf_to_lead_minus2,"EGLC,LFPG",OK,short_name=sdswrf units=W m**-2 startStep=18 endStep=22
2023-03-02,12,24,dswrf_to_lead,"EGLC,LFPG",OK,short_name=sdswrf units=W m**-2 startStep=18 endStep=24
2023-03-02,12,22,dswrf_to_lead_minus2,"EGLC,LFPG",OK,short_name=sdswrf units=W m**-2 startStep=18 endStep=22
2023-02-16,12,24,dswrf_to_lead,"EGLC,LFPG",OK,short_name=sdswrf units=W m**-2 startStep=18 endStep=24
2023-02-16,12,22,dswrf_to_lead_minus2,"EGLC,LFPG",OK,short_name=sdswrf units=W m**-2 startStep=18 endStep=22
2023-01-19,12,24,dswrf_to_lead,"EGLC,LFPG",OK,short_name=sdswrf units=W m**-2 startStep=18 endStep=24
2023-01-19,12,22,dswrf_to_lead_minus2,"EGLC,LFPG",OK,short_name=sdswrf units=W m**-2 startStep=18 endStep=22
2023-01-28,12,24,dswrf_to_lead,"EGLC,LFPG",OK,short_name=sdswrf units=W m**-2 startStep=18 endStep=24
2023-01-28,12,22,dswrf_to_lead_minus2,"EGLC,LFPG",OK,short_name=sdswrf units=W m**-2 startStep=18 endStep=22
2023-03-04,12,24,dswrf_to_lead,"EGLC,LFPG",OK,short_name=sdswrf units=W m**-2 startStep=18 endStep=24
2023-03-04,12,22,dswrf_to_lead_minus2,"EGLC,LFPG",OK,short_name=sdswrf units=W m**-2 startStep=18 endStep=22
2023-02-25,12,24,dswrf_to_lead,"EGLC,LFPG",OK,short_name=sdswrf units=W m**-2 startStep=18 endStep=24
2023-02-25,12,22,dswrf_to_lead_minus2,"EGLC,LFPG",OK,short_name=sdswrf units=W m**-2 startStep=18 endStep=22
2023-02-11,12,24,dswrf_to_lead,"EGLC,LFPG",OK,short_name=sdswrf units=W m**-2 startStep=18 endStep=24
2023-02-11,12,22,dswrf_to_lead_minus2,"EGLC,LFPG",OK,short_name=sdswrf units=W m**-2 startStep=18 endStep=22
2023-03-15,12,24,dswrf_to_lead,"EGLC,LFPG",OK,short_name=sdswrf units=W m**-2 startStep=18 endStep=24
2023-03-15,12,22,dswrf_to_lead_minus2,"EGLC,LFPG",OK,short_name=sdswrf units=W m**-2 startStep=18 endStep=22
2023-03-03,12,24,dswrf_to_lead,"EGLC,LFPG",OK,short_name=sdswrf units=W m**-2 startStep=18 endStep=24
2023-03-03,12,22,dswrf_to_lead_minus2,"EGLC,LFPG",OK,short_name=sdswrf units=W m**-2 startStep=18 endStep=22
2023-03-13,12,24,dswrf_to_lead,"EGLC,LFPG",OK,short_name=sdswrf units=W m**-2 startStep=18 endStep=24
2023-03-13,12,22,dswrf_to_lead_minus2,"EGLC,LFPG",OK,short_name=sdswrf units=W m**-2 startStep=18 endStep=22
2023-02-23,12,24,dswrf_to_lead,"EGLC,LFPG",OK,short_name=sdswrf units=W m**-2 startStep=18 endStep=24
2023-02-23,12,22,dswrf_to_lead_minus2,"EGLC,LFPG",OK,short_name=sdswrf units=W m**-2 startStep=18 endStep=22
2023-02-05,12,24,dswrf_to_lead,"EGLC,LFPG",OK,short_name=sdswrf units=W m**-2 startStep=18 endStep=24
2023-02-05,12,22,dswrf_to_lead_minus2,"EGLC,LFPG",OK,short_name=sdswrf units=W m**-2 startStep=18 endStep=22
2023-03-09,12,24,dswrf_to_lead,"EGLC,LFPG",OK,short_name=sdswrf units=W m**-2 startStep=18 endStep=24
2023-03-09,12,22,dswrf_to_lead_minus2,"EGLC,LFPG",OK,short_name=sdswrf units=W m**-2 startStep=18 endStep=22
2023-03-10,12,24,dswrf_to_lead,"EGLC,LFPG",OK,short_name=sdswrf units=W m**-2 startStep=18 endStep=24
2023-03-10,12,22,dswrf_to_lead_minus2,"EGLC,LFPG",OK,short_name=sdswrf units=W m**-2 startStep=18 endStep=22
2023-03-24,12,24,dswrf_to_lead,"EGLC,LFPG",OK,short_name=sdswrf units=W m**-2 startStep=18 endStep=24
2023-03-24,12,22,dswrf_to_lead_minus2,"EGLC,LFPG",OK,short_name=sdswrf units=W m**-2 startStep=18 endStep=22
2023-03-17,12,24,dswrf_to_lead,"EGLC,LFPG",OK,short_name=sdswrf units=W m**-2 startStep=18 endStep=24
2023-03-17,12,22,dswrf_to_lead_minus2,"EGLC,LFPG",OK,short_name=sdswrf units=W m**-2 startStep=18 endStep=22
2023-02-15,12,24,dswrf_to_lead,"EGLC,LFPG",OK,short_name=sdswrf units=W m**-2 startStep=18 endStep=24
2023-02-15,12,22,dswrf_to_lead_minus2,"EGLC,LFPG",OK,short_name=sdswrf units=W m**-2 startStep=18 endStep=22
2023-03-18,12,24,dswrf_to_lead,"EGLC,LFPG",OK,short_name=sdswrf units=W m**-2 startStep=18 endStep=24
2023-03-18,12,22,dswrf_to_lead_minus2,"EGLC,LFPG",OK,short_name=sdswrf units=W m**-2 startStep=18 endStep=22
2023-01-29,12,24,dswrf_to_lead,"EGLC,LFPG",OK,short_name=sdswrf units=W m**-2 startStep=18 endStep=24
2023-01-29,12,22,dswrf_to_lead_minus2,"EGLC,LFPG",OK,short_name=sdswrf units=W m**-2 startStep=18 endStep=22
2023-01-27,12,24,dswrf_to_lead,"EGLC,LFPG",OK,short_name=sdswrf units=W m**-2 startStep=18 endStep=24
2023-01-27,12,22,dswrf_to_lead_minus2,"EGLC,LFPG",OK,short_name=sdswrf units=W m**-2 startStep=18 endStep=22
2023-01-31,12,24,dswrf_to_lead,"EGLC,LFPG",OK,short_name=sdswrf units=W m**-2 startStep=18 endStep=24
2023-01-31,12,22,dswrf_to_lead_minus2,"EGLC,LFPG",OK,short_name=sdswrf units=W m**-2 startStep=18 endStep=22
2023-02-13,12,24,dswrf_to_lead,"EGLC,LFPG",OK,short_name=sdswrf units=W m**-2 startStep=18 endStep=24
2023-02-13,12,22,dswrf_to_lead_minus2,"EGLC,LFPG",OK,short_name=sdswrf units=W m**-2 startStep=18 endStep=22
2023-04-02,12,24,dswrf_to_lead,"EGLC,LFPG",OK,short_name=sdswrf units=W m**-2 startStep=18 endStep=24
2023-04-02,12,22,dswrf_to_lead_minus2,"EGLC,LFPG",OK,short_name=sdswrf units=W m**-2 startStep=18 endStep=22
2023-03-07,12,24,dswrf_to_lead,"EGLC,LFPG",OK,short_name=sdswrf units=W m**-2 startStep=18 endStep=24
2023-03-07,12,22,dswrf_to_lead_minus2,"EGLC,LFPG",OK,short_name=sdswrf units=W m**-2 startStep=18 endStep=22
2023-02-27,12,24,dswrf_to_lead,"EGLC,LFPG",OK,short_name=sdswrf units=W m**-2 startStep=18 endStep=24
2023-02-27,12,22,dswrf_to_lead_minus2,"EGLC,LFPG",OK,short_name=sdswrf units=W m**-2 startStep=18 endStep=22
2023-03-11,12,24,dswrf_to_lead,"EGLC,LFPG",OK,short_name=sdswrf units=W m**-2 startStep=18 endStep=24
2023-03-11,12,22,dswrf_to_lead_minus2,"EGLC,LFPG",OK,short_name=sdswrf units=W m**-2 startStep=18 endStep=22
2023-03-12,12,24,dswrf_to_lead,"EGLC,LFPG",OK,short_name=sdswrf units=W m**-2 startStep=18 endStep=24
2023-03-12,12,22,dswrf_to_lead_minus2,"EGLC,LFPG",OK,short_name=sdswrf units=W m**-2 startStep=18 endStep=22
2023-03-14,12,24,dswrf_to_lead,"EGLC,LFPG",OK,short_name=sdswrf units=W m**-2 startStep=18 endStep=24
2023-03-14,12,22,dswrf_to_lead_minus2,"EGLC,LFPG",OK,short_name=sdswrf units=W m**-2 startStep=18 endStep=22
2023-03-27,12,24,dswrf_to_lead,"EGLC,LFPG",OK,short_name=sdswrf units=W m**-2 startStep=18 endStep=24
2023-03-27,12,22,dswrf_to_lead_minus2,"EGLC,LFPG",OK,short_name=sdswrf units=W m**-2 startStep=18 endStep=22
2023-01-17,12,24,dswrf_to_lead,"EGLC,LFPG",OK,short_name=sdswrf units=W m**-2 startStep=18 endStep=24
2023-01-17,12,22,dswrf_to_lead_minus2,"EGLC,LFPG",OK,short_name=sdswrf units=W m**-2 startStep=18 endStep=22
2023-04-07,12,24,dswrf_to_lead,"EGLC,LFPG",OK,short_name=sdswrf units=W m**-2 startStep=18 endStep=24
2023-04-07,12,22,dswrf_to_lead_minus2,"EGLC,LFPG",OK,short_name=sdswrf units=W m**-2 startStep=18 endStep=22
2023-04-05,12,24,dswrf_to_lead,"EGLC,LFPG",OK,short_name=sdswrf units=W m**-2 startStep=18 endStep=24
2023-04-05,12,22,dswrf_to_lead_minus2,"EGLC,LFPG",OK,short_name=sdswrf units=W m**-2 startStep=18 endStep=22
2023-04-14,12,24,dswrf_to_lead,"EGLC,LFPG",OK,short_name=sdswrf units=W m**-2 startStep=18 endStep=24
2023-04-14,12,22,dswrf_to_lead_minus2,"EGLC,LFPG",OK,short_name=sdswrf units=W m**-2 startStep=18 endStep=22
2023-03-30,12,24,dswrf_to_lead,"EGLC,LFPG",OK,short_name=sdswrf units=W m**-2 startStep=18 endStep=24
2023-03-30,12,22,dswrf_to_lead_minus2,"EGLC,LFPG",OK,short_name=sdswrf units=W m**-2 startStep=18 endStep=22
2023-03-21,12,24,dswrf_to_lead,"EGLC,LFPG",OK,short_name=sdswrf units=W m**-2 startStep=18 endStep=24
2023-03-21,12,22,dswrf_to_lead_minus2,"EGLC,LFPG",OK,short_name=sdswrf units=W m**-2 startStep=18 endStep=22
2023-03-22,12,24,dswrf_to_lead,"EGLC,LFPG",OK,short_name=sdswrf units=W m**-2 startStep=18 endStep=24
2023-03-22,12,22,dswrf_to_lead_minus2,"EGLC,LFPG",OK,short_name=sdswrf units=W m**-2 startStep=18 endStep=22
2023-03-29,12,24,dswrf_to_lead,"EGLC,LFPG",OK,short_name=sdswrf units=W m**-2 startStep=18 endStep=24
2023-03-29,12,22,dswrf_to_lead_minus2,"EGLC,LFPG",OK,short_name=sdswrf units=W m**-2 startStep=18 endStep=22
2023-05-04,12,24,dswrf_to_lead,"EGLC,LFPG",OK,short_name=sdswrf units=W m**-2 startStep=18 endStep=24
2023-05-04,12,22,dswrf_to_lead_minus2,"EGLC,LFPG",OK,short_name=sdswrf units=W m**-2 startStep=18 endStep=22
2023-03-23,12,24,dswrf_to_lead,"EGLC,LFPG",OK,short_name=sdswrf units=W m**-2 startStep=18 endStep=24
2023-03-23,12,22,dswrf_to_lead_minus2,"EGLC,LFPG",OK,short_name=sdswrf units=W m**-2 startStep=18 endStep=22
2023-04-06,12,24,dswrf_to_lead,"EGLC,LFPG",OK,short_name=sdswrf units=W m**-2 startStep=18 endStep=24
2023-04-06,12,22,dswrf_to_lead_minus2,"EGLC,LFPG",OK,short_name=sdswrf units=W m**-2 startStep=18 endStep=22
2023-04-28,12,24,dswrf_to_lead,"EGLC,LFPG",OK,short_name=sdswrf units=W m**-2 startStep=18 endStep=24
2023-04-28,12,22,dswrf_to_lead_minus2,"EGLC,LFPG",OK,short_name=sdswrf units=W m**-2 startStep=18 endStep=22
2023-03-31,12,24,dswrf_to_lead,"EGLC,LFPG",OK,short_name=sdswrf units=W m**-2 startStep=18 endStep=24
2023-03-31,12,22,dswrf_to_lead_minus2,"EGLC,LFPG",OK,short_name=sdswrf units=W m**-2 startStep=18 endStep=22
2023-03-16,12,24,dswrf_to_lead,"EGLC,LFPG",OK,short_name=sdswrf units=W m**-2 startStep=18 endStep=24
2023-03-16,12,22,dswrf_to_lead_minus2,"EGLC,LFPG",OK,short_name=sdswrf units=W m**-2 startStep=18 endStep=22
2023-04-20,12,24,dswrf_to_lead,"EGLC,LFPG",OK,short_name=sdswrf units=W m**-2 startStep=18 endStep=24
2023-04-20,12,22,dswrf_to_lead_minus2,"EGLC,LFPG",OK,short_name=sdswrf units=W m**-2 startStep=18 endStep=22
2023-04-25,12,24,dswrf_to_lead,"EGLC,LFPG",OK,short_name=sdswrf units=W m**-2 startStep=18 endStep=24
2023-04-25,12,22,dswrf_to_lead_minus2,"EGLC,LFPG",OK,short_name=sdswrf units=W m**-2 startStep=18 endStep=22
2023-03-08,12,24,dswrf_to_lead,"EGLC,LFPG",OK,short_name=sdswrf units=W m**-2 startStep=18 endStep=24
2023-03-08,12,22,dswrf_to_lead_minus2,"EGLC,LFPG",OK,short_name=sdswrf units=W m**-2 startStep=18 endStep=22
2023-04-04,12,24,dswrf_to_lead,"EGLC,LFPG",OK,short_name=sdswrf units=W m**-2 startStep=18 endStep=24
2023-04-04,12,22,dswrf_to_lead_minus2,"EGLC,LFPG",OK,short_name=sdswrf units=W m**-2 startStep=18 endStep=22
2023-04-13,12,24,dswrf_to_lead,"EGLC,LFPG",OK,short_name=sdswrf units=W m**-2 startStep=18 endStep=24
2023-04-13,12,22,dswrf_to_lead_minus2,"EGLC,LFPG",OK,short_name=sdswrf units=W m**-2 startStep=18 endStep=22
2023-03-20,12,24,dswrf_to_lead,"EGLC,LFPG",OK,short_name=sdswrf units=W m**-2 startStep=18 endStep=24
2023-03-20,12,22,dswrf_to_lead_minus2,"EGLC,LFPG",OK,short_name=sdswrf units=W m**-2 startStep=18 endStep=22
2023-05-05,12,24,dswrf_to_lead,"EGLC,LFPG",OK,short_name=sdswrf units=W m**-2 startStep=18 endStep=24
2023-05-05,12,22,dswrf_to_lead_minus2,"EGLC,LFPG",OK,short_name=sdswrf units=W m**-2 startStep=18 endStep=22
2023-04-29,12,24,dswrf_to_lead,"EGLC,LFPG",OK,short_name=sdswrf units=W m**-2 startStep=18 endStep=24
2023-04-29,12,22,dswrf_to_lead_minus2,"EGLC,LFPG",OK,short_name=sdswrf units=W m**-2 startStep=18 endStep=22
2023-04-03,12,24,dswrf_to_lead,"EGLC,LFPG",OK,short_name=sdswrf units=W m**-2 startStep=18 endStep=24
2023-04-03,12,22,dswrf_to_lead_minus2,"EGLC,LFPG",OK,short_name=sdswrf units=W m**-2 startStep=18 endStep=22
2023-04-26,12,24,dswrf_to_lead,"EGLC,LFPG",OK,short_name=sdswrf units=W m**-2 startStep=18 endStep=24
2023-04-26,12,22,dswrf_to_lead_minus2,"EGLC,LFPG",OK,short_name=sdswrf units=W m**-2 startStep=18 endStep=22
2023-04-18,12,24,dswrf_to_lead,"EGLC,LFPG",OK,short_name=sdswrf units=W m**-2 startStep=18 endStep=24
2023-04-18,12,22,dswrf_to_lead_minus2,"EGLC,LFPG",OK,short_name=sdswrf units=W m**-2 startStep=18 endStep=22
2023-01-30,12,24,dswrf_to_lead,"EGLC,LFPG",OK,short_name=sdswrf units=W m**-2 startStep=18 endStep=24
2023-01-30,12,22,dswrf_to_lead_minus2,"EGLC,LFPG",OK,short_name=sdswrf units=W m**-2 startStep=18 endStep=22
2023-03-19,12,24,dswrf_to_lead,"EGLC,LFPG",OK,short_name=sdswrf units=W m**-2 startStep=18 endStep=24
2023-03-19,12,22,dswrf_to_lead_minus2,"EGLC,LFPG",OK,short_name=sdswrf units=W m**-2 startStep=18 endStep=22
2023-04-01,12,24,dswrf_to_lead,"EGLC,LFPG",OK,short_name=sdswrf units=W m**-2 startStep=18 endStep=24
2023-04-01,12,22,dswrf_to_lead_minus2,"EGLC,LFPG",OK,short_name=sdswrf units=W m**-2 startStep=18 endStep=22
2023-04-27,12,24,dswrf_to_lead,"EGLC,LFPG",OK,short_name=sdswrf units=W m**-2 startStep=18 endStep=24
2023-04-27,12,22,dswrf_to_lead_minus2,"EGLC,LFPG",OK,short_name=sdswrf units=W m**-2 startStep=18 endStep=22
2023-05-07,12,24,dswrf_to_lead,"EGLC,LFPG",OK,short_name=sdswrf units=W m**-2 startStep=18 endStep=24
2023-05-07,12,22,dswrf_to_lead_minus2,"EGLC,LFPG",OK,short_name=sdswrf units=W m**-2 startStep=18 endStep=22
2023-05-02,12,24,dswrf_to_lead,"EGLC,LFPG",OK,short_name=sdswrf units=W m**-2 startStep=18 endStep=24
2023-05-02,12,22,dswrf_to_lead_minus2,"EGLC,LFPG",OK,short_name=sdswrf units=W m**-2 startStep=18 endStep=22
2023-05-08,12,24,dswrf_to_lead,"EGLC,LFPG",OK,short_name=sdswrf units=W m**-2 startStep=18 endStep=24
2023-05-08,12,22,dswrf_to_lead_minus2,"EGLC,LFPG",OK,short_name=sdswrf units=W m**-2 startStep=18 endStep=22
2023-03-26,12,24,dswrf_to_lead,"EGLC,LFPG",OK,short_name=sdswrf units=W m**-2 startStep=18 endStep=24
2023-03-26,12,22,dswrf_to_lead_minus2,"EGLC,LFPG",OK,short_name=sdswrf units=W m**-2 startStep=18 endStep=22
2023-04-12,12,24,dswrf_to_lead,"EGLC,LFPG",OK,short_name=sdswrf units=W m**-2 startStep=18 endStep=24
2023-04-12,12,22,dswrf_to_lead_minus2,"EGLC,LFPG",OK,short_name=sdswrf units=W m**-2 startStep=18 endStep=22
2023-04-11,12,24,dswrf_to_lead,"EGLC,LFPG",OK,short_name=sdswrf units=W m**-2 startStep=18 endStep=24
2023-04-11,12,22,dswrf_to_lead_minus2,"EGLC,LFPG",OK,short_name=sdswrf units=W m**-2 startStep=18 endStep=22
2023-05-18,12,24,dswrf_to_lead,"EGLC,LFPG",OK,short_name=sdswrf units=W m**-2 startStep=18 endStep=24
2023-05-18,12,22,dswrf_to_lead_minus2,"EGLC,LFPG",OK,short_name=sdswrf units=W m**-2 startStep=18 endStep=22
2023-04-09,12,24,dswrf_to_lead,"EGLC,LFPG",OK,short_name=sdswrf units=W m**-2 startStep=18 endStep=24
2023-04-09,12,22,dswrf_to_lead_minus2,"EGLC,LFPG",OK,short_name=sdswrf units=W m**-2 startStep=18 endStep=22
2023-04-10,12,24,dswrf_to_lead,"EGLC,LFPG",OK,short_name=sdswrf units=W m**-2 startStep=18 endStep=24
2023-04-10,12,22,dswrf_to_lead_minus2,"EGLC,LFPG",OK,short_name=sdswrf units=W m**-2 startStep=18 endStep=22
2023-03-28,12,24,dswrf_to_lead,"EGLC,LFPG",OK,short_name=sdswrf units=W m**-2 startStep=18 endStep=24
2023-03-28,12,22,dswrf_to_lead_minus2,"EGLC,LFPG",OK,short_name=sdswrf units=W m**-2 startStep=18 endStep=22
2023-04-21,12,24,dswrf_to_lead,"EGLC,LFPG",OK,short_name=sdswrf units=W m**-2 startStep=18 endStep=24
2023-04-21,12,22,dswrf_to_lead_minus2,"EGLC,LFPG",OK,short_name=sdswrf units=W m**-2 startStep=18 endStep=22
2023-05-23,12,24,dswrf_to_lead,"EGLC,LFPG",OK,short_name=sdswrf units=W m**-2 startStep=18 endStep=24
2023-05-23,12,22,dswrf_to_lead_minus2,"EGLC,LFPG",OK,short_name=sdswrf units=W m**-2 startStep=18 endStep=22
2023-05-10,12,24,dswrf_to_lead,"EGLC,LFPG",OK,short_name=sdswrf units=W m**-2 startStep=18 endStep=24
2023-05-10,12,22,dswrf_to_lead_minus2,"EGLC,LFPG",OK,short_name=sdswrf units=W m**-2 startStep=18 endStep=22
2023-04-16,12,24,dswrf_to_lead,"EGLC,LFPG",OK,short_name=sdswrf units=W m**-2 startStep=18 endStep=24
2023-04-16,12,22,dswrf_to_lead_minus2,"EGLC,LFPG",OK,short_name=sdswrf units=W m**-2 startStep=18 endStep=22
2023-05-11,12,24,dswrf_to_lead,"EGLC,LFPG",OK,short_name=sdswrf units=W m**-2 startStep=18 endStep=24
2023-05-11,12,22,dswrf_to_lead_minus2,"EGLC,LFPG",OK,short_name=sdswrf units=W m**-2 startStep=18 endStep=22
2023-05-21,12,24,dswrf_to_lead,"EGLC,LFPG",OK,short_name=sdswrf units=W m**-2 startStep=18 endStep=24
2023-05-21,12,22,dswrf_to_lead_minus2,"EGLC,LFPG",OK,short_name=sdswrf units=W m**-2 startStep=18 endStep=22
2023-05-20,12,24,dswrf_to_lead,"EGLC,LFPG",OK,short_name=sdswrf units=W m**-2 startStep=18 endStep=24
2023-05-20,12,22,dswrf_to_lead_minus2,"EGLC,LFPG",OK,short_name=sdswrf units=W m**-2 startStep=18 endStep=22
2023-04-24,12,24,dswrf_to_lead,"EGLC,LFPG",OK,short_name=sdswrf units=W m**-2 startStep=18 endStep=24
2023-04-24,12,22,dswrf_to_lead_minus2,"EGLC,LFPG",OK,short_name=sdswrf units=W m**-2 startStep=18 endStep=22
2023-04-17,12,24,dswrf_to_lead,"EGLC,LFPG",OK,short_name=sdswrf units=W m**-2 startStep=18 endStep=24
2023-04-17,12,22,dswrf_to_lead_minus2,"EGLC,LFPG",OK,short_name=sdswrf units=W m**-2 startStep=18 endStep=22
2023-04-19,12,24,dswrf_to_lead,"EGLC,LFPG",OK,short_name=sdswrf units=W m**-2 startStep=18 endStep=24
2023-04-19,12,22,dswrf_to_lead_minus2,"EGLC,LFPG",OK,short_name=sdswrf units=W m**-2 startStep=18 endStep=22
2023-06-03,12,24,dswrf_to_lead,"EGLC,LFPG",OK,short_name=sdswrf units=W m**-2 startStep=18 endStep=24
2023-06-03,12,22,dswrf_to_lead_minus2,"EGLC,LFPG",OK,short_name=sdswrf units=W m**-2 startStep=18 endStep=22
2023-05-15,12,24,dswrf_to_lead,"EGLC,LFPG",OK,short_name=sdswrf units=W m**-2 startStep=18 endStep=24
2023-05-15,12,22,dswrf_to_lead_minus2,"EGLC,LFPG",OK,short_name=sdswrf units=W m**-2 startStep=18 endStep=22
2023-05-09,12,24,dswrf_to_lead,"EGLC,LFPG",OK,short_name=sdswrf units=W m**-2 startStep=18 endStep=24
2023-05-09,12,22,dswrf_to_lead_minus2,"EGLC,LFPG",OK,short_name=sdswrf units=W m**-2 startStep=18 endStep=22
2023-04-08,12,24,dswrf_to_lead,"EGLC,LFPG",OK,short_name=sdswrf units=W m**-2 startStep=18 endStep=24
2023-04-08,12,22,dswrf_to_lead_minus2,"EGLC,LFPG",OK,short_name=sdswrf units=W m**-2 startStep=18 endStep=22
2023-05-29,12,24,dswrf_to_lead,"EGLC,LFPG",OK,short_name=sdswrf units=W m**-2 startStep=18 endStep=24
2023-05-29,12,22,dswrf_to_lead_minus2,"EGLC,LFPG",OK,short_name=sdswrf units=W m**-2 startStep=18 endStep=22
2023-05-27,12,24,dswrf_to_lead,"EGLC,LFPG",OK,short_name=sdswrf units=W m**-2 startStep=18 endStep=24
2023-05-27,12,22,dswrf_to_lead_minus2,"EGLC,LFPG",OK,short_name=sdswrf units=W m**-2 startStep=18 endStep=22
2023-04-30,12,24,dswrf_to_lead,"EGLC,LFPG",OK,short_name=sdswrf units=W m**-2 startStep=18 endStep=24
2023-04-30,12,22,dswrf_to_lead_minus2,"EGLC,LFPG",OK,short_name=sdswrf units=W m**-2 startStep=18 endStep=22
2023-05-19,12,24,dswrf_to_lead,"EGLC,LFPG",OK,short_name=sdswrf units=W m**-2 startStep=18 endStep=24
2023-05-19,12,22,dswrf_to_lead_minus2,"EGLC,LFPG",OK,short_name=sdswrf units=W m**-2 startStep=18 endStep=22
2023-03-25,12,24,dswrf_to_lead,"EGLC,LFPG",OK,short_name=sdswrf units=W m**-2 startStep=18 endStep=24
2023-03-25,12,22,dswrf_to_lead_minus2,"EGLC,LFPG",OK,short_name=sdswrf units=W m**-2 startStep=18 endStep=22
2023-05-01,12,24,dswrf_to_lead,"EGLC,LFPG",OK,short_name=sdswrf units=W m**-2 startStep=18 endStep=24
2023-05-01,12,22,dswrf_to_lead_minus2,"EGLC,LFPG",OK,short_name=sdswrf units=W m**-2 startStep=18 endStep=22
2023-06-12,12,24,dswrf_to_lead,"EGLC,LFPG",OK,short_name=sdswrf units=W m**-2 startStep=18 endStep=24
2023-06-12,12,22,dswrf_to_lead_minus2,"EGLC,LFPG",OK,short_name=sdswrf units=W m**-2 startStep=18 endStep=22
2023-05-26,12,24,dswrf_to_lead,"EGLC,LFPG",OK,short_name=sdswrf units=W m**-2 startStep=18 endStep=24
2023-05-26,12,22,dswrf_to_lead_minus2,"EGLC,LFPG",OK,short_name=sdswrf units=W m**-2 startStep=18 endStep=22
2023-04-22,12,24,dswrf_to_lead,"EGLC,LFPG",OK,short_name=sdswrf units=W m**-2 startStep=18 endStep=24
2023-04-22,12,22,dswrf_to_lead_minus2,"EGLC,LFPG",OK,short_name=sdswrf units=W m**-2 startStep=18 endStep=22
2023-05-03,12,24,dswrf_to_lead,"EGLC,LFPG",OK,short_name=sdswrf units=W m**-2 startStep=18 endStep=24
2023-05-03,12,22,dswrf_to_lead_minus2,"EGLC,LFPG",OK,short_name=sdswrf units=W m**-2 startStep=18 endStep=22
2023-05-17,12,24,dswrf_to_lead,"EGLC,LFPG",OK,short_name=sdswrf units=W m**-2 startStep=18 endStep=24
2023-05-17,12,22,dswrf_to_lead_minus2,"EGLC,LFPG",OK,short_name=sdswrf units=W m**-2 startStep=18 endStep=22
2023-05-16,12,24,dswrf_to_lead,"EGLC,LFPG",OK,short_name=sdswrf units=W m**-2 startStep=18 endStep=24
2023-05-16,12,22,dswrf_to_lead_minus2,"EGLC,LFPG",OK,short_name=sdswrf units=W m**-2 startStep=18 endStep=22
2023-05-06,12,24,dswrf_to_lead,"EGLC,LFPG",OK,short_name=sdswrf units=W m**-2 startStep=18 endStep=24
2023-05-06,12,22,dswrf_to_lead_minus2,"EGLC,LFPG",OK,short_name=sdswrf units=W m**-2 startStep=18 endStep=22
2023-06-30,12,24,dswrf_to_lead,"EGLC,LFPG",OK,short_name=sdswrf units=W m**-2 startStep=18 endStep=24
2023-06-30,12,22,dswrf_to_lead_minus2,"EGLC,LFPG",OK,short_name=sdswrf units=W m**-2 startStep=18 endStep=22
2023-06-02,12,24,dswrf_to_lead,"EGLC,LFPG",OK,short_name=sdswrf units=W m**-2 startStep=18 endStep=24
2023-06-02,12,22,dswrf_to_lead_minus2,"EGLC,LFPG",OK,short_name=sdswrf units=W m**-2 startStep=18 endStep=22
2023-04-15,12,24,dswrf_to_lead,"EGLC,LFPG",OK,short_name=sdswrf units=W m**-2 startStep=18 endStep=24
2023-04-15,12,22,dswrf_to_lead_minus2,"EGLC,LFPG",OK,short_name=sdswrf units=W m**-2 startStep=18 endStep=22
2023-06-01,12,24,dswrf_to_lead,"EGLC,LFPG",OK,short_name=sdswrf units=W m**-2 startStep=18 endStep=24
2023-06-01,12,22,dswrf_to_lead_minus2,"EGLC,LFPG",OK,short_name=sdswrf units=W m**-2 startStep=18 endStep=22
2023-04-23,12,24,dswrf_to_lead,"EGLC,LFPG",OK,short_name=sdswrf units=W m**-2 startStep=18 endStep=24
2023-04-23,12,22,dswrf_to_lead_minus2,"EGLC,LFPG",OK,short_name=sdswrf units=W m**-2 startStep=18 endStep=22
2023-06-17,12,24,dswrf_to_lead,"EGLC,LFPG",OK,short_name=sdswrf units=W m**-2 startStep=18 endStep=24
2023-06-17,12,22,dswrf_to_lead_minus2,"EGLC,LFPG",OK,short_name=sdswrf units=W m**-2 startStep=18 endStep=22
2023-06-09,12,24,dswrf_to_lead,"EGLC,LFPG",OK,short_name=sdswrf units=W m**-2 startStep=18 endStep=24
2023-06-09,12,22,dswrf_to_lead_minus2,"EGLC,LFPG",OK,short_name=sdswrf units=W m**-2 startStep=18 endStep=22
2023-05-14,12,24,dswrf_to_lead,"EGLC,LFPG",OK,short_name=sdswrf units=W m**-2 startStep=18 endStep=24
2023-05-14,12,22,dswrf_to_lead_minus2,"EGLC,LFPG",OK,short_name=sdswrf units=W m**-2 startStep=18 endStep=22
2023-06-11,12,24,dswrf_to_lead,"EGLC,LFPG",OK,short_name=sdswrf units=W m**-2 startStep=18 endStep=24
2023-06-11,12,22,dswrf_to_lead_minus2,"EGLC,LFPG",OK,short_name=sdswrf units=W m**-2 startStep=18 endStep=22
2023-06-10,12,24,dswrf_to_lead,"EGLC,LFPG",OK,short_name=sdswrf units=W m**-2 startStep=18 endStep=24
2023-06-10,12,22,dswrf_to_lead_minus2,"EGLC,LFPG",OK,short_name=sdswrf units=W m**-2 startStep=18 endStep=22
2023-06-23,12,24,dswrf_to_lead,"EGLC,LFPG",OK,short_name=sdswrf units=W m**-2 startStep=18 endStep=24
2023-06-23,12,22,dswrf_to_lead_minus2,"EGLC,LFPG",OK,short_name=sdswrf units=W m**-2 startStep=18 endStep=22
2023-05-31,12,24,dswrf_to_lead,"EGLC,LFPG",OK,short_name=sdswrf units=W m**-2 startStep=18 endStep=24
2023-05-31,12,22,dswrf_to_lead_minus2,"EGLC,LFPG",OK,short_name=sdswrf units=W m**-2 startStep=18 endStep=22
2023-06-08,12,24,dswrf_to_lead,"EGLC,LFPG",OK,short_name=sdswrf units=W m**-2 startStep=18 endStep=24
2023-06-08,12,22,dswrf_to_lead_minus2,"EGLC,LFPG",OK,short_name=sdswrf units=W m**-2 startStep=18 endStep=22
2023-05-22,12,24,dswrf_to_lead,"EGLC,LFPG",OK,short_name=sdswrf units=W m**-2 startStep=18 endStep=24
2023-05-22,12,22,dswrf_to_lead_minus2,"EGLC,LFPG",OK,short_name=sdswrf units=W m**-2 startStep=18 endStep=22
2023-05-13,12,24,dswrf_to_lead,"EGLC,LFPG",OK,short_name=sdswrf units=W m**-2 startStep=18 endStep=24
2023-05-13,12,22,dswrf_to_lead_minus2,"EGLC,LFPG",OK,short_name=sdswrf units=W m**-2 startStep=18 endStep=22
2023-06-20,12,24,dswrf_to_lead,"EGLC,LFPG",OK,short_name=sdswrf units=W m**-2 startStep=18 endStep=24
2023-06-20,12,22,dswrf_to_lead_minus2,"EGLC,LFPG",OK,short_name=sdswrf units=W m**-2 startStep=18 endStep=22
2023-05-24,12,24,dswrf_to_lead,"EGLC,LFPG",OK,short_name=sdswrf units=W m**-2 startStep=18 endStep=24
2023-05-24,12,22,dswrf_to_lead_minus2,"EGLC,LFPG",OK,short_name=sdswrf units=W m**-2 startStep=18 endStep=22
2023-06-04,12,24,dswrf_to_lead,"EGLC,LFPG",OK,short_name=sdswrf units=W m**-2 startStep=18 endStep=24
2023-06-04,12,22,dswrf_to_lead_minus2,"EGLC,LFPG",OK,short_name=sdswrf units=W m**-2 startStep=18 endStep=22
2023-05-28,12,24,dswrf_to_lead,"EGLC,LFPG",OK,short_name=sdswrf units=W m**-2 startStep=18 endStep=24
2023-05-28,12,22,dswrf_to_lead_minus2,"EGLC,LFPG",OK,short_name=sdswrf units=W m**-2 startStep=18 endStep=22
2023-06-24,12,24,dswrf_to_lead,"EGLC,LFPG",OK,short_name=sdswrf units=W m**-2 startStep=18 endStep=24
2023-06-24,12,22,dswrf_to_lead_minus2,"EGLC,LFPG",OK,short_name=sdswrf units=W m**-2 startStep=18 endStep=22
2023-06-22,12,24,dswrf_to_lead,"EGLC,LFPG",OK,short_name=sdswrf units=W m**-2 startStep=18 endStep=24
2023-06-22,12,22,dswrf_to_lead_minus2,"EGLC,LFPG",OK,short_name=sdswrf units=W m**-2 startStep=18 endStep=22
2023-07-02,12,24,dswrf_to_lead,"EGLC,LFPG",OK,short_name=sdswrf units=W m**-2 startStep=18 endStep=24
2023-07-02,12,22,dswrf_to_lead_minus2,"EGLC,LFPG",OK,short_name=sdswrf units=W m**-2 startStep=18 endStep=22
2023-06-07,12,24,dswrf_to_lead,"EGLC,LFPG",OK,short_name=sdswrf units=W m**-2 startStep=18 endStep=24
2023-06-07,12,22,dswrf_to_lead_minus2,"EGLC,LFPG",OK,short_name=sdswrf units=W m**-2 startStep=18 endStep=22
2023-06-06,12,24,dswrf_to_lead,"EGLC,LFPG",OK,short_name=sdswrf units=W m**-2 startStep=18 endStep=24
2023-06-06,12,22,dswrf_to_lead_minus2,"EGLC,LFPG",OK,short_name=sdswrf units=W m**-2 startStep=18 endStep=22
2023-05-30,12,24,dswrf_to_lead,"EGLC,LFPG",OK,short_name=sdswrf units=W m**-2 startStep=18 endStep=24
2023-05-30,12,22,dswrf_to_lead_minus2,"EGLC,LFPG",OK,short_name=sdswrf units=W m**-2 startStep=18 endStep=22
2023-05-12,12,24,dswrf_to_lead,"EGLC,LFPG",OK,short_name=sdswrf units=W m**-2 startStep=18 endStep=24
2023-05-12,12,22,dswrf_to_lead_minus2,"EGLC,LFPG",OK,short_name=sdswrf units=W m**-2 startStep=18 endStep=22
2023-06-18,12,24,dswrf_to_lead,"EGLC,LFPG",OK,short_name=sdswrf units=W m**-2 startStep=18 endStep=24
2023-06-18,12,22,dswrf_to_lead_minus2,"EGLC,LFPG",OK,short_name=sdswrf units=W m**-2 startStep=18 endStep=22
2023-06-05,12,24,dswrf_to_lead,"EGLC,LFPG",OK,short_name=sdswrf units=W m**-2 startStep=18 endStep=24
2023-06-05,12,22,dswrf_to_lead_minus2,"EGLC,LFPG",OK,short_name=sdswrf units=W m**-2 startStep=18 endStep=22
2023-07-09,12,24,dswrf_to_lead,"EGLC,LFPG",OK,short_name=sdswrf units=W m**-2 startStep=18 endStep=24
2023-07-09,12,22,dswrf_to_lead_minus2,"EGLC,LFPG",OK,short_name=sdswrf units=W m**-2 startStep=18 endStep=22
2023-05-25,12,24,dswrf_to_lead,"EGLC,LFPG",OK,short_name=sdswrf units=W m**-2 startStep=18 endStep=24
2023-05-25,12,22,dswrf_to_lead_minus2,"EGLC,LFPG",OK,short_name=sdswrf units=W m**-2 startStep=18 endStep=22
2023-06-28,12,24,dswrf_to_lead,"EGLC,LFPG",OK,short_name=sdswrf units=W m**-2 startStep=18 endStep=24
2023-06-28,12,22,dswrf_to_lead_minus2,"EGLC,LFPG",OK,short_name=sdswrf units=W m**-2 startStep=18 endStep=22
2023-07-12,12,24,dswrf_to_lead,"EGLC,LFPG",OK,short_name=sdswrf units=W m**-2 startStep=18 endStep=24
2023-07-12,12,22,dswrf_to_lead_minus2,"EGLC,LFPG",OK,short_name=sdswrf units=W m**-2 startStep=18 endStep=22
2023-06-16,12,24,dswrf_to_lead,"EGLC,LFPG",OK,short_name=sdswrf units=W m**-2 startStep=18 endStep=24
2023-06-16,12,22,dswrf_to_lead_minus2,"EGLC,LFPG",OK,short_name=sdswrf units=W m**-2 startStep=18 endStep=22
2023-07-27,12,24,dswrf_to_lead,"EGLC,LFPG",OK,short_name=sdswrf units=W m**-2 startStep=18 endStep=24
2023-07-27,12,22,dswrf_to_lead_minus2,"EGLC,LFPG",OK,short_name=sdswrf units=W m**-2 startStep=18 endStep=22
2023-06-14,12,24,dswrf_to_lead,"EGLC,LFPG",OK,short_name=sdswrf units=W m**-2 startStep=18 endStep=24
2023-06-14,12,22,dswrf_to_lead_minus2,"EGLC,LFPG",OK,short_name=sdswrf units=W m**-2 startStep=18 endStep=22
2023-07-01,12,24,dswrf_to_lead,"EGLC,LFPG",OK,short_name=sdswrf units=W m**-2 startStep=18 endStep=24
2023-07-01,12,22,dswrf_to_lead_minus2,"EGLC,LFPG",OK,short_name=sdswrf units=W m**-2 startStep=18 endStep=22
2023-06-21,12,24,dswrf_to_lead,"EGLC,LFPG",OK,short_name=sdswrf units=W m**-2 startStep=18 endStep=24
2023-06-21,12,22,dswrf_to_lead_minus2,"EGLC,LFPG",OK,short_name=sdswrf units=W m**-2 startStep=18 endStep=22
2023-06-19,12,24,dswrf_to_lead,"EGLC,LFPG",OK,short_name=sdswrf units=W m**-2 startStep=18 endStep=24
2023-06-19,12,22,dswrf_to_lead_minus2,"EGLC,LFPG",OK,short_name=sdswrf units=W m**-2 startStep=18 endStep=22
2023-06-27,12,24,dswrf_to_lead,"EGLC,LFPG",OK,short_name=sdswrf units=W m**-2 startStep=18 endStep=24
2023-06-27,12,22,dswrf_to_lead_minus2,"EGLC,LFPG",OK,short_name=sdswrf units=W m**-2 startStep=18 endStep=22
2023-07-20,12,24,dswrf_to_lead,"EGLC,LFPG",OK,short_name=sdswrf units=W m**-2 startStep=18 endStep=24
2023-07-20,12,22,dswrf_to_lead_minus2,"EGLC,LFPG",OK,short_name=sdswrf units=W m**-2 startStep=18 endStep=22
2023-06-29,12,24,dswrf_to_lead,"EGLC,LFPG",OK,short_name=sdswrf units=W m**-2 startStep=18 endStep=24
2023-06-29,12,22,dswrf_to_lead_minus2,"EGLC,LFPG",OK,short_name=sdswrf units=W m**-2 startStep=18 endStep=22
2023-06-25,12,24,dswrf_to_lead,"EGLC,LFPG",OK,short_name=sdswrf units=W m**-2 startStep=18 endStep=24
2023-06-25,12,22,dswrf_to_lead_minus2,"EGLC,LFPG",OK,short_name=sdswrf units=W m**-2 startStep=18 endStep=22
2023-07-05,12,24,dswrf_to_lead,"EGLC,LFPG",OK,short_name=sdswrf units=W m**-2 startStep=18 endStep=24
2023-07-05,12,22,dswrf_to_lead_minus2,"EGLC,LFPG",OK,short_name=sdswrf units=W m**-2 startStep=18 endStep=22
2023-07-10,12,24,dswrf_to_lead,"EGLC,LFPG",OK,short_name=sdswrf units=W m**-2 startStep=18 endStep=24
2023-07-10,12,22,dswrf_to_lead_minus2,"EGLC,LFPG",OK,short_name=sdswrf units=W m**-2 startStep=18 endStep=22
2023-07-21,12,24,dswrf_to_lead,"EGLC,LFPG",OK,short_name=sdswrf units=W m**-2 startStep=18 endStep=24
2023-07-21,12,22,dswrf_to_lead_minus2,"EGLC,LFPG",OK,short_name=sdswrf units=W m**-2 startStep=18 endStep=22
2023-06-13,12,24,dswrf_to_lead,"EGLC,LFPG",OK,short_name=sdswrf units=W m**-2 startStep=18 endStep=24
2023-06-13,12,22,dswrf_to_lead_minus2,"EGLC,LFPG",OK,short_name=sdswrf units=W m**-2 startStep=18 endStep=22
2023-06-26,12,24,dswrf_to_lead,"EGLC,LFPG",OK,short_name=sdswrf units=W m**-2 startStep=18 endStep=24
2023-06-26,12,22,dswrf_to_lead_minus2,"EGLC,LFPG",OK,short_name=sdswrf units=W m**-2 startStep=18 endStep=22
2023-08-01,12,24,dswrf_to_lead,"EGLC,LFPG",OK,short_name=sdswrf units=W m**-2 startStep=18 endStep=24
2023-08-01,12,22,dswrf_to_lead_minus2,"EGLC,LFPG",OK,short_name=sdswrf units=W m**-2 startStep=18 endStep=22
2023-07-25,12,24,dswrf_to_lead,"EGLC,LFPG",OK,short_name=sdswrf units=W m**-2 startStep=18 endStep=24
2023-07-25,12,22,dswrf_to_lead_minus2,"EGLC,LFPG",OK,short_name=sdswrf units=W m**-2 startStep=18 endStep=22
2023-07-16,12,24,dswrf_to_lead,"EGLC,LFPG",OK,short_name=sdswrf units=W m**-2 startStep=18 endStep=24
2023-07-16,12,22,dswrf_to_lead_minus2,"EGLC,LFPG",OK,short_name=sdswrf units=W m**-2 startStep=18 endStep=22
2023-07-07,12,24,dswrf_to_lead,"EGLC,LFPG",OK,short_name=sdswrf units=W m**-2 startStep=18 endStep=24
2023-07-07,12,22,dswrf_to_lead_minus2,"EGLC,LFPG",OK,short_name=sdswrf units=W m**-2 startStep=18 endStep=22
2023-07-03,12,24,dswrf_to_lead,"EGLC,LFPG",OK,short_name=sdswrf units=W m**-2 startStep=18 endStep=24
2023-07-03,12,22,dswrf_to_lead_minus2,"EGLC,LFPG",OK,short_name=sdswrf units=W m**-2 startStep=18 endStep=22
2023-07-06,12,24,dswrf_to_lead,"EGLC,LFPG",OK,short_name=sdswrf units=W m**-2 startStep=18 endStep=24
2023-07-06,12,22,dswrf_to_lead_minus2,"EGLC,LFPG",OK,short_name=sdswrf units=W m**-2 startStep=18 endStep=22
2023-06-15,12,24,dswrf_to_lead,"EGLC,LFPG",OK,short_name=sdswrf units=W m**-2 startStep=18 endStep=24
2023-06-15,12,22,dswrf_to_lead_minus2,"EGLC,LFPG",OK,short_name=sdswrf units=W m**-2 startStep=18 endStep=22
2023-07-24,12,24,dswrf_to_lead,"EGLC,LFPG",OK,short_name=sdswrf units=W m**-2 startStep=18 endStep=24
2023-07-24,12,22,dswrf_to_lead_minus2,"EGLC,LFPG",OK,short_name=sdswrf units=W m**-2 startStep=18 endStep=22
2023-07-18,12,24,dswrf_to_lead,"EGLC,LFPG",OK,short_name=sdswrf units=W m**-2 startStep=18 endStep=24
2023-07-18,12,22,dswrf_to_lead_minus2,"EGLC,LFPG",OK,short_name=sdswrf units=W m**-2 startStep=18 endStep=22
2023-07-30,12,24,dswrf_to_lead,"EGLC,LFPG",OK,short_name=sdswrf units=W m**-2 startStep=18 endStep=24
2023-07-30,12,22,dswrf_to_lead_minus2,"EGLC,LFPG",OK,short_name=sdswrf units=W m**-2 startStep=18 endStep=22
2023-07-22,12,24,dswrf_to_lead,"EGLC,LFPG",OK,short_name=sdswrf units=W m**-2 startStep=18 endStep=24
2023-07-22,12,22,dswrf_to_lead_minus2,"EGLC,LFPG",OK,short_name=sdswrf units=W m**-2 startStep=18 endStep=22
2023-07-04,12,24,dswrf_to_lead,"EGLC,LFPG",OK,short_name=sdswrf units=W m**-2 startStep=18 endStep=24
2023-07-04,12,22,dswrf_to_lead_minus2,"EGLC,LFPG",OK,short_name=sdswrf units=W m**-2 startStep=18 endStep=22
2023-07-14,12,24,dswrf_to_lead,"EGLC,LFPG",OK,short_name=sdswrf units=W m**-2 startStep=18 endStep=24
2023-07-14,12,22,dswrf_to_lead_minus2,"EGLC,LFPG",OK,short_name=sdswrf units=W m**-2 startStep=18 endStep=22
2023-07-08,12,24,dswrf_to_lead,"EGLC,LFPG",OK,short_name=sdswrf units=W m**-2 startStep=18 endStep=24
2023-07-08,12,22,dswrf_to_lead_minus2,"EGLC,LFPG",OK,short_name=sdswrf units=W m**-2 startStep=18 endStep=22
2023-08-06,12,24,dswrf_to_lead,"EGLC,LFPG",OK,short_name=sdswrf units=W m**-2 startStep=18 endStep=24
2023-08-06,12,22,dswrf_to_lead_minus2,"EGLC,LFPG",OK,short_name=sdswrf units=W m**-2 startStep=18 endStep=22
2023-08-11,12,24,dswrf_to_lead,"EGLC,LFPG",OK,short_name=sdswrf units=W m**-2 startStep=18 endStep=24
2023-08-11,12,22,dswrf_to_lead_minus2,"EGLC,LFPG",OK,short_name=sdswrf units=W m**-2 startStep=18 endStep=22
2023-08-17,12,24,dswrf_to_lead,"EGLC,LFPG",OK,short_name=sdswrf units=W m**-2 startStep=18 endStep=24
2023-08-17,12,22,dswrf_to_lead_minus2,"EGLC,LFPG",OK,short_name=sdswrf units=W m**-2 startStep=18 endStep=22
2023-07-15,12,24,dswrf_to_lead,"EGLC,LFPG",OK,short_name=sdswrf units=W m**-2 startStep=18 endStep=24
2023-07-15,12,22,dswrf_to_lead_minus2,"EGLC,LFPG",OK,short_name=sdswrf units=W m**-2 startStep=18 endStep=22
2023-07-13,12,24,dswrf_to_lead,"EGLC,LFPG",OK,short_name=sdswrf units=W m**-2 startStep=18 endStep=24
2023-07-13,12,22,dswrf_to_lead_minus2,"EGLC,LFPG",OK,short_name=sdswrf units=W m**-2 startStep=18 endStep=22
2023-08-04,12,24,dswrf_to_lead,"EGLC,LFPG",OK,short_name=sdswrf units=W m**-2 startStep=18 endStep=24
2023-08-04,12,22,dswrf_to_lead_minus2,"EGLC,LFPG",OK,short_name=sdswrf units=W m**-2 startStep=18 endStep=22
2023-08-07,12,24,dswrf_to_lead,"EGLC,LFPG",OK,short_name=sdswrf units=W m**-2 startStep=18 endStep=24
2023-08-07,12,22,dswrf_to_lead_minus2,"EGLC,LFPG",OK,short_name=sdswrf units=W m**-2 startStep=18 endStep=22
2023-08-08,12,24,dswrf_to_lead,"EGLC,LFPG",OK,short_name=sdswrf units=W m**-2 startStep=18 endStep=24
2023-08-08,12,22,dswrf_to_lead_minus2,"EGLC,LFPG",OK,short_name=sdswrf units=W m**-2 startStep=18 endStep=22
2023-07-23,12,24,dswrf_to_lead,"EGLC,LFPG",OK,short_name=sdswrf units=W m**-2 startStep=18 endStep=24
2023-07-23,12,22,dswrf_to_lead_minus2,"EGLC,LFPG",OK,short_name=sdswrf units=W m**-2 startStep=18 endStep=22
2023-08-14,12,24,dswrf_to_lead,"EGLC,LFPG",OK,short_name=sdswrf units=W m**-2 startStep=18 endStep=24
2023-08-14,12,22,dswrf_to_lead_minus2,"EGLC,LFPG",OK,short_name=sdswrf units=W m**-2 startStep=18 endStep=22
2023-07-28,12,24,dswrf_to_lead,"EGLC,LFPG",OK,short_name=sdswrf units=W m**-2 startStep=18 endStep=24
2023-07-28,12,22,dswrf_to_lead_minus2,"EGLC,LFPG",OK,short_name=sdswrf units=W m**-2 startStep=18 endStep=22
2023-08-21,12,24,dswrf_to_lead,"EGLC,LFPG",OK,short_name=sdswrf units=W m**-2 startStep=18 endStep=24
2023-08-21,12,22,dswrf_to_lead_minus2,"EGLC,LFPG",OK,short_name=sdswrf units=W m**-2 startStep=18 endStep=22
2023-08-10,12,24,dswrf_to_lead,"EGLC,LFPG",OK,short_name=sdswrf units=W m**-2 startStep=18 endStep=24
2023-08-10,12,22,dswrf_to_lead_minus2,"EGLC,LFPG",OK,short_name=sdswrf units=W m**-2 startStep=18 endStep=22
2023-07-11,12,24,dswrf_to_lead,"EGLC,LFPG",OK,short_name=sdswrf units=W m**-2 startStep=18 endStep=24
2023-07-11,12,22,dswrf_to_lead_minus2,"EGLC,LFPG",OK,short_name=sdswrf units=W m**-2 startStep=18 endStep=22
2023-09-10,12,24,dswrf_to_lead,"EGLC,LFPG",OK,short_name=sdswrf units=W m**-2 startStep=18 endStep=24
2023-09-10,12,22,dswrf_to_lead_minus2,"EGLC,LFPG",OK,short_name=sdswrf units=W m**-2 startStep=18 endStep=22
2023-07-29,12,24,dswrf_to_lead,"EGLC,LFPG",OK,short_name=sdswrf units=W m**-2 startStep=18 endStep=24
2023-07-29,12,22,dswrf_to_lead_minus2,"EGLC,LFPG",OK,short_name=sdswrf units=W m**-2 startStep=18 endStep=22
2023-09-09,12,24,dswrf_to_lead,"EGLC,LFPG",OK,short_name=sdswrf units=W m**-2 startStep=18 endStep=24
2023-09-09,12,22,dswrf_to_lead_minus2,"EGLC,LFPG",OK,short_name=sdswrf units=W m**-2 startStep=18 endStep=22
2023-08-12,12,24,dswrf_to_lead,"EGLC,LFPG",OK,short_name=sdswrf units=W m**-2 startStep=18 endStep=24
2023-08-12,12,22,dswrf_to_lead_minus2,"EGLC,LFPG",OK,short_name=sdswrf units=W m**-2 startStep=18 endStep=22
2023-07-31,12,24,dswrf_to_lead,"EGLC,LFPG",OK,short_name=sdswrf units=W m**-2 startStep=18 endStep=24
2023-07-31,12,22,dswrf_to_lead_minus2,"EGLC,LFPG",OK,short_name=sdswrf units=W m**-2 startStep=18 endStep=22
2023-08-05,12,24,dswrf_to_lead,"EGLC,LFPG",OK,short_name=sdswrf units=W m**-2 startStep=18 endStep=24
2023-08-05,12,22,dswrf_to_lead_minus2,"EGLC,LFPG",OK,short_name=sdswrf units=W m**-2 startStep=18 endStep=22
2023-07-17,12,24,dswrf_to_lead,"EGLC,LFPG",OK,short_name=sdswrf units=W m**-2 startStep=18 endStep=24
2023-07-17,12,22,dswrf_to_lead_minus2,"EGLC,LFPG",OK,short_name=sdswrf units=W m**-2 startStep=18 endStep=22
2023-08-02,12,24,dswrf_to_lead,"EGLC,LFPG",OK,short_name=sdswrf units=W m**-2 startStep=18 endStep=24
2023-08-02,12,22,dswrf_to_lead_minus2,"EGLC,LFPG",OK,short_name=sdswrf units=W m**-2 startStep=18 endStep=22
2023-07-19,12,24,dswrf_to_lead,"EGLC,LFPG",OK,short_name=sdswrf units=W m**-2 startStep=18 endStep=24
2023-07-19,12,22,dswrf_to_lead_minus2,"EGLC,LFPG",OK,short_name=sdswrf units=W m**-2 startStep=18 endStep=22
2023-08-16,12,24,dswrf_to_lead,"EGLC,LFPG",OK,short_name=sdswrf units=W m**-2 startStep=18 endStep=24
2023-08-16,12,22,dswrf_to_lead_minus2,"EGLC,LFPG",OK,short_name=sdswrf units=W m**-2 startStep=18 endStep=22
2023-08-23,12,24,dswrf_to_lead,"EGLC,LFPG",OK,short_name=sdswrf units=W m**-2 startStep=18 endStep=24
2023-08-23,12,22,dswrf_to_lead_minus2,"EGLC,LFPG",OK,short_name=sdswrf units=W m**-2 startStep=18 endStep=22
2023-09-07,12,24,dswrf_to_lead,"EGLC,LFPG",OK,short_name=sdswrf units=W m**-2 startStep=18 endStep=24
2023-09-07,12,22,dswrf_to_lead_minus2,"EGLC,LFPG",OK,short_name=sdswrf units=W m**-2 startStep=18 endStep=22
2023-07-26,12,24,dswrf_to_lead,"EGLC,LFPG",OK,short_name=sdswrf units=W m**-2 startStep=18 endStep=24
2023-07-26,12,22,dswrf_to_lead_minus2,"EGLC,LFPG",OK,short_name=sdswrf units=W m**-2 startStep=18 endStep=22
2023-09-05,12,24,dswrf_to_lead,"EGLC,LFPG",OK,short_name=sdswrf units=W m**-2 startStep=18 endStep=24
2023-09-05,12,22,dswrf_to_lead_minus2,"EGLC,LFPG",OK,short_name=sdswrf units=W m**-2 startStep=18 endStep=22
2023-09-03,12,24,dswrf_to_lead,"EGLC,LFPG",OK,short_name=sdswrf units=W m**-2 startStep=18 endStep=24
2023-09-03,12,22,dswrf_to_lead_minus2,"EGLC,LFPG",OK,short_name=sdswrf units=W m**-2 startStep=18 endStep=22
2023-08-22,12,24,dswrf_to_lead,"EGLC,LFPG",OK,short_name=sdswrf units=W m**-2 startStep=18 endStep=24
2023-08-22,12,22,dswrf_to_lead_minus2,"EGLC,LFPG",OK,short_name=sdswrf units=W m**-2 startStep=18 endStep=22
2023-09-26,12,24,dswrf_to_lead,"EGLC,LFPG",OK,short_name=sdswrf units=W m**-2 startStep=18 endStep=24
2023-09-26,12,22,dswrf_to_lead_minus2,"EGLC,LFPG",OK,short_name=sdswrf units=W m**-2 startStep=18 endStep=22
2023-09-17,12,24,dswrf_to_lead,"EGLC,LFPG",OK,short_name=sdswrf units=W m**-2 startStep=18 endStep=24
2023-09-17,12,22,dswrf_to_lead_minus2,"EGLC,LFPG",OK,short_name=sdswrf units=W m**-2 startStep=18 endStep=22
2023-08-09,12,24,dswrf_to_lead,"EGLC,LFPG",OK,short_name=sdswrf units=W m**-2 startStep=18 endStep=24
2023-08-09,12,22,dswrf_to_lead_minus2,"EGLC,LFPG",OK,short_name=sdswrf units=W m**-2 startStep=18 endStep=22
2023-09-04,12,24,dswrf_to_lead,"EGLC,LFPG",OK,short_name=sdswrf units=W m**-2 startStep=18 endStep=24
2023-09-04,12,22,dswrf_to_lead_minus2,"EGLC,LFPG",OK,short_name=sdswrf units=W m**-2 startStep=18 endStep=22
2023-08-15,12,24,dswrf_to_lead,"EGLC,LFPG",OK,short_name=sdswrf units=W m**-2 startStep=18 endStep=24
2023-08-15,12,22,dswrf_to_lead_minus2,"EGLC,LFPG",OK,short_name=sdswrf units=W m**-2 startStep=18 endStep=22
2023-08-13,12,24,dswrf_to_lead,"EGLC,LFPG",OK,short_name=sdswrf units=W m**-2 startStep=18 endStep=24
2023-08-13,12,22,dswrf_to_lead_minus2,"EGLC,LFPG",OK,short_name=sdswrf units=W m**-2 startStep=18 endStep=22
2023-08-03,12,24,dswrf_to_lead,"EGLC,LFPG",OK,short_name=sdswrf units=W m**-2 startStep=18 endStep=24
2023-08-03,12,22,dswrf_to_lead_minus2,"EGLC,LFPG",OK,short_name=sdswrf units=W m**-2 startStep=18 endStep=22
2023-09-06,12,24,dswrf_to_lead,"EGLC,LFPG",OK,short_name=sdswrf units=W m**-2 startStep=18 endStep=24
2023-09-06,12,22,dswrf_to_lead_minus2,"EGLC,LFPG",OK,short_name=sdswrf units=W m**-2 startStep=18 endStep=22
2023-08-29,12,24,dswrf_to_lead,"EGLC,LFPG",OK,short_name=sdswrf units=W m**-2 startStep=18 endStep=24
2023-08-29,12,22,dswrf_to_lead_minus2,"EGLC,LFPG",OK,short_name=sdswrf units=W m**-2 startStep=18 endStep=22
2023-09-14,12,24,dswrf_to_lead,"EGLC,LFPG",OK,short_name=sdswrf units=W m**-2 startStep=18 endStep=24
2023-09-14,12,22,dswrf_to_lead_minus2,"EGLC,LFPG",OK,short_name=sdswrf units=W m**-2 startStep=18 endStep=22
2023-08-18,12,24,dswrf_to_lead,"EGLC,LFPG",OK,short_name=sdswrf units=W m**-2 startStep=18 endStep=24
2023-08-18,12,22,dswrf_to_lead_minus2,"EGLC,LFPG",OK,short_name=sdswrf units=W m**-2 startStep=18 endStep=22
2023-09-13,12,24,dswrf_to_lead,"EGLC,LFPG",OK,short_name=sdswrf units=W m**-2 startStep=18 endStep=24
2023-09-13,12,22,dswrf_to_lead_minus2,"EGLC,LFPG",OK,short_name=sdswrf units=W m**-2 startStep=18 endStep=22
2023-09-29,12,24,dswrf_to_lead,"EGLC,LFPG",OK,short_name=sdswrf units=W m**-2 startStep=18 endStep=24
2023-09-29,12,22,dswrf_to_lead_minus2,"EGLC,LFPG",OK,short_name=sdswrf units=W m**-2 startStep=18 endStep=22
2023-08-27,12,24,dswrf_to_lead,"EGLC,LFPG",OK,short_name=sdswrf units=W m**-2 startStep=18 endStep=24
2023-08-27,12,22,dswrf_to_lead_minus2,"EGLC,LFPG",OK,short_name=sdswrf units=W m**-2 startStep=18 endStep=22
2023-08-20,12,24,dswrf_to_lead,"EGLC,LFPG",OK,short_name=sdswrf units=W m**-2 startStep=18 endStep=24
2023-08-20,12,22,dswrf_to_lead_minus2,"EGLC,LFPG",OK,short_name=sdswrf units=W m**-2 startStep=18 endStep=22
2023-09-01,12,24,dswrf_to_lead,"EGLC,LFPG",OK,short_name=sdswrf units=W m**-2 startStep=18 endStep=24
2023-09-01,12,22,dswrf_to_lead_minus2,"EGLC,LFPG",OK,short_name=sdswrf units=W m**-2 startStep=18 endStep=22
2023-09-23,12,24,dswrf_to_lead,"EGLC,LFPG",OK,short_name=sdswrf units=W m**-2 startStep=18 endStep=24
2023-09-23,12,22,dswrf_to_lead_minus2,"EGLC,LFPG",OK,short_name=sdswrf units=W m**-2 startStep=18 endStep=22
2023-08-30,12,24,dswrf_to_lead,"EGLC,LFPG",OK,short_name=sdswrf units=W m**-2 startStep=18 endStep=24
2023-08-30,12,22,dswrf_to_lead_minus2,"EGLC,LFPG",OK,short_name=sdswrf units=W m**-2 startStep=18 endStep=22
2023-09-21,12,24,dswrf_to_lead,"EGLC,LFPG",OK,short_name=sdswrf units=W m**-2 startStep=18 endStep=24
2023-09-21,12,22,dswrf_to_lead_minus2,"EGLC,LFPG",OK,short_name=sdswrf units=W m**-2 startStep=18 endStep=22
2023-08-28,12,24,dswrf_to_lead,"EGLC,LFPG",OK,short_name=sdswrf units=W m**-2 startStep=18 endStep=24
2023-08-28,12,22,dswrf_to_lead_minus2,"EGLC,LFPG",OK,short_name=sdswrf units=W m**-2 startStep=18 endStep=22
2023-09-20,12,24,dswrf_to_lead,"EGLC,LFPG",OK,short_name=sdswrf units=W m**-2 startStep=18 endStep=24
2023-09-20,12,22,dswrf_to_lead_minus2,"EGLC,LFPG",OK,short_name=sdswrf units=W m**-2 startStep=18 endStep=22
2023-08-24,12,24,dswrf_to_lead,"EGLC,LFPG",OK,short_name=sdswrf units=W m**-2 startStep=18 endStep=24
2023-08-24,12,22,dswrf_to_lead_minus2,"EGLC,LFPG",OK,short_name=sdswrf units=W m**-2 startStep=18 endStep=22
2023-08-26,12,24,dswrf_to_lead,"EGLC,LFPG",OK,short_name=sdswrf units=W m**-2 startStep=18 endStep=24
2023-08-26,12,22,dswrf_to_lead_minus2,"EGLC,LFPG",OK,short_name=sdswrf units=W m**-2 startStep=18 endStep=22
2023-09-25,12,24,dswrf_to_lead,"EGLC,LFPG",OK,short_name=sdswrf units=W m**-2 startStep=18 endStep=24
2023-09-25,12,22,dswrf_to_lead_minus2,"EGLC,LFPG",OK,short_name=sdswrf units=W m**-2 startStep=18 endStep=22
2023-09-11,12,24,dswrf_to_lead,"EGLC,LFPG",OK,short_name=sdswrf units=W m**-2 startStep=18 endStep=24
2023-09-11,12,22,dswrf_to_lead_minus2,"EGLC,LFPG",OK,short_name=sdswrf units=W m**-2 startStep=18 endStep=22
2023-10-04,12,24,dswrf_to_lead,"EGLC,LFPG",OK,short_name=sdswrf units=W m**-2 startStep=18 endStep=24
2023-10-04,12,22,dswrf_to_lead_minus2,"EGLC,LFPG",OK,short_name=sdswrf units=W m**-2 startStep=18 endStep=22
2023-09-08,12,24,dswrf_to_lead,"EGLC,LFPG",OK,short_name=sdswrf units=W m**-2 startStep=18 endStep=24
2023-09-08,12,22,dswrf_to_lead_minus2,"EGLC,LFPG",OK,short_name=sdswrf units=W m**-2 startStep=18 endStep=22
2023-09-24,12,24,dswrf_to_lead,"EGLC,LFPG",OK,short_name=sdswrf units=W m**-2 startStep=18 endStep=24
2023-09-24,12,22,dswrf_to_lead_minus2,"EGLC,LFPG",OK,short_name=sdswrf units=W m**-2 startStep=18 endStep=22
2023-08-31,12,24,dswrf_to_lead,"EGLC,LFPG",OK,short_name=sdswrf units=W m**-2 startStep=18 endStep=24
2023-08-31,12,22,dswrf_to_lead_minus2,"EGLC,LFPG",OK,short_name=sdswrf units=W m**-2 startStep=18 endStep=22
2023-09-28,12,24,dswrf_to_lead,"EGLC,LFPG",OK,short_name=sdswrf units=W m**-2 startStep=18 endStep=24
2023-09-28,12,22,dswrf_to_lead_minus2,"EGLC,LFPG",OK,short_name=sdswrf units=W m**-2 startStep=18 endStep=22
2023-08-25,12,24,dswrf_to_lead,"EGLC,LFPG",OK,short_name=sdswrf units=W m**-2 startStep=18 endStep=24
2023-08-25,12,22,dswrf_to_lead_minus2,"EGLC,LFPG",OK,short_name=sdswrf units=W m**-2 startStep=18 endStep=22
2023-09-22,12,24,dswrf_to_lead,"EGLC,LFPG",OK,short_name=sdswrf units=W m**-2 startStep=18 endStep=24
2023-09-22,12,22,dswrf_to_lead_minus2,"EGLC,LFPG",OK,short_name=sdswrf units=W m**-2 startStep=18 endStep=22
2023-10-03,12,24,dswrf_to_lead,"EGLC,LFPG",OK,short_name=sdswrf units=W m**-2 startStep=18 endStep=24
2023-10-03,12,22,dswrf_to_lead_minus2,"EGLC,LFPG",OK,short_name=sdswrf units=W m**-2 startStep=18 endStep=22
2023-10-09,12,24,dswrf_to_lead,"EGLC,LFPG",OK,short_name=sdswrf units=W m**-2 startStep=18 endStep=24
2023-10-09,12,22,dswrf_to_lead_minus2,"EGLC,LFPG",OK,short_name=sdswrf units=W m**-2 startStep=18 endStep=22
2023-10-06,12,24,dswrf_to_lead,"EGLC,LFPG",OK,short_name=sdswrf units=W m**-2 startStep=18 endStep=24
2023-10-06,12,22,dswrf_to_lead_minus2,"EGLC,LFPG",OK,short_name=sdswrf units=W m**-2 startStep=18 endStep=22
2023-10-05,12,24,dswrf_to_lead,"EGLC,LFPG",OK,short_name=sdswrf units=W m**-2 startStep=18 endStep=24
2023-10-05,12,22,dswrf_to_lead_minus2,"EGLC,LFPG",OK,short_name=sdswrf units=W m**-2 startStep=18 endStep=22
2023-09-19,12,24,dswrf_to_lead,"EGLC,LFPG",OK,short_name=sdswrf units=W m**-2 startStep=18 endStep=24
2023-09-19,12,22,dswrf_to_lead_minus2,"EGLC,LFPG",OK,short_name=sdswrf units=W m**-2 startStep=18 endStep=22
2023-11-06,12,24,dswrf_to_lead,"EGLC,LFPG",OK,short_name=sdswrf units=W m**-2 startStep=18 endStep=24
2023-11-06,12,22,dswrf_to_lead_minus2,"EGLC,LFPG",OK,short_name=sdswrf units=W m**-2 startStep=18 endStep=22
2023-09-16,12,24,dswrf_to_lead,"EGLC,LFPG",OK,short_name=sdswrf units=W m**-2 startStep=18 endStep=24
2023-09-16,12,22,dswrf_to_lead_minus2,"EGLC,LFPG",OK,short_name=sdswrf units=W m**-2 startStep=18 endStep=22
2023-09-27,12,24,dswrf_to_lead,"EGLC,LFPG",OK,short_name=sdswrf units=W m**-2 startStep=18 endStep=24
2023-09-27,12,22,dswrf_to_lead_minus2,"EGLC,LFPG",OK,short_name=sdswrf units=W m**-2 startStep=18 endStep=22
2023-09-15,12,24,dswrf_to_lead,"EGLC,LFPG",OK,short_name=sdswrf units=W m**-2 startStep=18 endStep=24
2023-09-15,12,22,dswrf_to_lead_minus2,"EGLC,LFPG",OK,short_name=sdswrf units=W m**-2 startStep=18 endStep=22
2023-10-21,12,24,dswrf_to_lead,"EGLC,LFPG",OK,short_name=sdswrf units=W m**-2 startStep=18 endStep=24
2023-10-21,12,22,dswrf_to_lead_minus2,"EGLC,LFPG",OK,short_name=sdswrf units=W m**-2 startStep=18 endStep=22
2023-09-02,12,24,dswrf_to_lead,"EGLC,LFPG",OK,short_name=sdswrf units=W m**-2 startStep=18 endStep=24
2023-09-02,12,22,dswrf_to_lead_minus2,"EGLC,LFPG",OK,short_name=sdswrf units=W m**-2 startStep=18 endStep=22
2023-10-23,12,24,dswrf_to_lead,"EGLC,LFPG",OK,short_name=sdswrf units=W m**-2 startStep=18 endStep=24
2023-10-23,12,22,dswrf_to_lead_minus2,"EGLC,LFPG",OK,short_name=sdswrf units=W m**-2 startStep=18 endStep=22
2023-09-12,12,24,dswrf_to_lead,"EGLC,LFPG",OK,short_name=sdswrf units=W m**-2 startStep=18 endStep=24
2023-09-12,12,22,dswrf_to_lead_minus2,"EGLC,LFPG",OK,short_name=sdswrf units=W m**-2 startStep=18 endStep=22
2023-10-17,12,24,dswrf_to_lead,"EGLC,LFPG",OK,short_name=sdswrf units=W m**-2 startStep=18 endStep=24
2023-10-17,12,22,dswrf_to_lead_minus2,"EGLC,LFPG",OK,short_name=sdswrf units=W m**-2 startStep=18 endStep=22
2023-10-20,12,24,dswrf_to_lead,"EGLC,LFPG",OK,short_name=sdswrf units=W m**-2 startStep=18 endStep=24
2023-10-20,12,22,dswrf_to_lead_minus2,"EGLC,LFPG",OK,short_name=sdswrf units=W m**-2 startStep=18 endStep=22
2023-11-09,12,24,dswrf_to_lead,"EGLC,LFPG",OK,short_name=sdswrf units=W m**-2 startStep=18 endStep=24
2023-11-09,12,22,dswrf_to_lead_minus2,"EGLC,LFPG",OK,short_name=sdswrf units=W m**-2 startStep=18 endStep=22
2023-10-11,12,24,dswrf_to_lead,"EGLC,LFPG",OK,short_name=sdswrf units=W m**-2 startStep=18 endStep=24
2023-10-11,12,22,dswrf_to_lead_minus2,"EGLC,LFPG",OK,short_name=sdswrf units=W m**-2 startStep=18 endStep=22
2023-11-08,12,24,dswrf_to_lead,"EGLC,LFPG",OK,short_name=sdswrf units=W m**-2 startStep=18 endStep=24
2023-11-08,12,22,dswrf_to_lead_minus2,"EGLC,LFPG",OK,short_name=sdswrf units=W m**-2 startStep=18 endStep=22
2023-08-19,12,24,dswrf_to_lead,"EGLC,LFPG",OK,short_name=sdswrf units=W m**-2 startStep=18 endStep=24
2023-08-19,12,22,dswrf_to_lead_minus2,"EGLC,LFPG",OK,short_name=sdswrf units=W m**-2 startStep=18 endStep=22
2023-10-07,12,24,dswrf_to_lead,"EGLC,LFPG",OK,short_name=sdswrf units=W m**-2 startStep=18 endStep=24
2023-10-07,12,22,dswrf_to_lead_minus2,"EGLC,LFPG",OK,short_name=sdswrf units=W m**-2 startStep=18 endStep=22
2023-10-27,12,24,dswrf_to_lead,"EGLC,LFPG",OK,short_name=sdswrf units=W m**-2 startStep=18 endStep=24
2023-10-27,12,22,dswrf_to_lead_minus2,"EGLC,LFPG",OK,short_name=sdswrf units=W m**-2 startStep=18 endStep=22
2023-10-02,12,24,dswrf_to_lead,"EGLC,LFPG",OK,short_name=sdswrf units=W m**-2 startStep=18 endStep=24
2023-10-02,12,22,dswrf_to_lead_minus2,"EGLC,LFPG",OK,short_name=sdswrf units=W m**-2 startStep=18 endStep=22
2023-10-16,12,24,dswrf_to_lead,"EGLC,LFPG",OK,short_name=sdswrf units=W m**-2 startStep=18 endStep=24
2023-10-16,12,22,dswrf_to_lead_minus2,"EGLC,LFPG",OK,short_name=sdswrf units=W m**-2 startStep=18 endStep=22
2023-09-30,12,24,dswrf_to_lead,"EGLC,LFPG",OK,short_name=sdswrf units=W m**-2 startStep=18 endStep=24
2023-09-30,12,22,dswrf_to_lead_minus2,"EGLC,LFPG",OK,short_name=sdswrf units=W m**-2 startStep=18 endStep=22
2023-11-01,12,24,dswrf_to_lead,"EGLC,LFPG",OK,short_name=sdswrf units=W m**-2 startStep=18 endStep=24
2023-11-01,12,22,dswrf_to_lead_minus2,"EGLC,LFPG",OK,short_name=sdswrf units=W m**-2 startStep=18 endStep=22
2023-10-29,12,24,dswrf_to_lead,"EGLC,LFPG",OK,short_name=sdswrf units=W m**-2 startStep=18 endStep=24
2023-10-29,12,22,dswrf_to_lead_minus2,"EGLC,LFPG",OK,short_name=sdswrf units=W m**-2 startStep=18 endStep=22
2023-10-13,12,24,dswrf_to_lead,"EGLC,LFPG",OK,short_name=sdswrf units=W m**-2 startStep=18 endStep=24
2023-10-13,12,22,dswrf_to_lead_minus2,"EGLC,LFPG",OK,short_name=sdswrf units=W m**-2 startStep=18 endStep=22
2023-10-10,12,24,dswrf_to_lead,"EGLC,LFPG",OK,short_name=sdswrf units=W m**-2 startStep=18 endStep=24
2023-10-10,12,22,dswrf_to_lead_minus2,"EGLC,LFPG",OK,short_name=sdswrf units=W m**-2 startStep=18 endStep=22
2023-10-14,12,24,dswrf_to_lead,"EGLC,LFPG",OK,short_name=sdswrf units=W m**-2 startStep=18 endStep=24
2023-10-14,12,22,dswrf_to_lead_minus2,"EGLC,LFPG",OK,short_name=sdswrf units=W m**-2 startStep=18 endStep=22
2023-11-05,12,24,dswrf_to_lead,"EGLC,LFPG",OK,short_name=sdswrf units=W m**-2 startStep=18 endStep=24
2023-11-05,12,22,dswrf_to_lead_minus2,"EGLC,LFPG",OK,short_name=sdswrf units=W m**-2 startStep=18 endStep=22
2023-10-31,12,24,dswrf_to_lead,"EGLC,LFPG",OK,short_name=sdswrf units=W m**-2 startStep=18 endStep=24
2023-10-31,12,22,dswrf_to_lead_minus2,"EGLC,LFPG",OK,short_name=sdswrf units=W m**-2 startStep=18 endStep=22
2023-09-18,12,24,dswrf_to_lead,"EGLC,LFPG",OK,short_name=sdswrf units=W m**-2 startStep=18 endStep=24
2023-09-18,12,22,dswrf_to_lead_minus2,"EGLC,LFPG",OK,short_name=sdswrf units=W m**-2 startStep=18 endStep=22
2023-11-12,12,24,dswrf_to_lead,"EGLC,LFPG",OK,short_name=sdswrf units=W m**-2 startStep=18 endStep=24
2023-11-12,12,22,dswrf_to_lead_minus2,"EGLC,LFPG",OK,short_name=sdswrf units=W m**-2 startStep=18 endStep=22
2023-10-25,12,24,dswrf_to_lead,"EGLC,LFPG",OK,short_name=sdswrf units=W m**-2 startStep=18 endStep=24
2023-10-25,12,22,dswrf_to_lead_minus2,"EGLC,LFPG",OK,short_name=sdswrf units=W m**-2 startStep=18 endStep=22
2023-10-01,12,24,dswrf_to_lead,"EGLC,LFPG",OK,short_name=sdswrf units=W m**-2 startStep=18 endStep=24
2023-10-01,12,22,dswrf_to_lead_minus2,"EGLC,LFPG",OK,short_name=sdswrf units=W m**-2 startStep=18 endStep=22
2023-10-30,12,24,dswrf_to_lead,"EGLC,LFPG",OK,short_name=sdswrf units=W m**-2 startStep=18 endStep=24
2023-10-30,12,22,dswrf_to_lead_minus2,"EGLC,LFPG",OK,short_name=sdswrf units=W m**-2 startStep=18 endStep=22
2023-10-15,12,24,dswrf_to_lead,"EGLC,LFPG",OK,short_name=sdswrf units=W m**-2 startStep=18 endStep=24
2023-10-15,12,22,dswrf_to_lead_minus2,"EGLC,LFPG",OK,short_name=sdswrf units=W m**-2 startStep=18 endStep=22
2023-10-26,12,24,dswrf_to_lead,"EGLC,LFPG",OK,short_name=sdswrf units=W m**-2 startStep=18 endStep=24
2023-10-26,12,22,dswrf_to_lead_minus2,"EGLC,LFPG",OK,short_name=sdswrf units=W m**-2 startStep=18 endStep=22
2023-10-12,12,24,dswrf_to_lead,"EGLC,LFPG",OK,short_name=sdswrf units=W m**-2 startStep=18 endStep=24
2023-10-12,12,22,dswrf_to_lead_minus2,"EGLC,LFPG",OK,short_name=sdswrf units=W m**-2 startStep=18 endStep=22
2023-11-02,12,24,dswrf_to_lead,"EGLC,LFPG",OK,short_name=sdswrf units=W m**-2 startStep=18 endStep=24
2023-11-02,12,22,dswrf_to_lead_minus2,"EGLC,LFPG",OK,short_name=sdswrf units=W m**-2 startStep=18 endStep=22
2023-10-22,12,24,dswrf_to_lead,"EGLC,LFPG",OK,short_name=sdswrf units=W m**-2 startStep=18 endStep=24
2023-10-22,12,22,dswrf_to_lead_minus2,"EGLC,LFPG",OK,short_name=sdswrf units=W m**-2 startStep=18 endStep=22
2023-11-17,12,24,dswrf_to_lead,"EGLC,LFPG",OK,short_name=sdswrf units=W m**-2 startStep=18 endStep=24
2023-11-17,12,22,dswrf_to_lead_minus2,"EGLC,LFPG",OK,short_name=sdswrf units=W m**-2 startStep=18 endStep=22
2023-11-03,12,24,dswrf_to_lead,"EGLC,LFPG",OK,short_name=sdswrf units=W m**-2 startStep=18 endStep=24
2023-11-03,12,22,dswrf_to_lead_minus2,"EGLC,LFPG",OK,short_name=sdswrf units=W m**-2 startStep=18 endStep=22
2023-10-18,12,24,dswrf_to_lead,"EGLC,LFPG",OK,short_name=sdswrf units=W m**-2 startStep=18 endStep=24
2023-10-18,12,22,dswrf_to_lead_minus2,"EGLC,LFPG",OK,short_name=sdswrf units=W m**-2 startStep=18 endStep=22
2023-10-24,12,24,dswrf_to_lead,"EGLC,LFPG",OK,short_name=sdswrf units=W m**-2 startStep=18 endStep=24
2023-10-24,12,22,dswrf_to_lead_minus2,"EGLC,LFPG",OK,short_name=sdswrf units=W m**-2 startStep=18 endStep=22
2023-10-19,12,24,dswrf_to_lead,"EGLC,LFPG",OK,short_name=sdswrf units=W m**-2 startStep=18 endStep=24
2023-10-19,12,22,dswrf_to_lead_minus2,"EGLC,LFPG",OK,short_name=sdswrf units=W m**-2 startStep=18 endStep=22
2023-11-11,12,24,dswrf_to_lead,"EGLC,LFPG",OK,short_name=sdswrf units=W m**-2 startStep=18 endStep=24
2023-11-11,12,22,dswrf_to_lead_minus2,"EGLC,LFPG",OK,short_name=sdswrf units=W m**-2 startStep=18 endStep=22
2023-11-26,12,24,dswrf_to_lead,"EGLC,LFPG",OK,short_name=sdswrf units=W m**-2 startStep=18 endStep=24
2023-11-26,12,22,dswrf_to_lead_minus2,"EGLC,LFPG",OK,short_name=sdswrf units=W m**-2 startStep=18 endStep=22
2023-10-08,12,24,dswrf_to_lead,"EGLC,LFPG",OK,short_name=sdswrf units=W m**-2 startStep=18 endStep=24
2023-10-08,12,22,dswrf_to_lead_minus2,"EGLC,LFPG",OK,short_name=sdswrf units=W m**-2 startStep=18 endStep=22
2023-10-28,12,24,dswrf_to_lead,"EGLC,LFPG",OK,short_name=sdswrf units=W m**-2 startStep=18 endStep=24
2023-10-28,12,22,dswrf_to_lead_minus2,"EGLC,LFPG",OK,short_name=sdswrf units=W m**-2 startStep=18 endStep=22
2023-11-28,12,24,dswrf_to_lead,"EGLC,LFPG",OK,short_name=sdswrf units=W m**-2 startStep=18 endStep=24
2023-11-28,12,22,dswrf_to_lead_minus2,"EGLC,LFPG",OK,short_name=sdswrf units=W m**-2 startStep=18 endStep=22
2023-11-10,12,24,dswrf_to_lead,"EGLC,LFPG",OK,short_name=sdswrf units=W m**-2 startStep=18 endStep=24
2023-11-10,12,22,dswrf_to_lead_minus2,"EGLC,LFPG",OK,short_name=sdswrf units=W m**-2 startStep=18 endStep=22
2023-11-20,12,24,dswrf_to_lead,"EGLC,LFPG",OK,short_name=sdswrf units=W m**-2 startStep=18 endStep=24
2023-11-20,12,22,dswrf_to_lead_minus2,"EGLC,LFPG",OK,short_name=sdswrf units=W m**-2 startStep=18 endStep=22
2023-11-30,12,24,dswrf_to_lead,"EGLC,LFPG",OK,short_name=sdswrf units=W m**-2 startStep=18 endStep=24
2023-11-30,12,22,dswrf_to_lead_minus2,"EGLC,LFPG",OK,short_name=sdswrf units=W m**-2 startStep=18 endStep=22
2023-11-21,12,24,dswrf_to_lead,"EGLC,LFPG",OK,short_name=sdswrf units=W m**-2 startStep=18 endStep=24
2023-11-21,12,22,dswrf_to_lead_minus2,"EGLC,LFPG",OK,short_name=sdswrf units=W m**-2 startStep=18 endStep=22
2023-11-16,12,24,dswrf_to_lead,"EGLC,LFPG",OK,short_name=sdswrf units=W m**-2 startStep=18 endStep=24
2023-11-16,12,22,dswrf_to_lead_minus2,"EGLC,LFPG",OK,short_name=sdswrf units=W m**-2 startStep=18 endStep=22
2023-12-02,12,24,dswrf_to_lead,"EGLC,LFPG",OK,short_name=sdswrf units=W m**-2 startStep=18 endStep=24
2023-12-02,12,22,dswrf_to_lead_minus2,"EGLC,LFPG",OK,short_name=sdswrf units=W m**-2 startStep=18 endStep=22
2023-12-11,12,24,dswrf_to_lead,"EGLC,LFPG",OK,short_name=sdswrf units=W m**-2 startStep=18 endStep=24
2023-12-11,12,22,dswrf_to_lead_minus2,"EGLC,LFPG",OK,short_name=sdswrf units=W m**-2 startStep=18 endStep=22
2023-11-13,12,24,dswrf_to_lead,"EGLC,LFPG",OK,short_name=sdswrf units=W m**-2 startStep=18 endStep=24
2023-11-13,12,22,dswrf_to_lead_minus2,"EGLC,LFPG",OK,short_name=sdswrf units=W m**-2 startStep=18 endStep=22
2023-12-13,12,24,dswrf_to_lead,"EGLC,LFPG",OK,short_name=sdswrf units=W m**-2 startStep=18 endStep=24
2023-12-13,12,22,dswrf_to_lead_minus2,"EGLC,LFPG",OK,short_name=sdswrf units=W m**-2 startStep=18 endStep=22
2023-11-07,12,24,dswrf_to_lead,"EGLC,LFPG",OK,short_name=sdswrf units=W m**-2 startStep=18 endStep=24
2023-11-07,12,22,dswrf_to_lead_minus2,"EGLC,LFPG",OK,short_name=sdswrf units=W m**-2 startStep=18 endStep=22
2023-12-18,12,24,dswrf_to_lead,"EGLC,LFPG",OK,short_name=sdswrf units=W m**-2 startStep=18 endStep=24
2023-12-18,12,22,dswrf_to_lead_minus2,"EGLC,LFPG",OK,short_name=sdswrf units=W m**-2 startStep=18 endStep=22
2023-12-09,12,24,dswrf_to_lead,"EGLC,LFPG",OK,short_name=sdswrf units=W m**-2 startStep=18 endStep=24
2023-12-09,12,22,dswrf_to_lead_minus2,"EGLC,LFPG",OK,short_name=sdswrf units=W m**-2 startStep=18 endStep=22
2023-11-18,12,24,dswrf_to_lead,"EGLC,LFPG",OK,short_name=sdswrf units=W m**-2 startStep=18 endStep=24
2023-11-18,12,22,dswrf_to_lead_minus2,"EGLC,LFPG",OK,short_name=sdswrf units=W m**-2 startStep=18 endStep=22
2023-12-08,12,24,dswrf_to_lead,"EGLC,LFPG",OK,short_name=sdswrf units=W m**-2 startStep=18 endStep=24
2023-12-08,12,22,dswrf_to_lead_minus2,"EGLC,LFPG",OK,short_name=sdswrf units=W m**-2 startStep=18 endStep=22
2023-11-04,12,24,dswrf_to_lead,"EGLC,LFPG",OK,short_name=sdswrf units=W m**-2 startStep=18 endStep=24
2023-11-04,12,22,dswrf_to_lead_minus2,"EGLC,LFPG",OK,short_name=sdswrf units=W m**-2 startStep=18 endStep=22
2023-12-06,12,24,dswrf_to_lead,"EGLC,LFPG",OK,short_name=sdswrf units=W m**-2 startStep=18 endStep=24
2023-12-06,12,22,dswrf_to_lead_minus2,"EGLC,LFPG",OK,short_name=sdswrf units=W m**-2 startStep=18 endStep=22
2023-11-24,12,24,dswrf_to_lead,"EGLC,LFPG",OK,short_name=sdswrf units=W m**-2 startStep=18 endStep=24
2023-11-24,12,22,dswrf_to_lead_minus2,"EGLC,LFPG",OK,short_name=sdswrf units=W m**-2 startStep=18 endStep=22
2023-11-15,12,24,dswrf_to_lead,"EGLC,LFPG",OK,short_name=sdswrf units=W m**-2 startStep=18 endStep=24
2023-11-15,12,22,dswrf_to_lead_minus2,"EGLC,LFPG",OK,short_name=sdswrf units=W m**-2 startStep=18 endStep=22
2023-11-14,12,24,dswrf_to_lead,"EGLC,LFPG",OK,short_name=sdswrf units=W m**-2 startStep=18 endStep=24
2023-11-14,12,22,dswrf_to_lead_minus2,"EGLC,LFPG",OK,short_name=sdswrf units=W m**-2 startStep=18 endStep=22
2023-12-10,12,24,dswrf_to_lead,"EGLC,LFPG",OK,short_name=sdswrf units=W m**-2 startStep=18 endStep=24
2023-12-10,12,22,dswrf_to_lead_minus2,"EGLC,LFPG",OK,short_name=sdswrf units=W m**-2 startStep=18 endStep=22
2024-01-01,12,24,dswrf_to_lead,"EGLC,LFPG",OK,short_name=sdswrf units=W m**-2 startStep=18 endStep=24
2024-01-01,12,22,dswrf_to_lead_minus2,"EGLC,LFPG",OK,short_name=sdswrf units=W m**-2 startStep=18 endStep=22
2023-11-19,12,24,dswrf_to_lead,"EGLC,LFPG",OK,short_name=sdswrf units=W m**-2 startStep=18 endStep=24
2023-11-19,12,22,dswrf_to_lead_minus2,"EGLC,LFPG",OK,short_name=sdswrf units=W m**-2 startStep=18 endStep=22
2023-12-04,12,24,dswrf_to_lead,"EGLC,LFPG",OK,short_name=sdswrf units=W m**-2 startStep=18 endStep=24
2023-12-04,12,22,dswrf_to_lead_minus2,"EGLC,LFPG",OK,short_name=sdswrf units=W m**-2 startStep=18 endStep=22
2023-12-01,12,24,dswrf_to_lead,"EGLC,LFPG",OK,short_name=sdswrf units=W m**-2 startStep=18 endStep=24
2023-12-01,12,22,dswrf_to_lead_minus2,"EGLC,LFPG",OK,short_name=sdswrf units=W m**-2 startStep=18 endStep=22
2023-11-23,12,24,dswrf_to_lead,"EGLC,LFPG",OK,short_name=sdswrf units=W m**-2 startStep=18 endStep=24
2023-11-23,12,22,dswrf_to_lead_minus2,"EGLC,LFPG",OK,short_name=sdswrf units=W m**-2 startStep=18 endStep=22
2024-01-02,12,24,dswrf_to_lead,"EGLC,LFPG",OK,short_name=sdswrf units=W m**-2 startStep=18 endStep=24
2024-01-02,12,22,dswrf_to_lead_minus2,"EGLC,LFPG",OK,short_name=sdswrf units=W m**-2 startStep=18 endStep=22
2023-12-15,12,24,dswrf_to_lead,"EGLC,LFPG",OK,short_name=sdswrf units=W m**-2 startStep=18 endStep=24
2023-12-15,12,22,dswrf_to_lead_minus2,"EGLC,LFPG",OK,short_name=sdswrf units=W m**-2 startStep=18 endStep=22
2023-12-24,12,24,dswrf_to_lead,"EGLC,LFPG",OK,short_name=sdswrf units=W m**-2 startStep=18 endStep=24
2023-12-24,12,22,dswrf_to_lead_minus2,"EGLC,LFPG",OK,short_name=sdswrf units=W m**-2 startStep=18 endStep=22
2023-11-22,12,24,dswrf_to_lead,"EGLC,LFPG",OK,short_name=sdswrf units=W m**-2 startStep=18 endStep=24
2023-11-22,12,22,dswrf_to_lead_minus2,"EGLC,LFPG",OK,short_name=sdswrf units=W m**-2 startStep=18 endStep=22
2023-12-03,12,24,dswrf_to_lead,"EGLC,LFPG",OK,short_name=sdswrf units=W m**-2 startStep=18 endStep=24
2023-12-03,12,22,dswrf_to_lead_minus2,"EGLC,LFPG",OK,short_name=sdswrf units=W m**-2 startStep=18 endStep=22
2023-12-07,12,24,dswrf_to_lead,"EGLC,LFPG",OK,short_name=sdswrf units=W m**-2 startStep=18 endStep=24
2023-12-07,12,22,dswrf_to_lead_minus2,"EGLC,LFPG",OK,short_name=sdswrf units=W m**-2 startStep=18 endStep=22
2023-12-28,12,24,dswrf_to_lead,"EGLC,LFPG",OK,short_name=sdswrf units=W m**-2 startStep=18 endStep=24
2023-12-28,12,22,dswrf_to_lead_minus2,"EGLC,LFPG",OK,short_name=sdswrf units=W m**-2 startStep=18 endStep=22
2023-12-17,12,24,dswrf_to_lead,"EGLC,LFPG",OK,short_name=sdswrf units=W m**-2 startStep=18 endStep=24
2023-12-17,12,22,dswrf_to_lead_minus2,"EGLC,LFPG",OK,short_name=sdswrf units=W m**-2 startStep=18 endStep=22
2023-12-26,12,24,dswrf_to_lead,"EGLC,LFPG",OK,short_name=sdswrf units=W m**-2 startStep=18 endStep=24
2023-12-26,12,22,dswrf_to_lead_minus2,"EGLC,LFPG",OK,short_name=sdswrf units=W m**-2 startStep=18 endStep=22
2023-12-22,12,24,dswrf_to_lead,"EGLC,LFPG",OK,short_name=sdswrf units=W m**-2 startStep=18 endStep=24
2023-12-22,12,22,dswrf_to_lead_minus2,"EGLC,LFPG",OK,short_name=sdswrf units=W m**-2 startStep=18 endStep=22
2023-12-12,12,24,dswrf_to_lead,"EGLC,LFPG",OK,short_name=sdswrf units=W m**-2 startStep=18 endStep=24
2023-12-12,12,22,dswrf_to_lead_minus2,"EGLC,LFPG",OK,short_name=sdswrf units=W m**-2 startStep=18 endStep=22
2023-12-29,12,24,dswrf_to_lead,"EGLC,LFPG",OK,short_name=sdswrf units=W m**-2 startStep=18 endStep=24
2023-12-29,12,22,dswrf_to_lead_minus2,"EGLC,LFPG",OK,short_name=sdswrf units=W m**-2 startStep=18 endStep=22
2023-11-25,12,24,dswrf_to_lead,"EGLC,LFPG",OK,short_name=sdswrf units=W m**-2 startStep=18 endStep=24
2023-11-25,12,22,dswrf_to_lead_minus2,"EGLC,LFPG",OK,short_name=sdswrf units=W m**-2 startStep=18 endStep=22
2024-01-13,12,24,dswrf_to_lead,"EGLC,LFPG",OK,short_name=sdswrf units=W m**-2 startStep=18 endStep=24
2024-01-13,12,22,dswrf_to_lead_minus2,"EGLC,LFPG",OK,short_name=sdswrf units=W m**-2 startStep=18 endStep=22
2023-12-19,12,24,dswrf_to_lead,"EGLC,LFPG",OK,short_name=sdswrf units=W m**-2 startStep=18 endStep=24
2023-12-19,12,22,dswrf_to_lead_minus2,"EGLC,LFPG",OK,short_name=sdswrf units=W m**-2 startStep=18 endStep=22
2023-12-30,12,24,dswrf_to_lead,"EGLC,LFPG",OK,short_name=sdswrf units=W m**-2 startStep=18 endStep=24
2023-12-30,12,22,dswrf_to_lead_minus2,"EGLC,LFPG",OK,short_name=sdswrf units=W m**-2 startStep=18 endStep=22
2024-01-07,12,24,dswrf_to_lead,"EGLC,LFPG",OK,short_name=sdswrf units=W m**-2 startStep=18 endStep=24
2024-01-07,12,22,dswrf_to_lead_minus2,"EGLC,LFPG",OK,short_name=sdswrf units=W m**-2 startStep=18 endStep=22
2024-01-19,12,24,dswrf_to_lead,"EGLC,LFPG",OK,short_name=sdswrf units=W m**-2 startStep=18 endStep=24
2024-01-19,12,22,dswrf_to_lead_minus2,"EGLC,LFPG",OK,short_name=sdswrf units=W m**-2 startStep=18 endStep=22
2023-11-27,12,24,dswrf_to_lead,"EGLC,LFPG",OK,short_name=sdswrf units=W m**-2 startStep=18 endStep=24
2023-11-27,12,22,dswrf_to_lead_minus2,"EGLC,LFPG",OK,short_name=sdswrf units=W m**-2 startStep=18 endStep=22
2024-01-04,12,24,dswrf_to_lead,"EGLC,LFPG",OK,short_name=sdswrf units=W m**-2 startStep=18 endStep=24
2024-01-04,12,22,dswrf_to_lead_minus2,"EGLC,LFPG",OK,short_name=sdswrf units=W m**-2 startStep=18 endStep=22
2024-01-08,12,24,dswrf_to_lead,"EGLC,LFPG",OK,short_name=sdswrf units=W m**-2 startStep=18 endStep=24
2024-01-08,12,22,dswrf_to_lead_minus2,"EGLC,LFPG",OK,short_name=sdswrf units=W m**-2 startStep=18 endStep=22
2024-01-10,12,24,dswrf_to_lead,"EGLC,LFPG",OK,short_name=sdswrf units=W m**-2 startStep=18 endStep=24
2024-01-10,12,22,dswrf_to_lead_minus2,"EGLC,LFPG",OK,short_name=sdswrf units=W m**-2 startStep=18 endStep=22
2024-01-09,12,24,dswrf_to_lead,"EGLC,LFPG",OK,short_name=sdswrf units=W m**-2 startStep=18 endStep=24
2024-01-09,12,22,dswrf_to_lead_minus2,"EGLC,LFPG",OK,short_name=sdswrf units=W m**-2 startStep=18 endStep=22
2024-01-24,12,24,dswrf_to_lead,"EGLC,LFPG",OK,short_name=sdswrf units=W m**-2 startStep=18 endStep=24
2024-01-24,12,22,dswrf_to_lead_minus2,"EGLC,LFPG",OK,short_name=sdswrf units=W m**-2 startStep=18 endStep=22
2024-01-06,12,24,dswrf_to_lead,"EGLC,LFPG",OK,short_name=sdswrf units=W m**-2 startStep=18 endStep=24
2024-01-06,12,22,dswrf_to_lead_minus2,"EGLC,LFPG",OK,short_name=sdswrf units=W m**-2 startStep=18 endStep=22
2023-11-29,12,24,dswrf_to_lead,"EGLC,LFPG",OK,short_name=sdswrf units=W m**-2 startStep=18 endStep=24
2023-11-29,12,22,dswrf_to_lead_minus2,"EGLC,LFPG",OK,short_name=sdswrf units=W m**-2 startStep=18 endStep=22
2024-01-27,12,24,dswrf_to_lead,"EGLC,LFPG",OK,short_name=sdswrf units=W m**-2 startStep=18 endStep=24
2024-01-27,12,22,dswrf_to_lead_minus2,"EGLC,LFPG",OK,short_name=sdswrf units=W m**-2 startStep=18 endStep=22
2023-12-16,12,24,dswrf_to_lead,"EGLC,LFPG",OK,short_name=sdswrf units=W m**-2 startStep=18 endStep=24
2023-12-16,12,22,dswrf_to_lead_minus2,"EGLC,LFPG",OK,short_name=sdswrf units=W m**-2 startStep=18 endStep=22
2023-12-21,12,24,dswrf_to_lead,"EGLC,LFPG",OK,short_name=sdswrf units=W m**-2 startStep=18 endStep=24
2023-12-21,12,22,dswrf_to_lead_minus2,"EGLC,LFPG",OK,short_name=sdswrf units=W m**-2 startStep=18 endStep=22
2024-01-03,12,24,dswrf_to_lead,"EGLC,LFPG",OK,short_name=sdswrf units=W m**-2 startStep=18 endStep=24
2024-01-03,12,22,dswrf_to_lead_minus2,"EGLC,LFPG",OK,short_name=sdswrf units=W m**-2 startStep=18 endStep=22
2024-01-11,12,24,dswrf_to_lead,"EGLC,LFPG",OK,short_name=sdswrf units=W m**-2 startStep=18 endStep=24
2024-01-11,12,22,dswrf_to_lead_minus2,"EGLC,LFPG",OK,short_name=sdswrf units=W m**-2 startStep=18 endStep=22
2024-01-30,12,24,dswrf_to_lead,"EGLC,LFPG",OK,short_name=sdswrf units=W m**-2 startStep=18 endStep=24
2024-01-30,12,22,dswrf_to_lead_minus2,"EGLC,LFPG",OK,short_name=sdswrf units=W m**-2 startStep=18 endStep=22
2024-01-26,12,24,dswrf_to_lead,"EGLC,LFPG",OK,short_name=sdswrf units=W m**-2 startStep=18 endStep=24
2024-01-26,12,22,dswrf_to_lead_minus2,"EGLC,LFPG",OK,short_name=sdswrf units=W m**-2 startStep=18 endStep=22
2023-12-20,12,24,dswrf_to_lead,"EGLC,LFPG",OK,short_name=sdswrf units=W m**-2 startStep=18 endStep=24
2023-12-20,12,22,dswrf_to_lead_minus2,"EGLC,LFPG",OK,short_name=sdswrf units=W m**-2 startStep=18 endStep=22
2024-01-17,12,24,dswrf_to_lead,"EGLC,LFPG",OK,short_name=sdswrf units=W m**-2 startStep=18 endStep=24
2024-01-17,12,22,dswrf_to_lead_minus2,"EGLC,LFPG",OK,short_name=sdswrf units=W m**-2 startStep=18 endStep=22
2024-01-16,12,24,dswrf_to_lead,"EGLC,LFPG",OK,short_name=sdswrf units=W m**-2 startStep=18 endStep=24
2024-01-16,12,22,dswrf_to_lead_minus2,"EGLC,LFPG",OK,short_name=sdswrf units=W m**-2 startStep=18 endStep=22
2024-01-21,12,24,dswrf_to_lead,"EGLC,LFPG",OK,short_name=sdswrf units=W m**-2 startStep=18 endStep=24
2024-01-21,12,22,dswrf_to_lead_minus2,"EGLC,LFPG",OK,short_name=sdswrf units=W m**-2 startStep=18 endStep=22
2024-02-08,12,24,dswrf_to_lead,"EGLC,LFPG",OK,short_name=sdswrf units=W m**-2 startStep=18 endStep=24
2024-02-08,12,22,dswrf_to_lead_minus2,"EGLC,LFPG",OK,short_name=sdswrf units=W m**-2 startStep=18 endStep=22
2024-02-05,12,24,dswrf_to_lead,"EGLC,LFPG",OK,short_name=sdswrf units=W m**-2 startStep=18 endStep=24
2024-02-05,12,22,dswrf_to_lead_minus2,"EGLC,LFPG",OK,short_name=sdswrf units=W m**-2 startStep=18 endStep=22
2023-12-31,12,24,dswrf_to_lead,"EGLC,LFPG",OK,short_name=sdswrf units=W m**-2 startStep=18 endStep=24
2023-12-31,12,22,dswrf_to_lead_minus2,"EGLC,LFPG",OK,short_name=sdswrf units=W m**-2 startStep=18 endStep=22
2024-02-01,12,24,dswrf_to_lead,"EGLC,LFPG",OK,short_name=sdswrf units=W m**-2 startStep=18 endStep=24
2024-02-01,12,22,dswrf_to_lead_minus2,"EGLC,LFPG",OK,short_name=sdswrf units=W m**-2 startStep=18 endStep=22
2023-12-14,12,24,dswrf_to_lead,"EGLC,LFPG",OK,short_name=sdswrf units=W m**-2 startStep=18 endStep=24
2023-12-14,12,22,dswrf_to_lead_minus2,"EGLC,LFPG",OK,short_name=sdswrf units=W m**-2 startStep=18 endStep=22
2023-12-23,12,24,dswrf_to_lead,"EGLC,LFPG",OK,short_name=sdswrf units=W m**-2 startStep=18 endStep=24
2023-12-23,12,22,dswrf_to_lead_minus2,"EGLC,LFPG",OK,short_name=sdswrf units=W m**-2 startStep=18 endStep=22
2024-01-14,12,24,dswrf_to_lead,"EGLC,LFPG",OK,short_name=sdswrf units=W m**-2 startStep=18 endStep=24
2024-01-14,12,22,dswrf_to_lead_minus2,"EGLC,LFPG",OK,short_name=sdswrf units=W m**-2 startStep=18 endStep=22
2024-01-12,12,24,dswrf_to_lead,"EGLC,LFPG",OK,short_name=sdswrf units=W m**-2 startStep=18 endStep=24
2024-01-12,12,22,dswrf_to_lead_minus2,"EGLC,LFPG",OK,short_name=sdswrf units=W m**-2 startStep=18 endStep=22
2023-12-27,12,24,dswrf_to_lead,"EGLC,LFPG",OK,short_name=sdswrf units=W m**-2 startStep=18 endStep=24
2023-12-27,12,22,dswrf_to_lead_minus2,"EGLC,LFPG",OK,short_name=sdswrf units=W m**-2 startStep=18 endStep=22
2023-12-25,12,24,dswrf_to_lead,"EGLC,LFPG",OK,short_name=sdswrf units=W m**-2 startStep=18 endStep=24
2023-12-25,12,22,dswrf_to_lead_minus2,"EGLC,LFPG",OK,short_name=sdswrf units=W m**-2 startStep=18 endStep=22
2024-01-29,12,24,dswrf_to_lead,"EGLC,LFPG",OK,short_name=sdswrf units=W m**-2 startStep=18 endStep=24
2024-01-29,12,22,dswrf_to_lead_minus2,"EGLC,LFPG",OK,short_name=sdswrf units=W m**-2 startStep=18 endStep=22
2024-02-12,12,24,dswrf_to_lead,"EGLC,LFPG",OK,short_name=sdswrf units=W m**-2 startStep=18 endStep=24
2024-02-12,12,22,dswrf_to_lead_minus2,"EGLC,LFPG",OK,short_name=sdswrf units=W m**-2 startStep=18 endStep=22
2024-01-05,12,24,dswrf_to_lead,"EGLC,LFPG",OK,short_name=sdswrf units=W m**-2 startStep=18 endStep=24
2024-01-05,12,22,dswrf_to_lead_minus2,"EGLC,LFPG",OK,short_name=sdswrf units=W m**-2 startStep=18 endStep=22
2024-01-23,12,24,dswrf_to_lead,"EGLC,LFPG",OK,short_name=sdswrf units=W m**-2 startStep=18 endStep=24
2024-01-23,12,22,dswrf_to_lead_minus2,"EGLC,LFPG",OK,short_name=sdswrf units=W m**-2 startStep=18 endStep=22
2024-02-09,12,24,dswrf_to_lead,"EGLC,LFPG",OK,short_name=sdswrf units=W m**-2 startStep=18 endStep=24
2024-02-09,12,22,dswrf_to_lead_minus2,"EGLC,LFPG",OK,short_name=sdswrf units=W m**-2 startStep=18 endStep=22
2024-02-07,12,24,dswrf_to_lead,"EGLC,LFPG",OK,short_name=sdswrf units=W m**-2 startStep=18 endStep=24
2024-02-07,12,22,dswrf_to_lead_minus2,"EGLC,LFPG",OK,short_name=sdswrf units=W m**-2 startStep=18 endStep=22
2024-02-06,12,24,dswrf_to_lead,"EGLC,LFPG",OK,short_name=sdswrf units=W m**-2 startStep=18 endStep=24
2024-02-06,12,22,dswrf_to_lead_minus2,"EGLC,LFPG",OK,short_name=sdswrf units=W m**-2 startStep=18 endStep=22
2024-03-03,12,24,dswrf_to_lead,"EGLC,LFPG",OK,short_name=sdswrf units=W m**-2 startStep=18 endStep=24
2024-03-03,12,22,dswrf_to_lead_minus2,"EGLC,LFPG",OK,short_name=sdswrf units=W m**-2 startStep=18 endStep=22
2023-12-05,12,24,dswrf_to_lead,"EGLC,LFPG",OK,short_name=sdswrf units=W m**-2 startStep=18 endStep=24
2023-12-05,12,22,dswrf_to_lead_minus2,"EGLC,LFPG",OK,short_name=sdswrf units=W m**-2 startStep=18 endStep=22
2024-01-20,12,24,dswrf_to_lead,"EGLC,LFPG",OK,short_name=sdswrf units=W m**-2 startStep=18 endStep=24
2024-01-20,12,22,dswrf_to_lead_minus2,"EGLC,LFPG",OK,short_name=sdswrf units=W m**-2 startStep=18 endStep=22
2024-02-25,12,24,dswrf_to_lead,"EGLC,LFPG",OK,short_name=sdswrf units=W m**-2 startStep=18 endStep=24
2024-02-25,12,22,dswrf_to_lead_minus2,"EGLC,LFPG",OK,short_name=sdswrf units=W m**-2 startStep=18 endStep=22
2024-02-11,12,24,dswrf_to_lead,"EGLC,LFPG",OK,short_name=sdswrf units=W m**-2 startStep=18 endStep=24
2024-02-11,12,22,dswrf_to_lead_minus2,"EGLC,LFPG",OK,short_name=sdswrf units=W m**-2 startStep=18 endStep=22
2024-01-28,12,24,dswrf_to_lead,"EGLC,LFPG",OK,short_name=sdswrf units=W m**-2 startStep=18 endStep=24
2024-01-28,12,22,dswrf_to_lead_minus2,"EGLC,LFPG",OK,short_name=sdswrf units=W m**-2 startStep=18 endStep=22
2024-02-20,12,24,dswrf_to_lead,"EGLC,LFPG",OK,short_name=sdswrf units=W m**-2 startStep=18 endStep=24
2024-02-20,12,22,dswrf_to_lead_minus2,"EGLC,LFPG",OK,short_name=sdswrf units=W m**-2 startStep=18 endStep=22
2024-02-21,12,24,dswrf_to_lead,"EGLC,LFPG",OK,short_name=sdswrf units=W m**-2 startStep=18 endStep=24
2024-02-21,12,22,dswrf_to_lead_minus2,"EGLC,LFPG",OK,short_name=sdswrf units=W m**-2 startStep=18 endStep=22
2024-01-15,12,24,dswrf_to_lead,"EGLC,LFPG",OK,short_name=sdswrf units=W m**-2 startStep=18 endStep=24
2024-01-15,12,22,dswrf_to_lead_minus2,"EGLC,LFPG",OK,short_name=sdswrf units=W m**-2 startStep=18 endStep=22
2024-01-31,12,24,dswrf_to_lead,"EGLC,LFPG",OK,short_name=sdswrf units=W m**-2 startStep=18 endStep=24
2024-01-31,12,22,dswrf_to_lead_minus2,"EGLC,LFPG",OK,short_name=sdswrf units=W m**-2 startStep=18 endStep=22
2024-02-24,12,24,dswrf_to_lead,"EGLC,LFPG",OK,short_name=sdswrf units=W m**-2 startStep=18 endStep=24
2024-02-24,12,22,dswrf_to_lead_minus2,"EGLC,LFPG",OK,short_name=sdswrf units=W m**-2 startStep=18 endStep=22
2024-03-09,12,24,dswrf_to_lead,"EGLC,LFPG",OK,short_name=sdswrf units=W m**-2 startStep=18 endStep=24
2024-03-09,12,22,dswrf_to_lead_minus2,"EGLC,LFPG",OK,short_name=sdswrf units=W m**-2 startStep=18 endStep=22
2024-03-01,12,24,dswrf_to_lead,"EGLC,LFPG",OK,short_name=sdswrf units=W m**-2 startStep=18 endStep=24
2024-03-01,12,22,dswrf_to_lead_minus2,"EGLC,LFPG",OK,short_name=sdswrf units=W m**-2 startStep=18 endStep=22
2024-02-28,12,24,dswrf_to_lead,"EGLC,LFPG",OK,short_name=sdswrf units=W m**-2 startStep=18 endStep=24
2024-02-28,12,22,dswrf_to_lead_minus2,"EGLC,LFPG",OK,short_name=sdswrf units=W m**-2 startStep=18 endStep=22
2024-02-14,12,24,dswrf_to_lead,"EGLC,LFPG",OK,short_name=sdswrf units=W m**-2 startStep=18 endStep=24
2024-02-14,12,22,dswrf_to_lead_minus2,"EGLC,LFPG",OK,short_name=sdswrf units=W m**-2 startStep=18 endStep=22
2024-03-04,12,24,dswrf_to_lead,"EGLC,LFPG",OK,short_name=sdswrf units=W m**-2 startStep=18 endStep=24
2024-03-04,12,22,dswrf_to_lead_minus2,"EGLC,LFPG",OK,short_name=sdswrf units=W m**-2 startStep=18 endStep=22
2024-01-18,12,24,dswrf_to_lead,"EGLC,LFPG",OK,short_name=sdswrf units=W m**-2 startStep=18 endStep=24
2024-01-18,12,22,dswrf_to_lead_minus2,"EGLC,LFPG",OK,short_name=sdswrf units=W m**-2 startStep=18 endStep=22
2024-02-15,12,24,dswrf_to_lead,"EGLC,LFPG",OK,short_name=sdswrf units=W m**-2 startStep=18 endStep=24
2024-02-15,12,22,dswrf_to_lead_minus2,"EGLC,LFPG",OK,short_name=sdswrf units=W m**-2 startStep=18 endStep=22
2024-02-26,12,24,dswrf_to_lead,"EGLC,LFPG",OK,short_name=sdswrf units=W m**-2 startStep=18 endStep=24
2024-02-26,12,22,dswrf_to_lead_minus2,"EGLC,LFPG",OK,short_name=sdswrf units=W m**-2 startStep=18 endStep=22
2024-03-12,12,24,dswrf_to_lead,"EGLC,LFPG",OK,short_name=sdswrf units=W m**-2 startStep=18 endStep=24
2024-03-12,12,22,dswrf_to_lead_minus2,"EGLC,LFPG",OK,short_name=sdswrf units=W m**-2 startStep=18 endStep=22
2024-01-22,12,24,dswrf_to_lead,"EGLC,LFPG",OK,short_name=sdswrf units=W m**-2 startStep=18 endStep=24
2024-01-22,12,22,dswrf_to_lead_minus2,"EGLC,LFPG",OK,short_name=sdswrf units=W m**-2 startStep=18 endStep=22
2024-02-17,12,24,dswrf_to_lead,"EGLC,LFPG",OK,short_name=sdswrf units=W m**-2 startStep=18 endStep=24
2024-02-17,12,22,dswrf_to_lead_minus2,"EGLC,LFPG",OK,short_name=sdswrf units=W m**-2 startStep=18 endStep=22
2024-02-10,12,24,dswrf_to_lead,"EGLC,LFPG",OK,short_name=sdswrf units=W m**-2 startStep=18 endStep=24
2024-02-10,12,22,dswrf_to_lead_minus2,"EGLC,LFPG",OK,short_name=sdswrf units=W m**-2 startStep=18 endStep=22
2024-03-02,12,24,dswrf_to_lead,"EGLC,LFPG",OK,short_name=sdswrf units=W m**-2 startStep=18 endStep=24
2024-03-02,12,22,dswrf_to_lead_minus2,"EGLC,LFPG",OK,short_name=sdswrf units=W m**-2 startStep=18 endStep=22
2024-01-25,12,24,dswrf_to_lead,"EGLC,LFPG",OK,short_name=sdswrf units=W m**-2 startStep=18 endStep=24
2024-01-25,12,22,dswrf_to_lead_minus2,"EGLC,LFPG",OK,short_name=sdswrf units=W m**-2 startStep=18 endStep=22
2024-02-19,12,24,dswrf_to_lead,"EGLC,LFPG",OK,short_name=sdswrf units=W m**-2 startStep=18 endStep=24
2024-02-19,12,22,dswrf_to_lead_minus2,"EGLC,LFPG",OK,short_name=sdswrf units=W m**-2 startStep=18 endStep=22
2024-03-10,12,24,dswrf_to_lead,"EGLC,LFPG",OK,short_name=sdswrf units=W m**-2 startStep=18 endStep=24
2024-03-10,12,22,dswrf_to_lead_minus2,"EGLC,LFPG",OK,short_name=sdswrf units=W m**-2 startStep=18 endStep=22
2024-02-02,12,24,dswrf_to_lead,"EGLC,LFPG",OK,short_name=sdswrf units=W m**-2 startStep=18 endStep=24
2024-02-02,12,22,dswrf_to_lead_minus2,"EGLC,LFPG",OK,short_name=sdswrf units=W m**-2 startStep=18 endStep=22
2024-02-13,12,24,dswrf_to_lead,"EGLC,LFPG",OK,short_name=sdswrf units=W m**-2 startStep=18 endStep=24
2024-02-13,12,22,dswrf_to_lead_minus2,"EGLC,LFPG",OK,short_name=sdswrf units=W m**-2 startStep=18 endStep=22
2024-03-15,12,24,dswrf_to_lead,"EGLC,LFPG",OK,short_name=sdswrf units=W m**-2 startStep=18 endStep=24
2024-03-15,12,22,dswrf_to_lead_minus2,"EGLC,LFPG",OK,short_name=sdswrf units=W m**-2 startStep=18 endStep=22
2024-02-04,12,24,dswrf_to_lead,"EGLC,LFPG",OK,short_name=sdswrf units=W m**-2 startStep=18 endStep=24
2024-02-04,12,22,dswrf_to_lead_minus2,"EGLC,LFPG",OK,short_name=sdswrf units=W m**-2 startStep=18 endStep=22
2024-02-16,12,24,dswrf_to_lead,"EGLC,LFPG",OK,short_name=sdswrf units=W m**-2 startStep=18 endStep=24
2024-02-16,12,22,dswrf_to_lead_minus2,"EGLC,LFPG",OK,short_name=sdswrf units=W m**-2 startStep=18 endStep=22
2024-03-06,12,24,dswrf_to_lead,"EGLC,LFPG",OK,short_name=sdswrf units=W m**-2 startStep=18 endStep=24
2024-03-06,12,22,dswrf_to_lead_minus2,"EGLC,LFPG",OK,short_name=sdswrf units=W m**-2 startStep=18 endStep=22
2024-03-05,12,24,dswrf_to_lead,"EGLC,LFPG",OK,short_name=sdswrf units=W m**-2 startStep=18 endStep=24
2024-03-05,12,22,dswrf_to_lead_minus2,"EGLC,LFPG",OK,short_name=sdswrf units=W m**-2 startStep=18 endStep=22
2024-03-18,12,24,dswrf_to_lead,"EGLC,LFPG",OK,short_name=sdswrf units=W m**-2 startStep=18 endStep=24
2024-03-18,12,22,dswrf_to_lead_minus2,"EGLC,LFPG",OK,short_name=sdswrf units=W m**-2 startStep=18 endStep=22
2024-03-16,12,24,dswrf_to_lead,"EGLC,LFPG",OK,short_name=sdswrf units=W m**-2 startStep=18 endStep=24
2024-03-16,12,22,dswrf_to_lead_minus2,"EGLC,LFPG",OK,short_name=sdswrf units=W m**-2 startStep=18 endStep=22
2024-03-21,12,24,dswrf_to_lead,"EGLC,LFPG",OK,short_name=sdswrf units=W m**-2 startStep=18 endStep=24
2024-03-21,12,22,dswrf_to_lead_minus2,"EGLC,LFPG",OK,short_name=sdswrf units=W m**-2 startStep=18 endStep=22
2024-03-20,12,24,dswrf_to_lead,"EGLC,LFPG",OK,short_name=sdswrf units=W m**-2 startStep=18 endStep=24
2024-03-20,12,22,dswrf_to_lead_minus2,"EGLC,LFPG",OK,short_name=sdswrf units=W m**-2 startStep=18 endStep=22
2024-02-29,12,24,dswrf_to_lead,"EGLC,LFPG",OK,short_name=sdswrf units=W m**-2 startStep=18 endStep=24
2024-02-29,12,22,dswrf_to_lead_minus2,"EGLC,LFPG",OK,short_name=sdswrf units=W m**-2 startStep=18 endStep=22
2024-02-22,12,24,dswrf_to_lead,"EGLC,LFPG",OK,short_name=sdswrf units=W m**-2 startStep=18 endStep=24
2024-02-22,12,22,dswrf_to_lead_minus2,"EGLC,LFPG",OK,short_name=sdswrf units=W m**-2 startStep=18 endStep=22
2024-03-17,12,24,dswrf_to_lead,"EGLC,LFPG",OK,short_name=sdswrf units=W m**-2 startStep=18 endStep=24
2024-03-17,12,22,dswrf_to_lead_minus2,"EGLC,LFPG",OK,short_name=sdswrf units=W m**-2 startStep=18 endStep=22
2024-04-13,12,24,dswrf_to_lead,"EGLC,LFPG",OK,short_name=sdswrf units=W m**-2 startStep=18 endStep=24
2024-04-13,12,22,dswrf_to_lead_minus2,"EGLC,LFPG",OK,short_name=sdswrf units=W m**-2 startStep=18 endStep=22
2024-03-08,12,24,dswrf_to_lead,"EGLC,LFPG",OK,short_name=sdswrf units=W m**-2 startStep=18 endStep=24
2024-03-08,12,22,dswrf_to_lead_minus2,"EGLC,LFPG",OK,short_name=sdswrf units=W m**-2 startStep=18 endStep=22
2024-03-30,12,24,dswrf_to_lead,"EGLC,LFPG",OK,short_name=sdswrf units=W m**-2 startStep=18 endStep=24
2024-03-30,12,22,dswrf_to_lead_minus2,"EGLC,LFPG",OK,short_name=sdswrf units=W m**-2 startStep=18 endStep=22
2024-02-03,12,24,dswrf_to_lead,"EGLC,LFPG",OK,short_name=sdswrf units=W m**-2 startStep=18 endStep=24
2024-02-03,12,22,dswrf_to_lead_minus2,"EGLC,LFPG",OK,short_name=sdswrf units=W m**-2 startStep=18 endStep=22
2024-04-07,12,24,dswrf_to_lead,"EGLC,LFPG",OK,short_name=sdswrf units=W m**-2 startStep=18 endStep=24
2024-04-07,12,22,dswrf_to_lead_minus2,"EGLC,LFPG",OK,short_name=sdswrf units=W m**-2 startStep=18 endStep=22
2024-03-23,12,24,dswrf_to_lead,"EGLC,LFPG",OK,short_name=sdswrf units=W m**-2 startStep=18 endStep=24
2024-03-23,12,22,dswrf_to_lead_minus2,"EGLC,LFPG",OK,short_name=sdswrf units=W m**-2 startStep=18 endStep=22
2024-02-23,12,24,dswrf_to_lead,"EGLC,LFPG",OK,short_name=sdswrf units=W m**-2 startStep=18 endStep=24
2024-02-23,12,22,dswrf_to_lead_minus2,"EGLC,LFPG",OK,short_name=sdswrf units=W m**-2 startStep=18 endStep=22
2024-04-05,12,24,dswrf_to_lead,"EGLC,LFPG",OK,short_name=sdswrf units=W m**-2 startStep=18 endStep=24
2024-04-05,12,22,dswrf_to_lead_minus2,"EGLC,LFPG",OK,short_name=sdswrf units=W m**-2 startStep=18 endStep=22
2024-03-28,12,24,dswrf_to_lead,"EGLC,LFPG",OK,short_name=sdswrf units=W m**-2 startStep=18 endStep=24
2024-03-28,12,22,dswrf_to_lead_minus2,"EGLC,LFPG",OK,short_name=sdswrf units=W m**-2 startStep=18 endStep=22
2024-03-22,12,24,dswrf_to_lead,"EGLC,LFPG",OK,short_name=sdswrf units=W m**-2 startStep=18 endStep=24
2024-03-22,12,22,dswrf_to_lead_minus2,"EGLC,LFPG",OK,short_name=sdswrf units=W m**-2 startStep=18 endStep=22
2024-03-25,12,24,dswrf_to_lead,"EGLC,LFPG",OK,short_name=sdswrf units=W m**-2 startStep=18 endStep=24
2024-03-25,12,22,dswrf_to_lead_minus2,"EGLC,LFPG",OK,short_name=sdswrf units=W m**-2 startStep=18 endStep=22
2024-04-12,12,24,dswrf_to_lead,"EGLC,LFPG",OK,short_name=sdswrf units=W m**-2 startStep=18 endStep=24
2024-04-12,12,22,dswrf_to_lead_minus2,"EGLC,LFPG",OK,short_name=sdswrf units=W m**-2 startStep=18 endStep=22
2024-02-18,12,24,dswrf_to_lead,"EGLC,LFPG",OK,short_name=sdswrf units=W m**-2 startStep=18 endStep=24
2024-02-18,12,22,dswrf_to_lead_minus2,"EGLC,LFPG",OK,short_name=sdswrf units=W m**-2 startStep=18 endStep=22
2024-04-03,12,24,dswrf_to_lead,"EGLC,LFPG",OK,short_name=sdswrf units=W m**-2 startStep=18 endStep=24
2024-04-03,12,22,dswrf_to_lead_minus2,"EGLC,LFPG",OK,short_name=sdswrf units=W m**-2 startStep=18 endStep=22
2024-04-15,12,24,dswrf_to_lead,"EGLC,LFPG",OK,short_name=sdswrf units=W m**-2 startStep=18 endStep=24
2024-04-15,12,22,dswrf_to_lead_minus2,"EGLC,LFPG",OK,short_name=sdswrf units=W m**-2 startStep=18 endStep=22
2024-03-14,12,24,dswrf_to_lead,"EGLC,LFPG",OK,short_name=sdswrf units=W m**-2 startStep=18 endStep=24
2024-03-14,12,22,dswrf_to_lead_minus2,"EGLC,LFPG",OK,short_name=sdswrf units=W m**-2 startStep=18 endStep=22
2024-03-13,12,24,dswrf_to_lead,"EGLC,LFPG",OK,short_name=sdswrf units=W m**-2 startStep=18 endStep=24
2024-03-13,12,22,dswrf_to_lead_minus2,"EGLC,LFPG",OK,short_name=sdswrf units=W m**-2 startStep=18 endStep=22
2024-02-27,12,24,dswrf_to_lead,"EGLC,LFPG",OK,short_name=sdswrf units=W m**-2 startStep=18 endStep=24
2024-02-27,12,22,dswrf_to_lead_minus2,"EGLC,LFPG",OK,short_name=sdswrf units=W m**-2 startStep=18 endStep=22
2024-03-07,12,24,dswrf_to_lead,"EGLC,LFPG",OK,short_name=sdswrf units=W m**-2 startStep=18 endStep=24
2024-03-07,12,22,dswrf_to_lead_minus2,"EGLC,LFPG",OK,short_name=sdswrf units=W m**-2 startStep=18 endStep=22
2024-03-11,12,24,dswrf_to_lead,"EGLC,LFPG",OK,short_name=sdswrf units=W m**-2 startStep=18 endStep=24
2024-03-11,12,22,dswrf_to_lead_minus2,"EGLC,LFPG",OK,short_name=sdswrf units=W m**-2 startStep=18 endStep=22
2024-04-26,12,24,dswrf_to_lead,"EGLC,LFPG",OK,short_name=sdswrf units=W m**-2 startStep=18 endStep=24
2024-04-26,12,22,dswrf_to_lead_minus2,"EGLC,LFPG",OK,short_name=sdswrf units=W m**-2 startStep=18 endStep=22
2024-03-24,12,24,dswrf_to_lead,"EGLC,LFPG",OK,short_name=sdswrf units=W m**-2 startStep=18 endStep=24
2024-03-24,12,22,dswrf_to_lead_minus2,"EGLC,LFPG",OK,short_name=sdswrf units=W m**-2 startStep=18 endStep=22
2024-04-08,12,24,dswrf_to_lead,"EGLC,LFPG",OK,short_name=sdswrf units=W m**-2 startStep=18 endStep=24
2024-04-08,12,22,dswrf_to_lead_minus2,"EGLC,LFPG",OK,short_name=sdswrf units=W m**-2 startStep=18 endStep=22
2024-03-27,12,24,dswrf_to_lead,"EGLC,LFPG",OK,short_name=sdswrf units=W m**-2 startStep=18 endStep=24
2024-03-27,12,22,dswrf_to_lead_minus2,"EGLC,LFPG",OK,short_name=sdswrf units=W m**-2 startStep=18 endStep=22
2024-04-28,12,24,dswrf_to_lead,"EGLC,LFPG",OK,short_name=sdswrf units=W m**-2 startStep=18 endStep=24
2024-04-28,12,22,dswrf_to_lead_minus2,"EGLC,LFPG",OK,short_name=sdswrf units=W m**-2 startStep=18 endStep=22
2024-04-23,12,24,dswrf_to_lead,"EGLC,LFPG",OK,short_name=sdswrf units=W m**-2 startStep=18 endStep=24
2024-04-23,12,22,dswrf_to_lead_minus2,"EGLC,LFPG",OK,short_name=sdswrf units=W m**-2 startStep=18 endStep=22
2024-04-04,12,24,dswrf_to_lead,"EGLC,LFPG",OK,short_name=sdswrf units=W m**-2 startStep=18 endStep=24
2024-04-04,12,22,dswrf_to_lead_minus2,"EGLC,LFPG",OK,short_name=sdswrf units=W m**-2 startStep=18 endStep=22
2024-04-09,12,24,dswrf_to_lead,"EGLC,LFPG",OK,short_name=sdswrf units=W m**-2 startStep=18 endStep=24
2024-04-09,12,22,dswrf_to_lead_minus2,"EGLC,LFPG",OK,short_name=sdswrf units=W m**-2 startStep=18 endStep=22
2024-05-03,12,24,dswrf_to_lead,"EGLC,LFPG",OK,short_name=sdswrf units=W m**-2 startStep=18 endStep=24
2024-05-03,12,22,dswrf_to_lead_minus2,"EGLC,LFPG",OK,short_name=sdswrf units=W m**-2 startStep=18 endStep=22
2024-04-17,12,24,dswrf_to_lead,"EGLC,LFPG",OK,short_name=sdswrf units=W m**-2 startStep=18 endStep=24
2024-04-17,12,22,dswrf_to_lead_minus2,"EGLC,LFPG",OK,short_name=sdswrf units=W m**-2 startStep=18 endStep=22
2024-04-29,12,24,dswrf_to_lead,"EGLC,LFPG",OK,short_name=sdswrf units=W m**-2 startStep=18 endStep=24
2024-04-29,12,22,dswrf_to_lead_minus2,"EGLC,LFPG",OK,short_name=sdswrf units=W m**-2 startStep=18 endStep=22
2024-05-02,12,24,dswrf_to_lead,"EGLC,LFPG",OK,short_name=sdswrf units=W m**-2 startStep=18 endStep=24
2024-05-02,12,22,dswrf_to_lead_minus2,"EGLC,LFPG",OK,short_name=sdswrf units=W m**-2 startStep=18 endStep=22
2024-04-10,12,24,dswrf_to_lead,"EGLC,LFPG",OK,short_name=sdswrf units=W m**-2 startStep=18 endStep=24
2024-04-10,12,22,dswrf_to_lead_minus2,"EGLC,LFPG",OK,short_name=sdswrf units=W m**-2 startStep=18 endStep=22
2024-03-26,12,24,dswrf_to_lead,"EGLC,LFPG",OK,short_name=sdswrf units=W m**-2 startStep=18 endStep=24
2024-03-26,12,22,dswrf_to_lead_minus2,"EGLC,LFPG",OK,short_name=sdswrf units=W m**-2 startStep=18 endStep=22
2024-05-06,12,24,dswrf_to_lead,"EGLC,LFPG",OK,short_name=sdswrf units=W m**-2 startStep=18 endStep=24
2024-05-06,12,22,dswrf_to_lead_minus2,"EGLC,LFPG",OK,short_name=sdswrf units=W m**-2 startStep=18 endStep=22
2024-04-02,12,24,dswrf_to_lead,"EGLC,LFPG",OK,short_name=sdswrf units=W m**-2 startStep=18 endStep=24
2024-04-02,12,22,dswrf_to_lead_minus2,"EGLC,LFPG",OK,short_name=sdswrf units=W m**-2 startStep=18 endStep=22
2024-04-25,12,24,dswrf_to_lead,"EGLC,LFPG",OK,short_name=sdswrf units=W m**-2 startStep=18 endStep=24
2024-04-25,12,22,dswrf_to_lead_minus2,"EGLC,LFPG",OK,short_name=sdswrf units=W m**-2 startStep=18 endStep=22
2024-04-24,12,24,dswrf_to_lead,"EGLC,LFPG",OK,short_name=sdswrf units=W m**-2 startStep=18 endStep=24
2024-04-24,12,22,dswrf_to_lead_minus2,"EGLC,LFPG",OK,short_name=sdswrf units=W m**-2 startStep=18 endStep=22
2024-03-29,12,24,dswrf_to_lead,"EGLC,LFPG",OK,short_name=sdswrf units=W m**-2 startStep=18 endStep=24
2024-03-29,12,22,dswrf_to_lead_minus2,"EGLC,LFPG",OK,short_name=sdswrf units=W m**-2 startStep=18 endStep=22
2024-04-20,12,24,dswrf_to_lead,"EGLC,LFPG",OK,short_name=sdswrf units=W m**-2 startStep=18 endStep=24
2024-04-20,12,22,dswrf_to_lead_minus2,"EGLC,LFPG",OK,short_name=sdswrf units=W m**-2 startStep=18 endStep=22
2024-05-05,12,24,dswrf_to_lead,"EGLC,LFPG",OK,short_name=sdswrf units=W m**-2 startStep=18 endStep=24
2024-05-05,12,22,dswrf_to_lead_minus2,"EGLC,LFPG",OK,short_name=sdswrf units=W m**-2 startStep=18 endStep=22
2024-04-16,12,24,dswrf_to_lead,"EGLC,LFPG",OK,short_name=sdswrf units=W m**-2 startStep=18 endStep=24
2024-04-16,12,22,dswrf_to_lead_minus2,"EGLC,LFPG",OK,short_name=sdswrf units=W m**-2 startStep=18 endStep=22
2024-04-11,12,24,dswrf_to_lead,"EGLC,LFPG",OK,short_name=sdswrf units=W m**-2 startStep=18 endStep=24
2024-04-11,12,22,dswrf_to_lead_minus2,"EGLC,LFPG",OK,short_name=sdswrf units=W m**-2 startStep=18 endStep=22
2024-04-06,12,24,dswrf_to_lead,"EGLC,LFPG",OK,short_name=sdswrf units=W m**-2 startStep=18 endStep=24
2024-04-06,12,22,dswrf_to_lead_minus2,"EGLC,LFPG",OK,short_name=sdswrf units=W m**-2 startStep=18 endStep=22
2024-05-04,12,24,dswrf_to_lead,"EGLC,LFPG",OK,short_name=sdswrf units=W m**-2 startStep=18 endStep=24
2024-05-04,12,22,dswrf_to_lead_minus2,"EGLC,LFPG",OK,short_name=sdswrf units=W m**-2 startStep=18 endStep=22
2024-04-01,12,24,dswrf_to_lead,"EGLC,LFPG",OK,short_name=sdswrf units=W m**-2 startStep=18 endStep=24
2024-04-01,12,22,dswrf_to_lead_minus2,"EGLC,LFPG",OK,short_name=sdswrf units=W m**-2 startStep=18 endStep=22
2024-03-31,12,24,dswrf_to_lead,"EGLC,LFPG",OK,short_name=sdswrf units=W m**-2 startStep=18 endStep=24
2024-03-31,12,22,dswrf_to_lead_minus2,"EGLC,LFPG",OK,short_name=sdswrf units=W m**-2 startStep=18 endStep=22
2024-04-22,12,24,dswrf_to_lead,"EGLC,LFPG",OK,short_name=sdswrf units=W m**-2 startStep=18 endStep=24
2024-04-22,12,22,dswrf_to_lead_minus2,"EGLC,LFPG",OK,short_name=sdswrf units=W m**-2 startStep=18 endStep=22
2024-05-17,12,24,dswrf_to_lead,"EGLC,LFPG",OK,short_name=sdswrf units=W m**-2 startStep=18 endStep=24
2024-05-17,12,22,dswrf_to_lead_minus2,"EGLC,LFPG",OK,short_name=sdswrf units=W m**-2 startStep=18 endStep=22
2024-05-01,12,24,dswrf_to_lead,"EGLC,LFPG",OK,short_name=sdswrf units=W m**-2 startStep=18 endStep=24
2024-05-01,12,22,dswrf_to_lead_minus2,"EGLC,LFPG",OK,short_name=sdswrf units=W m**-2 startStep=18 endStep=22
2024-03-19,12,24,dswrf_to_lead,"EGLC,LFPG",OK,short_name=sdswrf units=W m**-2 startStep=18 endStep=24
2024-03-19,12,22,dswrf_to_lead_minus2,"EGLC,LFPG",OK,short_name=sdswrf units=W m**-2 startStep=18 endStep=22
2024-04-19,12,24,dswrf_to_lead,"EGLC,LFPG",OK,short_name=sdswrf units=W m**-2 startStep=18 endStep=24
2024-04-19,12,22,dswrf_to_lead_minus2,"EGLC,LFPG",OK,short_name=sdswrf units=W m**-2 startStep=18 endStep=22
2024-06-06,12,24,dswrf_to_lead,"EGLC,LFPG",OK,short_name=sdswrf units=W m**-2 startStep=18 endStep=24
2024-06-06,12,22,dswrf_to_lead_minus2,"EGLC,LFPG",OK,short_name=sdswrf units=W m**-2 startStep=18 endStep=22
2024-04-27,12,24,dswrf_to_lead,"EGLC,LFPG",OK,short_name=sdswrf units=W m**-2 startStep=18 endStep=24
2024-04-27,12,22,dswrf_to_lead_minus2,"EGLC,LFPG",OK,short_name=sdswrf units=W m**-2 startStep=18 endStep=22
2024-04-18,12,24,dswrf_to_lead,"EGLC,LFPG",OK,short_name=sdswrf units=W m**-2 startStep=18 endStep=24
2024-04-18,12,22,dswrf_to_lead_minus2,"EGLC,LFPG",OK,short_name=sdswrf units=W m**-2 startStep=18 endStep=22
2024-05-19,12,24,dswrf_to_lead,"EGLC,LFPG",OK,short_name=sdswrf units=W m**-2 startStep=18 endStep=24
2024-05-19,12,22,dswrf_to_lead_minus2,"EGLC,LFPG",OK,short_name=sdswrf units=W m**-2 startStep=18 endStep=22
2024-04-30,12,24,dswrf_to_lead,"EGLC,LFPG",OK,short_name=sdswrf units=W m**-2 startStep=18 endStep=24
2024-04-30,12,22,dswrf_to_lead_minus2,"EGLC,LFPG",OK,short_name=sdswrf units=W m**-2 startStep=18 endStep=22
2024-05-31,12,24,dswrf_to_lead,"EGLC,LFPG",OK,short_name=sdswrf units=W m**-2 startStep=18 endStep=24
2024-05-31,12,22,dswrf_to_lead_minus2,"EGLC,LFPG",OK,short_name=sdswrf units=W m**-2 startStep=18 endStep=22
2024-04-14,12,24,dswrf_to_lead,"EGLC,LFPG",OK,short_name=sdswrf units=W m**-2 startStep=18 endStep=24
2024-04-14,12,22,dswrf_to_lead_minus2,"EGLC,LFPG",OK,short_name=sdswrf units=W m**-2 startStep=18 endStep=22
2024-04-21,12,24,dswrf_to_lead,"EGLC,LFPG",OK,short_name=sdswrf units=W m**-2 startStep=18 endStep=24
2024-04-21,12,22,dswrf_to_lead_minus2,"EGLC,LFPG",OK,short_name=sdswrf units=W m**-2 startStep=18 endStep=22
2024-06-01,12,24,dswrf_to_lead,"EGLC,LFPG",OK,short_name=sdswrf units=W m**-2 startStep=18 endStep=24
2024-06-01,12,22,dswrf_to_lead_minus2,"EGLC,LFPG",OK,short_name=sdswrf units=W m**-2 startStep=18 endStep=22
2024-05-16,12,24,dswrf_to_lead,"EGLC,LFPG",OK,short_name=sdswrf units=W m**-2 startStep=18 endStep=24
2024-05-16,12,22,dswrf_to_lead_minus2,"EGLC,LFPG",OK,short_name=sdswrf units=W m**-2 startStep=18 endStep=22
2024-06-05,12,24,dswrf_to_lead,"EGLC,LFPG",OK,short_name=sdswrf units=W m**-2 startStep=18 endStep=24
2024-06-05,12,22,dswrf_to_lead_minus2,"EGLC,LFPG",OK,short_name=sdswrf units=W m**-2 startStep=18 endStep=22
2024-05-18,12,24,dswrf_to_lead,"EGLC,LFPG",OK,short_name=sdswrf units=W m**-2 startStep=18 endStep=24
2024-05-18,12,22,dswrf_to_lead_minus2,"EGLC,LFPG",OK,short_name=sdswrf units=W m**-2 startStep=18 endStep=22
2024-06-12,12,24,dswrf_to_lead,"EGLC,LFPG",OK,short_name=sdswrf units=W m**-2 startStep=18 endStep=24
2024-06-12,12,22,dswrf_to_lead_minus2,"EGLC,LFPG",OK,short_name=sdswrf units=W m**-2 startStep=18 endStep=22
2024-05-29,12,24,dswrf_to_lead,"EGLC,LFPG",OK,short_name=sdswrf units=W m**-2 startStep=18 endStep=24
2024-05-29,12,22,dswrf_to_lead_minus2,"EGLC,LFPG",OK,short_name=sdswrf units=W m**-2 startStep=18 endStep=22
2024-06-15,12,24,dswrf_to_lead,"EGLC,LFPG",OK,short_name=sdswrf units=W m**-2 startStep=18 endStep=24
2024-06-15,12,22,dswrf_to_lead_minus2,"EGLC,LFPG",OK,short_name=sdswrf units=W m**-2 startStep=18 endStep=22
2024-05-20,12,24,dswrf_to_lead,"EGLC,LFPG",OK,short_name=sdswrf units=W m**-2 startStep=18 endStep=24
2024-05-20,12,22,dswrf_to_lead_minus2,"EGLC,LFPG",OK,short_name=sdswrf units=W m**-2 startStep=18 endStep=22
2024-05-24,12,24,dswrf_to_lead,"EGLC,LFPG",OK,short_name=sdswrf units=W m**-2 startStep=18 endStep=24
2024-05-24,12,22,dswrf_to_lead_minus2,"EGLC,LFPG",OK,short_name=sdswrf units=W m**-2 startStep=18 endStep=22
2024-06-07,12,24,dswrf_to_lead,"EGLC,LFPG",OK,short_name=sdswrf units=W m**-2 startStep=18 endStep=24
2024-06-07,12,22,dswrf_to_lead_minus2,"EGLC,LFPG",OK,short_name=sdswrf units=W m**-2 startStep=18 endStep=22
2024-05-09,12,24,dswrf_to_lead,"EGLC,LFPG",OK,short_name=sdswrf units=W m**-2 startStep=18 endStep=24
2024-05-09,12,22,dswrf_to_lead_minus2,"EGLC,LFPG",OK,short_name=sdswrf units=W m**-2 startStep=18 endStep=22
2024-06-03,12,24,dswrf_to_lead,"EGLC,LFPG",OK,short_name=sdswrf units=W m**-2 startStep=18 endStep=24
2024-06-03,12,22,dswrf_to_lead_minus2,"EGLC,LFPG",OK,short_name=sdswrf units=W m**-2 startStep=18 endStep=22
2024-05-26,12,24,dswrf_to_lead,"EGLC,LFPG",OK,short_name=sdswrf units=W m**-2 startStep=18 endStep=24
2024-05-26,12,22,dswrf_to_lead_minus2,"EGLC,LFPG",OK,short_name=sdswrf units=W m**-2 startStep=18 endStep=22
2024-05-27,12,24,dswrf_to_lead,"EGLC,LFPG",OK,short_name=sdswrf units=W m**-2 startStep=18 endStep=24
2024-05-27,12,22,dswrf_to_lead_minus2,"EGLC,LFPG",OK,short_name=sdswrf units=W m**-2 startStep=18 endStep=22
2024-05-08,12,24,dswrf_to_lead,"EGLC,LFPG",OK,short_name=sdswrf units=W m**-2 startStep=18 endStep=24
2024-05-08,12,22,dswrf_to_lead_minus2,"EGLC,LFPG",OK,short_name=sdswrf units=W m**-2 startStep=18 endStep=22
2024-06-18,12,24,dswrf_to_lead,"EGLC,LFPG",OK,short_name=sdswrf units=W m**-2 startStep=18 endStep=24
2024-06-18,12,22,dswrf_to_lead_minus2,"EGLC,LFPG",OK,short_name=sdswrf units=W m**-2 startStep=18 endStep=22
2024-06-10,12,24,dswrf_to_lead,"EGLC,LFPG",OK,short_name=sdswrf units=W m**-2 startStep=18 endStep=24
2024-06-10,12,22,dswrf_to_lead_minus2,"EGLC,LFPG",OK,short_name=sdswrf units=W m**-2 startStep=18 endStep=22
2024-06-24,12,24,dswrf_to_lead,"EGLC,LFPG",OK,short_name=sdswrf units=W m**-2 startStep=18 endStep=24
2024-06-24,12,22,dswrf_to_lead_minus2,"EGLC,LFPG",OK,short_name=sdswrf units=W m**-2 startStep=18 endStep=22
2024-05-14,12,24,dswrf_to_lead,"EGLC,LFPG",OK,short_name=sdswrf units=W m**-2 startStep=18 endStep=24
2024-05-14,12,22,dswrf_to_lead_minus2,"EGLC,LFPG",OK,short_name=sdswrf units=W m**-2 startStep=18 endStep=22
2024-05-25,12,24,dswrf_to_lead,"EGLC,LFPG",OK,short_name=sdswrf units=W m**-2 startStep=18 endStep=24
2024-05-25,12,22,dswrf_to_lead_minus2,"EGLC,LFPG",OK,short_name=sdswrf units=W m**-2 startStep=18 endStep=22
2024-05-30,12,24,dswrf_to_lead,"EGLC,LFPG",OK,short_name=sdswrf units=W m**-2 startStep=18 endStep=24
2024-05-30,12,22,dswrf_to_lead_minus2,"EGLC,LFPG",OK,short_name=sdswrf units=W m**-2 startStep=18 endStep=22
2024-05-12,12,24,dswrf_to_lead,"EGLC,LFPG",OK,short_name=sdswrf units=W m**-2 startStep=18 endStep=24
2024-05-12,12,22,dswrf_to_lead_minus2,"EGLC,LFPG",OK,short_name=sdswrf units=W m**-2 startStep=18 endStep=22
2024-06-19,12,24,dswrf_to_lead,"EGLC,LFPG",OK,short_name=sdswrf units=W m**-2 startStep=18 endStep=24
2024-06-19,12,22,dswrf_to_lead_minus2,"EGLC,LFPG",OK,short_name=sdswrf units=W m**-2 startStep=18 endStep=22
2024-06-21,12,24,dswrf_to_lead,"EGLC,LFPG",OK,short_name=sdswrf units=W m**-2 startStep=18 endStep=24
2024-06-21,12,22,dswrf_to_lead_minus2,"EGLC,LFPG",OK,short_name=sdswrf units=W m**-2 startStep=18 endStep=22
2024-06-17,12,24,dswrf_to_lead,"EGLC,LFPG",OK,short_name=sdswrf units=W m**-2 startStep=18 endStep=24
2024-06-17,12,22,dswrf_to_lead_minus2,"EGLC,LFPG",OK,short_name=sdswrf units=W m**-2 startStep=18 endStep=22
2024-05-13,12,24,dswrf_to_lead,"EGLC,LFPG",OK,short_name=sdswrf units=W m**-2 startStep=18 endStep=24
2024-05-13,12,22,dswrf_to_lead_minus2,"EGLC,LFPG",OK,short_name=sdswrf units=W m**-2 startStep=18 endStep=22
2024-06-25,12,24,dswrf_to_lead,"EGLC,LFPG",OK,short_name=sdswrf units=W m**-2 startStep=18 endStep=24
2024-06-25,12,22,dswrf_to_lead_minus2,"EGLC,LFPG",OK,short_name=sdswrf units=W m**-2 startStep=18 endStep=22
2024-05-22,12,24,dswrf_to_lead,"EGLC,LFPG",OK,short_name=sdswrf units=W m**-2 startStep=18 endStep=24
2024-05-22,12,22,dswrf_to_lead_minus2,"EGLC,LFPG",OK,short_name=sdswrf units=W m**-2 startStep=18 endStep=22
2024-06-20,12,24,dswrf_to_lead,"EGLC,LFPG",OK,short_name=sdswrf units=W m**-2 startStep=18 endStep=24
2024-06-20,12,22,dswrf_to_lead_minus2,"EGLC,LFPG",OK,short_name=sdswrf units=W m**-2 startStep=18 endStep=22
2024-05-07,12,24,dswrf_to_lead,"EGLC,LFPG",OK,short_name=sdswrf units=W m**-2 startStep=18 endStep=24
2024-05-07,12,22,dswrf_to_lead_minus2,"EGLC,LFPG",OK,short_name=sdswrf units=W m**-2 startStep=18 endStep=22
2024-06-13,12,24,dswrf_to_lead,"EGLC,LFPG",OK,short_name=sdswrf units=W m**-2 startStep=18 endStep=24
2024-06-13,12,22,dswrf_to_lead_minus2,"EGLC,LFPG",OK,short_name=sdswrf units=W m**-2 startStep=18 endStep=22
2024-06-27,12,24,dswrf_to_lead,"EGLC,LFPG",OK,short_name=sdswrf units=W m**-2 startStep=18 endStep=24
2024-06-27,12,22,dswrf_to_lead_minus2,"EGLC,LFPG",OK,short_name=sdswrf units=W m**-2 startStep=18 endStep=22
2024-06-04,12,24,dswrf_to_lead,"EGLC,LFPG",OK,short_name=sdswrf units=W m**-2 startStep=18 endStep=24
2024-06-04,12,22,dswrf_to_lead_minus2,"EGLC,LFPG",OK,short_name=sdswrf units=W m**-2 startStep=18 endStep=22
2024-06-23,12,24,dswrf_to_lead,"EGLC,LFPG",OK,short_name=sdswrf units=W m**-2 startStep=18 endStep=24
2024-06-23,12,22,dswrf_to_lead_minus2,"EGLC,LFPG",OK,short_name=sdswrf units=W m**-2 startStep=18 endStep=22
2024-05-15,12,24,dswrf_to_lead,"EGLC,LFPG",OK,short_name=sdswrf units=W m**-2 startStep=18 endStep=24
2024-05-15,12,22,dswrf_to_lead_minus2,"EGLC,LFPG",OK,short_name=sdswrf units=W m**-2 startStep=18 endStep=22
2024-06-11,12,24,dswrf_to_lead,"EGLC,LFPG",OK,short_name=sdswrf units=W m**-2 startStep=18 endStep=24
2024-06-11,12,22,dswrf_to_lead_minus2,"EGLC,LFPG",OK,short_name=sdswrf units=W m**-2 startStep=18 endStep=22
2024-06-08,12,24,dswrf_to_lead,"EGLC,LFPG",OK,short_name=sdswrf units=W m**-2 startStep=18 endStep=24
2024-06-08,12,22,dswrf_to_lead_minus2,"EGLC,LFPG",OK,short_name=sdswrf units=W m**-2 startStep=18 endStep=22
2024-06-09,12,24,dswrf_to_lead,"EGLC,LFPG",OK,short_name=sdswrf units=W m**-2 startStep=18 endStep=24
2024-06-09,12,22,dswrf_to_lead_minus2,"EGLC,LFPG",OK,short_name=sdswrf units=W m**-2 startStep=18 endStep=22
2024-06-22,12,24,dswrf_to_lead,"EGLC,LFPG",OK,short_name=sdswrf units=W m**-2 startStep=18 endStep=24
2024-06-22,12,22,dswrf_to_lead_minus2,"EGLC,LFPG",OK,short_name=sdswrf units=W m**-2 startStep=18 endStep=22
2024-07-17,12,24,dswrf_to_lead,"EGLC,LFPG",OK,short_name=sdswrf units=W m**-2 startStep=18 endStep=24
2024-07-17,12,22,dswrf_to_lead_minus2,"EGLC,LFPG",OK,short_name=sdswrf units=W m**-2 startStep=18 endStep=22
2024-05-23,12,24,dswrf_to_lead,"EGLC,LFPG",OK,short_name=sdswrf units=W m**-2 startStep=18 endStep=24
2024-05-23,12,22,dswrf_to_lead_minus2,"EGLC,LFPG",OK,short_name=sdswrf units=W m**-2 startStep=18 endStep=22
2024-06-14,12,24,dswrf_to_lead,"EGLC,LFPG",OK,short_name=sdswrf units=W m**-2 startStep=18 endStep=24
2024-06-14,12,22,dswrf_to_lead_minus2,"EGLC,LFPG",OK,short_name=sdswrf units=W m**-2 startStep=18 endStep=22
2024-06-26,12,24,dswrf_to_lead,"EGLC,LFPG",OK,short_name=sdswrf units=W m**-2 startStep=18 endStep=24
2024-06-26,12,22,dswrf_to_lead_minus2,"EGLC,LFPG",OK,short_name=sdswrf units=W m**-2 startStep=18 endStep=22
2024-05-28,12,24,dswrf_to_lead,"EGLC,LFPG",OK,short_name=sdswrf units=W m**-2 startStep=18 endStep=24
2024-05-28,12,22,dswrf_to_lead_minus2,"EGLC,LFPG",OK,short_name=sdswrf units=W m**-2 startStep=18 endStep=22
2024-05-21,12,24,dswrf_to_lead,"EGLC,LFPG",OK,short_name=sdswrf units=W m**-2 startStep=18 endStep=24
2024-05-21,12,22,dswrf_to_lead_minus2,"EGLC,LFPG",OK,short_name=sdswrf units=W m**-2 startStep=18 endStep=22
2024-07-02,12,24,dswrf_to_lead,"EGLC,LFPG",OK,short_name=sdswrf units=W m**-2 startStep=18 endStep=24
2024-07-02,12,22,dswrf_to_lead_minus2,"EGLC,LFPG",OK,short_name=sdswrf units=W m**-2 startStep=18 endStep=22
2024-07-07,12,24,dswrf_to_lead,"EGLC,LFPG",OK,short_name=sdswrf units=W m**-2 startStep=18 endStep=24
2024-07-07,12,22,dswrf_to_lead_minus2,"EGLC,LFPG",OK,short_name=sdswrf units=W m**-2 startStep=18 endStep=22
2024-07-16,12,24,dswrf_to_lead,"EGLC,LFPG",OK,short_name=sdswrf units=W m**-2 startStep=18 endStep=24
2024-07-16,12,22,dswrf_to_lead_minus2,"EGLC,LFPG",OK,short_name=sdswrf units=W m**-2 startStep=18 endStep=22
2024-07-11,12,24,dswrf_to_lead,"EGLC,LFPG",OK,short_name=sdswrf units=W m**-2 startStep=18 endStep=24
2024-07-11,12,22,dswrf_to_lead_minus2,"EGLC,LFPG",OK,short_name=sdswrf units=W m**-2 startStep=18 endStep=22
2024-07-22,12,24,dswrf_to_lead,"EGLC,LFPG",OK,short_name=sdswrf units=W m**-2 startStep=18 endStep=24
2024-07-22,12,22,dswrf_to_lead_minus2,"EGLC,LFPG",OK,short_name=sdswrf units=W m**-2 startStep=18 endStep=22
2024-05-10,12,24,dswrf_to_lead,"EGLC,LFPG",OK,short_name=sdswrf units=W m**-2 startStep=18 endStep=24
2024-05-10,12,22,dswrf_to_lead_minus2,"EGLC,LFPG",OK,short_name=sdswrf units=W m**-2 startStep=18 endStep=22
2024-05-11,12,24,dswrf_to_lead,"EGLC,LFPG",OK,short_name=sdswrf units=W m**-2 startStep=18 endStep=24
2024-05-11,12,22,dswrf_to_lead_minus2,"EGLC,LFPG",OK,short_name=sdswrf units=W m**-2 startStep=18 endStep=22
2024-06-28,12,24,dswrf_to_lead,"EGLC,LFPG",OK,short_name=sdswrf units=W m**-2 startStep=18 endStep=24
2024-06-28,12,22,dswrf_to_lead_minus2,"EGLC,LFPG",OK,short_name=sdswrf units=W m**-2 startStep=18 endStep=22
2024-07-15,12,24,dswrf_to_lead,"EGLC,LFPG",OK,short_name=sdswrf units=W m**-2 startStep=18 endStep=24
2024-07-15,12,22,dswrf_to_lead_minus2,"EGLC,LFPG",OK,short_name=sdswrf units=W m**-2 startStep=18 endStep=22
2024-07-27,12,24,dswrf_to_lead,"EGLC,LFPG",OK,short_name=sdswrf units=W m**-2 startStep=18 endStep=24
2024-07-27,12,22,dswrf_to_lead_minus2,"EGLC,LFPG",OK,short_name=sdswrf units=W m**-2 startStep=18 endStep=22
2024-07-21,12,24,dswrf_to_lead,"EGLC,LFPG",OK,short_name=sdswrf units=W m**-2 startStep=18 endStep=24
2024-07-21,12,22,dswrf_to_lead_minus2,"EGLC,LFPG",OK,short_name=sdswrf units=W m**-2 startStep=18 endStep=22
2024-06-29,12,24,dswrf_to_lead,"EGLC,LFPG",OK,short_name=sdswrf units=W m**-2 startStep=18 endStep=24
2024-06-29,12,22,dswrf_to_lead_minus2,"EGLC,LFPG",OK,short_name=sdswrf units=W m**-2 startStep=18 endStep=22
2024-07-24,12,24,dswrf_to_lead,"EGLC,LFPG",OK,short_name=sdswrf units=W m**-2 startStep=18 endStep=24
2024-07-24,12,22,dswrf_to_lead_minus2,"EGLC,LFPG",OK,short_name=sdswrf units=W m**-2 startStep=18 endStep=22
2024-07-09,12,24,dswrf_to_lead,"EGLC,LFPG",OK,short_name=sdswrf units=W m**-2 startStep=18 endStep=24
2024-07-09,12,22,dswrf_to_lead_minus2,"EGLC,LFPG",OK,short_name=sdswrf units=W m**-2 startStep=18 endStep=22
2024-07-01,12,24,dswrf_to_lead,"EGLC,LFPG",OK,short_name=sdswrf units=W m**-2 startStep=18 endStep=24
2024-07-01,12,22,dswrf_to_lead_minus2,"EGLC,LFPG",OK,short_name=sdswrf units=W m**-2 startStep=18 endStep=22
2024-07-19,12,24,dswrf_to_lead,"EGLC,LFPG",OK,short_name=sdswrf units=W m**-2 startStep=18 endStep=24
2024-07-19,12,22,dswrf_to_lead_minus2,"EGLC,LFPG",OK,short_name=sdswrf units=W m**-2 startStep=18 endStep=22
2024-07-18,12,24,dswrf_to_lead,"EGLC,LFPG",OK,short_name=sdswrf units=W m**-2 startStep=18 endStep=24
2024-07-18,12,22,dswrf_to_lead_minus2,"EGLC,LFPG",OK,short_name=sdswrf units=W m**-2 startStep=18 endStep=22
2024-07-12,12,24,dswrf_to_lead,"EGLC,LFPG",OK,short_name=sdswrf units=W m**-2 startStep=18 endStep=24
2024-07-12,12,22,dswrf_to_lead_minus2,"EGLC,LFPG",OK,short_name=sdswrf units=W m**-2 startStep=18 endStep=22
2024-06-30,12,24,dswrf_to_lead,"EGLC,LFPG",OK,short_name=sdswrf units=W m**-2 startStep=18 endStep=24
2024-06-30,12,22,dswrf_to_lead_minus2,"EGLC,LFPG",OK,short_name=sdswrf units=W m**-2 startStep=18 endStep=22
2024-07-25,12,24,dswrf_to_lead,"EGLC,LFPG",OK,short_name=sdswrf units=W m**-2 startStep=18 endStep=24
2024-07-25,12,22,dswrf_to_lead_minus2,"EGLC,LFPG",OK,short_name=sdswrf units=W m**-2 startStep=18 endStep=22
2025-07-31,12,24,dswrf_to_lead,"EGLC,LFPG",OK,short_name=sdswrf units=W m**-2 startStep=18 endStep=24
2025-07-31,12,22,dswrf_to_lead_minus2,"EGLC,LFPG",OK,short_name=sdswrf units=W m**-2 startStep=18 endStep=22
2024-07-06,12,24,dswrf_to_lead,"EGLC,LFPG",OK,short_name=sdswrf units=W m**-2 startStep=18 endStep=24
2024-07-06,12,22,dswrf_to_lead_minus2,"EGLC,LFPG",OK,short_name=sdswrf units=W m**-2 startStep=18 endStep=22
2024-07-10,12,24,dswrf_to_lead,"EGLC,LFPG",OK,short_name=sdswrf units=W m**-2 startStep=18 endStep=24
2024-07-10,12,22,dswrf_to_lead_minus2,"EGLC,LFPG",OK,short_name=sdswrf units=W m**-2 startStep=18 endStep=22
2025-08-08,12,24,dswrf_to_lead,"EGLC,LFPG",OK,short_name=sdswrf units=W m**-2 startStep=18 endStep=24
2025-08-08,12,22,dswrf_to_lead_minus2,"EGLC,LFPG",OK,short_name=sdswrf units=W m**-2 startStep=18 endStep=22
2025-08-01,12,24,dswrf_to_lead,"EGLC,LFPG",OK,short_name=sdswrf units=W m**-2 startStep=18 endStep=24
2025-08-01,12,22,dswrf_to_lead_minus2,"EGLC,LFPG",OK,short_name=sdswrf units=W m**-2 startStep=18 endStep=22
2024-07-05,12,24,dswrf_to_lead,"EGLC,LFPG",OK,short_name=sdswrf units=W m**-2 startStep=18 endStep=24
2024-07-05,12,22,dswrf_to_lead_minus2,"EGLC,LFPG",OK,short_name=sdswrf units=W m**-2 startStep=18 endStep=22
2024-06-02,12,24,dswrf_to_lead,"EGLC,LFPG",OK,short_name=sdswrf units=W m**-2 startStep=18 endStep=24
2024-06-02,12,22,dswrf_to_lead_minus2,"EGLC,LFPG",OK,short_name=sdswrf units=W m**-2 startStep=18 endStep=22
2024-06-16,12,24,dswrf_to_lead,"EGLC,LFPG",OK,short_name=sdswrf units=W m**-2 startStep=18 endStep=24
2024-06-16,12,22,dswrf_to_lead_minus2,"EGLC,LFPG",OK,short_name=sdswrf units=W m**-2 startStep=18 endStep=22
2024-07-03,12,24,dswrf_to_lead,"EGLC,LFPG",OK,short_name=sdswrf units=W m**-2 startStep=18 endStep=24
2024-07-03,12,22,dswrf_to_lead_minus2,"EGLC,LFPG",OK,short_name=sdswrf units=W m**-2 startStep=18 endStep=22
2025-08-22,12,24,dswrf_to_lead,"EGLC,LFPG",OK,short_name=sdswrf units=W m**-2 startStep=18 endStep=24
2025-08-22,12,22,dswrf_to_lead_minus2,"EGLC,LFPG",OK,short_name=sdswrf units=W m**-2 startStep=18 endStep=22
2025-08-17,12,24,dswrf_to_lead,"EGLC,LFPG",OK,short_name=sdswrf units=W m**-2 startStep=18 endStep=24
2025-08-17,12,22,dswrf_to_lead_minus2,"EGLC,LFPG",OK,short_name=sdswrf units=W m**-2 startStep=18 endStep=22
2024-07-13,12,24,dswrf_to_lead,"EGLC,LFPG",OK,short_name=sdswrf units=W m**-2 startStep=18 endStep=24
2024-07-13,12,22,dswrf_to_lead_minus2,"EGLC,LFPG",OK,short_name=sdswrf units=W m**-2 startStep=18 endStep=22
2024-07-30,12,24,dswrf_to_lead,"EGLC,LFPG",OK,short_name=sdswrf units=W m**-2 startStep=18 endStep=24
2024-07-30,12,22,dswrf_to_lead_minus2,"EGLC,LFPG",OK,short_name=sdswrf units=W m**-2 startStep=18 endStep=22
2024-07-23,12,24,dswrf_to_lead,"EGLC,LFPG",OK,short_name=sdswrf units=W m**-2 startStep=18 endStep=24
2024-07-23,12,22,dswrf_to_lead_minus2,"EGLC,LFPG",OK,short_name=sdswrf units=W m**-2 startStep=18 endStep=22
2024-07-08,12,24,dswrf_to_lead,"EGLC,LFPG",OK,short_name=sdswrf units=W m**-2 startStep=18 endStep=24
2024-07-08,12,22,dswrf_to_lead_minus2,"EGLC,LFPG",OK,short_name=sdswrf units=W m**-2 startStep=18 endStep=22
2025-08-30,12,24,dswrf_to_lead,"EGLC,LFPG",OK,short_name=sdswrf units=W m**-2 startStep=18 endStep=24
2025-08-30,12,22,dswrf_to_lead_minus2,"EGLC,LFPG",OK,short_name=sdswrf units=W m**-2 startStep=18 endStep=22
2025-08-23,12,24,dswrf_to_lead,"EGLC,LFPG",OK,short_name=sdswrf units=W m**-2 startStep=18 endStep=24
2025-08-23,12,22,dswrf_to_lead_minus2,"EGLC,LFPG",OK,short_name=sdswrf units=W m**-2 startStep=18 endStep=22
2025-08-26,12,24,dswrf_to_lead,"EGLC,LFPG",OK,short_name=sdswrf units=W m**-2 startStep=18 endStep=24
2025-08-26,12,22,dswrf_to_lead_minus2,"EGLC,LFPG",OK,short_name=sdswrf units=W m**-2 startStep=18 endStep=22
2025-08-07,12,24,dswrf_to_lead,"EGLC,LFPG",OK,short_name=sdswrf units=W m**-2 startStep=18 endStep=24
2025-08-07,12,22,dswrf_to_lead_minus2,"EGLC,LFPG",OK,short_name=sdswrf units=W m**-2 startStep=18 endStep=22
2025-09-03,12,24,dswrf_to_lead,"EGLC,LFPG",OK,short_name=sdswrf units=W m**-2 startStep=18 endStep=24
2025-09-03,12,22,dswrf_to_lead_minus2,"EGLC,LFPG",OK,short_name=sdswrf units=W m**-2 startStep=18 endStep=22
2025-08-14,12,24,dswrf_to_lead,"EGLC,LFPG",OK,short_name=sdswrf units=W m**-2 startStep=18 endStep=24
2025-08-14,12,22,dswrf_to_lead_minus2,"EGLC,LFPG",OK,short_name=sdswrf units=W m**-2 startStep=18 endStep=22
2024-07-14,12,24,dswrf_to_lead,"EGLC,LFPG",OK,short_name=sdswrf units=W m**-2 startStep=18 endStep=24
2024-07-14,12,22,dswrf_to_lead_minus2,"EGLC,LFPG",OK,short_name=sdswrf units=W m**-2 startStep=18 endStep=22
2025-08-18,12,24,dswrf_to_lead,"EGLC,LFPG",OK,short_name=sdswrf units=W m**-2 startStep=18 endStep=24
2025-08-18,12,22,dswrf_to_lead_minus2,"EGLC,LFPG",OK,short_name=sdswrf units=W m**-2 startStep=18 endStep=22
2025-08-02,12,24,dswrf_to_lead,"EGLC,LFPG",OK,short_name=sdswrf units=W m**-2 startStep=18 endStep=24
2025-08-02,12,22,dswrf_to_lead_minus2,"EGLC,LFPG",OK,short_name=sdswrf units=W m**-2 startStep=18 endStep=22
2024-07-04,12,24,dswrf_to_lead,"EGLC,LFPG",OK,short_name=sdswrf units=W m**-2 startStep=18 endStep=24
2024-07-04,12,22,dswrf_to_lead_minus2,"EGLC,LFPG",OK,short_name=sdswrf units=W m**-2 startStep=18 endStep=22
2025-08-09,12,24,dswrf_to_lead,"EGLC,LFPG",OK,short_name=sdswrf units=W m**-2 startStep=18 endStep=24
2025-08-09,12,22,dswrf_to_lead_minus2,"EGLC,LFPG",OK,short_name=sdswrf units=W m**-2 startStep=18 endStep=22
2025-08-28,12,24,dswrf_to_lead,"EGLC,LFPG",OK,short_name=sdswrf units=W m**-2 startStep=18 endStep=24
2025-08-28,12,22,dswrf_to_lead_minus2,"EGLC,LFPG",OK,short_name=sdswrf units=W m**-2 startStep=18 endStep=22
2024-07-28,12,24,dswrf_to_lead,"EGLC,LFPG",OK,short_name=sdswrf units=W m**-2 startStep=18 endStep=24
2024-07-28,12,22,dswrf_to_lead_minus2,"EGLC,LFPG",OK,short_name=sdswrf units=W m**-2 startStep=18 endStep=22
2025-09-01,12,24,dswrf_to_lead,"EGLC,LFPG",OK,short_name=sdswrf units=W m**-2 startStep=18 endStep=24
2025-09-01,12,22,dswrf_to_lead_minus2,"EGLC,LFPG",OK,short_name=sdswrf units=W m**-2 startStep=18 endStep=22
2025-08-04,12,24,dswrf_to_lead,"EGLC,LFPG",OK,short_name=sdswrf units=W m**-2 startStep=18 endStep=24
2025-08-04,12,22,dswrf_to_lead_minus2,"EGLC,LFPG",OK,short_name=sdswrf units=W m**-2 startStep=18 endStep=22
2025-08-12,12,24,dswrf_to_lead,"EGLC,LFPG",OK,short_name=sdswrf units=W m**-2 startStep=18 endStep=24
2025-08-12,12,22,dswrf_to_lead_minus2,"EGLC,LFPG",OK,short_name=sdswrf units=W m**-2 startStep=18 endStep=22
2025-08-31,12,24,dswrf_to_lead,"EGLC,LFPG",OK,short_name=sdswrf units=W m**-2 startStep=18 endStep=24
2025-08-31,12,22,dswrf_to_lead_minus2,"EGLC,LFPG",OK,short_name=sdswrf units=W m**-2 startStep=18 endStep=22
2024-07-20,12,24,dswrf_to_lead,"EGLC,LFPG",OK,short_name=sdswrf units=W m**-2 startStep=18 endStep=24
2024-07-20,12,22,dswrf_to_lead_minus2,"EGLC,LFPG",OK,short_name=sdswrf units=W m**-2 startStep=18 endStep=22
2025-08-13,12,24,dswrf_to_lead,"EGLC,LFPG",OK,short_name=sdswrf units=W m**-2 startStep=18 endStep=24
2025-08-13,12,22,dswrf_to_lead_minus2,"EGLC,LFPG",OK,short_name=sdswrf units=W m**-2 startStep=18 endStep=22
2025-08-10,12,24,dswrf_to_lead,"EGLC,LFPG",OK,short_name=sdswrf units=W m**-2 startStep=18 endStep=24
2025-08-10,12,22,dswrf_to_lead_minus2,"EGLC,LFPG",OK,short_name=sdswrf units=W m**-2 startStep=18 endStep=22
2025-08-27,12,24,dswrf_to_lead,"EGLC,LFPG",OK,short_name=sdswrf units=W m**-2 startStep=18 endStep=24
2025-08-27,12,22,dswrf_to_lead_minus2,"EGLC,LFPG",OK,short_name=sdswrf units=W m**-2 startStep=18 endStep=22
2025-08-25,12,24,dswrf_to_lead,"EGLC,LFPG",OK,short_name=sdswrf units=W m**-2 startStep=18 endStep=24
2025-08-25,12,22,dswrf_to_lead_minus2,"EGLC,LFPG",OK,short_name=sdswrf units=W m**-2 startStep=18 endStep=22
2025-09-14,12,24,dswrf_to_lead,"EGLC,LFPG",OK,short_name=sdswrf units=W m**-2 startStep=18 endStep=24
2025-09-14,12,22,dswrf_to_lead_minus2,"EGLC,LFPG",OK,short_name=sdswrf units=W m**-2 startStep=18 endStep=22
2025-08-05,12,24,dswrf_to_lead,"EGLC,LFPG",OK,short_name=sdswrf units=W m**-2 startStep=18 endStep=24
2025-08-05,12,22,dswrf_to_lead_minus2,"EGLC,LFPG",OK,short_name=sdswrf units=W m**-2 startStep=18 endStep=22
2025-08-19,12,24,dswrf_to_lead,"EGLC,LFPG",OK,short_name=sdswrf units=W m**-2 startStep=18 endStep=24
2025-08-19,12,22,dswrf_to_lead_minus2,"EGLC,LFPG",OK,short_name=sdswrf units=W m**-2 startStep=18 endStep=22
2025-08-15,12,24,dswrf_to_lead,"EGLC,LFPG",OK,short_name=sdswrf units=W m**-2 startStep=18 endStep=24
2025-08-15,12,22,dswrf_to_lead_minus2,"EGLC,LFPG",OK,short_name=sdswrf units=W m**-2 startStep=18 endStep=22
2025-08-03,12,24,dswrf_to_lead,"EGLC,LFPG",OK,short_name=sdswrf units=W m**-2 startStep=18 endStep=24
2025-08-03,12,22,dswrf_to_lead_minus2,"EGLC,LFPG",OK,short_name=sdswrf units=W m**-2 startStep=18 endStep=22
2025-09-04,12,24,dswrf_to_lead,"EGLC,LFPG",OK,short_name=sdswrf units=W m**-2 startStep=18 endStep=24
2025-09-04,12,22,dswrf_to_lead_minus2,"EGLC,LFPG",OK,short_name=sdswrf units=W m**-2 startStep=18 endStep=22
2024-07-26,12,24,dswrf_to_lead,"EGLC,LFPG",OK,short_name=sdswrf units=W m**-2 startStep=18 endStep=24
2024-07-26,12,22,dswrf_to_lead_minus2,"EGLC,LFPG",OK,short_name=sdswrf units=W m**-2 startStep=18 endStep=22
2025-08-11,12,24,dswrf_to_lead,"EGLC,LFPG",OK,short_name=sdswrf units=W m**-2 startStep=18 endStep=24
2025-08-11,12,22,dswrf_to_lead_minus2,"EGLC,LFPG",OK,short_name=sdswrf units=W m**-2 startStep=18 endStep=22
2025-09-10,12,24,dswrf_to_lead,"EGLC,LFPG",OK,short_name=sdswrf units=W m**-2 startStep=18 endStep=24
2025-09-10,12,22,dswrf_to_lead_minus2,"EGLC,LFPG",OK,short_name=sdswrf units=W m**-2 startStep=18 endStep=22
2025-09-13,12,24,dswrf_to_lead,"EGLC,LFPG",OK,short_name=sdswrf units=W m**-2 startStep=18 endStep=24
2025-09-13,12,22,dswrf_to_lead_minus2,"EGLC,LFPG",OK,short_name=sdswrf units=W m**-2 startStep=18 endStep=22
2025-09-17,12,24,dswrf_to_lead,"EGLC,LFPG",OK,short_name=sdswrf units=W m**-2 startStep=18 endStep=24
2025-09-17,12,22,dswrf_to_lead_minus2,"EGLC,LFPG",OK,short_name=sdswrf units=W m**-2 startStep=18 endStep=22
2025-09-15,12,24,dswrf_to_lead,"EGLC,LFPG",OK,short_name=sdswrf units=W m**-2 startStep=18 endStep=24
2025-09-15,12,22,dswrf_to_lead_minus2,"EGLC,LFPG",OK,short_name=sdswrf units=W m**-2 startStep=18 endStep=22
2025-09-23,12,24,dswrf_to_lead,"EGLC,LFPG",OK,short_name=sdswrf units=W m**-2 startStep=18 endStep=24
2025-09-23,12,22,dswrf_to_lead_minus2,"EGLC,LFPG",OK,short_name=sdswrf units=W m**-2 startStep=18 endStep=22
2024-07-29,12,24,dswrf_to_lead,"EGLC,LFPG",OK,short_name=sdswrf units=W m**-2 startStep=18 endStep=24
2024-07-29,12,22,dswrf_to_lead_minus2,"EGLC,LFPG",OK,short_name=sdswrf units=W m**-2 startStep=18 endStep=22
2025-08-16,12,24,dswrf_to_lead,"EGLC,LFPG",OK,short_name=sdswrf units=W m**-2 startStep=18 endStep=24
2025-08-16,12,22,dswrf_to_lead_minus2,"EGLC,LFPG",OK,short_name=sdswrf units=W m**-2 startStep=18 endStep=22
2025-09-25,12,24,dswrf_to_lead,"EGLC,LFPG",OK,short_name=sdswrf units=W m**-2 startStep=18 endStep=24
2025-09-25,12,22,dswrf_to_lead_minus2,"EGLC,LFPG",OK,short_name=sdswrf units=W m**-2 startStep=18 endStep=22
2025-08-06,12,24,dswrf_to_lead,"EGLC,LFPG",OK,short_name=sdswrf units=W m**-2 startStep=18 endStep=24
2025-08-06,12,22,dswrf_to_lead_minus2,"EGLC,LFPG",OK,short_name=sdswrf units=W m**-2 startStep=18 endStep=22
2025-09-12,12,24,dswrf_to_lead,"EGLC,LFPG",OK,short_name=sdswrf units=W m**-2 startStep=18 endStep=24
2025-09-12,12,22,dswrf_to_lead_minus2,"EGLC,LFPG",OK,short_name=sdswrf units=W m**-2 startStep=18 endStep=22
2025-08-20,12,24,dswrf_to_lead,"EGLC,LFPG",OK,short_name=sdswrf units=W m**-2 startStep=18 endStep=24
2025-08-20,12,22,dswrf_to_lead_minus2,"EGLC,LFPG",OK,short_name=sdswrf units=W m**-2 startStep=18 endStep=22
2025-09-29,12,24,dswrf_to_lead,"EGLC,LFPG",OK,short_name=sdswrf units=W m**-2 startStep=18 endStep=24
2025-09-29,12,22,dswrf_to_lead_minus2,"EGLC,LFPG",OK,short_name=sdswrf units=W m**-2 startStep=18 endStep=22
2025-08-24,12,24,dswrf_to_lead,"EGLC,LFPG",OK,short_name=sdswrf units=W m**-2 startStep=18 endStep=24
2025-08-24,12,22,dswrf_to_lead_minus2,"EGLC,LFPG",OK,short_name=sdswrf units=W m**-2 startStep=18 endStep=22
2025-09-21,12,24,dswrf_to_lead,"EGLC,LFPG",OK,short_name=sdswrf units=W m**-2 startStep=18 endStep=24
2025-09-21,12,22,dswrf_to_lead_minus2,"EGLC,LFPG",OK,short_name=sdswrf units=W m**-2 startStep=18 endStep=22
2025-09-09,12,24,dswrf_to_lead,"EGLC,LFPG",OK,short_name=sdswrf units=W m**-2 startStep=18 endStep=24
2025-09-09,12,22,dswrf_to_lead_minus2,"EGLC,LFPG",OK,short_name=sdswrf units=W m**-2 startStep=18 endStep=22
2025-09-02,12,24,dswrf_to_lead,"EGLC,LFPG",OK,short_name=sdswrf units=W m**-2 startStep=18 endStep=24
2025-09-02,12,22,dswrf_to_lead_minus2,"EGLC,LFPG",OK,short_name=sdswrf units=W m**-2 startStep=18 endStep=22
2025-10-05,12,24,dswrf_to_lead,"EGLC,LFPG",OK,short_name=sdswrf units=W m**-2 startStep=18 endStep=24
2025-10-05,12,22,dswrf_to_lead_minus2,"EGLC,LFPG",OK,short_name=sdswrf units=W m**-2 startStep=18 endStep=22
2025-09-11,12,24,dswrf_to_lead,"EGLC,LFPG",OK,short_name=sdswrf units=W m**-2 startStep=18 endStep=24
2025-09-11,12,22,dswrf_to_lead_minus2,"EGLC,LFPG",OK,short_name=sdswrf units=W m**-2 startStep=18 endStep=22
2025-10-01,12,24,dswrf_to_lead,"EGLC,LFPG",OK,short_name=sdswrf units=W m**-2 startStep=18 endStep=24
2025-10-01,12,22,dswrf_to_lead_minus2,"EGLC,LFPG",OK,short_name=sdswrf units=W m**-2 startStep=18 endStep=22
2025-09-07,12,24,dswrf_to_lead,"EGLC,LFPG",OK,short_name=sdswrf units=W m**-2 startStep=18 endStep=24
2025-09-07,12,22,dswrf_to_lead_minus2,"EGLC,LFPG",OK,short_name=sdswrf units=W m**-2 startStep=18 endStep=22
2025-09-19,12,24,dswrf_to_lead,"EGLC,LFPG",OK,short_name=sdswrf units=W m**-2 startStep=18 endStep=24
2025-09-19,12,22,dswrf_to_lead_minus2,"EGLC,LFPG",OK,short_name=sdswrf units=W m**-2 startStep=18 endStep=22
2025-09-28,12,24,dswrf_to_lead,"EGLC,LFPG",OK,short_name=sdswrf units=W m**-2 startStep=18 endStep=24
2025-09-28,12,22,dswrf_to_lead_minus2,"EGLC,LFPG",OK,short_name=sdswrf units=W m**-2 startStep=18 endStep=22
2025-09-20,12,24,dswrf_to_lead,"EGLC,LFPG",OK,short_name=sdswrf units=W m**-2 startStep=18 endStep=24
2025-09-20,12,22,dswrf_to_lead_minus2,"EGLC,LFPG",OK,short_name=sdswrf units=W m**-2 startStep=18 endStep=22
2025-08-21,12,24,dswrf_to_lead,"EGLC,LFPG",OK,short_name=sdswrf units=W m**-2 startStep=18 endStep=24
2025-08-21,12,22,dswrf_to_lead_minus2,"EGLC,LFPG",OK,short_name=sdswrf units=W m**-2 startStep=18 endStep=22
2025-08-29,12,24,dswrf_to_lead,"EGLC,LFPG",OK,short_name=sdswrf units=W m**-2 startStep=18 endStep=24
2025-08-29,12,22,dswrf_to_lead_minus2,"EGLC,LFPG",OK,short_name=sdswrf units=W m**-2 startStep=18 endStep=22
2025-10-09,12,24,dswrf_to_lead,"EGLC,LFPG",OK,short_name=sdswrf units=W m**-2 startStep=18 endStep=24
2025-10-09,12,22,dswrf_to_lead_minus2,"EGLC,LFPG",OK,short_name=sdswrf units=W m**-2 startStep=18 endStep=22
2025-10-12,12,24,dswrf_to_lead,"EGLC,LFPG",OK,short_name=sdswrf units=W m**-2 startStep=18 endStep=24
2025-10-12,12,22,dswrf_to_lead_minus2,"EGLC,LFPG",OK,short_name=sdswrf units=W m**-2 startStep=18 endStep=22
2025-09-08,12,24,dswrf_to_lead,"EGLC,LFPG",OK,short_name=sdswrf units=W m**-2 startStep=18 endStep=24
2025-09-08,12,22,dswrf_to_lead_minus2,"EGLC,LFPG",OK,short_name=sdswrf units=W m**-2 startStep=18 endStep=22
2025-09-26,12,24,dswrf_to_lead,"EGLC,LFPG",OK,short_name=sdswrf units=W m**-2 startStep=18 endStep=24
2025-09-26,12,22,dswrf_to_lead_minus2,"EGLC,LFPG",OK,short_name=sdswrf units=W m**-2 startStep=18 endStep=22
2025-09-05,12,24,dswrf_to_lead,"EGLC,LFPG",OK,short_name=sdswrf units=W m**-2 startStep=18 endStep=24
2025-09-05,12,22,dswrf_to_lead_minus2,"EGLC,LFPG",OK,short_name=sdswrf units=W m**-2 startStep=18 endStep=22
2025-10-07,12,24,dswrf_to_lead,"EGLC,LFPG",OK,short_name=sdswrf units=W m**-2 startStep=18 endStep=24
2025-10-07,12,22,dswrf_to_lead_minus2,"EGLC,LFPG",OK,short_name=sdswrf units=W m**-2 startStep=18 endStep=22
2025-09-30,12,24,dswrf_to_lead,"EGLC,LFPG",OK,short_name=sdswrf units=W m**-2 startStep=18 endStep=24
2025-09-30,12,22,dswrf_to_lead_minus2,"EGLC,LFPG",OK,short_name=sdswrf units=W m**-2 startStep=18 endStep=22
2025-10-06,12,24,dswrf_to_lead,"EGLC,LFPG",OK,short_name=sdswrf units=W m**-2 startStep=18 endStep=24
2025-10-06,12,22,dswrf_to_lead_minus2,"EGLC,LFPG",OK,short_name=sdswrf units=W m**-2 startStep=18 endStep=22
2025-09-16,12,24,dswrf_to_lead,"EGLC,LFPG",OK,short_name=sdswrf units=W m**-2 startStep=18 endStep=24
2025-09-16,12,22,dswrf_to_lead_minus2,"EGLC,LFPG",OK,short_name=sdswrf units=W m**-2 startStep=18 endStep=22
2025-09-22,12,24,dswrf_to_lead,"EGLC,LFPG",OK,short_name=sdswrf units=W m**-2 startStep=18 endStep=24
2025-09-22,12,22,dswrf_to_lead_minus2,"EGLC,LFPG",OK,short_name=sdswrf units=W m**-2 startStep=18 endStep=22
2025-10-14,12,24,dswrf_to_lead,"EGLC,LFPG",OK,short_name=sdswrf units=W m**-2 startStep=18 endStep=24
2025-10-14,12,22,dswrf_to_lead_minus2,"EGLC,LFPG",OK,short_name=sdswrf units=W m**-2 startStep=18 endStep=22
2025-10-18,12,24,dswrf_to_lead,"EGLC,LFPG",OK,short_name=sdswrf units=W m**-2 startStep=18 endStep=24
2025-10-18,12,22,dswrf_to_lead_minus2,"EGLC,LFPG",OK,short_name=sdswrf units=W m**-2 startStep=18 endStep=22
2025-11-04,12,24,dswrf_to_lead,"EGLC,LFPG",OK,short_name=sdswrf units=W m**-2 startStep=18 endStep=24
2025-11-04,12,22,dswrf_to_lead_minus2,"EGLC,LFPG",OK,short_name=sdswrf units=W m**-2 startStep=18 endStep=22
2025-10-25,12,24,dswrf_to_lead,"EGLC,LFPG",OK,short_name=sdswrf units=W m**-2 startStep=18 endStep=24
2025-10-25,12,22,dswrf_to_lead_minus2,"EGLC,LFPG",OK,short_name=sdswrf units=W m**-2 startStep=18 endStep=22
2025-10-16,12,24,dswrf_to_lead,"EGLC,LFPG",OK,short_name=sdswrf units=W m**-2 startStep=18 endStep=24
2025-10-16,12,22,dswrf_to_lead_minus2,"EGLC,LFPG",OK,short_name=sdswrf units=W m**-2 startStep=18 endStep=22
2025-09-24,12,24,dswrf_to_lead,"EGLC,LFPG",OK,short_name=sdswrf units=W m**-2 startStep=18 endStep=24
2025-09-24,12,22,dswrf_to_lead_minus2,"EGLC,LFPG",OK,short_name=sdswrf units=W m**-2 startStep=18 endStep=22
2025-10-04,12,24,dswrf_to_lead,"EGLC,LFPG",OK,short_name=sdswrf units=W m**-2 startStep=18 endStep=24
2025-10-04,12,22,dswrf_to_lead_minus2,"EGLC,LFPG",OK,short_name=sdswrf units=W m**-2 startStep=18 endStep=22
2025-10-30,12,24,dswrf_to_lead,"EGLC,LFPG",OK,short_name=sdswrf units=W m**-2 startStep=18 endStep=24
2025-10-30,12,22,dswrf_to_lead_minus2,"EGLC,LFPG",OK,short_name=sdswrf units=W m**-2 startStep=18 endStep=22
2025-11-07,12,24,dswrf_to_lead,"EGLC,LFPG",OK,short_name=sdswrf units=W m**-2 startStep=18 endStep=24
2025-11-07,12,22,dswrf_to_lead_minus2,"EGLC,LFPG",OK,short_name=sdswrf units=W m**-2 startStep=18 endStep=22
2025-10-27,12,24,dswrf_to_lead,"EGLC,LFPG",OK,short_name=sdswrf units=W m**-2 startStep=18 endStep=24
2025-10-27,12,22,dswrf_to_lead_minus2,"EGLC,LFPG",OK,short_name=sdswrf units=W m**-2 startStep=18 endStep=22
2025-09-27,12,24,dswrf_to_lead,"EGLC,LFPG",OK,short_name=sdswrf units=W m**-2 startStep=18 endStep=24
2025-09-27,12,22,dswrf_to_lead_minus2,"EGLC,LFPG",OK,short_name=sdswrf units=W m**-2 startStep=18 endStep=22
2025-10-28,12,24,dswrf_to_lead,"EGLC,LFPG",OK,short_name=sdswrf units=W m**-2 startStep=18 endStep=24
2025-10-28,12,22,dswrf_to_lead_minus2,"EGLC,LFPG",OK,short_name=sdswrf units=W m**-2 startStep=18 endStep=22
2025-09-18,12,24,dswrf_to_lead,"EGLC,LFPG",OK,short_name=sdswrf units=W m**-2 startStep=18 endStep=24
2025-09-18,12,22,dswrf_to_lead_minus2,"EGLC,LFPG",OK,short_name=sdswrf units=W m**-2 startStep=18 endStep=22
2025-09-06,12,24,dswrf_to_lead,"EGLC,LFPG",OK,short_name=sdswrf units=W m**-2 startStep=18 endStep=24
2025-09-06,12,22,dswrf_to_lead_minus2,"EGLC,LFPG",OK,short_name=sdswrf units=W m**-2 startStep=18 endStep=22
2025-10-19,12,24,dswrf_to_lead,"EGLC,LFPG",OK,short_name=sdswrf units=W m**-2 startStep=18 endStep=24
2025-10-19,12,22,dswrf_to_lead_minus2,"EGLC,LFPG",OK,short_name=sdswrf units=W m**-2 startStep=18 endStep=22
2025-10-24,12,24,dswrf_to_lead,"EGLC,LFPG",OK,short_name=sdswrf units=W m**-2 startStep=18 endStep=24
2025-10-24,12,22,dswrf_to_lead_minus2,"EGLC,LFPG",OK,short_name=sdswrf units=W m**-2 startStep=18 endStep=22
2025-10-22,12,24,dswrf_to_lead,"EGLC,LFPG",OK,short_name=sdswrf units=W m**-2 startStep=18 endStep=24
2025-10-22,12,22,dswrf_to_lead_minus2,"EGLC,LFPG",OK,short_name=sdswrf units=W m**-2 startStep=18 endStep=22
2025-11-22,12,24,dswrf_to_lead,"EGLC,LFPG",OK,short_name=sdswrf units=W m**-2 startStep=18 endStep=24
2025-11-22,12,22,dswrf_to_lead_minus2,"EGLC,LFPG",OK,short_name=sdswrf units=W m**-2 startStep=18 endStep=22
2025-10-08,12,24,dswrf_to_lead,"EGLC,LFPG",OK,short_name=sdswrf units=W m**-2 startStep=18 endStep=24
2025-10-08,12,22,dswrf_to_lead_minus2,"EGLC,LFPG",OK,short_name=sdswrf units=W m**-2 startStep=18 endStep=22
2025-10-17,12,24,dswrf_to_lead,"EGLC,LFPG",OK,short_name=sdswrf units=W m**-2 startStep=18 endStep=24
2025-10-17,12,22,dswrf_to_lead_minus2,"EGLC,LFPG",OK,short_name=sdswrf units=W m**-2 startStep=18 endStep=22
2025-10-11,12,24,dswrf_to_lead,"EGLC,LFPG",OK,short_name=sdswrf units=W m**-2 startStep=18 endStep=24
2025-10-11,12,22,dswrf_to_lead_minus2,"EGLC,LFPG",OK,short_name=sdswrf units=W m**-2 startStep=18 endStep=22
2025-10-29,12,24,dswrf_to_lead,"EGLC,LFPG",OK,short_name=sdswrf units=W m**-2 startStep=18 endStep=24
2025-10-29,12,22,dswrf_to_lead_minus2,"EGLC,LFPG",OK,short_name=sdswrf units=W m**-2 startStep=18 endStep=22
2025-11-28,12,24,dswrf_to_lead,"EGLC,LFPG",OK,short_name=sdswrf units=W m**-2 startStep=18 endStep=24
2025-11-28,12,22,dswrf_to_lead_minus2,"EGLC,LFPG",OK,short_name=sdswrf units=W m**-2 startStep=18 endStep=22
2025-11-21,12,24,dswrf_to_lead,"EGLC,LFPG",OK,short_name=sdswrf units=W m**-2 startStep=18 endStep=24
2025-11-21,12,22,dswrf_to_lead_minus2,"EGLC,LFPG",OK,short_name=sdswrf units=W m**-2 startStep=18 endStep=22
2025-11-06,12,24,dswrf_to_lead,"EGLC,LFPG",OK,short_name=sdswrf units=W m**-2 startStep=18 endStep=24
2025-11-06,12,22,dswrf_to_lead_minus2,"EGLC,LFPG",OK,short_name=sdswrf units=W m**-2 startStep=18 endStep=22
2025-11-23,12,24,dswrf_to_lead,"EGLC,LFPG",OK,short_name=sdswrf units=W m**-2 startStep=18 endStep=24
2025-11-23,12,22,dswrf_to_lead_minus2,"EGLC,LFPG",OK,short_name=sdswrf units=W m**-2 startStep=18 endStep=22
2025-11-09,12,24,dswrf_to_lead,"EGLC,LFPG",OK,short_name=sdswrf units=W m**-2 startStep=18 endStep=24
2025-11-09,12,22,dswrf_to_lead_minus2,"EGLC,LFPG",OK,short_name=sdswrf units=W m**-2 startStep=18 endStep=22
2025-11-01,12,24,dswrf_to_lead,"EGLC,LFPG",OK,short_name=sdswrf units=W m**-2 startStep=18 endStep=24
2025-11-01,12,22,dswrf_to_lead_minus2,"EGLC,LFPG",OK,short_name=sdswrf units=W m**-2 startStep=18 endStep=22
2025-11-02,12,24,dswrf_to_lead,"EGLC,LFPG",OK,short_name=sdswrf units=W m**-2 startStep=18 endStep=24
2025-11-02,12,22,dswrf_to_lead_minus2,"EGLC,LFPG",OK,short_name=sdswrf units=W m**-2 startStep=18 endStep=22
2025-10-10,12,24,dswrf_to_lead,"EGLC,LFPG",OK,short_name=sdswrf units=W m**-2 startStep=18 endStep=24
2025-10-10,12,22,dswrf_to_lead_minus2,"EGLC,LFPG",OK,short_name=sdswrf units=W m**-2 startStep=18 endStep=22
2025-10-31,12,24,dswrf_to_lead,"EGLC,LFPG",OK,short_name=sdswrf units=W m**-2 startStep=18 endStep=24
2025-10-31,12,22,dswrf_to_lead_minus2,"EGLC,LFPG",OK,short_name=sdswrf units=W m**-2 startStep=18 endStep=22
2025-11-03,12,24,dswrf_to_lead,"EGLC,LFPG",OK,short_name=sdswrf units=W m**-2 startStep=18 endStep=24
2025-11-03,12,22,dswrf_to_lead_minus2,"EGLC,LFPG",OK,short_name=sdswrf units=W m**-2 startStep=18 endStep=22
2025-10-03,12,24,dswrf_to_lead,"EGLC,LFPG",OK,short_name=sdswrf units=W m**-2 startStep=18 endStep=24
2025-10-03,12,22,dswrf_to_lead_minus2,"EGLC,LFPG",OK,short_name=sdswrf units=W m**-2 startStep=18 endStep=22
2025-10-23,12,24,dswrf_to_lead,"EGLC,LFPG",OK,short_name=sdswrf units=W m**-2 startStep=18 endStep=24
2025-10-23,12,22,dswrf_to_lead_minus2,"EGLC,LFPG",OK,short_name=sdswrf units=W m**-2 startStep=18 endStep=22
2025-10-26,12,24,dswrf_to_lead,"EGLC,LFPG",OK,short_name=sdswrf units=W m**-2 startStep=18 endStep=24
2025-10-26,12,22,dswrf_to_lead_minus2,"EGLC,LFPG",OK,short_name=sdswrf units=W m**-2 startStep=18 endStep=22
2025-10-02,12,24,dswrf_to_lead,"EGLC,LFPG",OK,short_name=sdswrf units=W m**-2 startStep=18 endStep=24
2025-10-02,12,22,dswrf_to_lead_minus2,"EGLC,LFPG",OK,short_name=sdswrf units=W m**-2 startStep=18 endStep=22
2025-10-13,12,24,dswrf_to_lead,"EGLC,LFPG",OK,short_name=sdswrf units=W m**-2 startStep=18 endStep=24
2025-10-13,12,22,dswrf_to_lead_minus2,"EGLC,LFPG",OK,short_name=sdswrf units=W m**-2 startStep=18 endStep=22
2025-11-10,12,24,dswrf_to_lead,"EGLC,LFPG",OK,short_name=sdswrf units=W m**-2 startStep=18 endStep=24
2025-11-10,12,22,dswrf_to_lead_minus2,"EGLC,LFPG",OK,short_name=sdswrf units=W m**-2 startStep=18 endStep=22
2025-11-27,12,24,dswrf_to_lead,"EGLC,LFPG",OK,short_name=sdswrf units=W m**-2 startStep=18 endStep=24
2025-11-27,12,22,dswrf_to_lead_minus2,"EGLC,LFPG",OK,short_name=sdswrf units=W m**-2 startStep=18 endStep=22
2025-12-05,12,24,dswrf_to_lead,"EGLC,LFPG",OK,short_name=sdswrf units=W m**-2 startStep=18 endStep=24
2025-12-05,12,22,dswrf_to_lead_minus2,"EGLC,LFPG",OK,short_name=sdswrf units=W m**-2 startStep=18 endStep=22
2025-11-16,12,24,dswrf_to_lead,"EGLC,LFPG",OK,short_name=sdswrf units=W m**-2 startStep=18 endStep=24
2025-11-16,12,22,dswrf_to_lead_minus2,"EGLC,LFPG",OK,short_name=sdswrf units=W m**-2 startStep=18 endStep=22
2025-11-26,12,24,dswrf_to_lead,"EGLC,LFPG",OK,short_name=sdswrf units=W m**-2 startStep=18 endStep=24
2025-11-26,12,22,dswrf_to_lead_minus2,"EGLC,LFPG",OK,short_name=sdswrf units=W m**-2 startStep=18 endStep=22
2025-12-02,12,24,dswrf_to_lead,"EGLC,LFPG",OK,short_name=sdswrf units=W m**-2 startStep=18 endStep=24
2025-12-02,12,22,dswrf_to_lead_minus2,"EGLC,LFPG",OK,short_name=sdswrf units=W m**-2 startStep=18 endStep=22
2025-12-07,12,24,dswrf_to_lead,"EGLC,LFPG",OK,short_name=sdswrf units=W m**-2 startStep=18 endStep=24
2025-12-07,12,22,dswrf_to_lead_minus2,"EGLC,LFPG",OK,short_name=sdswrf units=W m**-2 startStep=18 endStep=22
2025-12-03,12,24,dswrf_to_lead,"EGLC,LFPG",OK,short_name=sdswrf units=W m**-2 startStep=18 endStep=24
2025-12-03,12,22,dswrf_to_lead_minus2,"EGLC,LFPG",OK,short_name=sdswrf units=W m**-2 startStep=18 endStep=22
2025-11-15,12,24,dswrf_to_lead,"EGLC,LFPG",OK,short_name=sdswrf units=W m**-2 startStep=18 endStep=24
2025-11-15,12,22,dswrf_to_lead_minus2,"EGLC,LFPG",OK,short_name=sdswrf units=W m**-2 startStep=18 endStep=22
2025-12-12,12,24,dswrf_to_lead,"EGLC,LFPG",OK,short_name=sdswrf units=W m**-2 startStep=18 endStep=24
2025-12-12,12,22,dswrf_to_lead_minus2,"EGLC,LFPG",OK,short_name=sdswrf units=W m**-2 startStep=18 endStep=22
2025-12-09,12,24,dswrf_to_lead,"EGLC,LFPG",OK,short_name=sdswrf units=W m**-2 startStep=18 endStep=24
2025-12-09,12,22,dswrf_to_lead_minus2,"EGLC,LFPG",OK,short_name=sdswrf units=W m**-2 startStep=18 endStep=22
2025-11-20,12,24,dswrf_to_lead,"EGLC,LFPG",OK,short_name=sdswrf units=W m**-2 startStep=18 endStep=24
2025-11-20,12,22,dswrf_to_lead_minus2,"EGLC,LFPG",OK,short_name=sdswrf units=W m**-2 startStep=18 endStep=22
2025-12-18,12,24,dswrf_to_lead,"EGLC,LFPG",OK,short_name=sdswrf units=W m**-2 startStep=18 endStep=24
2025-12-18,12,22,dswrf_to_lead_minus2,"EGLC,LFPG",OK,short_name=sdswrf units=W m**-2 startStep=18 endStep=22
2025-11-13,12,24,dswrf_to_lead,"EGLC,LFPG",OK,short_name=sdswrf units=W m**-2 startStep=18 endStep=24
2025-11-13,12,22,dswrf_to_lead_minus2,"EGLC,LFPG",OK,short_name=sdswrf units=W m**-2 startStep=18 endStep=22
2025-11-25,12,24,dswrf_to_lead,"EGLC,LFPG",OK,short_name=sdswrf units=W m**-2 startStep=18 endStep=24
2025-11-25,12,22,dswrf_to_lead_minus2,"EGLC,LFPG",OK,short_name=sdswrf units=W m**-2 startStep=18 endStep=22
2025-12-13,12,24,dswrf_to_lead,"EGLC,LFPG",OK,short_name=sdswrf units=W m**-2 startStep=18 endStep=24
2025-12-13,12,22,dswrf_to_lead_minus2,"EGLC,LFPG",OK,short_name=sdswrf units=W m**-2 startStep=18 endStep=22
2025-10-20,12,24,dswrf_to_lead,"EGLC,LFPG",OK,short_name=sdswrf units=W m**-2 startStep=18 endStep=24
2025-10-20,12,22,dswrf_to_lead_minus2,"EGLC,LFPG",OK,short_name=sdswrf units=W m**-2 startStep=18 endStep=22
2025-12-11,12,24,dswrf_to_lead,"EGLC,LFPG",OK,short_name=sdswrf units=W m**-2 startStep=18 endStep=24
2025-12-11,12,22,dswrf_to_lead_minus2,"EGLC,LFPG",OK,short_name=sdswrf units=W m**-2 startStep=18 endStep=22
2025-11-11,12,24,dswrf_to_lead,"EGLC,LFPG",OK,short_name=sdswrf units=W m**-2 startStep=18 endStep=24
2025-11-11,12,22,dswrf_to_lead_minus2,"EGLC,LFPG",OK,short_name=sdswrf units=W m**-2 startStep=18 endStep=22
2025-11-05,12,24,dswrf_to_lead,"EGLC,LFPG",OK,short_name=sdswrf units=W m**-2 startStep=18 endStep=24
2025-11-05,12,22,dswrf_to_lead_minus2,"EGLC,LFPG",OK,short_name=sdswrf units=W m**-2 startStep=18 endStep=22
2025-10-15,12,24,dswrf_to_lead,"EGLC,LFPG",OK,short_name=sdswrf units=W m**-2 startStep=18 endStep=24
2025-10-15,12,22,dswrf_to_lead_minus2,"EGLC,LFPG",OK,short_name=sdswrf units=W m**-2 startStep=18 endStep=22
2025-11-08,12,24,dswrf_to_lead,"EGLC,LFPG",OK,short_name=sdswrf units=W m**-2 startStep=18 endStep=24
2025-11-08,12,22,dswrf_to_lead_minus2,"EGLC,LFPG",OK,short_name=sdswrf units=W m**-2 startStep=18 endStep=22
2025-12-23,12,24,dswrf_to_lead,"EGLC,LFPG",OK,short_name=sdswrf units=W m**-2 startStep=18 endStep=24
2025-12-23,12,22,dswrf_to_lead_minus2,"EGLC,LFPG",OK,short_name=sdswrf units=W m**-2 startStep=18 endStep=22
2025-12-04,12,24,dswrf_to_lead,"EGLC,LFPG",OK,short_name=sdswrf units=W m**-2 startStep=18 endStep=24
2025-12-04,12,22,dswrf_to_lead_minus2,"EGLC,LFPG",OK,short_name=sdswrf units=W m**-2 startStep=18 endStep=22
2025-10-21,12,24,dswrf_to_lead,"EGLC,LFPG",OK,short_name=sdswrf units=W m**-2 startStep=18 endStep=24
2025-10-21,12,22,dswrf_to_lead_minus2,"EGLC,LFPG",OK,short_name=sdswrf units=W m**-2 startStep=18 endStep=22
2025-12-01,12,24,dswrf_to_lead,"EGLC,LFPG",OK,short_name=sdswrf units=W m**-2 startStep=18 endStep=24
2025-12-01,12,22,dswrf_to_lead_minus2,"EGLC,LFPG",OK,short_name=sdswrf units=W m**-2 startStep=18 endStep=22
2025-12-06,12,24,dswrf_to_lead,"EGLC,LFPG",OK,short_name=sdswrf units=W m**-2 startStep=18 endStep=24
2025-12-06,12,22,dswrf_to_lead_minus2,"EGLC,LFPG",OK,short_name=sdswrf units=W m**-2 startStep=18 endStep=22
2025-12-16,12,24,dswrf_to_lead,"EGLC,LFPG",OK,short_name=sdswrf units=W m**-2 startStep=18 endStep=24
2025-12-16,12,22,dswrf_to_lead_minus2,"EGLC,LFPG",OK,short_name=sdswrf units=W m**-2 startStep=18 endStep=22
2025-11-12,12,24,dswrf_to_lead,"EGLC,LFPG",OK,short_name=sdswrf units=W m**-2 startStep=18 endStep=24
2025-11-12,12,22,dswrf_to_lead_minus2,"EGLC,LFPG",OK,short_name=sdswrf units=W m**-2 startStep=18 endStep=22
2025-11-24,12,24,dswrf_to_lead,"EGLC,LFPG",OK,short_name=sdswrf units=W m**-2 startStep=18 endStep=24
2025-11-24,12,22,dswrf_to_lead_minus2,"EGLC,LFPG",OK,short_name=sdswrf units=W m**-2 startStep=18 endStep=22
2025-12-21,12,24,dswrf_to_lead,"EGLC,LFPG",OK,short_name=sdswrf units=W m**-2 startStep=18 endStep=24
2025-12-21,12,22,dswrf_to_lead_minus2,"EGLC,LFPG",OK,short_name=sdswrf units=W m**-2 startStep=18 endStep=22
2025-11-29,12,24,dswrf_to_lead,"EGLC,LFPG",OK,short_name=sdswrf units=W m**-2 startStep=18 endStep=24
2025-11-29,12,22,dswrf_to_lead_minus2,"EGLC,LFPG",OK,short_name=sdswrf units=W m**-2 startStep=18 endStep=22
2025-12-28,12,24,dswrf_to_lead,"EGLC,LFPG",OK,short_name=sdswrf units=W m**-2 startStep=18 endStep=24
2025-12-28,12,22,dswrf_to_lead_minus2,"EGLC,LFPG",OK,short_name=sdswrf units=W m**-2 startStep=18 endStep=22
2025-12-24,12,24,dswrf_to_lead,"EGLC,LFPG",OK,short_name=sdswrf units=W m**-2 startStep=18 endStep=24
2025-12-24,12,22,dswrf_to_lead_minus2,"EGLC,LFPG",OK,short_name=sdswrf units=W m**-2 startStep=18 endStep=22
2025-12-10,12,24,dswrf_to_lead,"EGLC,LFPG",OK,short_name=sdswrf units=W m**-2 startStep=18 endStep=24
2025-12-10,12,22,dswrf_to_lead_minus2,"EGLC,LFPG",OK,short_name=sdswrf units=W m**-2 startStep=18 endStep=22
2025-12-31,12,24,dswrf_to_lead,"EGLC,LFPG",OK,short_name=sdswrf units=W m**-2 startStep=18 endStep=24
2025-12-31,12,22,dswrf_to_lead_minus2,"EGLC,LFPG",OK,short_name=sdswrf units=W m**-2 startStep=18 endStep=22
2025-12-08,12,24,dswrf_to_lead,"EGLC,LFPG",OK,short_name=sdswrf units=W m**-2 startStep=18 endStep=24
2025-12-08,12,22,dswrf_to_lead_minus2,"EGLC,LFPG",OK,short_name=sdswrf units=W m**-2 startStep=18 endStep=22
2025-12-29,12,24,dswrf_to_lead,"EGLC,LFPG",OK,short_name=sdswrf units=W m**-2 startStep=18 endStep=24
2025-12-29,12,22,dswrf_to_lead_minus2,"EGLC,LFPG",OK,short_name=sdswrf units=W m**-2 startStep=18 endStep=22
2025-11-30,12,24,dswrf_to_lead,"EGLC,LFPG",OK,short_name=sdswrf units=W m**-2 startStep=18 endStep=24
2025-11-30,12,22,dswrf_to_lead_minus2,"EGLC,LFPG",OK,short_name=sdswrf units=W m**-2 startStep=18 endStep=22
2025-12-17,12,24,dswrf_to_lead,"EGLC,LFPG",OK,short_name=sdswrf units=W m**-2 startStep=18 endStep=24
2025-12-17,12,22,dswrf_to_lead_minus2,"EGLC,LFPG",OK,short_name=sdswrf units=W m**-2 startStep=18 endStep=22
2025-11-14,12,24,dswrf_to_lead,"EGLC,LFPG",OK,short_name=sdswrf units=W m**-2 startStep=18 endStep=24
2025-11-14,12,22,dswrf_to_lead_minus2,"EGLC,LFPG",OK,short_name=sdswrf units=W m**-2 startStep=18 endStep=22
2025-12-15,12,24,dswrf_to_lead,"EGLC,LFPG",OK,short_name=sdswrf units=W m**-2 startStep=18 endStep=24
2025-12-15,12,22,dswrf_to_lead_minus2,"EGLC,LFPG",OK,short_name=sdswrf units=W m**-2 startStep=18 endStep=22
2026-01-14,12,24,dswrf_to_lead,"EGLC,LFPG",OK,short_name=sdswrf units=W m**-2 startStep=18 endStep=24
2026-01-14,12,22,dswrf_to_lead_minus2,"EGLC,LFPG",OK,short_name=sdswrf units=W m**-2 startStep=18 endStep=22
2025-11-18,12,24,dswrf_to_lead,"EGLC,LFPG",OK,short_name=sdswrf units=W m**-2 startStep=18 endStep=24
2025-11-18,12,22,dswrf_to_lead_minus2,"EGLC,LFPG",OK,short_name=sdswrf units=W m**-2 startStep=18 endStep=22
2025-11-17,12,24,dswrf_to_lead,"EGLC,LFPG",OK,short_name=sdswrf units=W m**-2 startStep=18 endStep=24
2025-11-17,12,22,dswrf_to_lead_minus2,"EGLC,LFPG",OK,short_name=sdswrf units=W m**-2 startStep=18 endStep=22
2026-01-06,12,24,dswrf_to_lead,"EGLC,LFPG",OK,short_name=sdswrf units=W m**-2 startStep=18 endStep=24
2026-01-06,12,22,dswrf_to_lead_minus2,"EGLC,LFPG",OK,short_name=sdswrf units=W m**-2 startStep=18 endStep=22
2025-12-20,12,24,dswrf_to_lead,"EGLC,LFPG",OK,short_name=sdswrf units=W m**-2 startStep=18 endStep=24
2025-12-20,12,22,dswrf_to_lead_minus2,"EGLC,LFPG",OK,short_name=sdswrf units=W m**-2 startStep=18 endStep=22
2025-11-19,12,24,dswrf_to_lead,"EGLC,LFPG",OK,short_name=sdswrf units=W m**-2 startStep=18 endStep=24
2025-11-19,12,22,dswrf_to_lead_minus2,"EGLC,LFPG",OK,short_name=sdswrf units=W m**-2 startStep=18 endStep=22
2026-01-28,12,24,dswrf_to_lead,"EGLC,LFPG",OK,short_name=sdswrf units=W m**-2 startStep=18 endStep=24
2026-01-28,12,22,dswrf_to_lead_minus2,"EGLC,LFPG",OK,short_name=sdswrf units=W m**-2 startStep=18 endStep=22
2026-01-01,12,24,dswrf_to_lead,"EGLC,LFPG",OK,short_name=sdswrf units=W m**-2 startStep=18 endStep=24
2026-01-01,12,22,dswrf_to_lead_minus2,"EGLC,LFPG",OK,short_name=sdswrf units=W m**-2 startStep=18 endStep=22
2025-12-27,12,24,dswrf_to_lead,"EGLC,LFPG",OK,short_name=sdswrf units=W m**-2 startStep=18 endStep=24
2025-12-27,12,22,dswrf_to_lead_minus2,"EGLC,LFPG",OK,short_name=sdswrf units=W m**-2 startStep=18 endStep=22
2025-12-14,12,24,dswrf_to_lead,"EGLC,LFPG",OK,short_name=sdswrf units=W m**-2 startStep=18 endStep=24
2025-12-14,12,22,dswrf_to_lead_minus2,"EGLC,LFPG",OK,short_name=sdswrf units=W m**-2 startStep=18 endStep=22
2026-01-10,12,24,dswrf_to_lead,"EGLC,LFPG",OK,short_name=sdswrf units=W m**-2 startStep=18 endStep=24
2026-01-10,12,22,dswrf_to_lead_minus2,"EGLC,LFPG",OK,short_name=sdswrf units=W m**-2 startStep=18 endStep=22
2026-01-17,12,24,dswrf_to_lead,"EGLC,LFPG",OK,short_name=sdswrf units=W m**-2 startStep=18 endStep=24
2026-01-17,12,22,dswrf_to_lead_minus2,"EGLC,LFPG",OK,short_name=sdswrf units=W m**-2 startStep=18 endStep=22
2026-01-12,12,24,dswrf_to_lead,"EGLC,LFPG",OK,short_name=sdswrf units=W m**-2 startStep=18 endStep=24
2026-01-12,12,22,dswrf_to_lead_minus2,"EGLC,LFPG",OK,short_name=sdswrf units=W m**-2 startStep=18 endStep=22
2026-01-13,12,24,dswrf_to_lead,"EGLC,LFPG",OK,short_name=sdswrf units=W m**-2 startStep=18 endStep=24
2026-01-13,12,22,dswrf_to_lead_minus2,"EGLC,LFPG",OK,short_name=sdswrf units=W m**-2 startStep=18 endStep=22
2026-01-11,12,24,dswrf_to_lead,"EGLC,LFPG",OK,short_name=sdswrf units=W m**-2 startStep=18 endStep=24
2026-01-11,12,22,dswrf_to_lead_minus2,"EGLC,LFPG",OK,short_name=sdswrf units=W m**-2 startStep=18 endStep=22
2026-01-19,12,24,dswrf_to_lead,"EGLC,LFPG",OK,short_name=sdswrf units=W m**-2 startStep=18 endStep=24
2026-01-19,12,22,dswrf_to_lead_minus2,"EGLC,LFPG",OK,short_name=sdswrf units=W m**-2 startStep=18 endStep=22
2026-01-27,12,24,dswrf_to_lead,"EGLC,LFPG",OK,short_name=sdswrf units=W m**-2 startStep=18 endStep=24
2026-01-27,12,22,dswrf_to_lead_minus2,"EGLC,LFPG",OK,short_name=sdswrf units=W m**-2 startStep=18 endStep=22
2026-01-18,12,24,dswrf_to_lead,"EGLC,LFPG",OK,short_name=sdswrf units=W m**-2 startStep=18 endStep=24
2026-01-18,12,22,dswrf_to_lead_minus2,"EGLC,LFPG",OK,short_name=sdswrf units=W m**-2 startStep=18 endStep=22
2026-01-04,12,24,dswrf_to_lead,"EGLC,LFPG",OK,short_name=sdswrf units=W m**-2 startStep=18 endStep=24
2026-01-04,12,22,dswrf_to_lead_minus2,"EGLC,LFPG",OK,short_name=sdswrf units=W m**-2 startStep=18 endStep=22
2026-01-31,12,24,dswrf_to_lead,"EGLC,LFPG",OK,short_name=sdswrf units=W m**-2 startStep=18 endStep=24
2026-01-31,12,22,dswrf_to_lead_minus2,"EGLC,LFPG",OK,short_name=sdswrf units=W m**-2 startStep=18 endStep=22
2025-12-19,12,24,dswrf_to_lead,"EGLC,LFPG",OK,short_name=sdswrf units=W m**-2 startStep=18 endStep=24
2025-12-19,12,22,dswrf_to_lead_minus2,"EGLC,LFPG",OK,short_name=sdswrf units=W m**-2 startStep=18 endStep=22
2026-01-16,12,24,dswrf_to_lead,"EGLC,LFPG",OK,short_name=sdswrf units=W m**-2 startStep=18 endStep=24
2026-01-16,12,22,dswrf_to_lead_minus2,"EGLC,LFPG",OK,short_name=sdswrf units=W m**-2 startStep=18 endStep=22
2026-01-26,12,24,dswrf_to_lead,"EGLC,LFPG",OK,short_name=sdswrf units=W m**-2 startStep=18 endStep=24
2026-01-26,12,22,dswrf_to_lead_minus2,"EGLC,LFPG",OK,short_name=sdswrf units=W m**-2 startStep=18 endStep=22
2026-02-08,12,24,dswrf_to_lead,"EGLC,LFPG",OK,short_name=sdswrf units=W m**-2 startStep=18 endStep=24
2026-02-08,12,22,dswrf_to_lead_minus2,"EGLC,LFPG",OK,short_name=sdswrf units=W m**-2 startStep=18 endStep=22
2026-01-03,12,24,dswrf_to_lead,"EGLC,LFPG",OK,short_name=sdswrf units=W m**-2 startStep=18 endStep=24
2026-01-03,12,22,dswrf_to_lead_minus2,"EGLC,LFPG",OK,short_name=sdswrf units=W m**-2 startStep=18 endStep=22
2025-12-22,12,24,dswrf_to_lead,"EGLC,LFPG",OK,short_name=sdswrf units=W m**-2 startStep=18 endStep=24
2025-12-22,12,22,dswrf_to_lead_minus2,"EGLC,LFPG",OK,short_name=sdswrf units=W m**-2 startStep=18 endStep=22
2026-01-07,12,24,dswrf_to_lead,"EGLC,LFPG",OK,short_name=sdswrf units=W m**-2 startStep=18 endStep=24
2026-01-07,12,22,dswrf_to_lead_minus2,"EGLC,LFPG",OK,short_name=sdswrf units=W m**-2 startStep=18 endStep=22
2026-02-02,12,24,dswrf_to_lead,"EGLC,LFPG",OK,short_name=sdswrf units=W m**-2 startStep=18 endStep=24
2026-02-02,12,22,dswrf_to_lead_minus2,"EGLC,LFPG",OK,short_name=sdswrf units=W m**-2 startStep=18 endStep=22
2025-12-26,12,24,dswrf_to_lead,"EGLC,LFPG",OK,short_name=sdswrf units=W m**-2 startStep=18 endStep=24
2025-12-26,12,22,dswrf_to_lead_minus2,"EGLC,LFPG",OK,short_name=sdswrf units=W m**-2 startStep=18 endStep=22
2026-02-10,12,24,dswrf_to_lead,"EGLC,LFPG",OK,short_name=sdswrf units=W m**-2 startStep=18 endStep=24
2026-02-10,12,22,dswrf_to_lead_minus2,"EGLC,LFPG",OK,short_name=sdswrf units=W m**-2 startStep=18 endStep=22
2025-12-25,12,24,dswrf_to_lead,"EGLC,LFPG",OK,short_name=sdswrf units=W m**-2 startStep=18 endStep=24
2025-12-25,12,22,dswrf_to_lead_minus2,"EGLC,LFPG",OK,short_name=sdswrf units=W m**-2 startStep=18 endStep=22
2026-01-02,12,24,dswrf_to_lead,"EGLC,LFPG",OK,short_name=sdswrf units=W m**-2 startStep=18 endStep=24
2026-01-02,12,22,dswrf_to_lead_minus2,"EGLC,LFPG",OK,short_name=sdswrf units=W m**-2 startStep=18 endStep=22
2026-02-17,12,24,dswrf_to_lead,"EGLC,LFPG",OK,short_name=sdswrf units=W m**-2 startStep=18 endStep=24
2026-02-17,12,22,dswrf_to_lead_minus2,"EGLC,LFPG",OK,short_name=sdswrf units=W m**-2 startStep=18 endStep=22
2026-01-24,12,24,dswrf_to_lead,"EGLC,LFPG",OK,short_name=sdswrf units=W m**-2 startStep=18 endStep=24
2026-01-24,12,22,dswrf_to_lead_minus2,"EGLC,LFPG",OK,short_name=sdswrf units=W m**-2 startStep=18 endStep=22
2026-02-03,12,24,dswrf_to_lead,"EGLC,LFPG",OK,short_name=sdswrf units=W m**-2 startStep=18 endStep=24
2026-02-03,12,22,dswrf_to_lead_minus2,"EGLC,LFPG",OK,short_name=sdswrf units=W m**-2 startStep=18 endStep=22
2026-02-18,12,24,dswrf_to_lead,"EGLC,LFPG",OK,short_name=sdswrf units=W m**-2 startStep=18 endStep=24
2026-02-18,12,22,dswrf_to_lead_minus2,"EGLC,LFPG",OK,short_name=sdswrf units=W m**-2 startStep=18 endStep=22
2026-01-23,12,24,dswrf_to_lead,"EGLC,LFPG",OK,short_name=sdswrf units=W m**-2 startStep=18 endStep=24
2026-01-23,12,22,dswrf_to_lead_minus2,"EGLC,LFPG",OK,short_name=sdswrf units=W m**-2 startStep=18 endStep=22
2026-01-09,12,24,dswrf_to_lead,"EGLC,LFPG",OK,short_name=sdswrf units=W m**-2 startStep=18 endStep=24
2026-01-09,12,22,dswrf_to_lead_minus2,"EGLC,LFPG",OK,short_name=sdswrf units=W m**-2 startStep=18 endStep=22
2026-01-08,12,24,dswrf_to_lead,"EGLC,LFPG",OK,short_name=sdswrf units=W m**-2 startStep=18 endStep=24
2026-01-08,12,22,dswrf_to_lead_minus2,"EGLC,LFPG",OK,short_name=sdswrf units=W m**-2 startStep=18 endStep=22
2026-02-01,12,24,dswrf_to_lead,"EGLC,LFPG",OK,short_name=sdswrf units=W m**-2 startStep=18 endStep=24
2026-02-01,12,22,dswrf_to_lead_minus2,"EGLC,LFPG",OK,short_name=sdswrf units=W m**-2 startStep=18 endStep=22
2026-02-07,12,24,dswrf_to_lead,"EGLC,LFPG",OK,short_name=sdswrf units=W m**-2 startStep=18 endStep=24
2026-02-07,12,22,dswrf_to_lead_minus2,"EGLC,LFPG",OK,short_name=sdswrf units=W m**-2 startStep=18 endStep=22
2026-01-30,12,24,dswrf_to_lead,"EGLC,LFPG",OK,short_name=sdswrf units=W m**-2 startStep=18 endStep=24
2026-01-30,12,22,dswrf_to_lead_minus2,"EGLC,LFPG",OK,short_name=sdswrf units=W m**-2 startStep=18 endStep=22
2026-01-29,12,24,dswrf_to_lead,"EGLC,LFPG",OK,short_name=sdswrf units=W m**-2 startStep=18 endStep=24
2026-01-29,12,22,dswrf_to_lead_minus2,"EGLC,LFPG",OK,short_name=sdswrf units=W m**-2 startStep=18 endStep=22
2026-02-09,12,24,dswrf_to_lead,"EGLC,LFPG",OK,short_name=sdswrf units=W m**-2 startStep=18 endStep=24
2026-02-09,12,22,dswrf_to_lead_minus2,"EGLC,LFPG",OK,short_name=sdswrf units=W m**-2 startStep=18 endStep=22
2026-01-25,12,24,dswrf_to_lead,"EGLC,LFPG",OK,short_name=sdswrf units=W m**-2 startStep=18 endStep=24
2026-01-25,12,22,dswrf_to_lead_minus2,"EGLC,LFPG",OK,short_name=sdswrf units=W m**-2 startStep=18 endStep=22
2026-02-06,12,24,dswrf_to_lead,"EGLC,LFPG",OK,short_name=sdswrf units=W m**-2 startStep=18 endStep=24
2026-02-06,12,22,dswrf_to_lead_minus2,"EGLC,LFPG",OK,short_name=sdswrf units=W m**-2 startStep=18 endStep=22
2026-03-04,12,24,dswrf_to_lead,"EGLC,LFPG",OK,short_name=sdswrf units=W m**-2 startStep=18 endStep=24
2026-03-04,12,22,dswrf_to_lead_minus2,"EGLC,LFPG",OK,short_name=sdswrf units=W m**-2 startStep=18 endStep=22
2026-02-28,12,24,dswrf_to_lead,"EGLC,LFPG",OK,short_name=sdswrf units=W m**-2 startStep=18 endStep=24
2026-02-28,12,22,dswrf_to_lead_minus2,"EGLC,LFPG",OK,short_name=sdswrf units=W m**-2 startStep=18 endStep=22
2026-02-26,12,24,dswrf_to_lead,"EGLC,LFPG",OK,short_name=sdswrf units=W m**-2 startStep=18 endStep=24
2026-02-26,12,22,dswrf_to_lead_minus2,"EGLC,LFPG",OK,short_name=sdswrf units=W m**-2 startStep=18 endStep=22
2026-02-27,12,24,dswrf_to_lead,"EGLC,LFPG",OK,short_name=sdswrf units=W m**-2 startStep=18 endStep=24
2026-02-27,12,22,dswrf_to_lead_minus2,"EGLC,LFPG",OK,short_name=sdswrf units=W m**-2 startStep=18 endStep=22
2026-02-19,12,24,dswrf_to_lead,"EGLC,LFPG",OK,short_name=sdswrf units=W m**-2 startStep=18 endStep=24
2026-02-19,12,22,dswrf_to_lead_minus2,"EGLC,LFPG",OK,short_name=sdswrf units=W m**-2 startStep=18 endStep=22
2026-01-20,12,24,dswrf_to_lead,"EGLC,LFPG",OK,short_name=sdswrf units=W m**-2 startStep=18 endStep=24
2026-01-20,12,22,dswrf_to_lead_minus2,"EGLC,LFPG",OK,short_name=sdswrf units=W m**-2 startStep=18 endStep=22
2026-02-24,12,24,dswrf_to_lead,"EGLC,LFPG",OK,short_name=sdswrf units=W m**-2 startStep=18 endStep=24
2026-02-24,12,22,dswrf_to_lead_minus2,"EGLC,LFPG",OK,short_name=sdswrf units=W m**-2 startStep=18 endStep=22
2026-02-13,12,24,dswrf_to_lead,"EGLC,LFPG",OK,short_name=sdswrf units=W m**-2 startStep=18 endStep=24
2026-02-13,12,22,dswrf_to_lead_minus2,"EGLC,LFPG",OK,short_name=sdswrf units=W m**-2 startStep=18 endStep=22
2026-02-16,12,24,dswrf_to_lead,"EGLC,LFPG",OK,short_name=sdswrf units=W m**-2 startStep=18 endStep=24
2026-02-16,12,22,dswrf_to_lead_minus2,"EGLC,LFPG",OK,short_name=sdswrf units=W m**-2 startStep=18 endStep=22
2025-12-30,12,24,dswrf_to_lead,"EGLC,LFPG",OK,short_name=sdswrf units=W m**-2 startStep=18 endStep=24
2025-12-30,12,22,dswrf_to_lead_minus2,"EGLC,LFPG",OK,short_name=sdswrf units=W m**-2 startStep=18 endStep=22
2026-03-03,12,24,dswrf_to_lead,"EGLC,LFPG",OK,short_name=sdswrf units=W m**-2 startStep=18 endStep=24
2026-03-03,12,22,dswrf_to_lead_minus2,"EGLC,LFPG",OK,short_name=sdswrf units=W m**-2 startStep=18 endStep=22
2026-03-06,12,24,dswrf_to_lead,"EGLC,LFPG",OK,short_name=sdswrf units=W m**-2 startStep=18 endStep=24
2026-03-06,12,22,dswrf_to_lead_minus2,"EGLC,LFPG",OK,short_name=sdswrf units=W m**-2 startStep=18 endStep=22
2026-02-25,12,24,dswrf_to_lead,"EGLC,LFPG",OK,short_name=sdswrf units=W m**-2 startStep=18 endStep=24
2026-02-25,12,22,dswrf_to_lead_minus2,"EGLC,LFPG",OK,short_name=sdswrf units=W m**-2 startStep=18 endStep=22
2026-01-05,12,24,dswrf_to_lead,"EGLC,LFPG",OK,short_name=sdswrf units=W m**-2 startStep=18 endStep=24
2026-01-05,12,22,dswrf_to_lead_minus2,"EGLC,LFPG",OK,short_name=sdswrf units=W m**-2 startStep=18 endStep=22
2026-03-25,12,24,dswrf_to_lead,"EGLC,LFPG",OK,short_name=sdswrf units=W m**-2 startStep=18 endStep=24
2026-03-25,12,22,dswrf_to_lead_minus2,"EGLC,LFPG",OK,short_name=sdswrf units=W m**-2 startStep=18 endStep=22
2026-01-22,12,24,dswrf_to_lead,"EGLC,LFPG",OK,short_name=sdswrf units=W m**-2 startStep=18 endStep=24
2026-01-22,12,22,dswrf_to_lead_minus2,"EGLC,LFPG",OK,short_name=sdswrf units=W m**-2 startStep=18 endStep=22
2026-02-22,12,24,dswrf_to_lead,"EGLC,LFPG",OK,short_name=sdswrf units=W m**-2 startStep=18 endStep=24
2026-02-22,12,22,dswrf_to_lead_minus2,"EGLC,LFPG",OK,short_name=sdswrf units=W m**-2 startStep=18 endStep=22
2026-02-20,12,24,dswrf_to_lead,"EGLC,LFPG",OK,short_name=sdswrf units=W m**-2 startStep=18 endStep=24
2026-02-20,12,22,dswrf_to_lead_minus2,"EGLC,LFPG",OK,short_name=sdswrf units=W m**-2 startStep=18 endStep=22
2026-03-16,12,24,dswrf_to_lead,"EGLC,LFPG",OK,short_name=sdswrf units=W m**-2 startStep=18 endStep=24
2026-03-16,12,22,dswrf_to_lead_minus2,"EGLC,LFPG",OK,short_name=sdswrf units=W m**-2 startStep=18 endStep=22
2026-02-14,12,24,dswrf_to_lead,"EGLC,LFPG",OK,short_name=sdswrf units=W m**-2 startStep=18 endStep=24
2026-02-14,12,22,dswrf_to_lead_minus2,"EGLC,LFPG",OK,short_name=sdswrf units=W m**-2 startStep=18 endStep=22
2026-02-04,12,24,dswrf_to_lead,"EGLC,LFPG",OK,short_name=sdswrf units=W m**-2 startStep=18 endStep=24
2026-02-04,12,22,dswrf_to_lead_minus2,"EGLC,LFPG",OK,short_name=sdswrf units=W m**-2 startStep=18 endStep=22
2026-01-21,12,24,dswrf_to_lead,"EGLC,LFPG",OK,short_name=sdswrf units=W m**-2 startStep=18 endStep=24
2026-01-21,12,22,dswrf_to_lead_minus2,"EGLC,LFPG",OK,short_name=sdswrf units=W m**-2 startStep=18 endStep=22
2026-03-17,12,24,dswrf_to_lead,"EGLC,LFPG",OK,short_name=sdswrf units=W m**-2 startStep=18 endStep=24
2026-03-17,12,22,dswrf_to_lead_minus2,"EGLC,LFPG",OK,short_name=sdswrf units=W m**-2 startStep=18 endStep=22
2026-03-02,12,24,dswrf_to_lead,"EGLC,LFPG",OK,short_name=sdswrf units=W m**-2 startStep=18 endStep=24
2026-03-02,12,22,dswrf_to_lead_minus2,"EGLC,LFPG",OK,short_name=sdswrf units=W m**-2 startStep=18 endStep=22
2026-02-12,12,24,dswrf_to_lead,"EGLC,LFPG",OK,short_name=sdswrf units=W m**-2 startStep=18 endStep=24
2026-02-12,12,22,dswrf_to_lead_minus2,"EGLC,LFPG",OK,short_name=sdswrf units=W m**-2 startStep=18 endStep=22
2026-03-20,12,24,dswrf_to_lead,"EGLC,LFPG",OK,short_name=sdswrf units=W m**-2 startStep=18 endStep=24
2026-03-20,12,22,dswrf_to_lead_minus2,"EGLC,LFPG",OK,short_name=sdswrf units=W m**-2 startStep=18 endStep=22
2026-03-19,12,24,dswrf_to_lead,"EGLC,LFPG",OK,short_name=sdswrf units=W m**-2 startStep=18 endStep=24
2026-03-19,12,22,dswrf_to_lead_minus2,"EGLC,LFPG",OK,short_name=sdswrf units=W m**-2 startStep=18 endStep=22
2026-03-12,12,24,dswrf_to_lead,"EGLC,LFPG",OK,short_name=sdswrf units=W m**-2 startStep=18 endStep=24
2026-03-12,12,22,dswrf_to_lead_minus2,"EGLC,LFPG",OK,short_name=sdswrf units=W m**-2 startStep=18 endStep=22
2026-02-11,12,24,dswrf_to_lead,"EGLC,LFPG",OK,short_name=sdswrf units=W m**-2 startStep=18 endStep=24
2026-02-11,12,22,dswrf_to_lead_minus2,"EGLC,LFPG",OK,short_name=sdswrf units=W m**-2 startStep=18 endStep=22
2026-03-18,12,24,dswrf_to_lead,"EGLC,LFPG",OK,short_name=sdswrf units=W m**-2 startStep=18 endStep=24
2026-03-18,12,22,dswrf_to_lead_minus2,"EGLC,LFPG",OK,short_name=sdswrf units=W m**-2 startStep=18 endStep=22
2026-03-08,12,24,dswrf_to_lead,"EGLC,LFPG",OK,short_name=sdswrf units=W m**-2 startStep=18 endStep=24
2026-03-08,12,22,dswrf_to_lead_minus2,"EGLC,LFPG",OK,short_name=sdswrf units=W m**-2 startStep=18 endStep=22
2026-01-15,12,24,dswrf_to_lead,"EGLC,LFPG",OK,short_name=sdswrf units=W m**-2 startStep=18 endStep=24
2026-01-15,12,22,dswrf_to_lead_minus2,"EGLC,LFPG",OK,short_name=sdswrf units=W m**-2 startStep=18 endStep=22
2026-03-05,12,24,dswrf_to_lead,"EGLC,LFPG",OK,short_name=sdswrf units=W m**-2 startStep=18 endStep=24
2026-03-05,12,22,dswrf_to_lead_minus2,"EGLC,LFPG",OK,short_name=sdswrf units=W m**-2 startStep=18 endStep=22
2026-03-10,12,24,dswrf_to_lead,"EGLC,LFPG",OK,short_name=sdswrf units=W m**-2 startStep=18 endStep=24
2026-03-10,12,22,dswrf_to_lead_minus2,"EGLC,LFPG",OK,short_name=sdswrf units=W m**-2 startStep=18 endStep=22
2026-02-05,12,24,dswrf_to_lead,"EGLC,LFPG",OK,short_name=sdswrf units=W m**-2 startStep=18 endStep=24
2026-02-05,12,22,dswrf_to_lead_minus2,"EGLC,LFPG",OK,short_name=sdswrf units=W m**-2 startStep=18 endStep=22
2026-03-15,12,24,dswrf_to_lead,"EGLC,LFPG",OK,short_name=sdswrf units=W m**-2 startStep=18 endStep=24
2026-03-15,12,22,dswrf_to_lead_minus2,"EGLC,LFPG",OK,short_name=sdswrf units=W m**-2 startStep=18 endStep=22
2026-03-11,12,24,dswrf_to_lead,"EGLC,LFPG",OK,short_name=sdswrf units=W m**-2 startStep=18 endStep=24
2026-03-11,12,22,dswrf_to_lead_minus2,"EGLC,LFPG",OK,short_name=sdswrf units=W m**-2 startStep=18 endStep=22
2026-04-03,12,24,dswrf_to_lead,"EGLC,LFPG",OK,short_name=sdswrf units=W m**-2 startStep=18 endStep=24
2026-04-03,12,22,dswrf_to_lead_minus2,"EGLC,LFPG",OK,short_name=sdswrf units=W m**-2 startStep=18 endStep=22
2026-03-23,12,24,dswrf_to_lead,"EGLC,LFPG",OK,short_name=sdswrf units=W m**-2 startStep=18 endStep=24
2026-03-23,12,22,dswrf_to_lead_minus2,"EGLC,LFPG",OK,short_name=sdswrf units=W m**-2 startStep=18 endStep=22
2026-04-09,12,24,dswrf_to_lead,"EGLC,LFPG",OK,short_name=sdswrf units=W m**-2 startStep=18 endStep=24
2026-04-09,12,22,dswrf_to_lead_minus2,"EGLC,LFPG",OK,short_name=sdswrf units=W m**-2 startStep=18 endStep=22
2026-04-08,12,24,dswrf_to_lead,"EGLC,LFPG",OK,short_name=sdswrf units=W m**-2 startStep=18 endStep=24
2026-04-08,12,22,dswrf_to_lead_minus2,"EGLC,LFPG",OK,short_name=sdswrf units=W m**-2 startStep=18 endStep=22
2026-03-29,12,24,dswrf_to_lead,"EGLC,LFPG",OK,short_name=sdswrf units=W m**-2 startStep=18 endStep=24
2026-03-29,12,22,dswrf_to_lead_minus2,"EGLC,LFPG",OK,short_name=sdswrf units=W m**-2 startStep=18 endStep=22
2026-04-05,12,24,dswrf_to_lead,"EGLC,LFPG",OK,short_name=sdswrf units=W m**-2 startStep=18 endStep=24
2026-04-05,12,22,dswrf_to_lead_minus2,"EGLC,LFPG",OK,short_name=sdswrf units=W m**-2 startStep=18 endStep=22
2026-04-12,12,24,dswrf_to_lead,"EGLC,LFPG",OK,short_name=sdswrf units=W m**-2 startStep=18 endStep=24
2026-04-12,12,22,dswrf_to_lead_minus2,"EGLC,LFPG",OK,short_name=sdswrf units=W m**-2 startStep=18 endStep=22
2026-04-13,12,24,dswrf_to_lead,"EGLC,LFPG",OK,short_name=sdswrf units=W m**-2 startStep=18 endStep=24
2026-04-13,12,22,dswrf_to_lead_minus2,"EGLC,LFPG",OK,short_name=sdswrf units=W m**-2 startStep=18 endStep=22
2026-04-20,12,24,dswrf_to_lead,"EGLC,LFPG",OK,short_name=sdswrf units=W m**-2 startStep=18 endStep=24
2026-04-20,12,22,dswrf_to_lead_minus2,"EGLC,LFPG",OK,short_name=sdswrf units=W m**-2 startStep=18 endStep=22
2026-03-22,12,24,dswrf_to_lead,"EGLC,LFPG",OK,short_name=sdswrf units=W m**-2 startStep=18 endStep=24
2026-03-22,12,22,dswrf_to_lead_minus2,"EGLC,LFPG",OK,short_name=sdswrf units=W m**-2 startStep=18 endStep=22
2026-03-31,12,24,dswrf_to_lead,"EGLC,LFPG",OK,short_name=sdswrf units=W m**-2 startStep=18 endStep=24
2026-03-31,12,22,dswrf_to_lead_minus2,"EGLC,LFPG",OK,short_name=sdswrf units=W m**-2 startStep=18 endStep=22
2026-04-19,12,24,dswrf_to_lead,"EGLC,LFPG",OK,short_name=sdswrf units=W m**-2 startStep=18 endStep=24
2026-04-19,12,22,dswrf_to_lead_minus2,"EGLC,LFPG",OK,short_name=sdswrf units=W m**-2 startStep=18 endStep=22
2026-04-07,12,24,dswrf_to_lead,"EGLC,LFPG",OK,short_name=sdswrf units=W m**-2 startStep=18 endStep=24
2026-04-07,12,22,dswrf_to_lead_minus2,"EGLC,LFPG",OK,short_name=sdswrf units=W m**-2 startStep=18 endStep=22
2026-04-18,12,24,dswrf_to_lead,"EGLC,LFPG",OK,short_name=sdswrf units=W m**-2 startStep=18 endStep=24
2026-04-18,12,22,dswrf_to_lead_minus2,"EGLC,LFPG",OK,short_name=sdswrf units=W m**-2 startStep=18 endStep=22
2026-04-11,12,24,dswrf_to_lead,"EGLC,LFPG",OK,short_name=sdswrf units=W m**-2 startStep=18 endStep=24
2026-04-11,12,22,dswrf_to_lead_minus2,"EGLC,LFPG",OK,short_name=sdswrf units=W m**-2 startStep=18 endStep=22
2026-04-14,12,24,dswrf_to_lead,"EGLC,LFPG",OK,short_name=sdswrf units=W m**-2 startStep=18 endStep=24
2026-04-14,12,22,dswrf_to_lead_minus2,"EGLC,LFPG",OK,short_name=sdswrf units=W m**-2 startStep=18 endStep=22
2026-03-09,12,24,dswrf_to_lead,"EGLC,LFPG",OK,short_name=sdswrf units=W m**-2 startStep=18 endStep=24
2026-03-09,12,22,dswrf_to_lead_minus2,"EGLC,LFPG",OK,short_name=sdswrf units=W m**-2 startStep=18 endStep=22
2026-04-22,12,24,dswrf_to_lead,"EGLC,LFPG",OK,short_name=sdswrf units=W m**-2 startStep=18 endStep=24
2026-04-22,12,22,dswrf_to_lead_minus2,"EGLC,LFPG",OK,short_name=sdswrf units=W m**-2 startStep=18 endStep=22
2026-04-06,12,24,dswrf_to_lead,"EGLC,LFPG",OK,short_name=sdswrf units=W m**-2 startStep=18 endStep=24
2026-04-06,12,22,dswrf_to_lead_minus2,"EGLC,LFPG",OK,short_name=sdswrf units=W m**-2 startStep=18 endStep=22
2026-02-21,12,24,dswrf_to_lead,"EGLC,LFPG",OK,short_name=sdswrf units=W m**-2 startStep=18 endStep=24
2026-02-21,12,22,dswrf_to_lead_minus2,"EGLC,LFPG",OK,short_name=sdswrf units=W m**-2 startStep=18 endStep=22
2026-05-02,12,24,dswrf_to_lead,"EGLC,LFPG",OK,short_name=sdswrf units=W m**-2 startStep=18 endStep=24
2026-05-02,12,22,dswrf_to_lead_minus2,"EGLC,LFPG",OK,short_name=sdswrf units=W m**-2 startStep=18 endStep=22
2026-03-26,12,24,dswrf_to_lead,"EGLC,LFPG",OK,short_name=sdswrf units=W m**-2 startStep=18 endStep=24
2026-03-26,12,22,dswrf_to_lead_minus2,"EGLC,LFPG",OK,short_name=sdswrf units=W m**-2 startStep=18 endStep=22
2026-03-01,12,24,dswrf_to_lead,"EGLC,LFPG",OK,short_name=sdswrf units=W m**-2 startStep=18 endStep=24
2026-03-01,12,22,dswrf_to_lead_minus2,"EGLC,LFPG",OK,short_name=sdswrf units=W m**-2 startStep=18 endStep=22
2026-02-23,12,24,dswrf_to_lead,"EGLC,LFPG",OK,short_name=sdswrf units=W m**-2 startStep=18 endStep=24
2026-02-23,12,22,dswrf_to_lead_minus2,"EGLC,LFPG",OK,short_name=sdswrf units=W m**-2 startStep=18 endStep=22
2026-04-01,12,24,dswrf_to_lead,"EGLC,LFPG",OK,short_name=sdswrf units=W m**-2 startStep=18 endStep=24
2026-04-01,12,22,dswrf_to_lead_minus2,"EGLC,LFPG",OK,short_name=sdswrf units=W m**-2 startStep=18 endStep=22
2026-04-30,12,24,dswrf_to_lead,"EGLC,LFPG",OK,short_name=sdswrf units=W m**-2 startStep=18 endStep=24
2026-04-30,12,22,dswrf_to_lead_minus2,"EGLC,LFPG",OK,short_name=sdswrf units=W m**-2 startStep=18 endStep=22
2026-05-04,12,24,dswrf_to_lead,"EGLC,LFPG",OK,short_name=sdswrf units=W m**-2 startStep=18 endStep=24
2026-05-04,12,22,dswrf_to_lead_minus2,"EGLC,LFPG",OK,short_name=sdswrf units=W m**-2 startStep=18 endStep=22
2026-03-27,12,24,dswrf_to_lead,"EGLC,LFPG",OK,short_name=sdswrf units=W m**-2 startStep=18 endStep=24
2026-03-27,12,22,dswrf_to_lead_minus2,"EGLC,LFPG",OK,short_name=sdswrf units=W m**-2 startStep=18 endStep=22
2026-03-24,12,24,dswrf_to_lead,"EGLC,LFPG",OK,short_name=sdswrf units=W m**-2 startStep=18 endStep=24
2026-03-24,12,22,dswrf_to_lead_minus2,"EGLC,LFPG",OK,short_name=sdswrf units=W m**-2 startStep=18 endStep=22
2026-04-04,12,24,dswrf_to_lead,"EGLC,LFPG",OK,short_name=sdswrf units=W m**-2 startStep=18 endStep=24
2026-04-04,12,22,dswrf_to_lead_minus2,"EGLC,LFPG",OK,short_name=sdswrf units=W m**-2 startStep=18 endStep=22
2026-04-25,12,24,dswrf_to_lead,"EGLC,LFPG",OK,short_name=sdswrf units=W m**-2 startStep=18 endStep=24
2026-04-25,12,22,dswrf_to_lead_minus2,"EGLC,LFPG",OK,short_name=sdswrf units=W m**-2 startStep=18 endStep=22
2026-05-10,12,24,dswrf_to_lead,"EGLC,LFPG",OK,short_name=sdswrf units=W m**-2 startStep=18 endStep=24
2026-05-10,12,22,dswrf_to_lead_minus2,"EGLC,LFPG",OK,short_name=sdswrf units=W m**-2 startStep=18 endStep=22
2026-05-05,12,24,dswrf_to_lead,"EGLC,LFPG",OK,short_name=sdswrf units=W m**-2 startStep=18 endStep=24
2026-05-05,12,22,dswrf_to_lead_minus2,"EGLC,LFPG",OK,short_name=sdswrf units=W m**-2 startStep=18 endStep=22
2026-05-15,12,24,dswrf_to_lead,"EGLC,LFPG",OK,short_name=sdswrf units=W m**-2 startStep=18 endStep=24
2026-05-15,12,22,dswrf_to_lead_minus2,"EGLC,LFPG",OK,short_name=sdswrf units=W m**-2 startStep=18 endStep=22
2026-05-09,12,24,dswrf_to_lead,"EGLC,LFPG",OK,short_name=sdswrf units=W m**-2 startStep=18 endStep=24
2026-05-09,12,22,dswrf_to_lead_minus2,"EGLC,LFPG",OK,short_name=sdswrf units=W m**-2 startStep=18 endStep=22
2026-03-21,12,24,dswrf_to_lead,"EGLC,LFPG",OK,short_name=sdswrf units=W m**-2 startStep=18 endStep=24
2026-03-21,12,22,dswrf_to_lead_minus2,"EGLC,LFPG",OK,short_name=sdswrf units=W m**-2 startStep=18 endStep=22
2026-04-24,12,24,dswrf_to_lead,"EGLC,LFPG",OK,short_name=sdswrf units=W m**-2 startStep=18 endStep=24
2026-04-24,12,22,dswrf_to_lead_minus2,"EGLC,LFPG",OK,short_name=sdswrf units=W m**-2 startStep=18 endStep=22
2026-05-06,12,24,dswrf_to_lead,"EGLC,LFPG",OK,short_name=sdswrf units=W m**-2 startStep=18 endStep=24
2026-05-06,12,22,dswrf_to_lead_minus2,"EGLC,LFPG",OK,short_name=sdswrf units=W m**-2 startStep=18 endStep=22
2026-03-13,12,24,dswrf_to_lead,"EGLC,LFPG",OK,short_name=sdswrf units=W m**-2 startStep=18 endStep=24
2026-03-13,12,22,dswrf_to_lead_minus2,"EGLC,LFPG",OK,short_name=sdswrf units=W m**-2 startStep=18 endStep=22
2026-04-17,12,24,dswrf_to_lead,"EGLC,LFPG",OK,short_name=sdswrf units=W m**-2 startStep=18 endStep=24
2026-04-17,12,22,dswrf_to_lead_minus2,"EGLC,LFPG",OK,short_name=sdswrf units=W m**-2 startStep=18 endStep=22
2026-03-28,12,24,dswrf_to_lead,"EGLC,LFPG",OK,short_name=sdswrf units=W m**-2 startStep=18 endStep=24
2026-03-28,12,22,dswrf_to_lead_minus2,"EGLC,LFPG",OK,short_name=sdswrf units=W m**-2 startStep=18 endStep=22
2026-05-07,12,24,dswrf_to_lead,"EGLC,LFPG",OK,short_name=sdswrf units=W m**-2 startStep=18 endStep=24
2026-05-07,12,22,dswrf_to_lead_minus2,"EGLC,LFPG",OK,short_name=sdswrf units=W m**-2 startStep=18 endStep=22
2026-03-30,12,24,dswrf_to_lead,"EGLC,LFPG",OK,short_name=sdswrf units=W m**-2 startStep=18 endStep=24
2026-03-30,12,22,dswrf_to_lead_minus2,"EGLC,LFPG",OK,short_name=sdswrf units=W m**-2 startStep=18 endStep=22
2026-04-26,12,24,dswrf_to_lead,"EGLC,LFPG",OK,short_name=sdswrf units=W m**-2 startStep=18 endStep=24
2026-04-26,12,22,dswrf_to_lead_minus2,"EGLC,LFPG",OK,short_name=sdswrf units=W m**-2 startStep=18 endStep=22
2026-04-29,12,24,dswrf_to_lead,"EGLC,LFPG",OK,short_name=sdswrf units=W m**-2 startStep=18 endStep=24
2026-04-29,12,22,dswrf_to_lead_minus2,"EGLC,LFPG",OK,short_name=sdswrf units=W m**-2 startStep=18 endStep=22
2026-03-07,12,24,dswrf_to_lead,"EGLC,LFPG",OK,short_name=sdswrf units=W m**-2 startStep=18 endStep=24
2026-03-07,12,22,dswrf_to_lead_minus2,"EGLC,LFPG",OK,short_name=sdswrf units=W m**-2 startStep=18 endStep=22
2026-04-27,12,24,dswrf_to_lead,"EGLC,LFPG",OK,short_name=sdswrf units=W m**-2 startStep=18 endStep=24
2026-04-27,12,22,dswrf_to_lead_minus2,"EGLC,LFPG",OK,short_name=sdswrf units=W m**-2 startStep=18 endStep=22
2026-03-14,12,24,dswrf_to_lead,"EGLC,LFPG",OK,short_name=sdswrf units=W m**-2 startStep=18 endStep=24
2026-03-14,12,22,dswrf_to_lead_minus2,"EGLC,LFPG",OK,short_name=sdswrf units=W m**-2 startStep=18 endStep=22
2026-04-15,12,24,dswrf_to_lead,"EGLC,LFPG",OK,short_name=sdswrf units=W m**-2 startStep=18 endStep=24
2026-04-15,12,22,dswrf_to_lead_minus2,"EGLC,LFPG",OK,short_name=sdswrf units=W m**-2 startStep=18 endStep=22
2026-05-01,12,24,dswrf_to_lead,"EGLC,LFPG",OK,short_name=sdswrf units=W m**-2 startStep=18 endStep=24
2026-05-01,12,22,dswrf_to_lead_minus2,"EGLC,LFPG",OK,short_name=sdswrf units=W m**-2 startStep=18 endStep=22
2026-05-12,12,24,dswrf_to_lead,"EGLC,LFPG",OK,short_name=sdswrf units=W m**-2 startStep=18 endStep=24
2026-05-12,12,22,dswrf_to_lead_minus2,"EGLC,LFPG",OK,short_name=sdswrf units=W m**-2 startStep=18 endStep=22
2026-04-23,12,24,dswrf_to_lead,"EGLC,LFPG",OK,short_name=sdswrf units=W m**-2 startStep=18 endStep=24
2026-04-23,12,22,dswrf_to_lead_minus2,"EGLC,LFPG",OK,short_name=sdswrf units=W m**-2 startStep=18 endStep=22
2026-05-14,12,24,dswrf_to_lead,"EGLC,LFPG",OK,short_name=sdswrf units=W m**-2 startStep=18 endStep=24
2026-05-14,12,22,dswrf_to_lead_minus2,"EGLC,LFPG",OK,short_name=sdswrf units=W m**-2 startStep=18 endStep=22
2026-04-10,12,24,dswrf_to_lead,"EGLC,LFPG",OK,short_name=sdswrf units=W m**-2 startStep=18 endStep=24
2026-04-10,12,22,dswrf_to_lead_minus2,"EGLC,LFPG",OK,short_name=sdswrf units=W m**-2 startStep=18 endStep=22
2026-04-21,12,24,dswrf_to_lead,"EGLC,LFPG",OK,short_name=sdswrf units=W m**-2 startStep=18 endStep=24
2026-04-21,12,22,dswrf_to_lead_minus2,"EGLC,LFPG",OK,short_name=sdswrf units=W m**-2 startStep=18 endStep=22
2026-06-07,12,24,dswrf_to_lead,"EGLC,LFPG",OK,short_name=sdswrf units=W m**-2 startStep=18 endStep=24
2026-06-07,12,22,dswrf_to_lead_minus2,"EGLC,LFPG",OK,short_name=sdswrf units=W m**-2 startStep=18 endStep=22
2026-06-13,12,24,dswrf_to_lead,"EGLC,LFPG",OK,short_name=sdswrf units=W m**-2 startStep=18 endStep=24
2026-06-13,12,22,dswrf_to_lead_minus2,"EGLC,LFPG",OK,short_name=sdswrf units=W m**-2 startStep=18 endStep=22
2026-05-28,12,24,dswrf_to_lead,"EGLC,LFPG",OK,short_name=sdswrf units=W m**-2 startStep=18 endStep=24
2026-05-28,12,22,dswrf_to_lead_minus2,"EGLC,LFPG",OK,short_name=sdswrf units=W m**-2 startStep=18 endStep=22
2026-04-16,12,24,dswrf_to_lead,"EGLC,LFPG",OK,short_name=sdswrf units=W m**-2 startStep=18 endStep=24
2026-04-16,12,22,dswrf_to_lead_minus2,"EGLC,LFPG",OK,short_name=sdswrf units=W m**-2 startStep=18 endStep=22
2026-05-03,12,24,dswrf_to_lead,"EGLC,LFPG",OK,short_name=sdswrf units=W m**-2 startStep=18 endStep=24
2026-05-03,12,22,dswrf_to_lead_minus2,"EGLC,LFPG",OK,short_name=sdswrf units=W m**-2 startStep=18 endStep=22
2026-05-25,12,24,dswrf_to_lead,"EGLC,LFPG",OK,short_name=sdswrf units=W m**-2 startStep=18 endStep=24
2026-05-25,12,22,dswrf_to_lead_minus2,"EGLC,LFPG",OK,short_name=sdswrf units=W m**-2 startStep=18 endStep=22
2026-06-01,12,24,dswrf_to_lead,"EGLC,LFPG",OK,short_name=sdswrf units=W m**-2 startStep=18 endStep=24
2026-06-01,12,22,dswrf_to_lead_minus2,"EGLC,LFPG",OK,short_name=sdswrf units=W m**-2 startStep=18 endStep=22
2026-06-17,12,24,dswrf_to_lead,"EGLC,LFPG",OK,short_name=sdswrf units=W m**-2 startStep=18 endStep=24
2026-06-17,12,22,dswrf_to_lead_minus2,"EGLC,LFPG",OK,short_name=sdswrf units=W m**-2 startStep=18 endStep=22
2026-05-30,12,24,dswrf_to_lead,"EGLC,LFPG",OK,short_name=sdswrf units=W m**-2 startStep=18 endStep=24
2026-05-30,12,22,dswrf_to_lead_minus2,"EGLC,LFPG",OK,short_name=sdswrf units=W m**-2 startStep=18 endStep=22
2026-05-31,12,24,dswrf_to_lead,"EGLC,LFPG",OK,short_name=sdswrf units=W m**-2 startStep=18 endStep=24
2026-05-31,12,22,dswrf_to_lead_minus2,"EGLC,LFPG",OK,short_name=sdswrf units=W m**-2 startStep=18 endStep=22
2026-05-27,12,24,dswrf_to_lead,"EGLC,LFPG",OK,short_name=sdswrf units=W m**-2 startStep=18 endStep=24
2026-05-27,12,22,dswrf_to_lead_minus2,"EGLC,LFPG",OK,short_name=sdswrf units=W m**-2 startStep=18 endStep=22
2026-06-11,12,24,dswrf_to_lead,"EGLC,LFPG",OK,short_name=sdswrf units=W m**-2 startStep=18 endStep=24
2026-06-11,12,22,dswrf_to_lead_minus2,"EGLC,LFPG",OK,short_name=sdswrf units=W m**-2 startStep=18 endStep=22
2026-04-28,12,24,dswrf_to_lead,"EGLC,LFPG",OK,short_name=sdswrf units=W m**-2 startStep=18 endStep=24
2026-04-28,12,22,dswrf_to_lead_minus2,"EGLC,LFPG",OK,short_name=sdswrf units=W m**-2 startStep=18 endStep=22
2026-06-08,12,24,dswrf_to_lead,"EGLC,LFPG",OK,short_name=sdswrf units=W m**-2 startStep=18 endStep=24
2026-06-08,12,22,dswrf_to_lead_minus2,"EGLC,LFPG",OK,short_name=sdswrf units=W m**-2 startStep=18 endStep=22
2026-06-05,12,24,dswrf_to_lead,"EGLC,LFPG",OK,short_name=sdswrf units=W m**-2 startStep=18 endStep=24
2026-06-05,12,22,dswrf_to_lead_minus2,"EGLC,LFPG",OK,short_name=sdswrf units=W m**-2 startStep=18 endStep=22
2026-05-13,12,24,dswrf_to_lead,"EGLC,LFPG",OK,short_name=sdswrf units=W m**-2 startStep=18 endStep=24
2026-05-13,12,22,dswrf_to_lead_minus2,"EGLC,LFPG",OK,short_name=sdswrf units=W m**-2 startStep=18 endStep=22
2026-05-20,12,24,dswrf_to_lead,"EGLC,LFPG",OK,short_name=sdswrf units=W m**-2 startStep=18 endStep=24
2026-05-20,12,22,dswrf_to_lead_minus2,"EGLC,LFPG",OK,short_name=sdswrf units=W m**-2 startStep=18 endStep=22
2026-05-24,12,24,dswrf_to_lead,"EGLC,LFPG",OK,short_name=sdswrf units=W m**-2 startStep=18 endStep=24
2026-05-24,12,22,dswrf_to_lead_minus2,"EGLC,LFPG",OK,short_name=sdswrf units=W m**-2 startStep=18 endStep=22
2026-05-18,12,24,dswrf_to_lead,"EGLC,LFPG",OK,short_name=sdswrf units=W m**-2 startStep=18 endStep=24
2026-05-18,12,22,dswrf_to_lead_minus2,"EGLC,LFPG",OK,short_name=sdswrf units=W m**-2 startStep=18 endStep=22
2026-06-04,12,24,dswrf_to_lead,"EGLC,LFPG",OK,short_name=sdswrf units=W m**-2 startStep=18 endStep=24
2026-06-04,12,22,dswrf_to_lead_minus2,"EGLC,LFPG",OK,short_name=sdswrf units=W m**-2 startStep=18 endStep=22
2026-04-02,12,24,dswrf_to_lead,"EGLC,LFPG",OK,short_name=sdswrf units=W m**-2 startStep=18 endStep=24
2026-04-02,12,22,dswrf_to_lead_minus2,"EGLC,LFPG",OK,short_name=sdswrf units=W m**-2 startStep=18 endStep=22
2026-05-17,12,24,dswrf_to_lead,"EGLC,LFPG",OK,short_name=sdswrf units=W m**-2 startStep=18 endStep=24
2026-05-17,12,22,dswrf_to_lead_minus2,"EGLC,LFPG",OK,short_name=sdswrf units=W m**-2 startStep=18 endStep=22
2026-06-02,12,24,dswrf_to_lead,"EGLC,LFPG",OK,short_name=sdswrf units=W m**-2 startStep=18 endStep=24
2026-06-02,12,22,dswrf_to_lead_minus2,"EGLC,LFPG",OK,short_name=sdswrf units=W m**-2 startStep=18 endStep=22
2026-05-19,12,24,dswrf_to_lead,"EGLC,LFPG",OK,short_name=sdswrf units=W m**-2 startStep=18 endStep=24
2026-05-19,12,22,dswrf_to_lead_minus2,"EGLC,LFPG",OK,short_name=sdswrf units=W m**-2 startStep=18 endStep=22
2026-02-15,12,24,dswrf_to_lead,"EGLC,LFPG",OK,short_name=sdswrf units=W m**-2 startStep=18 endStep=24
2026-02-15,12,22,dswrf_to_lead_minus2,"EGLC,LFPG",OK,short_name=sdswrf units=W m**-2 startStep=18 endStep=22
2026-06-18,12,24,dswrf_to_lead,"EGLC,LFPG",OK,short_name=sdswrf units=W m**-2 startStep=18 endStep=24
2026-06-18,12,22,dswrf_to_lead_minus2,"EGLC,LFPG",OK,short_name=sdswrf units=W m**-2 startStep=18 endStep=22
2026-05-11,12,24,dswrf_to_lead,"EGLC,LFPG",OK,short_name=sdswrf units=W m**-2 startStep=18 endStep=24
2026-05-11,12,22,dswrf_to_lead_minus2,"EGLC,LFPG",OK,short_name=sdswrf units=W m**-2 startStep=18 endStep=22
2026-06-16,12,24,dswrf_to_lead,"EGLC,LFPG",OK,short_name=sdswrf units=W m**-2 startStep=18 endStep=24
2026-06-16,12,22,dswrf_to_lead_minus2,"EGLC,LFPG",OK,short_name=sdswrf units=W m**-2 startStep=18 endStep=22
2026-05-08,12,24,dswrf_to_lead,"EGLC,LFPG",OK,short_name=sdswrf units=W m**-2 startStep=18 endStep=24
2026-05-08,12,22,dswrf_to_lead_minus2,"EGLC,LFPG",OK,short_name=sdswrf units=W m**-2 startStep=18 endStep=22
2026-06-19,12,24,dswrf_to_lead,"EGLC,LFPG",OK,short_name=sdswrf units=W m**-2 startStep=18 endStep=24
2026-06-19,12,22,dswrf_to_lead_minus2,"EGLC,LFPG",OK,short_name=sdswrf units=W m**-2 startStep=18 endStep=22
2026-06-20,12,24,dswrf_to_lead,"EGLC,LFPG",OK,short_name=sdswrf units=W m**-2 startStep=18 endStep=24
2026-06-20,12,22,dswrf_to_lead_minus2,"EGLC,LFPG",OK,short_name=sdswrf units=W m**-2 startStep=18 endStep=22
2026-06-29,12,24,dswrf_to_lead,"EGLC,LFPG",OK,short_name=sdswrf units=W m**-2 startStep=18 endStep=24
2026-06-29,12,22,dswrf_to_lead_minus2,"EGLC,LFPG",OK,short_name=sdswrf units=W m**-2 startStep=18 endStep=22
2026-06-15,12,24,dswrf_to_lead,"EGLC,LFPG",OK,short_name=sdswrf units=W m**-2 startStep=18 endStep=24
2026-06-15,12,22,dswrf_to_lead_minus2,"EGLC,LFPG",OK,short_name=sdswrf units=W m**-2 startStep=18 endStep=22
2026-06-22,12,24,dswrf_to_lead,"EGLC,LFPG",OK,short_name=sdswrf units=W m**-2 startStep=18 endStep=24
2026-06-22,12,22,dswrf_to_lead_minus2,"EGLC,LFPG",OK,short_name=sdswrf units=W m**-2 startStep=18 endStep=22
2026-06-21,12,24,dswrf_to_lead,"EGLC,LFPG",OK,short_name=sdswrf units=W m**-2 startStep=18 endStep=24
2026-06-21,12,22,dswrf_to_lead_minus2,"EGLC,LFPG",OK,short_name=sdswrf units=W m**-2 startStep=18 endStep=22
2026-05-16,12,24,dswrf_to_lead,"EGLC,LFPG",OK,short_name=sdswrf units=W m**-2 startStep=18 endStep=24
2026-05-16,12,22,dswrf_to_lead_minus2,"EGLC,LFPG",OK,short_name=sdswrf units=W m**-2 startStep=18 endStep=22
2026-06-30,12,24,dswrf_to_lead,"EGLC,LFPG",OK,short_name=sdswrf units=W m**-2 startStep=18 endStep=24
2026-06-30,12,22,dswrf_to_lead_minus2,"EGLC,LFPG",OK,short_name=sdswrf units=W m**-2 startStep=18 endStep=22
2026-07-02,12,24,dswrf_to_lead,"EGLC,LFPG",OK,short_name=sdswrf units=W m**-2 startStep=18 endStep=24
2026-07-02,12,22,dswrf_to_lead_minus2,"EGLC,LFPG",OK,short_name=sdswrf units=W m**-2 startStep=18 endStep=22
2026-07-01,12,24,dswrf_to_lead,"EGLC,LFPG",OK,short_name=sdswrf units=W m**-2 startStep=18 endStep=24
2026-07-01,12,22,dswrf_to_lead_minus2,"EGLC,LFPG",OK,short_name=sdswrf units=W m**-2 startStep=18 endStep=22
2026-06-12,12,24,dswrf_to_lead,"EGLC,LFPG",OK,short_name=sdswrf units=W m**-2 startStep=18 endStep=24
2026-06-12,12,22,dswrf_to_lead_minus2,"EGLC,LFPG",OK,short_name=sdswrf units=W m**-2 startStep=18 endStep=22
2026-05-21,12,24,dswrf_to_lead,"EGLC,LFPG",OK,short_name=sdswrf units=W m**-2 startStep=18 endStep=24
2026-05-21,12,22,dswrf_to_lead_minus2,"EGLC,LFPG",OK,short_name=sdswrf units=W m**-2 startStep=18 endStep=22
2026-07-17,12,24,dswrf_to_lead,"EGLC,LFPG",OK,short_name=sdswrf units=W m**-2 startStep=18 endStep=24
2026-07-17,12,22,dswrf_to_lead_minus2,"EGLC,LFPG",OK,short_name=sdswrf units=W m**-2 startStep=18 endStep=22
2026-05-23,12,24,dswrf_to_lead,"EGLC,LFPG",OK,short_name=sdswrf units=W m**-2 startStep=18 endStep=24
2026-05-23,12,22,dswrf_to_lead_minus2,"EGLC,LFPG",OK,short_name=sdswrf units=W m**-2 startStep=18 endStep=22
2026-07-20,12,24,dswrf_to_lead,"EGLC,LFPG",OK,short_name=sdswrf units=W m**-2 startStep=18 endStep=24
2026-07-20,12,22,dswrf_to_lead_minus2,"EGLC,LFPG",OK,short_name=sdswrf units=W m**-2 startStep=18 endStep=22
2026-06-10,12,24,dswrf_to_lead,"EGLC,LFPG",OK,short_name=sdswrf units=W m**-2 startStep=18 endStep=24
2026-06-10,12,22,dswrf_to_lead_minus2,"EGLC,LFPG",OK,short_name=sdswrf units=W m**-2 startStep=18 endStep=22
2026-06-28,12,24,dswrf_to_lead,"EGLC,LFPG",OK,short_name=sdswrf units=W m**-2 startStep=18 endStep=24
2026-06-28,12,22,dswrf_to_lead_minus2,"EGLC,LFPG",OK,short_name=sdswrf units=W m**-2 startStep=18 endStep=22
2026-07-08,12,24,dswrf_to_lead,"EGLC,LFPG",OK,short_name=sdswrf units=W m**-2 startStep=18 endStep=24
2026-07-08,12,22,dswrf_to_lead_minus2,"EGLC,LFPG",OK,short_name=sdswrf units=W m**-2 startStep=18 endStep=22
2026-07-05,12,24,dswrf_to_lead,"EGLC,LFPG",OK,short_name=sdswrf units=W m**-2 startStep=18 endStep=24
2026-07-05,12,22,dswrf_to_lead_minus2,"EGLC,LFPG",OK,short_name=sdswrf units=W m**-2 startStep=18 endStep=22
2026-05-29,12,24,dswrf_to_lead,"EGLC,LFPG",OK,short_name=sdswrf units=W m**-2 startStep=18 endStep=24
2026-05-29,12,22,dswrf_to_lead_minus2,"EGLC,LFPG",OK,short_name=sdswrf units=W m**-2 startStep=18 endStep=22
2026-05-22,12,24,dswrf_to_lead,"EGLC,LFPG",OK,short_name=sdswrf units=W m**-2 startStep=18 endStep=24
2026-05-22,12,22,dswrf_to_lead_minus2,"EGLC,LFPG",OK,short_name=sdswrf units=W m**-2 startStep=18 endStep=22
2026-07-04,12,24,dswrf_to_lead,"EGLC,LFPG",OK,short_name=sdswrf units=W m**-2 startStep=18 endStep=24
2026-07-04,12,22,dswrf_to_lead_minus2,"EGLC,LFPG",OK,short_name=sdswrf units=W m**-2 startStep=18 endStep=22
2026-06-03,12,24,dswrf_to_lead,"EGLC,LFPG",OK,short_name=sdswrf units=W m**-2 startStep=18 endStep=24
2026-06-03,12,22,dswrf_to_lead_minus2,"EGLC,LFPG",OK,short_name=sdswrf units=W m**-2 startStep=18 endStep=22
2026-07-18,12,24,dswrf_to_lead,"EGLC,LFPG",OK,short_name=sdswrf units=W m**-2 startStep=18 endStep=24
2026-07-18,12,22,dswrf_to_lead_minus2,"EGLC,LFPG",OK,short_name=sdswrf units=W m**-2 startStep=18 endStep=22
2026-06-06,12,24,dswrf_to_lead,"EGLC,LFPG",OK,short_name=sdswrf units=W m**-2 startStep=18 endStep=24
2026-06-06,12,22,dswrf_to_lead_minus2,"EGLC,LFPG",OK,short_name=sdswrf units=W m**-2 startStep=18 endStep=22
2026-06-14,12,24,dswrf_to_lead,"EGLC,LFPG",OK,short_name=sdswrf units=W m**-2 startStep=18 endStep=24
2026-06-14,12,22,dswrf_to_lead_minus2,"EGLC,LFPG",OK,short_name=sdswrf units=W m**-2 startStep=18 endStep=22
2026-07-13,12,24,dswrf_to_lead,"EGLC,LFPG",OK,short_name=sdswrf units=W m**-2 startStep=18 endStep=24
2026-07-13,12,22,dswrf_to_lead_minus2,"EGLC,LFPG",OK,short_name=sdswrf units=W m**-2 startStep=18 endStep=22
2026-06-26,12,24,dswrf_to_lead,"EGLC,LFPG",OK,short_name=sdswrf units=W m**-2 startStep=18 endStep=24
2026-06-26,12,22,dswrf_to_lead_minus2,"EGLC,LFPG",OK,short_name=sdswrf units=W m**-2 startStep=18 endStep=22
2026-07-03,12,24,dswrf_to_lead,"EGLC,LFPG",OK,short_name=sdswrf units=W m**-2 startStep=18 endStep=24
2026-07-03,12,22,dswrf_to_lead_minus2,"EGLC,LFPG",OK,short_name=sdswrf units=W m**-2 startStep=18 endStep=22
2026-06-24,12,24,dswrf_to_lead,"EGLC,LFPG",OK,short_name=sdswrf units=W m**-2 startStep=18 endStep=24
2026-06-24,12,22,dswrf_to_lead_minus2,"EGLC,LFPG",OK,short_name=sdswrf units=W m**-2 startStep=18 endStep=22
2026-07-19,12,24,dswrf_to_lead,"EGLC,LFPG",OK,short_name=sdswrf units=W m**-2 startStep=18 endStep=24
2026-07-19,12,22,dswrf_to_lead_minus2,"EGLC,LFPG",OK,short_name=sdswrf units=W m**-2 startStep=18 endStep=22
2026-07-14,12,24,dswrf_to_lead,"EGLC,LFPG",OK,short_name=sdswrf units=W m**-2 startStep=18 endStep=24
2026-07-14,12,22,dswrf_to_lead_minus2,"EGLC,LFPG",OK,short_name=sdswrf units=W m**-2 startStep=18 endStep=22
2026-07-12,12,24,dswrf_to_lead,"EGLC,LFPG",OK,short_name=sdswrf units=W m**-2 startStep=18 endStep=24
2026-07-12,12,22,dswrf_to_lead_minus2,"EGLC,LFPG",OK,short_name=sdswrf units=W m**-2 startStep=18 endStep=22
2021-03-24,18,24,dswrf_to_lead,DSM,OK,short_name=sdswrf units=W m**-2 startStep=18 endStep=24
2021-03-24,18,22,dswrf_to_lead_minus2,DSM,OK,short_name=sdswrf units=W m**-2 startStep=18 endStep=22
2021-04-01,18,24,dswrf_to_lead,DSM,OK,short_name=sdswrf units=W m**-2 startStep=18 endStep=24
2021-04-01,18,22,dswrf_to_lead_minus2,DSM,OK,short_name=sdswrf units=W m**-2 startStep=18 endStep=22
2026-07-28,12,24,dswrf_to_lead,"EGLC,LFPG",OK,short_name=sdswrf units=W m**-2 startStep=18 endStep=24
2026-07-28,12,22,dswrf_to_lead_minus2,"EGLC,LFPG",OK,short_name=sdswrf units=W m**-2 startStep=18 endStep=22
2026-06-23,12,24,dswrf_to_lead,"EGLC,LFPG",OK,short_name=sdswrf units=W m**-2 startStep=18 endStep=24
2026-06-23,12,22,dswrf_to_lead_minus2,"EGLC,LFPG",OK,short_name=sdswrf units=W m**-2 startStep=18 endStep=22
2026-07-21,12,24,dswrf_to_lead,"EGLC,LFPG",OK,short_name=sdswrf units=W m**-2 startStep=18 endStep=24
2026-07-21,12,22,dswrf_to_lead_minus2,"EGLC,LFPG",OK,short_name=sdswrf units=W m**-2 startStep=18 endStep=22
2021-04-06,18,24,dswrf_to_lead,DSM,OK,short_name=sdswrf units=W m**-2 startStep=18 endStep=24
2021-04-06,18,22,dswrf_to_lead_minus2,DSM,OK,short_name=sdswrf units=W m**-2 startStep=18 endStep=22
2026-07-22,12,24,dswrf_to_lead,"EGLC,LFPG",OK,short_name=sdswrf units=W m**-2 startStep=18 endStep=24
2026-07-22,12,22,dswrf_to_lead_minus2,"EGLC,LFPG",OK,short_name=sdswrf units=W m**-2 startStep=18 endStep=22
2026-07-26,12,24,dswrf_to_lead,"EGLC,LFPG",OK,short_name=sdswrf units=W m**-2 startStep=18 endStep=24
2026-07-26,12,22,dswrf_to_lead_minus2,"EGLC,LFPG",OK,short_name=sdswrf units=W m**-2 startStep=18 endStep=22
2026-07-11,12,24,dswrf_to_lead,"EGLC,LFPG",OK,short_name=sdswrf units=W m**-2 startStep=18 endStep=24
2026-07-11,12,22,dswrf_to_lead_minus2,"EGLC,LFPG",OK,short_name=sdswrf units=W m**-2 startStep=18 endStep=22
2026-06-25,12,24,dswrf_to_lead,"EGLC,LFPG",OK,short_name=sdswrf units=W m**-2 startStep=18 endStep=24
2026-06-25,12,22,dswrf_to_lead_minus2,"EGLC,LFPG",OK,short_name=sdswrf units=W m**-2 startStep=18 endStep=22
2021-04-25,18,24,dswrf_to_lead,DSM,OK,short_name=sdswrf units=W m**-2 startStep=18 endStep=24
2021-04-25,18,22,dswrf_to_lead_minus2,DSM,OK,short_name=sdswrf units=W m**-2 startStep=18 endStep=22
2021-04-10,18,24,dswrf_to_lead,DSM,OK,short_name=sdswrf units=W m**-2 startStep=18 endStep=24
2021-04-10,18,22,dswrf_to_lead_minus2,DSM,OK,short_name=sdswrf units=W m**-2 startStep=18 endStep=22
2026-05-26,12,24,dswrf_to_lead,"EGLC,LFPG",OK,short_name=sdswrf units=W m**-2 startStep=18 endStep=24
2026-05-26,12,22,dswrf_to_lead_minus2,"EGLC,LFPG",OK,short_name=sdswrf units=W m**-2 startStep=18 endStep=22
2026-06-27,12,24,dswrf_to_lead,"EGLC,LFPG",OK,short_name=sdswrf units=W m**-2 startStep=18 endStep=24
2026-06-27,12,22,dswrf_to_lead_minus2,"EGLC,LFPG",OK,short_name=sdswrf units=W m**-2 startStep=18 endStep=22
2021-04-03,18,24,dswrf_to_lead,DSM,OK,short_name=sdswrf units=W m**-2 startStep=18 endStep=24
2021-04-03,18,22,dswrf_to_lead_minus2,DSM,OK,short_name=sdswrf units=W m**-2 startStep=18 endStep=22
2021-03-25,18,24,dswrf_to_lead,DSM,OK,short_name=sdswrf units=W m**-2 startStep=18 endStep=24
2021-03-25,18,22,dswrf_to_lead_minus2,DSM,OK,short_name=sdswrf units=W m**-2 startStep=18 endStep=22
2026-07-24,12,24,dswrf_to_lead,"EGLC,LFPG",OK,short_name=sdswrf units=W m**-2 startStep=18 endStep=24
2026-07-24,12,22,dswrf_to_lead_minus2,"EGLC,LFPG",OK,short_name=sdswrf units=W m**-2 startStep=18 endStep=22
2021-03-28,18,24,dswrf_to_lead,DSM,OK,short_name=sdswrf units=W m**-2 startStep=18 endStep=24
2021-03-28,18,22,dswrf_to_lead_minus2,DSM,OK,short_name=sdswrf units=W m**-2 startStep=18 endStep=22
2026-07-15,12,24,dswrf_to_lead,"EGLC,LFPG",OK,short_name=sdswrf units=W m**-2 startStep=18 endStep=24
2026-07-15,12,22,dswrf_to_lead_minus2,"EGLC,LFPG",OK,short_name=sdswrf units=W m**-2 startStep=18 endStep=22
2021-04-18,18,24,dswrf_to_lead,DSM,OK,short_name=sdswrf units=W m**-2 startStep=18 endStep=24
2021-04-18,18,22,dswrf_to_lead_minus2,DSM,OK,short_name=sdswrf units=W m**-2 startStep=18 endStep=22
2021-03-26,18,24,dswrf_to_lead,DSM,OK,short_name=sdswrf units=W m**-2 startStep=18 endStep=24
2021-03-26,18,22,dswrf_to_lead_minus2,DSM,OK,short_name=sdswrf units=W m**-2 startStep=18 endStep=22
2021-04-11,18,24,dswrf_to_lead,DSM,OK,short_name=sdswrf units=W m**-2 startStep=18 endStep=24
2021-04-11,18,22,dswrf_to_lead_minus2,DSM,OK,short_name=sdswrf units=W m**-2 startStep=18 endStep=22
2021-04-21,18,24,dswrf_to_lead,DSM,OK,short_name=sdswrf units=W m**-2 startStep=18 endStep=24
2021-04-21,18,22,dswrf_to_lead_minus2,DSM,OK,short_name=sdswrf units=W m**-2 startStep=18 endStep=22
2021-04-27,18,24,dswrf_to_lead,DSM,OK,short_name=sdswrf units=W m**-2 startStep=18 endStep=24
2021-04-27,18,22,dswrf_to_lead_minus2,DSM,OK,short_name=sdswrf units=W m**-2 startStep=18 endStep=22
2026-07-10,12,24,dswrf_to_lead,"EGLC,LFPG",OK,short_name=sdswrf units=W m**-2 startStep=18 endStep=24
2026-07-10,12,22,dswrf_to_lead_minus2,"EGLC,LFPG",OK,short_name=sdswrf units=W m**-2 startStep=18 endStep=22
2026-07-29,12,24,dswrf_to_lead,"EGLC,LFPG",OK,short_name=sdswrf units=W m**-2 startStep=18 endStep=24
2026-07-29,12,22,dswrf_to_lead_minus2,"EGLC,LFPG",OK,short_name=sdswrf units=W m**-2 startStep=18 endStep=22
2026-07-16,12,24,dswrf_to_lead,"EGLC,LFPG",OK,short_name=sdswrf units=W m**-2 startStep=18 endStep=24
2026-07-16,12,22,dswrf_to_lead_minus2,"EGLC,LFPG",OK,short_name=sdswrf units=W m**-2 startStep=18 endStep=22
2026-07-27,12,24,dswrf_to_lead,"EGLC,LFPG",OK,short_name=sdswrf units=W m**-2 startStep=18 endStep=24
2026-07-27,12,22,dswrf_to_lead_minus2,"EGLC,LFPG",OK,short_name=sdswrf units=W m**-2 startStep=18 endStep=22
2021-03-29,18,24,dswrf_to_lead,DSM,OK,short_name=sdswrf units=W m**-2 startStep=18 endStep=24
2021-03-29,18,22,dswrf_to_lead_minus2,DSM,OK,short_name=sdswrf units=W m**-2 startStep=18 endStep=22
2021-04-07,18,24,dswrf_to_lead,DSM,OK,short_name=sdswrf units=W m**-2 startStep=18 endStep=24
2021-04-07,18,22,dswrf_to_lead_minus2,DSM,OK,short_name=sdswrf units=W m**-2 startStep=18 endStep=22
2021-03-31,18,24,dswrf_to_lead,DSM,OK,short_name=sdswrf units=W m**-2 startStep=18 endStep=24
2021-03-31,18,22,dswrf_to_lead_minus2,DSM,OK,short_name=sdswrf units=W m**-2 startStep=18 endStep=22
2021-04-28,18,24,dswrf_to_lead,DSM,OK,short_name=sdswrf units=W m**-2 startStep=18 endStep=24
2021-04-28,18,22,dswrf_to_lead_minus2,DSM,OK,short_name=sdswrf units=W m**-2 startStep=18 endStep=22
2021-04-26,18,24,dswrf_to_lead,DSM,OK,short_name=sdswrf units=W m**-2 startStep=18 endStep=24
2021-04-26,18,22,dswrf_to_lead_minus2,DSM,OK,short_name=sdswrf units=W m**-2 startStep=18 endStep=22
2021-04-19,18,24,dswrf_to_lead,DSM,OK,short_name=sdswrf units=W m**-2 startStep=18 endStep=24
2021-04-19,18,22,dswrf_to_lead_minus2,DSM,OK,short_name=sdswrf units=W m**-2 startStep=18 endStep=22
2021-04-14,18,24,dswrf_to_lead,DSM,OK,short_name=sdswrf units=W m**-2 startStep=18 endStep=24
2021-04-14,18,22,dswrf_to_lead_minus2,DSM,OK,short_name=sdswrf units=W m**-2 startStep=18 endStep=22
2026-07-30,12,24,dswrf_to_lead,"EGLC,LFPG",OK,short_name=sdswrf units=W m**-2 startStep=18 endStep=24
2026-07-30,12,22,dswrf_to_lead_minus2,"EGLC,LFPG",OK,short_name=sdswrf units=W m**-2 startStep=18 endStep=22
2026-07-25,12,24,dswrf_to_lead,"EGLC,LFPG",OK,short_name=sdswrf units=W m**-2 startStep=18 endStep=24
2026-07-25,12,22,dswrf_to_lead_minus2,"EGLC,LFPG",OK,short_name=sdswrf units=W m**-2 startStep=18 endStep=22
2021-03-23,18,24,dswrf_to_lead,DSM,OK,short_name=sdswrf units=W m**-2 startStep=18 endStep=24
2021-03-23,18,22,dswrf_to_lead_minus2,DSM,OK,short_name=sdswrf units=W m**-2 startStep=18 endStep=22
2026-07-23,12,24,dswrf_to_lead,"EGLC,LFPG",OK,short_name=sdswrf units=W m**-2 startStep=18 endStep=24
2026-07-23,12,22,dswrf_to_lead_minus2,"EGLC,LFPG",OK,short_name=sdswrf units=W m**-2 startStep=18 endStep=22
2021-04-23,18,24,dswrf_to_lead,DSM,OK,short_name=sdswrf units=W m**-2 startStep=18 endStep=24
2021-04-23,18,22,dswrf_to_lead_minus2,DSM,OK,short_name=sdswrf units=W m**-2 startStep=18 endStep=22
2026-06-09,12,24,dswrf_to_lead,"EGLC,LFPG",OK,short_name=sdswrf units=W m**-2 startStep=18 endStep=24
2026-06-09,12,22,dswrf_to_lead_minus2,"EGLC,LFPG",OK,short_name=sdswrf units=W m**-2 startStep=18 endStep=22
2021-04-17,18,24,dswrf_to_lead,DSM,OK,short_name=sdswrf units=W m**-2 startStep=18 endStep=24
2021-04-17,18,22,dswrf_to_lead_minus2,DSM,OK,short_name=sdswrf units=W m**-2 startStep=18 endStep=22
2021-04-08,18,24,dswrf_to_lead,DSM,OK,short_name=sdswrf units=W m**-2 startStep=18 endStep=24
2021-04-08,18,22,dswrf_to_lead_minus2,DSM,OK,short_name=sdswrf units=W m**-2 startStep=18 endStep=22
2026-07-06,12,24,dswrf_to_lead,"EGLC,LFPG",OK,short_name=sdswrf units=W m**-2 startStep=18 endStep=24
2026-07-06,12,22,dswrf_to_lead_minus2,"EGLC,LFPG",OK,short_name=sdswrf units=W m**-2 startStep=18 endStep=22
2021-04-15,18,24,dswrf_to_lead,DSM,OK,short_name=sdswrf units=W m**-2 startStep=18 endStep=24
2021-04-15,18,22,dswrf_to_lead_minus2,DSM,OK,short_name=sdswrf units=W m**-2 startStep=18 endStep=22
2021-04-12,18,24,dswrf_to_lead,DSM,OK,short_name=sdswrf units=W m**-2 startStep=18 endStep=24
2021-04-12,18,22,dswrf_to_lead_minus2,DSM,OK,short_name=sdswrf units=W m**-2 startStep=18 endStep=22
2021-04-05,18,24,dswrf_to_lead,DSM,OK,short_name=sdswrf units=W m**-2 startStep=18 endStep=24
2021-04-05,18,22,dswrf_to_lead_minus2,DSM,OK,short_name=sdswrf units=W m**-2 startStep=18 endStep=22
2021-04-30,18,24,dswrf_to_lead,DSM,OK,short_name=sdswrf units=W m**-2 startStep=18 endStep=24
2021-04-30,18,22,dswrf_to_lead_minus2,DSM,OK,short_name=sdswrf units=W m**-2 startStep=18 endStep=22
2026-07-07,12,24,dswrf_to_lead,"EGLC,LFPG",OK,short_name=sdswrf units=W m**-2 startStep=18 endStep=24
2026-07-07,12,22,dswrf_to_lead_minus2,"EGLC,LFPG",OK,short_name=sdswrf units=W m**-2 startStep=18 endStep=22
2021-04-22,18,24,dswrf_to_lead,DSM,OK,short_name=sdswrf units=W m**-2 startStep=18 endStep=24
2021-04-22,18,22,dswrf_to_lead_minus2,DSM,OK,short_name=sdswrf units=W m**-2 startStep=18 endStep=22
2021-05-09,18,24,dswrf_to_lead,DSM,OK,short_name=sdswrf units=W m**-2 startStep=18 endStep=24
2021-05-09,18,22,dswrf_to_lead_minus2,DSM,OK,short_name=sdswrf units=W m**-2 startStep=18 endStep=22
2021-05-23,18,24,dswrf_to_lead,DSM,OK,short_name=sdswrf units=W m**-2 startStep=18 endStep=24
2021-05-23,18,22,dswrf_to_lead_minus2,DSM,OK,short_name=sdswrf units=W m**-2 startStep=18 endStep=22
2021-04-24,18,24,dswrf_to_lead,DSM,OK,short_name=sdswrf units=W m**-2 startStep=18 endStep=24
2021-04-24,18,22,dswrf_to_lead_minus2,DSM,OK,short_name=sdswrf units=W m**-2 startStep=18 endStep=22
2021-05-22,18,24,dswrf_to_lead,DSM,OK,short_name=sdswrf units=W m**-2 startStep=18 endStep=24
2021-05-22,18,22,dswrf_to_lead_minus2,DSM,OK,short_name=sdswrf units=W m**-2 startStep=18 endStep=22
2021-04-09,18,24,dswrf_to_lead,DSM,OK,short_name=sdswrf units=W m**-2 startStep=18 endStep=24
2021-04-09,18,22,dswrf_to_lead_minus2,DSM,OK,short_name=sdswrf units=W m**-2 startStep=18 endStep=22
2021-05-01,18,24,dswrf_to_lead,DSM,OK,short_name=sdswrf units=W m**-2 startStep=18 endStep=24
2021-05-01,18,22,dswrf_to_lead_minus2,DSM,OK,short_name=sdswrf units=W m**-2 startStep=18 endStep=22
2021-05-06,18,24,dswrf_to_lead,DSM,OK,short_name=sdswrf units=W m**-2 startStep=18 endStep=24
2021-05-06,18,22,dswrf_to_lead_minus2,DSM,OK,short_name=sdswrf units=W m**-2 startStep=18 endStep=22
2021-04-02,18,24,dswrf_to_lead,DSM,OK,short_name=sdswrf units=W m**-2 startStep=18 endStep=24
2021-04-02,18,22,dswrf_to_lead_minus2,DSM,OK,short_name=sdswrf units=W m**-2 startStep=18 endStep=22
2021-05-12,18,24,dswrf_to_lead,DSM,OK,short_name=sdswrf units=W m**-2 startStep=18 endStep=24
2021-05-12,18,22,dswrf_to_lead_minus2,DSM,OK,short_name=sdswrf units=W m**-2 startStep=18 endStep=22
2021-05-25,18,24,dswrf_to_lead,DSM,OK,short_name=sdswrf units=W m**-2 startStep=18 endStep=24
2021-05-25,18,22,dswrf_to_lead_minus2,DSM,OK,short_name=sdswrf units=W m**-2 startStep=18 endStep=22
2021-04-16,18,24,dswrf_to_lead,DSM,OK,short_name=sdswrf units=W m**-2 startStep=18 endStep=24
2021-04-16,18,22,dswrf_to_lead_minus2,DSM,OK,short_name=sdswrf units=W m**-2 startStep=18 endStep=22
2021-03-27,18,24,dswrf_to_lead,DSM,OK,short_name=sdswrf units=W m**-2 startStep=18 endStep=24
2021-03-27,18,22,dswrf_to_lead_minus2,DSM,OK,short_name=sdswrf units=W m**-2 startStep=18 endStep=22
2026-07-09,12,24,dswrf_to_lead,"EGLC,LFPG",OK,short_name=sdswrf units=W m**-2 startStep=18 endStep=24
2026-07-09,12,22,dswrf_to_lead_minus2,"EGLC,LFPG",OK,short_name=sdswrf units=W m**-2 startStep=18 endStep=22
2021-04-13,18,24,dswrf_to_lead,DSM,OK,short_name=sdswrf units=W m**-2 startStep=18 endStep=24
2021-04-13,18,22,dswrf_to_lead_minus2,DSM,OK,short_name=sdswrf units=W m**-2 startStep=18 endStep=22
2021-05-14,18,24,dswrf_to_lead,DSM,OK,short_name=sdswrf units=W m**-2 startStep=18 endStep=24
2021-05-14,18,22,dswrf_to_lead_minus2,DSM,OK,short_name=sdswrf units=W m**-2 startStep=18 endStep=22
2021-05-11,18,24,dswrf_to_lead,DSM,OK,short_name=sdswrf units=W m**-2 startStep=18 endStep=24
2021-05-11,18,22,dswrf_to_lead_minus2,DSM,OK,short_name=sdswrf units=W m**-2 startStep=18 endStep=22
2021-03-30,18,24,dswrf_to_lead,DSM,OK,short_name=sdswrf units=W m**-2 startStep=18 endStep=24
2021-03-30,18,22,dswrf_to_lead_minus2,DSM,OK,short_name=sdswrf units=W m**-2 startStep=18 endStep=22
2021-04-04,18,24,dswrf_to_lead,DSM,OK,short_name=sdswrf units=W m**-2 startStep=18 endStep=24
2021-04-04,18,22,dswrf_to_lead_minus2,DSM,OK,short_name=sdswrf units=W m**-2 startStep=18 endStep=22
2021-05-31,18,24,dswrf_to_lead,DSM,OK,short_name=sdswrf units=W m**-2 startStep=18 endStep=24
2021-05-31,18,22,dswrf_to_lead_minus2,DSM,OK,short_name=sdswrf units=W m**-2 startStep=18 endStep=22
2021-04-29,18,24,dswrf_to_lead,DSM,OK,short_name=sdswrf units=W m**-2 startStep=18 endStep=24
2021-04-29,18,22,dswrf_to_lead_minus2,DSM,OK,short_name=sdswrf units=W m**-2 startStep=18 endStep=22
2021-05-24,18,24,dswrf_to_lead,DSM,OK,short_name=sdswrf units=W m**-2 startStep=18 endStep=24
2021-05-24,18,22,dswrf_to_lead_minus2,DSM,OK,short_name=sdswrf units=W m**-2 startStep=18 endStep=22
2021-05-18,18,24,dswrf_to_lead,DSM,OK,short_name=sdswrf units=W m**-2 startStep=18 endStep=24
2021-05-18,18,22,dswrf_to_lead_minus2,DSM,OK,short_name=sdswrf units=W m**-2 startStep=18 endStep=22
2021-05-03,18,24,dswrf_to_lead,DSM,OK,short_name=sdswrf units=W m**-2 startStep=18 endStep=24
2021-05-03,18,22,dswrf_to_lead_minus2,DSM,OK,short_name=sdswrf units=W m**-2 startStep=18 endStep=22
2021-05-08,18,24,dswrf_to_lead,DSM,OK,short_name=sdswrf units=W m**-2 startStep=18 endStep=24
2021-05-08,18,22,dswrf_to_lead_minus2,DSM,OK,short_name=sdswrf units=W m**-2 startStep=18 endStep=22
2021-05-27,18,24,dswrf_to_lead,DSM,OK,short_name=sdswrf units=W m**-2 startStep=18 endStep=24
2021-05-27,18,22,dswrf_to_lead_minus2,DSM,OK,short_name=sdswrf units=W m**-2 startStep=18 endStep=22
2021-04-20,18,24,dswrf_to_lead,DSM,OK,short_name=sdswrf units=W m**-2 startStep=18 endStep=24
2021-04-20,18,22,dswrf_to_lead_minus2,DSM,OK,short_name=sdswrf units=W m**-2 startStep=18 endStep=22
2021-05-10,18,24,dswrf_to_lead,DSM,OK,short_name=sdswrf units=W m**-2 startStep=18 endStep=24
2021-05-10,18,22,dswrf_to_lead_minus2,DSM,OK,short_name=sdswrf units=W m**-2 startStep=18 endStep=22
2021-06-17,18,24,dswrf_to_lead,DSM,OK,short_name=sdswrf units=W m**-2 startStep=18 endStep=24
2021-06-17,18,22,dswrf_to_lead_minus2,DSM,OK,short_name=sdswrf units=W m**-2 startStep=18 endStep=22
2021-05-26,18,24,dswrf_to_lead,DSM,OK,short_name=sdswrf units=W m**-2 startStep=18 endStep=24
2021-05-26,18,22,dswrf_to_lead_minus2,DSM,OK,short_name=sdswrf units=W m**-2 startStep=18 endStep=22
2021-06-02,18,24,dswrf_to_lead,DSM,OK,short_name=sdswrf units=W m**-2 startStep=18 endStep=24
2021-06-02,18,22,dswrf_to_lead_minus2,DSM,OK,short_name=sdswrf units=W m**-2 startStep=18 endStep=22
2021-05-19,18,24,dswrf_to_lead,DSM,OK,short_name=sdswrf units=W m**-2 startStep=18 endStep=24
2021-05-19,18,22,dswrf_to_lead_minus2,DSM,OK,short_name=sdswrf units=W m**-2 startStep=18 endStep=22
2021-06-12,18,24,dswrf_to_lead,DSM,OK,short_name=sdswrf units=W m**-2 startStep=18 endStep=24
2021-06-12,18,22,dswrf_to_lead_minus2,DSM,OK,short_name=sdswrf units=W m**-2 startStep=18 endStep=22
2021-05-28,18,24,dswrf_to_lead,DSM,OK,short_name=sdswrf units=W m**-2 startStep=18 endStep=24
2021-05-28,18,22,dswrf_to_lead_minus2,DSM,OK,short_name=sdswrf units=W m**-2 startStep=18 endStep=22
2021-05-04,18,24,dswrf_to_lead,DSM,OK,short_name=sdswrf units=W m**-2 startStep=18 endStep=24
2021-05-04,18,22,dswrf_to_lead_minus2,DSM,OK,short_name=sdswrf units=W m**-2 startStep=18 endStep=22
2021-05-15,18,24,dswrf_to_lead,DSM,OK,short_name=sdswrf units=W m**-2 startStep=18 endStep=24
2021-05-15,18,22,dswrf_to_lead_minus2,DSM,OK,short_name=sdswrf units=W m**-2 startStep=18 endStep=22
2021-06-24,18,24,dswrf_to_lead,DSM,OK,short_name=sdswrf units=W m**-2 startStep=18 endStep=24
2021-06-24,18,22,dswrf_to_lead_minus2,DSM,OK,short_name=sdswrf units=W m**-2 startStep=18 endStep=22
2021-05-16,18,24,dswrf_to_lead,DSM,OK,short_name=sdswrf units=W m**-2 startStep=18 endStep=24
2021-05-16,18,22,dswrf_to_lead_minus2,DSM,OK,short_name=sdswrf units=W m**-2 startStep=18 endStep=22
2021-06-05,18,24,dswrf_to_lead,DSM,OK,short_name=sdswrf units=W m**-2 startStep=18 endStep=24
2021-06-05,18,22,dswrf_to_lead_minus2,DSM,OK,short_name=sdswrf units=W m**-2 startStep=18 endStep=22
2021-06-04,18,24,dswrf_to_lead,DSM,OK,short_name=sdswrf units=W m**-2 startStep=18 endStep=24
2021-06-04,18,22,dswrf_to_lead_minus2,DSM,OK,short_name=sdswrf units=W m**-2 startStep=18 endStep=22
2021-06-21,18,24,dswrf_to_lead,DSM,OK,short_name=sdswrf units=W m**-2 startStep=18 endStep=24
2021-06-21,18,22,dswrf_to_lead_minus2,DSM,OK,short_name=sdswrf units=W m**-2 startStep=18 endStep=22
2021-06-01,18,24,dswrf_to_lead,DSM,OK,short_name=sdswrf units=W m**-2 startStep=18 endStep=24
2021-06-01,18,22,dswrf_to_lead_minus2,DSM,OK,short_name=sdswrf units=W m**-2 startStep=18 endStep=22
2021-05-30,18,24,dswrf_to_lead,DSM,OK,short_name=sdswrf units=W m**-2 startStep=18 endStep=24
2021-05-30,18,22,dswrf_to_lead_minus2,DSM,OK,short_name=sdswrf units=W m**-2 startStep=18 endStep=22
2021-05-13,18,24,dswrf_to_lead,DSM,OK,short_name=sdswrf units=W m**-2 startStep=18 endStep=24
2021-05-13,18,22,dswrf_to_lead_minus2,DSM,OK,short_name=sdswrf units=W m**-2 startStep=18 endStep=22
2021-06-08,18,24,dswrf_to_lead,DSM,OK,short_name=sdswrf units=W m**-2 startStep=18 endStep=24
2021-06-08,18,22,dswrf_to_lead_minus2,DSM,OK,short_name=sdswrf units=W m**-2 startStep=18 endStep=22
2021-06-11,18,24,dswrf_to_lead,DSM,OK,short_name=sdswrf units=W m**-2 startStep=18 endStep=24
2021-06-11,18,22,dswrf_to_lead_minus2,DSM,OK,short_name=sdswrf units=W m**-2 startStep=18 endStep=22
2021-06-26,18,24,dswrf_to_lead,DSM,OK,short_name=sdswrf units=W m**-2 startStep=18 endStep=24
2021-06-26,18,22,dswrf_to_lead_minus2,DSM,OK,short_name=sdswrf units=W m**-2 startStep=18 endStep=22
2021-07-01,18,24,dswrf_to_lead,DSM,OK,short_name=sdswrf units=W m**-2 startStep=18 endStep=24
2021-07-01,18,22,dswrf_to_lead_minus2,DSM,OK,short_name=sdswrf units=W m**-2 startStep=18 endStep=22
2021-06-27,18,24,dswrf_to_lead,DSM,OK,short_name=sdswrf units=W m**-2 startStep=18 endStep=24
2021-06-27,18,22,dswrf_to_lead_minus2,DSM,OK,short_name=sdswrf units=W m**-2 startStep=18 endStep=22
2021-05-07,18,24,dswrf_to_lead,DSM,OK,short_name=sdswrf units=W m**-2 startStep=18 endStep=24
2021-05-07,18,22,dswrf_to_lead_minus2,DSM,OK,short_name=sdswrf units=W m**-2 startStep=18 endStep=22
2021-05-02,18,24,dswrf_to_lead,DSM,OK,short_name=sdswrf units=W m**-2 startStep=18 endStep=24
2021-05-02,18,22,dswrf_to_lead_minus2,DSM,OK,short_name=sdswrf units=W m**-2 startStep=18 endStep=22
2021-06-16,18,24,dswrf_to_lead,DSM,OK,short_name=sdswrf units=W m**-2 startStep=18 endStep=24
2021-06-16,18,22,dswrf_to_lead_minus2,DSM,OK,short_name=sdswrf units=W m**-2 startStep=18 endStep=22
2021-06-20,18,24,dswrf_to_lead,DSM,OK,short_name=sdswrf units=W m**-2 startStep=18 endStep=24
2021-06-20,18,22,dswrf_to_lead_minus2,DSM,OK,short_name=sdswrf units=W m**-2 startStep=18 endStep=22
2021-05-17,18,24,dswrf_to_lead,DSM,OK,short_name=sdswrf units=W m**-2 startStep=18 endStep=24
2021-05-17,18,22,dswrf_to_lead_minus2,DSM,OK,short_name=sdswrf units=W m**-2 startStep=18 endStep=22
2021-07-02,18,24,dswrf_to_lead,DSM,OK,short_name=sdswrf units=W m**-2 startStep=18 endStep=24
2021-07-02,18,22,dswrf_to_lead_minus2,DSM,OK,short_name=sdswrf units=W m**-2 startStep=18 endStep=22
2021-05-29,18,24,dswrf_to_lead,DSM,OK,short_name=sdswrf units=W m**-2 startStep=18 endStep=24
2021-05-29,18,22,dswrf_to_lead_minus2,DSM,OK,short_name=sdswrf units=W m**-2 startStep=18 endStep=22
2021-05-20,18,24,dswrf_to_lead,DSM,OK,short_name=sdswrf units=W m**-2 startStep=18 endStep=24
2021-05-20,18,22,dswrf_to_lead_minus2,DSM,OK,short_name=sdswrf units=W m**-2 startStep=18 endStep=22
2021-07-11,18,24,dswrf_to_lead,DSM,OK,short_name=sdswrf units=W m**-2 startStep=18 endStep=24
2021-07-11,18,22,dswrf_to_lead_minus2,DSM,OK,short_name=sdswrf units=W m**-2 startStep=18 endStep=22
2021-07-03,18,24,dswrf_to_lead,DSM,OK,short_name=sdswrf units=W m**-2 startStep=18 endStep=24
2021-07-03,18,22,dswrf_to_lead_minus2,DSM,OK,short_name=sdswrf units=W m**-2 startStep=18 endStep=22
2021-05-21,18,24,dswrf_to_lead,DSM,OK,short_name=sdswrf units=W m**-2 startStep=18 endStep=24
2021-05-21,18,22,dswrf_to_lead_minus2,DSM,OK,short_name=sdswrf units=W m**-2 startStep=18 endStep=22
2021-06-15,18,24,dswrf_to_lead,DSM,OK,short_name=sdswrf units=W m**-2 startStep=18 endStep=24
2021-06-15,18,22,dswrf_to_lead_minus2,DSM,OK,short_name=sdswrf units=W m**-2 startStep=18 endStep=22
2021-06-10,18,24,dswrf_to_lead,DSM,OK,short_name=sdswrf units=W m**-2 startStep=18 endStep=24
2021-06-10,18,22,dswrf_to_lead_minus2,DSM,OK,short_name=sdswrf units=W m**-2 startStep=18 endStep=22
2021-06-25,18,24,dswrf_to_lead,DSM,OK,short_name=sdswrf units=W m**-2 startStep=18 endStep=24
2021-06-25,18,22,dswrf_to_lead_minus2,DSM,OK,short_name=sdswrf units=W m**-2 startStep=18 endStep=22
2021-07-12,18,24,dswrf_to_lead,DSM,OK,short_name=sdswrf units=W m**-2 startStep=18 endStep=24
2021-07-12,18,22,dswrf_to_lead_minus2,DSM,OK,short_name=sdswrf units=W m**-2 startStep=18 endStep=22
2021-05-05,18,24,dswrf_to_lead,DSM,OK,short_name=sdswrf units=W m**-2 startStep=18 endStep=24
2021-05-05,18,22,dswrf_to_lead_minus2,DSM,OK,short_name=sdswrf units=W m**-2 startStep=18 endStep=22
2021-06-03,18,24,dswrf_to_lead,DSM,OK,short_name=sdswrf units=W m**-2 startStep=18 endStep=24
2021-06-03,18,22,dswrf_to_lead_minus2,DSM,OK,short_name=sdswrf units=W m**-2 startStep=18 endStep=22
2021-06-22,18,24,dswrf_to_lead,DSM,OK,short_name=sdswrf units=W m**-2 startStep=18 endStep=24
2021-06-22,18,22,dswrf_to_lead_minus2,DSM,OK,short_name=sdswrf units=W m**-2 startStep=18 endStep=22
2021-07-14,18,24,dswrf_to_lead,DSM,OK,short_name=sdswrf units=W m**-2 startStep=18 endStep=24
2021-07-14,18,22,dswrf_to_lead_minus2,DSM,OK,short_name=sdswrf units=W m**-2 startStep=18 endStep=22
2021-07-10,18,24,dswrf_to_lead,DSM,OK,short_name=sdswrf units=W m**-2 startStep=18 endStep=24
2021-07-10,18,22,dswrf_to_lead_minus2,DSM,OK,short_name=sdswrf units=W m**-2 startStep=18 endStep=22
2021-06-06,18,24,dswrf_to_lead,DSM,OK,short_name=sdswrf units=W m**-2 startStep=18 endStep=24
2021-06-06,18,22,dswrf_to_lead_minus2,DSM,OK,short_name=sdswrf units=W m**-2 startStep=18 endStep=22
2021-06-19,18,24,dswrf_to_lead,DSM,OK,short_name=sdswrf units=W m**-2 startStep=18 endStep=24
2021-06-19,18,22,dswrf_to_lead_minus2,DSM,OK,short_name=sdswrf units=W m**-2 startStep=18 endStep=22
2021-07-16,18,24,dswrf_to_lead,DSM,OK,short_name=sdswrf units=W m**-2 startStep=18 endStep=24
2021-07-16,18,22,dswrf_to_lead_minus2,DSM,OK,short_name=sdswrf units=W m**-2 startStep=18 endStep=22
2021-06-18,18,24,dswrf_to_lead,DSM,OK,short_name=sdswrf units=W m**-2 startStep=18 endStep=24
2021-06-18,18,22,dswrf_to_lead_minus2,DSM,OK,short_name=sdswrf units=W m**-2 startStep=18 endStep=22
2021-07-04,18,24,dswrf_to_lead,DSM,OK,short_name=sdswrf units=W m**-2 startStep=18 endStep=24
2021-07-04,18,22,dswrf_to_lead_minus2,DSM,OK,short_name=sdswrf units=W m**-2 startStep=18 endStep=22
2021-07-07,18,24,dswrf_to_lead,DSM,OK,short_name=sdswrf units=W m**-2 startStep=18 endStep=24
2021-07-07,18,22,dswrf_to_lead_minus2,DSM,OK,short_name=sdswrf units=W m**-2 startStep=18 endStep=22
2021-07-28,18,24,dswrf_to_lead,DSM,OK,short_name=sdswrf units=W m**-2 startStep=18 endStep=24
2021-07-28,18,22,dswrf_to_lead_minus2,DSM,OK,short_name=sdswrf units=W m**-2 startStep=18 endStep=22
2021-06-07,18,24,dswrf_to_lead,DSM,OK,short_name=sdswrf units=W m**-2 startStep=18 endStep=24
2021-06-07,18,22,dswrf_to_lead_minus2,DSM,OK,short_name=sdswrf units=W m**-2 startStep=18 endStep=22
2021-06-14,18,24,dswrf_to_lead,DSM,OK,short_name=sdswrf units=W m**-2 startStep=18 endStep=24
2021-06-14,18,22,dswrf_to_lead_minus2,DSM,OK,short_name=sdswrf units=W m**-2 startStep=18 endStep=22
2021-06-09,18,24,dswrf_to_lead,DSM,OK,short_name=sdswrf units=W m**-2 startStep=18 endStep=24
2021-06-09,18,22,dswrf_to_lead_minus2,DSM,OK,short_name=sdswrf units=W m**-2 startStep=18 endStep=22
2021-06-30,18,24,dswrf_to_lead,DSM,OK,short_name=sdswrf units=W m**-2 startStep=18 endStep=24
2021-06-30,18,22,dswrf_to_lead_minus2,DSM,OK,short_name=sdswrf units=W m**-2 startStep=18 endStep=22
2021-06-13,18,24,dswrf_to_lead,DSM,OK,short_name=sdswrf units=W m**-2 startStep=18 endStep=24
2021-06-13,18,22,dswrf_to_lead_minus2,DSM,OK,short_name=sdswrf units=W m**-2 startStep=18 endStep=22
2021-08-12,18,24,dswrf_to_lead,DSM,OK,short_name=sdswrf units=W m**-2 startStep=18 endStep=24
2021-08-12,18,22,dswrf_to_lead_minus2,DSM,OK,short_name=sdswrf units=W m**-2 startStep=18 endStep=22
2021-08-05,18,24,dswrf_to_lead,DSM,OK,short_name=sdswrf units=W m**-2 startStep=18 endStep=24
2021-08-05,18,22,dswrf_to_lead_minus2,DSM,OK,short_name=sdswrf units=W m**-2 startStep=18 endStep=22
2021-06-28,18,24,dswrf_to_lead,DSM,OK,short_name=sdswrf units=W m**-2 startStep=18 endStep=24
2021-06-28,18,22,dswrf_to_lead_minus2,DSM,OK,short_name=sdswrf units=W m**-2 startStep=18 endStep=22
2021-06-23,18,24,dswrf_to_lead,DSM,OK,short_name=sdswrf units=W m**-2 startStep=18 endStep=24
2021-06-23,18,22,dswrf_to_lead_minus2,DSM,OK,short_name=sdswrf units=W m**-2 startStep=18 endStep=22
2021-07-21,18,24,dswrf_to_lead,DSM,OK,short_name=sdswrf units=W m**-2 startStep=18 endStep=24
2021-07-21,18,22,dswrf_to_lead_minus2,DSM,OK,short_name=sdswrf units=W m**-2 startStep=18 endStep=22
2021-07-08,18,24,dswrf_to_lead,DSM,OK,short_name=sdswrf units=W m**-2 startStep=18 endStep=24
2021-07-08,18,22,dswrf_to_lead_minus2,DSM,OK,short_name=sdswrf units=W m**-2 startStep=18 endStep=22
2021-08-03,18,24,dswrf_to_lead,DSM,OK,short_name=sdswrf units=W m**-2 startStep=18 endStep=24
2021-08-03,18,22,dswrf_to_lead_minus2,DSM,OK,short_name=sdswrf units=W m**-2 startStep=18 endStep=22
2021-06-29,18,24,dswrf_to_lead,DSM,OK,short_name=sdswrf units=W m**-2 startStep=18 endStep=24
2021-06-29,18,22,dswrf_to_lead_minus2,DSM,OK,short_name=sdswrf units=W m**-2 startStep=18 endStep=22
2021-07-13,18,24,dswrf_to_lead,DSM,OK,short_name=sdswrf units=W m**-2 startStep=18 endStep=24
2021-07-13,18,22,dswrf_to_lead_minus2,DSM,OK,short_name=sdswrf units=W m**-2 startStep=18 endStep=22
2021-07-06,18,24,dswrf_to_lead,DSM,OK,short_name=sdswrf units=W m**-2 startStep=18 endStep=24
2021-07-06,18,22,dswrf_to_lead_minus2,DSM,OK,short_name=sdswrf units=W m**-2 startStep=18 endStep=22
2021-08-09,18,24,dswrf_to_lead,DSM,OK,short_name=sdswrf units=W m**-2 startStep=18 endStep=24
2021-08-09,18,22,dswrf_to_lead_minus2,DSM,OK,short_name=sdswrf units=W m**-2 startStep=18 endStep=22
2021-07-19,18,24,dswrf_to_lead,DSM,OK,short_name=sdswrf units=W m**-2 startStep=18 endStep=24
2021-07-19,18,22,dswrf_to_lead_minus2,DSM,OK,short_name=sdswrf units=W m**-2 startStep=18 endStep=22
2021-08-14,18,24,dswrf_to_lead,DSM,OK,short_name=sdswrf units=W m**-2 startStep=18 endStep=24
2021-08-14,18,22,dswrf_to_lead_minus2,DSM,OK,short_name=sdswrf units=W m**-2 startStep=18 endStep=22
2021-07-15,18,24,dswrf_to_lead,DSM,OK,short_name=sdswrf units=W m**-2 startStep=18 endStep=24
2021-07-15,18,22,dswrf_to_lead_minus2,DSM,OK,short_name=sdswrf units=W m**-2 startStep=18 endStep=22
2021-07-27,18,24,dswrf_to_lead,DSM,OK,short_name=sdswrf units=W m**-2 startStep=18 endStep=24
2021-07-27,18,22,dswrf_to_lead_minus2,DSM,OK,short_name=sdswrf units=W m**-2 startStep=18 endStep=22
2021-07-05,18,24,dswrf_to_lead,DSM,OK,short_name=sdswrf units=W m**-2 startStep=18 endStep=24
2021-07-05,18,22,dswrf_to_lead_minus2,DSM,OK,short_name=sdswrf units=W m**-2 startStep=18 endStep=22
2021-07-23,18,24,dswrf_to_lead,DSM,OK,short_name=sdswrf units=W m**-2 startStep=18 endStep=24
2021-07-23,18,22,dswrf_to_lead_minus2,DSM,OK,short_name=sdswrf units=W m**-2 startStep=18 endStep=22
2021-08-04,18,24,dswrf_to_lead,DSM,OK,short_name=sdswrf units=W m**-2 startStep=18 endStep=24
2021-08-04,18,22,dswrf_to_lead_minus2,DSM,OK,short_name=sdswrf units=W m**-2 startStep=18 endStep=22
2021-07-31,18,24,dswrf_to_lead,DSM,OK,short_name=sdswrf units=W m**-2 startStep=18 endStep=24
2021-07-31,18,22,dswrf_to_lead_minus2,DSM,OK,short_name=sdswrf units=W m**-2 startStep=18 endStep=22
2021-08-06,18,24,dswrf_to_lead,DSM,OK,short_name=sdswrf units=W m**-2 startStep=18 endStep=24
2021-08-06,18,22,dswrf_to_lead_minus2,DSM,OK,short_name=sdswrf units=W m**-2 startStep=18 endStep=22
2021-07-18,18,24,dswrf_to_lead,DSM,OK,short_name=sdswrf units=W m**-2 startStep=18 endStep=24
2021-07-18,18,22,dswrf_to_lead_minus2,DSM,OK,short_name=sdswrf units=W m**-2 startStep=18 endStep=22
2021-08-13,18,24,dswrf_to_lead,DSM,OK,short_name=sdswrf units=W m**-2 startStep=18 endStep=24
2021-08-13,18,22,dswrf_to_lead_minus2,DSM,OK,short_name=sdswrf units=W m**-2 startStep=18 endStep=22
2021-08-23,18,24,dswrf_to_lead,DSM,OK,short_name=sdswrf units=W m**-2 startStep=18 endStep=24
2021-08-23,18,22,dswrf_to_lead_minus2,DSM,OK,short_name=sdswrf units=W m**-2 startStep=18 endStep=22
2021-08-26,18,24,dswrf_to_lead,DSM,OK,short_name=sdswrf units=W m**-2 startStep=18 endStep=24
2021-08-26,18,22,dswrf_to_lead_minus2,DSM,OK,short_name=sdswrf units=W m**-2 startStep=18 endStep=22
2021-08-24,18,24,dswrf_to_lead,DSM,OK,short_name=sdswrf units=W m**-2 startStep=18 endStep=24
2021-08-24,18,22,dswrf_to_lead_minus2,DSM,OK,short_name=sdswrf units=W m**-2 startStep=18 endStep=22
2021-07-26,18,24,dswrf_to_lead,DSM,OK,short_name=sdswrf units=W m**-2 startStep=18 endStep=24
2021-07-26,18,22,dswrf_to_lead_minus2,DSM,OK,short_name=sdswrf units=W m**-2 startStep=18 endStep=22
2021-07-20,18,24,dswrf_to_lead,DSM,OK,short_name=sdswrf units=W m**-2 startStep=18 endStep=24
2021-07-20,18,22,dswrf_to_lead_minus2,DSM,OK,short_name=sdswrf units=W m**-2 startStep=18 endStep=22
2021-07-25,18,24,dswrf_to_lead,DSM,OK,short_name=sdswrf units=W m**-2 startStep=18 endStep=24
2021-07-25,18,22,dswrf_to_lead_minus2,DSM,OK,short_name=sdswrf units=W m**-2 startStep=18 endStep=22
2021-08-31,18,24,dswrf_to_lead,DSM,OK,short_name=sdswrf units=W m**-2 startStep=18 endStep=24
2021-08-31,18,22,dswrf_to_lead_minus2,DSM,OK,short_name=sdswrf units=W m**-2 startStep=18 endStep=22
2021-08-25,18,24,dswrf_to_lead,DSM,OK,short_name=sdswrf units=W m**-2 startStep=18 endStep=24
2021-08-25,18,22,dswrf_to_lead_minus2,DSM,OK,short_name=sdswrf units=W m**-2 startStep=18 endStep=22
2021-07-30,18,24,dswrf_to_lead,DSM,OK,short_name=sdswrf units=W m**-2 startStep=18 endStep=24
2021-07-30,18,22,dswrf_to_lead_minus2,DSM,OK,short_name=sdswrf units=W m**-2 startStep=18 endStep=22
2021-08-18,18,24,dswrf_to_lead,DSM,OK,short_name=sdswrf units=W m**-2 startStep=18 endStep=24
2021-08-18,18,22,dswrf_to_lead_minus2,DSM,OK,short_name=sdswrf units=W m**-2 startStep=18 endStep=22
2021-07-29,18,24,dswrf_to_lead,DSM,OK,short_name=sdswrf units=W m**-2 startStep=18 endStep=24
2021-07-29,18,22,dswrf_to_lead_minus2,DSM,OK,short_name=sdswrf units=W m**-2 startStep=18 endStep=22
2021-08-29,18,24,dswrf_to_lead,DSM,OK,short_name=sdswrf units=W m**-2 startStep=18 endStep=24
2021-08-29,18,22,dswrf_to_lead_minus2,DSM,OK,short_name=sdswrf units=W m**-2 startStep=18 endStep=22
2021-08-28,18,24,dswrf_to_lead,DSM,OK,short_name=sdswrf units=W m**-2 startStep=18 endStep=24
2021-08-28,18,22,dswrf_to_lead_minus2,DSM,OK,short_name=sdswrf units=W m**-2 startStep=18 endStep=22
2021-07-17,18,24,dswrf_to_lead,DSM,OK,short_name=sdswrf units=W m**-2 startStep=18 endStep=24
2021-07-17,18,22,dswrf_to_lead_minus2,DSM,OK,short_name=sdswrf units=W m**-2 startStep=18 endStep=22
2021-09-02,18,24,dswrf_to_lead,DSM,OK,short_name=sdswrf units=W m**-2 startStep=18 endStep=24
2021-09-02,18,22,dswrf_to_lead_minus2,DSM,OK,short_name=sdswrf units=W m**-2 startStep=18 endStep=22
2021-08-19,18,24,dswrf_to_lead,DSM,OK,short_name=sdswrf units=W m**-2 startStep=18 endStep=24
2021-08-19,18,22,dswrf_to_lead_minus2,DSM,OK,short_name=sdswrf units=W m**-2 startStep=18 endStep=22
2021-08-11,18,24,dswrf_to_lead,DSM,OK,short_name=sdswrf units=W m**-2 startStep=18 endStep=24
2021-08-11,18,22,dswrf_to_lead_minus2,DSM,OK,short_name=sdswrf units=W m**-2 startStep=18 endStep=22
2021-09-08,18,24,dswrf_to_lead,DSM,OK,short_name=sdswrf units=W m**-2 startStep=18 endStep=24
2021-09-08,18,22,dswrf_to_lead_minus2,DSM,OK,short_name=sdswrf units=W m**-2 startStep=18 endStep=22
2021-08-08,18,24,dswrf_to_lead,DSM,OK,short_name=sdswrf units=W m**-2 startStep=18 endStep=24
2021-08-08,18,22,dswrf_to_lead_minus2,DSM,OK,short_name=sdswrf units=W m**-2 startStep=18 endStep=22
2021-08-17,18,24,dswrf_to_lead,DSM,OK,short_name=sdswrf units=W m**-2 startStep=18 endStep=24
2021-08-17,18,22,dswrf_to_lead_minus2,DSM,OK,short_name=sdswrf units=W m**-2 startStep=18 endStep=22
2021-08-22,18,24,dswrf_to_lead,DSM,OK,short_name=sdswrf units=W m**-2 startStep=18 endStep=24
2021-08-22,18,22,dswrf_to_lead_minus2,DSM,OK,short_name=sdswrf units=W m**-2 startStep=18 endStep=22
2021-07-22,18,24,dswrf_to_lead,DSM,OK,short_name=sdswrf units=W m**-2 startStep=18 endStep=24
2021-07-22,18,22,dswrf_to_lead_minus2,DSM,OK,short_name=sdswrf units=W m**-2 startStep=18 endStep=22
2021-07-09,18,24,dswrf_to_lead,DSM,OK,short_name=sdswrf units=W m**-2 startStep=18 endStep=24
2021-07-09,18,22,dswrf_to_lead_minus2,DSM,OK,short_name=sdswrf units=W m**-2 startStep=18 endStep=22
2021-09-15,18,24,dswrf_to_lead,DSM,OK,short_name=sdswrf units=W m**-2 startStep=18 endStep=24
2021-09-15,18,22,dswrf_to_lead_minus2,DSM,OK,short_name=sdswrf units=W m**-2 startStep=18 endStep=22
2021-08-30,18,24,dswrf_to_lead,DSM,OK,short_name=sdswrf units=W m**-2 startStep=18 endStep=24
2021-08-30,18,22,dswrf_to_lead_minus2,DSM,OK,short_name=sdswrf units=W m**-2 startStep=18 endStep=22
2021-08-01,18,24,dswrf_to_lead,DSM,OK,short_name=sdswrf units=W m**-2 startStep=18 endStep=24
2021-08-01,18,22,dswrf_to_lead_minus2,DSM,OK,short_name=sdswrf units=W m**-2 startStep=18 endStep=22
2021-09-03,18,24,dswrf_to_lead,DSM,OK,short_name=sdswrf units=W m**-2 startStep=18 endStep=24
2021-09-03,18,22,dswrf_to_lead_minus2,DSM,OK,short_name=sdswrf units=W m**-2 startStep=18 endStep=22
2021-09-14,18,24,dswrf_to_lead,DSM,OK,short_name=sdswrf units=W m**-2 startStep=18 endStep=24
2021-09-14,18,22,dswrf_to_lead_minus2,DSM,OK,short_name=sdswrf units=W m**-2 startStep=18 endStep=22
2021-09-01,18,24,dswrf_to_lead,DSM,OK,short_name=sdswrf units=W m**-2 startStep=18 endStep=24
2021-09-01,18,22,dswrf_to_lead_minus2,DSM,OK,short_name=sdswrf units=W m**-2 startStep=18 endStep=22
2021-09-07,18,24,dswrf_to_lead,DSM,OK,short_name=sdswrf units=W m**-2 startStep=18 endStep=24
2021-09-07,18,22,dswrf_to_lead_minus2,DSM,OK,short_name=sdswrf units=W m**-2 startStep=18 endStep=22
2021-07-24,18,24,dswrf_to_lead,DSM,OK,short_name=sdswrf units=W m**-2 startStep=18 endStep=24
2021-07-24,18,22,dswrf_to_lead_minus2,DSM,OK,short_name=sdswrf units=W m**-2 startStep=18 endStep=22
2021-09-12,18,24,dswrf_to_lead,DSM,OK,short_name=sdswrf units=W m**-2 startStep=18 endStep=24
2021-09-12,18,22,dswrf_to_lead_minus2,DSM,OK,short_name=sdswrf units=W m**-2 startStep=18 endStep=22
2021-08-10,18,24,dswrf_to_lead,DSM,OK,short_name=sdswrf units=W m**-2 startStep=18 endStep=24
2021-08-10,18,22,dswrf_to_lead_minus2,DSM,OK,short_name=sdswrf units=W m**-2 startStep=18 endStep=22
2021-08-27,18,24,dswrf_to_lead,DSM,OK,short_name=sdswrf units=W m**-2 startStep=18 endStep=24
2021-08-27,18,22,dswrf_to_lead_minus2,DSM,OK,short_name=sdswrf units=W m**-2 startStep=18 endStep=22
2021-08-07,18,24,dswrf_to_lead,DSM,OK,short_name=sdswrf units=W m**-2 startStep=18 endStep=24
2021-08-07,18,22,dswrf_to_lead_minus2,DSM,OK,short_name=sdswrf units=W m**-2 startStep=18 endStep=22
2021-08-16,18,24,dswrf_to_lead,DSM,OK,short_name=sdswrf units=W m**-2 startStep=18 endStep=24
2021-08-16,18,22,dswrf_to_lead_minus2,DSM,OK,short_name=sdswrf units=W m**-2 startStep=18 endStep=22
2021-08-21,18,24,dswrf_to_lead,DSM,OK,short_name=sdswrf units=W m**-2 startStep=18 endStep=24
2021-08-21,18,22,dswrf_to_lead_minus2,DSM,OK,short_name=sdswrf units=W m**-2 startStep=18 endStep=22
2021-09-20,18,24,dswrf_to_lead,DSM,OK,short_name=sdswrf units=W m**-2 startStep=18 endStep=24
2021-09-20,18,22,dswrf_to_lead_minus2,DSM,OK,short_name=sdswrf units=W m**-2 startStep=18 endStep=22
2021-08-02,18,24,dswrf_to_lead,DSM,OK,short_name=sdswrf units=W m**-2 startStep=18 endStep=24
2021-08-02,18,22,dswrf_to_lead_minus2,DSM,OK,short_name=sdswrf units=W m**-2 startStep=18 endStep=22
2021-09-17,18,24,dswrf_to_lead,DSM,OK,short_name=sdswrf units=W m**-2 startStep=18 endStep=24
2021-09-17,18,22,dswrf_to_lead_minus2,DSM,OK,short_name=sdswrf units=W m**-2 startStep=18 endStep=22
2021-09-21,18,24,dswrf_to_lead,DSM,OK,short_name=sdswrf units=W m**-2 startStep=18 endStep=24
2021-09-21,18,22,dswrf_to_lead_minus2,DSM,OK,short_name=sdswrf units=W m**-2 startStep=18 endStep=22
2021-09-16,18,24,dswrf_to_lead,DSM,OK,short_name=sdswrf units=W m**-2 startStep=18 endStep=24
2021-09-16,18,22,dswrf_to_lead_minus2,DSM,OK,short_name=sdswrf units=W m**-2 startStep=18 endStep=22
2021-09-19,18,24,dswrf_to_lead,DSM,OK,short_name=sdswrf units=W m**-2 startStep=18 endStep=24
2021-09-19,18,22,dswrf_to_lead_minus2,DSM,OK,short_name=sdswrf units=W m**-2 startStep=18 endStep=22
2021-09-29,18,24,dswrf_to_lead,DSM,OK,short_name=sdswrf units=W m**-2 startStep=18 endStep=24
2021-09-29,18,22,dswrf_to_lead_minus2,DSM,OK,short_name=sdswrf units=W m**-2 startStep=18 endStep=22
2021-08-15,18,24,dswrf_to_lead,DSM,OK,short_name=sdswrf units=W m**-2 startStep=18 endStep=24
2021-08-15,18,22,dswrf_to_lead_minus2,DSM,OK,short_name=sdswrf units=W m**-2 startStep=18 endStep=22
2021-08-20,18,24,dswrf_to_lead,DSM,OK,short_name=sdswrf units=W m**-2 startStep=18 endStep=24
2021-08-20,18,22,dswrf_to_lead_minus2,DSM,OK,short_name=sdswrf units=W m**-2 startStep=18 endStep=22
2021-10-05,18,24,dswrf_to_lead,DSM,OK,short_name=sdswrf units=W m**-2 startStep=18 endStep=24
2021-10-05,18,22,dswrf_to_lead_minus2,DSM,OK,short_name=sdswrf units=W m**-2 startStep=18 endStep=22
2021-10-01,18,24,dswrf_to_lead,DSM,OK,short_name=sdswrf units=W m**-2 startStep=18 endStep=24
2021-10-01,18,22,dswrf_to_lead_minus2,DSM,OK,short_name=sdswrf units=W m**-2 startStep=18 endStep=22
2021-09-28,18,24,dswrf_to_lead,DSM,OK,short_name=sdswrf units=W m**-2 startStep=18 endStep=24
2021-09-28,18,22,dswrf_to_lead_minus2,DSM,OK,short_name=sdswrf units=W m**-2 startStep=18 endStep=22
2021-09-04,18,24,dswrf_to_lead,DSM,OK,short_name=sdswrf units=W m**-2 startStep=18 endStep=24
2021-09-04,18,22,dswrf_to_lead_minus2,DSM,OK,short_name=sdswrf units=W m**-2 startStep=18 endStep=22
2021-09-26,18,24,dswrf_to_lead,DSM,OK,short_name=sdswrf units=W m**-2 startStep=18 endStep=24
2021-09-26,18,22,dswrf_to_lead_minus2,DSM,OK,short_name=sdswrf units=W m**-2 startStep=18 endStep=22
2021-09-24,18,24,dswrf_to_lead,DSM,OK,short_name=sdswrf units=W m**-2 startStep=18 endStep=24
2021-09-24,18,22,dswrf_to_lead_minus2,DSM,OK,short_name=sdswrf units=W m**-2 startStep=18 endStep=22
2021-09-25,18,24,dswrf_to_lead,DSM,OK,short_name=sdswrf units=W m**-2 startStep=18 endStep=24
2021-09-25,18,22,dswrf_to_lead_minus2,DSM,OK,short_name=sdswrf units=W m**-2 startStep=18 endStep=22
2021-09-27,18,24,dswrf_to_lead,DSM,OK,short_name=sdswrf units=W m**-2 startStep=18 endStep=24
2021-09-27,18,22,dswrf_to_lead_minus2,DSM,OK,short_name=sdswrf units=W m**-2 startStep=18 endStep=22
2021-10-09,18,24,dswrf_to_lead,DSM,OK,short_name=sdswrf units=W m**-2 startStep=18 endStep=24
2021-10-09,18,22,dswrf_to_lead_minus2,DSM,OK,short_name=sdswrf units=W m**-2 startStep=18 endStep=22
2021-09-11,18,24,dswrf_to_lead,DSM,OK,short_name=sdswrf units=W m**-2 startStep=18 endStep=24
2021-09-11,18,22,dswrf_to_lead_minus2,DSM,OK,short_name=sdswrf units=W m**-2 startStep=18 endStep=22
2021-10-10,18,24,dswrf_to_lead,DSM,OK,short_name=sdswrf units=W m**-2 startStep=18 endStep=24
2021-10-10,18,22,dswrf_to_lead_minus2,DSM,OK,short_name=sdswrf units=W m**-2 startStep=18 endStep=22
2021-10-02,18,24,dswrf_to_lead,DSM,OK,short_name=sdswrf units=W m**-2 startStep=18 endStep=24
2021-10-02,18,22,dswrf_to_lead_minus2,DSM,OK,short_name=sdswrf units=W m**-2 startStep=18 endStep=22
2021-09-30,18,24,dswrf_to_lead,DSM,OK,short_name=sdswrf units=W m**-2 startStep=18 endStep=24
2021-09-30,18,22,dswrf_to_lead_minus2,DSM,OK,short_name=sdswrf units=W m**-2 startStep=18 endStep=22
2021-09-23,18,24,dswrf_to_lead,DSM,OK,short_name=sdswrf units=W m**-2 startStep=18 endStep=24
2021-09-23,18,22,dswrf_to_lead_minus2,DSM,OK,short_name=sdswrf units=W m**-2 startStep=18 endStep=22
2021-10-07,18,24,dswrf_to_lead,DSM,OK,short_name=sdswrf units=W m**-2 startStep=18 endStep=24
2021-10-07,18,22,dswrf_to_lead_minus2,DSM,OK,short_name=sdswrf units=W m**-2 startStep=18 endStep=22
2021-09-18,18,24,dswrf_to_lead,DSM,OK,short_name=sdswrf units=W m**-2 startStep=18 endStep=24
2021-09-18,18,22,dswrf_to_lead_minus2,DSM,OK,short_name=sdswrf units=W m**-2 startStep=18 endStep=22
2021-09-22,18,24,dswrf_to_lead,DSM,OK,short_name=sdswrf units=W m**-2 startStep=18 endStep=24
2021-09-22,18,22,dswrf_to_lead_minus2,DSM,OK,short_name=sdswrf units=W m**-2 startStep=18 endStep=22
2021-09-10,18,24,dswrf_to_lead,DSM,OK,short_name=sdswrf units=W m**-2 startStep=18 endStep=24
2021-09-10,18,22,dswrf_to_lead_minus2,DSM,OK,short_name=sdswrf units=W m**-2 startStep=18 endStep=22
2021-10-21,18,24,dswrf_to_lead,DSM,OK,short_name=sdswrf units=W m**-2 startStep=18 endStep=24
2021-10-21,18,22,dswrf_to_lead_minus2,DSM,OK,short_name=sdswrf units=W m**-2 startStep=18 endStep=22
2021-10-12,18,24,dswrf_to_lead,DSM,OK,short_name=sdswrf units=W m**-2 startStep=18 endStep=24
2021-10-12,18,22,dswrf_to_lead_minus2,DSM,OK,short_name=sdswrf units=W m**-2 startStep=18 endStep=22
2021-09-06,18,24,dswrf_to_lead,DSM,OK,short_name=sdswrf units=W m**-2 startStep=18 endStep=24
2021-09-06,18,22,dswrf_to_lead_minus2,DSM,OK,short_name=sdswrf units=W m**-2 startStep=18 endStep=22
2021-10-27,18,24,dswrf_to_lead,DSM,OK,short_name=sdswrf units=W m**-2 startStep=18 endStep=24
2021-10-27,18,22,dswrf_to_lead_minus2,DSM,OK,short_name=sdswrf units=W m**-2 startStep=18 endStep=22
2021-09-13,18,24,dswrf_to_lead,DSM,OK,short_name=sdswrf units=W m**-2 startStep=18 endStep=24
2021-09-13,18,22,dswrf_to_lead_minus2,DSM,OK,short_name=sdswrf units=W m**-2 startStep=18 endStep=22
2021-10-29,18,24,dswrf_to_lead,DSM,OK,short_name=sdswrf units=W m**-2 startStep=18 endStep=24
2021-10-29,18,22,dswrf_to_lead_minus2,DSM,OK,short_name=sdswrf units=W m**-2 startStep=18 endStep=22
2021-10-06,18,24,dswrf_to_lead,DSM,OK,short_name=sdswrf units=W m**-2 startStep=18 endStep=24
2021-10-06,18,22,dswrf_to_lead_minus2,DSM,OK,short_name=sdswrf units=W m**-2 startStep=18 endStep=22
2021-09-09,18,24,dswrf_to_lead,DSM,OK,short_name=sdswrf units=W m**-2 startStep=18 endStep=24
2021-09-09,18,22,dswrf_to_lead_minus2,DSM,OK,short_name=sdswrf units=W m**-2 startStep=18 endStep=22
2021-10-04,18,24,dswrf_to_lead,DSM,OK,short_name=sdswrf units=W m**-2 startStep=18 endStep=24
2021-10-04,18,22,dswrf_to_lead_minus2,DSM,OK,short_name=sdswrf units=W m**-2 startStep=18 endStep=22
2021-10-15,18,24,dswrf_to_lead,DSM,OK,short_name=sdswrf units=W m**-2 startStep=18 endStep=24
2021-10-15,18,22,dswrf_to_lead_minus2,DSM,OK,short_name=sdswrf units=W m**-2 startStep=18 endStep=22
2021-11-15,18,24,dswrf_to_lead,DSM,OK,short_name=sdswrf units=W m**-2 startStep=18 endStep=24
2021-11-15,18,22,dswrf_to_lead_minus2,DSM,OK,short_name=sdswrf units=W m**-2 startStep=18 endStep=22
2021-10-24,18,24,dswrf_to_lead,DSM,OK,short_name=sdswrf units=W m**-2 startStep=18 endStep=24
2021-10-24,18,22,dswrf_to_lead_minus2,DSM,OK,short_name=sdswrf units=W m**-2 startStep=18 endStep=22
2021-10-31,18,24,dswrf_to_lead,DSM,OK,short_name=sdswrf units=W m**-2 startStep=18 endStep=24
2021-10-31,18,22,dswrf_to_lead_minus2,DSM,OK,short_name=sdswrf units=W m**-2 startStep=18 endStep=22
2021-11-02,18,24,dswrf_to_lead,DSM,OK,short_name=sdswrf units=W m**-2 startStep=18 endStep=24
2021-11-02,18,22,dswrf_to_lead_minus2,DSM,OK,short_name=sdswrf units=W m**-2 startStep=18 endStep=22
2021-10-18,18,24,dswrf_to_lead,DSM,OK,short_name=sdswrf units=W m**-2 startStep=18 endStep=24
2021-10-18,18,22,dswrf_to_lead_minus2,DSM,OK,short_name=sdswrf units=W m**-2 startStep=18 endStep=22
2021-10-11,18,24,dswrf_to_lead,DSM,OK,short_name=sdswrf units=W m**-2 startStep=18 endStep=24
2021-10-11,18,22,dswrf_to_lead_minus2,DSM,OK,short_name=sdswrf units=W m**-2 startStep=18 endStep=22
2021-11-24,18,24,dswrf_to_lead,DSM,OK,short_name=sdswrf units=W m**-2 startStep=18 endStep=24
2021-11-24,18,22,dswrf_to_lead_minus2,DSM,OK,short_name=sdswrf units=W m**-2 startStep=18 endStep=22
2021-11-07,18,24,dswrf_to_lead,DSM,OK,short_name=sdswrf units=W m**-2 startStep=18 endStep=24
2021-11-07,18,22,dswrf_to_lead_minus2,DSM,OK,short_name=sdswrf units=W m**-2 startStep=18 endStep=22
2021-11-10,18,24,dswrf_to_lead,DSM,OK,short_name=sdswrf units=W m**-2 startStep=18 endStep=24
2021-11-10,18,22,dswrf_to_lead_minus2,DSM,OK,short_name=sdswrf units=W m**-2 startStep=18 endStep=22
2021-09-05,18,24,dswrf_to_lead,DSM,OK,short_name=sdswrf units=W m**-2 startStep=18 endStep=24
2021-09-05,18,22,dswrf_to_lead_minus2,DSM,OK,short_name=sdswrf units=W m**-2 startStep=18 endStep=22
2021-10-08,18,24,dswrf_to_lead,DSM,OK,short_name=sdswrf units=W m**-2 startStep=18 endStep=24
2021-10-08,18,22,dswrf_to_lead_minus2,DSM,OK,short_name=sdswrf units=W m**-2 startStep=18 endStep=22
2021-10-23,18,24,dswrf_to_lead,DSM,OK,short_name=sdswrf units=W m**-2 startStep=18 endStep=24
2021-10-23,18,22,dswrf_to_lead_minus2,DSM,OK,short_name=sdswrf units=W m**-2 startStep=18 endStep=22
2021-11-20,18,24,dswrf_to_lead,DSM,OK,short_name=sdswrf units=W m**-2 startStep=18 endStep=24
2021-11-20,18,22,dswrf_to_lead_minus2,DSM,OK,short_name=sdswrf units=W m**-2 startStep=18 endStep=22
2021-11-22,18,24,dswrf_to_lead,DSM,OK,short_name=sdswrf units=W m**-2 startStep=18 endStep=24
2021-11-22,18,22,dswrf_to_lead_minus2,DSM,OK,short_name=sdswrf units=W m**-2 startStep=18 endStep=22
2021-11-17,18,24,dswrf_to_lead,DSM,OK,short_name=sdswrf units=W m**-2 startStep=18 endStep=24
2021-11-17,18,22,dswrf_to_lead_minus2,DSM,OK,short_name=sdswrf units=W m**-2 startStep=18 endStep=22
2021-11-14,18,24,dswrf_to_lead,DSM,OK,short_name=sdswrf units=W m**-2 startStep=18 endStep=24
2021-11-14,18,22,dswrf_to_lead_minus2,DSM,OK,short_name=sdswrf units=W m**-2 startStep=18 endStep=22
2021-11-04,18,24,dswrf_to_lead,DSM,OK,short_name=sdswrf units=W m**-2 startStep=18 endStep=24
2021-11-04,18,22,dswrf_to_lead_minus2,DSM,OK,short_name=sdswrf units=W m**-2 startStep=18 endStep=22
2021-10-20,18,24,dswrf_to_lead,DSM,OK,short_name=sdswrf units=W m**-2 startStep=18 endStep=24
2021-10-20,18,22,dswrf_to_lead_minus2,DSM,OK,short_name=sdswrf units=W m**-2 startStep=18 endStep=22
2021-11-11,18,24,dswrf_to_lead,DSM,OK,short_name=sdswrf units=W m**-2 startStep=18 endStep=24
2021-11-11,18,22,dswrf_to_lead_minus2,DSM,OK,short_name=sdswrf units=W m**-2 startStep=18 endStep=22
2021-11-19,18,24,dswrf_to_lead,DSM,OK,short_name=sdswrf units=W m**-2 startStep=18 endStep=24
2021-11-19,18,22,dswrf_to_lead_minus2,DSM,OK,short_name=sdswrf units=W m**-2 startStep=18 endStep=22
2021-10-03,18,24,dswrf_to_lead,DSM,OK,short_name=sdswrf units=W m**-2 startStep=18 endStep=24
2021-10-03,18,22,dswrf_to_lead_minus2,DSM,OK,short_name=sdswrf units=W m**-2 startStep=18 endStep=22
2021-10-19,18,24,dswrf_to_lead,DSM,OK,short_name=sdswrf units=W m**-2 startStep=18 endStep=24
2021-10-19,18,22,dswrf_to_lead_minus2,DSM,OK,short_name=sdswrf units=W m**-2 startStep=18 endStep=22
2021-10-28,18,24,dswrf_to_lead,DSM,OK,short_name=sdswrf units=W m**-2 startStep=18 endStep=24
2021-10-28,18,22,dswrf_to_lead_minus2,DSM,OK,short_name=sdswrf units=W m**-2 startStep=18 endStep=22
2021-11-06,18,24,dswrf_to_lead,DSM,OK,short_name=sdswrf units=W m**-2 startStep=18 endStep=24
2021-11-06,18,22,dswrf_to_lead_minus2,DSM,OK,short_name=sdswrf units=W m**-2 startStep=18 endStep=22
2021-10-16,18,24,dswrf_to_lead,DSM,OK,short_name=sdswrf units=W m**-2 startStep=18 endStep=24
2021-10-16,18,22,dswrf_to_lead_minus2,DSM,OK,short_name=sdswrf units=W m**-2 startStep=18 endStep=22
2021-10-14,18,24,dswrf_to_lead,DSM,OK,short_name=sdswrf units=W m**-2 startStep=18 endStep=24
2021-10-14,18,22,dswrf_to_lead_minus2,DSM,OK,short_name=sdswrf units=W m**-2 startStep=18 endStep=22
2021-10-13,18,24,dswrf_to_lead,DSM,OK,short_name=sdswrf units=W m**-2 startStep=18 endStep=24
2021-10-13,18,22,dswrf_to_lead_minus2,DSM,OK,short_name=sdswrf units=W m**-2 startStep=18 endStep=22
2021-10-25,18,24,dswrf_to_lead,DSM,OK,short_name=sdswrf units=W m**-2 startStep=18 endStep=24
2021-10-25,18,22,dswrf_to_lead_minus2,DSM,OK,short_name=sdswrf units=W m**-2 startStep=18 endStep=22
2021-11-18,18,24,dswrf_to_lead,DSM,OK,short_name=sdswrf units=W m**-2 startStep=18 endStep=24
2021-11-18,18,22,dswrf_to_lead_minus2,DSM,OK,short_name=sdswrf units=W m**-2 startStep=18 endStep=22
2021-11-23,18,24,dswrf_to_lead,DSM,OK,short_name=sdswrf units=W m**-2 startStep=18 endStep=24
2021-11-23,18,22,dswrf_to_lead_minus2,DSM,OK,short_name=sdswrf units=W m**-2 startStep=18 endStep=22
2021-11-01,18,24,dswrf_to_lead,DSM,OK,short_name=sdswrf units=W m**-2 startStep=18 endStep=24
2021-11-01,18,22,dswrf_to_lead_minus2,DSM,OK,short_name=sdswrf units=W m**-2 startStep=18 endStep=22
2021-12-01,18,24,dswrf_to_lead,DSM,OK,short_name=sdswrf units=W m**-2 startStep=18 endStep=24
2021-12-01,18,22,dswrf_to_lead_minus2,DSM,OK,short_name=sdswrf units=W m**-2 startStep=18 endStep=22
2021-11-26,18,24,dswrf_to_lead,DSM,OK,short_name=sdswrf units=W m**-2 startStep=18 endStep=24
2021-11-26,18,22,dswrf_to_lead_minus2,DSM,OK,short_name=sdswrf units=W m**-2 startStep=18 endStep=22
2021-10-26,18,24,dswrf_to_lead,DSM,OK,short_name=sdswrf units=W m**-2 startStep=18 endStep=24
2021-10-26,18,22,dswrf_to_lead_minus2,DSM,OK,short_name=sdswrf units=W m**-2 startStep=18 endStep=22
2021-10-17,18,24,dswrf_to_lead,DSM,OK,short_name=sdswrf units=W m**-2 startStep=18 endStep=24
2021-10-17,18,22,dswrf_to_lead_minus2,DSM,OK,short_name=sdswrf units=W m**-2 startStep=18 endStep=22
2021-12-11,18,24,dswrf_to_lead,DSM,OK,short_name=sdswrf units=W m**-2 startStep=18 endStep=24
2021-12-11,18,22,dswrf_to_lead_minus2,DSM,OK,short_name=sdswrf units=W m**-2 startStep=18 endStep=22
2021-10-30,18,24,dswrf_to_lead,DSM,OK,short_name=sdswrf units=W m**-2 startStep=18 endStep=24
2021-10-30,18,22,dswrf_to_lead_minus2,DSM,OK,short_name=sdswrf units=W m**-2 startStep=18 endStep=22
2021-11-09,18,24,dswrf_to_lead,DSM,OK,short_name=sdswrf units=W m**-2 startStep=18 endStep=24
2021-11-09,18,22,dswrf_to_lead_minus2,DSM,OK,short_name=sdswrf units=W m**-2 startStep=18 endStep=22
2021-11-08,18,24,dswrf_to_lead,DSM,OK,short_name=sdswrf units=W m**-2 startStep=18 endStep=24
2021-11-08,18,22,dswrf_to_lead_minus2,DSM,OK,short_name=sdswrf units=W m**-2 startStep=18 endStep=22
2021-11-16,18,24,dswrf_to_lead,DSM,OK,short_name=sdswrf units=W m**-2 startStep=18 endStep=24
2021-11-16,18,22,dswrf_to_lead_minus2,DSM,OK,short_name=sdswrf units=W m**-2 startStep=18 endStep=22
2021-12-07,18,24,dswrf_to_lead,DSM,OK,short_name=sdswrf units=W m**-2 startStep=18 endStep=24
2021-12-07,18,22,dswrf_to_lead_minus2,DSM,OK,short_name=sdswrf units=W m**-2 startStep=18 endStep=22
2021-12-06,18,24,dswrf_to_lead,DSM,OK,short_name=sdswrf units=W m**-2 startStep=18 endStep=24
2021-12-06,18,22,dswrf_to_lead_minus2,DSM,OK,short_name=sdswrf units=W m**-2 startStep=18 endStep=22
2021-11-03,18,24,dswrf_to_lead,DSM,OK,short_name=sdswrf units=W m**-2 startStep=18 endStep=24
2021-11-03,18,22,dswrf_to_lead_minus2,DSM,OK,short_name=sdswrf units=W m**-2 startStep=18 endStep=22
2021-12-09,18,24,dswrf_to_lead,DSM,OK,short_name=sdswrf units=W m**-2 startStep=18 endStep=24
2021-12-09,18,22,dswrf_to_lead_minus2,DSM,OK,short_name=sdswrf units=W m**-2 startStep=18 endStep=22
2021-12-10,18,24,dswrf_to_lead,DSM,OK,short_name=sdswrf units=W m**-2 startStep=18 endStep=24
2021-12-10,18,22,dswrf_to_lead_minus2,DSM,OK,short_name=sdswrf units=W m**-2 startStep=18 endStep=22
2021-11-29,18,24,dswrf_to_lead,DSM,OK,short_name=sdswrf units=W m**-2 startStep=18 endStep=24
2021-11-29,18,22,dswrf_to_lead_minus2,DSM,OK,short_name=sdswrf units=W m**-2 startStep=18 endStep=22
2021-11-12,18,24,dswrf_to_lead,DSM,OK,short_name=sdswrf units=W m**-2 startStep=18 endStep=24
2021-11-12,18,22,dswrf_to_lead_minus2,DSM,OK,short_name=sdswrf units=W m**-2 startStep=18 endStep=22
2021-12-17,18,24,dswrf_to_lead,DSM,OK,short_name=sdswrf units=W m**-2 startStep=18 endStep=24
2021-12-17,18,22,dswrf_to_lead_minus2,DSM,OK,short_name=sdswrf units=W m**-2 startStep=18 endStep=22
2021-12-18,18,24,dswrf_to_lead,DSM,OK,short_name=sdswrf units=W m**-2 startStep=18 endStep=24
2021-12-18,18,22,dswrf_to_lead_minus2,DSM,OK,short_name=sdswrf units=W m**-2 startStep=18 endStep=22
2021-12-08,18,24,dswrf_to_lead,DSM,OK,short_name=sdswrf units=W m**-2 startStep=18 endStep=24
2021-12-08,18,22,dswrf_to_lead_minus2,DSM,OK,short_name=sdswrf units=W m**-2 startStep=18 endStep=22
2021-11-13,18,24,dswrf_to_lead,DSM,OK,short_name=sdswrf units=W m**-2 startStep=18 endStep=24
2021-11-13,18,22,dswrf_to_lead_minus2,DSM,OK,short_name=sdswrf units=W m**-2 startStep=18 endStep=22
2021-10-22,18,24,dswrf_to_lead,DSM,OK,short_name=sdswrf units=W m**-2 startStep=18 endStep=24
2021-10-22,18,22,dswrf_to_lead_minus2,DSM,OK,short_name=sdswrf units=W m**-2 startStep=18 endStep=22
2021-12-13,18,24,dswrf_to_lead,DSM,OK,short_name=sdswrf units=W m**-2 startStep=18 endStep=24
2021-12-13,18,22,dswrf_to_lead_minus2,DSM,OK,short_name=sdswrf units=W m**-2 startStep=18 endStep=22
2021-12-05,18,24,dswrf_to_lead,DSM,OK,short_name=sdswrf units=W m**-2 startStep=18 endStep=24
2021-12-05,18,22,dswrf_to_lead_minus2,DSM,OK,short_name=sdswrf units=W m**-2 startStep=18 endStep=22
2021-11-30,18,24,dswrf_to_lead,DSM,OK,short_name=sdswrf units=W m**-2 startStep=18 endStep=24
2021-11-30,18,22,dswrf_to_lead_minus2,DSM,OK,short_name=sdswrf units=W m**-2 startStep=18 endStep=22
2021-12-04,18,24,dswrf_to_lead,DSM,OK,short_name=sdswrf units=W m**-2 startStep=18 endStep=24
2021-12-04,18,22,dswrf_to_lead_minus2,DSM,OK,short_name=sdswrf units=W m**-2 startStep=18 endStep=22
2021-12-14,18,24,dswrf_to_lead,DSM,OK,short_name=sdswrf units=W m**-2 startStep=18 endStep=24
2021-12-14,18,22,dswrf_to_lead_minus2,DSM,OK,short_name=sdswrf units=W m**-2 startStep=18 endStep=22
2021-11-21,18,24,dswrf_to_lead,DSM,OK,short_name=sdswrf units=W m**-2 startStep=18 endStep=24
2021-11-21,18,22,dswrf_to_lead_minus2,DSM,OK,short_name=sdswrf units=W m**-2 startStep=18 endStep=22
2021-12-03,18,24,dswrf_to_lead,DSM,OK,short_name=sdswrf units=W m**-2 startStep=18 endStep=24
2021-12-03,18,22,dswrf_to_lead_minus2,DSM,OK,short_name=sdswrf units=W m**-2 startStep=18 endStep=22
2021-12-15,18,24,dswrf_to_lead,DSM,OK,short_name=sdswrf units=W m**-2 startStep=18 endStep=24
2021-12-15,18,22,dswrf_to_lead_minus2,DSM,OK,short_name=sdswrf units=W m**-2 startStep=18 endStep=22
2021-11-05,18,24,dswrf_to_lead,DSM,OK,short_name=sdswrf units=W m**-2 startStep=18 endStep=24
2021-11-05,18,22,dswrf_to_lead_minus2,DSM,OK,short_name=sdswrf units=W m**-2 startStep=18 endStep=22
2021-11-25,18,24,dswrf_to_lead,DSM,OK,short_name=sdswrf units=W m**-2 startStep=18 endStep=24
2021-11-25,18,22,dswrf_to_lead_minus2,DSM,OK,short_name=sdswrf units=W m**-2 startStep=18 endStep=22
2021-11-27,18,24,dswrf_to_lead,DSM,OK,short_name=sdswrf units=W m**-2 startStep=18 endStep=24
2021-11-27,18,22,dswrf_to_lead_minus2,DSM,OK,short_name=sdswrf units=W m**-2 startStep=18 endStep=22
2021-12-02,18,24,dswrf_to_lead,DSM,OK,short_name=sdswrf units=W m**-2 startStep=18 endStep=24
2021-12-02,18,22,dswrf_to_lead_minus2,DSM,OK,short_name=sdswrf units=W m**-2 startStep=18 endStep=22
2021-12-16,18,24,dswrf_to_lead,DSM,OK,short_name=sdswrf units=W m**-2 startStep=18 endStep=24
2021-12-16,18,22,dswrf_to_lead_minus2,DSM,OK,short_name=sdswrf units=W m**-2 startStep=18 endStep=22
2022-01-03,18,24,dswrf_to_lead,DSM,OK,short_name=sdswrf units=W m**-2 startStep=18 endStep=24
2022-01-03,18,22,dswrf_to_lead_minus2,DSM,OK,short_name=sdswrf units=W m**-2 startStep=18 endStep=22
2022-01-09,18,24,dswrf_to_lead,DSM,OK,short_name=sdswrf units=W m**-2 startStep=18 endStep=24
2022-01-09,18,22,dswrf_to_lead_minus2,DSM,OK,short_name=sdswrf units=W m**-2 startStep=18 endStep=22
2022-01-04,18,24,dswrf_to_lead,DSM,OK,short_name=sdswrf units=W m**-2 startStep=18 endStep=24
2022-01-04,18,22,dswrf_to_lead_minus2,DSM,OK,short_name=sdswrf units=W m**-2 startStep=18 endStep=22
2022-01-06,18,24,dswrf_to_lead,DSM,OK,short_name=sdswrf units=W m**-2 startStep=18 endStep=24
2022-01-06,18,22,dswrf_to_lead_minus2,DSM,OK,short_name=sdswrf units=W m**-2 startStep=18 endStep=22
2021-11-28,18,24,dswrf_to_lead,DSM,OK,short_name=sdswrf units=W m**-2 startStep=18 endStep=24
2021-11-28,18,22,dswrf_to_lead_minus2,DSM,OK,short_name=sdswrf units=W m**-2 startStep=18 endStep=22
2022-01-07,18,24,dswrf_to_lead,DSM,OK,short_name=sdswrf units=W m**-2 startStep=18 endStep=24
2022-01-07,18,22,dswrf_to_lead_minus2,DSM,OK,short_name=sdswrf units=W m**-2 startStep=18 endStep=22
2021-12-21,18,24,dswrf_to_lead,DSM,OK,short_name=sdswrf units=W m**-2 startStep=18 endStep=24
2021-12-21,18,22,dswrf_to_lead_minus2,DSM,OK,short_name=sdswrf units=W m**-2 startStep=18 endStep=22
2022-01-27,18,24,dswrf_to_lead,DSM,OK,short_name=sdswrf units=W m**-2 startStep=18 endStep=24
2022-01-27,18,22,dswrf_to_lead_minus2,DSM,OK,short_name=sdswrf units=W m**-2 startStep=18 endStep=22
2022-01-14,18,24,dswrf_to_lead,DSM,OK,short_name=sdswrf units=W m**-2 startStep=18 endStep=24
2022-01-14,18,22,dswrf_to_lead_minus2,DSM,OK,short_name=sdswrf units=W m**-2 startStep=18 endStep=22
2021-12-29,18,24,dswrf_to_lead,DSM,OK,short_name=sdswrf units=W m**-2 startStep=18 endStep=24
2021-12-29,18,22,dswrf_to_lead_minus2,DSM,OK,short_name=sdswrf units=W m**-2 startStep=18 endStep=22
2022-01-24,18,24,dswrf_to_lead,DSM,OK,short_name=sdswrf units=W m**-2 startStep=18 endStep=24
2022-01-24,18,22,dswrf_to_lead_minus2,DSM,OK,short_name=sdswrf units=W m**-2 startStep=18 endStep=22
2022-01-25,18,24,dswrf_to_lead,DSM,OK,short_name=sdswrf units=W m**-2 startStep=18 endStep=24
2022-01-25,18,22,dswrf_to_lead_minus2,DSM,OK,short_name=sdswrf units=W m**-2 startStep=18 endStep=22
2022-01-05,18,24,dswrf_to_lead,DSM,OK,short_name=sdswrf units=W m**-2 startStep=18 endStep=24
2022-01-05,18,22,dswrf_to_lead_minus2,DSM,OK,short_name=sdswrf units=W m**-2 startStep=18 endStep=22
2021-12-12,18,24,dswrf_to_lead,DSM,OK,short_name=sdswrf units=W m**-2 startStep=18 endStep=24
2021-12-12,18,22,dswrf_to_lead_minus2,DSM,OK,short_name=sdswrf units=W m**-2 startStep=18 endStep=22
2022-01-15,18,24,dswrf_to_lead,DSM,OK,short_name=sdswrf units=W m**-2 startStep=18 endStep=24
2022-01-15,18,22,dswrf_to_lead_minus2,DSM,OK,short_name=sdswrf units=W m**-2 startStep=18 endStep=22
2022-01-21,18,24,dswrf_to_lead,DSM,OK,short_name=sdswrf units=W m**-2 startStep=18 endStep=24
2022-01-21,18,22,dswrf_to_lead_minus2,DSM,OK,short_name=sdswrf units=W m**-2 startStep=18 endStep=22
2021-12-22,18,24,dswrf_to_lead,DSM,OK,short_name=sdswrf units=W m**-2 startStep=18 endStep=24
2021-12-22,18,22,dswrf_to_lead_minus2,DSM,OK,short_name=sdswrf units=W m**-2 startStep=18 endStep=22
2022-01-20,18,24,dswrf_to_lead,DSM,OK,short_name=sdswrf units=W m**-2 startStep=18 endStep=24
2022-01-20,18,22,dswrf_to_lead_minus2,DSM,OK,short_name=sdswrf units=W m**-2 startStep=18 endStep=22
2022-01-30,18,24,dswrf_to_lead,DSM,OK,short_name=sdswrf units=W m**-2 startStep=18 endStep=24
2022-01-30,18,22,dswrf_to_lead_minus2,DSM,OK,short_name=sdswrf units=W m**-2 startStep=18 endStep=22
2021-12-26,18,24,dswrf_to_lead,DSM,OK,short_name=sdswrf units=W m**-2 startStep=18 endStep=24
2021-12-26,18,22,dswrf_to_lead_minus2,DSM,OK,short_name=sdswrf units=W m**-2 startStep=18 endStep=22
2021-12-24,18,24,dswrf_to_lead,DSM,OK,short_name=sdswrf units=W m**-2 startStep=18 endStep=24
2021-12-24,18,22,dswrf_to_lead_minus2,DSM,OK,short_name=sdswrf units=W m**-2 startStep=18 endStep=22
2022-02-07,18,24,dswrf_to_lead,DSM,OK,short_name=sdswrf units=W m**-2 startStep=18 endStep=24
2022-02-07,18,22,dswrf_to_lead_minus2,DSM,OK,short_name=sdswrf units=W m**-2 startStep=18 endStep=22
2021-12-28,18,24,dswrf_to_lead,DSM,OK,short_name=sdswrf units=W m**-2 startStep=18 endStep=24
2021-12-28,18,22,dswrf_to_lead_minus2,DSM,OK,short_name=sdswrf units=W m**-2 startStep=18 endStep=22
2022-01-11,18,24,dswrf_to_lead,DSM,OK,short_name=sdswrf units=W m**-2 startStep=18 endStep=24
2022-01-11,18,22,dswrf_to_lead_minus2,DSM,OK,short_name=sdswrf units=W m**-2 startStep=18 endStep=22
2021-12-20,18,24,dswrf_to_lead,DSM,OK,short_name=sdswrf units=W m**-2 startStep=18 endStep=24
2021-12-20,18,22,dswrf_to_lead_minus2,DSM,OK,short_name=sdswrf units=W m**-2 startStep=18 endStep=22
2022-02-04,18,24,dswrf_to_lead,DSM,OK,short_name=sdswrf units=W m**-2 startStep=18 endStep=24
2022-02-04,18,22,dswrf_to_lead_minus2,DSM,OK,short_name=sdswrf units=W m**-2 startStep=18 endStep=22
2022-02-02,18,24,dswrf_to_lead,DSM,OK,short_name=sdswrf units=W m**-2 startStep=18 endStep=24
2022-02-02,18,22,dswrf_to_lead_minus2,DSM,OK,short_name=sdswrf units=W m**-2 startStep=18 endStep=22
2021-12-19,18,24,dswrf_to_lead,DSM,OK,short_name=sdswrf units=W m**-2 startStep=18 endStep=24
2021-12-19,18,22,dswrf_to_lead_minus2,DSM,OK,short_name=sdswrf units=W m**-2 startStep=18 endStep=22
2022-01-02,18,24,dswrf_to_lead,DSM,OK,short_name=sdswrf units=W m**-2 startStep=18 endStep=24
2022-01-02,18,22,dswrf_to_lead_minus2,DSM,OK,short_name=sdswrf units=W m**-2 startStep=18 endStep=22
2021-12-25,18,24,dswrf_to_lead,DSM,OK,short_name=sdswrf units=W m**-2 startStep=18 endStep=24
2021-12-25,18,22,dswrf_to_lead_minus2,DSM,OK,short_name=sdswrf units=W m**-2 startStep=18 endStep=22
2022-01-28,18,24,dswrf_to_lead,DSM,OK,short_name=sdswrf units=W m**-2 startStep=18 endStep=24
2022-01-28,18,22,dswrf_to_lead_minus2,DSM,OK,short_name=sdswrf units=W m**-2 startStep=18 endStep=22
2022-01-18,18,24,dswrf_to_lead,DSM,OK,short_name=sdswrf units=W m**-2 startStep=18 endStep=24
2022-01-18,18,22,dswrf_to_lead_minus2,DSM,OK,short_name=sdswrf units=W m**-2 startStep=18 endStep=22
2022-01-12,18,24,dswrf_to_lead,DSM,OK,short_name=sdswrf units=W m**-2 startStep=18 endStep=24
2022-01-12,18,22,dswrf_to_lead_minus2,DSM,OK,short_name=sdswrf units=W m**-2 startStep=18 endStep=22
2021-12-31,18,24,dswrf_to_lead,DSM,OK,short_name=sdswrf units=W m**-2 startStep=18 endStep=24
2021-12-31,18,22,dswrf_to_lead_minus2,DSM,OK,short_name=sdswrf units=W m**-2 startStep=18 endStep=22
2022-02-16,18,24,dswrf_to_lead,DSM,OK,short_name=sdswrf units=W m**-2 startStep=18 endStep=24
2022-02-16,18,22,dswrf_to_lead_minus2,DSM,OK,short_name=sdswrf units=W m**-2 startStep=18 endStep=22
2022-01-01,18,24,dswrf_to_lead,DSM,OK,short_name=sdswrf units=W m**-2 startStep=18 endStep=24
2022-01-01,18,22,dswrf_to_lead_minus2,DSM,OK,short_name=sdswrf units=W m**-2 startStep=18 endStep=22
2022-01-08,18,24,dswrf_to_lead,DSM,OK,short_name=sdswrf units=W m**-2 startStep=18 endStep=24
2022-01-08,18,22,dswrf_to_lead_minus2,DSM,OK,short_name=sdswrf units=W m**-2 startStep=18 endStep=22
2022-02-06,18,24,dswrf_to_lead,DSM,OK,short_name=sdswrf units=W m**-2 startStep=18 endStep=24
2022-02-06,18,22,dswrf_to_lead_minus2,DSM,OK,short_name=sdswrf units=W m**-2 startStep=18 endStep=22
2022-02-10,18,24,dswrf_to_lead,DSM,OK,short_name=sdswrf units=W m**-2 startStep=18 endStep=24
2022-02-10,18,22,dswrf_to_lead_minus2,DSM,OK,short_name=sdswrf units=W m**-2 startStep=18 endStep=22
2022-01-29,18,24,dswrf_to_lead,DSM,OK,short_name=sdswrf units=W m**-2 startStep=18 endStep=24
2022-01-29,18,22,dswrf_to_lead_minus2,DSM,OK,short_name=sdswrf units=W m**-2 startStep=18 endStep=22
2021-12-27,18,24,dswrf_to_lead,DSM,OK,short_name=sdswrf units=W m**-2 startStep=18 endStep=24
2021-12-27,18,22,dswrf_to_lead_minus2,DSM,OK,short_name=sdswrf units=W m**-2 startStep=18 endStep=22
2022-01-17,18,24,dswrf_to_lead,DSM,OK,short_name=sdswrf units=W m**-2 startStep=18 endStep=24
2022-01-17,18,22,dswrf_to_lead_minus2,DSM,OK,short_name=sdswrf units=W m**-2 startStep=18 endStep=22
2021-12-30,18,24,dswrf_to_lead,DSM,OK,short_name=sdswrf units=W m**-2 startStep=18 endStep=24
2021-12-30,18,22,dswrf_to_lead_minus2,DSM,OK,short_name=sdswrf units=W m**-2 startStep=18 endStep=22
2021-12-23,18,24,dswrf_to_lead,DSM,OK,short_name=sdswrf units=W m**-2 startStep=18 endStep=24
2021-12-23,18,22,dswrf_to_lead_minus2,DSM,OK,short_name=sdswrf units=W m**-2 startStep=18 endStep=22
2022-02-12,18,24,dswrf_to_lead,DSM,OK,short_name=sdswrf units=W m**-2 startStep=18 endStep=24
2022-02-12,18,22,dswrf_to_lead_minus2,DSM,OK,short_name=sdswrf units=W m**-2 startStep=18 endStep=22
2022-02-24,18,24,dswrf_to_lead,DSM,OK,short_name=sdswrf units=W m**-2 startStep=18 endStep=24
2022-02-24,18,22,dswrf_to_lead_minus2,DSM,OK,short_name=sdswrf units=W m**-2 startStep=18 endStep=22
2022-02-19,18,24,dswrf_to_lead,DSM,OK,short_name=sdswrf units=W m**-2 startStep=18 endStep=24
2022-02-19,18,22,dswrf_to_lead_minus2,DSM,OK,short_name=sdswrf units=W m**-2 startStep=18 endStep=22
2022-02-14,18,24,dswrf_to_lead,DSM,OK,short_name=sdswrf units=W m**-2 startStep=18 endStep=24
2022-02-14,18,22,dswrf_to_lead_minus2,DSM,OK,short_name=sdswrf units=W m**-2 startStep=18 endStep=22
2022-02-08,18,24,dswrf_to_lead,DSM,OK,short_name=sdswrf units=W m**-2 startStep=18 endStep=24
2022-02-08,18,22,dswrf_to_lead_minus2,DSM,OK,short_name=sdswrf units=W m**-2 startStep=18 endStep=22
2022-02-17,18,24,dswrf_to_lead,DSM,OK,short_name=sdswrf units=W m**-2 startStep=18 endStep=24
2022-02-17,18,22,dswrf_to_lead_minus2,DSM,OK,short_name=sdswrf units=W m**-2 startStep=18 endStep=22
2022-02-01,18,24,dswrf_to_lead,DSM,OK,short_name=sdswrf units=W m**-2 startStep=18 endStep=24
2022-02-01,18,22,dswrf_to_lead_minus2,DSM,OK,short_name=sdswrf units=W m**-2 startStep=18 endStep=22
2022-01-10,18,24,dswrf_to_lead,DSM,OK,short_name=sdswrf units=W m**-2 startStep=18 endStep=24
2022-01-10,18,22,dswrf_to_lead_minus2,DSM,OK,short_name=sdswrf units=W m**-2 startStep=18 endStep=22
2022-02-05,18,24,dswrf_to_lead,DSM,OK,short_name=sdswrf units=W m**-2 startStep=18 endStep=24
2022-02-05,18,22,dswrf_to_lead_minus2,DSM,OK,short_name=sdswrf units=W m**-2 startStep=18 endStep=22
2022-02-03,18,24,dswrf_to_lead,DSM,OK,short_name=sdswrf units=W m**-2 startStep=18 endStep=24
2022-02-03,18,22,dswrf_to_lead_minus2,DSM,OK,short_name=sdswrf units=W m**-2 startStep=18 endStep=22
2022-02-23,18,24,dswrf_to_lead,DSM,OK,short_name=sdswrf units=W m**-2 startStep=18 endStep=24
2022-02-23,18,22,dswrf_to_lead_minus2,DSM,OK,short_name=sdswrf units=W m**-2 startStep=18 endStep=22
2022-02-22,18,24,dswrf_to_lead,DSM,OK,short_name=sdswrf units=W m**-2 startStep=18 endStep=24
2022-02-22,18,22,dswrf_to_lead_minus2,DSM,OK,short_name=sdswrf units=W m**-2 startStep=18 endStep=22
2022-01-19,18,24,dswrf_to_lead,DSM,OK,short_name=sdswrf units=W m**-2 startStep=18 endStep=24
2022-01-19,18,22,dswrf_to_lead_minus2,DSM,OK,short_name=sdswrf units=W m**-2 startStep=18 endStep=22
2022-02-28,18,24,dswrf_to_lead,DSM,OK,short_name=sdswrf units=W m**-2 startStep=18 endStep=24
2022-02-28,18,22,dswrf_to_lead_minus2,DSM,OK,short_name=sdswrf units=W m**-2 startStep=18 endStep=22
2022-03-06,18,24,dswrf_to_lead,DSM,OK,short_name=sdswrf units=W m**-2 startStep=18 endStep=24
2022-03-06,18,22,dswrf_to_lead_minus2,DSM,OK,short_name=sdswrf units=W m**-2 startStep=18 endStep=22
2022-02-26,18,24,dswrf_to_lead,DSM,OK,short_name=sdswrf units=W m**-2 startStep=18 endStep=24
2022-02-26,18,22,dswrf_to_lead_minus2,DSM,OK,short_name=sdswrf units=W m**-2 startStep=18 endStep=22
2022-01-31,18,24,dswrf_to_lead,DSM,OK,short_name=sdswrf units=W m**-2 startStep=18 endStep=24
2022-01-31,18,22,dswrf_to_lead_minus2,DSM,OK,short_name=sdswrf units=W m**-2 startStep=18 endStep=22
2022-01-26,18,24,dswrf_to_lead,DSM,OK,short_name=sdswrf units=W m**-2 startStep=18 endStep=24
2022-01-26,18,22,dswrf_to_lead_minus2,DSM,OK,short_name=sdswrf units=W m**-2 startStep=18 endStep=22
2022-03-15,18,24,dswrf_to_lead,DSM,OK,short_name=sdswrf units=W m**-2 startStep=18 endStep=24
2022-03-15,18,22,dswrf_to_lead_minus2,DSM,OK,short_name=sdswrf units=W m**-2 startStep=18 endStep=22
2022-02-18,18,24,dswrf_to_lead,DSM,OK,short_name=sdswrf units=W m**-2 startStep=18 endStep=24
2022-02-18,18,22,dswrf_to_lead_minus2,DSM,OK,short_name=sdswrf units=W m**-2 startStep=18 endStep=22
2022-02-13,18,24,dswrf_to_lead,DSM,OK,short_name=sdswrf units=W m**-2 startStep=18 endStep=24
2022-02-13,18,22,dswrf_to_lead_minus2,DSM,OK,short_name=sdswrf units=W m**-2 startStep=18 endStep=22
2022-02-11,18,24,dswrf_to_lead,DSM,OK,short_name=sdswrf units=W m**-2 startStep=18 endStep=24
2022-02-11,18,22,dswrf_to_lead_minus2,DSM,OK,short_name=sdswrf units=W m**-2 startStep=18 endStep=22
2022-01-16,18,24,dswrf_to_lead,DSM,OK,short_name=sdswrf units=W m**-2 startStep=18 endStep=24
2022-01-16,18,22,dswrf_to_lead_minus2,DSM,OK,short_name=sdswrf units=W m**-2 startStep=18 endStep=22
2022-03-01,18,24,dswrf_to_lead,DSM,OK,short_name=sdswrf units=W m**-2 startStep=18 endStep=24
2022-03-01,18,22,dswrf_to_lead_minus2,DSM,OK,short_name=sdswrf units=W m**-2 startStep=18 endStep=22
2022-03-21,18,24,dswrf_to_lead,DSM,OK,short_name=sdswrf units=W m**-2 startStep=18 endStep=24
2022-03-21,18,22,dswrf_to_lead_minus2,DSM,OK,short_name=sdswrf units=W m**-2 startStep=18 endStep=22
2022-03-26,18,24,dswrf_to_lead,DSM,OK,short_name=sdswrf units=W m**-2 startStep=18 endStep=24
2022-03-26,18,22,dswrf_to_lead_minus2,DSM,OK,short_name=sdswrf units=W m**-2 startStep=18 endStep=22
2022-02-25,18,24,dswrf_to_lead,DSM,OK,short_name=sdswrf units=W m**-2 startStep=18 endStep=24
2022-02-25,18,22,dswrf_to_lead_minus2,DSM,OK,short_name=sdswrf units=W m**-2 startStep=18 endStep=22
2022-01-22,18,24,dswrf_to_lead,DSM,OK,short_name=sdswrf units=W m**-2 startStep=18 endStep=24
2022-01-22,18,22,dswrf_to_lead_minus2,DSM,OK,short_name=sdswrf units=W m**-2 startStep=18 endStep=22
2022-02-09,18,24,dswrf_to_lead,DSM,OK,short_name=sdswrf units=W m**-2 startStep=18 endStep=24
2022-02-09,18,22,dswrf_to_lead_minus2,DSM,OK,short_name=sdswrf units=W m**-2 startStep=18 endStep=22
2022-02-27,18,24,dswrf_to_lead,DSM,OK,short_name=sdswrf units=W m**-2 startStep=18 endStep=24
2022-02-27,18,22,dswrf_to_lead_minus2,DSM,OK,short_name=sdswrf units=W m**-2 startStep=18 endStep=22
2022-03-14,18,24,dswrf_to_lead,DSM,OK,short_name=sdswrf units=W m**-2 startStep=18 endStep=24
2022-03-14,18,22,dswrf_to_lead_minus2,DSM,OK,short_name=sdswrf units=W m**-2 startStep=18 endStep=22
2022-02-15,18,24,dswrf_to_lead,DSM,OK,short_name=sdswrf units=W m**-2 startStep=18 endStep=24
2022-02-15,18,22,dswrf_to_lead_minus2,DSM,OK,short_name=sdswrf units=W m**-2 startStep=18 endStep=22
2022-04-03,18,24,dswrf_to_lead,DSM,OK,short_name=sdswrf units=W m**-2 startStep=18 endStep=24
2022-04-03,18,22,dswrf_to_lead_minus2,DSM,OK,short_name=sdswrf units=W m**-2 startStep=18 endStep=22
2022-03-17,18,24,dswrf_to_lead,DSM,OK,short_name=sdswrf units=W m**-2 startStep=18 endStep=24
2022-03-17,18,22,dswrf_to_lead_minus2,DSM,OK,short_name=sdswrf units=W m**-2 startStep=18 endStep=22
2022-03-25,18,24,dswrf_to_lead,DSM,OK,short_name=sdswrf units=W m**-2 startStep=18 endStep=24
2022-03-25,18,22,dswrf_to_lead_minus2,DSM,OK,short_name=sdswrf units=W m**-2 startStep=18 endStep=22
2022-03-16,18,24,dswrf_to_lead,DSM,OK,short_name=sdswrf units=W m**-2 startStep=18 endStep=24
2022-03-16,18,22,dswrf_to_lead_minus2,DSM,OK,short_name=sdswrf units=W m**-2 startStep=18 endStep=22
2022-03-19,18,24,dswrf_to_lead,DSM,OK,short_name=sdswrf units=W m**-2 startStep=18 endStep=24
2022-03-19,18,22,dswrf_to_lead_minus2,DSM,OK,short_name=sdswrf units=W m**-2 startStep=18 endStep=22
2022-02-21,18,24,dswrf_to_lead,DSM,OK,short_name=sdswrf units=W m**-2 startStep=18 endStep=24
2022-02-21,18,22,dswrf_to_lead_minus2,DSM,OK,short_name=sdswrf units=W m**-2 startStep=18 endStep=22
2022-01-23,18,24,dswrf_to_lead,DSM,OK,short_name=sdswrf units=W m**-2 startStep=18 endStep=24
2022-01-23,18,22,dswrf_to_lead_minus2,DSM,OK,short_name=sdswrf units=W m**-2 startStep=18 endStep=22
2022-03-05,18,24,dswrf_to_lead,DSM,OK,short_name=sdswrf units=W m**-2 startStep=18 endStep=24
2022-03-05,18,22,dswrf_to_lead_minus2,DSM,OK,short_name=sdswrf units=W m**-2 startStep=18 endStep=22
2022-04-16,18,24,dswrf_to_lead,DSM,OK,short_name=sdswrf units=W m**-2 startStep=18 endStep=24
2022-04-16,18,22,dswrf_to_lead_minus2,DSM,OK,short_name=sdswrf units=W m**-2 startStep=18 endStep=22
2022-03-18,18,24,dswrf_to_lead,DSM,OK,short_name=sdswrf units=W m**-2 startStep=18 endStep=24
2022-03-18,18,22,dswrf_to_lead_minus2,DSM,OK,short_name=sdswrf units=W m**-2 startStep=18 endStep=22
2022-03-27,18,24,dswrf_to_lead,DSM,OK,short_name=sdswrf units=W m**-2 startStep=18 endStep=24
2022-03-27,18,22,dswrf_to_lead_minus2,DSM,OK,short_name=sdswrf units=W m**-2 startStep=18 endStep=22
2022-03-08,18,24,dswrf_to_lead,DSM,OK,short_name=sdswrf units=W m**-2 startStep=18 endStep=24
2022-03-08,18,22,dswrf_to_lead_minus2,DSM,OK,short_name=sdswrf units=W m**-2 startStep=18 endStep=22
2022-01-13,18,24,dswrf_to_lead,DSM,OK,short_name=sdswrf units=W m**-2 startStep=18 endStep=24
2022-01-13,18,22,dswrf_to_lead_minus2,DSM,OK,short_name=sdswrf units=W m**-2 startStep=18 endStep=22
2022-04-10,18,24,dswrf_to_lead,DSM,OK,short_name=sdswrf units=W m**-2 startStep=18 endStep=24
2022-04-10,18,22,dswrf_to_lead_minus2,DSM,OK,short_name=sdswrf units=W m**-2 startStep=18 endStep=22
2022-04-12,18,24,dswrf_to_lead,DSM,OK,short_name=sdswrf units=W m**-2 startStep=18 endStep=24
2022-04-12,18,22,dswrf_to_lead_minus2,DSM,OK,short_name=sdswrf units=W m**-2 startStep=18 endStep=22
2022-03-12,18,24,dswrf_to_lead,DSM,OK,short_name=sdswrf units=W m**-2 startStep=18 endStep=24
2022-03-12,18,22,dswrf_to_lead_minus2,DSM,OK,short_name=sdswrf units=W m**-2 startStep=18 endStep=22
2022-03-13,18,24,dswrf_to_lead,DSM,OK,short_name=sdswrf units=W m**-2 startStep=18 endStep=24
2022-03-13,18,22,dswrf_to_lead_minus2,DSM,OK,short_name=sdswrf units=W m**-2 startStep=18 endStep=22
2022-04-11,18,24,dswrf_to_lead,DSM,OK,short_name=sdswrf units=W m**-2 startStep=18 endStep=24
2022-04-11,18,22,dswrf_to_lead_minus2,DSM,OK,short_name=sdswrf units=W m**-2 startStep=18 endStep=22
2022-03-28,18,24,dswrf_to_lead,DSM,OK,short_name=sdswrf units=W m**-2 startStep=18 endStep=24
2022-03-28,18,22,dswrf_to_lead_minus2,DSM,OK,short_name=sdswrf units=W m**-2 startStep=18 endStep=22
2022-04-25,18,24,dswrf_to_lead,DSM,OK,short_name=sdswrf units=W m**-2 startStep=18 endStep=24
2022-04-25,18,22,dswrf_to_lead_minus2,DSM,OK,short_name=sdswrf units=W m**-2 startStep=18 endStep=22
2022-04-04,18,24,dswrf_to_lead,DSM,OK,short_name=sdswrf units=W m**-2 startStep=18 endStep=24
2022-04-04,18,22,dswrf_to_lead_minus2,DSM,OK,short_name=sdswrf units=W m**-2 startStep=18 endStep=22
2022-03-02,18,24,dswrf_to_lead,DSM,OK,short_name=sdswrf units=W m**-2 startStep=18 endStep=24
2022-03-02,18,22,dswrf_to_lead_minus2,DSM,OK,short_name=sdswrf units=W m**-2 startStep=18 endStep=22
2022-04-20,18,24,dswrf_to_lead,DSM,OK,short_name=sdswrf units=W m**-2 startStep=18 endStep=24
2022-04-20,18,22,dswrf_to_lead_minus2,DSM,OK,short_name=sdswrf units=W m**-2 startStep=18 endStep=22
2022-03-07,18,24,dswrf_to_lead,DSM,OK,short_name=sdswrf units=W m**-2 startStep=18 endStep=24
2022-03-07,18,22,dswrf_to_lead_minus2,DSM,OK,short_name=sdswrf units=W m**-2 startStep=18 endStep=22
2022-03-09,18,24,dswrf_to_lead,DSM,OK,short_name=sdswrf units=W m**-2 startStep=18 endStep=24
2022-03-09,18,22,dswrf_to_lead_minus2,DSM,OK,short_name=sdswrf units=W m**-2 startStep=18 endStep=22
2022-04-01,18,24,dswrf_to_lead,DSM,OK,short_name=sdswrf units=W m**-2 startStep=18 endStep=24
2022-04-01,18,22,dswrf_to_lead_minus2,DSM,OK,short_name=sdswrf units=W m**-2 startStep=18 endStep=22
2022-04-13,18,24,dswrf_to_lead,DSM,OK,short_name=sdswrf units=W m**-2 startStep=18 endStep=24
2022-04-13,18,22,dswrf_to_lead_minus2,DSM,OK,short_name=sdswrf units=W m**-2 startStep=18 endStep=22
2022-04-17,18,24,dswrf_to_lead,DSM,OK,short_name=sdswrf units=W m**-2 startStep=18 endStep=24
2022-04-17,18,22,dswrf_to_lead_minus2,DSM,OK,short_name=sdswrf units=W m**-2 startStep=18 endStep=22
2022-04-08,18,24,dswrf_to_lead,DSM,OK,short_name=sdswrf units=W m**-2 startStep=18 endStep=24
2022-04-08,18,22,dswrf_to_lead_minus2,DSM,OK,short_name=sdswrf units=W m**-2 startStep=18 endStep=22
2022-04-02,18,24,dswrf_to_lead,DSM,OK,short_name=sdswrf units=W m**-2 startStep=18 endStep=24
2022-04-02,18,22,dswrf_to_lead_minus2,DSM,OK,short_name=sdswrf units=W m**-2 startStep=18 endStep=22
2022-04-24,18,24,dswrf_to_lead,DSM,OK,short_name=sdswrf units=W m**-2 startStep=18 endStep=24
2022-04-24,18,22,dswrf_to_lead_minus2,DSM,OK,short_name=sdswrf units=W m**-2 startStep=18 endStep=22
2022-03-22,18,24,dswrf_to_lead,DSM,OK,short_name=sdswrf units=W m**-2 startStep=18 endStep=24
2022-03-22,18,22,dswrf_to_lead_minus2,DSM,OK,short_name=sdswrf units=W m**-2 startStep=18 endStep=22
2022-04-18,18,24,dswrf_to_lead,DSM,OK,short_name=sdswrf units=W m**-2 startStep=18 endStep=24
2022-04-18,18,22,dswrf_to_lead_minus2,DSM,OK,short_name=sdswrf units=W m**-2 startStep=18 endStep=22
2022-03-31,18,24,dswrf_to_lead,DSM,OK,short_name=sdswrf units=W m**-2 startStep=18 endStep=24
2022-03-31,18,22,dswrf_to_lead_minus2,DSM,OK,short_name=sdswrf units=W m**-2 startStep=18 endStep=22
2022-03-20,18,24,dswrf_to_lead,DSM,OK,short_name=sdswrf units=W m**-2 startStep=18 endStep=24
2022-03-20,18,22,dswrf_to_lead_minus2,DSM,OK,short_name=sdswrf units=W m**-2 startStep=18 endStep=22
2022-04-05,18,24,dswrf_to_lead,DSM,OK,short_name=sdswrf units=W m**-2 startStep=18 endStep=24
2022-04-05,18,22,dswrf_to_lead_minus2,DSM,OK,short_name=sdswrf units=W m**-2 startStep=18 endStep=22
2022-04-22,18,24,dswrf_to_lead,DSM,OK,short_name=sdswrf units=W m**-2 startStep=18 endStep=24
2022-04-22,18,22,dswrf_to_lead_minus2,DSM,OK,short_name=sdswrf units=W m**-2 startStep=18 endStep=22
2022-03-30,18,24,dswrf_to_lead,DSM,OK,short_name=sdswrf units=W m**-2 startStep=18 endStep=24
2022-03-30,18,22,dswrf_to_lead_minus2,DSM,OK,short_name=sdswrf units=W m**-2 startStep=18 endStep=22
2022-03-03,18,24,dswrf_to_lead,DSM,OK,short_name=sdswrf units=W m**-2 startStep=18 endStep=24
2022-03-03,18,22,dswrf_to_lead_minus2,DSM,OK,short_name=sdswrf units=W m**-2 startStep=18 endStep=22
2022-04-07,18,24,dswrf_to_lead,DSM,OK,short_name=sdswrf units=W m**-2 startStep=18 endStep=24
2022-04-07,18,22,dswrf_to_lead_minus2,DSM,OK,short_name=sdswrf units=W m**-2 startStep=18 endStep=22
2022-02-20,18,24,dswrf_to_lead,DSM,OK,short_name=sdswrf units=W m**-2 startStep=18 endStep=24
2022-02-20,18,22,dswrf_to_lead_minus2,DSM,OK,short_name=sdswrf units=W m**-2 startStep=18 endStep=22
2022-03-04,18,24,dswrf_to_lead,DSM,OK,short_name=sdswrf units=W m**-2 startStep=18 endStep=24
2022-03-04,18,22,dswrf_to_lead_minus2,DSM,OK,short_name=sdswrf units=W m**-2 startStep=18 endStep=22
2022-05-11,18,24,dswrf_to_lead,DSM,OK,short_name=sdswrf units=W m**-2 startStep=18 endStep=24
2022-05-11,18,22,dswrf_to_lead_minus2,DSM,OK,short_name=sdswrf units=W m**-2 startStep=18 endStep=22
2022-03-24,18,24,dswrf_to_lead,DSM,OK,short_name=sdswrf units=W m**-2 startStep=18 endStep=24
2022-03-24,18,22,dswrf_to_lead_minus2,DSM,OK,short_name=sdswrf units=W m**-2 startStep=18 endStep=22
2022-05-02,18,24,dswrf_to_lead,DSM,OK,short_name=sdswrf units=W m**-2 startStep=18 endStep=24
2022-05-02,18,22,dswrf_to_lead_minus2,DSM,OK,short_name=sdswrf units=W m**-2 startStep=18 endStep=22
2022-03-10,18,24,dswrf_to_lead,DSM,OK,short_name=sdswrf units=W m**-2 startStep=18 endStep=24
2022-03-10,18,22,dswrf_to_lead_minus2,DSM,OK,short_name=sdswrf units=W m**-2 startStep=18 endStep=22
2022-03-23,18,24,dswrf_to_lead,DSM,OK,short_name=sdswrf units=W m**-2 startStep=18 endStep=24
2022-03-23,18,22,dswrf_to_lead_minus2,DSM,OK,short_name=sdswrf units=W m**-2 startStep=18 endStep=22
2022-04-23,18,24,dswrf_to_lead,DSM,OK,short_name=sdswrf units=W m**-2 startStep=18 endStep=24
2022-04-23,18,22,dswrf_to_lead_minus2,DSM,OK,short_name=sdswrf units=W m**-2 startStep=18 endStep=22
2022-05-16,18,24,dswrf_to_lead,DSM,OK,short_name=sdswrf units=W m**-2 startStep=18 endStep=24
2022-05-16,18,22,dswrf_to_lead_minus2,DSM,OK,short_name=sdswrf units=W m**-2 startStep=18 endStep=22
2022-05-03,18,24,dswrf_to_lead,DSM,OK,short_name=sdswrf units=W m**-2 startStep=18 endStep=24
2022-05-03,18,22,dswrf_to_lead_minus2,DSM,OK,short_name=sdswrf units=W m**-2 startStep=18 endStep=22
2022-05-15,18,24,dswrf_to_lead,DSM,OK,short_name=sdswrf units=W m**-2 startStep=18 endStep=24
2022-05-15,18,22,dswrf_to_lead_minus2,DSM,OK,short_name=sdswrf units=W m**-2 startStep=18 endStep=22
2022-04-30,18,24,dswrf_to_lead,DSM,OK,short_name=sdswrf units=W m**-2 startStep=18 endStep=24
2022-04-30,18,22,dswrf_to_lead_minus2,DSM,OK,short_name=sdswrf units=W m**-2 startStep=18 endStep=22
2022-05-01,18,24,dswrf_to_lead,DSM,OK,short_name=sdswrf units=W m**-2 startStep=18 endStep=24
2022-05-01,18,22,dswrf_to_lead_minus2,DSM,OK,short_name=sdswrf units=W m**-2 startStep=18 endStep=22
2022-04-29,18,24,dswrf_to_lead,DSM,OK,short_name=sdswrf units=W m**-2 startStep=18 endStep=24
2022-04-29,18,22,dswrf_to_lead_minus2,DSM,OK,short_name=sdswrf units=W m**-2 startStep=18 endStep=22
2022-04-28,18,24,dswrf_to_lead,DSM,OK,short_name=sdswrf units=W m**-2 startStep=18 endStep=24
2022-04-28,18,22,dswrf_to_lead_minus2,DSM,OK,short_name=sdswrf units=W m**-2 startStep=18 endStep=22
2022-04-15,18,24,dswrf_to_lead,DSM,OK,short_name=sdswrf units=W m**-2 startStep=18 endStep=24
2022-04-15,18,22,dswrf_to_lead_minus2,DSM,OK,short_name=sdswrf units=W m**-2 startStep=18 endStep=22
2022-05-19,18,24,dswrf_to_lead,DSM,OK,short_name=sdswrf units=W m**-2 startStep=18 endStep=24
2022-05-19,18,22,dswrf_to_lead_minus2,DSM,OK,short_name=sdswrf units=W m**-2 startStep=18 endStep=22
2022-05-18,18,24,dswrf_to_lead,DSM,OK,short_name=sdswrf units=W m**-2 startStep=18 endStep=24
2022-05-18,18,22,dswrf_to_lead_minus2,DSM,OK,short_name=sdswrf units=W m**-2 startStep=18 endStep=22
2022-05-08,18,24,dswrf_to_lead,DSM,OK,short_name=sdswrf units=W m**-2 startStep=18 endStep=24
2022-05-08,18,22,dswrf_to_lead_minus2,DSM,OK,short_name=sdswrf units=W m**-2 startStep=18 endStep=22
2022-05-29,18,24,dswrf_to_lead,DSM,OK,short_name=sdswrf units=W m**-2 startStep=18 endStep=24
2022-05-29,18,22,dswrf_to_lead_minus2,DSM,OK,short_name=sdswrf units=W m**-2 startStep=18 endStep=22
2022-04-27,18,24,dswrf_to_lead,DSM,OK,short_name=sdswrf units=W m**-2 startStep=18 endStep=24
2022-04-27,18,22,dswrf_to_lead_minus2,DSM,OK,short_name=sdswrf units=W m**-2 startStep=18 endStep=22
2022-04-14,18,24,dswrf_to_lead,DSM,OK,short_name=sdswrf units=W m**-2 startStep=18 endStep=24
2022-04-14,18,22,dswrf_to_lead_minus2,DSM,OK,short_name=sdswrf units=W m**-2 startStep=18 endStep=22
2022-03-29,18,24,dswrf_to_lead,DSM,OK,short_name=sdswrf units=W m**-2 startStep=18 endStep=24
2022-03-29,18,22,dswrf_to_lead_minus2,DSM,OK,short_name=sdswrf units=W m**-2 startStep=18 endStep=22
2022-03-11,18,24,dswrf_to_lead,DSM,OK,short_name=sdswrf units=W m**-2 startStep=18 endStep=24
2022-03-11,18,22,dswrf_to_lead_minus2,DSM,OK,short_name=sdswrf units=W m**-2 startStep=18 endStep=22
2022-04-21,18,24,dswrf_to_lead,DSM,OK,short_name=sdswrf units=W m**-2 startStep=18 endStep=24
2022-04-21,18,22,dswrf_to_lead_minus2,DSM,OK,short_name=sdswrf units=W m**-2 startStep=18 endStep=22
2022-05-20,18,24,dswrf_to_lead,DSM,OK,short_name=sdswrf units=W m**-2 startStep=18 endStep=24
2022-05-20,18,22,dswrf_to_lead_minus2,DSM,OK,short_name=sdswrf units=W m**-2 startStep=18 endStep=22
2022-04-09,18,24,dswrf_to_lead,DSM,OK,short_name=sdswrf units=W m**-2 startStep=18 endStep=24
2022-04-09,18,22,dswrf_to_lead_minus2,DSM,OK,short_name=sdswrf units=W m**-2 startStep=18 endStep=22
2022-05-28,18,24,dswrf_to_lead,DSM,OK,short_name=sdswrf units=W m**-2 startStep=18 endStep=24
2022-05-28,18,22,dswrf_to_lead_minus2,DSM,OK,short_name=sdswrf units=W m**-2 startStep=18 endStep=22
2022-05-27,18,24,dswrf_to_lead,DSM,OK,short_name=sdswrf units=W m**-2 startStep=18 endStep=24
2022-05-27,18,22,dswrf_to_lead_minus2,DSM,OK,short_name=sdswrf units=W m**-2 startStep=18 endStep=22
2022-05-13,18,24,dswrf_to_lead,DSM,OK,short_name=sdswrf units=W m**-2 startStep=18 endStep=24
2022-05-13,18,22,dswrf_to_lead_minus2,DSM,OK,short_name=sdswrf units=W m**-2 startStep=18 endStep=22
2022-06-09,18,24,dswrf_to_lead,DSM,OK,short_name=sdswrf units=W m**-2 startStep=18 endStep=24
2022-06-09,18,22,dswrf_to_lead_minus2,DSM,OK,short_name=sdswrf units=W m**-2 startStep=18 endStep=22
2022-05-06,18,24,dswrf_to_lead,DSM,OK,short_name=sdswrf units=W m**-2 startStep=18 endStep=24
2022-05-06,18,22,dswrf_to_lead_minus2,DSM,OK,short_name=sdswrf units=W m**-2 startStep=18 endStep=22
2022-05-14,18,24,dswrf_to_lead,DSM,OK,short_name=sdswrf units=W m**-2 startStep=18 endStep=24
2022-05-14,18,22,dswrf_to_lead_minus2,DSM,OK,short_name=sdswrf units=W m**-2 startStep=18 endStep=22
2022-05-17,18,24,dswrf_to_lead,DSM,OK,short_name=sdswrf units=W m**-2 startStep=18 endStep=24
2022-05-17,18,22,dswrf_to_lead_minus2,DSM,OK,short_name=sdswrf units=W m**-2 startStep=18 endStep=22
2022-04-26,18,24,dswrf_to_lead,DSM,OK,short_name=sdswrf units=W m**-2 startStep=18 endStep=24
2022-04-26,18,22,dswrf_to_lead_minus2,DSM,OK,short_name=sdswrf units=W m**-2 startStep=18 endStep=22
2022-05-31,18,24,dswrf_to_lead,DSM,OK,short_name=sdswrf units=W m**-2 startStep=18 endStep=24
2022-05-31,18,22,dswrf_to_lead_minus2,DSM,OK,short_name=sdswrf units=W m**-2 startStep=18 endStep=22
2022-04-19,18,24,dswrf_to_lead,DSM,OK,short_name=sdswrf units=W m**-2 startStep=18 endStep=24
2022-04-19,18,22,dswrf_to_lead_minus2,DSM,OK,short_name=sdswrf units=W m**-2 startStep=18 endStep=22
2022-06-07,18,24,dswrf_to_lead,DSM,OK,short_name=sdswrf units=W m**-2 startStep=18 endStep=24
2022-06-07,18,22,dswrf_to_lead_minus2,DSM,OK,short_name=sdswrf units=W m**-2 startStep=18 endStep=22
2022-06-01,18,24,dswrf_to_lead,DSM,OK,short_name=sdswrf units=W m**-2 startStep=18 endStep=24
2022-06-01,18,22,dswrf_to_lead_minus2,DSM,OK,short_name=sdswrf units=W m**-2 startStep=18 endStep=22
2022-05-21,18,24,dswrf_to_lead,DSM,OK,short_name=sdswrf units=W m**-2 startStep=18 endStep=24
2022-05-21,18,22,dswrf_to_lead_minus2,DSM,OK,short_name=sdswrf units=W m**-2 startStep=18 endStep=22
2022-05-04,18,24,dswrf_to_lead,DSM,OK,short_name=sdswrf units=W m**-2 startStep=18 endStep=24
2022-05-04,18,22,dswrf_to_lead_minus2,DSM,OK,short_name=sdswrf units=W m**-2 startStep=18 endStep=22
2022-05-10,18,24,dswrf_to_lead,DSM,OK,short_name=sdswrf units=W m**-2 startStep=18 endStep=24
2022-05-10,18,22,dswrf_to_lead_minus2,DSM,OK,short_name=sdswrf units=W m**-2 startStep=18 endStep=22
2022-05-07,18,24,dswrf_to_lead,DSM,OK,short_name=sdswrf units=W m**-2 startStep=18 endStep=24
2022-05-07,18,22,dswrf_to_lead_minus2,DSM,OK,short_name=sdswrf units=W m**-2 startStep=18 endStep=22
2022-06-11,18,24,dswrf_to_lead,DSM,OK,short_name=sdswrf units=W m**-2 startStep=18 endStep=24
2022-06-11,18,22,dswrf_to_lead_minus2,DSM,OK,short_name=sdswrf units=W m**-2 startStep=18 endStep=22
2022-05-25,18,24,dswrf_to_lead,DSM,OK,short_name=sdswrf units=W m**-2 startStep=18 endStep=24
2022-05-25,18,22,dswrf_to_lead_minus2,DSM,OK,short_name=sdswrf units=W m**-2 startStep=18 endStep=22
2022-05-22,18,24,dswrf_to_lead,DSM,OK,short_name=sdswrf units=W m**-2 startStep=18 endStep=24
2022-05-22,18,22,dswrf_to_lead_minus2,DSM,OK,short_name=sdswrf units=W m**-2 startStep=18 endStep=22
2022-05-05,18,24,dswrf_to_lead,DSM,OK,short_name=sdswrf units=W m**-2 startStep=18 endStep=24
2022-05-05,18,22,dswrf_to_lead_minus2,DSM,OK,short_name=sdswrf units=W m**-2 startStep=18 endStep=22
2022-04-06,18,24,dswrf_to_lead,DSM,OK,short_name=sdswrf units=W m**-2 startStep=18 endStep=24
2022-04-06,18,22,dswrf_to_lead_minus2,DSM,OK,short_name=sdswrf units=W m**-2 startStep=18 endStep=22
2022-05-24,18,24,dswrf_to_lead,DSM,OK,short_name=sdswrf units=W m**-2 startStep=18 endStep=24
2022-05-24,18,22,dswrf_to_lead_minus2,DSM,OK,short_name=sdswrf units=W m**-2 startStep=18 endStep=22
2022-05-12,18,24,dswrf_to_lead,DSM,OK,short_name=sdswrf units=W m**-2 startStep=18 endStep=24
2022-05-12,18,22,dswrf_to_lead_minus2,DSM,OK,short_name=sdswrf units=W m**-2 startStep=18 endStep=22
2022-06-02,18,24,dswrf_to_lead,DSM,OK,short_name=sdswrf units=W m**-2 startStep=18 endStep=24
2022-06-02,18,22,dswrf_to_lead_minus2,DSM,OK,short_name=sdswrf units=W m**-2 startStep=18 endStep=22
2022-06-18,18,24,dswrf_to_lead,DSM,OK,short_name=sdswrf units=W m**-2 startStep=18 endStep=24
2022-06-18,18,22,dswrf_to_lead_minus2,DSM,OK,short_name=sdswrf units=W m**-2 startStep=18 endStep=22
2022-05-09,18,24,dswrf_to_lead,DSM,OK,short_name=sdswrf units=W m**-2 startStep=18 endStep=24
2022-05-09,18,22,dswrf_to_lead_minus2,DSM,OK,short_name=sdswrf units=W m**-2 startStep=18 endStep=22
2022-05-23,18,24,dswrf_to_lead,DSM,OK,short_name=sdswrf units=W m**-2 startStep=18 endStep=24
2022-05-23,18,22,dswrf_to_lead_minus2,DSM,OK,short_name=sdswrf units=W m**-2 startStep=18 endStep=22
2022-06-04,18,24,dswrf_to_lead,DSM,OK,short_name=sdswrf units=W m**-2 startStep=18 endStep=24
2022-06-04,18,22,dswrf_to_lead_minus2,DSM,OK,short_name=sdswrf units=W m**-2 startStep=18 endStep=22
2022-06-23,18,24,dswrf_to_lead,DSM,OK,short_name=sdswrf units=W m**-2 startStep=18 endStep=24
2022-06-23,18,22,dswrf_to_lead_minus2,DSM,OK,short_name=sdswrf units=W m**-2 startStep=18 endStep=22
2022-06-25,18,24,dswrf_to_lead,DSM,OK,short_name=sdswrf units=W m**-2 startStep=18 endStep=24
2022-06-25,18,22,dswrf_to_lead_minus2,DSM,OK,short_name=sdswrf units=W m**-2 startStep=18 endStep=22
2022-05-30,18,24,dswrf_to_lead,DSM,OK,short_name=sdswrf units=W m**-2 startStep=18 endStep=24
2022-05-30,18,22,dswrf_to_lead_minus2,DSM,OK,short_name=sdswrf units=W m**-2 startStep=18 endStep=22
2022-06-20,18,24,dswrf_to_lead,DSM,OK,short_name=sdswrf units=W m**-2 startStep=18 endStep=24
2022-06-20,18,22,dswrf_to_lead_minus2,DSM,OK,short_name=sdswrf units=W m**-2 startStep=18 endStep=22
2022-06-06,18,24,dswrf_to_lead,DSM,OK,short_name=sdswrf units=W m**-2 startStep=18 endStep=24
2022-06-06,18,22,dswrf_to_lead_minus2,DSM,OK,short_name=sdswrf units=W m**-2 startStep=18 endStep=22
2022-06-10,18,24,dswrf_to_lead,DSM,OK,short_name=sdswrf units=W m**-2 startStep=18 endStep=24
2022-06-10,18,22,dswrf_to_lead_minus2,DSM,OK,short_name=sdswrf units=W m**-2 startStep=18 endStep=22
2022-06-26,18,24,dswrf_to_lead,DSM,OK,short_name=sdswrf units=W m**-2 startStep=18 endStep=24
2022-06-26,18,22,dswrf_to_lead_minus2,DSM,OK,short_name=sdswrf units=W m**-2 startStep=18 endStep=22
2022-06-19,18,24,dswrf_to_lead,DSM,OK,short_name=sdswrf units=W m**-2 startStep=18 endStep=24
2022-06-19,18,22,dswrf_to_lead_minus2,DSM,OK,short_name=sdswrf units=W m**-2 startStep=18 endStep=22
2022-07-07,18,24,dswrf_to_lead,DSM,OK,short_name=sdswrf units=W m**-2 startStep=18 endStep=24
2022-07-07,18,22,dswrf_to_lead_minus2,DSM,OK,short_name=sdswrf units=W m**-2 startStep=18 endStep=22
2022-06-22,18,24,dswrf_to_lead,DSM,OK,short_name=sdswrf units=W m**-2 startStep=18 endStep=24
2022-06-22,18,22,dswrf_to_lead_minus2,DSM,OK,short_name=sdswrf units=W m**-2 startStep=18 endStep=22
2022-07-05,18,24,dswrf_to_lead,DSM,OK,short_name=sdswrf units=W m**-2 startStep=18 endStep=24
2022-07-05,18,22,dswrf_to_lead_minus2,DSM,OK,short_name=sdswrf units=W m**-2 startStep=18 endStep=22
2022-06-13,18,24,dswrf_to_lead,DSM,OK,short_name=sdswrf units=W m**-2 startStep=18 endStep=24
2022-06-13,18,22,dswrf_to_lead_minus2,DSM,OK,short_name=sdswrf units=W m**-2 startStep=18 endStep=22
2022-07-06,18,24,dswrf_to_lead,DSM,OK,short_name=sdswrf units=W m**-2 startStep=18 endStep=24
2022-07-06,18,22,dswrf_to_lead_minus2,DSM,OK,short_name=sdswrf units=W m**-2 startStep=18 endStep=22
2022-06-03,18,24,dswrf_to_lead,DSM,OK,short_name=sdswrf units=W m**-2 startStep=18 endStep=24
2022-06-03,18,22,dswrf_to_lead_minus2,DSM,OK,short_name=sdswrf units=W m**-2 startStep=18 endStep=22
2022-07-13,18,24,dswrf_to_lead,DSM,OK,short_name=sdswrf units=W m**-2 startStep=18 endStep=24
2022-07-13,18,22,dswrf_to_lead_minus2,DSM,OK,short_name=sdswrf units=W m**-2 startStep=18 endStep=22
2022-06-14,18,24,dswrf_to_lead,DSM,OK,short_name=sdswrf units=W m**-2 startStep=18 endStep=24
2022-06-14,18,22,dswrf_to_lead_minus2,DSM,OK,short_name=sdswrf units=W m**-2 startStep=18 endStep=22
2022-06-08,18,24,dswrf_to_lead,DSM,OK,short_name=sdswrf units=W m**-2 startStep=18 endStep=24
2022-06-08,18,22,dswrf_to_lead_minus2,DSM,OK,short_name=sdswrf units=W m**-2 startStep=18 endStep=22
2022-06-16,18,24,dswrf_to_lead,DSM,OK,short_name=sdswrf units=W m**-2 startStep=18 endStep=24
2022-06-16,18,22,dswrf_to_lead_minus2,DSM,OK,short_name=sdswrf units=W m**-2 startStep=18 endStep=22
2022-06-17,18,24,dswrf_to_lead,DSM,OK,short_name=sdswrf units=W m**-2 startStep=18 endStep=24
2022-06-17,18,22,dswrf_to_lead_minus2,DSM,OK,short_name=sdswrf units=W m**-2 startStep=18 endStep=22
2022-06-21,18,24,dswrf_to_lead,DSM,OK,short_name=sdswrf units=W m**-2 startStep=18 endStep=24
2022-06-21,18,22,dswrf_to_lead_minus2,DSM,OK,short_name=sdswrf units=W m**-2 startStep=18 endStep=22
2022-07-23,18,24,dswrf_to_lead,DSM,OK,short_name=sdswrf units=W m**-2 startStep=18 endStep=24
2022-07-23,18,22,dswrf_to_lead_minus2,DSM,OK,short_name=sdswrf units=W m**-2 startStep=18 endStep=22
2022-06-05,18,24,dswrf_to_lead,DSM,OK,short_name=sdswrf units=W m**-2 startStep=18 endStep=24
2022-06-05,18,22,dswrf_to_lead_minus2,DSM,OK,short_name=sdswrf units=W m**-2 startStep=18 endStep=22
2022-07-17,18,24,dswrf_to_lead,DSM,OK,short_name=sdswrf units=W m**-2 startStep=18 endStep=24
2022-07-17,18,22,dswrf_to_lead_minus2,DSM,OK,short_name=sdswrf units=W m**-2 startStep=18 endStep=22
2022-06-12,18,24,dswrf_to_lead,DSM,OK,short_name=sdswrf units=W m**-2 startStep=18 endStep=24
2022-06-12,18,22,dswrf_to_lead_minus2,DSM,OK,short_name=sdswrf units=W m**-2 startStep=18 endStep=22
2022-07-14,18,24,dswrf_to_lead,DSM,OK,short_name=sdswrf units=W m**-2 startStep=18 endStep=24
2022-07-14,18,22,dswrf_to_lead_minus2,DSM,OK,short_name=sdswrf units=W m**-2 startStep=18 endStep=22
2022-07-15,18,24,dswrf_to_lead,DSM,OK,short_name=sdswrf units=W m**-2 startStep=18 endStep=24
2022-07-15,18,22,dswrf_to_lead_minus2,DSM,OK,short_name=sdswrf units=W m**-2 startStep=18 endStep=22
2022-07-25,18,24,dswrf_to_lead,DSM,OK,short_name=sdswrf units=W m**-2 startStep=18 endStep=24
2022-07-25,18,22,dswrf_to_lead_minus2,DSM,OK,short_name=sdswrf units=W m**-2 startStep=18 endStep=22
2022-07-03,18,24,dswrf_to_lead,DSM,OK,short_name=sdswrf units=W m**-2 startStep=18 endStep=24
2022-07-03,18,22,dswrf_to_lead_minus2,DSM,OK,short_name=sdswrf units=W m**-2 startStep=18 endStep=22
2022-07-01,18,24,dswrf_to_lead,DSM,OK,short_name=sdswrf units=W m**-2 startStep=18 endStep=24
2022-07-01,18,22,dswrf_to_lead_minus2,DSM,OK,short_name=sdswrf units=W m**-2 startStep=18 endStep=22
2022-07-16,18,24,dswrf_to_lead,DSM,OK,short_name=sdswrf units=W m**-2 startStep=18 endStep=24
2022-07-16,18,22,dswrf_to_lead_minus2,DSM,OK,short_name=sdswrf units=W m**-2 startStep=18 endStep=22
2022-07-04,18,24,dswrf_to_lead,DSM,OK,short_name=sdswrf units=W m**-2 startStep=18 endStep=24
2022-07-04,18,22,dswrf_to_lead_minus2,DSM,OK,short_name=sdswrf units=W m**-2 startStep=18 endStep=22
2022-06-29,18,24,dswrf_to_lead,DSM,OK,short_name=sdswrf units=W m**-2 startStep=18 endStep=24
2022-06-29,18,22,dswrf_to_lead_minus2,DSM,OK,short_name=sdswrf units=W m**-2 startStep=18 endStep=22
2022-05-26,18,24,dswrf_to_lead,DSM,OK,short_name=sdswrf units=W m**-2 startStep=18 endStep=24
2022-05-26,18,22,dswrf_to_lead_minus2,DSM,OK,short_name=sdswrf units=W m**-2 startStep=18 endStep=22
2022-07-19,18,24,dswrf_to_lead,DSM,OK,short_name=sdswrf units=W m**-2 startStep=18 endStep=24
2022-07-19,18,22,dswrf_to_lead_minus2,DSM,OK,short_name=sdswrf units=W m**-2 startStep=18 endStep=22
2022-07-21,18,24,dswrf_to_lead,DSM,OK,short_name=sdswrf units=W m**-2 startStep=18 endStep=24
2022-07-21,18,22,dswrf_to_lead_minus2,DSM,OK,short_name=sdswrf units=W m**-2 startStep=18 endStep=22
2022-06-24,18,24,dswrf_to_lead,DSM,OK,short_name=sdswrf units=W m**-2 startStep=18 endStep=24
2022-06-24,18,22,dswrf_to_lead_minus2,DSM,OK,short_name=sdswrf units=W m**-2 startStep=18 endStep=22
2022-07-28,18,24,dswrf_to_lead,DSM,OK,short_name=sdswrf units=W m**-2 startStep=18 endStep=24
2022-07-28,18,22,dswrf_to_lead_minus2,DSM,OK,short_name=sdswrf units=W m**-2 startStep=18 endStep=22
2022-08-02,18,24,dswrf_to_lead,DSM,OK,short_name=sdswrf units=W m**-2 startStep=18 endStep=24
2022-08-02,18,22,dswrf_to_lead_minus2,DSM,OK,short_name=sdswrf units=W m**-2 startStep=18 endStep=22
2022-07-31,18,24,dswrf_to_lead,DSM,OK,short_name=sdswrf units=W m**-2 startStep=18 endStep=24
2022-07-31,18,22,dswrf_to_lead_minus2,DSM,OK,short_name=sdswrf units=W m**-2 startStep=18 endStep=22
2022-07-29,18,24,dswrf_to_lead,DSM,OK,short_name=sdswrf units=W m**-2 startStep=18 endStep=24
2022-07-29,18,22,dswrf_to_lead_minus2,DSM,OK,short_name=sdswrf units=W m**-2 startStep=18 endStep=22
2022-08-14,18,24,dswrf_to_lead,DSM,OK,short_name=sdswrf units=W m**-2 startStep=18 endStep=24
2022-08-14,18,22,dswrf_to_lead_minus2,DSM,OK,short_name=sdswrf units=W m**-2 startStep=18 endStep=22
2022-08-03,18,24,dswrf_to_lead,DSM,OK,short_name=sdswrf units=W m**-2 startStep=18 endStep=24
2022-08-03,18,22,dswrf_to_lead_minus2,DSM,OK,short_name=sdswrf units=W m**-2 startStep=18 endStep=22
2022-07-22,18,24,dswrf_to_lead,DSM,OK,short_name=sdswrf units=W m**-2 startStep=18 endStep=24
2022-07-22,18,22,dswrf_to_lead_minus2,DSM,OK,short_name=sdswrf units=W m**-2 startStep=18 endStep=22
2022-08-10,18,24,dswrf_to_lead,DSM,OK,short_name=sdswrf units=W m**-2 startStep=18 endStep=24
2022-08-10,18,22,dswrf_to_lead_minus2,DSM,OK,short_name=sdswrf units=W m**-2 startStep=18 endStep=22
2022-06-27,18,24,dswrf_to_lead,DSM,OK,short_name=sdswrf units=W m**-2 startStep=18 endStep=24
2022-06-27,18,22,dswrf_to_lead_minus2,DSM,OK,short_name=sdswrf units=W m**-2 startStep=18 endStep=22
2022-08-12,18,24,dswrf_to_lead,DSM,OK,short_name=sdswrf units=W m**-2 startStep=18 endStep=24
2022-08-12,18,22,dswrf_to_lead_minus2,DSM,OK,short_name=sdswrf units=W m**-2 startStep=18 endStep=22
2022-07-11,18,24,dswrf_to_lead,DSM,OK,short_name=sdswrf units=W m**-2 startStep=18 endStep=24
2022-07-11,18,22,dswrf_to_lead_minus2,DSM,OK,short_name=sdswrf units=W m**-2 startStep=18 endStep=22
2022-07-08,18,24,dswrf_to_lead,DSM,OK,short_name=sdswrf units=W m**-2 startStep=18 endStep=24
2022-07-08,18,22,dswrf_to_lead_minus2,DSM,OK,short_name=sdswrf units=W m**-2 startStep=18 endStep=22
2022-08-05,18,24,dswrf_to_lead,DSM,OK,short_name=sdswrf units=W m**-2 startStep=18 endStep=24
2022-08-05,18,22,dswrf_to_lead_minus2,DSM,OK,short_name=sdswrf units=W m**-2 startStep=18 endStep=22
2022-06-30,18,24,dswrf_to_lead,DSM,OK,short_name=sdswrf units=W m**-2 startStep=18 endStep=24
2022-06-30,18,22,dswrf_to_lead_minus2,DSM,OK,short_name=sdswrf units=W m**-2 startStep=18 endStep=22
2022-06-28,18,24,dswrf_to_lead,DSM,OK,short_name=sdswrf units=W m**-2 startStep=18 endStep=24
2022-06-28,18,22,dswrf_to_lead_minus2,DSM,OK,short_name=sdswrf units=W m**-2 startStep=18 endStep=22
2022-07-02,18,24,dswrf_to_lead,DSM,OK,short_name=sdswrf units=W m**-2 startStep=18 endStep=24
2022-07-02,18,22,dswrf_to_lead_minus2,DSM,OK,short_name=sdswrf units=W m**-2 startStep=18 endStep=22
2022-07-30,18,24,dswrf_to_lead,DSM,OK,short_name=sdswrf units=W m**-2 startStep=18 endStep=24
2022-07-30,18,22,dswrf_to_lead_minus2,DSM,OK,short_name=sdswrf units=W m**-2 startStep=18 endStep=22
2022-08-20,18,24,dswrf_to_lead,DSM,OK,short_name=sdswrf units=W m**-2 startStep=18 endStep=24
2022-08-20,18,22,dswrf_to_lead_minus2,DSM,OK,short_name=sdswrf units=W m**-2 startStep=18 endStep=22
2022-08-18,18,24,dswrf_to_lead,DSM,OK,short_name=sdswrf units=W m**-2 startStep=18 endStep=24
2022-08-18,18,22,dswrf_to_lead_minus2,DSM,OK,short_name=sdswrf units=W m**-2 startStep=18 endStep=22
2022-08-01,18,24,dswrf_to_lead,DSM,OK,short_name=sdswrf units=W m**-2 startStep=18 endStep=24
2022-08-01,18,22,dswrf_to_lead_minus2,DSM,OK,short_name=sdswrf units=W m**-2 startStep=18 endStep=22
2022-07-09,18,24,dswrf_to_lead,DSM,OK,short_name=sdswrf units=W m**-2 startStep=18 endStep=24
2022-07-09,18,22,dswrf_to_lead_minus2,DSM,OK,short_name=sdswrf units=W m**-2 startStep=18 endStep=22
2022-07-10,18,24,dswrf_to_lead,DSM,OK,short_name=sdswrf units=W m**-2 startStep=18 endStep=24
2022-07-10,18,22,dswrf_to_lead_minus2,DSM,OK,short_name=sdswrf units=W m**-2 startStep=18 endStep=22
2022-08-06,18,24,dswrf_to_lead,DSM,OK,short_name=sdswrf units=W m**-2 startStep=18 endStep=24
2022-08-06,18,22,dswrf_to_lead_minus2,DSM,OK,short_name=sdswrf units=W m**-2 startStep=18 endStep=22
2022-07-26,18,24,dswrf_to_lead,DSM,OK,short_name=sdswrf units=W m**-2 startStep=18 endStep=24
2022-07-26,18,22,dswrf_to_lead_minus2,DSM,OK,short_name=sdswrf units=W m**-2 startStep=18 endStep=22
2022-08-16,18,24,dswrf_to_lead,DSM,OK,short_name=sdswrf units=W m**-2 startStep=18 endStep=24
2022-08-16,18,22,dswrf_to_lead_minus2,DSM,OK,short_name=sdswrf units=W m**-2 startStep=18 endStep=22
2022-08-15,18,24,dswrf_to_lead,DSM,OK,short_name=sdswrf units=W m**-2 startStep=18 endStep=24
2022-08-15,18,22,dswrf_to_lead_minus2,DSM,OK,short_name=sdswrf units=W m**-2 startStep=18 endStep=22
2022-08-21,18,24,dswrf_to_lead,DSM,OK,short_name=sdswrf units=W m**-2 startStep=18 endStep=24
2022-08-21,18,22,dswrf_to_lead_minus2,DSM,OK,short_name=sdswrf units=W m**-2 startStep=18 endStep=22
2022-08-17,18,24,dswrf_to_lead,DSM,OK,short_name=sdswrf units=W m**-2 startStep=18 endStep=24
2022-08-17,18,22,dswrf_to_lead_minus2,DSM,OK,short_name=sdswrf units=W m**-2 startStep=18 endStep=22
2022-08-23,18,24,dswrf_to_lead,DSM,OK,short_name=sdswrf units=W m**-2 startStep=18 endStep=24
2022-08-23,18,22,dswrf_to_lead_minus2,DSM,OK,short_name=sdswrf units=W m**-2 startStep=18 endStep=22
2022-07-20,18,24,dswrf_to_lead,DSM,OK,short_name=sdswrf units=W m**-2 startStep=18 endStep=24
2022-07-20,18,22,dswrf_to_lead_minus2,DSM,OK,short_name=sdswrf units=W m**-2 startStep=18 endStep=22
2022-07-27,18,24,dswrf_to_lead,DSM,OK,short_name=sdswrf units=W m**-2 startStep=18 endStep=24
2022-07-27,18,22,dswrf_to_lead_minus2,DSM,OK,short_name=sdswrf units=W m**-2 startStep=18 endStep=22
2022-08-22,18,24,dswrf_to_lead,DSM,OK,short_name=sdswrf units=W m**-2 startStep=18 endStep=24
2022-08-22,18,22,dswrf_to_lead_minus2,DSM,OK,short_name=sdswrf units=W m**-2 startStep=18 endStep=22
2022-07-18,18,24,dswrf_to_lead,DSM,OK,short_name=sdswrf units=W m**-2 startStep=18 endStep=24
2022-07-18,18,22,dswrf_to_lead_minus2,DSM,OK,short_name=sdswrf units=W m**-2 startStep=18 endStep=22
2022-09-17,18,24,dswrf_to_lead,DSM,OK,short_name=sdswrf units=W m**-2 startStep=18 endStep=24
2022-09-17,18,22,dswrf_to_lead_minus2,DSM,OK,short_name=sdswrf units=W m**-2 startStep=18 endStep=22
2022-08-28,18,24,dswrf_to_lead,DSM,OK,short_name=sdswrf units=W m**-2 startStep=18 endStep=24
2022-08-28,18,22,dswrf_to_lead_minus2,DSM,OK,short_name=sdswrf units=W m**-2 startStep=18 endStep=22
2022-08-31,18,24,dswrf_to_lead,DSM,OK,short_name=sdswrf units=W m**-2 startStep=18 endStep=24
2022-08-31,18,22,dswrf_to_lead_minus2,DSM,OK,short_name=sdswrf units=W m**-2 startStep=18 endStep=22
2022-07-12,18,24,dswrf_to_lead,DSM,OK,short_name=sdswrf units=W m**-2 startStep=18 endStep=24
2022-07-12,18,22,dswrf_to_lead_minus2,DSM,OK,short_name=sdswrf units=W m**-2 startStep=18 endStep=22
2022-09-01,18,24,dswrf_to_lead,DSM,OK,short_name=sdswrf units=W m**-2 startStep=18 endStep=24
2022-09-01,18,22,dswrf_to_lead_minus2,DSM,OK,short_name=sdswrf units=W m**-2 startStep=18 endStep=22
2022-09-04,18,24,dswrf_to_lead,DSM,OK,short_name=sdswrf units=W m**-2 startStep=18 endStep=24
2022-09-04,18,22,dswrf_to_lead_minus2,DSM,OK,short_name=sdswrf units=W m**-2 startStep=18 endStep=22
2022-09-10,18,24,dswrf_to_lead,DSM,OK,short_name=sdswrf units=W m**-2 startStep=18 endStep=24
2022-09-10,18,22,dswrf_to_lead_minus2,DSM,OK,short_name=sdswrf units=W m**-2 startStep=18 endStep=22
2022-08-29,18,24,dswrf_to_lead,DSM,OK,short_name=sdswrf units=W m**-2 startStep=18 endStep=24
2022-08-29,18,22,dswrf_to_lead_minus2,DSM,OK,short_name=sdswrf units=W m**-2 startStep=18 endStep=22
2022-08-26,18,24,dswrf_to_lead,DSM,OK,short_name=sdswrf units=W m**-2 startStep=18 endStep=24
2022-08-26,18,22,dswrf_to_lead_minus2,DSM,OK,short_name=sdswrf units=W m**-2 startStep=18 endStep=22
2022-09-19,18,24,dswrf_to_lead,DSM,OK,short_name=sdswrf units=W m**-2 startStep=18 endStep=24
2022-09-19,18,22,dswrf_to_lead_minus2,DSM,OK,short_name=sdswrf units=W m**-2 startStep=18 endStep=22
2022-08-08,18,24,dswrf_to_lead,DSM,OK,short_name=sdswrf units=W m**-2 startStep=18 endStep=24
2022-08-08,18,22,dswrf_to_lead_minus2,DSM,OK,short_name=sdswrf units=W m**-2 startStep=18 endStep=22
2022-08-19,18,24,dswrf_to_lead,DSM,OK,short_name=sdswrf units=W m**-2 startStep=18 endStep=24
2022-08-19,18,22,dswrf_to_lead_minus2,DSM,OK,short_name=sdswrf units=W m**-2 startStep=18 endStep=22
2022-08-30,18,24,dswrf_to_lead,DSM,OK,short_name=sdswrf units=W m**-2 startStep=18 endStep=24
2022-08-30,18,22,dswrf_to_lead_minus2,DSM,OK,short_name=sdswrf units=W m**-2 startStep=18 endStep=22
2022-09-12,18,24,dswrf_to_lead,DSM,OK,short_name=sdswrf units=W m**-2 startStep=18 endStep=24
2022-09-12,18,22,dswrf_to_lead_minus2,DSM,OK,short_name=sdswrf units=W m**-2 startStep=18 endStep=22
2022-08-24,18,24,dswrf_to_lead,DSM,OK,short_name=sdswrf units=W m**-2 startStep=18 endStep=24
2022-08-24,18,22,dswrf_to_lead_minus2,DSM,OK,short_name=sdswrf units=W m**-2 startStep=18 endStep=22
2022-06-15,18,24,dswrf_to_lead,DSM,OK,short_name=sdswrf units=W m**-2 startStep=18 endStep=24
2022-06-15,18,22,dswrf_to_lead_minus2,DSM,OK,short_name=sdswrf units=W m**-2 startStep=18 endStep=22
2022-07-24,18,24,dswrf_to_lead,DSM,OK,short_name=sdswrf units=W m**-2 startStep=18 endStep=24
2022-07-24,18,22,dswrf_to_lead_minus2,DSM,OK,short_name=sdswrf units=W m**-2 startStep=18 endStep=22
2022-09-16,18,24,dswrf_to_lead,DSM,OK,short_name=sdswrf units=W m**-2 startStep=18 endStep=24
2022-09-16,18,22,dswrf_to_lead_minus2,DSM,OK,short_name=sdswrf units=W m**-2 startStep=18 endStep=22
2022-08-25,18,24,dswrf_to_lead,DSM,OK,short_name=sdswrf units=W m**-2 startStep=18 endStep=24
2022-08-25,18,22,dswrf_to_lead_minus2,DSM,OK,short_name=sdswrf units=W m**-2 startStep=18 endStep=22
2022-09-03,18,24,dswrf_to_lead,DSM,OK,short_name=sdswrf units=W m**-2 startStep=18 endStep=24
2022-09-03,18,22,dswrf_to_lead_minus2,DSM,OK,short_name=sdswrf units=W m**-2 startStep=18 endStep=22
2022-09-06,18,24,dswrf_to_lead,DSM,OK,short_name=sdswrf units=W m**-2 startStep=18 endStep=24
2022-09-06,18,22,dswrf_to_lead_minus2,DSM,OK,short_name=sdswrf units=W m**-2 startStep=18 endStep=22
2022-09-07,18,24,dswrf_to_lead,DSM,OK,short_name=sdswrf units=W m**-2 startStep=18 endStep=24
2022-09-07,18,22,dswrf_to_lead_minus2,DSM,OK,short_name=sdswrf units=W m**-2 startStep=18 endStep=22
2022-08-11,18,24,dswrf_to_lead,DSM,OK,short_name=sdswrf units=W m**-2 startStep=18 endStep=24
2022-08-11,18,22,dswrf_to_lead_minus2,DSM,OK,short_name=sdswrf units=W m**-2 startStep=18 endStep=22
2022-09-05,18,24,dswrf_to_lead,DSM,OK,short_name=sdswrf units=W m**-2 startStep=18 endStep=24
2022-09-05,18,22,dswrf_to_lead_minus2,DSM,OK,short_name=sdswrf units=W m**-2 startStep=18 endStep=22
2022-09-11,18,24,dswrf_to_lead,DSM,OK,short_name=sdswrf units=W m**-2 startStep=18 endStep=24
2022-09-11,18,22,dswrf_to_lead_minus2,DSM,OK,short_name=sdswrf units=W m**-2 startStep=18 endStep=22
2022-09-30,18,24,dswrf_to_lead,DSM,OK,short_name=sdswrf units=W m**-2 startStep=18 endStep=24
2022-09-30,18,22,dswrf_to_lead_minus2,DSM,OK,short_name=sdswrf units=W m**-2 startStep=18 endStep=22
2022-09-23,18,24,dswrf_to_lead,DSM,OK,short_name=sdswrf units=W m**-2 startStep=18 endStep=24
2022-09-23,18,22,dswrf_to_lead_minus2,DSM,OK,short_name=sdswrf units=W m**-2 startStep=18 endStep=22
2022-10-11,18,24,dswrf_to_lead,DSM,OK,short_name=sdswrf units=W m**-2 startStep=18 endStep=24
2022-10-11,18,22,dswrf_to_lead_minus2,DSM,OK,short_name=sdswrf units=W m**-2 startStep=18 endStep=22
2022-08-07,18,24,dswrf_to_lead,DSM,OK,short_name=sdswrf units=W m**-2 startStep=18 endStep=24
2022-08-07,18,22,dswrf_to_lead_minus2,DSM,OK,short_name=sdswrf units=W m**-2 startStep=18 endStep=22
2022-10-02,18,24,dswrf_to_lead,DSM,OK,short_name=sdswrf units=W m**-2 startStep=18 endStep=24
2022-10-02,18,22,dswrf_to_lead_minus2,DSM,OK,short_name=sdswrf units=W m**-2 startStep=18 endStep=22
2022-09-08,18,24,dswrf_to_lead,DSM,OK,short_name=sdswrf units=W m**-2 startStep=18 endStep=24
2022-09-08,18,22,dswrf_to_lead_minus2,DSM,OK,short_name=sdswrf units=W m**-2 startStep=18 endStep=22
2022-10-08,18,24,dswrf_to_lead,DSM,OK,short_name=sdswrf units=W m**-2 startStep=18 endStep=24
2022-10-08,18,22,dswrf_to_lead_minus2,DSM,OK,short_name=sdswrf units=W m**-2 startStep=18 endStep=22
2022-08-13,18,24,dswrf_to_lead,DSM,OK,short_name=sdswrf units=W m**-2 startStep=18 endStep=24
2022-08-13,18,22,dswrf_to_lead_minus2,DSM,OK,short_name=sdswrf units=W m**-2 startStep=18 endStep=22
2022-08-27,18,24,dswrf_to_lead,DSM,OK,short_name=sdswrf units=W m**-2 startStep=18 endStep=24
2022-08-27,18,22,dswrf_to_lead_minus2,DSM,OK,short_name=sdswrf units=W m**-2 startStep=18 endStep=22
2022-09-24,18,24,dswrf_to_lead,DSM,OK,short_name=sdswrf units=W m**-2 startStep=18 endStep=24
2022-09-24,18,22,dswrf_to_lead_minus2,DSM,OK,short_name=sdswrf units=W m**-2 startStep=18 endStep=22
2022-09-09,18,24,dswrf_to_lead,DSM,OK,short_name=sdswrf units=W m**-2 startStep=18 endStep=24
2022-09-09,18,22,dswrf_to_lead_minus2,DSM,OK,short_name=sdswrf units=W m**-2 startStep=18 endStep=22
2022-10-05,18,24,dswrf_to_lead,DSM,OK,short_name=sdswrf units=W m**-2 startStep=18 endStep=24
2022-10-05,18,22,dswrf_to_lead_minus2,DSM,OK,short_name=sdswrf units=W m**-2 startStep=18 endStep=22
2022-09-21,18,24,dswrf_to_lead,DSM,OK,short_name=sdswrf units=W m**-2 startStep=18 endStep=24
2022-09-21,18,22,dswrf_to_lead_minus2,DSM,OK,short_name=sdswrf units=W m**-2 startStep=18 endStep=22
2022-09-15,18,24,dswrf_to_lead,DSM,OK,short_name=sdswrf units=W m**-2 startStep=18 endStep=24
2022-09-15,18,22,dswrf_to_lead_minus2,DSM,OK,short_name=sdswrf units=W m**-2 startStep=18 endStep=22
2022-10-01,18,24,dswrf_to_lead,DSM,OK,short_name=sdswrf units=W m**-2 startStep=18 endStep=24
2022-10-01,18,22,dswrf_to_lead_minus2,DSM,OK,short_name=sdswrf units=W m**-2 startStep=18 endStep=22
2022-09-20,18,24,dswrf_to_lead,DSM,OK,short_name=sdswrf units=W m**-2 startStep=18 endStep=24
2022-09-20,18,22,dswrf_to_lead_minus2,DSM,OK,short_name=sdswrf units=W m**-2 startStep=18 endStep=22
2022-10-09,18,24,dswrf_to_lead,DSM,OK,short_name=sdswrf units=W m**-2 startStep=18 endStep=24
2022-10-09,18,22,dswrf_to_lead_minus2,DSM,OK,short_name=sdswrf units=W m**-2 startStep=18 endStep=22
2022-10-10,18,24,dswrf_to_lead,DSM,OK,short_name=sdswrf units=W m**-2 startStep=18 endStep=24
2022-10-10,18,22,dswrf_to_lead_minus2,DSM,OK,short_name=sdswrf units=W m**-2 startStep=18 endStep=22
2022-08-09,18,24,dswrf_to_lead,DSM,OK,short_name=sdswrf units=W m**-2 startStep=18 endStep=24
2022-08-09,18,22,dswrf_to_lead_minus2,DSM,OK,short_name=sdswrf units=W m**-2 startStep=18 endStep=22
2022-09-02,18,24,dswrf_to_lead,DSM,OK,short_name=sdswrf units=W m**-2 startStep=18 endStep=24
2022-09-02,18,22,dswrf_to_lead_minus2,DSM,OK,short_name=sdswrf units=W m**-2 startStep=18 endStep=22
2022-09-27,18,24,dswrf_to_lead,DSM,OK,short_name=sdswrf units=W m**-2 startStep=18 endStep=24
2022-09-27,18,22,dswrf_to_lead_minus2,DSM,OK,short_name=sdswrf units=W m**-2 startStep=18 endStep=22
2022-10-18,18,24,dswrf_to_lead,DSM,OK,short_name=sdswrf units=W m**-2 startStep=18 endStep=24
2022-10-18,18,22,dswrf_to_lead_minus2,DSM,OK,short_name=sdswrf units=W m**-2 startStep=18 endStep=22
2022-10-12,18,24,dswrf_to_lead,DSM,OK,short_name=sdswrf units=W m**-2 startStep=18 endStep=24
2022-10-12,18,22,dswrf_to_lead_minus2,DSM,OK,short_name=sdswrf units=W m**-2 startStep=18 endStep=22
2022-10-14,18,24,dswrf_to_lead,DSM,OK,short_name=sdswrf units=W m**-2 startStep=18 endStep=24
2022-10-14,18,22,dswrf_to_lead_minus2,DSM,OK,short_name=sdswrf units=W m**-2 startStep=18 endStep=22
2022-09-25,18,24,dswrf_to_lead,DSM,OK,short_name=sdswrf units=W m**-2 startStep=18 endStep=24
2022-09-25,18,22,dswrf_to_lead_minus2,DSM,OK,short_name=sdswrf units=W m**-2 startStep=18 endStep=22
2022-09-18,18,24,dswrf_to_lead,DSM,OK,short_name=sdswrf units=W m**-2 startStep=18 endStep=24
2022-09-18,18,22,dswrf_to_lead_minus2,DSM,OK,short_name=sdswrf units=W m**-2 startStep=18 endStep=22
2022-10-17,18,24,dswrf_to_lead,DSM,OK,short_name=sdswrf units=W m**-2 startStep=18 endStep=24
2022-10-17,18,22,dswrf_to_lead_minus2,DSM,OK,short_name=sdswrf units=W m**-2 startStep=18 endStep=22
2022-10-19,18,24,dswrf_to_lead,DSM,OK,short_name=sdswrf units=W m**-2 startStep=18 endStep=24
2022-10-19,18,22,dswrf_to_lead_minus2,DSM,OK,short_name=sdswrf units=W m**-2 startStep=18 endStep=22
2022-09-22,18,24,dswrf_to_lead,DSM,OK,short_name=sdswrf units=W m**-2 startStep=18 endStep=24
2022-09-22,18,22,dswrf_to_lead_minus2,DSM,OK,short_name=sdswrf units=W m**-2 startStep=18 endStep=22
2022-09-29,18,24,dswrf_to_lead,DSM,OK,short_name=sdswrf units=W m**-2 startStep=18 endStep=24
2022-09-29,18,22,dswrf_to_lead_minus2,DSM,OK,short_name=sdswrf units=W m**-2 startStep=18 endStep=22
2022-11-01,18,24,dswrf_to_lead,DSM,OK,short_name=sdswrf units=W m**-2 startStep=18 endStep=24
2022-11-01,18,22,dswrf_to_lead_minus2,DSM,OK,short_name=sdswrf units=W m**-2 startStep=18 endStep=22
2022-10-16,18,24,dswrf_to_lead,DSM,OK,short_name=sdswrf units=W m**-2 startStep=18 endStep=24
2022-10-16,18,22,dswrf_to_lead_minus2,DSM,OK,short_name=sdswrf units=W m**-2 startStep=18 endStep=22
2022-10-28,18,24,dswrf_to_lead,DSM,OK,short_name=sdswrf units=W m**-2 startStep=18 endStep=24
2022-10-28,18,22,dswrf_to_lead_minus2,DSM,OK,short_name=sdswrf units=W m**-2 startStep=18 endStep=22
2022-10-30,18,24,dswrf_to_lead,DSM,OK,short_name=sdswrf units=W m**-2 startStep=18 endStep=24
2022-10-30,18,22,dswrf_to_lead_minus2,DSM,OK,short_name=sdswrf units=W m**-2 startStep=18 endStep=22
2022-11-10,18,24,dswrf_to_lead,DSM,OK,short_name=sdswrf units=W m**-2 startStep=18 endStep=24
2022-11-10,18,22,dswrf_to_lead_minus2,DSM,OK,short_name=sdswrf units=W m**-2 startStep=18 endStep=22
2022-08-04,18,24,dswrf_to_lead,DSM,OK,short_name=sdswrf units=W m**-2 startStep=18 endStep=24
2022-08-04,18,22,dswrf_to_lead_minus2,DSM,OK,short_name=sdswrf units=W m**-2 startStep=18 endStep=22
2022-09-28,18,24,dswrf_to_lead,DSM,OK,short_name=sdswrf units=W m**-2 startStep=18 endStep=24
2022-09-28,18,22,dswrf_to_lead_minus2,DSM,OK,short_name=sdswrf units=W m**-2 startStep=18 endStep=22
2022-10-20,18,24,dswrf_to_lead,DSM,OK,short_name=sdswrf units=W m**-2 startStep=18 endStep=24
2022-10-20,18,22,dswrf_to_lead_minus2,DSM,OK,short_name=sdswrf units=W m**-2 startStep=18 endStep=22
2022-09-13,18,24,dswrf_to_lead,DSM,OK,short_name=sdswrf units=W m**-2 startStep=18 endStep=24
2022-09-13,18,22,dswrf_to_lead_minus2,DSM,OK,short_name=sdswrf units=W m**-2 startStep=18 endStep=22
2022-10-15,18,24,dswrf_to_lead,DSM,OK,short_name=sdswrf units=W m**-2 startStep=18 endStep=24
2022-10-15,18,22,dswrf_to_lead_minus2,DSM,OK,short_name=sdswrf units=W m**-2 startStep=18 endStep=22
2022-10-22,18,24,dswrf_to_lead,DSM,OK,short_name=sdswrf units=W m**-2 startStep=18 endStep=24
2022-10-22,18,22,dswrf_to_lead_minus2,DSM,OK,short_name=sdswrf units=W m**-2 startStep=18 endStep=22
2022-09-26,18,24,dswrf_to_lead,DSM,OK,short_name=sdswrf units=W m**-2 startStep=18 endStep=24
2022-09-26,18,22,dswrf_to_lead_minus2,DSM,OK,short_name=sdswrf units=W m**-2 startStep=18 endStep=22
2022-10-31,18,24,dswrf_to_lead,DSM,OK,short_name=sdswrf units=W m**-2 startStep=18 endStep=24
2022-10-31,18,22,dswrf_to_lead_minus2,DSM,OK,short_name=sdswrf units=W m**-2 startStep=18 endStep=22
2022-10-07,18,24,dswrf_to_lead,DSM,OK,short_name=sdswrf units=W m**-2 startStep=18 endStep=24
2022-10-07,18,22,dswrf_to_lead_minus2,DSM,OK,short_name=sdswrf units=W m**-2 startStep=18 endStep=22
2022-11-11,18,24,dswrf_to_lead,DSM,OK,short_name=sdswrf units=W m**-2 startStep=18 endStep=24
2022-11-11,18,22,dswrf_to_lead_minus2,DSM,OK,short_name=sdswrf units=W m**-2 startStep=18 endStep=22
2022-10-29,18,24,dswrf_to_lead,DSM,OK,short_name=sdswrf units=W m**-2 startStep=18 endStep=24
2022-10-29,18,22,dswrf_to_lead_minus2,DSM,OK,short_name=sdswrf units=W m**-2 startStep=18 endStep=22
2022-10-26,18,24,dswrf_to_lead,DSM,OK,short_name=sdswrf units=W m**-2 startStep=18 endStep=24
2022-10-26,18,22,dswrf_to_lead_minus2,DSM,OK,short_name=sdswrf units=W m**-2 startStep=18 endStep=22
2022-10-25,18,24,dswrf_to_lead,DSM,OK,short_name=sdswrf units=W m**-2 startStep=18 endStep=24
2022-10-25,18,22,dswrf_to_lead_minus2,DSM,OK,short_name=sdswrf units=W m**-2 startStep=18 endStep=22
2022-11-02,18,24,dswrf_to_lead,DSM,OK,short_name=sdswrf units=W m**-2 startStep=18 endStep=24
2022-11-02,18,22,dswrf_to_lead_minus2,DSM,OK,short_name=sdswrf units=W m**-2 startStep=18 endStep=22
2022-10-27,18,24,dswrf_to_lead,DSM,OK,short_name=sdswrf units=W m**-2 startStep=18 endStep=24
2022-10-27,18,22,dswrf_to_lead_minus2,DSM,OK,short_name=sdswrf units=W m**-2 startStep=18 endStep=22
2022-11-20,18,24,dswrf_to_lead,DSM,OK,short_name=sdswrf units=W m**-2 startStep=18 endStep=24
2022-11-20,18,22,dswrf_to_lead_minus2,DSM,OK,short_name=sdswrf units=W m**-2 startStep=18 endStep=22
2022-10-23,18,24,dswrf_to_lead,DSM,OK,short_name=sdswrf units=W m**-2 startStep=18 endStep=24
2022-10-23,18,22,dswrf_to_lead_minus2,DSM,OK,short_name=sdswrf units=W m**-2 startStep=18 endStep=22
2022-11-21,18,24,dswrf_to_lead,DSM,OK,short_name=sdswrf units=W m**-2 startStep=18 endStep=24
2022-11-21,18,22,dswrf_to_lead_minus2,DSM,OK,short_name=sdswrf units=W m**-2 startStep=18 endStep=22
2022-10-04,18,24,dswrf_to_lead,DSM,OK,short_name=sdswrf units=W m**-2 startStep=18 endStep=24
2022-10-04,18,22,dswrf_to_lead_minus2,DSM,OK,short_name=sdswrf units=W m**-2 startStep=18 endStep=22
2022-11-09,18,24,dswrf_to_lead,DSM,OK,short_name=sdswrf units=W m**-2 startStep=18 endStep=24
2022-11-09,18,22,dswrf_to_lead_minus2,DSM,OK,short_name=sdswrf units=W m**-2 startStep=18 endStep=22
2022-11-18,18,24,dswrf_to_lead,DSM,OK,short_name=sdswrf units=W m**-2 startStep=18 endStep=24
2022-11-18,18,22,dswrf_to_lead_minus2,DSM,OK,short_name=sdswrf units=W m**-2 startStep=18 endStep=22
2022-10-13,18,24,dswrf_to_lead,DSM,OK,short_name=sdswrf units=W m**-2 startStep=18 endStep=24
2022-10-13,18,22,dswrf_to_lead_minus2,DSM,OK,short_name=sdswrf units=W m**-2 startStep=18 endStep=22
2022-10-03,18,24,dswrf_to_lead,DSM,OK,short_name=sdswrf units=W m**-2 startStep=18 endStep=24
2022-10-03,18,22,dswrf_to_lead_minus2,DSM,OK,short_name=sdswrf units=W m**-2 startStep=18 endStep=22
2022-11-16,18,24,dswrf_to_lead,DSM,OK,short_name=sdswrf units=W m**-2 startStep=18 endStep=24
2022-11-16,18,22,dswrf_to_lead_minus2,DSM,OK,short_name=sdswrf units=W m**-2 startStep=18 endStep=22
2022-11-05,18,24,dswrf_to_lead,DSM,OK,short_name=sdswrf units=W m**-2 startStep=18 endStep=24
2022-11-05,18,22,dswrf_to_lead_minus2,DSM,OK,short_name=sdswrf units=W m**-2 startStep=18 endStep=22
2022-10-21,18,24,dswrf_to_lead,DSM,OK,short_name=sdswrf units=W m**-2 startStep=18 endStep=24
2022-10-21,18,22,dswrf_to_lead_minus2,DSM,OK,short_name=sdswrf units=W m**-2 startStep=18 endStep=22
2022-11-15,18,24,dswrf_to_lead,DSM,OK,short_name=sdswrf units=W m**-2 startStep=18 endStep=24
2022-11-15,18,22,dswrf_to_lead_minus2,DSM,OK,short_name=sdswrf units=W m**-2 startStep=18 endStep=22
2022-11-14,18,24,dswrf_to_lead,DSM,OK,short_name=sdswrf units=W m**-2 startStep=18 endStep=24
2022-11-14,18,22,dswrf_to_lead_minus2,DSM,OK,short_name=sdswrf units=W m**-2 startStep=18 endStep=22
2022-12-03,18,24,dswrf_to_lead,DSM,OK,short_name=sdswrf units=W m**-2 startStep=18 endStep=24
2022-12-03,18,22,dswrf_to_lead_minus2,DSM,OK,short_name=sdswrf units=W m**-2 startStep=18 endStep=22
2022-12-08,18,24,dswrf_to_lead,DSM,OK,short_name=sdswrf units=W m**-2 startStep=18 endStep=24
2022-12-08,18,22,dswrf_to_lead_minus2,DSM,OK,short_name=sdswrf units=W m**-2 startStep=18 endStep=22
2022-11-24,18,24,dswrf_to_lead,DSM,OK,short_name=sdswrf units=W m**-2 startStep=18 endStep=24
2022-11-24,18,22,dswrf_to_lead_minus2,DSM,OK,short_name=sdswrf units=W m**-2 startStep=18 endStep=22
2022-11-13,18,24,dswrf_to_lead,DSM,OK,short_name=sdswrf units=W m**-2 startStep=18 endStep=24
2022-11-13,18,22,dswrf_to_lead_minus2,DSM,OK,short_name=sdswrf units=W m**-2 startStep=18 endStep=22
2022-11-25,18,24,dswrf_to_lead,DSM,OK,short_name=sdswrf units=W m**-2 startStep=18 endStep=24
2022-11-25,18,22,dswrf_to_lead_minus2,DSM,OK,short_name=sdswrf units=W m**-2 startStep=18 endStep=22
2022-11-28,18,24,dswrf_to_lead,DSM,OK,short_name=sdswrf units=W m**-2 startStep=18 endStep=24
2022-11-28,18,22,dswrf_to_lead_minus2,DSM,OK,short_name=sdswrf units=W m**-2 startStep=18 endStep=22
2022-10-06,18,24,dswrf_to_lead,DSM,OK,short_name=sdswrf units=W m**-2 startStep=18 endStep=24
2022-10-06,18,22,dswrf_to_lead_minus2,DSM,OK,short_name=sdswrf units=W m**-2 startStep=18 endStep=22
2022-11-07,18,24,dswrf_to_lead,DSM,OK,short_name=sdswrf units=W m**-2 startStep=18 endStep=24
2022-11-07,18,22,dswrf_to_lead_minus2,DSM,OK,short_name=sdswrf units=W m**-2 startStep=18 endStep=22
2022-12-10,18,24,dswrf_to_lead,DSM,OK,short_name=sdswrf units=W m**-2 startStep=18 endStep=24
2022-12-10,18,22,dswrf_to_lead_minus2,DSM,OK,short_name=sdswrf units=W m**-2 startStep=18 endStep=22
2022-11-06,18,24,dswrf_to_lead,DSM,OK,short_name=sdswrf units=W m**-2 startStep=18 endStep=24
2022-11-06,18,22,dswrf_to_lead_minus2,DSM,OK,short_name=sdswrf units=W m**-2 startStep=18 endStep=22
2022-11-04,18,24,dswrf_to_lead,DSM,OK,short_name=sdswrf units=W m**-2 startStep=18 endStep=24
2022-11-04,18,22,dswrf_to_lead_minus2,DSM,OK,short_name=sdswrf units=W m**-2 startStep=18 endStep=22
2022-11-08,18,24,dswrf_to_lead,DSM,OK,short_name=sdswrf units=W m**-2 startStep=18 endStep=24
2022-11-08,18,22,dswrf_to_lead_minus2,DSM,OK,short_name=sdswrf units=W m**-2 startStep=18 endStep=22
2022-11-30,18,24,dswrf_to_lead,DSM,OK,short_name=sdswrf units=W m**-2 startStep=18 endStep=24
2022-11-30,18,22,dswrf_to_lead_minus2,DSM,OK,short_name=sdswrf units=W m**-2 startStep=18 endStep=22
2022-10-24,18,24,dswrf_to_lead,DSM,OK,short_name=sdswrf units=W m**-2 startStep=18 endStep=24
2022-10-24,18,22,dswrf_to_lead_minus2,DSM,OK,short_name=sdswrf units=W m**-2 startStep=18 endStep=22
2022-11-19,18,24,dswrf_to_lead,DSM,OK,short_name=sdswrf units=W m**-2 startStep=18 endStep=24
2022-11-19,18,22,dswrf_to_lead_minus2,DSM,OK,short_name=sdswrf units=W m**-2 startStep=18 endStep=22
2022-12-07,18,24,dswrf_to_lead,DSM,OK,short_name=sdswrf units=W m**-2 startStep=18 endStep=24
2022-12-07,18,22,dswrf_to_lead_minus2,DSM,OK,short_name=sdswrf units=W m**-2 startStep=18 endStep=22
2022-11-22,18,24,dswrf_to_lead,DSM,OK,short_name=sdswrf units=W m**-2 startStep=18 endStep=24
2022-11-22,18,22,dswrf_to_lead_minus2,DSM,OK,short_name=sdswrf units=W m**-2 startStep=18 endStep=22
2022-12-27,18,24,dswrf_to_lead,DSM,OK,short_name=sdswrf units=W m**-2 startStep=18 endStep=24
2022-12-27,18,22,dswrf_to_lead_minus2,DSM,OK,short_name=sdswrf units=W m**-2 startStep=18 endStep=22
2022-12-02,18,24,dswrf_to_lead,DSM,OK,short_name=sdswrf units=W m**-2 startStep=18 endStep=24
2022-12-02,18,22,dswrf_to_lead_minus2,DSM,OK,short_name=sdswrf units=W m**-2 startStep=18 endStep=22
2022-12-16,18,24,dswrf_to_lead,DSM,OK,short_name=sdswrf units=W m**-2 startStep=18 endStep=24
2022-12-16,18,22,dswrf_to_lead_minus2,DSM,OK,short_name=sdswrf units=W m**-2 startStep=18 endStep=22
2022-11-03,18,24,dswrf_to_lead,DSM,OK,short_name=sdswrf units=W m**-2 startStep=18 endStep=24
2022-11-03,18,22,dswrf_to_lead_minus2,DSM,OK,short_name=sdswrf units=W m**-2 startStep=18 endStep=22
2022-09-14,18,24,dswrf_to_lead,DSM,OK,short_name=sdswrf units=W m**-2 startStep=18 endStep=24
2022-09-14,18,22,dswrf_to_lead_minus2,DSM,OK,short_name=sdswrf units=W m**-2 startStep=18 endStep=22
2022-12-24,18,24,dswrf_to_lead,DSM,OK,short_name=sdswrf units=W m**-2 startStep=18 endStep=24
2022-12-24,18,22,dswrf_to_lead_minus2,DSM,OK,short_name=sdswrf units=W m**-2 startStep=18 endStep=22
2022-12-28,18,24,dswrf_to_lead,DSM,OK,short_name=sdswrf units=W m**-2 startStep=18 endStep=24
2022-12-28,18,22,dswrf_to_lead_minus2,DSM,OK,short_name=sdswrf units=W m**-2 startStep=18 endStep=22
2022-12-26,18,24,dswrf_to_lead,DSM,OK,short_name=sdswrf units=W m**-2 startStep=18 endStep=24
2022-12-26,18,22,dswrf_to_lead_minus2,DSM,OK,short_name=sdswrf units=W m**-2 startStep=18 endStep=22
2022-12-01,18,24,dswrf_to_lead,DSM,OK,short_name=sdswrf units=W m**-2 startStep=18 endStep=24
2022-12-01,18,22,dswrf_to_lead_minus2,DSM,OK,short_name=sdswrf units=W m**-2 startStep=18 endStep=22
2022-12-22,18,24,dswrf_to_lead,DSM,OK,short_name=sdswrf units=W m**-2 startStep=18 endStep=24
2022-12-22,18,22,dswrf_to_lead_minus2,DSM,OK,short_name=sdswrf units=W m**-2 startStep=18 endStep=22
2023-01-01,18,24,dswrf_to_lead,DSM,OK,short_name=sdswrf units=W m**-2 startStep=18 endStep=24
2023-01-01,18,22,dswrf_to_lead_minus2,DSM,OK,short_name=sdswrf units=W m**-2 startStep=18 endStep=22
2022-12-15,18,24,dswrf_to_lead,DSM,OK,short_name=sdswrf units=W m**-2 startStep=18 endStep=24
2022-12-15,18,22,dswrf_to_lead_minus2,DSM,OK,short_name=sdswrf units=W m**-2 startStep=18 endStep=22
2022-12-31,18,24,dswrf_to_lead,DSM,OK,short_name=sdswrf units=W m**-2 startStep=18 endStep=24
2022-12-31,18,22,dswrf_to_lead_minus2,DSM,OK,short_name=sdswrf units=W m**-2 startStep=18 endStep=22
2022-12-19,18,24,dswrf_to_lead,DSM,OK,short_name=sdswrf units=W m**-2 startStep=18 endStep=24
2022-12-19,18,22,dswrf_to_lead_minus2,DSM,OK,short_name=sdswrf units=W m**-2 startStep=18 endStep=22
2022-12-05,18,24,dswrf_to_lead,DSM,OK,short_name=sdswrf units=W m**-2 startStep=18 endStep=24
2022-12-05,18,22,dswrf_to_lead_minus2,DSM,OK,short_name=sdswrf units=W m**-2 startStep=18 endStep=22
2022-12-25,18,24,dswrf_to_lead,DSM,OK,short_name=sdswrf units=W m**-2 startStep=18 endStep=24
2022-12-25,18,22,dswrf_to_lead_minus2,DSM,OK,short_name=sdswrf units=W m**-2 startStep=18 endStep=22
2022-11-23,18,24,dswrf_to_lead,DSM,OK,short_name=sdswrf units=W m**-2 startStep=18 endStep=24
2022-11-23,18,22,dswrf_to_lead_minus2,DSM,OK,short_name=sdswrf units=W m**-2 startStep=18 endStep=22
2022-12-21,18,24,dswrf_to_lead,DSM,OK,short_name=sdswrf units=W m**-2 startStep=18 endStep=24
2022-12-21,18,22,dswrf_to_lead_minus2,DSM,OK,short_name=sdswrf units=W m**-2 startStep=18 endStep=22
2022-12-11,18,24,dswrf_to_lead,DSM,OK,short_name=sdswrf units=W m**-2 startStep=18 endStep=24
2022-12-11,18,22,dswrf_to_lead_minus2,DSM,OK,short_name=sdswrf units=W m**-2 startStep=18 endStep=22
2023-01-02,18,24,dswrf_to_lead,DSM,OK,short_name=sdswrf units=W m**-2 startStep=18 endStep=24
2023-01-02,18,22,dswrf_to_lead_minus2,DSM,OK,short_name=sdswrf units=W m**-2 startStep=18 endStep=22
2023-01-05,18,24,dswrf_to_lead,DSM,OK,short_name=sdswrf units=W m**-2 startStep=18 endStep=24
2023-01-05,18,22,dswrf_to_lead_minus2,DSM,OK,short_name=sdswrf units=W m**-2 startStep=18 endStep=22
2022-11-12,18,24,dswrf_to_lead,DSM,OK,short_name=sdswrf units=W m**-2 startStep=18 endStep=24
2022-11-12,18,22,dswrf_to_lead_minus2,DSM,OK,short_name=sdswrf units=W m**-2 startStep=18 endStep=22
2022-12-13,18,24,dswrf_to_lead,DSM,OK,short_name=sdswrf units=W m**-2 startStep=18 endStep=24
2022-12-13,18,22,dswrf_to_lead_minus2,DSM,OK,short_name=sdswrf units=W m**-2 startStep=18 endStep=22
2022-12-14,18,24,dswrf_to_lead,DSM,OK,short_name=sdswrf units=W m**-2 startStep=18 endStep=24
2022-12-14,18,22,dswrf_to_lead_minus2,DSM,OK,short_name=sdswrf units=W m**-2 startStep=18 endStep=22
2023-01-13,18,24,dswrf_to_lead,DSM,OK,short_name=sdswrf units=W m**-2 startStep=18 endStep=24
2023-01-13,18,22,dswrf_to_lead_minus2,DSM,OK,short_name=sdswrf units=W m**-2 startStep=18 endStep=22
2022-12-06,18,24,dswrf_to_lead,DSM,OK,short_name=sdswrf units=W m**-2 startStep=18 endStep=24
2022-12-06,18,22,dswrf_to_lead_minus2,DSM,OK,short_name=sdswrf units=W m**-2 startStep=18 endStep=22
2022-11-26,18,24,dswrf_to_lead,DSM,OK,short_name=sdswrf units=W m**-2 startStep=18 endStep=24
2022-11-26,18,22,dswrf_to_lead_minus2,DSM,OK,short_name=sdswrf units=W m**-2 startStep=18 endStep=22
2022-12-04,18,24,dswrf_to_lead,DSM,OK,short_name=sdswrf units=W m**-2 startStep=18 endStep=24
2022-12-04,18,22,dswrf_to_lead_minus2,DSM,OK,short_name=sdswrf units=W m**-2 startStep=18 endStep=22
2023-01-16,18,24,dswrf_to_lead,DSM,OK,short_name=sdswrf units=W m**-2 startStep=18 endStep=24
2023-01-16,18,22,dswrf_to_lead_minus2,DSM,OK,short_name=sdswrf units=W m**-2 startStep=18 endStep=22
2022-11-27,18,24,dswrf_to_lead,DSM,OK,short_name=sdswrf units=W m**-2 startStep=18 endStep=24
2022-11-27,18,22,dswrf_to_lead_minus2,DSM,OK,short_name=sdswrf units=W m**-2 startStep=18 endStep=22
2023-01-08,18,24,dswrf_to_lead,DSM,OK,short_name=sdswrf units=W m**-2 startStep=18 endStep=24
2023-01-08,18,22,dswrf_to_lead_minus2,DSM,OK,short_name=sdswrf units=W m**-2 startStep=18 endStep=22
2023-01-07,18,24,dswrf_to_lead,DSM,OK,short_name=sdswrf units=W m**-2 startStep=18 endStep=24
2023-01-07,18,22,dswrf_to_lead_minus2,DSM,OK,short_name=sdswrf units=W m**-2 startStep=18 endStep=22
2023-01-27,18,24,dswrf_to_lead,DSM,OK,short_name=sdswrf units=W m**-2 startStep=18 endStep=24
2023-01-27,18,22,dswrf_to_lead_minus2,DSM,OK,short_name=sdswrf units=W m**-2 startStep=18 endStep=22
2022-12-23,18,24,dswrf_to_lead,DSM,OK,short_name=sdswrf units=W m**-2 startStep=18 endStep=24
2022-12-23,18,22,dswrf_to_lead_minus2,DSM,OK,short_name=sdswrf units=W m**-2 startStep=18 endStep=22
2023-01-20,18,24,dswrf_to_lead,DSM,OK,short_name=sdswrf units=W m**-2 startStep=18 endStep=24
2023-01-20,18,22,dswrf_to_lead_minus2,DSM,OK,short_name=sdswrf units=W m**-2 startStep=18 endStep=22
2022-12-09,18,24,dswrf_to_lead,DSM,OK,short_name=sdswrf units=W m**-2 startStep=18 endStep=24
2022-12-09,18,22,dswrf_to_lead_minus2,DSM,OK,short_name=sdswrf units=W m**-2 startStep=18 endStep=22
2022-12-29,18,24,dswrf_to_lead,DSM,OK,short_name=sdswrf units=W m**-2 startStep=18 endStep=24
2022-12-29,18,22,dswrf_to_lead_minus2,DSM,OK,short_name=sdswrf units=W m**-2 startStep=18 endStep=22
2023-01-15,18,24,dswrf_to_lead,DSM,OK,short_name=sdswrf units=W m**-2 startStep=18 endStep=24
2023-01-15,18,22,dswrf_to_lead_minus2,DSM,OK,short_name=sdswrf units=W m**-2 startStep=18 endStep=22
2022-11-17,18,24,dswrf_to_lead,DSM,OK,short_name=sdswrf units=W m**-2 startStep=18 endStep=24
2022-11-17,18,22,dswrf_to_lead_minus2,DSM,OK,short_name=sdswrf units=W m**-2 startStep=18 endStep=22
2023-01-14,18,24,dswrf_to_lead,DSM,OK,short_name=sdswrf units=W m**-2 startStep=18 endStep=24
2023-01-14,18,22,dswrf_to_lead_minus2,DSM,OK,short_name=sdswrf units=W m**-2 startStep=18 endStep=22
2023-01-18,18,24,dswrf_to_lead,DSM,OK,short_name=sdswrf units=W m**-2 startStep=18 endStep=24
2023-01-18,18,22,dswrf_to_lead_minus2,DSM,OK,short_name=sdswrf units=W m**-2 startStep=18 endStep=22
2023-01-03,18,24,dswrf_to_lead,DSM,OK,short_name=sdswrf units=W m**-2 startStep=18 endStep=24
2023-01-03,18,22,dswrf_to_lead_minus2,DSM,OK,short_name=sdswrf units=W m**-2 startStep=18 endStep=22
2023-01-17,18,24,dswrf_to_lead,DSM,OK,short_name=sdswrf units=W m**-2 startStep=18 endStep=24
2023-01-17,18,22,dswrf_to_lead_minus2,DSM,OK,short_name=sdswrf units=W m**-2 startStep=18 endStep=22
2023-01-22,18,24,dswrf_to_lead,DSM,OK,short_name=sdswrf units=W m**-2 startStep=18 endStep=24
2023-01-22,18,22,dswrf_to_lead_minus2,DSM,OK,short_name=sdswrf units=W m**-2 startStep=18 endStep=22
2023-02-05,18,24,dswrf_to_lead,DSM,OK,short_name=sdswrf units=W m**-2 startStep=18 endStep=24
2023-02-05,18,22,dswrf_to_lead_minus2,DSM,OK,short_name=sdswrf units=W m**-2 startStep=18 endStep=22
2023-02-18,18,24,dswrf_to_lead,DSM,OK,short_name=sdswrf units=W m**-2 startStep=18 endStep=24
2023-02-18,18,22,dswrf_to_lead_minus2,DSM,OK,short_name=sdswrf units=W m**-2 startStep=18 endStep=22
2023-01-29,18,24,dswrf_to_lead,DSM,OK,short_name=sdswrf units=W m**-2 startStep=18 endStep=24
2023-01-29,18,22,dswrf_to_lead_minus2,DSM,OK,short_name=sdswrf units=W m**-2 startStep=18 endStep=22
2023-02-06,18,24,dswrf_to_lead,DSM,OK,short_name=sdswrf units=W m**-2 startStep=18 endStep=24
2023-02-06,18,22,dswrf_to_lead_minus2,DSM,OK,short_name=sdswrf units=W m**-2 startStep=18 endStep=22
2023-01-31,18,24,dswrf_to_lead,DSM,OK,short_name=sdswrf units=W m**-2 startStep=18 endStep=24
2023-01-31,18,22,dswrf_to_lead_minus2,DSM,OK,short_name=sdswrf units=W m**-2 startStep=18 endStep=22
2023-02-11,18,24,dswrf_to_lead,DSM,OK,short_name=sdswrf units=W m**-2 startStep=18 endStep=24
2023-02-11,18,22,dswrf_to_lead_minus2,DSM,OK,short_name=sdswrf units=W m**-2 startStep=18 endStep=22
2023-01-26,18,24,dswrf_to_lead,DSM,OK,short_name=sdswrf units=W m**-2 startStep=18 endStep=24
2023-01-26,18,22,dswrf_to_lead_minus2,DSM,OK,short_name=sdswrf units=W m**-2 startStep=18 endStep=22
2023-01-10,18,24,dswrf_to_lead,DSM,OK,short_name=sdswrf units=W m**-2 startStep=18 endStep=24
2023-01-10,18,22,dswrf_to_lead_minus2,DSM,OK,short_name=sdswrf units=W m**-2 startStep=18 endStep=22
2023-01-06,18,24,dswrf_to_lead,DSM,OK,short_name=sdswrf units=W m**-2 startStep=18 endStep=24
2023-01-06,18,22,dswrf_to_lead_minus2,DSM,OK,short_name=sdswrf units=W m**-2 startStep=18 endStep=22
2022-12-12,18,24,dswrf_to_lead,DSM,OK,short_name=sdswrf units=W m**-2 startStep=18 endStep=24
2022-12-12,18,22,dswrf_to_lead_minus2,DSM,OK,short_name=sdswrf units=W m**-2 startStep=18 endStep=22
2023-01-04,18,24,dswrf_to_lead,DSM,OK,short_name=sdswrf units=W m**-2 startStep=18 endStep=24
2023-01-04,18,22,dswrf_to_lead_minus2,DSM,OK,short_name=sdswrf units=W m**-2 startStep=18 endStep=22
2022-12-20,18,24,dswrf_to_lead,DSM,OK,short_name=sdswrf units=W m**-2 startStep=18 endStep=24
2022-12-20,18,22,dswrf_to_lead_minus2,DSM,OK,short_name=sdswrf units=W m**-2 startStep=18 endStep=22
2022-12-30,18,24,dswrf_to_lead,DSM,OK,short_name=sdswrf units=W m**-2 startStep=18 endStep=24
2022-12-30,18,22,dswrf_to_lead_minus2,DSM,OK,short_name=sdswrf units=W m**-2 startStep=18 endStep=22
2022-12-18,18,24,dswrf_to_lead,DSM,OK,short_name=sdswrf units=W m**-2 startStep=18 endStep=24
2022-12-18,18,22,dswrf_to_lead_minus2,DSM,OK,short_name=sdswrf units=W m**-2 startStep=18 endStep=22
2023-01-19,18,24,dswrf_to_lead,DSM,OK,short_name=sdswrf units=W m**-2 startStep=18 endStep=24
2023-01-19,18,22,dswrf_to_lead_minus2,DSM,OK,short_name=sdswrf units=W m**-2 startStep=18 endStep=22
2023-02-07,18,24,dswrf_to_lead,DSM,OK,short_name=sdswrf units=W m**-2 startStep=18 endStep=24
2023-02-07,18,22,dswrf_to_lead_minus2,DSM,OK,short_name=sdswrf units=W m**-2 startStep=18 endStep=22
2023-01-25,18,24,dswrf_to_lead,DSM,OK,short_name=sdswrf units=W m**-2 startStep=18 endStep=24
2023-01-25,18,22,dswrf_to_lead_minus2,DSM,OK,short_name=sdswrf units=W m**-2 startStep=18 endStep=22
2023-02-19,18,24,dswrf_to_lead,DSM,OK,short_name=sdswrf units=W m**-2 startStep=18 endStep=24
2023-02-19,18,22,dswrf_to_lead_minus2,DSM,OK,short_name=sdswrf units=W m**-2 startStep=18 endStep=22
2023-01-09,18,24,dswrf_to_lead,DSM,OK,short_name=sdswrf units=W m**-2 startStep=18 endStep=24
2023-01-09,18,22,dswrf_to_lead_minus2,DSM,OK,short_name=sdswrf units=W m**-2 startStep=18 endStep=22
2023-02-16,18,24,dswrf_to_lead,DSM,OK,short_name=sdswrf units=W m**-2 startStep=18 endStep=24
2023-02-16,18,22,dswrf_to_lead_minus2,DSM,OK,short_name=sdswrf units=W m**-2 startStep=18 endStep=22
2023-01-24,18,24,dswrf_to_lead,DSM,OK,short_name=sdswrf units=W m**-2 startStep=18 endStep=24
2023-01-24,18,22,dswrf_to_lead_minus2,DSM,OK,short_name=sdswrf units=W m**-2 startStep=18 endStep=22
2023-02-13,18,24,dswrf_to_lead,DSM,OK,short_name=sdswrf units=W m**-2 startStep=18 endStep=24
2023-02-13,18,22,dswrf_to_lead_minus2,DSM,OK,short_name=sdswrf units=W m**-2 startStep=18 endStep=22
2023-01-11,18,24,dswrf_to_lead,DSM,OK,short_name=sdswrf units=W m**-2 startStep=18 endStep=24
2023-01-11,18,22,dswrf_to_lead_minus2,DSM,OK,short_name=sdswrf units=W m**-2 startStep=18 endStep=22
2023-02-03,18,24,dswrf_to_lead,DSM,OK,short_name=sdswrf units=W m**-2 startStep=18 endStep=24
2023-02-03,18,22,dswrf_to_lead_minus2,DSM,OK,short_name=sdswrf units=W m**-2 startStep=18 endStep=22
2023-02-21,18,24,dswrf_to_lead,DSM,OK,short_name=sdswrf units=W m**-2 startStep=18 endStep=24
2023-02-21,18,22,dswrf_to_lead_minus2,DSM,OK,short_name=sdswrf units=W m**-2 startStep=18 endStep=22
2023-02-15,18,24,dswrf_to_lead,DSM,OK,short_name=sdswrf units=W m**-2 startStep=18 endStep=24
2023-02-15,18,22,dswrf_to_lead_minus2,DSM,OK,short_name=sdswrf units=W m**-2 startStep=18 endStep=22
2023-02-25,18,24,dswrf_to_lead,DSM,OK,short_name=sdswrf units=W m**-2 startStep=18 endStep=24
2023-02-25,18,22,dswrf_to_lead_minus2,DSM,OK,short_name=sdswrf units=W m**-2 startStep=18 endStep=22
2022-12-17,18,24,dswrf_to_lead,DSM,OK,short_name=sdswrf units=W m**-2 startStep=18 endStep=24
2022-12-17,18,22,dswrf_to_lead_minus2,DSM,OK,short_name=sdswrf units=W m**-2 startStep=18 endStep=22
2023-02-22,18,24,dswrf_to_lead,DSM,OK,short_name=sdswrf units=W m**-2 startStep=18 endStep=24
2023-02-22,18,22,dswrf_to_lead_minus2,DSM,OK,short_name=sdswrf units=W m**-2 startStep=18 endStep=22
2023-01-12,18,24,dswrf_to_lead,DSM,OK,short_name=sdswrf units=W m**-2 startStep=18 endStep=24
2023-01-12,18,22,dswrf_to_lead_minus2,DSM,OK,short_name=sdswrf units=W m**-2 startStep=18 endStep=22
2023-02-12,18,24,dswrf_to_lead,DSM,OK,short_name=sdswrf units=W m**-2 startStep=18 endStep=24
2023-02-12,18,22,dswrf_to_lead_minus2,DSM,OK,short_name=sdswrf units=W m**-2 startStep=18 endStep=22
2023-03-07,18,24,dswrf_to_lead,DSM,OK,short_name=sdswrf units=W m**-2 startStep=18 endStep=24
2023-03-07,18,22,dswrf_to_lead_minus2,DSM,OK,short_name=sdswrf units=W m**-2 startStep=18 endStep=22
2023-02-08,18,24,dswrf_to_lead,DSM,OK,short_name=sdswrf units=W m**-2 startStep=18 endStep=24
2023-02-08,18,22,dswrf_to_lead_minus2,DSM,OK,short_name=sdswrf units=W m**-2 startStep=18 endStep=22
2023-02-04,18,24,dswrf_to_lead,DSM,OK,short_name=sdswrf units=W m**-2 startStep=18 endStep=24
2023-02-04,18,22,dswrf_to_lead_minus2,DSM,OK,short_name=sdswrf units=W m**-2 startStep=18 endStep=22
2023-01-30,18,24,dswrf_to_lead,DSM,OK,short_name=sdswrf units=W m**-2 startStep=18 endStep=24
2023-01-30,18,22,dswrf_to_lead_minus2,DSM,OK,short_name=sdswrf units=W m**-2 startStep=18 endStep=22
2023-01-21,18,24,dswrf_to_lead,DSM,OK,short_name=sdswrf units=W m**-2 startStep=18 endStep=24
2023-01-21,18,22,dswrf_to_lead_minus2,DSM,OK,short_name=sdswrf units=W m**-2 startStep=18 endStep=22
2023-03-14,18,24,dswrf_to_lead,DSM,OK,short_name=sdswrf units=W m**-2 startStep=18 endStep=24
2023-03-14,18,22,dswrf_to_lead_minus2,DSM,OK,short_name=sdswrf units=W m**-2 startStep=18 endStep=22
2023-01-23,18,24,dswrf_to_lead,DSM,OK,short_name=sdswrf units=W m**-2 startStep=18 endStep=24
2023-01-23,18,22,dswrf_to_lead_minus2,DSM,OK,short_name=sdswrf units=W m**-2 startStep=18 endStep=22
2023-03-16,18,24,dswrf_to_lead,DSM,OK,short_name=sdswrf units=W m**-2 startStep=18 endStep=24
2023-03-16,18,22,dswrf_to_lead_minus2,DSM,OK,short_name=sdswrf units=W m**-2 startStep=18 endStep=22
2023-03-15,18,24,dswrf_to_lead,DSM,OK,short_name=sdswrf units=W m**-2 startStep=18 endStep=24
2023-03-15,18,22,dswrf_to_lead_minus2,DSM,OK,short_name=sdswrf units=W m**-2 startStep=18 endStep=22
2023-03-01,18,24,dswrf_to_lead,DSM,OK,short_name=sdswrf units=W m**-2 startStep=18 endStep=24
2023-03-01,18,22,dswrf_to_lead_minus2,DSM,OK,short_name=sdswrf units=W m**-2 startStep=18 endStep=22
2023-02-01,18,24,dswrf_to_lead,DSM,OK,short_name=sdswrf units=W m**-2 startStep=18 endStep=24
2023-02-01,18,22,dswrf_to_lead_minus2,DSM,OK,short_name=sdswrf units=W m**-2 startStep=18 endStep=22
2023-02-10,18,24,dswrf_to_lead,DSM,OK,short_name=sdswrf units=W m**-2 startStep=18 endStep=24
2023-02-10,18,22,dswrf_to_lead_minus2,DSM,OK,short_name=sdswrf units=W m**-2 startStep=18 endStep=22
2023-03-21,18,24,dswrf_to_lead,DSM,OK,short_name=sdswrf units=W m**-2 startStep=18 endStep=24
2023-03-21,18,22,dswrf_to_lead_minus2,DSM,OK,short_name=sdswrf units=W m**-2 startStep=18 endStep=22
2023-02-02,18,24,dswrf_to_lead,DSM,OK,short_name=sdswrf units=W m**-2 startStep=18 endStep=24
2023-02-02,18,22,dswrf_to_lead_minus2,DSM,OK,short_name=sdswrf units=W m**-2 startStep=18 endStep=22
2023-01-28,18,24,dswrf_to_lead,DSM,OK,short_name=sdswrf units=W m**-2 startStep=18 endStep=24
2023-01-28,18,22,dswrf_to_lead_minus2,DSM,OK,short_name=sdswrf units=W m**-2 startStep=18 endStep=22
2023-02-23,18,24,dswrf_to_lead,DSM,OK,short_name=sdswrf units=W m**-2 startStep=18 endStep=24
2023-02-23,18,22,dswrf_to_lead_minus2,DSM,OK,short_name=sdswrf units=W m**-2 startStep=18 endStep=22
2023-02-17,18,24,dswrf_to_lead,DSM,OK,short_name=sdswrf units=W m**-2 startStep=18 endStep=24
2023-02-17,18,22,dswrf_to_lead_minus2,DSM,OK,short_name=sdswrf units=W m**-2 startStep=18 endStep=22
2023-03-03,18,24,dswrf_to_lead,DSM,OK,short_name=sdswrf units=W m**-2 startStep=18 endStep=24
2023-03-03,18,22,dswrf_to_lead_minus2,DSM,OK,short_name=sdswrf units=W m**-2 startStep=18 endStep=22
2023-03-17,18,24,dswrf_to_lead,DSM,OK,short_name=sdswrf units=W m**-2 startStep=18 endStep=24
2023-03-17,18,22,dswrf_to_lead_minus2,DSM,OK,short_name=sdswrf units=W m**-2 startStep=18 endStep=22
2023-03-12,18,24,dswrf_to_lead,DSM,OK,short_name=sdswrf units=W m**-2 startStep=18 endStep=24
2023-03-12,18,22,dswrf_to_lead_minus2,DSM,OK,short_name=sdswrf units=W m**-2 startStep=18 endStep=22
2023-03-18,18,24,dswrf_to_lead,DSM,OK,short_name=sdswrf units=W m**-2 startStep=18 endStep=24
2023-03-18,18,22,dswrf_to_lead_minus2,DSM,OK,short_name=sdswrf units=W m**-2 startStep=18 endStep=22
2023-02-24,18,24,dswrf_to_lead,DSM,OK,short_name=sdswrf units=W m**-2 startStep=18 endStep=24
2023-02-24,18,22,dswrf_to_lead_minus2,DSM,OK,short_name=sdswrf units=W m**-2 startStep=18 endStep=22
2023-02-26,18,24,dswrf_to_lead,DSM,OK,short_name=sdswrf units=W m**-2 startStep=18 endStep=24
2023-02-26,18,22,dswrf_to_lead_minus2,DSM,OK,short_name=sdswrf units=W m**-2 startStep=18 endStep=22
2023-03-27,18,24,dswrf_to_lead,DSM,OK,short_name=sdswrf units=W m**-2 startStep=18 endStep=24
2023-03-27,18,22,dswrf_to_lead_minus2,DSM,OK,short_name=sdswrf units=W m**-2 startStep=18 endStep=22
2023-03-08,18,24,dswrf_to_lead,DSM,OK,short_name=sdswrf units=W m**-2 startStep=18 endStep=24
2023-03-08,18,22,dswrf_to_lead_minus2,DSM,OK,short_name=sdswrf units=W m**-2 startStep=18 endStep=22
2023-03-26,18,24,dswrf_to_lead,DSM,OK,short_name=sdswrf units=W m**-2 startStep=18 endStep=24
2023-03-26,18,22,dswrf_to_lead_minus2,DSM,OK,short_name=sdswrf units=W m**-2 startStep=18 endStep=22
2023-02-14,18,24,dswrf_to_lead,DSM,OK,short_name=sdswrf units=W m**-2 startStep=18 endStep=24
2023-02-14,18,22,dswrf_to_lead_minus2,DSM,OK,short_name=sdswrf units=W m**-2 startStep=18 endStep=22
2023-03-10,18,24,dswrf_to_lead,DSM,OK,short_name=sdswrf units=W m**-2 startStep=18 endStep=24
2023-03-10,18,22,dswrf_to_lead_minus2,DSM,OK,short_name=sdswrf units=W m**-2 startStep=18 endStep=22
2023-03-28,18,24,dswrf_to_lead,DSM,OK,short_name=sdswrf units=W m**-2 startStep=18 endStep=24
2023-03-28,18,22,dswrf_to_lead_minus2,DSM,OK,short_name=sdswrf units=W m**-2 startStep=18 endStep=22
2023-03-06,18,24,dswrf_to_lead,DSM,OK,short_name=sdswrf units=W m**-2 startStep=18 endStep=24
2023-03-06,18,22,dswrf_to_lead_minus2,DSM,OK,short_name=sdswrf units=W m**-2 startStep=18 endStep=22
2023-02-27,18,24,dswrf_to_lead,DSM,OK,short_name=sdswrf units=W m**-2 startStep=18 endStep=24
2023-02-27,18,22,dswrf_to_lead_minus2,DSM,OK,short_name=sdswrf units=W m**-2 startStep=18 endStep=22
2023-03-25,18,24,dswrf_to_lead,DSM,OK,short_name=sdswrf units=W m**-2 startStep=18 endStep=24
2023-03-25,18,22,dswrf_to_lead_minus2,DSM,OK,short_name=sdswrf units=W m**-2 startStep=18 endStep=22
2023-02-20,18,24,dswrf_to_lead,DSM,OK,short_name=sdswrf units=W m**-2 startStep=18 endStep=24
2023-02-20,18,22,dswrf_to_lead_minus2,DSM,OK,short_name=sdswrf units=W m**-2 startStep=18 endStep=22
2023-03-22,18,24,dswrf_to_lead,DSM,OK,short_name=sdswrf units=W m**-2 startStep=18 endStep=24
2023-03-22,18,22,dswrf_to_lead_minus2,DSM,OK,short_name=sdswrf units=W m**-2 startStep=18 endStep=22
2023-03-02,18,24,dswrf_to_lead,DSM,OK,short_name=sdswrf units=W m**-2 startStep=18 endStep=24
2023-03-02,18,22,dswrf_to_lead_minus2,DSM,OK,short_name=sdswrf units=W m**-2 startStep=18 endStep=22
2023-04-10,18,24,dswrf_to_lead,DSM,OK,short_name=sdswrf units=W m**-2 startStep=18 endStep=24
2023-04-10,18,22,dswrf_to_lead_minus2,DSM,OK,short_name=sdswrf units=W m**-2 startStep=18 endStep=22
2023-03-29,18,24,dswrf_to_lead,DSM,OK,short_name=sdswrf units=W m**-2 startStep=18 endStep=24
2023-03-29,18,22,dswrf_to_lead_minus2,DSM,OK,short_name=sdswrf units=W m**-2 startStep=18 endStep=22
2023-03-23,18,24,dswrf_to_lead,DSM,OK,short_name=sdswrf units=W m**-2 startStep=18 endStep=24
2023-03-23,18,22,dswrf_to_lead_minus2,DSM,OK,short_name=sdswrf units=W m**-2 startStep=18 endStep=22
2023-04-01,18,24,dswrf_to_lead,DSM,OK,short_name=sdswrf units=W m**-2 startStep=18 endStep=24
2023-04-01,18,22,dswrf_to_lead_minus2,DSM,OK,short_name=sdswrf units=W m**-2 startStep=18 endStep=22
2023-03-09,18,24,dswrf_to_lead,DSM,OK,short_name=sdswrf units=W m**-2 startStep=18 endStep=24
2023-03-09,18,22,dswrf_to_lead_minus2,DSM,OK,short_name=sdswrf units=W m**-2 startStep=18 endStep=22
2023-03-20,18,24,dswrf_to_lead,DSM,OK,short_name=sdswrf units=W m**-2 startStep=18 endStep=24
2023-03-20,18,22,dswrf_to_lead_minus2,DSM,OK,short_name=sdswrf units=W m**-2 startStep=18 endStep=22
2023-04-14,18,24,dswrf_to_lead,DSM,OK,short_name=sdswrf units=W m**-2 startStep=18 endStep=24
2023-04-14,18,22,dswrf_to_lead_minus2,DSM,OK,short_name=sdswrf units=W m**-2 startStep=18 endStep=22
2023-02-09,18,24,dswrf_to_lead,DSM,OK,short_name=sdswrf units=W m**-2 startStep=18 endStep=24
2023-02-09,18,22,dswrf_to_lead_minus2,DSM,OK,short_name=sdswrf units=W m**-2 startStep=18 endStep=22
2023-03-19,18,24,dswrf_to_lead,DSM,OK,short_name=sdswrf units=W m**-2 startStep=18 endStep=24
2023-03-19,18,22,dswrf_to_lead_minus2,DSM,OK,short_name=sdswrf units=W m**-2 startStep=18 endStep=22
2023-03-11,18,24,dswrf_to_lead,DSM,OK,short_name=sdswrf units=W m**-2 startStep=18 endStep=24
2023-03-11,18,22,dswrf_to_lead_minus2,DSM,OK,short_name=sdswrf units=W m**-2 startStep=18 endStep=22
2023-04-08,18,24,dswrf_to_lead,DSM,OK,short_name=sdswrf units=W m**-2 startStep=18 endStep=24
2023-04-08,18,22,dswrf_to_lead_minus2,DSM,OK,short_name=sdswrf units=W m**-2 startStep=18 endStep=22
2023-04-18,18,24,dswrf_to_lead,DSM,OK,short_name=sdswrf units=W m**-2 startStep=18 endStep=24
2023-04-18,18,22,dswrf_to_lead_minus2,DSM,OK,short_name=sdswrf units=W m**-2 startStep=18 endStep=22
2023-04-16,18,24,dswrf_to_lead,DSM,OK,short_name=sdswrf units=W m**-2 startStep=18 endStep=24
2023-04-16,18,22,dswrf_to_lead_minus2,DSM,OK,short_name=sdswrf units=W m**-2 startStep=18 endStep=22
2023-04-06,18,24,dswrf_to_lead,DSM,OK,short_name=sdswrf units=W m**-2 startStep=18 endStep=24
2023-04-06,18,22,dswrf_to_lead_minus2,DSM,OK,short_name=sdswrf units=W m**-2 startStep=18 endStep=22
2023-04-27,18,24,dswrf_to_lead,DSM,OK,short_name=sdswrf units=W m**-2 startStep=18 endStep=24
2023-04-27,18,22,dswrf_to_lead_minus2,DSM,OK,short_name=sdswrf units=W m**-2 startStep=18 endStep=22
2023-04-30,18,24,dswrf_to_lead,DSM,OK,short_name=sdswrf units=W m**-2 startStep=18 endStep=24
2023-04-30,18,22,dswrf_to_lead_minus2,DSM,OK,short_name=sdswrf units=W m**-2 startStep=18 endStep=22
2023-04-03,18,24,dswrf_to_lead,DSM,OK,short_name=sdswrf units=W m**-2 startStep=18 endStep=24
2023-04-03,18,22,dswrf_to_lead_minus2,DSM,OK,short_name=sdswrf units=W m**-2 startStep=18 endStep=22
2023-04-02,18,24,dswrf_to_lead,DSM,OK,short_name=sdswrf units=W m**-2 startStep=18 endStep=24
2023-04-02,18,22,dswrf_to_lead_minus2,DSM,OK,short_name=sdswrf units=W m**-2 startStep=18 endStep=22
2023-03-04,18,24,dswrf_to_lead,DSM,OK,short_name=sdswrf units=W m**-2 startStep=18 endStep=24
2023-03-04,18,22,dswrf_to_lead_minus2,DSM,OK,short_name=sdswrf units=W m**-2 startStep=18 endStep=22
2023-04-25,18,24,dswrf_to_lead,DSM,OK,short_name=sdswrf units=W m**-2 startStep=18 endStep=24
2023-04-25,18,22,dswrf_to_lead_minus2,DSM,OK,short_name=sdswrf units=W m**-2 startStep=18 endStep=22
2023-04-11,18,24,dswrf_to_lead,DSM,OK,short_name=sdswrf units=W m**-2 startStep=18 endStep=24
2023-04-11,18,22,dswrf_to_lead_minus2,DSM,OK,short_name=sdswrf units=W m**-2 startStep=18 endStep=22
2023-02-28,18,24,dswrf_to_lead,DSM,OK,short_name=sdswrf units=W m**-2 startStep=18 endStep=24
2023-02-28,18,22,dswrf_to_lead_minus2,DSM,OK,short_name=sdswrf units=W m**-2 startStep=18 endStep=22
2023-03-24,18,24,dswrf_to_lead,DSM,OK,short_name=sdswrf units=W m**-2 startStep=18 endStep=24
2023-03-24,18,22,dswrf_to_lead_minus2,DSM,OK,short_name=sdswrf units=W m**-2 startStep=18 endStep=22
2023-03-05,18,24,dswrf_to_lead,DSM,OK,short_name=sdswrf units=W m**-2 startStep=18 endStep=24
2023-03-05,18,22,dswrf_to_lead_minus2,DSM,OK,short_name=sdswrf units=W m**-2 startStep=18 endStep=22
2023-05-03,18,24,dswrf_to_lead,DSM,OK,short_name=sdswrf units=W m**-2 startStep=18 endStep=24
2023-05-03,18,22,dswrf_to_lead_minus2,DSM,OK,short_name=sdswrf units=W m**-2 startStep=18 endStep=22
2023-04-26,18,24,dswrf_to_lead,DSM,OK,short_name=sdswrf units=W m**-2 startStep=18 endStep=24
2023-04-26,18,22,dswrf_to_lead_minus2,DSM,OK,short_name=sdswrf units=W m**-2 startStep=18 endStep=22
2023-03-30,18,24,dswrf_to_lead,DSM,OK,short_name=sdswrf units=W m**-2 startStep=18 endStep=24
2023-03-30,18,22,dswrf_to_lead_minus2,DSM,OK,short_name=sdswrf units=W m**-2 startStep=18 endStep=22
2023-04-05,18,24,dswrf_to_lead,DSM,OK,short_name=sdswrf units=W m**-2 startStep=18 endStep=24
2023-04-05,18,22,dswrf_to_lead_minus2,DSM,OK,short_name=sdswrf units=W m**-2 startStep=18 endStep=22
2023-04-20,18,24,dswrf_to_lead,DSM,OK,short_name=sdswrf units=W m**-2 startStep=18 endStep=24
2023-04-20,18,22,dswrf_to_lead_minus2,DSM,OK,short_name=sdswrf units=W m**-2 startStep=18 endStep=22
2023-03-31,18,24,dswrf_to_lead,DSM,OK,short_name=sdswrf units=W m**-2 startStep=18 endStep=24
2023-03-31,18,22,dswrf_to_lead_minus2,DSM,OK,short_name=sdswrf units=W m**-2 startStep=18 endStep=22
2023-05-04,18,24,dswrf_to_lead,DSM,OK,short_name=sdswrf units=W m**-2 startStep=18 endStep=24
2023-05-04,18,22,dswrf_to_lead_minus2,DSM,OK,short_name=sdswrf units=W m**-2 startStep=18 endStep=22
2023-04-29,18,24,dswrf_to_lead,DSM,OK,short_name=sdswrf units=W m**-2 startStep=18 endStep=24
2023-04-29,18,22,dswrf_to_lead_minus2,DSM,OK,short_name=sdswrf units=W m**-2 startStep=18 endStep=22
2023-03-13,18,24,dswrf_to_lead,DSM,OK,short_name=sdswrf units=W m**-2 startStep=18 endStep=24
2023-03-13,18,22,dswrf_to_lead_minus2,DSM,OK,short_name=sdswrf units=W m**-2 startStep=18 endStep=22
2023-04-13,18,24,dswrf_to_lead,DSM,OK,short_name=sdswrf units=W m**-2 startStep=18 endStep=24
2023-04-13,18,22,dswrf_to_lead_minus2,DSM,OK,short_name=sdswrf units=W m**-2 startStep=18 endStep=22
2023-04-07,18,24,dswrf_to_lead,DSM,OK,short_name=sdswrf units=W m**-2 startStep=18 endStep=24
2023-04-07,18,22,dswrf_to_lead_minus2,DSM,OK,short_name=sdswrf units=W m**-2 startStep=18 endStep=22
2023-04-09,18,24,dswrf_to_lead,DSM,OK,short_name=sdswrf units=W m**-2 startStep=18 endStep=24
2023-04-09,18,22,dswrf_to_lead_minus2,DSM,OK,short_name=sdswrf units=W m**-2 startStep=18 endStep=22
2023-04-28,18,24,dswrf_to_lead,DSM,OK,short_name=sdswrf units=W m**-2 startStep=18 endStep=24
2023-04-28,18,22,dswrf_to_lead_minus2,DSM,OK,short_name=sdswrf units=W m**-2 startStep=18 endStep=22
2023-04-22,18,24,dswrf_to_lead,DSM,OK,short_name=sdswrf units=W m**-2 startStep=18 endStep=24
2023-04-22,18,22,dswrf_to_lead_minus2,DSM,OK,short_name=sdswrf units=W m**-2 startStep=18 endStep=22
2023-04-19,18,24,dswrf_to_lead,DSM,OK,short_name=sdswrf units=W m**-2 startStep=18 endStep=24
2023-04-19,18,22,dswrf_to_lead_minus2,DSM,OK,short_name=sdswrf units=W m**-2 startStep=18 endStep=22
2023-05-11,18,24,dswrf_to_lead,DSM,OK,short_name=sdswrf units=W m**-2 startStep=18 endStep=24
2023-05-11,18,22,dswrf_to_lead_minus2,DSM,OK,short_name=sdswrf units=W m**-2 startStep=18 endStep=22
2023-05-23,18,24,dswrf_to_lead,DSM,OK,short_name=sdswrf units=W m**-2 startStep=18 endStep=24
2023-05-23,18,22,dswrf_to_lead_minus2,DSM,OK,short_name=sdswrf units=W m**-2 startStep=18 endStep=22
2023-05-13,18,24,dswrf_to_lead,DSM,OK,short_name=sdswrf units=W m**-2 startStep=18 endStep=24
2023-05-13,18,22,dswrf_to_lead_minus2,DSM,OK,short_name=sdswrf units=W m**-2 startStep=18 endStep=22
2023-05-08,18,24,dswrf_to_lead,DSM,OK,short_name=sdswrf units=W m**-2 startStep=18 endStep=24
2023-05-08,18,22,dswrf_to_lead_minus2,DSM,OK,short_name=sdswrf units=W m**-2 startStep=18 endStep=22
2023-05-05,18,24,dswrf_to_lead,DSM,OK,short_name=sdswrf units=W m**-2 startStep=18 endStep=24
2023-05-05,18,22,dswrf_to_lead_minus2,DSM,OK,short_name=sdswrf units=W m**-2 startStep=18 endStep=22
2023-05-26,18,24,dswrf_to_lead,DSM,OK,short_name=sdswrf units=W m**-2 startStep=18 endStep=24
2023-05-26,18,22,dswrf_to_lead_minus2,DSM,OK,short_name=sdswrf units=W m**-2 startStep=18 endStep=22
2023-05-22,18,24,dswrf_to_lead,DSM,OK,short_name=sdswrf units=W m**-2 startStep=18 endStep=24
2023-05-22,18,22,dswrf_to_lead_minus2,DSM,OK,short_name=sdswrf units=W m**-2 startStep=18 endStep=22
2023-04-15,18,24,dswrf_to_lead,DSM,OK,short_name=sdswrf units=W m**-2 startStep=18 endStep=24
2023-04-15,18,22,dswrf_to_lead_minus2,DSM,OK,short_name=sdswrf units=W m**-2 startStep=18 endStep=22
2023-04-17,18,24,dswrf_to_lead,DSM,OK,short_name=sdswrf units=W m**-2 startStep=18 endStep=24
2023-04-17,18,22,dswrf_to_lead_minus2,DSM,OK,short_name=sdswrf units=W m**-2 startStep=18 endStep=22
2023-05-24,18,24,dswrf_to_lead,DSM,OK,short_name=sdswrf units=W m**-2 startStep=18 endStep=24
2023-05-24,18,22,dswrf_to_lead_minus2,DSM,OK,short_name=sdswrf units=W m**-2 startStep=18 endStep=22
2023-04-23,18,24,dswrf_to_lead,DSM,OK,short_name=sdswrf units=W m**-2 startStep=18 endStep=24
2023-04-23,18,22,dswrf_to_lead_minus2,DSM,OK,short_name=sdswrf units=W m**-2 startStep=18 endStep=22
2023-05-10,18,24,dswrf_to_lead,DSM,OK,short_name=sdswrf units=W m**-2 startStep=18 endStep=24
2023-05-10,18,22,dswrf_to_lead_minus2,DSM,OK,short_name=sdswrf units=W m**-2 startStep=18 endStep=22
2023-04-21,18,24,dswrf_to_lead,DSM,OK,short_name=sdswrf units=W m**-2 startStep=18 endStep=24
2023-04-21,18,22,dswrf_to_lead_minus2,DSM,OK,short_name=sdswrf units=W m**-2 startStep=18 endStep=22
2023-04-12,18,24,dswrf_to_lead,DSM,OK,short_name=sdswrf units=W m**-2 startStep=18 endStep=24
2023-04-12,18,22,dswrf_to_lead_minus2,DSM,OK,short_name=sdswrf units=W m**-2 startStep=18 endStep=22
2023-04-04,18,24,dswrf_to_lead,DSM,OK,short_name=sdswrf units=W m**-2 startStep=18 endStep=24
2023-04-04,18,22,dswrf_to_lead_minus2,DSM,OK,short_name=sdswrf units=W m**-2 startStep=18 endStep=22
2023-06-15,18,24,dswrf_to_lead,DSM,OK,short_name=sdswrf units=W m**-2 startStep=18 endStep=24
2023-06-15,18,22,dswrf_to_lead_minus2,DSM,OK,short_name=sdswrf units=W m**-2 startStep=18 endStep=22
2023-05-28,18,24,dswrf_to_lead,DSM,OK,short_name=sdswrf units=W m**-2 startStep=18 endStep=24
2023-05-28,18,22,dswrf_to_lead_minus2,DSM,OK,short_name=sdswrf units=W m**-2 startStep=18 endStep=22
2023-05-19,18,24,dswrf_to_lead,DSM,OK,short_name=sdswrf units=W m**-2 startStep=18 endStep=24
2023-05-19,18,22,dswrf_to_lead_minus2,DSM,OK,short_name=sdswrf units=W m**-2 startStep=18 endStep=22
2023-06-04,18,24,dswrf_to_lead,DSM,OK,short_name=sdswrf units=W m**-2 startStep=18 endStep=24
2023-06-04,18,22,dswrf_to_lead_minus2,DSM,OK,short_name=sdswrf units=W m**-2 startStep=18 endStep=22
2023-05-09,18,24,dswrf_to_lead,DSM,OK,short_name=sdswrf units=W m**-2 startStep=18 endStep=24
2023-05-09,18,22,dswrf_to_lead_minus2,DSM,OK,short_name=sdswrf units=W m**-2 startStep=18 endStep=22
2023-05-01,18,24,dswrf_to_lead,DSM,OK,short_name=sdswrf units=W m**-2 startStep=18 endStep=24
2023-05-01,18,22,dswrf_to_lead_minus2,DSM,OK,short_name=sdswrf units=W m**-2 startStep=18 endStep=22
2023-05-17,18,24,dswrf_to_lead,DSM,OK,short_name=sdswrf units=W m**-2 startStep=18 endStep=24
2023-05-17,18,22,dswrf_to_lead_minus2,DSM,OK,short_name=sdswrf units=W m**-2 startStep=18 endStep=22
2023-05-12,18,24,dswrf_to_lead,DSM,OK,short_name=sdswrf units=W m**-2 startStep=18 endStep=24
2023-05-12,18,22,dswrf_to_lead_minus2,DSM,OK,short_name=sdswrf units=W m**-2 startStep=18 endStep=22
2023-05-30,18,24,dswrf_to_lead,DSM,OK,short_name=sdswrf units=W m**-2 startStep=18 endStep=24
2023-05-30,18,22,dswrf_to_lead_minus2,DSM,OK,short_name=sdswrf units=W m**-2 startStep=18 endStep=22
2023-05-06,18,24,dswrf_to_lead,DSM,OK,short_name=sdswrf units=W m**-2 startStep=18 endStep=24
2023-05-06,18,22,dswrf_to_lead_minus2,DSM,OK,short_name=sdswrf units=W m**-2 startStep=18 endStep=22
2023-05-07,18,24,dswrf_to_lead,DSM,OK,short_name=sdswrf units=W m**-2 startStep=18 endStep=24
2023-05-07,18,22,dswrf_to_lead_minus2,DSM,OK,short_name=sdswrf units=W m**-2 startStep=18 endStep=22
2023-05-16,18,24,dswrf_to_lead,DSM,OK,short_name=sdswrf units=W m**-2 startStep=18 endStep=24
2023-05-16,18,22,dswrf_to_lead_minus2,DSM,OK,short_name=sdswrf units=W m**-2 startStep=18 endStep=22
2023-06-16,18,24,dswrf_to_lead,DSM,OK,short_name=sdswrf units=W m**-2 startStep=18 endStep=24
2023-06-16,18,22,dswrf_to_lead_minus2,DSM,OK,short_name=sdswrf units=W m**-2 startStep=18 endStep=22
2023-06-18,18,24,dswrf_to_lead,DSM,OK,short_name=sdswrf units=W m**-2 startStep=18 endStep=24
2023-06-18,18,22,dswrf_to_lead_minus2,DSM,OK,short_name=sdswrf units=W m**-2 startStep=18 endStep=22
2023-06-01,18,24,dswrf_to_lead,DSM,OK,short_name=sdswrf units=W m**-2 startStep=18 endStep=24
2023-06-01,18,22,dswrf_to_lead_minus2,DSM,OK,short_name=sdswrf units=W m**-2 startStep=18 endStep=22
2023-06-12,18,24,dswrf_to_lead,DSM,OK,short_name=sdswrf units=W m**-2 startStep=18 endStep=24
2023-06-12,18,22,dswrf_to_lead_minus2,DSM,OK,short_name=sdswrf units=W m**-2 startStep=18 endStep=22
2023-05-15,18,24,dswrf_to_lead,DSM,OK,short_name=sdswrf units=W m**-2 startStep=18 endStep=24
2023-05-15,18,22,dswrf_to_lead_minus2,DSM,OK,short_name=sdswrf units=W m**-2 startStep=18 endStep=22
2023-05-14,18,24,dswrf_to_lead,DSM,OK,short_name=sdswrf units=W m**-2 startStep=18 endStep=24
2023-05-14,18,22,dswrf_to_lead_minus2,DSM,OK,short_name=sdswrf units=W m**-2 startStep=18 endStep=22
2023-06-11,18,24,dswrf_to_lead,DSM,OK,short_name=sdswrf units=W m**-2 startStep=18 endStep=24
2023-06-11,18,22,dswrf_to_lead_minus2,DSM,OK,short_name=sdswrf units=W m**-2 startStep=18 endStep=22
2023-04-24,18,24,dswrf_to_lead,DSM,OK,short_name=sdswrf units=W m**-2 startStep=18 endStep=24
2023-04-24,18,22,dswrf_to_lead_minus2,DSM,OK,short_name=sdswrf units=W m**-2 startStep=18 endStep=22
2023-06-05,18,24,dswrf_to_lead,DSM,OK,short_name=sdswrf units=W m**-2 startStep=18 endStep=24
2023-06-05,18,22,dswrf_to_lead_minus2,DSM,OK,short_name=sdswrf units=W m**-2 startStep=18 endStep=22
2023-05-02,18,24,dswrf_to_lead,DSM,OK,short_name=sdswrf units=W m**-2 startStep=18 endStep=24
2023-05-02,18,22,dswrf_to_lead_minus2,DSM,OK,short_name=sdswrf units=W m**-2 startStep=18 endStep=22
2023-05-31,18,24,dswrf_to_lead,DSM,OK,short_name=sdswrf units=W m**-2 startStep=18 endStep=24
2023-05-31,18,22,dswrf_to_lead_minus2,DSM,OK,short_name=sdswrf units=W m**-2 startStep=18 endStep=22
2023-05-18,18,24,dswrf_to_lead,DSM,OK,short_name=sdswrf units=W m**-2 startStep=18 endStep=24
2023-05-18,18,22,dswrf_to_lead_minus2,DSM,OK,short_name=sdswrf units=W m**-2 startStep=18 endStep=22
2023-06-07,18,24,dswrf_to_lead,DSM,OK,short_name=sdswrf units=W m**-2 startStep=18 endStep=24
2023-06-07,18,22,dswrf_to_lead_minus2,DSM,OK,short_name=sdswrf units=W m**-2 startStep=18 endStep=22
2023-06-09,18,24,dswrf_to_lead,DSM,OK,short_name=sdswrf units=W m**-2 startStep=18 endStep=24
2023-06-09,18,22,dswrf_to_lead_minus2,DSM,OK,short_name=sdswrf units=W m**-2 startStep=18 endStep=22
2023-06-13,18,24,dswrf_to_lead,DSM,OK,short_name=sdswrf units=W m**-2 startStep=18 endStep=24
2023-06-13,18,22,dswrf_to_lead_minus2,DSM,OK,short_name=sdswrf units=W m**-2 startStep=18 endStep=22
2023-06-20,18,24,dswrf_to_lead,DSM,OK,short_name=sdswrf units=W m**-2 startStep=18 endStep=24
2023-06-20,18,22,dswrf_to_lead_minus2,DSM,OK,short_name=sdswrf units=W m**-2 startStep=18 endStep=22
2023-06-08,18,24,dswrf_to_lead,DSM,OK,short_name=sdswrf units=W m**-2 startStep=18 endStep=24
2023-06-08,18,22,dswrf_to_lead_minus2,DSM,OK,short_name=sdswrf units=W m**-2 startStep=18 endStep=22
2023-06-02,18,24,dswrf_to_lead,DSM,OK,short_name=sdswrf units=W m**-2 startStep=18 endStep=24
2023-06-02,18,22,dswrf_to_lead_minus2,DSM,OK,short_name=sdswrf units=W m**-2 startStep=18 endStep=22
2023-05-29,18,24,dswrf_to_lead,DSM,OK,short_name=sdswrf units=W m**-2 startStep=18 endStep=24
2023-05-29,18,22,dswrf_to_lead_minus2,DSM,OK,short_name=sdswrf units=W m**-2 startStep=18 endStep=22
2023-06-24,18,24,dswrf_to_lead,DSM,OK,short_name=sdswrf units=W m**-2 startStep=18 endStep=24
2023-06-24,18,22,dswrf_to_lead_minus2,DSM,OK,short_name=sdswrf units=W m**-2 startStep=18 endStep=22
2023-05-20,18,24,dswrf_to_lead,DSM,OK,short_name=sdswrf units=W m**-2 startStep=18 endStep=24
2023-05-20,18,22,dswrf_to_lead_minus2,DSM,OK,short_name=sdswrf units=W m**-2 startStep=18 endStep=22
2023-06-14,18,24,dswrf_to_lead,DSM,OK,short_name=sdswrf units=W m**-2 startStep=18 endStep=24
2023-06-14,18,22,dswrf_to_lead_minus2,DSM,OK,short_name=sdswrf units=W m**-2 startStep=18 endStep=22
2023-06-06,18,24,dswrf_to_lead,DSM,OK,short_name=sdswrf units=W m**-2 startStep=18 endStep=24
2023-06-06,18,22,dswrf_to_lead_minus2,DSM,OK,short_name=sdswrf units=W m**-2 startStep=18 endStep=22
2023-06-17,18,24,dswrf_to_lead,DSM,OK,short_name=sdswrf units=W m**-2 startStep=18 endStep=24
2023-06-17,18,22,dswrf_to_lead_minus2,DSM,OK,short_name=sdswrf units=W m**-2 startStep=18 endStep=22
2023-06-29,18,24,dswrf_to_lead,DSM,OK,short_name=sdswrf units=W m**-2 startStep=18 endStep=24
2023-06-29,18,22,dswrf_to_lead_minus2,DSM,OK,short_name=sdswrf units=W m**-2 startStep=18 endStep=22
2023-06-10,18,24,dswrf_to_lead,DSM,OK,short_name=sdswrf units=W m**-2 startStep=18 endStep=24
2023-06-10,18,22,dswrf_to_lead_minus2,DSM,OK,short_name=sdswrf units=W m**-2 startStep=18 endStep=22
2023-06-30,18,24,dswrf_to_lead,DSM,OK,short_name=sdswrf units=W m**-2 startStep=18 endStep=24
2023-06-30,18,22,dswrf_to_lead_minus2,DSM,OK,short_name=sdswrf units=W m**-2 startStep=18 endStep=22
2023-06-28,18,24,dswrf_to_lead,DSM,OK,short_name=sdswrf units=W m**-2 startStep=18 endStep=24
2023-06-28,18,22,dswrf_to_lead_minus2,DSM,OK,short_name=sdswrf units=W m**-2 startStep=18 endStep=22
2023-06-21,18,24,dswrf_to_lead,DSM,OK,short_name=sdswrf units=W m**-2 startStep=18 endStep=24
2023-06-21,18,22,dswrf_to_lead_minus2,DSM,OK,short_name=sdswrf units=W m**-2 startStep=18 endStep=22
2023-07-03,18,24,dswrf_to_lead,DSM,OK,short_name=sdswrf units=W m**-2 startStep=18 endStep=24
2023-07-03,18,22,dswrf_to_lead_minus2,DSM,OK,short_name=sdswrf units=W m**-2 startStep=18 endStep=22
2023-07-01,18,24,dswrf_to_lead,DSM,OK,short_name=sdswrf units=W m**-2 startStep=18 endStep=24
2023-07-01,18,22,dswrf_to_lead_minus2,DSM,OK,short_name=sdswrf units=W m**-2 startStep=18 endStep=22
2023-05-21,18,24,dswrf_to_lead,DSM,OK,short_name=sdswrf units=W m**-2 startStep=18 endStep=24
2023-05-21,18,22,dswrf_to_lead_minus2,DSM,OK,short_name=sdswrf units=W m**-2 startStep=18 endStep=22
2023-07-02,18,24,dswrf_to_lead,DSM,OK,short_name=sdswrf units=W m**-2 startStep=18 endStep=24
2023-07-02,18,22,dswrf_to_lead_minus2,DSM,OK,short_name=sdswrf units=W m**-2 startStep=18 endStep=22
2023-05-27,18,24,dswrf_to_lead,DSM,OK,short_name=sdswrf units=W m**-2 startStep=18 endStep=24
2023-05-27,18,22,dswrf_to_lead_minus2,DSM,OK,short_name=sdswrf units=W m**-2 startStep=18 endStep=22
2023-06-22,18,24,dswrf_to_lead,DSM,OK,short_name=sdswrf units=W m**-2 startStep=18 endStep=24
2023-06-22,18,22,dswrf_to_lead_minus2,DSM,OK,short_name=sdswrf units=W m**-2 startStep=18 endStep=22
2023-06-27,18,24,dswrf_to_lead,DSM,OK,short_name=sdswrf units=W m**-2 startStep=18 endStep=24
2023-06-27,18,22,dswrf_to_lead_minus2,DSM,OK,short_name=sdswrf units=W m**-2 startStep=18 endStep=22
2023-06-03,18,24,dswrf_to_lead,DSM,OK,short_name=sdswrf units=W m**-2 startStep=18 endStep=24
2023-06-03,18,22,dswrf_to_lead_minus2,DSM,OK,short_name=sdswrf units=W m**-2 startStep=18 endStep=22
2023-06-19,18,24,dswrf_to_lead,DSM,OK,short_name=sdswrf units=W m**-2 startStep=18 endStep=24
2023-06-19,18,22,dswrf_to_lead_minus2,DSM,OK,short_name=sdswrf units=W m**-2 startStep=18 endStep=22
2023-07-11,18,24,dswrf_to_lead,DSM,OK,short_name=sdswrf units=W m**-2 startStep=18 endStep=24
2023-07-11,18,22,dswrf_to_lead_minus2,DSM,OK,short_name=sdswrf units=W m**-2 startStep=18 endStep=22
2023-07-05,18,24,dswrf_to_lead,DSM,OK,short_name=sdswrf units=W m**-2 startStep=18 endStep=24
2023-07-05,18,22,dswrf_to_lead_minus2,DSM,OK,short_name=sdswrf units=W m**-2 startStep=18 endStep=22
2023-06-26,18,24,dswrf_to_lead,DSM,OK,short_name=sdswrf units=W m**-2 startStep=18 endStep=24
2023-06-26,18,22,dswrf_to_lead_minus2,DSM,OK,short_name=sdswrf units=W m**-2 startStep=18 endStep=22
2023-07-06,18,24,dswrf_to_lead,DSM,OK,short_name=sdswrf units=W m**-2 startStep=18 endStep=24
2023-07-06,18,22,dswrf_to_lead_minus2,DSM,OK,short_name=sdswrf units=W m**-2 startStep=18 endStep=22
2023-05-25,18,24,dswrf_to_lead,DSM,OK,short_name=sdswrf units=W m**-2 startStep=18 endStep=24
2023-05-25,18,22,dswrf_to_lead_minus2,DSM,OK,short_name=sdswrf units=W m**-2 startStep=18 endStep=22
2023-06-25,18,24,dswrf_to_lead,DSM,OK,short_name=sdswrf units=W m**-2 startStep=18 endStep=24
2023-06-25,18,22,dswrf_to_lead_minus2,DSM,OK,short_name=sdswrf units=W m**-2 startStep=18 endStep=22
2023-06-23,18,24,dswrf_to_lead,DSM,OK,short_name=sdswrf units=W m**-2 startStep=18 endStep=24
2023-06-23,18,22,dswrf_to_lead_minus2,DSM,OK,short_name=sdswrf units=W m**-2 startStep=18 endStep=22
2023-08-03,18,24,dswrf_to_lead,DSM,OK,short_name=sdswrf units=W m**-2 startStep=18 endStep=24
2023-08-03,18,22,dswrf_to_lead_minus2,DSM,OK,short_name=sdswrf units=W m**-2 startStep=18 endStep=22
2023-07-20,18,24,dswrf_to_lead,DSM,OK,short_name=sdswrf units=W m**-2 startStep=18 endStep=24
2023-07-20,18,22,dswrf_to_lead_minus2,DSM,OK,short_name=sdswrf units=W m**-2 startStep=18 endStep=22
2023-07-24,18,24,dswrf_to_lead,DSM,OK,short_name=sdswrf units=W m**-2 startStep=18 endStep=24
2023-07-24,18,22,dswrf_to_lead_minus2,DSM,OK,short_name=sdswrf units=W m**-2 startStep=18 endStep=22
2023-08-01,18,24,dswrf_to_lead,DSM,OK,short_name=sdswrf units=W m**-2 startStep=18 endStep=24
2023-08-01,18,22,dswrf_to_lead_minus2,DSM,OK,short_name=sdswrf units=W m**-2 startStep=18 endStep=22
2023-07-28,18,24,dswrf_to_lead,DSM,OK,short_name=sdswrf units=W m**-2 startStep=18 endStep=24
2023-07-28,18,22,dswrf_to_lead_minus2,DSM,OK,short_name=sdswrf units=W m**-2 startStep=18 endStep=22
2023-07-31,18,24,dswrf_to_lead,DSM,OK,short_name=sdswrf units=W m**-2 startStep=18 endStep=24
2023-07-31,18,22,dswrf_to_lead_minus2,DSM,OK,short_name=sdswrf units=W m**-2 startStep=18 endStep=22
2023-08-07,18,24,dswrf_to_lead,DSM,OK,short_name=sdswrf units=W m**-2 startStep=18 endStep=24
2023-08-07,18,22,dswrf_to_lead_minus2,DSM,OK,short_name=sdswrf units=W m**-2 startStep=18 endStep=22
2023-07-16,18,24,dswrf_to_lead,DSM,OK,short_name=sdswrf units=W m**-2 startStep=18 endStep=24
2023-07-16,18,22,dswrf_to_lead_minus2,DSM,OK,short_name=sdswrf units=W m**-2 startStep=18 endStep=22
2023-08-09,18,24,dswrf_to_lead,DSM,OK,short_name=sdswrf units=W m**-2 startStep=18 endStep=24
2023-08-09,18,22,dswrf_to_lead_minus2,DSM,OK,short_name=sdswrf units=W m**-2 startStep=18 endStep=22
2023-08-02,18,24,dswrf_to_lead,DSM,OK,short_name=sdswrf units=W m**-2 startStep=18 endStep=24
2023-08-02,18,22,dswrf_to_lead_minus2,DSM,OK,short_name=sdswrf units=W m**-2 startStep=18 endStep=22
2023-07-13,18,24,dswrf_to_lead,DSM,OK,short_name=sdswrf units=W m**-2 startStep=18 endStep=24
2023-07-13,18,22,dswrf_to_lead_minus2,DSM,OK,short_name=sdswrf units=W m**-2 startStep=18 endStep=22
2023-08-17,18,24,dswrf_to_lead,DSM,OK,short_name=sdswrf units=W m**-2 startStep=18 endStep=24
2023-08-17,18,22,dswrf_to_lead_minus2,DSM,OK,short_name=sdswrf units=W m**-2 startStep=18 endStep=22
2023-08-12,18,24,dswrf_to_lead,DSM,OK,short_name=sdswrf units=W m**-2 startStep=18 endStep=24
2023-08-12,18,22,dswrf_to_lead_minus2,DSM,OK,short_name=sdswrf units=W m**-2 startStep=18 endStep=22
2023-07-15,18,24,dswrf_to_lead,DSM,OK,short_name=sdswrf units=W m**-2 startStep=18 endStep=24
2023-07-15,18,22,dswrf_to_lead_minus2,DSM,OK,short_name=sdswrf units=W m**-2 startStep=18 endStep=22
2023-07-17,18,24,dswrf_to_lead,DSM,OK,short_name=sdswrf units=W m**-2 startStep=18 endStep=24
2023-07-17,18,22,dswrf_to_lead_minus2,DSM,OK,short_name=sdswrf units=W m**-2 startStep=18 endStep=22
2023-08-14,18,24,dswrf_to_lead,DSM,OK,short_name=sdswrf units=W m**-2 startStep=18 endStep=24
2023-08-14,18,22,dswrf_to_lead_minus2,DSM,OK,short_name=sdswrf units=W m**-2 startStep=18 endStep=22
2023-07-21,18,24,dswrf_to_lead,DSM,OK,short_name=sdswrf units=W m**-2 startStep=18 endStep=24
2023-07-21,18,22,dswrf_to_lead_minus2,DSM,OK,short_name=sdswrf units=W m**-2 startStep=18 endStep=22
2023-07-29,18,24,dswrf_to_lead,DSM,OK,short_name=sdswrf units=W m**-2 startStep=18 endStep=24
2023-07-29,18,22,dswrf_to_lead_minus2,DSM,OK,short_name=sdswrf units=W m**-2 startStep=18 endStep=22
2023-07-26,18,24,dswrf_to_lead,DSM,OK,short_name=sdswrf units=W m**-2 startStep=18 endStep=24
2023-07-26,18,22,dswrf_to_lead_minus2,DSM,OK,short_name=sdswrf units=W m**-2 startStep=18 endStep=22
2023-07-14,18,24,dswrf_to_lead,DSM,OK,short_name=sdswrf units=W m**-2 startStep=18 endStep=24
2023-07-14,18,22,dswrf_to_lead_minus2,DSM,OK,short_name=sdswrf units=W m**-2 startStep=18 endStep=22
2023-07-07,18,24,dswrf_to_lead,DSM,OK,short_name=sdswrf units=W m**-2 startStep=18 endStep=24
2023-07-07,18,22,dswrf_to_lead_minus2,DSM,OK,short_name=sdswrf units=W m**-2 startStep=18 endStep=22
2023-07-18,18,24,dswrf_to_lead,DSM,OK,short_name=sdswrf units=W m**-2 startStep=18 endStep=24
2023-07-18,18,22,dswrf_to_lead_minus2,DSM,OK,short_name=sdswrf units=W m**-2 startStep=18 endStep=22
2023-08-15,18,24,dswrf_to_lead,DSM,OK,short_name=sdswrf units=W m**-2 startStep=18 endStep=24
2023-08-15,18,22,dswrf_to_lead_minus2,DSM,OK,short_name=sdswrf units=W m**-2 startStep=18 endStep=22
2023-08-21,18,24,dswrf_to_lead,DSM,OK,short_name=sdswrf units=W m**-2 startStep=18 endStep=24
2023-08-21,18,22,dswrf_to_lead_minus2,DSM,OK,short_name=sdswrf units=W m**-2 startStep=18 endStep=22
2023-07-23,18,24,dswrf_to_lead,DSM,OK,short_name=sdswrf units=W m**-2 startStep=18 endStep=24
2023-07-23,18,22,dswrf_to_lead_minus2,DSM,OK,short_name=sdswrf units=W m**-2 startStep=18 endStep=22
2023-08-05,18,24,dswrf_to_lead,DSM,OK,short_name=sdswrf units=W m**-2 startStep=18 endStep=24
2023-08-05,18,22,dswrf_to_lead_minus2,DSM,OK,short_name=sdswrf units=W m**-2 startStep=18 endStep=22
2023-07-09,18,24,dswrf_to_lead,DSM,OK,short_name=sdswrf units=W m**-2 startStep=18 endStep=24
2023-07-09,18,22,dswrf_to_lead_minus2,DSM,OK,short_name=sdswrf units=W m**-2 startStep=18 endStep=22
2023-07-22,18,24,dswrf_to_lead,DSM,OK,short_name=sdswrf units=W m**-2 startStep=18 endStep=24
2023-07-22,18,22,dswrf_to_lead_minus2,DSM,OK,short_name=sdswrf units=W m**-2 startStep=18 endStep=22
2023-08-04,18,24,dswrf_to_lead,DSM,OK,short_name=sdswrf units=W m**-2 startStep=18 endStep=24
2023-08-04,18,22,dswrf_to_lead_minus2,DSM,OK,short_name=sdswrf units=W m**-2 startStep=18 endStep=22
2023-08-10,18,24,dswrf_to_lead,DSM,OK,short_name=sdswrf units=W m**-2 startStep=18 endStep=24
2023-08-10,18,22,dswrf_to_lead_minus2,DSM,OK,short_name=sdswrf units=W m**-2 startStep=18 endStep=22
2023-07-12,18,24,dswrf_to_lead,DSM,OK,short_name=sdswrf units=W m**-2 startStep=18 endStep=24
2023-07-12,18,22,dswrf_to_lead_minus2,DSM,OK,short_name=sdswrf units=W m**-2 startStep=18 endStep=22
2023-07-08,18,24,dswrf_to_lead,DSM,OK,short_name=sdswrf units=W m**-2 startStep=18 endStep=24
2023-07-08,18,22,dswrf_to_lead_minus2,DSM,OK,short_name=sdswrf units=W m**-2 startStep=18 endStep=22
2023-08-19,18,24,dswrf_to_lead,DSM,OK,short_name=sdswrf units=W m**-2 startStep=18 endStep=24
2023-08-19,18,22,dswrf_to_lead_minus2,DSM,OK,short_name=sdswrf units=W m**-2 startStep=18 endStep=22
2023-07-19,18,24,dswrf_to_lead,DSM,OK,short_name=sdswrf units=W m**-2 startStep=18 endStep=24
2023-07-19,18,22,dswrf_to_lead_minus2,DSM,OK,short_name=sdswrf units=W m**-2 startStep=18 endStep=22
2023-08-11,18,24,dswrf_to_lead,DSM,OK,short_name=sdswrf units=W m**-2 startStep=18 endStep=24
2023-08-11,18,22,dswrf_to_lead_minus2,DSM,OK,short_name=sdswrf units=W m**-2 startStep=18 endStep=22
2023-08-30,18,24,dswrf_to_lead,DSM,OK,short_name=sdswrf units=W m**-2 startStep=18 endStep=24
2023-08-30,18,22,dswrf_to_lead_minus2,DSM,OK,short_name=sdswrf units=W m**-2 startStep=18 endStep=22
2023-08-28,18,24,dswrf_to_lead,DSM,OK,short_name=sdswrf units=W m**-2 startStep=18 endStep=24
2023-08-28,18,22,dswrf_to_lead_minus2,DSM,OK,short_name=sdswrf units=W m**-2 startStep=18 endStep=22
2023-08-26,18,24,dswrf_to_lead,DSM,OK,short_name=sdswrf units=W m**-2 startStep=18 endStep=24
2023-08-26,18,22,dswrf_to_lead_minus2,DSM,OK,short_name=sdswrf units=W m**-2 startStep=18 endStep=22
2023-07-04,18,24,dswrf_to_lead,DSM,OK,short_name=sdswrf units=W m**-2 startStep=18 endStep=24
2023-07-04,18,22,dswrf_to_lead_minus2,DSM,OK,short_name=sdswrf units=W m**-2 startStep=18 endStep=22
2023-07-10,18,24,dswrf_to_lead,DSM,OK,short_name=sdswrf units=W m**-2 startStep=18 endStep=24
2023-07-10,18,22,dswrf_to_lead_minus2,DSM,OK,short_name=sdswrf units=W m**-2 startStep=18 endStep=22
2023-09-08,18,24,dswrf_to_lead,DSM,OK,short_name=sdswrf units=W m**-2 startStep=18 endStep=24
2023-09-08,18,22,dswrf_to_lead_minus2,DSM,OK,short_name=sdswrf units=W m**-2 startStep=18 endStep=22
2023-08-24,18,24,dswrf_to_lead,DSM,OK,short_name=sdswrf units=W m**-2 startStep=18 endStep=24
2023-08-24,18,22,dswrf_to_lead_minus2,DSM,OK,short_name=sdswrf units=W m**-2 startStep=18 endStep=22
2023-08-06,18,24,dswrf_to_lead,DSM,OK,short_name=sdswrf units=W m**-2 startStep=18 endStep=24
2023-08-06,18,22,dswrf_to_lead_minus2,DSM,OK,short_name=sdswrf units=W m**-2 startStep=18 endStep=22
2023-09-02,18,24,dswrf_to_lead,DSM,OK,short_name=sdswrf units=W m**-2 startStep=18 endStep=24
2023-09-02,18,22,dswrf_to_lead_minus2,DSM,OK,short_name=sdswrf units=W m**-2 startStep=18 endStep=22
2023-09-10,18,24,dswrf_to_lead,DSM,OK,short_name=sdswrf units=W m**-2 startStep=18 endStep=24
2023-09-10,18,22,dswrf_to_lead_minus2,DSM,OK,short_name=sdswrf units=W m**-2 startStep=18 endStep=22
2023-08-08,18,24,dswrf_to_lead,DSM,OK,short_name=sdswrf units=W m**-2 startStep=18 endStep=24
2023-08-08,18,22,dswrf_to_lead_minus2,DSM,OK,short_name=sdswrf units=W m**-2 startStep=18 endStep=22
2023-07-27,18,24,dswrf_to_lead,DSM,OK,short_name=sdswrf units=W m**-2 startStep=18 endStep=24
2023-07-27,18,22,dswrf_to_lead_minus2,DSM,OK,short_name=sdswrf units=W m**-2 startStep=18 endStep=22
2023-09-11,18,24,dswrf_to_lead,DSM,OK,short_name=sdswrf units=W m**-2 startStep=18 endStep=24
2023-09-11,18,22,dswrf_to_lead_minus2,DSM,OK,short_name=sdswrf units=W m**-2 startStep=18 endStep=22
2023-09-03,18,24,dswrf_to_lead,DSM,OK,short_name=sdswrf units=W m**-2 startStep=18 endStep=24
2023-09-03,18,22,dswrf_to_lead_minus2,DSM,OK,short_name=sdswrf units=W m**-2 startStep=18 endStep=22
2023-08-18,18,24,dswrf_to_lead,DSM,OK,short_name=sdswrf units=W m**-2 startStep=18 endStep=24
2023-08-18,18,22,dswrf_to_lead_minus2,DSM,OK,short_name=sdswrf units=W m**-2 startStep=18 endStep=22
2023-08-31,18,24,dswrf_to_lead,DSM,OK,short_name=sdswrf units=W m**-2 startStep=18 endStep=24
2023-08-31,18,22,dswrf_to_lead_minus2,DSM,OK,short_name=sdswrf units=W m**-2 startStep=18 endStep=22
2023-09-04,18,24,dswrf_to_lead,DSM,OK,short_name=sdswrf units=W m**-2 startStep=18 endStep=24
2023-09-04,18,22,dswrf_to_lead_minus2,DSM,OK,short_name=sdswrf units=W m**-2 startStep=18 endStep=22
2023-09-14,18,24,dswrf_to_lead,DSM,OK,short_name=sdswrf units=W m**-2 startStep=18 endStep=24
2023-09-14,18,22,dswrf_to_lead_minus2,DSM,OK,short_name=sdswrf units=W m**-2 startStep=18 endStep=22
2023-08-13,18,24,dswrf_to_lead,DSM,OK,short_name=sdswrf units=W m**-2 startStep=18 endStep=24
2023-08-13,18,22,dswrf_to_lead_minus2,DSM,OK,short_name=sdswrf units=W m**-2 startStep=18 endStep=22
2023-07-30,18,24,dswrf_to_lead,DSM,OK,short_name=sdswrf units=W m**-2 startStep=18 endStep=24
2023-07-30,18,22,dswrf_to_lead_minus2,DSM,OK,short_name=sdswrf units=W m**-2 startStep=18 endStep=22
2023-08-25,18,24,dswrf_to_lead,DSM,OK,short_name=sdswrf units=W m**-2 startStep=18 endStep=24
2023-08-25,18,22,dswrf_to_lead_minus2,DSM,OK,short_name=sdswrf units=W m**-2 startStep=18 endStep=22
2023-09-17,18,24,dswrf_to_lead,DSM,OK,short_name=sdswrf units=W m**-2 startStep=18 endStep=24
2023-09-17,18,22,dswrf_to_lead_minus2,DSM,OK,short_name=sdswrf units=W m**-2 startStep=18 endStep=22
2023-09-28,18,24,dswrf_to_lead,DSM,OK,short_name=sdswrf units=W m**-2 startStep=18 endStep=24
2023-09-28,18,22,dswrf_to_lead_minus2,DSM,OK,short_name=sdswrf units=W m**-2 startStep=18 endStep=22
2023-09-18,18,24,dswrf_to_lead,DSM,OK,short_name=sdswrf units=W m**-2 startStep=18 endStep=24
2023-09-18,18,22,dswrf_to_lead_minus2,DSM,OK,short_name=sdswrf units=W m**-2 startStep=18 endStep=22
2023-09-15,18,24,dswrf_to_lead,DSM,OK,short_name=sdswrf units=W m**-2 startStep=18 endStep=24
2023-09-15,18,22,dswrf_to_lead_minus2,DSM,OK,short_name=sdswrf units=W m**-2 startStep=18 endStep=22
2023-08-22,18,24,dswrf_to_lead,DSM,OK,short_name=sdswrf units=W m**-2 startStep=18 endStep=24
2023-08-22,18,22,dswrf_to_lead_minus2,DSM,OK,short_name=sdswrf units=W m**-2 startStep=18 endStep=22
2023-09-01,18,24,dswrf_to_lead,DSM,OK,short_name=sdswrf units=W m**-2 startStep=18 endStep=24
2023-09-01,18,22,dswrf_to_lead_minus2,DSM,OK,short_name=sdswrf units=W m**-2 startStep=18 endStep=22
2023-10-01,18,24,dswrf_to_lead,DSM,OK,short_name=sdswrf units=W m**-2 startStep=18 endStep=24
2023-10-01,18,22,dswrf_to_lead_minus2,DSM,OK,short_name=sdswrf units=W m**-2 startStep=18 endStep=22
2023-08-16,18,24,dswrf_to_lead,DSM,OK,short_name=sdswrf units=W m**-2 startStep=18 endStep=24
2023-08-16,18,22,dswrf_to_lead_minus2,DSM,OK,short_name=sdswrf units=W m**-2 startStep=18 endStep=22
2023-08-20,18,24,dswrf_to_lead,DSM,OK,short_name=sdswrf units=W m**-2 startStep=18 endStep=24
2023-08-20,18,22,dswrf_to_lead_minus2,DSM,OK,short_name=sdswrf units=W m**-2 startStep=18 endStep=22
2023-08-23,18,24,dswrf_to_lead,DSM,OK,short_name=sdswrf units=W m**-2 startStep=18 endStep=24
2023-08-23,18,22,dswrf_to_lead_minus2,DSM,OK,short_name=sdswrf units=W m**-2 startStep=18 endStep=22
2023-09-27,18,24,dswrf_to_lead,DSM,OK,short_name=sdswrf units=W m**-2 startStep=18 endStep=24
2023-09-27,18,22,dswrf_to_lead_minus2,DSM,OK,short_name=sdswrf units=W m**-2 startStep=18 endStep=22
2023-09-22,18,24,dswrf_to_lead,DSM,OK,short_name=sdswrf units=W m**-2 startStep=18 endStep=24
2023-09-22,18,22,dswrf_to_lead_minus2,DSM,OK,short_name=sdswrf units=W m**-2 startStep=18 endStep=22
2023-09-19,18,24,dswrf_to_lead,DSM,OK,short_name=sdswrf units=W m**-2 startStep=18 endStep=24
2023-09-19,18,22,dswrf_to_lead_minus2,DSM,OK,short_name=sdswrf units=W m**-2 startStep=18 endStep=22
2023-08-27,18,24,dswrf_to_lead,DSM,OK,short_name=sdswrf units=W m**-2 startStep=18 endStep=24
2023-08-27,18,22,dswrf_to_lead_minus2,DSM,OK,short_name=sdswrf units=W m**-2 startStep=18 endStep=22
2023-09-16,18,24,dswrf_to_lead,DSM,OK,short_name=sdswrf units=W m**-2 startStep=18 endStep=24
2023-09-16,18,22,dswrf_to_lead_minus2,DSM,OK,short_name=sdswrf units=W m**-2 startStep=18 endStep=22
2023-09-07,18,24,dswrf_to_lead,DSM,OK,short_name=sdswrf units=W m**-2 startStep=18 endStep=24
2023-09-07,18,22,dswrf_to_lead_minus2,DSM,OK,short_name=sdswrf units=W m**-2 startStep=18 endStep=22
2023-09-24,18,24,dswrf_to_lead,DSM,OK,short_name=sdswrf units=W m**-2 startStep=18 endStep=24
2023-09-24,18,22,dswrf_to_lead_minus2,DSM,OK,short_name=sdswrf units=W m**-2 startStep=18 endStep=22
2023-09-20,18,24,dswrf_to_lead,DSM,OK,short_name=sdswrf units=W m**-2 startStep=18 endStep=24
2023-09-20,18,22,dswrf_to_lead_minus2,DSM,OK,short_name=sdswrf units=W m**-2 startStep=18 endStep=22
2023-09-05,18,24,dswrf_to_lead,DSM,OK,short_name=sdswrf units=W m**-2 startStep=18 endStep=24
2023-09-05,18,22,dswrf_to_lead_minus2,DSM,OK,short_name=sdswrf units=W m**-2 startStep=18 endStep=22
2023-09-25,18,24,dswrf_to_lead,DSM,OK,short_name=sdswrf units=W m**-2 startStep=18 endStep=24
2023-09-25,18,22,dswrf_to_lead_minus2,DSM,OK,short_name=sdswrf units=W m**-2 startStep=18 endStep=22
2023-08-29,18,24,dswrf_to_lead,DSM,OK,short_name=sdswrf units=W m**-2 startStep=18 endStep=24
2023-08-29,18,22,dswrf_to_lead_minus2,DSM,OK,short_name=sdswrf units=W m**-2 startStep=18 endStep=22
2023-07-25,18,24,dswrf_to_lead,DSM,OK,short_name=sdswrf units=W m**-2 startStep=18 endStep=24
2023-07-25,18,22,dswrf_to_lead_minus2,DSM,OK,short_name=sdswrf units=W m**-2 startStep=18 endStep=22
2023-09-21,18,24,dswrf_to_lead,DSM,OK,short_name=sdswrf units=W m**-2 startStep=18 endStep=24
2023-09-21,18,22,dswrf_to_lead_minus2,DSM,OK,short_name=sdswrf units=W m**-2 startStep=18 endStep=22
2023-09-12,18,24,dswrf_to_lead,DSM,OK,short_name=sdswrf units=W m**-2 startStep=18 endStep=24
2023-09-12,18,22,dswrf_to_lead_minus2,DSM,OK,short_name=sdswrf units=W m**-2 startStep=18 endStep=22
2023-10-14,18,24,dswrf_to_lead,DSM,OK,short_name=sdswrf units=W m**-2 startStep=18 endStep=24
2023-10-14,18,22,dswrf_to_lead_minus2,DSM,OK,short_name=sdswrf units=W m**-2 startStep=18 endStep=22
2023-10-04,18,24,dswrf_to_lead,DSM,OK,short_name=sdswrf units=W m**-2 startStep=18 endStep=24
2023-10-04,18,22,dswrf_to_lead_minus2,DSM,OK,short_name=sdswrf units=W m**-2 startStep=18 endStep=22
2023-10-09,18,24,dswrf_to_lead,DSM,OK,short_name=sdswrf units=W m**-2 startStep=18 endStep=24
2023-10-09,18,22,dswrf_to_lead_minus2,DSM,OK,short_name=sdswrf units=W m**-2 startStep=18 endStep=22
2023-09-23,18,24,dswrf_to_lead,DSM,OK,short_name=sdswrf units=W m**-2 startStep=18 endStep=24
2023-09-23,18,22,dswrf_to_lead_minus2,DSM,OK,short_name=sdswrf units=W m**-2 startStep=18 endStep=22
2023-10-24,18,24,dswrf_to_lead,DSM,OK,short_name=sdswrf units=W m**-2 startStep=18 endStep=24
2023-10-24,18,22,dswrf_to_lead_minus2,DSM,OK,short_name=sdswrf units=W m**-2 startStep=18 endStep=22
2023-10-12,18,24,dswrf_to_lead,DSM,OK,short_name=sdswrf units=W m**-2 startStep=18 endStep=24
2023-10-12,18,22,dswrf_to_lead_minus2,DSM,OK,short_name=sdswrf units=W m**-2 startStep=18 endStep=22
2023-10-10,18,24,dswrf_to_lead,DSM,OK,short_name=sdswrf units=W m**-2 startStep=18 endStep=24
2023-10-10,18,22,dswrf_to_lead_minus2,DSM,OK,short_name=sdswrf units=W m**-2 startStep=18 endStep=22
2023-10-16,18,24,dswrf_to_lead,DSM,OK,short_name=sdswrf units=W m**-2 startStep=18 endStep=24
2023-10-16,18,22,dswrf_to_lead_minus2,DSM,OK,short_name=sdswrf units=W m**-2 startStep=18 endStep=22
2023-10-30,18,24,dswrf_to_lead,DSM,OK,short_name=sdswrf units=W m**-2 startStep=18 endStep=24
2023-10-30,18,22,dswrf_to_lead_minus2,DSM,OK,short_name=sdswrf units=W m**-2 startStep=18 endStep=22
2023-09-26,18,24,dswrf_to_lead,DSM,OK,short_name=sdswrf units=W m**-2 startStep=18 endStep=24
2023-09-26,18,22,dswrf_to_lead_minus2,DSM,OK,short_name=sdswrf units=W m**-2 startStep=18 endStep=22
2023-09-29,18,24,dswrf_to_lead,DSM,OK,short_name=sdswrf units=W m**-2 startStep=18 endStep=24
2023-09-29,18,22,dswrf_to_lead_minus2,DSM,OK,short_name=sdswrf units=W m**-2 startStep=18 endStep=22
2023-11-08,18,24,dswrf_to_lead,DSM,OK,short_name=sdswrf units=W m**-2 startStep=18 endStep=24
2023-11-08,18,22,dswrf_to_lead_minus2,DSM,OK,short_name=sdswrf units=W m**-2 startStep=18 endStep=22
2023-10-25,18,24,dswrf_to_lead,DSM,OK,short_name=sdswrf units=W m**-2 startStep=18 endStep=24
2023-10-25,18,22,dswrf_to_lead_minus2,DSM,OK,short_name=sdswrf units=W m**-2 startStep=18 endStep=22
2023-10-18,18,24,dswrf_to_lead,DSM,OK,short_name=sdswrf units=W m**-2 startStep=18 endStep=24
2023-10-18,18,22,dswrf_to_lead_minus2,DSM,OK,short_name=sdswrf units=W m**-2 startStep=18 endStep=22
2023-11-06,18,24,dswrf_to_lead,DSM,OK,short_name=sdswrf units=W m**-2 startStep=18 endStep=24
2023-11-06,18,22,dswrf_to_lead_minus2,DSM,OK,short_name=sdswrf units=W m**-2 startStep=18 endStep=22
2023-10-11,18,24,dswrf_to_lead,DSM,OK,short_name=sdswrf units=W m**-2 startStep=18 endStep=24
2023-10-11,18,22,dswrf_to_lead_minus2,DSM,OK,short_name=sdswrf units=W m**-2 startStep=18 endStep=22
2023-11-12,18,24,dswrf_to_lead,DSM,OK,short_name=sdswrf units=W m**-2 startStep=18 endStep=24
2023-11-12,18,22,dswrf_to_lead_minus2,DSM,OK,short_name=sdswrf units=W m**-2 startStep=18 endStep=22
2023-10-06,18,24,dswrf_to_lead,DSM,OK,short_name=sdswrf units=W m**-2 startStep=18 endStep=24
2023-10-06,18,22,dswrf_to_lead_minus2,DSM,OK,short_name=sdswrf units=W m**-2 startStep=18 endStep=22
2023-11-09,18,24,dswrf_to_lead,DSM,OK,short_name=sdswrf units=W m**-2 startStep=18 endStep=24
2023-11-09,18,22,dswrf_to_lead_minus2,DSM,OK,short_name=sdswrf units=W m**-2 startStep=18 endStep=22
2023-10-08,18,24,dswrf_to_lead,DSM,OK,short_name=sdswrf units=W m**-2 startStep=18 endStep=24
2023-10-08,18,22,dswrf_to_lead_minus2,DSM,OK,short_name=sdswrf units=W m**-2 startStep=18 endStep=22
2023-09-13,18,24,dswrf_to_lead,DSM,OK,short_name=sdswrf units=W m**-2 startStep=18 endStep=24
2023-09-13,18,22,dswrf_to_lead_minus2,DSM,OK,short_name=sdswrf units=W m**-2 startStep=18 endStep=22
2023-10-27,18,24,dswrf_to_lead,DSM,OK,short_name=sdswrf units=W m**-2 startStep=18 endStep=24
2023-10-27,18,22,dswrf_to_lead_minus2,DSM,OK,short_name=sdswrf units=W m**-2 startStep=18 endStep=22
2023-10-19,18,24,dswrf_to_lead,DSM,OK,short_name=sdswrf units=W m**-2 startStep=18 endStep=24
2023-10-19,18,22,dswrf_to_lead_minus2,DSM,OK,short_name=sdswrf units=W m**-2 startStep=18 endStep=22
2023-10-15,18,24,dswrf_to_lead,DSM,OK,short_name=sdswrf units=W m**-2 startStep=18 endStep=24
2023-10-15,18,22,dswrf_to_lead_minus2,DSM,OK,short_name=sdswrf units=W m**-2 startStep=18 endStep=22
2023-10-13,18,24,dswrf_to_lead,DSM,OK,short_name=sdswrf units=W m**-2 startStep=18 endStep=24
2023-10-13,18,22,dswrf_to_lead_minus2,DSM,OK,short_name=sdswrf units=W m**-2 startStep=18 endStep=22
2023-09-06,18,24,dswrf_to_lead,DSM,OK,short_name=sdswrf units=W m**-2 startStep=18 endStep=24
2023-09-06,18,22,dswrf_to_lead_minus2,DSM,OK,short_name=sdswrf units=W m**-2 startStep=18 endStep=22
2023-11-03,18,24,dswrf_to_lead,DSM,OK,short_name=sdswrf units=W m**-2 startStep=18 endStep=24
2023-11-03,18,22,dswrf_to_lead_minus2,DSM,OK,short_name=sdswrf units=W m**-2 startStep=18 endStep=22
2023-09-30,18,24,dswrf_to_lead,DSM,OK,short_name=sdswrf units=W m**-2 startStep=18 endStep=24
2023-09-30,18,22,dswrf_to_lead_minus2,DSM,OK,short_name=sdswrf units=W m**-2 startStep=18 endStep=22
2023-11-10,18,24,dswrf_to_lead,DSM,OK,short_name=sdswrf units=W m**-2 startStep=18 endStep=24
2023-11-10,18,22,dswrf_to_lead_minus2,DSM,OK,short_name=sdswrf units=W m**-2 startStep=18 endStep=22
2023-11-07,18,24,dswrf_to_lead,DSM,OK,short_name=sdswrf units=W m**-2 startStep=18 endStep=24
2023-11-07,18,22,dswrf_to_lead_minus2,DSM,OK,short_name=sdswrf units=W m**-2 startStep=18 endStep=22
2023-10-23,18,24,dswrf_to_lead,DSM,OK,short_name=sdswrf units=W m**-2 startStep=18 endStep=24
2023-10-23,18,22,dswrf_to_lead_minus2,DSM,OK,short_name=sdswrf units=W m**-2 startStep=18 endStep=22
2023-10-05,18,24,dswrf_to_lead,DSM,OK,short_name=sdswrf units=W m**-2 startStep=18 endStep=24
2023-10-05,18,22,dswrf_to_lead_minus2,DSM,OK,short_name=sdswrf units=W m**-2 startStep=18 endStep=22
2023-11-18,18,24,dswrf_to_lead,DSM,OK,short_name=sdswrf units=W m**-2 startStep=18 endStep=24
2023-11-18,18,22,dswrf_to_lead_minus2,DSM,OK,short_name=sdswrf units=W m**-2 startStep=18 endStep=22
2023-11-11,18,24,dswrf_to_lead,DSM,OK,short_name=sdswrf units=W m**-2 startStep=18 endStep=24
2023-11-11,18,22,dswrf_to_lead_minus2,DSM,OK,short_name=sdswrf units=W m**-2 startStep=18 endStep=22
2023-11-14,18,24,dswrf_to_lead,DSM,OK,short_name=sdswrf units=W m**-2 startStep=18 endStep=24
2023-11-14,18,22,dswrf_to_lead_minus2,DSM,OK,short_name=sdswrf units=W m**-2 startStep=18 endStep=22
2023-10-07,18,24,dswrf_to_lead,DSM,OK,short_name=sdswrf units=W m**-2 startStep=18 endStep=24
2023-10-07,18,22,dswrf_to_lead_minus2,DSM,OK,short_name=sdswrf units=W m**-2 startStep=18 endStep=22
2023-11-15,18,24,dswrf_to_lead,DSM,OK,short_name=sdswrf units=W m**-2 startStep=18 endStep=24
2023-11-15,18,22,dswrf_to_lead_minus2,DSM,OK,short_name=sdswrf units=W m**-2 startStep=18 endStep=22
2023-11-02,18,24,dswrf_to_lead,DSM,OK,short_name=sdswrf units=W m**-2 startStep=18 endStep=24
2023-11-02,18,22,dswrf_to_lead_minus2,DSM,OK,short_name=sdswrf units=W m**-2 startStep=18 endStep=22
2023-11-01,18,24,dswrf_to_lead,DSM,OK,short_name=sdswrf units=W m**-2 startStep=18 endStep=24
2023-11-01,18,22,dswrf_to_lead_minus2,DSM,OK,short_name=sdswrf units=W m**-2 startStep=18 endStep=22
2023-09-09,18,24,dswrf_to_lead,DSM,OK,short_name=sdswrf units=W m**-2 startStep=18 endStep=24
2023-09-09,18,22,dswrf_to_lead_minus2,DSM,OK,short_name=sdswrf units=W m**-2 startStep=18 endStep=22
2023-10-17,18,24,dswrf_to_lead,DSM,OK,short_name=sdswrf units=W m**-2 startStep=18 endStep=24
2023-10-17,18,22,dswrf_to_lead_minus2,DSM,OK,short_name=sdswrf units=W m**-2 startStep=18 endStep=22
2023-10-21,18,24,dswrf_to_lead,DSM,OK,short_name=sdswrf units=W m**-2 startStep=18 endStep=24
2023-10-21,18,22,dswrf_to_lead_minus2,DSM,OK,short_name=sdswrf units=W m**-2 startStep=18 endStep=22
2023-11-19,18,24,dswrf_to_lead,DSM,OK,short_name=sdswrf units=W m**-2 startStep=18 endStep=24
2023-11-19,18,22,dswrf_to_lead_minus2,DSM,OK,short_name=sdswrf units=W m**-2 startStep=18 endStep=22
2023-11-05,18,24,dswrf_to_lead,DSM,OK,short_name=sdswrf units=W m**-2 startStep=18 endStep=24
2023-11-05,18,22,dswrf_to_lead_minus2,DSM,OK,short_name=sdswrf units=W m**-2 startStep=18 endStep=22
2023-10-28,18,24,dswrf_to_lead,DSM,OK,short_name=sdswrf units=W m**-2 startStep=18 endStep=24
2023-10-28,18,22,dswrf_to_lead_minus2,DSM,OK,short_name=sdswrf units=W m**-2 startStep=18 endStep=22
2023-12-04,18,24,dswrf_to_lead,DSM,OK,short_name=sdswrf units=W m**-2 startStep=18 endStep=24
2023-12-04,18,22,dswrf_to_lead_minus2,DSM,OK,short_name=sdswrf units=W m**-2 startStep=18 endStep=22
2023-11-21,18,24,dswrf_to_lead,DSM,OK,short_name=sdswrf units=W m**-2 startStep=18 endStep=24
2023-11-21,18,22,dswrf_to_lead_minus2,DSM,OK,short_name=sdswrf units=W m**-2 startStep=18 endStep=22
2023-11-17,18,24,dswrf_to_lead,DSM,OK,short_name=sdswrf units=W m**-2 startStep=18 endStep=24
2023-11-17,18,22,dswrf_to_lead_minus2,DSM,OK,short_name=sdswrf units=W m**-2 startStep=18 endStep=22
2023-10-26,18,24,dswrf_to_lead,DSM,OK,short_name=sdswrf units=W m**-2 startStep=18 endStep=24
2023-10-26,18,22,dswrf_to_lead_minus2,DSM,OK,short_name=sdswrf units=W m**-2 startStep=18 endStep=22
2023-12-10,18,24,dswrf_to_lead,DSM,OK,short_name=sdswrf units=W m**-2 startStep=18 endStep=24
2023-12-10,18,22,dswrf_to_lead_minus2,DSM,OK,short_name=sdswrf units=W m**-2 startStep=18 endStep=22
2023-12-02,18,24,dswrf_to_lead,DSM,OK,short_name=sdswrf units=W m**-2 startStep=18 endStep=24
2023-12-02,18,22,dswrf_to_lead_minus2,DSM,OK,short_name=sdswrf units=W m**-2 startStep=18 endStep=22
2023-10-02,18,24,dswrf_to_lead,DSM,OK,short_name=sdswrf units=W m**-2 startStep=18 endStep=24
2023-10-02,18,22,dswrf_to_lead_minus2,DSM,OK,short_name=sdswrf units=W m**-2 startStep=18 endStep=22
2023-12-03,18,24,dswrf_to_lead,DSM,OK,short_name=sdswrf units=W m**-2 startStep=18 endStep=24
2023-12-03,18,22,dswrf_to_lead_minus2,DSM,OK,short_name=sdswrf units=W m**-2 startStep=18 endStep=22
2023-10-03,18,24,dswrf_to_lead,DSM,OK,short_name=sdswrf units=W m**-2 startStep=18 endStep=24
2023-10-03,18,22,dswrf_to_lead_minus2,DSM,OK,short_name=sdswrf units=W m**-2 startStep=18 endStep=22
2023-11-27,18,24,dswrf_to_lead,DSM,OK,short_name=sdswrf units=W m**-2 startStep=18 endStep=24
2023-11-27,18,22,dswrf_to_lead_minus2,DSM,OK,short_name=sdswrf units=W m**-2 startStep=18 endStep=22
2023-10-22,18,24,dswrf_to_lead,DSM,OK,short_name=sdswrf units=W m**-2 startStep=18 endStep=24
2023-10-22,18,22,dswrf_to_lead_minus2,DSM,OK,short_name=sdswrf units=W m**-2 startStep=18 endStep=22
2023-10-20,18,24,dswrf_to_lead,DSM,OK,short_name=sdswrf units=W m**-2 startStep=18 endStep=24
2023-10-20,18,22,dswrf_to_lead_minus2,DSM,OK,short_name=sdswrf units=W m**-2 startStep=18 endStep=22
2023-11-04,18,24,dswrf_to_lead,DSM,OK,short_name=sdswrf units=W m**-2 startStep=18 endStep=24
2023-11-04,18,22,dswrf_to_lead_minus2,DSM,OK,short_name=sdswrf units=W m**-2 startStep=18 endStep=22
2023-12-13,18,24,dswrf_to_lead,DSM,OK,short_name=sdswrf units=W m**-2 startStep=18 endStep=24
2023-12-13,18,22,dswrf_to_lead_minus2,DSM,OK,short_name=sdswrf units=W m**-2 startStep=18 endStep=22
2023-11-20,18,24,dswrf_to_lead,DSM,OK,short_name=sdswrf units=W m**-2 startStep=18 endStep=24
2023-11-20,18,22,dswrf_to_lead_minus2,DSM,OK,short_name=sdswrf units=W m**-2 startStep=18 endStep=22
2023-11-29,18,24,dswrf_to_lead,DSM,OK,short_name=sdswrf units=W m**-2 startStep=18 endStep=24
2023-11-29,18,22,dswrf_to_lead_minus2,DSM,OK,short_name=sdswrf units=W m**-2 startStep=18 endStep=22
2023-10-29,18,24,dswrf_to_lead,DSM,OK,short_name=sdswrf units=W m**-2 startStep=18 endStep=24
2023-10-29,18,22,dswrf_to_lead_minus2,DSM,OK,short_name=sdswrf units=W m**-2 startStep=18 endStep=22
2023-11-22,18,24,dswrf_to_lead,DSM,OK,short_name=sdswrf units=W m**-2 startStep=18 endStep=24
2023-11-22,18,22,dswrf_to_lead_minus2,DSM,OK,short_name=sdswrf units=W m**-2 startStep=18 endStep=22
2023-11-13,18,24,dswrf_to_lead,DSM,OK,short_name=sdswrf units=W m**-2 startStep=18 endStep=24
2023-11-13,18,22,dswrf_to_lead_minus2,DSM,OK,short_name=sdswrf units=W m**-2 startStep=18 endStep=22
2023-12-08,18,24,dswrf_to_lead,DSM,OK,short_name=sdswrf units=W m**-2 startStep=18 endStep=24
2023-12-08,18,22,dswrf_to_lead_minus2,DSM,OK,short_name=sdswrf units=W m**-2 startStep=18 endStep=22
2023-12-01,18,24,dswrf_to_lead,DSM,OK,short_name=sdswrf units=W m**-2 startStep=18 endStep=24
2023-12-01,18,22,dswrf_to_lead_minus2,DSM,OK,short_name=sdswrf units=W m**-2 startStep=18 endStep=22
2023-12-21,18,24,dswrf_to_lead,DSM,OK,short_name=sdswrf units=W m**-2 startStep=18 endStep=24
2023-12-21,18,22,dswrf_to_lead_minus2,DSM,OK,short_name=sdswrf units=W m**-2 startStep=18 endStep=22
2023-10-31,18,24,dswrf_to_lead,DSM,OK,short_name=sdswrf units=W m**-2 startStep=18 endStep=24
2023-10-31,18,22,dswrf_to_lead_minus2,DSM,OK,short_name=sdswrf units=W m**-2 startStep=18 endStep=22
2023-11-16,18,24,dswrf_to_lead,DSM,OK,short_name=sdswrf units=W m**-2 startStep=18 endStep=24
2023-11-16,18,22,dswrf_to_lead_minus2,DSM,OK,short_name=sdswrf units=W m**-2 startStep=18 endStep=22
2023-12-22,18,24,dswrf_to_lead,DSM,OK,short_name=sdswrf units=W m**-2 startStep=18 endStep=24
2023-12-22,18,22,dswrf_to_lead_minus2,DSM,OK,short_name=sdswrf units=W m**-2 startStep=18 endStep=22
2023-11-24,18,24,dswrf_to_lead,DSM,OK,short_name=sdswrf units=W m**-2 startStep=18 endStep=24
2023-11-24,18,22,dswrf_to_lead_minus2,DSM,OK,short_name=sdswrf units=W m**-2 startStep=18 endStep=22
2023-12-06,18,24,dswrf_to_lead,DSM,OK,short_name=sdswrf units=W m**-2 startStep=18 endStep=24
2023-12-06,18,22,dswrf_to_lead_minus2,DSM,OK,short_name=sdswrf units=W m**-2 startStep=18 endStep=22
2023-12-20,18,24,dswrf_to_lead,DSM,OK,short_name=sdswrf units=W m**-2 startStep=18 endStep=24
2023-12-20,18,22,dswrf_to_lead_minus2,DSM,OK,short_name=sdswrf units=W m**-2 startStep=18 endStep=22
2023-12-30,18,24,dswrf_to_lead,DSM,OK,short_name=sdswrf units=W m**-2 startStep=18 endStep=24
2023-12-30,18,22,dswrf_to_lead_minus2,DSM,OK,short_name=sdswrf units=W m**-2 startStep=18 endStep=22
2023-12-07,18,24,dswrf_to_lead,DSM,OK,short_name=sdswrf units=W m**-2 startStep=18 endStep=24
2023-12-07,18,22,dswrf_to_lead_minus2,DSM,OK,short_name=sdswrf units=W m**-2 startStep=18 endStep=22
2024-01-12,18,24,dswrf_to_lead,DSM,OK,short_name=sdswrf units=W m**-2 startStep=18 endStep=24
2024-01-12,18,22,dswrf_to_lead_minus2,DSM,OK,short_name=sdswrf units=W m**-2 startStep=18 endStep=22
2023-11-26,18,24,dswrf_to_lead,DSM,OK,short_name=sdswrf units=W m**-2 startStep=18 endStep=24
2023-11-26,18,22,dswrf_to_lead_minus2,DSM,OK,short_name=sdswrf units=W m**-2 startStep=18 endStep=22
2023-11-25,18,24,dswrf_to_lead,DSM,OK,short_name=sdswrf units=W m**-2 startStep=18 endStep=24
2023-11-25,18,22,dswrf_to_lead_minus2,DSM,OK,short_name=sdswrf units=W m**-2 startStep=18 endStep=22
2023-12-11,18,24,dswrf_to_lead,DSM,OK,short_name=sdswrf units=W m**-2 startStep=18 endStep=24
2023-12-11,18,22,dswrf_to_lead_minus2,DSM,OK,short_name=sdswrf units=W m**-2 startStep=18 endStep=22
2024-01-10,18,24,dswrf_to_lead,DSM,OK,short_name=sdswrf units=W m**-2 startStep=18 endStep=24
2024-01-10,18,22,dswrf_to_lead_minus2,DSM,OK,short_name=sdswrf units=W m**-2 startStep=18 endStep=22
2024-01-02,18,24,dswrf_to_lead,DSM,OK,short_name=sdswrf units=W m**-2 startStep=18 endStep=24
2024-01-02,18,22,dswrf_to_lead_minus2,DSM,OK,short_name=sdswrf units=W m**-2 startStep=18 endStep=22
2023-12-31,18,24,dswrf_to_lead,DSM,OK,short_name=sdswrf units=W m**-2 startStep=18 endStep=24
2023-12-31,18,22,dswrf_to_lead_minus2,DSM,OK,short_name=sdswrf units=W m**-2 startStep=18 endStep=22
2023-12-05,18,24,dswrf_to_lead,DSM,OK,short_name=sdswrf units=W m**-2 startStep=18 endStep=24
2023-12-05,18,22,dswrf_to_lead_minus2,DSM,OK,short_name=sdswrf units=W m**-2 startStep=18 endStep=22
2024-01-22,18,24,dswrf_to_lead,DSM,OK,short_name=sdswrf units=W m**-2 startStep=18 endStep=24
2024-01-22,18,22,dswrf_to_lead_minus2,DSM,OK,short_name=sdswrf units=W m**-2 startStep=18 endStep=22
2023-12-12,18,24,dswrf_to_lead,DSM,OK,short_name=sdswrf units=W m**-2 startStep=18 endStep=24
2023-12-12,18,22,dswrf_to_lead_minus2,DSM,OK,short_name=sdswrf units=W m**-2 startStep=18 endStep=22
2023-12-15,18,24,dswrf_to_lead,DSM,OK,short_name=sdswrf units=W m**-2 startStep=18 endStep=24
2023-12-15,18,22,dswrf_to_lead_minus2,DSM,OK,short_name=sdswrf units=W m**-2 startStep=18 endStep=22
2024-01-25,18,24,dswrf_to_lead,DSM,OK,short_name=sdswrf units=W m**-2 startStep=18 endStep=24
2024-01-25,18,22,dswrf_to_lead_minus2,DSM,OK,short_name=sdswrf units=W m**-2 startStep=18 endStep=22
2023-12-24,18,24,dswrf_to_lead,DSM,OK,short_name=sdswrf units=W m**-2 startStep=18 endStep=24
2023-12-24,18,22,dswrf_to_lead_minus2,DSM,OK,short_name=sdswrf units=W m**-2 startStep=18 endStep=22
2024-01-09,18,24,dswrf_to_lead,DSM,OK,short_name=sdswrf units=W m**-2 startStep=18 endStep=24
2024-01-09,18,22,dswrf_to_lead_minus2,DSM,OK,short_name=sdswrf units=W m**-2 startStep=18 endStep=22
2024-01-16,18,24,dswrf_to_lead,DSM,OK,short_name=sdswrf units=W m**-2 startStep=18 endStep=24
2024-01-16,18,22,dswrf_to_lead_minus2,DSM,OK,short_name=sdswrf units=W m**-2 startStep=18 endStep=22
2023-11-28,18,24,dswrf_to_lead,DSM,OK,short_name=sdswrf units=W m**-2 startStep=18 endStep=24
2023-11-28,18,22,dswrf_to_lead_minus2,DSM,OK,short_name=sdswrf units=W m**-2 startStep=18 endStep=22
2023-12-16,18,24,dswrf_to_lead,DSM,OK,short_name=sdswrf units=W m**-2 startStep=18 endStep=24
2023-12-16,18,22,dswrf_to_lead_minus2,DSM,OK,short_name=sdswrf units=W m**-2 startStep=18 endStep=22
2024-01-24,18,24,dswrf_to_lead,DSM,OK,short_name=sdswrf units=W m**-2 startStep=18 endStep=24
2024-01-24,18,22,dswrf_to_lead_minus2,DSM,OK,short_name=sdswrf units=W m**-2 startStep=18 endStep=22
2024-01-07,18,24,dswrf_to_lead,DSM,OK,short_name=sdswrf units=W m**-2 startStep=18 endStep=24
2024-01-07,18,22,dswrf_to_lead_minus2,DSM,OK,short_name=sdswrf units=W m**-2 startStep=18 endStep=22
2024-01-08,18,24,dswrf_to_lead,DSM,OK,short_name=sdswrf units=W m**-2 startStep=18 endStep=24
2024-01-08,18,22,dswrf_to_lead_minus2,DSM,OK,short_name=sdswrf units=W m**-2 startStep=18 endStep=22
2024-01-29,18,24,dswrf_to_lead,DSM,OK,short_name=sdswrf units=W m**-2 startStep=18 endStep=24
2024-01-29,18,22,dswrf_to_lead_minus2,DSM,OK,short_name=sdswrf units=W m**-2 startStep=18 endStep=22
2023-12-17,18,24,dswrf_to_lead,DSM,OK,short_name=sdswrf units=W m**-2 startStep=18 endStep=24
2023-12-17,18,22,dswrf_to_lead_minus2,DSM,OK,short_name=sdswrf units=W m**-2 startStep=18 endStep=22
2024-01-11,18,24,dswrf_to_lead,DSM,OK,short_name=sdswrf units=W m**-2 startStep=18 endStep=24
2024-01-11,18,22,dswrf_to_lead_minus2,DSM,OK,short_name=sdswrf units=W m**-2 startStep=18 endStep=22
2023-12-29,18,24,dswrf_to_lead,DSM,OK,short_name=sdswrf units=W m**-2 startStep=18 endStep=24
2023-12-29,18,22,dswrf_to_lead_minus2,DSM,OK,short_name=sdswrf units=W m**-2 startStep=18 endStep=22
2023-12-09,18,24,dswrf_to_lead,DSM,OK,short_name=sdswrf units=W m**-2 startStep=18 endStep=24
2023-12-09,18,22,dswrf_to_lead_minus2,DSM,OK,short_name=sdswrf units=W m**-2 startStep=18 endStep=22
2024-01-03,18,24,dswrf_to_lead,DSM,OK,short_name=sdswrf units=W m**-2 startStep=18 endStep=24
2024-01-03,18,22,dswrf_to_lead_minus2,DSM,OK,short_name=sdswrf units=W m**-2 startStep=18 endStep=22
2024-01-30,18,24,dswrf_to_lead,DSM,OK,short_name=sdswrf units=W m**-2 startStep=18 endStep=24
2024-01-30,18,22,dswrf_to_lead_minus2,DSM,OK,short_name=sdswrf units=W m**-2 startStep=18 endStep=22
2023-12-26,18,24,dswrf_to_lead,DSM,OK,short_name=sdswrf units=W m**-2 startStep=18 endStep=24
2023-12-26,18,22,dswrf_to_lead_minus2,DSM,OK,short_name=sdswrf units=W m**-2 startStep=18 endStep=22
2023-11-23,18,24,dswrf_to_lead,DSM,OK,short_name=sdswrf units=W m**-2 startStep=18 endStep=24
2023-11-23,18,22,dswrf_to_lead_minus2,DSM,OK,short_name=sdswrf units=W m**-2 startStep=18 endStep=22
2023-12-19,18,24,dswrf_to_lead,DSM,OK,short_name=sdswrf units=W m**-2 startStep=18 endStep=24
2023-12-19,18,22,dswrf_to_lead_minus2,DSM,OK,short_name=sdswrf units=W m**-2 startStep=18 endStep=22
2024-01-15,18,24,dswrf_to_lead,DSM,OK,short_name=sdswrf units=W m**-2 startStep=18 endStep=24
2024-01-15,18,22,dswrf_to_lead_minus2,DSM,OK,short_name=sdswrf units=W m**-2 startStep=18 endStep=22
2024-01-23,18,24,dswrf_to_lead,DSM,OK,short_name=sdswrf units=W m**-2 startStep=18 endStep=24
2024-01-23,18,22,dswrf_to_lead_minus2,DSM,OK,short_name=sdswrf units=W m**-2 startStep=18 endStep=22
2024-01-21,18,24,dswrf_to_lead,DSM,OK,short_name=sdswrf units=W m**-2 startStep=18 endStep=24
2024-01-21,18,22,dswrf_to_lead_minus2,DSM,OK,short_name=sdswrf units=W m**-2 startStep=18 endStep=22
2023-12-28,18,24,dswrf_to_lead,DSM,OK,short_name=sdswrf units=W m**-2 startStep=18 endStep=24
2023-12-28,18,22,dswrf_to_lead_minus2,DSM,OK,short_name=sdswrf units=W m**-2 startStep=18 endStep=22
2024-02-01,18,24,dswrf_to_lead,DSM,OK,short_name=sdswrf units=W m**-2 startStep=18 endStep=24
2024-02-01,18,22,dswrf_to_lead_minus2,DSM,OK,short_name=sdswrf units=W m**-2 startStep=18 endStep=22
2023-12-14,18,24,dswrf_to_lead,DSM,OK,short_name=sdswrf units=W m**-2 startStep=18 endStep=24
2023-12-14,18,22,dswrf_to_lead_minus2,DSM,OK,short_name=sdswrf units=W m**-2 startStep=18 endStep=22
2024-01-18,18,24,dswrf_to_lead,DSM,OK,short_name=sdswrf units=W m**-2 startStep=18 endStep=24
2024-01-18,18,22,dswrf_to_lead_minus2,DSM,OK,short_name=sdswrf units=W m**-2 startStep=18 endStep=22
2024-01-28,18,24,dswrf_to_lead,DSM,OK,short_name=sdswrf units=W m**-2 startStep=18 endStep=24
2024-01-28,18,22,dswrf_to_lead_minus2,DSM,OK,short_name=sdswrf units=W m**-2 startStep=18 endStep=22
2023-12-18,18,24,dswrf_to_lead,DSM,OK,short_name=sdswrf units=W m**-2 startStep=18 endStep=24
2023-12-18,18,22,dswrf_to_lead_minus2,DSM,OK,short_name=sdswrf units=W m**-2 startStep=18 endStep=22
2023-12-23,18,24,dswrf_to_lead,DSM,OK,short_name=sdswrf units=W m**-2 startStep=18 endStep=24
2023-12-23,18,22,dswrf_to_lead_minus2,DSM,OK,short_name=sdswrf units=W m**-2 startStep=18 endStep=22
2024-01-04,18,24,dswrf_to_lead,DSM,OK,short_name=sdswrf units=W m**-2 startStep=18 endStep=24
2024-01-04,18,22,dswrf_to_lead_minus2,DSM,OK,short_name=sdswrf units=W m**-2 startStep=18 endStep=22
2024-02-06,18,24,dswrf_to_lead,DSM,OK,short_name=sdswrf units=W m**-2 startStep=18 endStep=24
2024-02-06,18,22,dswrf_to_lead_minus2,DSM,OK,short_name=sdswrf units=W m**-2 startStep=18 endStep=22
2024-01-05,18,24,dswrf_to_lead,DSM,OK,short_name=sdswrf units=W m**-2 startStep=18 endStep=24
2024-01-05,18,22,dswrf_to_lead_minus2,DSM,OK,short_name=sdswrf units=W m**-2 startStep=18 endStep=22
2024-01-01,18,24,dswrf_to_lead,DSM,OK,short_name=sdswrf units=W m**-2 startStep=18 endStep=24
2024-01-01,18,22,dswrf_to_lead_minus2,DSM,OK,short_name=sdswrf units=W m**-2 startStep=18 endStep=22
2024-02-11,18,24,dswrf_to_lead,DSM,OK,short_name=sdswrf units=W m**-2 startStep=18 endStep=24
2024-02-11,18,22,dswrf_to_lead_minus2,DSM,OK,short_name=sdswrf units=W m**-2 startStep=18 endStep=22
2024-02-02,18,24,dswrf_to_lead,DSM,OK,short_name=sdswrf units=W m**-2 startStep=18 endStep=24
2024-02-02,18,22,dswrf_to_lead_minus2,DSM,OK,short_name=sdswrf units=W m**-2 startStep=18 endStep=22
2024-01-19,18,24,dswrf_to_lead,DSM,OK,short_name=sdswrf units=W m**-2 startStep=18 endStep=24
2024-01-19,18,22,dswrf_to_lead_minus2,DSM,OK,short_name=sdswrf units=W m**-2 startStep=18 endStep=22
2024-02-04,18,24,dswrf_to_lead,DSM,OK,short_name=sdswrf units=W m**-2 startStep=18 endStep=24
2024-02-04,18,22,dswrf_to_lead_minus2,DSM,OK,short_name=sdswrf units=W m**-2 startStep=18 endStep=22
2024-01-26,18,24,dswrf_to_lead,DSM,OK,short_name=sdswrf units=W m**-2 startStep=18 endStep=24
2024-01-26,18,22,dswrf_to_lead_minus2,DSM,OK,short_name=sdswrf units=W m**-2 startStep=18 endStep=22
2023-11-30,18,24,dswrf_to_lead,DSM,OK,short_name=sdswrf units=W m**-2 startStep=18 endStep=24
2023-11-30,18,22,dswrf_to_lead_minus2,DSM,OK,short_name=sdswrf units=W m**-2 startStep=18 endStep=22
2024-02-13,18,24,dswrf_to_lead,DSM,OK,short_name=sdswrf units=W m**-2 startStep=18 endStep=24
2024-02-13,18,22,dswrf_to_lead_minus2,DSM,OK,short_name=sdswrf units=W m**-2 startStep=18 endStep=22
2024-02-03,18,24,dswrf_to_lead,DSM,OK,short_name=sdswrf units=W m**-2 startStep=18 endStep=24
2024-02-03,18,22,dswrf_to_lead_minus2,DSM,OK,short_name=sdswrf units=W m**-2 startStep=18 endStep=22
2023-12-25,18,24,dswrf_to_lead,DSM,OK,short_name=sdswrf units=W m**-2 startStep=18 endStep=24
2023-12-25,18,22,dswrf_to_lead_minus2,DSM,OK,short_name=sdswrf units=W m**-2 startStep=18 endStep=22
2024-02-16,18,24,dswrf_to_lead,DSM,OK,short_name=sdswrf units=W m**-2 startStep=18 endStep=24
2024-02-16,18,22,dswrf_to_lead_minus2,DSM,OK,short_name=sdswrf units=W m**-2 startStep=18 endStep=22
2024-02-08,18,24,dswrf_to_lead,DSM,OK,short_name=sdswrf units=W m**-2 startStep=18 endStep=24
2024-02-08,18,22,dswrf_to_lead_minus2,DSM,OK,short_name=sdswrf units=W m**-2 startStep=18 endStep=22
2024-02-15,18,24,dswrf_to_lead,DSM,OK,short_name=sdswrf units=W m**-2 startStep=18 endStep=24
2024-02-15,18,22,dswrf_to_lead_minus2,DSM,OK,short_name=sdswrf units=W m**-2 startStep=18 endStep=22
2024-01-27,18,24,dswrf_to_lead,DSM,OK,short_name=sdswrf units=W m**-2 startStep=18 endStep=24
2024-01-27,18,22,dswrf_to_lead_minus2,DSM,OK,short_name=sdswrf units=W m**-2 startStep=18 endStep=22
2023-12-27,18,24,dswrf_to_lead,DSM,OK,short_name=sdswrf units=W m**-2 startStep=18 endStep=24
2023-12-27,18,22,dswrf_to_lead_minus2,DSM,OK,short_name=sdswrf units=W m**-2 startStep=18 endStep=22
2024-03-03,18,24,dswrf_to_lead,DSM,OK,short_name=sdswrf units=W m**-2 startStep=18 endStep=24
2024-03-03,18,22,dswrf_to_lead_minus2,DSM,OK,short_name=sdswrf units=W m**-2 startStep=18 endStep=22
2024-02-14,18,24,dswrf_to_lead,DSM,OK,short_name=sdswrf units=W m**-2 startStep=18 endStep=24
2024-02-14,18,22,dswrf_to_lead_minus2,DSM,OK,short_name=sdswrf units=W m**-2 startStep=18 endStep=22
2024-02-28,18,24,dswrf_to_lead,DSM,OK,short_name=sdswrf units=W m**-2 startStep=18 endStep=24
2024-02-28,18,22,dswrf_to_lead_minus2,DSM,OK,short_name=sdswrf units=W m**-2 startStep=18 endStep=22
2024-03-01,18,24,dswrf_to_lead,DSM,OK,short_name=sdswrf units=W m**-2 startStep=18 endStep=24
2024-03-01,18,22,dswrf_to_lead_minus2,DSM,OK,short_name=sdswrf units=W m**-2 startStep=18 endStep=22
2024-03-04,18,24,dswrf_to_lead,DSM,OK,short_name=sdswrf units=W m**-2 startStep=18 endStep=24
2024-03-04,18,22,dswrf_to_lead_minus2,DSM,OK,short_name=sdswrf units=W m**-2 startStep=18 endStep=22
2024-03-09,18,24,dswrf_to_lead,DSM,OK,short_name=sdswrf units=W m**-2 startStep=18 endStep=24
2024-03-09,18,22,dswrf_to_lead_minus2,DSM,OK,short_name=sdswrf units=W m**-2 startStep=18 endStep=22
2024-03-05,18,24,dswrf_to_lead,DSM,OK,short_name=sdswrf units=W m**-2 startStep=18 endStep=24
2024-03-05,18,22,dswrf_to_lead_minus2,DSM,OK,short_name=sdswrf units=W m**-2 startStep=18 endStep=22
2024-03-08,18,24,dswrf_to_lead,DSM,OK,short_name=sdswrf units=W m**-2 startStep=18 endStep=24
2024-03-08,18,22,dswrf_to_lead_minus2,DSM,OK,short_name=sdswrf units=W m**-2 startStep=18 endStep=22
2024-01-06,18,24,dswrf_to_lead,DSM,OK,short_name=sdswrf units=W m**-2 startStep=18 endStep=24
2024-01-06,18,22,dswrf_to_lead_minus2,DSM,OK,short_name=sdswrf units=W m**-2 startStep=18 endStep=22
2024-01-31,18,24,dswrf_to_lead,DSM,OK,short_name=sdswrf units=W m**-2 startStep=18 endStep=24
2024-01-31,18,22,dswrf_to_lead_minus2,DSM,OK,short_name=sdswrf units=W m**-2 startStep=18 endStep=22
2024-02-20,18,24,dswrf_to_lead,DSM,OK,short_name=sdswrf units=W m**-2 startStep=18 endStep=24
2024-02-20,18,22,dswrf_to_lead_minus2,DSM,OK,short_name=sdswrf units=W m**-2 startStep=18 endStep=22
2024-01-20,18,24,dswrf_to_lead,DSM,OK,short_name=sdswrf units=W m**-2 startStep=18 endStep=24
2024-01-20,18,22,dswrf_to_lead_minus2,DSM,OK,short_name=sdswrf units=W m**-2 startStep=18 endStep=22
2024-01-13,18,24,dswrf_to_lead,DSM,OK,short_name=sdswrf units=W m**-2 startStep=18 endStep=24
2024-01-13,18,22,dswrf_to_lead_minus2,DSM,OK,short_name=sdswrf units=W m**-2 startStep=18 endStep=22
2024-03-15,18,24,dswrf_to_lead,DSM,OK,short_name=sdswrf units=W m**-2 startStep=18 endStep=24
2024-03-15,18,22,dswrf_to_lead_minus2,DSM,OK,short_name=sdswrf units=W m**-2 startStep=18 endStep=22
2024-02-27,18,24,dswrf_to_lead,DSM,OK,short_name=sdswrf units=W m**-2 startStep=18 endStep=24
2024-02-27,18,22,dswrf_to_lead_minus2,DSM,OK,short_name=sdswrf units=W m**-2 startStep=18 endStep=22
2024-02-26,18,24,dswrf_to_lead,DSM,OK,short_name=sdswrf units=W m**-2 startStep=18 endStep=24
2024-02-26,18,22,dswrf_to_lead_minus2,DSM,OK,short_name=sdswrf units=W m**-2 startStep=18 endStep=22
2024-02-17,18,24,dswrf_to_lead,DSM,OK,short_name=sdswrf units=W m**-2 startStep=18 endStep=24
2024-02-17,18,22,dswrf_to_lead_minus2,DSM,OK,short_name=sdswrf units=W m**-2 startStep=18 endStep=22
2024-03-11,18,24,dswrf_to_lead,DSM,OK,short_name=sdswrf units=W m**-2 startStep=18 endStep=24
2024-03-11,18,22,dswrf_to_lead_minus2,DSM,OK,short_name=sdswrf units=W m**-2 startStep=18 endStep=22
2024-01-17,18,24,dswrf_to_lead,DSM,OK,short_name=sdswrf units=W m**-2 startStep=18 endStep=24
2024-01-17,18,22,dswrf_to_lead_minus2,DSM,OK,short_name=sdswrf units=W m**-2 startStep=18 endStep=22
2024-03-24,18,24,dswrf_to_lead,DSM,OK,short_name=sdswrf units=W m**-2 startStep=18 endStep=24
2024-03-24,18,22,dswrf_to_lead_minus2,DSM,OK,short_name=sdswrf units=W m**-2 startStep=18 endStep=22
2024-03-16,18,24,dswrf_to_lead,DSM,OK,short_name=sdswrf units=W m**-2 startStep=18 endStep=24
2024-03-16,18,22,dswrf_to_lead_minus2,DSM,OK,short_name=sdswrf units=W m**-2 startStep=18 endStep=22
2024-02-18,18,24,dswrf_to_lead,DSM,OK,short_name=sdswrf units=W m**-2 startStep=18 endStep=24
2024-02-18,18,22,dswrf_to_lead_minus2,DSM,OK,short_name=sdswrf units=W m**-2 startStep=18 endStep=22
2024-02-24,18,24,dswrf_to_lead,DSM,OK,short_name=sdswrf units=W m**-2 startStep=18 endStep=24
2024-02-24,18,22,dswrf_to_lead_minus2,DSM,OK,short_name=sdswrf units=W m**-2 startStep=18 endStep=22
2024-03-17,18,24,dswrf_to_lead,DSM,OK,short_name=sdswrf units=W m**-2 startStep=18 endStep=24
2024-03-17,18,22,dswrf_to_lead_minus2,DSM,OK,short_name=sdswrf units=W m**-2 startStep=18 endStep=22
2024-02-10,18,24,dswrf_to_lead,DSM,OK,short_name=sdswrf units=W m**-2 startStep=18 endStep=24
2024-02-10,18,22,dswrf_to_lead_minus2,DSM,OK,short_name=sdswrf units=W m**-2 startStep=18 endStep=22
2024-03-13,18,24,dswrf_to_lead,DSM,OK,short_name=sdswrf units=W m**-2 startStep=18 endStep=24
2024-03-13,18,22,dswrf_to_lead_minus2,DSM,OK,short_name=sdswrf units=W m**-2 startStep=18 endStep=22
2024-02-05,18,24,dswrf_to_lead,DSM,OK,short_name=sdswrf units=W m**-2 startStep=18 endStep=24
2024-02-05,18,22,dswrf_to_lead_minus2,DSM,OK,short_name=sdswrf units=W m**-2 startStep=18 endStep=22
2024-02-09,18,24,dswrf_to_lead,DSM,OK,short_name=sdswrf units=W m**-2 startStep=18 endStep=24
2024-02-09,18,22,dswrf_to_lead_minus2,DSM,OK,short_name=sdswrf units=W m**-2 startStep=18 endStep=22
2024-03-07,18,24,dswrf_to_lead,DSM,OK,short_name=sdswrf units=W m**-2 startStep=18 endStep=24
2024-03-07,18,22,dswrf_to_lead_minus2,DSM,OK,short_name=sdswrf units=W m**-2 startStep=18 endStep=22
2024-03-20,18,24,dswrf_to_lead,DSM,OK,short_name=sdswrf units=W m**-2 startStep=18 endStep=24
2024-03-20,18,22,dswrf_to_lead_minus2,DSM,OK,short_name=sdswrf units=W m**-2 startStep=18 endStep=22
2024-02-12,18,24,dswrf_to_lead,DSM,OK,short_name=sdswrf units=W m**-2 startStep=18 endStep=24
2024-02-12,18,22,dswrf_to_lead_minus2,DSM,OK,short_name=sdswrf units=W m**-2 startStep=18 endStep=22
2024-01-14,18,24,dswrf_to_lead,DSM,OK,short_name=sdswrf units=W m**-2 startStep=18 endStep=24
2024-01-14,18,22,dswrf_to_lead_minus2,DSM,OK,short_name=sdswrf units=W m**-2 startStep=18 endStep=22
2024-04-03,18,24,dswrf_to_lead,DSM,OK,short_name=sdswrf units=W m**-2 startStep=18 endStep=24
2024-04-03,18,22,dswrf_to_lead_minus2,DSM,OK,short_name=sdswrf units=W m**-2 startStep=18 endStep=22
2024-02-23,18,24,dswrf_to_lead,DSM,OK,short_name=sdswrf units=W m**-2 startStep=18 endStep=24
2024-02-23,18,22,dswrf_to_lead_minus2,DSM,OK,short_name=sdswrf units=W m**-2 startStep=18 endStep=22
2024-03-02,18,24,dswrf_to_lead,DSM,OK,short_name=sdswrf units=W m**-2 startStep=18 endStep=24
2024-03-02,18,22,dswrf_to_lead_minus2,DSM,OK,short_name=sdswrf units=W m**-2 startStep=18 endStep=22
2024-02-07,18,24,dswrf_to_lead,DSM,OK,short_name=sdswrf units=W m**-2 startStep=18 endStep=24
2024-02-07,18,22,dswrf_to_lead_minus2,DSM,OK,short_name=sdswrf units=W m**-2 startStep=18 endStep=22
2024-03-10,18,24,dswrf_to_lead,DSM,OK,short_name=sdswrf units=W m**-2 startStep=18 endStep=24
2024-03-10,18,22,dswrf_to_lead_minus2,DSM,OK,short_name=sdswrf units=W m**-2 startStep=18 endStep=22
2024-04-07,18,24,dswrf_to_lead,DSM,OK,short_name=sdswrf units=W m**-2 startStep=18 endStep=24
2024-04-07,18,22,dswrf_to_lead_minus2,DSM,OK,short_name=sdswrf units=W m**-2 startStep=18 endStep=22
2024-02-21,18,24,dswrf_to_lead,DSM,OK,short_name=sdswrf units=W m**-2 startStep=18 endStep=24
2024-02-21,18,22,dswrf_to_lead_minus2,DSM,OK,short_name=sdswrf units=W m**-2 startStep=18 endStep=22
2024-03-31,18,24,dswrf_to_lead,DSM,OK,short_name=sdswrf units=W m**-2 startStep=18 endStep=24
2024-03-31,18,22,dswrf_to_lead_minus2,DSM,OK,short_name=sdswrf units=W m**-2 startStep=18 endStep=22
2024-04-06,18,24,dswrf_to_lead,DSM,OK,short_name=sdswrf units=W m**-2 startStep=18 endStep=24
2024-04-06,18,22,dswrf_to_lead_minus2,DSM,OK,short_name=sdswrf units=W m**-2 startStep=18 endStep=22
2024-04-22,18,24,dswrf_to_lead,DSM,OK,short_name=sdswrf units=W m**-2 startStep=18 endStep=24
2024-04-22,18,22,dswrf_to_lead_minus2,DSM,OK,short_name=sdswrf units=W m**-2 startStep=18 endStep=22
2024-03-06,18,24,dswrf_to_lead,DSM,OK,short_name=sdswrf units=W m**-2 startStep=18 endStep=24
2024-03-06,18,22,dswrf_to_lead_minus2,DSM,OK,short_name=sdswrf units=W m**-2 startStep=18 endStep=22
2024-04-27,18,24,dswrf_to_lead,DSM,OK,short_name=sdswrf units=W m**-2 startStep=18 endStep=24
2024-04-27,18,22,dswrf_to_lead_minus2,DSM,OK,short_name=sdswrf units=W m**-2 startStep=18 endStep=22
2024-02-25,18,24,dswrf_to_lead,DSM,OK,short_name=sdswrf units=W m**-2 startStep=18 endStep=24
2024-02-25,18,22,dswrf_to_lead_minus2,DSM,OK,short_name=sdswrf units=W m**-2 startStep=18 endStep=22
2024-04-13,18,24,dswrf_to_lead,DSM,OK,short_name=sdswrf units=W m**-2 startStep=18 endStep=24
2024-04-13,18,22,dswrf_to_lead_minus2,DSM,OK,short_name=sdswrf units=W m**-2 startStep=18 endStep=22
2024-03-18,18,24,dswrf_to_lead,DSM,OK,short_name=sdswrf units=W m**-2 startStep=18 endStep=24
2024-03-18,18,22,dswrf_to_lead_minus2,DSM,OK,short_name=sdswrf units=W m**-2 startStep=18 endStep=22
2024-03-21,18,24,dswrf_to_lead,DSM,OK,short_name=sdswrf units=W m**-2 startStep=18 endStep=24
2024-03-21,18,22,dswrf_to_lead_minus2,DSM,OK,short_name=sdswrf units=W m**-2 startStep=18 endStep=22
2024-04-16,18,24,dswrf_to_lead,DSM,OK,short_name=sdswrf units=W m**-2 startStep=18 endStep=24
2024-04-16,18,22,dswrf_to_lead_minus2,DSM,OK,short_name=sdswrf units=W m**-2 startStep=18 endStep=22
2024-03-25,18,24,dswrf_to_lead,DSM,OK,short_name=sdswrf units=W m**-2 startStep=18 endStep=24
2024-03-25,18,22,dswrf_to_lead_minus2,DSM,OK,short_name=sdswrf units=W m**-2 startStep=18 endStep=22
2024-03-12,18,24,dswrf_to_lead,DSM,OK,short_name=sdswrf units=W m**-2 startStep=18 endStep=24
2024-03-12,18,22,dswrf_to_lead_minus2,DSM,OK,short_name=sdswrf units=W m**-2 startStep=18 endStep=22
2024-02-19,18,24,dswrf_to_lead,DSM,OK,short_name=sdswrf units=W m**-2 startStep=18 endStep=24
2024-02-19,18,22,dswrf_to_lead_minus2,DSM,OK,short_name=sdswrf units=W m**-2 startStep=18 endStep=22
2024-02-29,18,24,dswrf_to_lead,DSM,OK,short_name=sdswrf units=W m**-2 startStep=18 endStep=24
2024-02-29,18,22,dswrf_to_lead_minus2,DSM,OK,short_name=sdswrf units=W m**-2 startStep=18 endStep=22
2024-04-04,18,24,dswrf_to_lead,DSM,OK,short_name=sdswrf units=W m**-2 startStep=18 endStep=24
2024-04-04,18,22,dswrf_to_lead_minus2,DSM,OK,short_name=sdswrf units=W m**-2 startStep=18 endStep=22
2024-04-24,18,24,dswrf_to_lead,DSM,OK,short_name=sdswrf units=W m**-2 startStep=18 endStep=24
2024-04-24,18,22,dswrf_to_lead_minus2,DSM,OK,short_name=sdswrf units=W m**-2 startStep=18 endStep=22
2024-03-22,18,24,dswrf_to_lead,DSM,OK,short_name=sdswrf units=W m**-2 startStep=18 endStep=24
2024-03-22,18,22,dswrf_to_lead_minus2,DSM,OK,short_name=sdswrf units=W m**-2 startStep=18 endStep=22
2024-03-27,18,24,dswrf_to_lead,DSM,OK,short_name=sdswrf units=W m**-2 startStep=18 endStep=24
2024-03-27,18,22,dswrf_to_lead_minus2,DSM,OK,short_name=sdswrf units=W m**-2 startStep=18 endStep=22
2024-03-19,18,24,dswrf_to_lead,DSM,OK,short_name=sdswrf units=W m**-2 startStep=18 endStep=24
2024-03-19,18,22,dswrf_to_lead_minus2,DSM,OK,short_name=sdswrf units=W m**-2 startStep=18 endStep=22
2024-04-30,18,24,dswrf_to_lead,DSM,OK,short_name=sdswrf units=W m**-2 startStep=18 endStep=24
2024-04-30,18,22,dswrf_to_lead_minus2,DSM,OK,short_name=sdswrf units=W m**-2 startStep=18 endStep=22
2024-03-28,18,24,dswrf_to_lead,DSM,OK,short_name=sdswrf units=W m**-2 startStep=18 endStep=24
2024-03-28,18,22,dswrf_to_lead_minus2,DSM,OK,short_name=sdswrf units=W m**-2 startStep=18 endStep=22
2024-05-02,18,24,dswrf_to_lead,DSM,OK,short_name=sdswrf units=W m**-2 startStep=18 endStep=24
2024-05-02,18,22,dswrf_to_lead_minus2,DSM,OK,short_name=sdswrf units=W m**-2 startStep=18 endStep=22
2024-04-11,18,24,dswrf_to_lead,DSM,OK,short_name=sdswrf units=W m**-2 startStep=18 endStep=24
2024-04-11,18,22,dswrf_to_lead_minus2,DSM,OK,short_name=sdswrf units=W m**-2 startStep=18 endStep=22
2024-05-18,18,24,dswrf_to_lead,DSM,OK,short_name=sdswrf units=W m**-2 startStep=18 endStep=24
2024-05-18,18,22,dswrf_to_lead_minus2,DSM,OK,short_name=sdswrf units=W m**-2 startStep=18 endStep=22
2024-04-01,18,24,dswrf_to_lead,DSM,OK,short_name=sdswrf units=W m**-2 startStep=18 endStep=24
2024-04-01,18,22,dswrf_to_lead_minus2,DSM,OK,short_name=sdswrf units=W m**-2 startStep=18 endStep=22
2024-04-05,18,24,dswrf_to_lead,DSM,OK,short_name=sdswrf units=W m**-2 startStep=18 endStep=24
2024-04-05,18,22,dswrf_to_lead_minus2,DSM,OK,short_name=sdswrf units=W m**-2 startStep=18 endStep=22
2024-04-23,18,24,dswrf_to_lead,DSM,OK,short_name=sdswrf units=W m**-2 startStep=18 endStep=24
2024-04-23,18,22,dswrf_to_lead_minus2,DSM,OK,short_name=sdswrf units=W m**-2 startStep=18 endStep=22
2024-03-23,18,24,dswrf_to_lead,DSM,OK,short_name=sdswrf units=W m**-2 startStep=18 endStep=24
2024-03-23,18,22,dswrf_to_lead_minus2,DSM,OK,short_name=sdswrf units=W m**-2 startStep=18 endStep=22
2024-03-29,18,24,dswrf_to_lead,DSM,OK,short_name=sdswrf units=W m**-2 startStep=18 endStep=24
2024-03-29,18,22,dswrf_to_lead_minus2,DSM,OK,short_name=sdswrf units=W m**-2 startStep=18 endStep=22
2024-04-08,18,24,dswrf_to_lead,DSM,OK,short_name=sdswrf units=W m**-2 startStep=18 endStep=24
2024-04-08,18,22,dswrf_to_lead_minus2,DSM,OK,short_name=sdswrf units=W m**-2 startStep=18 endStep=22
2024-03-26,18,24,dswrf_to_lead,DSM,OK,short_name=sdswrf units=W m**-2 startStep=18 endStep=24
2024-03-26,18,22,dswrf_to_lead_minus2,DSM,OK,short_name=sdswrf units=W m**-2 startStep=18 endStep=22
2024-02-22,18,24,dswrf_to_lead,DSM,OK,short_name=sdswrf units=W m**-2 startStep=18 endStep=24
2024-02-22,18,22,dswrf_to_lead_minus2,DSM,OK,short_name=sdswrf units=W m**-2 startStep=18 endStep=22
2024-04-26,18,24,dswrf_to_lead,DSM,OK,short_name=sdswrf units=W m**-2 startStep=18 endStep=24
2024-04-26,18,22,dswrf_to_lead_minus2,DSM,OK,short_name=sdswrf units=W m**-2 startStep=18 endStep=22
2024-05-08,18,24,dswrf_to_lead,DSM,OK,short_name=sdswrf units=W m**-2 startStep=18 endStep=24
2024-05-08,18,22,dswrf_to_lead_minus2,DSM,OK,short_name=sdswrf units=W m**-2 startStep=18 endStep=22
2024-05-05,18,24,dswrf_to_lead,DSM,OK,short_name=sdswrf units=W m**-2 startStep=18 endStep=24
2024-05-05,18,22,dswrf_to_lead_minus2,DSM,OK,short_name=sdswrf units=W m**-2 startStep=18 endStep=22
2024-04-09,18,24,dswrf_to_lead,DSM,OK,short_name=sdswrf units=W m**-2 startStep=18 endStep=24
2024-04-09,18,22,dswrf_to_lead_minus2,DSM,OK,short_name=sdswrf units=W m**-2 startStep=18 endStep=22
2024-05-09,18,24,dswrf_to_lead,DSM,OK,short_name=sdswrf units=W m**-2 startStep=18 endStep=24
2024-05-09,18,22,dswrf_to_lead_minus2,DSM,OK,short_name=sdswrf units=W m**-2 startStep=18 endStep=22
2024-03-30,18,24,dswrf_to_lead,DSM,OK,short_name=sdswrf units=W m**-2 startStep=18 endStep=24
2024-03-30,18,22,dswrf_to_lead_minus2,DSM,OK,short_name=sdswrf units=W m**-2 startStep=18 endStep=22
2024-05-22,18,24,dswrf_to_lead,DSM,OK,short_name=sdswrf units=W m**-2 startStep=18 endStep=24
2024-05-22,18,22,dswrf_to_lead_minus2,DSM,OK,short_name=sdswrf units=W m**-2 startStep=18 endStep=22
2024-03-14,18,24,dswrf_to_lead,DSM,OK,short_name=sdswrf units=W m**-2 startStep=18 endStep=24
2024-03-14,18,22,dswrf_to_lead_minus2,DSM,OK,short_name=sdswrf units=W m**-2 startStep=18 endStep=22
2024-04-10,18,24,dswrf_to_lead,DSM,OK,short_name=sdswrf units=W m**-2 startStep=18 endStep=24
2024-04-10,18,22,dswrf_to_lead_minus2,DSM,OK,short_name=sdswrf units=W m**-2 startStep=18 endStep=22
2024-05-06,18,24,dswrf_to_lead,DSM,OK,short_name=sdswrf units=W m**-2 startStep=18 endStep=24
2024-05-06,18,22,dswrf_to_lead_minus2,DSM,OK,short_name=sdswrf units=W m**-2 startStep=18 endStep=22
2024-04-19,18,24,dswrf_to_lead,DSM,OK,short_name=sdswrf units=W m**-2 startStep=18 endStep=24
2024-04-19,18,22,dswrf_to_lead_minus2,DSM,OK,short_name=sdswrf units=W m**-2 startStep=18 endStep=22
2024-05-28,18,24,dswrf_to_lead,DSM,OK,short_name=sdswrf units=W m**-2 startStep=18 endStep=24
2024-05-28,18,22,dswrf_to_lead_minus2,DSM,OK,short_name=sdswrf units=W m**-2 startStep=18 endStep=22
2024-05-17,18,24,dswrf_to_lead,DSM,OK,short_name=sdswrf units=W m**-2 startStep=18 endStep=24
2024-05-17,18,22,dswrf_to_lead_minus2,DSM,OK,short_name=sdswrf units=W m**-2 startStep=18 endStep=22
2024-05-16,18,24,dswrf_to_lead,DSM,OK,short_name=sdswrf units=W m**-2 startStep=18 endStep=24
2024-05-16,18,22,dswrf_to_lead_minus2,DSM,OK,short_name=sdswrf units=W m**-2 startStep=18 endStep=22
2024-04-02,18,24,dswrf_to_lead,DSM,OK,short_name=sdswrf units=W m**-2 startStep=18 endStep=24
2024-04-02,18,22,dswrf_to_lead_minus2,DSM,OK,short_name=sdswrf units=W m**-2 startStep=18 endStep=22
2024-04-25,18,24,dswrf_to_lead,DSM,OK,short_name=sdswrf units=W m**-2 startStep=18 endStep=24
2024-04-25,18,22,dswrf_to_lead_minus2,DSM,OK,short_name=sdswrf units=W m**-2 startStep=18 endStep=22
2024-05-01,18,24,dswrf_to_lead,DSM,OK,short_name=sdswrf units=W m**-2 startStep=18 endStep=24
2024-05-01,18,22,dswrf_to_lead_minus2,DSM,OK,short_name=sdswrf units=W m**-2 startStep=18 endStep=22
2024-05-15,18,24,dswrf_to_lead,DSM,OK,short_name=sdswrf units=W m**-2 startStep=18 endStep=24
2024-05-15,18,22,dswrf_to_lead_minus2,DSM,OK,short_name=sdswrf units=W m**-2 startStep=18 endStep=22
2024-05-25,18,24,dswrf_to_lead,DSM,OK,short_name=sdswrf units=W m**-2 startStep=18 endStep=24
2024-05-25,18,22,dswrf_to_lead_minus2,DSM,OK,short_name=sdswrf units=W m**-2 startStep=18 endStep=22
2024-05-14,18,24,dswrf_to_lead,DSM,OK,short_name=sdswrf units=W m**-2 startStep=18 endStep=24
2024-05-14,18,22,dswrf_to_lead_minus2,DSM,OK,short_name=sdswrf units=W m**-2 startStep=18 endStep=22
2024-05-27,18,24,dswrf_to_lead,DSM,OK,short_name=sdswrf units=W m**-2 startStep=18 endStep=24
2024-05-27,18,22,dswrf_to_lead_minus2,DSM,OK,short_name=sdswrf units=W m**-2 startStep=18 endStep=22
2024-04-20,18,24,dswrf_to_lead,DSM,OK,short_name=sdswrf units=W m**-2 startStep=18 endStep=24
2024-04-20,18,22,dswrf_to_lead_minus2,DSM,OK,short_name=sdswrf units=W m**-2 startStep=18 endStep=22
2024-04-17,18,24,dswrf_to_lead,DSM,OK,short_name=sdswrf units=W m**-2 startStep=18 endStep=24
2024-04-17,18,22,dswrf_to_lead_minus2,DSM,OK,short_name=sdswrf units=W m**-2 startStep=18 endStep=22
2024-04-29,18,24,dswrf_to_lead,DSM,OK,short_name=sdswrf units=W m**-2 startStep=18 endStep=24
2024-04-29,18,22,dswrf_to_lead_minus2,DSM,OK,short_name=sdswrf units=W m**-2 startStep=18 endStep=22
2024-04-28,18,24,dswrf_to_lead,DSM,OK,short_name=sdswrf units=W m**-2 startStep=18 endStep=24
2024-04-28,18,22,dswrf_to_lead_minus2,DSM,OK,short_name=sdswrf units=W m**-2 startStep=18 endStep=22
2024-05-03,18,24,dswrf_to_lead,DSM,OK,short_name=sdswrf units=W m**-2 startStep=18 endStep=24
2024-05-03,18,22,dswrf_to_lead_minus2,DSM,OK,short_name=sdswrf units=W m**-2 startStep=18 endStep=22
2024-04-12,18,24,dswrf_to_lead,DSM,OK,short_name=sdswrf units=W m**-2 startStep=18 endStep=24
2024-04-12,18,22,dswrf_to_lead_minus2,DSM,OK,short_name=sdswrf units=W m**-2 startStep=18 endStep=22
2024-06-08,18,24,dswrf_to_lead,DSM,OK,short_name=sdswrf units=W m**-2 startStep=18 endStep=24
2024-06-08,18,22,dswrf_to_lead_minus2,DSM,OK,short_name=sdswrf units=W m**-2 startStep=18 endStep=22
2024-05-10,18,24,dswrf_to_lead,DSM,OK,short_name=sdswrf units=W m**-2 startStep=18 endStep=24
2024-05-10,18,22,dswrf_to_lead_minus2,DSM,OK,short_name=sdswrf units=W m**-2 startStep=18 endStep=22
2024-05-20,18,24,dswrf_to_lead,DSM,OK,short_name=sdswrf units=W m**-2 startStep=18 endStep=24
2024-05-20,18,22,dswrf_to_lead_minus2,DSM,OK,short_name=sdswrf units=W m**-2 startStep=18 endStep=22
2024-04-18,18,24,dswrf_to_lead,DSM,OK,short_name=sdswrf units=W m**-2 startStep=18 endStep=24
2024-04-18,18,22,dswrf_to_lead_minus2,DSM,OK,short_name=sdswrf units=W m**-2 startStep=18 endStep=22
2024-06-17,18,24,dswrf_to_lead,DSM,OK,short_name=sdswrf units=W m**-2 startStep=18 endStep=24
2024-06-17,18,22,dswrf_to_lead_minus2,DSM,OK,short_name=sdswrf units=W m**-2 startStep=18 endStep=22
2024-05-30,18,24,dswrf_to_lead,DSM,OK,short_name=sdswrf units=W m**-2 startStep=18 endStep=24
2024-05-30,18,22,dswrf_to_lead_minus2,DSM,OK,short_name=sdswrf units=W m**-2 startStep=18 endStep=22
2024-06-11,18,24,dswrf_to_lead,DSM,OK,short_name=sdswrf units=W m**-2 startStep=18 endStep=24
2024-06-11,18,22,dswrf_to_lead_minus2,DSM,OK,short_name=sdswrf units=W m**-2 startStep=18 endStep=22
2024-05-21,18,24,dswrf_to_lead,DSM,OK,short_name=sdswrf units=W m**-2 startStep=18 endStep=24
2024-05-21,18,22,dswrf_to_lead_minus2,DSM,OK,short_name=sdswrf units=W m**-2 startStep=18 endStep=22
2024-05-24,18,24,dswrf_to_lead,DSM,OK,short_name=sdswrf units=W m**-2 startStep=18 endStep=24
2024-05-24,18,22,dswrf_to_lead_minus2,DSM,OK,short_name=sdswrf units=W m**-2 startStep=18 endStep=22
2024-06-07,18,24,dswrf_to_lead,DSM,OK,short_name=sdswrf units=W m**-2 startStep=18 endStep=24
2024-06-07,18,22,dswrf_to_lead_minus2,DSM,OK,short_name=sdswrf units=W m**-2 startStep=18 endStep=22
2024-04-21,18,24,dswrf_to_lead,DSM,OK,short_name=sdswrf units=W m**-2 startStep=18 endStep=24
2024-04-21,18,22,dswrf_to_lead_minus2,DSM,OK,short_name=sdswrf units=W m**-2 startStep=18 endStep=22
2024-06-01,18,24,dswrf_to_lead,DSM,OK,short_name=sdswrf units=W m**-2 startStep=18 endStep=24
2024-06-01,18,22,dswrf_to_lead_minus2,DSM,OK,short_name=sdswrf units=W m**-2 startStep=18 endStep=22
2024-05-12,18,24,dswrf_to_lead,DSM,OK,short_name=sdswrf units=W m**-2 startStep=18 endStep=24
2024-05-12,18,22,dswrf_to_lead_minus2,DSM,OK,short_name=sdswrf units=W m**-2 startStep=18 endStep=22
2024-05-07,18,24,dswrf_to_lead,DSM,OK,short_name=sdswrf units=W m**-2 startStep=18 endStep=24
2024-05-07,18,22,dswrf_to_lead_minus2,DSM,OK,short_name=sdswrf units=W m**-2 startStep=18 endStep=22
2024-05-11,18,24,dswrf_to_lead,DSM,OK,short_name=sdswrf units=W m**-2 startStep=18 endStep=24
2024-05-11,18,22,dswrf_to_lead_minus2,DSM,OK,short_name=sdswrf units=W m**-2 startStep=18 endStep=22
2024-05-29,18,24,dswrf_to_lead,DSM,OK,short_name=sdswrf units=W m**-2 startStep=18 endStep=24
2024-05-29,18,22,dswrf_to_lead_minus2,DSM,OK,short_name=sdswrf units=W m**-2 startStep=18 endStep=22
2024-05-13,18,24,dswrf_to_lead,DSM,OK,short_name=sdswrf units=W m**-2 startStep=18 endStep=24
2024-05-13,18,22,dswrf_to_lead_minus2,DSM,OK,short_name=sdswrf units=W m**-2 startStep=18 endStep=22
2024-06-24,18,24,dswrf_to_lead,DSM,OK,short_name=sdswrf units=W m**-2 startStep=18 endStep=24
2024-06-24,18,22,dswrf_to_lead_minus2,DSM,OK,short_name=sdswrf units=W m**-2 startStep=18 endStep=22
2024-05-26,18,24,dswrf_to_lead,DSM,OK,short_name=sdswrf units=W m**-2 startStep=18 endStep=24
2024-05-26,18,22,dswrf_to_lead_minus2,DSM,OK,short_name=sdswrf units=W m**-2 startStep=18 endStep=22
2024-06-03,18,24,dswrf_to_lead,DSM,OK,short_name=sdswrf units=W m**-2 startStep=18 endStep=24
2024-06-03,18,22,dswrf_to_lead_minus2,DSM,OK,short_name=sdswrf units=W m**-2 startStep=18 endStep=22
2024-04-15,18,24,dswrf_to_lead,DSM,OK,short_name=sdswrf units=W m**-2 startStep=18 endStep=24
2024-04-15,18,22,dswrf_to_lead_minus2,DSM,OK,short_name=sdswrf units=W m**-2 startStep=18 endStep=22
2024-05-04,18,24,dswrf_to_lead,DSM,OK,short_name=sdswrf units=W m**-2 startStep=18 endStep=24
2024-05-04,18,22,dswrf_to_lead_minus2,DSM,OK,short_name=sdswrf units=W m**-2 startStep=18 endStep=22
2024-06-04,18,24,dswrf_to_lead,DSM,OK,short_name=sdswrf units=W m**-2 startStep=18 endStep=24
2024-06-04,18,22,dswrf_to_lead_minus2,DSM,OK,short_name=sdswrf units=W m**-2 startStep=18 endStep=22
2024-06-26,18,24,dswrf_to_lead,DSM,OK,short_name=sdswrf units=W m**-2 startStep=18 endStep=24
2024-06-26,18,22,dswrf_to_lead_minus2,DSM,OK,short_name=sdswrf units=W m**-2 startStep=18 endStep=22
2024-05-31,18,24,dswrf_to_lead,DSM,OK,short_name=sdswrf units=W m**-2 startStep=18 endStep=24
2024-05-31,18,22,dswrf_to_lead_minus2,DSM,OK,short_name=sdswrf units=W m**-2 startStep=18 endStep=22
2024-06-25,18,24,dswrf_to_lead,DSM,OK,short_name=sdswrf units=W m**-2 startStep=18 endStep=24
2024-06-25,18,22,dswrf_to_lead_minus2,DSM,OK,short_name=sdswrf units=W m**-2 startStep=18 endStep=22
2024-06-19,18,24,dswrf_to_lead,DSM,OK,short_name=sdswrf units=W m**-2 startStep=18 endStep=24
2024-06-19,18,22,dswrf_to_lead_minus2,DSM,OK,short_name=sdswrf units=W m**-2 startStep=18 endStep=22
2024-06-21,18,24,dswrf_to_lead,DSM,OK,short_name=sdswrf units=W m**-2 startStep=18 endStep=24
2024-06-21,18,22,dswrf_to_lead_minus2,DSM,OK,short_name=sdswrf units=W m**-2 startStep=18 endStep=22
2024-06-29,18,24,dswrf_to_lead,DSM,OK,short_name=sdswrf units=W m**-2 startStep=18 endStep=24
2024-06-29,18,22,dswrf_to_lead_minus2,DSM,OK,short_name=sdswrf units=W m**-2 startStep=18 endStep=22
2024-07-06,18,24,dswrf_to_lead,DSM,OK,short_name=sdswrf units=W m**-2 startStep=18 endStep=24
2024-07-06,18,22,dswrf_to_lead_minus2,DSM,OK,short_name=sdswrf units=W m**-2 startStep=18 endStep=22
2024-07-04,18,24,dswrf_to_lead,DSM,OK,short_name=sdswrf units=W m**-2 startStep=18 endStep=24
2024-07-04,18,22,dswrf_to_lead_minus2,DSM,OK,short_name=sdswrf units=W m**-2 startStep=18 endStep=22
2024-07-02,18,24,dswrf_to_lead,DSM,OK,short_name=sdswrf units=W m**-2 startStep=18 endStep=24
2024-07-02,18,22,dswrf_to_lead_minus2,DSM,OK,short_name=sdswrf units=W m**-2 startStep=18 endStep=22
2024-06-09,18,24,dswrf_to_lead,DSM,OK,short_name=sdswrf units=W m**-2 startStep=18 endStep=24
2024-06-09,18,22,dswrf_to_lead_minus2,DSM,OK,short_name=sdswrf units=W m**-2 startStep=18 endStep=22
2024-04-14,18,24,dswrf_to_lead,DSM,OK,short_name=sdswrf units=W m**-2 startStep=18 endStep=24
2024-04-14,18,22,dswrf_to_lead_minus2,DSM,OK,short_name=sdswrf units=W m**-2 startStep=18 endStep=22
2024-06-28,18,24,dswrf_to_lead,DSM,OK,short_name=sdswrf units=W m**-2 startStep=18 endStep=24
2024-06-28,18,22,dswrf_to_lead_minus2,DSM,OK,short_name=sdswrf units=W m**-2 startStep=18 endStep=22
2024-05-19,18,24,dswrf_to_lead,DSM,OK,short_name=sdswrf units=W m**-2 startStep=18 endStep=24
2024-05-19,18,22,dswrf_to_lead_minus2,DSM,OK,short_name=sdswrf units=W m**-2 startStep=18 endStep=22
2024-06-06,18,24,dswrf_to_lead,DSM,OK,short_name=sdswrf units=W m**-2 startStep=18 endStep=24
2024-06-06,18,22,dswrf_to_lead_minus2,DSM,OK,short_name=sdswrf units=W m**-2 startStep=18 endStep=22
2024-07-01,18,24,dswrf_to_lead,DSM,OK,short_name=sdswrf units=W m**-2 startStep=18 endStep=24
2024-07-01,18,22,dswrf_to_lead_minus2,DSM,OK,short_name=sdswrf units=W m**-2 startStep=18 endStep=22
2024-06-02,18,24,dswrf_to_lead,DSM,OK,short_name=sdswrf units=W m**-2 startStep=18 endStep=24
2024-06-02,18,22,dswrf_to_lead_minus2,DSM,OK,short_name=sdswrf units=W m**-2 startStep=18 endStep=22
2024-07-05,18,24,dswrf_to_lead,DSM,OK,short_name=sdswrf units=W m**-2 startStep=18 endStep=24
2024-07-05,18,22,dswrf_to_lead_minus2,DSM,OK,short_name=sdswrf units=W m**-2 startStep=18 endStep=22
2024-06-12,18,24,dswrf_to_lead,DSM,OK,short_name=sdswrf units=W m**-2 startStep=18 endStep=24
2024-06-12,18,22,dswrf_to_lead_minus2,DSM,OK,short_name=sdswrf units=W m**-2 startStep=18 endStep=22
2024-06-13,18,24,dswrf_to_lead,DSM,OK,short_name=sdswrf units=W m**-2 startStep=18 endStep=24
2024-06-13,18,22,dswrf_to_lead_minus2,DSM,OK,short_name=sdswrf units=W m**-2 startStep=18 endStep=22
2024-07-15,18,24,dswrf_to_lead,DSM,OK,short_name=sdswrf units=W m**-2 startStep=18 endStep=24
2024-07-15,18,22,dswrf_to_lead_minus2,DSM,OK,short_name=sdswrf units=W m**-2 startStep=18 endStep=22
2024-07-10,18,24,dswrf_to_lead,DSM,OK,short_name=sdswrf units=W m**-2 startStep=18 endStep=24
2024-07-10,18,22,dswrf_to_lead_minus2,DSM,OK,short_name=sdswrf units=W m**-2 startStep=18 endStep=22
2024-06-18,18,24,dswrf_to_lead,DSM,OK,short_name=sdswrf units=W m**-2 startStep=18 endStep=24
2024-06-18,18,22,dswrf_to_lead_minus2,DSM,OK,short_name=sdswrf units=W m**-2 startStep=18 endStep=22
2024-07-19,18,24,dswrf_to_lead,DSM,OK,short_name=sdswrf units=W m**-2 startStep=18 endStep=24
2024-07-19,18,22,dswrf_to_lead_minus2,DSM,OK,short_name=sdswrf units=W m**-2 startStep=18 endStep=22
2024-06-10,18,24,dswrf_to_lead,DSM,OK,short_name=sdswrf units=W m**-2 startStep=18 endStep=24
2024-06-10,18,22,dswrf_to_lead_minus2,DSM,OK,short_name=sdswrf units=W m**-2 startStep=18 endStep=22
2024-05-23,18,24,dswrf_to_lead,DSM,OK,short_name=sdswrf units=W m**-2 startStep=18 endStep=24
2024-05-23,18,22,dswrf_to_lead_minus2,DSM,OK,short_name=sdswrf units=W m**-2 startStep=18 endStep=22
2024-07-11,18,24,dswrf_to_lead,DSM,OK,short_name=sdswrf units=W m**-2 startStep=18 endStep=24
2024-07-11,18,22,dswrf_to_lead_minus2,DSM,OK,short_name=sdswrf units=W m**-2 startStep=18 endStep=22
2024-07-13,18,24,dswrf_to_lead,DSM,OK,short_name=sdswrf units=W m**-2 startStep=18 endStep=24
2024-07-13,18,22,dswrf_to_lead_minus2,DSM,OK,short_name=sdswrf units=W m**-2 startStep=18 endStep=22
2024-07-16,18,24,dswrf_to_lead,DSM,OK,short_name=sdswrf units=W m**-2 startStep=18 endStep=24
2024-07-16,18,22,dswrf_to_lead_minus2,DSM,OK,short_name=sdswrf units=W m**-2 startStep=18 endStep=22
2024-06-23,18,24,dswrf_to_lead,DSM,OK,short_name=sdswrf units=W m**-2 startStep=18 endStep=24
2024-06-23,18,22,dswrf_to_lead_minus2,DSM,OK,short_name=sdswrf units=W m**-2 startStep=18 endStep=22
2024-06-14,18,24,dswrf_to_lead,DSM,OK,short_name=sdswrf units=W m**-2 startStep=18 endStep=24
2024-06-14,18,22,dswrf_to_lead_minus2,DSM,OK,short_name=sdswrf units=W m**-2 startStep=18 endStep=22
2024-07-08,18,24,dswrf_to_lead,DSM,OK,short_name=sdswrf units=W m**-2 startStep=18 endStep=24
2024-07-08,18,22,dswrf_to_lead_minus2,DSM,OK,short_name=sdswrf units=W m**-2 startStep=18 endStep=22
2024-06-27,18,24,dswrf_to_lead,DSM,OK,short_name=sdswrf units=W m**-2 startStep=18 endStep=24
2024-06-27,18,22,dswrf_to_lead_minus2,DSM,OK,short_name=sdswrf units=W m**-2 startStep=18 endStep=22
2024-06-20,18,24,dswrf_to_lead,DSM,OK,short_name=sdswrf units=W m**-2 startStep=18 endStep=24
2024-06-20,18,22,dswrf_to_lead_minus2,DSM,OK,short_name=sdswrf units=W m**-2 startStep=18 endStep=22
2024-07-14,18,24,dswrf_to_lead,DSM,OK,short_name=sdswrf units=W m**-2 startStep=18 endStep=24
2024-07-14,18,22,dswrf_to_lead_minus2,DSM,OK,short_name=sdswrf units=W m**-2 startStep=18 endStep=22
2024-07-03,18,24,dswrf_to_lead,DSM,OK,short_name=sdswrf units=W m**-2 startStep=18 endStep=24
2024-07-03,18,22,dswrf_to_lead_minus2,DSM,OK,short_name=sdswrf units=W m**-2 startStep=18 endStep=22
2024-06-15,18,24,dswrf_to_lead,DSM,OK,short_name=sdswrf units=W m**-2 startStep=18 endStep=24
2024-06-15,18,22,dswrf_to_lead_minus2,DSM,OK,short_name=sdswrf units=W m**-2 startStep=18 endStep=22
2024-07-22,18,24,dswrf_to_lead,DSM,OK,short_name=sdswrf units=W m**-2 startStep=18 endStep=24
2024-07-22,18,22,dswrf_to_lead_minus2,DSM,OK,short_name=sdswrf units=W m**-2 startStep=18 endStep=22
2024-07-09,18,24,dswrf_to_lead,DSM,OK,short_name=sdswrf units=W m**-2 startStep=18 endStep=24
2024-07-09,18,22,dswrf_to_lead_minus2,DSM,OK,short_name=sdswrf units=W m**-2 startStep=18 endStep=22
2024-06-05,18,24,dswrf_to_lead,DSM,OK,short_name=sdswrf units=W m**-2 startStep=18 endStep=24
2024-06-05,18,22,dswrf_to_lead_minus2,DSM,OK,short_name=sdswrf units=W m**-2 startStep=18 endStep=22
2025-08-03,18,24,dswrf_to_lead,DSM,OK,short_name=sdswrf units=W m**-2 startStep=18 endStep=24
2025-08-03,18,22,dswrf_to_lead_minus2,DSM,OK,short_name=sdswrf units=W m**-2 startStep=18 endStep=22
2024-07-24,18,24,dswrf_to_lead,DSM,OK,short_name=sdswrf units=W m**-2 startStep=18 endStep=24
2024-07-24,18,22,dswrf_to_lead_minus2,DSM,OK,short_name=sdswrf units=W m**-2 startStep=18 endStep=22
2024-06-22,18,24,dswrf_to_lead,DSM,OK,short_name=sdswrf units=W m**-2 startStep=18 endStep=24
2024-06-22,18,22,dswrf_to_lead_minus2,DSM,OK,short_name=sdswrf units=W m**-2 startStep=18 endStep=22
2025-08-06,18,24,dswrf_to_lead,DSM,OK,short_name=sdswrf units=W m**-2 startStep=18 endStep=24
2025-08-06,18,22,dswrf_to_lead_minus2,DSM,OK,short_name=sdswrf units=W m**-2 startStep=18 endStep=22
2025-08-11,18,24,dswrf_to_lead,DSM,OK,short_name=sdswrf units=W m**-2 startStep=18 endStep=24
2025-08-11,18,22,dswrf_to_lead_minus2,DSM,OK,short_name=sdswrf units=W m**-2 startStep=18 endStep=22
2024-07-28,18,24,dswrf_to_lead,DSM,OK,short_name=sdswrf units=W m**-2 startStep=18 endStep=24
2024-07-28,18,22,dswrf_to_lead_minus2,DSM,OK,short_name=sdswrf units=W m**-2 startStep=18 endStep=22
2024-06-30,18,24,dswrf_to_lead,DSM,OK,short_name=sdswrf units=W m**-2 startStep=18 endStep=24
2024-06-30,18,22,dswrf_to_lead_minus2,DSM,OK,short_name=sdswrf units=W m**-2 startStep=18 endStep=22
2024-07-07,18,24,dswrf_to_lead,DSM,OK,short_name=sdswrf units=W m**-2 startStep=18 endStep=24
2024-07-07,18,22,dswrf_to_lead_minus2,DSM,OK,short_name=sdswrf units=W m**-2 startStep=18 endStep=22
2025-08-02,18,24,dswrf_to_lead,DSM,OK,short_name=sdswrf units=W m**-2 startStep=18 endStep=24
2025-08-02,18,22,dswrf_to_lead_minus2,DSM,OK,short_name=sdswrf units=W m**-2 startStep=18 endStep=22
2024-07-30,18,24,dswrf_to_lead,DSM,OK,short_name=sdswrf units=W m**-2 startStep=18 endStep=24
2024-07-30,18,22,dswrf_to_lead_minus2,DSM,OK,short_name=sdswrf units=W m**-2 startStep=18 endStep=22
2024-07-21,18,24,dswrf_to_lead,DSM,OK,short_name=sdswrf units=W m**-2 startStep=18 endStep=24
2024-07-21,18,22,dswrf_to_lead_minus2,DSM,OK,short_name=sdswrf units=W m**-2 startStep=18 endStep=22
2024-07-27,18,24,dswrf_to_lead,DSM,OK,short_name=sdswrf units=W m**-2 startStep=18 endStep=24
2024-07-27,18,22,dswrf_to_lead_minus2,DSM,OK,short_name=sdswrf units=W m**-2 startStep=18 endStep=22
2024-07-12,18,24,dswrf_to_lead,DSM,OK,short_name=sdswrf units=W m**-2 startStep=18 endStep=24
2024-07-12,18,22,dswrf_to_lead_minus2,DSM,OK,short_name=sdswrf units=W m**-2 startStep=18 endStep=22
2025-08-12,18,24,dswrf_to_lead,DSM,OK,short_name=sdswrf units=W m**-2 startStep=18 endStep=24
2025-08-12,18,22,dswrf_to_lead_minus2,DSM,OK,short_name=sdswrf units=W m**-2 startStep=18 endStep=22
2024-07-18,18,24,dswrf_to_lead,DSM,OK,short_name=sdswrf units=W m**-2 startStep=18 endStep=24
2024-07-18,18,22,dswrf_to_lead_minus2,DSM,OK,short_name=sdswrf units=W m**-2 startStep=18 endStep=22
2024-06-16,18,24,dswrf_to_lead,DSM,OK,short_name=sdswrf units=W m**-2 startStep=18 endStep=24
2024-06-16,18,22,dswrf_to_lead_minus2,DSM,OK,short_name=sdswrf units=W m**-2 startStep=18 endStep=22
2024-07-25,18,24,dswrf_to_lead,DSM,OK,short_name=sdswrf units=W m**-2 startStep=18 endStep=24
2024-07-25,18,22,dswrf_to_lead_minus2,DSM,OK,short_name=sdswrf units=W m**-2 startStep=18 endStep=22
2024-07-26,18,24,dswrf_to_lead,DSM,OK,short_name=sdswrf units=W m**-2 startStep=18 endStep=24
2024-07-26,18,22,dswrf_to_lead_minus2,DSM,OK,short_name=sdswrf units=W m**-2 startStep=18 endStep=22
2024-07-17,18,24,dswrf_to_lead,DSM,OK,short_name=sdswrf units=W m**-2 startStep=18 endStep=24
2024-07-17,18,22,dswrf_to_lead_minus2,DSM,OK,short_name=sdswrf units=W m**-2 startStep=18 endStep=22
2024-07-20,18,24,dswrf_to_lead,DSM,OK,short_name=sdswrf units=W m**-2 startStep=18 endStep=24
2024-07-20,18,22,dswrf_to_lead_minus2,DSM,OK,short_name=sdswrf units=W m**-2 startStep=18 endStep=22
2025-08-01,18,24,dswrf_to_lead,DSM,OK,short_name=sdswrf units=W m**-2 startStep=18 endStep=24
2025-08-01,18,22,dswrf_to_lead_minus2,DSM,OK,short_name=sdswrf units=W m**-2 startStep=18 endStep=22
2025-08-17,18,24,dswrf_to_lead,DSM,OK,short_name=sdswrf units=W m**-2 startStep=18 endStep=24
2025-08-17,18,22,dswrf_to_lead_minus2,DSM,OK,short_name=sdswrf units=W m**-2 startStep=18 endStep=22
2025-08-04,18,24,dswrf_to_lead,DSM,OK,short_name=sdswrf units=W m**-2 startStep=18 endStep=24
2025-08-04,18,22,dswrf_to_lead_minus2,DSM,OK,short_name=sdswrf units=W m**-2 startStep=18 endStep=22
2024-07-23,18,24,dswrf_to_lead,DSM,OK,short_name=sdswrf units=W m**-2 startStep=18 endStep=24
2024-07-23,18,22,dswrf_to_lead_minus2,DSM,OK,short_name=sdswrf units=W m**-2 startStep=18 endStep=22
2025-09-02,18,24,dswrf_to_lead,DSM,OK,short_name=sdswrf units=W m**-2 startStep=18 endStep=24
2025-09-02,18,22,dswrf_to_lead_minus2,DSM,OK,short_name=sdswrf units=W m**-2 startStep=18 endStep=22
2025-08-05,18,24,dswrf_to_lead,DSM,OK,short_name=sdswrf units=W m**-2 startStep=18 endStep=24
2025-08-05,18,22,dswrf_to_lead_minus2,DSM,OK,short_name=sdswrf units=W m**-2 startStep=18 endStep=22
2025-08-14,18,24,dswrf_to_lead,DSM,OK,short_name=sdswrf units=W m**-2 startStep=18 endStep=24
2025-08-14,18,22,dswrf_to_lead_minus2,DSM,OK,short_name=sdswrf units=W m**-2 startStep=18 endStep=22
2025-08-27,18,24,dswrf_to_lead,DSM,OK,short_name=sdswrf units=W m**-2 startStep=18 endStep=24
2025-08-27,18,22,dswrf_to_lead_minus2,DSM,OK,short_name=sdswrf units=W m**-2 startStep=18 endStep=22
2025-08-07,18,24,dswrf_to_lead,DSM,OK,short_name=sdswrf units=W m**-2 startStep=18 endStep=24
2025-08-07,18,22,dswrf_to_lead_minus2,DSM,OK,short_name=sdswrf units=W m**-2 startStep=18 endStep=22
2025-08-08,18,24,dswrf_to_lead,DSM,OK,short_name=sdswrf units=W m**-2 startStep=18 endStep=24
2025-08-08,18,22,dswrf_to_lead_minus2,DSM,OK,short_name=sdswrf units=W m**-2 startStep=18 endStep=22
2025-07-31,18,24,dswrf_to_lead,DSM,OK,short_name=sdswrf units=W m**-2 startStep=18 endStep=24
2025-07-31,18,22,dswrf_to_lead_minus2,DSM,OK,short_name=sdswrf units=W m**-2 startStep=18 endStep=22
2025-08-20,18,24,dswrf_to_lead,DSM,OK,short_name=sdswrf units=W m**-2 startStep=18 endStep=24
2025-08-20,18,22,dswrf_to_lead_minus2,DSM,OK,short_name=sdswrf units=W m**-2 startStep=18 endStep=22
2025-08-21,18,24,dswrf_to_lead,DSM,OK,short_name=sdswrf units=W m**-2 startStep=18 endStep=24
2025-08-21,18,22,dswrf_to_lead_minus2,DSM,OK,short_name=sdswrf units=W m**-2 startStep=18 endStep=22
2025-08-28,18,24,dswrf_to_lead,DSM,OK,short_name=sdswrf units=W m**-2 startStep=18 endStep=24
2025-08-28,18,22,dswrf_to_lead_minus2,DSM,OK,short_name=sdswrf units=W m**-2 startStep=18 endStep=22
2025-09-14,18,24,dswrf_to_lead,DSM,OK,short_name=sdswrf units=W m**-2 startStep=18 endStep=24
2025-09-14,18,22,dswrf_to_lead_minus2,DSM,OK,short_name=sdswrf units=W m**-2 startStep=18 endStep=22
2025-09-11,18,24,dswrf_to_lead,DSM,OK,short_name=sdswrf units=W m**-2 startStep=18 endStep=24
2025-09-11,18,22,dswrf_to_lead_minus2,DSM,OK,short_name=sdswrf units=W m**-2 startStep=18 endStep=22
2025-08-13,18,24,dswrf_to_lead,DSM,OK,short_name=sdswrf units=W m**-2 startStep=18 endStep=24
2025-08-13,18,22,dswrf_to_lead_minus2,DSM,OK,short_name=sdswrf units=W m**-2 startStep=18 endStep=22
2025-08-31,18,24,dswrf_to_lead,DSM,OK,short_name=sdswrf units=W m**-2 startStep=18 endStep=24
2025-08-31,18,22,dswrf_to_lead_minus2,DSM,OK,short_name=sdswrf units=W m**-2 startStep=18 endStep=22
2024-07-29,18,24,dswrf_to_lead,DSM,OK,short_name=sdswrf units=W m**-2 startStep=18 endStep=24
2024-07-29,18,22,dswrf_to_lead_minus2,DSM,OK,short_name=sdswrf units=W m**-2 startStep=18 endStep=22
2025-08-25,18,24,dswrf_to_lead,DSM,OK,short_name=sdswrf units=W m**-2 startStep=18 endStep=24
2025-08-25,18,22,dswrf_to_lead_minus2,DSM,OK,short_name=sdswrf units=W m**-2 startStep=18 endStep=22
2025-09-13,18,24,dswrf_to_lead,DSM,OK,short_name=sdswrf units=W m**-2 startStep=18 endStep=24
2025-09-13,18,22,dswrf_to_lead_minus2,DSM,OK,short_name=sdswrf units=W m**-2 startStep=18 endStep=22
2025-09-07,18,24,dswrf_to_lead,DSM,OK,short_name=sdswrf units=W m**-2 startStep=18 endStep=24
2025-09-07,18,22,dswrf_to_lead_minus2,DSM,OK,short_name=sdswrf units=W m**-2 startStep=18 endStep=22
2025-09-19,18,24,dswrf_to_lead,DSM,OK,short_name=sdswrf units=W m**-2 startStep=18 endStep=24
2025-09-19,18,22,dswrf_to_lead_minus2,DSM,OK,short_name=sdswrf units=W m**-2 startStep=18 endStep=22
2025-08-09,18,24,dswrf_to_lead,DSM,OK,short_name=sdswrf units=W m**-2 startStep=18 endStep=24
2025-08-09,18,22,dswrf_to_lead_minus2,DSM,OK,short_name=sdswrf units=W m**-2 startStep=18 endStep=22
2025-08-24,18,24,dswrf_to_lead,DSM,OK,short_name=sdswrf units=W m**-2 startStep=18 endStep=24
2025-08-24,18,22,dswrf_to_lead_minus2,DSM,OK,short_name=sdswrf units=W m**-2 startStep=18 endStep=22
2025-09-01,18,24,dswrf_to_lead,DSM,OK,short_name=sdswrf units=W m**-2 startStep=18 endStep=24
2025-09-01,18,22,dswrf_to_lead_minus2,DSM,OK,short_name=sdswrf units=W m**-2 startStep=18 endStep=22
2025-09-04,18,24,dswrf_to_lead,DSM,OK,short_name=sdswrf units=W m**-2 startStep=18 endStep=24
2025-09-04,18,22,dswrf_to_lead_minus2,DSM,OK,short_name=sdswrf units=W m**-2 startStep=18 endStep=22
2025-09-10,18,24,dswrf_to_lead,DSM,OK,short_name=sdswrf units=W m**-2 startStep=18 endStep=24
2025-09-10,18,22,dswrf_to_lead_minus2,DSM,OK,short_name=sdswrf units=W m**-2 startStep=18 endStep=22
2025-09-29,18,24,dswrf_to_lead,DSM,OK,short_name=sdswrf units=W m**-2 startStep=18 endStep=24
2025-09-29,18,22,dswrf_to_lead_minus2,DSM,OK,short_name=sdswrf units=W m**-2 startStep=18 endStep=22
2025-08-18,18,24,dswrf_to_lead,DSM,OK,short_name=sdswrf units=W m**-2 startStep=18 endStep=24
2025-08-18,18,22,dswrf_to_lead_minus2,DSM,OK,short_name=sdswrf units=W m**-2 startStep=18 endStep=22
2025-08-10,18,24,dswrf_to_lead,DSM,OK,short_name=sdswrf units=W m**-2 startStep=18 endStep=24
2025-08-10,18,22,dswrf_to_lead_minus2,DSM,OK,short_name=sdswrf units=W m**-2 startStep=18 endStep=22
2025-08-30,18,24,dswrf_to_lead,DSM,OK,short_name=sdswrf units=W m**-2 startStep=18 endStep=24
2025-08-30,18,22,dswrf_to_lead_minus2,DSM,OK,short_name=sdswrf units=W m**-2 startStep=18 endStep=22
2025-09-03,18,24,dswrf_to_lead,DSM,OK,short_name=sdswrf units=W m**-2 startStep=18 endStep=24
2025-09-03,18,22,dswrf_to_lead_minus2,DSM,OK,short_name=sdswrf units=W m**-2 startStep=18 endStep=22
2025-09-22,18,24,dswrf_to_lead,DSM,OK,short_name=sdswrf units=W m**-2 startStep=18 endStep=24
2025-09-22,18,22,dswrf_to_lead_minus2,DSM,OK,short_name=sdswrf units=W m**-2 startStep=18 endStep=22
2025-09-17,18,24,dswrf_to_lead,DSM,OK,short_name=sdswrf units=W m**-2 startStep=18 endStep=24
2025-09-17,18,22,dswrf_to_lead_minus2,DSM,OK,short_name=sdswrf units=W m**-2 startStep=18 endStep=22
2025-08-16,18,24,dswrf_to_lead,DSM,OK,short_name=sdswrf units=W m**-2 startStep=18 endStep=24
2025-08-16,18,22,dswrf_to_lead_minus2,DSM,OK,short_name=sdswrf units=W m**-2 startStep=18 endStep=22
2025-09-06,18,24,dswrf_to_lead,DSM,OK,short_name=sdswrf units=W m**-2 startStep=18 endStep=24
2025-09-06,18,22,dswrf_to_lead_minus2,DSM,OK,short_name=sdswrf units=W m**-2 startStep=18 endStep=22
2025-08-26,18,24,dswrf_to_lead,DSM,OK,short_name=sdswrf units=W m**-2 startStep=18 endStep=24
2025-08-26,18,22,dswrf_to_lead_minus2,DSM,OK,short_name=sdswrf units=W m**-2 startStep=18 endStep=22
2025-09-25,18,24,dswrf_to_lead,DSM,OK,short_name=sdswrf units=W m**-2 startStep=18 endStep=24
2025-09-25,18,22,dswrf_to_lead_minus2,DSM,OK,short_name=sdswrf units=W m**-2 startStep=18 endStep=22
2025-09-15,18,24,dswrf_to_lead,DSM,OK,short_name=sdswrf units=W m**-2 startStep=18 endStep=24
2025-09-15,18,22,dswrf_to_lead_minus2,DSM,OK,short_name=sdswrf units=W m**-2 startStep=18 endStep=22
2025-09-26,18,24,dswrf_to_lead,DSM,OK,short_name=sdswrf units=W m**-2 startStep=18 endStep=24
2025-09-26,18,22,dswrf_to_lead_minus2,DSM,OK,short_name=sdswrf units=W m**-2 startStep=18 endStep=22
2025-09-08,18,24,dswrf_to_lead,DSM,OK,short_name=sdswrf units=W m**-2 startStep=18 endStep=24
2025-09-08,18,22,dswrf_to_lead_minus2,DSM,OK,short_name=sdswrf units=W m**-2 startStep=18 endStep=22
2025-08-23,18,24,dswrf_to_lead,DSM,OK,short_name=sdswrf units=W m**-2 startStep=18 endStep=24
2025-08-23,18,22,dswrf_to_lead_minus2,DSM,OK,short_name=sdswrf units=W m**-2 startStep=18 endStep=22
2025-08-19,18,24,dswrf_to_lead,DSM,OK,short_name=sdswrf units=W m**-2 startStep=18 endStep=24
2025-08-19,18,22,dswrf_to_lead_minus2,DSM,OK,short_name=sdswrf units=W m**-2 startStep=18 endStep=22
2025-09-21,18,24,dswrf_to_lead,DSM,OK,short_name=sdswrf units=W m**-2 startStep=18 endStep=24
2025-09-21,18,22,dswrf_to_lead_minus2,DSM,OK,short_name=sdswrf units=W m**-2 startStep=18 endStep=22
2025-09-05,18,24,dswrf_to_lead,DSM,OK,short_name=sdswrf units=W m**-2 startStep=18 endStep=24
2025-09-05,18,22,dswrf_to_lead_minus2,DSM,OK,short_name=sdswrf units=W m**-2 startStep=18 endStep=22
2025-09-18,18,24,dswrf_to_lead,DSM,OK,short_name=sdswrf units=W m**-2 startStep=18 endStep=24
2025-09-18,18,22,dswrf_to_lead_minus2,DSM,OK,short_name=sdswrf units=W m**-2 startStep=18 endStep=22
2025-09-20,18,24,dswrf_to_lead,DSM,OK,short_name=sdswrf units=W m**-2 startStep=18 endStep=24
2025-09-20,18,22,dswrf_to_lead_minus2,DSM,OK,short_name=sdswrf units=W m**-2 startStep=18 endStep=22
2025-08-22,18,24,dswrf_to_lead,DSM,OK,short_name=sdswrf units=W m**-2 startStep=18 endStep=24
2025-08-22,18,22,dswrf_to_lead_minus2,DSM,OK,short_name=sdswrf units=W m**-2 startStep=18 endStep=22
2025-08-29,18,24,dswrf_to_lead,DSM,OK,short_name=sdswrf units=W m**-2 startStep=18 endStep=24
2025-08-29,18,22,dswrf_to_lead_minus2,DSM,OK,short_name=sdswrf units=W m**-2 startStep=18 endStep=22
2025-10-04,18,24,dswrf_to_lead,DSM,OK,short_name=sdswrf units=W m**-2 startStep=18 endStep=24
2025-10-04,18,22,dswrf_to_lead_minus2,DSM,OK,short_name=sdswrf units=W m**-2 startStep=18 endStep=22
2025-08-15,18,24,dswrf_to_lead,DSM,OK,short_name=sdswrf units=W m**-2 startStep=18 endStep=24
2025-08-15,18,22,dswrf_to_lead_minus2,DSM,OK,short_name=sdswrf units=W m**-2 startStep=18 endStep=22
2025-09-09,18,24,dswrf_to_lead,DSM,OK,short_name=sdswrf units=W m**-2 startStep=18 endStep=24
2025-09-09,18,22,dswrf_to_lead_minus2,DSM,OK,short_name=sdswrf units=W m**-2 startStep=18 endStep=22
2025-10-18,18,24,dswrf_to_lead,DSM,OK,short_name=sdswrf units=W m**-2 startStep=18 endStep=24
2025-10-18,18,22,dswrf_to_lead_minus2,DSM,OK,short_name=sdswrf units=W m**-2 startStep=18 endStep=22
2025-10-21,18,24,dswrf_to_lead,DSM,OK,short_name=sdswrf units=W m**-2 startStep=18 endStep=24
2025-10-21,18,22,dswrf_to_lead_minus2,DSM,OK,short_name=sdswrf units=W m**-2 startStep=18 endStep=22
2025-09-27,18,24,dswrf_to_lead,DSM,OK,short_name=sdswrf units=W m**-2 startStep=18 endStep=24
2025-09-27,18,22,dswrf_to_lead_minus2,DSM,OK,short_name=sdswrf units=W m**-2 startStep=18 endStep=22
2025-09-12,18,24,dswrf_to_lead,DSM,OK,short_name=sdswrf units=W m**-2 startStep=18 endStep=24
2025-09-12,18,22,dswrf_to_lead_minus2,DSM,OK,short_name=sdswrf units=W m**-2 startStep=18 endStep=22
2025-09-28,18,24,dswrf_to_lead,DSM,OK,short_name=sdswrf units=W m**-2 startStep=18 endStep=24
2025-09-28,18,22,dswrf_to_lead_minus2,DSM,OK,short_name=sdswrf units=W m**-2 startStep=18 endStep=22
2025-10-20,18,24,dswrf_to_lead,DSM,OK,short_name=sdswrf units=W m**-2 startStep=18 endStep=24
2025-10-20,18,22,dswrf_to_lead_minus2,DSM,OK,short_name=sdswrf units=W m**-2 startStep=18 endStep=22
2025-10-06,18,24,dswrf_to_lead,DSM,OK,short_name=sdswrf units=W m**-2 startStep=18 endStep=24
2025-10-06,18,22,dswrf_to_lead_minus2,DSM,OK,short_name=sdswrf units=W m**-2 startStep=18 endStep=22
2025-09-16,18,24,dswrf_to_lead,DSM,OK,short_name=sdswrf units=W m**-2 startStep=18 endStep=24
2025-09-16,18,22,dswrf_to_lead_minus2,DSM,OK,short_name=sdswrf units=W m**-2 startStep=18 endStep=22
2025-11-01,18,24,dswrf_to_lead,DSM,OK,short_name=sdswrf units=W m**-2 startStep=18 endStep=24
2025-11-01,18,22,dswrf_to_lead_minus2,DSM,OK,short_name=sdswrf units=W m**-2 startStep=18 endStep=22
2025-10-15,18,24,dswrf_to_lead,DSM,OK,short_name=sdswrf units=W m**-2 startStep=18 endStep=24
2025-10-15,18,22,dswrf_to_lead_minus2,DSM,OK,short_name=sdswrf units=W m**-2 startStep=18 endStep=22
2025-10-02,18,24,dswrf_to_lead,DSM,OK,short_name=sdswrf units=W m**-2 startStep=18 endStep=24
2025-10-02,18,22,dswrf_to_lead_minus2,DSM,OK,short_name=sdswrf units=W m**-2 startStep=18 endStep=22
2025-10-09,18,24,dswrf_to_lead,DSM,OK,short_name=sdswrf units=W m**-2 startStep=18 endStep=24
2025-10-09,18,22,dswrf_to_lead_minus2,DSM,OK,short_name=sdswrf units=W m**-2 startStep=18 endStep=22
2025-10-07,18,24,dswrf_to_lead,DSM,OK,short_name=sdswrf units=W m**-2 startStep=18 endStep=24
2025-10-07,18,22,dswrf_to_lead_minus2,DSM,OK,short_name=sdswrf units=W m**-2 startStep=18 endStep=22
2025-10-17,18,24,dswrf_to_lead,DSM,OK,short_name=sdswrf units=W m**-2 startStep=18 endStep=24
2025-10-17,18,22,dswrf_to_lead_minus2,DSM,OK,short_name=sdswrf units=W m**-2 startStep=18 endStep=22
2025-10-12,18,24,dswrf_to_lead,DSM,OK,short_name=sdswrf units=W m**-2 startStep=18 endStep=24
2025-10-12,18,22,dswrf_to_lead_minus2,DSM,OK,short_name=sdswrf units=W m**-2 startStep=18 endStep=22
2025-10-26,18,24,dswrf_to_lead,DSM,OK,short_name=sdswrf units=W m**-2 startStep=18 endStep=24
2025-10-26,18,22,dswrf_to_lead_minus2,DSM,OK,short_name=sdswrf units=W m**-2 startStep=18 endStep=22
2025-10-24,18,24,dswrf_to_lead,DSM,OK,short_name=sdswrf units=W m**-2 startStep=18 endStep=24
2025-10-24,18,22,dswrf_to_lead_minus2,DSM,OK,short_name=sdswrf units=W m**-2 startStep=18 endStep=22
2025-11-12,18,24,dswrf_to_lead,DSM,OK,short_name=sdswrf units=W m**-2 startStep=18 endStep=24
2025-11-12,18,22,dswrf_to_lead_minus2,DSM,OK,short_name=sdswrf units=W m**-2 startStep=18 endStep=22
2025-10-13,18,24,dswrf_to_lead,DSM,OK,short_name=sdswrf units=W m**-2 startStep=18 endStep=24
2025-10-13,18,22,dswrf_to_lead_minus2,DSM,OK,short_name=sdswrf units=W m**-2 startStep=18 endStep=22
2025-10-19,18,24,dswrf_to_lead,DSM,OK,short_name=sdswrf units=W m**-2 startStep=18 endStep=24
2025-10-19,18,22,dswrf_to_lead_minus2,DSM,OK,short_name=sdswrf units=W m**-2 startStep=18 endStep=22
2025-10-23,18,24,dswrf_to_lead,DSM,OK,short_name=sdswrf units=W m**-2 startStep=18 endStep=24
2025-10-23,18,22,dswrf_to_lead_minus2,DSM,OK,short_name=sdswrf units=W m**-2 startStep=18 endStep=22
2025-09-30,18,24,dswrf_to_lead,DSM,OK,short_name=sdswrf units=W m**-2 startStep=18 endStep=24
2025-09-30,18,22,dswrf_to_lead_minus2,DSM,OK,short_name=sdswrf units=W m**-2 startStep=18 endStep=22
2025-10-14,18,24,dswrf_to_lead,DSM,OK,short_name=sdswrf units=W m**-2 startStep=18 endStep=24
2025-10-14,18,22,dswrf_to_lead_minus2,DSM,OK,short_name=sdswrf units=W m**-2 startStep=18 endStep=22
2025-11-22,18,24,dswrf_to_lead,DSM,OK,short_name=sdswrf units=W m**-2 startStep=18 endStep=24
2025-11-22,18,22,dswrf_to_lead_minus2,DSM,OK,short_name=sdswrf units=W m**-2 startStep=18 endStep=22
2025-10-08,18,24,dswrf_to_lead,DSM,OK,short_name=sdswrf units=W m**-2 startStep=18 endStep=24
2025-10-08,18,22,dswrf_to_lead_minus2,DSM,OK,short_name=sdswrf units=W m**-2 startStep=18 endStep=22
2025-11-29,18,24,dswrf_to_lead,DSM,OK,short_name=sdswrf units=W m**-2 startStep=18 endStep=24
2025-11-29,18,22,dswrf_to_lead_minus2,DSM,OK,short_name=sdswrf units=W m**-2 startStep=18 endStep=22
2025-10-29,18,24,dswrf_to_lead,DSM,OK,short_name=sdswrf units=W m**-2 startStep=18 endStep=24
2025-10-29,18,22,dswrf_to_lead_minus2,DSM,OK,short_name=sdswrf units=W m**-2 startStep=18 endStep=22
2025-10-01,18,24,dswrf_to_lead,DSM,OK,short_name=sdswrf units=W m**-2 startStep=18 endStep=24
2025-10-01,18,22,dswrf_to_lead_minus2,DSM,OK,short_name=sdswrf units=W m**-2 startStep=18 endStep=22
2025-11-18,18,24,dswrf_to_lead,DSM,OK,short_name=sdswrf units=W m**-2 startStep=18 endStep=24
2025-11-18,18,22,dswrf_to_lead_minus2,DSM,OK,short_name=sdswrf units=W m**-2 startStep=18 endStep=22
2025-10-16,18,24,dswrf_to_lead,DSM,OK,short_name=sdswrf units=W m**-2 startStep=18 endStep=24
2025-10-16,18,22,dswrf_to_lead_minus2,DSM,OK,short_name=sdswrf units=W m**-2 startStep=18 endStep=22
2025-10-03,18,24,dswrf_to_lead,DSM,OK,short_name=sdswrf units=W m**-2 startStep=18 endStep=24
2025-10-03,18,22,dswrf_to_lead_minus2,DSM,OK,short_name=sdswrf units=W m**-2 startStep=18 endStep=22
2025-11-23,18,24,dswrf_to_lead,DSM,OK,short_name=sdswrf units=W m**-2 startStep=18 endStep=24
2025-11-23,18,22,dswrf_to_lead_minus2,DSM,OK,short_name=sdswrf units=W m**-2 startStep=18 endStep=22
2025-11-06,18,24,dswrf_to_lead,DSM,OK,short_name=sdswrf units=W m**-2 startStep=18 endStep=24
2025-11-06,18,22,dswrf_to_lead_minus2,DSM,OK,short_name=sdswrf units=W m**-2 startStep=18 endStep=22
2025-10-11,18,24,dswrf_to_lead,DSM,OK,short_name=sdswrf units=W m**-2 startStep=18 endStep=24
2025-10-11,18,22,dswrf_to_lead_minus2,DSM,OK,short_name=sdswrf units=W m**-2 startStep=18 endStep=22
2025-11-14,18,24,dswrf_to_lead,DSM,OK,short_name=sdswrf units=W m**-2 startStep=18 endStep=24
2025-11-14,18,22,dswrf_to_lead_minus2,DSM,OK,short_name=sdswrf units=W m**-2 startStep=18 endStep=22
2025-09-24,18,24,dswrf_to_lead,DSM,OK,short_name=sdswrf units=W m**-2 startStep=18 endStep=24
2025-09-24,18,22,dswrf_to_lead_minus2,DSM,OK,short_name=sdswrf units=W m**-2 startStep=18 endStep=22
2025-10-30,18,24,dswrf_to_lead,DSM,OK,short_name=sdswrf units=W m**-2 startStep=18 endStep=24
2025-10-30,18,22,dswrf_to_lead_minus2,DSM,OK,short_name=sdswrf units=W m**-2 startStep=18 endStep=22
2025-11-08,18,24,dswrf_to_lead,DSM,OK,short_name=sdswrf units=W m**-2 startStep=18 endStep=24
2025-11-08,18,22,dswrf_to_lead_minus2,DSM,OK,short_name=sdswrf units=W m**-2 startStep=18 endStep=22
2025-10-22,18,24,dswrf_to_lead,DSM,OK,short_name=sdswrf units=W m**-2 startStep=18 endStep=24
2025-10-22,18,22,dswrf_to_lead_minus2,DSM,OK,short_name=sdswrf units=W m**-2 startStep=18 endStep=22
2025-11-07,18,24,dswrf_to_lead,DSM,OK,short_name=sdswrf units=W m**-2 startStep=18 endStep=24
2025-11-07,18,22,dswrf_to_lead_minus2,DSM,OK,short_name=sdswrf units=W m**-2 startStep=18 endStep=22
2025-10-05,18,24,dswrf_to_lead,DSM,OK,short_name=sdswrf units=W m**-2 startStep=18 endStep=24
2025-10-05,18,22,dswrf_to_lead_minus2,DSM,OK,short_name=sdswrf units=W m**-2 startStep=18 endStep=22
2025-10-10,18,24,dswrf_to_lead,DSM,OK,short_name=sdswrf units=W m**-2 startStep=18 endStep=24
2025-10-10,18,22,dswrf_to_lead_minus2,DSM,OK,short_name=sdswrf units=W m**-2 startStep=18 endStep=22
2025-12-01,18,24,dswrf_to_lead,DSM,OK,short_name=sdswrf units=W m**-2 startStep=18 endStep=24
2025-12-01,18,22,dswrf_to_lead_minus2,DSM,OK,short_name=sdswrf units=W m**-2 startStep=18 endStep=22
2025-12-02,18,24,dswrf_to_lead,DSM,OK,short_name=sdswrf units=W m**-2 startStep=18 endStep=24
2025-12-02,18,22,dswrf_to_lead_minus2,DSM,OK,short_name=sdswrf units=W m**-2 startStep=18 endStep=22
2025-09-23,18,24,dswrf_to_lead,DSM,OK,short_name=sdswrf units=W m**-2 startStep=18 endStep=24
2025-09-23,18,22,dswrf_to_lead_minus2,DSM,OK,short_name=sdswrf units=W m**-2 startStep=18 endStep=22
2025-11-10,18,24,dswrf_to_lead,DSM,OK,short_name=sdswrf units=W m**-2 startStep=18 endStep=24
2025-11-10,18,22,dswrf_to_lead_minus2,DSM,OK,short_name=sdswrf units=W m**-2 startStep=18 endStep=22
2025-10-25,18,24,dswrf_to_lead,DSM,OK,short_name=sdswrf units=W m**-2 startStep=18 endStep=24
2025-10-25,18,22,dswrf_to_lead_minus2,DSM,OK,short_name=sdswrf units=W m**-2 startStep=18 endStep=22
2025-11-04,18,24,dswrf_to_lead,DSM,OK,short_name=sdswrf units=W m**-2 startStep=18 endStep=24
2025-11-04,18,22,dswrf_to_lead_minus2,DSM,OK,short_name=sdswrf units=W m**-2 startStep=18 endStep=22
2025-12-06,18,24,dswrf_to_lead,DSM,OK,short_name=sdswrf units=W m**-2 startStep=18 endStep=24
2025-12-06,18,22,dswrf_to_lead_minus2,DSM,OK,short_name=sdswrf units=W m**-2 startStep=18 endStep=22
2025-11-02,18,24,dswrf_to_lead,DSM,OK,short_name=sdswrf units=W m**-2 startStep=18 endStep=24
2025-11-02,18,22,dswrf_to_lead_minus2,DSM,OK,short_name=sdswrf units=W m**-2 startStep=18 endStep=22
2025-11-28,18,24,dswrf_to_lead,DSM,OK,short_name=sdswrf units=W m**-2 startStep=18 endStep=24
2025-11-28,18,22,dswrf_to_lead_minus2,DSM,OK,short_name=sdswrf units=W m**-2 startStep=18 endStep=22
2025-10-31,18,24,dswrf_to_lead,DSM,OK,short_name=sdswrf units=W m**-2 startStep=18 endStep=24
2025-10-31,18,22,dswrf_to_lead_minus2,DSM,OK,short_name=sdswrf units=W m**-2 startStep=18 endStep=22
2025-11-05,18,24,dswrf_to_lead,DSM,OK,short_name=sdswrf units=W m**-2 startStep=18 endStep=24
2025-11-05,18,22,dswrf_to_lead_minus2,DSM,OK,short_name=sdswrf units=W m**-2 startStep=18 endStep=22
2025-11-16,18,24,dswrf_to_lead,DSM,OK,short_name=sdswrf units=W m**-2 startStep=18 endStep=24
2025-11-16,18,22,dswrf_to_lead_minus2,DSM,OK,short_name=sdswrf units=W m**-2 startStep=18 endStep=22
2025-11-11,18,24,dswrf_to_lead,DSM,OK,short_name=sdswrf units=W m**-2 startStep=18 endStep=24
2025-11-11,18,22,dswrf_to_lead_minus2,DSM,OK,short_name=sdswrf units=W m**-2 startStep=18 endStep=22
2025-12-03,18,24,dswrf_to_lead,DSM,OK,short_name=sdswrf units=W m**-2 startStep=18 endStep=24
2025-12-03,18,22,dswrf_to_lead_minus2,DSM,OK,short_name=sdswrf units=W m**-2 startStep=18 endStep=22
2025-12-07,18,24,dswrf_to_lead,DSM,OK,short_name=sdswrf units=W m**-2 startStep=18 endStep=24
2025-12-07,18,22,dswrf_to_lead_minus2,DSM,OK,short_name=sdswrf units=W m**-2 startStep=18 endStep=22
2025-11-13,18,24,dswrf_to_lead,DSM,OK,short_name=sdswrf units=W m**-2 startStep=18 endStep=24
2025-11-13,18,22,dswrf_to_lead_minus2,DSM,OK,short_name=sdswrf units=W m**-2 startStep=18 endStep=22
2025-10-28,18,24,dswrf_to_lead,DSM,OK,short_name=sdswrf units=W m**-2 startStep=18 endStep=24
2025-10-28,18,22,dswrf_to_lead_minus2,DSM,OK,short_name=sdswrf units=W m**-2 startStep=18 endStep=22
2025-12-11,18,24,dswrf_to_lead,DSM,OK,short_name=sdswrf units=W m**-2 startStep=18 endStep=24
2025-12-11,18,22,dswrf_to_lead_minus2,DSM,OK,short_name=sdswrf units=W m**-2 startStep=18 endStep=22
2025-12-23,18,24,dswrf_to_lead,DSM,OK,short_name=sdswrf units=W m**-2 startStep=18 endStep=24
2025-12-23,18,22,dswrf_to_lead_minus2,DSM,OK,short_name=sdswrf units=W m**-2 startStep=18 endStep=22
2025-12-28,18,24,dswrf_to_lead,DSM,OK,short_name=sdswrf units=W m**-2 startStep=18 endStep=24
2025-12-28,18,22,dswrf_to_lead_minus2,DSM,OK,short_name=sdswrf units=W m**-2 startStep=18 endStep=22
2025-12-09,18,24,dswrf_to_lead,DSM,OK,short_name=sdswrf units=W m**-2 startStep=18 endStep=24
2025-12-09,18,22,dswrf_to_lead_minus2,DSM,OK,short_name=sdswrf units=W m**-2 startStep=18 endStep=22
2025-12-12,18,24,dswrf_to_lead,DSM,OK,short_name=sdswrf units=W m**-2 startStep=18 endStep=24
2025-12-12,18,22,dswrf_to_lead_minus2,DSM,OK,short_name=sdswrf units=W m**-2 startStep=18 endStep=22
2025-11-21,18,24,dswrf_to_lead,DSM,OK,short_name=sdswrf units=W m**-2 startStep=18 endStep=24
2025-11-21,18,22,dswrf_to_lead_minus2,DSM,OK,short_name=sdswrf units=W m**-2 startStep=18 endStep=22
2025-11-26,18,24,dswrf_to_lead,DSM,OK,short_name=sdswrf units=W m**-2 startStep=18 endStep=24
2025-11-26,18,22,dswrf_to_lead_minus2,DSM,OK,short_name=sdswrf units=W m**-2 startStep=18 endStep=22
2025-12-22,18,24,dswrf_to_lead,DSM,OK,short_name=sdswrf units=W m**-2 startStep=18 endStep=24
2025-12-22,18,22,dswrf_to_lead_minus2,DSM,OK,short_name=sdswrf units=W m**-2 startStep=18 endStep=22
2025-11-09,18,24,dswrf_to_lead,DSM,OK,short_name=sdswrf units=W m**-2 startStep=18 endStep=24
2025-11-09,18,22,dswrf_to_lead_minus2,DSM,OK,short_name=sdswrf units=W m**-2 startStep=18 endStep=22
2025-12-14,18,24,dswrf_to_lead,DSM,OK,short_name=sdswrf units=W m**-2 startStep=18 endStep=24
2025-12-14,18,22,dswrf_to_lead_minus2,DSM,OK,short_name=sdswrf units=W m**-2 startStep=18 endStep=22
2025-12-29,18,24,dswrf_to_lead,DSM,OK,short_name=sdswrf units=W m**-2 startStep=18 endStep=24
2025-12-29,18,22,dswrf_to_lead_minus2,DSM,OK,short_name=sdswrf units=W m**-2 startStep=18 endStep=22
2025-11-19,18,24,dswrf_to_lead,DSM,OK,short_name=sdswrf units=W m**-2 startStep=18 endStep=24
2025-11-19,18,22,dswrf_to_lead_minus2,DSM,OK,short_name=sdswrf units=W m**-2 startStep=18 endStep=22
2025-11-17,18,24,dswrf_to_lead,DSM,OK,short_name=sdswrf units=W m**-2 startStep=18 endStep=24
2025-11-17,18,22,dswrf_to_lead_minus2,DSM,OK,short_name=sdswrf units=W m**-2 startStep=18 endStep=22
2025-11-03,18,24,dswrf_to_lead,DSM,OK,short_name=sdswrf units=W m**-2 startStep=18 endStep=24
2025-11-03,18,22,dswrf_to_lead_minus2,DSM,OK,short_name=sdswrf units=W m**-2 startStep=18 endStep=22
2025-12-27,18,24,dswrf_to_lead,DSM,OK,short_name=sdswrf units=W m**-2 startStep=18 endStep=24
2025-12-27,18,22,dswrf_to_lead_minus2,DSM,OK,short_name=sdswrf units=W m**-2 startStep=18 endStep=22
2025-11-15,18,24,dswrf_to_lead,DSM,OK,short_name=sdswrf units=W m**-2 startStep=18 endStep=24
2025-11-15,18,22,dswrf_to_lead_minus2,DSM,OK,short_name=sdswrf units=W m**-2 startStep=18 endStep=22
2025-12-13,18,24,dswrf_to_lead,DSM,OK,short_name=sdswrf units=W m**-2 startStep=18 endStep=24
2025-12-13,18,22,dswrf_to_lead_minus2,DSM,OK,short_name=sdswrf units=W m**-2 startStep=18 endStep=22
2025-12-05,18,24,dswrf_to_lead,DSM,OK,short_name=sdswrf units=W m**-2 startStep=18 endStep=24
2025-12-05,18,22,dswrf_to_lead_minus2,DSM,OK,short_name=sdswrf units=W m**-2 startStep=18 endStep=22
2025-11-30,18,24,dswrf_to_lead,DSM,OK,short_name=sdswrf units=W m**-2 startStep=18 endStep=24
2025-11-30,18,22,dswrf_to_lead_minus2,DSM,OK,short_name=sdswrf units=W m**-2 startStep=18 endStep=22
2025-11-20,18,24,dswrf_to_lead,DSM,OK,short_name=sdswrf units=W m**-2 startStep=18 endStep=24
2025-11-20,18,22,dswrf_to_lead_minus2,DSM,OK,short_name=sdswrf units=W m**-2 startStep=18 endStep=22
2025-12-15,18,24,dswrf_to_lead,DSM,OK,short_name=sdswrf units=W m**-2 startStep=18 endStep=24
2025-12-15,18,22,dswrf_to_lead_minus2,DSM,OK,short_name=sdswrf units=W m**-2 startStep=18 endStep=22
2025-12-19,18,24,dswrf_to_lead,DSM,OK,short_name=sdswrf units=W m**-2 startStep=18 endStep=24
2025-12-19,18,22,dswrf_to_lead_minus2,DSM,OK,short_name=sdswrf units=W m**-2 startStep=18 endStep=22
2025-11-24,18,24,dswrf_to_lead,DSM,OK,short_name=sdswrf units=W m**-2 startStep=18 endStep=24
2025-11-24,18,22,dswrf_to_lead_minus2,DSM,OK,short_name=sdswrf units=W m**-2 startStep=18 endStep=22
2025-12-04,18,24,dswrf_to_lead,DSM,OK,short_name=sdswrf units=W m**-2 startStep=18 endStep=24
2025-12-04,18,22,dswrf_to_lead_minus2,DSM,OK,short_name=sdswrf units=W m**-2 startStep=18 endStep=22
2025-12-17,18,24,dswrf_to_lead,DSM,OK,short_name=sdswrf units=W m**-2 startStep=18 endStep=24
2025-12-17,18,22,dswrf_to_lead_minus2,DSM,OK,short_name=sdswrf units=W m**-2 startStep=18 endStep=22
2025-12-20,18,24,dswrf_to_lead,DSM,OK,short_name=sdswrf units=W m**-2 startStep=18 endStep=24
2025-12-20,18,22,dswrf_to_lead_minus2,DSM,OK,short_name=sdswrf units=W m**-2 startStep=18 endStep=22
2026-01-06,18,24,dswrf_to_lead,DSM,OK,short_name=sdswrf units=W m**-2 startStep=18 endStep=24
2026-01-06,18,22,dswrf_to_lead_minus2,DSM,OK,short_name=sdswrf units=W m**-2 startStep=18 endStep=22
2025-12-21,18,24,dswrf_to_lead,DSM,OK,short_name=sdswrf units=W m**-2 startStep=18 endStep=24
2025-12-21,18,22,dswrf_to_lead_minus2,DSM,OK,short_name=sdswrf units=W m**-2 startStep=18 endStep=22
2025-11-27,18,24,dswrf_to_lead,DSM,OK,short_name=sdswrf units=W m**-2 startStep=18 endStep=24
2025-11-27,18,22,dswrf_to_lead_minus2,DSM,OK,short_name=sdswrf units=W m**-2 startStep=18 endStep=22
2026-01-08,18,24,dswrf_to_lead,DSM,OK,short_name=sdswrf units=W m**-2 startStep=18 endStep=24
2026-01-08,18,22,dswrf_to_lead_minus2,DSM,OK,short_name=sdswrf units=W m**-2 startStep=18 endStep=22
2025-10-27,18,24,dswrf_to_lead,DSM,OK,short_name=sdswrf units=W m**-2 startStep=18 endStep=24
2025-10-27,18,22,dswrf_to_lead_minus2,DSM,OK,short_name=sdswrf units=W m**-2 startStep=18 endStep=22
2025-12-18,18,24,dswrf_to_lead,DSM,OK,short_name=sdswrf units=W m**-2 startStep=18 endStep=24
2025-12-18,18,22,dswrf_to_lead_minus2,DSM,OK,short_name=sdswrf units=W m**-2 startStep=18 endStep=22
2026-01-04,18,24,dswrf_to_lead,DSM,OK,short_name=sdswrf units=W m**-2 startStep=18 endStep=24
2026-01-04,18,22,dswrf_to_lead_minus2,DSM,OK,short_name=sdswrf units=W m**-2 startStep=18 endStep=22
2026-01-17,18,24,dswrf_to_lead,DSM,OK,short_name=sdswrf units=W m**-2 startStep=18 endStep=24
2026-01-17,18,22,dswrf_to_lead_minus2,DSM,OK,short_name=sdswrf units=W m**-2 startStep=18 endStep=22
2026-01-10,18,24,dswrf_to_lead,DSM,OK,short_name=sdswrf units=W m**-2 startStep=18 endStep=24
2026-01-10,18,22,dswrf_to_lead_minus2,DSM,OK,short_name=sdswrf units=W m**-2 startStep=18 endStep=22
2025-12-31,18,24,dswrf_to_lead,DSM,OK,short_name=sdswrf units=W m**-2 startStep=18 endStep=24
2025-12-31,18,22,dswrf_to_lead_minus2,DSM,OK,short_name=sdswrf units=W m**-2 startStep=18 endStep=22
2025-12-08,18,24,dswrf_to_lead,DSM,OK,short_name=sdswrf units=W m**-2 startStep=18 endStep=24
2025-12-08,18,22,dswrf_to_lead_minus2,DSM,OK,short_name=sdswrf units=W m**-2 startStep=18 endStep=22
2026-01-21,18,24,dswrf_to_lead,DSM,OK,short_name=sdswrf units=W m**-2 startStep=18 endStep=24
2026-01-21,18,22,dswrf_to_lead_minus2,DSM,OK,short_name=sdswrf units=W m**-2 startStep=18 endStep=22
2025-12-16,18,24,dswrf_to_lead,DSM,OK,short_name=sdswrf units=W m**-2 startStep=18 endStep=24
2025-12-16,18,22,dswrf_to_lead_minus2,DSM,OK,short_name=sdswrf units=W m**-2 startStep=18 endStep=22
2026-01-12,18,24,dswrf_to_lead,DSM,OK,short_name=sdswrf units=W m**-2 startStep=18 endStep=24
2026-01-12,18,22,dswrf_to_lead_minus2,DSM,OK,short_name=sdswrf units=W m**-2 startStep=18 endStep=22
2025-12-10,18,24,dswrf_to_lead,DSM,OK,short_name=sdswrf units=W m**-2 startStep=18 endStep=24
2025-12-10,18,22,dswrf_to_lead_minus2,DSM,OK,short_name=sdswrf units=W m**-2 startStep=18 endStep=22
2026-01-27,18,24,dswrf_to_lead,DSM,OK,short_name=sdswrf units=W m**-2 startStep=18 endStep=24
2026-01-27,18,22,dswrf_to_lead_minus2,DSM,OK,short_name=sdswrf units=W m**-2 startStep=18 endStep=22
2025-11-25,18,24,dswrf_to_lead,DSM,OK,short_name=sdswrf units=W m**-2 startStep=18 endStep=24
2025-11-25,18,22,dswrf_to_lead_minus2,DSM,OK,short_name=sdswrf units=W m**-2 startStep=18 endStep=22
2026-01-25,18,24,dswrf_to_lead,DSM,OK,short_name=sdswrf units=W m**-2 startStep=18 endStep=24
2026-01-25,18,22,dswrf_to_lead_minus2,DSM,OK,short_name=sdswrf units=W m**-2 startStep=18 endStep=22
2026-01-02,18,24,dswrf_to_lead,DSM,OK,short_name=sdswrf units=W m**-2 startStep=18 endStep=24
2026-01-02,18,22,dswrf_to_lead_minus2,DSM,OK,short_name=sdswrf units=W m**-2 startStep=18 endStep=22
2026-01-23,18,24,dswrf_to_lead,DSM,OK,short_name=sdswrf units=W m**-2 startStep=18 endStep=24
2026-01-23,18,22,dswrf_to_lead_minus2,DSM,OK,short_name=sdswrf units=W m**-2 startStep=18 endStep=22
2025-12-25,18,24,dswrf_to_lead,DSM,OK,short_name=sdswrf units=W m**-2 startStep=18 endStep=24
2025-12-25,18,22,dswrf_to_lead_minus2,DSM,OK,short_name=sdswrf units=W m**-2 startStep=18 endStep=22
2026-01-15,18,24,dswrf_to_lead,DSM,OK,short_name=sdswrf units=W m**-2 startStep=18 endStep=24
2026-01-15,18,22,dswrf_to_lead_minus2,DSM,OK,short_name=sdswrf units=W m**-2 startStep=18 endStep=22
2025-12-26,18,24,dswrf_to_lead,DSM,OK,short_name=sdswrf units=W m**-2 startStep=18 endStep=24
2025-12-26,18,22,dswrf_to_lead_minus2,DSM,OK,short_name=sdswrf units=W m**-2 startStep=18 endStep=22
2026-01-07,18,24,dswrf_to_lead,DSM,OK,short_name=sdswrf units=W m**-2 startStep=18 endStep=24
2026-01-07,18,22,dswrf_to_lead_minus2,DSM,OK,short_name=sdswrf units=W m**-2 startStep=18 endStep=22
2026-01-30,18,24,dswrf_to_lead,DSM,OK,short_name=sdswrf units=W m**-2 startStep=18 endStep=24
2026-01-30,18,22,dswrf_to_lead_minus2,DSM,OK,short_name=sdswrf units=W m**-2 startStep=18 endStep=22
2026-01-31,18,24,dswrf_to_lead,DSM,OK,short_name=sdswrf units=W m**-2 startStep=18 endStep=24
2026-01-31,18,22,dswrf_to_lead_minus2,DSM,OK,short_name=sdswrf units=W m**-2 startStep=18 endStep=22
2026-01-24,18,24,dswrf_to_lead,DSM,OK,short_name=sdswrf units=W m**-2 startStep=18 endStep=24
2026-01-24,18,22,dswrf_to_lead_minus2,DSM,OK,short_name=sdswrf units=W m**-2 startStep=18 endStep=22
2026-01-26,18,24,dswrf_to_lead,DSM,OK,short_name=sdswrf units=W m**-2 startStep=18 endStep=24
2026-01-26,18,22,dswrf_to_lead_minus2,DSM,OK,short_name=sdswrf units=W m**-2 startStep=18 endStep=22
2026-01-01,18,24,dswrf_to_lead,DSM,OK,short_name=sdswrf units=W m**-2 startStep=18 endStep=24
2026-01-01,18,22,dswrf_to_lead_minus2,DSM,OK,short_name=sdswrf units=W m**-2 startStep=18 endStep=22
2026-02-04,18,24,dswrf_to_lead,DSM,OK,short_name=sdswrf units=W m**-2 startStep=18 endStep=24
2026-02-04,18,22,dswrf_to_lead_minus2,DSM,OK,short_name=sdswrf units=W m**-2 startStep=18 endStep=22
2026-01-05,18,24,dswrf_to_lead,DSM,OK,short_name=sdswrf units=W m**-2 startStep=18 endStep=24
2026-01-05,18,22,dswrf_to_lead_minus2,DSM,OK,short_name=sdswrf units=W m**-2 startStep=18 endStep=22
2026-01-19,18,24,dswrf_to_lead,DSM,OK,short_name=sdswrf units=W m**-2 startStep=18 endStep=24
2026-01-19,18,22,dswrf_to_lead_minus2,DSM,OK,short_name=sdswrf units=W m**-2 startStep=18 endStep=22
2026-01-13,18,24,dswrf_to_lead,DSM,OK,short_name=sdswrf units=W m**-2 startStep=18 endStep=24
2026-01-13,18,22,dswrf_to_lead_minus2,DSM,OK,short_name=sdswrf units=W m**-2 startStep=18 endStep=22
2025-12-24,18,24,dswrf_to_lead,DSM,OK,short_name=sdswrf units=W m**-2 startStep=18 endStep=24
2025-12-24,18,22,dswrf_to_lead_minus2,DSM,OK,short_name=sdswrf units=W m**-2 startStep=18 endStep=22
2026-01-28,18,24,dswrf_to_lead,DSM,OK,short_name=sdswrf units=W m**-2 startStep=18 endStep=24
2026-01-28,18,22,dswrf_to_lead_minus2,DSM,OK,short_name=sdswrf units=W m**-2 startStep=18 endStep=22
2026-01-22,18,24,dswrf_to_lead,DSM,OK,short_name=sdswrf units=W m**-2 startStep=18 endStep=24
2026-01-22,18,22,dswrf_to_lead_minus2,DSM,OK,short_name=sdswrf units=W m**-2 startStep=18 endStep=22
2026-02-13,18,24,dswrf_to_lead,DSM,OK,short_name=sdswrf units=W m**-2 startStep=18 endStep=24
2026-02-13,18,22,dswrf_to_lead_minus2,DSM,OK,short_name=sdswrf units=W m**-2 startStep=18 endStep=22
2026-02-16,18,24,dswrf_to_lead,DSM,OK,short_name=sdswrf units=W m**-2 startStep=18 endStep=24
2026-02-16,18,22,dswrf_to_lead_minus2,DSM,OK,short_name=sdswrf units=W m**-2 startStep=18 endStep=22
2025-12-30,18,24,dswrf_to_lead,DSM,OK,short_name=sdswrf units=W m**-2 startStep=18 endStep=24
2025-12-30,18,22,dswrf_to_lead_minus2,DSM,OK,short_name=sdswrf units=W m**-2 startStep=18 endStep=22
2026-02-10,18,24,dswrf_to_lead,DSM,OK,short_name=sdswrf units=W m**-2 startStep=18 endStep=24
2026-02-10,18,22,dswrf_to_lead_minus2,DSM,OK,short_name=sdswrf units=W m**-2 startStep=18 endStep=22
2026-01-29,18,24,dswrf_to_lead,DSM,OK,short_name=sdswrf units=W m**-2 startStep=18 endStep=24
2026-01-29,18,22,dswrf_to_lead_minus2,DSM,OK,short_name=sdswrf units=W m**-2 startStep=18 endStep=22
2026-01-20,18,24,dswrf_to_lead,DSM,OK,short_name=sdswrf units=W m**-2 startStep=18 endStep=24
2026-01-20,18,22,dswrf_to_lead_minus2,DSM,OK,short_name=sdswrf units=W m**-2 startStep=18 endStep=22
2026-02-22,18,24,dswrf_to_lead,DSM,OK,short_name=sdswrf units=W m**-2 startStep=18 endStep=24
2026-02-22,18,22,dswrf_to_lead_minus2,DSM,OK,short_name=sdswrf units=W m**-2 startStep=18 endStep=22
2026-01-18,18,24,dswrf_to_lead,DSM,OK,short_name=sdswrf units=W m**-2 startStep=18 endStep=24
2026-01-18,18,22,dswrf_to_lead_minus2,DSM,OK,short_name=sdswrf units=W m**-2 startStep=18 endStep=22
2026-02-08,18,24,dswrf_to_lead,DSM,OK,short_name=sdswrf units=W m**-2 startStep=18 endStep=24
2026-02-08,18,22,dswrf_to_lead_minus2,DSM,OK,short_name=sdswrf units=W m**-2 startStep=18 endStep=22
2026-02-06,18,24,dswrf_to_lead,DSM,OK,short_name=sdswrf units=W m**-2 startStep=18 endStep=24
2026-02-06,18,22,dswrf_to_lead_minus2,DSM,OK,short_name=sdswrf units=W m**-2 startStep=18 endStep=22
2026-02-14,18,24,dswrf_to_lead,DSM,OK,short_name=sdswrf units=W m**-2 startStep=18 endStep=24
2026-02-14,18,22,dswrf_to_lead_minus2,DSM,OK,short_name=sdswrf units=W m**-2 startStep=18 endStep=22
2026-01-09,18,24,dswrf_to_lead,DSM,OK,short_name=sdswrf units=W m**-2 startStep=18 endStep=24
2026-01-09,18,22,dswrf_to_lead_minus2,DSM,OK,short_name=sdswrf units=W m**-2 startStep=18 endStep=22
2026-01-14,18,24,dswrf_to_lead,DSM,OK,short_name=sdswrf units=W m**-2 startStep=18 endStep=24
2026-01-14,18,22,dswrf_to_lead_minus2,DSM,OK,short_name=sdswrf units=W m**-2 startStep=18 endStep=22
2026-02-28,18,24,dswrf_to_lead,DSM,OK,short_name=sdswrf units=W m**-2 startStep=18 endStep=24
2026-02-28,18,22,dswrf_to_lead_minus2,DSM,OK,short_name=sdswrf units=W m**-2 startStep=18 endStep=22
2026-02-23,18,24,dswrf_to_lead,DSM,OK,short_name=sdswrf units=W m**-2 startStep=18 endStep=24
2026-02-23,18,22,dswrf_to_lead_minus2,DSM,OK,short_name=sdswrf units=W m**-2 startStep=18 endStep=22
2026-02-18,18,24,dswrf_to_lead,DSM,OK,short_name=sdswrf units=W m**-2 startStep=18 endStep=24
2026-02-18,18,22,dswrf_to_lead_minus2,DSM,OK,short_name=sdswrf units=W m**-2 startStep=18 endStep=22
2026-02-21,18,24,dswrf_to_lead,DSM,OK,short_name=sdswrf units=W m**-2 startStep=18 endStep=24
2026-02-21,18,22,dswrf_to_lead_minus2,DSM,OK,short_name=sdswrf units=W m**-2 startStep=18 endStep=22
2026-01-11,18,24,dswrf_to_lead,DSM,OK,short_name=sdswrf units=W m**-2 startStep=18 endStep=24
2026-01-11,18,22,dswrf_to_lead_minus2,DSM,OK,short_name=sdswrf units=W m**-2 startStep=18 endStep=22
2026-02-24,18,24,dswrf_to_lead,DSM,OK,short_name=sdswrf units=W m**-2 startStep=18 endStep=24
2026-02-24,18,22,dswrf_to_lead_minus2,DSM,OK,short_name=sdswrf units=W m**-2 startStep=18 endStep=22
2026-02-25,18,24,dswrf_to_lead,DSM,OK,short_name=sdswrf units=W m**-2 startStep=18 endStep=24
2026-02-25,18,22,dswrf_to_lead_minus2,DSM,OK,short_name=sdswrf units=W m**-2 startStep=18 endStep=22
2026-02-09,18,24,dswrf_to_lead,DSM,OK,short_name=sdswrf units=W m**-2 startStep=18 endStep=24
2026-02-09,18,22,dswrf_to_lead_minus2,DSM,OK,short_name=sdswrf units=W m**-2 startStep=18 endStep=22
2026-02-03,18,24,dswrf_to_lead,DSM,OK,short_name=sdswrf units=W m**-2 startStep=18 endStep=24
2026-02-03,18,22,dswrf_to_lead_minus2,DSM,OK,short_name=sdswrf units=W m**-2 startStep=18 endStep=22
2026-02-15,18,24,dswrf_to_lead,DSM,OK,short_name=sdswrf units=W m**-2 startStep=18 endStep=24
2026-02-15,18,22,dswrf_to_lead_minus2,DSM,OK,short_name=sdswrf units=W m**-2 startStep=18 endStep=22
2026-01-16,18,24,dswrf_to_lead,DSM,OK,short_name=sdswrf units=W m**-2 startStep=18 endStep=24
2026-01-16,18,22,dswrf_to_lead_minus2,DSM,OK,short_name=sdswrf units=W m**-2 startStep=18 endStep=22
2026-02-17,18,24,dswrf_to_lead,DSM,OK,short_name=sdswrf units=W m**-2 startStep=18 endStep=24
2026-02-17,18,22,dswrf_to_lead_minus2,DSM,OK,short_name=sdswrf units=W m**-2 startStep=18 endStep=22
2026-02-26,18,24,dswrf_to_lead,DSM,OK,short_name=sdswrf units=W m**-2 startStep=18 endStep=24
2026-02-26,18,22,dswrf_to_lead_minus2,DSM,OK,short_name=sdswrf units=W m**-2 startStep=18 endStep=22
2026-02-01,18,24,dswrf_to_lead,DSM,OK,short_name=sdswrf units=W m**-2 startStep=18 endStep=24
2026-02-01,18,22,dswrf_to_lead_minus2,DSM,OK,short_name=sdswrf units=W m**-2 startStep=18 endStep=22
2026-01-03,18,24,dswrf_to_lead,DSM,OK,short_name=sdswrf units=W m**-2 startStep=18 endStep=24
2026-01-03,18,22,dswrf_to_lead_minus2,DSM,OK,short_name=sdswrf units=W m**-2 startStep=18 endStep=22
2026-03-20,18,24,dswrf_to_lead,DSM,OK,short_name=sdswrf units=W m**-2 startStep=18 endStep=24
2026-03-20,18,22,dswrf_to_lead_minus2,DSM,OK,short_name=sdswrf units=W m**-2 startStep=18 endStep=22
2026-02-11,18,24,dswrf_to_lead,DSM,OK,short_name=sdswrf units=W m**-2 startStep=18 endStep=24
2026-02-11,18,22,dswrf_to_lead_minus2,DSM,OK,short_name=sdswrf units=W m**-2 startStep=18 endStep=22
2026-02-19,18,24,dswrf_to_lead,DSM,OK,short_name=sdswrf units=W m**-2 startStep=18 endStep=24
2026-02-19,18,22,dswrf_to_lead_minus2,DSM,OK,short_name=sdswrf units=W m**-2 startStep=18 endStep=22
2026-02-07,18,24,dswrf_to_lead,DSM,OK,short_name=sdswrf units=W m**-2 startStep=18 endStep=24
2026-02-07,18,22,dswrf_to_lead_minus2,DSM,OK,short_name=sdswrf units=W m**-2 startStep=18 endStep=22
2026-03-14,18,24,dswrf_to_lead,DSM,OK,short_name=sdswrf units=W m**-2 startStep=18 endStep=24
2026-03-14,18,22,dswrf_to_lead_minus2,DSM,OK,short_name=sdswrf units=W m**-2 startStep=18 endStep=22
2026-02-27,18,24,dswrf_to_lead,DSM,OK,short_name=sdswrf units=W m**-2 startStep=18 endStep=24
2026-02-27,18,22,dswrf_to_lead_minus2,DSM,OK,short_name=sdswrf units=W m**-2 startStep=18 endStep=22
2026-03-08,18,24,dswrf_to_lead,DSM,OK,short_name=sdswrf units=W m**-2 startStep=18 endStep=24
2026-03-08,18,22,dswrf_to_lead_minus2,DSM,OK,short_name=sdswrf units=W m**-2 startStep=18 endStep=22
2026-03-06,18,24,dswrf_to_lead,DSM,OK,short_name=sdswrf units=W m**-2 startStep=18 endStep=24
2026-03-06,18,22,dswrf_to_lead_minus2,DSM,OK,short_name=sdswrf units=W m**-2 startStep=18 endStep=22
2026-03-01,18,24,dswrf_to_lead,DSM,OK,short_name=sdswrf units=W m**-2 startStep=18 endStep=24
2026-03-01,18,22,dswrf_to_lead_minus2,DSM,OK,short_name=sdswrf units=W m**-2 startStep=18 endStep=22
2026-02-05,18,24,dswrf_to_lead,DSM,OK,short_name=sdswrf units=W m**-2 startStep=18 endStep=24
2026-02-05,18,22,dswrf_to_lead_minus2,DSM,OK,short_name=sdswrf units=W m**-2 startStep=18 endStep=22
2026-03-18,18,24,dswrf_to_lead,DSM,OK,short_name=sdswrf units=W m**-2 startStep=18 endStep=24
2026-03-18,18,22,dswrf_to_lead_minus2,DSM,OK,short_name=sdswrf units=W m**-2 startStep=18 endStep=22
2026-03-26,18,24,dswrf_to_lead,DSM,OK,short_name=sdswrf units=W m**-2 startStep=18 endStep=24
2026-03-26,18,22,dswrf_to_lead_minus2,DSM,OK,short_name=sdswrf units=W m**-2 startStep=18 endStep=22
2026-03-16,18,24,dswrf_to_lead,DSM,OK,short_name=sdswrf units=W m**-2 startStep=18 endStep=24
2026-03-16,18,22,dswrf_to_lead_minus2,DSM,OK,short_name=sdswrf units=W m**-2 startStep=18 endStep=22
2026-03-12,18,24,dswrf_to_lead,DSM,OK,short_name=sdswrf units=W m**-2 startStep=18 endStep=24
2026-03-12,18,22,dswrf_to_lead_minus2,DSM,OK,short_name=sdswrf units=W m**-2 startStep=18 endStep=22
2026-03-07,18,24,dswrf_to_lead,DSM,OK,short_name=sdswrf units=W m**-2 startStep=18 endStep=24
2026-03-07,18,22,dswrf_to_lead_minus2,DSM,OK,short_name=sdswrf units=W m**-2 startStep=18 endStep=22
2026-04-05,18,24,dswrf_to_lead,DSM,OK,short_name=sdswrf units=W m**-2 startStep=18 endStep=24
2026-04-05,18,22,dswrf_to_lead_minus2,DSM,OK,short_name=sdswrf units=W m**-2 startStep=18 endStep=22
2026-03-24,18,24,dswrf_to_lead,DSM,OK,short_name=sdswrf units=W m**-2 startStep=18 endStep=24
2026-03-24,18,22,dswrf_to_lead_minus2,DSM,OK,short_name=sdswrf units=W m**-2 startStep=18 endStep=22
2026-02-02,18,24,dswrf_to_lead,DSM,OK,short_name=sdswrf units=W m**-2 startStep=18 endStep=24
2026-02-02,18,22,dswrf_to_lead_minus2,DSM,OK,short_name=sdswrf units=W m**-2 startStep=18 endStep=22
2026-03-22,18,24,dswrf_to_lead,DSM,OK,short_name=sdswrf units=W m**-2 startStep=18 endStep=24
2026-03-22,18,22,dswrf_to_lead_minus2,DSM,OK,short_name=sdswrf units=W m**-2 startStep=18 endStep=22
2026-03-31,18,24,dswrf_to_lead,DSM,OK,short_name=sdswrf units=W m**-2 startStep=18 endStep=24
2026-03-31,18,22,dswrf_to_lead_minus2,DSM,OK,short_name=sdswrf units=W m**-2 startStep=18 endStep=22
2026-03-23,18,24,dswrf_to_lead,DSM,OK,short_name=sdswrf units=W m**-2 startStep=18 endStep=24
2026-03-23,18,22,dswrf_to_lead_minus2,DSM,OK,short_name=sdswrf units=W m**-2 startStep=18 endStep=22
2026-04-03,18,24,dswrf_to_lead,DSM,OK,short_name=sdswrf units=W m**-2 startStep=18 endStep=24
2026-04-03,18,22,dswrf_to_lead_minus2,DSM,OK,short_name=sdswrf units=W m**-2 startStep=18 endStep=22
2026-03-17,18,24,dswrf_to_lead,DSM,OK,short_name=sdswrf units=W m**-2 startStep=18 endStep=24
2026-03-17,18,22,dswrf_to_lead_minus2,DSM,OK,short_name=sdswrf units=W m**-2 startStep=18 endStep=22
2026-04-06,18,24,dswrf_to_lead,DSM,OK,short_name=sdswrf units=W m**-2 startStep=18 endStep=24
2026-04-06,18,22,dswrf_to_lead_minus2,DSM,OK,short_name=sdswrf units=W m**-2 startStep=18 endStep=22
2026-03-27,18,24,dswrf_to_lead,DSM,OK,short_name=sdswrf units=W m**-2 startStep=18 endStep=24
2026-03-27,18,22,dswrf_to_lead_minus2,DSM,OK,short_name=sdswrf units=W m**-2 startStep=18 endStep=22
2026-03-11,18,24,dswrf_to_lead,DSM,OK,short_name=sdswrf units=W m**-2 startStep=18 endStep=24
2026-03-11,18,22,dswrf_to_lead_minus2,DSM,OK,short_name=sdswrf units=W m**-2 startStep=18 endStep=22
2026-03-02,18,24,dswrf_to_lead,DSM,OK,short_name=sdswrf units=W m**-2 startStep=18 endStep=24
2026-03-02,18,22,dswrf_to_lead_minus2,DSM,OK,short_name=sdswrf units=W m**-2 startStep=18 endStep=22
2026-04-08,18,24,dswrf_to_lead,DSM,OK,short_name=sdswrf units=W m**-2 startStep=18 endStep=24
2026-04-08,18,22,dswrf_to_lead_minus2,DSM,OK,short_name=sdswrf units=W m**-2 startStep=18 endStep=22
2026-03-03,18,24,dswrf_to_lead,DSM,OK,short_name=sdswrf units=W m**-2 startStep=18 endStep=24
2026-03-03,18,22,dswrf_to_lead_minus2,DSM,OK,short_name=sdswrf units=W m**-2 startStep=18 endStep=22
2026-03-30,18,24,dswrf_to_lead,DSM,OK,short_name=sdswrf units=W m**-2 startStep=18 endStep=24
2026-03-30,18,22,dswrf_to_lead_minus2,DSM,OK,short_name=sdswrf units=W m**-2 startStep=18 endStep=22
2026-04-01,18,24,dswrf_to_lead,DSM,OK,short_name=sdswrf units=W m**-2 startStep=18 endStep=24
2026-04-01,18,22,dswrf_to_lead_minus2,DSM,OK,short_name=sdswrf units=W m**-2 startStep=18 endStep=22
2026-02-12,18,24,dswrf_to_lead,DSM,OK,short_name=sdswrf units=W m**-2 startStep=18 endStep=24
2026-02-12,18,22,dswrf_to_lead_minus2,DSM,OK,short_name=sdswrf units=W m**-2 startStep=18 endStep=22
2026-03-19,18,24,dswrf_to_lead,DSM,OK,short_name=sdswrf units=W m**-2 startStep=18 endStep=24
2026-03-19,18,22,dswrf_to_lead_minus2,DSM,OK,short_name=sdswrf units=W m**-2 startStep=18 endStep=22
2026-04-02,18,24,dswrf_to_lead,DSM,OK,short_name=sdswrf units=W m**-2 startStep=18 endStep=24
2026-04-02,18,22,dswrf_to_lead_minus2,DSM,OK,short_name=sdswrf units=W m**-2 startStep=18 endStep=22
2026-03-09,18,24,dswrf_to_lead,DSM,OK,short_name=sdswrf units=W m**-2 startStep=18 endStep=24
2026-03-09,18,22,dswrf_to_lead_minus2,DSM,OK,short_name=sdswrf units=W m**-2 startStep=18 endStep=22
2026-04-16,18,24,dswrf_to_lead,DSM,OK,short_name=sdswrf units=W m**-2 startStep=18 endStep=24
2026-04-16,18,22,dswrf_to_lead_minus2,DSM,OK,short_name=sdswrf units=W m**-2 startStep=18 endStep=22
2026-03-15,18,24,dswrf_to_lead,DSM,OK,short_name=sdswrf units=W m**-2 startStep=18 endStep=24
2026-03-15,18,22,dswrf_to_lead_minus2,DSM,OK,short_name=sdswrf units=W m**-2 startStep=18 endStep=22
2026-04-09,18,24,dswrf_to_lead,DSM,OK,short_name=sdswrf units=W m**-2 startStep=18 endStep=24
2026-04-09,18,22,dswrf_to_lead_minus2,DSM,OK,short_name=sdswrf units=W m**-2 startStep=18 endStep=22
2026-04-26,18,24,dswrf_to_lead,DSM,OK,short_name=sdswrf units=W m**-2 startStep=18 endStep=24
2026-04-26,18,22,dswrf_to_lead_minus2,DSM,OK,short_name=sdswrf units=W m**-2 startStep=18 endStep=22
2026-03-10,18,24,dswrf_to_lead,DSM,OK,short_name=sdswrf units=W m**-2 startStep=18 endStep=24
2026-03-10,18,22,dswrf_to_lead_minus2,DSM,OK,short_name=sdswrf units=W m**-2 startStep=18 endStep=22
2026-03-21,18,24,dswrf_to_lead,DSM,OK,short_name=sdswrf units=W m**-2 startStep=18 endStep=24
2026-03-21,18,22,dswrf_to_lead_minus2,DSM,OK,short_name=sdswrf units=W m**-2 startStep=18 endStep=22
2026-03-05,18,24,dswrf_to_lead,DSM,OK,short_name=sdswrf units=W m**-2 startStep=18 endStep=24
2026-03-05,18,22,dswrf_to_lead_minus2,DSM,OK,short_name=sdswrf units=W m**-2 startStep=18 endStep=22
2026-03-04,18,24,dswrf_to_lead,DSM,OK,short_name=sdswrf units=W m**-2 startStep=18 endStep=24
2026-03-04,18,22,dswrf_to_lead_minus2,DSM,OK,short_name=sdswrf units=W m**-2 startStep=18 endStep=22
2026-03-29,18,24,dswrf_to_lead,DSM,OK,short_name=sdswrf units=W m**-2 startStep=18 endStep=24
2026-03-29,18,22,dswrf_to_lead_minus2,DSM,OK,short_name=sdswrf units=W m**-2 startStep=18 endStep=22
2026-05-07,18,24,dswrf_to_lead,DSM,OK,short_name=sdswrf units=W m**-2 startStep=18 endStep=24
2026-05-07,18,22,dswrf_to_lead_minus2,DSM,OK,short_name=sdswrf units=W m**-2 startStep=18 endStep=22
2026-02-20,18,24,dswrf_to_lead,DSM,OK,short_name=sdswrf units=W m**-2 startStep=18 endStep=24
2026-02-20,18,22,dswrf_to_lead_minus2,DSM,OK,short_name=sdswrf units=W m**-2 startStep=18 endStep=22
2026-05-02,18,24,dswrf_to_lead,DSM,OK,short_name=sdswrf units=W m**-2 startStep=18 endStep=24
2026-05-02,18,22,dswrf_to_lead_minus2,DSM,OK,short_name=sdswrf units=W m**-2 startStep=18 endStep=22
2026-05-10,18,24,dswrf_to_lead,DSM,OK,short_name=sdswrf units=W m**-2 startStep=18 endStep=24
2026-05-10,18,22,dswrf_to_lead_minus2,DSM,OK,short_name=sdswrf units=W m**-2 startStep=18 endStep=22
2026-04-19,18,24,dswrf_to_lead,DSM,OK,short_name=sdswrf units=W m**-2 startStep=18 endStep=24
2026-04-19,18,22,dswrf_to_lead_minus2,DSM,OK,short_name=sdswrf units=W m**-2 startStep=18 endStep=22
2026-04-20,18,24,dswrf_to_lead,DSM,OK,short_name=sdswrf units=W m**-2 startStep=18 endStep=24
2026-04-20,18,22,dswrf_to_lead_minus2,DSM,OK,short_name=sdswrf units=W m**-2 startStep=18 endStep=22
2026-04-11,18,24,dswrf_to_lead,DSM,OK,short_name=sdswrf units=W m**-2 startStep=18 endStep=24
2026-04-11,18,22,dswrf_to_lead_minus2,DSM,OK,short_name=sdswrf units=W m**-2 startStep=18 endStep=22
2026-04-14,18,24,dswrf_to_lead,DSM,OK,short_name=sdswrf units=W m**-2 startStep=18 endStep=24
2026-04-14,18,22,dswrf_to_lead_minus2,DSM,OK,short_name=sdswrf units=W m**-2 startStep=18 endStep=22
2026-04-04,18,24,dswrf_to_lead,DSM,OK,short_name=sdswrf units=W m**-2 startStep=18 endStep=24
2026-04-04,18,22,dswrf_to_lead_minus2,DSM,OK,short_name=sdswrf units=W m**-2 startStep=18 endStep=22
2026-05-03,18,24,dswrf_to_lead,DSM,OK,short_name=sdswrf units=W m**-2 startStep=18 endStep=24
2026-05-03,18,22,dswrf_to_lead_minus2,DSM,OK,short_name=sdswrf units=W m**-2 startStep=18 endStep=22
2026-05-08,18,24,dswrf_to_lead,DSM,OK,short_name=sdswrf units=W m**-2 startStep=18 endStep=24
2026-05-08,18,22,dswrf_to_lead_minus2,DSM,OK,short_name=sdswrf units=W m**-2 startStep=18 endStep=22
2026-04-30,18,24,dswrf_to_lead,DSM,OK,short_name=sdswrf units=W m**-2 startStep=18 endStep=24
2026-04-30,18,22,dswrf_to_lead_minus2,DSM,OK,short_name=sdswrf units=W m**-2 startStep=18 endStep=22
2026-03-25,18,24,dswrf_to_lead,DSM,OK,short_name=sdswrf units=W m**-2 startStep=18 endStep=24
2026-03-25,18,22,dswrf_to_lead_minus2,DSM,OK,short_name=sdswrf units=W m**-2 startStep=18 endStep=22
2026-04-29,18,24,dswrf_to_lead,DSM,OK,short_name=sdswrf units=W m**-2 startStep=18 endStep=24
2026-04-29,18,22,dswrf_to_lead_minus2,DSM,OK,short_name=sdswrf units=W m**-2 startStep=18 endStep=22
2026-03-28,18,24,dswrf_to_lead,DSM,OK,short_name=sdswrf units=W m**-2 startStep=18 endStep=24
2026-03-28,18,22,dswrf_to_lead_minus2,DSM,OK,short_name=sdswrf units=W m**-2 startStep=18 endStep=22
2026-05-11,18,24,dswrf_to_lead,DSM,OK,short_name=sdswrf units=W m**-2 startStep=18 endStep=24
2026-05-11,18,22,dswrf_to_lead_minus2,DSM,OK,short_name=sdswrf units=W m**-2 startStep=18 endStep=22
2026-04-17,18,24,dswrf_to_lead,DSM,OK,short_name=sdswrf units=W m**-2 startStep=18 endStep=24
2026-04-17,18,22,dswrf_to_lead_minus2,DSM,OK,short_name=sdswrf units=W m**-2 startStep=18 endStep=22
2026-05-23,18,24,dswrf_to_lead,DSM,OK,short_name=sdswrf units=W m**-2 startStep=18 endStep=24
2026-05-23,18,22,dswrf_to_lead_minus2,DSM,OK,short_name=sdswrf units=W m**-2 startStep=18 endStep=22
2026-05-14,18,24,dswrf_to_lead,DSM,OK,short_name=sdswrf units=W m**-2 startStep=18 endStep=24
2026-05-14,18,22,dswrf_to_lead_minus2,DSM,OK,short_name=sdswrf units=W m**-2 startStep=18 endStep=22
2026-04-18,18,24,dswrf_to_lead,DSM,OK,short_name=sdswrf units=W m**-2 startStep=18 endStep=24
2026-04-18,18,22,dswrf_to_lead_minus2,DSM,OK,short_name=sdswrf units=W m**-2 startStep=18 endStep=22
2026-04-27,18,24,dswrf_to_lead,DSM,OK,short_name=sdswrf units=W m**-2 startStep=18 endStep=24
2026-04-27,18,22,dswrf_to_lead_minus2,DSM,OK,short_name=sdswrf units=W m**-2 startStep=18 endStep=22
2026-04-10,18,24,dswrf_to_lead,DSM,OK,short_name=sdswrf units=W m**-2 startStep=18 endStep=24
2026-04-10,18,22,dswrf_to_lead_minus2,DSM,OK,short_name=sdswrf units=W m**-2 startStep=18 endStep=22
2026-05-25,18,24,dswrf_to_lead,DSM,OK,short_name=sdswrf units=W m**-2 startStep=18 endStep=24
2026-05-25,18,22,dswrf_to_lead_minus2,DSM,OK,short_name=sdswrf units=W m**-2 startStep=18 endStep=22
2026-04-21,18,24,dswrf_to_lead,DSM,OK,short_name=sdswrf units=W m**-2 startStep=18 endStep=24
2026-04-21,18,22,dswrf_to_lead_minus2,DSM,OK,short_name=sdswrf units=W m**-2 startStep=18 endStep=22
2026-05-04,18,24,dswrf_to_lead,DSM,OK,short_name=sdswrf units=W m**-2 startStep=18 endStep=24
2026-05-04,18,22,dswrf_to_lead_minus2,DSM,OK,short_name=sdswrf units=W m**-2 startStep=18 endStep=22
2026-04-24,18,24,dswrf_to_lead,DSM,OK,short_name=sdswrf units=W m**-2 startStep=18 endStep=24
2026-04-24,18,22,dswrf_to_lead_minus2,DSM,OK,short_name=sdswrf units=W m**-2 startStep=18 endStep=22
2026-03-13,18,24,dswrf_to_lead,DSM,OK,short_name=sdswrf units=W m**-2 startStep=18 endStep=24
2026-03-13,18,22,dswrf_to_lead_minus2,DSM,OK,short_name=sdswrf units=W m**-2 startStep=18 endStep=22
2026-04-22,18,24,dswrf_to_lead,DSM,OK,short_name=sdswrf units=W m**-2 startStep=18 endStep=24
2026-04-22,18,22,dswrf_to_lead_minus2,DSM,OK,short_name=sdswrf units=W m**-2 startStep=18 endStep=22
2026-04-25,18,24,dswrf_to_lead,DSM,OK,short_name=sdswrf units=W m**-2 startStep=18 endStep=24
2026-04-25,18,22,dswrf_to_lead_minus2,DSM,OK,short_name=sdswrf units=W m**-2 startStep=18 endStep=22
2026-05-24,18,24,dswrf_to_lead,DSM,OK,short_name=sdswrf units=W m**-2 startStep=18 endStep=24
2026-05-24,18,22,dswrf_to_lead_minus2,DSM,OK,short_name=sdswrf units=W m**-2 startStep=18 endStep=22
2026-04-13,18,24,dswrf_to_lead,DSM,OK,short_name=sdswrf units=W m**-2 startStep=18 endStep=24
2026-04-13,18,22,dswrf_to_lead_minus2,DSM,OK,short_name=sdswrf units=W m**-2 startStep=18 endStep=22
2026-04-15,18,24,dswrf_to_lead,DSM,OK,short_name=sdswrf units=W m**-2 startStep=18 endStep=24
2026-04-15,18,22,dswrf_to_lead_minus2,DSM,OK,short_name=sdswrf units=W m**-2 startStep=18 endStep=22
2026-05-06,18,24,dswrf_to_lead,DSM,OK,short_name=sdswrf units=W m**-2 startStep=18 endStep=24
2026-05-06,18,22,dswrf_to_lead_minus2,DSM,OK,short_name=sdswrf units=W m**-2 startStep=18 endStep=22
2026-05-26,18,24,dswrf_to_lead,DSM,OK,short_name=sdswrf units=W m**-2 startStep=18 endStep=24
2026-05-26,18,22,dswrf_to_lead_minus2,DSM,OK,short_name=sdswrf units=W m**-2 startStep=18 endStep=22
2026-05-01,18,24,dswrf_to_lead,DSM,OK,short_name=sdswrf units=W m**-2 startStep=18 endStep=24
2026-05-01,18,22,dswrf_to_lead_minus2,DSM,OK,short_name=sdswrf units=W m**-2 startStep=18 endStep=22
2026-04-12,18,24,dswrf_to_lead,DSM,OK,short_name=sdswrf units=W m**-2 startStep=18 endStep=24
2026-04-12,18,22,dswrf_to_lead_minus2,DSM,OK,short_name=sdswrf units=W m**-2 startStep=18 endStep=22
2026-06-05,18,24,dswrf_to_lead,DSM,OK,short_name=sdswrf units=W m**-2 startStep=18 endStep=24
2026-06-05,18,22,dswrf_to_lead_minus2,DSM,OK,short_name=sdswrf units=W m**-2 startStep=18 endStep=22
2026-05-21,18,24,dswrf_to_lead,DSM,OK,short_name=sdswrf units=W m**-2 startStep=18 endStep=24
2026-05-21,18,22,dswrf_to_lead_minus2,DSM,OK,short_name=sdswrf units=W m**-2 startStep=18 endStep=22
2026-05-30,18,24,dswrf_to_lead,DSM,OK,short_name=sdswrf units=W m**-2 startStep=18 endStep=24
2026-05-30,18,22,dswrf_to_lead_minus2,DSM,OK,short_name=sdswrf units=W m**-2 startStep=18 endStep=22
2026-04-07,18,24,dswrf_to_lead,DSM,OK,short_name=sdswrf units=W m**-2 startStep=18 endStep=24
2026-04-07,18,22,dswrf_to_lead_minus2,DSM,OK,short_name=sdswrf units=W m**-2 startStep=18 endStep=22
2026-06-11,18,24,dswrf_to_lead,DSM,OK,short_name=sdswrf units=W m**-2 startStep=18 endStep=24
2026-06-11,18,22,dswrf_to_lead_minus2,DSM,OK,short_name=sdswrf units=W m**-2 startStep=18 endStep=22
2026-05-16,18,24,dswrf_to_lead,DSM,OK,short_name=sdswrf units=W m**-2 startStep=18 endStep=24
2026-05-16,18,22,dswrf_to_lead_minus2,DSM,OK,short_name=sdswrf units=W m**-2 startStep=18 endStep=22
2026-05-27,18,24,dswrf_to_lead,DSM,OK,short_name=sdswrf units=W m**-2 startStep=18 endStep=24
2026-05-27,18,22,dswrf_to_lead_minus2,DSM,OK,short_name=sdswrf units=W m**-2 startStep=18 endStep=22
2026-05-15,18,24,dswrf_to_lead,DSM,OK,short_name=sdswrf units=W m**-2 startStep=18 endStep=24
2026-05-15,18,22,dswrf_to_lead_minus2,DSM,OK,short_name=sdswrf units=W m**-2 startStep=18 endStep=22
2026-04-28,18,24,dswrf_to_lead,DSM,OK,short_name=sdswrf units=W m**-2 startStep=18 endStep=24
2026-04-28,18,22,dswrf_to_lead_minus2,DSM,OK,short_name=sdswrf units=W m**-2 startStep=18 endStep=22
2026-05-05,18,24,dswrf_to_lead,DSM,OK,short_name=sdswrf units=W m**-2 startStep=18 endStep=24
2026-05-05,18,22,dswrf_to_lead_minus2,DSM,OK,short_name=sdswrf units=W m**-2 startStep=18 endStep=22
2026-06-24,18,24,dswrf_to_lead,DSM,OK,short_name=sdswrf units=W m**-2 startStep=18 endStep=24
2026-06-24,18,22,dswrf_to_lead_minus2,DSM,OK,short_name=sdswrf units=W m**-2 startStep=18 endStep=22
2026-06-09,18,24,dswrf_to_lead,DSM,OK,short_name=sdswrf units=W m**-2 startStep=18 endStep=24
2026-06-09,18,22,dswrf_to_lead_minus2,DSM,OK,short_name=sdswrf units=W m**-2 startStep=18 endStep=22
2026-05-20,18,24,dswrf_to_lead,DSM,OK,short_name=sdswrf units=W m**-2 startStep=18 endStep=24
2026-05-20,18,22,dswrf_to_lead_minus2,DSM,OK,short_name=sdswrf units=W m**-2 startStep=18 endStep=22
2026-06-15,18,24,dswrf_to_lead,DSM,OK,short_name=sdswrf units=W m**-2 startStep=18 endStep=24
2026-06-15,18,22,dswrf_to_lead_minus2,DSM,OK,short_name=sdswrf units=W m**-2 startStep=18 endStep=22
2026-06-25,18,24,dswrf_to_lead,DSM,OK,short_name=sdswrf units=W m**-2 startStep=18 endStep=24
2026-06-25,18,22,dswrf_to_lead_minus2,DSM,OK,short_name=sdswrf units=W m**-2 startStep=18 endStep=22
2026-06-04,18,24,dswrf_to_lead,DSM,OK,short_name=sdswrf units=W m**-2 startStep=18 endStep=24
2026-06-04,18,22,dswrf_to_lead_minus2,DSM,OK,short_name=sdswrf units=W m**-2 startStep=18 endStep=22
2026-05-12,18,24,dswrf_to_lead,DSM,OK,short_name=sdswrf units=W m**-2 startStep=18 endStep=24
2026-05-12,18,22,dswrf_to_lead_minus2,DSM,OK,short_name=sdswrf units=W m**-2 startStep=18 endStep=22
2026-06-19,18,24,dswrf_to_lead,DSM,OK,short_name=sdswrf units=W m**-2 startStep=18 endStep=24
2026-06-19,18,22,dswrf_to_lead_minus2,DSM,OK,short_name=sdswrf units=W m**-2 startStep=18 endStep=22
2026-05-28,18,24,dswrf_to_lead,DSM,OK,short_name=sdswrf units=W m**-2 startStep=18 endStep=24
2026-05-28,18,22,dswrf_to_lead_minus2,DSM,OK,short_name=sdswrf units=W m**-2 startStep=18 endStep=22
2026-06-26,18,24,dswrf_to_lead,DSM,OK,short_name=sdswrf units=W m**-2 startStep=18 endStep=24
2026-06-26,18,22,dswrf_to_lead_minus2,DSM,OK,short_name=sdswrf units=W m**-2 startStep=18 endStep=22
2026-05-19,18,24,dswrf_to_lead,DSM,OK,short_name=sdswrf units=W m**-2 startStep=18 endStep=24
2026-05-19,18,22,dswrf_to_lead_minus2,DSM,OK,short_name=sdswrf units=W m**-2 startStep=18 endStep=22
2026-05-13,18,24,dswrf_to_lead,DSM,OK,short_name=sdswrf units=W m**-2 startStep=18 endStep=24
2026-05-13,18,22,dswrf_to_lead_minus2,DSM,OK,short_name=sdswrf units=W m**-2 startStep=18 endStep=22
2026-04-23,18,24,dswrf_to_lead,DSM,OK,short_name=sdswrf units=W m**-2 startStep=18 endStep=24
2026-04-23,18,22,dswrf_to_lead_minus2,DSM,OK,short_name=sdswrf units=W m**-2 startStep=18 endStep=22
2026-05-29,18,24,dswrf_to_lead,DSM,OK,short_name=sdswrf units=W m**-2 startStep=18 endStep=24
2026-05-29,18,22,dswrf_to_lead_minus2,DSM,OK,short_name=sdswrf units=W m**-2 startStep=18 endStep=22
2026-06-03,18,24,dswrf_to_lead,DSM,OK,short_name=sdswrf units=W m**-2 startStep=18 endStep=24
2026-06-03,18,22,dswrf_to_lead_minus2,DSM,OK,short_name=sdswrf units=W m**-2 startStep=18 endStep=22
2026-06-12,18,24,dswrf_to_lead,DSM,OK,short_name=sdswrf units=W m**-2 startStep=18 endStep=24
2026-06-12,18,22,dswrf_to_lead_minus2,DSM,OK,short_name=sdswrf units=W m**-2 startStep=18 endStep=22
2026-05-09,18,24,dswrf_to_lead,DSM,OK,short_name=sdswrf units=W m**-2 startStep=18 endStep=24
2026-05-09,18,22,dswrf_to_lead_minus2,DSM,OK,short_name=sdswrf units=W m**-2 startStep=18 endStep=22
2026-06-10,18,24,dswrf_to_lead,DSM,OK,short_name=sdswrf units=W m**-2 startStep=18 endStep=24
2026-06-10,18,22,dswrf_to_lead_minus2,DSM,OK,short_name=sdswrf units=W m**-2 startStep=18 endStep=22
2026-06-07,18,24,dswrf_to_lead,DSM,OK,short_name=sdswrf units=W m**-2 startStep=18 endStep=24
2026-06-07,18,22,dswrf_to_lead_minus2,DSM,OK,short_name=sdswrf units=W m**-2 startStep=18 endStep=22
2026-05-18,18,24,dswrf_to_lead,DSM,OK,short_name=sdswrf units=W m**-2 startStep=18 endStep=24
2026-05-18,18,22,dswrf_to_lead_minus2,DSM,OK,short_name=sdswrf units=W m**-2 startStep=18 endStep=22
2026-07-09,18,24,dswrf_to_lead,DSM,OK,short_name=sdswrf units=W m**-2 startStep=18 endStep=24
2026-07-09,18,22,dswrf_to_lead_minus2,DSM,OK,short_name=sdswrf units=W m**-2 startStep=18 endStep=22
2026-06-21,18,24,dswrf_to_lead,DSM,OK,short_name=sdswrf units=W m**-2 startStep=18 endStep=24
2026-06-21,18,22,dswrf_to_lead_minus2,DSM,OK,short_name=sdswrf units=W m**-2 startStep=18 endStep=22
2026-05-22,18,24,dswrf_to_lead,DSM,OK,short_name=sdswrf units=W m**-2 startStep=18 endStep=24
2026-05-22,18,22,dswrf_to_lead_minus2,DSM,OK,short_name=sdswrf units=W m**-2 startStep=18 endStep=22
2026-06-13,18,24,dswrf_to_lead,DSM,OK,short_name=sdswrf units=W m**-2 startStep=18 endStep=24
2026-06-13,18,22,dswrf_to_lead_minus2,DSM,OK,short_name=sdswrf units=W m**-2 startStep=18 endStep=22
2026-06-27,18,24,dswrf_to_lead,DSM,OK,short_name=sdswrf units=W m**-2 startStep=18 endStep=24
2026-06-27,18,22,dswrf_to_lead_minus2,DSM,OK,short_name=sdswrf units=W m**-2 startStep=18 endStep=22
2026-06-16,18,24,dswrf_to_lead,DSM,OK,short_name=sdswrf units=W m**-2 startStep=18 endStep=24
2026-06-16,18,22,dswrf_to_lead_minus2,DSM,OK,short_name=sdswrf units=W m**-2 startStep=18 endStep=22
2026-07-01,18,24,dswrf_to_lead,DSM,OK,short_name=sdswrf units=W m**-2 startStep=18 endStep=24
2026-07-01,18,22,dswrf_to_lead_minus2,DSM,OK,short_name=sdswrf units=W m**-2 startStep=18 endStep=22
2026-06-18,18,24,dswrf_to_lead,DSM,OK,short_name=sdswrf units=W m**-2 startStep=18 endStep=24
2026-06-18,18,22,dswrf_to_lead_minus2,DSM,OK,short_name=sdswrf units=W m**-2 startStep=18 endStep=22
2026-06-01,18,24,dswrf_to_lead,DSM,OK,short_name=sdswrf units=W m**-2 startStep=18 endStep=24
2026-06-01,18,22,dswrf_to_lead_minus2,DSM,OK,short_name=sdswrf units=W m**-2 startStep=18 endStep=22
2026-06-20,18,24,dswrf_to_lead,DSM,OK,short_name=sdswrf units=W m**-2 startStep=18 endStep=24
2026-06-20,18,22,dswrf_to_lead_minus2,DSM,OK,short_name=sdswrf units=W m**-2 startStep=18 endStep=22
2026-07-19,18,24,dswrf_to_lead,DSM,OK,short_name=sdswrf units=W m**-2 startStep=18 endStep=24
2026-07-19,18,22,dswrf_to_lead_minus2,DSM,OK,short_name=sdswrf units=W m**-2 startStep=18 endStep=22
2026-07-10,18,24,dswrf_to_lead,DSM,OK,short_name=sdswrf units=W m**-2 startStep=18 endStep=24
2026-07-10,18,22,dswrf_to_lead_minus2,DSM,OK,short_name=sdswrf units=W m**-2 startStep=18 endStep=22
2026-06-08,18,24,dswrf_to_lead,DSM,OK,short_name=sdswrf units=W m**-2 startStep=18 endStep=24
2026-06-08,18,22,dswrf_to_lead_minus2,DSM,OK,short_name=sdswrf units=W m**-2 startStep=18 endStep=22
2026-07-06,18,24,dswrf_to_lead,DSM,OK,short_name=sdswrf units=W m**-2 startStep=18 endStep=24
2026-07-06,18,22,dswrf_to_lead_minus2,DSM,OK,short_name=sdswrf units=W m**-2 startStep=18 endStep=22
2026-07-20,18,24,dswrf_to_lead,DSM,OK,short_name=sdswrf units=W m**-2 startStep=18 endStep=24
2026-07-20,18,22,dswrf_to_lead_minus2,DSM,OK,short_name=sdswrf units=W m**-2 startStep=18 endStep=22
2021-03-27,0,26,dswrf_to_lead,YSDU,OK,short_name=sdswrf units=W m**-2 startStep=24 endStep=26
2026-07-02,18,24,dswrf_to_lead,DSM,OK,short_name=sdswrf units=W m**-2 startStep=18 endStep=24
2026-07-02,18,22,dswrf_to_lead_minus2,DSM,OK,short_name=sdswrf units=W m**-2 startStep=18 endStep=22
2026-05-17,18,24,dswrf_to_lead,DSM,OK,short_name=sdswrf units=W m**-2 startStep=18 endStep=24
2026-05-17,18,22,dswrf_to_lead_minus2,DSM,OK,short_name=sdswrf units=W m**-2 startStep=18 endStep=22
2026-07-12,18,24,dswrf_to_lead,DSM,OK,short_name=sdswrf units=W m**-2 startStep=18 endStep=24
2026-07-12,18,22,dswrf_to_lead_minus2,DSM,OK,short_name=sdswrf units=W m**-2 startStep=18 endStep=22
2021-03-23,0,26,dswrf_to_lead,YSDU,OK,short_name=sdswrf units=W m**-2 startStep=24 endStep=26
2026-06-14,18,24,dswrf_to_lead,DSM,OK,short_name=sdswrf units=W m**-2 startStep=18 endStep=24
2026-06-14,18,22,dswrf_to_lead_minus2,DSM,OK,short_name=sdswrf units=W m**-2 startStep=18 endStep=22
2026-07-14,18,24,dswrf_to_lead,DSM,OK,short_name=sdswrf units=W m**-2 startStep=18 endStep=24
2026-07-14,18,22,dswrf_to_lead_minus2,DSM,OK,short_name=sdswrf units=W m**-2 startStep=18 endStep=22
2021-03-26,0,26,dswrf_to_lead,YSDU,OK,short_name=sdswrf units=W m**-2 startStep=24 endStep=26
2026-07-15,18,24,dswrf_to_lead,DSM,OK,short_name=sdswrf units=W m**-2 startStep=18 endStep=24
2026-07-15,18,22,dswrf_to_lead_minus2,DSM,OK,short_name=sdswrf units=W m**-2 startStep=18 endStep=22
2026-07-24,18,24,dswrf_to_lead,DSM,OK,short_name=sdswrf units=W m**-2 startStep=18 endStep=24
2026-07-24,18,22,dswrf_to_lead_minus2,DSM,OK,short_name=sdswrf units=W m**-2 startStep=18 endStep=22
2026-07-23,18,24,dswrf_to_lead,DSM,OK,short_name=sdswrf units=W m**-2 startStep=18 endStep=24
2026-07-23,18,22,dswrf_to_lead_minus2,DSM,OK,short_name=sdswrf units=W m**-2 startStep=18 endStep=22
2026-05-31,18,24,dswrf_to_lead,DSM,OK,short_name=sdswrf units=W m**-2 startStep=18 endStep=24
2026-05-31,18,22,dswrf_to_lead_minus2,DSM,OK,short_name=sdswrf units=W m**-2 startStep=18 endStep=22
2021-03-31,0,26,dswrf_to_lead,YSDU,OK,short_name=sdswrf units=W m**-2 startStep=24 endStep=26
2026-06-06,18,24,dswrf_to_lead,DSM,OK,short_name=sdswrf units=W m**-2 startStep=18 endStep=24
2026-06-06,18,22,dswrf_to_lead_minus2,DSM,OK,short_name=sdswrf units=W m**-2 startStep=18 endStep=22
2026-07-03,18,24,dswrf_to_lead,DSM,OK,short_name=sdswrf units=W m**-2 startStep=18 endStep=24
2026-07-03,18,22,dswrf_to_lead_minus2,DSM,OK,short_name=sdswrf units=W m**-2 startStep=18 endStep=22
2026-07-07,18,24,dswrf_to_lead,DSM,OK,short_name=sdswrf units=W m**-2 startStep=18 endStep=24
2026-07-07,18,22,dswrf_to_lead_minus2,DSM,OK,short_name=sdswrf units=W m**-2 startStep=18 endStep=22
2026-07-17,18,24,dswrf_to_lead,DSM,OK,short_name=sdswrf units=W m**-2 startStep=18 endStep=24
2026-07-17,18,22,dswrf_to_lead_minus2,DSM,OK,short_name=sdswrf units=W m**-2 startStep=18 endStep=22
2021-03-30,0,26,dswrf_to_lead,YSDU,OK,short_name=sdswrf units=W m**-2 startStep=24 endStep=26
2026-07-08,18,24,dswrf_to_lead,DSM,OK,short_name=sdswrf units=W m**-2 startStep=18 endStep=24
2026-07-08,18,22,dswrf_to_lead_minus2,DSM,OK,short_name=sdswrf units=W m**-2 startStep=18 endStep=22
2026-06-02,18,24,dswrf_to_lead,DSM,OK,short_name=sdswrf units=W m**-2 startStep=18 endStep=24
2026-06-02,18,22,dswrf_to_lead_minus2,DSM,OK,short_name=sdswrf units=W m**-2 startStep=18 endStep=22
2026-07-13,18,24,dswrf_to_lead,DSM,OK,short_name=sdswrf units=W m**-2 startStep=18 endStep=24
2026-07-13,18,22,dswrf_to_lead_minus2,DSM,OK,short_name=sdswrf units=W m**-2 startStep=18 endStep=22
2026-06-22,18,24,dswrf_to_lead,DSM,OK,short_name=sdswrf units=W m**-2 startStep=18 endStep=24
2026-06-22,18,22,dswrf_to_lead_minus2,DSM,OK,short_name=sdswrf units=W m**-2 startStep=18 endStep=22
2021-04-10,0,26,dswrf_to_lead,YSDU,OK,short_name=sdswrf units=W m**-2 startStep=24 endStep=26
2021-04-04,0,26,dswrf_to_lead,YSDU,OK,short_name=sdswrf units=W m**-2 startStep=24 endStep=26
2021-04-02,0,26,dswrf_to_lead,YSDU,OK,short_name=sdswrf units=W m**-2 startStep=24 endStep=26
2026-07-25,18,24,dswrf_to_lead,DSM,OK,short_name=sdswrf units=W m**-2 startStep=18 endStep=24
2026-07-25,18,22,dswrf_to_lead_minus2,DSM,OK,short_name=sdswrf units=W m**-2 startStep=18 endStep=22
2021-03-24,0,26,dswrf_to_lead,YSDU,OK,short_name=sdswrf units=W m**-2 startStep=24 endStep=26
2021-04-08,0,26,dswrf_to_lead,YSDU,OK,short_name=sdswrf units=W m**-2 startStep=24 endStep=26
2026-06-28,18,24,dswrf_to_lead,DSM,OK,short_name=sdswrf units=W m**-2 startStep=18 endStep=24
2026-06-28,18,22,dswrf_to_lead_minus2,DSM,OK,short_name=sdswrf units=W m**-2 startStep=18 endStep=22
2021-04-11,0,26,dswrf_to_lead,YSDU,OK,short_name=sdswrf units=W m**-2 startStep=24 endStep=26
2026-07-22,18,24,dswrf_to_lead,DSM,OK,short_name=sdswrf units=W m**-2 startStep=18 endStep=24
2026-07-22,18,22,dswrf_to_lead_minus2,DSM,OK,short_name=sdswrf units=W m**-2 startStep=18 endStep=22
2026-07-05,18,24,dswrf_to_lead,DSM,OK,short_name=sdswrf units=W m**-2 startStep=18 endStep=24
2026-07-05,18,22,dswrf_to_lead_minus2,DSM,OK,short_name=sdswrf units=W m**-2 startStep=18 endStep=22
2021-04-17,0,26,dswrf_to_lead,YSDU,OK,short_name=sdswrf units=W m**-2 startStep=24 endStep=26
2021-04-18,0,26,dswrf_to_lead,YSDU,OK,short_name=sdswrf units=W m**-2 startStep=24 endStep=26
2021-04-01,0,26,dswrf_to_lead,YSDU,OK,short_name=sdswrf units=W m**-2 startStep=24 endStep=26
2026-07-21,18,24,dswrf_to_lead,DSM,OK,short_name=sdswrf units=W m**-2 startStep=18 endStep=24
2026-07-21,18,22,dswrf_to_lead_minus2,DSM,OK,short_name=sdswrf units=W m**-2 startStep=18 endStep=22
2021-04-26,0,26,dswrf_to_lead,YSDU,OK,short_name=sdswrf units=W m**-2 startStep=24 endStep=26
2021-04-16,0,26,dswrf_to_lead,YSDU,OK,short_name=sdswrf units=W m**-2 startStep=24 endStep=26
2026-06-30,18,24,dswrf_to_lead,DSM,OK,short_name=sdswrf units=W m**-2 startStep=18 endStep=24
2026-06-30,18,22,dswrf_to_lead_minus2,DSM,OK,short_name=sdswrf units=W m**-2 startStep=18 endStep=22
2021-04-06,0,26,dswrf_to_lead,YSDU,OK,short_name=sdswrf units=W m**-2 startStep=24 endStep=26
2021-03-25,0,26,dswrf_to_lead,YSDU,OK,short_name=sdswrf units=W m**-2 startStep=24 endStep=26
2026-06-23,18,24,dswrf_to_lead,DSM,OK,short_name=sdswrf units=W m**-2 startStep=18 endStep=24
2026-06-23,18,22,dswrf_to_lead_minus2,DSM,OK,short_name=sdswrf units=W m**-2 startStep=18 endStep=22
2021-04-05,0,26,dswrf_to_lead,YSDU,OK,short_name=sdswrf units=W m**-2 startStep=24 endStep=26
2026-07-26,18,24,dswrf_to_lead,DSM,OK,short_name=sdswrf units=W m**-2 startStep=18 endStep=24
2026-07-26,18,22,dswrf_to_lead_minus2,DSM,OK,short_name=sdswrf units=W m**-2 startStep=18 endStep=22
2021-04-03,0,26,dswrf_to_lead,YSDU,OK,short_name=sdswrf units=W m**-2 startStep=24 endStep=26
2021-04-27,0,26,dswrf_to_lead,YSDU,OK,short_name=sdswrf units=W m**-2 startStep=24 endStep=26
2026-06-17,18,24,dswrf_to_lead,DSM,OK,short_name=sdswrf units=W m**-2 startStep=18 endStep=24
2026-06-17,18,22,dswrf_to_lead_minus2,DSM,OK,short_name=sdswrf units=W m**-2 startStep=18 endStep=22
2021-03-29,0,26,dswrf_to_lead,YSDU,OK,short_name=sdswrf units=W m**-2 startStep=24 endStep=26
2021-05-01,0,26,dswrf_to_lead,YSDU,OK,short_name=sdswrf units=W m**-2 startStep=24 endStep=26
2021-04-13,0,26,dswrf_to_lead,YSDU,OK,short_name=sdswrf units=W m**-2 startStep=24 endStep=26
2021-05-15,0,26,dswrf_to_lead,YSDU,OK,short_name=sdswrf units=W m**-2 startStep=24 endStep=26
2021-04-29,0,26,dswrf_to_lead,YSDU,OK,short_name=sdswrf units=W m**-2 startStep=24 endStep=26
2021-05-18,0,26,dswrf_to_lead,YSDU,OK,short_name=sdswrf units=W m**-2 startStep=24 endStep=26
2021-03-28,0,26,dswrf_to_lead,YSDU,OK,short_name=sdswrf units=W m**-2 startStep=24 endStep=26
2021-05-22,0,26,dswrf_to_lead,YSDU,OK,short_name=sdswrf units=W m**-2 startStep=24 endStep=26
2021-04-07,0,26,dswrf_to_lead,YSDU,OK,short_name=sdswrf units=W m**-2 startStep=24 endStep=26
2021-05-14,0,26,dswrf_to_lead,YSDU,OK,short_name=sdswrf units=W m**-2 startStep=24 endStep=26
2021-05-21,0,26,dswrf_to_lead,YSDU,OK,short_name=sdswrf units=W m**-2 startStep=24 endStep=26
2026-06-29,18,24,dswrf_to_lead,DSM,OK,short_name=sdswrf units=W m**-2 startStep=18 endStep=24
2026-06-29,18,22,dswrf_to_lead_minus2,DSM,OK,short_name=sdswrf units=W m**-2 startStep=18 endStep=22
2021-05-26,0,26,dswrf_to_lead,YSDU,OK,short_name=sdswrf units=W m**-2 startStep=24 endStep=26
2021-05-27,0,26,dswrf_to_lead,YSDU,OK,short_name=sdswrf units=W m**-2 startStep=24 endStep=26
2021-04-30,0,26,dswrf_to_lead,YSDU,OK,short_name=sdswrf units=W m**-2 startStep=24 endStep=26
2021-05-23,0,26,dswrf_to_lead,YSDU,OK,short_name=sdswrf units=W m**-2 startStep=24 endStep=26
2021-04-14,0,26,dswrf_to_lead,YSDU,OK,short_name=sdswrf units=W m**-2 startStep=24 endStep=26
2021-05-17,0,26,dswrf_to_lead,YSDU,OK,short_name=sdswrf units=W m**-2 startStep=24 endStep=26
2021-04-12,0,26,dswrf_to_lead,YSDU,OK,short_name=sdswrf units=W m**-2 startStep=24 endStep=26
2021-05-29,0,26,dswrf_to_lead,YSDU,OK,short_name=sdswrf units=W m**-2 startStep=24 endStep=26
2021-04-20,0,26,dswrf_to_lead,YSDU,OK,short_name=sdswrf units=W m**-2 startStep=24 endStep=26
2021-05-19,0,26,dswrf_to_lead,YSDU,OK,short_name=sdswrf units=W m**-2 startStep=24 endStep=26
2021-05-24,0,26,dswrf_to_lead,YSDU,OK,short_name=sdswrf units=W m**-2 startStep=24 endStep=26
2021-05-28,0,26,dswrf_to_lead,YSDU,OK,short_name=sdswrf units=W m**-2 startStep=24 endStep=26
2026-07-30,18,24,dswrf_to_lead,DSM,OK,short_name=sdswrf units=W m**-2 startStep=18 endStep=24
2026-07-30,18,22,dswrf_to_lead_minus2,DSM,OK,short_name=sdswrf units=W m**-2 startStep=18 endStep=22
2021-05-30,0,26,dswrf_to_lead,YSDU,OK,short_name=sdswrf units=W m**-2 startStep=24 endStep=26
2026-07-11,18,24,dswrf_to_lead,DSM,OK,short_name=sdswrf units=W m**-2 startStep=18 endStep=24
2026-07-11,18,22,dswrf_to_lead_minus2,DSM,OK,short_name=sdswrf units=W m**-2 startStep=18 endStep=22
2021-04-28,0,26,dswrf_to_lead,YSDU,OK,short_name=sdswrf units=W m**-2 startStep=24 endStep=26
2021-05-10,0,26,dswrf_to_lead,YSDU,OK,short_name=sdswrf units=W m**-2 startStep=24 endStep=26
2021-04-25,0,26,dswrf_to_lead,YSDU,OK,short_name=sdswrf units=W m**-2 startStep=24 endStep=26
2021-06-01,0,26,dswrf_to_lead,YSDU,OK,short_name=sdswrf units=W m**-2 startStep=24 endStep=26
2021-04-23,0,26,dswrf_to_lead,YSDU,OK,short_name=sdswrf units=W m**-2 startStep=24 endStep=26
2026-07-18,18,24,dswrf_to_lead,DSM,OK,short_name=sdswrf units=W m**-2 startStep=18 endStep=24
2026-07-18,18,22,dswrf_to_lead_minus2,DSM,OK,short_name=sdswrf units=W m**-2 startStep=18 endStep=22
2021-04-21,0,26,dswrf_to_lead,YSDU,OK,short_name=sdswrf units=W m**-2 startStep=24 endStep=26
2021-06-05,0,26,dswrf_to_lead,YSDU,OK,short_name=sdswrf units=W m**-2 startStep=24 endStep=26
2021-06-04,0,26,dswrf_to_lead,YSDU,OK,short_name=sdswrf units=W m**-2 startStep=24 endStep=26
2021-05-04,0,26,dswrf_to_lead,YSDU,OK,short_name=sdswrf units=W m**-2 startStep=24 endStep=26
2021-06-03,0,26,dswrf_to_lead,YSDU,OK,short_name=sdswrf units=W m**-2 startStep=24 endStep=26
2021-05-03,0,26,dswrf_to_lead,YSDU,OK,short_name=sdswrf units=W m**-2 startStep=24 endStep=26
2021-04-24,0,26,dswrf_to_lead,YSDU,OK,short_name=sdswrf units=W m**-2 startStep=24 endStep=26
2021-05-31,0,26,dswrf_to_lead,YSDU,OK,short_name=sdswrf units=W m**-2 startStep=24 endStep=26
2021-04-15,0,26,dswrf_to_lead,YSDU,OK,short_name=sdswrf units=W m**-2 startStep=24 endStep=26
2021-04-09,0,26,dswrf_to_lead,YSDU,OK,short_name=sdswrf units=W m**-2 startStep=24 endStep=26
2021-05-07,0,26,dswrf_to_lead,YSDU,OK,short_name=sdswrf units=W m**-2 startStep=24 endStep=26
2021-06-07,0,26,dswrf_to_lead,YSDU,OK,short_name=sdswrf units=W m**-2 startStep=24 endStep=26
2021-05-16,0,26,dswrf_to_lead,YSDU,OK,short_name=sdswrf units=W m**-2 startStep=24 endStep=26
2021-06-09,0,26,dswrf_to_lead,YSDU,OK,short_name=sdswrf units=W m**-2 startStep=24 endStep=26
2021-06-21,0,26,dswrf_to_lead,YSDU,OK,short_name=sdswrf units=W m**-2 startStep=24 endStep=26
2021-06-26,0,26,dswrf_to_lead,YSDU,OK,short_name=sdswrf units=W m**-2 startStep=24 endStep=26
2021-06-17,0,26,dswrf_to_lead,YSDU,OK,short_name=sdswrf units=W m**-2 startStep=24 endStep=26
2021-06-22,0,26,dswrf_to_lead,YSDU,OK,short_name=sdswrf units=W m**-2 startStep=24 endStep=26
2021-06-10,0,26,dswrf_to_lead,YSDU,OK,short_name=sdswrf units=W m**-2 startStep=24 endStep=26
2021-06-19,0,26,dswrf_to_lead,YSDU,OK,short_name=sdswrf units=W m**-2 startStep=24 endStep=26
2021-06-18,0,26,dswrf_to_lead,YSDU,OK,short_name=sdswrf units=W m**-2 startStep=24 endStep=26
2021-05-06,0,26,dswrf_to_lead,YSDU,OK,short_name=sdswrf units=W m**-2 startStep=24 endStep=26
2021-06-20,0,26,dswrf_to_lead,YSDU,OK,short_name=sdswrf units=W m**-2 startStep=24 endStep=26
2021-05-11,0,26,dswrf_to_lead,YSDU,OK,short_name=sdswrf units=W m**-2 startStep=24 endStep=26
2021-06-13,0,26,dswrf_to_lead,YSDU,OK,short_name=sdswrf units=W m**-2 startStep=24 endStep=26
2021-05-08,0,26,dswrf_to_lead,YSDU,OK,short_name=sdswrf units=W m**-2 startStep=24 endStep=26
2021-07-03,0,26,dswrf_to_lead,YSDU,OK,short_name=sdswrf units=W m**-2 startStep=24 endStep=26
2021-06-25,0,26,dswrf_to_lead,YSDU,OK,short_name=sdswrf units=W m**-2 startStep=24 endStep=26
2026-07-16,18,24,dswrf_to_lead,DSM,OK,short_name=sdswrf units=W m**-2 startStep=18 endStep=24
2026-07-16,18,22,dswrf_to_lead_minus2,DSM,OK,short_name=sdswrf units=W m**-2 startStep=18 endStep=22
2021-04-22,0,26,dswrf_to_lead,YSDU,OK,short_name=sdswrf units=W m**-2 startStep=24 endStep=26
2021-06-02,0,26,dswrf_to_lead,YSDU,OK,short_name=sdswrf units=W m**-2 startStep=24 endStep=26
2021-07-02,0,26,dswrf_to_lead,YSDU,OK,short_name=sdswrf units=W m**-2 startStep=24 endStep=26
2026-07-28,18,24,dswrf_to_lead,DSM,OK,short_name=sdswrf units=W m**-2 startStep=18 endStep=24
2026-07-28,18,22,dswrf_to_lead_minus2,DSM,OK,short_name=sdswrf units=W m**-2 startStep=18 endStep=22
2021-07-07,0,26,dswrf_to_lead,YSDU,OK,short_name=sdswrf units=W m**-2 startStep=24 endStep=26
2021-06-24,0,26,dswrf_to_lead,YSDU,OK,short_name=sdswrf units=W m**-2 startStep=24 endStep=26
2021-06-08,0,26,dswrf_to_lead,YSDU,OK,short_name=sdswrf units=W m**-2 startStep=24 endStep=26
2026-07-27,18,24,dswrf_to_lead,DSM,OK,short_name=sdswrf units=W m**-2 startStep=18 endStep=24
2026-07-27,18,22,dswrf_to_lead_minus2,DSM,OK,short_name=sdswrf units=W m**-2 startStep=18 endStep=22
2021-07-06,0,26,dswrf_to_lead,YSDU,OK,short_name=sdswrf units=W m**-2 startStep=24 endStep=26
2021-06-27,0,26,dswrf_to_lead,YSDU,OK,short_name=sdswrf units=W m**-2 startStep=24 endStep=26
2021-06-28,0,26,dswrf_to_lead,YSDU,OK,short_name=sdswrf units=W m**-2 startStep=24 endStep=26
2021-07-05,0,26,dswrf_to_lead,YSDU,OK,short_name=sdswrf units=W m**-2 startStep=24 endStep=26
2021-04-19,0,26,dswrf_to_lead,YSDU,OK,short_name=sdswrf units=W m**-2 startStep=24 endStep=26
2021-06-30,0,26,dswrf_to_lead,YSDU,OK,short_name=sdswrf units=W m**-2 startStep=24 endStep=26
2021-06-29,0,26,dswrf_to_lead,YSDU,OK,short_name=sdswrf units=W m**-2 startStep=24 endStep=26
2021-06-16,0,26,dswrf_to_lead,YSDU,OK,short_name=sdswrf units=W m**-2 startStep=24 endStep=26
2021-07-15,0,26,dswrf_to_lead,YSDU,OK,short_name=sdswrf units=W m**-2 startStep=24 endStep=26
2021-07-12,0,26,dswrf_to_lead,YSDU,OK,short_name=sdswrf units=W m**-2 startStep=24 endStep=26
2021-06-15,0,26,dswrf_to_lead,YSDU,OK,short_name=sdswrf units=W m**-2 startStep=24 endStep=26
2021-05-05,0,26,dswrf_to_lead,YSDU,OK,short_name=sdswrf units=W m**-2 startStep=24 endStep=26
2021-08-03,0,26,dswrf_to_lead,YSDU,OK,short_name=sdswrf units=W m**-2 startStep=24 endStep=26
2021-05-02,0,26,dswrf_to_lead,YSDU,OK,short_name=sdswrf units=W m**-2 startStep=24 endStep=26
2021-06-06,0,26,dswrf_to_lead,YSDU,OK,short_name=sdswrf units=W m**-2 startStep=24 endStep=26
2021-06-14,0,26,dswrf_to_lead,YSDU,OK,short_name=sdswrf units=W m**-2 startStep=24 endStep=26
2026-07-04,18,24,dswrf_to_lead,DSM,OK,short_name=sdswrf units=W m**-2 startStep=18 endStep=24
2026-07-04,18,22,dswrf_to_lead_minus2,DSM,OK,short_name=sdswrf units=W m**-2 startStep=18 endStep=22
2021-07-29,0,26,dswrf_to_lead,YSDU,OK,short_name=sdswrf units=W m**-2 startStep=24 endStep=26
2021-07-17,0,26,dswrf_to_lead,YSDU,OK,short_name=sdswrf units=W m**-2 startStep=24 endStep=26
2021-05-25,0,26,dswrf_to_lead,YSDU,OK,short_name=sdswrf units=W m**-2 startStep=24 endStep=26
2021-07-19,0,26,dswrf_to_lead,YSDU,OK,short_name=sdswrf units=W m**-2 startStep=24 endStep=26
2021-08-04,0,26,dswrf_to_lead,YSDU,OK,short_name=sdswrf units=W m**-2 startStep=24 endStep=26
2021-06-12,0,26,dswrf_to_lead,YSDU,OK,short_name=sdswrf units=W m**-2 startStep=24 endStep=26
2021-07-31,0,26,dswrf_to_lead,YSDU,OK,short_name=sdswrf units=W m**-2 startStep=24 endStep=26
2021-07-04,0,26,dswrf_to_lead,YSDU,OK,short_name=sdswrf units=W m**-2 startStep=24 endStep=26
2021-07-22,0,26,dswrf_to_lead,YSDU,OK,short_name=sdswrf units=W m**-2 startStep=24 endStep=26
2021-05-13,0,26,dswrf_to_lead,YSDU,OK,short_name=sdswrf units=W m**-2 startStep=24 endStep=26
2021-07-24,0,26,dswrf_to_lead,YSDU,OK,short_name=sdswrf units=W m**-2 startStep=24 endStep=26
2021-07-08,0,26,dswrf_to_lead,YSDU,OK,short_name=sdswrf units=W m**-2 startStep=24 endStep=26
2021-07-09,0,26,dswrf_to_lead,YSDU,OK,short_name=sdswrf units=W m**-2 startStep=24 endStep=26
2021-07-30,0,26,dswrf_to_lead,YSDU,OK,short_name=sdswrf units=W m**-2 startStep=24 endStep=26
2021-07-01,0,26,dswrf_to_lead,YSDU,OK,short_name=sdswrf units=W m**-2 startStep=24 endStep=26
2021-07-25,0,26,dswrf_to_lead,YSDU,OK,short_name=sdswrf units=W m**-2 startStep=24 endStep=26
2021-07-20,0,26,dswrf_to_lead,YSDU,OK,short_name=sdswrf units=W m**-2 startStep=24 endStep=26
2021-05-09,0,26,dswrf_to_lead,YSDU,OK,short_name=sdswrf units=W m**-2 startStep=24 endStep=26
2021-08-06,0,26,dswrf_to_lead,YSDU,OK,short_name=sdswrf units=W m**-2 startStep=24 endStep=26
2021-08-08,0,26,dswrf_to_lead,YSDU,OK,short_name=sdswrf units=W m**-2 startStep=24 endStep=26
2021-07-23,0,26,dswrf_to_lead,YSDU,OK,short_name=sdswrf units=W m**-2 startStep=24 endStep=26
2021-08-02,0,26,dswrf_to_lead,YSDU,OK,short_name=sdswrf units=W m**-2 startStep=24 endStep=26
2021-08-16,0,26,dswrf_to_lead,YSDU,OK,short_name=sdswrf units=W m**-2 startStep=24 endStep=26
2021-08-18,0,26,dswrf_to_lead,YSDU,OK,short_name=sdswrf units=W m**-2 startStep=24 endStep=26
2021-07-11,0,26,dswrf_to_lead,YSDU,OK,short_name=sdswrf units=W m**-2 startStep=24 endStep=26
2021-08-13,0,26,dswrf_to_lead,YSDU,OK,short_name=sdswrf units=W m**-2 startStep=24 endStep=26
2021-08-05,0,26,dswrf_to_lead,YSDU,OK,short_name=sdswrf units=W m**-2 startStep=24 endStep=26
2021-08-15,0,26,dswrf_to_lead,YSDU,OK,short_name=sdswrf units=W m**-2 startStep=24 endStep=26
2021-08-22,0,26,dswrf_to_lead,YSDU,OK,short_name=sdswrf units=W m**-2 startStep=24 endStep=26
2021-07-16,0,26,dswrf_to_lead,YSDU,OK,short_name=sdswrf units=W m**-2 startStep=24 endStep=26
2021-08-12,0,26,dswrf_to_lead,YSDU,OK,short_name=sdswrf units=W m**-2 startStep=24 endStep=26
2021-06-11,0,26,dswrf_to_lead,YSDU,OK,short_name=sdswrf units=W m**-2 startStep=24 endStep=26
2021-07-10,0,26,dswrf_to_lead,YSDU,OK,short_name=sdswrf units=W m**-2 startStep=24 endStep=26
2021-07-14,0,26,dswrf_to_lead,YSDU,OK,short_name=sdswrf units=W m**-2 startStep=24 endStep=26
2021-08-07,0,26,dswrf_to_lead,YSDU,OK,short_name=sdswrf units=W m**-2 startStep=24 endStep=26
2021-05-12,0,26,dswrf_to_lead,YSDU,OK,short_name=sdswrf units=W m**-2 startStep=24 endStep=26
2021-08-20,0,26,dswrf_to_lead,YSDU,OK,short_name=sdswrf units=W m**-2 startStep=24 endStep=26
2021-07-28,0,26,dswrf_to_lead,YSDU,OK,short_name=sdswrf units=W m**-2 startStep=24 endStep=26
2021-08-14,0,26,dswrf_to_lead,YSDU,OK,short_name=sdswrf units=W m**-2 startStep=24 endStep=26
2021-08-10,0,26,dswrf_to_lead,YSDU,OK,short_name=sdswrf units=W m**-2 startStep=24 endStep=26
2021-08-31,0,26,dswrf_to_lead,YSDU,OK,short_name=sdswrf units=W m**-2 startStep=24 endStep=26
2021-09-05,0,26,dswrf_to_lead,YSDU,OK,short_name=sdswrf units=W m**-2 startStep=24 endStep=26
2021-07-13,0,26,dswrf_to_lead,YSDU,OK,short_name=sdswrf units=W m**-2 startStep=24 endStep=26
2021-08-28,0,26,dswrf_to_lead,YSDU,OK,short_name=sdswrf units=W m**-2 startStep=24 endStep=26
2021-08-27,0,26,dswrf_to_lead,YSDU,OK,short_name=sdswrf units=W m**-2 startStep=24 endStep=26
2021-09-01,0,26,dswrf_to_lead,YSDU,OK,short_name=sdswrf units=W m**-2 startStep=24 endStep=26
2021-09-03,0,26,dswrf_to_lead,YSDU,OK,short_name=sdswrf units=W m**-2 startStep=24 endStep=26
2021-08-17,0,26,dswrf_to_lead,YSDU,OK,short_name=sdswrf units=W m**-2 startStep=24 endStep=26
2021-07-26,0,26,dswrf_to_lead,YSDU,OK,short_name=sdswrf units=W m**-2 startStep=24 endStep=26
2021-08-11,0,26,dswrf_to_lead,YSDU,OK,short_name=sdswrf units=W m**-2 startStep=24 endStep=26
2021-08-29,0,26,dswrf_to_lead,YSDU,OK,short_name=sdswrf units=W m**-2 startStep=24 endStep=26
2021-09-11,0,26,dswrf_to_lead,YSDU,OK,short_name=sdswrf units=W m**-2 startStep=24 endStep=26
2021-08-21,0,26,dswrf_to_lead,YSDU,OK,short_name=sdswrf units=W m**-2 startStep=24 endStep=26
2021-08-19,0,26,dswrf_to_lead,YSDU,OK,short_name=sdswrf units=W m**-2 startStep=24 endStep=26
2021-09-13,0,26,dswrf_to_lead,YSDU,OK,short_name=sdswrf units=W m**-2 startStep=24 endStep=26
2021-09-19,0,26,dswrf_to_lead,YSDU,OK,short_name=sdswrf units=W m**-2 startStep=24 endStep=26
2021-09-07,0,26,dswrf_to_lead,YSDU,OK,short_name=sdswrf units=W m**-2 startStep=24 endStep=26
2021-09-18,0,26,dswrf_to_lead,YSDU,OK,short_name=sdswrf units=W m**-2 startStep=24 endStep=26
2021-09-02,0,26,dswrf_to_lead,YSDU,OK,short_name=sdswrf units=W m**-2 startStep=24 endStep=26
2021-09-15,0,26,dswrf_to_lead,YSDU,OK,short_name=sdswrf units=W m**-2 startStep=24 endStep=26
2026-07-29,18,24,dswrf_to_lead,DSM,OK,short_name=sdswrf units=W m**-2 startStep=18 endStep=24
2026-07-29,18,22,dswrf_to_lead_minus2,DSM,OK,short_name=sdswrf units=W m**-2 startStep=18 endStep=22
2021-05-20,0,26,dswrf_to_lead,YSDU,OK,short_name=sdswrf units=W m**-2 startStep=24 endStep=26
2021-09-27,0,26,dswrf_to_lead,YSDU,OK,short_name=sdswrf units=W m**-2 startStep=24 endStep=26
2021-09-08,0,26,dswrf_to_lead,YSDU,OK,short_name=sdswrf units=W m**-2 startStep=24 endStep=26
2021-09-12,0,26,dswrf_to_lead,YSDU,OK,short_name=sdswrf units=W m**-2 startStep=24 endStep=26
2021-10-05,0,26,dswrf_to_lead,YSDU,OK,short_name=sdswrf units=W m**-2 startStep=24 endStep=26
2021-08-09,0,26,dswrf_to_lead,YSDU,OK,short_name=sdswrf units=W m**-2 startStep=24 endStep=26
2021-09-17,0,26,dswrf_to_lead,YSDU,OK,short_name=sdswrf units=W m**-2 startStep=24 endStep=26
2021-10-03,0,26,dswrf_to_lead,YSDU,OK,short_name=sdswrf units=W m**-2 startStep=24 endStep=26
2021-10-07,0,26,dswrf_to_lead,YSDU,OK,short_name=sdswrf units=W m**-2 startStep=24 endStep=26
2021-09-14,0,26,dswrf_to_lead,YSDU,OK,short_name=sdswrf units=W m**-2 startStep=24 endStep=26
2021-09-23,0,26,dswrf_to_lead,YSDU,OK,short_name=sdswrf units=W m**-2 startStep=24 endStep=26
2021-10-04,0,26,dswrf_to_lead,YSDU,OK,short_name=sdswrf units=W m**-2 startStep=24 endStep=26
2021-09-10,0,26,dswrf_to_lead,YSDU,OK,short_name=sdswrf units=W m**-2 startStep=24 endStep=26
2021-09-26,0,26,dswrf_to_lead,YSDU,OK,short_name=sdswrf units=W m**-2 startStep=24 endStep=26
2021-10-09,0,26,dswrf_to_lead,YSDU,OK,short_name=sdswrf units=W m**-2 startStep=24 endStep=26
2021-09-22,0,26,dswrf_to_lead,YSDU,OK,short_name=sdswrf units=W m**-2 startStep=24 endStep=26
2021-09-24,0,26,dswrf_to_lead,YSDU,OK,short_name=sdswrf units=W m**-2 startStep=24 endStep=26
2021-10-11,0,26,dswrf_to_lead,YSDU,OK,short_name=sdswrf units=W m**-2 startStep=24 endStep=26
2021-10-06,0,26,dswrf_to_lead,YSDU,OK,short_name=sdswrf units=W m**-2 startStep=24 endStep=26
2021-08-24,0,26,dswrf_to_lead,YSDU,OK,short_name=sdswrf units=W m**-2 startStep=24 endStep=26
2021-10-21,0,26,dswrf_to_lead,YSDU,OK,short_name=sdswrf units=W m**-2 startStep=24 endStep=26
2021-10-01,0,26,dswrf_to_lead,YSDU,OK,short_name=sdswrf units=W m**-2 startStep=24 endStep=26
2021-07-18,0,26,dswrf_to_lead,YSDU,OK,short_name=sdswrf units=W m**-2 startStep=24 endStep=26
2021-09-04,0,26,dswrf_to_lead,YSDU,OK,short_name=sdswrf units=W m**-2 startStep=24 endStep=26
2021-09-28,0,26,dswrf_to_lead,YSDU,OK,short_name=sdswrf units=W m**-2 startStep=24 endStep=26
2021-10-18,0,26,dswrf_to_lead,YSDU,OK,short_name=sdswrf units=W m**-2 startStep=24 endStep=26
2021-10-22,0,26,dswrf_to_lead,YSDU,OK,short_name=sdswrf units=W m**-2 startStep=24 endStep=26
2021-10-16,0,26,dswrf_to_lead,YSDU,OK,short_name=sdswrf units=W m**-2 startStep=24 endStep=26
2021-08-25,0,26,dswrf_to_lead,YSDU,OK,short_name=sdswrf units=W m**-2 startStep=24 endStep=26
2021-10-19,0,26,dswrf_to_lead,YSDU,OK,short_name=sdswrf units=W m**-2 startStep=24 endStep=26
2021-08-01,0,26,dswrf_to_lead,YSDU,OK,short_name=sdswrf units=W m**-2 startStep=24 endStep=26
2021-06-23,0,26,dswrf_to_lead,YSDU,OK,short_name=sdswrf units=W m**-2 startStep=24 endStep=26
2021-10-26,0,26,dswrf_to_lead,YSDU,OK,short_name=sdswrf units=W m**-2 startStep=24 endStep=26
2021-07-21,0,26,dswrf_to_lead,YSDU,OK,short_name=sdswrf units=W m**-2 startStep=24 endStep=26
2021-10-14,0,26,dswrf_to_lead,YSDU,OK,short_name=sdswrf units=W m**-2 startStep=24 endStep=26
2021-10-13,0,26,dswrf_to_lead,YSDU,OK,short_name=sdswrf units=W m**-2 startStep=24 endStep=26
2021-10-17,0,26,dswrf_to_lead,YSDU,OK,short_name=sdswrf units=W m**-2 startStep=24 endStep=26
2021-09-29,0,26,dswrf_to_lead,YSDU,OK,short_name=sdswrf units=W m**-2 startStep=24 endStep=26
2021-10-29,0,26,dswrf_to_lead,YSDU,OK,short_name=sdswrf units=W m**-2 startStep=24 endStep=26
2021-07-27,0,26,dswrf_to_lead,YSDU,OK,short_name=sdswrf units=W m**-2 startStep=24 endStep=26
2021-11-02,0,26,dswrf_to_lead,YSDU,OK,short_name=sdswrf units=W m**-2 startStep=24 endStep=26
2021-08-30,0,26,dswrf_to_lead,YSDU,OK,short_name=sdswrf units=W m**-2 startStep=24 endStep=26
2021-10-30,0,26,dswrf_to_lead,YSDU,OK,short_name=sdswrf units=W m**-2 startStep=24 endStep=26
2021-08-23,0,26,dswrf_to_lead,YSDU,OK,short_name=sdswrf units=W m**-2 startStep=24 endStep=26
2021-10-10,0,26,dswrf_to_lead,YSDU,OK,short_name=sdswrf units=W m**-2 startStep=24 endStep=26
2021-11-08,0,26,dswrf_to_lead,YSDU,OK,short_name=sdswrf units=W m**-2 startStep=24 endStep=26
2021-10-08,0,26,dswrf_to_lead,YSDU,OK,short_name=sdswrf units=W m**-2 startStep=24 endStep=26
2021-09-25,0,26,dswrf_to_lead,YSDU,OK,short_name=sdswrf units=W m**-2 startStep=24 endStep=26
2021-11-07,0,26,dswrf_to_lead,YSDU,OK,short_name=sdswrf units=W m**-2 startStep=24 endStep=26
2021-10-24,0,26,dswrf_to_lead,YSDU,OK,short_name=sdswrf units=W m**-2 startStep=24 endStep=26
2021-10-02,0,26,dswrf_to_lead,YSDU,OK,short_name=sdswrf units=W m**-2 startStep=24 endStep=26
2021-11-05,0,26,dswrf_to_lead,YSDU,OK,short_name=sdswrf units=W m**-2 startStep=24 endStep=26
2021-10-27,0,26,dswrf_to_lead,YSDU,OK,short_name=sdswrf units=W m**-2 startStep=24 endStep=26
2021-09-30,0,26,dswrf_to_lead,YSDU,OK,short_name=sdswrf units=W m**-2 startStep=24 endStep=26
2021-11-06,0,26,dswrf_to_lead,YSDU,OK,short_name=sdswrf units=W m**-2 startStep=24 endStep=26
2021-11-13,0,26,dswrf_to_lead,YSDU,OK,short_name=sdswrf units=W m**-2 startStep=24 endStep=26
2021-11-09,0,26,dswrf_to_lead,YSDU,OK,short_name=sdswrf units=W m**-2 startStep=24 endStep=26
2021-11-18,0,26,dswrf_to_lead,YSDU,OK,short_name=sdswrf units=W m**-2 startStep=24 endStep=26
2021-08-26,0,26,dswrf_to_lead,YSDU,OK,short_name=sdswrf units=W m**-2 startStep=24 endStep=26
2021-11-14,0,26,dswrf_to_lead,YSDU,OK,short_name=sdswrf units=W m**-2 startStep=24 endStep=26
2021-11-17,0,26,dswrf_to_lead,YSDU,OK,short_name=sdswrf units=W m**-2 startStep=24 endStep=26
2021-10-25,0,26,dswrf_to_lead,YSDU,OK,short_name=sdswrf units=W m**-2 startStep=24 endStep=26
2021-09-06,0,26,dswrf_to_lead,YSDU,OK,short_name=sdswrf units=W m**-2 startStep=24 endStep=26
2021-11-16,0,26,dswrf_to_lead,YSDU,OK,short_name=sdswrf units=W m**-2 startStep=24 endStep=26
2021-11-27,0,26,dswrf_to_lead,YSDU,OK,short_name=sdswrf units=W m**-2 startStep=24 endStep=26
2021-11-20,0,26,dswrf_to_lead,YSDU,OK,short_name=sdswrf units=W m**-2 startStep=24 endStep=26
2021-11-23,0,26,dswrf_to_lead,YSDU,OK,short_name=sdswrf units=W m**-2 startStep=24 endStep=26
2021-12-02,0,26,dswrf_to_lead,YSDU,OK,short_name=sdswrf units=W m**-2 startStep=24 endStep=26
2021-09-09,0,26,dswrf_to_lead,YSDU,OK,short_name=sdswrf units=W m**-2 startStep=24 endStep=26
2021-12-05,0,26,dswrf_to_lead,YSDU,OK,short_name=sdswrf units=W m**-2 startStep=24 endStep=26
2021-10-12,0,26,dswrf_to_lead,YSDU,OK,short_name=sdswrf units=W m**-2 startStep=24 endStep=26
2021-11-10,0,26,dswrf_to_lead,YSDU,OK,short_name=sdswrf units=W m**-2 startStep=24 endStep=26
2021-11-12,0,26,dswrf_to_lead,YSDU,OK,short_name=sdswrf units=W m**-2 startStep=24 endStep=26
2021-11-03,0,26,dswrf_to_lead,YSDU,OK,short_name=sdswrf units=W m**-2 startStep=24 endStep=26
2021-11-21,0,26,dswrf_to_lead,YSDU,OK,short_name=sdswrf units=W m**-2 startStep=24 endStep=26
2021-11-25,0,26,dswrf_to_lead,YSDU,OK,short_name=sdswrf units=W m**-2 startStep=24 endStep=26
2021-11-29,0,26,dswrf_to_lead,YSDU,OK,short_name=sdswrf units=W m**-2 startStep=24 endStep=26
2021-11-19,0,26,dswrf_to_lead,YSDU,OK,short_name=sdswrf units=W m**-2 startStep=24 endStep=26
2021-12-06,0,26,dswrf_to_lead,YSDU,OK,short_name=sdswrf units=W m**-2 startStep=24 endStep=26
2021-12-10,0,26,dswrf_to_lead,YSDU,OK,short_name=sdswrf units=W m**-2 startStep=24 endStep=26
2021-11-11,0,26,dswrf_to_lead,YSDU,OK,short_name=sdswrf units=W m**-2 startStep=24 endStep=26
2021-12-20,0,26,dswrf_to_lead,YSDU,OK,short_name=sdswrf units=W m**-2 startStep=24 endStep=26
2021-12-17,0,26,dswrf_to_lead,YSDU,OK,short_name=sdswrf units=W m**-2 startStep=24 endStep=26
2021-10-28,0,26,dswrf_to_lead,YSDU,OK,short_name=sdswrf units=W m**-2 startStep=24 endStep=26
2021-12-12,0,26,dswrf_to_lead,YSDU,OK,short_name=sdswrf units=W m**-2 startStep=24 endStep=26
2021-12-14,0,26,dswrf_to_lead,YSDU,OK,short_name=sdswrf units=W m**-2 startStep=24 endStep=26
2021-10-31,0,26,dswrf_to_lead,YSDU,OK,short_name=sdswrf units=W m**-2 startStep=24 endStep=26
2021-09-21,0,26,dswrf_to_lead,YSDU,OK,short_name=sdswrf units=W m**-2 startStep=24 endStep=26
2021-12-27,0,26,dswrf_to_lead,YSDU,OK,short_name=sdswrf units=W m**-2 startStep=24 endStep=26
2021-12-24,0,26,dswrf_to_lead,YSDU,OK,short_name=sdswrf units=W m**-2 startStep=24 endStep=26
2021-12-18,0,26,dswrf_to_lead,YSDU,OK,short_name=sdswrf units=W m**-2 startStep=24 endStep=26
2021-11-24,0,26,dswrf_to_lead,YSDU,OK,short_name=sdswrf units=W m**-2 startStep=24 endStep=26
2021-12-01,0,26,dswrf_to_lead,YSDU,OK,short_name=sdswrf units=W m**-2 startStep=24 endStep=26
2021-12-28,0,26,dswrf_to_lead,YSDU,OK,short_name=sdswrf units=W m**-2 startStep=24 endStep=26
2021-11-28,0,26,dswrf_to_lead,YSDU,OK,short_name=sdswrf units=W m**-2 startStep=24 endStep=26
2021-12-29,0,26,dswrf_to_lead,YSDU,OK,short_name=sdswrf units=W m**-2 startStep=24 endStep=26
2021-12-16,0,26,dswrf_to_lead,YSDU,OK,short_name=sdswrf units=W m**-2 startStep=24 endStep=26
2021-12-25,0,26,dswrf_to_lead,YSDU,OK,short_name=sdswrf units=W m**-2 startStep=24 endStep=26
2021-09-20,0,26,dswrf_to_lead,YSDU,OK,short_name=sdswrf units=W m**-2 startStep=24 endStep=26
2021-09-16,0,26,dswrf_to_lead,YSDU,OK,short_name=sdswrf units=W m**-2 startStep=24 endStep=26
2022-01-01,0,26,dswrf_to_lead,YSDU,OK,short_name=sdswrf units=W m**-2 startStep=24 endStep=26
2021-11-15,0,26,dswrf_to_lead,YSDU,OK,short_name=sdswrf units=W m**-2 startStep=24 endStep=26
2022-01-05,0,26,dswrf_to_lead,YSDU,OK,short_name=sdswrf units=W m**-2 startStep=24 endStep=26
2022-01-04,0,26,dswrf_to_lead,YSDU,OK,short_name=sdswrf units=W m**-2 startStep=24 endStep=26
2021-11-30,0,26,dswrf_to_lead,YSDU,OK,short_name=sdswrf units=W m**-2 startStep=24 endStep=26
2022-01-02,0,26,dswrf_to_lead,YSDU,OK,short_name=sdswrf units=W m**-2 startStep=24 endStep=26
2021-12-03,0,26,dswrf_to_lead,YSDU,OK,short_name=sdswrf units=W m**-2 startStep=24 endStep=26
2021-10-20,0,26,dswrf_to_lead,YSDU,OK,short_name=sdswrf units=W m**-2 startStep=24 endStep=26
2021-12-23,0,26,dswrf_to_lead,YSDU,OK,short_name=sdswrf units=W m**-2 startStep=24 endStep=26
2021-10-15,0,26,dswrf_to_lead,YSDU,OK,short_name=sdswrf units=W m**-2 startStep=24 endStep=26
2022-01-11,0,26,dswrf_to_lead,YSDU,OK,short_name=sdswrf units=W m**-2 startStep=24 endStep=26
2021-11-26,0,26,dswrf_to_lead,YSDU,OK,short_name=sdswrf units=W m**-2 startStep=24 endStep=26
2022-01-15,0,26,dswrf_to_lead,YSDU,OK,short_name=sdswrf units=W m**-2 startStep=24 endStep=26
2021-10-23,0,26,dswrf_to_lead,YSDU,OK,short_name=sdswrf units=W m**-2 startStep=24 endStep=26
2021-12-26,0,26,dswrf_to_lead,YSDU,OK,short_name=sdswrf units=W m**-2 startStep=24 endStep=26
2022-01-14,0,26,dswrf_to_lead,YSDU,OK,short_name=sdswrf units=W m**-2 startStep=24 endStep=26
2022-01-26,0,26,dswrf_to_lead,YSDU,OK,short_name=sdswrf units=W m**-2 startStep=24 endStep=26
2022-01-22,0,26,dswrf_to_lead,YSDU,OK,short_name=sdswrf units=W m**-2 startStep=24 endStep=26
2021-11-04,0,26,dswrf_to_lead,YSDU,OK,short_name=sdswrf units=W m**-2 startStep=24 endStep=26
2022-01-18,0,26,dswrf_to_lead,YSDU,OK,short_name=sdswrf units=W m**-2 startStep=24 endStep=26
2022-01-09,0,26,dswrf_to_lead,YSDU,OK,short_name=sdswrf units=W m**-2 startStep=24 endStep=26
2022-01-08,0,26,dswrf_to_lead,YSDU,OK,short_name=sdswrf units=W m**-2 startStep=24 endStep=26
2022-01-25,0,26,dswrf_to_lead,YSDU,OK,short_name=sdswrf units=W m**-2 startStep=24 endStep=26
2022-01-29,0,26,dswrf_to_lead,YSDU,OK,short_name=sdswrf units=W m**-2 startStep=24 endStep=26
2022-01-24,0,26,dswrf_to_lead,YSDU,OK,short_name=sdswrf units=W m**-2 startStep=24 endStep=26
2022-01-17,0,26,dswrf_to_lead,YSDU,OK,short_name=sdswrf units=W m**-2 startStep=24 endStep=26
2022-01-12,0,26,dswrf_to_lead,YSDU,OK,short_name=sdswrf units=W m**-2 startStep=24 endStep=26
2021-12-11,0,26,dswrf_to_lead,YSDU,OK,short_name=sdswrf units=W m**-2 startStep=24 endStep=26
2022-02-05,0,26,dswrf_to_lead,YSDU,OK,short_name=sdswrf units=W m**-2 startStep=24 endStep=26
2022-01-20,0,26,dswrf_to_lead,YSDU,OK,short_name=sdswrf units=W m**-2 startStep=24 endStep=26
2022-01-31,0,26,dswrf_to_lead,YSDU,OK,short_name=sdswrf units=W m**-2 startStep=24 endStep=26
2022-02-01,0,26,dswrf_to_lead,YSDU,OK,short_name=sdswrf units=W m**-2 startStep=24 endStep=26
2021-12-31,0,26,dswrf_to_lead,YSDU,OK,short_name=sdswrf units=W m**-2 startStep=24 endStep=26
2022-01-28,0,26,dswrf_to_lead,YSDU,OK,short_name=sdswrf units=W m**-2 startStep=24 endStep=26
2022-01-27,0,26,dswrf_to_lead,YSDU,OK,short_name=sdswrf units=W m**-2 startStep=24 endStep=26
2021-12-07,0,26,dswrf_to_lead,YSDU,OK,short_name=sdswrf units=W m**-2 startStep=24 endStep=26
2021-11-01,0,26,dswrf_to_lead,YSDU,OK,short_name=sdswrf units=W m**-2 startStep=24 endStep=26
2022-01-16,0,26,dswrf_to_lead,YSDU,OK,short_name=sdswrf units=W m**-2 startStep=24 endStep=26
2022-02-04,0,26,dswrf_to_lead,YSDU,OK,short_name=sdswrf units=W m**-2 startStep=24 endStep=26
2022-02-02,0,26,dswrf_to_lead,YSDU,OK,short_name=sdswrf units=W m**-2 startStep=24 endStep=26
2021-12-04,0,26,dswrf_to_lead,YSDU,OK,short_name=sdswrf units=W m**-2 startStep=24 endStep=26
2022-01-06,0,26,dswrf_to_lead,YSDU,OK,short_name=sdswrf units=W m**-2 startStep=24 endStep=26
2022-01-21,0,26,dswrf_to_lead,YSDU,OK,short_name=sdswrf units=W m**-2 startStep=24 endStep=26
2021-12-09,0,26,dswrf_to_lead,YSDU,OK,short_name=sdswrf units=W m**-2 startStep=24 endStep=26
2022-02-10,0,26,dswrf_to_lead,YSDU,OK,short_name=sdswrf units=W m**-2 startStep=24 endStep=26
2022-01-13,0,26,dswrf_to_lead,YSDU,OK,short_name=sdswrf units=W m**-2 startStep=24 endStep=26
2022-02-08,0,26,dswrf_to_lead,YSDU,OK,short_name=sdswrf units=W m**-2 startStep=24 endStep=26
2022-02-07,0,26,dswrf_to_lead,YSDU,OK,short_name=sdswrf units=W m**-2 startStep=24 endStep=26
2022-02-12,0,26,dswrf_to_lead,YSDU,OK,short_name=sdswrf units=W m**-2 startStep=24 endStep=26
2022-02-18,0,26,dswrf_to_lead,YSDU,OK,short_name=sdswrf units=W m**-2 startStep=24 endStep=26
2022-01-30,0,26,dswrf_to_lead,YSDU,OK,short_name=sdswrf units=W m**-2 startStep=24 endStep=26
2022-02-26,0,26,dswrf_to_lead,YSDU,OK,short_name=sdswrf units=W m**-2 startStep=24 endStep=26
2022-02-03,0,26,dswrf_to_lead,YSDU,OK,short_name=sdswrf units=W m**-2 startStep=24 endStep=26
2022-03-02,0,26,dswrf_to_lead,YSDU,OK,short_name=sdswrf units=W m**-2 startStep=24 endStep=26
2022-03-08,0,26,dswrf_to_lead,YSDU,OK,short_name=sdswrf units=W m**-2 startStep=24 endStep=26
2021-12-30,0,26,dswrf_to_lead,YSDU,OK,short_name=sdswrf units=W m**-2 startStep=24 endStep=26
2022-01-10,0,26,dswrf_to_lead,YSDU,OK,short_name=sdswrf units=W m**-2 startStep=24 endStep=26
2022-03-01,0,26,dswrf_to_lead,YSDU,OK,short_name=sdswrf units=W m**-2 startStep=24 endStep=26
2022-02-22,0,26,dswrf_to_lead,YSDU,OK,short_name=sdswrf units=W m**-2 startStep=24 endStep=26
2021-12-15,0,26,dswrf_to_lead,YSDU,OK,short_name=sdswrf units=W m**-2 startStep=24 endStep=26
2022-02-21,0,26,dswrf_to_lead,YSDU,OK,short_name=sdswrf units=W m**-2 startStep=24 endStep=26
2022-03-19,0,26,dswrf_to_lead,YSDU,OK,short_name=sdswrf units=W m**-2 startStep=24 endStep=26
2021-11-22,0,26,dswrf_to_lead,YSDU,OK,short_name=sdswrf units=W m**-2 startStep=24 endStep=26
2021-12-19,0,26,dswrf_to_lead,YSDU,OK,short_name=sdswrf units=W m**-2 startStep=24 endStep=26
2022-03-09,0,26,dswrf_to_lead,YSDU,OK,short_name=sdswrf units=W m**-2 startStep=24 endStep=26
2021-12-13,0,26,dswrf_to_lead,YSDU,OK,short_name=sdswrf units=W m**-2 startStep=24 endStep=26
2022-02-11,0,26,dswrf_to_lead,YSDU,OK,short_name=sdswrf units=W m**-2 startStep=24 endStep=26
2022-03-15,0,26,dswrf_to_lead,YSDU,OK,short_name=sdswrf units=W m**-2 startStep=24 endStep=26
2022-03-07,0,26,dswrf_to_lead,YSDU,OK,short_name=sdswrf units=W m**-2 startStep=24 endStep=26
2022-03-06,0,26,dswrf_to_lead,YSDU,OK,short_name=sdswrf units=W m**-2 startStep=24 endStep=26
2022-02-06,0,26,dswrf_to_lead,YSDU,OK,short_name=sdswrf units=W m**-2 startStep=24 endStep=26
2022-03-18,0,26,dswrf_to_lead,YSDU,OK,short_name=sdswrf units=W m**-2 startStep=24 endStep=26
2022-03-24,0,26,dswrf_to_lead,YSDU,OK,short_name=sdswrf units=W m**-2 startStep=24 endStep=26
2022-03-04,0,26,dswrf_to_lead,YSDU,OK,short_name=sdswrf units=W m**-2 startStep=24 endStep=26
2022-01-03,0,26,dswrf_to_lead,YSDU,OK,short_name=sdswrf units=W m**-2 startStep=24 endStep=26
2022-03-22,0,26,dswrf_to_lead,YSDU,OK,short_name=sdswrf units=W m**-2 startStep=24 endStep=26
2021-12-21,0,26,dswrf_to_lead,YSDU,OK,short_name=sdswrf units=W m**-2 startStep=24 endStep=26
2021-12-08,0,26,dswrf_to_lead,YSDU,OK,short_name=sdswrf units=W m**-2 startStep=24 endStep=26
2022-02-13,0,26,dswrf_to_lead,YSDU,OK,short_name=sdswrf units=W m**-2 startStep=24 endStep=26
2022-03-17,0,26,dswrf_to_lead,YSDU,OK,short_name=sdswrf units=W m**-2 startStep=24 endStep=26
2022-03-23,0,26,dswrf_to_lead,YSDU,OK,short_name=sdswrf units=W m**-2 startStep=24 endStep=26
2022-03-05,0,26,dswrf_to_lead,YSDU,OK,short_name=sdswrf units=W m**-2 startStep=24 endStep=26
2022-01-19,0,26,dswrf_to_lead,YSDU,OK,short_name=sdswrf units=W m**-2 startStep=24 endStep=26
2022-02-24,0,26,dswrf_to_lead,YSDU,OK,short_name=sdswrf units=W m**-2 startStep=24 endStep=26
2022-03-30,0,26,dswrf_to_lead,YSDU,OK,short_name=sdswrf units=W m**-2 startStep=24 endStep=26
2022-03-25,0,26,dswrf_to_lead,YSDU,OK,short_name=sdswrf units=W m**-2 startStep=24 endStep=26
2022-02-15,0,26,dswrf_to_lead,YSDU,OK,short_name=sdswrf units=W m**-2 startStep=24 endStep=26
2022-02-25,0,26,dswrf_to_lead,YSDU,OK,short_name=sdswrf units=W m**-2 startStep=24 endStep=26
2022-04-08,0,26,dswrf_to_lead,YSDU,OK,short_name=sdswrf units=W m**-2 startStep=24 endStep=26
2022-03-28,0,26,dswrf_to_lead,YSDU,OK,short_name=sdswrf units=W m**-2 startStep=24 endStep=26
2022-04-03,0,26,dswrf_to_lead,YSDU,OK,short_name=sdswrf units=W m**-2 startStep=24 endStep=26
2022-03-31,0,26,dswrf_to_lead,YSDU,OK,short_name=sdswrf units=W m**-2 startStep=24 endStep=26
2022-01-23,0,26,dswrf_to_lead,YSDU,OK,short_name=sdswrf units=W m**-2 startStep=24 endStep=26
2022-03-21,0,26,dswrf_to_lead,YSDU,OK,short_name=sdswrf units=W m**-2 startStep=24 endStep=26
2022-02-17,0,26,dswrf_to_lead,YSDU,OK,short_name=sdswrf units=W m**-2 startStep=24 endStep=26
2022-02-28,0,26,dswrf_to_lead,YSDU,OK,short_name=sdswrf units=W m**-2 startStep=24 endStep=26
2022-03-29,0,26,dswrf_to_lead,YSDU,OK,short_name=sdswrf units=W m**-2 startStep=24 endStep=26
2022-03-10,0,26,dswrf_to_lead,YSDU,OK,short_name=sdswrf units=W m**-2 startStep=24 endStep=26
2022-04-02,0,26,dswrf_to_lead,YSDU,OK,short_name=sdswrf units=W m**-2 startStep=24 endStep=26
2022-04-07,0,26,dswrf_to_lead,YSDU,OK,short_name=sdswrf units=W m**-2 startStep=24 endStep=26
2022-04-09,0,26,dswrf_to_lead,YSDU,OK,short_name=sdswrf units=W m**-2 startStep=24 endStep=26
2022-03-11,0,26,dswrf_to_lead,YSDU,OK,short_name=sdswrf units=W m**-2 startStep=24 endStep=26
2022-04-18,0,26,dswrf_to_lead,YSDU,OK,short_name=sdswrf units=W m**-2 startStep=24 endStep=26
2022-03-13,0,26,dswrf_to_lead,YSDU,OK,short_name=sdswrf units=W m**-2 startStep=24 endStep=26
2022-01-07,0,26,dswrf_to_lead,YSDU,OK,short_name=sdswrf units=W m**-2 startStep=24 endStep=26
2022-03-16,0,26,dswrf_to_lead,YSDU,OK,short_name=sdswrf units=W m**-2 startStep=24 endStep=26
2022-02-16,0,26,dswrf_to_lead,YSDU,OK,short_name=sdswrf units=W m**-2 startStep=24 endStep=26
2021-12-22,0,26,dswrf_to_lead,YSDU,OK,short_name=sdswrf units=W m**-2 startStep=24 endStep=26
2022-04-06,0,26,dswrf_to_lead,YSDU,OK,short_name=sdswrf units=W m**-2 startStep=24 endStep=26
2022-04-10,0,26,dswrf_to_lead,YSDU,OK,short_name=sdswrf units=W m**-2 startStep=24 endStep=26
2022-04-11,0,26,dswrf_to_lead,YSDU,OK,short_name=sdswrf units=W m**-2 startStep=24 endStep=26
2022-04-16,0,26,dswrf_to_lead,YSDU,OK,short_name=sdswrf units=W m**-2 startStep=24 endStep=26
2022-02-09,0,26,dswrf_to_lead,YSDU,OK,short_name=sdswrf units=W m**-2 startStep=24 endStep=26
2022-04-13,0,26,dswrf_to_lead,YSDU,OK,short_name=sdswrf units=W m**-2 startStep=24 endStep=26
2022-04-23,0,26,dswrf_to_lead,YSDU,OK,short_name=sdswrf units=W m**-2 startStep=24 endStep=26
2022-04-20,0,26,dswrf_to_lead,YSDU,OK,short_name=sdswrf units=W m**-2 startStep=24 endStep=26
2022-04-04,0,26,dswrf_to_lead,YSDU,OK,short_name=sdswrf units=W m**-2 startStep=24 endStep=26
2022-04-19,0,26,dswrf_to_lead,YSDU,OK,short_name=sdswrf units=W m**-2 startStep=24 endStep=26
2022-03-12,0,26,dswrf_to_lead,YSDU,OK,short_name=sdswrf units=W m**-2 startStep=24 endStep=26
2022-04-29,0,26,dswrf_to_lead,YSDU,OK,short_name=sdswrf units=W m**-2 startStep=24 endStep=26
2022-04-27,0,26,dswrf_to_lead,YSDU,OK,short_name=sdswrf units=W m**-2 startStep=24 endStep=26
2022-05-02,0,26,dswrf_to_lead,YSDU,OK,short_name=sdswrf units=W m**-2 startStep=24 endStep=26
2022-04-01,0,26,dswrf_to_lead,YSDU,OK,short_name=sdswrf units=W m**-2 startStep=24 endStep=26
2022-04-05,0,26,dswrf_to_lead,YSDU,OK,short_name=sdswrf units=W m**-2 startStep=24 endStep=26
2022-02-23,0,26,dswrf_to_lead,YSDU,OK,short_name=sdswrf units=W m**-2 startStep=24 endStep=26
2022-03-03,0,26,dswrf_to_lead,YSDU,OK,short_name=sdswrf units=W m**-2 startStep=24 endStep=26
2022-05-08,0,26,dswrf_to_lead,YSDU,OK,short_name=sdswrf units=W m**-2 startStep=24 endStep=26
2022-04-24,0,26,dswrf_to_lead,YSDU,OK,short_name=sdswrf units=W m**-2 startStep=24 endStep=26
2022-04-26,0,26,dswrf_to_lead,YSDU,OK,short_name=sdswrf units=W m**-2 startStep=24 endStep=26
2022-05-05,0,26,dswrf_to_lead,YSDU,OK,short_name=sdswrf units=W m**-2 startStep=24 endStep=26
2022-04-17,0,26,dswrf_to_lead,YSDU,OK,short_name=sdswrf units=W m**-2 startStep=24 endStep=26
2022-02-14,0,26,dswrf_to_lead,YSDU,OK,short_name=sdswrf units=W m**-2 startStep=24 endStep=26
2022-04-30,0,26,dswrf_to_lead,YSDU,OK,short_name=sdswrf units=W m**-2 startStep=24 endStep=26
2022-05-16,0,26,dswrf_to_lead,YSDU,OK,short_name=sdswrf units=W m**-2 startStep=24 endStep=26
2022-05-10,0,26,dswrf_to_lead,YSDU,OK,short_name=sdswrf units=W m**-2 startStep=24 endStep=26
2022-02-20,0,26,dswrf_to_lead,YSDU,OK,short_name=sdswrf units=W m**-2 startStep=24 endStep=26
2022-05-09,0,26,dswrf_to_lead,YSDU,OK,short_name=sdswrf units=W m**-2 startStep=24 endStep=26
2022-05-30,0,26,dswrf_to_lead,YSDU,OK,short_name=sdswrf units=W m**-2 startStep=24 endStep=26
2022-05-06,0,26,dswrf_to_lead,YSDU,OK,short_name=sdswrf units=W m**-2 startStep=24 endStep=26
2022-04-21,0,26,dswrf_to_lead,YSDU,OK,short_name=sdswrf units=W m**-2 startStep=24 endStep=26
2022-05-31,0,26,dswrf_to_lead,YSDU,OK,short_name=sdswrf units=W m**-2 startStep=24 endStep=26
2022-03-20,0,26,dswrf_to_lead,YSDU,OK,short_name=sdswrf units=W m**-2 startStep=24 endStep=26
2022-05-24,0,26,dswrf_to_lead,YSDU,OK,short_name=sdswrf units=W m**-2 startStep=24 endStep=26
2022-02-19,0,26,dswrf_to_lead,YSDU,OK,short_name=sdswrf units=W m**-2 startStep=24 endStep=26
2022-03-14,0,26,dswrf_to_lead,YSDU,OK,short_name=sdswrf units=W m**-2 startStep=24 endStep=26
2022-05-26,0,26,dswrf_to_lead,YSDU,OK,short_name=sdswrf units=W m**-2 startStep=24 endStep=26
2022-05-29,0,26,dswrf_to_lead,YSDU,OK,short_name=sdswrf units=W m**-2 startStep=24 endStep=26
2022-05-17,0,26,dswrf_to_lead,YSDU,OK,short_name=sdswrf units=W m**-2 startStep=24 endStep=26
2022-05-21,0,26,dswrf_to_lead,YSDU,OK,short_name=sdswrf units=W m**-2 startStep=24 endStep=26
2022-06-09,0,26,dswrf_to_lead,YSDU,OK,short_name=sdswrf units=W m**-2 startStep=24 endStep=26
2022-05-12,0,26,dswrf_to_lead,YSDU,OK,short_name=sdswrf units=W m**-2 startStep=24 endStep=26
2022-06-05,0,26,dswrf_to_lead,YSDU,OK,short_name=sdswrf units=W m**-2 startStep=24 endStep=26
2022-03-27,0,26,dswrf_to_lead,YSDU,OK,short_name=sdswrf units=W m**-2 startStep=24 endStep=26
2022-05-19,0,26,dswrf_to_lead,YSDU,OK,short_name=sdswrf units=W m**-2 startStep=24 endStep=26
2022-05-28,0,26,dswrf_to_lead,YSDU,OK,short_name=sdswrf units=W m**-2 startStep=24 endStep=26
2022-04-25,0,26,dswrf_to_lead,YSDU,OK,short_name=sdswrf units=W m**-2 startStep=24 endStep=26
2022-06-08,0,26,dswrf_to_lead,YSDU,OK,short_name=sdswrf units=W m**-2 startStep=24 endStep=26
2022-05-15,0,26,dswrf_to_lead,YSDU,OK,short_name=sdswrf units=W m**-2 startStep=24 endStep=26
2022-05-07,0,26,dswrf_to_lead,YSDU,OK,short_name=sdswrf units=W m**-2 startStep=24 endStep=26
2022-06-06,0,26,dswrf_to_lead,YSDU,OK,short_name=sdswrf units=W m**-2 startStep=24 endStep=26
2022-06-11,0,26,dswrf_to_lead,YSDU,OK,short_name=sdswrf units=W m**-2 startStep=24 endStep=26
2022-03-26,0,26,dswrf_to_lead,YSDU,OK,short_name=sdswrf units=W m**-2 startStep=24 endStep=26
2022-05-25,0,26,dswrf_to_lead,YSDU,OK,short_name=sdswrf units=W m**-2 startStep=24 endStep=26
2022-02-27,0,26,dswrf_to_lead,YSDU,OK,short_name=sdswrf units=W m**-2 startStep=24 endStep=26
2022-06-10,0,26,dswrf_to_lead,YSDU,OK,short_name=sdswrf units=W m**-2 startStep=24 endStep=26
2022-06-23,0,26,dswrf_to_lead,YSDU,OK,short_name=sdswrf units=W m**-2 startStep=24 endStep=26
2022-04-15,0,26,dswrf_to_lead,YSDU,OK,short_name=sdswrf units=W m**-2 startStep=24 endStep=26
2022-05-11,0,26,dswrf_to_lead,YSDU,OK,short_name=sdswrf units=W m**-2 startStep=24 endStep=26
2022-06-17,0,26,dswrf_to_lead,YSDU,OK,short_name=sdswrf units=W m**-2 startStep=24 endStep=26
2022-06-15,0,26,dswrf_to_lead,YSDU,OK,short_name=sdswrf units=W m**-2 startStep=24 endStep=26
2022-05-20,0,26,dswrf_to_lead,YSDU,OK,short_name=sdswrf units=W m**-2 startStep=24 endStep=26
2022-06-26,0,26,dswrf_to_lead,YSDU,OK,short_name=sdswrf units=W m**-2 startStep=24 endStep=26
2022-05-22,0,26,dswrf_to_lead,YSDU,OK,short_name=sdswrf units=W m**-2 startStep=24 endStep=26
2022-06-03,0,26,dswrf_to_lead,YSDU,OK,short_name=sdswrf units=W m**-2 startStep=24 endStep=26
2022-05-27,0,26,dswrf_to_lead,YSDU,OK,short_name=sdswrf units=W m**-2 startStep=24 endStep=26
2022-06-29,0,26,dswrf_to_lead,YSDU,OK,short_name=sdswrf units=W m**-2 startStep=24 endStep=26
2022-04-28,0,26,dswrf_to_lead,YSDU,OK,short_name=sdswrf units=W m**-2 startStep=24 endStep=26
2022-06-18,0,26,dswrf_to_lead,YSDU,OK,short_name=sdswrf units=W m**-2 startStep=24 endStep=26
2022-06-30,0,26,dswrf_to_lead,YSDU,OK,short_name=sdswrf units=W m**-2 startStep=24 endStep=26
2022-05-18,0,26,dswrf_to_lead,YSDU,OK,short_name=sdswrf units=W m**-2 startStep=24 endStep=26
2022-04-14,0,26,dswrf_to_lead,YSDU,OK,short_name=sdswrf units=W m**-2 startStep=24 endStep=26
2022-06-14,0,26,dswrf_to_lead,YSDU,OK,short_name=sdswrf units=W m**-2 startStep=24 endStep=26
2022-07-14,0,26,dswrf_to_lead,YSDU,OK,short_name=sdswrf units=W m**-2 startStep=24 endStep=26
2022-07-06,0,26,dswrf_to_lead,YSDU,OK,short_name=sdswrf units=W m**-2 startStep=24 endStep=26
2022-07-04,0,26,dswrf_to_lead,YSDU,OK,short_name=sdswrf units=W m**-2 startStep=24 endStep=26
2022-06-25,0,26,dswrf_to_lead,YSDU,OK,short_name=sdswrf units=W m**-2 startStep=24 endStep=26
2022-06-20,0,26,dswrf_to_lead,YSDU,OK,short_name=sdswrf units=W m**-2 startStep=24 endStep=26
2022-07-18,0,26,dswrf_to_lead,YSDU,OK,short_name=sdswrf units=W m**-2 startStep=24 endStep=26
2022-04-22,0,26,dswrf_to_lead,YSDU,OK,short_name=sdswrf units=W m**-2 startStep=24 endStep=26
2022-07-08,0,26,dswrf_to_lead,YSDU,OK,short_name=sdswrf units=W m**-2 startStep=24 endStep=26
2022-07-02,0,26,dswrf_to_lead,YSDU,OK,short_name=sdswrf units=W m**-2 startStep=24 endStep=26
2022-07-19,0,26,dswrf_to_lead,YSDU,OK,short_name=sdswrf units=W m**-2 startStep=24 endStep=26
2022-05-03,0,26,dswrf_to_lead,YSDU,OK,short_name=sdswrf units=W m**-2 startStep=24 endStep=26
2022-07-17,0,26,dswrf_to_lead,YSDU,OK,short_name=sdswrf units=W m**-2 startStep=24 endStep=26
2022-07-07,0,26,dswrf_to_lead,YSDU,OK,short_name=sdswrf units=W m**-2 startStep=24 endStep=26
2022-07-20,0,26,dswrf_to_lead,YSDU,OK,short_name=sdswrf units=W m**-2 startStep=24 endStep=26
2022-07-23,0,26,dswrf_to_lead,YSDU,OK,short_name=sdswrf units=W m**-2 startStep=24 endStep=26
2022-07-15,0,26,dswrf_to_lead,YSDU,OK,short_name=sdswrf units=W m**-2 startStep=24 endStep=26
2022-07-11,0,26,dswrf_to_lead,YSDU,OK,short_name=sdswrf units=W m**-2 startStep=24 endStep=26
2022-05-14,0,26,dswrf_to_lead,YSDU,OK,short_name=sdswrf units=W m**-2 startStep=24 endStep=26
2022-07-30,0,26,dswrf_to_lead,YSDU,OK,short_name=sdswrf units=W m**-2 startStep=24 endStep=26
2022-07-12,0,26,dswrf_to_lead,YSDU,OK,short_name=sdswrf units=W m**-2 startStep=24 endStep=26
2022-07-09,0,26,dswrf_to_lead,YSDU,OK,short_name=sdswrf units=W m**-2 startStep=24 endStep=26
2022-07-01,0,26,dswrf_to_lead,YSDU,OK,short_name=sdswrf units=W m**-2 startStep=24 endStep=26
2022-07-16,0,26,dswrf_to_lead,YSDU,OK,short_name=sdswrf units=W m**-2 startStep=24 endStep=26
2022-08-05,0,26,dswrf_to_lead,YSDU,OK,short_name=sdswrf units=W m**-2 startStep=24 endStep=26
2022-07-28,0,26,dswrf_to_lead,YSDU,OK,short_name=sdswrf units=W m**-2 startStep=24 endStep=26
2022-07-27,0,26,dswrf_to_lead,YSDU,OK,short_name=sdswrf units=W m**-2 startStep=24 endStep=26
2022-07-05,0,26,dswrf_to_lead,YSDU,OK,short_name=sdswrf units=W m**-2 startStep=24 endStep=26
2022-06-28,0,26,dswrf_to_lead,YSDU,OK,short_name=sdswrf units=W m**-2 startStep=24 endStep=26
2022-06-01,0,26,dswrf_to_lead,YSDU,OK,short_name=sdswrf units=W m**-2 startStep=24 endStep=26
2022-07-25,0,26,dswrf_to_lead,YSDU,OK,short_name=sdswrf units=W m**-2 startStep=24 endStep=26
2022-06-19,0,26,dswrf_to_lead,YSDU,OK,short_name=sdswrf units=W m**-2 startStep=24 endStep=26
2022-08-01,0,26,dswrf_to_lead,YSDU,OK,short_name=sdswrf units=W m**-2 startStep=24 endStep=26
2022-04-12,0,26,dswrf_to_lead,YSDU,OK,short_name=sdswrf units=W m**-2 startStep=24 endStep=26
2022-05-23,0,26,dswrf_to_lead,YSDU,OK,short_name=sdswrf units=W m**-2 startStep=24 endStep=26
2022-07-03,0,26,dswrf_to_lead,YSDU,OK,short_name=sdswrf units=W m**-2 startStep=24 endStep=26
2022-07-26,0,26,dswrf_to_lead,YSDU,OK,short_name=sdswrf units=W m**-2 startStep=24 endStep=26
2022-06-12,0,26,dswrf_to_lead,YSDU,OK,short_name=sdswrf units=W m**-2 startStep=24 endStep=26
2022-07-22,0,26,dswrf_to_lead,YSDU,OK,short_name=sdswrf units=W m**-2 startStep=24 endStep=26
2022-08-14,0,26,dswrf_to_lead,YSDU,OK,short_name=sdswrf units=W m**-2 startStep=24 endStep=26
2022-07-24,0,26,dswrf_to_lead,YSDU,OK,short_name=sdswrf units=W m**-2 startStep=24 endStep=26
2022-06-16,0,26,dswrf_to_lead,YSDU,OK,short_name=sdswrf units=W m**-2 startStep=24 endStep=26
2022-06-24,0,26,dswrf_to_lead,YSDU,OK,short_name=sdswrf units=W m**-2 startStep=24 endStep=26
2022-06-07,0,26,dswrf_to_lead,YSDU,OK,short_name=sdswrf units=W m**-2 startStep=24 endStep=26
2022-08-11,0,26,dswrf_to_lead,YSDU,OK,short_name=sdswrf units=W m**-2 startStep=24 endStep=26
2022-05-01,0,26,dswrf_to_lead,YSDU,OK,short_name=sdswrf units=W m**-2 startStep=24 endStep=26
2022-06-21,0,26,dswrf_to_lead,YSDU,OK,short_name=sdswrf units=W m**-2 startStep=24 endStep=26
2022-05-13,0,26,dswrf_to_lead,YSDU,OK,short_name=sdswrf units=W m**-2 startStep=24 endStep=26
2022-08-21,0,26,dswrf_to_lead,YSDU,OK,short_name=sdswrf units=W m**-2 startStep=24 endStep=26
2022-08-04,0,26,dswrf_to_lead,YSDU,OK,short_name=sdswrf units=W m**-2 startStep=24 endStep=26
2022-08-09,0,26,dswrf_to_lead,YSDU,OK,short_name=sdswrf units=W m**-2 startStep=24 endStep=26
2022-05-04,0,26,dswrf_to_lead,YSDU,OK,short_name=sdswrf units=W m**-2 startStep=24 endStep=26
2022-07-13,0,26,dswrf_to_lead,YSDU,OK,short_name=sdswrf units=W m**-2 startStep=24 endStep=26
2022-06-13,0,26,dswrf_to_lead,YSDU,OK,short_name=sdswrf units=W m**-2 startStep=24 endStep=26
2022-08-16,0,26,dswrf_to_lead,YSDU,OK,short_name=sdswrf units=W m**-2 startStep=24 endStep=26
2022-08-15,0,26,dswrf_to_lead,YSDU,OK,short_name=sdswrf units=W m**-2 startStep=24 endStep=26
2022-06-02,0,26,dswrf_to_lead,YSDU,OK,short_name=sdswrf units=W m**-2 startStep=24 endStep=26
2022-08-26,0,26,dswrf_to_lead,YSDU,OK,short_name=sdswrf units=W m**-2 startStep=24 endStep=26
2022-08-08,0,26,dswrf_to_lead,YSDU,OK,short_name=sdswrf units=W m**-2 startStep=24 endStep=26
2022-08-19,0,26,dswrf_to_lead,YSDU,OK,short_name=sdswrf units=W m**-2 startStep=24 endStep=26
2022-07-10,0,26,dswrf_to_lead,YSDU,OK,short_name=sdswrf units=W m**-2 startStep=24 endStep=26
2022-08-24,0,26,dswrf_to_lead,YSDU,OK,short_name=sdswrf units=W m**-2 startStep=24 endStep=26
2022-08-28,0,26,dswrf_to_lead,YSDU,OK,short_name=sdswrf units=W m**-2 startStep=24 endStep=26
2022-08-22,0,26,dswrf_to_lead,YSDU,OK,short_name=sdswrf units=W m**-2 startStep=24 endStep=26
2022-06-04,0,26,dswrf_to_lead,YSDU,OK,short_name=sdswrf units=W m**-2 startStep=24 endStep=26
2022-08-27,0,26,dswrf_to_lead,YSDU,OK,short_name=sdswrf units=W m**-2 startStep=24 endStep=26
2022-08-25,0,26,dswrf_to_lead,YSDU,OK,short_name=sdswrf units=W m**-2 startStep=24 endStep=26
2022-09-02,0,26,dswrf_to_lead,YSDU,OK,short_name=sdswrf units=W m**-2 startStep=24 endStep=26
2022-09-07,0,26,dswrf_to_lead,YSDU,OK,short_name=sdswrf units=W m**-2 startStep=24 endStep=26
2022-09-09,0,26,dswrf_to_lead,YSDU,OK,short_name=sdswrf units=W m**-2 startStep=24 endStep=26
2022-08-30,0,26,dswrf_to_lead,YSDU,OK,short_name=sdswrf units=W m**-2 startStep=24 endStep=26
2022-09-12,0,26,dswrf_to_lead,YSDU,OK,short_name=sdswrf units=W m**-2 startStep=24 endStep=26
2022-07-31,0,26,dswrf_to_lead,YSDU,OK,short_name=sdswrf units=W m**-2 startStep=24 endStep=26
2022-09-06,0,26,dswrf_to_lead,YSDU,OK,short_name=sdswrf units=W m**-2 startStep=24 endStep=26
2022-08-06,0,26,dswrf_to_lead,YSDU,OK,short_name=sdswrf units=W m**-2 startStep=24 endStep=26
2022-08-12,0,26,dswrf_to_lead,YSDU,OK,short_name=sdswrf units=W m**-2 startStep=24 endStep=26
2022-08-23,0,26,dswrf_to_lead,YSDU,OK,short_name=sdswrf units=W m**-2 startStep=24 endStep=26
2022-08-31,0,26,dswrf_to_lead,YSDU,OK,short_name=sdswrf units=W m**-2 startStep=24 endStep=26
2022-09-27,0,26,dswrf_to_lead,YSDU,OK,short_name=sdswrf units=W m**-2 startStep=24 endStep=26
2022-09-14,0,26,dswrf_to_lead,YSDU,OK,short_name=sdswrf units=W m**-2 startStep=24 endStep=26
2022-08-03,0,26,dswrf_to_lead,YSDU,OK,short_name=sdswrf units=W m**-2 startStep=24 endStep=26
2022-09-29,0,26,dswrf_to_lead,YSDU,OK,short_name=sdswrf units=W m**-2 startStep=24 endStep=26
2022-09-15,0,26,dswrf_to_lead,YSDU,OK,short_name=sdswrf units=W m**-2 startStep=24 endStep=26
2022-09-04,0,26,dswrf_to_lead,YSDU,OK,short_name=sdswrf units=W m**-2 startStep=24 endStep=26
2022-09-11,0,26,dswrf_to_lead,YSDU,OK,short_name=sdswrf units=W m**-2 startStep=24 endStep=26
2022-06-22,0,26,dswrf_to_lead,YSDU,OK,short_name=sdswrf units=W m**-2 startStep=24 endStep=26
2022-08-10,0,26,dswrf_to_lead,YSDU,OK,short_name=sdswrf units=W m**-2 startStep=24 endStep=26
2022-08-29,0,26,dswrf_to_lead,YSDU,OK,short_name=sdswrf units=W m**-2 startStep=24 endStep=26
2022-09-03,0,26,dswrf_to_lead,YSDU,OK,short_name=sdswrf units=W m**-2 startStep=24 endStep=26
2022-06-27,0,26,dswrf_to_lead,YSDU,OK,short_name=sdswrf units=W m**-2 startStep=24 endStep=26
2022-10-13,0,26,dswrf_to_lead,YSDU,OK,short_name=sdswrf units=W m**-2 startStep=24 endStep=26
2022-09-20,0,26,dswrf_to_lead,YSDU,OK,short_name=sdswrf units=W m**-2 startStep=24 endStep=26
2022-09-05,0,26,dswrf_to_lead,YSDU,OK,short_name=sdswrf units=W m**-2 startStep=24 endStep=26
2022-10-02,0,26,dswrf_to_lead,YSDU,OK,short_name=sdswrf units=W m**-2 startStep=24 endStep=26
2022-10-06,0,26,dswrf_to_lead,YSDU,OK,short_name=sdswrf units=W m**-2 startStep=24 endStep=26
2022-09-23,0,26,dswrf_to_lead,YSDU,OK,short_name=sdswrf units=W m**-2 startStep=24 endStep=26
2022-10-04,0,26,dswrf_to_lead,YSDU,OK,short_name=sdswrf units=W m**-2 startStep=24 endStep=26
2022-10-11,0,26,dswrf_to_lead,YSDU,OK,short_name=sdswrf units=W m**-2 startStep=24 endStep=26
2022-08-02,0,26,dswrf_to_lead,YSDU,OK,short_name=sdswrf units=W m**-2 startStep=24 endStep=26
2022-09-19,0,26,dswrf_to_lead,YSDU,OK,short_name=sdswrf units=W m**-2 startStep=24 endStep=26
2022-09-26,0,26,dswrf_to_lead,YSDU,OK,short_name=sdswrf units=W m**-2 startStep=24 endStep=26
2022-09-30,0,26,dswrf_to_lead,YSDU,OK,short_name=sdswrf units=W m**-2 startStep=24 endStep=26
2022-07-29,0,26,dswrf_to_lead,YSDU,OK,short_name=sdswrf units=W m**-2 startStep=24 endStep=26
2022-09-22,0,26,dswrf_to_lead,YSDU,OK,short_name=sdswrf units=W m**-2 startStep=24 endStep=26
2022-09-18,0,26,dswrf_to_lead,YSDU,OK,short_name=sdswrf units=W m**-2 startStep=24 endStep=26
2022-10-14,0,26,dswrf_to_lead,YSDU,OK,short_name=sdswrf units=W m**-2 startStep=24 endStep=26
2022-10-05,0,26,dswrf_to_lead,YSDU,OK,short_name=sdswrf units=W m**-2 startStep=24 endStep=26
2022-08-18,0,26,dswrf_to_lead,YSDU,OK,short_name=sdswrf units=W m**-2 startStep=24 endStep=26
2022-10-19,0,26,dswrf_to_lead,YSDU,OK,short_name=sdswrf units=W m**-2 startStep=24 endStep=26
2022-09-25,0,26,dswrf_to_lead,YSDU,OK,short_name=sdswrf units=W m**-2 startStep=24 endStep=26
2022-08-07,0,26,dswrf_to_lead,YSDU,OK,short_name=sdswrf units=W m**-2 startStep=24 endStep=26
2022-10-08,0,26,dswrf_to_lead,YSDU,OK,short_name=sdswrf units=W m**-2 startStep=24 endStep=26
2022-10-21,0,26,dswrf_to_lead,YSDU,OK,short_name=sdswrf units=W m**-2 startStep=24 endStep=26
2022-09-01,0,26,dswrf_to_lead,YSDU,OK,short_name=sdswrf units=W m**-2 startStep=24 endStep=26
2022-07-21,0,26,dswrf_to_lead,YSDU,OK,short_name=sdswrf units=W m**-2 startStep=24 endStep=26
2022-10-24,0,26,dswrf_to_lead,YSDU,OK,short_name=sdswrf units=W m**-2 startStep=24 endStep=26
2022-10-22,0,26,dswrf_to_lead,YSDU,OK,short_name=sdswrf units=W m**-2 startStep=24 endStep=26
2022-10-31,0,26,dswrf_to_lead,YSDU,OK,short_name=sdswrf units=W m**-2 startStep=24 endStep=26
2022-10-18,0,26,dswrf_to_lead,YSDU,OK,short_name=sdswrf units=W m**-2 startStep=24 endStep=26
2022-10-20,0,26,dswrf_to_lead,YSDU,OK,short_name=sdswrf units=W m**-2 startStep=24 endStep=26
2022-10-23,0,26,dswrf_to_lead,YSDU,OK,short_name=sdswrf units=W m**-2 startStep=24 endStep=26
2022-10-25,0,26,dswrf_to_lead,YSDU,OK,short_name=sdswrf units=W m**-2 startStep=24 endStep=26
2022-09-08,0,26,dswrf_to_lead,YSDU,OK,short_name=sdswrf units=W m**-2 startStep=24 endStep=26
2022-10-12,0,26,dswrf_to_lead,YSDU,OK,short_name=sdswrf units=W m**-2 startStep=24 endStep=26
2022-11-02,0,26,dswrf_to_lead,YSDU,OK,short_name=sdswrf units=W m**-2 startStep=24 endStep=26
2022-11-19,0,26,dswrf_to_lead,YSDU,OK,short_name=sdswrf units=W m**-2 startStep=24 endStep=26
2022-10-27,0,26,dswrf_to_lead,YSDU,OK,short_name=sdswrf units=W m**-2 startStep=24 endStep=26
2022-08-17,0,26,dswrf_to_lead,YSDU,OK,short_name=sdswrf units=W m**-2 startStep=24 endStep=26
2022-09-16,0,26,dswrf_to_lead,YSDU,OK,short_name=sdswrf units=W m**-2 startStep=24 endStep=26
2022-11-10,0,26,dswrf_to_lead,YSDU,OK,short_name=sdswrf units=W m**-2 startStep=24 endStep=26
2022-09-17,0,26,dswrf_to_lead,YSDU,OK,short_name=sdswrf units=W m**-2 startStep=24 endStep=26
2022-11-14,0,26,dswrf_to_lead,YSDU,OK,short_name=sdswrf units=W m**-2 startStep=24 endStep=26
2022-11-06,0,26,dswrf_to_lead,YSDU,OK,short_name=sdswrf units=W m**-2 startStep=24 endStep=26
2022-11-25,0,26,dswrf_to_lead,YSDU,OK,short_name=sdswrf units=W m**-2 startStep=24 endStep=26
2022-11-04,0,26,dswrf_to_lead,YSDU,OK,short_name=sdswrf units=W m**-2 startStep=24 endStep=26
2022-09-28,0,26,dswrf_to_lead,YSDU,OK,short_name=sdswrf units=W m**-2 startStep=24 endStep=26
2022-11-11,0,26,dswrf_to_lead,YSDU,OK,short_name=sdswrf units=W m**-2 startStep=24 endStep=26
2022-11-18,0,26,dswrf_to_lead,YSDU,OK,short_name=sdswrf units=W m**-2 startStep=24 endStep=26
2022-10-29,0,26,dswrf_to_lead,YSDU,OK,short_name=sdswrf units=W m**-2 startStep=24 endStep=26
2022-10-07,0,26,dswrf_to_lead,YSDU,OK,short_name=sdswrf units=W m**-2 startStep=24 endStep=26
2022-11-05,0,26,dswrf_to_lead,YSDU,OK,short_name=sdswrf units=W m**-2 startStep=24 endStep=26
2022-11-16,0,26,dswrf_to_lead,YSDU,OK,short_name=sdswrf units=W m**-2 startStep=24 endStep=26
2022-11-27,0,26,dswrf_to_lead,YSDU,OK,short_name=sdswrf units=W m**-2 startStep=24 endStep=26
2022-11-12,0,26,dswrf_to_lead,YSDU,OK,short_name=sdswrf units=W m**-2 startStep=24 endStep=26
2022-11-08,0,26,dswrf_to_lead,YSDU,OK,short_name=sdswrf units=W m**-2 startStep=24 endStep=26
2022-08-13,0,26,dswrf_to_lead,YSDU,OK,short_name=sdswrf units=W m**-2 startStep=24 endStep=26
2022-11-24,0,26,dswrf_to_lead,YSDU,OK,short_name=sdswrf units=W m**-2 startStep=24 endStep=26
2022-11-28,0,26,dswrf_to_lead,YSDU,OK,short_name=sdswrf units=W m**-2 startStep=24 endStep=26
2022-10-30,0,26,dswrf_to_lead,YSDU,OK,short_name=sdswrf units=W m**-2 startStep=24 endStep=26
2022-11-07,0,26,dswrf_to_lead,YSDU,OK,short_name=sdswrf units=W m**-2 startStep=24 endStep=26
2022-11-17,0,26,dswrf_to_lead,YSDU,OK,short_name=sdswrf units=W m**-2 startStep=24 endStep=26
2022-12-07,0,26,dswrf_to_lead,YSDU,OK,short_name=sdswrf units=W m**-2 startStep=24 endStep=26
2022-09-13,0,26,dswrf_to_lead,YSDU,OK,short_name=sdswrf units=W m**-2 startStep=24 endStep=26
2022-08-20,0,26,dswrf_to_lead,YSDU,OK,short_name=sdswrf units=W m**-2 startStep=24 endStep=26
2022-12-03,0,26,dswrf_to_lead,YSDU,OK,short_name=sdswrf units=W m**-2 startStep=24 endStep=26
2022-12-08,0,26,dswrf_to_lead,YSDU,OK,short_name=sdswrf units=W m**-2 startStep=24 endStep=26
2022-12-04,0,26,dswrf_to_lead,YSDU,OK,short_name=sdswrf units=W m**-2 startStep=24 endStep=26
2022-11-22,0,26,dswrf_to_lead,YSDU,OK,short_name=sdswrf units=W m**-2 startStep=24 endStep=26
2022-12-01,0,26,dswrf_to_lead,YSDU,OK,short_name=sdswrf units=W m**-2 startStep=24 endStep=26
2022-10-16,0,26,dswrf_to_lead,YSDU,OK,short_name=sdswrf units=W m**-2 startStep=24 endStep=26
2022-12-09,0,26,dswrf_to_lead,YSDU,OK,short_name=sdswrf units=W m**-2 startStep=24 endStep=26
2022-12-20,0,26,dswrf_to_lead,YSDU,OK,short_name=sdswrf units=W m**-2 startStep=24 endStep=26
2022-11-26,0,26,dswrf_to_lead,YSDU,OK,short_name=sdswrf units=W m**-2 startStep=24 endStep=26
2022-12-11,0,26,dswrf_to_lead,YSDU,OK,short_name=sdswrf units=W m**-2 startStep=24 endStep=26
2022-12-21,0,26,dswrf_to_lead,YSDU,OK,short_name=sdswrf units=W m**-2 startStep=24 endStep=26
2022-12-12,0,26,dswrf_to_lead,YSDU,OK,short_name=sdswrf units=W m**-2 startStep=24 endStep=26
2022-10-10,0,26,dswrf_to_lead,YSDU,OK,short_name=sdswrf units=W m**-2 startStep=24 endStep=26
2022-09-10,0,26,dswrf_to_lead,YSDU,OK,short_name=sdswrf units=W m**-2 startStep=24 endStep=26
2022-11-23,0,26,dswrf_to_lead,YSDU,OK,short_name=sdswrf units=W m**-2 startStep=24 endStep=26
2022-12-15,0,26,dswrf_to_lead,YSDU,OK,short_name=sdswrf units=W m**-2 startStep=24 endStep=26
2022-11-20,0,26,dswrf_to_lead,YSDU,OK,short_name=sdswrf units=W m**-2 startStep=24 endStep=26
2022-12-02,0,26,dswrf_to_lead,YSDU,OK,short_name=sdswrf units=W m**-2 startStep=24 endStep=26
2022-12-22,0,26,dswrf_to_lead,YSDU,OK,short_name=sdswrf units=W m**-2 startStep=24 endStep=26
2022-11-15,0,26,dswrf_to_lead,YSDU,OK,short_name=sdswrf units=W m**-2 startStep=24 endStep=26
2022-12-18,0,26,dswrf_to_lead,YSDU,OK,short_name=sdswrf units=W m**-2 startStep=24 endStep=26
2022-12-27,0,26,dswrf_to_lead,YSDU,OK,short_name=sdswrf units=W m**-2 startStep=24 endStep=26
2022-09-24,0,26,dswrf_to_lead,YSDU,OK,short_name=sdswrf units=W m**-2 startStep=24 endStep=26
2022-12-23,0,26,dswrf_to_lead,YSDU,OK,short_name=sdswrf units=W m**-2 startStep=24 endStep=26
2022-12-19,0,26,dswrf_to_lead,YSDU,OK,short_name=sdswrf units=W m**-2 startStep=24 endStep=26
2022-11-21,0,26,dswrf_to_lead,YSDU,OK,short_name=sdswrf units=W m**-2 startStep=24 endStep=26
2022-10-09,0,26,dswrf_to_lead,YSDU,OK,short_name=sdswrf units=W m**-2 startStep=24 endStep=26
2022-12-25,0,26,dswrf_to_lead,YSDU,OK,short_name=sdswrf units=W m**-2 startStep=24 endStep=26
2022-10-26,0,26,dswrf_to_lead,YSDU,OK,short_name=sdswrf units=W m**-2 startStep=24 endStep=26
2023-01-04,0,26,dswrf_to_lead,YSDU,OK,short_name=sdswrf units=W m**-2 startStep=24 endStep=26
2023-01-06,0,26,dswrf_to_lead,YSDU,OK,short_name=sdswrf units=W m**-2 startStep=24 endStep=26
2022-12-24,0,26,dswrf_to_lead,YSDU,OK,short_name=sdswrf units=W m**-2 startStep=24 endStep=26
2022-12-29,0,26,dswrf_to_lead,YSDU,OK,short_name=sdswrf units=W m**-2 startStep=24 endStep=26
2022-11-13,0,26,dswrf_to_lead,YSDU,OK,short_name=sdswrf units=W m**-2 startStep=24 endStep=26
2023-01-02,0,26,dswrf_to_lead,YSDU,OK,short_name=sdswrf units=W m**-2 startStep=24 endStep=26
2022-10-15,0,26,dswrf_to_lead,YSDU,OK,short_name=sdswrf units=W m**-2 startStep=24 endStep=26
2022-12-05,0,26,dswrf_to_lead,YSDU,OK,short_name=sdswrf units=W m**-2 startStep=24 endStep=26
2022-12-28,0,26,dswrf_to_lead,YSDU,OK,short_name=sdswrf units=W m**-2 startStep=24 endStep=26
2023-01-01,0,26,dswrf_to_lead,YSDU,OK,short_name=sdswrf units=W m**-2 startStep=24 endStep=26
2022-11-01,0,26,dswrf_to_lead,YSDU,OK,short_name=sdswrf units=W m**-2 startStep=24 endStep=26
2022-12-30,0,26,dswrf_to_lead,YSDU,OK,short_name=sdswrf units=W m**-2 startStep=24 endStep=26
2022-09-21,0,26,dswrf_to_lead,YSDU,OK,short_name=sdswrf units=W m**-2 startStep=24 endStep=26
2022-10-01,0,26,dswrf_to_lead,YSDU,OK,short_name=sdswrf units=W m**-2 startStep=24 endStep=26
2023-01-17,0,26,dswrf_to_lead,YSDU,OK,short_name=sdswrf units=W m**-2 startStep=24 endStep=26
2023-01-08,0,26,dswrf_to_lead,YSDU,OK,short_name=sdswrf units=W m**-2 startStep=24 endStep=26
2023-01-09,0,26,dswrf_to_lead,YSDU,OK,short_name=sdswrf units=W m**-2 startStep=24 endStep=26
2023-01-26,0,26,dswrf_to_lead,YSDU,OK,short_name=sdswrf units=W m**-2 startStep=24 endStep=26
2023-01-12,0,26,dswrf_to_lead,YSDU,OK,short_name=sdswrf units=W m**-2 startStep=24 endStep=26
2022-11-29,0,26,dswrf_to_lead,YSDU,OK,short_name=sdswrf units=W m**-2 startStep=24 endStep=26
2023-01-21,0,26,dswrf_to_lead,YSDU,OK,short_name=sdswrf units=W m**-2 startStep=24 endStep=26
2023-01-18,0,26,dswrf_to_lead,YSDU,OK,short_name=sdswrf units=W m**-2 startStep=24 endStep=26
2022-10-03,0,26,dswrf_to_lead,YSDU,OK,short_name=sdswrf units=W m**-2 startStep=24 endStep=26
2023-01-14,0,26,dswrf_to_lead,YSDU,OK,short_name=sdswrf units=W m**-2 startStep=24 endStep=26
2023-01-10,0,26,dswrf_to_lead,YSDU,OK,short_name=sdswrf units=W m**-2 startStep=24 endStep=26
2023-01-07,0,26,dswrf_to_lead,YSDU,OK,short_name=sdswrf units=W m**-2 startStep=24 endStep=26
2022-12-06,0,26,dswrf_to_lead,YSDU,OK,short_name=sdswrf units=W m**-2 startStep=24 endStep=26
2023-01-03,0,26,dswrf_to_lead,YSDU,OK,short_name=sdswrf units=W m**-2 startStep=24 endStep=26
2023-02-06,0,26,dswrf_to_lead,YSDU,OK,short_name=sdswrf units=W m**-2 startStep=24 endStep=26
2022-10-17,0,26,dswrf_to_lead,YSDU,OK,short_name=sdswrf units=W m**-2 startStep=24 endStep=26
2023-01-31,0,26,dswrf_to_lead,YSDU,OK,short_name=sdswrf units=W m**-2 startStep=24 endStep=26
2023-01-24,0,26,dswrf_to_lead,YSDU,OK,short_name=sdswrf units=W m**-2 startStep=24 endStep=26
2023-01-25,0,26,dswrf_to_lead,YSDU,OK,short_name=sdswrf units=W m**-2 startStep=24 endStep=26
2022-10-28,0,26,dswrf_to_lead,YSDU,OK,short_name=sdswrf units=W m**-2 startStep=24 endStep=26
2023-01-11,0,26,dswrf_to_lead,YSDU,OK,short_name=sdswrf units=W m**-2 startStep=24 endStep=26
2023-01-29,0,26,dswrf_to_lead,YSDU,OK,short_name=sdswrf units=W m**-2 startStep=24 endStep=26
2023-02-01,0,26,dswrf_to_lead,YSDU,OK,short_name=sdswrf units=W m**-2 startStep=24 endStep=26
2023-02-07,0,26,dswrf_to_lead,YSDU,OK,short_name=sdswrf units=W m**-2 startStep=24 endStep=26
2023-01-19,0,26,dswrf_to_lead,YSDU,OK,short_name=sdswrf units=W m**-2 startStep=24 endStep=26
2023-01-22,0,26,dswrf_to_lead,YSDU,OK,short_name=sdswrf units=W m**-2 startStep=24 endStep=26
2022-12-17,0,26,dswrf_to_lead,YSDU,OK,short_name=sdswrf units=W m**-2 startStep=24 endStep=26
2023-02-02,0,26,dswrf_to_lead,YSDU,OK,short_name=sdswrf units=W m**-2 startStep=24 endStep=26
2023-02-03,0,26,dswrf_to_lead,YSDU,OK,short_name=sdswrf units=W m**-2 startStep=24 endStep=26
2023-01-20,0,26,dswrf_to_lead,YSDU,OK,short_name=sdswrf units=W m**-2 startStep=24 endStep=26
2023-02-04,0,26,dswrf_to_lead,YSDU,OK,short_name=sdswrf units=W m**-2 startStep=24 endStep=26
2023-02-27,0,26,dswrf_to_lead,YSDU,OK,short_name=sdswrf units=W m**-2 startStep=24 endStep=26
2022-11-09,0,26,dswrf_to_lead,YSDU,OK,short_name=sdswrf units=W m**-2 startStep=24 endStep=26
2023-01-05,0,26,dswrf_to_lead,YSDU,OK,short_name=sdswrf units=W m**-2 startStep=24 endStep=26
2023-02-14,0,26,dswrf_to_lead,YSDU,OK,short_name=sdswrf units=W m**-2 startStep=24 endStep=26
2022-12-26,0,26,dswrf_to_lead,YSDU,OK,short_name=sdswrf units=W m**-2 startStep=24 endStep=26
2023-02-28,0,26,dswrf_to_lead,YSDU,OK,short_name=sdswrf units=W m**-2 startStep=24 endStep=26
2023-02-05,0,26,dswrf_to_lead,YSDU,OK,short_name=sdswrf units=W m**-2 startStep=24 endStep=26
2022-12-14,0,26,dswrf_to_lead,YSDU,OK,short_name=sdswrf units=W m**-2 startStep=24 endStep=26
2023-02-20,0,26,dswrf_to_lead,YSDU,OK,short_name=sdswrf units=W m**-2 startStep=24 endStep=26
2023-02-23,0,26,dswrf_to_lead,YSDU,OK,short_name=sdswrf units=W m**-2 startStep=24 endStep=26
2022-12-10,0,26,dswrf_to_lead,YSDU,OK,short_name=sdswrf units=W m**-2 startStep=24 endStep=26
2023-02-13,0,26,dswrf_to_lead,YSDU,OK,short_name=sdswrf units=W m**-2 startStep=24 endStep=26
2022-12-31,0,26,dswrf_to_lead,YSDU,OK,short_name=sdswrf units=W m**-2 startStep=24 endStep=26
2023-02-22,0,26,dswrf_to_lead,YSDU,OK,short_name=sdswrf units=W m**-2 startStep=24 endStep=26
2023-02-18,0,26,dswrf_to_lead,YSDU,OK,short_name=sdswrf units=W m**-2 startStep=24 endStep=26
2022-12-13,0,26,dswrf_to_lead,YSDU,OK,short_name=sdswrf units=W m**-2 startStep=24 endStep=26
2023-02-21,0,26,dswrf_to_lead,YSDU,OK,short_name=sdswrf units=W m**-2 startStep=24 endStep=26
2022-11-03,0,26,dswrf_to_lead,YSDU,OK,short_name=sdswrf units=W m**-2 startStep=24 endStep=26
2023-01-23,0,26,dswrf_to_lead,YSDU,OK,short_name=sdswrf units=W m**-2 startStep=24 endStep=26
2023-03-02,0,26,dswrf_to_lead,YSDU,OK,short_name=sdswrf units=W m**-2 startStep=24 endStep=26
2023-02-15,0,26,dswrf_to_lead,YSDU,OK,short_name=sdswrf units=W m**-2 startStep=24 endStep=26
2023-03-11,0,26,dswrf_to_lead,YSDU,OK,short_name=sdswrf units=W m**-2 startStep=24 endStep=26
2023-02-16,0,26,dswrf_to_lead,YSDU,OK,short_name=sdswrf units=W m**-2 startStep=24 endStep=26
2023-02-11,0,26,dswrf_to_lead,YSDU,OK,short_name=sdswrf units=W m**-2 startStep=24 endStep=26
2023-03-12,0,26,dswrf_to_lead,YSDU,OK,short_name=sdswrf units=W m**-2 startStep=24 endStep=26
2023-03-10,0,26,dswrf_to_lead,YSDU,OK,short_name=sdswrf units=W m**-2 startStep=24 endStep=26
2023-03-08,0,26,dswrf_to_lead,YSDU,OK,short_name=sdswrf units=W m**-2 startStep=24 endStep=26
2023-01-28,0,26,dswrf_to_lead,YSDU,OK,short_name=sdswrf units=W m**-2 startStep=24 endStep=26
2023-03-06,0,26,dswrf_to_lead,YSDU,OK,short_name=sdswrf units=W m**-2 startStep=24 endStep=26
2023-03-15,0,26,dswrf_to_lead,YSDU,OK,short_name=sdswrf units=W m**-2 startStep=24 endStep=26
2023-03-03,0,26,dswrf_to_lead,YSDU,OK,short_name=sdswrf units=W m**-2 startStep=24 endStep=26
2023-03-18,0,26,dswrf_to_lead,YSDU,OK,short_name=sdswrf units=W m**-2 startStep=24 endStep=26
2023-03-09,0,26,dswrf_to_lead,YSDU,OK,short_name=sdswrf units=W m**-2 startStep=24 endStep=26
2023-01-16,0,26,dswrf_to_lead,YSDU,OK,short_name=sdswrf units=W m**-2 startStep=24 endStep=26
2023-03-17,0,26,dswrf_to_lead,YSDU,OK,short_name=sdswrf units=W m**-2 startStep=24 endStep=26
2023-02-12,0,26,dswrf_to_lead,YSDU,OK,short_name=sdswrf units=W m**-2 startStep=24 endStep=26
2023-02-24,0,26,dswrf_to_lead,YSDU,OK,short_name=sdswrf units=W m**-2 startStep=24 endStep=26
2023-03-16,0,26,dswrf_to_lead,YSDU,OK,short_name=sdswrf units=W m**-2 startStep=24 endStep=26
2023-01-27,0,26,dswrf_to_lead,YSDU,OK,short_name=sdswrf units=W m**-2 startStep=24 endStep=26
2023-03-29,0,26,dswrf_to_lead,YSDU,OK,short_name=sdswrf units=W m**-2 startStep=24 endStep=26
2023-03-23,0,26,dswrf_to_lead,YSDU,OK,short_name=sdswrf units=W m**-2 startStep=24 endStep=26
2023-03-26,0,26,dswrf_to_lead,YSDU,OK,short_name=sdswrf units=W m**-2 startStep=24 endStep=26
2023-03-13,0,26,dswrf_to_lead,YSDU,OK,short_name=sdswrf units=W m**-2 startStep=24 endStep=26
2023-02-08,0,26,dswrf_to_lead,YSDU,OK,short_name=sdswrf units=W m**-2 startStep=24 endStep=26
2023-03-25,0,26,dswrf_to_lead,YSDU,OK,short_name=sdswrf units=W m**-2 startStep=24 endStep=26
2023-03-05,0,26,dswrf_to_lead,YSDU,OK,short_name=sdswrf units=W m**-2 startStep=24 endStep=26
2023-01-13,0,26,dswrf_to_lead,YSDU,OK,short_name=sdswrf units=W m**-2 startStep=24 endStep=26
2023-03-24,0,26,dswrf_to_lead,YSDU,OK,short_name=sdswrf units=W m**-2 startStep=24 endStep=26
2023-04-07,0,26,dswrf_to_lead,YSDU,OK,short_name=sdswrf units=W m**-2 startStep=24 endStep=26
2023-03-01,0,26,dswrf_to_lead,YSDU,OK,short_name=sdswrf units=W m**-2 startStep=24 endStep=26
2023-04-02,0,26,dswrf_to_lead,YSDU,OK,short_name=sdswrf units=W m**-2 startStep=24 endStep=26
2023-04-03,0,26,dswrf_to_lead,YSDU,OK,short_name=sdswrf units=W m**-2 startStep=24 endStep=26
2023-02-10,0,26,dswrf_to_lead,YSDU,OK,short_name=sdswrf units=W m**-2 startStep=24 endStep=26
2023-04-13,0,26,dswrf_to_lead,YSDU,OK,short_name=sdswrf units=W m**-2 startStep=24 endStep=26
2023-04-04,0,26,dswrf_to_lead,YSDU,OK,short_name=sdswrf units=W m**-2 startStep=24 endStep=26
2023-04-14,0,26,dswrf_to_lead,YSDU,OK,short_name=sdswrf units=W m**-2 startStep=24 endStep=26
2023-03-04,0,26,dswrf_to_lead,YSDU,OK,short_name=sdswrf units=W m**-2 startStep=24 endStep=26
2023-01-30,0,26,dswrf_to_lead,YSDU,OK,short_name=sdswrf units=W m**-2 startStep=24 endStep=26
2023-04-01,0,26,dswrf_to_lead,YSDU,OK,short_name=sdswrf units=W m**-2 startStep=24 endStep=26
2023-03-31,0,26,dswrf_to_lead,YSDU,OK,short_name=sdswrf units=W m**-2 startStep=24 endStep=26
2023-04-16,0,26,dswrf_to_lead,YSDU,OK,short_name=sdswrf units=W m**-2 startStep=24 endStep=26
2023-03-28,0,26,dswrf_to_lead,YSDU,OK,short_name=sdswrf units=W m**-2 startStep=24 endStep=26
2023-03-21,0,26,dswrf_to_lead,YSDU,OK,short_name=sdswrf units=W m**-2 startStep=24 endStep=26
2023-02-19,0,26,dswrf_to_lead,YSDU,OK,short_name=sdswrf units=W m**-2 startStep=24 endStep=26
2023-04-19,0,26,dswrf_to_lead,YSDU,OK,short_name=sdswrf units=W m**-2 startStep=24 endStep=26
2023-04-18,0,26,dswrf_to_lead,YSDU,OK,short_name=sdswrf units=W m**-2 startStep=24 endStep=26
2023-04-11,0,26,dswrf_to_lead,YSDU,OK,short_name=sdswrf units=W m**-2 startStep=24 endStep=26
2023-02-25,0,26,dswrf_to_lead,YSDU,OK,short_name=sdswrf units=W m**-2 startStep=24 endStep=26
2022-12-16,0,26,dswrf_to_lead,YSDU,OK,short_name=sdswrf units=W m**-2 startStep=24 endStep=26
2023-01-15,0,26,dswrf_to_lead,YSDU,OK,short_name=sdswrf units=W m**-2 startStep=24 endStep=26
2023-04-23,0,26,dswrf_to_lead,YSDU,OK,short_name=sdswrf units=W m**-2 startStep=24 endStep=26
2023-02-09,0,26,dswrf_to_lead,YSDU,OK,short_name=sdswrf units=W m**-2 startStep=24 endStep=26
2023-04-26,0,26,dswrf_to_lead,YSDU,OK,short_name=sdswrf units=W m**-2 startStep=24 endStep=26
2023-04-25,0,26,dswrf_to_lead,YSDU,OK,short_name=sdswrf units=W m**-2 startStep=24 endStep=26
2023-04-21,0,26,dswrf_to_lead,YSDU,OK,short_name=sdswrf units=W m**-2 startStep=24 endStep=26
2023-04-05,0,26,dswrf_to_lead,YSDU,OK,short_name=sdswrf units=W m**-2 startStep=24 endStep=26
2023-05-03,0,26,dswrf_to_lead,YSDU,OK,short_name=sdswrf units=W m**-2 startStep=24 endStep=26
2023-05-02,0,26,dswrf_to_lead,YSDU,OK,short_name=sdswrf units=W m**-2 startStep=24 endStep=26
2023-04-09,0,26,dswrf_to_lead,YSDU,OK,short_name=sdswrf units=W m**-2 startStep=24 endStep=26
2023-05-18,0,26,dswrf_to_lead,YSDU,OK,short_name=sdswrf units=W m**-2 startStep=24 endStep=26
2023-05-04,0,26,dswrf_to_lead,YSDU,OK,short_name=sdswrf units=W m**-2 startStep=24 endStep=26
2023-03-19,0,26,dswrf_to_lead,YSDU,OK,short_name=sdswrf units=W m**-2 startStep=24 endStep=26
2023-03-22,0,26,dswrf_to_lead,YSDU,OK,short_name=sdswrf units=W m**-2 startStep=24 endStep=26
2023-04-10,0,26,dswrf_to_lead,YSDU,OK,short_name=sdswrf units=W m**-2 startStep=24 endStep=26
2023-05-13,0,26,dswrf_to_lead,YSDU,OK,short_name=sdswrf units=W m**-2 startStep=24 endStep=26
2023-04-30,0,26,dswrf_to_lead,YSDU,OK,short_name=sdswrf units=W m**-2 startStep=24 endStep=26
2023-05-05,0,26,dswrf_to_lead,YSDU,OK,short_name=sdswrf units=W m**-2 startStep=24 endStep=26
2023-03-20,0,26,dswrf_to_lead,YSDU,OK,short_name=sdswrf units=W m**-2 startStep=24 endStep=26
2023-05-08,0,26,dswrf_to_lead,YSDU,OK,short_name=sdswrf units=W m**-2 startStep=24 endStep=26
2023-05-21,0,26,dswrf_to_lead,YSDU,OK,short_name=sdswrf units=W m**-2 startStep=24 endStep=26
2023-02-17,0,26,dswrf_to_lead,YSDU,OK,short_name=sdswrf units=W m**-2 startStep=24 endStep=26
2023-05-12,0,26,dswrf_to_lead,YSDU,OK,short_name=sdswrf units=W m**-2 startStep=24 endStep=26
2023-05-09,0,26,dswrf_to_lead,YSDU,OK,short_name=sdswrf units=W m**-2 startStep=24 endStep=26
2023-03-27,0,26,dswrf_to_lead,YSDU,OK,short_name=sdswrf units=W m**-2 startStep=24 endStep=26
2023-05-20,0,26,dswrf_to_lead,YSDU,OK,short_name=sdswrf units=W m**-2 startStep=24 endStep=26
2023-04-08,0,26,dswrf_to_lead,YSDU,OK,short_name=sdswrf units=W m**-2 startStep=24 endStep=26
2023-05-28,0,26,dswrf_to_lead,YSDU,OK,short_name=sdswrf units=W m**-2 startStep=24 endStep=26
2023-05-19,0,26,dswrf_to_lead,YSDU,OK,short_name=sdswrf units=W m**-2 startStep=24 endStep=26
2023-04-24,0,26,dswrf_to_lead,YSDU,OK,short_name=sdswrf units=W m**-2 startStep=24 endStep=26
2023-05-17,0,26,dswrf_to_lead,YSDU,OK,short_name=sdswrf units=W m**-2 startStep=24 endStep=26
2023-04-29,0,26,dswrf_to_lead,YSDU,OK,short_name=sdswrf units=W m**-2 startStep=24 endStep=26
2023-06-09,0,26,dswrf_to_lead,YSDU,OK,short_name=sdswrf units=W m**-2 startStep=24 endStep=26
2023-06-03,0,26,dswrf_to_lead,YSDU,OK,short_name=sdswrf units=W m**-2 startStep=24 endStep=26
2023-05-31,0,26,dswrf_to_lead,YSDU,OK,short_name=sdswrf units=W m**-2 startStep=24 endStep=26
2023-05-27,0,26,dswrf_to_lead,YSDU,OK,short_name=sdswrf units=W m**-2 startStep=24 endStep=26
2023-06-01,0,26,dswrf_to_lead,YSDU,OK,short_name=sdswrf units=W m**-2 startStep=24 endStep=26
2023-05-25,0,26,dswrf_to_lead,YSDU,OK,short_name=sdswrf units=W m**-2 startStep=24 endStep=26
2023-05-16,0,26,dswrf_to_lead,YSDU,OK,short_name=sdswrf units=W m**-2 startStep=24 endStep=26
2023-05-22,0,26,dswrf_to_lead,YSDU,OK,short_name=sdswrf units=W m**-2 startStep=24 endStep=26
2023-06-08,0,26,dswrf_to_lead,YSDU,OK,short_name=sdswrf units=W m**-2 startStep=24 endStep=26
2023-04-17,0,26,dswrf_to_lead,YSDU,OK,short_name=sdswrf units=W m**-2 startStep=24 endStep=26
2023-06-02,0,26,dswrf_to_lead,YSDU,OK,short_name=sdswrf units=W m**-2 startStep=24 endStep=26
2023-06-04,0,26,dswrf_to_lead,YSDU,OK,short_name=sdswrf units=W m**-2 startStep=24 endStep=26
2023-06-15,0,26,dswrf_to_lead,YSDU,OK,short_name=sdswrf units=W m**-2 startStep=24 endStep=26
2023-03-07,0,26,dswrf_to_lead,YSDU,OK,short_name=sdswrf units=W m**-2 startStep=24 endStep=26
2023-02-26,0,26,dswrf_to_lead,YSDU,OK,short_name=sdswrf units=W m**-2 startStep=24 endStep=26
2023-06-17,0,26,dswrf_to_lead,YSDU,OK,short_name=sdswrf units=W m**-2 startStep=24 endStep=26
2023-04-06,0,26,dswrf_to_lead,YSDU,OK,short_name=sdswrf units=W m**-2 startStep=24 endStep=26
2023-06-10,0,26,dswrf_to_lead,YSDU,OK,short_name=sdswrf units=W m**-2 startStep=24 endStep=26
2023-06-19,0,26,dswrf_to_lead,YSDU,OK,short_name=sdswrf units=W m**-2 startStep=24 endStep=26
2023-05-29,0,26,dswrf_to_lead,YSDU,OK,short_name=sdswrf units=W m**-2 startStep=24 endStep=26
2023-06-12,0,26,dswrf_to_lead,YSDU,OK,short_name=sdswrf units=W m**-2 startStep=24 endStep=26
2023-06-14,0,26,dswrf_to_lead,YSDU,OK,short_name=sdswrf units=W m**-2 startStep=24 endStep=26
2023-06-28,0,26,dswrf_to_lead,YSDU,OK,short_name=sdswrf units=W m**-2 startStep=24 endStep=26
2023-05-01,0,26,dswrf_to_lead,YSDU,OK,short_name=sdswrf units=W m**-2 startStep=24 endStep=26
2023-05-15,0,26,dswrf_to_lead,YSDU,OK,short_name=sdswrf units=W m**-2 startStep=24 endStep=26
2023-05-26,0,26,dswrf_to_lead,YSDU,OK,short_name=sdswrf units=W m**-2 startStep=24 endStep=26
2023-06-13,0,26,dswrf_to_lead,YSDU,OK,short_name=sdswrf units=W m**-2 startStep=24 endStep=26
2023-06-29,0,26,dswrf_to_lead,YSDU,OK,short_name=sdswrf units=W m**-2 startStep=24 endStep=26
2023-03-14,0,26,dswrf_to_lead,YSDU,OK,short_name=sdswrf units=W m**-2 startStep=24 endStep=26
2023-06-27,0,26,dswrf_to_lead,YSDU,OK,short_name=sdswrf units=W m**-2 startStep=24 endStep=26
2023-06-21,0,26,dswrf_to_lead,YSDU,OK,short_name=sdswrf units=W m**-2 startStep=24 endStep=26
2023-04-15,0,26,dswrf_to_lead,YSDU,OK,short_name=sdswrf units=W m**-2 startStep=24 endStep=26
2023-06-25,0,26,dswrf_to_lead,YSDU,OK,short_name=sdswrf units=W m**-2 startStep=24 endStep=26
2023-04-20,0,26,dswrf_to_lead,YSDU,OK,short_name=sdswrf units=W m**-2 startStep=24 endStep=26
2023-03-30,0,26,dswrf_to_lead,YSDU,OK,short_name=sdswrf units=W m**-2 startStep=24 endStep=26
2023-06-20,0,26,dswrf_to_lead,YSDU,OK,short_name=sdswrf units=W m**-2 startStep=24 endStep=26
2023-07-04,0,26,dswrf_to_lead,YSDU,OK,short_name=sdswrf units=W m**-2 startStep=24 endStep=26
2023-05-30,0,26,dswrf_to_lead,YSDU,OK,short_name=sdswrf units=W m**-2 startStep=24 endStep=26
2023-04-12,0,26,dswrf_to_lead,YSDU,OK,short_name=sdswrf units=W m**-2 startStep=24 endStep=26
2023-06-30,0,26,dswrf_to_lead,YSDU,OK,short_name=sdswrf units=W m**-2 startStep=24 endStep=26
2023-07-06,0,26,dswrf_to_lead,YSDU,OK,short_name=sdswrf units=W m**-2 startStep=24 endStep=26
2023-07-09,0,26,dswrf_to_lead,YSDU,OK,short_name=sdswrf units=W m**-2 startStep=24 endStep=26
2023-06-16,0,26,dswrf_to_lead,YSDU,OK,short_name=sdswrf units=W m**-2 startStep=24 endStep=26
2023-07-08,0,26,dswrf_to_lead,YSDU,OK,short_name=sdswrf units=W m**-2 startStep=24 endStep=26
2023-06-06,0,26,dswrf_to_lead,YSDU,OK,short_name=sdswrf units=W m**-2 startStep=24 endStep=26
2023-07-03,0,26,dswrf_to_lead,YSDU,OK,short_name=sdswrf units=W m**-2 startStep=24 endStep=26
2023-06-26,0,26,dswrf_to_lead,YSDU,OK,short_name=sdswrf units=W m**-2 startStep=24 endStep=26
2023-07-13,0,26,dswrf_to_lead,YSDU,OK,short_name=sdswrf units=W m**-2 startStep=24 endStep=26
2023-06-24,0,26,dswrf_to_lead,YSDU,OK,short_name=sdswrf units=W m**-2 startStep=24 endStep=26
2023-04-27,0,26,dswrf_to_lead,YSDU,OK,short_name=sdswrf units=W m**-2 startStep=24 endStep=26
2023-07-14,0,26,dswrf_to_lead,YSDU,OK,short_name=sdswrf units=W m**-2 startStep=24 endStep=26
2023-07-21,0,26,dswrf_to_lead,YSDU,OK,short_name=sdswrf units=W m**-2 startStep=24 endStep=26
2023-05-07,0,26,dswrf_to_lead,YSDU,OK,short_name=sdswrf units=W m**-2 startStep=24 endStep=26
2023-07-18,0,26,dswrf_to_lead,YSDU,OK,short_name=sdswrf units=W m**-2 startStep=24 endStep=26
2023-05-10,0,26,dswrf_to_lead,YSDU,OK,short_name=sdswrf units=W m**-2 startStep=24 endStep=26
2023-07-05,0,26,dswrf_to_lead,YSDU,OK,short_name=sdswrf units=W m**-2 startStep=24 endStep=26
2023-05-11,0,26,dswrf_to_lead,YSDU,OK,short_name=sdswrf units=W m**-2 startStep=24 endStep=26
2023-07-23,0,26,dswrf_to_lead,YSDU,OK,short_name=sdswrf units=W m**-2 startStep=24 endStep=26
2023-06-22,0,26,dswrf_to_lead,YSDU,OK,short_name=sdswrf units=W m**-2 startStep=24 endStep=26
2023-06-05,0,26,dswrf_to_lead,YSDU,OK,short_name=sdswrf units=W m**-2 startStep=24 endStep=26
2023-05-23,0,26,dswrf_to_lead,YSDU,OK,short_name=sdswrf units=W m**-2 startStep=24 endStep=26
2023-07-17,0,26,dswrf_to_lead,YSDU,OK,short_name=sdswrf units=W m**-2 startStep=24 endStep=26
2023-07-24,0,26,dswrf_to_lead,YSDU,OK,short_name=sdswrf units=W m**-2 startStep=24 endStep=26
2023-07-28,0,26,dswrf_to_lead,YSDU,OK,short_name=sdswrf units=W m**-2 startStep=24 endStep=26
2023-07-02,0,26,dswrf_to_lead,YSDU,OK,short_name=sdswrf units=W m**-2 startStep=24 endStep=26
2023-08-09,0,26,dswrf_to_lead,YSDU,OK,short_name=sdswrf units=W m**-2 startStep=24 endStep=26
2023-07-27,0,26,dswrf_to_lead,YSDU,OK,short_name=sdswrf units=W m**-2 startStep=24 endStep=26
2023-08-06,0,26,dswrf_to_lead,YSDU,OK,short_name=sdswrf units=W m**-2 startStep=24 endStep=26
2023-08-07,0,26,dswrf_to_lead,YSDU,OK,short_name=sdswrf units=W m**-2 startStep=24 endStep=26
2023-07-01,0,26,dswrf_to_lead,YSDU,OK,short_name=sdswrf units=W m**-2 startStep=24 endStep=26
2023-07-15,0,26,dswrf_to_lead,YSDU,OK,short_name=sdswrf units=W m**-2 startStep=24 endStep=26
2023-08-12,0,26,dswrf_to_lead,YSDU,OK,short_name=sdswrf units=W m**-2 startStep=24 endStep=26
2023-08-02,0,26,dswrf_to_lead,YSDU,OK,short_name=sdswrf units=W m**-2 startStep=24 endStep=26
2023-08-01,0,26,dswrf_to_lead,YSDU,OK,short_name=sdswrf units=W m**-2 startStep=24 endStep=26
2023-07-20,0,26,dswrf_to_lead,YSDU,OK,short_name=sdswrf units=W m**-2 startStep=24 endStep=26
2023-07-12,0,26,dswrf_to_lead,YSDU,OK,short_name=sdswrf units=W m**-2 startStep=24 endStep=26
2023-04-22,0,26,dswrf_to_lead,YSDU,OK,short_name=sdswrf units=W m**-2 startStep=24 endStep=26
2023-06-11,0,26,dswrf_to_lead,YSDU,OK,short_name=sdswrf units=W m**-2 startStep=24 endStep=26
2023-08-13,0,26,dswrf_to_lead,YSDU,OK,short_name=sdswrf units=W m**-2 startStep=24 endStep=26
2023-08-10,0,26,dswrf_to_lead,YSDU,OK,short_name=sdswrf units=W m**-2 startStep=24 endStep=26
2023-08-18,0,26,dswrf_to_lead,YSDU,OK,short_name=sdswrf units=W m**-2 startStep=24 endStep=26
2023-06-18,0,26,dswrf_to_lead,YSDU,OK,short_name=sdswrf units=W m**-2 startStep=24 endStep=26
2023-05-24,0,26,dswrf_to_lead,YSDU,OK,short_name=sdswrf units=W m**-2 startStep=24 endStep=26
2023-07-31,0,26,dswrf_to_lead,YSDU,OK,short_name=sdswrf units=W m**-2 startStep=24 endStep=26
2023-06-23,0,26,dswrf_to_lead,YSDU,OK,short_name=sdswrf units=W m**-2 startStep=24 endStep=26
2023-08-22,0,26,dswrf_to_lead,YSDU,OK,short_name=sdswrf units=W m**-2 startStep=24 endStep=26
2023-07-11,0,26,dswrf_to_lead,YSDU,OK,short_name=sdswrf units=W m**-2 startStep=24 endStep=26
2023-08-14,0,26,dswrf_to_lead,YSDU,OK,short_name=sdswrf units=W m**-2 startStep=24 endStep=26
2023-07-30,0,26,dswrf_to_lead,YSDU,OK,short_name=sdswrf units=W m**-2 startStep=24 endStep=26
2023-06-07,0,26,dswrf_to_lead,YSDU,OK,short_name=sdswrf units=W m**-2 startStep=24 endStep=26
2023-04-28,0,26,dswrf_to_lead,YSDU,OK,short_name=sdswrf units=W m**-2 startStep=24 endStep=26
2023-08-11,0,26,dswrf_to_lead,YSDU,OK,short_name=sdswrf units=W m**-2 startStep=24 endStep=26
2023-08-08,0,26,dswrf_to_lead,YSDU,OK,short_name=sdswrf units=W m**-2 startStep=24 endStep=26
2023-08-17,0,26,dswrf_to_lead,YSDU,OK,short_name=sdswrf units=W m**-2 startStep=24 endStep=26
2023-08-15,0,26,dswrf_to_lead,YSDU,OK,short_name=sdswrf units=W m**-2 startStep=24 endStep=26
2023-08-28,0,26,dswrf_to_lead,YSDU,OK,short_name=sdswrf units=W m**-2 startStep=24 endStep=26
2023-07-16,0,26,dswrf_to_lead,YSDU,OK,short_name=sdswrf units=W m**-2 startStep=24 endStep=26
2023-08-29,0,26,dswrf_to_lead,YSDU,OK,short_name=sdswrf units=W m**-2 startStep=24 endStep=26
2023-08-24,0,26,dswrf_to_lead,YSDU,OK,short_name=sdswrf units=W m**-2 startStep=24 endStep=26
2023-09-02,0,26,dswrf_to_lead,YSDU,OK,short_name=sdswrf units=W m**-2 startStep=24 endStep=26
2023-08-23,0,26,dswrf_to_lead,YSDU,OK,short_name=sdswrf units=W m**-2 startStep=24 endStep=26
2023-09-10,0,26,dswrf_to_lead,YSDU,OK,short_name=sdswrf units=W m**-2 startStep=24 endStep=26
2023-08-16,0,26,dswrf_to_lead,YSDU,OK,short_name=sdswrf units=W m**-2 startStep=24 endStep=26
2023-08-27,0,26,dswrf_to_lead,YSDU,OK,short_name=sdswrf units=W m**-2 startStep=24 endStep=26
2023-08-21,0,26,dswrf_to_lead,YSDU,OK,short_name=sdswrf units=W m**-2 startStep=24 endStep=26
2023-09-04,0,26,dswrf_to_lead,YSDU,OK,short_name=sdswrf units=W m**-2 startStep=24 endStep=26
2023-05-14,0,26,dswrf_to_lead,YSDU,OK,short_name=sdswrf units=W m**-2 startStep=24 endStep=26
2023-07-19,0,26,dswrf_to_lead,YSDU,OK,short_name=sdswrf units=W m**-2 startStep=24 endStep=26
2023-09-13,0,26,dswrf_to_lead,YSDU,OK,short_name=sdswrf units=W m**-2 startStep=24 endStep=26
2023-09-12,0,26,dswrf_to_lead,YSDU,OK,short_name=sdswrf units=W m**-2 startStep=24 endStep=26
2023-09-16,0,26,dswrf_to_lead,YSDU,OK,short_name=sdswrf units=W m**-2 startStep=24 endStep=26
2023-09-06,0,26,dswrf_to_lead,YSDU,OK,short_name=sdswrf units=W m**-2 startStep=24 endStep=26
2023-07-10,0,26,dswrf_to_lead,YSDU,OK,short_name=sdswrf units=W m**-2 startStep=24 endStep=26
2023-09-01,0,26,dswrf_to_lead,YSDU,OK,short_name=sdswrf units=W m**-2 startStep=24 endStep=26
2023-08-26,0,26,dswrf_to_lead,YSDU,OK,short_name=sdswrf units=W m**-2 startStep=24 endStep=26
2023-08-03,0,26,dswrf_to_lead,YSDU,OK,short_name=sdswrf units=W m**-2 startStep=24 endStep=26
2023-09-20,0,26,dswrf_to_lead,YSDU,OK,short_name=sdswrf units=W m**-2 startStep=24 endStep=26
2023-09-23,0,26,dswrf_to_lead,YSDU,OK,short_name=sdswrf units=W m**-2 startStep=24 endStep=26
2023-09-05,0,26,dswrf_to_lead,YSDU,OK,short_name=sdswrf units=W m**-2 startStep=24 endStep=26
2023-09-11,0,26,dswrf_to_lead,YSDU,OK,short_name=sdswrf units=W m**-2 startStep=24 endStep=26
2023-09-30,0,26,dswrf_to_lead,YSDU,OK,short_name=sdswrf units=W m**-2 startStep=24 endStep=26
2023-09-24,0,26,dswrf_to_lead,YSDU,OK,short_name=sdswrf units=W m**-2 startStep=24 endStep=26
2023-09-14,0,26,dswrf_to_lead,YSDU,OK,short_name=sdswrf units=W m**-2 startStep=24 endStep=26
2023-07-07,0,26,dswrf_to_lead,YSDU,OK,short_name=sdswrf units=W m**-2 startStep=24 endStep=26
2023-08-05,0,26,dswrf_to_lead,YSDU,OK,short_name=sdswrf units=W m**-2 startStep=24 endStep=26
2023-07-29,0,26,dswrf_to_lead,YSDU,OK,short_name=sdswrf units=W m**-2 startStep=24 endStep=26
2023-09-17,0,26,dswrf_to_lead,YSDU,OK,short_name=sdswrf units=W m**-2 startStep=24 endStep=26
2023-09-18,0,26,dswrf_to_lead,YSDU,OK,short_name=sdswrf units=W m**-2 startStep=24 endStep=26
2023-09-28,0,26,dswrf_to_lead,YSDU,OK,short_name=sdswrf units=W m**-2 startStep=24 endStep=26
2023-09-08,0,26,dswrf_to_lead,YSDU,OK,short_name=sdswrf units=W m**-2 startStep=24 endStep=26
2023-09-09,0,26,dswrf_to_lead,YSDU,OK,short_name=sdswrf units=W m**-2 startStep=24 endStep=26
2023-07-26,0,26,dswrf_to_lead,YSDU,OK,short_name=sdswrf units=W m**-2 startStep=24 endStep=26
2023-10-10,0,26,dswrf_to_lead,YSDU,OK,short_name=sdswrf units=W m**-2 startStep=24 endStep=26
2023-10-08,0,26,dswrf_to_lead,YSDU,OK,short_name=sdswrf units=W m**-2 startStep=24 endStep=26
2023-10-05,0,26,dswrf_to_lead,YSDU,OK,short_name=sdswrf units=W m**-2 startStep=24 endStep=26
2023-07-22,0,26,dswrf_to_lead,YSDU,OK,short_name=sdswrf units=W m**-2 startStep=24 endStep=26
2023-09-19,0,26,dswrf_to_lead,YSDU,OK,short_name=sdswrf units=W m**-2 startStep=24 endStep=26
2023-09-27,0,26,dswrf_to_lead,YSDU,OK,short_name=sdswrf units=W m**-2 startStep=24 endStep=26
2023-09-15,0,26,dswrf_to_lead,YSDU,OK,short_name=sdswrf units=W m**-2 startStep=24 endStep=26
2023-10-13,0,26,dswrf_to_lead,YSDU,OK,short_name=sdswrf units=W m**-2 startStep=24 endStep=26
2023-09-07,0,26,dswrf_to_lead,YSDU,OK,short_name=sdswrf units=W m**-2 startStep=24 endStep=26
2023-09-29,0,26,dswrf_to_lead,YSDU,OK,short_name=sdswrf units=W m**-2 startStep=24 endStep=26
2023-10-19,0,26,dswrf_to_lead,YSDU,OK,short_name=sdswrf units=W m**-2 startStep=24 endStep=26
2023-08-30,0,26,dswrf_to_lead,YSDU,OK,short_name=sdswrf units=W m**-2 startStep=24 endStep=26
2023-10-03,0,26,dswrf_to_lead,YSDU,OK,short_name=sdswrf units=W m**-2 startStep=24 endStep=26
2023-09-26,0,26,dswrf_to_lead,YSDU,OK,short_name=sdswrf units=W m**-2 startStep=24 endStep=26
2023-10-16,0,26,dswrf_to_lead,YSDU,OK,short_name=sdswrf units=W m**-2 startStep=24 endStep=26
2023-10-12,0,26,dswrf_to_lead,YSDU,OK,short_name=sdswrf units=W m**-2 startStep=24 endStep=26
2023-07-25,0,26,dswrf_to_lead,YSDU,OK,short_name=sdswrf units=W m**-2 startStep=24 endStep=26
2023-10-21,0,26,dswrf_to_lead,YSDU,OK,short_name=sdswrf units=W m**-2 startStep=24 endStep=26
2023-09-03,0,26,dswrf_to_lead,YSDU,OK,short_name=sdswrf units=W m**-2 startStep=24 endStep=26
2023-10-28,0,26,dswrf_to_lead,YSDU,OK,short_name=sdswrf units=W m**-2 startStep=24 endStep=26
2023-10-22,0,26,dswrf_to_lead,YSDU,OK,short_name=sdswrf units=W m**-2 startStep=24 endStep=26
2023-10-24,0,26,dswrf_to_lead,YSDU,OK,short_name=sdswrf units=W m**-2 startStep=24 endStep=26
2023-09-21,0,26,dswrf_to_lead,YSDU,OK,short_name=sdswrf units=W m**-2 startStep=24 endStep=26
2023-10-17,0,26,dswrf_to_lead,YSDU,OK,short_name=sdswrf units=W m**-2 startStep=24 endStep=26
2023-08-25,0,26,dswrf_to_lead,YSDU,OK,short_name=sdswrf units=W m**-2 startStep=24 endStep=26
2023-11-06,0,26,dswrf_to_lead,YSDU,OK,short_name=sdswrf units=W m**-2 startStep=24 endStep=26
2023-10-26,0,26,dswrf_to_lead,YSDU,OK,short_name=sdswrf units=W m**-2 startStep=24 endStep=26
2023-08-31,0,26,dswrf_to_lead,YSDU,OK,short_name=sdswrf units=W m**-2 startStep=24 endStep=26
2023-10-27,0,26,dswrf_to_lead,YSDU,OK,short_name=sdswrf units=W m**-2 startStep=24 endStep=26
2023-10-29,0,26,dswrf_to_lead,YSDU,OK,short_name=sdswrf units=W m**-2 startStep=24 endStep=26
2023-10-01,0,26,dswrf_to_lead,YSDU,OK,short_name=sdswrf units=W m**-2 startStep=24 endStep=26
2023-11-03,0,26,dswrf_to_lead,YSDU,OK,short_name=sdswrf units=W m**-2 startStep=24 endStep=26
2023-11-09,0,26,dswrf_to_lead,YSDU,OK,short_name=sdswrf units=W m**-2 startStep=24 endStep=26
2023-10-18,0,26,dswrf_to_lead,YSDU,OK,short_name=sdswrf units=W m**-2 startStep=24 endStep=26
2023-08-20,0,26,dswrf_to_lead,YSDU,OK,short_name=sdswrf units=W m**-2 startStep=24 endStep=26
2023-08-04,0,26,dswrf_to_lead,YSDU,OK,short_name=sdswrf units=W m**-2 startStep=24 endStep=26
2023-11-02,0,26,dswrf_to_lead,YSDU,OK,short_name=sdswrf units=W m**-2 startStep=24 endStep=26
2023-09-25,0,26,dswrf_to_lead,YSDU,OK,short_name=sdswrf units=W m**-2 startStep=24 endStep=26
2023-10-06,0,26,dswrf_to_lead,YSDU,OK,short_name=sdswrf units=W m**-2 startStep=24 endStep=26
2023-10-11,0,26,dswrf_to_lead,YSDU,OK,short_name=sdswrf units=W m**-2 startStep=24 endStep=26
2023-10-23,0,26,dswrf_to_lead,YSDU,OK,short_name=sdswrf units=W m**-2 startStep=24 endStep=26
2023-10-07,0,26,dswrf_to_lead,YSDU,OK,short_name=sdswrf units=W m**-2 startStep=24 endStep=26
2023-08-19,0,26,dswrf_to_lead,YSDU,OK,short_name=sdswrf units=W m**-2 startStep=24 endStep=26
2023-11-15,0,26,dswrf_to_lead,YSDU,OK,short_name=sdswrf units=W m**-2 startStep=24 endStep=26
2023-11-07,0,26,dswrf_to_lead,YSDU,OK,short_name=sdswrf units=W m**-2 startStep=24 endStep=26
2023-11-11,0,26,dswrf_to_lead,YSDU,OK,short_name=sdswrf units=W m**-2 startStep=24 endStep=26
2023-09-22,0,26,dswrf_to_lead,YSDU,OK,short_name=sdswrf units=W m**-2 startStep=24 endStep=26
2023-11-17,0,26,dswrf_to_lead,YSDU,OK,short_name=sdswrf units=W m**-2 startStep=24 endStep=26
2023-11-14,0,26,dswrf_to_lead,YSDU,OK,short_name=sdswrf units=W m**-2 startStep=24 endStep=26
2023-10-09,0,26,dswrf_to_lead,YSDU,OK,short_name=sdswrf units=W m**-2 startStep=24 endStep=26
2023-11-23,0,26,dswrf_to_lead,YSDU,OK,short_name=sdswrf units=W m**-2 startStep=24 endStep=26
2023-11-08,0,26,dswrf_to_lead,YSDU,OK,short_name=sdswrf units=W m**-2 startStep=24 endStep=26
2023-11-18,0,26,dswrf_to_lead,YSDU,OK,short_name=sdswrf units=W m**-2 startStep=24 endStep=26
2023-11-21,0,26,dswrf_to_lead,YSDU,OK,short_name=sdswrf units=W m**-2 startStep=24 endStep=26
2023-11-05,0,26,dswrf_to_lead,YSDU,OK,short_name=sdswrf units=W m**-2 startStep=24 endStep=26
2023-12-03,0,26,dswrf_to_lead,YSDU,OK,short_name=sdswrf units=W m**-2 startStep=24 endStep=26
2023-10-14,0,26,dswrf_to_lead,YSDU,OK,short_name=sdswrf units=W m**-2 startStep=24 endStep=26
2023-12-15,0,26,dswrf_to_lead,YSDU,OK,short_name=sdswrf units=W m**-2 startStep=24 endStep=26
2023-11-26,0,26,dswrf_to_lead,YSDU,OK,short_name=sdswrf units=W m**-2 startStep=24 endStep=26
2023-11-24,0,26,dswrf_to_lead,YSDU,OK,short_name=sdswrf units=W m**-2 startStep=24 endStep=26
2023-12-06,0,26,dswrf_to_lead,YSDU,OK,short_name=sdswrf units=W m**-2 startStep=24 endStep=26
2023-12-04,0,26,dswrf_to_lead,YSDU,OK,short_name=sdswrf units=W m**-2 startStep=24 endStep=26
2023-12-18,0,26,dswrf_to_lead,YSDU,OK,short_name=sdswrf units=W m**-2 startStep=24 endStep=26
2023-12-11,0,26,dswrf_to_lead,YSDU,OK,short_name=sdswrf units=W m**-2 startStep=24 endStep=26
2023-10-15,0,26,dswrf_to_lead,YSDU,OK,short_name=sdswrf units=W m**-2 startStep=24 endStep=26
2023-12-08,0,26,dswrf_to_lead,YSDU,OK,short_name=sdswrf units=W m**-2 startStep=24 endStep=26
2023-10-02,0,26,dswrf_to_lead,YSDU,OK,short_name=sdswrf units=W m**-2 startStep=24 endStep=26
2023-10-30,0,26,dswrf_to_lead,YSDU,OK,short_name=sdswrf units=W m**-2 startStep=24 endStep=26
2023-12-02,0,26,dswrf_to_lead,YSDU,OK,short_name=sdswrf units=W m**-2 startStep=24 endStep=26
2023-12-12,0,26,dswrf_to_lead,YSDU,OK,short_name=sdswrf units=W m**-2 startStep=24 endStep=26
2023-12-07,0,26,dswrf_to_lead,YSDU,OK,short_name=sdswrf units=W m**-2 startStep=24 endStep=26
2023-12-01,0,26,dswrf_to_lead,YSDU,OK,short_name=sdswrf units=W m**-2 startStep=24 endStep=26
2023-12-31,0,26,dswrf_to_lead,YSDU,OK,short_name=sdswrf units=W m**-2 startStep=24 endStep=26
2023-11-29,0,26,dswrf_to_lead,YSDU,OK,short_name=sdswrf units=W m**-2 startStep=24 endStep=26
2023-11-22,0,26,dswrf_to_lead,YSDU,OK,short_name=sdswrf units=W m**-2 startStep=24 endStep=26
2023-12-21,0,26,dswrf_to_lead,YSDU,OK,short_name=sdswrf units=W m**-2 startStep=24 endStep=26
2023-10-04,0,26,dswrf_to_lead,YSDU,OK,short_name=sdswrf units=W m**-2 startStep=24 endStep=26
2023-12-23,0,26,dswrf_to_lead,YSDU,OK,short_name=sdswrf units=W m**-2 startStep=24 endStep=26
2023-10-31,0,26,dswrf_to_lead,YSDU,OK,short_name=sdswrf units=W m**-2 startStep=24 endStep=26
2023-12-05,0,26,dswrf_to_lead,YSDU,OK,short_name=sdswrf units=W m**-2 startStep=24 endStep=26
2023-12-10,0,26,dswrf_to_lead,YSDU,OK,short_name=sdswrf units=W m**-2 startStep=24 endStep=26
2023-12-13,0,26,dswrf_to_lead,YSDU,OK,short_name=sdswrf units=W m**-2 startStep=24 endStep=26
2023-12-26,0,26,dswrf_to_lead,YSDU,OK,short_name=sdswrf units=W m**-2 startStep=24 endStep=26
2024-01-10,0,26,dswrf_to_lead,YSDU,OK,short_name=sdswrf units=W m**-2 startStep=24 endStep=26
2023-10-20,0,26,dswrf_to_lead,YSDU,OK,short_name=sdswrf units=W m**-2 startStep=24 endStep=26
2024-01-03,0,26,dswrf_to_lead,YSDU,OK,short_name=sdswrf units=W m**-2 startStep=24 endStep=26
2023-11-12,0,26,dswrf_to_lead,YSDU,OK,short_name=sdswrf units=W m**-2 startStep=24 endStep=26
2023-12-25,0,26,dswrf_to_lead,YSDU,OK,short_name=sdswrf units=W m**-2 startStep=24 endStep=26
2024-01-11,0,26,dswrf_to_lead,YSDU,OK,short_name=sdswrf units=W m**-2 startStep=24 endStep=26
2023-12-19,0,26,dswrf_to_lead,YSDU,OK,short_name=sdswrf units=W m**-2 startStep=24 endStep=26
2023-11-30,0,26,dswrf_to_lead,YSDU,OK,short_name=sdswrf units=W m**-2 startStep=24 endStep=26
2023-11-10,0,26,dswrf_to_lead,YSDU,OK,short_name=sdswrf units=W m**-2 startStep=24 endStep=26
2024-01-04,0,26,dswrf_to_lead,YSDU,OK,short_name=sdswrf units=W m**-2 startStep=24 endStep=26
2023-12-14,0,26,dswrf_to_lead,YSDU,OK,short_name=sdswrf units=W m**-2 startStep=24 endStep=26
2023-12-17,0,26,dswrf_to_lead,YSDU,OK,short_name=sdswrf units=W m**-2 startStep=24 endStep=26
2024-01-23,0,26,dswrf_to_lead,YSDU,OK,short_name=sdswrf units=W m**-2 startStep=24 endStep=26
2024-01-02,0,26,dswrf_to_lead,YSDU,OK,short_name=sdswrf units=W m**-2 startStep=24 endStep=26
2024-01-17,0,26,dswrf_to_lead,YSDU,OK,short_name=sdswrf units=W m**-2 startStep=24 endStep=26
2024-01-08,0,26,dswrf_to_lead,YSDU,OK,short_name=sdswrf units=W m**-2 startStep=24 endStep=26
2024-01-16,0,26,dswrf_to_lead,YSDU,OK,short_name=sdswrf units=W m**-2 startStep=24 endStep=26
2024-01-14,0,26,dswrf_to_lead,YSDU,OK,short_name=sdswrf units=W m**-2 startStep=24 endStep=26
2024-01-24,0,26,dswrf_to_lead,YSDU,OK,short_name=sdswrf units=W m**-2 startStep=24 endStep=26
2024-01-07,0,26,dswrf_to_lead,YSDU,OK,short_name=sdswrf units=W m**-2 startStep=24 endStep=26
2023-10-25,0,26,dswrf_to_lead,YSDU,OK,short_name=sdswrf units=W m**-2 startStep=24 endStep=26
2024-01-13,0,26,dswrf_to_lead,YSDU,OK,short_name=sdswrf units=W m**-2 startStep=24 endStep=26
2024-01-01,0,26,dswrf_to_lead,YSDU,OK,short_name=sdswrf units=W m**-2 startStep=24 endStep=26
2024-01-22,0,26,dswrf_to_lead,YSDU,OK,short_name=sdswrf units=W m**-2 startStep=24 endStep=26
2024-01-06,0,26,dswrf_to_lead,YSDU,OK,short_name=sdswrf units=W m**-2 startStep=24 endStep=26
2023-12-16,0,26,dswrf_to_lead,YSDU,OK,short_name=sdswrf units=W m**-2 startStep=24 endStep=26
2024-01-26,0,26,dswrf_to_lead,YSDU,OK,short_name=sdswrf units=W m**-2 startStep=24 endStep=26
2024-01-31,0,26,dswrf_to_lead,YSDU,OK,short_name=sdswrf units=W m**-2 startStep=24 endStep=26
2023-11-04,0,26,dswrf_to_lead,YSDU,OK,short_name=sdswrf units=W m**-2 startStep=24 endStep=26
2023-11-20,0,26,dswrf_to_lead,YSDU,OK,short_name=sdswrf units=W m**-2 startStep=24 endStep=26
2023-12-09,0,26,dswrf_to_lead,YSDU,OK,short_name=sdswrf units=W m**-2 startStep=24 endStep=26
2024-01-12,0,26,dswrf_to_lead,YSDU,OK,short_name=sdswrf units=W m**-2 startStep=24 endStep=26
2024-01-28,0,26,dswrf_to_lead,YSDU,OK,short_name=sdswrf units=W m**-2 startStep=24 endStep=26
2024-01-18,0,26,dswrf_to_lead,YSDU,OK,short_name=sdswrf units=W m**-2 startStep=24 endStep=26
2024-01-20,0,26,dswrf_to_lead,YSDU,OK,short_name=sdswrf units=W m**-2 startStep=24 endStep=26
2023-11-28,0,26,dswrf_to_lead,YSDU,OK,short_name=sdswrf units=W m**-2 startStep=24 endStep=26
2024-01-27,0,26,dswrf_to_lead,YSDU,OK,short_name=sdswrf units=W m**-2 startStep=24 endStep=26
2024-01-25,0,26,dswrf_to_lead,YSDU,OK,short_name=sdswrf units=W m**-2 startStep=24 endStep=26
2023-11-01,0,26,dswrf_to_lead,YSDU,OK,short_name=sdswrf units=W m**-2 startStep=24 endStep=26
2024-01-21,0,26,dswrf_to_lead,YSDU,OK,short_name=sdswrf units=W m**-2 startStep=24 endStep=26
2023-11-25,0,26,dswrf_to_lead,YSDU,OK,short_name=sdswrf units=W m**-2 startStep=24 endStep=26
2024-02-02,0,26,dswrf_to_lead,YSDU,OK,short_name=sdswrf units=W m**-2 startStep=24 endStep=26
2024-02-08,0,26,dswrf_to_lead,YSDU,OK,short_name=sdswrf units=W m**-2 startStep=24 endStep=26
2023-11-13,0,26,dswrf_to_lead,YSDU,OK,short_name=sdswrf units=W m**-2 startStep=24 endStep=26
2024-02-10,0,26,dswrf_to_lead,YSDU,OK,short_name=sdswrf units=W m**-2 startStep=24 endStep=26
2024-01-19,0,26,dswrf_to_lead,YSDU,OK,short_name=sdswrf units=W m**-2 startStep=24 endStep=26
2024-02-01,0,26,dswrf_to_lead,YSDU,OK,short_name=sdswrf units=W m**-2 startStep=24 endStep=26
2024-01-15,0,26,dswrf_to_lead,YSDU,OK,short_name=sdswrf units=W m**-2 startStep=24 endStep=26
2024-01-29,0,26,dswrf_to_lead,YSDU,OK,short_name=sdswrf units=W m**-2 startStep=24 endStep=26
2024-02-17,0,26,dswrf_to_lead,YSDU,OK,short_name=sdswrf units=W m**-2 startStep=24 endStep=26
2023-11-27,0,26,dswrf_to_lead,YSDU,OK,short_name=sdswrf units=W m**-2 startStep=24 endStep=26
2023-12-27,0,26,dswrf_to_lead,YSDU,OK,short_name=sdswrf units=W m**-2 startStep=24 endStep=26
2024-02-18,0,26,dswrf_to_lead,YSDU,OK,short_name=sdswrf units=W m**-2 startStep=24 endStep=26
2024-02-15,0,26,dswrf_to_lead,YSDU,OK,short_name=sdswrf units=W m**-2 startStep=24 endStep=26
2024-02-13,0,26,dswrf_to_lead,YSDU,OK,short_name=sdswrf units=W m**-2 startStep=24 endStep=26
2024-01-09,0,26,dswrf_to_lead,YSDU,OK,short_name=sdswrf units=W m**-2 startStep=24 endStep=26
2024-02-20,0,26,dswrf_to_lead,YSDU,OK,short_name=sdswrf units=W m**-2 startStep=24 endStep=26
2024-03-05,0,26,dswrf_to_lead,YSDU,OK,short_name=sdswrf units=W m**-2 startStep=24 endStep=26
2024-02-25,0,26,dswrf_to_lead,YSDU,OK,short_name=sdswrf units=W m**-2 startStep=24 endStep=26
2023-11-16,0,26,dswrf_to_lead,YSDU,OK,short_name=sdswrf units=W m**-2 startStep=24 endStep=26
2023-11-19,0,26,dswrf_to_lead,YSDU,OK,short_name=sdswrf units=W m**-2 startStep=24 endStep=26
2024-02-16,0,26,dswrf_to_lead,YSDU,OK,short_name=sdswrf units=W m**-2 startStep=24 endStep=26
2024-01-05,0,26,dswrf_to_lead,YSDU,OK,short_name=sdswrf units=W m**-2 startStep=24 endStep=26
2024-02-28,0,26,dswrf_to_lead,YSDU,OK,short_name=sdswrf units=W m**-2 startStep=24 endStep=26
2024-02-22,0,26,dswrf_to_lead,YSDU,OK,short_name=sdswrf units=W m**-2 startStep=24 endStep=26
2024-01-30,0,26,dswrf_to_lead,YSDU,OK,short_name=sdswrf units=W m**-2 startStep=24 endStep=26
2024-02-09,0,26,dswrf_to_lead,YSDU,OK,short_name=sdswrf units=W m**-2 startStep=24 endStep=26
2024-02-14,0,26,dswrf_to_lead,YSDU,OK,short_name=sdswrf units=W m**-2 startStep=24 endStep=26
2023-12-20,0,26,dswrf_to_lead,YSDU,OK,short_name=sdswrf units=W m**-2 startStep=24 endStep=26
2024-03-11,0,26,dswrf_to_lead,YSDU,OK,short_name=sdswrf units=W m**-2 startStep=24 endStep=26
2024-03-04,0,26,dswrf_to_lead,YSDU,OK,short_name=sdswrf units=W m**-2 startStep=24 endStep=26
2024-03-13,0,26,dswrf_to_lead,YSDU,OK,short_name=sdswrf units=W m**-2 startStep=24 endStep=26
2024-03-10,0,26,dswrf_to_lead,YSDU,OK,short_name=sdswrf units=W m**-2 startStep=24 endStep=26
2023-12-29,0,26,dswrf_to_lead,YSDU,OK,short_name=sdswrf units=W m**-2 startStep=24 endStep=26
2023-12-22,0,26,dswrf_to_lead,YSDU,OK,short_name=sdswrf units=W m**-2 startStep=24 endStep=26
2024-03-07,0,26,dswrf_to_lead,YSDU,OK,short_name=sdswrf units=W m**-2 startStep=24 endStep=26
2024-03-03,0,26,dswrf_to_lead,YSDU,OK,short_name=sdswrf units=W m**-2 startStep=24 endStep=26
2024-02-04,0,26,dswrf_to_lead,YSDU,OK,short_name=sdswrf units=W m**-2 startStep=24 endStep=26
2024-02-19,0,26,dswrf_to_lead,YSDU,OK,short_name=sdswrf units=W m**-2 startStep=24 endStep=26
2024-03-08,0,26,dswrf_to_lead,YSDU,OK,short_name=sdswrf units=W m**-2 startStep=24 endStep=26
2024-03-02,0,26,dswrf_to_lead,YSDU,OK,short_name=sdswrf units=W m**-2 startStep=24 endStep=26
2024-03-20,0,26,dswrf_to_lead,YSDU,OK,short_name=sdswrf units=W m**-2 startStep=24 endStep=26
2024-03-16,0,26,dswrf_to_lead,YSDU,OK,short_name=sdswrf units=W m**-2 startStep=24 endStep=26
2024-03-01,0,26,dswrf_to_lead,YSDU,OK,short_name=sdswrf units=W m**-2 startStep=24 endStep=26
2024-02-29,0,26,dswrf_to_lead,YSDU,OK,short_name=sdswrf units=W m**-2 startStep=24 endStep=26
2024-03-15,0,26,dswrf_to_lead,YSDU,OK,short_name=sdswrf units=W m**-2 startStep=24 endStep=26
2024-03-23,0,26,dswrf_to_lead,YSDU,OK,short_name=sdswrf units=W m**-2 startStep=24 endStep=26
2024-03-18,0,26,dswrf_to_lead,YSDU,OK,short_name=sdswrf units=W m**-2 startStep=24 endStep=26
2023-12-30,0,26,dswrf_to_lead,YSDU,OK,short_name=sdswrf units=W m**-2 startStep=24 endStep=26
2024-03-21,0,26,dswrf_to_lead,YSDU,OK,short_name=sdswrf units=W m**-2 startStep=24 endStep=26
2024-02-12,0,26,dswrf_to_lead,YSDU,OK,short_name=sdswrf units=W m**-2 startStep=24 endStep=26
2023-12-28,0,26,dswrf_to_lead,YSDU,OK,short_name=sdswrf units=W m**-2 startStep=24 endStep=26
2024-02-24,0,26,dswrf_to_lead,YSDU,OK,short_name=sdswrf units=W m**-2 startStep=24 endStep=26
2024-03-26,0,26,dswrf_to_lead,YSDU,OK,short_name=sdswrf units=W m**-2 startStep=24 endStep=26
2024-03-27,0,26,dswrf_to_lead,YSDU,OK,short_name=sdswrf units=W m**-2 startStep=24 endStep=26
2024-03-14,0,26,dswrf_to_lead,YSDU,OK,short_name=sdswrf units=W m**-2 startStep=24 endStep=26
2024-02-05,0,26,dswrf_to_lead,YSDU,OK,short_name=sdswrf units=W m**-2 startStep=24 endStep=26
2024-03-28,0,26,dswrf_to_lead,YSDU,OK,short_name=sdswrf units=W m**-2 startStep=24 endStep=26
2024-02-03,0,26,dswrf_to_lead,YSDU,OK,short_name=sdswrf units=W m**-2 startStep=24 endStep=26
2024-03-29,0,26,dswrf_to_lead,YSDU,OK,short_name=sdswrf units=W m**-2 startStep=24 endStep=26
2024-04-06,0,26,dswrf_to_lead,YSDU,OK,short_name=sdswrf units=W m**-2 startStep=24 endStep=26
2024-03-06,0,26,dswrf_to_lead,YSDU,OK,short_name=sdswrf units=W m**-2 startStep=24 endStep=26
2024-03-12,0,26,dswrf_to_lead,YSDU,OK,short_name=sdswrf units=W m**-2 startStep=24 endStep=26
2024-03-17,0,26,dswrf_to_lead,YSDU,OK,short_name=sdswrf units=W m**-2 startStep=24 endStep=26
2024-04-10,0,26,dswrf_to_lead,YSDU,OK,short_name=sdswrf units=W m**-2 startStep=24 endStep=26
2024-02-26,0,26,dswrf_to_lead,YSDU,OK,short_name=sdswrf units=W m**-2 startStep=24 endStep=26
2024-04-19,0,26,dswrf_to_lead,YSDU,OK,short_name=sdswrf units=W m**-2 startStep=24 endStep=26
2024-04-03,0,26,dswrf_to_lead,YSDU,OK,short_name=sdswrf units=W m**-2 startStep=24 endStep=26
2023-12-24,0,26,dswrf_to_lead,YSDU,OK,short_name=sdswrf units=W m**-2 startStep=24 endStep=26
2024-04-24,0,26,dswrf_to_lead,YSDU,OK,short_name=sdswrf units=W m**-2 startStep=24 endStep=26
2024-04-07,0,26,dswrf_to_lead,YSDU,OK,short_name=sdswrf units=W m**-2 startStep=24 endStep=26
2024-04-16,0,26,dswrf_to_lead,YSDU,OK,short_name=sdswrf units=W m**-2 startStep=24 endStep=26
2024-02-23,0,26,dswrf_to_lead,YSDU,OK,short_name=sdswrf units=W m**-2 startStep=24 endStep=26
2024-04-20,0,26,dswrf_to_lead,YSDU,OK,short_name=sdswrf units=W m**-2 startStep=24 endStep=26
2023-05-06,0,26,dswrf_to_lead,YSDU,OK,short_name=sdswrf units=W m**-2 startStep=24 endStep=26
2024-04-21,0,26,dswrf_to_lead,YSDU,OK,short_name=sdswrf units=W m**-2 startStep=24 endStep=26
2024-03-22,0,26,dswrf_to_lead,YSDU,OK,short_name=sdswrf units=W m**-2 startStep=24 endStep=26
2024-04-11,0,26,dswrf_to_lead,YSDU,OK,short_name=sdswrf units=W m**-2 startStep=24 endStep=26
2024-04-26,0,26,dswrf_to_lead,YSDU,OK,short_name=sdswrf units=W m**-2 startStep=24 endStep=26
2024-03-24,0,26,dswrf_to_lead,YSDU,OK,short_name=sdswrf units=W m**-2 startStep=24 endStep=26
2024-03-09,0,26,dswrf_to_lead,YSDU,OK,short_name=sdswrf units=W m**-2 startStep=24 endStep=26
2024-04-18,0,26,dswrf_to_lead,YSDU,OK,short_name=sdswrf units=W m**-2 startStep=24 endStep=26
2024-02-11,0,26,dswrf_to_lead,YSDU,OK,short_name=sdswrf units=W m**-2 startStep=24 endStep=26
2024-03-19,0,26,dswrf_to_lead,YSDU,OK,short_name=sdswrf units=W m**-2 startStep=24 endStep=26
2024-04-22,0,26,dswrf_to_lead,YSDU,OK,short_name=sdswrf units=W m**-2 startStep=24 endStep=26
2024-04-17,0,26,dswrf_to_lead,YSDU,OK,short_name=sdswrf units=W m**-2 startStep=24 endStep=26
2024-04-29,0,26,dswrf_to_lead,YSDU,OK,short_name=sdswrf units=W m**-2 startStep=24 endStep=26
2024-03-30,0,26,dswrf_to_lead,YSDU,OK,short_name=sdswrf units=W m**-2 startStep=24 endStep=26
2024-04-28,0,26,dswrf_to_lead,YSDU,OK,short_name=sdswrf units=W m**-2 startStep=24 endStep=26
2024-04-30,0,26,dswrf_to_lead,YSDU,OK,short_name=sdswrf units=W m**-2 startStep=24 endStep=26
2024-02-06,0,26,dswrf_to_lead,YSDU,OK,short_name=sdswrf units=W m**-2 startStep=24 endStep=26
2024-04-23,0,26,dswrf_to_lead,YSDU,OK,short_name=sdswrf units=W m**-2 startStep=24 endStep=26
2024-02-21,0,26,dswrf_to_lead,YSDU,OK,short_name=sdswrf units=W m**-2 startStep=24 endStep=26
2024-05-12,0,26,dswrf_to_lead,YSDU,OK,short_name=sdswrf units=W m**-2 startStep=24 endStep=26
2024-05-08,0,26,dswrf_to_lead,YSDU,OK,short_name=sdswrf units=W m**-2 startStep=24 endStep=26
2024-04-05,0,26,dswrf_to_lead,YSDU,OK,short_name=sdswrf units=W m**-2 startStep=24 endStep=26
2024-05-04,0,26,dswrf_to_lead,YSDU,OK,short_name=sdswrf units=W m**-2 startStep=24 endStep=26
2024-04-25,0,26,dswrf_to_lead,YSDU,OK,short_name=sdswrf units=W m**-2 startStep=24 endStep=26
2024-05-07,0,26,dswrf_to_lead,YSDU,OK,short_name=sdswrf units=W m**-2 startStep=24 endStep=26
2024-03-25,0,26,dswrf_to_lead,YSDU,OK,short_name=sdswrf units=W m**-2 startStep=24 endStep=26
2024-04-27,0,26,dswrf_to_lead,YSDU,OK,short_name=sdswrf units=W m**-2 startStep=24 endStep=26
2024-03-31,0,26,dswrf_to_lead,YSDU,OK,short_name=sdswrf units=W m**-2 startStep=24 endStep=26
2024-02-27,0,26,dswrf_to_lead,YSDU,OK,short_name=sdswrf units=W m**-2 startStep=24 endStep=26
2024-05-02,0,26,dswrf_to_lead,YSDU,OK,short_name=sdswrf units=W m**-2 startStep=24 endStep=26
2024-05-24,0,26,dswrf_to_lead,YSDU,OK,short_name=sdswrf units=W m**-2 startStep=24 endStep=26
2024-05-03,0,26,dswrf_to_lead,YSDU,OK,short_name=sdswrf units=W m**-2 startStep=24 endStep=26
2024-05-05,0,26,dswrf_to_lead,YSDU,OK,short_name=sdswrf units=W m**-2 startStep=24 endStep=26
2024-05-13,0,26,dswrf_to_lead,YSDU,OK,short_name=sdswrf units=W m**-2 startStep=24 endStep=26
2024-04-04,0,26,dswrf_to_lead,YSDU,OK,short_name=sdswrf units=W m**-2 startStep=24 endStep=26
2024-05-19,0,26,dswrf_to_lead,YSDU,OK,short_name=sdswrf units=W m**-2 startStep=24 endStep=26
2024-06-02,0,26,dswrf_to_lead,YSDU,OK,short_name=sdswrf units=W m**-2 startStep=24 endStep=26
2024-05-06,0,26,dswrf_to_lead,YSDU,OK,short_name=sdswrf units=W m**-2 startStep=24 endStep=26
2024-05-25,0,26,dswrf_to_lead,YSDU,OK,short_name=sdswrf units=W m**-2 startStep=24 endStep=26
2024-04-09,0,26,dswrf_to_lead,YSDU,OK,short_name=sdswrf units=W m**-2 startStep=24 endStep=26
2024-05-22,0,26,dswrf_to_lead,YSDU,OK,short_name=sdswrf units=W m**-2 startStep=24 endStep=26
2024-06-04,0,26,dswrf_to_lead,YSDU,OK,short_name=sdswrf units=W m**-2 startStep=24 endStep=26
2024-02-07,0,26,dswrf_to_lead,YSDU,OK,short_name=sdswrf units=W m**-2 startStep=24 endStep=26
2024-04-01,0,26,dswrf_to_lead,YSDU,OK,short_name=sdswrf units=W m**-2 startStep=24 endStep=26
2024-06-08,0,26,dswrf_to_lead,YSDU,OK,short_name=sdswrf units=W m**-2 startStep=24 endStep=26
2024-06-01,0,26,dswrf_to_lead,YSDU,OK,short_name=sdswrf units=W m**-2 startStep=24 endStep=26
2024-06-10,0,26,dswrf_to_lead,YSDU,OK,short_name=sdswrf units=W m**-2 startStep=24 endStep=26
2024-04-02,0,26,dswrf_to_lead,YSDU,OK,short_name=sdswrf units=W m**-2 startStep=24 endStep=26
2024-05-16,0,26,dswrf_to_lead,YSDU,OK,short_name=sdswrf units=W m**-2 startStep=24 endStep=26
2024-05-23,0,26,dswrf_to_lead,YSDU,OK,short_name=sdswrf units=W m**-2 startStep=24 endStep=26
2024-05-27,0,26,dswrf_to_lead,YSDU,OK,short_name=sdswrf units=W m**-2 startStep=24 endStep=26
2024-05-17,0,26,dswrf_to_lead,YSDU,OK,short_name=sdswrf units=W m**-2 startStep=24 endStep=26
2024-05-29,0,26,dswrf_to_lead,YSDU,OK,short_name=sdswrf units=W m**-2 startStep=24 endStep=26
2024-06-15,0,26,dswrf_to_lead,YSDU,OK,short_name=sdswrf units=W m**-2 startStep=24 endStep=26
2024-05-28,0,26,dswrf_to_lead,YSDU,OK,short_name=sdswrf units=W m**-2 startStep=24 endStep=26
2024-05-15,0,26,dswrf_to_lead,YSDU,OK,short_name=sdswrf units=W m**-2 startStep=24 endStep=26
2024-04-15,0,26,dswrf_to_lead,YSDU,OK,short_name=sdswrf units=W m**-2 startStep=24 endStep=26
2024-06-14,0,26,dswrf_to_lead,YSDU,OK,short_name=sdswrf units=W m**-2 startStep=24 endStep=26
2024-06-12,0,26,dswrf_to_lead,YSDU,OK,short_name=sdswrf units=W m**-2 startStep=24 endStep=26
2024-05-21,0,26,dswrf_to_lead,YSDU,OK,short_name=sdswrf units=W m**-2 startStep=24 endStep=26
2024-06-09,0,26,dswrf_to_lead,YSDU,OK,short_name=sdswrf units=W m**-2 startStep=24 endStep=26
2024-05-01,0,26,dswrf_to_lead,YSDU,OK,short_name=sdswrf units=W m**-2 startStep=24 endStep=26
2024-04-08,0,26,dswrf_to_lead,YSDU,OK,short_name=sdswrf units=W m**-2 startStep=24 endStep=26
2024-06-11,0,26,dswrf_to_lead,YSDU,OK,short_name=sdswrf units=W m**-2 startStep=24 endStep=26
2024-04-12,0,26,dswrf_to_lead,YSDU,OK,short_name=sdswrf units=W m**-2 startStep=24 endStep=26
2024-06-20,0,26,dswrf_to_lead,YSDU,OK,short_name=sdswrf units=W m**-2 startStep=24 endStep=26
2024-05-11,0,26,dswrf_to_lead,YSDU,OK,short_name=sdswrf units=W m**-2 startStep=24 endStep=26
2024-05-26,0,26,dswrf_to_lead,YSDU,OK,short_name=sdswrf units=W m**-2 startStep=24 endStep=26
2024-06-17,0,26,dswrf_to_lead,YSDU,OK,short_name=sdswrf units=W m**-2 startStep=24 endStep=26
2024-04-13,0,26,dswrf_to_lead,YSDU,OK,short_name=sdswrf units=W m**-2 startStep=24 endStep=26
2024-07-01,0,26,dswrf_to_lead,YSDU,OK,short_name=sdswrf units=W m**-2 startStep=24 endStep=26
2024-07-09,0,26,dswrf_to_lead,YSDU,OK,short_name=sdswrf units=W m**-2 startStep=24 endStep=26
2024-06-19,0,26,dswrf_to_lead,YSDU,OK,short_name=sdswrf units=W m**-2 startStep=24 endStep=26
2024-05-31,0,26,dswrf_to_lead,YSDU,OK,short_name=sdswrf units=W m**-2 startStep=24 endStep=26
2024-06-29,0,26,dswrf_to_lead,YSDU,OK,short_name=sdswrf units=W m**-2 startStep=24 endStep=26
2024-07-08,0,26,dswrf_to_lead,YSDU,OK,short_name=sdswrf units=W m**-2 startStep=24 endStep=26
2024-07-02,0,26,dswrf_to_lead,YSDU,OK,short_name=sdswrf units=W m**-2 startStep=24 endStep=26
2024-06-27,0,26,dswrf_to_lead,YSDU,OK,short_name=sdswrf units=W m**-2 startStep=24 endStep=26
2024-07-15,0,26,dswrf_to_lead,YSDU,OK,short_name=sdswrf units=W m**-2 startStep=24 endStep=26
2024-06-16,0,26,dswrf_to_lead,YSDU,OK,short_name=sdswrf units=W m**-2 startStep=24 endStep=26
2024-04-14,0,26,dswrf_to_lead,YSDU,OK,short_name=sdswrf units=W m**-2 startStep=24 endStep=26
2024-07-17,0,26,dswrf_to_lead,YSDU,OK,short_name=sdswrf units=W m**-2 startStep=24 endStep=26
2024-07-06,0,26,dswrf_to_lead,YSDU,OK,short_name=sdswrf units=W m**-2 startStep=24 endStep=26
2024-06-23,0,26,dswrf_to_lead,YSDU,OK,short_name=sdswrf units=W m**-2 startStep=24 endStep=26
2024-07-05,0,26,dswrf_to_lead,YSDU,OK,short_name=sdswrf units=W m**-2 startStep=24 endStep=26
2024-06-25,0,26,dswrf_to_lead,YSDU,OK,short_name=sdswrf units=W m**-2 startStep=24 endStep=26
2024-06-30,0,26,dswrf_to_lead,YSDU,OK,short_name=sdswrf units=W m**-2 startStep=24 endStep=26
2024-05-09,0,26,dswrf_to_lead,YSDU,OK,short_name=sdswrf units=W m**-2 startStep=24 endStep=26
2024-06-05,0,26,dswrf_to_lead,YSDU,OK,short_name=sdswrf units=W m**-2 startStep=24 endStep=26
2024-06-22,0,26,dswrf_to_lead,YSDU,OK,short_name=sdswrf units=W m**-2 startStep=24 endStep=26
2024-06-03,0,26,dswrf_to_lead,YSDU,OK,short_name=sdswrf units=W m**-2 startStep=24 endStep=26
2024-07-07,0,26,dswrf_to_lead,YSDU,OK,short_name=sdswrf units=W m**-2 startStep=24 endStep=26
2024-06-07,0,26,dswrf_to_lead,YSDU,OK,short_name=sdswrf units=W m**-2 startStep=24 endStep=26
2024-05-18,0,26,dswrf_to_lead,YSDU,OK,short_name=sdswrf units=W m**-2 startStep=24 endStep=26
2024-07-18,0,26,dswrf_to_lead,YSDU,OK,short_name=sdswrf units=W m**-2 startStep=24 endStep=26
2024-06-18,0,26,dswrf_to_lead,YSDU,OK,short_name=sdswrf units=W m**-2 startStep=24 endStep=26
2024-07-19,0,26,dswrf_to_lead,YSDU,OK,short_name=sdswrf units=W m**-2 startStep=24 endStep=26
2024-07-23,0,26,dswrf_to_lead,YSDU,OK,short_name=sdswrf units=W m**-2 startStep=24 endStep=26
2024-07-20,0,26,dswrf_to_lead,YSDU,OK,short_name=sdswrf units=W m**-2 startStep=24 endStep=26
2025-08-09,0,26,dswrf_to_lead,YSDU,OK,short_name=sdswrf units=W m**-2 startStep=24 endStep=26
2024-07-25,0,26,dswrf_to_lead,YSDU,OK,short_name=sdswrf units=W m**-2 startStep=24 endStep=26
2025-08-01,0,26,dswrf_to_lead,YSDU,OK,short_name=sdswrf units=W m**-2 startStep=24 endStep=26
2024-07-29,0,26,dswrf_to_lead,YSDU,OK,short_name=sdswrf units=W m**-2 startStep=24 endStep=26
2025-08-03,0,26,dswrf_to_lead,YSDU,OK,short_name=sdswrf units=W m**-2 startStep=24 endStep=26
2024-06-28,0,26,dswrf_to_lead,YSDU,OK,short_name=sdswrf units=W m**-2 startStep=24 endStep=26
2024-07-28,0,26,dswrf_to_lead,YSDU,OK,short_name=sdswrf units=W m**-2 startStep=24 endStep=26
2025-08-12,0,26,dswrf_to_lead,YSDU,OK,short_name=sdswrf units=W m**-2 startStep=24 endStep=26
2024-07-12,0,26,dswrf_to_lead,YSDU,OK,short_name=sdswrf units=W m**-2 startStep=24 endStep=26
2024-07-14,0,26,dswrf_to_lead,YSDU,OK,short_name=sdswrf units=W m**-2 startStep=24 endStep=26
2024-05-30,0,26,dswrf_to_lead,YSDU,OK,short_name=sdswrf units=W m**-2 startStep=24 endStep=26
2024-07-10,0,26,dswrf_to_lead,YSDU,OK,short_name=sdswrf units=W m**-2 startStep=24 endStep=26
2025-08-14,0,26,dswrf_to_lead,YSDU,OK,short_name=sdswrf units=W m**-2 startStep=24 endStep=26
2025-07-31,0,26,dswrf_to_lead,YSDU,OK,short_name=sdswrf units=W m**-2 startStep=24 endStep=26
2025-08-18,0,26,dswrf_to_lead,YSDU,OK,short_name=sdswrf units=W m**-2 startStep=24 endStep=26
2024-05-14,0,26,dswrf_to_lead,YSDU,OK,short_name=sdswrf units=W m**-2 startStep=24 endStep=26
2025-08-04,0,26,dswrf_to_lead,YSDU,OK,short_name=sdswrf units=W m**-2 startStep=24 endStep=26
2024-07-04,0,26,dswrf_to_lead,YSDU,OK,short_name=sdswrf units=W m**-2 startStep=24 endStep=26
2024-05-10,0,26,dswrf_to_lead,YSDU,OK,short_name=sdswrf units=W m**-2 startStep=24 endStep=26
2025-08-21,0,26,dswrf_to_lead,YSDU,OK,short_name=sdswrf units=W m**-2 startStep=24 endStep=26
2024-05-20,0,26,dswrf_to_lead,YSDU,OK,short_name=sdswrf units=W m**-2 startStep=24 endStep=26
2025-08-24,0,26,dswrf_to_lead,YSDU,OK,short_name=sdswrf units=W m**-2 startStep=24 endStep=26
2024-07-22,0,26,dswrf_to_lead,YSDU,OK,short_name=sdswrf units=W m**-2 startStep=24 endStep=26
2024-07-24,0,26,dswrf_to_lead,YSDU,OK,short_name=sdswrf units=W m**-2 startStep=24 endStep=26
2025-08-11,0,26,dswrf_to_lead,YSDU,OK,short_name=sdswrf units=W m**-2 startStep=24 endStep=26
2024-06-13,0,26,dswrf_to_lead,YSDU,OK,short_name=sdswrf units=W m**-2 startStep=24 endStep=26
2024-06-24,0,26,dswrf_to_lead,YSDU,OK,short_name=sdswrf units=W m**-2 startStep=24 endStep=26
2025-08-31,0,26,dswrf_to_lead,YSDU,OK,short_name=sdswrf units=W m**-2 startStep=24 endStep=26
2025-08-08,0,26,dswrf_to_lead,YSDU,OK,short_name=sdswrf units=W m**-2 startStep=24 endStep=26
2025-08-15,0,26,dswrf_to_lead,YSDU,OK,short_name=sdswrf units=W m**-2 startStep=24 endStep=26
2024-06-21,0,26,dswrf_to_lead,YSDU,OK,short_name=sdswrf units=W m**-2 startStep=24 endStep=26
2025-08-13,0,26,dswrf_to_lead,YSDU,OK,short_name=sdswrf units=W m**-2 startStep=24 endStep=26
2025-08-28,0,26,dswrf_to_lead,YSDU,OK,short_name=sdswrf units=W m**-2 startStep=24 endStep=26
2025-09-01,0,26,dswrf_to_lead,YSDU,OK,short_name=sdswrf units=W m**-2 startStep=24 endStep=26
2025-09-02,0,26,dswrf_to_lead,YSDU,OK,short_name=sdswrf units=W m**-2 startStep=24 endStep=26
2025-08-29,0,26,dswrf_to_lead,YSDU,OK,short_name=sdswrf units=W m**-2 startStep=24 endStep=26
2024-07-27,0,26,dswrf_to_lead,YSDU,OK,short_name=sdswrf units=W m**-2 startStep=24 endStep=26
2025-08-17,0,26,dswrf_to_lead,YSDU,OK,short_name=sdswrf units=W m**-2 startStep=24 endStep=26
2025-08-19,0,26,dswrf_to_lead,YSDU,OK,short_name=sdswrf units=W m**-2 startStep=24 endStep=26
2025-09-15,0,26,dswrf_to_lead,YSDU,OK,short_name=sdswrf units=W m**-2 startStep=24 endStep=26
2025-08-16,0,26,dswrf_to_lead,YSDU,OK,short_name=sdswrf units=W m**-2 startStep=24 endStep=26
2025-09-16,0,26,dswrf_to_lead,YSDU,OK,short_name=sdswrf units=W m**-2 startStep=24 endStep=26
2025-08-06,0,26,dswrf_to_lead,YSDU,OK,short_name=sdswrf units=W m**-2 startStep=24 endStep=26
2024-06-06,0,26,dswrf_to_lead,YSDU,OK,short_name=sdswrf units=W m**-2 startStep=24 endStep=26
2025-08-07,0,26,dswrf_to_lead,YSDU,OK,short_name=sdswrf units=W m**-2 startStep=24 endStep=26
2025-08-22,0,26,dswrf_to_lead,YSDU,OK,short_name=sdswrf units=W m**-2 startStep=24 endStep=26
2024-07-11,0,26,dswrf_to_lead,YSDU,OK,short_name=sdswrf units=W m**-2 startStep=24 endStep=26
2025-09-19,0,26,dswrf_to_lead,YSDU,OK,short_name=sdswrf units=W m**-2 startStep=24 endStep=26
2025-09-11,0,26,dswrf_to_lead,YSDU,OK,short_name=sdswrf units=W m**-2 startStep=24 endStep=26
2025-09-05,0,26,dswrf_to_lead,YSDU,OK,short_name=sdswrf units=W m**-2 startStep=24 endStep=26
2025-09-12,0,26,dswrf_to_lead,YSDU,OK,short_name=sdswrf units=W m**-2 startStep=24 endStep=26
2024-07-16,0,26,dswrf_to_lead,YSDU,OK,short_name=sdswrf units=W m**-2 startStep=24 endStep=26
2025-09-07,0,26,dswrf_to_lead,YSDU,OK,short_name=sdswrf units=W m**-2 startStep=24 endStep=26
2024-07-26,0,26,dswrf_to_lead,YSDU,OK,short_name=sdswrf units=W m**-2 startStep=24 endStep=26
2025-09-22,0,26,dswrf_to_lead,YSDU,OK,short_name=sdswrf units=W m**-2 startStep=24 endStep=26
2025-09-08,0,26,dswrf_to_lead,YSDU,OK,short_name=sdswrf units=W m**-2 startStep=24 endStep=26
2025-08-20,0,26,dswrf_to_lead,YSDU,OK,short_name=sdswrf units=W m**-2 startStep=24 endStep=26
2025-09-26,0,26,dswrf_to_lead,YSDU,OK,short_name=sdswrf units=W m**-2 startStep=24 endStep=26
2025-09-20,0,26,dswrf_to_lead,YSDU,OK,short_name=sdswrf units=W m**-2 startStep=24 endStep=26
2025-09-25,0,26,dswrf_to_lead,YSDU,OK,short_name=sdswrf units=W m**-2 startStep=24 endStep=26
2025-09-28,0,26,dswrf_to_lead,YSDU,OK,short_name=sdswrf units=W m**-2 startStep=24 endStep=26
2025-09-30,0,26,dswrf_to_lead,YSDU,OK,short_name=sdswrf units=W m**-2 startStep=24 endStep=26
2025-09-03,0,26,dswrf_to_lead,YSDU,OK,short_name=sdswrf units=W m**-2 startStep=24 endStep=26
2024-06-26,0,26,dswrf_to_lead,YSDU,OK,short_name=sdswrf units=W m**-2 startStep=24 endStep=26
2025-08-30,0,26,dswrf_to_lead,YSDU,OK,short_name=sdswrf units=W m**-2 startStep=24 endStep=26
2025-09-21,0,26,dswrf_to_lead,YSDU,OK,short_name=sdswrf units=W m**-2 startStep=24 endStep=26
2025-10-02,0,26,dswrf_to_lead,YSDU,OK,short_name=sdswrf units=W m**-2 startStep=24 endStep=26
2025-10-15,0,26,dswrf_to_lead,YSDU,OK,short_name=sdswrf units=W m**-2 startStep=24 endStep=26
2025-10-05,0,26,dswrf_to_lead,YSDU,OK,short_name=sdswrf units=W m**-2 startStep=24 endStep=26
2025-09-29,0,26,dswrf_to_lead,YSDU,OK,short_name=sdswrf units=W m**-2 startStep=24 endStep=26
2025-09-04,0,26,dswrf_to_lead,YSDU,OK,short_name=sdswrf units=W m**-2 startStep=24 endStep=26
2025-09-24,0,26,dswrf_to_lead,YSDU,OK,short_name=sdswrf units=W m**-2 startStep=24 endStep=26
2025-09-09,0,26,dswrf_to_lead,YSDU,OK,short_name=sdswrf units=W m**-2 startStep=24 endStep=26
2024-07-30,0,26,dswrf_to_lead,YSDU,OK,short_name=sdswrf units=W m**-2 startStep=24 endStep=26
2025-10-16,0,26,dswrf_to_lead,YSDU,OK,short_name=sdswrf units=W m**-2 startStep=24 endStep=26
2025-08-02,0,26,dswrf_to_lead,YSDU,OK,short_name=sdswrf units=W m**-2 startStep=24 endStep=26
2025-10-11,0,26,dswrf_to_lead,YSDU,OK,short_name=sdswrf units=W m**-2 startStep=24 endStep=26
2025-08-26,0,26,dswrf_to_lead,YSDU,OK,short_name=sdswrf units=W m**-2 startStep=24 endStep=26
2025-10-01,0,26,dswrf_to_lead,YSDU,OK,short_name=sdswrf units=W m**-2 startStep=24 endStep=26
2025-10-04,0,26,dswrf_to_lead,YSDU,OK,short_name=sdswrf units=W m**-2 startStep=24 endStep=26
2025-09-13,0,26,dswrf_to_lead,YSDU,OK,short_name=sdswrf units=W m**-2 startStep=24 endStep=26
2024-07-03,0,26,dswrf_to_lead,YSDU,OK,short_name=sdswrf units=W m**-2 startStep=24 endStep=26
2025-10-12,0,26,dswrf_to_lead,YSDU,OK,short_name=sdswrf units=W m**-2 startStep=24 endStep=26
2025-08-23,0,26,dswrf_to_lead,YSDU,OK,short_name=sdswrf units=W m**-2 startStep=24 endStep=26
2025-10-06,0,26,dswrf_to_lead,YSDU,OK,short_name=sdswrf units=W m**-2 startStep=24 endStep=26
2025-08-25,0,26,dswrf_to_lead,YSDU,OK,short_name=sdswrf units=W m**-2 startStep=24 endStep=26
2025-09-27,0,26,dswrf_to_lead,YSDU,OK,short_name=sdswrf units=W m**-2 startStep=24 endStep=26
2025-10-03,0,26,dswrf_to_lead,YSDU,OK,short_name=sdswrf units=W m**-2 startStep=24 endStep=26
2025-10-20,0,26,dswrf_to_lead,YSDU,OK,short_name=sdswrf units=W m**-2 startStep=24 endStep=26
2025-09-10,0,26,dswrf_to_lead,YSDU,OK,short_name=sdswrf units=W m**-2 startStep=24 endStep=26
2025-10-30,0,26,dswrf_to_lead,YSDU,OK,short_name=sdswrf units=W m**-2 startStep=24 endStep=26
2025-10-10,0,26,dswrf_to_lead,YSDU,OK,short_name=sdswrf units=W m**-2 startStep=24 endStep=26
2025-10-08,0,26,dswrf_to_lead,YSDU,OK,short_name=sdswrf units=W m**-2 startStep=24 endStep=26
2025-10-07,0,26,dswrf_to_lead,YSDU,OK,short_name=sdswrf units=W m**-2 startStep=24 endStep=26
2025-11-01,0,26,dswrf_to_lead,YSDU,OK,short_name=sdswrf units=W m**-2 startStep=24 endStep=26
2025-10-31,0,26,dswrf_to_lead,YSDU,OK,short_name=sdswrf units=W m**-2 startStep=24 endStep=26
2025-10-28,0,26,dswrf_to_lead,YSDU,OK,short_name=sdswrf units=W m**-2 startStep=24 endStep=26
2025-10-19,0,26,dswrf_to_lead,YSDU,OK,short_name=sdswrf units=W m**-2 startStep=24 endStep=26
2025-10-24,0,26,dswrf_to_lead,YSDU,OK,short_name=sdswrf units=W m**-2 startStep=24 endStep=26
2025-11-10,0,26,dswrf_to_lead,YSDU,OK,short_name=sdswrf units=W m**-2 startStep=24 endStep=26
2025-10-21,0,26,dswrf_to_lead,YSDU,OK,short_name=sdswrf units=W m**-2 startStep=24 endStep=26
2024-07-13,0,26,dswrf_to_lead,YSDU,OK,short_name=sdswrf units=W m**-2 startStep=24 endStep=26
2024-07-21,0,26,dswrf_to_lead,YSDU,OK,short_name=sdswrf units=W m**-2 startStep=24 endStep=26
2025-10-26,0,26,dswrf_to_lead,YSDU,OK,short_name=sdswrf units=W m**-2 startStep=24 endStep=26
2025-10-27,0,26,dswrf_to_lead,YSDU,OK,short_name=sdswrf units=W m**-2 startStep=24 endStep=26
2025-11-09,0,26,dswrf_to_lead,YSDU,OK,short_name=sdswrf units=W m**-2 startStep=24 endStep=26
2025-11-16,0,26,dswrf_to_lead,YSDU,OK,short_name=sdswrf units=W m**-2 startStep=24 endStep=26
2025-11-05,0,26,dswrf_to_lead,YSDU,OK,short_name=sdswrf units=W m**-2 startStep=24 endStep=26
2025-10-23,0,26,dswrf_to_lead,YSDU,OK,short_name=sdswrf units=W m**-2 startStep=24 endStep=26
2025-10-17,0,26,dswrf_to_lead,YSDU,OK,short_name=sdswrf units=W m**-2 startStep=24 endStep=26
2025-11-02,0,26,dswrf_to_lead,YSDU,OK,short_name=sdswrf units=W m**-2 startStep=24 endStep=26
2025-11-15,0,26,dswrf_to_lead,YSDU,OK,short_name=sdswrf units=W m**-2 startStep=24 endStep=26
2025-11-11,0,26,dswrf_to_lead,YSDU,OK,short_name=sdswrf units=W m**-2 startStep=24 endStep=26
2025-11-06,0,26,dswrf_to_lead,YSDU,OK,short_name=sdswrf units=W m**-2 startStep=24 endStep=26
2025-10-18,0,26,dswrf_to_lead,YSDU,OK,short_name=sdswrf units=W m**-2 startStep=24 endStep=26
2025-10-14,0,26,dswrf_to_lead,YSDU,OK,short_name=sdswrf units=W m**-2 startStep=24 endStep=26
2025-11-13,0,26,dswrf_to_lead,YSDU,OK,short_name=sdswrf units=W m**-2 startStep=24 endStep=26
2025-11-23,0,26,dswrf_to_lead,YSDU,OK,short_name=sdswrf units=W m**-2 startStep=24 endStep=26
2025-11-21,0,26,dswrf_to_lead,YSDU,OK,short_name=sdswrf units=W m**-2 startStep=24 endStep=26
2025-10-22,0,26,dswrf_to_lead,YSDU,OK,short_name=sdswrf units=W m**-2 startStep=24 endStep=26
2025-11-12,0,26,dswrf_to_lead,YSDU,OK,short_name=sdswrf units=W m**-2 startStep=24 endStep=26
2025-08-10,0,26,dswrf_to_lead,YSDU,OK,short_name=sdswrf units=W m**-2 startStep=24 endStep=26
2025-11-30,0,26,dswrf_to_lead,YSDU,OK,short_name=sdswrf units=W m**-2 startStep=24 endStep=26
2025-09-14,0,26,dswrf_to_lead,YSDU,OK,short_name=sdswrf units=W m**-2 startStep=24 endStep=26
2025-10-09,0,26,dswrf_to_lead,YSDU,OK,short_name=sdswrf units=W m**-2 startStep=24 endStep=26
2025-08-27,0,26,dswrf_to_lead,YSDU,OK,short_name=sdswrf units=W m**-2 startStep=24 endStep=26
2025-11-26,0,26,dswrf_to_lead,YSDU,OK,short_name=sdswrf units=W m**-2 startStep=24 endStep=26
2025-10-25,0,26,dswrf_to_lead,YSDU,OK,short_name=sdswrf units=W m**-2 startStep=24 endStep=26
2025-09-06,0,26,dswrf_to_lead,YSDU,OK,short_name=sdswrf units=W m**-2 startStep=24 endStep=26
2025-11-28,0,26,dswrf_to_lead,YSDU,OK,short_name=sdswrf units=W m**-2 startStep=24 endStep=26
2025-11-04,0,26,dswrf_to_lead,YSDU,OK,short_name=sdswrf units=W m**-2 startStep=24 endStep=26
2025-11-17,0,26,dswrf_to_lead,YSDU,OK,short_name=sdswrf units=W m**-2 startStep=24 endStep=26
2025-10-13,0,26,dswrf_to_lead,YSDU,OK,short_name=sdswrf units=W m**-2 startStep=24 endStep=26
2025-09-23,0,26,dswrf_to_lead,YSDU,OK,short_name=sdswrf units=W m**-2 startStep=24 endStep=26
2025-12-01,0,26,dswrf_to_lead,YSDU,OK,short_name=sdswrf units=W m**-2 startStep=24 endStep=26
2025-12-17,0,26,dswrf_to_lead,YSDU,OK,short_name=sdswrf units=W m**-2 startStep=24 endStep=26
2025-12-04,0,26,dswrf_to_lead,YSDU,OK,short_name=sdswrf units=W m**-2 startStep=24 endStep=26
2025-12-15,0,26,dswrf_to_lead,YSDU,OK,short_name=sdswrf units=W m**-2 startStep=24 endStep=26
2025-12-05,0,26,dswrf_to_lead,YSDU,OK,short_name=sdswrf units=W m**-2 startStep=24 endStep=26
2025-09-17,0,26,dswrf_to_lead,YSDU,OK,short_name=sdswrf units=W m**-2 startStep=24 endStep=26
2025-11-18,0,26,dswrf_to_lead,YSDU,OK,short_name=sdswrf units=W m**-2 startStep=24 endStep=26
2025-12-18,0,26,dswrf_to_lead,YSDU,OK,short_name=sdswrf units=W m**-2 startStep=24 endStep=26
2025-12-19,0,26,dswrf_to_lead,YSDU,OK,short_name=sdswrf units=W m**-2 startStep=24 endStep=26
2025-08-05,0,26,dswrf_to_lead,YSDU,OK,short_name=sdswrf units=W m**-2 startStep=24 endStep=26
2025-11-14,0,26,dswrf_to_lead,YSDU,OK,short_name=sdswrf units=W m**-2 startStep=24 endStep=26
2025-12-10,0,26,dswrf_to_lead,YSDU,OK,short_name=sdswrf units=W m**-2 startStep=24 endStep=26
2025-12-27,0,26,dswrf_to_lead,YSDU,OK,short_name=sdswrf units=W m**-2 startStep=24 endStep=26
2025-12-13,0,26,dswrf_to_lead,YSDU,OK,short_name=sdswrf units=W m**-2 startStep=24 endStep=26
2025-11-19,0,26,dswrf_to_lead,YSDU,OK,short_name=sdswrf units=W m**-2 startStep=24 endStep=26
2025-12-12,0,26,dswrf_to_lead,YSDU,OK,short_name=sdswrf units=W m**-2 startStep=24 endStep=26
2025-12-14,0,26,dswrf_to_lead,YSDU,OK,short_name=sdswrf units=W m**-2 startStep=24 endStep=26
2025-12-21,0,26,dswrf_to_lead,YSDU,OK,short_name=sdswrf units=W m**-2 startStep=24 endStep=26
2025-12-22,0,26,dswrf_to_lead,YSDU,OK,short_name=sdswrf units=W m**-2 startStep=24 endStep=26
2026-01-03,0,26,dswrf_to_lead,YSDU,OK,short_name=sdswrf units=W m**-2 startStep=24 endStep=26
2025-12-09,0,26,dswrf_to_lead,YSDU,OK,short_name=sdswrf units=W m**-2 startStep=24 endStep=26
2025-12-11,0,26,dswrf_to_lead,YSDU,OK,short_name=sdswrf units=W m**-2 startStep=24 endStep=26
2025-10-29,0,26,dswrf_to_lead,YSDU,OK,short_name=sdswrf units=W m**-2 startStep=24 endStep=26
2025-12-16,0,26,dswrf_to_lead,YSDU,OK,short_name=sdswrf units=W m**-2 startStep=24 endStep=26
2025-11-03,0,26,dswrf_to_lead,YSDU,OK,short_name=sdswrf units=W m**-2 startStep=24 endStep=26
2025-12-03,0,26,dswrf_to_lead,YSDU,OK,short_name=sdswrf units=W m**-2 startStep=24 endStep=26
2025-12-29,0,26,dswrf_to_lead,YSDU,OK,short_name=sdswrf units=W m**-2 startStep=24 endStep=26
2026-01-08,0,26,dswrf_to_lead,YSDU,OK,short_name=sdswrf units=W m**-2 startStep=24 endStep=26
2025-12-24,0,26,dswrf_to_lead,YSDU,OK,short_name=sdswrf units=W m**-2 startStep=24 endStep=26
2026-01-01,0,26,dswrf_to_lead,YSDU,OK,short_name=sdswrf units=W m**-2 startStep=24 endStep=26
2025-11-24,0,26,dswrf_to_lead,YSDU,OK,short_name=sdswrf units=W m**-2 startStep=24 endStep=26
2026-01-04,0,26,dswrf_to_lead,YSDU,OK,short_name=sdswrf units=W m**-2 startStep=24 endStep=26
2025-12-07,0,26,dswrf_to_lead,YSDU,OK,short_name=sdswrf units=W m**-2 startStep=24 endStep=26
2026-01-02,0,26,dswrf_to_lead,YSDU,OK,short_name=sdswrf units=W m**-2 startStep=24 endStep=26
2025-12-23,0,26,dswrf_to_lead,YSDU,OK,short_name=sdswrf units=W m**-2 startStep=24 endStep=26
2025-12-31,0,26,dswrf_to_lead,YSDU,OK,short_name=sdswrf units=W m**-2 startStep=24 endStep=26
2025-11-27,0,26,dswrf_to_lead,YSDU,OK,short_name=sdswrf units=W m**-2 startStep=24 endStep=26
2025-12-20,0,26,dswrf_to_lead,YSDU,OK,short_name=sdswrf units=W m**-2 startStep=24 endStep=26
2026-01-16,0,26,dswrf_to_lead,YSDU,OK,short_name=sdswrf units=W m**-2 startStep=24 endStep=26
2026-01-17,0,26,dswrf_to_lead,YSDU,OK,short_name=sdswrf units=W m**-2 startStep=24 endStep=26
2026-01-07,0,26,dswrf_to_lead,YSDU,OK,short_name=sdswrf units=W m**-2 startStep=24 endStep=26
2026-01-11,0,26,dswrf_to_lead,YSDU,OK,short_name=sdswrf units=W m**-2 startStep=24 endStep=26
2025-11-07,0,26,dswrf_to_lead,YSDU,OK,short_name=sdswrf units=W m**-2 startStep=24 endStep=26
2025-11-08,0,26,dswrf_to_lead,YSDU,OK,short_name=sdswrf units=W m**-2 startStep=24 endStep=26
2026-01-09,0,26,dswrf_to_lead,YSDU,OK,short_name=sdswrf units=W m**-2 startStep=24 endStep=26
2026-01-05,0,26,dswrf_to_lead,YSDU,OK,short_name=sdswrf units=W m**-2 startStep=24 endStep=26
2026-01-13,0,26,dswrf_to_lead,YSDU,OK,short_name=sdswrf units=W m**-2 startStep=24 endStep=26
2026-01-27,0,26,dswrf_to_lead,YSDU,OK,short_name=sdswrf units=W m**-2 startStep=24 endStep=26
2026-01-21,0,26,dswrf_to_lead,YSDU,OK,short_name=sdswrf units=W m**-2 startStep=24 endStep=26
2026-02-03,0,26,dswrf_to_lead,YSDU,OK,short_name=sdswrf units=W m**-2 startStep=24 endStep=26
2026-01-15,0,26,dswrf_to_lead,YSDU,OK,short_name=sdswrf units=W m**-2 startStep=24 endStep=26
2026-01-10,0,26,dswrf_to_lead,YSDU,OK,short_name=sdswrf units=W m**-2 startStep=24 endStep=26
2026-01-26,0,26,dswrf_to_lead,YSDU,OK,short_name=sdswrf units=W m**-2 startStep=24 endStep=26
2026-01-25,0,26,dswrf_to_lead,YSDU,OK,short_name=sdswrf units=W m**-2 startStep=24 endStep=26
2025-11-25,0,26,dswrf_to_lead,YSDU,OK,short_name=sdswrf units=W m**-2 startStep=24 endStep=26
2025-11-29,0,26,dswrf_to_lead,YSDU,OK,short_name=sdswrf units=W m**-2 startStep=24 endStep=26
2026-02-08,0,26,dswrf_to_lead,YSDU,OK,short_name=sdswrf units=W m**-2 startStep=24 endStep=26
2025-12-08,0,26,dswrf_to_lead,YSDU,OK,short_name=sdswrf units=W m**-2 startStep=24 endStep=26
2025-09-18,0,26,dswrf_to_lead,YSDU,OK,short_name=sdswrf units=W m**-2 startStep=24 endStep=26
2025-12-06,0,26,dswrf_to_lead,YSDU,OK,short_name=sdswrf units=W m**-2 startStep=24 endStep=26
2026-02-01,0,26,dswrf_to_lead,YSDU,OK,short_name=sdswrf units=W m**-2 startStep=24 endStep=26
2025-12-25,0,26,dswrf_to_lead,YSDU,OK,short_name=sdswrf units=W m**-2 startStep=24 endStep=26
2026-01-12,0,26,dswrf_to_lead,YSDU,OK,short_name=sdswrf units=W m**-2 startStep=24 endStep=26
2026-02-02,0,26,dswrf_to_lead,YSDU,OK,short_name=sdswrf units=W m**-2 startStep=24 endStep=26
2026-01-18,0,26,dswrf_to_lead,YSDU,OK,short_name=sdswrf units=W m**-2 startStep=24 endStep=26
2026-01-24,0,26,dswrf_to_lead,YSDU,OK,short_name=sdswrf units=W m**-2 startStep=24 endStep=26
2025-12-02,0,26,dswrf_to_lead,YSDU,OK,short_name=sdswrf units=W m**-2 startStep=24 endStep=26
2026-02-09,0,26,dswrf_to_lead,YSDU,OK,short_name=sdswrf units=W m**-2 startStep=24 endStep=26
2026-02-10,0,26,dswrf_to_lead,YSDU,OK,short_name=sdswrf units=W m**-2 startStep=24 endStep=26
2026-02-07,0,26,dswrf_to_lead,YSDU,OK,short_name=sdswrf units=W m**-2 startStep=24 endStep=26
2026-01-23,0,26,dswrf_to_lead,YSDU,OK,short_name=sdswrf units=W m**-2 startStep=24 endStep=26
2026-02-16,0,26,dswrf_to_lead,YSDU,OK,short_name=sdswrf units=W m**-2 startStep=24 endStep=26
2026-01-31,0,26,dswrf_to_lead,YSDU,OK,short_name=sdswrf units=W m**-2 startStep=24 endStep=26
2026-02-05,0,26,dswrf_to_lead,YSDU,OK,short_name=sdswrf units=W m**-2 startStep=24 endStep=26
2026-02-26,0,26,dswrf_to_lead,YSDU,OK,short_name=sdswrf units=W m**-2 startStep=24 endStep=26
2026-02-28,0,26,dswrf_to_lead,YSDU,OK,short_name=sdswrf units=W m**-2 startStep=24 endStep=26
2026-01-14,0,26,dswrf_to_lead,YSDU,OK,short_name=sdswrf units=W m**-2 startStep=24 endStep=26
2025-11-20,0,26,dswrf_to_lead,YSDU,OK,short_name=sdswrf units=W m**-2 startStep=24 endStep=26
2026-02-11,0,26,dswrf_to_lead,YSDU,OK,short_name=sdswrf units=W m**-2 startStep=24 endStep=26
2026-02-15,0,26,dswrf_to_lead,YSDU,OK,short_name=sdswrf units=W m**-2 startStep=24 endStep=26
2026-02-25,0,26,dswrf_to_lead,YSDU,OK,short_name=sdswrf units=W m**-2 startStep=24 endStep=26
2026-03-07,0,26,dswrf_to_lead,YSDU,OK,short_name=sdswrf units=W m**-2 startStep=24 endStep=26
2026-02-20,0,26,dswrf_to_lead,YSDU,OK,short_name=sdswrf units=W m**-2 startStep=24 endStep=26
2026-01-28,0,26,dswrf_to_lead,YSDU,OK,short_name=sdswrf units=W m**-2 startStep=24 endStep=26
2026-02-27,0,26,dswrf_to_lead,YSDU,OK,short_name=sdswrf units=W m**-2 startStep=24 endStep=26
2026-02-23,0,26,dswrf_to_lead,YSDU,OK,short_name=sdswrf units=W m**-2 startStep=24 endStep=26
2026-02-14,0,26,dswrf_to_lead,YSDU,OK,short_name=sdswrf units=W m**-2 startStep=24 endStep=26
2026-02-19,0,26,dswrf_to_lead,YSDU,OK,short_name=sdswrf units=W m**-2 startStep=24 endStep=26
2026-02-06,0,26,dswrf_to_lead,YSDU,OK,short_name=sdswrf units=W m**-2 startStep=24 endStep=26
2026-03-09,0,26,dswrf_to_lead,YSDU,OK,short_name=sdswrf units=W m**-2 startStep=24 endStep=26
2026-03-14,0,26,dswrf_to_lead,YSDU,OK,short_name=sdswrf units=W m**-2 startStep=24 endStep=26
2025-11-22,0,26,dswrf_to_lead,YSDU,OK,short_name=sdswrf units=W m**-2 startStep=24 endStep=26
2026-03-04,0,26,dswrf_to_lead,YSDU,OK,short_name=sdswrf units=W m**-2 startStep=24 endStep=26
2026-03-03,0,26,dswrf_to_lead,YSDU,OK,short_name=sdswrf units=W m**-2 startStep=24 endStep=26
2026-03-02,0,26,dswrf_to_lead,YSDU,OK,short_name=sdswrf units=W m**-2 startStep=24 endStep=26
2026-03-16,0,26,dswrf_to_lead,YSDU,OK,short_name=sdswrf units=W m**-2 startStep=24 endStep=26
2025-12-30,0,26,dswrf_to_lead,YSDU,OK,short_name=sdswrf units=W m**-2 startStep=24 endStep=26
2026-03-01,0,26,dswrf_to_lead,YSDU,OK,short_name=sdswrf units=W m**-2 startStep=24 endStep=26
2025-12-28,0,26,dswrf_to_lead,YSDU,OK,short_name=sdswrf units=W m**-2 startStep=24 endStep=26
2026-03-13,0,26,dswrf_to_lead,YSDU,OK,short_name=sdswrf units=W m**-2 startStep=24 endStep=26
2026-03-20,0,26,dswrf_to_lead,YSDU,OK,short_name=sdswrf units=W m**-2 startStep=24 endStep=26
2026-02-21,0,26,dswrf_to_lead,YSDU,OK,short_name=sdswrf units=W m**-2 startStep=24 endStep=26
2026-01-06,0,26,dswrf_to_lead,YSDU,OK,short_name=sdswrf units=W m**-2 startStep=24 endStep=26
2026-03-15,0,26,dswrf_to_lead,YSDU,OK,short_name=sdswrf units=W m**-2 startStep=24 endStep=26
2026-03-28,0,26,dswrf_to_lead,YSDU,OK,short_name=sdswrf units=W m**-2 startStep=24 endStep=26
2026-03-19,0,26,dswrf_to_lead,YSDU,OK,short_name=sdswrf units=W m**-2 startStep=24 endStep=26
2026-03-10,0,26,dswrf_to_lead,YSDU,OK,short_name=sdswrf units=W m**-2 startStep=24 endStep=26
2026-03-11,0,26,dswrf_to_lead,YSDU,OK,short_name=sdswrf units=W m**-2 startStep=24 endStep=26
2025-12-26,0,26,dswrf_to_lead,YSDU,OK,short_name=sdswrf units=W m**-2 startStep=24 endStep=26
2026-01-22,0,26,dswrf_to_lead,YSDU,OK,short_name=sdswrf units=W m**-2 startStep=24 endStep=26
2026-03-26,0,26,dswrf_to_lead,YSDU,OK,short_name=sdswrf units=W m**-2 startStep=24 endStep=26
2026-03-17,0,26,dswrf_to_lead,YSDU,OK,short_name=sdswrf units=W m**-2 startStep=24 endStep=26
2026-01-20,0,26,dswrf_to_lead,YSDU,OK,short_name=sdswrf units=W m**-2 startStep=24 endStep=26
2026-03-18,0,26,dswrf_to_lead,YSDU,OK,short_name=sdswrf units=W m**-2 startStep=24 endStep=26
2026-02-12,0,26,dswrf_to_lead,YSDU,OK,short_name=sdswrf units=W m**-2 startStep=24 endStep=26
2026-04-04,0,26,dswrf_to_lead,YSDU,OK,short_name=sdswrf units=W m**-2 startStep=24 endStep=26
2026-03-31,0,26,dswrf_to_lead,YSDU,OK,short_name=sdswrf units=W m**-2 startStep=24 endStep=26
2026-03-24,0,26,dswrf_to_lead,YSDU,OK,short_name=sdswrf units=W m**-2 startStep=24 endStep=26
2026-04-05,0,26,dswrf_to_lead,YSDU,OK,short_name=sdswrf units=W m**-2 startStep=24 endStep=26
2026-04-09,0,26,dswrf_to_lead,YSDU,OK,short_name=sdswrf units=W m**-2 startStep=24 endStep=26
2026-03-21,0,26,dswrf_to_lead,YSDU,OK,short_name=sdswrf units=W m**-2 startStep=24 endStep=26
2026-03-30,0,26,dswrf_to_lead,YSDU,OK,short_name=sdswrf units=W m**-2 startStep=24 endStep=26
2026-04-07,0,26,dswrf_to_lead,YSDU,OK,short_name=sdswrf units=W m**-2 startStep=24 endStep=26
2026-04-02,0,26,dswrf_to_lead,YSDU,OK,short_name=sdswrf units=W m**-2 startStep=24 endStep=26
2026-01-19,0,26,dswrf_to_lead,YSDU,OK,short_name=sdswrf units=W m**-2 startStep=24 endStep=26
2026-04-13,0,26,dswrf_to_lead,YSDU,OK,short_name=sdswrf units=W m**-2 startStep=24 endStep=26
2026-01-29,0,26,dswrf_to_lead,YSDU,OK,short_name=sdswrf units=W m**-2 startStep=24 endStep=26
2026-03-12,0,26,dswrf_to_lead,YSDU,OK,short_name=sdswrf units=W m**-2 startStep=24 endStep=26
2026-03-23,0,26,dswrf_to_lead,YSDU,OK,short_name=sdswrf units=W m**-2 startStep=24 endStep=26
2026-04-20,0,26,dswrf_to_lead,YSDU,OK,short_name=sdswrf units=W m**-2 startStep=24 endStep=26
2026-02-13,0,26,dswrf_to_lead,YSDU,OK,short_name=sdswrf units=W m**-2 startStep=24 endStep=26
2026-02-04,0,26,dswrf_to_lead,YSDU,OK,short_name=sdswrf units=W m**-2 startStep=24 endStep=26
2026-04-26,0,26,dswrf_to_lead,YSDU,OK,short_name=sdswrf units=W m**-2 startStep=24 endStep=26
2026-03-27,0,26,dswrf_to_lead,YSDU,OK,short_name=sdswrf units=W m**-2 startStep=24 endStep=26
2026-03-06,0,26,dswrf_to_lead,YSDU,OK,short_name=sdswrf units=W m**-2 startStep=24 endStep=26
2026-04-14,0,26,dswrf_to_lead,YSDU,OK,short_name=sdswrf units=W m**-2 startStep=24 endStep=26
2026-02-24,0,26,dswrf_to_lead,YSDU,OK,short_name=sdswrf units=W m**-2 startStep=24 endStep=26
2026-05-07,0,26,dswrf_to_lead,YSDU,OK,short_name=sdswrf units=W m**-2 startStep=24 endStep=26
2026-03-05,0,26,dswrf_to_lead,YSDU,OK,short_name=sdswrf units=W m**-2 startStep=24 endStep=26
2026-02-22,0,26,dswrf_to_lead,YSDU,OK,short_name=sdswrf units=W m**-2 startStep=24 endStep=26
2026-04-19,0,26,dswrf_to_lead,YSDU,OK,short_name=sdswrf units=W m**-2 startStep=24 endStep=26
2026-04-24,0,26,dswrf_to_lead,YSDU,OK,short_name=sdswrf units=W m**-2 startStep=24 endStep=26
2026-05-01,0,26,dswrf_to_lead,YSDU,OK,short_name=sdswrf units=W m**-2 startStep=24 endStep=26
2026-02-18,0,26,dswrf_to_lead,YSDU,OK,short_name=sdswrf units=W m**-2 startStep=24 endStep=26
2026-01-30,0,26,dswrf_to_lead,YSDU,OK,short_name=sdswrf units=W m**-2 startStep=24 endStep=26
2026-05-05,0,26,dswrf_to_lead,YSDU,OK,short_name=sdswrf units=W m**-2 startStep=24 endStep=26
2026-05-06,0,26,dswrf_to_lead,YSDU,OK,short_name=sdswrf units=W m**-2 startStep=24 endStep=26
2026-05-09,0,26,dswrf_to_lead,YSDU,OK,short_name=sdswrf units=W m**-2 startStep=24 endStep=26
2026-05-13,0,26,dswrf_to_lead,YSDU,OK,short_name=sdswrf units=W m**-2 startStep=24 endStep=26
2026-04-30,0,26,dswrf_to_lead,YSDU,OK,short_name=sdswrf units=W m**-2 startStep=24 endStep=26
2026-04-11,0,26,dswrf_to_lead,YSDU,OK,short_name=sdswrf units=W m**-2 startStep=24 endStep=26
2026-05-16,0,26,dswrf_to_lead,YSDU,OK,short_name=sdswrf units=W m**-2 startStep=24 endStep=26
2026-05-20,0,26,dswrf_to_lead,YSDU,OK,short_name=sdswrf units=W m**-2 startStep=24 endStep=26
2026-05-15,0,26,dswrf_to_lead,YSDU,OK,short_name=sdswrf units=W m**-2 startStep=24 endStep=26
2026-05-14,0,26,dswrf_to_lead,YSDU,OK,short_name=sdswrf units=W m**-2 startStep=24 endStep=26
2026-05-10,0,26,dswrf_to_lead,YSDU,OK,short_name=sdswrf units=W m**-2 startStep=24 endStep=26
2026-04-28,0,26,dswrf_to_lead,YSDU,OK,short_name=sdswrf units=W m**-2 startStep=24 endStep=26
2026-04-18,0,26,dswrf_to_lead,YSDU,OK,short_name=sdswrf units=W m**-2 startStep=24 endStep=26
2026-05-24,0,26,dswrf_to_lead,YSDU,OK,short_name=sdswrf units=W m**-2 startStep=24 endStep=26
2026-02-17,0,26,dswrf_to_lead,YSDU,OK,short_name=sdswrf units=W m**-2 startStep=24 endStep=26
2026-05-08,0,26,dswrf_to_lead,YSDU,OK,short_name=sdswrf units=W m**-2 startStep=24 endStep=26
2026-05-19,0,26,dswrf_to_lead,YSDU,OK,short_name=sdswrf units=W m**-2 startStep=24 endStep=26
2026-04-03,0,26,dswrf_to_lead,YSDU,OK,short_name=sdswrf units=W m**-2 startStep=24 endStep=26
2026-05-12,0,26,dswrf_to_lead,YSDU,OK,short_name=sdswrf units=W m**-2 startStep=24 endStep=26
2026-04-27,0,26,dswrf_to_lead,YSDU,OK,short_name=sdswrf units=W m**-2 startStep=24 endStep=26
2026-05-18,0,26,dswrf_to_lead,YSDU,OK,short_name=sdswrf units=W m**-2 startStep=24 endStep=26
2026-05-11,0,26,dswrf_to_lead,YSDU,OK,short_name=sdswrf units=W m**-2 startStep=24 endStep=26
2026-04-06,0,26,dswrf_to_lead,YSDU,OK,short_name=sdswrf units=W m**-2 startStep=24 endStep=26
2026-04-12,0,26,dswrf_to_lead,YSDU,OK,short_name=sdswrf units=W m**-2 startStep=24 endStep=26
2026-04-22,0,26,dswrf_to_lead,YSDU,OK,short_name=sdswrf units=W m**-2 startStep=24 endStep=26
2026-04-10,0,26,dswrf_to_lead,YSDU,OK,short_name=sdswrf units=W m**-2 startStep=24 endStep=26
2026-06-10,0,26,dswrf_to_lead,YSDU,OK,short_name=sdswrf units=W m**-2 startStep=24 endStep=26
2026-04-17,0,26,dswrf_to_lead,YSDU,OK,short_name=sdswrf units=W m**-2 startStep=24 endStep=26
2026-04-21,0,26,dswrf_to_lead,YSDU,OK,short_name=sdswrf units=W m**-2 startStep=24 endStep=26
2026-05-25,0,26,dswrf_to_lead,YSDU,OK,short_name=sdswrf units=W m**-2 startStep=24 endStep=26
2026-04-16,0,26,dswrf_to_lead,YSDU,OK,short_name=sdswrf units=W m**-2 startStep=24 endStep=26
2026-04-01,0,26,dswrf_to_lead,YSDU,OK,short_name=sdswrf units=W m**-2 startStep=24 endStep=26
2026-05-21,0,26,dswrf_to_lead,YSDU,OK,short_name=sdswrf units=W m**-2 startStep=24 endStep=26
2026-04-15,0,26,dswrf_to_lead,YSDU,OK,short_name=sdswrf units=W m**-2 startStep=24 endStep=26
2026-06-09,0,26,dswrf_to_lead,YSDU,OK,short_name=sdswrf units=W m**-2 startStep=24 endStep=26
2026-03-25,0,26,dswrf_to_lead,YSDU,OK,short_name=sdswrf units=W m**-2 startStep=24 endStep=26
2026-06-15,0,26,dswrf_to_lead,YSDU,OK,short_name=sdswrf units=W m**-2 startStep=24 endStep=26
2026-06-02,0,26,dswrf_to_lead,YSDU,OK,short_name=sdswrf units=W m**-2 startStep=24 endStep=26
2026-06-07,0,26,dswrf_to_lead,YSDU,OK,short_name=sdswrf units=W m**-2 startStep=24 endStep=26
2026-06-08,0,26,dswrf_to_lead,YSDU,OK,short_name=sdswrf units=W m**-2 startStep=24 endStep=26
2026-04-23,0,26,dswrf_to_lead,YSDU,OK,short_name=sdswrf units=W m**-2 startStep=24 endStep=26
2026-06-18,0,26,dswrf_to_lead,YSDU,OK,short_name=sdswrf units=W m**-2 startStep=24 endStep=26
2026-06-16,0,26,dswrf_to_lead,YSDU,OK,short_name=sdswrf units=W m**-2 startStep=24 endStep=26
2026-03-08,0,26,dswrf_to_lead,YSDU,OK,short_name=sdswrf units=W m**-2 startStep=24 endStep=26
2026-06-03,0,26,dswrf_to_lead,YSDU,OK,short_name=sdswrf units=W m**-2 startStep=24 endStep=26
2026-06-04,0,26,dswrf_to_lead,YSDU,OK,short_name=sdswrf units=W m**-2 startStep=24 endStep=26
2026-06-21,0,26,dswrf_to_lead,YSDU,OK,short_name=sdswrf units=W m**-2 startStep=24 endStep=26
2026-06-25,0,26,dswrf_to_lead,YSDU,OK,short_name=sdswrf units=W m**-2 startStep=24 endStep=26
2026-06-22,0,26,dswrf_to_lead,YSDU,OK,short_name=sdswrf units=W m**-2 startStep=24 endStep=26
2026-06-19,0,26,dswrf_to_lead,YSDU,OK,short_name=sdswrf units=W m**-2 startStep=24 endStep=26
2026-06-11,0,26,dswrf_to_lead,YSDU,OK,short_name=sdswrf units=W m**-2 startStep=24 endStep=26
2026-03-29,0,26,dswrf_to_lead,YSDU,OK,short_name=sdswrf units=W m**-2 startStep=24 endStep=26
2026-06-26,0,26,dswrf_to_lead,YSDU,OK,short_name=sdswrf units=W m**-2 startStep=24 endStep=26
2026-06-13,0,26,dswrf_to_lead,YSDU,OK,short_name=sdswrf units=W m**-2 startStep=24 endStep=26
2026-03-22,0,26,dswrf_to_lead,YSDU,OK,short_name=sdswrf units=W m**-2 startStep=24 endStep=26
2026-05-28,0,26,dswrf_to_lead,YSDU,OK,short_name=sdswrf units=W m**-2 startStep=24 endStep=26
2026-05-22,0,26,dswrf_to_lead,YSDU,OK,short_name=sdswrf units=W m**-2 startStep=24 endStep=26
2026-05-29,0,26,dswrf_to_lead,YSDU,OK,short_name=sdswrf units=W m**-2 startStep=24 endStep=26
2026-05-31,0,26,dswrf_to_lead,YSDU,OK,short_name=sdswrf units=W m**-2 startStep=24 endStep=26
2026-06-30,0,26,dswrf_to_lead,YSDU,OK,short_name=sdswrf units=W m**-2 startStep=24 endStep=26
2026-07-02,0,26,dswrf_to_lead,YSDU,OK,short_name=sdswrf units=W m**-2 startStep=24 endStep=26
2026-07-06,0,26,dswrf_to_lead,YSDU,OK,short_name=sdswrf units=W m**-2 startStep=24 endStep=26
2026-06-17,0,26,dswrf_to_lead,YSDU,OK,short_name=sdswrf units=W m**-2 startStep=24 endStep=26
2026-05-30,0,26,dswrf_to_lead,YSDU,OK,short_name=sdswrf units=W m**-2 startStep=24 endStep=26
2026-07-14,0,26,dswrf_to_lead,YSDU,OK,short_name=sdswrf units=W m**-2 startStep=24 endStep=26
2026-07-01,0,26,dswrf_to_lead,YSDU,OK,short_name=sdswrf units=W m**-2 startStep=24 endStep=26
2026-06-29,0,26,dswrf_to_lead,YSDU,OK,short_name=sdswrf units=W m**-2 startStep=24 endStep=26
2026-05-23,0,26,dswrf_to_lead,YSDU,OK,short_name=sdswrf units=W m**-2 startStep=24 endStep=26
2026-06-27,0,26,dswrf_to_lead,YSDU,OK,short_name=sdswrf units=W m**-2 startStep=24 endStep=26
2026-07-09,0,26,dswrf_to_lead,YSDU,OK,short_name=sdswrf units=W m**-2 startStep=24 endStep=26
2026-07-13,0,26,dswrf_to_lead,YSDU,OK,short_name=sdswrf units=W m**-2 startStep=24 endStep=26
2026-07-12,0,26,dswrf_to_lead,YSDU,OK,short_name=sdswrf units=W m**-2 startStep=24 endStep=26
2026-06-23,0,26,dswrf_to_lead,YSDU,OK,short_name=sdswrf units=W m**-2 startStep=24 endStep=26
2026-06-06,0,26,dswrf_to_lead,YSDU,OK,short_name=sdswrf units=W m**-2 startStep=24 endStep=26
2026-05-04,0,26,dswrf_to_lead,YSDU,OK,short_name=sdswrf units=W m**-2 startStep=24 endStep=26
2026-07-19,0,26,dswrf_to_lead,YSDU,OK,short_name=sdswrf units=W m**-2 startStep=24 endStep=26
2026-05-03,0,26,dswrf_to_lead,YSDU,OK,short_name=sdswrf units=W m**-2 startStep=24 endStep=26
2026-07-23,0,26,dswrf_to_lead,YSDU,OK,short_name=sdswrf units=W m**-2 startStep=24 endStep=26
2026-07-07,0,26,dswrf_to_lead,YSDU,OK,short_name=sdswrf units=W m**-2 startStep=24 endStep=26
2026-06-20,0,26,dswrf_to_lead,YSDU,OK,short_name=sdswrf units=W m**-2 startStep=24 endStep=26
2026-07-24,0,26,dswrf_to_lead,YSDU,OK,short_name=sdswrf units=W m**-2 startStep=24 endStep=26
2026-06-14,0,26,dswrf_to_lead,YSDU,OK,short_name=sdswrf units=W m**-2 startStep=24 endStep=26
2026-07-18,0,26,dswrf_to_lead,YSDU,OK,short_name=sdswrf units=W m**-2 startStep=24 endStep=26
2026-07-21,0,26,dswrf_to_lead,YSDU,OK,short_name=sdswrf units=W m**-2 startStep=24 endStep=26
2026-04-08,0,26,dswrf_to_lead,YSDU,OK,short_name=sdswrf units=W m**-2 startStep=24 endStep=26
2026-05-17,0,26,dswrf_to_lead,YSDU,OK,short_name=sdswrf units=W m**-2 startStep=24 endStep=26
2026-06-05,0,26,dswrf_to_lead,YSDU,OK,short_name=sdswrf units=W m**-2 startStep=24 endStep=26
2021-03-25,18,26,dswrf_to_lead,RNO,OK,short_name=sdswrf units=W m**-2 startStep=24 endStep=26
2021-04-01,18,26,dswrf_to_lead,RNO,OK,short_name=sdswrf units=W m**-2 startStep=24 endStep=26
2026-07-22,0,26,dswrf_to_lead,YSDU,OK,short_name=sdswrf units=W m**-2 startStep=24 endStep=26
2026-07-27,0,26,dswrf_to_lead,YSDU,OK,short_name=sdswrf units=W m**-2 startStep=24 endStep=26
2026-04-25,0,26,dswrf_to_lead,YSDU,OK,short_name=sdswrf units=W m**-2 startStep=24 endStep=26
2026-05-27,0,26,dswrf_to_lead,YSDU,OK,short_name=sdswrf units=W m**-2 startStep=24 endStep=26
2026-04-29,0,26,dswrf_to_lead,YSDU,OK,short_name=sdswrf units=W m**-2 startStep=24 endStep=26
2026-07-17,0,26,dswrf_to_lead,YSDU,OK,short_name=sdswrf units=W m**-2 startStep=24 endStep=26
2026-07-29,0,26,dswrf_to_lead,YSDU,OK,short_name=sdswrf units=W m**-2 startStep=24 endStep=26
2026-05-02,0,26,dswrf_to_lead,YSDU,OK,short_name=sdswrf units=W m**-2 startStep=24 endStep=26
2026-07-15,0,26,dswrf_to_lead,YSDU,OK,short_name=sdswrf units=W m**-2 startStep=24 endStep=26
2021-03-26,18,26,dswrf_to_lead,RNO,OK,short_name=sdswrf units=W m**-2 startStep=24 endStep=26
2021-04-03,18,26,dswrf_to_lead,RNO,OK,short_name=sdswrf units=W m**-2 startStep=24 endStep=26
2021-04-06,18,26,dswrf_to_lead,RNO,OK,short_name=sdswrf units=W m**-2 startStep=24 endStep=26
2021-03-24,18,26,dswrf_to_lead,RNO,OK,short_name=sdswrf units=W m**-2 startStep=24 endStep=26
2021-03-28,18,26,dswrf_to_lead,RNO,OK,short_name=sdswrf units=W m**-2 startStep=24 endStep=26
2021-03-31,18,26,dswrf_to_lead,RNO,OK,short_name=sdswrf units=W m**-2 startStep=24 endStep=26
2026-07-26,0,26,dswrf_to_lead,YSDU,OK,short_name=sdswrf units=W m**-2 startStep=24 endStep=26
2026-07-30,0,26,dswrf_to_lead,YSDU,OK,short_name=sdswrf units=W m**-2 startStep=24 endStep=26
2026-07-05,0,26,dswrf_to_lead,YSDU,OK,short_name=sdswrf units=W m**-2 startStep=24 endStep=26
2021-03-29,18,26,dswrf_to_lead,RNO,OK,short_name=sdswrf units=W m**-2 startStep=24 endStep=26
2021-04-08,18,26,dswrf_to_lead,RNO,OK,short_name=sdswrf units=W m**-2 startStep=24 endStep=26
2021-04-04,18,26,dswrf_to_lead,RNO,OK,short_name=sdswrf units=W m**-2 startStep=24 endStep=26
2021-04-07,18,26,dswrf_to_lead,RNO,OK,short_name=sdswrf units=W m**-2 startStep=24 endStep=26
2021-04-13,18,26,dswrf_to_lead,RNO,OK,short_name=sdswrf units=W m**-2 startStep=24 endStep=26
2021-04-02,18,26,dswrf_to_lead,RNO,OK,short_name=sdswrf units=W m**-2 startStep=24 endStep=26
2021-04-22,18,26,dswrf_to_lead,RNO,OK,short_name=sdswrf units=W m**-2 startStep=24 endStep=26
2021-04-20,18,26,dswrf_to_lead,RNO,OK,short_name=sdswrf units=W m**-2 startStep=24 endStep=26
2021-04-23,18,26,dswrf_to_lead,RNO,OK,short_name=sdswrf units=W m**-2 startStep=24 endStep=26
2026-05-26,0,26,dswrf_to_lead,YSDU,OK,short_name=sdswrf units=W m**-2 startStep=24 endStep=26
2021-04-18,18,26,dswrf_to_lead,RNO,OK,short_name=sdswrf units=W m**-2 startStep=24 endStep=26
2021-04-11,18,26,dswrf_to_lead,RNO,OK,short_name=sdswrf units=W m**-2 startStep=24 endStep=26
2021-04-15,18,26,dswrf_to_lead,RNO,OK,short_name=sdswrf units=W m**-2 startStep=24 endStep=26
2021-04-12,18,26,dswrf_to_lead,RNO,OK,short_name=sdswrf units=W m**-2 startStep=24 endStep=26
2021-04-24,18,26,dswrf_to_lead,RNO,OK,short_name=sdswrf units=W m**-2 startStep=24 endStep=26
2021-05-03,18,26,dswrf_to_lead,RNO,OK,short_name=sdswrf units=W m**-2 startStep=24 endStep=26
2021-04-26,18,26,dswrf_to_lead,RNO,OK,short_name=sdswrf units=W m**-2 startStep=24 endStep=26
2026-07-04,0,26,dswrf_to_lead,YSDU,OK,short_name=sdswrf units=W m**-2 startStep=24 endStep=26
2026-06-01,0,26,dswrf_to_lead,YSDU,OK,short_name=sdswrf units=W m**-2 startStep=24 endStep=26
2021-04-19,18,26,dswrf_to_lead,RNO,OK,short_name=sdswrf units=W m**-2 startStep=24 endStep=26
2026-07-03,0,26,dswrf_to_lead,YSDU,OK,short_name=sdswrf units=W m**-2 startStep=24 endStep=26
2021-04-30,18,26,dswrf_to_lead,RNO,OK,short_name=sdswrf units=W m**-2 startStep=24 endStep=26
2021-05-08,18,26,dswrf_to_lead,RNO,OK,short_name=sdswrf units=W m**-2 startStep=24 endStep=26
2021-05-05,18,26,dswrf_to_lead,RNO,OK,short_name=sdswrf units=W m**-2 startStep=24 endStep=26
2026-07-25,0,26,dswrf_to_lead,YSDU,OK,short_name=sdswrf units=W m**-2 startStep=24 endStep=26
2021-05-11,18,26,dswrf_to_lead,RNO,OK,short_name=sdswrf units=W m**-2 startStep=24 endStep=26
2026-06-12,0,26,dswrf_to_lead,YSDU,OK,short_name=sdswrf units=W m**-2 startStep=24 endStep=26
2021-04-27,18,26,dswrf_to_lead,RNO,OK,short_name=sdswrf units=W m**-2 startStep=24 endStep=26
2026-07-08,0,26,dswrf_to_lead,YSDU,OK,short_name=sdswrf units=W m**-2 startStep=24 endStep=26
2021-04-16,18,26,dswrf_to_lead,RNO,OK,short_name=sdswrf units=W m**-2 startStep=24 endStep=26
2021-05-09,18,26,dswrf_to_lead,RNO,OK,short_name=sdswrf units=W m**-2 startStep=24 endStep=26
2021-05-10,18,26,dswrf_to_lead,RNO,OK,short_name=sdswrf units=W m**-2 startStep=24 endStep=26
2026-07-10,0,26,dswrf_to_lead,YSDU,OK,short_name=sdswrf units=W m**-2 startStep=24 endStep=26
2026-06-28,0,26,dswrf_to_lead,YSDU,OK,short_name=sdswrf units=W m**-2 startStep=24 endStep=26
2021-05-13,18,26,dswrf_to_lead,RNO,OK,short_name=sdswrf units=W m**-2 startStep=24 endStep=26
2021-03-27,18,26,dswrf_to_lead,RNO,OK,short_name=sdswrf units=W m**-2 startStep=24 endStep=26
2021-03-23,18,26,dswrf_to_lead,RNO,OK,short_name=sdswrf units=W m**-2 startStep=24 endStep=26
2021-05-19,18,26,dswrf_to_lead,RNO,OK,short_name=sdswrf units=W m**-2 startStep=24 endStep=26
2026-07-28,0,26,dswrf_to_lead,YSDU,OK,short_name=sdswrf units=W m**-2 startStep=24 endStep=26
2026-07-20,0,26,dswrf_to_lead,YSDU,OK,short_name=sdswrf units=W m**-2 startStep=24 endStep=26
2021-05-07,18,26,dswrf_to_lead,RNO,OK,short_name=sdswrf units=W m**-2 startStep=24 endStep=26
2026-06-24,0,26,dswrf_to_lead,YSDU,OK,short_name=sdswrf units=W m**-2 startStep=24 endStep=26
2021-04-09,18,26,dswrf_to_lead,RNO,OK,short_name=sdswrf units=W m**-2 startStep=24 endStep=26
2021-05-20,18,26,dswrf_to_lead,RNO,OK,short_name=sdswrf units=W m**-2 startStep=24 endStep=26
2021-04-14,18,26,dswrf_to_lead,RNO,OK,short_name=sdswrf units=W m**-2 startStep=24 endStep=26
2021-05-28,18,26,dswrf_to_lead,RNO,OK,short_name=sdswrf units=W m**-2 startStep=24 endStep=26
2021-06-02,18,26,dswrf_to_lead,RNO,OK,short_name=sdswrf units=W m**-2 startStep=24 endStep=26
2021-05-01,18,26,dswrf_to_lead,RNO,OK,short_name=sdswrf units=W m**-2 startStep=24 endStep=26
2021-03-30,18,26,dswrf_to_lead,RNO,OK,short_name=sdswrf units=W m**-2 startStep=24 endStep=26
2021-05-22,18,26,dswrf_to_lead,RNO,OK,short_name=sdswrf units=W m**-2 startStep=24 endStep=26
2021-06-01,18,26,dswrf_to_lead,RNO,OK,short_name=sdswrf units=W m**-2 startStep=24 endStep=26
2021-05-31,18,26,dswrf_to_lead,RNO,OK,short_name=sdswrf units=W m**-2 startStep=24 endStep=26
2021-05-18,18,26,dswrf_to_lead,RNO,OK,short_name=sdswrf units=W m**-2 startStep=24 endStep=26
2021-06-06,18,26,dswrf_to_lead,RNO,OK,short_name=sdswrf units=W m**-2 startStep=24 endStep=26
2021-06-05,18,26,dswrf_to_lead,RNO,OK,short_name=sdswrf units=W m**-2 startStep=24 endStep=26
2026-07-11,0,26,dswrf_to_lead,YSDU,OK,short_name=sdswrf units=W m**-2 startStep=24 endStep=26
2021-05-25,18,26,dswrf_to_lead,RNO,OK,short_name=sdswrf units=W m**-2 startStep=24 endStep=26
2021-06-13,18,26,dswrf_to_lead,RNO,OK,short_name=sdswrf units=W m**-2 startStep=24 endStep=26
2021-04-28,18,26,dswrf_to_lead,RNO,OK,short_name=sdswrf units=W m**-2 startStep=24 endStep=26
2021-06-16,18,26,dswrf_to_lead,RNO,OK,short_name=sdswrf units=W m**-2 startStep=24 endStep=26
2021-05-17,18,26,dswrf_to_lead,RNO,OK,short_name=sdswrf units=W m**-2 startStep=24 endStep=26
2021-04-21,18,26,dswrf_to_lead,RNO,OK,short_name=sdswrf units=W m**-2 startStep=24 endStep=26
2021-05-02,18,26,dswrf_to_lead,RNO,OK,short_name=sdswrf units=W m**-2 startStep=24 endStep=26
2021-06-21,18,26,dswrf_to_lead,RNO,OK,short_name=sdswrf units=W m**-2 startStep=24 endStep=26
2021-06-09,18,26,dswrf_to_lead,RNO,OK,short_name=sdswrf units=W m**-2 startStep=24 endStep=26
2021-04-25,18,26,dswrf_to_lead,RNO,OK,short_name=sdswrf units=W m**-2 startStep=24 endStep=26
2021-05-12,18,26,dswrf_to_lead,RNO,OK,short_name=sdswrf units=W m**-2 startStep=24 endStep=26
2021-05-23,18,26,dswrf_to_lead,RNO,OK,short_name=sdswrf units=W m**-2 startStep=24 endStep=26
2021-06-26,18,26,dswrf_to_lead,RNO,OK,short_name=sdswrf units=W m**-2 startStep=24 endStep=26
2021-04-10,18,26,dswrf_to_lead,RNO,OK,short_name=sdswrf units=W m**-2 startStep=24 endStep=26
2021-05-26,18,26,dswrf_to_lead,RNO,OK,short_name=sdswrf units=W m**-2 startStep=24 endStep=26
2021-06-14,18,26,dswrf_to_lead,RNO,OK,short_name=sdswrf units=W m**-2 startStep=24 endStep=26
2021-06-27,18,26,dswrf_to_lead,RNO,OK,short_name=sdswrf units=W m**-2 startStep=24 endStep=26
2026-07-16,0,26,dswrf_to_lead,YSDU,OK,short_name=sdswrf units=W m**-2 startStep=24 endStep=26
2021-06-20,18,26,dswrf_to_lead,RNO,OK,short_name=sdswrf units=W m**-2 startStep=24 endStep=26
2021-04-17,18,26,dswrf_to_lead,RNO,OK,short_name=sdswrf units=W m**-2 startStep=24 endStep=26
2021-06-19,18,26,dswrf_to_lead,RNO,OK,short_name=sdswrf units=W m**-2 startStep=24 endStep=26
2021-06-30,18,26,dswrf_to_lead,RNO,OK,short_name=sdswrf units=W m**-2 startStep=24 endStep=26
2021-06-12,18,26,dswrf_to_lead,RNO,OK,short_name=sdswrf units=W m**-2 startStep=24 endStep=26
2021-07-04,18,26,dswrf_to_lead,RNO,OK,short_name=sdswrf units=W m**-2 startStep=24 endStep=26
2021-06-28,18,26,dswrf_to_lead,RNO,OK,short_name=sdswrf units=W m**-2 startStep=24 endStep=26
2021-05-29,18,26,dswrf_to_lead,RNO,OK,short_name=sdswrf units=W m**-2 startStep=24 endStep=26
2021-07-11,18,26,dswrf_to_lead,RNO,OK,short_name=sdswrf units=W m**-2 startStep=24 endStep=26
2021-06-24,18,26,dswrf_to_lead,RNO,OK,short_name=sdswrf units=W m**-2 startStep=24 endStep=26
2021-05-06,18,26,dswrf_to_lead,RNO,OK,short_name=sdswrf units=W m**-2 startStep=24 endStep=26
2021-05-04,18,26,dswrf_to_lead,RNO,OK,short_name=sdswrf units=W m**-2 startStep=24 endStep=26
2021-07-07,18,26,dswrf_to_lead,RNO,OK,short_name=sdswrf units=W m**-2 startStep=24 endStep=26
2021-06-11,18,26,dswrf_to_lead,RNO,OK,short_name=sdswrf units=W m**-2 startStep=24 endStep=26
2021-05-14,18,26,dswrf_to_lead,RNO,OK,short_name=sdswrf units=W m**-2 startStep=24 endStep=26
2021-06-17,18,26,dswrf_to_lead,RNO,OK,short_name=sdswrf units=W m**-2 startStep=24 endStep=26
2021-06-15,18,26,dswrf_to_lead,RNO,OK,short_name=sdswrf units=W m**-2 startStep=24 endStep=26
2021-07-03,18,26,dswrf_to_lead,RNO,OK,short_name=sdswrf units=W m**-2 startStep=24 endStep=26
2021-06-23,18,26,dswrf_to_lead,RNO,OK,short_name=sdswrf units=W m**-2 startStep=24 endStep=26
2021-07-01,18,26,dswrf_to_lead,RNO,OK,short_name=sdswrf units=W m**-2 startStep=24 endStep=26
2021-07-05,18,26,dswrf_to_lead,RNO,OK,short_name=sdswrf units=W m**-2 startStep=24 endStep=26
2021-07-08,18,26,dswrf_to_lead,RNO,OK,short_name=sdswrf units=W m**-2 startStep=24 endStep=26
2021-06-18,18,26,dswrf_to_lead,RNO,OK,short_name=sdswrf units=W m**-2 startStep=24 endStep=26
2021-07-06,18,26,dswrf_to_lead,RNO,OK,short_name=sdswrf units=W m**-2 startStep=24 endStep=26
2021-04-05,18,26,dswrf_to_lead,RNO,OK,short_name=sdswrf units=W m**-2 startStep=24 endStep=26
2021-06-22,18,26,dswrf_to_lead,RNO,OK,short_name=sdswrf units=W m**-2 startStep=24 endStep=26
2021-07-14,18,26,dswrf_to_lead,RNO,OK,short_name=sdswrf units=W m**-2 startStep=24 endStep=26
2021-07-21,18,26,dswrf_to_lead,RNO,OK,short_name=sdswrf units=W m**-2 startStep=24 endStep=26
2021-07-16,18,26,dswrf_to_lead,RNO,OK,short_name=sdswrf units=W m**-2 startStep=24 endStep=26
2021-07-25,18,26,dswrf_to_lead,RNO,OK,short_name=sdswrf units=W m**-2 startStep=24 endStep=26
2021-07-18,18,26,dswrf_to_lead,RNO,OK,short_name=sdswrf units=W m**-2 startStep=24 endStep=26
2021-05-15,18,26,dswrf_to_lead,RNO,OK,short_name=sdswrf units=W m**-2 startStep=24 endStep=26
2021-07-24,18,26,dswrf_to_lead,RNO,OK,short_name=sdswrf units=W m**-2 startStep=24 endStep=26
2021-04-29,18,26,dswrf_to_lead,RNO,OK,short_name=sdswrf units=W m**-2 startStep=24 endStep=26
2021-07-27,18,26,dswrf_to_lead,RNO,OK,short_name=sdswrf units=W m**-2 startStep=24 endStep=26
2021-07-23,18,26,dswrf_to_lead,RNO,OK,short_name=sdswrf units=W m**-2 startStep=24 endStep=26
2021-08-10,18,26,dswrf_to_lead,RNO,OK,short_name=sdswrf units=W m**-2 startStep=24 endStep=26
2021-08-03,18,26,dswrf_to_lead,RNO,OK,short_name=sdswrf units=W m**-2 startStep=24 endStep=26
2021-08-06,18,26,dswrf_to_lead,RNO,OK,short_name=sdswrf units=W m**-2 startStep=24 endStep=26
2021-07-15,18,26,dswrf_to_lead,RNO,OK,short_name=sdswrf units=W m**-2 startStep=24 endStep=26
2021-07-10,18,26,dswrf_to_lead,RNO,OK,short_name=sdswrf units=W m**-2 startStep=24 endStep=26
2021-05-21,18,26,dswrf_to_lead,RNO,OK,short_name=sdswrf units=W m**-2 startStep=24 endStep=26
2021-08-08,18,26,dswrf_to_lead,RNO,OK,short_name=sdswrf units=W m**-2 startStep=24 endStep=26
2021-07-12,18,26,dswrf_to_lead,RNO,OK,short_name=sdswrf units=W m**-2 startStep=24 endStep=26
2021-06-08,18,26,dswrf_to_lead,RNO,OK,short_name=sdswrf units=W m**-2 startStep=24 endStep=26
2021-08-14,18,26,dswrf_to_lead,RNO,OK,short_name=sdswrf units=W m**-2 startStep=24 endStep=26
2021-07-22,18,26,dswrf_to_lead,RNO,OK,short_name=sdswrf units=W m**-2 startStep=24 endStep=26
2021-07-30,18,26,dswrf_to_lead,RNO,OK,short_name=sdswrf units=W m**-2 startStep=24 endStep=26
2021-07-28,18,26,dswrf_to_lead,RNO,OK,short_name=sdswrf units=W m**-2 startStep=24 endStep=26
2021-07-13,18,26,dswrf_to_lead,RNO,OK,short_name=sdswrf units=W m**-2 startStep=24 endStep=26
2021-06-29,18,26,dswrf_to_lead,RNO,OK,short_name=sdswrf units=W m**-2 startStep=24 endStep=26
2021-08-11,18,26,dswrf_to_lead,RNO,OK,short_name=sdswrf units=W m**-2 startStep=24 endStep=26
2021-06-07,18,26,dswrf_to_lead,RNO,OK,short_name=sdswrf units=W m**-2 startStep=24 endStep=26
2021-05-27,18,26,dswrf_to_lead,RNO,OK,short_name=sdswrf units=W m**-2 startStep=24 endStep=26
2021-07-29,18,26,dswrf_to_lead,RNO,OK,short_name=sdswrf units=W m**-2 startStep=24 endStep=26
2021-07-02,18,26,dswrf_to_lead,RNO,OK,short_name=sdswrf units=W m**-2 startStep=24 endStep=26
2021-06-10,18,26,dswrf_to_lead,RNO,OK,short_name=sdswrf units=W m**-2 startStep=24 endStep=26
2021-07-17,18,26,dswrf_to_lead,RNO,OK,short_name=sdswrf units=W m**-2 startStep=24 endStep=26
2021-05-16,18,26,dswrf_to_lead,RNO,OK,short_name=sdswrf units=W m**-2 startStep=24 endStep=26
2021-07-20,18,26,dswrf_to_lead,RNO,OK,short_name=sdswrf units=W m**-2 startStep=24 endStep=26
2021-08-22,18,26,dswrf_to_lead,RNO,OK,short_name=sdswrf units=W m**-2 startStep=24 endStep=26
2021-08-18,18,26,dswrf_to_lead,RNO,OK,short_name=sdswrf units=W m**-2 startStep=24 endStep=26
2021-08-17,18,26,dswrf_to_lead,RNO,OK,short_name=sdswrf units=W m**-2 startStep=24 endStep=26
2021-08-23,18,26,dswrf_to_lead,RNO,OK,short_name=sdswrf units=W m**-2 startStep=24 endStep=26
2021-08-16,18,26,dswrf_to_lead,RNO,OK,short_name=sdswrf units=W m**-2 startStep=24 endStep=26
2021-08-20,18,26,dswrf_to_lead,RNO,OK,short_name=sdswrf units=W m**-2 startStep=24 endStep=26
2021-06-03,18,26,dswrf_to_lead,RNO,OK,short_name=sdswrf units=W m**-2 startStep=24 endStep=26
2021-08-30,18,26,dswrf_to_lead,RNO,OK,short_name=sdswrf units=W m**-2 startStep=24 endStep=26
2021-08-19,18,26,dswrf_to_lead,RNO,OK,short_name=sdswrf units=W m**-2 startStep=24 endStep=26
2021-08-15,18,26,dswrf_to_lead,RNO,OK,short_name=sdswrf units=W m**-2 startStep=24 endStep=26
2021-05-30,18,26,dswrf_to_lead,RNO,OK,short_name=sdswrf units=W m**-2 startStep=24 endStep=26
2021-08-27,18,26,dswrf_to_lead,RNO,OK,short_name=sdswrf units=W m**-2 startStep=24 endStep=26
2021-05-24,18,26,dswrf_to_lead,RNO,OK,short_name=sdswrf units=W m**-2 startStep=24 endStep=26
2021-09-03,18,26,dswrf_to_lead,RNO,OK,short_name=sdswrf units=W m**-2 startStep=24 endStep=26
2021-08-26,18,26,dswrf_to_lead,RNO,OK,short_name=sdswrf units=W m**-2 startStep=24 endStep=26
2021-09-09,18,26,dswrf_to_lead,RNO,OK,short_name=sdswrf units=W m**-2 startStep=24 endStep=26
2021-08-13,18,26,dswrf_to_lead,RNO,OK,short_name=sdswrf units=W m**-2 startStep=24 endStep=26
2021-08-29,18,26,dswrf_to_lead,RNO,OK,short_name=sdswrf units=W m**-2 startStep=24 endStep=26
2021-08-25,18,26,dswrf_to_lead,RNO,OK,short_name=sdswrf units=W m**-2 startStep=24 endStep=26
2021-06-25,18,26,dswrf_to_lead,RNO,OK,short_name=sdswrf units=W m**-2 startStep=24 endStep=26
2021-08-01,18,26,dswrf_to_lead,RNO,OK,short_name=sdswrf units=W m**-2 startStep=24 endStep=26
2021-06-04,18,26,dswrf_to_lead,RNO,OK,short_name=sdswrf units=W m**-2 startStep=24 endStep=26
2021-08-12,18,26,dswrf_to_lead,RNO,OK,short_name=sdswrf units=W m**-2 startStep=24 endStep=26
2021-09-12,18,26,dswrf_to_lead,RNO,OK,short_name=sdswrf units=W m**-2 startStep=24 endStep=26
2021-09-14,18,26,dswrf_to_lead,RNO,OK,short_name=sdswrf units=W m**-2 startStep=24 endStep=26
2021-09-22,18,26,dswrf_to_lead,RNO,OK,short_name=sdswrf units=W m**-2 startStep=24 endStep=26
2021-08-21,18,26,dswrf_to_lead,RNO,OK,short_name=sdswrf units=W m**-2 startStep=24 endStep=26
2021-09-05,18,26,dswrf_to_lead,RNO,OK,short_name=sdswrf units=W m**-2 startStep=24 endStep=26
2021-09-11,18,26,dswrf_to_lead,RNO,OK,short_name=sdswrf units=W m**-2 startStep=24 endStep=26
2021-09-25,18,26,dswrf_to_lead,RNO,OK,short_name=sdswrf units=W m**-2 startStep=24 endStep=26
2021-09-15,18,26,dswrf_to_lead,RNO,OK,short_name=sdswrf units=W m**-2 startStep=24 endStep=26
2021-09-21,18,26,dswrf_to_lead,RNO,OK,short_name=sdswrf units=W m**-2 startStep=24 endStep=26
2021-08-07,18,26,dswrf_to_lead,RNO,OK,short_name=sdswrf units=W m**-2 startStep=24 endStep=26
2021-09-01,18,26,dswrf_to_lead,RNO,OK,short_name=sdswrf units=W m**-2 startStep=24 endStep=26
2021-07-09,18,26,dswrf_to_lead,RNO,OK,short_name=sdswrf units=W m**-2 startStep=24 endStep=26
2021-08-24,18,26,dswrf_to_lead,RNO,OK,short_name=sdswrf units=W m**-2 startStep=24 endStep=26
2021-09-06,18,26,dswrf_to_lead,RNO,OK,short_name=sdswrf units=W m**-2 startStep=24 endStep=26
2021-09-28,18,26,dswrf_to_lead,RNO,OK,short_name=sdswrf units=W m**-2 startStep=24 endStep=26
2021-08-04,18,26,dswrf_to_lead,RNO,OK,short_name=sdswrf units=W m**-2 startStep=24 endStep=26
2021-09-13,18,26,dswrf_to_lead,RNO,OK,short_name=sdswrf units=W m**-2 startStep=24 endStep=26
2021-09-30,18,26,dswrf_to_lead,RNO,OK,short_name=sdswrf units=W m**-2 startStep=24 endStep=26
2021-09-10,18,26,dswrf_to_lead,RNO,OK,short_name=sdswrf units=W m**-2 startStep=24 endStep=26
2021-10-01,18,26,dswrf_to_lead,RNO,OK,short_name=sdswrf units=W m**-2 startStep=24 endStep=26
2021-08-05,18,26,dswrf_to_lead,RNO,OK,short_name=sdswrf units=W m**-2 startStep=24 endStep=26
2021-09-08,18,26,dswrf_to_lead,RNO,OK,short_name=sdswrf units=W m**-2 startStep=24 endStep=26
2021-08-28,18,26,dswrf_to_lead,RNO,OK,short_name=sdswrf units=W m**-2 startStep=24 endStep=26
2021-10-05,18,26,dswrf_to_lead,RNO,OK,short_name=sdswrf units=W m**-2 startStep=24 endStep=26
2021-09-17,18,26,dswrf_to_lead,RNO,OK,short_name=sdswrf units=W m**-2 startStep=24 endStep=26
2021-10-09,18,26,dswrf_to_lead,RNO,OK,short_name=sdswrf units=W m**-2 startStep=24 endStep=26
2021-10-08,18,26,dswrf_to_lead,RNO,OK,short_name=sdswrf units=W m**-2 startStep=24 endStep=26
2021-09-20,18,26,dswrf_to_lead,RNO,OK,short_name=sdswrf units=W m**-2 startStep=24 endStep=26
2021-07-19,18,26,dswrf_to_lead,RNO,OK,short_name=sdswrf units=W m**-2 startStep=24 endStep=26
2021-10-12,18,26,dswrf_to_lead,RNO,OK,short_name=sdswrf units=W m**-2 startStep=24 endStep=26
2021-10-17,18,26,dswrf_to_lead,RNO,OK,short_name=sdswrf units=W m**-2 startStep=24 endStep=26
2021-08-31,18,26,dswrf_to_lead,RNO,OK,short_name=sdswrf units=W m**-2 startStep=24 endStep=26
2021-09-27,18,26,dswrf_to_lead,RNO,OK,short_name=sdswrf units=W m**-2 startStep=24 endStep=26
2021-10-29,18,26,dswrf_to_lead,RNO,OK,short_name=sdswrf units=W m**-2 startStep=24 endStep=26
2021-10-04,18,26,dswrf_to_lead,RNO,OK,short_name=sdswrf units=W m**-2 startStep=24 endStep=26
2021-10-18,18,26,dswrf_to_lead,RNO,OK,short_name=sdswrf units=W m**-2 startStep=24 endStep=26
2021-10-22,18,26,dswrf_to_lead,RNO,OK,short_name=sdswrf units=W m**-2 startStep=24 endStep=26
2021-08-02,18,26,dswrf_to_lead,RNO,OK,short_name=sdswrf units=W m**-2 startStep=24 endStep=26
2021-09-26,18,26,dswrf_to_lead,RNO,OK,short_name=sdswrf units=W m**-2 startStep=24 endStep=26
2021-10-21,18,26,dswrf_to_lead,RNO,OK,short_name=sdswrf units=W m**-2 startStep=24 endStep=26
2021-10-19,18,26,dswrf_to_lead,RNO,OK,short_name=sdswrf units=W m**-2 startStep=24 endStep=26
2021-09-18,18,26,dswrf_to_lead,RNO,OK,short_name=sdswrf units=W m**-2 startStep=24 endStep=26
2021-10-28,18,26,dswrf_to_lead,RNO,OK,short_name=sdswrf units=W m**-2 startStep=24 endStep=26
2021-10-07,18,26,dswrf_to_lead,RNO,OK,short_name=sdswrf units=W m**-2 startStep=24 endStep=26
2021-09-07,18,26,dswrf_to_lead,RNO,OK,short_name=sdswrf units=W m**-2 startStep=24 endStep=26
2021-10-13,18,26,dswrf_to_lead,RNO,OK,short_name=sdswrf units=W m**-2 startStep=24 endStep=26
2021-10-16,18,26,dswrf_to_lead,RNO,OK,short_name=sdswrf units=W m**-2 startStep=24 endStep=26
2021-09-24,18,26,dswrf_to_lead,RNO,OK,short_name=sdswrf units=W m**-2 startStep=24 endStep=26
2021-08-09,18,26,dswrf_to_lead,RNO,OK,short_name=sdswrf units=W m**-2 startStep=24 endStep=26
2021-11-05,18,26,dswrf_to_lead,RNO,OK,short_name=sdswrf units=W m**-2 startStep=24 endStep=26
2021-10-15,18,26,dswrf_to_lead,RNO,OK,short_name=sdswrf units=W m**-2 startStep=24 endStep=26
2021-10-31,18,26,dswrf_to_lead,RNO,OK,short_name=sdswrf units=W m**-2 startStep=24 endStep=26
2021-10-10,18,26,dswrf_to_lead,RNO,OK,short_name=sdswrf units=W m**-2 startStep=24 endStep=26
2021-07-26,18,26,dswrf_to_lead,RNO,OK,short_name=sdswrf units=W m**-2 startStep=24 endStep=26
2021-10-06,18,26,dswrf_to_lead,RNO,OK,short_name=sdswrf units=W m**-2 startStep=24 endStep=26
2021-09-16,18,26,dswrf_to_lead,RNO,OK,short_name=sdswrf units=W m**-2 startStep=24 endStep=26
2021-11-08,18,26,dswrf_to_lead,RNO,OK,short_name=sdswrf units=W m**-2 startStep=24 endStep=26
2021-10-27,18,26,dswrf_to_lead,RNO,OK,short_name=sdswrf units=W m**-2 startStep=24 endStep=26
2021-11-04,18,26,dswrf_to_lead,RNO,OK,short_name=sdswrf units=W m**-2 startStep=24 endStep=26
2021-10-14,18,26,dswrf_to_lead,RNO,OK,short_name=sdswrf units=W m**-2 startStep=24 endStep=26
2021-11-10,18,26,dswrf_to_lead,RNO,OK,short_name=sdswrf units=W m**-2 startStep=24 endStep=26
2021-11-01,18,26,dswrf_to_lead,RNO,OK,short_name=sdswrf units=W m**-2 startStep=24 endStep=26
2021-11-15,18,26,dswrf_to_lead,RNO,OK,short_name=sdswrf units=W m**-2 startStep=24 endStep=26
2021-11-07,18,26,dswrf_to_lead,RNO,OK,short_name=sdswrf units=W m**-2 startStep=24 endStep=26
2021-11-18,18,26,dswrf_to_lead,RNO,OK,short_name=sdswrf units=W m**-2 startStep=24 endStep=26
2021-10-30,18,26,dswrf_to_lead,RNO,OK,short_name=sdswrf units=W m**-2 startStep=24 endStep=26
2021-10-20,18,26,dswrf_to_lead,RNO,OK,short_name=sdswrf units=W m**-2 startStep=24 endStep=26
2021-11-16,18,26,dswrf_to_lead,RNO,OK,short_name=sdswrf units=W m**-2 startStep=24 endStep=26
2021-10-24,18,26,dswrf_to_lead,RNO,OK,short_name=sdswrf units=W m**-2 startStep=24 endStep=26
2021-10-23,18,26,dswrf_to_lead,RNO,OK,short_name=sdswrf units=W m**-2 startStep=24 endStep=26
2021-11-26,18,26,dswrf_to_lead,RNO,OK,short_name=sdswrf units=W m**-2 startStep=24 endStep=26
2021-09-02,18,26,dswrf_to_lead,RNO,OK,short_name=sdswrf units=W m**-2 startStep=24 endStep=26
2021-11-24,18,26,dswrf_to_lead,RNO,OK,short_name=sdswrf units=W m**-2 startStep=24 endStep=26
2021-10-03,18,26,dswrf_to_lead,RNO,OK,short_name=sdswrf units=W m**-2 startStep=24 endStep=26
2021-11-23,18,26,dswrf_to_lead,RNO,OK,short_name=sdswrf units=W m**-2 startStep=24 endStep=26
2021-11-14,18,26,dswrf_to_lead,RNO,OK,short_name=sdswrf units=W m**-2 startStep=24 endStep=26
2021-11-21,18,26,dswrf_to_lead,RNO,OK,short_name=sdswrf units=W m**-2 startStep=24 endStep=26
2021-12-06,18,26,dswrf_to_lead,RNO,OK,short_name=sdswrf units=W m**-2 startStep=24 endStep=26
2021-07-31,18,26,dswrf_to_lead,RNO,OK,short_name=sdswrf units=W m**-2 startStep=24 endStep=26
2021-11-30,18,26,dswrf_to_lead,RNO,OK,short_name=sdswrf units=W m**-2 startStep=24 endStep=26
2021-09-23,18,26,dswrf_to_lead,RNO,OK,short_name=sdswrf units=W m**-2 startStep=24 endStep=26
2021-10-11,18,26,dswrf_to_lead,RNO,OK,short_name=sdswrf units=W m**-2 startStep=24 endStep=26
2021-09-19,18,26,dswrf_to_lead,RNO,OK,short_name=sdswrf units=W m**-2 startStep=24 endStep=26
2021-12-04,18,26,dswrf_to_lead,RNO,OK,short_name=sdswrf units=W m**-2 startStep=24 endStep=26
2021-11-25,18,26,dswrf_to_lead,RNO,OK,short_name=sdswrf units=W m**-2 startStep=24 endStep=26
2021-09-04,18,26,dswrf_to_lead,RNO,OK,short_name=sdswrf units=W m**-2 startStep=24 endStep=26
2021-09-29,18,26,dswrf_to_lead,RNO,OK,short_name=sdswrf units=W m**-2 startStep=24 endStep=26
2021-11-03,18,26,dswrf_to_lead,RNO,OK,short_name=sdswrf units=W m**-2 startStep=24 endStep=26
2021-12-18,18,26,dswrf_to_lead,RNO,OK,short_name=sdswrf units=W m**-2 startStep=24 endStep=26
2021-12-02,18,26,dswrf_to_lead,RNO,OK,short_name=sdswrf units=W m**-2 startStep=24 endStep=26
2021-11-19,18,26,dswrf_to_lead,RNO,OK,short_name=sdswrf units=W m**-2 startStep=24 endStep=26
2021-12-13,18,26,dswrf_to_lead,RNO,OK,short_name=sdswrf units=W m**-2 startStep=24 endStep=26
2021-11-12,18,26,dswrf_to_lead,RNO,OK,short_name=sdswrf units=W m**-2 startStep=24 endStep=26
2021-12-31,18,26,dswrf_to_lead,RNO,OK,short_name=sdswrf units=W m**-2 startStep=24 endStep=26
2021-12-25,18,26,dswrf_to_lead,RNO,OK,short_name=sdswrf units=W m**-2 startStep=24 endStep=26
2021-12-15,18,26,dswrf_to_lead,RNO,OK,short_name=sdswrf units=W m**-2 startStep=24 endStep=26
2021-10-26,18,26,dswrf_to_lead,RNO,OK,short_name=sdswrf units=W m**-2 startStep=24 endStep=26
2021-12-30,18,26,dswrf_to_lead,RNO,OK,short_name=sdswrf units=W m**-2 startStep=24 endStep=26
2021-12-28,18,26,dswrf_to_lead,RNO,OK,short_name=sdswrf units=W m**-2 startStep=24 endStep=26
2021-12-21,18,26,dswrf_to_lead,RNO,OK,short_name=sdswrf units=W m**-2 startStep=24 endStep=26
2021-12-11,18,26,dswrf_to_lead,RNO,OK,short_name=sdswrf units=W m**-2 startStep=24 endStep=26
2021-11-02,18,26,dswrf_to_lead,RNO,OK,short_name=sdswrf units=W m**-2 startStep=24 endStep=26
2021-12-12,18,26,dswrf_to_lead,RNO,OK,short_name=sdswrf units=W m**-2 startStep=24 endStep=26
2022-01-01,18,26,dswrf_to_lead,RNO,OK,short_name=sdswrf units=W m**-2 startStep=24 endStep=26
2021-12-29,18,26,dswrf_to_lead,RNO,OK,short_name=sdswrf units=W m**-2 startStep=24 endStep=26
2021-10-02,18,26,dswrf_to_lead,RNO,OK,short_name=sdswrf units=W m**-2 startStep=24 endStep=26
2021-11-13,18,26,dswrf_to_lead,RNO,OK,short_name=sdswrf units=W m**-2 startStep=24 endStep=26
2022-01-02,18,26,dswrf_to_lead,RNO,OK,short_name=sdswrf units=W m**-2 startStep=24 endStep=26
2021-11-06,18,26,dswrf_to_lead,RNO,OK,short_name=sdswrf units=W m**-2 startStep=24 endStep=26
2021-12-20,18,26,dswrf_to_lead,RNO,OK,short_name=sdswrf units=W m**-2 startStep=24 endStep=26
2022-01-08,18,26,dswrf_to_lead,RNO,OK,short_name=sdswrf units=W m**-2 startStep=24 endStep=26
2021-11-17,18,26,dswrf_to_lead,RNO,OK,short_name=sdswrf units=W m**-2 startStep=24 endStep=26
2022-01-03,18,26,dswrf_to_lead,RNO,OK,short_name=sdswrf units=W m**-2 startStep=24 endStep=26
2021-12-23,18,26,dswrf_to_lead,RNO,OK,short_name=sdswrf units=W m**-2 startStep=24 endStep=26
2021-11-29,18,26,dswrf_to_lead,RNO,OK,short_name=sdswrf units=W m**-2 startStep=24 endStep=26
2022-01-12,18,26,dswrf_to_lead,RNO,OK,short_name=sdswrf units=W m**-2 startStep=24 endStep=26
2022-01-17,18,26,dswrf_to_lead,RNO,OK,short_name=sdswrf units=W m**-2 startStep=24 endStep=26
2022-01-06,18,26,dswrf_to_lead,RNO,OK,short_name=sdswrf units=W m**-2 startStep=24 endStep=26
2021-12-27,18,26,dswrf_to_lead,RNO,OK,short_name=sdswrf units=W m**-2 startStep=24 endStep=26
2022-01-11,18,26,dswrf_to_lead,RNO,OK,short_name=sdswrf units=W m**-2 startStep=24 endStep=26
2022-01-24,18,26,dswrf_to_lead,RNO,OK,short_name=sdswrf units=W m**-2 startStep=24 endStep=26
2022-01-07,18,26,dswrf_to_lead,RNO,OK,short_name=sdswrf units=W m**-2 startStep=24 endStep=26
2021-11-11,18,26,dswrf_to_lead,RNO,OK,short_name=sdswrf units=W m**-2 startStep=24 endStep=26
2021-12-26,18,26,dswrf_to_lead,RNO,OK,short_name=sdswrf units=W m**-2 startStep=24 endStep=26
2021-12-08,18,26,dswrf_to_lead,RNO,OK,short_name=sdswrf units=W m**-2 startStep=24 endStep=26
2021-11-22,18,26,dswrf_to_lead,RNO,OK,short_name=sdswrf units=W m**-2 startStep=24 endStep=26
2021-10-25,18,26,dswrf_to_lead,RNO,OK,short_name=sdswrf units=W m**-2 startStep=24 endStep=26
2021-12-22,18,26,dswrf_to_lead,RNO,OK,short_name=sdswrf units=W m**-2 startStep=24 endStep=26
2021-12-01,18,26,dswrf_to_lead,RNO,OK,short_name=sdswrf units=W m**-2 startStep=24 endStep=26
2021-11-09,18,26,dswrf_to_lead,RNO,OK,short_name=sdswrf units=W m**-2 startStep=24 endStep=26
2022-02-01,18,26,dswrf_to_lead,RNO,OK,short_name=sdswrf units=W m**-2 startStep=24 endStep=26
2022-01-31,18,26,dswrf_to_lead,RNO,OK,short_name=sdswrf units=W m**-2 startStep=24 endStep=26
2021-12-10,18,26,dswrf_to_lead,RNO,OK,short_name=sdswrf units=W m**-2 startStep=24 endStep=26
2022-01-30,18,26,dswrf_to_lead,RNO,OK,short_name=sdswrf units=W m**-2 startStep=24 endStep=26
2021-12-03,18,26,dswrf_to_lead,RNO,OK,short_name=sdswrf units=W m**-2 startStep=24 endStep=26
2021-11-27,18,26,dswrf_to_lead,RNO,OK,short_name=sdswrf units=W m**-2 startStep=24 endStep=26
2021-12-24,18,26,dswrf_to_lead,RNO,OK,short_name=sdswrf units=W m**-2 startStep=24 endStep=26
2022-02-12,18,26,dswrf_to_lead,RNO,OK,short_name=sdswrf units=W m**-2 startStep=24 endStep=26
2022-01-23,18,26,dswrf_to_lead,RNO,OK,short_name=sdswrf units=W m**-2 startStep=24 endStep=26
2022-01-22,18,26,dswrf_to_lead,RNO,OK,short_name=sdswrf units=W m**-2 startStep=24 endStep=26
2022-01-27,18,26,dswrf_to_lead,RNO,OK,short_name=sdswrf units=W m**-2 startStep=24 endStep=26
2022-01-29,18,26,dswrf_to_lead,RNO,OK,short_name=sdswrf units=W m**-2 startStep=24 endStep=26
2022-02-07,18,26,dswrf_to_lead,RNO,OK,short_name=sdswrf units=W m**-2 startStep=24 endStep=26
2022-02-10,18,26,dswrf_to_lead,RNO,OK,short_name=sdswrf units=W m**-2 startStep=24 endStep=26
2022-02-05,18,26,dswrf_to_lead,RNO,OK,short_name=sdswrf units=W m**-2 startStep=24 endStep=26
2022-02-08,18,26,dswrf_to_lead,RNO,OK,short_name=sdswrf units=W m**-2 startStep=24 endStep=26
2022-02-11,18,26,dswrf_to_lead,RNO,OK,short_name=sdswrf units=W m**-2 startStep=24 endStep=26
2022-02-06,18,26,dswrf_to_lead,RNO,OK,short_name=sdswrf units=W m**-2 startStep=24 endStep=26
2022-02-03,18,26,dswrf_to_lead,RNO,OK,short_name=sdswrf units=W m**-2 startStep=24 endStep=26
2022-02-02,18,26,dswrf_to_lead,RNO,OK,short_name=sdswrf units=W m**-2 startStep=24 endStep=26
2022-02-14,18,26,dswrf_to_lead,RNO,OK,short_name=sdswrf units=W m**-2 startStep=24 endStep=26
2022-02-09,18,26,dswrf_to_lead,RNO,OK,short_name=sdswrf units=W m**-2 startStep=24 endStep=26
2022-02-13,18,26,dswrf_to_lead,RNO,OK,short_name=sdswrf units=W m**-2 startStep=24 endStep=26
2021-11-28,18,26,dswrf_to_lead,RNO,OK,short_name=sdswrf units=W m**-2 startStep=24 endStep=26
2022-01-13,18,26,dswrf_to_lead,RNO,OK,short_name=sdswrf units=W m**-2 startStep=24 endStep=26
2021-12-07,18,26,dswrf_to_lead,RNO,OK,short_name=sdswrf units=W m**-2 startStep=24 endStep=26
2022-02-20,18,26,dswrf_to_lead,RNO,OK,short_name=sdswrf units=W m**-2 startStep=24 endStep=26
2022-01-25,18,26,dswrf_to_lead,RNO,OK,short_name=sdswrf units=W m**-2 startStep=24 endStep=26
2022-01-05,18,26,dswrf_to_lead,RNO,OK,short_name=sdswrf units=W m**-2 startStep=24 endStep=26
2022-01-09,18,26,dswrf_to_lead,RNO,OK,short_name=sdswrf units=W m**-2 startStep=24 endStep=26
2022-01-10,18,26,dswrf_to_lead,RNO,OK,short_name=sdswrf units=W m**-2 startStep=24 endStep=26
2022-02-23,18,26,dswrf_to_lead,RNO,OK,short_name=sdswrf units=W m**-2 startStep=24 endStep=26
2022-02-27,18,26,dswrf_to_lead,RNO,OK,short_name=sdswrf units=W m**-2 startStep=24 endStep=26
2022-01-04,18,26,dswrf_to_lead,RNO,OK,short_name=sdswrf units=W m**-2 startStep=24 endStep=26
2022-02-21,18,26,dswrf_to_lead,RNO,OK,short_name=sdswrf units=W m**-2 startStep=24 endStep=26
2021-12-17,18,26,dswrf_to_lead,RNO,OK,short_name=sdswrf units=W m**-2 startStep=24 endStep=26
2022-02-18,18,26,dswrf_to_lead,RNO,OK,short_name=sdswrf units=W m**-2 startStep=24 endStep=26
2022-02-24,18,26,dswrf_to_lead,RNO,OK,short_name=sdswrf units=W m**-2 startStep=24 endStep=26
2021-12-16,18,26,dswrf_to_lead,RNO,OK,short_name=sdswrf units=W m**-2 startStep=24 endStep=26
2022-01-18,18,26,dswrf_to_lead,RNO,OK,short_name=sdswrf units=W m**-2 startStep=24 endStep=26
2022-03-12,18,26,dswrf_to_lead,RNO,OK,short_name=sdswrf units=W m**-2 startStep=24 endStep=26
2022-03-05,18,26,dswrf_to_lead,RNO,OK,short_name=sdswrf units=W m**-2 startStep=24 endStep=26
2022-02-17,18,26,dswrf_to_lead,RNO,OK,short_name=sdswrf units=W m**-2 startStep=24 endStep=26
2022-03-15,18,26,dswrf_to_lead,RNO,OK,short_name=sdswrf units=W m**-2 startStep=24 endStep=26
2022-02-22,18,26,dswrf_to_lead,RNO,OK,short_name=sdswrf units=W m**-2 startStep=24 endStep=26
2022-02-26,18,26,dswrf_to_lead,RNO,OK,short_name=sdswrf units=W m**-2 startStep=24 endStep=26
2022-03-06,18,26,dswrf_to_lead,RNO,OK,short_name=sdswrf units=W m**-2 startStep=24 endStep=26
2021-12-09,18,26,dswrf_to_lead,RNO,OK,short_name=sdswrf units=W m**-2 startStep=24 endStep=26
2022-03-17,18,26,dswrf_to_lead,RNO,OK,short_name=sdswrf units=W m**-2 startStep=24 endStep=26
2022-03-09,18,26,dswrf_to_lead,RNO,OK,short_name=sdswrf units=W m**-2 startStep=24 endStep=26
2022-03-10,18,26,dswrf_to_lead,RNO,OK,short_name=sdswrf units=W m**-2 startStep=24 endStep=26
2022-03-14,18,26,dswrf_to_lead,RNO,OK,short_name=sdswrf units=W m**-2 startStep=24 endStep=26
2021-12-05,18,26,dswrf_to_lead,RNO,OK,short_name=sdswrf units=W m**-2 startStep=24 endStep=26
2022-03-11,18,26,dswrf_to_lead,RNO,OK,short_name=sdswrf units=W m**-2 startStep=24 endStep=26
2022-03-08,18,26,dswrf_to_lead,RNO,OK,short_name=sdswrf units=W m**-2 startStep=24 endStep=26
2022-02-25,18,26,dswrf_to_lead,RNO,OK,short_name=sdswrf units=W m**-2 startStep=24 endStep=26
2022-01-16,18,26,dswrf_to_lead,RNO,OK,short_name=sdswrf units=W m**-2 startStep=24 endStep=26
2022-03-18,18,26,dswrf_to_lead,RNO,OK,short_name=sdswrf units=W m**-2 startStep=24 endStep=26
2021-12-19,18,26,dswrf_to_lead,RNO,OK,short_name=sdswrf units=W m**-2 startStep=24 endStep=26
2022-03-07,18,26,dswrf_to_lead,RNO,OK,short_name=sdswrf units=W m**-2 startStep=24 endStep=26
2022-03-23,18,26,dswrf_to_lead,RNO,OK,short_name=sdswrf units=W m**-2 startStep=24 endStep=26
2022-03-16,18,26,dswrf_to_lead,RNO,OK,short_name=sdswrf units=W m**-2 startStep=24 endStep=26
2022-03-28,18,26,dswrf_to_lead,RNO,OK,short_name=sdswrf units=W m**-2 startStep=24 endStep=26
2022-02-04,18,26,dswrf_to_lead,RNO,OK,short_name=sdswrf units=W m**-2 startStep=24 endStep=26
2022-01-26,18,26,dswrf_to_lead,RNO,OK,short_name=sdswrf units=W m**-2 startStep=24 endStep=26
2022-03-20,18,26,dswrf_to_lead,RNO,OK,short_name=sdswrf units=W m**-2 startStep=24 endStep=26
2022-01-21,18,26,dswrf_to_lead,RNO,OK,short_name=sdswrf units=W m**-2 startStep=24 endStep=26
2022-04-03,18,26,dswrf_to_lead,RNO,OK,short_name=sdswrf units=W m**-2 startStep=24 endStep=26
2022-03-19,18,26,dswrf_to_lead,RNO,OK,short_name=sdswrf units=W m**-2 startStep=24 endStep=26
2022-03-26,18,26,dswrf_to_lead,RNO,OK,short_name=sdswrf units=W m**-2 startStep=24 endStep=26
2022-03-30,18,26,dswrf_to_lead,RNO,OK,short_name=sdswrf units=W m**-2 startStep=24 endStep=26
2022-03-25,18,26,dswrf_to_lead,RNO,OK,short_name=sdswrf units=W m**-2 startStep=24 endStep=26
2022-03-03,18,26,dswrf_to_lead,RNO,OK,short_name=sdswrf units=W m**-2 startStep=24 endStep=26
2022-03-27,18,26,dswrf_to_lead,RNO,OK,short_name=sdswrf units=W m**-2 startStep=24 endStep=26
2021-12-14,18,26,dswrf_to_lead,RNO,OK,short_name=sdswrf units=W m**-2 startStep=24 endStep=26
2022-01-28,18,26,dswrf_to_lead,RNO,OK,short_name=sdswrf units=W m**-2 startStep=24 endStep=26
2022-04-08,18,26,dswrf_to_lead,RNO,OK,short_name=sdswrf units=W m**-2 startStep=24 endStep=26
2022-01-20,18,26,dswrf_to_lead,RNO,OK,short_name=sdswrf units=W m**-2 startStep=24 endStep=26
2022-04-07,18,26,dswrf_to_lead,RNO,OK,short_name=sdswrf units=W m**-2 startStep=24 endStep=26
2022-04-01,18,26,dswrf_to_lead,RNO,OK,short_name=sdswrf units=W m**-2 startStep=24 endStep=26
2022-02-15,18,26,dswrf_to_lead,RNO,OK,short_name=sdswrf units=W m**-2 startStep=24 endStep=26
2022-04-13,18,26,dswrf_to_lead,RNO,OK,short_name=sdswrf units=W m**-2 startStep=24 endStep=26
2022-01-19,18,26,dswrf_to_lead,RNO,OK,short_name=sdswrf units=W m**-2 startStep=24 endStep=26
2022-04-02,18,26,dswrf_to_lead,RNO,OK,short_name=sdswrf units=W m**-2 startStep=24 endStep=26
2022-04-19,18,26,dswrf_to_lead,RNO,OK,short_name=sdswrf units=W m**-2 startStep=24 endStep=26
2021-11-20,18,26,dswrf_to_lead,RNO,OK,short_name=sdswrf units=W m**-2 startStep=24 endStep=26
2022-04-23,18,26,dswrf_to_lead,RNO,OK,short_name=sdswrf units=W m**-2 startStep=24 endStep=26
2022-04-14,18,26,dswrf_to_lead,RNO,OK,short_name=sdswrf units=W m**-2 startStep=24 endStep=26
2022-03-24,18,26,dswrf_to_lead,RNO,OK,short_name=sdswrf units=W m**-2 startStep=24 endStep=26
2022-04-11,18,26,dswrf_to_lead,RNO,OK,short_name=sdswrf units=W m**-2 startStep=24 endStep=26
2022-04-22,18,26,dswrf_to_lead,RNO,OK,short_name=sdswrf units=W m**-2 startStep=24 endStep=26
2022-02-16,18,26,dswrf_to_lead,RNO,OK,short_name=sdswrf units=W m**-2 startStep=24 endStep=26
2022-01-14,18,26,dswrf_to_lead,RNO,OK,short_name=sdswrf units=W m**-2 startStep=24 endStep=26
2022-04-30,18,26,dswrf_to_lead,RNO,OK,short_name=sdswrf units=W m**-2 startStep=24 endStep=26
2022-04-20,18,26,dswrf_to_lead,RNO,OK,short_name=sdswrf units=W m**-2 startStep=24 endStep=26
2022-05-02,18,26,dswrf_to_lead,RNO,OK,short_name=sdswrf units=W m**-2 startStep=24 endStep=26
2022-05-03,18,26,dswrf_to_lead,RNO,OK,short_name=sdswrf units=W m**-2 startStep=24 endStep=26
2022-05-06,18,26,dswrf_to_lead,RNO,OK,short_name=sdswrf units=W m**-2 startStep=24 endStep=26
2022-04-18,18,26,dswrf_to_lead,RNO,OK,short_name=sdswrf units=W m**-2 startStep=24 endStep=26
2022-04-17,18,26,dswrf_to_lead,RNO,OK,short_name=sdswrf units=W m**-2 startStep=24 endStep=26
2022-04-12,18,26,dswrf_to_lead,RNO,OK,short_name=sdswrf units=W m**-2 startStep=24 endStep=26
2022-04-27,18,26,dswrf_to_lead,RNO,OK,short_name=sdswrf units=W m**-2 startStep=24 endStep=26
2022-03-04,18,26,dswrf_to_lead,RNO,OK,short_name=sdswrf units=W m**-2 startStep=24 endStep=26
2022-05-08,18,26,dswrf_to_lead,RNO,OK,short_name=sdswrf units=W m**-2 startStep=24 endStep=26
2022-02-19,18,26,dswrf_to_lead,RNO,OK,short_name=sdswrf units=W m**-2 startStep=24 endStep=26
2022-04-25,18,26,dswrf_to_lead,RNO,OK,short_name=sdswrf units=W m**-2 startStep=24 endStep=26
2022-05-10,18,26,dswrf_to_lead,RNO,OK,short_name=sdswrf units=W m**-2 startStep=24 endStep=26
2022-03-01,18,26,dswrf_to_lead,RNO,OK,short_name=sdswrf units=W m**-2 startStep=24 endStep=26
2022-05-01,18,26,dswrf_to_lead,RNO,OK,short_name=sdswrf units=W m**-2 startStep=24 endStep=26
2022-01-15,18,26,dswrf_to_lead,RNO,OK,short_name=sdswrf units=W m**-2 startStep=24 endStep=26
2022-05-30,18,26,dswrf_to_lead,RNO,OK,short_name=sdswrf units=W m**-2 startStep=24 endStep=26
2022-06-01,18,26,dswrf_to_lead,RNO,OK,short_name=sdswrf units=W m**-2 startStep=24 endStep=26
2022-05-11,18,26,dswrf_to_lead,RNO,OK,short_name=sdswrf units=W m**-2 startStep=24 endStep=26
2022-02-28,18,26,dswrf_to_lead,RNO,OK,short_name=sdswrf units=W m**-2 startStep=24 endStep=26
2022-04-04,18,26,dswrf_to_lead,RNO,OK,short_name=sdswrf units=W m**-2 startStep=24 endStep=26
2022-06-05,18,26,dswrf_to_lead,RNO,OK,short_name=sdswrf units=W m**-2 startStep=24 endStep=26
2022-05-14,18,26,dswrf_to_lead,RNO,OK,short_name=sdswrf units=W m**-2 startStep=24 endStep=26
2022-04-28,18,26,dswrf_to_lead,RNO,OK,short_name=sdswrf units=W m**-2 startStep=24 endStep=26
2022-06-04,18,26,dswrf_to_lead,RNO,OK,short_name=sdswrf units=W m**-2 startStep=24 endStep=26
2022-06-06,18,26,dswrf_to_lead,RNO,OK,short_name=sdswrf units=W m**-2 startStep=24 endStep=26
2022-04-29,18,26,dswrf_to_lead,RNO,OK,short_name=sdswrf units=W m**-2 startStep=24 endStep=26
2022-06-07,18,26,dswrf_to_lead,RNO,OK,short_name=sdswrf units=W m**-2 startStep=24 endStep=26
2022-06-08,18,26,dswrf_to_lead,RNO,OK,short_name=sdswrf units=W m**-2 startStep=24 endStep=26
2022-05-09,18,26,dswrf_to_lead,RNO,OK,short_name=sdswrf units=W m**-2 startStep=24 endStep=26
2022-05-25,18,26,dswrf_to_lead,RNO,OK,short_name=sdswrf units=W m**-2 startStep=24 endStep=26
2022-06-02,18,26,dswrf_to_lead,RNO,OK,short_name=sdswrf units=W m**-2 startStep=24 endStep=26
2022-05-31,18,26,dswrf_to_lead,RNO,OK,short_name=sdswrf units=W m**-2 startStep=24 endStep=26
2022-05-04,18,26,dswrf_to_lead,RNO,OK,short_name=sdswrf units=W m**-2 startStep=24 endStep=26
2022-03-21,18,26,dswrf_to_lead,RNO,OK,short_name=sdswrf units=W m**-2 startStep=24 endStep=26
2022-06-03,18,26,dswrf_to_lead,RNO,OK,short_name=sdswrf units=W m**-2 startStep=24 endStep=26
2022-05-28,18,26,dswrf_to_lead,RNO,OK,short_name=sdswrf units=W m**-2 startStep=24 endStep=26
2022-06-18,18,26,dswrf_to_lead,RNO,OK,short_name=sdswrf units=W m**-2 startStep=24 endStep=26
2022-06-17,18,26,dswrf_to_lead,RNO,OK,short_name=sdswrf units=W m**-2 startStep=24 endStep=26
2022-04-15,18,26,dswrf_to_lead,RNO,OK,short_name=sdswrf units=W m**-2 startStep=24 endStep=26
2022-03-31,18,26,dswrf_to_lead,RNO,OK,short_name=sdswrf units=W m**-2 startStep=24 endStep=26
2022-06-09,18,26,dswrf_to_lead,RNO,OK,short_name=sdswrf units=W m**-2 startStep=24 endStep=26
2022-05-12,18,26,dswrf_to_lead,RNO,OK,short_name=sdswrf units=W m**-2 startStep=24 endStep=26
2022-04-26,18,26,dswrf_to_lead,RNO,OK,short_name=sdswrf units=W m**-2 startStep=24 endStep=26
2022-04-24,18,26,dswrf_to_lead,RNO,OK,short_name=sdswrf units=W m**-2 startStep=24 endStep=26
2022-06-16,18,26,dswrf_to_lead,RNO,OK,short_name=sdswrf units=W m**-2 startStep=24 endStep=26
2022-05-17,18,26,dswrf_to_lead,RNO,OK,short_name=sdswrf units=W m**-2 startStep=24 endStep=26
2022-04-10,18,26,dswrf_to_lead,RNO,OK,short_name=sdswrf units=W m**-2 startStep=24 endStep=26
2022-06-19,18,26,dswrf_to_lead,RNO,OK,short_name=sdswrf units=W m**-2 startStep=24 endStep=26
2022-03-13,18,26,dswrf_to_lead,RNO,OK,short_name=sdswrf units=W m**-2 startStep=24 endStep=26
2022-06-13,18,26,dswrf_to_lead,RNO,OK,short_name=sdswrf units=W m**-2 startStep=24 endStep=26
2022-06-12,18,26,dswrf_to_lead,RNO,OK,short_name=sdswrf units=W m**-2 startStep=24 endStep=26
2022-05-18,18,26,dswrf_to_lead,RNO,OK,short_name=sdswrf units=W m**-2 startStep=24 endStep=26
2022-04-06,18,26,dswrf_to_lead,RNO,OK,short_name=sdswrf units=W m**-2 startStep=24 endStep=26
2022-06-26,18,26,dswrf_to_lead,RNO,OK,short_name=sdswrf units=W m**-2 startStep=24 endStep=26
2022-06-11,18,26,dswrf_to_lead,RNO,OK,short_name=sdswrf units=W m**-2 startStep=24 endStep=26
2022-06-22,18,26,dswrf_to_lead,RNO,OK,short_name=sdswrf units=W m**-2 startStep=24 endStep=26
2022-06-14,18,26,dswrf_to_lead,RNO,OK,short_name=sdswrf units=W m**-2 startStep=24 endStep=26
2022-06-25,18,26,dswrf_to_lead,RNO,OK,short_name=sdswrf units=W m**-2 startStep=24 endStep=26
2022-05-19,18,26,dswrf_to_lead,RNO,OK,short_name=sdswrf units=W m**-2 startStep=24 endStep=26
2022-06-15,18,26,dswrf_to_lead,RNO,OK,short_name=sdswrf units=W m**-2 startStep=24 endStep=26
2022-06-29,18,26,dswrf_to_lead,RNO,OK,short_name=sdswrf units=W m**-2 startStep=24 endStep=26
2022-07-03,18,26,dswrf_to_lead,RNO,OK,short_name=sdswrf units=W m**-2 startStep=24 endStep=26
2022-04-21,18,26,dswrf_to_lead,RNO,OK,short_name=sdswrf units=W m**-2 startStep=24 endStep=26
2022-06-27,18,26,dswrf_to_lead,RNO,OK,short_name=sdswrf units=W m**-2 startStep=24 endStep=26
2022-06-30,18,26,dswrf_to_lead,RNO,OK,short_name=sdswrf units=W m**-2 startStep=24 endStep=26
2022-06-28,18,26,dswrf_to_lead,RNO,OK,short_name=sdswrf units=W m**-2 startStep=24 endStep=26
2022-06-23,18,26,dswrf_to_lead,RNO,OK,short_name=sdswrf units=W m**-2 startStep=24 endStep=26
2022-07-12,18,26,dswrf_to_lead,RNO,OK,short_name=sdswrf units=W m**-2 startStep=24 endStep=26
2022-05-29,18,26,dswrf_to_lead,RNO,OK,short_name=sdswrf units=W m**-2 startStep=24 endStep=26
2022-03-29,18,26,dswrf_to_lead,RNO,OK,short_name=sdswrf units=W m**-2 startStep=24 endStep=26
2022-05-26,18,26,dswrf_to_lead,RNO,OK,short_name=sdswrf units=W m**-2 startStep=24 endStep=26
2022-04-05,18,26,dswrf_to_lead,RNO,OK,short_name=sdswrf units=W m**-2 startStep=24 endStep=26
2022-03-02,18,26,dswrf_to_lead,RNO,OK,short_name=sdswrf units=W m**-2 startStep=24 endStep=26
2022-07-04,18,26,dswrf_to_lead,RNO,OK,short_name=sdswrf units=W m**-2 startStep=24 endStep=26
2022-05-05,18,26,dswrf_to_lead,RNO,OK,short_name=sdswrf units=W m**-2 startStep=24 endStep=26
2022-07-10,18,26,dswrf_to_lead,RNO,OK,short_name=sdswrf units=W m**-2 startStep=24 endStep=26
2022-07-11,18,26,dswrf_to_lead,RNO,OK,short_name=sdswrf units=W m**-2 startStep=24 endStep=26
2022-07-18,18,26,dswrf_to_lead,RNO,OK,short_name=sdswrf units=W m**-2 startStep=24 endStep=26
2022-07-08,18,26,dswrf_to_lead,RNO,OK,short_name=sdswrf units=W m**-2 startStep=24 endStep=26
2022-06-10,18,26,dswrf_to_lead,RNO,OK,short_name=sdswrf units=W m**-2 startStep=24 endStep=26
2022-05-23,18,26,dswrf_to_lead,RNO,OK,short_name=sdswrf units=W m**-2 startStep=24 endStep=26
2022-03-22,18,26,dswrf_to_lead,RNO,OK,short_name=sdswrf units=W m**-2 startStep=24 endStep=26
2022-07-13,18,26,dswrf_to_lead,RNO,OK,short_name=sdswrf units=W m**-2 startStep=24 endStep=26
2022-07-20,18,26,dswrf_to_lead,RNO,OK,short_name=sdswrf units=W m**-2 startStep=24 endStep=26
2022-07-14,18,26,dswrf_to_lead,RNO,OK,short_name=sdswrf units=W m**-2 startStep=24 endStep=26
2022-07-05,18,26,dswrf_to_lead,RNO,OK,short_name=sdswrf units=W m**-2 startStep=24 endStep=26
2022-05-20,18,26,dswrf_to_lead,RNO,OK,short_name=sdswrf units=W m**-2 startStep=24 endStep=26
2022-07-28,18,26,dswrf_to_lead,RNO,OK,short_name=sdswrf units=W m**-2 startStep=24 endStep=26
2022-07-29,18,26,dswrf_to_lead,RNO,OK,short_name=sdswrf units=W m**-2 startStep=24 endStep=26
2022-08-01,18,26,dswrf_to_lead,RNO,OK,short_name=sdswrf units=W m**-2 startStep=24 endStep=26
2022-07-27,18,26,dswrf_to_lead,RNO,OK,short_name=sdswrf units=W m**-2 startStep=24 endStep=26
2022-04-16,18,26,dswrf_to_lead,RNO,OK,short_name=sdswrf units=W m**-2 startStep=24 endStep=26
2022-05-15,18,26,dswrf_to_lead,RNO,OK,short_name=sdswrf units=W m**-2 startStep=24 endStep=26
2022-07-25,18,26,dswrf_to_lead,RNO,OK,short_name=sdswrf units=W m**-2 startStep=24 endStep=26
2022-05-22,18,26,dswrf_to_lead,RNO,OK,short_name=sdswrf units=W m**-2 startStep=24 endStep=26
2022-08-03,18,26,dswrf_to_lead,RNO,OK,short_name=sdswrf units=W m**-2 startStep=24 endStep=26
2022-07-22,18,26,dswrf_to_lead,RNO,OK,short_name=sdswrf units=W m**-2 startStep=24 endStep=26
2022-05-07,18,26,dswrf_to_lead,RNO,OK,short_name=sdswrf units=W m**-2 startStep=24 endStep=26
2022-05-24,18,26,dswrf_to_lead,RNO,OK,short_name=sdswrf units=W m**-2 startStep=24 endStep=26
2022-07-30,18,26,dswrf_to_lead,RNO,OK,short_name=sdswrf units=W m**-2 startStep=24 endStep=26
2022-05-16,18,26,dswrf_to_lead,RNO,OK,short_name=sdswrf units=W m**-2 startStep=24 endStep=26
2022-07-07,18,26,dswrf_to_lead,RNO,OK,short_name=sdswrf units=W m**-2 startStep=24 endStep=26
2022-08-08,18,26,dswrf_to_lead,RNO,OK,short_name=sdswrf units=W m**-2 startStep=24 endStep=26
2022-07-24,18,26,dswrf_to_lead,RNO,OK,short_name=sdswrf units=W m**-2 startStep=24 endStep=26
2022-05-21,18,26,dswrf_to_lead,RNO,OK,short_name=sdswrf units=W m**-2 startStep=24 endStep=26
2022-05-13,18,26,dswrf_to_lead,RNO,OK,short_name=sdswrf units=W m**-2 startStep=24 endStep=26
2022-08-10,18,26,dswrf_to_lead,RNO,OK,short_name=sdswrf units=W m**-2 startStep=24 endStep=26
2022-08-05,18,26,dswrf_to_lead,RNO,OK,short_name=sdswrf units=W m**-2 startStep=24 endStep=26
2022-08-09,18,26,dswrf_to_lead,RNO,OK,short_name=sdswrf units=W m**-2 startStep=24 endStep=26
2022-07-31,18,26,dswrf_to_lead,RNO,OK,short_name=sdswrf units=W m**-2 startStep=24 endStep=26
2022-08-06,18,26,dswrf_to_lead,RNO,OK,short_name=sdswrf units=W m**-2 startStep=24 endStep=26
2022-09-05,18,26,dswrf_to_lead,RNO,OK,short_name=sdswrf units=W m**-2 startStep=24 endStep=26
2022-09-07,18,26,dswrf_to_lead,RNO,OK,short_name=sdswrf units=W m**-2 startStep=24 endStep=26
2022-09-09,18,26,dswrf_to_lead,RNO,OK,short_name=sdswrf units=W m**-2 startStep=24 endStep=26
2022-09-08,18,26,dswrf_to_lead,RNO,OK,short_name=sdswrf units=W m**-2 startStep=24 endStep=26
2022-09-11,18,26,dswrf_to_lead,RNO,OK,short_name=sdswrf units=W m**-2 startStep=24 endStep=26
2022-09-13,18,26,dswrf_to_lead,RNO,OK,short_name=sdswrf units=W m**-2 startStep=24 endStep=26
2022-09-10,18,26,dswrf_to_lead,RNO,OK,short_name=sdswrf units=W m**-2 startStep=24 endStep=26
2022-09-12,18,26,dswrf_to_lead,RNO,OK,short_name=sdswrf units=W m**-2 startStep=24 endStep=26
2022-09-14,18,26,dswrf_to_lead,RNO,OK,short_name=sdswrf units=W m**-2 startStep=24 endStep=26
2022-09-15,18,26,dswrf_to_lead,RNO,OK,short_name=sdswrf units=W m**-2 startStep=24 endStep=26
2022-09-16,18,26,dswrf_to_lead,RNO,OK,short_name=sdswrf units=W m**-2 startStep=24 endStep=26
2022-09-17,18,26,dswrf_to_lead,RNO,OK,short_name=sdswrf units=W m**-2 startStep=24 endStep=26
2022-09-19,18,26,dswrf_to_lead,RNO,OK,short_name=sdswrf units=W m**-2 startStep=24 endStep=26
2022-09-18,18,26,dswrf_to_lead,RNO,OK,short_name=sdswrf units=W m**-2 startStep=24 endStep=26
2022-09-20,18,26,dswrf_to_lead,RNO,OK,short_name=sdswrf units=W m**-2 startStep=24 endStep=26
2022-09-21,18,26,dswrf_to_lead,RNO,OK,short_name=sdswrf units=W m**-2 startStep=24 endStep=26
2022-09-22,18,26,dswrf_to_lead,RNO,OK,short_name=sdswrf units=W m**-2 startStep=24 endStep=26
2022-09-23,18,26,dswrf_to_lead,RNO,OK,short_name=sdswrf units=W m**-2 startStep=24 endStep=26
2022-09-24,18,26,dswrf_to_lead,RNO,OK,short_name=sdswrf units=W m**-2 startStep=24 endStep=26
2022-09-25,18,26,dswrf_to_lead,RNO,OK,short_name=sdswrf units=W m**-2 startStep=24 endStep=26
2022-09-26,18,26,dswrf_to_lead,RNO,OK,short_name=sdswrf units=W m**-2 startStep=24 endStep=26
2022-09-27,18,26,dswrf_to_lead,RNO,OK,short_name=sdswrf units=W m**-2 startStep=24 endStep=26
2022-09-28,18,26,dswrf_to_lead,RNO,OK,short_name=sdswrf units=W m**-2 startStep=24 endStep=26
2022-09-29,18,26,dswrf_to_lead,RNO,OK,short_name=sdswrf units=W m**-2 startStep=24 endStep=26
2022-09-30,18,26,dswrf_to_lead,RNO,OK,short_name=sdswrf units=W m**-2 startStep=24 endStep=26
2022-10-01,18,26,dswrf_to_lead,RNO,OK,short_name=sdswrf units=W m**-2 startStep=24 endStep=26
2022-10-02,18,26,dswrf_to_lead,RNO,OK,short_name=sdswrf units=W m**-2 startStep=24 endStep=26
2022-10-03,18,26,dswrf_to_lead,RNO,OK,short_name=sdswrf units=W m**-2 startStep=24 endStep=26
2022-10-04,18,26,dswrf_to_lead,RNO,OK,short_name=sdswrf units=W m**-2 startStep=24 endStep=26
2022-10-05,18,26,dswrf_to_lead,RNO,OK,short_name=sdswrf units=W m**-2 startStep=24 endStep=26
2022-10-06,18,26,dswrf_to_lead,RNO,OK,short_name=sdswrf units=W m**-2 startStep=24 endStep=26
2022-10-08,18,26,dswrf_to_lead,RNO,OK,short_name=sdswrf units=W m**-2 startStep=24 endStep=26
2022-10-07,18,26,dswrf_to_lead,RNO,OK,short_name=sdswrf units=W m**-2 startStep=24 endStep=26
2022-10-09,18,26,dswrf_to_lead,RNO,OK,short_name=sdswrf units=W m**-2 startStep=24 endStep=26
2022-10-10,18,26,dswrf_to_lead,RNO,OK,short_name=sdswrf units=W m**-2 startStep=24 endStep=26
2022-10-11,18,26,dswrf_to_lead,RNO,OK,short_name=sdswrf units=W m**-2 startStep=24 endStep=26
2022-10-12,18,26,dswrf_to_lead,RNO,OK,short_name=sdswrf units=W m**-2 startStep=24 endStep=26
2022-10-13,18,26,dswrf_to_lead,RNO,OK,short_name=sdswrf units=W m**-2 startStep=24 endStep=26
2022-10-14,18,26,dswrf_to_lead,RNO,OK,short_name=sdswrf units=W m**-2 startStep=24 endStep=26
2022-10-15,18,26,dswrf_to_lead,RNO,OK,short_name=sdswrf units=W m**-2 startStep=24 endStep=26
2022-10-17,18,26,dswrf_to_lead,RNO,OK,short_name=sdswrf units=W m**-2 startStep=24 endStep=26
2022-10-16,18,26,dswrf_to_lead,RNO,OK,short_name=sdswrf units=W m**-2 startStep=24 endStep=26
2022-10-18,18,26,dswrf_to_lead,RNO,OK,short_name=sdswrf units=W m**-2 startStep=24 endStep=26
2022-10-19,18,26,dswrf_to_lead,RNO,OK,short_name=sdswrf units=W m**-2 startStep=24 endStep=26
2022-10-21,18,26,dswrf_to_lead,RNO,OK,short_name=sdswrf units=W m**-2 startStep=24 endStep=26
2022-10-20,18,26,dswrf_to_lead,RNO,OK,short_name=sdswrf units=W m**-2 startStep=24 endStep=26
2022-10-22,18,26,dswrf_to_lead,RNO,OK,short_name=sdswrf units=W m**-2 startStep=24 endStep=26
2022-10-24,18,26,dswrf_to_lead,RNO,OK,short_name=sdswrf units=W m**-2 startStep=24 endStep=26
2022-10-23,18,26,dswrf_to_lead,RNO,OK,short_name=sdswrf units=W m**-2 startStep=24 endStep=26
2022-10-25,18,26,dswrf_to_lead,RNO,OK,short_name=sdswrf units=W m**-2 startStep=24 endStep=26
2022-10-26,18,26,dswrf_to_lead,RNO,OK,short_name=sdswrf units=W m**-2 startStep=24 endStep=26
2022-10-27,18,26,dswrf_to_lead,RNO,OK,short_name=sdswrf units=W m**-2 startStep=24 endStep=26
2022-10-28,18,26,dswrf_to_lead,RNO,OK,short_name=sdswrf units=W m**-2 startStep=24 endStep=26
2022-10-29,18,26,dswrf_to_lead,RNO,OK,short_name=sdswrf units=W m**-2 startStep=24 endStep=26
2022-10-30,18,26,dswrf_to_lead,RNO,OK,short_name=sdswrf units=W m**-2 startStep=24 endStep=26
2022-10-31,18,26,dswrf_to_lead,RNO,OK,short_name=sdswrf units=W m**-2 startStep=24 endStep=26
2022-11-01,18,26,dswrf_to_lead,RNO,OK,short_name=sdswrf units=W m**-2 startStep=24 endStep=26
2022-11-02,18,26,dswrf_to_lead,RNO,OK,short_name=sdswrf units=W m**-2 startStep=24 endStep=26
2022-11-03,18,26,dswrf_to_lead,RNO,OK,short_name=sdswrf units=W m**-2 startStep=24 endStep=26
2022-11-05,18,26,dswrf_to_lead,RNO,OK,short_name=sdswrf units=W m**-2 startStep=24 endStep=26
2022-11-04,18,26,dswrf_to_lead,RNO,OK,short_name=sdswrf units=W m**-2 startStep=24 endStep=26
2022-11-06,18,26,dswrf_to_lead,RNO,OK,short_name=sdswrf units=W m**-2 startStep=24 endStep=26
2022-11-08,18,26,dswrf_to_lead,RNO,OK,short_name=sdswrf units=W m**-2 startStep=24 endStep=26
2022-11-09,18,26,dswrf_to_lead,RNO,OK,short_name=sdswrf units=W m**-2 startStep=24 endStep=26
2022-11-07,18,26,dswrf_to_lead,RNO,OK,short_name=sdswrf units=W m**-2 startStep=24 endStep=26
2022-11-11,18,26,dswrf_to_lead,RNO,OK,short_name=sdswrf units=W m**-2 startStep=24 endStep=26
2022-11-10,18,26,dswrf_to_lead,RNO,OK,short_name=sdswrf units=W m**-2 startStep=24 endStep=26
2022-11-13,18,26,dswrf_to_lead,RNO,OK,short_name=sdswrf units=W m**-2 startStep=24 endStep=26
2022-11-14,18,26,dswrf_to_lead,RNO,OK,short_name=sdswrf units=W m**-2 startStep=24 endStep=26
2022-11-12,18,26,dswrf_to_lead,RNO,OK,short_name=sdswrf units=W m**-2 startStep=24 endStep=26
2022-11-15,18,26,dswrf_to_lead,RNO,OK,short_name=sdswrf units=W m**-2 startStep=24 endStep=26
2022-11-16,18,26,dswrf_to_lead,RNO,OK,short_name=sdswrf units=W m**-2 startStep=24 endStep=26
2022-11-17,18,26,dswrf_to_lead,RNO,OK,short_name=sdswrf units=W m**-2 startStep=24 endStep=26
2022-11-18,18,26,dswrf_to_lead,RNO,OK,short_name=sdswrf units=W m**-2 startStep=24 endStep=26
2022-11-19,18,26,dswrf_to_lead,RNO,OK,short_name=sdswrf units=W m**-2 startStep=24 endStep=26
2022-11-20,18,26,dswrf_to_lead,RNO,OK,short_name=sdswrf units=W m**-2 startStep=24 endStep=26
2022-11-23,18,26,dswrf_to_lead,RNO,OK,short_name=sdswrf units=W m**-2 startStep=24 endStep=26
2022-11-22,18,26,dswrf_to_lead,RNO,OK,short_name=sdswrf units=W m**-2 startStep=24 endStep=26
2022-11-21,18,26,dswrf_to_lead,RNO,OK,short_name=sdswrf units=W m**-2 startStep=24 endStep=26
2022-11-26,18,26,dswrf_to_lead,RNO,OK,short_name=sdswrf units=W m**-2 startStep=24 endStep=26
2022-11-24,18,26,dswrf_to_lead,RNO,OK,short_name=sdswrf units=W m**-2 startStep=24 endStep=26
2022-11-25,18,26,dswrf_to_lead,RNO,OK,short_name=sdswrf units=W m**-2 startStep=24 endStep=26
2022-11-30,18,26,dswrf_to_lead,RNO,OK,short_name=sdswrf units=W m**-2 startStep=24 endStep=26
2022-11-27,18,26,dswrf_to_lead,RNO,OK,short_name=sdswrf units=W m**-2 startStep=24 endStep=26
2022-11-28,18,26,dswrf_to_lead,RNO,OK,short_name=sdswrf units=W m**-2 startStep=24 endStep=26
2022-12-01,18,26,dswrf_to_lead,RNO,OK,short_name=sdswrf units=W m**-2 startStep=24 endStep=26
2022-12-03,18,26,dswrf_to_lead,RNO,OK,short_name=sdswrf units=W m**-2 startStep=24 endStep=26
2022-12-02,18,26,dswrf_to_lead,RNO,OK,short_name=sdswrf units=W m**-2 startStep=24 endStep=26
2022-12-04,18,26,dswrf_to_lead,RNO,OK,short_name=sdswrf units=W m**-2 startStep=24 endStep=26
2022-12-06,18,26,dswrf_to_lead,RNO,OK,short_name=sdswrf units=W m**-2 startStep=24 endStep=26
2022-12-05,18,26,dswrf_to_lead,RNO,OK,short_name=sdswrf units=W m**-2 startStep=24 endStep=26
2022-12-07,18,26,dswrf_to_lead,RNO,OK,short_name=sdswrf units=W m**-2 startStep=24 endStep=26
2022-12-08,18,26,dswrf_to_lead,RNO,OK,short_name=sdswrf units=W m**-2 startStep=24 endStep=26
2022-12-09,18,26,dswrf_to_lead,RNO,OK,short_name=sdswrf units=W m**-2 startStep=24 endStep=26
2022-12-10,18,26,dswrf_to_lead,RNO,OK,short_name=sdswrf units=W m**-2 startStep=24 endStep=26
2022-12-11,18,26,dswrf_to_lead,RNO,OK,short_name=sdswrf units=W m**-2 startStep=24 endStep=26
2022-12-12,18,26,dswrf_to_lead,RNO,OK,short_name=sdswrf units=W m**-2 startStep=24 endStep=26
2022-12-13,18,26,dswrf_to_lead,RNO,OK,short_name=sdswrf units=W m**-2 startStep=24 endStep=26
2022-12-14,18,26,dswrf_to_lead,RNO,OK,short_name=sdswrf units=W m**-2 startStep=24 endStep=26
2022-12-15,18,26,dswrf_to_lead,RNO,OK,short_name=sdswrf units=W m**-2 startStep=24 endStep=26
2022-12-17,18,26,dswrf_to_lead,RNO,OK,short_name=sdswrf units=W m**-2 startStep=24 endStep=26
2022-12-16,18,26,dswrf_to_lead,RNO,OK,short_name=sdswrf units=W m**-2 startStep=24 endStep=26
2022-12-18,18,26,dswrf_to_lead,RNO,OK,short_name=sdswrf units=W m**-2 startStep=24 endStep=26
2022-12-19,18,26,dswrf_to_lead,RNO,OK,short_name=sdswrf units=W m**-2 startStep=24 endStep=26
2022-12-20,18,26,dswrf_to_lead,RNO,OK,short_name=sdswrf units=W m**-2 startStep=24 endStep=26
2022-12-21,18,26,dswrf_to_lead,RNO,OK,short_name=sdswrf units=W m**-2 startStep=24 endStep=26
2022-12-22,18,26,dswrf_to_lead,RNO,OK,short_name=sdswrf units=W m**-2 startStep=24 endStep=26
2022-12-23,18,26,dswrf_to_lead,RNO,OK,short_name=sdswrf units=W m**-2 startStep=24 endStep=26
2022-12-24,18,26,dswrf_to_lead,RNO,OK,short_name=sdswrf units=W m**-2 startStep=24 endStep=26
2022-12-25,18,26,dswrf_to_lead,RNO,OK,short_name=sdswrf units=W m**-2 startStep=24 endStep=26
2022-12-26,18,26,dswrf_to_lead,RNO,OK,short_name=sdswrf units=W m**-2 startStep=24 endStep=26
2022-12-27,18,26,dswrf_to_lead,RNO,OK,short_name=sdswrf units=W m**-2 startStep=24 endStep=26
2022-12-28,18,26,dswrf_to_lead,RNO,OK,short_name=sdswrf units=W m**-2 startStep=24 endStep=26
2022-12-29,18,26,dswrf_to_lead,RNO,OK,short_name=sdswrf units=W m**-2 startStep=24 endStep=26
2022-12-30,18,26,dswrf_to_lead,RNO,OK,short_name=sdswrf units=W m**-2 startStep=24 endStep=26
2022-12-31,18,26,dswrf_to_lead,RNO,OK,short_name=sdswrf units=W m**-2 startStep=24 endStep=26
2023-01-01,18,26,dswrf_to_lead,RNO,OK,short_name=sdswrf units=W m**-2 startStep=24 endStep=26
2023-01-02,18,26,dswrf_to_lead,RNO,OK,short_name=sdswrf units=W m**-2 startStep=24 endStep=26
2023-01-04,18,26,dswrf_to_lead,RNO,OK,short_name=sdswrf units=W m**-2 startStep=24 endStep=26
2023-01-03,18,26,dswrf_to_lead,RNO,OK,short_name=sdswrf units=W m**-2 startStep=24 endStep=26
2023-01-05,18,26,dswrf_to_lead,RNO,OK,short_name=sdswrf units=W m**-2 startStep=24 endStep=26
2023-01-06,18,26,dswrf_to_lead,RNO,OK,short_name=sdswrf units=W m**-2 startStep=24 endStep=26
2023-01-07,18,26,dswrf_to_lead,RNO,OK,short_name=sdswrf units=W m**-2 startStep=24 endStep=26
2023-01-08,18,26,dswrf_to_lead,RNO,OK,short_name=sdswrf units=W m**-2 startStep=24 endStep=26
2023-01-09,18,26,dswrf_to_lead,RNO,OK,short_name=sdswrf units=W m**-2 startStep=24 endStep=26
2023-01-10,18,26,dswrf_to_lead,RNO,OK,short_name=sdswrf units=W m**-2 startStep=24 endStep=26
2023-01-11,18,26,dswrf_to_lead,RNO,OK,short_name=sdswrf units=W m**-2 startStep=24 endStep=26
2023-01-13,18,26,dswrf_to_lead,RNO,OK,short_name=sdswrf units=W m**-2 startStep=24 endStep=26
2023-01-14,18,26,dswrf_to_lead,RNO,OK,short_name=sdswrf units=W m**-2 startStep=24 endStep=26
2023-01-12,18,26,dswrf_to_lead,RNO,OK,short_name=sdswrf units=W m**-2 startStep=24 endStep=26
2023-01-15,18,26,dswrf_to_lead,RNO,OK,short_name=sdswrf units=W m**-2 startStep=24 endStep=26
2023-01-17,18,26,dswrf_to_lead,RNO,OK,short_name=sdswrf units=W m**-2 startStep=24 endStep=26
2023-01-16,18,26,dswrf_to_lead,RNO,OK,short_name=sdswrf units=W m**-2 startStep=24 endStep=26
2023-01-19,18,26,dswrf_to_lead,RNO,OK,short_name=sdswrf units=W m**-2 startStep=24 endStep=26
2023-01-20,18,26,dswrf_to_lead,RNO,OK,short_name=sdswrf units=W m**-2 startStep=24 endStep=26
2023-01-18,18,26,dswrf_to_lead,RNO,OK,short_name=sdswrf units=W m**-2 startStep=24 endStep=26
2023-01-21,18,26,dswrf_to_lead,RNO,OK,short_name=sdswrf units=W m**-2 startStep=24 endStep=26
2023-01-23,18,26,dswrf_to_lead,RNO,OK,short_name=sdswrf units=W m**-2 startStep=24 endStep=26
2023-01-22,18,26,dswrf_to_lead,RNO,OK,short_name=sdswrf units=W m**-2 startStep=24 endStep=26
2023-01-24,18,26,dswrf_to_lead,RNO,OK,short_name=sdswrf units=W m**-2 startStep=24 endStep=26
2023-01-25,18,26,dswrf_to_lead,RNO,OK,short_name=sdswrf units=W m**-2 startStep=24 endStep=26
2023-01-26,18,26,dswrf_to_lead,RNO,OK,short_name=sdswrf units=W m**-2 startStep=24 endStep=26
2023-01-27,18,26,dswrf_to_lead,RNO,OK,short_name=sdswrf units=W m**-2 startStep=24 endStep=26
2023-01-28,18,26,dswrf_to_lead,RNO,OK,short_name=sdswrf units=W m**-2 startStep=24 endStep=26
2023-01-30,18,26,dswrf_to_lead,RNO,OK,short_name=sdswrf units=W m**-2 startStep=24 endStep=26
2023-01-29,18,26,dswrf_to_lead,RNO,OK,short_name=sdswrf units=W m**-2 startStep=24 endStep=26
2023-01-31,18,26,dswrf_to_lead,RNO,OK,short_name=sdswrf units=W m**-2 startStep=24 endStep=26
2023-02-01,18,26,dswrf_to_lead,RNO,OK,short_name=sdswrf units=W m**-2 startStep=24 endStep=26
2023-02-02,18,26,dswrf_to_lead,RNO,OK,short_name=sdswrf units=W m**-2 startStep=24 endStep=26
2023-02-03,18,26,dswrf_to_lead,RNO,OK,short_name=sdswrf units=W m**-2 startStep=24 endStep=26
2023-02-04,18,26,dswrf_to_lead,RNO,OK,short_name=sdswrf units=W m**-2 startStep=24 endStep=26
2023-02-05,18,26,dswrf_to_lead,RNO,OK,short_name=sdswrf units=W m**-2 startStep=24 endStep=26
2023-02-07,18,26,dswrf_to_lead,RNO,OK,short_name=sdswrf units=W m**-2 startStep=24 endStep=26
2023-02-06,18,26,dswrf_to_lead,RNO,OK,short_name=sdswrf units=W m**-2 startStep=24 endStep=26
2023-02-08,18,26,dswrf_to_lead,RNO,OK,short_name=sdswrf units=W m**-2 startStep=24 endStep=26
2023-02-09,18,26,dswrf_to_lead,RNO,OK,short_name=sdswrf units=W m**-2 startStep=24 endStep=26
2023-02-10,18,26,dswrf_to_lead,RNO,OK,short_name=sdswrf units=W m**-2 startStep=24 endStep=26
2023-02-11,18,26,dswrf_to_lead,RNO,OK,short_name=sdswrf units=W m**-2 startStep=24 endStep=26
2023-02-12,18,26,dswrf_to_lead,RNO,OK,short_name=sdswrf units=W m**-2 startStep=24 endStep=26
2023-02-14,18,26,dswrf_to_lead,RNO,OK,short_name=sdswrf units=W m**-2 startStep=24 endStep=26
2023-02-15,18,26,dswrf_to_lead,RNO,OK,short_name=sdswrf units=W m**-2 startStep=24 endStep=26
2023-02-13,18,26,dswrf_to_lead,RNO,OK,short_name=sdswrf units=W m**-2 startStep=24 endStep=26
2023-02-17,18,26,dswrf_to_lead,RNO,OK,short_name=sdswrf units=W m**-2 startStep=24 endStep=26
2023-02-16,18,26,dswrf_to_lead,RNO,OK,short_name=sdswrf units=W m**-2 startStep=24 endStep=26
2023-02-19,18,26,dswrf_to_lead,RNO,OK,short_name=sdswrf units=W m**-2 startStep=24 endStep=26
2023-02-20,18,26,dswrf_to_lead,RNO,OK,short_name=sdswrf units=W m**-2 startStep=24 endStep=26
2023-02-18,18,26,dswrf_to_lead,RNO,OK,short_name=sdswrf units=W m**-2 startStep=24 endStep=26
2023-02-22,18,26,dswrf_to_lead,RNO,OK,short_name=sdswrf units=W m**-2 startStep=24 endStep=26
2023-02-21,18,26,dswrf_to_lead,RNO,OK,short_name=sdswrf units=W m**-2 startStep=24 endStep=26
2023-02-23,18,26,dswrf_to_lead,RNO,OK,short_name=sdswrf units=W m**-2 startStep=24 endStep=26
2023-02-25,18,26,dswrf_to_lead,RNO,OK,short_name=sdswrf units=W m**-2 startStep=24 endStep=26
2023-02-24,18,26,dswrf_to_lead,RNO,OK,short_name=sdswrf units=W m**-2 startStep=24 endStep=26
2023-02-26,18,26,dswrf_to_lead,RNO,OK,short_name=sdswrf units=W m**-2 startStep=24 endStep=26
2023-02-27,18,26,dswrf_to_lead,RNO,OK,short_name=sdswrf units=W m**-2 startStep=24 endStep=26
2023-02-28,18,26,dswrf_to_lead,RNO,OK,short_name=sdswrf units=W m**-2 startStep=24 endStep=26
2023-03-02,18,26,dswrf_to_lead,RNO,OK,short_name=sdswrf units=W m**-2 startStep=24 endStep=26
2023-03-01,18,26,dswrf_to_lead,RNO,OK,short_name=sdswrf units=W m**-2 startStep=24 endStep=26
2023-03-03,18,26,dswrf_to_lead,RNO,OK,short_name=sdswrf units=W m**-2 startStep=24 endStep=26
2022-05-27,18,26,dswrf_to_lead,RNO,OK,short_name=sdswrf units=W m**-2 startStep=24 endStep=26
2022-06-21,18,26,dswrf_to_lead,RNO,OK,short_name=sdswrf units=W m**-2 startStep=24 endStep=26
2023-03-06,18,26,dswrf_to_lead,RNO,OK,short_name=sdswrf units=W m**-2 startStep=24 endStep=26
2022-07-06,18,26,dswrf_to_lead,RNO,OK,short_name=sdswrf units=W m**-2 startStep=24 endStep=26
2022-08-22,18,26,dswrf_to_lead,RNO,OK,short_name=sdswrf units=W m**-2 startStep=24 endStep=26
2022-07-01,18,26,dswrf_to_lead,RNO,OK,short_name=sdswrf units=W m**-2 startStep=24 endStep=26
2022-09-06,18,26,dswrf_to_lead,RNO,OK,short_name=sdswrf units=W m**-2 startStep=24 endStep=26
2023-03-05,18,26,dswrf_to_lead,RNO,OK,short_name=sdswrf units=W m**-2 startStep=24 endStep=26
2022-04-09,18,26,dswrf_to_lead,RNO,OK,short_name=sdswrf units=W m**-2 startStep=24 endStep=26
2022-07-17,18,26,dswrf_to_lead,RNO,OK,short_name=sdswrf units=W m**-2 startStep=24 endStep=26
2023-03-04,18,26,dswrf_to_lead,RNO,OK,short_name=sdswrf units=W m**-2 startStep=24 endStep=26
2022-07-15,18,26,dswrf_to_lead,RNO,OK,short_name=sdswrf units=W m**-2 startStep=24 endStep=26
2022-08-17,18,26,dswrf_to_lead,RNO,OK,short_name=sdswrf units=W m**-2 startStep=24 endStep=26
2022-08-23,18,26,dswrf_to_lead,RNO,OK,short_name=sdswrf units=W m**-2 startStep=24 endStep=26
2022-08-29,18,26,dswrf_to_lead,RNO,OK,short_name=sdswrf units=W m**-2 startStep=24 endStep=26
2023-03-08,18,26,dswrf_to_lead,RNO,OK,short_name=sdswrf units=W m**-2 startStep=24 endStep=26
2022-07-16,18,26,dswrf_to_lead,RNO,OK,short_name=sdswrf units=W m**-2 startStep=24 endStep=26
2022-08-25,18,26,dswrf_to_lead,RNO,OK,short_name=sdswrf units=W m**-2 startStep=24 endStep=26
2022-06-24,18,26,dswrf_to_lead,RNO,OK,short_name=sdswrf units=W m**-2 startStep=24 endStep=26
2023-03-13,18,26,dswrf_to_lead,RNO,OK,short_name=sdswrf units=W m**-2 startStep=24 endStep=26
2022-08-11,18,26,dswrf_to_lead,RNO,OK,short_name=sdswrf units=W m**-2 startStep=24 endStep=26
2022-07-02,18,26,dswrf_to_lead,RNO,OK,short_name=sdswrf units=W m**-2 startStep=24 endStep=26
2022-08-21,18,26,dswrf_to_lead,RNO,OK,short_name=sdswrf units=W m**-2 startStep=24 endStep=26
2022-08-15,18,26,dswrf_to_lead,RNO,OK,short_name=sdswrf units=W m**-2 startStep=24 endStep=26
2022-08-18,18,26,dswrf_to_lead,RNO,OK,short_name=sdswrf units=W m**-2 startStep=24 endStep=26
2023-03-16,18,26,dswrf_to_lead,RNO,OK,short_name=sdswrf units=W m**-2 startStep=24 endStep=26
2022-08-28,18,26,dswrf_to_lead,RNO,OK,short_name=sdswrf units=W m**-2 startStep=24 endStep=26
2023-03-07,18,26,dswrf_to_lead,RNO,OK,short_name=sdswrf units=W m**-2 startStep=24 endStep=26
2022-08-19,18,26,dswrf_to_lead,RNO,OK,short_name=sdswrf units=W m**-2 startStep=24 endStep=26
2022-09-01,18,26,dswrf_to_lead,RNO,OK,short_name=sdswrf units=W m**-2 startStep=24 endStep=26
2022-08-13,18,26,dswrf_to_lead,RNO,OK,short_name=sdswrf units=W m**-2 startStep=24 endStep=26
2022-07-19,18,26,dswrf_to_lead,RNO,OK,short_name=sdswrf units=W m**-2 startStep=24 endStep=26
2022-08-12,18,26,dswrf_to_lead,RNO,OK,short_name=sdswrf units=W m**-2 startStep=24 endStep=26
2022-09-03,18,26,dswrf_to_lead,RNO,OK,short_name=sdswrf units=W m**-2 startStep=24 endStep=26
2023-03-24,18,26,dswrf_to_lead,RNO,OK,short_name=sdswrf units=W m**-2 startStep=24 endStep=26
2023-03-14,18,26,dswrf_to_lead,RNO,OK,short_name=sdswrf units=W m**-2 startStep=24 endStep=26
2023-03-10,18,26,dswrf_to_lead,RNO,OK,short_name=sdswrf units=W m**-2 startStep=24 endStep=26
2023-03-18,18,26,dswrf_to_lead,RNO,OK,short_name=sdswrf units=W m**-2 startStep=24 endStep=26
2022-08-04,18,26,dswrf_to_lead,RNO,OK,short_name=sdswrf units=W m**-2 startStep=24 endStep=26
2022-09-02,18,26,dswrf_to_lead,RNO,OK,short_name=sdswrf units=W m**-2 startStep=24 endStep=26
2023-03-12,18,26,dswrf_to_lead,RNO,OK,short_name=sdswrf units=W m**-2 startStep=24 endStep=26
2023-04-02,18,26,dswrf_to_lead,RNO,OK,short_name=sdswrf units=W m**-2 startStep=24 endStep=26
2022-09-04,18,26,dswrf_to_lead,RNO,OK,short_name=sdswrf units=W m**-2 startStep=24 endStep=26
2022-08-07,18,26,dswrf_to_lead,RNO,OK,short_name=sdswrf units=W m**-2 startStep=24 endStep=26
2023-03-26,18,26,dswrf_to_lead,RNO,OK,short_name=sdswrf units=W m**-2 startStep=24 endStep=26
2022-08-24,18,26,dswrf_to_lead,RNO,OK,short_name=sdswrf units=W m**-2 startStep=24 endStep=26
2023-03-11,18,26,dswrf_to_lead,RNO,OK,short_name=sdswrf units=W m**-2 startStep=24 endStep=26
2023-03-29,18,26,dswrf_to_lead,RNO,OK,short_name=sdswrf units=W m**-2 startStep=24 endStep=26
2022-08-27,18,26,dswrf_to_lead,RNO,OK,short_name=sdswrf units=W m**-2 startStep=24 endStep=26
2023-04-03,18,26,dswrf_to_lead,RNO,OK,short_name=sdswrf units=W m**-2 startStep=24 endStep=26
2023-03-17,18,26,dswrf_to_lead,RNO,OK,short_name=sdswrf units=W m**-2 startStep=24 endStep=26
2023-04-06,18,26,dswrf_to_lead,RNO,OK,short_name=sdswrf units=W m**-2 startStep=24 endStep=26
2022-08-20,18,26,dswrf_to_lead,RNO,OK,short_name=sdswrf units=W m**-2 startStep=24 endStep=26
2023-04-04,18,26,dswrf_to_lead,RNO,OK,short_name=sdswrf units=W m**-2 startStep=24 endStep=26
2023-03-23,18,26,dswrf_to_lead,RNO,OK,short_name=sdswrf units=W m**-2 startStep=24 endStep=26
2022-07-09,18,26,dswrf_to_lead,RNO,OK,short_name=sdswrf units=W m**-2 startStep=24 endStep=26
2022-08-02,18,26,dswrf_to_lead,RNO,OK,short_name=sdswrf units=W m**-2 startStep=24 endStep=26
2022-07-21,18,26,dswrf_to_lead,RNO,OK,short_name=sdswrf units=W m**-2 startStep=24 endStep=26
2022-08-30,18,26,dswrf_to_lead,RNO,OK,short_name=sdswrf units=W m**-2 startStep=24 endStep=26
2022-07-23,18,26,dswrf_to_lead,RNO,OK,short_name=sdswrf units=W m**-2 startStep=24 endStep=26
2023-04-10,18,26,dswrf_to_lead,RNO,OK,short_name=sdswrf units=W m**-2 startStep=24 endStep=26
2022-07-26,18,26,dswrf_to_lead,RNO,OK,short_name=sdswrf units=W m**-2 startStep=24 endStep=26
2023-03-28,18,26,dswrf_to_lead,RNO,OK,short_name=sdswrf units=W m**-2 startStep=24 endStep=26
2023-04-15,18,26,dswrf_to_lead,RNO,OK,short_name=sdswrf units=W m**-2 startStep=24 endStep=26
2023-04-08,18,26,dswrf_to_lead,RNO,OK,short_name=sdswrf units=W m**-2 startStep=24 endStep=26
2022-08-14,18,26,dswrf_to_lead,RNO,OK,short_name=sdswrf units=W m**-2 startStep=24 endStep=26
2023-04-17,18,26,dswrf_to_lead,RNO,OK,short_name=sdswrf units=W m**-2 startStep=24 endStep=26
2022-08-26,18,26,dswrf_to_lead,RNO,OK,short_name=sdswrf units=W m**-2 startStep=24 endStep=26
2023-04-09,18,26,dswrf_to_lead,RNO,OK,short_name=sdswrf units=W m**-2 startStep=24 endStep=26
2023-04-01,18,26,dswrf_to_lead,RNO,OK,short_name=sdswrf units=W m**-2 startStep=24 endStep=26
2023-03-20,18,26,dswrf_to_lead,RNO,OK,short_name=sdswrf units=W m**-2 startStep=24 endStep=26
2023-05-03,18,26,dswrf_to_lead,RNO,OK,short_name=sdswrf units=W m**-2 startStep=24 endStep=26
2023-04-26,18,26,dswrf_to_lead,RNO,OK,short_name=sdswrf units=W m**-2 startStep=24 endStep=26
2023-03-27,18,26,dswrf_to_lead,RNO,OK,short_name=sdswrf units=W m**-2 startStep=24 endStep=26
2023-04-29,18,26,dswrf_to_lead,RNO,OK,short_name=sdswrf units=W m**-2 startStep=24 endStep=26
2023-04-14,18,26,dswrf_to_lead,RNO,OK,short_name=sdswrf units=W m**-2 startStep=24 endStep=26
2023-04-20,18,26,dswrf_to_lead,RNO,OK,short_name=sdswrf units=W m**-2 startStep=24 endStep=26
2023-04-05,18,26,dswrf_to_lead,RNO,OK,short_name=sdswrf units=W m**-2 startStep=24 endStep=26
2023-04-30,18,26,dswrf_to_lead,RNO,OK,short_name=sdswrf units=W m**-2 startStep=24 endStep=26
2022-06-20,18,26,dswrf_to_lead,RNO,OK,short_name=sdswrf units=W m**-2 startStep=24 endStep=26
2022-08-31,18,26,dswrf_to_lead,RNO,OK,short_name=sdswrf units=W m**-2 startStep=24 endStep=26
2023-03-25,18,26,dswrf_to_lead,RNO,OK,short_name=sdswrf units=W m**-2 startStep=24 endStep=26
2023-05-08,18,26,dswrf_to_lead,RNO,OK,short_name=sdswrf units=W m**-2 startStep=24 endStep=26
2023-04-19,18,26,dswrf_to_lead,RNO,OK,short_name=sdswrf units=W m**-2 startStep=24 endStep=26
2022-08-16,18,26,dswrf_to_lead,RNO,OK,short_name=sdswrf units=W m**-2 startStep=24 endStep=26
2023-05-12,18,26,dswrf_to_lead,RNO,OK,short_name=sdswrf units=W m**-2 startStep=24 endStep=26
2023-05-13,18,26,dswrf_to_lead,RNO,OK,short_name=sdswrf units=W m**-2 startStep=24 endStep=26
2023-05-05,18,26,dswrf_to_lead,RNO,OK,short_name=sdswrf units=W m**-2 startStep=24 endStep=26
2023-03-09,18,26,dswrf_to_lead,RNO,OK,short_name=sdswrf units=W m**-2 startStep=24 endStep=26
2023-03-30,18,26,dswrf_to_lead,RNO,OK,short_name=sdswrf units=W m**-2 startStep=24 endStep=26
2023-03-31,18,26,dswrf_to_lead,RNO,OK,short_name=sdswrf units=W m**-2 startStep=24 endStep=26
2023-05-17,18,26,dswrf_to_lead,RNO,OK,short_name=sdswrf units=W m**-2 startStep=24 endStep=26
2023-05-11,18,26,dswrf_to_lead,RNO,OK,short_name=sdswrf units=W m**-2 startStep=24 endStep=26
2023-05-04,18,26,dswrf_to_lead,RNO,OK,short_name=sdswrf units=W m**-2 startStep=24 endStep=26
2023-04-24,18,26,dswrf_to_lead,RNO,OK,short_name=sdswrf units=W m**-2 startStep=24 endStep=26
2023-04-21,18,26,dswrf_to_lead,RNO,OK,short_name=sdswrf units=W m**-2 startStep=24 endStep=26
2023-05-26,18,26,dswrf_to_lead,RNO,OK,short_name=sdswrf units=W m**-2 startStep=24 endStep=26
2023-05-19,18,26,dswrf_to_lead,RNO,OK,short_name=sdswrf units=W m**-2 startStep=24 endStep=26
2023-05-09,18,26,dswrf_to_lead,RNO,OK,short_name=sdswrf units=W m**-2 startStep=24 endStep=26
2023-04-18,18,26,dswrf_to_lead,RNO,OK,short_name=sdswrf units=W m**-2 startStep=24 endStep=26
2023-05-25,18,26,dswrf_to_lead,RNO,OK,short_name=sdswrf units=W m**-2 startStep=24 endStep=26
2023-03-21,18,26,dswrf_to_lead,RNO,OK,short_name=sdswrf units=W m**-2 startStep=24 endStep=26
2023-05-06,18,26,dswrf_to_lead,RNO,OK,short_name=sdswrf units=W m**-2 startStep=24 endStep=26
2023-06-06,18,26,dswrf_to_lead,RNO,OK,short_name=sdswrf units=W m**-2 startStep=24 endStep=26
2023-05-02,18,26,dswrf_to_lead,RNO,OK,short_name=sdswrf units=W m**-2 startStep=24 endStep=26
2023-04-22,18,26,dswrf_to_lead,RNO,OK,short_name=sdswrf units=W m**-2 startStep=24 endStep=26
2023-05-18,18,26,dswrf_to_lead,RNO,OK,short_name=sdswrf units=W m**-2 startStep=24 endStep=26
2023-04-11,18,26,dswrf_to_lead,RNO,OK,short_name=sdswrf units=W m**-2 startStep=24 endStep=26
2023-05-29,18,26,dswrf_to_lead,RNO,OK,short_name=sdswrf units=W m**-2 startStep=24 endStep=26
2023-06-09,18,26,dswrf_to_lead,RNO,OK,short_name=sdswrf units=W m**-2 startStep=24 endStep=26
2023-05-16,18,26,dswrf_to_lead,RNO,OK,short_name=sdswrf units=W m**-2 startStep=24 endStep=26
2023-05-15,18,26,dswrf_to_lead,RNO,OK,short_name=sdswrf units=W m**-2 startStep=24 endStep=26
2023-04-07,18,26,dswrf_to_lead,RNO,OK,short_name=sdswrf units=W m**-2 startStep=24 endStep=26
2023-05-24,18,26,dswrf_to_lead,RNO,OK,short_name=sdswrf units=W m**-2 startStep=24 endStep=26
2023-03-15,18,26,dswrf_to_lead,RNO,OK,short_name=sdswrf units=W m**-2 startStep=24 endStep=26
2023-03-19,18,26,dswrf_to_lead,RNO,OK,short_name=sdswrf units=W m**-2 startStep=24 endStep=26
2023-06-13,18,26,dswrf_to_lead,RNO,OK,short_name=sdswrf units=W m**-2 startStep=24 endStep=26
2023-06-16,18,26,dswrf_to_lead,RNO,OK,short_name=sdswrf units=W m**-2 startStep=24 endStep=26
2023-06-12,18,26,dswrf_to_lead,RNO,OK,short_name=sdswrf units=W m**-2 startStep=24 endStep=26
2023-03-22,18,26,dswrf_to_lead,RNO,OK,short_name=sdswrf units=W m**-2 startStep=24 endStep=26
2023-04-12,18,26,dswrf_to_lead,RNO,OK,short_name=sdswrf units=W m**-2 startStep=24 endStep=26
2023-05-07,18,26,dswrf_to_lead,RNO,OK,short_name=sdswrf units=W m**-2 startStep=24 endStep=26
2023-05-27,18,26,dswrf_to_lead,RNO,OK,short_name=sdswrf units=W m**-2 startStep=24 endStep=26
2023-06-20,18,26,dswrf_to_lead,RNO,OK,short_name=sdswrf units=W m**-2 startStep=24 endStep=26
2023-05-28,18,26,dswrf_to_lead,RNO,OK,short_name=sdswrf units=W m**-2 startStep=24 endStep=26
2023-06-08,18,26,dswrf_to_lead,RNO,OK,short_name=sdswrf units=W m**-2 startStep=24 endStep=26
2023-06-03,18,26,dswrf_to_lead,RNO,OK,short_name=sdswrf units=W m**-2 startStep=24 endStep=26
2023-06-25,18,26,dswrf_to_lead,RNO,OK,short_name=sdswrf units=W m**-2 startStep=24 endStep=26
2023-06-18,18,26,dswrf_to_lead,RNO,OK,short_name=sdswrf units=W m**-2 startStep=24 endStep=26
2023-06-24,18,26,dswrf_to_lead,RNO,OK,short_name=sdswrf units=W m**-2 startStep=24 endStep=26
2023-04-23,18,26,dswrf_to_lead,RNO,OK,short_name=sdswrf units=W m**-2 startStep=24 endStep=26
2023-06-26,18,26,dswrf_to_lead,RNO,OK,short_name=sdswrf units=W m**-2 startStep=24 endStep=26
2023-06-21,18,26,dswrf_to_lead,RNO,OK,short_name=sdswrf units=W m**-2 startStep=24 endStep=26
2023-06-17,18,26,dswrf_to_lead,RNO,OK,short_name=sdswrf units=W m**-2 startStep=24 endStep=26
2023-05-30,18,26,dswrf_to_lead,RNO,OK,short_name=sdswrf units=W m**-2 startStep=24 endStep=26
2023-05-22,18,26,dswrf_to_lead,RNO,OK,short_name=sdswrf units=W m**-2 startStep=24 endStep=26
2023-06-28,18,26,dswrf_to_lead,RNO,OK,short_name=sdswrf units=W m**-2 startStep=24 endStep=26
2023-07-04,18,26,dswrf_to_lead,RNO,OK,short_name=sdswrf units=W m**-2 startStep=24 endStep=26
2023-06-22,18,26,dswrf_to_lead,RNO,OK,short_name=sdswrf units=W m**-2 startStep=24 endStep=26
2023-07-03,18,26,dswrf_to_lead,RNO,OK,short_name=sdswrf units=W m**-2 startStep=24 endStep=26
2023-06-15,18,26,dswrf_to_lead,RNO,OK,short_name=sdswrf units=W m**-2 startStep=24 endStep=26
2023-06-23,18,26,dswrf_to_lead,RNO,OK,short_name=sdswrf units=W m**-2 startStep=24 endStep=26
2023-06-27,18,26,dswrf_to_lead,RNO,OK,short_name=sdswrf units=W m**-2 startStep=24 endStep=26
2023-04-27,18,26,dswrf_to_lead,RNO,OK,short_name=sdswrf units=W m**-2 startStep=24 endStep=26
2023-06-02,18,26,dswrf_to_lead,RNO,OK,short_name=sdswrf units=W m**-2 startStep=24 endStep=26
2023-04-16,18,26,dswrf_to_lead,RNO,OK,short_name=sdswrf units=W m**-2 startStep=24 endStep=26
2023-05-20,18,26,dswrf_to_lead,RNO,OK,short_name=sdswrf units=W m**-2 startStep=24 endStep=26
2023-06-05,18,26,dswrf_to_lead,RNO,OK,short_name=sdswrf units=W m**-2 startStep=24 endStep=26
2023-06-14,18,26,dswrf_to_lead,RNO,OK,short_name=sdswrf units=W m**-2 startStep=24 endStep=26
2023-06-11,18,26,dswrf_to_lead,RNO,OK,short_name=sdswrf units=W m**-2 startStep=24 endStep=26
2023-07-12,18,26,dswrf_to_lead,RNO,OK,short_name=sdswrf units=W m**-2 startStep=24 endStep=26
2023-05-01,18,26,dswrf_to_lead,RNO,OK,short_name=sdswrf units=W m**-2 startStep=24 endStep=26
2023-07-11,18,26,dswrf_to_lead,RNO,OK,short_name=sdswrf units=W m**-2 startStep=24 endStep=26
2023-04-13,18,26,dswrf_to_lead,RNO,OK,short_name=sdswrf units=W m**-2 startStep=24 endStep=26
2023-07-06,18,26,dswrf_to_lead,RNO,OK,short_name=sdswrf units=W m**-2 startStep=24 endStep=26
2023-05-31,18,26,dswrf_to_lead,RNO,OK,short_name=sdswrf units=W m**-2 startStep=24 endStep=26
2023-07-08,18,26,dswrf_to_lead,RNO,OK,short_name=sdswrf units=W m**-2 startStep=24 endStep=26
2023-07-09,18,26,dswrf_to_lead,RNO,OK,short_name=sdswrf units=W m**-2 startStep=24 endStep=26
2023-04-28,18,26,dswrf_to_lead,RNO,OK,short_name=sdswrf units=W m**-2 startStep=24 endStep=26
2023-07-22,18,26,dswrf_to_lead,RNO,OK,short_name=sdswrf units=W m**-2 startStep=24 endStep=26
2023-06-30,18,26,dswrf_to_lead,RNO,OK,short_name=sdswrf units=W m**-2 startStep=24 endStep=26
2023-06-29,18,26,dswrf_to_lead,RNO,OK,short_name=sdswrf units=W m**-2 startStep=24 endStep=26
2023-07-05,18,26,dswrf_to_lead,RNO,OK,short_name=sdswrf units=W m**-2 startStep=24 endStep=26
2023-06-04,18,26,dswrf_to_lead,RNO,OK,short_name=sdswrf units=W m**-2 startStep=24 endStep=26
2023-08-01,18,26,dswrf_to_lead,RNO,OK,short_name=sdswrf units=W m**-2 startStep=24 endStep=26
2023-08-03,18,26,dswrf_to_lead,RNO,OK,short_name=sdswrf units=W m**-2 startStep=24 endStep=26
2023-06-19,18,26,dswrf_to_lead,RNO,OK,short_name=sdswrf units=W m**-2 startStep=24 endStep=26
2023-07-20,18,26,dswrf_to_lead,RNO,OK,short_name=sdswrf units=W m**-2 startStep=24 endStep=26
2023-06-01,18,26,dswrf_to_lead,RNO,OK,short_name=sdswrf units=W m**-2 startStep=24 endStep=26
2023-07-16,18,26,dswrf_to_lead,RNO,OK,short_name=sdswrf units=W m**-2 startStep=24 endStep=26
2023-04-25,18,26,dswrf_to_lead,RNO,OK,short_name=sdswrf units=W m**-2 startStep=24 endStep=26
2023-07-27,18,26,dswrf_to_lead,RNO,OK,short_name=sdswrf units=W m**-2 startStep=24 endStep=26
2023-07-07,18,26,dswrf_to_lead,RNO,OK,short_name=sdswrf units=W m**-2 startStep=24 endStep=26
2023-08-08,18,26,dswrf_to_lead,RNO,OK,short_name=sdswrf units=W m**-2 startStep=24 endStep=26
2023-08-13,18,26,dswrf_to_lead,RNO,OK,short_name=sdswrf units=W m**-2 startStep=24 endStep=26
2023-07-19,18,26,dswrf_to_lead,RNO,OK,short_name=sdswrf units=W m**-2 startStep=24 endStep=26
2023-05-14,18,26,dswrf_to_lead,RNO,OK,short_name=sdswrf units=W m**-2 startStep=24 endStep=26
2023-08-02,18,26,dswrf_to_lead,RNO,OK,short_name=sdswrf units=W m**-2 startStep=24 endStep=26
2023-08-09,18,26,dswrf_to_lead,RNO,OK,short_name=sdswrf units=W m**-2 startStep=24 endStep=26
2023-08-04,18,26,dswrf_to_lead,RNO,OK,short_name=sdswrf units=W m**-2 startStep=24 endStep=26
2023-07-28,18,26,dswrf_to_lead,RNO,OK,short_name=sdswrf units=W m**-2 startStep=24 endStep=26
2023-08-12,18,26,dswrf_to_lead,RNO,OK,short_name=sdswrf units=W m**-2 startStep=24 endStep=26
2023-08-06,18,26,dswrf_to_lead,RNO,OK,short_name=sdswrf units=W m**-2 startStep=24 endStep=26
2023-07-30,18,26,dswrf_to_lead,RNO,OK,short_name=sdswrf units=W m**-2 startStep=24 endStep=26
2023-07-21,18,26,dswrf_to_lead,RNO,OK,short_name=sdswrf units=W m**-2 startStep=24 endStep=26
2023-08-17,18,26,dswrf_to_lead,RNO,OK,short_name=sdswrf units=W m**-2 startStep=24 endStep=26
2023-05-10,18,26,dswrf_to_lead,RNO,OK,short_name=sdswrf units=W m**-2 startStep=24 endStep=26
2023-06-07,18,26,dswrf_to_lead,RNO,OK,short_name=sdswrf units=W m**-2 startStep=24 endStep=26
2023-08-05,18,26,dswrf_to_lead,RNO,OK,short_name=sdswrf units=W m**-2 startStep=24 endStep=26
2023-05-23,18,26,dswrf_to_lead,RNO,OK,short_name=sdswrf units=W m**-2 startStep=24 endStep=26
2023-07-01,18,26,dswrf_to_lead,RNO,OK,short_name=sdswrf units=W m**-2 startStep=24 endStep=26
2023-08-07,18,26,dswrf_to_lead,RNO,OK,short_name=sdswrf units=W m**-2 startStep=24 endStep=26
2023-09-01,18,26,dswrf_to_lead,RNO,OK,short_name=sdswrf units=W m**-2 startStep=24 endStep=26
2023-07-18,18,26,dswrf_to_lead,RNO,OK,short_name=sdswrf units=W m**-2 startStep=24 endStep=26
2023-07-31,18,26,dswrf_to_lead,RNO,OK,short_name=sdswrf units=W m**-2 startStep=24 endStep=26
2023-08-24,18,26,dswrf_to_lead,RNO,OK,short_name=sdswrf units=W m**-2 startStep=24 endStep=26
2023-08-19,18,26,dswrf_to_lead,RNO,OK,short_name=sdswrf units=W m**-2 startStep=24 endStep=26
2023-05-21,18,26,dswrf_to_lead,RNO,OK,short_name=sdswrf units=W m**-2 startStep=24 endStep=26
2023-08-29,18,26,dswrf_to_lead,RNO,OK,short_name=sdswrf units=W m**-2 startStep=24 endStep=26
2023-08-22,18,26,dswrf_to_lead,RNO,OK,short_name=sdswrf units=W m**-2 startStep=24 endStep=26
2023-08-26,18,26,dswrf_to_lead,RNO,OK,short_name=sdswrf units=W m**-2 startStep=24 endStep=26
2023-07-17,18,26,dswrf_to_lead,RNO,OK,short_name=sdswrf units=W m**-2 startStep=24 endStep=26
2023-08-27,18,26,dswrf_to_lead,RNO,OK,short_name=sdswrf units=W m**-2 startStep=24 endStep=26
2023-08-16,18,26,dswrf_to_lead,RNO,OK,short_name=sdswrf units=W m**-2 startStep=24 endStep=26
2023-09-13,18,26,dswrf_to_lead,RNO,OK,short_name=sdswrf units=W m**-2 startStep=24 endStep=26
2023-09-09,18,26,dswrf_to_lead,RNO,OK,short_name=sdswrf units=W m**-2 startStep=24 endStep=26
2023-08-11,18,26,dswrf_to_lead,RNO,OK,short_name=sdswrf units=W m**-2 startStep=24 endStep=26
2023-07-25,18,26,dswrf_to_lead,RNO,OK,short_name=sdswrf units=W m**-2 startStep=24 endStep=26
2023-09-05,18,26,dswrf_to_lead,RNO,OK,short_name=sdswrf units=W m**-2 startStep=24 endStep=26
2023-08-25,18,26,dswrf_to_lead,RNO,OK,short_name=sdswrf units=W m**-2 startStep=24 endStep=26
2023-07-23,18,26,dswrf_to_lead,RNO,OK,short_name=sdswrf units=W m**-2 startStep=24 endStep=26
2023-08-20,18,26,dswrf_to_lead,RNO,OK,short_name=sdswrf units=W m**-2 startStep=24 endStep=26
2023-09-07,18,26,dswrf_to_lead,RNO,OK,short_name=sdswrf units=W m**-2 startStep=24 endStep=26
2023-08-18,18,26,dswrf_to_lead,RNO,OK,short_name=sdswrf units=W m**-2 startStep=24 endStep=26
2023-09-10,18,26,dswrf_to_lead,RNO,OK,short_name=sdswrf units=W m**-2 startStep=24 endStep=26
2023-09-08,18,26,dswrf_to_lead,RNO,OK,short_name=sdswrf units=W m**-2 startStep=24 endStep=26
2023-06-10,18,26,dswrf_to_lead,RNO,OK,short_name=sdswrf units=W m**-2 startStep=24 endStep=26
2023-09-16,18,26,dswrf_to_lead,RNO,OK,short_name=sdswrf units=W m**-2 startStep=24 endStep=26
2023-09-06,18,26,dswrf_to_lead,RNO,OK,short_name=sdswrf units=W m**-2 startStep=24 endStep=26
2023-07-13,18,26,dswrf_to_lead,RNO,OK,short_name=sdswrf units=W m**-2 startStep=24 endStep=26
2023-07-15,18,26,dswrf_to_lead,RNO,OK,short_name=sdswrf units=W m**-2 startStep=24 endStep=26
2023-09-15,18,26,dswrf_to_lead,RNO,OK,short_name=sdswrf units=W m**-2 startStep=24 endStep=26
2023-09-21,18,26,dswrf_to_lead,RNO,OK,short_name=sdswrf units=W m**-2 startStep=24 endStep=26
2023-09-11,18,26,dswrf_to_lead,RNO,OK,short_name=sdswrf units=W m**-2 startStep=24 endStep=26
2023-07-14,18,26,dswrf_to_lead,RNO,OK,short_name=sdswrf units=W m**-2 startStep=24 endStep=26
2023-09-14,18,26,dswrf_to_lead,RNO,OK,short_name=sdswrf units=W m**-2 startStep=24 endStep=26
2023-07-10,18,26,dswrf_to_lead,RNO,OK,short_name=sdswrf units=W m**-2 startStep=24 endStep=26
2023-09-24,18,26,dswrf_to_lead,RNO,OK,short_name=sdswrf units=W m**-2 startStep=24 endStep=26
2023-08-23,18,26,dswrf_to_lead,RNO,OK,short_name=sdswrf units=W m**-2 startStep=24 endStep=26
2023-09-27,18,26,dswrf_to_lead,RNO,OK,short_name=sdswrf units=W m**-2 startStep=24 endStep=26
2023-09-29,18,26,dswrf_to_lead,RNO,OK,short_name=sdswrf units=W m**-2 startStep=24 endStep=26
2023-09-26,18,26,dswrf_to_lead,RNO,OK,short_name=sdswrf units=W m**-2 startStep=24 endStep=26
2023-08-31,18,26,dswrf_to_lead,RNO,OK,short_name=sdswrf units=W m**-2 startStep=24 endStep=26
2023-10-02,18,26,dswrf_to_lead,RNO,OK,short_name=sdswrf units=W m**-2 startStep=24 endStep=26
2023-09-12,18,26,dswrf_to_lead,RNO,OK,short_name=sdswrf units=W m**-2 startStep=24 endStep=26
2023-07-29,18,26,dswrf_to_lead,RNO,OK,short_name=sdswrf units=W m**-2 startStep=24 endStep=26
2023-10-11,18,26,dswrf_to_lead,RNO,OK,short_name=sdswrf units=W m**-2 startStep=24 endStep=26
2023-09-30,18,26,dswrf_to_lead,RNO,OK,short_name=sdswrf units=W m**-2 startStep=24 endStep=26
2023-07-24,18,26,dswrf_to_lead,RNO,OK,short_name=sdswrf units=W m**-2 startStep=24 endStep=26
2023-09-20,18,26,dswrf_to_lead,RNO,OK,short_name=sdswrf units=W m**-2 startStep=24 endStep=26
2023-10-06,18,26,dswrf_to_lead,RNO,OK,short_name=sdswrf units=W m**-2 startStep=24 endStep=26
2023-07-26,18,26,dswrf_to_lead,RNO,OK,short_name=sdswrf units=W m**-2 startStep=24 endStep=26
2023-09-28,18,26,dswrf_to_lead,RNO,OK,short_name=sdswrf units=W m**-2 startStep=24 endStep=26
2023-10-17,18,26,dswrf_to_lead,RNO,OK,short_name=sdswrf units=W m**-2 startStep=24 endStep=26
2023-09-22,18,26,dswrf_to_lead,RNO,OK,short_name=sdswrf units=W m**-2 startStep=24 endStep=26
2023-10-09,18,26,dswrf_to_lead,RNO,OK,short_name=sdswrf units=W m**-2 startStep=24 endStep=26
2023-10-21,18,26,dswrf_to_lead,RNO,OK,short_name=sdswrf units=W m**-2 startStep=24 endStep=26
2023-10-03,18,26,dswrf_to_lead,RNO,OK,short_name=sdswrf units=W m**-2 startStep=24 endStep=26
2023-10-26,18,26,dswrf_to_lead,RNO,OK,short_name=sdswrf units=W m**-2 startStep=24 endStep=26
2023-10-20,18,26,dswrf_to_lead,RNO,OK,short_name=sdswrf units=W m**-2 startStep=24 endStep=26
2023-09-04,18,26,dswrf_to_lead,RNO,OK,short_name=sdswrf units=W m**-2 startStep=24 endStep=26
2023-10-08,18,26,dswrf_to_lead,RNO,OK,short_name=sdswrf units=W m**-2 startStep=24 endStep=26
2023-10-31,18,26,dswrf_to_lead,RNO,OK,short_name=sdswrf units=W m**-2 startStep=24 endStep=26
2023-07-02,18,26,dswrf_to_lead,RNO,OK,short_name=sdswrf units=W m**-2 startStep=24 endStep=26
2023-08-10,18,26,dswrf_to_lead,RNO,OK,short_name=sdswrf units=W m**-2 startStep=24 endStep=26
2023-08-21,18,26,dswrf_to_lead,RNO,OK,short_name=sdswrf units=W m**-2 startStep=24 endStep=26
2023-08-14,18,26,dswrf_to_lead,RNO,OK,short_name=sdswrf units=W m**-2 startStep=24 endStep=26
2023-10-13,18,26,dswrf_to_lead,RNO,OK,short_name=sdswrf units=W m**-2 startStep=24 endStep=26
2023-09-17,18,26,dswrf_to_lead,RNO,OK,short_name=sdswrf units=W m**-2 startStep=24 endStep=26
2023-10-19,18,26,dswrf_to_lead,RNO,OK,short_name=sdswrf units=W m**-2 startStep=24 endStep=26
2023-10-04,18,26,dswrf_to_lead,RNO,OK,short_name=sdswrf units=W m**-2 startStep=24 endStep=26
2023-10-29,18,26,dswrf_to_lead,RNO,OK,short_name=sdswrf units=W m**-2 startStep=24 endStep=26
2023-11-04,18,26,dswrf_to_lead,RNO,OK,short_name=sdswrf units=W m**-2 startStep=24 endStep=26
2023-10-01,18,26,dswrf_to_lead,RNO,OK,short_name=sdswrf units=W m**-2 startStep=24 endStep=26
2023-09-18,18,26,dswrf_to_lead,RNO,OK,short_name=sdswrf units=W m**-2 startStep=24 endStep=26
2023-10-28,18,26,dswrf_to_lead,RNO,OK,short_name=sdswrf units=W m**-2 startStep=24 endStep=26
2023-10-12,18,26,dswrf_to_lead,RNO,OK,short_name=sdswrf units=W m**-2 startStep=24 endStep=26
2023-11-08,18,26,dswrf_to_lead,RNO,OK,short_name=sdswrf units=W m**-2 startStep=24 endStep=26
2023-10-16,18,26,dswrf_to_lead,RNO,OK,short_name=sdswrf units=W m**-2 startStep=24 endStep=26
2023-11-12,18,26,dswrf_to_lead,RNO,OK,short_name=sdswrf units=W m**-2 startStep=24 endStep=26
2023-11-10,18,26,dswrf_to_lead,RNO,OK,short_name=sdswrf units=W m**-2 startStep=24 endStep=26
2023-10-22,18,26,dswrf_to_lead,RNO,OK,short_name=sdswrf units=W m**-2 startStep=24 endStep=26
2023-11-07,18,26,dswrf_to_lead,RNO,OK,short_name=sdswrf units=W m**-2 startStep=24 endStep=26
2023-11-18,18,26,dswrf_to_lead,RNO,OK,short_name=sdswrf units=W m**-2 startStep=24 endStep=26
2023-11-06,18,26,dswrf_to_lead,RNO,OK,short_name=sdswrf units=W m**-2 startStep=24 endStep=26
2023-11-01,18,26,dswrf_to_lead,RNO,OK,short_name=sdswrf units=W m**-2 startStep=24 endStep=26
2023-11-02,18,26,dswrf_to_lead,RNO,OK,short_name=sdswrf units=W m**-2 startStep=24 endStep=26
2023-11-15,18,26,dswrf_to_lead,RNO,OK,short_name=sdswrf units=W m**-2 startStep=24 endStep=26
2023-08-15,18,26,dswrf_to_lead,RNO,OK,short_name=sdswrf units=W m**-2 startStep=24 endStep=26
2023-11-22,18,26,dswrf_to_lead,RNO,OK,short_name=sdswrf units=W m**-2 startStep=24 endStep=26
2023-11-09,18,26,dswrf_to_lead,RNO,OK,short_name=sdswrf units=W m**-2 startStep=24 endStep=26
2023-11-03,18,26,dswrf_to_lead,RNO,OK,short_name=sdswrf units=W m**-2 startStep=24 endStep=26
2023-11-25,18,26,dswrf_to_lead,RNO,OK,short_name=sdswrf units=W m**-2 startStep=24 endStep=26
2023-12-03,18,26,dswrf_to_lead,RNO,OK,short_name=sdswrf units=W m**-2 startStep=24 endStep=26
2023-11-19,18,26,dswrf_to_lead,RNO,OK,short_name=sdswrf units=W m**-2 startStep=24 endStep=26
2023-11-16,18,26,dswrf_to_lead,RNO,OK,short_name=sdswrf units=W m**-2 startStep=24 endStep=26
2023-11-24,18,26,dswrf_to_lead,RNO,OK,short_name=sdswrf units=W m**-2 startStep=24 endStep=26
2023-11-26,18,26,dswrf_to_lead,RNO,OK,short_name=sdswrf units=W m**-2 startStep=24 endStep=26
2023-08-28,18,26,dswrf_to_lead,RNO,OK,short_name=sdswrf units=W m**-2 startStep=24 endStep=26
2023-11-05,18,26,dswrf_to_lead,RNO,OK,short_name=sdswrf units=W m**-2 startStep=24 endStep=26
2023-11-27,18,26,dswrf_to_lead,RNO,OK,short_name=sdswrf units=W m**-2 startStep=24 endStep=26
2023-12-01,18,26,dswrf_to_lead,RNO,OK,short_name=sdswrf units=W m**-2 startStep=24 endStep=26
2023-12-08,18,26,dswrf_to_lead,RNO,OK,short_name=sdswrf units=W m**-2 startStep=24 endStep=26
2023-12-02,18,26,dswrf_to_lead,RNO,OK,short_name=sdswrf units=W m**-2 startStep=24 endStep=26
2023-09-19,18,26,dswrf_to_lead,RNO,OK,short_name=sdswrf units=W m**-2 startStep=24 endStep=26
2023-09-03,18,26,dswrf_to_lead,RNO,OK,short_name=sdswrf units=W m**-2 startStep=24 endStep=26
2023-08-30,18,26,dswrf_to_lead,RNO,OK,short_name=sdswrf units=W m**-2 startStep=24 endStep=26
2023-11-17,18,26,dswrf_to_lead,RNO,OK,short_name=sdswrf units=W m**-2 startStep=24 endStep=26
2023-12-15,18,26,dswrf_to_lead,RNO,OK,short_name=sdswrf units=W m**-2 startStep=24 endStep=26
2023-10-30,18,26,dswrf_to_lead,RNO,OK,short_name=sdswrf units=W m**-2 startStep=24 endStep=26
2023-10-14,18,26,dswrf_to_lead,RNO,OK,short_name=sdswrf units=W m**-2 startStep=24 endStep=26
2023-10-23,18,26,dswrf_to_lead,RNO,OK,short_name=sdswrf units=W m**-2 startStep=24 endStep=26
2023-09-25,18,26,dswrf_to_lead,RNO,OK,short_name=sdswrf units=W m**-2 startStep=24 endStep=26
2023-11-21,18,26,dswrf_to_lead,RNO,OK,short_name=sdswrf units=W m**-2 startStep=24 endStep=26
2023-11-29,18,26,dswrf_to_lead,RNO,OK,short_name=sdswrf units=W m**-2 startStep=24 endStep=26
2023-10-07,18,26,dswrf_to_lead,RNO,OK,short_name=sdswrf units=W m**-2 startStep=24 endStep=26
2023-10-24,18,26,dswrf_to_lead,RNO,OK,short_name=sdswrf units=W m**-2 startStep=24 endStep=26
2023-12-16,18,26,dswrf_to_lead,RNO,OK,short_name=sdswrf units=W m**-2 startStep=24 endStep=26
2023-10-15,18,26,dswrf_to_lead,RNO,OK,short_name=sdswrf units=W m**-2 startStep=24 endStep=26
2023-09-23,18,26,dswrf_to_lead,RNO,OK,short_name=sdswrf units=W m**-2 startStep=24 endStep=26
2023-12-11,18,26,dswrf_to_lead,RNO,OK,short_name=sdswrf units=W m**-2 startStep=24 endStep=26
2023-12-12,18,26,dswrf_to_lead,RNO,OK,short_name=sdswrf units=W m**-2 startStep=24 endStep=26
2023-12-10,18,26,dswrf_to_lead,RNO,OK,short_name=sdswrf units=W m**-2 startStep=24 endStep=26
2023-12-21,18,26,dswrf_to_lead,RNO,OK,short_name=sdswrf units=W m**-2 startStep=24 endStep=26
2023-11-23,18,26,dswrf_to_lead,RNO,OK,short_name=sdswrf units=W m**-2 startStep=24 endStep=26
2023-12-30,18,26,dswrf_to_lead,RNO,OK,short_name=sdswrf units=W m**-2 startStep=24 endStep=26
2023-12-27,18,26,dswrf_to_lead,RNO,OK,short_name=sdswrf units=W m**-2 startStep=24 endStep=26
2023-12-06,18,26,dswrf_to_lead,RNO,OK,short_name=sdswrf units=W m**-2 startStep=24 endStep=26
2023-10-18,18,26,dswrf_to_lead,RNO,OK,short_name=sdswrf units=W m**-2 startStep=24 endStep=26
2023-11-20,18,26,dswrf_to_lead,RNO,OK,short_name=sdswrf units=W m**-2 startStep=24 endStep=26
2023-09-02,18,26,dswrf_to_lead,RNO,OK,short_name=sdswrf units=W m**-2 startStep=24 endStep=26
2023-12-26,18,26,dswrf_to_lead,RNO,OK,short_name=sdswrf units=W m**-2 startStep=24 endStep=26
2023-12-24,18,26,dswrf_to_lead,RNO,OK,short_name=sdswrf units=W m**-2 startStep=24 endStep=26
2023-10-10,18,26,dswrf_to_lead,RNO,OK,short_name=sdswrf units=W m**-2 startStep=24 endStep=26
2023-10-05,18,26,dswrf_to_lead,RNO,OK,short_name=sdswrf units=W m**-2 startStep=24 endStep=26
2023-10-25,18,26,dswrf_to_lead,RNO,OK,short_name=sdswrf units=W m**-2 startStep=24 endStep=26
2023-12-28,18,26,dswrf_to_lead,RNO,OK,short_name=sdswrf units=W m**-2 startStep=24 endStep=26
2023-11-30,18,26,dswrf_to_lead,RNO,OK,short_name=sdswrf units=W m**-2 startStep=24 endStep=26
2023-12-20,18,26,dswrf_to_lead,RNO,OK,short_name=sdswrf units=W m**-2 startStep=24 endStep=26
2024-01-16,18,26,dswrf_to_lead,RNO,OK,short_name=sdswrf units=W m**-2 startStep=24 endStep=26
2024-01-05,18,26,dswrf_to_lead,RNO,OK,short_name=sdswrf units=W m**-2 startStep=24 endStep=26
2024-01-02,18,26,dswrf_to_lead,RNO,OK,short_name=sdswrf units=W m**-2 startStep=24 endStep=26
2023-11-28,18,26,dswrf_to_lead,RNO,OK,short_name=sdswrf units=W m**-2 startStep=24 endStep=26
2023-12-31,18,26,dswrf_to_lead,RNO,OK,short_name=sdswrf units=W m**-2 startStep=24 endStep=26
2024-01-01,18,26,dswrf_to_lead,RNO,OK,short_name=sdswrf units=W m**-2 startStep=24 endStep=26
2024-01-09,18,26,dswrf_to_lead,RNO,OK,short_name=sdswrf units=W m**-2 startStep=24 endStep=26
2023-12-14,18,26,dswrf_to_lead,RNO,OK,short_name=sdswrf units=W m**-2 startStep=24 endStep=26
2024-01-22,18,26,dswrf_to_lead,RNO,OK,short_name=sdswrf units=W m**-2 startStep=24 endStep=26
2023-10-27,18,26,dswrf_to_lead,RNO,OK,short_name=sdswrf units=W m**-2 startStep=24 endStep=26
2024-01-03,18,26,dswrf_to_lead,RNO,OK,short_name=sdswrf units=W m**-2 startStep=24 endStep=26
2024-01-06,18,26,dswrf_to_lead,RNO,OK,short_name=sdswrf units=W m**-2 startStep=24 endStep=26
2024-01-25,18,26,dswrf_to_lead,RNO,OK,short_name=sdswrf units=W m**-2 startStep=24 endStep=26
2024-01-10,18,26,dswrf_to_lead,RNO,OK,short_name=sdswrf units=W m**-2 startStep=24 endStep=26
2024-01-30,18,26,dswrf_to_lead,RNO,OK,short_name=sdswrf units=W m**-2 startStep=24 endStep=26
2024-02-02,18,26,dswrf_to_lead,RNO,OK,short_name=sdswrf units=W m**-2 startStep=24 endStep=26
2023-11-11,18,26,dswrf_to_lead,RNO,OK,short_name=sdswrf units=W m**-2 startStep=24 endStep=26
2024-01-18,18,26,dswrf_to_lead,RNO,OK,short_name=sdswrf units=W m**-2 startStep=24 endStep=26
2023-12-13,18,26,dswrf_to_lead,RNO,OK,short_name=sdswrf units=W m**-2 startStep=24 endStep=26
2023-12-23,18,26,dswrf_to_lead,RNO,OK,short_name=sdswrf units=W m**-2 startStep=24 endStep=26
2024-01-26,18,26,dswrf_to_lead,RNO,OK,short_name=sdswrf units=W m**-2 startStep=24 endStep=26
2024-01-20,18,26,dswrf_to_lead,RNO,OK,short_name=sdswrf units=W m**-2 startStep=24 endStep=26
2023-12-17,18,26,dswrf_to_lead,RNO,OK,short_name=sdswrf units=W m**-2 startStep=24 endStep=26
2024-01-04,18,26,dswrf_to_lead,RNO,OK,short_name=sdswrf units=W m**-2 startStep=24 endStep=26
2024-02-06,18,26,dswrf_to_lead,RNO,OK,short_name=sdswrf units=W m**-2 startStep=24 endStep=26
2024-02-05,18,26,dswrf_to_lead,RNO,OK,short_name=sdswrf units=W m**-2 startStep=24 endStep=26
2024-02-01,18,26,dswrf_to_lead,RNO,OK,short_name=sdswrf units=W m**-2 startStep=24 endStep=26
2023-11-13,18,26,dswrf_to_lead,RNO,OK,short_name=sdswrf units=W m**-2 startStep=24 endStep=26
2024-02-08,18,26,dswrf_to_lead,RNO,OK,short_name=sdswrf units=W m**-2 startStep=24 endStep=26
2024-02-15,18,26,dswrf_to_lead,RNO,OK,short_name=sdswrf units=W m**-2 startStep=24 endStep=26
2023-12-29,18,26,dswrf_to_lead,RNO,OK,short_name=sdswrf units=W m**-2 startStep=24 endStep=26
2024-01-23,18,26,dswrf_to_lead,RNO,OK,short_name=sdswrf units=W m**-2 startStep=24 endStep=26
2023-12-09,18,26,dswrf_to_lead,RNO,OK,short_name=sdswrf units=W m**-2 startStep=24 endStep=26
2024-01-15,18,26,dswrf_to_lead,RNO,OK,short_name=sdswrf units=W m**-2 startStep=24 endStep=26
2024-01-19,18,26,dswrf_to_lead,RNO,OK,short_name=sdswrf units=W m**-2 startStep=24 endStep=26
2024-01-21,18,26,dswrf_to_lead,RNO,OK,short_name=sdswrf units=W m**-2 startStep=24 endStep=26
2024-01-28,18,26,dswrf_to_lead,RNO,OK,short_name=sdswrf units=W m**-2 startStep=24 endStep=26
2024-01-17,18,26,dswrf_to_lead,RNO,OK,short_name=sdswrf units=W m**-2 startStep=24 endStep=26
2024-02-18,18,26,dswrf_to_lead,RNO,OK,short_name=sdswrf units=W m**-2 startStep=24 endStep=26
2024-01-31,18,26,dswrf_to_lead,RNO,OK,short_name=sdswrf units=W m**-2 startStep=24 endStep=26
2024-02-21,18,26,dswrf_to_lead,RNO,OK,short_name=sdswrf units=W m**-2 startStep=24 endStep=26
2023-12-25,18,26,dswrf_to_lead,RNO,OK,short_name=sdswrf units=W m**-2 startStep=24 endStep=26
2024-02-14,18,26,dswrf_to_lead,RNO,OK,short_name=sdswrf units=W m**-2 startStep=24 endStep=26
2024-02-24,18,26,dswrf_to_lead,RNO,OK,short_name=sdswrf units=W m**-2 startStep=24 endStep=26
2024-02-23,18,26,dswrf_to_lead,RNO,OK,short_name=sdswrf units=W m**-2 startStep=24 endStep=26
2024-02-07,18,26,dswrf_to_lead,RNO,OK,short_name=sdswrf units=W m**-2 startStep=24 endStep=26
2024-02-17,18,26,dswrf_to_lead,RNO,OK,short_name=sdswrf units=W m**-2 startStep=24 endStep=26
2024-02-11,18,26,dswrf_to_lead,RNO,OK,short_name=sdswrf units=W m**-2 startStep=24 endStep=26
2023-12-07,18,26,dswrf_to_lead,RNO,OK,short_name=sdswrf units=W m**-2 startStep=24 endStep=26
2024-03-08,18,26,dswrf_to_lead,RNO,OK,short_name=sdswrf units=W m**-2 startStep=24 endStep=26
2024-02-28,18,26,dswrf_to_lead,RNO,OK,short_name=sdswrf units=W m**-2 startStep=24 endStep=26
2024-01-07,18,26,dswrf_to_lead,RNO,OK,short_name=sdswrf units=W m**-2 startStep=24 endStep=26
2024-02-29,18,26,dswrf_to_lead,RNO,OK,short_name=sdswrf units=W m**-2 startStep=24 endStep=26
2024-01-24,18,26,dswrf_to_lead,RNO,OK,short_name=sdswrf units=W m**-2 startStep=24 endStep=26
2023-12-04,18,26,dswrf_to_lead,RNO,OK,short_name=sdswrf units=W m**-2 startStep=24 endStep=26
2024-01-08,18,26,dswrf_to_lead,RNO,OK,short_name=sdswrf units=W m**-2 startStep=24 endStep=26
2024-01-27,18,26,dswrf_to_lead,RNO,OK,short_name=sdswrf units=W m**-2 startStep=24 endStep=26
2024-03-05,18,26,dswrf_to_lead,RNO,OK,short_name=sdswrf units=W m**-2 startStep=24 endStep=26
2024-03-19,18,26,dswrf_to_lead,RNO,OK,short_name=sdswrf units=W m**-2 startStep=24 endStep=26
2023-12-05,18,26,dswrf_to_lead,RNO,OK,short_name=sdswrf units=W m**-2 startStep=24 endStep=26
2024-02-26,18,26,dswrf_to_lead,RNO,OK,short_name=sdswrf units=W m**-2 startStep=24 endStep=26
2024-02-27,18,26,dswrf_to_lead,RNO,OK,short_name=sdswrf units=W m**-2 startStep=24 endStep=26
2024-03-02,18,26,dswrf_to_lead,RNO,OK,short_name=sdswrf units=W m**-2 startStep=24 endStep=26
2024-02-13,18,26,dswrf_to_lead,RNO,OK,short_name=sdswrf units=W m**-2 startStep=24 endStep=26
2024-03-01,18,26,dswrf_to_lead,RNO,OK,short_name=sdswrf units=W m**-2 startStep=24 endStep=26
2023-12-18,18,26,dswrf_to_lead,RNO,OK,short_name=sdswrf units=W m**-2 startStep=24 endStep=26
2024-01-12,18,26,dswrf_to_lead,RNO,OK,short_name=sdswrf units=W m**-2 startStep=24 endStep=26
2023-11-14,18,26,dswrf_to_lead,RNO,OK,short_name=sdswrf units=W m**-2 startStep=24 endStep=26
2024-03-20,18,26,dswrf_to_lead,RNO,OK,short_name=sdswrf units=W m**-2 startStep=24 endStep=26
2024-03-10,18,26,dswrf_to_lead,RNO,OK,short_name=sdswrf units=W m**-2 startStep=24 endStep=26
2024-03-28,18,26,dswrf_to_lead,RNO,OK,short_name=sdswrf units=W m**-2 startStep=24 endStep=26
2024-03-09,18,26,dswrf_to_lead,RNO,OK,short_name=sdswrf units=W m**-2 startStep=24 endStep=26
2024-02-09,18,26,dswrf_to_lead,RNO,OK,short_name=sdswrf units=W m**-2 startStep=24 endStep=26
2024-03-06,18,26,dswrf_to_lead,RNO,OK,short_name=sdswrf units=W m**-2 startStep=24 endStep=26
2024-02-25,18,26,dswrf_to_lead,RNO,OK,short_name=sdswrf units=W m**-2 startStep=24 endStep=26
2024-03-24,18,26,dswrf_to_lead,RNO,OK,short_name=sdswrf units=W m**-2 startStep=24 endStep=26
2024-03-03,18,26,dswrf_to_lead,RNO,OK,short_name=sdswrf units=W m**-2 startStep=24 endStep=26
2024-03-23,18,26,dswrf_to_lead,RNO,OK,short_name=sdswrf units=W m**-2 startStep=24 endStep=26
2024-02-03,18,26,dswrf_to_lead,RNO,OK,short_name=sdswrf units=W m**-2 startStep=24 endStep=26
2023-12-22,18,26,dswrf_to_lead,RNO,OK,short_name=sdswrf units=W m**-2 startStep=24 endStep=26
2024-03-07,18,26,dswrf_to_lead,RNO,OK,short_name=sdswrf units=W m**-2 startStep=24 endStep=26
2024-03-14,18,26,dswrf_to_lead,RNO,OK,short_name=sdswrf units=W m**-2 startStep=24 endStep=26
2024-02-12,18,26,dswrf_to_lead,RNO,OK,short_name=sdswrf units=W m**-2 startStep=24 endStep=26
2024-03-17,18,26,dswrf_to_lead,RNO,OK,short_name=sdswrf units=W m**-2 startStep=24 endStep=26
2024-03-11,18,26,dswrf_to_lead,RNO,OK,short_name=sdswrf units=W m**-2 startStep=24 endStep=26
2024-04-07,18,26,dswrf_to_lead,RNO,OK,short_name=sdswrf units=W m**-2 startStep=24 endStep=26
2023-12-19,18,26,dswrf_to_lead,RNO,OK,short_name=sdswrf units=W m**-2 startStep=24 endStep=26
2024-04-02,18,26,dswrf_to_lead,RNO,OK,short_name=sdswrf units=W m**-2 startStep=24 endStep=26
2024-04-03,18,26,dswrf_to_lead,RNO,OK,short_name=sdswrf units=W m**-2 startStep=24 endStep=26
2024-03-25,18,26,dswrf_to_lead,RNO,OK,short_name=sdswrf units=W m**-2 startStep=24 endStep=26
2024-03-21,18,26,dswrf_to_lead,RNO,OK,short_name=sdswrf units=W m**-2 startStep=24 endStep=26
2024-01-14,18,26,dswrf_to_lead,RNO,OK,short_name=sdswrf units=W m**-2 startStep=24 endStep=26
2024-03-26,18,26,dswrf_to_lead,RNO,OK,short_name=sdswrf units=W m**-2 startStep=24 endStep=26
2024-02-19,18,26,dswrf_to_lead,RNO,OK,short_name=sdswrf units=W m**-2 startStep=24 endStep=26
2024-03-27,18,26,dswrf_to_lead,RNO,OK,short_name=sdswrf units=W m**-2 startStep=24 endStep=26
2024-04-05,18,26,dswrf_to_lead,RNO,OK,short_name=sdswrf units=W m**-2 startStep=24 endStep=26
2024-03-04,18,26,dswrf_to_lead,RNO,OK,short_name=sdswrf units=W m**-2 startStep=24 endStep=26
2024-04-06,18,26,dswrf_to_lead,RNO,OK,short_name=sdswrf units=W m**-2 startStep=24 endStep=26
2024-02-16,18,26,dswrf_to_lead,RNO,OK,short_name=sdswrf units=W m**-2 startStep=24 endStep=26
2024-04-09,18,26,dswrf_to_lead,RNO,OK,short_name=sdswrf units=W m**-2 startStep=24 endStep=26
2024-01-11,18,26,dswrf_to_lead,RNO,OK,short_name=sdswrf units=W m**-2 startStep=24 endStep=26
2024-03-29,18,26,dswrf_to_lead,RNO,OK,short_name=sdswrf units=W m**-2 startStep=24 endStep=26
2024-04-11,18,26,dswrf_to_lead,RNO,OK,short_name=sdswrf units=W m**-2 startStep=24 endStep=26
2024-04-08,18,26,dswrf_to_lead,RNO,OK,short_name=sdswrf units=W m**-2 startStep=24 endStep=26
2024-03-13,18,26,dswrf_to_lead,RNO,OK,short_name=sdswrf units=W m**-2 startStep=24 endStep=26
2024-04-18,18,26,dswrf_to_lead,RNO,OK,short_name=sdswrf units=W m**-2 startStep=24 endStep=26
2024-04-24,18,26,dswrf_to_lead,RNO,OK,short_name=sdswrf units=W m**-2 startStep=24 endStep=26
2024-03-22,18,26,dswrf_to_lead,RNO,OK,short_name=sdswrf units=W m**-2 startStep=24 endStep=26
2024-04-14,18,26,dswrf_to_lead,RNO,OK,short_name=sdswrf units=W m**-2 startStep=24 endStep=26
2024-01-29,18,26,dswrf_to_lead,RNO,OK,short_name=sdswrf units=W m**-2 startStep=24 endStep=26
2024-04-01,18,26,dswrf_to_lead,RNO,OK,short_name=sdswrf units=W m**-2 startStep=24 endStep=26
2024-04-25,18,26,dswrf_to_lead,RNO,OK,short_name=sdswrf units=W m**-2 startStep=24 endStep=26
2024-04-13,18,26,dswrf_to_lead,RNO,OK,short_name=sdswrf units=W m**-2 startStep=24 endStep=26
2024-04-10,18,26,dswrf_to_lead,RNO,OK,short_name=sdswrf units=W m**-2 startStep=24 endStep=26
2024-04-17,18,26,dswrf_to_lead,RNO,OK,short_name=sdswrf units=W m**-2 startStep=24 endStep=26
2024-04-12,18,26,dswrf_to_lead,RNO,OK,short_name=sdswrf units=W m**-2 startStep=24 endStep=26
2024-03-12,18,26,dswrf_to_lead,RNO,OK,short_name=sdswrf units=W m**-2 startStep=24 endStep=26
2024-01-13,18,26,dswrf_to_lead,RNO,OK,short_name=sdswrf units=W m**-2 startStep=24 endStep=26
2024-02-04,18,26,dswrf_to_lead,RNO,OK,short_name=sdswrf units=W m**-2 startStep=24 endStep=26
2024-04-30,18,26,dswrf_to_lead,RNO,OK,short_name=sdswrf units=W m**-2 startStep=24 endStep=26
2024-05-05,18,26,dswrf_to_lead,RNO,OK,short_name=sdswrf units=W m**-2 startStep=24 endStep=26
2024-05-07,18,26,dswrf_to_lead,RNO,OK,short_name=sdswrf units=W m**-2 startStep=24 endStep=26
2024-05-03,18,26,dswrf_to_lead,RNO,OK,short_name=sdswrf units=W m**-2 startStep=24 endStep=26
2024-03-16,18,26,dswrf_to_lead,RNO,OK,short_name=sdswrf units=W m**-2 startStep=24 endStep=26
2024-04-20,18,26,dswrf_to_lead,RNO,OK,short_name=sdswrf units=W m**-2 startStep=24 endStep=26
2024-05-10,18,26,dswrf_to_lead,RNO,OK,short_name=sdswrf units=W m**-2 startStep=24 endStep=26
2024-05-19,18,26,dswrf_to_lead,RNO,OK,short_name=sdswrf units=W m**-2 startStep=24 endStep=26
2024-05-15,18,26,dswrf_to_lead,RNO,OK,short_name=sdswrf units=W m**-2 startStep=24 endStep=26
2024-03-30,18,26,dswrf_to_lead,RNO,OK,short_name=sdswrf units=W m**-2 startStep=24 endStep=26
2024-04-16,18,26,dswrf_to_lead,RNO,OK,short_name=sdswrf units=W m**-2 startStep=24 endStep=26
2024-05-13,18,26,dswrf_to_lead,RNO,OK,short_name=sdswrf units=W m**-2 startStep=24 endStep=26
2024-02-22,18,26,dswrf_to_lead,RNO,OK,short_name=sdswrf units=W m**-2 startStep=24 endStep=26
2024-02-10,18,26,dswrf_to_lead,RNO,OK,short_name=sdswrf units=W m**-2 startStep=24 endStep=26
2024-04-26,18,26,dswrf_to_lead,RNO,OK,short_name=sdswrf units=W m**-2 startStep=24 endStep=26
2024-04-15,18,26,dswrf_to_lead,RNO,OK,short_name=sdswrf units=W m**-2 startStep=24 endStep=26
2024-04-22,18,26,dswrf_to_lead,RNO,OK,short_name=sdswrf units=W m**-2 startStep=24 endStep=26
2024-02-20,18,26,dswrf_to_lead,RNO,OK,short_name=sdswrf units=W m**-2 startStep=24 endStep=26
2024-05-04,18,26,dswrf_to_lead,RNO,OK,short_name=sdswrf units=W m**-2 startStep=24 endStep=26
2024-05-25,18,26,dswrf_to_lead,RNO,OK,short_name=sdswrf units=W m**-2 startStep=24 endStep=26
2024-03-15,18,26,dswrf_to_lead,RNO,OK,short_name=sdswrf units=W m**-2 startStep=24 endStep=26
2024-05-18,18,26,dswrf_to_lead,RNO,OK,short_name=sdswrf units=W m**-2 startStep=24 endStep=26
2024-05-21,18,26,dswrf_to_lead,RNO,OK,short_name=sdswrf units=W m**-2 startStep=24 endStep=26
2024-04-28,18,26,dswrf_to_lead,RNO,OK,short_name=sdswrf units=W m**-2 startStep=24 endStep=26
2024-05-02,18,26,dswrf_to_lead,RNO,OK,short_name=sdswrf units=W m**-2 startStep=24 endStep=26
2024-03-31,18,26,dswrf_to_lead,RNO,OK,short_name=sdswrf units=W m**-2 startStep=24 endStep=26
2024-05-22,18,26,dswrf_to_lead,RNO,OK,short_name=sdswrf units=W m**-2 startStep=24 endStep=26
2024-05-14,18,26,dswrf_to_lead,RNO,OK,short_name=sdswrf units=W m**-2 startStep=24 endStep=26
2024-05-01,18,26,dswrf_to_lead,RNO,OK,short_name=sdswrf units=W m**-2 startStep=24 endStep=26
2024-05-27,18,26,dswrf_to_lead,RNO,OK,short_name=sdswrf units=W m**-2 startStep=24 endStep=26
2024-06-09,18,26,dswrf_to_lead,RNO,OK,short_name=sdswrf units=W m**-2 startStep=24 endStep=26
2024-05-26,18,26,dswrf_to_lead,RNO,OK,short_name=sdswrf units=W m**-2 startStep=24 endStep=26
2024-05-08,18,26,dswrf_to_lead,RNO,OK,short_name=sdswrf units=W m**-2 startStep=24 endStep=26
2024-06-02,18,26,dswrf_to_lead,RNO,OK,short_name=sdswrf units=W m**-2 startStep=24 endStep=26
2024-05-24,18,26,dswrf_to_lead,RNO,OK,short_name=sdswrf units=W m**-2 startStep=24 endStep=26
2024-05-29,18,26,dswrf_to_lead,RNO,OK,short_name=sdswrf units=W m**-2 startStep=24 endStep=26
2024-06-08,18,26,dswrf_to_lead,RNO,OK,short_name=sdswrf units=W m**-2 startStep=24 endStep=26
2024-04-21,18,26,dswrf_to_lead,RNO,OK,short_name=sdswrf units=W m**-2 startStep=24 endStep=26
2024-06-04,18,26,dswrf_to_lead,RNO,OK,short_name=sdswrf units=W m**-2 startStep=24 endStep=26
2024-04-04,18,26,dswrf_to_lead,RNO,OK,short_name=sdswrf units=W m**-2 startStep=24 endStep=26
2024-05-30,18,26,dswrf_to_lead,RNO,OK,short_name=sdswrf units=W m**-2 startStep=24 endStep=26
2024-04-23,18,26,dswrf_to_lead,RNO,OK,short_name=sdswrf units=W m**-2 startStep=24 endStep=26
2024-06-06,18,26,dswrf_to_lead,RNO,OK,short_name=sdswrf units=W m**-2 startStep=24 endStep=26
2024-06-20,18,26,dswrf_to_lead,RNO,OK,short_name=sdswrf units=W m**-2 startStep=24 endStep=26
2024-06-18,18,26,dswrf_to_lead,RNO,OK,short_name=sdswrf units=W m**-2 startStep=24 endStep=26
2024-04-27,18,26,dswrf_to_lead,RNO,OK,short_name=sdswrf units=W m**-2 startStep=24 endStep=26
2024-06-17,18,26,dswrf_to_lead,RNO,OK,short_name=sdswrf units=W m**-2 startStep=24 endStep=26
2024-06-07,18,26,dswrf_to_lead,RNO,OK,short_name=sdswrf units=W m**-2 startStep=24 endStep=26
2024-04-29,18,26,dswrf_to_lead,RNO,OK,short_name=sdswrf units=W m**-2 startStep=24 endStep=26
2024-06-21,18,26,dswrf_to_lead,RNO,OK,short_name=sdswrf units=W m**-2 startStep=24 endStep=26
2024-06-30,18,26,dswrf_to_lead,RNO,OK,short_name=sdswrf units=W m**-2 startStep=24 endStep=26
2024-06-11,18,26,dswrf_to_lead,RNO,OK,short_name=sdswrf units=W m**-2 startStep=24 endStep=26
2024-06-01,18,26,dswrf_to_lead,RNO,OK,short_name=sdswrf units=W m**-2 startStep=24 endStep=26
2024-06-25,18,26,dswrf_to_lead,RNO,OK,short_name=sdswrf units=W m**-2 startStep=24 endStep=26
2024-07-08,18,26,dswrf_to_lead,RNO,OK,short_name=sdswrf units=W m**-2 startStep=24 endStep=26
2024-07-07,18,26,dswrf_to_lead,RNO,OK,short_name=sdswrf units=W m**-2 startStep=24 endStep=26
2024-06-14,18,26,dswrf_to_lead,RNO,OK,short_name=sdswrf units=W m**-2 startStep=24 endStep=26
2024-06-24,18,26,dswrf_to_lead,RNO,OK,short_name=sdswrf units=W m**-2 startStep=24 endStep=26
2024-06-03,18,26,dswrf_to_lead,RNO,OK,short_name=sdswrf units=W m**-2 startStep=24 endStep=26
2024-06-05,18,26,dswrf_to_lead,RNO,OK,short_name=sdswrf units=W m**-2 startStep=24 endStep=26
2024-07-06,18,26,dswrf_to_lead,RNO,OK,short_name=sdswrf units=W m**-2 startStep=24 endStep=26
2024-03-18,18,26,dswrf_to_lead,RNO,OK,short_name=sdswrf units=W m**-2 startStep=24 endStep=26
2024-06-12,18,26,dswrf_to_lead,RNO,OK,short_name=sdswrf units=W m**-2 startStep=24 endStep=26
2024-05-09,18,26,dswrf_to_lead,RNO,OK,short_name=sdswrf units=W m**-2 startStep=24 endStep=26
2024-06-10,18,26,dswrf_to_lead,RNO,OK,short_name=sdswrf units=W m**-2 startStep=24 endStep=26
2024-06-22,18,26,dswrf_to_lead,RNO,OK,short_name=sdswrf units=W m**-2 startStep=24 endStep=26
2024-05-16,18,26,dswrf_to_lead,RNO,OK,short_name=sdswrf units=W m**-2 startStep=24 endStep=26
2024-07-02,18,26,dswrf_to_lead,RNO,OK,short_name=sdswrf units=W m**-2 startStep=24 endStep=26
2024-06-15,18,26,dswrf_to_lead,RNO,OK,short_name=sdswrf units=W m**-2 startStep=24 endStep=26
2024-07-17,18,26,dswrf_to_lead,RNO,OK,short_name=sdswrf units=W m**-2 startStep=24 endStep=26
2024-06-26,18,26,dswrf_to_lead,RNO,OK,short_name=sdswrf units=W m**-2 startStep=24 endStep=26
2024-06-16,18,26,dswrf_to_lead,RNO,OK,short_name=sdswrf units=W m**-2 startStep=24 endStep=26
2024-05-17,18,26,dswrf_to_lead,RNO,OK,short_name=sdswrf units=W m**-2 startStep=24 endStep=26
2024-06-27,18,26,dswrf_to_lead,RNO,OK,short_name=sdswrf units=W m**-2 startStep=24 endStep=26
2024-07-15,18,26,dswrf_to_lead,RNO,OK,short_name=sdswrf units=W m**-2 startStep=24 endStep=26
2024-05-06,18,26,dswrf_to_lead,RNO,OK,short_name=sdswrf units=W m**-2 startStep=24 endStep=26
2024-07-22,18,26,dswrf_to_lead,RNO,OK,short_name=sdswrf units=W m**-2 startStep=24 endStep=26
2024-07-21,18,26,dswrf_to_lead,RNO,OK,short_name=sdswrf units=W m**-2 startStep=24 endStep=26
2024-05-12,18,26,dswrf_to_lead,RNO,OK,short_name=sdswrf units=W m**-2 startStep=24 endStep=26
2024-05-31,18,26,dswrf_to_lead,RNO,OK,short_name=sdswrf units=W m**-2 startStep=24 endStep=26
2024-07-12,18,26,dswrf_to_lead,RNO,OK,short_name=sdswrf units=W m**-2 startStep=24 endStep=26
2024-05-11,18,26,dswrf_to_lead,RNO,OK,short_name=sdswrf units=W m**-2 startStep=24 endStep=26
2025-08-06,18,26,dswrf_to_lead,RNO,OK,short_name=sdswrf units=W m**-2 startStep=24 endStep=26
2024-07-26,18,26,dswrf_to_lead,RNO,OK,short_name=sdswrf units=W m**-2 startStep=24 endStep=26
2025-08-04,18,26,dswrf_to_lead,RNO,OK,short_name=sdswrf units=W m**-2 startStep=24 endStep=26
2025-07-31,18,26,dswrf_to_lead,RNO,OK,short_name=sdswrf units=W m**-2 startStep=24 endStep=26
2024-05-23,18,26,dswrf_to_lead,RNO,OK,short_name=sdswrf units=W m**-2 startStep=24 endStep=26
2024-07-28,18,26,dswrf_to_lead,RNO,OK,short_name=sdswrf units=W m**-2 startStep=24 endStep=26
2024-07-30,18,26,dswrf_to_lead,RNO,OK,short_name=sdswrf units=W m**-2 startStep=24 endStep=26
2024-07-10,18,26,dswrf_to_lead,RNO,OK,short_name=sdswrf units=W m**-2 startStep=24 endStep=26
2024-07-11,18,26,dswrf_to_lead,RNO,OK,short_name=sdswrf units=W m**-2 startStep=24 endStep=26
2025-08-07,18,26,dswrf_to_lead,RNO,OK,short_name=sdswrf units=W m**-2 startStep=24 endStep=26
2024-04-19,18,26,dswrf_to_lead,RNO,OK,short_name=sdswrf units=W m**-2 startStep=24 endStep=26
2024-06-13,18,26,dswrf_to_lead,RNO,OK,short_name=sdswrf units=W m**-2 startStep=24 endStep=26
2024-07-14,18,26,dswrf_to_lead,RNO,OK,short_name=sdswrf units=W m**-2 startStep=24 endStep=26
2024-07-19,18,26,dswrf_to_lead,RNO,OK,short_name=sdswrf units=W m**-2 startStep=24 endStep=26
2025-08-10,18,26,dswrf_to_lead,RNO,OK,short_name=sdswrf units=W m**-2 startStep=24 endStep=26
2025-08-01,18,26,dswrf_to_lead,RNO,OK,short_name=sdswrf units=W m**-2 startStep=24 endStep=26
2024-07-29,18,26,dswrf_to_lead,RNO,OK,short_name=sdswrf units=W m**-2 startStep=24 endStep=26
2025-08-05,18,26,dswrf_to_lead,RNO,OK,short_name=sdswrf units=W m**-2 startStep=24 endStep=26
2024-07-27,18,26,dswrf_to_lead,RNO,OK,short_name=sdswrf units=W m**-2 startStep=24 endStep=26
2025-08-08,18,26,dswrf_to_lead,RNO,OK,short_name=sdswrf units=W m**-2 startStep=24 endStep=26
2025-08-11,18,26,dswrf_to_lead,RNO,OK,short_name=sdswrf units=W m**-2 startStep=24 endStep=26
2024-07-23,18,26,dswrf_to_lead,RNO,OK,short_name=sdswrf units=W m**-2 startStep=24 endStep=26
2025-08-02,18,26,dswrf_to_lead,RNO,OK,short_name=sdswrf units=W m**-2 startStep=24 endStep=26
2025-08-28,18,26,dswrf_to_lead,RNO,OK,short_name=sdswrf units=W m**-2 startStep=24 endStep=26
2024-07-03,18,26,dswrf_to_lead,RNO,OK,short_name=sdswrf units=W m**-2 startStep=24 endStep=26
2025-08-13,18,26,dswrf_to_lead,RNO,OK,short_name=sdswrf units=W m**-2 startStep=24 endStep=26
2024-06-19,18,26,dswrf_to_lead,RNO,OK,short_name=sdswrf units=W m**-2 startStep=24 endStep=26
2025-08-22,18,26,dswrf_to_lead,RNO,OK,short_name=sdswrf units=W m**-2 startStep=24 endStep=26
2025-08-17,18,26,dswrf_to_lead,RNO,OK,short_name=sdswrf units=W m**-2 startStep=24 endStep=26
2025-08-18,18,26,dswrf_to_lead,RNO,OK,short_name=sdswrf units=W m**-2 startStep=24 endStep=26
2024-05-20,18,26,dswrf_to_lead,RNO,OK,short_name=sdswrf units=W m**-2 startStep=24 endStep=26
2025-08-26,18,26,dswrf_to_lead,RNO,OK,short_name=sdswrf units=W m**-2 startStep=24 endStep=26
2025-08-14,18,26,dswrf_to_lead,RNO,OK,short_name=sdswrf units=W m**-2 startStep=24 endStep=26
2025-08-03,18,26,dswrf_to_lead,RNO,OK,short_name=sdswrf units=W m**-2 startStep=24 endStep=26
2024-05-28,18,26,dswrf_to_lead,RNO,OK,short_name=sdswrf units=W m**-2 startStep=24 endStep=26
2024-07-24,18,26,dswrf_to_lead,RNO,OK,short_name=sdswrf units=W m**-2 startStep=24 endStep=26
2025-09-04,18,26,dswrf_to_lead,RNO,OK,short_name=sdswrf units=W m**-2 startStep=24 endStep=26
2025-08-25,18,26,dswrf_to_lead,RNO,OK,short_name=sdswrf units=W m**-2 startStep=24 endStep=26
2025-08-21,18,26,dswrf_to_lead,RNO,OK,short_name=sdswrf units=W m**-2 startStep=24 endStep=26
2025-09-09,18,26,dswrf_to_lead,RNO,OK,short_name=sdswrf units=W m**-2 startStep=24 endStep=26
2025-08-27,18,26,dswrf_to_lead,RNO,OK,short_name=sdswrf units=W m**-2 startStep=24 endStep=26
2025-08-12,18,26,dswrf_to_lead,RNO,OK,short_name=sdswrf units=W m**-2 startStep=24 endStep=26
2025-09-06,18,26,dswrf_to_lead,RNO,OK,short_name=sdswrf units=W m**-2 startStep=24 endStep=26
2024-06-23,18,26,dswrf_to_lead,RNO,OK,short_name=sdswrf units=W m**-2 startStep=24 endStep=26
2025-08-30,18,26,dswrf_to_lead,RNO,OK,short_name=sdswrf units=W m**-2 startStep=24 endStep=26
2024-07-25,18,26,dswrf_to_lead,RNO,OK,short_name=sdswrf units=W m**-2 startStep=24 endStep=26
2025-09-11,18,26,dswrf_to_lead,RNO,OK,short_name=sdswrf units=W m**-2 startStep=24 endStep=26
2024-06-29,18,26,dswrf_to_lead,RNO,OK,short_name=sdswrf units=W m**-2 startStep=24 endStep=26
2024-07-18,18,26,dswrf_to_lead,RNO,OK,short_name=sdswrf units=W m**-2 startStep=24 endStep=26
2025-08-24,18,26,dswrf_to_lead,RNO,OK,short_name=sdswrf units=W m**-2 startStep=24 endStep=26
2025-09-07,18,26,dswrf_to_lead,RNO,OK,short_name=sdswrf units=W m**-2 startStep=24 endStep=26
2025-08-29,18,26,dswrf_to_lead,RNO,OK,short_name=sdswrf units=W m**-2 startStep=24 endStep=26
2025-09-10,18,26,dswrf_to_lead,RNO,OK,short_name=sdswrf units=W m**-2 startStep=24 endStep=26
2025-09-08,18,26,dswrf_to_lead,RNO,OK,short_name=sdswrf units=W m**-2 startStep=24 endStep=26
2025-09-02,18,26,dswrf_to_lead,RNO,OK,short_name=sdswrf units=W m**-2 startStep=24 endStep=26
2025-09-20,18,26,dswrf_to_lead,RNO,OK,short_name=sdswrf units=W m**-2 startStep=24 endStep=26
2025-09-18,18,26,dswrf_to_lead,RNO,OK,short_name=sdswrf units=W m**-2 startStep=24 endStep=26
2025-09-17,18,26,dswrf_to_lead,RNO,OK,short_name=sdswrf units=W m**-2 startStep=24 endStep=26
2024-07-04,18,26,dswrf_to_lead,RNO,OK,short_name=sdswrf units=W m**-2 startStep=24 endStep=26
2025-09-22,18,26,dswrf_to_lead,RNO,OK,short_name=sdswrf units=W m**-2 startStep=24 endStep=26
2025-09-26,18,26,dswrf_to_lead,RNO,OK,short_name=sdswrf units=W m**-2 startStep=24 endStep=26
2024-06-28,18,26,dswrf_to_lead,RNO,OK,short_name=sdswrf units=W m**-2 startStep=24 endStep=26
2025-09-01,18,26,dswrf_to_lead,RNO,OK,short_name=sdswrf units=W m**-2 startStep=24 endStep=26
2025-09-27,18,26,dswrf_to_lead,RNO,OK,short_name=sdswrf units=W m**-2 startStep=24 endStep=26
2025-08-09,18,26,dswrf_to_lead,RNO,OK,short_name=sdswrf units=W m**-2 startStep=24 endStep=26
2025-08-20,18,26,dswrf_to_lead,RNO,OK,short_name=sdswrf units=W m**-2 startStep=24 endStep=26
2025-10-03,18,26,dswrf_to_lead,RNO,OK,short_name=sdswrf units=W m**-2 startStep=24 endStep=26
2025-08-19,18,26,dswrf_to_lead,RNO,OK,short_name=sdswrf units=W m**-2 startStep=24 endStep=26
2025-08-23,18,26,dswrf_to_lead,RNO,OK,short_name=sdswrf units=W m**-2 startStep=24 endStep=26
2025-09-15,18,26,dswrf_to_lead,RNO,OK,short_name=sdswrf units=W m**-2 startStep=24 endStep=26
2025-09-30,18,26,dswrf_to_lead,RNO,OK,short_name=sdswrf units=W m**-2 startStep=24 endStep=26
2025-09-12,18,26,dswrf_to_lead,RNO,OK,short_name=sdswrf units=W m**-2 startStep=24 endStep=26
2025-10-05,18,26,dswrf_to_lead,RNO,OK,short_name=sdswrf units=W m**-2 startStep=24 endStep=26
2024-07-16,18,26,dswrf_to_lead,RNO,OK,short_name=sdswrf units=W m**-2 startStep=24 endStep=26
2024-07-20,18,26,dswrf_to_lead,RNO,OK,short_name=sdswrf units=W m**-2 startStep=24 endStep=26
2025-09-13,18,26,dswrf_to_lead,RNO,OK,short_name=sdswrf units=W m**-2 startStep=24 endStep=26
2025-10-11,18,26,dswrf_to_lead,RNO,OK,short_name=sdswrf units=W m**-2 startStep=24 endStep=26
2025-10-04,18,26,dswrf_to_lead,RNO,OK,short_name=sdswrf units=W m**-2 startStep=24 endStep=26
2025-09-23,18,26,dswrf_to_lead,RNO,OK,short_name=sdswrf units=W m**-2 startStep=24 endStep=26
2025-10-15,18,26,dswrf_to_lead,RNO,OK,short_name=sdswrf units=W m**-2 startStep=24 endStep=26
2025-09-21,18,26,dswrf_to_lead,RNO,OK,short_name=sdswrf units=W m**-2 startStep=24 endStep=26
2025-10-09,18,26,dswrf_to_lead,RNO,OK,short_name=sdswrf units=W m**-2 startStep=24 endStep=26
2025-10-14,18,26,dswrf_to_lead,RNO,OK,short_name=sdswrf units=W m**-2 startStep=24 endStep=26
2025-09-14,18,26,dswrf_to_lead,RNO,OK,short_name=sdswrf units=W m**-2 startStep=24 endStep=26
2024-07-05,18,26,dswrf_to_lead,RNO,OK,short_name=sdswrf units=W m**-2 startStep=24 endStep=26
2025-10-06,18,26,dswrf_to_lead,RNO,OK,short_name=sdswrf units=W m**-2 startStep=24 endStep=26
2025-10-19,18,26,dswrf_to_lead,RNO,OK,short_name=sdswrf units=W m**-2 startStep=24 endStep=26
2024-07-01,18,26,dswrf_to_lead,RNO,OK,short_name=sdswrf units=W m**-2 startStep=24 endStep=26
2025-10-18,18,26,dswrf_to_lead,RNO,OK,short_name=sdswrf units=W m**-2 startStep=24 endStep=26
2025-08-16,18,26,dswrf_to_lead,RNO,OK,short_name=sdswrf units=W m**-2 startStep=24 endStep=26
2025-10-25,18,26,dswrf_to_lead,RNO,OK,short_name=sdswrf units=W m**-2 startStep=24 endStep=26
2025-10-02,18,26,dswrf_to_lead,RNO,OK,short_name=sdswrf units=W m**-2 startStep=24 endStep=26
2025-08-15,18,26,dswrf_to_lead,RNO,OK,short_name=sdswrf units=W m**-2 startStep=24 endStep=26
2025-11-03,18,26,dswrf_to_lead,RNO,OK,short_name=sdswrf units=W m**-2 startStep=24 endStep=26
2024-07-13,18,26,dswrf_to_lead,RNO,OK,short_name=sdswrf units=W m**-2 startStep=24 endStep=26
2025-10-20,18,26,dswrf_to_lead,RNO,OK,short_name=sdswrf units=W m**-2 startStep=24 endStep=26
2025-10-31,18,26,dswrf_to_lead,RNO,OK,short_name=sdswrf units=W m**-2 startStep=24 endStep=26
2025-10-22,18,26,dswrf_to_lead,RNO,OK,short_name=sdswrf units=W m**-2 startStep=24 endStep=26
2025-10-27,18,26,dswrf_to_lead,RNO,OK,short_name=sdswrf units=W m**-2 startStep=24 endStep=26
2025-11-05,18,26,dswrf_to_lead,RNO,OK,short_name=sdswrf units=W m**-2 startStep=24 endStep=26
2025-10-17,18,26,dswrf_to_lead,RNO,OK,short_name=sdswrf units=W m**-2 startStep=24 endStep=26
2025-11-15,18,26,dswrf_to_lead,RNO,OK,short_name=sdswrf units=W m**-2 startStep=24 endStep=26
2025-11-14,18,26,dswrf_to_lead,RNO,OK,short_name=sdswrf units=W m**-2 startStep=24 endStep=26
2024-07-09,18,26,dswrf_to_lead,RNO,OK,short_name=sdswrf units=W m**-2 startStep=24 endStep=26
2025-09-25,18,26,dswrf_to_lead,RNO,OK,short_name=sdswrf units=W m**-2 startStep=24 endStep=26
2025-10-24,18,26,dswrf_to_lead,RNO,OK,short_name=sdswrf units=W m**-2 startStep=24 endStep=26
2025-11-10,18,26,dswrf_to_lead,RNO,OK,short_name=sdswrf units=W m**-2 startStep=24 endStep=26
2025-09-05,18,26,dswrf_to_lead,RNO,OK,short_name=sdswrf units=W m**-2 startStep=24 endStep=26
2025-11-06,18,26,dswrf_to_lead,RNO,OK,short_name=sdswrf units=W m**-2 startStep=24 endStep=26
2025-11-12,18,26,dswrf_to_lead,RNO,OK,short_name=sdswrf units=W m**-2 startStep=24 endStep=26
2025-10-30,18,26,dswrf_to_lead,RNO,OK,short_name=sdswrf units=W m**-2 startStep=24 endStep=26
2025-11-16,18,26,dswrf_to_lead,RNO,OK,short_name=sdswrf units=W m**-2 startStep=24 endStep=26
2025-09-28,18,26,dswrf_to_lead,RNO,OK,short_name=sdswrf units=W m**-2 startStep=24 endStep=26
2025-11-19,18,26,dswrf_to_lead,RNO,OK,short_name=sdswrf units=W m**-2 startStep=24 endStep=26
2025-10-12,18,26,dswrf_to_lead,RNO,OK,short_name=sdswrf units=W m**-2 startStep=24 endStep=26
2025-11-01,18,26,dswrf_to_lead,RNO,OK,short_name=sdswrf units=W m**-2 startStep=24 endStep=26
2025-11-18,18,26,dswrf_to_lead,RNO,OK,short_name=sdswrf units=W m**-2 startStep=24 endStep=26
2025-11-09,18,26,dswrf_to_lead,RNO,OK,short_name=sdswrf units=W m**-2 startStep=24 endStep=26
2025-10-13,18,26,dswrf_to_lead,RNO,OK,short_name=sdswrf units=W m**-2 startStep=24 endStep=26
2025-11-22,18,26,dswrf_to_lead,RNO,OK,short_name=sdswrf units=W m**-2 startStep=24 endStep=26
2025-10-26,18,26,dswrf_to_lead,RNO,OK,short_name=sdswrf units=W m**-2 startStep=24 endStep=26
2025-11-28,18,26,dswrf_to_lead,RNO,OK,short_name=sdswrf units=W m**-2 startStep=24 endStep=26
2025-10-08,18,26,dswrf_to_lead,RNO,OK,short_name=sdswrf units=W m**-2 startStep=24 endStep=26
2025-11-17,18,26,dswrf_to_lead,RNO,OK,short_name=sdswrf units=W m**-2 startStep=24 endStep=26
2025-11-13,18,26,dswrf_to_lead,RNO,OK,short_name=sdswrf units=W m**-2 startStep=24 endStep=26
2025-11-20,18,26,dswrf_to_lead,RNO,OK,short_name=sdswrf units=W m**-2 startStep=24 endStep=26
2025-11-30,18,26,dswrf_to_lead,RNO,OK,short_name=sdswrf units=W m**-2 startStep=24 endStep=26
2025-09-03,18,26,dswrf_to_lead,RNO,OK,short_name=sdswrf units=W m**-2 startStep=24 endStep=26
2025-11-02,18,26,dswrf_to_lead,RNO,OK,short_name=sdswrf units=W m**-2 startStep=24 endStep=26
2025-11-04,18,26,dswrf_to_lead,RNO,OK,short_name=sdswrf units=W m**-2 startStep=24 endStep=26
2025-11-21,18,26,dswrf_to_lead,RNO,OK,short_name=sdswrf units=W m**-2 startStep=24 endStep=26
2025-12-02,18,26,dswrf_to_lead,RNO,OK,short_name=sdswrf units=W m**-2 startStep=24 endStep=26
2025-08-31,18,26,dswrf_to_lead,RNO,OK,short_name=sdswrf units=W m**-2 startStep=24 endStep=26
2025-09-16,18,26,dswrf_to_lead,RNO,OK,short_name=sdswrf units=W m**-2 startStep=24 endStep=26
2025-09-24,18,26,dswrf_to_lead,RNO,OK,short_name=sdswrf units=W m**-2 startStep=24 endStep=26
2025-12-04,18,26,dswrf_to_lead,RNO,OK,short_name=sdswrf units=W m**-2 startStep=24 endStep=26
2025-10-10,18,26,dswrf_to_lead,RNO,OK,short_name=sdswrf units=W m**-2 startStep=24 endStep=26
2025-12-03,18,26,dswrf_to_lead,RNO,OK,short_name=sdswrf units=W m**-2 startStep=24 endStep=26
2025-12-16,18,26,dswrf_to_lead,RNO,OK,short_name=sdswrf units=W m**-2 startStep=24 endStep=26
2025-11-08,18,26,dswrf_to_lead,RNO,OK,short_name=sdswrf units=W m**-2 startStep=24 endStep=26
2025-12-11,18,26,dswrf_to_lead,RNO,OK,short_name=sdswrf units=W m**-2 startStep=24 endStep=26
2025-10-07,18,26,dswrf_to_lead,RNO,OK,short_name=sdswrf units=W m**-2 startStep=24 endStep=26
2025-12-10,18,26,dswrf_to_lead,RNO,OK,short_name=sdswrf units=W m**-2 startStep=24 endStep=26
2025-10-21,18,26,dswrf_to_lead,RNO,OK,short_name=sdswrf units=W m**-2 startStep=24 endStep=26
2025-11-24,18,26,dswrf_to_lead,RNO,OK,short_name=sdswrf units=W m**-2 startStep=24 endStep=26
2025-12-24,18,26,dswrf_to_lead,RNO,OK,short_name=sdswrf units=W m**-2 startStep=24 endStep=26
2025-10-23,18,26,dswrf_to_lead,RNO,OK,short_name=sdswrf units=W m**-2 startStep=24 endStep=26
2025-12-09,18,26,dswrf_to_lead,RNO,OK,short_name=sdswrf units=W m**-2 startStep=24 endStep=26
2025-12-27,18,26,dswrf_to_lead,RNO,OK,short_name=sdswrf units=W m**-2 startStep=24 endStep=26
2025-11-29,18,26,dswrf_to_lead,RNO,OK,short_name=sdswrf units=W m**-2 startStep=24 endStep=26
2025-09-19,18,26,dswrf_to_lead,RNO,OK,short_name=sdswrf units=W m**-2 startStep=24 endStep=26
2025-12-21,18,26,dswrf_to_lead,RNO,OK,short_name=sdswrf units=W m**-2 startStep=24 endStep=26
2025-11-23,18,26,dswrf_to_lead,RNO,OK,short_name=sdswrf units=W m**-2 startStep=24 endStep=26
2025-10-16,18,26,dswrf_to_lead,RNO,OK,short_name=sdswrf units=W m**-2 startStep=24 endStep=26
2025-12-29,18,26,dswrf_to_lead,RNO,OK,short_name=sdswrf units=W m**-2 startStep=24 endStep=26
2025-12-25,18,26,dswrf_to_lead,RNO,OK,short_name=sdswrf units=W m**-2 startStep=24 endStep=26
2025-12-19,18,26,dswrf_to_lead,RNO,OK,short_name=sdswrf units=W m**-2 startStep=24 endStep=26
2025-12-30,18,26,dswrf_to_lead,RNO,OK,short_name=sdswrf units=W m**-2 startStep=24 endStep=26
2025-11-27,18,26,dswrf_to_lead,RNO,OK,short_name=sdswrf units=W m**-2 startStep=24 endStep=26
2025-12-17,18,26,dswrf_to_lead,RNO,OK,short_name=sdswrf units=W m**-2 startStep=24 endStep=26
2025-12-31,18,26,dswrf_to_lead,RNO,OK,short_name=sdswrf units=W m**-2 startStep=24 endStep=26
2026-01-07,18,26,dswrf_to_lead,RNO,OK,short_name=sdswrf units=W m**-2 startStep=24 endStep=26
2025-12-14,18,26,dswrf_to_lead,RNO,OK,short_name=sdswrf units=W m**-2 startStep=24 endStep=26
2026-01-09,18,26,dswrf_to_lead,RNO,OK,short_name=sdswrf units=W m**-2 startStep=24 endStep=26
2025-11-11,18,26,dswrf_to_lead,RNO,OK,short_name=sdswrf units=W m**-2 startStep=24 endStep=26
2025-12-18,18,26,dswrf_to_lead,RNO,OK,short_name=sdswrf units=W m**-2 startStep=24 endStep=26
2025-12-15,18,26,dswrf_to_lead,RNO,OK,short_name=sdswrf units=W m**-2 startStep=24 endStep=26
2025-10-01,18,26,dswrf_to_lead,RNO,OK,short_name=sdswrf units=W m**-2 startStep=24 endStep=26
2026-01-13,18,26,dswrf_to_lead,RNO,OK,short_name=sdswrf units=W m**-2 startStep=24 endStep=26
2026-01-15,18,26,dswrf_to_lead,RNO,OK,short_name=sdswrf units=W m**-2 startStep=24 endStep=26
2026-01-04,18,26,dswrf_to_lead,RNO,OK,short_name=sdswrf units=W m**-2 startStep=24 endStep=26
2025-11-26,18,26,dswrf_to_lead,RNO,OK,short_name=sdswrf units=W m**-2 startStep=24 endStep=26
2026-01-14,18,26,dswrf_to_lead,RNO,OK,short_name=sdswrf units=W m**-2 startStep=24 endStep=26
2026-01-02,18,26,dswrf_to_lead,RNO,OK,short_name=sdswrf units=W m**-2 startStep=24 endStep=26
2025-12-07,18,26,dswrf_to_lead,RNO,OK,short_name=sdswrf units=W m**-2 startStep=24 endStep=26
2026-01-18,18,26,dswrf_to_lead,RNO,OK,short_name=sdswrf units=W m**-2 startStep=24 endStep=26
2026-01-23,18,26,dswrf_to_lead,RNO,OK,short_name=sdswrf units=W m**-2 startStep=24 endStep=26
2026-01-17,18,26,dswrf_to_lead,RNO,OK,short_name=sdswrf units=W m**-2 startStep=24 endStep=26
2025-12-08,18,26,dswrf_to_lead,RNO,OK,short_name=sdswrf units=W m**-2 startStep=24 endStep=26
2026-01-20,18,26,dswrf_to_lead,RNO,OK,short_name=sdswrf units=W m**-2 startStep=24 endStep=26
2025-12-23,18,26,dswrf_to_lead,RNO,OK,short_name=sdswrf units=W m**-2 startStep=24 endStep=26
2026-01-06,18,26,dswrf_to_lead,RNO,OK,short_name=sdswrf units=W m**-2 startStep=24 endStep=26
2025-10-28,18,26,dswrf_to_lead,RNO,OK,short_name=sdswrf units=W m**-2 startStep=24 endStep=26
2025-09-29,18,26,dswrf_to_lead,RNO,OK,short_name=sdswrf units=W m**-2 startStep=24 endStep=26
2026-01-10,18,26,dswrf_to_lead,RNO,OK,short_name=sdswrf units=W m**-2 startStep=24 endStep=26
2026-01-03,18,26,dswrf_to_lead,RNO,OK,short_name=sdswrf units=W m**-2 startStep=24 endStep=26
2026-01-31,18,26,dswrf_to_lead,RNO,OK,short_name=sdswrf units=W m**-2 startStep=24 endStep=26
2025-12-05,18,26,dswrf_to_lead,RNO,OK,short_name=sdswrf units=W m**-2 startStep=24 endStep=26
2026-01-24,18,26,dswrf_to_lead,RNO,OK,short_name=sdswrf units=W m**-2 startStep=24 endStep=26
2026-01-12,18,26,dswrf_to_lead,RNO,OK,short_name=sdswrf units=W m**-2 startStep=24 endStep=26
2026-01-16,18,26,dswrf_to_lead,RNO,OK,short_name=sdswrf units=W m**-2 startStep=24 endStep=26
2026-01-25,18,26,dswrf_to_lead,RNO,OK,short_name=sdswrf units=W m**-2 startStep=24 endStep=26
2026-01-29,18,26,dswrf_to_lead,RNO,OK,short_name=sdswrf units=W m**-2 startStep=24 endStep=26
2025-10-29,18,26,dswrf_to_lead,RNO,OK,short_name=sdswrf units=W m**-2 startStep=24 endStep=26
2026-02-08,18,26,dswrf_to_lead,RNO,OK,short_name=sdswrf units=W m**-2 startStep=24 endStep=26
2026-01-26,18,26,dswrf_to_lead,RNO,OK,short_name=sdswrf units=W m**-2 startStep=24 endStep=26
2026-01-28,18,26,dswrf_to_lead,RNO,OK,short_name=sdswrf units=W m**-2 startStep=24 endStep=26
2026-02-06,18,26,dswrf_to_lead,RNO,OK,short_name=sdswrf units=W m**-2 startStep=24 endStep=26
2025-11-07,18,26,dswrf_to_lead,RNO,OK,short_name=sdswrf units=W m**-2 startStep=24 endStep=26
2025-11-25,18,26,dswrf_to_lead,RNO,OK,short_name=sdswrf units=W m**-2 startStep=24 endStep=26
2026-02-04,18,26,dswrf_to_lead,RNO,OK,short_name=sdswrf units=W m**-2 startStep=24 endStep=26
2026-01-27,18,26,dswrf_to_lead,RNO,OK,short_name=sdswrf units=W m**-2 startStep=24 endStep=26
2026-01-05,18,26,dswrf_to_lead,RNO,OK,short_name=sdswrf units=W m**-2 startStep=24 endStep=26
2026-01-30,18,26,dswrf_to_lead,RNO,OK,short_name=sdswrf units=W m**-2 startStep=24 endStep=26
2026-02-03,18,26,dswrf_to_lead,RNO,OK,short_name=sdswrf units=W m**-2 startStep=24 endStep=26
2026-02-07,18,26,dswrf_to_lead,RNO,OK,short_name=sdswrf units=W m**-2 startStep=24 endStep=26
2025-12-22,18,26,dswrf_to_lead,RNO,OK,short_name=sdswrf units=W m**-2 startStep=24 endStep=26
2026-02-21,18,26,dswrf_to_lead,RNO,OK,short_name=sdswrf units=W m**-2 startStep=24 endStep=26
2026-02-23,18,26,dswrf_to_lead,RNO,OK,short_name=sdswrf units=W m**-2 startStep=24 endStep=26
2026-02-14,18,26,dswrf_to_lead,RNO,OK,short_name=sdswrf units=W m**-2 startStep=24 endStep=26
2026-02-15,18,26,dswrf_to_lead,RNO,OK,short_name=sdswrf units=W m**-2 startStep=24 endStep=26
2026-02-17,18,26,dswrf_to_lead,RNO,OK,short_name=sdswrf units=W m**-2 startStep=24 endStep=26
2026-02-12,18,26,dswrf_to_lead,RNO,OK,short_name=sdswrf units=W m**-2 startStep=24 endStep=26
2026-02-09,18,26,dswrf_to_lead,RNO,OK,short_name=sdswrf units=W m**-2 startStep=24 endStep=26
2026-03-05,18,26,dswrf_to_lead,RNO,OK,short_name=sdswrf units=W m**-2 startStep=24 endStep=26
2026-02-19,18,26,dswrf_to_lead,RNO,OK,short_name=sdswrf units=W m**-2 startStep=24 endStep=26
2026-02-26,18,26,dswrf_to_lead,RNO,OK,short_name=sdswrf units=W m**-2 startStep=24 endStep=26
2025-12-01,18,26,dswrf_to_lead,RNO,OK,short_name=sdswrf units=W m**-2 startStep=24 endStep=26
2025-12-12,18,26,dswrf_to_lead,RNO,OK,short_name=sdswrf units=W m**-2 startStep=24 endStep=26
2026-02-18,18,26,dswrf_to_lead,RNO,OK,short_name=sdswrf units=W m**-2 startStep=24 endStep=26
2025-12-13,18,26,dswrf_to_lead,RNO,OK,short_name=sdswrf units=W m**-2 startStep=24 endStep=26
2026-02-01,18,26,dswrf_to_lead,RNO,OK,short_name=sdswrf units=W m**-2 startStep=24 endStep=26
2026-03-04,18,26,dswrf_to_lead,RNO,OK,short_name=sdswrf units=W m**-2 startStep=24 endStep=26
2026-01-21,18,26,dswrf_to_lead,RNO,OK,short_name=sdswrf units=W m**-2 startStep=24 endStep=26
2026-02-22,18,26,dswrf_to_lead,RNO,OK,short_name=sdswrf units=W m**-2 startStep=24 endStep=26
2026-01-01,18,26,dswrf_to_lead,RNO,OK,short_name=sdswrf units=W m**-2 startStep=24 endStep=26
2026-02-24,18,26,dswrf_to_lead,RNO,OK,short_name=sdswrf units=W m**-2 startStep=24 endStep=26
2025-12-28,18,26,dswrf_to_lead,RNO,OK,short_name=sdswrf units=W m**-2 startStep=24 endStep=26
2026-03-13,18,26,dswrf_to_lead,RNO,OK,short_name=sdswrf units=W m**-2 startStep=24 endStep=26
2026-02-20,18,26,dswrf_to_lead,RNO,OK,short_name=sdswrf units=W m**-2 startStep=24 endStep=26
2026-03-12,18,26,dswrf_to_lead,RNO,OK,short_name=sdswrf units=W m**-2 startStep=24 endStep=26
2026-02-16,18,26,dswrf_to_lead,RNO,OK,short_name=sdswrf units=W m**-2 startStep=24 endStep=26
2026-03-08,18,26,dswrf_to_lead,RNO,OK,short_name=sdswrf units=W m**-2 startStep=24 endStep=26
2026-03-16,18,26,dswrf_to_lead,RNO,OK,short_name=sdswrf units=W m**-2 startStep=24 endStep=26
2026-03-09,18,26,dswrf_to_lead,RNO,OK,short_name=sdswrf units=W m**-2 startStep=24 endStep=26
2026-03-20,18,26,dswrf_to_lead,RNO,OK,short_name=sdswrf units=W m**-2 startStep=24 endStep=26
2026-03-25,18,26,dswrf_to_lead,RNO,OK,short_name=sdswrf units=W m**-2 startStep=24 endStep=26
2026-03-27,18,26,dswrf_to_lead,RNO,OK,short_name=sdswrf units=W m**-2 startStep=24 endStep=26
2026-02-13,18,26,dswrf_to_lead,RNO,OK,short_name=sdswrf units=W m**-2 startStep=24 endStep=26
2026-03-29,18,26,dswrf_to_lead,RNO,OK,short_name=sdswrf units=W m**-2 startStep=24 endStep=26
2026-02-11,18,26,dswrf_to_lead,RNO,OK,short_name=sdswrf units=W m**-2 startStep=24 endStep=26
2026-03-01,18,26,dswrf_to_lead,RNO,OK,short_name=sdswrf units=W m**-2 startStep=24 endStep=26
2026-03-14,18,26,dswrf_to_lead,RNO,OK,short_name=sdswrf units=W m**-2 startStep=24 endStep=26
2025-12-20,18,26,dswrf_to_lead,RNO,OK,short_name=sdswrf units=W m**-2 startStep=24 endStep=26
2026-03-28,18,26,dswrf_to_lead,RNO,OK,short_name=sdswrf units=W m**-2 startStep=24 endStep=26
2026-03-31,18,26,dswrf_to_lead,RNO,OK,short_name=sdswrf units=W m**-2 startStep=24 endStep=26
2026-03-23,18,26,dswrf_to_lead,RNO,OK,short_name=sdswrf units=W m**-2 startStep=24 endStep=26
2026-03-06,18,26,dswrf_to_lead,RNO,OK,short_name=sdswrf units=W m**-2 startStep=24 endStep=26
2026-03-15,18,26,dswrf_to_lead,RNO,OK,short_name=sdswrf units=W m**-2 startStep=24 endStep=26
2025-12-06,18,26,dswrf_to_lead,RNO,OK,short_name=sdswrf units=W m**-2 startStep=24 endStep=26
2026-02-25,18,26,dswrf_to_lead,RNO,OK,short_name=sdswrf units=W m**-2 startStep=24 endStep=26
2026-03-22,18,26,dswrf_to_lead,RNO,OK,short_name=sdswrf units=W m**-2 startStep=24 endStep=26
2026-03-03,18,26,dswrf_to_lead,RNO,OK,short_name=sdswrf units=W m**-2 startStep=24 endStep=26
2026-03-17,18,26,dswrf_to_lead,RNO,OK,short_name=sdswrf units=W m**-2 startStep=24 endStep=26
2026-04-10,18,26,dswrf_to_lead,RNO,OK,short_name=sdswrf units=W m**-2 startStep=24 endStep=26
2026-04-13,18,26,dswrf_to_lead,RNO,OK,short_name=sdswrf units=W m**-2 startStep=24 endStep=26
2026-03-26,18,26,dswrf_to_lead,RNO,OK,short_name=sdswrf units=W m**-2 startStep=24 endStep=26
2026-03-07,18,26,dswrf_to_lead,RNO,OK,short_name=sdswrf units=W m**-2 startStep=24 endStep=26
2026-01-19,18,26,dswrf_to_lead,RNO,OK,short_name=sdswrf units=W m**-2 startStep=24 endStep=26
2026-02-27,18,26,dswrf_to_lead,RNO,OK,short_name=sdswrf units=W m**-2 startStep=24 endStep=26
2026-04-18,18,26,dswrf_to_lead,RNO,OK,short_name=sdswrf units=W m**-2 startStep=24 endStep=26
2026-01-22,18,26,dswrf_to_lead,RNO,OK,short_name=sdswrf units=W m**-2 startStep=24 endStep=26
2026-04-05,18,26,dswrf_to_lead,RNO,OK,short_name=sdswrf units=W m**-2 startStep=24 endStep=26
2026-04-16,18,26,dswrf_to_lead,RNO,OK,short_name=sdswrf units=W m**-2 startStep=24 endStep=26
2026-04-11,18,26,dswrf_to_lead,RNO,OK,short_name=sdswrf units=W m**-2 startStep=24 endStep=26
2025-12-26,18,26,dswrf_to_lead,RNO,OK,short_name=sdswrf units=W m**-2 startStep=24 endStep=26
2026-01-08,18,26,dswrf_to_lead,RNO,OK,short_name=sdswrf units=W m**-2 startStep=24 endStep=26
2026-03-24,18,26,dswrf_to_lead,RNO,OK,short_name=sdswrf units=W m**-2 startStep=24 endStep=26
2026-04-02,18,26,dswrf_to_lead,RNO,OK,short_name=sdswrf units=W m**-2 startStep=24 endStep=26
2026-04-23,18,26,dswrf_to_lead,RNO,OK,short_name=sdswrf units=W m**-2 startStep=24 endStep=26
2026-02-05,18,26,dswrf_to_lead,RNO,OK,short_name=sdswrf units=W m**-2 startStep=24 endStep=26
2026-04-25,18,26,dswrf_to_lead,RNO,OK,short_name=sdswrf units=W m**-2 startStep=24 endStep=26
2026-03-18,18,26,dswrf_to_lead,RNO,OK,short_name=sdswrf units=W m**-2 startStep=24 endStep=26
2026-04-06,18,26,dswrf_to_lead,RNO,OK,short_name=sdswrf units=W m**-2 startStep=24 endStep=26
2026-04-24,18,26,dswrf_to_lead,RNO,OK,short_name=sdswrf units=W m**-2 startStep=24 endStep=26
2026-04-28,18,26,dswrf_to_lead,RNO,OK,short_name=sdswrf units=W m**-2 startStep=24 endStep=26
2026-04-22,18,26,dswrf_to_lead,RNO,OK,short_name=sdswrf units=W m**-2 startStep=24 endStep=26
2026-04-15,18,26,dswrf_to_lead,RNO,OK,short_name=sdswrf units=W m**-2 startStep=24 endStep=26
2026-04-12,18,26,dswrf_to_lead,RNO,OK,short_name=sdswrf units=W m**-2 startStep=24 endStep=26
2026-04-20,18,26,dswrf_to_lead,RNO,OK,short_name=sdswrf units=W m**-2 startStep=24 endStep=26
2026-04-30,18,26,dswrf_to_lead,RNO,OK,short_name=sdswrf units=W m**-2 startStep=24 endStep=26
2026-02-10,18,26,dswrf_to_lead,RNO,OK,short_name=sdswrf units=W m**-2 startStep=24 endStep=26
2026-03-10,18,26,dswrf_to_lead,RNO,OK,short_name=sdswrf units=W m**-2 startStep=24 endStep=26
2026-04-27,18,26,dswrf_to_lead,RNO,OK,short_name=sdswrf units=W m**-2 startStep=24 endStep=26
2026-04-14,18,26,dswrf_to_lead,RNO,OK,short_name=sdswrf units=W m**-2 startStep=24 endStep=26
2026-04-26,18,26,dswrf_to_lead,RNO,OK,short_name=sdswrf units=W m**-2 startStep=24 endStep=26
2026-05-04,18,26,dswrf_to_lead,RNO,OK,short_name=sdswrf units=W m**-2 startStep=24 endStep=26
2026-04-03,18,26,dswrf_to_lead,RNO,OK,short_name=sdswrf units=W m**-2 startStep=24 endStep=26
2026-03-11,18,26,dswrf_to_lead,RNO,OK,short_name=sdswrf units=W m**-2 startStep=24 endStep=26
2026-05-06,18,26,dswrf_to_lead,RNO,OK,short_name=sdswrf units=W m**-2 startStep=24 endStep=26
2026-04-09,18,26,dswrf_to_lead,RNO,OK,short_name=sdswrf units=W m**-2 startStep=24 endStep=26
2026-05-09,18,26,dswrf_to_lead,RNO,OK,short_name=sdswrf units=W m**-2 startStep=24 endStep=26
2026-05-11,18,26,dswrf_to_lead,RNO,OK,short_name=sdswrf units=W m**-2 startStep=24 endStep=26
2026-04-07,18,26,dswrf_to_lead,RNO,OK,short_name=sdswrf units=W m**-2 startStep=24 endStep=26
2026-05-03,18,26,dswrf_to_lead,RNO,OK,short_name=sdswrf units=W m**-2 startStep=24 endStep=26
2026-03-21,18,26,dswrf_to_lead,RNO,OK,short_name=sdswrf units=W m**-2 startStep=24 endStep=26
2026-05-02,18,26,dswrf_to_lead,RNO,OK,short_name=sdswrf units=W m**-2 startStep=24 endStep=26
2026-05-12,18,26,dswrf_to_lead,RNO,OK,short_name=sdswrf units=W m**-2 startStep=24 endStep=26
2026-03-19,18,26,dswrf_to_lead,RNO,OK,short_name=sdswrf units=W m**-2 startStep=24 endStep=26
2026-01-11,18,26,dswrf_to_lead,RNO,OK,short_name=sdswrf units=W m**-2 startStep=24 endStep=26
2026-02-02,18,26,dswrf_to_lead,RNO,OK,short_name=sdswrf units=W m**-2 startStep=24 endStep=26
2026-05-10,18,26,dswrf_to_lead,RNO,OK,short_name=sdswrf units=W m**-2 startStep=24 endStep=26
2026-04-19,18,26,dswrf_to_lead,RNO,OK,short_name=sdswrf units=W m**-2 startStep=24 endStep=26
2026-05-21,18,26,dswrf_to_lead,RNO,OK,short_name=sdswrf units=W m**-2 startStep=24 endStep=26
2026-05-17,18,26,dswrf_to_lead,RNO,OK,short_name=sdswrf units=W m**-2 startStep=24 endStep=26
2026-04-29,18,26,dswrf_to_lead,RNO,OK,short_name=sdswrf units=W m**-2 startStep=24 endStep=26
2026-04-01,18,26,dswrf_to_lead,RNO,OK,short_name=sdswrf units=W m**-2 startStep=24 endStep=26
2026-02-28,18,26,dswrf_to_lead,RNO,OK,short_name=sdswrf units=W m**-2 startStep=24 endStep=26
2026-04-08,18,26,dswrf_to_lead,RNO,OK,short_name=sdswrf units=W m**-2 startStep=24 endStep=26
2026-06-04,18,26,dswrf_to_lead,RNO,OK,short_name=sdswrf units=W m**-2 startStep=24 endStep=26
2026-04-21,18,26,dswrf_to_lead,RNO,OK,short_name=sdswrf units=W m**-2 startStep=24 endStep=26
2026-05-14,18,26,dswrf_to_lead,RNO,OK,short_name=sdswrf units=W m**-2 startStep=24 endStep=26
2026-05-16,18,26,dswrf_to_lead,RNO,OK,short_name=sdswrf units=W m**-2 startStep=24 endStep=26
2026-05-29,18,26,dswrf_to_lead,RNO,OK,short_name=sdswrf units=W m**-2 startStep=24 endStep=26
2026-05-05,18,26,dswrf_to_lead,RNO,OK,short_name=sdswrf units=W m**-2 startStep=24 endStep=26
2026-05-26,18,26,dswrf_to_lead,RNO,OK,short_name=sdswrf units=W m**-2 startStep=24 endStep=26
2026-05-15,18,26,dswrf_to_lead,RNO,OK,short_name=sdswrf units=W m**-2 startStep=24 endStep=26
2026-03-30,18,26,dswrf_to_lead,RNO,OK,short_name=sdswrf units=W m**-2 startStep=24 endStep=26
2026-05-19,18,26,dswrf_to_lead,RNO,OK,short_name=sdswrf units=W m**-2 startStep=24 endStep=26
2026-06-05,18,26,dswrf_to_lead,RNO,OK,short_name=sdswrf units=W m**-2 startStep=24 endStep=26
2026-06-13,18,26,dswrf_to_lead,RNO,OK,short_name=sdswrf units=W m**-2 startStep=24 endStep=26
2026-06-02,18,26,dswrf_to_lead,RNO,OK,short_name=sdswrf units=W m**-2 startStep=24 endStep=26
2026-06-03,18,26,dswrf_to_lead,RNO,OK,short_name=sdswrf units=W m**-2 startStep=24 endStep=26
2026-06-09,18,26,dswrf_to_lead,RNO,OK,short_name=sdswrf units=W m**-2 startStep=24 endStep=26
2026-05-25,18,26,dswrf_to_lead,RNO,OK,short_name=sdswrf units=W m**-2 startStep=24 endStep=26
2026-05-27,18,26,dswrf_to_lead,RNO,OK,short_name=sdswrf units=W m**-2 startStep=24 endStep=26
2026-06-06,18,26,dswrf_to_lead,RNO,OK,short_name=sdswrf units=W m**-2 startStep=24 endStep=26
2026-06-16,18,26,dswrf_to_lead,RNO,OK,short_name=sdswrf units=W m**-2 startStep=24 endStep=26
2026-05-30,18,26,dswrf_to_lead,RNO,OK,short_name=sdswrf units=W m**-2 startStep=24 endStep=26
2026-06-21,18,26,dswrf_to_lead,RNO,OK,short_name=sdswrf units=W m**-2 startStep=24 endStep=26
2026-06-07,18,26,dswrf_to_lead,RNO,OK,short_name=sdswrf units=W m**-2 startStep=24 endStep=26
2026-05-31,18,26,dswrf_to_lead,RNO,OK,short_name=sdswrf units=W m**-2 startStep=24 endStep=26
2026-05-23,18,26,dswrf_to_lead,RNO,OK,short_name=sdswrf units=W m**-2 startStep=24 endStep=26
2026-06-12,18,26,dswrf_to_lead,RNO,OK,short_name=sdswrf units=W m**-2 startStep=24 endStep=26
2026-06-24,18,26,dswrf_to_lead,RNO,OK,short_name=sdswrf units=W m**-2 startStep=24 endStep=26
2026-05-13,18,26,dswrf_to_lead,RNO,OK,short_name=sdswrf units=W m**-2 startStep=24 endStep=26
2026-06-14,18,26,dswrf_to_lead,RNO,OK,short_name=sdswrf units=W m**-2 startStep=24 endStep=26
2026-06-11,18,26,dswrf_to_lead,RNO,OK,short_name=sdswrf units=W m**-2 startStep=24 endStep=26
2026-06-26,18,26,dswrf_to_lead,RNO,OK,short_name=sdswrf units=W m**-2 startStep=24 endStep=26
2026-06-22,18,26,dswrf_to_lead,RNO,OK,short_name=sdswrf units=W m**-2 startStep=24 endStep=26
2026-05-28,18,26,dswrf_to_lead,RNO,OK,short_name=sdswrf units=W m**-2 startStep=24 endStep=26
2026-07-01,18,26,dswrf_to_lead,RNO,OK,short_name=sdswrf units=W m**-2 startStep=24 endStep=26
2026-06-25,18,26,dswrf_to_lead,RNO,OK,short_name=sdswrf units=W m**-2 startStep=24 endStep=26
2026-06-08,18,26,dswrf_to_lead,RNO,OK,short_name=sdswrf units=W m**-2 startStep=24 endStep=26
2026-07-04,18,26,dswrf_to_lead,RNO,OK,short_name=sdswrf units=W m**-2 startStep=24 endStep=26
2026-06-17,18,26,dswrf_to_lead,RNO,OK,short_name=sdswrf units=W m**-2 startStep=24 endStep=26
2026-06-23,18,26,dswrf_to_lead,RNO,OK,short_name=sdswrf units=W m**-2 startStep=24 endStep=26
2026-03-02,18,26,dswrf_to_lead,RNO,OK,short_name=sdswrf units=W m**-2 startStep=24 endStep=26
2026-04-17,18,26,dswrf_to_lead,RNO,OK,short_name=sdswrf units=W m**-2 startStep=24 endStep=26
2026-05-20,18,26,dswrf_to_lead,RNO,OK,short_name=sdswrf units=W m**-2 startStep=24 endStep=26
2026-07-15,18,26,dswrf_to_lead,RNO,OK,short_name=sdswrf units=W m**-2 startStep=24 endStep=26
2026-07-02,18,26,dswrf_to_lead,RNO,OK,short_name=sdswrf units=W m**-2 startStep=24 endStep=26
2026-07-09,18,26,dswrf_to_lead,RNO,OK,short_name=sdswrf units=W m**-2 startStep=24 endStep=26
2026-06-28,18,26,dswrf_to_lead,RNO,OK,short_name=sdswrf units=W m**-2 startStep=24 endStep=26
2026-07-12,18,26,dswrf_to_lead,RNO,OK,short_name=sdswrf units=W m**-2 startStep=24 endStep=26
2026-07-08,18,26,dswrf_to_lead,RNO,OK,short_name=sdswrf units=W m**-2 startStep=24 endStep=26
2026-06-19,18,26,dswrf_to_lead,RNO,OK,short_name=sdswrf units=W m**-2 startStep=24 endStep=26
2026-07-07,18,26,dswrf_to_lead,RNO,OK,short_name=sdswrf units=W m**-2 startStep=24 endStep=26
2026-07-24,18,26,dswrf_to_lead,RNO,OK,short_name=sdswrf units=W m**-2 startStep=24 endStep=26
2026-06-20,18,26,dswrf_to_lead,RNO,OK,short_name=sdswrf units=W m**-2 startStep=24 endStep=26
2026-07-27,18,26,dswrf_to_lead,RNO,OK,short_name=sdswrf units=W m**-2 startStep=24 endStep=26
2026-06-01,18,26,dswrf_to_lead,RNO,OK,short_name=sdswrf units=W m**-2 startStep=24 endStep=26
2026-06-18,18,26,dswrf_to_lead,RNO,OK,short_name=sdswrf units=W m**-2 startStep=24 endStep=26
2026-07-16,18,26,dswrf_to_lead,RNO,OK,short_name=sdswrf units=W m**-2 startStep=24 endStep=26
2026-07-10,18,26,dswrf_to_lead,RNO,OK,short_name=sdswrf units=W m**-2 startStep=24 endStep=26
2026-07-21,18,26,dswrf_to_lead,RNO,OK,short_name=sdswrf units=W m**-2 startStep=24 endStep=26
2026-07-11,18,26,dswrf_to_lead,RNO,OK,short_name=sdswrf units=W m**-2 startStep=24 endStep=26
2026-05-07,18,26,dswrf_to_lead,RNO,OK,short_name=sdswrf units=W m**-2 startStep=24 endStep=26
2026-07-18,18,26,dswrf_to_lead,RNO,OK,short_name=sdswrf units=W m**-2 startStep=24 endStep=26
2026-04-04,18,26,dswrf_to_lead,RNO,OK,short_name=sdswrf units=W m**-2 startStep=24 endStep=26
2026-07-29,18,26,dswrf_to_lead,RNO,OK,short_name=sdswrf units=W m**-2 startStep=24 endStep=26
2026-07-03,18,26,dswrf_to_lead,RNO,OK,short_name=sdswrf units=W m**-2 startStep=24 endStep=26
2026-05-08,18,26,dswrf_to_lead,RNO,OK,short_name=sdswrf units=W m**-2 startStep=24 endStep=26
2026-07-30,18,26,dswrf_to_lead,RNO,OK,short_name=sdswrf units=W m**-2 startStep=24 endStep=26
2026-06-10,18,26,dswrf_to_lead,RNO,OK,short_name=sdswrf units=W m**-2 startStep=24 endStep=26
2026-07-19,18,26,dswrf_to_lead,RNO,OK,short_name=sdswrf units=W m**-2 startStep=24 endStep=26
2026-05-24,18,26,dswrf_to_lead,RNO,OK,short_name=sdswrf units=W m**-2 startStep=24 endStep=26
2026-07-25,18,26,dswrf_to_lead,RNO,OK,short_name=sdswrf units=W m**-2 startStep=24 endStep=26
2026-06-27,18,26,dswrf_to_lead,RNO,OK,short_name=sdswrf units=W m**-2 startStep=24 endStep=26
2026-07-26,18,26,dswrf_to_lead,RNO,OK,short_name=sdswrf units=W m**-2 startStep=24 endStep=26
2026-07-06,18,26,dswrf_to_lead,RNO,OK,short_name=sdswrf units=W m**-2 startStep=24 endStep=26
2026-07-22,18,26,dswrf_to_lead,RNO,OK,short_name=sdswrf units=W m**-2 startStep=24 endStep=26
2026-07-14,18,26,dswrf_to_lead,RNO,OK,short_name=sdswrf units=W m**-2 startStep=24 endStep=26
2026-05-01,18,26,dswrf_to_lead,RNO,OK,short_name=sdswrf units=W m**-2 startStep=24 endStep=26
2026-05-18,18,26,dswrf_to_lead,RNO,OK,short_name=sdswrf units=W m**-2 startStep=24 endStep=26
2026-07-28,18,26,dswrf_to_lead,RNO,OK,short_name=sdswrf units=W m**-2 startStep=24 endStep=26
2026-06-30,18,26,dswrf_to_lead,RNO,OK,short_name=sdswrf units=W m**-2 startStep=24 endStep=26
2026-07-05,18,26,dswrf_to_lead,RNO,OK,short_name=sdswrf units=W m**-2 startStep=24 endStep=26
2026-05-22,18,26,dswrf_to_lead,RNO,OK,short_name=sdswrf units=W m**-2 startStep=24 endStep=26
2026-06-15,18,26,dswrf_to_lead,RNO,OK,short_name=sdswrf units=W m**-2 startStep=24 endStep=26
2026-06-29,18,26,dswrf_to_lead,RNO,OK,short_name=sdswrf units=W m**-2 startStep=24 endStep=26
2026-07-20,18,26,dswrf_to_lead,RNO,OK,short_name=sdswrf units=W m**-2 startStep=24 endStep=26
2026-07-17,18,26,dswrf_to_lead,RNO,OK,short_name=sdswrf units=W m**-2 startStep=24 endStep=26
2026-07-13,18,26,dswrf_to_lead,RNO,OK,short_name=sdswrf units=W m**-2 startStep=24 endStep=26
2026-07-23,18,26,dswrf_to_lead,RNO,OK,short_name=sdswrf units=W m**-2 startStep=24 endStep=26
