run_date,cycle,lead,field_key,stations,status,detail
2024-09-13,12,24,pressure_msl_hpa,"EGLC,LFPG",OK,short_name=prmsl units=Pa valid=2024-09-14T12:00:00 bytes=991910
2024-09-13,12,24,pressure_surface_hpa,"EGLC,LFPG",OK,short_name=sp units=Pa valid=2024-09-14T12:00:00 bytes=831298
2024-09-13,12,21,pressure_msl_lead_minus3_hpa,"EGLC,LFPG",OK,short_name=prmsl units=Pa valid=2024-09-14T09:00:00 bytes=993679
2024-09-16,12,24,pressure_msl_hpa,"EGLC,LFPG",OK,short_name=prmsl units=Pa valid=2024-09-17T12:00:00 bytes=997638
2024-09-16,12,24,pressure_surface_hpa,"EGLC,LFPG",OK,short_name=sp units=Pa valid=2024-09-17T12:00:00 bytes=834975
2024-09-16,12,21,pressure_msl_lead_minus3_hpa,"EGLC,LFPG",OK,short_name=prmsl units=Pa valid=2024-09-17T09:00:00 bytes=994859
2024-08-16,12,24,pressure_msl_hpa,"EGLC,LFPG",OK,short_name=prmsl units=Pa valid=2024-08-17T12:00:00 bytes=1004649
2024-08-16,12,24,pressure_surface_hpa,"EGLC,LFPG",OK,short_name=sp units=Pa valid=2024-08-17T12:00:00 bytes=836440
2024-08-16,12,21,pressure_msl_lead_minus3_hpa,"EGLC,LFPG",OK,short_name=prmsl units=Pa valid=2024-08-17T09:00:00 bytes=1003850
2024-09-14,12,24,pressure_msl_hpa,"EGLC,LFPG",OK,short_name=prmsl units=Pa valid=2024-09-15T12:00:00 bytes=996057
2024-09-14,12,24,pressure_surface_hpa,"EGLC,LFPG",OK,short_name=sp units=Pa valid=2024-09-15T12:00:00 bytes=835724
2024-09-14,12,21,pressure_msl_lead_minus3_hpa,"EGLC,LFPG",OK,short_name=prmsl units=Pa valid=2024-09-15T09:00:00 bytes=994404
2024-08-29,12,24,pressure_msl_hpa,"EGLC,LFPG",OK,short_name=prmsl units=Pa valid=2024-08-30T12:00:00 bytes=882981
2024-08-29,12,24,pressure_surface_hpa,"EGLC,LFPG",OK,short_name=sp units=Pa valid=2024-08-30T12:00:00 bytes=834260
2024-08-29,12,21,pressure_msl_lead_minus3_hpa,"EGLC,LFPG",OK,short_name=prmsl units=Pa valid=2024-08-30T09:00:00 bytes=883757
2024-08-08,12,24,pressure_msl_hpa,"EGLC,LFPG",OK,short_name=prmsl units=Pa valid=2024-08-09T12:00:00 bytes=882343
2024-08-08,12,24,pressure_surface_hpa,"EGLC,LFPG",OK,short_name=sp units=Pa valid=2024-08-09T12:00:00 bytes=834308
2024-08-08,12,21,pressure_msl_lead_minus3_hpa,"EGLC,LFPG",OK,short_name=prmsl units=Pa valid=2024-08-09T09:00:00 bytes=881257
2024-09-10,12,24,pressure_msl_hpa,"EGLC,LFPG",OK,short_name=prmsl units=Pa valid=2024-09-11T12:00:00 bytes=870878
2024-09-10,12,24,pressure_surface_hpa,"EGLC,LFPG",OK,short_name=sp units=Pa valid=2024-09-11T12:00:00 bytes=832941
2024-09-10,12,21,pressure_msl_lead_minus3_hpa,"EGLC,LFPG",OK,short_name=prmsl units=Pa valid=2024-09-11T09:00:00 bytes=995797
2024-08-28,12,24,pressure_msl_hpa,"EGLC,LFPG",OK,short_name=prmsl units=Pa valid=2024-08-29T12:00:00 bytes=1004975
2024-08-28,12,24,pressure_surface_hpa,"EGLC,LFPG",OK,short_name=sp units=Pa valid=2024-08-29T12:00:00 bytes=836381
2024-08-28,12,21,pressure_msl_lead_minus3_hpa,"EGLC,LFPG",OK,short_name=prmsl units=Pa valid=2024-08-29T09:00:00 bytes=1003636
2024-09-08,12,24,pressure_msl_hpa,"EGLC,LFPG",OK,short_name=prmsl units=Pa valid=2024-09-09T12:00:00 bytes=1039789
2024-09-08,12,24,pressure_surface_hpa,"EGLC,LFPG",OK,short_name=sp units=Pa valid=2024-09-09T12:00:00 bytes=836030
2024-09-08,12,21,pressure_msl_lead_minus3_hpa,"EGLC,LFPG",OK,short_name=prmsl units=Pa valid=2024-09-09T09:00:00 bytes=1039421
2024-08-12,12,24,pressure_msl_hpa,"EGLC,LFPG",OK,short_name=prmsl units=Pa valid=2024-08-13T12:00:00 bytes=880175
2024-08-12,12,24,pressure_surface_hpa,"EGLC,LFPG",OK,short_name=sp units=Pa valid=2024-08-13T12:00:00 bytes=835674
2024-08-12,12,21,pressure_msl_lead_minus3_hpa,"EGLC,LFPG",OK,short_name=prmsl units=Pa valid=2024-08-13T09:00:00 bytes=879723
2024-09-15,12,24,pressure_msl_hpa,"EGLC,LFPG",OK,short_name=prmsl units=Pa valid=2024-09-16T12:00:00 bytes=997660
2024-09-15,12,24,pressure_surface_hpa,"EGLC,LFPG",OK,short_name=sp units=Pa valid=2024-09-16T12:00:00 bytes=836036
2024-09-15,12,21,pressure_msl_lead_minus3_hpa,"EGLC,LFPG",OK,short_name=prmsl units=Pa valid=2024-09-16T09:00:00 bytes=995946
2024-09-09,12,24,pressure_msl_hpa,"EGLC,LFPG",OK,short_name=prmsl units=Pa valid=2024-09-10T12:00:00 bytes=1001623
2024-09-09,12,24,pressure_surface_hpa,"EGLC,LFPG",OK,short_name=sp units=Pa valid=2024-09-10T12:00:00 bytes=835610
2024-09-09,12,21,pressure_msl_lead_minus3_hpa,"EGLC,LFPG",OK,short_name=prmsl units=Pa valid=2024-09-10T09:00:00 bytes=1000347
2024-09-06,12,24,pressure_msl_hpa,"EGLC,LFPG",OK,short_name=prmsl units=Pa valid=2024-09-07T12:00:00 bytes=998242
2024-09-06,12,24,pressure_surface_hpa,"EGLC,LFPG",OK,short_name=sp units=Pa valid=2024-09-07T12:00:00 bytes=836780
2024-09-06,12,21,pressure_msl_lead_minus3_hpa,"EGLC,LFPG",OK,short_name=prmsl units=Pa valid=2024-09-07T09:00:00 bytes=996092
2024-08-17,12,24,pressure_msl_hpa,"EGLC,LFPG",OK,short_name=prmsl units=Pa valid=2024-08-18T12:00:00 bytes=1006896
2024-08-17,12,24,pressure_surface_hpa,"EGLC,LFPG",OK,short_name=sp units=Pa valid=2024-08-18T12:00:00 bytes=837582
2024-08-17,12,21,pressure_msl_lead_minus3_hpa,"EGLC,LFPG",OK,short_name=prmsl units=Pa valid=2024-08-18T09:00:00 bytes=1006359
2024-09-11,12,24,pressure_msl_hpa,"EGLC,LFPG",OK,short_name=prmsl units=Pa valid=2024-09-12T12:00:00 bytes=988947
2024-09-11,12,24,pressure_surface_hpa,"EGLC,LFPG",OK,short_name=sp units=Pa valid=2024-09-12T12:00:00 bytes=828211
2024-09-11,12,21,pressure_msl_lead_minus3_hpa,"EGLC,LFPG",OK,short_name=prmsl units=Pa valid=2024-09-12T09:00:00 bytes=987196
2024-08-02,12,24,pressure_msl_hpa,"EGLC,LFPG",OK,short_name=prmsl units=Pa valid=2024-08-03T12:00:00 bytes=887614
2024-08-02,12,24,pressure_surface_hpa,"EGLC,LFPG",OK,short_name=sp units=Pa valid=2024-08-03T12:00:00 bytes=837316
2024-08-02,12,21,pressure_msl_lead_minus3_hpa,"EGLC,LFPG",OK,short_name=prmsl units=Pa valid=2024-08-03T09:00:00 bytes=881414
2024-07-31,12,24,pressure_msl_hpa,"EGLC,LFPG",OK,short_name=prmsl units=Pa valid=2024-08-01T12:00:00 bytes=891111
2024-07-31,12,24,pressure_surface_hpa,"EGLC,LFPG",OK,short_name=sp units=Pa valid=2024-08-01T12:00:00 bytes=839023
2024-07-31,12,21,pressure_msl_lead_minus3_hpa,"EGLC,LFPG",OK,short_name=prmsl units=Pa valid=2024-08-01T09:00:00 bytes=886720
2024-09-12,12,24,pressure_msl_hpa,"EGLC,LFPG",OK,short_name=prmsl units=Pa valid=2024-09-13T12:00:00 bytes=990031
2024-09-12,12,24,pressure_surface_hpa,"EGLC,LFPG",OK,short_name=sp units=Pa valid=2024-09-13T12:00:00 bytes=830373
2024-09-12,12,21,pressure_msl_lead_minus3_hpa,"EGLC,LFPG",OK,short_name=prmsl units=Pa valid=2024-09-13T09:00:00 bytes=986889
2024-08-11,12,24,pressure_msl_hpa,"EGLC,LFPG",OK,short_name=prmsl units=Pa valid=2024-08-12T12:00:00 bytes=878084
2024-08-11,12,24,pressure_surface_hpa,"EGLC,LFPG",OK,short_name=sp units=Pa valid=2024-08-12T12:00:00 bytes=836113
2024-08-11,12,21,pressure_msl_lead_minus3_hpa,"EGLC,LFPG",OK,short_name=prmsl units=Pa valid=2024-08-12T09:00:00 bytes=881640
2024-08-04,12,24,pressure_msl_hpa,"EGLC,LFPG",OK,short_name=prmsl units=Pa valid=2024-08-05T12:00:00 bytes=889434
2024-08-04,12,24,pressure_surface_hpa,"EGLC,LFPG",OK,short_name=sp units=Pa valid=2024-08-05T12:00:00 bytes=838397
2024-08-04,12,21,pressure_msl_lead_minus3_hpa,"EGLC,LFPG",OK,short_name=prmsl units=Pa valid=2024-08-05T09:00:00 bytes=883448
2024-08-05,12,24,pressure_msl_hpa,"EGLC,LFPG",OK,short_name=prmsl units=Pa valid=2024-08-06T12:00:00 bytes=882500
2024-08-05,12,24,pressure_surface_hpa,"EGLC,LFPG",OK,short_name=sp units=Pa valid=2024-08-06T12:00:00 bytes=835635
2024-08-05,12,21,pressure_msl_lead_minus3_hpa,"EGLC,LFPG",OK,short_name=prmsl units=Pa valid=2024-08-06T09:00:00 bytes=886511
2024-08-27,12,24,pressure_msl_hpa,"EGLC,LFPG",OK,short_name=prmsl units=Pa valid=2024-08-28T12:00:00 bytes=1014641
2024-08-27,12,24,pressure_surface_hpa,"EGLC,LFPG",OK,short_name=sp units=Pa valid=2024-08-28T12:00:00 bytes=841075
2024-08-27,12,21,pressure_msl_lead_minus3_hpa,"EGLC,LFPG",OK,short_name=prmsl units=Pa valid=2024-08-28T09:00:00 bytes=1010437
2024-08-09,12,24,pressure_msl_hpa,"EGLC,LFPG",OK,short_name=prmsl units=Pa valid=2024-08-10T12:00:00 bytes=1008431
2024-08-09,12,24,pressure_surface_hpa,"EGLC,LFPG",OK,short_name=sp units=Pa valid=2024-08-10T12:00:00 bytes=834656
2024-08-09,12,21,pressure_msl_lead_minus3_hpa,"EGLC,LFPG",OK,short_name=prmsl units=Pa valid=2024-08-10T09:00:00 bytes=1008686
2024-08-13,12,24,pressure_msl_hpa,"EGLC,LFPG",OK,short_name=prmsl units=Pa valid=2024-08-14T12:00:00 bytes=884301
2024-08-13,12,24,pressure_surface_hpa,"EGLC,LFPG",OK,short_name=sp units=Pa valid=2024-08-14T12:00:00 bytes=839950
2024-08-13,12,21,pressure_msl_lead_minus3_hpa,"EGLC,LFPG",OK,short_name=prmsl units=Pa valid=2024-08-14T09:00:00 bytes=883339
2024-08-15,12,24,pressure_msl_hpa,"EGLC,LFPG",OK,short_name=prmsl units=Pa valid=2024-08-16T12:00:00 bytes=1002642
2024-08-15,12,24,pressure_surface_hpa,"EGLC,LFPG",OK,short_name=sp units=Pa valid=2024-08-16T12:00:00 bytes=835871
2024-08-15,12,21,pressure_msl_lead_minus3_hpa,"EGLC,LFPG",OK,short_name=prmsl units=Pa valid=2024-08-16T09:00:00 bytes=1002026
2024-08-01,12,24,pressure_msl_hpa,"EGLC,LFPG",OK,short_name=prmsl units=Pa valid=2024-08-02T12:00:00 bytes=884420
2024-08-01,12,24,pressure_surface_hpa,"EGLC,LFPG",OK,short_name=sp units=Pa valid=2024-08-02T12:00:00 bytes=838839
2024-08-01,12,21,pressure_msl_lead_minus3_hpa,"EGLC,LFPG",OK,short_name=prmsl units=Pa valid=2024-08-02T09:00:00 bytes=883227
2024-09-02,12,24,pressure_msl_hpa,"EGLC,LFPG",OK,short_name=prmsl units=Pa valid=2024-09-03T12:00:00 bytes=1000689
2024-09-02,12,24,pressure_surface_hpa,"EGLC,LFPG",OK,short_name=sp units=Pa valid=2024-09-03T12:00:00 bytes=836483
2024-09-02,12,21,pressure_msl_lead_minus3_hpa,"EGLC,LFPG",OK,short_name=prmsl units=Pa valid=2024-09-03T09:00:00 bytes=1004441
2024-08-22,12,24,pressure_msl_hpa,"EGLC,LFPG",OK,short_name=prmsl units=Pa valid=2024-08-23T12:00:00 bytes=1001707
2024-08-22,12,24,pressure_surface_hpa,"EGLC,LFPG",OK,short_name=sp units=Pa valid=2024-08-23T12:00:00 bytes=835943
2024-08-22,12,21,pressure_msl_lead_minus3_hpa,"EGLC,LFPG",OK,short_name=prmsl units=Pa valid=2024-08-23T09:00:00 bytes=1002082
2024-08-03,12,24,pressure_msl_hpa,"EGLC,LFPG",OK,short_name=prmsl units=Pa valid=2024-08-04T12:00:00 bytes=881856
2024-08-03,12,24,pressure_surface_hpa,"EGLC,LFPG",OK,short_name=sp units=Pa valid=2024-08-04T12:00:00 bytes=836897
2024-08-03,12,21,pressure_msl_lead_minus3_hpa,"EGLC,LFPG",OK,short_name=prmsl units=Pa valid=2024-08-04T09:00:00 bytes=879622
2024-08-07,12,24,pressure_msl_hpa,"EGLC,LFPG",OK,short_name=prmsl units=Pa valid=2024-08-08T12:00:00 bytes=876273
2024-08-07,12,24,pressure_surface_hpa,"EGLC,LFPG",OK,short_name=sp units=Pa valid=2024-08-08T12:00:00 bytes=831960
2024-08-07,12,21,pressure_msl_lead_minus3_hpa,"EGLC,LFPG",OK,short_name=prmsl units=Pa valid=2024-08-08T09:00:00 bytes=876301
2024-08-20,12,24,pressure_msl_hpa,"EGLC,LFPG",OK,short_name=prmsl units=Pa valid=2024-08-21T12:00:00 bytes=1006811
2024-08-20,12,24,pressure_surface_hpa,"EGLC,LFPG",OK,short_name=sp units=Pa valid=2024-08-21T12:00:00 bytes=837825
2024-08-20,12,21,pressure_msl_lead_minus3_hpa,"EGLC,LFPG",OK,short_name=prmsl units=Pa valid=2024-08-21T09:00:00 bytes=1007063
2024-08-31,12,24,pressure_msl_hpa,"EGLC,LFPG",OK,short_name=prmsl units=Pa valid=2024-09-01T12:00:00 bytes=877202
2024-08-31,12,24,pressure_surface_hpa,"EGLC,LFPG",OK,short_name=sp units=Pa valid=2024-09-01T12:00:00 bytes=835871
2024-08-31,12,21,pressure_msl_lead_minus3_hpa,"EGLC,LFPG",OK,short_name=prmsl units=Pa valid=2024-09-01T09:00:00 bytes=875021
2024-08-24,12,24,pressure_msl_hpa,"EGLC,LFPG",OK,short_name=prmsl units=Pa valid=2024-08-25T12:00:00 bytes=881801
2024-08-24,12,24,pressure_surface_hpa,"EGLC,LFPG",OK,short_name=sp units=Pa valid=2024-08-25T12:00:00 bytes=838623
2024-08-24,12,21,pressure_msl_lead_minus3_hpa,"EGLC,LFPG",OK,short_name=prmsl units=Pa valid=2024-08-25T09:00:00 bytes=883740
2024-08-21,12,24,pressure_msl_hpa,"EGLC,LFPG",OK,short_name=prmsl units=Pa valid=2024-08-22T12:00:00 bytes=1005358
2024-08-21,12,24,pressure_surface_hpa,"EGLC,LFPG",OK,short_name=sp units=Pa valid=2024-08-22T12:00:00 bytes=838669
2024-08-21,12,21,pressure_msl_lead_minus3_hpa,"EGLC,LFPG",OK,short_name=prmsl units=Pa valid=2024-08-22T09:00:00 bytes=1005461
2024-09-18,12,24,pressure_msl_hpa,"EGLC,LFPG",OK,short_name=prmsl units=Pa valid=2024-09-19T12:00:00 bytes=992133
2024-09-18,12,24,pressure_surface_hpa,"EGLC,LFPG",OK,short_name=sp units=Pa valid=2024-09-19T12:00:00 bytes=829818
2024-09-18,12,21,pressure_msl_lead_minus3_hpa,"EGLC,LFPG",OK,short_name=prmsl units=Pa valid=2024-09-19T09:00:00 bytes=993557
2024-09-05,12,24,pressure_msl_hpa,"EGLC,LFPG",OK,short_name=prmsl units=Pa valid=2024-09-06T12:00:00 bytes=992904
2024-09-05,12,24,pressure_surface_hpa,"EGLC,LFPG",OK,short_name=sp units=Pa valid=2024-09-06T12:00:00 bytes=832508
2024-09-05,12,21,pressure_msl_lead_minus3_hpa,"EGLC,LFPG",OK,short_name=prmsl units=Pa valid=2024-09-06T09:00:00 bytes=989655
2024-08-19,12,24,pressure_msl_hpa,"EGLC,LFPG",OK,short_name=prmsl units=Pa valid=2024-08-20T12:00:00 bytes=884572
2024-08-19,12,24,pressure_surface_hpa,"EGLC,LFPG",OK,short_name=sp units=Pa valid=2024-08-20T12:00:00 bytes=836595
2024-08-19,12,21,pressure_msl_lead_minus3_hpa,"EGLC,LFPG",OK,short_name=prmsl units=Pa valid=2024-08-20T09:00:00 bytes=884673
2024-08-10,12,24,pressure_msl_hpa,"EGLC,LFPG",OK,short_name=prmsl units=Pa valid=2024-08-11T12:00:00 bytes=880533
2024-08-10,12,24,pressure_surface_hpa,"EGLC,LFPG",OK,short_name=sp units=Pa valid=2024-08-11T12:00:00 bytes=834976
2024-08-10,12,21,pressure_msl_lead_minus3_hpa,"EGLC,LFPG",OK,short_name=prmsl units=Pa valid=2024-08-11T09:00:00 bytes=876081
2024-09-20,12,24,pressure_msl_hpa,"EGLC,LFPG",OK,short_name=prmsl units=Pa valid=2024-09-21T12:00:00 bytes=873084
2024-09-20,12,24,pressure_surface_hpa,"EGLC,LFPG",OK,short_name=sp units=Pa valid=2024-09-21T12:00:00 bytes=834524
2024-09-20,12,21,pressure_msl_lead_minus3_hpa,"EGLC,LFPG",OK,short_name=prmsl units=Pa valid=2024-09-21T09:00:00 bytes=872257
2024-09-24,12,24,pressure_msl_hpa,"EGLC,LFPG",OK,short_name=prmsl units=Pa valid=2024-09-25T12:00:00 bytes=1001766
2024-09-24,12,24,pressure_surface_hpa,"EGLC,LFPG",OK,short_name=sp units=Pa valid=2024-09-25T12:00:00 bytes=838117
2024-09-24,12,21,pressure_msl_lead_minus3_hpa,"EGLC,LFPG",OK,short_name=prmsl units=Pa valid=2024-09-25T09:00:00 bytes=1003742
2024-08-30,12,24,pressure_msl_hpa,"EGLC,LFPG",OK,short_name=prmsl units=Pa valid=2024-08-31T12:00:00 bytes=878444
2024-08-30,12,24,pressure_surface_hpa,"EGLC,LFPG",OK,short_name=sp units=Pa valid=2024-08-31T12:00:00 bytes=834690
2024-08-30,12,21,pressure_msl_lead_minus3_hpa,"EGLC,LFPG",OK,short_name=prmsl units=Pa valid=2024-08-31T09:00:00 bytes=875096
2024-08-25,12,24,pressure_msl_hpa,"EGLC,LFPG",OK,short_name=prmsl units=Pa valid=2024-08-26T12:00:00 bytes=884279
2024-08-25,12,24,pressure_surface_hpa,"EGLC,LFPG",OK,short_name=sp units=Pa valid=2024-08-26T12:00:00 bytes=840430
2024-08-25,12,21,pressure_msl_lead_minus3_hpa,"EGLC,LFPG",OK,short_name=prmsl units=Pa valid=2024-08-26T09:00:00 bytes=885745
2024-09-01,12,24,pressure_msl_hpa,"EGLC,LFPG",OK,short_name=prmsl units=Pa valid=2024-09-02T12:00:00 bytes=1004795
2024-09-01,12,24,pressure_surface_hpa,"EGLC,LFPG",OK,short_name=sp units=Pa valid=2024-09-02T12:00:00 bytes=839438
2024-09-01,12,21,pressure_msl_lead_minus3_hpa,"EGLC,LFPG",OK,short_name=prmsl units=Pa valid=2024-09-02T09:00:00 bytes=1004776
2024-08-06,12,24,pressure_msl_hpa,"EGLC,LFPG",OK,short_name=prmsl units=Pa valid=2024-08-07T12:00:00 bytes=880281
2024-08-06,12,24,pressure_surface_hpa,"EGLC,LFPG",OK,short_name=sp units=Pa valid=2024-08-07T12:00:00 bytes=833400
2024-08-06,12,21,pressure_msl_lead_minus3_hpa,"EGLC,LFPG",OK,short_name=prmsl units=Pa valid=2024-08-07T09:00:00 bytes=878941
2024-09-17,12,24,pressure_msl_hpa,"EGLC,LFPG",OK,short_name=prmsl units=Pa valid=2024-09-18T12:00:00 bytes=870167
2024-09-17,12,24,pressure_surface_hpa,"EGLC,LFPG",OK,short_name=sp units=Pa valid=2024-09-18T12:00:00 bytes=834288
2024-09-17,12,21,pressure_msl_lead_minus3_hpa,"EGLC,LFPG",OK,short_name=prmsl units=Pa valid=2024-09-18T09:00:00 bytes=867626
2024-08-26,12,24,pressure_msl_hpa,"EGLC,LFPG",OK,short_name=prmsl units=Pa valid=2024-08-27T12:00:00 bytes=885007
2024-08-26,12,24,pressure_surface_hpa,"EGLC,LFPG",OK,short_name=sp units=Pa valid=2024-08-27T12:00:00 bytes=840635
2024-08-26,12,21,pressure_msl_lead_minus3_hpa,"EGLC,LFPG",OK,short_name=prmsl units=Pa valid=2024-08-27T09:00:00 bytes=889697
2024-08-14,12,24,pressure_msl_hpa,"EGLC,LFPG",OK,short_name=prmsl units=Pa valid=2024-08-15T12:00:00 bytes=881961
2024-08-14,12,24,pressure_surface_hpa,"EGLC,LFPG",OK,short_name=sp units=Pa valid=2024-08-15T12:00:00 bytes=839548
2024-08-14,12,21,pressure_msl_lead_minus3_hpa,"EGLC,LFPG",OK,short_name=prmsl units=Pa valid=2024-08-15T09:00:00 bytes=881567
2024-09-03,12,24,pressure_msl_hpa,"EGLC,LFPG",OK,short_name=prmsl units=Pa valid=2024-09-04T12:00:00 bytes=1003731
2024-09-03,12,24,pressure_surface_hpa,"EGLC,LFPG",OK,short_name=sp units=Pa valid=2024-09-04T12:00:00 bytes=837036
2024-09-03,12,21,pressure_msl_lead_minus3_hpa,"EGLC,LFPG",OK,short_name=prmsl units=Pa valid=2024-09-04T09:00:00 bytes=1004795
2024-08-23,12,24,pressure_msl_hpa,"EGLC,LFPG",OK,short_name=prmsl units=Pa valid=2024-08-24T12:00:00 bytes=1004899
2024-08-23,12,24,pressure_surface_hpa,"EGLC,LFPG",OK,short_name=sp units=Pa valid=2024-08-24T12:00:00 bytes=836185
2024-08-23,12,21,pressure_msl_lead_minus3_hpa,"EGLC,LFPG",OK,short_name=prmsl units=Pa valid=2024-08-24T09:00:00 bytes=1004462
2024-08-18,12,24,pressure_msl_hpa,"EGLC,LFPG",OK,short_name=prmsl units=Pa valid=2024-08-19T12:00:00 bytes=1010730
2024-08-18,12,24,pressure_surface_hpa,"EGLC,LFPG",OK,short_name=sp units=Pa valid=2024-08-19T12:00:00 bytes=837882
2024-08-18,12,21,pressure_msl_lead_minus3_hpa,"EGLC,LFPG",OK,short_name=prmsl units=Pa valid=2024-08-19T09:00:00 bytes=1009508
2024-09-27,12,24,pressure_msl_hpa,"EGLC,LFPG",OK,short_name=prmsl units=Pa valid=2024-09-28T12:00:00 bytes=1004029
2024-09-27,12,24,pressure_surface_hpa,"EGLC,LFPG",OK,short_name=sp units=Pa valid=2024-09-28T12:00:00 bytes=840067
2024-09-27,12,21,pressure_msl_lead_minus3_hpa,"EGLC,LFPG",OK,short_name=prmsl units=Pa valid=2024-09-28T09:00:00 bytes=1001398
2024-09-19,12,24,pressure_msl_hpa,"EGLC,LFPG",OK,short_name=prmsl units=Pa valid=2024-09-20T12:00:00 bytes=874390
2024-09-19,12,24,pressure_surface_hpa,"EGLC,LFPG",OK,short_name=sp units=Pa valid=2024-09-20T12:00:00 bytes=835616
2024-09-19,12,21,pressure_msl_lead_minus3_hpa,"EGLC,LFPG",OK,short_name=prmsl units=Pa valid=2024-09-20T09:00:00 bytes=996264
2024-10-08,12,24,pressure_msl_hpa,"EGLC,LFPG",OK,short_name=prmsl units=Pa valid=2024-10-09T12:00:00 bytes=1035222
2024-10-08,12,24,pressure_surface_hpa,"EGLC,LFPG",OK,short_name=sp units=Pa valid=2024-10-09T12:00:00 bytes=836004
2024-10-08,12,21,pressure_msl_lead_minus3_hpa,"EGLC,LFPG",OK,short_name=prmsl units=Pa valid=2024-10-09T09:00:00 bytes=1031076
2024-09-23,12,24,pressure_msl_hpa,"EGLC,LFPG",OK,short_name=prmsl units=Pa valid=2024-09-24T12:00:00 bytes=999806
2024-09-23,12,24,pressure_surface_hpa,"EGLC,LFPG",OK,short_name=sp units=Pa valid=2024-09-24T12:00:00 bytes=836071
2024-09-23,12,21,pressure_msl_lead_minus3_hpa,"EGLC,LFPG",OK,short_name=prmsl units=Pa valid=2024-09-24T09:00:00 bytes=999655
2024-09-04,12,24,pressure_msl_hpa,"EGLC,LFPG",OK,short_name=prmsl units=Pa valid=2024-09-05T12:00:00 bytes=996024
2024-09-04,12,24,pressure_surface_hpa,"EGLC,LFPG",OK,short_name=sp units=Pa valid=2024-09-05T12:00:00 bytes=834083
2024-09-04,12,21,pressure_msl_lead_minus3_hpa,"EGLC,LFPG",OK,short_name=prmsl units=Pa valid=2024-09-05T09:00:00 bytes=995935
2024-09-30,12,24,pressure_msl_hpa,"EGLC,LFPG",OK,short_name=prmsl units=Pa valid=2024-10-01T12:00:00 bytes=997458
2024-09-30,12,24,pressure_surface_hpa,"EGLC,LFPG",OK,short_name=sp units=Pa valid=2024-10-01T12:00:00 bytes=839558
2024-09-30,12,21,pressure_msl_lead_minus3_hpa,"EGLC,LFPG",OK,short_name=prmsl units=Pa valid=2024-10-01T09:00:00 bytes=994354
2024-09-26,12,24,pressure_msl_hpa,"EGLC,LFPG",OK,short_name=prmsl units=Pa valid=2024-09-27T12:00:00 bytes=1000746
2024-09-26,12,24,pressure_surface_hpa,"EGLC,LFPG",OK,short_name=sp units=Pa valid=2024-09-27T12:00:00 bytes=838515
2024-09-26,12,21,pressure_msl_lead_minus3_hpa,"EGLC,LFPG",OK,short_name=prmsl units=Pa valid=2024-09-27T09:00:00 bytes=998487
2024-09-07,12,24,pressure_msl_hpa,"EGLC,LFPG",OK,short_name=prmsl units=Pa valid=2024-09-08T12:00:00 bytes=997237
2024-09-07,12,24,pressure_surface_hpa,"EGLC,LFPG",OK,short_name=sp units=Pa valid=2024-09-08T12:00:00 bytes=834307
2024-09-07,12,21,pressure_msl_lead_minus3_hpa,"EGLC,LFPG",OK,short_name=prmsl units=Pa valid=2024-09-08T09:00:00 bytes=996528
2024-09-25,12,24,pressure_msl_hpa,"EGLC,LFPG",OK,short_name=prmsl units=Pa valid=2024-09-26T12:00:00 bytes=1006029
2024-09-25,12,24,pressure_surface_hpa,"EGLC,LFPG",OK,short_name=sp units=Pa valid=2024-09-26T12:00:00 bytes=837110
2024-09-25,12,21,pressure_msl_lead_minus3_hpa,"EGLC,LFPG",OK,short_name=prmsl units=Pa valid=2024-09-26T09:00:00 bytes=1003077
2024-09-21,12,24,pressure_msl_hpa,"EGLC,LFPG",OK,short_name=prmsl units=Pa valid=2024-09-22T12:00:00 bytes=997870
2024-09-21,12,24,pressure_surface_hpa,"EGLC,LFPG",OK,short_name=sp units=Pa valid=2024-09-22T12:00:00 bytes=830961
2024-09-21,12,21,pressure_msl_lead_minus3_hpa,"EGLC,LFPG",OK,short_name=prmsl units=Pa valid=2024-09-22T09:00:00 bytes=988850
2024-09-22,12,24,pressure_msl_hpa,"EGLC,LFPG",OK,short_name=prmsl units=Pa valid=2024-09-23T12:00:00 bytes=998762
2024-09-22,12,24,pressure_surface_hpa,"EGLC,LFPG",OK,short_name=sp units=Pa valid=2024-09-23T12:00:00 bytes=834857
2024-09-22,12,21,pressure_msl_lead_minus3_hpa,"EGLC,LFPG",OK,short_name=prmsl units=Pa valid=2024-09-23T09:00:00 bytes=995505
2024-10-11,12,24,pressure_msl_hpa,"EGLC,LFPG",OK,short_name=prmsl units=Pa valid=2024-10-12T12:00:00 bytes=1000207
2024-10-11,12,24,pressure_surface_hpa,"EGLC,LFPG",OK,short_name=sp units=Pa valid=2024-10-12T12:00:00 bytes=840505
2024-10-11,12,21,pressure_msl_lead_minus3_hpa,"EGLC,LFPG",OK,short_name=prmsl units=Pa valid=2024-10-12T09:00:00 bytes=997371
2024-10-27,12,24,pressure_msl_hpa,"EGLC,LFPG",OK,short_name=prmsl units=Pa valid=2024-10-28T12:00:00 bytes=987891
2024-10-27,12,24,pressure_surface_hpa,"EGLC,LFPG",OK,short_name=sp units=Pa valid=2024-10-28T12:00:00 bytes=834744
2024-10-27,12,21,pressure_msl_lead_minus3_hpa,"EGLC,LFPG",OK,short_name=prmsl units=Pa valid=2024-10-28T09:00:00 bytes=984045
2024-10-19,12,24,pressure_msl_hpa,"EGLC,LFPG",OK,short_name=prmsl units=Pa valid=2024-10-20T12:00:00 bytes=998731
2024-10-19,12,24,pressure_surface_hpa,"EGLC,LFPG",OK,short_name=sp units=Pa valid=2024-10-20T12:00:00 bytes=841319
2024-10-19,12,21,pressure_msl_lead_minus3_hpa,"EGLC,LFPG",OK,short_name=prmsl units=Pa valid=2024-10-20T09:00:00 bytes=1033270
2024-10-14,12,24,pressure_msl_hpa,"EGLC,LFPG",OK,short_name=prmsl units=Pa valid=2024-10-15T12:00:00 bytes=1035154
2024-10-14,12,24,pressure_surface_hpa,"EGLC,LFPG",OK,short_name=sp units=Pa valid=2024-10-15T12:00:00 bytes=837379
2024-10-14,12,21,pressure_msl_lead_minus3_hpa,"EGLC,LFPG",OK,short_name=prmsl units=Pa valid=2024-10-15T09:00:00 bytes=1030231
2024-10-26,12,24,pressure_msl_hpa,"EGLC,LFPG",OK,short_name=prmsl units=Pa valid=2024-10-27T12:00:00 bytes=992452
2024-10-26,12,24,pressure_surface_hpa,"EGLC,LFPG",OK,short_name=sp units=Pa valid=2024-10-27T12:00:00 bytes=835563
2024-10-26,12,21,pressure_msl_lead_minus3_hpa,"EGLC,LFPG",OK,short_name=prmsl units=Pa valid=2024-10-27T09:00:00 bytes=988475
2024-10-02,12,24,pressure_msl_hpa,"EGLC,LFPG",OK,short_name=prmsl units=Pa valid=2024-10-03T12:00:00 bytes=1002938
2024-10-02,12,24,pressure_surface_hpa,"EGLC,LFPG",OK,short_name=sp units=Pa valid=2024-10-03T12:00:00 bytes=843038
2024-10-02,12,21,pressure_msl_lead_minus3_hpa,"EGLC,LFPG",OK,short_name=prmsl units=Pa valid=2024-10-03T09:00:00 bytes=999344
2024-09-29,12,24,pressure_msl_hpa,"EGLC,LFPG",OK,short_name=prmsl units=Pa valid=2024-09-30T12:00:00 bytes=999978
2024-09-29,12,24,pressure_surface_hpa,"EGLC,LFPG",OK,short_name=sp units=Pa valid=2024-09-30T12:00:00 bytes=836294
2024-09-29,12,21,pressure_msl_lead_minus3_hpa,"EGLC,LFPG",OK,short_name=prmsl units=Pa valid=2024-09-30T09:00:00 bytes=996148
2024-10-04,12,24,pressure_msl_hpa,"EGLC,LFPG",OK,short_name=prmsl units=Pa valid=2024-10-05T12:00:00 bytes=993943
2024-10-04,12,24,pressure_surface_hpa,"EGLC,LFPG",OK,short_name=sp units=Pa valid=2024-10-05T12:00:00 bytes=837695
2024-10-04,12,21,pressure_msl_lead_minus3_hpa,"EGLC,LFPG",OK,short_name=prmsl units=Pa valid=2024-10-05T09:00:00 bytes=1030329
2024-10-13,12,24,pressure_msl_hpa,"EGLC,LFPG",OK,short_name=prmsl units=Pa valid=2024-10-14T12:00:00 bytes=1030165
2024-10-13,12,24,pressure_surface_hpa,"EGLC,LFPG",OK,short_name=sp units=Pa valid=2024-10-14T12:00:00 bytes=830296
2024-10-13,12,21,pressure_msl_lead_minus3_hpa,"EGLC,LFPG",OK,short_name=prmsl units=Pa valid=2024-10-14T09:00:00 bytes=1027021
2024-10-24,12,24,pressure_msl_hpa,"EGLC,LFPG",OK,short_name=prmsl units=Pa valid=2024-10-25T12:00:00 bytes=1001256
2024-10-24,12,24,pressure_surface_hpa,"EGLC,LFPG",OK,short_name=sp units=Pa valid=2024-10-25T12:00:00 bytes=843444
2024-10-24,12,21,pressure_msl_lead_minus3_hpa,"EGLC,LFPG",OK,short_name=prmsl units=Pa valid=2024-10-25T09:00:00 bytes=997556
2024-10-31,12,24,pressure_msl_hpa,"EGLC,LFPG",OK,short_name=prmsl units=Pa valid=2024-11-01T12:00:00 bytes=1031802
2024-10-31,12,24,pressure_surface_hpa,"EGLC,LFPG",OK,short_name=sp units=Pa valid=2024-11-01T12:00:00 bytes=836368
2024-10-31,12,21,pressure_msl_lead_minus3_hpa,"EGLC,LFPG",OK,short_name=prmsl units=Pa valid=2024-11-01T09:00:00 bytes=1023687
2024-10-12,12,24,pressure_msl_hpa,"EGLC,LFPG",OK,short_name=prmsl units=Pa valid=2024-10-13T12:00:00 bytes=995480
2024-10-12,12,24,pressure_surface_hpa,"EGLC,LFPG",OK,short_name=sp units=Pa valid=2024-10-13T12:00:00 bytes=834879
2024-10-12,12,21,pressure_msl_lead_minus3_hpa,"EGLC,LFPG",OK,short_name=prmsl units=Pa valid=2024-10-13T09:00:00 bytes=989188
2024-10-17,12,24,pressure_msl_hpa,"EGLC,LFPG",OK,short_name=prmsl units=Pa valid=2024-10-18T12:00:00 bytes=1036883
2024-10-17,12,24,pressure_surface_hpa,"EGLC,LFPG",OK,short_name=sp units=Pa valid=2024-10-18T12:00:00 bytes=839861
2024-10-17,12,21,pressure_msl_lead_minus3_hpa,"EGLC,LFPG",OK,short_name=prmsl units=Pa valid=2024-10-18T09:00:00 bytes=1032109
2024-10-18,12,24,pressure_msl_hpa,"EGLC,LFPG",OK,short_name=prmsl units=Pa valid=2024-10-19T12:00:00 bytes=1040525
2024-10-18,12,24,pressure_surface_hpa,"EGLC,LFPG",OK,short_name=sp units=Pa valid=2024-10-19T12:00:00 bytes=840609
2024-10-18,12,21,pressure_msl_lead_minus3_hpa,"EGLC,LFPG",OK,short_name=prmsl units=Pa valid=2024-10-19T09:00:00 bytes=1032523
2024-10-22,12,24,pressure_msl_hpa,"EGLC,LFPG",OK,short_name=prmsl units=Pa valid=2024-10-23T12:00:00 bytes=1001452
2024-10-22,12,24,pressure_surface_hpa,"EGLC,LFPG",OK,short_name=sp units=Pa valid=2024-10-23T12:00:00 bytes=845688
2024-10-22,12,21,pressure_msl_lead_minus3_hpa,"EGLC,LFPG",OK,short_name=prmsl units=Pa valid=2024-10-23T09:00:00 bytes=997816
2024-10-05,12,24,pressure_msl_hpa,"EGLC,LFPG",OK,short_name=prmsl units=Pa valid=2024-10-06T12:00:00 bytes=1032083
2024-10-05,12,24,pressure_surface_hpa,"EGLC,LFPG",OK,short_name=sp units=Pa valid=2024-10-06T12:00:00 bytes=833001
2024-10-05,12,21,pressure_msl_lead_minus3_hpa,"EGLC,LFPG",OK,short_name=prmsl units=Pa valid=2024-10-06T09:00:00 bytes=1028294
2024-10-06,12,24,pressure_msl_hpa,"EGLC,LFPG",OK,short_name=prmsl units=Pa valid=2024-10-07T12:00:00 bytes=986122
2024-10-06,12,24,pressure_surface_hpa,"EGLC,LFPG",OK,short_name=sp units=Pa valid=2024-10-07T12:00:00 bytes=829424
2024-10-06,12,21,pressure_msl_lead_minus3_hpa,"EGLC,LFPG",OK,short_name=prmsl units=Pa valid=2024-10-07T09:00:00 bytes=984234
2024-10-10,12,24,pressure_msl_hpa,"EGLC,LFPG",OK,short_name=prmsl units=Pa valid=2024-10-11T12:00:00 bytes=998710
2024-10-10,12,24,pressure_surface_hpa,"EGLC,LFPG",OK,short_name=sp units=Pa valid=2024-10-11T12:00:00 bytes=840023
2024-10-10,12,21,pressure_msl_lead_minus3_hpa,"EGLC,LFPG",OK,short_name=prmsl units=Pa valid=2024-10-11T09:00:00 bytes=1034236
2024-10-15,12,24,pressure_msl_hpa,"EGLC,LFPG",OK,short_name=prmsl units=Pa valid=2024-10-16T12:00:00 bytes=996067
2024-10-15,12,24,pressure_surface_hpa,"EGLC,LFPG",OK,short_name=sp units=Pa valid=2024-10-16T12:00:00 bytes=837568
2024-10-15,12,21,pressure_msl_lead_minus3_hpa,"EGLC,LFPG",OK,short_name=prmsl units=Pa valid=2024-10-16T09:00:00 bytes=1030765
2024-11-09,12,24,pressure_msl_hpa,"EGLC,LFPG",OK,short_name=prmsl units=Pa valid=2024-11-10T12:00:00 bytes=1031592
2024-11-09,12,24,pressure_surface_hpa,"EGLC,LFPG",OK,short_name=sp units=Pa valid=2024-11-10T12:00:00 bytes=837437
2024-11-09,12,21,pressure_msl_lead_minus3_hpa,"EGLC,LFPG",OK,short_name=prmsl units=Pa valid=2024-11-10T09:00:00 bytes=1023854
2024-10-01,12,24,pressure_msl_hpa,"EGLC,LFPG",OK,short_name=prmsl units=Pa valid=2024-10-02T12:00:00 bytes=1003517
2024-10-01,12,24,pressure_surface_hpa,"EGLC,LFPG",OK,short_name=sp units=Pa valid=2024-10-02T12:00:00 bytes=843993
2024-10-01,12,21,pressure_msl_lead_minus3_hpa,"EGLC,LFPG",OK,short_name=prmsl units=Pa valid=2024-10-02T09:00:00 bytes=999593
2024-11-02,12,24,pressure_msl_hpa,"EGLC,LFPG",OK,short_name=prmsl units=Pa valid=2024-11-03T12:00:00 bytes=989629
2024-11-02,12,24,pressure_surface_hpa,"EGLC,LFPG",OK,short_name=sp units=Pa valid=2024-11-03T12:00:00 bytes=834476
2024-11-02,12,21,pressure_msl_lead_minus3_hpa,"EGLC,LFPG",OK,short_name=prmsl units=Pa valid=2024-11-03T09:00:00 bytes=983915
2024-10-09,12,24,pressure_msl_hpa,"EGLC,LFPG",OK,short_name=prmsl units=Pa valid=2024-10-10T12:00:00 bytes=994510
2024-10-09,12,24,pressure_surface_hpa,"EGLC,LFPG",OK,short_name=sp units=Pa valid=2024-10-10T12:00:00 bytes=836054
2024-10-09,12,21,pressure_msl_lead_minus3_hpa,"EGLC,LFPG",OK,short_name=prmsl units=Pa valid=2024-10-10T09:00:00 bytes=990471
2024-10-30,12,24,pressure_msl_hpa,"EGLC,LFPG",OK,short_name=prmsl units=Pa valid=2024-10-31T12:00:00 bytes=1034450
2024-10-30,12,24,pressure_surface_hpa,"EGLC,LFPG",OK,short_name=sp units=Pa valid=2024-10-31T12:00:00 bytes=837997
2024-10-30,12,21,pressure_msl_lead_minus3_hpa,"EGLC,LFPG",OK,short_name=prmsl units=Pa valid=2024-10-31T09:00:00 bytes=1025637
2024-11-11,12,24,pressure_msl_hpa,"EGLC,LFPG",OK,short_name=prmsl units=Pa valid=2024-11-12T12:00:00 bytes=1028028
2024-11-11,12,24,pressure_surface_hpa,"EGLC,LFPG",OK,short_name=sp units=Pa valid=2024-11-12T12:00:00 bytes=838990
2024-11-11,12,21,pressure_msl_lead_minus3_hpa,"EGLC,LFPG",OK,short_name=prmsl units=Pa valid=2024-11-12T09:00:00 bytes=1024495
2024-11-01,12,24,pressure_msl_hpa,"EGLC,LFPG",OK,short_name=prmsl units=Pa valid=2024-11-02T12:00:00 bytes=1027558
2024-11-01,12,24,pressure_surface_hpa,"EGLC,LFPG",OK,short_name=sp units=Pa valid=2024-11-02T12:00:00 bytes=834748
2024-11-01,12,21,pressure_msl_lead_minus3_hpa,"EGLC,LFPG",OK,short_name=prmsl units=Pa valid=2024-11-02T09:00:00 bytes=1022257
2024-11-10,12,24,pressure_msl_hpa,"EGLC,LFPG",OK,short_name=prmsl units=Pa valid=2024-11-11T12:00:00 bytes=1032010
2024-11-10,12,24,pressure_surface_hpa,"EGLC,LFPG",OK,short_name=sp units=Pa valid=2024-11-11T12:00:00 bytes=841238
2024-11-10,12,21,pressure_msl_lead_minus3_hpa,"EGLC,LFPG",OK,short_name=prmsl units=Pa valid=2024-11-11T09:00:00 bytes=1030382
2024-10-03,12,24,pressure_msl_hpa,"EGLC,LFPG",OK,short_name=prmsl units=Pa valid=2024-10-04T12:00:00 bytes=999459
2024-10-03,12,24,pressure_surface_hpa,"EGLC,LFPG",OK,short_name=sp units=Pa valid=2024-10-04T12:00:00 bytes=839478
2024-10-03,12,21,pressure_msl_lead_minus3_hpa,"EGLC,LFPG",OK,short_name=prmsl units=Pa valid=2024-10-04T09:00:00 bytes=996118
2024-11-16,12,24,pressure_msl_hpa,"EGLC,LFPG",OK,short_name=prmsl units=Pa valid=2024-11-17T12:00:00 bytes=867790
2024-11-16,12,24,pressure_surface_hpa,"EGLC,LFPG",OK,short_name=sp units=Pa valid=2024-11-17T12:00:00 bytes=836397
2024-11-16,12,21,pressure_msl_lead_minus3_hpa,"EGLC,LFPG",OK,short_name=prmsl units=Pa valid=2024-11-17T09:00:00 bytes=982903
2024-10-07,12,24,pressure_msl_hpa,"EGLC,LFPG",OK,short_name=prmsl units=Pa valid=2024-10-08T12:00:00 bytes=989290
2024-10-07,12,24,pressure_surface_hpa,"EGLC,LFPG",OK,short_name=sp units=Pa valid=2024-10-08T12:00:00 bytes=831526
2024-10-07,12,21,pressure_msl_lead_minus3_hpa,"EGLC,LFPG",OK,short_name=prmsl units=Pa valid=2024-10-08T09:00:00 bytes=984176
2024-11-03,12,24,pressure_msl_hpa,"EGLC,LFPG",OK,short_name=prmsl units=Pa valid=2024-11-04T12:00:00 bytes=994981
2024-11-03,12,24,pressure_surface_hpa,"EGLC,LFPG",OK,short_name=sp units=Pa valid=2024-11-04T12:00:00 bytes=836328
2024-11-03,12,21,pressure_msl_lead_minus3_hpa,"EGLC,LFPG",OK,short_name=prmsl units=Pa valid=2024-11-04T09:00:00 bytes=1029565
2024-10-20,12,24,pressure_msl_hpa,"EGLC,LFPG",OK,short_name=prmsl units=Pa valid=2024-10-21T12:00:00 bytes=1002418
2024-10-20,12,24,pressure_surface_hpa,"EGLC,LFPG",OK,short_name=sp units=Pa valid=2024-10-21T12:00:00 bytes=838880
2024-10-20,12,21,pressure_msl_lead_minus3_hpa,"EGLC,LFPG",OK,short_name=prmsl units=Pa valid=2024-10-21T09:00:00 bytes=1033410
2024-11-07,12,24,pressure_msl_hpa,"EGLC,LFPG",OK,short_name=prmsl units=Pa valid=2024-11-08T12:00:00 bytes=1027443
2024-11-07,12,24,pressure_surface_hpa,"EGLC,LFPG",OK,short_name=sp units=Pa valid=2024-11-08T12:00:00 bytes=833549
2024-11-07,12,21,pressure_msl_lead_minus3_hpa,"EGLC,LFPG",OK,short_name=prmsl units=Pa valid=2024-11-08T09:00:00 bytes=1023784
2024-11-18,12,24,pressure_msl_hpa,"EGLC,LFPG",OK,short_name=prmsl units=Pa valid=2024-11-19T12:00:00 bytes=991265
2024-11-18,12,24,pressure_surface_hpa,"EGLC,LFPG",OK,short_name=sp units=Pa valid=2024-11-19T12:00:00 bytes=837703
2024-11-18,12,21,pressure_msl_lead_minus3_hpa,"EGLC,LFPG",OK,short_name=prmsl units=Pa valid=2024-11-19T09:00:00 bytes=986814
2024-11-21,12,24,pressure_msl_hpa,"EGLC,LFPG",OK,short_name=prmsl units=Pa valid=2024-11-22T12:00:00 bytes=984745
2024-11-21,12,24,pressure_surface_hpa,"EGLC,LFPG",OK,short_name=sp units=Pa valid=2024-11-22T12:00:00 bytes=832774
2024-11-21,12,21,pressure_msl_lead_minus3_hpa,"EGLC,LFPG",OK,short_name=prmsl units=Pa valid=2024-11-22T09:00:00 bytes=980997
2024-11-13,12,24,pressure_msl_hpa,"EGLC,LFPG",OK,short_name=prmsl units=Pa valid=2024-11-14T12:00:00 bytes=984302
2024-11-13,12,24,pressure_surface_hpa,"EGLC,LFPG",OK,short_name=sp units=Pa valid=2024-11-14T12:00:00 bytes=834390
2024-11-13,12,21,pressure_msl_lead_minus3_hpa,"EGLC,LFPG",OK,short_name=prmsl units=Pa valid=2024-11-14T09:00:00 bytes=1023908
2024-11-24,12,24,pressure_msl_hpa,"EGLC,LFPG",OK,short_name=prmsl units=Pa valid=2024-11-25T12:00:00 bytes=985944
2024-11-24,12,24,pressure_surface_hpa,"EGLC,LFPG",OK,short_name=sp units=Pa valid=2024-11-25T12:00:00 bytes=831407
2024-11-24,12,21,pressure_msl_lead_minus3_hpa,"EGLC,LFPG",OK,short_name=prmsl units=Pa valid=2024-11-25T09:00:00 bytes=978497
2024-11-22,12,24,pressure_msl_hpa,"EGLC,LFPG",OK,short_name=prmsl units=Pa valid=2024-11-23T12:00:00 bytes=992527
2024-11-22,12,24,pressure_surface_hpa,"EGLC,LFPG",OK,short_name=sp units=Pa valid=2024-11-23T12:00:00 bytes=837457
2024-11-22,12,21,pressure_msl_lead_minus3_hpa,"EGLC,LFPG",OK,short_name=prmsl units=Pa valid=2024-11-23T09:00:00 bytes=987800
2024-10-21,12,24,pressure_msl_hpa,"EGLC,LFPG",OK,short_name=prmsl units=Pa valid=2024-10-22T12:00:00 bytes=1001758
2024-10-21,12,24,pressure_surface_hpa,"EGLC,LFPG",OK,short_name=sp units=Pa valid=2024-10-22T12:00:00 bytes=840620
2024-10-21,12,21,pressure_msl_lead_minus3_hpa,"EGLC,LFPG",OK,short_name=prmsl units=Pa valid=2024-10-22T09:00:00 bytes=1034050
2024-11-20,12,24,pressure_msl_hpa,"EGLC,LFPG",OK,short_name=prmsl units=Pa valid=2024-11-21T12:00:00 bytes=993983
2024-11-20,12,24,pressure_surface_hpa,"EGLC,LFPG",OK,short_name=sp units=Pa valid=2024-11-21T12:00:00 bytes=835044
2024-11-20,12,21,pressure_msl_lead_minus3_hpa,"EGLC,LFPG",OK,short_name=prmsl units=Pa valid=2024-11-21T09:00:00 bytes=986036
2024-11-05,12,24,pressure_msl_hpa,"EGLC,LFPG",OK,short_name=prmsl units=Pa valid=2024-11-06T12:00:00 bytes=1036488
2024-11-05,12,24,pressure_surface_hpa,"EGLC,LFPG",OK,short_name=sp units=Pa valid=2024-11-06T12:00:00 bytes=838459
2024-11-05,12,21,pressure_msl_lead_minus3_hpa,"EGLC,LFPG",OK,short_name=prmsl units=Pa valid=2024-11-06T09:00:00 bytes=1028233
2024-11-28,12,24,pressure_msl_hpa,"EGLC,LFPG",OK,short_name=prmsl units=Pa valid=2024-11-29T12:00:00 bytes=997691
2024-11-28,12,24,pressure_surface_hpa,"EGLC,LFPG",OK,short_name=sp units=Pa valid=2024-11-29T12:00:00 bytes=841965
2024-11-28,12,21,pressure_msl_lead_minus3_hpa,"EGLC,LFPG",OK,short_name=prmsl units=Pa valid=2024-11-29T09:00:00 bytes=990180
2024-10-28,12,24,pressure_msl_hpa,"EGLC,LFPG",OK,short_name=prmsl units=Pa valid=2024-10-29T12:00:00 bytes=988758
2024-10-28,12,24,pressure_surface_hpa,"EGLC,LFPG",OK,short_name=sp units=Pa valid=2024-10-29T12:00:00 bytes=836650
2024-10-28,12,21,pressure_msl_lead_minus3_hpa,"EGLC,LFPG",OK,short_name=prmsl units=Pa valid=2024-10-29T09:00:00 bytes=983503
2024-11-15,12,24,pressure_msl_hpa,"EGLC,LFPG",OK,short_name=prmsl units=Pa valid=2024-11-16T12:00:00 bytes=982802
2024-11-15,12,24,pressure_surface_hpa,"EGLC,LFPG",OK,short_name=sp units=Pa valid=2024-11-16T12:00:00 bytes=833266
2024-11-15,12,21,pressure_msl_lead_minus3_hpa,"EGLC,LFPG",OK,short_name=prmsl units=Pa valid=2024-11-16T09:00:00 bytes=978062
2024-11-19,12,24,pressure_msl_hpa,"EGLC,LFPG",OK,short_name=prmsl units=Pa valid=2024-11-20T12:00:00 bytes=995243
2024-11-19,12,24,pressure_surface_hpa,"EGLC,LFPG",OK,short_name=sp units=Pa valid=2024-11-20T12:00:00 bytes=836027
2024-11-19,12,21,pressure_msl_lead_minus3_hpa,"EGLC,LFPG",OK,short_name=prmsl units=Pa valid=2024-11-20T09:00:00 bytes=987116
2024-10-29,12,24,pressure_msl_hpa,"EGLC,LFPG",OK,short_name=prmsl units=Pa valid=2024-10-30T12:00:00 bytes=987849
2024-10-29,12,24,pressure_surface_hpa,"EGLC,LFPG",OK,short_name=sp units=Pa valid=2024-10-30T12:00:00 bytes=836208
2024-10-29,12,21,pressure_msl_lead_minus3_hpa,"EGLC,LFPG",OK,short_name=prmsl units=Pa valid=2024-10-30T09:00:00 bytes=982438
2024-09-28,12,24,pressure_msl_hpa,"EGLC,LFPG",OK,short_name=prmsl units=Pa valid=2024-09-29T12:00:00 bytes=998417
2024-09-28,12,24,pressure_surface_hpa,"EGLC,LFPG",OK,short_name=sp units=Pa valid=2024-09-29T12:00:00 bytes=836863
2024-09-28,12,21,pressure_msl_lead_minus3_hpa,"EGLC,LFPG",OK,short_name=prmsl units=Pa valid=2024-09-29T09:00:00 bytes=995199
2024-12-13,12,24,pressure_msl_hpa,"EGLC,LFPG",OK,short_name=prmsl units=Pa valid=2024-12-14T12:00:00 bytes=1002091
2024-12-13,12,24,pressure_surface_hpa,"EGLC,LFPG",OK,short_name=sp units=Pa valid=2024-12-14T12:00:00 bytes=841224
2024-12-13,12,21,pressure_msl_lead_minus3_hpa,"EGLC,LFPG",OK,short_name=prmsl units=Pa valid=2024-12-14T09:00:00 bytes=1036783
2024-10-25,12,24,pressure_msl_hpa,"EGLC,LFPG",OK,short_name=prmsl units=Pa valid=2024-10-26T12:00:00 bytes=994782
2024-10-25,12,24,pressure_surface_hpa,"EGLC,LFPG",OK,short_name=sp units=Pa valid=2024-10-26T12:00:00 bytes=838567
2024-10-25,12,21,pressure_msl_lead_minus3_hpa,"EGLC,LFPG",OK,short_name=prmsl units=Pa valid=2024-10-26T09:00:00 bytes=991403
2024-10-23,12,24,pressure_msl_hpa,"EGLC,LFPG",OK,short_name=prmsl units=Pa valid=2024-10-24T12:00:00 bytes=1002646
2024-10-23,12,24,pressure_surface_hpa,"EGLC,LFPG",OK,short_name=sp units=Pa valid=2024-10-24T12:00:00 bytes=845684
2024-10-23,12,21,pressure_msl_lead_minus3_hpa,"EGLC,LFPG",OK,short_name=prmsl units=Pa valid=2024-10-24T09:00:00 bytes=998768
2024-11-25,12,24,pressure_msl_hpa,"EGLC,LFPG",OK,short_name=prmsl units=Pa valid=2024-11-26T12:00:00 bytes=989628
2024-11-25,12,24,pressure_surface_hpa,"EGLC,LFPG",OK,short_name=sp units=Pa valid=2024-11-26T12:00:00 bytes=835166
2024-11-25,12,21,pressure_msl_lead_minus3_hpa,"EGLC,LFPG",OK,short_name=prmsl units=Pa valid=2024-11-26T09:00:00 bytes=980398
2024-11-30,12,24,pressure_msl_hpa,"EGLC,LFPG",OK,short_name=prmsl units=Pa valid=2024-12-01T12:00:00 bytes=990652
2024-11-30,12,24,pressure_surface_hpa,"EGLC,LFPG",OK,short_name=sp units=Pa valid=2024-12-01T12:00:00 bytes=839011
2024-11-30,12,21,pressure_msl_lead_minus3_hpa,"EGLC,LFPG",OK,short_name=prmsl units=Pa valid=2024-12-01T09:00:00 bytes=986586
2024-12-07,12,24,pressure_msl_hpa,"EGLC,LFPG",OK,short_name=prmsl units=Pa valid=2024-12-08T12:00:00 bytes=1034501
2024-12-07,12,24,pressure_surface_hpa,"EGLC,LFPG",OK,short_name=sp units=Pa valid=2024-12-08T12:00:00 bytes=839624
2024-12-07,12,21,pressure_msl_lead_minus3_hpa,"EGLC,LFPG",OK,short_name=prmsl units=Pa valid=2024-12-08T09:00:00 bytes=1031436
2024-11-06,12,24,pressure_msl_hpa,"EGLC,LFPG",OK,short_name=prmsl units=Pa valid=2024-11-07T12:00:00 bytes=1030588
2024-11-06,12,24,pressure_surface_hpa,"EGLC,LFPG",OK,short_name=sp units=Pa valid=2024-11-07T12:00:00 bytes=836148
2024-11-06,12,21,pressure_msl_lead_minus3_hpa,"EGLC,LFPG",OK,short_name=prmsl units=Pa valid=2024-11-07T09:00:00 bytes=1023583
2024-11-29,12,24,pressure_msl_hpa,"EGLC,LFPG",OK,short_name=prmsl units=Pa valid=2024-11-30T12:00:00 bytes=997939
2024-11-29,12,24,pressure_surface_hpa,"EGLC,LFPG",OK,short_name=sp units=Pa valid=2024-11-30T12:00:00 bytes=842512
2024-11-29,12,21,pressure_msl_lead_minus3_hpa,"EGLC,LFPG",OK,short_name=prmsl units=Pa valid=2024-11-30T09:00:00 bytes=991263
2024-11-12,12,24,pressure_msl_hpa,"EGLC,LFPG",OK,short_name=prmsl units=Pa valid=2024-11-13T12:00:00 bytes=991718
2024-11-12,12,24,pressure_surface_hpa,"EGLC,LFPG",OK,short_name=sp units=Pa valid=2024-11-13T12:00:00 bytes=839313
2024-11-12,12,21,pressure_msl_lead_minus3_hpa,"EGLC,LFPG",OK,short_name=prmsl units=Pa valid=2024-11-13T09:00:00 bytes=986882
2024-12-03,12,24,pressure_msl_hpa,"EGLC,LFPG",OK,short_name=prmsl units=Pa valid=2024-12-04T12:00:00 bytes=995321
2024-12-03,12,24,pressure_surface_hpa,"EGLC,LFPG",OK,short_name=sp units=Pa valid=2024-12-04T12:00:00 bytes=838857
2024-12-03,12,21,pressure_msl_lead_minus3_hpa,"EGLC,LFPG",OK,short_name=prmsl units=Pa valid=2024-12-04T09:00:00 bytes=988803
2024-12-11,12,24,pressure_msl_hpa,"EGLC,LFPG",OK,short_name=prmsl units=Pa valid=2024-12-12T12:00:00 bytes=987326
2024-12-11,12,24,pressure_surface_hpa,"EGLC,LFPG",OK,short_name=sp units=Pa valid=2024-12-12T12:00:00 bytes=837086
2024-12-11,12,21,pressure_msl_lead_minus3_hpa,"EGLC,LFPG",OK,short_name=prmsl units=Pa valid=2024-12-12T09:00:00 bytes=1026757
2024-11-27,12,24,pressure_msl_hpa,"EGLC,LFPG",OK,short_name=prmsl units=Pa valid=2024-11-28T12:00:00 bytes=996610
2024-11-27,12,24,pressure_surface_hpa,"EGLC,LFPG",OK,short_name=sp units=Pa valid=2024-11-28T12:00:00 bytes=840120
2024-11-27,12,21,pressure_msl_lead_minus3_hpa,"EGLC,LFPG",OK,short_name=prmsl units=Pa valid=2024-11-28T09:00:00 bytes=992851
2024-11-04,12,24,pressure_msl_hpa,"EGLC,LFPG",OK,short_name=prmsl units=Pa valid=2024-11-05T12:00:00 bytes=1034712
2024-11-04,12,24,pressure_surface_hpa,"EGLC,LFPG",OK,short_name=sp units=Pa valid=2024-11-05T12:00:00 bytes=836896
2024-11-04,12,21,pressure_msl_lead_minus3_hpa,"EGLC,LFPG",OK,short_name=prmsl units=Pa valid=2024-11-05T09:00:00 bytes=1026759
2024-11-14,12,24,pressure_msl_hpa,"EGLC,LFPG",OK,short_name=prmsl units=Pa valid=2024-11-15T12:00:00 bytes=979175
2024-11-14,12,24,pressure_surface_hpa,"EGLC,LFPG",OK,short_name=sp units=Pa valid=2024-11-15T12:00:00 bytes=830991
2024-11-14,12,21,pressure_msl_lead_minus3_hpa,"EGLC,LFPG",OK,short_name=prmsl units=Pa valid=2024-11-15T09:00:00 bytes=974863
2024-12-16,12,24,pressure_msl_hpa,"EGLC,LFPG",OK,short_name=prmsl units=Pa valid=2024-12-17T12:00:00 bytes=1040895
2024-12-16,12,24,pressure_surface_hpa,"EGLC,LFPG",OK,short_name=sp units=Pa valid=2024-12-17T12:00:00 bytes=842235
2024-12-16,12,21,pressure_msl_lead_minus3_hpa,"EGLC,LFPG",OK,short_name=prmsl units=Pa valid=2024-12-17T09:00:00 bytes=1037781
2024-11-26,12,24,pressure_msl_hpa,"EGLC,LFPG",OK,short_name=prmsl units=Pa valid=2024-11-27T12:00:00 bytes=992365
2024-11-26,12,24,pressure_surface_hpa,"EGLC,LFPG",OK,short_name=sp units=Pa valid=2024-11-27T12:00:00 bytes=837395
2024-11-26,12,21,pressure_msl_lead_minus3_hpa,"EGLC,LFPG",OK,short_name=prmsl units=Pa valid=2024-11-27T09:00:00 bytes=984951
2024-12-10,12,24,pressure_msl_hpa,"EGLC,LFPG",OK,short_name=prmsl units=Pa valid=2024-12-11T12:00:00 bytes=993032
2024-12-10,12,24,pressure_surface_hpa,"EGLC,LFPG",OK,short_name=sp units=Pa valid=2024-12-11T12:00:00 bytes=838179
2024-12-10,12,21,pressure_msl_lead_minus3_hpa,"EGLC,LFPG",OK,short_name=prmsl units=Pa valid=2024-12-11T09:00:00 bytes=987029
2024-11-17,12,24,pressure_msl_hpa,"EGLC,LFPG",OK,short_name=prmsl units=Pa valid=2024-11-18T12:00:00 bytes=997901
2024-11-17,12,24,pressure_surface_hpa,"EGLC,LFPG",OK,short_name=sp units=Pa valid=2024-11-18T12:00:00 bytes=840806
2024-11-17,12,21,pressure_msl_lead_minus3_hpa,"EGLC,LFPG",OK,short_name=prmsl units=Pa valid=2024-11-18T09:00:00 bytes=990630
2024-10-16,12,24,pressure_msl_hpa,"EGLC,LFPG",OK,short_name=prmsl units=Pa valid=2024-10-17T12:00:00 bytes=992384
2024-10-16,12,24,pressure_surface_hpa,"EGLC,LFPG",OK,short_name=sp units=Pa valid=2024-10-17T12:00:00 bytes=836652
2024-10-16,12,21,pressure_msl_lead_minus3_hpa,"EGLC,LFPG",OK,short_name=prmsl units=Pa valid=2024-10-17T09:00:00 bytes=1027683
2024-12-22,12,24,pressure_msl_hpa,"EGLC,LFPG",OK,short_name=prmsl units=Pa valid=2024-12-23T12:00:00 bytes=992383
2024-12-22,12,24,pressure_surface_hpa,"EGLC,LFPG",OK,short_name=sp units=Pa valid=2024-12-23T12:00:00 bytes=840057
2024-12-22,12,21,pressure_msl_lead_minus3_hpa,"EGLC,LFPG",OK,short_name=prmsl units=Pa valid=2024-12-23T09:00:00 bytes=988966
2024-12-04,12,24,pressure_msl_hpa,"EGLC,LFPG",OK,short_name=prmsl units=Pa valid=2024-12-05T12:00:00 bytes=994748
2024-12-04,12,24,pressure_surface_hpa,"EGLC,LFPG",OK,short_name=sp units=Pa valid=2024-12-05T12:00:00 bytes=837702
2024-12-04,12,21,pressure_msl_lead_minus3_hpa,"EGLC,LFPG",OK,short_name=prmsl units=Pa valid=2024-12-05T09:00:00 bytes=1029847
2024-12-12,12,24,pressure_msl_hpa,"EGLC,LFPG",OK,short_name=prmsl units=Pa valid=2024-12-13T12:00:00 bytes=997848
2024-12-12,12,24,pressure_surface_hpa,"EGLC,LFPG",OK,short_name=sp units=Pa valid=2024-12-13T12:00:00 bytes=840543
2024-12-12,12,21,pressure_msl_lead_minus3_hpa,"EGLC,LFPG",OK,short_name=prmsl units=Pa valid=2024-12-13T09:00:00 bytes=994012
2024-12-24,12,24,pressure_msl_hpa,"EGLC,LFPG",OK,short_name=prmsl units=Pa valid=2024-12-25T12:00:00 bytes=992495
2024-12-24,12,24,pressure_surface_hpa,"EGLC,LFPG",OK,short_name=sp units=Pa valid=2024-12-25T12:00:00 bytes=840143
2024-12-24,12,21,pressure_msl_lead_minus3_hpa,"EGLC,LFPG",OK,short_name=prmsl units=Pa valid=2024-12-25T09:00:00 bytes=990496
2024-12-21,12,24,pressure_msl_hpa,"EGLC,LFPG",OK,short_name=prmsl units=Pa valid=2024-12-22T12:00:00 bytes=1029116
2024-12-21,12,24,pressure_surface_hpa,"EGLC,LFPG",OK,short_name=sp units=Pa valid=2024-12-22T12:00:00 bytes=834830
2024-12-21,12,21,pressure_msl_lead_minus3_hpa,"EGLC,LFPG",OK,short_name=prmsl units=Pa valid=2024-12-22T09:00:00 bytes=1026093
2024-12-30,12,24,pressure_msl_hpa,"EGLC,LFPG",OK,short_name=prmsl units=Pa valid=2024-12-31T12:00:00 bytes=989040
2024-12-30,12,24,pressure_surface_hpa,"EGLC,LFPG",OK,short_name=sp units=Pa valid=2024-12-31T12:00:00 bytes=832740
2024-12-30,12,21,pressure_msl_lead_minus3_hpa,"EGLC,LFPG",OK,short_name=prmsl units=Pa valid=2024-12-31T09:00:00 bytes=982580
2024-12-06,12,24,pressure_msl_hpa,"EGLC,LFPG",OK,short_name=prmsl units=Pa valid=2024-12-07T12:00:00 bytes=992014
2024-12-06,12,24,pressure_surface_hpa,"EGLC,LFPG",OK,short_name=sp units=Pa valid=2024-12-07T12:00:00 bytes=838463
2024-12-06,12,21,pressure_msl_lead_minus3_hpa,"EGLC,LFPG",OK,short_name=prmsl units=Pa valid=2024-12-07T09:00:00 bytes=990115
2024-12-15,12,24,pressure_msl_hpa,"EGLC,LFPG",OK,short_name=prmsl units=Pa valid=2024-12-16T12:00:00 bytes=1000820
2024-12-15,12,24,pressure_surface_hpa,"EGLC,LFPG",OK,short_name=sp units=Pa valid=2024-12-16T12:00:00 bytes=841185
2024-12-15,12,21,pressure_msl_lead_minus3_hpa,"EGLC,LFPG",OK,short_name=prmsl units=Pa valid=2024-12-16T09:00:00 bytes=994800
2024-11-23,12,24,pressure_msl_hpa,"EGLC,LFPG",OK,short_name=prmsl units=Pa valid=2024-11-24T12:00:00 bytes=998132
2024-11-23,12,24,pressure_surface_hpa,"EGLC,LFPG",OK,short_name=sp units=Pa valid=2024-11-24T12:00:00 bytes=835049
2024-11-23,12,21,pressure_msl_lead_minus3_hpa,"EGLC,LFPG",OK,short_name=prmsl units=Pa valid=2024-11-24T09:00:00 bytes=988166
2024-12-25,12,24,pressure_msl_hpa,"EGLC,LFPG",OK,short_name=prmsl units=Pa valid=2024-12-26T12:00:00 bytes=990356
2024-12-25,12,24,pressure_surface_hpa,"EGLC,LFPG",OK,short_name=sp units=Pa valid=2024-12-26T12:00:00 bytes=834413
2024-12-25,12,21,pressure_msl_lead_minus3_hpa,"EGLC,LFPG",OK,short_name=prmsl units=Pa valid=2024-12-26T09:00:00 bytes=988422
2024-12-01,12,24,pressure_msl_hpa,"EGLC,LFPG",OK,short_name=prmsl units=Pa valid=2024-12-02T12:00:00 bytes=1035440
2024-12-01,12,24,pressure_surface_hpa,"EGLC,LFPG",OK,short_name=sp units=Pa valid=2024-12-02T12:00:00 bytes=840818
2024-12-01,12,21,pressure_msl_lead_minus3_hpa,"EGLC,LFPG",OK,short_name=prmsl units=Pa valid=2024-12-02T09:00:00 bytes=1030035
2024-11-08,12,24,pressure_msl_hpa,"EGLC,LFPG",OK,short_name=prmsl units=Pa valid=2024-11-09T12:00:00 bytes=1027458
2024-11-08,12,24,pressure_surface_hpa,"EGLC,LFPG",OK,short_name=sp units=Pa valid=2024-11-09T12:00:00 bytes=832790
2024-11-08,12,21,pressure_msl_lead_minus3_hpa,"EGLC,LFPG",OK,short_name=prmsl units=Pa valid=2024-11-09T09:00:00 bytes=1018498
2024-12-05,12,24,pressure_msl_hpa,"EGLC,LFPG",OK,short_name=prmsl units=Pa valid=2024-12-06T12:00:00 bytes=993769
2024-12-05,12,24,pressure_surface_hpa,"EGLC,LFPG",OK,short_name=sp units=Pa valid=2024-12-06T12:00:00 bytes=838934
2024-12-05,12,21,pressure_msl_lead_minus3_hpa,"EGLC,LFPG",OK,short_name=prmsl units=Pa valid=2024-12-06T09:00:00 bytes=1029398
2024-12-17,12,24,pressure_msl_hpa,"EGLC,LFPG",OK,short_name=prmsl units=Pa valid=2024-12-18T12:00:00 bytes=1005134
2024-12-17,12,24,pressure_surface_hpa,"EGLC,LFPG",OK,short_name=sp units=Pa valid=2024-12-18T12:00:00 bytes=844093
2024-12-17,12,21,pressure_msl_lead_minus3_hpa,"EGLC,LFPG",OK,short_name=prmsl units=Pa valid=2024-12-18T09:00:00 bytes=998439
2024-12-14,12,24,pressure_msl_hpa,"EGLC,LFPG",OK,short_name=prmsl units=Pa valid=2024-12-15T12:00:00 bytes=880980
2024-12-14,12,24,pressure_surface_hpa,"EGLC,LFPG",OK,short_name=sp units=Pa valid=2024-12-15T12:00:00 bytes=842980
2024-12-14,12,21,pressure_msl_lead_minus3_hpa,"EGLC,LFPG",OK,short_name=prmsl units=Pa valid=2024-12-15T09:00:00 bytes=1000817
2024-12-09,12,24,pressure_msl_hpa,"EGLC,LFPG",OK,short_name=prmsl units=Pa valid=2024-12-10T12:00:00 bytes=995361
2024-12-09,12,24,pressure_surface_hpa,"EGLC,LFPG",OK,short_name=sp units=Pa valid=2024-12-10T12:00:00 bytes=838500
2024-12-09,12,21,pressure_msl_lead_minus3_hpa,"EGLC,LFPG",OK,short_name=prmsl units=Pa valid=2024-12-10T09:00:00 bytes=989594
2024-12-02,12,24,pressure_msl_hpa,"EGLC,LFPG",OK,short_name=prmsl units=Pa valid=2024-12-03T12:00:00 bytes=993479
2024-12-02,12,24,pressure_surface_hpa,"EGLC,LFPG",OK,short_name=sp units=Pa valid=2024-12-03T12:00:00 bytes=840761
2024-12-02,12,21,pressure_msl_lead_minus3_hpa,"EGLC,LFPG",OK,short_name=prmsl units=Pa valid=2024-12-03T09:00:00 bytes=989810
2025-01-20,12,24,pressure_msl_hpa,"EGLC,LFPG",OK,short_name=prmsl units=Pa valid=2025-01-21T12:00:00 bytes=1000754
2025-01-20,12,24,pressure_surface_hpa,"EGLC,LFPG",OK,short_name=sp units=Pa valid=2025-01-21T12:00:00 bytes=839097
2025-01-20,12,21,pressure_msl_lead_minus3_hpa,"EGLC,LFPG",OK,short_name=prmsl units=Pa valid=2025-01-21T09:00:00 bytes=992782
2025-01-01,12,24,pressure_msl_hpa,"EGLC,LFPG",OK,short_name=prmsl units=Pa valid=2025-01-02T12:00:00 bytes=994970
2025-01-01,12,24,pressure_surface_hpa,"EGLC,LFPG",OK,short_name=sp units=Pa valid=2025-01-02T12:00:00 bytes=836378
2025-01-01,12,21,pressure_msl_lead_minus3_hpa,"EGLC,LFPG",OK,short_name=prmsl units=Pa valid=2025-01-02T09:00:00 bytes=987273
2024-12-31,12,24,pressure_msl_hpa,"EGLC,LFPG",OK,short_name=prmsl units=Pa valid=2025-01-01T12:00:00 bytes=986553
2024-12-31,12,24,pressure_surface_hpa,"EGLC,LFPG",OK,short_name=sp units=Pa valid=2025-01-01T12:00:00 bytes=832466
2024-12-31,12,21,pressure_msl_lead_minus3_hpa,"EGLC,LFPG",OK,short_name=prmsl units=Pa valid=2025-01-01T09:00:00 bytes=1018402
2025-01-12,12,24,pressure_msl_hpa,"EGLC,LFPG",OK,short_name=prmsl units=Pa valid=2025-01-13T12:00:00 bytes=876259
2025-01-12,12,24,pressure_surface_hpa,"EGLC,LFPG",OK,short_name=sp units=Pa valid=2025-01-13T12:00:00 bytes=841065
2025-01-12,12,21,pressure_msl_lead_minus3_hpa,"EGLC,LFPG",OK,short_name=prmsl units=Pa valid=2025-01-13T09:00:00 bytes=996809
2024-12-26,12,24,pressure_msl_hpa,"EGLC,LFPG",OK,short_name=prmsl units=Pa valid=2024-12-27T12:00:00 bytes=992680
2024-12-26,12,24,pressure_surface_hpa,"EGLC,LFPG",OK,short_name=sp units=Pa valid=2024-12-27T12:00:00 bytes=835976
2024-12-26,12,21,pressure_msl_lead_minus3_hpa,"EGLC,LFPG",OK,short_name=prmsl units=Pa valid=2024-12-27T09:00:00 bytes=1029696
2024-12-23,12,24,pressure_msl_hpa,"EGLC,LFPG",OK,short_name=prmsl units=Pa valid=2024-12-24T12:00:00 bytes=988061
2024-12-23,12,24,pressure_surface_hpa,"EGLC,LFPG",OK,short_name=sp units=Pa valid=2024-12-24T12:00:00 bytes=839071
2024-12-23,12,21,pressure_msl_lead_minus3_hpa,"EGLC,LFPG",OK,short_name=prmsl units=Pa valid=2024-12-24T09:00:00 bytes=985921
2024-12-29,12,24,pressure_msl_hpa,"EGLC,LFPG",OK,short_name=prmsl units=Pa valid=2024-12-30T12:00:00 bytes=989703
2024-12-29,12,24,pressure_surface_hpa,"EGLC,LFPG",OK,short_name=sp units=Pa valid=2024-12-30T12:00:00 bytes=831738
2024-12-29,12,21,pressure_msl_lead_minus3_hpa,"EGLC,LFPG",OK,short_name=prmsl units=Pa valid=2024-12-30T09:00:00 bytes=981939
2025-01-05,12,24,pressure_msl_hpa,"EGLC,LFPG",OK,short_name=prmsl units=Pa valid=2025-01-06T12:00:00 bytes=999720
2025-01-05,12,24,pressure_surface_hpa,"EGLC,LFPG",OK,short_name=sp units=Pa valid=2025-01-06T12:00:00 bytes=839703
2025-01-05,12,21,pressure_msl_lead_minus3_hpa,"EGLC,LFPG",OK,short_name=prmsl units=Pa valid=2025-01-06T09:00:00 bytes=992361
2025-01-13,12,24,pressure_msl_hpa,"EGLC,LFPG",OK,short_name=prmsl units=Pa valid=2025-01-14T12:00:00 bytes=998079
2025-01-13,12,24,pressure_surface_hpa,"EGLC,LFPG",OK,short_name=sp units=Pa valid=2025-01-14T12:00:00 bytes=840790
2025-01-13,12,21,pressure_msl_lead_minus3_hpa,"EGLC,LFPG",OK,short_name=prmsl units=Pa valid=2025-01-14T09:00:00 bytes=994943
2025-01-22,12,24,pressure_msl_hpa,"EGLC,LFPG",OK,short_name=prmsl units=Pa valid=2025-01-23T12:00:00 bytes=992597
2025-01-22,12,24,pressure_surface_hpa,"EGLC,LFPG",OK,short_name=sp units=Pa valid=2025-01-23T12:00:00 bytes=831998
2025-01-22,12,21,pressure_msl_lead_minus3_hpa,"EGLC,LFPG",OK,short_name=prmsl units=Pa valid=2025-01-23T09:00:00 bytes=987619
2025-01-02,12,24,pressure_msl_hpa,"EGLC,LFPG",OK,short_name=prmsl units=Pa valid=2025-01-03T12:00:00 bytes=988349
2025-01-02,12,24,pressure_surface_hpa,"EGLC,LFPG",OK,short_name=sp units=Pa valid=2025-01-03T12:00:00 bytes=834113
2025-01-02,12,21,pressure_msl_lead_minus3_hpa,"EGLC,LFPG",OK,short_name=prmsl units=Pa valid=2025-01-03T09:00:00 bytes=985900
2025-01-09,12,24,pressure_msl_hpa,"EGLC,LFPG",OK,short_name=prmsl units=Pa valid=2025-01-10T12:00:00 bytes=1008260
2025-01-09,12,24,pressure_surface_hpa,"EGLC,LFPG",OK,short_name=sp units=Pa valid=2025-01-10T12:00:00 bytes=845898
2025-01-09,12,21,pressure_msl_lead_minus3_hpa,"EGLC,LFPG",OK,short_name=prmsl units=Pa valid=2025-01-10T09:00:00 bytes=1001665
2025-01-18,12,24,pressure_msl_hpa,"EGLC,LFPG",OK,short_name=prmsl units=Pa valid=2025-01-19T12:00:00 bytes=995090
2025-01-18,12,24,pressure_surface_hpa,"EGLC,LFPG",OK,short_name=sp units=Pa valid=2025-01-19T12:00:00 bytes=836363
2025-01-18,12,21,pressure_msl_lead_minus3_hpa,"EGLC,LFPG",OK,short_name=prmsl units=Pa valid=2025-01-19T09:00:00 bytes=987484
2025-01-04,12,24,pressure_msl_hpa,"EGLC,LFPG",OK,short_name=prmsl units=Pa valid=2025-01-05T12:00:00 bytes=997138
2025-01-04,12,24,pressure_surface_hpa,"EGLC,LFPG",OK,short_name=sp units=Pa valid=2025-01-05T12:00:00 bytes=837735
2025-01-04,12,21,pressure_msl_lead_minus3_hpa,"EGLC,LFPG",OK,short_name=prmsl units=Pa valid=2025-01-05T09:00:00 bytes=990711
2025-01-16,12,24,pressure_msl_hpa,"EGLC,LFPG",OK,short_name=prmsl units=Pa valid=2025-01-17T12:00:00 bytes=997559
2025-01-16,12,24,pressure_surface_hpa,"EGLC,LFPG",OK,short_name=sp units=Pa valid=2025-01-17T12:00:00 bytes=840396
2025-01-16,12,21,pressure_msl_lead_minus3_hpa,"EGLC,LFPG",OK,short_name=prmsl units=Pa valid=2025-01-17T09:00:00 bytes=990749
2024-12-27,12,24,pressure_msl_hpa,"EGLC,LFPG",OK,short_name=prmsl units=Pa valid=2024-12-28T12:00:00 bytes=996710
2024-12-27,12,24,pressure_surface_hpa,"EGLC,LFPG",OK,short_name=sp units=Pa valid=2024-12-28T12:00:00 bytes=838713
2024-12-27,12,21,pressure_msl_lead_minus3_hpa,"EGLC,LFPG",OK,short_name=prmsl units=Pa valid=2024-12-28T09:00:00 bytes=993029
2025-01-14,12,24,pressure_msl_hpa,"EGLC,LFPG",OK,short_name=prmsl units=Pa valid=2025-01-15T12:00:00 bytes=993147
2025-01-14,12,24,pressure_surface_hpa,"EGLC,LFPG",OK,short_name=sp units=Pa valid=2025-01-15T12:00:00 bytes=837804
2025-01-14,12,21,pressure_msl_lead_minus3_hpa,"EGLC,LFPG",OK,short_name=prmsl units=Pa valid=2025-01-15T09:00:00 bytes=989330
2024-12-20,12,24,pressure_msl_hpa,"EGLC,LFPG",OK,short_name=prmsl units=Pa valid=2024-12-21T12:00:00 bytes=988705
2024-12-20,12,24,pressure_surface_hpa,"EGLC,LFPG",OK,short_name=sp units=Pa valid=2024-12-21T12:00:00 bytes=835773
2024-12-20,12,21,pressure_msl_lead_minus3_hpa,"EGLC,LFPG",OK,short_name=prmsl units=Pa valid=2024-12-21T09:00:00 bytes=981904
2024-12-19,12,24,pressure_msl_hpa,"EGLC,LFPG",OK,short_name=prmsl units=Pa valid=2024-12-20T12:00:00 bytes=998379
2024-12-19,12,24,pressure_surface_hpa,"EGLC,LFPG",OK,short_name=sp units=Pa valid=2024-12-20T12:00:00 bytes=840263
2024-12-19,12,21,pressure_msl_lead_minus3_hpa,"EGLC,LFPG",OK,short_name=prmsl units=Pa valid=2024-12-20T09:00:00 bytes=1036299
2025-01-21,12,24,pressure_msl_hpa,"EGLC,LFPG",OK,short_name=prmsl units=Pa valid=2025-01-22T12:00:00 bytes=1002064
2025-01-21,12,24,pressure_surface_hpa,"EGLC,LFPG",OK,short_name=sp units=Pa valid=2025-01-22T12:00:00 bytes=840572
2025-01-21,12,21,pressure_msl_lead_minus3_hpa,"EGLC,LFPG",OK,short_name=prmsl units=Pa valid=2025-01-22T09:00:00 bytes=996252
2025-01-07,12,24,pressure_msl_hpa,"EGLC,LFPG",OK,short_name=prmsl units=Pa valid=2025-01-08T12:00:00 bytes=1005576
2025-01-07,12,24,pressure_surface_hpa,"EGLC,LFPG",OK,short_name=sp units=Pa valid=2025-01-08T12:00:00 bytes=843420
2025-01-07,12,21,pressure_msl_lead_minus3_hpa,"EGLC,LFPG",OK,short_name=prmsl units=Pa valid=2025-01-08T09:00:00 bytes=1002369
2025-01-08,12,24,pressure_msl_hpa,"EGLC,LFPG",OK,short_name=prmsl units=Pa valid=2025-01-09T12:00:00 bytes=1003989
2025-01-08,12,24,pressure_surface_hpa,"EGLC,LFPG",OK,short_name=sp units=Pa valid=2025-01-09T12:00:00 bytes=842158
2025-01-08,12,21,pressure_msl_lead_minus3_hpa,"EGLC,LFPG",OK,short_name=prmsl units=Pa valid=2025-01-09T09:00:00 bytes=999892
2025-01-24,12,24,pressure_msl_hpa,"EGLC,LFPG",OK,short_name=prmsl units=Pa valid=2025-01-25T12:00:00 bytes=1003696
2025-01-24,12,24,pressure_surface_hpa,"EGLC,LFPG",OK,short_name=sp units=Pa valid=2025-01-25T12:00:00 bytes=839942
2025-01-24,12,21,pressure_msl_lead_minus3_hpa,"EGLC,LFPG",OK,short_name=prmsl units=Pa valid=2025-01-25T09:00:00 bytes=997171
2025-01-10,12,24,pressure_msl_hpa,"EGLC,LFPG",OK,short_name=prmsl units=Pa valid=2025-01-11T12:00:00 bytes=1002151
2025-01-10,12,24,pressure_surface_hpa,"EGLC,LFPG",OK,short_name=sp units=Pa valid=2025-01-11T12:00:00 bytes=843843
2025-01-10,12,21,pressure_msl_lead_minus3_hpa,"EGLC,LFPG",OK,short_name=prmsl units=Pa valid=2025-01-11T09:00:00 bytes=999688
2025-01-23,12,24,pressure_msl_hpa,"EGLC,LFPG",OK,short_name=prmsl units=Pa valid=2025-01-24T12:00:00 bytes=873583
2025-01-23,12,24,pressure_surface_hpa,"EGLC,LFPG",OK,short_name=sp units=Pa valid=2025-01-24T12:00:00 bytes=837091
2025-01-23,12,21,pressure_msl_lead_minus3_hpa,"EGLC,LFPG",OK,short_name=prmsl units=Pa valid=2025-01-24T09:00:00 bytes=993318
2024-12-08,12,24,pressure_msl_hpa,"EGLC,LFPG",OK,short_name=prmsl units=Pa valid=2024-12-09T12:00:00 bytes=998743
2024-12-08,12,24,pressure_surface_hpa,"EGLC,LFPG",OK,short_name=sp units=Pa valid=2024-12-09T12:00:00 bytes=841217
2024-12-08,12,21,pressure_msl_lead_minus3_hpa,"EGLC,LFPG",OK,short_name=prmsl units=Pa valid=2024-12-09T09:00:00 bytes=993153
2025-02-01,12,24,pressure_msl_hpa,"EGLC,LFPG",OK,short_name=prmsl units=Pa valid=2025-02-02T12:00:00 bytes=1004510
2025-02-01,12,24,pressure_surface_hpa,"EGLC,LFPG",OK,short_name=sp units=Pa valid=2025-02-02T12:00:00 bytes=841626
2025-02-01,12,21,pressure_msl_lead_minus3_hpa,"EGLC,LFPG",OK,short_name=prmsl units=Pa valid=2025-02-02T09:00:00 bytes=1043725
2025-01-31,12,24,pressure_msl_hpa,"EGLC,LFPG",OK,short_name=prmsl units=Pa valid=2025-02-01T12:00:00 bytes=1000169
2025-01-31,12,24,pressure_surface_hpa,"EGLC,LFPG",OK,short_name=sp units=Pa valid=2025-02-01T12:00:00 bytes=841297
2025-01-31,12,21,pressure_msl_lead_minus3_hpa,"EGLC,LFPG",OK,short_name=prmsl units=Pa valid=2025-02-01T09:00:00 bytes=991605
2025-02-04,12,24,pressure_msl_hpa,"EGLC,LFPG",OK,short_name=prmsl units=Pa valid=2025-02-05T12:00:00 bytes=1005701
2025-02-04,12,24,pressure_surface_hpa,"EGLC,LFPG",OK,short_name=sp units=Pa valid=2025-02-05T12:00:00 bytes=840844
2025-02-04,12,21,pressure_msl_lead_minus3_hpa,"EGLC,LFPG",OK,short_name=prmsl units=Pa valid=2025-02-05T09:00:00 bytes=997585
2025-01-06,12,24,pressure_msl_hpa,"EGLC,LFPG",OK,short_name=prmsl units=Pa valid=2025-01-07T12:00:00 bytes=1001090
2025-01-06,12,24,pressure_surface_hpa,"EGLC,LFPG",OK,short_name=sp units=Pa valid=2025-01-07T12:00:00 bytes=841859
2025-01-06,12,21,pressure_msl_lead_minus3_hpa,"EGLC,LFPG",OK,short_name=prmsl units=Pa valid=2025-01-07T09:00:00 bytes=1037113
2025-01-25,12,24,pressure_msl_hpa,"EGLC,LFPG",OK,short_name=prmsl units=Pa valid=2025-01-26T12:00:00 bytes=998176
2025-01-25,12,24,pressure_surface_hpa,"EGLC,LFPG",OK,short_name=sp units=Pa valid=2025-01-26T12:00:00 bytes=836877
2025-01-25,12,21,pressure_msl_lead_minus3_hpa,"EGLC,LFPG",OK,short_name=prmsl units=Pa valid=2025-01-26T09:00:00 bytes=993922
2025-01-27,12,24,pressure_msl_hpa,"EGLC,LFPG",OK,short_name=prmsl units=Pa valid=2025-01-28T12:00:00 bytes=1044031
2025-01-27,12,24,pressure_surface_hpa,"EGLC,LFPG",OK,short_name=sp units=Pa valid=2025-01-28T12:00:00 bytes=841396
2025-01-27,12,21,pressure_msl_lead_minus3_hpa,"EGLC,LFPG",OK,short_name=prmsl units=Pa valid=2025-01-28T09:00:00 bytes=1040941
2025-01-17,12,24,pressure_msl_hpa,"EGLC,LFPG",OK,short_name=prmsl units=Pa valid=2025-01-18T12:00:00 bytes=1037072
2025-01-17,12,24,pressure_surface_hpa,"EGLC,LFPG",OK,short_name=sp units=Pa valid=2025-01-18T12:00:00 bytes=836618
2025-01-17,12,21,pressure_msl_lead_minus3_hpa,"EGLC,LFPG",OK,short_name=prmsl units=Pa valid=2025-01-18T09:00:00 bytes=995057
2025-01-28,12,24,pressure_msl_hpa,"EGLC,LFPG",OK,short_name=prmsl units=Pa valid=2025-01-29T12:00:00 bytes=998173
2025-01-28,12,24,pressure_surface_hpa,"EGLC,LFPG",OK,short_name=sp units=Pa valid=2025-01-29T12:00:00 bytes=838470
2025-01-28,12,21,pressure_msl_lead_minus3_hpa,"EGLC,LFPG",OK,short_name=prmsl units=Pa valid=2025-01-29T09:00:00 bytes=994750
2024-12-18,12,24,pressure_msl_hpa,"EGLC,LFPG",OK,short_name=prmsl units=Pa valid=2024-12-19T12:00:00 bytes=1003263
2024-12-18,12,24,pressure_surface_hpa,"EGLC,LFPG",OK,short_name=sp units=Pa valid=2024-12-19T12:00:00 bytes=841993
2024-12-18,12,21,pressure_msl_lead_minus3_hpa,"EGLC,LFPG",OK,short_name=prmsl units=Pa valid=2024-12-19T09:00:00 bytes=1038827
2025-01-11,12,24,pressure_msl_hpa,"EGLC,LFPG",OK,short_name=prmsl units=Pa valid=2025-01-12T12:00:00 bytes=1001488
2025-01-11,12,24,pressure_surface_hpa,"EGLC,LFPG",OK,short_name=sp units=Pa valid=2025-01-12T12:00:00 bytes=842461
2025-01-11,12,21,pressure_msl_lead_minus3_hpa,"EGLC,LFPG",OK,short_name=prmsl units=Pa valid=2025-01-12T09:00:00 bytes=999900
2025-02-03,12,24,pressure_msl_hpa,"EGLC,LFPG",OK,short_name=prmsl units=Pa valid=2025-02-04T12:00:00 bytes=1006650
2025-02-03,12,24,pressure_surface_hpa,"EGLC,LFPG",OK,short_name=sp units=Pa valid=2025-02-04T12:00:00 bytes=841958
2025-02-03,12,21,pressure_msl_lead_minus3_hpa,"EGLC,LFPG",OK,short_name=prmsl units=Pa valid=2025-02-04T09:00:00 bytes=1002072
2025-02-20,12,24,pressure_msl_hpa,"EGLC,LFPG",OK,short_name=prmsl units=Pa valid=2025-02-21T12:00:00 bytes=1005271
2025-02-20,12,24,pressure_surface_hpa,"EGLC,LFPG",OK,short_name=sp units=Pa valid=2025-02-21T12:00:00 bytes=838641
2025-02-20,12,21,pressure_msl_lead_minus3_hpa,"EGLC,LFPG",OK,short_name=prmsl units=Pa valid=2025-02-21T09:00:00 bytes=996858
2025-02-26,12,24,pressure_msl_hpa,"EGLC,LFPG",OK,short_name=prmsl units=Pa valid=2025-02-27T12:00:00 bytes=1000082
2025-02-26,12,24,pressure_surface_hpa,"EGLC,LFPG",OK,short_name=sp units=Pa valid=2025-02-27T12:00:00 bytes=838340
2025-02-26,12,21,pressure_msl_lead_minus3_hpa,"EGLC,LFPG",OK,short_name=prmsl units=Pa valid=2025-02-27T09:00:00 bytes=1034871
2024-12-28,12,24,pressure_msl_hpa,"EGLC,LFPG",OK,short_name=prmsl units=Pa valid=2024-12-29T12:00:00 bytes=992845
2024-12-28,12,24,pressure_surface_hpa,"EGLC,LFPG",OK,short_name=sp units=Pa valid=2024-12-29T12:00:00 bytes=834973
2024-12-28,12,21,pressure_msl_lead_minus3_hpa,"EGLC,LFPG",OK,short_name=prmsl units=Pa valid=2024-12-29T09:00:00 bytes=991052
2025-02-09,12,24,pressure_msl_hpa,"EGLC,LFPG",OK,short_name=prmsl units=Pa valid=2025-02-10T12:00:00 bytes=1004347
2025-02-09,12,24,pressure_surface_hpa,"EGLC,LFPG",OK,short_name=sp units=Pa valid=2025-02-10T12:00:00 bytes=840510
2025-02-09,12,21,pressure_msl_lead_minus3_hpa,"EGLC,LFPG",OK,short_name=prmsl units=Pa valid=2025-02-10T09:00:00 bytes=997489
2025-02-21,12,24,pressure_msl_hpa,"EGLC,LFPG",OK,short_name=prmsl units=Pa valid=2025-02-22T12:00:00 bytes=1005985
2025-02-21,12,24,pressure_surface_hpa,"EGLC,LFPG",OK,short_name=sp units=Pa valid=2025-02-22T12:00:00 bytes=838639
2025-02-21,12,21,pressure_msl_lead_minus3_hpa,"EGLC,LFPG",OK,short_name=prmsl units=Pa valid=2025-02-22T09:00:00 bytes=997925
2025-01-03,12,24,pressure_msl_hpa,"EGLC,LFPG",OK,short_name=prmsl units=Pa valid=2025-01-04T12:00:00 bytes=1029507
2025-01-03,12,24,pressure_surface_hpa,"EGLC,LFPG",OK,short_name=sp units=Pa valid=2025-01-04T12:00:00 bytes=833241
2025-01-03,12,21,pressure_msl_lead_minus3_hpa,"EGLC,LFPG",OK,short_name=prmsl units=Pa valid=2025-01-04T09:00:00 bytes=1026790
2025-01-29,12,24,pressure_msl_hpa,"EGLC,LFPG",OK,short_name=prmsl units=Pa valid=2025-01-30T12:00:00 bytes=1000050
2025-01-29,12,24,pressure_surface_hpa,"EGLC,LFPG",OK,short_name=sp units=Pa valid=2025-01-30T12:00:00 bytes=841923
2025-01-29,12,21,pressure_msl_lead_minus3_hpa,"EGLC,LFPG",OK,short_name=prmsl units=Pa valid=2025-01-30T09:00:00 bytes=996782
2025-02-17,12,24,pressure_msl_hpa,"EGLC,LFPG",OK,short_name=prmsl units=Pa valid=2025-02-18T12:00:00 bytes=1036611
2025-02-17,12,24,pressure_surface_hpa,"EGLC,LFPG",OK,short_name=sp units=Pa valid=2025-02-18T12:00:00 bytes=835516
2025-02-17,12,21,pressure_msl_lead_minus3_hpa,"EGLC,LFPG",OK,short_name=prmsl units=Pa valid=2025-02-18T09:00:00 bytes=992869
2025-02-13,12,24,pressure_msl_hpa,"EGLC,LFPG",OK,short_name=prmsl units=Pa valid=2025-02-14T12:00:00 bytes=1015210
2025-02-13,12,24,pressure_surface_hpa,"EGLC,LFPG",OK,short_name=sp units=Pa valid=2025-02-14T12:00:00 bytes=849040
2025-02-13,12,21,pressure_msl_lead_minus3_hpa,"EGLC,LFPG",OK,short_name=prmsl units=Pa valid=2025-02-14T09:00:00 bytes=1008277
2025-02-15,12,24,pressure_msl_hpa,"EGLC,LFPG",OK,short_name=prmsl units=Pa valid=2025-02-16T12:00:00 bytes=1007370
2025-02-15,12,24,pressure_surface_hpa,"EGLC,LFPG",OK,short_name=sp units=Pa valid=2025-02-16T12:00:00 bytes=841586
2025-02-15,12,21,pressure_msl_lead_minus3_hpa,"EGLC,LFPG",OK,short_name=prmsl units=Pa valid=2025-02-16T09:00:00 bytes=1004303
2025-02-14,12,24,pressure_msl_hpa,"EGLC,LFPG",OK,short_name=prmsl units=Pa valid=2025-02-15T12:00:00 bytes=1014165
2025-02-14,12,24,pressure_surface_hpa,"EGLC,LFPG",OK,short_name=sp units=Pa valid=2025-02-15T12:00:00 bytes=846502
2025-02-14,12,21,pressure_msl_lead_minus3_hpa,"EGLC,LFPG",OK,short_name=prmsl units=Pa valid=2025-02-15T09:00:00 bytes=1005990
2025-02-22,12,24,pressure_msl_hpa,"EGLC,LFPG",OK,short_name=prmsl units=Pa valid=2025-02-23T12:00:00 bytes=1002374
2025-02-22,12,24,pressure_surface_hpa,"EGLC,LFPG",OK,short_name=sp units=Pa valid=2025-02-23T12:00:00 bytes=837261
2025-02-22,12,21,pressure_msl_lead_minus3_hpa,"EGLC,LFPG",OK,short_name=prmsl units=Pa valid=2025-02-23T09:00:00 bytes=996322
2025-01-19,12,24,pressure_msl_hpa,"EGLC,LFPG",OK,short_name=prmsl units=Pa valid=2025-01-20T12:00:00 bytes=992735
2025-01-19,12,24,pressure_surface_hpa,"EGLC,LFPG",OK,short_name=sp units=Pa valid=2025-01-20T12:00:00 bytes=839300
2025-01-19,12,21,pressure_msl_lead_minus3_hpa,"EGLC,LFPG",OK,short_name=prmsl units=Pa valid=2025-01-20T09:00:00 bytes=988977
2025-03-15,12,24,pressure_msl_hpa,"EGLC,LFPG",OK,short_name=prmsl units=Pa valid=2025-03-16T12:00:00 bytes=1002467
2025-03-15,12,24,pressure_surface_hpa,"EGLC,LFPG",OK,short_name=sp units=Pa valid=2025-03-16T12:00:00 bytes=839589
2025-03-15,12,21,pressure_msl_lead_minus3_hpa,"EGLC,LFPG",OK,short_name=prmsl units=Pa valid=2025-03-16T09:00:00 bytes=997176
2025-02-16,12,24,pressure_msl_hpa,"EGLC,LFPG",OK,short_name=prmsl units=Pa valid=2025-02-17T12:00:00 bytes=1001017
2025-02-16,12,24,pressure_surface_hpa,"EGLC,LFPG",OK,short_name=sp units=Pa valid=2025-02-17T12:00:00 bytes=836862
2025-02-16,12,21,pressure_msl_lead_minus3_hpa,"EGLC,LFPG",OK,short_name=prmsl units=Pa valid=2025-02-17T09:00:00 bytes=993965
2025-02-24,12,24,pressure_msl_hpa,"EGLC,LFPG",OK,short_name=prmsl units=Pa valid=2025-02-25T12:00:00 bytes=1038511
2025-02-24,12,24,pressure_surface_hpa,"EGLC,LFPG",OK,short_name=sp units=Pa valid=2025-02-25T12:00:00 bytes=837594
2025-02-24,12,21,pressure_msl_lead_minus3_hpa,"EGLC,LFPG",OK,short_name=prmsl units=Pa valid=2025-02-25T09:00:00 bytes=1034509
2025-03-02,12,24,pressure_msl_hpa,"EGLC,LFPG",OK,short_name=prmsl units=Pa valid=2025-03-03T12:00:00 bytes=1043546
2025-03-02,12,24,pressure_surface_hpa,"EGLC,LFPG",OK,short_name=sp units=Pa valid=2025-03-03T12:00:00 bytes=841093
2025-03-02,12,21,pressure_msl_lead_minus3_hpa,"EGLC,LFPG",OK,short_name=prmsl units=Pa valid=2025-03-03T09:00:00 bytes=1040948
2025-02-06,12,24,pressure_msl_hpa,"EGLC,LFPG",OK,short_name=prmsl units=Pa valid=2025-02-07T12:00:00 bytes=1003480
2025-02-06,12,24,pressure_surface_hpa,"EGLC,LFPG",OK,short_name=sp units=Pa valid=2025-02-07T12:00:00 bytes=841365
2025-02-06,12,21,pressure_msl_lead_minus3_hpa,"EGLC,LFPG",OK,short_name=prmsl units=Pa valid=2025-02-07T09:00:00 bytes=1000739
2025-02-02,12,24,pressure_msl_hpa,"EGLC,LFPG",OK,short_name=prmsl units=Pa valid=2025-02-03T12:00:00 bytes=1009495
2025-02-02,12,24,pressure_surface_hpa,"EGLC,LFPG",OK,short_name=sp units=Pa valid=2025-02-03T12:00:00 bytes=842713
2025-02-02,12,21,pressure_msl_lead_minus3_hpa,"EGLC,LFPG",OK,short_name=prmsl units=Pa valid=2025-02-03T09:00:00 bytes=1005045
2025-02-27,12,24,pressure_msl_hpa,"EGLC,LFPG",OK,short_name=prmsl units=Pa valid=2025-02-28T12:00:00 bytes=1000981
2025-02-27,12,24,pressure_surface_hpa,"EGLC,LFPG",OK,short_name=sp units=Pa valid=2025-02-28T12:00:00 bytes=838705
2025-02-27,12,21,pressure_msl_lead_minus3_hpa,"EGLC,LFPG",OK,short_name=prmsl units=Pa valid=2025-02-28T09:00:00 bytes=995067
2025-02-07,12,24,pressure_msl_hpa,"EGLC,LFPG",OK,short_name=prmsl units=Pa valid=2025-02-08T12:00:00 bytes=1006283
2025-02-07,12,24,pressure_surface_hpa,"EGLC,LFPG",OK,short_name=sp units=Pa valid=2025-02-08T12:00:00 bytes=842593
2025-02-07,12,21,pressure_msl_lead_minus3_hpa,"EGLC,LFPG",OK,short_name=prmsl units=Pa valid=2025-02-08T09:00:00 bytes=1002333
2025-03-05,12,24,pressure_msl_hpa,"EGLC,LFPG",OK,short_name=prmsl units=Pa valid=2025-03-06T12:00:00 bytes=1041059
2025-03-05,12,24,pressure_surface_hpa,"EGLC,LFPG",OK,short_name=sp units=Pa valid=2025-03-06T12:00:00 bytes=836289
2025-03-05,12,21,pressure_msl_lead_minus3_hpa,"EGLC,LFPG",OK,short_name=prmsl units=Pa valid=2025-03-06T09:00:00 bytes=1038303
2025-02-25,12,24,pressure_msl_hpa,"EGLC,LFPG",OK,short_name=prmsl units=Pa valid=2025-02-26T12:00:00 bytes=1045709
2025-02-25,12,24,pressure_surface_hpa,"EGLC,LFPG",OK,short_name=sp units=Pa valid=2025-02-26T12:00:00 bytes=839279
2025-02-25,12,21,pressure_msl_lead_minus3_hpa,"EGLC,LFPG",OK,short_name=prmsl units=Pa valid=2025-02-26T09:00:00 bytes=1038249
2025-02-18,12,24,pressure_msl_hpa,"EGLC,LFPG",OK,short_name=prmsl units=Pa valid=2025-02-19T12:00:00 bytes=1003305
2025-02-18,12,24,pressure_surface_hpa,"EGLC,LFPG",OK,short_name=sp units=Pa valid=2025-02-19T12:00:00 bytes=839523
2025-02-18,12,21,pressure_msl_lead_minus3_hpa,"EGLC,LFPG",OK,short_name=prmsl units=Pa valid=2025-02-19T09:00:00 bytes=995370
2025-01-26,12,24,pressure_msl_hpa,"EGLC,LFPG",OK,short_name=prmsl units=Pa valid=2025-01-27T12:00:00 bytes=1006765
2025-01-26,12,24,pressure_surface_hpa,"EGLC,LFPG",OK,short_name=sp units=Pa valid=2025-01-27T12:00:00 bytes=841901
2025-01-26,12,21,pressure_msl_lead_minus3_hpa,"EGLC,LFPG",OK,short_name=prmsl units=Pa valid=2025-01-27T09:00:00 bytes=1001365
2025-03-13,12,24,pressure_msl_hpa,"EGLC,LFPG",OK,short_name=prmsl units=Pa valid=2025-03-14T12:00:00 bytes=1006761
2025-03-13,12,24,pressure_surface_hpa,"EGLC,LFPG",OK,short_name=sp units=Pa valid=2025-03-14T12:00:00 bytes=839534
2025-03-13,12,21,pressure_msl_lead_minus3_hpa,"EGLC,LFPG",OK,short_name=prmsl units=Pa valid=2025-03-14T09:00:00 bytes=998028
2025-02-23,12,24,pressure_msl_hpa,"EGLC,LFPG",OK,short_name=prmsl units=Pa valid=2025-02-24T12:00:00 bytes=1036273
2025-02-23,12,24,pressure_surface_hpa,"EGLC,LFPG",OK,short_name=sp units=Pa valid=2025-02-24T12:00:00 bytes=834553
2025-02-23,12,21,pressure_msl_lead_minus3_hpa,"EGLC,LFPG",OK,short_name=prmsl units=Pa valid=2025-02-24T09:00:00 bytes=1031112
2025-01-15,12,24,pressure_msl_hpa,"EGLC,LFPG",OK,short_name=prmsl units=Pa valid=2025-01-16T12:00:00 bytes=993003
2025-01-15,12,24,pressure_surface_hpa,"EGLC,LFPG",OK,short_name=sp units=Pa valid=2025-01-16T12:00:00 bytes=837940
2025-01-15,12,21,pressure_msl_lead_minus3_hpa,"EGLC,LFPG",OK,short_name=prmsl units=Pa valid=2025-01-16T09:00:00 bytes=990560
2025-03-12,12,24,pressure_msl_hpa,"EGLC,LFPG",OK,short_name=prmsl units=Pa valid=2025-03-13T12:00:00 bytes=1003328
2025-03-12,12,24,pressure_surface_hpa,"EGLC,LFPG",OK,short_name=sp units=Pa valid=2025-03-13T12:00:00 bytes=838688
2025-03-12,12,21,pressure_msl_lead_minus3_hpa,"EGLC,LFPG",OK,short_name=prmsl units=Pa valid=2025-03-13T09:00:00 bytes=997429
2025-01-30,12,24,pressure_msl_hpa,"EGLC,LFPG",OK,short_name=prmsl units=Pa valid=2025-01-31T12:00:00 bytes=1037896
2025-01-30,12,24,pressure_surface_hpa,"EGLC,LFPG",OK,short_name=sp units=Pa valid=2025-01-31T12:00:00 bytes=841819
2025-01-30,12,21,pressure_msl_lead_minus3_hpa,"EGLC,LFPG",OK,short_name=prmsl units=Pa valid=2025-01-31T09:00:00 bytes=1033594
2025-02-28,12,24,pressure_msl_hpa,"EGLC,LFPG",OK,short_name=prmsl units=Pa valid=2025-03-01T12:00:00 bytes=1042425
2025-02-28,12,24,pressure_surface_hpa,"EGLC,LFPG",OK,short_name=sp units=Pa valid=2025-03-01T12:00:00 bytes=838134
2025-02-28,12,21,pressure_msl_lead_minus3_hpa,"EGLC,LFPG",OK,short_name=prmsl units=Pa valid=2025-03-01T09:00:00 bytes=1034530
2025-02-19,12,24,pressure_msl_hpa,"EGLC,LFPG",OK,short_name=prmsl units=Pa valid=2025-02-20T12:00:00 bytes=1001940
2025-02-19,12,24,pressure_surface_hpa,"EGLC,LFPG",OK,short_name=sp units=Pa valid=2025-02-20T12:00:00 bytes=839736
2025-02-19,12,21,pressure_msl_lead_minus3_hpa,"EGLC,LFPG",OK,short_name=prmsl units=Pa valid=2025-02-20T09:00:00 bytes=995396
2025-03-01,12,24,pressure_msl_hpa,"EGLC,LFPG",OK,short_name=prmsl units=Pa valid=2025-03-02T12:00:00 bytes=1045922
2025-03-01,12,24,pressure_surface_hpa,"EGLC,LFPG",OK,short_name=sp units=Pa valid=2025-03-02T12:00:00 bytes=839320
2025-03-01,12,21,pressure_msl_lead_minus3_hpa,"EGLC,LFPG",OK,short_name=prmsl units=Pa valid=2025-03-02T09:00:00 bytes=1041360
2025-02-05,12,24,pressure_msl_hpa,"EGLC,LFPG",OK,short_name=prmsl units=Pa valid=2025-02-06T12:00:00 bytes=1004212
2025-02-05,12,24,pressure_surface_hpa,"EGLC,LFPG",OK,short_name=sp units=Pa valid=2025-02-06T12:00:00 bytes=840647
2025-02-05,12,21,pressure_msl_lead_minus3_hpa,"EGLC,LFPG",OK,short_name=prmsl units=Pa valid=2025-02-06T09:00:00 bytes=998582
2025-03-14,12,24,pressure_msl_hpa,"EGLC,LFPG",OK,short_name=prmsl units=Pa valid=2025-03-15T12:00:00 bytes=1008550
2025-03-14,12,24,pressure_surface_hpa,"EGLC,LFPG",OK,short_name=sp units=Pa valid=2025-03-15T12:00:00 bytes=840399
2025-03-14,12,21,pressure_msl_lead_minus3_hpa,"EGLC,LFPG",OK,short_name=prmsl units=Pa valid=2025-03-15T09:00:00 bytes=1000438
2025-02-11,12,24,pressure_msl_hpa,"EGLC,LFPG",OK,short_name=prmsl units=Pa valid=2025-02-12T12:00:00 bytes=1012244
2025-02-11,12,24,pressure_surface_hpa,"EGLC,LFPG",OK,short_name=sp units=Pa valid=2025-02-12T12:00:00 bytes=844546
2025-02-11,12,21,pressure_msl_lead_minus3_hpa,"EGLC,LFPG",OK,short_name=prmsl units=Pa valid=2025-02-12T09:00:00 bytes=1004307
2025-03-10,12,24,pressure_msl_hpa,"EGLC,LFPG",OK,short_name=prmsl units=Pa valid=2025-03-11T12:00:00 bytes=1001579
2025-03-10,12,24,pressure_surface_hpa,"EGLC,LFPG",OK,short_name=sp units=Pa valid=2025-03-11T12:00:00 bytes=838582
2025-03-10,12,21,pressure_msl_lead_minus3_hpa,"EGLC,LFPG",OK,short_name=prmsl units=Pa valid=2025-03-11T09:00:00 bytes=997541
2025-02-08,12,24,pressure_msl_hpa,"EGLC,LFPG",OK,short_name=prmsl units=Pa valid=2025-02-09T12:00:00 bytes=1007737
2025-02-08,12,24,pressure_surface_hpa,"EGLC,LFPG",OK,short_name=sp units=Pa valid=2025-02-09T12:00:00 bytes=843481
2025-02-08,12,21,pressure_msl_lead_minus3_hpa,"EGLC,LFPG",OK,short_name=prmsl units=Pa valid=2025-02-09T09:00:00 bytes=1000802
2025-02-12,12,24,pressure_msl_hpa,"EGLC,LFPG",OK,short_name=prmsl units=Pa valid=2025-02-13T12:00:00 bytes=1017492
2025-02-12,12,24,pressure_surface_hpa,"EGLC,LFPG",OK,short_name=sp units=Pa valid=2025-02-13T12:00:00 bytes=848761
2025-02-12,12,21,pressure_msl_lead_minus3_hpa,"EGLC,LFPG",OK,short_name=prmsl units=Pa valid=2025-02-13T09:00:00 bytes=1012466
2025-02-10,12,24,pressure_msl_hpa,"EGLC,LFPG",OK,short_name=prmsl units=Pa valid=2025-02-11T12:00:00 bytes=1010335
2025-02-10,12,24,pressure_surface_hpa,"EGLC,LFPG",OK,short_name=sp units=Pa valid=2025-02-11T12:00:00 bytes=842629
2025-02-10,12,21,pressure_msl_lead_minus3_hpa,"EGLC,LFPG",OK,short_name=prmsl units=Pa valid=2025-02-11T09:00:00 bytes=1001855
2025-03-11,12,24,pressure_msl_hpa,"EGLC,LFPG",OK,short_name=prmsl units=Pa valid=2025-03-12T12:00:00 bytes=1002635
2025-03-11,12,24,pressure_surface_hpa,"EGLC,LFPG",OK,short_name=sp units=Pa valid=2025-03-12T12:00:00 bytes=837608
2025-03-11,12,21,pressure_msl_lead_minus3_hpa,"EGLC,LFPG",OK,short_name=prmsl units=Pa valid=2025-03-12T09:00:00 bytes=998518
2025-03-27,12,24,pressure_msl_hpa,"EGLC,LFPG",OK,short_name=prmsl units=Pa valid=2025-03-28T12:00:00 bytes=1000749
2025-03-27,12,24,pressure_surface_hpa,"EGLC,LFPG",OK,short_name=sp units=Pa valid=2025-03-28T12:00:00 bytes=839701
2025-03-27,12,21,pressure_msl_lead_minus3_hpa,"EGLC,LFPG",OK,short_name=prmsl units=Pa valid=2025-03-28T09:00:00 bytes=997318
2025-03-08,12,24,pressure_msl_hpa,"EGLC,LFPG",OK,short_name=prmsl units=Pa valid=2025-03-09T12:00:00 bytes=1003433
2025-03-08,12,24,pressure_surface_hpa,"EGLC,LFPG",OK,short_name=sp units=Pa valid=2025-03-09T12:00:00 bytes=838161
2025-03-08,12,21,pressure_msl_lead_minus3_hpa,"EGLC,LFPG",OK,short_name=prmsl units=Pa valid=2025-03-09T09:00:00 bytes=998645
2025-03-22,12,24,pressure_msl_hpa,"EGLC,LFPG",OK,short_name=prmsl units=Pa valid=2025-03-23T12:00:00 bytes=1045746
2025-03-22,12,24,pressure_surface_hpa,"EGLC,LFPG",OK,short_name=sp units=Pa valid=2025-03-23T12:00:00 bytes=838396
2025-03-22,12,21,pressure_msl_lead_minus3_hpa,"EGLC,LFPG",OK,short_name=prmsl units=Pa valid=2025-03-23T09:00:00 bytes=1038830
2025-03-07,12,24,pressure_msl_hpa,"EGLC,LFPG",OK,short_name=prmsl units=Pa valid=2025-03-08T12:00:00 bytes=1046232
2025-03-07,12,24,pressure_surface_hpa,"EGLC,LFPG",OK,short_name=sp units=Pa valid=2025-03-08T12:00:00 bytes=837838
2025-03-07,12,21,pressure_msl_lead_minus3_hpa,"EGLC,LFPG",OK,short_name=prmsl units=Pa valid=2025-03-08T09:00:00 bytes=1038834
2025-03-28,12,24,pressure_msl_hpa,"EGLC,LFPG",OK,short_name=prmsl units=Pa valid=2025-03-29T12:00:00 bytes=1005586
2025-03-28,12,24,pressure_surface_hpa,"EGLC,LFPG",OK,short_name=sp units=Pa valid=2025-03-29T12:00:00 bytes=842019
2025-03-28,12,21,pressure_msl_lead_minus3_hpa,"EGLC,LFPG",OK,short_name=prmsl units=Pa valid=2025-03-29T09:00:00 bytes=1001505
2025-03-04,12,24,pressure_msl_hpa,"EGLC,LFPG",OK,short_name=prmsl units=Pa valid=2025-03-05T12:00:00 bytes=1006366
2025-03-04,12,24,pressure_surface_hpa,"EGLC,LFPG",OK,short_name=sp units=Pa valid=2025-03-05T12:00:00 bytes=838989
2025-03-04,12,21,pressure_msl_lead_minus3_hpa,"EGLC,LFPG",OK,short_name=prmsl units=Pa valid=2025-03-05T09:00:00 bytes=1003563
2025-04-01,12,24,pressure_msl_hpa,"EGLC,LFPG",OK,short_name=prmsl units=Pa valid=2025-04-02T12:00:00 bytes=1005886
2025-04-01,12,24,pressure_surface_hpa,"EGLC,LFPG",OK,short_name=sp units=Pa valid=2025-04-02T12:00:00 bytes=843182
2025-04-01,12,21,pressure_msl_lead_minus3_hpa,"EGLC,LFPG",OK,short_name=prmsl units=Pa valid=2025-04-02T09:00:00 bytes=1002594
2025-03-03,12,24,pressure_msl_hpa,"EGLC,LFPG",OK,short_name=prmsl units=Pa valid=2025-03-04T12:00:00 bytes=1049980
2025-03-03,12,24,pressure_surface_hpa,"EGLC,LFPG",OK,short_name=sp units=Pa valid=2025-03-04T12:00:00 bytes=841623
2025-03-03,12,21,pressure_msl_lead_minus3_hpa,"EGLC,LFPG",OK,short_name=prmsl units=Pa valid=2025-03-04T09:00:00 bytes=1041841
2025-03-16,12,24,pressure_msl_hpa,"EGLC,LFPG",OK,short_name=prmsl units=Pa valid=2025-03-17T12:00:00 bytes=1049225
2025-03-16,12,24,pressure_surface_hpa,"EGLC,LFPG",OK,short_name=sp units=Pa valid=2025-03-17T12:00:00 bytes=840849
2025-03-16,12,21,pressure_msl_lead_minus3_hpa,"EGLC,LFPG",OK,short_name=prmsl units=Pa valid=2025-03-17T09:00:00 bytes=1041788
2025-04-20,12,24,pressure_msl_hpa,"EGLC,LFPG",OK,short_name=prmsl units=Pa valid=2025-04-21T12:00:00 bytes=1003864
2025-04-20,12,24,pressure_surface_hpa,"EGLC,LFPG",OK,short_name=sp units=Pa valid=2025-04-21T12:00:00 bytes=836957
2025-04-20,12,21,pressure_msl_lead_minus3_hpa,"EGLC,LFPG",OK,short_name=prmsl units=Pa valid=2025-04-21T09:00:00 bytes=1001214
2025-04-13,12,24,pressure_msl_hpa,"EGLC,LFPG",OK,short_name=prmsl units=Pa valid=2025-04-14T12:00:00 bytes=1006309
2025-04-13,12,24,pressure_surface_hpa,"EGLC,LFPG",OK,short_name=sp units=Pa valid=2025-04-14T12:00:00 bytes=843065
2025-04-13,12,21,pressure_msl_lead_minus3_hpa,"EGLC,LFPG",OK,short_name=prmsl units=Pa valid=2025-04-14T09:00:00 bytes=1041901
2025-04-18,12,24,pressure_msl_hpa,"EGLC,LFPG",OK,short_name=prmsl units=Pa valid=2025-04-19T12:00:00 bytes=1002489
2025-04-18,12,24,pressure_surface_hpa,"EGLC,LFPG",OK,short_name=sp units=Pa valid=2025-04-19T12:00:00 bytes=838401
2025-04-18,12,21,pressure_msl_lead_minus3_hpa,"EGLC,LFPG",OK,short_name=prmsl units=Pa valid=2025-04-19T09:00:00 bytes=1000061
2025-03-24,12,24,pressure_msl_hpa,"EGLC,LFPG",OK,short_name=prmsl units=Pa valid=2025-03-25T12:00:00 bytes=1003455
2025-03-24,12,24,pressure_surface_hpa,"EGLC,LFPG",OK,short_name=sp units=Pa valid=2025-03-25T12:00:00 bytes=840591
2025-03-24,12,21,pressure_msl_lead_minus3_hpa,"EGLC,LFPG",OK,short_name=prmsl units=Pa valid=2025-03-25T09:00:00 bytes=999822
2025-04-08,12,24,pressure_msl_hpa,"EGLC,LFPG",OK,short_name=prmsl units=Pa valid=2025-04-09T12:00:00 bytes=1001577
2025-04-08,12,24,pressure_surface_hpa,"EGLC,LFPG",OK,short_name=sp units=Pa valid=2025-04-09T12:00:00 bytes=834087
2025-04-08,12,21,pressure_msl_lead_minus3_hpa,"EGLC,LFPG",OK,short_name=prmsl units=Pa valid=2025-04-09T09:00:00 bytes=993792
2025-03-26,12,24,pressure_msl_hpa,"EGLC,LFPG",OK,short_name=prmsl units=Pa valid=2025-03-27T12:00:00 bytes=1039932
2025-03-26,12,24,pressure_surface_hpa,"EGLC,LFPG",OK,short_name=sp units=Pa valid=2025-03-27T12:00:00 bytes=837722
2025-03-26,12,21,pressure_msl_lead_minus3_hpa,"EGLC,LFPG",OK,short_name=prmsl units=Pa valid=2025-03-27T09:00:00 bytes=1037842
2025-04-16,12,24,pressure_msl_hpa,"EGLC,LFPG",OK,short_name=prmsl units=Pa valid=2025-04-17T12:00:00 bytes=882713
2025-04-16,12,24,pressure_surface_hpa,"EGLC,LFPG",OK,short_name=sp units=Pa valid=2025-04-17T12:00:00 bytes=839800
2025-04-16,12,21,pressure_msl_lead_minus3_hpa,"EGLC,LFPG",OK,short_name=prmsl units=Pa valid=2025-04-17T09:00:00 bytes=880942
2025-04-19,12,24,pressure_msl_hpa,"EGLC,LFPG",OK,short_name=prmsl units=Pa valid=2025-04-20T12:00:00 bytes=878080
2025-04-19,12,24,pressure_surface_hpa,"EGLC,LFPG",OK,short_name=sp units=Pa valid=2025-04-20T12:00:00 bytes=836479
2025-04-19,12,21,pressure_msl_lead_minus3_hpa,"EGLC,LFPG",OK,short_name=prmsl units=Pa valid=2025-04-20T09:00:00 bytes=999400
2025-03-31,12,24,pressure_msl_hpa,"EGLC,LFPG",OK,short_name=prmsl units=Pa valid=2025-04-01T12:00:00 bytes=1052812
2025-03-31,12,24,pressure_surface_hpa,"EGLC,LFPG",OK,short_name=sp units=Pa valid=2025-04-01T12:00:00 bytes=842344
2025-03-31,12,21,pressure_msl_lead_minus3_hpa,"EGLC,LFPG",OK,short_name=prmsl units=Pa valid=2025-04-01T09:00:00 bytes=1008324
2025-04-04,12,24,pressure_msl_hpa,"EGLC,LFPG",OK,short_name=prmsl units=Pa valid=2025-04-05T12:00:00 bytes=1008325
2025-04-04,12,24,pressure_surface_hpa,"EGLC,LFPG",OK,short_name=sp units=Pa valid=2025-04-05T12:00:00 bytes=841032
2025-04-04,12,21,pressure_msl_lead_minus3_hpa,"EGLC,LFPG",OK,short_name=prmsl units=Pa valid=2025-04-05T09:00:00 bytes=1006399
2025-03-19,12,24,pressure_msl_hpa,"EGLC,LFPG",OK,short_name=prmsl units=Pa valid=2025-03-20T12:00:00 bytes=1005244
2025-03-19,12,24,pressure_surface_hpa,"EGLC,LFPG",OK,short_name=sp units=Pa valid=2025-03-20T12:00:00 bytes=838902
2025-03-19,12,21,pressure_msl_lead_minus3_hpa,"EGLC,LFPG",OK,short_name=prmsl units=Pa valid=2025-03-20T09:00:00 bytes=1001202
2025-03-09,12,24,pressure_msl_hpa,"EGLC,LFPG",OK,short_name=prmsl units=Pa valid=2025-03-10T12:00:00 bytes=1002203
2025-03-09,12,24,pressure_surface_hpa,"EGLC,LFPG",OK,short_name=sp units=Pa valid=2025-03-10T12:00:00 bytes=838875
2025-03-09,12,21,pressure_msl_lead_minus3_hpa,"EGLC,LFPG",OK,short_name=prmsl units=Pa valid=2025-03-10T09:00:00 bytes=1037825
2025-03-18,12,24,pressure_msl_hpa,"EGLC,LFPG",OK,short_name=prmsl units=Pa valid=2025-03-19T12:00:00 bytes=1010058
2025-03-18,12,24,pressure_surface_hpa,"EGLC,LFPG",OK,short_name=sp units=Pa valid=2025-03-19T12:00:00 bytes=840052
2025-03-18,12,21,pressure_msl_lead_minus3_hpa,"EGLC,LFPG",OK,short_name=prmsl units=Pa valid=2025-03-19T09:00:00 bytes=1002337
2025-04-02,12,24,pressure_msl_hpa,"EGLC,LFPG",OK,short_name=prmsl units=Pa valid=2025-04-03T12:00:00 bytes=1010837
2025-04-02,12,24,pressure_surface_hpa,"EGLC,LFPG",OK,short_name=sp units=Pa valid=2025-04-03T12:00:00 bytes=843225
2025-04-02,12,21,pressure_msl_lead_minus3_hpa,"EGLC,LFPG",OK,short_name=prmsl units=Pa valid=2025-04-03T09:00:00 bytes=1006591
2025-04-28,12,24,pressure_msl_hpa,"EGLC,LFPG",OK,short_name=prmsl units=Pa valid=2025-04-29T12:00:00 bytes=875666
2025-04-28,12,24,pressure_surface_hpa,"EGLC,LFPG",OK,short_name=sp units=Pa valid=2025-04-29T12:00:00 bytes=839086
2025-04-28,12,21,pressure_msl_lead_minus3_hpa,"EGLC,LFPG",OK,short_name=prmsl units=Pa valid=2025-04-29T09:00:00 bytes=871715
2025-04-22,12,24,pressure_msl_hpa,"EGLC,LFPG",OK,short_name=prmsl units=Pa valid=2025-04-23T12:00:00 bytes=1004947
2025-04-22,12,24,pressure_surface_hpa,"EGLC,LFPG",OK,short_name=sp units=Pa valid=2025-04-23T12:00:00 bytes=843093
2025-04-22,12,21,pressure_msl_lead_minus3_hpa,"EGLC,LFPG",OK,short_name=prmsl units=Pa valid=2025-04-23T09:00:00 bytes=1000581
2025-03-06,12,24,pressure_msl_hpa,"EGLC,LFPG",OK,short_name=prmsl units=Pa valid=2025-03-07T12:00:00 bytes=1043162
2025-03-06,12,24,pressure_surface_hpa,"EGLC,LFPG",OK,short_name=sp units=Pa valid=2025-03-07T12:00:00 bytes=837941
2025-03-06,12,21,pressure_msl_lead_minus3_hpa,"EGLC,LFPG",OK,short_name=prmsl units=Pa valid=2025-03-07T09:00:00 bytes=1038517
2025-03-25,12,24,pressure_msl_hpa,"EGLC,LFPG",OK,short_name=prmsl units=Pa valid=2025-03-26T12:00:00 bytes=1000336
2025-03-25,12,24,pressure_surface_hpa,"EGLC,LFPG",OK,short_name=sp units=Pa valid=2025-03-26T12:00:00 bytes=838040
2025-03-25,12,21,pressure_msl_lead_minus3_hpa,"EGLC,LFPG",OK,short_name=prmsl units=Pa valid=2025-03-26T09:00:00 bytes=1035644
2025-04-12,12,24,pressure_msl_hpa,"EGLC,LFPG",OK,short_name=prmsl units=Pa valid=2025-04-13T12:00:00 bytes=1050455
2025-04-12,12,24,pressure_surface_hpa,"EGLC,LFPG",OK,short_name=sp units=Pa valid=2025-04-13T12:00:00 bytes=842080
2025-04-12,12,21,pressure_msl_lead_minus3_hpa,"EGLC,LFPG",OK,short_name=prmsl units=Pa valid=2025-04-13T09:00:00 bytes=1043516
2025-04-14,12,24,pressure_msl_hpa,"EGLC,LFPG",OK,short_name=prmsl units=Pa valid=2025-04-15T12:00:00 bytes=1006255
2025-04-14,12,24,pressure_surface_hpa,"EGLC,LFPG",OK,short_name=sp units=Pa valid=2025-04-15T12:00:00 bytes=842095
2025-04-14,12,21,pressure_msl_lead_minus3_hpa,"EGLC,LFPG",OK,short_name=prmsl units=Pa valid=2025-04-15T09:00:00 bytes=1004212
2025-03-20,12,24,pressure_msl_hpa,"EGLC,LFPG",OK,short_name=prmsl units=Pa valid=2025-03-21T12:00:00 bytes=1008484
2025-03-20,12,24,pressure_surface_hpa,"EGLC,LFPG",OK,short_name=sp units=Pa valid=2025-03-21T12:00:00 bytes=840657
2025-03-20,12,21,pressure_msl_lead_minus3_hpa,"EGLC,LFPG",OK,short_name=prmsl units=Pa valid=2025-03-21T09:00:00 bytes=1000831
2025-04-06,12,24,pressure_msl_hpa,"EGLC,LFPG",OK,short_name=prmsl units=Pa valid=2025-04-07T12:00:00 bytes=881780
2025-04-06,12,24,pressure_surface_hpa,"EGLC,LFPG",OK,short_name=sp units=Pa valid=2025-04-07T12:00:00 bytes=836781
2025-04-06,12,21,pressure_msl_lead_minus3_hpa,"EGLC,LFPG",OK,short_name=prmsl units=Pa valid=2025-04-07T09:00:00 bytes=1000512
2025-03-29,12,24,pressure_msl_hpa,"EGLC,LFPG",OK,short_name=prmsl units=Pa valid=2025-03-30T12:00:00 bytes=883184
2025-03-29,12,24,pressure_surface_hpa,"EGLC,LFPG",OK,short_name=sp units=Pa valid=2025-03-30T12:00:00 bytes=841724
2025-03-29,12,21,pressure_msl_lead_minus3_hpa,"EGLC,LFPG",OK,short_name=prmsl units=Pa valid=2025-03-30T09:00:00 bytes=877454
2025-04-26,12,24,pressure_msl_hpa,"EGLC,LFPG",OK,short_name=prmsl units=Pa valid=2025-04-27T12:00:00 bytes=877425
2025-04-26,12,24,pressure_surface_hpa,"EGLC,LFPG",OK,short_name=sp units=Pa valid=2025-04-27T12:00:00 bytes=836907
2025-04-26,12,21,pressure_msl_lead_minus3_hpa,"EGLC,LFPG",OK,short_name=prmsl units=Pa valid=2025-04-27T09:00:00 bytes=874168
2025-04-27,12,24,pressure_msl_hpa,"EGLC,LFPG",OK,short_name=prmsl units=Pa valid=2025-04-28T12:00:00 bytes=876277
2025-04-27,12,24,pressure_surface_hpa,"EGLC,LFPG",OK,short_name=sp units=Pa valid=2025-04-28T12:00:00 bytes=837626
2025-04-27,12,21,pressure_msl_lead_minus3_hpa,"EGLC,LFPG",OK,short_name=prmsl units=Pa valid=2025-04-28T09:00:00 bytes=874384
2025-03-23,12,24,pressure_msl_hpa,"EGLC,LFPG",OK,short_name=prmsl units=Pa valid=2025-03-24T12:00:00 bytes=1046536
2025-03-23,12,24,pressure_surface_hpa,"EGLC,LFPG",OK,short_name=sp units=Pa valid=2025-03-24T12:00:00 bytes=839624
2025-03-23,12,21,pressure_msl_lead_minus3_hpa,"EGLC,LFPG",OK,short_name=prmsl units=Pa valid=2025-03-24T09:00:00 bytes=1038266
2025-04-10,12,24,pressure_msl_hpa,"EGLC,LFPG",OK,short_name=prmsl units=Pa valid=2025-04-11T12:00:00 bytes=1006507
2025-04-10,12,24,pressure_surface_hpa,"EGLC,LFPG",OK,short_name=sp units=Pa valid=2025-04-11T12:00:00 bytes=835065
2025-04-10,12,21,pressure_msl_lead_minus3_hpa,"EGLC,LFPG",OK,short_name=prmsl units=Pa valid=2025-04-11T09:00:00 bytes=1000105
2025-04-09,12,24,pressure_msl_hpa,"EGLC,LFPG",OK,short_name=prmsl units=Pa valid=2025-04-10T12:00:00 bytes=1002925
2025-04-09,12,24,pressure_surface_hpa,"EGLC,LFPG",OK,short_name=sp units=Pa valid=2025-04-10T12:00:00 bytes=838078
2025-04-09,12,21,pressure_msl_lead_minus3_hpa,"EGLC,LFPG",OK,short_name=prmsl units=Pa valid=2025-04-10T09:00:00 bytes=1000620
2025-05-01,12,24,pressure_msl_hpa,"EGLC,LFPG",OK,short_name=prmsl units=Pa valid=2025-05-02T12:00:00 bytes=1007028
2025-05-01,12,24,pressure_surface_hpa,"EGLC,LFPG",OK,short_name=sp units=Pa valid=2025-05-02T12:00:00 bytes=842132
2025-05-01,12,21,pressure_msl_lead_minus3_hpa,"EGLC,LFPG",OK,short_name=prmsl units=Pa valid=2025-05-02T09:00:00 bytes=1003769
2025-04-17,12,24,pressure_msl_hpa,"EGLC,LFPG",OK,short_name=prmsl units=Pa valid=2025-04-18T12:00:00 bytes=1002186
2025-04-17,12,24,pressure_surface_hpa,"EGLC,LFPG",OK,short_name=sp units=Pa valid=2025-04-18T12:00:00 bytes=837479
2025-04-17,12,21,pressure_msl_lead_minus3_hpa,"EGLC,LFPG",OK,short_name=prmsl units=Pa valid=2025-04-18T09:00:00 bytes=1000022
2025-04-25,12,24,pressure_msl_hpa,"EGLC,LFPG",OK,short_name=prmsl units=Pa valid=2025-04-26T12:00:00 bytes=996032
2025-04-25,12,24,pressure_surface_hpa,"EGLC,LFPG",OK,short_name=sp units=Pa valid=2025-04-26T12:00:00 bytes=833189
2025-04-25,12,21,pressure_msl_lead_minus3_hpa,"EGLC,LFPG",OK,short_name=prmsl units=Pa valid=2025-04-26T09:00:00 bytes=992212
2025-05-04,12,24,pressure_msl_hpa,"EGLC,LFPG",OK,short_name=prmsl units=Pa valid=2025-05-05T12:00:00 bytes=999911
2025-05-04,12,24,pressure_surface_hpa,"EGLC,LFPG",OK,short_name=sp units=Pa valid=2025-05-05T12:00:00 bytes=838031
2025-05-04,12,21,pressure_msl_lead_minus3_hpa,"EGLC,LFPG",OK,short_name=prmsl units=Pa valid=2025-05-05T09:00:00 bytes=998594
2025-05-16,12,24,pressure_msl_hpa,"EGLC,LFPG",OK,short_name=prmsl units=Pa valid=2025-05-17T12:00:00 bytes=881595
2025-05-16,12,24,pressure_surface_hpa,"EGLC,LFPG",OK,short_name=sp units=Pa valid=2025-05-17T12:00:00 bytes=839637
2025-05-16,12,21,pressure_msl_lead_minus3_hpa,"EGLC,LFPG",OK,short_name=prmsl units=Pa valid=2025-05-17T09:00:00 bytes=879677
2025-03-21,12,24,pressure_msl_hpa,"EGLC,LFPG",OK,short_name=prmsl units=Pa valid=2025-03-22T12:00:00 bytes=1006162
2025-03-21,12,24,pressure_surface_hpa,"EGLC,LFPG",OK,short_name=sp units=Pa valid=2025-03-22T12:00:00 bytes=837452
2025-03-21,12,21,pressure_msl_lead_minus3_hpa,"EGLC,LFPG",OK,short_name=prmsl units=Pa valid=2025-03-22T09:00:00 bytes=1037902
2025-05-15,12,24,pressure_msl_hpa,"EGLC,LFPG",OK,short_name=prmsl units=Pa valid=2025-05-16T12:00:00 bytes=881228
2025-05-15,12,24,pressure_surface_hpa,"EGLC,LFPG",OK,short_name=sp units=Pa valid=2025-05-16T12:00:00 bytes=838492
2025-05-15,12,21,pressure_msl_lead_minus3_hpa,"EGLC,LFPG",OK,short_name=prmsl units=Pa valid=2025-05-16T09:00:00 bytes=879369
2025-05-05,12,24,pressure_msl_hpa,"EGLC,LFPG",OK,short_name=prmsl units=Pa valid=2025-05-06T12:00:00 bytes=880537
2025-05-05,12,24,pressure_surface_hpa,"EGLC,LFPG",OK,short_name=sp units=Pa valid=2025-05-06T12:00:00 bytes=838626
2025-05-05,12,21,pressure_msl_lead_minus3_hpa,"EGLC,LFPG",OK,short_name=prmsl units=Pa valid=2025-05-06T09:00:00 bytes=878609
2025-05-09,12,24,pressure_msl_hpa,"EGLC,LFPG",OK,short_name=prmsl units=Pa valid=2025-05-10T12:00:00 bytes=1006073
2025-05-09,12,24,pressure_surface_hpa,"EGLC,LFPG",OK,short_name=sp units=Pa valid=2025-05-10T12:00:00 bytes=842613
2025-05-09,12,21,pressure_msl_lead_minus3_hpa,"EGLC,LFPG",OK,short_name=prmsl units=Pa valid=2025-05-10T09:00:00 bytes=1005471
2025-05-11,12,24,pressure_msl_hpa,"EGLC,LFPG",OK,short_name=prmsl units=Pa valid=2025-05-12T12:00:00 bytes=1004076
2025-05-11,12,24,pressure_surface_hpa,"EGLC,LFPG",OK,short_name=sp units=Pa valid=2025-05-12T12:00:00 bytes=840643
2025-05-11,12,21,pressure_msl_lead_minus3_hpa,"EGLC,LFPG",OK,short_name=prmsl units=Pa valid=2025-05-12T09:00:00 bytes=1003099
2025-05-02,12,24,pressure_msl_hpa,"EGLC,LFPG",OK,short_name=prmsl units=Pa valid=2025-05-03T12:00:00 bytes=1013239
2025-05-02,12,24,pressure_surface_hpa,"EGLC,LFPG",OK,short_name=sp units=Pa valid=2025-05-03T12:00:00 bytes=843315
2025-05-02,12,21,pressure_msl_lead_minus3_hpa,"EGLC,LFPG",OK,short_name=prmsl units=Pa valid=2025-05-03T09:00:00 bytes=882628
2025-04-03,12,24,pressure_msl_hpa,"EGLC,LFPG",OK,short_name=prmsl units=Pa valid=2025-04-04T12:00:00 bytes=1007937
2025-04-03,12,24,pressure_surface_hpa,"EGLC,LFPG",OK,short_name=sp units=Pa valid=2025-04-04T12:00:00 bytes=841329
2025-04-03,12,21,pressure_msl_lead_minus3_hpa,"EGLC,LFPG",OK,short_name=prmsl units=Pa valid=2025-04-04T09:00:00 bytes=1003784
2025-04-07,12,24,pressure_msl_hpa,"EGLC,LFPG",OK,short_name=prmsl units=Pa valid=2025-04-08T12:00:00 bytes=996472
2025-04-07,12,24,pressure_surface_hpa,"EGLC,LFPG",OK,short_name=sp units=Pa valid=2025-04-08T12:00:00 bytes=833201
2025-04-07,12,21,pressure_msl_lead_minus3_hpa,"EGLC,LFPG",OK,short_name=prmsl units=Pa valid=2025-04-08T09:00:00 bytes=991715
2025-04-05,12,24,pressure_msl_hpa,"EGLC,LFPG",OK,short_name=prmsl units=Pa valid=2025-04-06T12:00:00 bytes=1011319
2025-04-05,12,24,pressure_surface_hpa,"EGLC,LFPG",OK,short_name=sp units=Pa valid=2025-04-06T12:00:00 bytes=839609
2025-04-05,12,21,pressure_msl_lead_minus3_hpa,"EGLC,LFPG",OK,short_name=prmsl units=Pa valid=2025-04-06T09:00:00 bytes=1004609
2025-04-15,12,24,pressure_msl_hpa,"EGLC,LFPG",OK,short_name=prmsl units=Pa valid=2025-04-16T12:00:00 bytes=1011203
2025-04-15,12,24,pressure_surface_hpa,"EGLC,LFPG",OK,short_name=sp units=Pa valid=2025-04-16T12:00:00 bytes=842824
2025-04-15,12,21,pressure_msl_lead_minus3_hpa,"EGLC,LFPG",OK,short_name=prmsl units=Pa valid=2025-04-16T09:00:00 bytes=1004749
2025-04-30,12,24,pressure_msl_hpa,"EGLC,LFPG",OK,short_name=prmsl units=Pa valid=2025-05-01T12:00:00 bytes=1005621
2025-04-30,12,24,pressure_surface_hpa,"EGLC,LFPG",OK,short_name=sp units=Pa valid=2025-05-01T12:00:00 bytes=840535
2025-04-30,12,21,pressure_msl_lead_minus3_hpa,"EGLC,LFPG",OK,short_name=prmsl units=Pa valid=2025-05-01T09:00:00 bytes=1001860
2025-04-24,12,24,pressure_msl_hpa,"EGLC,LFPG",OK,short_name=prmsl units=Pa valid=2025-04-25T12:00:00 bytes=875292
2025-04-24,12,24,pressure_surface_hpa,"EGLC,LFPG",OK,short_name=sp units=Pa valid=2025-04-25T12:00:00 bytes=835659
2025-04-24,12,21,pressure_msl_lead_minus3_hpa,"EGLC,LFPG",OK,short_name=prmsl units=Pa valid=2025-04-25T09:00:00 bytes=872910
2025-05-06,12,24,pressure_msl_hpa,"EGLC,LFPG",OK,short_name=prmsl units=Pa valid=2025-05-07T12:00:00 bytes=1004528
2025-05-06,12,24,pressure_surface_hpa,"EGLC,LFPG",OK,short_name=sp units=Pa valid=2025-05-07T12:00:00 bytes=840144
2025-05-06,12,21,pressure_msl_lead_minus3_hpa,"EGLC,LFPG",OK,short_name=prmsl units=Pa valid=2025-05-07T09:00:00 bytes=1003004
2025-04-23,12,24,pressure_msl_hpa,"EGLC,LFPG",OK,short_name=prmsl units=Pa valid=2025-04-24T12:00:00 bytes=875832
2025-04-23,12,24,pressure_surface_hpa,"EGLC,LFPG",OK,short_name=sp units=Pa valid=2025-04-24T12:00:00 bytes=837789
2025-04-23,12,21,pressure_msl_lead_minus3_hpa,"EGLC,LFPG",OK,short_name=prmsl units=Pa valid=2025-04-24T09:00:00 bytes=874811
2025-04-29,12,24,pressure_msl_hpa,"EGLC,LFPG",OK,short_name=prmsl units=Pa valid=2025-04-30T12:00:00 bytes=999327
2025-04-29,12,24,pressure_surface_hpa,"EGLC,LFPG",OK,short_name=sp units=Pa valid=2025-04-30T12:00:00 bytes=839944
2025-04-29,12,21,pressure_msl_lead_minus3_hpa,"EGLC,LFPG",OK,short_name=prmsl units=Pa valid=2025-04-30T09:00:00 bytes=996051
2025-04-21,12,24,pressure_msl_hpa,"EGLC,LFPG",OK,short_name=prmsl units=Pa valid=2025-04-22T12:00:00 bytes=879997
2025-04-21,12,24,pressure_surface_hpa,"EGLC,LFPG",OK,short_name=sp units=Pa valid=2025-04-22T12:00:00 bytes=840131
2025-04-21,12,21,pressure_msl_lead_minus3_hpa,"EGLC,LFPG",OK,short_name=prmsl units=Pa valid=2025-04-22T09:00:00 bytes=877417
2025-03-30,12,24,pressure_msl_hpa,"EGLC,LFPG",OK,short_name=prmsl units=Pa valid=2025-03-31T12:00:00 bytes=1015868
2025-03-30,12,24,pressure_surface_hpa,"EGLC,LFPG",OK,short_name=sp units=Pa valid=2025-03-31T12:00:00 bytes=843302
2025-03-30,12,21,pressure_msl_lead_minus3_hpa,"EGLC,LFPG",OK,short_name=prmsl units=Pa valid=2025-03-31T09:00:00 bytes=1006729
2025-03-17,12,24,pressure_msl_hpa,"EGLC,LFPG",OK,short_name=prmsl units=Pa valid=2025-03-18T12:00:00 bytes=1047215
2025-03-17,12,24,pressure_surface_hpa,"EGLC,LFPG",OK,short_name=sp units=Pa valid=2025-03-18T12:00:00 bytes=839118
2025-03-17,12,21,pressure_msl_lead_minus3_hpa,"EGLC,LFPG",OK,short_name=prmsl units=Pa valid=2025-03-18T09:00:00 bytes=1040022
2025-05-14,12,24,pressure_msl_hpa,"EGLC,LFPG",OK,short_name=prmsl units=Pa valid=2025-05-15T12:00:00 bytes=1003624
2025-05-14,12,24,pressure_surface_hpa,"EGLC,LFPG",OK,short_name=sp units=Pa valid=2025-05-15T12:00:00 bytes=836583
2025-05-14,12,21,pressure_msl_lead_minus3_hpa,"EGLC,LFPG",OK,short_name=prmsl units=Pa valid=2025-05-15T09:00:00 bytes=1003468
2025-05-03,12,24,pressure_msl_hpa,"EGLC,LFPG",OK,short_name=prmsl units=Pa valid=2025-05-04T12:00:00 bytes=1003662
2025-05-03,12,24,pressure_surface_hpa,"EGLC,LFPG",OK,short_name=sp units=Pa valid=2025-05-04T12:00:00 bytes=842291
2025-05-03,12,21,pressure_msl_lead_minus3_hpa,"EGLC,LFPG",OK,short_name=prmsl units=Pa valid=2025-05-04T09:00:00 bytes=1001846
2025-05-08,12,24,pressure_msl_hpa,"EGLC,LFPG",OK,short_name=prmsl units=Pa valid=2025-05-09T12:00:00 bytes=1007121
2025-05-08,12,24,pressure_surface_hpa,"EGLC,LFPG",OK,short_name=sp units=Pa valid=2025-05-09T12:00:00 bytes=845482
2025-05-08,12,21,pressure_msl_lead_minus3_hpa,"EGLC,LFPG",OK,short_name=prmsl units=Pa valid=2025-05-09T09:00:00 bytes=1003997
2025-05-30,12,24,pressure_msl_hpa,"EGLC,LFPG",OK,short_name=prmsl units=Pa valid=2025-05-31T12:00:00 bytes=880882
2025-05-30,12,24,pressure_surface_hpa,"EGLC,LFPG",OK,short_name=sp units=Pa valid=2025-05-31T12:00:00 bytes=840111
2025-05-30,12,21,pressure_msl_lead_minus3_hpa,"EGLC,LFPG",OK,short_name=prmsl units=Pa valid=2025-05-31T09:00:00 bytes=880380
2025-05-18,12,24,pressure_msl_hpa,"EGLC,LFPG",OK,short_name=prmsl units=Pa valid=2025-05-19T12:00:00 bytes=886136
2025-05-18,12,24,pressure_surface_hpa,"EGLC,LFPG",OK,short_name=sp units=Pa valid=2025-05-19T12:00:00 bytes=842353
2025-05-18,12,21,pressure_msl_lead_minus3_hpa,"EGLC,LFPG",OK,short_name=prmsl units=Pa valid=2025-05-19T09:00:00 bytes=884207
2025-04-11,12,24,pressure_msl_hpa,"EGLC,LFPG",OK,short_name=prmsl units=Pa valid=2025-04-12T12:00:00 bytes=1004274
2025-04-11,12,24,pressure_surface_hpa,"EGLC,LFPG",OK,short_name=sp units=Pa valid=2025-04-12T12:00:00 bytes=839009
2025-04-11,12,21,pressure_msl_lead_minus3_hpa,"EGLC,LFPG",OK,short_name=prmsl units=Pa valid=2025-04-12T09:00:00 bytes=1002764
2025-05-31,12,24,pressure_msl_hpa,"EGLC,LFPG",OK,short_name=prmsl units=Pa valid=2025-06-01T12:00:00 bytes=874239
2025-05-31,12,24,pressure_surface_hpa,"EGLC,LFPG",OK,short_name=sp units=Pa valid=2025-06-01T12:00:00 bytes=833524
2025-05-31,12,21,pressure_msl_lead_minus3_hpa,"EGLC,LFPG",OK,short_name=prmsl units=Pa valid=2025-06-01T09:00:00 bytes=872191
2025-05-17,12,24,pressure_msl_hpa,"EGLC,LFPG",OK,short_name=prmsl units=Pa valid=2025-05-18T12:00:00 bytes=1005722
2025-05-17,12,24,pressure_surface_hpa,"EGLC,LFPG",OK,short_name=sp units=Pa valid=2025-05-18T12:00:00 bytes=838700
2025-05-17,12,21,pressure_msl_lead_minus3_hpa,"EGLC,LFPG",OK,short_name=prmsl units=Pa valid=2025-05-18T09:00:00 bytes=1003719
2025-06-01,12,24,pressure_msl_hpa,"EGLC,LFPG",OK,short_name=prmsl units=Pa valid=2025-06-02T12:00:00 bytes=876615
2025-06-01,12,24,pressure_surface_hpa,"EGLC,LFPG",OK,short_name=sp units=Pa valid=2025-06-02T12:00:00 bytes=834821
2025-06-01,12,21,pressure_msl_lead_minus3_hpa,"EGLC,LFPG",OK,short_name=prmsl units=Pa valid=2025-06-02T09:00:00 bytes=874932
2025-05-07,12,24,pressure_msl_hpa,"EGLC,LFPG",OK,short_name=prmsl units=Pa valid=2025-05-08T12:00:00 bytes=1008494
2025-05-07,12,24,pressure_surface_hpa,"EGLC,LFPG",OK,short_name=sp units=Pa valid=2025-05-08T12:00:00 bytes=841306
2025-05-07,12,21,pressure_msl_lead_minus3_hpa,"EGLC,LFPG",OK,short_name=prmsl units=Pa valid=2025-05-08T09:00:00 bytes=1002909
2025-06-05,12,24,pressure_msl_hpa,"EGLC,LFPG",OK,short_name=prmsl units=Pa valid=2025-06-06T12:00:00 bytes=1008108
2025-06-05,12,24,pressure_surface_hpa,"EGLC,LFPG",OK,short_name=sp units=Pa valid=2025-06-06T12:00:00 bytes=841166
2025-06-05,12,21,pressure_msl_lead_minus3_hpa,"EGLC,LFPG",OK,short_name=prmsl units=Pa valid=2025-06-06T09:00:00 bytes=1006919
2025-05-22,12,24,pressure_msl_hpa,"EGLC,LFPG",OK,short_name=prmsl units=Pa valid=2025-05-23T12:00:00 bytes=1013675
2025-05-22,12,24,pressure_surface_hpa,"EGLC,LFPG",OK,short_name=sp units=Pa valid=2025-05-23T12:00:00 bytes=844121
2025-05-22,12,21,pressure_msl_lead_minus3_hpa,"EGLC,LFPG",OK,short_name=prmsl units=Pa valid=2025-05-23T09:00:00 bytes=1012616
2025-05-10,12,24,pressure_msl_hpa,"EGLC,LFPG",OK,short_name=prmsl units=Pa valid=2025-05-11T12:00:00 bytes=1008622
2025-05-10,12,24,pressure_surface_hpa,"EGLC,LFPG",OK,short_name=sp units=Pa valid=2025-05-11T12:00:00 bytes=844242
2025-05-10,12,21,pressure_msl_lead_minus3_hpa,"EGLC,LFPG",OK,short_name=prmsl units=Pa valid=2025-05-11T09:00:00 bytes=1008879
2025-06-07,12,24,pressure_msl_hpa,"EGLC,LFPG",OK,short_name=prmsl units=Pa valid=2025-06-08T12:00:00 bytes=879530
2025-06-07,12,24,pressure_surface_hpa,"EGLC,LFPG",OK,short_name=sp units=Pa valid=2025-06-08T12:00:00 bytes=837265
2025-06-07,12,21,pressure_msl_lead_minus3_hpa,"EGLC,LFPG",OK,short_name=prmsl units=Pa valid=2025-06-08T09:00:00 bytes=878937
2025-05-29,12,24,pressure_msl_hpa,"EGLC,LFPG",OK,short_name=prmsl units=Pa valid=2025-05-30T12:00:00 bytes=887557
2025-05-29,12,24,pressure_surface_hpa,"EGLC,LFPG",OK,short_name=sp units=Pa valid=2025-05-30T12:00:00 bytes=844453
2025-05-29,12,21,pressure_msl_lead_minus3_hpa,"EGLC,LFPG",OK,short_name=prmsl units=Pa valid=2025-05-30T09:00:00 bytes=886747
2025-06-24,12,24,pressure_msl_hpa,"EGLC,LFPG",OK,short_name=prmsl units=Pa valid=2025-06-25T12:00:00 bytes=883161
2025-06-24,12,24,pressure_surface_hpa,"EGLC,LFPG",OK,short_name=sp units=Pa valid=2025-06-25T12:00:00 bytes=839376
2025-06-24,12,21,pressure_msl_lead_minus3_hpa,"EGLC,LFPG",OK,short_name=prmsl units=Pa valid=2025-06-25T09:00:00 bytes=883374
2025-05-25,12,24,pressure_msl_hpa,"EGLC,LFPG",OK,short_name=prmsl units=Pa valid=2025-05-26T12:00:00 bytes=1012832
2025-05-25,12,24,pressure_surface_hpa,"EGLC,LFPG",OK,short_name=sp units=Pa valid=2025-05-26T12:00:00 bytes=844030
2025-05-25,12,21,pressure_msl_lead_minus3_hpa,"EGLC,LFPG",OK,short_name=prmsl units=Pa valid=2025-05-26T09:00:00 bytes=1012466
2025-06-08,12,24,pressure_msl_hpa,"EGLC,LFPG",OK,short_name=prmsl units=Pa valid=2025-06-09T12:00:00 bytes=877538
2025-06-08,12,24,pressure_surface_hpa,"EGLC,LFPG",OK,short_name=sp units=Pa valid=2025-06-09T12:00:00 bytes=835404
2025-06-08,12,21,pressure_msl_lead_minus3_hpa,"EGLC,LFPG",OK,short_name=prmsl units=Pa valid=2025-06-09T09:00:00 bytes=877267
2025-05-26,12,24,pressure_msl_hpa,"EGLC,LFPG",OK,short_name=prmsl units=Pa valid=2025-05-27T12:00:00 bytes=890673
2025-05-26,12,24,pressure_surface_hpa,"EGLC,LFPG",OK,short_name=sp units=Pa valid=2025-05-27T12:00:00 bytes=846574
2025-05-26,12,21,pressure_msl_lead_minus3_hpa,"EGLC,LFPG",OK,short_name=prmsl units=Pa valid=2025-05-27T09:00:00 bytes=1014866
2025-06-03,12,24,pressure_msl_hpa,"EGLC,LFPG",OK,short_name=prmsl units=Pa valid=2025-06-04T12:00:00 bytes=878940
2025-06-03,12,24,pressure_surface_hpa,"EGLC,LFPG",OK,short_name=sp units=Pa valid=2025-06-04T12:00:00 bytes=836738
2025-06-03,12,21,pressure_msl_lead_minus3_hpa,"EGLC,LFPG",OK,short_name=prmsl units=Pa valid=2025-06-04T09:00:00 bytes=876011
2025-06-22,12,24,pressure_msl_hpa,"EGLC,LFPG",OK,short_name=prmsl units=Pa valid=2025-06-23T12:00:00 bytes=886136
2025-06-22,12,24,pressure_surface_hpa,"EGLC,LFPG",OK,short_name=sp units=Pa valid=2025-06-23T12:00:00 bytes=840785
2025-06-22,12,21,pressure_msl_lead_minus3_hpa,"EGLC,LFPG",OK,short_name=prmsl units=Pa valid=2025-06-23T09:00:00 bytes=885574
2025-06-21,12,24,pressure_msl_hpa,"EGLC,LFPG",OK,short_name=prmsl units=Pa valid=2025-06-22T12:00:00 bytes=882067
2025-06-21,12,24,pressure_surface_hpa,"EGLC,LFPG",OK,short_name=sp units=Pa valid=2025-06-22T12:00:00 bytes=838779
2025-06-21,12,21,pressure_msl_lead_minus3_hpa,"EGLC,LFPG",OK,short_name=prmsl units=Pa valid=2025-06-22T09:00:00 bytes=880257
2025-05-19,12,24,pressure_msl_hpa,"EGLC,LFPG",OK,short_name=prmsl units=Pa valid=2025-05-20T12:00:00 bytes=1011581
2025-05-19,12,24,pressure_surface_hpa,"EGLC,LFPG",OK,short_name=sp units=Pa valid=2025-05-20T12:00:00 bytes=841288
2025-05-19,12,21,pressure_msl_lead_minus3_hpa,"EGLC,LFPG",OK,short_name=prmsl units=Pa valid=2025-05-20T09:00:00 bytes=1009384
2025-05-20,12,24,pressure_msl_hpa,"EGLC,LFPG",OK,short_name=prmsl units=Pa valid=2025-05-21T12:00:00 bytes=1011382
2025-05-20,12,24,pressure_surface_hpa,"EGLC,LFPG",OK,short_name=sp units=Pa valid=2025-05-21T12:00:00 bytes=842291
2025-05-20,12,21,pressure_msl_lead_minus3_hpa,"EGLC,LFPG",OK,short_name=prmsl units=Pa valid=2025-05-21T09:00:00 bytes=1009074
2025-05-23,12,24,pressure_msl_hpa,"EGLC,LFPG",OK,short_name=prmsl units=Pa valid=2025-05-24T12:00:00 bytes=1013084
2025-05-23,12,24,pressure_surface_hpa,"EGLC,LFPG",OK,short_name=sp units=Pa valid=2025-05-24T12:00:00 bytes=843902
2025-05-23,12,21,pressure_msl_lead_minus3_hpa,"EGLC,LFPG",OK,short_name=prmsl units=Pa valid=2025-05-24T09:00:00 bytes=1011526
2025-06-15,12,24,pressure_msl_hpa,"EGLC,LFPG",OK,short_name=prmsl units=Pa valid=2025-06-16T12:00:00 bytes=879739
2025-06-15,12,24,pressure_surface_hpa,"EGLC,LFPG",OK,short_name=sp units=Pa valid=2025-06-16T12:00:00 bytes=837020
2025-06-15,12,21,pressure_msl_lead_minus3_hpa,"EGLC,LFPG",OK,short_name=prmsl units=Pa valid=2025-06-16T09:00:00 bytes=1003914
2025-06-06,12,24,pressure_msl_hpa,"EGLC,LFPG",OK,short_name=prmsl units=Pa valid=2025-06-07T12:00:00 bytes=881418
2025-06-06,12,24,pressure_surface_hpa,"EGLC,LFPG",OK,short_name=sp units=Pa valid=2025-06-07T12:00:00 bytes=838426
2025-06-06,12,21,pressure_msl_lead_minus3_hpa,"EGLC,LFPG",OK,short_name=prmsl units=Pa valid=2025-06-07T09:00:00 bytes=881281
2025-06-02,12,24,pressure_msl_hpa,"EGLC,LFPG",OK,short_name=prmsl units=Pa valid=2025-06-03T12:00:00 bytes=875245
2025-06-02,12,24,pressure_surface_hpa,"EGLC,LFPG",OK,short_name=sp units=Pa valid=2025-06-03T12:00:00 bytes=833739
2025-06-02,12,21,pressure_msl_lead_minus3_hpa,"EGLC,LFPG",OK,short_name=prmsl units=Pa valid=2025-06-03T09:00:00 bytes=873103
2025-07-10,12,24,pressure_msl_hpa,"EGLC,LFPG",OK,short_name=prmsl units=Pa valid=2025-07-11T12:00:00 bytes=880360
2025-07-10,12,24,pressure_surface_hpa,"EGLC,LFPG",OK,short_name=sp units=Pa valid=2025-07-11T12:00:00 bytes=832299
2025-07-10,12,21,pressure_msl_lead_minus3_hpa,"EGLC,LFPG",OK,short_name=prmsl units=Pa valid=2025-07-11T09:00:00 bytes=879617
2025-07-01,12,24,pressure_msl_hpa,"EGLC,LFPG",OK,short_name=prmsl units=Pa valid=2025-07-02T12:00:00 bytes=1004989
2025-07-01,12,24,pressure_surface_hpa,"EGLC,LFPG",OK,short_name=sp units=Pa valid=2025-07-02T12:00:00 bytes=834852
2025-07-01,12,21,pressure_msl_lead_minus3_hpa,"EGLC,LFPG",OK,short_name=prmsl units=Pa valid=2025-07-02T09:00:00 bytes=1003843
2025-06-09,12,24,pressure_msl_hpa,"EGLC,LFPG",OK,short_name=prmsl units=Pa valid=2025-06-10T12:00:00 bytes=878131
2025-06-09,12,24,pressure_surface_hpa,"EGLC,LFPG",OK,short_name=sp units=Pa valid=2025-06-10T12:00:00 bytes=836889
2025-06-09,12,21,pressure_msl_lead_minus3_hpa,"EGLC,LFPG",OK,short_name=prmsl units=Pa valid=2025-06-10T09:00:00 bytes=876555
2025-06-20,12,24,pressure_msl_hpa,"EGLC,LFPG",OK,short_name=prmsl units=Pa valid=2025-06-21T12:00:00 bytes=1001823
2025-06-20,12,24,pressure_surface_hpa,"EGLC,LFPG",OK,short_name=sp units=Pa valid=2025-06-21T12:00:00 bytes=834853
2025-06-20,12,21,pressure_msl_lead_minus3_hpa,"EGLC,LFPG",OK,short_name=prmsl units=Pa valid=2025-06-21T09:00:00 bytes=998687
2025-05-24,12,24,pressure_msl_hpa,"EGLC,LFPG",OK,short_name=prmsl units=Pa valid=2025-05-25T12:00:00 bytes=1012380
2025-05-24,12,24,pressure_surface_hpa,"EGLC,LFPG",OK,short_name=sp units=Pa valid=2025-05-25T12:00:00 bytes=843807
2025-05-24,12,21,pressure_msl_lead_minus3_hpa,"EGLC,LFPG",OK,short_name=prmsl units=Pa valid=2025-05-25T09:00:00 bytes=1012070
2025-06-25,12,24,pressure_msl_hpa,"EGLC,LFPG",OK,short_name=prmsl units=Pa valid=2025-06-26T12:00:00 bytes=1007690
2025-06-25,12,24,pressure_surface_hpa,"EGLC,LFPG",OK,short_name=sp units=Pa valid=2025-06-26T12:00:00 bytes=836565
2025-06-25,12,21,pressure_msl_lead_minus3_hpa,"EGLC,LFPG",OK,short_name=prmsl units=Pa valid=2025-06-26T09:00:00 bytes=1003236
2025-07-06,12,24,pressure_msl_hpa,"EGLC,LFPG",OK,short_name=prmsl units=Pa valid=2025-07-07T12:00:00 bytes=882074
2025-07-06,12,24,pressure_surface_hpa,"EGLC,LFPG",OK,short_name=sp units=Pa valid=2025-07-07T12:00:00 bytes=838181
2025-07-06,12,21,pressure_msl_lead_minus3_hpa,"EGLC,LFPG",OK,short_name=prmsl units=Pa valid=2025-07-07T09:00:00 bytes=1006706
2025-05-27,12,24,pressure_msl_hpa,"EGLC,LFPG",OK,short_name=prmsl units=Pa valid=2025-05-28T12:00:00 bytes=884586
2025-05-27,12,24,pressure_surface_hpa,"EGLC,LFPG",OK,short_name=sp units=Pa valid=2025-05-28T12:00:00 bytes=845575
2025-05-27,12,21,pressure_msl_lead_minus3_hpa,"EGLC,LFPG",OK,short_name=prmsl units=Pa valid=2025-05-28T09:00:00 bytes=883835
2025-06-14,12,24,pressure_msl_hpa,"EGLC,LFPG",OK,short_name=prmsl units=Pa valid=2025-06-15T12:00:00 bytes=881904
2025-06-14,12,24,pressure_surface_hpa,"EGLC,LFPG",OK,short_name=sp units=Pa valid=2025-06-15T12:00:00 bytes=840129
2025-06-14,12,21,pressure_msl_lead_minus3_hpa,"EGLC,LFPG",OK,short_name=prmsl units=Pa valid=2025-06-15T09:00:00 bytes=880910
2025-06-18,12,24,pressure_msl_hpa,"EGLC,LFPG",OK,short_name=prmsl units=Pa valid=2025-06-19T12:00:00 bytes=1004127
2025-06-18,12,24,pressure_surface_hpa,"EGLC,LFPG",OK,short_name=sp units=Pa valid=2025-06-19T12:00:00 bytes=837869
2025-06-18,12,21,pressure_msl_lead_minus3_hpa,"EGLC,LFPG",OK,short_name=prmsl units=Pa valid=2025-06-19T09:00:00 bytes=1001596
2025-05-13,12,24,pressure_msl_hpa,"EGLC,LFPG",OK,short_name=prmsl units=Pa valid=2025-05-14T12:00:00 bytes=1001513
2025-05-13,12,24,pressure_surface_hpa,"EGLC,LFPG",OK,short_name=sp units=Pa valid=2025-05-14T12:00:00 bytes=835715
2025-05-13,12,21,pressure_msl_lead_minus3_hpa,"EGLC,LFPG",OK,short_name=prmsl units=Pa valid=2025-05-14T09:00:00 bytes=1000986
2025-05-28,12,24,pressure_msl_hpa,"EGLC,LFPG",OK,short_name=prmsl units=Pa valid=2025-05-29T12:00:00 bytes=879155
2025-05-28,12,24,pressure_surface_hpa,"EGLC,LFPG",OK,short_name=sp units=Pa valid=2025-05-29T12:00:00 bytes=838872
2025-05-28,12,21,pressure_msl_lead_minus3_hpa,"EGLC,LFPG",OK,short_name=prmsl units=Pa valid=2025-05-29T09:00:00 bytes=879571
2025-06-30,12,24,pressure_msl_hpa,"EGLC,LFPG",OK,short_name=prmsl units=Pa valid=2025-07-01T12:00:00 bytes=1001867
2025-06-30,12,24,pressure_surface_hpa,"EGLC,LFPG",OK,short_name=sp units=Pa valid=2025-07-01T12:00:00 bytes=834565
2025-06-30,12,21,pressure_msl_lead_minus3_hpa,"EGLC,LFPG",OK,short_name=prmsl units=Pa valid=2025-07-01T09:00:00 bytes=1000858
2025-07-02,12,24,pressure_msl_hpa,"EGLC,LFPG",OK,short_name=prmsl units=Pa valid=2025-07-03T12:00:00 bytes=1005779
2025-07-02,12,24,pressure_surface_hpa,"EGLC,LFPG",OK,short_name=sp units=Pa valid=2025-07-03T12:00:00 bytes=837400
2025-07-02,12,21,pressure_msl_lead_minus3_hpa,"EGLC,LFPG",OK,short_name=prmsl units=Pa valid=2025-07-03T09:00:00 bytes=1004997
2025-06-17,12,24,pressure_msl_hpa,"EGLC,LFPG",OK,short_name=prmsl units=Pa valid=2025-06-18T12:00:00 bytes=1000184
2025-06-17,12,24,pressure_surface_hpa,"EGLC,LFPG",OK,short_name=sp units=Pa valid=2025-06-18T12:00:00 bytes=833797
2025-06-17,12,21,pressure_msl_lead_minus3_hpa,"EGLC,LFPG",OK,short_name=prmsl units=Pa valid=2025-06-18T09:00:00 bytes=997611
2025-07-08,12,24,pressure_msl_hpa,"EGLC,LFPG",OK,short_name=prmsl units=Pa valid=2025-07-09T12:00:00 bytes=880642
2025-07-08,12,24,pressure_surface_hpa,"EGLC,LFPG",OK,short_name=sp units=Pa valid=2025-07-09T12:00:00 bytes=831838
2025-07-08,12,21,pressure_msl_lead_minus3_hpa,"EGLC,LFPG",OK,short_name=prmsl units=Pa valid=2025-07-09T09:00:00 bytes=880832
2025-07-04,12,24,pressure_msl_hpa,"EGLC,LFPG",OK,short_name=prmsl units=Pa valid=2025-07-05T12:00:00 bytes=1000501
2025-07-04,12,24,pressure_surface_hpa,"EGLC,LFPG",OK,short_name=sp units=Pa valid=2025-07-05T12:00:00 bytes=833017
2025-07-04,12,21,pressure_msl_lead_minus3_hpa,"EGLC,LFPG",OK,short_name=prmsl units=Pa valid=2025-07-05T09:00:00 bytes=1000266
2025-07-18,12,24,pressure_msl_hpa,"EGLC,LFPG",OK,short_name=prmsl units=Pa valid=2025-07-19T12:00:00 bytes=1001476
2025-07-18,12,24,pressure_surface_hpa,"EGLC,LFPG",OK,short_name=sp units=Pa valid=2025-07-19T12:00:00 bytes=830164
2025-07-18,12,21,pressure_msl_lead_minus3_hpa,"EGLC,LFPG",OK,short_name=prmsl units=Pa valid=2025-07-19T09:00:00 bytes=871444
2025-06-28,12,24,pressure_msl_hpa,"EGLC,LFPG",OK,short_name=prmsl units=Pa valid=2025-06-29T12:00:00 bytes=1009219
2025-06-28,12,24,pressure_surface_hpa,"EGLC,LFPG",OK,short_name=sp units=Pa valid=2025-06-29T12:00:00 bytes=838355
2025-06-28,12,21,pressure_msl_lead_minus3_hpa,"EGLC,LFPG",OK,short_name=prmsl units=Pa valid=2025-06-29T09:00:00 bytes=1012114
2025-07-14,12,24,pressure_msl_hpa,"EGLC,LFPG",OK,short_name=prmsl units=Pa valid=2025-07-15T12:00:00 bytes=997296
2025-07-14,12,24,pressure_surface_hpa,"EGLC,LFPG",OK,short_name=sp units=Pa valid=2025-07-15T12:00:00 bytes=831082
2025-07-14,12,21,pressure_msl_lead_minus3_hpa,"EGLC,LFPG",OK,short_name=prmsl units=Pa valid=2025-07-15T09:00:00 bytes=997976
2025-05-12,12,24,pressure_msl_hpa,"EGLC,LFPG",OK,short_name=prmsl units=Pa valid=2025-05-13T12:00:00 bytes=876744
2025-05-12,12,24,pressure_surface_hpa,"EGLC,LFPG",OK,short_name=sp units=Pa valid=2025-05-13T12:00:00 bytes=835241
2025-05-12,12,21,pressure_msl_lead_minus3_hpa,"EGLC,LFPG",OK,short_name=prmsl units=Pa valid=2025-05-13T09:00:00 bytes=875886
2025-06-10,12,24,pressure_msl_hpa,"EGLC,LFPG",OK,short_name=prmsl units=Pa valid=2025-06-11T12:00:00 bytes=885444
2025-06-10,12,24,pressure_surface_hpa,"EGLC,LFPG",OK,short_name=sp units=Pa valid=2025-06-11T12:00:00 bytes=841160
2025-06-10,12,21,pressure_msl_lead_minus3_hpa,"EGLC,LFPG",OK,short_name=prmsl units=Pa valid=2025-06-11T09:00:00 bytes=884891
2025-06-19,12,24,pressure_msl_hpa,"EGLC,LFPG",OK,short_name=prmsl units=Pa valid=2025-06-20T12:00:00 bytes=1000037
2025-06-19,12,24,pressure_surface_hpa,"EGLC,LFPG",OK,short_name=sp units=Pa valid=2025-06-20T12:00:00 bytes=834971
2025-06-19,12,21,pressure_msl_lead_minus3_hpa,"EGLC,LFPG",OK,short_name=prmsl units=Pa valid=2025-06-20T09:00:00 bytes=998938
2025-07-17,12,24,pressure_msl_hpa,"EGLC,LFPG",OK,short_name=prmsl units=Pa valid=2025-07-18T12:00:00 bytes=1001700
2025-07-17,12,24,pressure_surface_hpa,"EGLC,LFPG",OK,short_name=sp units=Pa valid=2025-07-18T12:00:00 bytes=831283
2025-07-17,12,21,pressure_msl_lead_minus3_hpa,"EGLC,LFPG",OK,short_name=prmsl units=Pa valid=2025-07-18T09:00:00 bytes=1004772
2025-07-07,12,24,pressure_msl_hpa,"EGLC,LFPG",OK,short_name=prmsl units=Pa valid=2025-07-08T12:00:00 bytes=882773
2025-07-07,12,24,pressure_surface_hpa,"EGLC,LFPG",OK,short_name=sp units=Pa valid=2025-07-08T12:00:00 bytes=835639
2025-07-07,12,21,pressure_msl_lead_minus3_hpa,"EGLC,LFPG",OK,short_name=prmsl units=Pa valid=2025-07-08T09:00:00 bytes=881707
2025-06-16,12,24,pressure_msl_hpa,"EGLC,LFPG",OK,short_name=prmsl units=Pa valid=2025-06-17T12:00:00 bytes=1003591
2025-06-16,12,24,pressure_surface_hpa,"EGLC,LFPG",OK,short_name=sp units=Pa valid=2025-06-17T12:00:00 bytes=836585
2025-06-16,12,21,pressure_msl_lead_minus3_hpa,"EGLC,LFPG",OK,short_name=prmsl units=Pa valid=2025-06-17T09:00:00 bytes=1002979
2025-07-15,12,24,pressure_msl_hpa,"EGLC,LFPG",OK,short_name=prmsl units=Pa valid=2025-07-16T12:00:00 bytes=875671
2025-07-15,12,24,pressure_surface_hpa,"EGLC,LFPG",OK,short_name=sp units=Pa valid=2025-07-16T12:00:00 bytes=829440
2025-07-15,12,21,pressure_msl_lead_minus3_hpa,"EGLC,LFPG",OK,short_name=prmsl units=Pa valid=2025-07-16T09:00:00 bytes=874928
2025-05-21,12,24,pressure_msl_hpa,"EGLC,LFPG",OK,short_name=prmsl units=Pa valid=2025-05-22T12:00:00 bytes=1013201
2025-05-21,12,24,pressure_surface_hpa,"EGLC,LFPG",OK,short_name=sp units=Pa valid=2025-05-22T12:00:00 bytes=846769
2025-05-21,12,21,pressure_msl_lead_minus3_hpa,"EGLC,LFPG",OK,short_name=prmsl units=Pa valid=2025-05-22T09:00:00 bytes=1010552
2025-06-27,12,24,pressure_msl_hpa,"EGLC,LFPG",OK,short_name=prmsl units=Pa valid=2025-06-28T12:00:00 bytes=1005343
2025-06-27,12,24,pressure_surface_hpa,"EGLC,LFPG",OK,short_name=sp units=Pa valid=2025-06-28T12:00:00 bytes=835551
2025-06-27,12,21,pressure_msl_lead_minus3_hpa,"EGLC,LFPG",OK,short_name=prmsl units=Pa valid=2025-06-28T09:00:00 bytes=1004795
2025-06-04,12,24,pressure_msl_hpa,"EGLC,LFPG",OK,short_name=prmsl units=Pa valid=2025-06-05T12:00:00 bytes=1007357
2025-06-04,12,24,pressure_surface_hpa,"EGLC,LFPG",OK,short_name=sp units=Pa valid=2025-06-05T12:00:00 bytes=839604
2025-06-04,12,21,pressure_msl_lead_minus3_hpa,"EGLC,LFPG",OK,short_name=prmsl units=Pa valid=2025-06-05T09:00:00 bytes=1005133
2025-06-12,12,24,pressure_msl_hpa,"EGLC,LFPG",OK,short_name=prmsl units=Pa valid=2025-06-13T12:00:00 bytes=1008744
2025-06-12,12,24,pressure_surface_hpa,"EGLC,LFPG",OK,short_name=sp units=Pa valid=2025-06-13T12:00:00 bytes=842394
2025-06-12,12,21,pressure_msl_lead_minus3_hpa,"EGLC,LFPG",OK,short_name=prmsl units=Pa valid=2025-06-13T09:00:00 bytes=1007389
2025-07-09,12,24,pressure_msl_hpa,"EGLC,LFPG",OK,short_name=prmsl units=Pa valid=2025-07-10T12:00:00 bytes=876627
2025-07-09,12,24,pressure_surface_hpa,"EGLC,LFPG",OK,short_name=sp units=Pa valid=2025-07-10T12:00:00 bytes=830850
2025-07-09,12,21,pressure_msl_lead_minus3_hpa,"EGLC,LFPG",OK,short_name=prmsl units=Pa valid=2025-07-10T09:00:00 bytes=876004
2025-07-16,12,24,pressure_msl_hpa,"EGLC,LFPG",OK,short_name=prmsl units=Pa valid=2025-07-17T12:00:00 bytes=999094
2025-07-16,12,24,pressure_surface_hpa,"EGLC,LFPG",OK,short_name=sp units=Pa valid=2025-07-17T12:00:00 bytes=829646
2025-07-16,12,21,pressure_msl_lead_minus3_hpa,"EGLC,LFPG",OK,short_name=prmsl units=Pa valid=2025-07-17T09:00:00 bytes=998184
2025-07-03,12,24,pressure_msl_hpa,"EGLC,LFPG",OK,short_name=prmsl units=Pa valid=2025-07-04T12:00:00 bytes=879043
2025-07-03,12,24,pressure_surface_hpa,"EGLC,LFPG",OK,short_name=sp units=Pa valid=2025-07-04T12:00:00 bytes=835280
2025-07-03,12,21,pressure_msl_lead_minus3_hpa,"EGLC,LFPG",OK,short_name=prmsl units=Pa valid=2025-07-04T09:00:00 bytes=878439
2025-07-05,12,24,pressure_msl_hpa,"EGLC,LFPG",OK,short_name=prmsl units=Pa valid=2025-07-06T12:00:00 bytes=1002379
2025-07-05,12,24,pressure_surface_hpa,"EGLC,LFPG",OK,short_name=sp units=Pa valid=2025-07-06T12:00:00 bytes=837609
2025-07-05,12,21,pressure_msl_lead_minus3_hpa,"EGLC,LFPG",OK,short_name=prmsl units=Pa valid=2025-07-06T09:00:00 bytes=876845
2025-07-11,12,24,pressure_msl_hpa,"EGLC,LFPG",OK,short_name=prmsl units=Pa valid=2025-07-12T12:00:00 bytes=877951
2025-07-11,12,24,pressure_surface_hpa,"EGLC,LFPG",OK,short_name=sp units=Pa valid=2025-07-12T12:00:00 bytes=832947
2025-07-11,12,21,pressure_msl_lead_minus3_hpa,"EGLC,LFPG",OK,short_name=prmsl units=Pa valid=2025-07-12T09:00:00 bytes=879530
2025-07-23,12,24,pressure_msl_hpa,"EGLC,LFPG",OK,short_name=prmsl units=Pa valid=2025-07-24T12:00:00 bytes=886713
2025-07-23,12,24,pressure_surface_hpa,"EGLC,LFPG",OK,short_name=sp units=Pa valid=2025-07-24T12:00:00 bytes=840097
2025-07-23,12,21,pressure_msl_lead_minus3_hpa,"EGLC,LFPG",OK,short_name=prmsl units=Pa valid=2025-07-24T09:00:00 bytes=885396
2025-06-29,12,24,pressure_msl_hpa,"EGLC,LFPG",OK,short_name=prmsl units=Pa valid=2025-06-30T12:00:00 bytes=1008100
2025-06-29,12,24,pressure_surface_hpa,"EGLC,LFPG",OK,short_name=sp units=Pa valid=2025-06-30T12:00:00 bytes=835693
2025-06-29,12,21,pressure_msl_lead_minus3_hpa,"EGLC,LFPG",OK,short_name=prmsl units=Pa valid=2025-06-30T09:00:00 bytes=1008526
2024-08-07,18,24,pressure_msl_hpa,DSM,OK,short_name=prmsl units=Pa valid=2024-08-08T18:00:00 bytes=877716
2024-08-07,18,24,pressure_surface_hpa,DSM,OK,short_name=sp units=Pa valid=2024-08-08T18:00:00 bytes=832716
2024-08-07,18,21,pressure_msl_lead_minus3_hpa,DSM,OK,short_name=prmsl units=Pa valid=2024-08-08T15:00:00 bytes=881339
2025-07-19,12,24,pressure_msl_hpa,"EGLC,LFPG",OK,short_name=prmsl units=Pa valid=2025-07-20T12:00:00 bytes=875833
2025-07-19,12,24,pressure_surface_hpa,"EGLC,LFPG",OK,short_name=sp units=Pa valid=2025-07-20T12:00:00 bytes=831319
2025-07-19,12,21,pressure_msl_lead_minus3_hpa,"EGLC,LFPG",OK,short_name=prmsl units=Pa valid=2025-07-20T09:00:00 bytes=995564
2025-07-27,12,24,pressure_msl_hpa,"EGLC,LFPG",OK,short_name=prmsl units=Pa valid=2025-07-28T12:00:00 bytes=890354
2025-07-27,12,24,pressure_surface_hpa,"EGLC,LFPG",OK,short_name=sp units=Pa valid=2025-07-28T12:00:00 bytes=844407
2025-07-27,12,21,pressure_msl_lead_minus3_hpa,"EGLC,LFPG",OK,short_name=prmsl units=Pa valid=2025-07-28T09:00:00 bytes=890176
2025-07-13,12,24,pressure_msl_hpa,"EGLC,LFPG",OK,short_name=prmsl units=Pa valid=2025-07-14T12:00:00 bytes=876934
2025-07-13,12,24,pressure_surface_hpa,"EGLC,LFPG",OK,short_name=sp units=Pa valid=2025-07-14T12:00:00 bytes=832776
2025-07-13,12,21,pressure_msl_lead_minus3_hpa,"EGLC,LFPG",OK,short_name=prmsl units=Pa valid=2025-07-14T09:00:00 bytes=877368
2025-06-11,12,24,pressure_msl_hpa,"EGLC,LFPG",OK,short_name=prmsl units=Pa valid=2025-06-12T12:00:00 bytes=885167
2025-06-11,12,24,pressure_surface_hpa,"EGLC,LFPG",OK,short_name=sp units=Pa valid=2025-06-12T12:00:00 bytes=840184
2025-06-11,12,21,pressure_msl_lead_minus3_hpa,"EGLC,LFPG",OK,short_name=prmsl units=Pa valid=2025-06-12T09:00:00 bytes=885457
2025-07-26,12,24,pressure_msl_hpa,"EGLC,LFPG",OK,short_name=prmsl units=Pa valid=2025-07-27T12:00:00 bytes=889257
2025-07-26,12,24,pressure_surface_hpa,"EGLC,LFPG",OK,short_name=sp units=Pa valid=2025-07-27T12:00:00 bytes=843522
2025-07-26,12,21,pressure_msl_lead_minus3_hpa,"EGLC,LFPG",OK,short_name=prmsl units=Pa valid=2025-07-27T09:00:00 bytes=887182
2024-08-14,18,24,pressure_msl_hpa,DSM,OK,short_name=prmsl units=Pa valid=2024-08-15T18:00:00 bytes=882809
2024-08-14,18,24,pressure_surface_hpa,DSM,OK,short_name=sp units=Pa valid=2024-08-15T18:00:00 bytes=838989
2024-08-14,18,21,pressure_msl_lead_minus3_hpa,DSM,OK,short_name=prmsl units=Pa valid=2024-08-15T15:00:00 bytes=882239
2025-07-30,12,24,pressure_msl_hpa,"EGLC,LFPG",OK,short_name=prmsl units=Pa valid=2025-07-31T12:00:00 bytes=890916
2025-07-30,12,24,pressure_surface_hpa,"EGLC,LFPG",OK,short_name=sp units=Pa valid=2025-07-31T12:00:00 bytes=844120
2025-07-30,12,21,pressure_msl_lead_minus3_hpa,"EGLC,LFPG",OK,short_name=prmsl units=Pa valid=2025-07-31T09:00:00 bytes=890413
2024-08-01,18,24,pressure_msl_hpa,DSM,OK,short_name=prmsl units=Pa valid=2024-08-02T18:00:00 bytes=883673
2024-08-01,18,24,pressure_surface_hpa,DSM,OK,short_name=sp units=Pa valid=2024-08-02T18:00:00 bytes=839221
2024-08-01,18,21,pressure_msl_lead_minus3_hpa,DSM,OK,short_name=prmsl units=Pa valid=2024-08-02T15:00:00 bytes=884015
2025-07-25,12,24,pressure_msl_hpa,"EGLC,LFPG",OK,short_name=prmsl units=Pa valid=2025-07-26T12:00:00 bytes=888423
2025-07-25,12,24,pressure_surface_hpa,"EGLC,LFPG",OK,short_name=sp units=Pa valid=2025-07-26T12:00:00 bytes=843913
2025-07-25,12,21,pressure_msl_lead_minus3_hpa,"EGLC,LFPG",OK,short_name=prmsl units=Pa valid=2025-07-26T09:00:00 bytes=887560
2024-08-05,18,24,pressure_msl_hpa,DSM,OK,short_name=prmsl units=Pa valid=2024-08-06T18:00:00 bytes=880710
2024-08-05,18,24,pressure_surface_hpa,DSM,OK,short_name=sp units=Pa valid=2024-08-06T18:00:00 bytes=834405
2024-08-05,18,21,pressure_msl_lead_minus3_hpa,DSM,OK,short_name=prmsl units=Pa valid=2024-08-06T15:00:00 bytes=882535
2024-08-03,18,24,pressure_msl_hpa,DSM,OK,short_name=prmsl units=Pa valid=2024-08-04T18:00:00 bytes=883318
2024-08-03,18,24,pressure_surface_hpa,DSM,OK,short_name=sp units=Pa valid=2024-08-04T18:00:00 bytes=836404
2024-08-03,18,21,pressure_msl_lead_minus3_hpa,DSM,OK,short_name=prmsl units=Pa valid=2024-08-04T15:00:00 bytes=886150
2025-06-13,12,24,pressure_msl_hpa,"EGLC,LFPG",OK,short_name=prmsl units=Pa valid=2025-06-14T12:00:00 bytes=1008636
2025-06-13,12,24,pressure_surface_hpa,"EGLC,LFPG",OK,short_name=sp units=Pa valid=2025-06-14T12:00:00 bytes=840430
2025-06-13,12,21,pressure_msl_lead_minus3_hpa,"EGLC,LFPG",OK,short_name=prmsl units=Pa valid=2025-06-14T09:00:00 bytes=1010794
2024-08-16,18,24,pressure_msl_hpa,DSM,OK,short_name=prmsl units=Pa valid=2024-08-17T18:00:00 bytes=1009006
2024-08-16,18,24,pressure_surface_hpa,DSM,OK,short_name=sp units=Pa valid=2024-08-17T18:00:00 bytes=838461
2024-08-16,18,21,pressure_msl_lead_minus3_hpa,DSM,OK,short_name=prmsl units=Pa valid=2024-08-17T15:00:00 bytes=1007071
2025-06-23,12,24,pressure_msl_hpa,"EGLC,LFPG",OK,short_name=prmsl units=Pa valid=2025-06-24T12:00:00 bytes=882312
2025-06-23,12,24,pressure_surface_hpa,"EGLC,LFPG",OK,short_name=sp units=Pa valid=2025-06-24T12:00:00 bytes=840828
2025-06-23,12,21,pressure_msl_lead_minus3_hpa,"EGLC,LFPG",OK,short_name=prmsl units=Pa valid=2025-06-24T09:00:00 bytes=882592
2025-07-21,12,24,pressure_msl_hpa,"EGLC,LFPG",OK,short_name=prmsl units=Pa valid=2025-07-22T12:00:00 bytes=1004684
2025-07-21,12,24,pressure_surface_hpa,"EGLC,LFPG",OK,short_name=sp units=Pa valid=2025-07-22T12:00:00 bytes=835085
2025-07-21,12,21,pressure_msl_lead_minus3_hpa,"EGLC,LFPG",OK,short_name=prmsl units=Pa valid=2025-07-22T09:00:00 bytes=1004081
2024-08-08,18,24,pressure_msl_hpa,DSM,OK,short_name=prmsl units=Pa valid=2024-08-09T18:00:00 bytes=879021
2024-08-08,18,24,pressure_surface_hpa,DSM,OK,short_name=sp units=Pa valid=2024-08-09T18:00:00 bytes=834979
2024-08-08,18,21,pressure_msl_lead_minus3_hpa,DSM,OK,short_name=prmsl units=Pa valid=2024-08-09T15:00:00 bytes=882894
2025-07-28,12,24,pressure_msl_hpa,"EGLC,LFPG",OK,short_name=prmsl units=Pa valid=2025-07-29T12:00:00 bytes=885312
2025-07-28,12,24,pressure_surface_hpa,"EGLC,LFPG",OK,short_name=sp units=Pa valid=2025-07-29T12:00:00 bytes=842867
2025-07-28,12,21,pressure_msl_lead_minus3_hpa,"EGLC,LFPG",OK,short_name=prmsl units=Pa valid=2025-07-29T09:00:00 bytes=886132
2025-07-24,12,24,pressure_msl_hpa,"EGLC,LFPG",OK,short_name=prmsl units=Pa valid=2025-07-25T12:00:00 bytes=888197
2025-07-24,12,24,pressure_surface_hpa,"EGLC,LFPG",OK,short_name=sp units=Pa valid=2025-07-25T12:00:00 bytes=843329
2025-07-24,12,21,pressure_msl_lead_minus3_hpa,"EGLC,LFPG",OK,short_name=prmsl units=Pa valid=2025-07-25T09:00:00 bytes=887282
2024-07-31,18,24,pressure_msl_hpa,DSM,OK,short_name=prmsl units=Pa valid=2024-08-01T18:00:00 bytes=888400
2024-07-31,18,24,pressure_surface_hpa,DSM,OK,short_name=sp units=Pa valid=2024-08-01T18:00:00 bytes=838689
2024-07-31,18,21,pressure_msl_lead_minus3_hpa,DSM,OK,short_name=prmsl units=Pa valid=2024-08-01T15:00:00 bytes=888093
2024-08-17,18,24,pressure_msl_hpa,DSM,OK,short_name=prmsl units=Pa valid=2024-08-18T18:00:00 bytes=1008203
2024-08-17,18,24,pressure_surface_hpa,DSM,OK,short_name=sp units=Pa valid=2024-08-18T18:00:00 bytes=837918
2024-08-17,18,21,pressure_msl_lead_minus3_hpa,DSM,OK,short_name=prmsl units=Pa valid=2024-08-18T15:00:00 bytes=1008122
2024-08-22,18,24,pressure_msl_hpa,DSM,OK,short_name=prmsl units=Pa valid=2024-08-23T18:00:00 bytes=1001919
2024-08-22,18,24,pressure_surface_hpa,DSM,OK,short_name=sp units=Pa valid=2024-08-23T18:00:00 bytes=835450
2024-08-22,18,21,pressure_msl_lead_minus3_hpa,DSM,OK,short_name=prmsl units=Pa valid=2024-08-23T15:00:00 bytes=1004992
2025-07-12,12,24,pressure_msl_hpa,"EGLC,LFPG",OK,short_name=prmsl units=Pa valid=2025-07-13T12:00:00 bytes=884687
2025-07-12,12,24,pressure_surface_hpa,"EGLC,LFPG",OK,short_name=sp units=Pa valid=2025-07-13T12:00:00 bytes=835899
2025-07-12,12,21,pressure_msl_lead_minus3_hpa,"EGLC,LFPG",OK,short_name=prmsl units=Pa valid=2025-07-13T09:00:00 bytes=882342
2025-07-20,12,24,pressure_msl_hpa,"EGLC,LFPG",OK,short_name=prmsl units=Pa valid=2025-07-21T12:00:00 bytes=998262
2025-07-20,12,24,pressure_surface_hpa,"EGLC,LFPG",OK,short_name=sp units=Pa valid=2025-07-21T12:00:00 bytes=830331
2025-07-20,12,21,pressure_msl_lead_minus3_hpa,"EGLC,LFPG",OK,short_name=prmsl units=Pa valid=2025-07-21T09:00:00 bytes=997544
2024-08-24,18,24,pressure_msl_hpa,DSM,OK,short_name=prmsl units=Pa valid=2024-08-25T18:00:00 bytes=885003
2024-08-24,18,24,pressure_surface_hpa,DSM,OK,short_name=sp units=Pa valid=2024-08-25T18:00:00 bytes=840060
2024-08-24,18,21,pressure_msl_lead_minus3_hpa,DSM,OK,short_name=prmsl units=Pa valid=2024-08-25T15:00:00 bytes=886235
2024-08-06,18,24,pressure_msl_hpa,DSM,OK,short_name=prmsl units=Pa valid=2024-08-07T18:00:00 bytes=880859
2024-08-06,18,24,pressure_surface_hpa,DSM,OK,short_name=sp units=Pa valid=2024-08-07T18:00:00 bytes=833759
2024-08-06,18,21,pressure_msl_lead_minus3_hpa,DSM,OK,short_name=prmsl units=Pa valid=2024-08-07T15:00:00 bytes=881814
2024-08-29,18,24,pressure_msl_hpa,DSM,OK,short_name=prmsl units=Pa valid=2024-08-30T18:00:00 bytes=876414
2024-08-29,18,24,pressure_surface_hpa,DSM,OK,short_name=sp units=Pa valid=2024-08-30T18:00:00 bytes=831790
2024-08-29,18,21,pressure_msl_lead_minus3_hpa,DSM,OK,short_name=prmsl units=Pa valid=2024-08-30T15:00:00 bytes=877331
2024-08-28,18,24,pressure_msl_hpa,DSM,OK,short_name=prmsl units=Pa valid=2024-08-29T18:00:00 bytes=881451
2024-08-28,18,24,pressure_surface_hpa,DSM,OK,short_name=sp units=Pa valid=2024-08-29T18:00:00 bytes=835230
2024-08-28,18,21,pressure_msl_lead_minus3_hpa,DSM,OK,short_name=prmsl units=Pa valid=2024-08-29T15:00:00 bytes=1006200
2025-06-26,12,24,pressure_msl_hpa,"EGLC,LFPG",OK,short_name=prmsl units=Pa valid=2025-06-27T12:00:00 bytes=1002204
2025-06-26,12,24,pressure_surface_hpa,"EGLC,LFPG",OK,short_name=sp units=Pa valid=2025-06-27T12:00:00 bytes=832727
2025-06-26,12,21,pressure_msl_lead_minus3_hpa,"EGLC,LFPG",OK,short_name=prmsl units=Pa valid=2025-06-27T09:00:00 bytes=997901
2025-07-22,12,24,pressure_msl_hpa,"EGLC,LFPG",OK,short_name=prmsl units=Pa valid=2025-07-23T12:00:00 bytes=1009286
2025-07-22,12,24,pressure_surface_hpa,"EGLC,LFPG",OK,short_name=sp units=Pa valid=2025-07-23T12:00:00 bytes=838358
2025-07-22,12,21,pressure_msl_lead_minus3_hpa,"EGLC,LFPG",OK,short_name=prmsl units=Pa valid=2025-07-23T09:00:00 bytes=1008321
2024-08-23,18,24,pressure_msl_hpa,DSM,OK,short_name=prmsl units=Pa valid=2024-08-24T18:00:00 bytes=1003602
2024-08-23,18,24,pressure_surface_hpa,DSM,OK,short_name=sp units=Pa valid=2024-08-24T18:00:00 bytes=837334
2024-08-23,18,21,pressure_msl_lead_minus3_hpa,DSM,OK,short_name=prmsl units=Pa valid=2024-08-24T15:00:00 bytes=1007015
2024-08-19,18,24,pressure_msl_hpa,DSM,OK,short_name=prmsl units=Pa valid=2024-08-20T18:00:00 bytes=888137
2024-08-19,18,24,pressure_surface_hpa,DSM,OK,short_name=sp units=Pa valid=2024-08-20T18:00:00 bytes=837461
2024-08-19,18,21,pressure_msl_lead_minus3_hpa,DSM,OK,short_name=prmsl units=Pa valid=2024-08-20T15:00:00 bytes=884640
2024-08-18,18,24,pressure_msl_hpa,DSM,OK,short_name=prmsl units=Pa valid=2024-08-19T18:00:00 bytes=1010859
2024-08-18,18,24,pressure_surface_hpa,DSM,OK,short_name=sp units=Pa valid=2024-08-19T18:00:00 bytes=838241
2024-08-18,18,21,pressure_msl_lead_minus3_hpa,DSM,OK,short_name=prmsl units=Pa valid=2024-08-19T15:00:00 bytes=1014406
2024-08-02,18,24,pressure_msl_hpa,DSM,OK,short_name=prmsl units=Pa valid=2024-08-03T18:00:00 bytes=882710
2024-08-02,18,24,pressure_surface_hpa,DSM,OK,short_name=sp units=Pa valid=2024-08-03T18:00:00 bytes=837195
2024-08-02,18,21,pressure_msl_lead_minus3_hpa,DSM,OK,short_name=prmsl units=Pa valid=2024-08-03T15:00:00 bytes=886918
2024-09-04,18,24,pressure_msl_hpa,DSM,OK,short_name=prmsl units=Pa valid=2024-09-05T18:00:00 bytes=877205
2024-09-04,18,24,pressure_surface_hpa,DSM,OK,short_name=sp units=Pa valid=2024-09-05T18:00:00 bytes=834696
2024-09-04,18,21,pressure_msl_lead_minus3_hpa,DSM,OK,short_name=prmsl units=Pa valid=2024-09-05T15:00:00 bytes=1001338
2024-09-05,18,24,pressure_msl_hpa,DSM,OK,short_name=prmsl units=Pa valid=2024-09-06T18:00:00 bytes=996588
2024-09-05,18,24,pressure_surface_hpa,DSM,OK,short_name=sp units=Pa valid=2024-09-06T18:00:00 bytes=834084
2024-09-05,18,21,pressure_msl_lead_minus3_hpa,DSM,OK,short_name=prmsl units=Pa valid=2024-09-06T15:00:00 bytes=998240
2024-08-12,18,24,pressure_msl_hpa,DSM,OK,short_name=prmsl units=Pa valid=2024-08-13T18:00:00 bytes=885739
2024-08-12,18,24,pressure_surface_hpa,DSM,OK,short_name=sp units=Pa valid=2024-08-13T18:00:00 bytes=836616
2024-08-12,18,21,pressure_msl_lead_minus3_hpa,DSM,OK,short_name=prmsl units=Pa valid=2024-08-13T15:00:00 bytes=1006073
2024-08-20,18,24,pressure_msl_hpa,DSM,OK,short_name=prmsl units=Pa valid=2024-08-21T18:00:00 bytes=1007557
2024-08-20,18,24,pressure_surface_hpa,DSM,OK,short_name=sp units=Pa valid=2024-08-21T18:00:00 bytes=837573
2024-08-20,18,21,pressure_msl_lead_minus3_hpa,DSM,OK,short_name=prmsl units=Pa valid=2024-08-21T15:00:00 bytes=1005856
2024-08-09,18,24,pressure_msl_hpa,DSM,OK,short_name=prmsl units=Pa valid=2024-08-10T18:00:00 bytes=1006559
2024-08-09,18,24,pressure_surface_hpa,DSM,OK,short_name=sp units=Pa valid=2024-08-10T18:00:00 bytes=835600
2024-08-09,18,21,pressure_msl_lead_minus3_hpa,DSM,OK,short_name=prmsl units=Pa valid=2024-08-10T15:00:00 bytes=1008910
2024-09-01,18,24,pressure_msl_hpa,DSM,OK,short_name=prmsl units=Pa valid=2024-09-02T18:00:00 bytes=1008157
2024-09-01,18,24,pressure_surface_hpa,DSM,OK,short_name=sp units=Pa valid=2024-09-02T18:00:00 bytes=838050
2024-09-01,18,21,pressure_msl_lead_minus3_hpa,DSM,OK,short_name=prmsl units=Pa valid=2024-09-02T15:00:00 bytes=1004855
2024-08-11,18,24,pressure_msl_hpa,DSM,OK,short_name=prmsl units=Pa valid=2024-08-12T18:00:00 bytes=879262
2024-08-11,18,24,pressure_surface_hpa,DSM,OK,short_name=sp units=Pa valid=2024-08-12T18:00:00 bytes=836098
2024-08-11,18,21,pressure_msl_lead_minus3_hpa,DSM,OK,short_name=prmsl units=Pa valid=2024-08-12T15:00:00 bytes=883138
2024-08-31,18,24,pressure_msl_hpa,DSM,OK,short_name=prmsl units=Pa valid=2024-09-01T18:00:00 bytes=1006816
2024-08-31,18,24,pressure_surface_hpa,DSM,OK,short_name=sp units=Pa valid=2024-09-01T18:00:00 bytes=836891
2024-08-31,18,21,pressure_msl_lead_minus3_hpa,DSM,OK,short_name=prmsl units=Pa valid=2024-09-01T15:00:00 bytes=1004729
2024-08-21,18,24,pressure_msl_hpa,DSM,OK,short_name=prmsl units=Pa valid=2024-08-22T18:00:00 bytes=1005594
2024-08-21,18,24,pressure_surface_hpa,DSM,OK,short_name=sp units=Pa valid=2024-08-22T18:00:00 bytes=838369
2024-08-21,18,21,pressure_msl_lead_minus3_hpa,DSM,OK,short_name=prmsl units=Pa valid=2024-08-22T15:00:00 bytes=1008467
2025-07-29,12,24,pressure_msl_hpa,"EGLC,LFPG",OK,short_name=prmsl units=Pa valid=2025-07-30T12:00:00 bytes=1013196
2025-07-29,12,24,pressure_surface_hpa,"EGLC,LFPG",OK,short_name=sp units=Pa valid=2025-07-30T12:00:00 bytes=843384
2025-07-29,12,21,pressure_msl_lead_minus3_hpa,"EGLC,LFPG",OK,short_name=prmsl units=Pa valid=2025-07-30T09:00:00 bytes=1012109
2024-08-10,18,24,pressure_msl_hpa,DSM,OK,short_name=prmsl units=Pa valid=2024-08-11T18:00:00 bytes=877281
2024-08-10,18,24,pressure_surface_hpa,DSM,OK,short_name=sp units=Pa valid=2024-08-11T18:00:00 bytes=834837
2024-08-10,18,21,pressure_msl_lead_minus3_hpa,DSM,OK,short_name=prmsl units=Pa valid=2024-08-11T15:00:00 bytes=879794
2024-08-13,18,24,pressure_msl_hpa,DSM,OK,short_name=prmsl units=Pa valid=2024-08-14T18:00:00 bytes=888439
2024-08-13,18,24,pressure_surface_hpa,DSM,OK,short_name=sp units=Pa valid=2024-08-14T18:00:00 bytes=840659
2024-08-13,18,21,pressure_msl_lead_minus3_hpa,DSM,OK,short_name=prmsl units=Pa valid=2024-08-14T15:00:00 bytes=888627
2024-09-06,18,24,pressure_msl_hpa,DSM,OK,short_name=prmsl units=Pa valid=2024-09-07T18:00:00 bytes=1001923
2024-09-06,18,24,pressure_surface_hpa,DSM,OK,short_name=sp units=Pa valid=2024-09-07T18:00:00 bytes=838214
2024-09-06,18,21,pressure_msl_lead_minus3_hpa,DSM,OK,short_name=prmsl units=Pa valid=2024-09-07T15:00:00 bytes=1004220
2024-08-15,18,24,pressure_msl_hpa,DSM,OK,short_name=prmsl units=Pa valid=2024-08-16T18:00:00 bytes=1004425
2024-08-15,18,24,pressure_surface_hpa,DSM,OK,short_name=sp units=Pa valid=2024-08-16T18:00:00 bytes=836779
2024-08-15,18,21,pressure_msl_lead_minus3_hpa,DSM,OK,short_name=prmsl units=Pa valid=2024-08-16T15:00:00 bytes=1003462
2024-09-02,18,24,pressure_msl_hpa,DSM,OK,short_name=prmsl units=Pa valid=2024-09-03T18:00:00 bytes=1003174
2024-09-02,18,24,pressure_surface_hpa,DSM,OK,short_name=sp units=Pa valid=2024-09-03T18:00:00 bytes=837656
2024-09-02,18,21,pressure_msl_lead_minus3_hpa,DSM,OK,short_name=prmsl units=Pa valid=2024-09-03T15:00:00 bytes=1002532
2024-08-25,18,24,pressure_msl_hpa,DSM,OK,short_name=prmsl units=Pa valid=2024-08-26T18:00:00 bytes=882812
2024-08-25,18,24,pressure_surface_hpa,DSM,OK,short_name=sp units=Pa valid=2024-08-26T18:00:00 bytes=840803
2024-08-25,18,21,pressure_msl_lead_minus3_hpa,DSM,OK,short_name=prmsl units=Pa valid=2024-08-26T15:00:00 bytes=884297
2024-09-23,18,24,pressure_msl_hpa,DSM,OK,short_name=prmsl units=Pa valid=2024-09-24T18:00:00 bytes=1007526
2024-09-23,18,24,pressure_surface_hpa,DSM,OK,short_name=sp units=Pa valid=2024-09-24T18:00:00 bytes=837167
2024-09-23,18,21,pressure_msl_lead_minus3_hpa,DSM,OK,short_name=prmsl units=Pa valid=2024-09-24T15:00:00 bytes=1005844
2024-08-04,18,24,pressure_msl_hpa,DSM,OK,short_name=prmsl units=Pa valid=2024-08-05T18:00:00 bytes=1012420
2024-08-04,18,24,pressure_surface_hpa,DSM,OK,short_name=sp units=Pa valid=2024-08-05T18:00:00 bytes=838505
2024-08-04,18,21,pressure_msl_lead_minus3_hpa,DSM,OK,short_name=prmsl units=Pa valid=2024-08-05T15:00:00 bytes=1016282
2024-08-30,18,24,pressure_msl_hpa,DSM,OK,short_name=prmsl units=Pa valid=2024-08-31T18:00:00 bytes=874362
2024-08-30,18,24,pressure_surface_hpa,DSM,OK,short_name=sp units=Pa valid=2024-08-31T18:00:00 bytes=834805
2024-08-30,18,21,pressure_msl_lead_minus3_hpa,DSM,OK,short_name=prmsl units=Pa valid=2024-08-31T15:00:00 bytes=874875
2024-08-27,18,24,pressure_msl_hpa,DSM,OK,short_name=prmsl units=Pa valid=2024-08-28T18:00:00 bytes=1053273
2024-08-27,18,24,pressure_surface_hpa,DSM,OK,short_name=sp units=Pa valid=2024-08-28T18:00:00 bytes=840360
2024-08-27,18,21,pressure_msl_lead_minus3_hpa,DSM,OK,short_name=prmsl units=Pa valid=2024-08-28T15:00:00 bytes=1009770
2024-09-25,18,24,pressure_msl_hpa,DSM,OK,short_name=prmsl units=Pa valid=2024-09-26T18:00:00 bytes=1008528
2024-09-25,18,24,pressure_surface_hpa,DSM,OK,short_name=sp units=Pa valid=2024-09-26T18:00:00 bytes=839970
2024-09-25,18,21,pressure_msl_lead_minus3_hpa,DSM,OK,short_name=prmsl units=Pa valid=2024-09-26T15:00:00 bytes=1005782
2024-09-11,18,24,pressure_msl_hpa,DSM,OK,short_name=prmsl units=Pa valid=2024-09-12T18:00:00 bytes=995666
2024-09-11,18,24,pressure_surface_hpa,DSM,OK,short_name=sp units=Pa valid=2024-09-12T18:00:00 bytes=830220
2024-09-11,18,21,pressure_msl_lead_minus3_hpa,DSM,OK,short_name=prmsl units=Pa valid=2024-09-12T15:00:00 bytes=994865
2024-09-20,18,24,pressure_msl_hpa,DSM,OK,short_name=prmsl units=Pa valid=2024-09-21T18:00:00 bytes=874675
2024-09-20,18,24,pressure_surface_hpa,DSM,OK,short_name=sp units=Pa valid=2024-09-21T18:00:00 bytes=833920
2024-09-20,18,21,pressure_msl_lead_minus3_hpa,DSM,OK,short_name=prmsl units=Pa valid=2024-09-21T15:00:00 bytes=874864
2024-09-18,18,24,pressure_msl_hpa,DSM,OK,short_name=prmsl units=Pa valid=2024-09-19T18:00:00 bytes=873199
2024-09-18,18,24,pressure_surface_hpa,DSM,OK,short_name=sp units=Pa valid=2024-09-19T18:00:00 bytes=832603
2024-09-18,18,21,pressure_msl_lead_minus3_hpa,DSM,OK,short_name=prmsl units=Pa valid=2024-09-19T15:00:00 bytes=869653
2024-09-16,18,24,pressure_msl_hpa,DSM,OK,short_name=prmsl units=Pa valid=2024-09-17T18:00:00 bytes=1005750
2024-09-16,18,24,pressure_surface_hpa,DSM,OK,short_name=sp units=Pa valid=2024-09-17T18:00:00 bytes=835730
2024-09-16,18,21,pressure_msl_lead_minus3_hpa,DSM,OK,short_name=prmsl units=Pa valid=2024-09-17T15:00:00 bytes=1005596
2024-09-03,18,24,pressure_msl_hpa,DSM,OK,short_name=prmsl units=Pa valid=2024-09-04T18:00:00 bytes=1003928
2024-09-03,18,24,pressure_surface_hpa,DSM,OK,short_name=sp units=Pa valid=2024-09-04T18:00:00 bytes=837258
2024-09-03,18,21,pressure_msl_lead_minus3_hpa,DSM,OK,short_name=prmsl units=Pa valid=2024-09-04T15:00:00 bytes=1003863
2024-09-10,18,24,pressure_msl_hpa,DSM,OK,short_name=prmsl units=Pa valid=2024-09-11T18:00:00 bytes=997871
2024-09-10,18,24,pressure_surface_hpa,DSM,OK,short_name=sp units=Pa valid=2024-09-11T18:00:00 bytes=831618
2024-09-10,18,21,pressure_msl_lead_minus3_hpa,DSM,OK,short_name=prmsl units=Pa valid=2024-09-11T15:00:00 bytes=871511
2024-09-09,18,24,pressure_msl_hpa,DSM,OK,short_name=prmsl units=Pa valid=2024-09-10T18:00:00 bytes=878789
2024-09-09,18,24,pressure_surface_hpa,DSM,OK,short_name=sp units=Pa valid=2024-09-10T18:00:00 bytes=836741
2024-09-09,18,21,pressure_msl_lead_minus3_hpa,DSM,OK,short_name=prmsl units=Pa valid=2024-09-10T15:00:00 bytes=1003138
2024-09-12,18,24,pressure_msl_hpa,DSM,OK,short_name=prmsl units=Pa valid=2024-09-13T18:00:00 bytes=995655
2024-09-12,18,24,pressure_surface_hpa,DSM,OK,short_name=sp units=Pa valid=2024-09-13T18:00:00 bytes=832237
2024-09-12,18,21,pressure_msl_lead_minus3_hpa,DSM,OK,short_name=prmsl units=Pa valid=2024-09-13T15:00:00 bytes=996601
2024-10-06,18,24,pressure_msl_hpa,DSM,OK,short_name=prmsl units=Pa valid=2024-10-07T18:00:00 bytes=993638
2024-10-06,18,24,pressure_surface_hpa,DSM,OK,short_name=sp units=Pa valid=2024-10-07T18:00:00 bytes=830809
2024-10-06,18,21,pressure_msl_lead_minus3_hpa,DSM,OK,short_name=prmsl units=Pa valid=2024-10-07T15:00:00 bytes=992198
2024-09-29,18,24,pressure_msl_hpa,DSM,OK,short_name=prmsl units=Pa valid=2024-09-30T18:00:00 bytes=875385
2024-09-29,18,24,pressure_surface_hpa,DSM,OK,short_name=sp units=Pa valid=2024-09-30T18:00:00 bytes=837091
2024-09-29,18,21,pressure_msl_lead_minus3_hpa,DSM,OK,short_name=prmsl units=Pa valid=2024-09-30T15:00:00 bytes=1002017
2024-09-21,18,24,pressure_msl_hpa,DSM,OK,short_name=prmsl units=Pa valid=2024-09-22T18:00:00 bytes=1003200
2024-09-21,18,24,pressure_surface_hpa,DSM,OK,short_name=sp units=Pa valid=2024-09-22T18:00:00 bytes=833266
2024-09-21,18,21,pressure_msl_lead_minus3_hpa,DSM,OK,short_name=prmsl units=Pa valid=2024-09-22T15:00:00 bytes=1001532
2024-09-19,18,24,pressure_msl_hpa,DSM,OK,short_name=prmsl units=Pa valid=2024-09-20T18:00:00 bytes=879832
2024-09-19,18,24,pressure_surface_hpa,DSM,OK,short_name=sp units=Pa valid=2024-09-20T18:00:00 bytes=838629
2024-09-19,18,21,pressure_msl_lead_minus3_hpa,DSM,OK,short_name=prmsl units=Pa valid=2024-09-20T15:00:00 bytes=877700
2024-08-26,18,24,pressure_msl_hpa,DSM,OK,short_name=prmsl units=Pa valid=2024-08-27T18:00:00 bytes=890700
2024-08-26,18,24,pressure_surface_hpa,DSM,OK,short_name=sp units=Pa valid=2024-08-27T18:00:00 bytes=841904
2024-08-26,18,21,pressure_msl_lead_minus3_hpa,DSM,OK,short_name=prmsl units=Pa valid=2024-08-27T15:00:00 bytes=889271
2024-09-14,18,24,pressure_msl_hpa,DSM,OK,short_name=prmsl units=Pa valid=2024-09-15T18:00:00 bytes=1003279
2024-09-14,18,24,pressure_surface_hpa,DSM,OK,short_name=sp units=Pa valid=2024-09-15T18:00:00 bytes=836536
2024-09-14,18,21,pressure_msl_lead_minus3_hpa,DSM,OK,short_name=prmsl units=Pa valid=2024-09-15T15:00:00 bytes=997827
2024-09-15,18,24,pressure_msl_hpa,DSM,OK,short_name=prmsl units=Pa valid=2024-09-16T18:00:00 bytes=1004297
2024-09-15,18,24,pressure_surface_hpa,DSM,OK,short_name=sp units=Pa valid=2024-09-16T18:00:00 bytes=836125
2024-09-15,18,21,pressure_msl_lead_minus3_hpa,DSM,OK,short_name=prmsl units=Pa valid=2024-09-16T15:00:00 bytes=1003844
2024-10-05,18,24,pressure_msl_hpa,DSM,OK,short_name=prmsl units=Pa valid=2024-10-06T18:00:00 bytes=998678
2024-10-05,18,24,pressure_surface_hpa,DSM,OK,short_name=sp units=Pa valid=2024-10-06T18:00:00 bytes=831793
2024-10-05,18,21,pressure_msl_lead_minus3_hpa,DSM,OK,short_name=prmsl units=Pa valid=2024-10-06T15:00:00 bytes=998611
2024-10-03,18,24,pressure_msl_hpa,DSM,OK,short_name=prmsl units=Pa valid=2024-10-04T18:00:00 bytes=1002893
2024-10-03,18,24,pressure_surface_hpa,DSM,OK,short_name=sp units=Pa valid=2024-10-04T18:00:00 bytes=838094
2024-10-03,18,21,pressure_msl_lead_minus3_hpa,DSM,OK,short_name=prmsl units=Pa valid=2024-10-04T15:00:00 bytes=999667
2024-10-02,18,24,pressure_msl_hpa,DSM,OK,short_name=prmsl units=Pa valid=2024-10-03T18:00:00 bytes=1011109
2024-10-02,18,24,pressure_surface_hpa,DSM,OK,short_name=sp units=Pa valid=2024-10-03T18:00:00 bytes=841914
2024-10-02,18,21,pressure_msl_lead_minus3_hpa,DSM,OK,short_name=prmsl units=Pa valid=2024-10-03T15:00:00 bytes=1008756
2024-10-04,18,24,pressure_msl_hpa,DSM,OK,short_name=prmsl units=Pa valid=2024-10-05T18:00:00 bytes=1000563
2024-10-04,18,24,pressure_surface_hpa,DSM,OK,short_name=sp units=Pa valid=2024-10-05T18:00:00 bytes=836693
2024-10-04,18,21,pressure_msl_lead_minus3_hpa,DSM,OK,short_name=prmsl units=Pa valid=2024-10-05T15:00:00 bytes=999297
2024-09-26,18,24,pressure_msl_hpa,DSM,OK,short_name=prmsl units=Pa valid=2024-09-27T18:00:00 bytes=1008365
2024-09-26,18,24,pressure_surface_hpa,DSM,OK,short_name=sp units=Pa valid=2024-09-27T18:00:00 bytes=840479
2024-09-26,18,21,pressure_msl_lead_minus3_hpa,DSM,OK,short_name=prmsl units=Pa valid=2024-09-27T15:00:00 bytes=1004956
2024-09-07,18,24,pressure_msl_hpa,DSM,OK,short_name=prmsl units=Pa valid=2024-09-08T18:00:00 bytes=998144
2024-09-07,18,24,pressure_surface_hpa,DSM,OK,short_name=sp units=Pa valid=2024-09-08T18:00:00 bytes=834440
2024-09-07,18,21,pressure_msl_lead_minus3_hpa,DSM,OK,short_name=prmsl units=Pa valid=2024-09-08T15:00:00 bytes=998033
2024-10-13,18,24,pressure_msl_hpa,DSM,OK,short_name=prmsl units=Pa valid=2024-10-14T18:00:00 bytes=998693
2024-10-13,18,24,pressure_surface_hpa,DSM,OK,short_name=sp units=Pa valid=2024-10-14T18:00:00 bytes=832275
2024-10-13,18,21,pressure_msl_lead_minus3_hpa,DSM,OK,short_name=prmsl units=Pa valid=2024-10-14T15:00:00 bytes=996711
2024-09-17,18,24,pressure_msl_hpa,DSM,OK,short_name=prmsl units=Pa valid=2024-09-18T18:00:00 bytes=876088
2024-09-17,18,24,pressure_surface_hpa,DSM,OK,short_name=sp units=Pa valid=2024-09-18T18:00:00 bytes=832535
2024-09-17,18,21,pressure_msl_lead_minus3_hpa,DSM,OK,short_name=prmsl units=Pa valid=2024-09-18T15:00:00 bytes=1000395
2024-10-14,18,24,pressure_msl_hpa,DSM,OK,short_name=prmsl units=Pa valid=2024-10-15T18:00:00 bytes=998850
2024-10-14,18,24,pressure_surface_hpa,DSM,OK,short_name=sp units=Pa valid=2024-10-15T18:00:00 bytes=839345
2024-10-14,18,21,pressure_msl_lead_minus3_hpa,DSM,OK,short_name=prmsl units=Pa valid=2024-10-15T15:00:00 bytes=998448
2024-09-08,18,24,pressure_msl_hpa,DSM,OK,short_name=prmsl units=Pa valid=2024-09-09T18:00:00 bytes=1005141
2024-09-08,18,24,pressure_surface_hpa,DSM,OK,short_name=sp units=Pa valid=2024-09-09T18:00:00 bytes=837952
2024-09-08,18,21,pressure_msl_lead_minus3_hpa,DSM,OK,short_name=prmsl units=Pa valid=2024-09-09T15:00:00 bytes=1045773
2024-10-08,18,24,pressure_msl_hpa,DSM,OK,short_name=prmsl units=Pa valid=2024-10-09T18:00:00 bytes=1001702
2024-10-08,18,24,pressure_surface_hpa,DSM,OK,short_name=sp units=Pa valid=2024-10-09T18:00:00 bytes=836368
2024-10-08,18,21,pressure_msl_lead_minus3_hpa,DSM,OK,short_name=prmsl units=Pa valid=2024-10-09T15:00:00 bytes=1003023
2024-09-24,18,24,pressure_msl_hpa,DSM,OK,short_name=prmsl units=Pa valid=2024-09-25T18:00:00 bytes=1009360
2024-09-24,18,24,pressure_surface_hpa,DSM,OK,short_name=sp units=Pa valid=2024-09-25T18:00:00 bytes=837942
2024-09-24,18,21,pressure_msl_lead_minus3_hpa,DSM,OK,short_name=prmsl units=Pa valid=2024-09-25T15:00:00 bytes=1004794
2024-10-10,18,24,pressure_msl_hpa,DSM,OK,short_name=prmsl units=Pa valid=2024-10-11T18:00:00 bytes=1007808
2024-10-10,18,24,pressure_surface_hpa,DSM,OK,short_name=sp units=Pa valid=2024-10-11T18:00:00 bytes=842436
2024-10-10,18,21,pressure_msl_lead_minus3_hpa,DSM,OK,short_name=prmsl units=Pa valid=2024-10-11T15:00:00 bytes=1004143
2024-10-15,18,24,pressure_msl_hpa,DSM,OK,short_name=prmsl units=Pa valid=2024-10-16T18:00:00 bytes=997776
2024-10-15,18,24,pressure_surface_hpa,DSM,OK,short_name=sp units=Pa valid=2024-10-16T18:00:00 bytes=836842
2024-10-15,18,21,pressure_msl_lead_minus3_hpa,DSM,OK,short_name=prmsl units=Pa valid=2024-10-16T15:00:00 bytes=997109
2024-10-26,18,24,pressure_msl_hpa,DSM,OK,short_name=prmsl units=Pa valid=2024-10-27T18:00:00 bytes=994144
2024-10-26,18,24,pressure_surface_hpa,DSM,OK,short_name=sp units=Pa valid=2024-10-27T18:00:00 bytes=834583
2024-10-26,18,21,pressure_msl_lead_minus3_hpa,DSM,OK,short_name=prmsl units=Pa valid=2024-10-27T15:00:00 bytes=998073
2024-09-27,18,24,pressure_msl_hpa,DSM,OK,short_name=prmsl units=Pa valid=2024-09-28T18:00:00 bytes=882674
2024-09-27,18,24,pressure_surface_hpa,DSM,OK,short_name=sp units=Pa valid=2024-09-28T18:00:00 bytes=840522
2024-09-27,18,21,pressure_msl_lead_minus3_hpa,DSM,OK,short_name=prmsl units=Pa valid=2024-09-28T15:00:00 bytes=881632
2024-10-22,18,24,pressure_msl_hpa,DSM,OK,short_name=prmsl units=Pa valid=2024-10-23T18:00:00 bytes=1009715
2024-10-22,18,24,pressure_surface_hpa,DSM,OK,short_name=sp units=Pa valid=2024-10-23T18:00:00 bytes=846771
2024-10-22,18,21,pressure_msl_lead_minus3_hpa,DSM,OK,short_name=prmsl units=Pa valid=2024-10-23T15:00:00 bytes=1004823
2024-09-22,18,24,pressure_msl_hpa,DSM,OK,short_name=prmsl units=Pa valid=2024-09-23T18:00:00 bytes=1007686
2024-09-22,18,24,pressure_surface_hpa,DSM,OK,short_name=sp units=Pa valid=2024-09-23T18:00:00 bytes=835996
2024-09-22,18,21,pressure_msl_lead_minus3_hpa,DSM,OK,short_name=prmsl units=Pa valid=2024-09-23T15:00:00 bytes=1005166
2024-11-03,18,24,pressure_msl_hpa,DSM,OK,short_name=prmsl units=Pa valid=2024-11-04T18:00:00 bytes=999553
2024-11-03,18,24,pressure_surface_hpa,DSM,OK,short_name=sp units=Pa valid=2024-11-04T18:00:00 bytes=838186
2024-11-03,18,21,pressure_msl_lead_minus3_hpa,DSM,OK,short_name=prmsl units=Pa valid=2024-11-04T15:00:00 bytes=998923
2024-10-11,18,24,pressure_msl_hpa,DSM,OK,short_name=prmsl units=Pa valid=2024-10-12T18:00:00 bytes=1005716
2024-10-11,18,24,pressure_surface_hpa,DSM,OK,short_name=sp units=Pa valid=2024-10-12T18:00:00 bytes=838817
2024-10-11,18,21,pressure_msl_lead_minus3_hpa,DSM,OK,short_name=prmsl units=Pa valid=2024-10-12T15:00:00 bytes=1004655
2024-10-28,18,24,pressure_msl_hpa,DSM,OK,short_name=prmsl units=Pa valid=2024-10-29T18:00:00 bytes=998513
2024-10-28,18,24,pressure_surface_hpa,DSM,OK,short_name=sp units=Pa valid=2024-10-29T18:00:00 bytes=837948
2024-10-28,18,21,pressure_msl_lead_minus3_hpa,DSM,OK,short_name=prmsl units=Pa valid=2024-10-29T15:00:00 bytes=992205
2024-10-12,18,24,pressure_msl_hpa,DSM,OK,short_name=prmsl units=Pa valid=2024-10-13T18:00:00 bytes=999881
2024-10-12,18,24,pressure_surface_hpa,DSM,OK,short_name=sp units=Pa valid=2024-10-13T18:00:00 bytes=832718
2024-10-12,18,21,pressure_msl_lead_minus3_hpa,DSM,OK,short_name=prmsl units=Pa valid=2024-10-13T15:00:00 bytes=996153
2024-10-01,18,24,pressure_msl_hpa,DSM,OK,short_name=prmsl units=Pa valid=2024-10-02T18:00:00 bytes=1011845
2024-10-01,18,24,pressure_surface_hpa,DSM,OK,short_name=sp units=Pa valid=2024-10-02T18:00:00 bytes=843851
2024-10-01,18,21,pressure_msl_lead_minus3_hpa,DSM,OK,short_name=prmsl units=Pa valid=2024-10-02T15:00:00 bytes=1007223
2024-09-28,18,24,pressure_msl_hpa,DSM,OK,short_name=prmsl units=Pa valid=2024-09-29T18:00:00 bytes=876503
2024-09-28,18,24,pressure_surface_hpa,DSM,OK,short_name=sp units=Pa valid=2024-09-29T18:00:00 bytes=835985
2024-09-28,18,21,pressure_msl_lead_minus3_hpa,DSM,OK,short_name=prmsl units=Pa valid=2024-09-29T15:00:00 bytes=1000859
2024-11-11,18,24,pressure_msl_hpa,DSM,OK,short_name=prmsl units=Pa valid=2024-11-12T18:00:00 bytes=992700
2024-11-11,18,24,pressure_surface_hpa,DSM,OK,short_name=sp units=Pa valid=2024-11-12T18:00:00 bytes=838555
2024-11-11,18,21,pressure_msl_lead_minus3_hpa,DSM,OK,short_name=prmsl units=Pa valid=2024-11-12T15:00:00 bytes=991905
2024-10-19,18,24,pressure_msl_hpa,DSM,OK,short_name=prmsl units=Pa valid=2024-10-20T18:00:00 bytes=1007188
2024-10-19,18,24,pressure_surface_hpa,DSM,OK,short_name=sp units=Pa valid=2024-10-20T18:00:00 bytes=841558
2024-10-19,18,21,pressure_msl_lead_minus3_hpa,DSM,OK,short_name=prmsl units=Pa valid=2024-10-20T15:00:00 bytes=1006055
2024-10-18,18,24,pressure_msl_hpa,DSM,OK,short_name=prmsl units=Pa valid=2024-10-19T18:00:00 bytes=1008231
2024-10-18,18,24,pressure_surface_hpa,DSM,OK,short_name=sp units=Pa valid=2024-10-19T18:00:00 bytes=841986
2024-10-18,18,21,pressure_msl_lead_minus3_hpa,DSM,OK,short_name=prmsl units=Pa valid=2024-10-19T15:00:00 bytes=1005506
2024-11-04,18,24,pressure_msl_hpa,DSM,OK,short_name=prmsl units=Pa valid=2024-11-05T18:00:00 bytes=1001859
2024-11-04,18,24,pressure_surface_hpa,DSM,OK,short_name=sp units=Pa valid=2024-11-05T18:00:00 bytes=838324
2024-11-04,18,21,pressure_msl_lead_minus3_hpa,DSM,OK,short_name=prmsl units=Pa valid=2024-11-05T15:00:00 bytes=1000885
2024-10-07,18,24,pressure_msl_hpa,DSM,OK,short_name=prmsl units=Pa valid=2024-10-08T18:00:00 bytes=994691
2024-10-07,18,24,pressure_surface_hpa,DSM,OK,short_name=sp units=Pa valid=2024-10-08T18:00:00 bytes=833056
2024-10-07,18,21,pressure_msl_lead_minus3_hpa,DSM,OK,short_name=prmsl units=Pa valid=2024-10-08T15:00:00 bytes=992483
2024-11-06,18,24,pressure_msl_hpa,DSM,OK,short_name=prmsl units=Pa valid=2024-11-07T18:00:00 bytes=1036093
2024-11-06,18,24,pressure_surface_hpa,DSM,OK,short_name=sp units=Pa valid=2024-11-07T18:00:00 bytes=836534
2024-11-06,18,21,pressure_msl_lead_minus3_hpa,DSM,OK,short_name=prmsl units=Pa valid=2024-11-07T15:00:00 bytes=1034570
2024-11-01,18,24,pressure_msl_hpa,DSM,OK,short_name=prmsl units=Pa valid=2024-11-02T18:00:00 bytes=995518
2024-11-01,18,24,pressure_surface_hpa,DSM,OK,short_name=sp units=Pa valid=2024-11-02T18:00:00 bytes=834157
2024-11-01,18,21,pressure_msl_lead_minus3_hpa,DSM,OK,short_name=prmsl units=Pa valid=2024-11-02T15:00:00 bytes=1033893
2024-11-10,18,24,pressure_msl_hpa,DSM,OK,short_name=prmsl units=Pa valid=2024-11-11T18:00:00 bytes=1000699
2024-11-10,18,24,pressure_surface_hpa,DSM,OK,short_name=sp units=Pa valid=2024-11-11T18:00:00 bytes=842119
2024-11-10,18,21,pressure_msl_lead_minus3_hpa,DSM,OK,short_name=prmsl units=Pa valid=2024-11-11T15:00:00 bytes=1037131
2024-10-09,18,24,pressure_msl_hpa,DSM,OK,short_name=prmsl units=Pa valid=2024-10-10T18:00:00 bytes=1002757
2024-10-09,18,24,pressure_surface_hpa,DSM,OK,short_name=sp units=Pa valid=2024-10-10T18:00:00 bytes=837659
2024-10-09,18,21,pressure_msl_lead_minus3_hpa,DSM,OK,short_name=prmsl units=Pa valid=2024-10-10T15:00:00 bytes=999936
2024-10-29,18,24,pressure_msl_hpa,DSM,OK,short_name=prmsl units=Pa valid=2024-10-30T18:00:00 bytes=993126
2024-10-29,18,24,pressure_surface_hpa,DSM,OK,short_name=sp units=Pa valid=2024-10-30T18:00:00 bytes=836734
2024-10-29,18,21,pressure_msl_lead_minus3_hpa,DSM,OK,short_name=prmsl units=Pa valid=2024-10-30T15:00:00 bytes=992872
2024-09-13,18,24,pressure_msl_hpa,DSM,OK,short_name=prmsl units=Pa valid=2024-09-14T18:00:00 bytes=999679
2024-09-13,18,24,pressure_surface_hpa,DSM,OK,short_name=sp units=Pa valid=2024-09-14T18:00:00 bytes=832424
2024-09-13,18,21,pressure_msl_lead_minus3_hpa,DSM,OK,short_name=prmsl units=Pa valid=2024-09-14T15:00:00 bytes=994963
2024-10-23,18,24,pressure_msl_hpa,DSM,OK,short_name=prmsl units=Pa valid=2024-10-24T18:00:00 bytes=883483
2024-10-23,18,24,pressure_surface_hpa,DSM,OK,short_name=sp units=Pa valid=2024-10-24T18:00:00 bytes=846610
2024-10-23,18,21,pressure_msl_lead_minus3_hpa,DSM,OK,short_name=prmsl units=Pa valid=2024-10-24T15:00:00 bytes=1006634
2024-10-20,18,24,pressure_msl_hpa,DSM,OK,short_name=prmsl units=Pa valid=2024-10-21T18:00:00 bytes=1006512
2024-10-20,18,24,pressure_surface_hpa,DSM,OK,short_name=sp units=Pa valid=2024-10-21T18:00:00 bytes=839186
2024-10-20,18,21,pressure_msl_lead_minus3_hpa,DSM,OK,short_name=prmsl units=Pa valid=2024-10-21T15:00:00 bytes=1005727
2024-11-16,18,24,pressure_msl_hpa,DSM,OK,short_name=prmsl units=Pa valid=2024-11-17T18:00:00 bytes=995988
2024-11-16,18,24,pressure_surface_hpa,DSM,OK,short_name=sp units=Pa valid=2024-11-17T18:00:00 bytes=837365
2024-11-16,18,21,pressure_msl_lead_minus3_hpa,DSM,OK,short_name=prmsl units=Pa valid=2024-11-17T15:00:00 bytes=869140
2024-10-21,18,24,pressure_msl_hpa,DSM,OK,short_name=prmsl units=Pa valid=2024-10-22T18:00:00 bytes=1006382
2024-10-21,18,24,pressure_surface_hpa,DSM,OK,short_name=sp units=Pa valid=2024-10-22T18:00:00 bytes=842716
2024-10-21,18,21,pressure_msl_lead_minus3_hpa,DSM,OK,short_name=prmsl units=Pa valid=2024-10-22T15:00:00 bytes=1005504
2024-10-16,18,24,pressure_msl_hpa,DSM,OK,short_name=prmsl units=Pa valid=2024-10-17T18:00:00 bytes=998025
2024-10-16,18,24,pressure_surface_hpa,DSM,OK,short_name=sp units=Pa valid=2024-10-17T18:00:00 bytes=837737
2024-10-16,18,21,pressure_msl_lead_minus3_hpa,DSM,OK,short_name=prmsl units=Pa valid=2024-10-17T15:00:00 bytes=996924
2024-11-14,18,24,pressure_msl_hpa,DSM,OK,short_name=prmsl units=Pa valid=2024-11-15T18:00:00 bytes=989459
2024-11-14,18,24,pressure_surface_hpa,DSM,OK,short_name=sp units=Pa valid=2024-11-15T18:00:00 bytes=831310
2024-11-14,18,21,pressure_msl_lead_minus3_hpa,DSM,OK,short_name=prmsl units=Pa valid=2024-11-15T15:00:00 bytes=985601
2024-10-17,18,24,pressure_msl_hpa,DSM,OK,short_name=prmsl units=Pa valid=2024-10-18T18:00:00 bytes=1007106
2024-10-17,18,24,pressure_surface_hpa,DSM,OK,short_name=sp units=Pa valid=2024-10-18T18:00:00 bytes=841741
2024-10-17,18,21,pressure_msl_lead_minus3_hpa,DSM,OK,short_name=prmsl units=Pa valid=2024-10-18T15:00:00 bytes=1006221
2024-11-12,18,24,pressure_msl_hpa,DSM,OK,short_name=prmsl units=Pa valid=2024-11-13T18:00:00 bytes=1034318
2024-11-12,18,24,pressure_surface_hpa,DSM,OK,short_name=sp units=Pa valid=2024-11-13T18:00:00 bytes=838226
2024-11-12,18,21,pressure_msl_lead_minus3_hpa,DSM,OK,short_name=prmsl units=Pa valid=2024-11-13T15:00:00 bytes=996042
2024-10-24,18,24,pressure_msl_hpa,DSM,OK,short_name=prmsl units=Pa valid=2024-10-25T18:00:00 bytes=1007820
2024-10-24,18,24,pressure_surface_hpa,DSM,OK,short_name=sp units=Pa valid=2024-10-25T18:00:00 bytes=843501
2024-10-24,18,21,pressure_msl_lead_minus3_hpa,DSM,OK,short_name=prmsl units=Pa valid=2024-10-25T15:00:00 bytes=1004321
2024-11-29,18,24,pressure_msl_hpa,DSM,OK,short_name=prmsl units=Pa valid=2024-11-30T18:00:00 bytes=1003421
2024-11-29,18,24,pressure_surface_hpa,DSM,OK,short_name=sp units=Pa valid=2024-11-30T18:00:00 bytes=841975
2024-11-29,18,21,pressure_msl_lead_minus3_hpa,DSM,OK,short_name=prmsl units=Pa valid=2024-11-30T15:00:00 bytes=1002705
2024-11-08,18,24,pressure_msl_hpa,DSM,OK,short_name=prmsl units=Pa valid=2024-11-09T18:00:00 bytes=1035107
2024-11-08,18,24,pressure_surface_hpa,DSM,OK,short_name=sp units=Pa valid=2024-11-09T18:00:00 bytes=835721
2024-11-08,18,21,pressure_msl_lead_minus3_hpa,DSM,OK,short_name=prmsl units=Pa valid=2024-11-09T15:00:00 bytes=1033146
2024-11-17,18,24,pressure_msl_hpa,DSM,OK,short_name=prmsl units=Pa valid=2024-11-18T18:00:00 bytes=1003762
2024-11-17,18,24,pressure_surface_hpa,DSM,OK,short_name=sp units=Pa valid=2024-11-18T18:00:00 bytes=840820
2024-11-17,18,21,pressure_msl_lead_minus3_hpa,DSM,OK,short_name=prmsl units=Pa valid=2024-11-18T15:00:00 bytes=1003907
2024-09-30,18,24,pressure_msl_hpa,DSM,OK,short_name=prmsl units=Pa valid=2024-10-01T18:00:00 bytes=882732
2024-09-30,18,24,pressure_surface_hpa,DSM,OK,short_name=sp units=Pa valid=2024-10-01T18:00:00 bytes=841825
2024-09-30,18,21,pressure_msl_lead_minus3_hpa,DSM,OK,short_name=prmsl units=Pa valid=2024-10-01T15:00:00 bytes=1000911
2024-10-25,18,24,pressure_msl_hpa,DSM,OK,short_name=prmsl units=Pa valid=2024-10-26T18:00:00 bytes=876370
2024-10-25,18,24,pressure_surface_hpa,DSM,OK,short_name=sp units=Pa valid=2024-10-26T18:00:00 bytes=838077
2024-10-25,18,21,pressure_msl_lead_minus3_hpa,DSM,OK,short_name=prmsl units=Pa valid=2024-10-26T15:00:00 bytes=999661
2024-11-25,18,24,pressure_msl_hpa,DSM,OK,short_name=prmsl units=Pa valid=2024-11-26T18:00:00 bytes=1000341
2024-11-25,18,24,pressure_surface_hpa,DSM,OK,short_name=sp units=Pa valid=2024-11-26T18:00:00 bytes=836480
2024-11-25,18,21,pressure_msl_lead_minus3_hpa,DSM,OK,short_name=prmsl units=Pa valid=2024-11-26T15:00:00 bytes=998755
2024-10-30,18,24,pressure_msl_hpa,DSM,OK,short_name=prmsl units=Pa valid=2024-10-31T18:00:00 bytes=1038336
2024-10-30,18,24,pressure_surface_hpa,DSM,OK,short_name=sp units=Pa valid=2024-10-31T18:00:00 bytes=838046
2024-10-30,18,21,pressure_msl_lead_minus3_hpa,DSM,OK,short_name=prmsl units=Pa valid=2024-10-31T15:00:00 bytes=1038443
2024-11-20,18,24,pressure_msl_hpa,DSM,OK,short_name=prmsl units=Pa valid=2024-11-21T18:00:00 bytes=995319
2024-11-20,18,24,pressure_surface_hpa,DSM,OK,short_name=sp units=Pa valid=2024-11-21T18:00:00 bytes=833867
2024-11-20,18,21,pressure_msl_lead_minus3_hpa,DSM,OK,short_name=prmsl units=Pa valid=2024-11-21T15:00:00 bytes=998511
2024-11-22,18,24,pressure_msl_hpa,DSM,OK,short_name=prmsl units=Pa valid=2024-11-23T18:00:00 bytes=880162
2024-11-22,18,24,pressure_surface_hpa,DSM,OK,short_name=sp units=Pa valid=2024-11-23T18:00:00 bytes=838897
2024-11-22,18,21,pressure_msl_lead_minus3_hpa,DSM,OK,short_name=prmsl units=Pa valid=2024-11-23T15:00:00 bytes=1003165
2024-10-31,18,24,pressure_msl_hpa,DSM,OK,short_name=prmsl units=Pa valid=2024-11-01T18:00:00 bytes=996231
2024-10-31,18,24,pressure_surface_hpa,DSM,OK,short_name=sp units=Pa valid=2024-11-01T18:00:00 bytes=835402
2024-10-31,18,21,pressure_msl_lead_minus3_hpa,DSM,OK,short_name=prmsl units=Pa valid=2024-11-01T15:00:00 bytes=1035166
2024-11-18,18,24,pressure_msl_hpa,DSM,OK,short_name=prmsl units=Pa valid=2024-11-19T18:00:00 bytes=1001237
2024-11-18,18,24,pressure_surface_hpa,DSM,OK,short_name=sp units=Pa valid=2024-11-19T18:00:00 bytes=837688
2024-11-18,18,21,pressure_msl_lead_minus3_hpa,DSM,OK,short_name=prmsl units=Pa valid=2024-11-19T15:00:00 bytes=1000522
2024-12-13,18,24,pressure_msl_hpa,DSM,OK,short_name=prmsl units=Pa valid=2024-12-14T18:00:00 bytes=884667
2024-12-13,18,24,pressure_surface_hpa,DSM,OK,short_name=sp units=Pa valid=2024-12-14T18:00:00 bytes=840563
2024-12-13,18,21,pressure_msl_lead_minus3_hpa,DSM,OK,short_name=prmsl units=Pa valid=2024-12-14T15:00:00 bytes=1006480
2024-12-08,18,24,pressure_msl_hpa,DSM,OK,short_name=prmsl units=Pa valid=2024-12-09T18:00:00 bytes=1006677
2024-12-08,18,24,pressure_surface_hpa,DSM,OK,short_name=sp units=Pa valid=2024-12-09T18:00:00 bytes=840537
2024-12-08,18,21,pressure_msl_lead_minus3_hpa,DSM,OK,short_name=prmsl units=Pa valid=2024-12-09T15:00:00 bytes=1004386
2024-11-02,18,24,pressure_msl_hpa,DSM,OK,short_name=prmsl units=Pa valid=2024-11-03T18:00:00 bytes=998759
2024-11-02,18,24,pressure_surface_hpa,DSM,OK,short_name=sp units=Pa valid=2024-11-03T18:00:00 bytes=835640
2024-11-02,18,21,pressure_msl_lead_minus3_hpa,DSM,OK,short_name=prmsl units=Pa valid=2024-11-03T15:00:00 bytes=997991
2024-11-19,18,24,pressure_msl_hpa,DSM,OK,short_name=prmsl units=Pa valid=2024-11-20T18:00:00 bytes=1002280
2024-11-19,18,24,pressure_surface_hpa,DSM,OK,short_name=sp units=Pa valid=2024-11-20T18:00:00 bytes=836166
2024-11-19,18,21,pressure_msl_lead_minus3_hpa,DSM,OK,short_name=prmsl units=Pa valid=2024-11-20T15:00:00 bytes=1000110
2024-10-27,18,24,pressure_msl_hpa,DSM,OK,short_name=prmsl units=Pa valid=2024-10-28T18:00:00 bytes=990248
2024-10-27,18,24,pressure_surface_hpa,DSM,OK,short_name=sp units=Pa valid=2024-10-28T18:00:00 bytes=834917
2024-10-27,18,21,pressure_msl_lead_minus3_hpa,DSM,OK,short_name=prmsl units=Pa valid=2024-10-28T15:00:00 bytes=990576
2024-11-05,18,24,pressure_msl_hpa,DSM,OK,short_name=prmsl units=Pa valid=2024-11-06T18:00:00 bytes=1041139
2024-11-05,18,24,pressure_surface_hpa,DSM,OK,short_name=sp units=Pa valid=2024-11-06T18:00:00 bytes=839545
2024-11-05,18,21,pressure_msl_lead_minus3_hpa,DSM,OK,short_name=prmsl units=Pa valid=2024-11-06T15:00:00 bytes=1040163
2024-12-05,18,24,pressure_msl_hpa,DSM,OK,short_name=prmsl units=Pa valid=2024-12-06T18:00:00 bytes=998747
2024-12-05,18,24,pressure_surface_hpa,DSM,OK,short_name=sp units=Pa valid=2024-12-06T18:00:00 bytes=838718
2024-12-05,18,21,pressure_msl_lead_minus3_hpa,DSM,OK,short_name=prmsl units=Pa valid=2024-12-06T15:00:00 bytes=998141
2024-12-15,18,24,pressure_msl_hpa,DSM,OK,short_name=prmsl units=Pa valid=2024-12-16T18:00:00 bytes=1005780
2024-12-15,18,24,pressure_surface_hpa,DSM,OK,short_name=sp units=Pa valid=2024-12-16T18:00:00 bytes=841219
2024-12-15,18,21,pressure_msl_lead_minus3_hpa,DSM,OK,short_name=prmsl units=Pa valid=2024-12-16T15:00:00 bytes=1004058
2024-11-21,18,24,pressure_msl_hpa,DSM,OK,short_name=prmsl units=Pa valid=2024-11-22T18:00:00 bytes=995264
2024-11-21,18,24,pressure_surface_hpa,DSM,OK,short_name=sp units=Pa valid=2024-11-22T18:00:00 bytes=834376
2024-11-21,18,21,pressure_msl_lead_minus3_hpa,DSM,OK,short_name=prmsl units=Pa valid=2024-11-22T15:00:00 bytes=990290
2024-12-02,18,24,pressure_msl_hpa,DSM,OK,short_name=prmsl units=Pa valid=2024-12-03T18:00:00 bytes=1000605
2024-12-02,18,24,pressure_surface_hpa,DSM,OK,short_name=sp units=Pa valid=2024-12-03T18:00:00 bytes=839213
2024-12-02,18,21,pressure_msl_lead_minus3_hpa,DSM,OK,short_name=prmsl units=Pa valid=2024-12-03T15:00:00 bytes=1000723
2024-12-04,18,24,pressure_msl_hpa,DSM,OK,short_name=prmsl units=Pa valid=2024-12-05T18:00:00 bytes=1000539
2024-12-04,18,24,pressure_surface_hpa,DSM,OK,short_name=sp units=Pa valid=2024-12-05T18:00:00 bytes=837494
2024-12-04,18,21,pressure_msl_lead_minus3_hpa,DSM,OK,short_name=prmsl units=Pa valid=2024-12-05T15:00:00 bytes=1000182
2024-11-23,18,24,pressure_msl_hpa,DSM,OK,short_name=prmsl units=Pa valid=2024-11-24T18:00:00 bytes=1005311
2024-11-23,18,24,pressure_surface_hpa,DSM,OK,short_name=sp units=Pa valid=2024-11-24T18:00:00 bytes=834040
2024-11-23,18,21,pressure_msl_lead_minus3_hpa,DSM,OK,short_name=prmsl units=Pa valid=2024-11-24T15:00:00 bytes=1004559
2024-12-16,18,24,pressure_msl_hpa,DSM,OK,short_name=prmsl units=Pa valid=2024-12-17T18:00:00 bytes=1009211
2024-12-16,18,24,pressure_surface_hpa,DSM,OK,short_name=sp units=Pa valid=2024-12-17T18:00:00 bytes=843747
2024-12-16,18,21,pressure_msl_lead_minus3_hpa,DSM,OK,short_name=prmsl units=Pa valid=2024-12-17T15:00:00 bytes=1006270
2024-11-15,18,24,pressure_msl_hpa,DSM,OK,short_name=prmsl units=Pa valid=2024-11-16T18:00:00 bytes=992954
2024-11-15,18,24,pressure_surface_hpa,DSM,OK,short_name=sp units=Pa valid=2024-11-16T18:00:00 bytes=833583
2024-11-15,18,21,pressure_msl_lead_minus3_hpa,DSM,OK,short_name=prmsl units=Pa valid=2024-11-16T15:00:00 bytes=986692
2024-11-27,18,24,pressure_msl_hpa,DSM,OK,short_name=prmsl units=Pa valid=2024-11-28T18:00:00 bytes=1002909
2024-11-27,18,24,pressure_surface_hpa,DSM,OK,short_name=sp units=Pa valid=2024-11-28T18:00:00 bytes=839407
2024-11-27,18,21,pressure_msl_lead_minus3_hpa,DSM,OK,short_name=prmsl units=Pa valid=2024-11-28T15:00:00 bytes=1001031
2024-12-14,18,24,pressure_msl_hpa,DSM,OK,short_name=prmsl units=Pa valid=2024-12-15T18:00:00 bytes=1011507
2024-12-14,18,24,pressure_surface_hpa,DSM,OK,short_name=sp units=Pa valid=2024-12-15T18:00:00 bytes=843076
2024-12-14,18,21,pressure_msl_lead_minus3_hpa,DSM,OK,short_name=prmsl units=Pa valid=2024-12-15T15:00:00 bytes=886232
2024-11-13,18,24,pressure_msl_hpa,DSM,OK,short_name=prmsl units=Pa valid=2024-11-14T18:00:00 bytes=985024
2024-11-13,18,24,pressure_surface_hpa,DSM,OK,short_name=sp units=Pa valid=2024-11-14T18:00:00 bytes=831750
2024-11-13,18,21,pressure_msl_lead_minus3_hpa,DSM,OK,short_name=prmsl units=Pa valid=2024-11-14T15:00:00 bytes=986443
2024-11-09,18,24,pressure_msl_hpa,DSM,OK,short_name=prmsl units=Pa valid=2024-11-10T18:00:00 bytes=1036446
2024-11-09,18,24,pressure_surface_hpa,DSM,OK,short_name=sp units=Pa valid=2024-11-10T18:00:00 bytes=838565
2024-11-09,18,21,pressure_msl_lead_minus3_hpa,DSM,OK,short_name=prmsl units=Pa valid=2024-11-10T15:00:00 bytes=1035920
2024-12-11,18,24,pressure_msl_hpa,DSM,OK,short_name=prmsl units=Pa valid=2024-12-12T18:00:00 bytes=999580
2024-12-11,18,24,pressure_surface_hpa,DSM,OK,short_name=sp units=Pa valid=2024-12-12T18:00:00 bytes=837926
2024-12-11,18,21,pressure_msl_lead_minus3_hpa,DSM,OK,short_name=prmsl units=Pa valid=2024-12-12T15:00:00 bytes=996415
2024-12-23,18,24,pressure_msl_hpa,DSM,OK,short_name=prmsl units=Pa valid=2024-12-24T18:00:00 bytes=877462
2024-12-23,18,24,pressure_surface_hpa,DSM,OK,short_name=sp units=Pa valid=2024-12-24T18:00:00 bytes=837553
2024-12-23,18,21,pressure_msl_lead_minus3_hpa,DSM,OK,short_name=prmsl units=Pa valid=2024-12-24T15:00:00 bytes=995979
2024-12-29,18,24,pressure_msl_hpa,DSM,OK,short_name=prmsl units=Pa valid=2024-12-30T18:00:00 bytes=999091
2024-12-29,18,24,pressure_surface_hpa,DSM,OK,short_name=sp units=Pa valid=2024-12-30T18:00:00 bytes=834662
2024-12-29,18,21,pressure_msl_lead_minus3_hpa,DSM,OK,short_name=prmsl units=Pa valid=2024-12-30T15:00:00 bytes=996544
2024-12-09,18,24,pressure_msl_hpa,DSM,OK,short_name=prmsl units=Pa valid=2024-12-10T18:00:00 bytes=1000806
2024-12-09,18,24,pressure_surface_hpa,DSM,OK,short_name=sp units=Pa valid=2024-12-10T18:00:00 bytes=839086
2024-12-09,18,21,pressure_msl_lead_minus3_hpa,DSM,OK,short_name=prmsl units=Pa valid=2024-12-10T15:00:00 bytes=1000267
2024-12-07,18,24,pressure_msl_hpa,DSM,OK,short_name=prmsl units=Pa valid=2024-12-08T18:00:00 bytes=1000059
2024-12-07,18,24,pressure_surface_hpa,DSM,OK,short_name=sp units=Pa valid=2024-12-08T18:00:00 bytes=840542
2024-12-07,18,21,pressure_msl_lead_minus3_hpa,DSM,OK,short_name=prmsl units=Pa valid=2024-12-08T15:00:00 bytes=1000399
2024-12-25,18,24,pressure_msl_hpa,DSM,OK,short_name=prmsl units=Pa valid=2024-12-26T18:00:00 bytes=998647
2024-12-25,18,24,pressure_surface_hpa,DSM,OK,short_name=sp units=Pa valid=2024-12-26T18:00:00 bytes=835658
2024-12-25,18,21,pressure_msl_lead_minus3_hpa,DSM,OK,short_name=prmsl units=Pa valid=2024-12-26T15:00:00 bytes=993794
2025-01-01,18,24,pressure_msl_hpa,DSM,OK,short_name=prmsl units=Pa valid=2025-01-02T18:00:00 bytes=999661
2025-01-01,18,24,pressure_surface_hpa,DSM,OK,short_name=sp units=Pa valid=2025-01-02T18:00:00 bytes=836459
2025-01-01,18,21,pressure_msl_lead_minus3_hpa,DSM,OK,short_name=prmsl units=Pa valid=2025-01-02T15:00:00 bytes=998159
2024-11-26,18,24,pressure_msl_hpa,DSM,OK,short_name=prmsl units=Pa valid=2024-11-27T18:00:00 bytes=1003147
2024-11-26,18,24,pressure_surface_hpa,DSM,OK,short_name=sp units=Pa valid=2024-11-27T18:00:00 bytes=838574
2024-11-26,18,21,pressure_msl_lead_minus3_hpa,DSM,OK,short_name=prmsl units=Pa valid=2024-11-27T15:00:00 bytes=1001899
2024-12-20,18,24,pressure_msl_hpa,DSM,OK,short_name=prmsl units=Pa valid=2024-12-21T18:00:00 bytes=995583
2024-12-20,18,24,pressure_surface_hpa,DSM,OK,short_name=sp units=Pa valid=2024-12-21T18:00:00 bytes=837365
2024-12-20,18,21,pressure_msl_lead_minus3_hpa,DSM,OK,short_name=prmsl units=Pa valid=2024-12-21T15:00:00 bytes=993791
2024-11-24,18,24,pressure_msl_hpa,DSM,OK,short_name=prmsl units=Pa valid=2024-11-25T18:00:00 bytes=994112
2024-11-24,18,24,pressure_surface_hpa,DSM,OK,short_name=sp units=Pa valid=2024-11-25T18:00:00 bytes=831482
2024-11-24,18,21,pressure_msl_lead_minus3_hpa,DSM,OK,short_name=prmsl units=Pa valid=2024-11-25T15:00:00 bytes=992689
2025-01-09,18,24,pressure_msl_hpa,DSM,OK,short_name=prmsl units=Pa valid=2025-01-10T18:00:00 bytes=1010654
2025-01-09,18,24,pressure_surface_hpa,DSM,OK,short_name=sp units=Pa valid=2025-01-10T18:00:00 bytes=846649
2025-01-09,18,21,pressure_msl_lead_minus3_hpa,DSM,OK,short_name=prmsl units=Pa valid=2025-01-10T15:00:00 bytes=1013162
2024-12-01,18,24,pressure_msl_hpa,DSM,OK,short_name=prmsl units=Pa valid=2024-12-02T18:00:00 bytes=1040221
2024-12-01,18,24,pressure_surface_hpa,DSM,OK,short_name=sp units=Pa valid=2024-12-02T18:00:00 bytes=841166
2024-12-01,18,21,pressure_msl_lead_minus3_hpa,DSM,OK,short_name=prmsl units=Pa valid=2024-12-02T15:00:00 bytes=1039691
2024-12-19,18,24,pressure_msl_hpa,DSM,OK,short_name=prmsl units=Pa valid=2024-12-20T18:00:00 bytes=1003614
2024-12-19,18,24,pressure_surface_hpa,DSM,OK,short_name=sp units=Pa valid=2024-12-20T18:00:00 bytes=842004
2024-12-19,18,21,pressure_msl_lead_minus3_hpa,DSM,OK,short_name=prmsl units=Pa valid=2024-12-20T15:00:00 bytes=1002805
2024-12-24,18,24,pressure_msl_hpa,DSM,OK,short_name=prmsl units=Pa valid=2024-12-25T18:00:00 bytes=872620
2024-12-24,18,24,pressure_surface_hpa,DSM,OK,short_name=sp units=Pa valid=2024-12-25T18:00:00 bytes=835852
2024-12-24,18,21,pressure_msl_lead_minus3_hpa,DSM,OK,short_name=prmsl units=Pa valid=2024-12-25T15:00:00 bytes=872582
2024-12-17,18,24,pressure_msl_hpa,DSM,OK,short_name=prmsl units=Pa valid=2024-12-18T18:00:00 bytes=1009376
2024-12-17,18,24,pressure_surface_hpa,DSM,OK,short_name=sp units=Pa valid=2024-12-18T18:00:00 bytes=842209
2024-12-17,18,21,pressure_msl_lead_minus3_hpa,DSM,OK,short_name=prmsl units=Pa valid=2024-12-18T15:00:00 bytes=1009012
2024-12-26,18,24,pressure_msl_hpa,DSM,OK,short_name=prmsl units=Pa valid=2024-12-27T18:00:00 bytes=1001736
2024-12-26,18,24,pressure_surface_hpa,DSM,OK,short_name=sp units=Pa valid=2024-12-27T18:00:00 bytes=836205
2024-12-26,18,21,pressure_msl_lead_minus3_hpa,DSM,OK,short_name=prmsl units=Pa valid=2024-12-27T15:00:00 bytes=996864
2025-01-02,18,24,pressure_msl_hpa,DSM,OK,short_name=prmsl units=Pa valid=2025-01-03T18:00:00 bytes=994863
2025-01-02,18,24,pressure_surface_hpa,DSM,OK,short_name=sp units=Pa valid=2025-01-03T18:00:00 bytes=832302
2025-01-02,18,21,pressure_msl_lead_minus3_hpa,DSM,OK,short_name=prmsl units=Pa valid=2025-01-03T15:00:00 bytes=994599
2024-11-28,18,24,pressure_msl_hpa,DSM,OK,short_name=prmsl units=Pa valid=2024-11-29T18:00:00 bytes=1004317
2024-11-28,18,24,pressure_surface_hpa,DSM,OK,short_name=sp units=Pa valid=2024-11-29T18:00:00 bytes=841741
2024-11-28,18,21,pressure_msl_lead_minus3_hpa,DSM,OK,short_name=prmsl units=Pa valid=2024-11-29T15:00:00 bytes=1002843
2024-11-30,18,24,pressure_msl_hpa,DSM,OK,short_name=prmsl units=Pa valid=2024-12-01T18:00:00 bytes=997999
2024-11-30,18,24,pressure_surface_hpa,DSM,OK,short_name=sp units=Pa valid=2024-12-01T18:00:00 bytes=839585
2024-11-30,18,21,pressure_msl_lead_minus3_hpa,DSM,OK,short_name=prmsl units=Pa valid=2024-12-01T15:00:00 bytes=997676
2024-12-28,18,24,pressure_msl_hpa,DSM,OK,short_name=prmsl units=Pa valid=2024-12-29T18:00:00 bytes=1003272
2024-12-28,18,24,pressure_surface_hpa,DSM,OK,short_name=sp units=Pa valid=2024-12-29T18:00:00 bytes=833585
2024-12-28,18,21,pressure_msl_lead_minus3_hpa,DSM,OK,short_name=prmsl units=Pa valid=2024-12-29T15:00:00 bytes=996981
2024-12-21,18,24,pressure_msl_hpa,DSM,OK,short_name=prmsl units=Pa valid=2024-12-22T18:00:00 bytes=996932
2024-12-21,18,24,pressure_surface_hpa,DSM,OK,short_name=sp units=Pa valid=2024-12-22T18:00:00 bytes=837058
2024-12-21,18,21,pressure_msl_lead_minus3_hpa,DSM,OK,short_name=prmsl units=Pa valid=2024-12-22T15:00:00 bytes=994682
2024-12-06,18,24,pressure_msl_hpa,DSM,OK,short_name=prmsl units=Pa valid=2024-12-07T18:00:00 bytes=997386
2024-12-06,18,24,pressure_surface_hpa,DSM,OK,short_name=sp units=Pa valid=2024-12-07T18:00:00 bytes=838701
2024-12-06,18,21,pressure_msl_lead_minus3_hpa,DSM,OK,short_name=prmsl units=Pa valid=2024-12-07T15:00:00 bytes=996756
2025-01-10,18,24,pressure_msl_hpa,DSM,OK,short_name=prmsl units=Pa valid=2025-01-11T18:00:00 bytes=1011356
2025-01-10,18,24,pressure_surface_hpa,DSM,OK,short_name=sp units=Pa valid=2025-01-11T18:00:00 bytes=844039
2025-01-10,18,21,pressure_msl_lead_minus3_hpa,DSM,OK,short_name=prmsl units=Pa valid=2025-01-11T15:00:00 bytes=1007223
2025-01-16,18,24,pressure_msl_hpa,DSM,OK,short_name=prmsl units=Pa valid=2025-01-17T18:00:00 bytes=1002955
2025-01-16,18,24,pressure_surface_hpa,DSM,OK,short_name=sp units=Pa valid=2025-01-17T18:00:00 bytes=840663
2025-01-16,18,21,pressure_msl_lead_minus3_hpa,DSM,OK,short_name=prmsl units=Pa valid=2025-01-17T15:00:00 bytes=1001462
2025-01-14,18,24,pressure_msl_hpa,DSM,OK,short_name=prmsl units=Pa valid=2025-01-15T18:00:00 bytes=876048
2025-01-14,18,24,pressure_surface_hpa,DSM,OK,short_name=sp units=Pa valid=2025-01-15T18:00:00 bytes=838945
2025-01-14,18,21,pressure_msl_lead_minus3_hpa,DSM,OK,short_name=prmsl units=Pa valid=2025-01-15T15:00:00 bytes=997589
2025-01-04,18,24,pressure_msl_hpa,DSM,OK,short_name=prmsl units=Pa valid=2025-01-05T18:00:00 bytes=1001967
2025-01-04,18,24,pressure_surface_hpa,DSM,OK,short_name=sp units=Pa valid=2025-01-05T18:00:00 bytes=837230
2025-01-04,18,21,pressure_msl_lead_minus3_hpa,DSM,OK,short_name=prmsl units=Pa valid=2025-01-05T15:00:00 bytes=1002090
2024-12-03,18,24,pressure_msl_hpa,DSM,OK,short_name=prmsl units=Pa valid=2024-12-04T18:00:00 bytes=999792
2024-12-03,18,24,pressure_surface_hpa,DSM,OK,short_name=sp units=Pa valid=2024-12-04T18:00:00 bytes=838410
2024-12-03,18,21,pressure_msl_lead_minus3_hpa,DSM,OK,short_name=prmsl units=Pa valid=2024-12-04T15:00:00 bytes=998792
2024-11-07,18,24,pressure_msl_hpa,DSM,OK,short_name=prmsl units=Pa valid=2024-11-08T18:00:00 bytes=990463
2024-11-07,18,24,pressure_surface_hpa,DSM,OK,short_name=sp units=Pa valid=2024-11-08T18:00:00 bytes=833927
2024-11-07,18,21,pressure_msl_lead_minus3_hpa,DSM,OK,short_name=prmsl units=Pa valid=2024-11-08T15:00:00 bytes=989294
2024-12-10,18,24,pressure_msl_hpa,DSM,OK,short_name=prmsl units=Pa valid=2024-12-11T18:00:00 bytes=998719
2024-12-10,18,24,pressure_surface_hpa,DSM,OK,short_name=sp units=Pa valid=2024-12-11T18:00:00 bytes=837106
2024-12-10,18,21,pressure_msl_lead_minus3_hpa,DSM,OK,short_name=prmsl units=Pa valid=2024-12-11T15:00:00 bytes=995059
2024-12-31,18,24,pressure_msl_hpa,DSM,OK,short_name=prmsl units=Pa valid=2025-01-01T18:00:00 bytes=992941
2024-12-31,18,24,pressure_surface_hpa,DSM,OK,short_name=sp units=Pa valid=2025-01-01T18:00:00 bytes=832791
2024-12-31,18,21,pressure_msl_lead_minus3_hpa,DSM,OK,short_name=prmsl units=Pa valid=2025-01-01T15:00:00 bytes=990295
2024-12-30,18,24,pressure_msl_hpa,DSM,OK,short_name=prmsl units=Pa valid=2024-12-31T18:00:00 bytes=994561
2024-12-30,18,24,pressure_surface_hpa,DSM,OK,short_name=sp units=Pa valid=2024-12-31T18:00:00 bytes=832449
2024-12-30,18,21,pressure_msl_lead_minus3_hpa,DSM,OK,short_name=prmsl units=Pa valid=2024-12-31T15:00:00 bytes=992574
2024-12-22,18,24,pressure_msl_hpa,DSM,OK,short_name=prmsl units=Pa valid=2024-12-23T18:00:00 bytes=1000974
2024-12-22,18,24,pressure_surface_hpa,DSM,OK,short_name=sp units=Pa valid=2024-12-23T18:00:00 bytes=840871
2024-12-22,18,21,pressure_msl_lead_minus3_hpa,DSM,OK,short_name=prmsl units=Pa valid=2024-12-23T15:00:00 bytes=999257
2025-01-13,18,24,pressure_msl_hpa,DSM,OK,short_name=prmsl units=Pa valid=2025-01-14T18:00:00 bytes=878737
2025-01-13,18,24,pressure_surface_hpa,DSM,OK,short_name=sp units=Pa valid=2025-01-14T18:00:00 bytes=839905
2025-01-13,18,21,pressure_msl_lead_minus3_hpa,DSM,OK,short_name=prmsl units=Pa valid=2025-01-14T15:00:00 bytes=1001827
2025-01-12,18,24,pressure_msl_hpa,DSM,OK,short_name=prmsl units=Pa valid=2025-01-13T18:00:00 bytes=879854
2025-01-12,18,24,pressure_surface_hpa,DSM,OK,short_name=sp units=Pa valid=2025-01-13T18:00:00 bytes=841211
2025-01-12,18,21,pressure_msl_lead_minus3_hpa,DSM,OK,short_name=prmsl units=Pa valid=2025-01-13T15:00:00 bytes=883541
2025-01-19,18,24,pressure_msl_hpa,DSM,OK,short_name=prmsl units=Pa valid=2025-01-20T18:00:00 bytes=1042181
2025-01-19,18,24,pressure_surface_hpa,DSM,OK,short_name=sp units=Pa valid=2025-01-20T18:00:00 bytes=841173
2025-01-19,18,21,pressure_msl_lead_minus3_hpa,DSM,OK,short_name=prmsl units=Pa valid=2025-01-20T15:00:00 bytes=1001232
2024-12-18,18,24,pressure_msl_hpa,DSM,OK,short_name=prmsl units=Pa valid=2024-12-19T18:00:00 bytes=1007541
2024-12-18,18,24,pressure_surface_hpa,DSM,OK,short_name=sp units=Pa valid=2024-12-19T18:00:00 bytes=842157
2024-12-18,18,21,pressure_msl_lead_minus3_hpa,DSM,OK,short_name=prmsl units=Pa valid=2024-12-19T15:00:00 bytes=1006461
2025-01-22,18,24,pressure_msl_hpa,DSM,OK,short_name=prmsl units=Pa valid=2025-01-23T18:00:00 bytes=996528
2025-01-22,18,24,pressure_surface_hpa,DSM,OK,short_name=sp units=Pa valid=2025-01-23T18:00:00 bytes=832540
2025-01-22,18,21,pressure_msl_lead_minus3_hpa,DSM,OK,short_name=prmsl units=Pa valid=2025-01-23T15:00:00 bytes=996522
2025-01-07,18,24,pressure_msl_hpa,DSM,OK,short_name=prmsl units=Pa valid=2025-01-08T18:00:00 bytes=1012980
2025-01-07,18,24,pressure_surface_hpa,DSM,OK,short_name=sp units=Pa valid=2025-01-08T18:00:00 bytes=842806
2025-01-07,18,21,pressure_msl_lead_minus3_hpa,DSM,OK,short_name=prmsl units=Pa valid=2025-01-08T15:00:00 bytes=1008831
2025-02-02,18,24,pressure_msl_hpa,DSM,OK,short_name=prmsl units=Pa valid=2025-02-03T18:00:00 bytes=887660
2025-02-02,18,24,pressure_surface_hpa,DSM,OK,short_name=sp units=Pa valid=2025-02-03T18:00:00 bytes=842240
2025-02-02,18,21,pressure_msl_lead_minus3_hpa,DSM,OK,short_name=prmsl units=Pa valid=2025-02-03T15:00:00 bytes=888076
2025-02-01,18,24,pressure_msl_hpa,DSM,OK,short_name=prmsl units=Pa valid=2025-02-02T18:00:00 bytes=885425
2025-02-01,18,24,pressure_surface_hpa,DSM,OK,short_name=sp units=Pa valid=2025-02-02T18:00:00 bytes=842661
2025-02-01,18,21,pressure_msl_lead_minus3_hpa,DSM,OK,short_name=prmsl units=Pa valid=2025-02-02T15:00:00 bytes=1017306
2025-01-27,18,24,pressure_msl_hpa,DSM,OK,short_name=prmsl units=Pa valid=2025-01-28T18:00:00 bytes=1010599
2025-01-27,18,24,pressure_surface_hpa,DSM,OK,short_name=sp units=Pa valid=2025-01-28T18:00:00 bytes=840631
2025-01-27,18,21,pressure_msl_lead_minus3_hpa,DSM,OK,short_name=prmsl units=Pa valid=2025-01-28T15:00:00 bytes=1006904
2025-01-11,18,24,pressure_msl_hpa,DSM,OK,short_name=prmsl units=Pa valid=2025-01-12T18:00:00 bytes=882392
2025-01-11,18,24,pressure_surface_hpa,DSM,OK,short_name=sp units=Pa valid=2025-01-12T18:00:00 bytes=842170
2025-01-11,18,21,pressure_msl_lead_minus3_hpa,DSM,OK,short_name=prmsl units=Pa valid=2025-01-12T15:00:00 bytes=1004846
2024-12-27,18,24,pressure_msl_hpa,DSM,OK,short_name=prmsl units=Pa valid=2024-12-28T18:00:00 bytes=1004316
2024-12-27,18,24,pressure_surface_hpa,DSM,OK,short_name=sp units=Pa valid=2024-12-28T18:00:00 bytes=839859
2024-12-27,18,21,pressure_msl_lead_minus3_hpa,DSM,OK,short_name=prmsl units=Pa valid=2024-12-28T15:00:00 bytes=1001167
2024-12-12,18,24,pressure_msl_hpa,DSM,OK,short_name=prmsl units=Pa valid=2024-12-13T18:00:00 bytes=1014007
2024-12-12,18,24,pressure_surface_hpa,DSM,OK,short_name=sp units=Pa valid=2024-12-13T18:00:00 bytes=842628
2024-12-12,18,21,pressure_msl_lead_minus3_hpa,DSM,OK,short_name=prmsl units=Pa valid=2024-12-13T15:00:00 bytes=881595
2025-01-20,18,24,pressure_msl_hpa,DSM,OK,short_name=prmsl units=Pa valid=2025-01-21T18:00:00 bytes=1006775
2025-01-20,18,24,pressure_surface_hpa,DSM,OK,short_name=sp units=Pa valid=2025-01-21T18:00:00 bytes=839494
2025-01-20,18,21,pressure_msl_lead_minus3_hpa,DSM,OK,short_name=prmsl units=Pa valid=2025-01-21T15:00:00 bytes=1005392
2025-01-08,18,24,pressure_msl_hpa,DSM,OK,short_name=prmsl units=Pa valid=2025-01-09T18:00:00 bytes=884136
2025-01-08,18,24,pressure_surface_hpa,DSM,OK,short_name=sp units=Pa valid=2025-01-09T18:00:00 bytes=842331
2025-01-08,18,21,pressure_msl_lead_minus3_hpa,DSM,OK,short_name=prmsl units=Pa valid=2025-01-09T15:00:00 bytes=884830
2025-01-29,18,24,pressure_msl_hpa,DSM,OK,short_name=prmsl units=Pa valid=2025-01-30T18:00:00 bytes=1009003
2025-01-29,18,24,pressure_surface_hpa,DSM,OK,short_name=sp units=Pa valid=2025-01-30T18:00:00 bytes=842486
2025-01-29,18,21,pressure_msl_lead_minus3_hpa,DSM,OK,short_name=prmsl units=Pa valid=2025-01-30T15:00:00 bytes=1004403
2025-02-12,18,24,pressure_msl_hpa,DSM,OK,short_name=prmsl units=Pa valid=2025-02-13T18:00:00 bytes=901321
2025-02-12,18,24,pressure_surface_hpa,DSM,OK,short_name=sp units=Pa valid=2025-02-13T18:00:00 bytes=849206
2025-02-12,18,21,pressure_msl_lead_minus3_hpa,DSM,OK,short_name=prmsl units=Pa valid=2025-02-13T15:00:00 bytes=1022168
2025-02-10,18,24,pressure_msl_hpa,DSM,OK,short_name=prmsl units=Pa valid=2025-02-11T18:00:00 bytes=1014720
2025-02-10,18,24,pressure_surface_hpa,DSM,OK,short_name=sp units=Pa valid=2025-02-11T18:00:00 bytes=842103
2025-02-10,18,21,pressure_msl_lead_minus3_hpa,DSM,OK,short_name=prmsl units=Pa valid=2025-02-11T15:00:00 bytes=1014797
2025-01-06,18,24,pressure_msl_hpa,DSM,OK,short_name=prmsl units=Pa valid=2025-01-07T18:00:00 bytes=1006496
2025-01-06,18,24,pressure_surface_hpa,DSM,OK,short_name=sp units=Pa valid=2025-01-07T18:00:00 bytes=842449
2025-01-06,18,21,pressure_msl_lead_minus3_hpa,DSM,OK,short_name=prmsl units=Pa valid=2025-01-07T15:00:00 bytes=1004338
2025-02-09,18,24,pressure_msl_hpa,DSM,OK,short_name=prmsl units=Pa valid=2025-02-10T18:00:00 bytes=1009125
2025-02-09,18,24,pressure_surface_hpa,DSM,OK,short_name=sp units=Pa valid=2025-02-10T18:00:00 bytes=839919
2025-02-09,18,21,pressure_msl_lead_minus3_hpa,DSM,OK,short_name=prmsl units=Pa valid=2025-02-10T15:00:00 bytes=1006841
2025-02-08,18,24,pressure_msl_hpa,DSM,OK,short_name=prmsl units=Pa valid=2025-02-09T18:00:00 bytes=1015222
2025-02-08,18,24,pressure_surface_hpa,DSM,OK,short_name=sp units=Pa valid=2025-02-09T18:00:00 bytes=843053
2025-02-08,18,21,pressure_msl_lead_minus3_hpa,DSM,OK,short_name=prmsl units=Pa valid=2025-02-09T15:00:00 bytes=1012381
2025-01-30,18,24,pressure_msl_hpa,DSM,OK,short_name=prmsl units=Pa valid=2025-01-31T18:00:00 bytes=1005639
2025-01-30,18,24,pressure_surface_hpa,DSM,OK,short_name=sp units=Pa valid=2025-01-31T18:00:00 bytes=842228
2025-01-30,18,21,pressure_msl_lead_minus3_hpa,DSM,OK,short_name=prmsl units=Pa valid=2025-01-31T15:00:00 bytes=1003531
2025-01-25,18,24,pressure_msl_hpa,DSM,OK,short_name=prmsl units=Pa valid=2025-01-26T18:00:00 bytes=879808
2025-01-25,18,24,pressure_surface_hpa,DSM,OK,short_name=sp units=Pa valid=2025-01-26T18:00:00 bytes=836905
2025-01-25,18,21,pressure_msl_lead_minus3_hpa,DSM,OK,short_name=prmsl units=Pa valid=2025-01-26T15:00:00 bytes=878768
2025-02-17,18,24,pressure_msl_hpa,DSM,OK,short_name=prmsl units=Pa valid=2025-02-18T18:00:00 bytes=1005703
2025-02-17,18,24,pressure_surface_hpa,DSM,OK,short_name=sp units=Pa valid=2025-02-18T18:00:00 bytes=837905
2025-02-17,18,21,pressure_msl_lead_minus3_hpa,DSM,OK,short_name=prmsl units=Pa valid=2025-02-18T15:00:00 bytes=1002364
2025-02-19,18,24,pressure_msl_hpa,DSM,OK,short_name=prmsl units=Pa valid=2025-02-20T18:00:00 bytes=1010358
2025-02-19,18,24,pressure_surface_hpa,DSM,OK,short_name=sp units=Pa valid=2025-02-20T18:00:00 bytes=839249
2025-02-19,18,21,pressure_msl_lead_minus3_hpa,DSM,OK,short_name=prmsl units=Pa valid=2025-02-20T15:00:00 bytes=1010172
2025-01-05,18,24,pressure_msl_hpa,DSM,OK,short_name=prmsl units=Pa valid=2025-01-06T18:00:00 bytes=1008570
2025-01-05,18,24,pressure_surface_hpa,DSM,OK,short_name=sp units=Pa valid=2025-01-06T18:00:00 bytes=840372
2025-01-05,18,21,pressure_msl_lead_minus3_hpa,DSM,OK,short_name=prmsl units=Pa valid=2025-01-06T15:00:00 bytes=1004023
2025-02-03,18,24,pressure_msl_hpa,DSM,OK,short_name=prmsl units=Pa valid=2025-02-04T18:00:00 bytes=1013777
2025-02-03,18,24,pressure_surface_hpa,DSM,OK,short_name=sp units=Pa valid=2025-02-04T18:00:00 bytes=842721
2025-02-03,18,21,pressure_msl_lead_minus3_hpa,DSM,OK,short_name=prmsl units=Pa valid=2025-02-04T15:00:00 bytes=1010969
2025-02-06,18,24,pressure_msl_hpa,DSM,OK,short_name=prmsl units=Pa valid=2025-02-07T18:00:00 bytes=886064
2025-02-06,18,24,pressure_surface_hpa,DSM,OK,short_name=sp units=Pa valid=2025-02-07T18:00:00 bytes=841576
2025-02-06,18,21,pressure_msl_lead_minus3_hpa,DSM,OK,short_name=prmsl units=Pa valid=2025-02-07T15:00:00 bytes=884580
2025-01-21,18,24,pressure_msl_hpa,DSM,OK,short_name=prmsl units=Pa valid=2025-01-22T18:00:00 bytes=1007569
2025-01-21,18,24,pressure_surface_hpa,DSM,OK,short_name=sp units=Pa valid=2025-01-22T18:00:00 bytes=838505
2025-01-21,18,21,pressure_msl_lead_minus3_hpa,DSM,OK,short_name=prmsl units=Pa valid=2025-01-22T15:00:00 bytes=1007376
2025-01-31,18,24,pressure_msl_hpa,DSM,OK,short_name=prmsl units=Pa valid=2025-02-01T18:00:00 bytes=1009888
2025-01-31,18,24,pressure_surface_hpa,DSM,OK,short_name=sp units=Pa valid=2025-02-01T18:00:00 bytes=841368
2025-01-31,18,21,pressure_msl_lead_minus3_hpa,DSM,OK,short_name=prmsl units=Pa valid=2025-02-01T15:00:00 bytes=1005926
2025-02-18,18,24,pressure_msl_hpa,DSM,OK,short_name=prmsl units=Pa valid=2025-02-19T18:00:00 bytes=887669
2025-02-18,18,24,pressure_surface_hpa,DSM,OK,short_name=sp units=Pa valid=2025-02-19T18:00:00 bytes=840746
2025-02-18,18,21,pressure_msl_lead_minus3_hpa,DSM,OK,short_name=prmsl units=Pa valid=2025-02-19T15:00:00 bytes=1008873
2025-01-17,18,24,pressure_msl_hpa,DSM,OK,short_name=prmsl units=Pa valid=2025-01-18T18:00:00 bytes=1000507
2025-01-17,18,24,pressure_surface_hpa,DSM,OK,short_name=sp units=Pa valid=2025-01-18T18:00:00 bytes=835377
2025-01-17,18,21,pressure_msl_lead_minus3_hpa,DSM,OK,short_name=prmsl units=Pa valid=2025-01-18T15:00:00 bytes=1038628
2025-02-14,18,24,pressure_msl_hpa,DSM,OK,short_name=prmsl units=Pa valid=2025-02-15T18:00:00 bytes=1023292
2025-02-14,18,24,pressure_surface_hpa,DSM,OK,short_name=sp units=Pa valid=2025-02-15T18:00:00 bytes=844619
2025-02-14,18,21,pressure_msl_lead_minus3_hpa,DSM,OK,short_name=prmsl units=Pa valid=2025-02-15T15:00:00 bytes=1018720
2025-01-18,18,24,pressure_msl_hpa,DSM,OK,short_name=prmsl units=Pa valid=2025-01-19T18:00:00 bytes=1039169
2025-01-18,18,24,pressure_surface_hpa,DSM,OK,short_name=sp units=Pa valid=2025-01-19T18:00:00 bytes=836180
2025-01-18,18,21,pressure_msl_lead_minus3_hpa,DSM,OK,short_name=prmsl units=Pa valid=2025-01-19T15:00:00 bytes=998804
2025-01-24,18,24,pressure_msl_hpa,DSM,OK,short_name=prmsl units=Pa valid=2025-01-25T18:00:00 bytes=884163
2025-01-24,18,24,pressure_surface_hpa,DSM,OK,short_name=sp units=Pa valid=2025-01-25T18:00:00 bytes=837943
2025-01-24,18,21,pressure_msl_lead_minus3_hpa,DSM,OK,short_name=prmsl units=Pa valid=2025-01-25T15:00:00 bytes=883484
2025-01-03,18,24,pressure_msl_hpa,DSM,OK,short_name=prmsl units=Pa valid=2025-01-04T18:00:00 bytes=1041399
2025-01-03,18,24,pressure_surface_hpa,DSM,OK,short_name=sp units=Pa valid=2025-01-04T18:00:00 bytes=835075
2025-01-03,18,21,pressure_msl_lead_minus3_hpa,DSM,OK,short_name=prmsl units=Pa valid=2025-01-04T15:00:00 bytes=1038190
2025-01-26,18,24,pressure_msl_hpa,DSM,OK,short_name=prmsl units=Pa valid=2025-01-27T18:00:00 bytes=1018149
2025-01-26,18,24,pressure_surface_hpa,DSM,OK,short_name=sp units=Pa valid=2025-01-27T18:00:00 bytes=841381
2025-01-26,18,21,pressure_msl_lead_minus3_hpa,DSM,OK,short_name=prmsl units=Pa valid=2025-01-27T15:00:00 bytes=1013736
2025-03-01,18,24,pressure_msl_hpa,DSM,OK,short_name=prmsl units=Pa valid=2025-03-02T18:00:00 bytes=1011147
2025-03-01,18,24,pressure_surface_hpa,DSM,OK,short_name=sp units=Pa valid=2025-03-02T18:00:00 bytes=838499
2025-03-01,18,21,pressure_msl_lead_minus3_hpa,DSM,OK,short_name=prmsl units=Pa valid=2025-03-02T15:00:00 bytes=1010315
2025-02-25,18,24,pressure_msl_hpa,DSM,OK,short_name=prmsl units=Pa valid=2025-02-26T18:00:00 bytes=1016550
2025-02-25,18,24,pressure_surface_hpa,DSM,OK,short_name=sp units=Pa valid=2025-02-26T18:00:00 bytes=840382
2025-02-25,18,21,pressure_msl_lead_minus3_hpa,DSM,OK,short_name=prmsl units=Pa valid=2025-02-26T15:00:00 bytes=1011276
2025-02-21,18,24,pressure_msl_hpa,DSM,OK,short_name=prmsl units=Pa valid=2025-02-22T18:00:00 bytes=1014676
2025-02-21,18,24,pressure_surface_hpa,DSM,OK,short_name=sp units=Pa valid=2025-02-22T18:00:00 bytes=839371
2025-02-21,18,21,pressure_msl_lead_minus3_hpa,DSM,OK,short_name=prmsl units=Pa valid=2025-02-22T15:00:00 bytes=1009950
2025-02-28,18,24,pressure_msl_hpa,DSM,OK,short_name=prmsl units=Pa valid=2025-03-01T18:00:00 bytes=884928
2025-02-28,18,24,pressure_surface_hpa,DSM,OK,short_name=sp units=Pa valid=2025-03-01T18:00:00 bytes=838430
2025-02-28,18,21,pressure_msl_lead_minus3_hpa,DSM,OK,short_name=prmsl units=Pa valid=2025-03-01T15:00:00 bytes=1007349
2025-01-15,18,24,pressure_msl_hpa,DSM,OK,short_name=prmsl units=Pa valid=2025-01-16T18:00:00 bytes=996677
2025-01-15,18,24,pressure_surface_hpa,DSM,OK,short_name=sp units=Pa valid=2025-01-16T18:00:00 bytes=838059
2025-01-15,18,21,pressure_msl_lead_minus3_hpa,DSM,OK,short_name=prmsl units=Pa valid=2025-01-16T15:00:00 bytes=995970
2025-02-11,18,24,pressure_msl_hpa,DSM,OK,short_name=prmsl units=Pa valid=2025-02-12T18:00:00 bytes=1022359
2025-02-11,18,24,pressure_surface_hpa,DSM,OK,short_name=sp units=Pa valid=2025-02-12T18:00:00 bytes=845111
2025-02-11,18,21,pressure_msl_lead_minus3_hpa,DSM,OK,short_name=prmsl units=Pa valid=2025-02-12T15:00:00 bytes=1017399
2025-03-10,18,24,pressure_msl_hpa,DSM,OK,short_name=prmsl units=Pa valid=2025-03-11T18:00:00 bytes=1007957
2025-03-10,18,24,pressure_surface_hpa,DSM,OK,short_name=sp units=Pa valid=2025-03-11T18:00:00 bytes=838244
2025-03-10,18,21,pressure_msl_lead_minus3_hpa,DSM,OK,short_name=prmsl units=Pa valid=2025-03-11T15:00:00 bytes=1008153
2025-02-27,18,24,pressure_msl_hpa,DSM,OK,short_name=prmsl units=Pa valid=2025-02-28T18:00:00 bytes=1006308
2025-02-27,18,24,pressure_surface_hpa,DSM,OK,short_name=sp units=Pa valid=2025-02-28T18:00:00 bytes=839138
2025-02-27,18,21,pressure_msl_lead_minus3_hpa,DSM,OK,short_name=prmsl units=Pa valid=2025-02-28T15:00:00 bytes=1005426
2025-03-04,18,24,pressure_msl_hpa,DSM,OK,short_name=prmsl units=Pa valid=2025-03-05T18:00:00 bytes=885105
2025-03-04,18,24,pressure_surface_hpa,DSM,OK,short_name=sp units=Pa valid=2025-03-05T18:00:00 bytes=837406
2025-03-04,18,21,pressure_msl_lead_minus3_hpa,DSM,OK,short_name=prmsl units=Pa valid=2025-03-05T15:00:00 bytes=1012908
2025-02-13,18,24,pressure_msl_hpa,DSM,OK,short_name=prmsl units=Pa valid=2025-02-14T18:00:00 bytes=897989
2025-02-13,18,24,pressure_surface_hpa,DSM,OK,short_name=sp units=Pa valid=2025-02-14T18:00:00 bytes=847244
2025-02-13,18,21,pressure_msl_lead_minus3_hpa,DSM,OK,short_name=prmsl units=Pa valid=2025-02-14T15:00:00 bytes=1018366
2025-01-23,18,24,pressure_msl_hpa,DSM,OK,short_name=prmsl units=Pa valid=2025-01-24T18:00:00 bytes=882752
2025-01-23,18,24,pressure_surface_hpa,DSM,OK,short_name=sp units=Pa valid=2025-01-24T18:00:00 bytes=837913
2025-01-23,18,21,pressure_msl_lead_minus3_hpa,DSM,OK,short_name=prmsl units=Pa valid=2025-01-24T15:00:00 bytes=881747
2025-03-09,18,24,pressure_msl_hpa,DSM,OK,short_name=prmsl units=Pa valid=2025-03-10T18:00:00 bytes=1009737
2025-03-09,18,24,pressure_surface_hpa,DSM,OK,short_name=sp units=Pa valid=2025-03-10T18:00:00 bytes=840009
2025-03-09,18,21,pressure_msl_lead_minus3_hpa,DSM,OK,short_name=prmsl units=Pa valid=2025-03-10T15:00:00 bytes=1008189
2025-02-15,18,24,pressure_msl_hpa,DSM,OK,short_name=prmsl units=Pa valid=2025-02-16T18:00:00 bytes=1012747
2025-02-15,18,24,pressure_surface_hpa,DSM,OK,short_name=sp units=Pa valid=2025-02-16T18:00:00 bytes=840072
2025-02-15,18,21,pressure_msl_lead_minus3_hpa,DSM,OK,short_name=prmsl units=Pa valid=2025-02-16T15:00:00 bytes=1011140
2025-03-18,18,24,pressure_msl_hpa,DSM,OK,short_name=prmsl units=Pa valid=2025-03-19T18:00:00 bytes=888252
2025-03-18,18,24,pressure_surface_hpa,DSM,OK,short_name=sp units=Pa valid=2025-03-19T18:00:00 bytes=839285
2025-03-18,18,21,pressure_msl_lead_minus3_hpa,DSM,OK,short_name=prmsl units=Pa valid=2025-03-19T15:00:00 bytes=1013179
2025-01-28,18,24,pressure_msl_hpa,DSM,OK,short_name=prmsl units=Pa valid=2025-01-29T18:00:00 bytes=1003931
2025-01-28,18,24,pressure_surface_hpa,DSM,OK,short_name=sp units=Pa valid=2025-01-29T18:00:00 bytes=839433
2025-01-28,18,21,pressure_msl_lead_minus3_hpa,DSM,OK,short_name=prmsl units=Pa valid=2025-01-29T15:00:00 bytes=1002225
2025-03-16,18,24,pressure_msl_hpa,DSM,OK,short_name=prmsl units=Pa valid=2025-03-17T18:00:00 bytes=888613
2025-03-16,18,24,pressure_surface_hpa,DSM,OK,short_name=sp units=Pa valid=2025-03-17T18:00:00 bytes=839618
2025-03-16,18,21,pressure_msl_lead_minus3_hpa,DSM,OK,short_name=prmsl units=Pa valid=2025-03-17T15:00:00 bytes=1014565
2025-02-26,18,24,pressure_msl_hpa,DSM,OK,short_name=prmsl units=Pa valid=2025-02-27T18:00:00 bytes=1004664
2025-02-26,18,24,pressure_surface_hpa,DSM,OK,short_name=sp units=Pa valid=2025-02-27T18:00:00 bytes=837846
2025-02-26,18,21,pressure_msl_lead_minus3_hpa,DSM,OK,short_name=prmsl units=Pa valid=2025-02-27T15:00:00 bytes=1004472
2025-02-04,18,24,pressure_msl_hpa,DSM,OK,short_name=prmsl units=Pa valid=2025-02-05T18:00:00 bytes=1011928
2025-02-04,18,24,pressure_surface_hpa,DSM,OK,short_name=sp units=Pa valid=2025-02-05T18:00:00 bytes=841616
2025-02-04,18,21,pressure_msl_lead_minus3_hpa,DSM,OK,short_name=prmsl units=Pa valid=2025-02-05T15:00:00 bytes=1011351
2025-03-03,18,24,pressure_msl_hpa,DSM,OK,short_name=prmsl units=Pa valid=2025-03-04T18:00:00 bytes=1017629
2025-03-03,18,24,pressure_surface_hpa,DSM,OK,short_name=sp units=Pa valid=2025-03-04T18:00:00 bytes=840512
2025-03-03,18,21,pressure_msl_lead_minus3_hpa,DSM,OK,short_name=prmsl units=Pa valid=2025-03-04T15:00:00 bytes=1013460
2025-03-24,18,24,pressure_msl_hpa,DSM,OK,short_name=prmsl units=Pa valid=2025-03-25T18:00:00 bytes=1008766
2025-03-24,18,24,pressure_surface_hpa,DSM,OK,short_name=sp units=Pa valid=2025-03-25T18:00:00 bytes=838876
2025-03-24,18,21,pressure_msl_lead_minus3_hpa,DSM,OK,short_name=prmsl units=Pa valid=2025-03-25T15:00:00 bytes=1007723
2025-02-16,18,24,pressure_msl_hpa,DSM,OK,short_name=prmsl units=Pa valid=2025-02-17T18:00:00 bytes=884339
2025-02-16,18,24,pressure_surface_hpa,DSM,OK,short_name=sp units=Pa valid=2025-02-17T18:00:00 bytes=836649
2025-02-16,18,21,pressure_msl_lead_minus3_hpa,DSM,OK,short_name=prmsl units=Pa valid=2025-02-17T15:00:00 bytes=1006558
2025-03-06,18,24,pressure_msl_hpa,DSM,OK,short_name=prmsl units=Pa valid=2025-03-07T18:00:00 bytes=1007316
2025-03-06,18,24,pressure_surface_hpa,DSM,OK,short_name=sp units=Pa valid=2025-03-07T18:00:00 bytes=837174
2025-03-06,18,21,pressure_msl_lead_minus3_hpa,DSM,OK,short_name=prmsl units=Pa valid=2025-03-07T15:00:00 bytes=1049570
2025-02-24,18,24,pressure_msl_hpa,DSM,OK,short_name=prmsl units=Pa valid=2025-02-25T18:00:00 bytes=883175
2025-02-24,18,24,pressure_surface_hpa,DSM,OK,short_name=sp units=Pa valid=2025-02-25T18:00:00 bytes=839284
2025-02-24,18,21,pressure_msl_lead_minus3_hpa,DSM,OK,short_name=prmsl units=Pa valid=2025-02-25T15:00:00 bytes=1004725
2025-03-13,18,24,pressure_msl_hpa,DSM,OK,short_name=prmsl units=Pa valid=2025-03-14T18:00:00 bytes=886707
2025-03-13,18,24,pressure_surface_hpa,DSM,OK,short_name=sp units=Pa valid=2025-03-14T18:00:00 bytes=839016
2025-03-13,18,21,pressure_msl_lead_minus3_hpa,DSM,OK,short_name=prmsl units=Pa valid=2025-03-14T15:00:00 bytes=1010662
2025-03-22,18,24,pressure_msl_hpa,DSM,OK,short_name=prmsl units=Pa valid=2025-03-23T18:00:00 bytes=1015633
2025-03-22,18,24,pressure_surface_hpa,DSM,OK,short_name=sp units=Pa valid=2025-03-23T18:00:00 bytes=838073
2025-03-22,18,21,pressure_msl_lead_minus3_hpa,DSM,OK,short_name=prmsl units=Pa valid=2025-03-23T15:00:00 bytes=1008841
2025-02-22,18,24,pressure_msl_hpa,DSM,OK,short_name=prmsl units=Pa valid=2025-02-23T18:00:00 bytes=1003919
2025-02-22,18,24,pressure_surface_hpa,DSM,OK,short_name=sp units=Pa valid=2025-02-23T18:00:00 bytes=835911
2025-02-22,18,21,pressure_msl_lead_minus3_hpa,DSM,OK,short_name=prmsl units=Pa valid=2025-02-23T15:00:00 bytes=1004492
2025-04-09,18,24,pressure_msl_hpa,DSM,OK,short_name=prmsl units=Pa valid=2025-04-10T18:00:00 bytes=1009033
2025-04-09,18,24,pressure_surface_hpa,DSM,OK,short_name=sp units=Pa valid=2025-04-10T18:00:00 bytes=837132
2025-04-09,18,21,pressure_msl_lead_minus3_hpa,DSM,OK,short_name=prmsl units=Pa valid=2025-04-10T15:00:00 bytes=1004556
2025-03-30,18,24,pressure_msl_hpa,DSM,OK,short_name=prmsl units=Pa valid=2025-03-31T18:00:00 bytes=1019937
2025-03-30,18,24,pressure_surface_hpa,DSM,OK,short_name=sp units=Pa valid=2025-03-31T18:00:00 bytes=844096
2025-03-30,18,21,pressure_msl_lead_minus3_hpa,DSM,OK,short_name=prmsl units=Pa valid=2025-03-31T15:00:00 bytes=1019508
2025-02-20,18,24,pressure_msl_hpa,DSM,OK,short_name=prmsl units=Pa valid=2025-02-21T18:00:00 bytes=1009325
2025-02-20,18,24,pressure_surface_hpa,DSM,OK,short_name=sp units=Pa valid=2025-02-21T18:00:00 bytes=838682
2025-02-20,18,21,pressure_msl_lead_minus3_hpa,DSM,OK,short_name=prmsl units=Pa valid=2025-02-21T15:00:00 bytes=1008567
2025-03-26,18,24,pressure_msl_hpa,DSM,OK,short_name=prmsl units=Pa valid=2025-03-27T18:00:00 bytes=1003579
2025-03-26,18,24,pressure_surface_hpa,DSM,OK,short_name=sp units=Pa valid=2025-03-27T18:00:00 bytes=836813
2025-03-26,18,21,pressure_msl_lead_minus3_hpa,DSM,OK,short_name=prmsl units=Pa valid=2025-03-27T15:00:00 bytes=1003914
2025-02-23,18,24,pressure_msl_hpa,DSM,OK,short_name=prmsl units=Pa valid=2025-02-24T18:00:00 bytes=1007329
2025-02-23,18,24,pressure_surface_hpa,DSM,OK,short_name=sp units=Pa valid=2025-02-24T18:00:00 bytes=835986
2025-02-23,18,21,pressure_msl_lead_minus3_hpa,DSM,OK,short_name=prmsl units=Pa valid=2025-02-24T15:00:00 bytes=1005491
2025-02-07,18,24,pressure_msl_hpa,DSM,OK,short_name=prmsl units=Pa valid=2025-02-08T18:00:00 bytes=1012778
2025-02-07,18,24,pressure_surface_hpa,DSM,OK,short_name=sp units=Pa valid=2025-02-08T18:00:00 bytes=844015
2025-02-07,18,21,pressure_msl_lead_minus3_hpa,DSM,OK,short_name=prmsl units=Pa valid=2025-02-08T15:00:00 bytes=1011723
2025-03-28,18,24,pressure_msl_hpa,DSM,OK,short_name=prmsl units=Pa valid=2025-03-29T18:00:00 bytes=886772
2025-03-28,18,24,pressure_surface_hpa,DSM,OK,short_name=sp units=Pa valid=2025-03-29T18:00:00 bytes=840659
2025-03-28,18,21,pressure_msl_lead_minus3_hpa,DSM,OK,short_name=prmsl units=Pa valid=2025-03-29T15:00:00 bytes=887548
2025-03-27,18,24,pressure_msl_hpa,DSM,OK,short_name=prmsl units=Pa valid=2025-03-28T18:00:00 bytes=1009085
2025-03-27,18,24,pressure_surface_hpa,DSM,OK,short_name=sp units=Pa valid=2025-03-28T18:00:00 bytes=840719
2025-03-27,18,21,pressure_msl_lead_minus3_hpa,DSM,OK,short_name=prmsl units=Pa valid=2025-03-28T15:00:00 bytes=1008530
2025-02-05,18,24,pressure_msl_hpa,DSM,OK,short_name=prmsl units=Pa valid=2025-02-06T18:00:00 bytes=889826
2025-02-05,18,24,pressure_surface_hpa,DSM,OK,short_name=sp units=Pa valid=2025-02-06T18:00:00 bytes=840464
2025-02-05,18,21,pressure_msl_lead_minus3_hpa,DSM,OK,short_name=prmsl units=Pa valid=2025-02-06T15:00:00 bytes=1009363
2025-04-07,18,24,pressure_msl_hpa,DSM,OK,short_name=prmsl units=Pa valid=2025-04-08T18:00:00 bytes=1003488
2025-04-07,18,24,pressure_surface_hpa,DSM,OK,short_name=sp units=Pa valid=2025-04-08T18:00:00 bytes=833946
2025-04-07,18,21,pressure_msl_lead_minus3_hpa,DSM,OK,short_name=prmsl units=Pa valid=2025-04-08T15:00:00 bytes=1002998
2025-03-11,18,24,pressure_msl_hpa,DSM,OK,short_name=prmsl units=Pa valid=2025-03-12T18:00:00 bytes=1010482
2025-03-11,18,24,pressure_surface_hpa,DSM,OK,short_name=sp units=Pa valid=2025-03-12T18:00:00 bytes=836933
2025-03-11,18,21,pressure_msl_lead_minus3_hpa,DSM,OK,short_name=prmsl units=Pa valid=2025-03-12T15:00:00 bytes=1009784
2025-03-12,18,24,pressure_msl_hpa,DSM,OK,short_name=prmsl units=Pa valid=2025-03-13T18:00:00 bytes=1013636
2025-03-12,18,24,pressure_surface_hpa,DSM,OK,short_name=sp units=Pa valid=2025-03-13T18:00:00 bytes=839319
2025-03-12,18,21,pressure_msl_lead_minus3_hpa,DSM,OK,short_name=prmsl units=Pa valid=2025-03-13T15:00:00 bytes=1011223
2025-03-14,18,24,pressure_msl_hpa,DSM,OK,short_name=prmsl units=Pa valid=2025-03-15T18:00:00 bytes=1010218
2025-03-14,18,24,pressure_surface_hpa,DSM,OK,short_name=sp units=Pa valid=2025-03-15T18:00:00 bytes=839216
2025-03-14,18,21,pressure_msl_lead_minus3_hpa,DSM,OK,short_name=prmsl units=Pa valid=2025-03-15T15:00:00 bytes=1011280
2025-04-08,18,24,pressure_msl_hpa,DSM,OK,short_name=prmsl units=Pa valid=2025-04-09T18:00:00 bytes=1004840
2025-04-08,18,24,pressure_surface_hpa,DSM,OK,short_name=sp units=Pa valid=2025-04-09T18:00:00 bytes=835523
2025-04-08,18,21,pressure_msl_lead_minus3_hpa,DSM,OK,short_name=prmsl units=Pa valid=2025-04-09T15:00:00 bytes=1000413
2025-04-06,18,24,pressure_msl_hpa,DSM,OK,short_name=prmsl units=Pa valid=2025-04-07T18:00:00 bytes=1003442
2025-04-06,18,24,pressure_surface_hpa,DSM,OK,short_name=sp units=Pa valid=2025-04-07T18:00:00 bytes=835006
2025-04-06,18,21,pressure_msl_lead_minus3_hpa,DSM,OK,short_name=prmsl units=Pa valid=2025-04-07T15:00:00 bytes=1005730
2025-03-25,18,24,pressure_msl_hpa,DSM,OK,short_name=prmsl units=Pa valid=2025-03-26T18:00:00 bytes=1007414
2025-03-25,18,24,pressure_surface_hpa,DSM,OK,short_name=sp units=Pa valid=2025-03-26T18:00:00 bytes=837318
2025-03-25,18,21,pressure_msl_lead_minus3_hpa,DSM,OK,short_name=prmsl units=Pa valid=2025-03-26T15:00:00 bytes=1006883
2025-03-15,18,24,pressure_msl_hpa,DSM,OK,short_name=prmsl units=Pa valid=2025-03-16T18:00:00 bytes=892162
2025-03-15,18,24,pressure_surface_hpa,DSM,OK,short_name=sp units=Pa valid=2025-03-16T18:00:00 bytes=840166
2025-03-15,18,21,pressure_msl_lead_minus3_hpa,DSM,OK,short_name=prmsl units=Pa valid=2025-03-16T15:00:00 bytes=1011518
2025-03-31,18,24,pressure_msl_hpa,DSM,OK,short_name=prmsl units=Pa valid=2025-04-01T18:00:00 bytes=1017372
2025-03-31,18,24,pressure_surface_hpa,DSM,OK,short_name=sp units=Pa valid=2025-04-01T18:00:00 bytes=841284
2025-03-31,18,21,pressure_msl_lead_minus3_hpa,DSM,OK,short_name=prmsl units=Pa valid=2025-04-01T15:00:00 bytes=1014484
2025-04-24,18,24,pressure_msl_hpa,DSM,OK,short_name=prmsl units=Pa valid=2025-04-25T18:00:00 bytes=880910
2025-04-24,18,24,pressure_surface_hpa,DSM,OK,short_name=sp units=Pa valid=2025-04-25T18:00:00 bytes=834858
2025-04-24,18,21,pressure_msl_lead_minus3_hpa,DSM,OK,short_name=prmsl units=Pa valid=2025-04-25T15:00:00 bytes=881244
2025-03-20,18,24,pressure_msl_hpa,DSM,OK,short_name=prmsl units=Pa valid=2025-03-21T18:00:00 bytes=885864
2025-03-20,18,24,pressure_surface_hpa,DSM,OK,short_name=sp units=Pa valid=2025-03-21T18:00:00 bytes=838748
2025-03-20,18,21,pressure_msl_lead_minus3_hpa,DSM,OK,short_name=prmsl units=Pa valid=2025-03-21T15:00:00 bytes=886649
2025-04-16,18,24,pressure_msl_hpa,DSM,OK,short_name=prmsl units=Pa valid=2025-04-17T18:00:00 bytes=885110
2025-04-16,18,24,pressure_surface_hpa,DSM,OK,short_name=sp units=Pa valid=2025-04-17T18:00:00 bytes=837452
2025-04-16,18,21,pressure_msl_lead_minus3_hpa,DSM,OK,short_name=prmsl units=Pa valid=2025-04-17T15:00:00 bytes=883264
2025-04-04,18,24,pressure_msl_hpa,DSM,OK,short_name=prmsl units=Pa valid=2025-04-05T18:00:00 bytes=890009
2025-04-04,18,24,pressure_surface_hpa,DSM,OK,short_name=sp units=Pa valid=2025-04-05T18:00:00 bytes=842123
2025-04-04,18,21,pressure_msl_lead_minus3_hpa,DSM,OK,short_name=prmsl units=Pa valid=2025-04-05T15:00:00 bytes=1014932
2025-04-15,18,24,pressure_msl_hpa,DSM,OK,short_name=prmsl units=Pa valid=2025-04-16T18:00:00 bytes=1012682
2025-04-15,18,24,pressure_surface_hpa,DSM,OK,short_name=sp units=Pa valid=2025-04-16T18:00:00 bytes=842750
2025-04-15,18,21,pressure_msl_lead_minus3_hpa,DSM,OK,short_name=prmsl units=Pa valid=2025-04-16T15:00:00 bytes=1013071
2025-04-27,18,24,pressure_msl_hpa,DSM,OK,short_name=prmsl units=Pa valid=2025-04-28T18:00:00 bytes=882793
2025-04-27,18,24,pressure_surface_hpa,DSM,OK,short_name=sp units=Pa valid=2025-04-28T18:00:00 bytes=838639
2025-04-27,18,21,pressure_msl_lead_minus3_hpa,DSM,OK,short_name=prmsl units=Pa valid=2025-04-28T15:00:00 bytes=882409
2025-04-17,18,24,pressure_msl_hpa,DSM,OK,short_name=prmsl units=Pa valid=2025-04-18T18:00:00 bytes=1003838
2025-04-17,18,24,pressure_surface_hpa,DSM,OK,short_name=sp units=Pa valid=2025-04-18T18:00:00 bytes=837704
2025-04-17,18,21,pressure_msl_lead_minus3_hpa,DSM,OK,short_name=prmsl units=Pa valid=2025-04-18T15:00:00 bytes=1006425
2025-04-03,18,24,pressure_msl_hpa,DSM,OK,short_name=prmsl units=Pa valid=2025-04-04T18:00:00 bytes=1016628
2025-04-03,18,24,pressure_surface_hpa,DSM,OK,short_name=sp units=Pa valid=2025-04-04T18:00:00 bytes=840828
2025-04-03,18,21,pressure_msl_lead_minus3_hpa,DSM,OK,short_name=prmsl units=Pa valid=2025-04-04T15:00:00 bytes=1013532
2025-04-25,18,24,pressure_msl_hpa,DSM,OK,short_name=prmsl units=Pa valid=2025-04-26T18:00:00 bytes=1004045
2025-04-25,18,24,pressure_surface_hpa,DSM,OK,short_name=sp units=Pa valid=2025-04-26T18:00:00 bytes=833947
2025-04-25,18,21,pressure_msl_lead_minus3_hpa,DSM,OK,short_name=prmsl units=Pa valid=2025-04-26T15:00:00 bytes=1004173
2025-04-21,18,24,pressure_msl_hpa,DSM,OK,short_name=prmsl units=Pa valid=2025-04-22T18:00:00 bytes=885973
2025-04-21,18,24,pressure_surface_hpa,DSM,OK,short_name=sp units=Pa valid=2025-04-22T18:00:00 bytes=839846
2025-04-21,18,21,pressure_msl_lead_minus3_hpa,DSM,OK,short_name=prmsl units=Pa valid=2025-04-22T15:00:00 bytes=886043
2025-04-13,18,24,pressure_msl_hpa,DSM,OK,short_name=prmsl units=Pa valid=2025-04-14T18:00:00 bytes=1010944
2025-04-13,18,24,pressure_surface_hpa,DSM,OK,short_name=sp units=Pa valid=2025-04-14T18:00:00 bytes=843862
2025-04-13,18,21,pressure_msl_lead_minus3_hpa,DSM,OK,short_name=prmsl units=Pa valid=2025-04-14T15:00:00 bytes=1010744
2025-03-08,18,24,pressure_msl_hpa,DSM,OK,short_name=prmsl units=Pa valid=2025-03-09T18:00:00 bytes=1008849
2025-03-08,18,24,pressure_surface_hpa,DSM,OK,short_name=sp units=Pa valid=2025-03-09T18:00:00 bytes=837221
2025-03-08,18,21,pressure_msl_lead_minus3_hpa,DSM,OK,short_name=prmsl units=Pa valid=2025-03-09T15:00:00 bytes=1010889
2025-04-10,18,24,pressure_msl_hpa,DSM,OK,short_name=prmsl units=Pa valid=2025-04-11T18:00:00 bytes=1008489
2025-04-10,18,24,pressure_surface_hpa,DSM,OK,short_name=sp units=Pa valid=2025-04-11T18:00:00 bytes=835064
2025-04-10,18,21,pressure_msl_lead_minus3_hpa,DSM,OK,short_name=prmsl units=Pa valid=2025-04-11T15:00:00 bytes=1009024
2025-03-29,18,24,pressure_msl_hpa,DSM,OK,short_name=prmsl units=Pa valid=2025-03-30T18:00:00 bytes=889770
2025-03-29,18,24,pressure_surface_hpa,DSM,OK,short_name=sp units=Pa valid=2025-03-30T18:00:00 bytes=841625
2025-03-29,18,21,pressure_msl_lead_minus3_hpa,DSM,OK,short_name=prmsl units=Pa valid=2025-03-30T15:00:00 bytes=890777
2025-03-02,18,24,pressure_msl_hpa,DSM,OK,short_name=prmsl units=Pa valid=2025-03-03T18:00:00 bytes=1011864
2025-03-02,18,24,pressure_surface_hpa,DSM,OK,short_name=sp units=Pa valid=2025-03-03T18:00:00 bytes=840644
2025-03-02,18,21,pressure_msl_lead_minus3_hpa,DSM,OK,short_name=prmsl units=Pa valid=2025-03-03T15:00:00 bytes=1011317
2025-03-21,18,24,pressure_msl_hpa,DSM,OK,short_name=prmsl units=Pa valid=2025-03-22T18:00:00 bytes=889739
2025-03-21,18,24,pressure_surface_hpa,DSM,OK,short_name=sp units=Pa valid=2025-03-22T18:00:00 bytes=838434
2025-03-21,18,21,pressure_msl_lead_minus3_hpa,DSM,OK,short_name=prmsl units=Pa valid=2025-03-22T15:00:00 bytes=1016340
2025-03-19,18,24,pressure_msl_hpa,DSM,OK,short_name=prmsl units=Pa valid=2025-03-20T18:00:00 bytes=1014066
2025-03-19,18,24,pressure_surface_hpa,DSM,OK,short_name=sp units=Pa valid=2025-03-20T18:00:00 bytes=839380
2025-03-19,18,21,pressure_msl_lead_minus3_hpa,DSM,OK,short_name=prmsl units=Pa valid=2025-03-20T15:00:00 bytes=1012868
2025-03-07,18,24,pressure_msl_hpa,DSM,OK,short_name=prmsl units=Pa valid=2025-03-08T18:00:00 bytes=1014025
2025-03-07,18,24,pressure_surface_hpa,DSM,OK,short_name=sp units=Pa valid=2025-03-08T18:00:00 bytes=836821
2025-03-07,18,21,pressure_msl_lead_minus3_hpa,DSM,OK,short_name=prmsl units=Pa valid=2025-03-08T15:00:00 bytes=1009700
2025-04-30,18,24,pressure_msl_hpa,DSM,OK,short_name=prmsl units=Pa valid=2025-05-01T18:00:00 bytes=1012492
2025-04-30,18,24,pressure_surface_hpa,DSM,OK,short_name=sp units=Pa valid=2025-05-01T18:00:00 bytes=841319
2025-04-30,18,21,pressure_msl_lead_minus3_hpa,DSM,OK,short_name=prmsl units=Pa valid=2025-05-01T15:00:00 bytes=1011687
2025-04-14,18,24,pressure_msl_hpa,DSM,OK,short_name=prmsl units=Pa valid=2025-04-15T18:00:00 bytes=1010527
2025-04-14,18,24,pressure_surface_hpa,DSM,OK,short_name=sp units=Pa valid=2025-04-15T18:00:00 bytes=841926
2025-04-14,18,21,pressure_msl_lead_minus3_hpa,DSM,OK,short_name=prmsl units=Pa valid=2025-04-15T15:00:00 bytes=1011998
2025-05-04,18,24,pressure_msl_hpa,DSM,OK,short_name=prmsl units=Pa valid=2025-05-05T18:00:00 bytes=883558
2025-05-04,18,24,pressure_surface_hpa,DSM,OK,short_name=sp units=Pa valid=2025-05-05T18:00:00 bytes=837523
2025-05-04,18,21,pressure_msl_lead_minus3_hpa,DSM,OK,short_name=prmsl units=Pa valid=2025-05-05T15:00:00 bytes=1003697
2025-05-03,18,24,pressure_msl_hpa,DSM,OK,short_name=prmsl units=Pa valid=2025-05-04T18:00:00 bytes=1007705
2025-05-03,18,24,pressure_surface_hpa,DSM,OK,short_name=sp units=Pa valid=2025-05-04T18:00:00 bytes=840440
2025-05-03,18,21,pressure_msl_lead_minus3_hpa,DSM,OK,short_name=prmsl units=Pa valid=2025-05-04T15:00:00 bytes=1008805
2025-05-09,18,24,pressure_msl_hpa,DSM,OK,short_name=prmsl units=Pa valid=2025-05-10T18:00:00 bytes=1012115
2025-05-09,18,24,pressure_surface_hpa,DSM,OK,short_name=sp units=Pa valid=2025-05-10T18:00:00 bytes=844517
2025-05-09,18,21,pressure_msl_lead_minus3_hpa,DSM,OK,short_name=prmsl units=Pa valid=2025-05-10T15:00:00 bytes=1011329
2025-04-19,18,24,pressure_msl_hpa,DSM,OK,short_name=prmsl units=Pa valid=2025-04-20T18:00:00 bytes=1003288
2025-04-19,18,24,pressure_surface_hpa,DSM,OK,short_name=sp units=Pa valid=2025-04-20T18:00:00 bytes=835284
2025-04-19,18,21,pressure_msl_lead_minus3_hpa,DSM,OK,short_name=prmsl units=Pa valid=2025-04-20T15:00:00 bytes=1003392
2025-04-01,18,24,pressure_msl_hpa,DSM,OK,short_name=prmsl units=Pa valid=2025-04-02T18:00:00 bytes=889096
2025-04-01,18,24,pressure_surface_hpa,DSM,OK,short_name=sp units=Pa valid=2025-04-02T18:00:00 bytes=840712
2025-04-01,18,21,pressure_msl_lead_minus3_hpa,DSM,OK,short_name=prmsl units=Pa valid=2025-04-02T15:00:00 bytes=1013263
2025-04-22,18,24,pressure_msl_hpa,DSM,OK,short_name=prmsl units=Pa valid=2025-04-23T18:00:00 bytes=1009916
2025-04-22,18,24,pressure_surface_hpa,DSM,OK,short_name=sp units=Pa valid=2025-04-23T18:00:00 bytes=837164
2025-04-22,18,21,pressure_msl_lead_minus3_hpa,DSM,OK,short_name=prmsl units=Pa valid=2025-04-23T15:00:00 bytes=1010978
2025-04-05,18,24,pressure_msl_hpa,DSM,OK,short_name=prmsl units=Pa valid=2025-04-06T18:00:00 bytes=887119
2025-04-05,18,24,pressure_surface_hpa,DSM,OK,short_name=sp units=Pa valid=2025-04-06T18:00:00 bytes=838800
2025-04-05,18,21,pressure_msl_lead_minus3_hpa,DSM,OK,short_name=prmsl units=Pa valid=2025-04-06T15:00:00 bytes=887989
2025-04-12,18,24,pressure_msl_hpa,DSM,OK,short_name=prmsl units=Pa valid=2025-04-13T18:00:00 bytes=1011871
2025-04-12,18,24,pressure_surface_hpa,DSM,OK,short_name=sp units=Pa valid=2025-04-13T18:00:00 bytes=842043
2025-04-12,18,21,pressure_msl_lead_minus3_hpa,DSM,OK,short_name=prmsl units=Pa valid=2025-04-13T15:00:00 bytes=1012391
2025-04-23,18,24,pressure_msl_hpa,DSM,OK,short_name=prmsl units=Pa valid=2025-04-24T18:00:00 bytes=882365
2025-04-23,18,24,pressure_surface_hpa,DSM,OK,short_name=sp units=Pa valid=2025-04-24T18:00:00 bytes=838269
2025-04-23,18,21,pressure_msl_lead_minus3_hpa,DSM,OK,short_name=prmsl units=Pa valid=2025-04-24T15:00:00 bytes=883605
2025-05-17,18,24,pressure_msl_hpa,DSM,OK,short_name=prmsl units=Pa valid=2025-05-18T18:00:00 bytes=888043
2025-05-17,18,24,pressure_surface_hpa,DSM,OK,short_name=sp units=Pa valid=2025-05-18T18:00:00 bytes=840325
2025-05-17,18,21,pressure_msl_lead_minus3_hpa,DSM,OK,short_name=prmsl units=Pa valid=2025-05-18T15:00:00 bytes=886122
2025-03-05,18,24,pressure_msl_hpa,DSM,OK,short_name=prmsl units=Pa valid=2025-03-06T18:00:00 bytes=1006350
2025-03-05,18,24,pressure_surface_hpa,DSM,OK,short_name=sp units=Pa valid=2025-03-06T18:00:00 bytes=835982
2025-03-05,18,21,pressure_msl_lead_minus3_hpa,DSM,OK,short_name=prmsl units=Pa valid=2025-03-06T15:00:00 bytes=1005696
2025-05-26,18,24,pressure_msl_hpa,DSM,OK,short_name=prmsl units=Pa valid=2025-05-27T18:00:00 bytes=1017112
2025-05-26,18,24,pressure_surface_hpa,DSM,OK,short_name=sp units=Pa valid=2025-05-27T18:00:00 bytes=846391
2025-05-26,18,21,pressure_msl_lead_minus3_hpa,DSM,OK,short_name=prmsl units=Pa valid=2025-05-27T15:00:00 bytes=890950
2025-05-13,18,24,pressure_msl_hpa,DSM,OK,short_name=prmsl units=Pa valid=2025-05-14T18:00:00 bytes=1007536
2025-05-13,18,24,pressure_surface_hpa,DSM,OK,short_name=sp units=Pa valid=2025-05-14T18:00:00 bytes=835781
2025-05-13,18,21,pressure_msl_lead_minus3_hpa,DSM,OK,short_name=prmsl units=Pa valid=2025-05-14T15:00:00 bytes=1006774
2025-05-23,18,24,pressure_msl_hpa,DSM,OK,short_name=prmsl units=Pa valid=2025-05-24T18:00:00 bytes=1014769
2025-05-23,18,24,pressure_surface_hpa,DSM,OK,short_name=sp units=Pa valid=2025-05-24T18:00:00 bytes=843635
2025-05-23,18,21,pressure_msl_lead_minus3_hpa,DSM,OK,short_name=prmsl units=Pa valid=2025-05-24T15:00:00 bytes=1014540
2025-05-08,18,24,pressure_msl_hpa,DSM,OK,short_name=prmsl units=Pa valid=2025-05-09T18:00:00 bytes=1011447
2025-05-08,18,24,pressure_surface_hpa,DSM,OK,short_name=sp units=Pa valid=2025-05-09T18:00:00 bytes=842222
2025-05-08,18,21,pressure_msl_lead_minus3_hpa,DSM,OK,short_name=prmsl units=Pa valid=2025-05-09T15:00:00 bytes=1012847
2025-05-05,18,24,pressure_msl_hpa,DSM,OK,short_name=prmsl units=Pa valid=2025-05-06T18:00:00 bytes=883262
2025-05-05,18,24,pressure_surface_hpa,DSM,OK,short_name=sp units=Pa valid=2025-05-06T18:00:00 bytes=838288
2025-05-05,18,21,pressure_msl_lead_minus3_hpa,DSM,OK,short_name=prmsl units=Pa valid=2025-05-06T15:00:00 bytes=884759
2025-05-02,18,24,pressure_msl_hpa,DSM,OK,short_name=prmsl units=Pa valid=2025-05-03T18:00:00 bytes=1013974
2025-05-02,18,24,pressure_surface_hpa,DSM,OK,short_name=sp units=Pa valid=2025-05-03T18:00:00 bytes=843158
2025-05-02,18,21,pressure_msl_lead_minus3_hpa,DSM,OK,short_name=prmsl units=Pa valid=2025-05-03T15:00:00 bytes=1015061
2025-03-23,18,24,pressure_msl_hpa,DSM,OK,short_name=prmsl units=Pa valid=2025-03-24T18:00:00 bytes=1014676
2025-03-23,18,24,pressure_surface_hpa,DSM,OK,short_name=sp units=Pa valid=2025-03-24T18:00:00 bytes=841659
2025-03-23,18,21,pressure_msl_lead_minus3_hpa,DSM,OK,short_name=prmsl units=Pa valid=2025-03-24T15:00:00 bytes=1010986
2025-05-11,18,24,pressure_msl_hpa,DSM,OK,short_name=prmsl units=Pa valid=2025-05-12T18:00:00 bytes=1005892
2025-05-11,18,24,pressure_surface_hpa,DSM,OK,short_name=sp units=Pa valid=2025-05-12T18:00:00 bytes=839142
2025-05-11,18,21,pressure_msl_lead_minus3_hpa,DSM,OK,short_name=prmsl units=Pa valid=2025-05-12T15:00:00 bytes=1002590
2025-04-28,18,24,pressure_msl_hpa,DSM,OK,short_name=prmsl units=Pa valid=2025-04-29T18:00:00 bytes=881680
2025-04-28,18,24,pressure_surface_hpa,DSM,OK,short_name=sp units=Pa valid=2025-04-29T18:00:00 bytes=839194
2025-04-28,18,21,pressure_msl_lead_minus3_hpa,DSM,OK,short_name=prmsl units=Pa valid=2025-04-29T15:00:00 bytes=881731
2025-04-18,18,24,pressure_msl_hpa,DSM,OK,short_name=prmsl units=Pa valid=2025-04-19T18:00:00 bytes=1005490
2025-04-18,18,24,pressure_surface_hpa,DSM,OK,short_name=sp units=Pa valid=2025-04-19T18:00:00 bytes=839034
2025-04-18,18,21,pressure_msl_lead_minus3_hpa,DSM,OK,short_name=prmsl units=Pa valid=2025-04-19T15:00:00 bytes=1004488
2025-05-14,18,24,pressure_msl_hpa,DSM,OK,short_name=prmsl units=Pa valid=2025-05-15T18:00:00 bytes=883470
2025-05-14,18,24,pressure_surface_hpa,DSM,OK,short_name=sp units=Pa valid=2025-05-15T18:00:00 bytes=837182
2025-05-14,18,21,pressure_msl_lead_minus3_hpa,DSM,OK,short_name=prmsl units=Pa valid=2025-05-15T15:00:00 bytes=1008082
2025-05-28,18,24,pressure_msl_hpa,DSM,OK,short_name=prmsl units=Pa valid=2025-05-29T18:00:00 bytes=883829
2025-05-28,18,24,pressure_surface_hpa,DSM,OK,short_name=sp units=Pa valid=2025-05-29T18:00:00 bytes=840683
2025-05-28,18,21,pressure_msl_lead_minus3_hpa,DSM,OK,short_name=prmsl units=Pa valid=2025-05-29T15:00:00 bytes=881925
2025-04-20,18,24,pressure_msl_hpa,DSM,OK,short_name=prmsl units=Pa valid=2025-04-21T18:00:00 bytes=1009580
2025-04-20,18,24,pressure_surface_hpa,DSM,OK,short_name=sp units=Pa valid=2025-04-21T18:00:00 bytes=836614
2025-04-20,18,21,pressure_msl_lead_minus3_hpa,DSM,OK,short_name=prmsl units=Pa valid=2025-04-21T15:00:00 bytes=1006176
2025-05-31,18,24,pressure_msl_hpa,DSM,OK,short_name=prmsl units=Pa valid=2025-06-01T18:00:00 bytes=878065
2025-05-31,18,24,pressure_surface_hpa,DSM,OK,short_name=sp units=Pa valid=2025-06-01T18:00:00 bytes=834615
2025-05-31,18,21,pressure_msl_lead_minus3_hpa,DSM,OK,short_name=prmsl units=Pa valid=2025-06-01T15:00:00 bytes=878102
2025-05-20,18,24,pressure_msl_hpa,DSM,OK,short_name=prmsl units=Pa valid=2025-05-21T18:00:00 bytes=1013195
2025-05-20,18,24,pressure_surface_hpa,DSM,OK,short_name=sp units=Pa valid=2025-05-21T18:00:00 bytes=842187
2025-05-20,18,21,pressure_msl_lead_minus3_hpa,DSM,OK,short_name=prmsl units=Pa valid=2025-05-21T15:00:00 bytes=1013618
2025-04-11,18,24,pressure_msl_hpa,DSM,OK,short_name=prmsl units=Pa valid=2025-04-12T18:00:00 bytes=1007881
2025-04-11,18,24,pressure_surface_hpa,DSM,OK,short_name=sp units=Pa valid=2025-04-12T18:00:00 bytes=838171
2025-04-11,18,21,pressure_msl_lead_minus3_hpa,DSM,OK,short_name=prmsl units=Pa valid=2025-04-12T15:00:00 bytes=1009106
2025-05-24,18,24,pressure_msl_hpa,DSM,OK,short_name=prmsl units=Pa valid=2025-05-25T18:00:00 bytes=1015956
2025-05-24,18,24,pressure_surface_hpa,DSM,OK,short_name=sp units=Pa valid=2025-05-25T18:00:00 bytes=843026
2025-05-24,18,21,pressure_msl_lead_minus3_hpa,DSM,OK,short_name=prmsl units=Pa valid=2025-05-25T15:00:00 bytes=1013553
2025-05-07,18,24,pressure_msl_hpa,DSM,OK,short_name=prmsl units=Pa valid=2025-05-08T18:00:00 bytes=888177
2025-05-07,18,24,pressure_surface_hpa,DSM,OK,short_name=sp units=Pa valid=2025-05-08T18:00:00 bytes=842531
2025-05-07,18,21,pressure_msl_lead_minus3_hpa,DSM,OK,short_name=prmsl units=Pa valid=2025-05-08T15:00:00 bytes=887539
2025-05-22,18,24,pressure_msl_hpa,DSM,OK,short_name=prmsl units=Pa valid=2025-05-23T18:00:00 bytes=1015143
2025-05-22,18,24,pressure_surface_hpa,DSM,OK,short_name=sp units=Pa valid=2025-05-23T18:00:00 bytes=843628
2025-05-22,18,21,pressure_msl_lead_minus3_hpa,DSM,OK,short_name=prmsl units=Pa valid=2025-05-23T15:00:00 bytes=1018442
2025-04-02,18,24,pressure_msl_hpa,DSM,OK,short_name=prmsl units=Pa valid=2025-04-03T18:00:00 bytes=891697
2025-04-02,18,24,pressure_surface_hpa,DSM,OK,short_name=sp units=Pa valid=2025-04-03T18:00:00 bytes=842917
2025-04-02,18,21,pressure_msl_lead_minus3_hpa,DSM,OK,short_name=prmsl units=Pa valid=2025-04-03T15:00:00 bytes=891837
2025-05-21,18,24,pressure_msl_hpa,DSM,OK,short_name=prmsl units=Pa valid=2025-05-22T18:00:00 bytes=1014129
2025-05-21,18,24,pressure_surface_hpa,DSM,OK,short_name=sp units=Pa valid=2025-05-22T18:00:00 bytes=842359
2025-05-21,18,21,pressure_msl_lead_minus3_hpa,DSM,OK,short_name=prmsl units=Pa valid=2025-05-22T15:00:00 bytes=1014201
2025-03-17,18,24,pressure_msl_hpa,DSM,OK,short_name=prmsl units=Pa valid=2025-03-18T18:00:00 bytes=886993
2025-03-17,18,24,pressure_surface_hpa,DSM,OK,short_name=sp units=Pa valid=2025-03-18T18:00:00 bytes=839193
2025-03-17,18,21,pressure_msl_lead_minus3_hpa,DSM,OK,short_name=prmsl units=Pa valid=2025-03-18T15:00:00 bytes=1014384
2025-05-15,18,24,pressure_msl_hpa,DSM,OK,short_name=prmsl units=Pa valid=2025-05-16T18:00:00 bytes=882454
2025-05-15,18,24,pressure_surface_hpa,DSM,OK,short_name=sp units=Pa valid=2025-05-16T18:00:00 bytes=839271
2025-05-15,18,21,pressure_msl_lead_minus3_hpa,DSM,OK,short_name=prmsl units=Pa valid=2025-05-16T15:00:00 bytes=882617
2025-04-26,18,24,pressure_msl_hpa,DSM,OK,short_name=prmsl units=Pa valid=2025-04-27T18:00:00 bytes=882701
2025-04-26,18,24,pressure_surface_hpa,DSM,OK,short_name=sp units=Pa valid=2025-04-27T18:00:00 bytes=836132
2025-04-26,18,21,pressure_msl_lead_minus3_hpa,DSM,OK,short_name=prmsl units=Pa valid=2025-04-27T15:00:00 bytes=883339
2025-05-29,18,24,pressure_msl_hpa,DSM,OK,short_name=prmsl units=Pa valid=2025-05-30T18:00:00 bytes=1015284
2025-05-29,18,24,pressure_surface_hpa,DSM,OK,short_name=sp units=Pa valid=2025-05-30T18:00:00 bytes=843585
2025-05-29,18,21,pressure_msl_lead_minus3_hpa,DSM,OK,short_name=prmsl units=Pa valid=2025-05-30T15:00:00 bytes=1014918
2025-05-12,18,24,pressure_msl_hpa,DSM,OK,short_name=prmsl units=Pa valid=2025-05-13T18:00:00 bytes=881126
2025-05-12,18,24,pressure_surface_hpa,DSM,OK,short_name=sp units=Pa valid=2025-05-13T18:00:00 bytes=834740
2025-05-12,18,21,pressure_msl_lead_minus3_hpa,DSM,OK,short_name=prmsl units=Pa valid=2025-05-13T15:00:00 bytes=881425
2025-06-10,18,24,pressure_msl_hpa,DSM,OK,short_name=prmsl units=Pa valid=2025-06-11T18:00:00 bytes=884425
2025-06-10,18,24,pressure_surface_hpa,DSM,OK,short_name=sp units=Pa valid=2025-06-11T18:00:00 bytes=841552
2025-06-10,18,21,pressure_msl_lead_minus3_hpa,DSM,OK,short_name=prmsl units=Pa valid=2025-06-11T15:00:00 bytes=885350
2025-06-11,18,24,pressure_msl_hpa,DSM,OK,short_name=prmsl units=Pa valid=2025-06-12T18:00:00 bytes=883212
2025-06-11,18,24,pressure_surface_hpa,DSM,OK,short_name=sp units=Pa valid=2025-06-12T18:00:00 bytes=840229
2025-06-11,18,21,pressure_msl_lead_minus3_hpa,DSM,OK,short_name=prmsl units=Pa valid=2025-06-12T15:00:00 bytes=884411
2025-05-10,18,24,pressure_msl_hpa,DSM,OK,short_name=prmsl units=Pa valid=2025-05-11T18:00:00 bytes=1010780
2025-05-10,18,24,pressure_surface_hpa,DSM,OK,short_name=sp units=Pa valid=2025-05-11T18:00:00 bytes=843799
2025-05-10,18,21,pressure_msl_lead_minus3_hpa,DSM,OK,short_name=prmsl units=Pa valid=2025-05-11T15:00:00 bytes=1012920
2025-04-29,18,24,pressure_msl_hpa,DSM,OK,short_name=prmsl units=Pa valid=2025-04-30T18:00:00 bytes=1006271
2025-04-29,18,24,pressure_surface_hpa,DSM,OK,short_name=sp units=Pa valid=2025-04-30T18:00:00 bytes=840691
2025-04-29,18,21,pressure_msl_lead_minus3_hpa,DSM,OK,short_name=prmsl units=Pa valid=2025-04-30T15:00:00 bytes=1003142
2025-06-08,18,24,pressure_msl_hpa,DSM,OK,short_name=prmsl units=Pa valid=2025-06-09T18:00:00 bytes=877806
2025-06-08,18,24,pressure_surface_hpa,DSM,OK,short_name=sp units=Pa valid=2025-06-09T18:00:00 bytes=835599
2025-06-08,18,21,pressure_msl_lead_minus3_hpa,DSM,OK,short_name=prmsl units=Pa valid=2025-06-09T15:00:00 bytes=877966
2025-05-16,18,24,pressure_msl_hpa,DSM,OK,short_name=prmsl units=Pa valid=2025-05-17T18:00:00 bytes=883997
2025-05-16,18,24,pressure_surface_hpa,DSM,OK,short_name=sp units=Pa valid=2025-05-17T18:00:00 bytes=837956
2025-05-16,18,21,pressure_msl_lead_minus3_hpa,DSM,OK,short_name=prmsl units=Pa valid=2025-05-17T15:00:00 bytes=885201
2025-06-12,18,24,pressure_msl_hpa,DSM,OK,short_name=prmsl units=Pa valid=2025-06-13T18:00:00 bytes=1007940
2025-06-12,18,24,pressure_surface_hpa,DSM,OK,short_name=sp units=Pa valid=2025-06-13T18:00:00 bytes=840622
2025-06-12,18,21,pressure_msl_lead_minus3_hpa,DSM,OK,short_name=prmsl units=Pa valid=2025-06-13T15:00:00 bytes=1008223
2025-06-01,18,24,pressure_msl_hpa,DSM,OK,short_name=prmsl units=Pa valid=2025-06-02T18:00:00 bytes=876483
2025-06-01,18,24,pressure_surface_hpa,DSM,OK,short_name=sp units=Pa valid=2025-06-02T18:00:00 bytes=834253
2025-06-01,18,21,pressure_msl_lead_minus3_hpa,DSM,OK,short_name=prmsl units=Pa valid=2025-06-02T15:00:00 bytes=877479
2025-05-06,18,24,pressure_msl_hpa,DSM,OK,short_name=prmsl units=Pa valid=2025-05-07T18:00:00 bytes=1011128
2025-05-06,18,24,pressure_surface_hpa,DSM,OK,short_name=sp units=Pa valid=2025-05-07T18:00:00 bytes=840669
2025-05-06,18,21,pressure_msl_lead_minus3_hpa,DSM,OK,short_name=prmsl units=Pa valid=2025-05-07T15:00:00 bytes=1011320
2025-06-13,18,24,pressure_msl_hpa,DSM,OK,short_name=prmsl units=Pa valid=2025-06-14T18:00:00 bytes=1008421
2025-06-13,18,24,pressure_surface_hpa,DSM,OK,short_name=sp units=Pa valid=2025-06-14T18:00:00 bytes=840735
2025-06-13,18,21,pressure_msl_lead_minus3_hpa,DSM,OK,short_name=prmsl units=Pa valid=2025-06-14T15:00:00 bytes=1008250
2025-05-01,18,24,pressure_msl_hpa,DSM,OK,short_name=prmsl units=Pa valid=2025-05-02T18:00:00 bytes=1014907
2025-05-01,18,24,pressure_surface_hpa,DSM,OK,short_name=sp units=Pa valid=2025-05-02T18:00:00 bytes=843197
2025-05-01,18,21,pressure_msl_lead_minus3_hpa,DSM,OK,short_name=prmsl units=Pa valid=2025-05-02T15:00:00 bytes=1013529
2025-05-19,18,24,pressure_msl_hpa,DSM,OK,short_name=prmsl units=Pa valid=2025-05-20T18:00:00 bytes=1012198
2025-05-19,18,24,pressure_surface_hpa,DSM,OK,short_name=sp units=Pa valid=2025-05-20T18:00:00 bytes=840427
2025-05-19,18,21,pressure_msl_lead_minus3_hpa,DSM,OK,short_name=prmsl units=Pa valid=2025-05-20T15:00:00 bytes=1016620
2025-07-07,18,24,pressure_msl_hpa,DSM,OK,short_name=prmsl units=Pa valid=2025-07-08T18:00:00 bytes=884561
2025-07-07,18,24,pressure_surface_hpa,DSM,OK,short_name=sp units=Pa valid=2025-07-08T18:00:00 bytes=835209
2025-07-07,18,21,pressure_msl_lead_minus3_hpa,DSM,OK,short_name=prmsl units=Pa valid=2025-07-08T15:00:00 bytes=886766
2025-05-18,18,24,pressure_msl_hpa,DSM,OK,short_name=prmsl units=Pa valid=2025-05-19T18:00:00 bytes=888261
2025-05-18,18,24,pressure_surface_hpa,DSM,OK,short_name=sp units=Pa valid=2025-05-19T18:00:00 bytes=843226
2025-05-18,18,21,pressure_msl_lead_minus3_hpa,DSM,OK,short_name=prmsl units=Pa valid=2025-05-19T15:00:00 bytes=888830
2025-06-06,18,24,pressure_msl_hpa,DSM,OK,short_name=prmsl units=Pa valid=2025-06-07T18:00:00 bytes=884003
2025-06-06,18,24,pressure_surface_hpa,DSM,OK,short_name=sp units=Pa valid=2025-06-07T18:00:00 bytes=839058
2025-06-06,18,21,pressure_msl_lead_minus3_hpa,DSM,OK,short_name=prmsl units=Pa valid=2025-06-07T15:00:00 bytes=883128
2025-05-30,18,24,pressure_msl_hpa,DSM,OK,short_name=prmsl units=Pa valid=2025-05-31T18:00:00 bytes=881790
2025-05-30,18,24,pressure_surface_hpa,DSM,OK,short_name=sp units=Pa valid=2025-05-31T18:00:00 bytes=837286
2025-05-30,18,21,pressure_msl_lead_minus3_hpa,DSM,OK,short_name=prmsl units=Pa valid=2025-05-31T15:00:00 bytes=882499
2025-06-19,18,24,pressure_msl_hpa,DSM,OK,short_name=prmsl units=Pa valid=2025-06-20T18:00:00 bytes=878886
2025-06-19,18,24,pressure_surface_hpa,DSM,OK,short_name=sp units=Pa valid=2025-06-20T18:00:00 bytes=834504
2025-06-19,18,21,pressure_msl_lead_minus3_hpa,DSM,OK,short_name=prmsl units=Pa valid=2025-06-20T15:00:00 bytes=1003111
2025-06-04,18,24,pressure_msl_hpa,DSM,OK,short_name=prmsl units=Pa valid=2025-06-05T18:00:00 bytes=1012753
2025-06-04,18,24,pressure_surface_hpa,DSM,OK,short_name=sp units=Pa valid=2025-06-05T18:00:00 bytes=840998
2025-06-04,18,21,pressure_msl_lead_minus3_hpa,DSM,OK,short_name=prmsl units=Pa valid=2025-06-05T15:00:00 bytes=1008792
2025-06-27,18,24,pressure_msl_hpa,DSM,OK,short_name=prmsl units=Pa valid=2025-06-28T18:00:00 bytes=1006966
2025-06-27,18,24,pressure_surface_hpa,DSM,OK,short_name=sp units=Pa valid=2025-06-28T18:00:00 bytes=835378
2025-06-27,18,21,pressure_msl_lead_minus3_hpa,DSM,OK,short_name=prmsl units=Pa valid=2025-06-28T15:00:00 bytes=1006206
2025-06-24,18,24,pressure_msl_hpa,DSM,OK,short_name=prmsl units=Pa valid=2025-06-25T18:00:00 bytes=882683
2025-06-24,18,24,pressure_surface_hpa,DSM,OK,short_name=sp units=Pa valid=2025-06-25T18:00:00 bytes=838121
2025-06-24,18,21,pressure_msl_lead_minus3_hpa,DSM,OK,short_name=prmsl units=Pa valid=2025-06-25T15:00:00 bytes=881843
2025-06-07,18,24,pressure_msl_hpa,DSM,OK,short_name=prmsl units=Pa valid=2025-06-08T18:00:00 bytes=881874
2025-06-07,18,24,pressure_surface_hpa,DSM,OK,short_name=sp units=Pa valid=2025-06-08T18:00:00 bytes=836922
2025-06-07,18,21,pressure_msl_lead_minus3_hpa,DSM,OK,short_name=prmsl units=Pa valid=2025-06-08T15:00:00 bytes=882209
2025-06-15,18,24,pressure_msl_hpa,DSM,OK,short_name=prmsl units=Pa valid=2025-06-16T18:00:00 bytes=879279
2025-06-15,18,24,pressure_surface_hpa,DSM,OK,short_name=sp units=Pa valid=2025-06-16T18:00:00 bytes=835663
2025-06-15,18,21,pressure_msl_lead_minus3_hpa,DSM,OK,short_name=prmsl units=Pa valid=2025-06-16T15:00:00 bytes=879864
2025-06-02,18,24,pressure_msl_hpa,DSM,OK,short_name=prmsl units=Pa valid=2025-06-03T18:00:00 bytes=877682
2025-06-02,18,24,pressure_surface_hpa,DSM,OK,short_name=sp units=Pa valid=2025-06-03T18:00:00 bytes=834127
2025-06-02,18,21,pressure_msl_lead_minus3_hpa,DSM,OK,short_name=prmsl units=Pa valid=2025-06-03T15:00:00 bytes=877729
2025-05-27,18,24,pressure_msl_hpa,DSM,OK,short_name=prmsl units=Pa valid=2025-05-28T18:00:00 bytes=885065
2025-05-27,18,24,pressure_surface_hpa,DSM,OK,short_name=sp units=Pa valid=2025-05-28T18:00:00 bytes=841227
2025-05-27,18,21,pressure_msl_lead_minus3_hpa,DSM,OK,short_name=prmsl units=Pa valid=2025-05-28T15:00:00 bytes=883981
2025-06-09,18,24,pressure_msl_hpa,DSM,OK,short_name=prmsl units=Pa valid=2025-06-10T18:00:00 bytes=882816
2025-06-09,18,24,pressure_surface_hpa,DSM,OK,short_name=sp units=Pa valid=2025-06-10T18:00:00 bytes=839295
2025-06-09,18,21,pressure_msl_lead_minus3_hpa,DSM,OK,short_name=prmsl units=Pa valid=2025-06-10T15:00:00 bytes=881278
2025-07-06,18,24,pressure_msl_hpa,DSM,OK,short_name=prmsl units=Pa valid=2025-07-07T18:00:00 bytes=887530
2025-07-06,18,24,pressure_surface_hpa,DSM,OK,short_name=sp units=Pa valid=2025-07-07T18:00:00 bytes=837651
2025-07-06,18,21,pressure_msl_lead_minus3_hpa,DSM,OK,short_name=prmsl units=Pa valid=2025-07-07T15:00:00 bytes=883144
2025-06-25,18,24,pressure_msl_hpa,DSM,OK,short_name=prmsl units=Pa valid=2025-06-26T18:00:00 bytes=1005254
2025-06-25,18,24,pressure_surface_hpa,DSM,OK,short_name=sp units=Pa valid=2025-06-26T18:00:00 bytes=835820
2025-06-25,18,21,pressure_msl_lead_minus3_hpa,DSM,OK,short_name=prmsl units=Pa valid=2025-06-26T15:00:00 bytes=1007940
2025-07-10,18,24,pressure_msl_hpa,DSM,OK,short_name=prmsl units=Pa valid=2025-07-11T18:00:00 bytes=878298
2025-07-10,18,24,pressure_surface_hpa,DSM,OK,short_name=sp units=Pa valid=2025-07-11T18:00:00 bytes=833352
2025-07-10,18,21,pressure_msl_lead_minus3_hpa,DSM,OK,short_name=prmsl units=Pa valid=2025-07-11T15:00:00 bytes=878694
2025-07-03,18,24,pressure_msl_hpa,DSM,OK,short_name=prmsl units=Pa valid=2025-07-04T18:00:00 bytes=1005880
2025-07-03,18,24,pressure_surface_hpa,DSM,OK,short_name=sp units=Pa valid=2025-07-04T18:00:00 bytes=839555
2025-07-03,18,21,pressure_msl_lead_minus3_hpa,DSM,OK,short_name=prmsl units=Pa valid=2025-07-04T15:00:00 bytes=1005957
2025-07-04,18,24,pressure_msl_hpa,DSM,OK,short_name=prmsl units=Pa valid=2025-07-05T18:00:00 bytes=880782
2025-07-04,18,24,pressure_surface_hpa,DSM,OK,short_name=sp units=Pa valid=2025-07-05T18:00:00 bytes=834564
2025-07-04,18,21,pressure_msl_lead_minus3_hpa,DSM,OK,short_name=prmsl units=Pa valid=2025-07-05T15:00:00 bytes=880429
2025-06-18,18,24,pressure_msl_hpa,DSM,OK,short_name=prmsl units=Pa valid=2025-06-19T18:00:00 bytes=1005094
2025-06-18,18,24,pressure_surface_hpa,DSM,OK,short_name=sp units=Pa valid=2025-06-19T18:00:00 bytes=837516
2025-06-18,18,21,pressure_msl_lead_minus3_hpa,DSM,OK,short_name=prmsl units=Pa valid=2025-06-19T15:00:00 bytes=1009464
2025-07-08,18,24,pressure_msl_hpa,DSM,OK,short_name=prmsl units=Pa valid=2025-07-09T18:00:00 bytes=881027
2025-07-08,18,24,pressure_surface_hpa,DSM,OK,short_name=sp units=Pa valid=2025-07-09T18:00:00 bytes=830715
2025-07-08,18,21,pressure_msl_lead_minus3_hpa,DSM,OK,short_name=prmsl units=Pa valid=2025-07-09T15:00:00 bytes=881791
2025-07-09,18,24,pressure_msl_hpa,DSM,OK,short_name=prmsl units=Pa valid=2025-07-10T18:00:00 bytes=876749
2025-07-09,18,24,pressure_surface_hpa,DSM,OK,short_name=sp units=Pa valid=2025-07-10T18:00:00 bytes=831010
2025-07-09,18,21,pressure_msl_lead_minus3_hpa,DSM,OK,short_name=prmsl units=Pa valid=2025-07-10T15:00:00 bytes=876717
2025-06-17,18,24,pressure_msl_hpa,DSM,OK,short_name=prmsl units=Pa valid=2025-06-18T18:00:00 bytes=1002363
2025-06-17,18,24,pressure_surface_hpa,DSM,OK,short_name=sp units=Pa valid=2025-06-18T18:00:00 bytes=834028
2025-06-17,18,21,pressure_msl_lead_minus3_hpa,DSM,OK,short_name=prmsl units=Pa valid=2025-06-18T15:00:00 bytes=1002364
2025-06-05,18,24,pressure_msl_hpa,DSM,OK,short_name=prmsl units=Pa valid=2025-06-06T18:00:00 bytes=885511
2025-06-05,18,24,pressure_surface_hpa,DSM,OK,short_name=sp units=Pa valid=2025-06-06T18:00:00 bytes=840425
2025-06-05,18,21,pressure_msl_lead_minus3_hpa,DSM,OK,short_name=prmsl units=Pa valid=2025-06-06T15:00:00 bytes=1010434
2025-06-28,18,24,pressure_msl_hpa,DSM,OK,short_name=prmsl units=Pa valid=2025-06-29T18:00:00 bytes=1011124
2025-06-28,18,24,pressure_surface_hpa,DSM,OK,short_name=sp units=Pa valid=2025-06-29T18:00:00 bytes=838651
2025-06-28,18,21,pressure_msl_lead_minus3_hpa,DSM,OK,short_name=prmsl units=Pa valid=2025-06-29T15:00:00 bytes=1014756
2025-06-29,18,24,pressure_msl_hpa,DSM,OK,short_name=prmsl units=Pa valid=2025-06-30T18:00:00 bytes=1007195
2025-06-29,18,24,pressure_surface_hpa,DSM,OK,short_name=sp units=Pa valid=2025-06-30T18:00:00 bytes=834230
2025-06-29,18,21,pressure_msl_lead_minus3_hpa,DSM,OK,short_name=prmsl units=Pa valid=2025-06-30T15:00:00 bytes=1008884
2025-06-14,18,24,pressure_msl_hpa,DSM,OK,short_name=prmsl units=Pa valid=2025-06-15T18:00:00 bytes=882620
2025-06-14,18,24,pressure_surface_hpa,DSM,OK,short_name=sp units=Pa valid=2025-06-15T18:00:00 bytes=839860
2025-06-14,18,21,pressure_msl_lead_minus3_hpa,DSM,OK,short_name=prmsl units=Pa valid=2025-06-15T15:00:00 bytes=882395
2025-06-20,18,24,pressure_msl_hpa,DSM,OK,short_name=prmsl units=Pa valid=2025-06-21T18:00:00 bytes=1006440
2025-06-20,18,24,pressure_surface_hpa,DSM,OK,short_name=sp units=Pa valid=2025-06-21T18:00:00 bytes=835615
2025-06-20,18,21,pressure_msl_lead_minus3_hpa,DSM,OK,short_name=prmsl units=Pa valid=2025-06-21T15:00:00 bytes=1007643
2025-07-01,18,24,pressure_msl_hpa,DSM,OK,short_name=prmsl units=Pa valid=2025-07-02T18:00:00 bytes=1005376
2025-07-01,18,24,pressure_surface_hpa,DSM,OK,short_name=sp units=Pa valid=2025-07-02T18:00:00 bytes=834564
2025-07-01,18,21,pressure_msl_lead_minus3_hpa,DSM,OK,short_name=prmsl units=Pa valid=2025-07-02T15:00:00 bytes=1005266
2025-06-22,18,24,pressure_msl_hpa,DSM,OK,short_name=prmsl units=Pa valid=2025-06-23T18:00:00 bytes=883337
2025-06-22,18,24,pressure_surface_hpa,DSM,OK,short_name=sp units=Pa valid=2025-06-23T18:00:00 bytes=841048
2025-06-22,18,21,pressure_msl_lead_minus3_hpa,DSM,OK,short_name=prmsl units=Pa valid=2025-06-23T15:00:00 bytes=883239
2024-08-01,0,26,pressure_msl_hpa,YSDU,OK,short_name=prmsl units=Pa valid=2024-08-02T02:00:00 bytes=882271
2024-08-01,0,26,pressure_surface_hpa,YSDU,OK,short_name=sp units=Pa valid=2024-08-02T02:00:00 bytes=841382
2024-08-01,0,23,pressure_msl_lead_minus3_hpa,YSDU,OK,short_name=prmsl units=Pa valid=2024-08-01T23:00:00 bytes=884589
2025-07-14,18,24,pressure_msl_hpa,DSM,OK,short_name=prmsl units=Pa valid=2025-07-15T18:00:00 bytes=996704
2025-07-14,18,24,pressure_surface_hpa,DSM,OK,short_name=sp units=Pa valid=2025-07-15T18:00:00 bytes=830584
2025-07-14,18,21,pressure_msl_lead_minus3_hpa,DSM,OK,short_name=prmsl units=Pa valid=2025-07-15T15:00:00 bytes=997279
2025-07-19,18,24,pressure_msl_hpa,DSM,OK,short_name=prmsl units=Pa valid=2025-07-20T18:00:00 bytes=873517
2025-07-19,18,24,pressure_surface_hpa,DSM,OK,short_name=sp units=Pa valid=2025-07-20T18:00:00 bytes=829970
2025-07-19,18,21,pressure_msl_lead_minus3_hpa,DSM,OK,short_name=prmsl units=Pa valid=2025-07-20T15:00:00 bytes=872804
2025-07-05,18,24,pressure_msl_hpa,DSM,OK,short_name=prmsl units=Pa valid=2025-07-06T18:00:00 bytes=1007574
2025-07-05,18,24,pressure_surface_hpa,DSM,OK,short_name=sp units=Pa valid=2025-07-06T18:00:00 bytes=839891
2025-07-05,18,21,pressure_msl_lead_minus3_hpa,DSM,OK,short_name=prmsl units=Pa valid=2025-07-06T15:00:00 bytes=1009767
2025-05-25,18,24,pressure_msl_hpa,DSM,OK,short_name=prmsl units=Pa valid=2025-05-26T18:00:00 bytes=1018689
2025-05-25,18,24,pressure_surface_hpa,DSM,OK,short_name=sp units=Pa valid=2025-05-26T18:00:00 bytes=844692
2025-05-25,18,21,pressure_msl_lead_minus3_hpa,DSM,OK,short_name=prmsl units=Pa valid=2025-05-26T15:00:00 bytes=1018159
2025-06-21,18,24,pressure_msl_hpa,DSM,OK,short_name=prmsl units=Pa valid=2025-06-22T18:00:00 bytes=884919
2025-06-21,18,24,pressure_surface_hpa,DSM,OK,short_name=sp units=Pa valid=2025-06-22T18:00:00 bytes=839818
2025-06-21,18,21,pressure_msl_lead_minus3_hpa,DSM,OK,short_name=prmsl units=Pa valid=2025-06-22T15:00:00 bytes=884149
2025-07-18,18,24,pressure_msl_hpa,DSM,OK,short_name=prmsl units=Pa valid=2025-07-19T18:00:00 bytes=1001119
2025-07-18,18,24,pressure_surface_hpa,DSM,OK,short_name=sp units=Pa valid=2025-07-19T18:00:00 bytes=830884
2025-07-18,18,21,pressure_msl_lead_minus3_hpa,DSM,OK,short_name=prmsl units=Pa valid=2025-07-19T15:00:00 bytes=999513
2025-06-03,18,24,pressure_msl_hpa,DSM,OK,short_name=prmsl units=Pa valid=2025-06-04T18:00:00 bytes=1005998
2025-06-03,18,24,pressure_surface_hpa,DSM,OK,short_name=sp units=Pa valid=2025-06-04T18:00:00 bytes=837495
2025-06-03,18,21,pressure_msl_lead_minus3_hpa,DSM,OK,short_name=prmsl units=Pa valid=2025-06-04T15:00:00 bytes=1005944
2025-06-23,18,24,pressure_msl_hpa,DSM,OK,short_name=prmsl units=Pa valid=2025-06-24T18:00:00 bytes=885684
2025-06-23,18,24,pressure_surface_hpa,DSM,OK,short_name=sp units=Pa valid=2025-06-24T18:00:00 bytes=841668
2025-06-23,18,21,pressure_msl_lead_minus3_hpa,DSM,OK,short_name=prmsl units=Pa valid=2025-06-24T15:00:00 bytes=887933
2025-07-12,18,24,pressure_msl_hpa,DSM,OK,short_name=prmsl units=Pa valid=2025-07-13T18:00:00 bytes=880745
2025-07-12,18,24,pressure_surface_hpa,DSM,OK,short_name=sp units=Pa valid=2025-07-13T18:00:00 bytes=836437
2025-07-12,18,21,pressure_msl_lead_minus3_hpa,DSM,OK,short_name=prmsl units=Pa valid=2025-07-13T15:00:00 bytes=884482
2024-08-10,0,26,pressure_msl_hpa,YSDU,OK,short_name=prmsl units=Pa valid=2024-08-11T02:00:00 bytes=875236
2024-08-10,0,26,pressure_surface_hpa,YSDU,OK,short_name=sp units=Pa valid=2024-08-11T02:00:00 bytes=833107
2024-08-10,0,23,pressure_msl_lead_minus3_hpa,YSDU,OK,short_name=prmsl units=Pa valid=2024-08-10T23:00:00 bytes=878847
2025-07-15,18,24,pressure_msl_hpa,DSM,OK,short_name=prmsl units=Pa valid=2025-07-16T18:00:00 bytes=872183
2025-07-15,18,24,pressure_surface_hpa,DSM,OK,short_name=sp units=Pa valid=2025-07-16T18:00:00 bytes=832855
2025-07-15,18,21,pressure_msl_lead_minus3_hpa,DSM,OK,short_name=prmsl units=Pa valid=2025-07-16T15:00:00 bytes=871920
2025-06-26,18,24,pressure_msl_hpa,DSM,OK,short_name=prmsl units=Pa valid=2025-06-27T18:00:00 bytes=1001181
2025-06-26,18,24,pressure_surface_hpa,DSM,OK,short_name=sp units=Pa valid=2025-06-27T18:00:00 bytes=834183
2025-06-26,18,21,pressure_msl_lead_minus3_hpa,DSM,OK,short_name=prmsl units=Pa valid=2025-06-27T15:00:00 bytes=999651
2025-07-25,18,24,pressure_msl_hpa,DSM,OK,short_name=prmsl units=Pa valid=2025-07-26T18:00:00 bytes=889574
2025-07-25,18,24,pressure_surface_hpa,DSM,OK,short_name=sp units=Pa valid=2025-07-26T18:00:00 bytes=844274
2025-07-25,18,21,pressure_msl_lead_minus3_hpa,DSM,OK,short_name=prmsl units=Pa valid=2025-07-26T15:00:00 bytes=893165
2025-06-16,18,24,pressure_msl_hpa,DSM,OK,short_name=prmsl units=Pa valid=2025-06-17T18:00:00 bytes=1003300
2025-06-16,18,24,pressure_surface_hpa,DSM,OK,short_name=sp units=Pa valid=2025-06-17T18:00:00 bytes=835181
2025-06-16,18,21,pressure_msl_lead_minus3_hpa,DSM,OK,short_name=prmsl units=Pa valid=2025-06-17T15:00:00 bytes=1004041
2025-07-02,18,24,pressure_msl_hpa,DSM,OK,short_name=prmsl units=Pa valid=2025-07-03T18:00:00 bytes=1005971
2025-07-02,18,24,pressure_surface_hpa,DSM,OK,short_name=sp units=Pa valid=2025-07-03T18:00:00 bytes=836537
2025-07-02,18,21,pressure_msl_lead_minus3_hpa,DSM,OK,short_name=prmsl units=Pa valid=2025-07-03T15:00:00 bytes=1005991
2025-07-21,18,24,pressure_msl_hpa,DSM,OK,short_name=prmsl units=Pa valid=2025-07-22T18:00:00 bytes=1007471
2025-07-21,18,24,pressure_surface_hpa,DSM,OK,short_name=sp units=Pa valid=2025-07-22T18:00:00 bytes=835695
2025-07-21,18,21,pressure_msl_lead_minus3_hpa,DSM,OK,short_name=prmsl units=Pa valid=2025-07-22T15:00:00 bytes=1005824
2024-07-31,0,26,pressure_msl_hpa,YSDU,OK,short_name=prmsl units=Pa valid=2024-08-01T02:00:00 bytes=882190
2024-07-31,0,26,pressure_surface_hpa,YSDU,OK,short_name=sp units=Pa valid=2024-08-01T02:00:00 bytes=837118
2024-07-31,0,23,pressure_msl_lead_minus3_hpa,YSDU,OK,short_name=prmsl units=Pa valid=2024-07-31T23:00:00 bytes=883187
2025-07-29,18,24,pressure_msl_hpa,DSM,OK,short_name=prmsl units=Pa valid=2025-07-30T18:00:00 bytes=1014466
2025-07-29,18,24,pressure_surface_hpa,DSM,OK,short_name=sp units=Pa valid=2025-07-30T18:00:00 bytes=844037
2025-07-29,18,21,pressure_msl_lead_minus3_hpa,DSM,OK,short_name=prmsl units=Pa valid=2025-07-30T15:00:00 bytes=1013314
2025-06-30,18,24,pressure_msl_hpa,DSM,OK,short_name=prmsl units=Pa valid=2025-07-01T18:00:00 bytes=1002439
2025-06-30,18,24,pressure_surface_hpa,DSM,OK,short_name=sp units=Pa valid=2025-07-01T18:00:00 bytes=833607
2025-06-30,18,21,pressure_msl_lead_minus3_hpa,DSM,OK,short_name=prmsl units=Pa valid=2025-07-01T15:00:00 bytes=1001891
2024-08-06,0,26,pressure_msl_hpa,YSDU,OK,short_name=prmsl units=Pa valid=2024-08-07T02:00:00 bytes=873913
2024-08-06,0,26,pressure_surface_hpa,YSDU,OK,short_name=sp units=Pa valid=2024-08-07T02:00:00 bytes=831762
2024-08-06,0,23,pressure_msl_lead_minus3_hpa,YSDU,OK,short_name=prmsl units=Pa valid=2024-08-06T23:00:00 bytes=874779
2025-07-17,18,24,pressure_msl_hpa,DSM,OK,short_name=prmsl units=Pa valid=2025-07-18T18:00:00 bytes=1001600
2025-07-17,18,24,pressure_surface_hpa,DSM,OK,short_name=sp units=Pa valid=2025-07-18T18:00:00 bytes=831643
2025-07-17,18,21,pressure_msl_lead_minus3_hpa,DSM,OK,short_name=prmsl units=Pa valid=2025-07-18T15:00:00 bytes=1001903
2024-08-05,0,26,pressure_msl_hpa,YSDU,OK,short_name=prmsl units=Pa valid=2024-08-06T02:00:00 bytes=1006615
2024-08-05,0,26,pressure_surface_hpa,YSDU,OK,short_name=sp units=Pa valid=2024-08-06T02:00:00 bytes=835397
2024-08-05,0,23,pressure_msl_lead_minus3_hpa,YSDU,OK,short_name=prmsl units=Pa valid=2024-08-05T23:00:00 bytes=1009972
2025-07-27,18,24,pressure_msl_hpa,DSM,OK,short_name=prmsl units=Pa valid=2025-07-28T18:00:00 bytes=894640
2025-07-27,18,24,pressure_surface_hpa,DSM,OK,short_name=sp units=Pa valid=2025-07-28T18:00:00 bytes=845448
2025-07-27,18,21,pressure_msl_lead_minus3_hpa,DSM,OK,short_name=prmsl units=Pa valid=2025-07-28T15:00:00 bytes=895450
2025-07-30,18,24,pressure_msl_hpa,DSM,OK,short_name=prmsl units=Pa valid=2025-07-31T18:00:00 bytes=893558
2025-07-30,18,24,pressure_surface_hpa,DSM,OK,short_name=sp units=Pa valid=2025-07-31T18:00:00 bytes=844518
2025-07-30,18,21,pressure_msl_lead_minus3_hpa,DSM,OK,short_name=prmsl units=Pa valid=2025-07-31T15:00:00 bytes=892993
2024-08-23,0,26,pressure_msl_hpa,YSDU,OK,short_name=prmsl units=Pa valid=2024-08-24T02:00:00 bytes=999377
2024-08-23,0,26,pressure_surface_hpa,YSDU,OK,short_name=sp units=Pa valid=2024-08-24T02:00:00 bytes=834270
2024-08-23,0,23,pressure_msl_lead_minus3_hpa,YSDU,OK,short_name=prmsl units=Pa valid=2024-08-23T23:00:00 bytes=1001793
2025-07-20,18,24,pressure_msl_hpa,DSM,OK,short_name=prmsl units=Pa valid=2025-07-21T18:00:00 bytes=1003240
2025-07-20,18,24,pressure_surface_hpa,DSM,OK,short_name=sp units=Pa valid=2025-07-21T18:00:00 bytes=831859
2025-07-20,18,21,pressure_msl_lead_minus3_hpa,DSM,OK,short_name=prmsl units=Pa valid=2025-07-21T15:00:00 bytes=1001018
2024-08-12,0,26,pressure_msl_hpa,YSDU,OK,short_name=prmsl units=Pa valid=2024-08-13T02:00:00 bytes=873271
2024-08-12,0,26,pressure_surface_hpa,YSDU,OK,short_name=sp units=Pa valid=2024-08-13T02:00:00 bytes=835315
2024-08-12,0,23,pressure_msl_lead_minus3_hpa,YSDU,OK,short_name=prmsl units=Pa valid=2024-08-12T23:00:00 bytes=875097
2024-08-13,0,26,pressure_msl_hpa,YSDU,OK,short_name=prmsl units=Pa valid=2024-08-14T02:00:00 bytes=875530
2024-08-13,0,26,pressure_surface_hpa,YSDU,OK,short_name=sp units=Pa valid=2024-08-14T02:00:00 bytes=835091
2024-08-13,0,23,pressure_msl_lead_minus3_hpa,YSDU,OK,short_name=prmsl units=Pa valid=2024-08-13T23:00:00 bytes=878027
2024-08-04,0,26,pressure_msl_hpa,YSDU,OK,short_name=prmsl units=Pa valid=2024-08-05T02:00:00 bytes=878094
2024-08-04,0,26,pressure_surface_hpa,YSDU,OK,short_name=sp units=Pa valid=2024-08-05T02:00:00 bytes=835445
2024-08-04,0,23,pressure_msl_lead_minus3_hpa,YSDU,OK,short_name=prmsl units=Pa valid=2024-08-04T23:00:00 bytes=880070
2024-08-03,0,26,pressure_msl_hpa,YSDU,OK,short_name=prmsl units=Pa valid=2024-08-04T02:00:00 bytes=999335
2024-08-03,0,26,pressure_surface_hpa,YSDU,OK,short_name=sp units=Pa valid=2024-08-04T02:00:00 bytes=836274
2024-08-03,0,23,pressure_msl_lead_minus3_hpa,YSDU,OK,short_name=prmsl units=Pa valid=2024-08-03T23:00:00 bytes=1006329
2025-07-13,18,24,pressure_msl_hpa,DSM,OK,short_name=prmsl units=Pa valid=2025-07-14T18:00:00 bytes=876873
2025-07-13,18,24,pressure_surface_hpa,DSM,OK,short_name=sp units=Pa valid=2025-07-14T18:00:00 bytes=831523
2025-07-13,18,21,pressure_msl_lead_minus3_hpa,DSM,OK,short_name=prmsl units=Pa valid=2025-07-14T15:00:00 bytes=877358
2025-07-11,18,24,pressure_msl_hpa,DSM,OK,short_name=prmsl units=Pa valid=2025-07-12T18:00:00 bytes=879347
2025-07-11,18,24,pressure_surface_hpa,DSM,OK,short_name=sp units=Pa valid=2025-07-12T18:00:00 bytes=832651
2025-07-11,18,21,pressure_msl_lead_minus3_hpa,DSM,OK,short_name=prmsl units=Pa valid=2025-07-12T15:00:00 bytes=879539
2025-07-28,18,24,pressure_msl_hpa,DSM,OK,short_name=prmsl units=Pa valid=2025-07-29T18:00:00 bytes=1014724
2025-07-28,18,24,pressure_surface_hpa,DSM,OK,short_name=sp units=Pa valid=2025-07-29T18:00:00 bytes=841421
2025-07-28,18,21,pressure_msl_lead_minus3_hpa,DSM,OK,short_name=prmsl units=Pa valid=2025-07-29T15:00:00 bytes=1013814
2025-07-16,18,24,pressure_msl_hpa,DSM,OK,short_name=prmsl units=Pa valid=2025-07-17T18:00:00 bytes=999645
2025-07-16,18,24,pressure_surface_hpa,DSM,OK,short_name=sp units=Pa valid=2025-07-17T18:00:00 bytes=830848
2025-07-16,18,21,pressure_msl_lead_minus3_hpa,DSM,OK,short_name=prmsl units=Pa valid=2025-07-17T15:00:00 bytes=998796
2025-07-23,18,24,pressure_msl_hpa,DSM,OK,short_name=prmsl units=Pa valid=2025-07-24T18:00:00 bytes=1011913
2025-07-23,18,24,pressure_surface_hpa,DSM,OK,short_name=sp units=Pa valid=2025-07-24T18:00:00 bytes=839378
2025-07-23,18,21,pressure_msl_lead_minus3_hpa,DSM,OK,short_name=prmsl units=Pa valid=2025-07-24T15:00:00 bytes=1010818
2025-07-22,18,24,pressure_msl_hpa,DSM,OK,short_name=prmsl units=Pa valid=2025-07-23T18:00:00 bytes=886698
2025-07-22,18,24,pressure_surface_hpa,DSM,OK,short_name=sp units=Pa valid=2025-07-23T18:00:00 bytes=838912
2025-07-22,18,21,pressure_msl_lead_minus3_hpa,DSM,OK,short_name=prmsl units=Pa valid=2025-07-23T15:00:00 bytes=884846
2024-08-29,0,26,pressure_msl_hpa,YSDU,OK,short_name=prmsl units=Pa valid=2024-08-30T02:00:00 bytes=876635
2024-08-29,0,26,pressure_surface_hpa,YSDU,OK,short_name=sp units=Pa valid=2024-08-30T02:00:00 bytes=834990
2024-08-29,0,23,pressure_msl_lead_minus3_hpa,YSDU,OK,short_name=prmsl units=Pa valid=2024-08-29T23:00:00 bytes=878699
2025-07-24,18,24,pressure_msl_hpa,DSM,OK,short_name=prmsl units=Pa valid=2025-07-25T18:00:00 bytes=890538
2025-07-24,18,24,pressure_surface_hpa,DSM,OK,short_name=sp units=Pa valid=2025-07-25T18:00:00 bytes=843340
2025-07-24,18,21,pressure_msl_lead_minus3_hpa,DSM,OK,short_name=prmsl units=Pa valid=2025-07-25T15:00:00 bytes=889846
2024-08-17,0,26,pressure_msl_hpa,YSDU,OK,short_name=prmsl units=Pa valid=2024-08-18T02:00:00 bytes=1003929
2024-08-17,0,26,pressure_surface_hpa,YSDU,OK,short_name=sp units=Pa valid=2024-08-18T02:00:00 bytes=838046
2024-08-17,0,23,pressure_msl_lead_minus3_hpa,YSDU,OK,short_name=prmsl units=Pa valid=2024-08-17T23:00:00 bytes=1010558
2024-08-19,0,26,pressure_msl_hpa,YSDU,OK,short_name=prmsl units=Pa valid=2024-08-20T02:00:00 bytes=878157
2024-08-19,0,26,pressure_surface_hpa,YSDU,OK,short_name=sp units=Pa valid=2024-08-20T02:00:00 bytes=835907
2024-08-19,0,23,pressure_msl_lead_minus3_hpa,YSDU,OK,short_name=prmsl units=Pa valid=2024-08-19T23:00:00 bytes=881810
2025-07-26,18,24,pressure_msl_hpa,DSM,OK,short_name=prmsl units=Pa valid=2025-07-27T18:00:00 bytes=893658
2025-07-26,18,24,pressure_surface_hpa,DSM,OK,short_name=sp units=Pa valid=2025-07-27T18:00:00 bytes=843481
2025-07-26,18,21,pressure_msl_lead_minus3_hpa,DSM,OK,short_name=prmsl units=Pa valid=2025-07-27T15:00:00 bytes=888716
2024-08-08,0,26,pressure_msl_hpa,YSDU,OK,short_name=prmsl units=Pa valid=2024-08-09T02:00:00 bytes=876619
2024-08-08,0,26,pressure_surface_hpa,YSDU,OK,short_name=sp units=Pa valid=2024-08-09T02:00:00 bytes=831651
2024-08-08,0,23,pressure_msl_lead_minus3_hpa,YSDU,OK,short_name=prmsl units=Pa valid=2024-08-08T23:00:00 bytes=877829
2024-08-21,0,26,pressure_msl_hpa,YSDU,OK,short_name=prmsl units=Pa valid=2024-08-22T02:00:00 bytes=1000047
2024-08-21,0,26,pressure_surface_hpa,YSDU,OK,short_name=sp units=Pa valid=2024-08-22T02:00:00 bytes=835955
2024-08-21,0,23,pressure_msl_lead_minus3_hpa,YSDU,OK,short_name=prmsl units=Pa valid=2024-08-21T23:00:00 bytes=1003890
2024-08-15,0,26,pressure_msl_hpa,YSDU,OK,short_name=prmsl units=Pa valid=2024-08-16T02:00:00 bytes=875600
2024-08-15,0,26,pressure_surface_hpa,YSDU,OK,short_name=sp units=Pa valid=2024-08-16T02:00:00 bytes=837359
2024-08-15,0,23,pressure_msl_lead_minus3_hpa,YSDU,OK,short_name=prmsl units=Pa valid=2024-08-15T23:00:00 bytes=881980
2024-08-14,0,26,pressure_msl_hpa,YSDU,OK,short_name=prmsl units=Pa valid=2024-08-15T02:00:00 bytes=879659
2024-08-14,0,26,pressure_surface_hpa,YSDU,OK,short_name=sp units=Pa valid=2024-08-15T02:00:00 bytes=840113
2024-08-14,0,23,pressure_msl_lead_minus3_hpa,YSDU,OK,short_name=prmsl units=Pa valid=2024-08-14T23:00:00 bytes=885121
2024-08-26,0,26,pressure_msl_hpa,YSDU,OK,short_name=prmsl units=Pa valid=2024-08-27T02:00:00 bytes=883140
2024-08-26,0,26,pressure_surface_hpa,YSDU,OK,short_name=sp units=Pa valid=2024-08-27T02:00:00 bytes=843949
2024-08-26,0,23,pressure_msl_lead_minus3_hpa,YSDU,OK,short_name=prmsl units=Pa valid=2024-08-26T23:00:00 bytes=884257
2024-08-09,0,26,pressure_msl_hpa,YSDU,OK,short_name=prmsl units=Pa valid=2024-08-10T02:00:00 bytes=878254
2024-08-09,0,26,pressure_surface_hpa,YSDU,OK,short_name=sp units=Pa valid=2024-08-10T02:00:00 bytes=834030
2024-08-09,0,23,pressure_msl_lead_minus3_hpa,YSDU,OK,short_name=prmsl units=Pa valid=2024-08-09T23:00:00 bytes=880525
2024-09-14,0,26,pressure_msl_hpa,YSDU,OK,short_name=prmsl units=Pa valid=2024-09-15T02:00:00 bytes=989995
2024-09-14,0,26,pressure_surface_hpa,YSDU,OK,short_name=sp units=Pa valid=2024-09-15T02:00:00 bytes=832223
2024-09-14,0,23,pressure_msl_lead_minus3_hpa,YSDU,OK,short_name=prmsl units=Pa valid=2024-09-14T23:00:00 bytes=993326
2024-09-09,0,26,pressure_msl_hpa,YSDU,OK,short_name=prmsl units=Pa valid=2024-09-10T02:00:00 bytes=999078
2024-09-09,0,26,pressure_surface_hpa,YSDU,OK,short_name=sp units=Pa valid=2024-09-10T02:00:00 bytes=835912
2024-09-09,0,23,pressure_msl_lead_minus3_hpa,YSDU,OK,short_name=prmsl units=Pa valid=2024-09-09T23:00:00 bytes=1002239
2024-08-07,0,26,pressure_msl_hpa,YSDU,OK,short_name=prmsl units=Pa valid=2024-08-08T02:00:00 bytes=871867
2024-08-07,0,26,pressure_surface_hpa,YSDU,OK,short_name=sp units=Pa valid=2024-08-08T02:00:00 bytes=831711
2024-08-07,0,23,pressure_msl_lead_minus3_hpa,YSDU,OK,short_name=prmsl units=Pa valid=2024-08-07T23:00:00 bytes=875199
2024-08-11,0,26,pressure_msl_hpa,YSDU,OK,short_name=prmsl units=Pa valid=2024-08-12T02:00:00 bytes=873569
2024-08-11,0,26,pressure_surface_hpa,YSDU,OK,short_name=sp units=Pa valid=2024-08-12T02:00:00 bytes=836085
2024-08-11,0,23,pressure_msl_lead_minus3_hpa,YSDU,OK,short_name=prmsl units=Pa valid=2024-08-11T23:00:00 bytes=875816
2024-09-01,0,26,pressure_msl_hpa,YSDU,OK,short_name=prmsl units=Pa valid=2024-09-02T02:00:00 bytes=1001977
2024-09-01,0,26,pressure_surface_hpa,YSDU,OK,short_name=sp units=Pa valid=2024-09-02T02:00:00 bytes=837967
2024-09-01,0,23,pressure_msl_lead_minus3_hpa,YSDU,OK,short_name=prmsl units=Pa valid=2024-09-01T23:00:00 bytes=1004579
2024-08-20,0,26,pressure_msl_hpa,YSDU,OK,short_name=prmsl units=Pa valid=2024-08-21T02:00:00 bytes=1001104
2024-08-20,0,26,pressure_surface_hpa,YSDU,OK,short_name=sp units=Pa valid=2024-08-21T02:00:00 bytes=835569
2024-08-20,0,23,pressure_msl_lead_minus3_hpa,YSDU,OK,short_name=prmsl units=Pa valid=2024-08-20T23:00:00 bytes=1003256
2024-08-16,0,26,pressure_msl_hpa,YSDU,OK,short_name=prmsl units=Pa valid=2024-08-17T02:00:00 bytes=999380
2024-08-16,0,26,pressure_surface_hpa,YSDU,OK,short_name=sp units=Pa valid=2024-08-17T02:00:00 bytes=835291
2024-08-16,0,23,pressure_msl_lead_minus3_hpa,YSDU,OK,short_name=prmsl units=Pa valid=2024-08-16T23:00:00 bytes=1002016
2024-08-24,0,26,pressure_msl_hpa,YSDU,OK,short_name=prmsl units=Pa valid=2024-08-25T02:00:00 bytes=998358
2024-08-24,0,26,pressure_surface_hpa,YSDU,OK,short_name=sp units=Pa valid=2024-08-25T02:00:00 bytes=836928
2024-08-24,0,23,pressure_msl_lead_minus3_hpa,YSDU,OK,short_name=prmsl units=Pa valid=2024-08-24T23:00:00 bytes=1000443
2024-09-17,0,26,pressure_msl_hpa,YSDU,OK,short_name=prmsl units=Pa valid=2024-09-18T02:00:00 bytes=867705
2024-09-17,0,26,pressure_surface_hpa,YSDU,OK,short_name=sp units=Pa valid=2024-09-18T02:00:00 bytes=833257
2024-09-17,0,23,pressure_msl_lead_minus3_hpa,YSDU,OK,short_name=prmsl units=Pa valid=2024-09-17T23:00:00 bytes=871456
2024-09-07,0,26,pressure_msl_hpa,YSDU,OK,short_name=prmsl units=Pa valid=2024-09-08T02:00:00 bytes=994712
2024-09-07,0,26,pressure_surface_hpa,YSDU,OK,short_name=sp units=Pa valid=2024-09-08T02:00:00 bytes=834396
2024-09-07,0,23,pressure_msl_lead_minus3_hpa,YSDU,OK,short_name=prmsl units=Pa valid=2024-09-07T23:00:00 bytes=997912
2024-08-18,0,26,pressure_msl_hpa,YSDU,OK,short_name=prmsl units=Pa valid=2024-08-19T02:00:00 bytes=1003136
2024-08-18,0,26,pressure_surface_hpa,YSDU,OK,short_name=sp units=Pa valid=2024-08-19T02:00:00 bytes=836151
2024-08-18,0,23,pressure_msl_lead_minus3_hpa,YSDU,OK,short_name=prmsl units=Pa valid=2024-08-18T23:00:00 bytes=1006777
2024-09-23,0,26,pressure_msl_hpa,YSDU,OK,short_name=prmsl units=Pa valid=2024-09-24T02:00:00 bytes=998171
2024-09-23,0,26,pressure_surface_hpa,YSDU,OK,short_name=sp units=Pa valid=2024-09-24T02:00:00 bytes=835254
2024-09-23,0,23,pressure_msl_lead_minus3_hpa,YSDU,OK,short_name=prmsl units=Pa valid=2024-09-23T23:00:00 bytes=1005126
2024-09-10,0,26,pressure_msl_hpa,YSDU,OK,short_name=prmsl units=Pa valid=2024-09-11T02:00:00 bytes=872047
2024-09-10,0,26,pressure_surface_hpa,YSDU,OK,short_name=sp units=Pa valid=2024-09-11T02:00:00 bytes=834236
2024-09-10,0,23,pressure_msl_lead_minus3_hpa,YSDU,OK,short_name=prmsl units=Pa valid=2024-09-10T23:00:00 bytes=874722
2024-08-02,0,26,pressure_msl_hpa,YSDU,OK,short_name=prmsl units=Pa valid=2024-08-03T02:00:00 bytes=876005
2024-08-02,0,26,pressure_surface_hpa,YSDU,OK,short_name=sp units=Pa valid=2024-08-03T02:00:00 bytes=836577
2024-08-02,0,23,pressure_msl_lead_minus3_hpa,YSDU,OK,short_name=prmsl units=Pa valid=2024-08-02T23:00:00 bytes=883877
2024-08-22,0,26,pressure_msl_hpa,YSDU,OK,short_name=prmsl units=Pa valid=2024-08-23T02:00:00 bytes=998886
2024-08-22,0,26,pressure_surface_hpa,YSDU,OK,short_name=sp units=Pa valid=2024-08-23T02:00:00 bytes=836662
2024-08-22,0,23,pressure_msl_lead_minus3_hpa,YSDU,OK,short_name=prmsl units=Pa valid=2024-08-22T23:00:00 bytes=1001851
2024-09-03,0,26,pressure_msl_hpa,YSDU,OK,short_name=prmsl units=Pa valid=2024-09-04T02:00:00 bytes=997460
2024-09-03,0,26,pressure_surface_hpa,YSDU,OK,short_name=sp units=Pa valid=2024-09-04T02:00:00 bytes=839409
2024-09-03,0,23,pressure_msl_lead_minus3_hpa,YSDU,OK,short_name=prmsl units=Pa valid=2024-09-03T23:00:00 bytes=874139
2024-08-30,0,26,pressure_msl_hpa,YSDU,OK,short_name=prmsl units=Pa valid=2024-08-31T02:00:00 bytes=873486
2024-08-30,0,26,pressure_surface_hpa,YSDU,OK,short_name=sp units=Pa valid=2024-08-31T02:00:00 bytes=831926
2024-08-30,0,23,pressure_msl_lead_minus3_hpa,YSDU,OK,short_name=prmsl units=Pa valid=2024-08-30T23:00:00 bytes=876638
2024-08-27,0,26,pressure_msl_hpa,YSDU,OK,short_name=prmsl units=Pa valid=2024-08-28T02:00:00 bytes=880110
2024-08-27,0,26,pressure_surface_hpa,YSDU,OK,short_name=sp units=Pa valid=2024-08-28T02:00:00 bytes=840240
2024-08-27,0,23,pressure_msl_lead_minus3_hpa,YSDU,OK,short_name=prmsl units=Pa valid=2024-08-27T23:00:00 bytes=883279
2024-08-31,0,26,pressure_msl_hpa,YSDU,OK,short_name=prmsl units=Pa valid=2024-09-01T02:00:00 bytes=871040
2024-08-31,0,26,pressure_surface_hpa,YSDU,OK,short_name=sp units=Pa valid=2024-09-01T02:00:00 bytes=835010
2024-08-31,0,23,pressure_msl_lead_minus3_hpa,YSDU,OK,short_name=prmsl units=Pa valid=2024-08-31T23:00:00 bytes=872234
2024-09-26,0,26,pressure_msl_hpa,YSDU,OK,short_name=prmsl units=Pa valid=2024-09-27T02:00:00 bytes=999919
2024-09-26,0,26,pressure_surface_hpa,YSDU,OK,short_name=sp units=Pa valid=2024-09-27T02:00:00 bytes=838978
2024-09-26,0,23,pressure_msl_lead_minus3_hpa,YSDU,OK,short_name=prmsl units=Pa valid=2024-09-26T23:00:00 bytes=1003362
2024-09-19,0,26,pressure_msl_hpa,YSDU,OK,short_name=prmsl units=Pa valid=2024-09-20T02:00:00 bytes=998158
2024-09-19,0,26,pressure_surface_hpa,YSDU,OK,short_name=sp units=Pa valid=2024-09-20T02:00:00 bytes=834505
2024-09-19,0,23,pressure_msl_lead_minus3_hpa,YSDU,OK,short_name=prmsl units=Pa valid=2024-09-19T23:00:00 bytes=872552
2024-09-06,0,26,pressure_msl_hpa,YSDU,OK,short_name=prmsl units=Pa valid=2024-09-07T02:00:00 bytes=991994
2024-09-06,0,26,pressure_surface_hpa,YSDU,OK,short_name=sp units=Pa valid=2024-09-07T02:00:00 bytes=833666
2024-09-06,0,23,pressure_msl_lead_minus3_hpa,YSDU,OK,short_name=prmsl units=Pa valid=2024-09-06T23:00:00 bytes=994113
2024-09-29,0,26,pressure_msl_hpa,YSDU,OK,short_name=prmsl units=Pa valid=2024-09-30T02:00:00 bytes=870013
2024-09-29,0,26,pressure_surface_hpa,YSDU,OK,short_name=sp units=Pa valid=2024-09-30T02:00:00 bytes=836537
2024-09-29,0,23,pressure_msl_lead_minus3_hpa,YSDU,OK,short_name=prmsl units=Pa valid=2024-09-29T23:00:00 bytes=872738
2024-09-02,0,26,pressure_msl_hpa,YSDU,OK,short_name=prmsl units=Pa valid=2024-09-03T02:00:00 bytes=1038885
2024-09-02,0,26,pressure_surface_hpa,YSDU,OK,short_name=sp units=Pa valid=2024-09-03T02:00:00 bytes=836038
2024-09-02,0,23,pressure_msl_lead_minus3_hpa,YSDU,OK,short_name=prmsl units=Pa valid=2024-09-02T23:00:00 bytes=1042073
2024-09-21,0,26,pressure_msl_hpa,YSDU,OK,short_name=prmsl units=Pa valid=2024-09-22T02:00:00 bytes=863427
2024-09-21,0,26,pressure_surface_hpa,YSDU,OK,short_name=sp units=Pa valid=2024-09-22T02:00:00 bytes=830455
2024-09-21,0,23,pressure_msl_lead_minus3_hpa,YSDU,OK,short_name=prmsl units=Pa valid=2024-09-21T23:00:00 bytes=867911
2024-09-05,0,26,pressure_msl_hpa,YSDU,OK,short_name=prmsl units=Pa valid=2024-09-06T02:00:00 bytes=864677
2024-09-05,0,26,pressure_surface_hpa,YSDU,OK,short_name=sp units=Pa valid=2024-09-06T02:00:00 bytes=831386
2024-09-05,0,23,pressure_msl_lead_minus3_hpa,YSDU,OK,short_name=prmsl units=Pa valid=2024-09-05T23:00:00 bytes=868915
2024-09-30,0,26,pressure_msl_hpa,YSDU,OK,short_name=prmsl units=Pa valid=2024-10-01T02:00:00 bytes=867600
2024-09-30,0,26,pressure_surface_hpa,YSDU,OK,short_name=sp units=Pa valid=2024-10-01T02:00:00 bytes=836698
2024-09-30,0,23,pressure_msl_lead_minus3_hpa,YSDU,OK,short_name=prmsl units=Pa valid=2024-09-30T23:00:00 bytes=874253
2024-09-20,0,26,pressure_msl_hpa,YSDU,OK,short_name=prmsl units=Pa valid=2024-09-21T02:00:00 bytes=873491
2024-09-20,0,26,pressure_surface_hpa,YSDU,OK,short_name=sp units=Pa valid=2024-09-21T02:00:00 bytes=837436
2024-09-20,0,23,pressure_msl_lead_minus3_hpa,YSDU,OK,short_name=prmsl units=Pa valid=2024-09-20T23:00:00 bytes=876553
2024-09-12,0,26,pressure_msl_hpa,YSDU,OK,short_name=prmsl units=Pa valid=2024-09-13T02:00:00 bytes=984550
2024-09-12,0,26,pressure_surface_hpa,YSDU,OK,short_name=sp units=Pa valid=2024-09-13T02:00:00 bytes=829176
2024-09-12,0,23,pressure_msl_lead_minus3_hpa,YSDU,OK,short_name=prmsl units=Pa valid=2024-09-12T23:00:00 bytes=987414
2024-09-27,0,26,pressure_msl_hpa,YSDU,OK,short_name=prmsl units=Pa valid=2024-09-28T02:00:00 bytes=1000831
2024-09-27,0,26,pressure_surface_hpa,YSDU,OK,short_name=sp units=Pa valid=2024-09-28T02:00:00 bytes=838999
2024-09-27,0,23,pressure_msl_lead_minus3_hpa,YSDU,OK,short_name=prmsl units=Pa valid=2024-09-27T23:00:00 bytes=1003795
2024-09-18,0,26,pressure_msl_hpa,YSDU,OK,short_name=prmsl units=Pa valid=2024-09-19T02:00:00 bytes=863384
2024-09-18,0,26,pressure_surface_hpa,YSDU,OK,short_name=sp units=Pa valid=2024-09-19T02:00:00 bytes=830157
2024-09-18,0,23,pressure_msl_lead_minus3_hpa,YSDU,OK,short_name=prmsl units=Pa valid=2024-09-18T23:00:00 bytes=870562
2024-09-28,0,26,pressure_msl_hpa,YSDU,OK,short_name=prmsl units=Pa valid=2024-09-29T02:00:00 bytes=871303
2024-09-28,0,26,pressure_surface_hpa,YSDU,OK,short_name=sp units=Pa valid=2024-09-29T02:00:00 bytes=836953
2024-09-28,0,23,pressure_msl_lead_minus3_hpa,YSDU,OK,short_name=prmsl units=Pa valid=2024-09-28T23:00:00 bytes=875073
2024-10-01,0,26,pressure_msl_hpa,YSDU,OK,short_name=prmsl units=Pa valid=2024-10-02T02:00:00 bytes=872630
2024-10-01,0,26,pressure_surface_hpa,YSDU,OK,short_name=sp units=Pa valid=2024-10-02T02:00:00 bytes=841211
2024-10-01,0,23,pressure_msl_lead_minus3_hpa,YSDU,OK,short_name=prmsl units=Pa valid=2024-10-01T23:00:00 bytes=875474
2024-09-15,0,26,pressure_msl_hpa,YSDU,OK,short_name=prmsl units=Pa valid=2024-09-16T02:00:00 bytes=993727
2024-09-15,0,26,pressure_surface_hpa,YSDU,OK,short_name=sp units=Pa valid=2024-09-16T02:00:00 bytes=836186
2024-09-15,0,23,pressure_msl_lead_minus3_hpa,YSDU,OK,short_name=prmsl units=Pa valid=2024-09-15T23:00:00 bytes=997437
2024-10-08,0,26,pressure_msl_hpa,YSDU,OK,short_name=prmsl units=Pa valid=2024-10-09T02:00:00 bytes=988472
2024-10-08,0,26,pressure_surface_hpa,YSDU,OK,short_name=sp units=Pa valid=2024-10-09T02:00:00 bytes=832310
2024-10-08,0,23,pressure_msl_lead_minus3_hpa,YSDU,OK,short_name=prmsl units=Pa valid=2024-10-08T23:00:00 bytes=991252
2024-08-25,0,26,pressure_msl_hpa,YSDU,OK,short_name=prmsl units=Pa valid=2024-08-26T02:00:00 bytes=876765
2024-08-25,0,26,pressure_surface_hpa,YSDU,OK,short_name=sp units=Pa valid=2024-08-26T02:00:00 bytes=839985
2024-08-25,0,23,pressure_msl_lead_minus3_hpa,YSDU,OK,short_name=prmsl units=Pa valid=2024-08-25T23:00:00 bytes=884477
2024-10-09,0,26,pressure_msl_hpa,YSDU,OK,short_name=prmsl units=Pa valid=2024-10-10T02:00:00 bytes=992018
2024-10-09,0,26,pressure_surface_hpa,YSDU,OK,short_name=sp units=Pa valid=2024-10-10T02:00:00 bytes=836312
2024-10-09,0,23,pressure_msl_lead_minus3_hpa,YSDU,OK,short_name=prmsl units=Pa valid=2024-10-09T23:00:00 bytes=996469
2024-09-24,0,26,pressure_msl_hpa,YSDU,OK,short_name=prmsl units=Pa valid=2024-09-25T02:00:00 bytes=998282
2024-09-24,0,26,pressure_surface_hpa,YSDU,OK,short_name=sp units=Pa valid=2024-09-25T02:00:00 bytes=836552
2024-09-24,0,23,pressure_msl_lead_minus3_hpa,YSDU,OK,short_name=prmsl units=Pa valid=2024-09-24T23:00:00 bytes=1003982
2024-09-16,0,26,pressure_msl_hpa,YSDU,OK,short_name=prmsl units=Pa valid=2024-09-17T02:00:00 bytes=867392
2024-09-16,0,26,pressure_surface_hpa,YSDU,OK,short_name=sp units=Pa valid=2024-09-17T02:00:00 bytes=834126
2024-09-16,0,23,pressure_msl_lead_minus3_hpa,YSDU,OK,short_name=prmsl units=Pa valid=2024-09-16T23:00:00 bytes=875241
2024-09-11,0,26,pressure_msl_hpa,YSDU,OK,short_name=prmsl units=Pa valid=2024-09-12T02:00:00 bytes=990016
2024-09-11,0,26,pressure_surface_hpa,YSDU,OK,short_name=sp units=Pa valid=2024-09-12T02:00:00 bytes=828210
2024-09-11,0,23,pressure_msl_lead_minus3_hpa,YSDU,OK,short_name=prmsl units=Pa valid=2024-09-11T23:00:00 bytes=997139
2024-09-04,0,26,pressure_msl_hpa,YSDU,OK,short_name=prmsl units=Pa valid=2024-09-05T02:00:00 bytes=996917
2024-09-04,0,26,pressure_surface_hpa,YSDU,OK,short_name=sp units=Pa valid=2024-09-05T02:00:00 bytes=835611
2024-09-04,0,23,pressure_msl_lead_minus3_hpa,YSDU,OK,short_name=prmsl units=Pa valid=2024-09-04T23:00:00 bytes=999007
2024-10-20,0,26,pressure_msl_hpa,YSDU,OK,short_name=prmsl units=Pa valid=2024-10-21T02:00:00 bytes=996250
2024-10-20,0,26,pressure_surface_hpa,YSDU,OK,short_name=sp units=Pa valid=2024-10-21T02:00:00 bytes=837213
2024-10-20,0,23,pressure_msl_lead_minus3_hpa,YSDU,OK,short_name=prmsl units=Pa valid=2024-10-20T23:00:00 bytes=1000803
2024-09-22,0,26,pressure_msl_hpa,YSDU,OK,short_name=prmsl units=Pa valid=2024-09-23T02:00:00 bytes=992458
2024-09-22,0,26,pressure_surface_hpa,YSDU,OK,short_name=sp units=Pa valid=2024-09-23T02:00:00 bytes=831809
2024-09-22,0,23,pressure_msl_lead_minus3_hpa,YSDU,OK,short_name=prmsl units=Pa valid=2024-09-22T23:00:00 bytes=999878
2024-09-13,0,26,pressure_msl_hpa,YSDU,OK,short_name=prmsl units=Pa valid=2024-09-14T02:00:00 bytes=987718
2024-09-13,0,26,pressure_surface_hpa,YSDU,OK,short_name=sp units=Pa valid=2024-09-14T02:00:00 bytes=830489
2024-09-13,0,23,pressure_msl_lead_minus3_hpa,YSDU,OK,short_name=prmsl units=Pa valid=2024-09-13T23:00:00 bytes=992722
2024-10-12,0,26,pressure_msl_hpa,YSDU,OK,short_name=prmsl units=Pa valid=2024-10-13T02:00:00 bytes=866747
2024-10-12,0,26,pressure_surface_hpa,YSDU,OK,short_name=sp units=Pa valid=2024-10-13T02:00:00 bytes=835678
2024-10-12,0,23,pressure_msl_lead_minus3_hpa,YSDU,OK,short_name=prmsl units=Pa valid=2024-10-12T23:00:00 bytes=874497
2024-10-19,0,26,pressure_msl_hpa,YSDU,OK,short_name=prmsl units=Pa valid=2024-10-20T02:00:00 bytes=997982
2024-10-19,0,26,pressure_surface_hpa,YSDU,OK,short_name=sp units=Pa valid=2024-10-20T02:00:00 bytes=840783
2024-10-19,0,23,pressure_msl_lead_minus3_hpa,YSDU,OK,short_name=prmsl units=Pa valid=2024-10-19T23:00:00 bytes=1001957
2024-10-24,0,26,pressure_msl_hpa,YSDU,OK,short_name=prmsl units=Pa valid=2024-10-25T02:00:00 bytes=1003325
2024-10-24,0,26,pressure_surface_hpa,YSDU,OK,short_name=sp units=Pa valid=2024-10-25T02:00:00 bytes=844776
2024-10-24,0,23,pressure_msl_lead_minus3_hpa,YSDU,OK,short_name=prmsl units=Pa valid=2024-10-24T23:00:00 bytes=878518
2024-10-13,0,26,pressure_msl_hpa,YSDU,OK,short_name=prmsl units=Pa valid=2024-10-14T02:00:00 bytes=986625
2024-10-13,0,26,pressure_surface_hpa,YSDU,OK,short_name=sp units=Pa valid=2024-10-14T02:00:00 bytes=830488
2024-10-13,0,23,pressure_msl_lead_minus3_hpa,YSDU,OK,short_name=prmsl units=Pa valid=2024-10-13T23:00:00 bytes=990313
2024-08-28,0,26,pressure_msl_hpa,YSDU,OK,short_name=prmsl units=Pa valid=2024-08-29T02:00:00 bytes=999494
2024-08-28,0,26,pressure_surface_hpa,YSDU,OK,short_name=sp units=Pa valid=2024-08-29T02:00:00 bytes=836491
2024-08-28,0,23,pressure_msl_lead_minus3_hpa,YSDU,OK,short_name=prmsl units=Pa valid=2024-08-28T23:00:00 bytes=1001755
2024-09-08,0,26,pressure_msl_hpa,YSDU,OK,short_name=prmsl units=Pa valid=2024-09-09T02:00:00 bytes=994858
2024-09-08,0,26,pressure_surface_hpa,YSDU,OK,short_name=sp units=Pa valid=2024-09-09T02:00:00 bytes=834093
2024-09-08,0,23,pressure_msl_lead_minus3_hpa,YSDU,OK,short_name=prmsl units=Pa valid=2024-09-08T23:00:00 bytes=995895
2024-10-11,0,26,pressure_msl_hpa,YSDU,OK,short_name=prmsl units=Pa valid=2024-10-12T02:00:00 bytes=995098
2024-10-11,0,26,pressure_surface_hpa,YSDU,OK,short_name=sp units=Pa valid=2024-10-12T02:00:00 bytes=841261
2024-10-11,0,23,pressure_msl_lead_minus3_hpa,YSDU,OK,short_name=prmsl units=Pa valid=2024-10-11T23:00:00 bytes=1002082
2024-09-25,0,26,pressure_msl_hpa,YSDU,OK,short_name=prmsl units=Pa valid=2024-09-26T02:00:00 bytes=998038
2024-09-25,0,26,pressure_surface_hpa,YSDU,OK,short_name=sp units=Pa valid=2024-09-26T02:00:00 bytes=836983
2024-09-25,0,23,pressure_msl_lead_minus3_hpa,YSDU,OK,short_name=prmsl units=Pa valid=2024-09-25T23:00:00 bytes=1005454
2024-10-06,0,26,pressure_msl_hpa,YSDU,OK,short_name=prmsl units=Pa valid=2024-10-07T02:00:00 bytes=984177
2024-10-06,0,26,pressure_surface_hpa,YSDU,OK,short_name=sp units=Pa valid=2024-10-07T02:00:00 bytes=829791
2024-10-06,0,23,pressure_msl_lead_minus3_hpa,YSDU,OK,short_name=prmsl units=Pa valid=2024-10-06T23:00:00 bytes=991916
2024-10-07,0,26,pressure_msl_hpa,YSDU,OK,short_name=prmsl units=Pa valid=2024-10-08T02:00:00 bytes=981937
2024-10-07,0,26,pressure_surface_hpa,YSDU,OK,short_name=sp units=Pa valid=2024-10-08T02:00:00 bytes=829378
2024-10-07,0,23,pressure_msl_lead_minus3_hpa,YSDU,OK,short_name=prmsl units=Pa valid=2024-10-07T23:00:00 bytes=984703
2024-10-17,0,26,pressure_msl_hpa,YSDU,OK,short_name=prmsl units=Pa valid=2024-10-18T02:00:00 bytes=989223
2024-10-17,0,26,pressure_surface_hpa,YSDU,OK,short_name=sp units=Pa valid=2024-10-18T02:00:00 bytes=836854
2024-10-17,0,23,pressure_msl_lead_minus3_hpa,YSDU,OK,short_name=prmsl units=Pa valid=2024-10-17T23:00:00 bytes=996156
2024-10-29,0,26,pressure_msl_hpa,YSDU,OK,short_name=prmsl units=Pa valid=2024-10-30T02:00:00 bytes=983959
2024-10-29,0,26,pressure_surface_hpa,YSDU,OK,short_name=sp units=Pa valid=2024-10-30T02:00:00 bytes=834711
2024-10-29,0,23,pressure_msl_lead_minus3_hpa,YSDU,OK,short_name=prmsl units=Pa valid=2024-10-29T23:00:00 bytes=988126
2024-10-16,0,26,pressure_msl_hpa,YSDU,OK,short_name=prmsl units=Pa valid=2024-10-17T02:00:00 bytes=987584
2024-10-16,0,26,pressure_surface_hpa,YSDU,OK,short_name=sp units=Pa valid=2024-10-17T02:00:00 bytes=835348
2024-10-16,0,23,pressure_msl_lead_minus3_hpa,YSDU,OK,short_name=prmsl units=Pa valid=2024-10-16T23:00:00 bytes=991705
2024-10-03,0,26,pressure_msl_hpa,YSDU,OK,short_name=prmsl units=Pa valid=2024-10-04T02:00:00 bytes=995172
2024-10-03,0,26,pressure_surface_hpa,YSDU,OK,short_name=sp units=Pa valid=2024-10-04T02:00:00 bytes=838180
2024-10-03,0,23,pressure_msl_lead_minus3_hpa,YSDU,OK,short_name=prmsl units=Pa valid=2024-10-03T23:00:00 bytes=1002668
2024-10-22,0,26,pressure_msl_hpa,YSDU,OK,short_name=prmsl units=Pa valid=2024-10-23T02:00:00 bytes=1000274
2024-10-22,0,26,pressure_surface_hpa,YSDU,OK,short_name=sp units=Pa valid=2024-10-23T02:00:00 bytes=842966
2024-10-22,0,23,pressure_msl_lead_minus3_hpa,YSDU,OK,short_name=prmsl units=Pa valid=2024-10-22T23:00:00 bytes=1002621
2024-10-27,0,26,pressure_msl_hpa,YSDU,OK,short_name=prmsl units=Pa valid=2024-10-28T02:00:00 bytes=984893
2024-10-27,0,26,pressure_surface_hpa,YSDU,OK,short_name=sp units=Pa valid=2024-10-28T02:00:00 bytes=833943
2024-10-27,0,23,pressure_msl_lead_minus3_hpa,YSDU,OK,short_name=prmsl units=Pa valid=2024-10-27T23:00:00 bytes=988405
2024-10-15,0,26,pressure_msl_hpa,YSDU,OK,short_name=prmsl units=Pa valid=2024-10-16T02:00:00 bytes=990298
2024-10-15,0,26,pressure_surface_hpa,YSDU,OK,short_name=sp units=Pa valid=2024-10-16T02:00:00 bytes=837021
2024-10-15,0,23,pressure_msl_lead_minus3_hpa,YSDU,OK,short_name=prmsl units=Pa valid=2024-10-15T23:00:00 bytes=996933
2024-10-25,0,26,pressure_msl_hpa,YSDU,OK,short_name=prmsl units=Pa valid=2024-10-26T02:00:00 bytes=869674
2024-10-25,0,26,pressure_surface_hpa,YSDU,OK,short_name=sp units=Pa valid=2024-10-26T02:00:00 bytes=840296
2024-10-25,0,23,pressure_msl_lead_minus3_hpa,YSDU,OK,short_name=prmsl units=Pa valid=2024-10-25T23:00:00 bytes=872972
2024-10-26,0,26,pressure_msl_hpa,YSDU,OK,short_name=prmsl units=Pa valid=2024-10-27T02:00:00 bytes=988916
2024-10-26,0,26,pressure_surface_hpa,YSDU,OK,short_name=sp units=Pa valid=2024-10-27T02:00:00 bytes=836159
2024-10-26,0,23,pressure_msl_lead_minus3_hpa,YSDU,OK,short_name=prmsl units=Pa valid=2024-10-26T23:00:00 bytes=992552
2024-10-18,0,26,pressure_msl_hpa,YSDU,OK,short_name=prmsl units=Pa valid=2024-10-19T02:00:00 bytes=993173
2024-10-18,0,26,pressure_surface_hpa,YSDU,OK,short_name=sp units=Pa valid=2024-10-19T02:00:00 bytes=839553
2024-10-18,0,23,pressure_msl_lead_minus3_hpa,YSDU,OK,short_name=prmsl units=Pa valid=2024-10-18T23:00:00 bytes=999818
2024-11-09,0,26,pressure_msl_hpa,YSDU,OK,short_name=prmsl units=Pa valid=2024-11-10T02:00:00 bytes=1022617
2024-11-09,0,26,pressure_surface_hpa,YSDU,OK,short_name=sp units=Pa valid=2024-11-10T02:00:00 bytes=834356
2024-11-09,0,23,pressure_msl_lead_minus3_hpa,YSDU,OK,short_name=prmsl units=Pa valid=2024-11-09T23:00:00 bytes=1030168
2024-10-21,0,26,pressure_msl_hpa,YSDU,OK,short_name=prmsl units=Pa valid=2024-10-22T02:00:00 bytes=997108
2024-10-21,0,26,pressure_surface_hpa,YSDU,OK,short_name=sp units=Pa valid=2024-10-22T02:00:00 bytes=839101
2024-10-21,0,23,pressure_msl_lead_minus3_hpa,YSDU,OK,short_name=prmsl units=Pa valid=2024-10-21T23:00:00 bytes=1000569
2024-11-07,0,26,pressure_msl_hpa,YSDU,OK,short_name=prmsl units=Pa valid=2024-11-08T02:00:00 bytes=1025706
2024-11-07,0,26,pressure_surface_hpa,YSDU,OK,short_name=sp units=Pa valid=2024-11-08T02:00:00 bytes=835334
2024-11-07,0,23,pressure_msl_lead_minus3_hpa,YSDU,OK,short_name=prmsl units=Pa valid=2024-11-07T23:00:00 bytes=1031301
2024-10-23,0,26,pressure_msl_hpa,YSDU,OK,short_name=prmsl units=Pa valid=2024-10-24T02:00:00 bytes=875582
2024-10-23,0,26,pressure_surface_hpa,YSDU,OK,short_name=sp units=Pa valid=2024-10-24T02:00:00 bytes=845503
2024-10-23,0,23,pressure_msl_lead_minus3_hpa,YSDU,OK,short_name=prmsl units=Pa valid=2024-10-23T23:00:00 bytes=877655
2024-10-04,0,26,pressure_msl_hpa,YSDU,OK,short_name=prmsl units=Pa valid=2024-10-05T02:00:00 bytes=990415
2024-10-04,0,26,pressure_surface_hpa,YSDU,OK,short_name=sp units=Pa valid=2024-10-05T02:00:00 bytes=836673
2024-10-04,0,23,pressure_msl_lead_minus3_hpa,YSDU,OK,short_name=prmsl units=Pa valid=2024-10-04T23:00:00 bytes=997212
2024-11-01,0,26,pressure_msl_hpa,YSDU,OK,short_name=prmsl units=Pa valid=2024-11-02T02:00:00 bytes=983799
2024-11-01,0,26,pressure_surface_hpa,YSDU,OK,short_name=sp units=Pa valid=2024-11-02T02:00:00 bytes=834846
2024-11-01,0,23,pressure_msl_lead_minus3_hpa,YSDU,OK,short_name=prmsl units=Pa valid=2024-11-01T23:00:00 bytes=992644
2024-10-10,0,26,pressure_msl_hpa,YSDU,OK,short_name=prmsl units=Pa valid=2024-10-11T02:00:00 bytes=991305
2024-10-10,0,26,pressure_surface_hpa,YSDU,OK,short_name=sp units=Pa valid=2024-10-11T02:00:00 bytes=837836
2024-10-10,0,23,pressure_msl_lead_minus3_hpa,YSDU,OK,short_name=prmsl units=Pa valid=2024-10-10T23:00:00 bytes=998484
2024-10-14,0,26,pressure_msl_hpa,YSDU,OK,short_name=prmsl units=Pa valid=2024-10-15T02:00:00 bytes=992048
2024-10-14,0,26,pressure_surface_hpa,YSDU,OK,short_name=sp units=Pa valid=2024-10-15T02:00:00 bytes=834263
2024-10-14,0,23,pressure_msl_lead_minus3_hpa,YSDU,OK,short_name=prmsl units=Pa valid=2024-10-14T23:00:00 bytes=994424
2024-11-25,0,26,pressure_msl_hpa,YSDU,OK,short_name=prmsl units=Pa valid=2024-11-26T02:00:00 bytes=988874
2024-11-25,0,26,pressure_surface_hpa,YSDU,OK,short_name=sp units=Pa valid=2024-11-26T02:00:00 bytes=831082
2024-11-25,0,23,pressure_msl_lead_minus3_hpa,YSDU,OK,short_name=prmsl units=Pa valid=2024-11-25T23:00:00 bytes=988487
2024-11-18,0,26,pressure_msl_hpa,YSDU,OK,short_name=prmsl units=Pa valid=2024-11-19T02:00:00 bytes=999004
2024-11-18,0,26,pressure_surface_hpa,YSDU,OK,short_name=sp units=Pa valid=2024-11-19T02:00:00 bytes=839326
2024-11-18,0,23,pressure_msl_lead_minus3_hpa,YSDU,OK,short_name=prmsl units=Pa valid=2024-11-18T23:00:00 bytes=1001664
2024-11-05,0,26,pressure_msl_hpa,YSDU,OK,short_name=prmsl units=Pa valid=2024-11-06T02:00:00 bytes=991433
2024-11-05,0,26,pressure_surface_hpa,YSDU,OK,short_name=sp units=Pa valid=2024-11-06T02:00:00 bytes=837630
2024-11-05,0,23,pressure_msl_lead_minus3_hpa,YSDU,OK,short_name=prmsl units=Pa valid=2024-11-05T23:00:00 bytes=998670
2024-10-05,0,26,pressure_msl_hpa,YSDU,OK,short_name=prmsl units=Pa valid=2024-10-06T02:00:00 bytes=988085
2024-10-05,0,26,pressure_surface_hpa,YSDU,OK,short_name=sp units=Pa valid=2024-10-06T02:00:00 bytes=832903
2024-10-05,0,23,pressure_msl_lead_minus3_hpa,YSDU,OK,short_name=prmsl units=Pa valid=2024-10-05T23:00:00 bytes=994044
2024-12-03,0,26,pressure_msl_hpa,YSDU,OK,short_name=prmsl units=Pa valid=2024-12-04T02:00:00 bytes=869926
2024-12-03,0,26,pressure_surface_hpa,YSDU,OK,short_name=sp units=Pa valid=2024-12-04T02:00:00 bytes=837631
2024-12-03,0,23,pressure_msl_lead_minus3_hpa,YSDU,OK,short_name=prmsl units=Pa valid=2024-12-03T23:00:00 bytes=872388
2024-11-02,0,26,pressure_msl_hpa,YSDU,OK,short_name=prmsl units=Pa valid=2024-11-03T02:00:00 bytes=983518
2024-11-02,0,26,pressure_surface_hpa,YSDU,OK,short_name=sp units=Pa valid=2024-11-03T02:00:00 bytes=833291
2024-11-02,0,23,pressure_msl_lead_minus3_hpa,YSDU,OK,short_name=prmsl units=Pa valid=2024-11-02T23:00:00 bytes=991061
2024-11-28,0,26,pressure_msl_hpa,YSDU,OK,short_name=prmsl units=Pa valid=2024-11-29T02:00:00 bytes=872941
2024-11-28,0,26,pressure_surface_hpa,YSDU,OK,short_name=sp units=Pa valid=2024-11-29T02:00:00 bytes=838291
2024-11-28,0,23,pressure_msl_lead_minus3_hpa,YSDU,OK,short_name=prmsl units=Pa valid=2024-11-28T23:00:00 bytes=876166
2024-11-19,0,26,pressure_msl_hpa,YSDU,OK,short_name=prmsl units=Pa valid=2024-11-20T02:00:00 bytes=993303
2024-11-19,0,26,pressure_surface_hpa,YSDU,OK,short_name=sp units=Pa valid=2024-11-20T02:00:00 bytes=836071
2024-11-19,0,23,pressure_msl_lead_minus3_hpa,YSDU,OK,short_name=prmsl units=Pa valid=2024-11-19T23:00:00 bytes=996514
2024-11-03,0,26,pressure_msl_hpa,YSDU,OK,short_name=prmsl units=Pa valid=2024-11-04T02:00:00 bytes=868082
2024-11-03,0,26,pressure_surface_hpa,YSDU,OK,short_name=sp units=Pa valid=2024-11-04T02:00:00 bytes=836413
2024-11-03,0,23,pressure_msl_lead_minus3_hpa,YSDU,OK,short_name=prmsl units=Pa valid=2024-11-03T23:00:00 bytes=871397
2024-10-02,0,26,pressure_msl_hpa,YSDU,OK,short_name=prmsl units=Pa valid=2024-10-03T02:00:00 bytes=996697
2024-10-02,0,26,pressure_surface_hpa,YSDU,OK,short_name=sp units=Pa valid=2024-10-03T02:00:00 bytes=840343
2024-10-02,0,23,pressure_msl_lead_minus3_hpa,YSDU,OK,short_name=prmsl units=Pa valid=2024-10-02T23:00:00 bytes=1003984
2024-11-24,0,26,pressure_msl_hpa,YSDU,OK,short_name=prmsl units=Pa valid=2024-11-25T02:00:00 bytes=985617
2024-11-24,0,26,pressure_surface_hpa,YSDU,OK,short_name=sp units=Pa valid=2024-11-25T02:00:00 bytes=831088
2024-11-24,0,23,pressure_msl_lead_minus3_hpa,YSDU,OK,short_name=prmsl units=Pa valid=2024-11-24T23:00:00 bytes=866051
2024-11-16,0,26,pressure_msl_hpa,YSDU,OK,short_name=prmsl units=Pa valid=2024-11-17T02:00:00 bytes=985181
2024-11-16,0,26,pressure_surface_hpa,YSDU,OK,short_name=sp units=Pa valid=2024-11-17T02:00:00 bytes=832944
2024-11-16,0,23,pressure_msl_lead_minus3_hpa,YSDU,OK,short_name=prmsl units=Pa valid=2024-11-16T23:00:00 bytes=987765
2024-12-05,0,26,pressure_msl_hpa,YSDU,OK,short_name=prmsl units=Pa valid=2024-12-06T02:00:00 bytes=998333
2024-12-05,0,26,pressure_surface_hpa,YSDU,OK,short_name=sp units=Pa valid=2024-12-06T02:00:00 bytes=836423
2024-12-05,0,23,pressure_msl_lead_minus3_hpa,YSDU,OK,short_name=prmsl units=Pa valid=2024-12-05T23:00:00 bytes=999490
2024-11-15,0,26,pressure_msl_hpa,YSDU,OK,short_name=prmsl units=Pa valid=2024-11-16T02:00:00 bytes=982000
2024-11-15,0,26,pressure_surface_hpa,YSDU,OK,short_name=sp units=Pa valid=2024-11-16T02:00:00 bytes=829890
2024-11-15,0,23,pressure_msl_lead_minus3_hpa,YSDU,OK,short_name=prmsl units=Pa valid=2024-11-15T23:00:00 bytes=984297
2024-10-31,0,26,pressure_msl_hpa,YSDU,OK,short_name=prmsl units=Pa valid=2024-11-01T02:00:00 bytes=990134
2024-10-31,0,26,pressure_surface_hpa,YSDU,OK,short_name=sp units=Pa valid=2024-11-01T02:00:00 bytes=837602
2024-10-31,0,23,pressure_msl_lead_minus3_hpa,YSDU,OK,short_name=prmsl units=Pa valid=2024-10-31T23:00:00 bytes=998007
2024-11-11,0,26,pressure_msl_hpa,YSDU,OK,short_name=prmsl units=Pa valid=2024-11-12T02:00:00 bytes=986963
2024-11-11,0,26,pressure_surface_hpa,YSDU,OK,short_name=sp units=Pa valid=2024-11-12T02:00:00 bytes=840504
2024-11-11,0,23,pressure_msl_lead_minus3_hpa,YSDU,OK,short_name=prmsl units=Pa valid=2024-11-11T23:00:00 bytes=995585
2024-11-08,0,26,pressure_msl_hpa,YSDU,OK,short_name=prmsl units=Pa valid=2024-11-09T02:00:00 bytes=1020576
2024-11-08,0,26,pressure_surface_hpa,YSDU,OK,short_name=sp units=Pa valid=2024-11-09T02:00:00 bytes=831610
2024-11-08,0,23,pressure_msl_lead_minus3_hpa,YSDU,OK,short_name=prmsl units=Pa valid=2024-11-08T23:00:00 bytes=1025324
2024-10-30,0,26,pressure_msl_hpa,YSDU,OK,short_name=prmsl units=Pa valid=2024-10-31T02:00:00 bytes=989735
2024-10-30,0,26,pressure_surface_hpa,YSDU,OK,short_name=sp units=Pa valid=2024-10-31T02:00:00 bytes=837612
2024-10-30,0,23,pressure_msl_lead_minus3_hpa,YSDU,OK,short_name=prmsl units=Pa valid=2024-10-30T23:00:00 bytes=993413
2024-12-04,0,26,pressure_msl_hpa,YSDU,OK,short_name=prmsl units=Pa valid=2024-12-05T02:00:00 bytes=869885
2024-12-04,0,26,pressure_surface_hpa,YSDU,OK,short_name=sp units=Pa valid=2024-12-05T02:00:00 bytes=838079
2024-12-04,0,23,pressure_msl_lead_minus3_hpa,YSDU,OK,short_name=prmsl units=Pa valid=2024-12-04T23:00:00 bytes=1003881
2024-11-13,0,26,pressure_msl_hpa,YSDU,OK,short_name=prmsl units=Pa valid=2024-11-14T02:00:00 bytes=982884
2024-11-13,0,26,pressure_surface_hpa,YSDU,OK,short_name=sp units=Pa valid=2024-11-14T02:00:00 bytes=833488
2024-11-13,0,23,pressure_msl_lead_minus3_hpa,YSDU,OK,short_name=prmsl units=Pa valid=2024-11-13T23:00:00 bytes=987312
2024-11-14,0,26,pressure_msl_hpa,YSDU,OK,short_name=prmsl units=Pa valid=2024-11-15T02:00:00 bytes=974309
2024-11-14,0,26,pressure_surface_hpa,YSDU,OK,short_name=sp units=Pa valid=2024-11-15T02:00:00 bytes=828607
2024-11-14,0,23,pressure_msl_lead_minus3_hpa,YSDU,OK,short_name=prmsl units=Pa valid=2024-11-14T23:00:00 bytes=977750
2024-11-12,0,26,pressure_msl_hpa,YSDU,OK,short_name=prmsl units=Pa valid=2024-11-13T02:00:00 bytes=985084
2024-11-12,0,26,pressure_surface_hpa,YSDU,OK,short_name=sp units=Pa valid=2024-11-13T02:00:00 bytes=836221
2024-11-12,0,23,pressure_msl_lead_minus3_hpa,YSDU,OK,short_name=prmsl units=Pa valid=2024-11-12T23:00:00 bytes=990704
2024-11-23,0,26,pressure_msl_hpa,YSDU,OK,short_name=prmsl units=Pa valid=2024-11-24T02:00:00 bytes=870845
2024-11-23,0,26,pressure_surface_hpa,YSDU,OK,short_name=sp units=Pa valid=2024-11-24T02:00:00 bytes=836813
2024-11-23,0,23,pressure_msl_lead_minus3_hpa,YSDU,OK,short_name=prmsl units=Pa valid=2024-11-23T23:00:00 bytes=874005
2024-12-10,0,26,pressure_msl_hpa,YSDU,OK,short_name=prmsl units=Pa valid=2024-12-11T02:00:00 bytes=991244
2024-12-10,0,26,pressure_surface_hpa,YSDU,OK,short_name=sp units=Pa valid=2024-12-11T02:00:00 bytes=837403
2024-12-10,0,23,pressure_msl_lead_minus3_hpa,YSDU,OK,short_name=prmsl units=Pa valid=2024-12-10T23:00:00 bytes=996356
2024-11-20,0,26,pressure_msl_hpa,YSDU,OK,short_name=prmsl units=Pa valid=2024-11-21T02:00:00 bytes=992091
2024-11-20,0,26,pressure_surface_hpa,YSDU,OK,short_name=sp units=Pa valid=2024-11-21T02:00:00 bytes=834471
2024-11-20,0,23,pressure_msl_lead_minus3_hpa,YSDU,OK,short_name=prmsl units=Pa valid=2024-11-20T23:00:00 bytes=996561
2024-11-04,0,26,pressure_msl_hpa,YSDU,OK,short_name=prmsl units=Pa valid=2024-11-05T02:00:00 bytes=990075
2024-11-04,0,26,pressure_surface_hpa,YSDU,OK,short_name=sp units=Pa valid=2024-11-05T02:00:00 bytes=836313
2024-11-04,0,23,pressure_msl_lead_minus3_hpa,YSDU,OK,short_name=prmsl units=Pa valid=2024-11-04T23:00:00 bytes=994778
2024-11-29,0,26,pressure_msl_hpa,YSDU,OK,short_name=prmsl units=Pa valid=2024-11-30T02:00:00 bytes=873473
2024-11-29,0,26,pressure_surface_hpa,YSDU,OK,short_name=sp units=Pa valid=2024-11-30T02:00:00 bytes=841750
2024-11-29,0,23,pressure_msl_lead_minus3_hpa,YSDU,OK,short_name=prmsl units=Pa valid=2024-11-29T23:00:00 bytes=1000310
2024-10-28,0,26,pressure_msl_hpa,YSDU,OK,short_name=prmsl units=Pa valid=2024-10-29T02:00:00 bytes=982164
2024-10-28,0,26,pressure_surface_hpa,YSDU,OK,short_name=sp units=Pa valid=2024-10-29T02:00:00 bytes=834081
2024-10-28,0,23,pressure_msl_lead_minus3_hpa,YSDU,OK,short_name=prmsl units=Pa valid=2024-10-28T23:00:00 bytes=985091
2024-12-15,0,26,pressure_msl_hpa,YSDU,OK,short_name=prmsl units=Pa valid=2024-12-16T02:00:00 bytes=1003445
2024-12-15,0,26,pressure_surface_hpa,YSDU,OK,short_name=sp units=Pa valid=2024-12-16T02:00:00 bytes=842463
2024-12-15,0,23,pressure_msl_lead_minus3_hpa,YSDU,OK,short_name=prmsl units=Pa valid=2024-12-15T23:00:00 bytes=1007137
2024-11-26,0,26,pressure_msl_hpa,YSDU,OK,short_name=prmsl units=Pa valid=2024-11-27T02:00:00 bytes=990000
2024-11-26,0,26,pressure_surface_hpa,YSDU,OK,short_name=sp units=Pa valid=2024-11-27T02:00:00 bytes=835774
2024-11-26,0,23,pressure_msl_lead_minus3_hpa,YSDU,OK,short_name=prmsl units=Pa valid=2024-11-26T23:00:00 bytes=992144
2024-11-06,0,26,pressure_msl_hpa,YSDU,OK,short_name=prmsl units=Pa valid=2024-11-07T02:00:00 bytes=1031042
2024-11-06,0,26,pressure_surface_hpa,YSDU,OK,short_name=sp units=Pa valid=2024-11-07T02:00:00 bytes=836451
2024-11-06,0,23,pressure_msl_lead_minus3_hpa,YSDU,OK,short_name=prmsl units=Pa valid=2024-11-06T23:00:00 bytes=1035162
2024-12-17,0,26,pressure_msl_hpa,YSDU,OK,short_name=prmsl units=Pa valid=2024-12-18T02:00:00 bytes=1005434
2024-12-17,0,26,pressure_surface_hpa,YSDU,OK,short_name=sp units=Pa valid=2024-12-18T02:00:00 bytes=845468
2024-12-17,0,23,pressure_msl_lead_minus3_hpa,YSDU,OK,short_name=prmsl units=Pa valid=2024-12-17T23:00:00 bytes=1008254
2024-12-07,0,26,pressure_msl_hpa,YSDU,OK,short_name=prmsl units=Pa valid=2024-12-08T02:00:00 bytes=993416
2024-12-07,0,26,pressure_surface_hpa,YSDU,OK,short_name=sp units=Pa valid=2024-12-08T02:00:00 bytes=839425
2024-12-07,0,23,pressure_msl_lead_minus3_hpa,YSDU,OK,short_name=prmsl units=Pa valid=2024-12-07T23:00:00 bytes=995897
2024-11-30,0,26,pressure_msl_hpa,YSDU,OK,short_name=prmsl units=Pa valid=2024-12-01T02:00:00 bytes=995335
2024-11-30,0,26,pressure_surface_hpa,YSDU,OK,short_name=sp units=Pa valid=2024-12-01T02:00:00 bytes=840045
2024-11-30,0,23,pressure_msl_lead_minus3_hpa,YSDU,OK,short_name=prmsl units=Pa valid=2024-11-30T23:00:00 bytes=1000615
2024-11-27,0,26,pressure_msl_hpa,YSDU,OK,short_name=prmsl units=Pa valid=2024-11-28T02:00:00 bytes=1003856
2024-11-27,0,26,pressure_surface_hpa,YSDU,OK,short_name=sp units=Pa valid=2024-11-28T02:00:00 bytes=838925
2024-11-27,0,23,pressure_msl_lead_minus3_hpa,YSDU,OK,short_name=prmsl units=Pa valid=2024-11-27T23:00:00 bytes=1006292
2024-11-17,0,26,pressure_msl_hpa,YSDU,OK,short_name=prmsl units=Pa valid=2024-11-18T02:00:00 bytes=993040
2024-11-17,0,26,pressure_surface_hpa,YSDU,OK,short_name=sp units=Pa valid=2024-11-18T02:00:00 bytes=837243
2024-11-17,0,23,pressure_msl_lead_minus3_hpa,YSDU,OK,short_name=prmsl units=Pa valid=2024-11-17T23:00:00 bytes=995909
2024-12-12,0,26,pressure_msl_hpa,YSDU,OK,short_name=prmsl units=Pa valid=2024-12-13T02:00:00 bytes=996592
2024-12-12,0,26,pressure_surface_hpa,YSDU,OK,short_name=sp units=Pa valid=2024-12-13T02:00:00 bytes=837887
2024-12-12,0,23,pressure_msl_lead_minus3_hpa,YSDU,OK,short_name=prmsl units=Pa valid=2024-12-12T23:00:00 bytes=998337
2024-12-02,0,26,pressure_msl_hpa,YSDU,OK,short_name=prmsl units=Pa valid=2024-12-03T02:00:00 bytes=994648
2024-12-02,0,26,pressure_surface_hpa,YSDU,OK,short_name=sp units=Pa valid=2024-12-03T02:00:00 bytes=840008
2024-12-02,0,23,pressure_msl_lead_minus3_hpa,YSDU,OK,short_name=prmsl units=Pa valid=2024-12-02T23:00:00 bytes=997306
2024-12-29,0,26,pressure_msl_hpa,YSDU,OK,short_name=prmsl units=Pa valid=2024-12-30T02:00:00 bytes=985963
2024-12-29,0,26,pressure_surface_hpa,YSDU,OK,short_name=sp units=Pa valid=2024-12-30T02:00:00 bytes=829419
2024-12-29,0,23,pressure_msl_lead_minus3_hpa,YSDU,OK,short_name=prmsl units=Pa valid=2024-12-29T23:00:00 bytes=988639
2024-12-09,0,26,pressure_msl_hpa,YSDU,OK,short_name=prmsl units=Pa valid=2024-12-10T02:00:00 bytes=1000562
2024-12-09,0,26,pressure_surface_hpa,YSDU,OK,short_name=sp units=Pa valid=2024-12-10T02:00:00 bytes=840109
2024-12-09,0,23,pressure_msl_lead_minus3_hpa,YSDU,OK,short_name=prmsl units=Pa valid=2024-12-09T23:00:00 bytes=1006188
2024-11-10,0,26,pressure_msl_hpa,YSDU,OK,short_name=prmsl units=Pa valid=2024-11-11T02:00:00 bytes=1028785
2024-11-10,0,26,pressure_surface_hpa,YSDU,OK,short_name=sp units=Pa valid=2024-11-11T02:00:00 bytes=838231
2024-11-10,0,23,pressure_msl_lead_minus3_hpa,YSDU,OK,short_name=prmsl units=Pa valid=2024-11-10T23:00:00 bytes=1032345
2024-12-30,0,26,pressure_msl_hpa,YSDU,OK,short_name=prmsl units=Pa valid=2024-12-31T02:00:00 bytes=991895
2024-12-30,0,26,pressure_surface_hpa,YSDU,OK,short_name=sp units=Pa valid=2024-12-31T02:00:00 bytes=834092
2024-12-30,0,23,pressure_msl_lead_minus3_hpa,YSDU,OK,short_name=prmsl units=Pa valid=2024-12-30T23:00:00 bytes=993371
2024-12-06,0,26,pressure_msl_hpa,YSDU,OK,short_name=prmsl units=Pa valid=2024-12-07T02:00:00 bytes=994015
2024-12-06,0,26,pressure_surface_hpa,YSDU,OK,short_name=sp units=Pa valid=2024-12-07T02:00:00 bytes=837128
2024-12-06,0,23,pressure_msl_lead_minus3_hpa,YSDU,OK,short_name=prmsl units=Pa valid=2024-12-06T23:00:00 bytes=998642
2024-11-22,0,26,pressure_msl_hpa,YSDU,OK,short_name=prmsl units=Pa valid=2024-11-23T02:00:00 bytes=986265
2024-11-22,0,26,pressure_surface_hpa,YSDU,OK,short_name=sp units=Pa valid=2024-11-23T02:00:00 bytes=833819
2024-11-22,0,23,pressure_msl_lead_minus3_hpa,YSDU,OK,short_name=prmsl units=Pa valid=2024-11-22T23:00:00 bytes=991146
2024-12-14,0,26,pressure_msl_hpa,YSDU,OK,short_name=prmsl units=Pa valid=2024-12-15T02:00:00 bytes=878897
2024-12-14,0,26,pressure_surface_hpa,YSDU,OK,short_name=sp units=Pa valid=2024-12-15T02:00:00 bytes=841154
2024-12-14,0,23,pressure_msl_lead_minus3_hpa,YSDU,OK,short_name=prmsl units=Pa valid=2024-12-14T23:00:00 bytes=886001
2024-12-08,0,26,pressure_msl_hpa,YSDU,OK,short_name=prmsl units=Pa valid=2024-12-09T02:00:00 bytes=995924
2024-12-08,0,26,pressure_surface_hpa,YSDU,OK,short_name=sp units=Pa valid=2024-12-09T02:00:00 bytes=839563
2024-12-08,0,23,pressure_msl_lead_minus3_hpa,YSDU,OK,short_name=prmsl units=Pa valid=2024-12-08T23:00:00 bytes=997443
2024-12-20,0,26,pressure_msl_hpa,YSDU,OK,short_name=prmsl units=Pa valid=2024-12-21T02:00:00 bytes=869242
2024-12-20,0,26,pressure_surface_hpa,YSDU,OK,short_name=sp units=Pa valid=2024-12-21T02:00:00 bytes=838810
2024-12-20,0,23,pressure_msl_lead_minus3_hpa,YSDU,OK,short_name=prmsl units=Pa valid=2024-12-20T23:00:00 bytes=873430
2024-12-26,0,26,pressure_msl_hpa,YSDU,OK,short_name=prmsl units=Pa valid=2024-12-27T02:00:00 bytes=869504
2024-12-26,0,26,pressure_surface_hpa,YSDU,OK,short_name=sp units=Pa valid=2024-12-27T02:00:00 bytes=835231
2024-12-26,0,23,pressure_msl_lead_minus3_hpa,YSDU,OK,short_name=prmsl units=Pa valid=2024-12-26T23:00:00 bytes=868008
2025-01-11,0,26,pressure_msl_hpa,YSDU,OK,short_name=prmsl units=Pa valid=2025-01-12T02:00:00 bytes=1009082
2025-01-11,0,26,pressure_surface_hpa,YSDU,OK,short_name=sp units=Pa valid=2025-01-12T02:00:00 bytes=842541
2025-01-11,0,23,pressure_msl_lead_minus3_hpa,YSDU,OK,short_name=prmsl units=Pa valid=2025-01-11T23:00:00 bytes=1006836
2025-01-01,0,26,pressure_msl_hpa,YSDU,OK,short_name=prmsl units=Pa valid=2025-01-02T02:00:00 bytes=989385
2025-01-01,0,26,pressure_surface_hpa,YSDU,OK,short_name=sp units=Pa valid=2025-01-02T02:00:00 bytes=833643
2025-01-01,0,23,pressure_msl_lead_minus3_hpa,YSDU,OK,short_name=prmsl units=Pa valid=2025-01-01T23:00:00 bytes=990181
2025-01-13,0,26,pressure_msl_hpa,YSDU,OK,short_name=prmsl units=Pa valid=2025-01-14T02:00:00 bytes=871344
2025-01-13,0,26,pressure_surface_hpa,YSDU,OK,short_name=sp units=Pa valid=2025-01-14T02:00:00 bytes=839247
2025-01-13,0,23,pressure_msl_lead_minus3_hpa,YSDU,OK,short_name=prmsl units=Pa valid=2025-01-13T23:00:00 bytes=874246
2025-01-14,0,26,pressure_msl_hpa,YSDU,OK,short_name=prmsl units=Pa valid=2025-01-15T02:00:00 bytes=868778
2025-01-14,0,26,pressure_surface_hpa,YSDU,OK,short_name=sp units=Pa valid=2025-01-15T02:00:00 bytes=837380
2025-01-14,0,23,pressure_msl_lead_minus3_hpa,YSDU,OK,short_name=prmsl units=Pa valid=2025-01-14T23:00:00 bytes=875289
2024-12-13,0,26,pressure_msl_hpa,YSDU,OK,short_name=prmsl units=Pa valid=2024-12-14T02:00:00 bytes=1006636
2024-12-13,0,26,pressure_surface_hpa,YSDU,OK,short_name=sp units=Pa valid=2024-12-14T02:00:00 bytes=841644
2024-12-13,0,23,pressure_msl_lead_minus3_hpa,YSDU,OK,short_name=prmsl units=Pa valid=2024-12-13T23:00:00 bytes=1009657
2024-12-11,0,26,pressure_msl_hpa,YSDU,OK,short_name=prmsl units=Pa valid=2024-12-12T02:00:00 bytes=989489
2024-12-11,0,26,pressure_surface_hpa,YSDU,OK,short_name=sp units=Pa valid=2024-12-12T02:00:00 bytes=834893
2024-12-11,0,23,pressure_msl_lead_minus3_hpa,YSDU,OK,short_name=prmsl units=Pa valid=2024-12-11T23:00:00 bytes=993202
2025-01-08,0,26,pressure_msl_hpa,YSDU,OK,short_name=prmsl units=Pa valid=2025-01-09T02:00:00 bytes=877260
2025-01-08,0,26,pressure_surface_hpa,YSDU,OK,short_name=sp units=Pa valid=2025-01-09T02:00:00 bytes=841562
2025-01-08,0,23,pressure_msl_lead_minus3_hpa,YSDU,OK,short_name=prmsl units=Pa valid=2025-01-08T23:00:00 bytes=879795
2024-12-27,0,26,pressure_msl_hpa,YSDU,OK,short_name=prmsl units=Pa valid=2024-12-28T02:00:00 bytes=872683
2024-12-27,0,26,pressure_surface_hpa,YSDU,OK,short_name=sp units=Pa valid=2024-12-28T02:00:00 bytes=836094
2024-12-27,0,23,pressure_msl_lead_minus3_hpa,YSDU,OK,short_name=prmsl units=Pa valid=2024-12-27T23:00:00 bytes=870880
2025-01-25,0,26,pressure_msl_hpa,YSDU,OK,short_name=prmsl units=Pa valid=2025-01-26T02:00:00 bytes=875303
2025-01-25,0,26,pressure_surface_hpa,YSDU,OK,short_name=sp units=Pa valid=2025-01-26T02:00:00 bytes=836505
2025-01-25,0,23,pressure_msl_lead_minus3_hpa,YSDU,OK,short_name=prmsl units=Pa valid=2025-01-25T23:00:00 bytes=878903
2024-12-25,0,26,pressure_msl_hpa,YSDU,OK,short_name=prmsl units=Pa valid=2024-12-26T02:00:00 bytes=868404
2024-12-25,0,26,pressure_surface_hpa,YSDU,OK,short_name=sp units=Pa valid=2024-12-26T02:00:00 bytes=835033
2024-12-25,0,23,pressure_msl_lead_minus3_hpa,YSDU,OK,short_name=prmsl units=Pa valid=2024-12-25T23:00:00 bytes=870574
2024-12-23,0,26,pressure_msl_hpa,YSDU,OK,short_name=prmsl units=Pa valid=2024-12-24T02:00:00 bytes=870179
2024-12-23,0,26,pressure_surface_hpa,YSDU,OK,short_name=sp units=Pa valid=2024-12-24T02:00:00 bytes=839778
2024-12-23,0,23,pressure_msl_lead_minus3_hpa,YSDU,OK,short_name=prmsl units=Pa valid=2024-12-23T23:00:00 bytes=873099
2025-01-07,0,26,pressure_msl_hpa,YSDU,OK,short_name=prmsl units=Pa valid=2025-01-08T02:00:00 bytes=879505
2025-01-07,0,26,pressure_surface_hpa,YSDU,OK,short_name=sp units=Pa valid=2025-01-08T02:00:00 bytes=842600
2025-01-07,0,23,pressure_msl_lead_minus3_hpa,YSDU,OK,short_name=prmsl units=Pa valid=2025-01-07T23:00:00 bytes=883850
2024-11-21,0,26,pressure_msl_hpa,YSDU,OK,short_name=prmsl units=Pa valid=2024-11-22T02:00:00 bytes=988274
2024-11-21,0,26,pressure_surface_hpa,YSDU,OK,short_name=sp units=Pa valid=2024-11-22T02:00:00 bytes=832105
2024-11-21,0,23,pressure_msl_lead_minus3_hpa,YSDU,OK,short_name=prmsl units=Pa valid=2024-11-21T23:00:00 bytes=989352
2024-12-01,0,26,pressure_msl_hpa,YSDU,OK,short_name=prmsl units=Pa valid=2024-12-02T02:00:00 bytes=1031518
2024-12-01,0,26,pressure_surface_hpa,YSDU,OK,short_name=sp units=Pa valid=2024-12-02T02:00:00 bytes=838040
2024-12-01,0,23,pressure_msl_lead_minus3_hpa,YSDU,OK,short_name=prmsl units=Pa valid=2024-12-01T23:00:00 bytes=1035020
2024-12-22,0,26,pressure_msl_hpa,YSDU,OK,short_name=prmsl units=Pa valid=2024-12-23T02:00:00 bytes=991266
2024-12-22,0,26,pressure_surface_hpa,YSDU,OK,short_name=sp units=Pa valid=2024-12-23T02:00:00 bytes=836950
2024-12-22,0,23,pressure_msl_lead_minus3_hpa,YSDU,OK,short_name=prmsl units=Pa valid=2024-12-22T23:00:00 bytes=989702
2024-12-24,0,26,pressure_msl_hpa,YSDU,OK,short_name=prmsl units=Pa valid=2024-12-25T02:00:00 bytes=872740
2024-12-24,0,26,pressure_surface_hpa,YSDU,OK,short_name=sp units=Pa valid=2024-12-25T02:00:00 bytes=836719
2024-12-24,0,23,pressure_msl_lead_minus3_hpa,YSDU,OK,short_name=prmsl units=Pa valid=2024-12-24T23:00:00 bytes=874113
2024-12-18,0,26,pressure_msl_hpa,YSDU,OK,short_name=prmsl units=Pa valid=2024-12-19T02:00:00 bytes=1001247
2024-12-18,0,26,pressure_surface_hpa,YSDU,OK,short_name=sp units=Pa valid=2024-12-19T02:00:00 bytes=840140
2024-12-18,0,23,pressure_msl_lead_minus3_hpa,YSDU,OK,short_name=prmsl units=Pa valid=2024-12-18T23:00:00 bytes=1004176
2025-01-24,0,26,pressure_msl_hpa,YSDU,OK,short_name=prmsl units=Pa valid=2025-01-25T02:00:00 bytes=878289
2025-01-24,0,26,pressure_surface_hpa,YSDU,OK,short_name=sp units=Pa valid=2025-01-25T02:00:00 bytes=839306
2025-01-24,0,23,pressure_msl_lead_minus3_hpa,YSDU,OK,short_name=prmsl units=Pa valid=2025-01-24T23:00:00 bytes=879699
2024-12-16,0,26,pressure_msl_hpa,YSDU,OK,short_name=prmsl units=Pa valid=2024-12-17T02:00:00 bytes=999979
2024-12-16,0,26,pressure_surface_hpa,YSDU,OK,short_name=sp units=Pa valid=2024-12-17T02:00:00 bytes=841665
2024-12-16,0,23,pressure_msl_lead_minus3_hpa,YSDU,OK,short_name=prmsl units=Pa valid=2024-12-16T23:00:00 bytes=1003019
2025-01-26,0,26,pressure_msl_hpa,YSDU,OK,short_name=prmsl units=Pa valid=2025-01-27T02:00:00 bytes=876306
2025-01-26,0,26,pressure_surface_hpa,YSDU,OK,short_name=sp units=Pa valid=2025-01-27T02:00:00 bytes=837194
2025-01-26,0,23,pressure_msl_lead_minus3_hpa,YSDU,OK,short_name=prmsl units=Pa valid=2025-01-26T23:00:00 bytes=875515
2025-01-02,0,26,pressure_msl_hpa,YSDU,OK,short_name=prmsl units=Pa valid=2025-01-03T02:00:00 bytes=992582
2025-01-02,0,26,pressure_surface_hpa,YSDU,OK,short_name=sp units=Pa valid=2025-01-03T02:00:00 bytes=835617
2025-01-02,0,23,pressure_msl_lead_minus3_hpa,YSDU,OK,short_name=prmsl units=Pa valid=2025-01-02T23:00:00 bytes=996166
2025-01-05,0,26,pressure_msl_hpa,YSDU,OK,short_name=prmsl units=Pa valid=2025-01-06T02:00:00 bytes=992606
2025-01-05,0,26,pressure_surface_hpa,YSDU,OK,short_name=sp units=Pa valid=2025-01-06T02:00:00 bytes=838028
2025-01-05,0,23,pressure_msl_lead_minus3_hpa,YSDU,OK,short_name=prmsl units=Pa valid=2025-01-05T23:00:00 bytes=998008
2025-01-18,0,26,pressure_msl_hpa,YSDU,OK,short_name=prmsl units=Pa valid=2025-01-19T02:00:00 bytes=1032267
2025-01-18,0,26,pressure_surface_hpa,YSDU,OK,short_name=sp units=Pa valid=2025-01-19T02:00:00 bytes=834489
2025-01-18,0,23,pressure_msl_lead_minus3_hpa,YSDU,OK,short_name=prmsl units=Pa valid=2025-01-18T23:00:00 bytes=1035628
2025-01-23,0,26,pressure_msl_hpa,YSDU,OK,short_name=prmsl units=Pa valid=2025-01-24T02:00:00 bytes=867503
2025-01-23,0,26,pressure_surface_hpa,YSDU,OK,short_name=sp units=Pa valid=2025-01-24T02:00:00 bytes=833155
2025-01-23,0,23,pressure_msl_lead_minus3_hpa,YSDU,OK,short_name=prmsl units=Pa valid=2025-01-23T23:00:00 bytes=868401
2025-01-31,0,26,pressure_msl_hpa,YSDU,OK,short_name=prmsl units=Pa valid=2025-02-01T02:00:00 bytes=996749
2025-01-31,0,26,pressure_surface_hpa,YSDU,OK,short_name=sp units=Pa valid=2025-02-01T02:00:00 bytes=839860
2025-01-31,0,23,pressure_msl_lead_minus3_hpa,YSDU,OK,short_name=prmsl units=Pa valid=2025-01-31T23:00:00 bytes=1000156
2024-12-21,0,26,pressure_msl_hpa,YSDU,OK,short_name=prmsl units=Pa valid=2024-12-22T02:00:00 bytes=985698
2024-12-21,0,26,pressure_surface_hpa,YSDU,OK,short_name=sp units=Pa valid=2024-12-22T02:00:00 bytes=835710
2024-12-21,0,23,pressure_msl_lead_minus3_hpa,YSDU,OK,short_name=prmsl units=Pa valid=2024-12-21T23:00:00 bytes=992365
2025-01-16,0,26,pressure_msl_hpa,YSDU,OK,short_name=prmsl units=Pa valid=2025-01-17T02:00:00 bytes=868838
2025-01-16,0,26,pressure_surface_hpa,YSDU,OK,short_name=sp units=Pa valid=2025-01-17T02:00:00 bytes=837373
2025-01-16,0,23,pressure_msl_lead_minus3_hpa,YSDU,OK,short_name=prmsl units=Pa valid=2025-01-16T23:00:00 bytes=870009
2025-01-19,0,26,pressure_msl_hpa,YSDU,OK,short_name=prmsl units=Pa valid=2025-01-20T02:00:00 bytes=992021
2025-01-19,0,26,pressure_surface_hpa,YSDU,OK,short_name=sp units=Pa valid=2025-01-20T02:00:00 bytes=836755
2025-01-19,0,23,pressure_msl_lead_minus3_hpa,YSDU,OK,short_name=prmsl units=Pa valid=2025-01-19T23:00:00 bytes=994419
2025-01-29,0,26,pressure_msl_hpa,YSDU,OK,short_name=prmsl units=Pa valid=2025-01-30T02:00:00 bytes=997203
2025-01-29,0,26,pressure_surface_hpa,YSDU,OK,short_name=sp units=Pa valid=2025-01-30T02:00:00 bytes=838105
2025-01-29,0,23,pressure_msl_lead_minus3_hpa,YSDU,OK,short_name=prmsl units=Pa valid=2025-01-29T23:00:00 bytes=999461
2025-01-06,0,26,pressure_msl_hpa,YSDU,OK,short_name=prmsl units=Pa valid=2025-01-07T02:00:00 bytes=873612
2025-01-06,0,26,pressure_surface_hpa,YSDU,OK,short_name=sp units=Pa valid=2025-01-07T02:00:00 bytes=838911
2025-01-06,0,23,pressure_msl_lead_minus3_hpa,YSDU,OK,short_name=prmsl units=Pa valid=2025-01-06T23:00:00 bytes=876588
2025-01-12,0,26,pressure_msl_hpa,YSDU,OK,short_name=prmsl units=Pa valid=2025-01-13T02:00:00 bytes=879916
2025-01-12,0,26,pressure_surface_hpa,YSDU,OK,short_name=sp units=Pa valid=2025-01-13T02:00:00 bytes=840962
2025-01-12,0,23,pressure_msl_lead_minus3_hpa,YSDU,OK,short_name=prmsl units=Pa valid=2025-01-12T23:00:00 bytes=876845
2025-02-13,0,26,pressure_msl_hpa,YSDU,OK,short_name=prmsl units=Pa valid=2025-02-14T02:00:00 bytes=890832
2025-02-13,0,26,pressure_surface_hpa,YSDU,OK,short_name=sp units=Pa valid=2025-02-14T02:00:00 bytes=849896
2025-02-13,0,23,pressure_msl_lead_minus3_hpa,YSDU,OK,short_name=prmsl units=Pa valid=2025-02-13T23:00:00 bytes=893559
2025-01-17,0,26,pressure_msl_hpa,YSDU,OK,short_name=prmsl units=Pa valid=2025-01-18T02:00:00 bytes=997598
2025-01-17,0,26,pressure_surface_hpa,YSDU,OK,short_name=sp units=Pa valid=2025-01-18T02:00:00 bytes=838332
2025-01-17,0,23,pressure_msl_lead_minus3_hpa,YSDU,OK,short_name=prmsl units=Pa valid=2025-01-17T23:00:00 bytes=999192
2025-02-01,0,26,pressure_msl_hpa,YSDU,OK,short_name=prmsl units=Pa valid=2025-02-02T02:00:00 bytes=1004717
2025-02-01,0,26,pressure_surface_hpa,YSDU,OK,short_name=sp units=Pa valid=2025-02-02T02:00:00 bytes=840762
2025-02-01,0,23,pressure_msl_lead_minus3_hpa,YSDU,OK,short_name=prmsl units=Pa valid=2025-02-01T23:00:00 bytes=1006601
2025-01-22,0,26,pressure_msl_hpa,YSDU,OK,short_name=prmsl units=Pa valid=2025-01-23T02:00:00 bytes=996889
2025-01-22,0,26,pressure_surface_hpa,YSDU,OK,short_name=sp units=Pa valid=2025-01-23T02:00:00 bytes=834942
2025-01-22,0,23,pressure_msl_lead_minus3_hpa,YSDU,OK,short_name=prmsl units=Pa valid=2025-01-22T23:00:00 bytes=1000778
2025-01-15,0,26,pressure_msl_hpa,YSDU,OK,short_name=prmsl units=Pa valid=2025-01-16T02:00:00 bytes=870637
2025-01-15,0,26,pressure_surface_hpa,YSDU,OK,short_name=sp units=Pa valid=2025-01-16T02:00:00 bytes=838328
2025-01-15,0,23,pressure_msl_lead_minus3_hpa,YSDU,OK,short_name=prmsl units=Pa valid=2025-01-15T23:00:00 bytes=872513
2024-12-31,0,26,pressure_msl_hpa,YSDU,OK,short_name=prmsl units=Pa valid=2025-01-01T02:00:00 bytes=986524
2024-12-31,0,26,pressure_surface_hpa,YSDU,OK,short_name=sp units=Pa valid=2025-01-01T02:00:00 bytes=831312
2024-12-31,0,23,pressure_msl_lead_minus3_hpa,YSDU,OK,short_name=prmsl units=Pa valid=2024-12-31T23:00:00 bytes=989565
2025-02-15,0,26,pressure_msl_hpa,YSDU,OK,short_name=prmsl units=Pa valid=2025-02-16T02:00:00 bytes=1013563
2025-02-15,0,26,pressure_surface_hpa,YSDU,OK,short_name=sp units=Pa valid=2025-02-16T02:00:00 bytes=842307
2025-02-15,0,23,pressure_msl_lead_minus3_hpa,YSDU,OK,short_name=prmsl units=Pa valid=2025-02-15T23:00:00 bytes=889690
2025-02-08,0,26,pressure_msl_hpa,YSDU,OK,short_name=prmsl units=Pa valid=2025-02-09T02:00:00 bytes=1007237
2025-02-08,0,26,pressure_surface_hpa,YSDU,OK,short_name=sp units=Pa valid=2025-02-09T02:00:00 bytes=843919
2025-02-08,0,23,pressure_msl_lead_minus3_hpa,YSDU,OK,short_name=prmsl units=Pa valid=2025-02-08T23:00:00 bytes=1007986
2025-01-20,0,26,pressure_msl_hpa,YSDU,OK,short_name=prmsl units=Pa valid=2025-01-21T02:00:00 bytes=997222
2025-01-20,0,26,pressure_surface_hpa,YSDU,OK,short_name=sp units=Pa valid=2025-01-21T02:00:00 bytes=840295
2025-01-20,0,23,pressure_msl_lead_minus3_hpa,YSDU,OK,short_name=prmsl units=Pa valid=2025-01-20T23:00:00 bytes=1040859
2025-01-04,0,26,pressure_msl_hpa,YSDU,OK,short_name=prmsl units=Pa valid=2025-01-05T02:00:00 bytes=993395
2025-01-04,0,26,pressure_surface_hpa,YSDU,OK,short_name=sp units=Pa valid=2025-01-05T02:00:00 bytes=834716
2025-01-04,0,23,pressure_msl_lead_minus3_hpa,YSDU,OK,short_name=prmsl units=Pa valid=2025-01-04T23:00:00 bytes=1035308
2024-12-19,0,26,pressure_msl_hpa,YSDU,OK,short_name=prmsl units=Pa valid=2024-12-20T02:00:00 bytes=999126
2024-12-19,0,26,pressure_surface_hpa,YSDU,OK,short_name=sp units=Pa valid=2024-12-20T02:00:00 bytes=840812
2024-12-19,0,23,pressure_msl_lead_minus3_hpa,YSDU,OK,short_name=prmsl units=Pa valid=2024-12-19T23:00:00 bytes=1002883
2025-01-27,0,26,pressure_msl_hpa,YSDU,OK,short_name=prmsl units=Pa valid=2025-01-28T02:00:00 bytes=879497
2025-01-27,0,26,pressure_surface_hpa,YSDU,OK,short_name=sp units=Pa valid=2025-01-28T02:00:00 bytes=841189
2025-01-27,0,23,pressure_msl_lead_minus3_hpa,YSDU,OK,short_name=prmsl units=Pa valid=2025-01-27T23:00:00 bytes=1012379
2025-01-10,0,26,pressure_msl_hpa,YSDU,OK,short_name=prmsl units=Pa valid=2025-01-11T02:00:00 bytes=883042
2025-01-10,0,26,pressure_surface_hpa,YSDU,OK,short_name=sp units=Pa valid=2025-01-11T02:00:00 bytes=843954
2025-01-10,0,23,pressure_msl_lead_minus3_hpa,YSDU,OK,short_name=prmsl units=Pa valid=2025-01-10T23:00:00 bytes=883151
2025-02-04,0,26,pressure_msl_hpa,YSDU,OK,short_name=prmsl units=Pa valid=2025-02-05T02:00:00 bytes=1003849
2025-02-04,0,26,pressure_surface_hpa,YSDU,OK,short_name=sp units=Pa valid=2025-02-05T02:00:00 bytes=839955
2025-02-04,0,23,pressure_msl_lead_minus3_hpa,YSDU,OK,short_name=prmsl units=Pa valid=2025-02-04T23:00:00 bytes=1007171
2025-02-03,0,26,pressure_msl_hpa,YSDU,OK,short_name=prmsl units=Pa valid=2025-02-04T02:00:00 bytes=878450
2025-02-03,0,26,pressure_surface_hpa,YSDU,OK,short_name=sp units=Pa valid=2025-02-04T02:00:00 bytes=840794
2025-02-03,0,23,pressure_msl_lead_minus3_hpa,YSDU,OK,short_name=prmsl units=Pa valid=2025-02-03T23:00:00 bytes=883288
2025-02-02,0,26,pressure_msl_hpa,YSDU,OK,short_name=prmsl units=Pa valid=2025-02-03T02:00:00 bytes=881143
2025-02-02,0,26,pressure_surface_hpa,YSDU,OK,short_name=sp units=Pa valid=2025-02-03T02:00:00 bytes=842030
2025-02-02,0,23,pressure_msl_lead_minus3_hpa,YSDU,OK,short_name=prmsl units=Pa valid=2025-02-02T23:00:00 bytes=882708
2025-01-09,0,26,pressure_msl_hpa,YSDU,OK,short_name=prmsl units=Pa valid=2025-01-10T02:00:00 bytes=882768
2025-01-09,0,26,pressure_surface_hpa,YSDU,OK,short_name=sp units=Pa valid=2025-01-10T02:00:00 bytes=843497
2025-01-09,0,23,pressure_msl_lead_minus3_hpa,YSDU,OK,short_name=prmsl units=Pa valid=2025-01-09T23:00:00 bytes=879851
2025-01-21,0,26,pressure_msl_hpa,YSDU,OK,short_name=prmsl units=Pa valid=2025-01-22T02:00:00 bytes=1001169
2025-01-21,0,26,pressure_surface_hpa,YSDU,OK,short_name=sp units=Pa valid=2025-01-22T02:00:00 bytes=839201
2025-01-21,0,23,pressure_msl_lead_minus3_hpa,YSDU,OK,short_name=prmsl units=Pa valid=2025-01-21T23:00:00 bytes=1003107
2025-01-28,0,26,pressure_msl_hpa,YSDU,OK,short_name=prmsl units=Pa valid=2025-01-29T02:00:00 bytes=996336
2025-01-28,0,26,pressure_surface_hpa,YSDU,OK,short_name=sp units=Pa valid=2025-01-29T02:00:00 bytes=838308
2025-01-28,0,23,pressure_msl_lead_minus3_hpa,YSDU,OK,short_name=prmsl units=Pa valid=2025-01-28T23:00:00 bytes=998443
2025-01-30,0,26,pressure_msl_hpa,YSDU,OK,short_name=prmsl units=Pa valid=2025-01-31T02:00:00 bytes=997813
2025-01-30,0,26,pressure_surface_hpa,YSDU,OK,short_name=sp units=Pa valid=2025-01-31T02:00:00 bytes=841111
2025-01-30,0,23,pressure_msl_lead_minus3_hpa,YSDU,OK,short_name=prmsl units=Pa valid=2025-01-30T23:00:00 bytes=1000507
2025-01-03,0,26,pressure_msl_hpa,YSDU,OK,short_name=prmsl units=Pa valid=2025-01-04T02:00:00 bytes=987802
2025-01-03,0,26,pressure_surface_hpa,YSDU,OK,short_name=sp units=Pa valid=2025-01-04T02:00:00 bytes=831254
2025-01-03,0,23,pressure_msl_lead_minus3_hpa,YSDU,OK,short_name=prmsl units=Pa valid=2025-01-03T23:00:00 bytes=989848
2025-02-14,0,26,pressure_msl_hpa,YSDU,OK,short_name=prmsl units=Pa valid=2025-02-15T02:00:00 bytes=1010461
2025-02-14,0,26,pressure_surface_hpa,YSDU,OK,short_name=sp units=Pa valid=2025-02-15T02:00:00 bytes=845058
2025-02-14,0,23,pressure_msl_lead_minus3_hpa,YSDU,OK,short_name=prmsl units=Pa valid=2025-02-14T23:00:00 bytes=1014177
2024-12-28,0,26,pressure_msl_hpa,YSDU,OK,short_name=prmsl units=Pa valid=2024-12-29T02:00:00 bytes=871690
2024-12-28,0,26,pressure_surface_hpa,YSDU,OK,short_name=sp units=Pa valid=2024-12-29T02:00:00 bytes=836930
2024-12-28,0,23,pressure_msl_lead_minus3_hpa,YSDU,OK,short_name=prmsl units=Pa valid=2024-12-28T23:00:00 bytes=1005114
2025-03-04,0,26,pressure_msl_hpa,YSDU,OK,short_name=prmsl units=Pa valid=2025-03-05T02:00:00 bytes=886194
2025-03-04,0,26,pressure_surface_hpa,YSDU,OK,short_name=sp units=Pa valid=2025-03-05T02:00:00 bytes=839377
2025-03-04,0,23,pressure_msl_lead_minus3_hpa,YSDU,OK,short_name=prmsl units=Pa valid=2025-03-04T23:00:00 bytes=885912
2025-02-28,0,26,pressure_msl_hpa,YSDU,OK,short_name=prmsl units=Pa valid=2025-03-01T02:00:00 bytes=1001279
2025-02-28,0,26,pressure_surface_hpa,YSDU,OK,short_name=sp units=Pa valid=2025-03-01T02:00:00 bytes=836740
2025-02-28,0,23,pressure_msl_lead_minus3_hpa,YSDU,OK,short_name=prmsl units=Pa valid=2025-02-28T23:00:00 bytes=1004195
2025-02-09,0,26,pressure_msl_hpa,YSDU,OK,short_name=prmsl units=Pa valid=2025-02-10T02:00:00 bytes=878646
2025-02-09,0,26,pressure_surface_hpa,YSDU,OK,short_name=sp units=Pa valid=2025-02-10T02:00:00 bytes=840099
2025-02-09,0,23,pressure_msl_lead_minus3_hpa,YSDU,OK,short_name=prmsl units=Pa valid=2025-02-09T23:00:00 bytes=1005021
2025-03-07,0,26,pressure_msl_hpa,YSDU,OK,short_name=prmsl units=Pa valid=2025-03-08T02:00:00 bytes=1004163
2025-03-07,0,26,pressure_surface_hpa,YSDU,OK,short_name=sp units=Pa valid=2025-03-08T02:00:00 bytes=835796
2025-03-07,0,23,pressure_msl_lead_minus3_hpa,YSDU,OK,short_name=prmsl units=Pa valid=2025-03-07T23:00:00 bytes=1002849
2025-02-25,0,26,pressure_msl_hpa,YSDU,OK,short_name=prmsl units=Pa valid=2025-02-26T02:00:00 bytes=1003465
2025-02-25,0,26,pressure_surface_hpa,YSDU,OK,short_name=sp units=Pa valid=2025-02-26T02:00:00 bytes=839805
2025-02-25,0,23,pressure_msl_lead_minus3_hpa,YSDU,OK,short_name=prmsl units=Pa valid=2025-02-25T23:00:00 bytes=881876
2025-02-06,0,26,pressure_msl_hpa,YSDU,OK,short_name=prmsl units=Pa valid=2025-02-07T02:00:00 bytes=880070
2025-02-06,0,26,pressure_surface_hpa,YSDU,OK,short_name=sp units=Pa valid=2025-02-07T02:00:00 bytes=840376
2025-02-06,0,23,pressure_msl_lead_minus3_hpa,YSDU,OK,short_name=prmsl units=Pa valid=2025-02-06T23:00:00 bytes=884053
2025-03-08,0,26,pressure_msl_hpa,YSDU,OK,short_name=prmsl units=Pa valid=2025-03-09T02:00:00 bytes=876673
2025-03-08,0,26,pressure_surface_hpa,YSDU,OK,short_name=sp units=Pa valid=2025-03-09T02:00:00 bytes=836557
2025-03-08,0,23,pressure_msl_lead_minus3_hpa,YSDU,OK,short_name=prmsl units=Pa valid=2025-03-08T23:00:00 bytes=879557
2025-02-18,0,26,pressure_msl_hpa,YSDU,OK,short_name=prmsl units=Pa valid=2025-02-19T02:00:00 bytes=1000468
2025-02-18,0,26,pressure_surface_hpa,YSDU,OK,short_name=sp units=Pa valid=2025-02-19T02:00:00 bytes=839136
2025-02-18,0,23,pressure_msl_lead_minus3_hpa,YSDU,OK,short_name=prmsl units=Pa valid=2025-02-18T23:00:00 bytes=1003333
2025-02-21,0,26,pressure_msl_hpa,YSDU,OK,short_name=prmsl units=Pa valid=2025-02-22T02:00:00 bytes=1003450
2025-02-21,0,26,pressure_surface_hpa,YSDU,OK,short_name=sp units=Pa valid=2025-02-22T02:00:00 bytes=837719
2025-02-21,0,23,pressure_msl_lead_minus3_hpa,YSDU,OK,short_name=prmsl units=Pa valid=2025-02-21T23:00:00 bytes=1005872
2025-02-19,0,26,pressure_msl_hpa,YSDU,OK,short_name=prmsl units=Pa valid=2025-02-20T02:00:00 bytes=1002308
2025-02-19,0,26,pressure_surface_hpa,YSDU,OK,short_name=sp units=Pa valid=2025-02-20T02:00:00 bytes=838554
2025-02-19,0,23,pressure_msl_lead_minus3_hpa,YSDU,OK,short_name=prmsl units=Pa valid=2025-02-19T23:00:00 bytes=1006628
2025-03-03,0,26,pressure_msl_hpa,YSDU,OK,short_name=prmsl units=Pa valid=2025-03-04T02:00:00 bytes=1005953
2025-03-03,0,26,pressure_surface_hpa,YSDU,OK,short_name=sp units=Pa valid=2025-03-04T02:00:00 bytes=839475
2025-03-03,0,23,pressure_msl_lead_minus3_hpa,YSDU,OK,short_name=prmsl units=Pa valid=2025-03-03T23:00:00 bytes=1013140
2025-02-22,0,26,pressure_msl_hpa,YSDU,OK,short_name=prmsl units=Pa valid=2025-02-23T02:00:00 bytes=880305
2025-02-22,0,26,pressure_surface_hpa,YSDU,OK,short_name=sp units=Pa valid=2025-02-23T02:00:00 bytes=838275
2025-02-22,0,23,pressure_msl_lead_minus3_hpa,YSDU,OK,short_name=prmsl units=Pa valid=2025-02-22T23:00:00 bytes=1010454
2025-03-06,0,26,pressure_msl_hpa,YSDU,OK,short_name=prmsl units=Pa valid=2025-03-07T02:00:00 bytes=999153
2025-03-06,0,26,pressure_surface_hpa,YSDU,OK,short_name=sp units=Pa valid=2025-03-07T02:00:00 bytes=835836
2025-03-06,0,23,pressure_msl_lead_minus3_hpa,YSDU,OK,short_name=prmsl units=Pa valid=2025-03-06T23:00:00 bytes=1002041
2025-02-17,0,26,pressure_msl_hpa,YSDU,OK,short_name=prmsl units=Pa valid=2025-02-18T02:00:00 bytes=877022
2025-02-17,0,26,pressure_surface_hpa,YSDU,OK,short_name=sp units=Pa valid=2025-02-18T02:00:00 bytes=834038
2025-02-17,0,23,pressure_msl_lead_minus3_hpa,YSDU,OK,short_name=prmsl units=Pa valid=2025-02-17T23:00:00 bytes=881928
2025-02-24,0,26,pressure_msl_hpa,YSDU,OK,short_name=prmsl units=Pa valid=2025-02-25T02:00:00 bytes=874941
2025-02-24,0,26,pressure_surface_hpa,YSDU,OK,short_name=sp units=Pa valid=2025-02-25T02:00:00 bytes=835994
2025-02-24,0,23,pressure_msl_lead_minus3_hpa,YSDU,OK,short_name=prmsl units=Pa valid=2025-02-24T23:00:00 bytes=876779
2025-02-16,0,26,pressure_msl_hpa,YSDU,OK,short_name=prmsl units=Pa valid=2025-02-17T02:00:00 bytes=878671
2025-02-16,0,26,pressure_surface_hpa,YSDU,OK,short_name=sp units=Pa valid=2025-02-17T02:00:00 bytes=839328
2025-02-16,0,23,pressure_msl_lead_minus3_hpa,YSDU,OK,short_name=prmsl units=Pa valid=2025-02-16T23:00:00 bytes=1007810
2025-02-07,0,26,pressure_msl_hpa,YSDU,OK,short_name=prmsl units=Pa valid=2025-02-08T02:00:00 bytes=879388
2025-02-07,0,26,pressure_surface_hpa,YSDU,OK,short_name=sp units=Pa valid=2025-02-08T02:00:00 bytes=840648
2025-02-07,0,23,pressure_msl_lead_minus3_hpa,YSDU,OK,short_name=prmsl units=Pa valid=2025-02-07T23:00:00 bytes=882509
2025-03-14,0,26,pressure_msl_hpa,YSDU,OK,short_name=prmsl units=Pa valid=2025-03-15T02:00:00 bytes=880342
2025-03-14,0,26,pressure_surface_hpa,YSDU,OK,short_name=sp units=Pa valid=2025-03-15T02:00:00 bytes=839440
2025-03-14,0,23,pressure_msl_lead_minus3_hpa,YSDU,OK,short_name=prmsl units=Pa valid=2025-03-14T23:00:00 bytes=882195
2025-02-20,0,26,pressure_msl_hpa,YSDU,OK,short_name=prmsl units=Pa valid=2025-02-21T02:00:00 bytes=1001010
2025-02-20,0,26,pressure_surface_hpa,YSDU,OK,short_name=sp units=Pa valid=2025-02-21T02:00:00 bytes=836701
2025-02-20,0,23,pressure_msl_lead_minus3_hpa,YSDU,OK,short_name=prmsl units=Pa valid=2025-02-20T23:00:00 bytes=1003638
2025-03-10,0,26,pressure_msl_hpa,YSDU,OK,short_name=prmsl units=Pa valid=2025-03-11T02:00:00 bytes=996750
2025-03-10,0,26,pressure_surface_hpa,YSDU,OK,short_name=sp units=Pa valid=2025-03-11T02:00:00 bytes=837717
2025-03-10,0,23,pressure_msl_lead_minus3_hpa,YSDU,OK,short_name=prmsl units=Pa valid=2025-03-10T23:00:00 bytes=1004566
2025-02-23,0,26,pressure_msl_hpa,YSDU,OK,short_name=prmsl units=Pa valid=2025-02-24T02:00:00 bytes=996844
2025-02-23,0,26,pressure_surface_hpa,YSDU,OK,short_name=sp units=Pa valid=2025-02-24T02:00:00 bytes=833792
2025-02-23,0,23,pressure_msl_lead_minus3_hpa,YSDU,OK,short_name=prmsl units=Pa valid=2025-02-23T23:00:00 bytes=999570
2025-03-11,0,26,pressure_msl_hpa,YSDU,OK,short_name=prmsl units=Pa valid=2025-03-12T02:00:00 bytes=1001785
2025-03-11,0,26,pressure_surface_hpa,YSDU,OK,short_name=sp units=Pa valid=2025-03-12T02:00:00 bytes=837113
2025-03-11,0,23,pressure_msl_lead_minus3_hpa,YSDU,OK,short_name=prmsl units=Pa valid=2025-03-11T23:00:00 bytes=1004427
2025-03-26,0,26,pressure_msl_hpa,YSDU,OK,short_name=prmsl units=Pa valid=2025-03-27T02:00:00 bytes=999435
2025-03-26,0,26,pressure_surface_hpa,YSDU,OK,short_name=sp units=Pa valid=2025-03-27T02:00:00 bytes=836935
2025-03-26,0,23,pressure_msl_lead_minus3_hpa,YSDU,OK,short_name=prmsl units=Pa valid=2025-03-26T23:00:00 bytes=1002900
2025-03-30,0,26,pressure_msl_hpa,YSDU,OK,short_name=prmsl units=Pa valid=2025-03-31T02:00:00 bytes=883360
2025-03-30,0,26,pressure_surface_hpa,YSDU,OK,short_name=sp units=Pa valid=2025-03-31T02:00:00 bytes=841105
2025-03-30,0,23,pressure_msl_lead_minus3_hpa,YSDU,OK,short_name=prmsl units=Pa valid=2025-03-30T23:00:00 bytes=885391
2025-02-11,0,26,pressure_msl_hpa,YSDU,OK,short_name=prmsl units=Pa valid=2025-02-12T02:00:00 bytes=1008940
2025-02-11,0,26,pressure_surface_hpa,YSDU,OK,short_name=sp units=Pa valid=2025-02-12T02:00:00 bytes=843563
2025-02-11,0,23,pressure_msl_lead_minus3_hpa,YSDU,OK,short_name=prmsl units=Pa valid=2025-02-11T23:00:00 bytes=1011551
2025-02-05,0,26,pressure_msl_hpa,YSDU,OK,short_name=prmsl units=Pa valid=2025-02-06T02:00:00 bytes=882212
2025-02-05,0,26,pressure_surface_hpa,YSDU,OK,short_name=sp units=Pa valid=2025-02-06T02:00:00 bytes=840880
2025-02-05,0,23,pressure_msl_lead_minus3_hpa,YSDU,OK,short_name=prmsl units=Pa valid=2025-02-05T23:00:00 bytes=1012387
2025-03-13,0,26,pressure_msl_hpa,YSDU,OK,short_name=prmsl units=Pa valid=2025-03-14T02:00:00 bytes=1002888
2025-03-13,0,26,pressure_surface_hpa,YSDU,OK,short_name=sp units=Pa valid=2025-03-14T02:00:00 bytes=838416
2025-03-13,0,23,pressure_msl_lead_minus3_hpa,YSDU,OK,short_name=prmsl units=Pa valid=2025-03-13T23:00:00 bytes=1007221
2025-03-23,0,26,pressure_msl_hpa,YSDU,OK,short_name=prmsl units=Pa valid=2025-03-24T02:00:00 bytes=1005107
2025-03-23,0,26,pressure_surface_hpa,YSDU,OK,short_name=sp units=Pa valid=2025-03-24T02:00:00 bytes=838260
2025-03-23,0,23,pressure_msl_lead_minus3_hpa,YSDU,OK,short_name=prmsl units=Pa valid=2025-03-23T23:00:00 bytes=884857
2025-03-01,0,26,pressure_msl_hpa,YSDU,OK,short_name=prmsl units=Pa valid=2025-03-02T02:00:00 bytes=878195
2025-03-01,0,26,pressure_surface_hpa,YSDU,OK,short_name=sp units=Pa valid=2025-03-02T02:00:00 bytes=836721
2025-03-01,0,23,pressure_msl_lead_minus3_hpa,YSDU,OK,short_name=prmsl units=Pa valid=2025-03-01T23:00:00 bytes=879953
2025-02-10,0,26,pressure_msl_hpa,YSDU,OK,short_name=prmsl units=Pa valid=2025-02-11T02:00:00 bytes=1006830
2025-02-10,0,26,pressure_surface_hpa,YSDU,OK,short_name=sp units=Pa valid=2025-02-11T02:00:00 bytes=842401
2025-02-10,0,23,pressure_msl_lead_minus3_hpa,YSDU,OK,short_name=prmsl units=Pa valid=2025-02-10T23:00:00 bytes=1006637
2025-03-20,0,26,pressure_msl_hpa,YSDU,OK,short_name=prmsl units=Pa valid=2025-03-21T02:00:00 bytes=881669
2025-03-20,0,26,pressure_surface_hpa,YSDU,OK,short_name=sp units=Pa valid=2025-03-21T02:00:00 bytes=839364
2025-03-20,0,23,pressure_msl_lead_minus3_hpa,YSDU,OK,short_name=prmsl units=Pa valid=2025-03-20T23:00:00 bytes=888309
2025-04-04,0,26,pressure_msl_hpa,YSDU,OK,short_name=prmsl units=Pa valid=2025-04-05T02:00:00 bytes=881914
2025-04-04,0,26,pressure_surface_hpa,YSDU,OK,short_name=sp units=Pa valid=2025-04-05T02:00:00 bytes=840961
2025-04-04,0,23,pressure_msl_lead_minus3_hpa,YSDU,OK,short_name=prmsl units=Pa valid=2025-04-04T23:00:00 bytes=883969
2025-04-03,0,26,pressure_msl_hpa,YSDU,OK,short_name=prmsl units=Pa valid=2025-04-04T02:00:00 bytes=1005402
2025-04-03,0,26,pressure_surface_hpa,YSDU,OK,short_name=sp units=Pa valid=2025-04-04T02:00:00 bytes=840689
2025-04-03,0,23,pressure_msl_lead_minus3_hpa,YSDU,OK,short_name=prmsl units=Pa valid=2025-04-03T23:00:00 bytes=885218
2025-03-29,0,26,pressure_msl_hpa,YSDU,OK,short_name=prmsl units=Pa valid=2025-03-30T02:00:00 bytes=878918
2025-03-29,0,26,pressure_surface_hpa,YSDU,OK,short_name=sp units=Pa valid=2025-03-30T02:00:00 bytes=839875
2025-03-29,0,23,pressure_msl_lead_minus3_hpa,YSDU,OK,short_name=prmsl units=Pa valid=2025-03-29T23:00:00 bytes=881481
2025-03-16,0,26,pressure_msl_hpa,YSDU,OK,short_name=prmsl units=Pa valid=2025-03-17T02:00:00 bytes=885693
2025-03-16,0,26,pressure_surface_hpa,YSDU,OK,short_name=sp units=Pa valid=2025-03-17T02:00:00 bytes=840392
2025-03-16,0,23,pressure_msl_lead_minus3_hpa,YSDU,OK,short_name=prmsl units=Pa valid=2025-03-16T23:00:00 bytes=884858
2025-02-12,0,26,pressure_msl_hpa,YSDU,OK,short_name=prmsl units=Pa valid=2025-02-13T02:00:00 bytes=886417
2025-02-12,0,26,pressure_surface_hpa,YSDU,OK,short_name=sp units=Pa valid=2025-02-13T02:00:00 bytes=845193
2025-02-12,0,23,pressure_msl_lead_minus3_hpa,YSDU,OK,short_name=prmsl units=Pa valid=2025-02-12T23:00:00 bytes=1014593
2025-03-24,0,26,pressure_msl_hpa,YSDU,OK,short_name=prmsl units=Pa valid=2025-03-25T02:00:00 bytes=1007369
2025-03-24,0,26,pressure_surface_hpa,YSDU,OK,short_name=sp units=Pa valid=2025-03-25T02:00:00 bytes=840825
2025-03-24,0,23,pressure_msl_lead_minus3_hpa,YSDU,OK,short_name=prmsl units=Pa valid=2025-03-24T23:00:00 bytes=883164
2025-03-31,0,26,pressure_msl_hpa,YSDU,OK,short_name=prmsl units=Pa valid=2025-04-01T02:00:00 bytes=885319
2025-03-31,0,26,pressure_surface_hpa,YSDU,OK,short_name=sp units=Pa valid=2025-04-01T02:00:00 bytes=842275
2025-03-31,0,23,pressure_msl_lead_minus3_hpa,YSDU,OK,short_name=prmsl units=Pa valid=2025-03-31T23:00:00 bytes=892780
2025-03-09,0,26,pressure_msl_hpa,YSDU,OK,short_name=prmsl units=Pa valid=2025-03-10T02:00:00 bytes=996742
2025-03-09,0,26,pressure_surface_hpa,YSDU,OK,short_name=sp units=Pa valid=2025-03-10T02:00:00 bytes=835779
2025-03-09,0,23,pressure_msl_lead_minus3_hpa,YSDU,OK,short_name=prmsl units=Pa valid=2025-03-09T23:00:00 bytes=1003088
2025-03-21,0,26,pressure_msl_hpa,YSDU,OK,short_name=prmsl units=Pa valid=2025-03-22T02:00:00 bytes=881700
2025-03-21,0,26,pressure_surface_hpa,YSDU,OK,short_name=sp units=Pa valid=2025-03-22T02:00:00 bytes=836008
2025-03-21,0,23,pressure_msl_lead_minus3_hpa,YSDU,OK,short_name=prmsl units=Pa valid=2025-03-21T23:00:00 bytes=882336
2025-03-02,0,26,pressure_msl_hpa,YSDU,OK,short_name=prmsl units=Pa valid=2025-03-03T02:00:00 bytes=1009239
2025-03-02,0,26,pressure_surface_hpa,YSDU,OK,short_name=sp units=Pa valid=2025-03-03T02:00:00 bytes=838851
2025-03-02,0,23,pressure_msl_lead_minus3_hpa,YSDU,OK,short_name=prmsl units=Pa valid=2025-03-02T23:00:00 bytes=1011615
2025-03-18,0,26,pressure_msl_hpa,YSDU,OK,short_name=prmsl units=Pa valid=2025-03-19T02:00:00 bytes=880558
2025-03-18,0,26,pressure_surface_hpa,YSDU,OK,short_name=sp units=Pa valid=2025-03-19T02:00:00 bytes=839314
2025-03-18,0,23,pressure_msl_lead_minus3_hpa,YSDU,OK,short_name=prmsl units=Pa valid=2025-03-18T23:00:00 bytes=885884
2025-03-19,0,26,pressure_msl_hpa,YSDU,OK,short_name=prmsl units=Pa valid=2025-03-20T02:00:00 bytes=1006309
2025-03-19,0,26,pressure_surface_hpa,YSDU,OK,short_name=sp units=Pa valid=2025-03-20T02:00:00 bytes=838251
2025-03-19,0,23,pressure_msl_lead_minus3_hpa,YSDU,OK,short_name=prmsl units=Pa valid=2025-03-19T23:00:00 bytes=884495
2025-04-14,0,26,pressure_msl_hpa,YSDU,OK,short_name=prmsl units=Pa valid=2025-04-15T02:00:00 bytes=1002896
2025-04-14,0,26,pressure_surface_hpa,YSDU,OK,short_name=sp units=Pa valid=2025-04-15T02:00:00 bytes=841940
2025-04-14,0,23,pressure_msl_lead_minus3_hpa,YSDU,OK,short_name=prmsl units=Pa valid=2025-04-14T23:00:00 bytes=882367
2025-03-17,0,26,pressure_msl_hpa,YSDU,OK,short_name=prmsl units=Pa valid=2025-03-18T02:00:00 bytes=883044
2025-03-17,0,26,pressure_surface_hpa,YSDU,OK,short_name=sp units=Pa valid=2025-03-18T02:00:00 bytes=838325
2025-03-17,0,23,pressure_msl_lead_minus3_hpa,YSDU,OK,short_name=prmsl units=Pa valid=2025-03-17T23:00:00 bytes=886605
2025-03-27,0,26,pressure_msl_hpa,YSDU,OK,short_name=prmsl units=Pa valid=2025-03-28T02:00:00 bytes=993731
2025-03-27,0,26,pressure_surface_hpa,YSDU,OK,short_name=sp units=Pa valid=2025-03-28T02:00:00 bytes=836619
2025-03-27,0,23,pressure_msl_lead_minus3_hpa,YSDU,OK,short_name=prmsl units=Pa valid=2025-03-27T23:00:00 bytes=999949
2025-03-05,0,26,pressure_msl_hpa,YSDU,OK,short_name=prmsl units=Pa valid=2025-03-06T02:00:00 bytes=1001547
2025-03-05,0,26,pressure_surface_hpa,YSDU,OK,short_name=sp units=Pa valid=2025-03-06T02:00:00 bytes=835934
2025-03-05,0,23,pressure_msl_lead_minus3_hpa,YSDU,OK,short_name=prmsl units=Pa valid=2025-03-05T23:00:00 bytes=880374
2025-04-06,0,26,pressure_msl_hpa,YSDU,OK,short_name=prmsl units=Pa valid=2025-04-07T02:00:00 bytes=877953
2025-04-06,0,26,pressure_surface_hpa,YSDU,OK,short_name=sp units=Pa valid=2025-04-07T02:00:00 bytes=836819
2025-04-06,0,23,pressure_msl_lead_minus3_hpa,YSDU,OK,short_name=prmsl units=Pa valid=2025-04-06T23:00:00 bytes=881291
2025-03-15,0,26,pressure_msl_hpa,YSDU,OK,short_name=prmsl units=Pa valid=2025-03-16T02:00:00 bytes=875779
2025-03-15,0,26,pressure_surface_hpa,YSDU,OK,short_name=sp units=Pa valid=2025-03-16T02:00:00 bytes=836712
2025-03-15,0,23,pressure_msl_lead_minus3_hpa,YSDU,OK,short_name=prmsl units=Pa valid=2025-03-15T23:00:00 bytes=879228
2025-04-11,0,26,pressure_msl_hpa,YSDU,OK,short_name=prmsl units=Pa valid=2025-04-12T02:00:00 bytes=998685
2025-04-11,0,26,pressure_surface_hpa,YSDU,OK,short_name=sp units=Pa valid=2025-04-12T02:00:00 bytes=835856
2025-04-11,0,23,pressure_msl_lead_minus3_hpa,YSDU,OK,short_name=prmsl units=Pa valid=2025-04-11T23:00:00 bytes=1003567
2025-03-25,0,26,pressure_msl_hpa,YSDU,OK,short_name=prmsl units=Pa valid=2025-03-26T02:00:00 bytes=998253
2025-03-25,0,26,pressure_surface_hpa,YSDU,OK,short_name=sp units=Pa valid=2025-03-26T02:00:00 bytes=836112
2025-03-25,0,23,pressure_msl_lead_minus3_hpa,YSDU,OK,short_name=prmsl units=Pa valid=2025-03-25T23:00:00 bytes=1005879
2025-04-28,0,26,pressure_msl_hpa,YSDU,OK,short_name=prmsl units=Pa valid=2025-04-29T02:00:00 bytes=876818
2025-04-28,0,26,pressure_surface_hpa,YSDU,OK,short_name=sp units=Pa valid=2025-04-29T02:00:00 bytes=838667
2025-04-28,0,23,pressure_msl_lead_minus3_hpa,YSDU,OK,short_name=prmsl units=Pa valid=2025-04-28T23:00:00 bytes=877678
2025-03-28,0,26,pressure_msl_hpa,YSDU,OK,short_name=prmsl units=Pa valid=2025-03-29T02:00:00 bytes=1005521
2025-03-28,0,26,pressure_surface_hpa,YSDU,OK,short_name=sp units=Pa valid=2025-03-29T02:00:00 bytes=839811
2025-03-28,0,23,pressure_msl_lead_minus3_hpa,YSDU,OK,short_name=prmsl units=Pa valid=2025-03-28T23:00:00 bytes=1005173
2025-02-26,0,26,pressure_msl_hpa,YSDU,OK,short_name=prmsl units=Pa valid=2025-02-27T02:00:00 bytes=1046198
2025-02-26,0,26,pressure_surface_hpa,YSDU,OK,short_name=sp units=Pa valid=2025-02-27T02:00:00 bytes=838916
2025-02-26,0,23,pressure_msl_lead_minus3_hpa,YSDU,OK,short_name=prmsl units=Pa valid=2025-02-26T23:00:00 bytes=1009243
2025-04-05,0,26,pressure_msl_hpa,YSDU,OK,short_name=prmsl units=Pa valid=2025-04-06T02:00:00 bytes=882898
2025-04-05,0,26,pressure_surface_hpa,YSDU,OK,short_name=sp units=Pa valid=2025-04-06T02:00:00 bytes=839899
2025-04-05,0,23,pressure_msl_lead_minus3_hpa,YSDU,OK,short_name=prmsl units=Pa valid=2025-04-05T23:00:00 bytes=884969
2025-03-22,0,26,pressure_msl_hpa,YSDU,OK,short_name=prmsl units=Pa valid=2025-03-23T02:00:00 bytes=883093
2025-03-22,0,26,pressure_surface_hpa,YSDU,OK,short_name=sp units=Pa valid=2025-03-23T02:00:00 bytes=837698
2025-03-22,0,23,pressure_msl_lead_minus3_hpa,YSDU,OK,short_name=prmsl units=Pa valid=2025-03-22T23:00:00 bytes=885540
2025-04-08,0,26,pressure_msl_hpa,YSDU,OK,short_name=prmsl units=Pa valid=2025-04-09T02:00:00 bytes=989864
2025-04-08,0,26,pressure_surface_hpa,YSDU,OK,short_name=sp units=Pa valid=2025-04-09T02:00:00 bytes=831674
2025-04-08,0,23,pressure_msl_lead_minus3_hpa,YSDU,OK,short_name=prmsl units=Pa valid=2025-04-08T23:00:00 bytes=997273
2025-04-02,0,26,pressure_msl_hpa,YSDU,OK,short_name=prmsl units=Pa valid=2025-04-03T02:00:00 bytes=881675
2025-04-02,0,26,pressure_surface_hpa,YSDU,OK,short_name=sp units=Pa valid=2025-04-03T02:00:00 bytes=839473
2025-04-02,0,23,pressure_msl_lead_minus3_hpa,YSDU,OK,short_name=prmsl units=Pa valid=2025-04-02T23:00:00 bytes=884401
2025-04-07,0,26,pressure_msl_hpa,YSDU,OK,short_name=prmsl units=Pa valid=2025-04-08T02:00:00 bytes=991674
2025-04-07,0,26,pressure_surface_hpa,YSDU,OK,short_name=sp units=Pa valid=2025-04-08T02:00:00 bytes=830878
2025-04-07,0,23,pressure_msl_lead_minus3_hpa,YSDU,OK,short_name=prmsl units=Pa valid=2025-04-07T23:00:00 bytes=995529
2025-04-09,0,26,pressure_msl_hpa,YSDU,OK,short_name=prmsl units=Pa valid=2025-04-10T02:00:00 bytes=994604
2025-04-09,0,26,pressure_surface_hpa,YSDU,OK,short_name=sp units=Pa valid=2025-04-10T02:00:00 bytes=835166
2025-04-09,0,23,pressure_msl_lead_minus3_hpa,YSDU,OK,short_name=prmsl units=Pa valid=2025-04-09T23:00:00 bytes=1000513
2025-04-24,0,26,pressure_msl_hpa,YSDU,OK,short_name=prmsl units=Pa valid=2025-04-25T02:00:00 bytes=872843
2025-04-24,0,26,pressure_surface_hpa,YSDU,OK,short_name=sp units=Pa valid=2025-04-25T02:00:00 bytes=836718
2025-04-24,0,23,pressure_msl_lead_minus3_hpa,YSDU,OK,short_name=prmsl units=Pa valid=2025-04-24T23:00:00 bytes=875989
2025-04-16,0,26,pressure_msl_hpa,YSDU,OK,short_name=prmsl units=Pa valid=2025-04-17T02:00:00 bytes=876976
2025-04-16,0,26,pressure_surface_hpa,YSDU,OK,short_name=sp units=Pa valid=2025-04-17T02:00:00 bytes=839366
2025-04-16,0,23,pressure_msl_lead_minus3_hpa,YSDU,OK,short_name=prmsl units=Pa valid=2025-04-16T23:00:00 bytes=1009058
2025-04-12,0,26,pressure_msl_hpa,YSDU,OK,short_name=prmsl units=Pa valid=2025-04-13T02:00:00 bytes=1045520
2025-04-12,0,26,pressure_surface_hpa,YSDU,OK,short_name=sp units=Pa valid=2025-04-13T02:00:00 bytes=839846
2025-04-12,0,23,pressure_msl_lead_minus3_hpa,YSDU,OK,short_name=prmsl units=Pa valid=2025-04-12T23:00:00 bytes=1004919
2025-04-27,0,26,pressure_msl_hpa,YSDU,OK,short_name=prmsl units=Pa valid=2025-04-28T02:00:00 bytes=873746
2025-04-27,0,26,pressure_surface_hpa,YSDU,OK,short_name=sp units=Pa valid=2025-04-28T02:00:00 bytes=836278
2025-04-27,0,23,pressure_msl_lead_minus3_hpa,YSDU,OK,short_name=prmsl units=Pa valid=2025-04-27T23:00:00 bytes=876250
2025-04-20,0,26,pressure_msl_hpa,YSDU,OK,short_name=prmsl units=Pa valid=2025-04-21T02:00:00 bytes=996651
2025-04-20,0,26,pressure_surface_hpa,YSDU,OK,short_name=sp units=Pa valid=2025-04-21T02:00:00 bytes=834938
2025-04-20,0,23,pressure_msl_lead_minus3_hpa,YSDU,OK,short_name=prmsl units=Pa valid=2025-04-20T23:00:00 bytes=1001495
2025-02-27,0,26,pressure_msl_hpa,YSDU,OK,short_name=prmsl units=Pa valid=2025-02-28T02:00:00 bytes=999533
2025-02-27,0,26,pressure_surface_hpa,YSDU,OK,short_name=sp units=Pa valid=2025-02-28T02:00:00 bytes=835665
2025-02-27,0,23,pressure_msl_lead_minus3_hpa,YSDU,OK,short_name=prmsl units=Pa valid=2025-02-27T23:00:00 bytes=1002468
2025-04-30,0,26,pressure_msl_hpa,YSDU,OK,short_name=prmsl units=Pa valid=2025-05-01T02:00:00 bytes=998767
2025-04-30,0,26,pressure_surface_hpa,YSDU,OK,short_name=sp units=Pa valid=2025-05-01T02:00:00 bytes=838471
2025-04-30,0,23,pressure_msl_lead_minus3_hpa,YSDU,OK,short_name=prmsl units=Pa valid=2025-04-30T23:00:00 bytes=1001488
2025-05-16,0,26,pressure_msl_hpa,YSDU,OK,short_name=prmsl units=Pa valid=2025-05-17T02:00:00 bytes=875552
2025-05-16,0,26,pressure_surface_hpa,YSDU,OK,short_name=sp units=Pa valid=2025-05-17T02:00:00 bytes=840038
2025-05-16,0,23,pressure_msl_lead_minus3_hpa,YSDU,OK,short_name=prmsl units=Pa valid=2025-05-16T23:00:00 bytes=881360
2025-05-01,0,26,pressure_msl_hpa,YSDU,OK,short_name=prmsl units=Pa valid=2025-05-02T02:00:00 bytes=1002310
2025-05-01,0,26,pressure_surface_hpa,YSDU,OK,short_name=sp units=Pa valid=2025-05-02T02:00:00 bytes=839509
2025-05-01,0,23,pressure_msl_lead_minus3_hpa,YSDU,OK,short_name=prmsl units=Pa valid=2025-05-01T23:00:00 bytes=1006684
2025-05-03,0,26,pressure_msl_hpa,YSDU,OK,short_name=prmsl units=Pa valid=2025-05-04T02:00:00 bytes=998298
2025-05-03,0,26,pressure_surface_hpa,YSDU,OK,short_name=sp units=Pa valid=2025-05-04T02:00:00 bytes=840305
2025-05-03,0,23,pressure_msl_lead_minus3_hpa,YSDU,OK,short_name=prmsl units=Pa valid=2025-05-03T23:00:00 bytes=1005044
2025-03-12,0,26,pressure_msl_hpa,YSDU,OK,short_name=prmsl units=Pa valid=2025-03-13T02:00:00 bytes=999168
2025-03-12,0,26,pressure_surface_hpa,YSDU,OK,short_name=sp units=Pa valid=2025-03-13T02:00:00 bytes=835951
2025-03-12,0,23,pressure_msl_lead_minus3_hpa,YSDU,OK,short_name=prmsl units=Pa valid=2025-03-12T23:00:00 bytes=1005932
2025-05-09,0,26,pressure_msl_hpa,YSDU,OK,short_name=prmsl units=Pa valid=2025-05-10T02:00:00 bytes=999965
2025-05-09,0,26,pressure_surface_hpa,YSDU,OK,short_name=sp units=Pa valid=2025-05-10T02:00:00 bytes=841867
2025-05-09,0,23,pressure_msl_lead_minus3_hpa,YSDU,OK,short_name=prmsl units=Pa valid=2025-05-09T23:00:00 bytes=1006799
2025-05-05,0,26,pressure_msl_hpa,YSDU,OK,short_name=prmsl units=Pa valid=2025-05-06T02:00:00 bytes=872081
2025-05-05,0,26,pressure_surface_hpa,YSDU,OK,short_name=sp units=Pa valid=2025-05-06T02:00:00 bytes=841431
2025-05-05,0,23,pressure_msl_lead_minus3_hpa,YSDU,OK,short_name=prmsl units=Pa valid=2025-05-05T23:00:00 bytes=878724
2025-05-11,0,26,pressure_msl_hpa,YSDU,OK,short_name=prmsl units=Pa valid=2025-05-12T02:00:00 bytes=998958
2025-05-11,0,26,pressure_surface_hpa,YSDU,OK,short_name=sp units=Pa valid=2025-05-12T02:00:00 bytes=841553
2025-05-11,0,23,pressure_msl_lead_minus3_hpa,YSDU,OK,short_name=prmsl units=Pa valid=2025-05-11T23:00:00 bytes=1001462
2025-05-18,0,26,pressure_msl_hpa,YSDU,OK,short_name=prmsl units=Pa valid=2025-05-19T02:00:00 bytes=877697
2025-05-18,0,26,pressure_surface_hpa,YSDU,OK,short_name=sp units=Pa valid=2025-05-19T02:00:00 bytes=841129
2025-05-18,0,23,pressure_msl_lead_minus3_hpa,YSDU,OK,short_name=prmsl units=Pa valid=2025-05-18T23:00:00 bytes=883811
2025-04-01,0,26,pressure_msl_hpa,YSDU,OK,short_name=prmsl units=Pa valid=2025-04-02T02:00:00 bytes=1008598
2025-04-01,0,26,pressure_surface_hpa,YSDU,OK,short_name=sp units=Pa valid=2025-04-02T02:00:00 bytes=839367
2025-04-01,0,23,pressure_msl_lead_minus3_hpa,YSDU,OK,short_name=prmsl units=Pa valid=2025-04-01T23:00:00 bytes=883406
2025-05-08,0,26,pressure_msl_hpa,YSDU,OK,short_name=prmsl units=Pa valid=2025-05-09T02:00:00 bytes=874320
2025-05-08,0,26,pressure_surface_hpa,YSDU,OK,short_name=sp units=Pa valid=2025-05-09T02:00:00 bytes=841424
2025-05-08,0,23,pressure_msl_lead_minus3_hpa,YSDU,OK,short_name=prmsl units=Pa valid=2025-05-08T23:00:00 bytes=878127
2025-05-04,0,26,pressure_msl_hpa,YSDU,OK,short_name=prmsl units=Pa valid=2025-05-05T02:00:00 bytes=992140
2025-05-04,0,26,pressure_surface_hpa,YSDU,OK,short_name=sp units=Pa valid=2025-05-05T02:00:00 bytes=836609
2025-05-04,0,23,pressure_msl_lead_minus3_hpa,YSDU,OK,short_name=prmsl units=Pa valid=2025-05-04T23:00:00 bytes=999997
2025-04-17,0,26,pressure_msl_hpa,YSDU,OK,short_name=prmsl units=Pa valid=2025-04-18T02:00:00 bytes=994783
2025-04-17,0,26,pressure_surface_hpa,YSDU,OK,short_name=sp units=Pa valid=2025-04-18T02:00:00 bytes=835015
2025-04-17,0,23,pressure_msl_lead_minus3_hpa,YSDU,OK,short_name=prmsl units=Pa valid=2025-04-17T23:00:00 bytes=1001668
2025-05-28,0,26,pressure_msl_hpa,YSDU,OK,short_name=prmsl units=Pa valid=2025-05-29T02:00:00 bytes=877827
2025-05-28,0,26,pressure_surface_hpa,YSDU,OK,short_name=sp units=Pa valid=2025-05-29T02:00:00 bytes=843246
2025-05-28,0,23,pressure_msl_lead_minus3_hpa,YSDU,OK,short_name=prmsl units=Pa valid=2025-05-28T23:00:00 bytes=880134
2025-04-21,0,26,pressure_msl_hpa,YSDU,OK,short_name=prmsl units=Pa valid=2025-04-22T02:00:00 bytes=873681
2025-04-21,0,26,pressure_surface_hpa,YSDU,OK,short_name=sp units=Pa valid=2025-04-22T02:00:00 bytes=838218
2025-04-21,0,23,pressure_msl_lead_minus3_hpa,YSDU,OK,short_name=prmsl units=Pa valid=2025-04-21T23:00:00 bytes=876599
2025-04-10,0,26,pressure_msl_hpa,YSDU,OK,short_name=prmsl units=Pa valid=2025-04-11T02:00:00 bytes=998406
2025-04-10,0,26,pressure_surface_hpa,YSDU,OK,short_name=sp units=Pa valid=2025-04-11T02:00:00 bytes=835827
2025-04-10,0,23,pressure_msl_lead_minus3_hpa,YSDU,OK,short_name=prmsl units=Pa valid=2025-04-10T23:00:00 bytes=999840
2025-05-26,0,26,pressure_msl_hpa,YSDU,OK,short_name=prmsl units=Pa valid=2025-05-27T02:00:00 bytes=1011089
2025-05-26,0,26,pressure_surface_hpa,YSDU,OK,short_name=sp units=Pa valid=2025-05-27T02:00:00 bytes=845773
2025-05-26,0,23,pressure_msl_lead_minus3_hpa,YSDU,OK,short_name=prmsl units=Pa valid=2025-05-26T23:00:00 bytes=1012058
2025-04-26,0,26,pressure_msl_hpa,YSDU,OK,short_name=prmsl units=Pa valid=2025-04-27T02:00:00 bytes=871706
2025-04-26,0,26,pressure_surface_hpa,YSDU,OK,short_name=sp units=Pa valid=2025-04-27T02:00:00 bytes=833364
2025-04-26,0,23,pressure_msl_lead_minus3_hpa,YSDU,OK,short_name=prmsl units=Pa valid=2025-04-26T23:00:00 bytes=874398
2025-04-15,0,26,pressure_msl_hpa,YSDU,OK,short_name=prmsl units=Pa valid=2025-04-16T02:00:00 bytes=1002524
2025-04-15,0,26,pressure_surface_hpa,YSDU,OK,short_name=sp units=Pa valid=2025-04-16T02:00:00 bytes=840318
2025-04-15,0,23,pressure_msl_lead_minus3_hpa,YSDU,OK,short_name=prmsl units=Pa valid=2025-04-15T23:00:00 bytes=882098
2025-04-22,0,26,pressure_msl_hpa,YSDU,OK,short_name=prmsl units=Pa valid=2025-04-23T02:00:00 bytes=1001521
2025-04-22,0,26,pressure_surface_hpa,YSDU,OK,short_name=sp units=Pa valid=2025-04-23T02:00:00 bytes=838239
2025-04-22,0,23,pressure_msl_lead_minus3_hpa,YSDU,OK,short_name=prmsl units=Pa valid=2025-04-22T23:00:00 bytes=1004467
2025-04-19,0,26,pressure_msl_hpa,YSDU,OK,short_name=prmsl units=Pa valid=2025-04-20T02:00:00 bytes=997486
2025-04-19,0,26,pressure_surface_hpa,YSDU,OK,short_name=sp units=Pa valid=2025-04-20T02:00:00 bytes=837345
2025-04-19,0,23,pressure_msl_lead_minus3_hpa,YSDU,OK,short_name=prmsl units=Pa valid=2025-04-19T23:00:00 bytes=1000651
2025-05-27,0,26,pressure_msl_hpa,YSDU,OK,short_name=prmsl units=Pa valid=2025-05-28T02:00:00 bytes=883262
2025-05-27,0,26,pressure_surface_hpa,YSDU,OK,short_name=sp units=Pa valid=2025-05-28T02:00:00 bytes=842597
2025-05-27,0,23,pressure_msl_lead_minus3_hpa,YSDU,OK,short_name=prmsl units=Pa valid=2025-05-27T23:00:00 bytes=887527
2025-05-06,0,26,pressure_msl_hpa,YSDU,OK,short_name=prmsl units=Pa valid=2025-05-07T02:00:00 bytes=871683
2025-05-06,0,26,pressure_surface_hpa,YSDU,OK,short_name=sp units=Pa valid=2025-05-07T02:00:00 bytes=837251
2025-05-06,0,23,pressure_msl_lead_minus3_hpa,YSDU,OK,short_name=prmsl units=Pa valid=2025-05-06T23:00:00 bytes=878561
2025-05-29,0,26,pressure_msl_hpa,YSDU,OK,short_name=prmsl units=Pa valid=2025-05-30T02:00:00 bytes=880726
2025-05-29,0,26,pressure_surface_hpa,YSDU,OK,short_name=sp units=Pa valid=2025-05-30T02:00:00 bytes=842563
2025-05-29,0,23,pressure_msl_lead_minus3_hpa,YSDU,OK,short_name=prmsl units=Pa valid=2025-05-29T23:00:00 bytes=881462
2025-05-22,0,26,pressure_msl_hpa,YSDU,OK,short_name=prmsl units=Pa valid=2025-05-23T02:00:00 bytes=1007278
2025-05-22,0,26,pressure_surface_hpa,YSDU,OK,short_name=sp units=Pa valid=2025-05-23T02:00:00 bytes=842352
2025-05-22,0,23,pressure_msl_lead_minus3_hpa,YSDU,OK,short_name=prmsl units=Pa valid=2025-05-22T23:00:00 bytes=1009200
2025-05-13,0,26,pressure_msl_hpa,YSDU,OK,short_name=prmsl units=Pa valid=2025-05-14T02:00:00 bytes=870353
2025-05-13,0,26,pressure_surface_hpa,YSDU,OK,short_name=sp units=Pa valid=2025-05-14T02:00:00 bytes=834536
2025-05-13,0,23,pressure_msl_lead_minus3_hpa,YSDU,OK,short_name=prmsl units=Pa valid=2025-05-13T23:00:00 bytes=875895
2025-05-15,0,26,pressure_msl_hpa,YSDU,OK,short_name=prmsl units=Pa valid=2025-05-16T02:00:00 bytes=871974
2025-05-15,0,26,pressure_surface_hpa,YSDU,OK,short_name=sp units=Pa valid=2025-05-16T02:00:00 bytes=836218
2025-05-15,0,23,pressure_msl_lead_minus3_hpa,YSDU,OK,short_name=prmsl units=Pa valid=2025-05-15T23:00:00 bytes=877914
2025-05-14,0,26,pressure_msl_hpa,YSDU,OK,short_name=prmsl units=Pa valid=2025-05-15T02:00:00 bytes=998660
2025-05-14,0,26,pressure_surface_hpa,YSDU,OK,short_name=sp units=Pa valid=2025-05-15T02:00:00 bytes=836238
2025-05-14,0,23,pressure_msl_lead_minus3_hpa,YSDU,OK,short_name=prmsl units=Pa valid=2025-05-14T23:00:00 bytes=1000324
2025-05-20,0,26,pressure_msl_hpa,YSDU,OK,short_name=prmsl units=Pa valid=2025-05-21T02:00:00 bytes=1003524
2025-05-20,0,26,pressure_surface_hpa,YSDU,OK,short_name=sp units=Pa valid=2025-05-21T02:00:00 bytes=839886
2025-05-20,0,23,pressure_msl_lead_minus3_hpa,YSDU,OK,short_name=prmsl units=Pa valid=2025-05-20T23:00:00 bytes=1009025
2025-05-07,0,26,pressure_msl_hpa,YSDU,OK,short_name=prmsl units=Pa valid=2025-05-08T02:00:00 bytes=1000871
2025-05-07,0,26,pressure_surface_hpa,YSDU,OK,short_name=sp units=Pa valid=2025-05-08T02:00:00 bytes=839720
2025-05-07,0,23,pressure_msl_lead_minus3_hpa,YSDU,OK,short_name=prmsl units=Pa valid=2025-05-07T23:00:00 bytes=1005188
2025-05-17,0,26,pressure_msl_hpa,YSDU,OK,short_name=prmsl units=Pa valid=2025-05-18T02:00:00 bytes=997204
2025-05-17,0,26,pressure_surface_hpa,YSDU,OK,short_name=sp units=Pa valid=2025-05-18T02:00:00 bytes=836151
2025-05-17,0,23,pressure_msl_lead_minus3_hpa,YSDU,OK,short_name=prmsl units=Pa valid=2025-05-17T23:00:00 bytes=1003374
2025-05-12,0,26,pressure_msl_hpa,YSDU,OK,short_name=prmsl units=Pa valid=2025-05-13T02:00:00 bytes=994038
2025-05-12,0,26,pressure_surface_hpa,YSDU,OK,short_name=sp units=Pa valid=2025-05-13T02:00:00 bytes=836648
2025-05-12,0,23,pressure_msl_lead_minus3_hpa,YSDU,OK,short_name=prmsl units=Pa valid=2025-05-12T23:00:00 bytes=996509
2025-04-13,0,26,pressure_msl_hpa,YSDU,OK,short_name=prmsl units=Pa valid=2025-04-14T02:00:00 bytes=1003918
2025-04-13,0,26,pressure_surface_hpa,YSDU,OK,short_name=sp units=Pa valid=2025-04-14T02:00:00 bytes=841956
2025-04-13,0,23,pressure_msl_lead_minus3_hpa,YSDU,OK,short_name=prmsl units=Pa valid=2025-04-13T23:00:00 bytes=1010594
2025-04-23,0,26,pressure_msl_hpa,YSDU,OK,short_name=prmsl units=Pa valid=2025-04-24T02:00:00 bytes=875659
2025-04-23,0,26,pressure_surface_hpa,YSDU,OK,short_name=sp units=Pa valid=2025-04-24T02:00:00 bytes=836827
2025-04-23,0,23,pressure_msl_lead_minus3_hpa,YSDU,OK,short_name=prmsl units=Pa valid=2025-04-23T23:00:00 bytes=877514
2025-05-24,0,26,pressure_msl_hpa,YSDU,OK,short_name=prmsl units=Pa valid=2025-05-25T02:00:00 bytes=1007756
2025-05-24,0,26,pressure_surface_hpa,YSDU,OK,short_name=sp units=Pa valid=2025-05-25T02:00:00 bytes=843167
2025-05-24,0,23,pressure_msl_lead_minus3_hpa,YSDU,OK,short_name=prmsl units=Pa valid=2025-05-24T23:00:00 bytes=1010189
2025-05-30,0,26,pressure_msl_hpa,YSDU,OK,short_name=prmsl units=Pa valid=2025-05-31T02:00:00 bytes=1006263
2025-05-30,0,26,pressure_surface_hpa,YSDU,OK,short_name=sp units=Pa valid=2025-05-31T02:00:00 bytes=841402
2025-05-30,0,23,pressure_msl_lead_minus3_hpa,YSDU,OK,short_name=prmsl units=Pa valid=2025-05-30T23:00:00 bytes=1010228
2025-06-02,0,26,pressure_msl_hpa,YSDU,OK,short_name=prmsl units=Pa valid=2025-06-03T02:00:00 bytes=870146
2025-06-02,0,26,pressure_surface_hpa,YSDU,OK,short_name=sp units=Pa valid=2025-06-03T02:00:00 bytes=832674
2025-06-02,0,23,pressure_msl_lead_minus3_hpa,YSDU,OK,short_name=prmsl units=Pa valid=2025-06-02T23:00:00 bytes=871949
2025-05-10,0,26,pressure_msl_hpa,YSDU,OK,short_name=prmsl units=Pa valid=2025-05-11T02:00:00 bytes=1001833
2025-05-10,0,26,pressure_surface_hpa,YSDU,OK,short_name=sp units=Pa valid=2025-05-11T02:00:00 bytes=844757
2025-05-10,0,23,pressure_msl_lead_minus3_hpa,YSDU,OK,short_name=prmsl units=Pa valid=2025-05-10T23:00:00 bytes=1004368
2025-06-03,0,26,pressure_msl_hpa,YSDU,OK,short_name=prmsl units=Pa valid=2025-06-04T02:00:00 bytes=871219
2025-06-03,0,26,pressure_surface_hpa,YSDU,OK,short_name=sp units=Pa valid=2025-06-04T02:00:00 bytes=834173
2025-06-03,0,23,pressure_msl_lead_minus3_hpa,YSDU,OK,short_name=prmsl units=Pa valid=2025-06-03T23:00:00 bytes=873626
2025-05-21,0,26,pressure_msl_hpa,YSDU,OK,short_name=prmsl units=Pa valid=2025-05-22T02:00:00 bytes=1005535
2025-05-21,0,26,pressure_surface_hpa,YSDU,OK,short_name=sp units=Pa valid=2025-05-22T02:00:00 bytes=840932
2025-05-21,0,23,pressure_msl_lead_minus3_hpa,YSDU,OK,short_name=prmsl units=Pa valid=2025-05-21T23:00:00 bytes=1011830
2025-06-12,0,26,pressure_msl_hpa,YSDU,OK,short_name=prmsl units=Pa valid=2025-06-13T02:00:00 bytes=876628
2025-06-12,0,26,pressure_surface_hpa,YSDU,OK,short_name=sp units=Pa valid=2025-06-13T02:00:00 bytes=839549
2025-06-12,0,23,pressure_msl_lead_minus3_hpa,YSDU,OK,short_name=prmsl units=Pa valid=2025-06-12T23:00:00 bytes=878557
2025-06-01,0,26,pressure_msl_hpa,YSDU,OK,short_name=prmsl units=Pa valid=2025-06-02T02:00:00 bytes=870650
2025-06-01,0,26,pressure_surface_hpa,YSDU,OK,short_name=sp units=Pa valid=2025-06-02T02:00:00 bytes=833661
2025-06-01,0,23,pressure_msl_lead_minus3_hpa,YSDU,OK,short_name=prmsl units=Pa valid=2025-06-01T23:00:00 bytes=872330
2025-05-02,0,26,pressure_msl_hpa,YSDU,OK,short_name=prmsl units=Pa valid=2025-05-03T02:00:00 bytes=1003526
2025-05-02,0,26,pressure_surface_hpa,YSDU,OK,short_name=sp units=Pa valid=2025-05-03T02:00:00 bytes=841912
2025-05-02,0,23,pressure_msl_lead_minus3_hpa,YSDU,OK,short_name=prmsl units=Pa valid=2025-05-02T23:00:00 bytes=1009902
2025-04-25,0,26,pressure_msl_hpa,YSDU,OK,short_name=prmsl units=Pa valid=2025-04-26T02:00:00 bytes=992188
2025-04-25,0,26,pressure_surface_hpa,YSDU,OK,short_name=sp units=Pa valid=2025-04-26T02:00:00 bytes=830660
2025-04-25,0,23,pressure_msl_lead_minus3_hpa,YSDU,OK,short_name=prmsl units=Pa valid=2025-04-25T23:00:00 bytes=870972
2025-05-25,0,26,pressure_msl_hpa,YSDU,OK,short_name=prmsl units=Pa valid=2025-05-26T02:00:00 bytes=1005791
2025-05-25,0,26,pressure_surface_hpa,YSDU,OK,short_name=sp units=Pa valid=2025-05-26T02:00:00 bytes=841909
2025-05-25,0,23,pressure_msl_lead_minus3_hpa,YSDU,OK,short_name=prmsl units=Pa valid=2025-05-25T23:00:00 bytes=1011505
2025-05-19,0,26,pressure_msl_hpa,YSDU,OK,short_name=prmsl units=Pa valid=2025-05-20T02:00:00 bytes=879158
2025-05-19,0,26,pressure_surface_hpa,YSDU,OK,short_name=sp units=Pa valid=2025-05-20T02:00:00 bytes=840234
2025-05-19,0,23,pressure_msl_lead_minus3_hpa,YSDU,OK,short_name=prmsl units=Pa valid=2025-05-19T23:00:00 bytes=883303
2025-06-08,0,26,pressure_msl_hpa,YSDU,OK,short_name=prmsl units=Pa valid=2025-06-09T02:00:00 bytes=879340
2025-06-08,0,26,pressure_surface_hpa,YSDU,OK,short_name=sp units=Pa valid=2025-06-09T02:00:00 bytes=840823
2025-06-08,0,23,pressure_msl_lead_minus3_hpa,YSDU,OK,short_name=prmsl units=Pa valid=2025-06-08T23:00:00 bytes=878500
2025-06-15,0,26,pressure_msl_hpa,YSDU,OK,short_name=prmsl units=Pa valid=2025-06-16T02:00:00 bytes=876671
2025-06-15,0,26,pressure_surface_hpa,YSDU,OK,short_name=sp units=Pa valid=2025-06-16T02:00:00 bytes=838253
2025-06-15,0,23,pressure_msl_lead_minus3_hpa,YSDU,OK,short_name=prmsl units=Pa valid=2025-06-15T23:00:00 bytes=878873
2025-04-18,0,26,pressure_msl_hpa,YSDU,OK,short_name=prmsl units=Pa valid=2025-04-19T02:00:00 bytes=995631
2025-04-18,0,26,pressure_surface_hpa,YSDU,OK,short_name=sp units=Pa valid=2025-04-19T02:00:00 bytes=837477
2025-04-18,0,23,pressure_msl_lead_minus3_hpa,YSDU,OK,short_name=prmsl units=Pa valid=2025-04-18T23:00:00 bytes=997141
2025-06-09,0,26,pressure_msl_hpa,YSDU,OK,short_name=prmsl units=Pa valid=2025-06-10T02:00:00 bytes=872942
2025-06-09,0,26,pressure_surface_hpa,YSDU,OK,short_name=sp units=Pa valid=2025-06-10T02:00:00 bytes=835710
2025-06-09,0,23,pressure_msl_lead_minus3_hpa,YSDU,OK,short_name=prmsl units=Pa valid=2025-06-09T23:00:00 bytes=875041
2025-06-07,0,26,pressure_msl_hpa,YSDU,OK,short_name=prmsl units=Pa valid=2025-06-08T02:00:00 bytes=875827
2025-06-07,0,26,pressure_surface_hpa,YSDU,OK,short_name=sp units=Pa valid=2025-06-08T02:00:00 bytes=837731
2025-06-07,0,23,pressure_msl_lead_minus3_hpa,YSDU,OK,short_name=prmsl units=Pa valid=2025-06-07T23:00:00 bytes=878925
2025-06-06,0,26,pressure_msl_hpa,YSDU,OK,short_name=prmsl units=Pa valid=2025-06-07T02:00:00 bytes=877365
2025-06-06,0,26,pressure_surface_hpa,YSDU,OK,short_name=sp units=Pa valid=2025-06-07T02:00:00 bytes=839282
2025-06-06,0,23,pressure_msl_lead_minus3_hpa,YSDU,OK,short_name=prmsl units=Pa valid=2025-06-06T23:00:00 bytes=883263
2025-06-23,0,26,pressure_msl_hpa,YSDU,OK,short_name=prmsl units=Pa valid=2025-06-24T02:00:00 bytes=878191
2025-06-23,0,26,pressure_surface_hpa,YSDU,OK,short_name=sp units=Pa valid=2025-06-24T02:00:00 bytes=840384
2025-06-23,0,23,pressure_msl_lead_minus3_hpa,YSDU,OK,short_name=prmsl units=Pa valid=2025-06-23T23:00:00 bytes=880928
2025-06-10,0,26,pressure_msl_hpa,YSDU,OK,short_name=prmsl units=Pa valid=2025-06-11T02:00:00 bytes=877553
2025-06-10,0,26,pressure_surface_hpa,YSDU,OK,short_name=sp units=Pa valid=2025-06-11T02:00:00 bytes=839239
2025-06-10,0,23,pressure_msl_lead_minus3_hpa,YSDU,OK,short_name=prmsl units=Pa valid=2025-06-10T23:00:00 bytes=879213
2025-06-13,0,26,pressure_msl_hpa,YSDU,OK,short_name=prmsl units=Pa valid=2025-06-14T02:00:00 bytes=1000973
2025-06-13,0,26,pressure_surface_hpa,YSDU,OK,short_name=sp units=Pa valid=2025-06-14T02:00:00 bytes=839028
2025-06-13,0,23,pressure_msl_lead_minus3_hpa,YSDU,OK,short_name=prmsl units=Pa valid=2025-06-13T23:00:00 bytes=1002199
2025-07-08,0,26,pressure_msl_hpa,YSDU,OK,short_name=prmsl units=Pa valid=2025-07-09T02:00:00 bytes=879351
2025-07-08,0,26,pressure_surface_hpa,YSDU,OK,short_name=sp units=Pa valid=2025-07-09T02:00:00 bytes=833022
2025-07-08,0,23,pressure_msl_lead_minus3_hpa,YSDU,OK,short_name=prmsl units=Pa valid=2025-07-08T23:00:00 bytes=881291
2025-06-28,0,26,pressure_msl_hpa,YSDU,OK,short_name=prmsl units=Pa valid=2025-06-29T02:00:00 bytes=1004582
2025-06-28,0,26,pressure_surface_hpa,YSDU,OK,short_name=sp units=Pa valid=2025-06-29T02:00:00 bytes=836422
2025-06-28,0,23,pressure_msl_lead_minus3_hpa,YSDU,OK,short_name=prmsl units=Pa valid=2025-06-28T23:00:00 bytes=1005421
2025-06-22,0,26,pressure_msl_hpa,YSDU,OK,short_name=prmsl units=Pa valid=2025-06-23T02:00:00 bytes=878647
2025-06-22,0,26,pressure_surface_hpa,YSDU,OK,short_name=sp units=Pa valid=2025-06-23T02:00:00 bytes=839106
2025-06-22,0,23,pressure_msl_lead_minus3_hpa,YSDU,OK,short_name=prmsl units=Pa valid=2025-06-22T23:00:00 bytes=881278
2025-07-01,0,26,pressure_msl_hpa,YSDU,OK,short_name=prmsl units=Pa valid=2025-07-02T02:00:00 bytes=999392
2025-07-01,0,26,pressure_surface_hpa,YSDU,OK,short_name=sp units=Pa valid=2025-07-02T02:00:00 bytes=834429
2025-07-01,0,23,pressure_msl_lead_minus3_hpa,YSDU,OK,short_name=prmsl units=Pa valid=2025-07-01T23:00:00 bytes=1000969
2025-06-16,0,26,pressure_msl_hpa,YSDU,OK,short_name=prmsl units=Pa valid=2025-06-17T02:00:00 bytes=998734
2025-06-16,0,26,pressure_surface_hpa,YSDU,OK,short_name=sp units=Pa valid=2025-06-17T02:00:00 bytes=835144
2025-06-16,0,23,pressure_msl_lead_minus3_hpa,YSDU,OK,short_name=prmsl units=Pa valid=2025-06-16T23:00:00 bytes=1000116
2025-07-04,0,26,pressure_msl_hpa,YSDU,OK,short_name=prmsl units=Pa valid=2025-07-05T02:00:00 bytes=997818
2025-07-04,0,26,pressure_surface_hpa,YSDU,OK,short_name=sp units=Pa valid=2025-07-05T02:00:00 bytes=833271
2025-07-04,0,23,pressure_msl_lead_minus3_hpa,YSDU,OK,short_name=prmsl units=Pa valid=2025-07-04T23:00:00 bytes=1000873
2025-05-23,0,26,pressure_msl_hpa,YSDU,OK,short_name=prmsl units=Pa valid=2025-05-24T02:00:00 bytes=1005499
2025-05-23,0,26,pressure_surface_hpa,YSDU,OK,short_name=sp units=Pa valid=2025-05-24T02:00:00 bytes=841874
2025-05-23,0,23,pressure_msl_lead_minus3_hpa,YSDU,OK,short_name=prmsl units=Pa valid=2025-05-23T23:00:00 bytes=1008405
2025-06-24,0,26,pressure_msl_hpa,YSDU,OK,short_name=prmsl units=Pa valid=2025-06-25T02:00:00 bytes=881858
2025-06-24,0,26,pressure_surface_hpa,YSDU,OK,short_name=sp units=Pa valid=2025-06-25T02:00:00 bytes=841625
2025-06-24,0,23,pressure_msl_lead_minus3_hpa,YSDU,OK,short_name=prmsl units=Pa valid=2025-06-24T23:00:00 bytes=883037
2025-06-25,0,26,pressure_msl_hpa,YSDU,OK,short_name=prmsl units=Pa valid=2025-06-26T02:00:00 bytes=875792
2025-06-25,0,26,pressure_surface_hpa,YSDU,OK,short_name=sp units=Pa valid=2025-06-26T02:00:00 bytes=835704
2025-06-25,0,23,pressure_msl_lead_minus3_hpa,YSDU,OK,short_name=prmsl units=Pa valid=2025-06-25T23:00:00 bytes=879266
2025-04-29,0,26,pressure_msl_hpa,YSDU,OK,short_name=prmsl units=Pa valid=2025-04-30T02:00:00 bytes=994967
2025-04-29,0,26,pressure_surface_hpa,YSDU,OK,short_name=sp units=Pa valid=2025-04-30T02:00:00 bytes=837885
2025-04-29,0,23,pressure_msl_lead_minus3_hpa,YSDU,OK,short_name=prmsl units=Pa valid=2025-04-29T23:00:00 bytes=875034
2025-07-03,0,26,pressure_msl_hpa,YSDU,OK,short_name=prmsl units=Pa valid=2025-07-04T02:00:00 bytes=874838
2025-07-03,0,26,pressure_surface_hpa,YSDU,OK,short_name=sp units=Pa valid=2025-07-04T02:00:00 bytes=834932
2025-07-03,0,23,pressure_msl_lead_minus3_hpa,YSDU,OK,short_name=prmsl units=Pa valid=2025-07-03T23:00:00 bytes=1002136
2025-06-27,0,26,pressure_msl_hpa,YSDU,OK,short_name=prmsl units=Pa valid=2025-06-28T02:00:00 bytes=997772
2025-06-27,0,26,pressure_surface_hpa,YSDU,OK,short_name=sp units=Pa valid=2025-06-28T02:00:00 bytes=832964
2025-06-27,0,23,pressure_msl_lead_minus3_hpa,YSDU,OK,short_name=prmsl units=Pa valid=2025-06-27T23:00:00 bytes=999396
2025-06-21,0,26,pressure_msl_hpa,YSDU,OK,short_name=prmsl units=Pa valid=2025-06-22T02:00:00 bytes=1001210
2025-06-21,0,26,pressure_surface_hpa,YSDU,OK,short_name=sp units=Pa valid=2025-06-22T02:00:00 bytes=837113
2025-06-21,0,23,pressure_msl_lead_minus3_hpa,YSDU,OK,short_name=prmsl units=Pa valid=2025-06-21T23:00:00 bytes=1002472
2025-06-17,0,26,pressure_msl_hpa,YSDU,OK,short_name=prmsl units=Pa valid=2025-06-18T02:00:00 bytes=996031
2025-06-17,0,26,pressure_surface_hpa,YSDU,OK,short_name=sp units=Pa valid=2025-06-18T02:00:00 bytes=832714
2025-06-17,0,23,pressure_msl_lead_minus3_hpa,YSDU,OK,short_name=prmsl units=Pa valid=2025-06-17T23:00:00 bytes=998019
2025-06-04,0,26,pressure_msl_hpa,YSDU,OK,short_name=prmsl units=Pa valid=2025-06-05T02:00:00 bytes=1000410
2025-06-04,0,26,pressure_surface_hpa,YSDU,OK,short_name=sp units=Pa valid=2025-06-05T02:00:00 bytes=837878
2025-06-04,0,23,pressure_msl_lead_minus3_hpa,YSDU,OK,short_name=prmsl units=Pa valid=2025-06-04T23:00:00 bytes=1002429
2025-07-24,0,26,pressure_msl_hpa,YSDU,OK,short_name=prmsl units=Pa valid=2025-07-25T02:00:00 bytes=879808
2025-07-24,0,26,pressure_surface_hpa,YSDU,OK,short_name=sp units=Pa valid=2025-07-25T02:00:00 bytes=839196
2025-07-24,0,23,pressure_msl_lead_minus3_hpa,YSDU,OK,short_name=prmsl units=Pa valid=2025-07-24T23:00:00 bytes=881640
2025-07-09,0,26,pressure_msl_hpa,YSDU,OK,short_name=prmsl units=Pa valid=2025-07-10T02:00:00 bytes=878056
2025-07-09,0,26,pressure_surface_hpa,YSDU,OK,short_name=sp units=Pa valid=2025-07-10T02:00:00 bytes=829947
2025-07-09,0,23,pressure_msl_lead_minus3_hpa,YSDU,OK,short_name=prmsl units=Pa valid=2025-07-09T23:00:00 bytes=877209
2025-06-14,0,26,pressure_msl_hpa,YSDU,OK,short_name=prmsl units=Pa valid=2025-06-15T02:00:00 bytes=1001104
2025-06-14,0,26,pressure_surface_hpa,YSDU,OK,short_name=sp units=Pa valid=2025-06-15T02:00:00 bytes=842777
2025-06-14,0,23,pressure_msl_lead_minus3_hpa,YSDU,OK,short_name=prmsl units=Pa valid=2025-06-14T23:00:00 bytes=1006624
2025-07-10,0,26,pressure_msl_hpa,YSDU,OK,short_name=prmsl units=Pa valid=2025-07-11T02:00:00 bytes=873693
2025-07-10,0,26,pressure_surface_hpa,YSDU,OK,short_name=sp units=Pa valid=2025-07-11T02:00:00 bytes=829738
2025-07-10,0,23,pressure_msl_lead_minus3_hpa,YSDU,OK,short_name=prmsl units=Pa valid=2025-07-10T23:00:00 bytes=876352
2025-06-05,0,26,pressure_msl_hpa,YSDU,OK,short_name=prmsl units=Pa valid=2025-06-06T02:00:00 bytes=1003385
2025-06-05,0,26,pressure_surface_hpa,YSDU,OK,short_name=sp units=Pa valid=2025-06-06T02:00:00 bytes=840724
2025-06-05,0,23,pressure_msl_lead_minus3_hpa,YSDU,OK,short_name=prmsl units=Pa valid=2025-06-05T23:00:00 bytes=1010363
2025-05-31,0,26,pressure_msl_hpa,YSDU,OK,short_name=prmsl units=Pa valid=2025-06-01T02:00:00 bytes=870208
2025-05-31,0,26,pressure_surface_hpa,YSDU,OK,short_name=sp units=Pa valid=2025-06-01T02:00:00 bytes=833133
2025-05-31,0,23,pressure_msl_lead_minus3_hpa,YSDU,OK,short_name=prmsl units=Pa valid=2025-05-31T23:00:00 bytes=875204
2025-07-21,0,26,pressure_msl_hpa,YSDU,OK,short_name=prmsl units=Pa valid=2025-07-22T02:00:00 bytes=1000040
2025-07-21,0,26,pressure_surface_hpa,YSDU,OK,short_name=sp units=Pa valid=2025-07-22T02:00:00 bytes=832709
2025-07-21,0,23,pressure_msl_lead_minus3_hpa,YSDU,OK,short_name=prmsl units=Pa valid=2025-07-21T23:00:00 bytes=1000994
2025-06-20,0,26,pressure_msl_hpa,YSDU,OK,short_name=prmsl units=Pa valid=2025-06-21T02:00:00 bytes=870646
2025-06-20,0,26,pressure_surface_hpa,YSDU,OK,short_name=sp units=Pa valid=2025-06-21T02:00:00 bytes=832914
2025-06-20,0,23,pressure_msl_lead_minus3_hpa,YSDU,OK,short_name=prmsl units=Pa valid=2025-06-20T23:00:00 bytes=873506
2025-07-05,0,26,pressure_msl_hpa,YSDU,OK,short_name=prmsl units=Pa valid=2025-07-06T02:00:00 bytes=873521
2025-07-05,0,26,pressure_surface_hpa,YSDU,OK,short_name=sp units=Pa valid=2025-07-06T02:00:00 bytes=835878
2025-07-05,0,23,pressure_msl_lead_minus3_hpa,YSDU,OK,short_name=prmsl units=Pa valid=2025-07-05T23:00:00 bytes=1003323
2025-07-06,0,26,pressure_msl_hpa,YSDU,OK,short_name=prmsl units=Pa valid=2025-07-07T02:00:00 bytes=1002489
2025-07-06,0,26,pressure_surface_hpa,YSDU,OK,short_name=sp units=Pa valid=2025-07-07T02:00:00 bytes=837851
2025-07-06,0,23,pressure_msl_lead_minus3_hpa,YSDU,OK,short_name=prmsl units=Pa valid=2025-07-06T23:00:00 bytes=1003806
2025-07-22,0,26,pressure_msl_hpa,YSDU,OK,short_name=prmsl units=Pa valid=2025-07-23T02:00:00 bytes=1003403
2025-07-22,0,26,pressure_surface_hpa,YSDU,OK,short_name=sp units=Pa valid=2025-07-23T02:00:00 bytes=835952
2025-07-22,0,23,pressure_msl_lead_minus3_hpa,YSDU,OK,short_name=prmsl units=Pa valid=2025-07-22T23:00:00 bytes=1004465
2025-06-29,0,26,pressure_msl_hpa,YSDU,OK,short_name=prmsl units=Pa valid=2025-06-30T02:00:00 bytes=1007102
2025-06-29,0,26,pressure_surface_hpa,YSDU,OK,short_name=sp units=Pa valid=2025-06-30T02:00:00 bytes=835862
2025-06-29,0,23,pressure_msl_lead_minus3_hpa,YSDU,OK,short_name=prmsl units=Pa valid=2025-06-29T23:00:00 bytes=1009920
2025-07-16,0,26,pressure_msl_hpa,YSDU,OK,short_name=prmsl units=Pa valid=2025-07-17T02:00:00 bytes=869662
2025-07-16,0,26,pressure_surface_hpa,YSDU,OK,short_name=sp units=Pa valid=2025-07-17T02:00:00 bytes=829138
2025-07-16,0,23,pressure_msl_lead_minus3_hpa,YSDU,OK,short_name=prmsl units=Pa valid=2025-07-16T23:00:00 bytes=869589
2025-07-02,0,26,pressure_msl_hpa,YSDU,OK,short_name=prmsl units=Pa valid=2025-07-03T02:00:00 bytes=1001330
2025-07-02,0,26,pressure_surface_hpa,YSDU,OK,short_name=sp units=Pa valid=2025-07-03T02:00:00 bytes=834774
2025-07-02,0,23,pressure_msl_lead_minus3_hpa,YSDU,OK,short_name=prmsl units=Pa valid=2025-07-02T23:00:00 bytes=1002213
2025-07-07,0,26,pressure_msl_hpa,YSDU,OK,short_name=prmsl units=Pa valid=2025-07-08T02:00:00 bytes=1003002
2025-07-07,0,26,pressure_surface_hpa,YSDU,OK,short_name=sp units=Pa valid=2025-07-08T02:00:00 bytes=836552
2025-07-07,0,23,pressure_msl_lead_minus3_hpa,YSDU,OK,short_name=prmsl units=Pa valid=2025-07-07T23:00:00 bytes=880510
2025-07-23,0,26,pressure_msl_hpa,YSDU,OK,short_name=prmsl units=Pa valid=2025-07-24T02:00:00 bytes=1008399
2025-07-23,0,26,pressure_surface_hpa,YSDU,OK,short_name=sp units=Pa valid=2025-07-24T02:00:00 bytes=838864
2025-07-23,0,23,pressure_msl_lead_minus3_hpa,YSDU,OK,short_name=prmsl units=Pa valid=2025-07-23T23:00:00 bytes=884889
2025-07-20,0,26,pressure_msl_hpa,YSDU,OK,short_name=prmsl units=Pa valid=2025-07-21T02:00:00 bytes=868538
2025-07-20,0,26,pressure_surface_hpa,YSDU,OK,short_name=sp units=Pa valid=2025-07-21T02:00:00 bytes=829423
2025-07-20,0,23,pressure_msl_lead_minus3_hpa,YSDU,OK,short_name=prmsl units=Pa valid=2025-07-20T23:00:00 bytes=870567
2025-07-12,0,26,pressure_msl_hpa,YSDU,OK,short_name=prmsl units=Pa valid=2025-07-13T02:00:00 bytes=877485
2025-07-12,0,26,pressure_surface_hpa,YSDU,OK,short_name=sp units=Pa valid=2025-07-13T02:00:00 bytes=833151
2025-07-12,0,23,pressure_msl_lead_minus3_hpa,YSDU,OK,short_name=prmsl units=Pa valid=2025-07-12T23:00:00 bytes=879659
2025-06-11,0,26,pressure_msl_hpa,YSDU,OK,short_name=prmsl units=Pa valid=2025-06-12T02:00:00 bytes=879520
2025-06-11,0,26,pressure_surface_hpa,YSDU,OK,short_name=sp units=Pa valid=2025-06-12T02:00:00 bytes=839908
2025-06-11,0,23,pressure_msl_lead_minus3_hpa,YSDU,OK,short_name=prmsl units=Pa valid=2025-06-11T23:00:00 bytes=880793
2025-07-19,0,26,pressure_msl_hpa,YSDU,OK,short_name=prmsl units=Pa valid=2025-07-20T02:00:00 bytes=869024
2025-07-19,0,26,pressure_surface_hpa,YSDU,OK,short_name=sp units=Pa valid=2025-07-20T02:00:00 bytes=829763
2025-07-19,0,23,pressure_msl_lead_minus3_hpa,YSDU,OK,short_name=prmsl units=Pa valid=2025-07-19T23:00:00 bytes=998017
2025-07-18,0,26,pressure_msl_hpa,YSDU,OK,short_name=prmsl units=Pa valid=2025-07-19T02:00:00 bytes=994124
2025-07-18,0,26,pressure_surface_hpa,YSDU,OK,short_name=sp units=Pa valid=2025-07-19T02:00:00 bytes=829214
2025-07-18,0,23,pressure_msl_lead_minus3_hpa,YSDU,OK,short_name=prmsl units=Pa valid=2025-07-18T23:00:00 bytes=996118
2025-07-11,0,26,pressure_msl_hpa,YSDU,OK,short_name=prmsl units=Pa valid=2025-07-12T02:00:00 bytes=875803
2025-07-11,0,26,pressure_surface_hpa,YSDU,OK,short_name=sp units=Pa valid=2025-07-12T02:00:00 bytes=833039
2025-07-11,0,23,pressure_msl_lead_minus3_hpa,YSDU,OK,short_name=prmsl units=Pa valid=2025-07-11T23:00:00 bytes=873737
2025-07-25,0,26,pressure_msl_hpa,YSDU,OK,short_name=prmsl units=Pa valid=2025-07-26T02:00:00 bytes=886226
2025-07-25,0,26,pressure_surface_hpa,YSDU,OK,short_name=sp units=Pa valid=2025-07-26T02:00:00 bytes=842637
2025-07-25,0,23,pressure_msl_lead_minus3_hpa,YSDU,OK,short_name=prmsl units=Pa valid=2025-07-25T23:00:00 bytes=888496
2025-07-13,0,26,pressure_msl_hpa,YSDU,OK,short_name=prmsl units=Pa valid=2025-07-14T02:00:00 bytes=996690
2025-07-13,0,26,pressure_surface_hpa,YSDU,OK,short_name=sp units=Pa valid=2025-07-14T02:00:00 bytes=833814
2025-07-13,0,23,pressure_msl_lead_minus3_hpa,YSDU,OK,short_name=prmsl units=Pa valid=2025-07-13T23:00:00 bytes=875693
2025-07-17,0,26,pressure_msl_hpa,YSDU,OK,short_name=prmsl units=Pa valid=2025-07-18T02:00:00 bytes=995810
2025-07-17,0,26,pressure_surface_hpa,YSDU,OK,short_name=sp units=Pa valid=2025-07-18T02:00:00 bytes=830999
2025-07-17,0,23,pressure_msl_lead_minus3_hpa,YSDU,OK,short_name=prmsl units=Pa valid=2025-07-17T23:00:00 bytes=996917
2025-06-30,0,26,pressure_msl_hpa,YSDU,OK,short_name=prmsl units=Pa valid=2025-07-01T02:00:00 bytes=997666
2025-06-30,0,26,pressure_surface_hpa,YSDU,OK,short_name=sp units=Pa valid=2025-07-01T02:00:00 bytes=834646
2025-06-30,0,23,pressure_msl_lead_minus3_hpa,YSDU,OK,short_name=prmsl units=Pa valid=2025-06-30T23:00:00 bytes=1004095
2025-06-19,0,26,pressure_msl_hpa,YSDU,OK,short_name=prmsl units=Pa valid=2025-06-20T02:00:00 bytes=995775
2025-06-19,0,26,pressure_surface_hpa,YSDU,OK,short_name=sp units=Pa valid=2025-06-20T02:00:00 bytes=834021
2025-06-19,0,23,pressure_msl_lead_minus3_hpa,YSDU,OK,short_name=prmsl units=Pa valid=2025-06-19T23:00:00 bytes=999082
2024-08-07,18,26,pressure_msl_hpa,RNO,OK,short_name=prmsl units=Pa valid=2024-08-08T20:00:00 bytes=881326
2024-08-07,18,26,pressure_surface_hpa,RNO,OK,short_name=sp units=Pa valid=2024-08-08T20:00:00 bytes=832360
2024-08-07,18,23,pressure_msl_lead_minus3_hpa,RNO,OK,short_name=prmsl units=Pa valid=2024-08-08T17:00:00 bytes=881740
2025-07-30,0,26,pressure_msl_hpa,YSDU,OK,short_name=prmsl units=Pa valid=2025-07-31T02:00:00 bytes=884621
2025-07-30,0,26,pressure_surface_hpa,YSDU,OK,short_name=sp units=Pa valid=2025-07-31T02:00:00 bytes=843619
2025-07-30,0,23,pressure_msl_lead_minus3_hpa,YSDU,OK,short_name=prmsl units=Pa valid=2025-07-30T23:00:00 bytes=886866
2025-06-26,0,26,pressure_msl_hpa,YSDU,OK,short_name=prmsl units=Pa valid=2025-06-27T02:00:00 bytes=994976
2025-06-26,0,26,pressure_surface_hpa,YSDU,OK,short_name=sp units=Pa valid=2025-06-27T02:00:00 bytes=833128
2025-06-26,0,23,pressure_msl_lead_minus3_hpa,YSDU,OK,short_name=prmsl units=Pa valid=2025-06-26T23:00:00 bytes=1000153
2024-08-04,18,26,pressure_msl_hpa,RNO,OK,short_name=prmsl units=Pa valid=2024-08-05T20:00:00 bytes=1012128
2024-08-04,18,26,pressure_surface_hpa,RNO,OK,short_name=sp units=Pa valid=2024-08-05T20:00:00 bytes=837658
2024-08-04,18,23,pressure_msl_lead_minus3_hpa,RNO,OK,short_name=prmsl units=Pa valid=2024-08-05T17:00:00 bytes=1012413
2025-06-18,0,26,pressure_msl_hpa,YSDU,OK,short_name=prmsl units=Pa valid=2025-06-19T02:00:00 bytes=1001032
2025-06-18,0,26,pressure_surface_hpa,YSDU,OK,short_name=sp units=Pa valid=2025-06-19T02:00:00 bytes=834419
2025-06-18,0,23,pressure_msl_lead_minus3_hpa,YSDU,OK,short_name=prmsl units=Pa valid=2025-06-18T23:00:00 bytes=999149
2024-08-05,18,26,pressure_msl_hpa,RNO,OK,short_name=prmsl units=Pa valid=2024-08-06T20:00:00 bytes=879626
2024-08-05,18,26,pressure_surface_hpa,RNO,OK,short_name=sp units=Pa valid=2024-08-06T20:00:00 bytes=833673
2024-08-05,18,23,pressure_msl_lead_minus3_hpa,RNO,OK,short_name=prmsl units=Pa valid=2024-08-06T17:00:00 bytes=881574
2025-07-15,0,26,pressure_msl_hpa,YSDU,OK,short_name=prmsl units=Pa valid=2025-07-16T02:00:00 bytes=990713
2025-07-15,0,26,pressure_surface_hpa,YSDU,OK,short_name=sp units=Pa valid=2025-07-16T02:00:00 bytes=830376
2025-07-15,0,23,pressure_msl_lead_minus3_hpa,YSDU,OK,short_name=prmsl units=Pa valid=2025-07-15T23:00:00 bytes=992526
2024-08-11,18,26,pressure_msl_hpa,RNO,OK,short_name=prmsl units=Pa valid=2024-08-12T20:00:00 bytes=877583
2024-08-11,18,26,pressure_surface_hpa,RNO,OK,short_name=sp units=Pa valid=2024-08-12T20:00:00 bytes=835375
2024-08-11,18,23,pressure_msl_lead_minus3_hpa,RNO,OK,short_name=prmsl units=Pa valid=2024-08-12T17:00:00 bytes=879153
2025-07-27,0,26,pressure_msl_hpa,YSDU,OK,short_name=prmsl units=Pa valid=2025-07-28T02:00:00 bytes=885580
2025-07-27,0,26,pressure_surface_hpa,YSDU,OK,short_name=sp units=Pa valid=2025-07-28T02:00:00 bytes=843267
2025-07-27,0,23,pressure_msl_lead_minus3_hpa,YSDU,OK,short_name=prmsl units=Pa valid=2025-07-27T23:00:00 bytes=887952
2024-08-03,18,26,pressure_msl_hpa,RNO,OK,short_name=prmsl units=Pa valid=2024-08-04T20:00:00 bytes=883871
2024-08-03,18,26,pressure_surface_hpa,RNO,OK,short_name=sp units=Pa valid=2024-08-04T20:00:00 bytes=836799
2024-08-03,18,23,pressure_msl_lead_minus3_hpa,RNO,OK,short_name=prmsl units=Pa valid=2024-08-04T17:00:00 bytes=886671
2025-07-14,0,26,pressure_msl_hpa,YSDU,OK,short_name=prmsl units=Pa valid=2025-07-15T02:00:00 bytes=996022
2025-07-14,0,26,pressure_surface_hpa,YSDU,OK,short_name=sp units=Pa valid=2025-07-15T02:00:00 bytes=830908
2025-07-14,0,23,pressure_msl_lead_minus3_hpa,YSDU,OK,short_name=prmsl units=Pa valid=2025-07-14T23:00:00 bytes=997785
2025-07-29,0,26,pressure_msl_hpa,YSDU,OK,short_name=prmsl units=Pa valid=2025-07-30T02:00:00 bytes=882630
2025-07-29,0,26,pressure_surface_hpa,YSDU,OK,short_name=sp units=Pa valid=2025-07-30T02:00:00 bytes=842028
2025-07-29,0,23,pressure_msl_lead_minus3_hpa,YSDU,OK,short_name=prmsl units=Pa valid=2025-07-29T23:00:00 bytes=882782
2024-08-06,18,26,pressure_msl_hpa,RNO,OK,short_name=prmsl units=Pa valid=2024-08-07T20:00:00 bytes=879077
2024-08-06,18,26,pressure_surface_hpa,RNO,OK,short_name=sp units=Pa valid=2024-08-07T20:00:00 bytes=833469
2024-08-06,18,23,pressure_msl_lead_minus3_hpa,RNO,OK,short_name=prmsl units=Pa valid=2024-08-07T17:00:00 bytes=881173
2024-08-16,18,26,pressure_msl_hpa,RNO,OK,short_name=prmsl units=Pa valid=2024-08-17T20:00:00 bytes=1009770
2024-08-16,18,26,pressure_surface_hpa,RNO,OK,short_name=sp units=Pa valid=2024-08-17T20:00:00 bytes=838463
2024-08-16,18,23,pressure_msl_lead_minus3_hpa,RNO,OK,short_name=prmsl units=Pa valid=2024-08-17T17:00:00 bytes=1008436
2025-07-26,0,26,pressure_msl_hpa,YSDU,OK,short_name=prmsl units=Pa valid=2025-07-27T02:00:00 bytes=882069
2025-07-26,0,26,pressure_surface_hpa,YSDU,OK,short_name=sp units=Pa valid=2025-07-27T02:00:00 bytes=842149
2025-07-26,0,23,pressure_msl_lead_minus3_hpa,YSDU,OK,short_name=prmsl units=Pa valid=2025-07-26T23:00:00 bytes=884657
2024-08-09,18,26,pressure_msl_hpa,RNO,OK,short_name=prmsl units=Pa valid=2024-08-10T20:00:00 bytes=883331
2024-08-09,18,26,pressure_surface_hpa,RNO,OK,short_name=sp units=Pa valid=2024-08-10T20:00:00 bytes=834303
2024-08-09,18,23,pressure_msl_lead_minus3_hpa,RNO,OK,short_name=prmsl units=Pa valid=2024-08-10T17:00:00 bytes=1009951
2024-08-30,18,26,pressure_msl_hpa,RNO,OK,short_name=prmsl units=Pa valid=2024-08-31T20:00:00 bytes=874746
2024-08-30,18,26,pressure_surface_hpa,RNO,OK,short_name=sp units=Pa valid=2024-08-31T20:00:00 bytes=834123
2024-08-30,18,23,pressure_msl_lead_minus3_hpa,RNO,OK,short_name=prmsl units=Pa valid=2024-08-31T17:00:00 bytes=879412
2024-08-24,18,26,pressure_msl_hpa,RNO,OK,short_name=prmsl units=Pa valid=2024-08-25T20:00:00 bytes=884557
2024-08-24,18,26,pressure_surface_hpa,RNO,OK,short_name=sp units=Pa valid=2024-08-25T20:00:00 bytes=840141
2024-08-24,18,23,pressure_msl_lead_minus3_hpa,RNO,OK,short_name=prmsl units=Pa valid=2024-08-25T17:00:00 bytes=887857
2024-08-08,18,26,pressure_msl_hpa,RNO,OK,short_name=prmsl units=Pa valid=2024-08-09T20:00:00 bytes=882206
2024-08-08,18,26,pressure_surface_hpa,RNO,OK,short_name=sp units=Pa valid=2024-08-09T20:00:00 bytes=834679
2024-08-08,18,23,pressure_msl_lead_minus3_hpa,RNO,OK,short_name=prmsl units=Pa valid=2024-08-09T17:00:00 bytes=879335
2024-08-14,18,26,pressure_msl_hpa,RNO,OK,short_name=prmsl units=Pa valid=2024-08-15T20:00:00 bytes=882277
2024-08-14,18,26,pressure_surface_hpa,RNO,OK,short_name=sp units=Pa valid=2024-08-15T20:00:00 bytes=838539
2024-08-14,18,23,pressure_msl_lead_minus3_hpa,RNO,OK,short_name=prmsl units=Pa valid=2024-08-15T17:00:00 bytes=883123
2024-08-13,18,26,pressure_msl_hpa,RNO,OK,short_name=prmsl units=Pa valid=2024-08-14T20:00:00 bytes=883991
2024-08-13,18,26,pressure_surface_hpa,RNO,OK,short_name=sp units=Pa valid=2024-08-14T20:00:00 bytes=839892
2024-08-13,18,23,pressure_msl_lead_minus3_hpa,RNO,OK,short_name=prmsl units=Pa valid=2024-08-14T17:00:00 bytes=885258
2024-08-01,18,26,pressure_msl_hpa,RNO,OK,short_name=prmsl units=Pa valid=2024-08-02T20:00:00 bytes=883334
2024-08-01,18,26,pressure_surface_hpa,RNO,OK,short_name=sp units=Pa valid=2024-08-02T20:00:00 bytes=838836
2024-08-01,18,23,pressure_msl_lead_minus3_hpa,RNO,OK,short_name=prmsl units=Pa valid=2024-08-02T17:00:00 bytes=884587
2024-08-10,18,26,pressure_msl_hpa,RNO,OK,short_name=prmsl units=Pa valid=2024-08-11T20:00:00 bytes=877327
2024-08-10,18,26,pressure_surface_hpa,RNO,OK,short_name=sp units=Pa valid=2024-08-11T20:00:00 bytes=834732
2024-08-10,18,23,pressure_msl_lead_minus3_hpa,RNO,OK,short_name=prmsl units=Pa valid=2024-08-11T17:00:00 bytes=877314
2024-09-01,18,26,pressure_msl_hpa,RNO,OK,short_name=prmsl units=Pa valid=2024-09-02T20:00:00 bytes=1007752
2024-09-01,18,26,pressure_surface_hpa,RNO,OK,short_name=sp units=Pa valid=2024-09-02T20:00:00 bytes=837322
2024-09-01,18,23,pressure_msl_lead_minus3_hpa,RNO,OK,short_name=prmsl units=Pa valid=2024-09-02T17:00:00 bytes=1004587
2024-08-29,18,26,pressure_msl_hpa,RNO,OK,short_name=prmsl units=Pa valid=2024-08-30T20:00:00 bytes=875625
2024-08-29,18,26,pressure_surface_hpa,RNO,OK,short_name=sp units=Pa valid=2024-08-30T20:00:00 bytes=831263
2024-08-29,18,23,pressure_msl_lead_minus3_hpa,RNO,OK,short_name=prmsl units=Pa valid=2024-08-30T17:00:00 bytes=876638
2024-07-31,18,26,pressure_msl_hpa,RNO,OK,short_name=prmsl units=Pa valid=2024-08-01T20:00:00 bytes=887143
2024-07-31,18,26,pressure_surface_hpa,RNO,OK,short_name=sp units=Pa valid=2024-08-01T20:00:00 bytes=841760
2024-07-31,18,23,pressure_msl_lead_minus3_hpa,RNO,OK,short_name=prmsl units=Pa valid=2024-08-01T17:00:00 bytes=888389
2024-08-02,18,26,pressure_msl_hpa,RNO,OK,short_name=prmsl units=Pa valid=2024-08-03T20:00:00 bytes=882441
2024-08-02,18,26,pressure_surface_hpa,RNO,OK,short_name=sp units=Pa valid=2024-08-03T20:00:00 bytes=837404
2024-08-02,18,23,pressure_msl_lead_minus3_hpa,RNO,OK,short_name=prmsl units=Pa valid=2024-08-03T17:00:00 bytes=886865
2024-09-06,18,26,pressure_msl_hpa,RNO,OK,short_name=prmsl units=Pa valid=2024-09-07T20:00:00 bytes=1000842
2024-09-06,18,26,pressure_surface_hpa,RNO,OK,short_name=sp units=Pa valid=2024-09-07T20:00:00 bytes=836508
2024-09-06,18,23,pressure_msl_lead_minus3_hpa,RNO,OK,short_name=prmsl units=Pa valid=2024-09-07T17:00:00 bytes=1001308
2024-08-19,18,26,pressure_msl_hpa,RNO,OK,short_name=prmsl units=Pa valid=2024-08-20T20:00:00 bytes=1007960
2024-08-19,18,26,pressure_surface_hpa,RNO,OK,short_name=sp units=Pa valid=2024-08-20T20:00:00 bytes=836206
2024-08-19,18,23,pressure_msl_lead_minus3_hpa,RNO,OK,short_name=prmsl units=Pa valid=2024-08-20T17:00:00 bytes=888364
2024-09-04,18,26,pressure_msl_hpa,RNO,OK,short_name=prmsl units=Pa valid=2024-09-05T20:00:00 bytes=872421
2024-09-04,18,26,pressure_surface_hpa,RNO,OK,short_name=sp units=Pa valid=2024-09-05T20:00:00 bytes=833690
2024-09-04,18,23,pressure_msl_lead_minus3_hpa,RNO,OK,short_name=prmsl units=Pa valid=2024-09-05T17:00:00 bytes=877146
2025-07-28,0,26,pressure_msl_hpa,YSDU,OK,short_name=prmsl units=Pa valid=2025-07-29T02:00:00 bytes=1012911
2025-07-28,0,26,pressure_surface_hpa,YSDU,OK,short_name=sp units=Pa valid=2025-07-29T02:00:00 bytes=844398
2025-07-28,0,23,pressure_msl_lead_minus3_hpa,YSDU,OK,short_name=prmsl units=Pa valid=2025-07-28T23:00:00 bytes=1011360
2024-09-17,18,26,pressure_msl_hpa,RNO,OK,short_name=prmsl units=Pa valid=2024-09-18T20:00:00 bytes=874945
2024-09-17,18,26,pressure_surface_hpa,RNO,OK,short_name=sp units=Pa valid=2024-09-18T20:00:00 bytes=830934
2024-09-17,18,23,pressure_msl_lead_minus3_hpa,RNO,OK,short_name=prmsl units=Pa valid=2024-09-18T17:00:00 bytes=876113
2024-08-17,18,26,pressure_msl_hpa,RNO,OK,short_name=prmsl units=Pa valid=2024-08-18T20:00:00 bytes=1008469
2024-08-17,18,26,pressure_surface_hpa,RNO,OK,short_name=sp units=Pa valid=2024-08-18T20:00:00 bytes=836687
2024-08-17,18,23,pressure_msl_lead_minus3_hpa,RNO,OK,short_name=prmsl units=Pa valid=2024-08-18T17:00:00 bytes=1008635
2024-08-26,18,26,pressure_msl_hpa,RNO,OK,short_name=prmsl units=Pa valid=2024-08-27T20:00:00 bytes=889505
2024-08-26,18,26,pressure_surface_hpa,RNO,OK,short_name=sp units=Pa valid=2024-08-27T20:00:00 bytes=841462
2024-08-26,18,23,pressure_msl_lead_minus3_hpa,RNO,OK,short_name=prmsl units=Pa valid=2024-08-27T17:00:00 bytes=890036
2024-09-02,18,26,pressure_msl_hpa,RNO,OK,short_name=prmsl units=Pa valid=2024-09-03T20:00:00 bytes=877177
2024-09-02,18,26,pressure_surface_hpa,RNO,OK,short_name=sp units=Pa valid=2024-09-03T20:00:00 bytes=837107
2024-09-02,18,23,pressure_msl_lead_minus3_hpa,RNO,OK,short_name=prmsl units=Pa valid=2024-09-03T17:00:00 bytes=1003489
2024-08-15,18,26,pressure_msl_hpa,RNO,OK,short_name=prmsl units=Pa valid=2024-08-16T20:00:00 bytes=1003584
2024-08-15,18,26,pressure_surface_hpa,RNO,OK,short_name=sp units=Pa valid=2024-08-16T20:00:00 bytes=836458
2024-08-15,18,23,pressure_msl_lead_minus3_hpa,RNO,OK,short_name=prmsl units=Pa valid=2024-08-16T17:00:00 bytes=1004607
2024-08-28,18,26,pressure_msl_hpa,RNO,OK,short_name=prmsl units=Pa valid=2024-08-29T20:00:00 bytes=880968
2024-08-28,18,26,pressure_surface_hpa,RNO,OK,short_name=sp units=Pa valid=2024-08-29T20:00:00 bytes=834861
2024-08-28,18,23,pressure_msl_lead_minus3_hpa,RNO,OK,short_name=prmsl units=Pa valid=2024-08-29T17:00:00 bytes=881180
2024-09-14,18,26,pressure_msl_hpa,RNO,OK,short_name=prmsl units=Pa valid=2024-09-15T20:00:00 bytes=1003917
2024-09-14,18,26,pressure_surface_hpa,RNO,OK,short_name=sp units=Pa valid=2024-09-15T20:00:00 bytes=835926
2024-09-14,18,23,pressure_msl_lead_minus3_hpa,RNO,OK,short_name=prmsl units=Pa valid=2024-09-15T17:00:00 bytes=1002809
2024-08-21,18,26,pressure_msl_hpa,RNO,OK,short_name=prmsl units=Pa valid=2024-08-22T20:00:00 bytes=1005323
2024-08-21,18,26,pressure_surface_hpa,RNO,OK,short_name=sp units=Pa valid=2024-08-22T20:00:00 bytes=837893
2024-08-21,18,23,pressure_msl_lead_minus3_hpa,RNO,OK,short_name=prmsl units=Pa valid=2024-08-22T17:00:00 bytes=1009345
2024-09-15,18,26,pressure_msl_hpa,RNO,OK,short_name=prmsl units=Pa valid=2024-09-16T20:00:00 bytes=875026
2024-09-15,18,26,pressure_surface_hpa,RNO,OK,short_name=sp units=Pa valid=2024-09-16T20:00:00 bytes=835359
2024-09-15,18,23,pressure_msl_lead_minus3_hpa,RNO,OK,short_name=prmsl units=Pa valid=2024-09-16T17:00:00 bytes=1004950
2024-08-18,18,26,pressure_msl_hpa,RNO,OK,short_name=prmsl units=Pa valid=2024-08-19T20:00:00 bytes=1013067
2024-08-18,18,26,pressure_surface_hpa,RNO,OK,short_name=sp units=Pa valid=2024-08-19T20:00:00 bytes=837434
2024-08-18,18,23,pressure_msl_lead_minus3_hpa,RNO,OK,short_name=prmsl units=Pa valid=2024-08-19T17:00:00 bytes=1014506
2024-09-09,18,26,pressure_msl_hpa,RNO,OK,short_name=prmsl units=Pa valid=2024-09-10T20:00:00 bytes=878062
2024-09-09,18,26,pressure_surface_hpa,RNO,OK,short_name=sp units=Pa valid=2024-09-10T20:00:00 bytes=835932
2024-09-09,18,23,pressure_msl_lead_minus3_hpa,RNO,OK,short_name=prmsl units=Pa valid=2024-09-10T17:00:00 bytes=879228
2024-08-20,18,26,pressure_msl_hpa,RNO,OK,short_name=prmsl units=Pa valid=2024-08-21T20:00:00 bytes=1007060
2024-08-20,18,26,pressure_surface_hpa,RNO,OK,short_name=sp units=Pa valid=2024-08-21T20:00:00 bytes=837551
2024-08-20,18,23,pressure_msl_lead_minus3_hpa,RNO,OK,short_name=prmsl units=Pa valid=2024-08-21T17:00:00 bytes=1007021
2024-09-12,18,26,pressure_msl_hpa,RNO,OK,short_name=prmsl units=Pa valid=2024-09-13T20:00:00 bytes=999111
2024-09-12,18,26,pressure_surface_hpa,RNO,OK,short_name=sp units=Pa valid=2024-09-13T20:00:00 bytes=831735
2024-09-12,18,23,pressure_msl_lead_minus3_hpa,RNO,OK,short_name=prmsl units=Pa valid=2024-09-13T17:00:00 bytes=998386
2024-09-19,18,26,pressure_msl_hpa,RNO,OK,short_name=prmsl units=Pa valid=2024-09-20T20:00:00 bytes=879581
2024-09-19,18,26,pressure_surface_hpa,RNO,OK,short_name=sp units=Pa valid=2024-09-20T20:00:00 bytes=838286
2024-09-19,18,23,pressure_msl_lead_minus3_hpa,RNO,OK,short_name=prmsl units=Pa valid=2024-09-20T17:00:00 bytes=878794
2024-08-12,18,26,pressure_msl_hpa,RNO,OK,short_name=prmsl units=Pa valid=2024-08-13T20:00:00 bytes=881212
2024-08-12,18,26,pressure_surface_hpa,RNO,OK,short_name=sp units=Pa valid=2024-08-13T20:00:00 bytes=836199
2024-08-12,18,23,pressure_msl_lead_minus3_hpa,RNO,OK,short_name=prmsl units=Pa valid=2024-08-13T17:00:00 bytes=881867
2024-09-18,18,26,pressure_msl_hpa,RNO,OK,short_name=prmsl units=Pa valid=2024-09-19T20:00:00 bytes=874528
2024-09-18,18,26,pressure_surface_hpa,RNO,OK,short_name=sp units=Pa valid=2024-09-19T20:00:00 bytes=833462
2024-09-18,18,23,pressure_msl_lead_minus3_hpa,RNO,OK,short_name=prmsl units=Pa valid=2024-09-19T17:00:00 bytes=872368
2024-08-23,18,26,pressure_msl_hpa,RNO,OK,short_name=prmsl units=Pa valid=2024-08-24T20:00:00 bytes=1003881
2024-08-23,18,26,pressure_surface_hpa,RNO,OK,short_name=sp units=Pa valid=2024-08-24T20:00:00 bytes=836889
2024-08-23,18,23,pressure_msl_lead_minus3_hpa,RNO,OK,short_name=prmsl units=Pa valid=2024-08-24T17:00:00 bytes=1004176
2024-09-10,18,26,pressure_msl_hpa,RNO,OK,short_name=prmsl units=Pa valid=2024-09-11T20:00:00 bytes=1000460
2024-09-10,18,26,pressure_surface_hpa,RNO,OK,short_name=sp units=Pa valid=2024-09-11T20:00:00 bytes=831330
2024-09-10,18,23,pressure_msl_lead_minus3_hpa,RNO,OK,short_name=prmsl units=Pa valid=2024-09-11T17:00:00 bytes=997793
2024-09-28,18,26,pressure_msl_hpa,RNO,OK,short_name=prmsl units=Pa valid=2024-09-29T20:00:00 bytes=876432
2024-09-28,18,26,pressure_surface_hpa,RNO,OK,short_name=sp units=Pa valid=2024-09-29T20:00:00 bytes=835197
2024-09-28,18,23,pressure_msl_lead_minus3_hpa,RNO,OK,short_name=prmsl units=Pa valid=2024-09-29T17:00:00 bytes=1002267
2024-09-11,18,26,pressure_msl_hpa,RNO,OK,short_name=prmsl units=Pa valid=2024-09-12T20:00:00 bytes=994942
2024-09-11,18,26,pressure_surface_hpa,RNO,OK,short_name=sp units=Pa valid=2024-09-12T20:00:00 bytes=829657
2024-09-11,18,23,pressure_msl_lead_minus3_hpa,RNO,OK,short_name=prmsl units=Pa valid=2024-09-12T17:00:00 bytes=995222
2024-09-13,18,26,pressure_msl_hpa,RNO,OK,short_name=prmsl units=Pa valid=2024-09-14T20:00:00 bytes=999856
2024-09-13,18,26,pressure_surface_hpa,RNO,OK,short_name=sp units=Pa valid=2024-09-14T20:00:00 bytes=832319
2024-09-13,18,23,pressure_msl_lead_minus3_hpa,RNO,OK,short_name=prmsl units=Pa valid=2024-09-14T17:00:00 bytes=999516
2024-09-27,18,26,pressure_msl_hpa,RNO,OK,short_name=prmsl units=Pa valid=2024-09-28T20:00:00 bytes=880912
2024-09-27,18,26,pressure_surface_hpa,RNO,OK,short_name=sp units=Pa valid=2024-09-28T20:00:00 bytes=839877
2024-09-27,18,23,pressure_msl_lead_minus3_hpa,RNO,OK,short_name=prmsl units=Pa valid=2024-09-28T17:00:00 bytes=882391
2024-09-03,18,26,pressure_msl_hpa,RNO,OK,short_name=prmsl units=Pa valid=2024-09-04T20:00:00 bytes=1002914
2024-09-03,18,26,pressure_surface_hpa,RNO,OK,short_name=sp units=Pa valid=2024-09-04T20:00:00 bytes=836699
2024-09-03,18,23,pressure_msl_lead_minus3_hpa,RNO,OK,short_name=prmsl units=Pa valid=2024-09-04T17:00:00 bytes=1004024
2024-08-22,18,26,pressure_msl_hpa,RNO,OK,short_name=prmsl units=Pa valid=2024-08-23T20:00:00 bytes=1000840
2024-08-22,18,26,pressure_surface_hpa,RNO,OK,short_name=sp units=Pa valid=2024-08-23T20:00:00 bytes=835165
2024-08-22,18,23,pressure_msl_lead_minus3_hpa,RNO,OK,short_name=prmsl units=Pa valid=2024-08-23T17:00:00 bytes=1005886
2024-09-20,18,26,pressure_msl_hpa,RNO,OK,short_name=prmsl units=Pa valid=2024-09-21T20:00:00 bytes=873462
2024-09-20,18,26,pressure_surface_hpa,RNO,OK,short_name=sp units=Pa valid=2024-09-21T20:00:00 bytes=833027
2024-09-20,18,23,pressure_msl_lead_minus3_hpa,RNO,OK,short_name=prmsl units=Pa valid=2024-09-21T17:00:00 bytes=874287
2024-10-08,18,26,pressure_msl_hpa,RNO,OK,short_name=prmsl units=Pa valid=2024-10-09T20:00:00 bytes=1000542
2024-10-08,18,26,pressure_surface_hpa,RNO,OK,short_name=sp units=Pa valid=2024-10-09T20:00:00 bytes=836379
2024-10-08,18,23,pressure_msl_lead_minus3_hpa,RNO,OK,short_name=prmsl units=Pa valid=2024-10-09T17:00:00 bytes=1001180
2024-08-25,18,26,pressure_msl_hpa,RNO,OK,short_name=prmsl units=Pa valid=2024-08-26T20:00:00 bytes=883544
2024-08-25,18,26,pressure_surface_hpa,RNO,OK,short_name=sp units=Pa valid=2024-08-26T20:00:00 bytes=840728
2024-08-25,18,23,pressure_msl_lead_minus3_hpa,RNO,OK,short_name=prmsl units=Pa valid=2024-08-26T17:00:00 bytes=882456
2024-10-03,18,26,pressure_msl_hpa,RNO,OK,short_name=prmsl units=Pa valid=2024-10-04T20:00:00 bytes=997828
2024-10-03,18,26,pressure_surface_hpa,RNO,OK,short_name=sp units=Pa valid=2024-10-04T20:00:00 bytes=837928
2024-10-03,18,23,pressure_msl_lead_minus3_hpa,RNO,OK,short_name=prmsl units=Pa valid=2024-10-04T17:00:00 bytes=1003371
2024-09-08,18,26,pressure_msl_hpa,RNO,OK,short_name=prmsl units=Pa valid=2024-09-09T20:00:00 bytes=1009199
2024-09-08,18,26,pressure_surface_hpa,RNO,OK,short_name=sp units=Pa valid=2024-09-09T20:00:00 bytes=837952
2024-09-08,18,23,pressure_msl_lead_minus3_hpa,RNO,OK,short_name=prmsl units=Pa valid=2024-09-09T17:00:00 bytes=1004452
2024-09-29,18,26,pressure_msl_hpa,RNO,OK,short_name=prmsl units=Pa valid=2024-09-30T20:00:00 bytes=875256
2024-09-29,18,26,pressure_surface_hpa,RNO,OK,short_name=sp units=Pa valid=2024-09-30T20:00:00 bytes=836430
2024-09-29,18,23,pressure_msl_lead_minus3_hpa,RNO,OK,short_name=prmsl units=Pa valid=2024-09-30T17:00:00 bytes=1003413
2024-10-04,18,26,pressure_msl_hpa,RNO,OK,short_name=prmsl units=Pa valid=2024-10-05T20:00:00 bytes=999176
2024-10-04,18,26,pressure_surface_hpa,RNO,OK,short_name=sp units=Pa valid=2024-10-05T20:00:00 bytes=835251
2024-10-04,18,23,pressure_msl_lead_minus3_hpa,RNO,OK,short_name=prmsl units=Pa valid=2024-10-05T17:00:00 bytes=1000588
2024-09-21,18,26,pressure_msl_hpa,RNO,OK,short_name=prmsl units=Pa valid=2024-09-22T20:00:00 bytes=1002041
2024-09-21,18,26,pressure_surface_hpa,RNO,OK,short_name=sp units=Pa valid=2024-09-22T20:00:00 bytes=832580
2024-09-21,18,23,pressure_msl_lead_minus3_hpa,RNO,OK,short_name=prmsl units=Pa valid=2024-09-22T17:00:00 bytes=1002113
2024-09-26,18,26,pressure_msl_hpa,RNO,OK,short_name=prmsl units=Pa valid=2024-09-27T20:00:00 bytes=1007792
2024-09-26,18,26,pressure_surface_hpa,RNO,OK,short_name=sp units=Pa valid=2024-09-27T20:00:00 bytes=840063
2024-09-26,18,23,pressure_msl_lead_minus3_hpa,RNO,OK,short_name=prmsl units=Pa valid=2024-09-27T17:00:00 bytes=1008336
2024-09-07,18,26,pressure_msl_hpa,RNO,OK,short_name=prmsl units=Pa valid=2024-09-08T20:00:00 bytes=1002426
2024-09-07,18,26,pressure_surface_hpa,RNO,OK,short_name=sp units=Pa valid=2024-09-08T20:00:00 bytes=834239
2024-09-07,18,23,pressure_msl_lead_minus3_hpa,RNO,OK,short_name=prmsl units=Pa valid=2024-09-08T17:00:00 bytes=1041392
2024-10-17,18,26,pressure_msl_hpa,RNO,OK,short_name=prmsl units=Pa valid=2024-10-18T20:00:00 bytes=1005548
2024-10-17,18,26,pressure_surface_hpa,RNO,OK,short_name=sp units=Pa valid=2024-10-18T20:00:00 bytes=840974
2024-10-17,18,23,pressure_msl_lead_minus3_hpa,RNO,OK,short_name=prmsl units=Pa valid=2024-10-18T17:00:00 bytes=1007699
2024-09-23,18,26,pressure_msl_hpa,RNO,OK,short_name=prmsl units=Pa valid=2024-09-24T20:00:00 bytes=1006963
2024-09-23,18,26,pressure_surface_hpa,RNO,OK,short_name=sp units=Pa valid=2024-09-24T20:00:00 bytes=836842
2024-09-23,18,23,pressure_msl_lead_minus3_hpa,RNO,OK,short_name=prmsl units=Pa valid=2024-09-24T17:00:00 bytes=1006787
2024-10-07,18,26,pressure_msl_hpa,RNO,OK,short_name=prmsl units=Pa valid=2024-10-08T20:00:00 bytes=994517
2024-10-07,18,26,pressure_surface_hpa,RNO,OK,short_name=sp units=Pa valid=2024-10-08T20:00:00 bytes=832472
2024-10-07,18,23,pressure_msl_lead_minus3_hpa,RNO,OK,short_name=prmsl units=Pa valid=2024-10-08T17:00:00 bytes=994271
2024-10-20,18,26,pressure_msl_hpa,RNO,OK,short_name=prmsl units=Pa valid=2024-10-21T20:00:00 bytes=1005229
2024-10-20,18,26,pressure_surface_hpa,RNO,OK,short_name=sp units=Pa valid=2024-10-21T20:00:00 bytes=838798
2024-10-20,18,23,pressure_msl_lead_minus3_hpa,RNO,OK,short_name=prmsl units=Pa valid=2024-10-21T17:00:00 bytes=1005955
2024-09-16,18,26,pressure_msl_hpa,RNO,OK,short_name=prmsl units=Pa valid=2024-09-17T20:00:00 bytes=880006
2024-09-16,18,26,pressure_surface_hpa,RNO,OK,short_name=sp units=Pa valid=2024-09-17T20:00:00 bytes=835182
2024-09-16,18,23,pressure_msl_lead_minus3_hpa,RNO,OK,short_name=prmsl units=Pa valid=2024-09-17T17:00:00 bytes=1006534
2024-09-25,18,26,pressure_msl_hpa,RNO,OK,short_name=prmsl units=Pa valid=2024-09-26T20:00:00 bytes=1009141
2024-09-25,18,26,pressure_surface_hpa,RNO,OK,short_name=sp units=Pa valid=2024-09-26T20:00:00 bytes=840936
2024-09-25,18,23,pressure_msl_lead_minus3_hpa,RNO,OK,short_name=prmsl units=Pa valid=2024-09-26T17:00:00 bytes=1007851
2024-10-26,18,26,pressure_msl_hpa,RNO,OK,short_name=prmsl units=Pa valid=2024-10-27T20:00:00 bytes=992205
2024-10-26,18,26,pressure_surface_hpa,RNO,OK,short_name=sp units=Pa valid=2024-10-27T20:00:00 bytes=834326
2024-10-26,18,23,pressure_msl_lead_minus3_hpa,RNO,OK,short_name=prmsl units=Pa valid=2024-10-27T17:00:00 bytes=994873
2024-10-01,18,26,pressure_msl_hpa,RNO,OK,short_name=prmsl units=Pa valid=2024-10-02T20:00:00 bytes=1009749
2024-10-01,18,26,pressure_surface_hpa,RNO,OK,short_name=sp units=Pa valid=2024-10-02T20:00:00 bytes=842639
2024-10-01,18,23,pressure_msl_lead_minus3_hpa,RNO,OK,short_name=prmsl units=Pa valid=2024-10-02T17:00:00 bytes=1008924
2024-10-21,18,26,pressure_msl_hpa,RNO,OK,short_name=prmsl units=Pa valid=2024-10-22T20:00:00 bytes=1005485
2024-10-21,18,26,pressure_surface_hpa,RNO,OK,short_name=sp units=Pa valid=2024-10-22T20:00:00 bytes=842220
2024-10-21,18,23,pressure_msl_lead_minus3_hpa,RNO,OK,short_name=prmsl units=Pa valid=2024-10-22T17:00:00 bytes=1006318
2024-10-18,18,26,pressure_msl_hpa,RNO,OK,short_name=prmsl units=Pa valid=2024-10-19T20:00:00 bytes=1006675
2024-10-18,18,26,pressure_surface_hpa,RNO,OK,short_name=sp units=Pa valid=2024-10-19T20:00:00 bytes=841770
2024-10-18,18,23,pressure_msl_lead_minus3_hpa,RNO,OK,short_name=prmsl units=Pa valid=2024-10-19T17:00:00 bytes=1008079
2024-10-23,18,26,pressure_msl_hpa,RNO,OK,short_name=prmsl units=Pa valid=2024-10-24T20:00:00 bytes=882201
2024-10-23,18,26,pressure_surface_hpa,RNO,OK,short_name=sp units=Pa valid=2024-10-24T20:00:00 bytes=846443
2024-10-23,18,23,pressure_msl_lead_minus3_hpa,RNO,OK,short_name=prmsl units=Pa valid=2024-10-24T17:00:00 bytes=883546
2024-10-10,18,26,pressure_msl_hpa,RNO,OK,short_name=prmsl units=Pa valid=2024-10-11T20:00:00 bytes=1006127
2024-10-10,18,26,pressure_surface_hpa,RNO,OK,short_name=sp units=Pa valid=2024-10-11T20:00:00 bytes=841050
2024-10-10,18,23,pressure_msl_lead_minus3_hpa,RNO,OK,short_name=prmsl units=Pa valid=2024-10-11T17:00:00 bytes=1006896
2024-10-06,18,26,pressure_msl_hpa,RNO,OK,short_name=prmsl units=Pa valid=2024-10-07T20:00:00 bytes=992645
2024-10-06,18,26,pressure_surface_hpa,RNO,OK,short_name=sp units=Pa valid=2024-10-07T20:00:00 bytes=830975
2024-10-06,18,23,pressure_msl_lead_minus3_hpa,RNO,OK,short_name=prmsl units=Pa valid=2024-10-07T17:00:00 bytes=989400
2024-09-30,18,26,pressure_msl_hpa,RNO,OK,short_name=prmsl units=Pa valid=2024-10-01T20:00:00 bytes=879681
2024-09-30,18,26,pressure_surface_hpa,RNO,OK,short_name=sp units=Pa valid=2024-10-01T20:00:00 bytes=842192
2024-09-30,18,23,pressure_msl_lead_minus3_hpa,RNO,OK,short_name=prmsl units=Pa valid=2024-10-01T17:00:00 bytes=878724
2024-10-05,18,26,pressure_msl_hpa,RNO,OK,short_name=prmsl units=Pa valid=2024-10-06T20:00:00 bytes=997617
2024-10-05,18,26,pressure_surface_hpa,RNO,OK,short_name=sp units=Pa valid=2024-10-06T20:00:00 bytes=831157
2024-10-05,18,23,pressure_msl_lead_minus3_hpa,RNO,OK,short_name=prmsl units=Pa valid=2024-10-06T17:00:00 bytes=998446
2024-10-12,18,26,pressure_msl_hpa,RNO,OK,short_name=prmsl units=Pa valid=2024-10-13T20:00:00 bytes=998298
2024-10-12,18,26,pressure_surface_hpa,RNO,OK,short_name=sp units=Pa valid=2024-10-13T20:00:00 bytes=831311
2024-10-12,18,23,pressure_msl_lead_minus3_hpa,RNO,OK,short_name=prmsl units=Pa valid=2024-10-13T17:00:00 bytes=995533
2024-10-19,18,26,pressure_msl_hpa,RNO,OK,short_name=prmsl units=Pa valid=2024-10-20T20:00:00 bytes=1006194
2024-10-19,18,26,pressure_surface_hpa,RNO,OK,short_name=sp units=Pa valid=2024-10-20T20:00:00 bytes=840403
2024-10-19,18,23,pressure_msl_lead_minus3_hpa,RNO,OK,short_name=prmsl units=Pa valid=2024-10-20T17:00:00 bytes=1006205
2024-08-27,18,26,pressure_msl_hpa,RNO,OK,short_name=prmsl units=Pa valid=2024-08-28T20:00:00 bytes=1047378
2024-08-27,18,26,pressure_surface_hpa,RNO,OK,short_name=sp units=Pa valid=2024-08-28T20:00:00 bytes=839963
2024-08-27,18,23,pressure_msl_lead_minus3_hpa,RNO,OK,short_name=prmsl units=Pa valid=2024-08-28T17:00:00 bytes=1053313
2024-11-03,18,26,pressure_msl_hpa,RNO,OK,short_name=prmsl units=Pa valid=2024-11-04T20:00:00 bytes=997876
2024-11-03,18,26,pressure_surface_hpa,RNO,OK,short_name=sp units=Pa valid=2024-11-04T20:00:00 bytes=837860
2024-11-03,18,23,pressure_msl_lead_minus3_hpa,RNO,OK,short_name=prmsl units=Pa valid=2024-11-04T17:00:00 bytes=999864
2024-11-01,18,26,pressure_msl_hpa,RNO,OK,short_name=prmsl units=Pa valid=2024-11-02T20:00:00 bytes=994231
2024-11-01,18,26,pressure_surface_hpa,RNO,OK,short_name=sp units=Pa valid=2024-11-02T20:00:00 bytes=833953
2024-11-01,18,23,pressure_msl_lead_minus3_hpa,RNO,OK,short_name=prmsl units=Pa valid=2024-11-02T17:00:00 bytes=995442
2024-10-25,18,26,pressure_msl_hpa,RNO,OK,short_name=prmsl units=Pa valid=2024-10-26T20:00:00 bytes=874492
2024-10-25,18,26,pressure_surface_hpa,RNO,OK,short_name=sp units=Pa valid=2024-10-26T20:00:00 bytes=836861
2024-10-25,18,23,pressure_msl_lead_minus3_hpa,RNO,OK,short_name=prmsl units=Pa valid=2024-10-26T17:00:00 bytes=1000528
2024-10-22,18,26,pressure_msl_hpa,RNO,OK,short_name=prmsl units=Pa valid=2024-10-23T20:00:00 bytes=884799
2024-10-22,18,26,pressure_surface_hpa,RNO,OK,short_name=sp units=Pa valid=2024-10-23T20:00:00 bytes=846375
2024-10-22,18,23,pressure_msl_lead_minus3_hpa,RNO,OK,short_name=prmsl units=Pa valid=2024-10-23T17:00:00 bytes=1009512
2024-10-14,18,26,pressure_msl_hpa,RNO,OK,short_name=prmsl units=Pa valid=2024-10-15T20:00:00 bytes=997321
2024-10-14,18,26,pressure_surface_hpa,RNO,OK,short_name=sp units=Pa valid=2024-10-15T20:00:00 bytes=838299
2024-10-14,18,23,pressure_msl_lead_minus3_hpa,RNO,OK,short_name=prmsl units=Pa valid=2024-10-15T17:00:00 bytes=998494
2024-10-16,18,26,pressure_msl_hpa,RNO,OK,short_name=prmsl units=Pa valid=2024-10-17T20:00:00 bytes=1000552
2024-10-16,18,26,pressure_surface_hpa,RNO,OK,short_name=sp units=Pa valid=2024-10-17T20:00:00 bytes=837449
2024-10-16,18,23,pressure_msl_lead_minus3_hpa,RNO,OK,short_name=prmsl units=Pa valid=2024-10-17T17:00:00 bytes=1001447
2024-09-22,18,26,pressure_msl_hpa,RNO,OK,short_name=prmsl units=Pa valid=2024-09-23T20:00:00 bytes=1007447
2024-09-22,18,26,pressure_surface_hpa,RNO,OK,short_name=sp units=Pa valid=2024-09-23T20:00:00 bytes=835481
2024-09-22,18,23,pressure_msl_lead_minus3_hpa,RNO,OK,short_name=prmsl units=Pa valid=2024-09-23T17:00:00 bytes=1007144
2024-08-31,18,26,pressure_msl_hpa,RNO,OK,short_name=prmsl units=Pa valid=2024-09-01T20:00:00 bytes=1006753
2024-08-31,18,26,pressure_surface_hpa,RNO,OK,short_name=sp units=Pa valid=2024-09-01T20:00:00 bytes=837676
2024-08-31,18,23,pressure_msl_lead_minus3_hpa,RNO,OK,short_name=prmsl units=Pa valid=2024-09-01T17:00:00 bytes=1005798
2024-10-09,18,26,pressure_msl_hpa,RNO,OK,short_name=prmsl units=Pa valid=2024-10-10T20:00:00 bytes=998553
2024-10-09,18,26,pressure_surface_hpa,RNO,OK,short_name=sp units=Pa valid=2024-10-10T20:00:00 bytes=837848
2024-10-09,18,23,pressure_msl_lead_minus3_hpa,RNO,OK,short_name=prmsl units=Pa valid=2024-10-10T17:00:00 bytes=1001902
2024-10-13,18,26,pressure_msl_hpa,RNO,OK,short_name=prmsl units=Pa valid=2024-10-14T20:00:00 bytes=999099
2024-10-13,18,26,pressure_surface_hpa,RNO,OK,short_name=sp units=Pa valid=2024-10-14T20:00:00 bytes=833013
2024-10-13,18,23,pressure_msl_lead_minus3_hpa,RNO,OK,short_name=prmsl units=Pa valid=2024-10-14T17:00:00 bytes=997077
2024-10-02,18,26,pressure_msl_hpa,RNO,OK,short_name=prmsl units=Pa valid=2024-10-03T20:00:00 bytes=1008485
2024-10-02,18,26,pressure_surface_hpa,RNO,OK,short_name=sp units=Pa valid=2024-10-03T20:00:00 bytes=840416
2024-10-02,18,23,pressure_msl_lead_minus3_hpa,RNO,OK,short_name=prmsl units=Pa valid=2024-10-03T17:00:00 bytes=1010154
2024-10-31,18,26,pressure_msl_hpa,RNO,OK,short_name=prmsl units=Pa valid=2024-11-01T20:00:00 bytes=995471
2024-10-31,18,26,pressure_surface_hpa,RNO,OK,short_name=sp units=Pa valid=2024-11-01T20:00:00 bytes=835046
2024-10-31,18,23,pressure_msl_lead_minus3_hpa,RNO,OK,short_name=prmsl units=Pa valid=2024-11-01T17:00:00 bytes=992707
2024-11-14,18,26,pressure_msl_hpa,RNO,OK,short_name=prmsl units=Pa valid=2024-11-15T20:00:00 bytes=987675
2024-11-14,18,26,pressure_surface_hpa,RNO,OK,short_name=sp units=Pa valid=2024-11-15T20:00:00 bytes=830330
2024-11-14,18,23,pressure_msl_lead_minus3_hpa,RNO,OK,short_name=prmsl units=Pa valid=2024-11-15T17:00:00 bytes=985934
2024-10-29,18,26,pressure_msl_hpa,RNO,OK,short_name=prmsl units=Pa valid=2024-10-30T20:00:00 bytes=993132
2024-10-29,18,26,pressure_surface_hpa,RNO,OK,short_name=sp units=Pa valid=2024-10-30T20:00:00 bytes=836960
2024-10-29,18,23,pressure_msl_lead_minus3_hpa,RNO,OK,short_name=prmsl units=Pa valid=2024-10-30T17:00:00 bytes=993362
2024-11-11,18,26,pressure_msl_hpa,RNO,OK,short_name=prmsl units=Pa valid=2024-11-12T20:00:00 bytes=1034140
2024-11-11,18,26,pressure_surface_hpa,RNO,OK,short_name=sp units=Pa valid=2024-11-12T20:00:00 bytes=837621
2024-11-11,18,23,pressure_msl_lead_minus3_hpa,RNO,OK,short_name=prmsl units=Pa valid=2024-11-12T17:00:00 bytes=992176
2024-09-24,18,26,pressure_msl_hpa,RNO,OK,short_name=prmsl units=Pa valid=2024-09-25T20:00:00 bytes=1009981
2024-09-24,18,26,pressure_surface_hpa,RNO,OK,short_name=sp units=Pa valid=2024-09-25T20:00:00 bytes=837958
2024-09-24,18,23,pressure_msl_lead_minus3_hpa,RNO,OK,short_name=prmsl units=Pa valid=2024-09-25T17:00:00 bytes=1009467
2024-09-05,18,26,pressure_msl_hpa,RNO,OK,short_name=prmsl units=Pa valid=2024-09-06T20:00:00 bytes=996626
2024-09-05,18,26,pressure_surface_hpa,RNO,OK,short_name=sp units=Pa valid=2024-09-06T20:00:00 bytes=834200
2024-09-05,18,23,pressure_msl_lead_minus3_hpa,RNO,OK,short_name=prmsl units=Pa valid=2024-09-06T17:00:00 bytes=996461
2024-11-06,18,26,pressure_msl_hpa,RNO,OK,short_name=prmsl units=Pa valid=2024-11-07T20:00:00 bytes=1034668
2024-11-06,18,26,pressure_surface_hpa,RNO,OK,short_name=sp units=Pa valid=2024-11-07T20:00:00 bytes=835889
2024-11-06,18,23,pressure_msl_lead_minus3_hpa,RNO,OK,short_name=prmsl units=Pa valid=2024-11-07T17:00:00 bytes=1032126
2024-11-09,18,26,pressure_msl_hpa,RNO,OK,short_name=prmsl units=Pa valid=2024-11-10T20:00:00 bytes=1035748
2024-11-09,18,26,pressure_surface_hpa,RNO,OK,short_name=sp units=Pa valid=2024-11-10T20:00:00 bytes=838463
2024-11-09,18,23,pressure_msl_lead_minus3_hpa,RNO,OK,short_name=prmsl units=Pa valid=2024-11-10T17:00:00 bytes=1036899
2024-10-27,18,26,pressure_msl_hpa,RNO,OK,short_name=prmsl units=Pa valid=2024-10-28T20:00:00 bytes=988840
2024-10-27,18,26,pressure_surface_hpa,RNO,OK,short_name=sp units=Pa valid=2024-10-28T20:00:00 bytes=834377
2024-10-27,18,23,pressure_msl_lead_minus3_hpa,RNO,OK,short_name=prmsl units=Pa valid=2024-10-28T17:00:00 bytes=990711
2024-11-24,18,26,pressure_msl_hpa,RNO,OK,short_name=prmsl units=Pa valid=2024-11-25T20:00:00 bytes=993116
2024-11-24,18,26,pressure_surface_hpa,RNO,OK,short_name=sp units=Pa valid=2024-11-25T20:00:00 bytes=831640
2024-11-24,18,23,pressure_msl_lead_minus3_hpa,RNO,OK,short_name=prmsl units=Pa valid=2024-11-25T17:00:00 bytes=993586
2024-11-13,18,26,pressure_msl_hpa,RNO,OK,short_name=prmsl units=Pa valid=2024-11-14T20:00:00 bytes=982574
2024-11-13,18,26,pressure_surface_hpa,RNO,OK,short_name=sp units=Pa valid=2024-11-14T20:00:00 bytes=831105
2024-11-13,18,23,pressure_msl_lead_minus3_hpa,RNO,OK,short_name=prmsl units=Pa valid=2024-11-14T17:00:00 bytes=985687
2024-11-20,18,26,pressure_msl_hpa,RNO,OK,short_name=prmsl units=Pa valid=2024-11-21T20:00:00 bytes=996396
2024-11-20,18,26,pressure_surface_hpa,RNO,OK,short_name=sp units=Pa valid=2024-11-21T20:00:00 bytes=833000
2024-11-20,18,23,pressure_msl_lead_minus3_hpa,RNO,OK,short_name=prmsl units=Pa valid=2024-11-21T17:00:00 bytes=999220
2024-11-08,18,26,pressure_msl_hpa,RNO,OK,short_name=prmsl units=Pa valid=2024-11-09T20:00:00 bytes=1034025
2024-11-08,18,26,pressure_surface_hpa,RNO,OK,short_name=sp units=Pa valid=2024-11-09T20:00:00 bytes=835240
2024-11-08,18,23,pressure_msl_lead_minus3_hpa,RNO,OK,short_name=prmsl units=Pa valid=2024-11-09T17:00:00 bytes=1034833
2024-11-05,18,26,pressure_msl_hpa,RNO,OK,short_name=prmsl units=Pa valid=2024-11-06T20:00:00 bytes=1039814
2024-11-05,18,26,pressure_surface_hpa,RNO,OK,short_name=sp units=Pa valid=2024-11-06T20:00:00 bytes=838842
2024-11-05,18,23,pressure_msl_lead_minus3_hpa,RNO,OK,short_name=prmsl units=Pa valid=2024-11-06T17:00:00 bytes=1040978
2024-10-28,18,26,pressure_msl_hpa,RNO,OK,short_name=prmsl units=Pa valid=2024-10-29T20:00:00 bytes=996795
2024-10-28,18,26,pressure_surface_hpa,RNO,OK,short_name=sp units=Pa valid=2024-10-29T20:00:00 bytes=836743
2024-10-28,18,23,pressure_msl_lead_minus3_hpa,RNO,OK,short_name=prmsl units=Pa valid=2024-10-29T17:00:00 bytes=993786
2024-11-21,18,26,pressure_msl_hpa,RNO,OK,short_name=prmsl units=Pa valid=2024-11-22T20:00:00 bytes=992045
2024-11-21,18,26,pressure_surface_hpa,RNO,OK,short_name=sp units=Pa valid=2024-11-22T20:00:00 bytes=834408
2024-11-21,18,23,pressure_msl_lead_minus3_hpa,RNO,OK,short_name=prmsl units=Pa valid=2024-11-22T17:00:00 bytes=994918
2024-11-02,18,26,pressure_msl_hpa,RNO,OK,short_name=prmsl units=Pa valid=2024-11-03T20:00:00 bytes=874897
2024-11-02,18,26,pressure_surface_hpa,RNO,OK,short_name=sp units=Pa valid=2024-11-03T20:00:00 bytes=835280
2024-11-02,18,23,pressure_msl_lead_minus3_hpa,RNO,OK,short_name=prmsl units=Pa valid=2024-11-03T17:00:00 bytes=998799
2024-11-04,18,26,pressure_msl_hpa,RNO,OK,short_name=prmsl units=Pa valid=2024-11-05T20:00:00 bytes=1000481
2024-11-04,18,26,pressure_surface_hpa,RNO,OK,short_name=sp units=Pa valid=2024-11-05T20:00:00 bytes=837428
2024-11-04,18,23,pressure_msl_lead_minus3_hpa,RNO,OK,short_name=prmsl units=Pa valid=2024-11-05T17:00:00 bytes=1001811
2024-10-30,18,26,pressure_msl_hpa,RNO,OK,short_name=prmsl units=Pa valid=2024-10-31T20:00:00 bytes=1040866
2024-10-30,18,26,pressure_surface_hpa,RNO,OK,short_name=sp units=Pa valid=2024-10-31T20:00:00 bytes=837726
2024-10-30,18,23,pressure_msl_lead_minus3_hpa,RNO,OK,short_name=prmsl units=Pa valid=2024-10-31T17:00:00 bytes=1039329
2024-11-18,18,26,pressure_msl_hpa,RNO,OK,short_name=prmsl units=Pa valid=2024-11-19T20:00:00 bytes=1000112
2024-11-18,18,26,pressure_surface_hpa,RNO,OK,short_name=sp units=Pa valid=2024-11-19T20:00:00 bytes=837285
2024-11-18,18,23,pressure_msl_lead_minus3_hpa,RNO,OK,short_name=prmsl units=Pa valid=2024-11-19T17:00:00 bytes=1001160
2024-11-10,18,26,pressure_msl_hpa,RNO,OK,short_name=prmsl units=Pa valid=2024-11-11T20:00:00 bytes=994802
2024-11-10,18,26,pressure_surface_hpa,RNO,OK,short_name=sp units=Pa valid=2024-11-11T20:00:00 bytes=841185
2024-11-10,18,23,pressure_msl_lead_minus3_hpa,RNO,OK,short_name=prmsl units=Pa valid=2024-11-11T17:00:00 bytes=1040717
2024-11-07,18,26,pressure_msl_hpa,RNO,OK,short_name=prmsl units=Pa valid=2024-11-08T20:00:00 bytes=1028261
2024-11-07,18,26,pressure_surface_hpa,RNO,OK,short_name=sp units=Pa valid=2024-11-08T20:00:00 bytes=833290
2024-11-07,18,23,pressure_msl_lead_minus3_hpa,RNO,OK,short_name=prmsl units=Pa valid=2024-11-08T17:00:00 bytes=990646
2024-11-19,18,26,pressure_msl_hpa,RNO,OK,short_name=prmsl units=Pa valid=2024-11-20T20:00:00 bytes=1000836
2024-11-19,18,26,pressure_surface_hpa,RNO,OK,short_name=sp units=Pa valid=2024-11-20T20:00:00 bytes=835889
2024-11-19,18,23,pressure_msl_lead_minus3_hpa,RNO,OK,short_name=prmsl units=Pa valid=2024-11-20T17:00:00 bytes=1002356
2024-12-15,18,26,pressure_msl_hpa,RNO,OK,short_name=prmsl units=Pa valid=2024-12-16T20:00:00 bytes=1003512
2024-12-15,18,26,pressure_surface_hpa,RNO,OK,short_name=sp units=Pa valid=2024-12-16T20:00:00 bytes=840274
2024-12-15,18,23,pressure_msl_lead_minus3_hpa,RNO,OK,short_name=prmsl units=Pa valid=2024-12-16T17:00:00 bytes=1005576
2024-11-22,18,26,pressure_msl_hpa,RNO,OK,short_name=prmsl units=Pa valid=2024-11-23T20:00:00 bytes=878770
2024-11-22,18,26,pressure_surface_hpa,RNO,OK,short_name=sp units=Pa valid=2024-11-23T20:00:00 bytes=838171
2024-11-22,18,23,pressure_msl_lead_minus3_hpa,RNO,OK,short_name=prmsl units=Pa valid=2024-11-23T17:00:00 bytes=879982
2024-12-09,18,26,pressure_msl_hpa,RNO,OK,short_name=prmsl units=Pa valid=2024-12-10T20:00:00 bytes=999238
2024-12-09,18,26,pressure_surface_hpa,RNO,OK,short_name=sp units=Pa valid=2024-12-10T20:00:00 bytes=838501
2024-12-09,18,23,pressure_msl_lead_minus3_hpa,RNO,OK,short_name=prmsl units=Pa valid=2024-12-10T17:00:00 bytes=999878
2024-12-05,18,26,pressure_msl_hpa,RNO,OK,short_name=prmsl units=Pa valid=2024-12-06T20:00:00 bytes=997002
2024-12-05,18,26,pressure_surface_hpa,RNO,OK,short_name=sp units=Pa valid=2024-12-06T20:00:00 bytes=838503
2024-12-05,18,23,pressure_msl_lead_minus3_hpa,RNO,OK,short_name=prmsl units=Pa valid=2024-12-06T17:00:00 bytes=998689
2024-11-25,18,26,pressure_msl_hpa,RNO,OK,short_name=prmsl units=Pa valid=2024-11-26T20:00:00 bytes=1000233
2024-11-25,18,26,pressure_surface_hpa,RNO,OK,short_name=sp units=Pa valid=2024-11-26T20:00:00 bytes=836542
2024-11-25,18,23,pressure_msl_lead_minus3_hpa,RNO,OK,short_name=prmsl units=Pa valid=2024-11-26T17:00:00 bytes=996950
2024-11-15,18,26,pressure_msl_hpa,RNO,OK,short_name=prmsl units=Pa valid=2024-11-16T20:00:00 bytes=991803
2024-11-15,18,26,pressure_surface_hpa,RNO,OK,short_name=sp units=Pa valid=2024-11-16T20:00:00 bytes=832720
2024-11-15,18,23,pressure_msl_lead_minus3_hpa,RNO,OK,short_name=prmsl units=Pa valid=2024-11-16T17:00:00 bytes=991503
2024-12-08,18,26,pressure_msl_hpa,RNO,OK,short_name=prmsl units=Pa valid=2024-12-09T20:00:00 bytes=1005064
2024-12-08,18,26,pressure_surface_hpa,RNO,OK,short_name=sp units=Pa valid=2024-12-09T20:00:00 bytes=840147
2024-12-08,18,23,pressure_msl_lead_minus3_hpa,RNO,OK,short_name=prmsl units=Pa valid=2024-12-09T17:00:00 bytes=1007068
2024-11-30,18,26,pressure_msl_hpa,RNO,OK,short_name=prmsl units=Pa valid=2024-12-01T20:00:00 bytes=996613
2024-11-30,18,26,pressure_surface_hpa,RNO,OK,short_name=sp units=Pa valid=2024-12-01T20:00:00 bytes=838802
2024-11-30,18,23,pressure_msl_lead_minus3_hpa,RNO,OK,short_name=prmsl units=Pa valid=2024-12-01T17:00:00 bytes=997501
2024-11-17,18,26,pressure_msl_hpa,RNO,OK,short_name=prmsl units=Pa valid=2024-11-18T20:00:00 bytes=1001639
2024-11-17,18,26,pressure_surface_hpa,RNO,OK,short_name=sp units=Pa valid=2024-11-18T20:00:00 bytes=840475
2024-11-17,18,23,pressure_msl_lead_minus3_hpa,RNO,OK,short_name=prmsl units=Pa valid=2024-11-18T17:00:00 bytes=1004804
2024-12-12,18,26,pressure_msl_hpa,RNO,OK,short_name=prmsl units=Pa valid=2024-12-13T20:00:00 bytes=1009266
2024-12-12,18,26,pressure_surface_hpa,RNO,OK,short_name=sp units=Pa valid=2024-12-13T20:00:00 bytes=842424
2024-12-12,18,23,pressure_msl_lead_minus3_hpa,RNO,OK,short_name=prmsl units=Pa valid=2024-12-13T17:00:00 bytes=1013192
2024-12-16,18,26,pressure_msl_hpa,RNO,OK,short_name=prmsl units=Pa valid=2024-12-17T20:00:00 bytes=1009076
2024-12-16,18,26,pressure_surface_hpa,RNO,OK,short_name=sp units=Pa valid=2024-12-17T20:00:00 bytes=843932
2024-12-16,18,23,pressure_msl_lead_minus3_hpa,RNO,OK,short_name=prmsl units=Pa valid=2024-12-17T17:00:00 bytes=1008533
2024-11-28,18,26,pressure_msl_hpa,RNO,OK,short_name=prmsl units=Pa valid=2024-11-29T20:00:00 bytes=1003322
2024-11-28,18,26,pressure_surface_hpa,RNO,OK,short_name=sp units=Pa valid=2024-11-29T20:00:00 bytes=841214
2024-11-28,18,23,pressure_msl_lead_minus3_hpa,RNO,OK,short_name=prmsl units=Pa valid=2024-11-29T17:00:00 bytes=1004218
2024-12-11,18,26,pressure_msl_hpa,RNO,OK,short_name=prmsl units=Pa valid=2024-12-12T20:00:00 bytes=1002095
2024-12-11,18,26,pressure_surface_hpa,RNO,OK,short_name=sp units=Pa valid=2024-12-12T20:00:00 bytes=837728
2024-12-11,18,23,pressure_msl_lead_minus3_hpa,RNO,OK,short_name=prmsl units=Pa valid=2024-12-12T17:00:00 bytes=998328
2024-11-29,18,26,pressure_msl_hpa,RNO,OK,short_name=prmsl units=Pa valid=2024-11-30T20:00:00 bytes=1003225
2024-11-29,18,26,pressure_surface_hpa,RNO,OK,short_name=sp units=Pa valid=2024-11-30T20:00:00 bytes=841882
2024-11-29,18,23,pressure_msl_lead_minus3_hpa,RNO,OK,short_name=prmsl units=Pa valid=2024-11-30T17:00:00 bytes=1003342
2024-10-15,18,26,pressure_msl_hpa,RNO,OK,short_name=prmsl units=Pa valid=2024-10-16T20:00:00 bytes=996721
2024-10-15,18,26,pressure_surface_hpa,RNO,OK,short_name=sp units=Pa valid=2024-10-16T20:00:00 bytes=836596
2024-10-15,18,23,pressure_msl_lead_minus3_hpa,RNO,OK,short_name=prmsl units=Pa valid=2024-10-16T17:00:00 bytes=1001084
2024-12-02,18,26,pressure_msl_hpa,RNO,OK,short_name=prmsl units=Pa valid=2024-12-03T20:00:00 bytes=998764
2024-12-02,18,26,pressure_surface_hpa,RNO,OK,short_name=sp units=Pa valid=2024-12-03T20:00:00 bytes=838035
2024-12-02,18,23,pressure_msl_lead_minus3_hpa,RNO,OK,short_name=prmsl units=Pa valid=2024-12-03T17:00:00 bytes=1000900
2024-12-04,18,26,pressure_msl_hpa,RNO,OK,short_name=prmsl units=Pa valid=2024-12-05T20:00:00 bytes=999839
2024-12-04,18,26,pressure_surface_hpa,RNO,OK,short_name=sp units=Pa valid=2024-12-05T20:00:00 bytes=837204
2024-12-04,18,23,pressure_msl_lead_minus3_hpa,RNO,OK,short_name=prmsl units=Pa valid=2024-12-05T17:00:00 bytes=1001641
2024-11-26,18,26,pressure_msl_hpa,RNO,OK,short_name=prmsl units=Pa valid=2024-11-27T20:00:00 bytes=1003082
2024-11-26,18,26,pressure_surface_hpa,RNO,OK,short_name=sp units=Pa valid=2024-11-27T20:00:00 bytes=838764
2024-11-26,18,23,pressure_msl_lead_minus3_hpa,RNO,OK,short_name=prmsl units=Pa valid=2024-11-27T17:00:00 bytes=1002822
2024-10-11,18,26,pressure_msl_hpa,RNO,OK,short_name=prmsl units=Pa valid=2024-10-12T20:00:00 bytes=1004625
2024-10-11,18,26,pressure_surface_hpa,RNO,OK,short_name=sp units=Pa valid=2024-10-12T20:00:00 bytes=837593
2024-10-11,18,23,pressure_msl_lead_minus3_hpa,RNO,OK,short_name=prmsl units=Pa valid=2024-10-12T17:00:00 bytes=1005393
2024-12-28,18,26,pressure_msl_hpa,RNO,OK,short_name=prmsl units=Pa valid=2024-12-29T20:00:00 bytes=993292
2024-12-28,18,26,pressure_surface_hpa,RNO,OK,short_name=sp units=Pa valid=2024-12-29T20:00:00 bytes=832065
2024-12-28,18,23,pressure_msl_lead_minus3_hpa,RNO,OK,short_name=prmsl units=Pa valid=2024-12-29T17:00:00 bytes=1000335
2024-12-01,18,26,pressure_msl_hpa,RNO,OK,short_name=prmsl units=Pa valid=2024-12-02T20:00:00 bytes=999224
2024-12-01,18,26,pressure_surface_hpa,RNO,OK,short_name=sp units=Pa valid=2024-12-02T20:00:00 bytes=840691
2024-12-01,18,23,pressure_msl_lead_minus3_hpa,RNO,OK,short_name=prmsl units=Pa valid=2024-12-02T17:00:00 bytes=1039861
2024-11-12,18,26,pressure_msl_hpa,RNO,OK,short_name=prmsl units=Pa valid=2024-11-13T20:00:00 bytes=1036516
2024-11-12,18,26,pressure_surface_hpa,RNO,OK,short_name=sp units=Pa valid=2024-11-13T20:00:00 bytes=837139
2024-11-12,18,23,pressure_msl_lead_minus3_hpa,RNO,OK,short_name=prmsl units=Pa valid=2024-11-13T17:00:00 bytes=1035217
2024-12-07,18,26,pressure_msl_hpa,RNO,OK,short_name=prmsl units=Pa valid=2024-12-08T20:00:00 bytes=999509
2024-12-07,18,26,pressure_surface_hpa,RNO,OK,short_name=sp units=Pa valid=2024-12-08T20:00:00 bytes=839989
2024-12-07,18,23,pressure_msl_lead_minus3_hpa,RNO,OK,short_name=prmsl units=Pa valid=2024-12-08T17:00:00 bytes=1000386
2024-12-27,18,26,pressure_msl_hpa,RNO,OK,short_name=prmsl units=Pa valid=2024-12-28T20:00:00 bytes=1006439
2024-12-27,18,26,pressure_surface_hpa,RNO,OK,short_name=sp units=Pa valid=2024-12-28T20:00:00 bytes=839793
2024-12-27,18,23,pressure_msl_lead_minus3_hpa,RNO,OK,short_name=prmsl units=Pa valid=2024-12-28T17:00:00 bytes=1006830
2024-12-06,18,26,pressure_msl_hpa,RNO,OK,short_name=prmsl units=Pa valid=2024-12-07T20:00:00 bytes=995677
2024-12-06,18,26,pressure_surface_hpa,RNO,OK,short_name=sp units=Pa valid=2024-12-07T20:00:00 bytes=838860
2024-12-06,18,23,pressure_msl_lead_minus3_hpa,RNO,OK,short_name=prmsl units=Pa valid=2024-12-07T17:00:00 bytes=997223
2024-12-19,18,26,pressure_msl_hpa,RNO,OK,short_name=prmsl units=Pa valid=2024-12-20T20:00:00 bytes=1001056
2024-12-19,18,26,pressure_surface_hpa,RNO,OK,short_name=sp units=Pa valid=2024-12-20T20:00:00 bytes=841738
2024-12-19,18,23,pressure_msl_lead_minus3_hpa,RNO,OK,short_name=prmsl units=Pa valid=2024-12-20T17:00:00 bytes=1003364
2024-12-23,18,26,pressure_msl_hpa,RNO,OK,short_name=prmsl units=Pa valid=2024-12-24T20:00:00 bytes=872971
2024-12-23,18,26,pressure_surface_hpa,RNO,OK,short_name=sp units=Pa valid=2024-12-24T20:00:00 bytes=836742
2024-12-23,18,23,pressure_msl_lead_minus3_hpa,RNO,OK,short_name=prmsl units=Pa valid=2024-12-24T17:00:00 bytes=997626
2024-12-25,18,26,pressure_msl_hpa,RNO,OK,short_name=prmsl units=Pa valid=2024-12-26T20:00:00 bytes=998424
2024-12-25,18,26,pressure_surface_hpa,RNO,OK,short_name=sp units=Pa valid=2024-12-26T20:00:00 bytes=835515
2024-12-25,18,23,pressure_msl_lead_minus3_hpa,RNO,OK,short_name=prmsl units=Pa valid=2024-12-26T17:00:00 bytes=995119
2024-11-23,18,26,pressure_msl_hpa,RNO,OK,short_name=prmsl units=Pa valid=2024-11-24T20:00:00 bytes=872269
2024-11-23,18,26,pressure_surface_hpa,RNO,OK,short_name=sp units=Pa valid=2024-11-24T20:00:00 bytes=833141
2024-11-23,18,23,pressure_msl_lead_minus3_hpa,RNO,OK,short_name=prmsl units=Pa valid=2024-11-24T17:00:00 bytes=1005241
2024-11-27,18,26,pressure_msl_hpa,RNO,OK,short_name=prmsl units=Pa valid=2024-11-28T20:00:00 bytes=1002330
2024-11-27,18,26,pressure_surface_hpa,RNO,OK,short_name=sp units=Pa valid=2024-11-28T20:00:00 bytes=838874
2024-11-27,18,23,pressure_msl_lead_minus3_hpa,RNO,OK,short_name=prmsl units=Pa valid=2024-11-28T17:00:00 bytes=1003012
2024-12-13,18,26,pressure_msl_hpa,RNO,OK,short_name=prmsl units=Pa valid=2024-12-14T20:00:00 bytes=883629
2024-12-13,18,26,pressure_surface_hpa,RNO,OK,short_name=sp units=Pa valid=2024-12-14T20:00:00 bytes=840764
2024-12-13,18,23,pressure_msl_lead_minus3_hpa,RNO,OK,short_name=prmsl units=Pa valid=2024-12-14T17:00:00 bytes=1008564
2024-12-20,18,26,pressure_msl_hpa,RNO,OK,short_name=prmsl units=Pa valid=2024-12-21T20:00:00 bytes=995159
2024-12-20,18,26,pressure_surface_hpa,RNO,OK,short_name=sp units=Pa valid=2024-12-21T20:00:00 bytes=837779
2024-12-20,18,23,pressure_msl_lead_minus3_hpa,RNO,OK,short_name=prmsl units=Pa valid=2024-12-21T17:00:00 bytes=995770
2024-12-10,18,26,pressure_msl_hpa,RNO,OK,short_name=prmsl units=Pa valid=2024-12-11T20:00:00 bytes=997572
2024-12-10,18,26,pressure_surface_hpa,RNO,OK,short_name=sp units=Pa valid=2024-12-11T20:00:00 bytes=836748
2024-12-10,18,23,pressure_msl_lead_minus3_hpa,RNO,OK,short_name=prmsl units=Pa valid=2024-12-11T17:00:00 bytes=998766
2024-12-03,18,26,pressure_msl_hpa,RNO,OK,short_name=prmsl units=Pa valid=2024-12-04T20:00:00 bytes=998373
2024-12-03,18,26,pressure_surface_hpa,RNO,OK,short_name=sp units=Pa valid=2024-12-04T20:00:00 bytes=837371
2024-12-03,18,23,pressure_msl_lead_minus3_hpa,RNO,OK,short_name=prmsl units=Pa valid=2024-12-04T17:00:00 bytes=1002100
2024-10-24,18,26,pressure_msl_hpa,RNO,OK,short_name=prmsl units=Pa valid=2024-10-25T20:00:00 bytes=1001987
2024-10-24,18,26,pressure_surface_hpa,RNO,OK,short_name=sp units=Pa valid=2024-10-25T20:00:00 bytes=842268
2024-10-24,18,23,pressure_msl_lead_minus3_hpa,RNO,OK,short_name=prmsl units=Pa valid=2024-10-25T17:00:00 bytes=1007630
2024-12-18,18,26,pressure_msl_hpa,RNO,OK,short_name=prmsl units=Pa valid=2024-12-19T20:00:00 bytes=1006690
2024-12-18,18,26,pressure_surface_hpa,RNO,OK,short_name=sp units=Pa valid=2024-12-19T20:00:00 bytes=842085
2024-12-18,18,23,pressure_msl_lead_minus3_hpa,RNO,OK,short_name=prmsl units=Pa valid=2024-12-19T17:00:00 bytes=1007186
2024-12-21,18,26,pressure_msl_hpa,RNO,OK,short_name=prmsl units=Pa valid=2024-12-22T20:00:00 bytes=996775
2024-12-21,18,26,pressure_surface_hpa,RNO,OK,short_name=sp units=Pa valid=2024-12-22T20:00:00 bytes=837329
2024-12-21,18,23,pressure_msl_lead_minus3_hpa,RNO,OK,short_name=prmsl units=Pa valid=2024-12-22T17:00:00 bytes=996540
2025-01-08,18,26,pressure_msl_hpa,RNO,OK,short_name=prmsl units=Pa valid=2025-01-09T20:00:00 bytes=882075
2025-01-08,18,26,pressure_surface_hpa,RNO,OK,short_name=sp units=Pa valid=2025-01-09T20:00:00 bytes=841755
2025-01-08,18,23,pressure_msl_lead_minus3_hpa,RNO,OK,short_name=prmsl units=Pa valid=2025-01-09T17:00:00 bytes=884149
2024-11-16,18,26,pressure_msl_hpa,RNO,OK,short_name=prmsl units=Pa valid=2024-11-17T20:00:00 bytes=998180
2024-11-16,18,26,pressure_surface_hpa,RNO,OK,short_name=sp units=Pa valid=2024-11-17T20:00:00 bytes=837511
2024-11-16,18,23,pressure_msl_lead_minus3_hpa,RNO,OK,short_name=prmsl units=Pa valid=2024-11-17T17:00:00 bytes=999463
2025-01-13,18,26,pressure_msl_hpa,RNO,OK,short_name=prmsl units=Pa valid=2025-01-14T20:00:00 bytes=880278
2025-01-13,18,26,pressure_surface_hpa,RNO,OK,short_name=sp units=Pa valid=2025-01-14T20:00:00 bytes=839452
2025-01-13,18,23,pressure_msl_lead_minus3_hpa,RNO,OK,short_name=prmsl units=Pa valid=2025-01-14T17:00:00 bytes=1009431
2024-12-22,18,26,pressure_msl_hpa,RNO,OK,short_name=prmsl units=Pa valid=2024-12-23T20:00:00 bytes=1000501
2024-12-22,18,26,pressure_surface_hpa,RNO,OK,short_name=sp units=Pa valid=2024-12-23T20:00:00 bytes=840754
2024-12-22,18,23,pressure_msl_lead_minus3_hpa,RNO,OK,short_name=prmsl units=Pa valid=2024-12-23T17:00:00 bytes=1000726
2024-12-24,18,26,pressure_msl_hpa,RNO,OK,short_name=prmsl units=Pa valid=2024-12-25T20:00:00 bytes=870656
2024-12-24,18,26,pressure_surface_hpa,RNO,OK,short_name=sp units=Pa valid=2024-12-25T20:00:00 bytes=835377
2024-12-24,18,23,pressure_msl_lead_minus3_hpa,RNO,OK,short_name=prmsl units=Pa valid=2024-12-25T17:00:00 bytes=876998
2025-01-01,18,26,pressure_msl_hpa,RNO,OK,short_name=prmsl units=Pa valid=2025-01-02T20:00:00 bytes=998764
2025-01-01,18,26,pressure_surface_hpa,RNO,OK,short_name=sp units=Pa valid=2025-01-02T20:00:00 bytes=836493
2025-01-01,18,23,pressure_msl_lead_minus3_hpa,RNO,OK,short_name=prmsl units=Pa valid=2025-01-02T17:00:00 bytes=999009
2025-01-11,18,26,pressure_msl_hpa,RNO,OK,short_name=prmsl units=Pa valid=2025-01-12T20:00:00 bytes=880886
2025-01-11,18,26,pressure_surface_hpa,RNO,OK,short_name=sp units=Pa valid=2025-01-12T20:00:00 bytes=841976
2025-01-11,18,23,pressure_msl_lead_minus3_hpa,RNO,OK,short_name=prmsl units=Pa valid=2025-01-12T17:00:00 bytes=882379
2025-01-18,18,26,pressure_msl_hpa,RNO,OK,short_name=prmsl units=Pa valid=2025-01-19T20:00:00 bytes=1041522
2025-01-18,18,26,pressure_surface_hpa,RNO,OK,short_name=sp units=Pa valid=2025-01-19T20:00:00 bytes=836705
2025-01-18,18,23,pressure_msl_lead_minus3_hpa,RNO,OK,short_name=prmsl units=Pa valid=2025-01-19T17:00:00 bytes=1038748
2025-01-20,18,26,pressure_msl_hpa,RNO,OK,short_name=prmsl units=Pa valid=2025-01-21T20:00:00 bytes=1005400
2025-01-20,18,26,pressure_surface_hpa,RNO,OK,short_name=sp units=Pa valid=2025-01-21T20:00:00 bytes=838266
2025-01-20,18,23,pressure_msl_lead_minus3_hpa,RNO,OK,short_name=prmsl units=Pa valid=2025-01-21T17:00:00 bytes=1006817
2024-12-31,18,26,pressure_msl_hpa,RNO,OK,short_name=prmsl units=Pa valid=2025-01-01T20:00:00 bytes=993434
2024-12-31,18,26,pressure_surface_hpa,RNO,OK,short_name=sp units=Pa valid=2025-01-01T20:00:00 bytes=833081
2024-12-31,18,23,pressure_msl_lead_minus3_hpa,RNO,OK,short_name=prmsl units=Pa valid=2025-01-01T17:00:00 bytes=992476
2025-01-03,18,26,pressure_msl_hpa,RNO,OK,short_name=prmsl units=Pa valid=2025-01-04T20:00:00 bytes=1041434
2025-01-03,18,26,pressure_surface_hpa,RNO,OK,short_name=sp units=Pa valid=2025-01-04T20:00:00 bytes=835374
2025-01-03,18,23,pressure_msl_lead_minus3_hpa,RNO,OK,short_name=prmsl units=Pa valid=2025-01-04T17:00:00 bytes=1040273
2025-01-05,18,26,pressure_msl_hpa,RNO,OK,short_name=prmsl units=Pa valid=2025-01-06T20:00:00 bytes=1010438
2025-01-05,18,26,pressure_surface_hpa,RNO,OK,short_name=sp units=Pa valid=2025-01-06T20:00:00 bytes=838871
2025-01-05,18,23,pressure_msl_lead_minus3_hpa,RNO,OK,short_name=prmsl units=Pa valid=2025-01-06T17:00:00 bytes=1005348
2025-01-07,18,26,pressure_msl_hpa,RNO,OK,short_name=prmsl units=Pa valid=2025-01-08T20:00:00 bytes=1008464
2025-01-07,18,26,pressure_surface_hpa,RNO,OK,short_name=sp units=Pa valid=2025-01-08T20:00:00 bytes=842515
2025-01-07,18,23,pressure_msl_lead_minus3_hpa,RNO,OK,short_name=prmsl units=Pa valid=2025-01-08T17:00:00 bytes=1009124
2025-01-09,18,26,pressure_msl_hpa,RNO,OK,short_name=prmsl units=Pa valid=2025-01-10T20:00:00 bytes=885626
2025-01-09,18,26,pressure_surface_hpa,RNO,OK,short_name=sp units=Pa valid=2025-01-10T20:00:00 bytes=846096
2025-01-09,18,23,pressure_msl_lead_minus3_hpa,RNO,OK,short_name=prmsl units=Pa valid=2025-01-10T17:00:00 bytes=1010006
2025-02-01,18,26,pressure_msl_hpa,RNO,OK,short_name=prmsl units=Pa valid=2025-02-02T20:00:00 bytes=885010
2025-02-01,18,26,pressure_surface_hpa,RNO,OK,short_name=sp units=Pa valid=2025-02-02T20:00:00 bytes=846118
2025-02-01,18,23,pressure_msl_lead_minus3_hpa,RNO,OK,short_name=prmsl units=Pa valid=2025-02-02T17:00:00 bytes=1015528
2025-01-15,18,26,pressure_msl_hpa,RNO,OK,short_name=prmsl units=Pa valid=2025-01-16T20:00:00 bytes=994876
2025-01-15,18,26,pressure_surface_hpa,RNO,OK,short_name=sp units=Pa valid=2025-01-16T20:00:00 bytes=837214
2025-01-15,18,23,pressure_msl_lead_minus3_hpa,RNO,OK,short_name=prmsl units=Pa valid=2025-01-16T17:00:00 bytes=996422
2024-12-30,18,26,pressure_msl_hpa,RNO,OK,short_name=prmsl units=Pa valid=2024-12-31T20:00:00 bytes=993803
2024-12-30,18,26,pressure_surface_hpa,RNO,OK,short_name=sp units=Pa valid=2024-12-31T20:00:00 bytes=832643
2024-12-30,18,23,pressure_msl_lead_minus3_hpa,RNO,OK,short_name=prmsl units=Pa valid=2024-12-31T17:00:00 bytes=994602
2025-01-27,18,26,pressure_msl_hpa,RNO,OK,short_name=prmsl units=Pa valid=2025-01-28T20:00:00 bytes=1004050
2025-01-27,18,26,pressure_surface_hpa,RNO,OK,short_name=sp units=Pa valid=2025-01-28T20:00:00 bytes=839932
2025-01-27,18,23,pressure_msl_lead_minus3_hpa,RNO,OK,short_name=prmsl units=Pa valid=2025-01-28T17:00:00 bytes=1010791
2025-01-04,18,26,pressure_msl_hpa,RNO,OK,short_name=prmsl units=Pa valid=2025-01-05T20:00:00 bytes=1000762
2025-01-04,18,26,pressure_surface_hpa,RNO,OK,short_name=sp units=Pa valid=2025-01-05T20:00:00 bytes=837130
2025-01-04,18,23,pressure_msl_lead_minus3_hpa,RNO,OK,short_name=prmsl units=Pa valid=2025-01-05T17:00:00 bytes=1002740
2025-01-14,18,26,pressure_msl_hpa,RNO,OK,short_name=prmsl units=Pa valid=2025-01-15T20:00:00 bytes=874967
2025-01-14,18,26,pressure_surface_hpa,RNO,OK,short_name=sp units=Pa valid=2025-01-15T20:00:00 bytes=838696
2025-01-14,18,23,pressure_msl_lead_minus3_hpa,RNO,OK,short_name=prmsl units=Pa valid=2025-01-15T17:00:00 bytes=875702
2025-01-23,18,26,pressure_msl_hpa,RNO,OK,short_name=prmsl units=Pa valid=2025-01-24T20:00:00 bytes=880982
2025-01-23,18,26,pressure_surface_hpa,RNO,OK,short_name=sp units=Pa valid=2025-01-24T20:00:00 bytes=838013
2025-01-23,18,23,pressure_msl_lead_minus3_hpa,RNO,OK,short_name=prmsl units=Pa valid=2025-01-24T17:00:00 bytes=882804
2024-12-17,18,26,pressure_msl_hpa,RNO,OK,short_name=prmsl units=Pa valid=2024-12-18T20:00:00 bytes=1007353
2024-12-17,18,26,pressure_surface_hpa,RNO,OK,short_name=sp units=Pa valid=2024-12-18T20:00:00 bytes=841009
2024-12-17,18,23,pressure_msl_lead_minus3_hpa,RNO,OK,short_name=prmsl units=Pa valid=2024-12-18T17:00:00 bytes=1009254
2025-02-02,18,26,pressure_msl_hpa,RNO,OK,short_name=prmsl units=Pa valid=2025-02-03T20:00:00 bytes=885991
2025-02-02,18,26,pressure_surface_hpa,RNO,OK,short_name=sp units=Pa valid=2025-02-03T20:00:00 bytes=842174
2025-02-02,18,23,pressure_msl_lead_minus3_hpa,RNO,OK,short_name=prmsl units=Pa valid=2025-02-03T17:00:00 bytes=887963
2025-01-02,18,26,pressure_msl_hpa,RNO,OK,short_name=prmsl units=Pa valid=2025-01-03T20:00:00 bytes=993713
2025-01-02,18,26,pressure_surface_hpa,RNO,OK,short_name=sp units=Pa valid=2025-01-03T20:00:00 bytes=831834
2025-01-02,18,23,pressure_msl_lead_minus3_hpa,RNO,OK,short_name=prmsl units=Pa valid=2025-01-03T17:00:00 bytes=998424
2025-01-16,18,26,pressure_msl_hpa,RNO,OK,short_name=prmsl units=Pa valid=2025-01-17T20:00:00 bytes=1005492
2025-01-16,18,26,pressure_surface_hpa,RNO,OK,short_name=sp units=Pa valid=2025-01-17T20:00:00 bytes=839793
2025-01-16,18,23,pressure_msl_lead_minus3_hpa,RNO,OK,short_name=prmsl units=Pa valid=2025-01-17T17:00:00 bytes=1006167
2025-02-03,18,26,pressure_msl_hpa,RNO,OK,short_name=prmsl units=Pa valid=2025-02-04T20:00:00 bytes=1011799
2025-02-03,18,26,pressure_surface_hpa,RNO,OK,short_name=sp units=Pa valid=2025-02-04T20:00:00 bytes=841597
2025-02-03,18,23,pressure_msl_lead_minus3_hpa,RNO,OK,short_name=prmsl units=Pa valid=2025-02-04T17:00:00 bytes=1013763
2025-01-24,18,26,pressure_msl_hpa,RNO,OK,short_name=prmsl units=Pa valid=2025-01-25T20:00:00 bytes=882022
2025-01-24,18,26,pressure_surface_hpa,RNO,OK,short_name=sp units=Pa valid=2025-01-25T20:00:00 bytes=836955
2025-01-24,18,23,pressure_msl_lead_minus3_hpa,RNO,OK,short_name=prmsl units=Pa valid=2025-01-25T17:00:00 bytes=884192
2025-01-06,18,26,pressure_msl_hpa,RNO,OK,short_name=prmsl units=Pa valid=2025-01-07T20:00:00 bytes=882013
2025-01-06,18,26,pressure_surface_hpa,RNO,OK,short_name=sp units=Pa valid=2025-01-07T20:00:00 bytes=842338
2025-01-06,18,23,pressure_msl_lead_minus3_hpa,RNO,OK,short_name=prmsl units=Pa valid=2025-01-07T17:00:00 bytes=1010052
2025-01-12,18,26,pressure_msl_hpa,RNO,OK,short_name=prmsl units=Pa valid=2025-01-13T20:00:00 bytes=877897
2025-01-12,18,26,pressure_surface_hpa,RNO,OK,short_name=sp units=Pa valid=2025-01-13T20:00:00 bytes=841342
2025-01-12,18,23,pressure_msl_lead_minus3_hpa,RNO,OK,short_name=prmsl units=Pa valid=2025-01-13T17:00:00 bytes=879903
2025-01-19,18,26,pressure_msl_hpa,RNO,OK,short_name=prmsl units=Pa valid=2025-01-20T20:00:00 bytes=1041040
2025-01-19,18,26,pressure_surface_hpa,RNO,OK,short_name=sp units=Pa valid=2025-01-20T20:00:00 bytes=840787
2025-01-19,18,23,pressure_msl_lead_minus3_hpa,RNO,OK,short_name=prmsl units=Pa valid=2025-01-20T17:00:00 bytes=1041947
2024-12-26,18,26,pressure_msl_hpa,RNO,OK,short_name=prmsl units=Pa valid=2024-12-27T20:00:00 bytes=1004760
2024-12-26,18,26,pressure_surface_hpa,RNO,OK,short_name=sp units=Pa valid=2024-12-27T20:00:00 bytes=837578
2024-12-26,18,23,pressure_msl_lead_minus3_hpa,RNO,OK,short_name=prmsl units=Pa valid=2024-12-27T17:00:00 bytes=997858
2025-01-26,18,26,pressure_msl_hpa,RNO,OK,short_name=prmsl units=Pa valid=2025-01-27T20:00:00 bytes=1016246
2025-01-26,18,26,pressure_surface_hpa,RNO,OK,short_name=sp units=Pa valid=2025-01-27T20:00:00 bytes=840999
2025-01-26,18,23,pressure_msl_lead_minus3_hpa,RNO,OK,short_name=prmsl units=Pa valid=2025-01-27T17:00:00 bytes=1017518
2024-12-14,18,26,pressure_msl_hpa,RNO,OK,short_name=prmsl units=Pa valid=2024-12-15T20:00:00 bytes=1010817
2024-12-14,18,26,pressure_surface_hpa,RNO,OK,short_name=sp units=Pa valid=2024-12-15T20:00:00 bytes=844071
2024-12-14,18,23,pressure_msl_lead_minus3_hpa,RNO,OK,short_name=prmsl units=Pa valid=2024-12-15T17:00:00 bytes=1011606
2025-01-10,18,26,pressure_msl_hpa,RNO,OK,short_name=prmsl units=Pa valid=2025-01-11T20:00:00 bytes=1013575
2025-01-10,18,26,pressure_surface_hpa,RNO,OK,short_name=sp units=Pa valid=2025-01-11T20:00:00 bytes=843469
2025-01-10,18,23,pressure_msl_lead_minus3_hpa,RNO,OK,short_name=prmsl units=Pa valid=2025-01-11T17:00:00 bytes=1008195
2025-02-13,18,26,pressure_msl_hpa,RNO,OK,short_name=prmsl units=Pa valid=2025-02-14T20:00:00 bytes=892963
2025-02-13,18,26,pressure_surface_hpa,RNO,OK,short_name=sp units=Pa valid=2025-02-14T20:00:00 bytes=846730
2025-02-13,18,23,pressure_msl_lead_minus3_hpa,RNO,OK,short_name=prmsl units=Pa valid=2025-02-14T17:00:00 bytes=893719
2025-01-28,18,26,pressure_msl_hpa,RNO,OK,short_name=prmsl units=Pa valid=2025-01-29T20:00:00 bytes=1003787
2025-01-28,18,26,pressure_surface_hpa,RNO,OK,short_name=sp units=Pa valid=2025-01-29T20:00:00 bytes=839636
2025-01-28,18,23,pressure_msl_lead_minus3_hpa,RNO,OK,short_name=prmsl units=Pa valid=2025-01-29T17:00:00 bytes=1004229
2025-01-22,18,26,pressure_msl_hpa,RNO,OK,short_name=prmsl units=Pa valid=2025-01-23T20:00:00 bytes=871225
2025-01-22,18,26,pressure_surface_hpa,RNO,OK,short_name=sp units=Pa valid=2025-01-23T20:00:00 bytes=832193
2025-01-22,18,23,pressure_msl_lead_minus3_hpa,RNO,OK,short_name=prmsl units=Pa valid=2025-01-23T17:00:00 bytes=996910
2025-01-21,18,26,pressure_msl_hpa,RNO,OK,short_name=prmsl units=Pa valid=2025-01-22T20:00:00 bytes=1005627
2025-01-21,18,26,pressure_surface_hpa,RNO,OK,short_name=sp units=Pa valid=2025-01-22T20:00:00 bytes=837764
2025-01-21,18,23,pressure_msl_lead_minus3_hpa,RNO,OK,short_name=prmsl units=Pa valid=2025-01-22T17:00:00 bytes=1008095
2025-01-17,18,26,pressure_msl_hpa,RNO,OK,short_name=prmsl units=Pa valid=2025-01-18T20:00:00 bytes=1038743
2025-01-17,18,26,pressure_surface_hpa,RNO,OK,short_name=sp units=Pa valid=2025-01-18T20:00:00 bytes=835038
2025-01-17,18,23,pressure_msl_lead_minus3_hpa,RNO,OK,short_name=prmsl units=Pa valid=2025-01-18T17:00:00 bytes=1000352
2025-01-30,18,26,pressure_msl_hpa,RNO,OK,short_name=prmsl units=Pa valid=2025-01-31T20:00:00 bytes=1004879
2025-01-30,18,26,pressure_surface_hpa,RNO,OK,short_name=sp units=Pa valid=2025-01-31T20:00:00 bytes=841530
2025-01-30,18,23,pressure_msl_lead_minus3_hpa,RNO,OK,short_name=prmsl units=Pa valid=2025-01-31T17:00:00 bytes=1005270
2025-02-25,18,26,pressure_msl_hpa,RNO,OK,short_name=prmsl units=Pa valid=2025-02-26T20:00:00 bytes=1016017
2025-02-25,18,26,pressure_surface_hpa,RNO,OK,short_name=sp units=Pa valid=2025-02-26T20:00:00 bytes=839137
2025-02-25,18,23,pressure_msl_lead_minus3_hpa,RNO,OK,short_name=prmsl units=Pa valid=2025-02-26T17:00:00 bytes=1011950
2025-02-16,18,26,pressure_msl_hpa,RNO,OK,short_name=prmsl units=Pa valid=2025-02-17T20:00:00 bytes=887000
2025-02-16,18,26,pressure_surface_hpa,RNO,OK,short_name=sp units=Pa valid=2025-02-17T20:00:00 bytes=835817
2025-02-16,18,23,pressure_msl_lead_minus3_hpa,RNO,OK,short_name=prmsl units=Pa valid=2025-02-17T17:00:00 bytes=883962
2025-03-04,18,26,pressure_msl_hpa,RNO,OK,short_name=prmsl units=Pa valid=2025-03-05T20:00:00 bytes=883791
2025-03-04,18,26,pressure_surface_hpa,RNO,OK,short_name=sp units=Pa valid=2025-03-05T20:00:00 bytes=837009
2025-03-04,18,23,pressure_msl_lead_minus3_hpa,RNO,OK,short_name=prmsl units=Pa valid=2025-03-05T17:00:00 bytes=889382
2025-02-05,18,26,pressure_msl_hpa,RNO,OK,short_name=prmsl units=Pa valid=2025-02-06T20:00:00 bytes=1017691
2025-02-05,18,26,pressure_surface_hpa,RNO,OK,short_name=sp units=Pa valid=2025-02-06T20:00:00 bytes=841435
2025-02-05,18,23,pressure_msl_lead_minus3_hpa,RNO,OK,short_name=prmsl units=Pa valid=2025-02-06T17:00:00 bytes=1017520
2025-02-15,18,26,pressure_msl_hpa,RNO,OK,short_name=prmsl units=Pa valid=2025-02-16T20:00:00 bytes=1011981
2025-02-15,18,26,pressure_surface_hpa,RNO,OK,short_name=sp units=Pa valid=2025-02-16T20:00:00 bytes=840098
2025-02-15,18,23,pressure_msl_lead_minus3_hpa,RNO,OK,short_name=prmsl units=Pa valid=2025-02-16T17:00:00 bytes=1013294
2025-02-06,18,26,pressure_msl_hpa,RNO,OK,short_name=prmsl units=Pa valid=2025-02-07T20:00:00 bytes=885140
2025-02-06,18,26,pressure_surface_hpa,RNO,OK,short_name=sp units=Pa valid=2025-02-07T20:00:00 bytes=841481
2025-02-06,18,23,pressure_msl_lead_minus3_hpa,RNO,OK,short_name=prmsl units=Pa valid=2025-02-07T17:00:00 bytes=885827
2025-02-12,18,26,pressure_msl_hpa,RNO,OK,short_name=prmsl units=Pa valid=2025-02-13T20:00:00 bytes=896459
2025-02-12,18,26,pressure_surface_hpa,RNO,OK,short_name=sp units=Pa valid=2025-02-13T20:00:00 bytes=849717
2025-02-12,18,23,pressure_msl_lead_minus3_hpa,RNO,OK,short_name=prmsl units=Pa valid=2025-02-13T17:00:00 bytes=901086
2025-02-19,18,26,pressure_msl_hpa,RNO,OK,short_name=prmsl units=Pa valid=2025-02-20T20:00:00 bytes=1007853
2025-02-19,18,26,pressure_surface_hpa,RNO,OK,short_name=sp units=Pa valid=2025-02-20T20:00:00 bytes=838498
2025-02-19,18,23,pressure_msl_lead_minus3_hpa,RNO,OK,short_name=prmsl units=Pa valid=2025-02-20T17:00:00 bytes=1010520
2025-03-08,18,26,pressure_msl_hpa,RNO,OK,short_name=prmsl units=Pa valid=2025-03-09T20:00:00 bytes=1007962
2025-03-08,18,26,pressure_surface_hpa,RNO,OK,short_name=sp units=Pa valid=2025-03-09T20:00:00 bytes=837160
2025-03-08,18,23,pressure_msl_lead_minus3_hpa,RNO,OK,short_name=prmsl units=Pa valid=2025-03-09T17:00:00 bytes=1010050
2025-02-17,18,26,pressure_msl_hpa,RNO,OK,short_name=prmsl units=Pa valid=2025-02-18T20:00:00 bytes=1005859
2025-02-17,18,26,pressure_surface_hpa,RNO,OK,short_name=sp units=Pa valid=2025-02-18T20:00:00 bytes=838555
2025-02-17,18,23,pressure_msl_lead_minus3_hpa,RNO,OK,short_name=prmsl units=Pa valid=2025-02-18T17:00:00 bytes=1005182
2025-02-23,18,26,pressure_msl_hpa,RNO,OK,short_name=prmsl units=Pa valid=2025-02-24T20:00:00 bytes=1003560
2025-02-23,18,26,pressure_surface_hpa,RNO,OK,short_name=sp units=Pa valid=2025-02-24T20:00:00 bytes=836704
2025-02-23,18,23,pressure_msl_lead_minus3_hpa,RNO,OK,short_name=prmsl units=Pa valid=2025-02-24T17:00:00 bytes=1006709
2025-01-25,18,26,pressure_msl_hpa,RNO,OK,short_name=prmsl units=Pa valid=2025-01-26T20:00:00 bytes=878210
2025-01-25,18,26,pressure_surface_hpa,RNO,OK,short_name=sp units=Pa valid=2025-01-26T20:00:00 bytes=836126
2025-01-25,18,23,pressure_msl_lead_minus3_hpa,RNO,OK,short_name=prmsl units=Pa valid=2025-01-26T17:00:00 bytes=879803
2025-02-04,18,26,pressure_msl_hpa,RNO,OK,short_name=prmsl units=Pa valid=2025-02-05T20:00:00 bytes=1011272
2025-02-04,18,26,pressure_surface_hpa,RNO,OK,short_name=sp units=Pa valid=2025-02-05T20:00:00 bytes=841589
2025-02-04,18,23,pressure_msl_lead_minus3_hpa,RNO,OK,short_name=prmsl units=Pa valid=2025-02-05T17:00:00 bytes=1011954
2025-03-05,18,26,pressure_msl_hpa,RNO,OK,short_name=prmsl units=Pa valid=2025-03-06T20:00:00 bytes=1004911
2025-03-05,18,26,pressure_surface_hpa,RNO,OK,short_name=sp units=Pa valid=2025-03-06T20:00:00 bytes=835837
2025-03-05,18,23,pressure_msl_lead_minus3_hpa,RNO,OK,short_name=prmsl units=Pa valid=2025-03-06T17:00:00 bytes=1006371
2025-03-11,18,26,pressure_msl_hpa,RNO,OK,short_name=prmsl units=Pa valid=2025-03-12T20:00:00 bytes=1009349
2025-03-11,18,26,pressure_surface_hpa,RNO,OK,short_name=sp units=Pa valid=2025-03-12T20:00:00 bytes=836718
2025-03-11,18,23,pressure_msl_lead_minus3_hpa,RNO,OK,short_name=prmsl units=Pa valid=2025-03-12T17:00:00 bytes=1009597
2024-12-29,18,26,pressure_msl_hpa,RNO,OK,short_name=prmsl units=Pa valid=2024-12-30T20:00:00 bytes=997285
2024-12-29,18,26,pressure_surface_hpa,RNO,OK,short_name=sp units=Pa valid=2024-12-30T20:00:00 bytes=834248
2024-12-29,18,23,pressure_msl_lead_minus3_hpa,RNO,OK,short_name=prmsl units=Pa valid=2024-12-30T17:00:00 bytes=998689
2025-02-27,18,26,pressure_msl_hpa,RNO,OK,short_name=prmsl units=Pa valid=2025-02-28T20:00:00 bytes=1008765
2025-02-27,18,26,pressure_surface_hpa,RNO,OK,short_name=sp units=Pa valid=2025-02-28T20:00:00 bytes=838476
2025-02-27,18,23,pressure_msl_lead_minus3_hpa,RNO,OK,short_name=prmsl units=Pa valid=2025-02-28T17:00:00 bytes=1006468
2025-02-08,18,26,pressure_msl_hpa,RNO,OK,short_name=prmsl units=Pa valid=2025-02-09T20:00:00 bytes=1010151
2025-02-08,18,26,pressure_surface_hpa,RNO,OK,short_name=sp units=Pa valid=2025-02-09T20:00:00 bytes=842638
2025-02-08,18,23,pressure_msl_lead_minus3_hpa,RNO,OK,short_name=prmsl units=Pa valid=2025-02-09T17:00:00 bytes=1012271
2025-02-09,18,26,pressure_msl_hpa,RNO,OK,short_name=prmsl units=Pa valid=2025-02-10T20:00:00 bytes=1008648
2025-02-09,18,26,pressure_surface_hpa,RNO,OK,short_name=sp units=Pa valid=2025-02-10T20:00:00 bytes=843749
2025-02-09,18,23,pressure_msl_lead_minus3_hpa,RNO,OK,short_name=prmsl units=Pa valid=2025-02-10T17:00:00 bytes=1007801
2025-01-31,18,26,pressure_msl_hpa,RNO,OK,short_name=prmsl units=Pa valid=2025-02-01T20:00:00 bytes=1009066
2025-01-31,18,26,pressure_surface_hpa,RNO,OK,short_name=sp units=Pa valid=2025-02-01T20:00:00 bytes=841114
2025-01-31,18,23,pressure_msl_lead_minus3_hpa,RNO,OK,short_name=prmsl units=Pa valid=2025-02-01T17:00:00 bytes=1007028
2025-03-10,18,26,pressure_msl_hpa,RNO,OK,short_name=prmsl units=Pa valid=2025-03-11T20:00:00 bytes=1007126
2025-03-10,18,26,pressure_surface_hpa,RNO,OK,short_name=sp units=Pa valid=2025-03-11T20:00:00 bytes=838218
2025-03-10,18,23,pressure_msl_lead_minus3_hpa,RNO,OK,short_name=prmsl units=Pa valid=2025-03-11T17:00:00 bytes=1007773
2025-02-21,18,26,pressure_msl_hpa,RNO,OK,short_name=prmsl units=Pa valid=2025-02-22T20:00:00 bytes=1017458
2025-02-21,18,26,pressure_surface_hpa,RNO,OK,short_name=sp units=Pa valid=2025-02-22T20:00:00 bytes=839119
2025-02-21,18,23,pressure_msl_lead_minus3_hpa,RNO,OK,short_name=prmsl units=Pa valid=2025-02-22T17:00:00 bytes=1011134
2025-03-14,18,26,pressure_msl_hpa,RNO,OK,short_name=prmsl units=Pa valid=2025-03-15T20:00:00 bytes=883816
2025-03-14,18,26,pressure_surface_hpa,RNO,OK,short_name=sp units=Pa valid=2025-03-15T20:00:00 bytes=837432
2025-03-14,18,23,pressure_msl_lead_minus3_hpa,RNO,OK,short_name=prmsl units=Pa valid=2025-03-15T17:00:00 bytes=1011319
2025-03-09,18,26,pressure_msl_hpa,RNO,OK,short_name=prmsl units=Pa valid=2025-03-10T20:00:00 bytes=1008570
2025-03-09,18,26,pressure_surface_hpa,RNO,OK,short_name=sp units=Pa valid=2025-03-10T20:00:00 bytes=839338
2025-03-09,18,23,pressure_msl_lead_minus3_hpa,RNO,OK,short_name=prmsl units=Pa valid=2025-03-10T17:00:00 bytes=1006186
2025-02-18,18,26,pressure_msl_hpa,RNO,OK,short_name=prmsl units=Pa valid=2025-02-19T20:00:00 bytes=1010127
2025-02-18,18,26,pressure_surface_hpa,RNO,OK,short_name=sp units=Pa valid=2025-02-19T20:00:00 bytes=839909
2025-02-18,18,23,pressure_msl_lead_minus3_hpa,RNO,OK,short_name=prmsl units=Pa valid=2025-02-19T17:00:00 bytes=887032
2025-02-14,18,26,pressure_msl_hpa,RNO,OK,short_name=prmsl units=Pa valid=2025-02-15T20:00:00 bytes=1022021
2025-02-14,18,26,pressure_surface_hpa,RNO,OK,short_name=sp units=Pa valid=2025-02-15T20:00:00 bytes=844204
2025-02-14,18,23,pressure_msl_lead_minus3_hpa,RNO,OK,short_name=prmsl units=Pa valid=2025-02-15T17:00:00 bytes=1020237
2025-03-13,18,26,pressure_msl_hpa,RNO,OK,short_name=prmsl units=Pa valid=2025-03-14T20:00:00 bytes=885525
2025-03-13,18,26,pressure_surface_hpa,RNO,OK,short_name=sp units=Pa valid=2025-03-14T20:00:00 bytes=838277
2025-03-13,18,23,pressure_msl_lead_minus3_hpa,RNO,OK,short_name=prmsl units=Pa valid=2025-03-14T17:00:00 bytes=1010989
2025-02-07,18,26,pressure_msl_hpa,RNO,OK,short_name=prmsl units=Pa valid=2025-02-08T20:00:00 bytes=1011322
2025-02-07,18,26,pressure_surface_hpa,RNO,OK,short_name=sp units=Pa valid=2025-02-08T20:00:00 bytes=844133
2025-02-07,18,23,pressure_msl_lead_minus3_hpa,RNO,OK,short_name=prmsl units=Pa valid=2025-02-08T17:00:00 bytes=1012682
2025-01-29,18,26,pressure_msl_hpa,RNO,OK,short_name=prmsl units=Pa valid=2025-01-30T20:00:00 bytes=1004296
2025-01-29,18,26,pressure_surface_hpa,RNO,OK,short_name=sp units=Pa valid=2025-01-30T20:00:00 bytes=841297
2025-01-29,18,23,pressure_msl_lead_minus3_hpa,RNO,OK,short_name=prmsl units=Pa valid=2025-01-30T17:00:00 bytes=1009125
2025-03-19,18,26,pressure_msl_hpa,RNO,OK,short_name=prmsl units=Pa valid=2025-03-20T20:00:00 bytes=887339
2025-03-19,18,26,pressure_surface_hpa,RNO,OK,short_name=sp units=Pa valid=2025-03-20T20:00:00 bytes=838481
2025-03-19,18,23,pressure_msl_lead_minus3_hpa,RNO,OK,short_name=prmsl units=Pa valid=2025-03-20T17:00:00 bytes=1013380
2025-02-26,18,26,pressure_msl_hpa,RNO,OK,short_name=prmsl units=Pa valid=2025-02-27T20:00:00 bytes=1003013
2025-02-26,18,26,pressure_surface_hpa,RNO,OK,short_name=sp units=Pa valid=2025-02-27T20:00:00 bytes=837705
2025-02-26,18,23,pressure_msl_lead_minus3_hpa,RNO,OK,short_name=prmsl units=Pa valid=2025-02-27T17:00:00 bytes=1004720
2025-02-11,18,26,pressure_msl_hpa,RNO,OK,short_name=prmsl units=Pa valid=2025-02-12T20:00:00 bytes=1017335
2025-02-11,18,26,pressure_surface_hpa,RNO,OK,short_name=sp units=Pa valid=2025-02-12T20:00:00 bytes=845279
2025-02-11,18,23,pressure_msl_lead_minus3_hpa,RNO,OK,short_name=prmsl units=Pa valid=2025-02-12T17:00:00 bytes=1018139
2025-02-28,18,26,pressure_msl_hpa,RNO,OK,short_name=prmsl units=Pa valid=2025-03-01T20:00:00 bytes=883702
2025-02-28,18,26,pressure_surface_hpa,RNO,OK,short_name=sp units=Pa valid=2025-03-01T20:00:00 bytes=837674
2025-02-28,18,23,pressure_msl_lead_minus3_hpa,RNO,OK,short_name=prmsl units=Pa valid=2025-03-01T17:00:00 bytes=1008865
2025-03-15,18,26,pressure_msl_hpa,RNO,OK,short_name=prmsl units=Pa valid=2025-03-16T20:00:00 bytes=888019
2025-03-15,18,26,pressure_surface_hpa,RNO,OK,short_name=sp units=Pa valid=2025-03-16T20:00:00 bytes=840194
2025-03-15,18,23,pressure_msl_lead_minus3_hpa,RNO,OK,short_name=prmsl units=Pa valid=2025-03-16T17:00:00 bytes=891754
2025-04-04,18,26,pressure_msl_hpa,RNO,OK,short_name=prmsl units=Pa valid=2025-04-05T20:00:00 bytes=887973
2025-04-04,18,26,pressure_surface_hpa,RNO,OK,short_name=sp units=Pa valid=2025-04-05T20:00:00 bytes=841150
2025-04-04,18,23,pressure_msl_lead_minus3_hpa,RNO,OK,short_name=prmsl units=Pa valid=2025-04-05T17:00:00 bytes=890935
2025-03-17,18,26,pressure_msl_hpa,RNO,OK,short_name=prmsl units=Pa valid=2025-03-18T20:00:00 bytes=885481
2025-03-17,18,26,pressure_surface_hpa,RNO,OK,short_name=sp units=Pa valid=2025-03-18T20:00:00 bytes=838835
2025-03-17,18,23,pressure_msl_lead_minus3_hpa,RNO,OK,short_name=prmsl units=Pa valid=2025-03-18T17:00:00 bytes=887460
2025-03-01,18,26,pressure_msl_hpa,RNO,OK,short_name=prmsl units=Pa valid=2025-03-02T20:00:00 bytes=1014691
2025-03-01,18,26,pressure_surface_hpa,RNO,OK,short_name=sp units=Pa valid=2025-03-02T20:00:00 bytes=838986
2025-03-01,18,23,pressure_msl_lead_minus3_hpa,RNO,OK,short_name=prmsl units=Pa valid=2025-03-02T17:00:00 bytes=1011144
2025-03-20,18,26,pressure_msl_hpa,RNO,OK,short_name=prmsl units=Pa valid=2025-03-21T20:00:00 bytes=884881
2025-03-20,18,26,pressure_surface_hpa,RNO,OK,short_name=sp units=Pa valid=2025-03-21T20:00:00 bytes=838206
2025-03-20,18,23,pressure_msl_lead_minus3_hpa,RNO,OK,short_name=prmsl units=Pa valid=2025-03-21T17:00:00 bytes=886344
2025-02-20,18,26,pressure_msl_hpa,RNO,OK,short_name=prmsl units=Pa valid=2025-02-21T20:00:00 bytes=1008268
2025-02-20,18,26,pressure_surface_hpa,RNO,OK,short_name=sp units=Pa valid=2025-02-21T20:00:00 bytes=838796
2025-02-20,18,23,pressure_msl_lead_minus3_hpa,RNO,OK,short_name=prmsl units=Pa valid=2025-02-21T17:00:00 bytes=1009445
2025-03-02,18,26,pressure_msl_hpa,RNO,OK,short_name=prmsl units=Pa valid=2025-03-03T20:00:00 bytes=1013720
2025-03-02,18,26,pressure_surface_hpa,RNO,OK,short_name=sp units=Pa valid=2025-03-03T20:00:00 bytes=839724
2025-03-02,18,23,pressure_msl_lead_minus3_hpa,RNO,OK,short_name=prmsl units=Pa valid=2025-03-03T17:00:00 bytes=1012349
2025-03-21,18,26,pressure_msl_hpa,RNO,OK,short_name=prmsl units=Pa valid=2025-03-22T20:00:00 bytes=889011
2025-03-21,18,26,pressure_surface_hpa,RNO,OK,short_name=sp units=Pa valid=2025-03-22T20:00:00 bytes=838425
2025-03-21,18,23,pressure_msl_lead_minus3_hpa,RNO,OK,short_name=prmsl units=Pa valid=2025-03-22T17:00:00 bytes=890629
2025-02-22,18,26,pressure_msl_hpa,RNO,OK,short_name=prmsl units=Pa valid=2025-02-23T20:00:00 bytes=1002901
2025-02-22,18,26,pressure_surface_hpa,RNO,OK,short_name=sp units=Pa valid=2025-02-23T20:00:00 bytes=839348
2025-02-22,18,23,pressure_msl_lead_minus3_hpa,RNO,OK,short_name=prmsl units=Pa valid=2025-02-23T17:00:00 bytes=1004179
2025-03-03,18,26,pressure_msl_hpa,RNO,OK,short_name=prmsl units=Pa valid=2025-03-04T20:00:00 bytes=887421
2025-03-03,18,26,pressure_surface_hpa,RNO,OK,short_name=sp units=Pa valid=2025-03-04T20:00:00 bytes=839819
2025-03-03,18,23,pressure_msl_lead_minus3_hpa,RNO,OK,short_name=prmsl units=Pa valid=2025-03-04T17:00:00 bytes=1014439
2025-04-11,18,26,pressure_msl_hpa,RNO,OK,short_name=prmsl units=Pa valid=2025-04-12T20:00:00 bytes=1006122
2025-04-11,18,26,pressure_surface_hpa,RNO,OK,short_name=sp units=Pa valid=2025-04-12T20:00:00 bytes=837578
2025-04-11,18,23,pressure_msl_lead_minus3_hpa,RNO,OK,short_name=prmsl units=Pa valid=2025-04-12T17:00:00 bytes=1008640
2025-03-12,18,26,pressure_msl_hpa,RNO,OK,short_name=prmsl units=Pa valid=2025-03-13T20:00:00 bytes=1011993
2025-03-12,18,26,pressure_surface_hpa,RNO,OK,short_name=sp units=Pa valid=2025-03-13T20:00:00 bytes=839190
2025-03-12,18,23,pressure_msl_lead_minus3_hpa,RNO,OK,short_name=prmsl units=Pa valid=2025-03-13T17:00:00 bytes=1012932
2025-03-26,18,26,pressure_msl_hpa,RNO,OK,short_name=prmsl units=Pa valid=2025-03-27T20:00:00 bytes=1002237
2025-03-26,18,26,pressure_surface_hpa,RNO,OK,short_name=sp units=Pa valid=2025-03-27T20:00:00 bytes=836243
2025-03-26,18,23,pressure_msl_lead_minus3_hpa,RNO,OK,short_name=prmsl units=Pa valid=2025-03-27T17:00:00 bytes=1004614
2025-03-30,18,26,pressure_msl_hpa,RNO,OK,short_name=prmsl units=Pa valid=2025-03-31T20:00:00 bytes=1018218
2025-03-30,18,26,pressure_surface_hpa,RNO,OK,short_name=sp units=Pa valid=2025-03-31T20:00:00 bytes=843280
2025-03-30,18,23,pressure_msl_lead_minus3_hpa,RNO,OK,short_name=prmsl units=Pa valid=2025-03-31T17:00:00 bytes=1023821
2025-04-10,18,26,pressure_msl_hpa,RNO,OK,short_name=prmsl units=Pa valid=2025-04-11T20:00:00 bytes=1006602
2025-04-10,18,26,pressure_surface_hpa,RNO,OK,short_name=sp units=Pa valid=2025-04-11T20:00:00 bytes=834624
2025-04-10,18,23,pressure_msl_lead_minus3_hpa,RNO,OK,short_name=prmsl units=Pa valid=2025-04-11T17:00:00 bytes=1008729
2025-03-29,18,26,pressure_msl_hpa,RNO,OK,short_name=prmsl units=Pa valid=2025-03-30T20:00:00 bytes=888291
2025-03-29,18,26,pressure_surface_hpa,RNO,OK,short_name=sp units=Pa valid=2025-03-30T20:00:00 bytes=840746
2025-03-29,18,23,pressure_msl_lead_minus3_hpa,RNO,OK,short_name=prmsl units=Pa valid=2025-03-30T17:00:00 bytes=889916
2025-02-10,18,26,pressure_msl_hpa,RNO,OK,short_name=prmsl units=Pa valid=2025-02-11T20:00:00 bytes=1014420
2025-02-10,18,26,pressure_surface_hpa,RNO,OK,short_name=sp units=Pa valid=2025-02-11T20:00:00 bytes=842254
2025-02-10,18,23,pressure_msl_lead_minus3_hpa,RNO,OK,short_name=prmsl units=Pa valid=2025-02-11T17:00:00 bytes=1015566
2025-03-07,18,26,pressure_msl_hpa,RNO,OK,short_name=prmsl units=Pa valid=2025-03-08T20:00:00 bytes=883199
2025-03-07,18,26,pressure_surface_hpa,RNO,OK,short_name=sp units=Pa valid=2025-03-08T20:00:00 bytes=836454
2025-03-07,18,23,pressure_msl_lead_minus3_hpa,RNO,OK,short_name=prmsl units=Pa valid=2025-03-08T17:00:00 bytes=1010702
2025-04-03,18,26,pressure_msl_hpa,RNO,OK,short_name=prmsl units=Pa valid=2025-04-04T20:00:00 bytes=891594
2025-04-03,18,26,pressure_surface_hpa,RNO,OK,short_name=sp units=Pa valid=2025-04-04T20:00:00 bytes=840685
2025-04-03,18,23,pressure_msl_lead_minus3_hpa,RNO,OK,short_name=prmsl units=Pa valid=2025-04-04T17:00:00 bytes=1013757
2025-03-18,18,26,pressure_msl_hpa,RNO,OK,short_name=prmsl units=Pa valid=2025-03-19T20:00:00 bytes=887683
2025-03-18,18,26,pressure_surface_hpa,RNO,OK,short_name=sp units=Pa valid=2025-03-19T20:00:00 bytes=839304
2025-03-18,18,23,pressure_msl_lead_minus3_hpa,RNO,OK,short_name=prmsl units=Pa valid=2025-03-19T17:00:00 bytes=888750
2025-04-07,18,26,pressure_msl_hpa,RNO,OK,short_name=prmsl units=Pa valid=2025-04-08T20:00:00 bytes=1001375
2025-04-07,18,26,pressure_surface_hpa,RNO,OK,short_name=sp units=Pa valid=2025-04-08T20:00:00 bytes=833023
2025-04-07,18,23,pressure_msl_lead_minus3_hpa,RNO,OK,short_name=prmsl units=Pa valid=2025-04-08T17:00:00 bytes=1003067
2025-04-12,18,26,pressure_msl_hpa,RNO,OK,short_name=prmsl units=Pa valid=2025-04-13T20:00:00 bytes=1014775
2025-04-12,18,26,pressure_surface_hpa,RNO,OK,short_name=sp units=Pa valid=2025-04-13T20:00:00 bytes=842603
2025-04-12,18,23,pressure_msl_lead_minus3_hpa,RNO,OK,short_name=prmsl units=Pa valid=2025-04-13T17:00:00 bytes=1012426
2025-04-20,18,26,pressure_msl_hpa,RNO,OK,short_name=prmsl units=Pa valid=2025-04-21T20:00:00 bytes=883668
2025-04-20,18,26,pressure_surface_hpa,RNO,OK,short_name=sp units=Pa valid=2025-04-21T20:00:00 bytes=836402
2025-04-20,18,23,pressure_msl_lead_minus3_hpa,RNO,OK,short_name=prmsl units=Pa valid=2025-04-21T17:00:00 bytes=1009663
2025-03-27,18,26,pressure_msl_hpa,RNO,OK,short_name=prmsl units=Pa valid=2025-03-28T20:00:00 bytes=1011742
2025-03-27,18,26,pressure_surface_hpa,RNO,OK,short_name=sp units=Pa valid=2025-03-28T20:00:00 bytes=840452
2025-03-27,18,23,pressure_msl_lead_minus3_hpa,RNO,OK,short_name=prmsl units=Pa valid=2025-03-28T17:00:00 bytes=1008956
2025-04-09,18,26,pressure_msl_hpa,RNO,OK,short_name=prmsl units=Pa valid=2025-04-10T20:00:00 bytes=1007502
2025-04-09,18,26,pressure_surface_hpa,RNO,OK,short_name=sp units=Pa valid=2025-04-10T20:00:00 bytes=836358
2025-04-09,18,23,pressure_msl_lead_minus3_hpa,RNO,OK,short_name=prmsl units=Pa valid=2025-04-10T17:00:00 bytes=1008254
2025-03-16,18,26,pressure_msl_hpa,RNO,OK,short_name=prmsl units=Pa valid=2025-03-17T20:00:00 bytes=887107
2025-03-16,18,26,pressure_surface_hpa,RNO,OK,short_name=sp units=Pa valid=2025-03-17T20:00:00 bytes=838856
2025-03-16,18,23,pressure_msl_lead_minus3_hpa,RNO,OK,short_name=prmsl units=Pa valid=2025-03-17T17:00:00 bytes=1013377
2025-04-14,18,26,pressure_msl_hpa,RNO,OK,short_name=prmsl units=Pa valid=2025-04-15T20:00:00 bytes=884791
2025-04-14,18,26,pressure_surface_hpa,RNO,OK,short_name=sp units=Pa valid=2025-04-15T20:00:00 bytes=840988
2025-04-14,18,23,pressure_msl_lead_minus3_hpa,RNO,OK,short_name=prmsl units=Pa valid=2025-04-15T17:00:00 bytes=1010725
2025-03-22,18,26,pressure_msl_hpa,RNO,OK,short_name=prmsl units=Pa valid=2025-03-23T20:00:00 bytes=887693
2025-03-22,18,26,pressure_surface_hpa,RNO,OK,short_name=sp units=Pa valid=2025-03-23T20:00:00 bytes=838211
2025-03-22,18,23,pressure_msl_lead_minus3_hpa,RNO,OK,short_name=prmsl units=Pa valid=2025-03-23T17:00:00 bytes=1013045
2025-03-06,18,26,pressure_msl_hpa,RNO,OK,short_name=prmsl units=Pa valid=2025-03-07T20:00:00 bytes=1006506
2025-03-06,18,26,pressure_surface_hpa,RNO,OK,short_name=sp units=Pa valid=2025-03-07T20:00:00 bytes=836729
2025-03-06,18,23,pressure_msl_lead_minus3_hpa,RNO,OK,short_name=prmsl units=Pa valid=2025-03-07T17:00:00 bytes=1007402
2025-04-08,18,26,pressure_msl_hpa,RNO,OK,short_name=prmsl units=Pa valid=2025-04-09T20:00:00 bytes=1000482
2025-04-08,18,26,pressure_surface_hpa,RNO,OK,short_name=sp units=Pa valid=2025-04-09T20:00:00 bytes=835116
2025-04-08,18,23,pressure_msl_lead_minus3_hpa,RNO,OK,short_name=prmsl units=Pa valid=2025-04-09T17:00:00 bytes=1004331
2025-04-02,18,26,pressure_msl_hpa,RNO,OK,short_name=prmsl units=Pa valid=2025-04-03T20:00:00 bytes=889965
2025-04-02,18,26,pressure_surface_hpa,RNO,OK,short_name=sp units=Pa valid=2025-04-03T20:00:00 bytes=842858
2025-04-02,18,23,pressure_msl_lead_minus3_hpa,RNO,OK,short_name=prmsl units=Pa valid=2025-04-03T17:00:00 bytes=892024
2025-04-01,18,26,pressure_msl_hpa,RNO,OK,short_name=prmsl units=Pa valid=2025-04-02T20:00:00 bytes=888223
2025-04-01,18,26,pressure_surface_hpa,RNO,OK,short_name=sp units=Pa valid=2025-04-02T20:00:00 bytes=840652
2025-04-01,18,23,pressure_msl_lead_minus3_hpa,RNO,OK,short_name=prmsl units=Pa valid=2025-04-02T17:00:00 bytes=888928
2025-02-24,18,26,pressure_msl_hpa,RNO,OK,short_name=prmsl units=Pa valid=2025-02-25T20:00:00 bytes=1007157
2025-02-24,18,26,pressure_surface_hpa,RNO,OK,short_name=sp units=Pa valid=2025-02-25T20:00:00 bytes=839884
2025-02-24,18,23,pressure_msl_lead_minus3_hpa,RNO,OK,short_name=prmsl units=Pa valid=2025-02-25T17:00:00 bytes=1006408
2025-04-23,18,26,pressure_msl_hpa,RNO,OK,short_name=prmsl units=Pa valid=2025-04-24T20:00:00 bytes=879933
2025-04-23,18,26,pressure_surface_hpa,RNO,OK,short_name=sp units=Pa valid=2025-04-24T20:00:00 bytes=837083
2025-04-23,18,23,pressure_msl_lead_minus3_hpa,RNO,OK,short_name=prmsl units=Pa valid=2025-04-24T17:00:00 bytes=882936
2025-04-16,18,26,pressure_msl_hpa,RNO,OK,short_name=prmsl units=Pa valid=2025-04-17T20:00:00 bytes=882782
2025-04-16,18,26,pressure_surface_hpa,RNO,OK,short_name=sp units=Pa valid=2025-04-17T20:00:00 bytes=836550
2025-04-16,18,23,pressure_msl_lead_minus3_hpa,RNO,OK,short_name=prmsl units=Pa valid=2025-04-17T17:00:00 bytes=884764
2025-04-27,18,26,pressure_msl_hpa,RNO,OK,short_name=prmsl units=Pa valid=2025-04-28T20:00:00 bytes=881740
2025-04-27,18,26,pressure_surface_hpa,RNO,OK,short_name=sp units=Pa valid=2025-04-28T20:00:00 bytes=838581
2025-04-27,18,23,pressure_msl_lead_minus3_hpa,RNO,OK,short_name=prmsl units=Pa valid=2025-04-28T17:00:00 bytes=882864
2025-04-05,18,26,pressure_msl_hpa,RNO,OK,short_name=prmsl units=Pa valid=2025-04-06T20:00:00 bytes=886351
2025-04-05,18,26,pressure_surface_hpa,RNO,OK,short_name=sp units=Pa valid=2025-04-06T20:00:00 bytes=838352
2025-04-05,18,23,pressure_msl_lead_minus3_hpa,RNO,OK,short_name=prmsl units=Pa valid=2025-04-06T17:00:00 bytes=888458
2025-04-18,18,26,pressure_msl_hpa,RNO,OK,short_name=prmsl units=Pa valid=2025-04-19T20:00:00 bytes=1003583
2025-04-18,18,26,pressure_surface_hpa,RNO,OK,short_name=sp units=Pa valid=2025-04-19T20:00:00 bytes=838204
2025-04-18,18,23,pressure_msl_lead_minus3_hpa,RNO,OK,short_name=prmsl units=Pa valid=2025-04-19T17:00:00 bytes=1005039
2025-04-30,18,26,pressure_msl_hpa,RNO,OK,short_name=prmsl units=Pa valid=2025-05-01T20:00:00 bytes=1010823
2025-04-30,18,26,pressure_surface_hpa,RNO,OK,short_name=sp units=Pa valid=2025-05-01T20:00:00 bytes=840488
2025-04-30,18,23,pressure_msl_lead_minus3_hpa,RNO,OK,short_name=prmsl units=Pa valid=2025-05-01T17:00:00 bytes=1012982
2025-04-24,18,26,pressure_msl_hpa,RNO,OK,short_name=prmsl units=Pa valid=2025-04-25T20:00:00 bytes=1002592
2025-04-24,18,26,pressure_surface_hpa,RNO,OK,short_name=sp units=Pa valid=2025-04-25T20:00:00 bytes=834103
2025-04-24,18,23,pressure_msl_lead_minus3_hpa,RNO,OK,short_name=prmsl units=Pa valid=2025-04-25T17:00:00 bytes=881557
2025-05-03,18,26,pressure_msl_hpa,RNO,OK,short_name=prmsl units=Pa valid=2025-05-04T20:00:00 bytes=1004865
2025-05-03,18,26,pressure_surface_hpa,RNO,OK,short_name=sp units=Pa valid=2025-05-04T20:00:00 bytes=838998
2025-05-03,18,23,pressure_msl_lead_minus3_hpa,RNO,OK,short_name=prmsl units=Pa valid=2025-05-04T17:00:00 bytes=1009083
2025-03-31,18,26,pressure_msl_hpa,RNO,OK,short_name=prmsl units=Pa valid=2025-04-01T20:00:00 bytes=887713
2025-03-31,18,26,pressure_surface_hpa,RNO,OK,short_name=sp units=Pa valid=2025-04-01T20:00:00 bytes=840595
2025-03-31,18,23,pressure_msl_lead_minus3_hpa,RNO,OK,short_name=prmsl units=Pa valid=2025-04-01T17:00:00 bytes=1013551
2025-04-15,18,26,pressure_msl_hpa,RNO,OK,short_name=prmsl units=Pa valid=2025-04-16T20:00:00 bytes=1013129
2025-04-15,18,26,pressure_surface_hpa,RNO,OK,short_name=sp units=Pa valid=2025-04-16T20:00:00 bytes=842343
2025-04-15,18,23,pressure_msl_lead_minus3_hpa,RNO,OK,short_name=prmsl units=Pa valid=2025-04-16T17:00:00 bytes=1013662
2025-03-28,18,26,pressure_msl_hpa,RNO,OK,short_name=prmsl units=Pa valid=2025-03-29T20:00:00 bytes=885219
2025-03-28,18,26,pressure_surface_hpa,RNO,OK,short_name=sp units=Pa valid=2025-03-29T20:00:00 bytes=840199
2025-03-28,18,23,pressure_msl_lead_minus3_hpa,RNO,OK,short_name=prmsl units=Pa valid=2025-03-29T17:00:00 bytes=886901
2025-04-21,18,26,pressure_msl_hpa,RNO,OK,short_name=prmsl units=Pa valid=2025-04-22T20:00:00 bytes=884688
2025-04-21,18,26,pressure_surface_hpa,RNO,OK,short_name=sp units=Pa valid=2025-04-22T20:00:00 bytes=839143
2025-04-21,18,23,pressure_msl_lead_minus3_hpa,RNO,OK,short_name=prmsl units=Pa valid=2025-04-22T17:00:00 bytes=886248
2025-04-17,18,26,pressure_msl_hpa,RNO,OK,short_name=prmsl units=Pa valid=2025-04-18T20:00:00 bytes=1002961
2025-04-17,18,26,pressure_surface_hpa,RNO,OK,short_name=sp units=Pa valid=2025-04-18T20:00:00 bytes=837824
2025-04-17,18,23,pressure_msl_lead_minus3_hpa,RNO,OK,short_name=prmsl units=Pa valid=2025-04-18T17:00:00 bytes=1003541
2025-04-22,18,26,pressure_msl_hpa,RNO,OK,short_name=prmsl units=Pa valid=2025-04-23T20:00:00 bytes=883552
2025-04-22,18,26,pressure_surface_hpa,RNO,OK,short_name=sp units=Pa valid=2025-04-23T20:00:00 bytes=837025
2025-04-22,18,23,pressure_msl_lead_minus3_hpa,RNO,OK,short_name=prmsl units=Pa valid=2025-04-23T17:00:00 bytes=1010616
2025-03-25,18,26,pressure_msl_hpa,RNO,OK,short_name=prmsl units=Pa valid=2025-03-26T20:00:00 bytes=1005521
2025-03-25,18,26,pressure_surface_hpa,RNO,OK,short_name=sp units=Pa valid=2025-03-26T20:00:00 bytes=836764
2025-03-25,18,23,pressure_msl_lead_minus3_hpa,RNO,OK,short_name=prmsl units=Pa valid=2025-03-26T17:00:00 bytes=1007217
2025-05-06,18,26,pressure_msl_hpa,RNO,OK,short_name=prmsl units=Pa valid=2025-05-07T20:00:00 bytes=1009435
2025-05-06,18,26,pressure_surface_hpa,RNO,OK,short_name=sp units=Pa valid=2025-05-07T20:00:00 bytes=840876
2025-05-06,18,23,pressure_msl_lead_minus3_hpa,RNO,OK,short_name=prmsl units=Pa valid=2025-05-07T17:00:00 bytes=1010981
2025-04-13,18,26,pressure_msl_hpa,RNO,OK,short_name=prmsl units=Pa valid=2025-04-14T20:00:00 bytes=1010851
2025-04-13,18,26,pressure_surface_hpa,RNO,OK,short_name=sp units=Pa valid=2025-04-14T20:00:00 bytes=843841
2025-04-13,18,23,pressure_msl_lead_minus3_hpa,RNO,OK,short_name=prmsl units=Pa valid=2025-04-14T17:00:00 bytes=1011119
2025-03-24,18,26,pressure_msl_hpa,RNO,OK,short_name=prmsl units=Pa valid=2025-03-25T20:00:00 bytes=1006936
2025-03-24,18,26,pressure_surface_hpa,RNO,OK,short_name=sp units=Pa valid=2025-03-25T20:00:00 bytes=838549
2025-03-24,18,23,pressure_msl_lead_minus3_hpa,RNO,OK,short_name=prmsl units=Pa valid=2025-03-25T17:00:00 bytes=1008416
2025-05-12,18,26,pressure_msl_hpa,RNO,OK,short_name=prmsl units=Pa valid=2025-05-13T20:00:00 bytes=879884
2025-05-12,18,26,pressure_surface_hpa,RNO,OK,short_name=sp units=Pa valid=2025-05-13T20:00:00 bytes=835352
2025-05-12,18,23,pressure_msl_lead_minus3_hpa,RNO,OK,short_name=prmsl units=Pa valid=2025-05-13T17:00:00 bytes=881068
2025-05-09,18,26,pressure_msl_hpa,RNO,OK,short_name=prmsl units=Pa valid=2025-05-10T20:00:00 bytes=1007200
2025-05-09,18,26,pressure_surface_hpa,RNO,OK,short_name=sp units=Pa valid=2025-05-10T20:00:00 bytes=844182
2025-05-09,18,23,pressure_msl_lead_minus3_hpa,RNO,OK,short_name=prmsl units=Pa valid=2025-05-10T17:00:00 bytes=1012232
2025-04-25,18,26,pressure_msl_hpa,RNO,OK,short_name=prmsl units=Pa valid=2025-04-26T20:00:00 bytes=1002328
2025-04-25,18,26,pressure_surface_hpa,RNO,OK,short_name=sp units=Pa valid=2025-04-26T20:00:00 bytes=833778
2025-04-25,18,23,pressure_msl_lead_minus3_hpa,RNO,OK,short_name=prmsl units=Pa valid=2025-04-26T17:00:00 bytes=1004725
2025-04-26,18,26,pressure_msl_hpa,RNO,OK,short_name=prmsl units=Pa valid=2025-04-27T20:00:00 bytes=880813
2025-04-26,18,26,pressure_surface_hpa,RNO,OK,short_name=sp units=Pa valid=2025-04-27T20:00:00 bytes=836138
2025-04-26,18,23,pressure_msl_lead_minus3_hpa,RNO,OK,short_name=prmsl units=Pa valid=2025-04-27T17:00:00 bytes=883594
2025-04-06,18,26,pressure_msl_hpa,RNO,OK,short_name=prmsl units=Pa valid=2025-04-07T20:00:00 bytes=876965
2025-04-06,18,26,pressure_surface_hpa,RNO,OK,short_name=sp units=Pa valid=2025-04-07T20:00:00 bytes=833582
2025-04-06,18,23,pressure_msl_lead_minus3_hpa,RNO,OK,short_name=prmsl units=Pa valid=2025-04-07T17:00:00 bytes=1004428
2025-04-19,18,26,pressure_msl_hpa,RNO,OK,short_name=prmsl units=Pa valid=2025-04-20T20:00:00 bytes=1005387
2025-04-19,18,26,pressure_surface_hpa,RNO,OK,short_name=sp units=Pa valid=2025-04-20T20:00:00 bytes=834783
2025-04-19,18,23,pressure_msl_lead_minus3_hpa,RNO,OK,short_name=prmsl units=Pa valid=2025-04-20T17:00:00 bytes=1002782
2025-05-05,18,26,pressure_msl_hpa,RNO,OK,short_name=prmsl units=Pa valid=2025-05-06T20:00:00 bytes=882525
2025-05-05,18,26,pressure_surface_hpa,RNO,OK,short_name=sp units=Pa valid=2025-05-06T20:00:00 bytes=837738
2025-05-05,18,23,pressure_msl_lead_minus3_hpa,RNO,OK,short_name=prmsl units=Pa valid=2025-05-06T17:00:00 bytes=883936
2025-05-14,18,26,pressure_msl_hpa,RNO,OK,short_name=prmsl units=Pa valid=2025-05-15T20:00:00 bytes=882589
2025-05-14,18,26,pressure_surface_hpa,RNO,OK,short_name=sp units=Pa valid=2025-05-15T20:00:00 bytes=837426
2025-05-14,18,23,pressure_msl_lead_minus3_hpa,RNO,OK,short_name=prmsl units=Pa valid=2025-05-15T17:00:00 bytes=883788
2025-05-07,18,26,pressure_msl_hpa,RNO,OK,short_name=prmsl units=Pa valid=2025-05-08T20:00:00 bytes=886242
2025-05-07,18,26,pressure_surface_hpa,RNO,OK,short_name=sp units=Pa valid=2025-05-08T20:00:00 bytes=842569
2025-05-07,18,23,pressure_msl_lead_minus3_hpa,RNO,OK,short_name=prmsl units=Pa valid=2025-05-08T17:00:00 bytes=887868
2025-04-29,18,26,pressure_msl_hpa,RNO,OK,short_name=prmsl units=Pa valid=2025-04-30T20:00:00 bytes=1005402
2025-04-29,18,26,pressure_surface_hpa,RNO,OK,short_name=sp units=Pa valid=2025-04-30T20:00:00 bytes=840203
2025-04-29,18,23,pressure_msl_lead_minus3_hpa,RNO,OK,short_name=prmsl units=Pa valid=2025-04-30T17:00:00 bytes=1007656
2025-03-23,18,26,pressure_msl_hpa,RNO,OK,short_name=prmsl units=Pa valid=2025-03-24T20:00:00 bytes=1013445
2025-03-23,18,26,pressure_surface_hpa,RNO,OK,short_name=sp units=Pa valid=2025-03-24T20:00:00 bytes=841193
2025-03-23,18,23,pressure_msl_lead_minus3_hpa,RNO,OK,short_name=prmsl units=Pa valid=2025-03-24T17:00:00 bytes=1014871
2025-05-02,18,26,pressure_msl_hpa,RNO,OK,short_name=prmsl units=Pa valid=2025-05-03T20:00:00 bytes=1007751
2025-05-02,18,26,pressure_surface_hpa,RNO,OK,short_name=sp units=Pa valid=2025-05-03T20:00:00 bytes=842176
2025-05-02,18,23,pressure_msl_lead_minus3_hpa,RNO,OK,short_name=prmsl units=Pa valid=2025-05-03T17:00:00 bytes=1014673
2025-06-03,18,26,pressure_msl_hpa,RNO,OK,short_name=prmsl units=Pa valid=2025-06-04T20:00:00 bytes=1005848
2025-06-03,18,26,pressure_surface_hpa,RNO,OK,short_name=sp units=Pa valid=2025-06-04T20:00:00 bytes=837402
2025-06-03,18,23,pressure_msl_lead_minus3_hpa,RNO,OK,short_name=prmsl units=Pa valid=2025-06-04T17:00:00 bytes=1006550
2025-04-28,18,26,pressure_msl_hpa,RNO,OK,short_name=prmsl units=Pa valid=2025-04-29T20:00:00 bytes=879468
2025-04-28,18,26,pressure_surface_hpa,RNO,OK,short_name=sp units=Pa valid=2025-04-29T20:00:00 bytes=838760
2025-04-28,18,23,pressure_msl_lead_minus3_hpa,RNO,OK,short_name=prmsl units=Pa valid=2025-04-29T17:00:00 bytes=882403
2025-05-11,18,26,pressure_msl_hpa,RNO,OK,short_name=prmsl units=Pa valid=2025-05-12T20:00:00 bytes=1003712
2025-05-11,18,26,pressure_surface_hpa,RNO,OK,short_name=sp units=Pa valid=2025-05-12T20:00:00 bytes=838071
2025-05-11,18,23,pressure_msl_lead_minus3_hpa,RNO,OK,short_name=prmsl units=Pa valid=2025-05-12T17:00:00 bytes=1002552
2025-05-28,18,26,pressure_msl_hpa,RNO,OK,short_name=prmsl units=Pa valid=2025-05-29T20:00:00 bytes=883935
2025-05-28,18,26,pressure_surface_hpa,RNO,OK,short_name=sp units=Pa valid=2025-05-29T20:00:00 bytes=840996
2025-05-28,18,23,pressure_msl_lead_minus3_hpa,RNO,OK,short_name=prmsl units=Pa valid=2025-05-29T17:00:00 bytes=883478
2025-05-21,18,26,pressure_msl_hpa,RNO,OK,short_name=prmsl units=Pa valid=2025-05-22T20:00:00 bytes=1015422
2025-05-21,18,26,pressure_surface_hpa,RNO,OK,short_name=sp units=Pa valid=2025-05-22T20:00:00 bytes=841672
2025-05-21,18,23,pressure_msl_lead_minus3_hpa,RNO,OK,short_name=prmsl units=Pa valid=2025-05-22T17:00:00 bytes=1014249
2025-05-18,18,26,pressure_msl_hpa,RNO,OK,short_name=prmsl units=Pa valid=2025-05-19T20:00:00 bytes=887431
2025-05-18,18,26,pressure_surface_hpa,RNO,OK,short_name=sp units=Pa valid=2025-05-19T20:00:00 bytes=842827
2025-05-18,18,23,pressure_msl_lead_minus3_hpa,RNO,OK,short_name=prmsl units=Pa valid=2025-05-19T17:00:00 bytes=888884
2025-05-22,18,26,pressure_msl_hpa,RNO,OK,short_name=prmsl units=Pa valid=2025-05-23T20:00:00 bytes=1017179
2025-05-22,18,26,pressure_surface_hpa,RNO,OK,short_name=sp units=Pa valid=2025-05-23T20:00:00 bytes=843610
2025-05-22,18,23,pressure_msl_lead_minus3_hpa,RNO,OK,short_name=prmsl units=Pa valid=2025-05-23T17:00:00 bytes=1015144
2025-05-16,18,26,pressure_msl_hpa,RNO,OK,short_name=prmsl units=Pa valid=2025-05-17T20:00:00 bytes=882625
2025-05-16,18,26,pressure_surface_hpa,RNO,OK,short_name=sp units=Pa valid=2025-05-17T20:00:00 bytes=837928
2025-05-16,18,23,pressure_msl_lead_minus3_hpa,RNO,OK,short_name=prmsl units=Pa valid=2025-05-17T17:00:00 bytes=884194
2025-05-10,18,26,pressure_msl_hpa,RNO,OK,short_name=prmsl units=Pa valid=2025-05-11T20:00:00 bytes=1007846
2025-05-10,18,26,pressure_surface_hpa,RNO,OK,short_name=sp units=Pa valid=2025-05-11T20:00:00 bytes=842094
2025-05-10,18,23,pressure_msl_lead_minus3_hpa,RNO,OK,short_name=prmsl units=Pa valid=2025-05-11T17:00:00 bytes=1011814
2025-05-24,18,26,pressure_msl_hpa,RNO,OK,short_name=prmsl units=Pa valid=2025-05-25T20:00:00 bytes=1014088
2025-05-24,18,26,pressure_surface_hpa,RNO,OK,short_name=sp units=Pa valid=2025-05-25T20:00:00 bytes=842732
2025-05-24,18,23,pressure_msl_lead_minus3_hpa,RNO,OK,short_name=prmsl units=Pa valid=2025-05-25T17:00:00 bytes=1016883
2025-05-13,18,26,pressure_msl_hpa,RNO,OK,short_name=prmsl units=Pa valid=2025-05-14T20:00:00 bytes=1006556
2025-05-13,18,26,pressure_surface_hpa,RNO,OK,short_name=sp units=Pa valid=2025-05-14T20:00:00 bytes=835404
2025-05-13,18,23,pressure_msl_lead_minus3_hpa,RNO,OK,short_name=prmsl units=Pa valid=2025-05-14T17:00:00 bytes=1003530
2025-06-15,18,26,pressure_msl_hpa,RNO,OK,short_name=prmsl units=Pa valid=2025-06-16T20:00:00 bytes=877641
2025-06-15,18,26,pressure_surface_hpa,RNO,OK,short_name=sp units=Pa valid=2025-06-16T20:00:00 bytes=835525
2025-06-15,18,23,pressure_msl_lead_minus3_hpa,RNO,OK,short_name=prmsl units=Pa valid=2025-06-16T17:00:00 bytes=879906
2025-06-08,18,26,pressure_msl_hpa,RNO,OK,short_name=prmsl units=Pa valid=2025-06-09T20:00:00 bytes=877106
2025-06-08,18,26,pressure_surface_hpa,RNO,OK,short_name=sp units=Pa valid=2025-06-09T20:00:00 bytes=835871
2025-06-08,18,23,pressure_msl_lead_minus3_hpa,RNO,OK,short_name=prmsl units=Pa valid=2025-06-09T17:00:00 bytes=878173
2025-06-09,18,26,pressure_msl_hpa,RNO,OK,short_name=prmsl units=Pa valid=2025-06-10T20:00:00 bytes=880373
2025-06-09,18,26,pressure_surface_hpa,RNO,OK,short_name=sp units=Pa valid=2025-06-10T20:00:00 bytes=838529
2025-06-09,18,23,pressure_msl_lead_minus3_hpa,RNO,OK,short_name=prmsl units=Pa valid=2025-06-10T17:00:00 bytes=881922
2025-06-05,18,26,pressure_msl_hpa,RNO,OK,short_name=prmsl units=Pa valid=2025-06-06T20:00:00 bytes=883135
2025-06-05,18,26,pressure_surface_hpa,RNO,OK,short_name=sp units=Pa valid=2025-06-06T20:00:00 bytes=840074
2025-06-05,18,23,pressure_msl_lead_minus3_hpa,RNO,OK,short_name=prmsl units=Pa valid=2025-06-06T17:00:00 bytes=1014516
2025-05-08,18,26,pressure_msl_hpa,RNO,OK,short_name=prmsl units=Pa valid=2025-05-09T20:00:00 bytes=1011012
2025-05-08,18,26,pressure_surface_hpa,RNO,OK,short_name=sp units=Pa valid=2025-05-09T20:00:00 bytes=842361
2025-05-08,18,23,pressure_msl_lead_minus3_hpa,RNO,OK,short_name=prmsl units=Pa valid=2025-05-09T17:00:00 bytes=1012488
2025-05-26,18,26,pressure_msl_hpa,RNO,OK,short_name=prmsl units=Pa valid=2025-05-27T20:00:00 bytes=894718
2025-05-26,18,26,pressure_surface_hpa,RNO,OK,short_name=sp units=Pa valid=2025-05-27T20:00:00 bytes=845754
2025-05-26,18,23,pressure_msl_lead_minus3_hpa,RNO,OK,short_name=prmsl units=Pa valid=2025-05-27T17:00:00 bytes=1016957
2025-06-10,18,26,pressure_msl_hpa,RNO,OK,short_name=prmsl units=Pa valid=2025-06-11T20:00:00 bytes=883533
2025-06-10,18,26,pressure_surface_hpa,RNO,OK,short_name=sp units=Pa valid=2025-06-11T20:00:00 bytes=841013
2025-06-10,18,23,pressure_msl_lead_minus3_hpa,RNO,OK,short_name=prmsl units=Pa valid=2025-06-11T17:00:00 bytes=884519
2025-06-07,18,26,pressure_msl_hpa,RNO,OK,short_name=prmsl units=Pa valid=2025-06-08T20:00:00 bytes=880216
2025-06-07,18,26,pressure_surface_hpa,RNO,OK,short_name=sp units=Pa valid=2025-06-08T20:00:00 bytes=836775
2025-06-07,18,23,pressure_msl_lead_minus3_hpa,RNO,OK,short_name=prmsl units=Pa valid=2025-06-08T17:00:00 bytes=882832
2025-05-15,18,26,pressure_msl_hpa,RNO,OK,short_name=prmsl units=Pa valid=2025-05-16T20:00:00 bytes=885722
2025-05-15,18,26,pressure_surface_hpa,RNO,OK,short_name=sp units=Pa valid=2025-05-16T20:00:00 bytes=839543
2025-05-15,18,23,pressure_msl_lead_minus3_hpa,RNO,OK,short_name=prmsl units=Pa valid=2025-05-16T17:00:00 bytes=886812
2025-06-02,18,26,pressure_msl_hpa,RNO,OK,short_name=prmsl units=Pa valid=2025-06-03T20:00:00 bytes=877272
2025-06-02,18,26,pressure_surface_hpa,RNO,OK,short_name=sp units=Pa valid=2025-06-03T20:00:00 bytes=834223
2025-06-02,18,23,pressure_msl_lead_minus3_hpa,RNO,OK,short_name=prmsl units=Pa valid=2025-06-03T17:00:00 bytes=877926
2025-06-14,18,26,pressure_msl_hpa,RNO,OK,short_name=prmsl units=Pa valid=2025-06-15T20:00:00 bytes=880791
2025-06-14,18,26,pressure_surface_hpa,RNO,OK,short_name=sp units=Pa valid=2025-06-15T20:00:00 bytes=839295
2025-06-14,18,23,pressure_msl_lead_minus3_hpa,RNO,OK,short_name=prmsl units=Pa valid=2025-06-15T17:00:00 bytes=882583
2025-05-17,18,26,pressure_msl_hpa,RNO,OK,short_name=prmsl units=Pa valid=2025-05-18T20:00:00 bytes=883096
2025-05-17,18,26,pressure_surface_hpa,RNO,OK,short_name=sp units=Pa valid=2025-05-18T20:00:00 bytes=840587
2025-05-17,18,23,pressure_msl_lead_minus3_hpa,RNO,OK,short_name=prmsl units=Pa valid=2025-05-18T17:00:00 bytes=887603
2025-05-04,18,26,pressure_msl_hpa,RNO,OK,short_name=prmsl units=Pa valid=2025-05-05T20:00:00 bytes=883058
2025-05-04,18,26,pressure_surface_hpa,RNO,OK,short_name=sp units=Pa valid=2025-05-05T20:00:00 bytes=837844
2025-05-04,18,23,pressure_msl_lead_minus3_hpa,RNO,OK,short_name=prmsl units=Pa valid=2025-05-05T17:00:00 bytes=883463
2025-05-23,18,26,pressure_msl_hpa,RNO,OK,short_name=prmsl units=Pa valid=2025-05-24T20:00:00 bytes=1013113
2025-05-23,18,26,pressure_surface_hpa,RNO,OK,short_name=sp units=Pa valid=2025-05-24T20:00:00 bytes=843423
2025-05-23,18,23,pressure_msl_lead_minus3_hpa,RNO,OK,short_name=prmsl units=Pa valid=2025-05-24T17:00:00 bytes=1018390
2025-06-06,18,26,pressure_msl_hpa,RNO,OK,short_name=prmsl units=Pa valid=2025-06-07T20:00:00 bytes=883202
2025-06-06,18,26,pressure_surface_hpa,RNO,OK,short_name=sp units=Pa valid=2025-06-07T20:00:00 bytes=839078
2025-06-06,18,23,pressure_msl_lead_minus3_hpa,RNO,OK,short_name=prmsl units=Pa valid=2025-06-07T17:00:00 bytes=884409
2025-06-11,18,26,pressure_msl_hpa,RNO,OK,short_name=prmsl units=Pa valid=2025-06-12T20:00:00 bytes=881638
2025-06-11,18,26,pressure_surface_hpa,RNO,OK,short_name=sp units=Pa valid=2025-06-12T20:00:00 bytes=839480
2025-06-11,18,23,pressure_msl_lead_minus3_hpa,RNO,OK,short_name=prmsl units=Pa valid=2025-06-12T17:00:00 bytes=883401
2025-05-25,18,26,pressure_msl_hpa,RNO,OK,short_name=prmsl units=Pa valid=2025-05-26T20:00:00 bytes=1014546
2025-05-25,18,26,pressure_surface_hpa,RNO,OK,short_name=sp units=Pa valid=2025-05-26T20:00:00 bytes=844917
2025-05-25,18,23,pressure_msl_lead_minus3_hpa,RNO,OK,short_name=prmsl units=Pa valid=2025-05-26T17:00:00 bytes=1014714
2025-05-19,18,26,pressure_msl_hpa,RNO,OK,short_name=prmsl units=Pa valid=2025-05-20T20:00:00 bytes=1013537
2025-05-19,18,26,pressure_surface_hpa,RNO,OK,short_name=sp units=Pa valid=2025-05-20T20:00:00 bytes=839612
2025-05-19,18,23,pressure_msl_lead_minus3_hpa,RNO,OK,short_name=prmsl units=Pa valid=2025-05-20T17:00:00 bytes=1016327
2025-05-27,18,26,pressure_msl_hpa,RNO,OK,short_name=prmsl units=Pa valid=2025-05-28T20:00:00 bytes=883250
2025-05-27,18,26,pressure_surface_hpa,RNO,OK,short_name=sp units=Pa valid=2025-05-28T20:00:00 bytes=840274
2025-05-27,18,23,pressure_msl_lead_minus3_hpa,RNO,OK,short_name=prmsl units=Pa valid=2025-05-28T17:00:00 bytes=884982
2025-06-16,18,26,pressure_msl_hpa,RNO,OK,short_name=prmsl units=Pa valid=2025-06-17T20:00:00 bytes=1001556
2025-06-16,18,26,pressure_surface_hpa,RNO,OK,short_name=sp units=Pa valid=2025-06-17T20:00:00 bytes=834343
2025-06-16,18,23,pressure_msl_lead_minus3_hpa,RNO,OK,short_name=prmsl units=Pa valid=2025-06-17T17:00:00 bytes=1004267
2025-07-01,18,26,pressure_msl_hpa,RNO,OK,short_name=prmsl units=Pa valid=2025-07-02T20:00:00 bytes=1003982
2025-07-01,18,26,pressure_surface_hpa,RNO,OK,short_name=sp units=Pa valid=2025-07-02T20:00:00 bytes=834180
2025-07-01,18,23,pressure_msl_lead_minus3_hpa,RNO,OK,short_name=prmsl units=Pa valid=2025-07-02T17:00:00 bytes=1005804
2025-06-13,18,26,pressure_msl_hpa,RNO,OK,short_name=prmsl units=Pa valid=2025-06-14T20:00:00 bytes=1006748
2025-06-13,18,26,pressure_surface_hpa,RNO,OK,short_name=sp units=Pa valid=2025-06-14T20:00:00 bytes=839495
2025-06-13,18,23,pressure_msl_lead_minus3_hpa,RNO,OK,short_name=prmsl units=Pa valid=2025-06-14T17:00:00 bytes=1008706
2025-06-19,18,26,pressure_msl_hpa,RNO,OK,short_name=prmsl units=Pa valid=2025-06-20T20:00:00 bytes=876864
2025-06-19,18,26,pressure_surface_hpa,RNO,OK,short_name=sp units=Pa valid=2025-06-20T20:00:00 bytes=834419
2025-06-19,18,23,pressure_msl_lead_minus3_hpa,RNO,OK,short_name=prmsl units=Pa valid=2025-06-20T17:00:00 bytes=883174
2025-06-22,18,26,pressure_msl_hpa,RNO,OK,short_name=prmsl units=Pa valid=2025-06-23T20:00:00 bytes=882669
2025-06-22,18,26,pressure_surface_hpa,RNO,OK,short_name=sp units=Pa valid=2025-06-23T20:00:00 bytes=840169
2025-06-22,18,23,pressure_msl_lead_minus3_hpa,RNO,OK,short_name=prmsl units=Pa valid=2025-06-23T17:00:00 bytes=883793
2025-07-03,18,26,pressure_msl_hpa,RNO,OK,short_name=prmsl units=Pa valid=2025-07-04T20:00:00 bytes=1003554
2025-07-03,18,26,pressure_surface_hpa,RNO,OK,short_name=sp units=Pa valid=2025-07-04T20:00:00 bytes=835186
2025-07-03,18,23,pressure_msl_lead_minus3_hpa,RNO,OK,short_name=prmsl units=Pa valid=2025-07-04T17:00:00 bytes=1009898
2025-07-14,18,26,pressure_msl_hpa,RNO,OK,short_name=prmsl units=Pa valid=2025-07-15T20:00:00 bytes=995208
2025-07-14,18,26,pressure_surface_hpa,RNO,OK,short_name=sp units=Pa valid=2025-07-15T20:00:00 bytes=830509
2025-07-14,18,23,pressure_msl_lead_minus3_hpa,RNO,OK,short_name=prmsl units=Pa valid=2025-07-15T17:00:00 bytes=996224
2025-06-04,18,26,pressure_msl_hpa,RNO,OK,short_name=prmsl units=Pa valid=2025-06-05T20:00:00 bytes=1011971
2025-06-04,18,26,pressure_surface_hpa,RNO,OK,short_name=sp units=Pa valid=2025-06-05T20:00:00 bytes=840754
2025-06-04,18,23,pressure_msl_lead_minus3_hpa,RNO,OK,short_name=prmsl units=Pa valid=2025-06-05T17:00:00 bytes=1009991
2025-05-01,18,26,pressure_msl_hpa,RNO,OK,short_name=prmsl units=Pa valid=2025-05-02T20:00:00 bytes=1013726
2025-05-01,18,26,pressure_surface_hpa,RNO,OK,short_name=sp units=Pa valid=2025-05-02T20:00:00 bytes=842243
2025-05-01,18,23,pressure_msl_lead_minus3_hpa,RNO,OK,short_name=prmsl units=Pa valid=2025-05-02T17:00:00 bytes=1014619
2025-05-20,18,26,pressure_msl_hpa,RNO,OK,short_name=prmsl units=Pa valid=2025-05-21T20:00:00 bytes=1011169
2025-05-20,18,26,pressure_surface_hpa,RNO,OK,short_name=sp units=Pa valid=2025-05-21T20:00:00 bytes=841805
2025-05-20,18,23,pressure_msl_lead_minus3_hpa,RNO,OK,short_name=prmsl units=Pa valid=2025-05-21T17:00:00 bytes=1017457
2025-06-17,18,26,pressure_msl_hpa,RNO,OK,short_name=prmsl units=Pa valid=2025-06-18T20:00:00 bytes=1000400
2025-06-17,18,26,pressure_surface_hpa,RNO,OK,short_name=sp units=Pa valid=2025-06-18T20:00:00 bytes=833569
2025-06-17,18,23,pressure_msl_lead_minus3_hpa,RNO,OK,short_name=prmsl units=Pa valid=2025-06-18T17:00:00 bytes=1002699
2025-05-30,18,26,pressure_msl_hpa,RNO,OK,short_name=prmsl units=Pa valid=2025-05-31T20:00:00 bytes=879584
2025-05-30,18,26,pressure_surface_hpa,RNO,OK,short_name=sp units=Pa valid=2025-05-31T20:00:00 bytes=836490
2025-05-30,18,23,pressure_msl_lead_minus3_hpa,RNO,OK,short_name=prmsl units=Pa valid=2025-05-31T17:00:00 bytes=883372
2025-06-12,18,26,pressure_msl_hpa,RNO,OK,short_name=prmsl units=Pa valid=2025-06-13T20:00:00 bytes=1004904
2025-06-12,18,26,pressure_surface_hpa,RNO,OK,short_name=sp units=Pa valid=2025-06-13T20:00:00 bytes=839741
2025-06-12,18,23,pressure_msl_lead_minus3_hpa,RNO,OK,short_name=prmsl units=Pa valid=2025-06-13T17:00:00 bytes=1007744
2025-06-27,18,26,pressure_msl_hpa,RNO,OK,short_name=prmsl units=Pa valid=2025-06-28T20:00:00 bytes=1007103
2025-06-27,18,26,pressure_surface_hpa,RNO,OK,short_name=sp units=Pa valid=2025-06-28T20:00:00 bytes=835934
2025-06-27,18,23,pressure_msl_lead_minus3_hpa,RNO,OK,short_name=prmsl units=Pa valid=2025-06-28T17:00:00 bytes=1006904
2025-06-26,18,26,pressure_msl_hpa,RNO,OK,short_name=prmsl units=Pa valid=2025-06-27T20:00:00 bytes=1000481
2025-06-26,18,26,pressure_surface_hpa,RNO,OK,short_name=sp units=Pa valid=2025-06-27T20:00:00 bytes=832887
2025-06-26,18,23,pressure_msl_lead_minus3_hpa,RNO,OK,short_name=prmsl units=Pa valid=2025-06-27T17:00:00 bytes=1000267
2025-07-06,18,26,pressure_msl_hpa,RNO,OK,short_name=prmsl units=Pa valid=2025-07-07T20:00:00 bytes=886916
2025-07-06,18,26,pressure_surface_hpa,RNO,OK,short_name=sp units=Pa valid=2025-07-07T20:00:00 bytes=837149
2025-07-06,18,23,pressure_msl_lead_minus3_hpa,RNO,OK,short_name=prmsl units=Pa valid=2025-07-07T17:00:00 bytes=884344
2025-06-28,18,26,pressure_msl_hpa,RNO,OK,short_name=prmsl units=Pa valid=2025-06-29T20:00:00 bytes=1013217
2025-06-28,18,26,pressure_surface_hpa,RNO,OK,short_name=sp units=Pa valid=2025-06-29T20:00:00 bytes=841078
2025-06-28,18,23,pressure_msl_lead_minus3_hpa,RNO,OK,short_name=prmsl units=Pa valid=2025-06-29T17:00:00 bytes=1011565
2025-05-29,18,26,pressure_msl_hpa,RNO,OK,short_name=prmsl units=Pa valid=2025-05-30T20:00:00 bytes=1014355
2025-05-29,18,26,pressure_surface_hpa,RNO,OK,short_name=sp units=Pa valid=2025-05-30T20:00:00 bytes=842871
2025-05-29,18,23,pressure_msl_lead_minus3_hpa,RNO,OK,short_name=prmsl units=Pa valid=2025-05-30T17:00:00 bytes=1015133
2025-07-22,18,26,pressure_msl_hpa,RNO,OK,short_name=prmsl units=Pa valid=2025-07-23T20:00:00 bytes=885652
2025-07-22,18,26,pressure_surface_hpa,RNO,OK,short_name=sp units=Pa valid=2025-07-23T20:00:00 bytes=838378
2025-07-22,18,23,pressure_msl_lead_minus3_hpa,RNO,OK,short_name=prmsl units=Pa valid=2025-07-23T17:00:00 bytes=885781
2025-06-25,18,26,pressure_msl_hpa,RNO,OK,short_name=prmsl units=Pa valid=2025-06-26T20:00:00 bytes=1003163
2025-06-25,18,26,pressure_surface_hpa,RNO,OK,short_name=sp units=Pa valid=2025-06-26T20:00:00 bytes=835542
2025-06-25,18,23,pressure_msl_lead_minus3_hpa,RNO,OK,short_name=prmsl units=Pa valid=2025-06-26T17:00:00 bytes=1005091
2025-07-21,18,26,pressure_msl_hpa,RNO,OK,short_name=prmsl units=Pa valid=2025-07-22T20:00:00 bytes=881677
2025-07-21,18,26,pressure_surface_hpa,RNO,OK,short_name=sp units=Pa valid=2025-07-22T20:00:00 bytes=835364
2025-07-21,18,23,pressure_msl_lead_minus3_hpa,RNO,OK,short_name=prmsl units=Pa valid=2025-07-22T17:00:00 bytes=1007423
2025-06-29,18,26,pressure_msl_hpa,RNO,OK,short_name=prmsl units=Pa valid=2025-06-30T20:00:00 bytes=1004570
2025-06-29,18,26,pressure_surface_hpa,RNO,OK,short_name=sp units=Pa valid=2025-06-30T20:00:00 bytes=833653
2025-06-29,18,23,pressure_msl_lead_minus3_hpa,RNO,OK,short_name=prmsl units=Pa valid=2025-06-30T17:00:00 bytes=1007151
2025-06-21,18,26,pressure_msl_hpa,RNO,OK,short_name=prmsl units=Pa valid=2025-06-22T20:00:00 bytes=884296
2025-06-21,18,26,pressure_surface_hpa,RNO,OK,short_name=sp units=Pa valid=2025-06-22T20:00:00 bytes=839822
2025-06-21,18,23,pressure_msl_lead_minus3_hpa,RNO,OK,short_name=prmsl units=Pa valid=2025-06-22T17:00:00 bytes=885205
2025-06-18,18,26,pressure_msl_hpa,RNO,OK,short_name=prmsl units=Pa valid=2025-06-19T20:00:00 bytes=1002354
2025-06-18,18,26,pressure_surface_hpa,RNO,OK,short_name=sp units=Pa valid=2025-06-19T20:00:00 bytes=836155
2025-06-18,18,23,pressure_msl_lead_minus3_hpa,RNO,OK,short_name=prmsl units=Pa valid=2025-06-19T17:00:00 bytes=1006226
2025-07-07,18,26,pressure_msl_hpa,RNO,OK,short_name=prmsl units=Pa valid=2025-07-08T20:00:00 bytes=883921
2025-07-07,18,26,pressure_surface_hpa,RNO,OK,short_name=sp units=Pa valid=2025-07-08T20:00:00 bytes=835136
2025-07-07,18,23,pressure_msl_lead_minus3_hpa,RNO,OK,short_name=prmsl units=Pa valid=2025-07-08T17:00:00 bytes=888152
2025-07-02,18,26,pressure_msl_hpa,RNO,OK,short_name=prmsl units=Pa valid=2025-07-03T20:00:00 bytes=1004392
2025-07-02,18,26,pressure_surface_hpa,RNO,OK,short_name=sp units=Pa valid=2025-07-03T20:00:00 bytes=835838
2025-07-02,18,23,pressure_msl_lead_minus3_hpa,RNO,OK,short_name=prmsl units=Pa valid=2025-07-03T17:00:00 bytes=1005932
2025-07-10,18,26,pressure_msl_hpa,RNO,OK,short_name=prmsl units=Pa valid=2025-07-11T20:00:00 bytes=876983
2025-07-10,18,26,pressure_surface_hpa,RNO,OK,short_name=sp units=Pa valid=2025-07-11T20:00:00 bytes=833193
2025-07-10,18,23,pressure_msl_lead_minus3_hpa,RNO,OK,short_name=prmsl units=Pa valid=2025-07-11T17:00:00 bytes=878758
2025-07-12,18,26,pressure_msl_hpa,RNO,OK,short_name=prmsl units=Pa valid=2025-07-13T20:00:00 bytes=879982
2025-07-12,18,26,pressure_surface_hpa,RNO,OK,short_name=sp units=Pa valid=2025-07-13T20:00:00 bytes=835773
2025-07-12,18,23,pressure_msl_lead_minus3_hpa,RNO,OK,short_name=prmsl units=Pa valid=2025-07-13T17:00:00 bytes=885042
2025-06-01,18,26,pressure_msl_hpa,RNO,OK,short_name=prmsl units=Pa valid=2025-06-02T20:00:00 bytes=875186
2025-06-01,18,26,pressure_surface_hpa,RNO,OK,short_name=sp units=Pa valid=2025-06-02T20:00:00 bytes=833668
2025-06-01,18,23,pressure_msl_lead_minus3_hpa,RNO,OK,short_name=prmsl units=Pa valid=2025-06-02T17:00:00 bytes=876729
2025-07-05,18,26,pressure_msl_hpa,RNO,OK,short_name=prmsl units=Pa valid=2025-07-06T20:00:00 bytes=1007336
2025-07-05,18,26,pressure_surface_hpa,RNO,OK,short_name=sp units=Pa valid=2025-07-06T20:00:00 bytes=839203
2025-07-05,18,23,pressure_msl_lead_minus3_hpa,RNO,OK,short_name=prmsl units=Pa valid=2025-07-06T17:00:00 bytes=1007085
2025-06-20,18,26,pressure_msl_hpa,RNO,OK,short_name=prmsl units=Pa valid=2025-06-21T20:00:00 bytes=1006118
2025-06-20,18,26,pressure_surface_hpa,RNO,OK,short_name=sp units=Pa valid=2025-06-21T20:00:00 bytes=835183
2025-06-20,18,23,pressure_msl_lead_minus3_hpa,RNO,OK,short_name=prmsl units=Pa valid=2025-06-21T17:00:00 bytes=1007199
2025-07-27,18,26,pressure_msl_hpa,RNO,OK,short_name=prmsl units=Pa valid=2025-07-28T20:00:00 bytes=892562
2025-07-27,18,26,pressure_surface_hpa,RNO,OK,short_name=sp units=Pa valid=2025-07-28T20:00:00 bytes=844851
2025-07-27,18,23,pressure_msl_lead_minus3_hpa,RNO,OK,short_name=prmsl units=Pa valid=2025-07-28T17:00:00 bytes=895182
2025-06-23,18,26,pressure_msl_hpa,RNO,OK,short_name=prmsl units=Pa valid=2025-06-24T20:00:00 bytes=885281
2025-06-23,18,26,pressure_surface_hpa,RNO,OK,short_name=sp units=Pa valid=2025-06-24T20:00:00 bytes=842046
2025-06-23,18,23,pressure_msl_lead_minus3_hpa,RNO,OK,short_name=prmsl units=Pa valid=2025-06-24T17:00:00 bytes=884599
2025-07-19,18,26,pressure_msl_hpa,RNO,OK,short_name=prmsl units=Pa valid=2025-07-20T20:00:00 bytes=873023
2025-07-19,18,26,pressure_surface_hpa,RNO,OK,short_name=sp units=Pa valid=2025-07-20T20:00:00 bytes=829797
2025-07-19,18,23,pressure_msl_lead_minus3_hpa,RNO,OK,short_name=prmsl units=Pa valid=2025-07-20T17:00:00 bytes=873846
2025-07-11,18,26,pressure_msl_hpa,RNO,OK,short_name=prmsl units=Pa valid=2025-07-12T20:00:00 bytes=878699
2025-07-11,18,26,pressure_surface_hpa,RNO,OK,short_name=sp units=Pa valid=2025-07-12T20:00:00 bytes=832626
2025-07-11,18,23,pressure_msl_lead_minus3_hpa,RNO,OK,short_name=prmsl units=Pa valid=2025-07-12T17:00:00 bytes=879827
2025-07-28,18,26,pressure_msl_hpa,RNO,OK,short_name=prmsl units=Pa valid=2025-07-29T20:00:00 bytes=1013323
2025-07-28,18,26,pressure_surface_hpa,RNO,OK,short_name=sp units=Pa valid=2025-07-29T20:00:00 bytes=841447
2025-07-28,18,23,pressure_msl_lead_minus3_hpa,RNO,OK,short_name=prmsl units=Pa valid=2025-07-29T17:00:00 bytes=1014399
2025-07-15,18,26,pressure_msl_hpa,RNO,OK,short_name=prmsl units=Pa valid=2025-07-16T20:00:00 bytes=871222
2025-07-15,18,26,pressure_surface_hpa,RNO,OK,short_name=sp units=Pa valid=2025-07-16T20:00:00 bytes=829203
2025-07-15,18,23,pressure_msl_lead_minus3_hpa,RNO,OK,short_name=prmsl units=Pa valid=2025-07-16T17:00:00 bytes=872025
2025-07-04,18,26,pressure_msl_hpa,RNO,OK,short_name=prmsl units=Pa valid=2025-07-05T20:00:00 bytes=880053
2025-07-04,18,26,pressure_surface_hpa,RNO,OK,short_name=sp units=Pa valid=2025-07-05T20:00:00 bytes=834744
2025-07-04,18,23,pressure_msl_lead_minus3_hpa,RNO,OK,short_name=prmsl units=Pa valid=2025-07-05T17:00:00 bytes=877313
2025-06-30,18,26,pressure_msl_hpa,RNO,OK,short_name=prmsl units=Pa valid=2025-07-01T20:00:00 bytes=1001491
2025-06-30,18,26,pressure_surface_hpa,RNO,OK,short_name=sp units=Pa valid=2025-07-01T20:00:00 bytes=834331
2025-06-30,18,23,pressure_msl_lead_minus3_hpa,RNO,OK,short_name=prmsl units=Pa valid=2025-07-01T17:00:00 bytes=1002057
2025-07-13,18,26,pressure_msl_hpa,RNO,OK,short_name=prmsl units=Pa valid=2025-07-14T20:00:00 bytes=1000835
2025-07-13,18,26,pressure_surface_hpa,RNO,OK,short_name=sp units=Pa valid=2025-07-14T20:00:00 bytes=831608
2025-07-13,18,23,pressure_msl_lead_minus3_hpa,RNO,OK,short_name=prmsl units=Pa valid=2025-07-14T17:00:00 bytes=876824
2025-07-18,18,26,pressure_msl_hpa,RNO,OK,short_name=prmsl units=Pa valid=2025-07-19T20:00:00 bytes=999565
2025-07-18,18,26,pressure_surface_hpa,RNO,OK,short_name=sp units=Pa valid=2025-07-19T20:00:00 bytes=830184
2025-07-18,18,23,pressure_msl_lead_minus3_hpa,RNO,OK,short_name=prmsl units=Pa valid=2025-07-19T17:00:00 bytes=1000529
2025-07-24,18,26,pressure_msl_hpa,RNO,OK,short_name=prmsl units=Pa valid=2025-07-25T20:00:00 bytes=890942
2025-07-24,18,26,pressure_surface_hpa,RNO,OK,short_name=sp units=Pa valid=2025-07-25T20:00:00 bytes=843247
2025-07-24,18,23,pressure_msl_lead_minus3_hpa,RNO,OK,short_name=prmsl units=Pa valid=2025-07-25T17:00:00 bytes=891139
2025-07-25,18,26,pressure_msl_hpa,RNO,OK,short_name=prmsl units=Pa valid=2025-07-26T20:00:00 bytes=891237
2025-07-25,18,26,pressure_surface_hpa,RNO,OK,short_name=sp units=Pa valid=2025-07-26T20:00:00 bytes=843518
2025-07-25,18,23,pressure_msl_lead_minus3_hpa,RNO,OK,short_name=prmsl units=Pa valid=2025-07-26T17:00:00 bytes=889511
2025-07-30,18,26,pressure_msl_hpa,RNO,OK,short_name=prmsl units=Pa valid=2025-07-31T20:00:00 bytes=894069
2025-07-30,18,26,pressure_surface_hpa,RNO,OK,short_name=sp units=Pa valid=2025-07-31T20:00:00 bytes=844760
2025-07-30,18,23,pressure_msl_lead_minus3_hpa,RNO,OK,short_name=prmsl units=Pa valid=2025-07-31T17:00:00 bytes=893304
2025-07-08,18,26,pressure_msl_hpa,RNO,OK,short_name=prmsl units=Pa valid=2025-07-09T20:00:00 bytes=880338
2025-07-08,18,26,pressure_surface_hpa,RNO,OK,short_name=sp units=Pa valid=2025-07-09T20:00:00 bytes=830691
2025-07-08,18,23,pressure_msl_lead_minus3_hpa,RNO,OK,short_name=prmsl units=Pa valid=2025-07-09T17:00:00 bytes=881468
2025-06-24,18,26,pressure_msl_hpa,RNO,OK,short_name=prmsl units=Pa valid=2025-06-25T20:00:00 bytes=884844
2025-06-24,18,26,pressure_surface_hpa,RNO,OK,short_name=sp units=Pa valid=2025-06-25T20:00:00 bytes=837101
2025-06-24,18,23,pressure_msl_lead_minus3_hpa,RNO,OK,short_name=prmsl units=Pa valid=2025-06-25T17:00:00 bytes=881917
2025-07-20,18,26,pressure_msl_hpa,RNO,OK,short_name=prmsl units=Pa valid=2025-07-21T20:00:00 bytes=1002270
2025-07-20,18,26,pressure_surface_hpa,RNO,OK,short_name=sp units=Pa valid=2025-07-21T20:00:00 bytes=831155
2025-07-20,18,23,pressure_msl_lead_minus3_hpa,RNO,OK,short_name=prmsl units=Pa valid=2025-07-21T17:00:00 bytes=1002710
2025-05-31,18,26,pressure_msl_hpa,RNO,OK,short_name=prmsl units=Pa valid=2025-06-01T20:00:00 bytes=876281
2025-05-31,18,26,pressure_surface_hpa,RNO,OK,short_name=sp units=Pa valid=2025-06-01T20:00:00 bytes=834569
2025-05-31,18,23,pressure_msl_lead_minus3_hpa,RNO,OK,short_name=prmsl units=Pa valid=2025-06-01T17:00:00 bytes=878423
2025-07-09,18,26,pressure_msl_hpa,RNO,OK,short_name=prmsl units=Pa valid=2025-07-10T20:00:00 bytes=875566
2025-07-09,18,26,pressure_surface_hpa,RNO,OK,short_name=sp units=Pa valid=2025-07-10T20:00:00 bytes=830377
2025-07-09,18,23,pressure_msl_lead_minus3_hpa,RNO,OK,short_name=prmsl units=Pa valid=2025-07-10T17:00:00 bytes=877275
2025-07-23,18,26,pressure_msl_hpa,RNO,OK,short_name=prmsl units=Pa valid=2025-07-24T20:00:00 bytes=1010892
2025-07-23,18,26,pressure_surface_hpa,RNO,OK,short_name=sp units=Pa valid=2025-07-24T20:00:00 bytes=840244
2025-07-23,18,23,pressure_msl_lead_minus3_hpa,RNO,OK,short_name=prmsl units=Pa valid=2025-07-24T17:00:00 bytes=1011963
2025-07-17,18,26,pressure_msl_hpa,RNO,OK,short_name=prmsl units=Pa valid=2025-07-18T20:00:00 bytes=1001473
2025-07-17,18,26,pressure_surface_hpa,RNO,OK,short_name=sp units=Pa valid=2025-07-18T20:00:00 bytes=830598
2025-07-17,18,23,pressure_msl_lead_minus3_hpa,RNO,OK,short_name=prmsl units=Pa valid=2025-07-18T17:00:00 bytes=1001643
2025-07-16,18,26,pressure_msl_hpa,RNO,OK,short_name=prmsl units=Pa valid=2025-07-17T20:00:00 bytes=998751
2025-07-16,18,26,pressure_surface_hpa,RNO,OK,short_name=sp units=Pa valid=2025-07-17T20:00:00 bytes=830200
2025-07-16,18,23,pressure_msl_lead_minus3_hpa,RNO,OK,short_name=prmsl units=Pa valid=2025-07-17T17:00:00 bytes=999491
2025-07-26,18,26,pressure_msl_hpa,RNO,OK,short_name=prmsl units=Pa valid=2025-07-27T20:00:00 bytes=889986
2025-07-26,18,26,pressure_surface_hpa,RNO,OK,short_name=sp units=Pa valid=2025-07-27T20:00:00 bytes=843189
2025-07-26,18,23,pressure_msl_lead_minus3_hpa,RNO,OK,short_name=prmsl units=Pa valid=2025-07-27T17:00:00 bytes=893435
2025-07-29,18,26,pressure_msl_hpa,RNO,OK,short_name=prmsl units=Pa valid=2025-07-30T20:00:00 bytes=1013475
2025-07-29,18,26,pressure_surface_hpa,RNO,OK,short_name=sp units=Pa valid=2025-07-30T20:00:00 bytes=843357
2025-07-29,18,23,pressure_msl_lead_minus3_hpa,RNO,OK,short_name=prmsl units=Pa valid=2025-07-30T17:00:00 bytes=1014505
