run_date,cycle,lead,field_key,stations,status,detail
2024-08-13,12,24,dswrf_to_lead,"EGLC,LFPG",OK,short_name=sdswrf units=W m**-2 startStep=18 endStep=24
2024-08-13,12,22,dswrf_to_lead_minus2,"EGLC,LFPG",OK,short_name=sdswrf units=W m**-2 startStep=18 endStep=22
2024-09-04,12,24,dswrf_to_lead,"EGLC,LFPG",OK,short_name=sdswrf units=W m**-2 startStep=18 endStep=24
2024-09-04,12,22,dswrf_to_lead_minus2,"EGLC,LFPG",OK,short_name=sdswrf units=W m**-2 startStep=18 endStep=22
2024-08-14,12,24,dswrf_to_lead,"EGLC,LFPG",OK,short_name=sdswrf units=W m**-2 startStep=18 endStep=24
2024-08-14,12,22,dswrf_to_lead_minus2,"EGLC,LFPG",OK,short_name=sdswrf units=W m**-2 startStep=18 endStep=22
2024-09-03,12,24,dswrf_to_lead,"EGLC,LFPG",OK,short_name=sdswrf units=W m**-2 startStep=18 endStep=24
2024-09-03,12,22,dswrf_to_lead_minus2,"EGLC,LFPG",OK,short_name=sdswrf units=W m**-2 startStep=18 endStep=22
2024-09-08,12,24,dswrf_to_lead,"EGLC,LFPG",OK,short_name=sdswrf units=W m**-2 startStep=18 endStep=24
2024-09-08,12,22,dswrf_to_lead_minus2,"EGLC,LFPG",OK,short_name=sdswrf units=W m**-2 startStep=18 endStep=22
2024-08-12,12,24,dswrf_to_lead,"EGLC,LFPG",OK,short_name=sdswrf units=W m**-2 startStep=18 endStep=24
2024-08-12,12,22,dswrf_to_lead_minus2,"EGLC,LFPG",OK,short_name=sdswrf units=W m**-2 startStep=18 endStep=22
2024-09-06,12,24,dswrf_to_lead,"EGLC,LFPG",OK,short_name=sdswrf units=W m**-2 startStep=18 endStep=24
2024-09-06,12,22,dswrf_to_lead_minus2,"EGLC,LFPG",OK,short_name=sdswrf units=W m**-2 startStep=18 endStep=22
2024-08-01,12,24,dswrf_to_lead,"EGLC,LFPG",OK,short_name=sdswrf units=W m**-2 startStep=18 endStep=24
2024-08-01,12,22,dswrf_to_lead_minus2,"EGLC,LFPG",OK,short_name=sdswrf units=W m**-2 startStep=18 endStep=22
2024-09-12,12,24,dswrf_to_lead,"EGLC,LFPG",OK,short_name=sdswrf units=W m**-2 startStep=18 endStep=24
2024-09-12,12,22,dswrf_to_lead_minus2,"EGLC,LFPG",OK,short_name=sdswrf units=W m**-2 startStep=18 endStep=22
2024-08-24,12,24,dswrf_to_lead,"EGLC,LFPG",OK,short_name=sdswrf units=W m**-2 startStep=18 endStep=24
2024-08-24,12,22,dswrf_to_lead_minus2,"EGLC,LFPG",OK,short_name=sdswrf units=W m**-2 startStep=18 endStep=22
2024-08-02,12,24,dswrf_to_lead,"EGLC,LFPG",OK,short_name=sdswrf units=W m**-2 startStep=18 endStep=24
2024-08-02,12,22,dswrf_to_lead_minus2,"EGLC,LFPG",OK,short_name=sdswrf units=W m**-2 startStep=18 endStep=22
2024-09-07,12,24,dswrf_to_lead,"EGLC,LFPG",OK,short_name=sdswrf units=W m**-2 startStep=18 endStep=24
2024-09-07,12,22,dswrf_to_lead_minus2,"EGLC,LFPG",OK,short_name=sdswrf units=W m**-2 startStep=18 endStep=22
2024-09-10,12,24,dswrf_to_lead,"EGLC,LFPG",OK,short_name=sdswrf units=W m**-2 startStep=18 endStep=24
2024-09-10,12,22,dswrf_to_lead_minus2,"EGLC,LFPG",OK,short_name=sdswrf units=W m**-2 startStep=18 endStep=22
2024-09-15,12,24,dswrf_to_lead,"EGLC,LFPG",OK,short_name=sdswrf units=W m**-2 startStep=18 endStep=24
2024-09-15,12,22,dswrf_to_lead_minus2,"EGLC,LFPG",OK,short_name=sdswrf units=W m**-2 startStep=18 endStep=22
2024-08-18,12,24,dswrf_to_lead,"EGLC,LFPG",OK,short_name=sdswrf units=W m**-2 startStep=18 endStep=24
2024-08-18,12,22,dswrf_to_lead_minus2,"EGLC,LFPG",OK,short_name=sdswrf units=W m**-2 startStep=18 endStep=22
2024-08-11,12,24,dswrf_to_lead,"EGLC,LFPG",OK,short_name=sdswrf units=W m**-2 startStep=18 endStep=24
2024-08-11,12,22,dswrf_to_lead_minus2,"EGLC,LFPG",OK,short_name=sdswrf units=W m**-2 startStep=18 endStep=22
2024-08-28,12,24,dswrf_to_lead,"EGLC,LFPG",OK,short_name=sdswrf units=W m**-2 startStep=18 endStep=24
2024-08-28,12,22,dswrf_to_lead_minus2,"EGLC,LFPG",OK,short_name=sdswrf units=W m**-2 startStep=18 endStep=22
2024-08-20,12,24,dswrf_to_lead,"EGLC,LFPG",OK,short_name=sdswrf units=W m**-2 startStep=18 endStep=24
2024-08-20,12,22,dswrf_to_lead_minus2,"EGLC,LFPG",OK,short_name=sdswrf units=W m**-2 startStep=18 endStep=22
2024-09-01,12,24,dswrf_to_lead,"EGLC,LFPG",OK,short_name=sdswrf units=W m**-2 startStep=18 endStep=24
2024-09-01,12,22,dswrf_to_lead_minus2,"EGLC,LFPG",OK,short_name=sdswrf units=W m**-2 startStep=18 endStep=22
2024-08-22,12,24,dswrf_to_lead,"EGLC,LFPG",OK,short_name=sdswrf units=W m**-2 startStep=18 endStep=24
2024-08-22,12,22,dswrf_to_lead_minus2,"EGLC,LFPG",OK,short_name=sdswrf units=W m**-2 startStep=18 endStep=22
2024-08-03,12,24,dswrf_to_lead,"EGLC,LFPG",OK,short_name=sdswrf units=W m**-2 startStep=18 endStep=24
2024-08-03,12,22,dswrf_to_lead_minus2,"EGLC,LFPG",OK,short_name=sdswrf units=W m**-2 startStep=18 endStep=22
2024-08-30,12,24,dswrf_to_lead,"EGLC,LFPG",OK,short_name=sdswrf units=W m**-2 startStep=18 endStep=24
2024-08-30,12,22,dswrf_to_lead_minus2,"EGLC,LFPG",OK,short_name=sdswrf units=W m**-2 startStep=18 endStep=22
2024-08-15,12,24,dswrf_to_lead,"EGLC,LFPG",OK,short_name=sdswrf units=W m**-2 startStep=18 endStep=24
2024-08-15,12,22,dswrf_to_lead_minus2,"EGLC,LFPG",OK,short_name=sdswrf units=W m**-2 startStep=18 endStep=22
2024-07-31,12,24,dswrf_to_lead,"EGLC,LFPG",OK,short_name=sdswrf units=W m**-2 startStep=18 endStep=24
2024-07-31,12,22,dswrf_to_lead_minus2,"EGLC,LFPG",OK,short_name=sdswrf units=W m**-2 startStep=18 endStep=22
2024-08-19,12,24,dswrf_to_lead,"EGLC,LFPG",OK,short_name=sdswrf units=W m**-2 startStep=18 endStep=24
2024-08-19,12,22,dswrf_to_lead_minus2,"EGLC,LFPG",OK,short_name=sdswrf units=W m**-2 startStep=18 endStep=22
2024-08-16,12,24,dswrf_to_lead,"EGLC,LFPG",OK,short_name=sdswrf units=W m**-2 startStep=18 endStep=24
2024-08-16,12,22,dswrf_to_lead_minus2,"EGLC,LFPG",OK,short_name=sdswrf units=W m**-2 startStep=18 endStep=22
2024-08-17,12,24,dswrf_to_lead,"EGLC,LFPG",OK,short_name=sdswrf units=W m**-2 startStep=18 endStep=24
2024-08-17,12,22,dswrf_to_lead_minus2,"EGLC,LFPG",OK,short_name=sdswrf units=W m**-2 startStep=18 endStep=22
2024-08-26,12,24,dswrf_to_lead,"EGLC,LFPG",OK,short_name=sdswrf units=W m**-2 startStep=18 endStep=24
2024-08-26,12,22,dswrf_to_lead_minus2,"EGLC,LFPG",OK,short_name=sdswrf units=W m**-2 startStep=18 endStep=22
2024-08-06,12,24,dswrf_to_lead,"EGLC,LFPG",OK,short_name=sdswrf units=W m**-2 startStep=18 endStep=24
2024-08-06,12,22,dswrf_to_lead_minus2,"EGLC,LFPG",OK,short_name=sdswrf units=W m**-2 startStep=18 endStep=22
2024-09-11,12,24,dswrf_to_lead,"EGLC,LFPG",OK,short_name=sdswrf units=W m**-2 startStep=18 endStep=24
2024-09-11,12,22,dswrf_to_lead_minus2,"EGLC,LFPG",OK,short_name=sdswrf units=W m**-2 startStep=18 endStep=22
2024-08-27,12,24,dswrf_to_lead,"EGLC,LFPG",OK,short_name=sdswrf units=W m**-2 startStep=18 endStep=24
2024-08-27,12,22,dswrf_to_lead_minus2,"EGLC,LFPG",OK,short_name=sdswrf units=W m**-2 startStep=18 endStep=22
2024-08-21,12,24,dswrf_to_lead,"EGLC,LFPG",OK,short_name=sdswrf units=W m**-2 startStep=18 endStep=24
2024-08-21,12,22,dswrf_to_lead_minus2,"EGLC,LFPG",OK,short_name=sdswrf units=W m**-2 startStep=18 endStep=22
2024-08-31,12,24,dswrf_to_lead,"EGLC,LFPG",OK,short_name=sdswrf units=W m**-2 startStep=18 endStep=24
2024-08-31,12,22,dswrf_to_lead_minus2,"EGLC,LFPG",OK,short_name=sdswrf units=W m**-2 startStep=18 endStep=22
2024-08-29,12,24,dswrf_to_lead,"EGLC,LFPG",OK,short_name=sdswrf units=W m**-2 startStep=18 endStep=24
2024-08-29,12,22,dswrf_to_lead_minus2,"EGLC,LFPG",OK,short_name=sdswrf units=W m**-2 startStep=18 endStep=22
2024-09-02,12,24,dswrf_to_lead,"EGLC,LFPG",OK,short_name=sdswrf units=W m**-2 startStep=18 endStep=24
2024-09-02,12,22,dswrf_to_lead_minus2,"EGLC,LFPG",OK,short_name=sdswrf units=W m**-2 startStep=18 endStep=22
2024-09-14,12,24,dswrf_to_lead,"EGLC,LFPG",OK,short_name=sdswrf units=W m**-2 startStep=18 endStep=24
2024-09-14,12,22,dswrf_to_lead_minus2,"EGLC,LFPG",OK,short_name=sdswrf units=W m**-2 startStep=18 endStep=22
2024-09-17,12,24,dswrf_to_lead,"EGLC,LFPG",OK,short_name=sdswrf units=W m**-2 startStep=18 endStep=24
2024-09-17,12,22,dswrf_to_lead_minus2,"EGLC,LFPG",OK,short_name=sdswrf units=W m**-2 startStep=18 endStep=22
2024-08-25,12,24,dswrf_to_lead,"EGLC,LFPG",OK,short_name=sdswrf units=W m**-2 startStep=18 endStep=24
2024-08-25,12,22,dswrf_to_lead_minus2,"EGLC,LFPG",OK,short_name=sdswrf units=W m**-2 startStep=18 endStep=22
2024-09-05,12,24,dswrf_to_lead,"EGLC,LFPG",OK,short_name=sdswrf units=W m**-2 startStep=18 endStep=24
2024-09-05,12,22,dswrf_to_lead_minus2,"EGLC,LFPG",OK,short_name=sdswrf units=W m**-2 startStep=18 endStep=22
2024-08-23,12,24,dswrf_to_lead,"EGLC,LFPG",OK,short_name=sdswrf units=W m**-2 startStep=18 endStep=24
2024-08-23,12,22,dswrf_to_lead_minus2,"EGLC,LFPG",OK,short_name=sdswrf units=W m**-2 startStep=18 endStep=22
2024-09-13,12,24,dswrf_to_lead,"EGLC,LFPG",OK,short_name=sdswrf units=W m**-2 startStep=18 endStep=24
2024-09-13,12,22,dswrf_to_lead_minus2,"EGLC,LFPG",OK,short_name=sdswrf units=W m**-2 startStep=18 endStep=22
2024-09-22,12,24,dswrf_to_lead,"EGLC,LFPG",OK,short_name=sdswrf units=W m**-2 startStep=18 endStep=24
2024-09-22,12,22,dswrf_to_lead_minus2,"EGLC,LFPG",OK,short_name=sdswrf units=W m**-2 startStep=18 endStep=22
2024-08-09,12,24,dswrf_to_lead,"EGLC,LFPG",OK,short_name=sdswrf units=W m**-2 startStep=18 endStep=24
2024-08-09,12,22,dswrf_to_lead_minus2,"EGLC,LFPG",OK,short_name=sdswrf units=W m**-2 startStep=18 endStep=22
2024-08-08,12,24,dswrf_to_lead,"EGLC,LFPG",OK,short_name=sdswrf units=W m**-2 startStep=18 endStep=24
2024-08-08,12,22,dswrf_to_lead_minus2,"EGLC,LFPG",OK,short_name=sdswrf units=W m**-2 startStep=18 endStep=22
2024-08-10,12,24,dswrf_to_lead,"EGLC,LFPG",OK,short_name=sdswrf units=W m**-2 startStep=18 endStep=24
2024-08-10,12,22,dswrf_to_lead_minus2,"EGLC,LFPG",OK,short_name=sdswrf units=W m**-2 startStep=18 endStep=22
2024-08-07,12,24,dswrf_to_lead,"EGLC,LFPG",OK,short_name=sdswrf units=W m**-2 startStep=18 endStep=24
2024-08-07,12,22,dswrf_to_lead_minus2,"EGLC,LFPG",OK,short_name=sdswrf units=W m**-2 startStep=18 endStep=22
2024-10-02,12,24,dswrf_to_lead,"EGLC,LFPG",OK,short_name=sdswrf units=W m**-2 startStep=18 endStep=24
2024-10-02,12,22,dswrf_to_lead_minus2,"EGLC,LFPG",OK,short_name=sdswrf units=W m**-2 startStep=18 endStep=22
2024-10-13,12,24,dswrf_to_lead,"EGLC,LFPG",OK,short_name=sdswrf units=W m**-2 startStep=18 endStep=24
2024-10-13,12,22,dswrf_to_lead_minus2,"EGLC,LFPG",OK,short_name=sdswrf units=W m**-2 startStep=18 endStep=22
2024-08-05,12,24,dswrf_to_lead,"EGLC,LFPG",OK,short_name=sdswrf units=W m**-2 startStep=18 endStep=24
2024-08-05,12,22,dswrf_to_lead_minus2,"EGLC,LFPG",OK,short_name=sdswrf units=W m**-2 startStep=18 endStep=22
2024-10-10,12,24,dswrf_to_lead,"EGLC,LFPG",OK,short_name=sdswrf units=W m**-2 startStep=18 endStep=24
2024-10-10,12,22,dswrf_to_lead_minus2,"EGLC,LFPG",OK,short_name=sdswrf units=W m**-2 startStep=18 endStep=22
2024-09-16,12,24,dswrf_to_lead,"EGLC,LFPG",OK,short_name=sdswrf units=W m**-2 startStep=18 endStep=24
2024-09-16,12,22,dswrf_to_lead_minus2,"EGLC,LFPG",OK,short_name=sdswrf units=W m**-2 startStep=18 endStep=22
2024-10-07,12,24,dswrf_to_lead,"EGLC,LFPG",OK,short_name=sdswrf units=W m**-2 startStep=18 endStep=24
2024-10-07,12,22,dswrf_to_lead_minus2,"EGLC,LFPG",OK,short_name=sdswrf units=W m**-2 startStep=18 endStep=22
2024-10-20,12,24,dswrf_to_lead,"EGLC,LFPG",OK,short_name=sdswrf units=W m**-2 startStep=18 endStep=24
2024-10-20,12,22,dswrf_to_lead_minus2,"EGLC,LFPG",OK,short_name=sdswrf units=W m**-2 startStep=18 endStep=22
2024-09-18,12,24,dswrf_to_lead,"EGLC,LFPG",OK,short_name=sdswrf units=W m**-2 startStep=18 endStep=24
2024-09-18,12,22,dswrf_to_lead_minus2,"EGLC,LFPG",OK,short_name=sdswrf units=W m**-2 startStep=18 endStep=22
2024-09-23,12,24,dswrf_to_lead,"EGLC,LFPG",OK,short_name=sdswrf units=W m**-2 startStep=18 endStep=24
2024-09-23,12,22,dswrf_to_lead_minus2,"EGLC,LFPG",OK,short_name=sdswrf units=W m**-2 startStep=18 endStep=22
2024-10-05,12,24,dswrf_to_lead,"EGLC,LFPG",OK,short_name=sdswrf units=W m**-2 startStep=18 endStep=24
2024-10-05,12,22,dswrf_to_lead_minus2,"EGLC,LFPG",OK,short_name=sdswrf units=W m**-2 startStep=18 endStep=22
2024-10-28,12,24,dswrf_to_lead,"EGLC,LFPG",OK,short_name=sdswrf units=W m**-2 startStep=18 endStep=24
2024-10-28,12,22,dswrf_to_lead_minus2,"EGLC,LFPG",OK,short_name=sdswrf units=W m**-2 startStep=18 endStep=22
2024-09-20,12,24,dswrf_to_lead,"EGLC,LFPG",OK,short_name=sdswrf units=W m**-2 startStep=18 endStep=24
2024-09-20,12,22,dswrf_to_lead_minus2,"EGLC,LFPG",OK,short_name=sdswrf units=W m**-2 startStep=18 endStep=22
2024-08-04,12,24,dswrf_to_lead,"EGLC,LFPG",OK,short_name=sdswrf units=W m**-2 startStep=18 endStep=24
2024-08-04,12,22,dswrf_to_lead_minus2,"EGLC,LFPG",OK,short_name=sdswrf units=W m**-2 startStep=18 endStep=22
2024-09-19,12,24,dswrf_to_lead,"EGLC,LFPG",OK,short_name=sdswrf units=W m**-2 startStep=18 endStep=24
2024-09-19,12,22,dswrf_to_lead_minus2,"EGLC,LFPG",OK,short_name=sdswrf units=W m**-2 startStep=18 endStep=22
2024-10-06,12,24,dswrf_to_lead,"EGLC,LFPG",OK,short_name=sdswrf units=W m**-2 startStep=18 endStep=24
2024-10-06,12,22,dswrf_to_lead_minus2,"EGLC,LFPG",OK,short_name=sdswrf units=W m**-2 startStep=18 endStep=22
2024-09-21,12,24,dswrf_to_lead,"EGLC,LFPG",OK,short_name=sdswrf units=W m**-2 startStep=18 endStep=24
2024-09-21,12,22,dswrf_to_lead_minus2,"EGLC,LFPG",OK,short_name=sdswrf units=W m**-2 startStep=18 endStep=22
2024-10-21,12,24,dswrf_to_lead,"EGLC,LFPG",OK,short_name=sdswrf units=W m**-2 startStep=18 endStep=24
2024-10-21,12,22,dswrf_to_lead_minus2,"EGLC,LFPG",OK,short_name=sdswrf units=W m**-2 startStep=18 endStep=22
2024-10-08,12,24,dswrf_to_lead,"EGLC,LFPG",OK,short_name=sdswrf units=W m**-2 startStep=18 endStep=24
2024-10-08,12,22,dswrf_to_lead_minus2,"EGLC,LFPG",OK,short_name=sdswrf units=W m**-2 startStep=18 endStep=22
2024-10-24,12,24,dswrf_to_lead,"EGLC,LFPG",OK,short_name=sdswrf units=W m**-2 startStep=18 endStep=24
2024-10-24,12,22,dswrf_to_lead_minus2,"EGLC,LFPG",OK,short_name=sdswrf units=W m**-2 startStep=18 endStep=22
2024-10-11,12,24,dswrf_to_lead,"EGLC,LFPG",OK,short_name=sdswrf units=W m**-2 startStep=18 endStep=24
2024-10-11,12,22,dswrf_to_lead_minus2,"EGLC,LFPG",OK,short_name=sdswrf units=W m**-2 startStep=18 endStep=22
2024-09-24,12,24,dswrf_to_lead,"EGLC,LFPG",OK,short_name=sdswrf units=W m**-2 startStep=18 endStep=24
2024-09-24,12,22,dswrf_to_lead_minus2,"EGLC,LFPG",OK,short_name=sdswrf units=W m**-2 startStep=18 endStep=22
2024-10-26,12,24,dswrf_to_lead,"EGLC,LFPG",OK,short_name=sdswrf units=W m**-2 startStep=18 endStep=24
2024-10-26,12,22,dswrf_to_lead_minus2,"EGLC,LFPG",OK,short_name=sdswrf units=W m**-2 startStep=18 endStep=22
2024-10-16,12,24,dswrf_to_lead,"EGLC,LFPG",OK,short_name=sdswrf units=W m**-2 startStep=18 endStep=24
2024-10-16,12,22,dswrf_to_lead_minus2,"EGLC,LFPG",OK,short_name=sdswrf units=W m**-2 startStep=18 endStep=22
2024-11-06,12,24,dswrf_to_lead,"EGLC,LFPG",OK,short_name=sdswrf units=W m**-2 startStep=18 endStep=24
2024-11-06,12,22,dswrf_to_lead_minus2,"EGLC,LFPG",OK,short_name=sdswrf units=W m**-2 startStep=18 endStep=22
2024-10-29,12,24,dswrf_to_lead,"EGLC,LFPG",OK,short_name=sdswrf units=W m**-2 startStep=18 endStep=24
2024-10-29,12,22,dswrf_to_lead_minus2,"EGLC,LFPG",OK,short_name=sdswrf units=W m**-2 startStep=18 endStep=22
2024-10-27,12,24,dswrf_to_lead,"EGLC,LFPG",OK,short_name=sdswrf units=W m**-2 startStep=18 endStep=24
2024-10-27,12,22,dswrf_to_lead_minus2,"EGLC,LFPG",OK,short_name=sdswrf units=W m**-2 startStep=18 endStep=22
2024-10-25,12,24,dswrf_to_lead,"EGLC,LFPG",OK,short_name=sdswrf units=W m**-2 startStep=18 endStep=24
2024-10-25,12,22,dswrf_to_lead_minus2,"EGLC,LFPG",OK,short_name=sdswrf units=W m**-2 startStep=18 endStep=22
2024-09-27,12,24,dswrf_to_lead,"EGLC,LFPG",OK,short_name=sdswrf units=W m**-2 startStep=18 endStep=24
2024-09-27,12,22,dswrf_to_lead_minus2,"EGLC,LFPG",OK,short_name=sdswrf units=W m**-2 startStep=18 endStep=22
2024-10-18,12,24,dswrf_to_lead,"EGLC,LFPG",OK,short_name=sdswrf units=W m**-2 startStep=18 endStep=24
2024-10-18,12,22,dswrf_to_lead_minus2,"EGLC,LFPG",OK,short_name=sdswrf units=W m**-2 startStep=18 endStep=22
2024-09-09,12,24,dswrf_to_lead,"EGLC,LFPG",OK,short_name=sdswrf units=W m**-2 startStep=18 endStep=24
2024-09-09,12,22,dswrf_to_lead_minus2,"EGLC,LFPG",OK,short_name=sdswrf units=W m**-2 startStep=18 endStep=22
2024-11-04,12,24,dswrf_to_lead,"EGLC,LFPG",OK,short_name=sdswrf units=W m**-2 startStep=18 endStep=24
2024-11-04,12,22,dswrf_to_lead_minus2,"EGLC,LFPG",OK,short_name=sdswrf units=W m**-2 startStep=18 endStep=22
2024-10-15,12,24,dswrf_to_lead,"EGLC,LFPG",OK,short_name=sdswrf units=W m**-2 startStep=18 endStep=24
2024-10-15,12,22,dswrf_to_lead_minus2,"EGLC,LFPG",OK,short_name=sdswrf units=W m**-2 startStep=18 endStep=22
2024-10-22,12,24,dswrf_to_lead,"EGLC,LFPG",OK,short_name=sdswrf units=W m**-2 startStep=18 endStep=24
2024-10-22,12,22,dswrf_to_lead_minus2,"EGLC,LFPG",OK,short_name=sdswrf units=W m**-2 startStep=18 endStep=22
2024-10-30,12,24,dswrf_to_lead,"EGLC,LFPG",OK,short_name=sdswrf units=W m**-2 startStep=18 endStep=24
2024-10-30,12,22,dswrf_to_lead_minus2,"EGLC,LFPG",OK,short_name=sdswrf units=W m**-2 startStep=18 endStep=22
2024-10-17,12,24,dswrf_to_lead,"EGLC,LFPG",OK,short_name=sdswrf units=W m**-2 startStep=18 endStep=24
2024-10-17,12,22,dswrf_to_lead_minus2,"EGLC,LFPG",OK,short_name=sdswrf units=W m**-2 startStep=18 endStep=22
2024-11-12,12,24,dswrf_to_lead,"EGLC,LFPG",OK,short_name=sdswrf units=W m**-2 startStep=18 endStep=24
2024-11-12,12,22,dswrf_to_lead_minus2,"EGLC,LFPG",OK,short_name=sdswrf units=W m**-2 startStep=18 endStep=22
2024-09-25,12,24,dswrf_to_lead,"EGLC,LFPG",OK,short_name=sdswrf units=W m**-2 startStep=18 endStep=24
2024-09-25,12,22,dswrf_to_lead_minus2,"EGLC,LFPG",OK,short_name=sdswrf units=W m**-2 startStep=18 endStep=22
2024-09-28,12,24,dswrf_to_lead,"EGLC,LFPG",OK,short_name=sdswrf units=W m**-2 startStep=18 endStep=24
2024-09-28,12,22,dswrf_to_lead_minus2,"EGLC,LFPG",OK,short_name=sdswrf units=W m**-2 startStep=18 endStep=22
2024-10-01,12,24,dswrf_to_lead,"EGLC,LFPG",OK,short_name=sdswrf units=W m**-2 startStep=18 endStep=24
2024-10-01,12,22,dswrf_to_lead_minus2,"EGLC,LFPG",OK,short_name=sdswrf units=W m**-2 startStep=18 endStep=22
2024-11-07,12,24,dswrf_to_lead,"EGLC,LFPG",OK,short_name=sdswrf units=W m**-2 startStep=18 endStep=24
2024-11-07,12,22,dswrf_to_lead_minus2,"EGLC,LFPG",OK,short_name=sdswrf units=W m**-2 startStep=18 endStep=22
2024-10-12,12,24,dswrf_to_lead,"EGLC,LFPG",OK,short_name=sdswrf units=W m**-2 startStep=18 endStep=24
2024-10-12,12,22,dswrf_to_lead_minus2,"EGLC,LFPG",OK,short_name=sdswrf units=W m**-2 startStep=18 endStep=22
2024-11-01,12,24,dswrf_to_lead,"EGLC,LFPG",OK,short_name=sdswrf units=W m**-2 startStep=18 endStep=24
2024-11-01,12,22,dswrf_to_lead_minus2,"EGLC,LFPG",OK,short_name=sdswrf units=W m**-2 startStep=18 endStep=22
2024-11-25,12,24,dswrf_to_lead,"EGLC,LFPG",OK,short_name=sdswrf units=W m**-2 startStep=18 endStep=24
2024-11-25,12,22,dswrf_to_lead_minus2,"EGLC,LFPG",OK,short_name=sdswrf units=W m**-2 startStep=18 endStep=22
2024-10-23,12,24,dswrf_to_lead,"EGLC,LFPG",OK,short_name=sdswrf units=W m**-2 startStep=18 endStep=24
2024-10-23,12,22,dswrf_to_lead_minus2,"EGLC,LFPG",OK,short_name=sdswrf units=W m**-2 startStep=18 endStep=22
2024-09-26,12,24,dswrf_to_lead,"EGLC,LFPG",OK,short_name=sdswrf units=W m**-2 startStep=18 endStep=24
2024-09-26,12,22,dswrf_to_lead_minus2,"EGLC,LFPG",OK,short_name=sdswrf units=W m**-2 startStep=18 endStep=22
2024-11-28,12,24,dswrf_to_lead,"EGLC,LFPG",OK,short_name=sdswrf units=W m**-2 startStep=18 endStep=24
2024-11-28,12,22,dswrf_to_lead_minus2,"EGLC,LFPG",OK,short_name=sdswrf units=W m**-2 startStep=18 endStep=22
2024-11-26,12,24,dswrf_to_lead,"EGLC,LFPG",OK,short_name=sdswrf units=W m**-2 startStep=18 endStep=24
2024-11-26,12,22,dswrf_to_lead_minus2,"EGLC,LFPG",OK,short_name=sdswrf units=W m**-2 startStep=18 endStep=22
2024-10-03,12,24,dswrf_to_lead,"EGLC,LFPG",OK,short_name=sdswrf units=W m**-2 startStep=18 endStep=24
2024-10-03,12,22,dswrf_to_lead_minus2,"EGLC,LFPG",OK,short_name=sdswrf units=W m**-2 startStep=18 endStep=22
2024-12-01,12,24,dswrf_to_lead,"EGLC,LFPG",OK,short_name=sdswrf units=W m**-2 startStep=18 endStep=24
2024-12-01,12,22,dswrf_to_lead_minus2,"EGLC,LFPG",OK,short_name=sdswrf units=W m**-2 startStep=18 endStep=22
2024-11-17,12,24,dswrf_to_lead,"EGLC,LFPG",OK,short_name=sdswrf units=W m**-2 startStep=18 endStep=24
2024-11-17,12,22,dswrf_to_lead_minus2,"EGLC,LFPG",OK,short_name=sdswrf units=W m**-2 startStep=18 endStep=22
2024-11-09,12,24,dswrf_to_lead,"EGLC,LFPG",OK,short_name=sdswrf units=W m**-2 startStep=18 endStep=24
2024-11-09,12,22,dswrf_to_lead_minus2,"EGLC,LFPG",OK,short_name=sdswrf units=W m**-2 startStep=18 endStep=22
2024-11-08,12,24,dswrf_to_lead,"EGLC,LFPG",OK,short_name=sdswrf units=W m**-2 startStep=18 endStep=24
2024-11-08,12,22,dswrf_to_lead_minus2,"EGLC,LFPG",OK,short_name=sdswrf units=W m**-2 startStep=18 endStep=22
2024-09-30,12,24,dswrf_to_lead,"EGLC,LFPG",OK,short_name=sdswrf units=W m**-2 startStep=18 endStep=24
2024-09-30,12,22,dswrf_to_lead_minus2,"EGLC,LFPG",OK,short_name=sdswrf units=W m**-2 startStep=18 endStep=22
2024-10-04,12,24,dswrf_to_lead,"EGLC,LFPG",OK,short_name=sdswrf units=W m**-2 startStep=18 endStep=24
2024-10-04,12,22,dswrf_to_lead_minus2,"EGLC,LFPG",OK,short_name=sdswrf units=W m**-2 startStep=18 endStep=22
2024-11-15,12,24,dswrf_to_lead,"EGLC,LFPG",OK,short_name=sdswrf units=W m**-2 startStep=18 endStep=24
2024-11-15,12,22,dswrf_to_lead_minus2,"EGLC,LFPG",OK,short_name=sdswrf units=W m**-2 startStep=18 endStep=22
2024-11-30,12,24,dswrf_to_lead,"EGLC,LFPG",OK,short_name=sdswrf units=W m**-2 startStep=18 endStep=24
2024-11-30,12,22,dswrf_to_lead_minus2,"EGLC,LFPG",OK,short_name=sdswrf units=W m**-2 startStep=18 endStep=22
2024-11-21,12,24,dswrf_to_lead,"EGLC,LFPG",OK,short_name=sdswrf units=W m**-2 startStep=18 endStep=24
2024-11-21,12,22,dswrf_to_lead_minus2,"EGLC,LFPG",OK,short_name=sdswrf units=W m**-2 startStep=18 endStep=22
2024-11-16,12,24,dswrf_to_lead,"EGLC,LFPG",OK,short_name=sdswrf units=W m**-2 startStep=18 endStep=24
2024-11-16,12,22,dswrf_to_lead_minus2,"EGLC,LFPG",OK,short_name=sdswrf units=W m**-2 startStep=18 endStep=22
2024-12-10,12,24,dswrf_to_lead,"EGLC,LFPG",OK,short_name=sdswrf units=W m**-2 startStep=18 endStep=24
2024-12-10,12,22,dswrf_to_lead_minus2,"EGLC,LFPG",OK,short_name=sdswrf units=W m**-2 startStep=18 endStep=22
2024-12-07,12,24,dswrf_to_lead,"EGLC,LFPG",OK,short_name=sdswrf units=W m**-2 startStep=18 endStep=24
2024-12-07,12,22,dswrf_to_lead_minus2,"EGLC,LFPG",OK,short_name=sdswrf units=W m**-2 startStep=18 endStep=22
2024-11-03,12,24,dswrf_to_lead,"EGLC,LFPG",OK,short_name=sdswrf units=W m**-2 startStep=18 endStep=24
2024-11-03,12,22,dswrf_to_lead_minus2,"EGLC,LFPG",OK,short_name=sdswrf units=W m**-2 startStep=18 endStep=22
2024-12-11,12,24,dswrf_to_lead,"EGLC,LFPG",OK,short_name=sdswrf units=W m**-2 startStep=18 endStep=24
2024-12-11,12,22,dswrf_to_lead_minus2,"EGLC,LFPG",OK,short_name=sdswrf units=W m**-2 startStep=18 endStep=22
2024-09-29,12,24,dswrf_to_lead,"EGLC,LFPG",OK,short_name=sdswrf units=W m**-2 startStep=18 endStep=24
2024-09-29,12,22,dswrf_to_lead_minus2,"EGLC,LFPG",OK,short_name=sdswrf units=W m**-2 startStep=18 endStep=22
2024-12-09,12,24,dswrf_to_lead,"EGLC,LFPG",OK,short_name=sdswrf units=W m**-2 startStep=18 endStep=24
2024-12-09,12,22,dswrf_to_lead_minus2,"EGLC,LFPG",OK,short_name=sdswrf units=W m**-2 startStep=18 endStep=22
2024-12-13,12,24,dswrf_to_lead,"EGLC,LFPG",OK,short_name=sdswrf units=W m**-2 startStep=18 endStep=24
2024-12-13,12,22,dswrf_to_lead_minus2,"EGLC,LFPG",OK,short_name=sdswrf units=W m**-2 startStep=18 endStep=22
2024-12-06,12,24,dswrf_to_lead,"EGLC,LFPG",OK,short_name=sdswrf units=W m**-2 startStep=18 endStep=24
2024-12-06,12,22,dswrf_to_lead_minus2,"EGLC,LFPG",OK,short_name=sdswrf units=W m**-2 startStep=18 endStep=22
2024-11-14,12,24,dswrf_to_lead,"EGLC,LFPG",OK,short_name=sdswrf units=W m**-2 startStep=18 endStep=24
2024-11-14,12,22,dswrf_to_lead_minus2,"EGLC,LFPG",OK,short_name=sdswrf units=W m**-2 startStep=18 endStep=22
2024-11-20,12,24,dswrf_to_lead,"EGLC,LFPG",OK,short_name=sdswrf units=W m**-2 startStep=18 endStep=24
2024-11-20,12,22,dswrf_to_lead_minus2,"EGLC,LFPG",OK,short_name=sdswrf units=W m**-2 startStep=18 endStep=22
2024-11-19,12,24,dswrf_to_lead,"EGLC,LFPG",OK,short_name=sdswrf units=W m**-2 startStep=18 endStep=24
2024-11-19,12,22,dswrf_to_lead_minus2,"EGLC,LFPG",OK,short_name=sdswrf units=W m**-2 startStep=18 endStep=22
2024-12-24,12,24,dswrf_to_lead,"EGLC,LFPG",OK,short_name=sdswrf units=W m**-2 startStep=18 endStep=24
2024-12-24,12,22,dswrf_to_lead_minus2,"EGLC,LFPG",OK,short_name=sdswrf units=W m**-2 startStep=18 endStep=22
2024-12-05,12,24,dswrf_to_lead,"EGLC,LFPG",OK,short_name=sdswrf units=W m**-2 startStep=18 endStep=24
2024-12-05,12,22,dswrf_to_lead_minus2,"EGLC,LFPG",OK,short_name=sdswrf units=W m**-2 startStep=18 endStep=22
2024-11-29,12,24,dswrf_to_lead,"EGLC,LFPG",OK,short_name=sdswrf units=W m**-2 startStep=18 endStep=24
2024-11-29,12,22,dswrf_to_lead_minus2,"EGLC,LFPG",OK,short_name=sdswrf units=W m**-2 startStep=18 endStep=22
2024-12-04,12,24,dswrf_to_lead,"EGLC,LFPG",OK,short_name=sdswrf units=W m**-2 startStep=18 endStep=24
2024-12-04,12,22,dswrf_to_lead_minus2,"EGLC,LFPG",OK,short_name=sdswrf units=W m**-2 startStep=18 endStep=22
2024-11-11,12,24,dswrf_to_lead,"EGLC,LFPG",OK,short_name=sdswrf units=W m**-2 startStep=18 endStep=24
2024-11-11,12,22,dswrf_to_lead_minus2,"EGLC,LFPG",OK,short_name=sdswrf units=W m**-2 startStep=18 endStep=22
2024-10-14,12,24,dswrf_to_lead,"EGLC,LFPG",OK,short_name=sdswrf units=W m**-2 startStep=18 endStep=24
2024-10-14,12,22,dswrf_to_lead_minus2,"EGLC,LFPG",OK,short_name=sdswrf units=W m**-2 startStep=18 endStep=22
2024-12-12,12,24,dswrf_to_lead,"EGLC,LFPG",OK,short_name=sdswrf units=W m**-2 startStep=18 endStep=24
2024-12-12,12,22,dswrf_to_lead_minus2,"EGLC,LFPG",OK,short_name=sdswrf units=W m**-2 startStep=18 endStep=22
2024-12-02,12,24,dswrf_to_lead,"EGLC,LFPG",OK,short_name=sdswrf units=W m**-2 startStep=18 endStep=24
2024-12-02,12,22,dswrf_to_lead_minus2,"EGLC,LFPG",OK,short_name=sdswrf units=W m**-2 startStep=18 endStep=22
2024-11-13,12,24,dswrf_to_lead,"EGLC,LFPG",OK,short_name=sdswrf units=W m**-2 startStep=18 endStep=24
2024-11-13,12,22,dswrf_to_lead_minus2,"EGLC,LFPG",OK,short_name=sdswrf units=W m**-2 startStep=18 endStep=22
2024-11-05,12,24,dswrf_to_lead,"EGLC,LFPG",OK,short_name=sdswrf units=W m**-2 startStep=18 endStep=24
2024-11-05,12,22,dswrf_to_lead_minus2,"EGLC,LFPG",OK,short_name=sdswrf units=W m**-2 startStep=18 endStep=22
2024-11-10,12,24,dswrf_to_lead,"EGLC,LFPG",OK,short_name=sdswrf units=W m**-2 startStep=18 endStep=24
2024-11-10,12,22,dswrf_to_lead_minus2,"EGLC,LFPG",OK,short_name=sdswrf units=W m**-2 startStep=18 endStep=22
2024-12-17,12,24,dswrf_to_lead,"EGLC,LFPG",OK,short_name=sdswrf units=W m**-2 startStep=18 endStep=24
2024-12-17,12,22,dswrf_to_lead_minus2,"EGLC,LFPG",OK,short_name=sdswrf units=W m**-2 startStep=18 endStep=22
2024-12-15,12,24,dswrf_to_lead,"EGLC,LFPG",OK,short_name=sdswrf units=W m**-2 startStep=18 endStep=24
2024-12-15,12,22,dswrf_to_lead_minus2,"EGLC,LFPG",OK,short_name=sdswrf units=W m**-2 startStep=18 endStep=22
2024-12-16,12,24,dswrf_to_lead,"EGLC,LFPG",OK,short_name=sdswrf units=W m**-2 startStep=18 endStep=24
2024-12-16,12,22,dswrf_to_lead_minus2,"EGLC,LFPG",OK,short_name=sdswrf units=W m**-2 startStep=18 endStep=22
2024-10-31,12,24,dswrf_to_lead,"EGLC,LFPG",OK,short_name=sdswrf units=W m**-2 startStep=18 endStep=24
2024-10-31,12,22,dswrf_to_lead_minus2,"EGLC,LFPG",OK,short_name=sdswrf units=W m**-2 startStep=18 endStep=22
2024-11-02,12,24,dswrf_to_lead,"EGLC,LFPG",OK,short_name=sdswrf units=W m**-2 startStep=18 endStep=24
2024-11-02,12,22,dswrf_to_lead_minus2,"EGLC,LFPG",OK,short_name=sdswrf units=W m**-2 startStep=18 endStep=22
2024-11-23,12,24,dswrf_to_lead,"EGLC,LFPG",OK,short_name=sdswrf units=W m**-2 startStep=18 endStep=24
2024-11-23,12,22,dswrf_to_lead_minus2,"EGLC,LFPG",OK,short_name=sdswrf units=W m**-2 startStep=18 endStep=22
2024-12-03,12,24,dswrf_to_lead,"EGLC,LFPG",OK,short_name=sdswrf units=W m**-2 startStep=18 endStep=24
2024-12-03,12,22,dswrf_to_lead_minus2,"EGLC,LFPG",OK,short_name=sdswrf units=W m**-2 startStep=18 endStep=22
2024-12-14,12,24,dswrf_to_lead,"EGLC,LFPG",OK,short_name=sdswrf units=W m**-2 startStep=18 endStep=24
2024-12-14,12,22,dswrf_to_lead_minus2,"EGLC,LFPG",OK,short_name=sdswrf units=W m**-2 startStep=18 endStep=22
2024-11-27,12,24,dswrf_to_lead,"EGLC,LFPG",OK,short_name=sdswrf units=W m**-2 startStep=18 endStep=24
2024-11-27,12,22,dswrf_to_lead_minus2,"EGLC,LFPG",OK,short_name=sdswrf units=W m**-2 startStep=18 endStep=22
2024-11-22,12,24,dswrf_to_lead,"EGLC,LFPG",OK,short_name=sdswrf units=W m**-2 startStep=18 endStep=24
2024-11-22,12,22,dswrf_to_lead_minus2,"EGLC,LFPG",OK,short_name=sdswrf units=W m**-2 startStep=18 endStep=22
2024-12-26,12,24,dswrf_to_lead,"EGLC,LFPG",OK,short_name=sdswrf units=W m**-2 startStep=18 endStep=24
2024-12-26,12,22,dswrf_to_lead_minus2,"EGLC,LFPG",OK,short_name=sdswrf units=W m**-2 startStep=18 endStep=22
2024-12-23,12,24,dswrf_to_lead,"EGLC,LFPG",OK,short_name=sdswrf units=W m**-2 startStep=18 endStep=24
2024-12-23,12,22,dswrf_to_lead_minus2,"EGLC,LFPG",OK,short_name=sdswrf units=W m**-2 startStep=18 endStep=22
2024-12-25,12,24,dswrf_to_lead,"EGLC,LFPG",OK,short_name=sdswrf units=W m**-2 startStep=18 endStep=24
2024-12-25,12,22,dswrf_to_lead_minus2,"EGLC,LFPG",OK,short_name=sdswrf units=W m**-2 startStep=18 endStep=22
2024-12-31,12,24,dswrf_to_lead,"EGLC,LFPG",OK,short_name=sdswrf units=W m**-2 startStep=18 endStep=24
2024-12-31,12,22,dswrf_to_lead_minus2,"EGLC,LFPG",OK,short_name=sdswrf units=W m**-2 startStep=18 endStep=22
2025-01-06,12,24,dswrf_to_lead,"EGLC,LFPG",OK,short_name=sdswrf units=W m**-2 startStep=18 endStep=24
2025-01-06,12,22,dswrf_to_lead_minus2,"EGLC,LFPG",OK,short_name=sdswrf units=W m**-2 startStep=18 endStep=22
2024-12-21,12,24,dswrf_to_lead,"EGLC,LFPG",OK,short_name=sdswrf units=W m**-2 startStep=18 endStep=24
2024-12-21,12,22,dswrf_to_lead_minus2,"EGLC,LFPG",OK,short_name=sdswrf units=W m**-2 startStep=18 endStep=22
2024-10-09,12,24,dswrf_to_lead,"EGLC,LFPG",OK,short_name=sdswrf units=W m**-2 startStep=18 endStep=24
2024-10-09,12,22,dswrf_to_lead_minus2,"EGLC,LFPG",OK,short_name=sdswrf units=W m**-2 startStep=18 endStep=22
2025-01-05,12,24,dswrf_to_lead,"EGLC,LFPG",OK,short_name=sdswrf units=W m**-2 startStep=18 endStep=24
2025-01-05,12,22,dswrf_to_lead_minus2,"EGLC,LFPG",OK,short_name=sdswrf units=W m**-2 startStep=18 endStep=22
2025-01-01,12,24,dswrf_to_lead,"EGLC,LFPG",OK,short_name=sdswrf units=W m**-2 startStep=18 endStep=24
2025-01-01,12,22,dswrf_to_lead_minus2,"EGLC,LFPG",OK,short_name=sdswrf units=W m**-2 startStep=18 endStep=22
2024-11-24,12,24,dswrf_to_lead,"EGLC,LFPG",OK,short_name=sdswrf units=W m**-2 startStep=18 endStep=24
2024-11-24,12,22,dswrf_to_lead_minus2,"EGLC,LFPG",OK,short_name=sdswrf units=W m**-2 startStep=18 endStep=22
2024-11-18,12,24,dswrf_to_lead,"EGLC,LFPG",OK,short_name=sdswrf units=W m**-2 startStep=18 endStep=24
2024-11-18,12,22,dswrf_to_lead_minus2,"EGLC,LFPG",OK,short_name=sdswrf units=W m**-2 startStep=18 endStep=22
2025-01-02,12,24,dswrf_to_lead,"EGLC,LFPG",OK,short_name=sdswrf units=W m**-2 startStep=18 endStep=24
2025-01-02,12,22,dswrf_to_lead_minus2,"EGLC,LFPG",OK,short_name=sdswrf units=W m**-2 startStep=18 endStep=22
2024-12-18,12,24,dswrf_to_lead,"EGLC,LFPG",OK,short_name=sdswrf units=W m**-2 startStep=18 endStep=24
2024-12-18,12,22,dswrf_to_lead_minus2,"EGLC,LFPG",OK,short_name=sdswrf units=W m**-2 startStep=18 endStep=22
2024-12-29,12,24,dswrf_to_lead,"EGLC,LFPG",OK,short_name=sdswrf units=W m**-2 startStep=18 endStep=24
2024-12-29,12,22,dswrf_to_lead_minus2,"EGLC,LFPG",OK,short_name=sdswrf units=W m**-2 startStep=18 endStep=22
2024-12-08,12,24,dswrf_to_lead,"EGLC,LFPG",OK,short_name=sdswrf units=W m**-2 startStep=18 endStep=24
2024-12-08,12,22,dswrf_to_lead_minus2,"EGLC,LFPG",OK,short_name=sdswrf units=W m**-2 startStep=18 endStep=22
2024-12-27,12,24,dswrf_to_lead,"EGLC,LFPG",OK,short_name=sdswrf units=W m**-2 startStep=18 endStep=24
2024-12-27,12,22,dswrf_to_lead_minus2,"EGLC,LFPG",OK,short_name=sdswrf units=W m**-2 startStep=18 endStep=22
2024-12-28,12,24,dswrf_to_lead,"EGLC,LFPG",OK,short_name=sdswrf units=W m**-2 startStep=18 endStep=24
2024-12-28,12,22,dswrf_to_lead_minus2,"EGLC,LFPG",OK,short_name=sdswrf units=W m**-2 startStep=18 endStep=22
2025-01-11,12,24,dswrf_to_lead,"EGLC,LFPG",OK,short_name=sdswrf units=W m**-2 startStep=18 endStep=24
2025-01-11,12,22,dswrf_to_lead_minus2,"EGLC,LFPG",OK,short_name=sdswrf units=W m**-2 startStep=18 endStep=22
2025-01-28,12,24,dswrf_to_lead,"EGLC,LFPG",OK,short_name=sdswrf units=W m**-2 startStep=18 endStep=24
2025-01-28,12,22,dswrf_to_lead_minus2,"EGLC,LFPG",OK,short_name=sdswrf units=W m**-2 startStep=18 endStep=22
2024-12-20,12,24,dswrf_to_lead,"EGLC,LFPG",OK,short_name=sdswrf units=W m**-2 startStep=18 endStep=24
2024-12-20,12,22,dswrf_to_lead_minus2,"EGLC,LFPG",OK,short_name=sdswrf units=W m**-2 startStep=18 endStep=22
2025-01-15,12,24,dswrf_to_lead,"EGLC,LFPG",OK,short_name=sdswrf units=W m**-2 startStep=18 endStep=24
2025-01-15,12,22,dswrf_to_lead_minus2,"EGLC,LFPG",OK,short_name=sdswrf units=W m**-2 startStep=18 endStep=22
2025-01-30,12,24,dswrf_to_lead,"EGLC,LFPG",OK,short_name=sdswrf units=W m**-2 startStep=18 endStep=24
2025-01-30,12,22,dswrf_to_lead_minus2,"EGLC,LFPG",OK,short_name=sdswrf units=W m**-2 startStep=18 endStep=22
2025-01-17,12,24,dswrf_to_lead,"EGLC,LFPG",OK,short_name=sdswrf units=W m**-2 startStep=18 endStep=24
2025-01-17,12,22,dswrf_to_lead_minus2,"EGLC,LFPG",OK,short_name=sdswrf units=W m**-2 startStep=18 endStep=22
2025-01-23,12,24,dswrf_to_lead,"EGLC,LFPG",OK,short_name=sdswrf units=W m**-2 startStep=18 endStep=24
2025-01-23,12,22,dswrf_to_lead_minus2,"EGLC,LFPG",OK,short_name=sdswrf units=W m**-2 startStep=18 endStep=22
2025-01-26,12,24,dswrf_to_lead,"EGLC,LFPG",OK,short_name=sdswrf units=W m**-2 startStep=18 endStep=24
2025-01-26,12,22,dswrf_to_lead_minus2,"EGLC,LFPG",OK,short_name=sdswrf units=W m**-2 startStep=18 endStep=22
2025-01-29,12,24,dswrf_to_lead,"EGLC,LFPG",OK,short_name=sdswrf units=W m**-2 startStep=18 endStep=24
2025-01-29,12,22,dswrf_to_lead_minus2,"EGLC,LFPG",OK,short_name=sdswrf units=W m**-2 startStep=18 endStep=22
2025-01-10,12,24,dswrf_to_lead,"EGLC,LFPG",OK,short_name=sdswrf units=W m**-2 startStep=18 endStep=24
2025-01-10,12,22,dswrf_to_lead_minus2,"EGLC,LFPG",OK,short_name=sdswrf units=W m**-2 startStep=18 endStep=22
2025-01-07,12,24,dswrf_to_lead,"EGLC,LFPG",OK,short_name=sdswrf units=W m**-2 startStep=18 endStep=24
2025-01-07,12,22,dswrf_to_lead_minus2,"EGLC,LFPG",OK,short_name=sdswrf units=W m**-2 startStep=18 endStep=22
2024-12-22,12,24,dswrf_to_lead,"EGLC,LFPG",OK,short_name=sdswrf units=W m**-2 startStep=18 endStep=24
2024-12-22,12,22,dswrf_to_lead_minus2,"EGLC,LFPG",OK,short_name=sdswrf units=W m**-2 startStep=18 endStep=22
2025-01-25,12,24,dswrf_to_lead,"EGLC,LFPG",OK,short_name=sdswrf units=W m**-2 startStep=18 endStep=24
2025-01-25,12,22,dswrf_to_lead_minus2,"EGLC,LFPG",OK,short_name=sdswrf units=W m**-2 startStep=18 endStep=22
2025-01-09,12,24,dswrf_to_lead,"EGLC,LFPG",OK,short_name=sdswrf units=W m**-2 startStep=18 endStep=24
2025-01-09,12,22,dswrf_to_lead_minus2,"EGLC,LFPG",OK,short_name=sdswrf units=W m**-2 startStep=18 endStep=22
2025-01-12,12,24,dswrf_to_lead,"EGLC,LFPG",OK,short_name=sdswrf units=W m**-2 startStep=18 endStep=24
2025-01-12,12,22,dswrf_to_lead_minus2,"EGLC,LFPG",OK,short_name=sdswrf units=W m**-2 startStep=18 endStep=22
2024-10-19,12,24,dswrf_to_lead,"EGLC,LFPG",OK,short_name=sdswrf units=W m**-2 startStep=18 endStep=24
2024-10-19,12,22,dswrf_to_lead_minus2,"EGLC,LFPG",OK,short_name=sdswrf units=W m**-2 startStep=18 endStep=22
2025-01-03,12,24,dswrf_to_lead,"EGLC,LFPG",OK,short_name=sdswrf units=W m**-2 startStep=18 endStep=24
2025-01-03,12,22,dswrf_to_lead_minus2,"EGLC,LFPG",OK,short_name=sdswrf units=W m**-2 startStep=18 endStep=22
2025-01-20,12,24,dswrf_to_lead,"EGLC,LFPG",OK,short_name=sdswrf units=W m**-2 startStep=18 endStep=24
2025-01-20,12,22,dswrf_to_lead_minus2,"EGLC,LFPG",OK,short_name=sdswrf units=W m**-2 startStep=18 endStep=22
2025-01-27,12,24,dswrf_to_lead,"EGLC,LFPG",OK,short_name=sdswrf units=W m**-2 startStep=18 endStep=24
2025-01-27,12,22,dswrf_to_lead_minus2,"EGLC,LFPG",OK,short_name=sdswrf units=W m**-2 startStep=18 endStep=22
2025-01-18,12,24,dswrf_to_lead,"EGLC,LFPG",OK,short_name=sdswrf units=W m**-2 startStep=18 endStep=24
2025-01-18,12,22,dswrf_to_lead_minus2,"EGLC,LFPG",OK,short_name=sdswrf units=W m**-2 startStep=18 endStep=22
2024-12-30,12,24,dswrf_to_lead,"EGLC,LFPG",OK,short_name=sdswrf units=W m**-2 startStep=18 endStep=24
2024-12-30,12,22,dswrf_to_lead_minus2,"EGLC,LFPG",OK,short_name=sdswrf units=W m**-2 startStep=18 endStep=22
2025-02-08,12,24,dswrf_to_lead,"EGLC,LFPG",OK,short_name=sdswrf units=W m**-2 startStep=18 endStep=24
2025-02-08,12,22,dswrf_to_lead_minus2,"EGLC,LFPG",OK,short_name=sdswrf units=W m**-2 startStep=18 endStep=22
2025-01-22,12,24,dswrf_to_lead,"EGLC,LFPG",OK,short_name=sdswrf units=W m**-2 startStep=18 endStep=24
2025-01-22,12,22,dswrf_to_lead_minus2,"EGLC,LFPG",OK,short_name=sdswrf units=W m**-2 startStep=18 endStep=22
2025-02-17,12,24,dswrf_to_lead,"EGLC,LFPG",OK,short_name=sdswrf units=W m**-2 startStep=18 endStep=24
2025-02-17,12,22,dswrf_to_lead_minus2,"EGLC,LFPG",OK,short_name=sdswrf units=W m**-2 startStep=18 endStep=22
2025-02-12,12,24,dswrf_to_lead,"EGLC,LFPG",OK,short_name=sdswrf units=W m**-2 startStep=18 endStep=24
2025-02-12,12,22,dswrf_to_lead_minus2,"EGLC,LFPG",OK,short_name=sdswrf units=W m**-2 startStep=18 endStep=22
2025-02-01,12,24,dswrf_to_lead,"EGLC,LFPG",OK,short_name=sdswrf units=W m**-2 startStep=18 endStep=24
2025-02-01,12,22,dswrf_to_lead_minus2,"EGLC,LFPG",OK,short_name=sdswrf units=W m**-2 startStep=18 endStep=22
2025-02-09,12,24,dswrf_to_lead,"EGLC,LFPG",OK,short_name=sdswrf units=W m**-2 startStep=18 endStep=24
2025-02-09,12,22,dswrf_to_lead_minus2,"EGLC,LFPG",OK,short_name=sdswrf units=W m**-2 startStep=18 endStep=22
2025-02-07,12,24,dswrf_to_lead,"EGLC,LFPG",OK,short_name=sdswrf units=W m**-2 startStep=18 endStep=24
2025-02-07,12,22,dswrf_to_lead_minus2,"EGLC,LFPG",OK,short_name=sdswrf units=W m**-2 startStep=18 endStep=22
2025-01-16,12,24,dswrf_to_lead,"EGLC,LFPG",OK,short_name=sdswrf units=W m**-2 startStep=18 endStep=24
2025-01-16,12,22,dswrf_to_lead_minus2,"EGLC,LFPG",OK,short_name=sdswrf units=W m**-2 startStep=18 endStep=22
2025-02-02,12,24,dswrf_to_lead,"EGLC,LFPG",OK,short_name=sdswrf units=W m**-2 startStep=18 endStep=24
2025-02-02,12,22,dswrf_to_lead_minus2,"EGLC,LFPG",OK,short_name=sdswrf units=W m**-2 startStep=18 endStep=22
2025-01-24,12,24,dswrf_to_lead,"EGLC,LFPG",OK,short_name=sdswrf units=W m**-2 startStep=18 endStep=24
2025-01-24,12,22,dswrf_to_lead_minus2,"EGLC,LFPG",OK,short_name=sdswrf units=W m**-2 startStep=18 endStep=22
2025-02-27,12,24,dswrf_to_lead,"EGLC,LFPG",OK,short_name=sdswrf units=W m**-2 startStep=18 endStep=24
2025-02-27,12,22,dswrf_to_lead_minus2,"EGLC,LFPG",OK,short_name=sdswrf units=W m**-2 startStep=18 endStep=22
2025-01-13,12,24,dswrf_to_lead,"EGLC,LFPG",OK,short_name=sdswrf units=W m**-2 startStep=18 endStep=24
2025-01-13,12,22,dswrf_to_lead_minus2,"EGLC,LFPG",OK,short_name=sdswrf units=W m**-2 startStep=18 endStep=22
2025-01-21,12,24,dswrf_to_lead,"EGLC,LFPG",OK,short_name=sdswrf units=W m**-2 startStep=18 endStep=24
2025-01-21,12,22,dswrf_to_lead_minus2,"EGLC,LFPG",OK,short_name=sdswrf units=W m**-2 startStep=18 endStep=22
2025-01-08,12,24,dswrf_to_lead,"EGLC,LFPG",OK,short_name=sdswrf units=W m**-2 startStep=18 endStep=24
2025-01-08,12,22,dswrf_to_lead_minus2,"EGLC,LFPG",OK,short_name=sdswrf units=W m**-2 startStep=18 endStep=22
2025-02-23,12,24,dswrf_to_lead,"EGLC,LFPG",OK,short_name=sdswrf units=W m**-2 startStep=18 endStep=24
2025-02-23,12,22,dswrf_to_lead_minus2,"EGLC,LFPG",OK,short_name=sdswrf units=W m**-2 startStep=18 endStep=22
2025-01-19,12,24,dswrf_to_lead,"EGLC,LFPG",OK,short_name=sdswrf units=W m**-2 startStep=18 endStep=24
2025-01-19,12,22,dswrf_to_lead_minus2,"EGLC,LFPG",OK,short_name=sdswrf units=W m**-2 startStep=18 endStep=22
2025-02-16,12,24,dswrf_to_lead,"EGLC,LFPG",OK,short_name=sdswrf units=W m**-2 startStep=18 endStep=24
2025-02-16,12,22,dswrf_to_lead_minus2,"EGLC,LFPG",OK,short_name=sdswrf units=W m**-2 startStep=18 endStep=22
2025-01-14,12,24,dswrf_to_lead,"EGLC,LFPG",OK,short_name=sdswrf units=W m**-2 startStep=18 endStep=24
2025-01-14,12,22,dswrf_to_lead_minus2,"EGLC,LFPG",OK,short_name=sdswrf units=W m**-2 startStep=18 endStep=22
2025-02-19,12,24,dswrf_to_lead,"EGLC,LFPG",OK,short_name=sdswrf units=W m**-2 startStep=18 endStep=24
2025-02-19,12,22,dswrf_to_lead_minus2,"EGLC,LFPG",OK,short_name=sdswrf units=W m**-2 startStep=18 endStep=22
2025-02-11,12,24,dswrf_to_lead,"EGLC,LFPG",OK,short_name=sdswrf units=W m**-2 startStep=18 endStep=24
2025-02-11,12,22,dswrf_to_lead_minus2,"EGLC,LFPG",OK,short_name=sdswrf units=W m**-2 startStep=18 endStep=22
2025-02-05,12,24,dswrf_to_lead,"EGLC,LFPG",OK,short_name=sdswrf units=W m**-2 startStep=18 endStep=24
2025-02-05,12,22,dswrf_to_lead_minus2,"EGLC,LFPG",OK,short_name=sdswrf units=W m**-2 startStep=18 endStep=22
2025-03-12,12,24,dswrf_to_lead,"EGLC,LFPG",OK,short_name=sdswrf units=W m**-2 startStep=18 endStep=24
2025-03-12,12,22,dswrf_to_lead_minus2,"EGLC,LFPG",OK,short_name=sdswrf units=W m**-2 startStep=18 endStep=22
2024-12-19,12,24,dswrf_to_lead,"EGLC,LFPG",OK,short_name=sdswrf units=W m**-2 startStep=18 endStep=24
2024-12-19,12,22,dswrf_to_lead_minus2,"EGLC,LFPG",OK,short_name=sdswrf units=W m**-2 startStep=18 endStep=22
2025-02-22,12,24,dswrf_to_lead,"EGLC,LFPG",OK,short_name=sdswrf units=W m**-2 startStep=18 endStep=24
2025-02-22,12,22,dswrf_to_lead_minus2,"EGLC,LFPG",OK,short_name=sdswrf units=W m**-2 startStep=18 endStep=22
2025-02-20,12,24,dswrf_to_lead,"EGLC,LFPG",OK,short_name=sdswrf units=W m**-2 startStep=18 endStep=24
2025-02-20,12,22,dswrf_to_lead_minus2,"EGLC,LFPG",OK,short_name=sdswrf units=W m**-2 startStep=18 endStep=22
2025-03-13,12,24,dswrf_to_lead,"EGLC,LFPG",OK,short_name=sdswrf units=W m**-2 startStep=18 endStep=24
2025-03-13,12,22,dswrf_to_lead_minus2,"EGLC,LFPG",OK,short_name=sdswrf units=W m**-2 startStep=18 endStep=22
2025-02-14,12,24,dswrf_to_lead,"EGLC,LFPG",OK,short_name=sdswrf units=W m**-2 startStep=18 endStep=24
2025-02-14,12,22,dswrf_to_lead_minus2,"EGLC,LFPG",OK,short_name=sdswrf units=W m**-2 startStep=18 endStep=22
2025-02-26,12,24,dswrf_to_lead,"EGLC,LFPG",OK,short_name=sdswrf units=W m**-2 startStep=18 endStep=24
2025-02-26,12,22,dswrf_to_lead_minus2,"EGLC,LFPG",OK,short_name=sdswrf units=W m**-2 startStep=18 endStep=22
2025-02-28,12,24,dswrf_to_lead,"EGLC,LFPG",OK,short_name=sdswrf units=W m**-2 startStep=18 endStep=24
2025-02-28,12,22,dswrf_to_lead_minus2,"EGLC,LFPG",OK,short_name=sdswrf units=W m**-2 startStep=18 endStep=22
2025-02-06,12,24,dswrf_to_lead,"EGLC,LFPG",OK,short_name=sdswrf units=W m**-2 startStep=18 endStep=24
2025-02-06,12,22,dswrf_to_lead_minus2,"EGLC,LFPG",OK,short_name=sdswrf units=W m**-2 startStep=18 endStep=22
2025-03-09,12,24,dswrf_to_lead,"EGLC,LFPG",OK,short_name=sdswrf units=W m**-2 startStep=18 endStep=24
2025-03-09,12,22,dswrf_to_lead_minus2,"EGLC,LFPG",OK,short_name=sdswrf units=W m**-2 startStep=18 endStep=22
2025-03-21,12,24,dswrf_to_lead,"EGLC,LFPG",OK,short_name=sdswrf units=W m**-2 startStep=18 endStep=24
2025-03-21,12,22,dswrf_to_lead_minus2,"EGLC,LFPG",OK,short_name=sdswrf units=W m**-2 startStep=18 endStep=22
2025-03-06,12,24,dswrf_to_lead,"EGLC,LFPG",OK,short_name=sdswrf units=W m**-2 startStep=18 endStep=24
2025-03-06,12,22,dswrf_to_lead_minus2,"EGLC,LFPG",OK,short_name=sdswrf units=W m**-2 startStep=18 endStep=22
2025-02-03,12,24,dswrf_to_lead,"EGLC,LFPG",OK,short_name=sdswrf units=W m**-2 startStep=18 endStep=24
2025-02-03,12,22,dswrf_to_lead_minus2,"EGLC,LFPG",OK,short_name=sdswrf units=W m**-2 startStep=18 endStep=22
2025-03-10,12,24,dswrf_to_lead,"EGLC,LFPG",OK,short_name=sdswrf units=W m**-2 startStep=18 endStep=24
2025-03-10,12,22,dswrf_to_lead_minus2,"EGLC,LFPG",OK,short_name=sdswrf units=W m**-2 startStep=18 endStep=22
2025-01-04,12,24,dswrf_to_lead,"EGLC,LFPG",OK,short_name=sdswrf units=W m**-2 startStep=18 endStep=24
2025-01-04,12,22,dswrf_to_lead_minus2,"EGLC,LFPG",OK,short_name=sdswrf units=W m**-2 startStep=18 endStep=22
2025-03-08,12,24,dswrf_to_lead,"EGLC,LFPG",OK,short_name=sdswrf units=W m**-2 startStep=18 endStep=24
2025-03-08,12,22,dswrf_to_lead_minus2,"EGLC,LFPG",OK,short_name=sdswrf units=W m**-2 startStep=18 endStep=22
2025-03-04,12,24,dswrf_to_lead,"EGLC,LFPG",OK,short_name=sdswrf units=W m**-2 startStep=18 endStep=24
2025-03-04,12,22,dswrf_to_lead_minus2,"EGLC,LFPG",OK,short_name=sdswrf units=W m**-2 startStep=18 endStep=22
2025-02-25,12,24,dswrf_to_lead,"EGLC,LFPG",OK,short_name=sdswrf units=W m**-2 startStep=18 endStep=24
2025-02-25,12,22,dswrf_to_lead_minus2,"EGLC,LFPG",OK,short_name=sdswrf units=W m**-2 startStep=18 endStep=22
2025-03-02,12,24,dswrf_to_lead,"EGLC,LFPG",OK,short_name=sdswrf units=W m**-2 startStep=18 endStep=24
2025-03-02,12,22,dswrf_to_lead_minus2,"EGLC,LFPG",OK,short_name=sdswrf units=W m**-2 startStep=18 endStep=22
2025-02-04,12,24,dswrf_to_lead,"EGLC,LFPG",OK,short_name=sdswrf units=W m**-2 startStep=18 endStep=24
2025-02-04,12,22,dswrf_to_lead_minus2,"EGLC,LFPG",OK,short_name=sdswrf units=W m**-2 startStep=18 endStep=22
2025-02-10,12,24,dswrf_to_lead,"EGLC,LFPG",OK,short_name=sdswrf units=W m**-2 startStep=18 endStep=24
2025-02-10,12,22,dswrf_to_lead_minus2,"EGLC,LFPG",OK,short_name=sdswrf units=W m**-2 startStep=18 endStep=22
2025-02-24,12,24,dswrf_to_lead,"EGLC,LFPG",OK,short_name=sdswrf units=W m**-2 startStep=18 endStep=24
2025-02-24,12,22,dswrf_to_lead_minus2,"EGLC,LFPG",OK,short_name=sdswrf units=W m**-2 startStep=18 endStep=22
2025-03-11,12,24,dswrf_to_lead,"EGLC,LFPG",OK,short_name=sdswrf units=W m**-2 startStep=18 endStep=24
2025-03-11,12,22,dswrf_to_lead_minus2,"EGLC,LFPG",OK,short_name=sdswrf units=W m**-2 startStep=18 endStep=22
2025-02-13,12,24,dswrf_to_lead,"EGLC,LFPG",OK,short_name=sdswrf units=W m**-2 startStep=18 endStep=24
2025-02-13,12,22,dswrf_to_lead_minus2,"EGLC,LFPG",OK,short_name=sdswrf units=W m**-2 startStep=18 endStep=22
2025-02-15,12,24,dswrf_to_lead,"EGLC,LFPG",OK,short_name=sdswrf units=W m**-2 startStep=18 endStep=24
2025-02-15,12,22,dswrf_to_lead_minus2,"EGLC,LFPG",OK,short_name=sdswrf units=W m**-2 startStep=18 endStep=22
2025-01-31,12,24,dswrf_to_lead,"EGLC,LFPG",OK,short_name=sdswrf units=W m**-2 startStep=18 endStep=24
2025-01-31,12,22,dswrf_to_lead_minus2,"EGLC,LFPG",OK,short_name=sdswrf units=W m**-2 startStep=18 endStep=22
2025-03-29,12,24,dswrf_to_lead,"EGLC,LFPG",OK,short_name=sdswrf units=W m**-2 startStep=18 endStep=24
2025-03-29,12,22,dswrf_to_lead_minus2,"EGLC,LFPG",OK,short_name=sdswrf units=W m**-2 startStep=18 endStep=22
2025-02-18,12,24,dswrf_to_lead,"EGLC,LFPG",OK,short_name=sdswrf units=W m**-2 startStep=18 endStep=24
2025-02-18,12,22,dswrf_to_lead_minus2,"EGLC,LFPG",OK,short_name=sdswrf units=W m**-2 startStep=18 endStep=22
2025-03-19,12,24,dswrf_to_lead,"EGLC,LFPG",OK,short_name=sdswrf units=W m**-2 startStep=18 endStep=24
2025-03-19,12,22,dswrf_to_lead_minus2,"EGLC,LFPG",OK,short_name=sdswrf units=W m**-2 startStep=18 endStep=22
2025-02-21,12,24,dswrf_to_lead,"EGLC,LFPG",OK,short_name=sdswrf units=W m**-2 startStep=18 endStep=24
2025-02-21,12,22,dswrf_to_lead_minus2,"EGLC,LFPG",OK,short_name=sdswrf units=W m**-2 startStep=18 endStep=22
2025-03-05,12,24,dswrf_to_lead,"EGLC,LFPG",OK,short_name=sdswrf units=W m**-2 startStep=18 endStep=24
2025-03-05,12,22,dswrf_to_lead_minus2,"EGLC,LFPG",OK,short_name=sdswrf units=W m**-2 startStep=18 endStep=22
2025-03-30,12,24,dswrf_to_lead,"EGLC,LFPG",OK,short_name=sdswrf units=W m**-2 startStep=18 endStep=24
2025-03-30,12,22,dswrf_to_lead_minus2,"EGLC,LFPG",OK,short_name=sdswrf units=W m**-2 startStep=18 endStep=22
2025-03-18,12,24,dswrf_to_lead,"EGLC,LFPG",OK,short_name=sdswrf units=W m**-2 startStep=18 endStep=24
2025-03-18,12,22,dswrf_to_lead_minus2,"EGLC,LFPG",OK,short_name=sdswrf units=W m**-2 startStep=18 endStep=22
2025-04-02,12,24,dswrf_to_lead,"EGLC,LFPG",OK,short_name=sdswrf units=W m**-2 startStep=18 endStep=24
2025-04-02,12,22,dswrf_to_lead_minus2,"EGLC,LFPG",OK,short_name=sdswrf units=W m**-2 startStep=18 endStep=22
2025-04-11,12,24,dswrf_to_lead,"EGLC,LFPG",OK,short_name=sdswrf units=W m**-2 startStep=18 endStep=24
2025-04-11,12,22,dswrf_to_lead_minus2,"EGLC,LFPG",OK,short_name=sdswrf units=W m**-2 startStep=18 endStep=22
2025-03-14,12,24,dswrf_to_lead,"EGLC,LFPG",OK,short_name=sdswrf units=W m**-2 startStep=18 endStep=24
2025-03-14,12,22,dswrf_to_lead_minus2,"EGLC,LFPG",OK,short_name=sdswrf units=W m**-2 startStep=18 endStep=22
2025-03-25,12,24,dswrf_to_lead,"EGLC,LFPG",OK,short_name=sdswrf units=W m**-2 startStep=18 endStep=24
2025-03-25,12,22,dswrf_to_lead_minus2,"EGLC,LFPG",OK,short_name=sdswrf units=W m**-2 startStep=18 endStep=22
2025-04-03,12,24,dswrf_to_lead,"EGLC,LFPG",OK,short_name=sdswrf units=W m**-2 startStep=18 endStep=24
2025-04-03,12,22,dswrf_to_lead_minus2,"EGLC,LFPG",OK,short_name=sdswrf units=W m**-2 startStep=18 endStep=22
2025-03-07,12,24,dswrf_to_lead,"EGLC,LFPG",OK,short_name=sdswrf units=W m**-2 startStep=18 endStep=24
2025-03-07,12,22,dswrf_to_lead_minus2,"EGLC,LFPG",OK,short_name=sdswrf units=W m**-2 startStep=18 endStep=22
2025-03-27,12,24,dswrf_to_lead,"EGLC,LFPG",OK,short_name=sdswrf units=W m**-2 startStep=18 endStep=24
2025-03-27,12,22,dswrf_to_lead_minus2,"EGLC,LFPG",OK,short_name=sdswrf units=W m**-2 startStep=18 endStep=22
2025-04-15,12,24,dswrf_to_lead,"EGLC,LFPG",OK,short_name=sdswrf units=W m**-2 startStep=18 endStep=24
2025-04-15,12,22,dswrf_to_lead_minus2,"EGLC,LFPG",OK,short_name=sdswrf units=W m**-2 startStep=18 endStep=22
2025-03-01,12,24,dswrf_to_lead,"EGLC,LFPG",OK,short_name=sdswrf units=W m**-2 startStep=18 endStep=24
2025-03-01,12,22,dswrf_to_lead_minus2,"EGLC,LFPG",OK,short_name=sdswrf units=W m**-2 startStep=18 endStep=22
2025-04-12,12,24,dswrf_to_lead,"EGLC,LFPG",OK,short_name=sdswrf units=W m**-2 startStep=18 endStep=24
2025-04-12,12,22,dswrf_to_lead_minus2,"EGLC,LFPG",OK,short_name=sdswrf units=W m**-2 startStep=18 endStep=22
2025-04-13,12,24,dswrf_to_lead,"EGLC,LFPG",OK,short_name=sdswrf units=W m**-2 startStep=18 endStep=24
2025-04-13,12,22,dswrf_to_lead_minus2,"EGLC,LFPG",OK,short_name=sdswrf units=W m**-2 startStep=18 endStep=22
2025-04-19,12,24,dswrf_to_lead,"EGLC,LFPG",OK,short_name=sdswrf units=W m**-2 startStep=18 endStep=24
2025-04-19,12,22,dswrf_to_lead_minus2,"EGLC,LFPG",OK,short_name=sdswrf units=W m**-2 startStep=18 endStep=22
2025-03-03,12,24,dswrf_to_lead,"EGLC,LFPG",OK,short_name=sdswrf units=W m**-2 startStep=18 endStep=24
2025-03-03,12,22,dswrf_to_lead_minus2,"EGLC,LFPG",OK,short_name=sdswrf units=W m**-2 startStep=18 endStep=22
2025-03-16,12,24,dswrf_to_lead,"EGLC,LFPG",OK,short_name=sdswrf units=W m**-2 startStep=18 endStep=24
2025-03-16,12,22,dswrf_to_lead_minus2,"EGLC,LFPG",OK,short_name=sdswrf units=W m**-2 startStep=18 endStep=22
2025-04-01,12,24,dswrf_to_lead,"EGLC,LFPG",OK,short_name=sdswrf units=W m**-2 startStep=18 endStep=24
2025-04-01,12,22,dswrf_to_lead_minus2,"EGLC,LFPG",OK,short_name=sdswrf units=W m**-2 startStep=18 endStep=22
2025-04-25,12,24,dswrf_to_lead,"EGLC,LFPG",OK,short_name=sdswrf units=W m**-2 startStep=18 endStep=24
2025-04-25,12,22,dswrf_to_lead_minus2,"EGLC,LFPG",OK,short_name=sdswrf units=W m**-2 startStep=18 endStep=22
2025-04-28,12,24,dswrf_to_lead,"EGLC,LFPG",OK,short_name=sdswrf units=W m**-2 startStep=18 endStep=24
2025-04-28,12,22,dswrf_to_lead_minus2,"EGLC,LFPG",OK,short_name=sdswrf units=W m**-2 startStep=18 endStep=22
2025-04-05,12,24,dswrf_to_lead,"EGLC,LFPG",OK,short_name=sdswrf units=W m**-2 startStep=18 endStep=24
2025-04-05,12,22,dswrf_to_lead_minus2,"EGLC,LFPG",OK,short_name=sdswrf units=W m**-2 startStep=18 endStep=22
2025-04-30,12,24,dswrf_to_lead,"EGLC,LFPG",OK,short_name=sdswrf units=W m**-2 startStep=18 endStep=24
2025-04-30,12,22,dswrf_to_lead_minus2,"EGLC,LFPG",OK,short_name=sdswrf units=W m**-2 startStep=18 endStep=22
2025-04-23,12,24,dswrf_to_lead,"EGLC,LFPG",OK,short_name=sdswrf units=W m**-2 startStep=18 endStep=24
2025-04-23,12,22,dswrf_to_lead_minus2,"EGLC,LFPG",OK,short_name=sdswrf units=W m**-2 startStep=18 endStep=22
2025-03-17,12,24,dswrf_to_lead,"EGLC,LFPG",OK,short_name=sdswrf units=W m**-2 startStep=18 endStep=24
2025-03-17,12,22,dswrf_to_lead_minus2,"EGLC,LFPG",OK,short_name=sdswrf units=W m**-2 startStep=18 endStep=22
2025-03-20,12,24,dswrf_to_lead,"EGLC,LFPG",OK,short_name=sdswrf units=W m**-2 startStep=18 endStep=24
2025-03-20,12,22,dswrf_to_lead_minus2,"EGLC,LFPG",OK,short_name=sdswrf units=W m**-2 startStep=18 endStep=22
2025-03-15,12,24,dswrf_to_lead,"EGLC,LFPG",OK,short_name=sdswrf units=W m**-2 startStep=18 endStep=24
2025-03-15,12,22,dswrf_to_lead_minus2,"EGLC,LFPG",OK,short_name=sdswrf units=W m**-2 startStep=18 endStep=22
2025-05-05,12,24,dswrf_to_lead,"EGLC,LFPG",OK,short_name=sdswrf units=W m**-2 startStep=18 endStep=24
2025-05-05,12,22,dswrf_to_lead_minus2,"EGLC,LFPG",OK,short_name=sdswrf units=W m**-2 startStep=18 endStep=22
2025-03-28,12,24,dswrf_to_lead,"EGLC,LFPG",OK,short_name=sdswrf units=W m**-2 startStep=18 endStep=24
2025-03-28,12,22,dswrf_to_lead_minus2,"EGLC,LFPG",OK,short_name=sdswrf units=W m**-2 startStep=18 endStep=22
2025-04-10,12,24,dswrf_to_lead,"EGLC,LFPG",OK,short_name=sdswrf units=W m**-2 startStep=18 endStep=24
2025-04-10,12,22,dswrf_to_lead_minus2,"EGLC,LFPG",OK,short_name=sdswrf units=W m**-2 startStep=18 endStep=22
2025-03-24,12,24,dswrf_to_lead,"EGLC,LFPG",OK,short_name=sdswrf units=W m**-2 startStep=18 endStep=24
2025-03-24,12,22,dswrf_to_lead_minus2,"EGLC,LFPG",OK,short_name=sdswrf units=W m**-2 startStep=18 endStep=22
2025-03-31,12,24,dswrf_to_lead,"EGLC,LFPG",OK,short_name=sdswrf units=W m**-2 startStep=18 endStep=24
2025-03-31,12,22,dswrf_to_lead_minus2,"EGLC,LFPG",OK,short_name=sdswrf units=W m**-2 startStep=18 endStep=22
2025-04-26,12,24,dswrf_to_lead,"EGLC,LFPG",OK,short_name=sdswrf units=W m**-2 startStep=18 endStep=24
2025-04-26,12,22,dswrf_to_lead_minus2,"EGLC,LFPG",OK,short_name=sdswrf units=W m**-2 startStep=18 endStep=22
2025-05-07,12,24,dswrf_to_lead,"EGLC,LFPG",OK,short_name=sdswrf units=W m**-2 startStep=18 endStep=24
2025-05-07,12,22,dswrf_to_lead_minus2,"EGLC,LFPG",OK,short_name=sdswrf units=W m**-2 startStep=18 endStep=22
2025-04-21,12,24,dswrf_to_lead,"EGLC,LFPG",OK,short_name=sdswrf units=W m**-2 startStep=18 endStep=24
2025-04-21,12,22,dswrf_to_lead_minus2,"EGLC,LFPG",OK,short_name=sdswrf units=W m**-2 startStep=18 endStep=22
2025-05-08,12,24,dswrf_to_lead,"EGLC,LFPG",OK,short_name=sdswrf units=W m**-2 startStep=18 endStep=24
2025-05-08,12,22,dswrf_to_lead_minus2,"EGLC,LFPG",OK,short_name=sdswrf units=W m**-2 startStep=18 endStep=22
2025-05-02,12,24,dswrf_to_lead,"EGLC,LFPG",OK,short_name=sdswrf units=W m**-2 startStep=18 endStep=24
2025-05-02,12,22,dswrf_to_lead_minus2,"EGLC,LFPG",OK,short_name=sdswrf units=W m**-2 startStep=18 endStep=22
2025-04-17,12,24,dswrf_to_lead,"EGLC,LFPG",OK,short_name=sdswrf units=W m**-2 startStep=18 endStep=24
2025-04-17,12,22,dswrf_to_lead_minus2,"EGLC,LFPG",OK,short_name=sdswrf units=W m**-2 startStep=18 endStep=22
2025-04-04,12,24,dswrf_to_lead,"EGLC,LFPG",OK,short_name=sdswrf units=W m**-2 startStep=18 endStep=24
2025-04-04,12,22,dswrf_to_lead_minus2,"EGLC,LFPG",OK,short_name=sdswrf units=W m**-2 startStep=18 endStep=22
2025-05-11,12,24,dswrf_to_lead,"EGLC,LFPG",OK,short_name=sdswrf units=W m**-2 startStep=18 endStep=24
2025-05-11,12,22,dswrf_to_lead_minus2,"EGLC,LFPG",OK,short_name=sdswrf units=W m**-2 startStep=18 endStep=22
2025-04-22,12,24,dswrf_to_lead,"EGLC,LFPG",OK,short_name=sdswrf units=W m**-2 startStep=18 endStep=24
2025-04-22,12,22,dswrf_to_lead_minus2,"EGLC,LFPG",OK,short_name=sdswrf units=W m**-2 startStep=18 endStep=22
2025-04-16,12,24,dswrf_to_lead,"EGLC,LFPG",OK,short_name=sdswrf units=W m**-2 startStep=18 endStep=24
2025-04-16,12,22,dswrf_to_lead_minus2,"EGLC,LFPG",OK,short_name=sdswrf units=W m**-2 startStep=18 endStep=22
2025-05-06,12,24,dswrf_to_lead,"EGLC,LFPG",OK,short_name=sdswrf units=W m**-2 startStep=18 endStep=24
2025-05-06,12,22,dswrf_to_lead_minus2,"EGLC,LFPG",OK,short_name=sdswrf units=W m**-2 startStep=18 endStep=22
2025-03-26,12,24,dswrf_to_lead,"EGLC,LFPG",OK,short_name=sdswrf units=W m**-2 startStep=18 endStep=24
2025-03-26,12,22,dswrf_to_lead_minus2,"EGLC,LFPG",OK,short_name=sdswrf units=W m**-2 startStep=18 endStep=22
2025-03-23,12,24,dswrf_to_lead,"EGLC,LFPG",OK,short_name=sdswrf units=W m**-2 startStep=18 endStep=24
2025-03-23,12,22,dswrf_to_lead_minus2,"EGLC,LFPG",OK,short_name=sdswrf units=W m**-2 startStep=18 endStep=22
2025-04-24,12,24,dswrf_to_lead,"EGLC,LFPG",OK,short_name=sdswrf units=W m**-2 startStep=18 endStep=24
2025-04-24,12,22,dswrf_to_lead_minus2,"EGLC,LFPG",OK,short_name=sdswrf units=W m**-2 startStep=18 endStep=22
2025-04-06,12,24,dswrf_to_lead,"EGLC,LFPG",OK,short_name=sdswrf units=W m**-2 startStep=18 endStep=24
2025-04-06,12,22,dswrf_to_lead_minus2,"EGLC,LFPG",OK,short_name=sdswrf units=W m**-2 startStep=18 endStep=22
2025-04-18,12,24,dswrf_to_lead,"EGLC,LFPG",OK,short_name=sdswrf units=W m**-2 startStep=18 endStep=24
2025-04-18,12,22,dswrf_to_lead_minus2,"EGLC,LFPG",OK,short_name=sdswrf units=W m**-2 startStep=18 endStep=22
2025-05-04,12,24,dswrf_to_lead,"EGLC,LFPG",OK,short_name=sdswrf units=W m**-2 startStep=18 endStep=24
2025-05-04,12,22,dswrf_to_lead_minus2,"EGLC,LFPG",OK,short_name=sdswrf units=W m**-2 startStep=18 endStep=22
2025-05-27,12,24,dswrf_to_lead,"EGLC,LFPG",OK,short_name=sdswrf units=W m**-2 startStep=18 endStep=24
2025-05-27,12,22,dswrf_to_lead_minus2,"EGLC,LFPG",OK,short_name=sdswrf units=W m**-2 startStep=18 endStep=22
2025-05-23,12,24,dswrf_to_lead,"EGLC,LFPG",OK,short_name=sdswrf units=W m**-2 startStep=18 endStep=24
2025-05-23,12,22,dswrf_to_lead_minus2,"EGLC,LFPG",OK,short_name=sdswrf units=W m**-2 startStep=18 endStep=22
2025-05-10,12,24,dswrf_to_lead,"EGLC,LFPG",OK,short_name=sdswrf units=W m**-2 startStep=18 endStep=24
2025-05-10,12,22,dswrf_to_lead_minus2,"EGLC,LFPG",OK,short_name=sdswrf units=W m**-2 startStep=18 endStep=22
2025-03-22,12,24,dswrf_to_lead,"EGLC,LFPG",OK,short_name=sdswrf units=W m**-2 startStep=18 endStep=24
2025-03-22,12,22,dswrf_to_lead_minus2,"EGLC,LFPG",OK,short_name=sdswrf units=W m**-2 startStep=18 endStep=22
2025-05-01,12,24,dswrf_to_lead,"EGLC,LFPG",OK,short_name=sdswrf units=W m**-2 startStep=18 endStep=24
2025-05-01,12,22,dswrf_to_lead_minus2,"EGLC,LFPG",OK,short_name=sdswrf units=W m**-2 startStep=18 endStep=22
2025-04-08,12,24,dswrf_to_lead,"EGLC,LFPG",OK,short_name=sdswrf units=W m**-2 startStep=18 endStep=24
2025-04-08,12,22,dswrf_to_lead_minus2,"EGLC,LFPG",OK,short_name=sdswrf units=W m**-2 startStep=18 endStep=22
2025-05-16,12,24,dswrf_to_lead,"EGLC,LFPG",OK,short_name=sdswrf units=W m**-2 startStep=18 endStep=24
2025-05-16,12,22,dswrf_to_lead_minus2,"EGLC,LFPG",OK,short_name=sdswrf units=W m**-2 startStep=18 endStep=22
2025-04-20,12,24,dswrf_to_lead,"EGLC,LFPG",OK,short_name=sdswrf units=W m**-2 startStep=18 endStep=24
2025-04-20,12,22,dswrf_to_lead_minus2,"EGLC,LFPG",OK,short_name=sdswrf units=W m**-2 startStep=18 endStep=22
2025-04-14,12,24,dswrf_to_lead,"EGLC,LFPG",OK,short_name=sdswrf units=W m**-2 startStep=18 endStep=24
2025-04-14,12,22,dswrf_to_lead_minus2,"EGLC,LFPG",OK,short_name=sdswrf units=W m**-2 startStep=18 endStep=22
2025-04-07,12,24,dswrf_to_lead,"EGLC,LFPG",OK,short_name=sdswrf units=W m**-2 startStep=18 endStep=24
2025-04-07,12,22,dswrf_to_lead_minus2,"EGLC,LFPG",OK,short_name=sdswrf units=W m**-2 startStep=18 endStep=22
2025-05-14,12,24,dswrf_to_lead,"EGLC,LFPG",OK,short_name=sdswrf units=W m**-2 startStep=18 endStep=24
2025-05-14,12,22,dswrf_to_lead_minus2,"EGLC,LFPG",OK,short_name=sdswrf units=W m**-2 startStep=18 endStep=22
2025-04-09,12,24,dswrf_to_lead,"EGLC,LFPG",OK,short_name=sdswrf units=W m**-2 startStep=18 endStep=24
2025-04-09,12,22,dswrf_to_lead_minus2,"EGLC,LFPG",OK,short_name=sdswrf units=W m**-2 startStep=18 endStep=22
2025-05-20,12,24,dswrf_to_lead,"EGLC,LFPG",OK,short_name=sdswrf units=W m**-2 startStep=18 endStep=24
2025-05-20,12,22,dswrf_to_lead_minus2,"EGLC,LFPG",OK,short_name=sdswrf units=W m**-2 startStep=18 endStep=22
2025-05-12,12,24,dswrf_to_lead,"EGLC,LFPG",OK,short_name=sdswrf units=W m**-2 startStep=18 endStep=24
2025-05-12,12,22,dswrf_to_lead_minus2,"EGLC,LFPG",OK,short_name=sdswrf units=W m**-2 startStep=18 endStep=22
2025-05-18,12,24,dswrf_to_lead,"EGLC,LFPG",OK,short_name=sdswrf units=W m**-2 startStep=18 endStep=24
2025-05-18,12,22,dswrf_to_lead_minus2,"EGLC,LFPG",OK,short_name=sdswrf units=W m**-2 startStep=18 endStep=22
2025-05-21,12,24,dswrf_to_lead,"EGLC,LFPG",OK,short_name=sdswrf units=W m**-2 startStep=18 endStep=24
2025-05-21,12,22,dswrf_to_lead_minus2,"EGLC,LFPG",OK,short_name=sdswrf units=W m**-2 startStep=18 endStep=22
2025-05-30,12,24,dswrf_to_lead,"EGLC,LFPG",OK,short_name=sdswrf units=W m**-2 startStep=18 endStep=24
2025-05-30,12,22,dswrf_to_lead_minus2,"EGLC,LFPG",OK,short_name=sdswrf units=W m**-2 startStep=18 endStep=22
2025-05-28,12,24,dswrf_to_lead,"EGLC,LFPG",OK,short_name=sdswrf units=W m**-2 startStep=18 endStep=24
2025-05-28,12,22,dswrf_to_lead_minus2,"EGLC,LFPG",OK,short_name=sdswrf units=W m**-2 startStep=18 endStep=22
2025-06-04,12,24,dswrf_to_lead,"EGLC,LFPG",OK,short_name=sdswrf units=W m**-2 startStep=18 endStep=24
2025-06-04,12,22,dswrf_to_lead_minus2,"EGLC,LFPG",OK,short_name=sdswrf units=W m**-2 startStep=18 endStep=22
2025-06-05,12,24,dswrf_to_lead,"EGLC,LFPG",OK,short_name=sdswrf units=W m**-2 startStep=18 endStep=24
2025-06-05,12,22,dswrf_to_lead_minus2,"EGLC,LFPG",OK,short_name=sdswrf units=W m**-2 startStep=18 endStep=22
2025-04-27,12,24,dswrf_to_lead,"EGLC,LFPG",OK,short_name=sdswrf units=W m**-2 startStep=18 endStep=24
2025-04-27,12,22,dswrf_to_lead_minus2,"EGLC,LFPG",OK,short_name=sdswrf units=W m**-2 startStep=18 endStep=22
2025-06-02,12,24,dswrf_to_lead,"EGLC,LFPG",OK,short_name=sdswrf units=W m**-2 startStep=18 endStep=24
2025-06-02,12,22,dswrf_to_lead_minus2,"EGLC,LFPG",OK,short_name=sdswrf units=W m**-2 startStep=18 endStep=22
2025-06-15,12,24,dswrf_to_lead,"EGLC,LFPG",OK,short_name=sdswrf units=W m**-2 startStep=18 endStep=24
2025-06-15,12,22,dswrf_to_lead_minus2,"EGLC,LFPG",OK,short_name=sdswrf units=W m**-2 startStep=18 endStep=22
2025-05-26,12,24,dswrf_to_lead,"EGLC,LFPG",OK,short_name=sdswrf units=W m**-2 startStep=18 endStep=24
2025-05-26,12,22,dswrf_to_lead_minus2,"EGLC,LFPG",OK,short_name=sdswrf units=W m**-2 startStep=18 endStep=22
2025-06-13,12,24,dswrf_to_lead,"EGLC,LFPG",OK,short_name=sdswrf units=W m**-2 startStep=18 endStep=24
2025-06-13,12,22,dswrf_to_lead_minus2,"EGLC,LFPG",OK,short_name=sdswrf units=W m**-2 startStep=18 endStep=22
2025-06-06,12,24,dswrf_to_lead,"EGLC,LFPG",OK,short_name=sdswrf units=W m**-2 startStep=18 endStep=24
2025-06-06,12,22,dswrf_to_lead_minus2,"EGLC,LFPG",OK,short_name=sdswrf units=W m**-2 startStep=18 endStep=22
2025-06-08,12,24,dswrf_to_lead,"EGLC,LFPG",OK,short_name=sdswrf units=W m**-2 startStep=18 endStep=24
2025-06-08,12,22,dswrf_to_lead_minus2,"EGLC,LFPG",OK,short_name=sdswrf units=W m**-2 startStep=18 endStep=22
2025-05-03,12,24,dswrf_to_lead,"EGLC,LFPG",OK,short_name=sdswrf units=W m**-2 startStep=18 endStep=24
2025-05-03,12,22,dswrf_to_lead_minus2,"EGLC,LFPG",OK,short_name=sdswrf units=W m**-2 startStep=18 endStep=22
2025-05-09,12,24,dswrf_to_lead,"EGLC,LFPG",OK,short_name=sdswrf units=W m**-2 startStep=18 endStep=24
2025-05-09,12,22,dswrf_to_lead_minus2,"EGLC,LFPG",OK,short_name=sdswrf units=W m**-2 startStep=18 endStep=22
2025-06-21,12,24,dswrf_to_lead,"EGLC,LFPG",OK,short_name=sdswrf units=W m**-2 startStep=18 endStep=24
2025-06-21,12,22,dswrf_to_lead_minus2,"EGLC,LFPG",OK,short_name=sdswrf units=W m**-2 startStep=18 endStep=22
2025-06-14,12,24,dswrf_to_lead,"EGLC,LFPG",OK,short_name=sdswrf units=W m**-2 startStep=18 endStep=24
2025-06-14,12,22,dswrf_to_lead_minus2,"EGLC,LFPG",OK,short_name=sdswrf units=W m**-2 startStep=18 endStep=22
2025-06-12,12,24,dswrf_to_lead,"EGLC,LFPG",OK,short_name=sdswrf units=W m**-2 startStep=18 endStep=24
2025-06-12,12,22,dswrf_to_lead_minus2,"EGLC,LFPG",OK,short_name=sdswrf units=W m**-2 startStep=18 endStep=22
2025-06-19,12,24,dswrf_to_lead,"EGLC,LFPG",OK,short_name=sdswrf units=W m**-2 startStep=18 endStep=24
2025-06-19,12,22,dswrf_to_lead_minus2,"EGLC,LFPG",OK,short_name=sdswrf units=W m**-2 startStep=18 endStep=22
2025-06-16,12,24,dswrf_to_lead,"EGLC,LFPG",OK,short_name=sdswrf units=W m**-2 startStep=18 endStep=24
2025-06-16,12,22,dswrf_to_lead_minus2,"EGLC,LFPG",OK,short_name=sdswrf units=W m**-2 startStep=18 endStep=22
2025-06-29,12,24,dswrf_to_lead,"EGLC,LFPG",OK,short_name=sdswrf units=W m**-2 startStep=18 endStep=24
2025-06-29,12,22,dswrf_to_lead_minus2,"EGLC,LFPG",OK,short_name=sdswrf units=W m**-2 startStep=18 endStep=22
2025-06-10,12,24,dswrf_to_lead,"EGLC,LFPG",OK,short_name=sdswrf units=W m**-2 startStep=18 endStep=24
2025-06-10,12,22,dswrf_to_lead_minus2,"EGLC,LFPG",OK,short_name=sdswrf units=W m**-2 startStep=18 endStep=22
2025-05-17,12,24,dswrf_to_lead,"EGLC,LFPG",OK,short_name=sdswrf units=W m**-2 startStep=18 endStep=24
2025-05-17,12,22,dswrf_to_lead_minus2,"EGLC,LFPG",OK,short_name=sdswrf units=W m**-2 startStep=18 endStep=22
2025-06-11,12,24,dswrf_to_lead,"EGLC,LFPG",OK,short_name=sdswrf units=W m**-2 startStep=18 endStep=24
2025-06-11,12,22,dswrf_to_lead_minus2,"EGLC,LFPG",OK,short_name=sdswrf units=W m**-2 startStep=18 endStep=22
2025-07-01,12,24,dswrf_to_lead,"EGLC,LFPG",OK,short_name=sdswrf units=W m**-2 startStep=18 endStep=24
2025-07-01,12,22,dswrf_to_lead_minus2,"EGLC,LFPG",OK,short_name=sdswrf units=W m**-2 startStep=18 endStep=22
2025-06-24,12,24,dswrf_to_lead,"EGLC,LFPG",OK,short_name=sdswrf units=W m**-2 startStep=18 endStep=24
2025-06-24,12,22,dswrf_to_lead_minus2,"EGLC,LFPG",OK,short_name=sdswrf units=W m**-2 startStep=18 endStep=22
2025-06-27,12,24,dswrf_to_lead,"EGLC,LFPG",OK,short_name=sdswrf units=W m**-2 startStep=18 endStep=24
2025-06-27,12,22,dswrf_to_lead_minus2,"EGLC,LFPG",OK,short_name=sdswrf units=W m**-2 startStep=18 endStep=22
2025-04-29,12,24,dswrf_to_lead,"EGLC,LFPG",OK,short_name=sdswrf units=W m**-2 startStep=18 endStep=24
2025-04-29,12,22,dswrf_to_lead_minus2,"EGLC,LFPG",OK,short_name=sdswrf units=W m**-2 startStep=18 endStep=22
2025-05-19,12,24,dswrf_to_lead,"EGLC,LFPG",OK,short_name=sdswrf units=W m**-2 startStep=18 endStep=24
2025-05-19,12,22,dswrf_to_lead_minus2,"EGLC,LFPG",OK,short_name=sdswrf units=W m**-2 startStep=18 endStep=22
2025-05-22,12,24,dswrf_to_lead,"EGLC,LFPG",OK,short_name=sdswrf units=W m**-2 startStep=18 endStep=24
2025-05-22,12,22,dswrf_to_lead_minus2,"EGLC,LFPG",OK,short_name=sdswrf units=W m**-2 startStep=18 endStep=22
2025-06-03,12,24,dswrf_to_lead,"EGLC,LFPG",OK,short_name=sdswrf units=W m**-2 startStep=18 endStep=24
2025-06-03,12,22,dswrf_to_lead_minus2,"EGLC,LFPG",OK,short_name=sdswrf units=W m**-2 startStep=18 endStep=22
2025-06-22,12,24,dswrf_to_lead,"EGLC,LFPG",OK,short_name=sdswrf units=W m**-2 startStep=18 endStep=24
2025-06-22,12,22,dswrf_to_lead_minus2,"EGLC,LFPG",OK,short_name=sdswrf units=W m**-2 startStep=18 endStep=22
2025-06-23,12,24,dswrf_to_lead,"EGLC,LFPG",OK,short_name=sdswrf units=W m**-2 startStep=18 endStep=24
2025-06-23,12,22,dswrf_to_lead_minus2,"EGLC,LFPG",OK,short_name=sdswrf units=W m**-2 startStep=18 endStep=22
2025-07-10,12,24,dswrf_to_lead,"EGLC,LFPG",OK,short_name=sdswrf units=W m**-2 startStep=18 endStep=24
2025-07-10,12,22,dswrf_to_lead_minus2,"EGLC,LFPG",OK,short_name=sdswrf units=W m**-2 startStep=18 endStep=22
2025-06-20,12,24,dswrf_to_lead,"EGLC,LFPG",OK,short_name=sdswrf units=W m**-2 startStep=18 endStep=24
2025-06-20,12,22,dswrf_to_lead_minus2,"EGLC,LFPG",OK,short_name=sdswrf units=W m**-2 startStep=18 endStep=22
2025-06-09,12,24,dswrf_to_lead,"EGLC,LFPG",OK,short_name=sdswrf units=W m**-2 startStep=18 endStep=24
2025-06-09,12,22,dswrf_to_lead_minus2,"EGLC,LFPG",OK,short_name=sdswrf units=W m**-2 startStep=18 endStep=22
2025-07-03,12,24,dswrf_to_lead,"EGLC,LFPG",OK,short_name=sdswrf units=W m**-2 startStep=18 endStep=24
2025-07-03,12,22,dswrf_to_lead_minus2,"EGLC,LFPG",OK,short_name=sdswrf units=W m**-2 startStep=18 endStep=22
2025-06-01,12,24,dswrf_to_lead,"EGLC,LFPG",OK,short_name=sdswrf units=W m**-2 startStep=18 endStep=24
2025-06-01,12,22,dswrf_to_lead_minus2,"EGLC,LFPG",OK,short_name=sdswrf units=W m**-2 startStep=18 endStep=22
2025-05-15,12,24,dswrf_to_lead,"EGLC,LFPG",OK,short_name=sdswrf units=W m**-2 startStep=18 endStep=24
2025-05-15,12,22,dswrf_to_lead_minus2,"EGLC,LFPG",OK,short_name=sdswrf units=W m**-2 startStep=18 endStep=22
2025-07-24,12,24,dswrf_to_lead,"EGLC,LFPG",OK,short_name=sdswrf units=W m**-2 startStep=18 endStep=24
2025-07-24,12,22,dswrf_to_lead_minus2,"EGLC,LFPG",OK,short_name=sdswrf units=W m**-2 startStep=18 endStep=22
2025-07-04,12,24,dswrf_to_lead,"EGLC,LFPG",OK,short_name=sdswrf units=W m**-2 startStep=18 endStep=24
2025-07-04,12,22,dswrf_to_lead_minus2,"EGLC,LFPG",OK,short_name=sdswrf units=W m**-2 startStep=18 endStep=22
2025-05-31,12,24,dswrf_to_lead,"EGLC,LFPG",OK,short_name=sdswrf units=W m**-2 startStep=18 endStep=24
2025-05-31,12,22,dswrf_to_lead_minus2,"EGLC,LFPG",OK,short_name=sdswrf units=W m**-2 startStep=18 endStep=22
2025-05-24,12,24,dswrf_to_lead,"EGLC,LFPG",OK,short_name=sdswrf units=W m**-2 startStep=18 endStep=24
2025-05-24,12,22,dswrf_to_lead_minus2,"EGLC,LFPG",OK,short_name=sdswrf units=W m**-2 startStep=18 endStep=22
2025-07-02,12,24,dswrf_to_lead,"EGLC,LFPG",OK,short_name=sdswrf units=W m**-2 startStep=18 endStep=24
2025-07-02,12,22,dswrf_to_lead_minus2,"EGLC,LFPG",OK,short_name=sdswrf units=W m**-2 startStep=18 endStep=22
2025-07-05,12,24,dswrf_to_lead,"EGLC,LFPG",OK,short_name=sdswrf units=W m**-2 startStep=18 endStep=24
2025-07-05,12,22,dswrf_to_lead_minus2,"EGLC,LFPG",OK,short_name=sdswrf units=W m**-2 startStep=18 endStep=22
2025-07-14,12,24,dswrf_to_lead,"EGLC,LFPG",OK,short_name=sdswrf units=W m**-2 startStep=18 endStep=24
2025-07-14,12,22,dswrf_to_lead_minus2,"EGLC,LFPG",OK,short_name=sdswrf units=W m**-2 startStep=18 endStep=22
2025-06-25,12,24,dswrf_to_lead,"EGLC,LFPG",OK,short_name=sdswrf units=W m**-2 startStep=18 endStep=24
2025-06-25,12,22,dswrf_to_lead_minus2,"EGLC,LFPG",OK,short_name=sdswrf units=W m**-2 startStep=18 endStep=22
2025-05-25,12,24,dswrf_to_lead,"EGLC,LFPG",OK,short_name=sdswrf units=W m**-2 startStep=18 endStep=24
2025-05-25,12,22,dswrf_to_lead_minus2,"EGLC,LFPG",OK,short_name=sdswrf units=W m**-2 startStep=18 endStep=22
2025-06-17,12,24,dswrf_to_lead,"EGLC,LFPG",OK,short_name=sdswrf units=W m**-2 startStep=18 endStep=24
2025-06-17,12,22,dswrf_to_lead_minus2,"EGLC,LFPG",OK,short_name=sdswrf units=W m**-2 startStep=18 endStep=22
2025-05-29,12,24,dswrf_to_lead,"EGLC,LFPG",OK,short_name=sdswrf units=W m**-2 startStep=18 endStep=24
2025-05-29,12,22,dswrf_to_lead_minus2,"EGLC,LFPG",OK,short_name=sdswrf units=W m**-2 startStep=18 endStep=22
2025-07-09,12,24,dswrf_to_lead,"EGLC,LFPG",OK,short_name=sdswrf units=W m**-2 startStep=18 endStep=24
2025-07-09,12,22,dswrf_to_lead_minus2,"EGLC,LFPG",OK,short_name=sdswrf units=W m**-2 startStep=18 endStep=22
2025-07-22,12,24,dswrf_to_lead,"EGLC,LFPG",OK,short_name=sdswrf units=W m**-2 startStep=18 endStep=24
2025-07-22,12,22,dswrf_to_lead_minus2,"EGLC,LFPG",OK,short_name=sdswrf units=W m**-2 startStep=18 endStep=22
2025-05-13,12,24,dswrf_to_lead,"EGLC,LFPG",OK,short_name=sdswrf units=W m**-2 startStep=18 endStep=24
2025-05-13,12,22,dswrf_to_lead_minus2,"EGLC,LFPG",OK,short_name=sdswrf units=W m**-2 startStep=18 endStep=22
2025-07-19,12,24,dswrf_to_lead,"EGLC,LFPG",OK,short_name=sdswrf units=W m**-2 startStep=18 endStep=24
2025-07-19,12,22,dswrf_to_lead_minus2,"EGLC,LFPG",OK,short_name=sdswrf units=W m**-2 startStep=18 endStep=22
2025-07-23,12,24,dswrf_to_lead,"EGLC,LFPG",OK,short_name=sdswrf units=W m**-2 startStep=18 endStep=24
2025-07-23,12,22,dswrf_to_lead_minus2,"EGLC,LFPG",OK,short_name=sdswrf units=W m**-2 startStep=18 endStep=22
2025-07-15,12,24,dswrf_to_lead,"EGLC,LFPG",OK,short_name=sdswrf units=W m**-2 startStep=18 endStep=24
2025-07-15,12,22,dswrf_to_lead_minus2,"EGLC,LFPG",OK,short_name=sdswrf units=W m**-2 startStep=18 endStep=22
2025-07-12,12,24,dswrf_to_lead,"EGLC,LFPG",OK,short_name=sdswrf units=W m**-2 startStep=18 endStep=24
2025-07-12,12,22,dswrf_to_lead_minus2,"EGLC,LFPG",OK,short_name=sdswrf units=W m**-2 startStep=18 endStep=22
2025-07-06,12,24,dswrf_to_lead,"EGLC,LFPG",OK,short_name=sdswrf units=W m**-2 startStep=18 endStep=24
2025-07-06,12,22,dswrf_to_lead_minus2,"EGLC,LFPG",OK,short_name=sdswrf units=W m**-2 startStep=18 endStep=22
2025-06-07,12,24,dswrf_to_lead,"EGLC,LFPG",OK,short_name=sdswrf units=W m**-2 startStep=18 endStep=24
2025-06-07,12,22,dswrf_to_lead_minus2,"EGLC,LFPG",OK,short_name=sdswrf units=W m**-2 startStep=18 endStep=22
2024-08-02,18,24,dswrf_to_lead,DSM,OK,short_name=sdswrf units=W m**-2 startStep=18 endStep=24
2024-08-02,18,22,dswrf_to_lead_minus2,DSM,OK,short_name=sdswrf units=W m**-2 startStep=18 endStep=22
2025-07-27,12,24,dswrf_to_lead,"EGLC,LFPG",OK,short_name=sdswrf units=W m**-2 startStep=18 endStep=24
2025-07-27,12,22,dswrf_to_lead_minus2,"EGLC,LFPG",OK,short_name=sdswrf units=W m**-2 startStep=18 endStep=22
2025-06-18,12,24,dswrf_to_lead,"EGLC,LFPG",OK,short_name=sdswrf units=W m**-2 startStep=18 endStep=24
2025-06-18,12,22,dswrf_to_lead_minus2,"EGLC,LFPG",OK,short_name=sdswrf units=W m**-2 startStep=18 endStep=22
2024-08-01,18,24,dswrf_to_lead,DSM,OK,short_name=sdswrf units=W m**-2 startStep=18 endStep=24
2024-08-01,18,22,dswrf_to_lead_minus2,DSM,OK,short_name=sdswrf units=W m**-2 startStep=18 endStep=22
2024-08-16,18,24,dswrf_to_lead,DSM,OK,short_name=sdswrf units=W m**-2 startStep=18 endStep=24
2024-08-16,18,22,dswrf_to_lead_minus2,DSM,OK,short_name=sdswrf units=W m**-2 startStep=18 endStep=22
2024-08-17,18,24,dswrf_to_lead,DSM,OK,short_name=sdswrf units=W m**-2 startStep=18 endStep=24
2024-08-17,18,22,dswrf_to_lead_minus2,DSM,OK,short_name=sdswrf units=W m**-2 startStep=18 endStep=22
2024-07-31,18,24,dswrf_to_lead,DSM,OK,short_name=sdswrf units=W m**-2 startStep=18 endStep=24
2024-07-31,18,22,dswrf_to_lead_minus2,DSM,OK,short_name=sdswrf units=W m**-2 startStep=18 endStep=22
2025-07-21,12,24,dswrf_to_lead,"EGLC,LFPG",OK,short_name=sdswrf units=W m**-2 startStep=18 endStep=24
2025-07-21,12,22,dswrf_to_lead_minus2,"EGLC,LFPG",OK,short_name=sdswrf units=W m**-2 startStep=18 endStep=22
2025-06-28,12,24,dswrf_to_lead,"EGLC,LFPG",OK,short_name=sdswrf units=W m**-2 startStep=18 endStep=24
2025-06-28,12,22,dswrf_to_lead_minus2,"EGLC,LFPG",OK,short_name=sdswrf units=W m**-2 startStep=18 endStep=22
2024-08-19,18,24,dswrf_to_lead,DSM,OK,short_name=sdswrf units=W m**-2 startStep=18 endStep=24
2024-08-19,18,22,dswrf_to_lead_minus2,DSM,OK,short_name=sdswrf units=W m**-2 startStep=18 endStep=22
2025-07-16,12,24,dswrf_to_lead,"EGLC,LFPG",OK,short_name=sdswrf units=W m**-2 startStep=18 endStep=24
2025-07-16,12,22,dswrf_to_lead_minus2,"EGLC,LFPG",OK,short_name=sdswrf units=W m**-2 startStep=18 endStep=22
2024-08-13,18,24,dswrf_to_lead,DSM,OK,short_name=sdswrf units=W m**-2 startStep=18 endStep=24
2024-08-13,18,22,dswrf_to_lead_minus2,DSM,OK,short_name=sdswrf units=W m**-2 startStep=18 endStep=22
2024-08-21,18,24,dswrf_to_lead,DSM,OK,short_name=sdswrf units=W m**-2 startStep=18 endStep=24
2024-08-21,18,22,dswrf_to_lead_minus2,DSM,OK,short_name=sdswrf units=W m**-2 startStep=18 endStep=22
2024-08-18,18,24,dswrf_to_lead,DSM,OK,short_name=sdswrf units=W m**-2 startStep=18 endStep=24
2024-08-18,18,22,dswrf_to_lead_minus2,DSM,OK,short_name=sdswrf units=W m**-2 startStep=18 endStep=22
2025-07-11,12,24,dswrf_to_lead,"EGLC,LFPG",OK,short_name=sdswrf units=W m**-2 startStep=18 endStep=24
2025-07-11,12,22,dswrf_to_lead_minus2,"EGLC,LFPG",OK,short_name=sdswrf units=W m**-2 startStep=18 endStep=22
2025-07-29,12,24,dswrf_to_lead,"EGLC,LFPG",OK,short_name=sdswrf units=W m**-2 startStep=18 endStep=24
2025-07-29,12,22,dswrf_to_lead_minus2,"EGLC,LFPG",OK,short_name=sdswrf units=W m**-2 startStep=18 endStep=22
2025-07-08,12,24,dswrf_to_lead,"EGLC,LFPG",OK,short_name=sdswrf units=W m**-2 startStep=18 endStep=24
2025-07-08,12,22,dswrf_to_lead_minus2,"EGLC,LFPG",OK,short_name=sdswrf units=W m**-2 startStep=18 endStep=22
2024-08-09,18,24,dswrf_to_lead,DSM,OK,short_name=sdswrf units=W m**-2 startStep=18 endStep=24
2024-08-09,18,22,dswrf_to_lead_minus2,DSM,OK,short_name=sdswrf units=W m**-2 startStep=18 endStep=22
2025-07-30,12,24,dswrf_to_lead,"EGLC,LFPG",OK,short_name=sdswrf units=W m**-2 startStep=18 endStep=24
2025-07-30,12,22,dswrf_to_lead_minus2,"EGLC,LFPG",OK,short_name=sdswrf units=W m**-2 startStep=18 endStep=22
2025-07-26,12,24,dswrf_to_lead,"EGLC,LFPG",OK,short_name=sdswrf units=W m**-2 startStep=18 endStep=24
2025-07-26,12,22,dswrf_to_lead_minus2,"EGLC,LFPG",OK,short_name=sdswrf units=W m**-2 startStep=18 endStep=22
2025-07-17,12,24,dswrf_to_lead,"EGLC,LFPG",OK,short_name=sdswrf units=W m**-2 startStep=18 endStep=24
2025-07-17,12,22,dswrf_to_lead_minus2,"EGLC,LFPG",OK,short_name=sdswrf units=W m**-2 startStep=18 endStep=22
2025-07-07,12,24,dswrf_to_lead,"EGLC,LFPG",OK,short_name=sdswrf units=W m**-2 startStep=18 endStep=24
2025-07-07,12,22,dswrf_to_lead_minus2,"EGLC,LFPG",OK,short_name=sdswrf units=W m**-2 startStep=18 endStep=22
2024-08-08,18,24,dswrf_to_lead,DSM,OK,short_name=sdswrf units=W m**-2 startStep=18 endStep=24
2024-08-08,18,22,dswrf_to_lead_minus2,DSM,OK,short_name=sdswrf units=W m**-2 startStep=18 endStep=22
2024-08-03,18,24,dswrf_to_lead,DSM,OK,short_name=sdswrf units=W m**-2 startStep=18 endStep=24
2024-08-03,18,22,dswrf_to_lead_minus2,DSM,OK,short_name=sdswrf units=W m**-2 startStep=18 endStep=22
2025-07-13,12,24,dswrf_to_lead,"EGLC,LFPG",OK,short_name=sdswrf units=W m**-2 startStep=18 endStep=24
2025-07-13,12,22,dswrf_to_lead_minus2,"EGLC,LFPG",OK,short_name=sdswrf units=W m**-2 startStep=18 endStep=22
2024-08-14,18,24,dswrf_to_lead,DSM,OK,short_name=sdswrf units=W m**-2 startStep=18 endStep=24
2024-08-14,18,22,dswrf_to_lead_minus2,DSM,OK,short_name=sdswrf units=W m**-2 startStep=18 endStep=22
2025-07-28,12,24,dswrf_to_lead,"EGLC,LFPG",OK,short_name=sdswrf units=W m**-2 startStep=18 endStep=24
2025-07-28,12,22,dswrf_to_lead_minus2,"EGLC,LFPG",OK,short_name=sdswrf units=W m**-2 startStep=18 endStep=22
2024-08-23,18,24,dswrf_to_lead,DSM,OK,short_name=sdswrf units=W m**-2 startStep=18 endStep=24
2024-08-23,18,22,dswrf_to_lead_minus2,DSM,OK,short_name=sdswrf units=W m**-2 startStep=18 endStep=22
2024-08-12,18,24,dswrf_to_lead,DSM,OK,short_name=sdswrf units=W m**-2 startStep=18 endStep=24
2024-08-12,18,22,dswrf_to_lead_minus2,DSM,OK,short_name=sdswrf units=W m**-2 startStep=18 endStep=22
2025-06-26,12,24,dswrf_to_lead,"EGLC,LFPG",OK,short_name=sdswrf units=W m**-2 startStep=18 endStep=24
2025-06-26,12,22,dswrf_to_lead_minus2,"EGLC,LFPG",OK,short_name=sdswrf units=W m**-2 startStep=18 endStep=22
2024-09-04,18,24,dswrf_to_lead,DSM,OK,short_name=sdswrf units=W m**-2 startStep=18 endStep=24
2024-09-04,18,22,dswrf_to_lead_minus2,DSM,OK,short_name=sdswrf units=W m**-2 startStep=18 endStep=22
2024-08-24,18,24,dswrf_to_lead,DSM,OK,short_name=sdswrf units=W m**-2 startStep=18 endStep=24
2024-08-24,18,22,dswrf_to_lead_minus2,DSM,OK,short_name=sdswrf units=W m**-2 startStep=18 endStep=22
2025-07-25,12,24,dswrf_to_lead,"EGLC,LFPG",OK,short_name=sdswrf units=W m**-2 startStep=18 endStep=24
2025-07-25,12,22,dswrf_to_lead_minus2,"EGLC,LFPG",OK,short_name=sdswrf units=W m**-2 startStep=18 endStep=22
2024-09-10,18,24,dswrf_to_lead,DSM,OK,short_name=sdswrf units=W m**-2 startStep=18 endStep=24
2024-09-10,18,22,dswrf_to_lead_minus2,DSM,OK,short_name=sdswrf units=W m**-2 startStep=18 endStep=22
2024-08-07,18,24,dswrf_to_lead,DSM,OK,short_name=sdswrf units=W m**-2 startStep=18 endStep=24
2024-08-07,18,22,dswrf_to_lead_minus2,DSM,OK,short_name=sdswrf units=W m**-2 startStep=18 endStep=22
2025-07-18,12,24,dswrf_to_lead,"EGLC,LFPG",OK,short_name=sdswrf units=W m**-2 startStep=18 endStep=24
2025-07-18,12,22,dswrf_to_lead_minus2,"EGLC,LFPG",OK,short_name=sdswrf units=W m**-2 startStep=18 endStep=22
2024-09-08,18,24,dswrf_to_lead,DSM,OK,short_name=sdswrf units=W m**-2 startStep=18 endStep=24
2024-09-08,18,22,dswrf_to_lead_minus2,DSM,OK,short_name=sdswrf units=W m**-2 startStep=18 endStep=22
2024-08-28,18,24,dswrf_to_lead,DSM,OK,short_name=sdswrf units=W m**-2 startStep=18 endStep=24
2024-08-28,18,22,dswrf_to_lead_minus2,DSM,OK,short_name=sdswrf units=W m**-2 startStep=18 endStep=22
2024-09-01,18,24,dswrf_to_lead,DSM,OK,short_name=sdswrf units=W m**-2 startStep=18 endStep=24
2024-09-01,18,22,dswrf_to_lead_minus2,DSM,OK,short_name=sdswrf units=W m**-2 startStep=18 endStep=22
2025-07-20,12,24,dswrf_to_lead,"EGLC,LFPG",OK,short_name=sdswrf units=W m**-2 startStep=18 endStep=24
2025-07-20,12,22,dswrf_to_lead_minus2,"EGLC,LFPG",OK,short_name=sdswrf units=W m**-2 startStep=18 endStep=22
2024-08-04,18,24,dswrf_to_lead,DSM,OK,short_name=sdswrf units=W m**-2 startStep=18 endStep=24
2024-08-04,18,22,dswrf_to_lead_minus2,DSM,OK,short_name=sdswrf units=W m**-2 startStep=18 endStep=22
2024-08-20,18,24,dswrf_to_lead,DSM,OK,short_name=sdswrf units=W m**-2 startStep=18 endStep=24
2024-08-20,18,22,dswrf_to_lead_minus2,DSM,OK,short_name=sdswrf units=W m**-2 startStep=18 endStep=22
2024-08-05,18,24,dswrf_to_lead,DSM,OK,short_name=sdswrf units=W m**-2 startStep=18 endStep=24
2024-08-05,18,22,dswrf_to_lead_minus2,DSM,OK,short_name=sdswrf units=W m**-2 startStep=18 endStep=22
2024-09-15,18,24,dswrf_to_lead,DSM,OK,short_name=sdswrf units=W m**-2 startStep=18 endStep=24
2024-09-15,18,22,dswrf_to_lead_minus2,DSM,OK,short_name=sdswrf units=W m**-2 startStep=18 endStep=22
2024-08-11,18,24,dswrf_to_lead,DSM,OK,short_name=sdswrf units=W m**-2 startStep=18 endStep=24
2024-08-11,18,22,dswrf_to_lead_minus2,DSM,OK,short_name=sdswrf units=W m**-2 startStep=18 endStep=22
2024-09-14,18,24,dswrf_to_lead,DSM,OK,short_name=sdswrf units=W m**-2 startStep=18 endStep=24
2024-09-14,18,22,dswrf_to_lead_minus2,DSM,OK,short_name=sdswrf units=W m**-2 startStep=18 endStep=22
2024-08-29,18,24,dswrf_to_lead,DSM,OK,short_name=sdswrf units=W m**-2 startStep=18 endStep=24
2024-08-29,18,22,dswrf_to_lead_minus2,DSM,OK,short_name=sdswrf units=W m**-2 startStep=18 endStep=22
2025-06-30,12,24,dswrf_to_lead,"EGLC,LFPG",OK,short_name=sdswrf units=W m**-2 startStep=18 endStep=24
2025-06-30,12,22,dswrf_to_lead_minus2,"EGLC,LFPG",OK,short_name=sdswrf units=W m**-2 startStep=18 endStep=22
2024-09-16,18,24,dswrf_to_lead,DSM,OK,short_name=sdswrf units=W m**-2 startStep=18 endStep=24
2024-09-16,18,22,dswrf_to_lead_minus2,DSM,OK,short_name=sdswrf units=W m**-2 startStep=18 endStep=22
2024-09-21,18,24,dswrf_to_lead,DSM,OK,short_name=sdswrf units=W m**-2 startStep=18 endStep=24
2024-09-21,18,22,dswrf_to_lead_minus2,DSM,OK,short_name=sdswrf units=W m**-2 startStep=18 endStep=22
2024-09-18,18,24,dswrf_to_lead,DSM,OK,short_name=sdswrf units=W m**-2 startStep=18 endStep=24
2024-09-18,18,22,dswrf_to_lead_minus2,DSM,OK,short_name=sdswrf units=W m**-2 startStep=18 endStep=22
2024-08-06,18,24,dswrf_to_lead,DSM,OK,short_name=sdswrf units=W m**-2 startStep=18 endStep=24
2024-08-06,18,22,dswrf_to_lead_minus2,DSM,OK,short_name=sdswrf units=W m**-2 startStep=18 endStep=22
2024-09-13,18,24,dswrf_to_lead,DSM,OK,short_name=sdswrf units=W m**-2 startStep=18 endStep=24
2024-09-13,18,22,dswrf_to_lead_minus2,DSM,OK,short_name=sdswrf units=W m**-2 startStep=18 endStep=22
2024-08-26,18,24,dswrf_to_lead,DSM,OK,short_name=sdswrf units=W m**-2 startStep=18 endStep=24
2024-08-26,18,22,dswrf_to_lead_minus2,DSM,OK,short_name=sdswrf units=W m**-2 startStep=18 endStep=22
2024-08-22,18,24,dswrf_to_lead,DSM,OK,short_name=sdswrf units=W m**-2 startStep=18 endStep=24
2024-08-22,18,22,dswrf_to_lead_minus2,DSM,OK,short_name=sdswrf units=W m**-2 startStep=18 endStep=22
2024-09-26,18,24,dswrf_to_lead,DSM,OK,short_name=sdswrf units=W m**-2 startStep=18 endStep=24
2024-09-26,18,22,dswrf_to_lead_minus2,DSM,OK,short_name=sdswrf units=W m**-2 startStep=18 endStep=22
2024-09-20,18,24,dswrf_to_lead,DSM,OK,short_name=sdswrf units=W m**-2 startStep=18 endStep=24
2024-09-20,18,22,dswrf_to_lead_minus2,DSM,OK,short_name=sdswrf units=W m**-2 startStep=18 endStep=22
2024-09-06,18,24,dswrf_to_lead,DSM,OK,short_name=sdswrf units=W m**-2 startStep=18 endStep=24
2024-09-06,18,22,dswrf_to_lead_minus2,DSM,OK,short_name=sdswrf units=W m**-2 startStep=18 endStep=22
2024-08-30,18,24,dswrf_to_lead,DSM,OK,short_name=sdswrf units=W m**-2 startStep=18 endStep=24
2024-08-30,18,22,dswrf_to_lead_minus2,DSM,OK,short_name=sdswrf units=W m**-2 startStep=18 endStep=22
2024-09-07,18,24,dswrf_to_lead,DSM,OK,short_name=sdswrf units=W m**-2 startStep=18 endStep=24
2024-09-07,18,22,dswrf_to_lead_minus2,DSM,OK,short_name=sdswrf units=W m**-2 startStep=18 endStep=22
2024-09-27,18,24,dswrf_to_lead,DSM,OK,short_name=sdswrf units=W m**-2 startStep=18 endStep=24
2024-09-27,18,22,dswrf_to_lead_minus2,DSM,OK,short_name=sdswrf units=W m**-2 startStep=18 endStep=22
2024-09-29,18,24,dswrf_to_lead,DSM,OK,short_name=sdswrf units=W m**-2 startStep=18 endStep=24
2024-09-29,18,22,dswrf_to_lead_minus2,DSM,OK,short_name=sdswrf units=W m**-2 startStep=18 endStep=22
2024-09-03,18,24,dswrf_to_lead,DSM,OK,short_name=sdswrf units=W m**-2 startStep=18 endStep=24
2024-09-03,18,22,dswrf_to_lead_minus2,DSM,OK,short_name=sdswrf units=W m**-2 startStep=18 endStep=22
2024-10-13,18,24,dswrf_to_lead,DSM,OK,short_name=sdswrf units=W m**-2 startStep=18 endStep=24
2024-10-13,18,22,dswrf_to_lead_minus2,DSM,OK,short_name=sdswrf units=W m**-2 startStep=18 endStep=22
2024-10-02,18,24,dswrf_to_lead,DSM,OK,short_name=sdswrf units=W m**-2 startStep=18 endStep=24
2024-10-02,18,22,dswrf_to_lead_minus2,DSM,OK,short_name=sdswrf units=W m**-2 startStep=18 endStep=22
2024-09-28,18,24,dswrf_to_lead,DSM,OK,short_name=sdswrf units=W m**-2 startStep=18 endStep=24
2024-09-28,18,22,dswrf_to_lead_minus2,DSM,OK,short_name=sdswrf units=W m**-2 startStep=18 endStep=22
2024-10-01,18,24,dswrf_to_lead,DSM,OK,short_name=sdswrf units=W m**-2 startStep=18 endStep=24
2024-10-01,18,22,dswrf_to_lead_minus2,DSM,OK,short_name=sdswrf units=W m**-2 startStep=18 endStep=22
2024-09-02,18,24,dswrf_to_lead,DSM,OK,short_name=sdswrf units=W m**-2 startStep=18 endStep=24
2024-09-02,18,22,dswrf_to_lead_minus2,DSM,OK,short_name=sdswrf units=W m**-2 startStep=18 endStep=22
2024-08-25,18,24,dswrf_to_lead,DSM,OK,short_name=sdswrf units=W m**-2 startStep=18 endStep=24
2024-08-25,18,22,dswrf_to_lead_minus2,DSM,OK,short_name=sdswrf units=W m**-2 startStep=18 endStep=22
2024-08-10,18,24,dswrf_to_lead,DSM,OK,short_name=sdswrf units=W m**-2 startStep=18 endStep=24
2024-08-10,18,22,dswrf_to_lead_minus2,DSM,OK,short_name=sdswrf units=W m**-2 startStep=18 endStep=22
2024-10-03,18,24,dswrf_to_lead,DSM,OK,short_name=sdswrf units=W m**-2 startStep=18 endStep=24
2024-10-03,18,22,dswrf_to_lead_minus2,DSM,OK,short_name=sdswrf units=W m**-2 startStep=18 endStep=22
2024-08-31,18,24,dswrf_to_lead,DSM,OK,short_name=sdswrf units=W m**-2 startStep=18 endStep=24
2024-08-31,18,22,dswrf_to_lead_minus2,DSM,OK,short_name=sdswrf units=W m**-2 startStep=18 endStep=22
2024-09-17,18,24,dswrf_to_lead,DSM,OK,short_name=sdswrf units=W m**-2 startStep=18 endStep=24
2024-09-17,18,22,dswrf_to_lead_minus2,DSM,OK,short_name=sdswrf units=W m**-2 startStep=18 endStep=22
2024-09-05,18,24,dswrf_to_lead,DSM,OK,short_name=sdswrf units=W m**-2 startStep=18 endStep=24
2024-09-05,18,22,dswrf_to_lead_minus2,DSM,OK,short_name=sdswrf units=W m**-2 startStep=18 endStep=22
2024-10-15,18,24,dswrf_to_lead,DSM,OK,short_name=sdswrf units=W m**-2 startStep=18 endStep=24
2024-10-15,18,22,dswrf_to_lead_minus2,DSM,OK,short_name=sdswrf units=W m**-2 startStep=18 endStep=22
2024-09-09,18,24,dswrf_to_lead,DSM,OK,short_name=sdswrf units=W m**-2 startStep=18 endStep=24
2024-09-09,18,22,dswrf_to_lead_minus2,DSM,OK,short_name=sdswrf units=W m**-2 startStep=18 endStep=22
2024-11-02,18,24,dswrf_to_lead,DSM,OK,short_name=sdswrf units=W m**-2 startStep=18 endStep=24
2024-11-02,18,22,dswrf_to_lead_minus2,DSM,OK,short_name=sdswrf units=W m**-2 startStep=18 endStep=22
2024-10-06,18,24,dswrf_to_lead,DSM,OK,short_name=sdswrf units=W m**-2 startStep=18 endStep=24
2024-10-06,18,22,dswrf_to_lead_minus2,DSM,OK,short_name=sdswrf units=W m**-2 startStep=18 endStep=22
2024-09-11,18,24,dswrf_to_lead,DSM,OK,short_name=sdswrf units=W m**-2 startStep=18 endStep=24
2024-09-11,18,22,dswrf_to_lead_minus2,DSM,OK,short_name=sdswrf units=W m**-2 startStep=18 endStep=22
2024-08-27,18,24,dswrf_to_lead,DSM,OK,short_name=sdswrf units=W m**-2 startStep=18 endStep=24
2024-08-27,18,22,dswrf_to_lead_minus2,DSM,OK,short_name=sdswrf units=W m**-2 startStep=18 endStep=22
2024-11-03,18,24,dswrf_to_lead,DSM,OK,short_name=sdswrf units=W m**-2 startStep=18 endStep=24
2024-11-03,18,22,dswrf_to_lead_minus2,DSM,OK,short_name=sdswrf units=W m**-2 startStep=18 endStep=22
2024-10-20,18,24,dswrf_to_lead,DSM,OK,short_name=sdswrf units=W m**-2 startStep=18 endStep=24
2024-10-20,18,22,dswrf_to_lead_minus2,DSM,OK,short_name=sdswrf units=W m**-2 startStep=18 endStep=22
2024-09-23,18,24,dswrf_to_lead,DSM,OK,short_name=sdswrf units=W m**-2 startStep=18 endStep=24
2024-09-23,18,22,dswrf_to_lead_minus2,DSM,OK,short_name=sdswrf units=W m**-2 startStep=18 endStep=22
2024-09-30,18,24,dswrf_to_lead,DSM,OK,short_name=sdswrf units=W m**-2 startStep=18 endStep=24
2024-09-30,18,22,dswrf_to_lead_minus2,DSM,OK,short_name=sdswrf units=W m**-2 startStep=18 endStep=22
2024-10-14,18,24,dswrf_to_lead,DSM,OK,short_name=sdswrf units=W m**-2 startStep=18 endStep=24
2024-10-14,18,22,dswrf_to_lead_minus2,DSM,OK,short_name=sdswrf units=W m**-2 startStep=18 endStep=22
2024-09-24,18,24,dswrf_to_lead,DSM,OK,short_name=sdswrf units=W m**-2 startStep=18 endStep=24
2024-09-24,18,22,dswrf_to_lead_minus2,DSM,OK,short_name=sdswrf units=W m**-2 startStep=18 endStep=22
2024-09-12,18,24,dswrf_to_lead,DSM,OK,short_name=sdswrf units=W m**-2 startStep=18 endStep=24
2024-09-12,18,22,dswrf_to_lead_minus2,DSM,OK,short_name=sdswrf units=W m**-2 startStep=18 endStep=22
2024-09-19,18,24,dswrf_to_lead,DSM,OK,short_name=sdswrf units=W m**-2 startStep=18 endStep=24
2024-09-19,18,22,dswrf_to_lead_minus2,DSM,OK,short_name=sdswrf units=W m**-2 startStep=18 endStep=22
2024-10-21,18,24,dswrf_to_lead,DSM,OK,short_name=sdswrf units=W m**-2 startStep=18 endStep=24
2024-10-21,18,22,dswrf_to_lead_minus2,DSM,OK,short_name=sdswrf units=W m**-2 startStep=18 endStep=22
2024-09-25,18,24,dswrf_to_lead,DSM,OK,short_name=sdswrf units=W m**-2 startStep=18 endStep=24
2024-09-25,18,22,dswrf_to_lead_minus2,DSM,OK,short_name=sdswrf units=W m**-2 startStep=18 endStep=22
2024-09-22,18,24,dswrf_to_lead,DSM,OK,short_name=sdswrf units=W m**-2 startStep=18 endStep=24
2024-09-22,18,22,dswrf_to_lead_minus2,DSM,OK,short_name=sdswrf units=W m**-2 startStep=18 endStep=22
2024-10-05,18,24,dswrf_to_lead,DSM,OK,short_name=sdswrf units=W m**-2 startStep=18 endStep=24
2024-10-05,18,22,dswrf_to_lead_minus2,DSM,OK,short_name=sdswrf units=W m**-2 startStep=18 endStep=22
2024-10-18,18,24,dswrf_to_lead,DSM,OK,short_name=sdswrf units=W m**-2 startStep=18 endStep=24
2024-10-18,18,22,dswrf_to_lead_minus2,DSM,OK,short_name=sdswrf units=W m**-2 startStep=18 endStep=22
2024-11-04,18,24,dswrf_to_lead,DSM,OK,short_name=sdswrf units=W m**-2 startStep=18 endStep=24
2024-11-04,18,22,dswrf_to_lead_minus2,DSM,OK,short_name=sdswrf units=W m**-2 startStep=18 endStep=22
2024-10-10,18,24,dswrf_to_lead,DSM,OK,short_name=sdswrf units=W m**-2 startStep=18 endStep=24
2024-10-10,18,22,dswrf_to_lead_minus2,DSM,OK,short_name=sdswrf units=W m**-2 startStep=18 endStep=22
2024-10-08,18,24,dswrf_to_lead,DSM,OK,short_name=sdswrf units=W m**-2 startStep=18 endStep=24
2024-10-08,18,22,dswrf_to_lead_minus2,DSM,OK,short_name=sdswrf units=W m**-2 startStep=18 endStep=22
2024-08-15,18,24,dswrf_to_lead,DSM,OK,short_name=sdswrf units=W m**-2 startStep=18 endStep=24
2024-08-15,18,22,dswrf_to_lead_minus2,DSM,OK,short_name=sdswrf units=W m**-2 startStep=18 endStep=22
2024-11-07,18,24,dswrf_to_lead,DSM,OK,short_name=sdswrf units=W m**-2 startStep=18 endStep=24
2024-11-07,18,22,dswrf_to_lead_minus2,DSM,OK,short_name=sdswrf units=W m**-2 startStep=18 endStep=22
2024-10-28,18,24,dswrf_to_lead,DSM,OK,short_name=sdswrf units=W m**-2 startStep=18 endStep=24
2024-10-28,18,22,dswrf_to_lead_minus2,DSM,OK,short_name=sdswrf units=W m**-2 startStep=18 endStep=22
2024-10-07,18,24,dswrf_to_lead,DSM,OK,short_name=sdswrf units=W m**-2 startStep=18 endStep=24
2024-10-07,18,22,dswrf_to_lead_minus2,DSM,OK,short_name=sdswrf units=W m**-2 startStep=18 endStep=22
2024-10-17,18,24,dswrf_to_lead,DSM,OK,short_name=sdswrf units=W m**-2 startStep=18 endStep=24
2024-10-17,18,22,dswrf_to_lead_minus2,DSM,OK,short_name=sdswrf units=W m**-2 startStep=18 endStep=22
2024-10-25,18,24,dswrf_to_lead,DSM,OK,short_name=sdswrf units=W m**-2 startStep=18 endStep=24
2024-10-25,18,22,dswrf_to_lead_minus2,DSM,OK,short_name=sdswrf units=W m**-2 startStep=18 endStep=22
2024-10-30,18,24,dswrf_to_lead,DSM,OK,short_name=sdswrf units=W m**-2 startStep=18 endStep=24
2024-10-30,18,22,dswrf_to_lead_minus2,DSM,OK,short_name=sdswrf units=W m**-2 startStep=18 endStep=22
2024-10-09,18,24,dswrf_to_lead,DSM,OK,short_name=sdswrf units=W m**-2 startStep=18 endStep=24
2024-10-09,18,22,dswrf_to_lead_minus2,DSM,OK,short_name=sdswrf units=W m**-2 startStep=18 endStep=22
2024-10-16,18,24,dswrf_to_lead,DSM,OK,short_name=sdswrf units=W m**-2 startStep=18 endStep=24
2024-10-16,18,22,dswrf_to_lead_minus2,DSM,OK,short_name=sdswrf units=W m**-2 startStep=18 endStep=22
2024-10-26,18,24,dswrf_to_lead,DSM,OK,short_name=sdswrf units=W m**-2 startStep=18 endStep=24
2024-10-26,18,22,dswrf_to_lead_minus2,DSM,OK,short_name=sdswrf units=W m**-2 startStep=18 endStep=22
2024-11-08,18,24,dswrf_to_lead,DSM,OK,short_name=sdswrf units=W m**-2 startStep=18 endStep=24
2024-11-08,18,22,dswrf_to_lead_minus2,DSM,OK,short_name=sdswrf units=W m**-2 startStep=18 endStep=22
2024-10-23,18,24,dswrf_to_lead,DSM,OK,short_name=sdswrf units=W m**-2 startStep=18 endStep=24
2024-10-23,18,22,dswrf_to_lead_minus2,DSM,OK,short_name=sdswrf units=W m**-2 startStep=18 endStep=22
2024-10-19,18,24,dswrf_to_lead,DSM,OK,short_name=sdswrf units=W m**-2 startStep=18 endStep=24
2024-10-19,18,22,dswrf_to_lead_minus2,DSM,OK,short_name=sdswrf units=W m**-2 startStep=18 endStep=22
2024-10-04,18,24,dswrf_to_lead,DSM,OK,short_name=sdswrf units=W m**-2 startStep=18 endStep=24
2024-10-04,18,22,dswrf_to_lead_minus2,DSM,OK,short_name=sdswrf units=W m**-2 startStep=18 endStep=22
2024-11-21,18,24,dswrf_to_lead,DSM,OK,short_name=sdswrf units=W m**-2 startStep=18 endStep=24
2024-11-21,18,22,dswrf_to_lead_minus2,DSM,OK,short_name=sdswrf units=W m**-2 startStep=18 endStep=22
2024-10-31,18,24,dswrf_to_lead,DSM,OK,short_name=sdswrf units=W m**-2 startStep=18 endStep=24
2024-10-31,18,22,dswrf_to_lead_minus2,DSM,OK,short_name=sdswrf units=W m**-2 startStep=18 endStep=22
2024-10-24,18,24,dswrf_to_lead,DSM,OK,short_name=sdswrf units=W m**-2 startStep=18 endStep=24
2024-10-24,18,22,dswrf_to_lead_minus2,DSM,OK,short_name=sdswrf units=W m**-2 startStep=18 endStep=22
2024-10-22,18,24,dswrf_to_lead,DSM,OK,short_name=sdswrf units=W m**-2 startStep=18 endStep=24
2024-10-22,18,22,dswrf_to_lead_minus2,DSM,OK,short_name=sdswrf units=W m**-2 startStep=18 endStep=22
2024-11-22,18,24,dswrf_to_lead,DSM,OK,short_name=sdswrf units=W m**-2 startStep=18 endStep=24
2024-11-22,18,22,dswrf_to_lead_minus2,DSM,OK,short_name=sdswrf units=W m**-2 startStep=18 endStep=22
2024-10-27,18,24,dswrf_to_lead,DSM,OK,short_name=sdswrf units=W m**-2 startStep=18 endStep=24
2024-10-27,18,22,dswrf_to_lead_minus2,DSM,OK,short_name=sdswrf units=W m**-2 startStep=18 endStep=22
2024-11-05,18,24,dswrf_to_lead,DSM,OK,short_name=sdswrf units=W m**-2 startStep=18 endStep=24
2024-11-05,18,22,dswrf_to_lead_minus2,DSM,OK,short_name=sdswrf units=W m**-2 startStep=18 endStep=22
2024-11-24,18,24,dswrf_to_lead,DSM,OK,short_name=sdswrf units=W m**-2 startStep=18 endStep=24
2024-11-24,18,22,dswrf_to_lead_minus2,DSM,OK,short_name=sdswrf units=W m**-2 startStep=18 endStep=22
2024-11-17,18,24,dswrf_to_lead,DSM,OK,short_name=sdswrf units=W m**-2 startStep=18 endStep=24
2024-11-17,18,22,dswrf_to_lead_minus2,DSM,OK,short_name=sdswrf units=W m**-2 startStep=18 endStep=22
2024-11-06,18,24,dswrf_to_lead,DSM,OK,short_name=sdswrf units=W m**-2 startStep=18 endStep=24
2024-11-06,18,22,dswrf_to_lead_minus2,DSM,OK,short_name=sdswrf units=W m**-2 startStep=18 endStep=22
2024-11-01,18,24,dswrf_to_lead,DSM,OK,short_name=sdswrf units=W m**-2 startStep=18 endStep=24
2024-11-01,18,22,dswrf_to_lead_minus2,DSM,OK,short_name=sdswrf units=W m**-2 startStep=18 endStep=22
2024-11-16,18,24,dswrf_to_lead,DSM,OK,short_name=sdswrf units=W m**-2 startStep=18 endStep=24
2024-11-16,18,22,dswrf_to_lead_minus2,DSM,OK,short_name=sdswrf units=W m**-2 startStep=18 endStep=22
2024-10-11,18,24,dswrf_to_lead,DSM,OK,short_name=sdswrf units=W m**-2 startStep=18 endStep=24
2024-10-11,18,22,dswrf_to_lead_minus2,DSM,OK,short_name=sdswrf units=W m**-2 startStep=18 endStep=22
2024-11-11,18,24,dswrf_to_lead,DSM,OK,short_name=sdswrf units=W m**-2 startStep=18 endStep=24
2024-11-11,18,22,dswrf_to_lead_minus2,DSM,OK,short_name=sdswrf units=W m**-2 startStep=18 endStep=22
2024-12-12,18,24,dswrf_to_lead,DSM,OK,short_name=sdswrf units=W m**-2 startStep=18 endStep=24
2024-12-12,18,22,dswrf_to_lead_minus2,DSM,OK,short_name=sdswrf units=W m**-2 startStep=18 endStep=22
2024-10-29,18,24,dswrf_to_lead,DSM,OK,short_name=sdswrf units=W m**-2 startStep=18 endStep=24
2024-10-29,18,22,dswrf_to_lead_minus2,DSM,OK,short_name=sdswrf units=W m**-2 startStep=18 endStep=22
2024-10-12,18,24,dswrf_to_lead,DSM,OK,short_name=sdswrf units=W m**-2 startStep=18 endStep=24
2024-10-12,18,22,dswrf_to_lead_minus2,DSM,OK,short_name=sdswrf units=W m**-2 startStep=18 endStep=22
2024-12-18,18,24,dswrf_to_lead,DSM,OK,short_name=sdswrf units=W m**-2 startStep=18 endStep=24
2024-12-18,18,22,dswrf_to_lead_minus2,DSM,OK,short_name=sdswrf units=W m**-2 startStep=18 endStep=22
2024-11-27,18,24,dswrf_to_lead,DSM,OK,short_name=sdswrf units=W m**-2 startStep=18 endStep=24
2024-11-27,18,22,dswrf_to_lead_minus2,DSM,OK,short_name=sdswrf units=W m**-2 startStep=18 endStep=22
2024-12-13,18,24,dswrf_to_lead,DSM,OK,short_name=sdswrf units=W m**-2 startStep=18 endStep=24
2024-12-13,18,22,dswrf_to_lead_minus2,DSM,OK,short_name=sdswrf units=W m**-2 startStep=18 endStep=22
2024-11-10,18,24,dswrf_to_lead,DSM,OK,short_name=sdswrf units=W m**-2 startStep=18 endStep=24
2024-11-10,18,22,dswrf_to_lead_minus2,DSM,OK,short_name=sdswrf units=W m**-2 startStep=18 endStep=22
2024-12-03,18,24,dswrf_to_lead,DSM,OK,short_name=sdswrf units=W m**-2 startStep=18 endStep=24
2024-12-03,18,22,dswrf_to_lead_minus2,DSM,OK,short_name=sdswrf units=W m**-2 startStep=18 endStep=22
2024-11-25,18,24,dswrf_to_lead,DSM,OK,short_name=sdswrf units=W m**-2 startStep=18 endStep=24
2024-11-25,18,22,dswrf_to_lead_minus2,DSM,OK,short_name=sdswrf units=W m**-2 startStep=18 endStep=22
2024-12-07,18,24,dswrf_to_lead,DSM,OK,short_name=sdswrf units=W m**-2 startStep=18 endStep=24
2024-12-07,18,22,dswrf_to_lead_minus2,DSM,OK,short_name=sdswrf units=W m**-2 startStep=18 endStep=22
2024-11-09,18,24,dswrf_to_lead,DSM,OK,short_name=sdswrf units=W m**-2 startStep=18 endStep=24
2024-11-09,18,22,dswrf_to_lead_minus2,DSM,OK,short_name=sdswrf units=W m**-2 startStep=18 endStep=22
2024-11-23,18,24,dswrf_to_lead,DSM,OK,short_name=sdswrf units=W m**-2 startStep=18 endStep=24
2024-11-23,18,22,dswrf_to_lead_minus2,DSM,OK,short_name=sdswrf units=W m**-2 startStep=18 endStep=22
2024-11-14,18,24,dswrf_to_lead,DSM,OK,short_name=sdswrf units=W m**-2 startStep=18 endStep=24
2024-11-14,18,22,dswrf_to_lead_minus2,DSM,OK,short_name=sdswrf units=W m**-2 startStep=18 endStep=22
2024-12-08,18,24,dswrf_to_lead,DSM,OK,short_name=sdswrf units=W m**-2 startStep=18 endStep=24
2024-12-08,18,22,dswrf_to_lead_minus2,DSM,OK,short_name=sdswrf units=W m**-2 startStep=18 endStep=22
2024-12-15,18,24,dswrf_to_lead,DSM,OK,short_name=sdswrf units=W m**-2 startStep=18 endStep=24
2024-12-15,18,22,dswrf_to_lead_minus2,DSM,OK,short_name=sdswrf units=W m**-2 startStep=18 endStep=22
2024-12-16,18,24,dswrf_to_lead,DSM,OK,short_name=sdswrf units=W m**-2 startStep=18 endStep=24
2024-12-16,18,22,dswrf_to_lead_minus2,DSM,OK,short_name=sdswrf units=W m**-2 startStep=18 endStep=22
2024-12-19,18,24,dswrf_to_lead,DSM,OK,short_name=sdswrf units=W m**-2 startStep=18 endStep=24
2024-12-19,18,22,dswrf_to_lead_minus2,DSM,OK,short_name=sdswrf units=W m**-2 startStep=18 endStep=22
2024-12-22,18,24,dswrf_to_lead,DSM,OK,short_name=sdswrf units=W m**-2 startStep=18 endStep=24
2024-12-22,18,22,dswrf_to_lead_minus2,DSM,OK,short_name=sdswrf units=W m**-2 startStep=18 endStep=22
2024-11-13,18,24,dswrf_to_lead,DSM,OK,short_name=sdswrf units=W m**-2 startStep=18 endStep=24
2024-11-13,18,22,dswrf_to_lead_minus2,DSM,OK,short_name=sdswrf units=W m**-2 startStep=18 endStep=22
2024-12-23,18,24,dswrf_to_lead,DSM,OK,short_name=sdswrf units=W m**-2 startStep=18 endStep=24
2024-12-23,18,22,dswrf_to_lead_minus2,DSM,OK,short_name=sdswrf units=W m**-2 startStep=18 endStep=22
2024-12-05,18,24,dswrf_to_lead,DSM,OK,short_name=sdswrf units=W m**-2 startStep=18 endStep=24
2024-12-05,18,22,dswrf_to_lead_minus2,DSM,OK,short_name=sdswrf units=W m**-2 startStep=18 endStep=22
2024-11-18,18,24,dswrf_to_lead,DSM,OK,short_name=sdswrf units=W m**-2 startStep=18 endStep=24
2024-11-18,18,22,dswrf_to_lead_minus2,DSM,OK,short_name=sdswrf units=W m**-2 startStep=18 endStep=22
2024-11-19,18,24,dswrf_to_lead,DSM,OK,short_name=sdswrf units=W m**-2 startStep=18 endStep=24
2024-11-19,18,22,dswrf_to_lead_minus2,DSM,OK,short_name=sdswrf units=W m**-2 startStep=18 endStep=22
2024-12-21,18,24,dswrf_to_lead,DSM,OK,short_name=sdswrf units=W m**-2 startStep=18 endStep=24
2024-12-21,18,22,dswrf_to_lead_minus2,DSM,OK,short_name=sdswrf units=W m**-2 startStep=18 endStep=22
2024-11-12,18,24,dswrf_to_lead,DSM,OK,short_name=sdswrf units=W m**-2 startStep=18 endStep=24
2024-11-12,18,22,dswrf_to_lead_minus2,DSM,OK,short_name=sdswrf units=W m**-2 startStep=18 endStep=22
2025-01-10,18,24,dswrf_to_lead,DSM,OK,short_name=sdswrf units=W m**-2 startStep=18 endStep=24
2025-01-10,18,22,dswrf_to_lead_minus2,DSM,OK,short_name=sdswrf units=W m**-2 startStep=18 endStep=22
2024-12-11,18,24,dswrf_to_lead,DSM,OK,short_name=sdswrf units=W m**-2 startStep=18 endStep=24
2024-12-11,18,22,dswrf_to_lead_minus2,DSM,OK,short_name=sdswrf units=W m**-2 startStep=18 endStep=22
2024-12-17,18,24,dswrf_to_lead,DSM,OK,short_name=sdswrf units=W m**-2 startStep=18 endStep=24
2024-12-17,18,22,dswrf_to_lead_minus2,DSM,OK,short_name=sdswrf units=W m**-2 startStep=18 endStep=22
2024-12-10,18,24,dswrf_to_lead,DSM,OK,short_name=sdswrf units=W m**-2 startStep=18 endStep=24
2024-12-10,18,22,dswrf_to_lead_minus2,DSM,OK,short_name=sdswrf units=W m**-2 startStep=18 endStep=22
2024-12-27,18,24,dswrf_to_lead,DSM,OK,short_name=sdswrf units=W m**-2 startStep=18 endStep=24
2024-12-27,18,22,dswrf_to_lead_minus2,DSM,OK,short_name=sdswrf units=W m**-2 startStep=18 endStep=22
2024-12-29,18,24,dswrf_to_lead,DSM,OK,short_name=sdswrf units=W m**-2 startStep=18 endStep=24
2024-12-29,18,22,dswrf_to_lead_minus2,DSM,OK,short_name=sdswrf units=W m**-2 startStep=18 endStep=22
2024-11-15,18,24,dswrf_to_lead,DSM,OK,short_name=sdswrf units=W m**-2 startStep=18 endStep=24
2024-11-15,18,22,dswrf_to_lead_minus2,DSM,OK,short_name=sdswrf units=W m**-2 startStep=18 endStep=22
2024-11-28,18,24,dswrf_to_lead,DSM,OK,short_name=sdswrf units=W m**-2 startStep=18 endStep=24
2024-11-28,18,22,dswrf_to_lead_minus2,DSM,OK,short_name=sdswrf units=W m**-2 startStep=18 endStep=22
2024-12-04,18,24,dswrf_to_lead,DSM,OK,short_name=sdswrf units=W m**-2 startStep=18 endStep=24
2024-12-04,18,22,dswrf_to_lead_minus2,DSM,OK,short_name=sdswrf units=W m**-2 startStep=18 endStep=22
2025-01-05,18,24,dswrf_to_lead,DSM,OK,short_name=sdswrf units=W m**-2 startStep=18 endStep=24
2025-01-05,18,22,dswrf_to_lead_minus2,DSM,OK,short_name=sdswrf units=W m**-2 startStep=18 endStep=22
2025-01-03,18,24,dswrf_to_lead,DSM,OK,short_name=sdswrf units=W m**-2 startStep=18 endStep=24
2025-01-03,18,22,dswrf_to_lead_minus2,DSM,OK,short_name=sdswrf units=W m**-2 startStep=18 endStep=22
2024-12-20,18,24,dswrf_to_lead,DSM,OK,short_name=sdswrf units=W m**-2 startStep=18 endStep=24
2024-12-20,18,22,dswrf_to_lead_minus2,DSM,OK,short_name=sdswrf units=W m**-2 startStep=18 endStep=22
2024-12-31,18,24,dswrf_to_lead,DSM,OK,short_name=sdswrf units=W m**-2 startStep=18 endStep=24
2024-12-31,18,22,dswrf_to_lead_minus2,DSM,OK,short_name=sdswrf units=W m**-2 startStep=18 endStep=22
2024-12-09,18,24,dswrf_to_lead,DSM,OK,short_name=sdswrf units=W m**-2 startStep=18 endStep=24
2024-12-09,18,22,dswrf_to_lead_minus2,DSM,OK,short_name=sdswrf units=W m**-2 startStep=18 endStep=22
2024-12-26,18,24,dswrf_to_lead,DSM,OK,short_name=sdswrf units=W m**-2 startStep=18 endStep=24
2024-12-26,18,22,dswrf_to_lead_minus2,DSM,OK,short_name=sdswrf units=W m**-2 startStep=18 endStep=22
2024-11-30,18,24,dswrf_to_lead,DSM,OK,short_name=sdswrf units=W m**-2 startStep=18 endStep=24
2024-11-30,18,22,dswrf_to_lead_minus2,DSM,OK,short_name=sdswrf units=W m**-2 startStep=18 endStep=22
2024-11-20,18,24,dswrf_to_lead,DSM,OK,short_name=sdswrf units=W m**-2 startStep=18 endStep=24
2024-11-20,18,22,dswrf_to_lead_minus2,DSM,OK,short_name=sdswrf units=W m**-2 startStep=18 endStep=22
2024-11-29,18,24,dswrf_to_lead,DSM,OK,short_name=sdswrf units=W m**-2 startStep=18 endStep=24
2024-11-29,18,22,dswrf_to_lead_minus2,DSM,OK,short_name=sdswrf units=W m**-2 startStep=18 endStep=22
2025-01-01,18,24,dswrf_to_lead,DSM,OK,short_name=sdswrf units=W m**-2 startStep=18 endStep=24
2025-01-01,18,22,dswrf_to_lead_minus2,DSM,OK,short_name=sdswrf units=W m**-2 startStep=18 endStep=22
2025-01-12,18,24,dswrf_to_lead,DSM,OK,short_name=sdswrf units=W m**-2 startStep=18 endStep=24
2025-01-12,18,22,dswrf_to_lead_minus2,DSM,OK,short_name=sdswrf units=W m**-2 startStep=18 endStep=22
2025-01-17,18,24,dswrf_to_lead,DSM,OK,short_name=sdswrf units=W m**-2 startStep=18 endStep=24
2025-01-17,18,22,dswrf_to_lead_minus2,DSM,OK,short_name=sdswrf units=W m**-2 startStep=18 endStep=22
2024-12-01,18,24,dswrf_to_lead,DSM,OK,short_name=sdswrf units=W m**-2 startStep=18 endStep=24
2024-12-01,18,22,dswrf_to_lead_minus2,DSM,OK,short_name=sdswrf units=W m**-2 startStep=18 endStep=22
2024-11-26,18,24,dswrf_to_lead,DSM,OK,short_name=sdswrf units=W m**-2 startStep=18 endStep=24
2024-11-26,18,22,dswrf_to_lead_minus2,DSM,OK,short_name=sdswrf units=W m**-2 startStep=18 endStep=22
2024-12-06,18,24,dswrf_to_lead,DSM,OK,short_name=sdswrf units=W m**-2 startStep=18 endStep=24
2024-12-06,18,22,dswrf_to_lead_minus2,DSM,OK,short_name=sdswrf units=W m**-2 startStep=18 endStep=22
2024-12-30,18,24,dswrf_to_lead,DSM,OK,short_name=sdswrf units=W m**-2 startStep=18 endStep=24
2024-12-30,18,22,dswrf_to_lead_minus2,DSM,OK,short_name=sdswrf units=W m**-2 startStep=18 endStep=22
2024-12-24,18,24,dswrf_to_lead,DSM,OK,short_name=sdswrf units=W m**-2 startStep=18 endStep=24
2024-12-24,18,22,dswrf_to_lead_minus2,DSM,OK,short_name=sdswrf units=W m**-2 startStep=18 endStep=22
2025-01-08,18,24,dswrf_to_lead,DSM,OK,short_name=sdswrf units=W m**-2 startStep=18 endStep=24
2025-01-08,18,22,dswrf_to_lead_minus2,DSM,OK,short_name=sdswrf units=W m**-2 startStep=18 endStep=22
2025-02-07,18,24,dswrf_to_lead,DSM,OK,short_name=sdswrf units=W m**-2 startStep=18 endStep=24
2025-02-07,18,22,dswrf_to_lead_minus2,DSM,OK,short_name=sdswrf units=W m**-2 startStep=18 endStep=22
2025-01-28,18,24,dswrf_to_lead,DSM,OK,short_name=sdswrf units=W m**-2 startStep=18 endStep=24
2025-01-28,18,22,dswrf_to_lead_minus2,DSM,OK,short_name=sdswrf units=W m**-2 startStep=18 endStep=22
2025-02-09,18,24,dswrf_to_lead,DSM,OK,short_name=sdswrf units=W m**-2 startStep=18 endStep=24
2025-02-09,18,22,dswrf_to_lead_minus2,DSM,OK,short_name=sdswrf units=W m**-2 startStep=18 endStep=22
2025-02-05,18,24,dswrf_to_lead,DSM,OK,short_name=sdswrf units=W m**-2 startStep=18 endStep=24
2025-02-05,18,22,dswrf_to_lead_minus2,DSM,OK,short_name=sdswrf units=W m**-2 startStep=18 endStep=22
2025-01-11,18,24,dswrf_to_lead,DSM,OK,short_name=sdswrf units=W m**-2 startStep=18 endStep=24
2025-01-11,18,22,dswrf_to_lead_minus2,DSM,OK,short_name=sdswrf units=W m**-2 startStep=18 endStep=22
2025-01-07,18,24,dswrf_to_lead,DSM,OK,short_name=sdswrf units=W m**-2 startStep=18 endStep=24
2025-01-07,18,22,dswrf_to_lead_minus2,DSM,OK,short_name=sdswrf units=W m**-2 startStep=18 endStep=22
2024-12-28,18,24,dswrf_to_lead,DSM,OK,short_name=sdswrf units=W m**-2 startStep=18 endStep=24
2024-12-28,18,22,dswrf_to_lead_minus2,DSM,OK,short_name=sdswrf units=W m**-2 startStep=18 endStep=22
2025-01-06,18,24,dswrf_to_lead,DSM,OK,short_name=sdswrf units=W m**-2 startStep=18 endStep=24
2025-01-06,18,22,dswrf_to_lead_minus2,DSM,OK,short_name=sdswrf units=W m**-2 startStep=18 endStep=22
2024-12-02,18,24,dswrf_to_lead,DSM,OK,short_name=sdswrf units=W m**-2 startStep=18 endStep=24
2024-12-02,18,22,dswrf_to_lead_minus2,DSM,OK,short_name=sdswrf units=W m**-2 startStep=18 endStep=22
2025-01-25,18,24,dswrf_to_lead,DSM,OK,short_name=sdswrf units=W m**-2 startStep=18 endStep=24
2025-01-25,18,22,dswrf_to_lead_minus2,DSM,OK,short_name=sdswrf units=W m**-2 startStep=18 endStep=22
2025-01-04,18,24,dswrf_to_lead,DSM,OK,short_name=sdswrf units=W m**-2 startStep=18 endStep=24
2025-01-04,18,22,dswrf_to_lead_minus2,DSM,OK,short_name=sdswrf units=W m**-2 startStep=18 endStep=22
2025-02-10,18,24,dswrf_to_lead,DSM,OK,short_name=sdswrf units=W m**-2 startStep=18 endStep=24
2025-02-10,18,22,dswrf_to_lead_minus2,DSM,OK,short_name=sdswrf units=W m**-2 startStep=18 endStep=22
2025-01-02,18,24,dswrf_to_lead,DSM,OK,short_name=sdswrf units=W m**-2 startStep=18 endStep=24
2025-01-02,18,22,dswrf_to_lead_minus2,DSM,OK,short_name=sdswrf units=W m**-2 startStep=18 endStep=22
2025-02-18,18,24,dswrf_to_lead,DSM,OK,short_name=sdswrf units=W m**-2 startStep=18 endStep=24
2025-02-18,18,22,dswrf_to_lead_minus2,DSM,OK,short_name=sdswrf units=W m**-2 startStep=18 endStep=22
2024-12-14,18,24,dswrf_to_lead,DSM,OK,short_name=sdswrf units=W m**-2 startStep=18 endStep=24
2024-12-14,18,22,dswrf_to_lead_minus2,DSM,OK,short_name=sdswrf units=W m**-2 startStep=18 endStep=22
2025-01-26,18,24,dswrf_to_lead,DSM,OK,short_name=sdswrf units=W m**-2 startStep=18 endStep=24
2025-01-26,18,22,dswrf_to_lead_minus2,DSM,OK,short_name=sdswrf units=W m**-2 startStep=18 endStep=22
2025-01-31,18,24,dswrf_to_lead,DSM,OK,short_name=sdswrf units=W m**-2 startStep=18 endStep=24
2025-01-31,18,22,dswrf_to_lead_minus2,DSM,OK,short_name=sdswrf units=W m**-2 startStep=18 endStep=22
2025-01-15,18,24,dswrf_to_lead,DSM,OK,short_name=sdswrf units=W m**-2 startStep=18 endStep=24
2025-01-15,18,22,dswrf_to_lead_minus2,DSM,OK,short_name=sdswrf units=W m**-2 startStep=18 endStep=22
2025-01-22,18,24,dswrf_to_lead,DSM,OK,short_name=sdswrf units=W m**-2 startStep=18 endStep=24
2025-01-22,18,22,dswrf_to_lead_minus2,DSM,OK,short_name=sdswrf units=W m**-2 startStep=18 endStep=22
2025-01-18,18,24,dswrf_to_lead,DSM,OK,short_name=sdswrf units=W m**-2 startStep=18 endStep=24
2025-01-18,18,22,dswrf_to_lead_minus2,DSM,OK,short_name=sdswrf units=W m**-2 startStep=18 endStep=22
2025-01-14,18,24,dswrf_to_lead,DSM,OK,short_name=sdswrf units=W m**-2 startStep=18 endStep=24
2025-01-14,18,22,dswrf_to_lead_minus2,DSM,OK,short_name=sdswrf units=W m**-2 startStep=18 endStep=22
2025-02-25,18,24,dswrf_to_lead,DSM,OK,short_name=sdswrf units=W m**-2 startStep=18 endStep=24
2025-02-25,18,22,dswrf_to_lead_minus2,DSM,OK,short_name=sdswrf units=W m**-2 startStep=18 endStep=22
2025-02-02,18,24,dswrf_to_lead,DSM,OK,short_name=sdswrf units=W m**-2 startStep=18 endStep=24
2025-02-02,18,22,dswrf_to_lead_minus2,DSM,OK,short_name=sdswrf units=W m**-2 startStep=18 endStep=22
2025-02-16,18,24,dswrf_to_lead,DSM,OK,short_name=sdswrf units=W m**-2 startStep=18 endStep=24
2025-02-16,18,22,dswrf_to_lead_minus2,DSM,OK,short_name=sdswrf units=W m**-2 startStep=18 endStep=22
2025-01-23,18,24,dswrf_to_lead,DSM,OK,short_name=sdswrf units=W m**-2 startStep=18 endStep=24
2025-01-23,18,22,dswrf_to_lead_minus2,DSM,OK,short_name=sdswrf units=W m**-2 startStep=18 endStep=22
2025-02-08,18,24,dswrf_to_lead,DSM,OK,short_name=sdswrf units=W m**-2 startStep=18 endStep=24
2025-02-08,18,22,dswrf_to_lead_minus2,DSM,OK,short_name=sdswrf units=W m**-2 startStep=18 endStep=22
2025-02-04,18,24,dswrf_to_lead,DSM,OK,short_name=sdswrf units=W m**-2 startStep=18 endStep=24
2025-02-04,18,22,dswrf_to_lead_minus2,DSM,OK,short_name=sdswrf units=W m**-2 startStep=18 endStep=22
2025-01-13,18,24,dswrf_to_lead,DSM,OK,short_name=sdswrf units=W m**-2 startStep=18 endStep=24
2025-01-13,18,22,dswrf_to_lead_minus2,DSM,OK,short_name=sdswrf units=W m**-2 startStep=18 endStep=22
2025-03-08,18,24,dswrf_to_lead,DSM,OK,short_name=sdswrf units=W m**-2 startStep=18 endStep=24
2025-03-08,18,22,dswrf_to_lead_minus2,DSM,OK,short_name=sdswrf units=W m**-2 startStep=18 endStep=22
2025-03-05,18,24,dswrf_to_lead,DSM,OK,short_name=sdswrf units=W m**-2 startStep=18 endStep=24
2025-03-05,18,22,dswrf_to_lead_minus2,DSM,OK,short_name=sdswrf units=W m**-2 startStep=18 endStep=22
2025-01-09,18,24,dswrf_to_lead,DSM,OK,short_name=sdswrf units=W m**-2 startStep=18 endStep=24
2025-01-09,18,22,dswrf_to_lead_minus2,DSM,OK,short_name=sdswrf units=W m**-2 startStep=18 endStep=22
2025-02-06,18,24,dswrf_to_lead,DSM,OK,short_name=sdswrf units=W m**-2 startStep=18 endStep=24
2025-02-06,18,22,dswrf_to_lead_minus2,DSM,OK,short_name=sdswrf units=W m**-2 startStep=18 endStep=22
2025-03-02,18,24,dswrf_to_lead,DSM,OK,short_name=sdswrf units=W m**-2 startStep=18 endStep=24
2025-03-02,18,22,dswrf_to_lead_minus2,DSM,OK,short_name=sdswrf units=W m**-2 startStep=18 endStep=22
2025-03-06,18,24,dswrf_to_lead,DSM,OK,short_name=sdswrf units=W m**-2 startStep=18 endStep=24
2025-03-06,18,22,dswrf_to_lead_minus2,DSM,OK,short_name=sdswrf units=W m**-2 startStep=18 endStep=22
2025-01-19,18,24,dswrf_to_lead,DSM,OK,short_name=sdswrf units=W m**-2 startStep=18 endStep=24
2025-01-19,18,22,dswrf_to_lead_minus2,DSM,OK,short_name=sdswrf units=W m**-2 startStep=18 endStep=22
2025-01-16,18,24,dswrf_to_lead,DSM,OK,short_name=sdswrf units=W m**-2 startStep=18 endStep=24
2025-01-16,18,22,dswrf_to_lead_minus2,DSM,OK,short_name=sdswrf units=W m**-2 startStep=18 endStep=22
2025-02-15,18,24,dswrf_to_lead,DSM,OK,short_name=sdswrf units=W m**-2 startStep=18 endStep=24
2025-02-15,18,22,dswrf_to_lead_minus2,DSM,OK,short_name=sdswrf units=W m**-2 startStep=18 endStep=22
2025-02-20,18,24,dswrf_to_lead,DSM,OK,short_name=sdswrf units=W m**-2 startStep=18 endStep=24
2025-02-20,18,22,dswrf_to_lead_minus2,DSM,OK,short_name=sdswrf units=W m**-2 startStep=18 endStep=22
2025-01-21,18,24,dswrf_to_lead,DSM,OK,short_name=sdswrf units=W m**-2 startStep=18 endStep=24
2025-01-21,18,22,dswrf_to_lead_minus2,DSM,OK,short_name=sdswrf units=W m**-2 startStep=18 endStep=22
2025-01-24,18,24,dswrf_to_lead,DSM,OK,short_name=sdswrf units=W m**-2 startStep=18 endStep=24
2025-01-24,18,22,dswrf_to_lead_minus2,DSM,OK,short_name=sdswrf units=W m**-2 startStep=18 endStep=22
2025-02-26,18,24,dswrf_to_lead,DSM,OK,short_name=sdswrf units=W m**-2 startStep=18 endStep=24
2025-02-26,18,22,dswrf_to_lead_minus2,DSM,OK,short_name=sdswrf units=W m**-2 startStep=18 endStep=22
2025-01-20,18,24,dswrf_to_lead,DSM,OK,short_name=sdswrf units=W m**-2 startStep=18 endStep=24
2025-01-20,18,22,dswrf_to_lead_minus2,DSM,OK,short_name=sdswrf units=W m**-2 startStep=18 endStep=22
2025-02-22,18,24,dswrf_to_lead,DSM,OK,short_name=sdswrf units=W m**-2 startStep=18 endStep=24
2025-02-22,18,22,dswrf_to_lead_minus2,DSM,OK,short_name=sdswrf units=W m**-2 startStep=18 endStep=22
2025-03-10,18,24,dswrf_to_lead,DSM,OK,short_name=sdswrf units=W m**-2 startStep=18 endStep=24
2025-03-10,18,22,dswrf_to_lead_minus2,DSM,OK,short_name=sdswrf units=W m**-2 startStep=18 endStep=22
2025-02-27,18,24,dswrf_to_lead,DSM,OK,short_name=sdswrf units=W m**-2 startStep=18 endStep=24
2025-02-27,18,22,dswrf_to_lead_minus2,DSM,OK,short_name=sdswrf units=W m**-2 startStep=18 endStep=22
2025-02-23,18,24,dswrf_to_lead,DSM,OK,short_name=sdswrf units=W m**-2 startStep=18 endStep=24
2025-02-23,18,22,dswrf_to_lead_minus2,DSM,OK,short_name=sdswrf units=W m**-2 startStep=18 endStep=22
2025-02-24,18,24,dswrf_to_lead,DSM,OK,short_name=sdswrf units=W m**-2 startStep=18 endStep=24
2025-02-24,18,22,dswrf_to_lead_minus2,DSM,OK,short_name=sdswrf units=W m**-2 startStep=18 endStep=22
2025-01-27,18,24,dswrf_to_lead,DSM,OK,short_name=sdswrf units=W m**-2 startStep=18 endStep=24
2025-01-27,18,22,dswrf_to_lead_minus2,DSM,OK,short_name=sdswrf units=W m**-2 startStep=18 endStep=22
2025-01-30,18,24,dswrf_to_lead,DSM,OK,short_name=sdswrf units=W m**-2 startStep=18 endStep=24
2025-01-30,18,22,dswrf_to_lead_minus2,DSM,OK,short_name=sdswrf units=W m**-2 startStep=18 endStep=22
2024-12-25,18,24,dswrf_to_lead,DSM,OK,short_name=sdswrf units=W m**-2 startStep=18 endStep=24
2024-12-25,18,22,dswrf_to_lead_minus2,DSM,OK,short_name=sdswrf units=W m**-2 startStep=18 endStep=22
2025-03-09,18,24,dswrf_to_lead,DSM,OK,short_name=sdswrf units=W m**-2 startStep=18 endStep=24
2025-03-09,18,22,dswrf_to_lead_minus2,DSM,OK,short_name=sdswrf units=W m**-2 startStep=18 endStep=22
2025-03-21,18,24,dswrf_to_lead,DSM,OK,short_name=sdswrf units=W m**-2 startStep=18 endStep=24
2025-03-21,18,22,dswrf_to_lead_minus2,DSM,OK,short_name=sdswrf units=W m**-2 startStep=18 endStep=22
2025-02-17,18,24,dswrf_to_lead,DSM,OK,short_name=sdswrf units=W m**-2 startStep=18 endStep=24
2025-02-17,18,22,dswrf_to_lead_minus2,DSM,OK,short_name=sdswrf units=W m**-2 startStep=18 endStep=22
2025-03-07,18,24,dswrf_to_lead,DSM,OK,short_name=sdswrf units=W m**-2 startStep=18 endStep=24
2025-03-07,18,22,dswrf_to_lead_minus2,DSM,OK,short_name=sdswrf units=W m**-2 startStep=18 endStep=22
2025-02-19,18,24,dswrf_to_lead,DSM,OK,short_name=sdswrf units=W m**-2 startStep=18 endStep=24
2025-02-19,18,22,dswrf_to_lead_minus2,DSM,OK,short_name=sdswrf units=W m**-2 startStep=18 endStep=22
2025-03-01,18,24,dswrf_to_lead,DSM,OK,short_name=sdswrf units=W m**-2 startStep=18 endStep=24
2025-03-01,18,22,dswrf_to_lead_minus2,DSM,OK,short_name=sdswrf units=W m**-2 startStep=18 endStep=22
2025-02-13,18,24,dswrf_to_lead,DSM,OK,short_name=sdswrf units=W m**-2 startStep=18 endStep=24
2025-02-13,18,22,dswrf_to_lead_minus2,DSM,OK,short_name=sdswrf units=W m**-2 startStep=18 endStep=22
2025-01-29,18,24,dswrf_to_lead,DSM,OK,short_name=sdswrf units=W m**-2 startStep=18 endStep=24
2025-01-29,18,22,dswrf_to_lead_minus2,DSM,OK,short_name=sdswrf units=W m**-2 startStep=18 endStep=22
2025-03-14,18,24,dswrf_to_lead,DSM,OK,short_name=sdswrf units=W m**-2 startStep=18 endStep=24
2025-03-14,18,22,dswrf_to_lead_minus2,DSM,OK,short_name=sdswrf units=W m**-2 startStep=18 endStep=22
2025-03-17,18,24,dswrf_to_lead,DSM,OK,short_name=sdswrf units=W m**-2 startStep=18 endStep=24
2025-03-17,18,22,dswrf_to_lead_minus2,DSM,OK,short_name=sdswrf units=W m**-2 startStep=18 endStep=22
2025-03-31,18,24,dswrf_to_lead,DSM,OK,short_name=sdswrf units=W m**-2 startStep=18 endStep=24
2025-03-31,18,22,dswrf_to_lead_minus2,DSM,OK,short_name=sdswrf units=W m**-2 startStep=18 endStep=22
2025-03-04,18,24,dswrf_to_lead,DSM,OK,short_name=sdswrf units=W m**-2 startStep=18 endStep=24
2025-03-04,18,22,dswrf_to_lead_minus2,DSM,OK,short_name=sdswrf units=W m**-2 startStep=18 endStep=22
2025-03-18,18,24,dswrf_to_lead,DSM,OK,short_name=sdswrf units=W m**-2 startStep=18 endStep=24
2025-03-18,18,22,dswrf_to_lead_minus2,DSM,OK,short_name=sdswrf units=W m**-2 startStep=18 endStep=22
2025-02-11,18,24,dswrf_to_lead,DSM,OK,short_name=sdswrf units=W m**-2 startStep=18 endStep=24
2025-02-11,18,22,dswrf_to_lead_minus2,DSM,OK,short_name=sdswrf units=W m**-2 startStep=18 endStep=22
2025-02-21,18,24,dswrf_to_lead,DSM,OK,short_name=sdswrf units=W m**-2 startStep=18 endStep=24
2025-02-21,18,22,dswrf_to_lead_minus2,DSM,OK,short_name=sdswrf units=W m**-2 startStep=18 endStep=22
2025-02-01,18,24,dswrf_to_lead,DSM,OK,short_name=sdswrf units=W m**-2 startStep=18 endStep=24
2025-02-01,18,22,dswrf_to_lead_minus2,DSM,OK,short_name=sdswrf units=W m**-2 startStep=18 endStep=22
2025-02-14,18,24,dswrf_to_lead,DSM,OK,short_name=sdswrf units=W m**-2 startStep=18 endStep=24
2025-02-14,18,22,dswrf_to_lead_minus2,DSM,OK,short_name=sdswrf units=W m**-2 startStep=18 endStep=22
2025-03-11,18,24,dswrf_to_lead,DSM,OK,short_name=sdswrf units=W m**-2 startStep=18 endStep=24
2025-03-11,18,22,dswrf_to_lead_minus2,DSM,OK,short_name=sdswrf units=W m**-2 startStep=18 endStep=22
2025-03-16,18,24,dswrf_to_lead,DSM,OK,short_name=sdswrf units=W m**-2 startStep=18 endStep=24
2025-03-16,18,22,dswrf_to_lead_minus2,DSM,OK,short_name=sdswrf units=W m**-2 startStep=18 endStep=22
2025-02-12,18,24,dswrf_to_lead,DSM,OK,short_name=sdswrf units=W m**-2 startStep=18 endStep=24
2025-02-12,18,22,dswrf_to_lead_minus2,DSM,OK,short_name=sdswrf units=W m**-2 startStep=18 endStep=22
2025-03-12,18,24,dswrf_to_lead,DSM,OK,short_name=sdswrf units=W m**-2 startStep=18 endStep=24
2025-03-12,18,22,dswrf_to_lead_minus2,DSM,OK,short_name=sdswrf units=W m**-2 startStep=18 endStep=22
2025-04-11,18,24,dswrf_to_lead,DSM,OK,short_name=sdswrf units=W m**-2 startStep=18 endStep=24
2025-04-11,18,22,dswrf_to_lead_minus2,DSM,OK,short_name=sdswrf units=W m**-2 startStep=18 endStep=22
2025-03-15,18,24,dswrf_to_lead,DSM,OK,short_name=sdswrf units=W m**-2 startStep=18 endStep=24
2025-03-15,18,22,dswrf_to_lead_minus2,DSM,OK,short_name=sdswrf units=W m**-2 startStep=18 endStep=22
2025-04-02,18,24,dswrf_to_lead,DSM,OK,short_name=sdswrf units=W m**-2 startStep=18 endStep=24
2025-04-02,18,22,dswrf_to_lead_minus2,DSM,OK,short_name=sdswrf units=W m**-2 startStep=18 endStep=22
2025-03-23,18,24,dswrf_to_lead,DSM,OK,short_name=sdswrf units=W m**-2 startStep=18 endStep=24
2025-03-23,18,22,dswrf_to_lead_minus2,DSM,OK,short_name=sdswrf units=W m**-2 startStep=18 endStep=22
2025-04-19,18,24,dswrf_to_lead,DSM,OK,short_name=sdswrf units=W m**-2 startStep=18 endStep=24
2025-04-19,18,22,dswrf_to_lead_minus2,DSM,OK,short_name=sdswrf units=W m**-2 startStep=18 endStep=22
2025-03-24,18,24,dswrf_to_lead,DSM,OK,short_name=sdswrf units=W m**-2 startStep=18 endStep=24
2025-03-24,18,22,dswrf_to_lead_minus2,DSM,OK,short_name=sdswrf units=W m**-2 startStep=18 endStep=22
2025-04-16,18,24,dswrf_to_lead,DSM,OK,short_name=sdswrf units=W m**-2 startStep=18 endStep=24
2025-04-16,18,22,dswrf_to_lead_minus2,DSM,OK,short_name=sdswrf units=W m**-2 startStep=18 endStep=22
2025-04-01,18,24,dswrf_to_lead,DSM,OK,short_name=sdswrf units=W m**-2 startStep=18 endStep=24
2025-04-01,18,22,dswrf_to_lead_minus2,DSM,OK,short_name=sdswrf units=W m**-2 startStep=18 endStep=22
2025-03-30,18,24,dswrf_to_lead,DSM,OK,short_name=sdswrf units=W m**-2 startStep=18 endStep=24
2025-03-30,18,22,dswrf_to_lead_minus2,DSM,OK,short_name=sdswrf units=W m**-2 startStep=18 endStep=22
2025-04-17,18,24,dswrf_to_lead,DSM,OK,short_name=sdswrf units=W m**-2 startStep=18 endStep=24
2025-04-17,18,22,dswrf_to_lead_minus2,DSM,OK,short_name=sdswrf units=W m**-2 startStep=18 endStep=22
2025-04-03,18,24,dswrf_to_lead,DSM,OK,short_name=sdswrf units=W m**-2 startStep=18 endStep=24
2025-04-03,18,22,dswrf_to_lead_minus2,DSM,OK,short_name=sdswrf units=W m**-2 startStep=18 endStep=22
2025-04-07,18,24,dswrf_to_lead,DSM,OK,short_name=sdswrf units=W m**-2 startStep=18 endStep=24
2025-04-07,18,22,dswrf_to_lead_minus2,DSM,OK,short_name=sdswrf units=W m**-2 startStep=18 endStep=22
2025-04-27,18,24,dswrf_to_lead,DSM,OK,short_name=sdswrf units=W m**-2 startStep=18 endStep=24
2025-04-27,18,22,dswrf_to_lead_minus2,DSM,OK,short_name=sdswrf units=W m**-2 startStep=18 endStep=22
2025-04-06,18,24,dswrf_to_lead,DSM,OK,short_name=sdswrf units=W m**-2 startStep=18 endStep=24
2025-04-06,18,22,dswrf_to_lead_minus2,DSM,OK,short_name=sdswrf units=W m**-2 startStep=18 endStep=22
2025-03-03,18,24,dswrf_to_lead,DSM,OK,short_name=sdswrf units=W m**-2 startStep=18 endStep=24
2025-03-03,18,22,dswrf_to_lead_minus2,DSM,OK,short_name=sdswrf units=W m**-2 startStep=18 endStep=22
2025-03-19,18,24,dswrf_to_lead,DSM,OK,short_name=sdswrf units=W m**-2 startStep=18 endStep=24
2025-03-19,18,22,dswrf_to_lead_minus2,DSM,OK,short_name=sdswrf units=W m**-2 startStep=18 endStep=22
2025-03-27,18,24,dswrf_to_lead,DSM,OK,short_name=sdswrf units=W m**-2 startStep=18 endStep=24
2025-03-27,18,22,dswrf_to_lead_minus2,DSM,OK,short_name=sdswrf units=W m**-2 startStep=18 endStep=22
2025-04-24,18,24,dswrf_to_lead,DSM,OK,short_name=sdswrf units=W m**-2 startStep=18 endStep=24
2025-04-24,18,22,dswrf_to_lead_minus2,DSM,OK,short_name=sdswrf units=W m**-2 startStep=18 endStep=22
2025-02-03,18,24,dswrf_to_lead,DSM,OK,short_name=sdswrf units=W m**-2 startStep=18 endStep=24
2025-02-03,18,22,dswrf_to_lead_minus2,DSM,OK,short_name=sdswrf units=W m**-2 startStep=18 endStep=22
2025-03-25,18,24,dswrf_to_lead,DSM,OK,short_name=sdswrf units=W m**-2 startStep=18 endStep=24
2025-03-25,18,22,dswrf_to_lead_minus2,DSM,OK,short_name=sdswrf units=W m**-2 startStep=18 endStep=22
2025-03-13,18,24,dswrf_to_lead,DSM,OK,short_name=sdswrf units=W m**-2 startStep=18 endStep=24
2025-03-13,18,22,dswrf_to_lead_minus2,DSM,OK,short_name=sdswrf units=W m**-2 startStep=18 endStep=22
2025-02-28,18,24,dswrf_to_lead,DSM,OK,short_name=sdswrf units=W m**-2 startStep=18 endStep=24
2025-02-28,18,22,dswrf_to_lead_minus2,DSM,OK,short_name=sdswrf units=W m**-2 startStep=18 endStep=22
2025-05-02,18,24,dswrf_to_lead,DSM,OK,short_name=sdswrf units=W m**-2 startStep=18 endStep=24
2025-05-02,18,22,dswrf_to_lead_minus2,DSM,OK,short_name=sdswrf units=W m**-2 startStep=18 endStep=22
2025-04-15,18,24,dswrf_to_lead,DSM,OK,short_name=sdswrf units=W m**-2 startStep=18 endStep=24
2025-04-15,18,22,dswrf_to_lead_minus2,DSM,OK,short_name=sdswrf units=W m**-2 startStep=18 endStep=22
2025-05-01,18,24,dswrf_to_lead,DSM,OK,short_name=sdswrf units=W m**-2 startStep=18 endStep=24
2025-05-01,18,22,dswrf_to_lead_minus2,DSM,OK,short_name=sdswrf units=W m**-2 startStep=18 endStep=22
2025-04-13,18,24,dswrf_to_lead,DSM,OK,short_name=sdswrf units=W m**-2 startStep=18 endStep=24
2025-04-13,18,22,dswrf_to_lead_minus2,DSM,OK,short_name=sdswrf units=W m**-2 startStep=18 endStep=22
2025-05-09,18,24,dswrf_to_lead,DSM,OK,short_name=sdswrf units=W m**-2 startStep=18 endStep=24
2025-05-09,18,22,dswrf_to_lead_minus2,DSM,OK,short_name=sdswrf units=W m**-2 startStep=18 endStep=22
2025-05-06,18,24,dswrf_to_lead,DSM,OK,short_name=sdswrf units=W m**-2 startStep=18 endStep=24
2025-05-06,18,22,dswrf_to_lead_minus2,DSM,OK,short_name=sdswrf units=W m**-2 startStep=18 endStep=22
2025-05-04,18,24,dswrf_to_lead,DSM,OK,short_name=sdswrf units=W m**-2 startStep=18 endStep=24
2025-05-04,18,22,dswrf_to_lead_minus2,DSM,OK,short_name=sdswrf units=W m**-2 startStep=18 endStep=22
2025-03-20,18,24,dswrf_to_lead,DSM,OK,short_name=sdswrf units=W m**-2 startStep=18 endStep=24
2025-03-20,18,22,dswrf_to_lead_minus2,DSM,OK,short_name=sdswrf units=W m**-2 startStep=18 endStep=22
2025-04-22,18,24,dswrf_to_lead,DSM,OK,short_name=sdswrf units=W m**-2 startStep=18 endStep=24
2025-04-22,18,22,dswrf_to_lead_minus2,DSM,OK,short_name=sdswrf units=W m**-2 startStep=18 endStep=22
2025-04-10,18,24,dswrf_to_lead,DSM,OK,short_name=sdswrf units=W m**-2 startStep=18 endStep=24
2025-04-10,18,22,dswrf_to_lead_minus2,DSM,OK,short_name=sdswrf units=W m**-2 startStep=18 endStep=22
2025-05-08,18,24,dswrf_to_lead,DSM,OK,short_name=sdswrf units=W m**-2 startStep=18 endStep=24
2025-05-08,18,22,dswrf_to_lead_minus2,DSM,OK,short_name=sdswrf units=W m**-2 startStep=18 endStep=22
2025-04-14,18,24,dswrf_to_lead,DSM,OK,short_name=sdswrf units=W m**-2 startStep=18 endStep=24
2025-04-14,18,22,dswrf_to_lead_minus2,DSM,OK,short_name=sdswrf units=W m**-2 startStep=18 endStep=22
2025-05-15,18,24,dswrf_to_lead,DSM,OK,short_name=sdswrf units=W m**-2 startStep=18 endStep=24
2025-05-15,18,22,dswrf_to_lead_minus2,DSM,OK,short_name=sdswrf units=W m**-2 startStep=18 endStep=22
2025-03-26,18,24,dswrf_to_lead,DSM,OK,short_name=sdswrf units=W m**-2 startStep=18 endStep=24
2025-03-26,18,22,dswrf_to_lead_minus2,DSM,OK,short_name=sdswrf units=W m**-2 startStep=18 endStep=22
2025-03-28,18,24,dswrf_to_lead,DSM,OK,short_name=sdswrf units=W m**-2 startStep=18 endStep=24
2025-03-28,18,22,dswrf_to_lead_minus2,DSM,OK,short_name=sdswrf units=W m**-2 startStep=18 endStep=22
2025-04-12,18,24,dswrf_to_lead,DSM,OK,short_name=sdswrf units=W m**-2 startStep=18 endStep=24
2025-04-12,18,22,dswrf_to_lead_minus2,DSM,OK,short_name=sdswrf units=W m**-2 startStep=18 endStep=22
2025-04-18,18,24,dswrf_to_lead,DSM,OK,short_name=sdswrf units=W m**-2 startStep=18 endStep=24
2025-04-18,18,22,dswrf_to_lead_minus2,DSM,OK,short_name=sdswrf units=W m**-2 startStep=18 endStep=22
2025-03-29,18,24,dswrf_to_lead,DSM,OK,short_name=sdswrf units=W m**-2 startStep=18 endStep=24
2025-03-29,18,22,dswrf_to_lead_minus2,DSM,OK,short_name=sdswrf units=W m**-2 startStep=18 endStep=22
2025-04-05,18,24,dswrf_to_lead,DSM,OK,short_name=sdswrf units=W m**-2 startStep=18 endStep=24
2025-04-05,18,22,dswrf_to_lead_minus2,DSM,OK,short_name=sdswrf units=W m**-2 startStep=18 endStep=22
2025-05-11,18,24,dswrf_to_lead,DSM,OK,short_name=sdswrf units=W m**-2 startStep=18 endStep=24
2025-05-11,18,22,dswrf_to_lead_minus2,DSM,OK,short_name=sdswrf units=W m**-2 startStep=18 endStep=22
2025-04-20,18,24,dswrf_to_lead,DSM,OK,short_name=sdswrf units=W m**-2 startStep=18 endStep=24
2025-04-20,18,22,dswrf_to_lead_minus2,DSM,OK,short_name=sdswrf units=W m**-2 startStep=18 endStep=22
2025-04-29,18,24,dswrf_to_lead,DSM,OK,short_name=sdswrf units=W m**-2 startStep=18 endStep=24
2025-04-29,18,22,dswrf_to_lead_minus2,DSM,OK,short_name=sdswrf units=W m**-2 startStep=18 endStep=22
2025-04-09,18,24,dswrf_to_lead,DSM,OK,short_name=sdswrf units=W m**-2 startStep=18 endStep=24
2025-04-09,18,22,dswrf_to_lead_minus2,DSM,OK,short_name=sdswrf units=W m**-2 startStep=18 endStep=22
2025-05-25,18,24,dswrf_to_lead,DSM,OK,short_name=sdswrf units=W m**-2 startStep=18 endStep=24
2025-05-25,18,22,dswrf_to_lead_minus2,DSM,OK,short_name=sdswrf units=W m**-2 startStep=18 endStep=22
2025-05-23,18,24,dswrf_to_lead,DSM,OK,short_name=sdswrf units=W m**-2 startStep=18 endStep=24
2025-05-23,18,22,dswrf_to_lead_minus2,DSM,OK,short_name=sdswrf units=W m**-2 startStep=18 endStep=22
2025-03-22,18,24,dswrf_to_lead,DSM,OK,short_name=sdswrf units=W m**-2 startStep=18 endStep=24
2025-03-22,18,22,dswrf_to_lead_minus2,DSM,OK,short_name=sdswrf units=W m**-2 startStep=18 endStep=22
2025-05-14,18,24,dswrf_to_lead,DSM,OK,short_name=sdswrf units=W m**-2 startStep=18 endStep=24
2025-05-14,18,22,dswrf_to_lead_minus2,DSM,OK,short_name=sdswrf units=W m**-2 startStep=18 endStep=22
2025-05-07,18,24,dswrf_to_lead,DSM,OK,short_name=sdswrf units=W m**-2 startStep=18 endStep=24
2025-05-07,18,22,dswrf_to_lead_minus2,DSM,OK,short_name=sdswrf units=W m**-2 startStep=18 endStep=22
2025-05-19,18,24,dswrf_to_lead,DSM,OK,short_name=sdswrf units=W m**-2 startStep=18 endStep=24
2025-05-19,18,22,dswrf_to_lead_minus2,DSM,OK,short_name=sdswrf units=W m**-2 startStep=18 endStep=22
2025-04-04,18,24,dswrf_to_lead,DSM,OK,short_name=sdswrf units=W m**-2 startStep=18 endStep=24
2025-04-04,18,22,dswrf_to_lead_minus2,DSM,OK,short_name=sdswrf units=W m**-2 startStep=18 endStep=22
2025-04-30,18,24,dswrf_to_lead,DSM,OK,short_name=sdswrf units=W m**-2 startStep=18 endStep=24
2025-04-30,18,22,dswrf_to_lead_minus2,DSM,OK,short_name=sdswrf units=W m**-2 startStep=18 endStep=22
2025-04-21,18,24,dswrf_to_lead,DSM,OK,short_name=sdswrf units=W m**-2 startStep=18 endStep=24
2025-04-21,18,22,dswrf_to_lead_minus2,DSM,OK,short_name=sdswrf units=W m**-2 startStep=18 endStep=22
2025-04-25,18,24,dswrf_to_lead,DSM,OK,short_name=sdswrf units=W m**-2 startStep=18 endStep=24
2025-04-25,18,22,dswrf_to_lead_minus2,DSM,OK,short_name=sdswrf units=W m**-2 startStep=18 endStep=22
2025-05-03,18,24,dswrf_to_lead,DSM,OK,short_name=sdswrf units=W m**-2 startStep=18 endStep=24
2025-05-03,18,22,dswrf_to_lead_minus2,DSM,OK,short_name=sdswrf units=W m**-2 startStep=18 endStep=22
2025-06-06,18,24,dswrf_to_lead,DSM,OK,short_name=sdswrf units=W m**-2 startStep=18 endStep=24
2025-06-06,18,22,dswrf_to_lead_minus2,DSM,OK,short_name=sdswrf units=W m**-2 startStep=18 endStep=22
2025-05-13,18,24,dswrf_to_lead,DSM,OK,short_name=sdswrf units=W m**-2 startStep=18 endStep=24
2025-05-13,18,22,dswrf_to_lead_minus2,DSM,OK,short_name=sdswrf units=W m**-2 startStep=18 endStep=22
2025-04-26,18,24,dswrf_to_lead,DSM,OK,short_name=sdswrf units=W m**-2 startStep=18 endStep=24
2025-04-26,18,22,dswrf_to_lead_minus2,DSM,OK,short_name=sdswrf units=W m**-2 startStep=18 endStep=22
2025-05-22,18,24,dswrf_to_lead,DSM,OK,short_name=sdswrf units=W m**-2 startStep=18 endStep=24
2025-05-22,18,22,dswrf_to_lead_minus2,DSM,OK,short_name=sdswrf units=W m**-2 startStep=18 endStep=22
2025-04-28,18,24,dswrf_to_lead,DSM,OK,short_name=sdswrf units=W m**-2 startStep=18 endStep=24
2025-04-28,18,22,dswrf_to_lead_minus2,DSM,OK,short_name=sdswrf units=W m**-2 startStep=18 endStep=22
2025-06-02,18,24,dswrf_to_lead,DSM,OK,short_name=sdswrf units=W m**-2 startStep=18 endStep=24
2025-06-02,18,22,dswrf_to_lead_minus2,DSM,OK,short_name=sdswrf units=W m**-2 startStep=18 endStep=22
2025-06-05,18,24,dswrf_to_lead,DSM,OK,short_name=sdswrf units=W m**-2 startStep=18 endStep=24
2025-06-05,18,22,dswrf_to_lead_minus2,DSM,OK,short_name=sdswrf units=W m**-2 startStep=18 endStep=22
2025-05-31,18,24,dswrf_to_lead,DSM,OK,short_name=sdswrf units=W m**-2 startStep=18 endStep=24
2025-05-31,18,22,dswrf_to_lead_minus2,DSM,OK,short_name=sdswrf units=W m**-2 startStep=18 endStep=22
2025-05-30,18,24,dswrf_to_lead,DSM,OK,short_name=sdswrf units=W m**-2 startStep=18 endStep=24
2025-05-30,18,22,dswrf_to_lead_minus2,DSM,OK,short_name=sdswrf units=W m**-2 startStep=18 endStep=22
2025-06-07,18,24,dswrf_to_lead,DSM,OK,short_name=sdswrf units=W m**-2 startStep=18 endStep=24
2025-06-07,18,22,dswrf_to_lead_minus2,DSM,OK,short_name=sdswrf units=W m**-2 startStep=18 endStep=22
2025-06-09,18,24,dswrf_to_lead,DSM,OK,short_name=sdswrf units=W m**-2 startStep=18 endStep=24
2025-06-09,18,22,dswrf_to_lead_minus2,DSM,OK,short_name=sdswrf units=W m**-2 startStep=18 endStep=22
2025-06-10,18,24,dswrf_to_lead,DSM,OK,short_name=sdswrf units=W m**-2 startStep=18 endStep=24
2025-06-10,18,22,dswrf_to_lead_minus2,DSM,OK,short_name=sdswrf units=W m**-2 startStep=18 endStep=22
2025-05-21,18,24,dswrf_to_lead,DSM,OK,short_name=sdswrf units=W m**-2 startStep=18 endStep=24
2025-05-21,18,22,dswrf_to_lead_minus2,DSM,OK,short_name=sdswrf units=W m**-2 startStep=18 endStep=22
2025-04-08,18,24,dswrf_to_lead,DSM,OK,short_name=sdswrf units=W m**-2 startStep=18 endStep=24
2025-04-08,18,22,dswrf_to_lead_minus2,DSM,OK,short_name=sdswrf units=W m**-2 startStep=18 endStep=22
2025-05-12,18,24,dswrf_to_lead,DSM,OK,short_name=sdswrf units=W m**-2 startStep=18 endStep=24
2025-05-12,18,22,dswrf_to_lead_minus2,DSM,OK,short_name=sdswrf units=W m**-2 startStep=18 endStep=22
2025-06-04,18,24,dswrf_to_lead,DSM,OK,short_name=sdswrf units=W m**-2 startStep=18 endStep=24
2025-06-04,18,22,dswrf_to_lead_minus2,DSM,OK,short_name=sdswrf units=W m**-2 startStep=18 endStep=22
2025-06-14,18,24,dswrf_to_lead,DSM,OK,short_name=sdswrf units=W m**-2 startStep=18 endStep=24
2025-06-14,18,22,dswrf_to_lead_minus2,DSM,OK,short_name=sdswrf units=W m**-2 startStep=18 endStep=22
2025-06-13,18,24,dswrf_to_lead,DSM,OK,short_name=sdswrf units=W m**-2 startStep=18 endStep=24
2025-06-13,18,22,dswrf_to_lead_minus2,DSM,OK,short_name=sdswrf units=W m**-2 startStep=18 endStep=22
2025-06-21,18,24,dswrf_to_lead,DSM,OK,short_name=sdswrf units=W m**-2 startStep=18 endStep=24
2025-06-21,18,22,dswrf_to_lead_minus2,DSM,OK,short_name=sdswrf units=W m**-2 startStep=18 endStep=22
2025-05-29,18,24,dswrf_to_lead,DSM,OK,short_name=sdswrf units=W m**-2 startStep=18 endStep=24
2025-05-29,18,22,dswrf_to_lead_minus2,DSM,OK,short_name=sdswrf units=W m**-2 startStep=18 endStep=22
2025-05-05,18,24,dswrf_to_lead,DSM,OK,short_name=sdswrf units=W m**-2 startStep=18 endStep=24
2025-05-05,18,22,dswrf_to_lead_minus2,DSM,OK,short_name=sdswrf units=W m**-2 startStep=18 endStep=22
2025-06-01,18,24,dswrf_to_lead,DSM,OK,short_name=sdswrf units=W m**-2 startStep=18 endStep=24
2025-06-01,18,22,dswrf_to_lead_minus2,DSM,OK,short_name=sdswrf units=W m**-2 startStep=18 endStep=22
2025-06-11,18,24,dswrf_to_lead,DSM,OK,short_name=sdswrf units=W m**-2 startStep=18 endStep=24
2025-06-11,18,22,dswrf_to_lead_minus2,DSM,OK,short_name=sdswrf units=W m**-2 startStep=18 endStep=22
2025-05-27,18,24,dswrf_to_lead,DSM,OK,short_name=sdswrf units=W m**-2 startStep=18 endStep=24
2025-05-27,18,22,dswrf_to_lead_minus2,DSM,OK,short_name=sdswrf units=W m**-2 startStep=18 endStep=22
2025-05-17,18,24,dswrf_to_lead,DSM,OK,short_name=sdswrf units=W m**-2 startStep=18 endStep=24
2025-05-17,18,22,dswrf_to_lead_minus2,DSM,OK,short_name=sdswrf units=W m**-2 startStep=18 endStep=22
2025-06-18,18,24,dswrf_to_lead,DSM,OK,short_name=sdswrf units=W m**-2 startStep=18 endStep=24
2025-06-18,18,22,dswrf_to_lead_minus2,DSM,OK,short_name=sdswrf units=W m**-2 startStep=18 endStep=22
2025-05-20,18,24,dswrf_to_lead,DSM,OK,short_name=sdswrf units=W m**-2 startStep=18 endStep=24
2025-05-20,18,22,dswrf_to_lead_minus2,DSM,OK,short_name=sdswrf units=W m**-2 startStep=18 endStep=22
2025-05-24,18,24,dswrf_to_lead,DSM,OK,short_name=sdswrf units=W m**-2 startStep=18 endStep=24
2025-05-24,18,22,dswrf_to_lead_minus2,DSM,OK,short_name=sdswrf units=W m**-2 startStep=18 endStep=22
2025-04-23,18,24,dswrf_to_lead,DSM,OK,short_name=sdswrf units=W m**-2 startStep=18 endStep=24
2025-04-23,18,22,dswrf_to_lead_minus2,DSM,OK,short_name=sdswrf units=W m**-2 startStep=18 endStep=22
2025-07-03,18,24,dswrf_to_lead,DSM,OK,short_name=sdswrf units=W m**-2 startStep=18 endStep=24
2025-07-03,18,22,dswrf_to_lead_minus2,DSM,OK,short_name=sdswrf units=W m**-2 startStep=18 endStep=22
2025-05-16,18,24,dswrf_to_lead,DSM,OK,short_name=sdswrf units=W m**-2 startStep=18 endStep=24
2025-05-16,18,22,dswrf_to_lead_minus2,DSM,OK,short_name=sdswrf units=W m**-2 startStep=18 endStep=22
2025-06-12,18,24,dswrf_to_lead,DSM,OK,short_name=sdswrf units=W m**-2 startStep=18 endStep=24
2025-06-12,18,22,dswrf_to_lead_minus2,DSM,OK,short_name=sdswrf units=W m**-2 startStep=18 endStep=22
2025-06-24,18,24,dswrf_to_lead,DSM,OK,short_name=sdswrf units=W m**-2 startStep=18 endStep=24
2025-06-24,18,22,dswrf_to_lead_minus2,DSM,OK,short_name=sdswrf units=W m**-2 startStep=18 endStep=22
2025-06-26,18,24,dswrf_to_lead,DSM,OK,short_name=sdswrf units=W m**-2 startStep=18 endStep=24
2025-06-26,18,22,dswrf_to_lead_minus2,DSM,OK,short_name=sdswrf units=W m**-2 startStep=18 endStep=22
2025-06-08,18,24,dswrf_to_lead,DSM,OK,short_name=sdswrf units=W m**-2 startStep=18 endStep=24
2025-06-08,18,22,dswrf_to_lead_minus2,DSM,OK,short_name=sdswrf units=W m**-2 startStep=18 endStep=22
2025-05-26,18,24,dswrf_to_lead,DSM,OK,short_name=sdswrf units=W m**-2 startStep=18 endStep=24
2025-05-26,18,22,dswrf_to_lead_minus2,DSM,OK,short_name=sdswrf units=W m**-2 startStep=18 endStep=22
2025-06-30,18,24,dswrf_to_lead,DSM,OK,short_name=sdswrf units=W m**-2 startStep=18 endStep=24
2025-06-30,18,22,dswrf_to_lead_minus2,DSM,OK,short_name=sdswrf units=W m**-2 startStep=18 endStep=22
2025-06-27,18,24,dswrf_to_lead,DSM,OK,short_name=sdswrf units=W m**-2 startStep=18 endStep=24
2025-06-27,18,22,dswrf_to_lead_minus2,DSM,OK,short_name=sdswrf units=W m**-2 startStep=18 endStep=22
2025-07-14,18,24,dswrf_to_lead,DSM,OK,short_name=sdswrf units=W m**-2 startStep=18 endStep=24
2025-07-14,18,22,dswrf_to_lead_minus2,DSM,OK,short_name=sdswrf units=W m**-2 startStep=18 endStep=22
2025-07-15,18,24,dswrf_to_lead,DSM,OK,short_name=sdswrf units=W m**-2 startStep=18 endStep=24
2025-07-15,18,22,dswrf_to_lead_minus2,DSM,OK,short_name=sdswrf units=W m**-2 startStep=18 endStep=22
2025-07-05,18,24,dswrf_to_lead,DSM,OK,short_name=sdswrf units=W m**-2 startStep=18 endStep=24
2025-07-05,18,22,dswrf_to_lead_minus2,DSM,OK,short_name=sdswrf units=W m**-2 startStep=18 endStep=22
2025-05-28,18,24,dswrf_to_lead,DSM,OK,short_name=sdswrf units=W m**-2 startStep=18 endStep=24
2025-05-28,18,22,dswrf_to_lead_minus2,DSM,OK,short_name=sdswrf units=W m**-2 startStep=18 endStep=22
2025-07-22,18,24,dswrf_to_lead,DSM,OK,short_name=sdswrf units=W m**-2 startStep=18 endStep=24
2025-07-22,18,22,dswrf_to_lead_minus2,DSM,OK,short_name=sdswrf units=W m**-2 startStep=18 endStep=22
2025-07-09,18,24,dswrf_to_lead,DSM,OK,short_name=sdswrf units=W m**-2 startStep=18 endStep=24
2025-07-09,18,22,dswrf_to_lead_minus2,DSM,OK,short_name=sdswrf units=W m**-2 startStep=18 endStep=22
2024-07-31,0,26,dswrf_to_lead,YSDU,OK,short_name=sdswrf units=W m**-2 startStep=24 endStep=26
2025-07-06,18,24,dswrf_to_lead,DSM,OK,short_name=sdswrf units=W m**-2 startStep=18 endStep=24
2025-07-06,18,22,dswrf_to_lead_minus2,DSM,OK,short_name=sdswrf units=W m**-2 startStep=18 endStep=22
2025-07-11,18,24,dswrf_to_lead,DSM,OK,short_name=sdswrf units=W m**-2 startStep=18 endStep=24
2025-07-11,18,22,dswrf_to_lead_minus2,DSM,OK,short_name=sdswrf units=W m**-2 startStep=18 endStep=22
2025-06-03,18,24,dswrf_to_lead,DSM,OK,short_name=sdswrf units=W m**-2 startStep=18 endStep=24
2025-06-03,18,22,dswrf_to_lead_minus2,DSM,OK,short_name=sdswrf units=W m**-2 startStep=18 endStep=22
2025-07-18,18,24,dswrf_to_lead,DSM,OK,short_name=sdswrf units=W m**-2 startStep=18 endStep=24
2025-07-18,18,22,dswrf_to_lead_minus2,DSM,OK,short_name=sdswrf units=W m**-2 startStep=18 endStep=22
2025-05-18,18,24,dswrf_to_lead,DSM,OK,short_name=sdswrf units=W m**-2 startStep=18 endStep=24
2025-05-18,18,22,dswrf_to_lead_minus2,DSM,OK,short_name=sdswrf units=W m**-2 startStep=18 endStep=22
2025-06-16,18,24,dswrf_to_lead,DSM,OK,short_name=sdswrf units=W m**-2 startStep=18 endStep=24
2025-06-16,18,22,dswrf_to_lead_minus2,DSM,OK,short_name=sdswrf units=W m**-2 startStep=18 endStep=22
2024-08-01,0,26,dswrf_to_lead,YSDU,OK,short_name=sdswrf units=W m**-2 startStep=24 endStep=26
2025-07-21,18,24,dswrf_to_lead,DSM,OK,short_name=sdswrf units=W m**-2 startStep=18 endStep=24
2025-07-21,18,22,dswrf_to_lead_minus2,DSM,OK,short_name=sdswrf units=W m**-2 startStep=18 endStep=22
2025-07-07,18,24,dswrf_to_lead,DSM,OK,short_name=sdswrf units=W m**-2 startStep=18 endStep=24
2025-07-07,18,22,dswrf_to_lead_minus2,DSM,OK,short_name=sdswrf units=W m**-2 startStep=18 endStep=22
2025-07-17,18,24,dswrf_to_lead,DSM,OK,short_name=sdswrf units=W m**-2 startStep=18 endStep=24
2025-07-17,18,22,dswrf_to_lead_minus2,DSM,OK,short_name=sdswrf units=W m**-2 startStep=18 endStep=22
2025-06-15,18,24,dswrf_to_lead,DSM,OK,short_name=sdswrf units=W m**-2 startStep=18 endStep=24
2025-06-15,18,22,dswrf_to_lead_minus2,DSM,OK,short_name=sdswrf units=W m**-2 startStep=18 endStep=22
2025-06-19,18,24,dswrf_to_lead,DSM,OK,short_name=sdswrf units=W m**-2 startStep=18 endStep=24
2025-06-19,18,22,dswrf_to_lead_minus2,DSM,OK,short_name=sdswrf units=W m**-2 startStep=18 endStep=22
2025-07-25,18,24,dswrf_to_lead,DSM,OK,short_name=sdswrf units=W m**-2 startStep=18 endStep=24
2025-07-25,18,22,dswrf_to_lead_minus2,DSM,OK,short_name=sdswrf units=W m**-2 startStep=18 endStep=22
2025-06-17,18,24,dswrf_to_lead,DSM,OK,short_name=sdswrf units=W m**-2 startStep=18 endStep=24
2025-06-17,18,22,dswrf_to_lead_minus2,DSM,OK,short_name=sdswrf units=W m**-2 startStep=18 endStep=22
2024-08-15,0,26,dswrf_to_lead,YSDU,OK,short_name=sdswrf units=W m**-2 startStep=24 endStep=26
2024-08-10,0,26,dswrf_to_lead,YSDU,OK,short_name=sdswrf units=W m**-2 startStep=24 endStep=26
2024-08-02,0,26,dswrf_to_lead,YSDU,OK,short_name=sdswrf units=W m**-2 startStep=24 endStep=26
2024-08-13,0,26,dswrf_to_lead,YSDU,OK,short_name=sdswrf units=W m**-2 startStep=24 endStep=26
2025-06-29,18,24,dswrf_to_lead,DSM,OK,short_name=sdswrf units=W m**-2 startStep=18 endStep=24
2025-06-29,18,22,dswrf_to_lead_minus2,DSM,OK,short_name=sdswrf units=W m**-2 startStep=18 endStep=22
2025-07-26,18,24,dswrf_to_lead,DSM,OK,short_name=sdswrf units=W m**-2 startStep=18 endStep=24
2025-07-26,18,22,dswrf_to_lead_minus2,DSM,OK,short_name=sdswrf units=W m**-2 startStep=18 endStep=22
2024-08-07,0,26,dswrf_to_lead,YSDU,OK,short_name=sdswrf units=W m**-2 startStep=24 endStep=26
2025-07-01,18,24,dswrf_to_lead,DSM,OK,short_name=sdswrf units=W m**-2 startStep=18 endStep=24
2025-07-01,18,22,dswrf_to_lead_minus2,DSM,OK,short_name=sdswrf units=W m**-2 startStep=18 endStep=22
2024-08-09,0,26,dswrf_to_lead,YSDU,OK,short_name=sdswrf units=W m**-2 startStep=24 endStep=26
2024-08-04,0,26,dswrf_to_lead,YSDU,OK,short_name=sdswrf units=W m**-2 startStep=24 endStep=26
2025-07-19,18,24,dswrf_to_lead,DSM,OK,short_name=sdswrf units=W m**-2 startStep=18 endStep=24
2025-07-19,18,22,dswrf_to_lead_minus2,DSM,OK,short_name=sdswrf units=W m**-2 startStep=18 endStep=22
2024-08-17,0,26,dswrf_to_lead,YSDU,OK,short_name=sdswrf units=W m**-2 startStep=24 endStep=26
2025-07-28,18,24,dswrf_to_lead,DSM,OK,short_name=sdswrf units=W m**-2 startStep=18 endStep=24
2025-07-28,18,22,dswrf_to_lead_minus2,DSM,OK,short_name=sdswrf units=W m**-2 startStep=18 endStep=22
2024-08-24,0,26,dswrf_to_lead,YSDU,OK,short_name=sdswrf units=W m**-2 startStep=24 endStep=26
2024-08-14,0,26,dswrf_to_lead,YSDU,OK,short_name=sdswrf units=W m**-2 startStep=24 endStep=26
2025-07-24,18,24,dswrf_to_lead,DSM,OK,short_name=sdswrf units=W m**-2 startStep=18 endStep=24
2025-07-24,18,22,dswrf_to_lead_minus2,DSM,OK,short_name=sdswrf units=W m**-2 startStep=18 endStep=22
2025-06-25,18,24,dswrf_to_lead,DSM,OK,short_name=sdswrf units=W m**-2 startStep=18 endStep=24
2025-06-25,18,22,dswrf_to_lead_minus2,DSM,OK,short_name=sdswrf units=W m**-2 startStep=18 endStep=22
2025-05-10,18,24,dswrf_to_lead,DSM,OK,short_name=sdswrf units=W m**-2 startStep=18 endStep=24
2025-05-10,18,22,dswrf_to_lead_minus2,DSM,OK,short_name=sdswrf units=W m**-2 startStep=18 endStep=22
2024-08-22,0,26,dswrf_to_lead,YSDU,OK,short_name=sdswrf units=W m**-2 startStep=24 endStep=26
2024-08-12,0,26,dswrf_to_lead,YSDU,OK,short_name=sdswrf units=W m**-2 startStep=24 endStep=26
2024-08-03,0,26,dswrf_to_lead,YSDU,OK,short_name=sdswrf units=W m**-2 startStep=24 endStep=26
2024-08-08,0,26,dswrf_to_lead,YSDU,OK,short_name=sdswrf units=W m**-2 startStep=24 endStep=26
2024-08-23,0,26,dswrf_to_lead,YSDU,OK,short_name=sdswrf units=W m**-2 startStep=24 endStep=26
2024-08-16,0,26,dswrf_to_lead,YSDU,OK,short_name=sdswrf units=W m**-2 startStep=24 endStep=26
2025-07-08,18,24,dswrf_to_lead,DSM,OK,short_name=sdswrf units=W m**-2 startStep=18 endStep=24
2025-07-08,18,22,dswrf_to_lead_minus2,DSM,OK,short_name=sdswrf units=W m**-2 startStep=18 endStep=22
2024-08-31,0,26,dswrf_to_lead,YSDU,OK,short_name=sdswrf units=W m**-2 startStep=24 endStep=26
2024-08-21,0,26,dswrf_to_lead,YSDU,OK,short_name=sdswrf units=W m**-2 startStep=24 endStep=26
2025-06-22,18,24,dswrf_to_lead,DSM,OK,short_name=sdswrf units=W m**-2 startStep=18 endStep=24
2025-06-22,18,22,dswrf_to_lead_minus2,DSM,OK,short_name=sdswrf units=W m**-2 startStep=18 endStep=22
2024-09-01,0,26,dswrf_to_lead,YSDU,OK,short_name=sdswrf units=W m**-2 startStep=24 endStep=26
2024-09-03,0,26,dswrf_to_lead,YSDU,OK,short_name=sdswrf units=W m**-2 startStep=24 endStep=26
2024-08-06,0,26,dswrf_to_lead,YSDU,OK,short_name=sdswrf units=W m**-2 startStep=24 endStep=26
2025-07-30,18,24,dswrf_to_lead,DSM,OK,short_name=sdswrf units=W m**-2 startStep=18 endStep=24
2025-07-30,18,22,dswrf_to_lead_minus2,DSM,OK,short_name=sdswrf units=W m**-2 startStep=18 endStep=22
2025-07-12,18,24,dswrf_to_lead,DSM,OK,short_name=sdswrf units=W m**-2 startStep=18 endStep=24
2025-07-12,18,22,dswrf_to_lead_minus2,DSM,OK,short_name=sdswrf units=W m**-2 startStep=18 endStep=22
2025-07-20,18,24,dswrf_to_lead,DSM,OK,short_name=sdswrf units=W m**-2 startStep=18 endStep=24
2025-07-20,18,22,dswrf_to_lead_minus2,DSM,OK,short_name=sdswrf units=W m**-2 startStep=18 endStep=22
2024-09-20,0,26,dswrf_to_lead,YSDU,OK,short_name=sdswrf units=W m**-2 startStep=24 endStep=26
2025-07-02,18,24,dswrf_to_lead,DSM,OK,short_name=sdswrf units=W m**-2 startStep=18 endStep=24
2025-07-02,18,22,dswrf_to_lead_minus2,DSM,OK,short_name=sdswrf units=W m**-2 startStep=18 endStep=22
2024-09-11,0,26,dswrf_to_lead,YSDU,OK,short_name=sdswrf units=W m**-2 startStep=24 endStep=26
2024-08-28,0,26,dswrf_to_lead,YSDU,OK,short_name=sdswrf units=W m**-2 startStep=24 endStep=26
2024-09-08,0,26,dswrf_to_lead,YSDU,OK,short_name=sdswrf units=W m**-2 startStep=24 endStep=26
2025-07-10,18,24,dswrf_to_lead,DSM,OK,short_name=sdswrf units=W m**-2 startStep=18 endStep=24
2025-07-10,18,22,dswrf_to_lead_minus2,DSM,OK,short_name=sdswrf units=W m**-2 startStep=18 endStep=22
2024-08-19,0,26,dswrf_to_lead,YSDU,OK,short_name=sdswrf units=W m**-2 startStep=24 endStep=26
2025-06-20,18,24,dswrf_to_lead,DSM,OK,short_name=sdswrf units=W m**-2 startStep=18 endStep=24
2025-06-20,18,22,dswrf_to_lead_minus2,DSM,OK,short_name=sdswrf units=W m**-2 startStep=18 endStep=22
2024-08-25,0,26,dswrf_to_lead,YSDU,OK,short_name=sdswrf units=W m**-2 startStep=24 endStep=26
2024-09-17,0,26,dswrf_to_lead,YSDU,OK,short_name=sdswrf units=W m**-2 startStep=24 endStep=26
2024-09-19,0,26,dswrf_to_lead,YSDU,OK,short_name=sdswrf units=W m**-2 startStep=24 endStep=26
2024-09-12,0,26,dswrf_to_lead,YSDU,OK,short_name=sdswrf units=W m**-2 startStep=24 endStep=26
2025-07-04,18,24,dswrf_to_lead,DSM,OK,short_name=sdswrf units=W m**-2 startStep=18 endStep=24
2025-07-04,18,22,dswrf_to_lead_minus2,DSM,OK,short_name=sdswrf units=W m**-2 startStep=18 endStep=22
2025-06-23,18,24,dswrf_to_lead,DSM,OK,short_name=sdswrf units=W m**-2 startStep=18 endStep=24
2025-06-23,18,22,dswrf_to_lead_minus2,DSM,OK,short_name=sdswrf units=W m**-2 startStep=18 endStep=22
2025-07-13,18,24,dswrf_to_lead,DSM,OK,short_name=sdswrf units=W m**-2 startStep=18 endStep=24
2025-07-13,18,22,dswrf_to_lead_minus2,DSM,OK,short_name=sdswrf units=W m**-2 startStep=18 endStep=22
2024-09-15,0,26,dswrf_to_lead,YSDU,OK,short_name=sdswrf units=W m**-2 startStep=24 endStep=26
2024-09-04,0,26,dswrf_to_lead,YSDU,OK,short_name=sdswrf units=W m**-2 startStep=24 endStep=26
2025-07-16,18,24,dswrf_to_lead,DSM,OK,short_name=sdswrf units=W m**-2 startStep=18 endStep=24
2025-07-16,18,22,dswrf_to_lead_minus2,DSM,OK,short_name=sdswrf units=W m**-2 startStep=18 endStep=22
2024-09-25,0,26,dswrf_to_lead,YSDU,OK,short_name=sdswrf units=W m**-2 startStep=24 endStep=26
2024-09-24,0,26,dswrf_to_lead,YSDU,OK,short_name=sdswrf units=W m**-2 startStep=24 endStep=26
2024-09-30,0,26,dswrf_to_lead,YSDU,OK,short_name=sdswrf units=W m**-2 startStep=24 endStep=26
2025-07-29,18,24,dswrf_to_lead,DSM,OK,short_name=sdswrf units=W m**-2 startStep=18 endStep=24
2025-07-29,18,22,dswrf_to_lead_minus2,DSM,OK,short_name=sdswrf units=W m**-2 startStep=18 endStep=22
2024-10-05,0,26,dswrf_to_lead,YSDU,OK,short_name=sdswrf units=W m**-2 startStep=24 endStep=26
2024-09-28,0,26,dswrf_to_lead,YSDU,OK,short_name=sdswrf units=W m**-2 startStep=24 endStep=26
2024-10-11,0,26,dswrf_to_lead,YSDU,OK,short_name=sdswrf units=W m**-2 startStep=24 endStep=26
2024-08-05,0,26,dswrf_to_lead,YSDU,OK,short_name=sdswrf units=W m**-2 startStep=24 endStep=26
2024-09-21,0,26,dswrf_to_lead,YSDU,OK,short_name=sdswrf units=W m**-2 startStep=24 endStep=26
2024-08-11,0,26,dswrf_to_lead,YSDU,OK,short_name=sdswrf units=W m**-2 startStep=24 endStep=26
2024-10-06,0,26,dswrf_to_lead,YSDU,OK,short_name=sdswrf units=W m**-2 startStep=24 endStep=26
2024-09-27,0,26,dswrf_to_lead,YSDU,OK,short_name=sdswrf units=W m**-2 startStep=24 endStep=26
2024-10-07,0,26,dswrf_to_lead,YSDU,OK,short_name=sdswrf units=W m**-2 startStep=24 endStep=26
2024-09-22,0,26,dswrf_to_lead,YSDU,OK,short_name=sdswrf units=W m**-2 startStep=24 endStep=26
2024-09-23,0,26,dswrf_to_lead,YSDU,OK,short_name=sdswrf units=W m**-2 startStep=24 endStep=26
2024-10-12,0,26,dswrf_to_lead,YSDU,OK,short_name=sdswrf units=W m**-2 startStep=24 endStep=26
2025-07-27,18,24,dswrf_to_lead,DSM,OK,short_name=sdswrf units=W m**-2 startStep=18 endStep=24
2025-07-27,18,22,dswrf_to_lead_minus2,DSM,OK,short_name=sdswrf units=W m**-2 startStep=18 endStep=22
2024-09-26,0,26,dswrf_to_lead,YSDU,OK,short_name=sdswrf units=W m**-2 startStep=24 endStep=26
2024-10-01,0,26,dswrf_to_lead,YSDU,OK,short_name=sdswrf units=W m**-2 startStep=24 endStep=26
2024-09-09,0,26,dswrf_to_lead,YSDU,OK,short_name=sdswrf units=W m**-2 startStep=24 endStep=26
2024-08-26,0,26,dswrf_to_lead,YSDU,OK,short_name=sdswrf units=W m**-2 startStep=24 endStep=26
2024-08-27,0,26,dswrf_to_lead,YSDU,OK,short_name=sdswrf units=W m**-2 startStep=24 endStep=26
2025-07-23,18,24,dswrf_to_lead,DSM,OK,short_name=sdswrf units=W m**-2 startStep=18 endStep=24
2025-07-23,18,22,dswrf_to_lead_minus2,DSM,OK,short_name=sdswrf units=W m**-2 startStep=18 endStep=22
2024-10-20,0,26,dswrf_to_lead,YSDU,OK,short_name=sdswrf units=W m**-2 startStep=24 endStep=26
2024-10-02,0,26,dswrf_to_lead,YSDU,OK,short_name=sdswrf units=W m**-2 startStep=24 endStep=26
2024-10-13,0,26,dswrf_to_lead,YSDU,OK,short_name=sdswrf units=W m**-2 startStep=24 endStep=26
2024-10-30,0,26,dswrf_to_lead,YSDU,OK,short_name=sdswrf units=W m**-2 startStep=24 endStep=26
2024-10-27,0,26,dswrf_to_lead,YSDU,OK,short_name=sdswrf units=W m**-2 startStep=24 endStep=26
2024-11-01,0,26,dswrf_to_lead,YSDU,OK,short_name=sdswrf units=W m**-2 startStep=24 endStep=26
2024-10-25,0,26,dswrf_to_lead,YSDU,OK,short_name=sdswrf units=W m**-2 startStep=24 endStep=26
2024-10-22,0,26,dswrf_to_lead,YSDU,OK,short_name=sdswrf units=W m**-2 startStep=24 endStep=26
2025-06-28,18,24,dswrf_to_lead,DSM,OK,short_name=sdswrf units=W m**-2 startStep=18 endStep=24
2025-06-28,18,22,dswrf_to_lead_minus2,DSM,OK,short_name=sdswrf units=W m**-2 startStep=18 endStep=22
2024-10-10,0,26,dswrf_to_lead,YSDU,OK,short_name=sdswrf units=W m**-2 startStep=24 endStep=26
2024-11-05,0,26,dswrf_to_lead,YSDU,OK,short_name=sdswrf units=W m**-2 startStep=24 endStep=26
2024-09-18,0,26,dswrf_to_lead,YSDU,OK,short_name=sdswrf units=W m**-2 startStep=24 endStep=26
2024-10-24,0,26,dswrf_to_lead,YSDU,OK,short_name=sdswrf units=W m**-2 startStep=24 endStep=26
2024-09-13,0,26,dswrf_to_lead,YSDU,OK,short_name=sdswrf units=W m**-2 startStep=24 endStep=26
2024-11-07,0,26,dswrf_to_lead,YSDU,OK,short_name=sdswrf units=W m**-2 startStep=24 endStep=26
2024-09-02,0,26,dswrf_to_lead,YSDU,OK,short_name=sdswrf units=W m**-2 startStep=24 endStep=26
2024-09-06,0,26,dswrf_to_lead,YSDU,OK,short_name=sdswrf units=W m**-2 startStep=24 endStep=26
2024-08-20,0,26,dswrf_to_lead,YSDU,OK,short_name=sdswrf units=W m**-2 startStep=24 endStep=26
2024-10-03,0,26,dswrf_to_lead,YSDU,OK,short_name=sdswrf units=W m**-2 startStep=24 endStep=26
2024-11-03,0,26,dswrf_to_lead,YSDU,OK,short_name=sdswrf units=W m**-2 startStep=24 endStep=26
2024-11-06,0,26,dswrf_to_lead,YSDU,OK,short_name=sdswrf units=W m**-2 startStep=24 endStep=26
2024-11-12,0,26,dswrf_to_lead,YSDU,OK,short_name=sdswrf units=W m**-2 startStep=24 endStep=26
2024-08-30,0,26,dswrf_to_lead,YSDU,OK,short_name=sdswrf units=W m**-2 startStep=24 endStep=26
2024-10-16,0,26,dswrf_to_lead,YSDU,OK,short_name=sdswrf units=W m**-2 startStep=24 endStep=26
2024-11-13,0,26,dswrf_to_lead,YSDU,OK,short_name=sdswrf units=W m**-2 startStep=24 endStep=26
2024-11-15,0,26,dswrf_to_lead,YSDU,OK,short_name=sdswrf units=W m**-2 startStep=24 endStep=26
2024-11-19,0,26,dswrf_to_lead,YSDU,OK,short_name=sdswrf units=W m**-2 startStep=24 endStep=26
2024-11-17,0,26,dswrf_to_lead,YSDU,OK,short_name=sdswrf units=W m**-2 startStep=24 endStep=26
2024-11-10,0,26,dswrf_to_lead,YSDU,OK,short_name=sdswrf units=W m**-2 startStep=24 endStep=26
2024-11-21,0,26,dswrf_to_lead,YSDU,OK,short_name=sdswrf units=W m**-2 startStep=24 endStep=26
2024-09-16,0,26,dswrf_to_lead,YSDU,OK,short_name=sdswrf units=W m**-2 startStep=24 endStep=26
2024-11-26,0,26,dswrf_to_lead,YSDU,OK,short_name=sdswrf units=W m**-2 startStep=24 endStep=26
2024-09-07,0,26,dswrf_to_lead,YSDU,OK,short_name=sdswrf units=W m**-2 startStep=24 endStep=26
2024-11-11,0,26,dswrf_to_lead,YSDU,OK,short_name=sdswrf units=W m**-2 startStep=24 endStep=26
2024-10-29,0,26,dswrf_to_lead,YSDU,OK,short_name=sdswrf units=W m**-2 startStep=24 endStep=26
2024-10-09,0,26,dswrf_to_lead,YSDU,OK,short_name=sdswrf units=W m**-2 startStep=24 endStep=26
2024-11-23,0,26,dswrf_to_lead,YSDU,OK,short_name=sdswrf units=W m**-2 startStep=24 endStep=26
2024-08-18,0,26,dswrf_to_lead,YSDU,OK,short_name=sdswrf units=W m**-2 startStep=24 endStep=26
2024-11-22,0,26,dswrf_to_lead,YSDU,OK,short_name=sdswrf units=W m**-2 startStep=24 endStep=26
2024-12-02,0,26,dswrf_to_lead,YSDU,OK,short_name=sdswrf units=W m**-2 startStep=24 endStep=26
2024-11-20,0,26,dswrf_to_lead,YSDU,OK,short_name=sdswrf units=W m**-2 startStep=24 endStep=26
2024-11-25,0,26,dswrf_to_lead,YSDU,OK,short_name=sdswrf units=W m**-2 startStep=24 endStep=26
2024-10-14,0,26,dswrf_to_lead,YSDU,OK,short_name=sdswrf units=W m**-2 startStep=24 endStep=26
2024-09-05,0,26,dswrf_to_lead,YSDU,OK,short_name=sdswrf units=W m**-2 startStep=24 endStep=26
2024-11-30,0,26,dswrf_to_lead,YSDU,OK,short_name=sdswrf units=W m**-2 startStep=24 endStep=26
2024-11-18,0,26,dswrf_to_lead,YSDU,OK,short_name=sdswrf units=W m**-2 startStep=24 endStep=26
2024-10-21,0,26,dswrf_to_lead,YSDU,OK,short_name=sdswrf units=W m**-2 startStep=24 endStep=26
2024-11-16,0,26,dswrf_to_lead,YSDU,OK,short_name=sdswrf units=W m**-2 startStep=24 endStep=26
2024-10-23,0,26,dswrf_to_lead,YSDU,OK,short_name=sdswrf units=W m**-2 startStep=24 endStep=26
2024-11-08,0,26,dswrf_to_lead,YSDU,OK,short_name=sdswrf units=W m**-2 startStep=24 endStep=26
2024-11-24,0,26,dswrf_to_lead,YSDU,OK,short_name=sdswrf units=W m**-2 startStep=24 endStep=26
2024-10-19,0,26,dswrf_to_lead,YSDU,OK,short_name=sdswrf units=W m**-2 startStep=24 endStep=26
2024-12-17,0,26,dswrf_to_lead,YSDU,OK,short_name=sdswrf units=W m**-2 startStep=24 endStep=26
2024-12-10,0,26,dswrf_to_lead,YSDU,OK,short_name=sdswrf units=W m**-2 startStep=24 endStep=26
2024-12-13,0,26,dswrf_to_lead,YSDU,OK,short_name=sdswrf units=W m**-2 startStep=24 endStep=26
2024-10-08,0,26,dswrf_to_lead,YSDU,OK,short_name=sdswrf units=W m**-2 startStep=24 endStep=26
2024-10-17,0,26,dswrf_to_lead,YSDU,OK,short_name=sdswrf units=W m**-2 startStep=24 endStep=26
2024-12-08,0,26,dswrf_to_lead,YSDU,OK,short_name=sdswrf units=W m**-2 startStep=24 endStep=26
2024-11-29,0,26,dswrf_to_lead,YSDU,OK,short_name=sdswrf units=W m**-2 startStep=24 endStep=26
2024-08-29,0,26,dswrf_to_lead,YSDU,OK,short_name=sdswrf units=W m**-2 startStep=24 endStep=26
2024-11-27,0,26,dswrf_to_lead,YSDU,OK,short_name=sdswrf units=W m**-2 startStep=24 endStep=26
2024-09-10,0,26,dswrf_to_lead,YSDU,OK,short_name=sdswrf units=W m**-2 startStep=24 endStep=26
2024-09-29,0,26,dswrf_to_lead,YSDU,OK,short_name=sdswrf units=W m**-2 startStep=24 endStep=26
2024-12-14,0,26,dswrf_to_lead,YSDU,OK,short_name=sdswrf units=W m**-2 startStep=24 endStep=26
2024-11-28,0,26,dswrf_to_lead,YSDU,OK,short_name=sdswrf units=W m**-2 startStep=24 endStep=26
2024-12-09,0,26,dswrf_to_lead,YSDU,OK,short_name=sdswrf units=W m**-2 startStep=24 endStep=26
2024-12-12,0,26,dswrf_to_lead,YSDU,OK,short_name=sdswrf units=W m**-2 startStep=24 endStep=26
2024-12-26,0,26,dswrf_to_lead,YSDU,OK,short_name=sdswrf units=W m**-2 startStep=24 endStep=26
2024-12-22,0,26,dswrf_to_lead,YSDU,OK,short_name=sdswrf units=W m**-2 startStep=24 endStep=26
2024-12-19,0,26,dswrf_to_lead,YSDU,OK,short_name=sdswrf units=W m**-2 startStep=24 endStep=26
2024-09-14,0,26,dswrf_to_lead,YSDU,OK,short_name=sdswrf units=W m**-2 startStep=24 endStep=26
2024-12-25,0,26,dswrf_to_lead,YSDU,OK,short_name=sdswrf units=W m**-2 startStep=24 endStep=26
2024-12-21,0,26,dswrf_to_lead,YSDU,OK,short_name=sdswrf units=W m**-2 startStep=24 endStep=26
2024-12-23,0,26,dswrf_to_lead,YSDU,OK,short_name=sdswrf units=W m**-2 startStep=24 endStep=26
2024-12-28,0,26,dswrf_to_lead,YSDU,OK,short_name=sdswrf units=W m**-2 startStep=24 endStep=26
2024-12-30,0,26,dswrf_to_lead,YSDU,OK,short_name=sdswrf units=W m**-2 startStep=24 endStep=26
2024-11-02,0,26,dswrf_to_lead,YSDU,OK,short_name=sdswrf units=W m**-2 startStep=24 endStep=26
2024-12-06,0,26,dswrf_to_lead,YSDU,OK,short_name=sdswrf units=W m**-2 startStep=24 endStep=26
2024-11-09,0,26,dswrf_to_lead,YSDU,OK,short_name=sdswrf units=W m**-2 startStep=24 endStep=26
2024-10-31,0,26,dswrf_to_lead,YSDU,OK,short_name=sdswrf units=W m**-2 startStep=24 endStep=26
2024-10-18,0,26,dswrf_to_lead,YSDU,OK,short_name=sdswrf units=W m**-2 startStep=24 endStep=26
2024-12-04,0,26,dswrf_to_lead,YSDU,OK,short_name=sdswrf units=W m**-2 startStep=24 endStep=26
2025-01-04,0,26,dswrf_to_lead,YSDU,OK,short_name=sdswrf units=W m**-2 startStep=24 endStep=26
2025-01-01,0,26,dswrf_to_lead,YSDU,OK,short_name=sdswrf units=W m**-2 startStep=24 endStep=26
2025-01-11,0,26,dswrf_to_lead,YSDU,OK,short_name=sdswrf units=W m**-2 startStep=24 endStep=26
2024-10-26,0,26,dswrf_to_lead,YSDU,OK,short_name=sdswrf units=W m**-2 startStep=24 endStep=26
2025-01-09,0,26,dswrf_to_lead,YSDU,OK,short_name=sdswrf units=W m**-2 startStep=24 endStep=26
2024-10-04,0,26,dswrf_to_lead,YSDU,OK,short_name=sdswrf units=W m**-2 startStep=24 endStep=26
2024-12-07,0,26,dswrf_to_lead,YSDU,OK,short_name=sdswrf units=W m**-2 startStep=24 endStep=26
2025-01-18,0,26,dswrf_to_lead,YSDU,OK,short_name=sdswrf units=W m**-2 startStep=24 endStep=26
2025-01-12,0,26,dswrf_to_lead,YSDU,OK,short_name=sdswrf units=W m**-2 startStep=24 endStep=26
2024-11-14,0,26,dswrf_to_lead,YSDU,OK,short_name=sdswrf units=W m**-2 startStep=24 endStep=26
2024-12-03,0,26,dswrf_to_lead,YSDU,OK,short_name=sdswrf units=W m**-2 startStep=24 endStep=26
2025-01-05,0,26,dswrf_to_lead,YSDU,OK,short_name=sdswrf units=W m**-2 startStep=24 endStep=26
2024-12-31,0,26,dswrf_to_lead,YSDU,OK,short_name=sdswrf units=W m**-2 startStep=24 endStep=26
2025-01-03,0,26,dswrf_to_lead,YSDU,OK,short_name=sdswrf units=W m**-2 startStep=24 endStep=26
2024-11-04,0,26,dswrf_to_lead,YSDU,OK,short_name=sdswrf units=W m**-2 startStep=24 endStep=26
2024-12-05,0,26,dswrf_to_lead,YSDU,OK,short_name=sdswrf units=W m**-2 startStep=24 endStep=26
2025-01-23,0,26,dswrf_to_lead,YSDU,OK,short_name=sdswrf units=W m**-2 startStep=24 endStep=26
2024-12-27,0,26,dswrf_to_lead,YSDU,OK,short_name=sdswrf units=W m**-2 startStep=24 endStep=26
2025-01-30,0,26,dswrf_to_lead,YSDU,OK,short_name=sdswrf units=W m**-2 startStep=24 endStep=26
2025-01-10,0,26,dswrf_to_lead,YSDU,OK,short_name=sdswrf units=W m**-2 startStep=24 endStep=26
2025-01-25,0,26,dswrf_to_lead,YSDU,OK,short_name=sdswrf units=W m**-2 startStep=24 endStep=26
2024-10-28,0,26,dswrf_to_lead,YSDU,OK,short_name=sdswrf units=W m**-2 startStep=24 endStep=26
2025-01-13,0,26,dswrf_to_lead,YSDU,OK,short_name=sdswrf units=W m**-2 startStep=24 endStep=26
2024-12-01,0,26,dswrf_to_lead,YSDU,OK,short_name=sdswrf units=W m**-2 startStep=24 endStep=26
2025-02-07,0,26,dswrf_to_lead,YSDU,OK,short_name=sdswrf units=W m**-2 startStep=24 endStep=26
2025-01-19,0,26,dswrf_to_lead,YSDU,OK,short_name=sdswrf units=W m**-2 startStep=24 endStep=26
2025-01-14,0,26,dswrf_to_lead,YSDU,OK,short_name=sdswrf units=W m**-2 startStep=24 endStep=26
2025-01-15,0,26,dswrf_to_lead,YSDU,OK,short_name=sdswrf units=W m**-2 startStep=24 endStep=26
2025-02-05,0,26,dswrf_to_lead,YSDU,OK,short_name=sdswrf units=W m**-2 startStep=24 endStep=26
2025-01-28,0,26,dswrf_to_lead,YSDU,OK,short_name=sdswrf units=W m**-2 startStep=24 endStep=26
2025-01-22,0,26,dswrf_to_lead,YSDU,OK,short_name=sdswrf units=W m**-2 startStep=24 endStep=26
2025-01-27,0,26,dswrf_to_lead,YSDU,OK,short_name=sdswrf units=W m**-2 startStep=24 endStep=26
2025-02-08,0,26,dswrf_to_lead,YSDU,OK,short_name=sdswrf units=W m**-2 startStep=24 endStep=26
2025-01-29,0,26,dswrf_to_lead,YSDU,OK,short_name=sdswrf units=W m**-2 startStep=24 endStep=26
2025-02-04,0,26,dswrf_to_lead,YSDU,OK,short_name=sdswrf units=W m**-2 startStep=24 endStep=26
2024-12-18,0,26,dswrf_to_lead,YSDU,OK,short_name=sdswrf units=W m**-2 startStep=24 endStep=26
2025-01-24,0,26,dswrf_to_lead,YSDU,OK,short_name=sdswrf units=W m**-2 startStep=24 endStep=26
2024-10-15,0,26,dswrf_to_lead,YSDU,OK,short_name=sdswrf units=W m**-2 startStep=24 endStep=26
2025-02-14,0,26,dswrf_to_lead,YSDU,OK,short_name=sdswrf units=W m**-2 startStep=24 endStep=26
2025-01-08,0,26,dswrf_to_lead,YSDU,OK,short_name=sdswrf units=W m**-2 startStep=24 endStep=26
2025-02-09,0,26,dswrf_to_lead,YSDU,OK,short_name=sdswrf units=W m**-2 startStep=24 endStep=26
2025-02-16,0,26,dswrf_to_lead,YSDU,OK,short_name=sdswrf units=W m**-2 startStep=24 endStep=26
2025-02-22,0,26,dswrf_to_lead,YSDU,OK,short_name=sdswrf units=W m**-2 startStep=24 endStep=26
2025-02-17,0,26,dswrf_to_lead,YSDU,OK,short_name=sdswrf units=W m**-2 startStep=24 endStep=26
2025-02-19,0,26,dswrf_to_lead,YSDU,OK,short_name=sdswrf units=W m**-2 startStep=24 endStep=26
2025-02-03,0,26,dswrf_to_lead,YSDU,OK,short_name=sdswrf units=W m**-2 startStep=24 endStep=26
2024-12-20,0,26,dswrf_to_lead,YSDU,OK,short_name=sdswrf units=W m**-2 startStep=24 endStep=26
2025-02-13,0,26,dswrf_to_lead,YSDU,OK,short_name=sdswrf units=W m**-2 startStep=24 endStep=26
2025-02-28,0,26,dswrf_to_lead,YSDU,OK,short_name=sdswrf units=W m**-2 startStep=24 endStep=26
2025-03-01,0,26,dswrf_to_lead,YSDU,OK,short_name=sdswrf units=W m**-2 startStep=24 endStep=26
2025-02-26,0,26,dswrf_to_lead,YSDU,OK,short_name=sdswrf units=W m**-2 startStep=24 endStep=26
2024-12-15,0,26,dswrf_to_lead,YSDU,OK,short_name=sdswrf units=W m**-2 startStep=24 endStep=26
2025-01-16,0,26,dswrf_to_lead,YSDU,OK,short_name=sdswrf units=W m**-2 startStep=24 endStep=26
2025-02-21,0,26,dswrf_to_lead,YSDU,OK,short_name=sdswrf units=W m**-2 startStep=24 endStep=26
2025-02-23,0,26,dswrf_to_lead,YSDU,OK,short_name=sdswrf units=W m**-2 startStep=24 endStep=26
2025-02-25,0,26,dswrf_to_lead,YSDU,OK,short_name=sdswrf units=W m**-2 startStep=24 endStep=26
2025-02-02,0,26,dswrf_to_lead,YSDU,OK,short_name=sdswrf units=W m**-2 startStep=24 endStep=26
2025-02-01,0,26,dswrf_to_lead,YSDU,OK,short_name=sdswrf units=W m**-2 startStep=24 endStep=26
2025-01-26,0,26,dswrf_to_lead,YSDU,OK,short_name=sdswrf units=W m**-2 startStep=24 endStep=26
2025-03-12,0,26,dswrf_to_lead,YSDU,OK,short_name=sdswrf units=W m**-2 startStep=24 endStep=26
2025-03-06,0,26,dswrf_to_lead,YSDU,OK,short_name=sdswrf units=W m**-2 startStep=24 endStep=26
2025-03-10,0,26,dswrf_to_lead,YSDU,OK,short_name=sdswrf units=W m**-2 startStep=24 endStep=26
2025-03-09,0,26,dswrf_to_lead,YSDU,OK,short_name=sdswrf units=W m**-2 startStep=24 endStep=26
2025-01-02,0,26,dswrf_to_lead,YSDU,OK,short_name=sdswrf units=W m**-2 startStep=24 endStep=26
2025-03-17,0,26,dswrf_to_lead,YSDU,OK,short_name=sdswrf units=W m**-2 startStep=24 endStep=26
2025-02-20,0,26,dswrf_to_lead,YSDU,OK,short_name=sdswrf units=W m**-2 startStep=24 endStep=26
2025-03-11,0,26,dswrf_to_lead,YSDU,OK,short_name=sdswrf units=W m**-2 startStep=24 endStep=26
2025-03-13,0,26,dswrf_to_lead,YSDU,OK,short_name=sdswrf units=W m**-2 startStep=24 endStep=26
2025-03-03,0,26,dswrf_to_lead,YSDU,OK,short_name=sdswrf units=W m**-2 startStep=24 endStep=26
2025-03-29,0,26,dswrf_to_lead,YSDU,OK,short_name=sdswrf units=W m**-2 startStep=24 endStep=26
2025-01-06,0,26,dswrf_to_lead,YSDU,OK,short_name=sdswrf units=W m**-2 startStep=24 endStep=26
2025-03-08,0,26,dswrf_to_lead,YSDU,OK,short_name=sdswrf units=W m**-2 startStep=24 endStep=26
2025-03-15,0,26,dswrf_to_lead,YSDU,OK,short_name=sdswrf units=W m**-2 startStep=24 endStep=26
2025-01-20,0,26,dswrf_to_lead,YSDU,OK,short_name=sdswrf units=W m**-2 startStep=24 endStep=26
2025-03-21,0,26,dswrf_to_lead,YSDU,OK,short_name=sdswrf units=W m**-2 startStep=24 endStep=26
2024-12-24,0,26,dswrf_to_lead,YSDU,OK,short_name=sdswrf units=W m**-2 startStep=24 endStep=26
2025-02-10,0,26,dswrf_to_lead,YSDU,OK,short_name=sdswrf units=W m**-2 startStep=24 endStep=26
2025-03-23,0,26,dswrf_to_lead,YSDU,OK,short_name=sdswrf units=W m**-2 startStep=24 endStep=26
2025-03-30,0,26,dswrf_to_lead,YSDU,OK,short_name=sdswrf units=W m**-2 startStep=24 endStep=26
2025-01-07,0,26,dswrf_to_lead,YSDU,OK,short_name=sdswrf units=W m**-2 startStep=24 endStep=26
2025-04-01,0,26,dswrf_to_lead,YSDU,OK,short_name=sdswrf units=W m**-2 startStep=24 endStep=26
2025-02-06,0,26,dswrf_to_lead,YSDU,OK,short_name=sdswrf units=W m**-2 startStep=24 endStep=26
2025-03-19,0,26,dswrf_to_lead,YSDU,OK,short_name=sdswrf units=W m**-2 startStep=24 endStep=26
2024-12-16,0,26,dswrf_to_lead,YSDU,OK,short_name=sdswrf units=W m**-2 startStep=24 endStep=26
2025-03-27,0,26,dswrf_to_lead,YSDU,OK,short_name=sdswrf units=W m**-2 startStep=24 endStep=26
2025-04-03,0,26,dswrf_to_lead,YSDU,OK,short_name=sdswrf units=W m**-2 startStep=24 endStep=26
2025-03-28,0,26,dswrf_to_lead,YSDU,OK,short_name=sdswrf units=W m**-2 startStep=24 endStep=26
2025-03-04,0,26,dswrf_to_lead,YSDU,OK,short_name=sdswrf units=W m**-2 startStep=24 endStep=26
2025-02-27,0,26,dswrf_to_lead,YSDU,OK,short_name=sdswrf units=W m**-2 startStep=24 endStep=26
2025-03-14,0,26,dswrf_to_lead,YSDU,OK,short_name=sdswrf units=W m**-2 startStep=24 endStep=26
2025-02-12,0,26,dswrf_to_lead,YSDU,OK,short_name=sdswrf units=W m**-2 startStep=24 endStep=26
2025-01-21,0,26,dswrf_to_lead,YSDU,OK,short_name=sdswrf units=W m**-2 startStep=24 endStep=26
2025-04-05,0,26,dswrf_to_lead,YSDU,OK,short_name=sdswrf units=W m**-2 startStep=24 endStep=26
2025-03-22,0,26,dswrf_to_lead,YSDU,OK,short_name=sdswrf units=W m**-2 startStep=24 endStep=26
2025-03-20,0,26,dswrf_to_lead,YSDU,OK,short_name=sdswrf units=W m**-2 startStep=24 endStep=26
2025-03-05,0,26,dswrf_to_lead,YSDU,OK,short_name=sdswrf units=W m**-2 startStep=24 endStep=26
2024-12-11,0,26,dswrf_to_lead,YSDU,OK,short_name=sdswrf units=W m**-2 startStep=24 endStep=26
2025-04-09,0,26,dswrf_to_lead,YSDU,OK,short_name=sdswrf units=W m**-2 startStep=24 endStep=26
2025-04-15,0,26,dswrf_to_lead,YSDU,OK,short_name=sdswrf units=W m**-2 startStep=24 endStep=26
2025-01-31,0,26,dswrf_to_lead,YSDU,OK,short_name=sdswrf units=W m**-2 startStep=24 endStep=26
2025-03-18,0,26,dswrf_to_lead,YSDU,OK,short_name=sdswrf units=W m**-2 startStep=24 endStep=26
2025-04-16,0,26,dswrf_to_lead,YSDU,OK,short_name=sdswrf units=W m**-2 startStep=24 endStep=26
2025-04-19,0,26,dswrf_to_lead,YSDU,OK,short_name=sdswrf units=W m**-2 startStep=24 endStep=26
2025-04-06,0,26,dswrf_to_lead,YSDU,OK,short_name=sdswrf units=W m**-2 startStep=24 endStep=26
2025-04-26,0,26,dswrf_to_lead,YSDU,OK,short_name=sdswrf units=W m**-2 startStep=24 endStep=26
2025-04-28,0,26,dswrf_to_lead,YSDU,OK,short_name=sdswrf units=W m**-2 startStep=24 endStep=26
2025-04-13,0,26,dswrf_to_lead,YSDU,OK,short_name=sdswrf units=W m**-2 startStep=24 endStep=26
2025-04-27,0,26,dswrf_to_lead,YSDU,OK,short_name=sdswrf units=W m**-2 startStep=24 endStep=26
2025-03-24,0,26,dswrf_to_lead,YSDU,OK,short_name=sdswrf units=W m**-2 startStep=24 endStep=26
2024-12-29,0,26,dswrf_to_lead,YSDU,OK,short_name=sdswrf units=W m**-2 startStep=24 endStep=26
2025-02-15,0,26,dswrf_to_lead,YSDU,OK,short_name=sdswrf units=W m**-2 startStep=24 endStep=26
2025-02-11,0,26,dswrf_to_lead,YSDU,OK,short_name=sdswrf units=W m**-2 startStep=24 endStep=26
2025-04-20,0,26,dswrf_to_lead,YSDU,OK,short_name=sdswrf units=W m**-2 startStep=24 endStep=26
2025-04-04,0,26,dswrf_to_lead,YSDU,OK,short_name=sdswrf units=W m**-2 startStep=24 endStep=26
2025-01-17,0,26,dswrf_to_lead,YSDU,OK,short_name=sdswrf units=W m**-2 startStep=24 endStep=26
2025-05-05,0,26,dswrf_to_lead,YSDU,OK,short_name=sdswrf units=W m**-2 startStep=24 endStep=26
2025-05-01,0,26,dswrf_to_lead,YSDU,OK,short_name=sdswrf units=W m**-2 startStep=24 endStep=26
2025-04-18,0,26,dswrf_to_lead,YSDU,OK,short_name=sdswrf units=W m**-2 startStep=24 endStep=26
2025-04-29,0,26,dswrf_to_lead,YSDU,OK,short_name=sdswrf units=W m**-2 startStep=24 endStep=26
2025-05-02,0,26,dswrf_to_lead,YSDU,OK,short_name=sdswrf units=W m**-2 startStep=24 endStep=26
2025-05-08,0,26,dswrf_to_lead,YSDU,OK,short_name=sdswrf units=W m**-2 startStep=24 endStep=26
2025-05-10,0,26,dswrf_to_lead,YSDU,OK,short_name=sdswrf units=W m**-2 startStep=24 endStep=26
2025-03-26,0,26,dswrf_to_lead,YSDU,OK,short_name=sdswrf units=W m**-2 startStep=24 endStep=26
2025-05-03,0,26,dswrf_to_lead,YSDU,OK,short_name=sdswrf units=W m**-2 startStep=24 endStep=26
2025-04-24,0,26,dswrf_to_lead,YSDU,OK,short_name=sdswrf units=W m**-2 startStep=24 endStep=26
2025-05-19,0,26,dswrf_to_lead,YSDU,OK,short_name=sdswrf units=W m**-2 startStep=24 endStep=26
2025-03-07,0,26,dswrf_to_lead,YSDU,OK,short_name=sdswrf units=W m**-2 startStep=24 endStep=26
2025-05-15,0,26,dswrf_to_lead,YSDU,OK,short_name=sdswrf units=W m**-2 startStep=24 endStep=26
2025-05-11,0,26,dswrf_to_lead,YSDU,OK,short_name=sdswrf units=W m**-2 startStep=24 endStep=26
2025-05-23,0,26,dswrf_to_lead,YSDU,OK,short_name=sdswrf units=W m**-2 startStep=24 endStep=26
2025-05-12,0,26,dswrf_to_lead,YSDU,OK,short_name=sdswrf units=W m**-2 startStep=24 endStep=26
2025-05-21,0,26,dswrf_to_lead,YSDU,OK,short_name=sdswrf units=W m**-2 startStep=24 endStep=26
2025-04-30,0,26,dswrf_to_lead,YSDU,OK,short_name=sdswrf units=W m**-2 startStep=24 endStep=26
2025-03-02,0,26,dswrf_to_lead,YSDU,OK,short_name=sdswrf units=W m**-2 startStep=24 endStep=26
2025-05-18,0,26,dswrf_to_lead,YSDU,OK,short_name=sdswrf units=W m**-2 startStep=24 endStep=26
2025-02-18,0,26,dswrf_to_lead,YSDU,OK,short_name=sdswrf units=W m**-2 startStep=24 endStep=26
2025-05-06,0,26,dswrf_to_lead,YSDU,OK,short_name=sdswrf units=W m**-2 startStep=24 endStep=26
2025-03-25,0,26,dswrf_to_lead,YSDU,OK,short_name=sdswrf units=W m**-2 startStep=24 endStep=26
2025-04-22,0,26,dswrf_to_lead,YSDU,OK,short_name=sdswrf units=W m**-2 startStep=24 endStep=26
2025-05-07,0,26,dswrf_to_lead,YSDU,OK,short_name=sdswrf units=W m**-2 startStep=24 endStep=26
2025-05-20,0,26,dswrf_to_lead,YSDU,OK,short_name=sdswrf units=W m**-2 startStep=24 endStep=26
2025-05-31,0,26,dswrf_to_lead,YSDU,OK,short_name=sdswrf units=W m**-2 startStep=24 endStep=26
2025-06-04,0,26,dswrf_to_lead,YSDU,OK,short_name=sdswrf units=W m**-2 startStep=24 endStep=26
2025-06-01,0,26,dswrf_to_lead,YSDU,OK,short_name=sdswrf units=W m**-2 startStep=24 endStep=26
2025-05-26,0,26,dswrf_to_lead,YSDU,OK,short_name=sdswrf units=W m**-2 startStep=24 endStep=26
2025-05-09,0,26,dswrf_to_lead,YSDU,OK,short_name=sdswrf units=W m**-2 startStep=24 endStep=26
2025-04-17,0,26,dswrf_to_lead,YSDU,OK,short_name=sdswrf units=W m**-2 startStep=24 endStep=26
2025-06-11,0,26,dswrf_to_lead,YSDU,OK,short_name=sdswrf units=W m**-2 startStep=24 endStep=26
2025-03-16,0,26,dswrf_to_lead,YSDU,OK,short_name=sdswrf units=W m**-2 startStep=24 endStep=26
2025-02-24,0,26,dswrf_to_lead,YSDU,OK,short_name=sdswrf units=W m**-2 startStep=24 endStep=26
2025-06-09,0,26,dswrf_to_lead,YSDU,OK,short_name=sdswrf units=W m**-2 startStep=24 endStep=26
2025-05-25,0,26,dswrf_to_lead,YSDU,OK,short_name=sdswrf units=W m**-2 startStep=24 endStep=26
2025-04-02,0,26,dswrf_to_lead,YSDU,OK,short_name=sdswrf units=W m**-2 startStep=24 endStep=26
2025-05-17,0,26,dswrf_to_lead,YSDU,OK,short_name=sdswrf units=W m**-2 startStep=24 endStep=26
2025-05-13,0,26,dswrf_to_lead,YSDU,OK,short_name=sdswrf units=W m**-2 startStep=24 endStep=26
2025-06-07,0,26,dswrf_to_lead,YSDU,OK,short_name=sdswrf units=W m**-2 startStep=24 endStep=26
2025-06-10,0,26,dswrf_to_lead,YSDU,OK,short_name=sdswrf units=W m**-2 startStep=24 endStep=26
2025-04-23,0,26,dswrf_to_lead,YSDU,OK,short_name=sdswrf units=W m**-2 startStep=24 endStep=26
2025-06-14,0,26,dswrf_to_lead,YSDU,OK,short_name=sdswrf units=W m**-2 startStep=24 endStep=26
2025-06-13,0,26,dswrf_to_lead,YSDU,OK,short_name=sdswrf units=W m**-2 startStep=24 endStep=26
2025-03-31,0,26,dswrf_to_lead,YSDU,OK,short_name=sdswrf units=W m**-2 startStep=24 endStep=26
2025-06-24,0,26,dswrf_to_lead,YSDU,OK,short_name=sdswrf units=W m**-2 startStep=24 endStep=26
2025-05-27,0,26,dswrf_to_lead,YSDU,OK,short_name=sdswrf units=W m**-2 startStep=24 endStep=26
2025-05-28,0,26,dswrf_to_lead,YSDU,OK,short_name=sdswrf units=W m**-2 startStep=24 endStep=26
2025-05-24,0,26,dswrf_to_lead,YSDU,OK,short_name=sdswrf units=W m**-2 startStep=24 endStep=26
2025-04-12,0,26,dswrf_to_lead,YSDU,OK,short_name=sdswrf units=W m**-2 startStep=24 endStep=26
2025-06-18,0,26,dswrf_to_lead,YSDU,OK,short_name=sdswrf units=W m**-2 startStep=24 endStep=26
2025-06-20,0,26,dswrf_to_lead,YSDU,OK,short_name=sdswrf units=W m**-2 startStep=24 endStep=26
2025-06-12,0,26,dswrf_to_lead,YSDU,OK,short_name=sdswrf units=W m**-2 startStep=24 endStep=26
2025-06-22,0,26,dswrf_to_lead,YSDU,OK,short_name=sdswrf units=W m**-2 startStep=24 endStep=26
2025-04-07,0,26,dswrf_to_lead,YSDU,OK,short_name=sdswrf units=W m**-2 startStep=24 endStep=26
2025-06-25,0,26,dswrf_to_lead,YSDU,OK,short_name=sdswrf units=W m**-2 startStep=24 endStep=26
2025-07-01,0,26,dswrf_to_lead,YSDU,OK,short_name=sdswrf units=W m**-2 startStep=24 endStep=26
2025-04-11,0,26,dswrf_to_lead,YSDU,OK,short_name=sdswrf units=W m**-2 startStep=24 endStep=26
2025-05-14,0,26,dswrf_to_lead,YSDU,OK,short_name=sdswrf units=W m**-2 startStep=24 endStep=26
2025-06-26,0,26,dswrf_to_lead,YSDU,OK,short_name=sdswrf units=W m**-2 startStep=24 endStep=26
2025-06-17,0,26,dswrf_to_lead,YSDU,OK,short_name=sdswrf units=W m**-2 startStep=24 endStep=26
2025-06-19,0,26,dswrf_to_lead,YSDU,OK,short_name=sdswrf units=W m**-2 startStep=24 endStep=26
2025-06-16,0,26,dswrf_to_lead,YSDU,OK,short_name=sdswrf units=W m**-2 startStep=24 endStep=26
2025-07-03,0,26,dswrf_to_lead,YSDU,OK,short_name=sdswrf units=W m**-2 startStep=24 endStep=26
2025-06-29,0,26,dswrf_to_lead,YSDU,OK,short_name=sdswrf units=W m**-2 startStep=24 endStep=26
2025-06-28,0,26,dswrf_to_lead,YSDU,OK,short_name=sdswrf units=W m**-2 startStep=24 endStep=26
2025-07-21,0,26,dswrf_to_lead,YSDU,OK,short_name=sdswrf units=W m**-2 startStep=24 endStep=26
2025-07-07,0,26,dswrf_to_lead,YSDU,OK,short_name=sdswrf units=W m**-2 startStep=24 endStep=26
2025-07-14,0,26,dswrf_to_lead,YSDU,OK,short_name=sdswrf units=W m**-2 startStep=24 endStep=26
2025-07-15,0,26,dswrf_to_lead,YSDU,OK,short_name=sdswrf units=W m**-2 startStep=24 endStep=26
2025-04-21,0,26,dswrf_to_lead,YSDU,OK,short_name=sdswrf units=W m**-2 startStep=24 endStep=26
2025-07-12,0,26,dswrf_to_lead,YSDU,OK,short_name=sdswrf units=W m**-2 startStep=24 endStep=26
2025-06-21,0,26,dswrf_to_lead,YSDU,OK,short_name=sdswrf units=W m**-2 startStep=24 endStep=26
2025-07-02,0,26,dswrf_to_lead,YSDU,OK,short_name=sdswrf units=W m**-2 startStep=24 endStep=26
2025-07-04,0,26,dswrf_to_lead,YSDU,OK,short_name=sdswrf units=W m**-2 startStep=24 endStep=26
2025-05-30,0,26,dswrf_to_lead,YSDU,OK,short_name=sdswrf units=W m**-2 startStep=24 endStep=26
2025-07-22,0,26,dswrf_to_lead,YSDU,OK,short_name=sdswrf units=W m**-2 startStep=24 endStep=26
2025-07-10,0,26,dswrf_to_lead,YSDU,OK,short_name=sdswrf units=W m**-2 startStep=24 endStep=26
2025-07-23,0,26,dswrf_to_lead,YSDU,OK,short_name=sdswrf units=W m**-2 startStep=24 endStep=26
2025-07-28,0,26,dswrf_to_lead,YSDU,OK,short_name=sdswrf units=W m**-2 startStep=24 endStep=26
2025-07-20,0,26,dswrf_to_lead,YSDU,OK,short_name=sdswrf units=W m**-2 startStep=24 endStep=26
2025-07-24,0,26,dswrf_to_lead,YSDU,OK,short_name=sdswrf units=W m**-2 startStep=24 endStep=26
2025-07-05,0,26,dswrf_to_lead,YSDU,OK,short_name=sdswrf units=W m**-2 startStep=24 endStep=26
2024-08-02,18,26,dswrf_to_lead,RNO,OK,short_name=sdswrf units=W m**-2 startStep=24 endStep=26
2025-07-09,0,26,dswrf_to_lead,YSDU,OK,short_name=sdswrf units=W m**-2 startStep=24 endStep=26
2025-05-04,0,26,dswrf_to_lead,YSDU,OK,short_name=sdswrf units=W m**-2 startStep=24 endStep=26
2024-08-04,18,26,dswrf_to_lead,RNO,OK,short_name=sdswrf units=W m**-2 startStep=24 endStep=26
2025-04-25,0,26,dswrf_to_lead,YSDU,OK,short_name=sdswrf units=W m**-2 startStep=24 endStep=26
2025-04-10,0,26,dswrf_to_lead,YSDU,OK,short_name=sdswrf units=W m**-2 startStep=24 endStep=26
2025-06-30,0,26,dswrf_to_lead,YSDU,OK,short_name=sdswrf units=W m**-2 startStep=24 endStep=26
2025-04-08,0,26,dswrf_to_lead,YSDU,OK,short_name=sdswrf units=W m**-2 startStep=24 endStep=26
2025-07-19,0,26,dswrf_to_lead,YSDU,OK,short_name=sdswrf units=W m**-2 startStep=24 endStep=26
2025-06-27,0,26,dswrf_to_lead,YSDU,OK,short_name=sdswrf units=W m**-2 startStep=24 endStep=26
2024-08-05,18,26,dswrf_to_lead,RNO,OK,short_name=sdswrf units=W m**-2 startStep=24 endStep=26
2024-07-31,18,26,dswrf_to_lead,RNO,OK,short_name=sdswrf units=W m**-2 startStep=24 endStep=26
2024-08-09,18,26,dswrf_to_lead,RNO,OK,short_name=sdswrf units=W m**-2 startStep=24 endStep=26
2025-06-06,0,26,dswrf_to_lead,YSDU,OK,short_name=sdswrf units=W m**-2 startStep=24 endStep=26
2025-07-29,0,26,dswrf_to_lead,YSDU,OK,short_name=sdswrf units=W m**-2 startStep=24 endStep=26
2024-08-07,18,26,dswrf_to_lead,RNO,OK,short_name=sdswrf units=W m**-2 startStep=24 endStep=26
2025-07-30,0,26,dswrf_to_lead,YSDU,OK,short_name=sdswrf units=W m**-2 startStep=24 endStep=26
2025-05-22,0,26,dswrf_to_lead,YSDU,OK,short_name=sdswrf units=W m**-2 startStep=24 endStep=26
2024-08-10,18,26,dswrf_to_lead,RNO,OK,short_name=sdswrf units=W m**-2 startStep=24 endStep=26
2025-06-08,0,26,dswrf_to_lead,YSDU,OK,short_name=sdswrf units=W m**-2 startStep=24 endStep=26
2024-08-13,18,26,dswrf_to_lead,RNO,OK,short_name=sdswrf units=W m**-2 startStep=24 endStep=26
2024-08-12,18,26,dswrf_to_lead,RNO,OK,short_name=sdswrf units=W m**-2 startStep=24 endStep=26
2025-06-05,0,26,dswrf_to_lead,YSDU,OK,short_name=sdswrf units=W m**-2 startStep=24 endStep=26
2025-07-13,0,26,dswrf_to_lead,YSDU,OK,short_name=sdswrf units=W m**-2 startStep=24 endStep=26
2025-07-18,0,26,dswrf_to_lead,YSDU,OK,short_name=sdswrf units=W m**-2 startStep=24 endStep=26
2025-04-14,0,26,dswrf_to_lead,YSDU,OK,short_name=sdswrf units=W m**-2 startStep=24 endStep=26
2024-08-08,18,26,dswrf_to_lead,RNO,OK,short_name=sdswrf units=W m**-2 startStep=24 endStep=26
2024-08-21,18,26,dswrf_to_lead,RNO,OK,short_name=sdswrf units=W m**-2 startStep=24 endStep=26
2024-08-15,18,26,dswrf_to_lead,RNO,OK,short_name=sdswrf units=W m**-2 startStep=24 endStep=26
2024-08-22,18,26,dswrf_to_lead,RNO,OK,short_name=sdswrf units=W m**-2 startStep=24 endStep=26
2024-08-01,18,26,dswrf_to_lead,RNO,OK,short_name=sdswrf units=W m**-2 startStep=24 endStep=26
2024-08-03,18,26,dswrf_to_lead,RNO,OK,short_name=sdswrf units=W m**-2 startStep=24 endStep=26
2024-08-20,18,26,dswrf_to_lead,RNO,OK,short_name=sdswrf units=W m**-2 startStep=24 endStep=26
2024-08-19,18,26,dswrf_to_lead,RNO,OK,short_name=sdswrf units=W m**-2 startStep=24 endStep=26
2024-08-17,18,26,dswrf_to_lead,RNO,OK,short_name=sdswrf units=W m**-2 startStep=24 endStep=26
2025-05-16,0,26,dswrf_to_lead,YSDU,OK,short_name=sdswrf units=W m**-2 startStep=24 endStep=26
2025-07-06,0,26,dswrf_to_lead,YSDU,OK,short_name=sdswrf units=W m**-2 startStep=24 endStep=26
2024-09-05,18,26,dswrf_to_lead,RNO,OK,short_name=sdswrf units=W m**-2 startStep=24 endStep=26
2024-09-03,18,26,dswrf_to_lead,RNO,OK,short_name=sdswrf units=W m**-2 startStep=24 endStep=26
2025-06-15,0,26,dswrf_to_lead,YSDU,OK,short_name=sdswrf units=W m**-2 startStep=24 endStep=26
2024-08-30,18,26,dswrf_to_lead,RNO,OK,short_name=sdswrf units=W m**-2 startStep=24 endStep=26
2024-08-27,18,26,dswrf_to_lead,RNO,OK,short_name=sdswrf units=W m**-2 startStep=24 endStep=26
2025-06-02,0,26,dswrf_to_lead,YSDU,OK,short_name=sdswrf units=W m**-2 startStep=24 endStep=26
2024-09-09,18,26,dswrf_to_lead,RNO,OK,short_name=sdswrf units=W m**-2 startStep=24 endStep=26
2024-09-02,18,26,dswrf_to_lead,RNO,OK,short_name=sdswrf units=W m**-2 startStep=24 endStep=26
2025-05-29,0,26,dswrf_to_lead,YSDU,OK,short_name=sdswrf units=W m**-2 startStep=24 endStep=26
2024-09-13,18,26,dswrf_to_lead,RNO,OK,short_name=sdswrf units=W m**-2 startStep=24 endStep=26
2024-09-16,18,26,dswrf_to_lead,RNO,OK,short_name=sdswrf units=W m**-2 startStep=24 endStep=26
2025-07-11,0,26,dswrf_to_lead,YSDU,OK,short_name=sdswrf units=W m**-2 startStep=24 endStep=26
2024-08-25,18,26,dswrf_to_lead,RNO,OK,short_name=sdswrf units=W m**-2 startStep=24 endStep=26
2024-08-18,18,26,dswrf_to_lead,RNO,OK,short_name=sdswrf units=W m**-2 startStep=24 endStep=26
2024-08-24,18,26,dswrf_to_lead,RNO,OK,short_name=sdswrf units=W m**-2 startStep=24 endStep=26
2024-09-11,18,26,dswrf_to_lead,RNO,OK,short_name=sdswrf units=W m**-2 startStep=24 endStep=26
2025-07-25,0,26,dswrf_to_lead,YSDU,OK,short_name=sdswrf units=W m**-2 startStep=24 endStep=26
2024-09-10,18,26,dswrf_to_lead,RNO,OK,short_name=sdswrf units=W m**-2 startStep=24 endStep=26
2025-07-16,0,26,dswrf_to_lead,YSDU,OK,short_name=sdswrf units=W m**-2 startStep=24 endStep=26
2024-09-14,18,26,dswrf_to_lead,RNO,OK,short_name=sdswrf units=W m**-2 startStep=24 endStep=26
2024-08-28,18,26,dswrf_to_lead,RNO,OK,short_name=sdswrf units=W m**-2 startStep=24 endStep=26
2024-09-21,18,26,dswrf_to_lead,RNO,OK,short_name=sdswrf units=W m**-2 startStep=24 endStep=26
2024-08-23,18,26,dswrf_to_lead,RNO,OK,short_name=sdswrf units=W m**-2 startStep=24 endStep=26
2025-06-03,0,26,dswrf_to_lead,YSDU,OK,short_name=sdswrf units=W m**-2 startStep=24 endStep=26
2024-09-23,18,26,dswrf_to_lead,RNO,OK,short_name=sdswrf units=W m**-2 startStep=24 endStep=26
2024-09-17,18,26,dswrf_to_lead,RNO,OK,short_name=sdswrf units=W m**-2 startStep=24 endStep=26
2025-07-08,0,26,dswrf_to_lead,YSDU,OK,short_name=sdswrf units=W m**-2 startStep=24 endStep=26
2024-10-01,18,26,dswrf_to_lead,RNO,OK,short_name=sdswrf units=W m**-2 startStep=24 endStep=26
2024-09-22,18,26,dswrf_to_lead,RNO,OK,short_name=sdswrf units=W m**-2 startStep=24 endStep=26
2024-09-18,18,26,dswrf_to_lead,RNO,OK,short_name=sdswrf units=W m**-2 startStep=24 endStep=26
2025-06-23,0,26,dswrf_to_lead,YSDU,OK,short_name=sdswrf units=W m**-2 startStep=24 endStep=26
2024-09-19,18,26,dswrf_to_lead,RNO,OK,short_name=sdswrf units=W m**-2 startStep=24 endStep=26
2024-10-04,18,26,dswrf_to_lead,RNO,OK,short_name=sdswrf units=W m**-2 startStep=24 endStep=26
2024-09-07,18,26,dswrf_to_lead,RNO,OK,short_name=sdswrf units=W m**-2 startStep=24 endStep=26
2025-07-26,0,26,dswrf_to_lead,YSDU,OK,short_name=sdswrf units=W m**-2 startStep=24 endStep=26
2024-10-17,18,26,dswrf_to_lead,RNO,OK,short_name=sdswrf units=W m**-2 startStep=24 endStep=26
2024-09-24,18,26,dswrf_to_lead,RNO,OK,short_name=sdswrf units=W m**-2 startStep=24 endStep=26
2024-08-14,18,26,dswrf_to_lead,RNO,OK,short_name=sdswrf units=W m**-2 startStep=24 endStep=26
2024-09-27,18,26,dswrf_to_lead,RNO,OK,short_name=sdswrf units=W m**-2 startStep=24 endStep=26
2024-10-08,18,26,dswrf_to_lead,RNO,OK,short_name=sdswrf units=W m**-2 startStep=24 endStep=26
2024-10-13,18,26,dswrf_to_lead,RNO,OK,short_name=sdswrf units=W m**-2 startStep=24 endStep=26
2024-09-26,18,26,dswrf_to_lead,RNO,OK,short_name=sdswrf units=W m**-2 startStep=24 endStep=26
2024-10-07,18,26,dswrf_to_lead,RNO,OK,short_name=sdswrf units=W m**-2 startStep=24 endStep=26
2024-09-25,18,26,dswrf_to_lead,RNO,OK,short_name=sdswrf units=W m**-2 startStep=24 endStep=26
2024-10-20,18,26,dswrf_to_lead,RNO,OK,short_name=sdswrf units=W m**-2 startStep=24 endStep=26
2024-09-06,18,26,dswrf_to_lead,RNO,OK,short_name=sdswrf units=W m**-2 startStep=24 endStep=26
2024-10-12,18,26,dswrf_to_lead,RNO,OK,short_name=sdswrf units=W m**-2 startStep=24 endStep=26
2024-10-21,18,26,dswrf_to_lead,RNO,OK,short_name=sdswrf units=W m**-2 startStep=24 endStep=26
2024-10-23,18,26,dswrf_to_lead,RNO,OK,short_name=sdswrf units=W m**-2 startStep=24 endStep=26
2024-10-02,18,26,dswrf_to_lead,RNO,OK,short_name=sdswrf units=W m**-2 startStep=24 endStep=26
2024-10-09,18,26,dswrf_to_lead,RNO,OK,short_name=sdswrf units=W m**-2 startStep=24 endStep=26
2024-10-10,18,26,dswrf_to_lead,RNO,OK,short_name=sdswrf units=W m**-2 startStep=24 endStep=26
2024-10-14,18,26,dswrf_to_lead,RNO,OK,short_name=sdswrf units=W m**-2 startStep=24 endStep=26
2024-09-29,18,26,dswrf_to_lead,RNO,OK,short_name=sdswrf units=W m**-2 startStep=24 endStep=26
2024-10-25,18,26,dswrf_to_lead,RNO,OK,short_name=sdswrf units=W m**-2 startStep=24 endStep=26
2025-07-17,0,26,dswrf_to_lead,YSDU,OK,short_name=sdswrf units=W m**-2 startStep=24 endStep=26
2024-08-16,18,26,dswrf_to_lead,RNO,OK,short_name=sdswrf units=W m**-2 startStep=24 endStep=26
2024-10-16,18,26,dswrf_to_lead,RNO,OK,short_name=sdswrf units=W m**-2 startStep=24 endStep=26
2024-09-04,18,26,dswrf_to_lead,RNO,OK,short_name=sdswrf units=W m**-2 startStep=24 endStep=26
2024-10-19,18,26,dswrf_to_lead,RNO,OK,short_name=sdswrf units=W m**-2 startStep=24 endStep=26
2024-10-28,18,26,dswrf_to_lead,RNO,OK,short_name=sdswrf units=W m**-2 startStep=24 endStep=26
2024-10-27,18,26,dswrf_to_lead,RNO,OK,short_name=sdswrf units=W m**-2 startStep=24 endStep=26
2024-10-03,18,26,dswrf_to_lead,RNO,OK,short_name=sdswrf units=W m**-2 startStep=24 endStep=26
2024-10-30,18,26,dswrf_to_lead,RNO,OK,short_name=sdswrf units=W m**-2 startStep=24 endStep=26
2024-09-08,18,26,dswrf_to_lead,RNO,OK,short_name=sdswrf units=W m**-2 startStep=24 endStep=26
2024-10-26,18,26,dswrf_to_lead,RNO,OK,short_name=sdswrf units=W m**-2 startStep=24 endStep=26
2024-11-06,18,26,dswrf_to_lead,RNO,OK,short_name=sdswrf units=W m**-2 startStep=24 endStep=26
2024-11-04,18,26,dswrf_to_lead,RNO,OK,short_name=sdswrf units=W m**-2 startStep=24 endStep=26
2024-11-11,18,26,dswrf_to_lead,RNO,OK,short_name=sdswrf units=W m**-2 startStep=24 endStep=26
2024-11-01,18,26,dswrf_to_lead,RNO,OK,short_name=sdswrf units=W m**-2 startStep=24 endStep=26
2024-11-10,18,26,dswrf_to_lead,RNO,OK,short_name=sdswrf units=W m**-2 startStep=24 endStep=26
2024-11-07,18,26,dswrf_to_lead,RNO,OK,short_name=sdswrf units=W m**-2 startStep=24 endStep=26
2024-08-11,18,26,dswrf_to_lead,RNO,OK,short_name=sdswrf units=W m**-2 startStep=24 endStep=26
2024-11-09,18,26,dswrf_to_lead,RNO,OK,short_name=sdswrf units=W m**-2 startStep=24 endStep=26
2024-11-02,18,26,dswrf_to_lead,RNO,OK,short_name=sdswrf units=W m**-2 startStep=24 endStep=26
2024-08-06,18,26,dswrf_to_lead,RNO,OK,short_name=sdswrf units=W m**-2 startStep=24 endStep=26
2024-11-18,18,26,dswrf_to_lead,RNO,OK,short_name=sdswrf units=W m**-2 startStep=24 endStep=26
2024-10-05,18,26,dswrf_to_lead,RNO,OK,short_name=sdswrf units=W m**-2 startStep=24 endStep=26
2024-11-19,18,26,dswrf_to_lead,RNO,OK,short_name=sdswrf units=W m**-2 startStep=24 endStep=26
2024-10-29,18,26,dswrf_to_lead,RNO,OK,short_name=sdswrf units=W m**-2 startStep=24 endStep=26
2024-11-22,18,26,dswrf_to_lead,RNO,OK,short_name=sdswrf units=W m**-2 startStep=24 endStep=26
2024-08-26,18,26,dswrf_to_lead,RNO,OK,short_name=sdswrf units=W m**-2 startStep=24 endStep=26
2024-11-26,18,26,dswrf_to_lead,RNO,OK,short_name=sdswrf units=W m**-2 startStep=24 endStep=26
2024-11-16,18,26,dswrf_to_lead,RNO,OK,short_name=sdswrf units=W m**-2 startStep=24 endStep=26
2024-11-15,18,26,dswrf_to_lead,RNO,OK,short_name=sdswrf units=W m**-2 startStep=24 endStep=26
2025-07-27,0,26,dswrf_to_lead,YSDU,OK,short_name=sdswrf units=W m**-2 startStep=24 endStep=26
2024-11-29,18,26,dswrf_to_lead,RNO,OK,short_name=sdswrf units=W m**-2 startStep=24 endStep=26
2024-09-15,18,26,dswrf_to_lead,RNO,OK,short_name=sdswrf units=W m**-2 startStep=24 endStep=26
2024-09-12,18,26,dswrf_to_lead,RNO,OK,short_name=sdswrf units=W m**-2 startStep=24 endStep=26
2024-11-17,18,26,dswrf_to_lead,RNO,OK,short_name=sdswrf units=W m**-2 startStep=24 endStep=26
2024-10-15,18,26,dswrf_to_lead,RNO,OK,short_name=sdswrf units=W m**-2 startStep=24 endStep=26
2024-08-31,18,26,dswrf_to_lead,RNO,OK,short_name=sdswrf units=W m**-2 startStep=24 endStep=26
2024-12-18,18,26,dswrf_to_lead,RNO,OK,short_name=sdswrf units=W m**-2 startStep=24 endStep=26
2024-11-20,18,26,dswrf_to_lead,RNO,OK,short_name=sdswrf units=W m**-2 startStep=24 endStep=26
2024-11-21,18,26,dswrf_to_lead,RNO,OK,short_name=sdswrf units=W m**-2 startStep=24 endStep=26
2024-11-24,18,26,dswrf_to_lead,RNO,OK,short_name=sdswrf units=W m**-2 startStep=24 endStep=26
2024-11-30,18,26,dswrf_to_lead,RNO,OK,short_name=sdswrf units=W m**-2 startStep=24 endStep=26
2024-12-16,18,26,dswrf_to_lead,RNO,OK,short_name=sdswrf units=W m**-2 startStep=24 endStep=26
2024-10-18,18,26,dswrf_to_lead,RNO,OK,short_name=sdswrf units=W m**-2 startStep=24 endStep=26
2024-11-23,18,26,dswrf_to_lead,RNO,OK,short_name=sdswrf units=W m**-2 startStep=24 endStep=26
2024-08-29,18,26,dswrf_to_lead,RNO,OK,short_name=sdswrf units=W m**-2 startStep=24 endStep=26
2024-11-27,18,26,dswrf_to_lead,RNO,OK,short_name=sdswrf units=W m**-2 startStep=24 endStep=26
2024-12-08,18,26,dswrf_to_lead,RNO,OK,short_name=sdswrf units=W m**-2 startStep=24 endStep=26
2024-09-01,18,26,dswrf_to_lead,RNO,OK,short_name=sdswrf units=W m**-2 startStep=24 endStep=26
2024-09-30,18,26,dswrf_to_lead,RNO,OK,short_name=sdswrf units=W m**-2 startStep=24 endStep=26
2024-12-11,18,26,dswrf_to_lead,RNO,OK,short_name=sdswrf units=W m**-2 startStep=24 endStep=26
2024-11-28,18,26,dswrf_to_lead,RNO,OK,short_name=sdswrf units=W m**-2 startStep=24 endStep=26
2024-12-22,18,26,dswrf_to_lead,RNO,OK,short_name=sdswrf units=W m**-2 startStep=24 endStep=26
2024-12-17,18,26,dswrf_to_lead,RNO,OK,short_name=sdswrf units=W m**-2 startStep=24 endStep=26
2024-11-25,18,26,dswrf_to_lead,RNO,OK,short_name=sdswrf units=W m**-2 startStep=24 endStep=26
2024-12-03,18,26,dswrf_to_lead,RNO,OK,short_name=sdswrf units=W m**-2 startStep=24 endStep=26
2024-12-01,18,26,dswrf_to_lead,RNO,OK,short_name=sdswrf units=W m**-2 startStep=24 endStep=26
2024-11-12,18,26,dswrf_to_lead,RNO,OK,short_name=sdswrf units=W m**-2 startStep=24 endStep=26
2024-10-22,18,26,dswrf_to_lead,RNO,OK,short_name=sdswrf units=W m**-2 startStep=24 endStep=26
2024-12-04,18,26,dswrf_to_lead,RNO,OK,short_name=sdswrf units=W m**-2 startStep=24 endStep=26
2024-12-19,18,26,dswrf_to_lead,RNO,OK,short_name=sdswrf units=W m**-2 startStep=24 endStep=26
2024-09-20,18,26,dswrf_to_lead,RNO,OK,short_name=sdswrf units=W m**-2 startStep=24 endStep=26
2024-12-24,18,26,dswrf_to_lead,RNO,OK,short_name=sdswrf units=W m**-2 startStep=24 endStep=26
2024-12-12,18,26,dswrf_to_lead,RNO,OK,short_name=sdswrf units=W m**-2 startStep=24 endStep=26
2024-12-30,18,26,dswrf_to_lead,RNO,OK,short_name=sdswrf units=W m**-2 startStep=24 endStep=26
2024-12-09,18,26,dswrf_to_lead,RNO,OK,short_name=sdswrf units=W m**-2 startStep=24 endStep=26
2024-12-23,18,26,dswrf_to_lead,RNO,OK,short_name=sdswrf units=W m**-2 startStep=24 endStep=26
2024-12-06,18,26,dswrf_to_lead,RNO,OK,short_name=sdswrf units=W m**-2 startStep=24 endStep=26
2024-12-20,18,26,dswrf_to_lead,RNO,OK,short_name=sdswrf units=W m**-2 startStep=24 endStep=26
2024-11-03,18,26,dswrf_to_lead,RNO,OK,short_name=sdswrf units=W m**-2 startStep=24 endStep=26
2024-12-25,18,26,dswrf_to_lead,RNO,OK,short_name=sdswrf units=W m**-2 startStep=24 endStep=26
2024-12-14,18,26,dswrf_to_lead,RNO,OK,short_name=sdswrf units=W m**-2 startStep=24 endStep=26
2024-12-29,18,26,dswrf_to_lead,RNO,OK,short_name=sdswrf units=W m**-2 startStep=24 endStep=26
2025-01-09,18,26,dswrf_to_lead,RNO,OK,short_name=sdswrf units=W m**-2 startStep=24 endStep=26
2024-12-15,18,26,dswrf_to_lead,RNO,OK,short_name=sdswrf units=W m**-2 startStep=24 endStep=26
2025-01-04,18,26,dswrf_to_lead,RNO,OK,short_name=sdswrf units=W m**-2 startStep=24 endStep=26
2024-12-31,18,26,dswrf_to_lead,RNO,OK,short_name=sdswrf units=W m**-2 startStep=24 endStep=26
2024-10-31,18,26,dswrf_to_lead,RNO,OK,short_name=sdswrf units=W m**-2 startStep=24 endStep=26
2024-11-08,18,26,dswrf_to_lead,RNO,OK,short_name=sdswrf units=W m**-2 startStep=24 endStep=26
2024-10-06,18,26,dswrf_to_lead,RNO,OK,short_name=sdswrf units=W m**-2 startStep=24 endStep=26
2025-01-14,18,26,dswrf_to_lead,RNO,OK,short_name=sdswrf units=W m**-2 startStep=24 endStep=26
2025-01-05,18,26,dswrf_to_lead,RNO,OK,short_name=sdswrf units=W m**-2 startStep=24 endStep=26
2024-12-10,18,26,dswrf_to_lead,RNO,OK,short_name=sdswrf units=W m**-2 startStep=24 endStep=26
2025-01-10,18,26,dswrf_to_lead,RNO,OK,short_name=sdswrf units=W m**-2 startStep=24 endStep=26
2025-01-18,18,26,dswrf_to_lead,RNO,OK,short_name=sdswrf units=W m**-2 startStep=24 endStep=26
2024-12-13,18,26,dswrf_to_lead,RNO,OK,short_name=sdswrf units=W m**-2 startStep=24 endStep=26
2024-10-11,18,26,dswrf_to_lead,RNO,OK,short_name=sdswrf units=W m**-2 startStep=24 endStep=26
2025-01-17,18,26,dswrf_to_lead,RNO,OK,short_name=sdswrf units=W m**-2 startStep=24 endStep=26
2024-12-21,18,26,dswrf_to_lead,RNO,OK,short_name=sdswrf units=W m**-2 startStep=24 endStep=26
2025-01-08,18,26,dswrf_to_lead,RNO,OK,short_name=sdswrf units=W m**-2 startStep=24 endStep=26
2024-12-02,18,26,dswrf_to_lead,RNO,OK,short_name=sdswrf units=W m**-2 startStep=24 endStep=26
2025-01-01,18,26,dswrf_to_lead,RNO,OK,short_name=sdswrf units=W m**-2 startStep=24 endStep=26
2025-01-20,18,26,dswrf_to_lead,RNO,OK,short_name=sdswrf units=W m**-2 startStep=24 endStep=26
2025-01-15,18,26,dswrf_to_lead,RNO,OK,short_name=sdswrf units=W m**-2 startStep=24 endStep=26
2025-01-11,18,26,dswrf_to_lead,RNO,OK,short_name=sdswrf units=W m**-2 startStep=24 endStep=26
2025-01-24,18,26,dswrf_to_lead,RNO,OK,short_name=sdswrf units=W m**-2 startStep=24 endStep=26
2025-01-21,18,26,dswrf_to_lead,RNO,OK,short_name=sdswrf units=W m**-2 startStep=24 endStep=26
2024-12-07,18,26,dswrf_to_lead,RNO,OK,short_name=sdswrf units=W m**-2 startStep=24 endStep=26
2024-09-28,18,26,dswrf_to_lead,RNO,OK,short_name=sdswrf units=W m**-2 startStep=24 endStep=26
2025-01-13,18,26,dswrf_to_lead,RNO,OK,short_name=sdswrf units=W m**-2 startStep=24 endStep=26
2024-11-13,18,26,dswrf_to_lead,RNO,OK,short_name=sdswrf units=W m**-2 startStep=24 endStep=26
2025-02-01,18,26,dswrf_to_lead,RNO,OK,short_name=sdswrf units=W m**-2 startStep=24 endStep=26
2025-01-25,18,26,dswrf_to_lead,RNO,OK,short_name=sdswrf units=W m**-2 startStep=24 endStep=26
2025-02-02,18,26,dswrf_to_lead,RNO,OK,short_name=sdswrf units=W m**-2 startStep=24 endStep=26
2025-01-06,18,26,dswrf_to_lead,RNO,OK,short_name=sdswrf units=W m**-2 startStep=24 endStep=26
2025-01-03,18,26,dswrf_to_lead,RNO,OK,short_name=sdswrf units=W m**-2 startStep=24 endStep=26
2025-01-30,18,26,dswrf_to_lead,RNO,OK,short_name=sdswrf units=W m**-2 startStep=24 endStep=26
2025-02-04,18,26,dswrf_to_lead,RNO,OK,short_name=sdswrf units=W m**-2 startStep=24 endStep=26
2025-02-09,18,26,dswrf_to_lead,RNO,OK,short_name=sdswrf units=W m**-2 startStep=24 endStep=26
2025-02-11,18,26,dswrf_to_lead,RNO,OK,short_name=sdswrf units=W m**-2 startStep=24 endStep=26
2024-11-05,18,26,dswrf_to_lead,RNO,OK,short_name=sdswrf units=W m**-2 startStep=24 endStep=26
2025-02-03,18,26,dswrf_to_lead,RNO,OK,short_name=sdswrf units=W m**-2 startStep=24 endStep=26
2025-02-13,18,26,dswrf_to_lead,RNO,OK,short_name=sdswrf units=W m**-2 startStep=24 endStep=26
2025-02-23,18,26,dswrf_to_lead,RNO,OK,short_name=sdswrf units=W m**-2 startStep=24 endStep=26
2025-01-19,18,26,dswrf_to_lead,RNO,OK,short_name=sdswrf units=W m**-2 startStep=24 endStep=26
2024-12-05,18,26,dswrf_to_lead,RNO,OK,short_name=sdswrf units=W m**-2 startStep=24 endStep=26
2025-02-14,18,26,dswrf_to_lead,RNO,OK,short_name=sdswrf units=W m**-2 startStep=24 endStep=26
2025-02-22,18,26,dswrf_to_lead,RNO,OK,short_name=sdswrf units=W m**-2 startStep=24 endStep=26
2025-01-29,18,26,dswrf_to_lead,RNO,OK,short_name=sdswrf units=W m**-2 startStep=24 endStep=26
2025-02-06,18,26,dswrf_to_lead,RNO,OK,short_name=sdswrf units=W m**-2 startStep=24 endStep=26
2025-01-28,18,26,dswrf_to_lead,RNO,OK,short_name=sdswrf units=W m**-2 startStep=24 endStep=26
2025-02-07,18,26,dswrf_to_lead,RNO,OK,short_name=sdswrf units=W m**-2 startStep=24 endStep=26
2024-10-24,18,26,dswrf_to_lead,RNO,OK,short_name=sdswrf units=W m**-2 startStep=24 endStep=26
2025-02-10,18,26,dswrf_to_lead,RNO,OK,short_name=sdswrf units=W m**-2 startStep=24 endStep=26
2025-01-23,18,26,dswrf_to_lead,RNO,OK,short_name=sdswrf units=W m**-2 startStep=24 endStep=26
2025-01-16,18,26,dswrf_to_lead,RNO,OK,short_name=sdswrf units=W m**-2 startStep=24 endStep=26
2025-02-25,18,26,dswrf_to_lead,RNO,OK,short_name=sdswrf units=W m**-2 startStep=24 endStep=26
2025-03-01,18,26,dswrf_to_lead,RNO,OK,short_name=sdswrf units=W m**-2 startStep=24 endStep=26
2025-03-07,18,26,dswrf_to_lead,RNO,OK,short_name=sdswrf units=W m**-2 startStep=24 endStep=26
2025-03-03,18,26,dswrf_to_lead,RNO,OK,short_name=sdswrf units=W m**-2 startStep=24 endStep=26
2025-03-15,18,26,dswrf_to_lead,RNO,OK,short_name=sdswrf units=W m**-2 startStep=24 endStep=26
2025-02-20,18,26,dswrf_to_lead,RNO,OK,short_name=sdswrf units=W m**-2 startStep=24 endStep=26
2025-03-17,18,26,dswrf_to_lead,RNO,OK,short_name=sdswrf units=W m**-2 startStep=24 endStep=26
2025-01-27,18,26,dswrf_to_lead,RNO,OK,short_name=sdswrf units=W m**-2 startStep=24 endStep=26
2025-02-12,18,26,dswrf_to_lead,RNO,OK,short_name=sdswrf units=W m**-2 startStep=24 endStep=26
2025-03-13,18,26,dswrf_to_lead,RNO,OK,short_name=sdswrf units=W m**-2 startStep=24 endStep=26
2025-03-02,18,26,dswrf_to_lead,RNO,OK,short_name=sdswrf units=W m**-2 startStep=24 endStep=26
2025-03-19,18,26,dswrf_to_lead,RNO,OK,short_name=sdswrf units=W m**-2 startStep=24 endStep=26
2025-02-28,18,26,dswrf_to_lead,RNO,OK,short_name=sdswrf units=W m**-2 startStep=24 endStep=26
2025-01-02,18,26,dswrf_to_lead,RNO,OK,short_name=sdswrf units=W m**-2 startStep=24 endStep=26
2025-03-14,18,26,dswrf_to_lead,RNO,OK,short_name=sdswrf units=W m**-2 startStep=24 endStep=26
2024-11-14,18,26,dswrf_to_lead,RNO,OK,short_name=sdswrf units=W m**-2 startStep=24 endStep=26
2025-03-11,18,26,dswrf_to_lead,RNO,OK,short_name=sdswrf units=W m**-2 startStep=24 endStep=26
2025-02-19,18,26,dswrf_to_lead,RNO,OK,short_name=sdswrf units=W m**-2 startStep=24 endStep=26
2025-03-06,18,26,dswrf_to_lead,RNO,OK,short_name=sdswrf units=W m**-2 startStep=24 endStep=26
2025-03-25,18,26,dswrf_to_lead,RNO,OK,short_name=sdswrf units=W m**-2 startStep=24 endStep=26
2025-03-24,18,26,dswrf_to_lead,RNO,OK,short_name=sdswrf units=W m**-2 startStep=24 endStep=26
2025-03-27,18,26,dswrf_to_lead,RNO,OK,short_name=sdswrf units=W m**-2 startStep=24 endStep=26
2025-03-23,18,26,dswrf_to_lead,RNO,OK,short_name=sdswrf units=W m**-2 startStep=24 endStep=26
2025-03-22,18,26,dswrf_to_lead,RNO,OK,short_name=sdswrf units=W m**-2 startStep=24 endStep=26
2025-03-26,18,26,dswrf_to_lead,RNO,OK,short_name=sdswrf units=W m**-2 startStep=24 endStep=26
2024-12-26,18,26,dswrf_to_lead,RNO,OK,short_name=sdswrf units=W m**-2 startStep=24 endStep=26
2024-12-28,18,26,dswrf_to_lead,RNO,OK,short_name=sdswrf units=W m**-2 startStep=24 endStep=26
2025-01-31,18,26,dswrf_to_lead,RNO,OK,short_name=sdswrf units=W m**-2 startStep=24 endStep=26
2025-03-21,18,26,dswrf_to_lead,RNO,OK,short_name=sdswrf units=W m**-2 startStep=24 endStep=26
2025-03-08,18,26,dswrf_to_lead,RNO,OK,short_name=sdswrf units=W m**-2 startStep=24 endStep=26
2025-03-28,18,26,dswrf_to_lead,RNO,OK,short_name=sdswrf units=W m**-2 startStep=24 endStep=26
2025-02-21,18,26,dswrf_to_lead,RNO,OK,short_name=sdswrf units=W m**-2 startStep=24 endStep=26
2025-02-08,18,26,dswrf_to_lead,RNO,OK,short_name=sdswrf units=W m**-2 startStep=24 endStep=26
2025-02-18,18,26,dswrf_to_lead,RNO,OK,short_name=sdswrf units=W m**-2 startStep=24 endStep=26
2025-03-30,18,26,dswrf_to_lead,RNO,OK,short_name=sdswrf units=W m**-2 startStep=24 endStep=26
2025-04-03,18,26,dswrf_to_lead,RNO,OK,short_name=sdswrf units=W m**-2 startStep=24 endStep=26
2025-03-29,18,26,dswrf_to_lead,RNO,OK,short_name=sdswrf units=W m**-2 startStep=24 endStep=26
2025-04-05,18,26,dswrf_to_lead,RNO,OK,short_name=sdswrf units=W m**-2 startStep=24 endStep=26
2025-04-07,18,26,dswrf_to_lead,RNO,OK,short_name=sdswrf units=W m**-2 startStep=24 endStep=26
2025-03-16,18,26,dswrf_to_lead,RNO,OK,short_name=sdswrf units=W m**-2 startStep=24 endStep=26
2025-03-09,18,26,dswrf_to_lead,RNO,OK,short_name=sdswrf units=W m**-2 startStep=24 endStep=26
2025-04-17,18,26,dswrf_to_lead,RNO,OK,short_name=sdswrf units=W m**-2 startStep=24 endStep=26
2024-12-27,18,26,dswrf_to_lead,RNO,OK,short_name=sdswrf units=W m**-2 startStep=24 endStep=26
2025-02-16,18,26,dswrf_to_lead,RNO,OK,short_name=sdswrf units=W m**-2 startStep=24 endStep=26
2025-04-09,18,26,dswrf_to_lead,RNO,OK,short_name=sdswrf units=W m**-2 startStep=24 endStep=26
2025-02-05,18,26,dswrf_to_lead,RNO,OK,short_name=sdswrf units=W m**-2 startStep=24 endStep=26
2025-01-12,18,26,dswrf_to_lead,RNO,OK,short_name=sdswrf units=W m**-2 startStep=24 endStep=26
2025-03-31,18,26,dswrf_to_lead,RNO,OK,short_name=sdswrf units=W m**-2 startStep=24 endStep=26
2025-04-01,18,26,dswrf_to_lead,RNO,OK,short_name=sdswrf units=W m**-2 startStep=24 endStep=26
2025-04-11,18,26,dswrf_to_lead,RNO,OK,short_name=sdswrf units=W m**-2 startStep=24 endStep=26
2025-04-08,18,26,dswrf_to_lead,RNO,OK,short_name=sdswrf units=W m**-2 startStep=24 endStep=26
2025-04-16,18,26,dswrf_to_lead,RNO,OK,short_name=sdswrf units=W m**-2 startStep=24 endStep=26
2025-04-15,18,26,dswrf_to_lead,RNO,OK,short_name=sdswrf units=W m**-2 startStep=24 endStep=26
2025-01-07,18,26,dswrf_to_lead,RNO,OK,short_name=sdswrf units=W m**-2 startStep=24 endStep=26
2025-02-17,18,26,dswrf_to_lead,RNO,OK,short_name=sdswrf units=W m**-2 startStep=24 endStep=26
2025-05-02,18,26,dswrf_to_lead,RNO,OK,short_name=sdswrf units=W m**-2 startStep=24 endStep=26
2025-02-27,18,26,dswrf_to_lead,RNO,OK,short_name=sdswrf units=W m**-2 startStep=24 endStep=26
2025-04-28,18,26,dswrf_to_lead,RNO,OK,short_name=sdswrf units=W m**-2 startStep=24 endStep=26
2025-04-26,18,26,dswrf_to_lead,RNO,OK,short_name=sdswrf units=W m**-2 startStep=24 endStep=26
2025-04-29,18,26,dswrf_to_lead,RNO,OK,short_name=sdswrf units=W m**-2 startStep=24 endStep=26
2025-01-22,18,26,dswrf_to_lead,RNO,OK,short_name=sdswrf units=W m**-2 startStep=24 endStep=26
2025-03-20,18,26,dswrf_to_lead,RNO,OK,short_name=sdswrf units=W m**-2 startStep=24 endStep=26
2025-05-04,18,26,dswrf_to_lead,RNO,OK,short_name=sdswrf units=W m**-2 startStep=24 endStep=26
2025-05-06,18,26,dswrf_to_lead,RNO,OK,short_name=sdswrf units=W m**-2 startStep=24 endStep=26
2025-05-08,18,26,dswrf_to_lead,RNO,OK,short_name=sdswrf units=W m**-2 startStep=24 endStep=26
2025-02-15,18,26,dswrf_to_lead,RNO,OK,short_name=sdswrf units=W m**-2 startStep=24 endStep=26
2025-03-10,18,26,dswrf_to_lead,RNO,OK,short_name=sdswrf units=W m**-2 startStep=24 endStep=26
2025-04-12,18,26,dswrf_to_lead,RNO,OK,short_name=sdswrf units=W m**-2 startStep=24 endStep=26
2025-02-26,18,26,dswrf_to_lead,RNO,OK,short_name=sdswrf units=W m**-2 startStep=24 endStep=26
2025-04-10,18,26,dswrf_to_lead,RNO,OK,short_name=sdswrf units=W m**-2 startStep=24 endStep=26
2025-03-05,18,26,dswrf_to_lead,RNO,OK,short_name=sdswrf units=W m**-2 startStep=24 endStep=26
2025-04-19,18,26,dswrf_to_lead,RNO,OK,short_name=sdswrf units=W m**-2 startStep=24 endStep=26
2025-04-18,18,26,dswrf_to_lead,RNO,OK,short_name=sdswrf units=W m**-2 startStep=24 endStep=26
2025-04-23,18,26,dswrf_to_lead,RNO,OK,short_name=sdswrf units=W m**-2 startStep=24 endStep=26
2025-01-26,18,26,dswrf_to_lead,RNO,OK,short_name=sdswrf units=W m**-2 startStep=24 endStep=26
2025-04-24,18,26,dswrf_to_lead,RNO,OK,short_name=sdswrf units=W m**-2 startStep=24 endStep=26
2025-05-15,18,26,dswrf_to_lead,RNO,OK,short_name=sdswrf units=W m**-2 startStep=24 endStep=26
2025-05-03,18,26,dswrf_to_lead,RNO,OK,short_name=sdswrf units=W m**-2 startStep=24 endStep=26
2025-04-06,18,26,dswrf_to_lead,RNO,OK,short_name=sdswrf units=W m**-2 startStep=24 endStep=26
2025-04-22,18,26,dswrf_to_lead,RNO,OK,short_name=sdswrf units=W m**-2 startStep=24 endStep=26
2025-04-13,18,26,dswrf_to_lead,RNO,OK,short_name=sdswrf units=W m**-2 startStep=24 endStep=26
2025-05-07,18,26,dswrf_to_lead,RNO,OK,short_name=sdswrf units=W m**-2 startStep=24 endStep=26
2025-04-14,18,26,dswrf_to_lead,RNO,OK,short_name=sdswrf units=W m**-2 startStep=24 endStep=26
2025-05-05,18,26,dswrf_to_lead,RNO,OK,short_name=sdswrf units=W m**-2 startStep=24 endStep=26
2025-05-29,18,26,dswrf_to_lead,RNO,OK,short_name=sdswrf units=W m**-2 startStep=24 endStep=26
2025-04-20,18,26,dswrf_to_lead,RNO,OK,short_name=sdswrf units=W m**-2 startStep=24 endStep=26
2025-05-12,18,26,dswrf_to_lead,RNO,OK,short_name=sdswrf units=W m**-2 startStep=24 endStep=26
2025-05-01,18,26,dswrf_to_lead,RNO,OK,short_name=sdswrf units=W m**-2 startStep=24 endStep=26
2025-03-18,18,26,dswrf_to_lead,RNO,OK,short_name=sdswrf units=W m**-2 startStep=24 endStep=26
2025-05-28,18,26,dswrf_to_lead,RNO,OK,short_name=sdswrf units=W m**-2 startStep=24 endStep=26
2025-05-23,18,26,dswrf_to_lead,RNO,OK,short_name=sdswrf units=W m**-2 startStep=24 endStep=26
2025-05-17,18,26,dswrf_to_lead,RNO,OK,short_name=sdswrf units=W m**-2 startStep=24 endStep=26
2025-06-01,18,26,dswrf_to_lead,RNO,OK,short_name=sdswrf units=W m**-2 startStep=24 endStep=26
2025-03-04,18,26,dswrf_to_lead,RNO,OK,short_name=sdswrf units=W m**-2 startStep=24 endStep=26
2025-06-05,18,26,dswrf_to_lead,RNO,OK,short_name=sdswrf units=W m**-2 startStep=24 endStep=26
2025-04-21,18,26,dswrf_to_lead,RNO,OK,short_name=sdswrf units=W m**-2 startStep=24 endStep=26
2025-05-24,18,26,dswrf_to_lead,RNO,OK,short_name=sdswrf units=W m**-2 startStep=24 endStep=26
2025-05-22,18,26,dswrf_to_lead,RNO,OK,short_name=sdswrf units=W m**-2 startStep=24 endStep=26
2025-06-06,18,26,dswrf_to_lead,RNO,OK,short_name=sdswrf units=W m**-2 startStep=24 endStep=26
2025-05-27,18,26,dswrf_to_lead,RNO,OK,short_name=sdswrf units=W m**-2 startStep=24 endStep=26
2025-05-25,18,26,dswrf_to_lead,RNO,OK,short_name=sdswrf units=W m**-2 startStep=24 endStep=26
2025-02-24,18,26,dswrf_to_lead,RNO,OK,short_name=sdswrf units=W m**-2 startStep=24 endStep=26
2025-04-25,18,26,dswrf_to_lead,RNO,OK,short_name=sdswrf units=W m**-2 startStep=24 endStep=26
2025-03-12,18,26,dswrf_to_lead,RNO,OK,short_name=sdswrf units=W m**-2 startStep=24 endStep=26
2025-05-16,18,26,dswrf_to_lead,RNO,OK,short_name=sdswrf units=W m**-2 startStep=24 endStep=26
2025-06-09,18,26,dswrf_to_lead,RNO,OK,short_name=sdswrf units=W m**-2 startStep=24 endStep=26
2025-06-16,18,26,dswrf_to_lead,RNO,OK,short_name=sdswrf units=W m**-2 startStep=24 endStep=26
2025-05-31,18,26,dswrf_to_lead,RNO,OK,short_name=sdswrf units=W m**-2 startStep=24 endStep=26
2025-06-12,18,26,dswrf_to_lead,RNO,OK,short_name=sdswrf units=W m**-2 startStep=24 endStep=26
2025-06-10,18,26,dswrf_to_lead,RNO,OK,short_name=sdswrf units=W m**-2 startStep=24 endStep=26
2025-06-18,18,26,dswrf_to_lead,RNO,OK,short_name=sdswrf units=W m**-2 startStep=24 endStep=26
2025-06-14,18,26,dswrf_to_lead,RNO,OK,short_name=sdswrf units=W m**-2 startStep=24 endStep=26
2025-06-20,18,26,dswrf_to_lead,RNO,OK,short_name=sdswrf units=W m**-2 startStep=24 endStep=26
2025-06-26,18,26,dswrf_to_lead,RNO,OK,short_name=sdswrf units=W m**-2 startStep=24 endStep=26
2025-06-13,18,26,dswrf_to_lead,RNO,OK,short_name=sdswrf units=W m**-2 startStep=24 endStep=26
2025-05-10,18,26,dswrf_to_lead,RNO,OK,short_name=sdswrf units=W m**-2 startStep=24 endStep=26
2025-05-18,18,26,dswrf_to_lead,RNO,OK,short_name=sdswrf units=W m**-2 startStep=24 endStep=26
2025-06-24,18,26,dswrf_to_lead,RNO,OK,short_name=sdswrf units=W m**-2 startStep=24 endStep=26
2025-07-01,18,26,dswrf_to_lead,RNO,OK,short_name=sdswrf units=W m**-2 startStep=24 endStep=26
2025-07-02,18,26,dswrf_to_lead,RNO,OK,short_name=sdswrf units=W m**-2 startStep=24 endStep=26
2025-06-19,18,26,dswrf_to_lead,RNO,OK,short_name=sdswrf units=W m**-2 startStep=24 endStep=26
2025-04-30,18,26,dswrf_to_lead,RNO,OK,short_name=sdswrf units=W m**-2 startStep=24 endStep=26
2025-06-11,18,26,dswrf_to_lead,RNO,OK,short_name=sdswrf units=W m**-2 startStep=24 endStep=26
2025-05-09,18,26,dswrf_to_lead,RNO,OK,short_name=sdswrf units=W m**-2 startStep=24 endStep=26
2025-05-13,18,26,dswrf_to_lead,RNO,OK,short_name=sdswrf units=W m**-2 startStep=24 endStep=26
2025-04-04,18,26,dswrf_to_lead,RNO,OK,short_name=sdswrf units=W m**-2 startStep=24 endStep=26
2025-06-29,18,26,dswrf_to_lead,RNO,OK,short_name=sdswrf units=W m**-2 startStep=24 endStep=26
2025-07-13,18,26,dswrf_to_lead,RNO,OK,short_name=sdswrf units=W m**-2 startStep=24 endStep=26
2025-07-04,18,26,dswrf_to_lead,RNO,OK,short_name=sdswrf units=W m**-2 startStep=24 endStep=26
2025-07-07,18,26,dswrf_to_lead,RNO,OK,short_name=sdswrf units=W m**-2 startStep=24 endStep=26
2025-07-11,18,26,dswrf_to_lead,RNO,OK,short_name=sdswrf units=W m**-2 startStep=24 endStep=26
2025-07-20,18,26,dswrf_to_lead,RNO,OK,short_name=sdswrf units=W m**-2 startStep=24 endStep=26
2025-05-11,18,26,dswrf_to_lead,RNO,OK,short_name=sdswrf units=W m**-2 startStep=24 endStep=26
2025-07-08,18,26,dswrf_to_lead,RNO,OK,short_name=sdswrf units=W m**-2 startStep=24 endStep=26
2025-07-05,18,26,dswrf_to_lead,RNO,OK,short_name=sdswrf units=W m**-2 startStep=24 endStep=26
2025-04-27,18,26,dswrf_to_lead,RNO,OK,short_name=sdswrf units=W m**-2 startStep=24 endStep=26
2025-07-17,18,26,dswrf_to_lead,RNO,OK,short_name=sdswrf units=W m**-2 startStep=24 endStep=26
2025-06-25,18,26,dswrf_to_lead,RNO,OK,short_name=sdswrf units=W m**-2 startStep=24 endStep=26
2025-07-10,18,26,dswrf_to_lead,RNO,OK,short_name=sdswrf units=W m**-2 startStep=24 endStep=26
2025-04-02,18,26,dswrf_to_lead,RNO,OK,short_name=sdswrf units=W m**-2 startStep=24 endStep=26
2025-05-20,18,26,dswrf_to_lead,RNO,OK,short_name=sdswrf units=W m**-2 startStep=24 endStep=26
2025-07-26,18,26,dswrf_to_lead,RNO,OK,short_name=sdswrf units=W m**-2 startStep=24 endStep=26
2025-05-19,18,26,dswrf_to_lead,RNO,OK,short_name=sdswrf units=W m**-2 startStep=24 endStep=26
2025-07-18,18,26,dswrf_to_lead,RNO,OK,short_name=sdswrf units=W m**-2 startStep=24 endStep=26
2025-05-30,18,26,dswrf_to_lead,RNO,OK,short_name=sdswrf units=W m**-2 startStep=24 endStep=26
2025-06-28,18,26,dswrf_to_lead,RNO,OK,short_name=sdswrf units=W m**-2 startStep=24 endStep=26
2025-07-22,18,26,dswrf_to_lead,RNO,OK,short_name=sdswrf units=W m**-2 startStep=24 endStep=26
2025-07-15,18,26,dswrf_to_lead,RNO,OK,short_name=sdswrf units=W m**-2 startStep=24 endStep=26
2025-06-21,18,26,dswrf_to_lead,RNO,OK,short_name=sdswrf units=W m**-2 startStep=24 endStep=26
2025-07-24,18,26,dswrf_to_lead,RNO,OK,short_name=sdswrf units=W m**-2 startStep=24 endStep=26
2025-07-29,18,26,dswrf_to_lead,RNO,OK,short_name=sdswrf units=W m**-2 startStep=24 endStep=26
2025-07-25,18,26,dswrf_to_lead,RNO,OK,short_name=sdswrf units=W m**-2 startStep=24 endStep=26
2025-07-16,18,26,dswrf_to_lead,RNO,OK,short_name=sdswrf units=W m**-2 startStep=24 endStep=26
2025-05-14,18,26,dswrf_to_lead,RNO,OK,short_name=sdswrf units=W m**-2 startStep=24 endStep=26
2025-07-28,18,26,dswrf_to_lead,RNO,OK,short_name=sdswrf units=W m**-2 startStep=24 endStep=26
2025-06-08,18,26,dswrf_to_lead,RNO,OK,short_name=sdswrf units=W m**-2 startStep=24 endStep=26
2025-06-30,18,26,dswrf_to_lead,RNO,OK,short_name=sdswrf units=W m**-2 startStep=24 endStep=26
2025-07-23,18,26,dswrf_to_lead,RNO,OK,short_name=sdswrf units=W m**-2 startStep=24 endStep=26
2025-05-26,18,26,dswrf_to_lead,RNO,OK,short_name=sdswrf units=W m**-2 startStep=24 endStep=26
2025-05-21,18,26,dswrf_to_lead,RNO,OK,short_name=sdswrf units=W m**-2 startStep=24 endStep=26
2025-06-23,18,26,dswrf_to_lead,RNO,OK,short_name=sdswrf units=W m**-2 startStep=24 endStep=26
2025-07-09,18,26,dswrf_to_lead,RNO,OK,short_name=sdswrf units=W m**-2 startStep=24 endStep=26
2025-07-14,18,26,dswrf_to_lead,RNO,OK,short_name=sdswrf units=W m**-2 startStep=24 endStep=26
2025-06-04,18,26,dswrf_to_lead,RNO,OK,short_name=sdswrf units=W m**-2 startStep=24 endStep=26
2025-07-19,18,26,dswrf_to_lead,RNO,OK,short_name=sdswrf units=W m**-2 startStep=24 endStep=26
2025-06-03,18,26,dswrf_to_lead,RNO,OK,short_name=sdswrf units=W m**-2 startStep=24 endStep=26
2025-06-17,18,26,dswrf_to_lead,RNO,OK,short_name=sdswrf units=W m**-2 startStep=24 endStep=26
2025-06-02,18,26,dswrf_to_lead,RNO,OK,short_name=sdswrf units=W m**-2 startStep=24 endStep=26
2025-06-27,18,26,dswrf_to_lead,RNO,OK,short_name=sdswrf units=W m**-2 startStep=24 endStep=26
2025-07-30,18,26,dswrf_to_lead,RNO,OK,short_name=sdswrf units=W m**-2 startStep=24 endStep=26
2025-07-21,18,26,dswrf_to_lead,RNO,OK,short_name=sdswrf units=W m**-2 startStep=24 endStep=26
2025-07-12,18,26,dswrf_to_lead,RNO,OK,short_name=sdswrf units=W m**-2 startStep=24 endStep=26
2025-06-22,18,26,dswrf_to_lead,RNO,OK,short_name=sdswrf units=W m**-2 startStep=24 endStep=26
2025-07-06,18,26,dswrf_to_lead,RNO,OK,short_name=sdswrf units=W m**-2 startStep=24 endStep=26
2025-06-07,18,26,dswrf_to_lead,RNO,OK,short_name=sdswrf units=W m**-2 startStep=24 endStep=26
2025-07-03,18,26,dswrf_to_lead,RNO,OK,short_name=sdswrf units=W m**-2 startStep=24 endStep=26
2025-07-27,18,26,dswrf_to_lead,RNO,OK,short_name=sdswrf units=W m**-2 startStep=24 endStep=26
2025-06-15,18,26,dswrf_to_lead,RNO,OK,short_name=sdswrf units=W m**-2 startStep=24 endStep=26
