station,fold,model,ordering,target_date,predicted_residual_c
EGLC,2022-23,"B+D,L,R,T",record,2022-08-01,-1.2839674734032653
EGLC,2022-23,"B+D,L,R,T",record,2022-08-02,-2.106698645772986
EGLC,2022-23,"B+D,L,R,T",record,2022-08-03,-1.673654051126026
EGLC,2022-23,"B+D,L,R,T",record,2022-08-04,-1.2513377375946417
EGLC,2022-23,"B+D,L,R,T",record,2022-08-05,-2.110340336965794
EGLC,2022-23,"B+D,L,R,T",record,2022-08-06,-1.8329634120106066
EGLC,2022-23,"B+D,L,R,T",record,2022-08-07,-1.858186385925565
EGLC,2022-23,"B+D,L,R,T",record,2022-08-08,-2.463450735370271
EGLC,2022-23,"B+D,L,R,T",record,2022-08-09,-2.2083071387316062
EGLC,2022-23,"B+D,L,R,T",record,2022-08-10,-1.9367266800117975
EGLC,2022-23,"B+D,L,R,T",record,2022-08-11,-2.2391286599202984
EGLC,2022-23,"B+D,L,R,T",record,2022-08-12,-2.0799878656166952
EGLC,2022-23,"B+D,L,R,T",record,2022-08-13,-2.4484519002798604
EGLC,2022-23,"B+D,L,R,T",record,2022-08-14,-1.5065915468357134
EGLC,2022-23,"B+D,L,R,T",record,2022-08-15,-1.4276691962067742
EGLC,2022-23,"B+D,L,R,T",record,2022-08-16,-1.2899764278958525
EGLC,2022-23,"B+D,L,R,T",record,2022-08-17,-0.7888192716460859
EGLC,2022-23,"B+D,L,R,T",record,2022-08-18,-0.7197370395915421
EGLC,2022-23,"B+D,L,R,T",record,2022-08-19,-2.062662870241454
EGLC,2022-23,"B+D,L,R,T",record,2022-08-20,-1.4599493258509655
EGLC,2022-23,"B+D,L,R,T",record,2022-08-21,-2.395384803871057
EGLC,2022-23,"B+D,L,R,T",record,2022-08-22,-2.189454146372208
EGLC,2022-23,"B+D,L,R,T",record,2022-08-23,-2.5358355048413372
EGLC,2022-23,"B+D,L,R,T",record,2022-08-24,-2.297100893088495
EGLC,2022-23,"B+D,L,R,T",record,2022-08-25,1.6916061725866542
EGLC,2022-23,"B+D,L,R,T",record,2022-08-26,-2.5988270270592966
EGLC,2022-23,"B+D,L,R,T",record,2022-08-27,-0.8214024965757265
EGLC,2022-23,"B+D,L,R,T",record,2022-08-28,-1.4138096444874675
EGLC,2022-23,"B+D,L,R,T",record,2022-08-29,-2.3004716259352773
EGLC,2022-23,"B+D,L,R,T",record,2022-08-30,-0.6372137262844147
EGLC,2022-23,"B+D,L,R,T",record,2022-08-31,-1.4676613573574686
EGLC,2022-23,"B+D,L,R,T",record,2022-09-01,-1.2696034045809292
EGLC,2022-23,"B+D,L,R,T",record,2022-09-02,-1.9435088746267613
EGLC,2022-23,"B+D,L,R,T",record,2022-09-03,-1.6404991500697725
EGLC,2022-23,"B+D,L,R,T",record,2022-09-04,-1.0840928788867368
EGLC,2022-23,"B+D,L,R,T",record,2022-09-05,-0.9364504090960525
EGLC,2022-23,"B+D,L,R,T",record,2022-09-06,-0.20572970729879825
EGLC,2022-23,"B+D,L,R,T",record,2022-09-07,-1.2054144419020676
EGLC,2022-23,"B+D,L,R,T",record,2022-09-08,0.16840369568576197
EGLC,2022-23,"B+D,L,R,T",record,2022-09-09,0.22390150592041483
EGLC,2022-23,"B+D,L,R,T",record,2022-09-10,0.9944696843404435
EGLC,2022-23,"B+D,L,R,T",record,2022-09-11,-0.9144588215924475
EGLC,2022-23,"B+D,L,R,T",record,2022-09-12,-1.235349840905517
EGLC,2022-23,"B+D,L,R,T",record,2022-09-13,0.9994681717199891
EGLC,2022-23,"B+D,L,R,T",record,2022-09-14,0.30615776781407145
EGLC,2022-23,"B+D,L,R,T",record,2022-09-15,-0.29658567257825347
EGLC,2022-23,"B+D,L,R,T",record,2022-09-16,-0.006311377817524167
EGLC,2022-23,"B+D,L,R,T",record,2022-09-17,-1.5216675751641842
EGLC,2022-23,"B+D,L,R,T",record,2022-09-18,-0.5360447865746614
EGLC,2022-23,"B+D,L,R,T",record,2022-09-19,-0.8512765600674458
EGLC,2022-23,"B+D,L,R,T",record,2022-09-20,-0.5201554093795173
EGLC,2022-23,"B+D,L,R,T",record,2022-09-21,-0.9911701665794053
EGLC,2022-23,"B+D,L,R,T",record,2022-09-22,-0.4105047834644949
EGLC,2022-23,"B+D,L,R,T",record,2022-09-23,-0.05573641654270101
EGLC,2022-23,"B+D,L,R,T",record,2022-09-24,-0.499849552588893
EGLC,2022-23,"B+D,L,R,T",record,2022-09-25,-0.7839541706240643
EGLC,2022-23,"B+D,L,R,T",record,2022-09-26,0.22872978759879692
EGLC,2022-23,"B+D,L,R,T",record,2022-09-27,0.0803394349418069
EGLC,2022-23,"B+D,L,R,T",record,2022-09-28,-0.33084440404109483
EGLC,2022-23,"B+D,L,R,T",record,2022-09-29,-0.4732470486867456
EGLC,2022-23,"B+D,L,R,T",record,2022-09-30,-0.25520228836649567
EGLC,2022-23,"B+D,L,R,T",record,2022-10-01,0.006160460723365562
EGLC,2022-23,"B+D,L,R,T",record,2022-10-02,0.008406769708253957
EGLC,2022-23,"B+D,L,R,T",record,2022-10-03,-0.7124762066624617
EGLC,2022-23,"B+D,L,R,T",record,2022-10-04,-0.2746830150404176
EGLC,2022-23,"B+D,L,R,T",record,2022-10-05,1.6445229216308939
EGLC,2022-23,"B+D,L,R,T",record,2022-10-06,-0.7021837816717673
EGLC,2022-23,"B+D,L,R,T",record,2022-10-07,-0.45694780464027124
EGLC,2022-23,"B+D,L,R,T",record,2022-10-08,-0.7671037058461567
EGLC,2022-23,"B+D,L,R,T",record,2022-10-09,-0.8500053336609371
EGLC,2022-23,"B+D,L,R,T",record,2022-10-10,-0.577729057060286
EGLC,2022-23,"B+D,L,R,T",record,2022-10-11,-1.0455387042994861
EGLC,2022-23,"B+D,L,R,T",record,2022-10-12,-0.2956403727748663
EGLC,2022-23,"B+D,L,R,T",record,2022-10-13,-0.05645373946768735
EGLC,2022-23,"B+D,L,R,T",record,2022-10-14,-0.08575926415513835
EGLC,2022-23,"B+D,L,R,T",record,2022-10-15,-0.17158924220122915
EGLC,2022-23,"B+D,L,R,T",record,2022-10-16,-0.06174550897207719
EGLC,2022-23,"B+D,L,R,T",record,2022-10-17,0.08477079642158021
EGLC,2022-23,"B+D,L,R,T",record,2022-10-18,-0.1954793624989693
EGLC,2022-23,"B+D,L,R,T",record,2022-10-19,0.0482243517781186
EGLC,2022-23,"B+D,L,R,T",record,2022-10-20,1.1231887245829886
EGLC,2022-23,"B+D,L,R,T",record,2022-10-21,1.5084529472990102
EGLC,2022-23,"B+D,L,R,T",record,2022-10-22,0.03246140840602602
EGLC,2022-23,"B+D,L,R,T",record,2022-10-23,1.557343578439366
EGLC,2022-23,"B+D,L,R,T",record,2022-10-24,-0.17542949015461534
EGLC,2022-23,"B+D,L,R,T",record,2022-10-25,0.3211437792266574
EGLC,2022-23,"B+D,L,R,T",record,2022-10-26,0.1981516179291625
EGLC,2022-23,"B+D,L,R,T",record,2022-10-27,-0.6859267391457574
EGLC,2022-23,"B+D,L,R,T",record,2022-10-28,0.03973584105048715
EGLC,2022-23,"B+D,L,R,T",record,2022-10-29,-0.6508153479757937
EGLC,2022-23,"B+D,L,R,T",record,2022-10-30,1.7772701991940716
EGLC,2022-23,"B+D,L,R,T",record,2022-10-31,-0.3395299087138451
EGLC,2022-23,"B+D,L,R,T",record,2022-11-01,0.6328135212127026
EGLC,2022-23,"B+D,L,R,T",record,2022-11-02,0.09060073826961268
EGLC,2022-23,"B+D,L,R,T",record,2022-11-03,0.7513556503382979
EGLC,2022-23,"B+D,L,R,T",record,2022-11-04,-0.28022909918880756
EGLC,2022-23,"B+D,L,R,T",record,2022-11-05,1.493649325824944
EGLC,2022-23,"B+D,L,R,T",record,2022-11-06,1.6526930607395929
EGLC,2022-23,"B+D,L,R,T",record,2022-11-07,1.528014283699981
EGLC,2022-23,"B+D,L,R,T",record,2022-11-08,0.6772903653954861
EGLC,2022-23,"B+D,L,R,T",record,2022-11-09,0.08520353517416861
EGLC,2022-23,"B+D,L,R,T",record,2022-11-10,-0.26452890207607616
EGLC,2022-23,"B+D,L,R,T",record,2022-11-11,-0.2353523290753326
EGLC,2022-23,"B+D,L,R,T",record,2022-11-12,-0.6519710751963623
EGLC,2022-23,"B+D,L,R,T",record,2022-11-13,-0.6822705130212698
EGLC,2022-23,"B+D,L,R,T",record,2022-11-14,-0.5574531046866933
EGLC,2022-23,"B+D,L,R,T",record,2022-11-15,1.3780829283243048
EGLC,2022-23,"B+D,L,R,T",record,2022-11-16,0.9803536980605914
EGLC,2022-23,"B+D,L,R,T",record,2022-11-17,1.2267843408407362
EGLC,2022-23,"B+D,L,R,T",record,2022-11-18,0.06965384759986822
EGLC,2022-23,"B+D,L,R,T",record,2022-11-19,0.3685617240511646
EGLC,2022-23,"B+D,L,R,T",record,2022-11-20,0.15361327247453793
EGLC,2022-23,"B+D,L,R,T",record,2022-11-21,1.420112959096247
EGLC,2022-23,"B+D,L,R,T",record,2022-11-22,0.09855813274624246
EGLC,2022-23,"B+D,L,R,T",record,2022-11-23,0.36292462341255227
EGLC,2022-23,"B+D,L,R,T",record,2022-11-24,1.1239956860403668
EGLC,2022-23,"B+D,L,R,T",record,2022-11-25,0.09363726575675724
EGLC,2022-23,"B+D,L,R,T",record,2022-11-26,1.4587543888989167
EGLC,2022-23,"B+D,L,R,T",record,2022-11-27,1.0034204903683055
EGLC,2022-23,"B+D,L,R,T",record,2022-11-28,0.25737664114128467
EGLC,2022-23,"B+D,L,R,T",record,2022-11-29,0.20041500754422456
EGLC,2022-23,"B+D,L,R,T",record,2022-11-30,0.5812345791682819
EGLC,2022-23,"B+D,L,R,T",record,2022-12-01,-0.28791599923138134
EGLC,2022-23,"B+D,L,R,T",record,2022-12-02,0.4162806241207029
EGLC,2022-23,"B+D,L,R,T",record,2022-12-03,0.2713835559706757
EGLC,2022-23,"B+D,L,R,T",record,2022-12-04,1.105035571431187
EGLC,2022-23,"B+D,L,R,T",record,2022-12-05,1.0845833402671579
EGLC,2022-23,"B+D,L,R,T",record,2022-12-06,0.12406405247183323
EGLC,2022-23,"B+D,L,R,T",record,2022-12-07,0.621630949772594
EGLC,2022-23,"B+D,L,R,T",record,2022-12-08,-0.3301538467180918
EGLC,2022-23,"B+D,L,R,T",record,2022-12-09,0.8173513378975243
EGLC,2022-23,"B+D,L,R,T",record,2022-12-10,0.15778930407616495
EGLC,2022-23,"B+D,L,R,T",record,2022-12-11,0.10791238945995617
EGLC,2022-23,"B+D,L,R,T",record,2022-12-12,0.7741969560760349
EGLC,2022-23,"B+D,L,R,T",record,2022-12-13,0.4980346025774795
EGLC,2022-23,"B+D,L,R,T",record,2022-12-14,0.6388685185623976
EGLC,2022-23,"B+D,L,R,T",record,2022-12-15,0.20881755784818348
EGLC,2022-23,"B+D,L,R,T",record,2022-12-16,0.5418592175770645
EGLC,2022-23,"B+D,L,R,T",record,2022-12-17,0.8194805437335689
EGLC,2022-23,"B+D,L,R,T",record,2022-12-18,0.7406437277686584
EGLC,2022-23,"B+D,L,R,T",record,2022-12-19,1.3208022008939178
EGLC,2022-23,"B+D,L,R,T",record,2022-12-20,0.9182126509998679
EGLC,2022-23,"B+D,L,R,T",record,2022-12-21,1.2282634405539208
EGLC,2022-23,"B+D,L,R,T",record,2022-12-22,0.6867116975025135
EGLC,2022-23,"B+D,L,R,T",record,2022-12-23,1.0584139168579396
EGLC,2022-23,"B+D,L,R,T",record,2022-12-24,1.1141625337200551
EGLC,2022-23,"B+D,L,R,T",record,2022-12-25,0.8442683341549321
EGLC,2022-23,"B+D,L,R,T",record,2022-12-26,0.5251461143722398
EGLC,2022-23,"B+D,L,R,T",record,2022-12-27,0.540936582295037
EGLC,2022-23,"B+D,L,R,T",record,2022-12-28,1.507020194336938
EGLC,2022-23,"B+D,L,R,T",record,2022-12-29,0.6084130453421233
EGLC,2022-23,"B+D,L,R,T",record,2022-12-30,1.445683750677281
EGLC,2022-23,"B+D,L,R,T",record,2022-12-31,1.5491680206981022
EGLC,2022-23,"B+D,L,R,T",record,2023-01-01,1.1234044398343588
EGLC,2022-23,"B+D,L,R,T",record,2023-01-02,0.8537687499710167
EGLC,2022-23,"B+D,L,R,T",record,2023-01-03,1.2815447199968686
EGLC,2022-23,"B+D,L,R,T",record,2023-01-04,1.521929220517352
EGLC,2022-23,"B+D,L,R,T",record,2023-01-05,1.5652602111924303
EGLC,2022-23,"B+D,L,R,T",record,2023-01-06,1.11539429360726
EGLC,2022-23,"B+D,L,R,T",record,2023-01-07,1.5184478491114524
EGLC,2022-23,"B+D,L,R,T",record,2023-01-08,1.2686250711192213
EGLC,2022-23,"B+D,L,R,T",record,2023-01-09,1.0422461801218557
EGLC,2022-23,"B+D,L,R,T",record,2023-01-10,0.9310469979461501
EGLC,2022-23,"B+D,L,R,T",record,2023-01-11,0.7270323082121212
EGLC,2022-23,"B+D,L,R,T",record,2023-01-12,1.6382503179144028
EGLC,2022-23,"B+D,L,R,T",record,2023-01-13,0.7723509505955579
EGLC,2022-23,"B+D,L,R,T",record,2023-01-14,1.5670510225785501
EGLC,2022-23,"B+D,L,R,T",record,2023-01-15,0.7816688476511998
EGLC,2022-23,"B+D,L,R,T",record,2023-01-16,1.0419725800523758
EGLC,2022-23,"B+D,L,R,T",record,2023-01-17,-0.08093337982301269
EGLC,2022-23,"B+D,L,R,T",record,2023-01-18,-0.07659604505508652
EGLC,2022-23,"B+D,L,R,T",record,2023-01-19,0.025411846596096105
EGLC,2022-23,"B+D,L,R,T",record,2023-01-20,-0.09716450492216681
EGLC,2022-23,"B+D,L,R,T",record,2023-01-21,-0.03450328816297603
EGLC,2022-23,"B+D,L,R,T",record,2023-01-22,0.22424339915618668
EGLC,2022-23,"B+D,L,R,T",record,2023-01-23,0.0961356761391291
EGLC,2022-23,"B+D,L,R,T",record,2023-01-24,-0.010431634959811033
EGLC,2022-23,"B+D,L,R,T",record,2023-01-25,-0.018957922240172773
EGLC,2022-23,"B+D,L,R,T",record,2023-01-26,1.093461410527266
EGLC,2022-23,"B+D,L,R,T",record,2023-01-27,1.0417971204733845
EGLC,2022-23,"B+D,L,R,T",record,2023-01-28,-0.484932759603431
EGLC,2022-23,"B+D,L,R,T",record,2023-01-29,0.34936993326269805
EGLC,2022-23,"B+D,L,R,T",record,2023-01-30,0.2735447754527065
EGLC,2022-23,"B+D,L,R,T",record,2023-01-31,1.4132295233762706
EGLC,2022-23,"B+D,L,R,T",record,2023-02-01,0.5549989668806441
EGLC,2022-23,"B+D,L,R,T",record,2023-02-02,0.0677770933957461
EGLC,2022-23,"B+D,L,R,T",record,2023-02-03,-0.15394800022714755
EGLC,2022-23,"B+D,L,R,T",record,2023-02-04,-0.659746073694057
EGLC,2022-23,"B+D,L,R,T",record,2023-02-05,0.514512472947889
EGLC,2022-23,"B+D,L,R,T",record,2023-02-06,-0.4757760664354818
EGLC,2022-23,"B+D,L,R,T",record,2023-02-07,-0.20105844350862312
EGLC,2022-23,"B+D,L,R,T",record,2023-02-08,-0.16132176411373622
EGLC,2022-23,"B+D,L,R,T",record,2023-02-09,0.15341329690003414
EGLC,2022-23,"B+D,L,R,T",record,2023-02-10,0.5462943842693915
EGLC,2022-23,"B+D,L,R,T",record,2023-02-11,-0.424022573714488
EGLC,2022-23,"B+D,L,R,T",record,2023-02-12,-0.5225256346055315
EGLC,2022-23,"B+D,L,R,T",record,2023-02-13,-0.612784639553275
EGLC,2022-23,"B+D,L,R,T",record,2023-02-14,-0.5656684168311584
EGLC,2022-23,"B+D,L,R,T",record,2023-02-15,-0.35451961029995394
EGLC,2022-23,"B+D,L,R,T",record,2023-02-16,1.1719518594541039
EGLC,2022-23,"B+D,L,R,T",record,2023-02-17,0.4980135467893507
EGLC,2022-23,"B+D,L,R,T",record,2023-02-18,1.5856681515872677
EGLC,2022-23,"B+D,L,R,T",record,2023-02-19,-0.11638186710546951
EGLC,2022-23,"B+D,L,R,T",record,2023-02-20,-0.441072935174714
EGLC,2022-23,"B+D,L,R,T",record,2023-02-21,0.35904115486316274
EGLC,2022-23,"B+D,L,R,T",record,2023-02-22,0.7752855316192867
EGLC,2022-23,"B+D,L,R,T",record,2023-02-23,1.0198538320617279
EGLC,2022-23,"B+D,L,R,T",record,2023-02-24,1.0351355627507082
EGLC,2022-23,"B+D,L,R,T",record,2023-02-25,0.626235604025627
EGLC,2022-23,"B+D,L,R,T",record,2023-02-26,0.06808952397934528
EGLC,2022-23,"B+D,L,R,T",record,2023-02-27,0.34978555629009567
EGLC,2022-23,"B+D,L,R,T",record,2023-02-28,1.0230404638894817
EGLC,2022-23,"B+D,L,R,T",record,2023-03-01,0.5903514118488526
EGLC,2022-23,"B+D,L,R,T",record,2023-03-02,-0.40176998138556924
EGLC,2022-23,"B+D,L,R,T",record,2023-03-03,0.6874073224537212
EGLC,2022-23,"B+D,L,R,T",record,2023-03-04,0.47509692818092175
EGLC,2022-23,"B+D,L,R,T",record,2023-03-05,0.58170550680373
EGLC,2022-23,"B+D,L,R,T",record,2023-03-06,1.1921626269005157
EGLC,2022-23,"B+D,L,R,T",record,2023-03-07,0.23970629403363533
EGLC,2022-23,"B+D,L,R,T",record,2023-03-08,0.9532848089494088
EGLC,2022-23,"B+D,L,R,T",record,2023-03-09,0.9100010286752684
EGLC,2022-23,"B+D,L,R,T",record,2023-03-10,1.0034776949436433
EGLC,2022-23,"B+D,L,R,T",record,2023-03-11,-0.0316741720120518
EGLC,2022-23,"B+D,L,R,T",record,2023-03-12,0.9850050546198763
EGLC,2022-23,"B+D,L,R,T",record,2023-03-13,1.037523868033352
EGLC,2022-23,"B+D,L,R,T",record,2023-03-14,0.27727982406316326
EGLC,2022-23,"B+D,L,R,T",record,2023-03-15,0.2037844455978832
EGLC,2022-23,"B+D,L,R,T",record,2023-03-16,0.4026870001866642
EGLC,2022-23,"B+D,L,R,T",record,2023-03-17,1.4888065295127515
EGLC,2022-23,"B+D,L,R,T",record,2023-03-18,1.2847854037451378
EGLC,2022-23,"B+D,L,R,T",record,2023-03-19,0.3958760956057906
EGLC,2022-23,"B+D,L,R,T",record,2023-03-20,1.5802310536533068
EGLC,2022-23,"B+D,L,R,T",record,2023-03-21,1.6155970197671339
EGLC,2022-23,"B+D,L,R,T",record,2023-03-22,0.5273162706953795
EGLC,2022-23,"B+D,L,R,T",record,2023-03-23,0.6024439773177914
EGLC,2022-23,"B+D,L,R,T",record,2023-03-24,0.33099823679581397
EGLC,2022-23,"B+D,L,R,T",record,2023-03-25,0.30670115520958097
EGLC,2022-23,"B+D,L,R,T",record,2023-03-26,0.9405454785700921
EGLC,2022-23,"B+D,L,R,T",record,2023-03-27,-0.9481999160065377
EGLC,2022-23,"B+D,L,R,T",record,2023-03-28,0.6286260834968928
EGLC,2022-23,"B+D,L,R,T",record,2023-03-29,1.4540420726293142
EGLC,2022-23,"B+D,L,R,T",record,2023-03-30,0.45141139688217513
EGLC,2022-23,"B+D,L,R,T",record,2023-03-31,1.3721277997817867
EGLC,2022-23,"B+D,L,R,T",record,2023-04-01,1.1008732014485303
EGLC,2022-23,"B+D,L,R,T",record,2023-04-02,-0.27065657397992315
EGLC,2022-23,"B+D,L,R,T",record,2023-04-03,-0.5606281442368917
EGLC,2022-23,"B+D,L,R,T",record,2023-04-04,-0.7871253899341141
EGLC,2022-23,"B+D,L,R,T",record,2023-04-05,-0.20821407319042687
EGLC,2022-23,"B+D,L,R,T",record,2023-04-06,0.33004310590185765
EGLC,2022-23,"B+D,L,R,T",record,2023-04-07,-1.0873146980946342
EGLC,2022-23,"B+D,L,R,T",record,2023-04-08,-0.11183651592320935
EGLC,2022-23,"B+D,L,R,T",record,2023-04-09,-0.4734016579276374
EGLC,2022-23,"B+D,L,R,T",record,2023-04-10,1.1392950938318995
EGLC,2022-23,"B+D,L,R,T",record,2023-04-11,0.1694384850826739
EGLC,2022-23,"B+D,L,R,T",record,2023-04-12,-0.15637210676041965
EGLC,2022-23,"B+D,L,R,T",record,2023-04-13,0.18960633277464015
EGLC,2022-23,"B+D,L,R,T",record,2023-04-14,0.35595107132082887
EGLC,2022-23,"B+D,L,R,T",record,2023-04-15,0.9297900157093688
EGLC,2022-23,"B+D,L,R,T",record,2023-04-16,0.1054648159030391
EGLC,2022-23,"B+D,L,R,T",record,2023-04-17,-0.7552059847934882
EGLC,2022-23,"B+D,L,R,T",record,2023-04-18,0.44988645041512454
EGLC,2022-23,"B+D,L,R,T",record,2023-04-19,0.12099557587247166
EGLC,2022-23,"B+D,L,R,T",record,2023-04-20,-0.9472312679396582
EGLC,2022-23,"B+D,L,R,T",record,2023-04-21,0.03279442117379661
EGLC,2022-23,"B+D,L,R,T",record,2023-04-22,-0.46067329713463795
EGLC,2022-23,"B+D,L,R,T",record,2023-04-23,0.18582577955341406
EGLC,2022-23,"B+D,L,R,T",record,2023-04-24,0.5571496520666652
EGLC,2022-23,"B+D,L,R,T",record,2023-04-25,-0.37956029511142314
EGLC,2022-23,"B+D,L,R,T",record,2023-04-26,-0.16931970695129592
EGLC,2022-23,"B+D,L,R,T",record,2023-04-27,-0.5793083915948439
EGLC,2022-23,"B+D,L,R,T",record,2023-04-28,0.09782657961331133
EGLC,2022-23,"B+D,L,R,T",record,2023-04-29,-0.6523670340613643
EGLC,2022-23,"B+D,L,R,T",record,2023-04-30,0.4367929285512368
EGLC,2022-23,"B+D,L,R,T",record,2023-05-01,0.33770631394990247
EGLC,2022-23,"B+D,L,R,T",record,2023-05-02,-0.052599214265336244
EGLC,2022-23,"B+D,L,R,T",record,2023-05-03,-0.586360473025742
EGLC,2022-23,"B+D,L,R,T",record,2023-05-04,0.3775273690986837
EGLC,2022-23,"B+D,L,R,T",record,2023-05-05,0.04613975379524306
EGLC,2022-23,"B+D,L,R,T",record,2023-05-06,1.928414807988716
EGLC,2022-23,"B+D,L,R,T",record,2023-05-07,-0.31604987714303273
EGLC,2022-23,"B+D,L,R,T",record,2023-05-08,1.6872840620085767
EGLC,2022-23,"B+D,L,R,T",record,2023-05-09,-0.2168465820207477
EGLC,2022-23,"B+D,L,R,T",record,2023-05-10,0.20110958991237946
EGLC,2022-23,"B+D,L,R,T",record,2023-05-11,-0.49128609467756085
EGLC,2022-23,"B+D,L,R,T",record,2023-05-12,0.9386172630204681
EGLC,2022-23,"B+D,L,R,T",record,2023-05-13,-0.3950536005937639
EGLC,2022-23,"B+D,L,R,T",record,2023-05-14,-0.033392510093338254
EGLC,2022-23,"B+D,L,R,T",record,2023-05-15,-0.16242421416097874
EGLC,2022-23,"B+D,L,R,T",record,2023-05-16,-0.8397998795662984
EGLC,2022-23,"B+D,L,R,T",record,2023-05-17,-0.17800309809460818
EGLC,2022-23,"B+D,L,R,T",record,2023-05-18,-1.0135884246161757
EGLC,2022-23,"B+D,L,R,T",record,2023-05-19,1.6388718894364733
EGLC,2022-23,"B+D,L,R,T",record,2023-05-20,-0.764257818991678
EGLC,2022-23,"B+D,L,R,T",record,2023-05-21,0.7912757203373052
EGLC,2022-23,"B+D,L,R,T",record,2023-05-22,0.07953869422032626
EGLC,2022-23,"B+D,L,R,T",record,2023-05-23,-0.19499970399896735
EGLC,2022-23,"B+D,L,R,T",record,2023-05-24,-0.7104135202609867
EGLC,2022-23,"B+D,L,R,T",record,2023-05-25,-1.0285131801278968
EGLC,2022-23,"B+D,L,R,T",record,2023-05-26,-0.0038970742678577194
EGLC,2022-23,"B+D,L,R,T",record,2023-05-27,-0.37761675055962446
EGLC,2022-23,"B+D,L,R,T",record,2023-05-28,0.12665496042365204
EGLC,2022-23,"B+D,L,R,T",record,2023-05-29,0.5022806527334586
EGLC,2022-23,"B+D,L,R,T",record,2023-05-30,0.179789088774657
EGLC,2022-23,"B+D,L,R,T",record,2023-05-31,-0.07720985784963161
EGLC,2022-23,"B+D,L,R,T",record,2023-06-01,-0.5418951543733931
EGLC,2022-23,"B+D,L,R,T",record,2023-06-02,0.30549419884502266
EGLC,2022-23,"B+D,L,R,T",record,2023-06-03,-0.833157485542195
EGLC,2022-23,"B+D,L,R,T",record,2023-06-04,0.3893784741435452
EGLC,2022-23,"B+D,L,R,T",record,2023-06-05,-0.2547579395917133
EGLC,2022-23,"B+D,L,R,T",record,2023-06-06,-0.7139672730547052
EGLC,2022-23,"B+D,L,R,T",record,2023-06-07,0.5412322209124131
EGLC,2022-23,"B+D,L,R,T",record,2023-06-08,0.18902379484578502
EGLC,2022-23,"B+D,L,R,T",record,2023-06-09,0.3650655565253621
EGLC,2022-23,"B+D,L,R,T",record,2023-06-10,-0.6043041529895299
EGLC,2022-23,"B+D,L,R,T",record,2023-06-12,-0.801178762655999
EGLC,2022-23,"B+D,L,R,T",record,2023-06-13,-0.046259750565188745
EGLC,2022-23,"B+D,L,R,T",record,2023-06-14,-0.667743719627012
EGLC,2022-23,"B+D,L,R,T",record,2023-06-15,-0.8782622002299345
EGLC,2022-23,"B+D,L,R,T",record,2023-06-16,-1.1174572382194006
EGLC,2022-23,"B+D,L,R,T",record,2023-06-17,0.3658191903918151
EGLC,2022-23,"B+D,L,R,T",record,2023-06-18,-0.4130991614467213
EGLC,2022-23,"B+D,L,R,T",record,2023-06-19,-1.8782410565814183
EGLC,2022-23,"B+D,L,R,T",record,2023-06-20,-0.6469033934200873
EGLC,2022-23,"B+D,L,R,T",record,2023-06-21,-1.4008528642597244
EGLC,2022-23,"B+D,L,R,T",record,2023-06-22,-1.2611182156266099
EGLC,2022-23,"B+D,L,R,T",record,2023-06-23,-1.7970227140758788
EGLC,2022-23,"B+D,L,R,T",record,2023-06-24,-1.3071282632898182
EGLC,2022-23,"B+D,L,R,T",record,2023-06-25,-1.429510323768016
EGLC,2022-23,"B+D,L,R,T",record,2023-06-26,-1.6229573792058223
EGLC,2022-23,"B+D,L,R,T",record,2023-06-27,-1.5469031463470964
EGLC,2022-23,"B+D,L,R,T",record,2023-06-28,0.1818307184109175
EGLC,2022-23,"B+D,L,R,T",record,2023-06-29,0.2652281475450904
EGLC,2022-23,"B+D,L,R,T",record,2023-06-30,-0.28225505455904915
EGLC,2022-23,"B+D,L,R,T",record,2023-07-01,-1.1887930706647107
EGLC,2022-23,"B+D,L,R,T",record,2023-07-02,-2.0751308222839464
EGLC,2022-23,"B+D,L,R,T",record,2023-07-03,-0.3518565558052378
EGLC,2022-23,"B+D,L,R,T",record,2023-07-04,-1.1335637334828892
EGLC,2022-23,"B+D,L,R,T",record,2023-07-05,-0.10926061210354429
EGLC,2022-23,"B+D,L,R,T",record,2023-07-06,-1.8461136437125734
EGLC,2022-23,"B+D,L,R,T",record,2023-07-07,-2.0261307916125473
EGLC,2022-23,"B+D,L,R,T",record,2023-07-08,-0.7105954419319382
EGLC,2022-23,"B+D,L,R,T",record,2023-07-09,0.9403134166519407
EGLC,2022-23,"B+D,L,R,T",record,2023-07-10,-1.7217328309408617
EGLC,2022-23,"B+D,L,R,T",record,2023-07-11,-1.1300240887830122
EGLC,2022-23,"B+D,L,R,T",record,2023-07-12,-1.5129250826836542
EGLC,2022-23,"B+D,L,R,T",record,2023-07-13,-1.4746997006087907
EGLC,2022-23,"B+D,L,R,T",record,2023-07-14,1.6422589847341884
EGLC,2022-23,"B+D,L,R,T",record,2023-07-15,-0.13329480653693723
EGLC,2022-23,"B+D,L,R,T",record,2023-07-16,-1.1784476361225509
EGLC,2022-23,"B+D,L,R,T",record,2023-07-17,-1.1924115536278883
EGLC,2022-23,"B+D,L,R,T",record,2023-07-18,-1.0752996104836543
EGLC,2022-23,"B+D,L,R,T",record,2023-07-19,-2.061643614160007
EGLC,2022-23,"B+D,L,R,T",record,2023-07-20,-1.317633945320741
EGLC,2022-23,"B+D,L,R,T",record,2023-07-21,-1.6916823322720347
EGLC,2022-23,"B+D,L,R,T",record,2023-07-22,0.8939255853146933
EGLC,2022-23,"B+D,L,R,T",record,2023-07-23,0.025606534454956406
EGLC,2022-23,"B+D,L,R,T",record,2023-07-24,2.09157478597422
EGLC,2022-23,"B+D,L,R,T",record,2023-07-25,-1.2476425248019898
EGLC,2022-23,"B+D,L,R,T",record,2023-07-26,-1.3234307381394033
EGLC,2022-23,"B+D,L,R,T",record,2023-07-27,1.9608986758929905
EGLC,2022-23,"B+D,L,R,T",record,2023-07-28,0.9700175110175037
EGLC,2022-23,"B+D,L,R,T",record,2023-07-29,-0.7949217259051661
EGLC,2022-23,"B+D,L,R,T",record,2023-07-30,-0.9321126782497228
EGLC,2022-23,"B+D,L,R,T",record,2023-07-31,0.4151994602641298
EGLC,2023-24,"B+D,L,R,T",record,2023-08-01,-1.4034180594377341
EGLC,2023-24,"B+D,L,R,T",record,2023-08-02,0.8775337189656719
EGLC,2023-24,"B+D,L,R,T",record,2023-08-03,-1.6348911515921511
EGLC,2023-24,"B+D,L,R,T",record,2023-08-04,0.5533184172277865
EGLC,2023-24,"B+D,L,R,T",record,2023-08-05,1.0863993204302709
EGLC,2023-24,"B+D,L,R,T",record,2023-08-06,-1.323494163404875
EGLC,2023-24,"B+D,L,R,T",record,2023-08-07,-2.013920281785132
EGLC,2023-24,"B+D,L,R,T",record,2023-08-08,1.4762982201367447
EGLC,2023-24,"B+D,L,R,T",record,2023-08-09,-1.3890908358183218
EGLC,2023-24,"B+D,L,R,T",record,2023-08-10,-1.9101291870924402
EGLC,2023-24,"B+D,L,R,T",record,2023-08-11,-0.9694399027260517
EGLC,2023-24,"B+D,L,R,T",record,2023-08-12,-0.49506204651496916
EGLC,2023-24,"B+D,L,R,T",record,2023-08-13,-0.7586099437070948
EGLC,2023-24,"B+D,L,R,T",record,2023-08-14,-0.0563432952123436
EGLC,2023-24,"B+D,L,R,T",record,2023-08-15,-1.6527970385264115
EGLC,2023-24,"B+D,L,R,T",record,2023-08-16,-2.6027966316023163
EGLC,2023-24,"B+D,L,R,T",record,2023-08-17,-1.6504754613510857
EGLC,2023-24,"B+D,L,R,T",record,2023-08-18,-0.42863303405598646
EGLC,2023-24,"B+D,L,R,T",record,2023-08-19,-1.7406488886059246
EGLC,2023-24,"B+D,L,R,T",record,2023-08-20,-2.3050952752797285
EGLC,2023-24,"B+D,L,R,T",record,2023-08-21,-2.253964754353892
EGLC,2023-24,"B+D,L,R,T",record,2023-08-22,-2.0992998652262167
EGLC,2023-24,"B+D,L,R,T",record,2023-08-23,-1.7996365423586993
EGLC,2023-24,"B+D,L,R,T",record,2023-08-24,-0.6075616373119609
EGLC,2023-24,"B+D,L,R,T",record,2023-08-25,-1.4991949748046705
EGLC,2023-24,"B+D,L,R,T",record,2023-08-26,-0.961483660395839
EGLC,2023-24,"B+D,L,R,T",record,2023-08-27,-0.6794574493582046
EGLC,2023-24,"B+D,L,R,T",record,2023-08-28,0.3249043988098792
EGLC,2023-24,"B+D,L,R,T",record,2023-08-29,-0.8261624089285553
EGLC,2023-24,"B+D,L,R,T",record,2023-08-30,-0.214717216944615
EGLC,2023-24,"B+D,L,R,T",record,2023-08-31,0.42568476152919454
EGLC,2023-24,"B+D,L,R,T",record,2023-09-01,-0.1742170594821214
EGLC,2023-24,"B+D,L,R,T",record,2023-09-02,-0.04099022162443419
EGLC,2023-24,"B+D,L,R,T",record,2023-09-03,-0.9653526940494027
EGLC,2023-24,"B+D,L,R,T",record,2023-09-04,-1.3110114704706328
EGLC,2023-24,"B+D,L,R,T",record,2023-09-05,-1.2731686792255081
EGLC,2023-24,"B+D,L,R,T",record,2023-09-06,-1.1559203453442668
EGLC,2023-24,"B+D,L,R,T",record,2023-09-07,-0.6967805901361492
EGLC,2023-24,"B+D,L,R,T",record,2023-09-08,-0.9439975624062337
EGLC,2023-24,"B+D,L,R,T",record,2023-09-09,-1.0448617450963682
EGLC,2023-24,"B+D,L,R,T",record,2023-09-10,-0.9549486829023923
EGLC,2023-24,"B+D,L,R,T",record,2023-09-11,-1.226177157299898
EGLC,2023-24,"B+D,L,R,T",record,2023-09-12,-0.7084601396513505
EGLC,2023-24,"B+D,L,R,T",record,2023-09-13,-0.712642241755553
EGLC,2023-24,"B+D,L,R,T",record,2023-09-14,-0.5593497240293273
EGLC,2023-24,"B+D,L,R,T",record,2023-09-15,-1.5546613926599946
EGLC,2023-24,"B+D,L,R,T",record,2023-09-16,-1.0137554888508098
EGLC,2023-24,"B+D,L,R,T",record,2023-09-17,-0.6749957610713944
EGLC,2023-24,"B+D,L,R,T",record,2023-09-18,0.2753613344874455
EGLC,2023-24,"B+D,L,R,T",record,2023-09-19,1.3209028246667467
EGLC,2023-24,"B+D,L,R,T",record,2023-09-20,-0.33564026082640785
EGLC,2023-24,"B+D,L,R,T",record,2023-09-21,0.07182668165478158
EGLC,2023-24,"B+D,L,R,T",record,2023-09-22,-0.51446838330779
EGLC,2023-24,"B+D,L,R,T",record,2023-09-23,-0.626959620410033
EGLC,2023-24,"B+D,L,R,T",record,2023-09-24,-0.24520897227492586
EGLC,2023-24,"B+D,L,R,T",record,2023-09-25,-1.0317920223508332
EGLC,2023-24,"B+D,L,R,T",record,2023-09-26,-0.10833579671344641
EGLC,2023-24,"B+D,L,R,T",record,2023-09-27,-0.7720511816782591
EGLC,2023-24,"B+D,L,R,T",record,2023-09-28,-0.18921562402178055
EGLC,2023-24,"B+D,L,R,T",record,2023-09-29,-0.8986581233125364
EGLC,2023-24,"B+D,L,R,T",record,2023-09-30,-0.9210105066889123
EGLC,2023-24,"B+D,L,R,T",record,2023-10-01,-0.6370636036266406
EGLC,2023-24,"B+D,L,R,T",record,2023-10-02,-1.0183999890064668
EGLC,2023-24,"B+D,L,R,T",record,2023-10-03,-0.8744093403014164
EGLC,2023-24,"B+D,L,R,T",record,2023-10-04,-0.19467015097096083
EGLC,2023-24,"B+D,L,R,T",record,2023-10-05,-0.6251021865074187
EGLC,2023-24,"B+D,L,R,T",record,2023-10-06,-1.0053512157352693
EGLC,2023-24,"B+D,L,R,T",record,2023-10-07,-0.6839236563497008
EGLC,2023-24,"B+D,L,R,T",record,2023-10-08,-0.8563359430591528
EGLC,2023-24,"B+D,L,R,T",record,2023-10-09,-1.0784428151632328
EGLC,2023-24,"B+D,L,R,T",record,2023-10-10,-1.2483738206154713
EGLC,2023-24,"B+D,L,R,T",record,2023-10-11,-0.11501336920548934
EGLC,2023-24,"B+D,L,R,T",record,2023-10-12,1.5036932899702744
EGLC,2023-24,"B+D,L,R,T",record,2023-10-13,0.8540067883173066
EGLC,2023-24,"B+D,L,R,T",record,2023-10-14,-0.32093826718843255
EGLC,2023-24,"B+D,L,R,T",record,2023-10-15,-0.6033190876297572
EGLC,2023-24,"B+D,L,R,T",record,2023-10-16,-0.3723864912034204
EGLC,2023-24,"B+D,L,R,T",record,2023-10-17,-0.5703151869245107
EGLC,2023-24,"B+D,L,R,T",record,2023-10-18,0.4414121777332518
EGLC,2023-24,"B+D,L,R,T",record,2023-10-19,0.10866232619700261
EGLC,2023-24,"B+D,L,R,T",record,2023-10-20,1.6807707369575542
EGLC,2023-24,"B+D,L,R,T",record,2023-10-21,1.9482545399753668
EGLC,2023-24,"B+D,L,R,T",record,2023-10-22,-0.4162960814946644
EGLC,2023-24,"B+D,L,R,T",record,2023-10-23,0.0260616493895931
EGLC,2023-24,"B+D,L,R,T",record,2023-10-24,-0.19982859246842632
EGLC,2023-24,"B+D,L,R,T",record,2023-10-25,-0.0252029759632999
EGLC,2023-24,"B+D,L,R,T",record,2023-10-26,-0.09255906131882977
EGLC,2023-24,"B+D,L,R,T",record,2023-10-27,1.4367627281264395
EGLC,2023-24,"B+D,L,R,T",record,2023-10-28,0.00448253269896671
EGLC,2023-24,"B+D,L,R,T",record,2023-10-29,0.5805225640099464
EGLC,2023-24,"B+D,L,R,T",record,2023-10-30,-0.11837385339559514
EGLC,2023-24,"B+D,L,R,T",record,2023-10-31,0.5078037307816068
EGLC,2023-24,"B+D,L,R,T",record,2023-11-01,0.6484938047207217
EGLC,2023-24,"B+D,L,R,T",record,2023-11-02,1.7167959449892964
EGLC,2023-24,"B+D,L,R,T",record,2023-11-03,0.7098609705984976
EGLC,2023-24,"B+D,L,R,T",record,2023-11-04,0.5384989707123649
EGLC,2023-24,"B+D,L,R,T",record,2023-11-05,0.49612626347913336
EGLC,2023-24,"B+D,L,R,T",record,2023-11-06,-0.15373942627389933
EGLC,2023-24,"B+D,L,R,T",record,2023-11-07,-0.12927075407478533
EGLC,2023-24,"B+D,L,R,T",record,2023-11-08,0.7697503183230673
EGLC,2023-24,"B+D,L,R,T",record,2023-11-09,0.4163647760299311
EGLC,2023-24,"B+D,L,R,T",record,2023-11-10,0.3525124539280293
EGLC,2023-24,"B+D,L,R,T",record,2023-11-11,-0.17743052162465406
EGLC,2023-24,"B+D,L,R,T",record,2023-11-12,0.597673809484607
EGLC,2023-24,"B+D,L,R,T",record,2023-11-13,0.6886854715821797
EGLC,2023-24,"B+D,L,R,T",record,2023-11-14,0.5327787437885931
EGLC,2023-24,"B+D,L,R,T",record,2023-11-15,0.1411044652601429
EGLC,2023-24,"B+D,L,R,T",record,2023-11-16,0.7062698110303047
EGLC,2023-24,"B+D,L,R,T",record,2023-11-17,0.18547468425556435
EGLC,2023-24,"B+D,L,R,T",record,2023-11-18,1.1538453755592675
EGLC,2023-24,"B+D,L,R,T",record,2023-11-19,0.7406702022124895
EGLC,2023-24,"B+D,L,R,T",record,2023-11-20,1.1753275624959356
EGLC,2023-24,"B+D,L,R,T",record,2023-11-21,1.1136500816145554
EGLC,2023-24,"B+D,L,R,T",record,2023-11-22,-0.37783873386267075
EGLC,2023-24,"B+D,L,R,T",record,2023-11-23,0.31031881066889144
EGLC,2023-24,"B+D,L,R,T",record,2023-11-24,0.5623233303230488
EGLC,2023-24,"B+D,L,R,T",record,2023-11-25,0.011022775882683664
EGLC,2023-24,"B+D,L,R,T",record,2023-11-26,-0.7301461587917035
EGLC,2023-24,"B+D,L,R,T",record,2023-11-27,0.9000120518498755
EGLC,2023-24,"B+D,L,R,T",record,2023-11-28,0.06442554344067315
EGLC,2023-24,"B+D,L,R,T",record,2023-11-29,-0.5579923127632983
EGLC,2023-24,"B+D,L,R,T",record,2023-11-30,0.3446370413266972
EGLC,2023-24,"B+D,L,R,T",record,2023-12-01,0.14629923279367443
EGLC,2023-24,"B+D,L,R,T",record,2023-12-02,0.018274808694543763
EGLC,2023-24,"B+D,L,R,T",record,2023-12-03,0.7011919729300239
EGLC,2023-24,"B+D,L,R,T",record,2023-12-04,0.3866978330660201
EGLC,2023-24,"B+D,L,R,T",record,2023-12-05,1.1099428323853846
EGLC,2023-24,"B+D,L,R,T",record,2023-12-06,-0.20838587448892593
EGLC,2023-24,"B+D,L,R,T",record,2023-12-07,-0.16381003958827434
EGLC,2023-24,"B+D,L,R,T",record,2023-12-08,0.5083403280031664
EGLC,2023-24,"B+D,L,R,T",record,2023-12-09,0.6332313930735183
EGLC,2023-24,"B+D,L,R,T",record,2023-12-10,0.5630596202272726
EGLC,2023-24,"B+D,L,R,T",record,2023-12-11,0.7079085045024393
EGLC,2023-24,"B+D,L,R,T",record,2023-12-12,0.878307498807636
EGLC,2023-24,"B+D,L,R,T",record,2023-12-13,0.8869903863618819
EGLC,2023-24,"B+D,L,R,T",record,2023-12-14,0.0901402046688145
EGLC,2023-24,"B+D,L,R,T",record,2023-12-15,-0.18411138393325616
EGLC,2023-24,"B+D,L,R,T",record,2023-12-16,0.8623904764570556
EGLC,2023-24,"B+D,L,R,T",record,2023-12-17,0.2675561115933935
EGLC,2023-24,"B+D,L,R,T",record,2023-12-18,1.2386753381832465
EGLC,2023-24,"B+D,L,R,T",record,2023-12-19,1.1916972294276764
EGLC,2023-24,"B+D,L,R,T",record,2023-12-20,-0.24170738047378085
EGLC,2023-24,"B+D,L,R,T",record,2023-12-21,1.0084843696100088
EGLC,2023-24,"B+D,L,R,T",record,2023-12-22,0.9533630491519565
EGLC,2023-24,"B+D,L,R,T",record,2023-12-23,0.8064312260737315
EGLC,2023-24,"B+D,L,R,T",record,2023-12-24,1.040371965143659
EGLC,2023-24,"B+D,L,R,T",record,2023-12-25,0.7682612414940779
EGLC,2023-24,"B+D,L,R,T",record,2023-12-26,0.24483068379943584
EGLC,2023-24,"B+D,L,R,T",record,2023-12-27,0.7509146561076164
EGLC,2023-24,"B+D,L,R,T",record,2023-12-28,0.6442396805552568
EGLC,2023-24,"B+D,L,R,T",record,2023-12-29,0.6309629547085982
EGLC,2023-24,"B+D,L,R,T",record,2023-12-30,0.6225079303224972
EGLC,2023-24,"B+D,L,R,T",record,2023-12-31,0.966564965087707
EGLC,2023-24,"B+D,L,R,T",record,2024-01-01,0.5771878059291919
EGLC,2023-24,"B+D,L,R,T",record,2024-01-02,0.740394365193271
EGLC,2023-24,"B+D,L,R,T",record,2024-01-03,1.2319877588510895
EGLC,2023-24,"B+D,L,R,T",record,2024-01-04,-0.19105320853363406
EGLC,2023-24,"B+D,L,R,T",record,2024-01-05,0.6701486773118627
EGLC,2023-24,"B+D,L,R,T",record,2024-01-06,0.6924559007777311
EGLC,2023-24,"B+D,L,R,T",record,2024-01-07,0.27871573136287875
EGLC,2023-24,"B+D,L,R,T",record,2024-01-08,0.5025643181704819
EGLC,2023-24,"B+D,L,R,T",record,2024-01-09,0.5304942805578519
EGLC,2023-24,"B+D,L,R,T",record,2024-01-10,0.39007617562944175
EGLC,2023-24,"B+D,L,R,T",record,2024-01-11,0.37556539141389855
EGLC,2023-24,"B+D,L,R,T",record,2024-01-12,-0.03904943705979208
EGLC,2023-24,"B+D,L,R,T",record,2024-01-13,-0.31822048510372614
EGLC,2023-24,"B+D,L,R,T",record,2024-01-14,0.017185637726905092
EGLC,2023-24,"B+D,L,R,T",record,2024-01-15,0.3895890807259503
EGLC,2023-24,"B+D,L,R,T",record,2024-01-16,0.021514373311465298
EGLC,2023-24,"B+D,L,R,T",record,2024-01-17,0.1799766865420065
EGLC,2023-24,"B+D,L,R,T",record,2024-01-18,0.39057609976194957
EGLC,2023-24,"B+D,L,R,T",record,2024-01-19,0.09100158082144635
EGLC,2023-24,"B+D,L,R,T",record,2024-01-20,0.10223578897875109
EGLC,2023-24,"B+D,L,R,T",record,2024-01-21,1.3742489608978006
EGLC,2023-24,"B+D,L,R,T",record,2024-01-22,0.6281718073159663
EGLC,2023-24,"B+D,L,R,T",record,2024-01-23,0.3055086182914294
EGLC,2023-24,"B+D,L,R,T",record,2024-01-24,0.6772147836356106
EGLC,2023-24,"B+D,L,R,T",record,2024-01-25,0.9614242491339292
EGLC,2023-24,"B+D,L,R,T",record,2024-01-26,0.32657863404723203
EGLC,2023-24,"B+D,L,R,T",record,2024-01-27,-0.4002740620833746
EGLC,2023-24,"B+D,L,R,T",record,2024-01-28,-0.14809062689035965
EGLC,2023-24,"B+D,L,R,T",record,2024-01-29,0.5746470269445811
EGLC,2023-24,"B+D,L,R,T",record,2024-01-30,0.5900112227369091
EGLC,2023-24,"B+D,L,R,T",record,2024-01-31,-0.3239208725739268
EGLC,2023-24,"B+D,L,R,T",record,2024-02-01,0.08012501335256408
EGLC,2023-24,"B+D,L,R,T",record,2024-02-02,0.9237627122415553
EGLC,2023-24,"B+D,L,R,T",record,2024-02-03,0.9668465171555385
EGLC,2023-24,"B+D,L,R,T",record,2024-02-04,1.1827799933270955
EGLC,2023-24,"B+D,L,R,T",record,2024-02-05,0.7466783163179503
EGLC,2023-24,"B+D,L,R,T",record,2024-02-06,0.9561657925270118
EGLC,2023-24,"B+D,L,R,T",record,2024-02-07,0.26870880083343784
EGLC,2023-24,"B+D,L,R,T",record,2024-02-08,0.19042051931220316
EGLC,2023-24,"B+D,L,R,T",record,2024-02-09,1.3023036410034599
EGLC,2023-24,"B+D,L,R,T",record,2024-02-10,0.41177397508994396
EGLC,2023-24,"B+D,L,R,T",record,2024-02-11,0.3189438519492581
EGLC,2023-24,"B+D,L,R,T",record,2024-02-12,0.4012085975814852
EGLC,2023-24,"B+D,L,R,T",record,2024-02-13,-0.2502997729676692
EGLC,2023-24,"B+D,L,R,T",record,2024-02-14,1.3863033913698155
EGLC,2023-24,"B+D,L,R,T",record,2024-02-15,0.5824290154684434
EGLC,2023-24,"B+D,L,R,T",record,2024-02-16,0.07979348127140622
EGLC,2023-24,"B+D,L,R,T",record,2024-02-17,1.3012555830756645
EGLC,2023-24,"B+D,L,R,T",record,2024-02-18,1.4391787865263619
EGLC,2023-24,"B+D,L,R,T",record,2024-02-19,-0.1533679771850574
EGLC,2023-24,"B+D,L,R,T",record,2024-02-20,-0.16790218963214598
EGLC,2023-24,"B+D,L,R,T",record,2024-02-21,0.7221815564853213
EGLC,2023-24,"B+D,L,R,T",record,2024-02-22,0.8066513390294073
EGLC,2023-24,"B+D,L,R,T",record,2024-02-23,-0.07012090340243535
EGLC,2023-24,"B+D,L,R,T",record,2024-02-24,-0.3972011592344299
EGLC,2023-24,"B+D,L,R,T",record,2024-02-25,-0.016807675828419986
EGLC,2023-24,"B+D,L,R,T",record,2024-02-26,0.6230110905740606
EGLC,2023-24,"B+D,L,R,T",record,2024-02-27,-0.46183000448396605
EGLC,2023-24,"B+D,L,R,T",record,2024-02-28,0.7036985406256131
EGLC,2023-24,"B+D,L,R,T",record,2024-02-29,0.6689364444289733
EGLC,2023-24,"B+D,L,R,T",record,2024-03-01,0.21880737654964222
EGLC,2023-24,"B+D,L,R,T",record,2024-03-02,1.1776311577531775
EGLC,2023-24,"B+D,L,R,T",record,2024-03-03,0.12370702272648729
EGLC,2023-24,"B+D,L,R,T",record,2024-03-04,0.08917913771627298
EGLC,2023-24,"B+D,L,R,T",record,2024-03-05,-0.021947729901622387
EGLC,2023-24,"B+D,L,R,T",record,2024-03-06,0.4081790111120083
EGLC,2023-24,"B+D,L,R,T",record,2024-03-07,0.2250304791864871
EGLC,2023-24,"B+D,L,R,T",record,2024-03-08,-0.12994117714694856
EGLC,2023-24,"B+D,L,R,T",record,2024-03-09,0.13328464442422247
EGLC,2023-24,"B+D,L,R,T",record,2024-03-10,0.8287950375208568
EGLC,2023-24,"B+D,L,R,T",record,2024-03-11,1.1396908090244784
EGLC,2023-24,"B+D,L,R,T",record,2024-03-12,1.2203651332358652
EGLC,2023-24,"B+D,L,R,T",record,2024-03-13,1.3633128429810657
EGLC,2023-24,"B+D,L,R,T",record,2024-03-14,-0.082012084113238
EGLC,2023-24,"B+D,L,R,T",record,2024-03-15,1.1319563873487275
EGLC,2023-24,"B+D,L,R,T",record,2024-03-16,-0.4381388778226327
EGLC,2023-24,"B+D,L,R,T",record,2024-03-17,1.7110432273457263
EGLC,2023-24,"B+D,L,R,T",record,2024-03-18,0.24699998871612525
EGLC,2023-24,"B+D,L,R,T",record,2024-03-19,0.5860816866337771
EGLC,2023-24,"B+D,L,R,T",record,2024-03-20,0.09098992315725637
EGLC,2023-24,"B+D,L,R,T",record,2024-03-21,0.4164736385331562
EGLC,2023-24,"B+D,L,R,T",record,2024-03-22,1.237371952746218
EGLC,2023-24,"B+D,L,R,T",record,2024-03-23,0.22453348452858352
EGLC,2023-24,"B+D,L,R,T",record,2024-03-24,0.8453736763121267
EGLC,2023-24,"B+D,L,R,T",record,2024-03-25,-0.05689868799769389
EGLC,2023-24,"B+D,L,R,T",record,2024-03-26,0.5738560121315442
EGLC,2023-24,"B+D,L,R,T",record,2024-03-27,1.0537555406634669
EGLC,2023-24,"B+D,L,R,T",record,2024-03-28,0.9190447218317923
EGLC,2023-24,"B+D,L,R,T",record,2024-03-29,0.8419092255838998
EGLC,2023-24,"B+D,L,R,T",record,2024-03-30,0.3504154575452812
EGLC,2023-24,"B+D,L,R,T",record,2024-03-31,0.692226218152092
EGLC,2023-24,"B+D,L,R,T",record,2024-04-01,0.2012265258224447
EGLC,2023-24,"B+D,L,R,T",record,2024-04-02,0.10005002608308312
EGLC,2023-24,"B+D,L,R,T",record,2024-04-03,0.7333156606610625
EGLC,2023-24,"B+D,L,R,T",record,2024-04-04,0.29189237270859053
EGLC,2023-24,"B+D,L,R,T",record,2024-04-05,0.5736745724177532
EGLC,2023-24,"B+D,L,R,T",record,2024-04-06,0.34636880905954204
EGLC,2023-24,"B+D,L,R,T",record,2024-04-07,0.8102253207600494
EGLC,2023-24,"B+D,L,R,T",record,2024-04-08,-0.29751169346738277
EGLC,2023-24,"B+D,L,R,T",record,2024-04-09,1.5334396227203633
EGLC,2023-24,"B+D,L,R,T",record,2024-04-10,-0.09172721130934881
EGLC,2023-24,"B+D,L,R,T",record,2024-04-11,0.6350725684004511
EGLC,2023-24,"B+D,L,R,T",record,2024-04-12,0.1930062618743913
EGLC,2023-24,"B+D,L,R,T",record,2024-04-13,0.01709643610413429
EGLC,2023-24,"B+D,L,R,T",record,2024-04-14,0.46931874476014385
EGLC,2023-24,"B+D,L,R,T",record,2024-04-15,0.2513266711507459
EGLC,2023-24,"B+D,L,R,T",record,2024-04-16,0.1596158135672609
EGLC,2023-24,"B+D,L,R,T",record,2024-04-17,0.13845680117355114
EGLC,2023-24,"B+D,L,R,T",record,2024-04-18,-0.7138536252785851
EGLC,2023-24,"B+D,L,R,T",record,2024-04-19,0.1868644961984518
EGLC,2023-24,"B+D,L,R,T",record,2024-04-20,-0.12941444454533083
EGLC,2023-24,"B+D,L,R,T",record,2024-04-21,-0.8292057677527873
EGLC,2023-24,"B+D,L,R,T",record,2024-04-22,0.14980382398916212
EGLC,2023-24,"B+D,L,R,T",record,2024-04-23,1.2566142267290752
EGLC,2023-24,"B+D,L,R,T",record,2024-04-24,-0.60883439745109
EGLC,2023-24,"B+D,L,R,T",record,2024-04-25,-0.20535685800826864
EGLC,2023-24,"B+D,L,R,T",record,2024-04-26,-1.3444378608924648
EGLC,2023-24,"B+D,L,R,T",record,2024-04-27,-0.6273291594393493
EGLC,2023-24,"B+D,L,R,T",record,2024-04-28,1.543974424937701
EGLC,2023-24,"B+D,L,R,T",record,2024-04-29,-0.20594035389594204
EGLC,2023-24,"B+D,L,R,T",record,2024-04-30,0.9533134295384396
EGLC,2023-24,"B+D,L,R,T",record,2024-05-01,-1.0165463088442948
EGLC,2023-24,"B+D,L,R,T",record,2024-05-02,0.49347206004525695
EGLC,2023-24,"B+D,L,R,T",record,2024-05-03,1.5948904052728
EGLC,2023-24,"B+D,L,R,T",record,2024-05-04,-1.1318338632987999
EGLC,2023-24,"B+D,L,R,T",record,2024-05-05,-0.03941797924274357
EGLC,2023-24,"B+D,L,R,T",record,2024-05-06,-0.10654329501705574
EGLC,2023-24,"B+D,L,R,T",record,2024-05-07,-1.4057450465680268
EGLC,2023-24,"B+D,L,R,T",record,2024-05-08,-1.2223200529935254
EGLC,2023-24,"B+D,L,R,T",record,2024-05-09,-0.48569527034198906
EGLC,2023-24,"B+D,L,R,T",record,2024-05-10,-0.7251429928122431
EGLC,2023-24,"B+D,L,R,T",record,2024-05-11,-0.630491723474773
EGLC,2023-24,"B+D,L,R,T",record,2024-05-12,-1.2554256645595991
EGLC,2023-24,"B+D,L,R,T",record,2024-05-13,-1.2236424924301712
EGLC,2023-24,"B+D,L,R,T",record,2024-05-14,0.8523122262332822
EGLC,2023-24,"B+D,L,R,T",record,2024-05-15,0.6223493784091628
EGLC,2023-24,"B+D,L,R,T",record,2024-05-16,0.5060326019622695
EGLC,2023-24,"B+D,L,R,T",record,2024-05-17,-0.3591750372229605
EGLC,2023-24,"B+D,L,R,T",record,2024-05-18,0.10005480855414198
EGLC,2023-24,"B+D,L,R,T",record,2024-05-19,-0.5214147584746478
EGLC,2023-24,"B+D,L,R,T",record,2024-05-20,-2.0318507979266
EGLC,2023-24,"B+D,L,R,T",record,2024-05-21,0.20437643218952253
EGLC,2023-24,"B+D,L,R,T",record,2024-05-22,0.8833298326272749
EGLC,2023-24,"B+D,L,R,T",record,2024-05-23,-0.07935013535996001
EGLC,2023-24,"B+D,L,R,T",record,2024-05-24,-0.8548847115460261
EGLC,2023-24,"B+D,L,R,T",record,2024-05-25,-1.6213292631138638
EGLC,2023-24,"B+D,L,R,T",record,2024-05-26,0.13080699615102123
EGLC,2023-24,"B+D,L,R,T",record,2024-05-27,-0.694949007711885
EGLC,2023-24,"B+D,L,R,T",record,2024-05-28,1.5127100556549364
EGLC,2023-24,"B+D,L,R,T",record,2024-05-29,0.234345028691218
EGLC,2023-24,"B+D,L,R,T",record,2024-05-30,0.8209151947790507
EGLC,2023-24,"B+D,L,R,T",record,2024-05-31,1.726766878181318
EGLC,2023-24,"B+D,L,R,T",record,2024-06-01,-0.35878250788690536
EGLC,2023-24,"B+D,L,R,T",record,2024-06-02,-0.7556509200964763
EGLC,2023-24,"B+D,L,R,T",record,2024-06-03,1.1569988185440443
EGLC,2023-24,"B+D,L,R,T",record,2024-06-04,-0.5971992747021817
EGLC,2023-24,"B+D,L,R,T",record,2024-06-05,-0.45352216053060235
EGLC,2023-24,"B+D,L,R,T",record,2024-06-06,-0.05097041736972729
EGLC,2023-24,"B+D,L,R,T",record,2024-06-07,-0.1452559724622424
EGLC,2023-24,"B+D,L,R,T",record,2024-06-08,0.9951052568978125
EGLC,2023-24,"B+D,L,R,T",record,2024-06-09,-0.8272524634521436
EGLC,2023-24,"B+D,L,R,T",record,2024-06-10,0.6901691848343455
EGLC,2023-24,"B+D,L,R,T",record,2024-06-11,-0.09938390402205106
EGLC,2023-24,"B+D,L,R,T",record,2024-06-12,-0.09693701976488213
EGLC,2023-24,"B+D,L,R,T",record,2024-06-13,0.3163619775789887
EGLC,2023-24,"B+D,L,R,T",record,2024-06-14,1.24083682278722
EGLC,2023-24,"B+D,L,R,T",record,2024-06-15,0.9679888816826747
EGLC,2023-24,"B+D,L,R,T",record,2024-06-16,-0.36880049822700733
EGLC,2023-24,"B+D,L,R,T",record,2024-06-17,-0.974415602275592
EGLC,2023-24,"B+D,L,R,T",record,2024-06-18,-0.6215000932629149
EGLC,2023-24,"B+D,L,R,T",record,2024-06-19,-0.7115872826755462
EGLC,2023-24,"B+D,L,R,T",record,2024-06-20,-1.4775538209476105
EGLC,2023-24,"B+D,L,R,T",record,2024-06-21,-1.2067975355427787
EGLC,2023-24,"B+D,L,R,T",record,2024-06-22,-0.6055386039988396
EGLC,2023-24,"B+D,L,R,T",record,2024-06-23,-1.0460936114856254
EGLC,2023-24,"B+D,L,R,T",record,2024-06-24,-0.49399262471904515
EGLC,2023-24,"B+D,L,R,T",record,2024-06-25,-1.1951020550141485
EGLC,2023-24,"B+D,L,R,T",record,2024-06-26,-0.9199850688549944
EGLC,2023-24,"B+D,L,R,T",record,2024-06-27,0.19211917571857587
EGLC,2023-24,"B+D,L,R,T",record,2024-06-28,-1.1473457732804984
EGLC,2023-24,"B+D,L,R,T",record,2024-06-29,-1.1758207322621308
EGLC,2023-24,"B+D,L,R,T",record,2024-06-30,-1.124567575722152
EGLC,2023-24,"B+D,L,R,T",record,2024-07-01,-0.8867223693812396
EGLC,2023-24,"B+D,L,R,T",record,2024-07-02,0.9278852176145046
EGLC,2023-24,"B+D,L,R,T",record,2024-07-03,1.275541953906705
EGLC,2023-24,"B+D,L,R,T",record,2024-07-04,-1.2163631607658938
EGLC,2023-24,"B+D,L,R,T",record,2024-07-05,1.598286610278176
EGLC,2023-24,"B+D,L,R,T",record,2024-07-06,-0.2673034948719036
EGLC,2023-24,"B+D,L,R,T",record,2024-07-07,1.108295659473423
EGLC,2023-24,"B+D,L,R,T",record,2024-07-08,0.906297653930078
EGLC,2023-24,"B+D,L,R,T",record,2024-07-09,1.0754729543184753
EGLC,2023-24,"B+D,L,R,T",record,2024-07-10,-0.008795251812381038
EGLC,2023-24,"B+D,L,R,T",record,2024-07-11,-1.9704266180133245
EGLC,2023-24,"B+D,L,R,T",record,2024-07-12,-0.2569207621523661
EGLC,2023-24,"B+D,L,R,T",record,2024-07-13,0.7146129405360339
EGLC,2023-24,"B+D,L,R,T",record,2024-07-14,-0.7483184240297422
EGLC,2023-24,"B+D,L,R,T",record,2024-07-15,0.5652676912848962
EGLC,2023-24,"B+D,L,R,T",record,2024-07-16,1.028086015285921
EGLC,2023-24,"B+D,L,R,T",record,2024-07-17,-1.1331652272036794
EGLC,2023-24,"B+D,L,R,T",record,2024-07-18,-1.4551910505776249
EGLC,2023-24,"B+D,L,R,T",record,2024-07-19,-2.0721043846788683
EGLC,2023-24,"B+D,L,R,T",record,2024-07-20,0.35897958465964225
EGLC,2023-24,"B+D,L,R,T",record,2024-07-21,-0.29579934358621174
EGLC,2023-24,"B+D,L,R,T",record,2024-07-22,0.3370360693337939
EGLC,2023-24,"B+D,L,R,T",record,2024-07-23,-0.2830639705290046
EGLC,2023-24,"B+D,L,R,T",record,2024-07-24,0.24697022103588845
EGLC,2023-24,"B+D,L,R,T",record,2024-07-25,1.706442646194657
EGLC,2023-24,"B+D,L,R,T",record,2024-07-26,-1.6675235308053722
EGLC,2023-24,"B+D,L,R,T",record,2024-07-27,-1.591258335809725
EGLC,2023-24,"B+D,L,R,T",record,2024-07-28,-1.4569673139479244
EGLC,2023-24,"B+D,L,R,T",record,2024-07-29,-1.0409315690505445
EGLC,2023-24,"B+D,L,R,T",record,2024-07-30,-1.7240072313040922
EGLC,2023-24,"B+D,L,R,T",record,2024-07-31,-2.101119041496826
LFPG,2022-23,"B+D,L,R,T",record,2022-08-01,-1.2700279249399746
LFPG,2022-23,"B+D,L,R,T",record,2022-08-02,-1.0480192573902611
LFPG,2022-23,"B+D,L,R,T",record,2022-08-03,-1.24915580185106
LFPG,2022-23,"B+D,L,R,T",record,2022-08-04,-1.607457172246812
LFPG,2022-23,"B+D,L,R,T",record,2022-08-05,-1.1706920491480803
LFPG,2022-23,"B+D,L,R,T",record,2022-08-06,-1.3257555202101277
LFPG,2022-23,"B+D,L,R,T",record,2022-08-07,-1.3890135712606153
LFPG,2022-23,"B+D,L,R,T",record,2022-08-08,-1.356258175679941
LFPG,2022-23,"B+D,L,R,T",record,2022-08-09,-1.3547815615883336
LFPG,2022-23,"B+D,L,R,T",record,2022-08-10,-1.2621514103556235
LFPG,2022-23,"B+D,L,R,T",record,2022-08-11,-1.1721177026969787
LFPG,2022-23,"B+D,L,R,T",record,2022-08-12,-1.2960093601220848
LFPG,2022-23,"B+D,L,R,T",record,2022-08-13,-1.2758434517822008
LFPG,2022-23,"B+D,L,R,T",record,2022-08-14,-1.3757276349594942
LFPG,2022-23,"B+D,L,R,T",record,2022-08-15,-0.6901350392247114
LFPG,2022-23,"B+D,L,R,T",record,2022-08-16,-1.3968130488097654
LFPG,2022-23,"B+D,L,R,T",record,2022-08-17,-0.940577201692112
LFPG,2022-23,"B+D,L,R,T",record,2022-08-18,-1.258897525797305
LFPG,2022-23,"B+D,L,R,T",record,2022-08-19,-1.0715281558969783
LFPG,2022-23,"B+D,L,R,T",record,2022-08-20,-1.2018079212123778
LFPG,2022-23,"B+D,L,R,T",record,2022-08-21,-1.4813845902804599
LFPG,2022-23,"B+D,L,R,T",record,2022-08-22,-0.9044901057300554
LFPG,2022-23,"B+D,L,R,T",record,2022-08-23,-1.2416063384283569
LFPG,2022-23,"B+D,L,R,T",record,2022-08-24,-1.1383492088606906
LFPG,2022-23,"B+D,L,R,T",record,2022-08-25,-1.4598634345373462
LFPG,2022-23,"B+D,L,R,T",record,2022-08-26,-1.3443008145874324
LFPG,2022-23,"B+D,L,R,T",record,2022-08-27,-1.346932012091742
LFPG,2022-23,"B+D,L,R,T",record,2022-08-28,-1.2162866442985774
LFPG,2022-23,"B+D,L,R,T",record,2022-08-29,-1.388539979093215
LFPG,2022-23,"B+D,L,R,T",record,2022-08-30,-0.8246899530705482
LFPG,2022-23,"B+D,L,R,T",record,2022-08-31,-1.3629542733414852
LFPG,2022-23,"B+D,L,R,T",record,2022-09-01,-1.5860106266631733
LFPG,2022-23,"B+D,L,R,T",record,2022-09-02,0.038056999835353246
LFPG,2022-23,"B+D,L,R,T",record,2022-09-03,-0.8097403131267125
LFPG,2022-23,"B+D,L,R,T",record,2022-09-04,-1.0792258570177353
LFPG,2022-23,"B+D,L,R,T",record,2022-09-05,-1.5012130013347214
LFPG,2022-23,"B+D,L,R,T",record,2022-09-06,-1.3647031060939676
LFPG,2022-23,"B+D,L,R,T",record,2022-09-07,-0.8566694675479811
LFPG,2022-23,"B+D,L,R,T",record,2022-09-08,-0.23850830817028887
LFPG,2022-23,"B+D,L,R,T",record,2022-09-09,0.1939733018209448
LFPG,2022-23,"B+D,L,R,T",record,2022-09-10,-0.004161849699799828
LFPG,2022-23,"B+D,L,R,T",record,2022-09-11,-0.4372473457110603
LFPG,2022-23,"B+D,L,R,T",record,2022-09-12,-1.0821267924962945
LFPG,2022-23,"B+D,L,R,T",record,2022-09-13,-0.23787226697965225
LFPG,2022-23,"B+D,L,R,T",record,2022-09-14,-1.0079950697593492
LFPG,2022-23,"B+D,L,R,T",record,2022-09-15,-0.5377187275344293
LFPG,2022-23,"B+D,L,R,T",record,2022-09-16,0.19415516062548013
LFPG,2022-23,"B+D,L,R,T",record,2022-09-17,-0.8971901166080269
LFPG,2022-23,"B+D,L,R,T",record,2022-09-18,-0.9297593468559732
LFPG,2022-23,"B+D,L,R,T",record,2022-09-19,-1.0166300513093338
LFPG,2022-23,"B+D,L,R,T",record,2022-09-20,-1.0207188025451206
LFPG,2022-23,"B+D,L,R,T",record,2022-09-21,-0.5861106703962872
LFPG,2022-23,"B+D,L,R,T",record,2022-09-22,-0.8682935216928003
LFPG,2022-23,"B+D,L,R,T",record,2022-09-23,-0.6701975895616674
LFPG,2022-23,"B+D,L,R,T",record,2022-09-24,0.6378251576761627
LFPG,2022-23,"B+D,L,R,T",record,2022-09-25,-1.2736731728216435
LFPG,2022-23,"B+D,L,R,T",record,2022-09-26,-0.13069232640553038
LFPG,2022-23,"B+D,L,R,T",record,2022-09-27,0.22360595644052528
LFPG,2022-23,"B+D,L,R,T",record,2022-09-28,-0.2920324697117298
LFPG,2022-23,"B+D,L,R,T",record,2022-09-29,0.38606558110851197
LFPG,2022-23,"B+D,L,R,T",record,2022-09-30,-1.2046210580509968
LFPG,2022-23,"B+D,L,R,T",record,2022-10-01,-0.6914838067550336
LFPG,2022-23,"B+D,L,R,T",record,2022-10-02,0.7507919672080914
LFPG,2022-23,"B+D,L,R,T",record,2022-10-03,-0.06945984949487397
LFPG,2022-23,"B+D,L,R,T",record,2022-10-04,-0.7738602020468482
LFPG,2022-23,"B+D,L,R,T",record,2022-10-05,-1.1649140337184039
LFPG,2022-23,"B+D,L,R,T",record,2022-10-06,-0.17161264728081474
LFPG,2022-23,"B+D,L,R,T",record,2022-10-07,-0.6975494168922165
LFPG,2022-23,"B+D,L,R,T",record,2022-10-08,-1.0916897362322873
LFPG,2022-23,"B+D,L,R,T",record,2022-10-09,-1.3085016454898268
LFPG,2022-23,"B+D,L,R,T",record,2022-10-10,-0.3616090065322781
LFPG,2022-23,"B+D,L,R,T",record,2022-10-11,-0.875001294291589
LFPG,2022-23,"B+D,L,R,T",record,2022-10-12,-0.5350843316014513
LFPG,2022-23,"B+D,L,R,T",record,2022-10-13,0.5215683500909026
LFPG,2022-23,"B+D,L,R,T",record,2022-10-14,0.9278358596498326
LFPG,2022-23,"B+D,L,R,T",record,2022-10-15,0.39879191539779113
LFPG,2022-23,"B+D,L,R,T",record,2022-10-16,0.8057120696484134
LFPG,2022-23,"B+D,L,R,T",record,2022-10-17,1.0428410246995994
LFPG,2022-23,"B+D,L,R,T",record,2022-10-18,0.22253896471900914
LFPG,2022-23,"B+D,L,R,T",record,2022-10-19,-0.5587073752155297
LFPG,2022-23,"B+D,L,R,T",record,2022-10-20,-1.0489553358635773
LFPG,2022-23,"B+D,L,R,T",record,2022-10-21,-0.5942287189045005
LFPG,2022-23,"B+D,L,R,T",record,2022-10-22,-0.47433762341491226
LFPG,2022-23,"B+D,L,R,T",record,2022-10-23,-0.5497015189060649
LFPG,2022-23,"B+D,L,R,T",record,2022-10-24,-0.28829104943827544
LFPG,2022-23,"B+D,L,R,T",record,2022-10-25,-0.9197953809485861
LFPG,2022-23,"B+D,L,R,T",record,2022-10-26,-0.37469209543902127
LFPG,2022-23,"B+D,L,R,T",record,2022-10-27,-0.4444084705982764
LFPG,2022-23,"B+D,L,R,T",record,2022-10-28,-0.3534539061181694
LFPG,2022-23,"B+D,L,R,T",record,2022-10-29,-1.532918165683773
LFPG,2022-23,"B+D,L,R,T",record,2022-10-30,-0.2563025438327482
LFPG,2022-23,"B+D,L,R,T",record,2022-10-31,-0.4808889183776814
LFPG,2022-23,"B+D,L,R,T",record,2022-11-01,-0.29437996564384533
LFPG,2022-23,"B+D,L,R,T",record,2022-11-02,-0.2444364354911325
LFPG,2022-23,"B+D,L,R,T",record,2022-11-03,-0.3608077347274015
LFPG,2022-23,"B+D,L,R,T",record,2022-11-04,0.29953165141119475
LFPG,2022-23,"B+D,L,R,T",record,2022-11-05,0.1047549521897011
LFPG,2022-23,"B+D,L,R,T",record,2022-11-06,-0.16481842749356482
LFPG,2022-23,"B+D,L,R,T",record,2022-11-07,0.2574600307674373
LFPG,2022-23,"B+D,L,R,T",record,2022-11-08,-0.09147793260451402
LFPG,2022-23,"B+D,L,R,T",record,2022-11-09,-0.041595689082965986
LFPG,2022-23,"B+D,L,R,T",record,2022-11-10,-0.5016222235941966
LFPG,2022-23,"B+D,L,R,T",record,2022-11-11,-0.931893877954002
LFPG,2022-23,"B+D,L,R,T",record,2022-11-12,-0.5441958639909996
LFPG,2022-23,"B+D,L,R,T",record,2022-11-13,-0.6332042436661712
LFPG,2022-23,"B+D,L,R,T",record,2022-11-14,-0.8535670330716967
LFPG,2022-23,"B+D,L,R,T",record,2022-11-15,0.035525790614767634
LFPG,2022-23,"B+D,L,R,T",record,2022-11-16,0.06517358437937862
LFPG,2022-23,"B+D,L,R,T",record,2022-11-17,0.0546617077796536
LFPG,2022-23,"B+D,L,R,T",record,2022-11-18,-0.00599937127231913
LFPG,2022-23,"B+D,L,R,T",record,2022-11-19,-0.2322920411633275
LFPG,2022-23,"B+D,L,R,T",record,2022-11-20,-0.03037446355862766
LFPG,2022-23,"B+D,L,R,T",record,2022-11-21,-0.32477642003155016
LFPG,2022-23,"B+D,L,R,T",record,2022-11-22,0.3140185821167284
LFPG,2022-23,"B+D,L,R,T",record,2022-11-23,0.5216794979313201
LFPG,2022-23,"B+D,L,R,T",record,2022-11-24,0.25385583554524804
LFPG,2022-23,"B+D,L,R,T",record,2022-11-25,-0.004825132271031905
LFPG,2022-23,"B+D,L,R,T",record,2022-11-26,-0.21285369558182876
LFPG,2022-23,"B+D,L,R,T",record,2022-11-27,-0.8250757284563637
LFPG,2022-23,"B+D,L,R,T",record,2022-11-28,0.1677893570050597
LFPG,2022-23,"B+D,L,R,T",record,2022-11-29,0.2783548724741129
LFPG,2022-23,"B+D,L,R,T",record,2022-11-30,0.050464980783345284
LFPG,2022-23,"B+D,L,R,T",record,2022-12-01,0.46371767517239254
LFPG,2022-23,"B+D,L,R,T",record,2022-12-02,-0.2671318147811411
LFPG,2022-23,"B+D,L,R,T",record,2022-12-03,-0.5594376744922426
LFPG,2022-23,"B+D,L,R,T",record,2022-12-04,0.06335440555721869
LFPG,2022-23,"B+D,L,R,T",record,2022-12-05,0.13091182895713446
LFPG,2022-23,"B+D,L,R,T",record,2022-12-06,0.40890012508860585
LFPG,2022-23,"B+D,L,R,T",record,2022-12-07,0.1987647205227761
LFPG,2022-23,"B+D,L,R,T",record,2022-12-08,0.26535376121001103
LFPG,2022-23,"B+D,L,R,T",record,2022-12-09,-0.06673380899762364
LFPG,2022-23,"B+D,L,R,T",record,2022-12-10,-0.11696286264903676
LFPG,2022-23,"B+D,L,R,T",record,2022-12-11,-0.2821865143300022
LFPG,2022-23,"B+D,L,R,T",record,2022-12-12,-0.13154293477362702
LFPG,2022-23,"B+D,L,R,T",record,2022-12-13,-1.0872998725634702
LFPG,2022-23,"B+D,L,R,T",record,2022-12-14,0.3556814639231369
LFPG,2022-23,"B+D,L,R,T",record,2022-12-15,-1.075345356928722
LFPG,2022-23,"B+D,L,R,T",record,2022-12-16,-0.29765091868232896
LFPG,2022-23,"B+D,L,R,T",record,2022-12-17,-1.0707314949822657
LFPG,2022-23,"B+D,L,R,T",record,2022-12-18,-1.5845332465424729
LFPG,2022-23,"B+D,L,R,T",record,2022-12-19,0.2220267515815763
LFPG,2022-23,"B+D,L,R,T",record,2022-12-20,-0.006202573062795876
LFPG,2022-23,"B+D,L,R,T",record,2022-12-21,0.3844915457083532
LFPG,2022-23,"B+D,L,R,T",record,2022-12-22,1.2273600028152387
LFPG,2022-23,"B+D,L,R,T",record,2022-12-23,0.7829988495648912
LFPG,2022-23,"B+D,L,R,T",record,2022-12-24,0.5548973955544227
LFPG,2022-23,"B+D,L,R,T",record,2022-12-25,0.02443300543821133
LFPG,2022-23,"B+D,L,R,T",record,2022-12-26,1.3263353005692742
LFPG,2022-23,"B+D,L,R,T",record,2022-12-27,0.7241063605625262
LFPG,2022-23,"B+D,L,R,T",record,2022-12-28,0.9202291066150907
LFPG,2022-23,"B+D,L,R,T",record,2022-12-29,0.9566348552086359
LFPG,2022-23,"B+D,L,R,T",record,2022-12-30,0.7674841307081367
LFPG,2022-23,"B+D,L,R,T",record,2022-12-31,0.5342786988240896
LFPG,2022-23,"B+D,L,R,T",record,2023-01-01,1.1674180366512157
LFPG,2022-23,"B+D,L,R,T",record,2023-01-02,1.2947450246917933
LFPG,2022-23,"B+D,L,R,T",record,2023-01-03,0.8617810093638062
LFPG,2022-23,"B+D,L,R,T",record,2023-01-04,0.9945683058465551
LFPG,2022-23,"B+D,L,R,T",record,2023-01-05,1.0338266654269999
LFPG,2022-23,"B+D,L,R,T",record,2023-01-06,1.057002257634724
LFPG,2022-23,"B+D,L,R,T",record,2023-01-07,-0.06360280443714254
LFPG,2022-23,"B+D,L,R,T",record,2023-01-08,0.39285924000297523
LFPG,2022-23,"B+D,L,R,T",record,2023-01-09,1.3214846003643679
LFPG,2022-23,"B+D,L,R,T",record,2023-01-10,0.2266353660340264
LFPG,2022-23,"B+D,L,R,T",record,2023-01-11,0.7802439844572081
LFPG,2022-23,"B+D,L,R,T",record,2023-01-12,1.0275302838310532
LFPG,2022-23,"B+D,L,R,T",record,2023-01-13,1.1111033159723371
LFPG,2022-23,"B+D,L,R,T",record,2023-01-14,0.995492936547789
LFPG,2022-23,"B+D,L,R,T",record,2023-01-15,0.40104073424145514
LFPG,2022-23,"B+D,L,R,T",record,2023-01-16,0.7493022994300045
LFPG,2022-23,"B+D,L,R,T",record,2023-01-17,-0.017499997616539503
LFPG,2022-23,"B+D,L,R,T",record,2023-01-18,0.04124254329021645
LFPG,2022-23,"B+D,L,R,T",record,2023-01-19,-0.05253777553746245
LFPG,2022-23,"B+D,L,R,T",record,2023-01-20,0.006825036176328085
LFPG,2022-23,"B+D,L,R,T",record,2023-01-21,0.23939646414142435
LFPG,2022-23,"B+D,L,R,T",record,2023-01-22,0.06061248652468968
LFPG,2022-23,"B+D,L,R,T",record,2023-01-23,-0.8120077314001545
LFPG,2022-23,"B+D,L,R,T",record,2023-01-24,-1.1989997791621172
LFPG,2022-23,"B+D,L,R,T",record,2023-01-25,-0.8517756647928167
LFPG,2022-23,"B+D,L,R,T",record,2023-01-26,0.29382049898826246
LFPG,2022-23,"B+D,L,R,T",record,2023-01-27,-0.07086764020911114
LFPG,2022-23,"B+D,L,R,T",record,2023-01-28,0.18126238453515098
LFPG,2022-23,"B+D,L,R,T",record,2023-01-29,0.0030673604254423613
LFPG,2022-23,"B+D,L,R,T",record,2023-01-30,0.5723982811293395
LFPG,2022-23,"B+D,L,R,T",record,2023-01-31,-0.06770277441637507
LFPG,2022-23,"B+D,L,R,T",record,2023-02-01,1.1709170711451868
LFPG,2022-23,"B+D,L,R,T",record,2023-02-02,0.6833564099741639
LFPG,2022-23,"B+D,L,R,T",record,2023-02-03,1.2616002910017075
LFPG,2022-23,"B+D,L,R,T",record,2023-02-04,1.0703929594844759
LFPG,2022-23,"B+D,L,R,T",record,2023-02-05,1.00460462229636
LFPG,2022-23,"B+D,L,R,T",record,2023-02-06,0.5539326195779498
LFPG,2022-23,"B+D,L,R,T",record,2023-02-07,-0.0432858894585543
LFPG,2022-23,"B+D,L,R,T",record,2023-02-08,0.30795472498816484
LFPG,2022-23,"B+D,L,R,T",record,2023-02-09,0.6700967657745289
LFPG,2022-23,"B+D,L,R,T",record,2023-02-10,0.8002862292335391
LFPG,2022-23,"B+D,L,R,T",record,2023-02-11,0.15728118852189046
LFPG,2022-23,"B+D,L,R,T",record,2023-02-12,0.5562591554653303
LFPG,2022-23,"B+D,L,R,T",record,2023-02-13,0.7019399619157669
LFPG,2022-23,"B+D,L,R,T",record,2023-02-14,0.06797611299404366
LFPG,2022-23,"B+D,L,R,T",record,2023-02-15,0.9806029310937652
LFPG,2022-23,"B+D,L,R,T",record,2023-02-16,0.8690874317747815
LFPG,2022-23,"B+D,L,R,T",record,2023-02-17,1.237125920917053
LFPG,2022-23,"B+D,L,R,T",record,2023-02-18,1.318894806395772
LFPG,2022-23,"B+D,L,R,T",record,2023-02-19,1.4569511269749522
LFPG,2022-23,"B+D,L,R,T",record,2023-02-20,0.7777496490825585
LFPG,2022-23,"B+D,L,R,T",record,2023-02-21,0.7814849226612207
LFPG,2022-23,"B+D,L,R,T",record,2023-02-22,1.1340900838490295
LFPG,2022-23,"B+D,L,R,T",record,2023-02-23,0.9104896819788565
LFPG,2022-23,"B+D,L,R,T",record,2023-02-24,0.24076716694504288
LFPG,2022-23,"B+D,L,R,T",record,2023-02-25,0.31197396073917105
LFPG,2022-23,"B+D,L,R,T",record,2023-02-26,-0.21324053624773853
LFPG,2022-23,"B+D,L,R,T",record,2023-02-27,-0.0032041491106236672
LFPG,2022-23,"B+D,L,R,T",record,2023-02-28,-0.11548269314992327
LFPG,2022-23,"B+D,L,R,T",record,2023-03-01,0.3503496720739248
LFPG,2022-23,"B+D,L,R,T",record,2023-03-02,0.2413905461606668
LFPG,2022-23,"B+D,L,R,T",record,2023-03-03,-0.12148466679973811
LFPG,2022-23,"B+D,L,R,T",record,2023-03-04,0.4263312391236882
LFPG,2022-23,"B+D,L,R,T",record,2023-03-05,0.5099242653223153
LFPG,2022-23,"B+D,L,R,T",record,2023-03-06,0.5448955124800472
LFPG,2022-23,"B+D,L,R,T",record,2023-03-07,1.0865281012828485
LFPG,2022-23,"B+D,L,R,T",record,2023-03-08,0.6844776703214348
LFPG,2022-23,"B+D,L,R,T",record,2023-03-09,1.0634448303301627
LFPG,2022-23,"B+D,L,R,T",record,2023-03-10,1.1465054097448455
LFPG,2022-23,"B+D,L,R,T",record,2023-03-11,0.7761459561372634
LFPG,2022-23,"B+D,L,R,T",record,2023-03-12,0.30475122326203596
LFPG,2022-23,"B+D,L,R,T",record,2023-03-13,1.3194140310048459
LFPG,2022-23,"B+D,L,R,T",record,2023-03-14,0.7107311706588182
LFPG,2022-23,"B+D,L,R,T",record,2023-03-15,0.9657275217726177
LFPG,2022-23,"B+D,L,R,T",record,2023-03-16,0.6655896275366656
LFPG,2022-23,"B+D,L,R,T",record,2023-03-17,1.156693821335037
LFPG,2022-23,"B+D,L,R,T",record,2023-03-18,0.059924699058975045
LFPG,2022-23,"B+D,L,R,T",record,2023-03-19,1.6364377066648377
LFPG,2022-23,"B+D,L,R,T",record,2023-03-20,1.036917462336266
LFPG,2022-23,"B+D,L,R,T",record,2023-03-21,1.1909805450811266
LFPG,2022-23,"B+D,L,R,T",record,2023-03-22,1.2245079947795887
LFPG,2022-23,"B+D,L,R,T",record,2023-03-23,0.995093314204735
LFPG,2022-23,"B+D,L,R,T",record,2023-03-24,0.9522885156441266
LFPG,2022-23,"B+D,L,R,T",record,2023-03-25,0.5965943493977904
LFPG,2022-23,"B+D,L,R,T",record,2023-03-26,0.1821924314055801
LFPG,2022-23,"B+D,L,R,T",record,2023-03-27,0.5805022098706937
LFPG,2022-23,"B+D,L,R,T",record,2023-03-28,0.3557931632843986
LFPG,2022-23,"B+D,L,R,T",record,2023-03-29,0.9324195951763355
LFPG,2022-23,"B+D,L,R,T",record,2023-03-30,1.415637240438904
LFPG,2022-23,"B+D,L,R,T",record,2023-03-31,0.8298636331550824
LFPG,2022-23,"B+D,L,R,T",record,2023-04-01,0.8266039193904909
LFPG,2022-23,"B+D,L,R,T",record,2023-04-02,1.174640348261041
LFPG,2022-23,"B+D,L,R,T",record,2023-04-03,0.4297881567589758
LFPG,2022-23,"B+D,L,R,T",record,2023-04-04,0.24677273757067164
LFPG,2022-23,"B+D,L,R,T",record,2023-04-05,0.8775379211378943
LFPG,2022-23,"B+D,L,R,T",record,2023-04-06,0.9844716033028617
LFPG,2022-23,"B+D,L,R,T",record,2023-04-07,-0.03770683881390323
LFPG,2022-23,"B+D,L,R,T",record,2023-04-08,0.43997525374459556
LFPG,2022-23,"B+D,L,R,T",record,2023-04-09,0.640980744246159
LFPG,2022-23,"B+D,L,R,T",record,2023-04-10,1.39618768567456
LFPG,2022-23,"B+D,L,R,T",record,2023-04-11,0.16562294512054412
LFPG,2022-23,"B+D,L,R,T",record,2023-04-12,1.1100502009681439
LFPG,2022-23,"B+D,L,R,T",record,2023-04-13,-0.003711118782039314
LFPG,2022-23,"B+D,L,R,T",record,2023-04-14,0.5674817884113795
LFPG,2022-23,"B+D,L,R,T",record,2023-04-15,1.2894384166755453
LFPG,2022-23,"B+D,L,R,T",record,2023-04-16,0.6978926546890271
LFPG,2022-23,"B+D,L,R,T",record,2023-04-17,0.6529362196797479
LFPG,2022-23,"B+D,L,R,T",record,2023-04-18,0.22089887869725325
LFPG,2022-23,"B+D,L,R,T",record,2023-04-19,0.6171811602237863
LFPG,2022-23,"B+D,L,R,T",record,2023-04-20,-0.08813651614229288
LFPG,2022-23,"B+D,L,R,T",record,2023-04-21,0.7550052838995245
LFPG,2022-23,"B+D,L,R,T",record,2023-04-22,1.307542863804783
LFPG,2022-23,"B+D,L,R,T",record,2023-04-23,1.164432704596954
LFPG,2022-23,"B+D,L,R,T",record,2023-04-24,1.1823118773638683
LFPG,2022-23,"B+D,L,R,T",record,2023-04-25,1.3401412392570438
LFPG,2022-23,"B+D,L,R,T",record,2023-04-26,0.10515368255375226
LFPG,2022-23,"B+D,L,R,T",record,2023-04-27,1.396531020177191
LFPG,2022-23,"B+D,L,R,T",record,2023-04-28,1.5049721692840385
LFPG,2022-23,"B+D,L,R,T",record,2023-04-29,0.29396747012059143
LFPG,2022-23,"B+D,L,R,T",record,2023-04-30,0.39654825801079396
LFPG,2022-23,"B+D,L,R,T",record,2023-05-01,0.5011773460946408
LFPG,2022-23,"B+D,L,R,T",record,2023-05-02,0.3588678863444136
LFPG,2022-23,"B+D,L,R,T",record,2023-05-03,0.6642321627849876
LFPG,2022-23,"B+D,L,R,T",record,2023-05-04,1.6413035565275695
LFPG,2022-23,"B+D,L,R,T",record,2023-05-05,0.9407052387400028
LFPG,2022-23,"B+D,L,R,T",record,2023-05-06,1.0577043023855128
LFPG,2022-23,"B+D,L,R,T",record,2023-05-07,0.7028057354266044
LFPG,2022-23,"B+D,L,R,T",record,2023-05-08,0.6500500711882812
LFPG,2022-23,"B+D,L,R,T",record,2023-05-09,1.4325086450109141
LFPG,2022-23,"B+D,L,R,T",record,2023-05-10,1.4139630268515075
LFPG,2022-23,"B+D,L,R,T",record,2023-05-11,0.42489405037435124
LFPG,2022-23,"B+D,L,R,T",record,2023-05-12,1.223418335253792
LFPG,2022-23,"B+D,L,R,T",record,2023-05-13,0.4632411867489562
LFPG,2022-23,"B+D,L,R,T",record,2023-05-14,0.6460998607003009
LFPG,2022-23,"B+D,L,R,T",record,2023-05-15,0.7114018171718302
LFPG,2022-23,"B+D,L,R,T",record,2023-05-16,0.012776544324885859
LFPG,2022-23,"B+D,L,R,T",record,2023-05-17,-0.09300757078248932
LFPG,2022-23,"B+D,L,R,T",record,2023-05-18,0.35689898083313076
LFPG,2022-23,"B+D,L,R,T",record,2023-05-19,0.3047603506875775
LFPG,2022-23,"B+D,L,R,T",record,2023-05-20,1.236504965538939
LFPG,2022-23,"B+D,L,R,T",record,2023-05-21,0.7183332815639386
LFPG,2022-23,"B+D,L,R,T",record,2023-05-22,0.9081161756728489
LFPG,2022-23,"B+D,L,R,T",record,2023-05-23,0.4439048524608021
LFPG,2022-23,"B+D,L,R,T",record,2023-05-24,1.2412971107177246
LFPG,2022-23,"B+D,L,R,T",record,2023-05-25,0.4361239441678215
LFPG,2022-23,"B+D,L,R,T",record,2023-05-26,0.8454007071447609
LFPG,2022-23,"B+D,L,R,T",record,2023-05-27,0.7913403276473373
LFPG,2022-23,"B+D,L,R,T",record,2023-05-28,1.3783988389417339
LFPG,2022-23,"B+D,L,R,T",record,2023-05-29,0.8469933240145089
LFPG,2022-23,"B+D,L,R,T",record,2023-05-30,0.46040932288654196
LFPG,2022-23,"B+D,L,R,T",record,2023-05-31,1.2425292316764611
LFPG,2022-23,"B+D,L,R,T",record,2023-06-01,1.3610203472054356
LFPG,2022-23,"B+D,L,R,T",record,2023-06-02,1.2115037286438242
LFPG,2022-23,"B+D,L,R,T",record,2023-06-03,0.45877444203929685
LFPG,2022-23,"B+D,L,R,T",record,2023-06-04,0.7024532191772727
LFPG,2022-23,"B+D,L,R,T",record,2023-06-05,1.137273797341216
LFPG,2022-23,"B+D,L,R,T",record,2023-06-06,1.0697196893377217
LFPG,2022-23,"B+D,L,R,T",record,2023-06-07,0.17751041547585644
LFPG,2022-23,"B+D,L,R,T",record,2023-06-08,0.5267362970376575
LFPG,2022-23,"B+D,L,R,T",record,2023-06-09,0.577470746394214
LFPG,2022-23,"B+D,L,R,T",record,2023-06-10,-0.018218717072229544
LFPG,2022-23,"B+D,L,R,T",record,2023-06-11,-0.24603057833764624
LFPG,2022-23,"B+D,L,R,T",record,2023-06-12,0.38469443631179545
LFPG,2022-23,"B+D,L,R,T",record,2023-06-13,-0.48814239416549715
LFPG,2022-23,"B+D,L,R,T",record,2023-06-14,-0.5620523816678328
LFPG,2022-23,"B+D,L,R,T",record,2023-06-15,-0.4501405344321981
LFPG,2022-23,"B+D,L,R,T",record,2023-06-16,-0.49887971965153977
LFPG,2022-23,"B+D,L,R,T",record,2023-06-17,-0.5462026637665925
LFPG,2022-23,"B+D,L,R,T",record,2023-06-18,1.0810884141467287
LFPG,2022-23,"B+D,L,R,T",record,2023-06-19,-0.29863669075813465
LFPG,2022-23,"B+D,L,R,T",record,2023-06-20,1.1613274441566936
LFPG,2022-23,"B+D,L,R,T",record,2023-06-21,-0.49396389504615046
LFPG,2022-23,"B+D,L,R,T",record,2023-06-22,1.6442294768601964
LFPG,2022-23,"B+D,L,R,T",record,2023-06-23,-0.6234927687310935
LFPG,2022-23,"B+D,L,R,T",record,2023-06-24,-0.2942784256549639
LFPG,2022-23,"B+D,L,R,T",record,2023-06-25,-0.9348184335322678
LFPG,2022-23,"B+D,L,R,T",record,2023-06-26,-0.7899298716755606
LFPG,2022-23,"B+D,L,R,T",record,2023-06-27,-0.34312870923227795
LFPG,2022-23,"B+D,L,R,T",record,2023-06-28,-0.036884447520406725
LFPG,2022-23,"B+D,L,R,T",record,2023-06-29,-0.2861579425147843
LFPG,2022-23,"B+D,L,R,T",record,2023-06-30,-0.40083205029239233
LFPG,2022-23,"B+D,L,R,T",record,2023-07-01,-0.4654175895897169
LFPG,2022-23,"B+D,L,R,T",record,2023-07-02,-0.7405132834676795
LFPG,2022-23,"B+D,L,R,T",record,2023-07-03,-0.8352733112607417
LFPG,2022-23,"B+D,L,R,T",record,2023-07-04,-0.9002625003930073
LFPG,2022-23,"B+D,L,R,T",record,2023-07-05,0.642086639791956
LFPG,2022-23,"B+D,L,R,T",record,2023-07-06,-0.8977395533703355
LFPG,2022-23,"B+D,L,R,T",record,2023-07-07,-0.8900215557066925
LFPG,2022-23,"B+D,L,R,T",record,2023-07-08,-0.8673420943265133
LFPG,2022-23,"B+D,L,R,T",record,2023-07-09,0.2924005074275656
LFPG,2022-23,"B+D,L,R,T",record,2023-07-10,-1.227157938046869
LFPG,2022-23,"B+D,L,R,T",record,2023-07-11,-1.4392431115113271
LFPG,2022-23,"B+D,L,R,T",record,2023-07-12,-1.620044947956251
LFPG,2022-23,"B+D,L,R,T",record,2023-07-13,-1.5882278471435758
LFPG,2022-23,"B+D,L,R,T",record,2023-07-14,-1.31221283932793
LFPG,2022-23,"B+D,L,R,T",record,2023-07-15,-0.7538356600877767
LFPG,2022-23,"B+D,L,R,T",record,2023-07-16,-1.6218030383628814
LFPG,2022-23,"B+D,L,R,T",record,2023-07-17,-1.512588183941427
LFPG,2022-23,"B+D,L,R,T",record,2023-07-18,-1.2721162575561056
LFPG,2022-23,"B+D,L,R,T",record,2023-07-19,-1.487129520633877
LFPG,2022-23,"B+D,L,R,T",record,2023-07-20,-1.353180111230444
LFPG,2022-23,"B+D,L,R,T",record,2023-07-21,-1.484375831281943
LFPG,2022-23,"B+D,L,R,T",record,2023-07-22,-1.4328867765873565
LFPG,2022-23,"B+D,L,R,T",record,2023-07-23,1.4366382685885384
LFPG,2022-23,"B+D,L,R,T",record,2023-07-24,0.1486681614536664
LFPG,2022-23,"B+D,L,R,T",record,2023-07-25,1.0322781143016684
LFPG,2022-23,"B+D,L,R,T",record,2023-07-26,-1.119386012825578
LFPG,2022-23,"B+D,L,R,T",record,2023-07-27,-1.6537795408333027
LFPG,2022-23,"B+D,L,R,T",record,2023-07-28,1.2200387243258182
LFPG,2022-23,"B+D,L,R,T",record,2023-07-29,0.05767485618090319
LFPG,2022-23,"B+D,L,R,T",record,2023-07-30,-1.0517874473185218
LFPG,2022-23,"B+D,L,R,T",record,2023-07-31,-0.23942545350393474
LFPG,2023-24,"B+D,L,R,T",record,2023-08-01,0.22472093655942377
LFPG,2023-24,"B+D,L,R,T",record,2023-08-02,-1.0125218025883675
LFPG,2023-24,"B+D,L,R,T",record,2023-08-03,1.535569240312609
LFPG,2023-24,"B+D,L,R,T",record,2023-08-04,-0.5600854449740065
LFPG,2023-24,"B+D,L,R,T",record,2023-08-05,0.056934395591670295
LFPG,2023-24,"B+D,L,R,T",record,2023-08-06,-0.61772774713696
LFPG,2023-24,"B+D,L,R,T",record,2023-08-07,-0.34389845285459375
LFPG,2023-24,"B+D,L,R,T",record,2023-08-08,-0.8001040389548284
LFPG,2023-24,"B+D,L,R,T",record,2023-08-09,-0.30828886128943495
LFPG,2023-24,"B+D,L,R,T",record,2023-08-10,-0.6695907154541307
LFPG,2023-24,"B+D,L,R,T",record,2023-08-11,-0.837406384846015
LFPG,2023-24,"B+D,L,R,T",record,2023-08-12,-0.6302196940887478
LFPG,2023-24,"B+D,L,R,T",record,2023-08-13,-0.7097018920593864
LFPG,2023-24,"B+D,L,R,T",record,2023-08-14,-0.7839020141918355
LFPG,2023-24,"B+D,L,R,T",record,2023-08-15,-0.5290586569651827
LFPG,2023-24,"B+D,L,R,T",record,2023-08-16,-0.8853461042087201
LFPG,2023-24,"B+D,L,R,T",record,2023-08-17,-0.7414400898407347
LFPG,2023-24,"B+D,L,R,T",record,2023-08-18,-1.2382952668079392
LFPG,2023-24,"B+D,L,R,T",record,2023-08-19,-1.2642114547701884
LFPG,2023-24,"B+D,L,R,T",record,2023-08-20,-0.3926301524420721
LFPG,2023-24,"B+D,L,R,T",record,2023-08-21,-0.8278191018020579
LFPG,2023-24,"B+D,L,R,T",record,2023-08-22,-0.637044026082264
LFPG,2023-24,"B+D,L,R,T",record,2023-08-23,-0.5190583937922861
LFPG,2023-24,"B+D,L,R,T",record,2023-08-24,-0.9326028302317441
LFPG,2023-24,"B+D,L,R,T",record,2023-08-25,-0.4214817735133021
LFPG,2023-24,"B+D,L,R,T",record,2023-08-26,-1.1885930152474509
LFPG,2023-24,"B+D,L,R,T",record,2023-08-27,-0.5371755617993438
LFPG,2023-24,"B+D,L,R,T",record,2023-08-28,-0.48478046691889404
LFPG,2023-24,"B+D,L,R,T",record,2023-08-29,-0.31762501257800174
LFPG,2023-24,"B+D,L,R,T",record,2023-08-30,-0.19711604727177937
LFPG,2023-24,"B+D,L,R,T",record,2023-08-31,0.986223874652115
LFPG,2023-24,"B+D,L,R,T",record,2023-09-01,0.5069328113693427
LFPG,2023-24,"B+D,L,R,T",record,2023-09-02,-0.3996895253259772
LFPG,2023-24,"B+D,L,R,T",record,2023-09-03,-0.5564386435425884
LFPG,2023-24,"B+D,L,R,T",record,2023-09-04,-1.538459132833263
LFPG,2023-24,"B+D,L,R,T",record,2023-09-05,-0.500938331591521
LFPG,2023-24,"B+D,L,R,T",record,2023-09-06,-0.39151851417380557
LFPG,2023-24,"B+D,L,R,T",record,2023-09-07,-0.5016298501183996
LFPG,2023-24,"B+D,L,R,T",record,2023-09-08,-0.6488507216232612
LFPG,2023-24,"B+D,L,R,T",record,2023-09-09,-1.0243120489612578
LFPG,2023-24,"B+D,L,R,T",record,2023-09-10,-0.734318800172086
LFPG,2023-24,"B+D,L,R,T",record,2023-09-11,-0.742110884752287
LFPG,2023-24,"B+D,L,R,T",record,2023-09-12,1.4883575156379238
LFPG,2023-24,"B+D,L,R,T",record,2023-09-13,-0.7223318936271581
LFPG,2023-24,"B+D,L,R,T",record,2023-09-14,-1.1484748852945534
LFPG,2023-24,"B+D,L,R,T",record,2023-09-15,-0.8378266166864622
LFPG,2023-24,"B+D,L,R,T",record,2023-09-16,-1.0237960842702714
LFPG,2023-24,"B+D,L,R,T",record,2023-09-17,-1.4078368637590528
LFPG,2023-24,"B+D,L,R,T",record,2023-09-18,0.7750088732075593
LFPG,2023-24,"B+D,L,R,T",record,2023-09-19,-1.044752590049924
LFPG,2023-24,"B+D,L,R,T",record,2023-09-20,-1.5153890976484794
LFPG,2023-24,"B+D,L,R,T",record,2023-09-21,1.4584073068111272
LFPG,2023-24,"B+D,L,R,T",record,2023-09-22,0.4511016099899931
LFPG,2023-24,"B+D,L,R,T",record,2023-09-23,-0.039067082400579704
LFPG,2023-24,"B+D,L,R,T",record,2023-09-24,-0.5594192694998807
LFPG,2023-24,"B+D,L,R,T",record,2023-09-25,-0.287176550235831
LFPG,2023-24,"B+D,L,R,T",record,2023-09-26,-0.8685712359893806
LFPG,2023-24,"B+D,L,R,T",record,2023-09-27,-1.3612701226659216
LFPG,2023-24,"B+D,L,R,T",record,2023-09-28,-0.7613331214671901
LFPG,2023-24,"B+D,L,R,T",record,2023-09-29,0.6892504222705532
LFPG,2023-24,"B+D,L,R,T",record,2023-09-30,-0.31560852523845545
LFPG,2023-24,"B+D,L,R,T",record,2023-10-01,-1.0638962592870884
LFPG,2023-24,"B+D,L,R,T",record,2023-10-02,-1.2119177151043437
LFPG,2023-24,"B+D,L,R,T",record,2023-10-03,-0.17823555283612202
LFPG,2023-24,"B+D,L,R,T",record,2023-10-04,-0.2508988093556835
LFPG,2023-24,"B+D,L,R,T",record,2023-10-05,-0.29945098984215446
LFPG,2023-24,"B+D,L,R,T",record,2023-10-06,-0.8406885740765406
LFPG,2023-24,"B+D,L,R,T",record,2023-10-07,-0.5307419725169737
LFPG,2023-24,"B+D,L,R,T",record,2023-10-08,-0.7443426280003078
LFPG,2023-24,"B+D,L,R,T",record,2023-10-09,-0.6044155438565726
LFPG,2023-24,"B+D,L,R,T",record,2023-10-10,-0.5669701126139357
LFPG,2023-24,"B+D,L,R,T",record,2023-10-11,-1.2572627385364188
LFPG,2023-24,"B+D,L,R,T",record,2023-10-12,0.009206547747255102
LFPG,2023-24,"B+D,L,R,T",record,2023-10-13,-0.9684402929011002
LFPG,2023-24,"B+D,L,R,T",record,2023-10-14,0.8977366384098866
LFPG,2023-24,"B+D,L,R,T",record,2023-10-15,-0.16937649760949083
LFPG,2023-24,"B+D,L,R,T",record,2023-10-16,-0.6214928160036525
LFPG,2023-24,"B+D,L,R,T",record,2023-10-17,-1.022854343148605
LFPG,2023-24,"B+D,L,R,T",record,2023-10-18,-0.9300407328731772
LFPG,2023-24,"B+D,L,R,T",record,2023-10-19,-0.7770932004367938
LFPG,2023-24,"B+D,L,R,T",record,2023-10-20,-0.2385614170359143
LFPG,2023-24,"B+D,L,R,T",record,2023-10-21,0.6192572319716908
LFPG,2023-24,"B+D,L,R,T",record,2023-10-22,-0.3051961992028792
LFPG,2023-24,"B+D,L,R,T",record,2023-10-23,-0.24925873936876927
LFPG,2023-24,"B+D,L,R,T",record,2023-10-24,-0.6675262815445967
LFPG,2023-24,"B+D,L,R,T",record,2023-10-25,0.4794394756220205
LFPG,2023-24,"B+D,L,R,T",record,2023-10-26,0.37992094959754646
LFPG,2023-24,"B+D,L,R,T",record,2023-10-27,-0.04337438150648468
LFPG,2023-24,"B+D,L,R,T",record,2023-10-28,0.2139085560328985
LFPG,2023-24,"B+D,L,R,T",record,2023-10-29,0.6474704926387388
LFPG,2023-24,"B+D,L,R,T",record,2023-10-30,-0.379213671465746
LFPG,2023-24,"B+D,L,R,T",record,2023-10-31,0.9966532221594643
LFPG,2023-24,"B+D,L,R,T",record,2023-11-01,1.0370925467699483
LFPG,2023-24,"B+D,L,R,T",record,2023-11-02,-0.5157007479970409
LFPG,2023-24,"B+D,L,R,T",record,2023-11-03,-0.5008099447983148
LFPG,2023-24,"B+D,L,R,T",record,2023-11-04,-0.28469565046393663
LFPG,2023-24,"B+D,L,R,T",record,2023-11-05,0.10555922984290282
LFPG,2023-24,"B+D,L,R,T",record,2023-11-06,-0.48596031046575755
LFPG,2023-24,"B+D,L,R,T",record,2023-11-07,-0.4285876055163397
LFPG,2023-24,"B+D,L,R,T",record,2023-11-08,-0.7061154556541483
LFPG,2023-24,"B+D,L,R,T",record,2023-11-09,-0.17347081093026967
LFPG,2023-24,"B+D,L,R,T",record,2023-11-10,-0.3738846864858726
LFPG,2023-24,"B+D,L,R,T",record,2023-11-11,-0.6736804769693746
LFPG,2023-24,"B+D,L,R,T",record,2023-11-12,0.7212978805178154
LFPG,2023-24,"B+D,L,R,T",record,2023-11-13,0.6794373592559094
LFPG,2023-24,"B+D,L,R,T",record,2023-11-14,-0.6079087512938015
LFPG,2023-24,"B+D,L,R,T",record,2023-11-15,0.1316921339984345
LFPG,2023-24,"B+D,L,R,T",record,2023-11-16,-0.8209108139407021
LFPG,2023-24,"B+D,L,R,T",record,2023-11-17,0.11422260571676193
LFPG,2023-24,"B+D,L,R,T",record,2023-11-18,-0.3101684946591711
LFPG,2023-24,"B+D,L,R,T",record,2023-11-19,-0.39033776450705443
LFPG,2023-24,"B+D,L,R,T",record,2023-11-20,-0.7699579090293317
LFPG,2023-24,"B+D,L,R,T",record,2023-11-21,0.08629949149111858
LFPG,2023-24,"B+D,L,R,T",record,2023-11-22,-1.1395331384596692
LFPG,2023-24,"B+D,L,R,T",record,2023-11-23,-1.466747147651972
LFPG,2023-24,"B+D,L,R,T",record,2023-11-24,-0.5337717556722581
LFPG,2023-24,"B+D,L,R,T",record,2023-11-25,-0.2777323431874914
LFPG,2023-24,"B+D,L,R,T",record,2023-11-26,-1.2466015183064811
LFPG,2023-24,"B+D,L,R,T",record,2023-11-27,-0.4867459976190909
LFPG,2023-24,"B+D,L,R,T",record,2023-11-28,-0.34232449768493645
LFPG,2023-24,"B+D,L,R,T",record,2023-11-29,-0.5247001645831245
LFPG,2023-24,"B+D,L,R,T",record,2023-11-30,-1.4297719451357875
LFPG,2023-24,"B+D,L,R,T",record,2023-12-01,-1.2278974866058165
LFPG,2023-24,"B+D,L,R,T",record,2023-12-02,-0.9805390188283019
LFPG,2023-24,"B+D,L,R,T",record,2023-12-03,-1.3181560190982733
LFPG,2023-24,"B+D,L,R,T",record,2023-12-04,-0.6507403140191109
LFPG,2023-24,"B+D,L,R,T",record,2023-12-05,1.1796980592540123
LFPG,2023-24,"B+D,L,R,T",record,2023-12-06,0.207507846732431
LFPG,2023-24,"B+D,L,R,T",record,2023-12-07,-1.1221030786340163
LFPG,2023-24,"B+D,L,R,T",record,2023-12-08,-0.658274686810024
LFPG,2023-24,"B+D,L,R,T",record,2023-12-09,-0.41840603803819637
LFPG,2023-24,"B+D,L,R,T",record,2023-12-10,-0.27602898952598154
LFPG,2023-24,"B+D,L,R,T",record,2023-12-11,0.9219739908720335
LFPG,2023-24,"B+D,L,R,T",record,2023-12-12,-0.3448409250563228
LFPG,2023-24,"B+D,L,R,T",record,2023-12-13,0.5849668908157784
LFPG,2023-24,"B+D,L,R,T",record,2023-12-14,1.2058631608574353
LFPG,2023-24,"B+D,L,R,T",record,2023-12-15,0.26676820220815534
LFPG,2023-24,"B+D,L,R,T",record,2023-12-16,-0.8341384866929168
LFPG,2023-24,"B+D,L,R,T",record,2023-12-17,-1.1576441071013734
LFPG,2023-24,"B+D,L,R,T",record,2023-12-18,-1.4550589204627664
LFPG,2023-24,"B+D,L,R,T",record,2023-12-19,-0.3002840829718374
LFPG,2023-24,"B+D,L,R,T",record,2023-12-20,-0.33138630417310555
LFPG,2023-24,"B+D,L,R,T",record,2023-12-21,-0.1344268098322624
LFPG,2023-24,"B+D,L,R,T",record,2023-12-22,0.6148591273208643
LFPG,2023-24,"B+D,L,R,T",record,2023-12-23,-0.03363861248755811
LFPG,2023-24,"B+D,L,R,T",record,2023-12-24,0.3486270976271497
LFPG,2023-24,"B+D,L,R,T",record,2023-12-25,0.24310926820803175
LFPG,2023-24,"B+D,L,R,T",record,2023-12-26,1.0495871289465275
LFPG,2023-24,"B+D,L,R,T",record,2023-12-27,-0.30224076215093393
LFPG,2023-24,"B+D,L,R,T",record,2023-12-28,-0.17361651146924653
LFPG,2023-24,"B+D,L,R,T",record,2023-12-29,0.2932030763807956
LFPG,2023-24,"B+D,L,R,T",record,2023-12-30,0.8509337964592671
LFPG,2023-24,"B+D,L,R,T",record,2023-12-31,1.176672374018138
LFPG,2023-24,"B+D,L,R,T",record,2024-01-01,0.741305611555608
LFPG,2023-24,"B+D,L,R,T",record,2024-01-02,0.5316177114565264
LFPG,2023-24,"B+D,L,R,T",record,2024-01-03,0.7424890678295049
LFPG,2023-24,"B+D,L,R,T",record,2024-01-04,0.07543965945639419
LFPG,2023-24,"B+D,L,R,T",record,2024-01-05,0.5746286020654883
LFPG,2023-24,"B+D,L,R,T",record,2024-01-06,0.7615461338930096
LFPG,2023-24,"B+D,L,R,T",record,2024-01-07,0.37465257223297843
LFPG,2023-24,"B+D,L,R,T",record,2024-01-08,-0.7621997815851659
LFPG,2023-24,"B+D,L,R,T",record,2024-01-09,-1.0499142341805008
LFPG,2023-24,"B+D,L,R,T",record,2024-01-10,-1.627039559472862
LFPG,2023-24,"B+D,L,R,T",record,2024-01-11,-1.1470232175246282
LFPG,2023-24,"B+D,L,R,T",record,2024-01-12,-1.7366479488091093
LFPG,2023-24,"B+D,L,R,T",record,2024-01-13,-1.382677134785619
LFPG,2023-24,"B+D,L,R,T",record,2024-01-14,-1.0438266569774812
LFPG,2023-24,"B+D,L,R,T",record,2024-01-15,-0.4698745910597364
LFPG,2023-24,"B+D,L,R,T",record,2024-01-16,-1.1928537413215183
LFPG,2023-24,"B+D,L,R,T",record,2024-01-17,-0.6129048845524229
LFPG,2023-24,"B+D,L,R,T",record,2024-01-18,-0.6460335544646438
LFPG,2023-24,"B+D,L,R,T",record,2024-01-19,-1.2311166191677452
LFPG,2023-24,"B+D,L,R,T",record,2024-01-20,-1.0658281712322275
LFPG,2023-24,"B+D,L,R,T",record,2024-01-21,-0.3370208599196305
LFPG,2023-24,"B+D,L,R,T",record,2024-01-22,1.1031303927888916
LFPG,2023-24,"B+D,L,R,T",record,2024-01-23,0.3461551717067235
LFPG,2023-24,"B+D,L,R,T",record,2024-01-24,0.7678672300438186
LFPG,2023-24,"B+D,L,R,T",record,2024-01-25,0.5879700843993292
LFPG,2023-24,"B+D,L,R,T",record,2024-01-26,0.9567674653615811
LFPG,2023-24,"B+D,L,R,T",record,2024-01-27,-0.6098390580219087
LFPG,2023-24,"B+D,L,R,T",record,2024-01-28,-0.4656909829201451
LFPG,2023-24,"B+D,L,R,T",record,2024-01-29,-0.7751624950914329
LFPG,2023-24,"B+D,L,R,T",record,2024-01-30,0.24003560189800358
LFPG,2023-24,"B+D,L,R,T",record,2024-01-31,-0.5413389133897467
LFPG,2023-24,"B+D,L,R,T",record,2024-02-01,1.0662884702038233
LFPG,2023-24,"B+D,L,R,T",record,2024-02-02,-0.5427889192361727
LFPG,2023-24,"B+D,L,R,T",record,2024-02-03,0.7520083578988616
LFPG,2023-24,"B+D,L,R,T",record,2024-02-04,1.0997077200710244
LFPG,2023-24,"B+D,L,R,T",record,2024-02-05,-0.011549965920410023
LFPG,2023-24,"B+D,L,R,T",record,2024-02-06,1.0299412225930498
LFPG,2023-24,"B+D,L,R,T",record,2024-02-07,1.0276361943808934
LFPG,2023-24,"B+D,L,R,T",record,2024-02-08,0.6861480773648476
LFPG,2023-24,"B+D,L,R,T",record,2024-02-09,1.2496645466514786
LFPG,2023-24,"B+D,L,R,T",record,2024-02-10,1.3204318674856146
LFPG,2023-24,"B+D,L,R,T",record,2024-02-11,1.9291611645975573
LFPG,2023-24,"B+D,L,R,T",record,2024-02-12,0.9822024320767009
LFPG,2023-24,"B+D,L,R,T",record,2024-02-13,0.40279592095037947
LFPG,2023-24,"B+D,L,R,T",record,2024-02-14,0.3492950805478692
LFPG,2023-24,"B+D,L,R,T",record,2024-02-15,-0.19008618817326214
LFPG,2023-24,"B+D,L,R,T",record,2024-02-16,1.6264826357920192
LFPG,2023-24,"B+D,L,R,T",record,2024-02-17,-0.09158384741528801
LFPG,2023-24,"B+D,L,R,T",record,2024-02-18,1.3426772283546677
LFPG,2023-24,"B+D,L,R,T",record,2024-02-19,1.3118503957401835
LFPG,2023-24,"B+D,L,R,T",record,2024-02-20,-0.022030130868610182
LFPG,2023-24,"B+D,L,R,T",record,2024-02-21,0.4378786837775507
LFPG,2023-24,"B+D,L,R,T",record,2024-02-22,0.7850324336826069
LFPG,2023-24,"B+D,L,R,T",record,2024-02-23,0.9106436350426085
LFPG,2023-24,"B+D,L,R,T",record,2024-02-24,0.8894966776308164
LFPG,2023-24,"B+D,L,R,T",record,2024-02-25,0.7800947081539285
LFPG,2023-24,"B+D,L,R,T",record,2024-02-26,1.7323996708127511
LFPG,2023-24,"B+D,L,R,T",record,2024-02-27,-0.2643954760093628
LFPG,2023-24,"B+D,L,R,T",record,2024-02-28,0.10297108412548721
LFPG,2023-24,"B+D,L,R,T",record,2024-02-29,0.96346380784587
LFPG,2023-24,"B+D,L,R,T",record,2024-03-01,1.6776253421844272
LFPG,2023-24,"B+D,L,R,T",record,2024-03-02,0.8890380285173533
LFPG,2023-24,"B+D,L,R,T",record,2024-03-03,0.46468469462321443
LFPG,2023-24,"B+D,L,R,T",record,2024-03-04,0.12065570823617412
LFPG,2023-24,"B+D,L,R,T",record,2024-03-05,0.9572962760689888
LFPG,2023-24,"B+D,L,R,T",record,2024-03-06,1.0617506032387634
LFPG,2023-24,"B+D,L,R,T",record,2024-03-07,0.10931714317433783
LFPG,2023-24,"B+D,L,R,T",record,2024-03-08,0.10105572626400233
LFPG,2023-24,"B+D,L,R,T",record,2024-03-09,0.3359385160891066
LFPG,2023-24,"B+D,L,R,T",record,2024-03-10,1.0248166774970577
LFPG,2023-24,"B+D,L,R,T",record,2024-03-11,0.8423515430465945
LFPG,2023-24,"B+D,L,R,T",record,2024-03-12,1.0920006990673783
LFPG,2023-24,"B+D,L,R,T",record,2024-03-13,0.8481120070089636
LFPG,2023-24,"B+D,L,R,T",record,2024-03-14,0.18888001945493352
LFPG,2023-24,"B+D,L,R,T",record,2024-03-15,1.7265048447447928
LFPG,2023-24,"B+D,L,R,T",record,2024-03-16,0.5312061739835562
LFPG,2023-24,"B+D,L,R,T",record,2024-03-17,1.3024708152188844
LFPG,2023-24,"B+D,L,R,T",record,2024-03-18,0.8852754205487006
LFPG,2023-24,"B+D,L,R,T",record,2024-03-19,0.8477690799540905
LFPG,2023-24,"B+D,L,R,T",record,2024-03-20,0.8150958580595445
LFPG,2023-24,"B+D,L,R,T",record,2024-03-21,0.8284917112692348
LFPG,2023-24,"B+D,L,R,T",record,2024-03-22,0.712405207652554
LFPG,2023-24,"B+D,L,R,T",record,2024-03-23,0.6499326852895079
LFPG,2023-24,"B+D,L,R,T",record,2024-03-24,1.5347736126179108
LFPG,2023-24,"B+D,L,R,T",record,2024-03-25,-0.018998524263512312
LFPG,2023-24,"B+D,L,R,T",record,2024-03-26,0.9875174171784992
LFPG,2023-24,"B+D,L,R,T",record,2024-03-27,0.4676839778316801
LFPG,2023-24,"B+D,L,R,T",record,2024-03-28,0.028021886300974963
LFPG,2023-24,"B+D,L,R,T",record,2024-03-29,1.226360767564931
LFPG,2023-24,"B+D,L,R,T",record,2024-03-30,1.8260726815555588
LFPG,2023-24,"B+D,L,R,T",record,2024-03-31,1.104654947667019
LFPG,2023-24,"B+D,L,R,T",record,2024-04-01,1.3917084538894067
LFPG,2023-24,"B+D,L,R,T",record,2024-04-02,-0.36553626897898744
LFPG,2023-24,"B+D,L,R,T",record,2024-04-03,0.8023949553629294
LFPG,2023-24,"B+D,L,R,T",record,2024-04-04,0.885196140532497
LFPG,2023-24,"B+D,L,R,T",record,2024-04-05,1.4831124250332792
LFPG,2023-24,"B+D,L,R,T",record,2024-04-06,0.4434340898997562
LFPG,2023-24,"B+D,L,R,T",record,2024-04-07,0.44028375614114157
LFPG,2023-24,"B+D,L,R,T",record,2024-04-08,1.1145336577644172
LFPG,2023-24,"B+D,L,R,T",record,2024-04-09,0.6575561306305565
LFPG,2023-24,"B+D,L,R,T",record,2024-04-10,0.050824570129129526
LFPG,2023-24,"B+D,L,R,T",record,2024-04-11,0.5144783211317734
LFPG,2023-24,"B+D,L,R,T",record,2024-04-12,0.5793645678863288
LFPG,2023-24,"B+D,L,R,T",record,2024-04-13,0.4169566479733339
LFPG,2023-24,"B+D,L,R,T",record,2024-04-14,0.633059177564812
LFPG,2023-24,"B+D,L,R,T",record,2024-04-15,0.43966345770249227
LFPG,2023-24,"B+D,L,R,T",record,2024-04-16,0.09408455443648889
LFPG,2023-24,"B+D,L,R,T",record,2024-04-17,0.204765509811452
LFPG,2023-24,"B+D,L,R,T",record,2024-04-18,1.0237786641748494
LFPG,2023-24,"B+D,L,R,T",record,2024-04-19,1.3536640919887748
LFPG,2023-24,"B+D,L,R,T",record,2024-04-20,0.49294735601517176
LFPG,2023-24,"B+D,L,R,T",record,2024-04-21,-0.011823842255188559
LFPG,2023-24,"B+D,L,R,T",record,2024-04-22,-0.031064222412465967
LFPG,2023-24,"B+D,L,R,T",record,2024-04-23,-0.056967557534224326
LFPG,2023-24,"B+D,L,R,T",record,2024-04-24,0.4799012049639773
LFPG,2023-24,"B+D,L,R,T",record,2024-04-25,0.3408138547565996
LFPG,2023-24,"B+D,L,R,T",record,2024-04-26,0.46468700096329363
LFPG,2023-24,"B+D,L,R,T",record,2024-04-27,1.5537673307235966
LFPG,2023-24,"B+D,L,R,T",record,2024-04-28,0.7660138584357853
LFPG,2023-24,"B+D,L,R,T",record,2024-04-29,0.07296790022706792
LFPG,2023-24,"B+D,L,R,T",record,2024-04-30,1.6015721784219956
LFPG,2023-24,"B+D,L,R,T",record,2024-05-01,0.3881688353461737
LFPG,2023-24,"B+D,L,R,T",record,2024-05-02,1.1536051077837761
LFPG,2023-24,"B+D,L,R,T",record,2024-05-03,-0.14339230871309774
LFPG,2023-24,"B+D,L,R,T",record,2024-05-04,0.7095498455641287
LFPG,2023-24,"B+D,L,R,T",record,2024-05-05,0.9463176658371873
LFPG,2023-24,"B+D,L,R,T",record,2024-05-06,0.40119794208583553
LFPG,2023-24,"B+D,L,R,T",record,2024-05-07,-0.32258951374693734
LFPG,2023-24,"B+D,L,R,T",record,2024-05-08,-0.025310592115265287
LFPG,2023-24,"B+D,L,R,T",record,2024-05-09,0.12150489024351808
LFPG,2023-24,"B+D,L,R,T",record,2024-05-10,1.4620603305676616
LFPG,2023-24,"B+D,L,R,T",record,2024-05-11,1.2744055478348926
LFPG,2023-24,"B+D,L,R,T",record,2024-05-12,0.3773356912111537
LFPG,2023-24,"B+D,L,R,T",record,2024-05-13,0.7020170907034537
LFPG,2023-24,"B+D,L,R,T",record,2024-05-14,1.6823307856551648
LFPG,2023-24,"B+D,L,R,T",record,2024-05-15,0.4327162517560677
LFPG,2023-24,"B+D,L,R,T",record,2024-05-16,0.6839505932973102
LFPG,2023-24,"B+D,L,R,T",record,2024-05-17,0.5368848316569539
LFPG,2023-24,"B+D,L,R,T",record,2024-05-18,0.7260121199179996
LFPG,2023-24,"B+D,L,R,T",record,2024-05-19,0.9274317822932252
LFPG,2023-24,"B+D,L,R,T",record,2024-05-20,0.7545475481106876
LFPG,2023-24,"B+D,L,R,T",record,2024-05-21,1.0995216026952932
LFPG,2023-24,"B+D,L,R,T",record,2024-05-22,0.8624772063302235
LFPG,2023-24,"B+D,L,R,T",record,2024-05-23,0.748610142923686
LFPG,2023-24,"B+D,L,R,T",record,2024-05-24,1.5931517264552688
LFPG,2023-24,"B+D,L,R,T",record,2024-05-25,0.6305140411146835
LFPG,2023-24,"B+D,L,R,T",record,2024-05-26,0.2416789184761975
LFPG,2023-24,"B+D,L,R,T",record,2024-05-27,0.6639988889967585
LFPG,2023-24,"B+D,L,R,T",record,2024-05-28,1.5599623559015583
LFPG,2023-24,"B+D,L,R,T",record,2024-05-29,1.8035575709587817
LFPG,2023-24,"B+D,L,R,T",record,2024-05-30,1.0075388462732104
LFPG,2023-24,"B+D,L,R,T",record,2024-05-31,1.289288272423577
LFPG,2023-24,"B+D,L,R,T",record,2024-06-01,1.7841408536109784
LFPG,2023-24,"B+D,L,R,T",record,2024-06-02,1.1382542557505853
LFPG,2023-24,"B+D,L,R,T",record,2024-06-03,0.6452730890712319
LFPG,2023-24,"B+D,L,R,T",record,2024-06-04,0.7383114807260469
LFPG,2023-24,"B+D,L,R,T",record,2024-06-05,1.439990708986635
LFPG,2023-24,"B+D,L,R,T",record,2024-06-06,0.4373997703174868
LFPG,2023-24,"B+D,L,R,T",record,2024-06-07,0.19842633867280465
LFPG,2023-24,"B+D,L,R,T",record,2024-06-08,0.6901163641367944
LFPG,2023-24,"B+D,L,R,T",record,2024-06-09,0.7623786482756014
LFPG,2023-24,"B+D,L,R,T",record,2024-06-10,1.4838564957472409
LFPG,2023-24,"B+D,L,R,T",record,2024-06-11,0.40509967464149016
LFPG,2023-24,"B+D,L,R,T",record,2024-06-12,0.18694441874567194
LFPG,2023-24,"B+D,L,R,T",record,2024-06-13,0.13744264213048343
LFPG,2023-24,"B+D,L,R,T",record,2024-06-14,1.228521783078702
LFPG,2023-24,"B+D,L,R,T",record,2024-06-15,0.9225852091173704
LFPG,2023-24,"B+D,L,R,T",record,2024-06-16,1.5149094484111416
LFPG,2023-24,"B+D,L,R,T",record,2024-06-17,0.6557006302750954
LFPG,2023-24,"B+D,L,R,T",record,2024-06-18,1.0885105997599198
LFPG,2023-24,"B+D,L,R,T",record,2024-06-19,0.5455240610836377
LFPG,2023-24,"B+D,L,R,T",record,2024-06-20,0.619191709639198
LFPG,2023-24,"B+D,L,R,T",record,2024-06-21,1.7668041286998972
LFPG,2023-24,"B+D,L,R,T",record,2024-06-22,1.064889672458307
LFPG,2023-24,"B+D,L,R,T",record,2024-06-23,-0.25250013154411566
LFPG,2023-24,"B+D,L,R,T",record,2024-06-24,-0.23805989022889337
LFPG,2023-24,"B+D,L,R,T",record,2024-06-25,0.6127597244972984
LFPG,2023-24,"B+D,L,R,T",record,2024-06-26,0.1510819166065221
LFPG,2023-24,"B+D,L,R,T",record,2024-06-27,-0.08466001946115645
LFPG,2023-24,"B+D,L,R,T",record,2024-06-28,0.47649429402981536
LFPG,2023-24,"B+D,L,R,T",record,2024-06-29,0.14969807370831814
LFPG,2023-24,"B+D,L,R,T",record,2024-06-30,0.48708084168795457
LFPG,2023-24,"B+D,L,R,T",record,2024-07-01,0.1764566192454068
LFPG,2023-24,"B+D,L,R,T",record,2024-07-02,1.6163840468374326
LFPG,2023-24,"B+D,L,R,T",record,2024-07-03,1.209875967219499
LFPG,2023-24,"B+D,L,R,T",record,2024-07-04,-0.2119595498631272
LFPG,2023-24,"B+D,L,R,T",record,2024-07-05,-0.10751760862764626
LFPG,2023-24,"B+D,L,R,T",record,2024-07-06,0.27098888867142856
LFPG,2023-24,"B+D,L,R,T",record,2024-07-07,0.24681507083760323
LFPG,2023-24,"B+D,L,R,T",record,2024-07-08,1.3465435681505586
LFPG,2023-24,"B+D,L,R,T",record,2024-07-09,-0.7069032531107582
LFPG,2023-24,"B+D,L,R,T",record,2024-07-10,-0.28849947424659056
LFPG,2023-24,"B+D,L,R,T",record,2024-07-11,-0.31894309305816687
LFPG,2023-24,"B+D,L,R,T",record,2024-07-12,1.5624695798897088
LFPG,2023-24,"B+D,L,R,T",record,2024-07-13,-0.5133644209004578
LFPG,2023-24,"B+D,L,R,T",record,2024-07-14,-0.13028328550108245
LFPG,2023-24,"B+D,L,R,T",record,2024-07-15,0.3358517987902882
LFPG,2023-24,"B+D,L,R,T",record,2024-07-16,-0.08504568455143346
LFPG,2023-24,"B+D,L,R,T",record,2024-07-17,-1.2236686338834266
LFPG,2023-24,"B+D,L,R,T",record,2024-07-18,-0.4303871297253437
LFPG,2023-24,"B+D,L,R,T",record,2024-07-19,-0.8058826214292739
LFPG,2023-24,"B+D,L,R,T",record,2024-07-20,-0.8090519328945786
LFPG,2023-24,"B+D,L,R,T",record,2024-07-21,0.28476866681480284
LFPG,2023-24,"B+D,L,R,T",record,2024-07-22,-0.4271590580508482
LFPG,2023-24,"B+D,L,R,T",record,2024-07-23,0.16806502596311057
LFPG,2023-24,"B+D,L,R,T",record,2024-07-24,-0.7072269539687863
LFPG,2023-24,"B+D,L,R,T",record,2024-07-25,-0.6558630195329951
LFPG,2023-24,"B+D,L,R,T",record,2024-07-26,1.565361025131744
LFPG,2023-24,"B+D,L,R,T",record,2024-07-27,1.529864699703286
LFPG,2023-24,"B+D,L,R,T",record,2024-07-28,-0.4341406733139606
LFPG,2023-24,"B+D,L,R,T",record,2024-07-29,-1.2376428053746438
LFPG,2023-24,"B+D,L,R,T",record,2024-07-30,-0.3358196375411843
LFPG,2023-24,"B+D,L,R,T",record,2024-07-31,0.3121400314915416
DSM,2022-23,"B+D,L,R,T",record,2022-08-01,-1.828583013755373
DSM,2022-23,"B+D,L,R,T",record,2022-08-02,-2.221205089903487
DSM,2022-23,"B+D,L,R,T",record,2022-08-03,-0.5239284305145276
DSM,2022-23,"B+D,L,R,T",record,2022-08-04,-1.8772084936101958
DSM,2022-23,"B+D,L,R,T",record,2022-08-05,-1.8693430279320458
DSM,2022-23,"B+D,L,R,T",record,2022-08-06,-2.3304535722523387
DSM,2022-23,"B+D,L,R,T",record,2022-08-07,-2.206582995256118
DSM,2022-23,"B+D,L,R,T",record,2022-08-08,-1.9117497154449086
DSM,2022-23,"B+D,L,R,T",record,2022-08-09,-1.904483093910843
DSM,2022-23,"B+D,L,R,T",record,2022-08-10,-1.831382167358774
DSM,2022-23,"B+D,L,R,T",record,2022-08-11,-1.8981872030102558
DSM,2022-23,"B+D,L,R,T",record,2022-08-12,-2.5165372102804358
DSM,2022-23,"B+D,L,R,T",record,2022-08-13,-2.177560601172892
DSM,2022-23,"B+D,L,R,T",record,2022-08-14,-1.7759349375727649
DSM,2022-23,"B+D,L,R,T",record,2022-08-15,-0.27961608549593964
DSM,2022-23,"B+D,L,R,T",record,2022-08-16,-0.29644720621216997
DSM,2022-23,"B+D,L,R,T",record,2022-08-17,-1.1495727849020236
DSM,2022-23,"B+D,L,R,T",record,2022-08-18,-2.057072902732947
DSM,2022-23,"B+D,L,R,T",record,2022-08-19,-1.8697291339555426
DSM,2022-23,"B+D,L,R,T",record,2022-08-20,-0.325137770399086
DSM,2022-23,"B+D,L,R,T",record,2022-08-21,-1.3185975904411997
DSM,2022-23,"B+D,L,R,T",record,2022-08-22,-1.821854497605788
DSM,2022-23,"B+D,L,R,T",record,2022-08-23,-1.9989348690234938
DSM,2022-23,"B+D,L,R,T",record,2022-08-24,-1.980705133577535
DSM,2022-23,"B+D,L,R,T",record,2022-08-25,-1.904550001903091
DSM,2022-23,"B+D,L,R,T",record,2022-08-26,-1.6526171150312852
DSM,2022-23,"B+D,L,R,T",record,2022-08-27,-2.285793288083213
DSM,2022-23,"B+D,L,R,T",record,2022-08-28,0.18651418595048064
DSM,2022-23,"B+D,L,R,T",record,2022-08-29,-2.118536008145189
DSM,2022-23,"B+D,L,R,T",record,2022-08-30,-1.5066651846641699
DSM,2022-23,"B+D,L,R,T",record,2022-08-31,-1.8579789321599525
DSM,2022-23,"B+D,L,R,T",record,2022-09-01,-2.3721965828572174
DSM,2022-23,"B+D,L,R,T",record,2022-09-02,-2.0232484273035425
DSM,2022-23,"B+D,L,R,T",record,2022-09-03,-0.8211815261934474
DSM,2022-23,"B+D,L,R,T",record,2022-09-04,-0.740787188937094
DSM,2022-23,"B+D,L,R,T",record,2022-09-05,-0.5551865543654464
DSM,2022-23,"B+D,L,R,T",record,2022-09-06,-1.861655944901405
DSM,2022-23,"B+D,L,R,T",record,2022-09-07,-1.9199108440093213
DSM,2022-23,"B+D,L,R,T",record,2022-09-08,-2.1906725699898093
DSM,2022-23,"B+D,L,R,T",record,2022-09-09,-2.246065077392269
DSM,2022-23,"B+D,L,R,T",record,2022-09-10,0.6951550031931187
DSM,2022-23,"B+D,L,R,T",record,2022-09-11,-1.4048022959948174
DSM,2022-23,"B+D,L,R,T",record,2022-09-12,-1.0627219985422562
DSM,2022-23,"B+D,L,R,T",record,2022-09-13,-1.3387446719093767
DSM,2022-23,"B+D,L,R,T",record,2022-09-14,-2.0205319342967014
DSM,2022-23,"B+D,L,R,T",record,2022-09-15,-2.2582773323266223
DSM,2022-23,"B+D,L,R,T",record,2022-09-16,-0.8952549752919376
DSM,2022-23,"B+D,L,R,T",record,2022-09-17,0.09502370800787824
DSM,2022-23,"B+D,L,R,T",record,2022-09-18,-1.3148042927450823
DSM,2022-23,"B+D,L,R,T",record,2022-09-19,-1.0873768398608765
DSM,2022-23,"B+D,L,R,T",record,2022-09-20,-1.8560256129731594
DSM,2022-23,"B+D,L,R,T",record,2022-09-21,-2.0876165003703226
DSM,2022-23,"B+D,L,R,T",record,2022-09-22,-1.158146004288047
DSM,2022-23,"B+D,L,R,T",record,2022-09-23,-0.44238633255050497
DSM,2022-23,"B+D,L,R,T",record,2022-09-24,-1.341712372716737
DSM,2022-23,"B+D,L,R,T",record,2022-09-25,-0.7185762614321797
DSM,2022-23,"B+D,L,R,T",record,2022-09-26,-1.2247199281440415
DSM,2022-23,"B+D,L,R,T",record,2022-09-27,-1.6131618588390413
DSM,2022-23,"B+D,L,R,T",record,2022-09-28,-0.9715998494635285
DSM,2022-23,"B+D,L,R,T",record,2022-09-29,-1.1072386998489891
DSM,2022-23,"B+D,L,R,T",record,2022-09-30,-0.9159959258134747
DSM,2022-23,"B+D,L,R,T",record,2022-10-01,-1.4335465192205965
DSM,2022-23,"B+D,L,R,T",record,2022-10-02,-1.2608427471275039
DSM,2022-23,"B+D,L,R,T",record,2022-10-03,-0.7623330112261709
DSM,2022-23,"B+D,L,R,T",record,2022-10-04,-1.0750859442263832
DSM,2022-23,"B+D,L,R,T",record,2022-10-05,-0.8096523235705535
DSM,2022-23,"B+D,L,R,T",record,2022-10-06,-0.8359527182982194
DSM,2022-23,"B+D,L,R,T",record,2022-10-07,-0.9050643092823433
DSM,2022-23,"B+D,L,R,T",record,2022-10-08,-1.3074342509226953
DSM,2022-23,"B+D,L,R,T",record,2022-10-09,-1.1544794544146768
DSM,2022-23,"B+D,L,R,T",record,2022-10-10,-1.1223508675999971
DSM,2022-23,"B+D,L,R,T",record,2022-10-11,1.062084008589541
DSM,2022-23,"B+D,L,R,T",record,2022-10-12,-0.25560592520949743
DSM,2022-23,"B+D,L,R,T",record,2022-10-13,-0.2815877064561973
DSM,2022-23,"B+D,L,R,T",record,2022-10-14,-0.27102501786685823
DSM,2022-23,"B+D,L,R,T",record,2022-10-15,-0.7257150818230333
DSM,2022-23,"B+D,L,R,T",record,2022-10-16,-1.087589901457471
DSM,2022-23,"B+D,L,R,T",record,2022-10-17,-0.7438676932565723
DSM,2022-23,"B+D,L,R,T",record,2022-10-18,-1.0505102452856765
DSM,2022-23,"B+D,L,R,T",record,2022-10-19,-2.290012524883796
DSM,2022-23,"B+D,L,R,T",record,2022-10-20,-0.8843333405782821
DSM,2022-23,"B+D,L,R,T",record,2022-10-21,-0.9664634936474188
DSM,2022-23,"B+D,L,R,T",record,2022-10-22,0.06084500227234366
DSM,2022-23,"B+D,L,R,T",record,2022-10-23,0.10400259006375934
DSM,2022-23,"B+D,L,R,T",record,2022-10-24,0.2778122524745414
DSM,2022-23,"B+D,L,R,T",record,2022-10-25,0.017869741820930225
DSM,2022-23,"B+D,L,R,T",record,2022-10-26,-0.23624183564392653
DSM,2022-23,"B+D,L,R,T",record,2022-10-27,-0.2925337693062895
DSM,2022-23,"B+D,L,R,T",record,2022-10-28,-0.2964279041301947
DSM,2022-23,"B+D,L,R,T",record,2022-10-29,-1.0141582715662665
DSM,2022-23,"B+D,L,R,T",record,2022-10-30,-1.39705113345411
DSM,2022-23,"B+D,L,R,T",record,2022-10-31,-1.0860950568198224
DSM,2022-23,"B+D,L,R,T",record,2022-11-01,-0.5428308173992226
DSM,2022-23,"B+D,L,R,T",record,2022-11-02,1.4560550164277368
DSM,2022-23,"B+D,L,R,T",record,2022-11-03,1.0035593725968737
DSM,2022-23,"B+D,L,R,T",record,2022-11-04,0.4162873304831062
DSM,2022-23,"B+D,L,R,T",record,2022-11-05,0.5156901127268106
DSM,2022-23,"B+D,L,R,T",record,2022-11-06,-1.0277870098778825
DSM,2022-23,"B+D,L,R,T",record,2022-11-07,-1.0708884932520142
DSM,2022-23,"B+D,L,R,T",record,2022-11-08,0.3616232421096469
DSM,2022-23,"B+D,L,R,T",record,2022-11-09,1.006780961998661
DSM,2022-23,"B+D,L,R,T",record,2022-11-10,0.7010934131070032
DSM,2022-23,"B+D,L,R,T",record,2022-11-11,-0.3676779665354885
DSM,2022-23,"B+D,L,R,T",record,2022-11-12,-0.849281349945248
DSM,2022-23,"B+D,L,R,T",record,2022-11-13,-1.5372375482649099
DSM,2022-23,"B+D,L,R,T",record,2022-11-14,-0.6750368225693759
DSM,2022-23,"B+D,L,R,T",record,2022-11-15,0.20934158928704222
DSM,2022-23,"B+D,L,R,T",record,2022-11-16,-1.1046525639606248
DSM,2022-23,"B+D,L,R,T",record,2022-11-17,-1.1858926204194433
DSM,2022-23,"B+D,L,R,T",record,2022-11-18,-1.4356648558714293
DSM,2022-23,"B+D,L,R,T",record,2022-11-19,-0.888044631717801
DSM,2022-23,"B+D,L,R,T",record,2022-11-20,-0.9289003037977668
DSM,2022-23,"B+D,L,R,T",record,2022-11-21,-0.8849688801209354
DSM,2022-23,"B+D,L,R,T",record,2022-11-22,-0.2504161194060144
DSM,2022-23,"B+D,L,R,T",record,2022-11-23,-0.590202676405857
DSM,2022-23,"B+D,L,R,T",record,2022-11-24,-0.5550595555963488
DSM,2022-23,"B+D,L,R,T",record,2022-11-25,-0.1229476312191664
DSM,2022-23,"B+D,L,R,T",record,2022-11-26,-0.5457872918308442
DSM,2022-23,"B+D,L,R,T",record,2022-11-27,-0.7248921313062088
DSM,2022-23,"B+D,L,R,T",record,2022-11-28,-0.07885415612195497
DSM,2022-23,"B+D,L,R,T",record,2022-11-29,-0.07749512112164002
DSM,2022-23,"B+D,L,R,T",record,2022-12-01,-0.6102132703894213
DSM,2022-23,"B+D,L,R,T",record,2022-12-02,0.7538990431178763
DSM,2022-23,"B+D,L,R,T",record,2022-12-03,-1.1889383502299593
DSM,2022-23,"B+D,L,R,T",record,2022-12-04,-1.575995148479003
DSM,2022-23,"B+D,L,R,T",record,2022-12-05,-1.1698954997781312
DSM,2022-23,"B+D,L,R,T",record,2022-12-06,-1.3080382444080079
DSM,2022-23,"B+D,L,R,T",record,2022-12-07,-0.17989059363630225
DSM,2022-23,"B+D,L,R,T",record,2022-12-08,-1.4289321883119321
DSM,2022-23,"B+D,L,R,T",record,2022-12-09,0.27906607724247373
DSM,2022-23,"B+D,L,R,T",record,2022-12-10,-0.10375454120360694
DSM,2022-23,"B+D,L,R,T",record,2022-12-11,-1.1520748317337814
DSM,2022-23,"B+D,L,R,T",record,2022-12-12,-1.753219120654896
DSM,2022-23,"B+D,L,R,T",record,2022-12-13,-0.3699302905040842
DSM,2022-23,"B+D,L,R,T",record,2022-12-14,-1.3076935444416475
DSM,2022-23,"B+D,L,R,T",record,2022-12-15,-1.2361236934586957
DSM,2022-23,"B+D,L,R,T",record,2022-12-16,-1.088907300443359
DSM,2022-23,"B+D,L,R,T",record,2022-12-17,-1.644727768878032
DSM,2022-23,"B+D,L,R,T",record,2022-12-18,-2.035651587525045
DSM,2022-23,"B+D,L,R,T",record,2022-12-19,-1.7337753806417833
DSM,2022-23,"B+D,L,R,T",record,2022-12-20,-1.5873505552764295
DSM,2022-23,"B+D,L,R,T",record,2022-12-21,-2.086359947174406
DSM,2022-23,"B+D,L,R,T",record,2022-12-22,-0.8568176513930803
DSM,2022-23,"B+D,L,R,T",record,2022-12-23,-1.167546871495602
DSM,2022-23,"B+D,L,R,T",record,2022-12-24,-1.310695917613115
DSM,2022-23,"B+D,L,R,T",record,2022-12-25,-2.3694862719362315
DSM,2022-23,"B+D,L,R,T",record,2022-12-26,-1.3915049331798723
DSM,2022-23,"B+D,L,R,T",record,2022-12-27,-1.5054004130648755
DSM,2022-23,"B+D,L,R,T",record,2022-12-28,0.09333652115756048
DSM,2022-23,"B+D,L,R,T",record,2022-12-29,1.0538983536592033
DSM,2022-23,"B+D,L,R,T",record,2022-12-30,-1.678407653593777
DSM,2022-23,"B+D,L,R,T",record,2022-12-31,-0.8878112435246167
DSM,2022-23,"B+D,L,R,T",record,2023-01-01,-0.2992880982813939
DSM,2022-23,"B+D,L,R,T",record,2023-01-02,-1.2241545515089325
DSM,2022-23,"B+D,L,R,T",record,2023-01-03,0.6165521526005189
DSM,2022-23,"B+D,L,R,T",record,2023-01-04,-0.9077876444799029
DSM,2022-23,"B+D,L,R,T",record,2023-01-05,-1.273541240698527
DSM,2022-23,"B+D,L,R,T",record,2023-01-06,-1.375215030317633
DSM,2022-23,"B+D,L,R,T",record,2023-01-07,-1.5764353269372768
DSM,2022-23,"B+D,L,R,T",record,2023-01-08,-1.2010100326414597
DSM,2022-23,"B+D,L,R,T",record,2023-01-09,-0.8359955275712162
DSM,2022-23,"B+D,L,R,T",record,2023-01-10,-0.894736495496413
DSM,2022-23,"B+D,L,R,T",record,2023-01-11,-0.029213711233545343
DSM,2022-23,"B+D,L,R,T",record,2023-01-12,-1.026581084557894
DSM,2022-23,"B+D,L,R,T",record,2023-01-13,-1.7305110978460685
DSM,2022-23,"B+D,L,R,T",record,2023-01-14,-1.105069856998418
DSM,2022-23,"B+D,L,R,T",record,2023-01-15,-0.6165773155832638
DSM,2022-23,"B+D,L,R,T",record,2023-01-16,0.960499167918724
DSM,2022-23,"B+D,L,R,T",record,2023-01-17,-0.3066123230250033
DSM,2022-23,"B+D,L,R,T",record,2023-01-18,-1.1541402028670964
DSM,2022-23,"B+D,L,R,T",record,2023-01-19,-0.14145503473499169
DSM,2022-23,"B+D,L,R,T",record,2023-01-20,-0.3589503743653386
DSM,2022-23,"B+D,L,R,T",record,2023-01-21,-0.4549024117588042
DSM,2022-23,"B+D,L,R,T",record,2023-01-22,-0.23139268243865121
DSM,2022-23,"B+D,L,R,T",record,2023-01-23,0.5390654863142329
DSM,2022-23,"B+D,L,R,T",record,2023-01-24,0.3244313600685835
DSM,2022-23,"B+D,L,R,T",record,2023-01-25,0.5114770101092551
DSM,2022-23,"B+D,L,R,T",record,2023-01-26,-0.1959790936310386
DSM,2022-23,"B+D,L,R,T",record,2023-01-27,0.7128830341880592
DSM,2022-23,"B+D,L,R,T",record,2023-01-28,0.13830525051974857
DSM,2022-23,"B+D,L,R,T",record,2023-01-29,-0.6901115374886524
DSM,2022-23,"B+D,L,R,T",record,2023-01-30,-1.3374300663498575
DSM,2022-23,"B+D,L,R,T",record,2023-01-31,-1.2755859358258912
DSM,2022-23,"B+D,L,R,T",record,2023-02-01,-0.7571445664309391
DSM,2022-23,"B+D,L,R,T",record,2023-02-02,-0.38249924968220805
DSM,2022-23,"B+D,L,R,T",record,2023-02-03,-1.5420963921771291
DSM,2022-23,"B+D,L,R,T",record,2023-02-04,-0.33165893432581206
DSM,2022-23,"B+D,L,R,T",record,2023-02-05,0.34674052809285477
DSM,2022-23,"B+D,L,R,T",record,2023-02-06,1.5713741083393065
DSM,2022-23,"B+D,L,R,T",record,2023-02-07,0.3216840257515504
DSM,2022-23,"B+D,L,R,T",record,2023-02-08,0.048349668601917216
DSM,2022-23,"B+D,L,R,T",record,2023-02-09,0.44550220431697973
DSM,2022-23,"B+D,L,R,T",record,2023-02-10,-1.1341567737920317
DSM,2022-23,"B+D,L,R,T",record,2023-02-11,0.23084180036194032
DSM,2022-23,"B+D,L,R,T",record,2023-02-12,1.660509203519154
DSM,2022-23,"B+D,L,R,T",record,2023-02-13,0.45859682469418744
DSM,2022-23,"B+D,L,R,T",record,2023-02-14,1.5360019918072951
DSM,2022-23,"B+D,L,R,T",record,2023-02-15,-0.903979788432743
DSM,2022-23,"B+D,L,R,T",record,2023-02-16,0.16510308353650688
DSM,2022-23,"B+D,L,R,T",record,2023-02-17,-1.1696149432313065
DSM,2022-23,"B+D,L,R,T",record,2023-02-18,0.22798190120447473
DSM,2022-23,"B+D,L,R,T",record,2023-02-19,-0.5438630495638785
DSM,2022-23,"B+D,L,R,T",record,2023-02-20,0.33997792474117544
DSM,2022-23,"B+D,L,R,T",record,2023-02-21,-1.6848943629914168
DSM,2022-23,"B+D,L,R,T",record,2023-02-22,0.12144255691563695
DSM,2022-23,"B+D,L,R,T",record,2023-02-23,-0.9158016058463024
DSM,2022-23,"B+D,L,R,T",record,2023-02-24,-2.3325486276784297
DSM,2022-23,"B+D,L,R,T",record,2023-02-25,-0.2156942126701512
DSM,2022-23,"B+D,L,R,T",record,2023-02-26,0.8930892793420949
DSM,2022-23,"B+D,L,R,T",record,2023-02-27,2.0160441359589134
DSM,2022-23,"B+D,L,R,T",record,2023-02-28,0.23765744547660056
DSM,2022-23,"B+D,L,R,T",record,2023-03-01,0.8164055419239605
DSM,2022-23,"B+D,L,R,T",record,2023-03-02,-1.8050442493294614
DSM,2022-23,"B+D,L,R,T",record,2023-03-03,-1.3023675354725106
DSM,2022-23,"B+D,L,R,T",record,2023-03-04,0.40546424884389964
DSM,2022-23,"B+D,L,R,T",record,2023-03-05,-0.6381460300816569
DSM,2022-23,"B+D,L,R,T",record,2023-03-06,-0.42110611695445654
DSM,2022-23,"B+D,L,R,T",record,2023-03-07,-0.2117917308833016
DSM,2022-23,"B+D,L,R,T",record,2023-03-08,0.7406519319489291
DSM,2022-23,"B+D,L,R,T",record,2023-03-09,0.44071166988872945
DSM,2022-23,"B+D,L,R,T",record,2023-03-10,-0.5795368515609294
DSM,2022-23,"B+D,L,R,T",record,2023-03-11,-1.6751744661202697
DSM,2022-23,"B+D,L,R,T",record,2023-03-12,-1.1681889686697082
DSM,2022-23,"B+D,L,R,T",record,2023-03-13,-0.3970689458527719
DSM,2022-23,"B+D,L,R,T",record,2023-03-14,0.14135597291369814
DSM,2022-23,"B+D,L,R,T",record,2023-03-15,-0.1945511327400592
DSM,2022-23,"B+D,L,R,T",record,2023-03-16,0.09589259887494961
DSM,2022-23,"B+D,L,R,T",record,2023-03-17,-0.6033741605413089
DSM,2022-23,"B+D,L,R,T",record,2023-03-18,-1.3448402732659603
DSM,2022-23,"B+D,L,R,T",record,2023-03-19,-0.8757984023090208
DSM,2022-23,"B+D,L,R,T",record,2023-03-20,0.16908891425525793
DSM,2022-23,"B+D,L,R,T",record,2023-03-21,-0.4843750830452215
DSM,2022-23,"B+D,L,R,T",record,2023-03-22,0.6622104856354141
DSM,2022-23,"B+D,L,R,T",record,2023-03-23,-1.2360043416169753
DSM,2022-23,"B+D,L,R,T",record,2023-03-24,-0.370473129214505
DSM,2022-23,"B+D,L,R,T",record,2023-03-25,-0.47793168859773955
DSM,2022-23,"B+D,L,R,T",record,2023-03-26,0.18658968523106256
DSM,2022-23,"B+D,L,R,T",record,2023-03-27,-0.4788689853668485
DSM,2022-23,"B+D,L,R,T",record,2023-03-28,-0.8227552402338876
DSM,2022-23,"B+D,L,R,T",record,2023-03-29,-1.9506674791322125
DSM,2022-23,"B+D,L,R,T",record,2023-03-30,0.583667866906885
DSM,2022-23,"B+D,L,R,T",record,2023-03-31,2.067539818494935
DSM,2022-23,"B+D,L,R,T",record,2023-04-01,-0.930284492946788
DSM,2022-23,"B+D,L,R,T",record,2023-04-02,1.2879442616327754
DSM,2022-23,"B+D,L,R,T",record,2023-04-03,0.22636231854065847
DSM,2022-23,"B+D,L,R,T",record,2023-04-04,0.2171610567330681
DSM,2022-23,"B+D,L,R,T",record,2023-04-05,-0.12077465808590279
DSM,2022-23,"B+D,L,R,T",record,2023-04-06,0.18090739984964
DSM,2022-23,"B+D,L,R,T",record,2023-04-07,0.42976003425638226
DSM,2022-23,"B+D,L,R,T",record,2023-04-08,-0.6577659410668887
DSM,2022-23,"B+D,L,R,T",record,2023-04-09,-0.34376182074290224
DSM,2022-23,"B+D,L,R,T",record,2023-04-10,-0.3565165654102843
DSM,2022-23,"B+D,L,R,T",record,2023-04-11,0.8237685709706599
DSM,2022-23,"B+D,L,R,T",record,2023-04-12,2.2479340569682424
DSM,2022-23,"B+D,L,R,T",record,2023-04-13,1.4416383235364785
DSM,2022-23,"B+D,L,R,T",record,2023-04-14,0.34554852120625323
DSM,2022-23,"B+D,L,R,T",record,2023-04-15,0.08541116519597551
DSM,2022-23,"B+D,L,R,T",record,2023-04-16,-0.953103731531073
DSM,2022-23,"B+D,L,R,T",record,2023-04-17,1.69224929346377
DSM,2022-23,"B+D,L,R,T",record,2023-04-18,0.24081442923306667
DSM,2022-23,"B+D,L,R,T",record,2023-04-19,0.3387443937813826
DSM,2022-23,"B+D,L,R,T",record,2023-04-20,1.3917333688310638
DSM,2022-23,"B+D,L,R,T",record,2023-04-21,0.4498772053849169
DSM,2022-23,"B+D,L,R,T",record,2023-04-22,-1.3277618818184005
DSM,2022-23,"B+D,L,R,T",record,2023-04-23,-0.46883748186305485
DSM,2022-23,"B+D,L,R,T",record,2023-04-24,0.14583509886693535
DSM,2022-23,"B+D,L,R,T",record,2023-04-25,-0.3691642181092655
DSM,2022-23,"B+D,L,R,T",record,2023-04-26,-0.11611438408114948
DSM,2022-23,"B+D,L,R,T",record,2023-04-27,0.9728779811668512
DSM,2022-23,"B+D,L,R,T",record,2023-04-28,0.29799352407574675
DSM,2022-23,"B+D,L,R,T",record,2023-04-29,-0.43744617854504364
DSM,2022-23,"B+D,L,R,T",record,2023-04-30,0.5916103635066
DSM,2022-23,"B+D,L,R,T",record,2023-05-01,2.114424699862433
DSM,2022-23,"B+D,L,R,T",record,2023-05-02,2.0356056013070027
DSM,2022-23,"B+D,L,R,T",record,2023-05-03,1.4877648718875682
DSM,2022-23,"B+D,L,R,T",record,2023-05-04,1.5761803066565494
DSM,2022-23,"B+D,L,R,T",record,2023-05-05,1.5752663697081037
DSM,2022-23,"B+D,L,R,T",record,2023-05-06,1.7661754492307924
DSM,2022-23,"B+D,L,R,T",record,2023-05-07,1.5485257550661449
DSM,2022-23,"B+D,L,R,T",record,2023-05-08,2.1004715777360756
DSM,2022-23,"B+D,L,R,T",record,2023-05-09,1.2204219928157078
DSM,2022-23,"B+D,L,R,T",record,2023-05-10,0.18013428596044412
DSM,2022-23,"B+D,L,R,T",record,2023-05-11,0.6765058300187766
DSM,2022-23,"B+D,L,R,T",record,2023-05-12,1.1733429582562924
DSM,2022-23,"B+D,L,R,T",record,2023-05-13,2.398192383523732
DSM,2022-23,"B+D,L,R,T",record,2023-05-14,1.9970929752907476
DSM,2022-23,"B+D,L,R,T",record,2023-05-15,1.096324242104865
DSM,2022-23,"B+D,L,R,T",record,2023-05-16,0.903800721435277
DSM,2022-23,"B+D,L,R,T",record,2023-05-17,1.5688101736401603
DSM,2022-23,"B+D,L,R,T",record,2023-05-18,2.83292751217995
DSM,2022-23,"B+D,L,R,T",record,2023-05-19,1.132750078091251
DSM,2022-23,"B+D,L,R,T",record,2023-05-20,1.4811809946821644
DSM,2022-23,"B+D,L,R,T",record,2023-05-21,1.4885140889960944
DSM,2022-23,"B+D,L,R,T",record,2023-05-22,2.772805188741364
DSM,2022-23,"B+D,L,R,T",record,2023-05-23,2.1721972081662555
DSM,2022-23,"B+D,L,R,T",record,2023-05-24,2.1584003054573193
DSM,2022-23,"B+D,L,R,T",record,2023-05-25,0.9488847452616128
DSM,2022-23,"B+D,L,R,T",record,2023-05-26,2.2577715194219024
DSM,2022-23,"B+D,L,R,T",record,2023-05-27,2.2502826075879896
DSM,2022-23,"B+D,L,R,T",record,2023-05-28,2.5057490176354573
DSM,2022-23,"B+D,L,R,T",record,2023-05-29,1.2276520276208713
DSM,2022-23,"B+D,L,R,T",record,2023-05-30,2.224608849905249
DSM,2022-23,"B+D,L,R,T",record,2023-05-31,2.54567149268612
DSM,2022-23,"B+D,L,R,T",record,2023-06-01,0.6849577106817886
DSM,2022-23,"B+D,L,R,T",record,2023-06-02,2.0523748608880723
DSM,2022-23,"B+D,L,R,T",record,2023-06-03,2.4884858852061966
DSM,2022-23,"B+D,L,R,T",record,2023-06-04,1.162155656766671
DSM,2022-23,"B+D,L,R,T",record,2023-06-05,0.7289371456211658
DSM,2022-23,"B+D,L,R,T",record,2023-06-06,2.5281788553949394
DSM,2022-23,"B+D,L,R,T",record,2023-06-07,1.284396353855032
DSM,2022-23,"B+D,L,R,T",record,2023-06-08,-0.14384294560325978
DSM,2022-23,"B+D,L,R,T",record,2023-06-09,2.8759222617941416
DSM,2022-23,"B+D,L,R,T",record,2023-06-10,1.5933821113547542
DSM,2022-23,"B+D,L,R,T",record,2023-06-11,1.2133319249439614
DSM,2022-23,"B+D,L,R,T",record,2023-06-12,2.775376490574222
DSM,2022-23,"B+D,L,R,T",record,2023-06-13,2.8918177762912904
DSM,2022-23,"B+D,L,R,T",record,2023-06-14,1.5739435107070652
DSM,2022-23,"B+D,L,R,T",record,2023-06-15,2.301768522058544
DSM,2022-23,"B+D,L,R,T",record,2023-06-16,2.117588084825781
DSM,2022-23,"B+D,L,R,T",record,2023-06-17,1.9378696669909423
DSM,2022-23,"B+D,L,R,T",record,2023-06-18,1.3378516359696409
DSM,2022-23,"B+D,L,R,T",record,2023-06-19,2.3521292941084657
DSM,2022-23,"B+D,L,R,T",record,2023-06-20,2.934580352243178
DSM,2022-23,"B+D,L,R,T",record,2023-06-21,2.85715212249101
DSM,2022-23,"B+D,L,R,T",record,2023-06-22,2.2942389426327066
DSM,2022-23,"B+D,L,R,T",record,2023-06-23,1.0227833980115033
DSM,2022-23,"B+D,L,R,T",record,2023-06-24,1.1674470516490487
DSM,2022-23,"B+D,L,R,T",record,2023-06-25,1.3545419316355787
DSM,2022-23,"B+D,L,R,T",record,2023-06-26,0.238766049125145
DSM,2022-23,"B+D,L,R,T",record,2023-06-27,1.9645120472951647
DSM,2022-23,"B+D,L,R,T",record,2023-06-28,0.018434485026683708
DSM,2022-23,"B+D,L,R,T",record,2023-06-29,-0.06772219792149868
DSM,2022-23,"B+D,L,R,T",record,2023-06-30,1.1153411433118685
DSM,2022-23,"B+D,L,R,T",record,2023-07-01,0.9835257149230581
DSM,2022-23,"B+D,L,R,T",record,2023-07-02,0.9082245459545104
DSM,2022-23,"B+D,L,R,T",record,2023-07-03,0.4881725442762788
DSM,2022-23,"B+D,L,R,T",record,2023-07-04,0.9301353496725089
DSM,2022-23,"B+D,L,R,T",record,2023-07-05,2.3452425401312205
DSM,2022-23,"B+D,L,R,T",record,2023-07-06,1.7138412839983765
DSM,2022-23,"B+D,L,R,T",record,2023-07-07,1.8917055281267652
DSM,2022-23,"B+D,L,R,T",record,2023-07-08,2.281930014067112
DSM,2022-23,"B+D,L,R,T",record,2023-07-09,1.3540023741821796
DSM,2022-23,"B+D,L,R,T",record,2023-07-10,0.4900516460199153
DSM,2022-23,"B+D,L,R,T",record,2023-07-11,1.5608477004577426
DSM,2022-23,"B+D,L,R,T",record,2023-07-12,-0.1847354027902805
DSM,2022-23,"B+D,L,R,T",record,2023-07-13,1.3882969086693746
DSM,2022-23,"B+D,L,R,T",record,2023-07-14,0.0002334761923301548
DSM,2022-23,"B+D,L,R,T",record,2023-07-15,0.3675546932291826
DSM,2022-23,"B+D,L,R,T",record,2023-07-16,-0.5039145818411928
DSM,2022-23,"B+D,L,R,T",record,2023-07-17,1.0941424927629333
DSM,2022-23,"B+D,L,R,T",record,2023-07-18,0.4526094091386391
DSM,2022-23,"B+D,L,R,T",record,2023-07-19,0.32604719890746214
DSM,2022-23,"B+D,L,R,T",record,2023-07-20,1.2811731976685226
DSM,2022-23,"B+D,L,R,T",record,2023-07-21,-1.3628068160691336
DSM,2022-23,"B+D,L,R,T",record,2023-07-22,-1.8170986028470095
DSM,2022-23,"B+D,L,R,T",record,2023-07-23,-1.5365019452175304
DSM,2022-23,"B+D,L,R,T",record,2023-07-24,-1.8483064422913564
DSM,2022-23,"B+D,L,R,T",record,2023-07-25,-2.154890342479433
DSM,2022-23,"B+D,L,R,T",record,2023-07-26,-2.1284325238062842
DSM,2022-23,"B+D,L,R,T",record,2023-07-27,-2.290729734842097
DSM,2022-23,"B+D,L,R,T",record,2023-07-28,-1.9431329376295166
DSM,2022-23,"B+D,L,R,T",record,2023-07-29,-2.021534194909488
DSM,2022-23,"B+D,L,R,T",record,2023-07-30,-1.947466338451714
DSM,2022-23,"B+D,L,R,T",record,2023-07-31,-1.7108777664736747
DSM,2023-24,"B+D,L,R,T",record,2023-08-01,-3.64557391873988
DSM,2023-24,"B+D,L,R,T",record,2023-08-02,-0.10221822297850253
DSM,2023-24,"B+D,L,R,T",record,2023-08-03,-1.053161262204854
DSM,2023-24,"B+D,L,R,T",record,2023-08-04,-2.3271749786655027
DSM,2023-24,"B+D,L,R,T",record,2023-08-05,-2.6433850325288106
DSM,2023-24,"B+D,L,R,T",record,2023-08-06,-0.4018622499690936
DSM,2023-24,"B+D,L,R,T",record,2023-08-07,-0.2793588419002807
DSM,2023-24,"B+D,L,R,T",record,2023-08-08,-1.3915638973060132
DSM,2023-24,"B+D,L,R,T",record,2023-08-09,-0.7670526966108882
DSM,2023-24,"B+D,L,R,T",record,2023-08-10,-1.0113280843662085
DSM,2023-24,"B+D,L,R,T",record,2023-08-11,-2.3385819292025616
DSM,2023-24,"B+D,L,R,T",record,2023-08-12,-1.687636519427966
DSM,2023-24,"B+D,L,R,T",record,2023-08-13,0.045187879555952146
DSM,2023-24,"B+D,L,R,T",record,2023-08-14,0.6854090919440567
DSM,2023-24,"B+D,L,R,T",record,2023-08-15,-1.5775257808231002
DSM,2023-24,"B+D,L,R,T",record,2023-08-16,-1.1330589459913947
DSM,2023-24,"B+D,L,R,T",record,2023-08-17,-2.1151522073851243
DSM,2023-24,"B+D,L,R,T",record,2023-08-18,-1.4214728397090992
DSM,2023-24,"B+D,L,R,T",record,2023-08-19,-2.8647183862765275
DSM,2023-24,"B+D,L,R,T",record,2023-08-20,-3.8822398156620728
DSM,2023-24,"B+D,L,R,T",record,2023-08-21,-3.539908919248884
DSM,2023-24,"B+D,L,R,T",record,2023-08-22,-4.233860384721583
DSM,2023-24,"B+D,L,R,T",record,2023-08-23,-3.5831115494155243
DSM,2023-24,"B+D,L,R,T",record,2023-08-24,-3.4898793160238637
DSM,2023-24,"B+D,L,R,T",record,2023-08-25,-3.805850038547067
DSM,2023-24,"B+D,L,R,T",record,2023-08-26,-3.1608624686352678
DSM,2023-24,"B+D,L,R,T",record,2023-08-27,-2.947796910508421
DSM,2023-24,"B+D,L,R,T",record,2023-08-28,-3.9867742902253056
DSM,2023-24,"B+D,L,R,T",record,2023-08-29,-3.9527111013383056
DSM,2023-24,"B+D,L,R,T",record,2023-08-30,-3.55234734590684
DSM,2023-24,"B+D,L,R,T",record,2023-08-31,-3.1569364916453466
DSM,2023-24,"B+D,L,R,T",record,2023-09-01,-3.8780573365077435
DSM,2023-24,"B+D,L,R,T",record,2023-09-02,-3.9608030527472784
DSM,2023-24,"B+D,L,R,T",record,2023-09-03,-3.8770491865302388
DSM,2023-24,"B+D,L,R,T",record,2023-09-04,-3.604414385084911
DSM,2023-24,"B+D,L,R,T",record,2023-09-05,-3.6297213202857566
DSM,2023-24,"B+D,L,R,T",record,2023-09-06,-1.9395622629684088
DSM,2023-24,"B+D,L,R,T",record,2023-09-07,-1.9052643960006124
DSM,2023-24,"B+D,L,R,T",record,2023-09-08,-2.217572228869261
DSM,2023-24,"B+D,L,R,T",record,2023-09-09,-3.7134949491012152
DSM,2023-24,"B+D,L,R,T",record,2023-09-10,-1.0470077240891928
DSM,2023-24,"B+D,L,R,T",record,2023-09-11,-0.5473885141685633
DSM,2023-24,"B+D,L,R,T",record,2023-09-12,-2.1350160860699496
DSM,2023-24,"B+D,L,R,T",record,2023-09-13,-1.7438719033737173
DSM,2023-24,"B+D,L,R,T",record,2023-09-14,-1.5125534077754446
DSM,2023-24,"B+D,L,R,T",record,2023-09-15,-1.3360288021077213
DSM,2023-24,"B+D,L,R,T",record,2023-09-16,-0.9655606159508835
DSM,2023-24,"B+D,L,R,T",record,2023-09-17,-1.8818573726241632
DSM,2023-24,"B+D,L,R,T",record,2023-09-18,-1.4831221967396944
DSM,2023-24,"B+D,L,R,T",record,2023-09-19,-2.7771212805147916
DSM,2023-24,"B+D,L,R,T",record,2023-09-20,-0.8989942365410026
DSM,2023-24,"B+D,L,R,T",record,2023-09-21,-1.868439556909996
DSM,2023-24,"B+D,L,R,T",record,2023-09-22,-0.28140815209741415
DSM,2023-24,"B+D,L,R,T",record,2023-09-23,-0.7135082043808885
DSM,2023-24,"B+D,L,R,T",record,2023-09-24,-1.0010626079069878
DSM,2023-24,"B+D,L,R,T",record,2023-09-25,-1.3232086888343175
DSM,2023-24,"B+D,L,R,T",record,2023-09-26,-0.15137884757314748
DSM,2023-24,"B+D,L,R,T",record,2023-09-27,-0.6229921681236423
DSM,2023-24,"B+D,L,R,T",record,2023-09-28,-0.3691155896837362
DSM,2023-24,"B+D,L,R,T",record,2023-09-29,-2.700268109693515
DSM,2023-24,"B+D,L,R,T",record,2023-09-30,-3.2604625581565014
DSM,2023-24,"B+D,L,R,T",record,2023-10-01,-3.5477380031203363
DSM,2023-24,"B+D,L,R,T",record,2023-10-02,-3.659121377156136
DSM,2023-24,"B+D,L,R,T",record,2023-10-03,-1.8866187076041172
DSM,2023-24,"B+D,L,R,T",record,2023-10-04,-1.1286758150912455
DSM,2023-24,"B+D,L,R,T",record,2023-10-05,-1.6254890538974596
DSM,2023-24,"B+D,L,R,T",record,2023-10-06,-1.559901635325735
DSM,2023-24,"B+D,L,R,T",record,2023-10-07,-0.9372338176867626
DSM,2023-24,"B+D,L,R,T",record,2023-10-08,-1.0316629260095709
DSM,2023-24,"B+D,L,R,T",record,2023-10-09,-0.38533835548962203
DSM,2023-24,"B+D,L,R,T",record,2023-10-10,-0.392020071150161
DSM,2023-24,"B+D,L,R,T",record,2023-10-11,-0.9200809296285752
DSM,2023-24,"B+D,L,R,T",record,2023-10-12,-0.7343932358940695
DSM,2023-24,"B+D,L,R,T",record,2023-10-13,-0.7512177631118085
DSM,2023-24,"B+D,L,R,T",record,2023-10-14,-0.4285904480667228
DSM,2023-24,"B+D,L,R,T",record,2023-10-15,-0.47769178744925656
DSM,2023-24,"B+D,L,R,T",record,2023-10-16,-0.6394473469947073
DSM,2023-24,"B+D,L,R,T",record,2023-10-17,-1.2398020299635337
DSM,2023-24,"B+D,L,R,T",record,2023-10-18,-0.4032569185478622
DSM,2023-24,"B+D,L,R,T",record,2023-10-19,-0.5158717022003486
DSM,2023-24,"B+D,L,R,T",record,2023-10-20,-0.6384635149076887
DSM,2023-24,"B+D,L,R,T",record,2023-10-21,-0.4968068161455184
DSM,2023-24,"B+D,L,R,T",record,2023-10-22,-1.2380019690062871
DSM,2023-24,"B+D,L,R,T",record,2023-10-23,0.1443620973185706
DSM,2023-24,"B+D,L,R,T",record,2023-10-24,-0.7415645940157636
DSM,2023-24,"B+D,L,R,T",record,2023-10-25,-0.518442805799342
DSM,2023-24,"B+D,L,R,T",record,2023-10-26,0.19642424506897813
DSM,2023-24,"B+D,L,R,T",record,2023-10-27,-0.004175193649029857
DSM,2023-24,"B+D,L,R,T",record,2023-10-28,-1.0117616549686062
DSM,2023-24,"B+D,L,R,T",record,2023-10-29,-1.4038294584970348
DSM,2023-24,"B+D,L,R,T",record,2023-10-30,-0.7007824171141159
DSM,2023-24,"B+D,L,R,T",record,2023-10-31,-0.6379502293166129
DSM,2023-24,"B+D,L,R,T",record,2023-11-01,-1.258253538669211
DSM,2023-24,"B+D,L,R,T",record,2023-11-02,-0.7740293015960225
DSM,2023-24,"B+D,L,R,T",record,2023-11-03,0.15929738833922025
DSM,2023-24,"B+D,L,R,T",record,2023-11-04,-0.8842403751350212
DSM,2023-24,"B+D,L,R,T",record,2023-11-05,-1.6404410071692128
DSM,2023-24,"B+D,L,R,T",record,2023-11-06,-1.2070425697425602
DSM,2023-24,"B+D,L,R,T",record,2023-11-07,-1.145879038384387
DSM,2023-24,"B+D,L,R,T",record,2023-11-08,0.10836194100457704
DSM,2023-24,"B+D,L,R,T",record,2023-11-09,-0.869186063346569
DSM,2023-24,"B+D,L,R,T",record,2023-11-10,-0.008223130854295203
DSM,2023-24,"B+D,L,R,T",record,2023-11-11,-1.3987420618434117
DSM,2023-24,"B+D,L,R,T",record,2023-11-12,-0.1824788665542139
DSM,2023-24,"B+D,L,R,T",record,2023-11-13,-0.9811194941119787
DSM,2023-24,"B+D,L,R,T",record,2023-11-14,-0.9152623117336782
DSM,2023-24,"B+D,L,R,T",record,2023-11-15,-1.0961296811336938
DSM,2023-24,"B+D,L,R,T",record,2023-11-16,-0.9246047953429316
DSM,2023-24,"B+D,L,R,T",record,2023-11-17,-1.0603534422385013
DSM,2023-24,"B+D,L,R,T",record,2023-11-18,-1.2380980683575242
DSM,2023-24,"B+D,L,R,T",record,2023-11-19,-0.5273251125101954
DSM,2023-24,"B+D,L,R,T",record,2023-11-20,-0.28790780727551835
DSM,2023-24,"B+D,L,R,T",record,2023-11-21,0.0014980742431269438
DSM,2023-24,"B+D,L,R,T",record,2023-11-22,-1.1423634902205788
DSM,2023-24,"B+D,L,R,T",record,2023-11-23,-0.29416093459891035
DSM,2023-24,"B+D,L,R,T",record,2023-11-24,-1.3455174659712796
DSM,2023-24,"B+D,L,R,T",record,2023-11-25,-2.013022337703776
DSM,2023-24,"B+D,L,R,T",record,2023-11-26,-0.4199217110354776
DSM,2023-24,"B+D,L,R,T",record,2023-11-27,-0.7588765482570389
DSM,2023-24,"B+D,L,R,T",record,2023-11-28,-1.269730639759762
DSM,2023-24,"B+D,L,R,T",record,2023-11-29,-0.6083295651135359
DSM,2023-24,"B+D,L,R,T",record,2023-11-30,0.04489616445115608
DSM,2023-24,"B+D,L,R,T",record,2023-12-01,-0.6779828113687144
DSM,2023-24,"B+D,L,R,T",record,2023-12-02,-1.391017587279306
DSM,2023-24,"B+D,L,R,T",record,2023-12-03,-1.347564240007341
DSM,2023-24,"B+D,L,R,T",record,2023-12-04,-0.9257991294325334
DSM,2023-24,"B+D,L,R,T",record,2023-12-05,-1.1863098107257484
DSM,2023-24,"B+D,L,R,T",record,2023-12-06,-0.9132647411588608
DSM,2023-24,"B+D,L,R,T",record,2023-12-07,-0.9625176062177196
DSM,2023-24,"B+D,L,R,T",record,2023-12-08,0.15710416829495974
DSM,2023-24,"B+D,L,R,T",record,2023-12-09,-0.8312296244815333
DSM,2023-24,"B+D,L,R,T",record,2023-12-10,-2.164678261113017
DSM,2023-24,"B+D,L,R,T",record,2023-12-11,-1.5298408136844333
DSM,2023-24,"B+D,L,R,T",record,2023-12-12,-1.6180232888365955
DSM,2023-24,"B+D,L,R,T",record,2023-12-13,-1.035297274030863
DSM,2023-24,"B+D,L,R,T",record,2023-12-14,-1.5590333564640009
DSM,2023-24,"B+D,L,R,T",record,2023-12-15,-1.150657887640406
DSM,2023-24,"B+D,L,R,T",record,2023-12-16,-0.5881996817785947
DSM,2023-24,"B+D,L,R,T",record,2023-12-17,-1.0875424633869768
DSM,2023-24,"B+D,L,R,T",record,2023-12-18,-1.0518303904701456
DSM,2023-24,"B+D,L,R,T",record,2023-12-19,-1.664762209372981
DSM,2023-24,"B+D,L,R,T",record,2023-12-20,-0.7310750477886349
DSM,2023-24,"B+D,L,R,T",record,2023-12-21,0.25229369361767345
DSM,2023-24,"B+D,L,R,T",record,2023-12-22,-0.1208624005596448
DSM,2023-24,"B+D,L,R,T",record,2023-12-23,-0.7258726771454407
DSM,2023-24,"B+D,L,R,T",record,2023-12-24,-0.18258687700609738
DSM,2023-24,"B+D,L,R,T",record,2023-12-25,0.40334395924503735
DSM,2023-24,"B+D,L,R,T",record,2023-12-26,-1.2415958020007176
DSM,2023-24,"B+D,L,R,T",record,2023-12-27,-0.34074386325656086
DSM,2023-24,"B+D,L,R,T",record,2023-12-28,-1.9180386188249583
DSM,2023-24,"B+D,L,R,T",record,2023-12-29,-1.169988118846068
DSM,2023-24,"B+D,L,R,T",record,2023-12-30,-1.012370680476315
DSM,2023-24,"B+D,L,R,T",record,2023-12-31,-1.9166903279604361
DSM,2023-24,"B+D,L,R,T",record,2024-01-01,-1.9023863992097445
DSM,2023-24,"B+D,L,R,T",record,2024-01-02,-1.6979069500000978
DSM,2023-24,"B+D,L,R,T",record,2024-01-03,-1.4965184340667173
DSM,2023-24,"B+D,L,R,T",record,2024-01-04,-2.0939432243822194
DSM,2023-24,"B+D,L,R,T",record,2024-01-05,-2.295015307223278
DSM,2023-24,"B+D,L,R,T",record,2024-01-06,-2.327986326955417
DSM,2023-24,"B+D,L,R,T",record,2024-01-07,-1.351901887545876
DSM,2023-24,"B+D,L,R,T",record,2024-01-08,-0.27974116121701004
DSM,2023-24,"B+D,L,R,T",record,2024-01-09,-0.2848154196280801
DSM,2023-24,"B+D,L,R,T",record,2024-01-10,-1.7479353130119752
DSM,2023-24,"B+D,L,R,T",record,2024-01-11,-0.28102865285877315
DSM,2023-24,"B+D,L,R,T",record,2024-01-12,-0.13373560661657724
DSM,2023-24,"B+D,L,R,T",record,2024-01-13,-1.127670619281882
DSM,2023-24,"B+D,L,R,T",record,2024-01-14,-0.8798446415486227
DSM,2023-24,"B+D,L,R,T",record,2024-01-15,-1.2091786465617063
DSM,2023-24,"B+D,L,R,T",record,2024-01-16,-1.0320272298827755
DSM,2023-24,"B+D,L,R,T",record,2024-01-17,-1.482817472762507
DSM,2023-24,"B+D,L,R,T",record,2024-01-18,-0.9349370907171853
DSM,2023-24,"B+D,L,R,T",record,2024-01-19,-0.7067800249146295
DSM,2023-24,"B+D,L,R,T",record,2024-01-20,-1.6022283270831266
DSM,2023-24,"B+D,L,R,T",record,2024-01-21,-1.1425586029288206
DSM,2023-24,"B+D,L,R,T",record,2024-01-22,0.11762877540383972
DSM,2023-24,"B+D,L,R,T",record,2024-01-23,-0.0711699256795815
DSM,2023-24,"B+D,L,R,T",record,2024-01-24,0.2560250042311595
DSM,2023-24,"B+D,L,R,T",record,2024-01-25,0.07119807383797545
DSM,2023-24,"B+D,L,R,T",record,2024-01-26,0.2951261899740723
DSM,2023-24,"B+D,L,R,T",record,2024-01-27,0.19727300316016955
DSM,2023-24,"B+D,L,R,T",record,2024-01-28,0.3860578687014248
DSM,2023-24,"B+D,L,R,T",record,2024-01-29,0.08669992397132856
DSM,2023-24,"B+D,L,R,T",record,2024-01-30,0.3867128984557191
DSM,2023-24,"B+D,L,R,T",record,2024-01-31,0.932225316610086
DSM,2023-24,"B+D,L,R,T",record,2024-02-01,0.3673181378674113
DSM,2023-24,"B+D,L,R,T",record,2024-02-02,0.8127244932733039
DSM,2023-24,"B+D,L,R,T",record,2024-02-03,0.8753045335907066
DSM,2023-24,"B+D,L,R,T",record,2024-02-04,0.6166401556057612
DSM,2023-24,"B+D,L,R,T",record,2024-02-05,-0.8076992163583127
DSM,2023-24,"B+D,L,R,T",record,2024-02-06,0.9470504324044775
DSM,2023-24,"B+D,L,R,T",record,2024-02-07,-0.1608734978879794
DSM,2023-24,"B+D,L,R,T",record,2024-02-08,0.6621474838536937
DSM,2023-24,"B+D,L,R,T",record,2024-02-09,0.8838430404595168
DSM,2023-24,"B+D,L,R,T",record,2024-02-10,-0.5399487802172506
DSM,2023-24,"B+D,L,R,T",record,2024-02-11,-0.6303313844183362
DSM,2023-24,"B+D,L,R,T",record,2024-02-12,-0.3800579222608795
DSM,2023-24,"B+D,L,R,T",record,2024-02-13,-0.4718608723682901
DSM,2023-24,"B+D,L,R,T",record,2024-02-14,-0.2997492717122824
DSM,2023-24,"B+D,L,R,T",record,2024-02-15,0.4365934888767828
DSM,2023-24,"B+D,L,R,T",record,2024-02-16,-0.810271584486641
DSM,2023-24,"B+D,L,R,T",record,2024-02-17,-0.27038162416233286
DSM,2023-24,"B+D,L,R,T",record,2024-02-18,0.956833927393939
DSM,2023-24,"B+D,L,R,T",record,2024-02-19,0.5876622027230007
DSM,2023-24,"B+D,L,R,T",record,2024-02-20,0.7727309184526026
DSM,2023-24,"B+D,L,R,T",record,2024-02-21,0.3156013709412391
DSM,2023-24,"B+D,L,R,T",record,2024-02-22,1.113954054058395
DSM,2023-24,"B+D,L,R,T",record,2024-02-23,0.8704675330375641
DSM,2023-24,"B+D,L,R,T",record,2024-02-24,0.11566021738616016
DSM,2023-24,"B+D,L,R,T",record,2024-02-25,-0.192847249467516
DSM,2023-24,"B+D,L,R,T",record,2024-02-26,0.7476045161626462
DSM,2023-24,"B+D,L,R,T",record,2024-02-27,0.15010207542081244
DSM,2023-24,"B+D,L,R,T",record,2024-02-28,-0.38773246595974104
DSM,2023-24,"B+D,L,R,T",record,2024-02-29,0.7314856498022368
DSM,2023-24,"B+D,L,R,T",record,2024-03-01,1.1488558345403292
DSM,2023-24,"B+D,L,R,T",record,2024-03-02,1.269298592514287
DSM,2023-24,"B+D,L,R,T",record,2024-03-03,2.012166695719499
DSM,2023-24,"B+D,L,R,T",record,2024-03-04,-0.21161421362795954
DSM,2023-24,"B+D,L,R,T",record,2024-03-05,-0.9387309929192917
DSM,2023-24,"B+D,L,R,T",record,2024-03-06,-0.45799662524986967
DSM,2023-24,"B+D,L,R,T",record,2024-03-07,-0.5965143764547861
DSM,2023-24,"B+D,L,R,T",record,2024-03-08,-0.6796374920961787
DSM,2023-24,"B+D,L,R,T",record,2024-03-09,-0.03414844774733108
DSM,2023-24,"B+D,L,R,T",record,2024-03-10,-1.2372541358456641
DSM,2023-24,"B+D,L,R,T",record,2024-03-11,1.672362207432197
DSM,2023-24,"B+D,L,R,T",record,2024-03-12,0.9860195931990685
DSM,2023-24,"B+D,L,R,T",record,2024-03-13,-0.3321518781529838
DSM,2023-24,"B+D,L,R,T",record,2024-03-14,0.7540579229050567
DSM,2023-24,"B+D,L,R,T",record,2024-03-15,1.169492921559558
DSM,2023-24,"B+D,L,R,T",record,2024-03-16,0.5492411223907426
DSM,2023-24,"B+D,L,R,T",record,2024-03-17,-0.4922143857489614
DSM,2023-24,"B+D,L,R,T",record,2024-03-18,-0.6230605579155218
DSM,2023-24,"B+D,L,R,T",record,2024-03-19,0.6596667672380477
DSM,2023-24,"B+D,L,R,T",record,2024-03-20,-0.6896604022719572
DSM,2023-24,"B+D,L,R,T",record,2024-03-21,-0.8025554006471779
DSM,2023-24,"B+D,L,R,T",record,2024-03-22,-0.9727015436940853
DSM,2023-24,"B+D,L,R,T",record,2024-03-23,-2.3481558715706528
DSM,2023-24,"B+D,L,R,T",record,2024-03-24,0.07031095859088024
DSM,2023-24,"B+D,L,R,T",record,2024-03-25,2.0899149051858323
DSM,2023-24,"B+D,L,R,T",record,2024-03-26,-1.290196385214322
DSM,2023-24,"B+D,L,R,T",record,2024-03-27,-0.7375432686413084
DSM,2023-24,"B+D,L,R,T",record,2024-03-28,-0.5793082783165988
DSM,2023-24,"B+D,L,R,T",record,2024-03-29,0.32951221414270543
DSM,2023-24,"B+D,L,R,T",record,2024-03-30,0.18769711914978632
DSM,2023-24,"B+D,L,R,T",record,2024-03-31,-0.8703594317381804
DSM,2023-24,"B+D,L,R,T",record,2024-04-01,0.5376011344957995
DSM,2023-24,"B+D,L,R,T",record,2024-04-02,0.5466308368100391
DSM,2023-24,"B+D,L,R,T",record,2024-04-03,-0.10225584418939972
DSM,2023-24,"B+D,L,R,T",record,2024-04-04,-0.13184244373699663
DSM,2023-24,"B+D,L,R,T",record,2024-04-05,-0.5239644170980972
DSM,2023-24,"B+D,L,R,T",record,2024-04-06,1.0191221521401659
DSM,2023-24,"B+D,L,R,T",record,2024-04-07,1.8318089619653657
DSM,2023-24,"B+D,L,R,T",record,2024-04-08,0.5144385081637289
DSM,2023-24,"B+D,L,R,T",record,2024-04-09,0.64108532578707
DSM,2023-24,"B+D,L,R,T",record,2024-04-10,0.46021359162484077
DSM,2023-24,"B+D,L,R,T",record,2024-04-11,1.0754803852100778
DSM,2023-24,"B+D,L,R,T",record,2024-04-12,0.7240718588256638
DSM,2023-24,"B+D,L,R,T",record,2024-04-13,1.9816995322240014
DSM,2023-24,"B+D,L,R,T",record,2024-04-14,0.0794771684135655
DSM,2023-24,"B+D,L,R,T",record,2024-04-15,2.0644986122603948
DSM,2023-24,"B+D,L,R,T",record,2024-04-16,0.8100628474783174
DSM,2023-24,"B+D,L,R,T",record,2024-04-17,0.6709170856011335
DSM,2023-24,"B+D,L,R,T",record,2024-04-18,1.0661947888774814
DSM,2023-24,"B+D,L,R,T",record,2024-04-19,-0.2612903266555324
DSM,2023-24,"B+D,L,R,T",record,2024-04-20,-0.541505616523259
DSM,2023-24,"B+D,L,R,T",record,2024-04-21,1.1425940754332935
DSM,2023-24,"B+D,L,R,T",record,2024-04-22,1.0653814846474896
DSM,2023-24,"B+D,L,R,T",record,2024-04-23,0.437519278806699
DSM,2023-24,"B+D,L,R,T",record,2024-04-24,0.9048795004432182
DSM,2023-24,"B+D,L,R,T",record,2024-04-25,1.3536196070607829
DSM,2023-24,"B+D,L,R,T",record,2024-04-26,1.2531200900945885
DSM,2023-24,"B+D,L,R,T",record,2024-04-27,0.6627855558706763
DSM,2023-24,"B+D,L,R,T",record,2024-04-28,1.5822241548960216
DSM,2023-24,"B+D,L,R,T",record,2024-04-29,0.47674749900185515
DSM,2023-24,"B+D,L,R,T",record,2024-04-30,2.497300274451195
DSM,2023-24,"B+D,L,R,T",record,2024-05-01,0.5166769666551269
DSM,2023-24,"B+D,L,R,T",record,2024-05-02,1.9327639155439316
DSM,2023-24,"B+D,L,R,T",record,2024-05-03,2.1257450888503318
DSM,2023-24,"B+D,L,R,T",record,2024-05-04,1.6365937462916833
DSM,2023-24,"B+D,L,R,T",record,2024-05-05,1.1471697992122656
DSM,2023-24,"B+D,L,R,T",record,2024-05-06,1.6719570776508232
DSM,2023-24,"B+D,L,R,T",record,2024-05-07,2.8861420867219554
DSM,2023-24,"B+D,L,R,T",record,2024-05-08,1.6748222799238524
DSM,2023-24,"B+D,L,R,T",record,2024-05-09,1.768420889259697
DSM,2023-24,"B+D,L,R,T",record,2024-05-10,2.41966319052551
DSM,2023-24,"B+D,L,R,T",record,2024-05-11,2.773247350882123
DSM,2023-24,"B+D,L,R,T",record,2024-05-12,1.3853890993851485
DSM,2023-24,"B+D,L,R,T",record,2024-05-13,2.04404406376372
DSM,2023-24,"B+D,L,R,T",record,2024-05-14,2.487250861746486
DSM,2023-24,"B+D,L,R,T",record,2024-05-15,1.963398673838038
DSM,2023-24,"B+D,L,R,T",record,2024-05-16,1.8595761416330878
DSM,2023-24,"B+D,L,R,T",record,2024-05-17,2.3719761083482584
DSM,2023-24,"B+D,L,R,T",record,2024-05-18,1.1117222070573032
DSM,2023-24,"B+D,L,R,T",record,2024-05-19,1.3699762623768044
DSM,2023-24,"B+D,L,R,T",record,2024-05-20,1.211589045103704
DSM,2023-24,"B+D,L,R,T",record,2024-05-21,1.4372204476012804
DSM,2023-24,"B+D,L,R,T",record,2024-05-22,2.0957062305086556
DSM,2023-24,"B+D,L,R,T",record,2024-05-23,2.7072947478563556
DSM,2023-24,"B+D,L,R,T",record,2024-05-24,1.556564794762887
DSM,2023-24,"B+D,L,R,T",record,2024-05-25,2.916538783343923
DSM,2023-24,"B+D,L,R,T",record,2024-05-26,2.8786044524336156
DSM,2023-24,"B+D,L,R,T",record,2024-05-27,2.6894042080826033
DSM,2023-24,"B+D,L,R,T",record,2024-05-28,1.0219920557748732
DSM,2023-24,"B+D,L,R,T",record,2024-05-29,1.7203435741888604
DSM,2023-24,"B+D,L,R,T",record,2024-05-30,2.3060190634347366
DSM,2023-24,"B+D,L,R,T",record,2024-05-31,2.4474329633716505
DSM,2023-24,"B+D,L,R,T",record,2024-06-01,1.1518954319526657
DSM,2023-24,"B+D,L,R,T",record,2024-06-02,2.218720720482785
DSM,2023-24,"B+D,L,R,T",record,2024-06-03,0.45458975932722884
DSM,2023-24,"B+D,L,R,T",record,2024-06-04,0.39157608148877554
DSM,2023-24,"B+D,L,R,T",record,2024-06-05,3.4432803042296136
DSM,2023-24,"B+D,L,R,T",record,2024-06-06,2.797607972382825
DSM,2023-24,"B+D,L,R,T",record,2024-06-07,1.7209801283287895
DSM,2023-24,"B+D,L,R,T",record,2024-06-08,2.282777439320143
DSM,2023-24,"B+D,L,R,T",record,2024-06-09,1.9535865870488383
DSM,2023-24,"B+D,L,R,T",record,2024-06-10,2.5063848349742233
DSM,2023-24,"B+D,L,R,T",record,2024-06-11,3.1368578218973844
DSM,2023-24,"B+D,L,R,T",record,2024-06-12,3.448325394226897
DSM,2023-24,"B+D,L,R,T",record,2024-06-13,0.9454760916285377
DSM,2023-24,"B+D,L,R,T",record,2024-06-14,1.9948315280413187
DSM,2023-24,"B+D,L,R,T",record,2024-06-15,1.3203861230631047
DSM,2023-24,"B+D,L,R,T",record,2024-06-16,1.9112023691119053
DSM,2023-24,"B+D,L,R,T",record,2024-06-17,0.683541409273912
DSM,2023-24,"B+D,L,R,T",record,2024-06-18,1.3417776116439433
DSM,2023-24,"B+D,L,R,T",record,2024-06-19,0.8284017822746295
DSM,2023-24,"B+D,L,R,T",record,2024-06-20,0.9640857756498227
DSM,2023-24,"B+D,L,R,T",record,2024-06-21,1.681023030687716
DSM,2023-24,"B+D,L,R,T",record,2024-06-22,0.828598926385168
DSM,2023-24,"B+D,L,R,T",record,2024-06-23,2.0666046756182537
DSM,2023-24,"B+D,L,R,T",record,2024-06-24,2.073391851779056
DSM,2023-24,"B+D,L,R,T",record,2024-06-25,-0.44907020063675285
DSM,2023-24,"B+D,L,R,T",record,2024-06-26,2.050290882083714
DSM,2023-24,"B+D,L,R,T",record,2024-06-27,0.7963031518363146
DSM,2023-24,"B+D,L,R,T",record,2024-06-28,1.5921494194919885
DSM,2023-24,"B+D,L,R,T",record,2024-06-29,2.632271611358081
DSM,2023-24,"B+D,L,R,T",record,2024-06-30,1.667369077167877
DSM,2023-24,"B+D,L,R,T",record,2024-07-01,1.6183046396338598
DSM,2023-24,"B+D,L,R,T",record,2024-07-02,2.0417085060250724
DSM,2023-24,"B+D,L,R,T",record,2024-07-03,1.2659480112634556
DSM,2023-24,"B+D,L,R,T",record,2024-07-04,0.15122199650148516
DSM,2023-24,"B+D,L,R,T",record,2024-07-05,1.1694155544802278
DSM,2023-24,"B+D,L,R,T",record,2024-07-06,1.694145180886766
DSM,2023-24,"B+D,L,R,T",record,2024-07-07,0.7694284819462517
DSM,2023-24,"B+D,L,R,T",record,2024-07-08,2.0024601180443637
DSM,2023-24,"B+D,L,R,T",record,2024-07-09,0.565926741298182
DSM,2023-24,"B+D,L,R,T",record,2024-07-10,1.8333940394390233
DSM,2023-24,"B+D,L,R,T",record,2024-07-11,1.7337773945154096
DSM,2023-24,"B+D,L,R,T",record,2024-07-12,1.927920179067082
DSM,2023-24,"B+D,L,R,T",record,2024-07-13,0.6823895179884271
DSM,2023-24,"B+D,L,R,T",record,2024-07-14,1.43151834566629
DSM,2023-24,"B+D,L,R,T",record,2024-07-15,-0.23792427963924062
DSM,2023-24,"B+D,L,R,T",record,2024-07-16,0.9551310870110715
DSM,2023-24,"B+D,L,R,T",record,2024-07-17,0.8913248966893105
DSM,2023-24,"B+D,L,R,T",record,2024-07-18,1.3381383535746798
DSM,2023-24,"B+D,L,R,T",record,2024-07-19,1.4289251617389034
DSM,2023-24,"B+D,L,R,T",record,2024-07-20,2.918122595736333
DSM,2023-24,"B+D,L,R,T",record,2024-07-21,1.4197285162871565
DSM,2023-24,"B+D,L,R,T",record,2024-07-22,0.8536649780383038
DSM,2023-24,"B+D,L,R,T",record,2024-07-23,1.8166609365512199
DSM,2023-24,"B+D,L,R,T",record,2024-07-24,1.4135636430712764
DSM,2023-24,"B+D,L,R,T",record,2024-07-25,0.3688704269355046
DSM,2023-24,"B+D,L,R,T",record,2024-07-26,0.050065796103680366
DSM,2023-24,"B+D,L,R,T",record,2024-07-27,0.10267293427603984
DSM,2023-24,"B+D,L,R,T",record,2024-07-28,-0.0716439817124472
DSM,2023-24,"B+D,L,R,T",record,2024-07-29,0.7823451291191982
DSM,2023-24,"B+D,L,R,T",record,2024-07-30,-0.8159150812550007
DSM,2023-24,"B+D,L,R,T",record,2024-07-31,-1.0419767064447036
YSDU,2022-23,"B+D,L,R,T",record,2022-08-01,0.43034891616557747
YSDU,2022-23,"B+D,L,R,T",record,2022-08-02,0.22730255322780818
YSDU,2022-23,"B+D,L,R,T",record,2022-08-03,1.2580688233036035
YSDU,2022-23,"B+D,L,R,T",record,2022-08-04,1.2004956767254111
YSDU,2022-23,"B+D,L,R,T",record,2022-08-05,1.3473355823287663
YSDU,2022-23,"B+D,L,R,T",record,2022-08-06,0.8526800868616262
YSDU,2022-23,"B+D,L,R,T",record,2022-08-07,0.09306280073531059
YSDU,2022-23,"B+D,L,R,T",record,2022-08-08,0.43023559097750846
YSDU,2022-23,"B+D,L,R,T",record,2022-08-09,0.3942197281400495
YSDU,2022-23,"B+D,L,R,T",record,2022-08-10,0.9412669757216814
YSDU,2022-23,"B+D,L,R,T",record,2022-08-11,1.684815462135694
YSDU,2022-23,"B+D,L,R,T",record,2022-08-12,1.6616431639243403
YSDU,2022-23,"B+D,L,R,T",record,2022-08-13,1.2835286624577111
YSDU,2022-23,"B+D,L,R,T",record,2022-08-14,1.4922271381506935
YSDU,2022-23,"B+D,L,R,T",record,2022-08-15,0.5804361442343888
YSDU,2022-23,"B+D,L,R,T",record,2022-08-16,0.3886088848898524
YSDU,2022-23,"B+D,L,R,T",record,2022-08-17,1.371113356057337
YSDU,2022-23,"B+D,L,R,T",record,2022-08-18,1.1669925447964498
YSDU,2022-23,"B+D,L,R,T",record,2022-08-19,1.596097575853394
YSDU,2022-23,"B+D,L,R,T",record,2022-08-20,0.9043334144313123
YSDU,2022-23,"B+D,L,R,T",record,2022-08-21,0.7662528458531527
YSDU,2022-23,"B+D,L,R,T",record,2022-08-22,1.8785737655367056
YSDU,2022-23,"B+D,L,R,T",record,2022-08-23,1.205412538563649
YSDU,2022-23,"B+D,L,R,T",record,2022-08-24,1.5365921350277063
YSDU,2022-23,"B+D,L,R,T",record,2022-08-25,0.6407838334534395
YSDU,2022-23,"B+D,L,R,T",record,2022-08-26,1.1848226599926863
YSDU,2022-23,"B+D,L,R,T",record,2022-08-27,1.083096805632197
YSDU,2022-23,"B+D,L,R,T",record,2022-08-28,1.2933315639751
YSDU,2022-23,"B+D,L,R,T",record,2022-08-29,1.5211681963063992
YSDU,2022-23,"B+D,L,R,T",record,2022-08-30,1.8120360233688286
YSDU,2022-23,"B+D,L,R,T",record,2022-08-31,1.1666243010493564
YSDU,2022-23,"B+D,L,R,T",record,2022-09-01,0.6850449359256509
YSDU,2022-23,"B+D,L,R,T",record,2022-09-02,0.5453063936203923
YSDU,2022-23,"B+D,L,R,T",record,2022-09-03,-0.10206355697246415
YSDU,2022-23,"B+D,L,R,T",record,2022-09-04,0.9403247324449737
YSDU,2022-23,"B+D,L,R,T",record,2022-09-05,-0.18442401897068275
YSDU,2022-23,"B+D,L,R,T",record,2022-09-06,0.28724705827301905
YSDU,2022-23,"B+D,L,R,T",record,2022-09-07,1.1417750657777745
YSDU,2022-23,"B+D,L,R,T",record,2022-09-08,0.14911849406551053
YSDU,2022-23,"B+D,L,R,T",record,2022-09-09,0.3259861548971475
YSDU,2022-23,"B+D,L,R,T",record,2022-09-10,0.4562770206466647
YSDU,2022-23,"B+D,L,R,T",record,2022-09-11,0.6123660261567676
YSDU,2022-23,"B+D,L,R,T",record,2022-09-12,0.5309098197484339
YSDU,2022-23,"B+D,L,R,T",record,2022-09-13,0.0027240618787627057
YSDU,2022-23,"B+D,L,R,T",record,2022-09-14,0.3892569972436279
YSDU,2022-23,"B+D,L,R,T",record,2022-09-15,1.3621531578482233
YSDU,2022-23,"B+D,L,R,T",record,2022-09-16,1.0862063348651272
YSDU,2022-23,"B+D,L,R,T",record,2022-09-17,1.023215126928365
YSDU,2022-23,"B+D,L,R,T",record,2022-09-18,0.5379872924085956
YSDU,2022-23,"B+D,L,R,T",record,2022-09-19,0.23123131773923505
YSDU,2022-23,"B+D,L,R,T",record,2022-09-20,-0.32684831787102614
YSDU,2022-23,"B+D,L,R,T",record,2022-09-21,1.2376471402433271
YSDU,2022-23,"B+D,L,R,T",record,2022-09-22,0.17065124350329305
YSDU,2022-23,"B+D,L,R,T",record,2022-09-23,-0.11204462310294523
YSDU,2022-23,"B+D,L,R,T",record,2022-09-24,-0.05627459061946143
YSDU,2022-23,"B+D,L,R,T",record,2022-09-25,-0.21573950284146926
YSDU,2022-23,"B+D,L,R,T",record,2022-09-26,0.18017881941790476
YSDU,2022-23,"B+D,L,R,T",record,2022-09-27,0.6642885908346299
YSDU,2022-23,"B+D,L,R,T",record,2022-09-28,1.0167432730160617
YSDU,2022-23,"B+D,L,R,T",record,2022-09-29,0.01851536906442311
YSDU,2022-23,"B+D,L,R,T",record,2022-09-30,-0.11424648131938656
YSDU,2022-23,"B+D,L,R,T",record,2022-10-01,-0.03845833033083475
YSDU,2022-23,"B+D,L,R,T",record,2022-10-02,-0.4518317175126577
YSDU,2022-23,"B+D,L,R,T",record,2022-10-03,-0.5954091455166911
YSDU,2022-23,"B+D,L,R,T",record,2022-10-04,-0.7499187411357792
YSDU,2022-23,"B+D,L,R,T",record,2022-10-05,1.426869704861827
YSDU,2022-23,"B+D,L,R,T",record,2022-10-06,1.3047030872296526
YSDU,2022-23,"B+D,L,R,T",record,2022-10-07,0.8336393912422545
YSDU,2022-23,"B+D,L,R,T",record,2022-10-08,1.0179639661136126
YSDU,2022-23,"B+D,L,R,T",record,2022-10-09,-0.09111531317302438
YSDU,2022-23,"B+D,L,R,T",record,2022-10-10,-0.5868065946983609
YSDU,2022-23,"B+D,L,R,T",record,2022-10-11,-0.49106612406859695
YSDU,2022-23,"B+D,L,R,T",record,2022-10-12,-0.1429775403788593
YSDU,2022-23,"B+D,L,R,T",record,2022-10-13,0.027940820465728242
YSDU,2022-23,"B+D,L,R,T",record,2022-10-14,-0.33854228333871617
YSDU,2022-23,"B+D,L,R,T",record,2022-10-15,-0.580330018432636
YSDU,2022-23,"B+D,L,R,T",record,2022-10-16,-0.6380431613109141
YSDU,2022-23,"B+D,L,R,T",record,2022-10-17,0.509540937421522
YSDU,2022-23,"B+D,L,R,T",record,2022-10-18,-0.3502720943818135
YSDU,2022-23,"B+D,L,R,T",record,2022-10-19,1.586952616551024
YSDU,2022-23,"B+D,L,R,T",record,2022-10-20,0.8783413011183886
YSDU,2022-23,"B+D,L,R,T",record,2022-10-25,0.02058866690671154
YSDU,2022-23,"B+D,L,R,T",record,2022-10-26,0.07394709032930047
YSDU,2022-23,"B+D,L,R,T",record,2022-10-27,0.7097108733437754
YSDU,2022-23,"B+D,L,R,T",record,2022-10-28,-0.4680947250919305
YSDU,2022-23,"B+D,L,R,T",record,2022-10-29,-0.4251744561908018
YSDU,2022-23,"B+D,L,R,T",record,2022-10-30,-0.4082103305264146
YSDU,2022-23,"B+D,L,R,T",record,2022-10-31,1.2473325345834685
YSDU,2022-23,"B+D,L,R,T",record,2022-11-01,1.6792751332281697
YSDU,2022-23,"B+D,L,R,T",record,2022-11-02,0.6286107435480031
YSDU,2022-23,"B+D,L,R,T",record,2022-11-03,0.5718385296468065
YSDU,2022-23,"B+D,L,R,T",record,2022-11-04,-0.3392823406511384
YSDU,2022-23,"B+D,L,R,T",record,2022-11-05,1.4757178818226124
YSDU,2022-23,"B+D,L,R,T",record,2022-11-06,-1.0599750848664455
YSDU,2022-23,"B+D,L,R,T",record,2022-11-07,-0.34409478530074233
YSDU,2022-23,"B+D,L,R,T",record,2022-11-08,0.02895784309549101
YSDU,2022-23,"B+D,L,R,T",record,2022-11-09,-0.477870808004617
YSDU,2022-23,"B+D,L,R,T",record,2022-11-10,-0.3200094613391571
YSDU,2022-23,"B+D,L,R,T",record,2022-11-11,0.10533077353036041
YSDU,2022-23,"B+D,L,R,T",record,2022-11-12,-0.9508225923235489
YSDU,2022-23,"B+D,L,R,T",record,2022-11-13,0.6834571402821897
YSDU,2022-23,"B+D,L,R,T",record,2022-11-14,0.0783142896336278
YSDU,2022-23,"B+D,L,R,T",record,2022-11-15,0.6627410449409428
YSDU,2022-23,"B+D,L,R,T",record,2022-11-16,0.38044094807379
YSDU,2022-23,"B+D,L,R,T",record,2022-11-17,0.14468004792922176
YSDU,2022-23,"B+D,L,R,T",record,2022-11-18,-0.042819108941363766
YSDU,2022-23,"B+D,L,R,T",record,2022-11-19,-0.3639886677768399
YSDU,2022-23,"B+D,L,R,T",record,2022-11-20,0.6742174786725932
YSDU,2022-23,"B+D,L,R,T",record,2022-11-21,0.8110820286159891
YSDU,2022-23,"B+D,L,R,T",record,2022-11-22,0.12465973288162013
YSDU,2022-23,"B+D,L,R,T",record,2022-11-23,-0.09329171996967378
YSDU,2022-23,"B+D,L,R,T",record,2022-11-24,-0.7257578269283433
YSDU,2022-23,"B+D,L,R,T",record,2022-11-25,-1.132296838355447
YSDU,2022-23,"B+D,L,R,T",record,2022-11-26,-1.4566627916569408
YSDU,2022-23,"B+D,L,R,T",record,2022-11-27,-0.9335351790679078
YSDU,2022-23,"B+D,L,R,T",record,2022-11-28,0.3773875142156964
YSDU,2022-23,"B+D,L,R,T",record,2022-11-29,-0.671099078111427
YSDU,2022-23,"B+D,L,R,T",record,2022-11-30,-1.0485197619939464
YSDU,2022-23,"B+D,L,R,T",record,2022-12-02,-0.7018629286848375
YSDU,2022-23,"B+D,L,R,T",record,2022-12-03,-1.2007300275887438
YSDU,2022-23,"B+D,L,R,T",record,2022-12-04,-1.6342827225999197
YSDU,2022-23,"B+D,L,R,T",record,2022-12-05,-1.6910633443277399
YSDU,2022-23,"B+D,L,R,T",record,2022-12-06,-1.4567784820915275
YSDU,2022-23,"B+D,L,R,T",record,2022-12-07,-0.5900913542231807
YSDU,2022-23,"B+D,L,R,T",record,2022-12-08,-0.9719205836569504
YSDU,2022-23,"B+D,L,R,T",record,2022-12-09,-1.8030631109984714
YSDU,2022-23,"B+D,L,R,T",record,2022-12-10,-2.213929072033641
YSDU,2022-23,"B+D,L,R,T",record,2022-12-11,-2.4533826252904687
YSDU,2022-23,"B+D,L,R,T",record,2022-12-13,-1.7698785640269996
YSDU,2022-23,"B+D,L,R,T",record,2022-12-14,-1.1179505640548546
YSDU,2022-23,"B+D,L,R,T",record,2022-12-15,-1.749852163964099
YSDU,2022-23,"B+D,L,R,T",record,2022-12-16,-1.4320092678597431
YSDU,2022-23,"B+D,L,R,T",record,2022-12-17,-2.068379190366809
YSDU,2022-23,"B+D,L,R,T",record,2022-12-18,-2.0151422622759663
YSDU,2022-23,"B+D,L,R,T",record,2022-12-19,-2.0761065112234225
YSDU,2022-23,"B+D,L,R,T",record,2022-12-20,-2.1928369407339354
YSDU,2022-23,"B+D,L,R,T",record,2022-12-21,-2.2807773033787138
YSDU,2022-23,"B+D,L,R,T",record,2022-12-22,-0.12628660662444108
YSDU,2022-23,"B+D,L,R,T",record,2022-12-23,-0.20634561808702037
YSDU,2022-23,"B+D,L,R,T",record,2022-12-24,-1.398493665137265
YSDU,2022-23,"B+D,L,R,T",record,2022-12-25,-2.4942749794012027
YSDU,2022-23,"B+D,L,R,T",record,2022-12-26,-2.7668357986952956
YSDU,2022-23,"B+D,L,R,T",record,2022-12-27,-2.790042578570348
YSDU,2022-23,"B+D,L,R,T",record,2022-12-28,-2.71660785258305
YSDU,2022-23,"B+D,L,R,T",record,2022-12-29,-1.8554035695010491
YSDU,2022-23,"B+D,L,R,T",record,2022-12-30,-2.272177288629458
YSDU,2022-23,"B+D,L,R,T",record,2022-12-31,-2.8300062982144105
YSDU,2022-23,"B+D,L,R,T",record,2023-01-01,-2.8682828827573763
YSDU,2022-23,"B+D,L,R,T",record,2023-01-02,-2.790574279016615
YSDU,2022-23,"B+D,L,R,T",record,2023-01-03,-2.7338992028411777
YSDU,2022-23,"B+D,L,R,T",record,2023-01-04,-2.4998661757513267
YSDU,2022-23,"B+D,L,R,T",record,2023-01-05,0.19907346668266088
YSDU,2022-23,"B+D,L,R,T",record,2023-01-06,-2.1035873081483167
YSDU,2022-23,"B+D,L,R,T",record,2023-01-07,-2.427992289657538
YSDU,2022-23,"B+D,L,R,T",record,2023-01-08,-2.4108244532681122
YSDU,2022-23,"B+D,L,R,T",record,2023-01-09,-2.7151573141240224
YSDU,2022-23,"B+D,L,R,T",record,2023-01-10,-2.8626074562540835
YSDU,2022-23,"B+D,L,R,T",record,2023-01-11,-2.736118414162145
YSDU,2022-23,"B+D,L,R,T",record,2023-01-12,-2.5587733506497723
YSDU,2022-23,"B+D,L,R,T",record,2023-01-13,-2.7285749235497314
YSDU,2022-23,"B+D,L,R,T",record,2023-01-14,-2.664029242924323
YSDU,2022-23,"B+D,L,R,T",record,2023-01-15,-2.8729027638804863
YSDU,2022-23,"B+D,L,R,T",record,2023-01-16,-2.3391765981212083
YSDU,2022-23,"B+D,L,R,T",record,2023-01-17,-2.8527625575999256
YSDU,2022-23,"B+D,L,R,T",record,2023-01-18,-2.651306666493816
YSDU,2022-23,"B+D,L,R,T",record,2023-01-19,0.7760408767734075
YSDU,2022-23,"B+D,L,R,T",record,2023-01-20,-0.8328699233531294
YSDU,2022-23,"B+D,L,R,T",record,2023-01-21,-1.669742567120653
YSDU,2022-23,"B+D,L,R,T",record,2023-01-22,0.7364997251123987
YSDU,2022-23,"B+D,L,R,T",record,2023-01-23,-1.1314839190542954
YSDU,2022-23,"B+D,L,R,T",record,2023-01-24,-2.5524067795615273
YSDU,2022-23,"B+D,L,R,T",record,2023-01-25,-2.5787031554362114
YSDU,2022-23,"B+D,L,R,T",record,2023-01-26,-2.768649018044112
YSDU,2022-23,"B+D,L,R,T",record,2023-01-27,-2.749354505690286
YSDU,2022-23,"B+D,L,R,T",record,2023-01-28,-1.738186658244879
YSDU,2022-23,"B+D,L,R,T",record,2023-01-29,0.4455432082117701
YSDU,2022-23,"B+D,L,R,T",record,2023-01-30,1.0083973047990138
YSDU,2022-23,"B+D,L,R,T",record,2023-01-31,-0.8201786974107179
YSDU,2022-23,"B+D,L,R,T",record,2023-02-01,-1.0715308047992371
YSDU,2022-23,"B+D,L,R,T",record,2023-02-02,-0.29789419915364285
YSDU,2022-23,"B+D,L,R,T",record,2023-02-03,0.4224137916985332
YSDU,2022-23,"B+D,L,R,T",record,2023-02-04,-0.590362036439997
YSDU,2022-23,"B+D,L,R,T",record,2023-02-05,-1.6044049019405793
YSDU,2022-23,"B+D,L,R,T",record,2023-02-06,-1.9593481541164273
YSDU,2022-23,"B+D,L,R,T",record,2023-02-07,-1.9722841017908743
YSDU,2022-23,"B+D,L,R,T",record,2023-02-08,-1.9118996379413502
YSDU,2022-23,"B+D,L,R,T",record,2023-02-09,-0.9526744192673154
YSDU,2022-23,"B+D,L,R,T",record,2023-02-10,-0.09568402818606439
YSDU,2022-23,"B+D,L,R,T",record,2023-02-11,-1.2362107347013096
YSDU,2022-23,"B+D,L,R,T",record,2023-02-12,-1.0460571646386587
YSDU,2022-23,"B+D,L,R,T",record,2023-02-13,-1.2881376432267082
YSDU,2022-23,"B+D,L,R,T",record,2023-02-14,0.012136163248491877
YSDU,2022-23,"B+D,L,R,T",record,2023-02-15,-1.7202811832343694
YSDU,2022-23,"B+D,L,R,T",record,2023-02-16,-1.818608042638683
YSDU,2022-23,"B+D,L,R,T",record,2023-02-17,-2.021751174699323
YSDU,2022-23,"B+D,L,R,T",record,2023-02-18,-1.6156773914202902
YSDU,2022-23,"B+D,L,R,T",record,2023-02-19,-1.6777962366191799
YSDU,2022-23,"B+D,L,R,T",record,2023-02-20,-1.9419867587925348
YSDU,2022-23,"B+D,L,R,T",record,2023-02-21,-1.9017078741418116
YSDU,2022-23,"B+D,L,R,T",record,2023-02-22,0.49289098367703127
YSDU,2022-23,"B+D,L,R,T",record,2023-02-23,-0.8651625337983604
YSDU,2022-23,"B+D,L,R,T",record,2023-02-24,-1.5853780091238039
YSDU,2022-23,"B+D,L,R,T",record,2023-02-25,-1.7963226556244436
YSDU,2022-23,"B+D,L,R,T",record,2023-02-26,-1.478897983220797
YSDU,2022-23,"B+D,L,R,T",record,2023-02-27,-1.5012398339466269
YSDU,2022-23,"B+D,L,R,T",record,2023-02-28,-2.058951311793828
YSDU,2022-23,"B+D,L,R,T",record,2023-03-01,-1.7107678284726313
YSDU,2022-23,"B+D,L,R,T",record,2023-03-02,-2.164215713468056
YSDU,2022-23,"B+D,L,R,T",record,2023-03-03,-2.2979374233997656
YSDU,2022-23,"B+D,L,R,T",record,2023-03-04,-1.9761912071303505
YSDU,2022-23,"B+D,L,R,T",record,2023-03-05,-1.7794986470111585
YSDU,2022-23,"B+D,L,R,T",record,2023-03-06,-1.755250579714814
YSDU,2022-23,"B+D,L,R,T",record,2023-03-07,-1.738439502009028
YSDU,2022-23,"B+D,L,R,T",record,2023-03-08,-1.5916039038212837
YSDU,2022-23,"B+D,L,R,T",record,2023-03-09,-1.0845576964443044
YSDU,2022-23,"B+D,L,R,T",record,2023-03-10,-1.8492790401938923
YSDU,2022-23,"B+D,L,R,T",record,2023-03-11,-2.2249075643410046
YSDU,2022-23,"B+D,L,R,T",record,2023-03-12,-2.0210508865644585
YSDU,2022-23,"B+D,L,R,T",record,2023-03-13,-0.5072187376802467
YSDU,2022-23,"B+D,L,R,T",record,2023-03-14,-1.1373055579396776
YSDU,2022-23,"B+D,L,R,T",record,2023-03-15,-2.238680517055166
YSDU,2022-23,"B+D,L,R,T",record,2023-03-16,-1.7092152864751735
YSDU,2022-23,"B+D,L,R,T",record,2023-03-17,-1.784506624331747
YSDU,2022-23,"B+D,L,R,T",record,2023-03-18,-1.7660780879959026
YSDU,2022-23,"B+D,L,R,T",record,2023-03-19,-1.8891422162176308
YSDU,2022-23,"B+D,L,R,T",record,2023-03-20,-1.4151487382797634
YSDU,2022-23,"B+D,L,R,T",record,2023-03-21,0.004408550244126858
YSDU,2022-23,"B+D,L,R,T",record,2023-03-22,0.07083083239365921
YSDU,2022-23,"B+D,L,R,T",record,2023-03-24,-0.6585594792355944
YSDU,2022-23,"B+D,L,R,T",record,2023-03-25,0.57186567349875
YSDU,2022-23,"B+D,L,R,T",record,2023-03-26,0.22750463192903936
YSDU,2022-23,"B+D,L,R,T",record,2023-03-27,0.923929175656947
YSDU,2022-23,"B+D,L,R,T",record,2023-03-28,-0.16948429780170107
YSDU,2022-23,"B+D,L,R,T",record,2023-03-29,0.597467877810928
YSDU,2022-23,"B+D,L,R,T",record,2023-03-30,0.8964634397280851
YSDU,2022-23,"B+D,L,R,T",record,2023-03-31,0.5261273614240928
YSDU,2022-23,"B+D,L,R,T",record,2023-04-01,0.1468075645906322
YSDU,2022-23,"B+D,L,R,T",record,2023-04-02,-0.37091002959041697
YSDU,2022-23,"B+D,L,R,T",record,2023-04-03,-0.24505812440772887
YSDU,2022-23,"B+D,L,R,T",record,2023-04-04,-0.624960058890014
YSDU,2022-23,"B+D,L,R,T",record,2023-04-05,-0.625926749857445
YSDU,2022-23,"B+D,L,R,T",record,2023-04-06,-0.5303943601714115
YSDU,2022-23,"B+D,L,R,T",record,2023-04-07,0.41932283485126004
YSDU,2022-23,"B+D,L,R,T",record,2023-04-08,0.1860564288174749
YSDU,2022-23,"B+D,L,R,T",record,2023-04-09,0.9387272057723826
YSDU,2022-23,"B+D,L,R,T",record,2023-04-10,1.4613528186502365
YSDU,2022-23,"B+D,L,R,T",record,2023-04-11,0.3403920225479192
YSDU,2022-23,"B+D,L,R,T",record,2023-04-12,0.679909700778125
YSDU,2022-23,"B+D,L,R,T",record,2023-04-13,0.9567109447734338
YSDU,2022-23,"B+D,L,R,T",record,2023-04-14,0.5183191853291437
YSDU,2022-23,"B+D,L,R,T",record,2023-04-15,0.09884242983799715
YSDU,2022-23,"B+D,L,R,T",record,2023-04-16,0.23925179149630899
YSDU,2022-23,"B+D,L,R,T",record,2023-04-17,-0.7551815720752748
YSDU,2022-23,"B+D,L,R,T",record,2023-04-18,-0.4965973973836757
YSDU,2022-23,"B+D,L,R,T",record,2023-04-19,1.5062376620695668
YSDU,2022-23,"B+D,L,R,T",record,2023-04-20,-0.1007186284383738
YSDU,2022-23,"B+D,L,R,T",record,2023-04-21,-0.9319650436699232
YSDU,2022-23,"B+D,L,R,T",record,2023-04-22,-0.10669629541062137
YSDU,2022-23,"B+D,L,R,T",record,2023-04-23,-0.16961570323169187
YSDU,2022-23,"B+D,L,R,T",record,2023-04-24,0.015596539965786645
YSDU,2022-23,"B+D,L,R,T",record,2023-04-25,-0.61748796771794
YSDU,2022-23,"B+D,L,R,T",record,2023-04-26,-0.7154573607612834
YSDU,2022-23,"B+D,L,R,T",record,2023-04-27,-1.0465330931923738
YSDU,2022-23,"B+D,L,R,T",record,2023-04-28,0.08008209745380047
YSDU,2022-23,"B+D,L,R,T",record,2023-04-29,0.7123549751788348
YSDU,2022-23,"B+D,L,R,T",record,2023-04-30,0.766952585617207
YSDU,2022-23,"B+D,L,R,T",record,2023-05-01,1.337225627862826
YSDU,2022-23,"B+D,L,R,T",record,2023-05-02,1.15223627147758
YSDU,2022-23,"B+D,L,R,T",record,2023-05-03,1.1250396624010193
YSDU,2022-23,"B+D,L,R,T",record,2023-05-04,0.8845327410067152
YSDU,2022-23,"B+D,L,R,T",record,2023-05-05,0.6218513055596542
YSDU,2022-23,"B+D,L,R,T",record,2023-05-06,0.6714709113211002
YSDU,2022-23,"B+D,L,R,T",record,2023-05-07,0.8362224487685946
YSDU,2022-23,"B+D,L,R,T",record,2023-05-08,1.3165851897999226
YSDU,2022-23,"B+D,L,R,T",record,2023-05-09,0.496841867557379
YSDU,2022-23,"B+D,L,R,T",record,2023-05-11,0.6248745169891514
YSDU,2022-23,"B+D,L,R,T",record,2023-05-12,-0.26498235494465516
YSDU,2022-23,"B+D,L,R,T",record,2023-05-13,1.1354142706695838
YSDU,2022-23,"B+D,L,R,T",record,2023-05-14,0.04120250677353961
YSDU,2022-23,"B+D,L,R,T",record,2023-05-15,0.25478765071871273
YSDU,2022-23,"B+D,L,R,T",record,2023-05-16,1.1144683147659038
YSDU,2022-23,"B+D,L,R,T",record,2023-05-17,0.993864274255778
YSDU,2022-23,"B+D,L,R,T",record,2023-05-18,0.45374507516651685
YSDU,2022-23,"B+D,L,R,T",record,2023-05-19,0.6911278005271365
YSDU,2022-23,"B+D,L,R,T",record,2023-05-20,1.073547542920601
YSDU,2022-23,"B+D,L,R,T",record,2023-05-21,0.6331454155503536
YSDU,2022-23,"B+D,L,R,T",record,2023-05-22,1.1626499530777432
YSDU,2022-23,"B+D,L,R,T",record,2023-05-23,0.4058862263854232
YSDU,2022-23,"B+D,L,R,T",record,2023-05-24,0.27006420978654594
YSDU,2022-23,"B+D,L,R,T",record,2023-05-25,0.587632763882253
YSDU,2022-23,"B+D,L,R,T",record,2023-05-26,0.5146972690861017
YSDU,2022-23,"B+D,L,R,T",record,2023-05-27,0.18886145817833613
YSDU,2022-23,"B+D,L,R,T",record,2023-05-28,0.0877614626110806
YSDU,2022-23,"B+D,L,R,T",record,2023-05-29,0.1478707293646319
YSDU,2022-23,"B+D,L,R,T",record,2023-05-30,0.36184382086822986
YSDU,2022-23,"B+D,L,R,T",record,2023-05-31,-0.0874190478749715
YSDU,2022-23,"B+D,L,R,T",record,2023-06-01,0.1492419573989286
YSDU,2022-23,"B+D,L,R,T",record,2023-06-02,-0.027665595706151902
YSDU,2022-23,"B+D,L,R,T",record,2023-06-03,0.319979447285066
YSDU,2022-23,"B+D,L,R,T",record,2023-06-04,0.15390471810927575
YSDU,2022-23,"B+D,L,R,T",record,2023-06-05,0.9020165392602763
YSDU,2022-23,"B+D,L,R,T",record,2023-06-06,1.4442718290719192
YSDU,2022-23,"B+D,L,R,T",record,2023-06-07,0.26715635419967504
YSDU,2022-23,"B+D,L,R,T",record,2023-06-08,1.1911942090944123
YSDU,2022-23,"B+D,L,R,T",record,2023-06-09,-0.08251384215663092
YSDU,2022-23,"B+D,L,R,T",record,2023-06-10,0.04602056159080748
YSDU,2022-23,"B+D,L,R,T",record,2023-06-11,-0.05199104833845282
YSDU,2022-23,"B+D,L,R,T",record,2023-06-12,-0.0633820139834948
YSDU,2022-23,"B+D,L,R,T",record,2023-06-13,0.3870485889960012
YSDU,2022-23,"B+D,L,R,T",record,2023-06-14,0.1314220356895735
YSDU,2022-23,"B+D,L,R,T",record,2023-06-15,-0.2736249609803745
YSDU,2022-23,"B+D,L,R,T",record,2023-06-16,-0.23546043892980117
YSDU,2022-23,"B+D,L,R,T",record,2023-06-17,0.22248986972937226
YSDU,2022-23,"B+D,L,R,T",record,2023-06-18,-0.16000673424289139
YSDU,2022-23,"B+D,L,R,T",record,2023-06-19,-0.16142484551396352
YSDU,2022-23,"B+D,L,R,T",record,2023-06-20,-0.003834140206131468
YSDU,2022-23,"B+D,L,R,T",record,2023-06-21,-0.44339460785204154
YSDU,2022-23,"B+D,L,R,T",record,2023-06-22,0.47180051303929654
YSDU,2022-23,"B+D,L,R,T",record,2023-06-23,0.355054484802111
YSDU,2022-23,"B+D,L,R,T",record,2023-06-24,0.18418045262653476
YSDU,2022-23,"B+D,L,R,T",record,2023-06-25,0.27559465012633655
YSDU,2022-23,"B+D,L,R,T",record,2023-06-26,0.18767208873505967
YSDU,2022-23,"B+D,L,R,T",record,2023-06-27,-0.4052255177759316
YSDU,2022-23,"B+D,L,R,T",record,2023-06-28,0.69647770152132
YSDU,2022-23,"B+D,L,R,T",record,2023-06-29,0.12156455507920828
YSDU,2022-23,"B+D,L,R,T",record,2023-06-30,0.6121982995068513
YSDU,2022-23,"B+D,L,R,T",record,2023-07-01,-1.311614953733106
YSDU,2022-23,"B+D,L,R,T",record,2023-07-02,-0.8881194303987154
YSDU,2022-23,"B+D,L,R,T",record,2023-07-03,-0.12194021109839978
YSDU,2022-23,"B+D,L,R,T",record,2023-07-04,0.7790750861589725
YSDU,2022-23,"B+D,L,R,T",record,2023-07-05,0.794487551903086
YSDU,2022-23,"B+D,L,R,T",record,2023-07-06,-0.16339812781514926
YSDU,2022-23,"B+D,L,R,T",record,2023-07-07,-0.9310242544178348
YSDU,2022-23,"B+D,L,R,T",record,2023-07-08,0.9963364721670819
YSDU,2022-23,"B+D,L,R,T",record,2023-07-09,0.18542864371072057
YSDU,2022-23,"B+D,L,R,T",record,2023-07-10,-0.01140671745048674
YSDU,2022-23,"B+D,L,R,T",record,2023-07-11,0.6480345619997302
YSDU,2022-23,"B+D,L,R,T",record,2023-07-12,0.6695574898354727
YSDU,2022-23,"B+D,L,R,T",record,2023-07-13,0.43082875255645875
YSDU,2022-23,"B+D,L,R,T",record,2023-07-14,0.5718960281584563
YSDU,2022-23,"B+D,L,R,T",record,2023-07-15,1.6359931708037834
YSDU,2022-23,"B+D,L,R,T",record,2023-07-16,0.5983015254493682
YSDU,2022-23,"B+D,L,R,T",record,2023-07-17,0.5725914891323836
YSDU,2022-23,"B+D,L,R,T",record,2023-07-18,0.46665736320288204
YSDU,2022-23,"B+D,L,R,T",record,2023-07-19,1.2042819943954735
YSDU,2022-23,"B+D,L,R,T",record,2023-07-20,1.2343119193554484
YSDU,2022-23,"B+D,L,R,T",record,2023-07-21,0.6587540302032054
YSDU,2022-23,"B+D,L,R,T",record,2023-07-22,0.784778946667046
YSDU,2022-23,"B+D,L,R,T",record,2023-07-23,0.2691784183973356
YSDU,2022-23,"B+D,L,R,T",record,2023-07-24,0.3090493007870764
YSDU,2022-23,"B+D,L,R,T",record,2023-07-25,0.6633553516651298
YSDU,2022-23,"B+D,L,R,T",record,2023-07-26,0.7424063748864569
YSDU,2022-23,"B+D,L,R,T",record,2023-07-27,0.5503476470439479
YSDU,2022-23,"B+D,L,R,T",record,2023-07-28,1.445292547337456
YSDU,2022-23,"B+D,L,R,T",record,2023-07-29,1.2065520418201623
YSDU,2022-23,"B+D,L,R,T",record,2023-07-30,0.1852928902094018
YSDU,2022-23,"B+D,L,R,T",record,2023-07-31,0.7584582878100063
YSDU,2023-24,"B+D,L,R,T",record,2023-08-01,0.711121986176546
YSDU,2023-24,"B+D,L,R,T",record,2023-08-02,0.8719506387505837
YSDU,2023-24,"B+D,L,R,T",record,2023-08-03,0.6115546579108888
YSDU,2023-24,"B+D,L,R,T",record,2023-08-04,-0.09168792586183448
YSDU,2023-24,"B+D,L,R,T",record,2023-08-05,2.558013497924276
YSDU,2023-24,"B+D,L,R,T",record,2023-08-06,0.5992672602912611
YSDU,2023-24,"B+D,L,R,T",record,2023-08-07,0.229676776366975
YSDU,2023-24,"B+D,L,R,T",record,2023-08-08,-0.14996637235954827
YSDU,2023-24,"B+D,L,R,T",record,2023-08-09,-0.2692600389071594
YSDU,2023-24,"B+D,L,R,T",record,2023-08-10,0.7277876605679261
YSDU,2023-24,"B+D,L,R,T",record,2023-08-11,0.11835105489706532
YSDU,2023-24,"B+D,L,R,T",record,2023-08-12,0.35526912446524495
YSDU,2023-24,"B+D,L,R,T",record,2023-08-13,0.6509612583491902
YSDU,2023-24,"B+D,L,R,T",record,2023-08-14,1.2971454801617903
YSDU,2023-24,"B+D,L,R,T",record,2023-08-15,0.8610938689856074
YSDU,2023-24,"B+D,L,R,T",record,2023-08-16,0.5479112732741082
YSDU,2023-24,"B+D,L,R,T",record,2023-08-17,0.19706164487712746
YSDU,2023-24,"B+D,L,R,T",record,2023-08-18,0.12312600167219037
YSDU,2023-24,"B+D,L,R,T",record,2023-08-19,0.7388768718070798
YSDU,2023-24,"B+D,L,R,T",record,2023-08-20,0.36861574754341797
YSDU,2023-24,"B+D,L,R,T",record,2023-08-21,0.6908448676268987
YSDU,2023-24,"B+D,L,R,T",record,2023-08-22,0.4989247977123515
YSDU,2023-24,"B+D,L,R,T",record,2023-08-23,0.32864013261797664
YSDU,2023-24,"B+D,L,R,T",record,2023-08-24,-0.24012703388069623
YSDU,2023-24,"B+D,L,R,T",record,2023-08-25,0.021466415941861265
YSDU,2023-24,"B+D,L,R,T",record,2023-08-26,-0.20483630338231848
YSDU,2023-24,"B+D,L,R,T",record,2023-08-27,-0.4091297854467419
YSDU,2023-24,"B+D,L,R,T",record,2023-08-28,-0.9211055807414609
YSDU,2023-24,"B+D,L,R,T",record,2023-08-29,-0.12555511113754667
YSDU,2023-24,"B+D,L,R,T",record,2023-08-30,0.4310074314482702
YSDU,2023-24,"B+D,L,R,T",record,2023-08-31,0.5831796970895252
YSDU,2023-24,"B+D,L,R,T",record,2023-09-01,0.4295804253815298
YSDU,2023-24,"B+D,L,R,T",record,2023-09-02,-0.5567596628516228
YSDU,2023-24,"B+D,L,R,T",record,2023-09-03,-1.0844978198263253
YSDU,2023-24,"B+D,L,R,T",record,2023-09-04,0.5234105837577901
YSDU,2023-24,"B+D,L,R,T",record,2023-09-05,-0.7628752262843754
YSDU,2023-24,"B+D,L,R,T",record,2023-09-06,-1.7782543443256913
YSDU,2023-24,"B+D,L,R,T",record,2023-09-07,-0.7497147743391035
YSDU,2023-24,"B+D,L,R,T",record,2023-09-08,-0.7497919287830691
YSDU,2023-24,"B+D,L,R,T",record,2023-09-09,-0.8824300566648523
YSDU,2023-24,"B+D,L,R,T",record,2023-09-10,-1.3598774840247525
YSDU,2023-24,"B+D,L,R,T",record,2023-09-11,-1.7851814779100166
YSDU,2023-24,"B+D,L,R,T",record,2023-09-12,-1.6558377338647485
YSDU,2023-24,"B+D,L,R,T",record,2023-09-13,-1.6914746279998871
YSDU,2023-24,"B+D,L,R,T",record,2023-09-14,-1.6130772132348452
YSDU,2023-24,"B+D,L,R,T",record,2023-09-15,-1.6464892435207106
YSDU,2023-24,"B+D,L,R,T",record,2023-09-16,-1.0082801361669698
YSDU,2023-24,"B+D,L,R,T",record,2023-09-17,-1.770617435863691
YSDU,2023-24,"B+D,L,R,T",record,2023-09-18,-1.0490403659733114
YSDU,2023-24,"B+D,L,R,T",record,2023-09-19,-0.9637768129148774
YSDU,2023-24,"B+D,L,R,T",record,2023-09-20,-0.7587047087291323
YSDU,2023-24,"B+D,L,R,T",record,2023-09-21,-1.1309901793815658
YSDU,2023-24,"B+D,L,R,T",record,2023-09-22,-1.067258008110747
YSDU,2023-24,"B+D,L,R,T",record,2023-09-23,-1.4929846785417917
YSDU,2023-24,"B+D,L,R,T",record,2023-09-24,-1.6503264571333867
YSDU,2023-24,"B+D,L,R,T",record,2023-09-25,-1.2619049563337328
YSDU,2023-24,"B+D,L,R,T",record,2023-09-26,-0.8915383912343314
YSDU,2023-24,"B+D,L,R,T",record,2023-09-27,-1.3485763474924328
YSDU,2023-24,"B+D,L,R,T",record,2023-09-28,-1.4225840291934368
YSDU,2023-24,"B+D,L,R,T",record,2023-09-29,-1.375920517853271
YSDU,2023-24,"B+D,L,R,T",record,2023-09-30,-1.4379788185697078
YSDU,2023-24,"B+D,L,R,T",record,2023-10-01,-1.236061651919596
YSDU,2023-24,"B+D,L,R,T",record,2023-10-02,-1.3862220995440289
YSDU,2023-24,"B+D,L,R,T",record,2023-10-03,-1.5063532875649372
YSDU,2023-24,"B+D,L,R,T",record,2023-10-04,0.8717871850312965
YSDU,2023-24,"B+D,L,R,T",record,2023-10-05,0.16421373224467867
YSDU,2023-24,"B+D,L,R,T",record,2023-10-06,-0.2992280806654276
YSDU,2023-24,"B+D,L,R,T",record,2023-10-07,-1.232003288399727
YSDU,2023-24,"B+D,L,R,T",record,2023-10-08,-1.9205671677292273
YSDU,2023-24,"B+D,L,R,T",record,2023-10-09,-1.5731849507960212
YSDU,2023-24,"B+D,L,R,T",record,2023-10-10,-1.7111838681920881
YSDU,2023-24,"B+D,L,R,T",record,2023-10-11,-1.8040396392510611
YSDU,2023-24,"B+D,L,R,T",record,2023-10-12,-1.3321667710651999
YSDU,2023-24,"B+D,L,R,T",record,2023-10-13,-1.415435548363353
YSDU,2023-24,"B+D,L,R,T",record,2023-10-14,-1.343482360060599
YSDU,2023-24,"B+D,L,R,T",record,2023-10-15,-1.5176547838012133
YSDU,2023-24,"B+D,L,R,T",record,2023-10-16,-1.446251168049015
YSDU,2023-24,"B+D,L,R,T",record,2023-10-17,-1.7191296603062023
YSDU,2023-24,"B+D,L,R,T",record,2023-10-18,-1.7965021100284921
YSDU,2023-24,"B+D,L,R,T",record,2023-10-19,-1.85262631623151
YSDU,2023-24,"B+D,L,R,T",record,2023-10-20,-1.9879204326621385
YSDU,2023-24,"B+D,L,R,T",record,2023-10-21,-1.7456564081276609
YSDU,2023-24,"B+D,L,R,T",record,2023-10-22,-1.7521923686957064
YSDU,2023-24,"B+D,L,R,T",record,2023-10-23,-1.7578535361767478
YSDU,2023-24,"B+D,L,R,T",record,2023-10-24,-1.6946979501922776
YSDU,2023-24,"B+D,L,R,T",record,2023-10-25,-1.82066845504868
YSDU,2023-24,"B+D,L,R,T",record,2023-10-26,-2.070453974152313
YSDU,2023-24,"B+D,L,R,T",record,2023-10-27,-1.5033889049948002
YSDU,2023-24,"B+D,L,R,T",record,2023-10-28,-1.8317713093287982
YSDU,2023-24,"B+D,L,R,T",record,2023-10-29,-1.5677976580117134
YSDU,2023-24,"B+D,L,R,T",record,2023-10-30,-1.474167878540395
YSDU,2023-24,"B+D,L,R,T",record,2023-10-31,-1.430460707916299
YSDU,2023-24,"B+D,L,R,T",record,2023-11-01,-1.7808055485273204
YSDU,2023-24,"B+D,L,R,T",record,2023-11-02,-1.742123008710293
YSDU,2023-24,"B+D,L,R,T",record,2023-11-03,-1.7745413125939677
YSDU,2023-24,"B+D,L,R,T",record,2023-11-04,-1.805097204082288
YSDU,2023-24,"B+D,L,R,T",record,2023-11-05,0.05932021543621898
YSDU,2023-24,"B+D,L,R,T",record,2023-11-06,-1.5890989990071056
YSDU,2023-24,"B+D,L,R,T",record,2023-11-07,-1.2157004327928194
YSDU,2023-24,"B+D,L,R,T",record,2023-11-08,2.7923504014955918
YSDU,2023-24,"B+D,L,R,T",record,2023-11-09,0.22864998317643445
YSDU,2023-24,"B+D,L,R,T",record,2023-11-10,-0.4967589545975776
YSDU,2023-24,"B+D,L,R,T",record,2023-11-11,-1.5235002154875714
YSDU,2023-24,"B+D,L,R,T",record,2023-11-12,-1.5125913574327632
YSDU,2023-24,"B+D,L,R,T",record,2023-11-13,-1.6052713644366525
YSDU,2023-24,"B+D,L,R,T",record,2023-11-14,-1.683027283088156
YSDU,2023-24,"B+D,L,R,T",record,2023-11-15,-1.3290664549423228
YSDU,2023-24,"B+D,L,R,T",record,2023-11-16,-1.4049233556747411
YSDU,2023-24,"B+D,L,R,T",record,2023-11-17,-1.6729665317146243
YSDU,2023-24,"B+D,L,R,T",record,2023-11-18,-1.654714261741031
YSDU,2023-24,"B+D,L,R,T",record,2023-11-19,-1.5086080673398286
YSDU,2023-24,"B+D,L,R,T",record,2023-11-20,2.1862315720185572
YSDU,2023-24,"B+D,L,R,T",record,2023-11-21,-0.8669177620777002
YSDU,2023-24,"B+D,L,R,T",record,2023-11-22,-1.5888923611985688
YSDU,2023-24,"B+D,L,R,T",record,2023-11-23,0.17522181969992193
YSDU,2023-24,"B+D,L,R,T",record,2023-11-24,1.9870107965400887
YSDU,2023-24,"B+D,L,R,T",record,2023-11-25,0.22665937652253879
YSDU,2023-24,"B+D,L,R,T",record,2023-11-26,0.12246462846506766
YSDU,2023-24,"B+D,L,R,T",record,2023-11-27,-1.2492206845949876
YSDU,2023-24,"B+D,L,R,T",record,2023-11-28,0.4944704028325782
YSDU,2023-24,"B+D,L,R,T",record,2023-11-29,1.8309583305592219
YSDU,2023-24,"B+D,L,R,T",record,2023-11-30,-0.4937629095523198
YSDU,2023-24,"B+D,L,R,T",record,2023-12-01,-0.8174980547515517
YSDU,2023-24,"B+D,L,R,T",record,2023-12-02,-0.9289310854964048
YSDU,2023-24,"B+D,L,R,T",record,2023-12-03,-0.9580664338287944
YSDU,2023-24,"B+D,L,R,T",record,2023-12-04,-1.6099071900036532
YSDU,2023-24,"B+D,L,R,T",record,2023-12-05,-2.0697824105724845
YSDU,2023-24,"B+D,L,R,T",record,2023-12-06,-1.4064420571985614
YSDU,2023-24,"B+D,L,R,T",record,2023-12-07,-1.9705581209086103
YSDU,2023-24,"B+D,L,R,T",record,2023-12-08,-1.6293400604961785
YSDU,2023-24,"B+D,L,R,T",record,2023-12-09,-1.3295754229081889
YSDU,2023-24,"B+D,L,R,T",record,2023-12-10,-2.0591245945047065
YSDU,2023-24,"B+D,L,R,T",record,2023-12-11,-1.5579321177482808
YSDU,2023-24,"B+D,L,R,T",record,2023-12-12,-1.8653033703818889
YSDU,2023-24,"B+D,L,R,T",record,2023-12-13,-1.3464707776665559
YSDU,2023-24,"B+D,L,R,T",record,2023-12-14,-1.343266211449758
YSDU,2023-24,"B+D,L,R,T",record,2023-12-15,-1.4017164942896005
YSDU,2023-24,"B+D,L,R,T",record,2023-12-16,-1.826547812628301
YSDU,2023-24,"B+D,L,R,T",record,2023-12-17,-2.538662647445946
YSDU,2023-24,"B+D,L,R,T",record,2023-12-18,-1.8534789307592479
YSDU,2023-24,"B+D,L,R,T",record,2023-12-19,-1.446850966602234
YSDU,2023-24,"B+D,L,R,T",record,2023-12-20,0.20532298074179275
YSDU,2023-24,"B+D,L,R,T",record,2023-12-21,0.20309816365989178
YSDU,2023-24,"B+D,L,R,T",record,2023-12-22,-1.4637818450245301
YSDU,2023-24,"B+D,L,R,T",record,2023-12-23,-2.0422393326008397
YSDU,2023-24,"B+D,L,R,T",record,2023-12-24,0.3626612213137202
YSDU,2023-24,"B+D,L,R,T",record,2023-12-25,-1.745446033502778
YSDU,2023-24,"B+D,L,R,T",record,2023-12-26,-1.4499621866298515
YSDU,2023-24,"B+D,L,R,T",record,2023-12-27,-1.4497516915673847
YSDU,2023-24,"B+D,L,R,T",record,2023-12-28,-1.4430621115830566
YSDU,2023-24,"B+D,L,R,T",record,2023-12-29,-1.8995272678883617
YSDU,2023-24,"B+D,L,R,T",record,2023-12-30,-1.4908186268380628
YSDU,2023-24,"B+D,L,R,T",record,2023-12-31,-1.2114048635748884
YSDU,2023-24,"B+D,L,R,T",record,2024-01-01,-2.3403248549998357
YSDU,2023-24,"B+D,L,R,T",record,2024-01-02,-2.4195337681913673
YSDU,2023-24,"B+D,L,R,T",record,2024-01-03,-2.264355879850162
YSDU,2023-24,"B+D,L,R,T",record,2024-01-04,-2.198937920268673
YSDU,2023-24,"B+D,L,R,T",record,2024-01-05,-1.9377869491320865
YSDU,2023-24,"B+D,L,R,T",record,2024-01-06,-2.1922355856640228
YSDU,2023-24,"B+D,L,R,T",record,2024-01-07,-1.9273596684599805
YSDU,2023-24,"B+D,L,R,T",record,2024-01-08,1.1800434188098017
YSDU,2023-24,"B+D,L,R,T",record,2024-01-09,-2.5909120809882067
YSDU,2023-24,"B+D,L,R,T",record,2024-01-10,-2.7934712377560897
YSDU,2023-24,"B+D,L,R,T",record,2024-01-11,-2.727194184125987
YSDU,2023-24,"B+D,L,R,T",record,2024-01-12,-1.9139190664010834
YSDU,2023-24,"B+D,L,R,T",record,2024-01-13,-2.57242549733713
YSDU,2023-24,"B+D,L,R,T",record,2024-01-14,-2.25415275589023
YSDU,2023-24,"B+D,L,R,T",record,2024-01-15,-1.9310251686972828
YSDU,2023-24,"B+D,L,R,T",record,2024-01-16,-0.15619631100332038
YSDU,2023-24,"B+D,L,R,T",record,2024-01-17,1.147654686070967
YSDU,2023-24,"B+D,L,R,T",record,2024-01-18,-0.3279349350695293
YSDU,2023-24,"B+D,L,R,T",record,2024-01-19,-0.9704841371002308
YSDU,2023-24,"B+D,L,R,T",record,2024-01-20,-1.0826730783027145
YSDU,2023-24,"B+D,L,R,T",record,2024-01-21,-1.5714631596902768
YSDU,2023-24,"B+D,L,R,T",record,2024-01-22,-1.8248543499741285
YSDU,2023-24,"B+D,L,R,T",record,2024-01-23,-1.483307385751995
YSDU,2023-24,"B+D,L,R,T",record,2024-01-24,-1.4115990682041886
YSDU,2023-24,"B+D,L,R,T",record,2024-01-25,-1.0025907959303793
YSDU,2023-24,"B+D,L,R,T",record,2024-01-26,-0.8171620513264198
YSDU,2023-24,"B+D,L,R,T",record,2024-01-27,-0.8305067771064021
YSDU,2023-24,"B+D,L,R,T",record,2024-01-28,-1.5265024291077678
YSDU,2023-24,"B+D,L,R,T",record,2024-01-29,-0.9526880946841843
YSDU,2023-24,"B+D,L,R,T",record,2024-01-30,-1.83650018392675
YSDU,2023-24,"B+D,L,R,T",record,2024-01-31,-1.652438865112941
YSDU,2023-24,"B+D,L,R,T",record,2024-02-01,-1.9473285930146047
YSDU,2023-24,"B+D,L,R,T",record,2024-02-02,-0.5080401592837447
YSDU,2023-24,"B+D,L,R,T",record,2024-02-03,-1.6182199559988772
YSDU,2023-24,"B+D,L,R,T",record,2024-02-05,-0.26620076065723935
YSDU,2023-24,"B+D,L,R,T",record,2024-02-06,1.428412170730027
YSDU,2023-24,"B+D,L,R,T",record,2024-02-07,1.6500698383830652
YSDU,2023-24,"B+D,L,R,T",record,2024-02-08,1.6222569771524717
YSDU,2023-24,"B+D,L,R,T",record,2024-02-09,-1.0187095049326536
YSDU,2023-24,"B+D,L,R,T",record,2024-02-10,-0.9032573148185588
YSDU,2023-24,"B+D,L,R,T",record,2024-02-11,-1.0198127055674877
YSDU,2023-24,"B+D,L,R,T",record,2024-02-12,-0.5342979448442932
YSDU,2023-24,"B+D,L,R,T",record,2024-02-13,-0.6898134503117122
YSDU,2023-24,"B+D,L,R,T",record,2024-02-14,-0.8787454378830519
YSDU,2023-24,"B+D,L,R,T",record,2024-02-15,-1.7644339065984436
YSDU,2023-24,"B+D,L,R,T",record,2024-02-16,-1.976757522644179
YSDU,2023-24,"B+D,L,R,T",record,2024-02-17,-1.0128630130652385
YSDU,2023-24,"B+D,L,R,T",record,2024-02-18,-1.6890587289137082
YSDU,2023-24,"B+D,L,R,T",record,2024-02-19,-2.1932276090606315
YSDU,2023-24,"B+D,L,R,T",record,2024-02-20,-1.1273292046950154
YSDU,2023-24,"B+D,L,R,T",record,2024-02-21,-0.7962107847169095
YSDU,2023-24,"B+D,L,R,T",record,2024-02-22,-1.1786861661270667
YSDU,2023-24,"B+D,L,R,T",record,2024-02-23,-0.9516346452856017
YSDU,2023-24,"B+D,L,R,T",record,2024-02-24,-0.3178743254119074
YSDU,2023-24,"B+D,L,R,T",record,2024-02-25,-1.313509874142587
YSDU,2023-24,"B+D,L,R,T",record,2024-02-26,-1.6635406306215097
YSDU,2023-24,"B+D,L,R,T",record,2024-02-27,-0.9580778021909292
YSDU,2023-24,"B+D,L,R,T",record,2024-02-28,-0.8895380776375141
YSDU,2023-24,"B+D,L,R,T",record,2024-02-29,-0.6802803190613068
YSDU,2023-24,"B+D,L,R,T",record,2024-03-01,-1.5074194504613627
YSDU,2023-24,"B+D,L,R,T",record,2024-03-02,-0.7248674940310499
YSDU,2023-24,"B+D,L,R,T",record,2024-03-03,-0.193053387495251
YSDU,2023-24,"B+D,L,R,T",record,2024-03-04,-0.852480869947053
YSDU,2023-24,"B+D,L,R,T",record,2024-03-05,-1.6885054698959887
YSDU,2023-24,"B+D,L,R,T",record,2024-03-06,-1.4829986409804692
YSDU,2023-24,"B+D,L,R,T",record,2024-03-07,-0.5438837445895905
YSDU,2023-24,"B+D,L,R,T",record,2024-03-08,-0.7171924044893044
YSDU,2023-24,"B+D,L,R,T",record,2024-03-09,-0.6367731329883706
YSDU,2023-24,"B+D,L,R,T",record,2024-03-10,-0.6006467461858822
YSDU,2023-24,"B+D,L,R,T",record,2024-03-11,-1.202186535434065
YSDU,2023-24,"B+D,L,R,T",record,2024-03-12,-1.3780698597988474
YSDU,2023-24,"B+D,L,R,T",record,2024-03-13,-1.4561193409208861
YSDU,2023-24,"B+D,L,R,T",record,2024-03-14,-0.8450117432764365
YSDU,2023-24,"B+D,L,R,T",record,2024-03-15,0.13549599030290277
YSDU,2023-24,"B+D,L,R,T",record,2024-03-16,0.4286145859053354
YSDU,2023-24,"B+D,L,R,T",record,2024-03-17,0.3955384932758608
YSDU,2023-24,"B+D,L,R,T",record,2024-03-18,0.5429486293371327
YSDU,2023-24,"B+D,L,R,T",record,2024-03-19,-0.46012487459509627
YSDU,2023-24,"B+D,L,R,T",record,2024-03-20,1.512974375216052
YSDU,2023-24,"B+D,L,R,T",record,2024-03-21,0.4360057085151496
YSDU,2023-24,"B+D,L,R,T",record,2024-03-22,-0.9181841728054861
YSDU,2023-24,"B+D,L,R,T",record,2024-03-23,1.9386130974022118
YSDU,2023-24,"B+D,L,R,T",record,2024-03-24,-0.24892017384218784
YSDU,2023-24,"B+D,L,R,T",record,2024-03-25,-1.3603142748022132
YSDU,2023-24,"B+D,L,R,T",record,2024-03-26,-1.3818141526705359
YSDU,2023-24,"B+D,L,R,T",record,2024-03-27,-1.3145216571113107
YSDU,2023-24,"B+D,L,R,T",record,2024-03-28,-0.6417127320744581
YSDU,2023-24,"B+D,L,R,T",record,2024-03-29,-0.7139033773743048
YSDU,2023-24,"B+D,L,R,T",record,2024-03-30,-1.4776209171764663
YSDU,2023-24,"B+D,L,R,T",record,2024-03-31,-1.1868555070902453
YSDU,2023-24,"B+D,L,R,T",record,2024-04-01,-1.1920373753864528
YSDU,2023-24,"B+D,L,R,T",record,2024-04-02,0.5527837702896587
YSDU,2023-24,"B+D,L,R,T",record,2024-04-03,-0.5732581668869963
YSDU,2023-24,"B+D,L,R,T",record,2024-04-04,0.31434112869492864
YSDU,2023-24,"B+D,L,R,T",record,2024-04-05,0.8912651292892662
YSDU,2023-24,"B+D,L,R,T",record,2024-04-06,0.22218113576280152
YSDU,2023-24,"B+D,L,R,T",record,2024-04-07,1.3859814986157202
YSDU,2023-24,"B+D,L,R,T",record,2024-04-08,0.27581447367020817
YSDU,2023-24,"B+D,L,R,T",record,2024-04-09,0.5758562629009373
YSDU,2023-24,"B+D,L,R,T",record,2024-04-10,0.4530142293716034
YSDU,2023-24,"B+D,L,R,T",record,2024-04-11,-0.08992436442371504
YSDU,2023-24,"B+D,L,R,T",record,2024-04-12,0.35587098613780016
YSDU,2023-24,"B+D,L,R,T",record,2024-04-13,-0.4341590047171922
YSDU,2023-24,"B+D,L,R,T",record,2024-04-14,-0.5729085265699635
YSDU,2023-24,"B+D,L,R,T",record,2024-04-15,-1.1217244745835537
YSDU,2023-24,"B+D,L,R,T",record,2024-04-16,-0.3973704399017311
YSDU,2023-24,"B+D,L,R,T",record,2024-04-17,0.449861335904495
YSDU,2023-24,"B+D,L,R,T",record,2024-04-18,0.5707864242364981
YSDU,2023-24,"B+D,L,R,T",record,2024-04-19,0.443453248365408
YSDU,2023-24,"B+D,L,R,T",record,2024-04-20,0.6384921209832044
YSDU,2023-24,"B+D,L,R,T",record,2024-04-21,0.010509135312065347
YSDU,2023-24,"B+D,L,R,T",record,2024-04-22,0.6987914080377675
YSDU,2023-24,"B+D,L,R,T",record,2024-04-23,0.5543094897819905
YSDU,2023-24,"B+D,L,R,T",record,2024-04-24,1.504979936487355
YSDU,2023-24,"B+D,L,R,T",record,2024-04-25,-0.05315486346207814
YSDU,2023-24,"B+D,L,R,T",record,2024-04-26,-0.25261977166338917
YSDU,2023-24,"B+D,L,R,T",record,2024-04-27,-0.10940819390928147
YSDU,2023-24,"B+D,L,R,T",record,2024-04-28,-0.22903009015556355
YSDU,2023-24,"B+D,L,R,T",record,2024-04-29,0.9952811315007511
YSDU,2023-24,"B+D,L,R,T",record,2024-04-30,0.7561681705100511
YSDU,2023-24,"B+D,L,R,T",record,2024-05-01,-0.11647082135183082
YSDU,2023-24,"B+D,L,R,T",record,2024-05-02,0.3462825690458706
YSDU,2023-24,"B+D,L,R,T",record,2024-05-03,0.3896531170110371
YSDU,2023-24,"B+D,L,R,T",record,2024-05-04,1.264308507218702
YSDU,2023-24,"B+D,L,R,T",record,2024-05-05,1.1432110987108863
YSDU,2023-24,"B+D,L,R,T",record,2024-05-06,0.07988894400753077
YSDU,2023-24,"B+D,L,R,T",record,2024-05-07,0.19818160708507315
YSDU,2023-24,"B+D,L,R,T",record,2024-05-08,0.31420165569944986
YSDU,2023-24,"B+D,L,R,T",record,2024-05-09,0.33476629745367387
YSDU,2023-24,"B+D,L,R,T",record,2024-05-10,1.3315457102358301
YSDU,2023-24,"B+D,L,R,T",record,2024-05-11,1.2460265439504727
YSDU,2023-24,"B+D,L,R,T",record,2024-05-12,-0.10308301042204501
YSDU,2023-24,"B+D,L,R,T",record,2024-05-13,0.3850945059348045
YSDU,2023-24,"B+D,L,R,T",record,2024-05-15,0.6180563602119383
YSDU,2023-24,"B+D,L,R,T",record,2024-05-16,0.6315193014271407
YSDU,2023-24,"B+D,L,R,T",record,2024-05-17,0.4650203875634612
YSDU,2023-24,"B+D,L,R,T",record,2024-05-18,0.08304079125425468
YSDU,2023-24,"B+D,L,R,T",record,2024-05-19,-0.10392137292048866
YSDU,2023-24,"B+D,L,R,T",record,2024-05-20,0.18234095601209063
YSDU,2023-24,"B+D,L,R,T",record,2024-05-21,0.28998874398798113
YSDU,2023-24,"B+D,L,R,T",record,2024-05-22,-0.15347754001631952
YSDU,2023-24,"B+D,L,R,T",record,2024-05-23,0.02079246146291307
YSDU,2023-24,"B+D,L,R,T",record,2024-05-24,0.3067617437200846
YSDU,2023-24,"B+D,L,R,T",record,2024-05-25,0.6603752502701565
YSDU,2023-24,"B+D,L,R,T",record,2024-05-26,-0.24461054343888267
YSDU,2023-24,"B+D,L,R,T",record,2024-05-27,-0.060101003895342404
YSDU,2023-24,"B+D,L,R,T",record,2024-05-28,0.10290329136403312
YSDU,2023-24,"B+D,L,R,T",record,2024-05-29,0.19498891845160216
YSDU,2023-24,"B+D,L,R,T",record,2024-05-30,0.962299577276402
YSDU,2023-24,"B+D,L,R,T",record,2024-05-31,0.34090278298102666
YSDU,2023-24,"B+D,L,R,T",record,2024-06-01,0.614203438240637
YSDU,2023-24,"B+D,L,R,T",record,2024-06-02,0.5415354445566722
YSDU,2023-24,"B+D,L,R,T",record,2024-06-03,0.05939829600271279
YSDU,2023-24,"B+D,L,R,T",record,2024-06-04,0.23110030593241276
YSDU,2023-24,"B+D,L,R,T",record,2024-06-05,0.19485088989870958
YSDU,2023-24,"B+D,L,R,T",record,2024-06-06,-0.4875575832093103
YSDU,2023-24,"B+D,L,R,T",record,2024-06-07,0.2668135445866818
YSDU,2023-24,"B+D,L,R,T",record,2024-06-08,-0.2632898522449989
YSDU,2023-24,"B+D,L,R,T",record,2024-06-09,-0.13977439131109418
YSDU,2023-24,"B+D,L,R,T",record,2024-06-10,-1.3303636227374946
YSDU,2023-24,"B+D,L,R,T",record,2024-06-11,-0.23012644875277619
YSDU,2023-24,"B+D,L,R,T",record,2024-06-12,-0.18694214432648024
YSDU,2023-24,"B+D,L,R,T",record,2024-06-13,-0.11211829211194847
YSDU,2023-24,"B+D,L,R,T",record,2024-06-14,-0.036839514325430686
YSDU,2023-24,"B+D,L,R,T",record,2024-06-15,0.6748322298716372
YSDU,2023-24,"B+D,L,R,T",record,2024-06-16,-0.056060832159002524
YSDU,2023-24,"B+D,L,R,T",record,2024-06-17,0.2163084887792844
YSDU,2023-24,"B+D,L,R,T",record,2024-06-18,0.3296251295968029
YSDU,2023-24,"B+D,L,R,T",record,2024-06-19,-0.027999289986540297
YSDU,2023-24,"B+D,L,R,T",record,2024-06-20,0.4246324857081764
YSDU,2023-24,"B+D,L,R,T",record,2024-06-21,0.40784422253547337
YSDU,2023-24,"B+D,L,R,T",record,2024-06-22,-0.029108447808634204
YSDU,2023-24,"B+D,L,R,T",record,2024-06-23,-0.12578183105169682
YSDU,2023-24,"B+D,L,R,T",record,2024-06-24,-0.2724821138665348
YSDU,2023-24,"B+D,L,R,T",record,2024-06-25,0.09906149225081487
YSDU,2023-24,"B+D,L,R,T",record,2024-06-26,0.35006481445267745
YSDU,2023-24,"B+D,L,R,T",record,2024-06-27,-0.321954756532334
YSDU,2023-24,"B+D,L,R,T",record,2024-06-28,-0.3042524188320272
YSDU,2023-24,"B+D,L,R,T",record,2024-06-29,0.2357043173754283
YSDU,2023-24,"B+D,L,R,T",record,2024-06-30,0.32733104220609527
YSDU,2023-24,"B+D,L,R,T",record,2024-07-01,-0.12711878786713013
YSDU,2023-24,"B+D,L,R,T",record,2024-07-02,-0.05720563087409807
YSDU,2023-24,"B+D,L,R,T",record,2024-07-03,0.2814247095991053
YSDU,2023-24,"B+D,L,R,T",record,2024-07-04,-0.0323748896939882
YSDU,2023-24,"B+D,L,R,T",record,2024-07-05,0.43157606045699254
YSDU,2023-24,"B+D,L,R,T",record,2024-07-06,-0.1733605924523454
YSDU,2023-24,"B+D,L,R,T",record,2024-07-07,0.39571926941243263
YSDU,2023-24,"B+D,L,R,T",record,2024-07-08,0.47359013329007277
YSDU,2023-24,"B+D,L,R,T",record,2024-07-09,-1.1236241611089295
YSDU,2023-24,"B+D,L,R,T",record,2024-07-10,-0.8787229814651715
YSDU,2023-24,"B+D,L,R,T",record,2024-07-11,-0.4724303796750214
YSDU,2023-24,"B+D,L,R,T",record,2024-07-12,0.3463513338442799
YSDU,2023-24,"B+D,L,R,T",record,2024-07-13,0.4759175387827422
YSDU,2023-24,"B+D,L,R,T",record,2024-07-14,-0.12584758819256392
YSDU,2023-24,"B+D,L,R,T",record,2024-07-15,-0.47800483320103015
YSDU,2023-24,"B+D,L,R,T",record,2024-07-16,0.561598871557482
YSDU,2023-24,"B+D,L,R,T",record,2024-07-17,1.1841616551850376
YSDU,2023-24,"B+D,L,R,T",record,2024-07-18,0.6099370726254362
YSDU,2023-24,"B+D,L,R,T",record,2024-07-19,0.43171453302491386
YSDU,2023-24,"B+D,L,R,T",record,2024-07-21,-0.43027377162692654
YSDU,2023-24,"B+D,L,R,T",record,2024-07-22,0.13045075384005492
YSDU,2023-24,"B+D,L,R,T",record,2024-07-23,-0.05862971022342903
YSDU,2023-24,"B+D,L,R,T",record,2024-07-24,-0.44590700968637925
YSDU,2023-24,"B+D,L,R,T",record,2024-07-25,0.2771826871821498
YSDU,2023-24,"B+D,L,R,T",record,2024-07-26,-0.2340942364325549
YSDU,2023-24,"B+D,L,R,T",record,2024-07-27,0.18761786024253752
YSDU,2023-24,"B+D,L,R,T",record,2024-07-28,0.5480048582672965
YSDU,2023-24,"B+D,L,R,T",record,2024-07-29,0.8860464113906582
YSDU,2023-24,"B+D,L,R,T",record,2024-07-30,0.6128119287066267
YSDU,2023-24,"B+D,L,R,T",record,2024-07-31,0.8882072835589344
RNO,2022-23,"B+D,L,R,T",record,2022-08-01,-0.2042395185260711
RNO,2022-23,"B+D,L,R,T",record,2022-08-02,-0.10190651735239191
RNO,2022-23,"B+D,L,R,T",record,2022-08-03,-0.47217721086093206
RNO,2022-23,"B+D,L,R,T",record,2022-08-04,-0.21304316448912258
RNO,2022-23,"B+D,L,R,T",record,2022-08-05,0.331221353959769
RNO,2022-23,"B+D,L,R,T",record,2022-08-06,-0.042132017981355116
RNO,2022-23,"B+D,L,R,T",record,2022-08-07,-0.014862092430905456
RNO,2022-23,"B+D,L,R,T",record,2022-08-08,-0.6124565269090118
RNO,2022-23,"B+D,L,R,T",record,2022-08-09,-0.7035934441906355
RNO,2022-23,"B+D,L,R,T",record,2022-08-10,0.2834572410146076
RNO,2022-23,"B+D,L,R,T",record,2022-08-11,-1.0803797951595078
RNO,2022-23,"B+D,L,R,T",record,2022-08-12,-1.0010448043020568
RNO,2022-23,"B+D,L,R,T",record,2022-08-13,-1.1410506761887789
RNO,2022-23,"B+D,L,R,T",record,2022-08-14,-1.3695514333385697
RNO,2022-23,"B+D,L,R,T",record,2022-08-15,-0.8805264672344555
RNO,2022-23,"B+D,L,R,T",record,2022-08-16,-0.33804869326365217
RNO,2022-23,"B+D,L,R,T",record,2022-08-17,-0.681448729846461
RNO,2022-23,"B+D,L,R,T",record,2022-08-18,-0.7973222593641711
RNO,2022-23,"B+D,L,R,T",record,2022-08-19,-1.0298076206270517
RNO,2022-23,"B+D,L,R,T",record,2022-08-20,-0.33393007396305674
RNO,2022-23,"B+D,L,R,T",record,2022-08-21,-0.2018157789976376
RNO,2022-23,"B+D,L,R,T",record,2022-08-22,-1.8928152435251893
RNO,2022-23,"B+D,L,R,T",record,2022-08-23,-1.709325607366612
RNO,2022-23,"B+D,L,R,T",record,2022-08-24,-1.0598378567966011
RNO,2022-23,"B+D,L,R,T",record,2022-08-25,-1.0185040952011117
RNO,2022-23,"B+D,L,R,T",record,2022-08-26,-1.2831841569718867
RNO,2022-23,"B+D,L,R,T",record,2022-08-27,-0.9663150920582444
RNO,2022-23,"B+D,L,R,T",record,2022-08-28,-1.107380202801408
RNO,2022-23,"B+D,L,R,T",record,2022-08-29,-0.3405813645641057
RNO,2022-23,"B+D,L,R,T",record,2022-08-30,0.05058472825965598
RNO,2022-23,"B+D,L,R,T",record,2022-08-31,-1.307712836411837
RNO,2022-23,"B+D,L,R,T",record,2022-09-01,-1.1513305361726696
RNO,2022-23,"B+D,L,R,T",record,2022-09-02,-0.8981249507142677
RNO,2022-23,"B+D,L,R,T",record,2022-09-03,-0.32305228192351765
RNO,2022-23,"B+D,L,R,T",record,2022-09-04,-1.0683446543786106
RNO,2022-23,"B+D,L,R,T",record,2022-09-05,-0.5088281262520515
RNO,2022-23,"B+D,L,R,T",record,2022-09-06,-0.4208324122090954
RNO,2022-23,"B+D,L,R,T",record,2022-09-07,-0.7238249315644675
RNO,2022-23,"B+D,L,R,T",record,2022-09-08,-1.8829229518925799
RNO,2022-23,"B+D,L,R,T",record,2022-09-09,-1.0973900785229351
RNO,2022-23,"B+D,L,R,T",record,2022-09-10,0.2210600549506995
RNO,2022-23,"B+D,L,R,T",record,2022-09-11,-0.36500153557649445
RNO,2022-23,"B+D,L,R,T",record,2022-09-12,-1.556326255135709
RNO,2022-23,"B+D,L,R,T",record,2022-09-13,-0.3222945032196866
RNO,2022-23,"B+D,L,R,T",record,2022-09-14,-0.10976519048917653
RNO,2022-23,"B+D,L,R,T",record,2022-09-15,-0.4372016194292595
RNO,2022-23,"B+D,L,R,T",record,2022-09-16,-0.6584009739475468
RNO,2022-23,"B+D,L,R,T",record,2022-09-17,-0.7807962739008156
RNO,2022-23,"B+D,L,R,T",record,2022-09-18,-0.9410749862783542
RNO,2022-23,"B+D,L,R,T",record,2022-09-19,2.073955710491975
RNO,2022-23,"B+D,L,R,T",record,2022-09-20,1.3573451442137532
RNO,2022-23,"B+D,L,R,T",record,2022-09-21,0.2830805107238118
RNO,2022-23,"B+D,L,R,T",record,2022-09-22,0.2579702941368173
RNO,2022-23,"B+D,L,R,T",record,2022-09-23,0.22475953220670958
RNO,2022-23,"B+D,L,R,T",record,2022-09-24,0.23903742315499446
RNO,2022-23,"B+D,L,R,T",record,2022-09-25,-0.7085733067295151
RNO,2022-23,"B+D,L,R,T",record,2022-09-26,-0.47289092545553385
RNO,2022-23,"B+D,L,R,T",record,2022-09-27,-0.8930444963751325
RNO,2022-23,"B+D,L,R,T",record,2022-09-28,-0.004331332416436656
RNO,2022-23,"B+D,L,R,T",record,2022-09-29,-1.230608189377908
RNO,2022-23,"B+D,L,R,T",record,2022-09-30,0.22055480659462412
RNO,2022-23,"B+D,L,R,T",record,2022-10-01,0.0862809395846109
RNO,2022-23,"B+D,L,R,T",record,2022-10-02,0.2264801686624205
RNO,2022-23,"B+D,L,R,T",record,2022-10-03,0.050616611621743766
RNO,2022-23,"B+D,L,R,T",record,2022-10-04,-0.031940250947516485
RNO,2022-23,"B+D,L,R,T",record,2022-10-05,-0.022524196191743593
RNO,2022-23,"B+D,L,R,T",record,2022-10-06,0.0876291725761524
RNO,2022-23,"B+D,L,R,T",record,2022-10-07,0.34788416737444083
RNO,2022-23,"B+D,L,R,T",record,2022-10-08,0.09781607012665947
RNO,2022-23,"B+D,L,R,T",record,2022-10-09,-0.07744789103865642
RNO,2022-23,"B+D,L,R,T",record,2022-10-10,-0.9436110848431226
RNO,2022-23,"B+D,L,R,T",record,2022-10-11,0.07411664378845945
RNO,2022-23,"B+D,L,R,T",record,2022-10-12,0.32383239238569655
RNO,2022-23,"B+D,L,R,T",record,2022-10-13,-0.02437282085378649
RNO,2022-23,"B+D,L,R,T",record,2022-10-14,-0.8392072394477219
RNO,2022-23,"B+D,L,R,T",record,2022-10-15,0.20929755197331196
RNO,2022-23,"B+D,L,R,T",record,2022-10-16,0.1845437939703568
RNO,2022-23,"B+D,L,R,T",record,2022-10-17,-0.7326776952597366
RNO,2022-23,"B+D,L,R,T",record,2022-10-18,-0.14840837703598642
RNO,2022-23,"B+D,L,R,T",record,2022-10-19,0.256577532300787
RNO,2022-23,"B+D,L,R,T",record,2022-10-20,-1.178267594180426
RNO,2022-23,"B+D,L,R,T",record,2022-10-21,-0.71432278147845
RNO,2022-23,"B+D,L,R,T",record,2022-10-22,1.2844312196213195
RNO,2022-23,"B+D,L,R,T",record,2022-10-23,0.18492026082249452
RNO,2022-23,"B+D,L,R,T",record,2022-10-24,-1.7558418073920798
RNO,2022-23,"B+D,L,R,T",record,2022-10-25,-0.2119767115244879
RNO,2022-23,"B+D,L,R,T",record,2022-10-26,-0.09353030639900256
RNO,2022-23,"B+D,L,R,T",record,2022-10-27,-0.9619572523950555
RNO,2022-23,"B+D,L,R,T",record,2022-10-28,-0.28296240100898856
RNO,2022-23,"B+D,L,R,T",record,2022-10-29,-0.6185108041481988
RNO,2022-23,"B+D,L,R,T",record,2022-10-30,-1.6119525196636795
RNO,2022-23,"B+D,L,R,T",record,2022-10-31,-3.6974867472326447
RNO,2022-23,"B+D,L,R,T",record,2022-11-01,-0.9637119609116881
RNO,2022-23,"B+D,L,R,T",record,2022-11-02,1.2982134841301385
RNO,2022-23,"B+D,L,R,T",record,2022-11-03,0.9095856647326765
RNO,2022-23,"B+D,L,R,T",record,2022-11-04,-0.9782936696372677
RNO,2022-23,"B+D,L,R,T",record,2022-11-05,-0.7731437557778895
RNO,2022-23,"B+D,L,R,T",record,2022-11-06,-0.4162113274924047
RNO,2022-23,"B+D,L,R,T",record,2022-11-07,0.22387050696627406
RNO,2022-23,"B+D,L,R,T",record,2022-11-08,0.3249543350253004
RNO,2022-23,"B+D,L,R,T",record,2022-11-09,1.3253353476170446
RNO,2022-23,"B+D,L,R,T",record,2022-11-10,-0.4430096394170625
RNO,2022-23,"B+D,L,R,T",record,2022-11-11,-1.2808664139931283
RNO,2022-23,"B+D,L,R,T",record,2022-11-12,2.2775586790917406
RNO,2022-23,"B+D,L,R,T",record,2022-11-13,0.6196272739025729
RNO,2022-23,"B+D,L,R,T",record,2022-11-14,0.48720368964037525
RNO,2022-23,"B+D,L,R,T",record,2022-11-15,0.9100882479319111
RNO,2022-23,"B+D,L,R,T",record,2022-11-16,-1.2612693697630422
RNO,2022-23,"B+D,L,R,T",record,2022-11-17,-3.275591781468875
RNO,2022-23,"B+D,L,R,T",record,2022-11-18,0.7726444216214288
RNO,2022-23,"B+D,L,R,T",record,2022-11-19,-0.4716313959487145
RNO,2022-23,"B+D,L,R,T",record,2022-11-20,-2.3972578301900076
RNO,2022-23,"B+D,L,R,T",record,2022-11-21,-2.7408586053110753
RNO,2022-23,"B+D,L,R,T",record,2022-11-22,-3.575048602276217
RNO,2022-23,"B+D,L,R,T",record,2022-11-23,0.16038643819614504
RNO,2022-23,"B+D,L,R,T",record,2022-11-24,-1.0373983696174756
RNO,2022-23,"B+D,L,R,T",record,2022-11-25,-3.373198431369501
RNO,2022-23,"B+D,L,R,T",record,2022-11-26,-0.8545399577203493
RNO,2022-23,"B+D,L,R,T",record,2022-11-27,-3.3657720810596676
RNO,2022-23,"B+D,L,R,T",record,2022-11-28,-2.1090610992457295
RNO,2022-23,"B+D,L,R,T",record,2022-11-29,-0.7034660508181678
RNO,2022-23,"B+D,L,R,T",record,2022-12-01,0.6959169815846431
RNO,2022-23,"B+D,L,R,T",record,2022-12-02,-1.2388488999614125
RNO,2022-23,"B+D,L,R,T",record,2022-12-03,-1.5681236483313987
RNO,2022-23,"B+D,L,R,T",record,2022-12-04,1.7699225559314693
RNO,2022-23,"B+D,L,R,T",record,2022-12-05,0.37028867175298436
RNO,2022-23,"B+D,L,R,T",record,2022-12-06,0.544197165172347
RNO,2022-23,"B+D,L,R,T",record,2022-12-07,-0.19554384901137625
RNO,2022-23,"B+D,L,R,T",record,2022-12-08,-2.169055143482293
RNO,2022-23,"B+D,L,R,T",record,2022-12-09,-0.7528903632091117
RNO,2022-23,"B+D,L,R,T",record,2022-12-10,-0.10564227167430147
RNO,2022-23,"B+D,L,R,T",record,2022-12-11,0.9143571482285276
RNO,2022-23,"B+D,L,R,T",record,2022-12-12,0.14155349218243543
RNO,2022-23,"B+D,L,R,T",record,2022-12-13,0.7435878227216822
RNO,2022-23,"B+D,L,R,T",record,2022-12-14,-1.9983217450997859
RNO,2022-23,"B+D,L,R,T",record,2022-12-15,1.475340066050229
RNO,2022-23,"B+D,L,R,T",record,2022-12-16,0.48479506155187496
RNO,2022-23,"B+D,L,R,T",record,2022-12-17,-0.6103020506170898
RNO,2022-23,"B+D,L,R,T",record,2022-12-18,-1.8029388353992244
RNO,2022-23,"B+D,L,R,T",record,2022-12-19,-0.969369936374008
RNO,2022-23,"B+D,L,R,T",record,2022-12-20,0.3482790616620943
RNO,2022-23,"B+D,L,R,T",record,2022-12-21,0.009086330189860827
RNO,2022-23,"B+D,L,R,T",record,2022-12-22,0.1192118192633211
RNO,2022-23,"B+D,L,R,T",record,2022-12-23,0.9142185171770919
RNO,2022-23,"B+D,L,R,T",record,2022-12-24,-0.786905630728447
RNO,2022-23,"B+D,L,R,T",record,2022-12-25,-1.8109810517526865
RNO,2022-23,"B+D,L,R,T",record,2022-12-26,0.6104658882412612
RNO,2022-23,"B+D,L,R,T",record,2022-12-27,1.6057416733495053
RNO,2022-23,"B+D,L,R,T",record,2022-12-28,-0.5236617095701054
RNO,2022-23,"B+D,L,R,T",record,2022-12-29,0.5370980755986463
RNO,2022-23,"B+D,L,R,T",record,2022-12-30,0.8292488355474648
RNO,2022-23,"B+D,L,R,T",record,2022-12-31,0.08268855574881032
RNO,2022-23,"B+D,L,R,T",record,2023-01-01,1.278107408164291
RNO,2022-23,"B+D,L,R,T",record,2023-01-02,-0.8104224766838524
RNO,2022-23,"B+D,L,R,T",record,2023-01-03,0.4506959612344567
RNO,2022-23,"B+D,L,R,T",record,2023-01-04,0.5858150449896826
RNO,2022-23,"B+D,L,R,T",record,2023-01-05,0.4470735742011064
RNO,2022-23,"B+D,L,R,T",record,2023-01-06,-0.3644378626790494
RNO,2022-23,"B+D,L,R,T",record,2023-01-07,0.6513956759730926
RNO,2022-23,"B+D,L,R,T",record,2023-01-08,1.5250114382437903
RNO,2022-23,"B+D,L,R,T",record,2023-01-09,1.1055536765108331
RNO,2022-23,"B+D,L,R,T",record,2023-01-10,1.5352551068453961
RNO,2022-23,"B+D,L,R,T",record,2023-01-11,1.0707708365765558
RNO,2022-23,"B+D,L,R,T",record,2023-01-12,1.128079865793866
RNO,2022-23,"B+D,L,R,T",record,2023-01-13,-0.399381455353309
RNO,2022-23,"B+D,L,R,T",record,2023-01-14,0.017801681482607943
RNO,2022-23,"B+D,L,R,T",record,2023-01-15,1.3854850524530955
RNO,2022-23,"B+D,L,R,T",record,2023-01-16,1.1441196225434709
RNO,2022-23,"B+D,L,R,T",record,2023-01-17,1.3820811762979486
RNO,2022-23,"B+D,L,R,T",record,2023-01-18,-0.6452881803258632
RNO,2022-23,"B+D,L,R,T",record,2023-01-19,1.0148974241196718
RNO,2022-23,"B+D,L,R,T",record,2023-01-20,1.3676658062568885
RNO,2022-23,"B+D,L,R,T",record,2023-01-21,0.758058476383958
RNO,2022-23,"B+D,L,R,T",record,2023-01-22,1.331932141061913
RNO,2022-23,"B+D,L,R,T",record,2023-01-23,1.0601356796679782
RNO,2022-23,"B+D,L,R,T",record,2023-01-24,0.48274386460282775
RNO,2022-23,"B+D,L,R,T",record,2023-01-25,1.220102113644412
RNO,2022-23,"B+D,L,R,T",record,2023-01-26,0.788461900444839
RNO,2022-23,"B+D,L,R,T",record,2023-01-27,-1.5879801040017218
RNO,2022-23,"B+D,L,R,T",record,2023-01-28,0.45428137424648224
RNO,2022-23,"B+D,L,R,T",record,2023-01-29,0.8797053296946407
RNO,2022-23,"B+D,L,R,T",record,2023-01-30,1.6826822445413612
RNO,2022-23,"B+D,L,R,T",record,2023-01-31,0.08208653321997506
RNO,2022-23,"B+D,L,R,T",record,2023-02-01,0.8448929331773378
RNO,2022-23,"B+D,L,R,T",record,2023-02-02,1.1568742127736746
RNO,2022-23,"B+D,L,R,T",record,2023-02-03,0.9786756559772561
RNO,2022-23,"B+D,L,R,T",record,2023-02-04,-1.117866637114365
RNO,2022-23,"B+D,L,R,T",record,2023-02-05,1.4560449667828284
RNO,2022-23,"B+D,L,R,T",record,2023-02-06,1.7800646781696328
RNO,2022-23,"B+D,L,R,T",record,2023-02-07,-0.8663885415407073
RNO,2022-23,"B+D,L,R,T",record,2023-02-08,0.2180481543686008
RNO,2022-23,"B+D,L,R,T",record,2023-02-09,0.8590177520861264
RNO,2022-23,"B+D,L,R,T",record,2023-02-10,-0.5387778898357928
RNO,2022-23,"B+D,L,R,T",record,2023-02-11,0.9687978198740443
RNO,2022-23,"B+D,L,R,T",record,2023-02-12,0.5618995413259084
RNO,2022-23,"B+D,L,R,T",record,2023-02-13,-0.6615936402798017
RNO,2022-23,"B+D,L,R,T",record,2023-02-14,-0.9838946484398938
RNO,2022-23,"B+D,L,R,T",record,2023-02-15,0.6572189265165003
RNO,2022-23,"B+D,L,R,T",record,2023-02-16,-0.5663262244996552
RNO,2022-23,"B+D,L,R,T",record,2023-02-17,-0.055253918154257745
RNO,2022-23,"B+D,L,R,T",record,2023-02-18,-0.9251354806251761
RNO,2022-23,"B+D,L,R,T",record,2023-02-19,1.2418822163676688
RNO,2022-23,"B+D,L,R,T",record,2023-02-20,0.9721210285733901
RNO,2022-23,"B+D,L,R,T",record,2023-02-21,0.5660877183439221
RNO,2022-23,"B+D,L,R,T",record,2023-02-22,0.1815941763808286
RNO,2022-23,"B+D,L,R,T",record,2023-02-23,0.5181797108890477
RNO,2022-23,"B+D,L,R,T",record,2023-02-24,0.6362998812348112
RNO,2022-23,"B+D,L,R,T",record,2023-02-25,1.8509734138400304
RNO,2022-23,"B+D,L,R,T",record,2023-02-26,0.49045590547936824
RNO,2022-23,"B+D,L,R,T",record,2023-02-27,1.3420794315416404
RNO,2022-23,"B+D,L,R,T",record,2023-02-28,1.6284988108074643
RNO,2022-23,"B+D,L,R,T",record,2023-03-01,1.7736106314672684
RNO,2022-23,"B+D,L,R,T",record,2023-03-02,0.45618100971318554
RNO,2022-23,"B+D,L,R,T",record,2023-03-03,1.178290493800621
RNO,2022-23,"B+D,L,R,T",record,2023-03-04,1.2909234068842839
RNO,2022-23,"B+D,L,R,T",record,2023-03-05,1.8961603216624712
RNO,2022-23,"B+D,L,R,T",record,2023-03-06,1.846200509453035
RNO,2022-23,"B+D,L,R,T",record,2023-03-07,1.889534347650984
RNO,2022-23,"B+D,L,R,T",record,2023-03-08,2.169331430269263
RNO,2022-23,"B+D,L,R,T",record,2023-03-09,0.156079022096839
RNO,2022-23,"B+D,L,R,T",record,2023-03-10,2.1153220032255766
RNO,2022-23,"B+D,L,R,T",record,2023-03-11,1.8281683705375593
RNO,2022-23,"B+D,L,R,T",record,2023-03-12,2.166600549793967
RNO,2022-23,"B+D,L,R,T",record,2023-03-13,2.3727407053095284
RNO,2022-23,"B+D,L,R,T",record,2023-03-14,1.9682424377135874
RNO,2022-23,"B+D,L,R,T",record,2023-03-15,2.657883586187109
RNO,2022-23,"B+D,L,R,T",record,2023-03-16,1.4679939633594286
RNO,2022-23,"B+D,L,R,T",record,2023-03-17,1.3343291966637305
RNO,2022-23,"B+D,L,R,T",record,2023-03-18,1.0775767743470999
RNO,2022-23,"B+D,L,R,T",record,2023-03-19,1.9782098134793311
RNO,2022-23,"B+D,L,R,T",record,2023-03-20,1.0900741917093666
RNO,2022-23,"B+D,L,R,T",record,2023-03-21,0.271779496542258
RNO,2022-23,"B+D,L,R,T",record,2023-03-22,1.4399656669165133
RNO,2022-23,"B+D,L,R,T",record,2023-03-23,1.5314568686625316
RNO,2022-23,"B+D,L,R,T",record,2023-03-24,0.9918761905374286
RNO,2022-23,"B+D,L,R,T",record,2023-03-25,0.8155575186530934
RNO,2022-23,"B+D,L,R,T",record,2023-03-26,1.4622497967370227
RNO,2022-23,"B+D,L,R,T",record,2023-03-27,0.28306433470808334
RNO,2022-23,"B+D,L,R,T",record,2023-03-28,2.335257860448618
RNO,2022-23,"B+D,L,R,T",record,2023-03-29,0.8812048346402008
RNO,2022-23,"B+D,L,R,T",record,2023-03-30,1.1175506108734576
RNO,2022-23,"B+D,L,R,T",record,2023-03-31,1.4188385195305053
RNO,2022-23,"B+D,L,R,T",record,2023-04-01,1.4189695040240755
RNO,2022-23,"B+D,L,R,T",record,2023-04-02,1.4489492281568355
RNO,2022-23,"B+D,L,R,T",record,2023-04-03,1.1064280258167907
RNO,2022-23,"B+D,L,R,T",record,2023-04-04,0.7047544267084971
RNO,2022-23,"B+D,L,R,T",record,2023-04-05,1.0131616970586337
RNO,2022-23,"B+D,L,R,T",record,2023-04-06,1.1857325346843703
RNO,2022-23,"B+D,L,R,T",record,2023-04-07,2.1694262619935185
RNO,2022-23,"B+D,L,R,T",record,2023-04-08,1.4027520746372766
RNO,2022-23,"B+D,L,R,T",record,2023-04-09,1.1298248253675118
RNO,2022-23,"B+D,L,R,T",record,2023-04-10,1.3042917386184703
RNO,2022-23,"B+D,L,R,T",record,2023-04-11,1.1207830654793252
RNO,2022-23,"B+D,L,R,T",record,2023-04-12,1.041442362012976
RNO,2022-23,"B+D,L,R,T",record,2023-04-13,0.4124222888934927
RNO,2022-23,"B+D,L,R,T",record,2023-04-14,1.4212795401543048
RNO,2022-23,"B+D,L,R,T",record,2023-04-15,1.016650800555106
RNO,2022-23,"B+D,L,R,T",record,2023-04-16,1.0790755598106256
RNO,2022-23,"B+D,L,R,T",record,2023-04-17,1.2084910849034387
RNO,2022-23,"B+D,L,R,T",record,2023-04-18,0.8900523837297836
RNO,2022-23,"B+D,L,R,T",record,2023-04-19,0.68194582755956
RNO,2022-23,"B+D,L,R,T",record,2023-04-20,1.054325924693364
RNO,2022-23,"B+D,L,R,T",record,2023-04-21,1.3315816784970629
RNO,2022-23,"B+D,L,R,T",record,2023-04-22,1.3252544704221965
RNO,2022-23,"B+D,L,R,T",record,2023-04-23,1.2471333962795397
RNO,2022-23,"B+D,L,R,T",record,2023-04-24,1.3804705989396306
RNO,2022-23,"B+D,L,R,T",record,2023-04-25,0.789840243622718
RNO,2022-23,"B+D,L,R,T",record,2023-04-26,1.604756647807129
RNO,2022-23,"B+D,L,R,T",record,2023-04-27,1.4798364468412253
RNO,2022-23,"B+D,L,R,T",record,2023-04-28,0.9006287751673854
RNO,2022-23,"B+D,L,R,T",record,2023-04-29,1.0417358158325072
RNO,2022-23,"B+D,L,R,T",record,2023-04-30,1.9086332776886676
RNO,2022-23,"B+D,L,R,T",record,2023-05-01,0.6546518762471119
RNO,2022-23,"B+D,L,R,T",record,2023-05-02,1.7742869440257063
RNO,2022-23,"B+D,L,R,T",record,2023-05-03,1.4072728215876595
RNO,2022-23,"B+D,L,R,T",record,2023-05-04,2.0931926093537463
RNO,2022-23,"B+D,L,R,T",record,2023-05-05,0.7852826067898053
RNO,2022-23,"B+D,L,R,T",record,2023-05-06,1.2115230500300755
RNO,2022-23,"B+D,L,R,T",record,2023-05-07,1.2588936749451012
RNO,2022-23,"B+D,L,R,T",record,2023-05-08,1.0634808244511793
RNO,2022-23,"B+D,L,R,T",record,2023-05-09,0.36017903966264103
RNO,2022-23,"B+D,L,R,T",record,2023-05-10,1.081322928750921
RNO,2022-23,"B+D,L,R,T",record,2023-05-11,0.6769824080537934
RNO,2022-23,"B+D,L,R,T",record,2023-05-12,0.9319354466759934
RNO,2022-23,"B+D,L,R,T",record,2023-05-13,0.7750365666263103
RNO,2022-23,"B+D,L,R,T",record,2023-05-14,0.6659645887557725
RNO,2022-23,"B+D,L,R,T",record,2023-05-15,0.7378087122927919
RNO,2022-23,"B+D,L,R,T",record,2023-05-16,0.8070276468259968
RNO,2022-23,"B+D,L,R,T",record,2023-05-17,0.6448179089506747
RNO,2022-23,"B+D,L,R,T",record,2023-05-18,1.5456531995730185
RNO,2022-23,"B+D,L,R,T",record,2023-05-19,1.2284178832366726
RNO,2022-23,"B+D,L,R,T",record,2023-05-20,1.3601848941992998
RNO,2022-23,"B+D,L,R,T",record,2023-05-21,0.8638523145064168
RNO,2022-23,"B+D,L,R,T",record,2023-05-22,1.3733341626431625
RNO,2022-23,"B+D,L,R,T",record,2023-05-23,-0.8912828981634893
RNO,2022-23,"B+D,L,R,T",record,2023-05-24,1.0209220345700682
RNO,2022-23,"B+D,L,R,T",record,2023-05-25,1.2588603301181083
RNO,2022-23,"B+D,L,R,T",record,2023-05-26,1.6890221255078428
RNO,2022-23,"B+D,L,R,T",record,2023-05-27,0.9092570893022095
RNO,2022-23,"B+D,L,R,T",record,2023-05-28,1.1786269975038028
RNO,2022-23,"B+D,L,R,T",record,2023-05-29,1.1173289982625514
RNO,2022-23,"B+D,L,R,T",record,2023-05-30,1.3224769046278269
RNO,2022-23,"B+D,L,R,T",record,2023-05-31,1.0423207789498474
RNO,2022-23,"B+D,L,R,T",record,2023-06-01,1.4546011662799827
RNO,2022-23,"B+D,L,R,T",record,2023-06-02,0.9025372609383877
RNO,2022-23,"B+D,L,R,T",record,2023-06-03,1.0029430633737595
RNO,2022-23,"B+D,L,R,T",record,2023-06-04,0.9254878270151945
RNO,2022-23,"B+D,L,R,T",record,2023-06-05,0.269265828125013
RNO,2022-23,"B+D,L,R,T",record,2023-06-06,0.7442202920130919
RNO,2022-23,"B+D,L,R,T",record,2023-06-07,0.466905858140233
RNO,2022-23,"B+D,L,R,T",record,2023-06-08,0.08624475481580139
RNO,2022-23,"B+D,L,R,T",record,2023-06-09,0.19546509596347122
RNO,2022-23,"B+D,L,R,T",record,2023-06-10,0.42320376853813174
RNO,2022-23,"B+D,L,R,T",record,2023-06-11,0.9881578319237465
RNO,2022-23,"B+D,L,R,T",record,2023-06-12,2.438214904679245
RNO,2022-23,"B+D,L,R,T",record,2023-06-13,0.6741016124417651
RNO,2022-23,"B+D,L,R,T",record,2023-06-14,0.12169108743862203
RNO,2022-23,"B+D,L,R,T",record,2023-06-15,1.0006477455373817
RNO,2022-23,"B+D,L,R,T",record,2023-06-16,0.824289856319435
RNO,2022-23,"B+D,L,R,T",record,2023-06-17,-0.013793331439430113
RNO,2022-23,"B+D,L,R,T",record,2023-06-18,0.8256868791969388
RNO,2022-23,"B+D,L,R,T",record,2023-06-19,0.6464333152811653
RNO,2022-23,"B+D,L,R,T",record,2023-06-20,0.16217713278650464
RNO,2022-23,"B+D,L,R,T",record,2023-06-21,0.42011411035017293
RNO,2022-23,"B+D,L,R,T",record,2023-06-22,0.6982563935192312
RNO,2022-23,"B+D,L,R,T",record,2023-06-23,0.78977995545264
RNO,2022-23,"B+D,L,R,T",record,2023-06-24,0.5227037789959299
RNO,2022-23,"B+D,L,R,T",record,2023-06-25,0.7944613721351459
RNO,2022-23,"B+D,L,R,T",record,2023-06-26,0.28047921123582076
RNO,2022-23,"B+D,L,R,T",record,2023-06-27,0.9699389643674917
RNO,2022-23,"B+D,L,R,T",record,2023-06-28,1.3028931990287842
RNO,2022-23,"B+D,L,R,T",record,2023-06-29,1.0247350932304486
RNO,2022-23,"B+D,L,R,T",record,2023-06-30,0.8676241721451718
RNO,2022-23,"B+D,L,R,T",record,2023-07-01,1.0978913663522236
RNO,2022-23,"B+D,L,R,T",record,2023-07-02,0.15349642209974568
RNO,2022-23,"B+D,L,R,T",record,2023-07-03,0.23274787352486848
RNO,2022-23,"B+D,L,R,T",record,2023-07-04,0.6839883869423808
RNO,2022-23,"B+D,L,R,T",record,2023-07-05,0.48872330483188475
RNO,2022-23,"B+D,L,R,T",record,2023-07-06,0.24053137520058704
RNO,2022-23,"B+D,L,R,T",record,2023-07-07,0.6853300725283623
RNO,2022-23,"B+D,L,R,T",record,2023-07-08,0.2344324708310886
RNO,2022-23,"B+D,L,R,T",record,2023-07-09,0.32346007448359654
RNO,2022-23,"B+D,L,R,T",record,2023-07-10,0.6590963135018342
RNO,2022-23,"B+D,L,R,T",record,2023-07-11,0.1339820375253714
RNO,2022-23,"B+D,L,R,T",record,2023-07-12,0.26184488566179287
RNO,2022-23,"B+D,L,R,T",record,2023-07-13,0.1469034517867107
RNO,2022-23,"B+D,L,R,T",record,2023-07-14,0.4754578371937172
RNO,2022-23,"B+D,L,R,T",record,2023-07-15,-0.1939082738862788
RNO,2022-23,"B+D,L,R,T",record,2023-07-16,-0.8709442517795956
RNO,2022-23,"B+D,L,R,T",record,2023-07-17,-0.23935049538951225
RNO,2022-23,"B+D,L,R,T",record,2023-07-18,-0.1913426612743269
RNO,2022-23,"B+D,L,R,T",record,2023-07-19,0.07920330235695719
RNO,2022-23,"B+D,L,R,T",record,2023-07-20,0.19177853355816898
RNO,2022-23,"B+D,L,R,T",record,2023-07-21,-0.34148198790934065
RNO,2022-23,"B+D,L,R,T",record,2023-07-22,-0.6212058690272226
RNO,2022-23,"B+D,L,R,T",record,2023-07-23,0.09635430784047691
RNO,2022-23,"B+D,L,R,T",record,2023-07-24,0.1397057653835478
RNO,2022-23,"B+D,L,R,T",record,2023-07-25,-0.21981418302930564
RNO,2022-23,"B+D,L,R,T",record,2023-07-26,-0.08619856121301395
RNO,2022-23,"B+D,L,R,T",record,2023-07-27,0.29279926013274143
RNO,2022-23,"B+D,L,R,T",record,2023-07-28,-0.1322362745656674
RNO,2022-23,"B+D,L,R,T",record,2023-07-29,0.043054462480237726
RNO,2022-23,"B+D,L,R,T",record,2023-07-30,-0.37986175097655256
RNO,2022-23,"B+D,L,R,T",record,2023-07-31,-0.4184203506801007
RNO,2023-24,"B+D,L,R,T",record,2023-08-01,-0.8436598656298729
RNO,2023-24,"B+D,L,R,T",record,2023-08-02,0.1977399887056838
RNO,2023-24,"B+D,L,R,T",record,2023-08-03,0.4487291299047757
RNO,2023-24,"B+D,L,R,T",record,2023-08-04,0.23912475373644348
RNO,2023-24,"B+D,L,R,T",record,2023-08-05,0.7182383250705853
RNO,2023-24,"B+D,L,R,T",record,2023-08-06,0.9006725564007539
RNO,2023-24,"B+D,L,R,T",record,2023-08-07,0.09458086476195392
RNO,2023-24,"B+D,L,R,T",record,2023-08-08,-1.3001339866288992
RNO,2023-24,"B+D,L,R,T",record,2023-08-09,-0.34790540719307117
RNO,2023-24,"B+D,L,R,T",record,2023-08-10,-0.5875495888985017
RNO,2023-24,"B+D,L,R,T",record,2023-08-11,0.7051959943193883
RNO,2023-24,"B+D,L,R,T",record,2023-08-12,0.8043753036107307
RNO,2023-24,"B+D,L,R,T",record,2023-08-13,0.1366447074369208
RNO,2023-24,"B+D,L,R,T",record,2023-08-14,0.345607844409861
RNO,2023-24,"B+D,L,R,T",record,2023-08-15,0.5298094428629743
RNO,2023-24,"B+D,L,R,T",record,2023-08-16,0.36354833302622264
RNO,2023-24,"B+D,L,R,T",record,2023-08-17,0.23369587636939682
RNO,2023-24,"B+D,L,R,T",record,2023-08-18,0.356385285131549
RNO,2023-24,"B+D,L,R,T",record,2023-08-19,-0.18388807568858717
RNO,2023-24,"B+D,L,R,T",record,2023-08-20,1.1008390537503145
RNO,2023-24,"B+D,L,R,T",record,2023-08-21,1.8437550383037018
RNO,2023-24,"B+D,L,R,T",record,2023-08-22,0.14413042829898742
RNO,2023-24,"B+D,L,R,T",record,2023-08-23,0.3867039107155584
RNO,2023-24,"B+D,L,R,T",record,2023-08-24,0.033429998565250606
RNO,2023-24,"B+D,L,R,T",record,2023-08-25,0.3169232794943381
RNO,2023-24,"B+D,L,R,T",record,2023-08-26,0.6322842725498236
RNO,2023-24,"B+D,L,R,T",record,2023-08-27,0.3040149695543807
RNO,2023-24,"B+D,L,R,T",record,2023-08-28,-0.022016043470590812
RNO,2023-24,"B+D,L,R,T",record,2023-08-29,-0.1630838910575545
RNO,2023-24,"B+D,L,R,T",record,2023-08-30,-0.5005201254913991
RNO,2023-24,"B+D,L,R,T",record,2023-08-31,-0.24215524605339267
RNO,2023-24,"B+D,L,R,T",record,2023-09-01,0.9123399088467692
RNO,2023-24,"B+D,L,R,T",record,2023-09-02,0.009275485994701628
RNO,2023-24,"B+D,L,R,T",record,2023-09-03,0.4537819654036044
RNO,2023-24,"B+D,L,R,T",record,2023-09-04,0.11963799429439505
RNO,2023-24,"B+D,L,R,T",record,2023-09-05,0.6008329776923657
RNO,2023-24,"B+D,L,R,T",record,2023-09-06,0.4607990793528874
RNO,2023-24,"B+D,L,R,T",record,2023-09-07,-0.1331963595595257
RNO,2023-24,"B+D,L,R,T",record,2023-09-08,-0.039318206640784226
RNO,2023-24,"B+D,L,R,T",record,2023-09-09,-0.2543167633237159
RNO,2023-24,"B+D,L,R,T",record,2023-09-10,0.19250729171206832
RNO,2023-24,"B+D,L,R,T",record,2023-09-11,0.3869097455986771
RNO,2023-24,"B+D,L,R,T",record,2023-09-12,0.5049927155902976
RNO,2023-24,"B+D,L,R,T",record,2023-09-13,0.6256424637311334
RNO,2023-24,"B+D,L,R,T",record,2023-09-14,0.49655739959338796
RNO,2023-24,"B+D,L,R,T",record,2023-09-15,-0.13922959764667986
RNO,2023-24,"B+D,L,R,T",record,2023-09-16,0.4889085332944775
RNO,2023-24,"B+D,L,R,T",record,2023-09-17,0.3036389132016408
RNO,2023-24,"B+D,L,R,T",record,2023-09-18,0.43734741839982355
RNO,2023-24,"B+D,L,R,T",record,2023-09-19,0.56997175176311
RNO,2023-24,"B+D,L,R,T",record,2023-09-20,0.10300496494824489
RNO,2023-24,"B+D,L,R,T",record,2023-09-21,0.08692131581024926
RNO,2023-24,"B+D,L,R,T",record,2023-09-22,0.3024582303695842
RNO,2023-24,"B+D,L,R,T",record,2023-09-23,-0.6413430544986635
RNO,2023-24,"B+D,L,R,T",record,2023-09-24,-0.5561645614167531
RNO,2023-24,"B+D,L,R,T",record,2023-09-25,-0.08713419958880289
RNO,2023-24,"B+D,L,R,T",record,2023-09-26,0.1295050632613414
RNO,2023-24,"B+D,L,R,T",record,2023-09-27,-0.531640019243254
RNO,2023-24,"B+D,L,R,T",record,2023-09-28,0.1144048851683776
RNO,2023-24,"B+D,L,R,T",record,2023-09-29,0.21587651835099111
RNO,2023-24,"B+D,L,R,T",record,2023-09-30,0.46456406227925084
RNO,2023-24,"B+D,L,R,T",record,2023-10-01,1.0659483176915354
RNO,2023-24,"B+D,L,R,T",record,2023-10-02,0.1538175068460741
RNO,2023-24,"B+D,L,R,T",record,2023-10-03,0.3485369698692576
RNO,2023-24,"B+D,L,R,T",record,2023-10-04,0.761601820011091
RNO,2023-24,"B+D,L,R,T",record,2023-10-05,0.7639550933006276
RNO,2023-24,"B+D,L,R,T",record,2023-10-06,0.6023392190140447
RNO,2023-24,"B+D,L,R,T",record,2023-10-07,0.6196465879240115
RNO,2023-24,"B+D,L,R,T",record,2023-10-08,-0.6619377036063196
RNO,2023-24,"B+D,L,R,T",record,2023-10-09,-0.06410558296991811
RNO,2023-24,"B+D,L,R,T",record,2023-10-10,1.4614004964868645
RNO,2023-24,"B+D,L,R,T",record,2023-10-11,0.6783442491754508
RNO,2023-24,"B+D,L,R,T",record,2023-10-12,-0.7212021421787844
RNO,2023-24,"B+D,L,R,T",record,2023-10-13,-0.0008539267504424661
RNO,2023-24,"B+D,L,R,T",record,2023-10-14,-0.40861167982744945
RNO,2023-24,"B+D,L,R,T",record,2023-10-15,-1.0600066129136412
RNO,2023-24,"B+D,L,R,T",record,2023-10-16,-0.9862169358149234
RNO,2023-24,"B+D,L,R,T",record,2023-10-17,-0.0626874121818997
RNO,2023-24,"B+D,L,R,T",record,2023-10-18,0.24658869343617668
RNO,2023-24,"B+D,L,R,T",record,2023-10-19,0.1797077058657043
RNO,2023-24,"B+D,L,R,T",record,2023-10-20,-1.5765087210175395
RNO,2023-24,"B+D,L,R,T",record,2023-10-21,-0.4512417905002778
RNO,2023-24,"B+D,L,R,T",record,2023-10-22,0.6940369062735507
RNO,2023-24,"B+D,L,R,T",record,2023-10-23,1.0446147107060384
RNO,2023-24,"B+D,L,R,T",record,2023-10-24,-0.795360992346873
RNO,2023-24,"B+D,L,R,T",record,2023-10-25,0.6913009426929644
RNO,2023-24,"B+D,L,R,T",record,2023-10-26,0.5601790167049309
RNO,2023-24,"B+D,L,R,T",record,2023-10-27,-0.28141076380563373
RNO,2023-24,"B+D,L,R,T",record,2023-10-28,0.46692484664262335
RNO,2023-24,"B+D,L,R,T",record,2023-10-29,-0.3361334671581615
RNO,2023-24,"B+D,L,R,T",record,2023-10-30,-0.7379917536533795
RNO,2023-24,"B+D,L,R,T",record,2023-10-31,-2.0446986162719605
RNO,2023-24,"B+D,L,R,T",record,2023-11-01,-1.5743692697677187
RNO,2023-24,"B+D,L,R,T",record,2023-11-02,-1.7785606828114895
RNO,2023-24,"B+D,L,R,T",record,2023-11-03,-0.6737307170161058
RNO,2023-24,"B+D,L,R,T",record,2023-11-04,-0.43812657341441386
RNO,2023-24,"B+D,L,R,T",record,2023-11-05,0.4404679491423669
RNO,2023-24,"B+D,L,R,T",record,2023-11-06,1.9030600059588942
RNO,2023-24,"B+D,L,R,T",record,2023-11-07,1.1410345671417812
RNO,2023-24,"B+D,L,R,T",record,2023-11-08,-0.016788683110219693
RNO,2023-24,"B+D,L,R,T",record,2023-11-09,-1.1201336012118959
RNO,2023-24,"B+D,L,R,T",record,2023-11-10,-0.46095120784590266
RNO,2023-24,"B+D,L,R,T",record,2023-11-11,-1.1345899859083448
RNO,2023-24,"B+D,L,R,T",record,2023-11-12,-2.0324382554006757
RNO,2023-24,"B+D,L,R,T",record,2023-11-13,-0.35979336158018793
RNO,2023-24,"B+D,L,R,T",record,2023-11-14,-0.21731975022408068
RNO,2023-24,"B+D,L,R,T",record,2023-11-15,-1.75792088013728
RNO,2023-24,"B+D,L,R,T",record,2023-11-16,1.4300974988777497
RNO,2023-24,"B+D,L,R,T",record,2023-11-17,0.8398146378661928
RNO,2023-24,"B+D,L,R,T",record,2023-11-18,1.7496276204222723
RNO,2023-24,"B+D,L,R,T",record,2023-11-19,0.12317249777503662
RNO,2023-24,"B+D,L,R,T",record,2023-11-20,-0.34990102440910426
RNO,2023-24,"B+D,L,R,T",record,2023-11-21,-3.2205347215622795
RNO,2023-24,"B+D,L,R,T",record,2023-11-22,-2.282698527891312
RNO,2023-24,"B+D,L,R,T",record,2023-11-23,1.6188473721430843
RNO,2023-24,"B+D,L,R,T",record,2023-11-24,0.6141474685579262
RNO,2023-24,"B+D,L,R,T",record,2023-11-25,0.05846351721721423
RNO,2023-24,"B+D,L,R,T",record,2023-11-26,0.06835550917612271
RNO,2023-24,"B+D,L,R,T",record,2023-11-27,-1.0344809381139073
RNO,2023-24,"B+D,L,R,T",record,2023-11-28,-2.3782240660358704
RNO,2023-24,"B+D,L,R,T",record,2023-11-29,-1.5807216369984498
RNO,2023-24,"B+D,L,R,T",record,2023-11-30,-0.16389429565216881
RNO,2023-24,"B+D,L,R,T",record,2023-12-01,-1.5513277385794793
RNO,2023-24,"B+D,L,R,T",record,2023-12-02,-0.4128066766983616
RNO,2023-24,"B+D,L,R,T",record,2023-12-03,1.0834854196169914
RNO,2023-24,"B+D,L,R,T",record,2023-12-04,-0.8198764466690673
RNO,2023-24,"B+D,L,R,T",record,2023-12-05,-2.5990110556423547
RNO,2023-24,"B+D,L,R,T",record,2023-12-06,-1.4403474864828603
RNO,2023-24,"B+D,L,R,T",record,2023-12-07,0.3745552527135248
RNO,2023-24,"B+D,L,R,T",record,2023-12-08,-0.8273165549493282
RNO,2023-24,"B+D,L,R,T",record,2023-12-09,-0.6779514862191484
RNO,2023-24,"B+D,L,R,T",record,2023-12-10,-4.329577446799015
RNO,2023-24,"B+D,L,R,T",record,2023-12-11,-4.190003584143942
RNO,2023-24,"B+D,L,R,T",record,2023-12-12,0.7512498556495495
RNO,2023-24,"B+D,L,R,T",record,2023-12-13,-0.15839022527163296
RNO,2023-24,"B+D,L,R,T",record,2023-12-14,-2.297997712411005
RNO,2023-24,"B+D,L,R,T",record,2023-12-15,-2.403315612721632
RNO,2023-24,"B+D,L,R,T",record,2023-12-16,-3.939212186479673
RNO,2023-24,"B+D,L,R,T",record,2023-12-17,-3.4185255651239332
RNO,2023-24,"B+D,L,R,T",record,2023-12-18,1.3035751375104165
RNO,2023-24,"B+D,L,R,T",record,2023-12-19,0.8114693512858128
RNO,2023-24,"B+D,L,R,T",record,2023-12-20,-0.13851512526990675
RNO,2023-24,"B+D,L,R,T",record,2023-12-21,1.9736628579037478
RNO,2023-24,"B+D,L,R,T",record,2023-12-22,-0.3380225529975425
RNO,2023-24,"B+D,L,R,T",record,2023-12-23,1.516719218227236
RNO,2023-24,"B+D,L,R,T",record,2023-12-24,-2.496994806019833
RNO,2023-24,"B+D,L,R,T",record,2023-12-25,-1.1684173206493884
RNO,2023-24,"B+D,L,R,T",record,2023-12-26,-0.9074723267087657
RNO,2023-24,"B+D,L,R,T",record,2023-12-27,-1.931687517461979
RNO,2023-24,"B+D,L,R,T",record,2023-12-28,-1.857847285490706
RNO,2023-24,"B+D,L,R,T",record,2023-12-29,-1.0639183625818558
RNO,2023-24,"B+D,L,R,T",record,2023-12-30,1.3221860503116425
RNO,2023-24,"B+D,L,R,T",record,2023-12-31,0.7609025004377162
RNO,2023-24,"B+D,L,R,T",record,2024-01-01,1.6224655190305413
RNO,2023-24,"B+D,L,R,T",record,2024-01-02,0.2769190448721241
RNO,2023-24,"B+D,L,R,T",record,2024-01-03,0.9564157515816789
RNO,2023-24,"B+D,L,R,T",record,2024-01-04,0.0891170289807086
RNO,2023-24,"B+D,L,R,T",record,2024-01-05,-1.4865128792101299
RNO,2023-24,"B+D,L,R,T",record,2024-01-06,0.006089108366903638
RNO,2023-24,"B+D,L,R,T",record,2024-01-07,0.8466092588712117
RNO,2023-24,"B+D,L,R,T",record,2024-01-08,-0.22384384862299808
RNO,2023-24,"B+D,L,R,T",record,2024-01-09,1.28852707438901
RNO,2023-24,"B+D,L,R,T",record,2024-01-10,1.2268586216090653
RNO,2023-24,"B+D,L,R,T",record,2024-01-11,-0.38127228997470036
RNO,2023-24,"B+D,L,R,T",record,2024-01-12,-0.12040483495142766
RNO,2023-24,"B+D,L,R,T",record,2024-01-13,0.5857656176593474
RNO,2023-24,"B+D,L,R,T",record,2024-01-14,2.345003311469779
RNO,2023-24,"B+D,L,R,T",record,2024-01-15,2.6395270154901436
RNO,2023-24,"B+D,L,R,T",record,2024-01-16,-2.4094447045672913
RNO,2023-24,"B+D,L,R,T",record,2024-01-17,0.24590560026128994
RNO,2023-24,"B+D,L,R,T",record,2024-01-18,-0.6944303478115759
RNO,2023-24,"B+D,L,R,T",record,2024-01-19,-1.9922643963011257
RNO,2023-24,"B+D,L,R,T",record,2024-01-20,-0.49477739453466
RNO,2023-24,"B+D,L,R,T",record,2024-01-21,1.1639856361754672
RNO,2023-24,"B+D,L,R,T",record,2024-01-22,0.7274244950834158
RNO,2023-24,"B+D,L,R,T",record,2024-01-23,1.836252346233058
RNO,2023-24,"B+D,L,R,T",record,2024-01-24,0.6144519976133747
RNO,2023-24,"B+D,L,R,T",record,2024-01-25,0.39466964305137914
RNO,2023-24,"B+D,L,R,T",record,2024-01-26,-1.1607654389630708
RNO,2023-24,"B+D,L,R,T",record,2024-01-27,-0.2569421389326079
RNO,2023-24,"B+D,L,R,T",record,2024-01-28,-0.5764559102404471
RNO,2023-24,"B+D,L,R,T",record,2024-01-29,-0.5752378785781768
RNO,2023-24,"B+D,L,R,T",record,2024-01-30,-1.551522623132037
RNO,2023-24,"B+D,L,R,T",record,2024-01-31,-1.5732545102757611
RNO,2023-24,"B+D,L,R,T",record,2024-02-01,0.2650108310099837
RNO,2023-24,"B+D,L,R,T",record,2024-02-02,0.6635363924935466
RNO,2023-24,"B+D,L,R,T",record,2024-02-03,0.349623917842542
RNO,2023-24,"B+D,L,R,T",record,2024-02-04,-0.01839530657660869
RNO,2023-24,"B+D,L,R,T",record,2024-02-05,1.7515784314850433
RNO,2023-24,"B+D,L,R,T",record,2024-02-06,0.11024664297321464
RNO,2023-24,"B+D,L,R,T",record,2024-02-07,0.8863327416805227
RNO,2023-24,"B+D,L,R,T",record,2024-02-08,0.9227682577328302
RNO,2023-24,"B+D,L,R,T",record,2024-02-09,0.8896660477321655
RNO,2023-24,"B+D,L,R,T",record,2024-02-10,1.03154766920231
RNO,2023-24,"B+D,L,R,T",record,2024-02-11,-0.036077801656055675
RNO,2023-24,"B+D,L,R,T",record,2024-02-12,-0.0077424172596531095
RNO,2023-24,"B+D,L,R,T",record,2024-02-13,-0.8739119967681201
RNO,2023-24,"B+D,L,R,T",record,2024-02-14,0.48611212608965165
RNO,2023-24,"B+D,L,R,T",record,2024-02-15,2.174005068652138
RNO,2023-24,"B+D,L,R,T",record,2024-02-16,0.1102343837343545
RNO,2023-24,"B+D,L,R,T",record,2024-02-17,-0.21694934131723417
RNO,2023-24,"B+D,L,R,T",record,2024-02-18,1.3702397273709808
RNO,2023-24,"B+D,L,R,T",record,2024-02-19,1.271699886348594
RNO,2023-24,"B+D,L,R,T",record,2024-02-20,0.9071836134784534
RNO,2023-24,"B+D,L,R,T",record,2024-02-21,1.012000653108967
RNO,2023-24,"B+D,L,R,T",record,2024-02-22,0.897991213040149
RNO,2023-24,"B+D,L,R,T",record,2024-02-23,0.8164093890506582
RNO,2023-24,"B+D,L,R,T",record,2024-02-24,0.5092157536902142
RNO,2023-24,"B+D,L,R,T",record,2024-02-25,0.5407319437816267
RNO,2023-24,"B+D,L,R,T",record,2024-02-26,1.4491860640963663
RNO,2023-24,"B+D,L,R,T",record,2024-02-27,1.7711673039961953
RNO,2023-24,"B+D,L,R,T",record,2024-02-28,0.5123855905583401
RNO,2023-24,"B+D,L,R,T",record,2024-02-29,2.001100183568362
RNO,2023-24,"B+D,L,R,T",record,2024-03-01,1.8501713790387064
RNO,2023-24,"B+D,L,R,T",record,2024-03-02,0.9256208972351514
RNO,2023-24,"B+D,L,R,T",record,2024-03-03,1.3217771398823879
RNO,2023-24,"B+D,L,R,T",record,2024-03-04,1.6901400967198235
RNO,2023-24,"B+D,L,R,T",record,2024-03-05,1.4982702015126113
RNO,2023-24,"B+D,L,R,T",record,2024-03-06,0.32710163112155316
RNO,2023-24,"B+D,L,R,T",record,2024-03-07,2.154865130275107
RNO,2023-24,"B+D,L,R,T",record,2024-03-08,1.7889571554912158
RNO,2023-24,"B+D,L,R,T",record,2024-03-09,2.3016873879148445
RNO,2023-24,"B+D,L,R,T",record,2024-03-10,2.523566643367131
RNO,2023-24,"B+D,L,R,T",record,2024-03-11,2.0042305939499463
RNO,2023-24,"B+D,L,R,T",record,2024-03-12,1.8804086157106146
RNO,2023-24,"B+D,L,R,T",record,2024-03-13,1.0754950258589289
RNO,2023-24,"B+D,L,R,T",record,2024-03-14,1.7539699899418781
RNO,2023-24,"B+D,L,R,T",record,2024-03-15,1.7900858285849646
RNO,2023-24,"B+D,L,R,T",record,2024-03-16,1.708625631691981
RNO,2023-24,"B+D,L,R,T",record,2024-03-17,1.2687759551420437
RNO,2023-24,"B+D,L,R,T",record,2024-03-18,0.5977697302169853
RNO,2023-24,"B+D,L,R,T",record,2024-03-19,0.8580469288541095
RNO,2023-24,"B+D,L,R,T",record,2024-03-20,0.4940161256093941
RNO,2023-24,"B+D,L,R,T",record,2024-03-22,1.527332930311536
RNO,2023-24,"B+D,L,R,T",record,2024-03-23,2.354469552736905
RNO,2023-24,"B+D,L,R,T",record,2024-03-24,2.541716003158441
RNO,2023-24,"B+D,L,R,T",record,2024-03-25,1.7717750604680922
RNO,2023-24,"B+D,L,R,T",record,2024-03-26,1.384403838913851
RNO,2023-24,"B+D,L,R,T",record,2024-03-27,1.9933738669268026
RNO,2023-24,"B+D,L,R,T",record,2024-03-28,1.6036656460516339
RNO,2023-24,"B+D,L,R,T",record,2024-03-29,2.001535649489414
RNO,2023-24,"B+D,L,R,T",record,2024-03-30,2.625541643026344
RNO,2023-24,"B+D,L,R,T",record,2024-03-31,2.197694688175911
RNO,2023-24,"B+D,L,R,T",record,2024-04-01,1.8408651241651934
RNO,2023-24,"B+D,L,R,T",record,2024-04-02,1.7061277640300991
RNO,2023-24,"B+D,L,R,T",record,2024-04-03,1.7998210974494584
RNO,2023-24,"B+D,L,R,T",record,2024-04-04,2.372450888447257
RNO,2023-24,"B+D,L,R,T",record,2024-04-05,2.2673654997660035
RNO,2023-24,"B+D,L,R,T",record,2024-04-06,1.3479178625735408
RNO,2023-24,"B+D,L,R,T",record,2024-04-07,1.2722996139417724
RNO,2023-24,"B+D,L,R,T",record,2024-04-08,0.6551854708128212
RNO,2023-24,"B+D,L,R,T",record,2024-04-09,0.7585533117205722
RNO,2023-24,"B+D,L,R,T",record,2024-04-10,1.2298611354409574
RNO,2023-24,"B+D,L,R,T",record,2024-04-11,1.3723929055898885
RNO,2023-24,"B+D,L,R,T",record,2024-04-12,1.9485933175489036
RNO,2023-24,"B+D,L,R,T",record,2024-04-13,2.4792586558363046
RNO,2023-24,"B+D,L,R,T",record,2024-04-14,2.0530063030543992
RNO,2023-24,"B+D,L,R,T",record,2024-04-15,1.774407738074172
RNO,2023-24,"B+D,L,R,T",record,2024-04-16,1.5072469252704206
RNO,2023-24,"B+D,L,R,T",record,2024-04-17,1.8945658267326713
RNO,2023-24,"B+D,L,R,T",record,2024-04-18,1.004363501245315
RNO,2023-24,"B+D,L,R,T",record,2024-04-19,1.7002882839710083
RNO,2023-24,"B+D,L,R,T",record,2024-04-20,1.6028060924826053
RNO,2023-24,"B+D,L,R,T",record,2024-04-21,1.1116491821991648
RNO,2023-24,"B+D,L,R,T",record,2024-04-22,0.7589710762879617
RNO,2023-24,"B+D,L,R,T",record,2024-04-23,1.6011063548314781
RNO,2023-24,"B+D,L,R,T",record,2024-04-24,0.8342987905144168
RNO,2023-24,"B+D,L,R,T",record,2024-04-25,1.3214229569075242
RNO,2023-24,"B+D,L,R,T",record,2024-04-26,2.1523582250825757
RNO,2023-24,"B+D,L,R,T",record,2024-04-27,0.6712390705015477
RNO,2023-24,"B+D,L,R,T",record,2024-04-28,1.06651191397853
RNO,2023-24,"B+D,L,R,T",record,2024-04-29,1.6530367813534868
RNO,2023-24,"B+D,L,R,T",record,2024-04-30,0.45042911675393627
RNO,2023-24,"B+D,L,R,T",record,2024-05-01,0.49156419002928836
RNO,2023-24,"B+D,L,R,T",record,2024-05-02,0.9573091351308586
RNO,2023-24,"B+D,L,R,T",record,2024-05-03,0.4275023707177738
RNO,2023-24,"B+D,L,R,T",record,2024-05-04,2.2383365217995443
RNO,2023-24,"B+D,L,R,T",record,2024-05-05,1.036915140819532
RNO,2023-24,"B+D,L,R,T",record,2024-05-06,0.864991860234681
RNO,2023-24,"B+D,L,R,T",record,2024-05-07,0.6381139281581176
RNO,2023-24,"B+D,L,R,T",record,2024-05-08,0.6015384655020487
RNO,2023-24,"B+D,L,R,T",record,2024-05-09,0.6293437875809115
RNO,2023-24,"B+D,L,R,T",record,2024-05-10,1.0908259382633334
RNO,2023-24,"B+D,L,R,T",record,2024-05-11,1.470539019599739
RNO,2023-24,"B+D,L,R,T",record,2024-05-12,1.920702106965412
RNO,2023-24,"B+D,L,R,T",record,2024-05-13,1.9430126883168126
RNO,2023-24,"B+D,L,R,T",record,2024-05-14,1.4269386958666384
RNO,2023-24,"B+D,L,R,T",record,2024-05-15,1.5109522309513512
RNO,2023-24,"B+D,L,R,T",record,2024-05-16,1.331184030487878
RNO,2023-24,"B+D,L,R,T",record,2024-05-17,0.8549046112688632
RNO,2023-24,"B+D,L,R,T",record,2024-05-18,0.8181900893912571
RNO,2023-24,"B+D,L,R,T",record,2024-05-19,1.488373255664855
RNO,2023-24,"B+D,L,R,T",record,2024-05-20,0.5688930462348026
RNO,2023-24,"B+D,L,R,T",record,2024-05-21,0.5833157014763628
RNO,2023-24,"B+D,L,R,T",record,2024-05-22,1.3445638165834115
RNO,2023-24,"B+D,L,R,T",record,2024-05-23,0.460703256975605
RNO,2023-24,"B+D,L,R,T",record,2024-05-24,0.9028992646507554
RNO,2023-24,"B+D,L,R,T",record,2024-05-25,1.1493104365026467
RNO,2023-24,"B+D,L,R,T",record,2024-05-26,1.454573444528717
RNO,2023-24,"B+D,L,R,T",record,2024-05-27,1.0044936636841373
RNO,2023-24,"B+D,L,R,T",record,2024-05-28,0.8773426788109777
RNO,2023-24,"B+D,L,R,T",record,2024-05-29,0.7400349033309818
RNO,2023-24,"B+D,L,R,T",record,2024-05-30,0.6482141859665485
RNO,2023-24,"B+D,L,R,T",record,2024-05-31,0.6319198600672006
RNO,2023-24,"B+D,L,R,T",record,2024-06-01,0.5137868909290854
RNO,2023-24,"B+D,L,R,T",record,2024-06-02,0.7698048183339669
RNO,2023-24,"B+D,L,R,T",record,2024-06-03,0.6029481060870765
RNO,2023-24,"B+D,L,R,T",record,2024-06-04,0.8813480276541422
RNO,2023-24,"B+D,L,R,T",record,2024-06-05,1.1481214288260033
RNO,2023-24,"B+D,L,R,T",record,2024-06-06,0.40523148935457015
RNO,2023-24,"B+D,L,R,T",record,2024-06-07,0.42084237727702545
RNO,2023-24,"B+D,L,R,T",record,2024-06-08,0.6419399392890879
RNO,2023-24,"B+D,L,R,T",record,2024-06-09,0.5630433493023784
RNO,2023-24,"B+D,L,R,T",record,2024-06-10,1.0604060777049622
RNO,2023-24,"B+D,L,R,T",record,2024-06-11,0.5919543321525204
RNO,2023-24,"B+D,L,R,T",record,2024-06-12,-0.579151994726828
RNO,2023-24,"B+D,L,R,T",record,2024-06-13,0.5048122831872549
RNO,2023-24,"B+D,L,R,T",record,2024-06-14,1.0063099454276345
RNO,2023-24,"B+D,L,R,T",record,2024-06-15,-0.17256954186764584
RNO,2023-24,"B+D,L,R,T",record,2024-06-16,0.14588272069902877
RNO,2023-24,"B+D,L,R,T",record,2024-06-17,0.7572511033486607
RNO,2023-24,"B+D,L,R,T",record,2024-06-18,0.4979658280451216
RNO,2023-24,"B+D,L,R,T",record,2024-06-19,0.4231081232997509
RNO,2023-24,"B+D,L,R,T",record,2024-06-20,0.08125553970076946
RNO,2023-24,"B+D,L,R,T",record,2024-06-21,1.4941974443772525
RNO,2023-24,"B+D,L,R,T",record,2024-06-22,0.06149392039169961
RNO,2023-24,"B+D,L,R,T",record,2024-06-23,0.6910413815042353
RNO,2023-24,"B+D,L,R,T",record,2024-06-24,0.5169263462559284
RNO,2023-24,"B+D,L,R,T",record,2024-06-25,0.7115116421442146
RNO,2023-24,"B+D,L,R,T",record,2024-06-26,1.1709445376353127
RNO,2023-24,"B+D,L,R,T",record,2024-06-27,0.8057527058022333
RNO,2023-24,"B+D,L,R,T",record,2024-06-28,0.10643539597283208
RNO,2023-24,"B+D,L,R,T",record,2024-06-29,0.5312766680487411
RNO,2023-24,"B+D,L,R,T",record,2024-06-30,-0.07193788732175806
RNO,2023-24,"B+D,L,R,T",record,2024-07-01,0.8034114846300641
RNO,2023-24,"B+D,L,R,T",record,2024-07-02,0.5229307152088744
RNO,2023-24,"B+D,L,R,T",record,2024-07-03,0.8909456652128168
RNO,2023-24,"B+D,L,R,T",record,2024-07-04,0.3550706033003066
RNO,2023-24,"B+D,L,R,T",record,2024-07-05,0.5979499124062033
RNO,2023-24,"B+D,L,R,T",record,2024-07-06,0.6297664342273894
RNO,2023-24,"B+D,L,R,T",record,2024-07-07,0.19379993336189077
RNO,2023-24,"B+D,L,R,T",record,2024-07-08,-0.2218771078770173
RNO,2023-24,"B+D,L,R,T",record,2024-07-09,-0.061245722479018945
RNO,2023-24,"B+D,L,R,T",record,2024-07-10,-0.20023891558032383
RNO,2023-24,"B+D,L,R,T",record,2024-07-11,-0.27277226174943
RNO,2023-24,"B+D,L,R,T",record,2024-07-12,-0.06333794674296593
RNO,2023-24,"B+D,L,R,T",record,2024-07-13,0.3677653244636607
RNO,2023-24,"B+D,L,R,T",record,2024-07-14,0.42250618128009015
RNO,2023-24,"B+D,L,R,T",record,2024-07-15,0.07558177757110832
RNO,2023-24,"B+D,L,R,T",record,2024-07-16,0.26301324640974916
RNO,2023-24,"B+D,L,R,T",record,2024-07-17,0.43355808065985874
RNO,2023-24,"B+D,L,R,T",record,2024-07-18,-0.14651048509930914
RNO,2023-24,"B+D,L,R,T",record,2024-07-19,0.10532301428645334
RNO,2023-24,"B+D,L,R,T",record,2024-07-20,0.027048487534280376
RNO,2023-24,"B+D,L,R,T",record,2024-07-21,0.12210413854936278
RNO,2023-24,"B+D,L,R,T",record,2024-07-22,0.06537702179825518
RNO,2023-24,"B+D,L,R,T",record,2024-07-23,0.007557956914945421
RNO,2023-24,"B+D,L,R,T",record,2024-07-24,0.11699044641073386
RNO,2023-24,"B+D,L,R,T",record,2024-07-25,0.44335870650359116
RNO,2023-24,"B+D,L,R,T",record,2024-07-26,0.035633928136366566
RNO,2023-24,"B+D,L,R,T",record,2024-07-27,0.3512658927658433
RNO,2023-24,"B+D,L,R,T",record,2024-07-28,-0.00380507481643313
RNO,2023-24,"B+D,L,R,T",record,2024-07-29,-0.4788462296013348
RNO,2023-24,"B+D,L,R,T",record,2024-07-30,0.08488022522273984
RNO,2023-24,"B+D,L,R,T",record,2024-07-31,0.18193188837829896
