file,url,byte_range,idx_url,idx_sha256,variable,level,idx_step,run_date,cycle,fhour,station_days,pulled_utc,bytes,sha256
gfs_20210323_t00z_f023_PRMSL_meansealevel.grib2,https://noaa-gfs-bdp-pds.s3.amazonaws.com/gfs.20210323/00/atmos/gfs.t00z.pgrb2.0p25.f023,0-881786,https://noaa-gfs-bdp-pds.s3.amazonaws.com/gfs.20210323/00/atmos/gfs.t00z.pgrb2.0p25.f023.idx,c388c34f488060801cd16b5ef24731311edcca9b75bf26ba55a57f0921d43f29,PRMSL,mean sea level,23 hour fcst,2021-03-23,0,23,YSDU:2021-03-24,2026-09-23T19:57:10Z,881787,980fc686b7a26994a21ed560bfa6e5cff5048be3b4dcf451c3a69ee55e40acbb
gfs_20210323_t00z_f026_DPT_2maboveground.grib2,https://noaa-gfs-bdp-pds.s3.amazonaws.com/gfs.20210323/00/atmos/gfs.t00z.pgrb2.0p25.f026,430424156-430869601,https://noaa-gfs-bdp-pds.s3.amazonaws.com/gfs.20210323/00/atmos/gfs.t00z.pgrb2.0p25.f026.idx,5b98a96c97a342d3dbf9586f4321c93c4c12f990aa36714329d65aea7312326b,DPT,2 m above ground,26 hour fcst,2021-03-23,0,26,YSDU:2021-03-24,2026-09-23T19:57:10Z,445446,9cac7dd5196fcfc26beaa0fdcd6c7e14ae62e2aa54dccc7765e44ab95807d8aa
gfs_20210323_t00z_f026_DSWRF_surface.grib2,https://noaa-gfs-bdp-pds.s3.amazonaws.com/gfs.20210323/00/atmos/gfs.t00z.pgrb2.0p25.f026,473521584-474291235,https://noaa-gfs-bdp-pds.s3.amazonaws.com/gfs.20210323/00/atmos/gfs.t00z.pgrb2.0p25.f026.idx,5b98a96c97a342d3dbf9586f4321c93c4c12f990aa36714329d65aea7312326b,DSWRF,surface,24-26 hour ave fcst,2021-03-23,0,26,YSDU:2021-03-24,2026-09-23T19:57:10Z,769652,ba121d086f2418baf1160ae08145d3551dda852d3e534b31c9930f9733f4d337
gfs_20210323_t00z_f026_PRES_surface.grib2,https://noaa-gfs-bdp-pds.s3.amazonaws.com/gfs.20210323/00/atmos/gfs.t00z.pgrb2.0p25.f026,419145633-419983566,https://noaa-gfs-bdp-pds.s3.amazonaws.com/gfs.20210323/00/atmos/gfs.t00z.pgrb2.0p25.f026.idx,5b98a96c97a342d3dbf9586f4321c93c4c12f990aa36714329d65aea7312326b,PRES,surface,26 hour fcst,2021-03-23,0,26,YSDU:2021-03-24,2026-09-23T19:57:10Z,837934,3040effd1eb60a97fbd4dc92a8a75bcaa3bbeddf723c720b4c5f74abe4e85956
gfs_20210323_t00z_f026_PRMSL_meansealevel.grib2,https://noaa-gfs-bdp-pds.s3.amazonaws.com/gfs.20210323/00/atmos/gfs.t00z.pgrb2.0p25.f026,0-1004059,https://noaa-gfs-bdp-pds.s3.amazonaws.com/gfs.20210323/00/atmos/gfs.t00z.pgrb2.0p25.f026.idx,5b98a96c97a342d3dbf9586f4321c93c4c12f990aa36714329d65aea7312326b,PRMSL,mean sea level,26 hour fcst,2021-03-23,0,26,YSDU:2021-03-24,2026-09-23T19:57:09Z,1004060,edaf5f9b05a9d65702a983df140f2b89385d4faf008652028d457bb708cc02f6
gfs_20210323_t00z_f026_RH_2maboveground.grib2,https://noaa-gfs-bdp-pds.s3.amazonaws.com/gfs.20210323/00/atmos/gfs.t00z.pgrb2.0p25.f026,430869602-431652881,https://noaa-gfs-bdp-pds.s3.amazonaws.com/gfs.20210323/00/atmos/gfs.t00z.pgrb2.0p25.f026.idx,5b98a96c97a342d3dbf9586f4321c93c4c12f990aa36714329d65aea7312326b,RH,2 m above ground,26 hour fcst,2021-03-23,0,26,YSDU:2021-03-24,2026-09-23T19:57:10Z,783280,f1f5513d7b90e594d0877376869136433e38242d9bb60ecca8fcb2b84699212f
gfs_20210323_t00z_f026_SPFH_2maboveground.grib2,https://noaa-gfs-bdp-pds.s3.amazonaws.com/gfs.20210323/00/atmos/gfs.t00z.pgrb2.0p25.f026,429115521-430424155,https://noaa-gfs-bdp-pds.s3.amazonaws.com/gfs.20210323/00/atmos/gfs.t00z.pgrb2.0p25.f026.idx,5b98a96c97a342d3dbf9586f4321c93c4c12f990aa36714329d65aea7312326b,SPFH,2 m above ground,26 hour fcst,2021-03-23,0,26,YSDU:2021-03-24,2026-09-23T19:57:10Z,1308635,bc6dfb6c960be9b6de1973017be2b931526e1f38975534ef4bd801d74cec604f
gfs_20210323_t00z_f026_TMP_700mb.grib2,https://noaa-gfs-bdp-pds.s3.amazonaws.com/gfs.20210323/00/atmos/gfs.t00z.pgrb2.0p25.f026,315264544-316025884,https://noaa-gfs-bdp-pds.s3.amazonaws.com/gfs.20210323/00/atmos/gfs.t00z.pgrb2.0p25.f026.idx,5b98a96c97a342d3dbf9586f4321c93c4c12f990aa36714329d65aea7312326b,TMP,700 mb,26 hour fcst,2021-03-23,0,26,YSDU:2021-03-24,2026-09-23T19:57:10Z,761341,225aebc3735ca496533e832dcdfb323c668dabdac8c1af187ed47854da9ba62e
gfs_20210323_t00z_f026_TMP_850mb.grib2,https://noaa-gfs-bdp-pds.s3.amazonaws.com/gfs.20210323/00/atmos/gfs.t00z.pgrb2.0p25.f026,348852394-349699611,https://noaa-gfs-bdp-pds.s3.amazonaws.com/gfs.20210323/00/atmos/gfs.t00z.pgrb2.0p25.f026.idx,5b98a96c97a342d3dbf9586f4321c93c4c12f990aa36714329d65aea7312326b,TMP,850 mb,26 hour fcst,2021-03-23,0,26,YSDU:2021-03-24,2026-09-23T19:57:11Z,847218,6b901aeca372dcee27693ddc249f3d9d7ded8f13c19a3ed6eedea9e4f8c58560
gfs_20210323_t00z_f026_TMP_925mb.grib2,https://noaa-gfs-bdp-pds.s3.amazonaws.com/gfs.20210323/00/atmos/gfs.t00z.pgrb2.0p25.f026,373010033-373872041,https://noaa-gfs-bdp-pds.s3.amazonaws.com/gfs.20210323/00/atmos/gfs.t00z.pgrb2.0p25.f026.idx,5b98a96c97a342d3dbf9586f4321c93c4c12f990aa36714329d65aea7312326b,TMP,925 mb,26 hour fcst,2021-03-23,0,26,YSDU:2021-03-24,2026-09-23T19:57:11Z,862009,e2d2816928927324f8c9df1b426684056596fc2360efad64ea172ec3a82fdcb8
gfs_20210323_t12z_f021_PRMSL_meansealevel.grib2,https://noaa-gfs-bdp-pds.s3.amazonaws.com/gfs.20210323/12/atmos/gfs.t12z.pgrb2.0p25.f021,0-997324,https://noaa-gfs-bdp-pds.s3.amazonaws.com/gfs.20210323/12/atmos/gfs.t12z.pgrb2.0p25.f021.idx,b3f5c1118ae8caf9d89f2ee4060dd8177148ca4f2e11953501439938b82b4346,PRMSL,mean sea level,21 hour fcst,2021-03-23,12,21,EGLC:2021-03-24 LFPG:2021-03-24,2026-09-23T19:57:11Z,997325,830c368f0729257147752e8ad8984fafcd26b57d184bef0962984283fd98107f
gfs_20210323_t12z_f022_DSWRF_surface.grib2,https://noaa-gfs-bdp-pds.s3.amazonaws.com/gfs.20210323/12/atmos/gfs.t12z.pgrb2.0p25.f022,473332614-474189582,https://noaa-gfs-bdp-pds.s3.amazonaws.com/gfs.20210323/12/atmos/gfs.t12z.pgrb2.0p25.f022.idx,97b86ba955d4d4888c6f75795bd3646d767bc0a3915060590a1074cf619ee20c,DSWRF,surface,18-22 hour ave fcst,2021-03-23,12,22,EGLC:2021-03-24 LFPG:2021-03-24,2026-09-23T19:57:13Z,856969,63c46ec17eea76cfd93a26bd40f7e2f0a112117924028bca0eed505f957e8310
gfs_20210323_t12z_f024_DPT_2maboveground.grib2,https://noaa-gfs-bdp-pds.s3.amazonaws.com/gfs.20210323/12/atmos/gfs.t12z.pgrb2.0p25.f024,429076132-429617509,https://noaa-gfs-bdp-pds.s3.amazonaws.com/gfs.20210323/12/atmos/gfs.t12z.pgrb2.0p25.f024.idx,32fbbaa1bcf3c15ae28a3739cf82b3a2c85e12ca716e93c90743e21bfe870252,DPT,2 m above ground,24 hour fcst,2021-03-23,12,24,EGLC:2021-03-24 LFPG:2021-03-24,2026-09-23T19:57:11Z,541378,072683a9e1ef30cc85525942761d4df29ddcac0968c001d7319bd170feabefb5
gfs_20210323_t12z_f024_DSWRF_surface.grib2,https://noaa-gfs-bdp-pds.s3.amazonaws.com/gfs.20210323/12/atmos/gfs.t12z.pgrb2.0p25.f024,473994478-474935197,https://noaa-gfs-bdp-pds.s3.amazonaws.com/gfs.20210323/12/atmos/gfs.t12z.pgrb2.0p25.f024.idx,32fbbaa1bcf3c15ae28a3739cf82b3a2c85e12ca716e93c90743e21bfe870252,DSWRF,surface,18-24 hour ave fcst,2021-03-23,12,24,EGLC:2021-03-24 LFPG:2021-03-24,2026-09-23T19:57:12Z,940720,1abe78dc7b4256a0190ecaaa6848e2d19cf1beab7e90a94b985f46edfd0b4274
gfs_20210323_t12z_f024_PRES_surface.grib2,https://noaa-gfs-bdp-pds.s3.amazonaws.com/gfs.20210323/12/atmos/gfs.t12z.pgrb2.0p25.f024,418465175-419301639,https://noaa-gfs-bdp-pds.s3.amazonaws.com/gfs.20210323/12/atmos/gfs.t12z.pgrb2.0p25.f024.idx,32fbbaa1bcf3c15ae28a3739cf82b3a2c85e12ca716e93c90743e21bfe870252,PRES,surface,24 hour fcst,2021-03-23,12,24,EGLC:2021-03-24 LFPG:2021-03-24,2026-09-23T19:57:11Z,836465,8784ae7d7a7535b80bd192bd4bd34a0cd8291327788cc0e10b8e9483612dffcd
gfs_20210323_t12z_f024_PRMSL_meansealevel.grib2,https://noaa-gfs-bdp-pds.s3.amazonaws.com/gfs.20210323/12/atmos/gfs.t12z.pgrb2.0p25.f024,0-998752,https://noaa-gfs-bdp-pds.s3.amazonaws.com/gfs.20210323/12/atmos/gfs.t12z.pgrb2.0p25.f024.idx,32fbbaa1bcf3c15ae28a3739cf82b3a2c85e12ca716e93c90743e21bfe870252,PRMSL,mean sea level,24 hour fcst,2021-03-23,12,24,EGLC:2021-03-24 LFPG:2021-03-24,2026-09-23T19:57:12Z,998753,b0aa2c32a7d259771bc2242b5407ecedcd754c6452174f428e4c4073dab97aa3
gfs_20210323_t12z_f024_RH_2maboveground.grib2,https://noaa-gfs-bdp-pds.s3.amazonaws.com/gfs.20210323/12/atmos/gfs.t12z.pgrb2.0p25.f024,429617510-430396304,https://noaa-gfs-bdp-pds.s3.amazonaws.com/gfs.20210323/12/atmos/gfs.t12z.pgrb2.0p25.f024.idx,32fbbaa1bcf3c15ae28a3739cf82b3a2c85e12ca716e93c90743e21bfe870252,RH,2 m above ground,24 hour fcst,2021-03-23,12,24,EGLC:2021-03-24 LFPG:2021-03-24,2026-09-23T19:57:12Z,778795,3e01f032cd7c19e82b6d10f127cb389dc7dee1f131167b9dbe3c9f6466436901
gfs_20210323_t12z_f024_SPFH_2maboveground.grib2,https://noaa-gfs-bdp-pds.s3.amazonaws.com/gfs.20210323/12/atmos/gfs.t12z.pgrb2.0p25.f024,427892517-429076131,https://noaa-gfs-bdp-pds.s3.amazonaws.com/gfs.20210323/12/atmos/gfs.t12z.pgrb2.0p25.f024.idx,32fbbaa1bcf3c15ae28a3739cf82b3a2c85e12ca716e93c90743e21bfe870252,SPFH,2 m above ground,24 hour fcst,2021-03-23,12,24,EGLC:2021-03-24 LFPG:2021-03-24,2026-09-23T19:57:13Z,1183615,e9ab2a73e44802b7a9967617206406f46015450c6b864a871d8f9dc9b3fe2ffa
gfs_20210323_t12z_f024_TMP_700mb.grib2,https://noaa-gfs-bdp-pds.s3.amazonaws.com/gfs.20210323/12/atmos/gfs.t12z.pgrb2.0p25.f024,315962930-316732107,https://noaa-gfs-bdp-pds.s3.amazonaws.com/gfs.20210323/12/atmos/gfs.t12z.pgrb2.0p25.f024.idx,32fbbaa1bcf3c15ae28a3739cf82b3a2c85e12ca716e93c90743e21bfe870252,TMP,700 mb,24 hour fcst,2021-03-23,12,24,EGLC:2021-03-24 LFPG:2021-03-24,2026-09-23T19:57:13Z,769178,82e51a7f5b7650614d757d0b0beda2b6bfbb52595fa68e7c560476a19b26c65c
gfs_20210323_t12z_f024_TMP_850mb.grib2,https://noaa-gfs-bdp-pds.s3.amazonaws.com/gfs.20210323/12/atmos/gfs.t12z.pgrb2.0p25.f024,349939117-350787694,https://noaa-gfs-bdp-pds.s3.amazonaws.com/gfs.20210323/12/atmos/gfs.t12z.pgrb2.0p25.f024.idx,32fbbaa1bcf3c15ae28a3739cf82b3a2c85e12ca716e93c90743e21bfe870252,TMP,850 mb,24 hour fcst,2021-03-23,12,24,EGLC:2021-03-24 LFPG:2021-03-24,2026-09-23T19:57:13Z,848578,c6db8fd6783b59b4ea5cc7c21169d7d7afc5d4ef504a45c736e032ffd5d949dd
gfs_20210323_t12z_f024_TMP_925mb.grib2,https://noaa-gfs-bdp-pds.s3.amazonaws.com/gfs.20210323/12/atmos/gfs.t12z.pgrb2.0p25.f024,373545477-374406822,https://noaa-gfs-bdp-pds.s3.amazonaws.com/gfs.20210323/12/atmos/gfs.t12z.pgrb2.0p25.f024.idx,32fbbaa1bcf3c15ae28a3739cf82b3a2c85e12ca716e93c90743e21bfe870252,TMP,925 mb,24 hour fcst,2021-03-23,12,24,EGLC:2021-03-24 LFPG:2021-03-24,2026-09-23T19:57:13Z,861346,45effd82e78073c6169f0f8d4afa16e7af7cadaf418e2269a516d3b96bdaa671
gfs_20210323_t18z_f021_PRMSL_meansealevel.grib2,https://noaa-gfs-bdp-pds.s3.amazonaws.com/gfs.20210323/18/atmos/gfs.t18z.pgrb2.0p25.f021,0-1005244,https://noaa-gfs-bdp-pds.s3.amazonaws.com/gfs.20210323/18/atmos/gfs.t18z.pgrb2.0p25.f021.idx,826c69b26f0fac546316b08559a6aaa04e140f9af4d260eb570f91056633f26b,PRMSL,mean sea level,21 hour fcst,2021-03-23,18,21,DSM:2021-03-24,2026-09-23T19:57:15Z,1005245,cb929dc4069c7c2fcf193e39772b701cfca637a9764c4cd979b72d5d9e4a7b84
gfs_20210323_t18z_f022_DSWRF_surface.grib2,https://noaa-gfs-bdp-pds.s3.amazonaws.com/gfs.20210323/18/atmos/gfs.t18z.pgrb2.0p25.f022,474026057-474911921,https://noaa-gfs-bdp-pds.s3.amazonaws.com/gfs.20210323/18/atmos/gfs.t18z.pgrb2.0p25.f022.idx,f8b4a880b915786537415db8aaa5c3c234aef8a5f4ddf08dd60f8eb040c11e4e,DSWRF,surface,18-22 hour ave fcst,2021-03-23,18,22,DSM:2021-03-24,2026-09-23T19:57:14Z,885865,4c4577a71f5721b21a3598dc138260fdc5777bc9c7a8711194e80d5518c6e291
gfs_20210323_t18z_f023_PRMSL_meansealevel.grib2,https://noaa-gfs-bdp-pds.s3.amazonaws.com/gfs.20210323/18/atmos/gfs.t18z.pgrb2.0p25.f023,0-1004940,https://noaa-gfs-bdp-pds.s3.amazonaws.com/gfs.20210323/18/atmos/gfs.t18z.pgrb2.0p25.f023.idx,07ad8c5d4b74875c837827746f518cab53b731198d654693c972fcdfd1ee498f,PRMSL,mean sea level,23 hour fcst,2021-03-23,18,23,RNO:2021-03-24,2026-09-23T19:57:13Z,1004941,c70cf8d588d16881e17556c9659295493f3519fa8a3056f44f0c9c5a64875191
gfs_20210323_t18z_f024_DPT_2maboveground.grib2,https://noaa-gfs-bdp-pds.s3.amazonaws.com/gfs.20210323/18/atmos/gfs.t18z.pgrb2.0p25.f024,430864776-431407244,https://noaa-gfs-bdp-pds.s3.amazonaws.com/gfs.20210323/18/atmos/gfs.t18z.pgrb2.0p25.f024.idx,c45631dc6ad785ae4fedfc7a6ff2069c00602dc386205f41e18e603298cf1df7,DPT,2 m above ground,24 hour fcst,2021-03-23,18,24,DSM:2021-03-24,2026-09-23T19:57:14Z,542469,8fb2ce9eafa761960011f447d177006e6f0ad358f1ac1c76459d8f21e71de4d3
gfs_20210323_t18z_f024_DSWRF_surface.grib2,https://noaa-gfs-bdp-pds.s3.amazonaws.com/gfs.20210323/18/atmos/gfs.t18z.pgrb2.0p25.f024,475449222-476415757,https://noaa-gfs-bdp-pds.s3.amazonaws.com/gfs.20210323/18/atmos/gfs.t18z.pgrb2.0p25.f024.idx,c45631dc6ad785ae4fedfc7a6ff2069c00602dc386205f41e18e603298cf1df7,DSWRF,surface,18-24 hour ave fcst,2021-03-23,18,24,DSM:2021-03-24,2026-09-23T19:57:16Z,966536,412fb3f72fa61245986633f0456880bddfa6ba315de6027010fcd1d736e8771c
gfs_20210323_t18z_f024_PRES_surface.grib2,https://noaa-gfs-bdp-pds.s3.amazonaws.com/gfs.20210323/18/atmos/gfs.t18z.pgrb2.0p25.f024,420062734-420898390,https://noaa-gfs-bdp-pds.s3.amazonaws.com/gfs.20210323/18/atmos/gfs.t18z.pgrb2.0p25.f024.idx,c45631dc6ad785ae4fedfc7a6ff2069c00602dc386205f41e18e603298cf1df7,PRES,surface,24 hour fcst,2021-03-23,18,24,DSM:2021-03-24,2026-09-23T19:57:15Z,835657,7d15ebfd0319aa5b328725a85a5348390de20c55ab3e0f0d5c46562fee5e11e7
gfs_20210323_t18z_f024_PRMSL_meansealevel.grib2,https://noaa-gfs-bdp-pds.s3.amazonaws.com/gfs.20210323/18/atmos/gfs.t18z.pgrb2.0p25.f024,0-1004881,https://noaa-gfs-bdp-pds.s3.amazonaws.com/gfs.20210323/18/atmos/gfs.t18z.pgrb2.0p25.f024.idx,c45631dc6ad785ae4fedfc7a6ff2069c00602dc386205f41e18e603298cf1df7,PRMSL,mean sea level,24 hour fcst,2021-03-23,18,24,DSM:2021-03-24,2026-09-23T19:57:15Z,1004882,e63b7f59d946ac58822439fa2d9ef54ddfa8651ec4e4562ed020b5d79af19949
gfs_20210323_t18z_f024_RH_2maboveground.grib2,https://noaa-gfs-bdp-pds.s3.amazonaws.com/gfs.20210323/18/atmos/gfs.t18z.pgrb2.0p25.f024,431407245-432189976,https://noaa-gfs-bdp-pds.s3.amazonaws.com/gfs.20210323/18/atmos/gfs.t18z.pgrb2.0p25.f024.idx,c45631dc6ad785ae4fedfc7a6ff2069c00602dc386205f41e18e603298cf1df7,RH,2 m above ground,24 hour fcst,2021-03-23,18,24,DSM:2021-03-24,2026-09-23T19:57:15Z,782732,d2786f46aa02afe5b759ad0916d2788900ad51dd58b09bd035c7ac1e43353be1
gfs_20210323_t18z_f024_SPFH_2maboveground.grib2,https://noaa-gfs-bdp-pds.s3.amazonaws.com/gfs.20210323/18/atmos/gfs.t18z.pgrb2.0p25.f024,429678943-430864775,https://noaa-gfs-bdp-pds.s3.amazonaws.com/gfs.20210323/18/atmos/gfs.t18z.pgrb2.0p25.f024.idx,c45631dc6ad785ae4fedfc7a6ff2069c00602dc386205f41e18e603298cf1df7,SPFH,2 m above ground,24 hour fcst,2021-03-23,18,24,DSM:2021-03-24,2026-09-23T19:57:16Z,1185833,cc9b64579b1cdbfd07e748dec5af1416c708d1868fcd18a61eb63b074989d542
gfs_20210323_t18z_f024_TMP_700mb.grib2,https://noaa-gfs-bdp-pds.s3.amazonaws.com/gfs.20210323/18/atmos/gfs.t18z.pgrb2.0p25.f024,316137409-316905570,https://noaa-gfs-bdp-pds.s3.amazonaws.com/gfs.20210323/18/atmos/gfs.t18z.pgrb2.0p25.f024.idx,c45631dc6ad785ae4fedfc7a6ff2069c00602dc386205f41e18e603298cf1df7,TMP,700 mb,24 hour fcst,2021-03-23,18,24,DSM:2021-03-24,2026-09-23T19:57:15Z,768162,c3b7075b2c6c293f852b1dfea0ca129edf17616211aad58be9a408823910dfcb
gfs_20210323_t18z_f024_TMP_850mb.grib2,https://noaa-gfs-bdp-pds.s3.amazonaws.com/gfs.20210323/18/atmos/gfs.t18z.pgrb2.0p25.f024,350183121-351031490,https://noaa-gfs-bdp-pds.s3.amazonaws.com/gfs.20210323/18/atmos/gfs.t18z.pgrb2.0p25.f024.idx,c45631dc6ad785ae4fedfc7a6ff2069c00602dc386205f41e18e603298cf1df7,TMP,850 mb,24 hour fcst,2021-03-23,18,24,DSM:2021-03-24,2026-09-23T19:57:16Z,848370,3d3cc145b0fd49349aaa7c072cb1173dab8fea31be26bb6a28aab1c0f60af122
gfs_20210323_t18z_f024_TMP_925mb.grib2,https://noaa-gfs-bdp-pds.s3.amazonaws.com/gfs.20210323/18/atmos/gfs.t18z.pgrb2.0p25.f024,374223862-375086873,https://noaa-gfs-bdp-pds.s3.amazonaws.com/gfs.20210323/18/atmos/gfs.t18z.pgrb2.0p25.f024.idx,c45631dc6ad785ae4fedfc7a6ff2069c00602dc386205f41e18e603298cf1df7,TMP,925 mb,24 hour fcst,2021-03-23,18,24,DSM:2021-03-24,2026-09-23T19:57:16Z,863012,58fe0b45391a8da250cdd39972afa54abe551623560b53a0b68f64b18c6b9ba4
gfs_20210323_t18z_f026_DPT_2maboveground.grib2,https://noaa-gfs-bdp-pds.s3.amazonaws.com/gfs.20210323/18/atmos/gfs.t18z.pgrb2.0p25.f026,429402579-429944424,https://noaa-gfs-bdp-pds.s3.amazonaws.com/gfs.20210323/18/atmos/gfs.t18z.pgrb2.0p25.f026.idx,94886bb2d29a3af6b9a00046d90985621ed0d1c9ad91d4f5259448536bdff441,DPT,2 m above ground,26 hour fcst,2021-03-23,18,26,RNO:2021-03-24,2026-09-23T19:57:16Z,541846,a0484d8ecd8d0a6084dcbae0aea4461ca1b075ecbeb295ca5fef8467cb6066ee
gfs_20210323_t18z_f026_DSWRF_surface.grib2,https://noaa-gfs-bdp-pds.s3.amazonaws.com/gfs.20210323/18/atmos/gfs.t18z.pgrb2.0p25.f026,471682650-472466475,https://noaa-gfs-bdp-pds.s3.amazonaws.com/gfs.20210323/18/atmos/gfs.t18z.pgrb2.0p25.f026.idx,94886bb2d29a3af6b9a00046d90985621ed0d1c9ad91d4f5259448536bdff441,DSWRF,surface,24-26 hour ave fcst,2021-03-23,18,26,RNO:2021-03-24,2026-09-23T19:57:16Z,783826,4de28b769b9a4cd60f852fd0ec84a4009ebb2630ee4c59c03a67758b281d6202
gfs_20210323_t18z_f026_PRES_surface.grib2,https://noaa-gfs-bdp-pds.s3.amazonaws.com/gfs.20210323/18/atmos/gfs.t18z.pgrb2.0p25.f026,418608915-419444151,https://noaa-gfs-bdp-pds.s3.amazonaws.com/gfs.20210323/18/atmos/gfs.t18z.pgrb2.0p25.f026.idx,94886bb2d29a3af6b9a00046d90985621ed0d1c9ad91d4f5259448536bdff441,PRES,surface,26 hour fcst,2021-03-23,18,26,RNO:2021-03-24,2026-09-23T19:57:17Z,835237,bcb75c861338acf46d3f8a72ba97405dd5fce21fc31eec523163626384434d0b
gfs_20210323_t18z_f026_PRMSL_meansealevel.grib2,https://noaa-gfs-bdp-pds.s3.amazonaws.com/gfs.20210323/18/atmos/gfs.t18z.pgrb2.0p25.f026,0-1003800,https://noaa-gfs-bdp-pds.s3.amazonaws.com/gfs.20210323/18/atmos/gfs.t18z.pgrb2.0p25.f026.idx,94886bb2d29a3af6b9a00046d90985621ed0d1c9ad91d4f5259448536bdff441,PRMSL,mean sea level,26 hour fcst,2021-03-23,18,26,RNO:2021-03-24,2026-09-23T19:57:17Z,1003801,c9ae45905abcfe7afa11d41d0487d5d5c2b69c3093ec2760647e27e73a549ab5
gfs_20210323_t18z_f026_RH_2maboveground.grib2,https://noaa-gfs-bdp-pds.s3.amazonaws.com/gfs.20210323/18/atmos/gfs.t18z.pgrb2.0p25.f026,429944425-430731013,https://noaa-gfs-bdp-pds.s3.amazonaws.com/gfs.20210323/18/atmos/gfs.t18z.pgrb2.0p25.f026.idx,94886bb2d29a3af6b9a00046d90985621ed0d1c9ad91d4f5259448536bdff441,RH,2 m above ground,26 hour fcst,2021-03-23,18,26,RNO:2021-03-24,2026-09-23T19:57:17Z,786589,963d525b6b40926230dda56a417b7e45b00542da1456a9aa11a2a23bf9d0ea2c
gfs_20210323_t18z_f026_SPFH_2maboveground.grib2,https://noaa-gfs-bdp-pds.s3.amazonaws.com/gfs.20210323/18/atmos/gfs.t18z.pgrb2.0p25.f026,428217925-429402578,https://noaa-gfs-bdp-pds.s3.amazonaws.com/gfs.20210323/18/atmos/gfs.t18z.pgrb2.0p25.f026.idx,94886bb2d29a3af6b9a00046d90985621ed0d1c9ad91d4f5259448536bdff441,SPFH,2 m above ground,26 hour fcst,2021-03-23,18,26,RNO:2021-03-24,2026-09-23T19:57:18Z,1184654,f0898f3f1abfab7ab47a2a8e370a09f20a912483425c8f8120a16b0eedbadfd0
gfs_20210323_t18z_f026_TMP_700mb.grib2,https://noaa-gfs-bdp-pds.s3.amazonaws.com/gfs.20210323/18/atmos/gfs.t18z.pgrb2.0p25.f026,314770240-315537333,https://noaa-gfs-bdp-pds.s3.amazonaws.com/gfs.20210323/18/atmos/gfs.t18z.pgrb2.0p25.f026.idx,94886bb2d29a3af6b9a00046d90985621ed0d1c9ad91d4f5259448536bdff441,TMP,700 mb,26 hour fcst,2021-03-23,18,26,RNO:2021-03-24,2026-09-23T19:57:17Z,767094,4bea4cabc32d9bca65c6e490f43fad78b79147d6c1d44265ae50b9b0a12a95e9
gfs_20210323_t18z_f026_TMP_850mb.grib2,https://noaa-gfs-bdp-pds.s3.amazonaws.com/gfs.20210323/18/atmos/gfs.t18z.pgrb2.0p25.f026,348788888-349636562,https://noaa-gfs-bdp-pds.s3.amazonaws.com/gfs.20210323/18/atmos/gfs.t18z.pgrb2.0p25.f026.idx,94886bb2d29a3af6b9a00046d90985621ed0d1c9ad91d4f5259448536bdff441,TMP,850 mb,26 hour fcst,2021-03-23,18,26,RNO:2021-03-24,2026-09-23T19:57:17Z,847675,8d80f2ae5c4e0a87fa03d24ab5c3e6e619cb3ee1e98c0334992f3b6439d6b256
gfs_20210323_t18z_f026_TMP_925mb.grib2,https://noaa-gfs-bdp-pds.s3.amazonaws.com/gfs.20210323/18/atmos/gfs.t18z.pgrb2.0p25.f026,372790093-373651593,https://noaa-gfs-bdp-pds.s3.amazonaws.com/gfs.20210323/18/atmos/gfs.t18z.pgrb2.0p25.f026.idx,94886bb2d29a3af6b9a00046d90985621ed0d1c9ad91d4f5259448536bdff441,TMP,925 mb,26 hour fcst,2021-03-23,18,26,RNO:2021-03-24,2026-09-23T19:57:18Z,861501,2a7af112768904be30c546625e2c9f872893975d50440aee48ea14d35150cd79
gfs_20221125_t00z_f023_PRMSL_meansealevel.grib2,https://noaa-gfs-bdp-pds.s3.amazonaws.com/gfs.20221125/00/atmos/gfs.t00z.pgrb2.0p25.f023,0-992899,https://noaa-gfs-bdp-pds.s3.amazonaws.com/gfs.20221125/00/atmos/gfs.t00z.pgrb2.0p25.f023.idx,6c2aa6b9b6c8082bc40d4bb5a632fe16a201a90da0f573c5f4a85c828b902d40,PRMSL,mean sea level,23 hour fcst,2022-11-25,0,23,YSDU:2022-11-26,2026-09-23T19:57:19Z,992900,507158af160b174eaaf6a5a374aea1d4a392acaef316aeeb9b004e1c94d6268d
gfs_20221125_t00z_f026_DPT_2maboveground.grib2,https://noaa-gfs-bdp-pds.s3.amazonaws.com/gfs.20221125/00/atmos/gfs.t00z.pgrb2.0p25.f026,420409071-420939709,https://noaa-gfs-bdp-pds.s3.amazonaws.com/gfs.20221125/00/atmos/gfs.t00z.pgrb2.0p25.f026.idx,167f0fbd3b3465278f0199de4e33c887e4d900a309136cf1cb06d54af58ef49d,DPT,2 m above ground,26 hour fcst,2022-11-25,0,26,YSDU:2022-11-26,2026-09-23T19:57:18Z,530639,dbfc29f966617a096eb579808536ebe317ad3197e1c330f3c8aa08a9c8cdc9ff
gfs_20221125_t00z_f026_DSWRF_surface.grib2,https://noaa-gfs-bdp-pds.s3.amazonaws.com/gfs.20221125/00/atmos/gfs.t00z.pgrb2.0p25.f026,463098201-463888965,https://noaa-gfs-bdp-pds.s3.amazonaws.com/gfs.20221125/00/atmos/gfs.t00z.pgrb2.0p25.f026.idx,167f0fbd3b3465278f0199de4e33c887e4d900a309136cf1cb06d54af58ef49d,DSWRF,surface,24-26 hour ave fcst,2022-11-25,0,26,YSDU:2022-11-26,2026-09-23T19:57:18Z,790765,53d68d85a80d1d484143970349c151b136d4b3e9de7888c64c3b605366e21121
gfs_20221125_t00z_f026_PRES_surface.grib2,https://noaa-gfs-bdp-pds.s3.amazonaws.com/gfs.20221125/00/atmos/gfs.t00z.pgrb2.0p25.f026,409153820-409987862,https://noaa-gfs-bdp-pds.s3.amazonaws.com/gfs.20221125/00/atmos/gfs.t00z.pgrb2.0p25.f026.idx,167f0fbd3b3465278f0199de4e33c887e4d900a309136cf1cb06d54af58ef49d,PRES,surface,26 hour fcst,2022-11-25,0,26,YSDU:2022-11-26,2026-09-23T19:57:19Z,834043,f0a8999274b0d5372bfaf2ea31a63743bc463a254949548ab1163b1bc8b19030
gfs_20221125_t00z_f026_PRMSL_meansealevel.grib2,https://noaa-gfs-bdp-pds.s3.amazonaws.com/gfs.20221125/00/atmos/gfs.t00z.pgrb2.0p25.f026,0-989560,https://noaa-gfs-bdp-pds.s3.amazonaws.com/gfs.20221125/00/atmos/gfs.t00z.pgrb2.0p25.f026.idx,167f0fbd3b3465278f0199de4e33c887e4d900a309136cf1cb06d54af58ef49d,PRMSL,mean sea level,26 hour fcst,2022-11-25,0,26,YSDU:2022-11-26,2026-09-23T19:57:19Z,989561,8d48ce94a6ff5e2976e2c64915d0eb0e0507f2c1bd5fbb4d20da86bafe9529cc
gfs_20221125_t00z_f026_RH_2maboveground.grib2,https://noaa-gfs-bdp-pds.s3.amazonaws.com/gfs.20221125/00/atmos/gfs.t00z.pgrb2.0p25.f026,420939710-421715748,https://noaa-gfs-bdp-pds.s3.amazonaws.com/gfs.20221125/00/atmos/gfs.t00z.pgrb2.0p25.f026.idx,167f0fbd3b3465278f0199de4e33c887e4d900a309136cf1cb06d54af58ef49d,RH,2 m above ground,26 hour fcst,2022-11-25,0,26,YSDU:2022-11-26,2026-09-23T19:57:19Z,776039,0513abc2e14538852c93ca219b6dbf235571001c3ff6223e8713d1e0ef417d01
gfs_20221125_t00z_f026_SPFH_2maboveground.grib2,https://noaa-gfs-bdp-pds.s3.amazonaws.com/gfs.20221125/00/atmos/gfs.t00z.pgrb2.0p25.f026,419232270-420409070,https://noaa-gfs-bdp-pds.s3.amazonaws.com/gfs.20221125/00/atmos/gfs.t00z.pgrb2.0p25.f026.idx,167f0fbd3b3465278f0199de4e33c887e4d900a309136cf1cb06d54af58ef49d,SPFH,2 m above ground,26 hour fcst,2022-11-25,0,26,YSDU:2022-11-26,2026-09-23T19:57:20Z,1176801,f435e430aab9d494cbbb1a97e5f8ab3e50d243af731b1eceda50286db34422cc
gfs_20221125_t00z_f026_TMP_700mb.grib2,https://noaa-gfs-bdp-pds.s3.amazonaws.com/gfs.20221125/00/atmos/gfs.t00z.pgrb2.0p25.f026,305343817-306101704,https://noaa-gfs-bdp-pds.s3.amazonaws.com/gfs.20221125/00/atmos/gfs.t00z.pgrb2.0p25.f026.idx,167f0fbd3b3465278f0199de4e33c887e4d900a309136cf1cb06d54af58ef49d,TMP,700 mb,26 hour fcst,2022-11-25,0,26,YSDU:2022-11-26,2026-09-23T19:57:20Z,757888,1f2b5a40bcfb54b25fb1d326efb8aa1d34a7db0df0698ba0c7200f8c8e5998fc
gfs_20221125_t00z_f026_TMP_850mb.grib2,https://noaa-gfs-bdp-pds.s3.amazonaws.com/gfs.20221125/00/atmos/gfs.t00z.pgrb2.0p25.f026,339051561-339888529,https://noaa-gfs-bdp-pds.s3.amazonaws.com/gfs.20221125/00/atmos/gfs.t00z.pgrb2.0p25.f026.idx,167f0fbd3b3465278f0199de4e33c887e4d900a309136cf1cb06d54af58ef49d,TMP,850 mb,26 hour fcst,2022-11-25,0,26,YSDU:2022-11-26,2026-09-23T19:57:20Z,836969,15ee3dfb1da14deb3bc67540dc7ee6682cb1cef8bdf2ba3cc66c7f7038f480b4
gfs_20221125_t00z_f026_TMP_925mb.grib2,https://noaa-gfs-bdp-pds.s3.amazonaws.com/gfs.20221125/00/atmos/gfs.t00z.pgrb2.0p25.f026,362869670-363720402,https://noaa-gfs-bdp-pds.s3.amazonaws.com/gfs.20221125/00/atmos/gfs.t00z.pgrb2.0p25.f026.idx,167f0fbd3b3465278f0199de4e33c887e4d900a309136cf1cb06d54af58ef49d,TMP,925 mb,26 hour fcst,2022-11-25,0,26,YSDU:2022-11-26,2026-09-23T19:57:20Z,850733,224b18096c81409f5fbc79ad5cd816be77d03619f8688744651a4eb7b0adeb29
gfs_20221125_t12z_f021_PRMSL_meansealevel.grib2,https://noaa-gfs-bdp-pds.s3.amazonaws.com/gfs.20221125/12/atmos/gfs.t12z.pgrb2.0p25.f021,0-1025454,https://noaa-gfs-bdp-pds.s3.amazonaws.com/gfs.20221125/12/atmos/gfs.t12z.pgrb2.0p25.f021.idx,2eecf8dfb8982e64ccd88b3a83cb9359cf551325f65a247c558ea31e3ef1c80c,PRMSL,mean sea level,21 hour fcst,2022-11-25,12,21,EGLC:2022-11-26 LFPG:2022-11-26,2026-09-23T19:57:22Z,1025455,a0cc458687c394fdec5a35e4d8c0bbef451cc8f386f5d35cf369f039378b5877
gfs_20221125_t12z_f022_DSWRF_surface.grib2,https://noaa-gfs-bdp-pds.s3.amazonaws.com/gfs.20221125/12/atmos/gfs.t12z.pgrb2.0p25.f022,462631078-463471316,https://noaa-gfs-bdp-pds.s3.amazonaws.com/gfs.20221125/12/atmos/gfs.t12z.pgrb2.0p25.f022.idx,e9c00b8228d9bb6f3ddf293e20af49ed62e032ba7fca3a751ebbef9d6d488835,DSWRF,surface,18-22 hour ave fcst,2022-11-25,12,22,EGLC:2022-11-26 LFPG:2022-11-26,2026-09-23T19:57:20Z,840239,36185fb58fa40b22cd9192cbab3ac8fba67e7c1ddee54cdff0a5c686b952b4cd
gfs_20221125_t12z_f024_DPT_2maboveground.grib2,https://noaa-gfs-bdp-pds.s3.amazonaws.com/gfs.20221125/12/atmos/gfs.t12z.pgrb2.0p25.f024,418970722-419502342,https://noaa-gfs-bdp-pds.s3.amazonaws.com/gfs.20221125/12/atmos/gfs.t12z.pgrb2.0p25.f024.idx,962fe87b285a596d8e820b6f0d750473f279b6aba98ddb8ff858612392f4c486,DPT,2 m above ground,24 hour fcst,2022-11-25,12,24,EGLC:2022-11-26 LFPG:2022-11-26,2026-09-23T19:57:20Z,531621,c5305c59243a5bdc90deda945efededa2950378955b27ecf4ea0baed883f8cb0
gfs_20221125_t12z_f024_DSWRF_surface.grib2,https://noaa-gfs-bdp-pds.s3.amazonaws.com/gfs.20221125/12/atmos/gfs.t12z.pgrb2.0p25.f024,463945784-464851890,https://noaa-gfs-bdp-pds.s3.amazonaws.com/gfs.20221125/12/atmos/gfs.t12z.pgrb2.0p25.f024.idx,962fe87b285a596d8e820b6f0d750473f279b6aba98ddb8ff858612392f4c486,DSWRF,surface,18-24 hour ave fcst,2022-11-25,12,24,EGLC:2022-11-26 LFPG:2022-11-26,2026-09-23T19:57:22Z,906107,7065e0bed49842a15370b8df8d4e24653f1c08789d3c58ae3ffb4c5bc8b162ee
gfs_20221125_t12z_f024_PRES_surface.grib2,https://noaa-gfs-bdp-pds.s3.amazonaws.com/gfs.20221125/12/atmos/gfs.t12z.pgrb2.0p25.f024,407685781-408519876,https://noaa-gfs-bdp-pds.s3.amazonaws.com/gfs.20221125/12/atmos/gfs.t12z.pgrb2.0p25.f024.idx,962fe87b285a596d8e820b6f0d750473f279b6aba98ddb8ff858612392f4c486,PRES,surface,24 hour fcst,2022-11-25,12,24,EGLC:2022-11-26 LFPG:2022-11-26,2026-09-23T19:57:22Z,834096,be776b7b4ce57b3ebd6e668c9fad4ff90d2bcebd1f2eba36109cfd8fd9083616
gfs_20221125_t12z_f024_PRMSL_meansealevel.grib2,https://noaa-gfs-bdp-pds.s3.amazonaws.com/gfs.20221125/12/atmos/gfs.t12z.pgrb2.0p25.f024,0-995005,https://noaa-gfs-bdp-pds.s3.amazonaws.com/gfs.20221125/12/atmos/gfs.t12z.pgrb2.0p25.f024.idx,962fe87b285a596d8e820b6f0d750473f279b6aba98ddb8ff858612392f4c486,PRMSL,mean sea level,24 hour fcst,2022-11-25,12,24,EGLC:2022-11-26 LFPG:2022-11-26,2026-09-23T19:57:22Z,995006,501a6b97ff994c4248be68df8ff859236d2c1a7f6a216805c55419a8cbd1de52
gfs_20221125_t12z_f024_RH_2maboveground.grib2,https://noaa-gfs-bdp-pds.s3.amazonaws.com/gfs.20221125/12/atmos/gfs.t12z.pgrb2.0p25.f024,419502343-420283024,https://noaa-gfs-bdp-pds.s3.amazonaws.com/gfs.20221125/12/atmos/gfs.t12z.pgrb2.0p25.f024.idx,962fe87b285a596d8e820b6f0d750473f279b6aba98ddb8ff858612392f4c486,RH,2 m above ground,24 hour fcst,2022-11-25,12,24,EGLC:2022-11-26 LFPG:2022-11-26,2026-09-23T19:57:22Z,780682,8ca5e1d3662338c88288685732a8fab9fa9d548caeda9e92ccd0335f886be112
gfs_20221125_t12z_f024_SPFH_2maboveground.grib2,https://noaa-gfs-bdp-pds.s3.amazonaws.com/gfs.20221125/12/atmos/gfs.t12z.pgrb2.0p25.f024,417790021-418970721,https://noaa-gfs-bdp-pds.s3.amazonaws.com/gfs.20221125/12/atmos/gfs.t12z.pgrb2.0p25.f024.idx,962fe87b285a596d8e820b6f0d750473f279b6aba98ddb8ff858612392f4c486,SPFH,2 m above ground,24 hour fcst,2022-11-25,12,24,EGLC:2022-11-26 LFPG:2022-11-26,2026-09-23T19:57:22Z,1180701,dbb31c87555c03be6c316c07b51108c03340eaf2e5c859c1ebc5ce51ecfcbb4a
gfs_20221125_t12z_f024_TMP_700mb.grib2,https://noaa-gfs-bdp-pds.s3.amazonaws.com/gfs.20221125/12/atmos/gfs.t12z.pgrb2.0p25.f024,302663803-303424768,https://noaa-gfs-bdp-pds.s3.amazonaws.com/gfs.20221125/12/atmos/gfs.t12z.pgrb2.0p25.f024.idx,962fe87b285a596d8e820b6f0d750473f279b6aba98ddb8ff858612392f4c486,TMP,700 mb,24 hour fcst,2022-11-25,12,24,EGLC:2022-11-26 LFPG:2022-11-26,2026-09-23T19:57:22Z,760966,fce142e072d9f05cf85eb597ef4b6e54d8dc2372b96a1d8fd7c1fee879575f4b
gfs_20221125_t12z_f024_TMP_850mb.grib2,https://noaa-gfs-bdp-pds.s3.amazonaws.com/gfs.20221125/12/atmos/gfs.t12z.pgrb2.0p25.f024,336699153-337541862,https://noaa-gfs-bdp-pds.s3.amazonaws.com/gfs.20221125/12/atmos/gfs.t12z.pgrb2.0p25.f024.idx,962fe87b285a596d8e820b6f0d750473f279b6aba98ddb8ff858612392f4c486,TMP,850 mb,24 hour fcst,2022-11-25,12,24,EGLC:2022-11-26 LFPG:2022-11-26,2026-09-23T19:57:22Z,842710,e193cd06091da1ae53c550d343b73ff4dac890dd37d525a76ea5f5461a4d762e
gfs_20221125_t12z_f024_TMP_925mb.grib2,https://noaa-gfs-bdp-pds.s3.amazonaws.com/gfs.20221125/12/atmos/gfs.t12z.pgrb2.0p25.f024,361164562-362018392,https://noaa-gfs-bdp-pds.s3.amazonaws.com/gfs.20221125/12/atmos/gfs.t12z.pgrb2.0p25.f024.idx,962fe87b285a596d8e820b6f0d750473f279b6aba98ddb8ff858612392f4c486,TMP,925 mb,24 hour fcst,2022-11-25,12,24,EGLC:2022-11-26 LFPG:2022-11-26,2026-09-23T19:57:23Z,853831,3aa0140590e6274c5f1c08e0711156cdce0e17ba172643442f446dd0870d1c7c
gfs_20221125_t18z_f021_PRMSL_meansealevel.grib2,https://noaa-gfs-bdp-pds.s3.amazonaws.com/gfs.20221125/18/atmos/gfs.t18z.pgrb2.0p25.f021,0-1000546,https://noaa-gfs-bdp-pds.s3.amazonaws.com/gfs.20221125/18/atmos/gfs.t18z.pgrb2.0p25.f021.idx,bc844fd9be84e2c63e26b5367a97b69002066ea6829c3e0794d1637b6c6f2283,PRMSL,mean sea level,21 hour fcst,2022-11-25,18,21,DSM:2022-11-26,2026-09-23T19:57:23Z,1000547,ee2ebd98413616a00ff93f6b271b28f13d62a685cc984ce194ae1e47d29671a0
gfs_20221125_t18z_f022_DSWRF_surface.grib2,https://noaa-gfs-bdp-pds.s3.amazonaws.com/gfs.20221125/18/atmos/gfs.t18z.pgrb2.0p25.f022,462883401-463726498,https://noaa-gfs-bdp-pds.s3.amazonaws.com/gfs.20221125/18/atmos/gfs.t18z.pgrb2.0p25.f022.idx,893e4f65388a6382ebc3c15ab11ee9316530a234b775729523dbfa072d231014,DSWRF,surface,18-22 hour ave fcst,2022-11-25,18,22,DSM:2022-11-26,2026-09-23T19:57:24Z,843098,7bb00f0a110c52467cb8d4e1e22c6013e46addd219ae274b76f0378fa5e0505d
gfs_20221125_t18z_f023_PRMSL_meansealevel.grib2,https://noaa-gfs-bdp-pds.s3.amazonaws.com/gfs.20221125/18/atmos/gfs.t18z.pgrb2.0p25.f023,0-1000597,https://noaa-gfs-bdp-pds.s3.amazonaws.com/gfs.20221125/18/atmos/gfs.t18z.pgrb2.0p25.f023.idx,014eefc32c93ff2174fa3462c65005fb2b6a5628550d3942c68671402ecc81ac,PRMSL,mean sea level,23 hour fcst,2022-11-25,18,23,RNO:2022-11-26,2026-09-23T19:57:25Z,1000598,d9efada6a31b09fb912c24a9448fc3fad61f8d3d21fed086ec11cf0bdfa3add9
gfs_20221125_t18z_f024_DPT_2maboveground.grib2,https://noaa-gfs-bdp-pds.s3.amazonaws.com/gfs.20221125/18/atmos/gfs.t18z.pgrb2.0p25.f024,419242770-419780533,https://noaa-gfs-bdp-pds.s3.amazonaws.com/gfs.20221125/18/atmos/gfs.t18z.pgrb2.0p25.f024.idx,6270c9a9798d6da38dcf13cef2eeb17f1419e6841d28417becba834be5304268,DPT,2 m above ground,24 hour fcst,2022-11-25,18,24,DSM:2022-11-26,2026-09-23T19:57:24Z,537764,c5d7815297ed47bbf111bec28c4b42f4d190c87f50450e090f2bd3a633bb4acd
gfs_20221125_t18z_f024_DSWRF_surface.grib2,https://noaa-gfs-bdp-pds.s3.amazonaws.com/gfs.20221125/18/atmos/gfs.t18z.pgrb2.0p25.f024,463414320-464325927,https://noaa-gfs-bdp-pds.s3.amazonaws.com/gfs.20221125/18/atmos/gfs.t18z.pgrb2.0p25.f024.idx,6270c9a9798d6da38dcf13cef2eeb17f1419e6841d28417becba834be5304268,DSWRF,surface,18-24 hour ave fcst,2022-11-25,18,24,DSM:2022-11-26,2026-09-23T19:57:24Z,911608,23bd04b466bf2687af98fb4ea2e3e852ec535fb8b1f623f22d836f802651dc67
gfs_20221125_t18z_f024_PRES_surface.grib2,https://noaa-gfs-bdp-pds.s3.amazonaws.com/gfs.20221125/18/atmos/gfs.t18z.pgrb2.0p25.f024,407999570-408834308,https://noaa-gfs-bdp-pds.s3.amazonaws.com/gfs.20221125/18/atmos/gfs.t18z.pgrb2.0p25.f024.idx,6270c9a9798d6da38dcf13cef2eeb17f1419e6841d28417becba834be5304268,PRES,surface,24 hour fcst,2022-11-25,18,24,DSM:2022-11-26,2026-09-23T19:57:24Z,834739,ce922271f82ec130b951a6c4390716ab0c8917fe54547f07cf6b5bbd93bbe12a
gfs_20221125_t18z_f024_PRMSL_meansealevel.grib2,https://noaa-gfs-bdp-pds.s3.amazonaws.com/gfs.20221125/18/atmos/gfs.t18z.pgrb2.0p25.f024,0-1000169,https://noaa-gfs-bdp-pds.s3.amazonaws.com/gfs.20221125/18/atmos/gfs.t18z.pgrb2.0p25.f024.idx,6270c9a9798d6da38dcf13cef2eeb17f1419e6841d28417becba834be5304268,PRMSL,mean sea level,24 hour fcst,2022-11-25,18,24,DSM:2022-11-26,2026-09-23T19:57:24Z,1000170,e8b12170b9e970008d6d1b2e2b766a9382ecf1d7def1f1b57014a20fead1c641
gfs_20221125_t18z_f024_RH_2maboveground.grib2,https://noaa-gfs-bdp-pds.s3.amazonaws.com/gfs.20221125/18/atmos/gfs.t18z.pgrb2.0p25.f024,419780534-420562819,https://noaa-gfs-bdp-pds.s3.amazonaws.com/gfs.20221125/18/atmos/gfs.t18z.pgrb2.0p25.f024.idx,6270c9a9798d6da38dcf13cef2eeb17f1419e6841d28417becba834be5304268,RH,2 m above ground,24 hour fcst,2022-11-25,18,24,DSM:2022-11-26,2026-09-23T19:57:24Z,782286,955d6e60f6228d950fe2d32f4e429ecae299ef6232debaa5899288286cf37cad
gfs_20221125_t18z_f024_SPFH_2maboveground.grib2,https://noaa-gfs-bdp-pds.s3.amazonaws.com/gfs.20221125/18/atmos/gfs.t18z.pgrb2.0p25.f024,418056900-419242769,https://noaa-gfs-bdp-pds.s3.amazonaws.com/gfs.20221125/18/atmos/gfs.t18z.pgrb2.0p25.f024.idx,6270c9a9798d6da38dcf13cef2eeb17f1419e6841d28417becba834be5304268,SPFH,2 m above ground,24 hour fcst,2022-11-25,18,24,DSM:2022-11-26,2026-09-23T19:57:26Z,1185870,44eadc7435956bae2270a87f25dc9d9a0126bd69531a035a61a2badaa53402f2
gfs_20221125_t18z_f024_TMP_700mb.grib2,https://noaa-gfs-bdp-pds.s3.amazonaws.com/gfs.20221125/18/atmos/gfs.t18z.pgrb2.0p25.f024,303251799-304016896,https://noaa-gfs-bdp-pds.s3.amazonaws.com/gfs.20221125/18/atmos/gfs.t18z.pgrb2.0p25.f024.idx,6270c9a9798d6da38dcf13cef2eeb17f1419e6841d28417becba834be5304268,TMP,700 mb,24 hour fcst,2022-11-25,18,24,DSM:2022-11-26,2026-09-23T19:57:26Z,765098,f064303e8ffd7f30ab23d060097fba4251080dcae28e906dabe7c6cf31b25fa9
gfs_20221125_t18z_f024_TMP_850mb.grib2,https://noaa-gfs-bdp-pds.s3.amazonaws.com/gfs.20221125/18/atmos/gfs.t18z.pgrb2.0p25.f024,337306858-338152198,https://noaa-gfs-bdp-pds.s3.amazonaws.com/gfs.20221125/18/atmos/gfs.t18z.pgrb2.0p25.f024.idx,6270c9a9798d6da38dcf13cef2eeb17f1419e6841d28417becba834be5304268,TMP,850 mb,24 hour fcst,2022-11-25,18,24,DSM:2022-11-26,2026-09-23T19:57:26Z,845341,e96e6b68b113f8b2ad2080d70406a95d198618efdd5c40494d042a57f182dd20
gfs_20221125_t18z_f024_TMP_925mb.grib2,https://noaa-gfs-bdp-pds.s3.amazonaws.com/gfs.20221125/18/atmos/gfs.t18z.pgrb2.0p25.f024,361672546-362529410,https://noaa-gfs-bdp-pds.s3.amazonaws.com/gfs.20221125/18/atmos/gfs.t18z.pgrb2.0p25.f024.idx,6270c9a9798d6da38dcf13cef2eeb17f1419e6841d28417becba834be5304268,TMP,925 mb,24 hour fcst,2022-11-25,18,24,DSM:2022-11-26,2026-09-23T19:57:26Z,856865,3a1044b1994b7a51de9c8a8c5055f2c5521846d8653d2c4c14ad4ea72748fef1
gfs_20221125_t18z_f026_DPT_2maboveground.grib2,https://noaa-gfs-bdp-pds.s3.amazonaws.com/gfs.20221125/18/atmos/gfs.t18z.pgrb2.0p25.f026,420572070-421105698,https://noaa-gfs-bdp-pds.s3.amazonaws.com/gfs.20221125/18/atmos/gfs.t18z.pgrb2.0p25.f026.idx,ec7323f32c6ecd66f09474c3be6457c3f2d8dc7f843b1fc20749f1cfa04c183e,DPT,2 m above ground,26 hour fcst,2022-11-25,18,26,RNO:2022-11-26,2026-09-23T19:57:26Z,533629,a6b28a7b40c84f9f02636162dd2fdca35fa2dd855af8c2775778a7b56cf4b9d9
gfs_20221125_t18z_f026_DSWRF_surface.grib2,https://noaa-gfs-bdp-pds.s3.amazonaws.com/gfs.20221125/18/atmos/gfs.t18z.pgrb2.0p25.f026,463313732-464109290,https://noaa-gfs-bdp-pds.s3.amazonaws.com/gfs.20221125/18/atmos/gfs.t18z.pgrb2.0p25.f026.idx,ec7323f32c6ecd66f09474c3be6457c3f2d8dc7f843b1fc20749f1cfa04c183e,DSWRF,surface,24-26 hour ave fcst,2022-11-25,18,26,RNO:2022-11-26,2026-09-23T19:57:26Z,795559,e501a47f7455dda54ee5ad92c7cd2cf08715532df70e6a8021aea301a0e800b7
gfs_20221125_t18z_f026_PRES_surface.grib2,https://noaa-gfs-bdp-pds.s3.amazonaws.com/gfs.20221125/18/atmos/gfs.t18z.pgrb2.0p25.f026,409475515-410309526,https://noaa-gfs-bdp-pds.s3.amazonaws.com/gfs.20221125/18/atmos/gfs.t18z.pgrb2.0p25.f026.idx,ec7323f32c6ecd66f09474c3be6457c3f2d8dc7f843b1fc20749f1cfa04c183e,PRES,surface,26 hour fcst,2022-11-25,18,26,RNO:2022-11-26,2026-09-23T19:57:26Z,834012,4e88522645f891ddfc982116ffdb95f7cf2b52665ead28c606a0169df171d88b
gfs_20221125_t18z_f026_PRMSL_meansealevel.grib2,https://noaa-gfs-bdp-pds.s3.amazonaws.com/gfs.20221125/18/atmos/gfs.t18z.pgrb2.0p25.f026,0-998471,https://noaa-gfs-bdp-pds.s3.amazonaws.com/gfs.20221125/18/atmos/gfs.t18z.pgrb2.0p25.f026.idx,ec7323f32c6ecd66f09474c3be6457c3f2d8dc7f843b1fc20749f1cfa04c183e,PRMSL,mean sea level,26 hour fcst,2022-11-25,18,26,RNO:2022-11-26,2026-09-23T19:57:27Z,998472,50b7a15749b3a2b655aaf8862ab7c8e8ecf0422f1f79e294946c9261a472658a
gfs_20221125_t18z_f026_RH_2maboveground.grib2,https://noaa-gfs-bdp-pds.s3.amazonaws.com/gfs.20221125/18/atmos/gfs.t18z.pgrb2.0p25.f026,421105699-421887858,https://noaa-gfs-bdp-pds.s3.amazonaws.com/gfs.20221125/18/atmos/gfs.t18z.pgrb2.0p25.f026.idx,ec7323f32c6ecd66f09474c3be6457c3f2d8dc7f843b1fc20749f1cfa04c183e,RH,2 m above ground,26 hour fcst,2022-11-25,18,26,RNO:2022-11-26,2026-09-23T19:57:27Z,782160,c2ecd8dd2e17fc3f5b5ce7172672fb9df41ef66465f03d316f33b35f44db3ccd
gfs_20221125_t18z_f026_SPFH_2maboveground.grib2,https://noaa-gfs-bdp-pds.s3.amazonaws.com/gfs.20221125/18/atmos/gfs.t18z.pgrb2.0p25.f026,419385591-420572069,https://noaa-gfs-bdp-pds.s3.amazonaws.com/gfs.20221125/18/atmos/gfs.t18z.pgrb2.0p25.f026.idx,ec7323f32c6ecd66f09474c3be6457c3f2d8dc7f843b1fc20749f1cfa04c183e,SPFH,2 m above ground,26 hour fcst,2022-11-25,18,26,RNO:2022-11-26,2026-09-23T19:57:28Z,1186479,249467f20db600d0db1d1480e02dc56fe86eb88a7a09d8426fa415a62cfe67a6
gfs_20221125_t18z_f026_TMP_700mb.grib2,https://noaa-gfs-bdp-pds.s3.amazonaws.com/gfs.20221125/18/atmos/gfs.t18z.pgrb2.0p25.f026,304752108-305515798,https://noaa-gfs-bdp-pds.s3.amazonaws.com/gfs.20221125/18/atmos/gfs.t18z.pgrb2.0p25.f026.idx,ec7323f32c6ecd66f09474c3be6457c3f2d8dc7f843b1fc20749f1cfa04c183e,TMP,700 mb,26 hour fcst,2022-11-25,18,26,RNO:2022-11-26,2026-09-23T19:57:27Z,763691,4f8b6a688a09e5b8c92b6db1494bfa9d3a8ffe569f283796d0572e4502593da2
gfs_20221125_t18z_f026_TMP_850mb.grib2,https://noaa-gfs-bdp-pds.s3.amazonaws.com/gfs.20221125/18/atmos/gfs.t18z.pgrb2.0p25.f026,338723008-339566053,https://noaa-gfs-bdp-pds.s3.amazonaws.com/gfs.20221125/18/atmos/gfs.t18z.pgrb2.0p25.f026.idx,ec7323f32c6ecd66f09474c3be6457c3f2d8dc7f843b1fc20749f1cfa04c183e,TMP,850 mb,26 hour fcst,2022-11-25,18,26,RNO:2022-11-26,2026-09-23T19:57:28Z,843046,10759c11b2264109e7ce73b99e729442a8b7400231c207dd8dea9391625f8ba7
gfs_20221125_t18z_f026_TMP_925mb.grib2,https://noaa-gfs-bdp-pds.s3.amazonaws.com/gfs.20221125/18/atmos/gfs.t18z.pgrb2.0p25.f026,363005515-363860907,https://noaa-gfs-bdp-pds.s3.amazonaws.com/gfs.20221125/18/atmos/gfs.t18z.pgrb2.0p25.f026.idx,ec7323f32c6ecd66f09474c3be6457c3f2d8dc7f843b1fc20749f1cfa04c183e,TMP,925 mb,26 hour fcst,2022-11-25,18,26,RNO:2022-11-26,2026-09-23T19:57:27Z,855393,b9f3a94140554ebb4ff037dc6f0a4a522a24b5155ea64a51bc5f2f06cebbb007
gfs_20240730_t00z_f023_PRMSL_meansealevel.grib2,https://noaa-gfs-bdp-pds.s3.amazonaws.com/gfs.20240730/00/atmos/gfs.t00z.pgrb2.0p25.f023,0-876720,https://noaa-gfs-bdp-pds.s3.amazonaws.com/gfs.20240730/00/atmos/gfs.t00z.pgrb2.0p25.f023.idx,b9f18aa73bf03be1b489f39ef753a2e026f85e3e4551d690be0db6a1935e8a83,PRMSL,mean sea level,23 hour fcst,2024-07-30,0,23,YSDU:2024-07-31,2026-09-23T19:57:27Z,876721,6010c40b901ad917311dc2093e083087683a864aaebd63adf06704d4fa30c472
gfs_20240730_t00z_f026_DPT_2maboveground.grib2,https://noaa-gfs-bdp-pds.s3.amazonaws.com/gfs.20240730/00/atmos/gfs.t00z.pgrb2.0p25.f026,415826472-416354635,https://noaa-gfs-bdp-pds.s3.amazonaws.com/gfs.20240730/00/atmos/gfs.t00z.pgrb2.0p25.f026.idx,38a7a96a729b3d8bfae700614ecbfe31c4ddbdacd1f6459d5828d6fd25be3a30,DPT,2 m above ground,26 hour fcst,2024-07-30,0,26,YSDU:2024-07-31,2026-09-23T19:57:27Z,528164,3eecb5f8d197f825493cee014974358ee4c64a8c575b0609b5138eb795dd67f6
gfs_20240730_t00z_f026_DSWRF_surface.grib2,https://noaa-gfs-bdp-pds.s3.amazonaws.com/gfs.20240730/00/atmos/gfs.t00z.pgrb2.0p25.f026,457890080-458730086,https://noaa-gfs-bdp-pds.s3.amazonaws.com/gfs.20240730/00/atmos/gfs.t00z.pgrb2.0p25.f026.idx,38a7a96a729b3d8bfae700614ecbfe31c4ddbdacd1f6459d5828d6fd25be3a30,DSWRF,surface,24-26 hour ave fcst,2024-07-30,0,26,YSDU:2024-07-31,2026-09-23T19:57:28Z,840007,b2619de1817c6b6a69cccb2dc279fac3b8abb7734cad463f82d85c8bf116ff7f
gfs_20240730_t00z_f026_PRES_surface.grib2,https://noaa-gfs-bdp-pds.s3.amazonaws.com/gfs.20240730/00/atmos/gfs.t00z.pgrb2.0p25.f026,405772451-406608152,https://noaa-gfs-bdp-pds.s3.amazonaws.com/gfs.20240730/00/atmos/gfs.t00z.pgrb2.0p25.f026.idx,38a7a96a729b3d8bfae700614ecbfe31c4ddbdacd1f6459d5828d6fd25be3a30,PRES,surface,26 hour fcst,2024-07-30,0,26,YSDU:2024-07-31,2026-09-23T19:57:28Z,835702,72cdd0a2297960366eb47bd5aea7c3287309c30f9e4bb8bb205454d71ab46d3b
gfs_20240730_t00z_f026_PRMSL_meansealevel.grib2,https://noaa-gfs-bdp-pds.s3.amazonaws.com/gfs.20240730/00/atmos/gfs.t00z.pgrb2.0p25.f026,0-875557,https://noaa-gfs-bdp-pds.s3.amazonaws.com/gfs.20240730/00/atmos/gfs.t00z.pgrb2.0p25.f026.idx,38a7a96a729b3d8bfae700614ecbfe31c4ddbdacd1f6459d5828d6fd25be3a30,PRMSL,mean sea level,26 hour fcst,2024-07-30,0,26,YSDU:2024-07-31,2026-09-23T19:57:29Z,875558,2af484210c1c34d69dcf6c159158cc35ab173cd3a7c12cb6010684eff15187d2
gfs_20240730_t00z_f026_RH_2maboveground.grib2,https://noaa-gfs-bdp-pds.s3.amazonaws.com/gfs.20240730/00/atmos/gfs.t00z.pgrb2.0p25.f026,416354636-417142363,https://noaa-gfs-bdp-pds.s3.amazonaws.com/gfs.20240730/00/atmos/gfs.t00z.pgrb2.0p25.f026.idx,38a7a96a729b3d8bfae700614ecbfe31c4ddbdacd1f6459d5828d6fd25be3a30,RH,2 m above ground,26 hour fcst,2024-07-30,0,26,YSDU:2024-07-31,2026-09-23T19:57:28Z,787728,f583c70de50991656e5721bba95f181a6f6a5b5753e0a5f3d44c349c278be775
gfs_20240730_t00z_f026_SPFH_2maboveground.grib2,https://noaa-gfs-bdp-pds.s3.amazonaws.com/gfs.20240730/00/atmos/gfs.t00z.pgrb2.0p25.f026,414597377-415826471,https://noaa-gfs-bdp-pds.s3.amazonaws.com/gfs.20240730/00/atmos/gfs.t00z.pgrb2.0p25.f026.idx,38a7a96a729b3d8bfae700614ecbfe31c4ddbdacd1f6459d5828d6fd25be3a30,SPFH,2 m above ground,26 hour fcst,2024-07-30,0,26,YSDU:2024-07-31,2026-09-23T19:57:29Z,1229095,bcd798093104c58fde377691a5acec5e376763a1965b615a356d7915f9569a39
gfs_20240730_t00z_f026_TMP_700mb.grib2,https://noaa-gfs-bdp-pds.s3.amazonaws.com/gfs.20240730/00/atmos/gfs.t00z.pgrb2.0p25.f026,301943910-302717601,https://noaa-gfs-bdp-pds.s3.amazonaws.com/gfs.20240730/00/atmos/gfs.t00z.pgrb2.0p25.f026.idx,38a7a96a729b3d8bfae700614ecbfe31c4ddbdacd1f6459d5828d6fd25be3a30,TMP,700 mb,26 hour fcst,2024-07-30,0,26,YSDU:2024-07-31,2026-09-23T19:57:29Z,773692,0009d2d76b6b2363ada35881f7e1dbbc77fd63bfafd502cf6f0cd7f137968337
gfs_20240730_t00z_f026_TMP_850mb.grib2,https://noaa-gfs-bdp-pds.s3.amazonaws.com/gfs.20240730/00/atmos/gfs.t00z.pgrb2.0p25.f026,336149682-337003549,https://noaa-gfs-bdp-pds.s3.amazonaws.com/gfs.20240730/00/atmos/gfs.t00z.pgrb2.0p25.f026.idx,38a7a96a729b3d8bfae700614ecbfe31c4ddbdacd1f6459d5828d6fd25be3a30,TMP,850 mb,26 hour fcst,2024-07-30,0,26,YSDU:2024-07-31,2026-09-23T19:57:29Z,853868,4ed3bed6ad8dd091b16757d526d448c5943b43c730b8c37db31d3857d611d0ba
gfs_20240730_t00z_f026_TMP_925mb.grib2,https://noaa-gfs-bdp-pds.s3.amazonaws.com/gfs.20240730/00/atmos/gfs.t00z.pgrb2.0p25.f026,360151366-361025356,https://noaa-gfs-bdp-pds.s3.amazonaws.com/gfs.20240730/00/atmos/gfs.t00z.pgrb2.0p25.f026.idx,38a7a96a729b3d8bfae700614ecbfe31c4ddbdacd1f6459d5828d6fd25be3a30,TMP,925 mb,26 hour fcst,2024-07-30,0,26,YSDU:2024-07-31,2026-09-23T19:57:30Z,873991,adbacd81809f2bae25bfaced01688031f4a3440d9242364f41c8bf52d05c164a
gfs_20240730_t12z_f021_PRMSL_meansealevel.grib2,https://noaa-gfs-bdp-pds.s3.amazonaws.com/gfs.20240730/12/atmos/gfs.t12z.pgrb2.0p25.f021,0-880686,https://noaa-gfs-bdp-pds.s3.amazonaws.com/gfs.20240730/12/atmos/gfs.t12z.pgrb2.0p25.f021.idx,63ebab5503080c76855c20be77ac1439ccd97aa1658fce50ff1b3cd81b93c937,PRMSL,mean sea level,21 hour fcst,2024-07-30,12,21,EGLC:2024-07-31 LFPG:2024-07-31,2026-09-23T19:57:30Z,880687,76ad67ab9d3664162a4195ccd01975bda0d0b1045e5c257c22d7ef5e2d76b70d
gfs_20240730_t12z_f022_DSWRF_surface.grib2,https://noaa-gfs-bdp-pds.s3.amazonaws.com/gfs.20240730/12/atmos/gfs.t12z.pgrb2.0p25.f022,464830004-465704157,https://noaa-gfs-bdp-pds.s3.amazonaws.com/gfs.20240730/12/atmos/gfs.t12z.pgrb2.0p25.f022.idx,2f1faa344126d02a0d0d6a6e5c542b1e8f4c7c6b4881625738faa32aa7fa0c09,DSWRF,surface,18-22 hour ave fcst,2024-07-30,12,22,EGLC:2024-07-31 LFPG:2024-07-31,2026-09-23T19:57:30Z,874154,f3247c7edcf717a8450a615dffff62ab89ca6ed4783f214abae5773f2f813b91
gfs_20240730_t12z_f024_DPT_2maboveground.grib2,https://noaa-gfs-bdp-pds.s3.amazonaws.com/gfs.20240730/12/atmos/gfs.t12z.pgrb2.0p25.f024,419430511-419962670,https://noaa-gfs-bdp-pds.s3.amazonaws.com/gfs.20240730/12/atmos/gfs.t12z.pgrb2.0p25.f024.idx,40b3429948c6593a993055c2c2572e305153f99a6bc48f4d202e173f6e095c7a,DPT,2 m above ground,24 hour fcst,2024-07-30,12,24,EGLC:2024-07-31 LFPG:2024-07-31,2026-09-23T19:57:30Z,532160,a2543db5a7252da6548f5863df1ef53450e79d1c775a232db9e485a994da12f0
gfs_20240730_t12z_f024_DSWRF_surface.grib2,https://noaa-gfs-bdp-pds.s3.amazonaws.com/gfs.20240730/12/atmos/gfs.t12z.pgrb2.0p25.f024,463728043-464697384,https://noaa-gfs-bdp-pds.s3.amazonaws.com/gfs.20240730/12/atmos/gfs.t12z.pgrb2.0p25.f024.idx,40b3429948c6593a993055c2c2572e305153f99a6bc48f4d202e173f6e095c7a,DSWRF,surface,18-24 hour ave fcst,2024-07-30,12,24,EGLC:2024-07-31 LFPG:2024-07-31,2026-09-23T19:57:30Z,969342,5525f3974b115f2b1c47415cc4597e2ed2a465f4ca66b9e7ee38090ee338d211
gfs_20240730_t12z_f024_PRES_surface.grib2,https://noaa-gfs-bdp-pds.s3.amazonaws.com/gfs.20240730/12/atmos/gfs.t12z.pgrb2.0p25.f024,409335466-410171264,https://noaa-gfs-bdp-pds.s3.amazonaws.com/gfs.20240730/12/atmos/gfs.t12z.pgrb2.0p25.f024.idx,40b3429948c6593a993055c2c2572e305153f99a6bc48f4d202e173f6e095c7a,PRES,surface,24 hour fcst,2024-07-30,12,24,EGLC:2024-07-31 LFPG:2024-07-31,2026-09-23T19:57:30Z,835799,84e110aac21a8a2b348bdc445943e99b1c237f0abb198c49e82df08300c99ddb
gfs_20240730_t12z_f024_PRMSL_meansealevel.grib2,https://noaa-gfs-bdp-pds.s3.amazonaws.com/gfs.20240730/12/atmos/gfs.t12z.pgrb2.0p25.f024,0-886535,https://noaa-gfs-bdp-pds.s3.amazonaws.com/gfs.20240730/12/atmos/gfs.t12z.pgrb2.0p25.f024.idx,40b3429948c6593a993055c2c2572e305153f99a6bc48f4d202e173f6e095c7a,PRMSL,mean sea level,24 hour fcst,2024-07-30,12,24,EGLC:2024-07-31 LFPG:2024-07-31,2026-09-23T19:57:30Z,886536,ce2cb95b8a2077834746f044ee720014929b068f91200e4cb61fbc213030f1f3
gfs_20240730_t12z_f024_RH_2maboveground.grib2,https://noaa-gfs-bdp-pds.s3.amazonaws.com/gfs.20240730/12/atmos/gfs.t12z.pgrb2.0p25.f024,419962671-420750983,https://noaa-gfs-bdp-pds.s3.amazonaws.com/gfs.20240730/12/atmos/gfs.t12z.pgrb2.0p25.f024.idx,40b3429948c6593a993055c2c2572e305153f99a6bc48f4d202e173f6e095c7a,RH,2 m above ground,24 hour fcst,2024-07-30,12,24,EGLC:2024-07-31 LFPG:2024-07-31,2026-09-23T19:57:31Z,788313,662ea35032c187054710082af798f9aca70219a13b7341a51d4f0b8e38c1f53a
gfs_20240730_t12z_f024_SPFH_2maboveground.grib2,https://noaa-gfs-bdp-pds.s3.amazonaws.com/gfs.20240730/12/atmos/gfs.t12z.pgrb2.0p25.f024,418196570-419430510,https://noaa-gfs-bdp-pds.s3.amazonaws.com/gfs.20240730/12/atmos/gfs.t12z.pgrb2.0p25.f024.idx,40b3429948c6593a993055c2c2572e305153f99a6bc48f4d202e173f6e095c7a,SPFH,2 m above ground,24 hour fcst,2024-07-30,12,24,EGLC:2024-07-31 LFPG:2024-07-31,2026-09-23T19:57:31Z,1233941,d20c1be4ba9de34da999ab6702bc3c7677fee9e8512124e6f8ac4ae5b746f11d
gfs_20240730_t12z_f024_TMP_700mb.grib2,https://noaa-gfs-bdp-pds.s3.amazonaws.com/gfs.20240730/12/atmos/gfs.t12z.pgrb2.0p25.f024,304262246-305050026,https://noaa-gfs-bdp-pds.s3.amazonaws.com/gfs.20240730/12/atmos/gfs.t12z.pgrb2.0p25.f024.idx,40b3429948c6593a993055c2c2572e305153f99a6bc48f4d202e173f6e095c7a,TMP,700 mb,24 hour fcst,2024-07-30,12,24,EGLC:2024-07-31 LFPG:2024-07-31,2026-09-23T19:57:31Z,787781,0eab92066883f589852e814d83a0b1ef6df6b283ee14031606a5fecd6c04a119
gfs_20240730_t12z_f024_TMP_850mb.grib2,https://noaa-gfs-bdp-pds.s3.amazonaws.com/gfs.20240730/12/atmos/gfs.t12z.pgrb2.0p25.f024,338972832-339831660,https://noaa-gfs-bdp-pds.s3.amazonaws.com/gfs.20240730/12/atmos/gfs.t12z.pgrb2.0p25.f024.idx,40b3429948c6593a993055c2c2572e305153f99a6bc48f4d202e173f6e095c7a,TMP,850 mb,24 hour fcst,2024-07-30,12,24,EGLC:2024-07-31 LFPG:2024-07-31,2026-09-23T19:57:32Z,858829,136e7a11759fc11c77d1b04389c1d9adb473f0139c16de35af06c0cf84974eb5
gfs_20240730_t12z_f024_TMP_925mb.grib2,https://noaa-gfs-bdp-pds.s3.amazonaws.com/gfs.20240730/12/atmos/gfs.t12z.pgrb2.0p25.f024,363224276-364104737,https://noaa-gfs-bdp-pds.s3.amazonaws.com/gfs.20240730/12/atmos/gfs.t12z.pgrb2.0p25.f024.idx,40b3429948c6593a993055c2c2572e305153f99a6bc48f4d202e173f6e095c7a,TMP,925 mb,24 hour fcst,2024-07-30,12,24,EGLC:2024-07-31 LFPG:2024-07-31,2026-09-23T19:57:32Z,880462,14d5ed801b0f334efb06c5653f5f265661e10209e59e0d67ffd8b148c420fa25
gfs_20240730_t18z_f021_PRMSL_meansealevel.grib2,https://noaa-gfs-bdp-pds.s3.amazonaws.com/gfs.20240730/18/atmos/gfs.t18z.pgrb2.0p25.f021,0-887958,https://noaa-gfs-bdp-pds.s3.amazonaws.com/gfs.20240730/18/atmos/gfs.t18z.pgrb2.0p25.f021.idx,f81657afeff4945e31af8cb19166de375b0f965252f35fb251a04946247698df,PRMSL,mean sea level,21 hour fcst,2024-07-30,18,21,DSM:2024-07-31,2026-09-23T19:57:32Z,887959,b0be638c8c19fd1520efdf21e72e1dde8faec440a3b8198019e86df995fbe4da
gfs_20240730_t18z_f022_DSWRF_surface.grib2,https://noaa-gfs-bdp-pds.s3.amazonaws.com/gfs.20240730/18/atmos/gfs.t18z.pgrb2.0p25.f022,461924846-462819900,https://noaa-gfs-bdp-pds.s3.amazonaws.com/gfs.20240730/18/atmos/gfs.t18z.pgrb2.0p25.f022.idx,76e18743914847af2807b4dfe20f02b713e0da5be277e22f8356966c90780cf5,DSWRF,surface,18-22 hour ave fcst,2024-07-30,18,22,DSM:2024-07-31,2026-09-23T19:57:32Z,895055,30d6f73b8a2873a92d842d07f532f1716f56a2d12670f5d088da3d8171e25f51
gfs_20240730_t18z_f023_PRMSL_meansealevel.grib2,https://noaa-gfs-bdp-pds.s3.amazonaws.com/gfs.20240730/18/atmos/gfs.t18z.pgrb2.0p25.f023,0-889190,https://noaa-gfs-bdp-pds.s3.amazonaws.com/gfs.20240730/18/atmos/gfs.t18z.pgrb2.0p25.f023.idx,8918f205ed690ab9c3ad1716ff1217ac3782f6fa40a5d6e373d5d66d5c16e3cf,PRMSL,mean sea level,23 hour fcst,2024-07-30,18,23,RNO:2024-07-31,2026-09-23T19:57:32Z,889191,47535e7f58ae459b210117a9ff1436c8e19e9deb062ce2730c96bdd33acb288f
gfs_20240730_t18z_f024_DPT_2maboveground.grib2,https://noaa-gfs-bdp-pds.s3.amazonaws.com/gfs.20240730/18/atmos/gfs.t18z.pgrb2.0p25.f024,418779800-419312307,https://noaa-gfs-bdp-pds.s3.amazonaws.com/gfs.20240730/18/atmos/gfs.t18z.pgrb2.0p25.f024.idx,8d1e75c3e700919384b83d0204ba1685e262f8267bdd84674b997f9745d6a3e8,DPT,2 m above ground,24 hour fcst,2024-07-30,18,24,DSM:2024-07-31,2026-09-23T19:57:32Z,532508,36e46847805a69dce79f2cc6e5e1cb51bb4f4693444dd7a4edfba1bd6aab70d5
gfs_20240730_t18z_f024_DSWRF_surface.grib2,https://noaa-gfs-bdp-pds.s3.amazonaws.com/gfs.20240730/18/atmos/gfs.t18z.pgrb2.0p25.f024,462728174-463697596,https://noaa-gfs-bdp-pds.s3.amazonaws.com/gfs.20240730/18/atmos/gfs.t18z.pgrb2.0p25.f024.idx,8d1e75c3e700919384b83d0204ba1685e262f8267bdd84674b997f9745d6a3e8,DSWRF,surface,18-24 hour ave fcst,2024-07-30,18,24,DSM:2024-07-31,2026-09-23T19:57:32Z,969423,fb362b7e2748d758120cb91d995bdee3bd03035ff6597fae43eea6022da6bada
gfs_20240730_t18z_f024_PRES_surface.grib2,https://noaa-gfs-bdp-pds.s3.amazonaws.com/gfs.20240730/18/atmos/gfs.t18z.pgrb2.0p25.f024,408685284-409522127,https://noaa-gfs-bdp-pds.s3.amazonaws.com/gfs.20240730/18/atmos/gfs.t18z.pgrb2.0p25.f024.idx,8d1e75c3e700919384b83d0204ba1685e262f8267bdd84674b997f9745d6a3e8,PRES,surface,24 hour fcst,2024-07-30,18,24,DSM:2024-07-31,2026-09-23T19:57:32Z,836844,408754816b2b93f3179bf2c59cda6c1e1aee1223eadc789c88fcfdb180b909be
gfs_20240730_t18z_f024_PRMSL_meansealevel.grib2,https://noaa-gfs-bdp-pds.s3.amazonaws.com/gfs.20240730/18/atmos/gfs.t18z.pgrb2.0p25.f024,0-885682,https://noaa-gfs-bdp-pds.s3.amazonaws.com/gfs.20240730/18/atmos/gfs.t18z.pgrb2.0p25.f024.idx,8d1e75c3e700919384b83d0204ba1685e262f8267bdd84674b997f9745d6a3e8,PRMSL,mean sea level,24 hour fcst,2024-07-30,18,24,DSM:2024-07-31,2026-09-23T19:57:33Z,885683,0ffc8910f2d14f3ac7465edb648e63fbf2843a91fe2e8f6e631d4081266d14c5
gfs_20240730_t18z_f024_RH_2maboveground.grib2,https://noaa-gfs-bdp-pds.s3.amazonaws.com/gfs.20240730/18/atmos/gfs.t18z.pgrb2.0p25.f024,419312308-420102733,https://noaa-gfs-bdp-pds.s3.amazonaws.com/gfs.20240730/18/atmos/gfs.t18z.pgrb2.0p25.f024.idx,8d1e75c3e700919384b83d0204ba1685e262f8267bdd84674b997f9745d6a3e8,RH,2 m above ground,24 hour fcst,2024-07-30,18,24,DSM:2024-07-31,2026-09-23T19:57:33Z,790426,74f7f07ad016291ec788b127a6f0912a854f0ebf032512719c715194328e2c90
gfs_20240730_t18z_f024_SPFH_2maboveground.grib2,https://noaa-gfs-bdp-pds.s3.amazonaws.com/gfs.20240730/18/atmos/gfs.t18z.pgrb2.0p25.f024,417545560-418779799,https://noaa-gfs-bdp-pds.s3.amazonaws.com/gfs.20240730/18/atmos/gfs.t18z.pgrb2.0p25.f024.idx,8d1e75c3e700919384b83d0204ba1685e262f8267bdd84674b997f9745d6a3e8,SPFH,2 m above ground,24 hour fcst,2024-07-30,18,24,DSM:2024-07-31,2026-09-23T19:57:34Z,1234240,10badf6466b3ac22e700ba08d53f666400439768b0b06efa985df174c714f684
gfs_20240730_t18z_f024_TMP_700mb.grib2,https://noaa-gfs-bdp-pds.s3.amazonaws.com/gfs.20240730/18/atmos/gfs.t18z.pgrb2.0p25.f024,302907912-303690864,https://noaa-gfs-bdp-pds.s3.amazonaws.com/gfs.20240730/18/atmos/gfs.t18z.pgrb2.0p25.f024.idx,8d1e75c3e700919384b83d0204ba1685e262f8267bdd84674b997f9745d6a3e8,TMP,700 mb,24 hour fcst,2024-07-30,18,24,DSM:2024-07-31,2026-09-23T19:57:33Z,782953,a52cb40e13e635767c2cbde5252ebd2c876ba2b07ca98f4f768a76600514975f
gfs_20240730_t18z_f024_TMP_850mb.grib2,https://noaa-gfs-bdp-pds.s3.amazonaws.com/gfs.20240730/18/atmos/gfs.t18z.pgrb2.0p25.f024,337674643-338533269,https://noaa-gfs-bdp-pds.s3.amazonaws.com/gfs.20240730/18/atmos/gfs.t18z.pgrb2.0p25.f024.idx,8d1e75c3e700919384b83d0204ba1685e262f8267bdd84674b997f9745d6a3e8,TMP,850 mb,24 hour fcst,2024-07-30,18,24,DSM:2024-07-31,2026-09-23T19:57:34Z,858627,82f6146dca0a2399398db8b5fc58628bc6a13ca74bd4c1c07b1c91611c2f6ce4
gfs_20240730_t18z_f024_TMP_925mb.grib2,https://noaa-gfs-bdp-pds.s3.amazonaws.com/gfs.20240730/18/atmos/gfs.t18z.pgrb2.0p25.f024,361929446-362805494,https://noaa-gfs-bdp-pds.s3.amazonaws.com/gfs.20240730/18/atmos/gfs.t18z.pgrb2.0p25.f024.idx,8d1e75c3e700919384b83d0204ba1685e262f8267bdd84674b997f9745d6a3e8,TMP,925 mb,24 hour fcst,2024-07-30,18,24,DSM:2024-07-31,2026-09-23T19:57:33Z,876049,9dbfd10b3e8e3a8f366e92facac1efad3b2895b3b8536bc65dfcc7a435ad774d
gfs_20240730_t18z_f026_DPT_2maboveground.grib2,https://noaa-gfs-bdp-pds.s3.amazonaws.com/gfs.20240730/18/atmos/gfs.t18z.pgrb2.0p25.f026,420619079-421151665,https://noaa-gfs-bdp-pds.s3.amazonaws.com/gfs.20240730/18/atmos/gfs.t18z.pgrb2.0p25.f026.idx,87ee2a954c3f69cbe5053a54074eba20254dd998fb8ba27af280e148ac30a016,DPT,2 m above ground,26 hour fcst,2024-07-30,18,26,RNO:2024-07-31,2026-09-23T19:57:33Z,532587,42eb2ac2272df78ea1df85a8a4b55682ed5c9699682799e0a1c336256824e168
gfs_20240730_t18z_f026_DSWRF_surface.grib2,https://noaa-gfs-bdp-pds.s3.amazonaws.com/gfs.20240730/18/atmos/gfs.t18z.pgrb2.0p25.f026,462558786-463374737,https://noaa-gfs-bdp-pds.s3.amazonaws.com/gfs.20240730/18/atmos/gfs.t18z.pgrb2.0p25.f026.idx,87ee2a954c3f69cbe5053a54074eba20254dd998fb8ba27af280e148ac30a016,DSWRF,surface,24-26 hour ave fcst,2024-07-30,18,26,RNO:2024-07-31,2026-09-23T19:57:34Z,815952,880980c65d50d60afdc9422d74d13e6d0437c0448101f10e3ad72b42575bfed6
gfs_20240730_t18z_f026_PRES_surface.grib2,https://noaa-gfs-bdp-pds.s3.amazonaws.com/gfs.20240730/18/atmos/gfs.t18z.pgrb2.0p25.f026,410555770-411391979,https://noaa-gfs-bdp-pds.s3.amazonaws.com/gfs.20240730/18/atmos/gfs.t18z.pgrb2.0p25.f026.idx,87ee2a954c3f69cbe5053a54074eba20254dd998fb8ba27af280e148ac30a016,PRES,surface,26 hour fcst,2024-07-30,18,26,RNO:2024-07-31,2026-09-23T19:57:34Z,836210,e97ebf6e36447a732e09166b99ac7262e4c8aaf7c33a028393b2128abd30c2eb
gfs_20240730_t18z_f026_PRMSL_meansealevel.grib2,https://noaa-gfs-bdp-pds.s3.amazonaws.com/gfs.20240730/18/atmos/gfs.t18z.pgrb2.0p25.f026,0-884739,https://noaa-gfs-bdp-pds.s3.amazonaws.com/gfs.20240730/18/atmos/gfs.t18z.pgrb2.0p25.f026.idx,87ee2a954c3f69cbe5053a54074eba20254dd998fb8ba27af280e148ac30a016,PRMSL,mean sea level,26 hour fcst,2024-07-30,18,26,RNO:2024-07-31,2026-09-23T19:57:35Z,884740,c8c92b87971862303d03576a72219bbdb7b150e3ca0fce6ff1a08e5e944f21e0
gfs_20240730_t18z_f026_RH_2maboveground.grib2,https://noaa-gfs-bdp-pds.s3.amazonaws.com/gfs.20240730/18/atmos/gfs.t18z.pgrb2.0p25.f026,421151666-421943369,https://noaa-gfs-bdp-pds.s3.amazonaws.com/gfs.20240730/18/atmos/gfs.t18z.pgrb2.0p25.f026.idx,87ee2a954c3f69cbe5053a54074eba20254dd998fb8ba27af280e148ac30a016,RH,2 m above ground,26 hour fcst,2024-07-30,18,26,RNO:2024-07-31,2026-09-23T19:57:34Z,791704,1dbc954e231fd1cbeee572ed3a603a9ba2feaab30471c5a164fe649ee5bca735
gfs_20240730_t18z_f026_SPFH_2maboveground.grib2,https://noaa-gfs-bdp-pds.s3.amazonaws.com/gfs.20240730/18/atmos/gfs.t18z.pgrb2.0p25.f026,419385138-420619078,https://noaa-gfs-bdp-pds.s3.amazonaws.com/gfs.20240730/18/atmos/gfs.t18z.pgrb2.0p25.f026.idx,87ee2a954c3f69cbe5053a54074eba20254dd998fb8ba27af280e148ac30a016,SPFH,2 m above ground,26 hour fcst,2024-07-30,18,26,RNO:2024-07-31,2026-09-23T19:57:35Z,1233941,b3184f98851307cfc71a6341cffd5cff3934893cccaca453408891ef07770ab0
gfs_20240730_t18z_f026_TMP_700mb.grib2,https://noaa-gfs-bdp-pds.s3.amazonaws.com/gfs.20240730/18/atmos/gfs.t18z.pgrb2.0p25.f026,304819497-305602912,https://noaa-gfs-bdp-pds.s3.amazonaws.com/gfs.20240730/18/atmos/gfs.t18z.pgrb2.0p25.f026.idx,87ee2a954c3f69cbe5053a54074eba20254dd998fb8ba27af280e148ac30a016,TMP,700 mb,26 hour fcst,2024-07-30,18,26,RNO:2024-07-31,2026-09-23T19:57:36Z,783416,dc68afaa3a19a4c5452e63e913f4a4e81a436580476e120c4af809acc307be5b
gfs_20240730_t18z_f026_TMP_850mb.grib2,https://noaa-gfs-bdp-pds.s3.amazonaws.com/gfs.20240730/18/atmos/gfs.t18z.pgrb2.0p25.f026,339669383-340526805,https://noaa-gfs-bdp-pds.s3.amazonaws.com/gfs.20240730/18/atmos/gfs.t18z.pgrb2.0p25.f026.idx,87ee2a954c3f69cbe5053a54074eba20254dd998fb8ba27af280e148ac30a016,TMP,850 mb,26 hour fcst,2024-07-30,18,26,RNO:2024-07-31,2026-09-23T19:57:36Z,857423,d79237e5046fefa24fbafce9b7fd18bc641f54002191479170f000698fcccb6f
gfs_20240730_t18z_f026_TMP_925mb.grib2,https://noaa-gfs-bdp-pds.s3.amazonaws.com/gfs.20240730/18/atmos/gfs.t18z.pgrb2.0p25.f026,363963477-364839247,https://noaa-gfs-bdp-pds.s3.amazonaws.com/gfs.20240730/18/atmos/gfs.t18z.pgrb2.0p25.f026.idx,87ee2a954c3f69cbe5053a54074eba20254dd998fb8ba27af280e148ac30a016,TMP,925 mb,26 hour fcst,2024-07-30,18,26,RNO:2024-07-31,2026-09-23T19:57:36Z,875771,248015d778de9f17815be14229ba5197593aa9dc4f32ea5f1192836976d2d531
gfs_20240731_t00z_f023_PRMSL_meansealevel.grib2,https://noaa-gfs-bdp-pds.s3.amazonaws.com/gfs.20240731/00/atmos/gfs.t00z.pgrb2.0p25.f023,0-883186,https://noaa-gfs-bdp-pds.s3.amazonaws.com/gfs.20240731/00/atmos/gfs.t00z.pgrb2.0p25.f023.idx,e7b561bd47271af9700e61a566af1a2f320cd53b62077999652b7385adcbeff8,PRMSL,mean sea level,23 hour fcst,2024-07-31,0,23,YSDU:2024-08-01,2026-09-23T19:57:36Z,883187,3f40b5c72bc4e96b15c22a2d60c1c749d8e4850fe64e7e4568cce0c225a04171
gfs_20240731_t00z_f026_DPT_2maboveground.grib2,https://noaa-gfs-bdp-pds.s3.amazonaws.com/gfs.20240731/00/atmos/gfs.t00z.pgrb2.0p25.f026,419790680-420321601,https://noaa-gfs-bdp-pds.s3.amazonaws.com/gfs.20240731/00/atmos/gfs.t00z.pgrb2.0p25.f026.idx,d07e03e1a9733f2f3d85c8d8b258e05202d50491192021f1a9a9a639b32c2eed,DPT,2 m above ground,26 hour fcst,2024-07-31,0,26,YSDU:2024-08-01,2026-09-23T19:57:35Z,530922,e02c149fe7f9dff66ffb6e7b3b9d9e346c1ee1856580e8c7603ef7ef59bdbdab
gfs_20240731_t00z_f026_DSWRF_surface.grib2,https://noaa-gfs-bdp-pds.s3.amazonaws.com/gfs.20240731/00/atmos/gfs.t00z.pgrb2.0p25.f026,462204786-463050009,https://noaa-gfs-bdp-pds.s3.amazonaws.com/gfs.20240731/00/atmos/gfs.t00z.pgrb2.0p25.f026.idx,d07e03e1a9733f2f3d85c8d8b258e05202d50491192021f1a9a9a639b32c2eed,DSWRF,surface,24-26 hour ave fcst,2024-07-31,0,26,YSDU:2024-08-01,2026-09-23T19:57:36Z,845224,dda741e8f99ac641a62f4c04cec66a5e8c61b574152abe0963fa8bca4eb3c82b
gfs_20240731_t00z_f026_PRES_surface.grib2,https://noaa-gfs-bdp-pds.s3.amazonaws.com/gfs.20240731/00/atmos/gfs.t00z.pgrb2.0p25.f026,409707786-410544903,https://noaa-gfs-bdp-pds.s3.amazonaws.com/gfs.20240731/00/atmos/gfs.t00z.pgrb2.0p25.f026.idx,d07e03e1a9733f2f3d85c8d8b258e05202d50491192021f1a9a9a639b32c2eed,PRES,surface,26 hour fcst,2024-07-31,0,26,YSDU:2024-08-01,2026-09-23T19:57:36Z,837118,2848186d726afd2be2e4970d724fd17cafc7daedd7504ec829500bbfccb47de0
gfs_20240731_t00z_f026_PRMSL_meansealevel.grib2,https://noaa-gfs-bdp-pds.s3.amazonaws.com/gfs.20240731/00/atmos/gfs.t00z.pgrb2.0p25.f026,0-882189,https://noaa-gfs-bdp-pds.s3.amazonaws.com/gfs.20240731/00/atmos/gfs.t00z.pgrb2.0p25.f026.idx,d07e03e1a9733f2f3d85c8d8b258e05202d50491192021f1a9a9a639b32c2eed,PRMSL,mean sea level,26 hour fcst,2024-07-31,0,26,YSDU:2024-08-01,2026-09-23T19:57:36Z,882190,48e8a1cb3cec6fd72ec93eff0e51eedf93894e25a85bd2fe78268182e6f44777
gfs_20240731_t00z_f026_RH_2maboveground.grib2,https://noaa-gfs-bdp-pds.s3.amazonaws.com/gfs.20240731/00/atmos/gfs.t00z.pgrb2.0p25.f026,420321602-421114838,https://noaa-gfs-bdp-pds.s3.amazonaws.com/gfs.20240731/00/atmos/gfs.t00z.pgrb2.0p25.f026.idx,d07e03e1a9733f2f3d85c8d8b258e05202d50491192021f1a9a9a639b32c2eed,RH,2 m above ground,26 hour fcst,2024-07-31,0,26,YSDU:2024-08-01,2026-09-23T19:57:36Z,793237,6ac0fc4739bf9c19201559a66baa19f88e0f572d84e8a1b9c2f462965d27d4f8
gfs_20240731_t00z_f026_SPFH_2maboveground.grib2,https://noaa-gfs-bdp-pds.s3.amazonaws.com/gfs.20240731/00/atmos/gfs.t00z.pgrb2.0p25.f026,418556427-419790679,https://noaa-gfs-bdp-pds.s3.amazonaws.com/gfs.20240731/00/atmos/gfs.t00z.pgrb2.0p25.f026.idx,d07e03e1a9733f2f3d85c8d8b258e05202d50491192021f1a9a9a639b32c2eed,SPFH,2 m above ground,26 hour fcst,2024-07-31,0,26,YSDU:2024-08-01,2026-09-23T19:57:38Z,1234253,d0c3ae0f681959f63463868c314bedaa6f136d2cbd4145efe1140042cbf3f5e4
gfs_20240731_t00z_f026_TMP_700mb.grib2,https://noaa-gfs-bdp-pds.s3.amazonaws.com/gfs.20240731/00/atmos/gfs.t00z.pgrb2.0p25.f026,306914060-307692275,https://noaa-gfs-bdp-pds.s3.amazonaws.com/gfs.20240731/00/atmos/gfs.t00z.pgrb2.0p25.f026.idx,d07e03e1a9733f2f3d85c8d8b258e05202d50491192021f1a9a9a639b32c2eed,TMP,700 mb,26 hour fcst,2024-07-31,0,26,YSDU:2024-08-01,2026-09-23T19:57:37Z,778216,018fe0ce42f4a8ccc6cad03c2d9f1ff7251e296ffedb3e92ee252e200287b3c7
gfs_20240731_t00z_f026_TMP_850mb.grib2,https://noaa-gfs-bdp-pds.s3.amazonaws.com/gfs.20240731/00/atmos/gfs.t00z.pgrb2.0p25.f026,340733301-341590904,https://noaa-gfs-bdp-pds.s3.amazonaws.com/gfs.20240731/00/atmos/gfs.t00z.pgrb2.0p25.f026.idx,d07e03e1a9733f2f3d85c8d8b258e05202d50491192021f1a9a9a639b32c2eed,TMP,850 mb,26 hour fcst,2024-07-31,0,26,YSDU:2024-08-01,2026-09-23T19:57:37Z,857604,cce2156f5fd6619ff5fc580938e4c113b2c723631221b035fc8726a84af7a91d
gfs_20240731_t00z_f026_TMP_925mb.grib2,https://noaa-gfs-bdp-pds.s3.amazonaws.com/gfs.20240731/00/atmos/gfs.t00z.pgrb2.0p25.f026,364398478-365273987,https://noaa-gfs-bdp-pds.s3.amazonaws.com/gfs.20240731/00/atmos/gfs.t00z.pgrb2.0p25.f026.idx,d07e03e1a9733f2f3d85c8d8b258e05202d50491192021f1a9a9a639b32c2eed,TMP,925 mb,26 hour fcst,2024-07-31,0,26,YSDU:2024-08-01,2026-09-23T19:57:39Z,875510,57f7c5d41d89398b33125db71dd7c2fd847d7c2b82650413c1b96a29300bebba
gfs_20240731_t12z_f021_PRMSL_meansealevel.grib2,https://noaa-gfs-bdp-pds.s3.amazonaws.com/gfs.20240731/12/atmos/gfs.t12z.pgrb2.0p25.f021,0-886719,https://noaa-gfs-bdp-pds.s3.amazonaws.com/gfs.20240731/12/atmos/gfs.t12z.pgrb2.0p25.f021.idx,d769c912e2984f419e6c80c523a61f7c1ec7b4d6278de726a8ea160112841016,PRMSL,mean sea level,21 hour fcst,2024-07-31,12,21,EGLC:2024-08-01 LFPG:2024-08-01,2026-09-23T19:57:37Z,886720,531bfaf1da7926940e8a92a75c2ab61ec94ce3e7a7235bc954f90d41cf89aeda
gfs_20240731_t12z_f022_DSWRF_surface.grib2,https://noaa-gfs-bdp-pds.s3.amazonaws.com/gfs.20240731/12/atmos/gfs.t12z.pgrb2.0p25.f022,461101920-461975466,https://noaa-gfs-bdp-pds.s3.amazonaws.com/gfs.20240731/12/atmos/gfs.t12z.pgrb2.0p25.f022.idx,44fb663a24509b8b91843c6ff95c39fec0d90df660d945283a6a8e465521fb3a,DSWRF,surface,18-22 hour ave fcst,2024-07-31,12,22,EGLC:2024-08-01 LFPG:2024-08-01,2026-09-23T19:57:38Z,873547,0137ff41c3358d615e8ce544daa2fba002396eb7c30f27c8d1c73a3a6a61a53c
gfs_20240731_t12z_f024_DPT_2maboveground.grib2,https://noaa-gfs-bdp-pds.s3.amazonaws.com/gfs.20240731/12/atmos/gfs.t12z.pgrb2.0p25.f024,420882209-421415950,https://noaa-gfs-bdp-pds.s3.amazonaws.com/gfs.20240731/12/atmos/gfs.t12z.pgrb2.0p25.f024.idx,f3d8dab634a755e0af152203079f4dadbe6ca4a0377baea36e0545bb20ed9cad,DPT,2 m above ground,24 hour fcst,2024-07-31,12,24,EGLC:2024-08-01 LFPG:2024-08-01,2026-09-23T19:57:37Z,533742,9b4d760669c25094cd8fd9b587354553cbc55f573c27465b005f5a89dbaee674
gfs_20240731_t12z_f024_DSWRF_surface.grib2,https://noaa-gfs-bdp-pds.s3.amazonaws.com/gfs.20240731/12/atmos/gfs.t12z.pgrb2.0p25.f024,464925800-465897103,https://noaa-gfs-bdp-pds.s3.amazonaws.com/gfs.20240731/12/atmos/gfs.t12z.pgrb2.0p25.f024.idx,f3d8dab634a755e0af152203079f4dadbe6ca4a0377baea36e0545bb20ed9cad,DSWRF,surface,18-24 hour ave fcst,2024-07-31,12,24,EGLC:2024-08-01 LFPG:2024-08-01,2026-09-23T19:57:38Z,971304,168a56821db87a3c703447ff295f36f9e3975eb52333cd10fbec9992d5c2fb7c
gfs_20240731_t12z_f024_PRES_surface.grib2,https://noaa-gfs-bdp-pds.s3.amazonaws.com/gfs.20240731/12/atmos/gfs.t12z.pgrb2.0p25.f024,410762778-411601800,https://noaa-gfs-bdp-pds.s3.amazonaws.com/gfs.20240731/12/atmos/gfs.t12z.pgrb2.0p25.f024.idx,f3d8dab634a755e0af152203079f4dadbe6ca4a0377baea36e0545bb20ed9cad,PRES,surface,24 hour fcst,2024-07-31,12,24,EGLC:2024-08-01 LFPG:2024-08-01,2026-09-23T19:57:38Z,839023,bcbbbbf7886112d0570833f5a00e75c68c0b955f51ce5da93a7c72d8b5cd60a6
gfs_20240731_t12z_f024_PRMSL_meansealevel.grib2,https://noaa-gfs-bdp-pds.s3.amazonaws.com/gfs.20240731/12/atmos/gfs.t12z.pgrb2.0p25.f024,0-891110,https://noaa-gfs-bdp-pds.s3.amazonaws.com/gfs.20240731/12/atmos/gfs.t12z.pgrb2.0p25.f024.idx,f3d8dab634a755e0af152203079f4dadbe6ca4a0377baea36e0545bb20ed9cad,PRMSL,mean sea level,24 hour fcst,2024-07-31,12,24,EGLC:2024-08-01 LFPG:2024-08-01,2026-09-23T19:57:39Z,891111,4e6c332dad94f09a21365e0c900621610933f3852bf9722a4750163ad75daa87
gfs_20240731_t12z_f024_RH_2maboveground.grib2,https://noaa-gfs-bdp-pds.s3.amazonaws.com/gfs.20240731/12/atmos/gfs.t12z.pgrb2.0p25.f024,421415951-422212846,https://noaa-gfs-bdp-pds.s3.amazonaws.com/gfs.20240731/12/atmos/gfs.t12z.pgrb2.0p25.f024.idx,f3d8dab634a755e0af152203079f4dadbe6ca4a0377baea36e0545bb20ed9cad,RH,2 m above ground,24 hour fcst,2024-07-31,12,24,EGLC:2024-08-01 LFPG:2024-08-01,2026-09-23T19:57:39Z,796896,193a2549f51dab985117eb25f971e0c2c344ab99da76656fd8077143de46c0f2
gfs_20240731_t12z_f024_SPFH_2maboveground.grib2,https://noaa-gfs-bdp-pds.s3.amazonaws.com/gfs.20240731/12/atmos/gfs.t12z.pgrb2.0p25.f024,419643314-420882208,https://noaa-gfs-bdp-pds.s3.amazonaws.com/gfs.20240731/12/atmos/gfs.t12z.pgrb2.0p25.f024.idx,f3d8dab634a755e0af152203079f4dadbe6ca4a0377baea36e0545bb20ed9cad,SPFH,2 m above ground,24 hour fcst,2024-07-31,12,24,EGLC:2024-08-01 LFPG:2024-08-01,2026-09-23T19:57:39Z,1238895,0f0dee32026f4392c3dc6217992e5e64bb8e253ed3896817743eef1ed08e7210
gfs_20240731_t12z_f024_TMP_700mb.grib2,https://noaa-gfs-bdp-pds.s3.amazonaws.com/gfs.20240731/12/atmos/gfs.t12z.pgrb2.0p25.f024,304644656-305435837,https://noaa-gfs-bdp-pds.s3.amazonaws.com/gfs.20240731/12/atmos/gfs.t12z.pgrb2.0p25.f024.idx,f3d8dab634a755e0af152203079f4dadbe6ca4a0377baea36e0545bb20ed9cad,TMP,700 mb,24 hour fcst,2024-07-31,12,24,EGLC:2024-08-01 LFPG:2024-08-01,2026-09-23T19:57:39Z,791182,35695dcc26540b7802c619c3a45442f6e9a3f9b9a864cd0aafac0272c327dfa9
gfs_20240731_t12z_f024_TMP_850mb.grib2,https://noaa-gfs-bdp-pds.s3.amazonaws.com/gfs.20240731/12/atmos/gfs.t12z.pgrb2.0p25.f024,339666250-340526452,https://noaa-gfs-bdp-pds.s3.amazonaws.com/gfs.20240731/12/atmos/gfs.t12z.pgrb2.0p25.f024.idx,f3d8dab634a755e0af152203079f4dadbe6ca4a0377baea36e0545bb20ed9cad,TMP,850 mb,24 hour fcst,2024-07-31,12,24,EGLC:2024-08-01 LFPG:2024-08-01,2026-09-23T19:57:39Z,860203,7f5f222912f17776ce7016b0be343b3ee22744860fc78ecdd7e54435c8a83bc0
gfs_20240731_t12z_f024_TMP_925mb.grib2,https://noaa-gfs-bdp-pds.s3.amazonaws.com/gfs.20240731/12/atmos/gfs.t12z.pgrb2.0p25.f024,364000087-364876407,https://noaa-gfs-bdp-pds.s3.amazonaws.com/gfs.20240731/12/atmos/gfs.t12z.pgrb2.0p25.f024.idx,f3d8dab634a755e0af152203079f4dadbe6ca4a0377baea36e0545bb20ed9cad,TMP,925 mb,24 hour fcst,2024-07-31,12,24,EGLC:2024-08-01 LFPG:2024-08-01,2026-09-23T19:57:40Z,876321,b88e73caf43ee2ace8dce4f5809e43170ffe576d38f4512e9ab700bf5f447607
gfs_20240731_t18z_f021_PRMSL_meansealevel.grib2,https://noaa-gfs-bdp-pds.s3.amazonaws.com/gfs.20240731/18/atmos/gfs.t18z.pgrb2.0p25.f021,0-888092,https://noaa-gfs-bdp-pds.s3.amazonaws.com/gfs.20240731/18/atmos/gfs.t18z.pgrb2.0p25.f021.idx,1cba6e9d5c9cee13d01b53114c98bfd8119a6c38ed608d20031e2e03fb9ece35,PRMSL,mean sea level,21 hour fcst,2024-07-31,18,21,DSM:2024-08-01,2026-09-23T19:57:39Z,888093,aa6780301fd8e1e6a012b6a6d6df678d7f0d3239bce24716cfce15b6a5c5ae9a
gfs_20240731_t18z_f022_DSWRF_surface.grib2,https://noaa-gfs-bdp-pds.s3.amazonaws.com/gfs.20240731/18/atmos/gfs.t18z.pgrb2.0p25.f022,468644364-469540788,https://noaa-gfs-bdp-pds.s3.amazonaws.com/gfs.20240731/18/atmos/gfs.t18z.pgrb2.0p25.f022.idx,536f4ba1223e7941746ef36857b54aaa83e9956044fb39e75709841ef7ae256f,DSWRF,surface,18-22 hour ave fcst,2024-07-31,18,22,DSM:2024-08-01,2026-09-23T19:57:40Z,896425,75d2a5aab42b3e7c8384fbc0ab830e21b0949db83bc02a083dbd1adac6150d38
gfs_20240731_t18z_f023_PRMSL_meansealevel.grib2,https://noaa-gfs-bdp-pds.s3.amazonaws.com/gfs.20240731/18/atmos/gfs.t18z.pgrb2.0p25.f023,0-888388,https://noaa-gfs-bdp-pds.s3.amazonaws.com/gfs.20240731/18/atmos/gfs.t18z.pgrb2.0p25.f023.idx,75227a1945bc544cfa3a15c1f4eb2f1d412eb268bba168654f5cfb668e685f82,PRMSL,mean sea level,23 hour fcst,2024-07-31,18,23,RNO:2024-08-01,2026-09-23T19:57:40Z,888389,ebdb65c39f54d9c82c2f8d62018cec809b68f506958c5529f11dc03b7f4009bf
gfs_20240731_t18z_f024_DPT_2maboveground.grib2,https://noaa-gfs-bdp-pds.s3.amazonaws.com/gfs.20240731/18/atmos/gfs.t18z.pgrb2.0p25.f024,428694282-429228291,https://noaa-gfs-bdp-pds.s3.amazonaws.com/gfs.20240731/18/atmos/gfs.t18z.pgrb2.0p25.f024.idx,92170afa259b0350f3f0e731ff1bec2733ead4d5b8ad2f3a6cb2b825451692bc,DPT,2 m above ground,24 hour fcst,2024-07-31,18,24,DSM:2024-08-01,2026-09-23T19:57:40Z,534010,5cbf9808b1f268a3f5b22caefdb7acf639ce8c0915d554bb2240ff75b8a31bb1
gfs_20240731_t18z_f024_DSWRF_surface.grib2,https://noaa-gfs-bdp-pds.s3.amazonaws.com/gfs.20240731/18/atmos/gfs.t18z.pgrb2.0p25.f024,472993529-473962201,https://noaa-gfs-bdp-pds.s3.amazonaws.com/gfs.20240731/18/atmos/gfs.t18z.pgrb2.0p25.f024.idx,92170afa259b0350f3f0e731ff1bec2733ead4d5b8ad2f3a6cb2b825451692bc,DSWRF,surface,18-24 hour ave fcst,2024-07-31,18,24,DSM:2024-08-01,2026-09-23T19:57:40Z,968673,550ebd9e4e3d7d016d415840bc4e2e4624de7bf16bc4548d84a76224143c3fc3
gfs_20240731_t18z_f024_PRES_surface.grib2,https://noaa-gfs-bdp-pds.s3.amazonaws.com/gfs.20240731/18/atmos/gfs.t18z.pgrb2.0p25.f024,418589587-419428275,https://noaa-gfs-bdp-pds.s3.amazonaws.com/gfs.20240731/18/atmos/gfs.t18z.pgrb2.0p25.f024.idx,92170afa259b0350f3f0e731ff1bec2733ead4d5b8ad2f3a6cb2b825451692bc,PRES,surface,24 hour fcst,2024-07-31,18,24,DSM:2024-08-01,2026-09-23T19:57:40Z,838689,af20e33309a6b6d69ea1643214783910a7952e68fbda6440ef3ea457232e109a
gfs_20240731_t18z_f024_PRMSL_meansealevel.grib2,https://noaa-gfs-bdp-pds.s3.amazonaws.com/gfs.20240731/18/atmos/gfs.t18z.pgrb2.0p25.f024,0-888399,https://noaa-gfs-bdp-pds.s3.amazonaws.com/gfs.20240731/18/atmos/gfs.t18z.pgrb2.0p25.f024.idx,92170afa259b0350f3f0e731ff1bec2733ead4d5b8ad2f3a6cb2b825451692bc,PRMSL,mean sea level,24 hour fcst,2024-07-31,18,24,DSM:2024-08-01,2026-09-23T19:57:41Z,888400,4caf18760ce5fc45db9ad50c53873e1bd5ce2fcc35f48e83ca3be3d0a8c5ed59
gfs_20240731_t18z_f024_RH_2maboveground.grib2,https://noaa-gfs-bdp-pds.s3.amazonaws.com/gfs.20240731/18/atmos/gfs.t18z.pgrb2.0p25.f024,429228292-430026198,https://noaa-gfs-bdp-pds.s3.amazonaws.com/gfs.20240731/18/atmos/gfs.t18z.pgrb2.0p25.f024.idx,92170afa259b0350f3f0e731ff1bec2733ead4d5b8ad2f3a6cb2b825451692bc,RH,2 m above ground,24 hour fcst,2024-07-31,18,24,DSM:2024-08-01,2026-09-23T19:57:40Z,797907,a2df1bd76c290691b22b95c3467901597540c26f5c67792d90eff9e4c8d18314
gfs_20240731_t18z_f024_SPFH_2maboveground.grib2,https://noaa-gfs-bdp-pds.s3.amazonaws.com/gfs.20240731/18/atmos/gfs.t18z.pgrb2.0p25.f024,427455987-428694281,https://noaa-gfs-bdp-pds.s3.amazonaws.com/gfs.20240731/18/atmos/gfs.t18z.pgrb2.0p25.f024.idx,92170afa259b0350f3f0e731ff1bec2733ead4d5b8ad2f3a6cb2b825451692bc,SPFH,2 m above ground,24 hour fcst,2024-07-31,18,24,DSM:2024-08-01,2026-09-23T19:57:43Z,1238295,a65e0dfd4c5c7e4f9e6443748b3040a0af93840e93ec6e6780e0e20d163c8984
gfs_20240731_t18z_f024_TMP_700mb.grib2,https://noaa-gfs-bdp-pds.s3.amazonaws.com/gfs.20240731/18/atmos/gfs.t18z.pgrb2.0p25.f024,312078091-312865695,https://noaa-gfs-bdp-pds.s3.amazonaws.com/gfs.20240731/18/atmos/gfs.t18z.pgrb2.0p25.f024.idx,92170afa259b0350f3f0e731ff1bec2733ead4d5b8ad2f3a6cb2b825451692bc,TMP,700 mb,24 hour fcst,2024-07-31,18,24,DSM:2024-08-01,2026-09-23T19:57:41Z,787605,446c54183ee0b090b50af2540c469e98ebdaa263a08a3aaadde88be8cc59f7bb
gfs_20240731_t18z_f024_TMP_850mb.grib2,https://noaa-gfs-bdp-pds.s3.amazonaws.com/gfs.20240731/18/atmos/gfs.t18z.pgrb2.0p25.f024,347180439-348039521,https://noaa-gfs-bdp-pds.s3.amazonaws.com/gfs.20240731/18/atmos/gfs.t18z.pgrb2.0p25.f024.idx,92170afa259b0350f3f0e731ff1bec2733ead4d5b8ad2f3a6cb2b825451692bc,TMP,850 mb,24 hour fcst,2024-07-31,18,24,DSM:2024-08-01,2026-09-23T19:57:42Z,859083,b61800687add364caf65ac185831278f29e409fc71e4a1f735f7703be63772c9
gfs_20240731_t18z_f024_TMP_925mb.grib2,https://noaa-gfs-bdp-pds.s3.amazonaws.com/gfs.20240731/18/atmos/gfs.t18z.pgrb2.0p25.f024,371577885-372453801,https://noaa-gfs-bdp-pds.s3.amazonaws.com/gfs.20240731/18/atmos/gfs.t18z.pgrb2.0p25.f024.idx,92170afa259b0350f3f0e731ff1bec2733ead4d5b8ad2f3a6cb2b825451692bc,TMP,925 mb,24 hour fcst,2024-07-31,18,24,DSM:2024-08-01,2026-09-23T19:57:43Z,875917,36c1fec17ad0e9bf7d70f05b88c869cba87688bb8cc9baae033094e9f150c4a9
gfs_20240731_t18z_f026_DPT_2maboveground.grib2,https://noaa-gfs-bdp-pds.s3.amazonaws.com/gfs.20240731/18/atmos/gfs.t18z.pgrb2.0p25.f026,425287618-425820851,https://noaa-gfs-bdp-pds.s3.amazonaws.com/gfs.20240731/18/atmos/gfs.t18z.pgrb2.0p25.f026.idx,15a793f27609bb80b8bd4647afea5209c40665cf06b6443bf6ea7f8110569574,DPT,2 m above ground,26 hour fcst,2024-07-31,18,26,RNO:2024-08-01,2026-09-23T19:57:42Z,533234,20fbc36759c7fd3f3dfd7ccd91d0257234d0e2f306956ba0f10331072b302a3d
gfs_20240731_t18z_f026_DSWRF_surface.grib2,https://noaa-gfs-bdp-pds.s3.amazonaws.com/gfs.20240731/18/atmos/gfs.t18z.pgrb2.0p25.f026,466568993-467384087,https://noaa-gfs-bdp-pds.s3.amazonaws.com/gfs.20240731/18/atmos/gfs.t18z.pgrb2.0p25.f026.idx,15a793f27609bb80b8bd4647afea5209c40665cf06b6443bf6ea7f8110569574,DSWRF,surface,24-26 hour ave fcst,2024-07-31,18,26,RNO:2024-08-01,2026-09-23T19:57:44Z,815095,9eab6bc92258a977719234560d0bd923b687431548222103647ba25b1bba04b8
gfs_20240731_t18z_f026_PRES_surface.grib2,https://noaa-gfs-bdp-pds.s3.amazonaws.com/gfs.20240731/18/atmos/gfs.t18z.pgrb2.0p25.f026,415183157-416024916,https://noaa-gfs-bdp-pds.s3.amazonaws.com/gfs.20240731/18/atmos/gfs.t18z.pgrb2.0p25.f026.idx,15a793f27609bb80b8bd4647afea5209c40665cf06b6443bf6ea7f8110569574,PRES,surface,26 hour fcst,2024-07-31,18,26,RNO:2024-08-01,2026-09-23T19:57:43Z,841760,77e5ae939bf3058c24947d3755297219c097df8ec73a52f1e3f79afdbd8ee1cd
gfs_20240731_t18z_f026_PRMSL_meansealevel.grib2,https://noaa-gfs-bdp-pds.s3.amazonaws.com/gfs.20240731/18/atmos/gfs.t18z.pgrb2.0p25.f026,0-887142,https://noaa-gfs-bdp-pds.s3.amazonaws.com/gfs.20240731/18/atmos/gfs.t18z.pgrb2.0p25.f026.idx,15a793f27609bb80b8bd4647afea5209c40665cf06b6443bf6ea7f8110569574,PRMSL,mean sea level,26 hour fcst,2024-07-31,18,26,RNO:2024-08-01,2026-09-23T19:57:42Z,887143,5c8a18c32d4fec2450a10bee6986ffe01ee64c3ac0433410a669984203d4ed49
gfs_20240731_t18z_f026_RH_2maboveground.grib2,https://noaa-gfs-bdp-pds.s3.amazonaws.com/gfs.20240731/18/atmos/gfs.t18z.pgrb2.0p25.f026,425820852-426618331,https://noaa-gfs-bdp-pds.s3.amazonaws.com/gfs.20240731/18/atmos/gfs.t18z.pgrb2.0p25.f026.idx,15a793f27609bb80b8bd4647afea5209c40665cf06b6443bf6ea7f8110569574,RH,2 m above ground,26 hour fcst,2024-07-31,18,26,RNO:2024-08-01,2026-09-23T19:57:43Z,797480,7de4b5a46419949b469589a402bff3094a11b1872d44dbddd3503dc5d946cf71
gfs_20240731_t18z_f026_SPFH_2maboveground.grib2,https://noaa-gfs-bdp-pds.s3.amazonaws.com/gfs.20240731/18/atmos/gfs.t18z.pgrb2.0p25.f026,424049950-425287617,https://noaa-gfs-bdp-pds.s3.amazonaws.com/gfs.20240731/18/atmos/gfs.t18z.pgrb2.0p25.f026.idx,15a793f27609bb80b8bd4647afea5209c40665cf06b6443bf6ea7f8110569574,SPFH,2 m above ground,26 hour fcst,2024-07-31,18,26,RNO:2024-08-01,2026-09-23T19:57:43Z,1237668,bd93e344253dbe78709289962d4b9554754fcfa05d476044f0d77ce255a7c1a6
gfs_20240731_t18z_f026_TMP_700mb.grib2,https://noaa-gfs-bdp-pds.s3.amazonaws.com/gfs.20240731/18/atmos/gfs.t18z.pgrb2.0p25.f026,308875577-309663626,https://noaa-gfs-bdp-pds.s3.amazonaws.com/gfs.20240731/18/atmos/gfs.t18z.pgrb2.0p25.f026.idx,15a793f27609bb80b8bd4647afea5209c40665cf06b6443bf6ea7f8110569574,TMP,700 mb,26 hour fcst,2024-07-31,18,26,RNO:2024-08-01,2026-09-23T19:57:43Z,788050,dc085c584251275366f77ae9da26af2feaee589b40f06077176e2ddce9ced430
gfs_20240731_t18z_f026_TMP_850mb.grib2,https://noaa-gfs-bdp-pds.s3.amazonaws.com/gfs.20240731/18/atmos/gfs.t18z.pgrb2.0p25.f026,344062676-344919945,https://noaa-gfs-bdp-pds.s3.amazonaws.com/gfs.20240731/18/atmos/gfs.t18z.pgrb2.0p25.f026.idx,15a793f27609bb80b8bd4647afea5209c40665cf06b6443bf6ea7f8110569574,TMP,850 mb,26 hour fcst,2024-07-31,18,26,RNO:2024-08-01,2026-09-23T19:57:44Z,857270,822eaa9854bbccdd5e65654b2c64c3c7b4abf3aa453969e025e3be1d91929024
gfs_20240731_t18z_f026_TMP_925mb.grib2,https://noaa-gfs-bdp-pds.s3.amazonaws.com/gfs.20240731/18/atmos/gfs.t18z.pgrb2.0p25.f026,368370946-369245984,https://noaa-gfs-bdp-pds.s3.amazonaws.com/gfs.20240731/18/atmos/gfs.t18z.pgrb2.0p25.f026.idx,15a793f27609bb80b8bd4647afea5209c40665cf06b6443bf6ea7f8110569574,TMP,925 mb,26 hour fcst,2024-07-31,18,26,RNO:2024-08-01,2026-09-23T19:57:44Z,875039,57aa620e00a4d185eea22b6a217dcc5225f3f94f2c66da11ad2eb397a62d6d5b
gfs_20250129_t00z_f023_PRMSL_meansealevel.grib2,https://noaa-gfs-bdp-pds.s3.amazonaws.com/gfs.20250129/00/atmos/gfs.t00z.pgrb2.0p25.f023,0-999460,https://noaa-gfs-bdp-pds.s3.amazonaws.com/gfs.20250129/00/atmos/gfs.t00z.pgrb2.0p25.f023.idx,41a496375228bfbe339b2dfc53530d688794c3cb02b0e0713dd1d7a57cda6f79,PRMSL,mean sea level,23 hour fcst,2025-01-29,0,23,YSDU:2025-01-30,2026-09-23T19:57:45Z,999461,0716518e878b1b6c458fb6878208795433abc1f3aee32f047d5c4b342dc8e099
gfs_20250129_t00z_f026_DPT_2maboveground.grib2,https://noaa-gfs-bdp-pds.s3.amazonaws.com/gfs.20250129/00/atmos/gfs.t00z.pgrb2.0p25.f026,415684615-416215553,https://noaa-gfs-bdp-pds.s3.amazonaws.com/gfs.20250129/00/atmos/gfs.t00z.pgrb2.0p25.f026.idx,41051b414b2e7cc637774e2051dd3bd186643550e142f3f502e5885c23eedef3,DPT,2 m above ground,26 hour fcst,2025-01-29,0,26,YSDU:2025-01-30,2026-09-23T19:57:44Z,530939,0c076718ea213ada383e3e951b2f85760ea35b430c92cccb0a8798de030290df
gfs_20250129_t00z_f026_DSWRF_surface.grib2,https://noaa-gfs-bdp-pds.s3.amazonaws.com/gfs.20250129/00/atmos/gfs.t00z.pgrb2.0p25.f026,457188131-457973215,https://noaa-gfs-bdp-pds.s3.amazonaws.com/gfs.20250129/00/atmos/gfs.t00z.pgrb2.0p25.f026.idx,41051b414b2e7cc637774e2051dd3bd186643550e142f3f502e5885c23eedef3,DSWRF,surface,24-26 hour ave fcst,2025-01-29,0,26,YSDU:2025-01-30,2026-09-23T19:57:45Z,785085,56f26b12a4b40f30f6e01430a3d7f75253b71bc690ecb2ec64664b3a22170e93
gfs_20250129_t00z_f026_PRES_surface.grib2,https://noaa-gfs-bdp-pds.s3.amazonaws.com/gfs.20250129/00/atmos/gfs.t00z.pgrb2.0p25.f026,404590222-405428326,https://noaa-gfs-bdp-pds.s3.amazonaws.com/gfs.20250129/00/atmos/gfs.t00z.pgrb2.0p25.f026.idx,41051b414b2e7cc637774e2051dd3bd186643550e142f3f502e5885c23eedef3,PRES,surface,26 hour fcst,2025-01-29,0,26,YSDU:2025-01-30,2026-09-23T19:57:45Z,838105,6f61918aa84e573cc8071649f77775761cc5480d398878274723b7b1d3904bd2
gfs_20250129_t00z_f026_PRMSL_meansealevel.grib2,https://noaa-gfs-bdp-pds.s3.amazonaws.com/gfs.20250129/00/atmos/gfs.t00z.pgrb2.0p25.f026,0-997202,https://noaa-gfs-bdp-pds.s3.amazonaws.com/gfs.20250129/00/atmos/gfs.t00z.pgrb2.0p25.f026.idx,41051b414b2e7cc637774e2051dd3bd186643550e142f3f502e5885c23eedef3,PRMSL,mean sea level,26 hour fcst,2025-01-29,0,26,YSDU:2025-01-30,2026-09-23T19:57:45Z,997203,320727949ff0a208285c01e9d36585f57eb9dc0b673afd1ee4768b12ed6229d4
gfs_20250129_t00z_f026_RH_2maboveground.grib2,https://noaa-gfs-bdp-pds.s3.amazonaws.com/gfs.20250129/00/atmos/gfs.t00z.pgrb2.0p25.f026,416215554-416990828,https://noaa-gfs-bdp-pds.s3.amazonaws.com/gfs.20250129/00/atmos/gfs.t00z.pgrb2.0p25.f026.idx,41051b414b2e7cc637774e2051dd3bd186643550e142f3f502e5885c23eedef3,RH,2 m above ground,26 hour fcst,2025-01-29,0,26,YSDU:2025-01-30,2026-09-23T19:57:46Z,775275,30c148cb289fb606e399a39da6ffaa5d180cd10b6711970545545128aebe16a8
gfs_20250129_t00z_f026_SPFH_2maboveground.grib2,https://noaa-gfs-bdp-pds.s3.amazonaws.com/gfs.20250129/00/atmos/gfs.t00z.pgrb2.0p25.f026,414513144-415684614,https://noaa-gfs-bdp-pds.s3.amazonaws.com/gfs.20250129/00/atmos/gfs.t00z.pgrb2.0p25.f026.idx,41051b414b2e7cc637774e2051dd3bd186643550e142f3f502e5885c23eedef3,SPFH,2 m above ground,26 hour fcst,2025-01-29,0,26,YSDU:2025-01-30,2026-09-23T19:57:45Z,1171471,441be1c1b0dcf2fceb47625402e94c4b3f0f4d68a6ff32f8a1ee27993c167abc
gfs_20250129_t00z_f026_TMP_700mb.grib2,https://noaa-gfs-bdp-pds.s3.amazonaws.com/gfs.20250129/00/atmos/gfs.t00z.pgrb2.0p25.f026,302602676-303346775,https://noaa-gfs-bdp-pds.s3.amazonaws.com/gfs.20250129/00/atmos/gfs.t00z.pgrb2.0p25.f026.idx,41051b414b2e7cc637774e2051dd3bd186643550e142f3f502e5885c23eedef3,TMP,700 mb,26 hour fcst,2025-01-29,0,26,YSDU:2025-01-30,2026-09-23T19:57:45Z,744100,6faca1480f62d2a2339fa3efa83b96f0a084c1e2091c12ce520511b026bd51a6
gfs_20250129_t00z_f026_TMP_850mb.grib2,https://noaa-gfs-bdp-pds.s3.amazonaws.com/gfs.20250129/00/atmos/gfs.t00z.pgrb2.0p25.f026,335351162-336188198,https://noaa-gfs-bdp-pds.s3.amazonaws.com/gfs.20250129/00/atmos/gfs.t00z.pgrb2.0p25.f026.idx,41051b414b2e7cc637774e2051dd3bd186643550e142f3f502e5885c23eedef3,TMP,850 mb,26 hour fcst,2025-01-29,0,26,YSDU:2025-01-30,2026-09-23T19:57:45Z,837037,257e564c85621004118a0c516bab7c4b5eb6d6988c311b32b92f1f8fab57e902
gfs_20250129_t00z_f026_TMP_925mb.grib2,https://noaa-gfs-bdp-pds.s3.amazonaws.com/gfs.20250129/00/atmos/gfs.t00z.pgrb2.0p25.f026,358967490-359819153,https://noaa-gfs-bdp-pds.s3.amazonaws.com/gfs.20250129/00/atmos/gfs.t00z.pgrb2.0p25.f026.idx,41051b414b2e7cc637774e2051dd3bd186643550e142f3f502e5885c23eedef3,TMP,925 mb,26 hour fcst,2025-01-29,0,26,YSDU:2025-01-30,2026-09-23T19:57:46Z,851664,6d5dabb4d03fd3fb418c7a2ce4fa4fa4472e1ce381963feaef71b320fecb84ed
gfs_20250129_t12z_f021_PRMSL_meansealevel.grib2,https://noaa-gfs-bdp-pds.s3.amazonaws.com/gfs.20250129/12/atmos/gfs.t12z.pgrb2.0p25.f021,0-996781,https://noaa-gfs-bdp-pds.s3.amazonaws.com/gfs.20250129/12/atmos/gfs.t12z.pgrb2.0p25.f021.idx,fda8188e192f4f2198bf4f015d3857cf6fa5d8f90ebcdadeabb4f3db327e2d62,PRMSL,mean sea level,21 hour fcst,2025-01-29,12,21,EGLC:2025-01-30 LFPG:2025-01-30,2026-09-23T19:57:46Z,996782,cfde4fe1849622228fa803cd614e72e4b331e279f888b2361467c081c14abe4a
gfs_20250129_t12z_f022_DSWRF_surface.grib2,https://noaa-gfs-bdp-pds.s3.amazonaws.com/gfs.20250129/12/atmos/gfs.t12z.pgrb2.0p25.f022,459777759-460617297,https://noaa-gfs-bdp-pds.s3.amazonaws.com/gfs.20250129/12/atmos/gfs.t12z.pgrb2.0p25.f022.idx,a0ecb14937096fe08deed34a5c8665a3d09c3b13e76ff1bd21af8d96e9399617,DSWRF,surface,18-22 hour ave fcst,2025-01-29,12,22,EGLC:2025-01-30 LFPG:2025-01-30,2026-09-23T19:57:46Z,839539,f3de9b2d698bca82213ac63aff5825e48f6152fd4db43ff0e98880c52e1f8789
gfs_20250129_t12z_f024_DPT_2maboveground.grib2,https://noaa-gfs-bdp-pds.s3.amazonaws.com/gfs.20250129/12/atmos/gfs.t12z.pgrb2.0p25.f024,413815028-414726087,https://noaa-gfs-bdp-pds.s3.amazonaws.com/gfs.20250129/12/atmos/gfs.t12z.pgrb2.0p25.f024.idx,e0e2453fe0a04fde61cb5e4c6d3e21220a759ff1fd3c569eacf1bc33e74182d7,DPT,2 m above ground,24 hour fcst,2025-01-29,12,24,EGLC:2025-01-30 LFPG:2025-01-30,2026-09-23T19:57:47Z,911060,066072869d52b51562edf793e11be3aaa574a37ec096d5d7dfad5b7f59b8aa04
gfs_20250129_t12z_f024_DSWRF_surface.grib2,https://noaa-gfs-bdp-pds.s3.amazonaws.com/gfs.20250129/12/atmos/gfs.t12z.pgrb2.0p25.f024,457771544-458714807,https://noaa-gfs-bdp-pds.s3.amazonaws.com/gfs.20250129/12/atmos/gfs.t12z.pgrb2.0p25.f024.idx,e0e2453fe0a04fde61cb5e4c6d3e21220a759ff1fd3c569eacf1bc33e74182d7,DSWRF,surface,18-24 hour ave fcst,2025-01-29,12,24,EGLC:2025-01-30 LFPG:2025-01-30,2026-09-23T19:57:47Z,943264,ad604baa5458dabd802d4d30f03d5fe019d19b504d61acfe55b1b347f415ecd6
gfs_20250129_t12z_f024_PRES_surface.grib2,https://noaa-gfs-bdp-pds.s3.amazonaws.com/gfs.20250129/12/atmos/gfs.t12z.pgrb2.0p25.f024,402699992-403541914,https://noaa-gfs-bdp-pds.s3.amazonaws.com/gfs.20250129/12/atmos/gfs.t12z.pgrb2.0p25.f024.idx,e0e2453fe0a04fde61cb5e4c6d3e21220a759ff1fd3c569eacf1bc33e74182d7,PRES,surface,24 hour fcst,2025-01-29,12,24,EGLC:2025-01-30 LFPG:2025-01-30,2026-09-23T19:57:47Z,841923,e568606ff0f24f6fd341621efc244715025f561ef171b854a60cc9fe05998dd1
gfs_20250129_t12z_f024_PRMSL_meansealevel.grib2,https://noaa-gfs-bdp-pds.s3.amazonaws.com/gfs.20250129/12/atmos/gfs.t12z.pgrb2.0p25.f024,0-1000049,https://noaa-gfs-bdp-pds.s3.amazonaws.com/gfs.20250129/12/atmos/gfs.t12z.pgrb2.0p25.f024.idx,e0e2453fe0a04fde61cb5e4c6d3e21220a759ff1fd3c569eacf1bc33e74182d7,PRMSL,mean sea level,24 hour fcst,2025-01-29,12,24,EGLC:2025-01-30 LFPG:2025-01-30,2026-09-23T19:57:47Z,1000050,6a875384f3f8eb4f6281f7720a3a3d238543bb40b3dccf68be673a50594b4ddf
gfs_20250129_t12z_f024_RH_2maboveground.grib2,https://noaa-gfs-bdp-pds.s3.amazonaws.com/gfs.20250129/12/atmos/gfs.t12z.pgrb2.0p25.f024,414726088-415500608,https://noaa-gfs-bdp-pds.s3.amazonaws.com/gfs.20250129/12/atmos/gfs.t12z.pgrb2.0p25.f024.idx,e0e2453fe0a04fde61cb5e4c6d3e21220a759ff1fd3c569eacf1bc33e74182d7,RH,2 m above ground,24 hour fcst,2025-01-29,12,24,EGLC:2025-01-30 LFPG:2025-01-30,2026-09-23T19:57:48Z,774521,7b77570d9f29da8614d2a00657a284954da8fc80e81b7acc9ea3c3b9fcd45b4e
gfs_20250129_t12z_f024_SPFH_2maboveground.grib2,https://noaa-gfs-bdp-pds.s3.amazonaws.com/gfs.20250129/12/atmos/gfs.t12z.pgrb2.0p25.f024,412642237-413815027,https://noaa-gfs-bdp-pds.s3.amazonaws.com/gfs.20250129/12/atmos/gfs.t12z.pgrb2.0p25.f024.idx,e0e2453fe0a04fde61cb5e4c6d3e21220a759ff1fd3c569eacf1bc33e74182d7,SPFH,2 m above ground,24 hour fcst,2025-01-29,12,24,EGLC:2025-01-30 LFPG:2025-01-30,2026-09-23T19:57:48Z,1172791,7ac084bd93bd876dee2ac123a320c8427dec3a348873465dee1b00431309f5f1
gfs_20250129_t12z_f024_TMP_700mb.grib2,https://noaa-gfs-bdp-pds.s3.amazonaws.com/gfs.20250129/12/atmos/gfs.t12z.pgrb2.0p25.f024,299355074-300102538,https://noaa-gfs-bdp-pds.s3.amazonaws.com/gfs.20250129/12/atmos/gfs.t12z.pgrb2.0p25.f024.idx,e0e2453fe0a04fde61cb5e4c6d3e21220a759ff1fd3c569eacf1bc33e74182d7,TMP,700 mb,24 hour fcst,2025-01-29,12,24,EGLC:2025-01-30 LFPG:2025-01-30,2026-09-23T19:57:48Z,747465,64f82803253a6c1482c4d24e75c5d486bf912006c209db98129de978b47fa46c
gfs_20250129_t12z_f024_TMP_850mb.grib2,https://noaa-gfs-bdp-pds.s3.amazonaws.com/gfs.20250129/12/atmos/gfs.t12z.pgrb2.0p25.f024,332912887-333751865,https://noaa-gfs-bdp-pds.s3.amazonaws.com/gfs.20250129/12/atmos/gfs.t12z.pgrb2.0p25.f024.idx,e0e2453fe0a04fde61cb5e4c6d3e21220a759ff1fd3c569eacf1bc33e74182d7,TMP,850 mb,24 hour fcst,2025-01-29,12,24,EGLC:2025-01-30 LFPG:2025-01-30,2026-09-23T19:57:48Z,838979,f83a8931443f7354d85591fb4ff9f86477a750d59f3ff878198c93cbb1b05445
gfs_20250129_t12z_f024_TMP_925mb.grib2,https://noaa-gfs-bdp-pds.s3.amazonaws.com/gfs.20250129/12/atmos/gfs.t12z.pgrb2.0p25.f024,356799614-357653144,https://noaa-gfs-bdp-pds.s3.amazonaws.com/gfs.20250129/12/atmos/gfs.t12z.pgrb2.0p25.f024.idx,e0e2453fe0a04fde61cb5e4c6d3e21220a759ff1fd3c569eacf1bc33e74182d7,TMP,925 mb,24 hour fcst,2025-01-29,12,24,EGLC:2025-01-30 LFPG:2025-01-30,2026-09-23T19:57:49Z,853531,5e057d7e91d377a74c8e631b40556682db41f8ddcd0321a68330178a2a56330b
gfs_20250129_t18z_f021_PRMSL_meansealevel.grib2,https://noaa-gfs-bdp-pds.s3.amazonaws.com/gfs.20250129/18/atmos/gfs.t18z.pgrb2.0p25.f021,0-1004402,https://noaa-gfs-bdp-pds.s3.amazonaws.com/gfs.20250129/18/atmos/gfs.t18z.pgrb2.0p25.f021.idx,0a7d29eaaa3992e203d9ed54d9858389734108ecf3776dde0241fe339dcc4eb8,PRMSL,mean sea level,21 hour fcst,2025-01-29,18,21,DSM:2025-01-30,2026-09-23T19:57:49Z,1004403,cb6b5452e84b1693bc0bce3b9eb121879940342beb902fe1036a547e64735bb0
gfs_20250129_t18z_f022_DSWRF_surface.grib2,https://noaa-gfs-bdp-pds.s3.amazonaws.com/gfs.20250129/18/atmos/gfs.t18z.pgrb2.0p25.f022,456980902-457822797,https://noaa-gfs-bdp-pds.s3.amazonaws.com/gfs.20250129/18/atmos/gfs.t18z.pgrb2.0p25.f022.idx,a05a3fc488c4515199c203c938e517e9a1da68a91b1be08a1c69ca9a84de33c2,DSWRF,surface,18-22 hour ave fcst,2025-01-29,18,22,DSM:2025-01-30,2026-09-23T19:57:49Z,841896,4b408175f2cf8cf3b1a47302ab13064cb31ff4b2135441494abfd7fae6f7e76d
gfs_20250129_t18z_f023_PRMSL_meansealevel.grib2,https://noaa-gfs-bdp-pds.s3.amazonaws.com/gfs.20250129/18/atmos/gfs.t18z.pgrb2.0p25.f023,0-1009124,https://noaa-gfs-bdp-pds.s3.amazonaws.com/gfs.20250129/18/atmos/gfs.t18z.pgrb2.0p25.f023.idx,3ae13c752b92b7fa17a114b927762bd55761de153d91fd7872860866990a1aeb,PRMSL,mean sea level,23 hour fcst,2025-01-29,18,23,RNO:2025-01-30,2026-09-23T19:57:49Z,1009125,dd94437b9339ab50545da2a65e3256b24fbac283170a0e47d2299e909acd858e
gfs_20250129_t18z_f024_DPT_2maboveground.grib2,https://noaa-gfs-bdp-pds.s3.amazonaws.com/gfs.20250129/18/atmos/gfs.t18z.pgrb2.0p25.f024,415583308-416498549,https://noaa-gfs-bdp-pds.s3.amazonaws.com/gfs.20250129/18/atmos/gfs.t18z.pgrb2.0p25.f024.idx,561c0c64479300811f72a3f0274baf5f0a28af047bd931e4c6de81968bac32ba,DPT,2 m above ground,24 hour fcst,2025-01-29,18,24,DSM:2025-01-30,2026-09-23T19:57:50Z,915242,c141de1da6f7f2f0d514a738835fe8ec770b65cd18e16c8165854928cdfcf361
gfs_20250129_t18z_f024_DSWRF_surface.grib2,https://noaa-gfs-bdp-pds.s3.amazonaws.com/gfs.20250129/18/atmos/gfs.t18z.pgrb2.0p25.f024,459520766-460433535,https://noaa-gfs-bdp-pds.s3.amazonaws.com/gfs.20250129/18/atmos/gfs.t18z.pgrb2.0p25.f024.idx,561c0c64479300811f72a3f0274baf5f0a28af047bd931e4c6de81968bac32ba,DSWRF,surface,18-24 hour ave fcst,2025-01-29,18,24,DSM:2025-01-30,2026-09-23T19:57:49Z,912770,4755274f1b9e6db6c9bd415d3879a8b4c7350b6b0bdb256a99d885097651251e
gfs_20250129_t18z_f024_PRES_surface.grib2,https://noaa-gfs-bdp-pds.s3.amazonaws.com/gfs.20250129/18/atmos/gfs.t18z.pgrb2.0p25.f024,404467571-405310056,https://noaa-gfs-bdp-pds.s3.amazonaws.com/gfs.20250129/18/atmos/gfs.t18z.pgrb2.0p25.f024.idx,561c0c64479300811f72a3f0274baf5f0a28af047bd931e4c6de81968bac32ba,PRES,surface,24 hour fcst,2025-01-29,18,24,DSM:2025-01-30,2026-09-23T19:57:50Z,842486,9dce2988a5a91a75754f6db41a0b47e95f403d21baab82968049f47ba71f05f1
gfs_20250129_t18z_f024_PRMSL_meansealevel.grib2,https://noaa-gfs-bdp-pds.s3.amazonaws.com/gfs.20250129/18/atmos/gfs.t18z.pgrb2.0p25.f024,0-1009002,https://noaa-gfs-bdp-pds.s3.amazonaws.com/gfs.20250129/18/atmos/gfs.t18z.pgrb2.0p25.f024.idx,561c0c64479300811f72a3f0274baf5f0a28af047bd931e4c6de81968bac32ba,PRMSL,mean sea level,24 hour fcst,2025-01-29,18,24,DSM:2025-01-30,2026-09-23T19:57:50Z,1009003,f2a42a8fb9f63ffecdd4cdcac2d0868cfa919085c40ab2d28812994a7b4d76a9
gfs_20250129_t18z_f024_RH_2maboveground.grib2,https://noaa-gfs-bdp-pds.s3.amazonaws.com/gfs.20250129/18/atmos/gfs.t18z.pgrb2.0p25.f024,416498550-417279435,https://noaa-gfs-bdp-pds.s3.amazonaws.com/gfs.20250129/18/atmos/gfs.t18z.pgrb2.0p25.f024.idx,561c0c64479300811f72a3f0274baf5f0a28af047bd931e4c6de81968bac32ba,RH,2 m above ground,24 hour fcst,2025-01-29,18,24,DSM:2025-01-30,2026-09-23T19:57:50Z,780886,641c18f3a5e4e2604e76f17efa0239f3b6d3644c69720dee62d9b51b7aa698a9
gfs_20250129_t18z_f024_SPFH_2maboveground.grib2,https://noaa-gfs-bdp-pds.s3.amazonaws.com/gfs.20250129/18/atmos/gfs.t18z.pgrb2.0p25.f024,414403482-415583307,https://noaa-gfs-bdp-pds.s3.amazonaws.com/gfs.20250129/18/atmos/gfs.t18z.pgrb2.0p25.f024.idx,561c0c64479300811f72a3f0274baf5f0a28af047bd931e4c6de81968bac32ba,SPFH,2 m above ground,24 hour fcst,2025-01-29,18,24,DSM:2025-01-30,2026-09-23T19:57:51Z,1179826,87c86e77ee94328c8f1676132f1e4e40f49c6609111609c8f7d25bb59676a179
gfs_20250129_t18z_f024_TMP_700mb.grib2,https://noaa-gfs-bdp-pds.s3.amazonaws.com/gfs.20250129/18/atmos/gfs.t18z.pgrb2.0p25.f024,300892222-301644463,https://noaa-gfs-bdp-pds.s3.amazonaws.com/gfs.20250129/18/atmos/gfs.t18z.pgrb2.0p25.f024.idx,561c0c64479300811f72a3f0274baf5f0a28af047bd931e4c6de81968bac32ba,TMP,700 mb,24 hour fcst,2025-01-29,18,24,DSM:2025-01-30,2026-09-23T19:57:50Z,752242,e3d54e19adc2f279647667bc5c97761ea093c57efdb3104c1a4faad5c9a9eab0
gfs_20250129_t18z_f024_TMP_850mb.grib2,https://noaa-gfs-bdp-pds.s3.amazonaws.com/gfs.20250129/18/atmos/gfs.t18z.pgrb2.0p25.f024,334589258-335431948,https://noaa-gfs-bdp-pds.s3.amazonaws.com/gfs.20250129/18/atmos/gfs.t18z.pgrb2.0p25.f024.idx,561c0c64479300811f72a3f0274baf5f0a28af047bd931e4c6de81968bac32ba,TMP,850 mb,24 hour fcst,2025-01-29,18,24,DSM:2025-01-30,2026-09-23T19:57:51Z,842691,e9bcd79ec2cc6c6eed1e5f3e93bcfecab1c1e0180457e1555681d80de92ba568
gfs_20250129_t18z_f024_TMP_925mb.grib2,https://noaa-gfs-bdp-pds.s3.amazonaws.com/gfs.20250129/18/atmos/gfs.t18z.pgrb2.0p25.f024,358469120-359326856,https://noaa-gfs-bdp-pds.s3.amazonaws.com/gfs.20250129/18/atmos/gfs.t18z.pgrb2.0p25.f024.idx,561c0c64479300811f72a3f0274baf5f0a28af047bd931e4c6de81968bac32ba,TMP,925 mb,24 hour fcst,2025-01-29,18,24,DSM:2025-01-30,2026-09-23T19:57:51Z,857737,be51bc7f553a04a6f34b31485c23f846ea14780c064366424d47c6586a27c656
gfs_20250129_t18z_f026_DPT_2maboveground.grib2,https://noaa-gfs-bdp-pds.s3.amazonaws.com/gfs.20250129/18/atmos/gfs.t18z.pgrb2.0p25.f026,417139201-418057373,https://noaa-gfs-bdp-pds.s3.amazonaws.com/gfs.20250129/18/atmos/gfs.t18z.pgrb2.0p25.f026.idx,74473502a4177808b109c50dc65fa16dc3c96c12d7d7beb9701458eb062b544f,DPT,2 m above ground,26 hour fcst,2025-01-29,18,26,RNO:2025-01-30,2026-09-23T19:57:51Z,918173,8a4ccb2d17ce2a4a8a6a06eed429da4f333f8b4216ccb4a627af733a6f2c0a25
gfs_20250129_t18z_f026_DSWRF_surface.grib2,https://noaa-gfs-bdp-pds.s3.amazonaws.com/gfs.20250129/18/atmos/gfs.t18z.pgrb2.0p25.f026,458732116-459517860,https://noaa-gfs-bdp-pds.s3.amazonaws.com/gfs.20250129/18/atmos/gfs.t18z.pgrb2.0p25.f026.idx,74473502a4177808b109c50dc65fa16dc3c96c12d7d7beb9701458eb062b544f,DSWRF,surface,24-26 hour ave fcst,2025-01-29,18,26,RNO:2025-01-30,2026-09-23T19:57:51Z,785745,8911668939692197d05e1dc8fd2a6290f1aca2d8e065399ceb004852dcbd38b7
gfs_20250129_t18z_f026_PRES_surface.grib2,https://noaa-gfs-bdp-pds.s3.amazonaws.com/gfs.20250129/18/atmos/gfs.t18z.pgrb2.0p25.f026,406027779-406869075,https://noaa-gfs-bdp-pds.s3.amazonaws.com/gfs.20250129/18/atmos/gfs.t18z.pgrb2.0p25.f026.idx,74473502a4177808b109c50dc65fa16dc3c96c12d7d7beb9701458eb062b544f,PRES,surface,26 hour fcst,2025-01-29,18,26,RNO:2025-01-30,2026-09-23T19:57:52Z,841297,3c3995d481aeeb7490a9a350b44b823abe85075acb0b121ce2ee46e770414ee5
gfs_20250129_t18z_f026_PRMSL_meansealevel.grib2,https://noaa-gfs-bdp-pds.s3.amazonaws.com/gfs.20250129/18/atmos/gfs.t18z.pgrb2.0p25.f026,0-1004295,https://noaa-gfs-bdp-pds.s3.amazonaws.com/gfs.20250129/18/atmos/gfs.t18z.pgrb2.0p25.f026.idx,74473502a4177808b109c50dc65fa16dc3c96c12d7d7beb9701458eb062b544f,PRMSL,mean sea level,26 hour fcst,2025-01-29,18,26,RNO:2025-01-30,2026-09-23T19:57:52Z,1004296,61fec7cb6e21b2571f6adc885f519a04229fbfc3b205aabae02ee09213c37b61
gfs_20250129_t18z_f026_RH_2maboveground.grib2,https://noaa-gfs-bdp-pds.s3.amazonaws.com/gfs.20250129/18/atmos/gfs.t18z.pgrb2.0p25.f026,418057374-418840505,https://noaa-gfs-bdp-pds.s3.amazonaws.com/gfs.20250129/18/atmos/gfs.t18z.pgrb2.0p25.f026.idx,74473502a4177808b109c50dc65fa16dc3c96c12d7d7beb9701458eb062b544f,RH,2 m above ground,26 hour fcst,2025-01-29,18,26,RNO:2025-01-30,2026-09-23T19:57:52Z,783132,0153023f2c27f2fc3471db71d4d4b435fe48f09fac7a2848f7c3e86302eeab2a
gfs_20250129_t18z_f026_SPFH_2maboveground.grib2,https://noaa-gfs-bdp-pds.s3.amazonaws.com/gfs.20250129/18/atmos/gfs.t18z.pgrb2.0p25.f026,415963786-417139200,https://noaa-gfs-bdp-pds.s3.amazonaws.com/gfs.20250129/18/atmos/gfs.t18z.pgrb2.0p25.f026.idx,74473502a4177808b109c50dc65fa16dc3c96c12d7d7beb9701458eb062b544f,SPFH,2 m above ground,26 hour fcst,2025-01-29,18,26,RNO:2025-01-30,2026-09-23T19:57:52Z,1175415,5c6c462754bb705eb9caaea1d2a591a73283a06914dfe1eb541003f277aff76c
gfs_20250129_t18z_f026_TMP_700mb.grib2,https://noaa-gfs-bdp-pds.s3.amazonaws.com/gfs.20250129/18/atmos/gfs.t18z.pgrb2.0p25.f026,302514000-303264976,https://noaa-gfs-bdp-pds.s3.amazonaws.com/gfs.20250129/18/atmos/gfs.t18z.pgrb2.0p25.f026.idx,74473502a4177808b109c50dc65fa16dc3c96c12d7d7beb9701458eb062b544f,TMP,700 mb,26 hour fcst,2025-01-29,18,26,RNO:2025-01-30,2026-09-23T19:57:52Z,750977,86713fcd9dd273f244e23cd09a7b792b4357f9f07c8e083a531d3f92d5ecbc1a
gfs_20250129_t18z_f026_TMP_850mb.grib2,https://noaa-gfs-bdp-pds.s3.amazonaws.com/gfs.20250129/18/atmos/gfs.t18z.pgrb2.0p25.f026,336056791-336898901,https://noaa-gfs-bdp-pds.s3.amazonaws.com/gfs.20250129/18/atmos/gfs.t18z.pgrb2.0p25.f026.idx,74473502a4177808b109c50dc65fa16dc3c96c12d7d7beb9701458eb062b544f,TMP,850 mb,26 hour fcst,2025-01-29,18,26,RNO:2025-01-30,2026-09-23T19:57:52Z,842111,78e20b367d3f7fb2cd021641e39628bbec3a727b710e8ee2f33b44b50cc87909
gfs_20250129_t18z_f026_TMP_925mb.grib2,https://noaa-gfs-bdp-pds.s3.amazonaws.com/gfs.20250129/18/atmos/gfs.t18z.pgrb2.0p25.f026,359946274-360803398,https://noaa-gfs-bdp-pds.s3.amazonaws.com/gfs.20250129/18/atmos/gfs.t18z.pgrb2.0p25.f026.idx,74473502a4177808b109c50dc65fa16dc3c96c12d7d7beb9701458eb062b544f,TMP,925 mb,26 hour fcst,2025-01-29,18,26,RNO:2025-01-30,2026-09-23T19:57:53Z,857125,e891b846836ffdb43d7411aee8647a3944b05312612b62a7f537c34be443e15b
gfs_20250730_t00z_f023_PRMSL_meansealevel.grib2,https://noaa-gfs-bdp-pds.s3.amazonaws.com/gfs.20250730/00/atmos/gfs.t00z.pgrb2.0p25.f023,0-886865,https://noaa-gfs-bdp-pds.s3.amazonaws.com/gfs.20250730/00/atmos/gfs.t00z.pgrb2.0p25.f023.idx,25de63d33d932937a1477b397d2b338749fd58316bd0c97f48bbdfefcd4e3b48,PRMSL,mean sea level,23 hour fcst,2025-07-30,0,23,YSDU:2025-07-31,2026-09-23T19:57:52Z,886866,b695b69f97ceb55760c7d5a69fc61afec5649913c5b7bdbb05e8c0d44d40ebd3
gfs_20250730_t00z_f026_DPT_2maboveground.grib2,https://noaa-gfs-bdp-pds.s3.amazonaws.com/gfs.20250730/00/atmos/gfs.t00z.pgrb2.0p25.f026,425421750-425957500,https://noaa-gfs-bdp-pds.s3.amazonaws.com/gfs.20250730/00/atmos/gfs.t00z.pgrb2.0p25.f026.idx,d747e4ad78c9414da6a0da89a5436c7948583d956ef6ce2a35b85a82cb160c20,DPT,2 m above ground,26 hour fcst,2025-07-30,0,26,YSDU:2025-07-31,2026-09-23T19:57:53Z,535751,60f5e7e34a5f58f953bb8ff0599e6ad521cb3a85983043b24c68ce0ff0384b3b
gfs_20250730_t00z_f026_DSWRF_surface.grib2,https://noaa-gfs-bdp-pds.s3.amazonaws.com/gfs.20250730/00/atmos/gfs.t00z.pgrb2.0p25.f026,468255478-469079779,https://noaa-gfs-bdp-pds.s3.amazonaws.com/gfs.20250730/00/atmos/gfs.t00z.pgrb2.0p25.f026.idx,d747e4ad78c9414da6a0da89a5436c7948583d956ef6ce2a35b85a82cb160c20,DSWRF,surface,24-26 hour ave fcst,2025-07-30,0,26,YSDU:2025-07-31,2026-09-23T19:57:55Z,824302,1ff64b3f3aa9833bab526bb170d2076e2edae862fa4f738e7dad2c1b18dce567
gfs_20250730_t00z_f026_PRES_surface.grib2,https://noaa-gfs-bdp-pds.s3.amazonaws.com/gfs.20250730/00/atmos/gfs.t00z.pgrb2.0p25.f026,415320129-416163747,https://noaa-gfs-bdp-pds.s3.amazonaws.com/gfs.20250730/00/atmos/gfs.t00z.pgrb2.0p25.f026.idx,d747e4ad78c9414da6a0da89a5436c7948583d956ef6ce2a35b85a82cb160c20,PRES,surface,26 hour fcst,2025-07-30,0,26,YSDU:2025-07-31,2026-09-23T19:57:55Z,843619,b46c406a73208bb81d9c3837099790b4b0760afef5568474848342346be91095
gfs_20250730_t00z_f026_PRMSL_meansealevel.grib2,https://noaa-gfs-bdp-pds.s3.amazonaws.com/gfs.20250730/00/atmos/gfs.t00z.pgrb2.0p25.f026,0-884620,https://noaa-gfs-bdp-pds.s3.amazonaws.com/gfs.20250730/00/atmos/gfs.t00z.pgrb2.0p25.f026.idx,d747e4ad78c9414da6a0da89a5436c7948583d956ef6ce2a35b85a82cb160c20,PRMSL,mean sea level,26 hour fcst,2025-07-30,0,26,YSDU:2025-07-31,2026-09-23T19:57:56Z,884621,6f6642c21e48e34d188c601d23dc17a5d5d33e47bfd73cee387c2e9297158ac3
gfs_20250730_t00z_f026_RH_2maboveground.grib2,https://noaa-gfs-bdp-pds.s3.amazonaws.com/gfs.20250730/00/atmos/gfs.t00z.pgrb2.0p25.f026,425957501-426756686,https://noaa-gfs-bdp-pds.s3.amazonaws.com/gfs.20250730/00/atmos/gfs.t00z.pgrb2.0p25.f026.idx,d747e4ad78c9414da6a0da89a5436c7948583d956ef6ce2a35b85a82cb160c20,RH,2 m above ground,26 hour fcst,2025-07-30,0,26,YSDU:2025-07-31,2026-09-23T19:57:54Z,799186,7bc0ea232eca876df3e43bce8c200b3c109ad2126dbddc0e4b1bfe58086e0403
gfs_20250730_t00z_f026_SPFH_2maboveground.grib2,https://noaa-gfs-bdp-pds.s3.amazonaws.com/gfs.20250730/00/atmos/gfs.t00z.pgrb2.0p25.f026,424190057-425421749,https://noaa-gfs-bdp-pds.s3.amazonaws.com/gfs.20250730/00/atmos/gfs.t00z.pgrb2.0p25.f026.idx,d747e4ad78c9414da6a0da89a5436c7948583d956ef6ce2a35b85a82cb160c20,SPFH,2 m above ground,26 hour fcst,2025-07-30,0,26,YSDU:2025-07-31,2026-09-23T19:57:55Z,1231693,ae2f1c97482f86d6f9323b74f3f69d1a7778a66cb6c0b077e6ef62ccbe98c272
gfs_20250730_t00z_f026_TMP_700mb.grib2,https://noaa-gfs-bdp-pds.s3.amazonaws.com/gfs.20250730/00/atmos/gfs.t00z.pgrb2.0p25.f026,309580308-310364157,https://noaa-gfs-bdp-pds.s3.amazonaws.com/gfs.20250730/00/atmos/gfs.t00z.pgrb2.0p25.f026.idx,d747e4ad78c9414da6a0da89a5436c7948583d956ef6ce2a35b85a82cb160c20,TMP,700 mb,26 hour fcst,2025-07-30,0,26,YSDU:2025-07-31,2026-09-23T19:57:56Z,783850,43018c214a117198cd2f4fca236edd2335e6b41e05028f2a85eea0cb12cb9fef
gfs_20250730_t00z_f026_TMP_850mb.grib2,https://noaa-gfs-bdp-pds.s3.amazonaws.com/gfs.20250730/00/atmos/gfs.t00z.pgrb2.0p25.f026,344334689-345195123,https://noaa-gfs-bdp-pds.s3.amazonaws.com/gfs.20250730/00/atmos/gfs.t00z.pgrb2.0p25.f026.idx,d747e4ad78c9414da6a0da89a5436c7948583d956ef6ce2a35b85a82cb160c20,TMP,850 mb,26 hour fcst,2025-07-30,0,26,YSDU:2025-07-31,2026-09-23T19:57:55Z,860435,d6d7f32315109e26b8bd5705ee2798b3644687dc6ca6c4c2b44d999b1f154937
gfs_20250730_t00z_f026_TMP_925mb.grib2,https://noaa-gfs-bdp-pds.s3.amazonaws.com/gfs.20250730/00/atmos/gfs.t00z.pgrb2.0p25.f026,368559047-369435288,https://noaa-gfs-bdp-pds.s3.amazonaws.com/gfs.20250730/00/atmos/gfs.t00z.pgrb2.0p25.f026.idx,d747e4ad78c9414da6a0da89a5436c7948583d956ef6ce2a35b85a82cb160c20,TMP,925 mb,26 hour fcst,2025-07-30,0,26,YSDU:2025-07-31,2026-09-23T19:57:55Z,876242,9514ab2932f82adc8055dce4f1932cdf150c6bf45970ed7da75089b9b8c251e9
gfs_20250730_t12z_f021_PRMSL_meansealevel.grib2,https://noaa-gfs-bdp-pds.s3.amazonaws.com/gfs.20250730/12/atmos/gfs.t12z.pgrb2.0p25.f021,0-890412,https://noaa-gfs-bdp-pds.s3.amazonaws.com/gfs.20250730/12/atmos/gfs.t12z.pgrb2.0p25.f021.idx,e7dd1dcb2527adfe2cb55c0811237389a0a440f417bb97a41edc13574cfd94bd,PRMSL,mean sea level,21 hour fcst,2025-07-30,12,21,EGLC:2025-07-31 LFPG:2025-07-31,2026-09-23T19:57:56Z,890413,dd6197c18ff51654b76f195383242d9d779f675df27cf823edfe4ff4827a3e9b
gfs_20250730_t12z_f022_DSWRF_surface.grib2,https://noaa-gfs-bdp-pds.s3.amazonaws.com/gfs.20250730/12/atmos/gfs.t12z.pgrb2.0p25.f022,467191329-468084050,https://noaa-gfs-bdp-pds.s3.amazonaws.com/gfs.20250730/12/atmos/gfs.t12z.pgrb2.0p25.f022.idx,f1ed2dcb77d8b8893e9fa5cfdeef0ab6639e1a2e1102627efe2496912cdc636d,DSWRF,surface,18-22 hour ave fcst,2025-07-30,12,22,EGLC:2025-07-31 LFPG:2025-07-31,2026-09-23T19:57:56Z,892722,a96619ad02b2bffe8af0883041023e8e35974ee213607e391a49fed7e83d934a
gfs_20250730_t12z_f024_DPT_2maboveground.grib2,https://noaa-gfs-bdp-pds.s3.amazonaws.com/gfs.20250730/12/atmos/gfs.t12z.pgrb2.0p25.f024,424025906-424561324,https://noaa-gfs-bdp-pds.s3.amazonaws.com/gfs.20250730/12/atmos/gfs.t12z.pgrb2.0p25.f024.idx,d667c7b14fdb680336e120c7086480d76a29f3ee3d57ce7dcbc564e539905eee,DPT,2 m above ground,24 hour fcst,2025-07-30,12,24,EGLC:2025-07-31 LFPG:2025-07-31,2026-09-23T19:57:56Z,535419,4a3e631642230c7c16d4d0fef5a31b510b422f5a9dd15b425edca7801e5cf9e9
gfs_20250730_t12z_f024_DSWRF_surface.grib2,https://noaa-gfs-bdp-pds.s3.amazonaws.com/gfs.20250730/12/atmos/gfs.t12z.pgrb2.0p25.f024,468642424-469630269,https://noaa-gfs-bdp-pds.s3.amazonaws.com/gfs.20250730/12/atmos/gfs.t12z.pgrb2.0p25.f024.idx,d667c7b14fdb680336e120c7086480d76a29f3ee3d57ce7dcbc564e539905eee,DSWRF,surface,18-24 hour ave fcst,2025-07-30,12,24,EGLC:2025-07-31 LFPG:2025-07-31,2026-09-23T19:57:56Z,987846,d44d4c13a8b8c9cd05a39bec74ccfbcc5b9d189340cfaeaeb2ab9132a2a9f511
gfs_20250730_t12z_f024_PRES_surface.grib2,https://noaa-gfs-bdp-pds.s3.amazonaws.com/gfs.20250730/12/atmos/gfs.t12z.pgrb2.0p25.f024,413963869-414807988,https://noaa-gfs-bdp-pds.s3.amazonaws.com/gfs.20250730/12/atmos/gfs.t12z.pgrb2.0p25.f024.idx,d667c7b14fdb680336e120c7086480d76a29f3ee3d57ce7dcbc564e539905eee,PRES,surface,24 hour fcst,2025-07-30,12,24,EGLC:2025-07-31 LFPG:2025-07-31,2026-09-23T19:57:57Z,844120,889bf86a4cb5a604879564f909a237962ee8d52d5d772621918c2cfbb427335f
gfs_20250730_t12z_f024_PRMSL_meansealevel.grib2,https://noaa-gfs-bdp-pds.s3.amazonaws.com/gfs.20250730/12/atmos/gfs.t12z.pgrb2.0p25.f024,0-890915,https://noaa-gfs-bdp-pds.s3.amazonaws.com/gfs.20250730/12/atmos/gfs.t12z.pgrb2.0p25.f024.idx,d667c7b14fdb680336e120c7086480d76a29f3ee3d57ce7dcbc564e539905eee,PRMSL,mean sea level,24 hour fcst,2025-07-30,12,24,EGLC:2025-07-31 LFPG:2025-07-31,2026-09-23T19:57:57Z,890916,04899a17cd57d36664f7b7bb20ac41c6966591e5096eafc60b42057ab7bdafe4
gfs_20250730_t12z_f024_RH_2maboveground.grib2,https://noaa-gfs-bdp-pds.s3.amazonaws.com/gfs.20250730/12/atmos/gfs.t12z.pgrb2.0p25.f024,424561325-425359300,https://noaa-gfs-bdp-pds.s3.amazonaws.com/gfs.20250730/12/atmos/gfs.t12z.pgrb2.0p25.f024.idx,d667c7b14fdb680336e120c7086480d76a29f3ee3d57ce7dcbc564e539905eee,RH,2 m above ground,24 hour fcst,2025-07-30,12,24,EGLC:2025-07-31 LFPG:2025-07-31,2026-09-23T19:57:57Z,797976,dded3b53fafc9eb4492928ab56865486eb5ad250f34fe19737ec561b2f642f55
gfs_20250730_t12z_f024_SPFH_2maboveground.grib2,https://noaa-gfs-bdp-pds.s3.amazonaws.com/gfs.20250730/12/atmos/gfs.t12z.pgrb2.0p25.f024,422790608-424025905,https://noaa-gfs-bdp-pds.s3.amazonaws.com/gfs.20250730/12/atmos/gfs.t12z.pgrb2.0p25.f024.idx,d667c7b14fdb680336e120c7086480d76a29f3ee3d57ce7dcbc564e539905eee,SPFH,2 m above ground,24 hour fcst,2025-07-30,12,24,EGLC:2025-07-31 LFPG:2025-07-31,2026-09-23T19:57:58Z,1235298,7f658e272f9e7ac743af183a7ba51b74d11994088908f0e451a91f8971ea2543
gfs_20250730_t12z_f024_TMP_700mb.grib2,https://noaa-gfs-bdp-pds.s3.amazonaws.com/gfs.20250730/12/atmos/gfs.t12z.pgrb2.0p25.f024,308608159-309397428,https://noaa-gfs-bdp-pds.s3.amazonaws.com/gfs.20250730/12/atmos/gfs.t12z.pgrb2.0p25.f024.idx,d667c7b14fdb680336e120c7086480d76a29f3ee3d57ce7dcbc564e539905eee,TMP,700 mb,24 hour fcst,2025-07-30,12,24,EGLC:2025-07-31 LFPG:2025-07-31,2026-09-23T19:57:57Z,789270,a46424767505bbefd1df7e2c25065c14dfbdc0a83d00bbda0632002e44501bd2
gfs_20250730_t12z_f024_TMP_850mb.grib2,https://noaa-gfs-bdp-pds.s3.amazonaws.com/gfs.20250730/12/atmos/gfs.t12z.pgrb2.0p25.f024,343534882-344397733,https://noaa-gfs-bdp-pds.s3.amazonaws.com/gfs.20250730/12/atmos/gfs.t12z.pgrb2.0p25.f024.idx,d667c7b14fdb680336e120c7086480d76a29f3ee3d57ce7dcbc564e539905eee,TMP,850 mb,24 hour fcst,2025-07-30,12,24,EGLC:2025-07-31 LFPG:2025-07-31,2026-09-23T19:57:58Z,862852,639eb1744be6290e45c6efda6d9499620a1de2777d8071c1fd5f6bc2a1e38a72
gfs_20250730_t12z_f024_TMP_925mb.grib2,https://noaa-gfs-bdp-pds.s3.amazonaws.com/gfs.20250730/12/atmos/gfs.t12z.pgrb2.0p25.f024,367914013-368791095,https://noaa-gfs-bdp-pds.s3.amazonaws.com/gfs.20250730/12/atmos/gfs.t12z.pgrb2.0p25.f024.idx,d667c7b14fdb680336e120c7086480d76a29f3ee3d57ce7dcbc564e539905eee,TMP,925 mb,24 hour fcst,2025-07-30,12,24,EGLC:2025-07-31 LFPG:2025-07-31,2026-09-23T19:57:58Z,877083,8a4f5fa6964e3fce5511854dcc434f895ec0505bf9bc51245f7bcdd22347d0be
gfs_20250730_t18z_f021_PRMSL_meansealevel.grib2,https://noaa-gfs-bdp-pds.s3.amazonaws.com/gfs.20250730/18/atmos/gfs.t18z.pgrb2.0p25.f021,0-892992,https://noaa-gfs-bdp-pds.s3.amazonaws.com/gfs.20250730/18/atmos/gfs.t18z.pgrb2.0p25.f021.idx,f1ae9f3446cf531c71aff525fa498c58047f394ed009f141160c10149d4895b2,PRMSL,mean sea level,21 hour fcst,2025-07-30,18,21,DSM:2025-07-31,2026-09-23T19:57:58Z,892993,e801cf8c10c3e877cef03d07fd8357bfcb646e1c9f98deeb27a39b61bfcb370d
gfs_20250730_t18z_f022_DSWRF_surface.grib2,https://noaa-gfs-bdp-pds.s3.amazonaws.com/gfs.20250730/18/atmos/gfs.t18z.pgrb2.0p25.f022,466935296-467825523,https://noaa-gfs-bdp-pds.s3.amazonaws.com/gfs.20250730/18/atmos/gfs.t18z.pgrb2.0p25.f022.idx,f4a9c5e0ae89ee665a3de27116ee790f8998c16df7cd73b5a2774d31aff8efd6,DSWRF,surface,18-22 hour ave fcst,2025-07-30,18,22,DSM:2025-07-31,2026-09-23T19:58:00Z,890228,69d9a3df4d06244e79c0c127df7c1ff9f66995b8a07e9e5e2e0637cd703a48e8
gfs_20250730_t18z_f023_PRMSL_meansealevel.grib2,https://noaa-gfs-bdp-pds.s3.amazonaws.com/gfs.20250730/18/atmos/gfs.t18z.pgrb2.0p25.f023,0-893303,https://noaa-gfs-bdp-pds.s3.amazonaws.com/gfs.20250730/18/atmos/gfs.t18z.pgrb2.0p25.f023.idx,30b073dc5db430e8b5f0486af69b0bc8f40d119c30f53f8ffecacb09d39792de,PRMSL,mean sea level,23 hour fcst,2025-07-30,18,23,RNO:2025-07-31,2026-09-23T19:57:58Z,893304,9d599eab9d730602018775514ad37829272e2f4f08fe65a49b1b98031ee2c8d0
gfs_20250730_t18z_f024_DPT_2maboveground.grib2,https://noaa-gfs-bdp-pds.s3.amazonaws.com/gfs.20250730/18/atmos/gfs.t18z.pgrb2.0p25.f024,423856778-424394656,https://noaa-gfs-bdp-pds.s3.amazonaws.com/gfs.20250730/18/atmos/gfs.t18z.pgrb2.0p25.f024.idx,6d0ab289248397c013496d7324270637c31aef684ce489454bab4b4245833d4a,DPT,2 m above ground,24 hour fcst,2025-07-30,18,24,DSM:2025-07-31,2026-09-23T19:57:58Z,537879,f399f8319f83e816a72010a493c76c28ab39e8da394ed979390cf2ad0212e809
gfs_20250730_t18z_f024_DSWRF_surface.grib2,https://noaa-gfs-bdp-pds.s3.amazonaws.com/gfs.20250730/18/atmos/gfs.t18z.pgrb2.0p25.f024,468985696-469976192,https://noaa-gfs-bdp-pds.s3.amazonaws.com/gfs.20250730/18/atmos/gfs.t18z.pgrb2.0p25.f024.idx,6d0ab289248397c013496d7324270637c31aef684ce489454bab4b4245833d4a,DSWRF,surface,18-24 hour ave fcst,2025-07-30,18,24,DSM:2025-07-31,2026-09-23T19:58:00Z,990497,072ccf146250496f99f2b5f0a83b48cd8e52c8b2b7aa5fea58ff10634773af5d
gfs_20250730_t18z_f024_PRES_surface.grib2,https://noaa-gfs-bdp-pds.s3.amazonaws.com/gfs.20250730/18/atmos/gfs.t18z.pgrb2.0p25.f024,413785943-414630460,https://noaa-gfs-bdp-pds.s3.amazonaws.com/gfs.20250730/18/atmos/gfs.t18z.pgrb2.0p25.f024.idx,6d0ab289248397c013496d7324270637c31aef684ce489454bab4b4245833d4a,PRES,surface,24 hour fcst,2025-07-30,18,24,DSM:2025-07-31,2026-09-23T19:58:00Z,844518,310ec655f819658af941952b7532b68687e318511e5f5921becf5dfa6cdc3b08
gfs_20250730_t18z_f024_PRMSL_meansealevel.grib2,https://noaa-gfs-bdp-pds.s3.amazonaws.com/gfs.20250730/18/atmos/gfs.t18z.pgrb2.0p25.f024,0-893557,https://noaa-gfs-bdp-pds.s3.amazonaws.com/gfs.20250730/18/atmos/gfs.t18z.pgrb2.0p25.f024.idx,6d0ab289248397c013496d7324270637c31aef684ce489454bab4b4245833d4a,PRMSL,mean sea level,24 hour fcst,2025-07-30,18,24,DSM:2025-07-31,2026-09-23T19:58:00Z,893558,e67b4b8665ff60e7220cf9a3958ff179cef1e9cb771451f6014819bc43104b86
gfs_20250730_t18z_f024_RH_2maboveground.grib2,https://noaa-gfs-bdp-pds.s3.amazonaws.com/gfs.20250730/18/atmos/gfs.t18z.pgrb2.0p25.f024,424394657-425194795,https://noaa-gfs-bdp-pds.s3.amazonaws.com/gfs.20250730/18/atmos/gfs.t18z.pgrb2.0p25.f024.idx,6d0ab289248397c013496d7324270637c31aef684ce489454bab4b4245833d4a,RH,2 m above ground,24 hour fcst,2025-07-30,18,24,DSM:2025-07-31,2026-09-23T19:58:01Z,800139,1f73a600464d5017856068b3efdfe58120d02866dcf698e80d165c727621cc36
gfs_20250730_t18z_f024_SPFH_2maboveground.grib2,https://noaa-gfs-bdp-pds.s3.amazonaws.com/gfs.20250730/18/atmos/gfs.t18z.pgrb2.0p25.f024,422620005-423856777,https://noaa-gfs-bdp-pds.s3.amazonaws.com/gfs.20250730/18/atmos/gfs.t18z.pgrb2.0p25.f024.idx,6d0ab289248397c013496d7324270637c31aef684ce489454bab4b4245833d4a,SPFH,2 m above ground,24 hour fcst,2025-07-30,18,24,DSM:2025-07-31,2026-09-23T19:58:01Z,1236773,663a095fcdc1ee6013882affd520b328aa284e8eee3d5ff276e7500ccbc80176
gfs_20250730_t18z_f024_TMP_700mb.grib2,https://noaa-gfs-bdp-pds.s3.amazonaws.com/gfs.20250730/18/atmos/gfs.t18z.pgrb2.0p25.f024,307403621-308192899,https://noaa-gfs-bdp-pds.s3.amazonaws.com/gfs.20250730/18/atmos/gfs.t18z.pgrb2.0p25.f024.idx,6d0ab289248397c013496d7324270637c31aef684ce489454bab4b4245833d4a,TMP,700 mb,24 hour fcst,2025-07-30,18,24,DSM:2025-07-31,2026-09-23T19:58:00Z,789279,7aed6f92f8038d1c36087b9ddaab9fc9b51c0f5294258485633dea8d470c87dd
gfs_20250730_t18z_f024_TMP_850mb.grib2,https://noaa-gfs-bdp-pds.s3.amazonaws.com/gfs.20250730/18/atmos/gfs.t18z.pgrb2.0p25.f024,342347088-343210960,https://noaa-gfs-bdp-pds.s3.amazonaws.com/gfs.20250730/18/atmos/gfs.t18z.pgrb2.0p25.f024.idx,6d0ab289248397c013496d7324270637c31aef684ce489454bab4b4245833d4a,TMP,850 mb,24 hour fcst,2025-07-30,18,24,DSM:2025-07-31,2026-09-23T19:58:02Z,863873,a32186f41a7e8def4b5171e1ca727865710010e6512e35eecce447bc423a12c7
gfs_20250730_t18z_f024_TMP_925mb.grib2,https://noaa-gfs-bdp-pds.s3.amazonaws.com/gfs.20250730/18/atmos/gfs.t18z.pgrb2.0p25.f024,366764478-367645508,https://noaa-gfs-bdp-pds.s3.amazonaws.com/gfs.20250730/18/atmos/gfs.t18z.pgrb2.0p25.f024.idx,6d0ab289248397c013496d7324270637c31aef684ce489454bab4b4245833d4a,TMP,925 mb,24 hour fcst,2025-07-30,18,24,DSM:2025-07-31,2026-09-23T19:58:02Z,881031,8ab3afd8665b5d0d9f0505d397d5c6a9c675cbcd5ffea0fde21b21260adbff0c
gfs_20250730_t18z_f026_DPT_2maboveground.grib2,https://noaa-gfs-bdp-pds.s3.amazonaws.com/gfs.20250730/18/atmos/gfs.t18z.pgrb2.0p25.f026,419641330-420178066,https://noaa-gfs-bdp-pds.s3.amazonaws.com/gfs.20250730/18/atmos/gfs.t18z.pgrb2.0p25.f026.idx,7319fd4ff93950556386e83d8b76ce060e8031d99e64ff9a4829106ee6de48ab,DPT,2 m above ground,26 hour fcst,2025-07-30,18,26,RNO:2025-07-31,2026-09-23T19:58:02Z,536737,a0dd0a148291052c09f5ffcce55d0ca66b3985b7fccec1e2a3212820c6c1710e
gfs_20250730_t18z_f026_DSWRF_surface.grib2,https://noaa-gfs-bdp-pds.s3.amazonaws.com/gfs.20250730/18/atmos/gfs.t18z.pgrb2.0p25.f026,462461486-463292412,https://noaa-gfs-bdp-pds.s3.amazonaws.com/gfs.20250730/18/atmos/gfs.t18z.pgrb2.0p25.f026.idx,7319fd4ff93950556386e83d8b76ce060e8031d99e64ff9a4829106ee6de48ab,DSWRF,surface,24-26 hour ave fcst,2025-07-30,18,26,RNO:2025-07-31,2026-09-23T19:58:02Z,830927,9aefe7b25bf92821700f8681209a9c4de297f548eb2b1c871b21b7b02dcdb103
gfs_20250730_t18z_f026_PRES_surface.grib2,https://noaa-gfs-bdp-pds.s3.amazonaws.com/gfs.20250730/18/atmos/gfs.t18z.pgrb2.0p25.f026,409585037-410429796,https://noaa-gfs-bdp-pds.s3.amazonaws.com/gfs.20250730/18/atmos/gfs.t18z.pgrb2.0p25.f026.idx,7319fd4ff93950556386e83d8b76ce060e8031d99e64ff9a4829106ee6de48ab,PRES,surface,26 hour fcst,2025-07-30,18,26,RNO:2025-07-31,2026-09-23T19:58:03Z,844760,4b1bd22421a5c74a997e0ecba2c389c601767c68c9f71017dc9aa1286bde6bef
gfs_20250730_t18z_f026_PRMSL_meansealevel.grib2,https://noaa-gfs-bdp-pds.s3.amazonaws.com/gfs.20250730/18/atmos/gfs.t18z.pgrb2.0p25.f026,0-894068,https://noaa-gfs-bdp-pds.s3.amazonaws.com/gfs.20250730/18/atmos/gfs.t18z.pgrb2.0p25.f026.idx,7319fd4ff93950556386e83d8b76ce060e8031d99e64ff9a4829106ee6de48ab,PRMSL,mean sea level,26 hour fcst,2025-07-30,18,26,RNO:2025-07-31,2026-09-23T19:58:02Z,894069,dca0171334ef2b15d968427b5e7cb3ba49588e0bc5c9c52b12101cd538425b9a
gfs_20250730_t18z_f026_RH_2maboveground.grib2,https://noaa-gfs-bdp-pds.s3.amazonaws.com/gfs.20250730/18/atmos/gfs.t18z.pgrb2.0p25.f026,420178067-420978293,https://noaa-gfs-bdp-pds.s3.amazonaws.com/gfs.20250730/18/atmos/gfs.t18z.pgrb2.0p25.f026.idx,7319fd4ff93950556386e83d8b76ce060e8031d99e64ff9a4829106ee6de48ab,RH,2 m above ground,26 hour fcst,2025-07-30,18,26,RNO:2025-07-31,2026-09-23T19:58:02Z,800227,6e6272f5b4b9c9785a17c5043cf655d345c7e5cd945edf7b9734e901fac9d828
gfs_20250730_t18z_f026_SPFH_2maboveground.grib2,https://noaa-gfs-bdp-pds.s3.amazonaws.com/gfs.20250730/18/atmos/gfs.t18z.pgrb2.0p25.f026,418409352-419641329,https://noaa-gfs-bdp-pds.s3.amazonaws.com/gfs.20250730/18/atmos/gfs.t18z.pgrb2.0p25.f026.idx,7319fd4ff93950556386e83d8b76ce060e8031d99e64ff9a4829106ee6de48ab,SPFH,2 m above ground,26 hour fcst,2025-07-30,18,26,RNO:2025-07-31,2026-09-23T19:58:03Z,1231978,dc2e33e27f3e225ab83bc35fa0318b2768b353e38d90fec0520fb0837c5796d1
gfs_20250730_t18z_f026_TMP_700mb.grib2,https://noaa-gfs-bdp-pds.s3.amazonaws.com/gfs.20250730/18/atmos/gfs.t18z.pgrb2.0p25.f026,303306503-304097075,https://noaa-gfs-bdp-pds.s3.amazonaws.com/gfs.20250730/18/atmos/gfs.t18z.pgrb2.0p25.f026.idx,7319fd4ff93950556386e83d8b76ce060e8031d99e64ff9a4829106ee6de48ab,TMP,700 mb,26 hour fcst,2025-07-30,18,26,RNO:2025-07-31,2026-09-23T19:58:03Z,790573,cdf73ae893fcad477a938d18ec031a05f1d3456d7628b99c32e167f422aabe4d
gfs_20250730_t18z_f026_TMP_850mb.grib2,https://noaa-gfs-bdp-pds.s3.amazonaws.com/gfs.20250730/18/atmos/gfs.t18z.pgrb2.0p25.f026,338148733-339013257,https://noaa-gfs-bdp-pds.s3.amazonaws.com/gfs.20250730/18/atmos/gfs.t18z.pgrb2.0p25.f026.idx,7319fd4ff93950556386e83d8b76ce060e8031d99e64ff9a4829106ee6de48ab,TMP,850 mb,26 hour fcst,2025-07-30,18,26,RNO:2025-07-31,2026-09-23T19:58:04Z,864525,1d3810d6789c73ed9f412e0d569f35dafc0c40386fdb7ed584294d3b7298c983
gfs_20250730_t18z_f026_TMP_925mb.grib2,https://noaa-gfs-bdp-pds.s3.amazonaws.com/gfs.20250730/18/atmos/gfs.t18z.pgrb2.0p25.f026,362523883-363405926,https://noaa-gfs-bdp-pds.s3.amazonaws.com/gfs.20250730/18/atmos/gfs.t18z.pgrb2.0p25.f026.idx,7319fd4ff93950556386e83d8b76ce060e8031d99e64ff9a4829106ee6de48ab,TMP,925 mb,26 hour fcst,2025-07-30,18,26,RNO:2025-07-31,2026-09-23T19:58:04Z,882044,cc06226499ce763f429815067d6171b9da83d262506588f6580ded037d69d2b1
gfs_20250731_t00z_f023_PRMSL_meansealevel.grib2,https://noaa-gfs-bdp-pds.s3.amazonaws.com/gfs.20250731/00/atmos/gfs.t00z.pgrb2.0p25.f023,0-1017348,https://noaa-gfs-bdp-pds.s3.amazonaws.com/gfs.20250731/00/atmos/gfs.t00z.pgrb2.0p25.f023.idx,df71da9eaac79e83a7eeb7748fc699768c421097d29b05cd0d87598af84b17b2,PRMSL,mean sea level,23 hour fcst,2025-07-31,0,23,YSDU:2025-08-01,2026-09-23T19:58:04Z,1017349,16b75fa5eb827e84d54f267e289d864d06dee8b42bf6c87fec414e37c47e440d
gfs_20250731_t00z_f026_DPT_2maboveground.grib2,https://noaa-gfs-bdp-pds.s3.amazonaws.com/gfs.20250731/00/atmos/gfs.t00z.pgrb2.0p25.f026,422217085-422753753,https://noaa-gfs-bdp-pds.s3.amazonaws.com/gfs.20250731/00/atmos/gfs.t00z.pgrb2.0p25.f026.idx,f6376d369c3984f627e8471e242ebc990a0b9693bc509c8038b354d45b377897,DPT,2 m above ground,26 hour fcst,2025-07-31,0,26,YSDU:2025-08-01,2026-09-23T19:58:03Z,536669,43473d2dccec36f5ddeeca43e6fe4a35eddee9fada53d9b7e606349df9f65d1c
gfs_20250731_t00z_f026_DSWRF_surface.grib2,https://noaa-gfs-bdp-pds.s3.amazonaws.com/gfs.20250731/00/atmos/gfs.t00z.pgrb2.0p25.f026,464993064-465843137,https://noaa-gfs-bdp-pds.s3.amazonaws.com/gfs.20250731/00/atmos/gfs.t00z.pgrb2.0p25.f026.idx,f6376d369c3984f627e8471e242ebc990a0b9693bc509c8038b354d45b377897,DSWRF,surface,24-26 hour ave fcst,2025-07-31,0,26,YSDU:2025-08-01,2026-09-23T19:58:04Z,850074,59a88afa6c3240c0ae80fcdbf28b74e1b24b6e6c13a739930616590301f338d8
gfs_20250731_t00z_f026_PRES_surface.grib2,https://noaa-gfs-bdp-pds.s3.amazonaws.com/gfs.20250731/00/atmos/gfs.t00z.pgrb2.0p25.f026,412128038-412972924,https://noaa-gfs-bdp-pds.s3.amazonaws.com/gfs.20250731/00/atmos/gfs.t00z.pgrb2.0p25.f026.idx,f6376d369c3984f627e8471e242ebc990a0b9693bc509c8038b354d45b377897,PRES,surface,26 hour fcst,2025-07-31,0,26,YSDU:2025-08-01,2026-09-23T19:58:04Z,844887,3f3b7115af4abffc82badd2c7a517be9d8c6a9f57458abc57b9771004ae90351
gfs_20250731_t00z_f026_PRMSL_meansealevel.grib2,https://noaa-gfs-bdp-pds.s3.amazonaws.com/gfs.20250731/00/atmos/gfs.t00z.pgrb2.0p25.f026,0-890336,https://noaa-gfs-bdp-pds.s3.amazonaws.com/gfs.20250731/00/atmos/gfs.t00z.pgrb2.0p25.f026.idx,f6376d369c3984f627e8471e242ebc990a0b9693bc509c8038b354d45b377897,PRMSL,mean sea level,26 hour fcst,2025-07-31,0,26,YSDU:2025-08-01,2026-09-23T19:58:04Z,890337,b4583786dd6f8e9b486b4ae8d94268c3d29666570c3f3efdfb8b6952a0a347aa
gfs_20250731_t00z_f026_RH_2maboveground.grib2,https://noaa-gfs-bdp-pds.s3.amazonaws.com/gfs.20250731/00/atmos/gfs.t00z.pgrb2.0p25.f026,422753754-423552258,https://noaa-gfs-bdp-pds.s3.amazonaws.com/gfs.20250731/00/atmos/gfs.t00z.pgrb2.0p25.f026.idx,f6376d369c3984f627e8471e242ebc990a0b9693bc509c8038b354d45b377897,RH,2 m above ground,26 hour fcst,2025-07-31,0,26,YSDU:2025-08-01,2026-09-23T19:58:04Z,798505,9d1dd217453d34b33cdacdf32145ea92af6fb732ea5b1b00b2c2188550cf5e30
gfs_20250731_t00z_f026_SPFH_2maboveground.grib2,https://noaa-gfs-bdp-pds.s3.amazonaws.com/gfs.20250731/00/atmos/gfs.t00z.pgrb2.0p25.f026,420985632-422217084,https://noaa-gfs-bdp-pds.s3.amazonaws.com/gfs.20250731/00/atmos/gfs.t00z.pgrb2.0p25.f026.idx,f6376d369c3984f627e8471e242ebc990a0b9693bc509c8038b354d45b377897,SPFH,2 m above ground,26 hour fcst,2025-07-31,0,26,YSDU:2025-08-01,2026-09-23T19:58:05Z,1231453,03d84a8152a71938b6ee58162301258b7221912cc875bd506a95a1f0760aa41c
gfs_20250731_t00z_f026_TMP_700mb.grib2,https://noaa-gfs-bdp-pds.s3.amazonaws.com/gfs.20250731/00/atmos/gfs.t00z.pgrb2.0p25.f026,306181622-306966794,https://noaa-gfs-bdp-pds.s3.amazonaws.com/gfs.20250731/00/atmos/gfs.t00z.pgrb2.0p25.f026.idx,f6376d369c3984f627e8471e242ebc990a0b9693bc509c8038b354d45b377897,TMP,700 mb,26 hour fcst,2025-07-31,0,26,YSDU:2025-08-01,2026-09-23T19:58:04Z,785173,fca45f30d6c52e5d17f7871d3c9db9c439d92aa754e1633459ddac18fc425385
gfs_20250731_t00z_f026_TMP_850mb.grib2,https://noaa-gfs-bdp-pds.s3.amazonaws.com/gfs.20250731/00/atmos/gfs.t00z.pgrb2.0p25.f026,340840048-341701450,https://noaa-gfs-bdp-pds.s3.amazonaws.com/gfs.20250731/00/atmos/gfs.t00z.pgrb2.0p25.f026.idx,f6376d369c3984f627e8471e242ebc990a0b9693bc509c8038b354d45b377897,TMP,850 mb,26 hour fcst,2025-07-31,0,26,YSDU:2025-08-01,2026-09-23T19:58:05Z,861403,9ffa12ef6bdf0bf413a5270917f18d3ba554993ece7543725e095a1166612f9a
gfs_20250731_t00z_f026_TMP_925mb.grib2,https://noaa-gfs-bdp-pds.s3.amazonaws.com/gfs.20250731/00/atmos/gfs.t00z.pgrb2.0p25.f026,365172204-366054298,https://noaa-gfs-bdp-pds.s3.amazonaws.com/gfs.20250731/00/atmos/gfs.t00z.pgrb2.0p25.f026.idx,f6376d369c3984f627e8471e242ebc990a0b9693bc509c8038b354d45b377897,TMP,925 mb,26 hour fcst,2025-07-31,0,26,YSDU:2025-08-01,2026-09-23T19:58:05Z,882095,8a9b0b38c4f1987f6625b8a867b9646dcae34b8dcb0f8ce6bc98bcc03a1b115e
gfs_20250731_t12z_f021_PRMSL_meansealevel.grib2,https://noaa-gfs-bdp-pds.s3.amazonaws.com/gfs.20250731/12/atmos/gfs.t12z.pgrb2.0p25.f021,0-1021309,https://noaa-gfs-bdp-pds.s3.amazonaws.com/gfs.20250731/12/atmos/gfs.t12z.pgrb2.0p25.f021.idx,d7454c581643a912536b467d89c5c036c77303eb3936544d6252c41fcc963428,PRMSL,mean sea level,21 hour fcst,2025-07-31,12,21,EGLC:2025-08-01 LFPG:2025-08-01,2026-09-23T19:58:06Z,1021310,6a916f21adac6389cac7fa01ee2b7152bbaec64b2172a2ae632720f1e585ae9e
gfs_20250731_t12z_f022_DSWRF_surface.grib2,https://noaa-gfs-bdp-pds.s3.amazonaws.com/gfs.20250731/12/atmos/gfs.t12z.pgrb2.0p25.f022,466231400-467117164,https://noaa-gfs-bdp-pds.s3.amazonaws.com/gfs.20250731/12/atmos/gfs.t12z.pgrb2.0p25.f022.idx,800641ad3b8c51eb5767dcc2d91c1399d3b198b9bafd88f5a47783eae9fa8a74,DSWRF,surface,18-22 hour ave fcst,2025-07-31,12,22,EGLC:2025-08-01 LFPG:2025-08-01,2026-09-23T19:58:06Z,885765,ba30d177182954f22d82d7210dd5fee3b3322822af9a3ccd6456f6a508ccce40
gfs_20250731_t12z_f024_DPT_2maboveground.grib2,https://noaa-gfs-bdp-pds.s3.amazonaws.com/gfs.20250731/12/atmos/gfs.t12z.pgrb2.0p25.f024,421900186-422436398,https://noaa-gfs-bdp-pds.s3.amazonaws.com/gfs.20250731/12/atmos/gfs.t12z.pgrb2.0p25.f024.idx,de8529ea0f409a64a429f910a5350f13848ae08576172337736de924c54fca03,DPT,2 m above ground,24 hour fcst,2025-07-31,12,24,EGLC:2025-08-01 LFPG:2025-08-01,2026-09-23T19:58:05Z,536213,f08a6b1a7894a988166cb7b1f28c1111dff4f93eca153669a13ca548aaaf1602
gfs_20250731_t12z_f024_DSWRF_surface.grib2,https://noaa-gfs-bdp-pds.s3.amazonaws.com/gfs.20250731/12/atmos/gfs.t12z.pgrb2.0p25.f024,467167987-468151994,https://noaa-gfs-bdp-pds.s3.amazonaws.com/gfs.20250731/12/atmos/gfs.t12z.pgrb2.0p25.f024.idx,de8529ea0f409a64a429f910a5350f13848ae08576172337736de924c54fca03,DSWRF,surface,18-24 hour ave fcst,2025-07-31,12,24,EGLC:2025-08-01 LFPG:2025-08-01,2026-09-23T19:58:06Z,984008,0d64ae964e1e5eb244da90f2782b508b38f0ae6e1651a385c5938aa354335e92
gfs_20250731_t12z_f024_PRES_surface.grib2,https://noaa-gfs-bdp-pds.s3.amazonaws.com/gfs.20250731/12/atmos/gfs.t12z.pgrb2.0p25.f024,411823786-412671228,https://noaa-gfs-bdp-pds.s3.amazonaws.com/gfs.20250731/12/atmos/gfs.t12z.pgrb2.0p25.f024.idx,de8529ea0f409a64a429f910a5350f13848ae08576172337736de924c54fca03,PRES,surface,24 hour fcst,2025-07-31,12,24,EGLC:2025-08-01 LFPG:2025-08-01,2026-09-23T19:58:05Z,847443,ade1236d79588f50b0f8d54b326af177e65d5054d94d7f30bba540f13715a4dc
gfs_20250731_t12z_f024_PRMSL_meansealevel.grib2,https://noaa-gfs-bdp-pds.s3.amazonaws.com/gfs.20250731/12/atmos/gfs.t12z.pgrb2.0p25.f024,0-1021791,https://noaa-gfs-bdp-pds.s3.amazonaws.com/gfs.20250731/12/atmos/gfs.t12z.pgrb2.0p25.f024.idx,de8529ea0f409a64a429f910a5350f13848ae08576172337736de924c54fca03,PRMSL,mean sea level,24 hour fcst,2025-07-31,12,24,EGLC:2025-08-01 LFPG:2025-08-01,2026-09-23T19:58:06Z,1021792,37d2a247de90bead8fae99419f6a9d2d4065526e50f7d1a5144e6aaf8c299d75
gfs_20250731_t12z_f024_RH_2maboveground.grib2,https://noaa-gfs-bdp-pds.s3.amazonaws.com/gfs.20250731/12/atmos/gfs.t12z.pgrb2.0p25.f024,422436399-423232542,https://noaa-gfs-bdp-pds.s3.amazonaws.com/gfs.20250731/12/atmos/gfs.t12z.pgrb2.0p25.f024.idx,de8529ea0f409a64a429f910a5350f13848ae08576172337736de924c54fca03,RH,2 m above ground,24 hour fcst,2025-07-31,12,24,EGLC:2025-08-01 LFPG:2025-08-01,2026-09-23T19:58:06Z,796144,498a55665f5c42a815070cd8c1981db97c6c42db5ad77d0798f1ea797e454a94
gfs_20250731_t12z_f024_SPFH_2maboveground.grib2,https://noaa-gfs-bdp-pds.s3.amazonaws.com/gfs.20250731/12/atmos/gfs.t12z.pgrb2.0p25.f024,420667960-421900185,https://noaa-gfs-bdp-pds.s3.amazonaws.com/gfs.20250731/12/atmos/gfs.t12z.pgrb2.0p25.f024.idx,de8529ea0f409a64a429f910a5350f13848ae08576172337736de924c54fca03,SPFH,2 m above ground,24 hour fcst,2025-07-31,12,24,EGLC:2025-08-01 LFPG:2025-08-01,2026-09-23T19:58:07Z,1232226,aeed8f73611399a8efe12a581a2f1d3f5419e9b3952d2053f9feff85b510a75a
gfs_20250731_t12z_f024_TMP_700mb.grib2,https://noaa-gfs-bdp-pds.s3.amazonaws.com/gfs.20250731/12/atmos/gfs.t12z.pgrb2.0p25.f024,305712131-306501348,https://noaa-gfs-bdp-pds.s3.amazonaws.com/gfs.20250731/12/atmos/gfs.t12z.pgrb2.0p25.f024.idx,de8529ea0f409a64a429f910a5350f13848ae08576172337736de924c54fca03,TMP,700 mb,24 hour fcst,2025-07-31,12,24,EGLC:2025-08-01 LFPG:2025-08-01,2026-09-23T19:58:07Z,789218,562f19caa3b87aeb69c30ce0a46cdef71e357c1394f8c0fbdafe6dc107e50848
gfs_20250731_t12z_f024_TMP_850mb.grib2,https://noaa-gfs-bdp-pds.s3.amazonaws.com/gfs.20250731/12/atmos/gfs.t12z.pgrb2.0p25.f024,340688401-341552503,https://noaa-gfs-bdp-pds.s3.amazonaws.com/gfs.20250731/12/atmos/gfs.t12z.pgrb2.0p25.f024.idx,de8529ea0f409a64a429f910a5350f13848ae08576172337736de924c54fca03,TMP,850 mb,24 hour fcst,2025-07-31,12,24,EGLC:2025-08-01 LFPG:2025-08-01,2026-09-23T19:58:07Z,864103,5a16525f02ca4d4b1c60745999036063c59de3544bc37864af1b0d784981445e
gfs_20250731_t12z_f024_TMP_925mb.grib2,https://noaa-gfs-bdp-pds.s3.amazonaws.com/gfs.20250731/12/atmos/gfs.t12z.pgrb2.0p25.f024,365207296-366088340,https://noaa-gfs-bdp-pds.s3.amazonaws.com/gfs.20250731/12/atmos/gfs.t12z.pgrb2.0p25.f024.idx,de8529ea0f409a64a429f910a5350f13848ae08576172337736de924c54fca03,TMP,925 mb,24 hour fcst,2025-07-31,12,24,EGLC:2025-08-01 LFPG:2025-08-01,2026-09-23T19:58:07Z,881045,1b1344213d34fa22e20d6a805266c45d10a0ccd8529e639d1afb989018d47ba2
gfs_20250731_t18z_f021_PRMSL_meansealevel.grib2,https://noaa-gfs-bdp-pds.s3.amazonaws.com/gfs.20250731/18/atmos/gfs.t18z.pgrb2.0p25.f021,0-1021943,https://noaa-gfs-bdp-pds.s3.amazonaws.com/gfs.20250731/18/atmos/gfs.t18z.pgrb2.0p25.f021.idx,e62d6e69a9a3e05ae0821ddd5c5c02b285ae637e4d379e34c9752173ef479c6f,PRMSL,mean sea level,21 hour fcst,2025-07-31,18,21,DSM:2025-08-01,2026-09-23T19:58:08Z,1021944,07ef82a4769f36ed33b328a400a1ed7d7da3cd4af6bfe252435e64d99ece93d0
gfs_20250731_t18z_f022_DSWRF_surface.grib2,https://noaa-gfs-bdp-pds.s3.amazonaws.com/gfs.20250731/18/atmos/gfs.t18z.pgrb2.0p25.f022,466679219-467566384,https://noaa-gfs-bdp-pds.s3.amazonaws.com/gfs.20250731/18/atmos/gfs.t18z.pgrb2.0p25.f022.idx,32ecf4c17d6d78a483ed0d4e8323710de2ce0789767c584563c0b7dec337cb3a,DSWRF,surface,18-22 hour ave fcst,2025-07-31,18,22,DSM:2025-08-01,2026-09-23T19:58:08Z,887166,393b5eab876156f57d4158762bf063e4d3744cc5b61323b6ac13c0218cf5d347
gfs_20250731_t18z_f023_PRMSL_meansealevel.grib2,https://noaa-gfs-bdp-pds.s3.amazonaws.com/gfs.20250731/18/atmos/gfs.t18z.pgrb2.0p25.f023,0-1021651,https://noaa-gfs-bdp-pds.s3.amazonaws.com/gfs.20250731/18/atmos/gfs.t18z.pgrb2.0p25.f023.idx,53dc26703778dea1f8a761612b63c165894b07cbc360c86d85c5d36f8d927a49,PRMSL,mean sea level,23 hour fcst,2025-07-31,18,23,RNO:2025-08-01,2026-09-23T19:58:08Z,1021652,4837d1aa052bb27a92cc77830ad609c5590488ac0439f4d757156b6d81d9b7da
gfs_20250731_t18z_f024_DPT_2maboveground.grib2,https://noaa-gfs-bdp-pds.s3.amazonaws.com/gfs.20250731/18/atmos/gfs.t18z.pgrb2.0p25.f024,423213128-423748461,https://noaa-gfs-bdp-pds.s3.amazonaws.com/gfs.20250731/18/atmos/gfs.t18z.pgrb2.0p25.f024.idx,b8a1070438834b628f470d9df087004e556aa6765c68faa14100d6cc95651e18,DPT,2 m above ground,24 hour fcst,2025-07-31,18,24,DSM:2025-08-01,2026-09-23T19:58:08Z,535334,ac231bfb9065e9b9ab393ecbcc7cb236b0b05306b08dac9c3e3efd0f2d2f93b0
gfs_20250731_t18z_f024_DSWRF_surface.grib2,https://noaa-gfs-bdp-pds.s3.amazonaws.com/gfs.20250731/18/atmos/gfs.t18z.pgrb2.0p25.f024,468275925-469264707,https://noaa-gfs-bdp-pds.s3.amazonaws.com/gfs.20250731/18/atmos/gfs.t18z.pgrb2.0p25.f024.idx,b8a1070438834b628f470d9df087004e556aa6765c68faa14100d6cc95651e18,DSWRF,surface,18-24 hour ave fcst,2025-07-31,18,24,DSM:2025-08-01,2026-09-23T19:58:08Z,988783,c830f32b5986a83ec22b1ae3843cabc73f07c54cb8ecda7e37b93516b770793f
gfs_20250731_t18z_f024_PRES_surface.grib2,https://noaa-gfs-bdp-pds.s3.amazonaws.com/gfs.20250731/18/atmos/gfs.t18z.pgrb2.0p25.f024,413137968-413984576,https://noaa-gfs-bdp-pds.s3.amazonaws.com/gfs.20250731/18/atmos/gfs.t18z.pgrb2.0p25.f024.idx,b8a1070438834b628f470d9df087004e556aa6765c68faa14100d6cc95651e18,PRES,surface,24 hour fcst,2025-07-31,18,24,DSM:2025-08-01,2026-09-23T19:58:08Z,846609,622efa3cd65a13e97efaaaa13791dd142721581fefdc6edce3edb45727c542fd
gfs_20250731_t18z_f024_PRMSL_meansealevel.grib2,https://noaa-gfs-bdp-pds.s3.amazonaws.com/gfs.20250731/18/atmos/gfs.t18z.pgrb2.0p25.f024,0-1020812,https://noaa-gfs-bdp-pds.s3.amazonaws.com/gfs.20250731/18/atmos/gfs.t18z.pgrb2.0p25.f024.idx,b8a1070438834b628f470d9df087004e556aa6765c68faa14100d6cc95651e18,PRMSL,mean sea level,24 hour fcst,2025-07-31,18,24,DSM:2025-08-01,2026-09-23T19:58:10Z,1020813,95dbfe910ee40f810d2d18ff42f8ecd02a5445cc41db65a711eaad90335393ce
gfs_20250731_t18z_f024_RH_2maboveground.grib2,https://noaa-gfs-bdp-pds.s3.amazonaws.com/gfs.20250731/18/atmos/gfs.t18z.pgrb2.0p25.f024,423748462-424543419,https://noaa-gfs-bdp-pds.s3.amazonaws.com/gfs.20250731/18/atmos/gfs.t18z.pgrb2.0p25.f024.idx,b8a1070438834b628f470d9df087004e556aa6765c68faa14100d6cc95651e18,RH,2 m above ground,24 hour fcst,2025-07-31,18,24,DSM:2025-08-01,2026-09-23T19:58:08Z,794958,f1590922fafa7c8e662b203f265d31f75cff3d31ebe1d6cdd4cefc50b30463bf
gfs_20250731_t18z_f024_SPFH_2maboveground.grib2,https://noaa-gfs-bdp-pds.s3.amazonaws.com/gfs.20250731/18/atmos/gfs.t18z.pgrb2.0p25.f024,421982773-423213127,https://noaa-gfs-bdp-pds.s3.amazonaws.com/gfs.20250731/18/atmos/gfs.t18z.pgrb2.0p25.f024.idx,b8a1070438834b628f470d9df087004e556aa6765c68faa14100d6cc95651e18,SPFH,2 m above ground,24 hour fcst,2025-07-31,18,24,DSM:2025-08-01,2026-09-23T19:58:12Z,1230355,2c2297ab4fd334017a1be5c98d45f9afa92967801e9c923a2bfa1a38ce83e1c7
gfs_20250731_t18z_f024_TMP_700mb.grib2,https://noaa-gfs-bdp-pds.s3.amazonaws.com/gfs.20250731/18/atmos/gfs.t18z.pgrb2.0p25.f024,306426443-307217797,https://noaa-gfs-bdp-pds.s3.amazonaws.com/gfs.20250731/18/atmos/gfs.t18z.pgrb2.0p25.f024.idx,b8a1070438834b628f470d9df087004e556aa6765c68faa14100d6cc95651e18,TMP,700 mb,24 hour fcst,2025-07-31,18,24,DSM:2025-08-01,2026-09-23T19:58:10Z,791355,37922e113cd9e8c5103672c83d109102840cfc80fb14f220355a5a028d3659eb
gfs_20250731_t18z_f024_TMP_850mb.grib2,https://noaa-gfs-bdp-pds.s3.amazonaws.com/gfs.20250731/18/atmos/gfs.t18z.pgrb2.0p25.f024,341606728-342470511,https://noaa-gfs-bdp-pds.s3.amazonaws.com/gfs.20250731/18/atmos/gfs.t18z.pgrb2.0p25.f024.idx,b8a1070438834b628f470d9df087004e556aa6765c68faa14100d6cc95651e18,TMP,850 mb,24 hour fcst,2025-07-31,18,24,DSM:2025-08-01,2026-09-23T19:58:11Z,863784,069a7f6e9d923989b8ba1b05b64c62826ca1630198a923bd8ce43bc02f52d686
gfs_20250731_t18z_f024_TMP_925mb.grib2,https://noaa-gfs-bdp-pds.s3.amazonaws.com/gfs.20250731/18/atmos/gfs.t18z.pgrb2.0p25.f024,366062558-366944212,https://noaa-gfs-bdp-pds.s3.amazonaws.com/gfs.20250731/18/atmos/gfs.t18z.pgrb2.0p25.f024.idx,b8a1070438834b628f470d9df087004e556aa6765c68faa14100d6cc95651e18,TMP,925 mb,24 hour fcst,2025-07-31,18,24,DSM:2025-08-01,2026-09-23T19:58:13Z,881655,5b01db51a3d4ed59c2b7747a1a140978b6b67b854be0cf58b2fbe401af4d3cbb
gfs_20250731_t18z_f026_DPT_2maboveground.grib2,https://noaa-gfs-bdp-pds.s3.amazonaws.com/gfs.20250731/18/atmos/gfs.t18z.pgrb2.0p25.f026,422840808-423376689,https://noaa-gfs-bdp-pds.s3.amazonaws.com/gfs.20250731/18/atmos/gfs.t18z.pgrb2.0p25.f026.idx,d006c07dcdc454d30e08cf3c06290d3520e61f7f43bee72ea04f273f4c6cb624,DPT,2 m above ground,26 hour fcst,2025-07-31,18,26,RNO:2025-08-01,2026-09-23T19:58:10Z,535882,307d745bbef16ab037a88e3966986f89fbd1213288deff4421298513c91a272c
gfs_20250731_t18z_f026_DSWRF_surface.grib2,https://noaa-gfs-bdp-pds.s3.amazonaws.com/gfs.20250731/18/atmos/gfs.t18z.pgrb2.0p25.f026,465097088-465928160,https://noaa-gfs-bdp-pds.s3.amazonaws.com/gfs.20250731/18/atmos/gfs.t18z.pgrb2.0p25.f026.idx,d006c07dcdc454d30e08cf3c06290d3520e61f7f43bee72ea04f273f4c6cb624,DSWRF,surface,24-26 hour ave fcst,2025-07-31,18,26,RNO:2025-08-01,2026-09-23T19:58:15Z,831073,725c25b56b9a180589a3e771d1d73a1a645852f4b92697493eba287b58a7a67a
gfs_20250731_t18z_f026_PRES_surface.grib2,https://noaa-gfs-bdp-pds.s3.amazonaws.com/gfs.20250731/18/atmos/gfs.t18z.pgrb2.0p25.f026,412775188-413621471,https://noaa-gfs-bdp-pds.s3.amazonaws.com/gfs.20250731/18/atmos/gfs.t18z.pgrb2.0p25.f026.idx,d006c07dcdc454d30e08cf3c06290d3520e61f7f43bee72ea04f273f4c6cb624,PRES,surface,26 hour fcst,2025-07-31,18,26,RNO:2025-08-01,2026-09-23T19:58:14Z,846284,82399b335c807a51001540a208683707c1b661c1487be911d8572b47ebe87e91
gfs_20250731_t18z_f026_PRMSL_meansealevel.grib2,https://noaa-gfs-bdp-pds.s3.amazonaws.com/gfs.20250731/18/atmos/gfs.t18z.pgrb2.0p25.f026,0-1023457,https://noaa-gfs-bdp-pds.s3.amazonaws.com/gfs.20250731/18/atmos/gfs.t18z.pgrb2.0p25.f026.idx,d006c07dcdc454d30e08cf3c06290d3520e61f7f43bee72ea04f273f4c6cb624,PRMSL,mean sea level,26 hour fcst,2025-07-31,18,26,RNO:2025-08-01,2026-09-23T19:58:15Z,1023458,749899d8d0acf7e15275305d880b302a1ebeb33aed626cb2f01b936ce5476b5d
gfs_20250731_t18z_f026_RH_2maboveground.grib2,https://noaa-gfs-bdp-pds.s3.amazonaws.com/gfs.20250731/18/atmos/gfs.t18z.pgrb2.0p25.f026,423376690-424172678,https://noaa-gfs-bdp-pds.s3.amazonaws.com/gfs.20250731/18/atmos/gfs.t18z.pgrb2.0p25.f026.idx,d006c07dcdc454d30e08cf3c06290d3520e61f7f43bee72ea04f273f4c6cb624,RH,2 m above ground,26 hour fcst,2025-07-31,18,26,RNO:2025-08-01,2026-09-23T19:58:14Z,795989,1503b3108c3ec0917629ab787dfffdf634fdc76af9780d42570748bca818efd6
gfs_20250731_t18z_f026_SPFH_2maboveground.grib2,https://noaa-gfs-bdp-pds.s3.amazonaws.com/gfs.20250731/18/atmos/gfs.t18z.pgrb2.0p25.f026,421611312-422840807,https://noaa-gfs-bdp-pds.s3.amazonaws.com/gfs.20250731/18/atmos/gfs.t18z.pgrb2.0p25.f026.idx,d006c07dcdc454d30e08cf3c06290d3520e61f7f43bee72ea04f273f4c6cb624,SPFH,2 m above ground,26 hour fcst,2025-07-31,18,26,RNO:2025-08-01,2026-09-23T19:58:16Z,1229496,e3a29e204bc749829101179462aa3bee372715a6df919f5cfe72192b47cfb2f7
gfs_20250731_t18z_f026_TMP_700mb.grib2,https://noaa-gfs-bdp-pds.s3.amazonaws.com/gfs.20250731/18/atmos/gfs.t18z.pgrb2.0p25.f026,306396925-307188124,https://noaa-gfs-bdp-pds.s3.amazonaws.com/gfs.20250731/18/atmos/gfs.t18z.pgrb2.0p25.f026.idx,d006c07dcdc454d30e08cf3c06290d3520e61f7f43bee72ea04f273f4c6cb624,TMP,700 mb,26 hour fcst,2025-07-31,18,26,RNO:2025-08-01,2026-09-23T19:58:15Z,791200,4b22b7510efce46c03552757e46db3139b42002c74eaa37aa4ddba3da29a2b59
gfs_20250731_t18z_f026_TMP_850mb.grib2,https://noaa-gfs-bdp-pds.s3.amazonaws.com/gfs.20250731/18/atmos/gfs.t18z.pgrb2.0p25.f026,341527795-342395146,https://noaa-gfs-bdp-pds.s3.amazonaws.com/gfs.20250731/18/atmos/gfs.t18z.pgrb2.0p25.f026.idx,d006c07dcdc454d30e08cf3c06290d3520e61f7f43bee72ea04f273f4c6cb624,TMP,850 mb,26 hour fcst,2025-07-31,18,26,RNO:2025-08-01,2026-09-23T19:58:17Z,867352,ae2f121504509a05666cb5952635981c232cff19d5346aacd18cbabf27442675
gfs_20250731_t18z_f026_TMP_925mb.grib2,https://noaa-gfs-bdp-pds.s3.amazonaws.com/gfs.20250731/18/atmos/gfs.t18z.pgrb2.0p25.f026,365958311-366838896,https://noaa-gfs-bdp-pds.s3.amazonaws.com/gfs.20250731/18/atmos/gfs.t18z.pgrb2.0p25.f026.idx,d006c07dcdc454d30e08cf3c06290d3520e61f7f43bee72ea04f273f4c6cb624,TMP,925 mb,26 hour fcst,2025-07-31,18,26,RNO:2025-08-01,2026-09-23T19:58:16Z,880586,e55aaf3faa9bf4aa6209143122c0ffc6fc8dde1ab1b75d39daf407e94813f26a
gfs_20260129_t00z_f023_PRMSL_meansealevel.grib2,https://noaa-gfs-bdp-pds.s3.amazonaws.com/gfs.20260129/00/atmos/gfs.t00z.pgrb2.0p25.f023,0-1002117,https://noaa-gfs-bdp-pds.s3.amazonaws.com/gfs.20260129/00/atmos/gfs.t00z.pgrb2.0p25.f023.idx,cac39e12858d6c05ac64e4cb41ebd4a231a980a1d55d40d749120f46088d5a54,PRMSL,mean sea level,23 hour fcst,2026-01-29,0,23,YSDU:2026-01-30,2026-09-23T19:58:16Z,1002118,5df5013532008db1663736f5589267b62e415aa723f707ff26c09d02087bf5c0
gfs_20260129_t00z_f026_DPT_2maboveground.grib2,https://noaa-gfs-bdp-pds.s3.amazonaws.com/gfs.20260129/00/atmos/gfs.t00z.pgrb2.0p25.f026,418862918-419402860,https://noaa-gfs-bdp-pds.s3.amazonaws.com/gfs.20260129/00/atmos/gfs.t00z.pgrb2.0p25.f026.idx,57c830ab0711fbea90b0a79ee139bf525a29aad5eed1aedbf8351506bae50178,DPT,2 m above ground,26 hour fcst,2026-01-29,0,26,YSDU:2026-01-30,2026-09-23T19:58:16Z,539943,556f140c2e504d1d8433cd502104805d2cc79f24d5c4ef1fc98ec346080ae809
gfs_20260129_t00z_f026_DSWRF_surface.grib2,https://noaa-gfs-bdp-pds.s3.amazonaws.com/gfs.20260129/00/atmos/gfs.t00z.pgrb2.0p25.f026,461588335-462380554,https://noaa-gfs-bdp-pds.s3.amazonaws.com/gfs.20260129/00/atmos/gfs.t00z.pgrb2.0p25.f026.idx,57c830ab0711fbea90b0a79ee139bf525a29aad5eed1aedbf8351506bae50178,DSWRF,surface,24-26 hour ave fcst,2026-01-29,0,26,YSDU:2026-01-30,2026-09-23T19:58:17Z,792220,c86e177b26e4353fb84f6376767bdc1f57ffa3176e269e879ec3f52762795d76
gfs_20260129_t00z_f026_PRES_surface.grib2,https://noaa-gfs-bdp-pds.s3.amazonaws.com/gfs.20260129/00/atmos/gfs.t00z.pgrb2.0p25.f026,407538566-408376627,https://noaa-gfs-bdp-pds.s3.amazonaws.com/gfs.20260129/00/atmos/gfs.t00z.pgrb2.0p25.f026.idx,57c830ab0711fbea90b0a79ee139bf525a29aad5eed1aedbf8351506bae50178,PRES,surface,26 hour fcst,2026-01-29,0,26,YSDU:2026-01-30,2026-09-23T19:58:17Z,838062,f8890bd6c2fc8cea1bf8af31502f98d0c89da8780aa0f5d984d76db58e1501bd
gfs_20260129_t00z_f026_PRMSL_meansealevel.grib2,https://noaa-gfs-bdp-pds.s3.amazonaws.com/gfs.20260129/00/atmos/gfs.t00z.pgrb2.0p25.f026,0-998395,https://noaa-gfs-bdp-pds.s3.amazonaws.com/gfs.20260129/00/atmos/gfs.t00z.pgrb2.0p25.f026.idx,57c830ab0711fbea90b0a79ee139bf525a29aad5eed1aedbf8351506bae50178,PRMSL,mean sea level,26 hour fcst,2026-01-29,0,26,YSDU:2026-01-30,2026-09-23T19:58:17Z,998396,6242177fb1ef99c4ad4c5d29f7172fa3e79f66dc0fa472ae030207f7fe88e8da
gfs_20260129_t00z_f026_RH_2maboveground.grib2,https://noaa-gfs-bdp-pds.s3.amazonaws.com/gfs.20260129/00/atmos/gfs.t00z.pgrb2.0p25.f026,419402861-420179578,https://noaa-gfs-bdp-pds.s3.amazonaws.com/gfs.20260129/00/atmos/gfs.t00z.pgrb2.0p25.f026.idx,57c830ab0711fbea90b0a79ee139bf525a29aad5eed1aedbf8351506bae50178,RH,2 m above ground,26 hour fcst,2026-01-29,0,26,YSDU:2026-01-30,2026-09-23T19:58:17Z,776718,a42dff48448302e584be736380d8cafe189a577b682a16cd616fe5f87a7cecc8
gfs_20260129_t00z_f026_SPFH_2maboveground.grib2,https://noaa-gfs-bdp-pds.s3.amazonaws.com/gfs.20260129/00/atmos/gfs.t00z.pgrb2.0p25.f026,417551708-418862917,https://noaa-gfs-bdp-pds.s3.amazonaws.com/gfs.20260129/00/atmos/gfs.t00z.pgrb2.0p25.f026.idx,57c830ab0711fbea90b0a79ee139bf525a29aad5eed1aedbf8351506bae50178,SPFH,2 m above ground,26 hour fcst,2026-01-29,0,26,YSDU:2026-01-30,2026-09-23T19:58:18Z,1311210,4a43d057b09b1ca1eae7e4e904bf8f68a8f1d889973c83b5f47cec5a97ef1191
gfs_20260129_t00z_f026_TMP_700mb.grib2,https://noaa-gfs-bdp-pds.s3.amazonaws.com/gfs.20260129/00/atmos/gfs.t00z.pgrb2.0p25.f026,304575474-305325690,https://noaa-gfs-bdp-pds.s3.amazonaws.com/gfs.20260129/00/atmos/gfs.t00z.pgrb2.0p25.f026.idx,57c830ab0711fbea90b0a79ee139bf525a29aad5eed1aedbf8351506bae50178,TMP,700 mb,26 hour fcst,2026-01-29,0,26,YSDU:2026-01-30,2026-09-23T19:58:17Z,750217,3e1370275ea2c48e67c2bb56fe092810b848180caeefcc0fd5f2380437fe2367
gfs_20260129_t00z_f026_TMP_850mb.grib2,https://noaa-gfs-bdp-pds.s3.amazonaws.com/gfs.20260129/00/atmos/gfs.t00z.pgrb2.0p25.f026,338135031-338969969,https://noaa-gfs-bdp-pds.s3.amazonaws.com/gfs.20260129/00/atmos/gfs.t00z.pgrb2.0p25.f026.idx,57c830ab0711fbea90b0a79ee139bf525a29aad5eed1aedbf8351506bae50178,TMP,850 mb,26 hour fcst,2026-01-29,0,26,YSDU:2026-01-30,2026-09-23T19:58:18Z,834939,94f7bad378708b2b0e57ade37eece442811e8994a0ed3f56e12c62a17768a745
gfs_20260129_t00z_f026_TMP_925mb.grib2,https://noaa-gfs-bdp-pds.s3.amazonaws.com/gfs.20260129/00/atmos/gfs.t00z.pgrb2.0p25.f026,361812024-362663437,https://noaa-gfs-bdp-pds.s3.amazonaws.com/gfs.20260129/00/atmos/gfs.t00z.pgrb2.0p25.f026.idx,57c830ab0711fbea90b0a79ee139bf525a29aad5eed1aedbf8351506bae50178,TMP,925 mb,26 hour fcst,2026-01-29,0,26,YSDU:2026-01-30,2026-09-23T19:58:18Z,851414,dd675a438cb99ae86537a8428db47173c59fdf0a808676c042d09db5ad69ef9b
gfs_20260129_t12z_f021_PRMSL_meansealevel.grib2,https://noaa-gfs-bdp-pds.s3.amazonaws.com/gfs.20260129/12/atmos/gfs.t12z.pgrb2.0p25.f021,0-1034523,https://noaa-gfs-bdp-pds.s3.amazonaws.com/gfs.20260129/12/atmos/gfs.t12z.pgrb2.0p25.f021.idx,5905db7aa5a114ac9e2db2a737fb05e85ea3aa7c53b94a67b9b9bc92454056dc,PRMSL,mean sea level,21 hour fcst,2026-01-29,12,21,EGLC:2026-01-30 LFPG:2026-01-30,2026-09-23T19:58:18Z,1034524,2b1e132527c6483655b8a9f1f3a0a76030d7d082f56c4cad2fcc5819f286a108
gfs_20260129_t12z_f022_DSWRF_surface.grib2,https://noaa-gfs-bdp-pds.s3.amazonaws.com/gfs.20260129/12/atmos/gfs.t12z.pgrb2.0p25.f022,459819384-460667580,https://noaa-gfs-bdp-pds.s3.amazonaws.com/gfs.20260129/12/atmos/gfs.t12z.pgrb2.0p25.f022.idx,e4a2cfcddd94782bfef2a0ea07bbd56edcaefc61cb8e4644ab0661a08219f28b,DSWRF,surface,18-22 hour ave fcst,2026-01-29,12,22,EGLC:2026-01-30 LFPG:2026-01-30,2026-09-23T19:58:19Z,848197,a7a28e8f5e5be8f94c5d330ed4e80da59b54d5707ad096e07bd6788c1ef69f50
gfs_20260129_t12z_f024_DPT_2maboveground.grib2,https://noaa-gfs-bdp-pds.s3.amazonaws.com/gfs.20260129/12/atmos/gfs.t12z.pgrb2.0p25.f024,415728141-416648291,https://noaa-gfs-bdp-pds.s3.amazonaws.com/gfs.20260129/12/atmos/gfs.t12z.pgrb2.0p25.f024.idx,b721d03cb569e8756f3ebbd1f84a8d645392a65a78fb9a17272592b623b9d640,DPT,2 m above ground,24 hour fcst,2026-01-29,12,24,EGLC:2026-01-30 LFPG:2026-01-30,2026-09-23T19:58:18Z,920151,d5d50a1cc51045251cf7d303709b68f74b273916ba547f537ac174c04eff8ebd
gfs_20260129_t12z_f024_DSWRF_surface.grib2,https://noaa-gfs-bdp-pds.s3.amazonaws.com/gfs.20260129/12/atmos/gfs.t12z.pgrb2.0p25.f024,461004723-461929092,https://noaa-gfs-bdp-pds.s3.amazonaws.com/gfs.20260129/12/atmos/gfs.t12z.pgrb2.0p25.f024.idx,b721d03cb569e8756f3ebbd1f84a8d645392a65a78fb9a17272592b623b9d640,DSWRF,surface,18-24 hour ave fcst,2026-01-29,12,24,EGLC:2026-01-30 LFPG:2026-01-30,2026-09-23T19:58:18Z,924370,cb45db08e04f43e80480349dbd1879b66b0568b30ab5faf22d2c934d387aa777
gfs_20260129_t12z_f024_PRES_surface.grib2,https://noaa-gfs-bdp-pds.s3.amazonaws.com/gfs.20260129/12/atmos/gfs.t12z.pgrb2.0p25.f024,404500030-405337210,https://noaa-gfs-bdp-pds.s3.amazonaws.com/gfs.20260129/12/atmos/gfs.t12z.pgrb2.0p25.f024.idx,b721d03cb569e8756f3ebbd1f84a8d645392a65a78fb9a17272592b623b9d640,PRES,surface,24 hour fcst,2026-01-29,12,24,EGLC:2026-01-30 LFPG:2026-01-30,2026-09-23T19:58:19Z,837181,999944ad86e43666aaefdb3dc67d7d5f8960e723a61f5bdd98849bcf4fe03991
gfs_20260129_t12z_f024_PRMSL_meansealevel.grib2,https://noaa-gfs-bdp-pds.s3.amazonaws.com/gfs.20260129/12/atmos/gfs.t12z.pgrb2.0p25.f024,0-1038835,https://noaa-gfs-bdp-pds.s3.amazonaws.com/gfs.20260129/12/atmos/gfs.t12z.pgrb2.0p25.f024.idx,b721d03cb569e8756f3ebbd1f84a8d645392a65a78fb9a17272592b623b9d640,PRMSL,mean sea level,24 hour fcst,2026-01-29,12,24,EGLC:2026-01-30 LFPG:2026-01-30,2026-09-23T19:58:19Z,1038836,c982e10190b9d2897e251b36acad22b2b5977ecbd95a717378a10e402d57a0a2
gfs_20260129_t12z_f024_RH_2maboveground.grib2,https://noaa-gfs-bdp-pds.s3.amazonaws.com/gfs.20260129/12/atmos/gfs.t12z.pgrb2.0p25.f024,416648292-417425091,https://noaa-gfs-bdp-pds.s3.amazonaws.com/gfs.20260129/12/atmos/gfs.t12z.pgrb2.0p25.f024.idx,b721d03cb569e8756f3ebbd1f84a8d645392a65a78fb9a17272592b623b9d640,RH,2 m above ground,24 hour fcst,2026-01-29,12,24,EGLC:2026-01-30 LFPG:2026-01-30,2026-09-23T19:58:19Z,776800,5ad82aa63e3d32948ffd0c87c161874eb37c272006faae123e2ced816cb85d03
gfs_20260129_t12z_f024_SPFH_2maboveground.grib2,https://noaa-gfs-bdp-pds.s3.amazonaws.com/gfs.20260129/12/atmos/gfs.t12z.pgrb2.0p25.f024,414538563-415728140,https://noaa-gfs-bdp-pds.s3.amazonaws.com/gfs.20260129/12/atmos/gfs.t12z.pgrb2.0p25.f024.idx,b721d03cb569e8756f3ebbd1f84a8d645392a65a78fb9a17272592b623b9d640,SPFH,2 m above ground,24 hour fcst,2026-01-29,12,24,EGLC:2026-01-30 LFPG:2026-01-30,2026-09-23T19:58:20Z,1189578,1e190f66b53b7df058fc08d79776df614c7fc58ca042edb36a85dd4525606d8a
gfs_20260129_t12z_f024_TMP_700mb.grib2,https://noaa-gfs-bdp-pds.s3.amazonaws.com/gfs.20260129/12/atmos/gfs.t12z.pgrb2.0p25.f024,301384029-302132553,https://noaa-gfs-bdp-pds.s3.amazonaws.com/gfs.20260129/12/atmos/gfs.t12z.pgrb2.0p25.f024.idx,b721d03cb569e8756f3ebbd1f84a8d645392a65a78fb9a17272592b623b9d640,TMP,700 mb,24 hour fcst,2026-01-29,12,24,EGLC:2026-01-30 LFPG:2026-01-30,2026-09-23T19:58:20Z,748525,c95cba2855fa983be2fdc903ff703db0a879d0d6a69b2bf64d0cc3cecf88f924
gfs_20260129_t12z_f024_TMP_850mb.grib2,https://noaa-gfs-bdp-pds.s3.amazonaws.com/gfs.20260129/12/atmos/gfs.t12z.pgrb2.0p25.f024,334763889-335600513,https://noaa-gfs-bdp-pds.s3.amazonaws.com/gfs.20260129/12/atmos/gfs.t12z.pgrb2.0p25.f024.idx,b721d03cb569e8756f3ebbd1f84a8d645392a65a78fb9a17272592b623b9d640,TMP,850 mb,24 hour fcst,2026-01-29,12,24,EGLC:2026-01-30 LFPG:2026-01-30,2026-09-23T19:58:19Z,836625,47edf90dbc101bb2361cbefe876a1706d8cb3609fcdb5e5accda1eaad08e450b
gfs_20260129_t12z_f024_TMP_925mb.grib2,https://noaa-gfs-bdp-pds.s3.amazonaws.com/gfs.20260129/12/atmos/gfs.t12z.pgrb2.0p25.f024,358612292-359467687,https://noaa-gfs-bdp-pds.s3.amazonaws.com/gfs.20260129/12/atmos/gfs.t12z.pgrb2.0p25.f024.idx,b721d03cb569e8756f3ebbd1f84a8d645392a65a78fb9a17272592b623b9d640,TMP,925 mb,24 hour fcst,2026-01-29,12,24,EGLC:2026-01-30 LFPG:2026-01-30,2026-09-23T19:58:20Z,855396,217edb6add4bd52e03e964dc0edb50cdc3e21fed5dec32273193046e5ad23651
gfs_20260129_t18z_f021_PRMSL_meansealevel.grib2,https://noaa-gfs-bdp-pds.s3.amazonaws.com/gfs.20260129/18/atmos/gfs.t18z.pgrb2.0p25.f021,0-1002707,https://noaa-gfs-bdp-pds.s3.amazonaws.com/gfs.20260129/18/atmos/gfs.t18z.pgrb2.0p25.f021.idx,6785d2653191ef072f935e08f0d9f8f9230cc94843dc991a6862b54c8c82dae9,PRMSL,mean sea level,21 hour fcst,2026-01-29,18,21,DSM:2026-01-30,2026-09-23T19:58:20Z,1002708,d1ee864405cf1806614811b18cc5a73b4e895a91b7daa1eb15ee8c6e9c83b9d5
gfs_20260129_t18z_f022_DSWRF_surface.grib2,https://noaa-gfs-bdp-pds.s3.amazonaws.com/gfs.20260129/18/atmos/gfs.t18z.pgrb2.0p25.f022,459153592-459998554,https://noaa-gfs-bdp-pds.s3.amazonaws.com/gfs.20260129/18/atmos/gfs.t18z.pgrb2.0p25.f022.idx,66165e1b88c231679a4ba355833c717db9de95038f644efaa0c4b3c2463fc4e6,DSWRF,surface,18-22 hour ave fcst,2026-01-29,18,22,DSM:2026-01-30,2026-09-23T19:58:20Z,844963,142ea980efdb9673b0d25685b7cef899df25266451abf23cf12d566cdf9febb1
gfs_20260129_t18z_f023_PRMSL_meansealevel.grib2,https://noaa-gfs-bdp-pds.s3.amazonaws.com/gfs.20260129/18/atmos/gfs.t18z.pgrb2.0p25.f023,0-1004094,https://noaa-gfs-bdp-pds.s3.amazonaws.com/gfs.20260129/18/atmos/gfs.t18z.pgrb2.0p25.f023.idx,2f522d59e568441eeb5f54b272248ad80a13e77fe8acb9d1014135babfcb620f,PRMSL,mean sea level,23 hour fcst,2026-01-29,18,23,RNO:2026-01-30,2026-09-23T19:58:21Z,1004095,477733f3739d314bc9ce7d485cb7c459d31eda164d436f2a4e67ba9475e915ea
gfs_20260129_t18z_f024_DPT_2maboveground.grib2,https://noaa-gfs-bdp-pds.s3.amazonaws.com/gfs.20260129/18/atmos/gfs.t18z.pgrb2.0p25.f024,415681876-416222205,https://noaa-gfs-bdp-pds.s3.amazonaws.com/gfs.20260129/18/atmos/gfs.t18z.pgrb2.0p25.f024.idx,745eeabd5a186238ae4bf6abb05fd5afbd137228914416a5bf711f9b9bd066ab,DPT,2 m above ground,24 hour fcst,2026-01-29,18,24,DSM:2026-01-30,2026-09-23T19:58:20Z,540330,556e8e1d686c8b3e09fb8f6ad100eec14f19c3252b610d8637e8d0636a6352df
gfs_20260129_t18z_f024_DSWRF_surface.grib2,https://noaa-gfs-bdp-pds.s3.amazonaws.com/gfs.20260129/18/atmos/gfs.t18z.pgrb2.0p25.f024,460723094-461639476,https://noaa-gfs-bdp-pds.s3.amazonaws.com/gfs.20260129/18/atmos/gfs.t18z.pgrb2.0p25.f024.idx,745eeabd5a186238ae4bf6abb05fd5afbd137228914416a5bf711f9b9bd066ab,DSWRF,surface,18-24 hour ave fcst,2026-01-29,18,24,DSM:2026-01-30,2026-09-23T19:58:21Z,916383,736488f0e6a0b0ad383f354adb09c843a69b90cedf8a9bebbb65d478e7ad089a
gfs_20260129_t18z_f024_PRES_surface.grib2,https://noaa-gfs-bdp-pds.s3.amazonaws.com/gfs.20260129/18/atmos/gfs.t18z.pgrb2.0p25.f024,404448110-405284365,https://noaa-gfs-bdp-pds.s3.amazonaws.com/gfs.20260129/18/atmos/gfs.t18z.pgrb2.0p25.f024.idx,745eeabd5a186238ae4bf6abb05fd5afbd137228914416a5bf711f9b9bd066ab,PRES,surface,24 hour fcst,2026-01-29,18,24,DSM:2026-01-30,2026-09-23T19:58:21Z,836256,aa91026d41f15b6784320eacf29942e567330216c5dc4bc6627510a55e72b479
gfs_20260129_t18z_f024_PRMSL_meansealevel.grib2,https://noaa-gfs-bdp-pds.s3.amazonaws.com/gfs.20260129/18/atmos/gfs.t18z.pgrb2.0p25.f024,0-1003985,https://noaa-gfs-bdp-pds.s3.amazonaws.com/gfs.20260129/18/atmos/gfs.t18z.pgrb2.0p25.f024.idx,745eeabd5a186238ae4bf6abb05fd5afbd137228914416a5bf711f9b9bd066ab,PRMSL,mean sea level,24 hour fcst,2026-01-29,18,24,DSM:2026-01-30,2026-09-23T19:58:21Z,1003986,d0f965d6bbc80c7384971c639a8c506cda70fa807d619271c3767c595451b7a0
gfs_20260129_t18z_f024_RH_2maboveground.grib2,https://noaa-gfs-bdp-pds.s3.amazonaws.com/gfs.20260129/18/atmos/gfs.t18z.pgrb2.0p25.f024,416222206-417002401,https://noaa-gfs-bdp-pds.s3.amazonaws.com/gfs.20260129/18/atmos/gfs.t18z.pgrb2.0p25.f024.idx,745eeabd5a186238ae4bf6abb05fd5afbd137228914416a5bf711f9b9bd066ab,RH,2 m above ground,24 hour fcst,2026-01-29,18,24,DSM:2026-01-30,2026-09-23T19:58:21Z,780196,052602005731445f47e95273e2696e51e1daa0aa7424efaa19d2ecaf13d3b1c1
gfs_20260129_t18z_f024_SPFH_2maboveground.grib2,https://noaa-gfs-bdp-pds.s3.amazonaws.com/gfs.20260129/18/atmos/gfs.t18z.pgrb2.0p25.f024,414492091-415681875,https://noaa-gfs-bdp-pds.s3.amazonaws.com/gfs.20260129/18/atmos/gfs.t18z.pgrb2.0p25.f024.idx,745eeabd5a186238ae4bf6abb05fd5afbd137228914416a5bf711f9b9bd066ab,SPFH,2 m above ground,24 hour fcst,2026-01-29,18,24,DSM:2026-01-30,2026-09-23T19:58:22Z,1189785,2e1822919cbde5b6b76709874bfa7885d68a257fff58ce5fd16c3c52ba3cf041
gfs_20260129_t18z_f024_TMP_700mb.grib2,https://noaa-gfs-bdp-pds.s3.amazonaws.com/gfs.20260129/18/atmos/gfs.t18z.pgrb2.0p25.f024,301001347-301754906,https://noaa-gfs-bdp-pds.s3.amazonaws.com/gfs.20260129/18/atmos/gfs.t18z.pgrb2.0p25.f024.idx,745eeabd5a186238ae4bf6abb05fd5afbd137228914416a5bf711f9b9bd066ab,TMP,700 mb,24 hour fcst,2026-01-29,18,24,DSM:2026-01-30,2026-09-23T19:58:21Z,753560,c405455865b06d082749fb573686423d41be8075b6a54874fa73c9f1c9968026
gfs_20260129_t18z_f024_TMP_850mb.grib2,https://noaa-gfs-bdp-pds.s3.amazonaws.com/gfs.20260129/18/atmos/gfs.t18z.pgrb2.0p25.f024,334520600-335364011,https://noaa-gfs-bdp-pds.s3.amazonaws.com/gfs.20260129/18/atmos/gfs.t18z.pgrb2.0p25.f024.idx,745eeabd5a186238ae4bf6abb05fd5afbd137228914416a5bf711f9b9bd066ab,TMP,850 mb,24 hour fcst,2026-01-29,18,24,DSM:2026-01-30,2026-09-23T19:58:22Z,843412,92e03e1e2cb65f07fb0979c0168d7677e440ca5122d50f99b58b266acb367689
gfs_20260129_t18z_f024_TMP_925mb.grib2,https://noaa-gfs-bdp-pds.s3.amazonaws.com/gfs.20260129/18/atmos/gfs.t18z.pgrb2.0p25.f024,358381629-359241695,https://noaa-gfs-bdp-pds.s3.amazonaws.com/gfs.20260129/18/atmos/gfs.t18z.pgrb2.0p25.f024.idx,745eeabd5a186238ae4bf6abb05fd5afbd137228914416a5bf711f9b9bd066ab,TMP,925 mb,24 hour fcst,2026-01-29,18,24,DSM:2026-01-30,2026-09-23T19:58:22Z,860067,82cf5903d365679571f3e9357015ed93bab74c1b2ae4a49a0322caec6224e698
gfs_20260129_t18z_f026_DPT_2maboveground.grib2,https://noaa-gfs-bdp-pds.s3.amazonaws.com/gfs.20260129/18/atmos/gfs.t18z.pgrb2.0p25.f026,416026189-416570747,https://noaa-gfs-bdp-pds.s3.amazonaws.com/gfs.20260129/18/atmos/gfs.t18z.pgrb2.0p25.f026.idx,c4281b660d14fdf33cc9ece6918c2bfe1d02fc92ae72d704f6cd99ce9a75120f,DPT,2 m above ground,26 hour fcst,2026-01-29,18,26,RNO:2026-01-30,2026-09-23T19:58:22Z,544559,4b1f1712d5b8eb91d89346d4f13ccf73470024b5275e30b6cf8f381e7fcb0129
gfs_20260129_t18z_f026_DSWRF_surface.grib2,https://noaa-gfs-bdp-pds.s3.amazonaws.com/gfs.20260129/18/atmos/gfs.t18z.pgrb2.0p25.f026,459061495-459852557,https://noaa-gfs-bdp-pds.s3.amazonaws.com/gfs.20260129/18/atmos/gfs.t18z.pgrb2.0p25.f026.idx,c4281b660d14fdf33cc9ece6918c2bfe1d02fc92ae72d704f6cd99ce9a75120f,DSWRF,surface,24-26 hour ave fcst,2026-01-29,18,26,RNO:2026-01-30,2026-09-23T19:58:22Z,791063,bc6ccc44125bfd0781b08ee17e855356566336ee414a5d504ef6c02c815fc8e4
gfs_20260129_t18z_f026_PRES_surface.grib2,https://noaa-gfs-bdp-pds.s3.amazonaws.com/gfs.20260129/18/atmos/gfs.t18z.pgrb2.0p25.f026,404795650-405631705,https://noaa-gfs-bdp-pds.s3.amazonaws.com/gfs.20260129/18/atmos/gfs.t18z.pgrb2.0p25.f026.idx,c4281b660d14fdf33cc9ece6918c2bfe1d02fc92ae72d704f6cd99ce9a75120f,PRES,surface,26 hour fcst,2026-01-29,18,26,RNO:2026-01-30,2026-09-23T19:58:23Z,836056,6af7687c317592203d743a54b13c0b6ec63c31ff76ee68b8bb05c89c939c832f
gfs_20260129_t18z_f026_PRMSL_meansealevel.grib2,https://noaa-gfs-bdp-pds.s3.amazonaws.com/gfs.20260129/18/atmos/gfs.t18z.pgrb2.0p25.f026,0-1002949,https://noaa-gfs-bdp-pds.s3.amazonaws.com/gfs.20260129/18/atmos/gfs.t18z.pgrb2.0p25.f026.idx,c4281b660d14fdf33cc9ece6918c2bfe1d02fc92ae72d704f6cd99ce9a75120f,PRMSL,mean sea level,26 hour fcst,2026-01-29,18,26,RNO:2026-01-30,2026-09-23T19:58:23Z,1002950,a695ed212657926434770759f742e7f8f7193d64af347a3e28ddef703b89c726
gfs_20260129_t18z_f026_RH_2maboveground.grib2,https://noaa-gfs-bdp-pds.s3.amazonaws.com/gfs.20260129/18/atmos/gfs.t18z.pgrb2.0p25.f026,416570748-417351794,https://noaa-gfs-bdp-pds.s3.amazonaws.com/gfs.20260129/18/atmos/gfs.t18z.pgrb2.0p25.f026.idx,c4281b660d14fdf33cc9ece6918c2bfe1d02fc92ae72d704f6cd99ce9a75120f,RH,2 m above ground,26 hour fcst,2026-01-29,18,26,RNO:2026-01-30,2026-09-23T19:58:23Z,781047,0ee508a396343d81fabef7c19916fe44df213e5b714ca076f500d773a2eb7068
gfs_20260129_t18z_f026_SPFH_2maboveground.grib2,https://noaa-gfs-bdp-pds.s3.amazonaws.com/gfs.20260129/18/atmos/gfs.t18z.pgrb2.0p25.f026,414837270-416026188,https://noaa-gfs-bdp-pds.s3.amazonaws.com/gfs.20260129/18/atmos/gfs.t18z.pgrb2.0p25.f026.idx,c4281b660d14fdf33cc9ece6918c2bfe1d02fc92ae72d704f6cd99ce9a75120f,SPFH,2 m above ground,26 hour fcst,2026-01-29,18,26,RNO:2026-01-30,2026-09-23T19:58:23Z,1188919,f3e7c713e151e9ec496d78c29b2182483f0344bf6fb5ba66e08f4851fe70674c
gfs_20260129_t18z_f026_TMP_700mb.grib2,https://noaa-gfs-bdp-pds.s3.amazonaws.com/gfs.20260129/18/atmos/gfs.t18z.pgrb2.0p25.f026,301754199-302506340,https://noaa-gfs-bdp-pds.s3.amazonaws.com/gfs.20260129/18/atmos/gfs.t18z.pgrb2.0p25.f026.idx,c4281b660d14fdf33cc9ece6918c2bfe1d02fc92ae72d704f6cd99ce9a75120f,TMP,700 mb,26 hour fcst,2026-01-29,18,26,RNO:2026-01-30,2026-09-23T19:58:23Z,752142,561e2c080858a1f204b5505800e06ca330b7b6fafb71d469e44f1e72cc787618
gfs_20260129_t18z_f026_TMP_850mb.grib2,https://noaa-gfs-bdp-pds.s3.amazonaws.com/gfs.20260129/18/atmos/gfs.t18z.pgrb2.0p25.f026,335020715-335861494,https://noaa-gfs-bdp-pds.s3.amazonaws.com/gfs.20260129/18/atmos/gfs.t18z.pgrb2.0p25.f026.idx,c4281b660d14fdf33cc9ece6918c2bfe1d02fc92ae72d704f6cd99ce9a75120f,TMP,850 mb,26 hour fcst,2026-01-29,18,26,RNO:2026-01-30,2026-09-23T19:58:24Z,840780,905ffe82dbce9c5bdc95cc70df71809bb622fbe3cac9a7c14c05e25288c5e00d
gfs_20260129_t18z_f026_TMP_925mb.grib2,https://noaa-gfs-bdp-pds.s3.amazonaws.com/gfs.20260129/18/atmos/gfs.t18z.pgrb2.0p25.f026,358827890-359686490,https://noaa-gfs-bdp-pds.s3.amazonaws.com/gfs.20260129/18/atmos/gfs.t18z.pgrb2.0p25.f026.idx,c4281b660d14fdf33cc9ece6918c2bfe1d02fc92ae72d704f6cd99ce9a75120f,TMP,925 mb,26 hour fcst,2026-01-29,18,26,RNO:2026-01-30,2026-09-23T19:58:24Z,858601,8c67e3e55bd909af2b6049c79614b52a8f4fd16fb554ea8b94742cd08479578d
gfs_20260730_t00z_f023_PRMSL_meansealevel.grib2,https://noaa-gfs-bdp-pds.s3.amazonaws.com/gfs.20260730/00/atmos/gfs.t00z.pgrb2.0p25.f023,0-879829,https://noaa-gfs-bdp-pds.s3.amazonaws.com/gfs.20260730/00/atmos/gfs.t00z.pgrb2.0p25.f023.idx,7ac782de9408c0136ac17bd0442560739f2ba70472a9971bc990dbbed3a8dfde,PRMSL,mean sea level,23 hour fcst,2026-07-30,0,23,YSDU:2026-07-31,2026-09-23T19:58:23Z,879830,d9bea10ec8cded46a4fb2482e9c4a733a8451bcbec1ed7ed0324f2860695ba4d
gfs_20260730_t00z_f026_DPT_2maboveground.grib2,https://noaa-gfs-bdp-pds.s3.amazonaws.com/gfs.20260730/00/atmos/gfs.t00z.pgrb2.0p25.f026,411667811-412206665,https://noaa-gfs-bdp-pds.s3.amazonaws.com/gfs.20260730/00/atmos/gfs.t00z.pgrb2.0p25.f026.idx,e0f0f277739fc46b7d4fb2e749dbd13c980ee3c092b74c9e213bcf735a512240,DPT,2 m above ground,26 hour fcst,2026-07-30,0,26,YSDU:2026-07-31,2026-09-23T19:58:24Z,538855,d90de8d23ee3df8d121e11b05bba40f179576885b4bfdb734f91751bdee80b8b
gfs_20260730_t00z_f026_DSWRF_surface.grib2,https://noaa-gfs-bdp-pds.s3.amazonaws.com/gfs.20260730/00/atmos/gfs.t00z.pgrb2.0p25.f026,452387114-453237484,https://noaa-gfs-bdp-pds.s3.amazonaws.com/gfs.20260730/00/atmos/gfs.t00z.pgrb2.0p25.f026.idx,e0f0f277739fc46b7d4fb2e749dbd13c980ee3c092b74c9e213bcf735a512240,DSWRF,surface,24-26 hour ave fcst,2026-07-30,0,26,YSDU:2026-07-31,2026-09-23T19:58:24Z,850371,b23e2df0c4a28b63d6e131669bc7d41b7f85d089b4c32d52c7eb8e85c7ce9495
gfs_20260730_t00z_f026_PRES_surface.grib2,https://noaa-gfs-bdp-pds.s3.amazonaws.com/gfs.20260730/00/atmos/gfs.t00z.pgrb2.0p25.f026,401580173-402415884,https://noaa-gfs-bdp-pds.s3.amazonaws.com/gfs.20260730/00/atmos/gfs.t00z.pgrb2.0p25.f026.idx,e0f0f277739fc46b7d4fb2e749dbd13c980ee3c092b74c9e213bcf735a512240,PRES,surface,26 hour fcst,2026-07-30,0,26,YSDU:2026-07-31,2026-09-23T19:58:25Z,835712,1ff2945c01391826c6ddc543780e9c7e3cc7149936883d6bf9a2ba466b7170dc
gfs_20260730_t00z_f026_PRMSL_meansealevel.grib2,https://noaa-gfs-bdp-pds.s3.amazonaws.com/gfs.20260730/00/atmos/gfs.t00z.pgrb2.0p25.f026,0-880586,https://noaa-gfs-bdp-pds.s3.amazonaws.com/gfs.20260730/00/atmos/gfs.t00z.pgrb2.0p25.f026.idx,e0f0f277739fc46b7d4fb2e749dbd13c980ee3c092b74c9e213bcf735a512240,PRMSL,mean sea level,26 hour fcst,2026-07-30,0,26,YSDU:2026-07-31,2026-09-23T19:58:25Z,880587,38a3e441d1ee7fcba0560b3646408430769d207327bd60f9ea42f149db407fcd
gfs_20260730_t00z_f026_RH_2maboveground.grib2,https://noaa-gfs-bdp-pds.s3.amazonaws.com/gfs.20260730/00/atmos/gfs.t00z.pgrb2.0p25.f026,412206666-413002502,https://noaa-gfs-bdp-pds.s3.amazonaws.com/gfs.20260730/00/atmos/gfs.t00z.pgrb2.0p25.f026.idx,e0f0f277739fc46b7d4fb2e749dbd13c980ee3c092b74c9e213bcf735a512240,RH,2 m above ground,26 hour fcst,2026-07-30,0,26,YSDU:2026-07-31,2026-09-23T19:58:24Z,795837,3996ad674369529a1e9ea6b2b2a48ed7555759b94daa36f34ba6748e30124a8c
gfs_20260730_t00z_f026_SPFH_2maboveground.grib2,https://noaa-gfs-bdp-pds.s3.amazonaws.com/gfs.20260730/00/atmos/gfs.t00z.pgrb2.0p25.f026,410437452-411667810,https://noaa-gfs-bdp-pds.s3.amazonaws.com/gfs.20260730/00/atmos/gfs.t00z.pgrb2.0p25.f026.idx,e0f0f277739fc46b7d4fb2e749dbd13c980ee3c092b74c9e213bcf735a512240,SPFH,2 m above ground,26 hour fcst,2026-07-30,0,26,YSDU:2026-07-31,2026-09-23T19:58:25Z,1230359,ca086b6a46fd43be3421d445baec40c9789b9d0970275204db9185221154bb26
gfs_20260730_t00z_f026_TMP_700mb.grib2,https://noaa-gfs-bdp-pds.s3.amazonaws.com/gfs.20260730/00/atmos/gfs.t00z.pgrb2.0p25.f026,305902965-306681717,https://noaa-gfs-bdp-pds.s3.amazonaws.com/gfs.20260730/00/atmos/gfs.t00z.pgrb2.0p25.f026.idx,e0f0f277739fc46b7d4fb2e749dbd13c980ee3c092b74c9e213bcf735a512240,TMP,700 mb,26 hour fcst,2026-07-30,0,26,YSDU:2026-07-31,2026-09-23T19:58:25Z,778753,92fb1bb5ecb8cdb2c5283751f082aee4a3ba84eaa4337968eed1eaaadfee5223
gfs_20260730_t00z_f026_TMP_850mb.grib2,https://noaa-gfs-bdp-pds.s3.amazonaws.com/gfs.20260730/00/atmos/gfs.t00z.pgrb2.0p25.f026,337568432-338417487,https://noaa-gfs-bdp-pds.s3.amazonaws.com/gfs.20260730/00/atmos/gfs.t00z.pgrb2.0p25.f026.idx,e0f0f277739fc46b7d4fb2e749dbd13c980ee3c092b74c9e213bcf735a512240,TMP,850 mb,26 hour fcst,2026-07-30,0,26,YSDU:2026-07-31,2026-09-23T19:58:26Z,849056,a7f9499faa4a40bc2d1a84a600073ec47ee380378301e7241d44c1c95c059998
gfs_20260730_t00z_f026_TMP_925mb.grib2,https://noaa-gfs-bdp-pds.s3.amazonaws.com/gfs.20260730/00/atmos/gfs.t00z.pgrb2.0p25.f026,359435274-360303108,https://noaa-gfs-bdp-pds.s3.amazonaws.com/gfs.20260730/00/atmos/gfs.t00z.pgrb2.0p25.f026.idx,e0f0f277739fc46b7d4fb2e749dbd13c980ee3c092b74c9e213bcf735a512240,TMP,925 mb,26 hour fcst,2026-07-30,0,26,YSDU:2026-07-31,2026-09-23T19:58:26Z,867835,1480d6e7ba370088bc352711ddd214c6b72be6c551659ea048660a53f1c4669f
gfs_20260730_t12z_f021_PRMSL_meansealevel.grib2,https://noaa-gfs-bdp-pds.s3.amazonaws.com/gfs.20260730/12/atmos/gfs.t12z.pgrb2.0p25.f021,0-880014,https://noaa-gfs-bdp-pds.s3.amazonaws.com/gfs.20260730/12/atmos/gfs.t12z.pgrb2.0p25.f021.idx,4386f00ee3acb5dc72fa832c4230ee5ac4ae898ded914258170c734229c67b86,PRMSL,mean sea level,21 hour fcst,2026-07-30,12,21,EGLC:2026-07-31 LFPG:2026-07-31,2026-09-23T19:58:25Z,880015,cd03c7896db3d89e587df7b82f56a476cba4ec1726ade6396846682ec160411f
gfs_20260730_t12z_f022_DSWRF_surface.grib2,https://noaa-gfs-bdp-pds.s3.amazonaws.com/gfs.20260730/12/atmos/gfs.t12z.pgrb2.0p25.f022,453251402-454127782,https://noaa-gfs-bdp-pds.s3.amazonaws.com/gfs.20260730/12/atmos/gfs.t12z.pgrb2.0p25.f022.idx,b98c78889ab53bf27b4ddffabdbda0c74ed811af211051e41562889c1a5815b8,DSWRF,surface,18-22 hour ave fcst,2026-07-30,12,22,EGLC:2026-07-31 LFPG:2026-07-31,2026-09-23T19:58:26Z,876381,8e4321f7f06313a1c8cea1fde700278d7dda74c287c75a99ced7a1bb4fd6d280
gfs_20260730_t12z_f024_DPT_2maboveground.grib2,https://noaa-gfs-bdp-pds.s3.amazonaws.com/gfs.20260730/12/atmos/gfs.t12z.pgrb2.0p25.f024,412481979-413018697,https://noaa-gfs-bdp-pds.s3.amazonaws.com/gfs.20260730/12/atmos/gfs.t12z.pgrb2.0p25.f024.idx,4c392fb4b661690dda563639ed27e88a94df32f8336e0e71a2467b7582289cae,DPT,2 m above ground,24 hour fcst,2026-07-30,12,24,EGLC:2026-07-31 LFPG:2026-07-31,2026-09-23T19:58:26Z,536719,d61c1ef3cd30adb550f14da59fe60f81407ea032a86e9fa6b8c7afc72623d435
gfs_20260730_t12z_f024_DSWRF_surface.grib2,https://noaa-gfs-bdp-pds.s3.amazonaws.com/gfs.20260730/12/atmos/gfs.t12z.pgrb2.0p25.f024,455941338-456917275,https://noaa-gfs-bdp-pds.s3.amazonaws.com/gfs.20260730/12/atmos/gfs.t12z.pgrb2.0p25.f024.idx,4c392fb4b661690dda563639ed27e88a94df32f8336e0e71a2467b7582289cae,DSWRF,surface,18-24 hour ave fcst,2026-07-30,12,24,EGLC:2026-07-31 LFPG:2026-07-31,2026-09-23T19:58:27Z,975938,53f0bf005679687015f43d58581dbe2c3f31595c271583d2f7b3a49ca7a685f5
gfs_20260730_t12z_f024_PRES_surface.grib2,https://noaa-gfs-bdp-pds.s3.amazonaws.com/gfs.20260730/12/atmos/gfs.t12z.pgrb2.0p25.f024,402375146-403211810,https://noaa-gfs-bdp-pds.s3.amazonaws.com/gfs.20260730/12/atmos/gfs.t12z.pgrb2.0p25.f024.idx,4c392fb4b661690dda563639ed27e88a94df32f8336e0e71a2467b7582289cae,PRES,surface,24 hour fcst,2026-07-30,12,24,EGLC:2026-07-31 LFPG:2026-07-31,2026-09-23T19:58:27Z,836665,cc3853704f9e64abce2f9c2519c6f6e1ace97169b134d0fb3c7bf1e7b633d361
gfs_20260730_t12z_f024_PRMSL_meansealevel.grib2,https://noaa-gfs-bdp-pds.s3.amazonaws.com/gfs.20260730/12/atmos/gfs.t12z.pgrb2.0p25.f024,0-882572,https://noaa-gfs-bdp-pds.s3.amazonaws.com/gfs.20260730/12/atmos/gfs.t12z.pgrb2.0p25.f024.idx,4c392fb4b661690dda563639ed27e88a94df32f8336e0e71a2467b7582289cae,PRMSL,mean sea level,24 hour fcst,2026-07-30,12,24,EGLC:2026-07-31 LFPG:2026-07-31,2026-09-23T19:58:27Z,882573,2708867dddc0e6882ccc4bd398bdee9f5fe33ba97155372a58e69258d1f24615
gfs_20260730_t12z_f024_RH_2maboveground.grib2,https://noaa-gfs-bdp-pds.s3.amazonaws.com/gfs.20260730/12/atmos/gfs.t12z.pgrb2.0p25.f024,413018698-413812524,https://noaa-gfs-bdp-pds.s3.amazonaws.com/gfs.20260730/12/atmos/gfs.t12z.pgrb2.0p25.f024.idx,4c392fb4b661690dda563639ed27e88a94df32f8336e0e71a2467b7582289cae,RH,2 m above ground,24 hour fcst,2026-07-30,12,24,EGLC:2026-07-31 LFPG:2026-07-31,2026-09-23T19:58:27Z,793827,4fcc7564dc3f3786fae5b1a479b07f11e25a63b8a16ef27cbb87327c5e8f8a5e
gfs_20260730_t12z_f024_SPFH_2maboveground.grib2,https://noaa-gfs-bdp-pds.s3.amazonaws.com/gfs.20260730/12/atmos/gfs.t12z.pgrb2.0p25.f024,411248465-412481978,https://noaa-gfs-bdp-pds.s3.amazonaws.com/gfs.20260730/12/atmos/gfs.t12z.pgrb2.0p25.f024.idx,4c392fb4b661690dda563639ed27e88a94df32f8336e0e71a2467b7582289cae,SPFH,2 m above ground,24 hour fcst,2026-07-30,12,24,EGLC:2026-07-31 LFPG:2026-07-31,2026-09-23T19:58:27Z,1233514,8e890a0323a1c00e69e9c8b2f9fd654bf3e1296b6fb1cf18420ebaed0518c50d
gfs_20260730_t12z_f024_TMP_700mb.grib2,https://noaa-gfs-bdp-pds.s3.amazonaws.com/gfs.20260730/12/atmos/gfs.t12z.pgrb2.0p25.f024,305117371-305903523,https://noaa-gfs-bdp-pds.s3.amazonaws.com/gfs.20260730/12/atmos/gfs.t12z.pgrb2.0p25.f024.idx,4c392fb4b661690dda563639ed27e88a94df32f8336e0e71a2467b7582289cae,TMP,700 mb,24 hour fcst,2026-07-30,12,24,EGLC:2026-07-31 LFPG:2026-07-31,2026-09-23T19:58:28Z,786153,6a0a81b05953ceec835dd5c8e5d9ae77256c0f15e33e3be24036f029a61873da
gfs_20260730_t12z_f024_TMP_850mb.grib2,https://noaa-gfs-bdp-pds.s3.amazonaws.com/gfs.20260730/12/atmos/gfs.t12z.pgrb2.0p25.f024,337926796-338781853,https://noaa-gfs-bdp-pds.s3.amazonaws.com/gfs.20260730/12/atmos/gfs.t12z.pgrb2.0p25.f024.idx,4c392fb4b661690dda563639ed27e88a94df32f8336e0e71a2467b7582289cae,TMP,850 mb,24 hour fcst,2026-07-30,12,24,EGLC:2026-07-31 LFPG:2026-07-31,2026-09-23T19:58:28Z,855058,6ca855a89cc053c01a0dfca84e5744da857a39be1d2b24d40c78a28e4b64dce3
gfs_20260730_t12z_f024_TMP_925mb.grib2,https://noaa-gfs-bdp-pds.s3.amazonaws.com/gfs.20260730/12/atmos/gfs.t12z.pgrb2.0p25.f024,360011218-360509372,https://noaa-gfs-bdp-pds.s3.amazonaws.com/gfs.20260730/12/atmos/gfs.t12z.pgrb2.0p25.f024.idx,4c392fb4b661690dda563639ed27e88a94df32f8336e0e71a2467b7582289cae,TMP,925 mb,24 hour fcst,2026-07-30,12,24,EGLC:2026-07-31 LFPG:2026-07-31,2026-09-23T19:58:27Z,498155,33a2e9a5e3d0f740458da74c024a624d8b43c8375d9ff98afb3156346035701e
gfs_20260730_t18z_f021_PRMSL_meansealevel.grib2,https://noaa-gfs-bdp-pds.s3.amazonaws.com/gfs.20260730/18/atmos/gfs.t18z.pgrb2.0p25.f021,0-883527,https://noaa-gfs-bdp-pds.s3.amazonaws.com/gfs.20260730/18/atmos/gfs.t18z.pgrb2.0p25.f021.idx,453bb81042698c55dfe0fac00b1438d6178380f7bad855ad8612aef1076f9591,PRMSL,mean sea level,21 hour fcst,2026-07-30,18,21,DSM:2026-07-31,2026-09-23T19:58:28Z,883528,e412668c7af5042d9af546dc5600daef4c4e71da2345c23dba8d7a820dc92876
gfs_20260730_t18z_f022_DSWRF_surface.grib2,https://noaa-gfs-bdp-pds.s3.amazonaws.com/gfs.20260730/18/atmos/gfs.t18z.pgrb2.0p25.f022,453911547-454813694,https://noaa-gfs-bdp-pds.s3.amazonaws.com/gfs.20260730/18/atmos/gfs.t18z.pgrb2.0p25.f022.idx,d1c513fb538270716fca9b1387cd2168bddc2bae9c64aa09144c51acf6c0c1ce,DSWRF,surface,18-22 hour ave fcst,2026-07-30,18,22,DSM:2026-07-31,2026-09-23T19:58:28Z,902148,4d042e9a1b18ed8363fe207882b1e267804b5ce0df22700ca29373d0060ab1ac
gfs_20260730_t18z_f023_PRMSL_meansealevel.grib2,https://noaa-gfs-bdp-pds.s3.amazonaws.com/gfs.20260730/18/atmos/gfs.t18z.pgrb2.0p25.f023,0-883693,https://noaa-gfs-bdp-pds.s3.amazonaws.com/gfs.20260730/18/atmos/gfs.t18z.pgrb2.0p25.f023.idx,91381dc57d5953a61ec284c0c417bbae585e114db8045088202d40ee8d83a54f,PRMSL,mean sea level,23 hour fcst,2026-07-30,18,23,RNO:2026-07-31,2026-09-23T19:58:28Z,883694,813664a88a5bb429fa2058ff93f20ea229aab4b12775524afaca47ad0dbf66f4
gfs_20260730_t18z_f024_DPT_2maboveground.grib2,https://noaa-gfs-bdp-pds.s3.amazonaws.com/gfs.20260730/18/atmos/gfs.t18z.pgrb2.0p25.f024,414439360-414976041,https://noaa-gfs-bdp-pds.s3.amazonaws.com/gfs.20260730/18/atmos/gfs.t18z.pgrb2.0p25.f024.idx,61e86c11e7202894e6a5d5f4242bfe349d075dc8629f4a3608ceb2d5fb09e387,DPT,2 m above ground,24 hour fcst,2026-07-30,18,24,DSM:2026-07-31,2026-09-23T19:58:28Z,536682,73051aa88e5f22b3bc2fc0bff091f3dda1a31cfa44497d298b2468bc2d4a9248
gfs_20260730_t18z_f024_DSWRF_surface.grib2,https://noaa-gfs-bdp-pds.s3.amazonaws.com/gfs.20260730/18/atmos/gfs.t18z.pgrb2.0p25.f024,457903888-458882504,https://noaa-gfs-bdp-pds.s3.amazonaws.com/gfs.20260730/18/atmos/gfs.t18z.pgrb2.0p25.f024.idx,61e86c11e7202894e6a5d5f4242bfe349d075dc8629f4a3608ceb2d5fb09e387,DSWRF,surface,18-24 hour ave fcst,2026-07-30,18,24,DSM:2026-07-31,2026-09-23T19:58:29Z,978617,284a1dcbc6a23ba228949f9a3be01f20eec672bf112698bfee5dece084ae94b3
gfs_20260730_t18z_f024_PRES_surface.grib2,https://noaa-gfs-bdp-pds.s3.amazonaws.com/gfs.20260730/18/atmos/gfs.t18z.pgrb2.0p25.f024,404344743-405181573,https://noaa-gfs-bdp-pds.s3.amazonaws.com/gfs.20260730/18/atmos/gfs.t18z.pgrb2.0p25.f024.idx,61e86c11e7202894e6a5d5f4242bfe349d075dc8629f4a3608ceb2d5fb09e387,PRES,surface,24 hour fcst,2026-07-30,18,24,DSM:2026-07-31,2026-09-23T19:58:29Z,836831,9e0af639efaa7920e1add02f54bad8fbc232ad3578694469449b070c5d79391f
gfs_20260730_t18z_f024_PRMSL_meansealevel.grib2,https://noaa-gfs-bdp-pds.s3.amazonaws.com/gfs.20260730/18/atmos/gfs.t18z.pgrb2.0p25.f024,0-882944,https://noaa-gfs-bdp-pds.s3.amazonaws.com/gfs.20260730/18/atmos/gfs.t18z.pgrb2.0p25.f024.idx,61e86c11e7202894e6a5d5f4242bfe349d075dc8629f4a3608ceb2d5fb09e387,PRMSL,mean sea level,24 hour fcst,2026-07-30,18,24,DSM:2026-07-31,2026-09-23T19:58:29Z,882945,a4978f331eec56a66ca2b8ba68a4c651f450b0447f5332d014a5113d5777ced1
gfs_20260730_t18z_f024_RH_2maboveground.grib2,https://noaa-gfs-bdp-pds.s3.amazonaws.com/gfs.20260730/18/atmos/gfs.t18z.pgrb2.0p25.f024,414976042-415770054,https://noaa-gfs-bdp-pds.s3.amazonaws.com/gfs.20260730/18/atmos/gfs.t18z.pgrb2.0p25.f024.idx,61e86c11e7202894e6a5d5f4242bfe349d075dc8629f4a3608ceb2d5fb09e387,RH,2 m above ground,24 hour fcst,2026-07-30,18,24,DSM:2026-07-31,2026-09-23T19:58:29Z,794013,0a5038af8009341be65f7dd38de6901cab49a77de4780b9c606a2d8f1d0fe6ac
gfs_20260730_t18z_f024_SPFH_2maboveground.grib2,https://noaa-gfs-bdp-pds.s3.amazonaws.com/gfs.20260730/18/atmos/gfs.t18z.pgrb2.0p25.f024,413206203-414439359,https://noaa-gfs-bdp-pds.s3.amazonaws.com/gfs.20260730/18/atmos/gfs.t18z.pgrb2.0p25.f024.idx,61e86c11e7202894e6a5d5f4242bfe349d075dc8629f4a3608ceb2d5fb09e387,SPFH,2 m above ground,24 hour fcst,2026-07-30,18,24,DSM:2026-07-31,2026-09-23T19:58:29Z,1233157,dd3e29d148cf76c75f16518e9b2b7e1a44f0f81c27f2e4ab83606c8f5fb2ce52
gfs_20260730_t18z_f024_TMP_700mb.grib2,https://noaa-gfs-bdp-pds.s3.amazonaws.com/gfs.20260730/18/atmos/gfs.t18z.pgrb2.0p25.f024,305544896-306329118,https://noaa-gfs-bdp-pds.s3.amazonaws.com/gfs.20260730/18/atmos/gfs.t18z.pgrb2.0p25.f024.idx,61e86c11e7202894e6a5d5f4242bfe349d075dc8629f4a3608ceb2d5fb09e387,TMP,700 mb,24 hour fcst,2026-07-30,18,24,DSM:2026-07-31,2026-09-23T19:58:29Z,784223,1de5d1e9c1f213d81a2aa0116a205f411f4f1761519be9ec28483f091ef7c0f9
gfs_20260730_t18z_f024_TMP_850mb.grib2,https://noaa-gfs-bdp-pds.s3.amazonaws.com/gfs.20260730/18/atmos/gfs.t18z.pgrb2.0p25.f024,338405631-339260839,https://noaa-gfs-bdp-pds.s3.amazonaws.com/gfs.20260730/18/atmos/gfs.t18z.pgrb2.0p25.f024.idx,61e86c11e7202894e6a5d5f4242bfe349d075dc8629f4a3608ceb2d5fb09e387,TMP,850 mb,24 hour fcst,2026-07-30,18,24,DSM:2026-07-31,2026-09-23T19:58:29Z,855209,eca4bc77bb1874307bc4b2b5f41b165dd457170149bcead3cbc243d7aa767a6b
gfs_20260730_t18z_f024_TMP_925mb.grib2,https://noaa-gfs-bdp-pds.s3.amazonaws.com/gfs.20260730/18/atmos/gfs.t18z.pgrb2.0p25.f024,360789128-361661271,https://noaa-gfs-bdp-pds.s3.amazonaws.com/gfs.20260730/18/atmos/gfs.t18z.pgrb2.0p25.f024.idx,61e86c11e7202894e6a5d5f4242bfe349d075dc8629f4a3608ceb2d5fb09e387,TMP,925 mb,24 hour fcst,2026-07-30,18,24,DSM:2026-07-31,2026-09-23T19:58:30Z,872144,dafef0c0e9a371c18fb8b53e83640d6a7801d4f619ca87f410b1a4c9b029a78f
gfs_20260730_t18z_f026_DPT_2maboveground.grib2,https://noaa-gfs-bdp-pds.s3.amazonaws.com/gfs.20260730/18/atmos/gfs.t18z.pgrb2.0p25.f026,413396709-413932813,https://noaa-gfs-bdp-pds.s3.amazonaws.com/gfs.20260730/18/atmos/gfs.t18z.pgrb2.0p25.f026.idx,bfb2c5cda435644126139ead2422747609cb97ceeaaa8457a69f3d316537232e,DPT,2 m above ground,26 hour fcst,2026-07-30,18,26,RNO:2026-07-31,2026-09-23T19:58:29Z,536105,1bc8977280d1c9ab80fa6fbd214487824465150d15715b29adfb814854f31e60
gfs_20260730_t18z_f026_DSWRF_surface.grib2,https://noaa-gfs-bdp-pds.s3.amazonaws.com/gfs.20260730/18/atmos/gfs.t18z.pgrb2.0p25.f026,454562888-455389228,https://noaa-gfs-bdp-pds.s3.amazonaws.com/gfs.20260730/18/atmos/gfs.t18z.pgrb2.0p25.f026.idx,bfb2c5cda435644126139ead2422747609cb97ceeaaa8457a69f3d316537232e,DSWRF,surface,24-26 hour ave fcst,2026-07-30,18,26,RNO:2026-07-31,2026-09-23T19:58:30Z,826341,9e3d808232c26b018c1345603a836c5a779975d1e1364ea81305a6935ce32d11
gfs_20260730_t18z_f026_PRES_surface.grib2,https://noaa-gfs-bdp-pds.s3.amazonaws.com/gfs.20260730/18/atmos/gfs.t18z.pgrb2.0p25.f026,403292115-404128770,https://noaa-gfs-bdp-pds.s3.amazonaws.com/gfs.20260730/18/atmos/gfs.t18z.pgrb2.0p25.f026.idx,bfb2c5cda435644126139ead2422747609cb97ceeaaa8457a69f3d316537232e,PRES,surface,26 hour fcst,2026-07-30,18,26,RNO:2026-07-31,2026-09-23T19:58:32Z,836656,b70eaa92d46f86e3e1b4bb9b428f634ef11bfb18e6bebb17bf54da9ffd6bf596
gfs_20260730_t18z_f026_PRMSL_meansealevel.grib2,https://noaa-gfs-bdp-pds.s3.amazonaws.com/gfs.20260730/18/atmos/gfs.t18z.pgrb2.0p25.f026,0-882362,https://noaa-gfs-bdp-pds.s3.amazonaws.com/gfs.20260730/18/atmos/gfs.t18z.pgrb2.0p25.f026.idx,bfb2c5cda435644126139ead2422747609cb97ceeaaa8457a69f3d316537232e,PRMSL,mean sea level,26 hour fcst,2026-07-30,18,26,RNO:2026-07-31,2026-09-23T19:58:32Z,882363,6d612d5b8dbbbf9aeb5cd1ebac49f64739ffcfb9e85ebdaf120b9e46bfde5203
gfs_20260730_t18z_f026_RH_2maboveground.grib2,https://noaa-gfs-bdp-pds.s3.amazonaws.com/gfs.20260730/18/atmos/gfs.t18z.pgrb2.0p25.f026,413932814-414727891,https://noaa-gfs-bdp-pds.s3.amazonaws.com/gfs.20260730/18/atmos/gfs.t18z.pgrb2.0p25.f026.idx,bfb2c5cda435644126139ead2422747609cb97ceeaaa8457a69f3d316537232e,RH,2 m above ground,26 hour fcst,2026-07-30,18,26,RNO:2026-07-31,2026-09-23T19:58:30Z,795078,63edf2775108bfa744e53848f15e7f0dee3e1d7904c51b96bbc3075cd72276a7
gfs_20260730_t18z_f026_SPFH_2maboveground.grib2,https://noaa-gfs-bdp-pds.s3.amazonaws.com/gfs.20260730/18/atmos/gfs.t18z.pgrb2.0p25.f026,412161157-413396708,https://noaa-gfs-bdp-pds.s3.amazonaws.com/gfs.20260730/18/atmos/gfs.t18z.pgrb2.0p25.f026.idx,bfb2c5cda435644126139ead2422747609cb97ceeaaa8457a69f3d316537232e,SPFH,2 m above ground,26 hour fcst,2026-07-30,18,26,RNO:2026-07-31,2026-09-23T19:58:32Z,1235552,bb1a3323cb5b330c96cddaf06a0f76ae782782a4ca3fb9cd854eeea8792cb47a
gfs_20260730_t18z_f026_TMP_700mb.grib2,https://noaa-gfs-bdp-pds.s3.amazonaws.com/gfs.20260730/18/atmos/gfs.t18z.pgrb2.0p25.f026,304532115-305316777,https://noaa-gfs-bdp-pds.s3.amazonaws.com/gfs.20260730/18/atmos/gfs.t18z.pgrb2.0p25.f026.idx,bfb2c5cda435644126139ead2422747609cb97ceeaaa8457a69f3d316537232e,TMP,700 mb,26 hour fcst,2026-07-30,18,26,RNO:2026-07-31,2026-09-23T19:58:32Z,784663,086cff22bd7aa5c3f1dd4bdedda170390e5ed93e95dba21349111b056e983eb0
gfs_20260730_t18z_f026_TMP_850mb.grib2,https://noaa-gfs-bdp-pds.s3.amazonaws.com/gfs.20260730/18/atmos/gfs.t18z.pgrb2.0p25.f026,337405255-338259781,https://noaa-gfs-bdp-pds.s3.amazonaws.com/gfs.20260730/18/atmos/gfs.t18z.pgrb2.0p25.f026.idx,bfb2c5cda435644126139ead2422747609cb97ceeaaa8457a69f3d316537232e,TMP,850 mb,26 hour fcst,2026-07-30,18,26,RNO:2026-07-31,2026-09-23T19:58:32Z,854527,ec487a43698fecdc150d4e1954e8b8b40aebb1b3a3c88478ab02a96825e18fec
gfs_20260730_t18z_f026_TMP_925mb.grib2,https://noaa-gfs-bdp-pds.s3.amazonaws.com/gfs.20260730/18/atmos/gfs.t18z.pgrb2.0p25.f026,359730560-360601970,https://noaa-gfs-bdp-pds.s3.amazonaws.com/gfs.20260730/18/atmos/gfs.t18z.pgrb2.0p25.f026.idx,bfb2c5cda435644126139ead2422747609cb97ceeaaa8457a69f3d316537232e,TMP,925 mb,26 hour fcst,2026-07-30,18,26,RNO:2026-07-31,2026-09-23T19:58:32Z,871411,082565a5e67ad66ddaba9a07ec2a82c686a957ad202487dafd4b923930f4d4f8
