tree
version=v4
num_class=1
num_tree_per_iteration=1
label_index=0
max_feature_idx=8
objective=regression_l1
feature_names=Column_0 Column_1 Column_2 Column_3 Column_4 Column_5 Column_6 Column_7 Column_8
feature_infos=[-23.129999999999999:42.563000000000002] [-0.99999073973619013:0.99999073973619013] [-1:1] [0:100] [0.74099999999999999:45.326999999999998] [0:35.192999999999998] [-12.220000000000001:16.475999999999999] [8.3360000000000003:964.46299999999997] [-6.3810000000000002:7.8799999999999999]
tree_sizes=1390 1428 1421 1429 1427 1428 1427 1429 1425 1437 1435 1436 1439 1432 1429 1425 1432 1430 1449 1432 1435 1433 1438 1422 1442 1434 1437 1444 1434 1442 1454 1441 1434 1442 1446 1425 1444 1444 1441 1426 1437 1447 1432 1436 1445 1445 1434 1427 1434 1435 1427 1431 1417 1448 1438 1441 1443 1449 1449 1438 1441 1443 1444 1422 1430 1449 1441 1436 1450 1435 1442 1445 1451 1423 1436 1439 1443 1432 1467 1453 1433 1441 1435 1449 1444 1440 1433 1461 1430 1435 1435 1444 1438 1443 1449 1431 1458 1438 1458 1448 1444 1442 1451 1449 1453 1445 1461 1445 1419 1422 1450 1449 1459 1423 1461 1429 1417 1436 1436 1444 1445 1447 1453 1442 1438 1449 1429 1435 1438 1423 1438 1440 1450 1447 1428 1440 1442 1426 1429 1428 1437 1458 1437 1441 1435 1450 1438 1459 1457 1455 1442 1436 1457 1431 1457 1459 1433 1448 1466 1451 1463 1448 1441 1455 1462 1432 1437 1459 1427 1454 1440 1433 1463 1446 1455 1452 1451 1464 1461 1451 1453 1455 1446 1455 1433 1462 1449 1439 1442 1447 1442 1461 1464 1456 1443 1457 1450 1474 1470 1448 1453 1462 1454 1440 1459 1445 1452 1448 1436 1438 1434 1426 1435 1429 1447 1450 1425 1436 1436 1457 1427 1445 1433 1451 1451 1419 1445 1433 1441 1434 1450 1441 1437 1448 1444 1470 1448 1448 1455 1452 1444 1457 1455 1463 1466 1462 1452 1449 1442 1440 1458 1458 1456 1446 1451 1464 1438 1465 1448 1454 1432 1440 1427 1434 1458 1437 1449 1450 1443 1446 1432 1435 1434 1440 1458 1461 1436 1448 1465 1441 1472 1460 1454 1449 1429 1451 1464 1465 1448 1449 1464 1437 1441 1450 1456 1456 1463 1455 1464 1434

Tree=0
num_leaves=15
num_cat=0
split_feature=5 2 1 0 5 0 1 3 7 1 0 4 0 5
split_gain=193.319 122.252 49.7835 35.7141 36.37 26.534 19.8238 14.4239 14.0527 11.0547 10.64 10.2717 11.1252 10.0442
threshold=14.641500000000002 -0.3390880814530603 -0.43222422251210757 6.4155000000000006 2.4055000000000004 23.148500000000002 0.098678873477280007 2.7795000000000005 886.35950000000014 0.14984488681196825 25.845500000000005 20.472000000000005 22.416000000000004 6.6950000000000012
decision_type=2 2 2 2 2 2 2 2 2 2 2 2 2 2
left_child=1 2 10 4 -3 7 -5 -2 11 -6 -1 -4 -13 -8
right_child=5 3 8 6 9 -7 13 -9 -10 -11 -12 12 -14 -15
leaf_value=-0.25244999788701533 -0.26392499804496766 -0.24102499783039094 -0.1906499996781349 -0.27987499758601186 -0.32739999741315839 -0.37382499724626539 -0.2716999977827072 -0.31164999753236772 -0.1585499957203865 -0.3010249972343445 -0.30904999524354937 -0.18697499781846999 -0.27249999791383744 -0.2138499990105629
leaf_weight=49 62 70 271 228 160 220 66 101 163 206 63 56 59 181
leaf_count=49 62 70 271 228 160 220 66 101 163 206 63 56 59 181
internal_value=-0.271 -0.263239 -0.24687 -0.275116 -0.28545 -0.302854 -0.265632 -0.287564 -0.240672 -0.291765 -0.27725 -0.24587 -0.258391 -0.255818
internal_weight=1955 1572 661 911 436 383 475 163 549 366 112 386 115 247
internal_count=1955 1572 661 911 436 383 475 163 549 366 112 386 115 247
is_linear=0
shrinkage=1


Tree=1
num_leaves=15
num_cat=0
split_feature=5 2 1 0 5 1 1 7 2 0 3 1 5 0
split_gain=176.047 107.379 47.3029 33.3427 35.3665 27.6639 18.3285 17.4878 14.2406 14.1844 11.5099 11.0773 9.40966 8.46733
threshold=14.641500000000002 -0.3390880814530603 -0.54162280503947546 6.4155000000000006 2.4055000000000004 0.76109721063455271 0.1328271176880281 884.53600000000017 0.1093682717844857 28.110000000000003 36.33100000000001 0.1328271176880281 6.6950000000000012 22.752000000000002
decision_type=2 2 2 2 2 2 2 2 2 2 2 2 2 2
left_child=1 2 -1 4 -3 8 13 9 -2 -4 -10 -6 -8 -5
right_child=5 3 7 6 11 -7 12 -9 10 -11 -12 -13 -14 -15
leaf_value=-0.025247500762343406 -0.098808745369315151 0.028476250022649766 0.077332500293850914 -0.002006875108927489 -0.053680001273751256 0.0057618749141693116 -0.0006649999320507056 0.10682750202715396 -0.012658748850226404 0.0064250002056360257 -0.054658750519156453 -0.028698750138282776 0.054992498829960823 -0.073306252695620064
leaf_weight=85 227 70 314 188 157 50 66 169 63 93 43 209 180 41
leaf_count=85 227 70 314 188 157 50 66 169 63 93 43 209 180 41
internal_value=-0.00028133 0.00712468 0.022466 -0.00400659 -0.0139908 -0.0306789 0.00515789 0.0276042 -0.0358859 0.0219902 -0.0207547 -0.0202186 0.0146341 -0.00502183
internal_weight=1955 1572 661 911 436 383 475 576 333 407 106 366 246 229
internal_count=1955 1572 661 911 436 383 475 576 333 407 106 366 246 229
is_linear=0
shrinkage=0.05


Tree=2
num_leaves=15
num_cat=0
split_feature=5 7 0 1 5 0 2 8 1 5 0 3 0 5
split_gain=163.21 112.049 61.9562 56.3097 38.4993 24.3757 15.6584 11.1779 10.0814 9.65479 9.22896 7.94857 7.45106 7.36626
threshold=16.651000000000003 864.45000000000016 6.4155000000000006 -0.43222422251210757 2.4055000000000004 23.705000000000002 0.19429706169951341 -1.4564999999999999 0.1328271176880281 2.5295000000000001 14.547500000000001 81.733500000000006 28.469500000000004 8.4480000000000022
decision_type=2 2 2 2 2 2 2 2 2 2 2 2 2 2
left_child=1 2 4 5 -1 -4 -2 -7 -6 -5 -11 13 -12 -10
right_child=6 -3 3 9 8 7 -8 -9 11 10 12 -13 -14 -15
leaf_value=0.0270774371996522 -0.099818317923694846 0.082765874754637481 0.0036190936407074327 0.11159900430962444 -0.055846001353114842 -0.067668311629444353 -0.02693456116691232 -0.031488032010383908 0.0092361875772476211 0.012950515670701863 0.06944087494537235 -0.034538812845945357 0.0032075000070035456 -0.051217314908280964
leaf_weight=71 189 264 214 70 171 63 61 100 52 222 268 126 40 44
leaf_count=71 189 264 214 70 171 63 61 100 52 222 268 126 40 44
internal_value=0.000127877 0.00565982 0.000173491 0.00731832 -0.0148707 -0.00782493 -0.0376 -0.0223926 -0.0209924 0.0168333 0.0145283 -0.013964 0.0201299 -0.003125
internal_weight=1955 1705 1441 977 464 377 250 163 393 600 530 222 308 96
internal_count=1955 1705 1441 977 464 377 250 163 393 600 530 222 308 96
is_linear=0
shrinkage=0.05


Tree=3
num_leaves=15
num_cat=0
split_feature=5 7 0 1 5 0 0 3 8 5 5 0 6 7
split_gain=148.261 100.711 51.6249 51.2201 35.9316 21.2561 14.3407 10.1114 9.77205 10.1259 9.14054 10.9148 10.5823 8.69438
threshold=16.755500000000005 859.68050000000005 6.4155000000000006 -0.43222422251210757 2.4055000000000004 23.705000000000002 28.243500000000004 0.64000000000000012 -1.1744999999999999 2.5295000000000001 4.870000000000001 2.6615000000000006 2.6240000000000006 399.28150000000011
decision_type=2 2 2 2 2 2 2 2 2 2 2 2 2 2
left_child=1 2 4 5 -1 -4 7 -2 -5 -10 12 -12 -6 -13
right_child=6 -3 3 8 10 -7 -8 -9 9 -11 11 13 -14 -15
leaf_value=0.025723565339669588 -0.013699083881638943 0.074072833331115542 0.0031631387738976615 0.018570831524021926 0.0073937530361115932 -0.048629465837939645 -0.15617740193214269 -0.043414680404774843 0.14630217332560569 0.043293832557089629 -0.056220284801442179 -0.05342298121023923 -0.030453700188733637 -0.0017702862140722574
leaf_weight=71 46 282 215 241 48 164 108 89 45 299 180 56 45 66
leaf_count=71 46 282 215 241 48 164 108 89 45 299 180 56 45 66
internal_value=0.000127877 0.00531542 -6.99301e-05 0.00653527 -0.0137339 -0.00778364 -0.0364198 -0.0255556 0.015812 0.0212209 -0.0196203 -0.0238411 -0.00591398 -0.0122951
internal_weight=1955 1712 1430 964 466 379 243 135 585 344 395 302 93 122
internal_count=1955 1712 1430 964 466 379 243 135 585 344 395 302 93 122
is_linear=0
shrinkage=0.05


Tree=4
num_leaves=15
num_cat=0
split_feature=5 2 1 1 0 0 0 5 0 3 7 5 8 5
split_gain=141.409 88.2799 41.0257 27.2325 24.994 21.4192 20.0565 22.6847 15.0889 12.979 12.8097 12.093 11.6019 11.4227
threshold=15.175000000000002 -0.3390880814530603 -0.54162280503947546 0.1328271176880281 28.243500000000004 28.166000000000004 8.7405000000000026 2.1365000000000003 6.7240000000000011 4.7540000000000004 825.99000000000012 4.9215000000000009 -1.3669999999999998 6.6950000000000012
decision_type=2 2 2 2 2 2 2 2 2 2 2 2 2 2
left_child=1 2 -1 8 -2 10 7 -5 11 -9 12 -3 -4 -8
right_child=4 3 5 6 -6 -7 13 9 -10 -11 -12 -13 -14 -15
leaf_value=-0.020329250796047273 -0.03082291233529337 -0.0040810147382225855 -0.00083471032594330849 0.029137387656811627 -0.14021852649495936 0.01394197066809051 -0.012707817712416875 0.018933112834177448 -0.0056200181349949007 -0.02820710959972348 0.09125906504253857 -0.054292685567191801 0.073004140333188694 0.062656140492213894
leaf_weight=94 209 60 45 47 132 118 41 40 238 237 224 129 196 145
leaf_count=94 209 60 45 47 132 118 41 40 238 237 224 129 196 145
internal_value=7.67263e-05 0.00625774 0.0200148 -0.00368196 -0.0291789 0.0249571 0.00411765 -0.00339506 -0.0129977 -0.00884477 0.0297849 -0.023545 0.0217842 0.0172043
internal_weight=1955 1614 677 937 341 583 510 324 427 277 465 189 241 186
internal_count=1955 1614 677 937 341 583 510 324 427 277 465 189 241 186
is_linear=0
shrinkage=0.05


Tree=5
num_leaves=15
num_cat=0
split_feature=5 7 0 1 5 5 0 3 2 6 1 0 0 8
split_gain=125.153 81.2451 45.7633 31.7473 30.7705 20.6467 15.8094 12.2755 15.0788 11.2652 8.94263 8.81043 8.72809 7.87736
threshold=15.335000000000003 878.94650000000013 6.4155000000000006 -0.43222422251210757 4.870000000000001 18.708500000000004 23.787000000000003 64.46050000000001 0.1093682717844857 2.6240000000000006 0.20061247795988868 9.3655000000000026 28.166000000000004 -0.99849999999999983
decision_type=2 2 2 2 2 2 2 2 2 2 2 2 2 2
left_child=1 2 4 6 9 7 -4 8 -2 -1 -6 13 -13 -5
right_child=5 -3 3 11 10 -7 -8 -9 -10 -11 -12 12 -14 -15
leaf_value=0.022280517761371101 -0.039305199539158953 0.076727235123090917 0.0032859827419525231 -0.01207242682679603 -0.051028052409399539 -0.091608203353509776 -0.039304379694895995 -0.055621302411105605 0.017827514534261547 -0.010558561999667902 -0.026965501053078336 0.059344206713200079 0.00046731619475828546 0.0319663884907763
leaf_weight=87 76 207 201 63 140 152 128 60 46 77 143 464 68 43
leaf_count=87 76 207 201 63 140 152 128 60 46 77 143 464 68 43
internal_value=2.55754e-05 0.00576804 0.00148515 0.00760083 -0.011745 -0.0278443 -0.0050152 -0.0164835 -0.00737705 0.0054878 -0.0217314 0.0141066 0.0167293 0.000943396
internal_weight=1955 1621 1414 967 447 334 329 182 122 164 283 638 532 106
internal_count=1955 1621 1414 967 447 334 329 182 122 164 283 638 532 106
is_linear=0
shrinkage=0.05


Tree=6
num_leaves=15
num_cat=0
split_feature=1 0 5 5 7 2 0 2 8 2 5 0 5 8
split_gain=123.026 86.1716 54.8619 27.8495 21.6264 16.7569 12.9145 11.9487 9.60717 8.64372 8.55194 8.22364 6.72127 6.34503
threshold=-0.22132528438243276 9.3655000000000026 13.425000000000002 2.4055000000000004 884.53600000000017 -0.14772953607417119 2.8435000000000001 0.92284787786233202 -1.4664999999999997 -0.84565824135800816 5.6125000000000016 20.506000000000004 2.5295000000000001 -1.0864999999999998
decision_type=2 2 2 2 2 2 2 2 2 2 2 2 2 2
left_child=2 3 7 -2 12 13 10 8 -1 -10 -5 -11 -3 -4
right_child=1 4 5 6 -6 -7 -8 -9 9 11 -12 -13 -14 -15
leaf_value=-0.017722587482424872 0.026566492385902491 0.10946965007266148 -0.11373115240014389 -0.011212470335950004 0.079494873056157753 -0.020726649431301689 -0.0049632243485470138 -0.045046582736337493 0.052594015157942257 0.010895666798917484 -0.049760036726417198 -0.017697569235737325 0.042111721097362484 -0.063226529995182232
leaf_weight=143 63 57 142 76 178 173 198 42 63 115 130 71 453 51
leaf_count=143 63 57 142 76 178 173 198 42 63 115 130 71 453 51
internal_value=-0.000179028 0.0102597 -0.01525 -0.00631692 0.0215116 -0.0295082 -0.0111386 -0.00322581 -0.000510204 0.00542169 -0.0199029 0 0.0162745 -0.0396373
internal_weight=1955 1155 800 467 688 366 404 434 392 249 206 186 510 193
internal_count=1955 1155 800 467 688 366 404 434 392 249 206 186 510 193
is_linear=0
shrinkage=0.05


Tree=7
num_leaves=15
num_cat=0
split_feature=5 2 7 0 0 2 0 5 1 1 0 8 2 3
split_gain=122.563 70.3286 28.8865 27.6916 25.8043 19.5738 14.0272 20.507 13.807 12.8362 14.4315 9.57146 7.84149 6.82092
threshold=13.782500000000001 -0.39505838944836397 884.53600000000017 28.243500000000004 22.416000000000004 0.99276848381014016 6.4155000000000006 2.4055000000000004 -0.54162280503947546 -0.12447811117596669 8.7405000000000026 -1.5834999999999997 -0.766658819300159 99.582000000000008
decision_type=2 2 2 2 2 2 2 2 2 2 2 2 2 2
left_child=1 2 4 9 12 6 7 -3 -6 -2 -11 -10 -1 -9
right_child=3 5 -4 -5 8 -7 -8 13 11 10 -12 -13 -14 -15
leaf_value=0.11782238208848816 -0.02370855764374041 0.023180121706975601 0.083265176327534621 -0.12059063581575624 -0.023462691584573626 -0.059278497060980123 0.011022782144413067 -0.023628080472226129 -0.01115671824123201 -0.036594869747234131 0.028937717916722561 0.032769037476577056 0.059479578772461773 -0.029079225046252301
leaf_weight=65 205 63 161 147 63 66 453 178 40 44 51 191 100 128
leaf_count=65 205 63 161 147 63 66 453 178 40 44 51 191 100 128
internal_value=-0.000383632 0.00643236 0.0193548 -0.0233781 0.012963 -0.00259009 -0.000486618 -0.00772358 0.00408163 -0.0146667 0.000526316 0.00974026 0.0287879 -0.0130719
internal_weight=1955 1508 620 447 459 888 822 369 294 300 95 231 165 306
internal_count=1955 1508 620 447 459 888 822 369 294 300 95 231 165 306
is_linear=0
shrinkage=0.05


Tree=8
num_leaves=15
num_cat=0
split_feature=5 7 0 0 5 1 0 2 3 1 6 5 0 6
split_gain=121.514 62.8399 32.1642 26.618 26.6151 19.8616 12.3839 12.0601 11.6511 10.2778 9.14671 7.43082 6.86425 6.37398
threshold=13.899000000000003 877.34250000000009 6.4155000000000006 28.243500000000004 4.870000000000001 -0.54162280503947546 23.787000000000003 0.83399694777620859 3.9150000000000005 -0.47434769705567575 2.6240000000000006 2.5295000000000001 2.8435000000000001 9.4535000000000018
decision_type=2 2 2 2 2 2 2 2 2 2 2 2 2 2
left_child=1 2 4 8 10 6 13 12 9 -2 -1 -7 -6 -4
right_child=3 -3 5 -5 7 11 -8 -9 -10 -11 -12 -13 -14 -15
leaf_value=0.019379161097133068 -0.01376782925088248 0.073856474356788618 -0.0017433262355328718 -0.11456110402496844 -0.0285252641277257 0.086932584308755334 -0.03949732763723534 -0.045692914220473731 -0.028619849721308956 0.047928504778646998 -0.0073035104917027532 0.028108369874854225 0.0083192801038848782 0.018206673961162458
leaf_weight=87 82 195 123 147 61 71 86 145 170 40 77 572 58 41
leaf_count=87 82 195 123 147 61 71 86 145 170 40 77 572 58 41
internal_value=-0.000639386 0.0060686 0.00215746 -0.0238041 -0.00911215 0.00755879 -0.0044 -0.0189394 -0.0150685 -0.00327869 0.00670732 0.0122084 -0.00714286 0.00365854
internal_weight=1955 1516 1321 439 428 893 250 264 292 122 164 643 119 164
internal_count=1955 1516 1321 439 428 893 250 264 292 122 164 643 119 164
is_linear=0
shrinkage=0.05


Tree=9
num_leaves=15
num_cat=0
split_feature=5 7 1 0 5 0 5 2 6 2 3 0 1 4
split_gain=113.478 70.0578 38.5588 25.8214 20.136 21.4132 20.0199 14.7099 13.6899 12.7467 8.41432 7.26903 7.01524 9.0317
threshold=16.755500000000005 877.34250000000009 0.14984488681196825 8.7405000000000026 4.7320000000000002 6.8490000000000011 2.4055000000000004 0.66485539796428639 13.687500000000002 -0.23208956585110249 4.7540000000000004 30.414500000000004 0.81825490718534677 24.196000000000002
decision_type=2 2 2 2 2 2 2 2 2 2 2 2 2 2
left_child=1 2 4 6 7 -6 -4 -1 11 -2 -8 -7 -5 -14
right_child=9 -3 3 12 5 8 10 -9 -10 -11 -12 -13 13 -15
leaf_value=0.042438150210312386 -0.11378239205885904 0.064183738119902897 0.029310202780015976 0.073462265628597118 -0.043948134499633355 -0.0040388988939320776 0.021350788109536445 -0.0064607719704869145 -0.044128781286871428 -0.018096892263229396 -0.021094709592868504 -0.056034556031072262 0.0073834188535966509 0.0653378655847663
leaf_weight=69 121 218 51 185 143 374 41 72 43 122 244 42 144 86
leaf_count=69 121 218 51 185 143 374 41 72 43 122 244 42 144 86
internal_value=-0.000741688 0.00379673 -6.69344e-05 0.00792277 -0.00814266 -0.0121262 -0.00238095 0.00886525 -0.00686275 -0.032716 -0.00754386 -0.00408654 0.0162651 0.0104348
internal_weight=1955 1712 1494 751 743 602 336 141 459 243 285 416 415 230
internal_count=1955 1712 1494 751 743 602 336 141 459 243 285 416 415 230
is_linear=0
shrinkage=0.05


Tree=10
num_leaves=15
num_cat=0
split_feature=5 7 5 5 0 1 3 8 5 8 1 2 7 7
split_gain=104.287 58.7714 27.2999 26.0812 34.5958 20.2239 17.3558 11.9307 9.61143 10.0523 8.73838 8.36181 8.57027 8.20855
threshold=13.782500000000001 877.34250000000009 18.708500000000004 2.4055000000000004 4.1000000000000005 0.14984488681196825 62.749000000000009 -1.3669999999999998 5.4680000000000009 -0.32099999999999995 -0.40097094742861966 -0.57729161655172734 780.22950000000014 750.15600000000006
decision_type=2 2 2 2 2 2 2 2 2 2 2 2 2 2
left_child=1 3 6 -1 8 7 10 -6 9 -5 13 12 -7 -2
right_child=2 -3 -4 4 5 11 -8 -9 -10 -11 -12 -13 -14 -15
leaf_value=0.035878797210764826 -0.0047125263062331828 0.067329661788441658 -0.073152543719908855 0.0098141820242892905 -0.024354010165002018 0.046339153253157857 -0.035006813885060738 0.002937255584831894 -0.034964856320311322 -0.022930020583335268 0.021016017982499371 0.022839859487505765 0.091798184783529996 -0.053959078743922598
leaf_weight=154 72 194 152 48 175 83 101 261 180 52 77 307 54 45
leaf_count=154 72 194 152 48 175 83 101 261 180 52 77 307 54 45
internal_value=-0.00104859 0.00523873 -0.0222595 0.00144597 -0.00112069 0.00375 -0.0133898 -0.00389908 -0.0164286 -0.004 -0.00463918 0.0112613 0.0215328 -0.0132479
internal_weight=1955 1508 447 1314 1160 880 295 436 280 100 194 444 137 117
internal_count=1955 1508 447 1314 1160 880 295 436 280 100 194 444 137 117
is_linear=0
shrinkage=0.05


Tree=11
num_leaves=15
num_cat=0
split_feature=5 7 1 0 5 5 0 2 0 5 3 8 3 0
split_gain=98.5687 69.9312 34.1133 22.9782 20.4001 20.2139 18.1601 14.7099 13.9611 10.4724 10.1528 9.44872 8.92076 8.68023
threshold=18.538500000000003 877.34250000000009 0.14984488681196825 9.3655000000000026 4.7320000000000002 2.4055000000000004 4.1000000000000005 0.66485539796428639 28.347500000000004 11.204000000000002 4.0205000000000011 -0.94299999999999984 27.647500000000004 27.626500000000004
decision_type=2 2 2 2 2 2 2 2 2 2 2 2 2 2
left_child=1 2 4 5 7 -4 -6 -1 11 -10 -7 -8 -13 -2
right_child=13 -3 3 -5 6 10 8 -9 9 -11 -12 12 -14 -15
leaf_value=0.040169379920555172 -0.027521568393116161 0.056588866012297269 0.02605075278047694 0.050994291567994871 -0.04184388776414133 0.019141255729684337 -0.014025602200917781 -0.0062863305395065589 -0.0084644387076344956 -0.057173208958521043 -0.017832199459186026 0.024786182688155758 -0.0065567668165896712 -0.12843630184404678
leaf_weight=69 77 221 51 396 109 43 243 72 61 87 272 73 99 82
leaf_count=69 77 221 51 396 109 43 243 72 61 87 272 73 99 82
internal_value=-0.000946292 0.00239421 -0.00130159 0.00629921 -0.00842558 -0.00273224 -0.0120536 0.00886525 -0.00843694 -0.0216216 -0.00746032 -0.00373494 0.00523256 -0.0386792
internal_weight=1955 1796 1575 762 813 366 672 141 563 148 315 415 172 159
internal_count=1955 1796 1575 762 813 366 672 141 563 148 315 415 172 159
is_linear=0
shrinkage=0.05


Tree=12
num_leaves=15
num_cat=0
split_feature=5 7 5 0 1 8 0 7 8 7 5 5 8 5
split_gain=98.3017 64.0541 34.5618 27.8393 29.6077 19.4513 12.3355 15.5161 11.0083 10.4639 14.9383 10.1697 10.0523 9.01918
threshold=18.538500000000003 862.75950000000012 2.4055000000000004 4.1000000000000005 0.11577009971046097 -1.3939999999999997 23.787000000000003 427.24750000000006 -0.16549999999999998 900.73400000000004 10.232500000000002 5.4680000000000009 -0.32099999999999995 10.985500000000002
decision_type=2 2 2 2 2 2 2 2 2 2 2 2 2 2
left_child=1 2 -1 11 5 6 7 -5 9 10 -3 12 -4 -7
right_child=-2 8 3 4 -6 13 -8 -9 -10 -11 -12 -13 -14 -15
leaf_value=0.03242935403270078 -0.062256487967720001 0.058462304380004819 0.0096041484298214751 -0.029025210857113161 0.023310998378268655 0.015997724824744576 -0.044357678363500422 0.011682234902126882 0.002158934622143355 0.068308929353092768 0.00038733154691482363 -0.034496028288418801 -0.021180556304201192 -0.015496267947463083
leaf_weight=154 159 81 48 78 471 190 119 65 49 91 54 217 52 127
leaf_count=154 159 81 48 78 471 190 119 65 49 91 54 217 52 127
internal_value=-0.000997442 0.00233853 -0.00167653 -0.00420629 -0.000285714 -0.00785838 -0.0179389 -0.00804196 0.0245455 0.0292035 0.0203704 -0.0171924 -0.004 0.000473186
internal_weight=1955 1796 1521 1367 1050 579 262 143 275 226 135 317 100 317
internal_count=1955 1796 1521 1367 1050 579 262 143 275 226 135 317 100 317
is_linear=0
shrinkage=0.05


Tree=13
num_leaves=15
num_cat=0
split_feature=5 2 0 0 1 3 1 0 0 2 3 5 5 3
split_gain=87.0872 52.7097 27.5496 24.837 18.7764 14.5519 12.6073 12.5386 10.8484 10.6467 10.5425 8.23431 7.92493 10.2795
threshold=13.782500000000001 -0.57240397273781507 28.243500000000004 30.294500000000003 0.1328271176880281 14.802000000000001 -0.38118653245548278 25.105000000000004 -4.8064999999999989 -0.14772953607417119 4.0855000000000006 18.408000000000005 2.4055000000000004 4.3260000000000014
decision_type=2 2 2 2 2 2 2 2 2 2 2 2 2 2
left_child=1 3 10 5 6 -1 9 -7 -6 -3 -2 -4 -10 -14
right_child=2 4 11 -5 8 7 -8 -9 12 -11 -12 -13 13 -15
leaf_value=0.064468483886796157 -0.0013543609979212281 -0.041789180619270644 -0.031927108786440679 -0.02021523763392381 -0.023586940047487105 0.062290757759272355 -0.037249878730809281 0.004604818585842628 0.031176748107390073 0.00054211371266595088 -0.022343883252439897 -0.12030165624994281 0.04507405613466238 0.0022537005173503435
leaf_weight=146 127 40 68 48 70 211 140 133 69 232 173 79 60 359
leaf_count=146 127 40 68 48 70 211 140 133 69 232 173 79 60 359
internal_value=-0.000639386 0.0051061 -0.0200224 0.017658 -0.00185567 0.0210204 -0.00995146 0.015407 0.00412186 -0.00367647 -0.0113333 -0.0377551 0.0067623 0.00417661
internal_weight=1955 1508 447 538 970 490 412 344 558 272 300 147 488 419
internal_count=1955 1508 447 538 970 490 412 344 558 272 300 147 488 419
is_linear=0
shrinkage=0.05


Tree=14
num_leaves=15
num_cat=0
split_feature=5 7 5 5 0 1 7 2 8 3 0 5 8 1
split_gain=79.6707 46.8162 25.8763 25.383 23.2047 15.1678 13.9028 12.8795 11.1363 10.3722 8.40988 8.33143 12.1827 8.28926
threshold=13.782500000000001 877.34250000000009 2.4055000000000004 19.031500000000005 4.1000000000000005 0.14984488681196825 838.49950000000013 -0.36324666135702649 -1.3669999999999998 44.962500000000013 8.8995000000000015 5.4680000000000009 1.0000000180025095e-35 0.80392051724781088
decision_type=2 2 2 2 2 2 2 2 2 2 2 2 2 2
left_child=1 2 -1 6 11 8 7 -2 -6 10 -9 12 -4 -7
right_child=3 -3 4 -5 5 13 -8 9 -10 -11 -12 -13 -14 -15
leaf_value=0.029103987938300005 -0.04691978799843783 0.057123615462990884 0.0084009067393982177 -0.06020175493020026 -0.020506153533454502 0.046311240982515281 0.010615643504056383 -0.028649570056110386 0.0039179340054995597 -0.031323011321080778 0.015219181369827535 -0.029797909176512417 -0.025578086623703263 0.011980669632558963
leaf_weight=154 66 194 57 138 175 195 49 41 261 76 77 180 43 249
leaf_count=154 66 194 57 138 175 195 49 41 261 76 77 180 43 249
internal_value=-0.000588235 0.00490716 0.00152207 -0.0191275 -0.00103448 0.00295455 -0.011165 -0.0157692 -0.00366972 -0.00927835 0 -0.0135714 -0.002 0.00945946
internal_weight=1955 1508 1314 447 1160 880 309 260 436 194 118 280 100 444
internal_count=1955 1508 1314 447 1160 880 309 260 436 194 118 280 100 444
is_linear=0
shrinkage=0.05


Tree=15
num_leaves=15
num_cat=0
split_feature=1 5 0 2 5 5 6 8 5 8 3 5 0 1
split_gain=73.7435 43.0241 36.9412 26.6673 18.5413 16.9827 16.1795 13.4704 15.0538 12.5461 9.54533 13.0104 8.96356 8.5609
threshold=0.14984488681196825 13.588000000000003 15.546000000000001 0.92284787786233202 2.4055000000000004 7.2775000000000007 14.366500000000002 -1.2874999999999999 8.7805000000000017 -0.23849999999999996 24.841000000000005 4.551000000000001 2.8435000000000001 0.80392051724781088
decision_type=2 2 2 2 2 2 2 2 2 2 2 2 2 2
left_child=1 3 4 7 -2 -4 -3 -1 10 -7 -9 -12 -6 -14
right_child=2 6 5 -5 12 9 -8 8 -10 -11 11 -13 13 -15
leaf_value=-0.01052159491166807 0.030488798300394717 -0.019660538523763867 0.031718732708291224 -0.033207013061421445 -0.02102319315010736 0.067268326173294465 -0.11822648263917784 0.057001260310796775 -0.0087645496666256296 0.015649373247363565 0.04456280021218563 0.00012310373100812288 0.041395296349170829 -0.004285729120771087
leaf_weight=190 77 303 128 144 154 198 63 43 137 42 63 94 92 227
leaf_count=190 77 303 128 144 154 198 63 43 137 42 63 94 92 227
internal_value=-0.00084399 -0.00998071 0.00947712 -0.00245902 0.00127273 0.0217391 -0.0237705 0.00275142 0.00875371 0.0295833 0.0175 0.0117834 -0.00243129 0.0023511
internal_weight=1955 1037 918 671 550 368 366 527 337 240 200 157 473 319
internal_count=1955 1037 918 671 550 368 366 527 337 240 200 157 473 319
is_linear=0
shrinkage=0.05


Tree=16
num_leaves=15
num_cat=0
split_feature=1 0 0 5 7 2 2 5 0 4 0 6 2 5
split_gain=65.3677 44.4789 37.3571 22.777 13.3088 12.1812 16.8537 14.2355 11.5753 10.2727 8.94832 7.64217 5.59484 6.70633
threshold=-0.22132528438243276 15.546000000000001 30.294500000000003 2.2645000000000004 900.73400000000004 -0.66248835645380588 -0.14772953607417119 10.488000000000001 6.0505000000000004 9.9290000000000003 2.8435000000000001 13.033500000000002 -0.9951106240145321 7.2775000000000007
decision_type=2 2 2 2 2 2 2 2 2 2 2 2 2 2
left_child=2 3 5 -2 12 7 -7 -1 -8 -5 -11 -4 -3 -14
right_child=1 4 11 9 -6 6 8 -9 -10 10 -12 -13 13 -15
leaf_value=0.042437764839911699 0.026148787412497945 0.0010937341529928626 -0.03624346143503554 -0.031552454759568034 0.055333976349326235 -0.037790313706035528 -0.022471930003527853 -0.017804787234853299 -0.00029839920171261804 -0.01721382172362073 0.0037209341554132955 -0.10268174080852965 0.033290894520682845 0.056892839279375308
leaf_weight=86 89 60 41 68 102 117 121 40 306 178 320 89 153 185
leaf_count=86 89 60 41 68 102 117 121 40 306 178 320 89 153 185
internal_value=-0.000639386 0.0069697 -0.011625 -0.00160305 0.0182 -0.00686567 -0.0101103 0.00714286 -0.00550351 -0.00530035 -0.00281124 -0.0361538 0.0140704 0.016568
internal_weight=1955 1155 800 655 500 670 544 126 427 566 498 130 398 338
internal_count=1955 1155 800 655 500 670 544 126 427 566 498 130 398 338
is_linear=0
shrinkage=0.05


Tree=17
num_leaves=15
num_cat=0
split_feature=1 6 0 2 5 5 5 0 8 3 0 0 8 5
split_gain=60.485 38.354 30.9918 19.538 16.9612 16.7657 16.2073 12.9105 10.5284 8.55315 8.49384 10.1752 13.3506 9.16289
threshold=0.14984488681196825 14.366500000000002 15.546000000000001 -0.83635891446581057 9.0475000000000012 2.4055000000000004 7.2775000000000007 30.603000000000005 -0.23849999999999996 0.36000000000000004 6.7240000000000011 20.506000000000004 -2.0284999999999997 4.9215000000000009
decision_type=2 2 2 2 2 2 2 2 2 2 2 2 2 2
left_child=1 3 5 4 -1 -2 -4 10 -8 -7 13 -12 -13 -5
right_child=2 -3 6 7 -6 9 8 -9 -10 -11 11 12 -14 -15
leaf_value=0.03872948200140959 0.027656919014750082 -0.10793108863293016 0.028468251346842523 -0.00010288713700793845 -0.01253819374014003 0.036008155165264975 0.061138211047163417 -0.059410230862639461 0.012061234194277848 -0.0058776948856212241 0.001293817357692577 -0.045921622069573204 -0.010348093410654994 -0.031059884622948748
leaf_weight=144 77 63 128 61 94 49 198 52 42 424 244 42 188 149
leaf_count=144 77 63 128 61 94 49 198 52 42 424 244 42 188 149
internal_value=-0.000741688 -0.00901639 0.00860566 -0.00657084 0.00588235 0.00109091 0.019837 -0.0105978 0.0275 -0.00243129 -0.00877193 -0.00506329 -0.0126087 -0.0171429
internal_weight=1955 1037 918 974 238 550 368 736 240 473 684 474 230 210
internal_count=1955 1037 918 974 238 550 368 736 240 473 684 474 230 210
is_linear=0
shrinkage=0.05


Tree=18
num_leaves=15
num_cat=0
split_feature=0 7 5 8 0 1 6 8 3 5 8 1 0 7
split_gain=56.2218 44.0934 24.8459 20.9637 18.1085 19.1493 13.6936 13.069 9.77999 8.61477 8.96621 8.43857 8.64095 9.1242
threshold=30.294500000000003 852.69500000000005 2.4055000000000004 -0.16549999999999998 4.1000000000000005 0.098678873477280007 12.313500000000001 -0.94299999999999984 3.1565000000000003 5.8485000000000005 0.12400000000000001 -0.99052327954040364 24.227500000000003 476.37700000000007
decision_type=2 2 2 2 2 2 2 2 2 2 2 2 2 2
left_child=1 2 -1 -3 9 7 -2 11 -7 10 -4 -6 13 -13
right_child=6 3 4 -5 5 8 -8 -9 -10 -11 -12 12 -14 -15
leaf_value=0.024362321621355921 -0.0041698802900089369 0.045867244488050851 0.0073248022485059607 -0.0063582593974258646 0.0026308376921550056 0.046916653685398872 -0.092888866666174352 0.0034886154456235442 0.011656456049392137 -0.028213820843669371 -0.022380282941137648 -0.022602312973295954 -0.03950097324160453 0.0031812562913437776
leaf_weight=154 43 227 64 51 56 50 110 229 414 210 46 111 112 78
leaf_count=154 43 227 64 51 56 50 110 229 414 210 46 111 112 78
internal_value=-0.000639386 0.0018313 -0.00150919 0.0201439 -0.00364964 -0.00047619 -0.0297386 -0.00648464 0.00711207 -0.0140625 -0.00272727 -0.012465 -0.0157807 -0.00925926
internal_weight=1955 1802 1524 278 1370 1050 153 586 464 320 110 357 301 189
internal_count=1955 1802 1524 278 1370 1050 153 586 464 320 110 357 301 189
is_linear=0
shrinkage=0.05


Tree=19
num_leaves=15
num_cat=0
split_feature=6 7 1 0 8 0 0 5 3 1 4 4 4 0
split_gain=52.6978 40.6085 22.2631 14.0712 13.4202 14.9305 13.3785 9.67913 10.8779 8.74163 8.61305 8.41135 8.25282 8.13469
threshold=14.366500000000002 884.53600000000017 0.16681837808193059 -0.24549999999999997 -1.1744999999999999 4.2035000000000009 23.787000000000003 4.551000000000001 18.988500000000005 0.57659668305444445 9.9290000000000003 22.083500000000004 13.209000000000001 6.0505000000000004
decision_type=2 2 2 2 2 2 2 2 2 2 2 2 2 2
left_child=1 2 4 -4 6 -6 13 -7 -9 11 -11 -5 -3 -1
right_child=-2 12 3 9 5 7 -8 8 -10 10 -12 -13 -14 -15
leaf_value=-0.022455561063511559 -0.096688862005057608 0.0090834966907772374 -0.01419484435012764 0.053070113518846364 -0.023990317568152165 0.030473953928766551 -0.034248027414468189 0.010888384023274245 -0.011279284575305887 -0.018898603870216284 0.015219966104569708 0.0116673136815905 0.051692378228781845 0.00030633898910355922
leaf_weight=98 64 65 135 93 95 53 192 130 183 40 464 40 123 180
leaf_count=98 64 65 135 93 95 53 192 130 183 40 464 40 123 180
internal_value=-0.000690537 0.000819672 -0.0016148 0.00466321 -0.00682062 -0.000759219 -0.012766 0.00382514 0.000479233 0.0077708 0.0047619 0.0191729 0.0228723 -0.0057554
internal_weight=1955 1891 1703 772 931 461 470 366 313 637 504 133 188 278
internal_count=1955 1891 1703 772 931 461 470 366 313 637 504 133 188 278
is_linear=0
shrinkage=0.05


Tree=20
num_leaves=15
num_cat=0
split_feature=6 7 1 5 0 0 5 5 0 7 4 6 0 4
split_gain=49.1885 38.6732 21.8486 12.6815 13.8848 12.1143 12.6201 11.6293 10.6815 8.97509 8.94349 8.93165 8.10688 7.65483
threshold=14.366500000000002 884.53600000000017 0.16681837808193059 4.7320000000000002 1.1295000000000002 15.917500000000002 1.9945000000000002 7.2775000000000007 28.347500000000004 817.44550000000015 12.931500000000002 10.873500000000002 21.256000000000004 13.209000000000001
decision_type=2 2 2 2 2 2 2 2 2 2 2 2 2 2
left_child=1 2 3 -1 -5 6 -4 12 9 -6 -8 -10 -7 -3
right_child=-2 13 5 4 8 7 10 -9 11 -11 -12 -13 -14 -15
leaf_value=0.0095118702994524754 -0.091854418904804738 0.0086293218562383707 0.023722618998428265 -0.031613303715623604 -0.0072852600628144568 0.079614585585653264 -0.030104735930122223 0.067222234367938574 -0.0009135483143063672 0.032168321432197167 0.0017801214302409552 -0.0358135232088009 -0.023943083213496492 0.04910775931734275
leaf_weight=142 64 65 68 71 478 59 97 120 57 53 368 130 60 123
leaf_count=142 64 65 68 71 478 59 97 120 57 53 368 130 60 123
internal_value=-0.000639386 0.000819672 -0.00155608 -0.00671321 -0.00918885 0.00466321 0.000469043 0.0140167 -0.00710306 -0.00348399 -0.00247312 -0.0173797 0.00294118 0.0223404
internal_weight=1955 1891 1703 931 789 772 533 239 718 531 465 187 119 188
internal_count=1955 1891 1703 931 789 772 533 239 718 531 465 187 119 188
is_linear=0
shrinkage=0.05


Tree=21
num_leaves=15
num_cat=0
split_feature=5 7 8 6 0 2 6 0 2 8 4 1 7 5
split_gain=45.0115 34.4056 23.766 20.9483 18.6221 14.3242 13.2636 12.5178 17.9022 15.2128 12.0339 8.32975 5.90288 8.7288
threshold=18.708500000000004 857.26050000000009 -0.16549999999999998 13.687500000000002 6.4155000000000006 -0.13070653084037345 -1.5384999999999998 23.787000000000003 -0.77547391234167817 -1.3214999999999997 9.6340000000000021 0.2174230999111143 900.73400000000004 9.9775000000000009
decision_type=2 2 2 2 2 2 2 2 2 2 2 2 2 2
left_child=1 3 12 4 6 -2 -1 8 -6 -9 -10 -8 13 -3
right_child=5 2 -4 -5 7 -7 11 9 10 -11 -12 -13 -14 -15
leaf_value=0.020129701987383532 -0.085188149168926197 0.042618767423678511 -0.007819462513888072 -0.032713787031209564 0.077702870456990064 -0.004477902577897608 -0.023635990406588987 -0.033065839561336151 -0.010426245686525535 0.0067503683163376293 0.015434814970577117 -0.0032417541071961434 0.046550110219590927 0.0057218259871632433
leaf_weight=50 89 83 54 78 79 63 193 102 69 173 530 235 92 65
leaf_count=50 89 83 54 78 79 63 193 102 69 173 530 235 92 65
internal_value=-0.00084399 0.00135885 0.0170068 -0.00168986 -0.000314465 -0.0269737 -0.0083682 0.00372508 0.00737463 -0.00527273 0.00442404 -0.011215 0.02375 0.0175676
internal_weight=1955 1803 294 1509 1431 152 478 953 678 275 599 428 240 148
internal_count=1955 1803 294 1509 1431 152 478 953 678 275 599 428 240 148
is_linear=0
shrinkage=0.05


Tree=22
num_leaves=15
num_cat=0
split_feature=5 7 1 0 2 5 0 7 5 4 3 8 8 2
split_gain=41.0015 31.1994 14.157 12.8476 12.1407 10.4222 13.3355 10.6713 7.87281 7.63946 7.5243 7.58212 8.89091 6.25838
threshold=19.031500000000005 884.53600000000017 0.16681837808193059 9.0130000000000017 -0.31473592273745027 5.5475000000000012 1.1295000000000002 393.64450000000005 12.556000000000003 11.861000000000002 22.096000000000004 -1.2564999999999997 -1.7174999999999998 0.66485539796428639
decision_type=2 2 2 2 2 2 2 2 2 2 2 2 2 2
left_child=1 2 5 8 -2 7 -7 13 -4 -3 11 12 -8 -1
right_child=4 9 3 -5 -6 6 10 -9 -10 -11 -12 -13 -14 -15
leaf_value=0.012480234101859201 -0.099577013751009968 0.0038513161014896769 0.0014084400832111267 0.037763282983840019 -0.0067670666118156949 -0.039317028871272502 0.0020624856767753386 0.041608871090417755 -0.026963809782055637 0.043572411632388834 -0.015639069828142765 0.01707572765191297 -0.030783640015861952 -0.013359752308771171
leaf_weight=61 70 50 297 414 68 64 83 41 59 138 341 136 61 72
leaf_count=61 70 50 297 414 68 64 83 41 59 138 341 136 61 72
internal_value=-0.000537084 0.00145845 -0.000767342 0.00415584 -0.0268116 -0.00518044 -0.0079562 0.00574713 -0.00280899 0.0207447 -0.00571659 0.000357143 -0.00763889 -0.00112782
internal_weight=1955 1817 1629 770 138 859 685 174 356 188 621 280 144 133
internal_count=1955 1817 1629 770 138 859 685 174 356 188 621 280 144 133
is_linear=0
shrinkage=0.05


Tree=23
num_leaves=15
num_cat=0
split_feature=6 7 1 5 0 0 5 1 0 4 0 2 0 3
split_gain=39.2817 29.872 16.8782 11.1466 11.0839 9.09552 11.5956 6.85824 7.78357 6.69959 6.44175 4.97305 4.2785 8.09531
threshold=14.366500000000002 884.53600000000017 0.16681837808193059 4.7320000000000002 9.3655000000000026 6.8490000000000011 18.538500000000003 0.5043284533698108 -1.107 11.861000000000002 26.313000000000006 0.66485539796428639 23.705000000000002 0.88050000000000017
decision_type=2 2 2 2 2 2 2 2 2 2 2 2 2 2
left_child=1 2 3 11 7 -5 12 8 -4 -3 -8 -1 -7 -14
right_child=-2 9 4 5 -6 6 10 -9 -10 -11 -12 -13 13 -15
leaf_value=0.026056700747017832 -0.081433747465082293 0.003658750296415192 -0.0012844645489327956 -0.023508304695980843 0.036321380299263434 0.0031440365513976847 -0.0081482344387987637 -0.008221666866437936 0.033505388168275106 0.041393791050769395 -0.047778173622499302 -0.0018144094020680569 0.019475663251269756 -0.013131674212066674
leaf_weight=69 64 50 63 155 408 228 50 260 41 138 53 73 62 241
leaf_count=69 64 50 63 155 408 228 50 260 41 138 53 73 62 241
internal_value=-0.000537084 0.00076679 -0.0013212 -0.00585392 0.00414508 -0.0081749 -0.0055205 -0.0021978 0.00865385 0.0196809 -0.0208738 0.00704225 -0.00254237 -0.00643564
internal_weight=1955 1891 1703 931 772 789 634 364 104 188 103 142 531 303
internal_count=1955 1891 1703 931 772 789 634 364 104 188 103 142 531 303
is_linear=0
shrinkage=0.05


Tree=24
num_leaves=15
num_cat=0
split_feature=6 7 1 0 5 2 5 1 4 0 2 4 4 3
split_gain=36.7629 29.0426 15.1138 10.4951 10.2375 9.13663 7.88556 7.41867 10.9453 8.39357 8.62982 6.69959 6.68256 6.15624
threshold=14.366500000000002 884.53600000000017 0.16681837808193059 -0.24549999999999997 4.7320000000000002 0.92284787786233202 20.175000000000004 0.81078196093106825 21.998000000000001 15.546000000000001 -0.29837325449147856 11.861000000000002 16.944500000000001 29.003500000000006
decision_type=2 2 2 2 2 2 2 2 2 2 2 2 2 2
left_child=1 2 4 -4 -1 6 13 8 12 -9 -11 -3 -5 -6
right_child=-2 11 3 7 5 -7 -8 9 -10 10 -12 -13 -14 -15
leaf_value=0.0066661046242008585 -0.077362060091828166 0.0034758127815944341 -0.013071359159612161 0.031060701121856028 0.0013316499205551558 -0.024462791554725208 -0.038395181686720049 -0.0027087455876779343 -0.0063810522372366174 -0.0076596960548913524 0.063748195336580674 0.039324101498230929 0.07744945571027001 -0.011420385185778471
leaf_weight=142 64 50 135 133 279 110 75 258 85 43 65 138 53 325
leaf_count=142 64 50 135 133 279 110 75 258 85 43 65 138 53 325
internal_value=-0.000230179 0.0010312 -0.0010276 0.00414508 -0.00531686 -0.00754119 -0.00537555 0.00682889 0.0130996 0.00218579 0.0138889 0.0196809 0.0198925 -0.00347682
internal_weight=1955 1891 1703 772 931 789 679 637 271 366 108 188 186 604
internal_count=1955 1891 1703 772 931 789 679 637 271 366 108 188 186 604
is_linear=0
shrinkage=0.05


Tree=25
num_leaves=15
num_cat=0
split_feature=6 7 5 0 1 3 0 5 8 1 5 0 4 8
split_gain=33.8418 25.8238 14.3305 11.1222 11.7287 7.25806 7.60322 10.334 7.20454 7.59046 8.83777 5.90244 5.82139 5.62424
threshold=14.366500000000002 884.53600000000017 2.4055000000000004 0.26350000000000007 0.16681837808193059 3.1565000000000003 18.537000000000003 7.3175000000000008 -1.1744999999999999 -0.99052327954040364 20.175000000000004 23.622500000000002 11.861000000000002 -1.8039999999999998
decision_type=2 2 2 2 2 2 2 2 2 2 2 2 2 2
left_child=1 2 -1 -4 8 -6 -7 11 9 -5 13 -8 -3 -11
right_child=-2 12 3 4 5 6 7 -9 -10 10 -12 -13 -14 -15
leaf_value=0.018446917370502761 -0.073493957087236758 0.0033020221425147157 -0.017859933887325281 0.0057117980022753818 0.042106873451133058 -0.0015151182791116715 0.068245649714938697 0.060546388293908862 0.00036317421627208858 -0.0019758725402012948 -0.04748380969566899 -0.015494755276281448 0.037357896423319381 -0.027549205120821159
leaf_weight=154 64 50 204 53 62 343 41 71 373 174 42 41 138 145
leaf_count=154 64 50 204 53 62 343 41 71 373 174 42 41 138 145
internal_value=-0.000179028 0.0010312 -0.000910159 -0.00235636 -0.00070632 0.00483871 0.00282258 0.0120915 -0.00463787 -0.00917874 -0.0117729 0 0.018617 -0.00893417
internal_weight=1955 1891 1703 1549 1345 558 496 153 787 414 361 82 188 319
internal_count=1955 1891 1703 1549 1345 558 496 153 787 414 361 82 188 319
is_linear=0
shrinkage=0.05


Tree=26
num_leaves=15
num_cat=0
split_feature=0 2 6 5 4 0 0 5 7 8 0 1 3 4
split_gain=33.8363 27.7764 16.399 14.4488 10.2818 8.26269 11.2394 9.0234 7.58637 16.4432 14.1913 7.5082 9.99692 8.05843
threshold=30.294500000000003 -0.57240397273781507 13.825000000000001 13.236000000000002 9.501000000000003 9.3655000000000026 10.356500000000002 4.495000000000001 817.44550000000015 -0.16549999999999998 22.416000000000004 0.83753161698751566 0.22950000000000004 23.385000000000002
decision_type=2 2 2 2 2 2 2 2 2 2 2 2 2 2
left_child=1 3 -2 8 -3 7 -7 -6 10 -10 -1 12 -8 -13
right_child=2 4 -4 -5 5 6 11 -9 9 -11 -12 13 -14 -15
leaf_value=0.070164700439009575 -0.014729407538924884 -0.01998258395592023 -0.075660169190920723 -0.0071820812762926917 0.0033217177923663774 0.046054867541129169 0.022383619679621203 -0.012931639526623906 0.042169031341794699 -0.0065976483092329424 -0.0071077105296930565 0.00021813243728635578 -0.010597320964118816 0.049947725333229567
leaf_weight=95 82 149 71 58 151 45 65 402 201 46 135 109 260 86
leaf_count=95 82 149 71 58 151 45 65 402 201 46 135 109 260 86
internal_value=2.55754e-05 0.00194229 -0.022549 0.0114953 -0.00209155 -0.000447227 0.00380531 -0.00479204 0.0143606 0.0204453 0.00782609 0.00173077 -0.00292308 0.00948718
internal_weight=1955 1802 153 535 1267 1118 565 553 477 247 230 520 325 195
internal_count=1955 1802 153 535 1267 1118 565 553 477 247 230 520 325 195
is_linear=0
shrinkage=0.05


Tree=27
num_leaves=15
num_cat=0
split_feature=5 7 0 5 0 0 2 0 7 4 4 4 5 8
split_gain=30.2696 22.0269 14.0887 10.6255 9.40495 8.17394 10.1133 9.49592 12.0136 9.44371 10.2932 7.24544 6.97215 8.40248
threshold=20.175000000000004 890.02350000000013 26.994000000000003 2.4055000000000004 4.1000000000000005 28.110000000000003 -0.77547391234167817 22.304000000000006 780.22950000000014 9.6340000000000021 11.299500000000002 24.196000000000002 8.3815000000000008 -0.12599999999999997
decision_type=2 2 2 2 2 2 2 2 2 2 2 2 2 2
left_child=1 3 -2 -1 12 6 7 -6 -9 -8 -11 -12 13 -5
right_child=2 -3 -4 4 5 -7 9 8 -10 10 11 -13 -14 -15
leaf_value=0.017022051810328898 -0.011524148423067216 0.032925126138393844 -0.079778995199934824 0.0060146026496666755 0.065920282272965813 -0.010635352040866713 -0.013409178049855237 -0.013316603870915817 0.031248475708802393 0.040750589951190699 -0.003277712199859928 0.0094722890518376124 -0.031969687986763168 -0.011503998223114329
leaf_weight=154 46 167 64 102 43 224 96 69 70 50 421 231 136 82
leaf_count=154 46 167 64 102 43 224 96 69 70 50 421 231 136 82
internal_value=2.55754e-05 0.00154472 -0.0254545 -0.000178784 -0.00144357 0.000581395 0.00255102 0.0131868 0.00683453 0.000125313 0.00213675 0.000460123 -0.0090625 -0.00271739
internal_weight=1955 1845 110 1678 1524 1204 980 182 139 798 702 652 320 184
internal_count=1955 1845 110 1678 1524 1204 980 182 139 798 702 652 320 184
is_linear=0
shrinkage=0.05


Tree=28
num_leaves=15
num_cat=0
split_feature=6 7 5 0 0 5 4 6 5 2 2 4 2 2
split_gain=28.097 20.6605 9.78799 12.4574 9.94614 7.82147 6.30798 6.27138 7.18336 5.94816 5.58503 4.98821 9.56648 8.45
threshold=14.366500000000002 890.02350000000013 18.538500000000003 0.26350000000000007 28.018000000000004 2.5295000000000001 11.861000000000002 2.1950000000000007 5.8485000000000005 -0.41079147501339891 0.98805528087738748 9.6340000000000021 -0.57240397273781507 -0.93090634677745676
decision_type=2 2 2 2 2 2 2 2 2 2 2 2 2 2
left_child=1 2 3 7 -4 9 -3 8 -1 -5 11 12 13 -7
right_child=-2 6 4 5 -6 10 -8 -9 -10 -11 -12 -13 -14 -15
leaf_value=0.014310906277918235 -0.063775892092308828 0.0014012473123367953 -0.0043337581572892086 0.090743548956291775 -0.055070071780194657 -0.0070927188710625273 0.03384883585298306 -0.019361228813903199 -0.019220846317597986 0.0049640448908481382 -0.047935301256611197 0.0034432083714644917 -0.025084083954570208 0.049215856201897869
leaf_weight=62 64 43 74 52 40 40 124 135 40 73 40 1036 92 40
leaf_count=62 64 43 74 52 40 40 124 135 40 73 40 1036 92 40
internal_value=-0.000230179 0.000872554 -0.00075406 0.000248447 -0.0149123 0.00207575 0.0176647 -0.0103376 -0.000980392 0.014 0.00088141 0.00149007 -0.00639535 0.00625
internal_weight=1955 1891 1724 1610 114 1373 167 237 102 125 1248 1208 172 80
internal_count=1955 1891 1724 1610 114 1373 167 237 102 125 1248 1208 172 80
is_linear=0
shrinkage=0.05


Tree=29
num_leaves=15
num_cat=0
split_feature=5 7 0 0 6 1 8 5 1 4 4 1 3 4
split_gain=25.9911 19.4727 12.5932 9.85539 10.3909 7.2424 6.93696 7.5432 6.86024 8.5007 6.6849 6.56334 6.35507 6.30798
threshold=20.175000000000004 890.02350000000013 28.243500000000004 0.26350000000000007 13.456000000000001 0.081558489694578698 -0.94299999999999984 4.551000000000001 0.80392051724781088 21.432000000000002 17.956500000000002 -0.81403855522663837 33.648000000000003 11.861000000000002
decision_type=2 2 2 2 2 2 2 2 2 2 2 2 2 2
left_child=1 3 -2 -1 5 6 -5 -8 9 10 -7 -6 -9 -3
right_child=2 13 -4 4 11 8 7 12 -10 -11 -12 -13 -14 -15
leaf_value=-0.0099642464336710795 -0.010731253094049388 0.0013311849467199544 -0.07724286361395967 -0.0074544914781777384 -0.0050469382699668665 0.021820265168815679 0.037582707116714582 0.022167934319020879 0.0027041846932201411 0.00088101834084988457 0.064513334284905563 -0.020819337683909776 -0.006573270783699979 0.032156394060333902
leaf_weight=238 52 43 58 355 78 155 53 103 365 98 42 56 135 124
leaf_count=238 52 43 58 355 78 155 53 103 365 98 42 56 135 124
internal_value=-2.55754e-05 0.00138211 -0.0236364 -0.000238379 0.00131944 0.00267994 -0.00108359 0.00463918 0.00636364 0.0120339 0.0180203 -0.0119403 0.000840336 0.0176647
internal_weight=1955 1845 110 1678 1440 1306 646 291 660 295 197 134 238 167
internal_count=1955 1845 110 1678 1440 1306 646 291 660 295 197 134 238 167
is_linear=0
shrinkage=0.05


Tree=30
num_leaves=15
num_cat=0
split_feature=0 2 5 5 4 3 0 2 5 2 4 1 1 2
split_gain=24.357 18.2997 14.0198 9.99332 8.64199 7.22356 10.9562 6.58263 6.07846 5.81235 5.68646 6.21909 6.70509 7.95652
threshold=30.294500000000003 -0.57240397273781507 20.333500000000004 13.236000000000002 9.501000000000003 7.9240000000000004 25.105000000000004 0.99276848381014016 8.3815000000000008 0.86564557464733971 10.885000000000003 -0.14153898451656977 -0.50432845336981025 0.22790171382004171
decision_type=2 2 2 2 2 2 2 2 2 2 2 2 2 2
left_child=1 3 -2 5 9 -1 -7 10 -8 -3 -6 12 13 -12
right_child=2 4 -4 -5 7 6 8 -9 -10 -11 11 -13 -14 -15
leaf_value=0.039430149290029318 -0.010950055448152796 -0.024169291957128615 -0.07731917101207747 -0.0068771355729852551 0.026908285671648664 0.039221074520925707 -0.0055306252528130265 -0.043669954128166634 0.0072769213633778716 0.0038830310495664658 -0.011579110290772366 0.0030431084469833033 -0.020675184374597391 0.0037227444787893043
leaf_weight=122 105 100 48 58 56 215 97 50 43 49 153 568 93 198
leaf_count=122 105 100 48 58 56 215 97 50 43 49 153 568 93 198
internal_value=-0.000127877 0.00149834 -0.019281 0.00925234 -0.00177585 0.0116352 0.00802817 -0.000268336 -0.00285714 -0.0130872 0.000561798 -0.000296443 -0.00472973 -0.00156695
internal_weight=1955 1802 153 535 1267 477 355 1118 140 149 1068 1012 444 351
internal_count=1955 1802 153 535 1267 477 355 1118 140 149 1068 1012 444 351
is_linear=0
shrinkage=0.05


Tree=31
num_leaves=15
num_cat=0
split_feature=0 7 1 0 4 6 5 1 2 5 8 2 7 8
split_gain=23.1272 15.5612 7.94615 9.2069 7.52197 7.22231 7.10095 6.06698 5.30668 9.57869 8.65013 8.54623 9.13314 7.50347
threshold=32.005000000000003 897.9815000000001 0.16681837808193059 9.3655000000000026 13.827000000000002 13.985000000000001 12.556000000000003 0.70785931290985704 0.92284787786233202 8.916500000000001 -1.3669999999999998 -0.14772953607417119 717.91300000000012 -1.7104999999999999
decision_type=2 2 2 2 2 2 2 2 2 2 2 2 2 2
left_child=1 2 8 6 -3 -2 7 -4 9 10 -1 12 -11 -10
right_child=5 4 3 -5 -6 -7 -8 -9 13 11 -12 -13 -14 -15
leaf_value=-0.0065662794455373669 -0.052721165228964965 0.0019962001097438573 0.014174286522313851 0.030272067355048921 0.037657096913558424 -0.086740787077796533 -0.022504749745492294 -0.0067780866739916767 0.00092747524068622223 -0.038455595556236288 0.022418184249744545 0.0010203434635108228 -0.0069025894319825398 -0.020416661440615436
leaf_weight=71 41 44 152 440 74 42 62 153 54 59 208 274 174 107
leaf_count=71 41 44 152 440 74 42 62 153 54 59 208 274 174 107
internal_value=-7.67263e-05 0.00106838 -0.000114025 0.0035316 0.0186441 -0.0259036 -0.00231608 0.000819672 -0.0032207 -0.00152672 0.00591398 -0.0056213 -0.0126609 -0.0114907
internal_weight=1955 1872 1754 807 118 83 367 305 947 786 279 507 233 161
internal_count=1955 1872 1754 807 118 83 367 305 947 786 279 507 233 161
is_linear=0
shrinkage=0.05


Tree=32
num_leaves=15
num_cat=0
split_feature=0 7 5 0 1 6 4 8 1 4 0 2 1 0
split_gain=22.8532 14.3681 8.57251 7.54456 7.24475 7.22231 6.76338 6.62257 9.9264 6.57654 9.16107 6.38575 6.3808 6.73429
threshold=32.005000000000003 897.9815000000001 2.4055000000000004 0.26350000000000007 0.081558489694578698 13.985000000000001 13.827000000000002 -0.98349999999999993 -0.99052327954040364 25.067000000000004 29.835000000000004 -0.081676395330422633 0.80392051724781088 15.546000000000001
decision_type=2 2 2 2 2 2 2 2 2 2 2 2 2 2
left_child=1 2 11 -4 7 -2 -3 8 -5 10 -10 -1 -6 -14
right_child=5 6 3 4 12 -7 -8 -9 9 -11 -12 -13 13 -15
leaf_value=0.078296683627276958 -0.050085106967516717 0.0018963901042566664 -0.013943281501906489 0.0058485421144034658 0.02219666668958778 -0.082403747723906698 0.035774242067880505 0.0025931901657019279 -0.010990995244966627 0.0014594653255650015 -0.033411317575280729 0.00092092610714644913 -0.0073031350630790139 0.037732509074875603
leaf_weight=58 41 44 204 60 282 42 74 330 270 71 41 96 235 107
leaf_count=58 41 44 204 60 282 42 74 330 270 71 41 96 235 107
internal_value=-0.000230179 0.00090812 -0.00022805 -0.0013125 0 -0.0259036 0.0177966 -0.00323834 -0.00723982 -0.0102094 -0.0133441 0.011039 0.00400641 -0.000584795
internal_weight=1955 1872 1754 1600 1396 83 118 772 442 382 311 154 624 342
internal_count=1955 1872 1754 1600 1396 83 118 772 442 382 311 154 624 342
is_linear=0
shrinkage=0.05


Tree=33
num_leaves=15
num_cat=0
split_feature=0 7 2 5 4 6 2 4 6 0 5 8 3 0
split_gain=22.9444 13.3429 8.67728 17.4335 8.78933 8.6811 9.12442 7.90645 7.22231 6.50004 7.06522 8.27242 6.17426 9.13087
threshold=32.005000000000003 915.94150000000002 -0.6002142805483679 12.845500000000003 9.6340000000000021 6.9545000000000003 -0.72802780115698473 21.211500000000004 13.985000000000001 0.26350000000000007 8.3815000000000008 0.30600000000000005 4.0205000000000011 22.607500000000005
decision_type=2 2 2 2 2 2 2 2 2 2 2 2 2 2
left_child=1 2 3 5 -4 -1 7 -7 -2 10 11 -6 -11 -14
right_child=8 -3 4 -5 9 6 -8 -9 -10 12 -12 -13 13 -15
leaf_value=0.078516141521389138 -0.047580851619140885 0.032439227885688225 -0.016393669278348091 -0.01171109562575013 0.0022686118352016893 0.011889158673524048 0.043488203636819024 -0.017484635188362616 -0.078283560337711375 0.0057211709366239054 -0.030111628352795274 -0.014656684235586843 0.0014350533039863703 -0.020768265319563085
leaf_weight=75 41 56 157 64 94 250 61 69 42 194 62 51 628 111
leaf_count=75 41 56 157 64 94 250 61 69 42 194 62 51 628 111
internal_value=-0.000179028 0.000961538 0.000220264 0.00568401 -0.00196608 0.00912088 0.00605263 0.00266458 -0.0259036 -0.000438596 -0.00845411 -0.00241379 0.00133976 -0.000744249
internal_weight=1955 1872 1816 519 1297 455 380 319 83 1140 207 145 933 739
internal_count=1955 1872 1816 519 1297 455 380 319 83 1140 207 145 933 739
is_linear=0
shrinkage=0.05


Tree=34
num_leaves=15
num_cat=0
split_feature=5 0 7 0 5 4 8 6 5 1 5 5 8 3
split_gain=20.4105 11.2212 10.4829 7.40016 7.50796 7.02938 7.5577 7.16931 7.31457 10.1598 6.34144 5.74946 11.6757 7.81
threshold=20.175000000000004 29.006000000000004 897.9815000000001 0.26350000000000007 2.5295000000000001 23.998000000000001 -2.5229999999999992 12.273500000000002 7.0580000000000007 0.93168921928840098 8.3815000000000008 11.547000000000002 -1.7424999999999999 4.8515000000000006
decision_type=2 2 2 2 2 2 2 2 2 2 2 2 2 2
left_child=2 -2 3 10 -5 6 -6 8 -7 -10 -1 13 -13 -8
right_child=1 -3 -4 4 5 7 11 -9 9 -11 -12 12 -14 -15
leaf_value=-0.0016543759690337391 -0.0093989647738241706 -0.060024912453410552 0.02687395055878973 0.023897660679319369 -0.020228896388003743 -0.0019802581510846213 0.020340109796265424 -0.011275805261978793 0.010672440214171842 0.070048004786563783 -0.02518834715446816 0.0095489112071107454 -0.014690856942141617 -0.00032796112764365008
leaf_weight=160 54 56 119 125 82 97 87 78 133 44 78 82 245 515
leaf_count=160 54 56 119 125 82 97 87 78 133 44 78 82 245 515
internal_value=-0.000895141 -0.0218182 0.000352304 -0.000637312 0.000672043 -0.000403522 -0.00252226 0.00568182 0.00948905 0.0155367 -0.00882353 -0.00123789 -0.00657492 0.00166113
internal_weight=1955 110 1845 1726 1488 1363 1011 352 274 177 238 929 327 602
internal_count=1955 110 1845 1726 1488 1363 1011 352 274 177 238 929 327 602
is_linear=0
shrinkage=0.05


Tree=35
num_leaves=15
num_cat=0
split_feature=6 1 3 8 2 5 8 3 0 2 4 7 5 3
split_gain=20.1434 10.83 9.76473 8.03123 7.37102 7.69232 8.75989 7.07908 8.24816 7.07318 8.56413 6.11109 7.82631 6.89745
threshold=14.366500000000002 0.11577009971046097 4.972500000000001 -0.99149999999999994 0.92284787786233202 7.5630000000000015 -1.3669999999999998 1.0060000000000002 20.669 -0.57240397273781507 12.431500000000002 317.25450000000006 7.3175000000000008 43.96200000000001
decision_type=2 2 2 2 2 2 2 2 2 2 2 2 2 2
left_child=1 4 3 -3 5 6 -1 -7 -9 11 -11 -4 -13 -14
right_child=-2 2 9 -5 -6 7 -8 8 -10 10 -12 12 13 -15
leaf_value=-0.005422512023654593 -0.051158980720837112 0.040937608768352889 0.094120352131184568 0.0045700044585462955 -0.018683269485160869 0.0041315162312827169 0.026316952804468344 0.00069728178685938007 -0.016728606430914405 -0.018811172826224267 0.0016490834674499522 -0.016838912671269236 0.0034942148100751236 0.040261598339508611
leaf_weight=51 64 92 42 89 146 167 147 166 275 113 409 79 52 63
leaf_count=51 64 92 42 89 146 167 147 166 275 113 409 79 52 63
internal_value=-0.000537084 0.000396616 0.0042066 0.0146409 -0.00336134 -0.00148883 0.00707071 -0.00427632 -0.00759637 0.00171504 -0.00153257 0.00889831 0.00515464 0.0134783
internal_weight=1955 1891 939 181 952 806 198 608 441 758 522 236 194 115
internal_count=1955 1891 939 181 952 806 198 608 441 758 522 236 194 115
is_linear=0
shrinkage=0.05


Tree=36
num_leaves=15
num_cat=0
split_feature=5 7 8 0 5 2 0 0 5 8 0 2 3 5
split_gain=19.6421 10.0024 11.667 10.0017 6.71778 7.25137 6.99891 6.97284 7.24084 10.4952 6.98887 13.448 7.25754 7.68032
threshold=20.175000000000004 852.69500000000005 -0.16549999999999998 29.006000000000004 2.4055000000000004 -0.3390880814530603 2.9745000000000004 2.8435000000000001 7.0020000000000007 0.33450000000000008 23.787000000000003 -0.766658819300159 29.003500000000006 13.477500000000001
decision_type=2 2 2 2 2 2 2 2 2 2 2 2 2 2
left_child=1 4 -3 -2 5 -1 -7 8 9 -6 11 -9 -13 -14
right_child=3 2 -4 -5 7 6 -8 10 -10 -11 -12 12 13 -15
leaf_value=0.072079603771130291 -0.0082094175625560435 0.019684219957884577 -0.011712920891511254 -0.055728783684771604 0.010682337417772081 0.0090502660157525516 -0.0071056118072481689 0.047983760667019808 -0.019683481258876725 -0.0096734082920461577 -0.0083630794735123637 0.0080631236077669706 -0.00088002476093839159 -0.016796424650584781
leaf_weight=51 54 253 57 56 77 59 44 63 142 48 344 257 385 65
leaf_count=51 54 253 57 56 77 59 44 63 142 48 344 257 385 65
internal_value=-0.000383632 0.000840108 0.00903226 -0.0209091 -0.000814332 0.00909091 0.00145631 -0.0019189 -0.00917603 -0.0004 -0.000179533 0.00246753 0.00049505 -0.00333333
internal_weight=1955 1845 310 110 1535 154 103 1381 267 125 1114 770 707 450
internal_count=1955 1845 310 110 1535 154 103 1381 267 125 1114 770 707 450
is_linear=0
shrinkage=0.05


Tree=37
num_leaves=15
num_cat=0
split_feature=0 7 0 1 6 2 2 0 1 4 7 2 6 7
split_gain=17.3639 10.288 7.89407 8.71751 9.85939 10.119 8.01085 7.99452 6.93553 6.34921 10.3714 6.25909 9.21333 7.73488
threshold=33.38900000000001 915.94150000000002 0.26350000000000007 -0.44380628866780414 12.231000000000002 -0.5049610547215202 -0.96801877525786306 21.154000000000003 0.64460769028158504 24.062500000000004 622.80900000000008 -0.14772953607417119 9.4535000000000018 780.22950000000014
decision_type=2 2 2 2 2 2 2 2 2 2 2 2 2 2
left_child=1 2 -1 11 5 7 -6 8 -5 -7 -11 13 -13 -4
right_child=-2 -3 3 4 6 9 -8 -9 -10 10 -12 12 -14 -15
leaf_value=-0.0062759220881978914 -0.079289145672280459 0.0274991744358094 -0.025793641609730869 0.092620159055340739 -0.013572653432412702 -0.0028115390099771975 -0.0024745284777538414 0.020922530711291295 0.044075120097080714 0.0011166069355841219 0.054843348637167624 -0.006282047607758301 0.008185430655075104 4.3951335707825836e-05
leaf_weight=238 55 56 142 46 47 336 144 241 44 120 48 188 149 101
leaf_count=238 55 56 142 46 47 336 144 241 44 120 48 188 149 101
internal_value=-0.000485934 0.000315789 -0.00032538 0.000933998 0.0037037 0.0060479 -0.0065445 0.0128399 0.0255556 0.0015873 0.00952381 -0.00396552 0.000445104 -0.0100823
internal_weight=1955 1900 1844 1606 1026 835 191 331 90 504 168 580 337 243
internal_count=1955 1900 1844 1606 1026 835 191 331 90 504 168 580 337 243
is_linear=0
shrinkage=0.05


Tree=38
num_leaves=15
num_cat=0
split_feature=0 7 0 1 1 0 3 3 5 2 6 8 3 4
split_gain=15.3995 10.1347 7.42297 7.16564 7.50526 5.66305 5.63406 12.1808 10.022 5.73558 9.75528 7.82609 5.5644 5.36368
threshold=33.38900000000001 915.94150000000002 0.26350000000000007 0.36523833096101394 0.80392051724781088 15.546000000000001 22.096000000000004 90.57950000000001 8.7805000000000017 -0.3390880814530603 13.351000000000001 -1.6114999999999997 63.679500000000012 21.998000000000001
decision_type=2 2 2 2 2 2 2 2 2 2 2 2 2 2
left_child=1 2 -1 6 13 -6 8 -8 -4 11 -11 -10 -7 -5
right_child=-2 -3 3 4 5 12 7 -9 9 10 -12 -13 -14 -15
leaf_value=-0.0059621259837879977 -0.075324688388666419 0.026124215714018933 0.033499818494094995 0.037889281493157817 -0.0042653746182897334 0.04074190083577503 -0.014046274505468699 0.00075148538965985894 -0.0276381837091032 -0.0020188192324668399 0.019814445950268256 -7.6620565986734729e-05 0.003040118835225392 0.00019570979953997814
leaf_weight=238 55 56 75 172 271 56 213 348 48 147 47 90 66 73
leaf_count=238 55 56 75 172 271 56 213 348 48 147 47 90 66 73
internal_value=-0.00028133 0.000473684 -0.00016269 0.00105853 0.00517241 0.000890585 -0.00165289 -0.00490196 0.00282555 -0.000903614 0.00463918 -0.00869565 0.00983607 0.0120408
internal_weight=1955 1900 1844 1606 638 393 968 561 407 332 194 138 122 245
internal_count=1955 1900 1844 1606 638 393 968 561 407 332 194 138 122 245
is_linear=0
shrinkage=0.05


Tree=39
num_leaves=15
num_cat=0
split_feature=0 7 5 5 0 5 8 8 1 2 7 7 5 2
split_gain=15.5813 9.98256 7.25527 7.61287 7.55073 7.95998 7.40524 7.08984 6.92941 6.08128 5.04595 6.90407 4.99422 4.92459
threshold=33.38900000000001 915.94150000000002 2.4055000000000004 2.9070000000000005 3.294 8.3815000000000008 -2.2919999999999994 0.43450000000000005 0.93168921928840098 -0.3390880814530603 311.35100000000006 369.88300000000004 1.0080000000000002 -0.23208956585110249
decision_type=2 2 2 2 2 2 2 2 2 2 2 2 2 2
left_child=1 2 9 -4 5 7 8 -5 13 -1 -8 -12 -11 -6
right_child=-2 -3 3 4 6 -7 10 -9 -10 12 11 -13 -14 -15
leaf_value=0.067391922777526217 -0.071558453969233105 0.02481800492831799 -0.030419013792882268 0.0077289963935616686 -0.039560844522300881 -0.029819574742436735 0.025698316722576432 -0.013227547626736613 0.026232537635796138 0.008893872012186119 -0.036826153817070266 0.0022829988982028988 -0.001908357325078075 -0.0099944836919425468
leaf_weight=51 55 56 40 110 46 118 122 48 47 42 46 990 61 123
leaf_count=51 55 56 40 110 46 118 122 48 47 42 46 990 61 123
internal_value=-0.000127877 0.000631579 0 -0.000946746 -0.000424242 -0.00797101 0.0010917 -0.000632911 -0.00740741 0.0103896 0.00267703 0.0015444 0.00339806 -0.0121302
internal_weight=1955 1900 1844 1690 1650 276 1374 158 216 154 1158 1036 103 169
internal_count=1955 1900 1844 1690 1650 276 1374 158 216 154 1158 1036 103 169
is_linear=0
shrinkage=0.05


Tree=40
num_leaves=15
num_cat=0
split_feature=0 7 6 0 1 6 1 8 0 1 6 7 8 1
split_gain=15.5813 9.98256 6.05896 9.42885 8.10051 10.3037 11.7556 7.49259 6.49881 12.134 10.0967 7.35367 7.5731 7.04029
threshold=33.38900000000001 915.94150000000002 -2.1634999999999995 5.8955000000000011 -0.43222422251210757 12.100500000000002 -0.28397372121269149 -0.23849999999999996 23.787000000000003 -0.99052327954040364 9.4535000000000018 710.02100000000007 -1.0864999999999998 -0.97109105924028405
decision_type=2 2 2 2 2 2 2 2 2 2 2 2 2 2
left_child=1 2 -1 -4 8 6 -6 -7 10 -10 -5 -11 -13 -12
right_child=-2 -3 3 4 5 7 -8 -9 9 11 13 12 -14 -15
leaf_value=0.021056854437721473 -0.067980531270771444 0.023577104681902092 -0.0060753243267692384 -0.0047721017040824286 0.041784064974008744 0.00012851608373172786 0.014916168420836068 -0.024622918017638551 0.019348586647881402 -0.034623356128161469 0.00010633327428223733 -0.023699560478627615 0.014108114794556426 0.021750728716294257
leaf_weight=49 55 56 419 174 42 151 588 50 41 79 54 89 45 63
leaf_count=49 55 56 419 174 42 151 588 50 41 79 54 89 45 63
internal_value=-0.000127877 0.000631579 0 -0.000473538 0.00152616 0.00463297 0.00777778 -0.00522388 -0.00321101 -0.00905512 0.00189003 -0.0138498 -0.00671642 0.0132479
internal_weight=1955 1900 1844 1795 1376 831 630 201 545 254 291 213 134 117
internal_count=1955 1900 1844 1795 1376 831 630 201 545 254 291 213 134 117
is_linear=0
shrinkage=0.05


Tree=41
num_leaves=15
num_cat=0
split_feature=0 2 6 3 6 4 6 1 1 2 6 2 3 8
split_gain=14.9796 8.40553 11.6473 8.67713 8.80005 7.91895 6.94861 8.17562 9.49103 10.0305 7.44478 6.54895 5.99432 12.6721
threshold=33.38900000000001 -0.66248835645380588 6.9545000000000003 18.988500000000005 10.667500000000002 13.418500000000002 -2.4579999999999997 0.11577009971046097 -0.38118653245548278 -0.23208956585110249 10.193000000000001 -0.93090634677745676 3.1565000000000003 -1.5164999999999997
decision_type=2 2 2 2 2 2 2 2 2 2 2 2 2 2
left_child=1 2 -1 4 -4 11 -3 8 9 -8 -11 -5 13 -9
right_child=-2 6 3 5 -6 -7 7 12 -10 10 -12 -13 -14 -15
leaf_value=0.07560037165725346 -0.064581504707232881 0.025458569668414911 0.046569065743802533 -0.0056819492441656351 0.0032380593461335569 -0.0070144725106134238 -0.02186738314786707 0.050803709971534161 -0.028009932207647317 -0.0043530560987882112 0.0072273504099774734 0.032144590693956379 -0.00040376387698993804 -0.0042948512688356704
leaf_weight=73 55 41 60 62 122 159 124 45 123 252 153 60 572 54
leaf_count=73 55 41 60 62 122 159 124 45 123 252 153 60 572 54
internal_value=-0.000639386 0.000105263 0.00541045 0.0024838 0.010989 -0.00302491 -0.00197947 -0.00260771 -0.00659509 -0.0036862 0.000123457 0.00655738 0.00126677 0.0126263
internal_weight=1955 1900 536 463 182 281 1364 1323 652 529 405 122 671 99
internal_count=1955 1900 536 463 182 281 1364 1323 652 529 405 122 671 99
is_linear=0
shrinkage=0.05


Tree=42
num_leaves=15
num_cat=0
split_feature=0 1 3 8 8 7 8 2 5 5 1 0 7 8
split_gain=15.3392 7.37602 6.62975 9.79863 5.967 6.31706 5.64202 7.61195 7.46203 11.2787 7.33643 6.745 6.84025 6.81801
threshold=33.38900000000001 0.1328271176880281 4.972500000000001 -1.0314999999999996 -1.9749999999999999 205.25350000000003 -1.1394999999999997 0.82438889030848939 10.922000000000002 15.783000000000003 -0.99052327954040364 23.787000000000003 476.37700000000007 -1.6924999999999997
decision_type=2 2 2 2 2 2 2 2 2 2 2 2 2 2
left_child=1 6 3 -3 -4 -6 10 8 -8 -10 -1 12 13 -12
right_child=-2 2 4 -5 5 -7 7 -9 9 -11 11 -13 -14 -15
leaf_value=0.0063846865827213301 -0.06135242947187123 0.038332004115107579 -0.010490775520953392 0.004482891290239272 0.033687238057325652 0.0020702400013012157 0.017986200338163821 -0.012320141143139274 -0.019756139428807343 0.012893712924888362 -0.0033413953588281504 -0.017946538357618804 0.0060563932673146628 -0.02650981661506276
leaf_weight=58 55 86 146 94 86 517 237 100 79 60 130 182 72 53
leaf_count=58 55 86 146 94 86 517 237 100 79 60 130 182 72 53
internal_value=-0.000332481 0.000421053 0.00360603 0.0122222 0.00153538 0.00373134 -0.00262616 0.0012605 0.00452128 -0.00467626 -0.00636364 -0.00858124 -0.00333333 -0.00846995
internal_weight=1955 1900 929 180 749 603 971 476 376 139 495 437 255 183
internal_count=1955 1900 929 180 749 603 971 476 376 139 495 437 255 183
is_linear=0
shrinkage=0.05


Tree=43
num_leaves=15
num_cat=0
split_feature=5 1 2 0 8 4 6 2 4 7 6 4 5 4
split_gain=13.3796 9.33576 7.47367 10.1049 7.52297 7.16765 6.77367 6.02771 5.92148 5.80888 12.5873 5.71302 10.9235 7.731
threshold=20.175000000000004 -0.94130860066615807 -0.51974381215551546 24.583500000000004 -1.0864999999999998 22.557500000000005 -2.4579999999999997 -0.96801877525786306 16.048000000000005 807.0825000000001 11.947000000000001 24.564000000000004 6.6950000000000012 29.209500000000002
decision_type=2 2 2 2 2 2 2 2 2 2 2 2 2 2
left_child=2 -2 3 5 9 -1 -4 -6 -9 -5 -11 -8 13 -13
right_child=1 -3 6 4 7 -7 11 8 -10 10 -12 12 -14 -15
leaf_value=0.026426846440356325 -0.0013904414405418121 -0.050313034540527761 0.024655633728734763 -0.041856867105393297 -0.004070947850475605 -0.0035890748009475438 -0.0042320480534372767 0.029112408970655802 0.0025746396931388194 0.044595303253437989 -0.0099470082016396757 0.0028320629335355564 0.016414094845960188 -0.030154461209828794
leaf_weight=215 49 61 41 59 96 56 828 69 66 40 52 49 214 60
leaf_count=215 49 61 41 59 96 56 828 69 66 40 52 49 214 60
internal_value=-0.000332481 -0.0172727 0.000677507 0.00497703 -0.00026178 0.0123616 -0.00167785 0.00541126 0.0122222 -0.0089404 -0.00108696 -0.00238923 0.00325077 -0.00963303
internal_weight=1955 110 1845 653 382 271 1192 231 135 151 92 1151 323 109
internal_count=1955 110 1845 653 382 271 1192 231 135 151 92 1151 323 109
is_linear=0
shrinkage=0.05


Tree=44
num_leaves=15
num_cat=0
split_feature=5 1 7 5 5 0 5 3 6 1 4 2 7 1
split_gain=13.7866 9.33576 6.60467 6.70034 6.22387 6.50331 10.9018 7.20217 7.6093 8.59899 7.25856 12.2057 8.00067 7.21559
threshold=20.175000000000004 -0.94130860066615807 915.94150000000002 2.4055000000000004 2.9070000000000005 2.6615000000000006 5.8485000000000005 12.730000000000002 12.025000000000002 -0.94130860066615807 23.934500000000003 -0.51479280150983053 606.85600000000011 0.36523833096101394
decision_type=2 2 2 2 2 2 2 2 2 2 2 2 2 2
left_child=2 -2 3 -1 -5 6 -6 8 10 -10 11 -7 -13 -9
right_child=1 -3 -4 4 5 7 -8 13 9 -11 -12 12 -14 -15
leaf_value=0.010364716492080806 -0.0013209193685147281 -0.04779738281350137 0.020841057206504018 -0.029508043357978408 0.0029323619902860221 0.029192890564617158 -0.013119536494113038 -0.0058805637571543558 0.019520296552602543 -0.010946555980517426 0.032891335312880465 0.0052120472402826237 -0.020782903596498405 0.0076460134332854597
leaf_weight=154 49 61 56 40 84 79 163 505 48 140 78 80 55 363
leaf_count=154 49 61 56 40 84 79 163 505 48 140 78 80 55 363
internal_value=-7.67263e-05 -0.0172727 0.000948509 0.000419229 -0.000519878 -3.1348e-05 -0.00748988 0.00133531 0.00625 -0.00159574 0.0113014 0.00654206 -0.00259259 -0.00138249
internal_weight=1955 110 1845 1789 1635 1595 247 1348 480 188 292 214 135 868
internal_count=1955 110 1845 1789 1635 1595 247 1348 480 188 292 214 135 868
is_linear=0
shrinkage=0.05


Tree=45
num_leaves=15
num_cat=0
split_feature=5 7 4 6 0 1 5 1 6 3 1 0 6 7
split_gain=12.6481 8.03374 9.99344 6.34044 7.10329 7.46039 6.66564 6.26145 4.73697 4.29427 3.68545 6.0671 9.57311 8.32693
threshold=23.568000000000005 897.9815000000001 13.827000000000002 -2.1634999999999995 5.8955000000000011 -0.43222422251210757 4.2765000000000013 -0.28397372121269149 13.033500000000002 99.746500000000012 -0.99052327954040364 23.787000000000003 9.4535000000000018 727.23900000000015
decision_type=2 2 2 2 2 2 2 2 2 2 2 2 2 2
left_child=1 3 -3 -1 6 10 9 -7 -9 -5 -6 12 -12 -13
right_child=-2 2 -4 4 5 7 -8 8 -10 -11 11 13 -14 -15
leaf_value=0.017640539650361314 -0.034376694922944866 -0.0030427638525478032 0.022796745891177764 0.014318117822430849 0.0075765258829071204 0.017252186524456408 -0.011333713348768549 0.0076383942256628874 -0.013996801389617354 -0.0019854433322952615 -0.0041264469061122414 -0.028719055427831087 0.017034816684963608 -0.003236894890033923
leaf_weight=49 46 45 74 42 72 67 312 664 48 65 168 89 79 135
leaf_count=49 46 45 74 42 72 67 312 664 48 65 168 89 79 135
internal_value=-0.000179028 0.000445259 0.0130252 -0.000391061 -0.000890293 0.000907716 -0.00656325 0.00404365 0.00266854 0.00420561 -0.00359116 -0.0052017 0.000202429 -0.0111607
internal_weight=1955 1909 119 1790 1741 1322 419 779 712 107 543 471 247 224
internal_count=1955 1909 119 1790 1741 1322 419 779 712 107 543 471 247 224
is_linear=0
shrinkage=0.05


Tree=46
num_leaves=15
num_cat=0
split_feature=5 7 6 0 1 8 6 1 3 3 4 5 6 0
split_gain=10.4777 7.16573 5.79557 7.58643 5.47995 6.7308 6.15304 6.1917 7.12312 16.7961 5.53525 9.84842 5.44781 7.31051
threshold=23.568000000000005 915.94150000000002 -2.4579999999999997 0.26350000000000007 0.017189842955271029 -2.5839999999999992 13.121000000000002 0.80392051724781088 7.2185000000000015 51.978000000000009 23.385000000000002 6.6950000000000012 11.303500000000001 21.154000000000003
decision_type=2 2 2 2 2 2 2 2 2 2 2 2 2 2
left_child=1 2 -1 -4 5 -5 7 8 -6 -10 -9 -12 13 -11
right_child=-2 -3 3 4 6 -7 -8 10 9 12 11 -13 -14 -15
leaf_value=0.022394206960265652 -0.032657860176797615 0.019305154795213067 -0.0044759920221923355 -0.015537534103860979 0.025051147875717307 -0.00071561129718231142 -0.013719359824331001 -0.0049818589607043065 -0.030970643784566255 0.037770697344315936 -0.018431159621230674 0.034694065186509408 0.035995032196895059 -0.0069814443932023299
leaf_weight=41 46 56 215 87 77 738 45 218 53 119 56 90 50 64
leaf_count=41 46 56 215 87 77 738 45 218 53 119 56 90 50 64
internal_value=-0.000332481 0.000235726 -0.000296816 -0.000717439 0.000469631 -0.00236364 0.00349741 0.00460798 0.00922865 0.00559441 0 0.00753425 0.0113734 0.00737705
internal_weight=1955 1909 1853 1812 1597 825 772 727 363 286 364 146 233 183
internal_count=1955 1909 1853 1812 1597 825 772 727 363 286 364 146 233 183
is_linear=0
shrinkage=0.05


Tree=47
num_leaves=15
num_cat=0
split_feature=5 7 5 2 2 3 5 4 6 5 2 5 5 8
split_gain=8.63488 7.20839 5.19364 7.26556 5.38644 5.27209 9.20574 6.20385 5.80333 5.15122 4.75752 5.33968 5.09343 4.11967
threshold=23.568000000000005 915.94150000000002 2.4055000000000004 -0.081676395330422633 0.99055824379501012 4.7540000000000004 8.1850000000000023 26.844500000000004 7.8520000000000012 1.0080000000000002 -0.3390880814530603 16.101500000000005 11.462000000000002 -2.3144999999999993
decision_type=2 2 2 2 2 2 2 2 2 2 2 2 2 2
left_child=1 2 3 -1 5 6 -4 8 -8 -5 12 -12 -10 -7
right_child=-2 -3 4 9 -6 13 7 -9 10 -11 11 -13 -14 -15
leaf_value=0.054898261637019254 -0.031024967167957732 0.018339897055452414 0.021208720215241811 0.0081347123892500321 -0.035040130427688616 -0.013402805897672704 -0.018598342235776739 0.01545401325026439 0.026389677043422412 -0.0023912367606453767 0.0035940323784822356 0.026782415787569448 -0.013702041213572259 -0.00067983073232319728
leaf_weight=58 46 56 48 41 66 190 58 57 42 55 63 42 79 1054
leaf_count=58 46 56 48 41 66 190 58 57 42 55 63 42 79 1054
internal_value=-0.000332481 0.000183342 -0.000350783 0.00844156 -0.00114773 -0.000581751 0.00449871 0.0016129 -0.00140845 0 0.00221239 0.01 -0.00454545 -0.00217042
internal_weight=1955 1909 1853 154 1699 1633 389 341 284 96 226 105 121 1244
internal_count=1955 1909 1853 154 1699 1633 389 341 284 96 226 105 121 1244
is_linear=0
shrinkage=0.05


Tree=48
num_leaves=15
num_cat=0
split_feature=5 7 6 5 6 2 3 3 0 2 0 6 0 2
split_gain=8.51214 7.18673 5.9572 7.24771 5.29083 5.32319 6.79723 5.69006 6.19795 9.2788 7.15207 6.32155 6.80961 9.42416
threshold=13.356000000000002 915.94150000000002 8.198500000000001 23.568000000000005 13.257000000000001 0.92284787786233202 4.972500000000001 5.5090000000000012 24.583500000000004 -0.766658819300159 21.154000000000003 9.8460000000000019 18.918000000000003 -0.21533487516747371
decision_type=2 2 2 2 2 2 2 2 2 2 2 2 2 2
left_child=1 4 -2 -4 5 6 -1 -8 9 10 -9 -11 13 -13
right_child=2 -3 3 -5 -6 -7 7 8 -10 11 -12 12 -14 -15
leaf_value=0.01391896285600059 -0.018931871683750191 0.018330067080052147 -0.00063387679685856656 -0.029473718809559846 -0.013167023951922053 -0.0054820880216969242 -0.022460007203447457 0.078817461164694666 -0.0050225202269332473 -0.00040309087149151268 0.01771691163911791 -0.033123073938832903 0.027730681627337706 0.025199802441153552
leaf_weight=182 90 45 363 44 42 207 47 49 216 463 64 40 41 62
leaf_count=182 90 45 363 44 42 207 47 49 216 463 64 40 41 62
internal_value=-0.000485934 0.00144033 -0.00613682 -0.00356265 0.000813871 0.00134938 0.00266323 0.00101833 0.00187166 0.00410292 0.0172566 0.00165017 0.0108392 0.00392157
internal_weight=1955 1458 497 407 1413 1371 1164 982 935 719 113 606 143 102
internal_count=1955 1458 497 407 1413 1371 1164 982 935 719 113 606 143 102
is_linear=0
shrinkage=0.05


Tree=49
num_leaves=15
num_cat=0
split_feature=5 7 5 2 0 3 5 0 4 5 5 8 4 4
split_gain=8.59366 7.25119 6.05777 5.52436 5.84357 4.50471 6.59976 6.73942 10.7067 3.61781 4.91551 6.63716 8.91705 6.06132
threshold=23.568000000000005 915.94150000000002 2.4055000000000004 -0.3390880814530603 2.9745000000000004 4.7540000000000004 8.4935000000000027 3.9250000000000003 19.937500000000004 2.9070000000000005 4.7320000000000002 1.006 25.359000000000005 22.354500000000005
decision_type=2 2 2 2 2 2 2 2 2 2 2 2 2 2
left_child=1 2 3 -1 -5 6 -4 -8 -9 -7 13 12 -12 -11
right_child=-2 -3 5 4 -6 9 7 8 -10 10 11 -13 -14 -15
leaf_value=0.052780713660984496 -0.02800003286908186 0.016506398848677186 0.017834786650668243 0.0088512778494464414 -0.0058025477985618589 -0.028334745610976805 -0.029415669225364191 -0.0018681370846088453 0.016276804825780755 0.022155661710932213 -0.0051829107128458342 -0.035904159435032078 0.011550029569927107 -0.005033598146607119
leaf_weight=51 46 56 58 59 44 40 41 189 113 101 844 67 190 56
leaf_count=51 46 56 58 59 44 40 41 189 113 101 844 67 190 56
internal_value=-0.000383632 0.000130959 -0.000404749 0.00909091 0.00242718 -0.00126545 0.00336658 0.000728863 0.00331126 -0.00269646 -0.00222576 -0.00340599 -0.00241779 0.00605096
internal_weight=1955 1909 1853 154 103 1699 401 343 302 1298 1258 1101 1034 157
internal_count=1955 1909 1853 154 103 1699 401 343 302 1298 1258 1101 1034 157
is_linear=0
shrinkage=0.05


Tree=50
num_leaves=15
num_cat=0
split_feature=1 7 6 4 6 0 3 8 7 4 7 2 2 6
split_gain=9.01443 6.67947 6.21074 5.83329 7.15279 5.57528 5.33979 5.05327 4.5122 6.83393 6.65973 4.45905 4.01132 5.363
threshold=0.11577009971046097 915.94150000000002 14.577000000000002 12.541500000000001 12.100500000000002 5.6955000000000009 86.245500000000007 -1.0714999999999997 348.97200000000004 22.402500000000003 496.01350000000008 0.61287127154566789 0.96906388833713553 1.3185000000000002
decision_type=2 2 2 2 2 2 2 2 2 2 2 2 2 2
left_child=2 3 12 5 6 -2 -5 -6 9 -8 11 -10 -1 -14
right_child=1 -3 -4 4 7 -7 8 -9 10 -11 -12 -13 13 -15
leaf_value=-0.00067015665236976887 -0.032077027053979211 0.016602772740745102 -0.05097327446935232 0.019252673730484039 0.014371245993371952 7.4673396220004134e-05 0.03609917328096228 -0.010940651587886872 -0.061172774597972351 -0.0027268475117137843 0.023492952332071111 -0.00084127647095424149 0.0017973501029147716 -0.031245110419261247
leaf_weight=867 62 54 43 242 44 135 78 76 40 73 90 46 40 65
leaf_count=867 62 54 43 242 44 135 78 76 40 73 90 46 40 65
internal_value=-0.000230179 0.00329787 -0.00349754 0.00225734 0.00442671 -0.00532995 0.00676626 -0.00666667 0.00259939 0.0089404 -0.00284091 -0.0127907 -0.0026749 -0.0119048
internal_weight=1955 940 1015 886 689 197 569 120 327 151 176 86 972 105
internal_count=1955 940 1015 886 689 197 569 120 327 151 176 86 972 105
is_linear=0
shrinkage=0.05


Tree=51
num_leaves=15
num_cat=0
split_feature=5 7 5 4 3 3 6 6 6 0 8 8 2 7
split_gain=8.63488 7.20839 4.08621 7.54071 5.13429 7.14938 6.03534 8.76186 6.56884 4.48961 5.2658 7.06547 4.50627 9.24548
threshold=23.568000000000005 915.94150000000002 11.547000000000002 25.067000000000004 4.8515000000000006 53.45150000000001 12.100500000000002 9.895500000000002 5.347500000000001 8.7405000000000026 -1.7624999999999997 -2.4564999999999997 -0.25119006388481929 785.78800000000012
decision_type=2 2 2 2 2 2 2 2 2 2 2 2 2 2
left_child=1 2 4 9 -1 6 7 8 -6 -4 11 -11 13 -12
right_child=-2 -3 3 -5 5 -7 -8 -9 -10 10 12 -13 -14 -15
leaf_value=0.010411550634462703 -0.025308945447584715 0.014850940269206071 -0.018494860855966754 0.0082194504474529476 -0.00047656096324336306 0.0017293222465355252 -0.017249930480715794 0.022566104991767262 -0.043040591917888227 -0.011737592713645661 -0.056296578572801986 0.016636320065687216 -0.000254445956950089 -0.0025183931224722514
leaf_weight=172 46 56 100 124 74 829 54 57 64 40 52 79 111 97
leaf_count=172 46 56 100 124 74 829 54 57 64 40 52 79 111 97
internal_value=-0.000332481 0.000183342 -0.000350783 -0.00373134 0.00128 0 -0.00742972 -0.00333333 -0.0101449 -0.0065762 -0.00408971 0.00462185 -0.00807692 -0.0137584
internal_weight=1955 1909 1853 603 1250 1078 249 195 138 479 379 119 260 149
internal_count=1955 1909 1853 603 1250 1078 249 195 138 479 379 119 260 149
is_linear=0
shrinkage=0.05


Tree=52
num_leaves=15
num_cat=0
split_feature=6 7 5 3 3 3 1 0 4 6 3 5 7 6
split_gain=8.60404 6.93365 3.53804 4.83168 5.47743 4.82616 8.32462 5.27781 4.81428 5.98798 4.74241 4.14147 4.58797 5.90244
threshold=14.577000000000002 915.94150000000002 11.547000000000002 4.8515000000000006 53.45150000000001 14.249500000000003 0.59055600833485278 24.727000000000004 25.359000000000005 14.135000000000002 5.5090000000000012 7.7715000000000005 871.72950000000014 7.4530000000000003
decision_type=2 2 2 2 2 2 2 2 2 2 2 2 2 2
left_child=1 2 3 11 5 6 10 -7 9 -4 -5 -1 13 -13
right_child=-2 -3 8 4 -6 7 -8 -9 -10 -11 -12 12 -14 -15
leaf_value=0.016321754389489219 -0.047159163473505461 0.014108393255745767 -0.0067003508054923723 -0.0076857070552677851 0.0016428561342087479 -0.017169488832191351 -0.018799850993993585 -0.02206779074424231 0.0062345196118397707 0.0033900276095216067 0.01627871856825585 -0.0060990374528202109 -0.0032579414486257454 0.023323286009192347
leaf_weight=41 43 56 437 41 829 74 41 44 120 49 49 41 49 41
leaf_count=41 43 56 437 41 829 74 41 44 120 49 49 41 49 41
internal_value=2.55754e-05 0.000523013 0 0.00152 0.000278293 -0.0062249 0.000381679 -0.0135593 -0.00313531 -0.00534979 0.00888889 0.00930233 0.00496183 0.0121951
internal_weight=1955 1912 1856 1250 1078 249 131 118 606 486 90 172 131 82
internal_count=1955 1912 1856 1250 1078 249 131 118 606 486 90 172 131 82
is_linear=0
shrinkage=0.05


Tree=53
num_leaves=15
num_cat=0
split_feature=6 7 5 2 0 2 4 5 3 4 6 1 4 4
split_gain=8.48507 7.05974 4.24965 4.99418 5.04976 4.47238 4.16949 3.31366 6.61868 4.49431 5.84835 4.87235 4.27049 5.35584
threshold=14.577000000000002 915.94150000000002 2.4055000000000004 -0.3390880814530603 2.9745000000000004 0.99276848381014016 5.9130000000000011 11.462000000000002 4.8515000000000006 25.359000000000005 14.135000000000002 -0.22611359161738889 8.2445000000000022 9.501000000000003
decision_type=2 2 2 2 2 2 2 2 2 2 2 2 2 2
left_child=1 2 3 -1 -5 6 -4 8 -8 10 -9 -11 -10 -14
right_child=-2 -3 5 4 -6 -7 7 9 12 11 -12 -13 13 -15
leaf_value=0.050006576891516531 -0.044801205299830185 0.01340297359295848 -0.017665613550554522 0.0077508620326656591 -0.0064854344866641239 -0.031342394110169612 0.011448370797734786 -0.0057811606455478032 0.015005401785290163 -0.0015259985365433022 0.0032205262290455395 0.034381442436253018 -0.014589538093115152 0.00032891598744038135
leaf_weight=51 43 56 60 59 44 59 153 429 41 72 47 52 41 748
leaf_count=51 43 56 60 59 44 59 153 429 41 72 47 52 41 748
internal_value=-0.000127877 0.000366109 -0.000161638 0.00779221 0.00145631 -0.000881316 -0.000395618 9.47568e-05 0.00188199 -0.00283333 -0.00504202 0.00564516 0.000120482 -0.000697085
internal_weight=1955 1912 1856 154 103 1702 1643 1583 983 600 476 124 830 789
internal_count=1955 1912 1856 154 103 1702 1643 1583 983 600 476 124 830 789
is_linear=0
shrinkage=0.05


Tree=54
num_leaves=15
num_cat=0
split_feature=6 7 2 6 4 1 4 3 5 7 2 7 1 4
split_gain=8.28863 5.9803 3.84271 9.13331 5.26819 5.45175 5.09858 5.08315 9.6 4.84747 4.68255 4.59425 4.38096 3.79385
threshold=14.577000000000002 917.60000000000014 -0.57729161655172734 6.9545000000000003 21.211500000000004 0.36523833096101394 9.397000000000002 12.730000000000002 11.148000000000001 843.16050000000007 0.86564557464733971 483.48150000000004 0.047250493887438572 10.885000000000003
decision_type=2 2 2 2 2 2 2 2 2 2 2 2 2 2
left_child=1 2 3 -1 5 7 10 8 -5 -6 11 -4 -9 -8
right_child=-2 -3 6 4 9 -7 13 12 -10 -11 -12 -13 -14 -15
leaf_value=0.059830101486586074 -0.042561145034838682 0.013669047704941751 -0.028988991439707019 0.027561959230220881 -0.026805482047832875 0.025939360275454515 0.014755074537834116 -0.0010992688118945341 -0.0061736202383758931 0.0047444152536965448 0.0046513201793242174 -0.016239319044281188 -0.0118590235136261 -0.00081922590814413263
leaf_weight=75 43 49 40 60 58 101 62 133 48 54 48 57 40 1087
leaf_count=75 43 49 40 60 58 101 62 133 48 54 48 57 40 1087
internal_value=-0.000383632 0.000104603 -0.0003489 0.00307557 0.000607287 0.00340314 -0.00185471 -0.000177936 0.00833333 -0.00892857 -0.0106897 -0.0170103 -0.00549133 -0.000739774
internal_weight=1955 1912 1863 569 494 382 1294 281 108 112 145 97 173 1149
internal_count=1955 1912 1863 569 494 382 1294 281 108 112 145 97 173 1149
is_linear=0
shrinkage=0.05


Tree=55
num_leaves=15
num_cat=0
split_feature=6 7 3 3 0 6 6 0 5 6 1 1 2 1
split_gain=8.28863 5.9803 3.25284 8.20868 5.34506 4.80139 5.98825 4.89561 4.55429 4.40101 4.22088 7.07366 6.64407 4.04959
threshold=14.577000000000002 917.60000000000014 0.88050000000000017 0.14250000000000002 6.0505000000000004 10.602000000000002 13.107500000000002 21.154000000000003 12.461500000000003 13.121000000000002 0.36523833096101394 0.5043284533698108 -0.030120304846908235 -0.59055600833485233
decision_type=2 2 2 2 2 2 2 2 2 2 2 2 2 2
left_child=1 2 3 4 -1 7 -7 -6 9 10 -4 -12 -13 -10
right_child=-2 -3 8 -5 5 6 -8 -9 13 -11 11 12 -14 -15
leaf_value=-0.014873829378246273 -0.040433087783096733 0.012985595319694655 -0.0010799289865117689 0.015913745807580659 0.0001402996148642241 -0.011043478969814514 0.0037736439767103477 0.036724468345197034 -0.00071328269247630252 -0.013936766185208428 0.026413190950304116 0.02396414522791852 -0.0057582156495979185 -0.010139409160265948
leaf_weight=43 43 49 619 46 48 45 61 41 199 41 78 236 236 170
leaf_count=43 43 49 619 46 48 45 61 41 199 41 78 236 236 170
internal_value=-0.000383632 0.000104603 -0.0003489 0.00457746 0.000840336 0.00435897 -0.00283019 0.0129213 -0.00123496 0.000247934 0.00081266 0.004 0.00169492 -0.00609756
internal_weight=1955 1912 1863 284 238 195 106 89 1579 1210 1169 550 472 369
internal_count=1955 1912 1863 284 238 195 106 89 1579 1210 1169 550 472 369
is_linear=0
shrinkage=0.05


Tree=56
num_leaves=15
num_cat=0
split_feature=6 7 3 3 5 4 4 0 4 2 6 4 7 4
split_gain=8.28863 5.9803 4.24929 7.62163 4.12389 15.631 5.3791 4.91237 4.27878 5.40228 6.03046 4.57451 4.09158 3.87615
threshold=14.577000000000002 917.60000000000014 0.88050000000000017 0.14250000000000002 4.7320000000000002 29.209500000000002 5.9130000000000011 -5.3474999999999993 24.700500000000002 -0.15621076983770799 3.9385000000000008 14.041000000000002 229.52450000000002 8.2445000000000022
decision_type=2 2 2 2 2 2 2 2 2 2 2 2 2 2
left_child=1 2 3 -1 5 8 -6 -8 9 12 11 -11 -4 -9
right_child=-2 -3 4 -5 6 -7 7 13 -10 10 -12 -13 -14 -15
leaf_value=0.00031016311589187332 -0.038411433393941909 0.012336315553709933 0.056892592861582353 0.015118058517201627 -0.026452066831847889 -0.03196377293156976 -0.0080829469540923456 0.0087865193729894774 0.019921130688967253 0.017263939686689059 -0.012287229301832832 -0.00072426816341133744 0.0069570431154977741 -0.0013957145701220467
leaf_weight=238 43 49 61 46 51 41 59 57 40 42 58 59 51 1060
leaf_count=238 43 49 61 46 51 41 59 57 40 42 58 59 51 1060
internal_value=-0.000383632 0.000104603 -0.0003489 0.00528169 -0.00136162 0.00340909 -0.00273024 -0.00204082 0.00723473 0.00498155 -0.000943396 0.00643564 0.0133929 -0.00129812
internal_weight=1955 1912 1863 284 1579 352 1227 1176 311 271 159 101 112 1117
internal_count=1955 1912 1863 284 1579 352 1227 1176 311 271 159 101 112 1117
is_linear=0
shrinkage=0.05


Tree=57
num_leaves=15
num_cat=0
split_feature=6 7 3 3 8 0 6 6 8 6 1 1 7 2
split_gain=6.74817 5.87196 4.00972 7.62163 3.84258 7.07689 4.31711 5.84007 3.73985 5.54939 6.04171 6.36456 4.31195 7.76127
threshold=14.577000000000002 917.60000000000014 0.88050000000000017 0.14250000000000002 -1.9749999999999999 10.568000000000001 9.9240000000000013 13.107500000000002 -2.3524999999999996 0.30950000000000005 0.93168921928840098 -0.59055600833485233 294.71700000000004 -0.098820138732871751
decision_type=2 2 2 2 2 2 2 2 2 2 2 2 2 2
left_child=1 2 3 4 -1 -6 -7 -8 9 -4 11 -11 13 -10
right_child=-2 -3 8 -5 5 6 7 -9 12 10 -12 -13 -14 -15
leaf_value=0.015166380603450864 -0.036490861724244809 0.011719499776024446 0.01589552181709521 0.014362155591341541 -0.020464191671972633 0.019982133573219197 -0.014815756265608066 0.0037602931209199443 0.038150021716040844 -0.0025038046174057972 0.013561894184036173 -0.029083493336953765 -0.00093833500107409838 -0.00075615521954886596
leaf_weight=50 43 49 42 46 45 45 50 48 106 59 45 91 1064 172
leaf_count=50 43 49 42 46 45 45 50 48 106 59 45 91 1064 172
internal_value=-0.000179028 0.000261506 -0.000187869 0.00528169 0.00168067 -0.00159574 0.00384615 -0.00204082 -0.00117163 -0.00696203 -0.0105128 -0.0153333 -0.000149031 0.00539568
internal_weight=1955 1912 1863 284 238 188 143 98 1579 237 195 150 1342 278
internal_count=1955 1912 1863 284 238 188 143 98 1579 237 195 150 1342 278
is_linear=0
shrinkage=0.05


Tree=58
num_leaves=15
num_cat=0
split_feature=7 8 2 3 6 4 8 5 0 2 2 2 1 2
split_gain=6.2112 4.17618 8.12608 6.20583 5.15479 6.30843 4.06578 3.6497 6.36628 7.52168 8.46924 8.024 5.21556 5.64898
threshold=917.60000000000014 -2.3524999999999996 -0.3792085569509222 4.3260000000000014 1.4935000000000003 24.564000000000004 -2.2294999999999994 9.7015000000000011 2.6615000000000006 -0.23208956585110249 -0.019329104864998576 0.22790171382004171 0.93779576777868801 0.92284787786233202
decision_type=2 2 2 2 2 2 2 2 2 2 2 2 2 2
left_child=1 2 -1 -4 -5 -6 -3 12 -9 -10 -11 -12 13 -8
right_child=-2 6 3 4 5 -7 7 8 9 10 11 -13 -14 -15
leaf_value=-0.043206735387296587 0.011133524787223226 0.015659997063763639 0.016182286278165921 0.0055186015265825689 -0.018808333199427443 -0.00036555108204277544 0.0076602050502708159 -0.023834159097731924 -0.0066693741677740009 0.022900162940173323 -0.012154821479986425 0.0065721323333160749 -0.016310316967373718 -0.0032586146678389191
leaf_weight=48 49 41 47 59 74 62 645 65 339 77 68 150 93 138
leaf_count=48 49 41 47 59 74 62 645 65 339 77 68 150 93 138
internal_value=-0.000230179 -0.000682057 -0.0062069 -0.00247934 -0.00641026 -0.0117647 0.000309406 -9.52381e-05 -0.0027897 -0.00126183 0.00457627 -0.000458716 0.00205479 0.00338442
internal_weight=1955 1906 290 242 195 136 1616 1575 699 634 295 218 876 783
internal_count=1955 1906 290 242 195 136 1616 1575 699 634 295 218 876 783
is_linear=0
shrinkage=0.05


Tree=59
num_leaves=15
num_cat=0
split_feature=7 8 2 8 3 0 7 1 1 5 8 5 2 5
split_gain=6.2112 4.17618 6.42428 5.42592 6.18719 4.94279 5.314 6.57318 10.4908 7.63444 4.05163 5.53874 5.58873 3.6676
threshold=917.60000000000014 -2.3524999999999996 -0.3792085569509222 -3.0279999999999991 26.051000000000005 -5.9484999999999992 294.71700000000004 0.92263100495486405 0.36523833096101394 6.1115000000000013 -1.8039999999999998 17.920500000000001 0.29426351849031901 6.0695000000000006
decision_type=2 2 2 2 2 2 2 2 2 2 2 2 2 2
left_child=1 2 -1 4 -4 13 7 8 9 -7 11 12 -8 -3
right_child=-2 5 3 -5 -6 6 10 -9 -10 -11 -12 -13 -14 -15
leaf_value=-0.041046398617931759 0.010576848547862073 -0.0002781425510578306 0.023143813461598484 -0.010050721546044859 -0.0017791709896045227 -0.0043925410355594094 0.023020968239546562 -0.023729394369598061 0.038534469929716902 0.018377833194309166 -0.0012832291899764732 -0.007836688962543626 0.00028622836455775152 -0.024133190722021886
leaf_weight=48 49 41 43 119 80 96 80 43 78 46 1084 46 62 40
leaf_count=48 49 41 43 119 80 96 80 43 78 46 1084 46 62 40
internal_value=-0.000230179 -0.000682057 -0.0062069 -0.00289256 0.00447154 0.000309406 0.000944625 0.00741445 0.0109091 0.0028169 -0.000393082 0.00638298 0.0112676 -0.0117284
internal_weight=1955 1906 290 242 123 1616 1535 263 220 142 1272 188 142 81
internal_count=1955 1906 290 242 123 1616 1535 263 220 142 1272 188 142 81
is_linear=0
shrinkage=0.05


Tree=60
num_leaves=15
num_cat=0
split_feature=7 8 0 3 0 5 7 6 8 4 6 6 0 0
split_gain=6.39326 4.84718 6.41334 6.41154 4.35081 5.01821 4.73005 8.50416 4.23515 6.50933 5.75042 5.82023 5.577 4.3714
threshold=917.60000000000014 -2.3524999999999996 22.304000000000006 4.3260000000000014 6.4155000000000006 4.2765000000000013 240.47600000000003 5.6515000000000013 0.14500000000000002 24.196000000000002 9.3970000000000002 12.156000000000001 23.622500000000002 28.166000000000004
decision_type=2 2 2 2 2 2 2 2 2 2 2 2 2 2
left_child=1 2 3 -1 5 -3 7 -6 9 13 -10 -12 -11 -8
right_child=-2 4 -4 -5 6 -7 8 -9 10 12 11 -13 -14 -15
leaf_value=0.021544707695942918 0.010048006120468966 0.0033587573648428157 -0.027582822606737514 -0.0043426581787239021 -0.0020616527290197163 -0.0089128443105045869 0.0016031005747089101 0.035274544033220279 -0.042621939860731144 0.029596563339328592 0.020942068587227913 -0.020694678878048267 0.0023560091232033512 -0.0086908699231209689
leaf_weight=40 49 114 57 193 66 279 578 77 59 78 50 41 74 200
leaf_count=40 49 114 57 193 66 279 578 77 59 78 50 41 74 200
internal_value=-0.000485934 -0.000944386 -0.00689655 -0.00321888 0.000123762 -0.00445293 0.00159444 0.0101399 0.000462963 0.00172043 -0.00733333 0.000549451 0.0111842 -0.000128535
internal_weight=1955 1906 290 233 1616 393 1223 143 1080 930 150 91 152 778
internal_count=1955 1906 290 233 1616 393 1223 143 1080 930 150 91 152 778
is_linear=0
shrinkage=0.05


Tree=61
num_leaves=15
num_cat=0
split_feature=7 8 2 3 4 6 8 7 0 5 3 8 8 3
split_gain=6.2474 4.62986 6.16187 5.25508 4.40569 6.32979 4.06578 3.46764 3.14921 5.05999 3.75296 6.19264 5.93217 5.87979
threshold=917.60000000000014 -2.3524999999999996 -0.3792085569509222 4.3260000000000014 24.062500000000004 1.9030000000000002 -2.2294999999999994 402.09450000000004 6.4155000000000006 4.2765000000000013 99.997000000000014 -0.094499999999999987 -0.49799999999999994 9.7540000000000013
decision_type=2 2 2 2 2 2 2 2 2 2 2 2 2 2
left_child=1 2 -1 -4 5 -5 -3 -6 9 -8 11 -11 -12 -13
right_child=-2 6 3 4 7 -7 8 -9 -10 10 12 13 -14 -15
leaf_value=-0.038195941667398634 0.0095456058144455236 0.013645793769862684 0.014798472656762721 0.0025621884369828375 -0.0022497418325876485 -0.016783520532413398 0.003493060380444446 0.022076538870784881 0.00096057366420130577 -0.021712587864410361 0.0080043174471179819 0.0036676811572746663 -0.0089992331859056231 -0.0059484762123583257
leaf_weight=48 49 41 47 45 41 67 113 42 1190 108 40 40 42 42
leaf_count=48 49 41 47 45 41 67 113 42 1190 108 40 40 42 42
internal_value=-0.00028133 -0.000734523 -0.00655172 -0.00330579 -0.00692308 -0.0133929 0.000309406 0.00180723 -9.52381e-05 -0.00402597 -0.00772059 -0.0115789 0.00121951 -0.00121951
internal_weight=1955 1906 290 242 195 112 1616 83 1575 385 272 190 82 82
internal_count=1955 1906 290 242 195 112 1616 83 1575 385 272 190 82 82
is_linear=0
shrinkage=0.05


Tree=62
num_leaves=15
num_cat=0
split_feature=8 0 3 6 0 1 5 8 0 0 3 3 0 8
split_gain=4.78245 5.53706 4.59725 6.21566 3.80376 5.09199 6.8898 5.82406 4.07708 4.02974 4.35243 4.87903 3.90883 8.31649
threshold=-2.3524999999999996 22.304000000000006 76.937500000000014 1.4935000000000003 9.3655000000000026 0.93779576777868801 4.551000000000001 1.0000000180025095e-35 0.26350000000000007 2.6615000000000006 7.2185000000000015 97.415000000000006 24.995000000000001 0.016500000000000004
decision_type=2 2 2 2 2 2 2 2 2 2 2 2 2 2
left_child=1 2 -1 -4 5 6 8 -7 -2 -8 -11 -12 13 -6
right_child=4 -3 3 -5 12 7 9 -9 -10 10 11 -13 -14 -15
leaf_value=0.0075176373938634217 0.00088772132719193431 -0.025364505449779969 0.0065872486940726635 -0.02387058177581804 0.011406923071046265 -0.021116412552554809 -0.0086106887081332517 -4.2841626358786078e-05 0.021785564183529432 0.0075634747994648595 -0.020206898867778923 0.0037881336089728049 -0.0013336748728153382 -0.0083206473735540892
leaf_weight=114 70 57 41 78 536 46 156 40 53 47 45 48 475 149
leaf_count=114 70 57 41 78 536 46 156 40 53 47 45 48 475 149
internal_value=-0.00028133 -0.0062069 -0.0027897 -0.00966387 0.000750751 -0.00287129 -0.000596659 -0.0139535 0.00934959 -0.00472973 0.00142857 -0.00483871 0.00232759 0.00474453
internal_weight=1955 290 233 119 1665 505 419 86 123 296 140 93 1160 685
internal_count=1955 290 233 119 1665 505 419 86 123 296 140 93 1160 685
is_linear=0
shrinkage=0.05


Tree=63
num_leaves=15
num_cat=0
split_feature=6 2 6 3 5 2 0 5 3 6 3 4 7 6
split_gain=3.87043 4.83352 7.90991 7.79822 7.03793 7.10967 6.06036 5.10107 5.3993 4.71335 5.87755 4.5977 5.93892 6.36246
threshold=14.577000000000002 -0.61626377254255749 6.4940000000000007 12.730000000000002 8.7805000000000017 -0.95882411647426224 25.105000000000004 10.773500000000002 82.982000000000014 9.7950000000000017 82.982000000000014 25.455000000000002 619.15050000000008 11.947000000000001
decision_type=2 2 2 2 2 2 2 2 2 2 2 2 2 2
left_child=1 2 -1 4 -4 -6 9 8 -8 -5 -11 -3 -13 -14
right_child=-2 11 3 6 5 -7 7 -9 -10 10 -12 12 13 -15
leaf_value=0.047697577063692598 -0.029190973773308662 -0.0018336113417707163 0.028080125829375115 -0.0068436987401213796 -0.013329006755732143 0.0057530329908702773 -0.01750215870802263 0.0016621823263830841 -0.0066935946256203808 -0.00067005895126679435 0.029127084804998718 -0.00056616813236134154 0.047159683719844608 0.0016778160512211594
leaf_weight=59 43 1002 53 66 41 96 55 54 67 49 49 224 42 55
leaf_count=59 43 1002 53 66 41 96 55 54 67 49 49 224 42 55
internal_value=-0.00028133 5.23013e-05 0.00382003 0.00188679 0.01 0.0040146 -0.00264706 -0.00909091 -0.0147541 0.00426829 0.0112245 -0.00162509 0.00358255 0.0139175
internal_weight=1955 1912 589 530 190 137 340 176 122 164 98 1323 321 97
internal_count=1955 1912 589 530 190 137 340 176 122 164 98 1323 321 97
is_linear=0
shrinkage=0.05


Tree=64
num_leaves=15
num_cat=0
split_feature=8 0 8 0 7 2 6 4 3 0 0 4 7 4
split_gain=4.32015 5.81381 5.16392 3.33617 4.29806 3.29468 7.98232 5.72555 6.6231 6.2346 6.19329 6.06149 5.62236 5.6448
threshold=-2.3524999999999996 22.304000000000006 -2.6794999999999995 2.9745000000000004 402.09450000000004 -0.66248835645380588 6.9545000000000003 12.541500000000001 4.972500000000001 20.016500000000004 12.064000000000002 7.785000000000001 717.91300000000012 17.298000000000005
decision_type=2 2 2 2 2 2 2 2 2 2 2 2 2 2
left_child=1 2 3 -1 -5 6 -2 8 -7 10 11 -10 13 -8
right_child=5 -3 -4 4 -6 7 12 -9 9 -11 -12 -13 -14 -15
leaf_value=0.024241370600927487 0.050085500151558583 -0.024004599610202432 -0.015808567349959557 -0.013500205226015175 0.018137394189681855 0.0080590157164189824 0.0061482664260721206 0.00085086491279759988 0.0052783409090577278 -0.034502557302545839 0.0060631049216047731 -0.031562126224369116 0.002852914756083447 -0.024258452011569821
leaf_weight=42 72 57 60 58 73 65 61 841 44 42 44 82 373 41
leaf_count=42 72 57 60 58 73 65 61 841 44 42 44 82 373 41
internal_value=-0.000230179 -0.00586207 -0.00236052 0.00202312 -0.0019084 0.000750751 0.00393053 -0.000805009 -0.00703971 -0.0113208 -0.00705882 -0.0126984 0.00157895 -0.00882353
internal_weight=1955 290 233 173 131 1665 547 1118 277 212 170 126 475 102
internal_count=1955 290 233 173 131 1665 547 1118 277 212 170 126 475 102
is_linear=0
shrinkage=0.05


Tree=65
num_leaves=15
num_cat=0
split_feature=5 5 2 8 4 3 3 4 2 7 6 8 6 2
split_gain=3.48528 4.62168 5.02266 5.22757 4.54248 4.19178 5.25952 4.17089 3.56636 3.64263 3.55996 3.93459 5.22449 4.13899
threshold=2.4055000000000004 2.9070000000000005 0.99055824379501012 -2.3144999999999993 26.511500000000002 76.937500000000014 5.0065000000000008 5.9130000000000011 -0.030120304846908235 165.40200000000002 13.541500000000001 -1.7754999999999999 9.6025000000000009 -0.61626377254255749
decision_type=2 2 2 2 2 2 2 2 2 2 2 2 2 2
left_child=8 -2 3 4 5 6 -3 -5 -1 -10 11 12 -9 -13
right_child=1 2 -4 7 -6 -7 -8 10 9 -11 -12 13 -14 -15
leaf_value=0.034457613858519719 -0.026715222047939021 -0.008923571515993085 -0.028311749754803828 -0.01286967121738081 0.0060359700060202753 -0.036488278005448745 0.010241993747782048 0.00058103497434507936 -0.0036884229981672999 0.010713210865130853 -0.0065159338380383347 0.0060028796861881992 0.019377880695278939 -0.00029340655163161632
leaf_weight=60 40 70 64 62 78 73 42 84 54 40 154 424 63 647
leaf_count=60 40 70 64 62 78 73 42 84 54 40 154 424 63 647
internal_value=-7.67263e-05 -0.000694059 -0.000312323 0.000206246 -0.00627376 -0.0105405 -0.00446429 0.0013947 0.00714286 0.00106383 0.00196793 0.00287356 0.0105442 0.00182073
internal_weight=1955 1801 1761 1697 263 185 112 1434 154 94 1372 1218 147 1071
internal_count=1955 1801 1761 1697 263 185 112 1434 154 94 1372 1218 147 1071
is_linear=0
shrinkage=0.05


Tree=66
num_leaves=15
num_cat=0
split_feature=6 8 1 2 4 8 5 0 2 6 4 3 5 6
split_gain=4.22384 4.16538 6.40352 3.92935 4.65396 3.92494 3.64437 3.48334 4.1467 7.53589 5.96745 6.90781 6.90066 5.65948
threshold=-2.4579999999999997 -2.3524999999999996 0.93168921928840098 0.48378379397820742 22.709500000000002 -2.2294999999999994 8.8930000000000025 30.414500000000004 -0.53190322474958196 6.4940000000000007 12.541500000000001 29.724000000000004 11.028500000000003 0.8005000000000001
decision_type=2 2 2 2 2 2 2 2 2 2 2 2 2 2
left_child=-1 2 3 4 -2 -3 -5 8 9 -7 11 -10 -13 -12
right_child=1 5 -4 6 -6 7 -8 -9 10 -11 13 12 -14 -15
leaf_value=0.019650087675142702 -0.0031797533768937571 0.012458365361956047 0.016727332819603421 -0.024222622950054354 -0.033240662006197776 0.048504321112261883 0.0016215118383756167 -0.0099229840280965487 0.0011794395569935502 0.0026759794551701327 -0.018997782301219332 -0.0090126872169818909 -0.034238076661846452 0.0014428902288575636
leaf_weight=41 49 41 54 55 44 59 67 117 91 486 42 105 40 664
leaf_count=41 49 41 54 55 44 59 67 117 91 486 42 105 40 664
internal_value=-2.55754e-05 -0.000365726 -0.00613383 -0.01 -0.0177419 0.000577508 -0.00409836 0.000187032 0.000840619 0.00431193 -0.00116773 -0.00805085 -0.0148276 0.00113314
internal_weight=1955 1914 269 215 93 1645 122 1604 1487 545 942 236 145 706
internal_count=1955 1914 269 215 93 1645 122 1604 1487 545 942 236 145 706
is_linear=0
shrinkage=0.05


Tree=67
num_leaves=15
num_cat=0
split_feature=6 8 2 3 8 4 1 4 7 6 8 3 5 4
split_gain=2.88933 3.1532 4.41874 5.20218 3.80098 3.03887 2.8898 5.56014 2.49589 3.16254 3.26653 5.90431 7.87196 5.43742
threshold=-2.4579999999999997 -2.3524999999999996 -0.23449138957041005 4.3260000000000014 -2.2294999999999994 5.9130000000000011 -0.48250327361223938 23.858000000000004 67.244500000000016 0.53700000000000014 -0.35499999999999993 99.852500000000006 4.551000000000001 22.083500000000004
decision_type=2 2 2 2 2 2 2 2 2 2 2 2 2 2
left_child=-1 2 -2 -4 -3 -6 -5 -8 -7 -10 13 12 -12 -11
right_child=1 4 3 6 5 8 7 -9 9 10 11 -13 -14 -15
leaf_value=0.01866758329138557 -0.024631730712126678 0.011835447093858243 0.015853168944577639 0.00056752662037541928 -0.0096584941668824281 0.02077843615726066 -0.023489379266981039 0.005072879869851 -0.0080689438901905396 0.0001768490478931767 0.020149547980960927 -0.0078881196189339205 -0.0012938731068960598 0.016325383134508015
leaf_weight=41 58 41 44 56 74 43 61 50 43 740 52 152 291 209
leaf_count=41 58 41 44 56 74 43 61 50 43 740 52 152 291 209
internal_value=0.00028133 0 -0.00501859 -0.00165877 0.000820669 0.000436409 -0.00568862 -0.0103604 0.000915033 0.000571621 0.000969529 -0.00232323 0.00131195 0.00268704
internal_weight=1955 1914 269 211 1645 1604 167 111 1530 1487 1444 495 343 949
internal_count=1955 1914 269 211 1645 1604 167 111 1530 1487 1444 495 343 949
is_linear=0
shrinkage=0.05


Tree=68
num_leaves=15
num_cat=0
split_feature=7 0 6 1 2 3 3 5 5 0 2 2 3 3
split_gain=2.47549 2.19462 2.40273 4.05069 5.81712 5.29584 8.81787 3.81523 6.70475 4.39593 2.76191 7.01039 4.13049 8.22929
threshold=917.60000000000014 33.38900000000001 14.135000000000002 -0.86958133671945925 -0.14772953607417119 88.395500000000013 1.7700000000000002 16.433500000000002 13.782500000000001 9.0130000000000017 0.92284787786233202 0.8524709262517346 4.972500000000001 5.5090000000000012
decision_type=2 2 2 2 2 2 2 2 2 2 2 2 2 2
left_child=1 2 3 4 -1 6 -6 8 10 -10 11 12 -5 -14
right_child=-2 -3 -4 7 5 -7 -8 -9 9 -11 -12 -13 13 -15
leaf_value=-0.019283231375564716 0.0076248965733606514 -0.042468207293659216 0.0043584895673137508 0.0061453537709850181 0.0110559346922963 0.0091214735662848764 -0.011808382068439335 0.0087559820697113017 -0.016720029277662068 -0.00071094655959182964 -0.0020229924823998492 0.0096292311231449216 -0.019366607271858197 0.00029854863235596364
leaf_weight=77 49 55 71 181 55 55 70 62 48 66 211 78 45 832
leaf_count=77 49 55 71 181 55 55 70 62 48 66 211 78 45 832
internal_value=0.000127877 -0.000157398 0.000135062 -0.000224719 -0.00603113 -0.00111111 -0.0068 0.000755089 0.000239562 -0.0114035 0.00122494 0.0022007 0.00113422 -0.000285063
internal_weight=1955 1906 1851 1780 257 180 125 1523 1461 114 1347 1136 1058 877
internal_count=1955 1906 1851 1780 257 180 125 1523 1461 114 1347 1136 1058 877
is_linear=0
shrinkage=0.05


Tree=69
num_leaves=15
num_cat=0
split_feature=4 5 4 6 2 2 8 7 2 4 8 4 4 2
split_gain=2.99479 6.3948 7.09111 5.69568 5.30694 5.08781 4.81687 5.45503 5.2245 6.32436 5.1118 6.78462 4.85288 6.93106
threshold=25.359000000000005 6.6950000000000012 29.209500000000002 8.7745000000000015 0.023632005545605003 -0.58882848911713703 -1.1744999999999999 321.30000000000007 -0.6002142805483679 15.055000000000001 0.14500000000000002 15.742500000000001 11.861000000000002 -0.96356381914947564
decision_type=2 2 2 2 2 2 2 2 2 2 2 2 2 2
left_child=6 2 -2 -3 5 -5 -1 10 9 12 11 -8 13 -9
right_child=1 3 -4 4 -6 -7 7 8 -10 -11 -12 -13 -14 -15
leaf_value=-0.0026414168148727771 0.012220514992912003 0.018103320002946257 -0.024180101875712623 -0.0054288671067012854 -0.0060289563319347768 0.021695058437074765 0.011393568840507035 -0.0097796583787757782 -0.0039436598599551231 -0.0012650940790146948 -0.00041254843286046144 0.043044247529957218 0.018636771352335324 0.022501376724399749
leaf_weight=707 63 94 73 43 69 64 64 44 340 147 77 40 63 67
leaf_count=707 63 94 73 43 69 64 64 44 340 147 77 40 63 67
internal_value=-0.000127877 0.00369458 -0.00514706 0.00814815 0.00284091 0.00981308 -0.00112976 0.00142518 -0.000680787 0.00389408 0.00911602 0.0163462 0.0103448 0.00405405
internal_weight=1955 406 136 270 176 107 1549 842 661 321 181 104 174 111
internal_count=1955 406 136 270 176 107 1549 842 661 321 181 104 174 111
is_linear=0
shrinkage=0.05


Tree=70
num_leaves=15
num_cat=0
split_feature=4 4 3 1 6 1 1 6 7 7 4 6 5 6
split_gain=2.83353 6.18257 4.3115 7.86057 7.50179 5.42651 4.23881 4.01812 3.70669 3.37011 3.36424 3.65714 3.56713 5.60397
threshold=23.998000000000001 21.085000000000004 99.524000000000015 -0.92263100495486372 12.025000000000002 0.93168921928840098 0.9914183690647782 12.730000000000002 391.81700000000006 502.80850000000004 19.590000000000003 9.9240000000000013 13.356000000000002 9.895500000000002
decision_type=2 2 2 2 2 2 2 2 2 2 2 2 2 2
left_child=1 6 3 -2 5 8 10 -6 -5 -10 12 -12 -1 -14
right_child=2 -3 -4 4 7 -7 -8 -9 9 -11 11 -13 13 -15
leaf_value=0.00089831030828940175 -0.008016372277326508 -0.0083246528137861289 -0.0026055960881431121 -0.0005442820632971995 -0.011184612133884352 0.039540342986841365 -0.015672958812720707 0.0032865285838750372 0.023833521020400296 0.0096672345691358255 0.011128637004365482 -0.0042980182355492258 -0.014600359331266261 -0.00034498329320692411
leaf_weight=842 46 200 150 44 40 41 41 42 51 76 63 42 73 204
leaf_count=842 46 200 150 44 40 41 41 42 51 76 63 42 73 204
internal_value=-0.000230179 -0.00133106 0.00306122 0.00617647 0.00918367 0.0141509 -3.95257e-05 -0.00365854 0.0102339 0.0145669 0.000490196 0.00904762 -0.000312779 -0.00523466
internal_weight=1955 1465 490 340 294 212 1265 82 171 127 1224 105 1119 277
internal_count=1955 1465 490 340 294 212 1265 82 171 127 1224 105 1119 277
is_linear=0
shrinkage=0.05


Tree=71
num_leaves=15
num_cat=0
split_feature=7 1 8 0 5 8 0 0 5 1 7 0 2 8
split_gain=2.63782 2.74485 3.49425 4.98655 5.517 3.83325 3.67348 9.45483 3.31642 5.64332 5.05128 3.97044 5.34593 4.56049
threshold=917.60000000000014 0.99628894895067466 -2.3524999999999996 2.8435000000000001 9.9055000000000017 -1.8154999999999999 25.105000000000004 16.991000000000003 9.7015000000000011 0.93779576777868801 880.4000000000002 2.6615000000000006 0.56424300735932609 -1.6514999999999997
decision_type=2 2 2 2 2 2 2 2 2 2 2 2 2 2
left_child=1 2 3 -1 -5 6 7 -4 9 -7 11 -10 13 -13
right_child=-2 -3 5 4 -6 8 -8 -9 10 -11 -12 12 -14 -15
leaf_value=0.0077338892453653971 0.0073308070700217835 0.011775009431422083 0.00052470067291607585 -0.025955711080066748 -0.0018174024626996911 0.0019280138763488998 -0.0037945666884223908 0.033623889082021845 -0.019282807689399207 -0.022000495059334432 -0.007915545701306188 -0.0090635850255680866 0.010805701503357568 -0.00065174909947564308
leaf_weight=56 49 60 90 80 133 726 68 42 61 67 76 46 67 334
leaf_count=56 49 60 90 80 133 726 68 42 61 67 76 46 67 334
internal_value=-0.000230179 -0.000524659 -0.000866739 -0.00613383 -0.00962441 3.17058e-05 0.0065 0.0113636 -0.000907771 0.00119798 -0.00376712 -0.0019685 -0.00033557 -0.00263158
internal_weight=1955 1906 1846 269 213 1577 200 132 1377 793 584 508 447 380
internal_count=1955 1906 1846 269 213 1577 200 132 1377 793 584 508 447 380
is_linear=0
shrinkage=0.05


Tree=72
num_leaves=15
num_cat=0
split_feature=6 8 0 4 4 8 7 6 2 2 8 1 8 1
split_gain=3.04902 3.82836 2.63756 3.09635 5.32844 4.7634 5.49416 8.05007 7.34379 4.71075 3.88485 4.90889 3.95249 3.39108
threshold=-2.4579999999999997 -3.9249999999999994 -8.5624999999999982 25.359000000000005 21.085000000000004 -0.73299999999999987 619.15050000000008 6.7405000000000008 -0.29837325449147856 0.46866798009266125 -1.5739999999999996 0.23416947364604893 -0.99149999999999994 0.9914183690647782
decision_type=2 2 2 2 2 2 2 2 2 2 2 2 2 2
left_child=-1 -2 -3 4 13 6 7 -5 -8 -7 11 -6 -12 -4
right_child=1 2 3 5 10 9 8 -9 -10 -11 12 -13 -14 -15
leaf_value=0.017224036910186601 -0.0085461706996594802 -0.0011555509441267431 0.00046183024106486175 0.018492152594943596 -0.024934500949446572 -0.0047827749153583126 0.0048453356388969528 -0.022276432255246309 0.030287074595738241 0.0089781844703334373 0.003904715054562169 -0.0062969186069090979 -0.0068315678995758194 -0.015478061343655775
leaf_weight=41 43 56 1148 48 50 111 45 50 40 64 45 40 133 41
leaf_count=41 43 56 1148 48 50 111 45 50 40 64 45 40 133 41
internal_value=-7.67263e-05 -0.000365726 -2.67237e-05 0.00030303 -0.000720659 0.00446927 0.0101093 0.00204082 0.0194118 -0.00142857 -0.00708955 -0.0155556 -0.00280899 0.000714886
internal_weight=1955 1914 1871 1815 1457 358 183 98 85 175 268 90 178 1189
internal_count=1955 1914 1871 1815 1457 358 183 98 85 175 268 90 178 1189
is_linear=0
shrinkage=0.05


Tree=73
num_leaves=15
num_cat=0
split_feature=5 3 5 6 6 0 4 2 3 4 4 4 3 0
split_gain=3.29662 3.53567 6.55965 5.56785 6.22375 4.69594 4.33199 4.90909 4.83398 3.99231 4.67025 3.68241 3.21821 4.1036
threshold=21.994500000000006 4.972500000000001 7.6915000000000004 13.891500000000002 13.456000000000001 3.9250000000000003 19.937500000000004 0.19429706169951341 2.6400000000000006 5.9130000000000011 7.785000000000001 8.9145000000000021 0.28950000000000004 18.674000000000003
decision_type=2 2 2 2 2 2 2 2 2 2 2 2 2 2
left_child=1 2 -1 4 9 -4 8 -8 12 -3 -11 -12 13 -7
right_child=-2 3 5 -5 -6 6 7 -9 -10 10 11 -13 -14 -15
leaf_value=0.011322938703633623 -0.013407285654278357 -0.012386020509308291 -0.014358031392785879 0.0061093770388630066 -0.01635314092639242 -0.0039750383926651532 0.0043898657661183066 0.021485748343036848 0.0092632565250769013 0.015121344634766422 -0.010916679351993525 -0.00018424133305781077 -0.012948856179699009 0.0036372444871311639
leaf_weight=41 60 58 48 47 41 41 88 44 43 53 48 1197 41 105
leaf_count=41 60 58 48 47 41 41 88 44 43 53 48 1197 41 105
internal_value=-0.000127877 0.000237467 0.004102 -0.000969529 -0.00153901 0.00219512 0.00414365 0.0113636 0 -0.000958702 -0.000385208 -0.00100402 -0.00347594 0
internal_weight=1955 1895 451 1444 1397 410 362 132 230 1356 1298 1245 187 146
internal_count=1955 1895 451 1444 1397 410 362 132 230 1356 1298 1245 187 146
is_linear=0
shrinkage=0.05


Tree=74
num_leaves=15
num_cat=0
split_feature=7 1 8 1 5 8 8 6 5 6 7 8 5 5
split_gain=2.61431 2.71755 2.77883 7.6224 5.55703 3.77263 2.40157 5.8836 9.28178 5.47134 5.40089 3.20628 4.2685 4.68322
threshold=917.60000000000014 0.99628894895067466 1.006 0.69016699705532247 5.956500000000001 0.64150000000000007 -2.3524999999999996 4.3025000000000011 10.712500000000002 11.701500000000001 339.74400000000009 -1.8154999999999999 11.547000000000002 16.433500000000002
decision_type=2 2 2 2 2 2 2 2 2 2 2 2 2 2
left_child=1 2 5 4 -4 6 7 10 -9 -10 -1 -8 -13 -14
right_child=-2 -3 3 -5 -6 -7 11 8 9 -11 -12 12 13 -15
leaf_value=-0.024897363006792624 0.0069503872711203403 0.010347066078772614 0.015017077831237433 -0.027856986788392147 -0.023142032940087418 0.020974131050975221 0.0061430959064238738 -0.032664068441800621 0.010620922614238894 -0.013080867254420647 0.0092383013536917087 0.0011872596434637445 -0.008521265568061898 0.00075729010864035169
leaf_weight=40 49 60 42 49 46 56 200 57 65 44 63 794 248 142
leaf_count=40 49 60 42 49 46 56 200 57 65 44 63 794 248 142
internal_value=-0.000179028 -0.000472193 -0.000812568 -0.00766423 0.00113636 -0.000263312 -0.000695705 -0.00501859 -0.0108434 -0.00229358 0.00436893 0.000144509 -0.000844595 -0.00512821
internal_weight=1955 1906 1846 137 88 1709 1653 269 166 109 103 1384 1184 390
internal_count=1955 1906 1846 137 88 1709 1653 269 166 109 103 1384 1184 390
is_linear=0
shrinkage=0.05


Tree=75
num_leaves=15
num_cat=0
split_feature=4 7 7 8 8 2 3 3 3 8 6 6 8 8
split_gain=3.09543 3.64971 3.39028 7.5918 4.52499 3.85884 3.39162 3.59544 5.9327 3.98803 3.16405 4.38277 3.00571 7.79776
threshold=36.02450000000001 67.244500000000016 819.03450000000009 -0.37199999999999994 -0.61449999999999994 -0.93704710539067892 0.14250000000000002 7.9240000000000004 43.105500000000006 -1.4384999999999997 -2.1634999999999995 0.68450000000000011 -1.3939999999999997 -1.4874999999999998
decision_type=2 2 2 2 2 2 2 2 2 2 2 2 2 2
left_child=1 -1 10 4 6 -5 -4 -8 -9 -10 -3 -12 13 -13
right_child=-2 2 3 5 -6 -7 7 8 9 -11 11 12 -14 -15
leaf_value=0.011038360634347663 0.01233100984753417 0.016061569201147482 -0.0038356494552050924 4.2381640888747298e-05 0.018383506162859525 -0.017126721452085769 0.0095668572747742552 -0.0081959673178045311 -0.00040195638689058958 0.020616411957966038 -0.0095709683070820395 -0.00089217348523686069 8.0090467490112621e-05 -0.033061046535537313
leaf_weight=60 41 46 71 49 40 51 87 43 41 44 73 482 775 52
leaf_count=60 41 46 71 49 40 51 87 43 41 44 73 482 775 52
internal_value=-0.000179028 -0.000470219 -0.000862999 0.00305164 0.00674847 -0.009 0.00454545 0.00767442 0.00234375 0.01 -0.00203081 -0.0024602 -0.00179526 -0.00468165
internal_weight=1955 1914 1854 426 326 100 286 215 128 85 1428 1382 1309 534
internal_count=1955 1914 1854 426 326 100 286 215 128 85 1428 1382 1309 534
is_linear=0
shrinkage=0.05


Tree=76
num_leaves=15
num_cat=0
split_feature=4 8 7 2 6 2 4 0 2 6 2 0 4 7
split_gain=3.32398 5.16161 7.21262 6.74381 5.00827 3.78308 3.40844 4.12595 5.75818 3.44546 3.32058 6.92931 7.33082 3.22557
threshold=25.359000000000005 -0.73299999999999987 619.15050000000008 -0.23449138957041005 7.4530000000000003 0.31064877563037102 21.085000000000004 3.4490000000000003 -0.16705162550211924 7.5215000000000005 -0.53190322474958196 22.157000000000004 15.353000000000002 733.43450000000018
decision_type=2 2 2 2 2 2 2 2 2 2 2 2 2 2
left_child=6 2 4 -4 -2 -3 10 -8 -9 -10 11 12 -1 -12
right_child=1 5 3 -5 -6 -7 7 8 9 -11 13 -13 -14 -15
leaf_value=0.0065198285374609812 0.01004010908858971 -0.0081173175103159533 0.0072488296233297576 0.03117094573599858 -0.019513056328170297 0.00087989718113951065 -0.0082990123219432062 -0.016931958805967141 -0.0089427107579608377 0.012408221251768712 -0.00017936831712522805 -1.7241196371375889e-05 0.044917376399737467 -0.0068006012730827126
leaf_weight=79 82 98 52 40 45 89 62 113 45 64 644 397 41 104
leaf_count=79 82 98 52 40 45 89 62 113 45 64 644 397 41 104
internal_value=-0.000332481 0.00369458 0.00890411 0.0195652 0.0011811 -0.00240642 -0.00138799 -0.00633803 -0.00315315 0.00504587 -0.00027668 0.00280464 0.0133333 -0.00240642
internal_weight=1955 406 219 92 127 187 1549 284 222 109 1265 517 120 748
internal_count=1955 406 219 92 127 187 1549 284 222 109 1265 517 120 748
is_linear=0
shrinkage=0.05


Tree=77
num_leaves=15
num_cat=0
split_feature=5 7 1 6 6 3 3 5 5 8 5 4 4 7
split_gain=3.25046 3.22595 2.93448 3.29129 6.16587 4.69233 3.66662 5.76799 3.97991 5.66703 4.34394 3.8793 4.27024 3.44455
threshold=19.606500000000004 672.64850000000013 0.99762106698677389 13.891500000000002 13.496000000000002 4.1945000000000006 4.972500000000001 7.6915000000000004 14.839500000000003 -1.1164999999999998 11.2765 5.9130000000000011 7.785000000000001 676.7890000000001
decision_type=2 2 2 2 2 2 2 2 2 2 2 2 2 2
left_child=2 -2 3 4 6 -5 7 -1 9 13 -11 -8 -13 -9
right_child=1 -3 -4 5 -6 -7 11 8 -10 10 -12 12 -14 -15
leaf_value=0.0098608345926162744 0.00039754938696574539 -0.014990264772819379 0.015458290284320353 -0.01427866296016962 -0.011366394841197858 0.0047492699028649282 -0.011134280707268341 -0.00017260379809698191 0.014022349877708843 0.00018081572346478891 -0.011098813010222308 0.015271495812737741 -0.00046468714329279406 0.021041276703857165
leaf_weight=40 48 76 48 40 57 42 58 51 63 77 61 52 1190 52
leaf_count=40 48 76 48 40 57 42 58 51 63 77 61 52 1190 52
internal_value=-0.000230179 -0.00806452 0.000300382 -2.80426e-05 -0.000499706 0.0097561 6.08273e-05 0.00465116 0.00230263 -0.000622407 -0.00724638 -0.00115385 -0.000563607 0.00825243
internal_weight=1955 124 1831 1783 1701 82 1644 344 304 241 138 1300 1242 103
internal_count=1955 124 1831 1783 1701 82 1644 344 304 241 138 1300 1242 103
is_linear=0
shrinkage=0.05


Tree=78
num_leaves=15
num_cat=0
split_feature=7 6 7 2 2 1 5 5 0 7 5 3 0 8
split_gain=3.60618 2.57473 6.51821 5.66718 8.41558 4.40276 4.13021 6.79841 4.08934 4.54213 4.87798 5.25683 6.16553 8.37515
threshold=917.60000000000014 12.025000000000002 864.45000000000016 -0.23208956585110249 0.023632005545605003 -0.90880922144842613 15.783000000000003 13.899000000000003 -4.8064999999999989 837.63650000000007 8.8930000000000025 88.927000000000007 2.8435000000000001 -1.3669999999999998
decision_type=2 2 2 2 2 2 2 2 2 2 2 2 2 2
left_child=1 2 5 -3 -5 -1 7 8 -7 10 11 -10 -13 -14
right_child=-2 3 -4 4 -6 6 -8 -9 9 -11 -12 12 13 -15
leaf_value=-0.0074668751670956884 0.0062675873795028708 -0.0056983815511127108 0.01829122414204884 0.018925243665892974 -0.0029954422144656298 -0.0021923260258839201 0.0068533642192543532 -0.012427444979910662 -0.0081313768030682378 -0.038264567099240178 0.0095055828382324403 0.0051769499439707489 -0.019603957880722195 0.017510466041521823
leaf_weight=112 49 362 109 77 77 104 60 55 198 42 257 91 115 247
leaf_count=112 49 362 109 77 77 104 60 55 198 42 257 91 115 247
internal_value=-0.000127877 -0.000472193 0.000647482 -0.00348837 0.00454545 -0.000351288 0.000556031 -0.000135257 0.000759013 0.00178947 0.00253304 0.000230415 0.00320088 0.000276243
internal_weight=1955 1906 1390 516 154 1281 1169 1109 1054 950 908 651 453 362
internal_count=1955 1906 1390 516 154 1281 1169 1109 1054 950 908 651 453 362
is_linear=0
shrinkage=0.05


Tree=79
num_leaves=15
num_cat=0
split_feature=6 0 4 6 7 0 7 6 1 0 5 8 1 0
split_gain=3.21301 3.16701 4.52176 3.08936 7.20829 5.47278 6.34507 4.93206 5.10335 5.696 4.82306 4.46573 4.13703 4.54764
threshold=-2.4579999999999997 -5.3474999999999993 18.855500000000003 5.283500000000001 483.48150000000004 6.0505000000000004 294.71700000000004 7.5215000000000005 0.96413834225895678 11.879000000000001 7.5150000000000006 -0.5149999999999999 0.80392051724781088 20.506000000000004
decision_type=2 2 2 2 2 2 2 2 2 2 2 2 2 2
left_child=-1 2 -2 4 -3 -5 11 10 12 -10 -8 -7 13 -9
right_child=1 3 -4 5 -6 6 7 8 9 -11 -12 -13 -14 -15
leaf_value=0.015183283154414374 -0.013440817186859645 0.00015159197567549132 0.00096875298054136536 -0.0054142758474317824 0.032015998839194225 -0.0025409191202255127 -0.043623087493417652 0.005531361042046757 -0.0015244989236467166 0.033219775588694968 -0.0050682805367531225 0.037270769373335309 -0.0051556895149860397 -0.0006755333729440955
leaf_weight=41 45 307 47 169 57 49 40 143 41 58 87 73 120 678
leaf_count=41 45 307 47 169 57 49 40 143 41 58 87 73 120 678
internal_value=-0.000434783 -0.000731452 -0.00978261 -0.000274424 0.00384615 -0.00130316 -0.000193949 -0.00132819 -0.000192308 0.0106061 -0.0106299 0.0106557 -0.00132837 -6.09013e-05
internal_weight=1955 1914 92 1822 364 1458 1289 1167 1040 99 127 122 941 821
internal_count=1955 1914 92 1822 364 1458 1289 1167 1040 99 127 122 941 821
is_linear=0
shrinkage=0.05


Tree=80
num_leaves=15
num_cat=0
split_feature=7 5 7 4 0 2 6 2 7 6 2 6 1 0
split_gain=2.66143 2.71201 7.27399 5.06806 6.92292 5.65019 6.41332 4.58107 5.7478 6.53333 5.45032 4.47354 3.52117 5.43043
threshold=917.60000000000014 9.7285000000000021 881.27900000000011 26.844500000000004 1.0015000000000003 0.71541278717867718 8.0340000000000007 -0.30081980763566774 785.78800000000012 14.260000000000002 -0.66248835645380588 11.556500000000002 0.75471874543923556 5.4335000000000013
decision_type=2 2 2 2 2 2 2 2 2 2 2 2 2 2
left_child=1 12 3 4 -3 6 -6 8 -8 10 -10 -5 -1 -14
right_child=-2 2 -4 11 5 -7 7 -9 9 -11 -12 -13 13 -15
leaf_value=0.0010550247857531892 0.0056776399584253963 -0.018867714034150107 -0.0074433767887282622 0.017624286628022148 -0.019879554095273966 0.0083703389925944699 -0.01458210884243737 0.004511448817379771 0.012668995652993398 -0.027177546815616793 -0.005915393893872624 -0.001348853675613171 -0.0068241169012426941 0.00011697494264439613
leaf_weight=772 49 51 79 57 80 73 88 227 73 40 47 65 63 191
leaf_count=772 49 51 79 57 80 73 88 227 73 40 47 65 63 191
internal_value=-0.00028133 -0.000577125 -0.00261364 -0.00118602 -0.00287187 -0.00143312 -0.00315315 -0.000947368 -0.00564516 0 0.00583333 0.00819672 0.00116959 -0.00393701
internal_weight=1955 1906 880 801 679 628 555 475 248 160 120 122 1026 254
internal_count=1955 1906 880 801 679 628 555 475 248 160 120 122 1026 254
is_linear=0
shrinkage=0.05


Tree=81
num_leaves=15
num_cat=0
split_feature=5 3 5 8 0 3 3 0 1 4 4 4 4 0
split_gain=2.73118 3.05719 6.57905 4.12006 5.22476 7.36266 8.3581 4.36414 4.858 4.45905 3.42299 3.89027 5.62198 3.15202
threshold=19.606500000000004 4.972500000000001 7.6915000000000004 0.10350000000000001 6.0505000000000004 3.6720000000000002 0.88050000000000017 23.248000000000001 -0.27159603410350847 18.078000000000007 5.9130000000000011 7.785000000000001 8.9145000000000021 22.416000000000004
decision_type=2 2 2 2 2 2 2 2 2 2 2 2 2 2
left_child=1 2 -1 4 -4 6 7 9 -9 -6 -3 -12 -13 -14
right_child=-2 10 3 -5 5 -7 -8 8 -10 -11 11 12 13 -15
leaf_value=0.011028182295763578 -0.0038441400386975636 -0.011183132323498952 -0.014139577299056506 0.012028306673924918 0.0016190038237559963 0.01055634148585124 -0.0093022815904205101 0.0046653967589461113 -0.0098530077740719424 0.019086832224380533 0.014111416011518449 -0.011740272986492918 0.00039685849674007126 -0.0019223480544816819
leaf_weight=41 124 61 44 47 46 40 58 66 41 40 54 49 883 361
leaf_count=41 124 61 44 47 46 40 58 66 41 40 54 49 883 361
internal_value=-7.67263e-05 0.000409612 0.00413712 0.00209424 0.000149254 0.00257732 -0.00059761 0.00440415 -0.00233645 0.0127907 -0.000710227 -0.000185598 -0.000734725 -8.03859e-05
internal_weight=1955 1831 423 382 335 291 251 193 107 86 1408 1347 1293 1244
internal_count=1955 1831 423 382 335 291 251 193 107 86 1408 1347 1293 1244
is_linear=0
shrinkage=0.05


Tree=82
num_leaves=15
num_cat=0
split_feature=1 6 2 3 3 6 0 0 7 1 7 8 6 6
split_gain=2.41537 6.07504 4.73126 3.88802 7.01155 3.66703 3.03126 8.14994 8.31459 8.17582 7.95289 5.25036 4.11824 6.82823
threshold=-0.86958133671945925 13.985000000000001 -0.14772953607417119 88.395500000000013 1.7700000000000002 14.260000000000002 18.537000000000003 22.416000000000004 717.91300000000012 -0.0687085824022272 757.95150000000012 -0.72149999999999992 12.100500000000002 12.903500000000003
decision_type=2 2 2 2 2 2 2 2 2 2 2 2 2 2
left_child=1 2 -1 4 -4 6 10 11 9 -9 -2 -8 -10 -14
right_child=5 -3 3 -5 -6 -7 7 8 12 -11 -12 -13 13 -15
leaf_value=-0.019482481152235914 0.00025618356967836882 0.004021079258789184 0.010599889854496478 0.0076809394915300037 -0.0066510987150384228 -0.0260621251075779 0.033109326127545961 -0.0017115731256912158 0.015350824358020388 -0.054359821242375643 -0.013568213353442247 0.0091854511231416521 -0.0078919734922507263 0.0034782968112421209
leaf_weight=72 872 52 54 55 67 46 73 62 206 42 111 61 75 107
leaf_count=72 872 52 54 55 67 46 73 62 206 42 111 61 75 107
internal_value=0.000127877 -0.004 -0.00725806 -0.00284091 -0.00785124 0.000876133 0.00127408 0.00399361 0.00101626 -0.0115385 -0.000457782 0.0149254 0.00438144 -0.0010989
internal_weight=1955 300 248 176 121 1655 1609 626 492 104 983 134 388 182
internal_count=1955 300 248 176 121 1655 1609 626 492 104 983 134 388 182
is_linear=0
shrinkage=0.05


Tree=83
num_leaves=15
num_cat=0
split_feature=7 0 2 0 6 6 8 8 2 1 1 2 0 5
split_gain=3.55911 2.93678 7.75638 6.07481 4.12632 9.15951 5.60718 10.9959 5.99348 4.91048 6.9976 3.76062 4.08955 8.0913
threshold=915.94150000000002 24.995000000000001 -0.77547391234167817 21.256000000000004 9.7950000000000017 8.6115000000000013 -1.4789999999999999 -2.3524999999999996 0.46866798009266125 0.97653720355785967 0.90880922144842624 -0.09654968025414791 26.143500000000007 9.0475000000000012
decision_type=2 2 2 2 2 2 2 2 2 2 2 2 2 2
left_child=1 2 3 -1 5 -4 7 -6 9 10 -8 12 -3 -14
right_child=-2 11 4 -5 6 -7 8 -9 -10 -11 -12 -13 13 -15
leaf_value=0.059353520279365336 0.0029742563381711553 -0.011022895623901822 -0.00039072068033552679 0.0020873230323711135 -0.0047167735807258256 -0.010876030234139612 -0.00081436851588795323 0.018661688209194807 0.014433286972439964 0.016788664480017045 -0.030904181784597137 0.014870318992842912 0.0053768421390926417 -0.0069590432765482754
leaf_weight=50 56 63 796 92 44 89 109 75 40 52 44 41 121 283
leaf_count=50 56 63 796 92 44 89 109 75 40 52 44 41 121 283
internal_value=7.67263e-05 -0.000289626 0.000898634 0.0119718 -0.000360288 -0.00220339 0.00412088 0.0130252 -0.000204082 -0.00365854 -0.00816993 -0.00354331 -0.00481799 -0.0029703
internal_weight=1955 1899 1391 142 1249 885 364 119 245 205 153 508 467 404
internal_count=1955 1899 1391 142 1249 885 364 119 245 205 153 508 467 404
is_linear=0
shrinkage=0.05


Tree=84
num_leaves=15
num_cat=0
split_feature=5 4 8 5 3 2 0 0 8 8 3 0 2 8
split_gain=2.44369 2.35249 4.51808 4.2602 5.79332 4.72882 5.61438 4.28261 8.45327 5.97837 5.36167 4.90839 4.62857 3.8506
threshold=0.76950000000000018 25.359000000000005 -1.3939999999999997 8.0230000000000015 7.9240000000000004 -0.96801877525786306 2.8435000000000001 20.387000000000004 -0.009499999999999998 -0.65599999999999992 83.463000000000008 24.426500000000004 0.14347198451036616 -0.73299999999999987
decision_type=2 2 2 2 2 2 2 2 2 2 2 2 2 2
left_child=-1 2 -2 4 -4 -5 -7 8 9 -6 -9 -12 -10 -3
right_child=1 13 3 5 7 6 -8 10 12 -11 11 -13 -14 -15
leaf_value=0.014239946056311624 -0.0027965691926562426 0.0084251405265258206 0.012213782414228314 -0.007887879793802996 0.0037146242156614606 -0.01793744440174674 0.00063708195375412619 -0.017550419782792454 0.031255011051619798 0.033403652378691785 -0.012429382537274542 0.023726621692222956 -0.0050118859736908499 -0.0010214902678405151
leaf_weight=42 580 215 51 65 58 57 407 47 42 55 40 47 63 186
leaf_count=42 580 215 51 65 58 57 407 47 42 55 40 47 63 186
internal_value=-2.55754e-05 -0.000287507 -0.00119048 0.000965665 0.00483871 -0.00198488 -0.000215517 0.00255682 0.00688073 0.0163717 -0.00447761 0.00287356 -0.00333333 0.00311721
internal_weight=1955 1913 1512 932 403 529 464 352 218 113 134 87 105 401
internal_count=1955 1913 1512 932 403 529 464 352 218 113 134 87 105 401
is_linear=0
shrinkage=0.05


Tree=85
num_leaves=15
num_cat=0
split_feature=5 2 2 6 2 8 7 0 0 0 6 6 0 0
split_gain=2.57777 3.06128 9.12995 7.86274 5.98861 7.91027 5.02108 8.37801 6.56704 7.37355 5.25736 4.83627 4.15062 4.38406
threshold=19.606500000000004 -0.030120304846908235 -0.11364489825015461 6.4940000000000007 0.19429706169951341 -1.6839999999999997 710.02100000000007 23.148500000000002 17.537500000000005 24.908500000000004 9.302500000000002 10.525500000000003 26.143500000000007 26.994000000000003
decision_type=2 2 2 2 2 2 2 2 2 2 2 2 2 2
left_child=1 2 3 -1 5 -3 7 10 -8 -10 -5 -9 -11 -14
right_child=-2 4 -4 6 -6 -7 8 11 9 12 -12 -13 13 -15
leaf_value=0.028482630826524996 -0.0031613848567895843 0.0022992221800115765 0.02535854238214378 -0.0079482074816822242 -0.0001290421681823478 -0.022363359559630588 -0.010777734131054038 -0.015980850979089245 0.015246291599005701 -0.0061292962912629922 0.028275208863450862 -0.026326422725771428 0.018840293752507932 -0.00017080650466899661
leaf_weight=96 124 46 46 61 772 78 78 67 166 54 53 44 40 230
leaf_count=96 124 46 46 61 772 78 78 67 166 54 53 44 40 230
internal_value=-0.00028133 0.000191152 0.00219251 0.00106862 -0.00189732 -0.0120968 -0.000567465 -0.00688889 0.00193662 0.00408163 0.00263158 -0.0166667 -0.000308642 0.00222222
internal_weight=1955 1831 935 889 896 124 793 225 568 490 114 111 324 270
internal_count=1955 1831 935 889 896 124 793 225 568 490 114 111 324 270
is_linear=0
shrinkage=0.05


Tree=86
num_leaves=15
num_cat=0
split_feature=1 7 0 0 5 6 7 5 7 1 0 2 0 8
split_gain=2.82942 4.9597 2.91282 8.68993 9.44345 9.65409 3.84843 7.23534 4.33998 7.28549 5.44019 4.37675 3.15387 3.01313
threshold=-0.051549210996800328 92.707000000000008 18.537000000000003 21.154000000000003 6.940500000000001 12.100500000000002 745.17700000000002 10.712500000000002 635.59000000000003 0.69016699705532247 -9.338499999999998 0.77275363110444695 4.8550000000000013 -1.5164999999999997
decision_type=2 2 2 2 2 2 2 2 2 2 2 2 2 2
left_child=-1 -2 6 -4 -5 -6 8 -8 9 10 -3 -12 -11 -13
right_child=1 2 3 4 5 -7 7 -9 -10 12 11 13 -14 -15
leaf_value=-0.0011091211617726749 0.019923114752370529 -0.0055765377474363007 0.028661955110190686 -0.027706599068169524 0.031573579765779181 -0.00081448762008600741 -0.020799846248926432 -0.00024571078277424164 0.010492783913452375 -0.020088358530492487 0.042843763133757373 0.013763539522142824 -0.0051997136530164507 -0.0003725277581240659
leaf_weight=909 46 40 65 74 125 88 42 81 71 62 40 62 142 108
leaf_count=909 46 40 65 74 125 88 42 81 71 62 40 62 142 108
internal_value=-0.000434783 0.00133843 0.0006 0.00426136 0.000522648 0.00586854 -0.00138889 -0.00934959 0.00047619 -0.00132159 0.0044 0.00761905 -0.00833333 0.00411765
internal_weight=1955 1046 1000 352 287 213 648 123 525 454 250 210 204 170
internal_count=1955 1046 1000 352 287 213 648 123 525 454 250 210 204 170
is_linear=0
shrinkage=0.05


Tree=87
num_leaves=15
num_cat=0
split_feature=7 6 8 4 6 6 1 5 3 5 5 5 8 7
split_gain=2.97264 2.39356 2.35003 2.22702 2.61954 4.55064 4.27404 4.7413 4.74003 6.18025 3.60335 6.49941 3.03335 8.95426
threshold=915.94150000000002 -2.4579999999999997 -3.9249999999999994 5.9130000000000011 14.510500000000002 14.135000000000002 -0.86958133671945925 16.433500000000002 1.7700000000000002 9.0475000000000012 13.539500000000002 17.645500000000002 -0.35499999999999993 810.87650000000019
decision_type=2 2 2 2 2 2 2 2 2 2 2 2 2 2
left_child=1 -1 -3 -4 5 6 8 12 -5 -10 -11 -12 -8 -14
right_child=-2 2 3 4 -6 -7 7 -9 9 10 11 -13 13 -15
leaf_value=0.014633924483101725 0.0015982097667161356 -0.0086763208612985927 -0.0077727152348456719 0.0015823827343702662 -0.020750374967915899 0.0098060303891531093 0.00060916956800929347 0.0076563023895380002 0.0028744496447816294 -0.039758282565183739 0.0096988414748871224 -0.0071219229625942406 -8.7260124007101925e-05 -0.017149658160564223
leaf_weight=41 56 43 74 72 43 46 869 68 41 48 40 53 376 85
leaf_count=41 56 43 74 72 43 46 869 68 41 48 40 53 376 85
internal_value=-0.000639386 -0.000974197 -0.00123789 -0.000964187 -0.000603102 -0.000294464 -0.000726392 0.000357654 -0.00669291 -0.010989 -0.0159574 -0.0102151 -0.000300752 -0.00357918
internal_weight=1955 1899 1858 1815 1741 1698 1652 1398 254 182 141 93 1330 461
internal_count=1955 1899 1858 1815 1741 1698 1652 1398 254 182 141 93 1330 461
is_linear=0
shrinkage=0.05


Tree=88
num_leaves=15
num_cat=0
split_feature=1 4 1 8 0 0 1 6 0 4 8 3 6 2
split_gain=2.26022 3.46154 7.74374 3.27987 4.65948 6.88594 4.25596 4.81284 8.51501 5.23876 4.30379 4.57316 4.25508 4.14183
threshold=0.11577009971046097 12.541500000000001 0.5043284533698108 -1.0714999999999997 2.8435000000000001 6.7240000000000011 -0.90149333598846393 10.065000000000003 25.429500000000004 14.861000000000002 -0.35499999999999993 78.625000000000014 7.1305000000000005 0.79411473034488644
decision_type=2 2 2 2 2 2 2 2 2 2 2 2 2 2
left_child=3 2 -2 4 -1 -6 -5 10 -9 -10 11 -8 13 -12
right_child=1 -3 -4 6 5 -7 7 8 9 -11 12 -13 -14 -15
leaf_value=0.0018096739838318013 0.011080412378818606 0.0019999988293156025 -0.014840558155273449 -0.0067327133584264183 -0.024282578845754629 -0.0019154926386464322 -0.0012477517129333539 0.01848386970885698 0.0045449228373122983 -0.0073724744445511532 0.030508469309999176 0.011719893130304608 -0.011054380081052358 -0.010522588821739055
leaf_weight=52 79 726 135 79 44 455 43 57 42 54 40 40 60 49
leaf_count=52 79 726 135 79 44 455 43 57 42 54 40 40 60 49
internal_value=-0.000383632 0.00138298 -0.00420561 -0.0020197 -0.00462795 -0.00611222 0.00107759 0.00324675 0.0101307 0.00104167 -0.0012931 0.00783133 -0.00637584 0.000561798
internal_weight=1955 940 214 1015 551 499 464 385 153 96 232 83 149 89
internal_count=1955 940 214 1015 551 499 464 385 153 96 232 83 149 89
is_linear=0
shrinkage=0.05


Tree=89
num_leaves=15
num_cat=0
split_feature=0 2 8 0 6 6 0 8 5 8 6 1 8 8
split_gain=2.46645 8.87206 6.2186 7.21336 5.02521 6.90343 6.8343 6.94575 4.01404 3.8762 3.82229 3.30827 3.08603 5.71538
threshold=23.787000000000003 -0.766658819300159 -1.5264999999999997 26.143500000000007 9.7950000000000017 8.6115000000000013 18.537000000000003 -1.3214999999999997 19.801000000000005 -0.83149999999999979 12.025000000000002 0.66484924122790623 -3.0279999999999991 -3.9249999999999994
decision_type=2 2 2 2 2 2 2 2 2 2 2 2 2 2
left_child=1 10 3 -2 5 12 9 -8 -5 -6 -1 -11 13 -3
right_child=2 4 -4 8 6 -7 7 -9 -10 11 -12 -13 -14 -15
leaf_value=0.032185956213354981 -0.011674909988819274 -0.0043400235287945161 0.00028216337786763913 9.5426128286035811e-05 -0.0047497490616908167 -0.0089753291174860927 0.028053442563668037 0.0038414045879801326 -0.01456747927632307 0.014457499316966042 0.00026588896934272023 9.7430227250588919e-05 -0.00084192850785176914 0.0098068534699597872
leaf_weight=83 42 44 415 103 103 85 57 52 51 45 41 88 683 63
leaf_count=83 42 44 415 103 103 85 57 52 51 45 41 88 683 63
internal_value=-0.000230179 0.000967262 -0.00286416 -0.0102041 -0.000327869 -0.00234286 0.00478261 0.0151376 -0.00519481 0 0.0137097 0.0056391 -0.000886076 0.00700935
internal_weight=1955 1344 611 196 1220 875 345 109 154 236 124 133 790 107
internal_count=1955 1344 611 196 1220 875 345 109 154 236 124 133 790 107
is_linear=0
shrinkage=0.05


Tree=90
num_leaves=15
num_cat=0
split_feature=5 6 5 3 7 0 7 8 5 5 3 8 0 2
split_gain=3.01861 4.21547 2.45019 3.83672 10.4076 3.81092 3.20772 6.86208 6.55367 11.9684 5.00298 4.67564 4.67482 8.01464
threshold=19.801000000000005 13.934500000000002 15.783000000000003 20.633500000000002 754.36200000000008 30.414500000000004 825.99000000000012 -0.16549999999999998 9.7875000000000014 10.712500000000002 7.9240000000000004 -1.0714999999999997 23.787000000000003 -0.766658819300159
decision_type=2 2 2 2 2 2 2 2 2 2 2 2 2 2
left_child=2 -2 5 4 -4 6 12 8 10 -10 -8 -11 13 -1
right_child=1 -3 3 -5 -6 -7 7 -9 9 11 -12 -13 -14 -15
leaf_value=0.027865019599347354 -0.0042383701122749255 0.00037699483580715403 0.017578398699659343 -0.0018930662366390184 -0.010339872163712569 -0.016284845335397036 0.029642174185118664 -0.019394316916679491 -0.0079559244021129242 0.015345115550275151 0.0080384444937990299 -4.0067685143302391e-05 -0.0077026354664166798 -0.00050948915639446315
leaf_weight=76 61 56 66 73 50 57 48 57 40 56 64 66 192 993
leaf_count=76 61 56 66 73 50 57 48 57 40 56 64 66 192 993
internal_value=-0.000332481 -0.00811966 0.000163221 0.00555556 0.0112069 -0.000454821 0 0.00438066 0.00766423 0.00123457 0.0169643 0.00901639 -0.00114988 0.000140318
internal_weight=1955 117 1838 189 116 1649 1592 331 274 162 112 122 1261 1069
internal_count=1955 117 1838 189 116 1649 1592 331 274 162 112 122 1261 1069
is_linear=0
shrinkage=0.05


Tree=91
num_leaves=15
num_cat=0
split_feature=5 6 6 0 7 0 4 0 1 1 8 3 5 5
split_gain=2.35597 3.17546 2.07145 3.00918 6.30917 5.30969 4.3982 5.92121 5.52639 5.42095 6.87091 4.59535 3.07748 7.36562
threshold=19.606500000000004 13.985000000000001 -2.4579999999999997 9.3655000000000026 736.26750000000015 10.356500000000002 26.377500000000001 11.879000000000001 0.96683886033945965 0.93168921928840098 -2.0749999999999997 66.018000000000015 14.711000000000002 10.232500000000002
decision_type=2 2 2 2 2 2 2 2 2 2 2 2 2 2
left_child=2 -2 -1 4 -4 -5 7 -7 12 10 -8 -12 13 -9
right_child=1 -3 3 5 -6 6 9 8 -10 -11 11 -13 -14 -15
leaf_value=0.014495928583245899 -0.0030260810221205666 0.00035814509401679574 -0.00053317231817889832 0.031374974910333808 -0.011331045628216758 -0.026313754445152243 -0.016162298304674357 0.0005035834819817703 0.043907257833115082 0.021767628545233432 -0.00041088318737903532 0.034693036111986798 0.0042054258062700521 -0.0052757359594111817
leaf_weight=41 70 54 545 56 40 57 42 463 43 44 52 43 157 248
leaf_count=41 70 54 545 56 40 57 42 463 43 44 52 43 157 248
internal_value=-0.000588235 -0.00725806 -0.000136537 -0.000391061 -0.00333333 0.00103734 0.000304613 -0.00103306 -5.48847e-05 0.00745856 0.00255474 0.01 -0.000921659 -0.00232068
internal_weight=1955 124 1831 1790 585 1205 1149 968 911 181 137 95 868 711
internal_count=1955 124 1831 1790 585 1205 1149 968 911 181 137 95 868 711
is_linear=0
shrinkage=0.05


Tree=92
num_leaves=15
num_cat=0
split_feature=6 8 6 6 0 6 5 7 0 8 2 0 0 2
split_gain=2.22025 2.53668 2.01251 6.60299 4.57826 2.84652 5.98516 2.31456 6.26189 4.91631 3.95243 5.13135 5.79517 7.07813
threshold=-2.4579999999999997 -3.9249999999999994 13.474500000000001 13.934500000000002 27.688000000000006 14.577000000000002 17.302000000000003 785.78800000000012 28.469500000000004 -0.35499999999999993 -0.97606926651088199 18.674000000000003 23.787000000000003 -0.8069893509785715
decision_type=2 2 2 2 2 2 2 2 2 2 2 2 2 2
left_child=-1 -2 7 4 -4 6 -5 8 -3 10 -9 -12 -13 -14
right_child=1 2 3 5 -6 -7 -8 9 -10 -11 11 12 13 -15
leaf_value=0.013771132154083598 -0.0071448590222799591 -0.00012859165325232737 -0.013443107663362703 -0.00099853640342473238 -0.0029122958548220782 -0.01931513057612997 0.010941696005017355 -0.001259540787725453 -0.040635507073872493 -0.0059410212335805901 -0.0033263438928271684 0.026534947871743965 0.028968350058242359 -0.0028140270752248344
leaf_weight=41 43 1174 52 41 40 43 44 68 43 109 64 62 87 44
leaf_count=41 43 1174 52 41 40 43 44 68 43 109 64 62 87 44
internal_value=-0.000537084 -0.000783699 -0.00050775 -0.005 -0.0152174 0.00234375 0.00764706 9.0854e-05 -0.00102712 0.00322581 0.00630769 0.00914397 0.0132124 0.00725191
internal_weight=1955 1914 1871 220 92 128 85 1651 1217 434 325 257 193 131
internal_count=1955 1914 1871 220 92 128 85 1651 1217 434 325 257 193 131
is_linear=0
shrinkage=0.05


Tree=93
num_leaves=15
num_cat=0
split_feature=0 4 4 1 1 7 7 7 8 7 8 4 7 7
split_gain=2.27802 2.71492 7.3073 4.157 5.83813 2.46363 4.47929 4.75173 5.15996 6.99055 4.01098 3.78475 3.42184 4.5821
threshold=-11.177499999999998 8.9145000000000021 8.2445000000000022 0.48941038753127741 -0.1369060579234754 411.89000000000004 389.25850000000008 374.65800000000007 -1.3939999999999997 272.91800000000006 0.054000000000000006 15.742500000000001 825.99000000000012 880.4000000000002
decision_type=2 2 2 2 2 2 2 2 2 2 2 2 2 2
left_child=-1 2 3 4 -2 6 7 8 9 -3 11 -10 -7 -14
right_child=1 5 -4 -5 -6 12 -8 -9 10 -11 -12 -13 13 -15
leaf_value=-0.0045544638269486293 -0.0033783062786462478 -0.022381040381043896 -0.013795201704432825 -0.014179475688830798 0.017213087396324402 -0.00093554008606505168 0.0034913240459359175 -0.029900474004292354 0.0048320999139681966 0.0050693403759862858 0.00053332375405218402 0.026570929802610645 0.011332580867130237 -0.00095508862023052643
leaf_weight=40 82 79 48 40 51 828 59 40 59 70 131 70 175 183
leaf_count=40 82 79 48 40 51 828 59 40 59 70 131 70 175 183
internal_value=-0.000690537 -0.000443864 -0.00565611 -0.000867052 0.00338346 0.000236128 0.00314961 0.00144766 0.00305623 -0.00436242 0.00730769 0.0135659 -0.0010118 0.00307263
internal_weight=1955 1915 221 173 133 1694 508 449 409 149 260 129 1186 358
internal_count=1955 1915 221 173 133 1694 508 449 409 149 260 129 1186 358
is_linear=0
shrinkage=0.05


Tree=94
num_leaves=15
num_cat=0
split_feature=4 4 4 4 4 8 5 5 3 0 2 0 4 1
split_gain=2.27984 2.12739 4.00568 4.0324 5.23228 3.71187 4.38206 7.35644 3.69007 6.31654 8.70306 5.78934 3.34734 4.31254
threshold=36.02450000000001 33.142500000000005 30.909500000000005 29.209500000000002 27.945000000000004 -1.1744999999999999 16.515000000000004 11.148000000000001 0.22950000000000004 20.387000000000004 -0.75331262247159991 23.329000000000004 14.861000000000002 0.047250493887438572
decision_type=2 2 2 2 2 2 2 2 2 2 2 2 2 2
left_child=1 2 3 4 5 -1 7 8 -7 10 -10 -11 13 -13
right_child=-2 -3 -4 -5 -6 6 -8 -9 9 11 -12 12 -14 -15
leaf_value=-0.0012191714836317143 0.0063254825317072168 -0.020907189965029795 0.0093965319031441598 -0.021689876726966852 0.0082860028493524831 0.0089363092108484064 0.010784036109443007 -0.0043366479528543006 0.053963173234863507 -0.023763734511930968 0.0014643722204804154 0.0091277758942077958 -0.0049975019432619734 -0.0018477011598617395
leaf_weight=782 41 49 56 56 63 52 61 195 43 55 322 63 77 40
leaf_count=782 41 49 56 56 63 52 61 195 43 55 322 63 77 40
internal_value=-0.000690537 -0.000940439 -0.000670241 -0.00107794 -0.000656018 -0.00118343 0.000991189 5.90319e-05 0.00260736 0.0015 0.00561644 -0.00489362 -0.000555556 0.00533981
internal_weight=1955 1914 1865 1809 1753 1690 908 847 652 600 365 235 180 103
internal_count=1955 1914 1865 1809 1753 1690 908 847 652 600 365 235 180 103
is_linear=0
shrinkage=0.05


Tree=95
num_leaves=15
num_cat=0
split_feature=1 4 4 7 5 4 4 7 8 1 6 0 1 4
split_gain=2.64728 4.25584 4.15753 3.76785 4.38258 3.73923 6.08321 4.72222 3.57241 4.28604 4.09618 6.75201 4.05711 3.5466
threshold=0.11577009971046097 31.675000000000004 28.341000000000005 186.78150000000002 1.4965000000000004 30.909500000000005 28.462500000000002 622.80900000000008 -1.0714999999999997 -0.91585580712236359 10.065000000000003 25.429500000000004 -0.27159603410350847 12.431500000000002
decision_type=2 2 2 2 2 2 2 2 2 2 2 2 2 2
left_child=1 2 8 4 -2 6 13 -7 -1 -10 -11 -12 -13 -5
right_child=3 -3 -4 5 -6 7 -8 -9 9 10 11 12 -14 -15
leaf_value=-0.0020350754193472101 -0.001628618721127767 -0.0092977509706967301 0.011236773279245816 -0.0088062501655226545 0.027552665139339218 -0.0035167526152658172 -0.030420729485364967 0.027823596708965705 -0.010996097613915255 -0.0010449316873920207 0.016580540307234683 0.0084189258786330438 -0.0076924520710899948 0.0016472503573199627
leaf_weight=509 47 41 48 192 56 40 45 45 62 214 45 52 44 515
leaf_count=509 47 41 48 192 56 40 45 45 62 214 45 52 44 515
internal_value=-0.000741688 -0.00251232 -0.00184805 0.00117021 0.0101942 5.97372e-05 -0.00106383 0.01 -0.00259179 0.000839329 0.00295775 0.00957447 0.00208333 7.07214e-05
internal_weight=1955 1015 974 940 103 837 752 85 926 417 355 141 96 707
internal_count=1955 1015 974 940 103 837 752 85 926 417 355 141 96 707
is_linear=0
shrinkage=0.05


Tree=96
num_leaves=15
num_cat=0
split_feature=7 7 7 6 0 0 2 8 6 3 3 8 1 5
split_gain=2.13373 4.20023 3.51523 5.16167 2.33858 3.21035 3.0754 4.24954 8.66739 2.55385 4.43235 5.3024 3.66721 3.99391
threshold=915.94150000000002 894.16000000000008 864.45000000000016 12.100500000000002 28.166000000000004 27.365000000000006 -0.79148145378407531 -1.3034999999999999 13.864500000000001 1.0060000000000002 0.085500000000000007 -1.7104999999999999 -0.86958133671945925 9.0475000000000012
decision_type=2 2 2 2 2 2 2 2 2 2 2 2 2 2
left_child=1 2 4 -4 5 9 -6 8 -8 10 11 -1 13 -11
right_child=-2 -3 3 -5 6 -7 7 -9 -10 12 -12 -13 -14 -15
leaf_value=0.01342160996282098 0.0020161989438408413 -0.0048938058728878854 0.022471467757689614 -0.00045037873474560456 -0.017068493938103693 0.012845739145367975 -0.020337896758847271 0.0086844460120968584 0.0065994874397450332 0.0024277701894006055 0.0098090490284891921 -0.00077672793327934406 -0.00029143467593903681 -0.0086572841966276685
leaf_weight=47 56 84 67 73 87 41 42 40 51 42 42 84 1077 122
leaf_count=47 56 84 67 73 87 41 42 40 51 42 42 84 1077 122
internal_value=-0.000690537 -0.000974197 -0.00046832 0.00714286 -0.00110448 -0.000378007 -0.00590909 -0.00112782 -0.00698925 -0.000777935 0.00491329 0.000381679 -0.00157131 -0.00853659
internal_weight=1955 1899 1815 140 1675 1455 220 133 93 1414 173 131 1241 164
internal_count=1955 1899 1815 140 1675 1455 220 133 93 1414 173 131 1241 164
is_linear=0
shrinkage=0.05


Tree=97
num_leaves=15
num_cat=0
split_feature=4 4 4 8 2 3 5 5 6 1 6 4 3 0
split_gain=2.29987 2.10583 4.03836 3.06676 4.50057 2.72144 4.28885 10.0762 4.90138 6.22248 7.73904 5.5446 5 4.96369
threshold=36.02450000000001 33.142500000000005 30.909500000000005 -2.9569999999999994 0.34313907657789455 99.957500000000024 4.495000000000001 3.3880000000000003 9.541500000000001 -0.42109697129093543 8.3765000000000018 13.663500000000001 15.979000000000001 8.3135000000000012
decision_type=2 2 2 2 2 2 2 2 2 2 2 2 2 2
left_child=1 2 3 4 -1 6 7 -5 9 -8 11 12 -11 -13
right_child=-2 -3 -4 5 -6 -7 8 -9 -10 10 -12 13 -14 -15
leaf_value=-0.023140190366008485 0.0046326003034705245 -0.018964078708412081 0.0094101381917888888 -0.0006087105211198242 -0.00036161842388459379 0.0016677729062711923 -0.01247836639080821 0.024393129783059804 -1.5076595304885922e-05 0.00048244113461953233 -0.013626365293216942 -0.00050615952139700104 -0.04155635953648882 0.028212786293099847
leaf_weight=40 41 49 56 56 88 465 132 40 691 40 51 100 40 66
leaf_count=40 41 49 56 56 88 465 132 40 691 40 51 100 40 66
internal_value=-0.000741688 -0.000992685 -0.000723861 -0.00113322 -0.00859375 -0.00056514 -0.00180921 0.00833333 -0.00267857 -0.00687646 -0.00286195 0.000813008 -0.01 0.0060241
internal_weight=1955 1914 1865 1809 128 1681 1216 96 1120 429 297 246 80 166
internal_count=1955 1914 1865 1809 128 1681 1216 96 1120 429 297 246 80 166
is_linear=0
shrinkage=0.05


Tree=98
num_leaves=15
num_cat=0
split_feature=0 4 4 4 1 8 0 0 3 3 7 4 5 5
split_gain=2.39797 2.60695 2.46322 3.22698 2.62037 3.49523 4.79141 7.22265 4.80843 5.10717 4.31667 4.0401 3.51909 7.54124
threshold=-11.177499999999998 36.02450000000001 33.142500000000005 30.909500000000005 -0.99052327954040364 -1.1744999999999999 24.583500000000004 15.546000000000001 4.0205000000000011 99.976500000000001 602.28200000000004 13.418500000000002 16.433500000000002 10.922000000000002
decision_type=2 2 2 2 2 2 2 2 2 2 2 2 2 2
left_child=-1 2 3 4 -2 6 7 8 -6 -10 -9 -8 13 -7
right_child=1 -3 -4 -5 5 12 11 10 9 -11 -12 -13 -14 -15
leaf_value=-0.0047359251354079542 0.0061146530399989185 0.0089635255861847726 -0.018015874772991474 0.0096386590880181023 0.0026517453561007796 0.0023674539308009336 -0.021317045178597695 -0.0033784818690775435 -0.011392045358763675 -0.00015479462671179057 0.013251623263248325 -0.0044221027524648298 0.0096963734686734675 -0.0069596723513648097
leaf_weight=40 75 40 47 55 54 655 69 52 172 157 110 158 64 207
leaf_count=40 75 40 47 55 54 655 69 52 172 157 110 158 64 207
internal_value=-0.000383632 -0.000130548 -0.0004 -0.000109409 -0.000479413 -0.000883392 -0.00336788 -0.000825688 -0.00456919 -0.00683891 0.00802469 -0.00947137 0.0011879 0.000348028
internal_weight=1955 1915 1875 1828 1773 1698 772 545 383 329 162 227 926 862
internal_count=1955 1915 1875 1828 1773 1698 772 545 383 329 162 227 926 862
is_linear=0
shrinkage=0.05


Tree=99
num_leaves=15
num_cat=0
split_feature=0 0 8 0 2 2 6 0 5 6 6 4 7 5
split_gain=2.33761 2.38344 6.2186 5.46444 5.01329 5.27525 4.09943 6.01476 5.062 4.38104 6.78874 5.26144 3.85163 4.35397
threshold=-11.177499999999998 23.787000000000003 -1.5264999999999997 26.143500000000007 -0.766658819300159 -0.85470766365158146 9.7950000000000017 18.537000000000003 12.350500000000002 3.9385000000000008 3.1390000000000007 13.252000000000001 149.91250000000002 3.9205000000000005
decision_type=2 2 2 2 2 2 2 2 2 2 2 2 2 2
left_child=-1 4 3 -3 5 -2 9 -8 -9 10 12 -11 -6 -14
right_child=1 2 -4 -5 6 -7 7 8 -10 11 -12 -13 13 -15
leaf_value=-0.004499128878637554 0.0056749055445879278 -0.010128730779625894 0.00019847382081845111 -0.0047169536147798913 -0.008404649272371164 0.030362535947703106 4.3874871559983207e-06 0.031481282828265005 0.0049538553079689872 -0.014905884985536034 0.022148768301345351 -0.00060308481740455337 0.018767518148154767 -0.00083221444790893277
leaf_weight=40 78 42 415 154 53 46 234 47 62 117 42 409 52 164
leaf_count=40 78 42 415 154 53 46 234 47 62 117 42 409 52 164
internal_value=-0.000537084 -0.000287206 -0.00286416 -0.0102041 0.000920245 0.0104839 -8.47458e-05 0.00451895 0.0142202 -0.00197133 0.00273312 -0.00475285 -0.000185874 0.00277778
internal_weight=1955 1915 611 196 1304 124 1180 343 109 837 311 526 269 216
internal_count=1955 1915 611 196 1304 124 1180 343 109 837 311 526 269 216
is_linear=0
shrinkage=0.05


Tree=100
num_leaves=15
num_cat=0
split_feature=0 6 6 0 0 6 5 5 1 5 5 5 5 4
split_gain=1.87933 4.02241 4.39345 3.57041 2.48654 3.26731 4.09322 4.21551 3.80439 4.32063 3.82694 6.56484 4.36294 3.03874
threshold=34.238500000000009 14.135000000000002 13.474500000000001 27.688000000000006 30.294500000000003 12.518500000000001 13.084000000000001 9.4265000000000025 -0.91585580712236359 16.651000000000003 15.783000000000003 13.425000000000002 12.050500000000001 20.144500000000004
decision_type=2 2 2 2 2 2 2 2 2 2 2 2 2 2
left_child=1 2 4 -4 5 8 7 -7 9 -1 11 12 -10 -13
right_child=-2 -3 3 -5 -6 6 -8 -9 10 -11 -12 13 -14 -15
leaf_value=-0.0024281732237661281 -0.036246209049529819 0.0086904736742355222 -0.0085569012705189514 0.00047171798846072925 -0.011614084259917718 0.0076255224030420234 0.014478006958969251 -0.0021339503960816852 -6.579173403079564e-05 -0.012243953748556713 0.0023119259375621649 -0.016230883588945325 0.013307033428902227 -0.0012621444672053729
leaf_weight=73 41 77 70 43 60 42 73 95 1113 40 59 44 79 46
leaf_count=73 41 77 70 43 60 42 73 95 1113 40 59 44 79 46
internal_value=-0.000383632 -0.00015674 -0.000626021 -0.010177 0 0.000360577 0.00619048 0.00109489 -0.000481431 -0.00929204 0.000260999 -0.000312012 0.000671141 -0.0133333
internal_weight=1955 1914 1837 113 1724 1664 210 137 1454 113 1341 1282 1192 90
internal_count=1955 1914 1837 113 1724 1664 210 137 1454 113 1341 1282 1192 90
is_linear=0
shrinkage=0.05


Tree=101
num_leaves=15
num_cat=0
split_feature=7 7 3 4 0 8 0 6 6 3 3 0 0 4
split_gain=2.04392 3.48094 2.29916 5.10376 6.14408 6.00636 4.92273 6.1334 7.58869 4.66085 5.22169 4.76429 4.19628 3.88889
threshold=915.94150000000002 894.16000000000008 23.397000000000002 25.359000000000005 2.3515000000000006 -0.63049999999999995 6.9580000000000011 8.7165000000000017 12.025000000000002 51.978000000000009 62.255000000000003 24.227500000000003 26.858000000000004 14.518000000000002
decision_type=2 2 2 2 2 2 2 2 2 2 2 2 2 2
left_child=1 2 3 4 -1 -5 -6 -8 -9 11 -11 -4 13 -10
right_child=-2 -3 9 5 6 -7 7 8 12 10 -12 -13 -14 -15
leaf_value=-0.015642572381110276 0.001664127037403146 -0.0044330863329098856 -0.0022746035465039706 0.015132995700222153 0.012916437573370543 -0.0054794391814429726 -0.0074747852720400357 0.010167243428289766 0.021198563375146862 0.010152536234798748 -0.0004885889804090882 -0.018942320930655156 -0.010131374522880954 -0.00088988790269852944
leaf_weight=74 56 84 66 79 51 56 86 104 42 42 1021 43 103 48
leaf_count=74 56 84 66 79 51 56 86 104 42 42 1021 43 103 48
internal_value=-0.000485934 -0.00076356 -0.00030303 0.00209953 -0.00019685 0.0107407 0.00207373 0.000130548 0.00353535 -0.00162116 -0.000611477 -0.0114679 -0.00233161 0.00555556
internal_weight=1955 1899 1815 643 508 135 434 383 297 1172 1063 109 193 90
internal_count=1955 1899 1815 643 508 135 434 383 297 1172 1063 109 193 90
is_linear=0
shrinkage=0.05


Tree=102
num_leaves=15
num_cat=0
split_feature=7 7 0 6 1 2 5 3 3 4 1 4 3 6
split_gain=2.17936 3.2634 1.99036 2.6685 3.55244 3.27762 2.97456 2.90267 4.4859 2.41418 8.80283 5.61725 5.216 5.04167
threshold=915.94150000000002 894.16000000000008 33.38900000000001 14.135000000000002 -0.90880922144842613 -0.14772953607417119 17.302000000000003 88.395500000000013 1.7700000000000002 21.211500000000004 0.99351875964795655 23.998000000000001 99.976500000000001 7.8160000000000007
decision_type=2 2 2 2 2 2 2 2 2 2 2 2 2 2
left_child=1 2 3 4 5 -1 9 8 -7 -6 11 12 13 -11
right_child=-2 -3 -4 -5 6 7 -8 -9 -10 10 -12 -13 -14 -15
leaf_value=-0.010654513484092449 0.0015809206855329884 -0.0042114320162643937 -0.031540792245670968 0.0091055760540267091 0.00078918578219984924 0.0018742607509512387 0.0030650509881861355 0.015154958038320211 -0.0055515212667829146 -0.010639647315931811 0.016703009175387796 -0.00034987485537586759 0.00065608064527633569 -0.027721280616626195
leaf_weight=60 56 84 55 71 902 50 41 43 62 48 42 350 43 48
leaf_count=60 56 84 55 71 902 50 41 43 62 48 42 350 43 48
internal_value=-0.000792839 -0.00107952 -0.000633609 -0.000340909 -0.000740083 -0.00674419 0.000135685 -0.00290323 -0.00714286 -0.000244243 -0.00291902 -0.00480573 -0.0133094 -0.0197917
internal_weight=1955 1899 1815 1760 1689 215 1474 155 112 1433 531 489 139 96
internal_count=1955 1899 1815 1760 1689 215 1474 155 112 1433 531 489 139 96
is_linear=0
shrinkage=0.05


Tree=103
num_leaves=15
num_cat=0
split_feature=7 7 3 0 7 6 7 5 7 8 8 2 8 4
split_gain=1.91972 3.5229 2.48021 3.6999 2.19867 3.45779 2.06574 2.02616 2.02094 6.58557 2.3307 4.99453 3.75222 3.27996
threshold=917.60000000000014 894.16000000000008 0.88050000000000017 31.081500000000002 476.37700000000007 10.065000000000003 721.34450000000015 10.232500000000002 867.93200000000013 -0.75599999999999989 -2.3524999999999996 -0.14772953607417119 -2.1964999999999999 23.280500000000004
decision_type=2 2 2 2 2 2 2 2 2 2 2 2 2 2
left_child=1 2 3 4 -1 -6 -7 -3 10 -10 11 -4 -12 -13
right_child=-2 7 8 -5 5 6 -8 -9 9 -11 12 13 -14 -15
leaf_value=-0.0035393220094606494 0.0023382157539534321 -0.0012263278019678638 -0.010286440576986711 -0.019944792753733943 0.014471566636337514 0.006970916710505661 -0.0014298436275568206 -0.0060445143595365854 0.025556987785124149 -0.0010451436652315572 0.014326506343785793 -0.0086969750905476415 -0.00058958505207026835 0.0034686118497862933
leaf_weight=47 49 42 45 40 76 42 67 49 48 41 44 106 1173 86
leaf_count=47 49 42 45 40 76 42 67 49 48 41 44 106 1173 86
internal_value=-0.000588235 -0.000839454 -0.000358127 0.00404412 0.00646552 0.00891892 0.00321101 -0.0104396 -0.00113415 0.00617978 -0.00158184 -0.00611814 -0.000698439 -0.00260417
internal_weight=1955 1906 1815 272 232 185 109 91 1543 89 1454 237 1217 192
internal_count=1955 1906 1815 272 232 185 109 91 1543 89 1454 237 1217 192
is_linear=0
shrinkage=0.05


Tree=104
num_leaves=15
num_cat=0
split_feature=7 7 5 3 3 8 5 5 2 6 2 4 5 6
split_gain=2.20235 3.22783 1.79367 1.92656 3.8505 3.91534 3.80457 4.35789 2.06564 6.38052 7.01165 6.01034 5.52309 5.98832
threshold=915.94150000000002 894.16000000000008 0.76950000000000018 0.88050000000000017 0.14250000000000002 -1.9749999999999999 16.174000000000003 11.148000000000001 -0.030120304846908235 6.4940000000000007 -0.14772953607417119 12.784000000000001 3.3880000000000003 11.556500000000002
decision_type=2 2 2 2 2 2 2 2 2 2 2 2 2 2
left_child=1 2 -1 4 5 -4 7 -7 9 -5 -11 -10 -13 -14
right_child=-2 -3 3 8 -6 6 -8 -9 11 10 -12 12 13 -15
leaf_value=0.011416731335946241 0.0015149774192270149 -0.0039395440253527812 0.010357159633320913 0.026074036603554031 0.0088129210482449146 0.0024544465687510956 0.012316966675875372 -0.015245170006275855 -0.011873316445109462 -0.0013708203721676804 0.022673216889758555 -0.0036222903160785139 0.0014686006814342957 -0.0057658028462705905
leaf_weight=42 56 84 55 82 47 45 56 69 163 595 53 93 443 72
leaf_count=42 56 84 55 82 47 45 56 69 163 595 53 93 443 72
internal_value=-0.00084399 -0.00113217 -0.000688705 -0.000930626 0.00294118 0.000222222 -0.00352941 -0.00877193 -0.00163225 0.000273973 -0.00138889 -0.00343709 -0.00115132 0.000873786
internal_weight=1955 1899 1815 1773 272 225 170 114 1501 730 648 771 608 515
internal_count=1955 1899 1815 1773 272 225 170 114 1501 730 648 771 608 515
is_linear=0
shrinkage=0.05


Tree=105
num_leaves=15
num_cat=0
split_feature=4 4 1 5 4 1 4 1 4 7 2 4 7 5
split_gain=2.54074 7.15639 3.97968 5.6249 3.29962 4.77444 3.40433 3.09554 3.32692 3.13477 5.18685 4.46113 5.30992 7.58243
threshold=8.9145000000000021 8.2445000000000022 0.48941038753127741 8.0230000000000015 11.201000000000002 -0.28397372121269149 10.368500000000003 0.098678873477280007 12.541500000000001 236.33150000000003 0.66485539796428639 16.233000000000001 411.89000000000004 14.889000000000001
decision_type=2 2 2 2 2 2 2 2 2 2 2 2 2 2
left_child=1 2 3 -1 5 -2 -7 9 -9 10 -6 -11 -13 -14
right_child=4 -3 -4 -5 7 6 -8 8 -10 11 -12 12 13 -15
leaf_value=0.014895429238880188 0.016638251747087076 -0.013093882216474874 -0.011382775748734903 -0.0028414974223684845 0.00021624440494421757 -0.017881801437261542 0.0058999821845225993 -0.023525734867020105 0.0013043913152570809 0.0011292272141221527 -0.026819064391003775 0.0023130568877727966 -0.0085284088915835617 -0.0001851864521517588
leaf_weight=57 76 48 40 79 44 52 42 60 735 221 43 124 166 168
leaf_count=57 76 48 40 79 44 52 42 60 735 221 43 124 166 168
internal_value=-0.000792839 -0.00580357 -0.00113636 0.00294118 -0.000144425 0.00647059 -0.00106383 -0.00086483 0.00132075 -0.00313316 -0.012069 -0.00198822 -0.00480349 -0.00808383
internal_weight=1955 224 176 136 1731 170 94 1561 795 766 87 679 458 334
internal_count=1955 224 176 136 1731 170 94 1561 795 766 87 679 458 334
is_linear=0
shrinkage=0.05


Tree=106
num_leaves=15
num_cat=0
split_feature=0 6 6 3 4 4 0 4 6 6 3 4 8 0
split_gain=1.73692 3.41444 4.86926 2.8529 3.72574 3.79574 3.60897 3.50428 3.32804 6.92747 2.78345 5.22295 3.62219 3.14414
threshold=34.238500000000009 14.135000000000002 13.474500000000001 4.9375000000000009 5.9130000000000011 7.785000000000001 28.889500000000002 8.9145000000000021 7.6355000000000013 4.7615000000000007 5.5090000000000012 18.662500000000005 -3.2739999999999996 6.8490000000000011
decision_type=2 2 2 2 2 2 2 2 2 2 2 2 2 2
left_child=1 2 3 8 -5 -6 7 -7 9 -1 11 -9 -12 -14
right_child=-2 -3 -4 4 5 6 -8 10 -10 -11 12 -13 13 -15
leaf_value=0.0027693364273645065 -0.031927369963311227 0.0081445878238628928 -0.0030613080676028083 -0.010324226976260946 0.011964102226789793 -0.0093065880834278022 -0.010209467429092664 -0.01293776206471501 0.0051510296640845891 -0.0080553602963893394 -0.0039642901754939454 0.0035681527974375741 -0.00091657767301381386 0.0023033847797176224
leaf_weight=52 41 77 113 58 53 45 67 42 250 58 73 41 298 687
leaf_count=52 41 77 113 58 53 45 67 42 250 58 73 41 298 687
internal_value=-0.000792839 -0.000574713 -0.00100708 -0.000348028 -0.00139296 -0.000842266 -0.00139665 -0.000758853 0.00361111 -0.00363636 -0.000219106 -0.00903614 0.00047259 0.00126904
internal_weight=1955 1914 1837 1724 1364 1306 1253 1186 360 110 1141 83 1058 985
internal_count=1955 1914 1837 1724 1364 1306 1253 1186 360 110 1141 83 1058 985
is_linear=0
shrinkage=0.05


Tree=107
num_leaves=15
num_cat=0
split_feature=7 7 0 6 6 6 0 4 0 0 7 6 1 3
split_gain=2.13373 3.33514 1.83308 2.50832 3.3451 2.7729 3.45136 3.54575 3.77983 4.69399 9.0127 3.43387 3.07092 5.46717
threshold=915.94150000000002 894.16000000000008 34.238500000000009 14.135000000000002 13.456000000000001 9.895500000000002 28.347500000000004 13.303000000000003 23.787000000000003 18.037000000000003 764.65350000000012 11.303500000000001 0.11577009971046097 2.7795000000000005
decision_type=2 2 2 2 2 2 2 2 2 2 2 2 2 2
left_child=1 2 3 4 5 12 7 11 9 10 -9 -7 -1 -14
right_child=-2 -3 -4 -5 -6 6 -8 8 -10 -11 -12 -13 13 -15
leaf_value=-0.0017562387859032082 0.001165369032195801 -0.0031184943132715917 -0.030331001465145668 0.0077373584326697392 -0.0019088199981899092 0.0011100987718249244 -0.006252616446072801 0.0061351151266660561 -0.0040037983772777284 0.018695429387047692 -0.018968906716670033 0.013024338908137116 0.025619465129884323 -0.00027153189755994568
leaf_weight=515 56 84 41 75 99 42 95 115 78 63 49 86 58 499
leaf_count=515 56 84 41 75 99 42 95 115 78 63 49 86 58 499
internal_value=-0.000690537 -0.000974197 -0.000523416 -0.000281849 -0.000676869 -0.000125 0.00284091 0.00473441 0.00180328 0.00506608 0.000609756 0.0117188 -0.00158582 0.000987433
internal_weight=1955 1899 1815 1774 1699 1600 528 433 305 227 164 128 1072 557
internal_count=1955 1899 1815 1774 1699 1600 528 433 305 227 164 128 1072 557
is_linear=0
shrinkage=0.05


Tree=108
num_leaves=15
num_cat=0
split_feature=5 3 4 4 4 4 3 6 5 8 2 4 8 2
split_gain=1.95766 1.82127 4.08887 4.81335 4.83325 3.99799 4.91444 3.94348 7.2099 5.1532 5.25091 3.84657 2.44725 3.54537
threshold=20.175000000000004 4.972500000000001 5.9130000000000011 8.2445000000000022 9.0355000000000008 29.642000000000003 4.1945000000000006 13.738500000000002 14.889000000000001 -1.8924999999999998 -0.48754425631212789 13.56 1.006 0.057982974307775707
decision_type=2 2 2 2 2 2 2 2 2 2 2 2 2 2
left_child=1 5 -3 -4 -5 6 7 8 9 -1 11 -11 -6 -14
right_child=-2 2 3 4 12 -7 -8 -9 -10 10 -12 -13 13 -15
leaf_value=0.014874531252462042 -0.0025274576160050411 -0.0099560307162753162 0.010772164228386727 -0.008753446739961257 -2.5517746143952081e-05 0.014140488521963169 0.0035052055673580997 -0.012612906261310425 0.012929975578963923 -0.0024623298134009344 -0.011187961689579518 0.022151314739658243 0.00089965450219791081 -0.013321035743196064
leaf_weight=41 110 61 71 41 1114 40 40 50 60 42 98 58 40 89
leaf_count=41 110 61 71 41 1114 40 40 50 60 42 98 58 40 89
internal_value=-0.000792839 -0.000406504 -0.00127119 -0.000701107 -0.00140187 0.00244755 0.000899743 -0.00100287 0.00117057 -0.00271967 -0.00606061 0.002 -0.00084473 -0.00736434
internal_weight=1955 1845 1416 1355 1284 429 389 349 299 239 198 100 1243 129
internal_count=1955 1845 1416 1355 1284 429 389 349 299 239 198 100 1243 129
is_linear=0
shrinkage=0.05


Tree=109
num_leaves=15
num_cat=0
split_feature=5 5 7 4 2 4 5 8 3 1 3 6 8 5
split_gain=1.8692 5.27959 4.05 3.52385 3.48142 2.92524 6.31603 6.76441 5 4.43974 3.00986 4.44597 4.23147 3.26815
threshold=2.4055000000000004 3.3880000000000003 256.47100000000006 13.981500000000002 -0.030120304846908235 30.909500000000005 4.495000000000001 -3.5274999999999994 99.663000000000025 0.2174230999111143 99.967000000000013 12.156000000000001 -1.8794999999999997 7.0020000000000007
decision_type=2 2 2 2 2 2 2 2 2 2 2 2 2 2
left_child=3 2 -2 -1 -5 6 8 -8 -3 -7 -9 12 -12 -14
right_child=1 5 -4 4 -6 9 7 10 -10 -11 11 -13 13 -15
leaf_value=0.01807128398968684 -0.023785056550933187 0.01856312315947985 -0.00046992259184824029 0.021889024813495684 -0.0035313594817772071 -0.001884941825642679 -0.01219859490019122 -0.00093030952073486217 0.00074615136650385831 0.022187980560042321 -0.0048101825792407574 -0.008695514552394739 0.0010785980517873008 0.014993359020650812
leaf_weight=47 40 40 40 41 66 49 50 1165 40 78 65 42 76 116
leaf_count=47 40 40 40 41 66 49 50 1165 40 78 65 42 76 116
internal_value=-0.000741688 -0.00119378 -0.01375 0.00454545 -0.00046729 -0.00061011 -0.00119197 -0.00191546 0.0125 0.00669291 -0.00129781 0.00317726 0.00564202 0.009375
internal_weight=1955 1801 80 154 107 1721 1594 1514 80 127 1464 299 257 192
internal_count=1955 1801 80 154 107 1721 1594 1514 80 127 1464 299 257 192
is_linear=0
shrinkage=0.05


Tree=110
num_leaves=15
num_cat=0
split_feature=0 4 4 1 1 8 6 6 7 1 2 7 4 7
split_gain=2.2978 2.31395 5.99169 4.157 5.83813 2.24239 3.15455 5.74949 7.33336 4.40091 4.15908 3.71298 5.01967 4.86997
threshold=-11.177499999999998 8.9145000000000021 8.2445000000000022 0.48941038753127741 -0.1369060579234754 -3.9249999999999994 6.4940000000000007 7.6355000000000013 453.71000000000009 0.97269128516472203 -0.72802780115698473 143.32700000000003 25.359000000000005 409.54100000000005
decision_type=2 2 2 2 2 2 2 2 2 2 2 2 2 2
left_child=-1 2 3 4 -2 -3 10 8 -8 -9 -7 -12 13 -13
right_child=1 5 -4 -5 -6 6 7 9 -10 -11 11 12 -14 -15
leaf_value=-0.0044133180898637218 -0.001739383976836733 -0.001094491275210313 -0.011000293653417767 -0.010511594330527155 0.014427723136858257 0.031673762489859071 0.0007302018492527651 -0.00026840528919580553 -0.023505266535997799 0.015877741536709813 -0.0037126748106508971 0.0035056301122382005 0.0093870079223573599 -0.0030701147500140193
leaf_weight=40 82 48 48 40 51 47 67 933 63 103 96 155 57 125
leaf_count=40 82 48 48 40 51 47 67 933 63 103 96 155 57 125
internal_value=-0.000639386 -0.000391645 -0.00520362 -0.000867052 0.00338346 0.000236128 0.00054678 -0.000857633 -0.0107692 0.0003861 0.00395833 0.00242494 0.00489614 0.00214286
internal_weight=1955 1915 221 173 133 1694 1646 1166 130 1036 480 433 337 280
internal_count=1955 1915 221 173 133 1694 1646 1166 130 1036 480 433 337 280
is_linear=0
shrinkage=0.05


Tree=111
num_leaves=15
num_cat=0
split_feature=0 6 6 8 5 8 2 8 6 6 2 8 0 7
split_gain=2.25833 2.20391 6.00544 3.8569 5.99978 5.72163 3.48926 3.2444 3.16651 8.07424 2.62754 2.40836 2.13301 4.64841
threshold=-11.177499999999998 3.9385000000000008 3.1390000000000007 -2.3524999999999996 9.7015000000000011 -2.1569999999999996 0.92284787786233202 -1.9384999999999997 7.3420000000000014 11.613000000000001 0.97513228625088877 -0.53499999999999992 5.142500000000001 427.24750000000006
decision_type=2 2 2 2 2 2 2 2 2 2 2 2 2 2
left_child=-1 2 6 4 -3 -5 7 -2 -6 -10 -8 -9 13 -7
right_child=1 3 -4 5 8 12 10 11 9 -11 -12 -13 -14 -15
leaf_value=-0.0041926521853705339 0.0089176575262394902 -0.020924096082666994 0.018062880199694112 0.013476046475006043 -0.0044161677127780184 0.00014038697130038248 -0.0096985516462969948 -0.016092001913508781 0.013415009481450697 -0.0044474529320986727 0.00015721056084372077 0.00079478219551457692 -0.00013347260388569816 -0.0085412236271681374
leaf_weight=40 71 59 44 55 41 94 46 40 40 48 74 42 1188 73
leaf_count=40 71 59 44 55 41 94 46 40 40 48 74 42 1188 73
internal_value=-0.000741688 -0.000496084 0.0033123 -0.00125156 -0.00797872 -0.00035461 0.000549451 0.00555556 -0.00193798 0.00340909 -0.00583333 -0.00121951 -0.00099631 -0.00628743
internal_weight=1955 1915 317 1598 188 1410 273 153 129 88 120 82 1355 167
internal_count=1955 1915 317 1598 188 1410 273 153 129 88 120 82 1355 167
is_linear=0
shrinkage=0.05


Tree=112
num_leaves=15
num_cat=0
split_feature=5 5 0 3 3 6 0 8 8 5 1 3 3 0
split_gain=2.05148 2.50692 4.53005 8.93372 6.1428 3.07527 3.0656 2.49748 3.32652 3.78242 3.43521 4.36188 5.45969 5.27916
threshold=20.175000000000004 15.783000000000003 24.426500000000004 5.0065000000000008 2.5585000000000004 13.474500000000001 30.294500000000003 -2.3524999999999996 -2.1569999999999996 14.439000000000002 0.92913280730858816 82.982000000000014 9.7540000000000013 25.845500000000005
decision_type=2 2 2 2 2 2 2 2 2 2 2 2 2 2
left_child=1 5 3 -3 -4 6 7 -1 -9 10 11 12 13 -10
right_child=-2 2 4 -5 -6 -7 -8 8 9 -11 -12 -13 -14 -15
leaf_value=-0.0014672190367204672 -0.0022266258563086424 0.010534129914896854 -0.0051352845307637762 -0.0075817861079209795 0.0099951668244474545 -0.0062941093572210453 -0.011720873637323192 0.016509413256930016 -0.00044527383550650794 -0.004619663745906913 -0.0043369106087120367 0.0029709414794833137 -0.001876217911622402 0.021957659474555503
leaf_weight=224 110 52 40 45 59 65 53 40 206 49 161 543 241 67
leaf_count=224 110 52 40 45 59 65 53 40 206 49 161 543 241 67
internal_value=-0.000639386 -0.000243902 0.00510204 -0.00257732 0.0126263 -0.000879321 -0.000441919 -3.26584e-05 0.000803366 0.00035517 0.00090312 0.00193945 -0.00136187 0.00347985
internal_weight=1955 1845 196 97 99 1649 1584 1531 1307 1267 1218 1057 514 273
internal_count=1955 1845 196 97 99 1649 1584 1531 1307 1267 1218 1057 514 273
is_linear=0
shrinkage=0.05


Tree=113
num_leaves=15
num_cat=0
split_feature=2 2 5 7 7 0 6 3 5 3 0 6 6 0
split_gain=2.11148 4.00904 12.15 2.54984 7.00149 6.16304 7.96898 4.45331 3.73333 3.63029 4.73905 5.77264 3.4498 4.95975
threshold=-0.99791438307893243 -0.97218766834954651 6.5595000000000008 785.78800000000012 764.65350000000012 18.537000000000003 14.260000000000002 63.679500000000012 11.204000000000002 0.88050000000000017 28.110000000000003 12.025000000000002 13.934500000000002 20.669
decision_type=2 2 2 2 2 2 2 2 2 2 2 2 2 2
left_child=-1 2 -2 4 12 8 7 9 -5 -7 11 -11 13 -3
right_child=1 3 -4 5 -6 6 -8 -9 -10 10 -12 -13 -14 -15
leaf_value=0.0026625425166145176 0.028592529099172051 3.6228946726787893e-05 -0.0075941193986434011 -0.02311091457601093 -0.013276786324882373 0.01542644530598365 -0.020396497481316802 0.023627116900878837 0.00038677261233649451 0.023965375603822073 -0.011168154818049381 -0.00088791028924805064 0.009527694708988994 -0.0043886805586115683
leaf_weight=47 40 1000 80 40 55 71 42 70 56 44 41 62 50 257
leaf_count=47 40 1000 80 40 55 71 42 70 56 44 41 62 50 257
internal_value=-0.000895141 -0.00115304 -0.01 -0.000559284 -0.00161527 0.0028169 0.00606061 0.00902778 -0.00833333 0.00550459 0.00102041 0.00660377 -0.000879878 -0.0013922
internal_weight=1955 1908 120 1788 1362 426 330 288 96 218 147 106 1307 1257
internal_count=1955 1908 120 1788 1362 426 330 288 96 218 147 106 1307 1257
is_linear=0
shrinkage=0.05


Tree=114
num_leaves=15
num_cat=0
split_feature=7 7 8 7 8 2 3 8 8 8 4 8 4 3
split_gain=2.46075 4.17314 3.30577 6.47658 2.11368 7.59212 3.4663 2.64799 2.79461 2.60333 1.94954 1.87818 2.05458 2.69124
threshold=881.27900000000011 864.45000000000016 -0.95949999999999991 897.9815000000001 -2.3524999999999996 -0.34964745525122826 4.3260000000000014 -2.6794999999999995 -3.9249999999999994 -2.2294999999999994 23.280500000000004 1.9225000000000001 33.424500000000009 99.929500000000004
decision_type=2 2 2 2 2 2 2 2 2 2 2 2 2 2
left_child=1 4 -2 -4 5 -1 -7 8 -8 -6 -10 12 13 -11
right_child=2 -3 3 -5 9 6 7 -9 10 11 -12 -13 -14 -15
leaf_value=-0.024207718735546602 0.001640862000786092 0.0064275570434782275 -0.010609747077146915 -0.00035583407478597122 0.014030279205668059 0.0085158547750872511 -0.0018430044827116077 -0.0059405655610398267 -0.0041238098226394409 -0.00059555490294088968 0.0040376840923889963 -0.0065663772328683097 0.020763235331440335 0.0014579700152458673
leaf_weight=40 88 77 49 66 40 46 42 48 59 842 44 61 41 412
leaf_count=40 88 77 49 66 40 46 42 48 59 842 44 61 41 412
internal_value=-0.000946292 -0.000342466 -0.00615764 -0.0117391 -0.000865672 -0.00483871 -0.00146444 -0.00440415 -0.00103448 -7.16332e-05 0.00339806 -0.000442478 -3.861e-05 -0.000398724
internal_weight=1955 1752 203 115 1675 279 239 193 145 1396 103 1356 1295 1254
internal_count=1955 1752 203 115 1675 279 239 193 145 1396 103 1356 1295 1254
is_linear=0
shrinkage=0.05


Tree=115
num_leaves=15
num_cat=0
split_feature=7 7 8 7 1 0 0 7 7 0 0 2 8 0
split_gain=2.55831 4.08985 3.30577 6.47658 1.64489 6.05 2.63666 2.81943 6.90851 6.66551 6.61367 6.26977 4.34935 2.88103
threshold=881.27900000000011 864.45000000000016 -0.95949999999999991 897.9815000000001 -0.99052327954040364 23.995000000000001 28.166000000000004 707.92450000000019 741.27400000000011 17.290500000000005 20.669 -0.766658819300159 -0.68899999999999983 24.303500000000003
decision_type=2 2 2 2 2 2 2 2 2 2 2 2 2 2
left_child=1 4 -2 -4 5 -1 7 10 -9 -10 11 -6 13 -11
right_child=2 -3 3 -5 6 -7 -8 8 9 12 -12 -13 -14 -15
leaf_value=-0.0016949849114112404 0.001558818900746789 0.0061061791913043176 -0.010079259723289569 -0.0003380423710466707 0.047925221603497881 0.013968864352115314 -0.0077944098729360312 0.015263328318756387 -0.012661281374679347 0.021563161498237091 -0.0082178260586966752 -0.00019499147612429547 -0.00046020162898118282 0.00047510433924037869
leaf_weight=40 88 77 49 66 42 40 202 41 75 52 163 919 53 48
leaf_count=40 88 77 49 66 42 40 202 41 75 52 163 919 53 48
internal_value=-0.00084399 -0.000228311 -0.00615764 -0.0117391 -0.000746269 0.00625 -0.00109718 -0.000323044 0.00427509 0.000877193 -0.00142349 0.000156087 0.00686275 0.013
internal_weight=1955 1752 203 115 1675 80 1595 1393 269 228 1124 961 153 100
internal_count=1955 1752 203 115 1675 80 1595 1393 269 228 1124 961 153 100
is_linear=0
shrinkage=0.05


Tree=116
num_leaves=15
num_cat=0
split_feature=2 2 5 7 7 0 6 8 5 5 1 0 0 6
split_gain=2.0909 4.05668 12.15 2.46606 7.06044 6.16304 5.20075 4.15432 3.73333 3.66503 3.71241 2.56001 2.34202 5.46579
threshold=-0.99791438307893243 -0.97218766834954651 6.5595000000000008 785.78800000000012 764.65350000000012 18.537000000000003 12.025000000000002 -0.73299999999999987 11.204000000000002 12.259000000000002 0.39702209115386683 28.110000000000003 20.669 13.077500000000002
decision_type=2 2 2 2 2 2 2 2 2 2 2 2 2 2
left_child=-1 2 -2 4 12 8 7 -7 -5 10 -8 -11 -3 -14
right_child=1 3 -4 5 -6 6 9 -9 -10 11 -12 -13 13 -15
leaf_value=0.0019027285790446644 0.026913866586949661 7.0474753818366984e-05 -0.0072770585401037424 -0.022559551034631111 -0.012606924480453231 0.033785638787004038 0.022446409476707105 0.006029311375529936 0.00030478887032716619 0.0054605658679236172 -0.0017570286393297609 -0.01677429507814383 -0.0062820244772781421 0.0046209534929167575
leaf_weight=47 40 1009 80 40 55 74 40 56 56 48 43 69 206 92
leaf_count=47 40 1009 80 40 55 74 40 56 56 48 43 69 206 92
internal_value=-0.00084399 -0.00110063 -0.01 -0.000503356 -0.00154185 0.0028169 0.00606061 0.0138462 -0.00833333 0.001 0.00903614 -0.00470085 -0.000803366 -0.00469799
internal_weight=1955 1908 120 1788 1362 426 330 130 96 200 83 117 1307 298
internal_count=1955 1908 120 1788 1362 426 330 130 96 200 83 117 1307 298
is_linear=0
shrinkage=0.05


Tree=117
num_leaves=15
num_cat=0
split_feature=1 7 6 6 3 4 4 6 3 5 0 2 1 1
split_gain=2.21346 4.26866 3.72308 3.16619 5.94801 4.65307 4.33099 4.23143 3.68027 5.63851 3.85154 7.0903 3.69327 7.1831
threshold=-0.085847649446570765 877.34250000000009 12.992500000000001 9.6025000000000009 1.7700000000000002 25.171500000000005 30.909500000000005 9.0395000000000021 0.28950000000000004 12.556000000000003 22.416000000000004 -0.74189640036816351 0.5043284533698108 0.3491821996099142
decision_type=2 2 2 2 2 2 2 2 2 2 2 2 2 2
left_child=1 -1 3 7 -5 -6 -7 8 -2 10 11 -10 13 -13
right_child=2 -3 -4 4 5 6 -8 -9 9 -11 -12 12 -14 -15
leaf_value=-0.00039771106243674249 0.013886574568180682 -0.0046019995462059041 -0.0026304439273655 -0.013071857694634013 0.012136702788308376 -0.0072810591506271873 0.0200154195717702 -0.012043456749461738 0.046456730624349955 -0.02060270465605608 -0.015526373733144578 5.5301103576527182e-05 -0.000843795766726475 0.017153865390887226
leaf_weight=846 52 41 90 42 200 47 45 41 40 41 48 102 280 40
leaf_count=846 52 41 90 42 200 47 45 41 40 41 48 102 280 40
internal_value=-0.000690537 -0.00253664 0.000842697 0.00173824 0.00568862 0.00821918 -0.00108696 -0.000310559 0.000746269 -0.000453721 0.000980392 0.00238095 0.000473934 0.00704225
internal_weight=1955 887 1068 978 334 292 92 644 603 551 510 462 422 142
internal_count=1955 887 1068 978 334 292 92 644 603 551 510 462 422 142
is_linear=0
shrinkage=0.05


Tree=118
num_leaves=15
num_cat=0
split_feature=0 7 7 2 4 1 1 2 0 5 7 5 7 3
split_gain=2.27802 1.95899 4.04714 3.76342 3.67063 4.39632 5.23743 3.76744 3.54008 11.7914 6.36123 4.33649 2.4311 6.31313
threshold=-11.177499999999998 411.89000000000004 389.25850000000008 -0.99791438307893243 26.601500000000005 0.36523833096101394 0.69794415476634375 -0.030120304846908235 3.294 7.5630000000000015 215.37750000000003 7.3175000000000008 496.01350000000008 99.208500000000015
decision_type=2 2 2 2 2 2 2 2 2 2 2 2 2 2
left_child=-1 2 4 -3 5 8 -7 -8 11 10 -10 -2 13 -5
right_child=1 3 -4 12 -6 6 7 -9 9 -11 -12 -13 -14 -15
leaf_value=-0.0050853970886989121 0.002926862043272649 0.0014201655996179008 0.0047467221145509556 -2.3441900258819316e-05 -0.0013593374107597419 0.027659556524294773 0.020977552271646861 -0.003328573602427329 -0.0034306298204820861 0.0077897959860654736 -0.063178097658101853 -0.0065670706238834427 -0.00026833447916961296 -0.018904387130940378
leaf_weight=40 60 41 66 132 96 51 43 43 66 73 42 41 1095 66
leaf_count=40 60 41 66 132 96 51 43 43 66 73 42 41 1095 66
internal_value=-0.000690537 -0.000443864 0.00197935 -0.00149925 0.000485437 0.00250597 0.00985401 0.00232558 -0.00106383 -0.00524862 -0.0157407 0.00643564 -0.00197216 -0.00707071
internal_weight=1955 1915 581 1334 515 419 137 86 282 181 108 101 1293 198
internal_count=1955 1915 581 1334 515 419 137 86 282 181 108 101 1293 198
is_linear=0
shrinkage=0.05


Tree=119
num_leaves=15
num_cat=0
split_feature=0 3 3 8 1 5 8 7 1 5 5 1 6 1
split_gain=2.33761 1.89803 5.60908 5.53482 5.49678 7.70546 6.74074 4.90215 4.18212 4.17879 5.00022 4.81333 3.73236 2.76833
threshold=-11.177499999999998 82.982000000000014 74.424000000000021 -2.3724999999999996 0.97505550290239451 11.661000000000003 -0.84849999999999992 397.47250000000003 0.97269128516472203 7.0580000000000007 8.1850000000000023 0.36523833096101394 12.196500000000002 -0.9946616089973247
decision_type=2 2 2 2 2 2 2 2 2 2 2 2 2 2
left_child=-1 2 8 7 5 9 12 -3 13 -5 -11 -12 -7 -2
right_child=1 3 -4 4 -6 6 -8 -9 -10 10 11 -13 -14 -15
leaf_value=-0.0048311272342639686 -0.00092480977057077815 -1.7901272002240898e-06 -0.0098268338993990744 0.0016587329009015691 -0.026469994370618234 -0.0062804683005725677 -0.017142976980301917 -0.018533661466782838 0.014541307546525627 0.01773610551675282 -0.00049306689941107102 0.017624343612254425 0.0064522722333457908 -0.00024201384758200384
leaf_weight=40 42 76 55 351 64 44 46 53 67 57 75 60 51 874
leaf_count=40 42 76 55 351 64 44 46 53 67 57 75 60 51 874
internal_value=-0.000537084 -0.000287206 -0.0017341 0.00142531 0.00307487 0.00438596 -0.00602837 -0.00813953 -0.0008647 0.00709024 0.0130208 0.00777778 0.00157895 -0.00174672
internal_weight=1955 1915 1038 877 748 684 141 129 983 543 192 135 95 916
internal_count=1955 1915 1038 877 748 684 141 129 983 543 192 135 95 916
is_linear=0
shrinkage=0.05


Tree=120
num_leaves=15
num_cat=0
split_feature=5 5 2 2 7 6 6 2 0 0 3 5 4 4
split_gain=2.63625 3.65472 3.81347 3.2961 2.78519 2.69738 4.01521 6.88194 3.61669 3.58537 3.89219 2.35548 3.4296 6.46804
threshold=2.4055000000000004 2.9565000000000006 -0.99791438307893243 -0.030120304846908235 165.40200000000002 0.68450000000000011 5.283500000000001 0.56424300735932609 -4.8064999999999989 9.4240000000000013 9.3500000000000014 4.1495000000000006 30.909500000000005 28.696000000000002
decision_type=2 2 2 2 2 2 2 2 2 2 2 2 2 2
left_child=3 -2 -3 -1 -5 -4 7 -7 -9 10 -10 -8 13 -13
right_child=1 2 5 4 -6 6 11 8 9 -11 -12 12 -14 -15
leaf_value=0.019946935048029298 -0.021980261841118016 0.0090780925782682452 -0.0024791127637302512 -0.0036402428119360966 0.009016249529450987 0.02872646094171466 0.0071118391407938132 -0.012178085561498787 0.019317750784550877 -0.010924332443424452 9.7422468308738797e-05 -0.00053105076167082605 0.0089103725820513131 -0.024355194662145249
leaf_weight=60 48 42 91 54 40 55 49 40 44 41 79 1155 104 53
leaf_count=60 48 42 91 54 40 55 49 40 44 41 79 1155 104 53
internal_value=-0.000434783 -0.000971682 -0.000598973 0.00584416 0 -0.000964348 -0.000493827 0.00521236 0.000980392 0.00426829 0.00853659 -0.00157972 -0.00198171 -0.00273179
internal_weight=1955 1801 1753 154 94 1711 1620 259 204 164 123 1361 1312 1208
internal_count=1955 1801 1753 154 94 1711 1620 259 204 164 123 1361 1312 1208
is_linear=0
shrinkage=0.05


Tree=121
num_leaves=15
num_cat=0
split_feature=3 3 3 1 2 1 5 5 7 3 3 4 5 6
split_gain=2.9065 5.89042 5.84083 3.63484 6.30595 4.54559 2.93504 5.96898 5.38053 4.01288 3.57846 3.11913 2.77431 2.76228
threshold=51.978000000000009 39.951500000000003 61.166000000000004 -0.86958133671945925 -0.14772953607417119 -0.78297285307474485 10.712500000000002 8.0230000000000015 468.29400000000004 13.033500000000002 11.886000000000001 26.844500000000004 13.539500000000002 7.4530000000000003
decision_type=2 2 2 2 2 2 2 2 2 2 2 2 2 2
left_child=1 6 -2 4 -4 -5 7 8 -1 -9 11 13 -7 -8
right_child=2 -3 3 5 -6 12 10 9 -10 -11 -12 -13 -14 -15
leaf_value=-0.01518720685578997 0.01717263524193597 -0.017391993894836123 -0.021185649663370339 0.010774999828000238 0.0006991939567657688 0.00056163500552984383 -0.013256498238972882 -0.0010455194966514411 0.0098682885856761146 -0.0083415001853521919 0.011019580622790612 0.0076542904870214373 -0.0068558796649754511 -0.00021626452474848845
leaf_weight=49 40 44 44 43 70 801 45 154 100 43 72 68 81 301
leaf_count=49 40 44 44 43 70 801 45 154 100 43 72 68 81 301
internal_value=-0.000485934 -0.00262557 0.00125116 0.000529355 -0.00789474 0.00156757 -0.00168269 -0.00520231 0.00234899 -0.0109137 0.000823045 -0.000966184 0.000793651 -0.00289017
internal_weight=1955 876 1079 1039 114 925 832 346 149 197 486 414 882 346
internal_count=1955 876 1079 1039 114 925 832 346 149 197 486 414 882 346
is_linear=0
shrinkage=0.05


Tree=122
num_leaves=15
num_cat=0
split_feature=3 1 6 5 6 1 8 8 5 0 8 2 4 6
split_gain=3.39029 4.68221 3.91663 5.26992 4.69709 4.09704 3.79885 5.26927 3.94619 3.70203 4.15323 10.4481 5.57103 4.49736
threshold=88.395500000000013 0.97269128516472203 3.9385000000000008 11.605500000000001 2.2685000000000004 -0.9946616089973247 -1.8154999999999999 -0.25149999999999995 16.433500000000002 17.537500000000005 -1.5834999999999997 -0.72802780115698473 14.691500000000001 10.193000000000001
decision_type=2 2 2 2 2 2 2 2 2 2 2 2 2 2
left_child=1 2 4 9 -1 -5 8 -8 -7 -4 -11 12 -12 -14
right_child=-2 -3 3 5 -6 6 7 -9 -10 10 11 -13 13 -15
leaf_value=-0.00088157100707711715 0.00053449370950253987 0.013624803619642224 -0.012890993548964003 -0.00096793464272224581 0.014028062299230468 0.024154759681448031 -0.0018706626559221063 0.0051686603986123908 0.00033231502528469629 -0.0068206552477599386 0.00066182574811887165 0.023583058783940125 -9.7965966823515549e-05 -0.011928458136140187
leaf_weight=95 839 79 157 43 44 49 213 59 78 50 95 48 42 64
leaf_count=95 839 79 157 43 44 49 213 59 78 50 95 48 42 64
internal_value=-0.000434783 -0.00224014 -0.00313404 -0.00434298 0.00467626 -0.000452489 0.00112782 -0.00220588 0.00826772 -0.00811404 -0.0048495 -0.00220884 -0.00721393 -0.0150943
internal_weight=1955 1116 1037 898 139 442 399 272 127 456 299 249 201 106
internal_count=1955 1116 1037 898 139 442 399 272 127 456 299 249 201 106
is_linear=0
shrinkage=0.05


Tree=123
num_leaves=15
num_cat=0
split_feature=0 8 8 8 0 8 0 3 0 0 5 8 1 4
split_gain=2.90589 5.67631 7.23765 5.83915 4.09284 3.4654 9.71008 6.21701 5.49435 8.19468 6.95909 7.95568 5.52752 7.56073
threshold=23.787000000000003 -1.5264999999999997 -1.9574999999999998 -2.4014999999999995 29.114000000000001 0.027000000000000003 13.099000000000002 96.104500000000016 9.3655000000000026 7.5740000000000007 6.3000000000000007 -2.6794999999999995 0.92263100495486405 22.279500000000002
decision_type=2 2 2 2 2 2 2 2 2 2 2 2 2 2
left_child=5 2 3 -2 -4 8 -7 -8 9 10 -1 -12 -10 -14
right_child=1 -3 4 -5 -6 6 7 -9 12 -11 11 -13 13 -15
leaf_value=0.0042068751579524589 -0.0059398409093188165 7.6317983750262561e-05 -0.01200345596170448 0.0060006377887968591 -0.0075642002680004379 0.00041536303667624318 -0.023885328113607621 -0.0068490938501712673 0.0013650034278787943 -0.013166946495887608 0.0089288148059215363 -0.010061149281345478 0.001468946886906743 0.024160172914559332
leaf_weight=142 45 415 50 57 44 244 46 41 463 73 47 170 62 56
leaf_count=142 45 415 50 57 44 244 46 41 463 73 47 170 62 56
internal_value=-0.000332481 -0.00319149 -0.0102041 -0.000980392 -0.0202128 0.000967262 -0.00347432 -0.0178161 0.00241856 -0.00185185 0.00125348 -0.00437788 0.0055938 0.0152542
internal_weight=1955 611 196 102 94 1344 331 87 1013 432 359 217 581 118
internal_count=1955 611 196 102 94 1344 331 87 1013 432 359 217 581 118
is_linear=0
shrinkage=0.05


Tree=124
num_leaves=15
num_cat=0
split_feature=6 8 3 1 5 2 0 7 4 3 8 7 8 3
split_gain=2.10346 2.67086 2.09985 4.27605 4.58905 7.74731 6.00889 4.33353 3.9807 3.82235 3.30882 4.6848 4.14696 3.3007
threshold=-2.4579999999999997 -3.9249999999999994 88.395500000000013 0.97269128516472203 11.999000000000001 0.46105717635705401 5.4335000000000013 612.17050000000006 26.952000000000002 35.354500000000009 -2.3524999999999996 414.33100000000007 0.14500000000000002 33.648000000000003
decision_type=2 2 2 2 2 2 2 2 2 2 2 2 2 2
left_child=-1 -2 3 4 8 7 -7 -6 13 -9 11 -4 -12 -3
right_child=1 2 10 -5 5 6 -8 9 -10 -11 12 -13 -14 -15
leaf_value=0.011557791194085086 -0.0031907450709013022 -0.00019486202520976328 0.0020061172424192366 0.013149599600704387 -0.0064733078363766461 -0.0009801461477488727 0.025090371762482685 -0.00063124493501218746 -0.020543356321929 0.0042996125047669977 0.0022854407915260631 -0.017846694202922505 -0.0034421825517043426 -0.0036542158081409983
leaf_weight=41 43 324 49 77 40 40 50 262 64 44 520 40 179 182
leaf_count=41 43 324 49 77 40 40 50 262 64 44 520 40 179 182
internal_value=-0.000230179 -0.000470219 -0.000187066 -0.00161588 -0.00248509 0.00137615 0.0144444 -0.00202312 -0.0054386 0 0.00177665 -0.00730337 0.00293276 -0.00395257
internal_weight=1955 1914 1871 1083 1006 436 90 346 570 306 788 89 699 506
internal_count=1955 1914 1871 1083 1006 436 90 346 570 306 788 89 699 506
is_linear=0
shrinkage=0.05


Tree=125
num_leaves=15
num_cat=0
split_feature=4 4 1 8 1 8 1 2 2 2 6 4 2 1
split_gain=2.54396 4.24463 3.73266 7.85232 8.36233 4.54111 5.20264 3.57143 2.94341 4.09766 3.31888 2.87181 2.79869 7.89603
threshold=12.784000000000001 12.097500000000002 0.5043284533698108 -1.7624999999999997 0.25084665036108239 -1.5029999999999999 -0.22132528438243276 -0.48754425631212789 0.99055824379501012 0.97117852567439111 1.1700000000000002 8.3680000000000003 -0.8069893509785715 -0.43222422251210757
decision_type=2 2 2 2 2 2 2 2 2 2 2 2 2 2
left_child=1 2 3 -1 5 -5 7 -7 9 10 -2 -4 13 -12
right_child=8 -3 11 4 -6 6 -8 -9 -10 -11 12 -13 -14 -15
leaf_value=0.011692881433308126 -0.00213649739200322 -0.025542232874696494 -0.01746516964868159 -0.016982647145032916 0.014555537164739427 0.010033258059140824 -0.0084599769940076064 -0.001017236759458473 -0.023147389277777621 0.0076051154779890554 -0.023558370576304055 -0.0004394030124695858 0.00070915255318306229 9.2391010851899935e-06
leaf_weight=66 76 56 40 42 50 56 74 56 51 47 41 82 989 229
leaf_count=66 76 56 40 42 50 56 74 56 51 47 41 82 989 229
internal_value=-7.67263e-05 -0.00306513 -0.00150215 0.00116279 -0.00251799 -0.00657895 -0.00322581 0.00357143 0.00101186 0.00144718 0.00093633 -0.00901639 0.00154885 -0.00296296
internal_weight=1955 522 466 344 278 228 186 112 1433 1382 1335 122 1259 270
internal_count=1955 522 466 344 278 228 186 112 1433 1382 1335 122 1259 270
is_linear=0
shrinkage=0.05


Tree=126
num_leaves=15
num_cat=0
split_feature=2 4 5 2 4 4 8 2 5 8 2 7 7 6
split_gain=1.68197 1.96317 4.87979 9.0384 6.93313 4.85964 4.5547 3.35612 2.14127 2.31953 2.78934 6.04262 4.75756 3.63947
threshold=-0.99791438307893243 12.784000000000001 8.0230000000000015 -0.78621243120361772 11.361500000000001 9.9290000000000003 -0.63049999999999995 -0.98597924778888291 1.1060000000000003 1.006 0.19429706169951341 619.15050000000008 568.56950000000018 5.7205000000000004
decision_type=2 2 2 2 2 2 2 2 2 2 2 2 2 2
left_child=-1 2 3 -2 5 -4 -5 -3 -9 10 13 12 -12 -10
right_child=1 7 4 6 -6 -7 -8 8 9 -11 11 -13 -14 -15
leaf_value=0.0014281822148905715 0.019309421119078341 -0.0085621655736497822 -0.0057837205135596124 -0.012589085200868025 -0.021198614045235046 0.0072418169715469556 0.012993255742313648 -0.0087718116460502819 0.010163742415882854 -0.0015721045204127094 0.001449189097392012 0.011351235372963819 -0.0063699876577366366 -8.0667025107206142e-05
leaf_weight=47 69 43 183 72 68 68 45 40 40 132 401 55 47 645
leaf_count=47 69 43 183 72 68 68 45 40 40 132 401 55 47 645
internal_value=0.000230179 0 -0.00267327 0.00376344 -0.00642633 -0.00258964 -0.00470085 0.000962224 0.00139706 0.00174242 0.00244108 0.00526839 0.00334821 0.000364964
internal_weight=1955 1908 505 186 319 251 117 1403 1360 1320 1188 503 448 685
internal_count=1955 1908 505 186 319 251 117 1403 1360 1320 1188 503 448 685
is_linear=0
shrinkage=0.05


Tree=127
num_leaves=15
num_cat=0
split_feature=6 6 4 4 4 5 8 5 6 1 8 6 0 3
split_gain=1.95264 2.11878 5.13173 2.53465 3.68758 3.08862 2.35099 4.88543 7.41933 4.06349 3.93698 3.15236 3.73118 3.14624
threshold=-2.4579999999999997 0.68450000000000011 15.883500000000002 8.9145000000000021 8.2445000000000022 9.7015000000000011 -2.3524999999999996 12.050500000000001 11.383000000000001 0.86674087925701782 -2.1569999999999996 3.9385000000000008 -1.107 79.606500000000025
decision_type=2 2 2 2 2 2 2 2 2 2 2 2 2 2
left_child=-1 2 -2 4 5 -3 7 9 -9 -5 -8 12 -12 -13
right_child=1 3 -4 6 -6 -7 10 8 -10 -11 11 13 -14 -15
leaf_value=0.010527186405611779 0.002805034587562147 0.0030781151212897263 -0.011525369958084779 -0.01698125610241475 -0.0069774904686710831 -0.0077677705461953409 0.010783673604315628 0.0079066705813078276 -0.0021244508984151092 0.0014908144011621671 -0.00054071101284229877 -0.00040474683310811612 0.010989124673834458 0.0011175787914796621
leaf_weight=41 41 77 55 84 46 79 59 61 44 42 41 665 85 535
leaf_count=41 41 77 55 84 46 79 59 61 44 42 41 665 85 535
internal_value=0.000179028 -5.22466e-05 -0.00729167 0.000330033 -0.0049505 -0.00128205 0.000990099 -0.00367965 0.00428571 -0.0103175 0.00176895 0.00120664 0.00873016 0.000416667
internal_weight=1955 1914 96 1818 202 156 1616 231 105 126 1385 1326 126 1200
internal_count=1955 1914 96 1818 202 156 1616 231 105 126 1385 1326 126 1200
is_linear=0
shrinkage=0.05


Tree=128
num_leaves=15
num_cat=0
split_feature=8 4 1 3 3 8 6 4 3 7 1 6 5 4
split_gain=2.24966 3.49389 3.47184 4.5076 10.2357 6.19457 6.03077 3.36517 4.24901 5.42541 4.20684 5.40955 3.88128 3.3704
threshold=1.7825000000000002 25.359000000000005 0.97269128516472203 24.083000000000002 96.104500000000016 -2.0149999999999992 10.602000000000002 21.085000000000004 44.962500000000013 518.82150000000013 0.94697898371965716 10.323000000000002 1.5680000000000003 19.590000000000003
decision_type=2 2 2 2 2 2 2 2 2 2 2 2 2 2
left_child=1 7 3 6 -5 -6 -3 10 -9 -10 12 -12 -1 -14
right_child=-2 2 -4 4 5 -7 -8 8 9 -11 11 -13 13 -15
leaf_value=0.011225995409822465 -0.0030937114043430055 0.016515288232057723 0.0047922463190365645 -0.013814060565920728 -0.012836751586143126 0.017827532456410118 -0.00038821034305815962 6.2866253639504152e-05 -0.0019111433024587511 -0.013580922195838122 -0.021065326547609467 0.010697810548954689 -6.5514055026721921e-06 0.0091593954094335572
leaf_weight=63 70 65 54 61 49 68 65 125 94 51 51 43 1006 90
leaf_count=63 70 65 54 61 49 68 65 125 94 51 51 43 1006 90
internal_value=0.000230179 0.000557029 0.00497238 0.00292208 -0.00224719 0.00641026 0.01 -0.000492449 -0.00555556 -0.0113793 0.000598563 -0.00957447 0.00142364 0.000729927
internal_weight=1955 1885 362 308 178 117 130 1523 270 145 1253 94 1159 1096
internal_count=1955 1885 362 308 178 117 130 1523 270 145 1253 94 1159 1096
is_linear=0
shrinkage=0.05


Tree=129
num_leaves=15
num_cat=0
split_feature=8 1 5 5 8 5 3 8 8 6 4 8 7 6
split_gain=2.33772 2.45904 4.94418 2.10801 3.71752 3.31329 4.65249 10.1005 9.45483 4.30222 3.40605 4.575 5.30566 4.60117
threshold=1.006 0.69016699705532247 5.956500000000001 1.9945000000000002 -1.2454999999999998 5.2665000000000006 99.390000000000015 -0.59399999999999986 -0.23849999999999996 5.0395000000000012 30.909500000000005 -3.5274999999999994 321.30000000000007 5.0395000000000012
decision_type=2 2 2 2 2 2 2 2 2 2 2 2 2 2
left_child=3 2 -2 4 -1 6 7 -5 9 -8 11 -7 13 -13
right_child=1 -3 -4 5 -6 10 8 -9 -10 -11 -12 12 -14 -15
leaf_value=-0.0008657069324031852 0.0099321701309355564 -0.015197830681622511 -0.013872754205573091 -0.0030249171686884627 0.0096628852322250269 -0.010803485641738692 0.011744860299318243 0.020960465903475233 -0.029235640340529223 -0.0097250245330151256 0.0081640139689179488 7.5899394417922042e-05 5.9722940957529506e-05 0.031164541345729092
leaf_weight=58 42 58 47 52 59 48 40 42 42 50 89 43 1239 46
leaf_count=58 42 58 47 52 59 48 40 42 42 50 89 43 1239 46
internal_value=0.00028133 -0.00578231 -0.000561798 0.000774336 0.00726496 0.000325251 -0.00530973 0.00319149 -0.0113636 -0.00222222 0.00119454 0.000581395 0.00112952 0.0129213
internal_weight=1955 147 89 1808 117 1691 226 94 132 90 1465 1376 1328 89
internal_count=1955 147 89 1808 117 1691 226 94 132 90 1465 1376 1328 89
is_linear=0
shrinkage=0.05


Tree=130
num_leaves=15
num_cat=0
split_feature=8 5 7 6 6 6 6 2 2 8 4 6 7 0
split_gain=2.86889 2.02307 2.6765 2.63377 1.98631 4.2387 2.40218 3.56875 4.58012 3.826 3.74414 10.184 6.89225 7.27708
threshold=1.9225000000000001 19.606500000000004 655.25250000000017 14.158000000000003 13.934500000000002 13.496000000000002 9.541500000000001 -0.9951106240145321 -0.97218766834954651 0.61450000000000016 19.116000000000003 10.740500000000003 780.22950000000014 24.227500000000003
decision_type=2 2 2 2 2 2 2 2 2 2 2 2 2 2
left_child=1 4 -3 -4 5 6 -1 -8 -9 10 12 -12 13 -10
right_child=-2 2 3 -5 -6 -7 7 8 9 -11 11 -13 -14 -15
leaf_value=-0.00014132026039098688 -0.0036666093158925052 0.00045467181888427801 -0.0064805827426287826 -0.0014689086452119666 0.003635064872791971 -0.0053753076330577357 0.016541164422895511 -0.0041548212802115072 0.0046779019895326996 0.017980906458188464 0.037203548686667913 -0.0050976106594990585 0.013150634255594118 -0.023489575164139739
leaf_weight=990 63 40 40 44 71 70 43 65 86 44 51 145 163 40
leaf_count=990 63 40 40 44 71 70 43 65 86 44 51 145 163 40
internal_value=0.000179028 0.000528541 -0.00564516 -0.0107143 0.000961538 0.000618739 0.00113706 0.00353218 0.00252525 0.00406427 0.00278351 -0.00255102 0.00640138 -0.00238095
internal_weight=1955 1892 124 84 1768 1697 1627 637 594 529 485 196 289 126
internal_count=1955 1892 124 84 1768 1697 1627 637 594 529 485 196 289 126
is_linear=0
shrinkage=0.05


Tree=131
num_leaves=15
num_cat=0
split_feature=6 8 8 0 8 0 5 5 8 2 0 3 3 6
split_gain=1.8599 2.71719 2.67166 2.57522 5.27363 10.0913 3.7483 5.46541 3.45888 3.35256 3.62382 5.39075 3.96698 2.91794
threshold=-2.1634999999999995 -3.9249999999999994 1.006 23.787000000000003 -1.5264999999999997 26.477500000000003 13.976500000000001 11.204000000000002 -1.9574999999999998 -0.77547391234167817 25.105000000000004 7.7730000000000006 82.982000000000014 0.68450000000000011
decision_type=2 2 2 2 2 2 2 2 2 2 2 2 2 2
left_child=-1 -2 3 13 5 -5 7 9 -7 10 -6 -12 -13 -3
right_child=1 2 -4 4 6 8 -8 -9 -10 -11 11 12 -14 -15
leaf_value=0.0084117503064302292 -0.0018730060393398085 -0.0047221095727172716 -0.00096148744295142534 -0.0086033319625447111 0.0093321152093355838 0.002909705434130716 0.005733986642887612 -0.012598425931443858 -0.011566927255712579 0.016518536943658148 0.012781834481174526 -0.0052427269992482931 -0.0015366430209098878 0.00080878775491382009
leaf_weight=49 41 76 144 48 42 77 96 63 69 42 57 57 51 1043
leaf_count=49 41 76 144 48 42 77 96 63 69 42 57 57 51 1043
internal_value=-0.000434783 -0.000682057 -0.000402145 0.000145264 -0.00249169 -0.00927835 0.000735294 -0.00192308 -0.00273973 0.00140562 -0.00120773 -0.00454545 -0.0111111 0.0015639
internal_weight=1955 1906 1865 1721 602 194 408 312 146 249 207 165 108 1119
internal_count=1955 1906 1865 1721 602 194 408 312 146 249 207 165 108 1119
is_linear=0
shrinkage=0.05


Tree=132
num_leaves=15
num_cat=0
split_feature=8 7 7 8 7 4 6 6 7 0 3 0 8 5
split_gain=2.49079 2.26014 3.66322 3.51876 5.32745 3.06818 2.1653 6.04167 6.60503 4.71154 3.99036 3.00313 2.67677 6.74159
threshold=1.9225000000000001 881.27900000000011 864.45000000000016 -0.95949999999999991 897.9815000000001 15.883500000000002 3.9385000000000008 2.2685000000000004 205.25350000000003 2.6615000000000006 99.90000000000002 -2.4004999999999996 -2.3524999999999996 10.872000000000002
decision_type=2 2 2 2 2 2 2 2 2 2 2 2 2 2
left_child=1 2 6 5 -5 -3 7 8 -1 -9 11 -10 13 -8
right_child=-2 3 -4 4 -6 -7 12 9 10 -11 -12 -13 -14 -15
leaf_value=-0.018839889696056881 -0.0034352044779503103 -0.00045008347796955537 0.0060995000342150109 -0.0089639422662509908 -0.00018425659146447673 0.0065307703483440619 -0.017302480234889669 -0.00039057323642810731 0.0030528408937658571 0.013339553898774493 0.015247383606459631 -0.013538122444304093 -1.6117554922838453e-05 0.00071131102897789848
leaf_weight=49 63 48 77 49 64 40 68 40 47 64 63 66 1107 110
leaf_count=49 63 48 77 49 64 40 68 40 47 64 63 66 1107 110
internal_value=-0.000537084 -0.000211416 0.000384388 -0.00522388 -0.0110619 0.00227273 -0.000123916 0.00349544 -0.00111111 0.0134615 0.00340909 -0.00221239 -0.00105058 -0.00674157
internal_weight=1955 1892 1691 201 113 88 1614 329 225 104 176 113 1285 178
internal_count=1955 1892 1691 201 113 88 1614 329 225 104 176 113 1285 178
is_linear=0
shrinkage=0.05


Tree=133
num_leaves=15
num_cat=0
split_feature=8 7 7 1 1 5 6 6 7 3 0 0 8 5
split_gain=2.57238 2.86043 3.5236 2.70315 4.59592 5.14822 2.43882 4.72058 4.26272 3.99036 3.49636 3.00313 2.2055 5.78785
threshold=1.7825000000000002 880.4000000000002 864.45000000000016 0.098678873477280007 0.3491821996099142 11.348000000000001 3.9385000000000008 2.2685000000000004 205.25350000000003 99.90000000000002 6.4155000000000006 -2.4004999999999996 -2.3524999999999996 10.872000000000002
decision_type=2 2 2 2 2 2 2 2 2 2 2 2 2 2
left_child=1 2 6 -3 -5 -6 7 8 -1 11 -9 -10 13 -8
right_child=-2 3 -4 4 5 -7 12 10 9 -11 -12 -13 -14 -15
leaf_value=-0.017897895211254036 -0.0017795915704681697 -0.0019907940232385458 0.0068597039514987973 0.019936548635046139 -0.0063226687956514094 0.0036149845321657771 -0.01643735622314519 0.00056977222905771341 0.0029001988490775623 0.014485014426136651 0.017301708448071714 -0.01286121632208889 -1.8042650023079865e-05 0.00067574547752900511
leaf_weight=49 70 62 70 42 63 41 68 60 47 63 42 66 1102 110
leaf_count=49 70 62 70 42 63 41 68 60 47 63 42 66 1102 110
internal_value=-0.000588235 -0.000238727 0.000447227 -0.00576923 -0.00205479 -0.00769231 -3.11139e-05 0.00382263 -0.000222222 0.00340909 0.0127451 -0.00221239 -0.00101563 -0.00617978
internal_weight=1955 1885 1677 208 146 104 1607 327 225 176 102 113 1280 178
internal_count=1955 1885 1677 208 146 104 1607 327 225 176 102 113 1280 178
is_linear=0
shrinkage=0.05


Tree=134
num_leaves=15
num_cat=0
split_feature=8 5 1 1 4 8 8 1 1 4 4 8 4 4
split_gain=2.90482 3.21962 2.52514 6.62778 8.64302 4.28072 3.88299 6.71266 8.37877 4.57719 3.38 3.20739 3.77363 5.42389
threshold=1.006 5.4680000000000009 0.38118653245548312 0.48941038753127741 15.707500000000001 -0.052999999999999999 -0.65599999999999992 0.90880922144842624 0.81078196093106825 22.279500000000002 20.215000000000003 0.56450000000000011 29.209500000000002 26.140000000000004
decision_type=2 2 2 2 2 2 2 2 2 2 2 2 2 2
left_child=2 -2 11 -4 -5 6 7 8 10 -9 -6 12 13 -1
right_child=1 -3 3 4 5 -7 -8 9 -10 -11 -12 -13 -14 -15
leaf_value=-0.0004593887990531731 6.9135899554584326e-05 -0.011425641710323623 0.013547502603686807 -0.0046473302960569783 0.013929081150987635 -0.0017395753352180258 0.016172468315027968 0.0018551091563482364 -0.016526593648277851 0.01871363881681155 -0.0033481157614310172 0.014031354219506055 -0.0084212353243995463 0.0045782367444904774
leaf_weight=939 69 78 70 225 40 72 51 50 46 77 50 49 61 78
leaf_count=939 69 78 70 225 40 72 51 50 46 77 50 49 61 78
internal_value=-0.000383632 -0.00714286 0.000165929 0.00256975 0.000900164 0.00544041 0.00796178 0.00551331 -0.00220588 0.0137795 0.00666667 -0.0012866 -0.00185529 -0.00113078
internal_weight=1955 147 1808 681 611 386 314 263 136 127 90 1127 1078 1017
internal_count=1955 147 1808 681 611 386 314 263 136 127 90 1127 1078 1017
is_linear=0
shrinkage=0.05


Tree=135
num_leaves=15
num_cat=0
split_feature=4 4 5 3 4 3 3 3 6 7 4 7 8 8
split_gain=2.02354 4.20529 4.87638 4.74537 3.90545 3.74883 3.4003 6.89562 4.25674 5.42405 5.67075 7.31889 7.26754 4.70788
threshold=23.998000000000001 21.085000000000004 14.889000000000001 99.976500000000001 20.144500000000004 51.075500000000005 51.978000000000009 29.003500000000006 11.663500000000001 648.2650000000001 12.541500000000001 496.01350000000008 -0.53499999999999992 -0.040499999999999994
decision_type=2 2 2 2 2 2 2 2 2 2 2 2 2 2
left_child=1 4 3 5 6 -3 7 -1 9 10 12 13 -8 -12
right_child=-2 2 -4 -5 -6 -7 8 -9 -10 -11 11 -13 -14 -15
leaf_value=-0.00027194554439409908 0.00048621593597970164 -0.004743256869798102 0.0024801647438552074 0.00013817048847306613 0.014920388123884437 -0.02339323990444906 -0.013761446428870068 -0.016016320716906389 0.0040497402723807313 -0.008828616504920745 0.0026476273374441113 0.041362869911027181 0.0086952196122138895 -0.010288590913107189
leaf_weight=479 490 57 42 54 72 47 107 52 153 78 162 41 68 53
leaf_count=479 490 57 42 54 72 47 107 52 153 78 162 41 68 53
internal_value=-0.000332481 -0.0012628 -0.008 -0.0120253 -0.000197628 -0.0182692 -0.000880134 -0.00386064 0.00151057 -0.000687623 0.00150812 0.00625 -0.00542857 0.00255814
internal_weight=1955 1465 200 158 1265 104 1193 531 662 509 431 256 175 215
internal_count=1955 1465 200 158 1265 104 1193 531 662 509 431 256 175 215
is_linear=0
shrinkage=0.05


Tree=136
num_leaves=15
num_cat=0
split_feature=6 2 2 2 6 2 0 7 7 7 1 5 4 8
split_gain=2.08385 4.44506 4.15423 3.11026 2.56913 7.22862 4.88463 2.27099 2.25555 5.02757 4.3447 4.29532 3.5563 2.60689
threshold=4.4635000000000007 0.92284787786233202 0.9624112700309283 -0.99791438307893243 2.2685000000000004 0.56424300735932609 1.4010000000000002 351.74050000000005 878.94650000000013 864.45000000000016 0.098678873477280007 11.498000000000003 17.880000000000003 -2.3524999999999996
decision_type=2 2 2 2 2 2 2 2 2 2 2 2 2 2
left_child=1 4 -3 -2 6 -6 -1 -4 9 13 -10 12 -12 -5
right_child=3 2 7 8 5 -7 -8 -9 10 -11 11 -13 -14 -15
leaf_value=0.0036115360222824136 0.0023688225419247633 -0.018518936045852526 0.0032469658411204867 -0.0015082741493998688 0.023785917792909242 0.00016034308793190234 -0.0044347306923516157 -0.0093446881775972306 -0.0038466255344889095 0.0088251672973524483 -0.0066323346702536149 0.006857067786316862 0.00040152736996217357 -2.4969761116269698e-05
leaf_weight=51 45 42 58 169 49 60 74 52 46 56 47 52 51 1103
leaf_count=51 45 42 58 169 49 60 74 52 46 56 47 52 51 1103
internal_value=7.67263e-05 0.00336788 -0.00328947 -0.000732951 0.00769231 0.0133028 0.0028 0.00181818 -0.00111549 -0.000376506 -0.00612245 -0.002 -0.00816327 -0.00102201
internal_weight=1955 386 152 1569 234 109 125 110 1524 1328 196 150 98 1272
internal_count=1955 386 152 1569 234 109 125 110 1524 1328 196 150 98 1272
is_linear=0
shrinkage=0.05


Tree=137
num_leaves=15
num_cat=0
split_feature=6 2 7 1 7 5 7 6 7 7 6 0 1 6
split_gain=1.83281 2.86162 2.8524 4.16941 2.57572 2.80112 2.39 2.19554 9.71379 4.53533 5.53927 4.27651 6.7354 3.78267
threshold=4.4635000000000007 0.92284787786233202 149.91250000000002 0.47434769705567625 280.00700000000006 6.418000000000001 468.29400000000004 7.6355000000000013 443.29600000000005 536.2985000000001 6.855500000000001 8.3135000000000012 0.14984488681196825 8.3765000000000018
decision_type=2 2 2 2 2 2 2 2 2 2 2 2 2 2
left_child=1 2 -1 -4 -3 -6 -5 8 11 -10 -11 12 -2 -9
right_child=7 4 3 6 5 -7 -8 13 9 10 -12 -13 -14 -15
leaf_value=-0.00076656986311185178 -0.00087737004919272393 -0.019122785011578027 0.0093526182336817511 -0.008366155906816353 0.010835694166689279 -0.014198173651740437 0.006789472664641168 0.0078143085017700446 -0.02421753128827029 0.0016820644118925338 -0.006134726203897412 -0.00067690076362112448 0.0145146391756334 -0.00013268278496993968
leaf_weight=61 59 47 82 43 51 54 48 113 56 52 41 135 44 1069
leaf_count=61 59 47 82 43 51 54 48 113 56 52 41 135 44 1069
internal_value=0.00028133 0.00336788 0.00683761 0.0101156 -0.00197368 0.00238095 0.00274725 -0.000478011 -0.00374677 -0.0137584 -0.00698925 0.00252101 0.0101942 0.000592217
internal_weight=1955 386 234 173 152 105 91 1569 387 149 93 238 103 1182
internal_count=1955 386 234 173 152 105 91 1569 387 149 93 238 103 1182
is_linear=0
shrinkage=0.05


Tree=138
num_leaves=15
num_cat=0
split_feature=0 6 6 1 8 5 3 8 7 3 3 8 4 7
split_gain=2.58365 1.97347 5.57151 2.60189 2.96457 11.5592 4.28766 3.73533 2.52876 3.70909 3.81466 2.08323 3.5322 5.68094
threshold=-11.177499999999998 3.9385000000000008 3.1390000000000007 0.99762106698677389 -2.3524999999999996 10.712500000000002 7.2185000000000015 -2.1569999999999996 262.06900000000007 99.997000000000014 42.029000000000003 1.006 23.049000000000003 872.14900000000011
decision_type=2 2 2 2 2 2 2 2 2 2 2 2 2 2
left_child=-1 2 8 4 5 -3 -7 -6 -2 10 -10 12 -9 -14
right_child=1 3 -4 -5 7 6 -8 11 9 -11 -12 -13 13 -15
leaf_value=-0.0048050005907217218 -0.0072040388677041215 -0.018419907792281611 0.013405186015053619 0.0084797696287197844 0.011340008839509225 -0.0037826332727675773 0.0018125765764646835 -0.00034149271167357168 0.001722475126405243 0.019894871098639133 -0.0031360673417709182 -0.010031833683024793 0.003900976867591938 -0.0042953438094640011
leaf_weight=40 86 62 44 42 54 58 56 951 79 55 53 103 226 46
leaf_count=40 86 62 44 42 54 58 56 951 79 55 53 103 226 46
internal_value=7.67263e-05 0.000339426 0.00394322 -0.000375469 -0.000706941 -0.00681818 0.00263158 7.24638e-05 0.00128205 0.00454545 0 -0.000452489 0.000122649 0.00514706
internal_weight=1955 1915 317 1598 1556 176 114 1380 273 187 132 1326 1223 272
internal_count=1955 1915 317 1598 1556 176 114 1380 273 187 132 1326 1223 272
is_linear=0
shrinkage=0.05


Tree=139
num_leaves=15
num_cat=0
split_feature=0 4 5 6 2 4 7 6 8 0 6 4 2 4
split_gain=2.62585 2.58307 4.4148 6.24746 4.15888 3.74981 3.12382 3.09524 2.62837 2.60252 3.12163 3.19075 6.6649 3.9162
threshold=-11.177499999999998 25.359000000000005 6.8735000000000008 11.262500000000001 0.1093682717844857 29.209500000000002 67.244500000000016 12.577500000000002 -2.9569999999999994 33.38900000000001 14.135000000000002 21.085000000000004 -0.16705162550211924 19.698500000000006
decision_type=2 2 2 2 2 2 2 2 2 2 2 2 2 2
left_child=-1 6 5 4 -4 -3 -2 -5 -8 10 11 13 -13 -10
right_child=1 2 3 7 -6 -7 8 -9 9 -11 -12 12 -14 -15
leaf_value=-0.0045647505611856373 0.0061755128545209039 0.007018058910769751 0.035351944390779537 -0.0064935213487033218 0.0052653216357598683 -0.017383245688369346 -0.0093824067418583849 0.002946804352866067 -1.5530632515642353e-05 -0.028767889013755446 0.0058579002054777842 -0.012647448669896045 9.246208364025455e-05 0.0030527602285622957
leaf_weight=40 43 61 45 60 88 72 75 70 981 45 66 92 137 80
leaf_count=40 43 61 45 60 88 72 75 70 981 45 66 92 137 80
internal_value=0.000179028 0.000443864 0.0040404 0.00779468 0.0154135 -0.00338346 -0.000493746 0 -0.000880759 -0.000392577 0 -0.000542636 -0.0058952 0.00061263
internal_weight=1955 1915 396 263 133 133 1519 130 1476 1401 1356 1290 229 1061
internal_count=1955 1915 396 263 133 133 1519 130 1476 1401 1356 1290 229 1061
is_linear=0
shrinkage=0.05


Tree=140
num_leaves=15
num_cat=0
split_feature=5 4 2 5 2 7 7 7 4 4 6 1 1 5
split_gain=2.26385 4.05439 6.29442 3.45373 3.09603 3.44908 5.18246 6.90201 3.67347 5.04994 4.40173 4.28153 2.45 2.30025
threshold=2.4055000000000004 13.981500000000002 -0.030120304846908235 2.9070000000000005 0.99055824379501012 409.54100000000005 389.25850000000008 372.26950000000005 15.055000000000001 22.354500000000005 5.9065000000000003 -0.25950939392209715 -0.25950939392209715 19.606500000000004
decision_type=2 2 2 2 2 2 2 2 2 2 2 2 2 2
left_child=1 -1 -3 -2 5 6 7 8 12 11 -11 -10 -5 -7
right_child=3 2 -4 4 -6 13 -8 -9 9 10 -12 -13 -14 -15
leaf_value=0.013029903503065231 -0.022980014935695268 0.012996323019134271 -0.0035640891933564484 -0.0068916109832482036 -0.021018693109442346 -1.8339864064595426e-05 0.0035969756686417831 -0.01987471739333857 0.0013358854745051441 -0.0074793605538801657 0.0041804231015585645 0.039372234415409366 0.00069393247857106046 -0.0012150502862889713
leaf_weight=47 40 41 66 40 64 1222 52 42 42 47 52 40 40 120
leaf_count=47 40 41 66 40 64 1222 52 42 42 47 52 40 40 120
internal_value=2.55754e-05 0.00584416 0.00046729 -0.00047196 -0.000141965 0.000265174 0.00464789 0.00214521 0.00517241 0.00911602 0.00151515 0.0182927 -0.00375 -0.000894188
internal_weight=1955 154 107 1801 1761 1697 355 303 261 181 99 82 80 1342
internal_count=1955 154 107 1801 1761 1697 355 303 261 181 99 82 80 1342
is_linear=0
shrinkage=0.05


Tree=141
num_leaves=15
num_cat=0
split_feature=5 4 2 3 3 5 0 4 8 2 2 8 0 7
split_gain=2.40196 2.55219 5.38097 6.90402 4.53434 4.31621 4.99157 2.62543 7.17648 2.86121 2.60604 2.72448 5.4127 3.75881
threshold=0.76950000000000018 12.431500000000002 -0.76235363884839025 39.951500000000003 88.395500000000013 7.956500000000001 28.347500000000004 13.827000000000002 -0.83149999999999979 -0.98597924778888291 -0.94849615754507433 0.23350000000000004 12.819000000000001 568.56950000000018
decision_type=2 2 2 2 2 2 2 2 2 2 2 2 2 2
left_child=-1 2 5 -4 -5 -2 -7 8 -3 -9 -11 13 -13 -12
right_child=1 7 3 4 -6 6 -8 9 -10 10 11 12 -14 -15
leaf_value=0.0062824259245669702 0.017135181042846139 -0.00078125714305672949 0.0013231676309242769 -0.023884560978165138 -0.0047411449631941773 -0.0035568123055793803 0.00085083343605922015 -0.0045971991051996456 0.02270214407123388 0.018262872257994323 0.0013802417731678619 3.3878973160039741e-06 -0.015734985052764744 -0.00027295412537752249
leaf_weight=42 73 71 146 45 120 50 44 65 48 59 447 186 66 493
leaf_count=42 73 71 146 45 120 50 44 65 48 59 447 186 66 493
internal_value=7.67263e-05 -0.000182959 -0.00334728 -0.00723473 -0.0142424 0.00389222 -0.00319149 0.00087108 0.00798319 0.000227964 0.000759392 0.000251678 -0.00436508 0.00148936
internal_weight=1955 1913 478 311 165 167 94 1435 119 1316 1251 1192 252 940
internal_count=1955 1913 478 311 165 167 94 1435 119 1316 1251 1192 252 940
is_linear=0
shrinkage=0.05


Tree=142
num_leaves=15
num_cat=0
split_feature=7 7 2 2 8 0 7 6 6 6 0 5 6 7
split_gain=2.11051 3.92757 3.19147 4.68555 4.52377 4.02155 3.13436 2.93604 5.85328 4.77513 4.36266 3.19217 2.84784 2.58164
threshold=409.54100000000005 389.25850000000008 0.92284787786233202 0.9624112700309283 -1.6114999999999997 7.8960000000000008 421.47500000000008 3.9385000000000008 7.6355000000000013 7.1305000000000005 -0.24549999999999997 7.6610000000000005 8.3765000000000018 536.2985000000001
decision_type=2 2 2 2 2 2 2 2 2 2 2 2 2 2
left_child=1 2 5 -4 -5 -1 -2 10 9 11 -8 -9 -10 -13
right_child=6 -3 3 4 -6 -7 7 8 12 -11 -12 13 -14 -15
leaf_value=0.0031574248901156347 -0.0036526261384167481 0.0033481147965512994 -0.016562331466286575 0.0018568620261998653 -0.0065804970011144499 -0.00031481176264240855 -0.00051120792830034248 0.010384640582125649 0.0080075777199028805 -0.029778526947071282 0.03556459897082357 -0.023023750269553996 -0.00014342264120230375 -0.00019123615060904245
leaf_weight=123 40 64 47 48 79 231 41 45 74 40 45 48 984 46
leaf_count=123 40 64 47 48 79 231 41 45 74 40 45 48 984 46
internal_value=-0.000127877 0.00236486 0.00094697 -0.0045977 0.000393701 0.00367232 -0.00121056 -0.000793651 -0.00141471 -0.00977654 0.00813953 -0.00539568 0 -0.0106383
internal_weight=1955 592 528 174 127 354 1363 1323 1237 179 86 139 1058 94
internal_count=1955 592 528 174 127 354 1363 1323 1237 179 86 139 1058 94
is_linear=0
shrinkage=0.05


Tree=143
num_leaves=15
num_cat=0
split_feature=7 7 7 0 8 5 2 3 5 0 6 6 6 4
split_gain=2.68261 3.48695 4.26136 3.98731 7.0689 6.12386 8.22553 5.57449 5.56644 5.34912 2.91343 5.54045 5.29627 3.86147
threshold=409.54100000000005 389.25850000000008 374.65800000000007 2.6615000000000006 -0.65599999999999992 8.4480000000000022 -0.030120304846908235 99.885000000000019 4.3385000000000007 14.912000000000001 7.8520000000000012 8.3765000000000018 5.347500000000001 24.700500000000002
decision_type=2 2 2 2 2 2 2 2 2 2 2 2 2 2
left_child=1 2 3 4 -1 6 9 -8 -9 -5 12 -12 -2 -14
right_child=10 -3 -4 5 -6 -7 7 8 -10 -11 11 -13 13 -15
leaf_value=0.013268030529012653 0.00015999939691814098 0.0031807090567237354 -0.014051954109557742 0.023552295298389141 -0.00051404340628125327 0.0070851124516259469 -0.052019573709527325 -0.0089560531491925405 0.0019471747362964809 -0.00066126096920212654 0.011071732267990292 -0.00013771280392179953 -0.0082372271045883291 0.0010170484841058869
leaf_weight=70 160 64 48 44 64 71 48 59 44 80 53 991 116 43
leaf_count=70 160 64 48 44 64 71 48 59 44 80 53 991 116 43
internal_value=0.000230179 0.00304054 0.00170455 0.003125 0.0104478 0.000289017 -0.00309091 -0.0109272 -0.00436893 0.00645161 -0.000990462 0.000287356 -0.00517241 -0.0116352
internal_weight=1955 592 528 480 134 346 275 151 103 124 1363 1044 319 159
internal_count=1955 592 528 480 134 346 275 151 103 124 1363 1044 319 159
is_linear=0
shrinkage=0.05


Tree=144
num_leaves=15
num_cat=0
split_feature=7 7 7 4 0 7 4 5 2 6 2 7 4 6
split_gain=2.61491 3.38089 3.20076 2.42269 5.55063 5.92611 4.8783 4.0941 7.04049 3.83003 3.30105 2.26791 2.63376 2.24145
threshold=409.54100000000005 389.25850000000008 374.65800000000007 15.163500000000001 3.4490000000000003 240.47600000000003 22.354500000000005 7.6610000000000005 -0.030120304846908235 5.9065000000000003 0.72731766296277522 421.47500000000008 34.289500000000011 3.9385000000000008
decision_type=2 2 2 2 2 2 2 2 2 2 2 2 2 2
left_child=1 2 3 4 -1 -6 7 8 -5 10 -8 -2 13 -13
right_child=11 -3 -4 6 5 -7 9 -9 -10 -11 -12 12 -14 -15
leaf_value=0.0049447413307488813 -0.0032680641388041589 0.0030216736038875484 -0.013349356404079849 0.024855791924354477 0.00023486002776773319 -0.027464808544315978 0.0006523816061822119 0.0204771500515077 -0.0030500565177906157 0.00097783790916591297 -0.015286412235512617 0.0036371819988345448 0.010987992081419224 -0.00024524964685245231
leaf_weight=50 40 64 48 44 71 41 50 41 68 70 45 86 42 1195
leaf_count=50 40 64 48 44 71 41 50 41 68 70 45 86 42 1195
internal_value=0.000434783 0.00320946 0.00189394 0.003125 -0.00185185 -0.00803571 0.00566038 0.0120915 0.00714286 -0.00030303 -0.00684211 -0.00077036 -0.000415722 -0.000819672
internal_weight=1955 592 528 480 162 112 318 153 112 165 95 1363 1323 1281
internal_count=1955 592 528 480 162 112 318 153 112 165 95 1363 1323 1281
is_linear=0
shrinkage=0.05


Tree=145
num_leaves=15
num_cat=0
split_feature=6 7 4 4 2 1 4 4 7 1 2 0 1 0
split_gain=2.4075 2.04919 1.88872 5.16311 5.84598 3.13236 2.78728 4.36364 3.65884 3.14087 3.03527 4.61556 5.31853 4.4063
threshold=-2.1634999999999995 67.244500000000016 8.9145000000000021 8.2445000000000022 -0.81202266594587924 0.11577009971046097 11.201000000000002 12.784000000000001 559.0775000000001 -0.27159603410350847 -0.25119006388481929 26.581000000000003 -0.97109105924028405 11.879000000000001
decision_type=2 2 2 2 2 2 2 2 2 2 2 2 2 2
left_child=-1 -2 3 4 -3 -6 9 8 -8 -4 -9 12 -12 -14
right_child=1 2 6 -5 5 -7 7 10 -10 -11 11 -13 13 -15
leaf_value=0.0082413720464986576 0.0027432451991746933 0.0048471238407910393 0.016568193752490946 -0.0057420612102764531 -0.0032395378412647946 -0.0076983947399904612 -0.048897336295073285 -0.00071587503130506329 -0.00044061407624232943 6.1320600701519902e-06 -0.0037952885014159669 0.0071193152406705991 1.2768946402830218e-05 0.0093959096973647415
leaf_weight=49 61 56 75 46 67 41 42 579 79 86 57 44 493 180
leaf_count=49 61 56 75 46 67 41 42 579 79 86 57 44 493 180
internal_value=0.00028133 0 -0.000298103 -0.0047619 -0.000609756 -0.00740741 0.000275229 -0.000407056 -0.00950413 0.00652174 0.000406504 0.00245478 0.00150685 0.00274889
internal_weight=1955 1906 1845 210 164 108 1635 1474 121 161 1353 774 730 673
internal_count=1955 1906 1845 210 164 108 1635 1474 121 161 1353 774 730 673
is_linear=0
shrinkage=0.05


Tree=146
num_leaves=15
num_cat=0
split_feature=5 4 8 1 4 6 5 2 4 8 5 6 0 4
split_gain=2.68311 2.47025 3.68413 3.40642 3.39394 4.79015 3.61194 3.31171 4.30462 3.25523 3.04575 2.92495 3.75869 2.61664
threshold=19.801000000000005 24.062500000000004 -0.53499999999999992 0.96413834225895678 21.085000000000004 10.366500000000002 7.2775000000000007 0.19429706169951341 28.696000000000002 0.58850000000000013 14.285500000000001 9.1125000000000025 11.879000000000001 19.698500000000006
decision_type=2 2 2 2 2 2 2 2 2 2 2 2 2 2
left_child=1 4 3 10 13 6 -6 9 -9 -4 11 12 -3 -1
right_child=-2 2 7 -5 5 -7 -8 8 -10 -11 -12 -13 -14 -15
leaf_value=-5.4203191483404026e-05 -0.001071754749784093 -0.0012564987819638552 -0.0083411600906750528 0.01440026289095573 -0.00074499615412310582 0.0011870401320231484 -0.010412209784844818 0.0050812583481372343 -0.00548477987785192 3.8554787345301827e-05 0.006496062284505103 -0.0103892773853812 0.014630059795007351 0.0048488685133503285
leaf_weight=1092 117 55 44 44 67 64 67 56 62 43 40 52 58 94
leaf_count=1092 117 55 44 44 67 64 67 56 62 43 40 52 58 94
internal_value=7.67263e-05 0.00054407 0.00374449 0.00783133 -0.00050578 -0.00656566 -0.0119403 -0.00121951 0.00423729 -0.00862069 0.00512195 0.00212121 0.00663717 0.000505902
internal_weight=1955 1838 454 249 1384 198 134 205 118 87 205 165 113 1186
internal_count=1955 1838 454 249 1384 198 134 205 118 87 205 165 113 1186
is_linear=0
shrinkage=0.05


Tree=147
num_leaves=15
num_cat=0
split_feature=5 5 6 6 6 1 4 4 2 2 6 0 4 5
split_gain=2.50696 2.31901 2.26762 2.08353 2.88199 2.22328 2.27838 3.04783 2.63998 3.16503 2.46566 1.99902 1.72252 10.0718
threshold=0.76950000000000018 19.801000000000005 13.934500000000002 13.934500000000002 13.541500000000001 0.99762106698677389 5.9130000000000011 7.4310000000000009 0.99055824379501012 0.97513228625088877 13.296000000000001 30.294500000000003 29.642000000000003 6.7710000000000008
decision_type=2 2 2 2 2 2 2 2 2 2 2 2 2 2
left_child=-1 3 -3 4 5 6 -2 -8 9 10 11 12 -9 -14
right_child=1 2 -4 -5 -6 -7 7 8 -10 -11 -12 -13 13 -15
leaf_value=0.0043653975752373708 -0.0045084033232017373 -0.0010311038586146015 0.001195109527451943 0.0026183946968018736 -0.0056462393151382358 0.0082742973625883343 0.0038740111369231461 -0.00012499746173341152 -0.02093417261878382 0.0034792765181916267 0.016170862332001313 -0.0065804174792473222 -0.019463968081002078 0.011072447267436619
leaf_weight=42 62 61 56 72 57 46 48 1161 63 46 44 55 55 87
leaf_count=42 62 61 56 72 57 46 48 1161 63 46 44 55 55 87
internal_value=-0.000179028 -0.000444328 -0.00726496 0 -0.000348028 2.9994e-05 -0.000277606 9.62155e-05 -0.000297816 0.000138122 -0.000285307 -0.000662739 -0.000268611 0.00492958
internal_weight=1955 1913 117 1796 1724 1667 1621 1559 1511 1448 1402 1358 1303 142
internal_count=1955 1913 117 1796 1724 1667 1621 1559 1511 1448 1402 1358 1303 142
is_linear=0
shrinkage=0.05


Tree=148
num_leaves=15
num_cat=0
split_feature=7 8 5 7 7 8 7 6 7 3 1 8 7 4
split_gain=2.66219 2.48467 2.67266 2.68612 9.14824 3.56362 3.63435 3.17956 3.86458 4.25774 5.14732 3.59707 4.67712 5.34117
threshold=409.54100000000005 1.0490000000000002 19.606500000000004 881.27900000000011 864.45000000000016 -0.95949999999999991 897.9815000000001 12.871500000000003 841.38450000000012 0.36000000000000004 -0.87795195455888908 -0.37199999999999994 785.78800000000012 24.062500000000004
decision_type=2 2 2 2 2 2 2 2 2 2 2 2 2 2
left_child=-1 2 3 4 7 -5 -7 8 9 -2 -11 12 13 -12
right_child=1 -3 -4 5 -6 6 -8 -9 -10 10 11 -13 -14 -15
leaf_value=0.00074683989940398099 0.0041728672628578876 -0.010303085017534408 -0.0010260868051884477 0.00018872693633196214 0.0081528792110567745 -0.0079267545518677592 -0.0009690635634990064 0.0015212585395881996 -0.020399304186574312 -0.0078277041238359237 -0.0040476560461009245 0.0054728891974932699 0.012801074701891936 0.0033604453000295447
leaf_weight=592 90 53 120 87 69 47 63 189 52 60 242 148 65 78
leaf_count=592 90 53 120 87 69 47 63 189 52 60 242 148 65 78
internal_value=-0.000434783 -0.00165077 -0.00122137 -0.000504202 0.000553877 -0.00583756 -0.0118182 -0.000757576 -0.0022449 -0.00124451 -0.00278246 -0.00121951 -0.00376623 -0.00625
internal_weight=1955 1363 1310 1190 993 197 110 924 735 683 593 533 385 320
internal_count=1955 1363 1310 1190 993 197 110 924 735 683 593 533 385 320
is_linear=0
shrinkage=0.05


Tree=149
num_leaves=15
num_cat=0
split_feature=6 7 7 7 0 0 5 5 6 6 3 6 4 6
split_gain=2.75693 2.42252 1.67207 3.75794 1.48416 6.74808 6.3531 3.36188 3.29506 4.65949 5.60482 2.11857 5.19382 3.69228
threshold=-2.1634999999999995 67.244500000000016 143.32700000000003 186.78150000000002 30.603000000000005 29.835000000000004 14.439000000000002 19.801000000000005 13.474500000000001 14.135000000000002 4.8515000000000006 12.518500000000001 12.097500000000002 12.025000000000002
decision_type=2 2 2 2 2 2 2 2 2 2 2 2 2 2
left_child=-1 -2 -3 -4 5 8 -6 -8 11 10 -10 13 -13 -5
right_child=1 2 3 4 6 -7 7 -9 9 -11 -12 12 -14 -15
leaf_value=0.007800921481864365 0.0024989107069345179 -0.0052893487871222061 0.010375565411085251 -0.00012978207920997172 -0.014419993982243612 0.015246680572968942 0.0091044787865855511 -0.01063161187356676 -0.00036703346687601279 0.0055479504564354193 -0.018824719233628474 0.0077313517665250856 -5.7050454751942514e-05 -0.0042312597335961294
leaf_weight=49 61 79 44 1115 48 42 40 51 42 42 45 55 152 90
leaf_count=49 61 79 44 1115 48 42 40 51 42 42 45 55 152 90
internal_value=-0.000485934 -0.000786988 -0.00111111 -0.000792752 -0.00116144 -0.000726469 -0.00611511 0.00164835 -0.00126541 -0.00891473 -0.0155172 -0.000566572 0.00410628 -0.00136929
internal_weight=1955 1906 1845 1766 1722 1583 139 91 1541 129 87 1412 207 1205
internal_count=1955 1906 1845 1766 1722 1583 139 91 1541 129 87 1412 207 1205
is_linear=0
shrinkage=0.05


Tree=150
num_leaves=15
num_cat=0
split_feature=5 4 4 5 7 8 5 1 2 2 0 3 8 8
split_gain=2.63625 5.5863 5.1047 2.62159 1.92414 8.15781 3.89758 5.20998 2.00839 2.51705 1.88049 6.96149 4.89674 8.62523
threshold=2.4055000000000004 13.981500000000002 19.698500000000006 2.9565000000000006 321.30000000000007 -1.3669999999999998 7.2005000000000008 0.064414007683963548 -0.99791438307893243 -0.98870105003072151 9.3655000000000026 98.810000000000016 -2.3144999999999993 -0.21699999999999997
decision_type=2 2 2 2 2 2 2 2 2 2 2 2 2 2
left_child=1 -1 -3 -2 5 -5 7 -7 -6 -10 11 12 -11 -14
right_child=3 2 -4 4 8 6 -8 -9 9 10 -12 -13 13 -15
leaf_value=0.01231436202834723 -0.018707239039879017 -0.0060619291212850469 0.010411154286717211 -0.014338276736273801 0.0072879522862632148 -0.0077086051416565471 0.012406350957465185 0.033977764386734333 -0.003830294465143358 0.0040762608815513969 -3.0365423867639851e-05 -0.011914926735862509 -0.0077961430410643188 0.0038417757174268375
leaf_weight=47 48 46 61 64 42 43 47 52 53 57 1045 113 137 100
leaf_count=47 48 46 61 64 42 43 47 52 53 57 1045 113 137 100
internal_value=-0.000434783 0.00584416 -0.00046729 -0.000971682 -0.000656018 0.0038835 0.0105634 0.00473684 -0.0012605 -0.00156146 -0.0011708 -0.00405405 0 -0.00316456
internal_weight=1955 154 107 1801 1753 206 142 95 1547 1505 1452 407 294 237
internal_count=1955 154 107 1801 1753 206 142 95 1547 1505 1452 407 294 237
is_linear=0
shrinkage=0.05


Tree=151
num_leaves=15
num_cat=0
split_feature=7 7 4 7 8 7 8 8 7 4 5 1 5 4
split_gain=2.28729 5.04689 3.59361 2.02009 2.52112 4.65109 4.1097 6.90051 5.87633 5.5282 1.98602 3.0477 2.30453 7.5121
threshold=409.54100000000005 389.25850000000008 29.137000000000004 67.244500000000016 0.027000000000000003 225.49400000000003 -0.95949999999999991 -1.6114999999999997 280.00700000000006 15.742500000000001 19.606500000000004 -0.93535928755917819 14.889000000000001 20.585000000000004
decision_type=2 2 2 2 2 2 2 2 2 2 2 2 2 2
left_child=1 2 3 -1 6 -6 7 8 -5 -8 12 -12 -2 -14
right_child=10 -3 -4 4 5 -7 9 -9 -10 -11 11 -13 13 -15
leaf_value=0.0037836503625817974 -0.00032672619354887636 0.0042226993778863159 -0.004216876458930552 -0.013824577899221369 0.0019857420000254102 -0.012715073210434542 0.0013296094383191848 -0.020438321353612423 0.0083462373597650991 0.034076426992852404 1.8186692761235081e-05 -0.02475516956674886 -0.00057897270817320885 0.0099669450319772104
leaf_weight=52 1026 64 61 43 54 62 60 75 77 44 57 63 135 82
leaf_count=52 1026 64 61 43 54 62 60 75 77 44 57 63 135 82
internal_value=-0.000230179 0.00236486 0.000757576 0.00224839 0.00108434 -0.00517241 0.00351171 -0.000769231 0.00666667 0.0115385 -0.0013573 -0.0075 -0.00076428 0.00391705
internal_weight=1955 592 528 467 415 116 299 195 120 104 1363 120 1243 217
internal_count=1955 592 528 467 415 116 299 195 120 104 1363 120 1243 217
is_linear=0
shrinkage=0.05


Tree=152
num_leaves=15
num_cat=0
split_feature=6 6 6 0 3 5 5 8 3 3 4 3 8 5
split_gain=2.0843 1.43022 3.94664 3.34448 3.01185 2.15387 2.0309 2.13372 2.06456 10.8976 6.40113 5.66409 4.54691 4.13665
threshold=-2.4579999999999997 13.934500000000002 13.474500000000001 27.688000000000006 4.1945000000000006 18.538500000000003 15.783000000000003 -1.2564999999999997 51.978000000000009 29.003500000000006 11.361500000000001 63.679500000000012 -2.3524999999999996 7.0580000000000007
decision_type=2 2 2 2 2 2 2 2 2 2 2 2 2 2
left_child=-1 2 5 -4 -3 6 8 -8 9 10 -2 -10 -13 -14
right_child=1 4 3 -5 -6 -7 7 -9 11 -11 -12 12 13 -15
leaf_value=0.0077649534403758276 0.0082686624535750659 -0.0011855204223383015 -0.0077337773878276535 -0.00025999497643478534 0.0036555237771354609 -0.0017397483260042841 -0.00017850585453101366 0.0095896725689994279 0.011421910060723539 -0.014446292182842888 -0.00042933020328032591 -0.0072612429687182629 -0.00050774668612576374 0.0018512488784466737
leaf_weight=41 105 62 52 40 66 66 44 41 47 72 422 119 426 352
leaf_count=41 105 62 52 40 66 66 44 41 47 72 422 119 426 352
internal_value=-0.000179028 -0.000417973 -0.000783875 -0.0108696 0.0046875 -0.000236128 0.00012285 0.00764706 -0.00029164 -0.00258765 -9.48767e-05 0.00116525 0.000278707 0.00167095
internal_weight=1955 1914 1786 92 128 1694 1628 85 1543 599 527 944 897 778
internal_count=1955 1914 1786 92 128 1694 1628 85 1543 599 527 944 897 778
is_linear=0
shrinkage=0.05


Tree=153
num_leaves=15
num_cat=0
split_feature=7 8 4 6 4 0 5 7 8 0 6 6 5 8
split_gain=2.0844 2.50498 4.65827 4.29356 3.88718 3.5569 3.8661 4.44699 3.50901 3.02578 1.92036 1.81243 4.22477 2.93333
threshold=409.54100000000005 -1.9574999999999998 18.662500000000005 2.7100000000000004 15.055000000000001 0.26350000000000007 7.0580000000000007 215.37750000000003 -0.53499999999999992 5.5755000000000008 5.7845000000000004 13.934500000000002 18.538500000000003 -1.7104999999999999
decision_type=2 2 2 2 2 2 2 2 2 2 2 2 2 2
left_child=1 2 -1 -4 8 -6 7 10 9 -3 -7 12 -2 -14
right_child=11 4 3 -5 5 6 -8 -9 -10 -11 -12 -13 13 -15
leaf_value=0.0089015516908174178 -0.00021225868372653361 -0.00011725311942057115 -0.012075258829389672 0.00068759202593887681 -0.00035706151631654804 0.00073974220677667244 0.017887237856594022 -0.0054921017538121404 0.0015135839085615487 -0.016320898067864444 0.0056608022727316831 0.0011308133887999005 -0.00050104509324663262 -0.0077924855033409436
leaf_weight=40 1148 41 48 46 66 45 62 67 78 58 41 127 48 40
leaf_count=40 1148 41 48 46 66 45 62 67 78 58 41 127 48 40
internal_value=-0.00028133 0.00219595 0.00820896 0.00212766 0.000436681 0.00409253 0.0072093 0.00294118 -0.00536723 -0.0116162 0.0104651 -0.0013573 -0.00194175 -0.0125
internal_weight=1955 592 134 94 458 281 215 153 177 99 86 1363 1236 88
internal_count=1955 592 134 94 458 281 215 153 177 99 86 1363 1236 88
is_linear=0
shrinkage=0.05


Tree=154
num_leaves=15
num_cat=0
split_feature=7 1 0 7 6 7 7 8 0 8 2 8 4 8
split_gain=2.33886 2.42294 2.59176 4.86986 8.77171 4.58781 5.02817 4.32145 10.101 8.02637 3.74538 8.82386 6.30327 3.96373
threshold=67.244500000000016 -0.99052327954040364 23.787000000000003 710.02100000000007 10.525500000000003 761.42000000000019 785.78800000000012 -1.4874999999999998 21.407500000000002 -1.3939999999999997 -0.96356381914947564 -1.0589999999999999 16.908500000000004 -0.87249999999999994
decision_type=2 2 2 2 2 2 2 2 2 2 2 2 2 2
left_child=-1 -2 7 4 -4 -5 -7 8 -3 -9 13 -12 -13 -8
right_child=1 2 3 5 -6 6 10 9 -10 -11 11 12 -14 -15
leaf_value=0.0014876508743552356 0.0020961424877914306 0.00023824883298332185 -0.00063197358250054463 0.0086112489444878822 -0.024818993132819912 -0.018865121148247729 0.00015084284409372373 -0.019205044036378051 0.026016129248173748 -0.00011135738691066544 -0.0030310422696553153 0.025524316610417569 0.0002096452865629317 -0.0034603201345786583
leaf_weight=64 79 396 77 47 59 42 51 41 44 761 113 56 53 72
leaf_count=64 79 396 77 47 59 42 51 41 44 761 113 56 53 72
internal_value=-2.55754e-05 -0.000343733 -0.000717439 -0.00350877 -0.0117647 -0.000921659 -0.00271318 0.000563607 0.00454545 -0.00162095 -0.000724638 0.00315315 0.0133028 -0.00772358
internal_weight=1955 1891 1812 570 136 434 387 1242 440 802 345 222 109 123
internal_count=1955 1891 1812 570 136 434 387 1242 440 802 345 222 109 123
is_linear=0
shrinkage=0.05


Tree=155
num_leaves=15
num_cat=0
split_feature=4 4 4 4 4 7 7 7 8 0 5 0 2 2
split_gain=2.00854 3.48594 3.45669 4.59055 5.74312 2.67895 1.74778 2.05523 6.10934 2.18344 3.6232 2.00315 5.33807 7.22259
threshold=36.02450000000001 32.843000000000011 30.909500000000005 29.209500000000002 27.945000000000004 67.244500000000016 894.16000000000008 867.93200000000013 -0.75599999999999989 33.95000000000001 20.884500000000006 20.669 -0.01291029607500894 -0.23208956585110249
decision_type=2 2 2 2 2 2 2 2 2 2 2 2 2 2
left_child=1 2 3 4 5 -1 7 9 -9 10 11 -7 13 -13
right_child=-2 -3 -4 -5 -6 6 -8 8 -10 -11 -12 12 -14 -15
leaf_value=0.0022346340564469934 0.0044920285600949933 -0.011998276104049767 0.0092111707748082031 -0.0090550282851255496 0.0059789979122665537 0.00013615825846411829 -0.00069845318552262952 0.011879509630391777 -0.00079039788256595194 -0.03262066535253777 0.009422038345535233 -0.00066797313319617033 -0.022079943932058289 0.012636804577752542
leaf_weight=49 41 56 49 56 63 858 128 65 43 42 51 363 41 50
leaf_count=49 41 56 49 56 63 858 128 65 43 42 51 363 41 50
internal_value=2.55754e-05 -0.000208986 0.000161464 -0.000193477 0.000256703 -0.000295858 -0.000639854 -0.000165235 0.00648148 -0.000676157 -0.000330154 -0.000838415 -0.00352423 -0.00181598
internal_weight=1955 1914 1858 1809 1753 1690 1641 1513 108 1405 1363 1312 454 413
internal_count=1955 1914 1858 1809 1753 1690 1641 1513 108 1405 1363 1312 454 413
is_linear=0
shrinkage=0.05


Tree=156
num_leaves=15
num_cat=0
split_feature=3 3 3 7 6 5 5 8 0 8 2 7 4 0
split_gain=2.51398 6.21616 5.72591 3.9094 3.43474 3.60104 4.67143 5.20185 4.77908 10.8094 8.87259 4.46901 5.07341 4.69366
threshold=51.978000000000009 29.003500000000006 61.166000000000004 864.45000000000016 8.3765000000000018 13.588000000000003 7.4680000000000009 -2.0149999999999992 2.9745000000000004 -0.84099999999999986 0.66485539796428639 225.49400000000003 20.472000000000005 11.053500000000001
decision_type=2 2 2 2 2 2 2 2 2 2 2 2 2 2
left_child=1 -1 -2 4 5 6 8 -8 9 -4 11 13 -13 -10
right_child=2 -3 3 -5 -6 -7 7 -9 10 -11 -12 12 -14 -15
leaf_value=-0.00011156634570353569 0.014378121629649644 -0.0068478832373781717 0.014153174944086844 0.01128553414887219 -0.00076615158180629202 -0.003868448132837632 -0.0001188638728654573 0.015319947081800052 0.0085609495960238483 -0.0002575648869944061 -0.019772963964532243 0.0062877645690450666 -0.014880915480065732 0.00022141283759480324
leaf_weight=788 40 88 59 41 412 46 48 97 42 76 55 46 40 77
leaf_count=788 40 88 59 41 412 46 48 97 42 76 55 46 40 77
internal_value=-0.000179028 -0.00216895 0.00143652 0.000721848 0.0001002 0.00255973 0.0037037 0.0113793 0.000886076 0.00851852 -0.00307692 0.00170732 -0.00697674 0.00798319
internal_weight=1955 876 1079 1039 998 586 540 145 395 135 260 205 86 119
internal_count=1955 876 1079 1039 998 586 540 145 395 135 260 205 86 119
is_linear=0
shrinkage=0.05


Tree=157
num_leaves=15
num_cat=0
split_feature=7 4 4 7 2 0 4 2 7 4 2 4 8 7
split_gain=2.60031 2.80507 6.2353 3.49806 3.72784 5.5 2.58055 4.0354 4.38966 3.52516 2.94754 4.49384 4.23211 5.58699
threshold=67.244500000000016 8.9145000000000021 8.2445000000000022 828.44100000000014 -0.49501433321452953 9.1375000000000011 11.201000000000002 0.32694223331140743 798.07300000000009 12.431500000000002 -0.82681243101696389 13.827000000000002 -0.14049999999999999 821.62250000000006
decision_type=2 2 2 2 2 2 2 2 2 2 2 2 2 2
left_child=-1 2 3 4 -2 -6 7 8 -3 -8 12 -12 13 -11
right_child=1 6 -4 -5 5 -7 9 -9 -10 10 11 -13 -14 -15
leaf_value=0.0010655159764930166 0.017780806454828168 0.018585573027378632 -0.0076596289251018579 -0.0052768009936715304 0.0039941684176161207 -0.011182314545417639 -0.012754030153431484 -0.0018425254132628036 -0.00022049632372794781 -0.013483340373161751 0.0076063371755208976 9.808210188977374e-07 0.013809183013293785 -0.00051696860787437402
leaf_weight=64 40 63 47 42 44 44 102 52 50 62 82 1063 62 138
leaf_count=64 40 63 47 42 44 44 102 52 50 62 82 1063 62 138
internal_value=-0.000537084 -0.000872554 -0.0062212 -0.00176471 0.00234375 -0.00340909 -0.000179211 0.00575758 0.0110619 -0.000828363 -0.000177683 0.000917031 -0.00496183 -0.0085
internal_weight=1955 1891 217 170 128 88 1674 165 113 1509 1407 1145 262 200
internal_count=1955 1891 217 170 128 88 1674 165 113 1509 1407 1145 262 200
is_linear=0
shrinkage=0.05


Tree=158
num_leaves=15
num_cat=0
split_feature=7 7 7 6 6 6 8 0 1 2 7 6 8 1
split_gain=2.52042 2.15781 2.70538 2.50652 2.29191 2.86166 3.20413 3.45634 10.4977 9.57618 3.50015 4.98764 4.06963 4.39255
threshold=67.244500000000016 143.32700000000003 180.04300000000003 -1.5384999999999998 0.68450000000000011 2.6240000000000006 -0.35499999999999993 11.879000000000001 0.9594338453294492 0.19429706169951341 421.47500000000008 8.7165000000000017 -2.5839999999999992 -0.9852109833579612
decision_type=2 2 2 2 2 2 2 2 2 2 2 2 2 2
left_child=-1 -2 -3 -4 -5 -6 7 9 10 -7 -9 -12 -13 -14
right_child=1 2 3 4 5 6 -8 8 -10 -11 11 12 13 -15
leaf_value=0.0010122401776683659 -0.0047049531868367913 0.010474368528974475 0.011637553919762941 -0.0045388913157844704 0.0067250656404980293 -0.020031287150061586 -0.0012867260481107369 0.010645392294235445 0.019829926001383381 8.3967677027790849e-05 -0.0033111547046856538 -0.0025250416883445485 0.002852049065449236 5.4858399889845537e-05
leaf_weight=64 80 40 46 63 97 61 425 67 63 200 118 44 67 520
leaf_count=64 80 40 46 63 97 61 425 67 63 200 118 44 67 520
internal_value=-0.000383632 -0.000713908 -0.000358918 -0.000649351 -0.000956522 -0.000601685 -0.00111821 0.000263158 0.00176337 -0.00478927 0.000245098 -0.000734312 0.00103011 0.00212947
internal_weight=1955 1891 1811 1771 1725 1662 1565 1140 879 261 816 749 631 587
internal_count=1955 1891 1811 1771 1725 1662 1565 1140 879 261 816 749 631 587
is_linear=0
shrinkage=0.05


Tree=159
num_leaves=15
num_cat=0
split_feature=7 4 4 8 6 4 1 4 8 0 0 8 4 8
split_gain=2.60031 2.34253 5.01243 2.70752 5.12059 3.83907 4.20484 4.21101 4.1121 4.48161 6.4738 4.21441 4.78706 4.04571
threshold=67.244500000000016 8.9145000000000021 8.2445000000000022 -0.68899999999999983 13.033500000000002 25.359000000000005 -0.93535928755917819 16.187000000000001 -1.1744999999999999 24.583500000000004 20.016500000000004 -1.0314999999999996 13.209000000000001 -1.8924999999999998
decision_type=2 2 2 2 2 2 2 2 2 2 2 2 2 2
left_child=-1 2 -2 5 -5 6 7 -3 9 10 -8 -10 -13 -7
right_child=1 3 -4 4 -6 13 8 -9 11 -11 -12 12 -14 -15
leaf_value=0.00096162816878494735 -0.00046766612772051607 0.013288771699209296 -0.0072793903988412571 -0.00022772816969838378 -0.0071450504173042884 0.00012560868427045625 -0.00084853623972929457 -0.00039195256292523241 0.004510286188320234 -0.012636095410774852 0.013892019440494442 0.012536007317179626 -0.0022882915693888117 0.014720540920274651
leaf_weight=64 170 64 47 596 60 129 300 67 51 132 47 42 106 80
leaf_count=64 170 64 47 596 60 129 300 67 51 132 47 42 106 80
internal_value=-0.000537084 -0.000872554 -0.00576037 -0.000238949 -0.0027439 0.00137525 -0.000185414 0.00801527 -0.00176991 -0.00427975 -0.00129683 0.00427136 0 0.00741627
internal_weight=1955 1891 217 1674 656 1018 809 131 678 479 347 199 148 209
internal_count=1955 1891 217 1674 656 1018 809 131 678 479 347 199 148 209
is_linear=0
shrinkage=0.05


Tree=160
num_leaves=15
num_cat=0
split_feature=7 6 1 2 0 4 6 6 2 6 1 0 0 3
split_gain=2.62722 1.73017 3.30095 3.82628 4.48094 3.00833 2.76418 5.18944 4.58597 4.14862 4.4292 3.44177 4.19379 9.81264
threshold=67.244500000000016 13.934500000000002 -0.88606241628642823 -0.21533487516747371 25.105000000000004 19.393500000000003 12.156000000000001 12.577500000000002 -0.96356381914947564 11.663500000000001 -0.78297285307474485 29.633500000000002 26.313000000000006 13.593000000000002
decision_type=2 2 2 2 2 2 2 2 2 2 2 2 2 2
left_child=-1 2 3 -2 -5 -3 9 -8 -9 10 -4 12 -12 -14
right_child=1 5 6 4 -6 -7 7 8 -10 -11 11 -13 13 -15
leaf_value=0.00091354676034570046 -0.0072114566860228104 -0.00030183979350598415 0.0085001325363575526 -0.0033271953020212633 0.0094227180627976751 0.013006192100429366 -0.0022214362333373458 -0.0034831783237590612 0.00014411359542213509 0.0082032591374683606 -0.00034435758918842098 -0.012166437336823432 0.030131529840543531 -0.0036217013250783082
leaf_weight=64 49 80 55 125 45 48 79 48 174 76 977 45 41 49
leaf_count=64 49 80 55 125 45 48 79 48 174 76 977 45 41 49
internal_value=-0.000588235 -0.000925436 -0.00133296 -0.00707763 -0.00352941 0.0046875 -0.000518135 -0.00481728 -0.000900901 0.000522928 -0.000214225 -0.000899281 -0.000328022 0.01
internal_weight=1955 1891 1763 219 170 128 1544 301 222 1243 1167 1112 1067 90
internal_count=1955 1891 1763 219 170 128 1544 301 222 1243 1167 1112 1067 90
is_linear=0
shrinkage=0.05


Tree=161
num_leaves=15
num_cat=0
split_feature=7 1 6 1 1 2 4 1 4 6 1 2 6 4
split_gain=2.62722 2.12549 1.90261 3.05367 4.29678 6.02855 3.00833 2.45 2.45 2.22944 4.38296 3.87376 3.71897 4.16864
threshold=67.244500000000016 0.99762106698677389 13.934500000000002 -0.91585580712236359 -0.99052327954040364 0.22790171382004171 19.393500000000003 -0.80392051724781044 16.908500000000004 12.100500000000002 0.97873101657557349 -0.96356381914947564 12.445000000000002 19.257000000000001
decision_type=2 2 2 2 2 2 2 2 2 2 2 2 2 2
left_child=-1 2 3 4 -2 8 7 -4 -6 10 -5 -11 -13 -14
right_child=1 -3 6 9 5 -7 -8 -9 -10 11 -12 12 13 -15
leaf_value=0.00086786942232841492 0.0014753653326355005 0.0053836142230417328 0.00098282298405697756 0.00013654612951635169 -0.0049020588123079968 0.00062328698759194022 0.012355882495407901 -0.022456733301940819 -0.016796318234626902 -0.0033090194075711104 -0.0060240160089978737 -0.0025746976195110032 0.0010014907721467084 -0.0042687055443534974
leaf_weight=64 62 47 40 1143 40 49 48 40 40 64 71 50 123 74
leaf_count=64 62 47 40 1143 40 49 48 40 40 64 71 50 123 74
internal_value=-0.000588235 -0.000925436 -0.00119306 -0.0016317 -0.00759162 -0.0127907 0.0046875 -0.00125 -0.02125 -0.000885246 8.23723e-05 -0.00466238 -0.00182186 0.00126904
internal_weight=1955 1891 1844 1716 191 129 128 80 80 1525 1214 311 247 197
internal_count=1955 1891 1844 1716 191 129 128 80 80 1525 1214 311 247 197
is_linear=0
shrinkage=0.05


Tree=162
num_leaves=15
num_cat=0
split_feature=7 8 8 1 5 3 6 7 4 5 7 0 3 1
split_gain=2.46785 1.99029 3.53519 4.22452 4.28776 6.70883 8.34143 5.69781 4.22638 3.45283 3.81803 5.35756 3.26324 4.71089
threshold=67.244500000000016 -0.35499999999999993 -0.25149999999999995 0.33302288323572038 5.7770000000000001 25.474000000000004 9.302500000000002 549.01300000000003 27.560000000000006 3.4560000000000004 698.1735000000001 4.8550000000000013 99.390000000000015 -0.59817537509284269
decision_type=2 2 2 2 2 2 2 2 2 2 2 2 2 2
left_child=-1 12 -3 4 -4 6 -6 -7 9 -5 11 -11 -2 -14
right_child=1 2 3 8 5 7 -8 -9 -10 10 -12 -13 13 -15
leaf_value=0.00082447595121199412 -0.00022795491387721662 -0.0066721059822747097 0.0048666732161501474 -0.0036429900536661566 -0.017089558353272759 0.00073052955392070027 0.014939230640216922 -0.011582642331790991 -0.012156499438161095 -0.00048637786730475478 -0.0088435166482099935 0.030143160703057392 0.0085517470999349095 0.00011517357491304132
leaf_weight=64 980 40 79 41 45 45 47 46 55 41 46 45 85 296
leaf_count=64 980 40 79 41 45 45 47 46 55 41 46 45 85 296
internal_value=-0.00028133 -0.000608144 -0.00320755 -0.00204082 0.00229008 -0.00191257 0.0076087 -0.0115385 -0.00701754 -0.00317919 0.000757576 0.00697674 0.000404115 0.00433071
internal_weight=1955 1891 530 490 262 183 92 91 228 173 132 86 1361 381
internal_count=1955 1891 530 490 262 183 92 91 228 173 132 86 1361 381
is_linear=0
shrinkage=0.05


Tree=163
num_leaves=15
num_cat=0
split_feature=7 1 1 8 4 6 5 0 7 3 8 8 8 6
split_gain=2.36438 1.91678 2.00416 4.57412 4.39321 3.56068 4.98886 3.20096 2.73759 2.81381 3.9908 2.59564 6.00789 8.88087
threshold=67.244500000000016 0.99762106698677389 0.81078196093106825 0.75250000000000006 22.279500000000002 11.701500000000001 10.441000000000001 12.186000000000002 143.32700000000003 99.416500000000028 0.20950000000000002 -1.9574999999999998 -1.3214999999999997 12.903500000000003
decision_type=2 2 2 2 2 2 2 2 2 2 2 2 2 2
left_child=-1 2 8 4 5 6 -4 -6 -2 11 -11 -10 13 -13
right_child=1 -3 3 -5 7 -7 -8 -9 9 10 -12 12 -14 -15
leaf_value=0.00078325215365139468 -0.0067698109472650219 0.0051086748331439953 -0.0012330522218672231 -0.033123875244516064 -0.00038291884832439564 0.0031347298477836429 -0.021286496678834123 0.017504907762150714 0.00053851044226590767 0.0030396564717091626 -0.0027079916697456464 -0.012186181712943818 6.3457805843314399e-05 0.00013285414100063785
leaf_weight=64 56 47 78 40 52 56 47 67 218 313 59 148 627 83
leaf_count=64 56 47 78 40 52 56 47 67 218 313 59 148 627 83
internal_value=-7.67263e-05 -0.000396616 -0.000650759 -0.00411765 -0.002 -0.00690608 -0.0116 0.00546218 0.000132979 0.000552486 0.00430108 -0.000743494 -0.00198135 -0.00887446
internal_weight=1955 1891 1844 340 300 181 125 119 1504 1448 372 1076 858 231
internal_count=1955 1891 1844 340 300 181 125 119 1504 1448 372 1076 858 231
is_linear=0
shrinkage=0.05


Tree=164
num_leaves=15
num_cat=0
split_feature=7 4 2 2 8 4 4 4 8 2 7 0 5 7
split_gain=2.31348 1.78272 1.58386 3.06176 1.98707 5.34405 3.97171 4.97057 3.92663 3.64901 6.10227 4.75636 6.7454 4.67742
threshold=67.244500000000016 5.9130000000000011 0.99055824379501012 0.97513228625088877 -0.16549999999999998 11.361500000000001 11.361500000000001 12.541500000000001 -0.59399999999999986 -0.85470766365158146 837.63650000000007 9.1375000000000011 6.4825000000000008 878.94650000000013
decision_type=2 2 2 2 2 2 2 2 2 2 2 2 2 2
left_child=-1 -2 3 4 6 -6 8 -8 -3 10 -9 12 -11 -12
right_child=1 2 -4 -5 5 -7 7 9 -10 11 13 -13 -14 -15
leaf_value=0.00074408954596882524 -0.0024742348442095431 0.000301054735831674 -0.016123706499147069 0.0029245400761931553 -0.026671535081334314 -0.00030222038010058183 -0.014732474658763095 -0.013392291203641516 0.024921089413194517 0.0036371996711905942 0.013918552406578827 0.00088101917529789526 -0.0043550621079803493 -0.0025742671980277967
leaf_weight=64 78 197 66 46 48 357 73 56 54 72 50 576 151 67
leaf_count=64 78 197 66 46 48 357 73 56 54 72 50 576 151 67
internal_value=2.55754e-05 -0.000290851 2.75786e-05 0.000314825 -2.93945e-05 -0.00308642 0.000925926 -0.000430622 0.00657371 0.000514403 -0.00606936 0.00193992 -0.00426009 0.00042735
internal_weight=1955 1891 1813 1747 1701 405 1296 1045 251 972 173 799 223 117
internal_count=1955 1891 1813 1747 1701 405 1296 1045 251 972 173 799 223 117
is_linear=0
shrinkage=0.05


Tree=165
num_leaves=15
num_cat=0
split_feature=5 4 4 4 4 4 6 1 4 7 4 3 2 0
split_gain=2.45457 2.42348 3.92815 2.13675 3.42705 2.7877 4.61128 5.00207 2.58505 3.58842 2.39528 2.31883 1.94346 3.40708
threshold=2.4055000000000004 13.981500000000002 19.698500000000006 8.9145000000000021 8.2445000000000022 11.299500000000002 11.556500000000002 -0.23803327706148572 12.431500000000002 666.25850000000014 5.9130000000000011 47.714500000000008 -0.23208956585110249 17.537500000000005
decision_type=2 2 2 2 2 2 2 2 2 2 2 2 2 2
left_child=1 -1 -3 4 10 6 7 -5 9 -7 -2 -12 13 -10
right_child=3 2 -4 5 -6 8 -8 -9 12 -11 11 -13 -14 -15
leaf_value=0.011903072591542855 -0.0036748580017399606 -0.005200398754851703 0.011172895743552264 0.0054882640764043981 -0.0069795289786675268 -0.04139017726156035 0.0058123161817087397 -0.01139253649740201 -0.0072739106113600127 0.00043604601143791278 -0.0082779692888429839 0.0023491963987133887 0.00024559484173787284 -3.535979804786815e-05
leaf_weight=47 72 46 61 41 43 42 64 59 96 47 40 49 765 483
leaf_count=47 72 46 61 41 43 42 64 59 96 47 40 49 765 483
internal_value=0.000434783 0.00649351 0.00233645 -8.32871e-05 -0.00490196 0.000532248 0.00670732 0 -0.000174459 -0.00842697 -0.0015528 0.00393258 0.000372024 -0.00181347
internal_weight=1955 154 107 1801 204 1597 164 100 1433 89 161 89 1344 579
internal_count=1955 154 107 1801 204 1597 164 100 1433 89 161 89 1344 579
is_linear=0
shrinkage=0.05


Tree=166
num_leaves=15
num_cat=0
split_feature=4 6 6 6 4 4 6 1 5 6 7 4 7 3
split_gain=1.94135 2.09858 3.86535 3.29529 1.98167 5.88306 3.25692 3.13815 3.54896 3.26299 2.84948 4.05834 3.72227 4.81718
threshold=5.9130000000000011 14.510500000000002 13.985000000000001 13.541500000000001 21.085000000000004 22.083500000000004 13.257000000000001 0.9927395293426734 14.889000000000001 12.231000000000002 717.91300000000012 24.062500000000004 487.15800000000007 99.746500000000012
decision_type=2 2 2 2 2 2 2 2 2 2 2 2 2 2
left_child=-1 2 3 4 6 -6 -2 8 9 10 11 -7 13 -13
right_child=1 -3 -4 -5 5 7 -8 -9 -10 -11 -12 12 -14 -15
leaf_value=-0.0025004220240056603 0.00026687557661540519 -0.014025896281145523 0.0045683459759324422 -0.0024405911206598686 -0.011460132514144251 -0.0057025607168346487 0.017628160990736375 0.013689825313930669 0.001342494263988052 -0.011873472291203875 0.016190902631554368 0.0056938039106521196 -0.0054835685002663339 -0.0010601443478453155
leaf_weight=80 1014 43 69 75 62 76 41 41 65 53 80 100 59 97
leaf_count=80 1014 43 69 75 62 76 41 41 65 53 80 100 59 97
internal_value=0.000127877 0.000453333 0.000709607 0.000255247 0.0007109 -0.00150079 0.00203791 8.75657e-05 -0.000943396 -0.00247312 -0.000970874 -0.00301205 0 0.00329949
internal_weight=1955 1875 1832 1763 1688 633 1055 571 530 465 412 332 256 197
internal_count=1955 1875 1832 1763 1688 633 1055 571 530 465 412 332 256 197
is_linear=0
shrinkage=0.05


Tree=167
num_leaves=15
num_cat=0
split_feature=0 0 7 0 7 0 3 3 5 8 1 1 6 7
split_gain=1.70948 1.52545 4.23549 4.20489 2.61026 3.04341 2.51744 3.77977 3.432 5.49042 3.1422 5.87709 5.64086 2.92567
threshold=-11.177499999999998 28.110000000000003 672.64850000000013 27.519500000000004 785.78800000000012 28.889500000000002 0.88050000000000017 0.13950000000000004 10.364500000000001 -1.5164999999999997 -0.86958133671945925 -0.74981945761428193 13.257000000000001 864.45000000000016
decision_type=2 2 2 2 2 2 2 2 2 2 2 2 2 2
left_child=-1 3 -3 6 -4 -6 7 8 -2 -10 -8 -12 13 -13
right_child=1 2 4 -5 5 -7 10 -9 9 -11 11 12 -14 -15
leaf_value=-0.0041748045709082363 0.0044483161403231497 0.016531372540950783 -0.028189408846355814 0.020097522343080113 -0.011526031354631944 0.00019464876471523979 -0.0024586175301139672 0.0070058497395619245 0.0071523268539903902 -0.0038518715633130253 0.007419053944799095 -7.0778051890951773e-05 -0.0037130823925696252 0.0057416263022210361
leaf_weight=40 45 42 71 42 44 144 166 42 58 82 59 973 41 106
leaf_count=40 45 42 71 42 44 144 166 42 58 82 59 973 41 106
internal_value=0.000230179 0.000443864 -0.00282392 0.00105328 -0.00521236 -0.00212766 0.000636132 0.00550661 0.00243243 -0.00142857 -0.000185874 0.00072095 -8.92857e-05 0.00060241
internal_weight=1955 1915 301 1614 259 188 1572 227 185 140 1345 1179 1120 1079
internal_count=1955 1915 301 1614 259 188 1572 227 185 140 1345 1179 1120 1079
is_linear=0
shrinkage=0.05


Tree=168
num_leaves=15
num_cat=0
split_feature=0 7 7 6 1 5 2 6 4 4 8 6 6 6
split_gain=1.59191 2.54432 5.69393 2.65138 3.29125 4.09091 4.4 3.93818 3.51221 7.09487 4.34095 2.12913 6.79328 5.31015
threshold=-11.177499999999998 411.89000000000004 389.25850000000008 8.323500000000001 0.017189842955271029 2.9565000000000006 -0.030120304846908235 4.6565000000000003 16.128500000000003 10.565500000000002 -1.8794999999999997 7.7665000000000015 7.1305000000000005 8.3765000000000018
decision_type=2 2 2 2 2 2 2 2 2 2 2 2 2 2
left_child=-1 2 3 4 8 6 -6 -7 9 -2 -10 12 -3 -13
right_child=1 11 -4 -5 5 7 -8 -9 10 -11 -12 13 -14 -15
leaf_value=-0.0039660643423628239 0.0011151882910735156 -0.00016725970076190145 0.0033673475327031161 -0.0028416682579712501 0.0091330016727679819 0.001214445644261433 -0.0024556966627831581 0.03807036958329571 -0.0014412664798992558 -0.018097259652438906 0.0036386339400793278 0.0078307508507878178 -0.025338616933461611 -0.00018085495755923911
leaf_weight=40 48 233 66 67 55 60 55 50 49 62 69 66 47 988
leaf_count=40 48 233 66 67 55 60 55 50 49 62 69 66 47 988
internal_value=-0.000127877 7.8329e-05 0.00283993 0.00106796 0.00245536 0.00681818 0 0.0136364 -0.00175439 -0.00818182 0.00423729 -0.00112444 -0.005 -9.48767e-05
internal_weight=1955 1915 581 515 448 220 110 110 228 110 118 1334 280 1054
internal_count=1955 1915 581 515 448 220 110 110 228 110 118 1334 280 1054
is_linear=0
shrinkage=0.05


Tree=169
num_leaves=15
num_cat=0
split_feature=7 8 7 5 8 8 8 6 4 3 6 0 0 0
split_gain=1.96422 3.64583 2.32783 3.6805 4.36227 4.22378 1.50445 1.5137 4.62236 3.2 2.80386 2.90175 2.00524 4.07366
threshold=114.37200000000001 -1.2454999999999998 149.91250000000002 2.5295000000000001 1.9225000000000001 1.1970000000000003 0.81350000000000011 13.934500000000002 19.393500000000003 2.6400000000000006 13.474500000000001 27.591000000000005 28.110000000000003 26.143500000000007
decision_type=2 2 2 2 2 2 2 2 2 2 2 2 2 2
left_child=1 -1 -2 -4 5 6 7 10 9 -9 12 -12 13 -5
right_child=2 -3 3 4 -6 -7 -8 8 -10 -11 11 -13 -14 -15
leaf_value=-0.0033170841810720251 -0.0092473573149536945 0.0068610104852163418 0.0076048965199361444 -0.00013407347332968015 -0.0062211769850970856 0.0084165920044118672 -0.01590743073297286 -0.0097326105815701228 0.011822766989194711 0.0023246096936652806 -0.0046678523720264098 0.00042247465960840728 -0.0018159411854723917 0.011127849556468034
leaf_weight=48 40 64 67 1101 42 43 47 40 46 40 47 42 177 111
leaf_count=48 40 64 67 1101 42 43 47 40 46 40 47 42 177 111
internal_value=-0.000179028 0.00625 -0.000569723 -0.000305047 -0.000748848 -0.000354191 -0.000757117 -0.000498753 0.0047619 -0.0025 -0.000947226 -0.00955056 -0.000395968 0.000330033
internal_weight=1955 112 1843 1803 1736 1694 1651 1604 126 80 1478 89 1389 1212
internal_count=1955 112 1843 1803 1736 1694 1651 1604 126 80 1478 89 1389 1212
is_linear=0
shrinkage=0.05


Tree=170
num_leaves=15
num_cat=0
split_feature=5 6 4 6 0 1 3 8 8 6 5 2 8 4
split_gain=1.7027 1.56523 3.00833 2.96802 2.70903 2.45 2.43985 3.41907 3.63414 4.09115 3.04466 2.57237 3.42202 2.54751
threshold=0.76950000000000018 13.934500000000002 19.393500000000003 13.474500000000001 27.688000000000006 -0.80392051724781044 4.7540000000000004 -2.1069999999999998 0.10350000000000001 7.6355000000000013 10.232500000000002 0.22790171382004171 -0.99149999999999994 5.9130000000000011
decision_type=2 2 2 2 2 2 2 2 2 2 2 2 2 2
left_child=-1 3 5 6 -5 -3 7 -2 9 -9 -11 12 -12 -8
right_child=1 2 -4 4 -6 -7 13 8 -10 10 11 -13 -14 -15
leaf_value=0.0042705304788692253 0.0064720335770263489 0.0018779951768735815 0.010917110885085258 -0.0055834041784369242 0.00040135092662798579 -0.020558023370042335 -0.0042856964089408979 -0.011824146543334503 0.0041797525052916732 0.0094625624669368701 0.0091951169784349595 0.0032590995941059932 -0.0063478076196510193 -0.00015984899485871966
leaf_weight=42 61 40 48 52 40 40 53 55 49 46 45 41 47 1296
leaf_count=42 61 40 48 52 40 40 53 55 49 46 45 41 47 1296
internal_value=-0.000434783 -0.000653424 0.0046875 -0.00103641 -0.00978261 -0.00125 -0.000561134 0.00319767 0.000883392 -0.0017094 0.00195531 -0.0018797 -0.00652174 -0.00151964
internal_weight=1955 1913 128 1785 92 80 1693 344 283 234 179 133 92 1349
internal_count=1955 1913 128 1785 92 80 1693 344 283 234 179 133 92 1349
is_linear=0
shrinkage=0.05


Tree=171
num_leaves=15
num_cat=0
split_feature=7 7 8 7 8 8 0 6 5 0 0 6 7 2
split_gain=2.07976 3.7909 3.22777 5.08554 1.85919 2.33441 1.50818 4.78859 3.65086 3.86123 3.41798 9.23424 4.15636 3.9292
threshold=880.4000000000002 864.45000000000016 -1.1164999999999998 897.9815000000001 1.9225000000000001 1.1970000000000003 20.669 12.992500000000001 11.498000000000003 24.426500000000004 17.906000000000002 9.3970000000000002 757.95150000000012 -0.29837325449147856
decision_type=2 2 2 2 2 2 2 2 2 2 2 2 2 2
left_child=1 4 -2 -4 5 6 10 8 -8 -10 12 -12 13 -1
right_child=2 -3 3 -5 -6 -7 7 -9 9 -11 11 -13 -14 -15
leaf_value=0.011688963863290281 0.00073619399063848965 0.0054782838583973675 -0.0050016183820845777 -0.00016553880282652589 -0.002922053928568813 0.00362630204188531 -0.00028740936975679145 0.00096711595491076889 -0.012460939171008762 -0.0018610773868877662 -0.003162601657521566 0.019297084973994585 -0.0094798754108671012 -0.00010439572497856209
leaf_weight=71 69 70 66 75 61 55 266 201 41 71 47 43 64 755
leaf_count=71 69 70 66 75 61 55 266 201 41 71 47 43 64 755
internal_value=-0.000537084 2.86533e-05 -0.0052381 -0.00957447 -0.000447761 -0.000123916 -0.000481078 -0.00250432 -0.00582011 -0.0133929 0.000714286 0.01 -0.000224719 0.000726392
internal_weight=1955 1745 210 141 1675 1614 1559 579 378 112 980 90 890 826
internal_count=1955 1745 210 141 1675 1614 1559 579 378 112 980 90 890 826
is_linear=0
shrinkage=0.05


Tree=172
num_leaves=15
num_cat=0
split_feature=7 8 7 7 8 6 5 2 7 3 3 8 4 1
split_gain=1.63933 2.89018 4.30798 2.69949 1.82152 4.24524 4.42482 3.01799 2.34999 2.26586 4.91442 2.55361 3.66953 2.86216
threshold=880.4000000000002 -1.1164999999999998 897.9815000000001 867.93200000000013 -2.4564999999999997 3.0010000000000003 12.350500000000002 0.1093682717844857 67.244500000000016 0.88050000000000017 0.085500000000000007 -1.8154999999999999 16.233000000000001 -0.89391031859722847
decision_type=2 2 2 2 2 2 2 2 2 2 2 2 2 2
left_child=3 -2 -3 4 5 -1 -7 -8 -6 10 -10 12 -11 -13
right_child=1 2 -4 -5 8 6 7 -9 9 11 -12 13 -14 -15
leaf_value=0.0025198469478813269 0.00069938429110656404 -0.0047515374629803434 -0.00015726186268519849 0.0058221108165719022 0.0011779176275318187 -0.011934570493078578 -0.0021161498935100332 0.0045726088809683657 0.00022349692140753719 0.0051374967258350336 0.0079387500612005946 -0.0032136019976434561 -0.00016700438675809615 -0.00017880955628312158
leaf_weight=86 69 66 75 56 51 80 41 45 154 71 43 120 99 899
leaf_count=86 69 66 75 56 51 80 41 45 154 71 43 120 99 899
internal_value=-0.000588235 -0.0047619 -0.00886525 -8.59599e-05 -0.00044405 -0.00436508 -0.00903614 -0.00116279 0.000243563 -0.0001443 0.00482234 -0.000967199 0.00470588 -0.00191364
internal_weight=1955 210 141 1745 1689 252 166 86 1437 1386 197 1189 170 1019
internal_count=1955 210 141 1745 1689 252 166 86 1437 1386 197 1189 170 1019
is_linear=0
shrinkage=0.05


Tree=173
num_leaves=15
num_cat=0
split_feature=4 8 7 3 5 7 4 3 6 5 8 7 7 5
split_gain=1.66551 2.26975 4.78087 3.96243 6.43983 3.67286 3.27133 4.50624 5.12759 4.41357 3.58848 4.66513 4.3947 6.5758
threshold=5.9130000000000011 -0.35499999999999993 810.87650000000019 99.358000000000018 5.7770000000000001 397.47250000000003 26.706500000000002 99.997000000000014 1.6825000000000003 6.1115000000000013 -1.2089999999999999 317.25450000000006 280.00700000000006 7.3175000000000008
decision_type=2 2 2 2 2 2 2 2 2 2 2 2 2 2
left_child=-1 6 3 4 -3 -6 7 8 -2 -8 12 -12 -9 -14
right_child=1 2 -4 -5 5 -7 9 10 -10 -11 11 -13 13 -15
leaf_value=-0.0024856050935505563 -0.015580476045195824 0.016405076244970108 -0.0032726463606518792 -0.0014467265897177173 -0.016382071016344757 0.00084458788053705456 -0.011420090970289976 -0.0074170830290622956 -0.00010600151242228795 0.0063677384619552722 0.021947817194013598 0.0005416042493699869 0.039835416226455422 -0.00028049632925543914
leaf_weight=80 59 76 104 199 40 122 46 64 791 147 47 53 41 86
leaf_count=80 59 76 104 199 40 122 46 64 791 147 47 53 41 86
internal_value=-0.000434783 -0.000133333 -0.00286506 -0.000572082 0.00378151 -0.00185185 0.000974513 -4.38212e-05 -0.00188235 0.00699482 0.00532646 0.013 0.0013089 0.00669291
internal_weight=1955 1875 541 437 238 162 1334 1141 850 193 291 100 191 127
internal_count=1955 1875 541 437 238 162 1334 1141 850 193 291 100 191 127
is_linear=0
shrinkage=0.05


Tree=174
num_leaves=15
num_cat=0
split_feature=6 1 7 2 3 8 5 8 1 1 8 6 6 5
split_gain=2.04624 1.59359 1.67724 4.97998 1.88383 4.46741 3.57764 4.13185 8.14012 6.91698 4.15959 3.05706 5.18097 6.2404
threshold=-2.4579999999999997 -0.9946616089973247 114.37200000000001 -0.019329104864998576 4.7540000000000004 0.10350000000000001 8.3510000000000009 -1.6409999999999998 -0.60776722227211322 -0.30451802849190396 -0.95499999999999985 14.135000000000002 13.107500000000002 14.641500000000002
decision_type=2 2 2 2 2 2 2 2 2 2 2 2 2 2
left_child=-1 -2 3 -3 5 6 -4 9 -9 -8 -10 12 -6 -14
right_child=1 2 4 -5 11 -7 7 8 10 -11 -12 -13 13 -15
leaf_value=0.0060493515388575086 -0.0016282216229724202 0.017735849996602684 0.0091731083856668033 -0.0010598288854724719 -0.00022141854120874828 0.0084335037054638195 -0.0022377316293409112 0.0041725867549974299 -0.00017273856410432442 0.022811137580968602 -0.021328102673700201 0.0046359890450218605 -0.010104459541866576 0.0009125620342535335
leaf_weight=41 60 40 42 69 1170 53 83 77 53 48 73 42 62 42
leaf_count=41 60 40 42 69 1170 53 83 77 53 48 73 42 62 42
internal_value=-7.67263e-05 -0.00031348 -5.39374e-05 0.0059633 -0.000429799 0.00244755 0.000531915 -0.0011976 -0.00566502 0.00572519 -0.0134921 -0.00136778 -0.00180534 -0.0125
internal_weight=1955 1914 1854 109 1745 429 376 334 203 131 126 1316 1274 104
internal_count=1955 1914 1854 109 1745 429 376 334 203 131 126 1316 1274 104
is_linear=0
shrinkage=0.05


Tree=175
num_leaves=15
num_cat=0
split_feature=7 7 5 7 6 4 5 4 4 0 5 1 4 5
split_gain=1.76231 4.72562 2.61643 1.88704 3.68278 1.5973 3.95517 4.46654 3.74215 3.7481 6.12451 3.69003 1.55224 3.73677
threshold=917.60000000000014 894.16000000000008 10.232500000000002 864.45000000000016 12.100500000000002 28.696000000000002 4.870000000000001 30.345500000000005 25.359000000000005 7.1480000000000006 11.348000000000001 0.064414007683963548 21.085000000000004 15.869500000000002
decision_type=2 2 2 2 2 2 2 2 2 2 2 2 2 2
left_child=1 3 -3 5 -5 8 -7 -8 12 -10 -11 -9 -1 -14
right_child=-2 2 -4 4 -6 6 7 11 9 10 -12 -13 13 -15
leaf_value=7.3665242925496932e-05 0.00085444964682971367 -0.0002435859953992925 -0.0041160086982819036 0.014246070150016776 -0.00082700431914851664 -0.014255892912299449 -0.0026716717444508738 -0.00057073096340770396 0.0057468839619146343 -0.007708675640737842 0.0089449792677135827 0.016910974948567269 -0.0022063621371453792 0.0010891351129325877
leaf_weight=1064 49 42 49 67 73 46 40 44 51 64 47 68 205 46
leaf_count=1064 49 42 49 67 73 46 40 44 51 64 47 68 205 46
internal_value=-0.000179028 -0.000419727 -0.0115385 0.000137741 0.00571429 -0.000328358 -0.00454545 -0.000657895 0.000236967 0.00740741 0.00225225 0.00446429 -0.000646388 -0.00418327
internal_weight=1955 1906 91 1815 140 1675 198 152 1477 162 111 112 1315 251
internal_count=1955 1906 91 1815 140 1675 198 152 1477 162 111 112 1315 251
is_linear=0
shrinkage=0.05


Tree=176
num_leaves=15
num_cat=0
split_feature=7 7 5 7 8 0 6 1 3 3 5 8 4 4
split_gain=1.99975 4.44656 2.17854 1.75552 4.54216 2.10823 2.01022 4.22453 2.16407 5.60277 3.5 2.97746 2.35111 2.84754
threshold=915.94150000000002 894.16000000000008 10.232500000000002 867.93200000000013 -0.75599999999999989 33.95000000000001 14.135000000000002 -0.99628894895067444 0.88050000000000017 0.085500000000000007 11.084500000000002 -1.5994999999999997 5.9130000000000011 8.2445000000000022
decision_type=2 2 2 2 2 2 2 2 2 2 2 2 2 2
left_child=1 3 -3 5 -5 6 7 -1 9 10 -9 -12 -10 -14
right_child=-2 2 -4 4 -6 -7 -8 8 12 -11 11 -13 13 -15
leaf_value=-0.0049983913953242018 0.00072489538068976067 -0.00024641805633156543 -0.0061266980453975111 0.012890646561913284 -0.0017787739290696131 -0.025423932631224846 0.0051131054635415564 0.0092712832733063688 -0.0038096943680741334 0.0076269609116770337 0.0016867193589031977 -0.0090001151703646819 0.0022718388155873715 -0.00017999780299819969
leaf_weight=44 56 41 43 74 52 44 67 40 54 44 46 54 69 1227
leaf_count=44 56 41 43 74 52 44 67 40 54 44 46 54 69 1227
internal_value=-0.000383632 -0.000658241 -0.0119048 -0.000137741 0.00555556 -0.000562463 -0.000273556 -0.000633714 -0.000195567 0.0048913 0 -0.005 -0.000888889 -0.000462963
internal_weight=1955 1899 84 1815 126 1689 1645 1578 1534 184 140 100 1350 1296
internal_count=1955 1899 84 1815 126 1689 1645 1578 1534 184 140 100 1350 1296
is_linear=0
shrinkage=0.05


Tree=177
num_leaves=15
num_cat=0
split_feature=7 7 5 1 1 8 4 6 6 8 6 6 7 1
split_gain=1.99975 4.44656 2.17854 1.66714 1.591 1.49509 5.0102 1.86931 1.86116 3.01129 4.79132 3.33542 2.97066 4.82639
threshold=915.94150000000002 894.16000000000008 10.232500000000002 -0.9946616089973247 -0.9852109833579612 1.7825000000000002 34.289500000000011 -2.1634999999999995 0.68450000000000011 -3.5274999999999994 3.9385000000000008 4.6565000000000003 339.74400000000009 0.31676515716386888
decision_type=2 2 2 2 2 2 2 2 2 2 2 2 2 2
left_child=1 3 -3 -1 -5 6 7 -6 -9 -10 12 -12 -11 -14
right_child=-2 2 -4 4 5 -7 -8 8 9 10 11 -13 13 -15
leaf_value=-0.0014464208207621927 0.00068865061165526709 -0.00023409715351498941 -0.0058203631431276333 0.0024188635112423742 0.0054685396539688128 -0.0025688331367730438 0.015934659038305234 -0.0020932947891077083 -0.0037175574949017357 0.00014896419231721361 -0.011910283995349193 -5.9650301285457676e-05 0.011371718895587336 0.0019265923436902349
leaf_weight=60 56 41 43 40 47 68 45 83 57 75 47 1196 51 46
leaf_count=60 56 41 43 40 47 68 45 83 57 75 47 1196 51 46
internal_value=-0.000383632 -0.000658241 -0.0119048 -0.000137741 0.00014245 -8.74636e-05 0.000212508 -0.000249688 -0.000546624 -0.00013587 0.000318021 -0.00076428 0.00813953 0.0139175
internal_weight=1955 1899 84 1815 1755 1715 1647 1602 1555 1472 1415 1243 172 97
internal_count=1955 1899 84 1815 1755 1715 1647 1602 1555 1472 1415 1243 172 97
is_linear=0
shrinkage=0.05


Tree=178
num_leaves=15
num_cat=0
split_feature=7 7 5 4 8 4 4 4 0 5 5 1 6 8
split_gain=1.99975 4.44656 2.17854 1.88049 2.26481 2.0486 2.24758 3.78664 1.91063 2.30193 7.0271 5.62768 6.78426 4.83752
threshold=915.94150000000002 894.16000000000008 10.232500000000002 32.843000000000011 -0.33599999999999997 30.909500000000005 29.209500000000002 27.945000000000004 33.38900000000001 16.174000000000003 13.356000000000002 -0.86958133671945925 13.033500000000002 -0.85549999999999982
decision_type=2 2 2 2 2 2 2 2 2 2 2 2 2 2
left_child=1 3 -3 5 -5 6 7 8 9 10 -1 12 -11 -12
right_child=-2 2 -4 4 -6 -7 -8 -9 -10 11 13 -13 -14 -15
leaf_value=0.00014461561778482401 0.00065421808107249966 -0.00022239229583923548 -0.005529344985971252 0.00014935687820562314 -0.011643322258015383 0.0052601192319770892 -0.004848791663531412 0.0056194074501886154 -0.021298663339411231 -0.0065632671578099381 -0.00022021499451921334 0.0044831676534485025 0.0058427250657935859 -0.024453183914563321
leaf_weight=1144 56 41 43 50 41 48 55 59 52 48 103 90 73 52
leaf_count=1144 56 41 43 50 41 48 55 59 52 48 103 90 73 52
internal_value=-0.000383632 -0.000658241 -0.0119048 -0.000137741 -0.00714286 0.000232019 -5.96659e-05 0.000277606 -0.000192061 0.00013245 -0.000654349 0.0049763 -0.00206612 -0.0106452
internal_weight=1955 1899 84 1815 91 1724 1676 1621 1562 1510 1299 211 121 155
internal_count=1955 1899 84 1815 91 1724 1676 1621 1562 1510 1299 211 121 155
is_linear=0
shrinkage=0.05


Tree=179
num_leaves=15
num_cat=0
split_feature=7 4 7 8 1 7 0 1 8 1 5 1 0 0
split_gain=1.93438 2.23811 2.3925 1.77952 1.60642 2.60911 3.46044 7.62605 3.6047 5.3506 3.77516 2.19283 3.95044 3.99522
threshold=915.94150000000002 32.843000000000011 904.22100000000012 -0.33599999999999997 0.81078196093106825 843.16050000000007 12.819000000000001 0.95747632178960107 -1.7754999999999999 0.93779576777868801 7.956500000000001 0.38118653245548312 -4.4759999999999991 12.819000000000001
decision_type=2 2 2 2 2 2 2 2 2 2 2 2 2 2
left_child=1 2 4 -3 11 6 8 -8 -6 -10 -11 -1 -13 -14
right_child=-2 3 -4 -5 5 -7 7 -9 9 10 -12 12 13 -15
leaf_value=-4.0554769328740584e-05 0.00062150717701887079 -0.0006274480222352969 -0.0044993449693959469 -0.011061156145114616 -0.011322000576470981 -0.0052528777366726903 -0.009859924391310438 0.033364777615775443 0.003679138895355147 -0.01896108177164085 7.3353611270579605e-05 -0.0041019025720295315 0.011271004918798871 0.00034731162419158193
leaf_weight=1122 56 52 42 41 51 47 58 55 52 40 45 46 119 129
leaf_count=1122 56 52 42 41 51 47 58 55 52 40 45 46 119 129
internal_value=-0.000230179 -0.000500263 -0.000110742 -0.00806452 0.000170068 -0.00287356 -0.00116279 0.00575221 -0.00531915 -0.00109489 -0.00882353 0.000918079 0.0047619 0.00725806
internal_weight=1955 1899 1806 93 1764 348 301 113 188 137 85 1416 294 248
internal_count=1955 1899 1806 93 1764 348 301 113 188 137 85 1416 294 248
is_linear=0
shrinkage=0.05


Tree=180
num_leaves=15
num_cat=0
split_feature=8 6 3 1 8 4 6 3 3 1 0 2 0 8
split_gain=1.67019 4.84496 4.84465 4.88197 2.36546 6.36677 2.92498 2.49481 5.6499 4.93682 4.47889 4.42468 5.00699 4.28466
threshold=-2.4564999999999997 3.0010000000000003 76.937500000000014 -0.7266007961912001 -2.0749999999999997 16.233000000000001 1.0000000180025095e-35 53.45150000000001 18.988500000000005 -0.10282099713736061 4.6680000000000001 0.22790171382004171 17.129500000000004 -1.5264999999999997
decision_type=2 2 2 2 2 2 2 2 2 2 2 2 2 2
left_child=1 -1 3 -3 5 -2 -6 8 10 -10 -8 12 -12 -14
right_child=4 2 -4 -5 6 -7 7 -9 9 -11 11 -13 13 -15
leaf_value=0.0013011640410381387 0.0097933488817785706 -0.0026512358809313574 -0.0054985093451582756 0.007476001834611984 -0.0022224731731643635 -0.00082216056340995666 -0.014685602990839378 0.0004576916726011765 0.00038033717421683271 -0.013711314484547044 -0.010508098337858885 0.0047757091038426406 -0.0022959214554615667 0.0019031714413673851
leaf_weight=86 56 40 73 59 59 74 79 824 49 78 49 101 75 253
leaf_count=86 56 40 73 59 59 74 79 824 49 78 49 101 75 253
internal_value=-0.000127877 -0.00387597 -0.00872093 -0.00151515 0.000441956 0.00692308 -9.57243e-05 0.000331565 -0.00190058 -0.0114173 0.0002693 0.00209205 -0.000397878 0.00182927
internal_weight=1955 258 172 99 1697 130 1567 1508 684 127 557 478 377 328
internal_count=1955 258 172 99 1697 130 1567 1508 684 127 557 478 377 328
is_linear=0
shrinkage=0.05


Tree=181
num_leaves=15
num_cat=0
split_feature=7 7 1 0 4 6 5 6 5 0 3 1 5 3
split_gain=1.8701 2.2968 1.68909 1.70079 1.9309 2.8869 2.08483 5.93647 6.15593 4.96449 3.75326 2.42 2.29049 4.74591
threshold=915.94150000000002 904.22100000000012 -0.9946616089973247 -11.177499999999998 5.9130000000000011 14.510500000000002 14.889000000000001 7.4190000000000014 17.550000000000001 30.414500000000004 2.2800000000000002 -0.86958133671945925 13.356000000000002 4.7540000000000004
decision_type=2 2 2 2 2 2 2 2 2 2 2 2 2 2
left_child=1 2 -1 -4 -5 6 9 -8 10 12 -9 -10 13 -6
right_child=-2 -3 3 4 5 -7 7 8 11 -11 -12 -13 -14 -15
leaf_value=-0.0012316495541465746 0.00076447167148200332 -0.0039791741448466592 -0.0033993841228954604 -0.0027561882350889636 0.0041889751235662251 -0.014935106589465154 -0.014907806382400036 0.0014864360581588244 -0.0011734784958610134 -0.013863343622510717 0.016024026121254455 0.0042998664843870828 -0.0018207268256927424 3.3824262463222346e-05
leaf_weight=60 56 42 40 73 165 40 40 41 75 49 58 45 105 1066
leaf_count=60 56 42 40 73 165 40 40 41 75 49 58 45 105 1066
internal_value=-7.67263e-05 -0.000342285 -8.07754e-05 0.000194769 0.000426864 0.000771971 0.00109489 0.00521236 0.00844749 0.00032491 0.0176768 0.000833333 0.000898204 0.00150284
internal_weight=1955 1899 1857 1797 1757 1684 1644 259 219 1385 99 120 1336 1231
internal_count=1955 1899 1857 1797 1757 1684 1644 259 219 1385 99 120 1336 1231
is_linear=0
shrinkage=0.05


Tree=182
num_leaves=15
num_cat=0
split_feature=7 7 1 8 4 8 5 4 5 0 2 6 6 1
split_gain=1.91284 2.89598 1.71227 1.63842 2.94631 1.57076 1.96489 3.08519 2.66145 3.9591 9.91084 6.65708 6.05927 5.87445
threshold=915.94150000000002 894.16000000000008 -0.9946616089973247 1.7825000000000002 34.289500000000011 1.2590000000000001 1.9480000000000002 13.56 7.0580000000000007 2.9745000000000004 0.64624608728844402 6.4940000000000007 7.8520000000000012 0.44380628866780453
decision_type=2 2 2 2 2 2 2 2 2 2 2 2 2 2
left_child=1 2 -1 4 5 6 7 -4 9 13 11 -11 -13 -8
right_child=-2 -3 3 -5 -6 -7 8 -9 -10 10 -12 12 -14 -15
leaf_value=-0.0011700670764392435 0.00072624808790789925 -0.0023661188689345805 0.012130637770274413 -0.0022783310159333703 0.014844192005368004 0.0029244138741185699 0.0048221550927605942 -0.00038159368992221783 0.00013917275558665289 0.014942897119656129 -0.017090695052420817 -0.034922863729561687 -0.0033364422374553338 -0.0021120984243259812
leaf_weight=60 56 84 40 68 46 40 70 68 1091 64 49 40 138 41
leaf_count=60 56 84 40 68 46 40 70 68 1091 64 49 40 138 41
internal_value=-0.000179028 -0.000447604 -2.75482e-05 0.00025641 0.00056313 0.000213285 -3.12305e-05 0.00648148 -0.000502344 -0.0039801 -0.00704467 -0.00289256 -0.00786517 0.00405405
internal_weight=1955 1899 1815 1755 1687 1641 1601 108 1493 402 291 242 178 111
internal_count=1955 1899 1815 1755 1687 1641 1601 108 1493 402 291 242 178 111
is_linear=0
shrinkage=0.05


Tree=183
num_leaves=15
num_cat=0
split_feature=7 7 1 6 1 3 1 6 7 4 8 1 4 8
split_gain=1.76539 3.13599 1.86705 4.35083 3.63 4.0605 2.92426 3.44453 4.31366 3.05079 2.78401 2.77525 2.63669 2.56499
threshold=915.94150000000002 894.16000000000008 -0.91585580712236359 14.260000000000002 -0.94130860066615807 1.0000000180025095e-35 -0.58011068582918257 13.033500000000002 448.02200000000005 17.226000000000003 -1.9384999999999997 -0.44380628866780414 15.484500000000002 0.20950000000000002
decision_type=2 2 2 2 2 2 2 2 2 2 2 2 2 2
left_child=1 2 4 6 5 -1 7 8 9 -4 -7 -8 -10 -13
right_child=-2 -3 3 -5 -6 10 11 -9 12 -11 -12 13 -14 -15
leaf_value=0.011780598886124656 0.00068993568351249923 -0.0022478129254878522 0.00026851162109445829 -0.019736901687269853 -0.0065823024293752506 0.00046390841397166984 -0.0034874396625035513 0.011298318785152296 0.00038637229204012695 0.0077231061081501134 -0.0027595837334787572 0.0003095967769925927 -0.0011134870594281087 -0.00080343377241613452
leaf_weight=45 56 84 45 54 40 47 84 50 50 60 108 912 73 247
leaf_count=45 56 84 45 54 40 47 84 50 50 60 108 912 73 247
internal_value=0.000179028 -7.89889e-05 0.000358127 0.000984127 -0.00375 -0.001 0.00147929 0.00611511 0.00350877 0.0109524 -0.00483871 0.000442478 -0.00284553 0.00107852
internal_weight=1955 1899 1815 1575 240 200 1521 278 228 105 155 1243 123 1159
internal_count=1955 1899 1815 1575 240 200 1521 278 228 105 155 1243 123 1159
is_linear=0
shrinkage=0.05


Tree=184
num_leaves=15
num_cat=0
split_feature=1 6 5 1 6 4 4 2 2 2 6 7 5 2
split_gain=1.9233 3.85333 4.98909 3.88889 2.10784 2.23579 4.85185 3.08167 2.63576 3.61022 3.79263 3.3372 4.51806 4.61049
threshold=-0.91585580712236359 13.985000000000001 16.755500000000005 -0.98801351631316325 14.260000000000002 5.9130000000000011 7.785000000000001 0.99055824379501012 0.97513228625088877 0.92284787786233202 3.4870000000000005 186.78150000000002 2.9565000000000006 -0.26781430516217447
decision_type=2 2 2 2 2 2 2 2 2 2 2 2 2 2
left_child=1 2 3 -1 5 -2 -7 8 9 11 -11 12 13 -8
right_child=4 -3 -4 -5 -6 6 7 -9 -10 10 -12 -13 -14 -15
leaf_value=0.017223327273055356 -0.0025399003026446046 0.0071719375063682925 -0.0023476859769188453 -0.0031793491434192948 -0.016023508470398497 0.0059935097671669482 0.010479087660516962 -0.013931457756843086 0.0021298688413243119 -0.01373583045440733 0.00059473276147421067 0.00010665092821353639 0.019323654482951438 -0.0033058971317399739
leaf_weight=40 71 40 88 72 56 58 44 67 46 50 42 1193 46 42
leaf_count=40 71 40 88 72 56 58 44 67 46 50 42 1193 46 42
internal_value=2.55754e-05 -0.00416667 -0.007 0 0.000612245 0.000934298 0.00132242 0.000784314 0.00126452 0.000882145 -0.00869565 0.00154717 0.00909091 0.00232558
internal_weight=1955 240 200 112 1715 1659 1588 1530 1463 1417 92 1325 132 86
internal_count=1955 240 200 112 1715 1659 1588 1530 1463 1417 92 1325 132 86
is_linear=0
shrinkage=0.05


Tree=185
num_leaves=15
num_cat=0
split_feature=6 7 7 8 6 2 4 8 5 1 7 5 0 0
split_gain=2.00854 1.92666 2.24181 1.84904 2.58074 2.61474 4.88668 6.14911 7.00626 3.93217 3.72837 5.47018 7.49639 5.38598
threshold=-2.4579999999999997 915.94150000000002 904.22100000000012 -3.9249999999999994 1.0000000180025095e-35 0.6971494193916894 17.392500000000002 -1.8039999999999998 7.5630000000000015 -0.038721922313638066 186.78150000000002 4.870000000000001 17.537500000000005 14.181000000000003
decision_type=2 2 2 2 2 2 2 2 2 2 2 2 2 2
left_child=-1 2 3 -2 -5 10 7 -7 -9 -10 13 12 -12 -6
right_child=1 -3 -4 4 5 6 -8 8 9 -11 11 -13 -14 -15
leaf_value=0.0055819820937575027 -0.0047277733699265523 0.00065010635292620531 -0.0035548513942938787 -0.0020196166534109049 0.010958235196463217 0.0034649583343963133 0.0021924136372730497 -0.039122247849612102 -0.0022932192493878012 0.0052925443609492251 -0.016545606780065902 -2.9474244855274073e-05 -0.0003080467143135202 -0.0084059996632223528
leaf_weight=41 43 56 42 58 74 40 193 45 40 42 45 1117 68 51
leaf_count=41 43 56 42 58 74 40 193 45 40 42 45 1117 68 51
internal_value=2.55754e-05 -0.000208986 -0.000484392 -0.000220264 2.82008e-05 0.000379009 0.00416667 -0.00209581 -0.00748031 0.00121951 -0.000627306 -0.00146341 -0.0119469 0.0076
internal_weight=1955 1914 1858 1816 1773 1715 360 167 127 82 1355 1230 113 125
internal_count=1955 1914 1858 1816 1773 1715 360 167 127 82 1355 1230 113 125
is_linear=0
shrinkage=0.05


Tree=186
num_leaves=15
num_cat=0
split_feature=1 8 4 3 7 0 1 8 1 4 4 7 7 4
split_gain=1.90106 3.28184 5.48898 3.82287 2.86099 4.14183 2.57222 6.87509 2.52638 2.92401 3.69156 1.55757 5.92998 4.70505
threshold=-0.89391031859722847 -1.1009999999999998 23.573000000000004 75.231000000000009 630.9380000000001 25.315500000000004 -0.78297285307474485 -0.91349999999999987 -0.7383195169062905 5.9130000000000011 7.785000000000001 517.37950000000012 572.68200000000013 10.267000000000001
decision_type=2 2 2 2 2 2 2 2 2 2 2 2 2 2
left_child=1 2 4 -3 -1 -6 7 -2 -8 -10 -11 13 -13 -12
right_child=6 3 -4 -5 5 -7 8 -9 9 10 11 12 -14 -15
leaf_value=0.0056611841980307711 -0.00019632350858578024 -0.00017320992397961977 -0.00359539133604872 -0.015376111733741938 -0.002315216639437487 0.0054626238884915692 -0.0056986697016271296 0.0070441275772190172 -0.0026920043922002536 0.0037603941316708082 -0.034146420974317408 0.015873568771725865 8.9218390888609619e-05 -7.1193495889376743e-05
leaf_weight=48 78 46 46 41 40 49 40 42 63 57 48 43 703 611
leaf_count=48 78 46 46 41 40 49 40 42 63 57 48 43 703 611
internal_value=-0.000179028 -0.00407407 -0.000273224 -0.012069 0.00474453 -0.000561798 0.000445104 0.0075 -9.58466e-05 0.000229508 0.000683995 0.000177936 0.00174263 -0.00159332
internal_weight=1955 270 183 87 137 89 1685 120 1565 1525 1462 1405 746 659
internal_count=1955 270 183 87 137 89 1685 120 1565 1525 1462 1405 746 659
is_linear=0
shrinkage=0.05


Tree=187
num_leaves=15
num_cat=0
split_feature=1 7 2 1 1 8 4 4 6 6 3 3 6 6
split_gain=1.97745 2.88706 3.14117 4.78755 2.16453 5.57312 2.13607 2.16119 2.28979 2.36642 3.56654 4.5 3.50719 5.73833
threshold=-0.91585580712236359 692.51900000000012 0.22790171382004171 -0.99052327954040364 -0.78297285307474485 -0.91349999999999987 5.9130000000000011 7.785000000000001 13.779000000000002 12.698500000000001 4.972500000000001 62.255000000000003 12.231000000000002 11.663500000000001
decision_type=2 2 2 2 2 2 2 2 2 2 2 2 2 2
left_child=1 2 3 -1 5 -2 -6 -8 9 12 -11 -12 13 -9
right_child=4 -3 -4 -5 6 -7 7 8 -10 10 11 -13 -14 -15
leaf_value=-0.0001501088656266525 -3.7594648437935982e-05 0.0015582376111215491 0.00164169109987602 -0.015096528518462562 -0.0025381385106363272 0.005299552277998755 0.0035723744250872659 -0.00012538018144223133 -0.0030731278443554724 0.0096961578757246321 -0.0051724886961637519 0.0022565627634125807 -0.0021012988383164429 0.0068176041173542258
leaf_weight=67 98 56 51 66 66 52 57 1074 62 56 40 50 79 81
leaf_count=67 98 56 51 66 66 52 57 1074 62 56 40 50 79 81
internal_value=-0.000332481 -0.00458333 -0.0076087 -0.0116541 0.000262391 0.006 -0.00028754 0.000100067 -0.000277393 0.000144928 0.00616438 0 -0.000567261 0.00012987
internal_weight=1955 240 184 133 1715 150 1565 1499 1442 1380 146 90 1234 1155
internal_count=1955 240 184 133 1715 150 1565 1499 1442 1380 146 90 1234 1155
is_linear=0
shrinkage=0.05


Tree=188
num_leaves=15
num_cat=0
split_feature=4 7 2 2 4 4 1 0 1 4 6 0 5 5
split_gain=1.68507 3.52209 4.7175 3.24394 2.06946 3.90486 2.87477 2.74286 2.02976 4.50917 5.75582 7.12607 5.32251 3.09912
threshold=8.9145000000000021 828.44100000000014 -0.49501433321452953 0.70329649815198148 10.885000000000003 10.368500000000003 -0.99273952934267318 18.175500000000003 -0.78297285307474485 14.861000000000002 7.3420000000000014 16.487000000000005 14.889000000000001 13.425000000000002
decision_type=2 2 2 2 2 2 2 2 2 2 2 2 2 2
left_child=1 2 -1 -4 5 7 -6 -2 9 -8 -11 -12 -13 -10
right_child=4 -3 3 -5 6 -7 8 -9 13 10 11 12 -14 -15
leaf_value=0.013989428147306589 -0.0080101839045544996 -0.0027895062913312675 -0.010554901121257055 0.00017914785732581762 -0.0016679708659117721 0.016336976842426021 0.0080817447142877974 0.0010239204276744768 3.4873798113072006e-05 -0.011111928545824358 0.0059492038845103071 -0.028104226317403926 0.0038794331151675355 -0.0017981114168909144
leaf_weight=50 40 55 57 62 57 49 47 56 1072 41 41 43 85 200
leaf_count=50 40 55 57 62 57 49 47 56 1072 41 41 43 85 200
internal_value=-0.000383632 -0.00446429 -0.000887574 -0.00630252 0.000144425 0.00586207 -0.00037831 0 3.27011e-05 0.0040856 0.000952381 0.00502959 -0.00078125 -0.000786164
internal_weight=1955 224 169 119 1731 145 1586 96 1529 257 210 169 128 1272
internal_count=1955 224 169 119 1731 145 1586 96 1529 257 210 169 128 1272
is_linear=0
shrinkage=0.05


Tree=189
num_leaves=15
num_cat=0
split_feature=1 1 8 4 0 2 8 6 6 6 8 8 1 8
split_gain=1.53095 2.21741 5.42932 6.94693 2.09663 4.90871 2.54703 2.60515 4.32635 5.46642 3.92 4.81667 4.00476 2.79662
threshold=0.99762106698677389 0.94697898371965716 -0.16549999999999998 22.230500000000003 12.637000000000002 0.26123699986315735 -2.9569999999999994 7.1305000000000005 9.541500000000001 10.193000000000001 -0.12599999999999997 -1.2454999999999998 0.3491821996099142 -1.8154999999999999
decision_type=2 2 2 2 2 2 2 2 2 2 2 2 2 2
left_child=1 4 3 -3 5 -1 -6 -8 10 -10 11 -9 -13 -11
right_child=-2 2 -4 -5 6 -7 7 8 9 13 -12 12 -14 -15
leaf_value=0.0095513485698311973 0.0015771693497797093 -0.010500878610348619 -0.020889925161216728 0.013364022769797047 -0.0055985938959860846 3.5162239955155443e-05 0.0016865073781347885 -0.010372156376791031 0.017714459150646445 0.0015169387130153035 -0.035012458726199847 0.012270705161112408 -0.0050645076170958703 -0.00036866032470682099
leaf_weight=44 48 61 50 60 46 615 143 64 59 127 40 56 40 502
leaf_count=44 48 61 50 60 46 615 143 64 59 127 40 56 40 502
internal_value=-0.000485934 -0.000707918 -0.00614035 -0.000413223 -0.000172811 0.00204856 -0.00153203 -0.00101843 -0.00202703 -0.000145349 -0.0085 -0.005 0.00208333 -0.00151033
internal_weight=1955 1907 171 121 1736 659 1077 1031 888 688 200 160 96 629
internal_count=1955 1907 171 121 1736 659 1077 1031 888 688 200 160 96 629
is_linear=0
shrinkage=0.05


Tree=190
num_leaves=15
num_cat=0
split_feature=5 4 6 5 1 8 8 8 4 4 5 3 4 1
split_gain=2.04286 3.13424 4.29245 2.23803 2.13507 2.53015 3.12181 3.41694 2.43221 5.56364 3.55767 3.83507 3.21114 2.98246
threshold=2.4055000000000004 13.981500000000002 4.7615000000000007 2.9070000000000005 0.99762106698677389 1.9225000000000001 1.1970000000000003 0.81350000000000011 27.945000000000004 29.137000000000004 4.495000000000001 99.746500000000012 26.050000000000004 0.28397372121269165
decision_type=2 2 2 2 2 2 2 2 2 2 2 2 2 2
left_child=1 -1 -3 -2 5 6 7 8 10 -10 11 -5 -12 -11
right_child=3 2 -4 4 -6 -7 -8 -9 9 13 12 -13 -14 -15
leaf_value=0.012482774388280236 -0.017142561840683492 -0.0026792707894832709 0.001003145851723962 0.01280501317986342 0.0084718157376246894 -0.0046873658868058499 0.0076386674780993787 -0.020071593639033703 0.013270768155840836 -0.00092392484353783226 -0.00014705459135275767 -0.00032468001261941608 -0.0023189924357010505 0.0037413788038701545
leaf_weight=47 40 62 45 40 43 43 43 45 44 60 1251 47 69 76
leaf_count=47 40 62 45 40 43 43 43 45 44 60 1251 47 69 76
internal_value=-0.000332481 0.00519481 0.00046729 -0.000805108 -0.000539466 -0.000814901 -0.000507463 -0.000857843 -0.00047259 0.005 -0.00117271 0.00862069 -0.00181818 0
internal_weight=1955 154 107 1801 1761 1718 1675 1632 1587 180 1407 87 1320 136
internal_count=1955 154 107 1801 1761 1718 1675 1632 1587 180 1407 87 1320 136
is_linear=0
shrinkage=0.05


Tree=191
num_leaves=15
num_cat=0
split_feature=7 7 8 4 1 2 2 4 2 4 4 0 2 4
split_gain=2.02177 2.7304 2.05155 1.3616 1.28363 1.25932 1.88986 1.64969 2.60578 1.70269 4.11172 3.85398 5.83451 3.54891
threshold=915.94150000000002 894.16000000000008 1.7825000000000002 34.289500000000011 0.3491821996099142 0.99276848381014016 0.97513228625088877 6.9635000000000007 -0.33100558041451072 11.201000000000002 12.431500000000002 28.243500000000004 0.37522380421282725 13.418500000000002
decision_type=2 2 2 2 2 2 2 2 2 2 2 2 2 2
left_child=1 2 3 5 -3 6 7 8 -1 11 -11 12 -9 -12
right_child=-2 4 -4 -5 -6 -7 -8 9 -10 10 13 -13 -14 -15
leaf_value=0.00013184042639438064 0.00075827560402181866 -0.00057829086338465616 -0.0019437805190474335 0.0094136796077773123 -0.0056583199455096161 -0.0089971323395855677 0.0022302557548457827 0.012603077721047752 -0.002868026870626603 -0.015392349042959531 0.010044384846035242 -0.011480585223132694 -0.0011320083757633854 -7.2846162878340007e-05
leaf_weight=55 56 43 68 48 41 63 54 119 46 85 74 40 72 1091
leaf_count=55 56 43 68 48 41 63 54 119 46 85 74 40 72 1091
internal_value=-0.000434783 -0.0007109 -0.00030303 2.86205e-05 -0.00952381 -0.000206004 6.11247e-05 -0.000252845 -0.00643564 0.000168805 -0.00056 0.00411255 0.00706806 0.000214592
internal_weight=1955 1899 1815 1747 84 1699 1636 1582 101 1481 1250 231 191 1165
internal_count=1955 1899 1815 1747 84 1699 1636 1582 101 1481 1250 231 191 1165
is_linear=0
shrinkage=0.05


Tree=192
num_leaves=15
num_cat=0
split_feature=2 6 8 8 7 7 4 4 2 8 2 8 7 7
split_gain=1.99828 6.394 3.71422 4.29119 2.37761 2.76844 2.41315 3.23345 5.9101 2.96374 2.58625 2.17147 2.14785 2.29468
threshold=-0.96356381914947564 12.156000000000001 -0.094499999999999987 -0.91349999999999987 917.60000000000014 895.08650000000011 8.9145000000000021 10.885000000000003 0.32694223331140743 -0.63049999999999995 0.76110425866077447 -1.3939999999999997 864.45000000000016 448.02200000000005
decision_type=2 2 2 2 2 2 2 2 2 2 2 2 2 2
left_child=1 2 3 -1 5 6 9 8 -8 10 11 -2 13 -9
right_child=4 -3 -4 -5 -6 -7 7 12 -10 -11 -12 -13 -14 -15
leaf_value=0.0047711138409559407 -0.0098482274033534489 -0.0014510563972769898 0.016530813615183351 -0.0043910763798949955 0.00095769642991035413 -0.0038890265658338297 0.014821479908169205 0.00053529954174421637 -0.0011783465343169126 0.002928862878150057 0.00076644305217236095 -0.0011775647317782967 0.0039637635124748381 -0.00021462875263200676
leaf_weight=45 54 61 43 42 44 50 71 563 45 47 41 40 72 737
leaf_count=45 54 61 43 42 44 50 71 563 45 47 41 40 72 737
internal_value=-0.000639386 -0.00549738 0.000769231 -0.00517241 -0.000113379 -0.000406977 -5.98802e-05 0.000604839 0.00862069 -0.00549451 -0.00925926 -0.0138298 -7.28863e-05 -0.000538462
internal_weight=1955 191 130 87 1764 1720 1670 1488 116 182 135 94 1372 1300
internal_count=1955 191 130 87 1764 1720 1670 1488 116 182 135 94 1372 1300
is_linear=0
shrinkage=0.05


Tree=193
num_leaves=15
num_cat=0
split_feature=4 4 2 2 2 7 6 6 8 6 6 8 0 7
split_gain=2.57891 3.60489 3.25079 4.3631 3.66828 2.68492 2.12736 2.1089 4.02141 3.92204 4.21655 3.55092 3.40567 3.12422
threshold=10.368500000000003 10.885000000000003 -0.57240397273781507 -0.96356381914947564 0.72731766296277522 586.20500000000015 -1.5384999999999998 0.68450000000000011 -3.5274999999999994 5.283500000000001 5.7205000000000004 1.0000000180025095e-35 -1.107 180.04300000000003
decision_type=2 2 2 2 2 2 2 2 2 2 2 2 2 2
left_child=2 -2 3 -1 5 -4 -3 -8 -9 11 -11 -10 -12 -14
right_child=1 6 4 -5 -6 -7 7 8 9 10 12 -13 13 -15
leaf_value=-0.0025896061912989766 0.014080405912760746 0.0045073936984112552 -0.015430270690932611 0.0068031372741098163 -7.8322264655009144e-05 -0.0034305475748669075 -0.0022516141490031283 -0.0031923041516032399 0.0052887009320683525 -0.010701921200033342 0.0028698995456895391 -0.0034559823843462734 0.0014584677272254543 -0.00016804889774558603
leaf_weight=47 49 43 44 93 78 58 60 62 176 42 48 75 49 1031
leaf_count=47 49 43 44 93 78 58 60 62 176 42 48 75 49 1031
internal_value=-0.000895141 -9.17431e-05 -0.005 0.000714286 -0.00944444 -0.0156863 -0.000504414 -0.00081011 -0.000438301 0.000105559 -0.00111111 0.00577689 -0.000531915 -0.00111111
internal_weight=1955 1635 320 140 180 102 1586 1543 1483 1421 1170 251 1128 1080
internal_count=1955 1635 320 140 180 102 1586 1543 1483 1421 1170 251 1128 1080
is_linear=0
shrinkage=0.05


Tree=194
num_leaves=15
num_cat=0
split_feature=2 5 1 5 3 4 3 3 3 1 4 7 0 3
split_gain=1.8335 5.82857 8.16105 2.90909 1.96639 4.68928 4.40056 5.27017 4.8258 4.03187 5.15748 3.51275 6.94691 4.76342
threshold=-0.96356381914947564 6.5595000000000008 -0.0687085824022272 8.8930000000000025 4.7540000000000004 19.937500000000004 51.978000000000009 63.679500000000012 29.003500000000006 -0.42109697129093543 15.964500000000001 785.78800000000012 22.304000000000006 76.470000000000013
decision_type=2 2 2 2 2 2 2 2 2 2 2 2 2 2
left_child=1 -1 -3 -4 5 9 8 -8 -6 10 -2 13 -13 -9
right_child=4 2 3 -5 6 -7 7 11 -10 -11 -12 12 -14 -15
leaf_value=0.012803275934720117 -0.00015462747720393287 -0.011002894673671125 0.012161637052957431 -0.0012742939969711516 -0.00049805470179454527 0.0022557167183051593 0.0081999689922580277 -0.0062677450225466841 -0.0036203272533534368 0.0023300304756078052 -0.035642452226411339 -0.0031357025069283953 0.018484660480262049 -8.7566386934354045e-05
leaf_weight=57 94 46 44 44 300 160 48 48 76 110 40 40 59 789
leaf_count=57 94 46 44 44 300 160 48 48 76 110 40 40 59 789
internal_value=-0.00084399 -0.00549738 -0.011194 -0.00227273 -0.000340136 0.00272277 -0.00125 0.00050813 -0.00585106 -0.00163934 -0.00746269 -0.000320513 0.00858586 -0.00137395
internal_weight=1955 191 134 88 1764 404 1360 984 376 244 134 936 99 837
internal_count=1955 191 134 88 1764 404 1360 984 376 244 134 936 99 837
is_linear=0
shrinkage=0.05


Tree=195
num_leaves=15
num_cat=0
split_feature=4 1 5 3 6 6 8 8 6 8 7 8 2 2
split_gain=1.53084 3.85951 4.4863 4.05484 2.7369 1.76793 4.67638 3.15907 4.20294 2.82109 2.71083 2.74646 2.69107 2.98549
threshold=9.9290000000000003 0.68316050797561612 8.0230000000000015 99.997000000000014 10.411000000000001 1.1700000000000002 -2.3144999999999993 -3.5274999999999994 5.283500000000001 1.0000000180025095e-35 457.13850000000008 -1.2454999999999998 0.92933244589178743 -0.72802780115698473
decision_type=2 2 2 2 2 2 2 2 2 2 2 2 2 2
left_child=1 2 3 -1 -4 6 -2 -7 9 10 11 -9 13 -10
right_child=5 -3 4 -5 -6 7 -8 8 12 -11 -12 -13 -14 -15
leaf_value=0.013241227059056386 0.0013821122201060397 -0.0057081408651533444 -7.0027832075542093e-05 -0.00060973599216312057 -0.0080354817719669128 -0.0018893594569583672 -0.0024384875768752425 0.0046567188438319173 -0.00077531206897773488 -0.00038963198365487423 0.00059590740326236904 0.014459503124384916 -0.0057208473470125535 0.00032278840380841614
leaf_weight=53 54 41 76 42 84 59 77 80 377 74 46 43 52 797
leaf_count=53 54 41 76 42 84 59 77 80 377 74 46 43 52 797
internal_value=-0.000741688 -0.00405405 -0.00176471 0.00684211 -0.006875 -0.000150693 -0.00572519 0.000327225 0.000782845 0.00679012 0.010355 0.0142276 -0.00040783 8.51789e-05
internal_weight=1955 296 255 95 160 1659 131 1528 1469 243 169 123 1226 1174
internal_count=1955 296 255 95 160 1659 131 1528 1469 243 169 123 1226 1174
is_linear=0
shrinkage=0.05


Tree=196
num_leaves=15
num_cat=0
split_feature=0 3 1 8 8 6 8 3 0 6 3 6 5 8
split_gain=1.49447 1.52357 3.40091 4.77015 3.73271 3.52653 4.97047 3.11538 2.39024 2.37808 3.22381 6.73994 4.42686 6.15422
threshold=-11.177499999999998 4.9375000000000009 -0.42109697129093543 -1.1164999999999998 -0.59399999999999986 8.7165000000000017 -0.8095 1.0000000180025095e-35 17.129500000000004 13.985000000000001 51.978000000000009 12.966500000000002 9.4265000000000025 -1.1394999999999997
decision_type=2 2 2 2 2 2 2 2 2 2 2 2 2 2
left_child=-1 2 5 7 -5 -2 -7 -4 -6 10 11 12 13 -3
right_child=1 9 3 4 8 6 -8 -9 -10 -11 -12 -13 -14 -15
leaf_value=-0.0027582581648542856 -0.0083071721125826236 -0.025864946467567831 0.0017740523439856361 -0.0018898769243921977 -0.00046917992256014234 -0.00063403331834084315 0.010167919886582642 0.011835364342795768 0.014612443474883408 0.0023226179750345634 -1.1344305362387398e-05 -0.0048427068978681848 0.00098935710818021105 -0.00023126168815629789
leaf_weight=40 43 64 52 61 41 129 48 52 41 54 1028 56 145 101
leaf_count=40 43 64 52 61 41 129 48 52 41 54 1028 56 145 101
internal_value=-0.000434783 -0.000234987 0.00224839 0.0062753 0.00034965 -0.00227273 0.000847458 0.0144231 0.00731707 -0.00103591 -0.00143472 -0.00546448 -0.00258065 -0.00818182
internal_weight=1955 1915 467 247 143 220 177 104 82 1448 1394 366 310 165
internal_count=1955 1915 467 247 143 220 177 104 82 1448 1394 366 310 165
is_linear=0
shrinkage=0.05


Tree=197
num_leaves=15
num_cat=0
split_feature=7 7 8 4 1 4 4 4 4 4 0 2 5 4
split_gain=2.73289 2.83116 2.05155 2.04275 3.38576 3.32937 4.92937 3.01027 2.22862 1.68166 1.69549 1.59184 1.51125 1.37668
threshold=917.60000000000014 894.16000000000008 1.7825000000000002 30.909500000000005 0.11577009971046097 29.209500000000002 27.945000000000004 26.601500000000005 25.359000000000005 23.858000000000004 -7.9914999999999994 0.31064877563037102 10.232500000000002 23.049000000000003
decision_type=2 2 2 2 2 2 2 2 2 2 2 2 2 2
left_child=1 2 3 5 -5 6 7 8 9 10 -1 -11 -3 -12
right_child=-2 12 -4 4 -6 -7 -8 -9 -10 11 13 -13 -14 -15
leaf_value=0.00056625376635992546 0.0002604753948609151 -0.00092311037175703552 -0.0020560482780525679 -0.0011667924442189503 0.015818328050778787 -0.0093203087255943947 0.0046102455759304889 -0.0020894357597885799 0.0095233748375714022 -9.1433626294135101e-05 -0.00019590624468483894 -0.0040044952165056965 -0.0016461657723562007 0.0026672833231440487
leaf_weight=51 49 42 68 44 73 49 54 53 70 49 1221 42 49 41
leaf_count=51 49 42 68 44 73 49 54 53 70 49 1221 42 49 41
internal_value=-0.000434783 -0.000734523 -0.00030303 2.86205e-05 0.00641026 -0.000429448 -3.16256e-05 -0.000556647 -0.000135685 -0.000569801 -0.000114242 -0.00714286 -0.00934066 -0.000475436
internal_weight=1955 1906 1815 1747 117 1630 1581 1527 1474 1404 1313 91 91 1262
internal_count=1955 1906 1815 1747 117 1630 1581 1527 1474 1404 1313 91 91 1262
is_linear=0
shrinkage=0.05


Tree=198
num_leaves=15
num_cat=0
split_feature=7 7 1 4 4 6 5 2 6 5 8 6 6 2
split_gain=2.89283 2.66553 1.28363 1.21498 4.26737 2.6839 1.61538 4.25455 2.98174 2.45553 2.95432 2.86113 3.17924 3.88331
threshold=915.94150000000002 894.16000000000008 0.3491821996099142 32.843000000000011 30.909500000000005 9.6025000000000009 2.4055000000000004 -0.081676395330422633 2.7915000000000005 2.9565000000000006 -3.5274999999999994 0.68450000000000011 5.347500000000001 0.76725511167377736
decision_type=2 2 2 2 2 2 2 2 2 2 2 2 2 2
left_child=1 3 -3 4 6 -5 7 -1 -9 -8 -11 -12 -13 -14
right_child=-2 2 -4 5 -6 -7 9 8 -10 10 11 12 13 -15
leaf_value=0.012383705179883277 0.00021321822417189607 -0.00042000407616482605 -0.0047844382030053367 -0.0053436540058590222 0.0045929838692058429 0.00025069007442381496 -0.014993411866254469 0.0063853763863724287 -0.0016235155453193035 -0.0046802983408522408 -0.0022600177207766749 0.0025354781602419398 3.2271737302026761e-05 -0.0018743832976979014
leaf_weight=55 56 43 41 43 48 48 43 46 42 53 79 230 1032 96
leaf_count=55 56 43 41 43 48 48 43 46 42 53 79 230 1032 96
internal_value=-0.000485934 -0.000816219 -0.00952381 -0.000413223 -0.000116009 -0.00604396 -0.000536993 0.00454545 -0.00227273 -0.00101109 -0.000671141 -0.000243563 0.000294551 -0.000797872
internal_weight=1955 1899 84 1815 1724 91 1676 143 88 1533 1490 1437 1358 1128
internal_count=1955 1899 84 1815 1724 91 1676 143 88 1533 1490 1437 1358 1128
is_linear=0
shrinkage=0.05


Tree=199
num_leaves=15
num_cat=0
split_feature=7 7 8 7 8 0 0 0 8 6 6 5 1 6
split_gain=2.84023 2.7304 1.36851 6.86928 5.45987 4.32619 8.00488 5.32961 5.31942 3.44715 4.2652 3.39165 3.7236 3.77516
threshold=915.94150000000002 894.16000000000008 -1.4874999999999998 256.47100000000006 -1.3939999999999997 23.787000000000003 19.792500000000004 29.114000000000001 -1.7624999999999997 3.9385000000000008 7.088000000000001 11.148000000000001 -0.69016699705532203 8.0340000000000007
decision_type=2 2 2 2 2 2 2 2 2 2 2 2 2 2
left_child=1 2 3 -1 -4 6 9 8 -7 -5 -11 12 13 -6
right_child=-2 -3 4 5 11 7 -8 -9 -10 10 -12 -13 -14 -15
leaf_value=-0.0080264766632563208 0.00020255731296330294 -0.0015420504389791257 -0.010070632686113721 0.0027485340029981572 -0.00051351249342176757 -0.00094810858334726808 0.017067664837181456 0.0014455153510980257 -0.010100900423111354 -0.0026202589003695279 0.0020304430489940339 -0.00053423530532359929 6.8673032479493743e-05 0.016526064946298834
leaf_weight=73 56 84 71 122 40 62 65 103 40 86 127 304 677 45
leaf_count=73 56 84 71 122 40 62 65 103 40 86 127 304 677 45
internal_value=-0.000383632 -0.0007109 -0.00030303 0.00147493 -0.00136324 0.00322314 0.00625 -0.00268293 -0.0107843 0.00313433 -0.000704225 -0.000469043 0.00131234 0.0111765
internal_weight=1955 1899 1815 678 1137 605 400 205 102 335 213 1066 762 85
internal_count=1955 1899 1815 678 1137 605 400 205 102 335 213 1066 762 85
is_linear=0
shrinkage=0.05


Tree=200
num_leaves=15
num_cat=0
split_feature=7 7 5 0 3 3 3 5 5 8 8 4 4 6
split_gain=1.95605 2.82917 1.66714 1.6843 1.89709 5.88604 3.20749 3.67865 2.66313 2.39713 3.91806 7.22919 4.65565 3.84845
threshold=915.94150000000002 894.16000000000008 21.994500000000006 -11.177499999999998 29.003500000000006 51.978000000000009 11.886000000000001 10.065000000000003 17.445000000000004 -2.3724999999999996 -1.4874999999999998 13.252000000000001 21.085000000000004 2.3935000000000004
decision_type=2 2 2 2 2 2 2 2 2 2 2 2 2 2
left_child=1 2 3 -1 6 -6 -5 -8 9 -7 11 -11 -13 -12
right_child=-2 -3 -4 4 5 8 7 -9 -10 10 13 12 -14 -15
leaf_value=-0.002830015261557961 0.00019242944731513446 -0.0014649479170301682 -0.0012282807613163945 0.00025459929058698762 -0.0062481370938599684 -0.001710414046648432 4.8271492533914775e-05 0.012490479560123072 -0.0040926568590986421 -0.0012360835597040321 -0.00091723200838918499 0.014161999860322067 0.0023948716589198174 0.0002699396384460512
leaf_weight=40 56 84 60 519 78 137 42 53 40 65 63 66 55 597
leaf_count=40 56 84 60 519 78 137 42 53 40 65 63 66 55 597
internal_value=-0.00028133 -0.000552923 -0.000137741 0.00014245 0.000379009 -0.000862852 0.00260586 0.0110526 0.000146628 0.000661241 0.00165485 0.00806452 0.0152893 -0.000151515
internal_weight=1955 1899 1815 1755 1715 1101 614 95 1023 983 846 186 121 660
internal_count=1955 1899 1815 1755 1715 1101 614 95 1023 983 846 186 121 660
is_linear=0
shrinkage=0.05


Tree=201
num_leaves=15
num_cat=0
split_feature=6 7 7 8 5 4 0 4 6 2 2 4 7 1
split_gain=2.14204 1.91547 2.77103 1.78768 1.51125 1.27998 4.358 3.94559 3.52359 5.31933 4.30061 4.48194 3.4552 4.85744
threshold=-2.4579999999999997 917.60000000000014 894.16000000000008 -3.9249999999999994 10.232500000000002 17.392500000000002 -4.4759999999999991 16.781000000000002 3.9385000000000008 0.92284787786233202 -0.030120304846908235 15.484500000000002 448.02200000000005 -0.59817537509284269
decision_type=2 2 2 2 2 2 2 2 2 2 2 2 2 2
left_child=-1 2 3 -2 -4 6 -5 8 9 -8 11 -10 13 -7
right_child=1 -3 4 5 -6 12 7 -9 10 -11 -12 -13 -14 -15
leaf_value=0.0053947308244229929 -0.003081152484852346 0.00021704137589534378 -0.00070560473156048859 -0.0020577647340264157 -0.0013925073621296913 0.0065672042245056329 0.01360318595410966 -0.013699936190283389 -0.00011218539851048649 -0.00035169298304588565 -0.0011787418282616466 0.012984656929109656 -0.00029142823977934275 0.00054567695255656188
leaf_weight=41 43 49 42 45 49 72 65 48 382 50 212 52 536 269
leaf_count=41 43 49 42 45 49 72 65 48 382 50 212 52 536 269
internal_value=-0.000332481 -0.000574713 -0.000831099 -0.000394589 -0.00934066 -0.000144425 -0.00152225 -0.000679852 0.000197109 0.00826087 -0.00123839 0.0016129 0.00119726 0.00513196
internal_weight=1955 1914 1865 1774 91 1731 854 809 761 115 646 434 877 341
internal_count=1955 1914 1865 1774 91 1731 854 809 761 115 646 434 877 341
is_linear=0
shrinkage=0.05


Tree=202
num_leaves=15
num_cat=0
split_feature=7 7 2 7 5 4 7 8 1 5 6 3 4 3
split_gain=1.91284 2.89598 1.43379 5.61025 3.71633 3.03092 2.63941 5.11857 3.52781 2.38333 2.57524 2.54245 4.17483 3.84622
threshold=915.94150000000002 894.16000000000008 0.92284787786233202 280.00700000000006 4.870000000000001 18.261500000000002 409.54100000000005 1.0490000000000002 0.69016699705532247 19.606500000000004 14.006500000000001 0.36000000000000004 27.945000000000004 3.4160000000000004
decision_type=2 2 2 2 2 2 2 2 2 2 2 2 2 2
left_child=1 2 6 -4 -5 -6 8 9 -1 11 -11 -8 13 -13
right_child=-2 -3 3 4 5 -7 7 -9 -10 10 -12 12 -14 -15
leaf_value=0.0022753103938100623 0.00017195590615460833 -0.0013236287445396123 -0.013039651332365405 0.0096596537989401664 -0.01632061175307711 0.0010540190218628731 0.0024179427242058912 -0.0082823042140383035 -0.00087195983548135072 -0.0015864479047105974 0.0023058669642201826 -0.0036580943395385724 0.0038530333729862479 -0.00011794116240678721
leaf_weight=265 56 84 65 44 53 65 176 48 131 70 50 56 107 685
leaf_count=265 56 84 65 44 53 65 176 48 131 70 50 56 107 685
internal_value=-0.000179028 -0.000447604 -2.75482e-05 -0.00374449 0.00123457 -0.00338983 0.000503778 -0.000671141 0.0040404 0 -0.00666667 0.00078125 -0.000353774 -0.00168691
internal_weight=1955 1899 1815 227 162 118 1588 1192 396 1144 120 1024 848 741
internal_count=1955 1899 1815 227 162 118 1588 1192 396 1144 120 1024 848 741
is_linear=0
shrinkage=0.05


Tree=203
num_leaves=15
num_cat=0
split_feature=7 7 7 1 3 1 1 1 4 4 4 7 8 0
split_gain=1.64935 4.18913 3.93587 5.42573 2.92752 3.06019 3.81093 2.38536 2.38255 2.68076 5.64149 3.66167 7.52114 4.71272
threshold=572.68200000000013 594.91300000000012 528.48850000000004 0.94917575150333644 0.16600000000000004 -0.91585580712236359 -0.7721494341254892 -0.66484924122790579 6.6275000000000004 15.163500000000001 18.662500000000005 430.85450000000009 -2.3524999999999996 1.1295000000000002
decision_type=2 2 2 2 2 2 2 2 2 2 2 2 2 2
left_child=2 -2 3 4 -1 -6 -7 -8 -9 -10 -11 12 -12 -14
right_child=1 -3 -4 -5 5 6 7 8 9 10 11 -13 13 -15
leaf_value=-0.0049873474428331083 -0.0076393647314938369 -0.00011284714922266126 0.0031275109400590094 -0.015253319887933346 -0.0056306787243766481 0.001111585781928523 -0.010693049300197972 0.006895374993753426 -0.00036806984424868073 0.0076490845875503257 -0.01145714623972912 0.0034110629647861783 -0.0016964944268214933 0.0061229560909311868
leaf_weight=48 40 963 72 77 56 70 42 42 183 87 56 58 67 94
leaf_count=48 40 963 72 77 56 70 42 42 183 87 56 58 67 94
internal_value=-0.000230179 -0.00164506 0.0012605 0.000340909 0.00155666 0.00231788 0.00321888 0.00198728 0.0028109 0.00192661 0.00441989 0.000909091 -0.00207373 0.00341615
internal_weight=1955 1003 952 880 803 755 699 629 587 545 362 275 217 161
internal_count=1955 1003 952 880 803 755 699 629 587 545 362 275 217 161
is_linear=0
shrinkage=0.05


Tree=204
num_leaves=15
num_cat=0
split_feature=7 7 8 7 8 7 4 1 6 6 6 0 2 2
split_gain=1.82786 3.03954 6.98182 3.49457 1.99213 2.32343 2.09854 2.26303 7.50542 5.43177 3.1056 3.819 4.02724 4.76661
threshold=915.94150000000002 881.27900000000011 -0.87249999999999994 867.93200000000013 2.5805000000000002 67.244500000000016 34.289500000000011 -0.49316180905692092 4.4635000000000007 13.171500000000002 8.0340000000000007 14.091500000000002 0.023632005545605003 -0.24877566908906687
decision_type=2 2 2 2 2 2 2 2 2 2 2 2 2 2
left_child=1 3 -3 4 5 -1 7 8 -7 -9 -10 -12 13 -13
right_child=-2 2 -4 -5 -6 6 -8 9 10 -11 11 12 -14 -15
leaf_value=0.00068145373092763086 0.00016900046830801153 0.0034679287443837056 -0.0045555296476104288 0.0043939962143529467 -0.0041667053239086592 0.0027148334874755476 0.0075486758982650009 -0.00018319128719423186 -0.0029322049225570484 -0.0085238460805285021 0.0061037241421266382 -9.5036713003490711e-05 -0.0013263432976299895 0.005815276678629056
leaf_weight=62 56 70 77 63 41 43 41 930 118 40 54 206 81 73
leaf_count=62 56 70 77 63 41 43 41 930 118 40 54 206 81 73
internal_value=2.55754e-05 -0.000236967 -0.00714286 0.000342466 -8.88099e-05 0.000182039 -0.000189155 -0.000485437 0.002 -0.00195876 0.00037594 0.00241546 0.000555556 0.00340502
internal_weight=1955 1899 147 1752 1689 1648 1586 1545 575 970 532 414 360 279
internal_count=1955 1899 147 1752 1689 1648 1586 1545 575 970 532 414 360 279
is_linear=0
shrinkage=0.05


Tree=205
num_leaves=15
num_cat=0
split_feature=5 6 5 4 4 1 1 7 4 7 4 4 6 2
split_gain=2.01628 2.63813 1.72084 3.13424 5.89158 2.15979 4.52728 3.83341 3.56044 3.18945 2.5314 4.57216 3.99233 4.10744
threshold=19.606500000000004 13.985000000000001 2.4055000000000004 13.981500000000002 19.698500000000006 -0.24284747324344283 -0.051549210996800328 808.98500000000013 27.945000000000004 852.69500000000005 16.233000000000001 17.767500000000002 12.992500000000001 -0.26538825390934467
decision_type=2 2 2 2 2 2 2 2 2 2 2 2 2 2
left_child=2 -2 3 -1 -5 8 7 -7 9 10 -4 -12 13 -13
right_child=1 -3 5 4 -6 6 -8 -9 -10 -11 11 12 -14 -15
leaf_value=0.011303823852249885 -0.00098255638960822469 0.0020532099743296563 0.00033661808670960305 -0.0035812879477636048 0.0083173565206475352 -0.0042801386630623162 -4.7850044764498339e-05 -0.0031888655648210085 0.0019229385111590115 0.0024402746066860895 -0.010902713663043583 -0.011873657511866559 0.011628077019864791 4.4291641919353908e-05
leaf_weight=47 70 54 266 46 61 67 941 44 65 44 42 41 45 122
leaf_count=47 70 54 266 46 61 67 941 44 65 44 42 41 45 122
internal_value=-0.00028133 -0.00645161 0.000136537 0.00519481 0.00046729 -0.000327967 -0.00171103 -0.0112613 0.002 0.000714286 -0.000387597 -0.004 -0.000961538 -0.00460123
internal_weight=1955 124 1831 154 107 1677 1052 111 625 560 516 250 208 163
internal_count=1955 124 1831 154 107 1677 1052 111 625 560 516 250 208 163
is_linear=0
shrinkage=0.05


Tree=206
num_leaves=15
num_cat=0
split_feature=6 6 8 7 0 6 6 1 4 4 6 0 6 0
split_gain=2.0843 2.56848 3.69494 2.68298 2.20103 1.98276 5.21778 3.78963 3.47057 4.14857 2.89933 2.13067 4.29129 6.37652
threshold=-2.4579999999999997 1.1700000000000002 -1.8924999999999998 114.37200000000001 11.406500000000003 5.347500000000001 5.9065000000000003 -0.51236666743397874 14.935500000000003 22.279500000000002 6.394000000000001 1.7770000000000004 7.6355000000000013 12.498000000000003
decision_type=2 2 2 2 2 2 2 2 2 2 2 2 2 2
left_child=-1 2 -2 4 -3 7 -7 -5 -9 -10 -8 -12 13 -13
right_child=1 3 -4 5 -6 6 10 8 9 -11 11 12 -14 -15
leaf_value=0.0056567027106930933 0.00041197785431119628 0.0050594732721753717 -0.0020536223026632384 0.0021828082382240725 0.00092578501013950646 -0.011701078137283161 0.0016591957282494699 -0.013945343867079511 0.0091490518620914903 -0.0029254489603069756 0.0021233412380122774 -0.020524263028035228 -3.8547451495740685e-05 -0.0014235556353488612
leaf_weight=41 49 47 71 50 40 56 47 78 74 61 77 50 1125 89
leaf_count=41 49 47 71 50 40 56 47 78 74 61 77 50 1125 89
internal_value=-0.000179028 -0.000417973 -0.0075 5.57414e-05 0.00862069 -0.000380785 -0.00110803 0.00361217 0.000704225 0.00555556 -0.000504323 -0.00093214 -0.00142405 -0.00971223
internal_weight=1955 1914 120 1794 87 1707 1444 263 213 135 1388 1341 1264 139
internal_count=1955 1914 120 1794 87 1707 1444 263 213 135 1388 1341 1264 139
is_linear=0
shrinkage=0.05


Tree=207
num_leaves=15
num_cat=0
split_feature=5 6 8 3 6 4 6 0 6 8 8 5 7 0
split_gain=2.25707 2.63813 2.09379 4.11429 2.84303 5.24914 2.67508 4.47546 4.3024 3.45676 5.6015 5.27224 3.36209 4.64684
threshold=19.606500000000004 13.985000000000001 -3.1414999999999993 26.051000000000005 1.1700000000000002 15.883500000000002 3.9385000000000008 -0.65399999999999991 2.2685000000000004 -2.3524999999999996 -2.1374999999999997 12.050500000000001 215.37750000000003 14.746000000000002
decision_type=2 2 2 2 2 2 2 2 2 2 2 2 2 2
left_child=2 -2 3 -1 5 -4 7 -6 -9 11 -11 -8 13 -12
right_child=1 -3 4 -5 6 -7 9 8 -10 10 12 -13 -14 -15
leaf_value=0.0074631754440134205 -0.00093150119755303074 0.0019524768481879618 0.00061617458136385141 -9.0643728243618166e-05 -0.001602331056881487 -0.010788871356565434 -0.026207483891861057 -0.00088428714517957559 0.0076306793442016858 0.017029394294180124 0.0055493234187006454 0.0011347587829898976 -8.6360256496661848e-05 -0.0025535520635388666
leaf_weight=40 70 54 62 72 46 64 53 41 77 44 64 47 1168 53
leaf_count=40 70 54 62 72 46 64 53 41 77 44 64 47 1168 53
internal_value=7.67263e-05 -0.00645161 0.000518842 0.00714286 8.726e-05 -0.00714286 0.000659134 0.00670732 0.0118644 -3.49895e-05 0.000639579 -0.009 3.89105e-05 0.00811966
internal_weight=1955 124 1831 112 1719 126 1593 164 118 1429 1329 100 1285 117
internal_count=1955 124 1831 112 1719 126 1593 164 118 1429 1329 100 1285 117
is_linear=0
shrinkage=0.05


Tree=208
num_leaves=15
num_cat=0
split_feature=1 8 1 0 3 1 3 6 4 5 0 3 3 4
split_gain=2.33264 3.90037 3.12722 5.23052 2.70173 2.56577 6.61027 4.94767 5.37608 2.65181 4.46625 2.33221 3.98002 5.38154
threshold=-0.90149333598846393 -1.1009999999999998 -0.94130860066615807 25.215000000000003 63.257500000000007 -0.58011068582918257 98.46850000000002 13.257000000000001 17.696500000000004 11.605500000000001 19.296000000000003 4.9375000000000009 1.5910000000000004 19.590000000000003
decision_type=2 2 2 2 2 2 2 2 2 2 2 2 2 2
left_child=1 2 3 -1 -3 6 9 11 -9 -2 -11 12 13 -7
right_child=5 4 -4 -5 -6 7 -8 8 -10 10 -12 -13 -14 -15
leaf_value=-0.000669584691812028 -0.0036835266449758253 -0.00015639342225441406 -0.003131194621510347 0.0065257218028852652 -0.009268961957366104 -0.0031403252081236401 0.0026923899268496698 -4.7336839236453154e-05 -0.013176632007504699 0.003186830320267342 -8.9505362467351413e-05 -3.9212157126654329e-05 0.0092898846978776047 0.0030231729129236045
leaf_weight=70 79 44 42 64 40 95 87 55 40 41 87 1067 74 70
leaf_count=70 79 44 42 64 40 95 87 55 40 41 87 1067 74 70
internal_value=0.000179028 -0.00423077 0 0.00373134 -0.0130952 0.000855457 0.00510204 -3.56888e-05 -0.0110526 0.000241546 0.0046875 0.000765697 0.00523013 0.000909091
internal_weight=1955 260 176 134 84 1695 294 1401 95 207 128 1306 239 165
internal_count=1955 260 176 134 84 1695 294 1401 95 207 128 1306 239 165
is_linear=0
shrinkage=0.05


Tree=209
num_leaves=15
num_cat=0
split_feature=5 6 5 0 3 0 2 5 1 1 8 8 6 5
split_gain=2.43738 2.63813 1.27221 6.26748 9.64484 5.27781 4.27014 2.49825 2.37133 4.81768 6.31677 6.1896 4.17069 6.2415
threshold=19.606500000000004 13.985000000000001 14.889000000000001 28.721000000000004 18.663500000000003 30.414500000000004 0.1093682717844857 14.285500000000001 0.99351875964795655 0.81078196093106825 -0.052999999999999999 -0.8095 6.5630000000000006 10.812000000000003
decision_type=2 2 2 2 2 2 2 2 2 2 2 2 2 2
left_child=2 -2 5 4 6 7 -4 8 9 -1 11 12 -11 -14
right_child=1 -3 3 -5 -6 -7 -8 -9 -10 10 -12 -13 13 -15
leaf_value=0.00023884168490625573 -0.0010441593471911482 0.0018738302571355558 -0.00035836623064933182 0.005617274802429884 -0.002044398785823587 -0.012441847688889691 0.0084357946244758425 -0.0056617362373230619 0.0032265410250266763 0.0030693844901869107 -0.013108330107651734 0.017209795672355283 -0.025668245132829465 0.0054819097492582293
leaf_weight=1138 70 54 55 67 67 52 49 48 68 57 79 42 62 47
leaf_count=1138 70 54 55 67 67 52 49 48 68 57 79 42 62 47
internal_value=0.000332481 -0.00645161 0.000791917 0.00420168 -0.000877193 0.000282486 0.00865385 0.000811162 0.00117214 0.000736842 -0.00505226 -0.000480769 -0.00481928 -0.0105505
internal_weight=1955 124 1831 238 171 1593 104 1541 1493 1425 287 208 166 109
internal_count=1955 124 1831 238 171 1593 104 1541 1493 1425 287 208 166 109
is_linear=0
shrinkage=0.05


Tree=210
num_leaves=15
num_cat=0
split_feature=5 6 4 4 6 5 8 4 4 4 1 6 8 3
split_gain=2.51145 2.63813 1.53355 3.69373 2.44166 2.35351 2.22608 3.47952 4.68888 4.93635 4.55649 2.72647 2.49937 4.30222
threshold=19.606500000000004 13.985000000000001 32.843000000000011 30.909500000000005 9.6025000000000009 4.495000000000001 0.9405 27.945000000000004 26.050000000000004 23.998000000000001 0.26744970170045884 0.68450000000000011 -2.4564999999999997 80.261500000000012
decision_type=2 2 2 2 2 2 2 2 2 2 2 2 2 2
left_child=2 -2 3 5 -4 -1 7 8 9 11 -9 -7 13 -13
right_child=1 -3 4 -5 -6 6 -8 10 -10 -11 -12 12 -14 -15
leaf_value=0.0010063921229122614 -0.00099195137983159047 0.0017801387442787754 -0.0053733163366231074 0.0064954854601530004 0.0026926030557159588 -0.014057961897967375 -0.0041794520576067312 0.0070102943238229565 -0.0016115668541147017 0.0076843348281703666 -9.9841849195825294e-05 0.0016407498045640666 9.3384458094053493e-05 -0.022905406701344097
leaf_weight=295 70 54 42 46 52 52 68 40 63 80 41 50 962 40
leaf_count=295 70 54 42 46 52 52 68 40 63 80 41 50 962 40
internal_value=0.000434783 -0.00645161 0.000901147 0.00123777 -0.00531915 0.000857481 0 0.000451807 -0.000200481 0.000506757 0.0104938 -0.000362319 0.000190114 -0.00777778
internal_weight=1955 124 1831 1737 94 1691 1396 1328 1247 1184 81 1104 1052 90
internal_count=1955 124 1831 1737 94 1691 1396 1328 1247 1184 81 1104 1052 90
is_linear=0
shrinkage=0.05


Tree=211
num_leaves=15
num_cat=0
split_feature=7 7 2 7 7 5 5 2 6 8 0 7 2 6
split_gain=1.85112 3.59465 3.87907 3.86207 4.58182 2.5763 4.35312 3.50468 5.74569 3.05881 2.21773 2.86055 4.6809 2.46945
threshold=409.54100000000005 389.25850000000008 0.92284787786233202 236.33150000000003 351.74050000000005 1.1060000000000003 2.5295000000000001 0.39110220707247995 4.9210000000000003 -0.040499999999999994 -7.9914999999999994 476.37700000000007 0.70329649815198148 4.3775000000000004
decision_type=2 2 2 2 2 2 2 2 2 2 2 2 2 2
left_child=1 2 5 -4 -5 -1 -7 9 -9 -8 -2 12 -12 -13
right_child=10 -3 3 4 -6 6 7 8 -10 -11 11 13 -14 -15
leaf_value=-0.0036070588813664553 0.0032517282038635356 0.0024837324341701831 -0.013888362624611154 0.0019745526429458152 -0.0075301382971476819 0.0089597495320927322 0.0008983276685693431 -0.0001537399082334523 0.0038757699054555311 -0.014062343734092717 -0.027536217779090735 0.026449681472327916 0.00051469188492441202 -7.9538644546267578e-05
leaf_weight=48 41 64 48 66 60 65 75 55 65 46 67 42 83 1130
leaf_count=48 41 64 48 66 60 65 75 55 65 46 67 42 83 1130
internal_value=0.000537084 0.00287162 0.00151515 -0.0045977 0 0.00451977 0.00620915 0.00311203 0.00916667 -0.00289256 -0.000476889 -0.000832073 -0.00733333 0
internal_weight=1955 592 528 174 126 354 306 241 120 121 1363 1322 150 1172
internal_count=1955 592 528 174 126 354 306 241 120 121 1363 1322 150 1172
is_linear=0
shrinkage=0.05


Tree=212
num_leaves=15
num_cat=0
split_feature=8 7 7 4 5 0 7 8 2 1 2 7 1 5
split_gain=1.8668 2.23184 2.90012 2.93624 2.43898 2.78346 3.64242 7.81803 3.01471 3.48334 3.13025 4.98462 2.17991 1.70959
threshold=-4.059499999999999 417.61500000000007 389.25850000000008 17.298000000000005 12.050500000000001 11.053500000000001 272.91800000000006 -0.53499999999999992 0.90906259831586944 0.76864763646026912 0.9624112700309283 348.97200000000004 -0.51236666743397874 21.994500000000006
decision_type=2 2 2 2 2 2 2 2 2 2 2 2 2 2
left_child=-1 2 4 -4 5 8 7 -7 9 12 -10 -12 -2 -3
right_child=1 13 3 -5 -6 6 -8 -9 10 -11 11 -13 -14 -15
leaf_value=-0.0015651880051652635 0.0011023805974127692 1.7295592922872417e-05 0.00043849668473907037 0.0044392830453956296 0.0015328847225292985 -0.013033662964099791 -0.019053644094278278 0.023791590316341545 -0.007817690339047445 0.0001356924582882585 0.0015838129173464111 -0.0062184120092440565 0.011287523802606617 -0.0014907690366267575
leaf_weight=40 40 1266 40 42 46 57 47 66 47 60 64 40 42 58
leaf_count=40 40 1266 40 42 46 57 47 66 47 60 64 40 42 58
internal_value=0.000690537 0.000913838 0.0034687 0.0121951 0.00206287 0.000971922 -0.00411765 0.000406504 0.00392491 0.00915493 -0.000993377 0.00384615 0.0158537 -0.000226586
internal_weight=1955 1915 591 82 509 463 170 123 293 142 151 104 82 1324
internal_count=1955 1915 591 82 509 463 170 123 293 142 151 104 82 1324
is_linear=0
shrinkage=0.05


Tree=213
num_leaves=15
num_cat=0
split_feature=8 7 5 8 6 4 4 4 8 8 8 1 5 5
split_gain=1.83124 1.84178 3.46319 4.66849 2.33682 6.31694 5.89869 3.6331 3.5746 5.90626 6.20206 2.23325 1.96 1.70959
threshold=-4.059499999999999 417.61500000000007 8.8565000000000023 -1.6114999999999997 0.90550000000000008 15.521500000000001 15.883500000000002 29.854500000000005 -1.3939999999999997 -0.39149999999999996 0.64150000000000007 0.017189842955271029 11.084500000000002 21.994500000000006
decision_type=2 2 2 2 2 2 2 2 2 2 2 2 2 2
left_child=-1 2 4 -4 6 11 -2 8 -7 -10 -11 -6 -5 -3
right_child=1 13 3 12 5 7 -8 -9 9 10 -12 -13 -14 -15
leaf_value=-0.0014869286049069954 0.0070775838489694366 1.6430813276727132e-05 0.002382869251858022 0.0079219221930175165 -0.020102485546758527 -8.9400570891252232e-05 -0.013805012931494821 -0.0012094326826519231 0.022412727796250198 -0.0025381612192813792 0.0041791685450405331 0.00032425760588290499 -0.0044407614216316841 -0.0014162305847954194
leaf_weight=40 40 1266 53 43 67 53 45 43 44 42 62 55 44 58
leaf_count=40 40 1266 53 43 67 53 45 43 44 42 62 55 44 58
internal_value=0.000588235 0.000809399 0.00313029 0.01 0.000997783 0.00273224 -0.00647059 0.00737705 0.010199 0.0141892 0.00769231 -0.00655738 0.00287356 -0.000226586
internal_weight=1955 1915 591 140 451 366 85 244 201 148 104 122 87 1324
internal_count=1955 1915 591 140 451 366 85 244 201 148 104 122 87 1324
is_linear=0
shrinkage=0.05


Tree=214
num_leaves=15
num_cat=0
split_feature=5 6 7 7 7 8 4 6 5 5 1 4 5 7
split_gain=2.12583 3.21958 1.80787 1.13555 2.13112 1.71383 2.67267 4.08859 6.29895 2.38857 4.05931 3.42751 2.81101 5.93231
threshold=19.606500000000004 13.351000000000001 67.244500000000016 143.32700000000003 180.04300000000003 1.9225000000000001 27.945000000000004 11.303500000000001 7.2415000000000012 4.2765000000000013 0.017189842955271029 26.050000000000004 5.197000000000001 321.30000000000007
decision_type=2 2 2 2 2 2 2 2 2 2 2 2 2 2
left_child=2 -2 -1 -4 -5 6 9 8 -8 10 -6 12 -11 -14
right_child=1 -3 3 4 5 -7 7 -9 -10 11 -12 -13 13 -15
leaf_value=0.00047592774760146507 -0.0011575207902829732 2.0244783288925208e-05 -0.002824484586706086 0.0080543202029269966 0.017773318951667918 -0.0018638054862433863 -0.0017242024741555507 -0.00075487677004869302 0.023214711297289945 -0.018839935088791237 0.00021491782483171393 -0.0015286978994916323 0.0027472460299631839 -5.5501802286916927e-06
leaf_weight=64 47 77 80 40 40 46 48 76 76 67 96 65 64 1069
leaf_count=64 47 77 80 40 40 46 48 76 76 67 96 65 64 1069
internal_value=0.000690537 -0.00564516 0.00111961 0.0008206 0.00109662 0.000819672 0.00109307 0.0065 0.0120968 0.000321199 0.00661765 -0.000355731 0.00025 0.000838482
internal_weight=1955 124 1831 1767 1687 1647 1601 200 124 1401 136 1265 1200 1133
internal_count=1955 124 1831 1767 1687 1647 1601 200 124 1401 136 1265 1200 1133
is_linear=0
shrinkage=0.05


Tree=215
num_leaves=15
num_cat=0
split_feature=7 6 5 6 7 5 2 2 2 2 6 3 8 3
split_gain=2.10594 3.01831 1.74388 3.21958 1.80412 1.75965 1.33841 1.40893 5.48823 4.66529 6.83985 6.48056 4.05 3.19899
threshold=114.37200000000001 2.7100000000000004 19.606500000000004 13.351000000000001 149.91250000000002 1.9480000000000002 -0.99791438307893243 -0.23208956585110249 -0.39505838944836397 -0.019329104864998576 12.730000000000002 83.463000000000008 -1.0439999999999998 88.395500000000013
decision_type=2 2 2 2 2 2 2 2 2 2 2 2 2 2
left_child=1 -1 4 -4 -2 -6 -7 8 13 11 -11 -9 -10 -8
right_child=2 -3 3 -5 5 6 7 9 12 10 -12 -13 -14 -15
leaf_value=-0.0031937759416249102 -0.010676796685745999 0.0023611907793499756 -0.0010996447507688246 1.9232544124481168e-05 0.0062638086881987359 0.0043531195449938156 -0.00050540173105752544 0.012671351100992512 -0.00017863478000019751 0.00025959284138611649 -0.004038392058041876 -0.0015887859916425774 -0.035343403868160352 0.0015460911493304183
leaf_weight=41 40 71 47 77 41 44 406 71 40 728 40 51 40 218
leaf_count=41 40 71 47 77 41 44 406 71 40 728 40 51 40 218
internal_value=0.000485934 0.00714286 8.1389e-05 -0.00564516 0.000494474 0.000744491 0.0004884 0.000250941 -0.00142045 0.00157303 0.000130208 0.0106557 -0.01375 0.000160256
internal_weight=1955 112 1843 124 1719 1679 1638 1594 704 890 768 122 80 624
internal_count=1955 112 1843 124 1719 1679 1638 1594 704 890 768 122 80 624
is_linear=0
shrinkage=0.05


Tree=216
num_leaves=15
num_cat=0
split_feature=8 7 7 8 1 8 1 4 6 4 6 1 5 2
split_gain=1.79602 1.54572 6.24117 5.03663 4.1843 3.584 2.89171 3.12857 5.24159 3.37699 6.03456 4.99127 4.40952 4.65545
threshold=-4.059499999999999 568.56950000000018 589.40000000000009 -3.1414999999999993 0.94917575150333644 -2.3724999999999996 0.39702209115386683 6.7740000000000009 1.1700000000000002 18.397500000000004 5.347500000000001 -0.6254047815183511 7.5630000000000015 0.54277338749235304
decision_type=2 2 2 2 2 2 2 2 2 2 2 2 2 2
left_child=-1 3 -3 -2 5 -5 7 -7 -9 12 -11 -12 13 -10
right_child=1 2 -4 4 -6 6 -8 8 9 10 11 -13 -14 -15
leaf_value=-0.0019430106396022551 0.002937425418765511 -0.0071083059703456993 1.8270916918261549e-05 -0.0070285671256405356 -0.0083012724179808966 0.0095823108021230487 0.0033752281827497538 -0.010115138178577357 -0.00015666540733704631 0.010134908928418852 0.0016346715732423634 -0.0023969458386873589 0.00039405346665181143 -0.05301853528195806
leaf_weight=40 52 40 965 74 75 42 229 56 46 47 74 71 103 41
leaf_count=40 52 40 965 74 75 42 229 56 46 47 74 71 103 41
internal_value=0.000485934 0.000704961 -0.000646766 0.0021978 0.00128205 0.00236271 0.00345557 0.00125 0 0.00209424 0.00677083 0.00172414 -0.00263158 -0.0109195
internal_weight=1955 1915 1005 910 858 783 709 480 438 382 192 145 190 87
internal_count=1955 1915 1005 910 858 783 709 480 438 382 192 145 190 87
is_linear=0
shrinkage=0.05


Tree=217
num_leaves=15
num_cat=0
split_feature=8 7 7 3 4 4 1 6 7 5 5 4 0 6
split_gain=1.92077 2.18909 4.57769 3.64205 3.97365 5.70625 5.63389 3.92226 4.18346 4.09339 4.28415 3.7375 3.91542 4.27623
threshold=-4.059499999999999 572.68200000000013 528.48850000000004 0.16600000000000004 15.163500000000001 18.662500000000005 0.59055600833485278 1.1700000000000002 469.71650000000005 2.4055000000000004 4.3385000000000007 6.6275000000000004 -0.50099999999999989 3.9385000000000008
decision_type=2 2 2 2 2 2 2 2 2 2 2 2 2 2
left_child=-1 2 3 -2 6 -6 11 -7 9 -9 -11 -5 -13 -14
right_child=1 -3 -4 4 5 7 -8 8 -10 10 -12 12 13 -15
leaf_value=-0.0018458601076221381 -0.0022598519584623167 -0.00011621602960510958 0.0026859942802587413 0.0082963903908717662 0.0025210071004103441 -0.0089663139726657518 -0.031415938754252339 0.011281240040881452 -0.0029507888015229884 -0.0020303668024264977 0.0014677869205213857 -0.0019593919067466383 0.012794281934857829 -0.0022246759283420349
leaf_weight=40 47 997 69 45 117 55 61 47 51 61 183 45 48 89
leaf_count=40 47 997 69 45 117 55 61 47 51 61 183 45 48 89
internal_value=0.00084399 0.0010705 0.00283224 0.00182568 0.00261845 0.00525292 -0.00208333 0.00239295 0.00438596 0.00670103 0.00409836 0.00154185 -0.00164835 0.00255474
internal_weight=1955 1915 918 849 802 514 288 397 342 291 244 227 182 137
internal_count=1955 1915 918 849 802 514 288 397 342 291 244 227 182 137
is_linear=0
shrinkage=0.05


Tree=218
num_leaves=15
num_cat=0
split_feature=8 7 7 7 8 4 8 5 3 2 7 7 5 4
split_gain=1.9027 2.05042 3.47968 3.0238 2.58152 4.77825 3.14245 3.14923 6.29078 9.62013 4.76853 2.79462 2.72438 3.2523
threshold=-4.059499999999999 572.68200000000013 594.91300000000012 544.7120000000001 -0.35499999999999993 12.311000000000002 -2.8384999999999994 9.7875000000000014 6.6365000000000007 -0.7324940716135786 825.99000000000012 815.96650000000011 10.872000000000002 26.844500000000004
decision_type=2 2 2 2 2 2 2 2 2 2 2 2 2 2
left_child=-1 3 -3 -2 6 -6 -4 8 -8 10 -10 -7 -9 -14
right_child=1 2 4 -5 5 11 7 12 9 -11 -12 -13 13 -15
leaf_value=-0.0017535671022410272 0.00026689016936992107 -0.0067470798703481577 -0.0059429186141495621 0.0028119308129225641 -0.023662166688022769 0.0021339354871807272 0.012267768963684235 -0.0039985118443138573 -0.010079387033968974 0.0069944414856065174 0.0010128782017120781 -0.00096951605912780283 -1.4217302273777932e-05 0.0083801256013861375
leaf_weight=40 872 40 42 46 43 77 64 71 55 57 52 80 369 47
leaf_count=40 872 40 42 46 43 77 64 71 55 57 52 80 369 47
internal_value=0.000792839 0.00101828 -0.000551655 0.00272331 5.22466e-05 -0.005 0.00138705 0.00216783 0.00701754 0.00182927 -0.00700935 -0.000955414 -0.000102669 0.00144231
internal_weight=1955 1915 997 918 957 200 757 715 228 164 107 157 487 416
internal_count=1955 1915 997 918 957 200 757 715 228 164 107 157 487 416
is_linear=0
shrinkage=0.05


Tree=219
num_leaves=15
num_cat=0
split_feature=5 6 2 4 2 4 3 2 7 5 7 2 2 4
split_gain=2.58662 2.63813 1.36307 7.59694 3.25821 2.01547 4.53276 3.26362 3.02024 5.79655 3.98762 3.89512 3.22127 6.20662
threshold=19.606500000000004 13.985000000000001 -0.99113067767854335 15.055000000000001 -0.97218766834954651 8.9145000000000021 16.724500000000003 -0.94849615754507433 881.27900000000011 11.348000000000001 864.45000000000016 -0.85470766365158146 -0.66248835645380588 19.393500000000003
decision_type=2 2 2 2 2 2 2 2 2 2 2 2 2 2
left_child=2 -2 3 -1 -4 6 -6 -7 10 -10 11 -9 13 -13
right_child=1 -3 4 -5 5 7 -8 8 9 -11 -12 12 -14 -15
leaf_value=0.0070940947519127278 -0.00095793722302300877 0.0018440929747406466 -0.0018374089385921944 -0.0012557968749508876 0.0065910671676129746 0.0084326264077361907 -0.0012803735328672074 -0.010772883280625783 -0.0040567901897010763 0.0028443179723183221 0.0092619091375951874 0.014294222191152907 0.00021626683714854429 -0.0065070683457378962
leaf_weight=48 70 54 72 47 63 48 123 70 58 40 40 74 1100 48
leaf_count=48 70 54 72 47 63 48 123 70 58 40 40 74 1100 48
internal_value=0.000537084 -0.00645161 0.00101038 0.00684211 0.000691244 0.00114183 -0.00376344 0.00175913 0.00132867 -0.00714286 0.00195195 0.00147059 0.00212766 0.00983607
internal_weight=1955 124 1831 95 1736 1664 186 1478 1430 98 1332 1292 1222 122
internal_count=1955 124 1831 95 1736 1664 186 1478 1430 98 1332 1292 1222 122
is_linear=0
shrinkage=0.05


Tree=220
num_leaves=15
num_cat=0
split_feature=7 7 7 5 5 4 4 5 4 8 3 7 2 5
split_gain=2.32105 3.96056 3.10683 2.54547 3.02801 4.96441 3.82536 3.21327 3.094 5.80745 5.48319 5.20538 5.31161 5.086
threshold=572.68200000000013 549.01300000000003 594.91300000000012 21.994500000000006 14.711000000000002 19.698500000000006 16.187000000000001 17.302000000000003 15.055000000000001 -1.0714999999999997 83.955000000000027 825.99000000000012 -0.34964745525122826 8.0230000000000015
decision_type=2 2 2 2 2 2 2 2 2 2 2 2 2 2
left_child=1 -1 -2 4 8 6 7 -6 13 11 -11 12 -10 -4
right_child=2 -3 3 -5 5 -7 -8 -9 9 10 -12 -13 -14 -15
leaf_value=0.00023130883645313129 -0.006420539218688179 0.0026605209304190061 0.0083968175492218477 -0.007030636799485135 -0.00025269218478213284 0.0079503059794594055 -0.002873920614204631 0.0088933560967655034 -0.020820828487470917 -0.0034425521850757093 0.010741730740580227 0.01433398539384716 0.0012088789010578751 -0.0001557223357760096
leaf_weight=912 40 40 85 52 46 89 48 45 42 162 52 76 57 209
leaf_count=912 40 40 85 52 46 89 48 45 42 162 52 76 57 209
internal_value=0.000332481 0.00210084 -0.00134596 -0.000778816 -0.000164654 0.00482456 -0.00107914 0.00494505 -0.00183016 -0.00475578 -0.0102804 0.002 -0.00555556 0.00204082
internal_weight=1955 952 1003 963 911 228 139 91 683 389 214 175 99 294
internal_count=1955 952 1003 963 911 228 139 91 683 389 214 175 99 294
is_linear=0
shrinkage=0.05


Tree=221
num_leaves=15
num_cat=0
split_feature=5 6 7 7 2 0 0 0 3 5 0 2 4 7
split_gain=2.29258 2.63813 2.29681 4.97962 3.85485 3.09985 4.6854 5.24435 4.5873 3.35238 2.86127 5.06947 4.85725 2.89406
threshold=19.606500000000004 13.985000000000001 881.27900000000011 897.9815000000001 -0.94000589469999485 29.306000000000001 28.110000000000003 27.071500000000004 2.7795000000000005 12.618000000000002 21.997500000000006 -0.77547391234167817 14.691500000000001 782.7410000000001
decision_type=2 2 2 2 2 2 2 2 2 2 2 2 2 2
left_child=2 -2 5 -4 -5 6 7 10 -7 -10 11 -1 -12 -14
right_child=1 -3 3 4 -6 8 -8 -9 9 -11 12 -13 13 -15
leaf_value=0.023022190277829396 -0.00081481074833255902 0.0021034201659778707 -0.0027990786592561713 0.017427023875792962 -0.00046378350506994794 -0.0013351348271932379 -0.010999350353124718 0.013553265173408586 0.0063066601044187015 0.0056061711084304244 0.00067046387300898633 0.00012180730037385512 -0.019031762725893287 0.00012678680427811729
leaf_weight=54 70 54 83 42 77 42 71 44 40 44 125 1083 86 40
leaf_count=54 70 54 83 42 77 42 71 44 40 44 125 1083 86 40
internal_value=0.000127877 -0.00645161 0.000573457 -0.00445545 0.00210084 0.00119705 0.000565536 0.00118715 0.00873016 0.0154762 0.000648415 0.00171504 -0.00418327 -0.0111111
internal_weight=1955 124 1831 202 119 1629 1503 1432 126 84 1388 1137 251 126
internal_count=1955 124 1831 202 119 1629 1503 1432 126 84 1388 1137 251 126
is_linear=0
shrinkage=0.05


Tree=222
num_leaves=15
num_cat=0
split_feature=7 2 1 4 2 7 3 7 1 0 5 0 1 4
split_gain=2.72574 3.10439 4.00476 3.571 5.68642 3.23714 5.68492 2.98426 5.57062 3.76901 7.30865 3.78916 3.11312 4.01732
threshold=572.68200000000013 -0.7324940716135786 0.36523833096101394 10.267000000000001 0.72731766296277522 517.37950000000012 0.26400000000000007 453.71000000000009 0.59055600833485278 11.053500000000001 8.8930000000000025 9.3655000000000026 0.064414007683963548 22.354500000000005
decision_type=2 2 2 2 2 2 2 2 2 2 2 2 2 2
left_child=1 2 -1 4 -3 6 -5 9 -9 11 -11 12 -8 -14
right_child=-2 3 -4 5 -6 -7 7 8 -10 10 -12 -13 13 -15
leaf_value=0.0012521864180456976 -0.00026476843432401422 -0.014454874430395066 0.019798031579843136 -0.0070875624310308173 0.00022569664663026068 0.0023453434547198227 -2.0764808325246521e-06 0.00091813627821199788 -0.039313064881364337 -0.0098744416682732435 0.00575775989831224 0.016745702360194414 0.0067954526256169823 0.00017445950110980165
leaf_weight=56 1003 45 40 42 76 74 165 53 40 99 42 41 90 89
leaf_count=56 1003 45 40 42 76 74 165 53 40 99 42 41 90 89
internal_value=-2.55754e-05 0.00189076 0.0104167 0.000934579 -0.00702479 0.0022449 0.00113464 0.00234249 -0.00591398 0.00380228 -0.00319149 0.00636364 0.00465116 0.00921788
internal_weight=1955 952 96 856 121 735 661 619 93 526 141 385 344 179
internal_count=1955 952 96 856 121 735 661 619 93 526 141 385 344 179
is_linear=0
shrinkage=0.05


Tree=223
num_leaves=15
num_cat=0
split_feature=7 7 2 7 2 2 2 0 7 3 3 4 0 1
split_gain=2.147 2.89566 2.90408 2.88411 2.72935 8.7714 6.02402 2.90865 2.69033 3.75215 5.38563 2.86214 5.30746 3.32434
threshold=572.68200000000013 528.48850000000004 -0.74189640036816351 594.91300000000012 0.19429706169951341 1.0000000180025095e-35 -0.23208956585110249 18.537000000000003 443.29600000000005 84.294000000000011 7.7730000000000006 17.226000000000003 11.258500000000002 -0.56246696819245956
decision_type=2 2 2 2 2 2 2 2 2 2 2 2 2 2
left_child=1 2 -1 -2 5 6 -5 -8 11 10 -10 12 -4 -13
right_child=3 -3 8 4 -6 -7 7 -9 9 -11 -12 13 -14 -15
leaf_value=0.0096481730790416945 -0.0060923642010562639 0.0024041373461433724 0.00013685008710821457 -0.00036742116197769628 0.0033438721629679481 -0.0037109810074921895 0.00015120992201213582 0.0069101388180824903 -0.0017025692022659023 -0.013211368299493166 0.005271363050651021 0.0034305982944509324 -0.017688044876234682 0.00019730421975624782
leaf_weight=84 40 72 207 684 99 76 40 64 57 73 44 86 61 268
leaf_count=84 40 72 207 684 99 76 40 64 57 73 44 86 61 268
internal_value=-0.000230179 0.00147059 0.000681818 -0.00184447 -0.00129803 -0.00219907 -0.000634518 0.0105769 -0.000251256 -0.00574713 0.00049505 0.00128617 -0.00261194 0.00423729
internal_weight=1955 952 880 1003 963 864 788 104 796 174 101 622 268 354
internal_count=1955 952 880 1003 963 864 788 104 796 174 101 622 268 354
is_linear=0
shrinkage=0.05


Tree=224
num_leaves=15
num_cat=0
split_feature=5 6 7 7 8 7 7 6 8 8 0 0 8 4
split_gain=3.10212 4.98417 2.90514 2.6117 4.04928 5.42174 2.61125 2.25395 1.86811 7.71086 3.61008 6.38867 2.81938 6.08511
threshold=17.920500000000001 13.985000000000001 655.25250000000017 881.27900000000011 -0.95949999999999991 897.9815000000001 871.72950000000014 13.687500000000002 -1.3939999999999997 -1.4874999999999998 23.995000000000001 19.296000000000003 -0.68899999999999983 23.205500000000004
decision_type=2 2 2 2 2 2 2 2 2 2 2 2 2 2
left_child=3 2 -2 6 -5 -6 7 8 9 10 11 -1 13 -10
right_child=1 -3 -4 4 5 -7 -8 -9 12 -11 -12 -13 -14 -15
leaf_value=4.6197401507663832e-05 -0.0002585479192220769 0.0028557804084877129 -0.0037367998527706005 0.00016071510545651453 -0.01029526093430615 -0.00020951113677787349 0.0074878150136096222 -0.00079998103597831447 0.00084844327682954696 -0.018379304629828654 -0.0015894664579289446 0.026625324201372237 0.00013000758275280301 0.015011653107033876
leaf_weight=377 60 72 55 84 49 66 46 71 241 52 80 47 615 40
leaf_count=377 60 72 55 84 49 66 46 71 241 52 80 47 615 40
internal_value=-2.55754e-05 -0.00614973 -0.0126087 0.000622172 -0.00477387 -0.0108696 0.00130656 0.000952068 0.00137741 -0.000899281 0.000992063 0.00283019 0.00279018 0.0069395
internal_weight=1955 187 115 1768 199 115 1569 1523 1452 556 504 424 896 281
internal_count=1955 187 115 1768 199 115 1569 1523 1452 556 504 424 896 281
is_linear=0
shrinkage=0.05


Tree=225
num_leaves=15
num_cat=0
split_feature=7 7 7 2 2 0 2 0 2 3 6 4 8 6
split_gain=2.20723 4.46018 3.08969 2.88682 2.46436 2.61516 2.34419 2.78008 4.86135 3.10548 2.9447 5.53484 4.97279 4.58796
threshold=568.56950000000018 589.40000000000009 542.11200000000008 -0.39505838944836397 -0.62971025403082126 22.304000000000006 -0.14772953607417119 15.546000000000001 0.34313907657789455 0.13950000000000004 5.8250000000000011 26.140000000000004 -0.10649999999999998 8.3765000000000018
decision_type=2 2 2 2 2 2 2 2 2 2 2 2 2 2
left_child=2 -2 3 4 5 -1 -5 8 -8 -10 11 12 -11 -12
right_child=1 -3 -4 6 -6 -7 7 -9 9 10 13 -13 -14 -15
leaf_value=0.011801031241769528 -0.0057921511156099614 -0.00011479263837725906 0.0038056429823832383 -0.011046150756123023 0.0056533376787282208 -0.031370278797711752 -0.011484759965075463 0.010207459458084931 -0.0037805927519768343 -0.00010809774449219712 0.0014714443286517722 -0.0016197506122279882 0.0061805685634470885 -0.00012948151233657112
leaf_weight=72 40 971 48 48 41 41 58 64 44 237 97 63 68 63
leaf_count=72 40 971 48 48 41 41 58 64 44 237 97 63 68 63
internal_value=0.000485934 -0.00113749 0.00222458 0.0015625 0.00779221 0.0039823 0.000269542 0.00100865 0 0.0013986 0.00246212 0 0.00278689 0.008125
internal_weight=1955 1011 944 896 154 113 742 694 630 572 528 368 305 160
internal_count=1955 1011 944 896 154 113 742 694 630 572 528 368 305 160
is_linear=0
shrinkage=0.05


Tree=226
num_leaves=15
num_cat=0
split_feature=6 6 4 6 2 2 8 8 4 1 7 7 7 4
split_gain=1.74614 5.19794 4.1928 4.15184 3.55469 9.01201 3.58524 4.50366 6.10532 4.58354 3.03342 4.63127 4.41221 5.52507
threshold=12.127500000000003 11.663500000000001 17.298000000000005 12.518500000000001 0.0064435096891653281 -0.19851654827941614 -1.8694999999999997 -1.1394999999999997 14.861000000000002 -0.25084665036108228 572.68200000000013 517.37950000000012 717.91300000000012 17.508000000000006
decision_type=2 2 2 2 2 2 2 2 2 2 2 2 2 2
left_child=1 10 -3 -2 5 6 -5 -8 -9 -10 11 -1 -12 -14
right_child=3 2 -4 4 -6 -7 7 8 9 -11 12 -13 13 -15
leaf_value=0.00019581152160553784 -0.0031531462272401931 0.017543947163513828 9.0947243478285705e-05 0.0032616082435083906 -0.0014737969246200995 0.01163553938693614 -0.0033958413779436748 0.0045822923200623091 0.0024951504897286429 -0.0021965140274999963 -0.0047965000982975433 0.004890787761836512 -0.0013753756797323373 0.016364101149319278
leaf_weight=829 78 40 42 74 60 54 124 52 41 48 176 75 132 130
leaf_count=829 78 40 42 74 60 54 124 52 41 48 176 75 132 130
internal_value=0.00028133 0.00119382 0.0134146 -0.00216573 -0.000331126 0.00139949 -0.00162242 -0.00433962 0.00177305 -0.00617978 0.000447094 0.00210177 -0.00296804 0.00114504
internal_weight=1955 1424 82 531 453 393 339 265 141 89 1342 904 438 262
internal_count=1955 1424 82 531 453 393 339 265 141 89 1342 904 438 262
is_linear=0
shrinkage=0.05


Tree=227
num_leaves=15
num_cat=0
split_feature=3 3 5 8 6 1 6 1 0 0 8 8 4 1
split_gain=2.28345 4.88244 3.41185 3.58734 6.94663 3.93714 2.92413 4.4812 2.60103 3.28987 3.17374 6.6349 4.25747 4.39505
threshold=82.982000000000014 74.424000000000021 11.661000000000003 -2.3724999999999996 3.1390000000000007 0.94697898371965716 12.368 -0.10738035228456493 26.143500000000007 24.180000000000003 -0.024999999999999998 0.64150000000000007 9.501000000000003 0.16681837808193059
decision_type=2 2 2 2 2 2 2 2 2 2 2 2 2 2
left_child=1 -1 3 4 -2 8 7 -4 9 10 12 -12 -5 -14
right_child=2 -3 6 5 -6 -7 -8 -9 -10 -11 11 -13 13 -15
leaf_value=-0.00013760467039525479 0.011870483562062065 -0.0061050326020132169 -7.3470883617879346e-05 -0.00025144467396139849 -0.016122444864703007 -0.015658929716863303 0.00057376215499168606 -0.020107719580370921 0.018540458096714261 -0.0052476639309314566 -0.0063468952319441834 0.0014338100355150013 0.00082733268129991206 0.018657340597758403
leaf_weight=1000 48 56 68 57 53 79 73 43 54 45 69 85 97 128
leaf_count=1000 48 56 68 57 53 79 73 43 54 45 69 85 97 128
internal_value=-0.000127877 -0.00170455 0.00172414 0.00328671 -0.00544554 0.00472313 -0.00434783 -0.00945946 0.00626168 0.00509356 0.00642202 0.000649351 0.00957447 0.0126667
internal_weight=1955 1056 899 715 101 614 184 111 535 481 436 154 282 225
internal_count=1955 1056 899 715 101 614 184 111 535 481 436 154 282 225
is_linear=0
shrinkage=0.05


Tree=228
num_leaves=15
num_cat=0
split_feature=7 6 0 5 3 5 5 6 2 2 5 8 8 5
split_gain=2.82934 3.54168 6.68521 3.95946 4.78462 4.47679 4.36366 2.35669 1.94146 3.53284 5.13766 1.77571 3.35473 3.28341
threshold=351.74050000000005 3.2295000000000003 2.6615000000000006 5.197000000000001 99.967000000000013 2.5295000000000001 1.4965000000000004 7.1990000000000007 -0.99791438307893243 -0.97218766834954651 7.5630000000000015 1.0490000000000002 0.58850000000000013 7.0580000000000007
decision_type=2 2 2 2 2 2 2 2 2 2 2 2 2 2
left_child=1 2 -1 5 -5 6 -3 -7 -2 10 -10 12 13 -11
right_child=8 3 -4 4 -6 7 -8 -9 9 11 -12 -13 -14 -15
leaf_value=0.0017661463262241218 0.0050441481699004991 -0.0011105479645862643 -0.010324796671692294 0.00043002189047533946 0.013971048460394587 0.00076347428545240769 0.006631383965510624 -0.019164250048731582 0.011219443621705107 -0.0011054940030681311 -0.0016816858444054783 -0.00072455329540089273 0.012760542562702726 4.7791969181731902e-05
leaf_weight=68 42 43 80 44 58 44 45 42 43 205 67 72 55 1047
leaf_count=68 42 43 80 44 58 44 45 42 43 205 67 72 55 1047
internal_value=-7.67263e-05 0.00353774 -0.0027027 0.00688406 0.0147059 0.00229885 0.0102273 -0.00581395 -0.00107773 -0.00137676 -0.01 -0.000688905 -0.000267789 -0.000798722
internal_weight=1955 424 148 276 102 174 88 86 1531 1489 110 1379 1307 1252
internal_count=1955 424 148 276 102 174 88 86 1531 1489 110 1379 1307 1252
is_linear=0
shrinkage=0.05


Tree=229
num_leaves=15
num_cat=0
split_feature=7 5 4 0 7 8 5 1 8 4 3 5 1 6
split_gain=2.28058 3.10818 3.04658 3.65626 5.55449 4.17223 3.63435 2.9836 1.56072 5.28464 3.88889 1.89939 6.00119 3.92533
threshold=351.74050000000005 1.1060000000000003 26.050000000000004 2.6615000000000006 107.99250000000002 -0.55799999999999994 4.3385000000000007 -0.038721922313638066 -2.7069999999999994 20.943000000000001 26.051000000000005 4.7320000000000002 0.31676515716386888 1.3185000000000002
decision_type=2 2 2 2 2 2 2 2 2 2 2 2 2 2
left_child=1 -1 3 -3 -5 7 -7 -6 9 -2 -11 12 -10 -13
right_child=8 2 -4 4 5 6 -8 -9 11 10 -12 13 -14 -15
leaf_value=-0.0016481916879398817 -0.0055702670160331039 0.0042533279496112303 -0.00043484575598186359 0.012725103975753372 -0.013596359611722415 -0.0058351678652265766 0.019418820331388024 2.9043823399033109e-05 0.010927265108278073 0.0059101586066585762 0.00029568455580299417 -0.01775298935017516 -0.000384872782892412 -0.0002319937200866651
leaf_weight=61 47 65 82 41 47 42 44 42 40 48 42 40 56 1258
leaf_count=61 47 65 82 41 47 42 44 42 40 48 42 40 56 1258
internal_value=-0.000179028 0.00306604 0.00482094 0.00729537 0.00416667 0.000285714 0.00813953 -0.00730337 -0.00107773 0.0040146 0.0111111 -0.00157819 0.00520833 -0.00208012
internal_weight=1955 424 363 281 216 175 86 89 1531 137 90 1394 96 1298
internal_count=1955 424 363 281 216 175 86 89 1531 137 90 1394 96 1298
is_linear=0
shrinkage=0.05


Tree=230
num_leaves=15
num_cat=0
split_feature=5 5 4 4 7 4 0 2 1 6 6 6 6 3
split_gain=2.04286 3.29715 3.13424 5.94592 2.53653 4.9208 6.65124 5.16528 3.49084 1.59639 5.2112 2.41302 5.36854 4.01915
threshold=2.4055000000000004 2.9070000000000005 13.981500000000002 19.590000000000003 348.97200000000004 26.050000000000004 2.6615000000000006 0.86096101588899432 -0.617947040895375 0.68450000000000011 2.7915000000000005 7.6355000000000013 8.2675000000000018 94.759000000000015
decision_type=2 2 2 2 2 2 2 2 2 2 2 2 2 2
left_child=2 -2 -1 -4 5 6 -3 8 -8 -6 -11 13 -13 -12
right_child=1 4 3 -5 9 -7 7 -9 -10 10 11 12 -14 -15
leaf_value=0.011179144826572118 -0.01253935511463161 0.0062504186191366939 -0.0021726514210559851 0.002257950140475955 -0.0069926693013544379 -0.0016009116519010381 -0.00057641850752662151 -0.0075322612153954915 0.023367847953474092 0.0095290380487207185 -0.00028044990809491523 0.0055494183438456026 -0.00018156108281901229 -0.010261623548755467
leaf_weight=47 40 44 44 63 59 56 53 40 60 67 188 70 1034 90
leaf_count=47 40 44 44 63 59 56 53 40 60 67 188 70 1034 90
internal_value=-0.000332481 -0.000805108 0.00519481 0.00046729 -0.00048268 0.0041502 0.00786802 0.00294118 0.00840708 -0.00125995 -0.000931677 -0.0015919 -0.000543478 -0.0057554
internal_weight=1955 1801 154 107 1761 253 197 153 113 1508 1449 1382 1104 278
internal_count=1955 1801 154 107 1761 253 197 153 113 1508 1449 1382 1104 278
is_linear=0
shrinkage=0.05


Tree=231
num_leaves=15
num_cat=0
split_feature=0 7 7 0 6 6 7 8 5 5 4 2 7 5
split_gain=1.618 4.66081 7.94727 4.3766 4.25705 4.92308 1.99368 7.88483 4.35874 4.25532 3.6255 3.57433 3.37462 4.08029
threshold=4.3975000000000009 248.76350000000005 351.74050000000005 2.6615000000000006 5.7845000000000004 2.3935000000000004 240.47600000000003 -1.1624999999999999 6.940500000000001 7.6015000000000006 17.392500000000002 -0.94849615754507433 437.52000000000004 10.364500000000001
decision_type=2 2 2 2 2 2 2 2 2 2 2 2 2 2
left_child=1 -1 -3 4 5 -4 7 -2 11 -10 -9 -8 13 -11
right_child=6 2 3 -5 -6 -7 8 10 9 12 -12 -13 -14 -15
leaf_value=-0.002098868167447521 -0.0099871498515314416 0.0097972004356729325 -5.6583696433613886e-05 0.0018506411029302118 0.0011687895912160407 -0.025802424630864098 0.001862483101677015 0.00037372176274719785 0.0081921578204656297 -0.0063210574299525828 0.016971196432004218 -0.008598571607559986 -0.00036851588984754269 0.007113270906537285
leaf_weight=73 67 70 80 48 77 50 61 63 79 54 50 172 943 68
leaf_count=73 67 70 80 48 77 50 61 63 79 54 50 172 943 68
internal_value=-0.000332481 0.00251256 0.00507692 0.000980392 -0.00217391 -0.00769231 -0.00105973 0.00388889 -0.00170661 -0.000437063 0.0119469 -0.00793991 -0.00126761 0.00655738
internal_weight=1955 398 325 255 207 130 1557 180 1377 1144 113 233 1065 122
internal_count=1955 398 325 255 207 130 1557 180 1377 1144 113 233 1065 122
is_linear=0
shrinkage=0.05


Tree=232
num_leaves=15
num_cat=0
split_feature=5 6 4 1 1 8 6 5 7 7 8 2 4 3
split_gain=2.11918 3.90288 2.49351 1.91077 4.08336 3.3845 3.36889 4.20789 3.25228 2.70515 6.11026 4.04674 3.83581 2.33578
threshold=2.4055000000000004 5.6515000000000013 20.706000000000003 -0.051549210996800328 -0.20455206612620117 1.9225000000000001 12.992500000000001 11.605500000000001 761.42000000000019 782.7410000000001 -1.0589999999999999 -0.8069893509785715 16.908500000000004 99.997000000000014
decision_type=2 2 2 2 2 2 2 2 2 2 2 2 2 2
left_child=1 2 -1 4 9 6 -5 -8 -6 11 -11 -2 -12 -13
right_child=3 -3 -4 5 8 -7 7 -9 -10 10 12 13 -14 -15
leaf_value=-0.0012177347951751018 -0.010032521186432742 0.0012370097488685562 0.007480139503565103 0.00056981916816056626 -0.00089171145569617589 -0.0050377947676578444 -0.0026914768272026327 0.00024933980740852183 -0.0019567632782474197 -0.00056481201276579183 0.018643893429743093 -0.00041551611185012757 0.00036790793722952798 0.00075724007632047843
leaf_weight=66 41 46 42 817 43 41 40 46 41 101 40 418 43 130
leaf_count=66 41 46 42 817 43 41 40 46 41 101 40 418 43 130
internal_value=-0.000434783 0.00519481 0 -0.000916158 -0.00262544 0.000635593 0.00127353 -0.00813953 -0.0130952 -0.00148771 0.00380435 -0.00314092 0.0138554 -0.0020073
internal_weight=1955 154 108 1801 857 944 903 86 84 773 184 589 83 548
internal_count=1955 154 108 1801 857 944 903 86 84 773 184 589 83 548
is_linear=0
shrinkage=0.05


Tree=233
num_leaves=15
num_cat=0
split_feature=1 7 8 6 5 0 0 4 8 3 5 5 1 6
split_gain=2.27124 2.93539 2.4863 2.41587 3.31254 2.23799 2.45815 2.88064 2.03723 4.54778 4.21458 6.2642 4.18556 3.91501
threshold=-0.051549210996800328 878.94650000000013 -3.2739999999999996 12.992500000000001 11.605500000000001 1.0015000000000003 4.2035000000000009 26.844500000000004 -1.1294999999999997 37.053500000000007 4.495000000000001 7.6015000000000006 -0.93535928755917819 11.853500000000002
decision_type=2 2 2 2 2 2 2 2 2 2 2 2 2 2
left_child=1 2 -1 -2 -5 -4 -7 8 12 -10 -11 -12 13 -8
right_child=3 -3 5 4 -6 6 7 -9 9 10 11 -13 -14 -15
leaf_value=-0.0012426964723323581 0.00037304764069920896 -0.0013151346413977638 -0.00081990256279420031 -0.002556902985842502 0.00023687281703809184 0.0019661736091131309 -0.0012078244303475858 0.0018750357798142049 0.0097423095737175225 0.0094783532589689367 -0.027752139077931684 -0.00012462832927731817 -0.003476982399252709 0.0048567102400473685
leaf_weight=46 960 43 65 40 46 46 46 70 114 40 40 88 234 77
leaf_count=46 960 43 65 40 46 46 46 70 114 40 40 88 234 77
internal_value=-0.000537084 -0.00236524 -0.0017321 0.00105163 -0.00697674 -0.00109756 -0.000331126 -0.00105783 -0.00211268 0.00106383 -0.00416667 -0.00859375 -0.00462185 0.00284553
internal_weight=1955 909 866 1046 86 820 755 709 639 282 168 128 357 123
internal_count=1955 909 866 1046 86 820 755 709 639 282 168 128 357 123
is_linear=0
shrinkage=0.05


Tree=234
num_leaves=15
num_cat=0
split_feature=1 7 4 4 7 5 7 6 3 7 5 3 4 6
split_gain=2.71022 2.83496 2.85108 3.78373 2.25378 6.99633 2.16599 4.18461 2.10554 4.51128 3.39493 2.75486 4.5782 4.43516
threshold=-0.051549210996800328 878.94650000000013 31.361000000000004 27.945000000000004 180.04300000000003 1.4965000000000004 915.94150000000002 13.121000000000002 4.972500000000001 837.63650000000007 13.477500000000001 51.978000000000009 18.078000000000007 11.383000000000001
decision_type=2 2 2 2 2 2 2 2 2 2 2 2 2 2
left_child=1 2 3 -1 5 -2 7 8 9 -6 11 12 -10 -13
right_child=4 -3 -4 -5 6 -7 -8 -9 10 -11 -12 13 -14 -15
leaf_value=-0.00029660991283887717 -0.0032237835743877674 -0.0012493779093278867 -0.0011772470363160205 0.0024088540966406835 0.0038727536485117192 0.011569758675692283 0.00035641643227178892 -0.0027814060897663386 -0.010599117569812133 -0.0030446595754156647 -0.0040347532787264771 -3.6473485806454155e-05 0.001101031461180771 0.012914522343897698
leaf_weight=776 46 43 40 50 96 59 55 48 80 56 49 377 83 97
leaf_count=776 46 43 40 50 96 59 55 48 80 56 49 377 83 97
internal_value=-0.000588235 -0.00258526 -0.00196305 -0.00133172 0.00114723 0.00809524 0.000371945 -0.000225734 0.000596659 0.00592105 -0.00058309 0.000392465 -0.00521472 0.00232068
internal_weight=1955 909 866 826 1046 105 941 886 838 152 686 637 163 474
internal_count=1955 909 866 826 1046 105 941 886 838 152 686 637 163 474
is_linear=0
shrinkage=0.05


Tree=235
num_leaves=15
num_cat=0
split_feature=7 7 1 8 4 6 5 6 5 1 6 1 5 8
split_gain=2.2487 3.15726 1.83996 1.73773 2.80101 1.68321 1.27554 5.28933 2.87313 5.25022 4.99523 3.90769 2.14761 4.8499
threshold=915.94150000000002 894.16000000000008 0.3491821996099142 2.5805000000000002 34.289500000000011 -2.1634999999999995 18.538500000000003 13.985000000000001 16.433500000000002 -0.86958133671945925 13.541500000000001 -0.9852109833579612 11.547000000000002 -1.7754999999999999
decision_type=2 2 2 2 2 2 2 2 2 2 2 2 2 2
left_child=1 3 -3 4 5 -1 8 -8 10 -10 11 -7 -13 -14
right_child=-2 2 -4 -5 -6 6 7 -9 9 -11 -12 12 13 -15
leaf_value=0.0037039637676219727 0.00024053034743266034 -0.00036314736114285707 -0.0033009779331621414 -0.0048027337370196051 0.0062877157051828341 0.0097777024813851254 -0.0024505709871140619 0.0060047115730915146 -0.00042560684314579822 0.0017138187197874605 -0.0051113534623874191 -3.464981151612978e-05 0.00088911231178108181 -0.0028040262696199985
leaf_weight=48 56 43 41 41 49 42 90 65 43 58 51 1039 96 193
leaf_count=48 56 43 41 41 49 42 90 65 43 58 51 1039 96 193
internal_value=-0.000946292 -0.00123749 -0.0107143 -0.000798898 -0.000563698 -0.000898551 -0.00116279 -0.00548387 -0.000722733 0.00742574 -0.0013019 -0.000729927 -0.00120482 -0.0050173
internal_weight=1955 1899 84 1815 1774 1725 1677 155 1522 101 1421 1370 1328 289
internal_count=1955 1899 84 1815 1774 1725 1677 155 1522 101 1421 1370 1328 289
is_linear=0
shrinkage=0.05


Tree=236
num_leaves=15
num_cat=0
split_feature=1 7 4 4 4 4 6 3 6 6 5 0 2 4
split_gain=1.94121 2.83496 2.85108 3.78373 2.90049 6.79477 4.13915 3.52603 4.15584 6.36269 3.30111 2.80157 4.66969 3.59123
threshold=-0.051549210996800328 878.94650000000013 31.361000000000004 27.945000000000004 16.233000000000001 17.580000000000002 14.135000000000002 81.154500000000013 8.0340000000000007 11.018500000000001 8.6825000000000028 28.110000000000003 -0.01291029607500894 12.541500000000001
decision_type=2 2 2 2 2 2 2 2 2 2 2 2 2 2
left_child=1 2 3 4 11 -6 7 8 -7 -10 -9 12 -1 -13
right_child=-2 -3 -4 -5 5 6 -8 10 9 -11 -12 13 -14 -15
leaf_value=0.0083931654000448785 9.0045811677964827e-05 -0.0011429909473513577 -0.0014094066562154396 0.0023505419117744067 -0.010323381814919604 -0.012387134405295396 0.006632751315438285 -0.0008177850655581298 0.0066696139291530067 -0.0030256955315754678 0.0048080307133840598 -0.0060459906203727438 -0.00036527326679025655 0.0010773788614997838
leaf_weight=133 1046 43 40 50 56 44 40 62 43 67 60 59 172 40
leaf_count=133 1046 43 40 50 56 44 40 62 43 67 60 59 172 40
internal_value=-0.000895141 -0.00258526 -0.00196305 -0.00133172 -0.00219072 -0.00537634 -0.00253165 -0.00471014 -0.00974026 -0.00454545 0.00163934 0.000742574 0.00311475 -0.00656566
internal_weight=1955 909 866 826 776 372 316 276 154 110 122 404 305 99
internal_count=1955 909 866 826 776 372 316 276 154 110 122 404 305 99
is_linear=0
shrinkage=0.05


Tree=237
num_leaves=15
num_cat=0
split_feature=7 7 2 2 2 0 5 7 7 6 7 2 2 8
split_gain=2.37798 5.20474 3.40441 4.44851 3.78544 4.03286 3.28542 4.63647 5.55927 7.37563 3.10701 4.22782 4.60635 4.22963
threshold=568.56950000000018 589.40000000000009 0.22790171382004171 0.023632005545605003 -0.23208956585110249 19.524000000000004 5.956500000000001 782.7410000000001 761.42000000000019 12.730000000000002 803.40600000000006 -0.53190322474958196 -0.72802780115698473 -1.2564999999999997
decision_type=2 2 2 2 2 2 2 2 2 2 2 2 2 2
left_child=-1 -2 3 4 6 -6 -3 8 9 -8 -9 12 -12 -14
right_child=1 2 -4 -5 5 -7 7 10 -10 -11 11 -13 13 -15
leaf_value=0.00015273248678590313 -0.0044673120446990372 0.016469669890282035 0.0039671383233311529 -0.0019712182228707634 -0.00058324871757861889 0.0044102152754837394 -0.014155652704299582 0.011359362011224883 -0.017427718176801821 0.0045108322373734527 -0.00044877419814408213 -0.0095808335635049896 -0.00016117970147022653 0.014482630581766543
leaf_weight=944 40 43 94 73 50 68 60 46 43 43 310 53 42 46
leaf_count=944 40 43 94 73 50 68 60 46 43 43 310 53 42 46
internal_value=-0.000639386 -0.00232443 -0.00159629 -0.00256556 -0.00149254 0.00677966 -0.00291545 -0.00381026 -0.0116438 -0.00533981 -0.00150905 -0.00277162 -0.00100503 0.00909091
internal_weight=1955 1011 971 877 804 118 686 643 146 103 497 451 398 88
internal_count=1955 1011 971 877 804 118 686 643 146 103 497 451 398 88
is_linear=0
shrinkage=0.05


Tree=238
num_leaves=15
num_cat=0
split_feature=6 1 4 8 6 0 5 8 8 6 4 1 1 4
split_gain=2.16024 7.56381 7.47111 5.22934 2.33486 2.77029 2.53012 1.53451 3.61132 1.99744 3.5567 2.55638 4.06694 3.28942
threshold=13.474500000000001 -0.6254047815183511 19.393500000000003 -1.6114999999999997 13.257000000000001 30.294500000000003 18.538500000000003 -3.1414999999999993 -3.9249999999999994 0.90550000000000008 15.883500000000002 0.98521098335796142 0.93779576777868801 27.945000000000004
decision_type=2 2 2 2 2 2 2 2 2 2 2 2 2 2
left_child=4 2 3 -2 5 6 7 8 -1 10 -9 12 13 -11
right_child=1 -3 -4 -5 -6 -7 -8 9 -10 11 -12 -13 -14 -15
leaf_value=-0.001211803489400344 -0.0021734097440515576 -0.0040645344952323801 0.0059167882506180733 0.0041084149293059372 0.0086676345070125001 -0.0029625606772360679 -0.003094921518770877 0.0005483774856653356 0.0021438871578718724 2.0798081950218485e-05 -0.0097166974739828008 0.0049362180319854621 -0.0084394021098388224 0.0026246516275654302
leaf_weight=44 46 70 60 44 42 63 53 61 64 1034 57 99 90 128
leaf_count=44 46 70 60 44 42 63 53 61 64 1034 57 99 90 128
internal_value=-0.000332481 -0.005 0.00133333 -0.00777778 0.000259366 -2.95334e-05 0.000368098 0.000729233 0.00648148 0.000306331 -0.0059322 0.000851221 0.000239617 0.0010327
internal_weight=1955 220 150 90 1735 1693 1630 1577 108 1469 118 1351 1252 1162
internal_count=1955 220 150 90 1735 1693 1630 1577 108 1469 118 1351 1252 1162
is_linear=0
shrinkage=0.05


Tree=239
num_leaves=15
num_cat=0
split_feature=6 1 4 8 0 0 5 7 6 8 8 6 6 7
split_gain=2.20459 5.26971 5.20239 3.15271 1.88748 5.63994 2.42274 6.41806 1.52861 1.71337 3.24128 2.44618 2.11096 5.84988
threshold=13.496000000000002 -0.6254047815183511 19.393500000000003 -1.6114999999999997 28.110000000000003 27.365000000000006 8.3140000000000018 791.51250000000016 -2.1634999999999995 -3.9249999999999994 -3.1414999999999993 0.68450000000000011 3.9385000000000008 240.47600000000003
decision_type=2 2 2 2 2 2 2 2 2 2 2 2 2 2
left_child=4 2 3 -2 5 8 -6 -8 -1 -10 -11 -12 13 -13
right_child=1 -3 -4 -5 6 -7 7 -9 9 10 11 12 -14 -15
leaf_value=0.0021410286312884886 -0.0018675088464434886 -0.0038613077704707623 0.005620948838087168 0.0011630491600933546 -0.0039023080397568577 0.0071654524586228343 -0.018245066717736316 0.0006612490856807929 -0.0029375347335112213 0.0029546663340986492 -0.0023106932900180651 -0.0010424455951614509 -7.7445890646243864e-05 0.0025021374447120634
leaf_weight=49 45 66 60 42 52 47 51 83 40 58 73 53 1107 129
leaf_count=49 45 66 60 42 52 47 51 83 40 58 73 53 1107 129
internal_value=-0.000127877 -0.00492958 0.000340136 -0.00747126 0.000459242 0.00102828 -0.00430108 -0.000746269 0.000497018 0.000205479 0.000492958 0 0.000504267 0.00549451
internal_weight=1955 213 147 87 1742 1556 186 134 1509 1460 1420 1362 1289 182
internal_count=1955 213 147 87 1742 1556 186 134 1509 1460 1420 1362 1289 182
is_linear=0
shrinkage=0.05


Tree=240
num_leaves=15
num_cat=0
split_feature=7 0 7 0 7 7 3 1 4 7 2 0 2 3
split_gain=1.78833 7.03492 6.49402 5.72781 6.45547 4.10173 6.50368 7.60009 5.86924 4.62836 3.47218 3.7159 3.0648 4.89515
threshold=764.65350000000012 11.879000000000001 785.78800000000012 29.922000000000004 727.23900000000015 568.56950000000018 1.7700000000000002 0.849084144669916 17.139000000000003 517.37950000000012 -0.42640316431117214 19.157000000000004 -0.97218766834954651 22.404000000000007
decision_type=2 2 2 2 2 2 2 2 2 2 2 2 2 2
left_child=3 -2 -3 4 5 9 -7 8 -8 -1 11 -4 13 -13
right_child=1 2 10 -5 -6 6 7 -9 -10 -11 -12 12 -14 -15
leaf_value=1.8465349753627251e-05 -0.011758918556329212 -0.014440274479995897 -0.0029089670556940311 0.0059568813002696119 0.0079688590172365074 0.0014314427292458959 -0.0012092329291633133 0.0020678428266681093 -0.0087408649036403111 0.001639045924014597 0.012978805823712709 0.00015037600366570871 0.00068075771337449689 -0.002847495097658304
leaf_weight=852 40 50 40 52 62 71 78 77 75 85 47 61 306 59
leaf_count=852 40 50 40 52 62 71 78 77 75 85 47 61 306 59
internal_value=2.55754e-05 -0.00223881 -0.00079929 0.0010355 0.000384615 -0.000403877 -0.00548173 -0.00956522 -0.0160131 0.00122732 0.000877193 -0.000429185 0.000938967 -0.00583333
internal_weight=1955 603 563 1352 1300 1238 301 230 153 937 513 466 426 120
internal_count=1955 603 563 1352 1300 1238 301 230 153 937 513 466 426 120
is_linear=0
shrinkage=0.05


Tree=241
num_leaves=15
num_cat=0
split_feature=6 6 6 4 8 8 1 1 2 2 4 4 4 8
split_gain=1.91668 3.48592 5.8327 3.4244 1.79881 3.05486 2.1586 2.86648 3.20745 2.81553 2.10114 7.24846 3.61361 6.30165
threshold=14.577000000000002 14.135000000000002 13.598500000000003 17.580000000000002 -4.059499999999999 -3.1414999999999993 0.98521098335796142 0.93779576777868801 0.19429706169951341 -0.030120304846908235 21.085000000000004 22.083500000000004 18.855500000000003 -1.1009999999999998
decision_type=2 2 2 2 2 2 2 2 2 2 2 2 2 2
left_child=1 2 4 -4 -1 -6 7 10 -9 -8 12 -12 -7 -14
right_child=-2 -3 3 -5 5 6 9 8 -10 -11 11 -13 13 -15
leaf_value=-0.0015365491427544863 -0.012238607482701514 0.004601319155840322 -0.0035952559608484983 -0.00027445375634548578 0.0011598892791835804 5.4728203463993987e-05 0.012640878362975727 -0.033656437318480691 0.001718372415961112 -8.3771598162310504e-05 -0.009801029560718379 -3.2804146604194577e-05 -0.0001804916104619343 0.012801227488597354
leaf_weight=40 43 56 41 52 76 864 45 61 42 58 48 394 56 79
leaf_count=40 43 56 41 52 76 864 45 61 42 58 48 394 56 79
internal_value=-2.55754e-05 0.000209205 -0.000161638 -0.0123656 0.000482133 0.000725479 0.000273224 -0.000194301 -0.00825243 0.00728155 0.000381679 -0.00248869 0.00165165 0.00925926
internal_weight=1955 1912 1856 93 1763 1723 1647 1544 103 103 1441 442 999 135
internal_count=1955 1912 1856 93 1763 1723 1647 1544 103 103 1441 442 999 135
is_linear=0
shrinkage=0.05


Tree=242
num_leaves=15
num_cat=0
split_feature=2 2 5 5 3 3 3 2 7 7 7 2 4 7
split_gain=2.57075 3.22245 2.09816 7.54997 5.58039 5.48715 3.43279 3.12656 5.2163 4.52973 4.32907 3.2097 2.98359 3.4958
threshold=0.99276848381014016 0.97513228625088877 7.6015000000000006 7.2415000000000012 29.003500000000006 79.606500000000025 93.056500000000014 0.82438889030848939 448.02200000000005 528.48850000000004 764.65350000000012 0.71541278717867718 13.303000000000003 251.83750000000001
decision_type=2 2 2 2 2 2 2 2 2 2 2 2 2 2
left_child=1 2 3 4 -1 -6 -7 8 11 -10 -11 -4 -8 -14
right_child=-2 -3 7 -5 5 6 12 -9 9 10 -12 -13 13 -15
leaf_value=0.0055530372463810183 -0.0075586713534837591 0.0011503313289982747 0.002472686857497386 0.018111859389431856 -0.0057666728224643696 0.0070157950617170846 0.0093620389652936901 -0.0020588375145923392 -0.003023629012103238 0.00034219151650966007 -0.00052289188350500564 0.0061188326680581056 -0.0040544274679029518 0.0003120120879391453
leaf_weight=74 67 60 75 46 79 40 98 104 95 372 517 41 138 149
leaf_count=74 67 60 75 46 79 40 98 104 95 372 517 41 138 149
internal_value=-7.67263e-05 0.000264831 -0.000109409 0.00224359 0.000692042 -0.00119048 0.00105882 -0.0013289 -0.000545455 -0.00172764 -0.000618673 0.00948276 -0.00038961 -0.00296167
internal_weight=1955 1888 1828 624 578 504 425 1204 1100 984 889 116 385 287
internal_count=1955 1888 1828 624 578 504 425 1204 1100 984 889 116 385 287
is_linear=0
shrinkage=0.05


Tree=243
num_leaves=15
num_cat=0
split_feature=6 4 4 5 3 6 8 8 3 3 4 6 1 1
split_gain=1.82055 1.82838 2.26812 1.83976 5.62674 2.82558 2.72761 2.86096 3.71678 7.11805 5.63886 4.49918 4.37318 3.59204
threshold=-2.1634999999999995 36.02450000000001 32.843000000000011 4.495000000000001 99.15600000000002 0.68450000000000011 -3.5274999999999994 -2.1569999999999996 99.484000000000009 97.415000000000006 14.935500000000003 3.9385000000000008 0.9821165111257959 -0.92913280730858794
decision_type=2 2 2 2 2 2 2 2 2 2 2 2 2 2
left_child=-1 2 3 4 -2 -5 -7 13 9 11 -10 -9 -13 -8
right_child=1 -3 -4 5 -6 6 7 8 10 -11 -12 12 -14 -15
leaf_value=0.0019594588638802454 0.0091085673846804781 0.0065791773908500167 -0.010413043520825161 -0.0081430849982044758 -0.0004032993550905747 -0.0037530864004685473 0.00115444285230058 0.006940711126487243 -0.0005494332400958424 -0.020576273892246918 0.0060792766895111268 -0.00036646341051412224 0.012771214248450069 0.00022195331321446228
leaf_weight=49 72 40 56 51 204 48 41 53 128 41 149 812 43 168
leaf_count=49 72 40 56 51 204 48 41 53 128 41 149 812 43 168
internal_value=-0.000332481 -0.000577125 -0.000803859 -0.000497238 0.00326087 -0.0011734 -0.000775455 -0.000383275 -0.00130506 -0.00279241 0.00379061 -0.00187225 -0.00274854 0.00502392
internal_weight=1955 1906 1866 1810 276 1534 1483 1435 1226 949 277 908 855 209
internal_count=1955 1906 1866 1810 276 1534 1483 1435 1226 949 277 908 855 209
is_linear=0
shrinkage=0.05


Tree=244
num_leaves=15
num_cat=0
split_feature=6 8 8 0 5 6 0 1 3 2 2 4 6 6
split_gain=1.93987 2.62836 2.47073 2.23206 4.04348 2.24975 1.90076 1.82849 3.18011 2.43818 4.91467 1.81195 1.87707 5.016
threshold=-2.1634999999999995 -3.9249999999999994 -2.1569999999999996 30.603000000000005 14.439000000000002 0.53700000000000014 29.306000000000001 -0.93535928755917819 3.6720000000000002 0.6263638349297701 0.040813519545864409 34.289500000000011 13.934500000000002 13.474500000000001
decision_type=2 2 2 2 2 2 2 2 2 2 2 2 2 2
left_child=-1 -2 7 5 -5 -4 11 -3 -9 10 -10 12 13 -7
right_child=1 2 3 4 -6 6 -8 8 9 -11 -12 -13 -14 -15
leaf_value=0.0018614859206862316 -0.0015305309199041385 0.00079477604476134727 -0.001743875336024648 -0.010944337836870283 5.1532832831868716e-05 -9.6557754415915742e-05 0.00071828796529193608 0.013539449349822203 0.00035321507992889107 0.0020163021162693086 -0.010958763850881221 0.0060379501890795752 0.0044157209627492533 -0.0018513681703829445
leaf_weight=49 41 41 56 46 62 1199 62 56 68 77 47 44 46 61
leaf_count=49 41 41 56 46 62 1199 62 56 68 77 47 44 46 61
internal_value=-0.000639386 -0.00089192 -0.000616622 -0.00139594 -0.00833333 -0.000885559 -0.000495751 0.00363322 0.00201613 -0.00104167 -0.00565217 -0.000888889 -0.00122511 -0.0015873
internal_weight=1955 1906 1865 1576 108 1468 1412 289 248 192 115 1350 1306 1260
internal_count=1955 1906 1865 1576 108 1468 1412 289 248 192 115 1350 1306 1260
is_linear=0
shrinkage=0.05


Tree=245
num_leaves=15
num_cat=0
split_feature=6 8 8 6 1 3 7 0 7 3 3 4 4 2
split_gain=1.91972 1.72201 2.08478 2.04424 1.96015 2.3967 2.09474 3.63552 1.64184 1.63301 4.09197 3.25252 5.10686 8.17374
threshold=-2.1634999999999995 -3.9249999999999994 -2.1569999999999996 0.53700000000000014 -0.93535928755917819 3.6720000000000002 363.28900000000004 8.626000000000003 683.84050000000013 79.606500000000025 9.3500000000000014 15.163500000000001 13.827000000000002 -0.3792085569509222
decision_type=2 2 2 2 2 2 2 2 2 2 2 2 2 2
left_child=-1 -2 4 -4 -3 -6 -7 -8 -9 10 -5 12 13 -11
right_child=1 2 3 9 5 6 7 8 -10 11 -12 -13 -14 -15
leaf_value=0.0017684116246519195 -0.0014540043739089349 0.00075503724252328213 -0.0016566815692234166 6.0215185591860902e-05 0.012862476882331098 0.0021364084909182082 -0.0083823768759178005 0.0010447688157045887 -0.00048731995117311071 0.0059762091622301457 -0.00095765615814947527 0.00089468331082446237 -0.016902297373111573 -0.0017154073306068442
leaf_weight=49 41 41 56 503 56 58 42 41 51 126 316 430 40 105
leaf_count=49 41 41 56 503 56 58 42 41 51 126 316 430 40 105
internal_value=-0.000588235 -0.000839454 -0.000616622 -0.00133249 0.0032872 0.0016129 -0.00104167 -0.00447761 0.00108696 -0.000986842 -0.00250305 0.000784593 -0.00350554 -0.000649351
internal_weight=1955 1906 1865 1576 289 248 192 134 92 1520 819 701 271 231
internal_count=1955 1906 1865 1576 289 248 192 134 92 1520 819 701 271 231
is_linear=0
shrinkage=0.05


Tree=246
num_leaves=15
num_cat=0
split_feature=7 5 7 8 2 2 2 7 5 5 2 6 8 4
split_gain=1.74709 5.81934 2.2845 8.12512 1.69501 2.53912 1.89595 7.36928 3.36522 3.41171 2.83704 4.94917 2.26613 1.82339
threshold=894.16000000000008 11.028500000000003 866.05050000000017 -0.86449999999999994 0.99276848381014016 0.97513228625088877 0.82438889030848939 280.00700000000006 7.956500000000001 10.985500000000002 0.6971494193916894 6.394000000000001 1.6555000000000002 6.9635000000000007
decision_type=2 2 2 2 2 2 2 2 2 2 2 2 2 2
left_child=2 -2 4 -4 5 6 10 -8 -9 -10 12 -12 13 -1
right_child=1 -3 3 -5 -6 -7 7 8 9 -11 11 -13 -14 -15
leaf_value=-0.0037873027933982284 -0.002285815652797818 0.00027316067645593022 0.011266001653395752 -0.0010217616134860226 -0.0072023208931042866 0.00091033489357383174 -0.0073690753543127043 0.0023098537153188993 -0.014294549976692612 9.5103457323746961e-05 -0.00012520463577408436 0.0086231161194261947 -0.0017828206324949276 3.5507584055316511e-05
leaf_weight=69 77 63 67 66 67 60 47 80 40 52 71 47 42 1107
leaf_count=69 77 63 67 66 67 60 47 80 40 52 71 47 42 1107
internal_value=-0.000332481 -0.00571429 8.26446e-05 0.00639098 -0.000416171 -9.28793e-05 -0.000482315 -0.00479452 0 -0.00652174 0.000224551 0.00762712 -0.000492611 -8.5034e-05
internal_weight=1955 140 1815 133 1682 1615 1555 219 172 92 1336 118 1218 1176
internal_count=1955 140 1815 133 1682 1615 1555 219 172 92 1336 118 1218 1176
is_linear=0
shrinkage=0.05


Tree=247
num_leaves=15
num_cat=0
split_feature=6 8 8 7 5 2 2 6 3 3 4 2 0 4
split_gain=1.80103 1.83063 2.49907 2.9131 3.36248 3.01083 5.26829 2.15635 1.93927 6.16052 3.18303 7.55741 3.187 5.6115
threshold=-2.1634999999999995 -3.9249999999999994 -2.1569999999999996 761.42000000000019 14.559000000000003 0.17553149042142802 0.61287127154566789 0.53700000000000014 53.004000000000012 29.003500000000006 9.501000000000003 -0.76235363884839025 21.665000000000003 23.049000000000003
decision_type=2 2 2 2 2 2 2 2 2 2 2 2 2 2
left_child=-1 -2 3 4 5 -3 -7 -4 9 -9 11 -10 -12 -14
right_child=1 2 7 -5 -6 6 -8 8 10 -11 12 -13 13 -15
leaf_value=0.0016782156642165592 -0.0013860593280796809 0.0016110898902880735 -0.0016324815232465998 -0.0021856273491088762 0.0018119709804920393 -0.010519421462085836 0.0028509499935749577 -0.00017015914158815678 0.005696841158662461 -0.0037977150630546632 0.00080088566643556904 -0.011594963149927324 -0.0016736290085996143 0.017684927526856804
leaf_weight=49 41 42 56 59 65 41 82 610 54 79 469 68 196 44
leaf_count=49 41 42 56 59 65 41 82 610 54 79 469 68 196 44
internal_value=-0.00028133 -0.000524659 -0.000294906 0.00397924 0.00652174 0.00272727 -0.00121951 -0.00107868 -0.000723684 -0.00268505 0.000902527 -0.00655738 0.00218618 -0.0025
internal_weight=1955 1906 1865 289 230 165 123 1576 1520 689 831 122 709 240
internal_count=1955 1906 1865 289 230 165 123 1576 1520 689 831 122 709 240
is_linear=0
shrinkage=0.05


Tree=248
num_leaves=15
num_cat=0
split_feature=7 5 8 8 6 2 5 6 0 6 6 6 5 4
split_gain=1.91708 5.81934 1.75534 1.60451 1.666 3.05522 2.29548 2.19792 3.62275 4.54098 2.09099 2.43943 1.63481 4.50409
threshold=894.16000000000008 11.028500000000003 -4.059499999999999 1.9225000000000001 0.90550000000000008 0.89420283937402645 4.870000000000001 3.9385000000000008 -1.107 2.2685000000000004 4.7615000000000007 5.283500000000001 14.889000000000001 19.590000000000003
decision_type=2 2 2 2 2 2 2 2 2 2 2 2 2 2
left_child=2 -2 -1 4 5 -4 -7 8 -6 -10 -9 -12 -13 -14
right_child=1 -3 3 -5 7 6 -8 10 9 -11 11 12 13 -15
leaf_value=-0.0010954963690800374 -0.0021630169130785193 0.00044938839578586578 -0.0022054505439615714 -0.00072320768244443778 -0.00035231126274181128 0.010515268140991026 -0.0078293879440642419 -0.0019501235363273237 -3.7055098099753049e-05 0.011219349106050725 0.0017539670747384829 -5.7703768628118021e-05 -0.00028945217936678926 0.0026907964226672632
leaf_weight=40 77 63 48 61 45 42 44 58 49 79 59 964 189 137
leaf_count=40 77 63 48 61 45 42 44 58 49 79 59 964 189 137
internal_value=-7.67263e-05 -0.00571429 0.000358127 0.000591549 0.000875146 -0.00447761 0.00116279 0.00132911 0.0066474 0.0109375 0.000675195 0.00107487 0.000620155 0.00368098
internal_weight=1955 140 1815 1775 1714 134 86 1580 173 128 1407 1349 1290 326
internal_count=1955 140 1815 1775 1714 134 86 1580 173 128 1407 1349 1290 326
is_linear=0
shrinkage=0.05


Tree=249
num_leaves=15
num_cat=0
split_feature=3 3 3 7 4 0 7 1 4 6 3 8 4 2
split_gain=1.51577 7.76045 4.53845 4.11086 3.9936 3.11969 3.75405 3.25099 2.42038 3.53843 3.2 2.76291 4.22189 3.32178
threshold=51.978000000000009 29.003500000000006 61.166000000000004 864.45000000000016 17.508000000000006 29.458000000000002 803.40600000000006 -0.90880922144842613 11.361500000000001 12.025000000000002 1.2275000000000003 -2.3724999999999996 22.230500000000003 0.67209495862812607
decision_type=2 2 2 2 2 2 2 2 2 2 2 2 2 2
left_child=1 8 -2 5 -3 6 7 -4 9 -1 -11 12 -10 -13
right_child=2 4 3 -5 -6 -7 -8 -9 11 10 -12 13 -14 -15
leaf_value=0.0085054655540907353 0.0093022802722309405 -0.014214136840452252 -0.0028612460252220419 0.0055912796820295155 -0.00038736349132757476 0.0060540344465134684 -0.0092490432963056712 0.00013014948037227693 -0.0008280064656072839 -0.0063368343520797295 0.0012026500390443424 -0.00021805644251942093 0.0024146257658713174 -0.0096650122866578578
leaf_weight=87 40 46 84 41 42 61 62 791 49 40 40 421 57 94
leaf_count=87 40 46 84 41 42 61 62 791 49 40 40 421 57 94
internal_value=-0.00028133 -0.00182648 0.000973123 0.000336862 -0.0159091 -0.000300601 -0.00101387 -0.000171429 -0.000253807 0.00508982 -0.0025 -0.00169082 0.00566038 -0.00320388
internal_weight=1955 876 1079 1039 88 998 937 875 788 167 80 621 106 515
internal_count=1955 876 1079 1039 88 998 937 875 788 167 80 621 106 515
is_linear=0
shrinkage=0.05


Tree=250
num_leaves=15
num_cat=0
split_feature=5 8 3 0 0 8 1 1 1 0 0 3 2 6
split_gain=1.83566 1.6057 3.86831 4.66534 5.72404 2.89797 2.71544 2.06781 3.47721 3.79178 5.22394 4.15385 3.17202 2.96293
threshold=20.333500000000004 0.17100000000000001 99.852500000000006 13.099000000000002 22.752000000000002 0.83550000000000002 -0.17552986495351994 -0.09025077427732299 1.0000000180025095e-35 23.787000000000003 26.143500000000007 7.5105000000000013 -0.96356381914947564 6.855500000000001
decision_type=2 2 2 2 2 2 2 2 2 2 2 2 2 2
left_child=1 7 3 6 -5 -4 -3 12 -9 -10 -11 -12 -1 -14
right_child=-2 2 5 4 -6 -7 -8 8 9 10 11 -13 13 -15
leaf_value=-0.0018910476600043304 -0.00081578138675161285 0.0093233769884774522 -0.0085011179500182003 -0.012028485111499213 0.011050178196550665 -0.00026303276819418384 0.00019927501939090016 0.0054844745798207977 0.00094727818685876324 -0.0066045839180370108 0.014037232477927337 -0.00093742191695001811 -0.00062207935894257748 0.00028183962757355463
leaf_weight=54 102 40 57 42 40 66 98 49 628 72 42 49 191 425
leaf_count=54 102 40 57 42 40 66 98 49 628 72 42 49 191 425
internal_value=-0.000332481 2.69833e-05 -0.00306122 0.000909091 -0.00853659 -0.0101626 0.00652174 0.000728477 0.00238095 0.00158028 -0.00521472 0.00274725 -0.00134328 -0.000324675
internal_weight=1955 1853 343 220 82 123 138 1510 840 791 163 91 670 616
internal_count=1955 1853 343 220 82 123 138 1510 840 791 163 91 670 616
is_linear=0
shrinkage=0.05


Tree=251
num_leaves=15
num_cat=0
split_feature=1 7 8 8 3 2 4 4 4 7 6 8 1 4
split_gain=1.75744 3.03757 3.02637 2.16639 6.41764 3.16215 2.16291 3.89499 6.28178 5.01123 5.18095 4.04677 4.29109 3.79952
threshold=-0.051549210996800328 878.94650000000013 -3.1414999999999993 -2.2294999999999994 7.9240000000000004 -0.95380106782931862 6.6275000000000004 14.219000000000003 15.964500000000001 448.02200000000005 13.257000000000001 -0.86449999999999994 -0.92913280730858794 10.757500000000002
decision_type=2 2 2 2 2 2 2 2 2 2 2 2 2 2
left_child=1 2 -1 4 -4 -5 -7 11 -9 -10 -11 12 -8 -14
right_child=-2 -3 3 5 -6 6 7 8 9 10 -12 -13 13 -15
leaf_value=-0.0010764027260249081 0.00013119658956069896 -0.00092530884696455655 -0.0014214197928862035 0.008799360654104851 0.0030734176957419425 0.0032063089667743075 -1.2461312819642134e-05 0.0021498689318170464 0.00062192906209418419 -0.0032909985111354485 0.00064298554467309146 0.00019754773912016301 -0.0005075474157540061 -0.020977973846553546
leaf_weight=54 1046 43 50 46 67 43 43 68 131 120 84 69 45 46
leaf_count=54 1046 43 50 46 67 43 43 68 131 120 84 69 45 46
internal_value=-0.000537084 -0.00214521 -0.00150115 -0.000738916 0.00555556 -0.00179856 -0.00269646 -0.00346535 -0.000620347 -0.00343284 -0.00833333 -0.0091133 -0.0141791 -0.0203297
internal_weight=1955 909 866 812 117 695 649 606 403 335 204 203 134 91
internal_count=1955 909 866 812 117 695 649 606 403 335 204 203 134 91
is_linear=0
shrinkage=0.05


Tree=252
num_leaves=15
num_cat=0
split_feature=6 6 1 2 5 5 0 0 0 3 6 0 7 0
split_gain=1.89052 5.95041 6.18182 3.11922 2.45889 2.73419 3.16099 3.99222 3.89904 3.07273 2.7418 2.5944 5.37333 3.81785
threshold=13.474500000000001 14.135000000000002 -0.80392051724781044 -0.51479280150983053 18.538500000000003 15.016000000000002 28.110000000000003 26.143500000000007 25.105000000000004 11.351500000000001 7.9020000000000001 15.546000000000001 777.18350000000021 10.248500000000002
decision_type=2 2 2 2 2 2 2 2 2 2 2 2 2 2
left_child=4 3 -3 -2 5 6 7 8 11 -9 -7 12 13 -1
right_child=1 2 -4 -5 -6 10 -8 9 -10 -11 -12 -13 -14 -15
leaf_value=0.0003247365784983941 -0.00016266207731834294 0.0073107907478079607 -0.014320957374060235 -0.0018191815829831537 -0.00084295795286709889 -0.0012887481115008927 -0.0013640166781785147 0.018822814157199191 -0.0077808466913809066 0.00046040479703443051 0.0081525252150263291 0.00093890013991630998 -0.0094525444032251341 -0.0015573878659796037
leaf_weight=604 48 51 48 73 66 40 148 44 54 55 77 411 58 178
leaf_count=604 48 51 48 73 66 40 148 44 54 55 77 411 58 178
internal_value=-0.000179028 -0.00454545 0.00454545 -0.0119835 0.00037464 0.000748951 0.000193299 0.000925926 0.000191571 0.0106061 0.00811966 0.000759392 -0.000833333 0.000255754
internal_weight=1955 220 99 121 1735 1669 1552 1404 1305 99 117 1251 840 782
internal_count=1955 220 99 121 1735 1669 1552 1404 1305 99 117 1251 840 782
is_linear=0
shrinkage=0.05


Tree=253
num_leaves=15
num_cat=0
split_feature=5 6 2 8 6 7 0 0 0 2 0 8 7 6
split_gain=1.78492 2.51095 2.79622 1.64722 5.07927 3.7879 3.94265 3.29424 3.24901 8.00004 6.58035 5.35094 5.60164 4.33146
threshold=17.920500000000001 13.934500000000002 0.1858661703907829 -0.92849999999999999 13.198000000000002 256.47100000000006 -3.6359999999999997 10.774500000000002 21.997500000000006 -0.3792085569509222 24.303500000000003 0.027000000000000003 881.27900000000011 11.262500000000001
decision_type=2 2 2 2 2 2 2 2 2 2 2 2 2 2
left_child=3 2 -2 5 8 7 -7 -1 9 -5 -10 12 13 -12
right_child=1 -3 -4 4 -6 6 -8 -9 10 -11 11 -13 -14 -15
leaf_value=-5.701840961033489e-05 -0.0026656943285553627 0.0010793625180006484 -3.920727239206737e-05 0.012119013325641276 -0.0064760992358078645 0.0053956624486752765 0.00025217213370157672 -0.021775674053657268 -0.0098344527054102134 -0.00013342036503521671 -0.0017769127383934491 0.013325443503970125 -0.0030533278431235213 0.013583657811573759
leaf_weight=75 68 75 44 126 56 48 744 41 57 432 57 47 44 41
leaf_count=75 68 75 44 126 56 48 744 41 57 432 57 47 44 41
internal_value=-0.000434783 -0.00508021 -0.00982143 5.65611e-05 -0.00151163 0.00154185 0.00277778 -0.00689655 -0.000497512 0.0016129 -0.00528455 -0.000793651 -0.0056338 0.00102041
internal_weight=1955 187 112 1768 860 908 792 116 804 558 246 189 142 98
internal_count=1955 187 112 1768 860 908 792 116 804 558 246 189 142 98
is_linear=0
shrinkage=0.05


Tree=254
num_leaves=15
num_cat=0
split_feature=8 4 5 6 0 1 1 5 4 8 4 6 1 0
split_gain=1.74791 2.19937 3.93184 5.62629 2.98453 4.43935 4.23771 4.90596 4.19575 4.05734 5.44122 5.23768 2.949 6.32731
threshold=1.9225000000000001 27.945000000000004 5.1000000000000005 11.303500000000001 7.5740000000000007 -0.52277409422118748 -0.085847649446570765 12.556000000000003 25.797000000000001 0.23350000000000004 12.431500000000002 1.1700000000000002 0.9594338453294492 11.879000000000001
decision_type=2 2 2 2 2 2 2 2 2 2 2 2 2 2
left_child=1 4 -3 -4 5 -1 -7 9 12 10 -8 -12 -6 -14
right_child=-2 2 3 -5 8 6 7 -9 -10 -11 11 -13 13 -15
leaf_value=0.0010361798034301678 -0.0004621647344335456 -0.0049134519683757573 0.0088751076734333093 -0.00054064872591240432 -0.00017171244986360218 -0.0033025114683785245 -0.0011931796450471905 -0.0037564187428212577 -0.0017206836248050195 -0.00021210564881705973 0.00050329252158372621 0.013645810364688024 -0.0021588299268662072 0.033022380320691984
leaf_weight=46 63 40 108 86 1071 83 68 40 79 60 44 80 45 42
leaf_count=46 63 40 108 86 1071 83 68 40 79 60 44 80 45 42
internal_value=-0.000537084 -0.000264271 0.0042735 0.00721649 -0.000904704 0.00273159 0.000933333 0.00376712 -0.00214228 0.00634921 0.00989583 0.016129 -0.00138169 0.00747126
internal_weight=1955 1892 234 194 1658 421 375 292 1237 252 192 124 1158 87
internal_count=1955 1892 234 194 1658 421 375 292 1237 252 192 124 1158 87
is_linear=0
shrinkage=0.05


Tree=255
num_leaves=15
num_cat=0
split_feature=6 6 1 0 3 7 5 0 0 0 8 7 6 6
split_gain=1.59351 4.04039 2.81898 2.37428 5.38895 4.45725 5.50388 3.79314 3.72824 3.03658 2.67461 7.65638 5.42848 3.81072
threshold=14.577000000000002 14.135000000000002 -0.99628894895067444 26.858000000000004 96.590500000000006 787.27300000000002 8.3140000000000018 28.347500000000004 26.203500000000002 25.105000000000004 0.027000000000000003 750.15600000000006 9.7950000000000017 8.198500000000001
decision_type=2 2 2 2 2 2 2 2 2 2 2 2 2 2
left_child=1 2 -1 8 5 -5 -7 -8 9 10 -4 12 13 -12
right_child=-2 -3 3 4 -6 6 7 -9 -10 -11 11 -13 -14 -15
leaf_value=-0.0035710726809987966 -0.011840891655509278 0.0041470595936881904 0.00020287957853956651 -0.0028215243334211437 0.0057763114767393937 -0.0090738577281766243 -0.00092415387462417293 0.0038343415892887812 0.015594672193317439 -0.0046492919157670731 -0.00012767728284364017 -0.010777946445825554 0.0079826088335215092 -0.0015132652831141209
leaf_weight=44 43 56 1061 65 50 50 41 87 47 71 196 42 61 41
leaf_count=44 43 56 1061 65 50 50 41 87 47 71 196 42 61 41
internal_value=-0.000946292 -0.000732218 -0.00113147 -0.000827815 -0.00494881 -0.00802469 -0.00393258 0.0015625 -3.29164e-05 -0.000475543 3.56888e-05 -0.00382353 -0.00100671 -0.00443038
internal_weight=1955 1912 1856 1812 293 243 178 128 1519 1472 1401 340 298 237
internal_count=1955 1912 1856 1812 293 243 178 128 1519 1472 1401 340 298 237
is_linear=0
shrinkage=0.05


Tree=256
num_leaves=15
num_cat=0
split_feature=0 4 4 0 0 7 7 0 5 7 6 7 0 8
split_gain=1.47853 1.72935 1.8376 1.72599 5.45126 4.34884 5.10316 3.98232 3.45955 6.11365 3.07775 5.16303 2.71331 3.20214
threshold=-11.177499999999998 36.02450000000001 33.424500000000009 7.5740000000000007 6.4155000000000006 248.76350000000005 363.28900000000004 1.0015000000000003 4.2765000000000013 393.64450000000005 7.7665000000000015 448.02200000000005 8.626000000000003 0.9405
decision_type=2 2 2 2 2 2 2 2 2 2 2 2 2 2
left_child=-1 2 3 4 5 -2 7 -7 -8 -10 11 -11 -5 -14
right_child=1 -3 -4 12 -6 6 8 -9 9 10 -12 -13 13 -15
leaf_value=-0.0010047999521247187 -0.0022165917495763189 0.0054905633138580328 -0.0083381331780218344 -0.0032911125780454896 0.0055737786686935135 0.011180965977051517 0.0016705010804445976 0.00017423167669475826 -0.0081085758960206481 0.0026474913703407516 0.0010884900127634699 -0.011495651046938622 -3.3965188789286671e-05 -0.0057265856681235714
leaf_weight=40 82 40 41 53 45 43 45 40 48 42 65 60 1262 49
leaf_count=40 82 40 41 53 45 43 45 40 48 42 65 60 1262 49
internal_value=-0.000485934 -0.000287206 -0.000506667 -0.000272628 0.00234043 0.000588235 0.00306122 0.0138554 -0.000384615 -0.00302326 0.00149701 -0.00392157 -0.00117302 -0.000724638
internal_weight=1955 1915 1875 1834 470 425 343 83 260 215 167 102 1364 1311
internal_count=1955 1915 1875 1834 470 425 343 83 260 215 167 102 1364 1311
is_linear=0
shrinkage=0.05


Tree=257
num_leaves=15
num_cat=0
split_feature=5 6 6 4 6 0 0 1 0 0 6 6 2 2
split_gain=1.6053 1.83196 4.29865 3.77386 3.16233 2.6796 2.44438 2.03938 2.51803 3.38245 3.01122 5.51366 3.48677 3.09312
threshold=21.994500000000006 14.135000000000002 13.598500000000003 19.116000000000003 13.296000000000001 28.110000000000003 27.071500000000004 -0.97109105924028405 24.908500000000004 26.143500000000007 9.7950000000000017 9.1125000000000025 -0.766658819300159 -0.47495107206705001
decision_type=2 2 2 2 2 2 2 2 2 2 2 2 2 2
left_child=1 2 4 -4 5 6 7 -1 10 -10 11 12 -9 -14
right_child=-2 -3 3 -5 -6 -7 -8 8 9 -11 -12 -13 13 -15
leaf_value=-0.0027490311863894975 -0.0008673618372831871 0.0034418751008197471 -0.0029701174372918585 -0.00014002280517356748 0.0039779432476919566 -0.00089504851186777978 0.0062411494934046605 0.016602920945192803 -0.012100060932348694 0.0020920550663158012 0.00098240969104901603 -0.0052188935089787008 -0.0073789008624089549 6.9784855885929317e-05
leaf_weight=63 60 69 40 43 62 171 56 72 62 49 343 53 55 757
leaf_count=63 60 69 40 43 62 171 56 72 62 49 343 53 55 757
internal_value=-0.00028133 -2.63852e-05 -0.000328587 -0.0114458 0.000200803 -0.000208209 0.000463576 6.87758e-05 0.00046729 -0.00675676 0.00109375 -0.000373533 0.000565611 -0.000369458
internal_weight=1955 1895 1826 83 1743 1681 1510 1454 1391 111 1280 937 884 812
internal_count=1955 1895 1826 83 1743 1681 1510 1454 1391 111 1280 937 884 812
is_linear=0
shrinkage=0.05


Tree=258
num_leaves=15
num_cat=0
split_feature=5 7 7 7 2 4 1 1 3 3 6 4 3 3
split_gain=1.95249 1.84606 3.85674 3.75867 2.94169 2.39232 3.18229 3.15386 3.02635 4.4875 3.31641 2.13372 2.0943 5.96736
threshold=20.333500000000004 882.66000000000008 897.9815000000001 871.72950000000014 -0.94000589469999485 9.6340000000000021 -0.65189295912203338 0.098678873477280007 1.0000000180025095e-35 1.7700000000000002 8.0340000000000007 7.2495000000000003 29.003500000000006 53.45150000000001
decision_type=2 2 2 2 2 2 2 2 2 2 2 2 2 2
left_child=1 3 -3 5 -4 6 -1 -8 10 -10 -7 -9 -11 -14
right_child=-2 2 4 -5 -6 8 7 11 9 12 -12 -13 13 -15
leaf_value=-0.00529341035784956 -0.00065562884431116244 -0.0026430984586782724 0.01521247051835279 0.0043915818349642343 -0.00023594342367163625 -0.00046483549918853451 0.0044800261472986618 -0.0038088136514642964 -0.002037034276000077 0.00037021244152749824 0.011510904408471785 -0.00039003406195494143 -0.0076751583052089957 0.00016072618979424483
leaf_weight=59 102 76 42 55 77 44 82 41 64 254 77 44 65 873
leaf_count=59 102 76 42 55 77 44 82 41 64 254 77 44 65 873
internal_value=-0.000127877 0.000242849 -0.00435897 0.000784077 0.0012605 0.000343107 -0.00442478 -0.000898204 0.00112564 0.000398089 0.00867769 -0.00764706 0.0010906 0
internal_weight=1955 1853 195 1658 119 1603 226 167 1377 1256 121 85 1192 938
internal_count=1955 1853 195 1658 119 1603 226 167 1377 1256 121 85 1192 938
is_linear=0
shrinkage=0.05


Tree=259
num_leaves=15
num_cat=0
split_feature=3 3 2 2 7 3 0 0 2 6 4 4 5 5
split_gain=2.4966 3.57351 5.69079 3.07487 6.2855 3.81902 2.91256 3.95646 2.64335 7.19758 3.60873 3.26143 4.71315 4.22662
threshold=1.7700000000000002 4.8515000000000006 0.040813519545864409 0.22790171382004171 544.7120000000001 1.0000000180025095e-35 29.633500000000002 24.180000000000003 -0.85470766365158146 7.9690000000000003 13.663500000000001 12.541500000000001 1.2775000000000001 3.7045000000000003
decision_type=2 2 2 2 2 2 2 2 2 2 2 2 2 2
left_child=3 2 -2 5 -5 6 7 -1 9 -3 -11 13 -13 -10
right_child=1 8 -4 4 -6 -7 -8 -9 11 10 -12 12 -14 -15
leaf_value=-0.0025591391986113572 0.010694694527247962 0.020358413687274923 -0.0006909497046691974 -0.00079308119228008742 0.010073608312879588 -0.0010633137849119483 -0.013740289554130891 0.011086990974036147 0.010114903920644942 -0.0002572389809693959 -0.0051915324906359559 -0.0036847414561613362 0.00030984638964989819 -0.0013353932817891725
leaf_weight=60 57 55 49 68 50 70 47 62 43 110 118 44 896 226
leaf_count=60 57 55 49 68 50 70 47 62 43 110 118 44 896 226
internal_value=-0.00028133 0.000563204 0.00943396 -0.00406162 0.00254237 -0.00732218 -0.00325444 0.000819672 -6.70241e-05 -0.00441696 -0.00833333 0.000951199 0.00234043 -0.00390335
internal_weight=1955 1598 106 357 118 239 169 122 1492 283 228 1209 940 269
internal_count=1955 1598 106 357 118 239 169 122 1492 283 228 1209 940 269
is_linear=0
shrinkage=0.05


Tree=260
num_leaves=15
num_cat=0
split_feature=5 4 5 2 2 4 2 8 4 5 6 7 1 4
split_gain=2.36252 1.73325 3.44945 3.68016 4.0569 4.39948 3.82903 3.46442 4.91526 4.53446 4.9314 4.51031 3.5237 8.55358
threshold=20.333500000000004 12.431500000000002 1.1060000000000003 0.99055824379501012 0.97513228625088877 13.418500000000002 -0.98597924778888291 -0.68899999999999983 16.128500000000003 4.1495000000000006 6.0725000000000007 424.70900000000006 0.56246696819246 24.700500000000002
decision_type=2 2 2 2 2 2 2 2 2 2 2 2 2 2
left_child=1 -1 -3 4 5 -4 -7 -8 -9 -10 -11 -12 -13 -14
right_child=-2 2 3 -5 -6 6 7 8 9 10 11 12 13 -15
leaf_value=-0.00025002079663553059 -0.00063833972157809624 -0.00415542738267462 0.0083294836515553829 -0.01257008926630046 0.0020412474441492412 -0.00080721312694364005 0.00039570875524453931 -0.0054730172086030933 0.0012454448502334367 -0.01593012734491801 0.0039289545728874945 -0.0030669487995997921 0.012588471416888881 -0.0045014200702509222
leaf_weight=475 102 41 78 50 40 69 657 63 81 49 56 96 43 55
leaf_count=475 102 41 78 50 40 69 657 63 81 49 56 96 43 55
internal_value=-0.000434783 -2.69833e-05 0.000870827 0.0013089 0.00182595 0.00132318 0.000556031 0.00127273 -0.00214447 0 -0.00284281 0 -0.00360825 0.00306122
internal_weight=1955 1853 1378 1337 1287 1247 1169 1100 443 380 299 250 194 98
internal_count=1955 1853 1378 1337 1287 1247 1169 1100 443 380 299 250 194 98
is_linear=0
shrinkage=0.05


Tree=261
num_leaves=15
num_cat=0
split_feature=6 6 2 2 7 8 1 1 3 3 1 0 0 5
split_gain=2.49944 6.14889 3.51605 7.00746 6.99656 3.57164 3.41874 3.70829 8.03432 5.21795 8.80671 3.04388 2.81233 2.74146
threshold=8.3765000000000018 7.8160000000000007 0.023632005545605003 -0.21533487516747371 635.59000000000003 -1.5834999999999997 0.98009454285431663 -0.44380628866780414 7.9240000000000004 93.056500000000014 -0.74981945761428193 5.3520000000000012 16.413000000000004 9.9055000000000017
decision_type=2 2 2 2 2 2 2 2 2 2 2 2 2 2
left_child=1 6 3 -2 11 -5 7 8 -1 -10 -11 -4 -13 -3
right_child=2 13 4 5 -6 -7 -8 -9 9 10 -12 12 -14 -15
leaf_value=-0.010663231760366196 -0.00026527835603656902 0.0011622437907164635 -0.0010499798686871981 -0.00032008193103822969 -0.0015081264635738306 0.01222086496551595 -0.0068305845797006718 0.00036635486839906029 0.0021236068121636268 0.0011503757828853262 -0.0012424611314847873 0.0017111021800337051 -0.001248658467279501 0.0068565185324908802
leaf_weight=40 708 42 46 43 66 81 46 568 45 54 44 66 59 47
leaf_count=40 708 42 46 43 66 81 46 568 45 54 44 66 59 47
internal_value=-0.000383632 0.00158014 -0.00201123 -0.000480769 -0.00738397 0.0104839 0.000188206 0.000998668 -0.00519126 0.00034965 -0.00612245 -0.00204678 0.002 0.0140449
internal_weight=1955 886 1069 832 237 124 797 751 183 143 98 171 125 89
internal_count=1955 886 1069 832 237 124 797 751 183 143 98 171 125 89
is_linear=0
shrinkage=0.05


Tree=262
num_leaves=15
num_cat=0
split_feature=3 3 4 6 0 0 7 1 4 4 3 7 3 7
split_gain=2.51398 5.14578 4.07152 3.54072 4.81198 4.8237 3.99247 3.96314 3.47952 4.76555 3.48617 3.38928 3.05681 2.6679
threshold=51.978000000000009 29.003500000000006 17.508000000000006 11.383000000000001 13.099000000000002 20.274000000000004 893.15400000000011 -0.46296662190318316 25.797000000000001 9.501000000000003 8.6115000000000013 505.53450000000004 61.166000000000004 864.45000000000016
decision_type=2 2 2 2 2 2 2 2 2 2 2 2 2 2
left_child=1 3 -3 8 -5 -6 7 -7 9 -1 -11 -10 -2 -14
right_child=12 2 -4 4 5 6 -8 -9 11 10 -12 -13 13 -15
leaf_value=0.014075824768317492 0.008666221324304002 -0.012819374906564464 -0.00016772711642446537 -0.0066842406711130819 0.0051551298778687348 -0.00067262386899826778 -0.0022562499558260066 0.0073464498646555135 0.0013525159453868119 -0.0014185566783549903 0.0075100366717117785 0.023195993130877137 2.133051251054334e-05 0.0044316036437050286
leaf_weight=57 40 46 42 46 50 159 57 61 41 230 45 42 998 41
leaf_count=57 40 46 42 46 50 159 57 61 41 230 45 42 998 41
internal_value=-0.000179028 -0.00216895 -0.0136364 -0.000888325 -0.00442359 -0.00229358 -0.00487365 -0.00181818 0.00228916 0 -0.00272727 0.0114458 0.00143652 0.000914341
internal_weight=1955 876 88 788 373 327 277 220 415 332 275 83 1079 1039
internal_count=1955 876 88 788 373 327 277 220 415 332 275 83 1079 1039
is_linear=0
shrinkage=0.05


Tree=263
num_leaves=15
num_cat=0
split_feature=3 3 0 3 5 5 6 6 4 3 4 7 6 4
split_gain=1.9762 3.688 2.78832 3.55938 4.03247 3.46725 3.76755 3.96364 3.61142 4.04153 5.52078 6.38201 5.06705 4.87089
threshold=82.982000000000014 74.424000000000021 29.458000000000002 92.618000000000009 7.5630000000000015 13.588000000000003 12.156000000000001 11.303500000000001 8.9145000000000021 99.997000000000014 13.750000000000002 248.76350000000005 5.283500000000001 23.385000000000002
decision_type=2 2 2 2 2 2 2 2 2 2 2 2 2 2
left_child=1 -1 3 4 -2 6 7 8 -5 13 -11 -12 -13 -10
right_child=2 -3 -4 5 -6 -7 -8 -9 9 10 11 12 -14 -15
leaf_value=-0.00017108357063675921 0.013592646964325187 -0.0054823092169366209 0.013705316895164944 -0.0012597160163025332 6.2408458968427069e-05 -0.0021039906206187149 -0.0038208588676676095 0.0041931504484250901 -0.015384809739075613 0.025742713170064949 -0.0016668096998144477 0.0092612498604104452 0.00021429477668489239 0.00054914586196534449
leaf_weight=1000 42 56 51 72 46 76 55 42 83 78 145 55 109 45
leaf_count=1000 42 56 51 72 46 76 55 42 83 78 145 55 109 45
internal_value=-0.000332481 -0.00179924 0.00139043 0.000707547 0.0102273 -0.000394737 0.000730994 0.0018283 0.00076661 0.00223301 0.00478036 0.00177994 0.00853659 -0.00546875
internal_weight=1955 1056 899 848 88 760 684 629 587 515 387 309 164 128
internal_count=1955 1056 899 848 88 760 684 629 587 515 387 309 164 128
is_linear=0
shrinkage=0.05


Tree=264
num_leaves=15
num_cat=0
split_feature=0 2 0 1 7 3 8 8 3 1 0 2 8 7
split_gain=2.24482 4.87066 3.56226 3.27472 4.43257 3.18702 7.80575 5.88433 3.50603 3.02088 2.12541 6.2383 7.74753 5.85133
threshold=24.908500000000004 -0.11364489825015461 26.143500000000007 0.25084665036108239 655.25250000000017 7.7730000000000006 -0.54449999999999987 -1.6514999999999997 2.7795000000000005 -0.98801351631316325 17.906000000000002 0.1093682717844857 -1.4789999999999999 757.95150000000012
decision_type=2 2 2 2 2 2 2 2 2 2 2 2 2 2
left_child=9 2 -2 4 -4 8 7 -7 -6 -1 13 12 -12 -11
right_child=1 -3 3 -5 5 6 -8 -9 -10 10 11 -13 -14 -15
leaf_value=-0.0019999883349677617 -0.0044435842344378793 0.0078036954811629535 0.0082052323098602328 0.013937809074137908 -0.0016585152419670791 -0.011827643065200144 -0.0057349039199521834 0.00033777546253550492 0.006872104807416385 0.00011873728879657763 0.0050238655398018974 -0.00096056894256228177 0.00021546985264249142 -0.0027393513079472416
leaf_weight=54 74 43 43 49 116 45 44 70 41 924 73 50 223 106
leaf_count=54 74 43 43 49 116 45 44 70 41 924 73 50 223 106
internal_value=-0.000537084 -0.00333333 -0.00477178 -0.00294118 -0.0045961 -0.00664557 -0.0116352 -0.00478261 -0.00159236 0.00048951 0.000944767 0.00433526 0.00709459 -0.000194175
internal_weight=1955 525 482 408 359 316 159 115 157 1430 1376 346 296 1030
internal_count=1955 525 482 408 359 316 159 115 157 1430 1376 346 296 1030
is_linear=0
shrinkage=0.05


Tree=265
num_leaves=15
num_cat=0
split_feature=0 5 5 3 6 7 7 3 3 1 6 6 2 7
split_gain=2.3277 3.20465 4.9405 5.65647 4.72652 6.77123 7.13751 4.6447 13.2098 3.05741 2.67954 6.73207 5.32259 3.62781
threshold=24.908500000000004 14.839500000000003 21.066000000000003 16.295000000000005 10.525500000000003 817.44550000000015 881.27900000000011 7.5105000000000013 83.463000000000008 -0.98801351631316325 12.416500000000001 12.127500000000003 -0.766658819300159 741.27400000000011
decision_type=2 2 2 2 2 2 2 2 2 2 2 2 2 2
left_child=9 4 3 -3 7 -6 -7 -2 -9 -1 11 12 -11 -12
right_child=1 2 -4 -5 5 6 -8 8 -10 10 13 -13 -14 -15
leaf_value=-0.0018999889182193753 0.013240918620431009 -0.0003741547987908822 -0.0081950779517257939 0.0083764989873571175 -0.019013395776449907 0.01106227042171053 -0.0037870642233851504 -0.0063920791895469599 0.01198179659271182 0.010803301674271293 0.013166989673937644 -0.008465343321304648 -2.5072456234576102e-05 6.0188905420424657e-05
leaf_weight=54 51 80 58 53 69 67 58 40 49 120 40 40 1038 138
leaf_count=54 51 80 58 53 69 67 58 40 49 120 40 40 1038 138
internal_value=-0.000485934 -0.00333333 0.00183246 0.00714286 -0.00628743 -0.0113402 -0.0044 0.000714286 -0.00617978 0.000559441 0.00101744 0.000166945 0.000863558 0.00674157
internal_weight=1955 525 191 133 334 194 125 140 89 1430 1376 1198 1158 178
internal_count=1955 525 191 133 334 194 125 140 89 1430 1376 1198 1158 178
is_linear=0
shrinkage=0.05


Tree=266
num_leaves=15
num_cat=0
split_feature=6 5 0 8 2 1 6 6 0 0 1 6 2 2
split_gain=2.11315 5.21278 3.44237 4.88584 10.0265 5.5 3.84734 3.07777 2.99134 2.84018 2.10053 2.26596 3.4758 2.70134
threshold=13.474500000000001 16.355000000000004 28.110000000000003 -1.0589999999999999 -0.95882411647426224 -0.42109697129093543 13.077500000000002 13.934500000000002 32.233500000000006 27.365000000000006 -0.98211651112579568 12.313500000000001 -0.72802780115698473 -0.98597924778888291
decision_type=2 2 2 2 2 2 2 2 2 2 2 2 2 2
left_child=2 -2 6 5 -5 -4 9 -3 -9 10 -1 13 -13 -12
right_child=1 7 3 4 -6 -7 -8 8 -10 -11 11 12 -14 -15
leaf_value=-0.0023818096055713417 -0.0018728377558455231 -0.00059466622506489932 -0.021028155832685681 -0.0061932953878781338 0.012402377616772634 -0.00020013738893884874 0.0060032675758976972 0.0062178340161141909 -0.0058753916284772561 0.0040970227796851997 0.007198021369846902 -0.00074607923643661429 0.0041599006095034306 -9.6143827271735765e-05
leaf_weight=50 78 43 44 44 51 44 67 59 40 41 58 42 81 1213
leaf_count=50 78 43 44 44 51 44 67 59 40 41 58 42 81 1213
internal_value=-0.000383632 -0.005 0.000201729 -0.00628415 0.00157895 -0.0147727 0.000966495 0.000704225 0.00555556 0.00043771 6.92521e-05 0.000430416 0.00691057 -0.000196696
internal_weight=1955 220 1735 183 95 88 1552 142 99 1485 1444 1394 123 1271
internal_count=1955 220 1735 183 95 88 1552 142 99 1485 1444 1394 123 1271
is_linear=0
shrinkage=0.05


Tree=267
num_leaves=15
num_cat=0
split_feature=6 1 0 8 8 8 4 3 1 4 4 3 8 8
split_gain=2.16024 4.71429 4.78212 4.75261 1.43373 3.99511 6.10212 3.06473 5.61004 5.08669 4.74961 8.22942 5.63493 8.00832
threshold=13.474500000000001 -0.6254047815183511 30.101500000000005 -1.6114999999999997 0.14500000000000002 0.27000000000000007 14.157500000000002 99.416500000000028 0.60434081882701174 15.707500000000001 21.432000000000002 46.390000000000008 -1.8039999999999998 -1.2874999999999999
decision_type=2 2 2 2 2 2 2 2 2 2 2 2 2 2
left_child=4 2 3 -2 7 -6 -7 8 10 -10 12 -12 -1 -14
right_child=1 -3 -4 -5 5 6 -8 -9 9 -11 11 -13 13 -15
leaf_value=0.0059491262867122753 -0.0020371429772038348 -0.0023830645016123643 0.0084967422895219531 0.0012464217671691925 -0.0059176349287055792 0.012948899505834666 -0.00036302351928433273 0.00067217720748991179 -0.00020005201352684689 0.0037947882094947235 -0.00041635592770962741 -0.0084890945675696362 -0.0041664191015191926 4.1848925252435666e-05
leaf_weight=102 40 70 57 53 40 40 258 470 103 168 124 52 99 279
leaf_count=102 40 70 57 53 40 40 258 470 103 168 124 52 99 279
internal_value=-0.000332481 -0.005 0 -0.00698925 0.000259366 -0.00266272 -0.000671141 0.000966356 -0.000701187 0.00535055 -0.00320122 -0.0102273 -0.000625 -0.00343915
internal_weight=1955 220 150 93 1735 338 298 1397 927 271 656 176 480 378
internal_count=1955 220 150 93 1735 338 298 1397 927 271 656 176 480 378
is_linear=0
shrinkage=0.05


Tree=268
num_leaves=15
num_cat=0
split_feature=6 1 4 8 8 2 0 0 1 0 3 3 5 1
split_gain=2.54978 4.32277 4.55111 3.47835 1.45399 3.16214 5.67207 4.52078 4.2926 3.63238 2.645 3.97747 6.05 3.87853
threshold=13.474500000000001 -0.6254047815183511 19.393500000000003 -1.6114999999999997 0.17100000000000001 0.91609059637714607 13.099000000000002 19.157000000000004 0.53371312107676727 6.7240000000000011 99.416500000000028 94.853500000000011 8.1850000000000023 0.73831951690629083
decision_type=2 2 2 2 2 2 2 2 2 2 2 2 2 2
left_child=4 2 3 -2 10 6 8 -8 -6 -10 11 13 -13 -1
right_child=1 -3 -4 -5 5 -7 7 -9 9 -11 -12 12 -14 -15
leaf_value=-0.000132540433105921 -0.001313314040094854 -0.0022639112765317467 0.003440683994038074 0.0029263872767267942 0.0012425971351423372 -0.0022941617882053901 -0.0095635542444359335 -1.5876572685286083e-05 -0.00041505186283393309 0.00062865787429328135 0.00060730685436892083 0.0025541248066511522 -0.012872032128929815 0.0019265009766432925
leaf_weight=649 46 70 60 44 57 62 40 70 60 41 476 40 40 200
leaf_count=649 46 70 60 44 57 62 40 70 60 41 476 40 40 200
internal_value=-0.000383632 -0.00545455 -0.000666667 -0.00777778 0.000259366 -0.00272727 -0.000373134 -0.00909091 0.0056962 -0.00049505 0.000960854 -0.000592034 -0.01125 0.00041225
internal_weight=1955 220 150 90 1735 330 268 110 158 101 1405 929 80 849
internal_count=1955 220 150 90 1735 330 268 110 158 101 1405 929 80 849
is_linear=0
shrinkage=0.05


Tree=269
num_leaves=15
num_cat=0
split_feature=6 0 0 6 6 3 3 5 3 0 8 0 0 3
split_gain=2.75969 3.69997 4.38535 4.33445 1.52445 1.56813 3.99351 2.77617 4.74913 4.64688 8.9334 8.26272 7.18386 4.69311
threshold=13.474500000000001 28.889500000000002 32.005000000000003 14.006500000000001 13.228500000000002 51.978000000000009 29.003500000000006 7.0580000000000007 74.424000000000021 2.9745000000000004 -0.84099999999999986 6.4155000000000006 9.1375000000000011 88.395500000000013
decision_type=2 2 2 2 2 2 2 2 2 2 2 2 2 2
left_child=4 3 -3 -2 5 6 -1 9 -9 10 -7 -11 -13 -14
right_child=1 2 -4 -5 -6 7 -8 8 -10 11 -12 12 13 -15
leaf_value=-4.5462270627714966e-05 -0.0019633613576077349 0.0033009330648928526 -0.0017288081912354204 4.0406416195037932e-05 0.0054170397377959149 0.010514892388684367 -0.0063521797505485091 0.0014293797847219486 0.00018955813730738849 -0.012273369143359573 -0.00053902464651627566 0.0068086472811258684 -0.0089100084519186332 -0.0001638513072182102
leaf_weight=605 69 48 55 48 49 57 77 66 423 46 92 41 50 229
leaf_count=605 69 48 55 48 49 57 77 66 423 46 92 41 50 229
internal_value=-0.000179028 -0.00545455 0.00145631 -0.0115385 0.000489914 0.000237248 -0.0016129 0.00149402 0.00419223 -0.00106796 0.00637584 -0.00409836 -0.00125 -0.00412186
internal_weight=1955 220 103 117 1735 1686 682 1004 489 515 149 366 320 279
internal_count=1955 220 103 117 1735 1686 682 1004 489 515 149 366 320 279
is_linear=0
shrinkage=0.05


Tree=270
num_leaves=15
num_cat=0
split_feature=6 6 4 0 5 1 2 7 1 0 1 6 2 4
split_gain=3.79275 3.81544 3.85208 3.8291 1.8 1.68938 1.75118 2.1181 3.74398 3.03868 6.14748 4.351 4.91054 3.41636
threshold=13.474500000000001 13.934500000000002 19.393500000000003 27.688000000000006 18.829000000000004 0.99351875964795655 -0.99791438307893243 572.68200000000013 0.96413834225895678 18.175500000000003 0.69016699705532247 12.595000000000002 0.27779130397453933 19.393500000000003
decision_type=2 2 2 2 2 2 2 2 2 2 2 2 2 2
left_child=5 3 4 -2 -3 6 -1 -8 9 11 13 12 -9 -11
right_child=1 2 -4 -5 -6 -7 7 8 -10 10 -12 -13 -14 -15
leaf_value=0.0028792527429932721 -0.0019648173471133708 -0.00081313416751536147 0.0059815350764502902 -3.2454951921545574e-05 0.00057887638852054395 0.0010619994451462236 0.00010695191887781786 -0.023100736089039588 0.0030642455831979992 -1.5260029285851796e-05 0.016582882363386699 0.0040323180426135351 -0.0013657975706302201 -0.0034254410017827033
leaf_weight=45 52 40 48 40 40 76 909 41 62 286 65 40 76 135
leaf_count=45 52 40 48 40 40 76 909 41 62 286 65 40 76 135
internal_value=-0.000179028 -0.00636364 -0.00078125 -0.0141304 -0.0075 0.000605187 0.000271248 0 -0.00205674 -0.00318818 -0.00123457 -0.00923567 -0.0141026 -0.00344418
internal_weight=1955 220 128 92 80 1735 1659 1614 705 643 486 157 117 421
internal_count=1955 220 128 92 80 1735 1659 1614 705 643 486 157 117 421
is_linear=0
shrinkage=0.05


Tree=271
num_leaves=15
num_cat=0
split_feature=6 6 4 0 5 1 2 7 7 1 2 7 7 7
split_gain=3.79275 3.81544 3.85208 3.8291 1.8 1.68938 1.75118 1.83602 2.9785 3.97726 3.07418 4.01042 2.98923 2.99128
threshold=13.474500000000001 13.934500000000002 19.393500000000003 27.688000000000006 18.829000000000004 0.99351875964795655 -0.99791438307893243 572.68200000000013 517.37950000000012 0.94917575150333644 0.34313907657789455 395.14050000000003 464.57900000000006 240.47600000000003
decision_type=2 2 2 2 2 2 2 2 2 2 2 2 2 2
left_child=5 3 4 -2 -3 6 -1 8 9 10 11 -8 13 -12
right_child=1 2 -4 -5 -6 -7 7 -9 -10 -11 12 -13 -14 -15
leaf_value=0.0027352901058436082 -0.0018665764797577062 -0.00077247745913959498 0.0056824583226277705 -3.0832204325470516e-05 0.00054993256909452448 0.0010088994728889133 0.0002105898030204473 -0.00022200249971910947 0.0007361667923710194 -0.018039331291273338 -0.00056343764582902553 0.0061108913847214875 -0.0013230169651782698 0.00016275084085193292
leaf_weight=45 52 40 48 40 40 76 130 705 88 49 122 54 81 385
leaf_count=45 52 40 48 40 40 76 130 705 88 49 122 54 81 385
internal_value=-0.000179028 -0.00636364 -0.00078125 -0.0141304 -0.0075 0.000605187 0.000271248 0 0.00148515 0.000548112 0.00142487 0.00706522 -0.000340136 0.00108481
internal_weight=1955 220 128 92 80 1735 1659 1614 909 821 772 184 588 507
internal_count=1955 220 128 92 80 1735 1659 1614 909 821 772 184 588 507
is_linear=0
shrinkage=0.05


Tree=272
num_leaves=15
num_cat=0
split_feature=6 4 8 8 3 2 7 5 0 7 0 5 8 8
split_gain=3.08369 3.64413 6.97154 6.34723 1.8 1.41368 3.47966 4.09549 3.92443 1.9211 3.99958 2.87282 3.37838 4.14958
threshold=13.474500000000001 19.393500000000003 -1.4874999999999998 -1.4284999999999999 4.0855000000000006 0.92284787786233202 280.00700000000006 4.870000000000001 2.0570000000000008 409.54100000000005 7.8960000000000008 10.065000000000003 -0.94299999999999984 0.016500000000000004
decision_type=2 2 2 2 2 2 2 2 2 2 2 2 2 2
left_child=5 3 -3 4 -2 9 -7 -8 -9 10 -1 12 -12 -14
right_child=1 2 -4 -5 -6 6 7 8 -10 -11 11 -13 13 -15
leaf_value=0.00077826666990238054 -0.0048959481619784201 0.0072431505160303724 -0.0015542189200018015 0.00093800765374341686 -0.0011221511242154717 -0.010135564617674781 0.0085795875011809054 -0.0044225852095116456 0.0009689715906528965 -1.427815439142277e-05 -0.0079826467654658326 0.014977659320609144 0.021562785782382844 -0.0028583842237562165
leaf_weight=140 40 42 40 58 40 65 44 62 56 1113 89 40 57 69
leaf_count=140 40 42 40 58 40 65 44 62 56 1113 89 40 57 69
internal_value=-0.000332481 -0.00590909 0.00243902 -0.0108696 -0.02 0.00037464 -0.00330396 0.000617284 -0.00423729 0.000928382 0.00392405 0.000196078 -0.00209302 0.0031746
internal_weight=1955 220 82 138 80 1735 227 162 118 1508 395 255 215 126
internal_count=1955 220 82 138 80 1735 227 162 118 1508 395 255 215 126
is_linear=0
shrinkage=0.05


Tree=273
num_leaves=15
num_cat=0
split_feature=6 4 8 7 7 0 0 1 4 6 5 6 5 5
split_gain=2.06739 6.1847 4.03324 1.92967 3.57654 2.01576 3.15764 2.8879 2.92884 2.44363 1.9278 1.80915 2.66545 4.60635
threshold=13.598500000000003 19.393500000000003 -1.4434999999999998 917.60000000000014 894.16000000000008 -0.65399999999999991 1.7770000000000004 0.14984488681196825 15.299500000000002 1.3185000000000002 10.232500000000002 13.296000000000001 12.461500000000003 9.9055000000000017
decision_type=2 2 2 2 2 2 2 2 2 2 2 2 2 2
left_child=3 2 -2 4 5 7 -7 -1 -9 -8 -6 12 13 -11
right_child=1 -3 -4 -5 10 6 9 8 -10 11 -12 -13 -14 -15
leaf_value=-0.0013327128704273814 -0.0023275802342172108 0.0010329151171641459 -0.00024484169169549096 0.00095982227507678268 -0.00056695888159851717 0.0014417118143070673 -0.0045375308390323468 -0.004858504839277228 0.0014015265722415516 1.5497933753660931e-05 -0.0023048277443143308 0.0058383251820400793 -0.00021629941011858458 0.0060373534971876926
leaf_weight=76 70 75 47 41 42 77 72 45 88 734 43 46 302 197
leaf_count=76 70 75 47 41 42 77 72 45 88 734 43 46 302 197
internal_value=-0.00028133 -0.00520833 -0.0123932 0.000255247 0 0.000519243 0.00119048 -0.00406699 0.00037594 0.000629164 -0.01 0.0011337 0.000770479 0.00209452
internal_weight=1955 192 117 1763 1722 1637 1428 209 133 1351 85 1279 1233 931
internal_count=1955 192 117 1763 1722 1637 1428 209 133 1351 85 1279 1233 931
is_linear=0
shrinkage=0.05


Tree=274
num_leaves=15
num_cat=0
split_feature=6 2 6 5 2 2 0 0 0 0 2 5 5 7
split_gain=2.16329 5.98979 3.62564 4.33979 2.99084 6.40797 2.91686 3.81834 6.00079 3.72651 5.42172 3.05119 3.50303 6.5901
threshold=12.127500000000003 -0.96801877525786306 12.416500000000001 21.994500000000006 -0.01291029607500894 -0.25119006388481929 -0.65399999999999991 10.248500000000002 11.879000000000001 13.274500000000002 0.37522380421282725 4.1495000000000006 8.9550000000000018 461.05350000000004
decision_type=2 2 2 2 2 2 2 2 2 2 2 2 2 2
left_child=6 -2 -3 4 5 -4 -1 11 -9 -10 -11 -8 -13 -14
right_child=1 2 3 -5 -6 -7 7 8 9 10 -12 12 13 -15
leaf_value=-0.00049146618096345405 -0.00091364381707990244 -0.0050593805846635594 2.3395457299635326e-05 -0.011210951186074647 -0.0013577964199221583 0.010505344357528841 0.0017269750404556921 -0.004588461505673028 0.0024782661842248977 0.00016929616072138833 -0.004074150233128843 -0.00031566659535686438 0.004606723591480971 -0.00016139118065853369
leaf_weight=204 57 50 259 45 62 58 100 68 50 599 73 165 89 76
leaf_count=204 57 50 259 45 62 58 100 68 50 599 73 165 89 76
internal_value=-0.000383632 -0.00310734 -0.00126582 0.000235849 0.00197889 0.00394322 0.000632022 0.00155738 -0.000506329 0.000831025 -0.00014881 0.00534884 0.0030303 0.00818182
internal_weight=1955 531 474 424 379 317 1424 1220 790 722 672 430 330 165
internal_count=1955 531 474 424 379 317 1424 1220 790 722 672 430 330 165
is_linear=0
shrinkage=0.05


Tree=275
num_leaves=15
num_cat=0
split_feature=1 0 8 6 0 4 6 2 4 0 0 8 0 2
split_gain=1.75744 3.35361 2.67627 2.83216 2.57938 2.53774 2.50191 2.48089 3.26346 2.73842 6.1924 5.7494 4.92826 6.48619
threshold=-0.051549210996800328 1.0015000000000003 -3.1414999999999993 1.0000000180025095e-35 3.7380000000000004 27.945000000000004 2.6240000000000006 -0.99791438307893243 11.861000000000002 23.787000000000003 18.537000000000003 -0.98349999999999993 12.637000000000002 -0.26781430516217447
decision_type=2 2 2 2 2 2 2 2 2 2 2 2 2 2
left_child=1 -1 -2 -4 -3 -6 -5 -8 -9 10 12 -12 13 -10
right_child=2 4 3 6 5 -7 7 8 9 -11 11 -13 -14 -15
leaf_value=-0.0015511014275123387 0.0040077310919314968 0.0018778494245024202 -0.0059237240252639134 0.0016901518905834947 -0.0001794235678435202 0.00092230784506706638 0.0031444897309820981 -0.0010355326491303192 0.0089657690290117064 -0.00080049904770400089 0.024451604944999341 0.00010515442022456801 -0.0081257494092606027 2.6225374134075663e-05
leaf_weight=72 66 41 56 81 728 68 42 156 42 122 55 56 119 251
leaf_count=72 66 41 56 81 728 68 42 156 42 122 55 56 119 251
internal_value=-0.000537084 -0.00214521 0.000860421 0.000204082 -0.00125448 -0.00188442 0.000865801 5.9312e-05 -0.000561798 0.00100775 0.00258126 0.0130631 -0.000242718 0.00324232
internal_weight=1955 909 1046 980 837 796 924 843 801 645 523 111 412 293
internal_count=1955 909 1046 980 837 796 924 843 801 645 523 111 412 293
is_linear=0
shrinkage=0.05


Tree=276
num_leaves=15
num_cat=0
split_feature=6 6 0 5 7 1 6 6 3 5 8 0 6 8
split_gain=1.67081 5.27283 3.8291 2.41138 2.13056 1.94218 1.79613 1.34389 1.59176 5.718 6.20179 3.33109 2.54132 1.56518
threshold=13.474500000000001 13.934500000000002 27.688000000000006 17.302000000000003 791.51250000000016 0.99628894895067466 13.257000000000001 13.107500000000002 0.042500000000000003 9.4265000000000025 -1.7104999999999999 20.669 12.871500000000003 1.9225000000000001
decision_type=2 2 2 2 2 2 2 2 2 2 2 2 2 2
left_child=5 2 -2 -3 -5 6 7 8 9 -1 -11 -12 13 -10
right_child=1 3 -4 4 -6 -7 -8 -9 12 10 11 -13 -14 -15
leaf_value=0.00055090751855290667 -0.0018009269068303081 -0.00042786416656818705 -9.1831148026122469e-05 0.006989463673162462 -0.00050283802601716057 0.0014107170504020592 0.0060793063280192962 -0.001174331383958513 -2.1144961953170616e-05 0.0017227332263394215 -0.014323258558435255 -0.013028776777961305 0.0072553968081524537 -0.00070675829046369936
leaf_weight=43 52 47 40 40 41 58 42 40 1316 44 42 41 51 58
leaf_count=43 52 47 40 40 41 58 42 40 1316 44 42 41 51 58
internal_value=-0.000895141 -0.005 -0.0141304 0.0015625 0.00679012 -0.00037464 -0.000685748 -0.000948012 -0.000721003 -0.00529412 -0.0106299 -0.0186747 -0.000175439 -0.000582242
internal_weight=1955 220 92 128 81 1735 1677 1635 1595 170 127 83 1425 1374
internal_count=1955 220 92 128 81 1735 1677 1635 1595 170 127 83 1425 1374
is_linear=0
shrinkage=0.05


Tree=277
num_leaves=15
num_cat=0
split_feature=6 1 4 8 1 5 5 5 7 6 8 2 7 8
split_gain=2.06132 4.32277 3.8365 3.15271 1.91737 2.03417 3.81772 3.49361 4.34809 3.98855 4.55153 2.98712 4.56217 3.53265
threshold=13.474500000000001 -0.6254047815183511 19.116000000000003 -1.6114999999999997 0.99628894895067466 12.050500000000001 11.547000000000002 12.994000000000002 583.50750000000016 6.7405000000000008 -1.8039999999999998 0.092265415903232631 791.51250000000016 -0.78999999999999992
decision_type=2 2 2 2 2 2 2 2 2 2 2 2 2 2
left_child=4 2 3 -2 5 6 -1 8 -7 -9 -11 12 -12 -13
right_child=1 -3 -4 -5 -6 7 -8 9 -10 10 11 13 -14 -15
leaf_value=-8.4727456457718564e-05 -0.0013048914535536194 -0.0014991099089044476 0.0020800917882791039 0.0029401338316230822 0.001340181197881956 0.0066323927743993788 -0.0091892370502737238 -0.0012310397077174018 -0.00045051641283133382 0.0019996639032357154 -0.033175941261242882 0.001341805195774981 0.00031417208690514013 -0.00031019559897946112
leaf_weight=1214 45 70 63 42 58 41 49 62 40 85 43 41 58 44
leaf_count=1214 45 70 63 42 58 41 49 62 40 85 43 41 58 44
internal_value=-0.000895141 -0.00545455 -0.000666667 -0.00747126 -0.000317003 -0.000626118 -0.00162312 0.00241546 0.0117284 0.00015015 0.00276753 -0.0016129 -0.00742574 0.00529412
internal_weight=1955 220 150 87 1735 1677 1263 414 81 333 271 186 101 85
internal_count=1955 220 150 87 1735 1677 1263 414 81 333 271 186 101 85
is_linear=0
shrinkage=0.05


Tree=278
num_leaves=15
num_cat=0
split_feature=7 7 0 7 7 0 2 1 7 8 3 5 6 8
split_gain=1.88747 4.53079 5.05381 5.15364 4.17536 4.92322 5.23148 5.94888 3.53289 7.44147 3.0997 4.6106 3.87978 2.81077
threshold=764.65350000000012 727.23900000000015 29.922000000000004 700.8955000000002 785.78800000000012 13.099000000000002 -0.97606926651088199 -0.051549210996800328 837.63650000000007 -0.84849999999999992 2.2800000000000002 16.515000000000004 7.6355000000000013 -0.37199999999999994
decision_type=2 2 2 2 2 2 2 2 2 2 2 2 2 2
left_child=1 2 3 10 -2 -6 7 -7 9 -8 12 -12 -1 -10
right_child=4 -3 -4 -5 5 6 8 -9 13 -11 11 -13 -14 -15
leaf_value=-0.0013249049915314171 -0.0070824627213474439 0.0077287057655788657 0.0039799018395704714 -0.0032255940780129555 -0.0082405675745349013 -0.0037455314507640839 -2.2004300779188138e-05 -9.5817223181693396e-06 0.00044473047756431465 0.012207912662986065 -1.6356990579352581e-05 -0.0011268586670037939 0.001972381292783554 -0.0055556770750352135
leaf_weight=69 56 72 42 46 46 43 79 69 203 53 983 62 78 54
leaf_count=69 56 72 42 46 46 43 79 69 203 53 983 62 78 54
internal_value=-0.000741688 0.000295858 -0.000390625 -0.000969305 -0.00306799 -0.00173675 -0.000299401 -0.00982143 0.00244216 0.00909091 -0.00033557 -0.00129187 0.00646259 -0.000972763
internal_weight=1955 1352 1280 1238 603 547 501 112 389 132 1192 1045 147 257
internal_count=1955 1352 1280 1238 603 547 501 112 389 132 1192 1045 147 257
is_linear=0
shrinkage=0.05


Tree=279
num_leaves=15
num_cat=0
split_feature=0 5 0 6 4 2 0 3 5 6 7 6 6 7
split_gain=1.85589 6.52262 3.66106 2.83111 4.28626 3.82511 2.34093 2.12749 5.55692 2.82833 5.02314 3.71292 4.01126 2.80767
threshold=30.414500000000004 14.439000000000002 29.679000000000006 13.474500000000001 13.120500000000002 -0.38168922026665913 33.95000000000001 4.9375000000000009 7.7715000000000005 7.6355000000000013 578.20700000000011 12.698500000000001 9.9240000000000013 894.16000000000008
decision_type=2 2 2 2 2 2 2 2 2 2 2 2 2 2
left_child=2 -2 3 7 -5 -6 -3 8 -1 -10 -11 12 -12 -9
right_child=1 6 -4 4 5 -7 -8 13 9 10 11 -13 -14 -15
leaf_value=0.006157215459747312 -0.01363334400917763 0.0019405686114870591 0.0069632795472123867 -0.0036330385116015249 0.001503776027666054 -0.00093516677539851609 -0.012816698426286788 -2.09040857402254e-05 -0.0018796051250886655 0.0018737622281443764 0.011853874697755316 0.003163344971834309 -0.0085684954938593915 -0.0020195719325690254
leaf_weight=41 51 49 42 44 40 44 46 1259 77 40 48 54 67 53
leaf_count=41 51 49 42 44 40 44 46 1259 77 40 48 54 67 53
internal_value=-0.000741688 -0.00616438 -0.000304035 -0.000650821 -0.0078125 -0.00119048 0.00157895 -9.15192e-05 0.00351682 0.00104895 0.00406699 0.000295858 -0.00478261 -0.000990854
internal_weight=1955 146 1809 1767 128 84 95 1639 327 286 209 169 115 1312
internal_count=1955 146 1809 1767 128 84 95 1639 327 286 209 169 115 1312
is_linear=0
shrinkage=0.05


Tree=280
num_leaves=15
num_cat=0
split_feature=2 7 7 8 4 7 8 7 6 8 4 8 8 5
split_gain=2.00958 2.31906 6.40605 1.86985 1.76556 1.61477 6.11518 2.59563 2.84144 1.61884 2.06573 2.13049 2.74913 3.70126
threshold=-0.99791438307893243 894.16000000000008 915.94150000000002 2.5805000000000002 34.289500000000011 866.05050000000017 -1.3499999999999999 841.38450000000012 12.518500000000001 1.3555000000000004 31.675000000000004 0.23350000000000004 -0.32099999999999995 5.9130000000000011
decision_type=2 2 2 2 2 2 2 2 2 2 2 2 2 2
left_child=-1 3 -3 4 5 7 -7 9 -9 10 11 12 -2 -14
right_child=1 2 -4 -5 -6 6 -8 8 -10 -11 -12 -13 13 -15
leaf_value=0.0028383504222883843 -3.4142543915096149e-05 -0.0027676628505948877 0.0011055111584667933 -0.001729609911561303 0.0056284738786553275 0.0079025139966817821 -0.00073483932596829504 -0.023100202693548691 -5.3251344606569665e-06 0.0002030212480906346 -0.004781071926392844 -0.00063820256837377473 0.011874881258467288 -0.00057950795385915967
leaf_weight=47 1073 73 56 41 49 41 71 44 42 57 44 169 69 79
leaf_count=47 1073 73 56 41 49 41 71 44 42 57 44 169 69 79
internal_value=-0.000639386 -0.000890985 -0.00736434 -0.000421585 -0.000172612 -0.00044405 0.00535714 -0.000856056 -0.00930233 -0.00036888 -0.00069735 -0.000359712 0.00036855 0.00675676
internal_weight=1955 1908 129 1779 1738 1689 112 1577 86 1491 1434 1390 1221 148
internal_count=1955 1908 129 1779 1738 1689 112 1577 86 1491 1434 1390 1221 148
is_linear=0
shrinkage=0.05


Tree=281
num_leaves=15
num_cat=0
split_feature=0 4 1 8 6 2 2 7 5 4 6 6 6 0
split_gain=1.79952 3.33938 5.54519 3.63945 3.31838 3.62097 3.63525 3.47614 3.05011 4.15258 3.65382 5.48889 2.84413 3.67011
threshold=-0.65399999999999991 11.624000000000001 0.14984488681196825 -0.84849999999999992 12.156000000000001 -0.79877937288636469 -0.66248835645380588 846.45100000000014 13.084000000000001 20.048000000000005 13.644000000000002 14.135000000000002 9.6025000000000009 2.9745000000000004
decision_type=2 2 2 2 2 2 2 2 2 2 2 2 2 2
left_child=1 -1 -3 -4 12 7 -7 -6 9 -8 -10 -12 13 -2
right_child=4 2 3 -5 5 6 8 -9 10 -11 11 -13 -14 -15
leaf_value=-0.01026982469279596 0.0014652049079355051 -0.0011133895518398219 0.012386690952604314 -0.00035243382259884107 -0.00800650823343803 0.0019531645296130547 -0.00073833017762583997 -0.00061976173656230977 0.0015877898619702348 -0.033312890914093597 -0.0013091394548959967 0.001015153768628685 0.00061505000113838248 -0.00020131628634907363
leaf_weight=43 106 63 42 61 40 52 51 119 101 40 57 60 354 766
leaf_count=43 106 63 42 61 40 52 51 119 101 40 57 60 354 766
internal_value=-0.000639386 -0.00502392 -0.00180723 0.00533981 -0.000114548 -0.00346154 -0.000692521 -0.00974843 -0.00275081 -0.0104396 0.000458716 -0.00555556 0.00130506 -0.000229358
internal_weight=1955 209 166 103 1746 520 361 159 309 91 218 117 1226 872
internal_count=1955 209 166 103 1746 520 361 159 309 91 218 117 1226 872
is_linear=0
shrinkage=0.05


Tree=282
num_leaves=15
num_cat=0
split_feature=2 7 5 0 6 5 3 6 5 6 2 2 3 6
split_gain=1.83251 1.61058 6.91296 2.14796 1.64311 7.74876 2.70936 1.84575 1.77629 2.6957 3.2527 6.3946 4.73049 4.33128
threshold=-0.99791438307893243 894.16000000000008 11.605500000000001 23.787000000000003 13.496000000000002 16.355000000000004 0.16600000000000004 13.228500000000002 18.538500000000003 9.6025000000000009 -0.85470766365158146 -0.70634610019963262 24.841000000000005 10.803500000000001
decision_type=2 2 2 2 2 2 2 2 2 2 2 2 2 2
left_child=-1 4 3 -3 7 -6 -7 8 9 -2 12 -12 -11 -13
right_child=1 2 -4 -5 5 6 -8 -9 -10 10 11 13 -14 -15
leaf_value=0.0027064987154914186 -6.1851729505314759e-05 -0.0013855080911395091 0.0020225928429074779 -0.003314080441238443 -0.0025634523309372437 -0.0017196721700368568 0.0012172200358886111 0.0097861090515950055 -0.00071700127311802872 0.0012259317646443114 0.0060022190253073929 0.011844292998608742 -0.003273690917638206 1.4762882766915231e-05
leaf_weight=47 1004 41 45 43 59 41 95 41 62 41 40 80 89 227
leaf_count=47 1004 41 45 43 59 41 95 41 62 41 40 80 89 227
internal_value=-0.000179028 -0.000419287 -0.00581395 -0.0142857 -2.81057e-05 -0.00435897 0.00220588 0.000505051 0.000226831 0.000573937 0.00366876 0.00619597 -0.00307692 0.00374593
internal_weight=1955 1908 129 84 1779 195 136 1584 1543 1481 477 347 130 307
internal_count=1955 1908 129 84 1779 195 136 1584 1543 1481 477 347 130 307
is_linear=0
shrinkage=0.05


Tree=283
num_leaves=15
num_cat=0
split_feature=8 0 6 6 0 0 8 8 2 8 0 2 1 5
split_gain=1.43122 1.35622 1.82514 3.05024 3.88155 2.44701 2.04383 1.61398 1.78881 1.60351 3.53952 6.2063 3.34652 3.31804
threshold=-4.059499999999999 33.38900000000001 14.135000000000002 13.474500000000001 27.688000000000006 30.294500000000003 -3.1914999999999996 -2.6124999999999994 0.99468534776305517 -1.8039999999999998 21.997500000000006 0.71541278717867718 0.87309363827018094 14.439000000000002
decision_type=2 2 2 2 2 2 2 2 2 2 2 2 2 2
left_child=-1 2 3 5 -5 6 -2 -8 9 10 11 12 -9 -11
right_child=1 -3 -4 4 -6 -7 7 8 -10 13 -12 -13 -14 -15
leaf_value=-0.00051653602756251418 0.00068920387864941093 -0.012945243343824431 0.0017336286178825989 -0.0010902811258532653 9.8174444172882691e-05 -0.005382291937539147 -0.00057121858521453912 -0.0089549972343498496 -0.01003935492662178 0.000105322621906216 0.0057840523132588889 0.0017795302578747368 0.0016369186696837069 -0.00082655256172348146
leaf_weight=40 68 55 73 70 41 51 94 63 51 1079 60 49 40 121
leaf_count=40 68 55 73 70 41 51 94 63 51 1079 60 49 40 121
internal_value=-0.000639386 -0.000443864 -0.000215054 -0.000531617 -0.00855856 0 0.000338462 -3.2113e-05 0.00037594 0.000708215 0.00471698 0.000657895 -0.00631068 0
internal_weight=1955 1915 1860 1787 111 1676 1625 1557 1463 1412 212 152 103 1200
internal_count=1955 1915 1860 1787 111 1676 1625 1557 1463 1412 212 152 103 1200
is_linear=0
shrinkage=0.05


Tree=284
num_leaves=15
num_cat=0
split_feature=8 4 8 8 6 4 4 8 5 4 0 6 6 8
split_gain=1.46268 1.39788 3.84043 3.35986 5.15693 2.82001 4.15379 4.6875 8.12565 2.63783 3.95027 2.54015 2.51905 2.5017
threshold=-4.059499999999999 25.359000000000005 -0.74849999999999983 -1.8924999999999998 8.2675000000000018 21.085000000000004 18.855500000000003 -1.1009999999999998 12.556000000000003 22.230500000000003 8.626000000000003 10.525500000000003 9.8460000000000019 0.12400000000000001
decision_type=2 2 2 2 2 2 2 2 2 2 2 2 2 2
left_child=-1 5 3 4 -3 6 -2 8 -8 -7 -11 -12 -9 -4
right_child=1 2 13 -5 -6 9 7 12 -10 10 11 -13 -14 -15
leaf_value=-0.00049070922618438815 -9.0308850092475461e-05 0.0024580036721724243 -0.0093722952466390296 0.011403030040565743 -0.008428429959591921 -0.0027809306941610178 -0.0043120725600623751 0.010705867561317695 0.0016469471869884789 -0.001635237146285823 0.0016158732198145774 -0.0019197112248894865 0.0011060346681781769 7.9878828512103267e-05
leaf_weight=40 1068 58 57 78 52 79 51 56 45 71 75 54 40 131
leaf_count=40 1068 58 57 78 52 79 51 56 45 71 75 54 40 131
internal_value=-0.000537084 -0.000339426 0.00239362 0.00744681 0.00181818 -0.00100715 0 0.00677083 -0.00104167 -0.00555556 -0.0025 0.00271318 0.0145833 -0.00265957
internal_weight=1955 1915 376 188 110 1539 1260 192 96 279 200 129 96 188
internal_count=1955 1915 376 188 110 1539 1260 192 96 279 200 129 96 188
is_linear=0
shrinkage=0.05


Tree=285
num_leaves=15
num_cat=0
split_feature=2 7 7 8 2 5 0 1 7 0 3 8 7 2
split_gain=1.5816 1.48351 6.82191 1.53681 1.5668 3.79648 8.36368 3.08982 3.80307 3.67421 4.61199 3.25184 3.07346 2.40243
threshold=-0.99665976668634515 894.16000000000008 915.94150000000002 -4.059499999999999 0.58534685349953219 10.441000000000001 2.8435000000000001 0.11577009971046097 424.70900000000006 2.9745000000000004 99.885000000000019 -0.52799999999999991 321.30000000000007 -0.019329104864998576
decision_type=2 2 2 2 2 2 2 2 2 2 2 2 2 2
left_child=-1 3 -3 -2 13 7 -7 9 12 11 -11 -6 -9 -5
right_child=1 2 -4 4 5 6 -8 8 -10 10 -12 -13 -14 -15
leaf_value=0.001041070488403284 -0.00046617376487516631 -0.0031491271077672134 0.0013436608156359943 1.2726712796917729e-05 0.0074466236140688039 -0.0032315573599299152 0.0065038296533894884 0.0010403492341252763 -0.00093689788231959706 -0.026214662307712334 3.0770710083283248e-05 -0.0018934790159330197 0.0044153152184241706 -0.00035149207562314437
leaf_weight=59 40 71 56 831 51 59 94 43 78 58 41 47 52 375
leaf_count=59 40 71 56 831 51 59 94 43 78 58 41 47 52 375
internal_value=-0.000434783 -0.000685654 -0.00590551 -0.00031091 -8.67553e-05 0.00219885 0.00882353 -0.000540541 0.00433526 -0.00482234 -0.0116162 0.00204082 0.0110526 -0.00107794
internal_weight=1955 1896 127 1769 1729 523 153 370 173 197 99 98 95 1206
internal_count=1955 1896 127 1769 1729 523 153 370 173 197 99 98 95 1206
is_linear=0
shrinkage=0.05


Tree=286
num_leaves=15
num_cat=0
split_feature=6 2 6 1 7 2 2 2 6 6 7 4 4 2
split_gain=1.41043 1.75163 3.50094 3.09656 2.57117 2.34417 1.72082 1.97422 4.59834 6.37181 2.46154 1.96874 6.42255 3.20378
threshold=-2.4579999999999997 0.92284787786233202 3.4870000000000005 -1.0000000180025095e-35 351.74050000000005 0.87796008470088804 0.82438889030848939 0.58534685349953219 5.1090000000000009 2.3935000000000004 448.02200000000005 27.945000000000004 29.209500000000002 -0.019329104864998576
decision_type=2 2 2 2 2 2 2 2 2 2 2 2 2 2
left_child=-1 5 4 -4 -3 6 7 11 9 -9 -10 13 -13 -2
right_child=1 2 3 -5 -6 -7 -8 8 10 -11 -12 12 -14 -15
leaf_value=0.0034819924976717542 -8.8917916161945772e-06 -0.001629400172332221 -0.0036442570410650243 0.0056123926892506981 -0.0046327752097859052 0.00098833177241900989 -0.00082557687137067295 0.0043947330906612186 0.0030449772783416921 -0.024181303076247416 0.00037563499287336422 0.011572540497450285 -0.00049053706903331583 -0.00052312577606350994
leaf_weight=41 915 61 46 40 52 57 52 41 52 52 52 44 142 308
leaf_count=41 915 61 46 40 52 57 52 41 52 52 52 44 142 308
internal_value=-0.000639386 -0.000835946 -0.00527638 0.00232558 -0.0110619 -0.0003207 -0.00066345 -0.000373599 0.00431472 -0.00376344 0.0115385 -0.0010291 0.00376344 -0.00175797
internal_weight=1955 1914 199 86 113 1715 1658 1606 197 93 104 1409 186 1223
internal_count=1955 1914 199 86 113 1715 1658 1606 197 93 104 1409 186 1223
is_linear=0
shrinkage=0.05


Tree=287
num_leaves=15
num_cat=0
split_feature=8 3 8 0 4 6 8 4 8 8 1 4 4 8
split_gain=1.6836 4.86098 4.34934 4.21939 2.96894 5.15065 3.47941 1.97115 3.29743 3.00179 2.76925 2.76621 4.74447 4.62814
threshold=0.23350000000000004 99.852500000000006 0.10350000000000001 6.8490000000000011 29.642000000000003 6.5630000000000006 0.81350000000000011 24.196000000000002 -2.9569999999999994 -0.46299999999999997 -0.89391031859722847 20.943000000000001 18.855500000000003 -1.1009999999999998
decision_type=2 2 2 2 2 2 2 2 2 2 2 2 2 2
left_child=2 4 7 -3 5 -2 -7 8 -1 10 -9 12 -10 -14
right_child=1 3 -4 -5 -6 6 -8 9 11 -11 -12 -13 13 -15
leaf_value=-0.0012551032201681329 0.0077478569491499505 -0.0060903939639813977 0.001987301837533362 -0.00034451588782440437 0.0019044215301318023 -0.00014326016115469021 -0.023109326426395696 -0.00045422402667935624 -0.00011572807536393005 -0.0051095758656636179 0.0012436790833023682 -0.0012942870318512129 1.0726616555789549e-05 0.011388878305959341
leaf_weight=78 63 60 48 50 40 67 41 52 907 40 228 139 81 61
leaf_count=78 63 60 48 50 40 67 41 52 907 40 228 139 81 61
internal_value=-0.000895141 -0.00420561 -0.000244798 -0.0127273 0.000236967 -0.00263158 -0.00925926 -0.000693569 -0.00157978 0.0028125 0.00464286 -0.000925926 -4.76644e-05 0.0084507
internal_weight=1955 321 1634 110 211 171 108 1586 1266 320 280 1188 1049 142
internal_count=1955 321 1634 110 211 171 108 1586 1266 320 280 1188 1049 142
is_linear=0
shrinkage=0.05


Tree=288
num_leaves=15
num_cat=0
split_feature=7 0 0 6 7 7 7 4 4 1 7 6 7 0
split_gain=1.44269 3.75861 3.02983 4.81605 4.94143 4.50559 6.26753 4.42571 3.58137 3.55389 2.77938 5.27436 3.81959 5.86602
threshold=658.40450000000021 27.626500000000004 23.622500000000002 9.7950000000000017 502.80850000000004 572.68200000000013 517.37950000000012 6.6275000000000004 8.9145000000000021 -0.91585580712236359 713.17650000000015 11.701500000000001 764.65350000000012 12.186000000000002
decision_type=2 2 2 2 2 2 2 2 2 2 2 2 2 2
left_child=1 2 3 5 -5 6 7 -1 -9 -6 11 -2 -12 -14
right_child=10 -3 -4 4 9 -7 -8 8 -10 -11 12 -13 13 -15
leaf_value=0.0036820002851433056 -0.0084691913241072784 0.0093881234652966952 -0.0067711384855212225 -0.00047376945148085023 0.00024109887717030932 -0.0088432010494029489 0.0051216404114335151 -0.013054110751012614 -0.00017409371380884415 0.01121335153909242 0.0024665758291668189 -0.00010605045016565118 -0.0047414376677586152 -3.7287287426190918e-05
leaf_weight=45 52 43 81 68 43 70 47 46 644 49 96 68 46 557
leaf_count=45 52 43 81 68 43 70 47 46 644 49 96 68 46 557
internal_value=-0.000537084 0.000616197 4.57457e-05 0.000790514 0.00875 -0.000704225 0.000383632 -0.000748299 -0.00173913 0.0163043 -0.00213675 -0.00916667 -0.0009299 -0.00240464
internal_weight=1955 1136 1093 1012 160 852 782 735 690 92 819 120 699 603
internal_count=1955 1136 1093 1012 160 852 782 735 690 92 819 120 699 603
is_linear=0
shrinkage=0.05


Tree=289
num_leaves=15
num_cat=0
split_feature=7 7 4 8 8 0 8 8 0 4 6 2 7 5
split_gain=1.82258 2.1295 2.12545 3.88118 3.66268 4.19099 3.07869 5.96785 5.27019 12.1776 5.62565 4.65533 4.04685 4.81333
threshold=67.244500000000016 143.32700000000003 24.062500000000004 -2.9569999999999994 -2.8384999999999994 28.529000000000003 -1.5029999999999999 -1.3939999999999997 27.591000000000005 17.508000000000006 7.9690000000000003 0.71541278717867718 655.25250000000017 13.271500000000001
decision_type=2 2 2 2 2 2 2 2 2 2 2 2 2 2
left_child=-1 -2 3 -3 -4 -6 8 -8 10 -10 11 -5 -12 -14
right_child=1 2 4 6 5 -7 7 -9 9 -11 12 -13 13 -15
leaf_value=0.00049801652506116241 -0.0014043986504674881 -0.0020232344740766617 0.0010471426865682476 -0.0095766342957969222 -0.00032007719229744662 0.0054818611185063655 -0.0059093841102655052 -0.0001080773072244301 -0.013690402637747035 0.0081174588340928722 0.014490812008048089 0.001057692003164549 -0.00068114547503110719 0.0035416916577708847
leaf_weight=64 80 70 75 68 318 50 76 827 55 43 51 80 48 50
leaf_count=64 80 70 75 68 318 50 76 827 55 43 51 80 48 50
internal_value=-0.000485934 -0.00076679 -0.000414136 -0.00138889 0.00259594 0.000543478 -0.000770416 -0.00238095 0.00291139 -0.00714286 0.00622896 -0.000675676 0.0130872 0.00714286
internal_weight=1955 1891 1811 1368 443 368 1298 903 395 98 297 148 149 98
internal_count=1955 1891 1811 1368 443 368 1298 903 395 98 297 148 149 98
is_linear=0
shrinkage=0.05


Tree=290
num_leaves=15
num_cat=0
split_feature=5 6 6 5 6 1 6 1 7 1 4 5 8 5
split_gain=2.67226 3.0356 4.93675 4.93018 7.54895 7.85615 2.83256 2.50422 2.50371 2.51769 1.9454 4.75026 2.74139 4.91002
threshold=19.801000000000005 13.644000000000002 13.934500000000002 14.945500000000001 7.6355000000000013 -0.66484924122790579 13.934500000000002 0.99628894895067466 67.244500000000016 -0.97505550290239429 30.592000000000002 6.7710000000000008 0.23350000000000004 8.7805000000000017
decision_type=2 2 2 2 2 2 2 2 2 2 2 2 2 2
left_child=1 3 -3 7 -5 -6 -2 8 -1 -10 12 -12 -11 -14
right_child=6 2 -4 4 5 -7 -8 -9 9 10 11 -13 13 -15
leaf_value=0.00048872366476129803 -0.0010471883264034033 -0.0010269708851357252 3.0681627903400566e-05 -0.0096020254438662703 0.00053226915236843648 0.015584407918009786 0.00011021221001606963 0.0025383563525677301 0.00066971986467732067 -0.00010068580993360943 -0.0022269399287239756 0.0055061065418930237 -0.00023418434584089877 -0.0095194135959849047
leaf_weight=63 61 45 72 40 71 44 56 57 43 1072 45 63 161 62
leaf_count=63 61 45 72 40 71 44 56 57 43 1072 45 63 161 62
internal_value=-0.000792839 -0.000326442 -0.00811966 0.00020337 0.00870968 0.0152174 -0.00811966 -0.00063857 -0.00102717 -0.00145228 -0.00181753 0.00462963 -0.00235521 -0.0073991
internal_weight=1955 1838 117 1721 155 115 117 1566 1509 1446 1403 108 1295 223
internal_count=1955 1838 117 1721 155 115 117 1566 1509 1446 1403 108 1295 223
is_linear=0
shrinkage=0.05


Tree=291
num_leaves=15
num_cat=0
split_feature=6 6 4 5 1 5 3 3 0 3 3 2 6 6
split_gain=2.71964 5.66211 4.8 2.8502 3.01305 2.32455 4.95356 5.33221 6.36603 4.77554 3.93569 6.61338 4.14459 3.13372
threshold=13.541500000000001 13.934500000000002 19.393500000000003 18.538500000000003 -0.97505550290239429 10.712500000000002 82.982000000000014 13.033500000000002 25.669000000000004 37.350500000000004 85.618500000000012 -0.23449138957041005 6.4940000000000007 4.3775000000000004
decision_type=2 2 2 2 2 2 2 2 2 2 2 2 2 2
left_child=3 -2 -3 4 -1 6 7 13 9 -9 -7 -12 -13 -6
right_child=1 2 -4 -5 5 10 -8 8 -10 -11 11 12 -14 -15
leaf_value=0.0010055695557452948 -0.00099482891008323415 -0.00016395650354721349 0.0048910596480025159 -0.00086447078669012753 0.0055653907592412653 0.0010424975329613062 0.00015901371965057476 -0.0086510259259955369 -0.0088325317680901776 -7.452760490958e-05 -0.011725703724068294 -0.0004404153224526697 0.0007651025235694566 -0.0002828497606630884
leaf_weight=64 71 80 48 70 68 341 655 54 51 113 51 43 56 190
leaf_count=64 71 80 48 70 68 341 655 54 51 113 51 43 56 190
internal_value=-0.000741688 -0.00628141 0 -0.000113895 0.00029656 -0.000123305 -0.00137047 -0.0052521 -0.0110092 -0.00628743 0.00274949 -0.004 0.00353535 -0.000387597
internal_weight=1955 199 128 1756 1686 1622 1131 476 218 167 491 150 99 258
internal_count=1955 199 128 1756 1686 1622 1131 476 218 167 491 150 99 258
is_linear=0
shrinkage=0.05


Tree=292
num_leaves=15
num_cat=0
split_feature=6 6 4 5 0 2 8 8 8 5 6 7 3 6
split_gain=3.66831 3.81544 3.85208 2.51914 2.35987 2.23664 2.15248 2.37908 2.83238 1.8 1.59072 4.09717 4.58309 2.87018
threshold=13.474500000000001 13.934500000000002 19.393500000000003 18.538500000000003 27.688000000000006 0.92284787786233202 -1.7104999999999999 -1.0864999999999998 0.23350000000000004 18.829000000000004 3.0010000000000003 180.04300000000003 96.864500000000007 7.6755000000000004
decision_type=2 2 2 2 2 2 2 2 2 2 2 2 2 2
left_child=3 4 9 5 -2 10 -7 -8 -9 -3 11 -1 -13 -12
right_child=1 2 -4 -5 -6 6 7 8 -10 -11 13 12 -14 -15
leaf_value=-0.0017543188089490858 -0.0013012339189247659 -0.0010125866705208125 0.004646506665602396 -0.00099723839047096427 -0.00023772338552427997 0.00061538852212512658 -0.0094059778279871539 0.0012861857744119521 -0.0010897016876064813 0.00056777239154509607 -0.0002460814324486634 0.00034041642907201231 0.006445106066357455 0.00023172031892870759
leaf_weight=40 52 40 48 66 40 69 40 61 57 40 410 70 48 874
leaf_count=40 52 40 48 66 40 69 40 61 57 40 410 70 48 874
internal_value=-0.00028133 -0.00636364 -0.00078125 0.000489914 -0.0141304 0.000868784 -0.00374449 -0.00696203 -0.00338983 -0.0075 0.00159501 0.00632911 0.0110169 0.00101246
internal_weight=1955 220 128 1735 92 1669 227 158 118 80 1442 158 118 1284
internal_count=1955 220 128 1735 92 1669 227 158 118 80 1442 158 118 1284
is_linear=0
shrinkage=0.05


Tree=293
num_leaves=15
num_cat=0
split_feature=6 6 4 5 8 4 2 8 1 3 5 8 1 6
split_gain=3.13626 3.19556 3.00833 2.802 2.31341 3.12986 4.84577 2.33338 4.57071 3.52195 3.15238 4.69102 3.55122 3.42688
threshold=13.541500000000001 13.934500000000002 19.393500000000003 19.801000000000005 1.9225000000000001 29.854500000000005 -0.02793410925094832 0.14500000000000002 -0.11988119229922732 93.056500000000014 4.2765000000000013 -0.5149999999999999 0.73172146025934359 2.1005000000000007
decision_type=2 2 2 2 2 2 2 2 2 2 2 2 2 2
left_child=3 -2 -3 4 5 7 -7 10 9 -9 11 12 13 -1
right_child=1 2 -4 -5 -6 6 -8 8 -10 -11 -12 -13 -14 -15
leaf_value=0.00033565469328970533 -0.00091399472609856593 -0.0001841472979471126 0.0044141813323222761 -0.00068097882575748339 -0.0010352166032261522 -0.0065895350225548266 0.008702231574179731 0.012603011457864756 -0.0015136713334093057 -0.0018787588156319011 9.0720486323525588e-06 0.011367113329559432 0.004826399702428011 -0.0018568350425503368
leaf_weight=44 71 80 48 47 63 61 80 41 161 40 1076 53 42 48
leaf_count=44 71 80 48 47 63 61 80 41 161 40 1076 53 42 48
internal_value=-0.000332481 -0.00628141 -0.0015625 0.000341686 0.000672908 0.00103281 0.00815603 0.000365449 -0.00413223 0.00555556 0.00122724 0.00721925 0.00223881 -0.00326087
internal_weight=1955 199 128 1756 1709 1646 141 1505 242 81 1263 187 134 92
internal_count=1955 199 128 1756 1709 1646 141 1505 242 81 1263 187 134 92
is_linear=0
shrinkage=0.05


Tree=294
num_leaves=15
num_cat=0
split_feature=5 4 4 1 8 8 4 4 1 4 6 8 5 5
split_gain=2.91937 2.22903 4.72508 3.47143 1.80303 1.67225 3.32827 2.94097 2.75022 2.77259 3.2633 3.08681 3.50686 5.11922
threshold=20.333500000000004 8.2445000000000022 8.9145000000000021 0.48941038753127741 -1.3214999999999997 -0.68899999999999983 27.945000000000004 31.928000000000001 -0.89391031859722847 28.696000000000002 9.895500000000002 -0.5149999999999999 2.9565000000000006 4.495000000000001
decision_type=2 2 2 2 2 2 2 2 2 2 2 2 2 2
left_child=1 3 -3 4 -1 6 -4 -8 -7 11 -11 -10 -13 -14
right_child=-2 2 5 -5 -6 8 7 -9 9 10 -12 12 13 -15
leaf_value=0.0013410218981396494 -0.00097072353860212237 -0.0023494306338734173 -4.0773556338635776e-06 -0.0024804742255984252 0.00098756017320075491 -0.0029130054147881524 0.0049669129206367617 -8.6965288208434865e-05 -0.0023424351863359895 -0.012879297042608796 -0.00025425865209632826 -0.002788080256301834 0.011436188702850942 3.8036408327235542e-05
leaf_weight=51 102 45 843 40 77 47 72 56 65 45 57 68 53 334
leaf_count=51 102 45 843 40 77 47 72 56 65 45 57 68 53 334
internal_value=-0.000588235 -0.000134916 -0.000682493 0.00535714 0.009375 -0.000243902 0.00108136 0.00859375 -0.00216741 -0.00128617 -0.00882353 0.000192308 0.00164835 0.00348837
internal_weight=1955 1853 1685 168 128 1640 971 128 669 622 102 520 455 387
internal_count=1955 1853 1685 168 128 1640 971 128 669 622 102 520 455 387
is_linear=0
shrinkage=0.05


Tree=295
num_leaves=15
num_cat=0
split_feature=5 7 7 6 2 6 6 7 5 3 0 3 1 3
split_gain=2.99236 2.34393 2.35612 2.04399 4.12244 2.39988 6.22675 3.74757 4.77829 4.54478 8.20078 4.53374 4.89375 4.79478
threshold=20.333500000000004 67.244500000000016 143.32700000000003 2.7915000000000005 0.83399694777620859 7.6355000000000013 8.2675000000000018 357.55050000000006 5.3515000000000006 94.759000000000015 9.6675000000000022 48.486500000000007 0.71466676797886841 4.972500000000001
decision_type=2 2 2 2 2 2 2 2 2 2 2 2 2 2
left_child=1 -1 -3 4 -4 7 -7 8 -5 11 -11 12 13 -9
right_child=-2 2 3 5 -6 6 -8 9 -10 10 -12 -13 -14 -15
leaf_value=0.00039629587383287483 -0.00092218736167201665 -0.0010790970042702103 0.0081529398823750095 -0.00046136527820866968 7.8095896789309737e-06 0.0028011441539864679 -3.3302336589924322e-05 -0.0069835042303819433 0.0033465029367438035 -0.026076097158271375 -0.00014456129712290544 0.0034378740660644933 0.0079710879542213686 -0.0012588697520145202
leaf_weight=64 102 80 61 76 161 92 983 53 58 41 46 48 40 50
leaf_count=64 102 80 61 76 161 92 983 53 58 41 46 48 40 50
internal_value=-0.000485934 -2.69833e-05 -0.000363331 2.92569e-05 0.0045045 -0.00063887 0.000604651 -0.0038835 0.00298507 -0.00719424 -0.0166667 -0.00287958 -0.00734266 -0.0131068
internal_weight=1955 1853 1789 1709 222 1487 1075 412 134 278 87 191 143 103
internal_count=1955 1853 1789 1709 222 1487 1075 412 134 278 87 191 143 103
is_linear=0
shrinkage=0.05


Tree=296
num_leaves=15
num_cat=0
split_feature=5 7 7 8 4 6 2 1 2 3 3 1 0 4
split_gain=2.73501 2.05728 2.71426 1.89631 2.90295 1.75046 4.83478 2.7786 2.55467 2.11999 7.29779 5.04474 4.50297 3.14097
threshold=20.333500000000004 67.244500000000016 143.32700000000003 1.9225000000000001 34.289500000000011 4.4635000000000007 0.92284787786233202 0.5043284533698108 0.9669377691982991 1.0000000180025095e-35 1.7700000000000002 -0.86095304316285715 29.835000000000004 19.257000000000001
decision_type=2 2 2 2 2 2 2 2 2 2 2 2 2 2
left_child=1 -1 -3 4 5 6 7 -4 -8 11 -11 -7 -12 -14
right_child=-2 2 3 -5 -6 9 8 -9 -10 10 12 -13 13 -15
leaf_value=0.00037648108014123188 -0.00087607799358841451 -0.0010251421540566992 0.004391480738622236 -0.00077892879581541456 0.006123128195476263 0.011307118090451851 -0.0063821515074497298 0.00086469975570282467 3.9027119134965596e-05 -0.0011004412083782335 -8.6198076837309956e-05 -1.4734539125427215e-05 0.00014497637829808953 0.0081491834389532565
leaf_weight=64 102 80 83 51 44 48 41 79 87 81 968 142 41 44
leaf_count=64 102 80 83 51 44 48 41 79 87 81 968 142 41 44
internal_value=0.000127877 0.000566649 0.000251537 0.000672908 0.000965018 0.000619579 0.00413793 0.00987654 -0.003125 -0.000151057 -0.000970018 0.00473684 0.00014245 0.0111765
internal_weight=1955 1853 1789 1709 1658 1614 290 162 128 1324 1134 190 1053 85
internal_count=1955 1853 1789 1709 1658 1614 290 162 128 1324 1134 190 1053 85
is_linear=0
shrinkage=0.05


Tree=297
num_leaves=15
num_cat=0
split_feature=5 7 1 7 2 3 1 3 2 7 5 6 5 8
split_gain=3.17932 2.14562 2.09582 2.27758 1.86478 1.8138 6.23571 5.59418 4.41299 4.06231 3.83333 3.46877 3.65088 3.32139
threshold=19.801000000000005 67.244500000000016 0.99628894895067466 143.32700000000003 -0.99665976668634515 79.606500000000025 0.98009454285431663 29.003500000000006 -0.87620967433411445 733.43450000000018 9.7285000000000021 13.541500000000001 16.174000000000003 -2.4014999999999995
decision_type=2 2 2 2 2 2 2 2 2 2 2 2 2 2
left_child=1 -1 3 -3 -5 7 13 11 -9 10 -10 12 -6 -7
right_child=-2 2 -4 4 5 6 -8 8 9 -11 -12 -13 -14 -15
leaf_value=0.00035765702613417137 -0.00069587658763477504 -0.0011501910247131875 0.0012860730166752946 0.0006754329251631927 3.933807146347529e-05 -0.0005693554623528496 -0.030049502426135945 -0.00679205068493064 -0.00067469951604507978 0.0018870418487470508 -0.003155171756051664 -0.0013666766711168067 0.0064990054827865577 0.00043372812453456038
leaf_weight=64 117 73 59 54 524 89 40 47 75 47 40 83 58 585
leaf_count=64 117 73 59 54 524 89 40 47 75 47 40 83 58 585
internal_value=-0.000127877 0.000380849 5.63698e-05 -0.000262391 0.000121803 -0.000188917 0.00168067 -0.00171625 -0.00885167 -0.00493827 -0.01 0.000526316 0.00189003 0.00281899
internal_weight=1955 1838 1774 1715 1642 1588 714 874 209 162 115 665 582 674
internal_count=1955 1838 1774 1715 1642 1588 714 874 209 162 115 665 582 674
is_linear=0
shrinkage=0.05


Tree=298
num_leaves=15
num_cat=0
split_feature=5 6 2 4 1 2 2 4 5 2 2 6 3 3
split_gain=2.53564 2.26762 1.65008 1.51221 6.05907 3.27563 2.92049 1.77764 5.19172 2.53949 4.29957 4.01309 3.04387 1.80834
threshold=19.801000000000005 13.934500000000002 -0.99791438307893243 6.6275000000000004 0.14984488681196825 0.99468534776305517 -0.98870105003072151 8.9145000000000021 8.9550000000000018 -0.94849615754507433 -0.85470766365158146 10.006500000000001 37.350500000000004 51.978000000000009
decision_type=2 2 2 2 2 2 2 2 2 2 2 2 2 2
left_child=2 -2 -1 4 -4 6 -5 8 -8 12 11 -11 -9 -12
right_child=1 -3 3 5 -6 -7 7 9 -10 10 13 -13 -14 -15
leaf_value=0.0017553207147086123 -0.00091227908362176988 -1.6966589748868001e-06 0.0064324076664529608 -0.0047688930124342738 -0.002479482148675194 -0.012561936892837655 -0.014168857111932172 0.0082136216974303174 0.00040868326643610513 0.013665272254661376 -9.8647422113801181e-05 -0.0051753293897239209 -0.00020272435987277461 0.00017085376665464461
leaf_weight=47 61 56 57 52 41 51 47 54 55 46 523 64 43 758
leaf_count=47 61 56 57 52 41 51 47 54 55 46 523 64 43 758
internal_value=-0.000127877 -0.00726496 0.000326442 8.37521e-05 0.00612245 -0.0002658 0.000121803 0.000503145 -0.00588235 0.00094086 0.000395399 -0.00909091 0.00876289 0.00120999
internal_weight=1955 117 1838 1791 98 1693 1642 1590 102 1488 1391 110 97 1281
internal_count=1955 117 1838 1791 98 1693 1642 1590 102 1488 1391 110 97 1281
is_linear=0
shrinkage=0.05


Tree=299
num_leaves=15
num_cat=0
split_feature=3 3 6 4 4 3 0 0 0 0 4 7 1 0
split_gain=3.57111 5.99299 3.29108 4.66506 5.2119 3.89597 3.8218 5.69498 4.56921 3.66558 3.09991 2.95585 2.90909 2.76209
threshold=51.978000000000009 29.003500000000006 11.383000000000001 25.797000000000001 9.501000000000003 8.6115000000000013 26.858000000000004 29.835000000000004 12.976500000000003 20.274000000000004 16.406000000000002 866.05050000000017 -0.7383195169062905 19.524000000000004
decision_type=2 2 2 2 2 2 2 2 2 2 2 2 2 2
left_child=1 2 3 4 -1 13 8 -8 -4 -10 -11 -2 -9 -6
right_child=11 -3 6 -5 5 -7 7 12 9 10 -12 -13 -14 -15
leaf_value=0.010859108193603698 0.00010675764445915448 -0.0020758646992720224 -0.0080926980801402371 0.0044792670301549769 -0.0019294105611817325 0.0068898194765613071 -0.005492482305956831 -0.0016272590578610081 0.0030201545531699072 0.0028591846203940619 -0.0026336286887858385 0.0048186176719780321 0.005449454022713596 0.00075975453912102144
leaf_weight=57 1034 88 45 83 159 45 64 44 51 72 53 45 44 71
leaf_count=57 1034 88 45 83 159 45 64 44 51 72 53 45 44 71
internal_value=-2.55754e-05 -0.00239726 -0.00101523 0.00204819 -0.00060241 -0.00345455 -0.00442359 -0.0105263 -0.000226244 0.00340909 -0.0012 0.00189991 -0.00227273 -0.00608696
internal_weight=1955 876 788 415 332 275 373 152 221 176 125 1079 88 230
internal_count=1955 876 788 415 332 275 373 152 221 176 125 1079 88 230
is_linear=0
shrinkage=0.05


end of trees

feature_importances:
Column_6=552
Column_7=539
Column_5=519
Column_0=516
Column_4=503
Column_8=479
Column_2=384
Column_1=377
Column_3=331

parameters:
[boosting: gbdt]
[objective: regression_l1]
[metric: l1]
[tree_learner: serial]
[device_type: cpu]
[data_sample_strategy: bagging]
[data: ]
[valid: ]
[num_iterations: 300]
[learning_rate: 0.05]
[num_leaves: 15]
[num_threads: 1]
[seed: 42]
[deterministic: 1]
[force_col_wise: 0]
[force_row_wise: 1]
[histogram_pool_size: -1]
[max_depth: -1]
[min_data_in_leaf: 40]
[min_sum_hessian_in_leaf: 0.001]
[bagging_fraction: 1]
[pos_bagging_fraction: 1]
[neg_bagging_fraction: 1]
[bagging_freq: 0]
[bagging_seed: 400]
[bagging_by_query: 0]
[feature_fraction: 1]
[feature_fraction_bynode: 1]
[feature_fraction_seed: 30056]
[extra_trees: 0]
[extra_seed: 12879]
[early_stopping_round: 0]
[early_stopping_min_delta: 0]
[first_metric_only: 0]
[max_delta_step: 0]
[lambda_l1: 0]
[lambda_l2: 0]
[linear_lambda: 0]
[min_gain_to_split: 0]
[drop_rate: 0.1]
[max_drop: 50]
[skip_drop: 0.5]
[xgboost_dart_mode: 0]
[uniform_drop: 0]
[drop_seed: 17869]
[top_rate: 0.2]
[other_rate: 0.1]
[min_data_per_group: 100]
[max_cat_threshold: 32]
[cat_l2: 10]
[cat_smooth: 10]
[max_cat_to_onehot: 4]
[top_k: 20]
[monotone_constraints: ]
[monotone_constraints_method: basic]
[monotone_penalty: 0]
[feature_contri: ]
[forcedsplits_filename: ]
[refit_decay_rate: 0.9]
[cegb_tradeoff: 1]
[cegb_penalty_split: 0]
[cegb_penalty_feature_lazy: ]
[cegb_penalty_feature_coupled: ]
[path_smooth: 0]
[interaction_constraints: ]
[verbosity: -1]
[saved_feature_importance_type: 0]
[use_quantized_grad: 0]
[num_grad_quant_bins: 4]
[quant_train_renew_leaf: 0]
[stochastic_rounding: 1]
[linear_tree: 0]
[max_bin: 255]
[max_bin_by_feature: ]
[min_data_in_bin: 3]
[bin_construct_sample_cnt: 200000]
[data_random_seed: 175]
[is_enable_sparse: 1]
[enable_bundle: 1]
[use_missing: 1]
[zero_as_missing: 0]
[feature_pre_filter: 1]
[pre_partition: 0]
[two_round: 0]
[header: 0]
[label_column: ]
[weight_column: ]
[group_column: ]
[ignore_column: ]
[categorical_feature: ]
[forcedbins_filename: ]
[precise_float_parser: 0]
[parser_config_file: ]
[objective_seed: 16083]
[num_class: 1]
[is_unbalance: 0]
[scale_pos_weight: 1]
[sigmoid: 1]
[boost_from_average: 1]
[reg_sqrt: 0]
[alpha: 0.9]
[fair_c: 1]
[poisson_max_delta_step: 0.7]
[tweedie_variance_power: 1.5]
[lambdarank_truncation_level: 30]
[lambdarank_norm: 1]
[label_gain: ]
[lambdarank_position_bias_regularization: 0]
[eval_at: ]
[multi_error_top_k: 1]
[auc_mu_weights: ]
[num_machines: 1]
[local_listen_port: 12400]
[time_out: 120]
[machine_list_filename: ]
[machines: ]
[gpu_platform_id: -1]
[gpu_device_id: -1]
[gpu_device_id_list: ]
[gpu_use_dp: 0]
[num_gpu: 1]

end of parameters

pandas_categorical:null
