tree
version=v4
num_class=1
num_tree_per_iteration=1
label_index=0
max_feature_idx=8
objective=regression_l1
feature_names=Column_0 Column_1 Column_2 Column_3 Column_4 Column_5 Column_6 Column_7 Column_8
feature_infos=[1.03:39.417999999999999] [-0.99999073973619013:0.99999073973619013] [-1:1] [0:100] [0.48599999999999999:53.107999999999997] [0.041000000000000002:33.709000000000003] [-2.089:18.619] [4.0999999999999996:888.46500000000003] [-6.9710000000000001:8.9870000000000001]
tree_sizes=1415 1430 1430 1429 1434 1441 1435 1420 1445 1426 1446 1421 1441 1442 1419 1412 1434 1435 1441 1432 1439 1437 1436 1443 1439 1437 1437 1413 1440 1431 1444 1423 1428 1433 1424 1433 1437 1430 1425 1449 1452 1426 1444 1439 1438 1433 1425 1418 1441 1434 1442 1437 1440 1433 1420 1445 1429 1434 1431 1439 1447 1442 1443 1449 1436 1435 1433 1432 1425 1453 1450 1436 1435 1441 1438 1455 1445 1438 1436 1437 1454 1450 1448 1461 1449 1437 1450 1436 1445 1439 1455 1453 1465 1442 1447 1452 1446 1457 1455 1445 1432 1423 1426 1444 1426 1439 1449 1459 1445 1453 1438 1432 1452 1452 1436 1441 1428 1434 1430 1449 1452 1429 1450 1449 1450 1462 1444 1447 1433 1433 1441 1448 1460 1442 1446 1445 1445 1446 1429 1436 1453 1454 1463 1450 1451 1459 1425 1429 1448 1445 1433 1464 1439 1455 1456 1452 1457 1437 1456 1449 1460 1459 1465 1417 1437 1449 1445 1458 1433 1441 1428 1428 1448 1456 1452 1475 1447 1441 1469 1424 1458 1431 1450 1446 1450 1435 1453 1449 1437 1455 1441 1428 1447 1441 1431 1436 1445 1441 1452 1453 1441 1461 1452 1455 1460 1449 1441 1427 1442 1456 1447 1437 1459 1440 1431 1444 1426 1432 1427 1451 1438 1433 1451 1442 1457 1441 1441 1440 1447 1448 1448 1439 1452 1442 1437 1436 1435 1450 1450 1457 1458 1457 1439 1445 1456 1448 1427 1456 1464 1443 1440 1449 1461 1454 1438 1449 1435 1470 1438 1447 1435 1423 1416 1442 1432 1437 1437 1428 1434 1437 1450 1443 1454 1439 1459 1449 1457 1452 1449 1463 1447 1462 1473 1450 1461 1466 1452 1459 1442 1460 1434 1440 1448 1450 1451 1463 1450 1447 1453 1430

Tree=0
num_leaves=15
num_cat=0
split_feature=5 4 7 0 5 1 4 5 4 6 2 1 0 7
split_gain=257.427 63.8274 54.1796 32.4606 30.7674 21.696 17.7265 17.3055 14.6258 13.8057 12.9028 10.8181 8.1004 8.52296
threshold=9.2670000000000012 10.178000000000003 273.77550000000002 15.030000000000001 3.5710000000000002 -0.86958133671945925 16.989500000000003 2.2320000000000007 19.314000000000004 15.889500000000002 0.67844406397199097 -0.40097094742861966 20.611500000000003 819.92250000000013
decision_type=2 2 2 2 2 2 2 2 2 2 2 2 2 2
left_child=1 4 6 8 10 -4 7 -3 -2 11 -1 -5 -13 -14
right_child=3 2 5 9 -6 -7 -8 -9 -10 -11 -12 12 13 -15
leaf_value=-0.028699998930096629 -0.10975000001490116 -0.022350000217556953 -0.11279999949038029 -0.12835000045597553 -0.11685000099241734 -0.075800000503659246 -0.04490000046789646 -0.073549999669194219 -0.066349999979138374 -0.16327499933540823 -0.096850000321865082 -0.13245000131428242 -0.088000000128522521 -0.13435000069439412
leaf_weight=44 117 61 82 215 172 277 284 201 46 148 42 141 72 51
leaf_count=44 117 61 82 215 172 277 284 201 46 148 42 141 72 51
internal_value=-0.092 -0.0770387 -0.0707845 -0.114025 -0.0989767 -0.0858719 -0.0608645 -0.0702443 -0.0941472 -0.119193 -0.0745581 -0.115069 -0.108288 -0.0989106
internal_weight=1953 1163 905 790 258 359 546 262 163 627 86 479 264 123
internal_count=1953 1163 905 790 258 359 546 262 163 627 86 479 264 123
is_linear=0
shrinkage=1


Tree=1
num_leaves=15
num_cat=0
split_feature=5 7 4 0 7 2 1 7 4 8 3 0 4 0
split_gain=236.143 59.114 40.2446 33.3033 26.5497 23.3956 16.3971 21.1745 13.8043 13.6996 14.5959 12.3084 11.3044 9.91638
threshold=9.2670000000000012 80.189000000000007 16.134500000000003 15.162000000000001 277.63600000000002 -0.66248835645380588 0.26744970170045884 547.97700000000009 19.314000000000004 -0.073499999999999982 99.776500000000013 19.043000000000003 7.0475000000000012 20.317000000000004
decision_type=2 2 2 2 2 2 2 2 2 2 2 2 2 2
left_child=1 -1 5 8 -4 -3 7 -5 -2 10 -7 -6 -11 -8
right_child=3 2 4 6 11 9 13 -9 -10 12 -12 -13 -14 -15
leaf_value=0.053847499210387478 -0.016862499844282865 0.038240000549703834 0.039245000500231983 -0.016882499512284994 0.014490000028163195 -0.0241600008122623 -0.039377500768750906 -0.06268249845132233 0.024017500225454569 -0.019707498829811813 0.003777499906718731 -0.019859999548643828 0.013964999783784153 0.00021375024691224211
leaf_weight=232 119 79 199 101 180 139 127 323 47 41 94 49 150 73
leaf_count=232 119 79 199 101 180 139 127 323 47 41 94 49 150 73
internal_value=0.000588838 0.0149183 0.00929108 -0.0205063 0.0205607 -0.000298211 -0.0258013 -0.0313679 -0.00060241 -0.00495283 -0.0130901 0.00895197 0.00497382 -0.014
internal_weight=1953 1163 931 790 428 503 624 424 166 424 233 229 191 200
internal_count=1953 1163 931 790 428 503 624 424 166 424 233 229 191 200
is_linear=0
shrinkage=0.05


Tree=2
num_leaves=15
num_cat=0
split_feature=5 5 4 1 4 7 4 8 0 7 1 8 7 4
split_gain=212.906 65.5512 41.6963 27.9067 22.4043 20.1397 19.0251 15.532 15.1117 13.021 11.3919 10.9902 9.8493 7.81548
threshold=9.9610000000000021 4.0985000000000005 10.178000000000003 0.26744970170045884 6.9720000000000004 563.50650000000007 20.896500000000003 -0.62299999999999989 15.410500000000001 765.63650000000007 -0.86958133671945925 -0.35549999999999993 98.726500000000016 17.684500000000003
decision_type=2 2 2 2 2 2 2 2 2 2 2 2 2 2
left_child=1 4 -3 5 -1 13 7 -4 -8 -5 -9 -11 -6 -2
right_child=3 2 6 9 12 -7 8 10 -10 11 -12 -13 -14 -15
leaf_value=-0.013607374710030854 -0.028183374934829777 -0.022399500732310118 -0.0086008749501779672 -0.0029606874999590217 0.057577627542428671 -0.060602123298682267 0.037832749354653063 -0.013410687048919498 0.0054330000160261989 -0.050493190147913994 0.01749174941610545 -0.0011783749097958208 0.037282750475220387 0.0021116249924525614
leaf_weight=41 61 180 162 161 210 309 125 50 63 91 251 45 163 41
leaf_count=41 61 180 162 161 210 309 125 50 63 91 251 45 163 41
internal_value=0.000281618 0.0127309 0.00463297 -0.0216102 0.0289855 -0.0300487 0.0105223 0.00507559 0.0239362 -0.00993266 0.011794 -0.0213235 0.0328418 -0.0107843
internal_weight=1953 1245 831 708 414 411 651 463 188 297 301 136 373 102
internal_count=1953 1245 831 708 414 411 651 463 188 297 301 136 373 102
is_linear=0
shrinkage=0.05


Tree=3
num_leaves=15
num_cat=0
split_feature=5 7 4 0 2 7 6 8 4 0 6 3 0 4
split_gain=198.572 51.6706 31.0871 29.0572 21.2368 20.395 16.144 15.1532 12.4587 11.2934 11.1681 9.93898 8.90982 9.01149
threshold=9.2670000000000012 80.189000000000007 18.446500000000004 15.030000000000001 -0.67125995756753143 277.63600000000002 16.069500000000001 1.1525000000000001 19.314000000000004 8.6100000000000012 11.976500000000003 99.757000000000019 12.564500000000001 8.291500000000001
decision_type=2 2 2 2 2 2 2 2 2 2 2 2 2 2
left_child=1 9 4 8 -3 -4 -5 11 -2 -1 -7 12 13 -6
right_child=3 2 5 6 7 10 -8 -9 -10 -11 -12 -13 -14 -15
leaf_value=0.027973743042023852 -0.015871340477070773 0.033602387811476363 0.040691113317431887 -0.030039430229796563 -0.02127952569569461 -0.0034738689565565438 -0.061422018230473621 0.027354662285046651 0.022514659422286788 0.057723741492303082 0.023223863283218817 0.0088546627916861326 -0.023679526089085266 0.0042407875478733328
leaf_weight=77 117 102 141 504 58 84 123 57 46 155 83 189 101 116
leaf_count=77 117 102 141 504 58 84 123 57 46 155 83 189 101 116
internal_value=0.000230415 0.0133706 0.00810956 -0.0191139 0.00168539 0.0211039 -0.0240032 -0.00239923 -0.000306748 0.0344828 0.00928144 -0.00538793 -0.0114545 -0.0045977
internal_weight=1953 1163 931 790 623 308 627 521 163 232 167 464 275 174
internal_count=1953 1163 931 790 623 308 627 521 163 232 167 464 275 174
is_linear=0
shrinkage=0.05


Tree=4
num_leaves=15
num_cat=0
split_feature=5 5 4 1 7 4 7 4 8 2 4 6 8 1
split_gain=177.439 52.233 35.6646 23.6523 22.5806 18.0714 16.9254 16.0002 15.4063 12.0293 9.52264 9.15374 8.26246 7.89571
threshold=10.094500000000002 3.8200000000000007 19.124500000000001 0.26744970170045884 676.46100000000013 7.0475000000000012 277.63600000000002 8.291500000000001 -0.054999999999999993 -0.72066714955386091 19.366000000000003 11.976500000000003 0.17250000000000001 0.87795195455888941
decision_type=2 2 2 2 2 2 2 2 2 2 2 2 2 2
left_child=1 5 7 4 12 -1 -4 -3 9 -9 -5 -8 -2 -11
right_child=3 2 6 10 -6 -7 11 8 -10 13 -12 -13 -14 -15
leaf_value=-0.0016224433256802147 -0.024841985574184804 -0.023445549474686852 0.036418728684957602 -0.021754897173938515 -0.0657354834733202 0.048087554894525097 -0.0051087003477499823 0.035365425648053644 0.012923293875416277 -0.017945548759431114 0.0053912209848299975 0.018874705699205515 0.0020133131299642257 0.010966004540219438
leaf_weight=43 133 125 111 228 226 331 70 55 203 177 62 98 42 49
leaf_count=43 133 125 111 228 226 331 70 55 203 177 62 98 42 49
internal_value=0.000179211 0.0113312 0.00472973 -0.0201881 -0.0280549 0.0270053 0.0195341 -0.00205255 0.00206612 -0.00551601 -0.00931034 0.00952381 -0.0145714 -0.0106195
internal_weight=1953 1262 888 691 401 374 279 609 484 281 290 168 175 226
internal_count=1953 1262 888 691 401 374 279 609 484 281 290 168 175 226
is_linear=0
shrinkage=0.05


Tree=5
num_leaves=15
num_cat=0
split_feature=7 5 4 1 7 8 2 7 8 4 5 8 2 4
split_gain=164.915 46.4211 40.5734 33.1061 17.5628 13.521 14.1342 12.3209 12.7433 12.2392 11.4516 10.312 9.39078 8.92814
threshold=535.21850000000006 2.8675000000000006 18.199000000000002 0.26744970170045884 277.63600000000002 -0.16499999999999998 -0.69637622559687218 765.63650000000007 -0.27049999999999996 10.178000000000003 10.174000000000001 -0.84849999999999992 -0.60505606964884906 12.134000000000002
decision_type=2 2 2 2 2 2 2 2 2 2 2 2 2 2
left_child=1 9 5 10 -4 6 -3 -5 -9 -1 -2 -6 -12 -8
right_child=3 2 4 7 11 -7 13 8 -10 -11 12 -13 -14 -15
leaf_value=0.021770554647725194 -0.022581562937315204 0.034906799780192788 0.036485621253075196 -0.001168780088688131 -0.0075646033607266877 0.0067974373309001666 -0.027400212366833234 -0.046044251640870254 0.0002842008905104311 0.050879679636228949 -0.06097952477810778 0.016585984759499406 -0.020844776947521761 -0.0034978046258910336
leaf_weight=66 48 46 164 229 46 308 145 101 48 187 243 121 76 125
leaf_count=66 48 46 164 229 46 308 145 101 48 187 243 121 76 125
internal_value=0.000179211 0.0115894 0.0065445 -0.0183221 0.0206949 -0.000961538 -0.00822785 -0.00793651 -0.0191275 0.0306324 -0.0290191 0.00928144 -0.0324451 -0.0125926
internal_weight=1953 1208 955 745 331 624 316 378 149 253 367 167 319 270
internal_count=1953 1208 955 745 331 624 316 378 149 253 367 167 319 270
is_linear=0
shrinkage=0.05


Tree=6
num_leaves=15
num_cat=0
split_feature=7 0 4 2 5 4 4 3 6 8 6 1 1 1
split_gain=151.1 41.0624 39.5027 22.7062 21.8729 20.5254 17.9223 13.3195 13.0981 11.6677 7.60441 6.97292 6.92704 6.68479
threshold=383.12750000000005 18.461500000000004 10.178000000000003 0.42110087079608943 2.8675000000000006 19.220000000000002 21.637500000000003 84.819500000000019 16.069500000000001 -0.64599999999999991 7.6510000000000007 0.96413834225895678 -0.43222422251210757 -0.012886663321697788
decision_type=2 2 2 2 2 2 2 2 2 2 2 2 2 2
left_child=2 5 3 -1 -4 7 9 -2 12 -6 -5 -7 -3 -10
right_child=1 8 4 10 6 11 -8 -9 13 -11 -12 -13 -14 -15
leaf_value=0.025622151909482777 -0.021581590937150875 -0.03168196051574431 0.048099856190116252 -0.037542868607088241 -0.0027057907532038006 0.0052273731799006816 0.036285118442766946 0.0019823920057828247 -0.072515165237448484 0.015858539680569973 -0.0052557673888850923 0.028739389178506103 -0.024355436379586374 -0.032337521046514661
leaf_weight=75 163 199 186 96 118 109 132 124 70 288 65 44 236 48
leaf_count=75 163 199 186 96 118 109 132 124 70 288 65 44 236 48
internal_value=0.000230415 -0.0134441 0.014375 -0.00338983 0.0201657 -0.00204545 0.0150558 -0.00993031 -0.0225136 0.00985222 -0.0139752 0.0127451 -0.0185057 -0.0372881
internal_weight=1953 993 960 236 724 440 538 287 553 406 161 153 435 118
internal_count=1953 993 960 236 724 440 538 287 553 406 161 153 435 118
is_linear=0
shrinkage=0.05


Tree=7
num_leaves=15
num_cat=0
split_feature=5 5 4 6 7 4 1 7 8 1 6 4 8 4
split_gain=149.516 41.7546 33.157 23.9837 20.0698 14.7891 14.0239 14.5398 10.7478 11.844 10.7149 8.92816 7.9741 10.6842
threshold=9.2670000000000012 2.8675000000000006 18.446500000000004 16.069500000000001 277.63600000000002 8.291500000000001 0.94697898371965716 539.12350000000004 1.1935000000000002 -0.7266007961912001 12.2385 10.178000000000003 -0.23649999999999996 16.191000000000006
decision_type=2 2 2 2 2 2 2 2 2 2 2 2 2 2
left_child=1 11 5 6 -4 -3 7 -2 9 -7 -6 -1 -9 -14
right_child=3 2 4 -5 10 8 -8 12 -10 -11 -12 -13 13 -15
leaf_value=0.020539643416535084 -0.00089926304327871825 -0.018573098390677591 0.033447083994101727 -0.050389406737157486 -0.0037240738659412315 -0.015475822428850284 0.0053863164776611072 -0.04214520041182182 0.024507966234417377 0.0067636596672923533 0.021402665344455549 0.045930702844911686 -0.024355318550087872 0.0053326999867615603
leaf_weight=66 153 128 157 127 90 98 106 280 52 309 76 187 66 58
leaf_count=66 153 128 157 127 90 98 106 280 52 309 76 187 66 58
internal_value=7.68049e-05 0.0114789 0.00648352 -0.0167089 0.0193498 -0.000596252 -0.0128959 -0.0160682 0.00359477 0.000859951 0.00722892 0.0294466 -0.0210396 -0.0104839
internal_weight=1953 1163 910 790 323 587 663 557 459 407 166 253 404 124
internal_count=1953 1163 910 790 323 587 663 557 459 407 166 253 404 124
is_linear=0
shrinkage=0.05


Tree=8
num_leaves=15
num_cat=0
split_feature=5 5 4 6 7 2 8 1 7 8 4 1 1 8
split_gain=138.404 39.4726 31.2307 21.1903 19.0035 13.9108 14.4172 13.7713 14.1448 10.2652 9.40969 8.87832 8.47306 7.60451
threshold=9.2670000000000012 2.8675000000000006 18.446500000000004 16.069500000000001 277.63600000000002 -0.67125995756753143 1.0000000180025095e-35 0.94697898371965716 539.12350000000004 0.060500000000000005 8.8190000000000008 0.80392051724781088 0.098678873477280007 -0.23649999999999996
decision_type=2 2 2 2 2 2 2 2 2 2 2 2 2 2
left_child=1 10 5 7 -4 -3 11 8 -2 -6 -1 -7 -5 -10
right_child=3 2 4 12 9 6 -8 -9 13 -11 -12 -13 -14 -15
leaf_value=0.015543977963415273 -0.000854299891114782 0.028656147013921326 0.031774729794396633 -0.064519939595108572 -0.002952326814171919 -0.015642488322543568 0.0056783935020353945 0.0051170006537780517 -0.040037940391230722 0.025646118006093926 0.044514060402726256 0.0045697690282115585 -0.022320290994873898 -0.0056931550923326772
leaf_weight=48 153 91 157 85 94 220 210 106 280 72 205 66 42 124
leaf_count=48 153 91 157 85 94 220 210 106 280 72 205 66 42 124
internal_value=-0.000179211 0.0107911 0.00593407 -0.0163291 0.0184211 -0.000936968 -0.00423387 -0.0127451 -0.0158887 0.00662651 0.0282609 -0.0115385 -0.0350394 -0.0207921
internal_weight=1953 1163 910 790 323 587 496 663 557 166 253 286 127 404
internal_count=1953 1163 910 790 323 587 496 663 557 166 253 286 127 404
is_linear=0
shrinkage=0.05


Tree=9
num_leaves=15
num_cat=0
split_feature=7 4 0 7 4 6 6 2 8 7 3 5 4 1
split_gain=128.514 35.3559 31.8056 23.1243 16.3971 14.1394 12.3037 10.6876 10.2106 14.3058 10.0675 8.91273 7.2446 7.20154
threshold=383.12750000000005 9.6380000000000017 18.540500000000005 83.763000000000019 19.161000000000005 7.1605000000000016 16.377500000000001 0.78884570776442897 -0.64599999999999991 273.77550000000002 84.819500000000019 3.5425000000000004 17.795000000000005 0.74620497228242788
decision_type=2 2 2 2 2 2 2 2 2 2 2 2 2 2
left_child=1 5 4 7 10 -1 13 -3 9 12 -2 -7 -5 -4
right_child=2 3 6 8 -6 11 -8 -9 -10 -11 -12 -13 -14 -15
leaf_value=-0.022122076709470154 -0.019424974113999502 0.055184465664493955 -0.026392620226802534 0.00049809296054057622 0.01118201506131378 0.033036862172127514 -0.061893940851055651 0.0223113735364079 0.021195650601749418 -0.011315505778219187 0.00071444152107574387 -0.0015486633120204551 0.023213493963904177 0.0027583813164829361
leaf_weight=90 163 101 432 70 158 43 76 100 361 54 124 84 57 40
leaf_count=90 163 101 432 70 158 43 76 100 361 54 124 84 57 40
internal_value=-0.000128008 0.0129167 -0.0127392 0.0181023 -0.00280899 -0.00483871 -0.0208029 0.0325871 0.0127306 0.00303867 -0.00993031 0.00590551 0.0122047 -0.0177966
internal_weight=1953 960 993 743 445 217 548 201 542 181 287 127 127 472
internal_count=1953 960 993 743 445 217 548 201 542 181 287 127 127 472
is_linear=0
shrinkage=0.05


Tree=10
num_leaves=15
num_cat=0
split_feature=5 5 4 6 2 0 8 7 1 2 7 7 8 4
split_gain=115.946 37.0297 27.4109 18.8918 13.0189 12.1311 12.2073 11.3271 12.3708 11.0691 9.35284 9.10435 8.72533 8.92653
threshold=9.2670000000000012 2.8675000000000006 19.924500000000005 16.141500000000004 -0.69637622559687218 12.716500000000002 -0.25549999999999995 551.17000000000019 0.95236875646279973 0.67209495862812607 277.63600000000002 273.77550000000002 -0.35549999999999993 12.882000000000001
decision_type=2 2 2 2 2 2 2 2 2 2 2 2 2 2
left_child=1 9 4 7 -3 6 -6 -2 12 -1 -4 -7 -9 -14
right_child=3 2 10 -5 5 11 -8 8 -10 -11 -12 -13 13 -15
leaf_value=0.05192524285810643 -0.00059100338784721798 0.022808270262414207 0.031625317915067723 -0.046146210312139446 -0.0069442333578600135 0.011362634336082365 0.0087442742641617738 -0.037317658742592588 0.0019337127966680364 0.02084300343218309 0.011599179513920536 -0.020166600577294403 -0.024992605529608292 -0.00035251496910669036
leaf_weight=121 175 98 129 120 148 51 203 265 90 132 133 148 42 98
leaf_count=121 175 98 129 120 148 51 203 265 90 132 133 148 42 98
internal_value=-0.000281618 0.00975924 0.00505495 -0.0150633 -0.000462963 -0.00345455 0.00213675 -0.011791 -0.0156566 0.0266798 0.0187023 -0.0133166 -0.0193827 -0.00928571
internal_weight=1953 1163 910 790 648 550 351 670 495 253 262 199 405 140
internal_count=1953 1163 910 790 648 550 351 670 495 253 262 199 405 140
is_linear=0
shrinkage=0.05


Tree=11
num_leaves=15
num_cat=0
split_feature=7 7 1 4 2 2 6 1 7 4 0 4 6 8
split_gain=108.605 38.205 25.6531 17.6931 16.9001 12.9698 12.1802 11.222 10.7472 11.2111 11.2336 10.5731 9.0573 7.99247
threshold=555.42050000000006 101.2565 0.081558489694578698 11.177500000000002 -0.43939950965914171 0.61287127154566789 15.889500000000002 -0.86958133671945925 765.63650000000007 21.033000000000005 17.673500000000004 21.333500000000004 8.1740000000000013 -0.36449999999999994
decision_type=2 2 2 2 2 2 2 2 2 2 2 2 2 2
left_child=1 5 6 4 -3 -1 -2 -5 9 10 -4 -7 -6 -10
right_child=2 3 8 7 12 11 -8 -9 13 -11 -12 -13 -14 -15
leaf_value=0.054928977162764271 -0.025373013657634072 0.016354521497257132 -0.018011213254016997 -0.0053071917143091675 -0.037982020033456874 0.012671361872500115 -0.060454466952232382 0.013888224558617344 -0.036956849043061117 0.020735323948323808 0.020630413571906623 0.028623652716206607 -0.0067250485894996773 -0.00070845497078699112
leaf_weight=102 200 47 121 148 97 110 96 555 123 46 54 68 121 65
leaf_count=102 200 47 121 148 97 110 96 555 123 46 54 68 121 65
internal_value=-0.000128008 0.00873397 -0.0158156 0.00402893 -0.00698113 0.025 -0.027027 0.00817923 -0.00770171 -0.000226244 -0.006 0.0168539 -0.012844 -0.0164894
internal_weight=1953 1248 705 968 265 280 296 703 409 221 175 178 218 188
internal_count=1953 1248 705 968 265 280 296 703 409 221 175 178 218 188
is_linear=0
shrinkage=0.05


Tree=12
num_leaves=15
num_cat=0
split_feature=7 6 0 8 5 1 1 7 7 4 6 4 4 6
split_gain=93.5159 33.5737 31.7122 23.6205 16.4804 16.1783 12.7657 11.8982 11.1798 11.0487 10.9323 9.68976 8.04227 7.85256
threshold=273.77550000000002 15.175000000000002 8.9100000000000019 -0.17399999999999996 2.8675000000000006 -0.52277409422118748 0.081558489694578698 767.17150000000015 72.970500000000015 20.526000000000003 8.6720000000000024 23.790000000000003 17.566500000000001 6.9800000000000013
decision_type=2 2 2 2 2 2 2 2 2 2 2 2 2 2
left_child=2 3 4 5 -1 -2 -3 9 -4 -7 -6 13 -5 -10
right_child=1 6 8 12 10 7 -8 -9 11 -11 -12 -13 -14 -15
leaf_value=0.026848889462190079 -0.024234538839578802 -0.047538601842721434 0.04121428878208102 -0.00045727090324680641 -0.014122527621716353 -0.0030888437226238991 -0.017759010076530097 -0.037556623330655042 -0.013976187282034248 0.023424943026301857 0.0079753405105998602 0.038000533150226064 0.012058705764416882 0.024560895776975959
leaf_weight=80 207 166 134 196 101 211 140 78 48 56 116 41 171 208
leaf_count=80 207 166 134 196 101 211 140 78 48 56 116 41 171 208
internal_value=0.000230415 -0.00820408 0.0144231 -0.00342764 0.00185185 -0.00996377 -0.022549 -0.00333333 0.0230858 0.00168539 -0.00529954 0.0176768 0.00640327 0.0140625
internal_weight=1953 1225 728 919 297 552 306 345 431 267 217 297 367 256
internal_count=1953 1225 728 919 297 552 306 345 431 267 217 297 367 256
is_linear=0
shrinkage=0.05


Tree=13
num_leaves=15
num_cat=0
split_feature=5 5 4 2 6 2 8 0 8 4 0 7 1 1
split_gain=89.6379 32.2579 20.9911 17.7974 15.7654 11.077 11.6488 12.6475 10.8357 10.5495 9.19725 9.03229 8.91579 8.50768
threshold=10.094500000000002 3.8200000000000007 19.588000000000005 0.63874942205152718 16.069500000000001 -0.69637622559687218 -0.43949999999999995 12.843000000000002 -0.26249999999999996 9.0115000000000016 7.5390000000000006 277.63600000000002 0.94917575150333644 0.098678873477280007
decision_type=2 2 2 2 2 2 2 2 2 2 2 2 2 2
left_child=1 3 5 -1 8 -3 -7 10 -2 -5 -8 -4 -13 -6
right_child=4 2 11 9 13 6 7 -9 -10 -11 -12 12 -14 -15
leaf_value=0.046135565826812844 -0.021771399325011487 0.016291456511473287 0.024407120562277382 -0.013695446167252512 -0.050492281617445692 -0.011748344223414392 -0.003064804041838154 -0.01112044148596333 -0.00090605204818883234 0.020318231833553649 0.015181406065848974 4.9163813409918749e-05 0.025402717374195062 -0.015266101423740408
leaf_weight=166 369 107 102 40 85 214 85 124 195 168 104 112 40 42
leaf_count=166 369 107 102 40 85 214 85 124 195 168 104 112 40 42
internal_value=7.68049e-05 0.00800317 0.00281532 0.0203209 -0.0143994 -0.00205047 -0.00502846 0.00111821 -0.0108156 0.0105769 0.00925926 0.0149606 0.00723684 -0.030315
internal_weight=1953 1262 888 374 691 634 527 313 564 208 189 254 152 127
internal_count=1953 1262 888 374 691 634 527 313 564 208 189 254 152 127
is_linear=0
shrinkage=0.05


Tree=14
num_leaves=15
num_cat=0
split_feature=7 4 0 5 4 4 6 8 7 2 1 7 3 2
split_gain=84.0592 24.9906 23.631 16.928 17.5906 11.7589 10.4899 10.1994 9.03939 8.53148 8.41393 8 7.23867 7.20119
threshold=383.12750000000005 8.7765000000000022 18.540500000000005 2.8675000000000006 21.932500000000005 19.161000000000005 16.377500000000001 -0.6359999999999999 273.77550000000002 0.72731766296277522 0.96413834225895678 186.85500000000005 84.819500000000019 0.092265415903232631
decision_type=2 2 2 2 2 2 2 2 2 2 2 2 2 2
left_child=1 13 5 9 7 12 -4 8 11 -3 -7 -5 -2 -1
right_child=2 3 6 4 -6 10 -8 -9 -10 -11 -12 -13 -14 -15
leaf_value=0.014367267021251224 -0.015806094314481049 0.044146465089857784 -0.019767189141961898 -0.01029598683834515 0.025606325490509424 0.0057935992817620243 -0.049987707583462063 0.012646092582530317 -0.012993831558667391 0.018653289845225757 0.019565392639868409 0.014276969629429793 0.0020103288601648829 -0.015198883640842065
leaf_weight=40 163 106 472 50 128 113 76 314 46 98 45 40 124 138
leaf_count=40 163 106 472 50 128 113 76 314 46 98 45 40 124 138
internal_value=0.000179211 0.0107292 -0.0100201 0.014578 0.0102076 -0.00146067 -0.0169708 0.00555556 -0.00588235 0.0269608 0.00949367 0.00333333 -0.00749129 -0.00617978
internal_weight=1953 960 993 782 578 445 548 450 136 204 158 90 287 178
internal_count=1953 960 993 782 578 445 548 450 136 204 158 90 287 178
is_linear=0
shrinkage=0.05


Tree=15
num_leaves=15
num_cat=0
split_feature=7 0 8 7 1 5 6 6 4 1 4 0 4 6
split_gain=80.4173 27.3361 27.2369 18.4231 20.8191 14.9651 11.2641 10.9323 9.4439 8.6374 8.48332 7.60764 7.25703 6.88429
threshold=273.77550000000002 8.9100000000000019 -0.32949999999999996 699.76050000000009 -0.50432845336981025 2.8675000000000006 14.797500000000001 8.6720000000000024 20.748500000000003 0.64460769028158504 10.423500000000002 15.929000000000002 7.6865000000000014 11.935
decision_type=2 2 2 2 2 2 2 2 2 2 2 2 2 2
left_child=1 5 3 4 -2 -1 10 -7 -6 -5 -4 -12 -3 -13
right_child=2 12 6 9 8 7 -8 -9 -10 -11 11 13 -14 -15
leaf_value=0.023542278433940713 -0.01894157284897267 0.002366982100228167 -0.00876631142692956 -0.039857315372416366 -0.0010182696758684439 -0.013094211256836781 -0.017812474989790623 0.0062282507688323531 0.027584552969504753 -0.016750594618403288 0.012373736817809306 -0.0095466901423007927 0.026881534474988013 0.016465243142997715
leaf_weight=80 184 41 73 226 164 101 122 116 41 96 177 51 390 91
leaf_count=80 184 41 73 226 164 101 122 116 41 96 177 51 390 91
internal_value=2.56016e-05 0.0131868 -0.00779592 -0.014135 -0.00681234 0.00151515 0.000972763 -0.00529954 0.00414634 -0.0229814 0.00510204 0.00862069 0.0212297 0
internal_weight=1953 728 1225 711 389 297 514 217 205 322 392 319 431 142
internal_count=1953 728 1225 711 389 297 514 217 205 322 392 319 431 142
is_linear=0
shrinkage=0.05


Tree=16
num_leaves=15
num_cat=0
split_feature=7 0 7 1 5 1 4 6 6 8 0 4 4 1
split_gain=73.4879 26.3835 25.7583 16.4772 15.758 14.9478 11.421 10.1664 9.99066 11.8394 8.31816 6.79013 7.42903 6.68532
threshold=211.12400000000005 8.9100000000000019 699.76050000000009 -0.7266007961912001 2.8675000000000006 0.25084665036108239 20.312500000000004 8.7475000000000005 14.585000000000003 -1.1474999999999997 20.223500000000005 10.423500000000002 13.109500000000002 0.93535928755917841
decision_type=2 2 2 2 2 2 2 2 2 2 2 2 2 2
left_child=1 4 3 -2 -1 -4 8 -6 9 -5 13 -11 -13 -7
right_child=2 -3 5 6 7 10 -8 -9 -10 11 -12 12 -14 -15
leaf_value=0.022365164512243681 -0.0091769314645489698 0.031794981282862934 -0.04191351197752452 -0.010545062475626504 -0.017143305925694248 -0.03572015941748502 0.017089682666442868 0.0044028671284514157 -0.024010753096690859 -0.0017453269374985592 0.0040140013871117139 0.015160682759764186 0.010693566543017447 0.0049139312424126644
leaf_weight=80 326 330 218 62 65 113 141 77 59 108 76 67 190 41
leaf_count=80 326 330 218 62 65 113 141 77 59 108 76 67 190 41
internal_value=0.000128008 0.0155797 -0.00596003 -0.00131165 0.00225225 -0.0158482 0.00342903 -0.00774648 -0.000205761 0.00245902 -0.00695652 0.00589041 0.0103113 -0.0136364
internal_weight=1953 552 1401 953 222 448 627 142 486 427 230 365 257 154
internal_count=1953 552 1401 953 222 448 627 142 486 427 230 365 257 154
is_linear=0
shrinkage=0.05


Tree=17
num_leaves=15
num_cat=0
split_feature=7 0 7 4 5 1 6 1 1 8 0 3 8 5
split_gain=64.9129 28.9232 22.9969 16.3124 13.7843 12.745 9.2068 8.65206 8.4565 8.4515 8.12124 7.6707 8.74584 7.64091
threshold=211.12400000000005 8.9100000000000019 699.76050000000009 10.827500000000002 2.8675000000000006 0.25084665036108239 8.7475000000000005 -0.86958133671945925 -0.9523687564627995 -0.27049999999999996 22.260000000000002 42.000500000000009 0.74350000000000016 11.361500000000001
decision_type=2 2 2 2 2 2 2 2 2 2 2 2 2 2
left_child=1 4 3 8 -1 -4 -6 13 -2 -7 11 12 -9 -5
right_child=2 -3 5 7 6 9 -8 10 -10 -11 -12 -13 -14 -15
leaf_value=0.021246906286631496 -0.037520384530156117 0.03020523221871978 -0.039817836378648296 -0.010938214765057939 -0.016286140629409536 -0.019093724285276503 0.0041827237720288455 -0.0073252577758064433 -0.010456224605387206 0.0050228304280694833 -0.036063858722365026 0.012427867094666636 0.014686554254700421 0.0063070777063408039
leaf_weight=80 41 330 218 132 65 157 77 92 200 73 47 351 42 48
leaf_count=80 41 330 218 132 65 157 77 92 200 73 47 351 42 48
internal_value=0.000332821 0.0148551 -0.00538901 -0.000996852 0.000900901 -0.0147321 -0.0084507 0.00280899 -0.0122407 -0.00652174 0.00601504 0.00793814 -0.00223881 -0.00666667
internal_weight=1953 552 1401 953 222 448 142 712 241 230 532 485 134 180
internal_count=1953 552 1401 953 222 448 142 712 241 230 532 485 134 180
is_linear=0
shrinkage=0.05


Tree=18
num_leaves=15
num_cat=0
split_feature=5 6 4 8 2 1 1 3 7 1 6 4 1 1
split_gain=58.0939 23.5327 17.0506 16.8298 14.6862 9.76801 9.40996 8.72782 8.52082 8.12965 8.93823 6.81653 6.629 5.79281
threshold=4.0985000000000005 14.585000000000003 10.423500000000002 -0.62299999999999989 0.72731766296277522 -0.7610972106345526 0.93168921928840098 49.851000000000006 200.10150000000002 0.081558489694578698 16.141500000000004 9.1210000000000022 0.44380628866780453 0.94917575150333644
decision_type=2 2 2 2 2 2 2 2 2 2 2 2 2 2
left_child=4 2 -2 6 8 -5 7 -4 -1 10 -3 -6 -11 -14
right_child=1 9 3 5 11 -7 -8 -9 -10 12 -12 -13 13 -15
leaf_value=0.03669898310523078 -0.013606228423016254 -0.023194499302301851 -0.040815258399464233 -0.0014476551066719427 -0.010364264930525191 0.013860291173016804 0.0061163442985021632 -0.0014433280479841605 0.015691929729773794 0.0017557076392216598 -0.044238992520825859 0.010081720182551485 -0.02250491668657606 0.0023198287157242476
leaf_weight=163 236 147 77 126 41 420 52 201 50 68 81 160 91 40
leaf_count=163 236 147 77 126 41 420 52 201 50 68 81 160 91 40
internal_value=0.000281618 -0.00419103 -0.000359712 0.00285388 0.0169082 0.00824176 -0.00606061 -0.00971223 0.0260563 -0.0141686 -0.020614 0.00721393 -0.00678392 -0.0133588
internal_weight=1953 1539 1112 876 414 546 330 278 213 427 228 201 199 131
internal_count=1953 1539 1112 876 414 546 330 278 213 427 228 201 199 131
is_linear=0
shrinkage=0.05


Tree=19
num_leaves=15
num_cat=0
split_feature=7 2 8 4 7 1 4 2 4 4 2 0 0 1
split_gain=54.6389 22.3536 21.5894 21.1913 15.8644 14.5306 11.2722 9.33363 8.70745 8.48337 7.70258 7 8.51037 6.72206
threshold=197.16050000000004 0.45207220393230446 -0.27049999999999996 12.134000000000002 699.76050000000009 -0.40097094742861966 19.588000000000005 -0.8069893509785715 14.007000000000001 20.031500000000005 -0.26538825390934467 8.9100000000000019 6.9940000000000007 0.64460769028158504
decision_type=2 2 2 2 2 2 2 2 2 2 2 2 2 2
left_child=1 -1 4 -3 5 8 -4 -7 10 -9 -2 12 -5 -6
right_child=2 3 6 11 13 7 -8 9 -10 -11 -12 -13 -14 -15
leaf_value=0.041007092725753369 -0.013464526248173301 -0.013934759284921558 -0.00092267180184162426 0.024325695727219439 -0.034280497170661089 0.027910550418618552 0.014524312685354736 -0.0048824826007661873 -0.0028314644374407326 0.010638397316341796 -0.027887764187872928 0.020029931635722999 -0.0085681276825151226 -0.013329388487154032
leaf_weight=141 42 99 461 61 230 49 172 161 125 56 65 144 51 96
leaf_count=141 42 99 461 61 230 49 172 161 125 56 65 144 51 96
internal_value=0.000384025 0.0147177 -0.00449554 0.00802817 -0.0098301 -0.00421687 0.00244866 0.0037594 -0.0133621 -0.000691244 -0.0238318 0.015625 0.00625 -0.0184049
internal_weight=1953 496 1457 355 824 498 633 266 232 217 107 256 112 326
internal_count=1953 496 1457 355 824 498 633 266 232 217 107 256 112 326
is_linear=0
shrinkage=0.05


Tree=20
num_leaves=15
num_cat=0
split_feature=7 4 5 1 2 8 0 0 2 4 4 3 3 1
split_gain=50.6774 19.1891 20.2048 15.6043 13.6746 13.2738 12.4061 10.9063 10.3504 9.86897 9.27923 8.04058 7.46686 6.69928
threshold=446.54100000000005 21.932500000000005 3.0280000000000005 0.9594338453294492 -0.4572439375041048 -1.7559999999999998 12.660500000000001 7.5390000000000006 0.72731766296277522 9.9770000000000021 19.220000000000002 95.952000000000012 99.938000000000017 -0.89391031859722847
decision_type=2 2 2 2 2 2 2 2 2 2 2 2 2 2
left_child=1 2 8 9 12 -3 7 -6 -1 -2 -5 13 -4 -11
right_child=3 5 4 10 6 -7 -8 -9 -10 11 -12 -13 -14 -15
leaf_value=0.033227182259411923 -0.023824924912879658 0.00063318745179235668 0.039809448282979887 -0.0063553061901770866 -0.0039133196384078433 0.027246445062551184 -0.012027631882248445 0.0086644219385239012 0.0065145205183476471 0.0031817924560535618 0.014135186143228113 0.0025164052002251526 0.006017797849398163 -0.019903332632355969
leaf_weight=121 158 56 54 90 167 135 161 206 92 64 48 177 56 368
leaf_count=121 158 56 54 90 167 135 161 206 92 64 48 177 56 368
internal_value=0.000435228 0.00791985 0.00472579 -0.00823204 0.000310559 0.0222513 -0.00299625 0.00201072 0.0180751 -0.0110169 0.00724638 -0.00812808 0.0163636 -0.0118056
internal_weight=1953 1048 857 905 644 191 534 373 213 767 138 609 110 432
internal_count=1953 1048 857 905 644 191 534 373 213 767 138 609 110 432
is_linear=0
shrinkage=0.05


Tree=21
num_leaves=15
num_cat=0
split_feature=7 8 0 5 7 2 6 1 4 8 6 2 3 4
split_gain=47.9562 21.1474 20.9402 13.0463 11.9581 13.6353 8.13161 8.04991 7.56367 7.70926 7.87326 7.46809 6.94071 11.2325
threshold=211.12400000000005 -0.27049999999999996 8.9100000000000019 2.8675000000000006 699.76050000000009 -0.89611523788151459 8.7475000000000005 -0.96230016621822467 19.124500000000001 -0.11149999999999999 14.497000000000002 0.93851706827667047 99.992500000000021 20.031500000000005
decision_type=2 2 2 2 2 2 2 2 2 2 2 2 2 2
left_child=2 4 3 -1 5 -2 -5 -7 9 -3 -11 -4 -9 -14
right_child=1 8 11 6 -6 7 -8 12 -10 10 -12 -13 13 -15
leaf_value=0.017678093115960997 0.023937644302053147 0.0079572289789543345 0.030107875503473248 -0.016420285999980428 -0.025654751994278538 -0.017222980399035758 0.0023466571557747618 -0.0080043129640123001 0.01029984073651293 -4.6517038760854337e-05 -0.027738945355318064 0.0095310597414743643 -0.0048697004588121318 0.020869988207304804
leaf_weight=80 48 70 252 65 326 78 77 238 186 272 73 78 70 40
leaf_count=80 48 70 252 65 326 78 77 238 186 272 73 78 70 40
internal_value=0.000742448 -0.00417559 0.0132246 0.00135135 -0.0095 -0.00443038 -0.00774648 -0.007277 0.00291181 -0.000843373 -0.00391304 0.0212121 -0.00402299 0.00636364
internal_weight=1953 1401 552 222 800 474 142 426 601 415 345 330 348 110
internal_count=1953 1401 552 222 800 474 142 426 601 415 345 330 348 110
is_linear=0
shrinkage=0.05


Tree=22
num_leaves=15
num_cat=0
split_feature=5 8 2 5 1 7 1 4 4 7 0 4 4 3
split_gain=43.6188 16.886 14.8238 11.2393 9.61259 9.63223 8.81927 8.47944 8.2735 8 7.4909 11.4812 6.83429 6.69423
threshold=4.3120000000000003 -0.29949999999999993 0.72731766296277522 13.901500000000002 -0.48250327361223938 819.92250000000013 0.20061247795988868 19.924500000000005 14.848500000000003 151.32700000000003 20.611500000000003 20.259500000000003 8.8960000000000026 93.33550000000001
decision_type=2 2 2 2 2 2 2 2 2 2 2 2 2 2
left_child=2 3 9 4 8 10 -5 -3 -2 -1 11 13 -4 -6
right_child=1 7 12 6 5 -7 -8 -9 -10 -11 -12 -13 -14 -15
leaf_value=0.034278793620546366 -0.018782343560986195 -0.00050368616959760065 -0.01388942794074758 -0.037293534813307043 -0.021051901439260251 -0.030542958506395101 -0.0059974620396648776 0.01224856423411687 -0.003090557909067421 0.014801925822033386 0.016582120367147013 0.011632930294363276 0.0088390697638511453 0.00025934041748162663
leaf_weight=150 117 492 41 136 119 49 54 180 117 75 60 74 172 117
leaf_count=150 117 492 41 136 119 49 54 180 117 75 60 74 172 117
internal_value=0.000486431 -0.00353135 0.0143836 -0.00824437 -0.00513017 -0.000596659 -0.0189474 0.00238095 -0.0132479 0.0233333 0.00216216 -0.000967742 0.00492958 -0.00635593
internal_weight=1953 1515 438 843 653 419 190 672 234 225 370 310 213 236
internal_count=1953 1515 438 843 653 419 190 672 234 225 370 310 213 236
is_linear=0
shrinkage=0.05


Tree=23
num_leaves=15
num_cat=0
split_feature=7 4 0 2 4 3 1 4 8 1 0 7 5 8
split_gain=41.8095 18.1887 18.0133 13.5841 11.8869 8.53156 10.1577 7.17331 16.0364 7.13163 9.96052 7.96149 6.83659 6.61338
threshold=273.77550000000002 8.7765000000000022 18.540500000000005 0.45207220393230446 11.177500000000002 96.487500000000011 -0.60776722227211322 21.333500000000004 -1.8854999999999997 0.081558489694578698 20.317000000000004 555.42050000000006 4.0985000000000005 -0.80999999999999994
decision_type=2 2 2 2 2 2 2 2 2 2 2 2 2 2
left_child=1 -1 4 -3 -2 -6 -7 12 -9 11 -11 -4 -5 -8
right_child=2 3 9 7 5 6 13 8 -10 10 -12 -13 -14 -15
leaf_value=-0.0075974532760122518 -0.014687061741254719 0.029824166266964203 -0.006427060127662778 0.013256514624879638 -0.00037117930847751086 -0.0088755168409382027 0.0048708431954792089 -0.0020061034506926147 0.026200183036771726 -0.025010644823627127 0.0024933704883883024 -0.029378846351702015 -0.0011548924073983781 0.023547503158477902
leaf_weight=130 168 175 121 148 291 41 43 40 88 58 131 276 147 96
leaf_count=130 168 175 121 148 291 41 43 40 88 58 131 276 147 96
internal_value=0.000537634 0.0100275 -0.00510204 0.0137124 0.000704225 0.00477707 0.0133333 0.00886525 0.01875 -0.0114334 -0.00343915 -0.0152393 0.00457627 0.0197842
internal_weight=1953 728 1225 598 639 471 180 423 128 586 189 397 295 139
internal_count=1953 728 1225 598 639 471 180 423 128 586 189 397 295 139
is_linear=0
shrinkage=0.05


Tree=24
num_leaves=15
num_cat=0
split_feature=7 2 8 4 1 7 4 7 4 8 5 4 8 6
split_gain=33.9145 15.2681 15.1831 12.134 10.2574 20.0309 9.22298 6.82417 6.15507 14.736 5.88266 5.51539 5.74484 6.58625
threshold=273.77550000000002 0.58534685349953219 -0.27049999999999996 8.291500000000001 -0.48250327361223938 788.84500000000014 20.458000000000002 139.19550000000001 21.333500000000004 -1.7334999999999998 4.1625000000000005 19.124500000000001 -0.11149999999999999 14.497000000000002
decision_type=2 2 2 2 2 2 2 2 2 2 2 2 2 2
left_child=1 7 4 -3 -2 6 -6 -1 10 -10 -5 12 -4 -14
right_child=2 3 11 8 5 -7 -8 -9 9 -11 -12 -13 13 -15
leaf_value=0.032663095144132785 -0.016070937223791486 -0.015992509188154296 0.007106157484039869 0.012511788703503219 -0.00219839722899928 -0.028703980609569798 0.02114184103094199 0.017754765378239067 -0.001905798278157983 0.025187083448227295 -0.0012106055132810557 0.0093948646172453271 0.00054277047913766437 -0.026353434060168726
leaf_weight=125 249 82 57 136 255 178 56 126 40 79 140 165 192 73
leaf_count=125 249 82 57 136 255 178 56 126 40 79 140 165 192 73
internal_value=0.000793651 0.00934066 -0.00428571 0.00408805 -0.00880759 -0.00460123 0.00305466 0.0193227 0.00772152 0.0172269 0.00362319 0.00256674 -0.00124224 -0.00433962
internal_weight=1953 728 1225 477 738 489 311 251 395 119 276 487 322 265
internal_count=1953 728 1225 477 738 489 311 251 395 119 276 487 322 265
is_linear=0
shrinkage=0.05


Tree=25
num_leaves=15
num_cat=0
split_feature=7 4 5 1 0 5 4 8 1 0 4 3 6 6
split_gain=34.4609 13.5321 14.3674 11.5462 11.0688 11.0673 10.5573 10.2955 8.53131 12.2678 7.68555 7.77688 7.19706 6.03861
threshold=446.54100000000005 20.259500000000003 3.0280000000000005 -0.94130860066615807 18.540500000000005 7.8725000000000014 8.8190000000000008 -1.9244999999999999 0.081558489694578698 19.713000000000005 11.177500000000002 94.369000000000014 5.2215000000000007 11.884500000000001
decision_type=2 2 2 2 2 2 2 2 2 2 2 2 2 2
left_child=1 2 6 -4 10 12 -1 -3 -6 -10 -2 -12 -5 -7
right_child=4 7 3 5 8 13 -8 -9 9 -11 11 -13 -14 -15
leaf_value=-0.0028258629763677576 -0.022812689162267114 -0.00066301817700105132 -0.014061915171111456 -0.027007976391972451 -0.02171437072550338 0.0041873634430210169 0.02367326904202114 0.018646326470838238 -0.03898936042016217 0.0030783956743477892 -0.0018771911701114697 0.011566191358605662 0.00061072712401239815 0.02726587456904524
leaf_weight=52 93 61 71 65 339 42 145 191 42 143 187 101 374 47
leaf_count=52 93 61 71 65 339 42 145 191 42 143 187 101 374 47
internal_value=0.000793651 0.00696565 0.00376884 -8.34725e-05 -0.00635359 0.00246212 0.0154822 0.0170635 -0.0110687 -0.00243243 0.000131234 0.00416667 -0.000797267 0.0185393
internal_weight=1953 1048 796 599 905 528 197 252 524 185 381 288 439 89
internal_count=1953 1048 796 599 905 528 197 252 524 185 381 288 439 89
is_linear=0
shrinkage=0.05


Tree=26
num_leaves=15
num_cat=0
split_feature=7 2 8 3 4 1 7 3 5 6 8 4 5 8
split_gain=32.1639 14.8921 13.938 10.3505 10.2333 8.11562 6.17805 5.5884 6.6618 6.94467 5.58633 11.2749 5.57883 4.82531
threshold=273.77550000000002 0.58534685349953219 -0.27049999999999996 93.544000000000025 8.291500000000001 -0.47434769705567575 139.19550000000001 1.0000000180025095e-35 15.343000000000002 11.845500000000003 -1.6704999999999999 21.333500000000004 10.842000000000001 -0.80349999999999999
decision_type=2 2 2 2 2 2 2 2 2 2 2 2 2 2
left_child=1 6 3 7 -3 -5 -1 -2 9 -9 -6 -12 13 -7
right_child=2 4 -4 5 10 12 -8 8 -10 -11 11 -13 -14 -15
leaf_value=0.030224935182533108 0.001313286248404727 -0.015051590579928192 0.001160954451121718 -0.0071323939797789618 -0.0017773574554000319 0.0022460013536145778 0.016226660390824821 -0.038402429548707095 -0.037663578661650321 -0.0099236589303215508 0.0068679884592681255 0.02299541295227402 -0.0068815578308193751 0.022684511254249026
leaf_weight=125 56 82 487 85 66 62 126 117 78 217 252 77 76 47
leaf_count=125 56 82 487 85 66 62 126 117 78 217 252 77 76 47
internal_value=0.000742448 0.00906593 -0.00420408 -0.00853659 0.00387841 -0.000740741 0.0189243 -0.0130342 -0.0150485 -0.011976 0.00721519 0.00987842 0.00513514 0.0123853
internal_weight=1953 728 1225 738 477 270 251 468 412 334 395 329 185 109
internal_count=1953 728 1225 738 477 270 251 468 412 334 395 329 185 109
is_linear=0
shrinkage=0.05


Tree=27
num_leaves=15
num_cat=0
split_feature=5 1 4 8 2 6 6 4 0 4 2 7 3 4
split_gain=29.8608 14.1562 12.8227 15.1595 12.1816 8.93338 10.1999 7.6901 7.66227 7.63034 6.81886 11.8519 6.08932 5.78341
threshold=4.0985000000000005 0.97873101657557349 25.668000000000003 -0.80349999999999999 0.72731766296277522 14.585000000000003 12.964 9.5375000000000032 11.859000000000002 19.924500000000005 -0.21772323039653199 383.12750000000005 60.090500000000006 16.454500000000007
decision_type=2 2 2 2 2 2 2 2 2 2 2 2 2 2
left_child=4 2 3 -2 7 6 8 -1 -5 -3 11 -10 -8 -12
right_child=1 9 -4 5 -6 -7 12 -9 10 -11 13 -13 -14 -15
leaf_value=0.012445006888974397 -0.013825052127337796 0.0025178932171369727 0.016104793430831689 0.0056579649083535995 0.0029318220574238666 -0.013063548748853843 -0.001108478297606521 0.024178359355314295 0.031894542288405256 0.019402556763499293 -0.016832211433418894 -0.011433923786402804 0.018806322289894609 -0.0001486776266883483
leaf_weight=44 437 81 65 230 201 236 52 169 54 45 81 90 115 53
leaf_count=44 437 81 65 230 201 236 52 169 54 45 81 90 115 53
internal_value=0.000640041 -0.0025666 -0.00399858 -0.00504451 0.0125604 -0.00137212 0.00155556 0.020892 -0.0019685 0.0134921 -0.00755396 0 0.0122754 -0.0156716
internal_weight=1953 1539 1413 1348 414 911 675 213 508 126 278 144 167 134
internal_count=1953 1539 1413 1348 414 911 675 213 508 126 278 144 167 134
is_linear=0
shrinkage=0.05


Tree=28
num_leaves=15
num_cat=0
split_feature=7 2 1 8 4 4 3 7 1 6 7 0 0 8
split_gain=26.9598 13.2722 11.5175 11.1713 10.879 9.65725 6.25808 6.20601 6.12227 5.48235 5.29478 5.26985 6.56284 5.33551
threshold=273.77550000000002 0.46105717635705401 0.94917575150333644 -0.17399999999999996 19.924500000000005 8.291500000000001 93.976500000000001 151.32700000000003 -0.46296662190318316 11.449500000000002 542.98650000000009 8.9100000000000019 12.265000000000002 -0.47049999999999992
decision_type=2 2 2 2 2 2 2 2 2 2 2 2 2 2
left_child=1 7 3 6 9 -3 -2 -1 -8 -4 -10 -7 13 -13
right_child=2 5 4 -5 -6 11 8 -9 10 -11 -12 12 -14 -15
leaf_value=0.029862737351708375 -0.016804419279866253 -0.012590079170109743 -0.024504795241214024 0.00081636313472346076 0.015042903842108706 0.00060518000346093464 -0.0064761812317804231 0.014757725993561129 0.018264865567689276 0.016869374807664619 -0.0064025030317933166 0.0069810505588903159 -0.00099494241652459971 0.020075583658079529
leaf_weight=110 438 83 47 368 58 215 92 103 53 76 93 74 58 85
leaf_count=110 438 83 47 368 58 215 92 103 53 76 93 74 58 85
internal_value=0.000896057 0.00851648 -0.00363265 -0.00565134 0.00801105 0.00417476 -0.00946746 0.0190141 -0.00294118 -0.000406504 0.00342466 0.00717593 0.0126728 0.0179245
internal_weight=1953 728 1225 1044 181 515 676 213 238 123 146 432 217 159
internal_count=1953 728 1225 1044 181 515 676 213 238 123 146 432 217 159
is_linear=0
shrinkage=0.05


Tree=29
num_leaves=15
num_cat=0
split_feature=7 0 8 5 7 2 1 4 4 8 4 4 7 7
split_gain=26.1728 13.4432 10.5651 7.46661 7.04509 11.1541 6.34783 6.63357 5.95003 5.72497 9.08149 5.65618 5.51388 5.2841
threshold=211.12400000000005 8.9100000000000019 -0.32949999999999996 3.3965000000000001 819.92250000000013 -0.90361171343873392 0.14984488681196825 14.848500000000003 19.679500000000001 -1.7804999999999997 25.133500000000002 9.8880000000000017 701.47300000000007 68.726000000000013
decision_type=2 2 2 2 2 2 2 2 2 2 2 2 2 2
left_child=1 3 4 -1 5 12 7 -7 -9 -3 13 -4 -2 -11
right_child=2 9 11 -5 -6 6 -8 8 -10 10 -12 -13 -14 -15
leaf_value=0.0097765309762635148 0.018574513639370165 -0.00060038095231497446 -0.008023492222715695 -0.0065304586624694632 -0.024601654310870306 -0.01946063881430099 -0.0018216807280591379 0.010161737643115116 -0.011992370736454611 0.023898723510347428 0.03218989997062266 0.0041257326567405942 -0.0012883791267292556 0.016337723238245162
leaf_weight=95 43 46 123 127 124 147 280 64 61 82 42 509 50 160
leaf_count=95 43 46 123 127 124 147 280 64 61 82 42 509 50 160
internal_value=0.000742448 0.00996377 -0.00289079 0.00045045 -0.00682705 -0.00472868 -0.00742754 -0.0128676 -0.0044 0.0163636 0.0190141 0.00189873 0.0112903 0.0152893
internal_weight=1953 552 1401 222 769 645 552 272 125 330 284 632 93 242
internal_count=1953 552 1401 222 769 645 552 272 125 330 284 632 93 242
is_linear=0
shrinkage=0.05


Tree=30
num_leaves=15
num_cat=0
split_feature=7 2 1 8 4 3 0 2 8 4 8 7 6 6
split_gain=23.9978 10.5708 9.46258 9.30314 8.25301 7.9695 9.50017 8.00215 7.99677 7.76374 6.98499 5.54983 4.80488 5.60028
threshold=273.77550000000002 0.58534685349953219 0.25084665036108239 0.32800000000000007 8.291500000000001 96.074500000000015 20.317000000000004 -0.36324666135702649 -0.53199999999999992 11.233000000000002 -0.80349999999999999 139.19550000000001 16.504500000000004 10.520000000000001
decision_type=2 2 2 2 2 2 2 2 2 2 2 2 2 2
left_child=1 11 3 12 -3 6 7 8 -4 -7 -11 -1 13 -2
right_child=2 4 5 -5 -6 9 -8 -9 -10 10 -12 -13 -14 -15
leaf_value=0.025718679870298401 -0.025195449671627835 -0.014468954550660208 -0.031377935542577222 0.0055390525207965301 0.0060025283758688543 -0.010562765360008561 0.016023375219135841 -6.4373655731147714e-05 -0.0023748271980165068 0.00032347807929260995 0.016907574350457411 0.012953779365244958 -0.033649489559436994 -0.0070882896379705247
leaf_weight=125 96 82 57 106 395 60 64 186 67 54 101 126 52 382
leaf_count=125 96 82 57 106 395 60 64 186 67 54 101 126 52 382
internal_value=0.000640041 0.00782967 -0.00363265 -0.00786164 0.00345912 0.000933786 -0.00347594 -0.00709677 -0.0169355 0.00860465 0.0145161 0.0161355 -0.010566 -0.00899582
internal_weight=1953 728 1225 636 477 589 374 310 124 215 155 251 530 478
internal_count=1953 728 1225 636 477 589 374 310 124 215 155 251 530 478
is_linear=0
shrinkage=0.05


Tree=31
num_leaves=15
num_cat=0
split_feature=7 2 0 4 4 1 6 6 1 7 6 4 6 7
split_gain=20.5055 9.73463 13.4729 8.31661 8.30097 8.33278 7.12144 6.79722 6.79058 6.67617 6.02939 6.02269 5.21967 4.91905
threshold=428.04250000000008 -0.09654968025414791 14.127000000000001 8.7765000000000022 6.8185000000000011 0.96683886033945965 11.884500000000001 8.1740000000000013 0.69016699705532247 141.43000000000004 9.7890000000000015 12.755000000000001 8.2940000000000023 737.41500000000008
decision_type=2 2 2 2 2 2 2 2 2 2 2 2 2 2
left_child=1 7 3 12 13 10 -7 -1 -5 -10 -6 -4 -3 -2
right_child=4 2 11 8 5 6 -8 -9 9 -11 -12 -13 -14 -15
leaf_value=0.040525334576181606 -0.0030189979161928254 -0.01953037832936446 -0.048216922481217055 0.0045398424423502394 -0.020493725718479266 -0.0012377201190129129 0.017945425642476948 0.013621181782104051 0.030169944771200986 0.0062109225480742984 -0.0048949163500017273 -0.0016141652568833931 0.0080710275524894411 -0.033791803737121026
leaf_weight=45 43 82 41 431 50 47 64 169 51 81 685 79 45 40
leaf_count=45 43 82 41 431 50 47 64 169 51 81 685 79 45 40
internal_value=0.000588838 0.00546875 0.00296296 0.00565217 -0.0047901 -0.00330969 0.00945946 0.0149533 0.00825933 0.0181818 -0.0052381 -0.0125 -0.00590551 -0.0198795
internal_weight=1953 1024 810 690 929 846 111 214 563 132 735 120 127 83
internal_count=1953 1024 810 690 929 846 111 214 563 132 735 120 127 83
is_linear=0
shrinkage=0.05


Tree=32
num_leaves=15
num_cat=0
split_feature=7 4 5 6 2 4 1 1 8 8 4 6 1 4
split_gain=18.6163 9.78399 8.60159 11.3318 10.1543 9.594 7.37088 6.9439 7.11022 6.5098 6.32054 5.95905 5.31455 5.63959
threshold=559.08600000000013 6.8185000000000011 4.0985000000000005 7.8500000000000005 0.72731766296277522 12.755000000000001 0.1837425755813806 0.96683886033945965 -0.27049999999999996 -0.11149999999999999 11.786000000000001 11.738000000000001 0.98009454285431663 24.863500000000005
decision_type=2 2 2 2 2 2 2 2 2 2 2 2 2 2
left_child=2 -2 4 5 10 6 -4 8 11 -10 -1 -3 13 -5
right_child=1 7 3 12 -6 -7 -8 -9 9 -11 -12 -13 -14 -15
leaf_value=0.0061139402354752799 -0.023430785887531114 -0.036451946675158373 -0.044755526593281914 0.00072534043345398591 0.0027920264154017642 0.003398495454458356 -0.005496730471929074 0.0076421308964524405 0.013626779764832848 -0.0022344500114583319 0.020950109773987355 -0.010793591900233268 0.017930319740775497 0.017671475211305205
leaf_weight=67 63 53 47 601 201 63 41 88 40 134 145 319 42 49
leaf_count=67 63 53 47 601 201 63 41 88 40 134 145 319 42 49
internal_value=0.000742448 -0.00581062 0.00437898 0.0014828 0.0102906 -0.0109272 -0.0215909 -0.00394322 -0.00604396 0.00229885 0.0179245 -0.00994624 0.00419075 0.00307692
internal_weight=1953 697 1256 843 413 151 88 634 546 174 212 372 692 650
internal_count=1953 697 1256 843 413 151 88 634 546 174 212 372 692 650
is_linear=0
shrinkage=0.05


Tree=33
num_leaves=15
num_cat=0
split_feature=7 5 6 2 4 4 6 1 1 4 0 8 8 1
split_gain=18.2793 8.08274 10.2005 9.55279 8.75986 7.85708 7.81189 7.7572 6.32929 5.85978 5.70762 5.51211 8.11979 5.47356
threshold=555.42050000000006 4.0985000000000005 7.8500000000000005 0.72731766296277522 12.755000000000001 6.8185000000000011 9.7890000000000015 0.081558489694578698 0.1837425755813806 11.786000000000001 20.771500000000003 -0.37249999999999994 -0.088999999999999982 0.94697898371965716
decision_type=2 2 2 2 2 2 2 2 2 2 2 2 2 2
left_child=1 3 4 9 8 -2 -7 10 -3 -1 -8 13 -13 -9
right_child=5 2 -4 -5 -6 6 7 11 -10 -11 -12 12 -14 -15
leaf_value=0.005808243223701515 -0.022024754621759537 -0.042517750263617822 0.0025367438576342862 0.0026524250946316761 0.0032285706817354377 -0.026014396553076774 0.002818264967318121 -0.0074727207149706768 -0.0052218939483326208 0.019902604285287985 -0.024147908973327716 0.020884968022799127 0.0027672924671209055 0.019555214161813196
leaf_weight=67 65 47 684 201 63 46 54 154 41 145 209 42 94 41
leaf_count=67 65 47 684 201 63 46 54 154 41 145 209 42 94 41
internal_value=0.000691244 0.00432692 0.00149701 0.0100484 -0.0102649 -0.00574468 -0.0040625 -0.00252525 -0.0204545 0.0174528 -0.00893536 0.00256798 0.0102941 -0.00282051
internal_weight=1953 1248 835 413 151 705 640 594 88 212 263 331 136 195
internal_count=1953 1248 835 413 151 705 640 594 88 212 263 331 136 195
is_linear=0
shrinkage=0.05


Tree=34
num_leaves=15
num_cat=0
split_feature=5 7 2 6 1 3 8 7 2 5 6 6 6 6
split_gain=16.3788 8.76106 8.71313 8.02288 6.604 10.8457 6.43957 6.00889 5.7728 6.90627 6.53031 5.42113 6.91202 6.728
threshold=4.3120000000000003 699.76050000000009 0.72731766296277522 5.2215000000000007 -0.96230016621822467 70.321500000000015 -0.78449999999999986 151.32700000000003 -0.96801877525786306 13.7735 15.296000000000001 14.585000000000003 15.030000000000003 13.783000000000003
decision_type=2 2 2 2 2 2 2 2 2 2 2 2 2 2
left_child=2 3 7 -2 5 -5 -3 -1 -8 10 -10 13 -13 -6
right_child=1 6 -4 4 11 -7 8 -9 9 -11 -12 12 -14 -15
leaf_value=0.020360173212177188 -0.015221948879015752 -0.022028739393048554 0.0025198038399000923 0.0063998910133984876 0.002972997123556784 -0.013931407499991375 -0.028782848079513035 0.0060987874939152477 0.0011738745858605086 0.010406509100311691 -0.024913624160345507 -0.039593184884739688 0.0015900647593747022 0.016104019032963986
leaf_weight=150 58 196 213 56 679 85 61 75 92 57 41 41 64 85
leaf_count=150 58 196 213 56 679 85 61 75 92 57 41 41 64 85
internal_value=0.000844854 -0.00161716 0.00936073 0.000842697 0.00188119 -0.00815603 -0.00749441 0.0162222 -0.00219124 0.00210526 -0.00413534 0.00350978 -0.00714286 0.00497382
internal_weight=1953 1515 438 1068 1010 141 447 225 251 190 133 869 105 764
internal_count=1953 1515 438 1068 1010 141 447 225 251 190 133 869 105 764
is_linear=0
shrinkage=0.05


Tree=35
num_leaves=15
num_cat=0
split_feature=7 2 8 6 1 0 8 1 7 6 0 1 5 5
split_gain=15.856 11.6152 8.16168 9.5733 8.45148 6.90915 6.72601 5.23028 5.3537 6.81518 6.25263 5.87473 5.69233 5.16303
threshold=211.12400000000005 0.45207220393230446 -0.79549999999999998 14.585000000000003 -0.7610972106345526 8.9100000000000019 -1.4414999999999998 0.93168921928840098 676.46100000000013 9.1185000000000027 20.685500000000005 -0.36924373704146674 14.774000000000003 3.4310000000000005
decision_type=2 2 2 2 2 2 2 2 2 2 2 2 2 2
left_child=1 -1 7 4 -4 13 -7 8 9 -2 -10 -12 -13 -3
right_child=2 5 3 -5 -6 6 -8 -9 10 -11 11 12 -14 -15
leaf_value=0.022396334349528074 -0.033766831728991496 0.0072692634073682916 -0.0038719513847525889 -0.0070644796459690129 0.0055886223499383315 -0.0028631570541039044 0.014379797823374408 0.002824347267378945 -0.059360555543152477 0.00071984453929797637 -0.033060390421804059 0.016010217834937567 -0.018954385554319698 -0.0079974194048090166
leaf_weight=152 50 85 182 257 501 46 150 73 55 148 44 43 48 119
leaf_count=152 50 85 182 257 501 46 150 73 55 148 44 43 48 119
internal_value=0.000793651 0.00797101 -0.00203426 0.000638298 0.00373353 0.0035 0.0102041 -0.00748373 -0.00979381 -0.0040404 -0.0157895 -0.01 -0.00274725 -0.00294118
internal_weight=1953 552 1401 940 683 400 196 461 388 198 190 135 91 204
internal_count=1953 552 1401 940 683 400 196 461 388 198 190 135 91 204
is_linear=0
shrinkage=0.05


Tree=36
num_leaves=15
num_cat=0
split_feature=7 2 8 6 6 0 2 1 0 8 7 5 5 7
split_gain=15.0489 11.3904 6.72608 8.37523 7.39417 8.17757 12.8651 6.49561 5.87813 5.93036 5.46697 13.2349 5.16303 4.46148
threshold=211.12400000000005 0.45207220393230446 -0.79549999999999998 14.585000000000003 10.557000000000002 12.564500000000001 0.092265415903232631 -0.7610972106345526 8.9100000000000019 -1.4414999999999998 446.54100000000005 7.4095000000000004 3.4310000000000005 843.44850000000008
decision_type=2 2 2 2 2 2 2 2 2 2 2 2 2 2
left_child=1 -1 -2 4 5 -4 -7 -6 12 -10 11 -9 -3 -5
right_child=2 8 3 13 7 6 -8 10 9 -11 -12 -13 -14 -15
leaf_value=0.02127651763205167 -0.0061997496437436687 0.0069058002369998765 0.0044656175629685354 -0.011940738654892029 -0.00070274939961741394 0.00046923064198145167 -0.027307751662194724 0.0084392334144758503 -0.0027199992013987096 0.013660807932205688 0.0043948296589563117 0.021806969185959049 -0.007597548434568566 0.005124300206417744
leaf_weight=152 461 85 120 211 117 78 59 73 46 150 181 55 119 46
leaf_count=152 461 85 120 211 117 78 59 73 46 150 181 55 119 46
internal_value=0.000435228 0.00742754 -0.00231977 0.000106383 0.00300146 -0.0036965 -0.0120438 0.00704225 0.003 0.00918367 0.0108414 0.01875 -0.00294118 -0.00758755
internal_weight=1953 552 1401 940 683 257 137 426 400 196 309 128 204 257
internal_count=1953 552 1401 940 683 257 137 426 400 196 309 128 204 257
is_linear=0
shrinkage=0.05


Tree=37
num_leaves=15
num_cat=0
split_feature=7 2 0 0 8 6 4 0 2 4 0 0 2 0
split_gain=13.2259 10.4774 6.81085 5.87813 5.93036 5.69687 7.19932 11.9323 6.50576 6.39434 5.33037 9.01591 7.23485 8.89267
threshold=211.12400000000005 0.45207220393230446 22.756500000000006 8.9100000000000019 -1.4414999999999998 10.557000000000002 11.673500000000002 10.433000000000002 0.59818091440591659 14.193500000000002 21.741500000000002 20.944000000000003 -0.81901488666807976 19.713000000000005
decision_type=2 2 2 2 2 2 2 2 2 2 2 2 2 2
left_child=1 -1 5 -3 -5 6 7 -2 10 -8 11 12 -7 -14
right_child=2 3 -4 4 -6 8 9 -9 -10 -11 -12 -13 13 -15
leaf_value=0.020212691750449083 0.0011204798007549796 -0.0029949848895954958 -0.016480362052301672 -0.0025839992413287717 0.012977767535595403 0.012294613360531901 0.0091177906186763868 -0.0445964362258384 0.010791156954747003 -0.0012701183521399994 0.0081614581238799496 -0.016209832040453169 -0.0022908566102760376 0.010735001084218371
leaf_weight=152 57 204 262 46 150 115 52 76 47 174 79 56 437 46
leaf_count=152 57 204 262 46 150 115 52 76 47 174 79 56 437 46
internal_value=0.000691244 0.00724638 -0.00189151 0.003 0.00918367 -0.000219491 -0.00543175 -0.0146617 0.00217949 0 0.00102319 -0.000458716 0.00133779 -0.00134576
internal_weight=1953 552 1401 400 196 1139 359 133 780 226 733 654 598 483
internal_count=1953 552 1401 400 196 1139 359 133 780 226 733 654 598 483
is_linear=0
shrinkage=0.05


Tree=38
num_leaves=15
num_cat=0
split_feature=7 2 8 6 4 1 3 7 7 5 8 8 6 1
split_gain=12.9256 10.1404 6.89853 8.62055 6.17301 5.41376 5.86005 5.14672 4.90614 7.01851 7.32237 6.26566 5.25077 4.74967
threshold=211.12400000000005 0.45207220393230446 -0.79549999999999998 15.145500000000002 11.957500000000001 0.63137065367936085 95.733500000000006 839.77350000000013 699.76050000000009 7.8725000000000014 -0.95649999999999979 -1.345 14.298500000000002 -0.7721494341254892
decision_type=2 2 2 2 2 2 2 2 2 2 2 2 2 2
left_child=1 -1 8 13 -3 6 -6 -5 9 -2 11 -11 -10 -4
right_child=2 4 3 7 5 -7 -8 -9 12 10 -12 -13 -14 -15
leaf_value=0.019202057162926632 -0.0038795279447521591 -0.011764819791192732 -0.0016610068442533795 -0.021893663934670099 0.01134822558067472 0.019587827037959304 -0.00097595512327380016 0.0048818117886095585 -0.043357070783707638 1.230806779632214e-05 -0.019983765972611714 0.016916430815714475 -0.015688350122429952 0.0034441671838340939
leaf_weight=152 95 117 198 131 69 42 172 43 54 76 40 57 139 568
leaf_count=152 95 117 198 131 69 42 172 43 54 76 40 57 139 568
internal_value=0.000947261 0.00742754 -0.001606 0.000851064 0.00325 0.00724382 0.00435685 -0.0091954 -0.00661605 -0.00223881 0.00375723 0.0093985 -0.0126943 0.00313316
internal_weight=1953 552 1401 940 400 283 241 174 461 268 173 133 193 766
internal_count=1953 552 1401 940 400 283 241 174 461 268 173 133 193 766
is_linear=0
shrinkage=0.05


Tree=39
num_leaves=15
num_cat=0
split_feature=7 2 8 6 0 8 8 5 8 8 8 2 4 2
split_gain=11.4317 9.28001 6.48063 5.84827 5.41244 6.06102 7.27735 8.24416 5.93036 4.25933 5.07198 7.57946 4.90461 6.49667
threshold=211.12400000000005 0.45207220393230446 -1.8854999999999997 16.504500000000004 8.9100000000000019 1.0555000000000001 -0.49499999999999994 3.6880000000000002 -1.4414999999999998 -1.5854999999999999 -0.79549999999999998 -0.89611523788151459 9.1930000000000032 -0.64297064596386244
decision_type=2 2 2 2 2 2 2 2 2 2 2 2 2 2
left_child=1 -1 -2 9 5 6 7 -3 -6 -4 11 -11 -13 -14
right_child=2 4 3 -5 8 -7 -8 -9 -10 10 -12 12 13 -15
leaf_value=0.018241954304780299 -0.013763045212349889 0.020586104487786975 0.013072565920715519 -0.021690108392226005 -0.0024060015230986443 0.0088579617355816903 -0.01745393843822312 -0.0080030075766478036 0.011880979209029516 0.0051896593445843759 0.00077446818821741426 -0.029285263815936075 -0.020061964969839918 -0.0001257957180211114
leaf_weight=152 73 40 53 61 46 40 80 44 150 60 910 41 53 150
leaf_count=152 73 40 53 61 46 40 80 44 150 60 910 41 53 150
internal_value=0.00115207 0.00724638 -0.00124911 -0.000451807 0.00325 -0.00245098 -0.00670732 0.00357143 0.00918367 0.000276243 -0.000329489 -0.00592105 -0.00983607 -0.00665025
internal_weight=1953 552 1401 1328 400 204 164 84 196 1267 1214 304 244 203
internal_count=1953 552 1401 1328 400 204 164 84 196 1267 1214 304 244 203
is_linear=0
shrinkage=0.05


Tree=40
num_leaves=15
num_cat=0
split_feature=7 0 8 6 8 4 5 6 0 4 7 8 2 2
split_gain=9.75472 10.4472 6.73828 6.08357 5.34297 4.93808 4.79579 4.08726 5.77891 8.09428 5.61992 5.17262 4.39934 7.5081
threshold=211.12400000000005 8.9815000000000023 -1.8854999999999997 16.504500000000004 -1.7804999999999997 16.134500000000003 4.8995000000000006 10.557000000000002 10.703000000000001 11.331500000000002 360.91350000000006 -1.4654999999999998 0.21113058295073206 -0.064508449449316677
decision_type=2 2 2 2 2 2 2 2 2 2 2 2 2 2
left_child=1 5 -2 7 -3 -1 -6 8 -4 -10 -9 -12 13 -13
right_child=2 4 3 -5 6 -7 -8 10 9 -11 11 12 -14 -15
leaf_value=-0.0060242157740150572 -0.013074892951732399 -0.0016544466728891261 0.0033769411069995967 -0.020605602972614701 0.014265106433506525 0.0084846545248028395 0.0018221982081467174 0.0081354746986480649 -0.037646633357186828 -0.00040097932330358522 0.019476573788898277 -0.00074855199833826077 -0.012174524683939099 0.0076258373824154707
leaf_weight=142 73 45 110 61 225 86 54 129 67 171 48 618 53 71
leaf_count=142 73 45 110 61 225 86 54 129 67 171 48 618 53 71
internal_value=0.00125448 0.00688406 -0.000963597 -0.000150602 0.0126543 -0.00131579 0.015233 0.000591949 -0.00402299 -0.00840336 0.0023395 0.000759494 -0.000269542 0.000798258
internal_weight=1953 552 1401 1328 324 228 279 1267 348 238 919 790 742 689
internal_count=1953 552 1401 1328 324 228 279 1267 348 238 919 790 742 689
is_linear=0
shrinkage=0.05


Tree=41
num_leaves=15
num_cat=0
split_feature=7 2 4 8 2 4 6 0 6 3 7 6 7 4
split_gain=8.62844 8.71592 8.96977 9.4519 8.3169 8.03266 5.87062 5.81825 5.03185 5.26185 4.66496 4.34598 4.31201 5.66331
threshold=383.12750000000005 -0.019329104864998576 12.134000000000002 -0.86149999999999982 0.66485539796428639 13.265500000000001 8.1740000000000013 6.3120000000000003 16.504500000000004 92.694500000000019 320.88650000000001 9.0020000000000007 475.39950000000005 11.331500000000002
decision_type=2 2 2 2 2 2 2 2 2 2 2 2 2 2
left_child=1 6 3 -3 -5 -4 -1 -6 9 11 -8 -2 -11 -14
right_child=8 2 5 4 7 -7 10 -9 -10 12 -12 -13 13 -15
leaf_value=0.032964973774502603 -0.013829183599872858 -0.024276324211687916 0.018531462849633955 -0.014498941704959141 -0.0059239892462266521 0.0024545206814005961 0.0084627640211941049 0.010651558843799853 -0.019025102482780266 -0.0066632053166615973 0.022270271755149153 -0.0022224300182244641 -0.010135771504394077 0.0096476371493862019
leaf_weight=48 45 54 40 68 45 469 105 87 64 74 44 550 75 185
leaf_count=48 45 54 40 68 45 469 105 87 64 74 44 550 75 185
internal_value=0.00120328 0.00458333 0.00216252 -0.00551181 -0.0005 0.00599214 0.0139594 0.00681818 -0.00206445 -0.00113025 0.0090604 -0.00394958 0.00389222 0.00692308
internal_weight=1953 960 763 254 200 509 197 132 993 929 149 595 334 260
internal_count=1953 960 763 254 200 509 197 132 993 929 149 595 334 260
is_linear=0
shrinkage=0.05


Tree=42
num_leaves=15
num_cat=0
split_feature=7 2 1 8 6 8 8 2 6 1 8 7 6 1
split_gain=7.91571 7.36178 7.09019 6.53368 5.10291 3.90175 4.43599 6.66898 4.7133 5.82966 4.36632 4.58413 4.51359 5.86124
threshold=212.96600000000004 0.19429706169951341 0.69016699705532247 -1.8854999999999997 16.504500000000004 -1.5854999999999999 -0.79549999999999998 -0.89611523788151459 14.585000000000003 -0.7721494341254892 -0.11149999999999999 399.24500000000006 10.7735 0.59055600833485278
decision_type=2 2 2 2 2 2 2 2 2 2 2 2 2 2
left_child=1 -1 -3 -2 5 -5 7 -7 9 -8 11 -11 -12 -14
right_child=3 2 -4 4 -6 6 8 -9 -10 10 12 -13 13 -15
leaf_value=0.019537515573824583 -0.012880470505213838 0.00080897491066326632 0.013429125077761173 0.011867296215428326 -0.01862406769984495 0.0052765590153375352 -0.0019460172155414956 -0.0069623080174789137 -0.0046049890280256299 0.014619643076496911 -0.0041467798235366752 0.0014494534368357959 0.014118394490864886 0.00024579429302421381
leaf_weight=107 72 386 67 53 61 60 175 244 227 84 115 126 76 100
leaf_count=107 72 386 67 53 61 60 175 244 227 84 115 126 76 100
internal_value=0.00140809 0.00642857 0.00364238 -0.000610194 0.000189251 0.000873016 0.000289975 -0.00493421 0.00204873 0.00414201 0.00688623 0.012381 0.00292096 0.00795455
internal_weight=1953 560 453 1393 1321 1260 1207 304 903 676 501 210 291 176
internal_count=1953 560 453 1393 1321 1260 1207 304 903 676 501 210 291 176
is_linear=0
shrinkage=0.05


Tree=43
num_leaves=15
num_cat=0
split_feature=7 2 4 1 8 8 3 6 0 0 4 2 6 0
split_gain=7.36262 7.58637 7.84864 9.72193 8.19979 6.59779 5.60326 5.15775 4.04959 4.40496 4.0215 7.02125 5.79471 5.72024
threshold=212.96600000000004 0.19429706169951341 11.957500000000001 0.69016699705532247 0.43650000000000005 -1.8854999999999997 95.733500000000006 16.504500000000004 6.9940000000000007 9.3580000000000023 10.827500000000002 -0.85470766365158146 8.2545000000000019 11.776500000000002
decision_type=2 2 2 2 2 2 2 2 2 2 2 2 2 2
left_child=1 -1 4 6 -3 -2 -4 10 -8 -10 11 -7 -12 -13
right_child=5 2 3 -5 -6 7 8 -9 9 -11 12 13 -14 -15
leaf_value=0.018560639795133348 -0.012236446979953144 -0.020018343494316356 0.010008586369645821 0.018754606910834356 0.0064353840890721895 0.0087872796687591456 0.020056499376065226 -0.017692864314852699 -0.012822879151099904 0.0005195411806825118 0.0023387315128835782 0.0018971594984400278 0.00072971004691706892 -0.016138081507372417
leaf_weight=107 72 96 73 50 42 60 41 61 41 110 59 84 872 185
leaf_count=107 72 96 73 50 42 60 41 61 41 110 59 84 872 185
internal_value=0.00140809 0.00625 0.00342163 0.00777778 -0.00652174 -0.000538406 0.00396226 0.000264951 -0.000520833 -0.00430464 0.000952381 -0.00379939 0.00263158 -0.00724907
internal_weight=1953 560 453 315 138 1393 265 1321 192 151 1260 329 931 269
internal_count=1953 560 453 315 138 1393 265 1321 192 151 1260 329 931 269
is_linear=0
shrinkage=0.05


Tree=44
num_leaves=15
num_cat=0
split_feature=0 1 4 0 7 5 2 5 1 4 1 0 0 1
split_gain=8.04545 12.2444 6.31198 9.53485 8.34412 5.71145 6.06304 5.83829 5.00593 5.94151 6.26501 4.83046 5.41353 4.41132
threshold=21.048500000000001 0.26744970170045884 20.259500000000003 20.317000000000004 740.47950000000014 4.0985000000000005 -0.75331262247159991 5.0270000000000001 -0.36924373704146674 8.8190000000000008 0.69016699705532247 21.741500000000002 22.319500000000001 0.98336225177674941
decision_type=2 2 2 2 2 2 2 2 2 2 2 2 2 2
left_child=2 11 3 4 5 8 -7 -8 -1 -10 -11 -2 -13 -4
right_child=1 -3 13 -5 -6 6 7 -9 9 10 -12 12 -14 -15
leaf_value=0.01051868594106788 -0.0196515418639789 0.011408117137557766 0.0040926103799018287 0.010276264170848875 -0.016421623491594966 0.011851359544449496 -0.018110509254915502 -9.2015116056495827e-05 -0.012160589347998699 -0.0010915936420767866 0.014680607434629518 0.0057435073705572994 -0.014576407237256006 0.014185340494013897
leaf_weight=86 51 57 344 61 83 68 99 553 52 96 61 41 256 45
leaf_count=86 51 57 344 61 83 68 99 553 52 96 61 41 256 45
internal_value=0.00145929 -0.00481481 0.00310078 0.00125108 0.000182149 0.00142857 -0.000972222 -0.00245399 0.00728814 0.00311005 0.00796178 -0.00833333 -0.00589226 0.00861183
internal_weight=1953 405 1548 1159 1098 1015 720 652 295 209 157 348 297 389
internal_count=1953 405 1548 1159 1098 1015 720 652 295 209 157 348 297 389
is_linear=0
shrinkage=0.05


Tree=45
num_leaves=15
num_cat=0
split_feature=7 2 0 0 5 5 5 4 6 6 4 2 6 6
split_gain=8.19436 7.74362 5.47852 5.51914 5.67988 10.9756 4.61187 4.52434 4.37376 4.16274 7.37379 7.45036 4.73228 4.05743
threshold=349.36000000000007 0.057982974307775707 11.892500000000002 10.055000000000001 4.761000000000001 2.7775000000000003 7.2550000000000008 12.161500000000002 8.1740000000000013 10.477500000000001 11.706500000000002 -0.16705162550211924 16.770000000000007 11.282000000000002
decision_type=2 2 2 2 2 2 2 2 2 2 2 2 2 2
left_child=1 8 3 6 5 -5 -3 -4 -1 10 -2 -12 13 -11
right_child=9 2 7 4 -6 -7 -8 -9 -10 12 11 -13 -14 -15
leaf_value=0.02783329683547079 -0.035897014837937453 7.4306524927769685e-05 -0.046894727852155683 0.0014769104107598353 -0.00054517499487172422 0.024504125201577062 0.0085647049316807874 -1.4725591486691725e-05 0.011072979938627887 0.0046243942808085305 -0.025982568055175122 0.0017506603842747826 -0.015529180396043563 -0.00011019651557514498
leaf_weight=54 43 351 45 41 46 41 48 125 137 71 44 65 42 800
leaf_count=54 43 351 45 41 46 41 48 125 137 71 44 65 42 800
internal_value=0.00140809 0.00495495 0.00251076 0.00502846 0.0140625 0.0219512 0.00213033 -0.00529412 0.0138743 -0.0015493 -0.00921053 -0.00229358 -0.000273823 0.000516648
internal_weight=1953 888 697 527 128 82 399 170 191 1065 152 109 913 871
internal_count=1953 888 697 527 128 82 399 170 191 1065 152 109 913 871
is_linear=0
shrinkage=0.05


Tree=46
num_leaves=15
num_cat=0
split_feature=0 1 0 0 0 3 4 0 7 8 2 2 1 5
split_gain=7.29905 9.50034 5.39517 5.36528 5.17329 6.83383 4.96821 6.85519 7.7961 7.89353 7.06764 8.61958 6.20459 4.81955
threshold=21.048500000000001 0.28397372121269165 21.741500000000002 22.756500000000006 26.969000000000005 13.243 22.169000000000004 20.223500000000005 772.15900000000011 -0.60099999999999987 -0.81202266594587924 -0.92449049203901279 0.86095304316285726 4.0985000000000005
decision_type=2 2 2 2 2 2 2 2 2 2 2 2 2 2
left_child=6 2 -2 -4 -5 -6 7 8 10 -10 11 -1 -8 -12
right_child=1 -3 3 4 5 -7 12 -9 9 -11 13 -13 -14 -15
leaf_value=0.0040568244905944259 -0.018663454945001195 0.011384092439457906 0.0021620896524261858 -0.01953447223940365 -0.024386116838107531 0.017262844750991036 0.004033144106921638 0.0088972431424628184 -0.05530227260472198 0.00032921876712065372 0.0034953677383837757 0.013516310072807819 0.0071021117106707362 -0.00074449082451800985
leaf_weight=60 51 52 72 146 41 43 207 72 40 41 289 46 60 733
leaf_count=60 51 52 72 146 41 43 207 72 40 41 289 46 60 733
internal_value=0.00140809 -0.0045679 -0.00750708 -0.00496689 -0.00869565 0.00119048 0.00297158 0.00167838 0.000785773 -0.0141975 0.0018617 0.0141509 0.00917603 0.000587084
internal_weight=1953 405 353 302 230 84 1548 1281 1209 81 1128 106 267 1022
internal_count=1953 405 353 302 230 84 1548 1281 1209 81 1128 106 267 1022
is_linear=0
shrinkage=0.05


Tree=47
num_leaves=15
num_cat=0
split_feature=6 5 6 7 0 7 6 3 8 5 2 0 3 2
split_gain=6.37667 4.90177 5.69813 4.82318 5.29004 5.79622 5.13798 4.242 5.00262 4.14134 4.69765 5.80951 4.01241 4.07165
threshold=16.504500000000004 4.3120000000000003 4.7395000000000005 14.569500000000001 9.9100000000000019 178.71700000000001 7.8140000000000009 96.228000000000023 -0.28949999999999992 4.5730000000000013 0.67209495862812607 4.980500000000001 32.330500000000008 0.86993731518838324
decision_type=2 2 2 2 2 2 2 2 2 2 2 2 2 2
left_child=1 3 -3 -1 5 6 -5 -6 -9 -4 -11 -12 -13 -14
right_child=-2 2 9 4 7 -7 -8 8 -10 10 11 12 13 -15
leaf_value=-0.004119027741911971 -0.014348485773163444 -0.012594340366440021 -0.0037504143793088843 0.018643671356674399 0.027795240335816387 -0.016039125167532892 -0.0025946415979863804 0.0016945166137792957 0.011842160683835701 0.00021041844450274961 -0.0062270238160683266 0.012304700777467781 -0.0044207087568371578 0.012557207570235011
leaf_weight=46 64 50 42 61 44 40 62 96 89 1169 46 49 43 52
leaf_count=46 64 50 42 61 44 40 62 96 89 1169 46 49 43 52
internal_value=0.00145929 0.00198518 0.000585803 0.006621 0.00841837 0.00153374 0.00691057 0.0133188 0.01 0.00117773 0.00165563 0.00894737 0.0138889 0.00789474
internal_weight=1953 1889 1451 438 392 163 123 229 185 1401 1359 190 144 95
internal_count=1953 1889 1451 438 392 163 123 229 185 1401 1359 190 144 95
is_linear=0
shrinkage=0.05


Tree=48
num_leaves=15
num_cat=0
split_feature=7 2 8 0 8 7 6 0 7 0 1 2 2 4
split_gain=6.26977 5.37517 7.44539 7.14146 3.91777 5.19299 6.82082 4.55104 8.89234 4.4899 3.89079 4.09144 3.70089 5.46765
threshold=793.49850000000004 -0.96801877525786306 -0.27049999999999996 19.713000000000005 -1.8854999999999997 134.19250000000002 6.2780000000000014 13.867000000000003 124.47800000000001 13.457000000000003 0.66484924122790623 0.86993731518838324 -0.76235363884839025 19.220000000000002
decision_type=2 2 2 2 2 2 2 2 2 2 2 2 2 2
left_child=4 -2 3 -3 7 6 -6 8 -1 10 11 -8 -7 -14
right_child=1 2 -4 -5 5 12 9 -9 -10 -11 -12 -13 13 -15
leaf_value=-0.0083845941510400698 -0.022094887782181973 -0.034362731796320545 0.0097134981431275802 0.00082807719412968106 -0.0064088422693773239 0.0058256937418888158 -0.0020217224221251383 -0.020103273411850975 0.0054854240854528506 0.014948132245438762 0.011099329590686541 0.0089880487751887901 -0.0012183186835875272 0.0037414534016728396
leaf_weight=49 83 47 45 70 61 251 61 47 41 41 50 91 767 249
leaf_count=49 83 47 45 70 61 251 61 47 41 41 50 91 767 249
internal_value=0.0015617 -0.00591837 -0.000617284 -0.00726496 0.00263466 0.00334182 0.00921053 -0.00547445 0.00111111 0.012963 0.00990099 0.00592105 0.0019337 0.000590551
internal_weight=1953 245 162 117 1708 1571 304 137 90 243 202 152 1267 1016
internal_count=1953 245 162 117 1708 1571 304 137 90 243 202 152 1267 1016
is_linear=0
shrinkage=0.05


Tree=49
num_leaves=15
num_cat=0
split_feature=7 2 5 1 3 4 1 2 6 0 0 4 5 5
split_gain=6.18422 5.37517 6.06434 3.66623 4.78626 5.36276 8.99464 8.69822 5.07281 4.64055 6.66974 5.78 4.44511 4.25555
threshold=793.49850000000004 -0.96801877525786306 12.609000000000002 -0.63874350706337046 0.12850000000000003 9.0115000000000016 0.59055600833485278 0.83399694777620859 14.585000000000003 17.479500000000005 19.563000000000006 16.346500000000002 4.3750000000000009 1.2610000000000001
decision_type=2 2 2 2 2 2 2 2 2 2 2 2 2 2
left_child=3 -2 -3 12 -5 6 7 -6 9 13 -11 -12 -1 -7
right_child=1 2 -4 4 5 8 -8 -9 -10 10 11 -13 -14 -15
leaf_value=0.0087670998140658932 -0.020990143393072869 -0.010120297638848768 0.0027121515536305905 0.010634787983125055 0.013450578202794695 0.0080870408023793524 -0.014909073058000899 -0.0064174377463210698 -0.0044921593935530971 0.032094575149531235 0.013578435005348836 -0.0089860986721684577 -0.0032125274975273541 0.001951677193288627
leaf_weight=84 83 62 100 49 42 51 97 65 121 49 50 40 424 636
leaf_count=84 83 62 100 49 42 51 97 65 121 49 50 40 424 636
internal_value=0.0015105 -0.00591837 -0.000617284 0.00257611 0.00408333 0.0034318 -0.00392157 0.00607477 0.00501584 0.00641646 0.0147482 0.00666667 -0.000984252 0.00473071
internal_weight=1953 245 162 1708 1200 1151 204 107 947 826 139 90 508 687
internal_count=1953 245 162 1708 1200 1151 204 107 947 826 139 90 508 687
is_linear=0
shrinkage=0.05


Tree=50
num_leaves=15
num_cat=0
split_feature=6 5 7 7 6 6 5 7 7 1 7 4 3 6
split_gain=5.5774 3.97723 4.40146 4.47461 4.65793 4.35826 4.0548 4.28976 6.27052 5.1292 5.7065 13.586 3.42513 6.47025
threshold=16.770000000000007 4.3120000000000003 14.569500000000001 141.43000000000004 9.0305000000000017 4.7395000000000005 4.5730000000000013 353.03150000000005 320.88650000000001 -0.79356426026969629 173.71300000000002 13.265500000000001 1.0000000180025095e-35 10.477500000000001
decision_type=2 2 2 2 2 2 2 2 2 2 2 2 2 2
left_child=1 2 -1 -4 -5 -3 -7 8 9 -8 -11 -12 -9 -14
right_child=-2 5 3 4 -6 6 7 12 -10 10 11 -13 13 -15
leaf_value=-0.0044600626532402404 -0.012956986647388459 -0.011741765094313588 0.0086519649488763679 -0.0027888695815883311 0.012536776640444176 -0.0036465567791950024 -0.0092506175467657551 0.0068075767561503742 0.0050499590712462187 -0.0027286455341954834 0.021438764421303345 0.00075293870105265504 -0.019374439872674759 0.00016634139358159274
leaf_weight=46 42 50 255 76 61 42 64 64 56 74 67 125 116 815
leaf_count=46 42 50 255 76 61 42 64 64 56 74 67 125 116 815
internal_value=0.00135689 0.00175301 0.00593607 0.00765306 0.000364964 0.000509165 0.00101897 0.00148443 0.00595855 0.00333333 0.00639098 0.0109375 -0.000251256 -0.00102041
internal_weight=1953 1911 438 392 137 1473 1423 1381 386 330 266 192 995 931
internal_count=1953 1911 438 392 137 1473 1423 1381 386 330 266 192 995 931
is_linear=0
shrinkage=0.05


Tree=51
num_leaves=15
num_cat=0
split_feature=8 4 8 1 4 5 0 5 7 7 4 7 5 2
split_gain=5.37851 5.76021 5.65243 5.49514 4.65773 4.15592 5.90669 3.56963 4.95202 4.58126 4.43439 5.14096 4.86788 4.2188
threshold=-0.26249999999999996 24.863500000000005 -0.11149999999999999 0.23416947364604893 8.291500000000001 4.3120000000000003 9.2935000000000016 3.5425000000000004 173.71300000000002 41.470500000000008 21.196000000000002 232.16250000000002 7.0680000000000005 0.26123699986315735
decision_type=2 2 2 2 2 2 2 2 2 2 2 2 2 2
left_child=1 7 3 -2 -4 6 -6 9 -9 -1 11 -10 -13 -14
right_child=2 -3 4 -5 5 -7 -8 8 10 -11 -12 12 13 -15
leaf_value=-0.0050905892918970746 0.0069271888318411705 0.0072624475728398311 -0.0036988264771470715 0.013706194929937875 -0.00029886977967982786 0.00072146974838328002 0.011714769356207123 -0.011952829561313931 0.0062671589301973481 0.0069207719564384658 -0.0050790718921506911 -0.01018188691837626 -0.0023222462633480248 0.0066717317704539959
leaf_weight=45 56 85 93 54 65 494 96 71 48 89 75 92 550 40
leaf_count=45 56 85 93 54 65 494 96 71 48 89 75 92 550 40
internal_value=0.000998464 -0.0013242 0.0039627 0.0145455 0.00240642 0.00389313 0.0108696 -0.00237624 -0.00353881 0.00522388 -0.00242236 -0.00123288 -0.00234604 -0.000677966
internal_weight=1953 1095 858 110 748 655 161 1010 876 134 805 730 682 590
internal_count=1953 1095 858 110 748 655 161 1010 876 134 805 730 682 590
is_linear=0
shrinkage=0.05


Tree=52
num_leaves=15
num_cat=0
split_feature=6 8 1 5 0 6 7 7 5 1 1 0 7 1
split_gain=5.42007 3.7332 4.43493 4.34647 8.18751 5.40676 4.2166 4.16981 4.69283 4.14595 5.60483 5.1467 4.85885 4.70784
threshold=16.770000000000007 -1.8854999999999997 0.97653720355785967 4.3120000000000003 10.055000000000001 9.0020000000000007 141.43000000000004 115.81500000000001 1.8735000000000002 0.84293373149377093 0.23416947364604893 6.1860000000000008 690.24750000000006 0.5043284533698108
decision_type=2 2 2 2 2 2 2 2 2 2 2 2 2 2
left_child=1 -1 3 4 6 7 -3 8 -6 10 11 -5 -13 -12
right_child=-2 2 -4 9 5 -7 -8 -9 -10 -11 13 12 -14 -15
leaf_value=-0.0036110644390375344 -0.012193025001851633 0.0026524295185286484 0.0094614714936358969 -0.0067655719998269128 0.0015730226094365586 0.029383837259230196 -0.017582399149951296 -0.001559254429101431 0.021685806676353437 -0.0033783612237310193 0.011156156659762937 0.0010460419349508851 -0.016487747024653106 0.0006812863836652528
leaf_weight=144 42 111 133 46 47 61 48 50 42 177 121 540 178 213
leaf_count=144 42 111 133 46 47 61 48 50 42 177 121 540 178 213
internal_value=0.00110087 0.00149137 0.00212224 0.00140759 0.00626741 0.013 -0.00220126 0.00755396 0.0140449 3.92157e-05 0.00118397 -0.00117801 -0.000139276 0.00658683
internal_weight=1953 1911 1767 1634 359 200 159 139 89 1275 1098 764 718 334
internal_count=1953 1911 1767 1634 359 200 159 139 89 1275 1098 764 718 334
is_linear=0
shrinkage=0.05


Tree=53
num_leaves=15
num_cat=0
split_feature=6 8 4 7 5 5 4 0 1 1 1 0 3 0
split_gain=5.32676 3.58333 3.42742 3.27036 5.84926 10.4968 5.2942 4.34783 3.42633 4.40991 6.74336 4.1182 3.23452 3.08358
threshold=16.770000000000007 -1.8854999999999997 17.951000000000004 115.81500000000001 2.0930000000000004 4.3120000000000003 11.786000000000001 10.500000000000002 0.97653720355785967 0.89896131060349826 0.94917575150333644 4.980500000000001 74.706000000000003 10.500000000000002
decision_type=2 2 2 2 2 2 2 2 2 2 2 2 2 2
left_child=1 2 -1 4 6 7 -3 -6 9 11 -11 -5 -10 -13
right_child=-2 3 -4 8 5 -7 -8 -9 12 10 -12 13 -14 -15
leaf_value=-0.020303365684726904 -0.011583373751759052 -0.009918733451413364 -2.8705353775204668e-05 -0.0078600432535146456 0.014046708439275199 -0.002092741025761491 0.0071335834911375297 0.029094986302032458 -0.00014421465430545927 -0.019114794467611117 0.0011094770669009824 0.0030754378603895524 0.014885258164679338 0.00030460815660941917
leaf_weight=51 42 45 93 62 46 45 77 46 47 73 59 220 73 974
leaf_count=51 42 45 93 62 46 45 77 46 47 73 59 220 73 974
internal_value=0.000947261 0.00133438 -0.00625 0.00195246 0.00714286 0.0142336 -0.000819672 0.023913 0.00106101 0.000360231 -0.00833333 0.00127389 0.00916667 0.0019263
internal_weight=1953 1911 144 1767 259 137 122 92 1508 1388 132 1256 120 1194
internal_count=1953 1911 144 1767 259 137 122 92 1508 1388 132 1256 120 1194
is_linear=0
shrinkage=0.05


Tree=54
num_leaves=15
num_cat=0
split_feature=6 0 7 6 4 6 5 2 0 0 8 7 6 6
split_gain=5.42007 2.88875 4.28807 4.5282 4.67642 4.65446 5.50439 6.259 4.02509 8.09603 3.72078 6.49991 5.36992 5.36214
threshold=16.770000000000007 4.4200000000000008 226.54000000000002 6.3415000000000008 12.134000000000002 10.275500000000001 3.6580000000000008 0.56424300735932609 8.6100000000000012 12.059000000000001 -0.79549999999999998 405.68900000000002 14.585000000000003 12.964
decision_type=2 2 2 2 2 2 2 2 2 2 2 2 2 2
left_child=1 -1 3 4 -3 6 7 -5 -8 -10 11 -4 13 -12
right_child=-2 2 10 5 -6 -7 8 -9 9 -11 12 -13 -14 -15
leaf_value=-0.006034291237159835 -0.011004205064171102 -0.013507838082793459 -0.0061913219218924223 0.0076073006654030946 0.0013118463524839363 -0.0019881039744734153 0.0097659434507530018 -0.0025453254560895812 0.038310321689947774 0.012894913312632733 0.00065327550319735925 -0.00044763402725192525 -0.0034212627559579963 0.010583118418944319
leaf_weight=72 42 44 85 87 79 73 51 121 42 48 447 343 238 181
leaf_count=72 42 44 85 87 79 73 51 121 42 48 447 343 238 181
internal_value=0.00110087 0.00149137 0.00187602 0.00559633 -0.00284553 0.00805687 0.0104585 0.00528846 0.0180851 0.0244444 0.000309119 -0.00350467 0.002194 0.00461783
internal_weight=1953 1911 1839 545 123 422 349 208 141 90 1294 428 866 628
internal_count=1953 1911 1839 545 123 422 349 208 141 90 1294 428 866 628
is_linear=0
shrinkage=0.05


Tree=55
num_leaves=15
num_cat=0
split_feature=6 1 4 2 8 1 5 2 1 2 1 1 6 8
split_gain=5.32676 3.10441 6.30795 6.24646 4.85002 4.57846 3.54072 3.68961 3.61473 5.61393 4.38648 4.37632 4.50088 3.09214
threshold=16.770000000000007 0.94917575150333644 20.965500000000002 -0.04732138832243208 -0.43949999999999995 0.91348692408873478 4.1625000000000005 0.9669377691982991 1.0000000180025095e-35 0.15855938510313469 -0.69016699705532203 0.66484924122790623 8.4030000000000005 -0.88849999999999996
decision_type=2 2 2 2 2 2 2 2 2 2 2 2 2 2
left_child=1 5 3 -3 -5 6 7 8 9 -1 -11 12 -10 -8
right_child=-2 2 -4 4 -6 -7 13 -9 11 10 -12 -13 -14 -15
leaf_value=0.020020256791490606 -0.010453994810962553 0.020744331423051904 0.006053516397154359 -0.01404544524184049 0.0018384524363647054 -0.011493797358247765 -0.0047379471421530152 -0.0046560158500414421 0.0092776462782153523 -0.0018724956510333124 0.0084551572043480381 0.0074995513856796264 -0.014459714083169872 0.00094756196891085116
leaf_weight=42 42 66 56 42 50 64 349 73 47 50 72 61 40 899
leaf_count=42 42 66 56 42 50 64 349 73 47 50 72 61 40 899
internal_value=0.000947261 0.00133438 0.00700935 0.00189873 -0.00652174 0.000618739 0.00113288 0.00532468 0.00769231 0.0128049 0.00737705 0.00202703 -0.00517241 -0.000160256
internal_weight=1953 1911 214 158 92 1697 1633 385 312 164 122 148 87 1248
internal_count=1953 1911 214 158 92 1697 1633 385 312 164 122 148 87 1248
is_linear=0
shrinkage=0.05


Tree=56
num_leaves=15
num_cat=0
split_feature=6 8 7 3 5 5 1 1 0 3 1 3 4 0
split_gain=5.14256 3.95186 4.55221 5.35386 5.21107 7.88417 4.3392 4.2217 3.70764 3.5759 3.49073 4.87221 3.4897 3.2774
threshold=16.770000000000007 -1.8854999999999997 134.19250000000002 98.074000000000012 4.3120000000000003 2.0930000000000004 0.97653720355785967 0.88933691597811693 4.980500000000001 74.706000000000003 0.94917575150333644 70.321500000000015 11.786000000000001 11.944000000000001
decision_type=2 2 2 2 2 2 2 2 2 2 2 2 2 2
left_child=1 13 3 -3 5 12 7 8 -4 -8 11 -9 -5 -1
right_child=-2 2 6 4 -6 -7 9 10 -10 -11 -12 -13 -14 -15
leaf_value=0.00082349617464233527 -0.0099312950704144257 0.0081577927710050156 -0.0071643992538368484 -0.0065057028381646405 -0.0041310398740081276 0.020077253905024125 -0.00047234351660777193 -0.0045591899491962155 0.00087852623708992161 0.015939843071458328 0.00077370909506081222 -0.032731361527874155 0.006812588538088438 -0.014467224681088143
leaf_weight=71 42 42 53 46 54 86 47 40 1149 72 59 43 76 73
leaf_count=71 42 42 53 46 54 86 47 40 1149 72 59 43 76 73
internal_value=0.000640041 0.00102041 0.0016695 0.00723684 0.00458015 0.00817308 0.000512645 -0.000297619 0.000665557 0.00966387 -0.0084507 -0.0150602 0 -0.00694444
internal_weight=1953 1911 1767 304 262 208 1463 1344 1202 119 142 83 122 144
internal_count=1953 1911 1767 304 262 208 1463 1344 1202 119 142 83 122 144
is_linear=0
shrinkage=0.05


Tree=57
num_leaves=15
num_cat=0
split_feature=6 4 0 8 8 0 2 2 6 7 0 4 7 6
split_gain=5.265 2.63293 12.4389 3.14722 5.55773 5.36202 3.91381 2.99917 12.1862 6.27673 4.73194 9.38428 7.14494 5.23604
threshold=16.770000000000007 20.458000000000002 20.223500000000005 -2.1944999999999992 -1.0859999999999996 17.253500000000006 0.72731766296277522 -0.030120304846908235 8.2545000000000019 524.08000000000004 12.367000000000003 12.669000000000002 302.45000000000005 8.9710000000000019
decision_type=2 2 2 2 2 2 2 2 2 2 2 2 2 2
left_child=1 7 3 -3 -5 6 -6 8 -1 10 -9 13 -13 -12
right_child=-2 2 -4 4 5 -7 -8 9 -10 -11 11 12 -14 -15
leaf_value=0.034016050820673445 -0.0094347303168937028 -0.0021791923873861448 -0.011855349064936233 0.013063708984377332 -0.00037057130483262592 0.02646539985865112 0.010369394279580122 0.00061672308006042456 0.00062340115568668706 -0.018604718245768051 -0.046283634293694934 -0.005084824739671835 0.0056169976304358757 -0.0073969792631725624
leaf_weight=42 42 55 64 61 134 44 68 475 737 49 41 49 52 40
leaf_count=42 42 55 64 61 134 44 68 475 737 49 41 49 52 40
internal_value=0.000844854 0.00122972 0.00469484 0.00828729 0.0102606 0.00691057 0.00346535 0.00023569 0.00237484 -0.00212465 -0.000837139 -0.00769231 0.00247525 -0.0203704
internal_weight=1953 1911 426 362 307 246 202 1485 779 706 657 182 101 81
internal_count=1953 1911 426 362 307 246 202 1485 779 706 657 182 101 81
is_linear=0
shrinkage=0.05


Tree=58
num_leaves=15
num_cat=0
split_feature=6 4 8 8 8 6 6 3 8 6 6 4 4 4
split_gain=3.79873 2.35282 4.47015 4.48893 3.48697 5.43053 5.78146 5.88912 4.7619 4.62464 6.84556 10.147 4.46859 4.28153
threshold=16.770000000000007 24.863500000000005 0.26950000000000007 -1.8854999999999997 -0.80349999999999999 14.585000000000003 13.326500000000001 95.520500000000013 1.0000000180025095e-35 15.030000000000003 13.273000000000001 12.083000000000002 14.193500000000002 14.498000000000003
decision_type=2 2 2 2 2 2 2 2 2 2 2 2 2 2
left_child=1 4 3 -3 9 6 -6 8 -8 10 11 -1 -13 -12
right_child=-2 2 -4 -5 5 -7 7 -9 -10 -11 13 12 -14 -15
leaf_value=-0.014280335693174957 -0.0089629938010490125 0.00072784799902711754 -0.0016204182709449067 0.01953702665569922 0.0010140626503248929 -0.0035438776291457311 0.012857017492525106 0.022684898279527299 -0.014246445993244733 0.0046504135183207508 -0.0066883945079261571 0.016646190072518188 4.0548667687995149e-05 -0.010555202145416357
leaf_weight=104 42 43 55 55 829 233 42 54 42 122 42 41 209 40
leaf_count=104 42 43 55 55 829 233 42 54 42 122 42 41 209 40
internal_value=0.000588838 0.000915751 0.00686275 0.0132653 0.00039818 0.00191667 0.00356774 0.0130435 0.0047619 -0.00286738 -0.00527523 -0.00225989 0.0032 -0.0182927
internal_weight=1953 1911 153 98 1758 1200 967 138 84 558 436 354 250 82
internal_count=1953 1911 153 98 1758 1200 967 138 84 558 436 354 250 82
is_linear=0
shrinkage=0.05


Tree=59
num_leaves=15
num_cat=0
split_feature=6 6 4 6 7 0 6 6 2 2 2 1 6 7
split_gain=3.85122 2.45864 6.43076 5.61515 2.98214 5.92357 4.8954 4.50645 4.03418 4.50481 5.65524 3.72416 4.24592 3.69219
threshold=16.770000000000007 5.2215000000000007 12.134000000000002 5.8245000000000013 273.77550000000002 17.744000000000003 6.5725000000000007 10.520000000000001 -0.46997674302732012 -0.019329104864998576 0.31064877563037102 0.97653720355785967 13.510500000000002 332.01350000000008
decision_type=2 2 2 2 2 2 2 2 2 2 2 2 2 2
left_child=1 2 -1 -3 5 6 -5 8 -6 -10 -11 13 -13 -9
right_child=-2 3 -4 4 7 -7 -8 11 9 10 -12 12 -14 -15
leaf_value=-0.022952900604529061 -0.0085148441109965667 0.0074883632902980023 0.0021001378020755221 -0.0087144410044861908 -0.014199281471810985 0.01058919659150688 0.0028954029030510923 -0.0036367287849454325 0.0036527404523715892 -0.015064710983827837 0.0010585107186245558 0.011433672202373507 0.0041477338925578686 0.00053311625497943777
leaf_weight=61 42 40 55 46 44 40 515 49 41 59 72 43 44 802
leaf_count=61 42 40 55 46 44 40 515 49 41 59 72 43 44 802
internal_value=0.000691244 0.00102041 -0.00603448 0.00147632 0.00105413 0.00391015 0.00258467 -0.000433276 -0.00694444 -0.00348837 -0.00801527 0.0010661 0.0109195 5.87544e-05
internal_weight=1953 1911 116 1795 1755 601 561 1154 216 172 131 938 87 851
internal_count=1953 1911 116 1795 1755 601 561 1154 216 172 131 938 87 851
is_linear=0
shrinkage=0.05


Tree=60
num_leaves=15
num_cat=0
split_feature=6 6 4 6 5 0 2 1 0 6 0 5 6 6
split_gain=3.85122 2.45864 6.43076 4.20176 3.0872 4.80921 6.54133 7.10864 5.16816 4.44984 4.14146 4.17241 4.14101 4.0809
threshold=16.770000000000007 5.2215000000000007 12.134000000000002 5.8245000000000013 9.9610000000000021 21.148000000000003 0.075135296012361824 -0.36924373704146674 11.859000000000002 7.7715000000000005 10.627500000000001 7.4095000000000004 10.925500000000001 9.3850000000000016
decision_type=2 2 2 2 2 2 2 2 2 2 2 2 2 2
left_child=1 2 -1 -3 5 6 7 -5 10 -10 11 12 13 -8
right_child=-2 3 -4 4 -6 -7 8 -9 9 -11 -12 -13 -14 -15
leaf_value=-0.021805255574302608 -0.008089101905446738 0.0071139451257831018 0.0019951309119717459 0.01050023295683513 -0.00057251471668828824 -0.013049099936511051 -0.0008363669847108985 0.0022472687973058235 -0.014149593742614392 -0.00042229871439938838 0.0053998622235345815 0.0077720573982683859 -0.0040829656304645703 0.0065690257066864351
leaf_weight=61 42 40 55 106 659 57 189 259 46 171 78 58 50 82
leaf_count=61 42 40 55 106 659 57 189 259 46 171 78 58 50 82
internal_value=0.000691244 0.00102041 -0.00603448 0.00147632 0.00111111 0.00273723 0.00351299 0.00890411 0.000593472 -0.00576037 0.0036105 0.00145119 -0.000778816 0.00166052
internal_weight=1953 1911 116 1795 1755 1096 1039 365 674 217 457 379 321 271
internal_count=1953 1911 116 1795 1755 1096 1039 365 674 217 457 379 321 271
is_linear=0
shrinkage=0.05


Tree=61
num_leaves=15
num_cat=0
split_feature=6 6 4 6 5 5 7 2 7 1 1 2 0 2
split_gain=3.77262 2.35044 6.43076 4.28987 2.70927 4.58897 5.88791 4.63471 3.94369 7.73846 5.93248 4.57233 8.07139 8.32053
threshold=16.770000000000007 5.2215000000000007 12.134000000000002 5.8245000000000013 9.9610000000000021 8.6685000000000016 428.04250000000008 -0.46997674302732012 481.6185000000001 -0.81403855522663837 -0.65189295912203338 -0.96801877525786306 20.223500000000005 -0.8069893509785715
decision_type=2 2 2 2 2 2 2 2 2 2 2 2 2 2
left_child=1 2 -1 -3 5 -5 -7 -8 -6 -10 -11 -12 -13 -14
right_child=-2 3 -4 4 8 6 7 -9 9 10 11 12 13 -15
leaf_value=-0.020714992795587476 -0.0076846468101744005 0.0067582478694939475 0.0018953743663731593 0.00046994886803532757 -0.0063232647491868205 0.013754248565388273 -0.011968609405431041 0.010834478753083975 0.007369954021093925 -0.034303817872289817 -0.018324179851827882 -0.0017107582207003731 0.00090116711715328981 0.02264614804324724
leaf_weight=61 42 40 55 944 56 59 44 49 94 49 99 214 107 40
leaf_count=61 42 40 55 944 56 59 44 49 94 49 99 214 107 40
internal_value=0.000537634 0.000863422 -0.00603448 0.00130919 0.000940171 0.0024635 0.0105263 0.00268817 -0.00159332 -0.000414594 -0.00284872 -0.00108696 0.00152355 0.0105442
internal_weight=1953 1911 116 1795 1755 1096 152 93 659 603 509 460 361 147
internal_count=1953 1911 116 1795 1755 1096 152 93 659 603 509 460 361 147
is_linear=0
shrinkage=0.05


Tree=62
num_leaves=15
num_cat=0
split_feature=6 8 4 8 7 5 1 4 6 5 5 5 7 0
split_gain=3.69484 2.44271 3.89964 3.10684 3.20606 9.64582 11.1536 3.6679 3.12448 4.53966 3.83164 4.20642 5.54492 8.85574
threshold=16.770000000000007 -1.8854999999999997 17.951000000000004 -1.5854999999999999 405.68900000000002 7.8725000000000014 -0.6254047815183511 4.9495000000000013 10.275500000000001 6.4970000000000008 5.7710000000000017 2.0015000000000005 115.81500000000001 10.500000000000002
decision_type=2 2 2 2 2 2 2 2 2 2 2 2 2 2
left_child=1 2 -1 -3 5 7 -7 -5 10 -10 11 -9 13 -13
right_child=-2 3 -4 4 -6 6 -8 8 9 -11 -12 12 -14 -15
leaf_value=-0.018341552753135509 -0.0073004144696656838 0.012396812468405072 0.00010474979803855035 -0.019150030583214073 -0.00056909189874597844 -0.00021437612493393663 0.020420592892098008 -0.00071192808113719204 -0.0038596818069146555 0.0039997760033487761 -0.0055855957748371238 0.0048075990936586113 0.0037439877868735679 0.023349201709400483
leaf_weight=51 42 77 93 48 832 46 65 116 125 59 76 56 212 55
leaf_count=51 42 77 93 48 832 46 65 116 125 59 76 56 212 55
internal_value=0.000384025 0.000706436 -0.00555556 0.00121675 0.000769231 0.00291375 0.0166667 0.000870147 0.00178827 -0.00380435 0.00378641 0.00558087 0.00851393 0.0175676
internal_weight=1953 1911 144 1767 1690 858 111 747 699 184 515 439 323 111
internal_count=1953 1911 144 1767 1690 858 111 747 699 184 515 439 323 111
is_linear=0
shrinkage=0.05


Tree=63
num_leaves=15
num_cat=0
split_feature=6 8 4 8 6 1 4 4 4 8 2 7 1 2
split_gain=3.77262 2.49038 3.107 6.98686 2.23825 5.53313 3.23687 7.03109 6.68756 5.58596 4.65395 3.83225 6.1483 5.29338
threshold=16.770000000000007 -2.1944999999999992 25.133500000000002 0.26950000000000007 5.2215000000000007 -0.034374606067994681 14.429500000000003 13.772000000000002 14.952000000000002 -1.3319999999999996 -0.97218766834954651 577.70500000000004 -0.96230016621822467 -0.86350450715563698
decision_type=2 2 2 2 2 2 2 2 2 2 2 2 2 2
left_child=1 -1 4 -4 5 -3 7 9 -8 -6 -10 12 -11 -13
right_child=-2 2 3 -5 6 -7 8 -9 10 11 -12 13 -14 -15
leaf_value=-0.0025973641697301709 -0.0069353937461823952 -0.0085328854824516052 0.018469322487652352 -0.0025966514562353136 0.011626297655656259 0.0043391233898255003 -0.021284522754336201 0.0088725184762999069 -0.020722734998064252 -0.0095621469644063001 0.00072103254891588804 0.0025820075932477594 0.0030978038906976065 -0.010913688805967737
leaf_weight=89 42 48 59 54 86 51 46 70 69 62 694 77 355 151
leaf_count=89 42 48 59 54 86 51 46 70 69 62 694 77 355 151
internal_value=0.000537634 0.000863422 0.00126235 0.00929204 0.000731422 -0.00656566 0.00118012 0.00343321 -0.00105068 0.00198358 6.55308e-05 0.000387597 0.00323741 -0.00482456
internal_weight=1953 1911 1822 113 1709 99 1610 801 809 731 763 645 417 228
internal_count=1953 1911 1822 113 1709 99 1610 801 809 731 763 645 417 228
is_linear=0
shrinkage=0.05


Tree=64
num_leaves=15
num_cat=0
split_feature=7 2 8 7 3 2 0 4 7 0 3 1 8 3
split_gain=3.92112 4.04096 9.21719 3.27662 3.06133 2.45904 8.47741 8.61458 5.61538 5.5433 5.91611 5.72752 5.47069 5.14482
threshold=805.90300000000013 -0.96356381914947564 -0.37249999999999994 841.67950000000008 5.8465000000000016 0.075135296012361824 11.859000000000002 12.755000000000001 373.97850000000005 8.9815000000000023 27.922000000000004 0.77682398610090087 -0.42449999999999993 97.659500000000023
decision_type=2 2 2 2 2 2 2 2 2 2 2 2 2 2
left_child=5 3 4 -2 -3 8 9 12 13 -7 -11 -12 -8 -1
right_child=1 2 -4 -5 -6 6 7 -9 -10 10 11 -13 -14 -15
leaf_value=0.022211778308716391 -0.022527794149099913 -0.00077115800709581794 0.017217135701566841 -0.001960927048911354 -0.017500612180817599 -0.00029225653134037704 -0.039282330842204123 -0.00064793223887065767 0.00023748332730875457 0.010591656266847816 -0.0011615809942240444 0.014055685026818822 -0.0047086140468923085 0.0045109120967633531
leaf_weight=44 43 45 46 47 43 356 43 181 649 52 134 53 52 165
leaf_count=44 43 45 46 47 43 356 43 181 649 52 134 53 52 165
internal_value=-2.56016e-05 -0.00625 -0.000746269 -0.0144444 -0.0102273 0.000780798 -0.0010907 -0.00833333 0.00268065 0.00226891 0.008159 0.0040107 -0.0205263 0.00980861
internal_weight=1953 224 134 90 88 1729 871 276 858 595 239 187 95 209
internal_count=1953 224 134 90 88 1729 871 276 858 595 239 187 95 209
is_linear=0
shrinkage=0.05


Tree=65
num_leaves=15
num_cat=0
split_feature=6 6 4 6 7 6 5 1 7 7 3 6 7 1
split_gain=3.44141 2.47596 5.47716 3.37424 2.20472 5.53235 3.7333 5.95934 6.61245 4.50017 5.43371 4.35886 4.35116 7.51563
threshold=16.770000000000007 5.2215000000000007 12.134000000000002 5.8245000000000013 555.42050000000006 9.7890000000000015 8.1460000000000026 0.33302288323572038 446.54100000000005 273.77550000000002 99.961500000000015 6.4980000000000002 481.6185000000001 -0.82391537601316189
decision_type=2 2 2 2 2 2 2 2 2 2 2 2 2 2
left_child=1 2 -1 -3 6 -6 9 12 -9 11 -11 -5 13 -8
right_child=-2 3 -4 4 5 -7 7 8 -10 10 -12 -13 -14 -15
leaf_value=-0.019425185444462183 -0.0062909520170100547 0.0069974249504377644 0.0019398491932061002 -0.01068555349320225 -0.01574730545477341 -0.00012993428881401814 -0.010805930739335579 0.02254831018135324 0.0018335020073434766 -0.00011306766455382728 -0.0055929827888263331 0.0030379896715614129 0.010689690212383829 0.011527430440418186
leaf_weight=61 42 40 55 43 45 617 66 40 49 178 80 532 63 42
leaf_count=61 42 40 55 43 45 617 66 40 49 178 80 532 63 42
internal_value=-0.000128008 0.00018315 -0.00689655 0.000640669 0.00031339 -0.00196375 0.00169259 0.00692308 0.0174157 6.0024e-05 -0.00542636 0.00252174 0.00146199 -0.00462963
internal_weight=1953 1911 116 1795 1755 662 1093 260 89 833 258 575 171 108
internal_count=1953 1911 116 1795 1755 662 1093 260 89 833 258 575 171 108
is_linear=0
shrinkage=0.05


Tree=66
num_leaves=15
num_cat=0
split_feature=6 6 4 6 7 2 7 1 0 0 2 5 7 3
split_gain=3.567 2.66235 5.47716 3.2446 2.24843 5.08292 4.34959 4.2586 3.89727 4.35508 6.85344 5.58212 3.58886 3.55478
threshold=16.770000000000007 5.2215000000000007 12.134000000000002 5.8245000000000013 273.77550000000002 0.057982974307775707 302.45000000000005 -0.051549210996800328 12.265000000000002 8.9100000000000019 0.63874942205152718 3.2500000000000004 76.167000000000016 95.952000000000012
decision_type=2 2 2 2 2 2 2 2 2 2 2 2 2 2
left_child=1 2 -1 -3 5 7 -6 -5 9 12 -11 -12 -7 -8
right_child=-2 3 -4 4 6 8 13 -9 -10 10 11 -13 -14 -15
leaf_value=-0.018453926172239073 -0.0059764044161595533 0.0066475537029158762 0.0018428567335457948 0.0090491801378782388 -0.0052830671893613875 -0.0056067909177291491 -0.00053454004160863051 0.0085001818189337063 -0.0053352401305104998 0.016691172628350726 -0.0067062047138526067 0.0072308470698424334 0.00097561175543735008 0.002200707762659731
leaf_weight=61 42 40 55 60 56 63 702 64 81 45 56 69 163 396
leaf_count=61 42 40 55 60 56 63 702 64 81 45 56 69 163 396
internal_value=0.000128008 0.000444793 -0.00689655 0.00091922 0.000598291 0.0030782 -0.000693241 0.0120968 0.000733753 0.00277778 0.00882353 0.0028 -0.00176991 0
internal_weight=1953 1911 116 1795 1755 601 1154 124 477 396 170 125 226 1098
internal_count=1953 1911 116 1795 1755 601 1154 124 477 396 170 125 226 1098
is_linear=0
shrinkage=0.05


Tree=67
num_leaves=15
num_cat=0
split_feature=1 0 4 7 3 4 4 0 3 6 5 0 3 0
split_gain=3.47566 9.07151 7.38939 6.37718 6.25465 5.72295 4.98289 4.49496 4.18219 4.14941 3.50635 6.31143 5.22667 3.01944
threshold=0.23416947364604893 20.223500000000005 9.8880000000000017 815.59150000000011 97.659500000000023 12.971000000000002 16.191000000000006 12.660500000000001 99.43950000000001 4.2610000000000001 12.255000000000001 10.322000000000001 36.320000000000007 4.4200000000000008
decision_type=2 2 2 2 2 2 2 2 2 2 2 2 2 2
left_child=3 2 7 9 5 -4 -7 -2 -6 -1 11 -8 -13 -11
right_child=1 -3 4 -5 8 6 10 -9 -10 13 -12 12 -14 -15
leaf_value=-0.0037032605299211294 -0.0022782105854178545 0.012288973846876688 0.0068654009958662113 -0.015734107448819819 0.013248518770572586 -0.016142835271772561 0.0048064692578003356 -0.025929081186189196 0.0051390663707435308 -0.014651660918398465 0.002084391637833337 -0.028805070670093465 -0.0009958848138945822 0.00058117951228572331
leaf_weight=46 96 92 54 90 41 71 40 62 266 43 40 40 60 912
leaf_count=46 96 92 54 90 41 71 40 62 266 43 40 40 60 912
internal_value=0.000179211 0.0025522 0.000779221 -0.00169569 0.00326797 -0.00180328 -0.00498008 -0.00886076 0.00830619 -0.000549451 -0.000555556 -0.00428571 -0.011 0.000157068
internal_weight=1953 862 770 1091 612 305 251 158 307 1001 180 140 100 955
internal_count=1953 862 770 1091 612 305 251 158 307 1001 180 140 100 955
is_linear=0
shrinkage=0.05


Tree=68
num_leaves=15
num_cat=0
split_feature=8 8 4 4 6 8 3 3 5 5 4 3 2 0
split_gain=2.98326 4.21506 6.39931 4.08235 3.65014 3.83611 7.00888 7.91382 7.56485 4.5808 5.3243 4.27973 11.8447 6.05845
threshold=-1.8854999999999997 -1.5854999999999999 14.559500000000002 17.951000000000004 14.549500000000002 -0.88849999999999996 64.212000000000018 99.050000000000026 4.3750000000000009 11.073000000000002 15.051 20.073000000000004 0.53553085593708327 7.7555000000000005
decision_type=2 2 2 2 2 2 2 2 2 2 2 2 2 2
left_child=3 2 -2 -1 5 6 -3 -8 -9 11 -11 12 -7 -14
right_child=1 4 -4 -5 -6 9 7 8 -10 10 -12 -13 13 -15
leaf_value=-0.018496563005014378 0.020282294547503979 -0.031913968224595329 -0.0021133671562656641 -0.0002043433477924045 -0.0028732220694235424 -0.02162410999810227 0.0045280208041504292 0.0076544666610413098 -0.0091249152624352792 0.00036229525558439946 0.016835227770634262 0.0024316375409093407 -0.0026586835771873099 0.0095583746133390546
leaf_weight=53 41 71 40 93 399 63 52 50 60 57 61 792 61 60
leaf_count=53 41 71 40 93 399 63 52 50 60 57 61 792 61 60
internal_value=2.56016e-05 0.000581074 0.0117284 -0.00684932 5.79374e-05 0.00131876 -0.00450644 0.00123457 -0.00636364 0.00255941 0.0118644 0.00143443 -0.00543478 0.00371901
internal_weight=1953 1807 81 146 1726 1327 233 162 110 1094 118 976 184 121
internal_count=1953 1807 81 146 1726 1327 233 162 110 1094 118 976 184 121
is_linear=0
shrinkage=0.05


Tree=69
num_leaves=15
num_cat=0
split_feature=7 6 1 0 4 3 2 7 4 3 0 4 7 8
split_gain=3.48538 6.1337 4.38202 6.07049 5.89687 4.00557 4.68073 7.12913 5.02551 8.68807 4.70514 6.16908 4.69428 8.2363
threshold=699.76050000000009 12.313500000000003 0.26744970170045884 20.611500000000003 11.575000000000001 0.54950000000000021 -0.019329104864998576 535.21850000000006 20.259500000000003 99.050000000000026 12.660500000000001 12.669000000000002 383.12750000000005 -0.94049999999999978
decision_type=2 2 2 2 2 2 2 2 2 2 2 2 2 2
left_child=5 -2 4 -4 -3 -1 12 8 10 -10 -8 -12 -7 -14
right_child=1 2 3 -5 -6 6 7 -9 9 -11 11 -13 13 -15
leaf_value=0.0061645724416910415 -0.015782696998751518 0.0022483508617078653 -0.00091825910806558279 0.01649969862165809 -0.019911909996973134 0.0072020626646457728 -8.6578763756817173e-05 -0.021632764179980377 0.0091270998335792053 -0.0019119906130634192 -0.013794590041216718 -0.00022829294385798006 0.0084395225874476683 -0.0015367331525205476
leaf_weight=77 58 86 120 63 121 197 445 50 83 137 70 82 89 275
leaf_count=77 58 86 120 63 121 197 445 50 83 137 70 82 89 275
internal_value=7.68049e-05 -0.00379464 -0.00153846 0.00409836 -0.00652174 0.00122924 0.000630252 -0.00167243 -0.000550796 0.00590909 -0.00293132 -0.0105263 0.00418895 0.000824176
internal_weight=1953 448 390 183 207 1505 1428 867 817 220 597 152 561 364
internal_count=1953 448 390 183 207 1505 1428 867 817 220 597 152 561 364
is_linear=0
shrinkage=0.05


Tree=70
num_leaves=15
num_cat=0
split_feature=8 0 7 1 6 8 6 0 0 4 5 8 3 2
split_gain=3.0728 3.81122 3.80347 3.16676 2.74715 6.74685 3.58198 3.42027 7.17801 5.23966 3.28878 2.84038 8.20603 5.45094
threshold=-1.8854999999999997 15.524500000000002 124.47800000000001 0.97505550290239451 14.549500000000002 -1.3194999999999999 14.929500000000003 22.756500000000006 21.502000000000006 9.4305000000000003 12.008500000000002 -0.87199999999999989 5.3065000000000007 0.092265415903232631
decision_type=2 2 2 2 2 2 2 2 2 2 2 2 2 2
left_child=1 2 -1 4 11 -6 -7 8 10 -9 -8 12 -2 -13
right_child=3 -3 -4 -5 5 6 7 9 -10 -11 -12 13 -14 -15
leaf_value=-0.0059004080690041351 -0.03625878690793826 -0.018830016421353561 0.0029803580034789864 0.0058419293823007319 0.014956231649036334 -0.018076490864692454 0.0012982594128229221 0.0040763972323805469 0.012059864412443812 -0.029023804074582955 -0.0083974582756659536 0.0045880372914501371 0.00086046125644737015 -0.00029545123548916367
leaf_weight=52 47 40 54 138 43 63 49 40 42 82 73 421 219 590
leaf_count=52 47 40 54 138 43 63 49 40 42 82 73 421 219 590
internal_value=0.000128008 -0.00684932 -0.00188679 0.000691754 8.98742e-05 -0.00357143 -0.00587393 -0.0034965 0.00121951 -0.00983607 -0.00491803 0.00121378 -0.00338346 0.00242334
internal_weight=1953 146 106 1807 1669 392 349 286 164 122 122 1277 266 1011
internal_count=1953 146 106 1807 1669 392 349 286 164 122 122 1277 266 1011
is_linear=0
shrinkage=0.05


Tree=71
num_leaves=15
num_cat=0
split_feature=7 2 0 3 6 4 8 0 8 8 5 0 1 7
split_gain=3.06515 4.9791 6.48811 4.46986 3.73596 8.48702 3.07179 4.23051 2.96652 2.90763 4.25379 3.62323 6.2658 4.61352
threshold=793.49850000000004 -0.96801877525786306 19.713000000000005 1.0000000180025095e-35 5.2215000000000007 12.134000000000002 -1.8854999999999997 13.867000000000003 -0.61299999999999988 -1.5854999999999999 12.675500000000001 17.673500000000004 0.081558489694578698 542.98650000000009
decision_type=2 2 2 2 2 2 2 2 2 2 2 2 2 2
left_child=3 -2 -3 -1 5 -5 7 -6 -4 -8 11 13 -13 -11
right_child=1 2 8 4 6 -7 9 -9 -10 10 -12 12 -14 -15
leaf_value=0.0053192634735587377 -0.013587901367681711 -0.01012525811669162 0.011816312593681084 -0.02000923399676735 0.00019334558540990839 0.0021224920227472187 0.012725576954663032 -0.017494721937060264 -1.4891649846421329e-05 0.001017043296105727 -0.0063240081475816673 0.00090821208217758411 0.017193546857837996 -0.0040656150137048539
leaf_weight=66 83 68 51 47 78 53 61 40 43 767 163 236 70 127
leaf_count=66 83 68 51 47 78 53 61 40 43 767 163 236 70 127
internal_value=0.000128008 -0.00510204 0 0.00087822 0.000365408 -0.009 0.000972763 -0.00677966 0.00851064 0.00161517 0.0011372 0.00216667 0.00686275 0.000559284
internal_weight=1953 245 162 1708 1642 100 1542 118 94 1424 1363 1200 306 894
internal_count=1953 245 162 1708 1642 100 1542 118 94 1424 1363 1200 306 894
is_linear=0
shrinkage=0.05


Tree=72
num_leaves=15
num_cat=0
split_feature=7 4 1 8 3 7 6 4 0 2 7 6 3 4
split_gain=2.33758 4.18551 5.11356 5.47799 3.43516 3.20173 3.06817 7.29468 2.8294 2.26616 6.79579 5.56289 3.74482 6.86883
threshold=793.49850000000004 12.338500000000002 0.25084665036108239 -0.39449999999999996 1.0000000180025095e-35 835.08900000000006 5.2215000000000007 12.134000000000002 25.281500000000005 -0.030120304846908235 535.21850000000006 8.4030000000000005 99.15600000000002 20.312500000000004
decision_type=2 2 2 2 2 2 2 2 2 2 2 2 2 2
left_child=4 5 -3 -4 -1 -2 7 -6 9 11 12 -8 13 -11
right_child=1 2 3 -5 6 -7 8 -9 -10 10 -12 -13 -14 -15
leaf_value=0.0050533002998808018 -0.0036474430001757147 -0.018234050134633997 -0.011329897861791638 0.013149122935471564 -0.019008772296928989 0.011200403612210325 0.025900849502285567 0.0020163674216098575 -0.014169059938192086 0.00013990239493631915 -0.020327988749994474 0.0012700840455281736 -0.0012363592756609587 0.01032126981257098
leaf_weight=66 44 66 55 40 47 40 47 53 66 268 55 630 391 85
leaf_count=66 44 66 55 40 47 40 47 53 66 268 55 630 391 85
internal_value=0.000281618 -0.00428571 -0.00900621 -0.00157895 0.000936768 0.0047619 0.000487211 -0.008 0.00103761 0.00149051 -0.000312891 0.00361891 0.00094086 0.00467422
internal_weight=1953 245 161 95 1708 84 1642 100 1542 1476 799 677 744 353
internal_count=1953 245 161 95 1708 84 1642 100 1542 1476 799 677 744 353
is_linear=0
shrinkage=0.05


Tree=73
num_leaves=15
num_cat=0
split_feature=7 2 2 1 1 2 8 7 7 2 0 6 1 0
split_gain=3.04504 3.6611 5.51786 2.59657 6.15916 4.08782 8.70138 5.60042 4.87305 8.1287 7.03009 3.98903 3.68304 2.90949
threshold=805.90300000000013 -0.97218766834954651 -0.91084115863148152 -0.63874350706337046 -0.55176847662110995 0.48378379397820742 0.098500000000000018 247.83600000000004 405.68900000000002 -0.58882848911713703 21.655000000000005 12.360500000000002 -0.7721494341254892 18.540500000000005
decision_type=2 2 2 2 2 2 2 2 2 2 2 2 2 2
left_child=3 -2 -3 5 -5 6 7 -1 -9 -10 13 -8 -7 -11
right_child=1 2 -4 4 -6 12 11 8 9 10 -12 -13 -14 -15
leaf_value=0.0048223967296725182 -0.01548099105205435 0.0106152900798131 -0.0059682711399674186 0.0047789242394608265 0.00077656143245151106 -0.0046580216696073401 0.0084013425251412543 -0.012188315366660924 -0.034367618241280366 0.00503147495317432 0.01370347504921416 0.0002202922311843686 -0.00035418267289290679 -0.010489563361097465
leaf_weight=47 78 55 91 64 1157 51 59 67 55 42 46 43 54 44
leaf_count=47 78 55 91 64 1157 51 59 67 55 42 46 43 54 44
internal_value=0.000128008 -0.00535714 -0.000684932 0.000838635 0.00208845 -0.00216535 0.000124069 -0.00415282 -0.00708661 -0.00294118 0.00378788 0.0127451 -0.0109524 -0.00465116
internal_weight=1953 224 146 1729 1221 508 403 301 254 187 132 102 105 86
internal_count=1953 224 146 1729 1221 508 403 301 254 187 132 102 105 86
is_linear=0
shrinkage=0.05


Tree=74
num_leaves=15
num_cat=0
split_feature=8 0 1 1 4 8 2 2 7 4 3 8 8 4
split_gain=2.76266 2.95971 2.59981 3.39286 2.32953 5.17071 1.87226 4.82043 4.67341 5.49645 3.29497 3.227 5.04192 4.12839
threshold=-2.1944999999999992 12.059000000000001 0.97653720355785967 0.99351875964795655 24.863500000000005 0.037000000000000005 -0.96356381914947564 -0.94418750883419933 502.35850000000011 11.673500000000002 44.573 -0.79549999999999998 -0.68949999999999989 12.134000000000002
decision_type=2 2 2 2 2 2 2 2 2 2 2 2 2 2
left_child=1 -1 4 -4 6 -6 8 -8 -2 -10 -11 13 -13 -9
right_child=2 -3 3 -5 5 -7 7 11 9 10 -12 12 -14 -15
leaf_value=0.00029655084467590244 0.01760821370132153 -0.0071033330728186911 0.021543259766511894 6.1593342689111874e-05 0.015272334027165147 -0.00071967429582035509 0.013301737747645183 -0.010375321527970729 0.0008908468042913676 -0.020020074383531608 -0.013995881143264 0.0067272817562123114 3.335833627401974e-05 -7.9328149168642062e-05
leaf_weight=48 44 41 64 76 51 50 47 150 48 40 53 58 930 253
leaf_count=48 44 41 64 76 51 50 47 150 48 40 53 58 930 253
internal_value=0.000179211 -0.00842697 0.000590129 0.00714286 5.80046e-05 0.00742574 -0.000400493 0.000208623 -0.00513514 -0.00957447 -0.0166667 -0.000323508 0.00121457 -0.00409429
internal_weight=1953 89 1864 140 1724 101 1623 1438 185 141 93 1391 988 403
internal_count=1953 89 1864 140 1724 101 1623 1438 185 141 93 1391 988 403
is_linear=0
shrinkage=0.05


Tree=75
num_leaves=15
num_cat=0
split_feature=3 3 8 5 4 2 1 8 3 2 1 7 5 7
split_gain=3.10681 3.97009 2.64405 3.17773 2.94622 6.08865 6.06582 4.5101 6.74453 3.71788 5.85724 5.71133 6.40381 3.96999
threshold=1.0000000180025095e-35 4.9250000000000007 -2.1944999999999992 3.6580000000000008 21.333500000000004 -0.18163955523420786 0.098678873477280007 -0.53199999999999992 99.050000000000026 -0.098820138732871751 0.94917575150333644 383.12750000000005 6.6075000000000008 524.08000000000004
decision_type=2 2 2 2 2 2 2 2 2 2 2 2 2 2
left_child=-1 -2 3 -3 9 6 -6 -7 -9 10 11 12 -4 -11
right_child=1 2 4 -5 5 7 -8 8 -10 13 -12 -13 -14 -15
leaf_value=0.0032220908480854581 -0.0061913033547684963 0.00024264687479718107 0.0027914513561670797 -0.0067481664191777566 0.0086810800167482667 0.014478034839171672 -0.0070565612379909414 0.012680106059331286 -0.0035901250274433306 -0.00038487039837985519 0.02215998867404018 -0.00057255367761466778 0.018592502304890748 -0.013670303812963781
leaf_weight=95 133 43 109 41 51 53 57 54 57 597 51 517 42 53
leaf_count=95 133 43 109 41 51 53 57 54 57 597 51 517 42 53
internal_value=0.000128008 -0.000322928 0.000318841 -0.00833333 0.000761731 0.00551471 -0.0037037 0.0115854 0.00585586 -0.000182615 0.00229485 0.0010479 0.00960265 -0.00292308
internal_weight=1953 1858 1725 84 1641 272 108 164 111 1369 719 668 151 650
internal_count=1953 1858 1725 84 1641 272 108 164 111 1369 719 668 151 650
is_linear=0
shrinkage=0.05


Tree=76
num_leaves=15
num_cat=0
split_feature=3 3 8 7 8 5 2 2 1 6 4 4 7 4
split_gain=2.4734 2.62329 2.87279 2.84444 2.53883 3.17773 2.95422 6.68786 5.21525 3.91113 6.30861 3.76558 3.71658 5.24396
threshold=1.0000000180025095e-35 4.9250000000000007 -0.054999999999999993 746.77500000000009 -2.1944999999999992 3.6580000000000008 0.86993731518838324 0.91609059637714607 -0.19244979981841048 6.7605000000000013 12.134000000000002 15.579000000000002 101.2565 15.011000000000001
decision_type=2 2 2 2 2 2 2 2 2 2 2 2 2 2
left_child=-1 2 3 -2 5 -3 9 -8 -9 10 -6 -10 13 -11
right_child=1 4 -4 -5 6 -7 7 8 11 12 -12 -13 -14 -15
leaf_value=0.0030609863056811851 -0.0043839654825238118 0.00023051453105732422 0.00051717487054987472 -0.015319750116940213 -0.013833864127556356 -0.0064107580982188696 0.017273040651223426 -0.016514167093363719 -0.0005439006089954277 -0.00041465139853958944 0.0012386840340703927 0.0061607069061366095 -0.00014231220471807861 0.019502969485357846
leaf_weight=95 45 43 43 45 48 41 50 44 69 57 56 70 1198 49
leaf_count=95 45 43 43 45 48 41 50 44 69 57 56 70 1198 49
internal_value=2.56016e-05 -0.000376749 -0.00714286 -0.0122222 0.000144928 -0.00833333 0.000578915 0.00579399 0.00136612 -0.000284091 -0.00961538 0.00611511 0.000460123 0.00943396
internal_weight=1953 1858 133 90 1725 84 1641 233 183 1408 104 139 1304 106
internal_count=1953 1858 133 90 1725 84 1641 233 183 1408 104 139 1304 106
is_linear=0
shrinkage=0.05


Tree=77
num_leaves=15
num_cat=0
split_feature=0 2 2 4 7 3 6 7 3 4 4 7 5 4
split_gain=2.01974 6.65472 5.47406 5.23551 5.19231 4.71804 4.05 3.58017 5.73016 3.35767 4.52066 4.30345 4.71408 4.10357
threshold=11.859000000000002 0.075135296012361824 -0.064508449449316677 11.706500000000002 393.30200000000008 74.896500000000017 8.9710000000000019 417.00950000000006 99.992500000000021 21.932500000000005 13.609500000000002 57.079500000000003 3.5710000000000002 26.231000000000005
decision_type=2 2 2 2 2 2 2 2 2 2 2 2 2 2
left_child=9 2 7 6 5 -5 -3 8 -2 10 -1 -12 -13 -11
right_child=1 3 -4 4 -6 -7 -8 -9 -10 13 11 12 -14 -15
leaf_value=0.002588933941765883 0.015088399573330264 -0.030554688188667953 0.0022545643913458565 -0.013594443923512306 0.0045477712923233053 -0.0003910030242413012 -0.012516535968813228 -0.0006179803093673969 -0.00054643667601126376 0.010345314347256364 0.0023300500161207967 -0.0060046913394460949 -0.0014933049969229743 0.00081711759831221142
leaf_weight=282 75 40 70 40 40 116 40 744 105 71 45 40 183 62
leaf_count=282 75 40 70 40 40 116 40 744 105 71 45 40 183 62
internal_value=7.68049e-05 -0.00110236 0.000804829 -0.00797101 -0.00357143 -0.00769231 -0.01875 -0.00021645 0.00611111 0.0022694 0.000545455 -0.00410448 -0.00695067 0.0093985
internal_weight=1953 1270 994 276 196 156 80 924 180 683 550 268 223 133
internal_count=1953 1270 994 276 196 156 80 924 180 683 550 268 223 133
is_linear=0
shrinkage=0.05


Tree=78
num_leaves=15
num_cat=0
split_feature=8 8 1 8 4 7 6 4 4 2 7 5 2 8
split_gain=1.87662 5.82808 5.46267 5.07824 4.9746 4.66386 4.58712 4.27172 4.98524 6.03127 7.11292 4.44444 4.34336 4.21208
threshold=-0.26249999999999996 -0.11149999999999999 0.23416947364604893 -0.50749999999999995 26.497500000000006 54.7575 7.8500000000000005 24.863500000000005 16.796000000000003 -0.64297064596386244 478.32300000000004 11.643000000000002 0.29426351849031901 -1.8854999999999997
decision_type=2 2 2 2 2 2 2 2 2 2 2 2 2 2
left_child=3 2 -2 7 5 -3 -7 8 13 11 12 -10 -11 -1
right_child=1 4 -4 -5 -6 6 -8 -9 9 10 -12 -13 -14 -15
leaf_value=-0.015364853847704352 0.0045878221781048721 0.0092717757075976761 0.016155723374071375 -0.0049757489936723548 -0.0040875912877263833 -0.0054966451801469604 0.00067761363589085026 0.0082074612704125145 -0.0023690488615789929 -0.0067969891812177038 0.0067987679997007638 -0.024272188385943135 -2.8043494508662659e-05 0.002200379410121234
leaf_weight=43 56 62 54 208 44 73 569 76 45 44 62 45 75 497
leaf_count=43 56 62 54 208 44 73 569 76 45 44 62 45 75 497
internal_value=0.000230415 0.00198135 0.0127273 -0.00114155 0.00040107 0.00142045 0.000155763 0.000507328 -0.000554871 -0.00608856 -0.000828729 -0.0166667 -0.00798319 0.00222222
internal_weight=1953 858 110 1095 748 704 642 887 811 271 181 90 119 540
internal_count=1953 858 110 1095 748 704 642 887 811 271 181 90 119 540
is_linear=0
shrinkage=0.05


Tree=79
num_leaves=15
num_cat=0
split_feature=3 7 6 8 3 7 6 6 7 2 7 0 1 4
split_gain=2.34632 2.23445 6.7208 4.88594 3.50603 3.33834 4.41133 7.65732 3.5359 4.07744 4.0831 3.12728 2.99549 2.8617
threshold=1.0000000180025095e-35 273.77550000000002 10.520000000000001 0.20900000000000002 96.074500000000015 250.03900000000002 10.275500000000001 9.8710000000000022 212.96600000000004 0.9669377691982991 190.62350000000001 15.162000000000001 -0.038721922313638066 24.564000000000004
decision_type=2 2 2 2 2 2 2 2 2 2 2 2 2 2
left_child=-1 5 3 4 11 6 7 8 9 10 13 -3 -11 -2
right_child=1 2 -4 -5 -6 -7 -8 -9 -10 12 -12 -13 -14 -15
leaf_value=0.0026426638402582362 9.5921457301823001e-05 -0.013214118311477742 0.00013064928201324605 0.0018743083298891142 -0.00026168988098654311 0.0067853729094946042 -0.0028529984286902554 0.016260729241781346 -0.0092428127997551748 -0.0084887626444059231 0.010315191481937321 -0.024689691139946669 0.0025744984683805875 0.011244573367923975
leaf_weight=95 263 55 934 41 65 60 95 44 54 49 40 56 52 50
leaf_count=95 263 55 934 41 65 60 95 44 54 49 40 56 52 50
internal_value=0.000230415 -0.000161464 -0.00152042 -0.009447 -0.0130682 0.00205092 0.00100464 0.00271739 0.000984252 0.00242291 0.00495751 -0.0184685 -0.00643564 0.00303514
internal_weight=1953 1858 1151 217 176 707 647 552 508 454 353 111 101 313
internal_count=1953 1858 1151 217 176 707 647 552 508 454 353 111 101 313
is_linear=0
shrinkage=0.05


Tree=80
num_leaves=15
num_cat=0
split_feature=8 8 8 1 7 0 5 2 3 0 6 8 4 4
split_gain=2.22955 4.80904 4.46692 5.46997 4.03689 6.22014 4.717 4.21672 4.09939 3.38938 5.71305 2.93182 4.18228 4.74121
threshold=-0.28949999999999992 -0.35049999999999992 -0.11149999999999999 0.31676515716386888 115.81500000000001 10.322000000000001 5.0600000000000014 0.88234143329564307 99.699000000000012 8.2710000000000026 7.9815000000000014 -2.1944999999999992 24.863500000000005 17.502500000000005
decision_type=2 2 2 2 2 2 2 2 2 2 2 2 2 2
left_child=1 9 3 -2 5 -4 8 -8 -6 10 -1 -11 13 -13
right_child=2 -3 4 -5 6 -7 7 -9 -10 11 -12 12 -14 -15
leaf_value=0.0087487010822935671 0.00022909806391668703 -0.0079244229744729455 -0.00038786450686493991 0.015351213220342136 -0.00023488316707611647 0.0056728659053333691 -0.00019274010109079643 0.012518843419462942 -0.0087044408475755956 -0.0036392935083319495 -0.00067775403971156588 0.00035960418415945664 0.016293136717059231 -0.0029656284531143773
leaf_weight=62 74 53 78 60 89 63 423 44 51 70 49 568 40 229
leaf_count=62 74 53 78 60 89 63 423 44 51 70 49 568 40 229
internal_value=0.000179211 -0.00135387 0.00204082 0.0104478 0.000534759 0.00815603 -0.00123558 0.00117773 -0.00928571 -0.000589391 0.00765766 -0.00159868 -0.000776583 -0.00156838
internal_weight=1953 1071 882 134 748 141 607 467 140 1018 111 907 837 797
internal_count=1953 1071 882 134 748 141 607 467 140 1018 111 907 837 797
is_linear=0
shrinkage=0.05


Tree=81
num_leaves=15
num_cat=0
split_feature=8 1 5 1 1 0 1 5 5 4 0 5 0 4
split_gain=1.97562 2.81701 2.38525 2.25799 2.12003 8.02936 6.27779 7.14421 5.23346 5.13392 5.00416 3.22777 3.3239 3.65495
threshold=-2.1944999999999992 0.97653720355785967 3.6580000000000008 0.99351875964795655 0.5043284533698108 20.223500000000005 0.30041382580050413 5.0600000000000014 10.718500000000001 10.423500000000002 11.944000000000001 4.1625000000000005 6.1860000000000008 9.4305000000000003
decision_type=2 2 2 2 2 2 2 2 2 2 2 2 2 2
left_child=2 4 -1 -3 6 9 11 -8 -9 10 -6 -2 -13 -14
right_child=1 3 -4 -5 5 -7 7 8 -10 -11 -12 12 13 -15
leaf_value=0.00062327864654956324 0.0034467843131952797 0.019948614372931779 -0.0043952391324222186 0.00053018735167790348 -0.0028792661338865248 0.010202543971767647 -0.0042025779485241081 0.024536369344407647 0.0057419655731396485 -0.00024820143838780732 -0.032868596000659382 -0.0073249719635496511 0.0020658477663065169 -0.00084108951358967681
leaf_weight=43 216 64 46 76 52 41 50 44 42 369 50 55 171 634
leaf_count=43 216 64 46 76 52 41 50 44 42 369 50 55 171 634
internal_value=-2.56016e-05 0.000321888 -0.00730337 0.00714286 -0.000232019 -0.00292969 0.000907591 0.0110294 0.0197674 -0.00477707 -0.0147059 -0.000371747 -0.00174419 -0.000931677
internal_weight=1953 1864 89 140 1724 512 1212 136 86 471 102 1076 860 805
internal_count=1953 1864 89 140 1724 512 1212 136 86 471 102 1076 860 805
is_linear=0
shrinkage=0.05


Tree=82
num_leaves=15
num_cat=0
split_feature=8 8 8 8 4 4 8 4 4 0 0 0 5 4
split_gain=2.03886 5.2464 4.4078 4.23554 3.68483 3.88362 5.33411 3.51215 3.58382 9.11336 5.37713 6.05996 5.32506 4.65046
threshold=-0.26249999999999996 -0.50749999999999995 -0.55849999999999989 -0.11149999999999999 26.497500000000006 20.965500000000002 1.2730000000000001 25.133500000000002 17.056000000000001 18.716000000000005 15.324000000000002 11.892500000000002 7.705000000000001 8.5975000000000019
decision_type=2 2 2 2 2 2 2 2 2 2 2 2 2 2
left_child=1 2 7 -2 5 -5 -7 8 10 12 11 -1 -10 -12
right_child=3 -3 -4 4 -6 6 -8 -9 9 -11 13 -13 -14 -15
leaf_value=0.0001463491022745969 0.0079271693842563832 -0.0047216732639508681 0.011767397768187257 -9.6054368690529088e-05 -0.0042229206151881615 0.00066897489763317886 0.016704277243358934 0.0071402189317477235 -0.0011796547083486294 -0.012577895020583308 -0.0029098661521348768 -0.010563430084567782 0.0060162044443971274 0.006888458810816212
leaf_weight=136 110 208 53 581 44 81 42 70 95 91 69 73 63 237
leaf_count=136 110 208 53 581 44 81 42 70 95 91 69 73 63 237
internal_value=-7.68049e-05 -0.00150685 0.000169109 0.00174825 0.00040107 0.00127841 0.00934959 -0.000719424 -0.00170157 -0.00662651 0.000679612 -0.00550239 0.000632911 0.00490196
internal_weight=1953 1095 887 858 748 704 123 834 764 249 515 209 158 306
internal_count=1953 1095 887 858 748 704 123 834 764 249 515 209 158 306
is_linear=0
shrinkage=0.05


Tree=83
num_leaves=15
num_cat=0
split_feature=1 1 3 7 3 2 7 5 1 1 6 6 3 1
split_gain=2.81857 3.10611 5.74856 2.96894 3.22561 3.83206 8.20265 5.06993 6.15734 4.78598 3.71578 5.33336 5.21927 4.73628
threshold=-0.99628894895067444 -0.96230016621822467 70.321500000000015 805.90300000000013 1.0000000180025095e-35 -0.030120304846908235 519.47200000000009 7.2550000000000008 0.23416947364604893 0.98336225177674941 14.585000000000003 14.929500000000003 20.073000000000004 -0.38962684145003712
decision_type=2 2 2 2 2 2 2 2 2 2 2 2 2 2
left_child=-1 2 -2 4 -3 9 7 -7 -9 10 12 -12 -6 -14
right_child=1 3 -4 -5 5 6 -8 8 -10 -11 11 -13 13 -15
leaf_value=0.0014963000526855162 0.0023580944647025475 0.0072190630471553165 -0.0090907104644468734 -0.0042612681095750005 -0.0269961069248906 -0.00023325234563130738 -0.017487113548858364 -0.00027080818460234192 0.0072404354622125746 0.019136860813016104 -0.029668643116506185 0.0004570519543186047 0.0067409253476803602 0.0029824500142939647
leaf_weight=50 45 59 65 224 44 638 59 41 75 48 42 165 130 268
leaf_count=50 45 59 65 224 44 638 59 41 75 48 42 165 130 268
internal_value=0.000281618 -2.62743e-05 -0.00818182 0.000474066 0.00124283 0.000794702 -0.00153752 -0.000132626 0.00948276 0.00351506 0.00238829 -0.0031401 0.00497738 0.00678392
internal_weight=1953 1903 110 1793 1569 1510 813 754 116 697 649 207 442 398
internal_count=1953 1903 110 1793 1569 1510 813 754 116 697 649 207 442 398
is_linear=0
shrinkage=0.05


Tree=84
num_leaves=15
num_cat=0
split_feature=1 1 3 2 5 2 5 7 1 0 5 7 2 1
split_gain=2.79399 2.48793 5.0129 2.2803 3.39563 3.33596 2.48162 5.93672 5.30786 5.82854 4.24165 3.90692 3.7106 4.84441
threshold=-0.99628894895067444 -0.96230016621822467 70.321500000000015 -0.97218766834954651 14.267500000000002 -0.9951106240145321 7.4095000000000004 551.17000000000019 0.14984488681196825 19.391500000000004 14.267500000000002 461.92900000000003 -0.72066714955386091 0.48941038753127741
decision_type=2 2 2 2 2 2 2 2 2 2 2 2 2 2
left_child=-1 2 -2 4 5 -3 12 8 9 -8 -9 -10 -5 -14
right_child=1 3 -4 6 -6 -7 7 10 11 -11 -12 -13 13 -15
leaf_value=0.0014214850500512397 0.0022401897414674201 -0.0082184189137969304 -0.0086361749412245305 0.0091595924585237964 -0.010990073766476172 0.0073675862317962929 -0.0037686027165085012 -0.0015437074410329947 0.016030642430043578 0.008081410491897003 0.0064428954033946108 0.00096260304653080506 0.00025166506456296563 -0.0028035271418881489
leaf_weight=50 45 44 65 79 71 52 53 409 79 54 131 52 504 265
leaf_count=50 45 44 65 79 71 52 53 409 79 54 131 52 504 265
internal_value=0.000332821 2.62743e-05 -0.00727273 0.000474066 -0.00508982 0.00104167 0.00104551 0.00308483 0.00966387 0.00140187 0.000185185 0.0164122 -0.000825472 -0.00188557
internal_weight=1953 1903 110 1793 167 96 1626 778 238 107 540 131 848 769
internal_count=1953 1903 110 1793 167 96 1626 778 238 107 540 131 848 769
is_linear=0
shrinkage=0.05


Tree=85
num_leaves=15
num_cat=0
split_feature=1 1 3 8 1 5 5 1 0 1 5 5 7 1
split_gain=3.15199 2.72065 4.50667 2.50315 3.28339 3.87503 4.40897 2.9795 6.66945 4.81777 6.46227 4.3138 4.071 3.61561
threshold=-0.9946616089973247 -0.96230016621822467 70.321500000000015 -2.1944999999999992 0.94917575150333644 8.1460000000000026 10.214500000000001 0.5043284533698108 20.223500000000005 0.30041382580050413 5.0600000000000014 10.718500000000001 92.934500000000014 -0.38962684145003712
decision_type=2 2 2 2 2 2 2 2 2 2 2 2 2 2
left_child=-1 2 -2 -3 7 -6 -7 9 12 13 -11 -12 -9 -5
right_child=1 3 -4 4 5 6 -8 8 -10 10 11 -13 -14 -15
leaf_value=0.0013504107975486777 0.002262838697936588 -0.0021133126838365213 -0.0082904287692561456 0.0008673515019979039 -0.0010854035444082533 0.014262217154762745 0.0020866441402944617 0.0068681959825466045 0.0096382426101688512 -0.0041700784093620337 0.023016846656253264 0.0054768367893072321 -0.0040006718921924136 -0.0021530337720896855
leaf_weight=60 40 79 60 493 79 44 83 46 41 50 44 42 359 433
leaf_count=60 40 79 60 493 79 44 83 46 41 50 44 42 359 433
internal_value=0.000384025 2.64131e-05 -0.008 0.000474066 0.000875146 0.00679612 0.0122047 6.6313e-05 -0.00336323 0.00150659 0.0102941 0.0186047 -0.00530864 0.000215983
internal_weight=1953 1893 100 1793 1714 206 127 1508 446 1062 136 86 405 926
internal_count=1953 1893 100 1793 1714 206 127 1508 446 1062 136 86 405 926
is_linear=0
shrinkage=0.05


Tree=86
num_leaves=15
num_cat=0
split_feature=1 1 3 7 3 3 4 7 5 8 5 5 3 8
split_gain=3.06675 3.56269 3.52667 2.72777 3.11895 3.42605 3.92381 3.06796 3.8009 2.87868 2.22129 5.89451 5.19806 5.76838
threshold=-0.9946616089973247 -0.96230016621822467 70.321500000000015 805.90300000000013 1.0000000180025095e-35 5.0460000000000012 12.301000000000002 836.79750000000013 13.629500000000002 -0.94999999999999984 6.5140000000000002 5.8330000000000011 95.520500000000013 -0.50749999999999995
decision_type=2 2 2 2 2 2 2 2 2 2 2 2 2 2
left_child=-1 2 -2 4 -3 6 -6 8 -5 -9 11 12 13 -7
right_child=1 3 -4 7 5 10 -8 9 -10 -11 -12 -13 -14 -15
leaf_value=0.0012828902576712431 0.0021496967630397572 0.0068021590664695073 -0.0078759073307933369 -0.00076692511440915956 0.00051069468110108852 0.0081678989870037442 -0.009823148180567105 -0.005107074722091598 -0.019767901154243084 0.0031488879039928541 0.001805997764721834 -0.0055478570628251962 -0.00035687405411947569 0.0021033539875529596
leaf_weight=60 40 59 60 40 72 41 89 47 51 86 651 83 464 110
leaf_count=60 40 59 60 40 72 41 89 47 51 86 651 83 464 110
internal_value=0.000537634 0.000184892 -0.009 0.000697156 0.00143403 0.000993377 -0.00590062 -0.00446429 -0.0115385 0.00037594 0.00181616 -0.000143266 0.00154472 0.00960265
internal_weight=1953 1893 100 1793 1569 1510 161 224 91 133 1349 698 615 151
internal_count=1953 1893 100 1793 1569 1510 161 224 91 133 1349 698 615 151
is_linear=0
shrinkage=0.05


Tree=87
num_leaves=15
num_cat=0
split_feature=8 1 5 5 1 6 5 5 5 0 6 5 5 6
split_gain=2.23373 3.32541 3.87503 2.98181 2.82837 3.87516 2.38525 2.38496 3.49132 4.86867 5.1046 4.87321 4.01168 3.10404
threshold=-2.1944999999999992 0.94917575150333644 8.1460000000000026 10.214500000000001 0.89896131060349826 11.800500000000001 3.6580000000000008 1.4300000000000004 4.1625000000000005 10.055000000000001 8.3515000000000033 2.9395000000000002 4.5730000000000013 8.0450000000000017
decision_type=2 2 2 2 2 2 2 2 2 2 2 2 2 2
left_child=6 4 -3 -4 7 -6 -1 -2 9 10 -9 13 -10 -11
right_child=1 2 3 -5 5 -7 -8 8 12 11 -12 -13 -14 -15
leaf_value=0.00037354314174169461 -0.0032459795768585487 -0.00113630106656549 0.013458806408788515 0.0016422039799562629 0.00055897970915247397 -0.019253744081428648 -0.0039287257039467066 0.0070761790211820207 -0.0078052370333430215 -0.0027797800025965991 -0.010958570581833362 0.016520704086267358 9.8143820301729861e-05 0.005195241604500956
leaf_weight=43 59 79 44 83 40 45 46 62 57 43 54 73 1184 41
leaf_count=43 59 79 44 83 40 45 46 62 57 43 54 73 1184 41
internal_value=0.000435228 0.000804721 0.00679612 0.0122047 6.03136e-05 -0.00882353 -0.00730337 0.000540369 0.000924703 0.00604396 -0.00172414 0.0117834 -0.00020145 0.00357143
internal_weight=1953 1864 206 127 1658 85 89 1573 1514 273 116 157 1241 84
internal_count=1953 1864 206 127 1658 85 89 1573 1514 273 116 157 1241 84
is_linear=0
shrinkage=0.05


Tree=88
num_leaves=15
num_cat=0
split_feature=8 4 1 5 1 5 8 3 3 5 5 0 7 5
split_gain=2.74912 3.2444 3.06234 3.418 3.24342 2.56442 2.53241 6.55066 3.62331 3.11222 4.33649 8.61044 5.80702 4.45113
threshold=-1.8854999999999997 17.951000000000004 0.94917575150333644 8.1460000000000026 0.90880922144842624 10.400500000000001 -1.3194999999999999 45.020000000000003 99.997500000000016 2.0015000000000005 4.3120000000000003 10.627500000000001 111.10200000000002 5.0270000000000001
decision_type=2 2 2 2 2 2 2 2 2 2 2 2 2 2
left_child=1 -1 4 -4 6 -5 7 -2 -9 -8 11 -11 -13 -12
right_child=2 -3 3 5 -6 -7 9 8 -10 10 13 12 -14 -15
leaf_value=-0.01316763888800942 -0.0179471266542027 -0.00010823017822715332 -0.00091809640615564544 0.013311807636804385 -0.0086616984646781196 0.0015600937809584498 -0.003349646820833373 0.0094067770247499016 0.0014081541436924223 -0.0023755423879208075 -0.0066066270329892046 0.018050999702473394 0.012455144276531358 0.00014010394278995836
leaf_weight=53 52 93 78 40 66 79 101 41 62 100 108 40 62 978
leaf_count=53 52 93 78 40 66 79 101 41 62 100 108 40 62 978
internal_value=0.000435228 -0.00616438 0.000968456 0.00685279 0.000248447 0.0121849 0.000712435 0.00677419 0.0140777 3.59971e-05 0.000698758 0.00742574 0.0176471 -0.000552486
internal_weight=1953 146 1807 197 1610 119 1544 155 103 1389 1288 202 102 1086
internal_count=1953 146 1807 197 1610 119 1544 155 103 1389 1288 202 102 1086
is_linear=0
shrinkage=0.05


Tree=89
num_leaves=15
num_cat=0
split_feature=8 1 5 6 1 6 5 1 4 8 4 4 5 3
split_gain=2.14593 2.4871 3.05797 2.90667 2.7901 3.87516 2.38525 2.14604 2.68797 2.99665 5.37131 6.01266 5.60384 4.06738
threshold=-2.1944999999999992 0.94917575150333644 8.1460000000000026 13.510500000000002 0.89896131060349826 11.800500000000001 3.6580000000000008 0.86674087925701782 25.668000000000003 0.56900000000000006 16.233000000000004 14.301500000000003 4.7005000000000008 4.9820000000000011
decision_type=2 2 2 2 2 2 2 2 2 2 2 2 2 2
left_child=6 4 -3 -4 7 -6 -1 8 9 13 11 -11 -12 -2
right_child=1 2 3 -5 5 -7 -8 -9 -10 10 12 -13 -14 -15
leaf_value=0.00036027749356596365 -0.0054416470205454039 -0.0010335811929294337 0.016495393758213055 0.0012474893414859329 0.0007502789397674809 -0.017857971954123308 -0.0037268779098380126 0.0037524503900004391 0.0049451465273124308 0.00030876151200265881 0.021220471010893513 -0.017418848351593155 0.0021614057985347131 -3.9955079281156495e-05
leaf_weight=43 158 79 63 64 40 45 46 44 74 105 40 41 84 1027
leaf_count=43 158 79 63 64 40 45 46 44 74 105 40 41 84 1027
internal_value=0.000281618 0.000643777 0.00582524 0.0106299 0 -0.00882353 -0.00730337 0.000476796 0.000163506 -0.000309278 0.00444444 -0.00205479 0.0120968 -0.00139241
internal_weight=1953 1864 206 127 1658 85 89 1573 1529 1455 270 146 124 1185
internal_count=1953 1864 206 127 1658 85 89 1573 1529 1455 270 146 124 1185
is_linear=0
shrinkage=0.05


Tree=90
num_leaves=15
num_cat=0
split_feature=1 1 5 5 1 7 5 2 1 2 1 4 3 6
split_gain=1.93857 2.69539 5.02355 6.22699 3.39698 3.0093 10.9539 3.83077 5.45601 5.23679 4.94952 4.08339 3.43391 4.83957
threshold=-0.99628894895067444 -0.9523687564627995 10.789500000000002 7.565500000000001 -0.89391031859722847 461.92900000000003 8.1460000000000026 0.49751328890718055 -0.47434769705567575 0.69017338824297181 -0.59817537509284269 18.527500000000003 0.015500000000000002 10.520000000000001
decision_type=2 2 2 2 2 2 2 2 2 2 2 2 2 2
left_child=-1 2 3 -2 -3 6 7 8 -6 11 -11 -9 -7 -14
right_child=1 4 -4 -5 5 12 -8 9 -10 10 -12 -13 13 -15
leaf_value=0.00057207121032843149 -0.0005853427742767641 0.0053666242049896125 0.0024294440336766598 -0.022367041748553109 0.0051943469879488658 0.0020588849599831121 0.013040909519730349 -0.0042731490951995804 0.00025228310354787341 0.0074316453979895091 -0.00027834530889697537 8.2003409340547509e-05 -0.018751333371853231 -0.00062991242857947318
leaf_weight=50 45 90 44 41 50 59 99 81 198 42 399 43 70 642
leaf_count=50 45 90 44 41 50 59 99 81 198 42 399 43 70 642
internal_value=0.000281618 2.62743e-05 -0.00692308 -0.0139535 0.000535815 2.97089e-05 0.00197368 6.15006e-05 0.00524194 -0.00221239 0.000340136 -0.0112903 -0.00226978 -0.00323034
internal_weight=1953 1903 130 86 1773 1683 912 813 248 565 441 124 771 712
internal_count=1953 1903 130 86 1773 1683 912 813 248 565 441 124 771 712
is_linear=0
shrinkage=0.05


Tree=91
num_leaves=15
num_cat=0
split_feature=1 1 7 1 7 1 8 1 2 1 1 4 4 8
split_gain=2.46341 3.3151 4.79828 2.82787 3.25079 3.04576 5.84727 3.73321 3.73165 2.53002 2.7243 2.89492 6.1446 6.15046
threshold=-0.9946616089973247 -0.9523687564627995 481.6185000000001 -0.89391031859722847 399.24500000000006 -0.69016699705532203 -0.88849999999999996 -0.55176847662110995 0.49751328890718055 -0.49316180905692092 -0.38962684145003712 14.193500000000002 20.458000000000002 0.94700000000000006
decision_type=2 2 2 2 2 2 2 2 2 2 2 2 2 2
left_child=-1 2 -2 4 -3 6 -5 -7 -8 -9 -11 -12 13 -13
right_child=1 3 -4 5 -6 7 8 9 -10 10 11 12 -14 -15
leaf_value=0.00091449491415892268 -0.01053806040931512 2.2444397544812977e-05 0.0023079718319928247 -0.016051652610404234 0.015288892754825237 0.0040027045432536115 0.0036513206800682487 -0.009380522887555337 -0.0049689660881827597 0.0039057253893156579 0.00082066238720307494 -0.005500147675039313 0.00081263924844082389 0.0041785636087459058
leaf_weight=60 74 48 46 66 42 102 79 40 55 72 575 352 290 52
leaf_count=60 74 48 46 66 42 102 79 40 55 72 575 352 290 52
internal_value=2.56016e-05 -0.000290544 -0.00833333 0.000253807 0.00888889 -0.000207962 -0.006 0.000573163 0 -0.000108617 0.000260999 -0.000275808 -0.00244957 -0.00643564
internal_weight=1953 1893 120 1773 90 1683 200 1483 134 1381 1341 1269 694 404
internal_count=1953 1893 120 1773 90 1683 200 1483 134 1381 1341 1269 694 404
is_linear=0
shrinkage=0.05


Tree=92
num_leaves=15
num_cat=0
split_feature=3 3 8 0 0 6 5 5 5 1 7 2 2 2
split_gain=1.85594 2.10992 3.84005 2.79446 3.36326 2.64106 2.98538 4.31107 6.11542 5.46939 4.40567 3.52808 5.61993 3.8016
threshold=1.0000000180025095e-35 4.9250000000000007 -0.26249999999999996 26.969000000000005 24.995000000000001 16.141500000000004 11.412500000000003 10.174000000000001 8.6685000000000016 -0.11988119229922732 577.70500000000004 -0.72066714955386091 -0.23449138957041005 -0.91780143710280748
decision_type=2 2 2 2 2 2 2 2 2 2 2 2 2 2
left_child=-1 2 -2 4 5 6 7 8 11 -10 -11 13 -13 -3
right_child=1 3 -4 -5 -6 -7 -8 -9 9 10 -12 12 -14 -15
leaf_value=0.0009052237355252319 -0.011841498871577472 -0.0029678477775474501 0.00036467081863316293 0.010491891822026001 -0.014521496123290518 -0.0086889472804739572 0.0034339066887435405 -0.0036855880752193985 -0.0031242634447207103 0.014334347016069133 0.0031958806697617304 -0.0050719064846254797 -6.99801676933648e-05 0.011996920689025747
leaf_weight=95 77 63 56 61 58 40 258 134 55 52 45 112 774 73
leaf_count=95 77 63 56 61 58 40 258 134 55 52 45 112 774 73
internal_value=2.56016e-05 -0.000322928 -0.00639098 0.000144928 -0.000240385 0.0001868 0.000510856 -0.000458716 0.000511073 0.00986842 0.0170103 -0.000880626 -0.0020316 0.00661765
internal_weight=1953 1858 133 1725 1664 1606 1566 1308 1174 152 97 1022 886 136
internal_count=1953 1858 133 1725 1664 1606 1566 1308 1174 152 97 1022 886 136
is_linear=0
shrinkage=0.05


Tree=93
num_leaves=15
num_cat=0
split_feature=0 6 3 2 3 4 1 1 6 0 0 1 1 6
split_gain=2.19269 3.43239 2.19397 4.27287 2.84015 1.58033 8.43082 6.63349 5.0082 5.24189 4.28273 2.82357 3.25907 2.58727
threshold=4.980500000000001 7.8140000000000009 0.28550000000000003 0.0064435096891653281 4.5180000000000007 9.4305000000000003 0.59055600833485278 0.90880922144842624 7.2560000000000011 15.030000000000001 21.741500000000002 -0.99273952934267318 -0.9523687564627995 15.855000000000002
decision_type=2 2 2 2 2 2 2 2 2 2 2 2 2 2
left_child=1 -1 3 -2 -4 6 8 -8 -6 -10 -11 -7 -13 -14
right_child=2 -3 4 -5 5 11 7 -9 9 10 -12 12 13 -15
leaf_value=0.001856437538329825 -0.000600776874979675 -0.0047885170216812011 -0.0063325823783090679 0.0059016629910987276 -0.0044497336168564773 0.0019736419688330883 -0.025688123387349989 0.00040303123749846348 0.025843348850039784 -4.0557136620270054e-05 0.0045248021701230767 -0.0060204270391295452 8.8570766750439156e-05 -0.0068038342077758
leaf_weight=41 68 55 72 55 49 47 54 47 54 50 69 72 1142 78
leaf_count=41 68 55 72 55 49 47 54 47 54 50 69 72 1142 78
internal_value=7.68049e-05 -0.00729167 0.000457728 0.00691057 0 0.000421179 0.00356037 -0.00841584 0.00900901 0.0130058 0.00714286 -0.000336072 -0.000773994 -0.000163934
internal_weight=1953 96 1857 123 1734 1662 323 101 222 173 119 1339 1292 1220
internal_count=1953 96 1857 123 1734 1662 323 101 222 173 119 1339 1292 1220
is_linear=0
shrinkage=0.05


Tree=94
num_leaves=15
num_cat=0
split_feature=0 6 1 5 7 4 1 5 2 2 0 1 4 2
split_gain=2.19269 3.43239 1.73664 4.13785 3.63142 2.44076 2.01854 1.73525 1.90375 6.38096 4.00223 2.19386 2.06436 8.05153
threshold=4.980500000000001 7.8140000000000009 0.94917575150333644 8.6685000000000016 411.11100000000005 18.199000000000002 0.91348692408873478 1.4300000000000004 0.86993731518838324 0.95250647826689006 7.0565000000000007 0.87795195455888941 15.933000000000002 0.69017338824297181
decision_type=2 2 2 2 2 2 2 2 2 2 2 2 2 2
left_child=1 -1 6 4 -4 -5 7 -2 10 -10 -9 12 13 -12
right_child=2 -3 3 5 -6 -7 -8 8 9 -11 11 -13 -14 -15
leaf_value=0.0017636156614133315 -0.0018860893557258313 -0.0045490911705971405 0.00073333173591760283 0.0036753784254604906 -0.0039592004731446532 0.0083536469180777537 -0.0079328855786224561 -0.0031828343439765875 0.013775064022131642 -0.00052395523008161792 0.00012550406682772659 0.0036464070177591986 -0.00065136823909897612 0.012605271814388339
leaf_weight=41 64 55 48 79 44 41 61 43 89 120 621 44 549 54
leaf_count=41 64 55 48 79 44 41 61 43 89 120 621 44 549 54
internal_value=7.68049e-05 -0.00729167 0.000457728 0.00471698 -0.00326087 0.0108333 -9.11854e-05 0.000252525 0.000592105 0.00502392 -0.000114416 0.000394322 0 0.00185185
internal_weight=1953 96 1857 212 92 120 1645 1584 1520 209 1311 1268 1224 675
internal_count=1953 96 1857 212 92 120 1645 1584 1520 209 1311 1268 1224 675
is_linear=0
shrinkage=0.05


Tree=95
num_leaves=15
num_cat=0
split_feature=7 7 6 6 5 6 4 4 2 0 3 2 7 8
split_gain=1.61646 3.09394 2.76822 2.81337 4.00812 4.8348 4.42295 3.63965 3.40343 3.44687 3.0582 2.78976 3.8438 4.29238
threshold=861.34000000000015 805.90300000000013 15.826500000000001 14.497000000000002 8.6685000000000016 10.477500000000001 19.924500000000005 15.834000000000001 -0.62971025403082126 17.102500000000003 96.487500000000011 -0.68784539311941617 226.54000000000002 1.0185000000000002
decision_type=2 2 2 2 2 2 2 2 2 2 2 2 2 2
left_child=1 2 3 4 11 7 -7 -6 10 -10 -5 -1 -13 -14
right_child=-2 -3 -4 8 5 6 -8 -9 9 -11 -12 12 13 -15
leaf_value=0.0059973076627538929 0.0026759832061941571 -0.0044298903798423162 0.0066768389687023927 -0.022129417797206299 -0.0075909451479393682 0.0062252815051864838 -0.00089227596026127056 0.0018163909790008259 -0.0034181541599278028 0.0026783850434356354 -0.00019627302582387598 0.00014431505373890263 -0.0039263618254336838 0.0012162032572227213
leaf_weight=144 42 182 70 54 50 217 66 41 59 48 42 539 337 62
leaf_count=144 42 182 70 54 50 217 66 41 59 48 42 539 337 62
internal_value=-0.000179211 -0.000392465 0.000260266 -0.000150693 0.000618132 0.00508021 0.00830389 -0.00494505 -0.00566502 0.00046729 -0.0125 -0.000924214 -0.00191898 -0.0056391
internal_weight=1953 1911 1729 1659 1456 374 283 91 203 107 96 1082 938 399
internal_count=1953 1911 1729 1659 1456 374 283 91 203 107 96 1082 938 399
is_linear=0
shrinkage=0.05


Tree=96
num_leaves=15
num_cat=0
split_feature=0 6 8 8 5 0 0 2 6 0 8 3 2 3
split_gain=1.77736 2.81042 1.77124 3.24468 2.38393 5.36829 2.37673 6.4511 2.21872 4.62075 4.42325 7.14226 4.79776 4.55741
threshold=4.980500000000001 7.8140000000000009 -1.8854999999999997 -1.5854999999999999 2.0015000000000005 11.692000000000002 15.524500000000002 0.63874942205152718 14.549500000000002 24.024000000000004 -1.0039999999999998 65.749000000000009 -0.77547391234167817 0.54950000000000021
decision_type=2 2 2 2 2 2 2 2 2 2 2 2 2 2
left_child=1 -1 6 -4 5 -5 7 -2 9 10 11 -6 -12 -14
right_child=2 -3 3 4 8 -7 -8 -9 -10 -11 12 -13 13 -15
leaf_value=0.0016682191256557179 0.0060306417633588238 -0.004334271768740211 0.0095684499908284433 0.00077230820186771632 -0.029834042763677716 -0.0047840096668424984 -0.012305362397929504 -0.0031950350268509509 -0.00070233983914948228 0.0100652688727493 0.0096732985162108244 0.00033076066195459334 0.0048628695697496994 0.00011829356093209786
leaf_weight=41 44 55 75 67 42 41 40 53 398 49 147 109 50 742
leaf_count=41 44 55 75 67 42 41 40 53 398 49 147 109 50 742
internal_value=0.000384025 -0.00625 0.000726979 0.00116279 0.000699088 -0.00648148 -0.00474453 -0.000515464 0.00120364 0.0023266 0.00165138 -0.00629139 0.00292865 0.00138889
internal_weight=1953 96 1857 1720 1645 108 137 97 1537 1139 1090 151 939 792
internal_count=1953 96 1857 1720 1645 108 137 97 1537 1139 1090 151 939 792
is_linear=0
shrinkage=0.05


Tree=97
num_leaves=15
num_cat=0
split_feature=7 7 6 5 6 7 0 0 0 7 7 3 5 7
split_gain=1.53228 3.36054 2.60628 2.37987 4.22558 1.88754 2.00349 4.14082 3.40398 2.16699 7.44757 2.17942 2.121 5.06629
threshold=861.34000000000015 805.90300000000013 15.826500000000001 14.519000000000002 15.145500000000002 746.77500000000009 21.148000000000003 22.383500000000005 19.980500000000003 634.1640000000001 592.1880000000001 60.826000000000008 8.2075000000000014 489.14700000000005
decision_type=2 2 2 2 2 2 2 2 2 2 2 2 2 2
left_child=1 2 3 4 5 6 8 -8 9 10 12 -11 13 -1
right_child=-2 -3 -4 -5 -6 -7 7 -9 -10 11 -12 -13 -14 -15
leaf_value=-8.1878595900705683e-05 0.0023179100789579121 -0.0041732788688927215 0.0063781140122247454 0.010712530307345286 -0.012996852879010501 0.0028395061725398408 -0.018973259133551607 0.00032818967554907322 0.0036862924759935782 -0.024321222233877726 0.0084213326649568605 0.0010262981659216659 0.0025650260935071367 -0.0095461324173925395
leaf_weight=916 42 182 70 51 78 41 56 71 54 41 47 46 217 41
leaf_count=916 42 182 70 51 78 41 56 71 54 41 47 46 217 41
internal_value=7.68049e-05 -0.000130822 0.000549451 0.000150693 -0.000186567 0.000392157 0.000100739 -0.00590551 0.000660793 0.000152905 0.000696151 -0.00747126 -8.51789e-05 -0.00109718
internal_weight=1953 1911 1729 1659 1608 1530 1489 127 1362 1308 1221 87 1174 957
internal_count=1953 1911 1729 1659 1608 1530 1489 127 1362 1308 1221 87 1174 957
is_linear=0
shrinkage=0.05


Tree=98
num_leaves=15
num_cat=0
split_feature=1 5 0 4 4 1 1 1 1 1 0 4 6 1
split_gain=1.7211 3.84734 4.38873 3.86747 3.67526 2.07166 1.71662 3.12522 2.26909 3.09711 2.13579 2.48912 4.74165 4.22184
threshold=0.94917575150333644 8.1460000000000026 12.265000000000002 19.124500000000001 12.134000000000002 0.91348692408873478 0.87795195455888941 0.84293373149377093 0.76864763646026912 0.7228803174530144 4.4200000000000008 11.575000000000001 5.2215000000000007 -0.95747632178960107
decision_type=2 2 2 2 2 2 2 2 2 2 2 2 2 2
left_child=5 2 -2 4 -3 6 7 8 9 10 -1 12 -12 -14
right_child=1 3 -4 -5 -6 -7 -8 -9 -10 -11 11 -13 13 -15
leaf_value=-0.0074036366124356438 0.0045409055849856992 0.010982654748528883 -0.011469367207629269 0.01292658765266467 -0.0035113457806921298 -0.0077567404032687429 0.0032886501305369967 -0.0022162308223150629 0.0055273411564279347 -0.0012557259837413437 -0.01475806893218895 -0.00015723072370133764 -0.002738707036557167 0.0040443885133644138
leaf_weight=68 42 51 41 40 40 64 51 44 81 44 51 972 54 310
leaf_count=68 42 51 41 40 40 64 51 44 81 44 51 972 54 310
internal_value=-2.56016e-05 0.00420561 -0.00421687 0.00954198 0.00384615 -0.000546291 -0.000208955 -0.000492611 -0.000126582 -0.000567045 -0.000171821 0.000252343 0.00349398 0.00549451
internal_weight=1953 214 83 131 91 1739 1675 1624 1580 1499 1455 1387 415 364
internal_count=1953 214 83 131 91 1739 1675 1624 1580 1499 1455 1387 415 364
is_linear=0
shrinkage=0.05


Tree=99
num_leaves=15
num_cat=0
split_feature=1 4 4 0 1 1 1 1 1 4 6 1 4 3
split_gain=1.89726 2.92294 5.74117 3.79383 1.49352 1.64921 1.45358 2.97715 3.16067 1.80748 3.9181 4.09639 5.54299 3.76757
threshold=0.94917575150333644 19.924500000000005 15.719000000000003 12.564500000000001 0.91348692408873478 0.87795195455888941 0.823915376013162 0.76864763646026912 0.7228803174530144 10.498000000000003 5.2215000000000007 -0.9523687564627995 5.4650000000000007 33.936500000000002
decision_type=2 2 2 2 2 2 2 2 2 2 2 2 2 2
left_child=4 2 3 -2 5 6 7 8 9 10 -1 -12 -13 -14
right_child=1 -3 -4 -5 -6 -7 -8 -9 -10 -11 11 12 13 -15
leaf_value=-0.013660336527791174 0.018212858856894183 0.0019773418137094103 -0.0061874920616329038 -0.00029048688091025122 -0.0073689033831053049 0.0031242176240101451 -0.0021054192811993107 0.0091208095328083171 -0.0011929396845542764 -0.00016448979143570132 -0.0026017716847293068 -0.0048569244452380984 0.0088806195107378662 0.0037685953969448997
leaf_weight=50 42 68 49 55 64 51 66 59 44 1089 44 65 66 141
leaf_count=50 42 68 49 55 64 51 66 59 44 1089 44 65 66 141
internal_value=0.000230415 0.0046729 0.000684932 0.00773196 -0.000316274 -2.98507e-05 -0.000307882 0 -0.000433622 -3.43643e-05 0.00300546 0.00506329 0.00735294 0.0113527
internal_weight=1953 214 146 97 1739 1675 1624 1558 1499 1455 366 316 272 207
internal_count=1953 214 146 97 1739 1675 1624 1558 1499 1455 366 316 272 207
is_linear=0
shrinkage=0.05


Tree=100
num_leaves=15
num_cat=0
split_feature=7 7 4 6 6 4 7 7 4 1 7 6 6 7
split_gain=2.00695 3.49235 3.3371 3.18449 2.35732 1.8269 6.36442 4.79925 2.70168 3.52831 3.87813 2.60341 2.69714 4.36132
threshold=805.90300000000013 844.86150000000009 15.685500000000003 15.575500000000002 15.826500000000001 20.896500000000003 601.6785000000001 446.54100000000005 23.061500000000006 0.1328271176880281 61.743000000000002 15.208000000000002 11.509500000000001 547.97700000000009
decision_type=2 2 2 2 2 2 2 2 2 2 2 2 2 2
left_child=4 2 -2 -3 5 11 7 8 -7 10 -10 12 13 -1
right_child=1 3 -4 -5 -6 6 -8 -9 9 -11 -12 -13 -14 -15
leaf_value=-1.2972427019322663e-05 -0.0019053393529490565 -0.0055692181626159978 -0.010542306796300967 0.013413449553804536 0.0056685591160980462 0.0044947486129931994 0.010940992174902311 -0.0040129091894610617 -0.00463804202177841 0.0073013996734630215 0.0018166167711943571 -0.012981852258655495 0.001219785222977385 -0.01645197500220439
leaf_weight=739 74 46 52 52 70 65 58 73 42 69 46 76 418 73
leaf_count=739 74 46 52 52 70 65 58 73 42 69 46 76 418 73
internal_value=0.000435228 -0.00401786 -0.00952381 0.00306122 0.00101215 0.000632911 0.00382436 0.000847458 0.0045045 0.000955414 -0.00568182 -0.000229709 0.000325203 -0.00135468
internal_weight=1953 224 126 98 1729 1659 353 295 222 157 88 1306 1230 812
internal_count=1953 224 126 98 1729 1659 353 295 222 157 88 1306 1230 812
is_linear=0
shrinkage=0.05


Tree=101
num_leaves=15
num_cat=0
split_feature=7 7 6 6 3 5 5 7 5 8 8 6 2 4
split_gain=1.73958 2.57555 2.54287 1.60884 8.84082 3.95312 4.25872 3.71627 3.91556 3.56277 4.27176 3.48339 10.715 3.34703
threshold=805.90300000000013 861.34000000000015 15.826500000000001 14.222500000000002 92.270500000000013 8.6685000000000016 9.2270000000000021 489.14700000000005 7.3455000000000004 0.19450000000000003 -1.345 13.172500000000001 -0.3792085569509222 4.9495000000000013
decision_type=2 2 2 2 2 2 2 2 2 2 2 2 2 2
left_child=2 -2 3 5 -5 7 -7 13 -9 10 -8 12 -12 -1
right_child=1 -3 -4 4 -6 6 9 8 -10 -11 11 -13 -14 -15
leaf_value=-0.011301180720095623 -0.0038026768215546625 0.002133191854221045 0.0053851311602931412 -0.0071722050969534219 0.0046044853180070098 0.011241395899471984 -0.010361048955072151 4.8249239635872471e-05 -0.0078730942535051862 -0.0034302436922405513 -0.01680327851389506 0.014788566242396004 0.0087382409048134112 0.00019485703267458355
leaf_weight=57 182 42 70 147 98 54 51 43 52 53 47 51 80 926
leaf_count=57 182 42 70 147 98 54 51 43 52 53 47 51 80 926
internal_value=0.000128008 -0.00401786 0.000665124 0.000271248 -0.00346939 0.000919378 0.00565476 -0.000556586 -0.01 0.00319149 0.0058952 0.00955056 0.00511811 0.000356053
internal_weight=1953 224 1729 1659 245 1414 336 1078 95 282 229 178 127 983
internal_count=1953 224 1729 1659 245 1414 336 1078 95 282 229 178 127 983
is_linear=0
shrinkage=0.05


Tree=102
num_leaves=15
num_cat=0
split_feature=1 6 6 4 8 8 8 7 4 0 1 1 1 0
split_gain=1.55851 3.49447 7.34832 2.97461 1.56899 4.54392 4.42629 4.18213 6.87356 5.96141 7.76436 4.1535 4.07897 3.18034
threshold=0.94917575150333644 11.884500000000001 13.510500000000002 16.720500000000005 -0.50749999999999995 -0.26249999999999996 -0.13199999999999998 625.79450000000008 16.496000000000002 19.980500000000003 0.1837425755813806 0.823915376013162 0.849084144669916 26.969000000000005
decision_type=2 2 2 2 2 2 2 2 2 2 2 2 2 2
left_child=4 3 -3 -2 7 -6 -7 12 9 -9 13 -8 -1 -11
right_child=1 2 -4 -5 5 6 11 8 -10 10 -12 -13 -14 -15
leaf_value=0.00052298317589937751 0.0009080634329116877 0.019417329022362539 6.7114304821097598e-05 -0.0034186090173127489 -0.003793089372557748 0.0062155898917069354 6.0953817005490046e-06 -0.011030196472793019 -0.015821764807405738 -0.0063933297646492637 0.01446931689297732 -0.0066768355036554705 0.0060848944328148399 0.0098392077809914668
leaf_weight=453 56 40 71 47 182 82 612 54 84 72 43 70 42 45
leaf_count=453 56 40 71 47 182 82 612 54 84 72 43 70 42 45
internal_value=0.000179211 0.00420561 0.0103604 -0.00242718 -0.000316274 -0.00169133 0 0.00132409 -0.0033557 0.00140187 0.00625 -0.00131965 0.00414141 -0.00042735
internal_weight=1953 214 111 103 1739 946 764 793 298 214 160 682 495 117
internal_count=1953 214 111 103 1739 946 764 793 298 214 160 682 495 117
is_linear=0
shrinkage=0.05


Tree=103
num_leaves=15
num_cat=0
split_feature=1 5 0 5 8 8 8 1 5 6 5 0 8 8
split_gain=1.85378 3.20304 3.50716 2.84896 2.12353 1.96356 4.26643 4.13202 3.9213 3.53096 4.18403 5.17782 3.28488 5.20107
threshold=0.94917575150333644 8.1460000000000026 12.265000000000002 10.214500000000001 -0.56899999999999984 -0.50749999999999995 -0.62299999999999989 0.84293373149377093 10.292000000000002 15.922000000000002 11.211500000000003 23.149500000000003 0.43650000000000005 0.77300000000000013
decision_type=2 2 2 2 2 2 2 2 2 2 2 2 2 2
left_child=5 2 -2 -3 -5 6 -1 9 -8 10 12 -12 -7 -14
right_child=1 3 -4 4 -6 7 8 -9 -10 -11 11 -13 13 -15
leaf_value=7.8978932058471068e-05 0.0033487199609633536 0.0079898814492590699 -0.010935871905130642 0.020111308611446627 -0.00022322805786524071 -0.0014269695291833106 0.018811892883693296 -0.0063609810184157931 -0.0012977844302018871 -0.0088609752542273042 0.008958735712751062 -0.013251774114863916 0.0067616219566648764 -0.00019166023410838173
leaf_weight=697 42 46 41 40 45 368 54 78 42 45 102 40 90 223
leaf_count=697 42 46 41 40 45 368 54 78 42 45 102 40 90 223
internal_value=0.000281618 0.0046729 -0.00301205 0.00954198 0.00411765 -0.000258769 0.00157629 -0.00179704 0.0114583 -0.000806452 -6.07533e-05 0.00774648 -0.00168869 0.00207668
internal_weight=1953 214 83 131 85 1739 793 946 96 868 823 142 681 313
internal_count=1953 214 83 131 85 1739 793 946 96 868 823 142 681 313
is_linear=0
shrinkage=0.05


Tree=104
num_leaves=15
num_cat=0
split_feature=7 7 0 0 6 2 0 4 5 6 4 1 7 8
split_gain=1.53228 2.81341 2.24285 5.49792 3.35206 1.86719 3.58519 1.46002 5.14038 5.33867 2.81732 3.13043 3.18145 2.98631
threshold=861.34000000000015 805.90300000000013 26.969000000000005 24.995000000000001 15.744500000000002 -0.96356381914947564 21.831500000000002 20.896500000000003 11.478000000000002 13.426500000000003 23.061500000000006 0.1328271176880281 61.743000000000002 -0.17399999999999996
decision_type=2 2 2 2 2 2 2 2 2 2 2 2 2 2
left_child=1 2 3 4 7 -3 -7 -1 9 10 13 12 -12 -9
right_child=-2 5 -4 -5 -6 6 -8 8 -10 -11 11 -13 -14 -15
leaf_value=-0.0001432861058042384 0.0014387040885228048 -0.012958951423430504 0.0095909545111450192 -0.013255867987538507 0.011652854502097611 -0.002081967999283041 0.004692473416228732 0.00084549718772614221 0.01547749998322848 -0.0023862854965227055 -0.00434485351744317 0.0046807739264912917 0.00058529017232237526 0.013141401287605704
leaf_weight=1245 42 74 42 43 47 60 48 46 40 41 42 92 50 41
leaf_count=1245 42 74 42 43 47 60 48 46 40 41 42 92 50 41
internal_value=7.68049e-05 -0.000130822 0.000491614 0.000207469 0.0006691 -0.00604396 -0.00185185 0.000281778 0.003125 0.000961538 0.00350554 0 -0.00652174 0.0109195
internal_weight=1953 1911 1729 1687 1644 182 108 1597 352 312 271 184 92 87
internal_count=1953 1911 1729 1687 1644 182 108 1597 352 312 271 184 92 87
is_linear=0
shrinkage=0.05


Tree=105
num_leaves=15
num_cat=0
split_feature=2 7 2 4 4 4 0 6 1 5 5 6 8 4
split_gain=2.03838 1.73304 6.13557 2.0251 7.07343 6.71762 5.21938 12.4293 5.14951 3.62449 5.33918 3.58755 5.91681 3.56283
threshold=0.99468534776305517 36.976000000000006 0.73832635400310653 14.193500000000002 13.772000000000002 13.380500000000001 12.564500000000001 8.8645000000000014 0.69016699705532247 8.2075000000000014 5.7710000000000017 12.019000000000002 -0.66549999999999987 8.7765000000000022
decision_type=2 2 2 2 2 2 2 2 2 2 2 2 2 2
left_child=1 2 -1 4 5 6 9 -8 11 10 13 -9 -13 -3
right_child=-2 3 -4 -5 -6 -7 7 8 -10 -11 -12 12 -14 -15
leaf_value=0.015402778657201389 -0.0014405095610817654 0.0026015502746584 -0.0034857652828108377 -0.00046084926888457952 0.0090902688073095598 -0.017481341978192576 -0.013771071477748293 0.0040360158104728958 -0.01019593596636721 0.0085618794224950456 -0.0028544839637648246 0.0050308283769495594 -0.0044550886788336632 0.01291029078658032
leaf_weight=51 57 74 54 948 47 47 67 85 107 49 58 116 115 78
leaf_count=51 57 74 54 948 47 47 67 85 107 49 58 116 115 78
internal_value=-0.000332821 -5.27426e-05 0.00619048 -0.00041876 0.00136418 0.000251256 0.00140187 -0.00163265 0.00153664 0.00714286 0.00428571 0.00474684 0.00151515 0.00921053
internal_weight=1953 1896 105 1791 843 796 749 490 423 259 210 316 231 152
internal_count=1953 1896 105 1791 843 796 749 490 423 259 210 316 231 152
is_linear=0
shrinkage=0.05


Tree=106
num_leaves=15
num_cat=0
split_feature=4 4 1 1 1 3 1 6 5 3 7 1 1 1
split_gain=1.81116 7.89774 4.26493 4.94306 4.11837 3.99412 3.94585 3.84394 4.21937 3.66058 7.42524 7.33774 8.32708 4.52301
threshold=14.193500000000002 13.852500000000001 0.97505550290239451 0.60434081882701174 -0.98801351631316325 8.5135000000000023 0.30041382580050413 6.0160000000000009 2.9395000000000002 70.321500000000015 719.37350000000004 -0.96683886033945943 -0.78297285307474485 -0.46296662190318316
decision_type=2 2 2 2 2 2 2 2 2 2 2 2 2 2
left_child=1 2 3 6 -2 -6 7 -1 -9 10 -10 -11 -13 -14
right_child=4 -3 -4 -5 5 -7 -8 8 9 11 -12 12 13 -15
leaf_value=-0.0097368964911737077 0.0042402814768970733 0.016663493536624163 0.010965545999369261 -0.0021598828216556733 -0.0015124542187629154 -0.0001492504118048898 0.009023256419251521 0.0087592160367454541 0.0033857131542018508 -0.01184406066837875 -0.0056166458962763847 0.012715564208790692 -0.014287087433211797 0.00019420218832357506
leaf_weight=62 53 41 58 196 195 812 82 52 97 41 85 45 45 89
leaf_count=62 53 41 58 196 195 812 82 52 97 41 85 45 45 89
internal_value=7.68049e-05 0.00173572 0.000704225 -0.000251889 -0.00132075 -0.00203575 0.00200669 0.000387597 0.00198238 0.000248756 0.00549451 -0.00409091 0.00027933 -0.00597015
internal_weight=1953 893 852 794 1060 1007 598 516 454 402 182 220 179 134
internal_count=1953 893 852 794 1060 1007 598 516 454 402 182 220 179 134
is_linear=0
shrinkage=0.05


Tree=107
num_leaves=15
num_cat=0
split_feature=1 1 0 8 8 8 7 6 7 1 3 5 1 1
split_gain=1.89796 2.29861 3.95313 1.88526 5.55693 4.58396 4.53882 3.14926 3.91335 3.17896 6.05278 6.60779 5.17148 3.33111
threshold=0.99805629696255316 0.97873101657557349 12.448500000000001 -0.50749999999999995 -0.44749999999999995 -0.79549999999999998 788.84500000000014 15.922000000000002 788.84500000000014 -0.14153898451656977 57.669500000000006 6.6580000000000004 -0.63874350706337046 -0.38962684145003712
decision_type=2 2 2 2 2 2 2 2 2 2 2 2 2 2
left_child=1 3 -3 5 -5 -1 -7 8 9 10 11 -6 -12 -14
right_child=-2 2 -4 4 7 6 -8 -9 -10 -11 12 -13 13 -15
leaf_value=-0.00014041365648055794 -0.0016225765931752456 0.018079772580562158 -0.00018735868915734644 -0.026586244179132735 0.008466745733908659 0.0065735132027999604 -0.0060825865422058593 -0.0091095250812983624 0.013739799672585621 -0.0005348024972259114 -0.0029309059284886377 2.895040687506123e-05 0.0062521131280119492 -0.0039219420514469529
leaf_weight=603 43 47 52 45 62 180 42 42 65 428 160 77 54 53
leaf_count=603 43 47 52 45 62 180 42 42 65 428 160 77 54 53
internal_value=-7.68049e-05 0.000157068 0.00757576 -0.000248482 -0.00172414 0.00151515 0.00765766 -0.000903294 -0.000278087 -0.00119904 0.00197044 0.0104317 -0.00243446 0.00607477
internal_weight=1953 1910 99 1811 986 825 222 941 899 834 406 139 267 107
internal_count=1953 1910 99 1811 986 825 222 941 899 834 406 139 267 107
is_linear=0
shrinkage=0.05


Tree=108
num_leaves=15
num_cat=0
split_feature=1 1 0 8 8 8 8 1 7 5 3 3 2 2
split_gain=1.84225 2.39697 3.95313 1.72471 3.65384 3.24425 4.23031 3.8041 2.74912 2.60229 3.66443 2.98225 2.43106 6.93212
threshold=0.99805629696255316 0.97873101657557349 12.448500000000001 -0.50749999999999995 -0.79549999999999998 -0.27049999999999996 -0.11149999999999999 0.823915376013162 788.84500000000014 6.9545000000000003 20.073000000000004 96.074500000000015 0.86993731518838324 0.97117852567439111
decision_type=2 2 2 2 2 2 2 2 2 2 2 2 2 2
left_child=1 3 -3 4 -1 9 -7 12 -6 -5 -11 -12 -8 -14
right_child=-2 2 -4 5 8 6 7 -9 -10 10 11 -13 13 -15
leaf_value=-0.00013339297365653002 -0.0015414477635164849 0.017175783951534049 -0.00017799075469947801 -0.0055423935582463932 0.0062448375426599617 0.0064256835709910424 -0.00036860043515943855 -0.0022071758718567622 -0.0057784572150955619 -0.0098601144817702137 0.0036334884859934389 -0.0012938211213080351 0.012699977275505332 -0.00087985685117586985
leaf_weight=603 43 47 52 62 180 109 456 93 42 41 44 40 80 61
leaf_count=603 43 47 52 62 180 109 456 93 42 41 44 40 80 61
internal_value=-0.000230415 0 0.00757576 -0.000414136 0.00127273 -0.00182556 -0.000438048 -0.00188406 0.00675676 -0.00775401 -0.0036 0.00238095 -0.00041876 0.00531915
internal_weight=1953 1910 99 1811 825 986 799 690 222 187 125 84 597 141
internal_count=1953 1910 99 1811 825 986 799 690 222 187 125 84 597 141
is_linear=0
shrinkage=0.05


Tree=109
num_leaves=15
num_cat=0
split_feature=1 1 5 1 1 8 2 1 7 4 5 4 5 6
split_gain=1.83767 2.47211 3.23658 3.05387 3.76012 4.92668 6.59876 4.81285 3.25079 2.79345 4.16579 5.94987 5.23891 3.78601
threshold=-0.9946616089973247 -0.9523687564627995 10.789500000000002 -0.89391031859722847 -0.69016699705532203 -0.88849999999999996 -0.48754425631212789 -0.55176847662110995 399.24500000000006 14.193500000000002 4.9980000000000011 8.7765000000000022 5.7710000000000017 8.3515000000000033
decision_type=2 2 2 2 2 2 2 2 2 2 2 2 2 2
left_child=-1 2 -2 8 5 -5 -7 -6 -3 10 11 -9 -12 -13
right_child=1 3 -4 4 7 6 -8 9 -10 -11 12 13 -14 -15
leaf_value=0.00060787195125587979 -0.0099660460875863228 -5.2803409066917718e-05 0.0011399950462090082 -0.013929029066598403 0.0040238865224903331 0.0052713192415489996 -0.0035981267658341865 -0.018001592515930032 0.01437382449062396 -0.00047716455166819661 0.013557315823796618 0.014183287128788705 0.0012627256422562518 -0.0012800296793546051
leaf_weight=60 77 48 43 66 102 57 77 77 42 750 42 60 401 51
leaf_count=60 77 48 43 66 102 57 77 77 42 750 42 60 401 51
internal_value=-0.000281618 -0.000554675 -0.0075 -8.46024e-05 -0.000564468 -0.007 -0.00149254 0.000303439 0.00888889 -0.000470673 0.00198098 -0.00425532 0.00462754 0.00315315
internal_weight=1953 1893 120 1773 1683 200 134 1483 90 1381 631 188 443 111
internal_count=1953 1893 120 1773 1683 200 134 1483 90 1381 631 188 443 111
is_linear=0
shrinkage=0.05


Tree=110
num_leaves=15
num_cat=0
split_feature=1 1 0 1 8 8 5 8 2 2 0 6 4 6
split_gain=1.84225 2.39697 3.95313 1.89936 2.13164 3.63237 4.5867 3.61996 3.06449 5.75137 5.07692 4.67891 5.00753 2.57343
threshold=0.99805629696255316 0.97873101657557349 12.448500000000001 -0.9946616089973247 -0.50749999999999995 -0.62299999999999989 9.8005000000000013 -0.44749999999999995 0.86993731518838324 0.97117852567439111 7.5390000000000006 7.7110000000000012 23.061500000000006 15.922000000000002
decision_type=2 2 2 2 2 2 2 2 2 2 2 2 2 2
left_child=1 3 -3 -1 5 -5 -7 -6 11 10 -10 -9 13 -13
right_child=-2 2 -4 4 7 6 -8 8 9 -11 -12 12 -14 -15
leaf_value=0.00057747835369308532 -0.0014405171477572477 0.016253858471844535 -0.00014523298938109441 -2.7086575579671203e-05 -0.025839975324220079 0.017355649746904938 -0.0005195617404784137 -0.0033481413703038698 0.0012062578755459492 -0.00065420898787339754 0.025350309200600819 0.0001650403617115881 -0.0047965828915138009 -0.0091684371794734602
leaf_weight=60 43 47 52 703 42 51 47 79 52 77 44 553 63 40
leaf_count=60 43 47 52 703 42 51 47 79 52 77 44 553 63 40
internal_value=-0.000230415 0 0.00757576 -0.000414136 -0.000713878 0.00118602 0.0102041 -0.00231579 -0.00165198 0.00433526 0.0125 -0.00306122 -0.00167683 -0.000252951
internal_weight=1953 1910 99 1811 1751 801 98 950 908 173 96 735 656 593
internal_count=1953 1910 99 1811 1751 801 98 950 908 173 96 735 656 593
is_linear=0
shrinkage=0.05


Tree=111
num_leaves=15
num_cat=0
split_feature=1 1 6 7 6 8 5 2 4 6 4 0 7 6
split_gain=1.84225 1.80039 3.23367 1.67978 2.01575 6.29817 2.97293 3.15378 4.69347 8.576 5.15693 4.44738 3.77005 6.04369
threshold=0.99805629696255316 0.97873101657557349 11.585000000000003 861.34000000000015 14.549500000000002 -1.3194999999999999 11.073000000000002 -0.68784539311941617 15.685500000000003 10.423000000000002 20.526000000000003 16.460000000000004 371.60750000000002 11.935
decision_type=2 2 2 2 2 2 2 2 2 2 2 2 2 2
left_child=1 3 -3 4 6 -6 7 8 9 -1 -10 -9 -13 -14
right_child=-2 2 -4 -5 5 -7 -8 11 10 -11 -12 12 13 -15
leaf_value=-0.0018161953778149222 -0.0013684912903693836 -0.00077296983034656351 0.013667064040426981 0.00091331698210200547 0.0099031297681704388 -0.0033764005667219878 0.0022301185469892292 -8.3816696549665611e-06 -0.0086010878361472143 0.010216257118104685 0.0076912955312394733 0.00023196496710247151 -0.026905202065000539 -0.0063532738277886878
leaf_weight=41 43 45 54 42 55 324 153 861 58 52 52 63 52 58
leaf_count=41 43 45 54 42 55 324 153 861 58 52 52 63 52 58
internal_value=-0.000230415 0 0.00656566 -0.000358918 -0.000593556 -0.00382586 0.00028777 -0.000525465 0.00517241 0.0134409 -0.00181818 -0.0016441 -0.00895954 -0.0145455
internal_weight=1953 1910 99 1811 1769 379 1390 1237 203 93 110 1034 173 110
internal_count=1953 1910 99 1811 1769 379 1390 1237 203 93 110 1034 173 110
is_linear=0
shrinkage=0.05


Tree=112
num_leaves=15
num_cat=0
split_feature=1 1 1 7 8 8 2 2 0 2 0 0 0 0
split_gain=2.13336 2.69039 1.80466 1.72447 1.52282 3.24597 2.89037 5.75137 5.07692 4.05626 5.49464 10.1807 4.05871 3.97285
threshold=0.99351875964795655 0.97873101657557349 -0.9946616089973247 861.34000000000015 -0.50749999999999995 -0.44749999999999995 0.86993731518838324 0.97117852567439111 7.5390000000000006 0.21113058295073206 14.833000000000002 17.026000000000003 18.540500000000005 19.664500000000004
decision_type=2 2 2 2 2 2 2 2 2 2 2 2 2 2
left_child=1 2 -1 4 -4 -6 9 8 -8 10 -7 -12 -13 -14
right_child=-2 -3 3 -5 5 6 7 -9 -10 -11 11 12 13 -15
leaf_value=0.0011709700325782779 -0.00073432133882923585 0.013908185847338127 0.00042866478162675029 0.00086765113299690504 -0.024467927503928677 0.0078829209444244239 0.0011463640652514 -0.00062107945499697984 0.024083212824053533 -0.0022077695813277343 -0.009082666343871405 0.012019051642413847 -0.023499925749977672 0.00018512054122812318
leaf_weight=60 79 63 780 42 41 88 52 77 44 289 57 57 41 183
leaf_count=60 79 63 780 42 41 88 52 77 44 289 57 57 41 183
internal_value=-0.000179211 0.000160085 -0.000193263 -0.000485437 -0.000731422 -0.00209903 -0.00146396 0.00433526 0.0125 -0.00286713 0.000234742 -0.00266272 0.00124555 -0.00178571
internal_weight=1953 1874 1811 1751 1709 929 888 173 96 715 426 338 281 224
internal_count=1953 1874 1811 1751 1709 929 888 173 96 715 426 338 281 224
is_linear=0
shrinkage=0.05


Tree=113
num_leaves=15
num_cat=0
split_feature=1 1 1 1 1 3 3 4 7 3 1 6 4 1
split_gain=2.38465 2.44199 1.60042 2.09571 3.78434 2.40667 1.71958 4.56018 6.48877 4.07033 2.55412 6.47319 5.72766 4.28143
threshold=0.99351875964795655 0.97873101657557349 -0.9946616089973247 -0.96230016621822467 -0.93535928755917819 70.321500000000015 99.901000000000025 21.828500000000002 458.20950000000011 99.997500000000016 0.064414007683963548 8.1740000000000013 11.890500000000001 -0.44380628866780414
decision_type=2 2 2 2 2 2 2 2 2 2 2 2 2 2
left_child=1 2 -1 5 -5 -4 7 -6 -9 -8 11 13 -12 -11
right_child=-2 -3 3 4 6 -7 9 8 -10 10 12 -13 -14 -15
leaf_value=0.0011124215309493647 -0.00069760527188777457 0.013212776554971221 0.0021814461289665524 0.012775294570942383 0.00045559110781460136 -0.0059963830012732316 -0.020269997083031205 0.0014396558497187018 -0.0047737526084462275 0.0089909131275120579 -0.0023270920039544008 -0.0075298734071520771 0.0050205856139004306 -0.0022098331428548391
leaf_weight=60 79 63 40 50 881 60 40 59 64 43 93 165 202 54
leaf_count=60 79 63 40 50 881 60 40 59 64 43 93 165 202 54
internal_value=0.000281618 0.000640342 0.0003037 2.85551e-05 0.00045427 -0.007 3.12305e-05 0.00129482 -0.00772358 -0.0020938 -0.000987433 -0.00458015 0.00220339 0.0056701
internal_weight=1953 1874 1811 1751 1651 100 1601 1004 123 597 557 262 295 97
internal_count=1953 1874 1811 1751 1651 100 1601 1004 123 597 557 262 295 97
is_linear=0
shrinkage=0.05


Tree=114
num_leaves=15
num_cat=0
split_feature=1 1 1 8 0 8 5 2 7 4 6 0 5 5
split_gain=2.41343 2.41513 1.62897 7.06032 4.5142 5.94874 5.51485 4.30556 4.06435 3.33689 5.31578 5.00786 3.40703 6.28107
threshold=0.99351875964795655 0.97873101657557349 0.48941038753127741 -1.4414999999999998 19.713000000000005 -0.80999999999999994 8.6685000000000016 -0.30081980763566774 592.1880000000001 9.4305000000000003 7.7110000000000012 15.929000000000002 12.675500000000001 13.427000000000001
decision_type=2 2 2 2 2 2 2 2 2 2 2 2 2 2
left_child=1 2 9 -4 5 7 -7 -5 -8 10 -1 -12 -11 -14
right_child=-2 -3 3 4 -6 6 8 -9 -10 12 11 -13 13 -15
leaf_value=-0.002473699945931951 -0.00066272500829338559 0.01255213772722266 0.0045413484533388618 -0.046773646931326941 0.0028995689022359009 -0.0011423226575293115 0.0076449104207056418 -0.00085931551168703024 -0.00066779448279705514 0.00018552714389034192 0.014188784186323165 0.00075659827769911092 -0.03007622998530303 -0.0007660127448007592
leaf_weight=85 79 63 59 45 44 230 49 48 70 778 62 125 41 175
leaf_count=85 79 63 59 45 44 230 49 48 70 778 62 125 41 175
internal_value=0.000332821 0.000693703 0.000358918 -0.00192661 -0.00390947 -0.00542986 -0.00243553 -0.0166667 0.00630252 0.00134281 0.00625 0.0109626 0 -0.00555556
internal_weight=1953 1874 1811 545 486 442 349 93 119 1266 272 187 994 216
internal_count=1953 1874 1811 545 486 442 349 93 119 1266 272 187 994 216
is_linear=0
shrinkage=0.05


Tree=115
num_leaves=15
num_cat=0
split_feature=0 0 8 8 3 3 6 2 5 8 7 0 1 0
split_gain=2.44999 3.8961 3.11538 4.17092 3.76589 6.29087 3.50687 5.90244 3.01234 5.66363 4.10287 4.29135 4.84291 2.60277
threshold=8.9100000000000019 9.7115000000000027 -1.8854999999999997 -1.3194999999999999 45.020000000000003 99.997500000000016 6.6680000000000001 0.58534685349953219 3.4310000000000005 -0.47049999999999992 118.72900000000001 4.980500000000001 0.64460769028158504 7.2260000000000009
decision_type=2 2 2 2 2 2 2 2 2 2 2 2 2 2
left_child=8 -2 -3 4 -4 -6 7 -5 9 -1 -10 -12 13 -13
right_child=1 2 3 6 5 -7 -8 -9 10 -11 11 12 -14 -15
leaf_value=0.01673166733976111 0.0057195004451300437 -0.002864484549290067 -0.0022575681818191892 -0.0097771143944176755 0.012774157339754358 0.0010324240205118074 0.00017341970479569093 0.0047623295107644516 -0.013516488757200512 -0.0029943020789923338 -0.0062759680040812898 0.0001661980270994376 -0.0032510179882758701 0.0095500187987686228
leaf_weight=41 72 102 54 41 43 61 1170 41 41 61 60 56 63 47
leaf_count=41 72 102 54 41 43 61 1170 41 41 61 60 56 63 47
internal_value=0.000281618 0.00113636 0.000595238 0.00120567 0.00886076 0.0144231 0.000239617 -0.0097561 -0.00338753 0.00392157 -0.00617978 -0.00353982 0.00060241 0.00728155
internal_weight=1953 1584 1512 1410 158 104 1252 82 369 102 267 226 166 103
internal_count=1953 1584 1512 1410 158 104 1252 82 369 102 267 226 166 103
is_linear=0
shrinkage=0.05


Tree=116
num_leaves=15
num_cat=0
split_feature=0 0 4 4 0 8 0 3 6 4 4 6 4 1
split_gain=2.16525 3.15057 3.62059 2.93854 4.01816 3.2009 2.5863 5.0209 4.4808 7.15447 7.14854 4.219 2.678 3.75325
threshold=8.9100000000000019 8.1490000000000027 21.333500000000004 13.109500000000002 6.4595000000000011 0.89400000000000013 10.500000000000002 56.323500000000003 7.7110000000000012 12.419500000000001 18.896000000000004 10.646000000000003 15.933000000000002 -0.38962684145003712
decision_type=2 2 2 2 2 2 2 2 2 2 2 2 2 2
left_child=1 2 3 4 -1 -5 7 -2 9 -8 -11 -9 -10 -14
right_child=6 -3 -4 5 -6 -7 8 11 12 10 -12 -13 13 -15
leaf_value=-0.00113582025035176 0.0062922984311860018 -0.010536700685180768 0.0070667406306396119 -0.0024928972358026686 0.0037854875069571457 0.00018204050537288521 -0.026679666120420265 0.0046098618532869982 0.00071378547433347266 0.019866189119019446 -0.0032547538120711803 -0.0041882520082801508 0.00080982645770912129 -0.0013188719362177389
leaf_weight=71 40 72 45 77 64 40 54 80 683 52 58 41 224 352
leaf_count=71 40 72 45 77 64 40 54 80 683 52 58 41 224 352
internal_value=0.000332821 -0.00311653 -0.000841751 -0.0031746 0.00185185 -0.00897436 0.00113636 0.00714286 0.000456781 -0.00731707 0 0.00206612 0.00146942 -0.00104167
internal_weight=1953 369 297 252 135 117 1584 161 1423 164 110 121 1259 576
internal_count=1953 369 297 252 135 117 1584 161 1423 164 110 121 1259 576
is_linear=0
shrinkage=0.05


Tree=117
num_leaves=15
num_cat=0
split_feature=2 4 4 4 0 1 6 3 3 8 2 6 7 5
split_gain=2.13825 4.84858 4.14172 4.58932 5.02753 5.96836 5.05127 3.4882 3.61612 3.06686 6.79365 4.80725 6.75857 3.49206
threshold=0.075135296012361824 16.496000000000002 19.124500000000001 19.752000000000002 20.223500000000005 0.45914483320598681 12.915500000000002 98.964000000000013 56.323500000000003 -1.3319999999999996 -0.6002142805483679 14.549500000000002 718.21350000000018 6.6075000000000008
decision_type=2 2 2 2 2 2 2 2 2 2 2 2 2 2
left_child=1 9 7 -4 5 -5 -7 8 -3 10 -1 13 -13 -11
right_child=-2 2 3 4 -6 6 -8 -9 -10 11 -12 12 -14 -15
leaf_value=0.00047580437458621711 -0.00025030300094379122 -0.014894186182927427 0.008089313242978324 0.019122915344386236 -0.0052471564831090174 0.0010525284360541982 -0.0036925854376955477 -0.0087858398861221706 0.0050710372088064492 -6.2985858049624877e-05 0.016700270732219136 -0.019557486613227489 0.0014986600310653354 0.0046588418433805637
leaf_weight=53 871 51 44 68 79 58 43 50 44 110 41 74 169 198
leaf_count=53 871 51 44 68 79 58 43 50 44 110 41 74 169 198
internal_value=0.000179211 0.00166359 -0.00240275 0.0010274 -0.0016129 0.00325444 -0.00445545 -0.00931034 -0.00368421 0.0044186 0.012766 0.00299456 -0.00226337 0.00714286
internal_weight=1953 1082 437 292 248 169 101 145 95 645 94 551 243 308
internal_count=1953 1082 437 292 248 169 101 145 95 645 94 551 243 308
is_linear=0
shrinkage=0.05


Tree=118
num_leaves=15
num_cat=0
split_feature=2 4 4 3 4 5 7 3 3 1 7 4 0 8
split_gain=1.56104 5.63353 3.35939 4.61364 6.54671 4.90068 4.55887 3.4882 3.61612 3.19169 2.86301 2.36328 7.88929 5.21573
threshold=0.075135296012361824 16.496000000000002 19.124500000000001 99.992500000000021 21.710500000000003 11.478000000000002 475.39950000000005 98.964000000000013 56.323500000000003 0.45914483320598681 519.47200000000009 12.134000000000002 13.867000000000003 -0.81649999999999989
decision_type=2 2 2 2 2 2 2 2 2 2 2 2 2 2
left_child=1 -1 7 4 5 -4 -5 8 -3 -6 11 12 13 -2
right_child=10 2 3 6 9 -7 -8 -9 -10 -11 -12 -13 -14 -15
leaf_value=0.0011892501511931832 -0.011646961013781293 -0.014149476873781054 0.015820502036335327 -0.00098482138418338485 -0.00036379189847585841 -0.0059156439693075213 0.015882651826083682 -0.0083465478918160647 0.0048174853483661274 -0.004316549960928822 -0.0058237647864684775 0.00011017472278123109 -0.028517836603797336 0.0019857403207308665
leaf_weight=645 53 51 41 49 55 55 42 50 44 50 42 549 56 171
leaf_count=645 53 51 41 49 55 55 42 50 44 50 42 549 56 171
internal_value=2.56016e-05 0.0012939 -0.00308924 0 -0.00422886 0.00520833 0.00934066 -0.00931034 -0.00368421 -0.0128571 -0.00154994 -0.000904704 -0.00464286 -0.000446429
internal_weight=1953 1082 437 292 201 96 91 145 95 105 871 829 280 224
internal_count=1953 1082 437 292 201 96 91 145 95 105 871 829 280 224
is_linear=0
shrinkage=0.05


Tree=119
num_leaves=15
num_cat=0
split_feature=8 8 2 8 4 7 0 1 4 8 0 7 8 8
split_gain=1.93509 4.15486 2.83663 2.35146 5.13816 2.20573 2.2346 5.70035 5.12129 5.18442 4.79727 4.63761 5.99172 4.5956
threshold=-1.8854999999999997 -2.0864999999999996 0.72731766296277522 -1.5114999999999996 13.326500000000001 36.976000000000006 17.673500000000004 0.76109721063455271 17.951000000000004 -0.64599999999999991 20.223500000000005 383.12750000000005 0.037000000000000005 -0.80999999999999994
decision_type=2 2 2 2 2 2 2 2 2 2 2 2 2 2
left_child=1 2 -1 4 -2 -5 13 8 11 -10 -11 -8 -13 -7
right_child=3 -3 -4 5 -6 6 7 -9 9 10 -12 12 -14 -15
leaf_value=0.0012130876727437458 0.011442981724854279 -0.012340495939362329 -0.0039477201250017078 0.0060923972483990785 -0.00030272971783106288 -0.0015138222755454814 0.0064832757771271267 0.015296458042322781 -0.022425208823875505 0.0047230074650699066 -0.0044909897788900756 0.0013642645219524075 -0.017799196089343401 3.2316704186185871e-05
leaf_weight=65 40 41 40 78 57 180 56 41 59 48 67 303 54 824
leaf_count=65 40 41 40 78 57 180 56 41 59 48 67 303 54 824
internal_value=0.000742448 -0.00479452 0.00047619 0.00118982 0.00876289 0.000760234 0.000367647 0.00270701 0.00144804 -0.00574713 0.000434783 0.00447942 0.00238095 -0.00109562
internal_weight=1953 146 105 1807 97 1710 1632 628 587 174 115 413 357 1004
internal_count=1953 146 105 1807 97 1710 1632 628 587 174 115 413 357 1004
is_linear=0
shrinkage=0.05


Tree=120
num_leaves=15
num_cat=0
split_feature=1 7 1 1 4 4 8 2 1 7 5 6 1 8
split_gain=1.6239 2.94 2.71308 2.57676 1.79974 3.8786 3.62568 1.81354 6.35622 3.09728 4.47626 5.72082 4.9402 4.80687
threshold=-0.9852109833579612 481.6185000000001 -0.96230016621822467 -0.93535928755917819 27.429500000000001 25.133500000000002 -0.40249999999999997 -0.030120304846908235 0.98336225177674941 535.21850000000006 7.2550000000000008 10.314000000000002 0.14984488681196825 -0.24549999999999997
decision_type=2 2 2 2 2 2 2 2 2 2 2 2 2 2
left_child=1 -1 -2 -4 5 7 -6 8 -5 10 11 12 -9 -12
right_child=2 -3 3 4 6 -7 -8 9 -10 -11 13 -13 -14 -15
leaf_value=-8.6274421917326158e-05 -0.0055750560809418453 0.0028024364314658706 0.011922207778950804 8.4421347965335525e-05 0.0043704620227142388 0.003896643659762139 -0.0037959070647345773 0.0011524332891065582 0.011976855178246315 -0.0078539812032784873 0.0059169150118915164 -0.0067257501401562867 -0.0016014696755462133 -0.00022192916582835788
leaf_weight=60 60 40 50 836 41 53 40 253 44 54 55 96 202 69
leaf_count=60 60 40 50 836 41 53 40 253 44 54 55 96 202 69
internal_value=0.000793651 0.007 0.000458716 0.000808701 0.000487665 0.000842359 -0.00679012 0.000403978 0.00193182 -0.00144033 -0.000518519 -0.00245009 -0.00010989 0.00806452
internal_weight=1953 100 1853 1793 1743 1662 81 1609 880 729 675 551 455 124
internal_count=1953 100 1853 1793 1743 1662 81 1609 880 729 675 551 455 124
is_linear=0
shrinkage=0.05


Tree=121
num_leaves=15
num_cat=0
split_feature=8 6 8 4 3 0 6 8 1 5 5 7 0 6
split_gain=1.89947 3.14926 2.34479 5.39096 4.05 3.02024 2.55693 5.09835 3.83486 3.86762 5.19806 5.00093 3.71127 2.94151
threshold=-1.8854999999999997 8.8645000000000014 -1.3194999999999999 13.326500000000001 63.595500000000008 14.448500000000001 8.4530000000000012 0.9295000000000001 0.7228803174530144 2.2320000000000007 3.8200000000000007 200.10150000000002 10.950500000000002 14.585000000000003
decision_type=2 2 2 2 2 2 2 2 2 2 2 2 2 2
left_child=1 -1 3 4 -2 -5 7 8 9 -4 -11 -12 -13 -8
right_child=2 -3 6 5 -6 -7 13 -9 -10 10 11 12 -14 -15
leaf_value=0.00066830251423045386 0.0049746820105049938 -0.003705087530923109 -0.0079850569711282134 0.0013791109371037115 0.013801905897467834 -0.0095773768045489018 0.00051858380978477556 0.011434760179376453 -0.0016524449010716369 0.011291277920435123 -0.011046543513770286 0.0084745283851148639 -0.0031799159996807064 -0.0010266838593249825
leaf_weight=70 40 76 65 46 40 60 892 41 65 51 53 44 42 368
leaf_count=70 40 76 65 46 40 60 892 41 65 51 53 44 42 368
internal_value=0.000691244 -0.00479452 0.00113448 0.00645161 0.01625 -0.000943396 0.000524368 -0.0031856 -0.0053125 -0.00254902 0.00105263 -0.00395683 0.00348837 0.0015873
internal_weight=1953 146 1807 186 80 106 1621 361 320 255 190 139 86 1260
internal_count=1953 146 1807 186 80 106 1621 361 320 255 190 139 86 1260
is_linear=0
shrinkage=0.05


Tree=122
num_leaves=15
num_cat=0
split_feature=1 7 1 6 6 5 1 1 0 4 8 8 8 3
split_gain=1.81688 2.94 2.60814 2.19488 4.40702 3.84431 3.06934 4.80867 6.40206 5.43645 3.81694 2.85649 2.73231 2.77377
threshold=-0.9852109833579612 481.6185000000001 -0.9523687564627995 8.6720000000000024 8.2940000000000023 5.8330000000000011 -0.25950939392209715 -0.051549210996800328 11.859000000000002 18.446500000000004 -0.21049999999999996 -0.55849999999999989 -1.8854999999999997 67.819000000000017
decision_type=2 2 2 2 2 2 2 2 2 2 2 2 2 2
left_child=1 -1 -2 4 5 6 -4 -8 9 10 -9 -7 -5 -14
right_child=2 -3 3 12 -6 11 7 8 -10 -11 -12 -13 13 -15
leaf_value=-2.298107793000104e-06 -0.0028764279901095412 0.0026363854194033387 0.0015220260649971284 -0.0034045637944739083 -0.0089264688147016272 -0.00017250699497200762 -0.0031994570911699771 0.0082726150116976243 -0.0091654251608440217 0.0098362090024655385 -0.0033732651246960901 -0.0065970564086929419 -0.00022362241346317037 0.0017699084960883351
leaf_weight=60 80 40 115 65 53 41 40 54 43 40 41 40 537 704
leaf_count=60 80 40 115 65 53 41 40 54 43 40 41 40 537 704
internal_value=0.000435228 0.007 8.09498e-05 0.000479413 -0.00246253 -0.000724638 0.00165165 -0.00183486 0.00168539 0.00703704 0.000526316 -0.0104938 0.00153139 0.00205479
internal_weight=1953 100 1853 1773 467 414 333 218 178 135 95 81 1306 1241
internal_count=1953 100 1853 1773 467 414 333 218 178 135 95 81 1306 1241
is_linear=0
shrinkage=0.05


Tree=123
num_leaves=15
num_cat=0
split_feature=8 4 2 8 4 7 5 6 8 8 6 4 6 1
split_gain=2.28523 3.71016 3.09685 3.04204 5.33698 2.30292 2.18374 1.63287 2.08406 5.88879 4.93618 4.57639 3.52686 5.05082
threshold=-1.8854999999999997 17.951000000000004 0.63874942205152718 -1.5854999999999999 14.559500000000002 36.976000000000006 2.0015000000000005 5.3600000000000003 -0.50749999999999995 -0.79549999999999998 9.4365000000000006 26.497500000000006 15.145500000000002 0.97109105924028427
decision_type=2 2 2 2 2 2 2 2 2 2 2 2 2 2
left_child=1 -1 -3 4 -2 -5 -7 -8 9 -9 -11 12 13 -10
right_child=3 2 -4 5 -6 6 7 8 11 10 -12 -13 -14 -15
leaf_value=-0.011360787720921495 0.013308179615356269 0.0014439422197395691 -0.0030544147191653341 0.0056514466844830693 -0.0018889065605539991 -0.0022887396285301564 -0.0012325340228448859 -0.00016388164522340728 6.5014208907337607e-05 0.020408228082941595 0.002006513742389865 -0.002676259667374298 -0.0042737304039353495 0.0055543223510599385
leaf_weight=53 41 49 44 78 40 72 76 377 690 44 157 42 127 63
leaf_count=53 41 49 44 78 40 72 76 377 690 44 157 42 127 63
internal_value=0.000537634 -0.00547945 0.000537634 0.0010238 0.0104938 0.000579374 0.000182039 0.000571066 0.000933333 0.0032872 0.010199 -0.000542299 0.000227273 0.00152722
internal_weight=1953 146 93 1807 81 1726 1648 1576 1500 578 201 922 880 753
internal_count=1953 146 93 1807 81 1726 1648 1576 1500 578 201 922 880 753
is_linear=0
shrinkage=0.05


Tree=124
num_leaves=15
num_cat=0
split_feature=6 7 3 3 0 0 7 0 1 6 7 3 3 1
split_gain=2.15858 1.44452 2.24244 2.65411 2.83631 6.71035 2.5983 2.88857 6.89201 6.91357 5.85823 5.54198 12.4986 3.67176
threshold=3.0840000000000005 858.81550000000004 0.28550000000000003 4.5180000000000007 26.969000000000005 25.116500000000006 805.90300000000013 17.673500000000004 0.48941038753127741 15.061000000000002 277.63600000000002 99.901000000000025 80.187000000000012 0.48941038753127741
decision_type=2 2 2 2 2 2 2 2 2 2 2 2 2 2
left_child=-1 2 -2 -4 5 6 7 13 9 10 -9 12 -12 -5
right_child=1 -3 3 4 -6 -7 -8 8 -10 -11 11 -13 -14 -15
leaf_value=-0.001244740107736589 0.0011103072755417887 0.001810448744417037 -0.010029909846761817 0.00049487048726790106 0.0051559562532342345 -0.010798459296175995 -0.0076489165822785201 0.0065046376889389404 0.010012592840439732 0.0082669019572830377 -0.021941335984698135 -0.0132749865133592 0.0057048690979412987 -0.0007416181191777782
leaf_weight=52 106 49 67 589 66 50 79 43 58 68 69 81 66 510
leaf_count=52 106 49 67 589 66 50 79 43 58 68 69 81 66 510
internal_value=0.000435228 0.000710153 0.000485961 5.72738e-05 0.000446694 3.09981e-05 0.000607806 0.00107817 0.00480519 0.00198777 -0.00173745 -0.00509259 0.00111111 -0.00022748
internal_weight=1953 1901 1852 1746 1679 1613 1563 1484 385 327 259 216 135 1099
internal_count=1953 1901 1852 1746 1679 1613 1563 1484 385 327 259 216 135 1099
is_linear=0
shrinkage=0.05


Tree=125
num_leaves=15
num_cat=0
split_feature=1 7 1 1 3 5 1 4 1 1 1 5 5 5
split_gain=2.22058 3.84 2.65737 2.85204 3.61483 8.14324 2.73511 3.8183 3.67887 2.55968 2.68152 3.72032 7.4375 5.82165
threshold=-0.9852109833579612 481.6185000000001 -0.96230016621822467 -0.83354805289222234 64.852500000000006 6.0410000000000013 -0.69016699705532203 14.301500000000003 -0.55176847662110995 -0.49316180905692092 -0.38962684145003712 6.5140000000000002 5.7710000000000017 5.2435000000000009
decision_type=2 2 2 2 2 2 2 2 2 2 2 2 2 2
left_child=1 -1 -2 4 -4 -6 7 -5 -8 -10 -11 12 13 -12
right_child=2 -3 3 6 5 -7 8 -9 9 10 11 -13 -14 -15
leaf_value=-6.4650637482915887e-05 -0.0049618893969182315 0.0031175380766450436 -0.00022171433306942547 -0.013301552114445205 -0.00069008925369951069 0.015771638518990546 0.0029493495934074299 0.00028106614348868654 -0.0082062588393781149 0.0013043962093132523 -0.00060799299014458602 0.00043774417147764979 -0.0099757453437242724 0.0073661774017545791
leaf_weight=60 60 40 71 64 52 57 102 66 40 72 420 737 70 42
leaf_count=60 60 40 71 64 52 57 102 66 40 72 420 737 70 42
internal_value=0.000742448 0.008 0.000350783 0.000697156 0.00666667 0.0123853 3.09981e-05 -0.00692308 0.000640593 -3.62056e-05 0.00033557 -0.000197006 -0.00338346 -0.00108225
internal_weight=1953 100 1853 1793 180 109 1613 130 1483 1381 1341 1269 532 462
internal_count=1953 100 1853 1793 180 109 1613 130 1483 1381 1341 1269 532 462
is_linear=0
shrinkage=0.05


Tree=126
num_leaves=15
num_cat=0
split_feature=1 7 1 1 4 8 8 8 4 1 4 4 4 8
split_gain=2.31558 3.84 2.67229 2.25189 2.47175 4.43384 2.25941 2.22814 3.93217 3.8943 3.44977 6.35806 3.91007 3.85511
threshold=-0.9852109833579612 481.6185000000001 -0.9523687564627995 -0.83354805289222234 11.706500000000002 -0.49499999999999994 1.9525000000000003 0.77300000000000013 16.090500000000002 0.45914483320598681 16.496000000000002 19.124500000000001 16.134500000000003 -1.8089999999999999
decision_type=2 2 2 2 2 2 2 2 2 2 2 2 2 2
left_child=1 -1 -2 4 -4 -6 7 10 -9 -10 12 -12 13 -5
right_child=2 -3 3 6 5 -7 -8 8 9 -11 11 -13 -14 -15
leaf_value=-6.1418105608770929e-05 -0.0025125063555669126 0.002961661172812791 0.0060299143137626304 -0.011432349714773849 0.0057446610260183141 -0.0030990956764902766 0.0025131735722493209 -0.0079925395495140297 0.0083199907990986425 -0.00083522601107637463 -0.0069657000253573395 0.00023167243057699573 0.014073740301673658 0.00064299093588832405
leaf_weight=60 80 40 42 41 52 66 66 87 49 42 173 359 45 751
leaf_count=60 80 40 42 41 52 66 66 87 49 42 173 359 45 751
internal_value=0.000588838 0.008 0.000188883 0.000592217 0.00625 0.00254237 3.09981e-05 -0.000355527 -0.00561798 0.00164835 0.000328707 -0.00281955 0.00232975 0.00151515
internal_weight=1953 100 1853 1773 160 118 1613 1547 178 91 1369 532 837 792
internal_count=1953 100 1853 1773 160 118 1613 1547 178 91 1369 532 837 792
is_linear=0
shrinkage=0.05


Tree=127
num_leaves=15
num_cat=0
split_feature=1 7 1 1 4 8 1 8 1 2 6 0 4 1
split_gain=2.25203 3.84 2.03306 2.20722 2.47175 4.43384 2.20708 4.76319 2.6566 2.6012 2.16247 5.22909 7.02172 5.21129
threshold=-0.9852109833579612 481.6185000000001 -0.9523687564627995 -0.83354805289222234 11.706500000000002 -0.49499999999999994 -0.69016699705532203 -0.88849999999999996 -0.59817537509284269 0.54277338749235304 9.1565000000000012 11.356500000000002 14.094500000000002 -0.25950939392209715
decision_type=2 2 2 2 2 2 2 2 2 2 2 2 2 2
left_child=1 -1 -2 4 -4 -6 7 -5 -8 -9 11 13 -13 -10
right_child=2 -3 3 6 5 -7 8 9 10 -11 -12 12 -14 -15
leaf_value=-5.8347200328331962e-05 -0.0023868810377885661 0.0028135781141721524 0.0057284185980745004 -0.023544619917661033 0.0054574279747173979 -0.0029441408926657643 0.0062475567050636451 0.0067808513831076446 0.0040337948057189267 -0.0020975943076262382 0.00027705158724983248 0.0013225564435275672 -0.006815009495618635 -0.00052222286691083308
leaf_weight=60 80 40 42 43 52 66 68 42 52 45 979 45 95 244
leaf_count=60 80 40 42 43 52 66 68 42 52 45 979 45 95 244
internal_value=0.000691244 0.008 0.000296816 0.000648618 0.00625 0.00254237 9.29944e-05 -0.00615385 0.000640593 0.000574713 0.000176678 -0.00275229 -0.0107143 0.00101351
internal_weight=1953 100 1853 1773 160 118 1613 130 1483 87 1415 436 140 296
internal_count=1953 100 1853 1773 160 118 1613 130 1483 87 1415 436 140 296
is_linear=0
shrinkage=0.05


Tree=128
num_leaves=15
num_cat=0
split_feature=1 7 1 0 5 2 8 7 0 4 2 2 2 7
split_gain=2.12758 3.84 1.94089 2.02153 2.1 1.68946 5.421 5.13719 2.81431 3.40359 5.16867 9.40589 4.98869 5.65191
threshold=-0.9852109833579612 481.6185000000001 -0.96230016621822467 4.980500000000001 4.3120000000000003 0.86993731518838324 0.94700000000000006 200.10150000000002 6.785000000000001 15.685500000000003 0.69017338824297181 0.50618570606421198 0.72731766296277522 98.726500000000016
decision_type=2 2 2 2 2 2 2 2 2 2 2 2 2 2
left_child=1 -1 -2 4 -4 8 7 -7 -5 10 11 -10 13 -11
right_child=2 -3 3 5 -6 6 -8 -9 9 12 -12 -13 -14 -15
leaf_value=-5.5429840311915782e-05 -0.0044688255574045462 0.0026728992084635475 0.00080938453404818817 -0.0030961381520973365 -0.0040869890943479341 -0.0010204868897942408 0.01020764928412808 0.013404179346983189 0.0014732690715987208 0.012564996837324684 0.010206829154138519 -0.013945510301920361 -0.0047704178268839111 -0.00021868417695564805
leaf_weight=60 60 40 40 40 56 150 42 40 632 45 61 58 51 578
leaf_count=60 60 40 40 40 56 150 42 40 632 45 61 58 51 578
internal_value=0.000896057 0.008 0.000512682 0.000808701 -0.00625 0.00120801 0.00517241 0.00157895 0.000580205 0.000947368 0.00326232 0.00202899 -0.00163205 -0.000401284
internal_weight=1953 100 1853 1793 96 1697 232 190 1465 1425 751 690 674 623
internal_count=1953 100 1853 1793 96 1697 232 190 1465 1425 751 690 674 623
is_linear=0
shrinkage=0.05


Tree=129
num_leaves=15
num_cat=0
split_feature=7 0 1 8 5 5 5 3 4 4 3 8 7 5
split_gain=1.75169 2.64966 6.21994 3.70901 2.00144 8.47352 3.9173 6.20845 3.65952 4.9484 4.76254 5.01067 3.38615 2.99173
threshold=805.90300000000013 21.553500000000003 0.25084665036108239 -0.39449999999999996 10.535500000000001 9.9610000000000021 8.6685000000000016 84.449500000000015 21.033000000000005 16.496000000000002 5.4980000000000011 -0.94049999999999978 654.61250000000007 12.255000000000001
decision_type=2 2 2 2 2 2 2 2 2 2 2 2 2 2
left_child=4 3 -3 -2 5 6 -1 -8 9 10 -6 -12 -11 -13
right_child=1 2 -4 -5 8 -7 7 -9 -10 12 11 13 -14 -15
leaf_value=3.290129893468441e-06 -0.010982000671995977 -0.0043738533863620253 0.011873923827346972 7.1339675071516178e-06 0.0077855647604944513 -0.0087198394836810467 -0.001781957493928535 0.0069828058023938995 0.0033875901424081827 0.00070664604089438901 0.010779017112413842 0.00016973858830274802 -0.03136607939257513 -0.0051456572483667062
leaf_weight=1085 54 87 40 43 72 67 64 86 51 40 70 66 46 82
leaf_count=1085 54 87 40 43 72 67 64 86 51 40 70 66 46 82
internal_value=0.000588838 -0.00357143 0.0011811 -0.00979381 0.00112782 0.00015361 0.00109312 0.00866667 0.00409836 0.00239362 0.00551724 0.00183486 -0.00813953 -0.00337838
internal_weight=1953 224 127 97 1729 1302 1235 150 427 376 290 218 86 148
internal_count=1953 224 127 97 1729 1302 1235 150 427 376 290 218 86 148
is_linear=0
shrinkage=0.05


Tree=130
num_leaves=15
num_cat=0
split_feature=2 3 5 3 6 5 8 5 8 6 6 7 4 5
split_gain=1.83611 1.60022 4.80847 4.00504 1.97161 8.16103 4.061 7.4944 2.82234 2.74304 2.34532 3.72797 3.88738 2.99716
threshold=0.99468534776305517 0.28550000000000003 13.629500000000002 4.5790000000000015 7.7110000000000012 6.0915000000000008 -0.13199999999999998 1.4710000000000003 -0.80349999999999999 7.9490000000000007 15.575500000000002 841.67950000000008 10.050000000000002 14.519000000000002
decision_type=2 2 2 2 2 2 2 2 2 2 2 2 2 2
left_child=1 2 -1 -3 5 6 7 -5 -9 -6 13 12 -12 -11
right_child=-2 3 -4 4 9 -7 -8 8 -10 10 11 -13 -14 -15
leaf_value=-1.9691718775348423e-05 -0.00072147600923677668 -0.0086744000372397777 0.0072011832334058952 -0.0012505146896205632 0.0025432745752413111 -0.012207995134200098 -0.0028841546356880771 0.0014703856023018825 0.014524062591576504 0.00031680343420126267 0.0017862339425925523 0.0078077833227387372 -0.0086252980675498581 0.010744840551927294
leaf_weight=88 57 78 41 42 40 51 74 69 44 1133 57 42 84 53
leaf_count=88 57 78 41 42 40 51 74 69 44 1133 57 42 84 53
internal_value=0.000947261 0.00121308 0.00658915 0.0008206 0.00133215 -0.0025 0.00152838 0.00612903 0.0128319 0.00209368 0.00171658 -0.00355191 -0.00744681 0.00252951
internal_weight=1953 1896 129 1767 1689 280 229 155 113 1409 1369 183 141 1186
internal_count=1953 1896 129 1767 1689 280 229 155 113 1409 1369 183 141 1186
is_linear=0
shrinkage=0.05


Tree=131
num_leaves=15
num_cat=0
split_feature=1 1 0 1 2 5 7 4 6 4 4 4 2 0
split_gain=2.27009 2.97797 2.60558 1.8091 1.61139 2.72726 3.44153 2.28241 2.04039 2.88567 10.7135 4.69712 4.11593 5.44937
threshold=0.99805629696255316 0.97873101657557349 13.013000000000002 -0.99273952934267318 0.99468534776305517 1.4300000000000004 36.976000000000006 25.668000000000003 5.2215000000000007 14.429500000000003 13.935000000000002 15.051 0.86993731518838324 9.4710000000000019
decision_type=2 2 2 2 2 2 2 2 2 2 2 2 2 2
left_child=1 3 -3 -1 5 -5 -7 8 -8 10 -10 -11 13 -13
right_child=-2 2 -4 4 -6 6 7 -9 9 11 -12 12 -14 -15
leaf_value=0.00096450699308172911 -0.00059321368222844397 0.011202221762097798 0.00038024962526645448 -0.0012227381510199198 -0.00068540220877493234 0.0065558236594907005 -0.0032723771144976448 0.0027165026277931967 0.0002812428854382265 -0.018277692771423971 0.022928487157963015 -0.0023453786450422648 0.0053476286133868458 -1.2714548311265617e-05
leaf_weight=70 43 52 47 75 57 50 80 67 663 48 49 59 56 537
leaf_count=70 43 52 47 75 57 50 80 67 663 48 49 59 56 537
internal_value=0.000896057 0.00115183 0.00959596 0.000690226 0.000373349 0.000653207 0.00108763 0.000673509 0.000268097 0.000708215 0.00294944 -0.00157143 -0.000460123 -0.00167785
internal_weight=1953 1910 99 1811 1741 1684 1609 1559 1492 1412 712 700 652 596
internal_count=1953 1910 99 1811 1741 1684 1609 1559 1492 1412 712 700 652 596
is_linear=0
shrinkage=0.05


Tree=132
num_leaves=15
num_cat=0
split_feature=1 1 0 1 8 8 8 7 8 6 2 4 8 0
split_gain=2.20912 1.80881 2.51451 1.83454 1.80959 4.64716 4.28568 4.8177 4.24678 3.95726 4.56843 4.49252 4.97402 3.9474
threshold=0.99805629696255316 0.97873101657557349 12.448500000000001 -0.99273952934267318 -0.50749999999999995 -0.28949999999999992 -0.79549999999999998 788.84500000000014 -0.11149999999999999 7.7110000000000012 0.75047916603754417 12.581000000000001 0.23800000000000002 10.950500000000002
decision_type=2 2 2 2 2 2 2 2 2 2 2 2 2 2
left_child=1 3 -3 -1 6 -6 -5 -8 -7 10 -10 12 -11 -14
right_child=-2 2 -4 4 5 8 7 -9 9 11 -12 -13 13 -15
leaf_value=0.00091628164342764387 -0.00056355299811702288 0.011743263765706913 -0.00010660283788945444 -6.2653009189536391e-05 -0.0043054309498125167 0.0058307483028721303 0.0069055578698413141 -0.0054181199354010508 -0.0042626705568724809 -0.0038334218374176778 -0.00012546213805215701 -0.00039927632582708596 0.0017378315013845244 0.0071736640504762895
leaf_weight=70 43 47 52 580 165 122 175 42 41 55 53 405 50 53
leaf_count=70 43 47 52 580 165 122 175 42 41 55 53 405 50 53
internal_value=0.000742448 0.000994764 0.00757576 0.000635008 0.00031591 -0.00116525 0.00207026 0.00806452 0.000449294 -0.00114155 -0.0106383 0.00044405 0.00759494 0.0140777
internal_weight=1953 1910 99 1811 1741 944 797 217 779 657 94 563 158 103
internal_count=1953 1910 99 1811 1741 944 797 217 779 657 94 563 158 103
is_linear=0
shrinkage=0.05


Tree=133
num_leaves=15
num_cat=0
split_feature=8 6 5 5 6 2 6 0 5 6 7 1 8 1
split_gain=1.77066 4.57265 4.3528 4.66953 5.66529 6.48934 4.22683 4.13671 3.37957 6.0331 3.9061 3.09403 4.16511 5.68052
threshold=-0.50749999999999995 15.145500000000002 10.8985 9.9610000000000021 7.7110000000000012 0.64624608728844402 5.8245000000000013 21.930500000000006 3.5425000000000004 5.3600000000000003 41.470500000000008 0.97109105924028427 -0.073499999999999982 -0.10282099713736061
decision_type=2 2 2 2 2 2 2 2 2 2 2 2 2 2
left_child=8 2 3 4 5 -2 -7 -3 10 -10 -1 12 13 -6
right_child=1 7 -4 -5 11 6 -8 -9 9 -11 -12 -13 -14 -15
leaf_value=0.00022858468197853866 -0.0041890907519720171 -0.0044842512588532668 0.0023023713809740666 -0.0080837804063008667 0.00052636522171392586 0.0053381105450885091 -0.0090570726760091872 -0.00097448493804217504 -0.0071113162849737819 0.00034126104944838255 0.0095478431205689666 0.010237544060994384 0.00051260314457277913 -0.0066968448879035809
leaf_weight=64 52 69 133 57 77 45 49 58 43 702 78 57 414 55
leaf_count=64 52 69 133 57 77 45 49 58 43 702 78 57 414 55
internal_value=0.000435228 -0.000938086 0.000266241 -0.00111663 -6.67557e-05 -0.00890411 -0.00106383 -0.00984252 0.00208568 0.000738255 0.00915493 0.00207297 0.000915751 -0.00681818
internal_weight=1953 1066 939 806 749 146 94 127 887 745 142 603 546 132
internal_count=1953 1066 939 806 749 146 94 127 887 745 142 603 546 132
is_linear=0
shrinkage=0.05


Tree=134
num_leaves=15
num_cat=0
split_feature=1 1 0 3 3 3 5 1 6 0 0 0 6 4
split_gain=2.07008 1.47231 3.15709 1.37256 5.22721 2.91356 3.40714 5.39504 5.39437 7.17675 4.05681 5.4303 5.22216 3.90899
threshold=0.99805629696255316 0.97873101657557349 12.448500000000001 99.131000000000014 95.089500000000015 91.173500000000018 6.6580000000000004 -0.25950939392209715 11.845500000000003 17.151500000000002 15.465000000000002 11.944000000000001 13.690000000000001 12.134000000000002
decision_type=2 2 2 2 2 2 2 2 2 2 2 2 2 2
left_child=1 3 -3 4 5 6 7 13 9 -8 11 -10 -12 -1
right_child=-2 2 -4 -5 -6 -7 8 -9 10 -11 12 -13 -14 -15
leaf_value=0.00022774148292542819 -0.0010472525512608911 0.011139037524949148 -0.00016736350675554263 -0.00025307437929355527 0.0037265441326835764 -0.0065999305108201236 -0.00022065757777330541 -0.00020749224089591236 0.0010451397949319458 -0.021257494295543425 0.0096913822992823976 -0.020926172942265078 9.0164262823608931e-05 0.008699626687415047
leaf_weight=46 43 47 52 752 128 54 110 133 40 51 61 44 320 72
leaf_count=46 43 47 52 752 128 54 110 133 40 51 61 44 320 72
internal_value=0.000384025 0.000628272 0.00656566 0.0003037 0.00146364 0.000161117 0.000855188 0.00577689 -0.00111821 -0.00900621 0.0016129 -0.00833333 0.00380577 0.0135593
internal_weight=1953 1910 99 1811 1059 931 877 251 626 161 465 84 381 118
internal_count=1953 1910 99 1811 1059 931 877 251 626 161 465 84 381 118
is_linear=0
shrinkage=0.05


Tree=135
num_leaves=15
num_cat=0
split_feature=1 2 2 7 5 1 0 3 8 0 4 6 0 4
split_gain=2.01188 2.13747 3.63001 2.58416 3.92811 1.91178 4.50475 2.73772 4.97181 3.60119 3.5989 5.5339 3.64169 6.37422
threshold=0.99805629696255316 0.19429706169951341 0.29426351849031901 204.34650000000002 2.0015000000000005 -0.86095304316285715 12.059000000000001 34.914500000000011 -0.18999999999999997 6.9065000000000003 21.333500000000004 10.161500000000002 6.4595000000000011 13.609500000000002
decision_type=2 2 2 2 2 2 2 2 2 2 2 2 2 2
left_child=1 3 -3 4 -1 -4 7 8 -7 -10 11 12 -9 -14
right_child=-2 2 5 -5 -6 6 -8 10 9 -11 -12 -13 13 -15
leaf_value=-0.0014627265880900742 -0.00099488992369784488 -0.0030541736007460686 0.00066535760646426606 0.0001265115985647325 0.022572227297002714 0.0059061205166253683 -0.0044966895876486562 -0.0032674434254757138 -0.007703010572435845 0.0010559431135690922 0.0023766684103426472 -0.0066416989123309345 0.0062939584229334718 -0.0012639354265985827
leaf_weight=40 43 60 66 1015 59 61 107 71 40 56 99 62 94 80
leaf_count=40 43 60 66 1015 59 61 107 71 40 56 99 62 94 80
internal_value=0.000230415 0.000471204 -0.00150754 0.0018851 0.00959596 -0.000543478 -0.00134328 0.00044405 0.00605096 -0.00104167 -0.00172414 -0.00439739 -0.00102041 0.00287356
internal_weight=1953 1910 796 1114 99 736 670 563 157 96 406 307 245 174
internal_count=1953 1910 796 1114 99 736 670 563 157 96 406 307 245 174
is_linear=0
shrinkage=0.05


Tree=136
num_leaves=15
num_cat=0
split_feature=1 6 6 5 2 0 4 3 6 5 1 8 6 8
split_gain=1.99266 2.0573 4.54428 3.83695 2.14895 5.37289 4.5071 5.11681 3.71242 5.53895 2.00773 1.94096 1.64741 3.0495
threshold=0.99805629696255316 5.2215000000000007 5.8245000000000013 3.4310000000000005 0.63874942205152718 9.7850000000000019 8.291500000000001 48.958000000000006 7.8140000000000009 4.4235000000000007 -0.34918219960991376 -1.9714999999999998 7.7110000000000012 -0.23649999999999996
decision_type=2 2 2 2 2 2 2 2 2 2 2 2 2 2
left_child=1 3 -3 -1 11 6 -6 -8 -9 -10 -7 -4 -13 -14
right_child=-2 2 4 -5 5 10 7 8 9 -11 -12 12 13 -15
leaf_value=0.0029769866976902429 -0.00094514542751295005 0.0042044193033562187 0.0007226299920946674 -0.0038671705105491785 -0.0069514115216751 -0.0010310761774012579 0.0079111066731530014 0.010176393026655524 -0.0087225786322975545 0.001502794543607905 -0.0090143417895862613 -0.00024921248707420184 -0.00020478817379396727 0.0012330589125743752
leaf_weight=43 43 40 58 73 48 49 65 42 52 54 82 69 716 519
leaf_count=43 43 40 58 73 48 49 65 42 52 54 82 69 716 519
internal_value=0.000179211 0.000418848 0.00083612 -0.00603448 0.0004561 -0.00280612 0.001341 0.00446009 -0.000675676 -0.00566038 -0.0110687 0.00139501 0.000996933 0.001417
internal_weight=1953 1910 1794 116 1754 392 261 213 148 106 131 1362 1304 1235
internal_count=1953 1910 1794 116 1754 392 261 213 148 106 131 1362 1304 1235
is_linear=0
shrinkage=0.05


Tree=137
num_leaves=15
num_cat=0
split_feature=4 0 0 4 5 3 4 6 3 0 0 7 8 6
split_gain=2.2154 3.86971 3.44063 4.07365 4.70648 3.78772 4.46911 3.70566 3.75072 3.55758 4.99692 4.63707 7.57725 3.71138
threshold=20.458000000000002 20.223500000000005 6.4595000000000011 19.314000000000004 8.7800000000000029 3.1315000000000004 14.301500000000003 9.4555000000000025 99.938000000000017 7.9520000000000008 8.6960000000000015 72.970500000000015 0.84350000000000003 6.6680000000000001
decision_type=2 2 2 2 2 2 2 2 2 2 2 2 2 2
left_child=2 -2 7 5 -5 6 -4 8 -1 -7 -11 -12 13 -13
right_child=1 -3 3 4 -6 9 -8 -9 -10 10 11 12 -14 -15
leaf_value=0.0056600886840281299 0.00068876716576290326 -0.0038192524639036607 3.093037893725781e-05 -0.0066450382226043662 0.0015115567837731493 0.0020255606339480261 0.012830793307916494 -0.0040943491840801163 -0.0031597691497125672 -0.012382232616035681 0.0070861306843868661 -0.013758266363450004 -0.009493833216424814 0.00029667095627063794
leaf_weight=43 362 64 74 48 51 87 51 41 50 43 76 60 79 824
leaf_count=43 362 64 74 48 51 87 51 41 50 43 76 60 79 824
internal_value=0.000332821 0.00352113 -0.000556647 0.000179469 -0.00959596 0.000927357 0.0092 -0.00820896 -0.00268817 4.27716e-05 -0.000739372 -4.81232e-05 -0.000986501 0.000339367
internal_weight=1953 426 1527 1393 99 1294 125 134 93 1169 1082 1039 963 884
internal_count=1953 426 1527 1393 99 1294 125 134 93 1169 1082 1039 963 884
is_linear=0
shrinkage=0.05


Tree=138
num_leaves=15
num_cat=0
split_feature=0 7 2 8 7 7 7 6 0 5 7 5 5 4
split_gain=1.91719 3.47143 1.84955 3.94932 4.80316 3.37235 2.96873 3.52281 2.50696 6.12286 1.81162 4.67185 3.9313 7.34721
threshold=4.980500000000001 144.23500000000004 0.86993731518838324 0.94700000000000006 200.10150000000002 134.19250000000002 36.976000000000006 5.3600000000000003 9.4710000000000019 7.1430000000000007 211.12400000000005 2.3215000000000003 5.4450000000000012 13.555000000000001
decision_type=2 2 2 2 2 2 2 2 2 2 2 2 2 2
left_child=1 -1 6 4 5 -4 -2 -8 9 -9 11 -10 13 -12
right_child=2 -3 3 -5 -6 -7 7 8 10 -11 12 -13 -14 -15
leaf_value=0.00053517443728523517 0.0033558884367224096 -0.0055384720773457366 0.00021274887742087149 0.0099554474411305618 0.013517800337410429 -0.0063432358880685484 -0.0057836221612377232 -0.0081596563143550797 -0.00071050300102152306 0.00026612964103074345 -0.02257639480255659 0.0090082670357187599 0.00019016077907486051 8.8966655700434275e-06
leaf_weight=40 55 56 106 42 40 44 42 78 49 67 46 121 1089 78
leaf_count=40 55 56 106 42 40 44 42 78 49 67 46 121 1089 78
internal_value=0.000640041 -0.00625 0.00099623 0.00517241 0.00210526 -0.002 0.0004 0 0.00039267 -0.00586207 0.00104845 0.00588235 0.000370981 -0.00806452
internal_weight=1953 96 1857 232 190 150 1625 1570 1528 145 1383 170 1213 124
internal_count=1953 96 1857 232 190 150 1625 1570 1528 145 1383 170 1213 124
is_linear=0
shrinkage=0.05


Tree=139
num_leaves=15
num_cat=0
split_feature=7 6 7 2 6 5 1 7 7 7 7 4 4 1
split_gain=1.25649 6.55902 4.11097 2.68059 3.65119 6.60186 6.41607 3.93969 3.0633 2.4869 3.9071 2.23852 2.56831 3.08337
threshold=535.21850000000006 9.7890000000000015 511.61650000000003 -0.66248835645380588 11.392000000000001 6.5140000000000002 -0.90149333598846393 399.24500000000006 399.24500000000006 234.16200000000003 356.18400000000003 24.243500000000001 6.8185000000000011 -0.89391031859722847
decision_type=2 2 2 2 2 2 2 2 2 2 2 2 2 2
left_child=2 -2 3 9 8 -6 -7 -8 -5 -1 -11 12 -3 -14
right_child=1 11 -4 4 5 6 7 -9 -10 10 -12 -13 13 -15
leaf_value=-0.0016970216263321404 -0.0061830391584314975 -0.00058062499460238284 0.010555333668115974 7.7790389153925215e-05 -0.012954117679237383 -0.0064656782976693075 0.0040561029970627186 -0.0019363974097316829 0.0029158457819564473 0.026425197617329955 0.0019604284352277889 -0.004903995734496968 0.0086023692457437555 0.00025577542032231284
leaf_weight=50 48 67 40 762 52 53 49 41 52 47 62 41 50 539
leaf_count=50 48 67 40 762 52 53 49 41 52 47 62 41 50 539
internal_value=0.000742448 -0.000872483 0.00173841 0.00119863 0.00024777 -0.00589744 -0.00034965 0.00777778 0.0017199 0.0072327 0.0114679 0.00035868 0.00106707 0.00212224
internal_weight=1953 745 1208 1168 1009 195 143 90 814 159 109 697 656 589
internal_count=1953 745 1208 1168 1009 195 143 90 814 159 109 697 656 589
is_linear=0
shrinkage=0.05


Tree=140
num_leaves=15
num_cat=0
split_feature=1 1 1 1 4 4 8 3 7 7 0 7 0 1
split_gain=1.68809 2.03161 2.47505 2 1.91503 4.34372 3.62568 1.94896 3.3867 4.07216 2.66188 3.07649 6.652 3.71424
threshold=-0.99273952934267318 -0.96230016621822467 -0.93535928755917819 -0.97873101657557338 27.429500000000001 24.863500000000005 -0.40249999999999997 99.848000000000013 654.61250000000007 551.17000000000019 5.1610000000000005 446.54100000000005 17.744000000000003 0.99052327954040398
decision_type=2 2 2 2 2 2 2 2 2 2 2 2 2 2
left_child=-1 3 -3 -2 5 7 -6 10 9 -9 -4 12 -12 -13
right_child=1 2 4 -5 6 -7 -8 8 -10 -11 11 13 -14 -15
leaf_value=0.0011779720238969645 -0.00024913378638642892 0.010985001825705049 -0.0021926773458755731 -0.0040895075461897384 0.0030782064556494019 0.0026950613364470247 -0.0035972333915588353 -0.00052691677244230684 -0.0040717176046181419 0.0094755726747183244 0.00027920380627507823 -0.00021917742077942615 0.016849454229317867 0.00072715786075048811
leaf_weight=70 50 50 60 40 41 59 40 459 71 40 321 559 46 47
leaf_count=70 50 50 60 40 41 59 40 459 71 40 321 559 46 47
internal_value=0.000947261 0.000663834 0.00103179 -0.00666667 0.000717154 0.00108303 -0.00679012 0.000592639 -0.00175439 -0.000300601 0.00188771 0.00251799 0.00613079 0.000330033
internal_weight=1953 1883 1793 90 1743 1662 81 1603 570 499 1033 973 367 606
internal_count=1953 1883 1793 90 1743 1662 81 1603 570 499 1033 973 367 606
is_linear=0
shrinkage=0.05


Tree=141
num_leaves=15
num_cat=0
split_feature=8 4 0 5 1 8 3 6 8 4 1 1 8 8
split_gain=1.83149 2.11055 4.3283 3.482 5.23798 2.77712 4.63271 5.73896 4.41258 3.45226 7.07843 5.57331 7.51173 3.34988
threshold=-2.8899999999999992 20.458000000000002 20.223500000000005 9.6060000000000016 0.81078196093106825 0.77300000000000013 58.38150000000001 10.925500000000001 0.43650000000000005 16.496000000000002 -0.30451802849190396 0.76864763646026912 -0.67849999999999999 -0.86149999999999982
decision_type=2 2 2 2 2 2 2 2 2 2 2 2 2 2
left_child=-1 5 3 4 -3 8 -7 -8 9 -2 13 12 -12 -11
right_child=1 2 -4 -5 -6 6 7 -9 -10 10 11 -13 -14 -15
leaf_value=-0.0016972442510800254 0.00025080430825166202 0.0024367316565217264 -0.0038210787988868901 0.010951672845858986 -0.0020291765451905561 0.00058522935074558084 -0.00022530364145321169 -0.019284273227567695 0.0055414833574616634 -0.00028290160956866151 -0.029666793912247469 6.0991072644150934e-06 -0.0048710980054610838 0.0068732566199145714
leaf_weight=40 927 201 64 66 61 65 91 42 102 53 43 71 78 49
leaf_count=40 927 201 64 66 61 65 91 42 102 53 43 71 78 49
internal_value=0.000588838 0.000810246 0.00408163 0.00640244 0.00381679 -3.28731e-05 -0.00555556 -0.0109023 0.000793651 -4.095e-05 -0.0047619 -0.0104167 -0.0169421 0.00588235
internal_weight=1953 1913 392 328 262 1521 198 133 1323 1221 294 192 121 102
internal_count=1953 1913 392 328 262 1521 198 133 1323 1221 294 192 121 102
is_linear=0
shrinkage=0.05


Tree=142
num_leaves=15
num_cat=0
split_feature=2 2 2 7 7 2 6 8 2 5 5 6 0 4
split_gain=1.70458 6.40096 6.03118 2.74696 4.14815 4.06562 3.89319 12.485 3.5022 2.75841 2.73338 5.16492 2.46414 2.45098
threshold=0.86993731518838324 0.83399694777620859 0.90542393716278702 36.976000000000006 59.332500000000003 0.77275363110444695 7.9815000000000014 -0.18999999999999997 0.34313907657789455 3.5425000000000004 5.4450000000000012 9.7890000000000015 8.9100000000000019 8.291500000000001
decision_type=2 2 2 2 2 2 2 2 2 2 2 2 2 2
left_child=1 3 -2 -1 -5 6 7 8 -6 -8 11 -11 -12 -4
right_child=2 -3 13 4 5 -7 9 -9 -10 10 12 -13 -14 -15
leaf_value=0.0030091583454209371 0.0072992656302583205 -0.0066867006680162632 -0.017765666178040002 -0.0025587313999528185 -0.001576324253355059 0.0019900451713162326 0.0061551660975244452 -0.0078333570607480429 0.0070370506529409023 0.0018969042793483841 -0.003574249751569958 -0.0088611758209692776 0.00028811922441336347 0.0002608435321029404
leaf_weight=61 42 40 51 41 46 48 66 42 55 42 63 79 1073 204
leaf_count=61 42 40 51 41 46 48 66 42 55 42 63 79 1073 204
internal_value=0.000384025 -0.000241546 0.00387205 0.000247525 -0.000160772 0.000264201 -0.000204638 -0.00804196 0.00148515 0.000642479 0.000119332 -0.00702479 0.000880282 0.000980392
internal_weight=1953 1656 297 1616 1555 1514 1466 143 101 1323 1257 121 1136 255
internal_count=1953 1656 297 1616 1555 1514 1466 143 101 1323 1257 121 1136 255
is_linear=0
shrinkage=0.05


Tree=143
num_leaves=15
num_cat=0
split_feature=8 7 2 7 5 1 1 7 7 6 7 6 6 8
split_gain=1.77873 2.62776 4.46263 2.50126 4.18867 2.27923 1.8087 1.87814 4.13335 3.36616 3.16215 2.29337 6.41835 3.35887
threshold=-2.8899999999999992 36.976000000000006 0.73832635400310653 76.167000000000016 2.8675000000000006 0.99805629696255316 0.98336225177674941 134.19250000000002 173.71300000000002 8.6720000000000024 212.96600000000004 10.967000000000001 11.392000000000001 1.0555000000000001
decision_type=2 2 2 2 2 2 2 2 2 2 2 2 2 2
left_child=-1 2 -2 4 -3 6 7 9 -9 -5 -10 -12 -13 -14
right_child=1 3 -4 5 -6 -7 -8 8 10 -11 11 12 13 -15
leaf_value=-0.0015750743833991985 0.014395216506006026 4.8609698211854462e-06 -0.00077533634390988262 -0.00059857585550395507 -0.012586411555646935 -0.0025595880157148311 0.0029356841230666788 -0.0036122671591015901 0.001555659133818694 0.011445224397436027 -0.00040491009616568097 0.0031349545248902698 0.00015020694325068706 -0.0065436762813275888
leaf_weight=40 44 61 55 62 40 41 77 75 116 60 393 51 770 68
leaf_count=40 44 61 55 62 40 41 77 75 116 60 393 51 770 68
internal_value=0.000435228 0.000653424 0.00858586 0.000220507 -0.00742574 0.000671337 0.000956938 0.000595611 0.000101833 0.00655738 0.000715308 0 0.00140607 0.000357995
internal_weight=1953 1913 99 1814 101 1713 1672 1595 1473 122 1398 1282 889 838
internal_count=1953 1913 99 1814 101 1713 1672 1595 1473 122 1398 1282 889 838
is_linear=0
shrinkage=0.05


Tree=144
num_leaves=15
num_cat=0
split_feature=8 5 7 2 5 3 3 6 1 8 1 0 4 4
split_gain=1.69267 2.97071 2.94015 3.72694 2.31128 5.19033 8.17305 6.31488 7.31774 4.93564 4.86589 7.89857 4.05627 5.54551
threshold=-1.8854999999999997 6.5140000000000002 36.976000000000006 0.73832635400310653 6.5140000000000002 92.694500000000019 98.821500000000015 11.800500000000001 0.081558489694578698 -0.77249999999999985 0.71466676797886841 12.564500000000001 20.031500000000005 13.471500000000001
decision_type=2 2 2 2 2 2 2 2 2 2 2 2 2 2
left_child=1 -1 3 -2 10 -6 -7 -8 -9 -10 12 -12 13 -4
right_child=2 -3 4 -5 5 6 7 8 9 -11 11 -13 -14 -15
leaf_value=9.1870349657606498e-05 0.015037424645567144 -0.0080473973074469459 0.0012078191026808128 -0.00033632868967800323 -7.9969510083152684e-05 0.011475666624312634 0.00322831396716022 -0.0048384478275055173 -0.0017837461755442414 0.0064616339143406757 -0.00015873854911623193 -0.02090044455576804 0.0008047019667173583 -0.0036653503031043866
leaf_weight=86 41 60 231 46 688 76 96 106 40 78 81 42 111 171
leaf_count=86 41 60 231 46 688 76 96 106 40 78 81 42 111 171
internal_value=0.000384025 -0.00479452 0.000802435 0.00977011 0.000348837 0.00175277 0.00631313 0.0028125 -0.00178571 0.00677966 -0.00204403 -0.0109756 9.74659e-05 -0.00223881
internal_weight=1953 146 1807 87 1720 1084 396 320 224 118 636 123 513 402
internal_count=1953 146 1807 87 1720 1084 396 320 224 118 636 123 513 402
is_linear=0
shrinkage=0.05


Tree=145
num_leaves=15
num_cat=0
split_feature=7 5 5 6 6 6 8 5 5 0 0 4 2 2
split_gain=1.44996 1.9458 2.26648 2.75827 4.97344 4.41865 3.76508 3.12182 4.58095 4.31435 4.04309 2.97638 2.23132 5.17169
threshold=858.81550000000004 18.250500000000006 16.545500000000004 15.145500000000002 14.929500000000003 14.585000000000003 -0.65749999999999986 11.073000000000002 11.643000000000002 21.148000000000003 19.664500000000004 11.957500000000001 -0.81202266594587924 -0.91780143710280748
decision_type=2 2 2 2 2 2 2 2 2 2 2 2 2 2
left_child=1 2 3 4 5 7 11 9 -9 10 12 -5 13 -1
right_child=-2 -3 -4 6 -6 -7 -8 8 -10 -11 -12 -13 -14 -15
leaf_value=-0.00050901858007176284 0.0016954849539810302 -0.023606978443075768 0.0015458641316350276 0.0048050359004813805 0.0070068048432790717 -0.018010769623928249 -0.010144122327562333 0.010624576460665168 0.00080566945244431309 -0.0060636406808890937 0.0052417671104756612 -0.0033754731875964561 -9.9408459330790903e-06 0.012434553710080877
leaf_weight=51 49 47 40 55 46 59 111 40 119 77 56 53 1106 44
leaf_count=51 49 47 40 55 46 59 111 40 119 77 56 53 1106 44
internal_value=0.000691244 0.000472689 0.000726979 0.000467804 0.00118899 0.000708763 -0.00479452 0.00123912 0.00786164 0.000449775 0.00115354 0.00185185 0.000541216 0.00789474
internal_weight=1953 1904 1857 1817 1598 1552 219 1493 159 1334 1257 108 1201 95
internal_count=1953 1904 1857 1817 1598 1552 219 1493 159 1334 1257 108 1201 95
is_linear=0
shrinkage=0.05


Tree=146
num_leaves=15
num_cat=0
split_feature=1 0 3 8 3 4 4 0 5 1 4 1 1 5
split_gain=1.93463 5.37888 6.17866 3.25123 3.78712 9.09726 5.12207 4.21342 4.16167 4.16544 3.50405 4.24199 2.71595 3.30788
threshold=0.081558489694578698 19.713000000000005 44.573 1.9525000000000003 97.438000000000002 12.134000000000002 12.971000000000002 11.944000000000001 5.0270000000000001 0.60434081882701174 16.134500000000003 0.95444582372253872 -0.021515898191484053 5.8330000000000011
decision_type=2 2 2 2 2 2 2 2 2 2 2 2 2 2
left_child=12 3 -3 4 6 -6 7 -2 9 -7 -8 -12 13 -1
right_child=1 2 -4 -5 5 8 10 -9 -10 -11 11 -13 -14 -15
leaf_value=0.00074942776058511409 0.0049108124003459028 0.0001854271438352706 0.010533759774166524 0.011035055450738948 -0.004744033626275024 -0.0049903257840002496 -0.019856710031855913 -0.00072229156413048117 0.0044386934262132865 0.0023253706126492913 9.0805135242211238e-05 -0.003703941552219839 -0.010153049578907673 -0.00048014236693149915
leaf_weight=344 74 73 76 42 127 47 63 77 139 74 123 46 66 582
leaf_count=344 74 73 76 42 127 47 63 77 139 74 123 46 66 582
internal_value=0.000742448 0.00234131 0.0110738 0.000738916 0 0.00348837 -0.0035248 0.00364238 0.00884615 0.00206612 -0.00818966 -0.00443787 -0.000806452 -0.000107991
internal_weight=1953 961 149 812 770 387 383 151 260 121 232 169 992 926
internal_count=1953 961 149 812 770 387 383 151 260 121 232 169 992 926
is_linear=0
shrinkage=0.05


Tree=147
num_leaves=15
num_cat=0
split_feature=4 0 0 0 5 0 8 6 3 0 8 4 8 6
split_gain=1.82562 3.47197 4.90068 4.23782 4.64093 3.28448 7.86056 4.81869 7.29121 3.19737 2.76186 2.26704 2.0622 4.45512
threshold=19.018500000000003 19.391500000000004 17.026000000000003 14.534000000000001 9.2670000000000012 11.642500000000002 -0.29949999999999993 7.9490000000000007 99.519500000000008 21.655000000000005 1.663 18.527500000000003 -0.50749999999999995 15.145500000000002
decision_type=2 2 2 2 2 2 2 2 2 2 2 2 2 2
left_child=10 2 3 4 5 7 -7 -2 -9 -3 11 12 -1 -14
right_child=1 9 -4 -5 -6 6 -8 8 -10 -11 -12 -13 13 -15
leaf_value=0.00034649924174601221 0.005301226911791271 -0.0064334301532723908 0.010750586587358509 -0.0035300472328191643 0.010674757441966012 -0.0017758828883779887 0.001094996562808409 0.0044013203309847598 -0.0050546913936746823 0.00083922277947802307 -0.0016987622858537057 -0.0050131195444290521 2.8249119464135443e-05 -0.0083448185928711779
leaf_weight=615 50 57 65 55 41 55 48 61 63 64 59 46 578 96
leaf_count=615 50 57 65 55 41 55 48 61 63 64 59 46 578 96
internal_value=0.000537634 0.0029517 0.00502283 0.00281501 0.00503145 0.00270758 -0.00436893 0.00689655 0.0016129 -0.00454545 -0.000430416 3.74532e-05 0.000426687 -0.00148368
internal_weight=1953 559 438 373 318 277 103 174 124 121 1394 1335 1289 674
internal_count=1953 559 438 373 318 277 103 174 124 121 1394 1335 1289 674
is_linear=0
shrinkage=0.05


Tree=148
num_leaves=15
num_cat=0
split_feature=8 7 2 7 8 8 7 7 6 5 2 2 0 4
split_gain=2.11706 2.60508 3.55556 3.39815 7.71137 4.65661 4.48556 3.96861 3.82937 3.16173 3.0743 2.84075 2.22307 2.16306
threshold=-2.1944999999999992 36.976000000000006 0.71541278717867718 190.62350000000001 0.84350000000000003 0.17250000000000001 212.96600000000004 144.23500000000004 6.9305000000000012 4.5365000000000011 0.81404609350821777 0.39110220707247995 12.059000000000001 7.1865000000000014
decision_type=2 2 2 2 2 2 2 2 2 2 2 2 2 2
left_child=12 2 -2 4 5 7 -5 8 -3 11 13 -8 -1 -11
right_child=1 3 -4 6 -6 -7 9 -9 -10 10 -12 -13 -14 -15
leaf_value=0.0001290725013625073 0.013321125226842784 -0.0025457281414001834 -3.1954264499886585e-05 0.0026864970856212535 -0.0083860187979826195 0.0056731646929295112 0.00024033394180048226 -0.0088458862834637133 0.013341371014930195 -0.0005233553898106952 0.0044694933245863549 -0.020352319324440961 -0.003434873717041498 0.00019085210697256176
leaf_weight=48 40 55 50 85 71 58 44 55 88 122 63 41 41 1092
leaf_count=48 40 55 50 85 71 58 44 55 88 122 63 41 41 1092
internal_value=0.000230415 0.000590129 0.00888889 0.000169109 -0.00443425 -0.000390625 0.0012094 -0.0040404 0.00034965 0.00051395 0.00113547 -0.00882353 -0.00730337 0.000576606
internal_weight=1953 1864 90 1774 327 256 1447 198 143 1362 1277 85 89 1214
internal_count=1953 1864 90 1774 327 256 1447 198 143 1362 1277 85 89 1214
is_linear=0
shrinkage=0.05


Tree=149
num_leaves=15
num_cat=0
split_feature=8 8 2 8 6 3 0 5 0 6 0 0 5 6
split_gain=2.05783 2.45424 1.8989 1.82008 5.59153 5.88755 4.61409 2.819 4.62789 3.14311 3.12426 5.02894 3.98629 2.89963
threshold=-1.8854999999999997 -2.0864999999999996 0.72731766296277522 -1.3194999999999999 15.061000000000002 89.047500000000014 12.265000000000002 2.0015000000000005 10.994500000000002 15.175000000000002 21.502000000000006 23.538500000000003 12.729000000000001 14.993000000000002
decision_type=2 2 2 2 2 2 2 2 2 2 2 2 2 2
left_child=1 2 -1 4 5 -2 -7 8 -5 13 12 -12 -11 -9
right_child=3 -3 -4 7 -6 6 -8 9 -10 10 11 -13 -14 -15
leaf_value=0.00041900794675264752 -0.022704596564331027 -0.010830720038569219 -0.0040185859590467837 8.5805906604446988e-05 0.009810246682057289 0.0088780434834557481 -0.00073197449785652883 0.00020853848178485347 -0.0036220256478192493 3.411940729156626e-05 0.011432212362354444 -0.0038232546461542229 -0.007212043758509693 0.0058684111369392694
leaf_weight=65 47 41 40 64 42 48 49 1214 51 41 47 100 64 40
leaf_count=65 47 41 40 64 42 48 49 1214 51 41 47 100 64 40
internal_value=0.000230415 -0.00547945 -0.00142857 0.000691754 0.00537634 0.000694444 0.00773196 0.000154226 -0.0073913 0.000730412 -0.00436508 0.000340136 -0.0109524 0.00175439
internal_weight=1953 146 105 1807 186 144 97 1621 115 1506 252 147 105 1254
internal_count=1953 146 105 1807 186 144 97 1621 115 1506 252 147 105 1254
is_linear=0
shrinkage=0.05


Tree=150
num_leaves=15
num_cat=0
split_feature=8 4 5 5 2 8 8 0 2 3 7 1 3 3
split_gain=1.83149 1.7508 3.15692 4.18239 3.17773 2.60549 2.31599 2.11438 3.04246 2.92321 3.9651 5.38677 2.62921 4.87539
threshold=-2.8899999999999992 21.333500000000004 5.7710000000000017 9.6710000000000012 -0.46997674302732012 -0.23649999999999996 -0.43249999999999994 7.2260000000000009 0.87796008470088804 3.1315000000000004 822.35500000000013 -0.65189295912203338 20.073000000000004 31.374500000000001
decision_type=2 2 2 2 2 2 2 2 2 2 2 2 2 2
left_child=-1 7 6 5 -5 -4 -3 8 -2 10 11 -9 -11 -14
right_child=1 2 3 4 -6 -7 -8 9 -10 12 -12 -13 13 -15
leaf_value=-0.0015279526078994313 -0.0011974004687868769 0.014066131594894678 -0.0033791728754382373 -0.00057648581627499644 0.010543563350749369 1.8030800217432704e-05 0.00025004016574500245 -0.0001148985144938896 1.8185229956999006e-05 -0.0014122624340032149 -0.004385591509173001 0.013002382055118484 0.01743738568505129 7.048927235513425e-05
leaf_weight=40 75 61 44 43 41 62 74 40 107 228 44 51 48 995
leaf_count=40 75 61 44 43 41 62 74 40 107 228 44 51 48 995
internal_value=0.000588838 0.000810246 0.00415385 0 0.00833333 -0.00660377 0.01 0.000125945 -0.00494505 0.000782361 0.00777778 0.0137363 3.93391e-05 0.00110259
internal_weight=1953 1913 325 190 84 106 135 1588 182 1406 135 91 1271 1043
internal_count=1953 1913 325 190 84 106 135 1588 182 1406 135 91 1271 1043
is_linear=0
shrinkage=0.05


Tree=151
num_leaves=15
num_cat=0
split_feature=2 5 7 0 7 7 5 0 5 5 7 2 5 3
split_gain=1.37429 2.43772 3.39811 3.12195 2.92987 2.30494 1.57171 2.24366 2.75933 3.43807 3.90788 4.78822 2.5053 3.25471
threshold=0.98805528087738748 1.4300000000000004 36.976000000000006 10.500000000000002 80.189000000000007 134.19250000000002 2.4710000000000005 5.1610000000000005 3.3395000000000006 3.7525000000000004 124.47800000000001 0.81404609350821777 4.5365000000000011 92.694500000000019
decision_type=2 2 2 2 2 2 2 2 2 2 2 2 2 2
left_child=1 3 -3 -1 -4 -2 -6 -8 -9 -10 -11 12 -12 -14
right_child=5 2 4 -5 6 -7 7 8 9 10 11 -13 13 -15
leaf_value=0.00015314876876528773 0.00091539898189866306 0.0059641256918434417 -0.0024323931220371687 -0.0034444488290460429 0.0017785540452612215 -0.00076713048289698974 -0.0041024910091210292 -0.0093679442408257513 0.015884724251397041 -0.0020117911130610416 -0.003686099611655275 0.0060347676836480513 -0.0003681607523267794 0.0011292730421162342
leaf_weight=41 47 49 79 41 49 40 57 49 45 40 42 85 770 519
leaf_count=41 47 49 79 41 49 40 57 49 45 40 42 85 770 519
internal_value=0.000179211 -0.000107181 0.000280269 -0.00853659 -8.64553e-05 0.00632184 0.000362319 9.33416e-05 0.000451613 0.000832778 0.000412088 0.000847458 0.000112697 0.000504267
internal_weight=1953 1866 1784 82 1735 87 1656 1607 1550 1501 1456 1416 1331 1289
internal_count=1953 1866 1784 82 1735 87 1656 1607 1550 1501 1456 1416 1331 1289
is_linear=0
shrinkage=0.05


Tree=152
num_leaves=15
num_cat=0
split_feature=8 8 4 3 6 5 8 6 2 4 0 3 8 2
split_gain=2.0949 2.6989 5.39096 4.05 3.74587 2.7731 4.20789 2.78513 5.70279 2.98238 4.28578 3.88485 2.45424 3.16813
threshold=-1.8854999999999997 -1.3194999999999999 13.326500000000001 63.595500000000008 9.4365000000000006 2.0015000000000005 -0.31599999999999995 15.145500000000002 -0.49501433321452953 9.318500000000002 23.925000000000001 40.672500000000007 -2.0864999999999996 0.72731766296277522
decision_type=2 2 2 2 2 2 2 2 2 2 2 2 2 2
left_child=12 2 3 -2 -4 6 -3 -7 9 -9 11 -11 13 -1
right_child=1 5 4 -5 -6 7 -8 8 -10 10 -12 -13 -14 -15
leaf_value=0.00030560538353420209 0.0049122247263406072 -0.0079829279785793988 0.0016896263429981629 0.010551245618621368 -0.0021813174502689826 0.0002377122845135582 -2.192548664839422e-06 0.0045707777731346655 -0.020514328931753985 0.010397020418145409 -0.026022819128300415 -0.00098227255809156685 -0.01082026817493319 -0.0039607510794200948
leaf_weight=65 40 43 45 40 61 1247 72 50 44 44 64 57 41 40
leaf_count=65 40 43 45 40 61 1247 72 50 44 44 64 57 41 40
internal_value=0.000281618 0.000747095 0.00645161 0.01625 -0.000943396 9.25355e-05 -0.0073913 0.000664011 -0.00405405 -0.000697674 -0.00393939 0.00247525 -0.00547945 -0.00142857
internal_weight=1953 1807 186 80 106 1621 115 1506 259 215 165 101 146 105
internal_count=1953 1807 186 80 106 1621 115 1506 259 215 165 101 146 105
is_linear=0
shrinkage=0.05


Tree=153
num_leaves=15
num_cat=0
split_feature=2 1 6 6 5 7 7 7 5 1 1 5 6 6
split_gain=1.30641 1.31276 5.81984 6.99349 3.54103 3.2473 2.12253 2.1147 3.14803 2.46649 1.39624 6.08573 7.00862 6.47926
threshold=0.98805528087738748 0.94917575150333644 11.585000000000003 13.510500000000002 1.4300000000000004 542.98650000000009 36.976000000000006 80.189000000000007 2.4710000000000005 0.91348692408873478 0.20061247795988868 14.095000000000001 15.503500000000001 13.783000000000003
decision_type=2 2 2 2 2 2 2 2 2 2 2 2 2 2
left_child=1 4 5 -4 -1 -3 -6 -8 -9 10 -10 12 13 -12
right_child=-2 2 3 -5 6 -7 7 8 9 -11 11 -13 -14 -15
leaf_value=-0.0027986687188316542 0.00045514149247178893 8.5244542815517143e-05 0.012585625931801554 0.0001785259724449262 0.0042296822792154019 -0.0080707484955795956 -0.002322659080160988 0.005103407505999219 -0.0002411812413383674 -0.0084171034580244452 -0.00033362478923669312 0.0097958685501461987 -0.017277079163463268 0.0057917033315934563
leaf_weight=70 87 52 41 71 48 50 79 46 836 58 337 51 42 85
leaf_count=70 87 52 41 71 48 50 79 46 836 58 337 51 42 85
internal_value=0.000332821 5.35906e-05 0.00373832 0.0116071 -0.000423729 -0.00490196 6.32111e-05 -0.000260756 0.000171821 -0.000248403 0.000185048 0.00223301 0.000431034 0.00236967
internal_weight=1953 1866 214 112 1652 102 1582 1534 1455 1409 1351 515 464 422
internal_count=1953 1866 214 112 1652 102 1582 1534 1455 1409 1351 515 464 422
is_linear=0
shrinkage=0.05


Tree=154
num_leaves=15
num_cat=0
split_feature=8 7 4 8 8 6 8 6 4 4 0 0 8 0
split_gain=2.23373 2.4721 3.73556 1.92001 3.69277 3.43934 3.83582 4.0382 2.80968 6.89326 6.32272 5.78522 5.30196 2.48183
threshold=-2.1944999999999992 36.976000000000006 15.719000000000003 -0.11149999999999999 -0.17399999999999996 7.7110000000000012 -0.0089999999999999993 9.0850000000000026 17.502500000000005 13.220000000000001 13.976000000000001 17.026000000000003 0.84350000000000003 11.642500000000002
decision_type=2 2 2 2 2 2 2 2 2 2 2 2 2 2
left_child=-1 2 -2 4 13 -5 -7 -8 9 10 -9 -10 -11 -3
right_child=1 3 -4 5 -6 6 7 8 11 12 -12 -13 -14 -15
leaf_value=-0.00084630390413611425 -0.00040909532227149107 0.00042090689181513452 0.0087377992663669642 -0.0027146977465149938 0.012761443860618532 -0.0031037272796220761 0.0017523618537004057 0.0066084718935937037 -0.00018745507007236694 -0.0015809322840298471 -0.00047590265579951219 0.018426109688766113 -0.016093297182941262 -0.00010421889586314515
leaf_weight=89 40 245 50 78 44 70 78 61 150 68 69 67 60 784
leaf_count=89 40 245 50 78 44 70 78 61 150 68 69 67 60 784
internal_value=0.000435228 0.000804721 0.00888889 0.000394589 0.00172414 -0.00164051 -0.000401284 0.000994575 -0.000736842 -0.00426357 0.00384615 0.00345622 -0.0125 0.00111759
internal_weight=1953 1864 90 1774 1073 701 623 553 475 258 130 217 128 1029
internal_count=1953 1864 90 1774 1073 701 623 553 475 258 130 217 128 1029
is_linear=0
shrinkage=0.05


Tree=155
num_leaves=15
num_cat=0
split_feature=8 8 6 6 0 7 6 0 0 5 8 4 8 0
split_gain=2.03161 2.06984 4.47179 7.58684 3.22549 5.23424 2.41968 2.71868 4.74171 3.35927 2.87565 4.25693 4.17411 4.14375
threshold=-2.1944999999999992 -1.3194999999999999 15.061000000000002 8.1740000000000013 18.949000000000002 373.97850000000005 14.549500000000002 19.713000000000005 21.148000000000003 11.073000000000002 -0.80349999999999999 12.083000000000002 -0.50749999999999995 15.929000000000002
decision_type=2 2 2 2 2 2 2 2 2 2 2 2 2 2
left_child=-1 2 3 -2 5 -5 7 10 -9 -10 11 -3 -12 -14
right_child=1 6 -4 4 -6 -7 -8 8 9 -11 12 -13 13 -15
leaf_value=-0.00080398870892930963 0.0020786543936591544 -0.019803721717198235 0.0083396244532518201 -0.0015688672757544716 -0.022908709796519169 0.0034963314482692187 -0.00065406744044048469 0.0097164033698935899 -0.0055187755896198626 0.0058911005839647132 0.0042741915083681801 -5.5624481265326156e-05 0.00014815900747167099 -0.0013794584187502236
leaf_weight=89 52 53 55 53 42 41 374 57 65 66 130 103 619 154
leaf_count=89 52 53 55 53 42 41 374 57 65 66 130 103 619 154
internal_value=7.68049e-05 0.000429185 0.00473251 0.00106383 -0.00514706 0 -0.000215916 0.000842021 0.00638298 0.00114504 -0.000141643 -0.00641026 0.000941307 -0.000452781
internal_weight=1953 1864 243 188 136 94 1621 1247 188 131 1059 156 903 773
internal_count=1953 1864 243 188 136 94 1621 1247 188 131 1059 156 903 773
is_linear=0
shrinkage=0.05


Tree=156
num_leaves=15
num_cat=0
split_feature=8 7 2 5 8 8 6 6 5 8 1 8 8 6
split_gain=1.43629 2.10278 4.30222 1.79414 1.62017 2.97313 3.14601 4.26213 3.12195 2.47439 3.2197 1.98962 2.82563 2.31258
threshold=-2.1944999999999992 36.976000000000006 0.71541278717867718 3.6580000000000008 -0.11149999999999999 -0.0089999999999999993 7.6510000000000007 9.0850000000000026 3.7525000000000004 -0.28949999999999992 0.23416947364604893 -0.50749999999999995 -0.55849999999999989 15.030000000000003
decision_type=2 2 2 2 2 2 2 2 2 2 2 2 2 2
left_child=3 2 -2 -1 9 -6 -7 8 -8 11 -11 12 13 -3
right_child=1 4 -4 -5 5 6 7 -9 -10 10 -12 -13 -14 -15
leaf_value=1.2779921053196475e-06 0.01137189286857478 -0.00019359904334070659 -0.0001463852192131715 -0.0014062658722835408 -0.0028217981096587577 -0.0026717294319586861 1.7592405315958182e-06 -0.0002130145066903011 0.009246089074311032 -3.5742175145908604e-05 0.0090432998074887663 -0.0021622821551201712 0.012049106896377837 0.0032212933860119811
leaf_weight=43 40 524 50 46 75 69 41 475 41 68 64 178 51 188
leaf_count=43 40 524 50 46 75 69 41 475 41 68 64 178 51 188
internal_value=2.56016e-05 0.000321888 0.00777778 -0.00617978 -5.63698e-05 -0.00192582 -0.000798722 0.000448833 0.0109756 0.00116496 0.00757576 0.000265675 0.00137615 0.000561798
internal_weight=1953 1864 90 89 1774 701 626 557 82 1073 132 941 763 712
internal_count=1953 1864 90 89 1774 701 626 557 82 1073 132 941 763 712
is_linear=0
shrinkage=0.05


Tree=157
num_leaves=15
num_cat=0
split_feature=8 1 4 6 8 6 7 0 7 5 6 5 8 0
split_gain=1.34304 2.18309 3.37726 3.93217 2.08467 4.71675 4.62857 2.74322 2.67396 4.66057 6.12556 4.75152 4.73299 4.20215
threshold=-2.1944999999999992 0.97109105924028427 16.233000000000004 12.313500000000003 -1.3194999999999999 15.061000000000002 144.23500000000004 18.461500000000004 555.42050000000006 8.2075000000000014 11.800500000000001 8.9240000000000013 -0.41149999999999992 15.524500000000002
decision_type=2 2 2 2 2 2 2 2 2 2 2 2 2 2
left_child=-1 4 -3 -4 5 6 -2 -8 9 10 -6 -11 -13 -10
right_child=1 2 3 -5 8 -7 7 -9 13 11 -12 12 -14 -15
leaf_value=-0.00069347597986866856 0.0075484436699511694 0.0048773411524842642 -0.0027505991153701673 0.0020209620279042933 4.9899846246564961e-06 0.0084968549827224345 0.00013720094876195079 -0.022806441964046655 -0.018399060318330631 0.010094479483219704 -0.0019111711039173267 0.0092144690944715342 -0.00044386471674813245 -0.00054653616397358777
leaf_weight=89 42 74 42 40 686 52 77 43 67 40 79 71 105 446
leaf_count=89 42 74 42 40 686 52 77 43 67 40 79 71 105 446
internal_value=-0.000179211 0.000107296 0.00576923 -0.00121951 -0.000409836 0.00420561 0 -0.005 -0.00107095 0.000458716 -0.00137255 0.00694444 0.00340909 -0.0039961
internal_weight=1953 1864 156 82 1708 214 162 120 1494 981 765 216 176 513
internal_count=1953 1864 156 82 1708 214 162 120 1494 981 765 216 176 513
is_linear=0
shrinkage=0.05


Tree=158
num_leaves=15
num_cat=0
split_feature=4 4 1 1 1 1 1 3 7 8 6 4 8 4
split_gain=1.44954 2.77015 1.75404 4.98298 2.47764 3.61314 3.83541 3.33179 6.63529 2.3316 7.64706 7.09091 3.87362 2.85289
threshold=4.9495000000000013 3.8495000000000004 -0.9852109833579612 -0.9523687564627995 -0.89391031859722847 -0.63874350706337046 -0.54162280503947546 99.992500000000021 446.54100000000005 0.9295000000000001 9.0850000000000026 16.346500000000002 0.72500000000000009 15.685500000000003
decision_type=2 2 2 2 2 2 2 2 2 2 2 2 2 2
left_child=1 -1 -2 -4 -5 7 -7 8 -6 12 -11 -12 13 -8
right_child=2 -3 3 4 5 6 9 -9 -10 10 11 -13 -14 -15
leaf_value=0.00086080068496128821 0.00086624524509760223 -0.017791652620481085 -0.0022503943924450653 0.0059222809920854106 0.0031083231141282338 0.0015050989169211244 0.00068887177072088921 -0.0052209767151369102 -0.013030588199968031 0.018374410997417396 -0.009490874636261408 0.0012420917475071264 -0.0060664350786832416 -0.0004922099511172729
leaf_weight=56 93 48 75 85 83 67 576 71 68 40 55 75 43 518
leaf_count=56 93 48 75 85 83 67 576 71 68 40 55 75 43 518
internal_value=-2.56016e-05 -0.00576923 0.000297458 -5.69476e-05 0.000505651 6.26566e-05 0.00101892 -0.00585586 -0.00165563 0.000420811 0.00588235 0 -0.000395778 0.000182815
internal_weight=1953 104 1849 1756 1681 1596 1374 222 151 1307 170 130 1137 1094
internal_count=1953 104 1849 1756 1681 1596 1374 222 151 1307 170 130 1137 1094
is_linear=0
shrinkage=0.05


Tree=159
num_leaves=15
num_cat=0
split_feature=8 7 8 1 8 3 1 3 5 5 2 0 2 8
split_gain=1.46009 2.74155 2.54371 6.80656 5.37567 3.8945 3.34172 3.04401 2.48889 2.38542 2.33405 6.4446 4.98219 2.52479
threshold=-2.1944999999999992 36.976000000000006 -1.0859999999999996 0.86674087925701782 -1.0039999999999998 5.1780000000000017 -0.59055600833485233 63.595500000000008 1.4300000000000004 6.3455000000000013 0.86993731518838324 6.6790000000000012 0.97513228625088877 0.14300000000000002
decision_type=2 2 2 2 2 2 2 2 2 2 2 2 2 2
left_child=-1 8 3 5 -4 -3 -7 -8 -2 -9 11 -6 13 -12
right_child=1 2 4 -5 10 6 7 9 -10 -11 12 -13 -14 -15
leaf_value=-0.00073405712672129089 -0.0002165010505084747 -0.0093989078511441237 -0.010735558753114034 0.0022290491498067055 -0.0041569610664331401 0.0038139719914772122 0.0015275062664793172 -0.0022093271747337926 0.0053616550214486639 9.1749580983280235e-05 0.0017767774384454191 -8.5677294165531492e-05 -0.001164085945767145 0.0088057637883384859
leaf_weight=89 42 57 44 71 41 78 40 43 48 49 56 1159 76 60
leaf_count=89 42 57 44 71 41 78 40 43 48 49 56 1159 76 60
internal_value=7.68049e-05 0.000375536 -5.63698e-05 0.00384615 -0.00097493 0.000187266 0.00333333 -0.00151515 0.00888889 -0.00652174 -0.000431034 -0.00125 0.0046875 0.0112069
internal_weight=1953 1864 1774 338 1436 267 210 132 90 92 1392 1200 192 116
internal_count=1953 1864 1774 338 1436 267 210 132 90 92 1392 1200 192 116
is_linear=0
shrinkage=0.05


Tree=160
num_leaves=15
num_cat=0
split_feature=5 0 5 0 2 8 4 1 4 6 6 4 2 2
split_gain=1.47328 1.66375 2.27706 3.77108 3.11264 2.30784 2.13935 2.53868 2.68226 2.33706 5.00315 3.91017 3.14223 4.55251
threshold=1.1295000000000004 4.980500000000001 2.0015000000000005 10.994500000000002 0.97879788253113664 -1.8854999999999997 26.497500000000006 0.97653720355785967 12.797500000000001 10.314000000000002 10.682500000000003 20.692500000000006 -0.67125995756753143 0.075135296012361824
decision_type=2 2 2 2 2 2 2 2 2 2 2 2 2 2
left_child=-1 -2 3 -3 5 -4 7 9 -9 11 -11 12 -7 -14
right_child=1 2 4 -5 -6 6 -8 8 -10 10 -12 -13 13 -15
leaf_value=0.00028561327165677053 -0.0014536010819623957 0.00036432551960264848 -0.0012467737196648844 -0.0032220552303871388 0.0013240411425375826 -0.008091738593550335 -0.0010614180212760158 0.0088199464046588346 0.00057318342932833059 -0.012515290300350507 -3.0674116741997991e-05 0.012107706411050856 0.0077339130544907325 9.0638224502487274e-05
leaf_weight=57 84 48 105 44 69 48 54 46 64 53 890 53 49 289
leaf_count=57 84 48 105 44 69 48 54 46 64 53 890 53 49 289
internal_value=-2.56016e-05 -0.000263713 5.51876e-05 -0.0076087 0.000465116 3.02847e-05 0.000517464 0.000871314 0.00818182 0.000289436 -0.00111347 0.00330296 0.0015544 0.00325444
internal_weight=1953 1896 1812 92 1720 1651 1546 1492 110 1382 943 439 386 338
internal_count=1953 1896 1812 92 1720 1651 1546 1492 110 1382 943 439 386 338
is_linear=0
shrinkage=0.05


Tree=161
num_leaves=15
num_cat=0
split_feature=5 0 2 7 6 8 2 2 8 3 7 1 5 2
split_gain=1.89083 1.68926 2.4156 5.5133 3.572 3.06576 3.03542 2.38525 2.22948 6.92841 5.28365 4.49544 4.43061 9.5439
threshold=1.1870000000000003 4.980500000000001 0.86993731518838324 200.10150000000002 6.7605000000000013 -0.31599999999999995 0.66485539796428639 0.97117852567439111 0.84350000000000003 84.819500000000019 204.34650000000002 -0.41274032740354771 6.1235000000000008 -0.66248835645380588
decision_type=2 2 2 2 2 2 2 2 2 2 2 2 2 2
left_child=-1 -2 4 5 6 -4 -3 -7 10 -10 11 -6 13 -12
right_child=1 2 3 -5 8 7 -8 -9 9 -11 12 -13 -14 -15
leaf_value=0.00027133260807392644 -0.0013809210278642762 -0.0054391104963185891 -0.0014072200659891031 0.011589269886763088 0.0062214438319501356 0.013633405266166918 7.1578669296907404e-05 -0.00022896569639099806 0.00058930305858896637 -0.0048480283859876853 0.016766848935340091 0.00046596242441151461 0.00035553838761536729 -0.010296789682327577
leaf_weight=65 84 65 82 47 78 46 41 43 102 89 40 73 989 109
leaf_count=65 84 65 82 47 78 46 41 43 102 89 40 73 989 109
internal_value=7.68049e-05 -0.000211864 0.000110865 0.00504587 -0.000567465 0.000877193 -0.00943396 0.00730337 6.75676e-05 -0.00497382 0.000814585 0.00960265 -0.000351494 -0.00838926
internal_weight=1953 1888 1804 218 1586 171 106 89 1480 191 1289 151 1138 149
internal_count=1953 1888 1804 218 1586 171 106 89 1480 191 1289 151 1138 149
is_linear=0
shrinkage=0.05


Tree=162
num_leaves=15
num_cat=0
split_feature=5 0 5 2 1 2 2 2 4 3 3 7 2 1
split_gain=1.77712 1.82081 1.99866 2.94114 2.84026 1.97578 2.68936 2.63476 1.88571 1.50898 7.94726 4.35664 5.49009 5.03195
threshold=1.1870000000000003 4.980500000000001 2.0015000000000005 0.97879788253113664 -0.085847649446570765 0.94698775307607519 0.86993731518838324 0.81502833751681136 13.109500000000002 95.089500000000015 98.685500000000005 752.92250000000001 0.35923451902495462 0.064414007683963548
decision_type=2 2 2 2 2 2 2 2 2 2 2 2 2 2
left_child=-1 8 4 5 -3 6 7 9 -2 -4 -11 12 13 -12
right_child=1 2 3 -5 -6 -7 -8 -9 -10 10 11 -13 -14 -15
leaf_value=0.00025776597767023234 5.0875673690384264e-05 0.00010152016969461504 -0.00015337801093496807 0.0012692873702302545 -0.0090173949055173848 -0.0017232850234564509 0.0057541238967938951 -0.0010166067423267727 -0.0031708745812278755 0.0088864329488427662 -0.00055283625743134395 -0.0082025863970011329 -0.0018039077884801011 0.0048406711352620233
leaf_weight=65 44 40 843 69 44 45 77 40 40 84 205 43 119 195
leaf_count=65 44 40 843 69 44 45 77 40 40 84 205 43 119 195
internal_value=0.000332821 5.29661e-05 0.000388027 0.000755814 -0.00714286 0.000333131 0.000622665 0.000163506 -0.00714286 0.000503694 0.00232198 0.000177936 0.00144509 0.00425
internal_weight=1953 1888 1804 1720 84 1651 1606 1529 84 1489 646 562 519 400
internal_count=1953 1888 1804 1720 84 1651 1606 1529 84 1489 646 562 519 400
is_linear=0
shrinkage=0.05


Tree=163
num_leaves=15
num_cat=0
split_feature=1 7 1 1 8 1 4 7 2 6 5 2 0 4
split_gain=1.0432 2.66667 1.62351 1.38043 3.621 1.32606 5.65624 7.26358 6.90092 4.14315 4.03745 4.79285 4.67071 5
threshold=-0.9852109833579612 481.6185000000001 -0.96230016621822467 -0.89391031859722847 -0.49499999999999994 0.76864763646026912 9.8880000000000017 111.10200000000002 -0.43939950965914171 12.2385 8.6685000000000016 0.1093682717844857 12.164000000000001 16.454500000000007
decision_type=2 2 2 2 2 2 2 2 2 2 2 2 2 2
left_child=1 -1 -2 4 -4 -5 9 -8 -9 -7 11 -10 -12 -14
right_child=2 -3 3 5 -6 6 7 8 10 -11 12 -13 13 -15
leaf_value=-0.00023617651221556903 -0.0029625319896356972 0.0016445866207489357 0.015252700991215408 -0.00016780138614660989 -0.00064758571080680285 -0.025171685013467983 0.017649990295873004 0.015549901254075217 -0.0089221764200562333 0.00062168842059577849 -0.0047881202305989747 0.0001239807641961313 -0.00035424539344775245 0.0099356224918651787
leaf_weight=60 60 40 47 1229 63 46 40 59 47 53 51 78 40 40
leaf_count=60 60 40 47 1229 63 46 40 59 47 53 51 78 40 40
internal_value=2.56016e-05 0.005 -0.000242849 2.78862e-05 0.00545455 -0.000326797 0.00198238 0.00492958 0.00238095 -0.00858586 -0.00117188 -0.0076 0.00496183 0.0125
internal_weight=1953 100 1853 1793 110 1683 454 355 315 99 256 125 131 80
internal_count=1953 100 1853 1793 110 1683 454 355 315 99 256 125 131 80
is_linear=0
shrinkage=0.05


Tree=164
num_leaves=15
num_cat=0
split_feature=1 6 2 2 2 6 3 7 7 7 5 4 2 6
split_gain=1.60973 2.16 1.35006 5.56429 4.17972 6.45648 3.54256 4.55665 6.47037 4.15088 6.55094 6.69623 4.72051 3.69582
threshold=-0.9852109833579612 10.7735 -0.019329104864998576 -0.18163955523420786 0.29426351849031901 10.557000000000002 92.45650000000002 446.54100000000005 752.92250000000001 772.15900000000011 8.6140000000000025 11.493500000000003 -0.5049610547215202 14.390500000000001
decision_type=2 2 2 2 2 2 2 2 2 2 2 2 2 2
left_child=1 -1 3 6 5 -4 7 -2 -9 10 12 -12 -8 -10
right_child=2 -3 4 -5 -6 -7 9 8 13 -11 11 -13 -14 -15
leaf_value=0.0017475952152834068 0.010754644633625444 -0.00020371326272696223 -0.0098454627644412127 0.0052108602020534108 -4.6906872329162411e-05 0.00064618394437715443 0.0010178828446713258 -0.004943586980337783 -0.0013619263258277782 -0.0055768725691392688 -0.00060806630108818378 0.012684203569943965 -0.010193746790597752 0.0013926743496486095
leaf_weight=40 45 60 76 56 736 68 138 192 69 46 62 121 44 200
leaf_count=40 45 60 76 56 736 68 138 192 69 46 62 121 44 200
internal_value=-0.000179211 0.006 -0.000512682 0.000770812 -0.00193182 -0.00972222 -0.000163577 -0.00296443 -0.00444685 0.00328467 0.00506849 0.0117486 -0.00164835 0.000557621
internal_weight=1953 100 1853 973 880 144 917 506 461 411 365 183 182 269
internal_count=1953 100 1853 973 880 144 917 506 461 411 365 183 182 269
is_linear=0
shrinkage=0.05


Tree=165
num_leaves=15
num_cat=0
split_feature=2 2 7 8 4 8 4 7 2 5 1 7 4 2
split_gain=1.32279 6.60704 2.64598 2.09718 1.49962 6.88813 3.54058 1.92595 3.57908 6.94644 4.42682 4.10908 7.58273 5.36168
threshold=-0.96356381914947564 -0.94418750883419933 502.35850000000011 -0.56899999999999984 26.497500000000006 -0.40249999999999997 25.133500000000002 190.62350000000001 0.73832635400310653 2.5725000000000002 -0.22611359161738889 36.976000000000006 11.233000000000002 0.32694223331140743
decision_type=2 2 2 2 2 2 2 2 2 2 2 2 2 2
left_child=2 -2 -1 -4 6 -6 7 8 11 -10 -11 -3 -13 -14
right_child=1 4 3 -5 5 -7 -8 -9 9 10 -12 12 13 -15
leaf_value=0.014428264727382215 0.010096940662921711 0.01203128302842057 -0.00026465883468800857 -0.010238424394195079 0.00032212609982887889 -0.002788267028877123 0.0018212464927041844 0.00018394639112923468 0.0006342475243179699 -0.013121096086489731 -0.00070507374803073931 0.0091068573208804623 -0.0069084447139947215 0.00016255004297822118
leaf_weight=46 48 41 74 71 51 49 40 1196 78 48 73 41 49 48
leaf_count=46 48 41 74 71 51 49 40 1196 78 48 73 41 49 48
internal_value=2.56016e-05 0.00045403 -0.0039267 -0.00724138 -5.83431e-05 -0.006 0.000309789 -6.35324e-05 -0.0031746 -0.00778894 -0.0152893 0.00195531 -0.00217391 -0.00979381
internal_weight=1953 1762 191 145 1714 100 1614 1574 378 199 121 179 138 97
internal_count=1953 1762 191 145 1714 100 1614 1574 378 199 121 179 138 97
is_linear=0
shrinkage=0.05


Tree=166
num_leaves=15
num_cat=0
split_feature=8 2 4 7 3 0 0 3 2 8 7 0 5 2
split_gain=1.48409 2.48691 1.48836 2.86159 3.93948 2.81278 3.1401 3.72335 2.72812 2.55453 2.43195 2.71003 2.70326 2.2111
threshold=-2.1944999999999992 0.63874942205152718 21.333500000000004 181.77550000000005 99.01100000000001 9.7115000000000027 13.098500000000003 83.887000000000015 0.54277338749235304 0.43650000000000005 211.12400000000005 8.9815000000000023 4.4235000000000007 0.67209495862812607
decision_type=2 2 2 2 2 2 2 2 2 2 2 2 2 2
left_child=1 -1 3 4 -2 -4 8 -8 -7 -6 11 -5 -12 -14
right_child=2 -3 5 10 9 6 7 -9 -10 -11 12 -13 13 -15
leaf_value=0.00015418673078192031 -0.002532600920014361 -0.0063263169675147335 0.0027592702409905191 -0.00022197948492762716 -0.0010536107617776902 -0.0034840617739775566 -0.00037009134917780214 0.0034532023968122608 0.0022239589295837471 0.00094251152658587217 -0.00799299178038782 0.010404270097269715 0.00013155842009969222 0.0013916139190490763
leaf_weight=44 59 45 60 40 178 41 78 83 40 77 71 41 996 100
leaf_count=44 59 45 60 40 178 41 78 83 40 77 71 41 996 100
internal_value=0.000128008 -0.00617978 0.000429185 -0.000192061 -0.0044586 0.00364238 0.00123967 0.0052795 -0.00679012 -0.00176471 0.00088141 0.00925926 0.000299914 0.000912409
internal_weight=1953 89 1864 1562 314 302 242 161 81 255 1248 81 1167 1096
internal_count=1953 89 1864 1562 314 302 242 161 81 255 1248 81 1167 1096
is_linear=0
shrinkage=0.05


Tree=167
num_leaves=15
num_cat=0
split_feature=4 4 1 1 3 4 1 1 8 3 7 7 3 4
split_gain=1.09275 2.10989 1.67002 3.23352 1.80166 1.66707 5.82256 5.21116 3.44706 2.89017 4.68623 4.76004 4.37494 4.32911
threshold=4.9495000000000013 3.8495000000000004 -0.9852109833579612 -0.96230016621822467 83.208500000000001 9.4305000000000003 0.48941038753127741 0.89391031859722891 -0.15149999999999997 5.1780000000000017 839.77350000000013 807.35100000000011 3.5715000000000003 14.094500000000002
decision_type=2 2 2 2 2 2 2 2 2 2 2 2 2 2
left_child=1 -1 4 -4 -2 6 8 -8 -5 12 11 -11 13 -7
right_child=2 -3 3 5 -6 9 7 -9 -10 10 -12 -13 -14 -15
leaf_value=0.00060706188174022846 0.0039482026204225263 -0.01639662445318733 -0.0043416549251166009 0.0049453002588499386 0.00017001152132216092 -0.0028914737549525396 -0.015624468714650119 0.00065224216562327077 -0.0003847296516332588 0.00012295818981664653 0.0085147753072959409 -0.0092959746840906004 -0.0017295808456926826 0.0012604167315001082
leaf_weight=56 40 48 55 118 53 40 51 44 53 1103 45 44 114 89
leaf_count=56 40 48 55 118 53 40 51 44 53 1103 45 44 114 89
internal_value=0.000179211 -0.00480769 0.000459708 0.000113895 0.00698925 0.000499706 0.00413534 -0.00578947 0.00964912 -0.000174216 0.000838926 0.00021796 -0.00514403 0.00116279
internal_weight=1953 104 1849 1756 93 1701 266 95 171 1435 1192 1147 243 129
internal_count=1953 104 1849 1756 93 1701 266 95 171 1435 1192 1147 243 129
is_linear=0
shrinkage=0.05


Tree=168
num_leaves=15
num_cat=0
split_feature=3 3 3 5 4 6 2 1 6 5 1 2 2 6
split_gain=1.05137 2.83946 2.09754 2.02756 2.88 1.8041 3.12049 2.46519 1.5885 2.45327 5.73948 3.73491 3.95122 3.4791
threshold=0.28550000000000003 4.9250000000000007 3.5715000000000003 13.629500000000002 15.130000000000001 6.2780000000000014 0.67209495862812607 -0.038721922313638066 7.0840000000000005 4.003000000000001 -0.40097094742861966 0.72731766296277522 0.94698775307607519 9.4555000000000025
decision_type=2 2 2 2 2 2 2 2 2 2 2 2 2 2
left_child=3 2 -2 4 -1 6 -3 -8 -7 10 -10 -12 -13 -11
right_child=1 5 -4 -5 -6 8 7 -9 9 13 11 12 -14 -15
leaf_value=-0.0010704584699089623 -0.0026141543509617658 -0.0060252385517056035 -0.0020680985727816181 0.0092241998238331239 0.00074508504411625604 0.0012513455272657127 -0.0014084157156410704 0.0029861555207240232 0.00028024350974655275 0.0025044332026305685 -0.00050439339986897008 -0.021058445340378842 -0.00036549316905159503 1.7965775528239194e-05
leaf_weight=50 52 54 45 41 40 82 50 54 79 166 97 41 41 1061
leaf_count=50 52 54 45 41 40 82 50 54 79 166 97 41 41 1061
internal_value=-0.000128008 -0.000439078 -0.00876289 0.00419847 0 2.89855e-05 -0.00506329 0 0.000542438 0.00016835 -0.00426357 -0.00921788 -0.0170732 0.00110024
internal_weight=1953 1822 97 131 90 1725 158 104 1567 1485 258 179 82 1227
internal_count=1953 1822 97 131 90 1725 158 104 1567 1485 258 179 82 1227
is_linear=0
shrinkage=0.05


Tree=169
num_leaves=15
num_cat=0
split_feature=0 0 2 1 2 0 0 5 8 4 4 6 4 7
split_gain=1.1348 1.30902 5.19736 2.78883 5.96549 5.8036 6.12846 4.23148 2.89807 2.88014 4.84455 2.66816 2.56 2.0898
threshold=4.0055000000000005 12.265000000000002 0.64624608728844402 0.48941038753127741 0.71541278717867718 11.196000000000003 10.322000000000001 6.4480000000000013 -1.3864999999999996 17.056000000000001 13.109500000000002 6.7605000000000013 8.4190000000000023 204.34650000000002
decision_type=2 2 2 2 2 2 2 2 2 2 2 2 2 2
left_child=-1 3 11 5 8 6 7 9 -5 10 12 -3 -2 -10
right_child=1 2 -4 4 -6 -7 -8 -9 13 -11 -12 -13 -14 -15
leaf_value=-0.0012780419088138832 -0.00084984755895682336 -0.0057239766241203201 -0.0090726131885742137 0.0040057380655340903 -0.003803284772536861 0.0070880834509881698 -0.0014659836262241712 0.0069858049916654789 0.0009678942578332018 0.00049989732025377263 -0.0059307226687392777 6.3604402328197582e-05 0.0053598124710366544 -0.00067273877861866171
leaf_weight=56 50 54 46 44 68 56 41 45 63 75 44 1114 50 147
leaf_count=56 50 54 46 44 68 56 41 45 63 75 44 1114 50 147
internal_value=-0.000128008 7.90722e-05 -0.000906096 0.00183016 -0.0015528 0.00484765 0.00213115 0.00492424 0.0019685 0.00205479 -0.00208333 -0.000256849 0.004 -0.00047619
internal_weight=1953 1897 1214 683 322 361 305 264 254 219 144 1168 100 210
internal_count=1953 1897 1214 683 322 361 305 264 254 219 144 1168 100 210
is_linear=0
shrinkage=0.05


Tree=170
num_leaves=15
num_cat=0
split_feature=1 0 2 2 8 8 1 3 8 2 0 2 1 5
split_gain=1.18849 6.43064 3.63341 4.91721 3.44453 4.61949 7.51333 4.77727 6.8225 4.51346 4.25532 3.20046 3.2 2.5365
threshold=0.30041382580050413 20.317000000000004 0.87796008470088804 0.71541278717867718 -1.4414999999999998 -0.80349999999999999 0.93168921928840098 96.228000000000023 0.26950000000000007 0.14347198451036616 14.205000000000002 0.1093682717844857 0.93168921928840098 5.8600000000000003
decision_type=2 2 2 2 2 2 2 2 2 2 2 2 2 2
left_child=13 2 3 4 12 6 -6 -7 9 10 -9 -10 -2 -1
right_child=1 -3 -4 -5 5 7 -8 8 11 -11 -12 -13 -14 -15
leaf_value=0.00013817409782920231 0.0038030891179062819 0.0091265785184461521 0.0060305985803113388 -0.0036131205339100165 -0.01873194579783009 -0.00038398537683493814 0.00089507606761324039 -0.00073640687862277512 0.0017728968061614669 0.0050337098557553424 0.01160385713568704 -0.0046774005238283262 -1.3656758269119108e-05 -0.00049978483574837369
leaf_weight=433 40 70 60 76 75 201 40 47 42 40 47 40 40 702
leaf_count=433 40 70 60 76 75 201 40 47 42 40 47 40 40 702
internal_value=-0.000230415 0.00122249 -0.00013369 -0.00116279 0.000326797 -0.00112782 -0.01 0.00131894 0.00648148 0.0134328 0.00744681 -0.00487805 0.01 -0.00127753
internal_weight=1953 818 748 688 612 532 115 417 216 134 94 82 80 1135
internal_count=1953 818 748 688 612 532 115 417 216 134 94 82 80 1135
is_linear=0
shrinkage=0.05


Tree=171
num_leaves=15
num_cat=0
split_feature=8 7 8 5 0 4 2 2 2 0 7 6 2 0
split_gain=2.3575 1.75552 4.01722 2.14416 2.28139 1.7964 1.70404 2.76557 4.54783 1.98026 4.32433 3.81318 2.87692 2.65408
threshold=-2.8899999999999992 54.7575 0.6885 2.0015000000000005 4.980500000000001 15.423000000000002 0.97879788253113664 0.94698775307607519 0.88637546977843906 8.9100000000000019 115.81500000000001 10.805000000000001 0.73832635400310653 10.196500000000002
decision_type=2 2 2 2 2 2 2 2 2 2 2 2 2 2
left_child=-1 2 5 -3 -5 -2 7 8 9 11 -11 -6 13 -12
right_child=1 3 -4 4 6 -7 -8 -9 -10 10 12 -13 -14 -15
leaf_value=-0.00071759715615973699 -0.00059252908579100489 -0.0010072844369756696 0.0064664553410804576 -0.003197192110039332 -0.0024119848924810117 0.00013126539293774054 0.00174011597676072 -0.0019552109549004124 0.011563066412976969 0.008566038733742759 0.0029118134542687234 0.00034798588434567236 -0.0039863552396879167 -6.1086889845443645e-05
leaf_weight=40 47 51 41 71 63 65 49 43 44 46 47 61 41 1244
leaf_count=40 47 51 41 71 63 65 49 43 44 46 47 61 41 1244
internal_value=-0.000486431 -0.000235233 0.00490196 -0.000681818 -0.000380339 0 0 -0.000283197 6.46831e-05 -0.000399467 0.000145138 -0.00645161 -0.000375375 3.87297e-05
internal_weight=1953 1913 153 1760 1709 112 1638 1589 1546 1502 1378 124 1332 1291
internal_count=1953 1913 153 1760 1709 112 1638 1589 1546 1502 1378 124 1332 1291
is_linear=0
shrinkage=0.05


Tree=172
num_leaves=15
num_cat=0
split_feature=8 0 6 6 2 4 4 3 7 3 1 5 1 6
split_gain=1.52653 1.49956 3.88455 3.67231 4.53547 4.11019 8.62921 5.4475 4.39296 4.92614 3.96825 3.91733 3.91111 3.72412
threshold=-2.8899999999999992 12.265000000000002 6.3415000000000008 5.8245000000000013 0.91258592377976167 13.609500000000002 14.952000000000002 60.090500000000006 283.84900000000005 93.544000000000025 0.9253073452222943 5.4450000000000012 0.017189842955271029 9.0020000000000007
decision_type=2 2 2 2 2 2 2 2 2 2 2 2 2 2
left_child=-1 3 -3 4 -2 7 -7 -5 13 -10 11 12 -9 -8
right_child=1 2 -4 5 -6 6 8 10 9 -11 -12 -13 -14 -15
leaf_value=-0.00068171729835175138 0.0043094777534143768 -0.0060509447118365983 -5.8601342442071719e-05 0.0063474783259557859 7.1885149710959613e-06 -0.009500517769786462 -0.00024024818649728277 0.0066376541518292963 -0.0064639826666629298 0.0013278535023904595 0.0076088480742111941 -0.0046509292705681103 -0.0034496845121355538 0.0035052365475899739
leaf_weight=40 49 51 1156 55 59 48 79 44 64 44 40 41 55 128
leaf_count=40 49 51 1156 55 59 48 79 44 64 44 40 41 55 128
internal_value=-0.000332821 -0.000130685 -0.00120133 0.00169972 0.0101852 0.000167224 -0.00316804 0.00531915 -0.00015873 -0.00833333 0.00111111 -0.00285714 0.00252525 0.00410628
internal_weight=1953 1913 1207 706 108 598 363 235 315 108 180 140 99 207
internal_count=1953 1913 1207 706 108 598 363 235 315 108 180 140 99 207
is_linear=0
shrinkage=0.05


Tree=173
num_leaves=15
num_cat=0
split_feature=8 7 2 7 8 8 7 5 0 0 0 0 2 3
split_gain=1.54275 2.44663 3.84005 2.02675 5.35996 3.18851 2.95711 2.32268 7.84189 5.43396 2.27907 1.56546 2.64152 3.40751
threshold=-2.8899999999999992 36.976000000000006 0.71541278717867718 190.62350000000001 0.84350000000000003 0.34250000000000008 212.96600000000004 3.8200000000000007 10.994500000000002 10.028500000000003 8.9815000000000023 5.1610000000000005 0.67209495862812607 27.922000000000004
decision_type=2 2 2 2 2 2 2 2 2 2 2 2 2 2
left_child=-1 2 -2 4 5 7 10 8 -3 -9 -5 -8 -13 -14
right_child=1 3 -4 6 -6 -7 11 9 -10 -11 -12 12 13 -15
leaf_value=-0.00064763143343416353 0.010139966228758563 0.014921649195268172 -0.00012148030141283239 1.3212673830600985e-05 -0.0056730058033318993 0.0060159904249133759 -0.0014321516419470073 -0.0054579331047954656 -0.0019147068175628945 0.0062160358348132168 0.0037900165607517161 -6.8694241893563221e-05 0.0064174171743154379 -9.5117012973426618e-05
leaf_weight=40 42 53 57 43 71 42 40 53 67 53 43 1245 56 48
leaf_count=40 42 53 57 43 71 42 40 53 67 53 43 1245 56 48
internal_value=-0.000281618 -7.84109e-05 0.00757576 -0.000496141 -0.0039823 -0.000746269 0.000305085 -0.00309735 0.00166667 -0.00849057 0.00930233 -0.00025198 3.70645e-05 0.00769231
internal_weight=1953 1913 99 1814 339 268 1475 226 120 106 86 1389 1349 104
internal_count=1953 1913 99 1814 339 268 1475 226 120 106 86 1389 1349 104
is_linear=0
shrinkage=0.05


Tree=174
num_leaves=15
num_cat=0
split_feature=6 8 6 4 1 6 5 5 4 1 2 8 3 1
split_gain=1.84928 3.17878 3.00929 2.08044 3.62221 2.46817 3.54816 2.67633 3.55816 2.38982 2.30334 1.99105 4.48494 2.37295
threshold=6.0160000000000009 -0.87199999999999989 4.2610000000000001 7.0475000000000012 -0.55176847662110995 7.1605000000000016 3.9150000000000005 1.5390000000000001 8.8190000000000008 0.16681837808193059 -0.28192241106630667 -1.7334999999999998 73.226500000000016 -0.99273952934267318
decision_type=2 2 2 2 2 2 2 2 2 2 2 2 2 2
left_child=1 -1 -3 4 -2 6 -5 -7 10 -6 -9 12 -10 -13
right_child=3 2 -4 5 9 7 -8 8 11 -11 -12 13 -14 -15
leaf_value=-0.00077103959045922085 0.0010311751719605286 0.002865182990753628 -0.0006634042371665539 0.0064457195690457107 -0.014591025764570956 -0.0030272925024730892 -0.00020875958495832211 0.00090641475255675012 0.0025866803313987284 -0.00068997375659137774 0.0033137248600710193 0.0023157054582772785 -0.0036836142788631123 1.255204013907163e-05
leaf_weight=64 52 51 57 52 40 40 40 52 40 73 54 40 81 1217
leaf_count=64 52 51 57 52 40 40 40 52 40 73 54 40 81 1217
internal_value=-0.000281618 -0.00523256 0 0.000196519 -0.00515152 0.000742574 0.00869565 0.000262467 0.000606469 -0.010177 0.00943396 -7.25689e-05 -0.00619835 0.000517104
internal_weight=1953 172 108 1781 165 1616 92 1524 1484 113 106 1378 121 1257
internal_count=1953 172 108 1781 165 1616 92 1524 1484 113 106 1378 121 1257
is_linear=0
shrinkage=0.05


Tree=175
num_leaves=15
num_cat=0
split_feature=8 7 8 5 0 2 2 2 4 4 3 8 6 8
split_gain=2.45905 1.27683 3.68961 1.84191 2.11535 2.08794 1.96997 3.83905 1.57104 3.99542 3.42543 1.27431 6.42814 3.02521
threshold=-2.8899999999999992 36.976000000000006 -0.24549999999999997 2.0015000000000005 4.980500000000001 0.97879788253113664 0.94713111268739625 0.89420283937402645 23.996500000000001 22.814000000000004 99.992500000000021 0.84350000000000003 11.392000000000001 0.37300000000000005
decision_type=2 2 2 2 2 2 2 2 2 2 2 2 2 2
left_child=-1 2 -2 -3 -5 6 7 8 9 11 -10 13 -13 -6
right_child=1 3 -4 4 5 -7 -8 -9 10 -11 -12 12 -14 -15
leaf_value=-0.00058782651307584673 -0.00029285603287862449 -0.00092042940620214175 0.0046875637137771325 -0.0028957490308255951 -5.3779729475667007e-05 0.001476560114844705 -0.0015539239635365904 0.012278594441499298 -0.0010698282202828077 0.0021657473039421947 0.0016463169551576952 0.00032418525862915607 -0.0071427727674798769 0.0040337118646281761
leaf_weight=40 50 76 49 72 1095 55 43 43 63 55 52 76 65 119
leaf_count=40 50 76 49 72 1095 55 43 43 63 55 52 76 65 119
internal_value=-0.000230415 2.6137e-05 0.00555556 -0.000275634 5.75374e-05 0.000420168 9.31099e-05 0.000382653 -3.27869e-05 0.000425532 -0.00565217 -0.000110701 -0.00460993 0.000411862
internal_weight=1953 1913 99 1814 1738 1666 1611 1568 1525 1410 115 1355 141 1214
internal_count=1953 1913 99 1814 1738 1666 1611 1568 1525 1410 115 1355 141 1214
is_linear=0
shrinkage=0.05


Tree=176
num_leaves=15
num_cat=0
split_feature=8 5 8 4 3 2 5 4 4 5 1 1 0 3
split_gain=2.31205 2.81183 2.77056 2.5764 3.06 2.38134 2.18208 5.65149 4.84034 3.31062 3.1875 3.10535 4.97495 4.39577
threshold=1.1935000000000002 1.4710000000000003 -0.80999999999999994 16.346500000000002 84.277500000000018 0.99468534776305517 3.5710000000000002 9.7025000000000023 21.333500000000004 4.5730000000000013 -0.32533907195844741 0.26744970170045884 21.831500000000002 95.089500000000015
decision_type=2 2 2 2 2 2 2 2 2 2 2 2 2 2
left_child=1 2 -1 -2 -5 6 7 -3 -9 10 -8 -11 13 -13
right_child=3 5 -4 4 -6 -7 9 8 -10 11 -12 12 -14 -15
leaf_value=0.00015211545369366866 -0.00078520977815950692 0.014020259498089521 -0.0051303473192815148 0.0028728494692760722 6.6290550479131132e-06 -0.00074752103721544775 0.00039228402908425141 -0.0015277465982841216 0.0040158726565500628 -0.00031419139952453549 -0.00942431709337113 -0.00021832763602849944 0.0086058237899763555 0.0012702647321380528
leaf_weight=40 77 52 44 64 53 42 42 102 42 739 74 299 50 233
leaf_count=40 77 52 44 64 53 42 42 102 42 739 74 299 50 233
internal_value=-2.56016e-05 -0.00059693 -0.00952381 0.00515464 0.00982906 -0.000149254 0.000153092 0.00510204 0 -0.000521921 -0.00862069 0.000189251 0.00292096 0.00150376
internal_weight=1953 1759 84 194 117 1675 1633 196 144 1437 116 1321 582 532
internal_count=1953 1759 84 194 117 1675 1633 196 144 1437 116 1321 582 532
is_linear=0
shrinkage=0.05


Tree=177
num_leaves=15
num_cat=0
split_feature=5 0 4 4 8 7 4 8 1 2 6 1 2 5
split_gain=1.82258 3.58831 4.04762 2.44117 4.14118 3.72571 2.47614 1.99278 1.75287 4.11115 2.56211 2.19751 1.98252 1.95231
threshold=2.0015000000000005 11.692000000000002 12.581000000000001 26.497500000000006 -0.40249999999999997 48.278000000000006 24.863500000000005 -2.1944999999999992 0.94917575150333644 -0.019329104864998576 13.510500000000002 0.91348692408873478 0.14347198451036616 4.1625000000000005
decision_type=2 2 2 2 2 2 2 2 2 2 2 2 2 2
left_child=1 2 -1 5 -5 -2 7 -7 11 10 -10 13 -11 -9
right_child=3 -3 -4 4 -6 6 -8 8 9 12 -12 -13 -14 -15
leaf_value=-0.00096578373356020217 0.004173733870426577 -0.0032505552206926747 0.0034277013595219509 0.00011473334998645113 -0.0032751717628016156 -0.0019179002433269755 0.0031263895387228374 0.00059908578048096801 0.011761218033468315 -0.0044283626390560589 0.00040037366861971557 -0.018116140730665902 0.00025835312391937992 -7.4604838185032834e-05
leaf_weight=42 43 53 60 41 47 41 40 169 42 43 46 53 40 1193
leaf_count=42 43 53 60 41 47 41 40 169 42 43 46 53 40 1193
internal_value=-0.000281618 -0.00548387 0 0.000166852 -0.00795455 0.000584795 0.000209958 -9.21942e-05 0.000189155 0.00497076 0.0125 -0.000388693 -0.00301205 0
internal_weight=1953 155 102 1798 88 1710 1667 1627 1586 171 88 1415 83 1362
internal_count=1953 155 102 1798 88 1710 1667 1627 1586 171 88 1415 83 1362
is_linear=0
shrinkage=0.05


Tree=178
num_leaves=15
num_cat=0
split_feature=3 4 3 7 6 4 0 6 6 6 2 8 8 8
split_gain=2.09631 3.03617 2.58339 2.62588 3.18377 3.97955 6.59972 2.51686 3.63104 2.87345 4.93816 3.1362 3.87291 4.43349
threshold=0.28550000000000003 15.205000000000002 4.9250000000000007 835.08900000000006 15.503500000000001 9.0115000000000016 22.756500000000006 14.993000000000002 14.585000000000003 13.824500000000002 -0.39505838944836397 1.1935000000000002 0.77300000000000013 0.54700000000000015
decision_type=2 2 2 2 2 2 2 2 2 2 2 2 2 2
left_child=1 -1 -2 4 7 -6 -7 8 9 11 -11 12 13 -4
right_child=2 -3 3 -5 5 6 -8 -9 -10 10 -12 -13 -14 -15
leaf_value=-8.6137642533468128e-05 -0.0019119643024101685 0.007166485823814509 -0.0001212823928185114 0.0047913167165487495 0.00092584253796679792 -5.8119167999720611e-05 -0.038658076735758613 0.0034200534922383032 -0.014812834299322983 0.0054820504306395462 -0.00069298115808619784 0.00042972375886453086 -0.003471954670950456 0.007622130618182444
leaf_weight=77 97 54 961 86 40 52 42 86 66 70 43 152 82 45
leaf_count=77 97 54 961 86 40 52 42 86 66 70 43 152 82 45
internal_value=-0.000384025 0.00572519 -0.000823271 -0.000376812 -0.000823673 -0.00820896 -0.0138298 -0.000166113 -0.000669486 -0.000110865 0.00752212 -0.000806452 -0.00174632 -0.000894632
internal_weight=1953 131 1822 1725 1639 134 94 1505 1419 1353 113 1240 1088 1006
internal_count=1953 131 1822 1725 1639 134 94 1505 1419 1353 113 1240 1088 1006
is_linear=0
shrinkage=0.05


Tree=179
num_leaves=15
num_cat=0
split_feature=6 1 6 0 3 5 6 3 5 7 7 3 6 7
split_gain=2.16832 3.09341 3.86751 3.73663 4.34113 7.05606 3.31845 4.37617 3.84096 4.40449 2.9563 3.64391 2.85496 1.69972
threshold=9.1945000000000014 -0.86958133671945925 7.9815000000000014 12.059000000000001 82.228500000000011 2.3215000000000003 7.8140000000000009 99.050000000000026 4.0985000000000005 219.405 26.642000000000003 99.997500000000016 9.4555000000000025 134.19250000000002
decision_type=2 2 2 2 2 2 2 2 2 2 2 2 2 2
left_child=1 2 -1 6 -5 -6 8 -8 10 -10 -3 -12 -2 -14
right_child=12 3 -4 4 5 -7 7 -9 9 -11 11 -13 13 -15
leaf_value=-0.00031122332964176328 0.006433505401356187 -0.00035457383775363562 0.0023773251130221867 -0.014640393701667288 -0.0034661419060434853 0.0019890686773916632 0.00022584160711427715 -0.0076275453244592506 -0.0057011043256315645 0.002572321479660264 0.00037015491996269135 0.010212810421615804 9.9685922317949152e-05 -3.955070852364462e-05
leaf_weight=44 64 43 42 43 45 68 55 76 50 47 41 52 60 1223
leaf_count=44 64 43 42 43 45 68 55 76 50 47 41 52 60 1223
internal_value=-0.000486431 -0.0029703 0.00581395 -0.00442308 -0.0108974 -0.00575221 -0.00164835 -0.00801527 0.00193133 -0.0056701 0.00735294 0.0123656 0.000631032 0.000116913
internal_weight=1953 606 86 520 156 113 364 131 233 97 136 93 1347 1283
internal_count=1953 606 86 520 156 113 364 131 233 97 136 93 1347 1283
is_linear=0
shrinkage=0.05


Tree=180
num_leaves=15
num_cat=0
split_feature=5 0 7 7 4 1 5 7 6 6 7 3 6 1
split_gain=1.85864 2.41998 1.94058 2.74673 1.88241 1.73537 2.00637 5.19963 4.57032 5.6164 3.99414 2.7946 4.53878 6.10561
threshold=2.0015000000000005 11.692000000000002 36.976000000000006 61.743000000000002 15.423000000000002 0.99805629696255316 4.2805000000000009 115.81500000000001 9.0020000000000007 7.0840000000000005 118.72900000000001 96.487500000000011 9.1185000000000027 0.081558489694578698
decision_type=2 2 2 2 2 2 2 2 2 2 2 2 2 2
left_child=1 4 -2 -4 -1 6 7 -5 9 -9 -8 -12 -13 -14
right_child=2 -3 3 5 -6 -7 10 8 -10 -11 11 12 13 -15
leaf_value=-0.0006195332089010048 0.00032500856712166793 -0.0029086562447149357 -0.00051235365507065202 0.010049236704360998 0.0052619913484502822 -0.0029530990016339411 -0.0098660333670125121 0.00073022940815556945 0.0078011744835265739 -0.0095285664767841352 -0.00018092231256797709 0.003127196822575712 -0.0014159279671179027 0.0021471281390946502
leaf_weight=58 41 53 45 49 44 40 43 41 68 43 910 95 207 216
leaf_count=58 41 53 45 49 44 40 43 41 68 43 910 95 207 216
internal_value=-0.000230415 -0.00548387 0.000222469 -2.84576e-05 -0.000980392 0.000292056 0.000538278 0.00522388 0.000657895 -0.00714286 -0.000101971 0.00035014 0.00328185 0.00106383
internal_weight=1953 155 1798 1757 102 1712 1672 201 152 84 1471 1428 518 423
internal_count=1953 155 1798 1757 102 1712 1672 201 152 84 1471 1428 518 423
is_linear=0
shrinkage=0.05


Tree=181
num_leaves=15
num_cat=0
split_feature=2 0 8 8 6 1 0 6 8 8 4 7 1 5
split_gain=2.00547 3.73783 4.4576 7.6837 4.27731 4.24072 4.0481 3.84065 3.9336 5.51835 2.96176 7.89319 6.6933 2.8252
threshold=0.023632005545605003 18.540500000000005 -1.1474999999999997 -0.80349999999999999 11.135500000000002 0.26744970170045884 21.831500000000002 12.188500000000001 -0.83249999999999991 -1.1324999999999996 13.6485 750.36750000000018 -0.55176847662110995 10.789500000000002
decision_type=2 2 2 2 2 2 2 2 2 2 2 2 2 2
left_child=1 2 -1 -4 -3 7 -7 -6 9 -9 11 -10 -12 -2
right_child=13 4 3 -5 5 6 -8 8 10 -11 12 -13 -14 -15
leaf_value=0.0044279883794008214 -0.00026874351343539327 -0.0068288191138744627 -0.010196654507730671 0.00077386350741341929 0.0051761999118230513 0.00071296220901126981 0.0083187141420055354 -0.0028269499219776618 -0.021484272406883966 0.0043384024789988596 0.0076195185371915391 0.0022066786496685309 -0.0080243511153824595 0.0057770511474539684
leaf_weight=73 859 82 50 327 42 71 49 85 59 52 41 40 78 45
leaf_count=73 859 82 50 327 42 71 49 85 59 52 41 40 78 45
internal_value=-0.000486431 0.00100095 0.00444444 0.00225464 -0.00158598 9.67118e-05 0.00833333 -0.00239295 -0.00408451 0.00255474 -0.00825688 -0.0146465 -0.00294118 -0.00221239
internal_weight=1953 1049 450 377 599 517 120 397 355 137 218 99 119 904
internal_count=1953 1049 450 377 599 517 120 397 355 137 218 99 119 904
is_linear=0
shrinkage=0.05


Tree=182
num_leaves=15
num_cat=0
split_feature=8 4 6 8 8 6 1 8 3 8 4 1 6 6
split_gain=2.51447 2.80988 2.17504 3.39731 3.81327 5.71107 4.56929 4.32762 5.83895 4.50261 2.40541 1.91723 1.90761 3.01854
threshold=-1.8854999999999997 17.951000000000004 8.6390000000000011 0.9295000000000001 -0.13199999999999998 7.9490000000000007 -0.22611359161738889 -0.72799999999999987 99.920500000000018 -0.41149999999999992 13.555000000000001 -0.20931270765420754 9.4555000000000025 9.2525000000000013
decision_type=2 2 2 2 2 2 2 2 2 2 2 2 2 2
left_child=1 -1 3 4 5 7 -6 8 -2 -9 -8 -3 13 -4
right_child=2 11 12 -5 6 -7 10 9 -10 -11 -12 -13 -14 -15
leaf_value=-0.0058786619395061138 -0.0025921999268669477 -0.0002981386505506306 0.00021981077865873002 0.0039584764281653919 0.00017134009129049499 -0.0058808682800338954 -0.0047625985709646825 0.01583785947058048 0.0012898627090337789 -0.00013063549039309442 -0.0047739125505273832 0.00043615712657629063 5.9982917855322396e-05 0.012636249801279304
leaf_weight=53 44 42 110 47 45 55 43 51 63 45 40 51 1221 43
leaf_count=53 44 42 110 47 45 55 43 51 63 45 40 51 1221 43
internal_value=-0.000537634 -0.00684932 -2.76702e-05 -0.00311778 -0.00466321 -0.00116279 -0.0117188 0.00270936 -0.00420561 0.0104167 -0.0186747 -0.0016129 0.000946143 0.00620915
internal_weight=1953 146 1807 433 386 258 128 203 107 96 83 93 1374 153
internal_count=1953 146 1807 433 386 258 128 203 107 96 83 93 1374 153
is_linear=0
shrinkage=0.05


Tree=183
num_leaves=15
num_cat=0
split_feature=2 7 7 1 5 7 1 5 7 5 5 6 2 6
split_gain=1.71377 4.26944 4.94122 4.51179 3.45782 3.07192 2.93926 6.04571 7.70667 4.13902 7.02578 2.85215 2.79193 5.65298
threshold=-0.010746888578547886 535.21850000000006 481.6185000000001 -0.9523687564627995 4.4235000000000007 212.96600000000004 -0.49316180905692092 6.9545000000000003 288.84850000000006 6.9545000000000003 5.7710000000000017 10.557000000000002 0.73832635400310653 7.8140000000000009
decision_type=2 2 2 2 2 2 2 2 2 2 2 2 2 2
left_child=-1 2 3 -2 5 12 7 8 -6 10 -8 -11 -5 -14
right_child=1 -3 -4 4 6 -7 9 -9 -10 11 -12 -13 13 -15
leaf_value=0.0002196356241911432 -0.0010135787159208612 -0.0074323518748393566 0.0033890137488899841 0.00021120162500724848 -0.00093758614579072814 -0.018010050109709973 0.0041550934113702134 -0.0020057004516836475 0.0039181697272073802 0.00090376346703949098 -0.0048008436288855989 0.0062810067106899431 0.00021000467404425627 -0.0030233119436444966
leaf_weight=1027 72 55 41 108 60 40 109 40 40 44 68 50 109 90
leaf_count=1027 72 55 41 108 60 40 109 40 40 44 68 50 109 90
internal_value=-0.000384025 -0.00194384 -0.0010907 -0.00192771 -0.000791557 -0.00446686 0.00231144 -0.00357143 0.003 0.00535055 0.000847458 0.0138298 -0.00276873 -0.00628141
internal_weight=1953 926 871 830 758 347 411 140 100 271 177 94 307 199
internal_count=1953 926 871 830 758 347 411 140 100 271 177 94 307 199
is_linear=0
shrinkage=0.05


Tree=184
num_leaves=15
num_cat=0
split_feature=2 3 7 8 6 4 2 6 4 7 2 4 5 2
split_gain=2.10857 4.10744 6.0109 5.16441 3.45927 2.65952 6.46468 9.97403 5.5483 3.87171 3.19078 4.75045 3.57912 4.21025
threshold=-0.010746888578547886 3.8790000000000004 535.21850000000006 -0.054999999999999993 12.360500000000002 12.134000000000002 0.69017338824297181 7.8140000000000009 13.609500000000002 198.59850000000003 0.73832635400310653 22.013500000000004 5.5080000000000009 0.95506028457921099
decision_type=2 2 2 2 2 2 2 2 2 2 2 2 2 2
left_child=-1 3 4 -2 5 6 7 -3 -7 -8 -10 12 13 -12
right_child=1 2 -4 -5 -6 8 9 -9 10 -11 11 -13 -14 -15
leaf_value=0.00020865384298158625 0.012728429785349811 -0.023203925257371499 -0.021107896247508084 -0.00059286420903492958 0.0017017640551431374 0.0070405511390979727 -0.0010316213890183364 -0.00084763698509260355 0.00011328874309718268 0.0051882058894985152 -0.014590926819128703 0.00022094376572870112 -2.9730384522019469e-05 -0.0004069656333687888
leaf_weight=1027 46 42 45 40 59 53 82 66 212 57 62 82 40 40
leaf_count=1027 46 42 45 40 59 53 82 66 212 57 62 82 40 40
internal_value=-0.000537634 -0.00226782 -0.00333333 0.00813953 -0.00232704 -0.00326087 -0.00748988 -0.0166667 -0.00112474 -0.000359712 -0.00298165 -0.00714286 -0.0126761 -0.0176471
internal_weight=1953 926 840 86 795 736 247 108 489 139 436 224 142 102
internal_count=1953 926 840 86 795 736 247 108 489 139 436 224 142 102
is_linear=0
shrinkage=0.05


Tree=185
num_leaves=15
num_cat=0
split_feature=0 4 4 3 0 0 0 5 8 5 7 7 7 6
split_gain=1.80645 3.81363 3.91456 3.59637 2.1121 2.23768 4.85692 3.16529 2.69136 2.58259 2.05953 2.68896 4.5009 3.33482
threshold=7.2260000000000009 9.0115000000000016 13.109500000000002 92.139500000000012 7.9520000000000008 8.9815000000000023 9.7115000000000027 4.4895000000000005 -1.8854999999999997 6.0915000000000008 101.2565 332.01350000000008 356.18400000000003 10.275500000000001
decision_type=2 2 2 2 2 2 2 2 2 2 2 2 2 2
left_child=1 -1 -3 -4 -2 7 -7 -6 9 -8 -10 13 -13 -12
right_child=4 2 3 -5 5 6 8 -9 10 -11 11 12 -14 -15
leaf_value=-0.006684853978087095 0.0035693022107797312 0.0033432698047754341 -0.0025275124418881428 0.001020731382570922 -0.017694265767299662 0.0038179791901171048 0.00010151684523422855 0.00031855463253621376 0.0003537800893385068 -0.0033742353846231369 -6.3328082966382368e-05 0.0091022052784612631 0.0001307721963824865 -0.0023150581898451318
leaf_weight=53 64 49 52 63 50 64 45 46 129 57 191 45 939 106
leaf_count=53 64 49 52 63 50 64 45 46 129 57 191 45 939 106
internal_value=-7.68049e-05 -0.00437788 -0.000609756 -0.00565217 0.000460829 0.000119617 0.000571066 -0.00729167 0 -0.00784314 0.000567376 -3.9032e-05 0.00121951 -0.00420875
internal_weight=1953 217 164 115 1736 1672 1576 96 1512 102 1410 1281 984 297
internal_count=1953 217 164 115 1736 1672 1576 96 1512 102 1410 1281 984 297
is_linear=0
shrinkage=0.05


Tree=186
num_leaves=15
num_cat=0
split_feature=2 2 2 2 5 2 7 8 7 6 7 6 7 5
split_gain=1.95267 1.16267 2.70051 3.00889 5.73501 5.056 1.84127 2.86114 9.20288 5.40747 4.20539 3.11581 3.89271 2.58979
threshold=0.99276848381014016 0.97879788253113664 0.95506028457921099 0.86993731518838324 4.5730000000000013 0.83399694777620859 36.976000000000006 0.84350000000000003 232.16250000000002 11.392000000000001 519.47200000000009 5.6420000000000003 151.32700000000003 2.3215000000000003
decision_type=2 2 2 2 2 2 2 2 2 2 2 2 2 2
left_child=1 2 3 5 -5 6 -1 11 -9 -10 -11 -8 13 -13
right_child=-2 -3 -4 4 -6 -7 7 8 9 10 -12 12 -14 -15
leaf_value=0.0020501260550144173 -0.00023721981815546245 0.0036737122670095546 -0.0028964890313969375 -0.00022375612558255266 0.011813493734660971 -0.0054841262412049308 -0.001280700798553236 -0.0081653195484757638 0.0087548073847306951 -0.010865584925837522 0.00017801405268780686 2.4255348384905062e-05 0.00011565580074919952 0.016376238990859146
leaf_weight=61 67 50 58 73 49 40 47 50 48 43 44 45 1212 66
leaf_count=61 67 50 58 73 49 40 47 50 48 43 44 45 1212 66
internal_value=0.000179211 0.0004772 0.000272331 0.000618673 0.00819672 6.03865e-05 0.00049505 0.000160772 -0.00567568 0.00111111 -0.00632184 0.000948905 0.00139834 0.0103604
internal_weight=1953 1886 1836 1778 122 1656 1616 1555 185 135 87 1370 1323 111
internal_count=1953 1886 1836 1778 122 1656 1616 1555 185 135 87 1370 1323 111
is_linear=0
shrinkage=0.05


Tree=187
num_leaves=15
num_cat=0
split_feature=8 4 2 0 4 7 5 1 1 2 4 2 7 7
split_gain=1.72675 1.40169 4.13178 3.50461 7.6053 5.13413 5.28473 6.60271 3.39287 3.38915 2.85833 2.57027 3.06193 6.77305
threshold=-2.8899999999999992 11.331500000000002 -0.89611523788151459 12.660500000000001 7.7940000000000014 371.60750000000002 5.8330000000000011 -0.25950939392209715 -0.82391537601316189 -0.97218766834954651 8.7765000000000022 -0.88204802495585344 805.90300000000013 843.44850000000008
decision_type=2 2 2 2 2 2 2 2 2 2 2 2 2 2
left_child=-1 2 9 5 -5 6 7 -4 -6 -2 -9 12 -3 -14
right_child=1 11 3 4 8 -7 -8 10 -10 -11 -12 -13 13 -15
leaf_value=-0.00078025273431547306 -0.00068173872350618117 0.00065782325205859251 0.0068526208402087344 0.00041991021771569281 -0.00053005233227917676 0.004951952743053112 -0.0053245330188026845 -0.011553740696149863 -0.018418529032326391 0.0078660434157972643 0.0022588433448036834 0.00024742444734791039 -0.023645821827335892 0.00070791572837100027
leaf_weight=40 44 144 44 110 50 42 46 56 77 51 40 1109 41 59
leaf_count=40 44 144 44 110 50 42 46 56 77 51 40 1109 41 59
internal_value=0.000281618 0.000496602 -0.00160714 -0.00354839 -0.00780591 0.000877193 -0.00268817 0.00214286 -0.0161417 0.00789474 -0.00520833 0.00136733 -0.00327869 -0.01
internal_weight=1953 1913 560 465 237 228 186 140 127 95 96 1353 244 100
internal_count=1953 1913 560 465 237 228 186 140 127 95 96 1353 244 100
is_linear=0
shrinkage=0.05


Tree=188
num_leaves=15
num_cat=0
split_feature=0 0 0 0 5 0 0 5 2 7 2 5 5 2
split_gain=1.86229 2.49393 3.09138 3.2513 2.85059 1.6672 4.71429 2.82849 2.492 2.63512 3.71252 1.61871 2.53707 2.50744
threshold=4.4200000000000008 5.7955000000000014 7.2260000000000009 7.9520000000000008 5.9895000000000005 8.9100000000000019 9.7115000000000027 4.4895000000000005 0.9624112700309283 101.2565 0.31064877563037102 2.8675000000000006 3.7525000000000004 0.63874942205152718
decision_type=2 2 2 2 2 2 2 2 2 2 2 2 2 2
left_child=-1 -2 4 -4 -3 7 -7 -5 9 10 -8 -11 -13 -14
right_child=1 2 3 5 -6 6 8 -9 -10 11 -12 12 13 -15
leaf_value=-0.00071866150325419764 0.0042867201592549564 -0.0048405966415106475 0.0032202316905369484 -0.017253355229297353 0.00012341347930171413 0.0016463994306713248 -0.00013286580172096609 0.0002784855413073495 -0.0028688268296610531 -0.0026020888149921153 0.0045720500388587463 0.021270233764965264 0.00011025138347167951 -0.0081975019300226
leaf_weight=72 48 57 64 45 40 72 52 43 48 46 70 43 1198 55
leaf_count=72 48 57 64 45 40 72 52 43 48 46 70 43 1198 55
internal_value=0.000947261 0.00124934 0.000954719 0.00144009 -0.00773196 0.00101675 0.00138889 -0.00568182 0.000793651 0.0011612 0.00819672 0.00052161 0.000848765 0.000438947
internal_weight=1953 1881 1833 1736 97 1672 1584 88 1512 1464 122 1342 1296 1253
internal_count=1953 1881 1833 1736 97 1672 1584 88 1512 1464 122 1342 1296 1253
is_linear=0
shrinkage=0.05


Tree=189
num_leaves=15
num_cat=0
split_feature=1 7 0 0 0 0 2 5 0 0 8 8 4 0
split_gain=2.16894 1.93808 2.37 2.52858 2.57774 3.41254 2.80467 2.41196 2.19166 4.30894 1.9714 6.40553 5.82319 7.72086
threshold=0.99805629696255316 12.861000000000002 4.4200000000000008 5.7955000000000014 7.2260000000000009 7.9520000000000008 0.98217423127542058 5.9895000000000005 8.9815000000000023 9.7115000000000027 -0.79549999999999998 -0.84099999999999986 16.720500000000005 16.525500000000005
decision_type=2 2 2 2 2 2 2 2 2 2 2 2 2 2
left_child=1 -1 -3 -4 7 -6 8 -5 -7 -10 11 12 13 -11
right_child=-2 2 3 4 5 6 -8 -9 9 10 -12 -13 -14 -15
leaf_value=-0.0061725041677175886 -0.0029297081038245857 -0.00070313707235151188 0.0066775125150781468 -0.0054114765768970121 0.0039083028755492345 -0.0057764045016298953 0.0015305785767169345 0.00011724280533662815 0.0039995812145830452 -0.0032291901969704107 0.00031852398168571994 -0.01721178742630557 -0.00084424980425373732 0.004389635406470205
leaf_weight=40 43 69 46 55 60 71 44 40 52 91 931 41 194 176
leaf_count=40 43 69 46 55 60 71 44 40 52 91 931 41 194 176
internal_value=0.000640041 0.000890052 0.00112299 0.0014714 0.00116809 0.00162651 0.0011875 -0.00684211 0.000835476 0.00124579 0.000732729 -0.00179283 -0.00010846 0.00468165
internal_weight=1953 1910 1870 1801 1755 1660 1600 95 1556 1485 1433 502 461 267
internal_count=1953 1910 1870 1801 1755 1660 1600 95 1556 1485 1433 502 461 267
is_linear=0
shrinkage=0.05


Tree=190
num_leaves=15
num_cat=0
split_feature=0 1 2 7 0 2 2 7 5 1 0 7 8 8
split_gain=2.09197 2.1 1.24188 4.19786 2.7002 4.02484 2.69002 1.94847 2.43385 1.53924 6.18316 3.67991 2.979 4.85249
threshold=4.980500000000001 0.23416947364604893 0.86993731518838324 200.10150000000002 7.4335000000000013 0.97879788253113664 0.82438889030848939 36.976000000000006 2.0015000000000005 0.26744970170045884 20.223500000000005 831.88300000000015 -0.80999999999999994 -1.0354999999999996
decision_type=2 2 2 2 2 2 2 2 2 2 2 2 2 2
left_child=1 -1 6 4 -4 -6 7 -2 -9 -10 12 -12 13 -11
right_child=2 -3 3 -5 5 -7 -8 8 9 10 11 -13 -14 -15
leaf_value=-0.0065469491214131537 0.0029379634742234709 0.0016152600934770348 0.00059148509470960961 0.0063149992818562206 -0.0052675958896677422 0.00064593619892204805 -0.0026554996532893896 -0.0031693462172221912 -4.2700910949372563e-05 0.00011947783455858452 0.0097410662913707344 0.0052888636580824882 0.00042613439281780909 -0.022504740691357453
leaf_weight=56 51 40 47 47 75 63 44 50 812 131 42 40 401 54
leaf_count=56 51 40 47 47 75 63 44 50 812 131 42 40 401 54
internal_value=0.000947261 -0.00625 0.00131933 0.00474138 0.00135135 -0.00217391 0.000830769 0.00117015 0.000849673 0.00121622 0.00299401 0.0158537 0.00119454 -0.00405405
internal_weight=1953 96 1857 232 185 138 1625 1581 1530 1480 668 82 586 185
internal_count=1953 96 1857 232 185 138 1625 1581 1530 1480 668 82 586 185
is_linear=0
shrinkage=0.05


Tree=191
num_leaves=15
num_cat=0
split_feature=8 0 2 4 2 7 4 3 8 2 2 8 8 8
split_gain=1.58153 2.6137 5.59531 1.75613 4.36156 5.71598 3.0613 2.1722 1.93275 1.88318 2.03798 1.68644 2.65407 2.11822
threshold=-1.8854999999999997 15.524500000000002 0.63874942205152718 21.333500000000004 0.61287127154566789 597.06750000000011 20.692500000000006 99.776500000000013 0.26950000000000007 -0.9951106240145321 -0.98597924778888291 -1.5854999999999999 -1.345 -1.1034999999999997
decision_type=2 2 2 2 2 2 2 2 2 2 2 2 2 2
left_child=1 2 -1 6 5 7 9 -5 -6 -2 -11 -12 -13 -14
right_child=3 -3 -4 4 8 -7 -8 -9 -10 10 11 12 13 -15
leaf_value=0.0013843153208968424 -0.0089310059801387173 -0.0049873462432271868 -0.0032712844790437055 -0.0060030822776435296 0.0044133988739130823 0.00083782536277968731 -0.0026044999357934225 6.3334086259747568e-05 0.00036952271798814664 0.026566397377853573 0.0046561741416386139 -0.00197250122422049 0.0010111905766120866 0.00014375992028149294
leaf_weight=44 57 40 62 61 40 76 45 67 42 40 59 66 96 1158
leaf_count=44 57 40 62 61 40 76 45 67 42 40 59 66 96 1158
internal_value=0.000896057 -0.00410959 0 0.0013005 0.0048951 0.000980392 0.000624589 -0.00546875 0.0146341 0.00101626 0.00137421 0.00105149 0.000681818 0.00119617
internal_weight=1953 146 106 1807 286 204 1521 128 82 1476 1419 1379 1320 1254
internal_count=1953 146 106 1807 286 204 1521 128 82 1476 1419 1379 1320 1254
is_linear=0
shrinkage=0.05


Tree=192
num_leaves=15
num_cat=0
split_feature=8 8 0 0 7 5 8 0 4 7 7 5 4 2
split_gain=2.0505 2.03789 1.36246 6.33137 2.53349 5.60439 3.61031 3.14753 2.33495 1.96472 3.8279 3.81692 3.46861 3.22191
threshold=-2.2549999999999994 -1.9714999999999998 8.9815000000000023 9.7115000000000027 371.60750000000002 7.3455000000000004 1.0555000000000001 5.7955000000000014 13.109500000000002 115.81500000000001 298.29600000000005 1.5390000000000001 16.191000000000006 -0.66248835645380588
decision_type=2 2 2 2 2 2 2 2 2 2 2 2 2 2
left_child=-1 -2 4 -4 5 6 7 -3 -9 11 13 -5 -13 -11
right_child=1 2 3 9 -6 -7 -8 8 -10 10 -12 12 -14 -15
leaf_value=-0.00037165458005508916 0.00056531317766078638 0.00070009961379271515 0.003576026868826754 -0.0010870405751441715 -0.0039772153495486974 0.0050918189531346698 0.00059516325307654725 -0.00020350692445082337 -0.010282458295992246 0.0056527696498436288 0.00027944289164516712 0.0043401126367083103 4.5279019330790594e-05 -0.0013219498233616679
leaf_weight=81 40 69 59 43 41 49 57 74 52 50 1051 41 59 187
leaf_count=81 40 69 59 43 41 49 57 74 52 50 1051 41 59 187
internal_value=0.000998464 0.00133547 0.0010917 0.00174497 -0.00175439 -0.000166113 -0.0031746 -0.00641026 -0.0111111 0.00108316 0.000465839 0.00664336 0.012 -0.00527426
internal_weight=1953 1872 1832 1490 342 301 252 195 126 1431 1288 143 100 237
internal_count=1953 1872 1832 1490 342 301 252 195 126 1431 1288 143 100 237
is_linear=0
shrinkage=0.05


Tree=193
num_leaves=15
num_cat=0
split_feature=8 8 4 7 5 7 8 0 0 2 1 7 4 3
split_gain=1.94407 2.11664 1.35912 4.19095 5.25285 2.52048 2.30938 3.06568 6.51365 6.07033 6.42754 4.60056 3.55032 3.50649
threshold=-2.2549999999999994 -1.9714999999999998 7.0475000000000012 731.71550000000013 8.036500000000002 36.976000000000006 -1.7334999999999998 21.741500000000002 21.148000000000003 -0.58882848911713703 0.26744970170045884 740.47950000000014 16.018000000000004 13.709000000000001
decision_type=2 2 2 2 2 2 2 2 2 2 2 2 2 2
left_child=-1 -2 3 4 -3 -4 -7 8 -8 10 11 -9 13 -13
right_child=1 2 5 -5 -6 6 7 9 -10 -11 -12 12 -14 -15
leaf_value=-0.00035307185105233342 0.00053704751877774843 -0.00054533197000946752 0.0026133875585987315 -0.016242339371806972 0.00116239725381789 -0.003912316784459813 6.5275590883823181e-05 -0.023268884627080745 -0.012241110977314959 0.005594895564617031 0.0083721785357499159 0.00032286238271099781 -0.0057770520591389485 0.016896533582835365
leaf_weight=81 40 106 80 40 50 54 1167 72 47 47 41 40 44 44
leaf_count=81 40 106 80 40 50 54 1167 72 47 47 41 40 44 44
internal_value=0.000793651 0.00112179 0.000873362 -0.00306122 0.000641026 0.00134474 0.000899743 0.00126498 0.000164745 0.00590278 0.0026971 -0.001 0.0046875 0.0107143
internal_weight=1953 1872 1832 196 156 1636 1556 1502 1214 288 241 200 128 84
internal_count=1953 1872 1832 196 156 1636 1556 1502 1214 288 241 200 128 84
is_linear=0
shrinkage=0.05


Tree=194
num_leaves=15
num_cat=0
split_feature=0 7 5 2 7 0 7 7 7 3 6 6 2 2
split_gain=1.56069 3.93846 2.39365 1.49029 2.91213 2.1778 3.30764 2.755 2.16916 4.96534 3.73126 3.35637 3.5618 2.52192
threshold=5.1610000000000005 141.43000000000004 1.4300000000000004 0.86993731518838324 200.10150000000002 7.2260000000000009 101.2565 57.079500000000003 298.29600000000005 70.321500000000015 10.275500000000001 7.9815000000000014 0.29426351849031901 0.46105717635705401
decision_type=2 2 2 2 2 2 2 2 2 2 2 2 2 2
left_child=1 -1 -2 5 -5 -4 7 -7 9 -8 11 -11 -13 -10
right_child=2 -3 3 4 -6 6 8 -9 13 10 -12 12 -14 -15
leaf_value=0.0013067117858475781 -0.0010359523259311555 -0.0019196863833440922 -0.00022598987892898938 0.00019530545444458315 0.0057342065945484083 5.7634358153868532e-06 0.0024557412099634676 0.0074867395169691993 0.00020685886973342561 -0.0025420571777404533 -0.0028870411775450133 0.0051055156481935931 -0.00069634617980927633 0.002263498105280033
leaf_weight=40 77 64 51 161 43 41 64 51 1073 55 68 53 40 72
leaf_count=40 77 64 51 161 43 41 64 51 1073 55 68 53 40 72
internal_value=0.00115207 -0.00480769 0.00148729 0.0018623 0.00588235 0.00133929 0.00168095 0.0108696 0.00108772 -0.00285714 -0.00648148 -0.00202703 0.00376344 0.0020524
internal_weight=1953 104 1849 1772 204 1568 1517 92 1425 280 216 148 93 1145
internal_count=1953 104 1849 1772 204 1568 1517 92 1425 280 216 148 93 1145
is_linear=0
shrinkage=0.05


Tree=195
num_leaves=15
num_cat=0
split_feature=6 8 8 8 0 6 4 0 4 7 7 6 4 1
split_gain=1.72584 3.88538 2.35898 5.27221 4.44625 4.32692 4.15327 6.02978 6.01636 9.24055 13.7697 3.46457 3.43598 4.51215
threshold=5.2215000000000007 -0.87199999999999989 -0.50749999999999995 -0.44749999999999995 9.2935000000000016 7.7110000000000012 16.720500000000005 14.205000000000002 20.458000000000002 659.24350000000015 365.62350000000009 8.095500000000003 15.130000000000001 -0.36924373704146674
decision_type=2 2 2 2 2 2 2 2 2 2 2 2 2 2
left_child=1 -1 4 -4 11 -5 7 -6 9 10 -8 -2 13 -9
right_child=2 -3 3 5 6 -7 8 12 -10 -11 -12 -13 -14 -15
leaf_value=-0.0042781054505712512 0.0094092864097706265 0.00067978801850637489 -0.024613543447093975 -0.0012480228754620445 -0.0035951981256895312 0.00028674112761651883 -0.007464744821377628 -0.0010973242898053917 0.00031310443094798306 -0.035903977831223878 0.0071849683643268941 0.00018554018172235455 0.01911518268530063 0.0040944953135521487
leaf_weight=45 42 71 48 99 90 871 41 118 148 55 43 65 50 167
leaf_count=45 42 71 48 99 90 871 41 118 148 55 43 65 50 167
internal_value=0.000742448 -0.00517241 0.00111595 -0.000491159 0.00311355 0.000309278 0.00168539 0.00482353 -0.00296167 -0.0104317 0 0.0126168 0.00791045 0.00578947
internal_weight=1953 116 1837 1018 819 970 712 425 287 139 84 107 335 285
internal_count=1953 116 1837 1018 819 970 712 425 287 139 84 107 335 285
is_linear=0
shrinkage=0.05


Tree=196
num_leaves=15
num_cat=0
split_feature=5 7 2 0 4 8 0 1 2 0 7 8 8 8
split_gain=2.9931 3.29912 3.4056 3.09246 3.23096 1.99449 5.09816 1.65668 3.233 3.57392 5.54926 3.7543 3.34448 7.88821
threshold=2.0015000000000005 61.743000000000002 0.50618570606421198 5.1610000000000005 13.265500000000001 -1.8854999999999997 12.448500000000001 0.098678873477280007 0.89420283937402645 19.273500000000002 772.15900000000011 -0.57549999999999979 -0.80999999999999994 -1.0354999999999996
decision_type=2 2 2 2 2 2 2 2 2 2 2 2 2 2
left_child=1 2 -1 4 -2 6 -5 -7 9 12 -11 -12 13 -9
right_child=3 -3 -4 5 -6 7 -8 8 -10 10 11 -13 -14 -15
leaf_value=0.0042138362858947396 0.0010092801555622534 -0.0022346993417812987 -0.00079000767514174482 0.00054368349071085562 -0.0060334120311099542 0.00010967072517553689 -0.0033021647904331684 0.0002646047591753337 0.0034533138094125573 0.0079288896090949253 0.0029581347232512851 -0.0026411371706503541 0.00048991884408327029 -0.027229731640159117
leaf_weight=40 45 41 74 53 41 828 62 88 50 49 62 47 421 52
leaf_count=40 45 41 74 53 41 828 62 88 50 49 62 47 421 52
internal_value=0.000537634 -0.00612903 -0.00175439 0.00111235 -0.00813953 0.0015771 -0.00478261 0.00203507 0.00370611 0.00285118 0.00949367 0.00321101 0.000980392 -0.00571429
internal_weight=1953 155 114 1798 86 1712 115 1597 769 719 158 109 561 140
internal_count=1953 155 114 1798 86 1712 115 1597 769 719 158 109 561 140
is_linear=0
shrinkage=0.05


Tree=197
num_leaves=15
num_cat=0
split_feature=2 5 1 0 5 5 6 3 6 1 0 7 5 0
split_gain=1.22808 1.69398 4.67673 5.99496 2.29067 6.01089 4.92571 4.02166 4.69247 2.96702 4.56004 3.61268 5.13198 4.76749
threshold=0.99630826919114179 2.0015000000000005 -0.24284747324344283 9.3580000000000023 4.3120000000000003 4.5730000000000013 7.0840000000000005 94.369000000000014 8.6720000000000024 0.26744970170045884 21.831500000000002 760.35800000000006 12.255000000000001 17.350500000000004
decision_type=2 2 2 2 2 2 2 2 2 2 2 2 2 2
left_child=1 2 -1 -4 6 -6 -3 -8 -9 -7 11 13 -13 -11
right_child=-2 4 3 -5 5 9 7 8 -10 10 -12 12 -14 -15
leaf_value=8.1778858775569119e-05 -0.00013155187954700943 0.0036410475686215085 0.001712540837452964 -0.0057363325871391431 -0.0044346302260514251 -0.00010545577257556893 0.0023491604807044392 -0.0027985881834753368 0.0016623663528376104 0.00033393093749924666 0.0061368742276372351 -0.019509393595385303 0.00066784396966408925 0.012579913290246445
leaf_weight=50 47 67 51 46 46 803 52 58 90 421 50 52 59 61
leaf_count=50 47 67 51 46 46 803 52 58 90 421 50 52 59 61
internal_value=0.000537634 0.000734523 -0.00442177 -0.0108247 0.00116543 0.000402145 0.00543071 0.0015 -0.0027027 0.000968188 0.00349922 0.00227656 -0.00585586 0.00414938
internal_weight=1953 1906 147 97 1759 1492 267 200 148 1446 643 593 111 482
internal_count=1953 1906 147 97 1759 1492 267 200 148 1446 643 593 111 482
is_linear=0
shrinkage=0.05


Tree=198
num_leaves=15
num_cat=0
split_feature=4 1 1 1 1 2 5 3 5 1 4 0 0 1
split_gain=1.96466 4.07112 6.19268 3.57501 3.45388 4.47694 5.27606 3.31646 3.19888 2.72353 2.29012 5.87622 5.12324 4.18622
threshold=11.331500000000002 0.59055600833485278 0.9253073452222943 0.30041382580050413 -0.10738035228456493 -0.91084115863148152 5.8330000000000011 81.295000000000016 10.718500000000001 -0.98801351631316325 13.029000000000002 13.403500000000003 16.899500000000003 -0.92263100495486372
decision_type=2 2 2 2 2 2 2 2 2 2 2 2 2 2
left_child=1 3 7 4 5 -1 -7 -3 -8 -2 11 -11 -13 -12
right_child=9 2 -4 -5 -6 6 8 -9 -10 10 13 12 -14 -15
leaf_value=0.013797849854933581 0.0031694337975016924 -0.0052314868839757949 0.00054632197722170037 0.0055055951318556092 -0.0085049599501388247 0.0027573794085853699 -0.0024430439608978658 -0.014607526871165384 0.00037523209381140621 0.0036617536673288565 -0.0015160696509459199 -0.010221208083863204 0.0027956136415907135 0.00012853584297924242
leaf_weight=42 65 43 74 47 69 89 73 58 67 66 77 40 79 1064
leaf_count=42 65 43 74 47 69 89 73 58 67 66 77 40 79 1064
internal_value=0.000537634 -0.0019573 -0.00828571 0.000904393 -0.000882353 0.00166052 -0.0010917 -0.0163366 -0.00714286 0.00154565 0.00105581 0.00621622 -0.000420168 0.000219106
internal_weight=1953 562 175 387 340 271 229 101 140 1391 1326 185 119 1141
internal_count=1953 562 175 387 340 271 229 101 140 1391 1326 185 119 1141
is_linear=0
shrinkage=0.05


Tree=199
num_leaves=15
num_cat=0
split_feature=4 1 4 8 4 8 0 0 4 4 2 1 1 4
split_gain=1.86314 3.19696 1.8143 3.5447 2.27471 1.62302 5.23188 1.66798 2.39344 2.36738 7.66291 5.09773 3.2259 4.54842
threshold=4.9495000000000013 -0.11988119229922732 26.497500000000006 -0.40249999999999997 24.863500000000005 -1.8854999999999997 13.803500000000001 26.601500000000005 6.1160000000000005 9.8880000000000017 -0.11593459959550052 0.44380628866780453 0.56246696819246 15.579000000000002
decision_type=2 2 2 2 2 2 2 2 2 2 2 2 2 2
left_child=1 -1 4 -4 5 6 -2 8 -7 10 11 -10 -11 -14
right_child=2 -3 3 -5 -6 7 -8 -9 9 12 -12 -13 13 -15
leaf_value=0.00059412493832574633 0.00053238647911041154 -0.0057458928375195119 0.0020457728669275228 -0.0017130507145909247 0.0019076274020256455 0.0031228710152749525 -0.0038502329656537743 0.0047856146378797877 -0.00082309934433051353 -1.819259875470887e-05 0.00035940666683385581 -0.025116898821312163 0.0035656916068509711 0.00013413273546909467
leaf_weight=53 54 51 52 51 50 43 46 93 71 798 134 43 183 231
leaf_count=53 54 51 52 51 50 43 46 93 71 798 134 43 183 231
internal_value=0.000742448 -0.00576923 0.00110871 -0.00533981 0.00148912 0.00117925 -0.005 0.00156642 0.00116434 0.000821918 -0.00362903 -0.0131579 0.00173267 0.00531401
internal_weight=1953 104 1849 103 1746 1696 100 1596 1503 1460 248 114 1212 414
internal_count=1953 104 1849 103 1746 1696 100 1596 1503 1460 248 114 1212 414
is_linear=0
shrinkage=0.05


Tree=200
num_leaves=15
num_cat=0
split_feature=8 4 7 8 0 5 5 1 0 1 2 7 5 6
split_gain=1.90302 1.49872 5.72147 4.01776 3.37698 1.5168 2.44859 2.68645 2.28076 2.05404 4.76603 6.21971 5.645 4.26667
threshold=-2.8899999999999992 6.8185000000000011 737.41500000000008 -0.088999999999999982 14.448500000000001 1.0185000000000002 2.0015000000000005 0.2174230999111143 5.1610000000000005 -0.69016699705532203 -0.58882848911713703 507.61200000000002 7.5405000000000006 9.1185000000000027
decision_type=2 2 2 2 2 2 2 2 2 2 2 2 2 2
left_child=-1 2 3 4 -2 -3 7 -7 -8 10 -10 12 13 -12
right_child=1 5 -4 -5 -6 6 8 -9 9 -11 11 -13 -14 -15
leaf_value=-0.0007015384991043358 -0.00021771092333484066 0.00017263860403360365 -0.014946650813591218 -0.0005107100668943446 0.0025782448653500854 8.2817450024808708e-05 -0.0011644918861963543 -0.0036408195215352161 -0.020459812541904078 0.00046952923557343489 0.0020225878250973439 0.0075785752469807455 -0.0022607966984410366 -0.0011783022956050077
leaf_weight=40 51 41 40 50 41 40 70 46 47 1136 64 99 92 96
leaf_count=40 51 41 40 50 41 40 70 46 47 1136 64 99 92 96
internal_value=0.000793651 0.00101934 -0.0032967 0.00140845 0.0076087 0.00147314 0.0012426 -0.00697674 0.00168329 0.00208605 -0.00100503 0.000997151 -0.0031746 0.0025
internal_weight=1953 1913 182 142 92 1731 1690 86 1604 1534 398 351 252 160
internal_count=1953 1913 182 142 92 1731 1690 86 1604 1534 398 351 252 160
is_linear=0
shrinkage=0.05


Tree=201
num_leaves=15
num_cat=0
split_feature=8 4 4 1 6 5 6 5 5 0 1 2 8 8
split_gain=1.97593 1.60283 2.89848 2.522 1.47239 6.37656 2.53612 2.21816 1.96804 2.09073 1.98029 6.00153 5.5238 5.92579
threshold=-2.8899999999999992 4.9495000000000013 6.1160000000000005 -0.11988119229922732 5.2215000000000007 3.6880000000000002 6.6680000000000001 2.0015000000000005 2.4710000000000005 5.1610000000000005 -0.65189295912203338 -0.58882848911713703 -0.36449999999999994 0.10850000000000001
decision_type=2 2 2 2 2 2 2 2 2 2 2 2 2 2
left_child=-1 3 -3 -2 5 -4 -6 -8 -9 -10 11 -11 -13 -14
right_child=1 2 4 -5 6 -7 7 8 9 10 -12 12 13 -15
leaf_value=-0.0006664615741491215 0.00043550644814195351 0.0024493326220825814 0.0010605950378070439 -0.0054330626922988179 0.00039505945231239626 -0.0040920997443140124 -0.00051279587483720748 0.008719166595267119 -0.0029004953774716957 -0.025038738465652619 0.00044058105897896164 0.0030045522629259139 -0.0050616965879286104 0.00044217376533755572
leaf_weight=40 53 47 40 51 85 51 77 40 53 59 1027 153 66 111
leaf_count=40 53 47 40 51 85 51 77 40 53 59 1027 153 66 111
internal_value=0.000998464 0.00122844 0.00157546 -0.00480769 0.00124858 -0.00494505 0.00158588 0.00113493 0.00155732 0.00125936 0.00162429 -0.00141388 0.00121212 -0.00480226
internal_weight=1953 1913 1809 104 1762 91 1671 1586 1509 1469 1416 389 330 177
internal_count=1953 1913 1809 104 1762 91 1671 1586 1509 1469 1416 389 330 177
is_linear=0
shrinkage=0.05


Tree=202
num_leaves=15
num_cat=0
split_feature=8 8 5 0 1 0 7 5 7 8 5 7 2 8
split_gain=2.02362 2.05744 2.01337 3.1951 3.01795 4.17765 4.91113 4.08737 5.26967 6.11671 3.94985 3.96572 5.46836 6.3381
threshold=-2.2549999999999994 -1.9714999999999998 2.0015000000000005 11.692000000000002 0.23416947364604893 20.223500000000005 111.10200000000002 6.5140000000000002 542.98650000000009 -0.35049999999999992 3.8200000000000007 200.10150000000002 0.60605034090854637 0.060500000000000005
decision_type=2 2 2 2 2 2 2 2 2 2 2 2 2 2
left_child=-1 -2 3 -3 10 6 -6 -8 9 -9 -4 -12 -13 -14
right_child=1 2 4 -5 5 -7 7 8 -10 -11 11 12 13 -15
leaf_value=-0.00041114576522143236 0.00070134342947618465 1.708104866993132e-05 0.0033774850726115803 -0.0029023145886617864 0.01230667941697044 0.0064981695197487369 -0.0028446114202639802 0.0071538736936477042 -2.2920160560199744e-06 0.00095722144610160028 -0.0022063438822479964 -0.00023565472146105937 0.0068231043586597625 -0.00016843808665228528
leaf_weight=81 40 89 113 44 42 89 202 50 266 99 131 623 44 40
leaf_count=81 40 89 113 44 42 89 202 50 266 99 131 623 44 40
internal_value=0.000947261 0.00128205 0.00103712 -0.00488722 0.00150088 0.00387701 0.00250379 0.00137763 0.00421687 0.011745 -0.000368034 -0.00155131 -7.07214e-05 0.0119048
internal_weight=1953 1872 1832 133 1699 748 659 617 415 149 951 838 707 84
internal_count=1953 1872 1832 133 1699 748 659 617 415 149 951 838 707 84
is_linear=0
shrinkage=0.05


Tree=203
num_leaves=15
num_cat=0
split_feature=7 7 8 7 5 4 8 2 3 3 2 4 5 6
split_gain=1.6397 1.59928 1.92096 6.37531 4.15084 3.61446 2.58639 2.2274 2.55714 5.51093 2.47136 2.13061 1.60313 2.40897
threshold=14.569500000000001 36.976000000000006 0.77300000000000013 161.09700000000001 6.9900000000000011 15.205000000000002 0.54700000000000015 -0.96356381914947564 97.353500000000011 44.06600000000001 -0.94418750883419933 16.614500000000003 16.545500000000004 14.497000000000002
decision_type=2 2 2 2 2 2 2 2 2 2 2 2 2 2
left_child=-1 -2 6 -4 5 -5 7 8 9 -3 -9 -6 13 -12
right_child=1 2 3 4 11 -7 -8 10 -10 -11 12 -13 -14 -15
leaf_value=-0.0056976761704234692 0.00080866708124416461 -0.0042587566899006555 -0.0042016088328931172 -0.00023399635710302514 -0.0043493082374386474 0.0073739301497346603 0.0057650477299545982 0.0061843330745992523 -0.00631393639733362 0.013535496050232876 0.00018451740110154714 -2.216509090511576e-05 0.0044879935586100489 -0.00040720964375127734
leaf_weight=48 72 63 66 46 40 57 69 46 66 40 1010 58 41 231
leaf_count=48 72 63 66 46 40 57 69 46 66 40 1010 58 41 231
internal_value=0.000793651 0.00102362 0.000736498 -0.00318352 0.00124378 0.00825243 0.00140485 0.000968604 -0.00443787 0.000485437 0.00165663 -0.00612245 0.00124805 0.000926672
internal_weight=1953 1905 1833 267 201 103 1566 1497 169 103 1328 98 1282 1241
internal_count=1953 1905 1833 267 201 103 1566 1497 169 103 1328 98 1282 1241
is_linear=0
shrinkage=0.05


Tree=204
num_leaves=15
num_cat=0
split_feature=0 4 0 7 3 3 7 6 6 6 1 2 6 0
split_gain=1.40195 3.49087 2.41487 2.11931 1.84756 5.10953 3.47472 3.68773 3.59432 4.36237 3.69073 8.4793 4.99541 3.37608
threshold=7.2260000000000009 9.0115000000000016 5.7955000000000014 151.32700000000003 0.28550000000000003 4.5180000000000007 839.77350000000013 15.575500000000002 14.993000000000002 14.549500000000002 -0.38962684145003712 0.71541278717867718 9.2525000000000013 18.319500000000001
decision_type=2 2 2 2 2 2 2 2 2 2 2 2 2 2
left_child=1 -1 3 -3 -2 -6 7 8 9 10 11 -7 -12 -10
right_child=4 2 -4 -5 5 6 -8 -9 13 -11 12 -13 -14 -15
leaf_value=-0.0051975708121338067 0.00096047446959986876 0.0021888608845846316 -0.00028797136295501542 -0.00013799342370060457 -0.0077624003789188659 9.2559370440398197e-05 0.0049998706001417627 -0.0028668782423750374 -3.6281288661840776e-05 -0.0039298726322983691 -0.0017738267902598942 0.0039917143068293748 0.00065417749172561827 0.0073574268861111682
leaf_weight=53 115 42 73 49 67 405 76 137 40 74 272 59 436 55
leaf_count=53 115 42 73 49 67 405 76 137 40 74 272 59 436 55
internal_value=0.000793651 -0.00299539 0.000609756 0.00604396 0.00126728 0.000832819 0.0014157 0.000879567 0.00167785 0.000963082 0.00170648 0.00517241 -0.000564972 0.0110526
internal_weight=1953 217 164 91 1736 1621 1554 1478 1341 1246 1172 464 708 95
internal_count=1953 217 164 91 1736 1621 1554 1478 1341 1246 1172 464 708 95
is_linear=0
shrinkage=0.05


Tree=205
num_leaves=15
num_cat=0
split_feature=0 3 0 6 6 8 6 5 1 6 6 5 4 7
split_gain=1.64978 4.30868 2.27728 2.19316 1.84364 1.15625 4.28353 3.91478 3.88605 3.77344 3.54108 5.15775 2.99596 4.55783
threshold=26.601500000000005 43.010000000000012 24.995000000000001 16.141500000000004 15.704500000000001 -0.88849999999999996 14.686500000000001 4.1625000000000005 -0.44380628866780414 7.6070000000000002 14.497000000000002 11.073000000000002 16.908500000000004 718.21350000000018
decision_type=2 2 2 2 2 2 2 2 2 2 2 2 2 2
left_child=2 -2 3 4 5 6 7 8 -1 -10 11 -7 13 -12
right_child=1 -3 -4 -5 -6 10 -8 -9 9 -11 12 -13 -14 -15
leaf_value=0.0004698100829421348 -0.0024331990257019406 0.010361317857592402 -0.0061135393833193774 -0.0014192571925259025 0.011043746467573263 0.00015938388681133731 0.0029858737579959945 -0.00091416148770074321 0.0010946093933208445 -0.0058149748025198185 -0.017332939274597153 0.0017351682955241865 0.00072937388804885587 0.00024870197287770737
leaf_weight=44 64 42 57 52 57 971 48 277 49 41 57 91 58 45
leaf_count=44 64 42 57 52 57 971 48 277 49 41 57 91 58 45
internal_value=0.000537634 0.00660377 0.000189496 0.000502793 0.000805524 0.000505651 -0.00163399 -0.00328467 0.00373134 -0.00222222 0.00130933 0.00235405 -0.005625 -0.0107843
internal_weight=1953 106 1847 1790 1738 1681 459 411 134 90 1222 1062 160 102
internal_count=1953 106 1847 1790 1738 1681 459 411 134 90 1222 1062 160 102
is_linear=0
shrinkage=0.05


Tree=206
num_leaves=15
num_cat=0
split_feature=1 8 8 5 1 1 1 8 5 5 3 5 7 5
split_gain=1.0964 1.36537 5.23895 3.47624 3.75996 3.21382 3.06994 2.91515 2.84866 5.90244 2.75231 2.81469 4.87307 3.21629
threshold=-0.99273952934267318 -0.042499999999999989 -0.28949999999999992 12.729000000000001 0.95747632178960107 0.823915376013162 0.80392051724781088 -0.49949999999999994 6.7815000000000003 11.361500000000001 4.5790000000000015 5.2435000000000009 226.54000000000002 4.7005000000000008
decision_type=2 2 2 2 2 2 2 2 2 2 2 2 2 2
left_child=-1 2 7 4 5 10 8 -2 -4 -10 -3 13 -13 -12
right_child=1 3 6 -5 -6 -7 -8 -9 9 -11 11 12 -14 -15
leaf_value=0.00012256316005211516 0.00011747736494133605 -0.00047350543602240198 0.0048135293905036515 -0.0035542192181411986 0.0010885693755958298 -0.0052999138857627859 0.014493695621151954 -0.0019357413211808618 -0.0017230275043736089 0.007808349570056195 3.9825268486462506e-05 0.01024947699536637 0.00085127021201088508 -0.008616672769826042
leaf_weight=70 867 42 59 68 56 65 42 169 41 41 170 49 169 45
leaf_count=70 867 42 59 68 56 65 42 169 41 41 170 49 169 45
internal_value=0.000998464 0.000770048 0.00176374 -0.00105422 0.000167785 -0.00111111 0.00956284 0.0003861 0.00602837 0 0.000315789 0.00150115 0.00550459 -0.00255814
internal_weight=1953 1883 1219 664 596 540 183 1036 141 82 475 433 218 215
internal_count=1953 1883 1219 664 596 540 183 1036 141 82 475 433 218 215
is_linear=0
shrinkage=0.05


Tree=207
num_leaves=15
num_cat=0
split_feature=6 7 1 5 2 8 8 5 1 3 8 7 6 3
split_gain=1.5563 6.1914 5.48865 4.84934 4.37366 6.31427 6.86686 4.214 3.60817 3.58502 4.07868 3.71182 4.61326 4.48105
threshold=12.486500000000001 716.39650000000017 0.26744970170045884 10.8985 -0.8069893509785715 -1.2174999999999998 -0.77249999999999985 11.643000000000002 0.94917575150333644 99.901000000000025 0.28300000000000003 588.33100000000013 15.437500000000002 29.440500000000004
decision_type=2 2 2 2 2 2 2 2 2 2 2 2 2 2
left_child=1 3 9 -1 -4 -6 -7 8 -8 10 11 -2 -13 -14
right_child=2 -3 4 -5 5 6 7 -9 -10 -11 -12 12 13 -15
leaf_value=-4.599792748547632e-05 0.0025801487058838891 -0.0066748758571848373 0.0059138539609431551 0.0071981364902062479 0.010433829870044521 -0.0099061819387797692 0.0010987854165447448 -0.0025623940736351548 0.0057769279066572643 -0.0066400315929397886 -0.0078458575059428756 -0.0079505674985531852 0.008228001777984174 -0.0093882493405504815
leaf_weight=1078 59 57 87 61 42 50 76 49 40 93 48 87 73 53
leaf_count=1078 59 57 87 61 42 50 76 49 40 93 48 87 73 53
internal_value=0.000537634 -0.000585284 0.00231176 0.000219491 0.00697674 0.0036965 0.000232558 0.00515152 0.0103448 -0.00157385 0.0009375 0.00330882 0.000234742 0.00634921
internal_weight=1953 1196 757 1139 344 257 215 165 116 413 320 272 213 126
internal_count=1953 1196 757 1139 344 257 215 165 116 413 320 272 213 126
is_linear=0
shrinkage=0.05


Tree=208
num_leaves=15
num_cat=0
split_feature=2 2 6 6 1 6 7 6 1 5 6 7 0 6
split_gain=1.9158 4.12398 3.67712 3.10183 4.078 5.46264 3.49912 3.00615 2.7195 7.84819 3.80014 6.54896 3.83472 3.49559
threshold=-0.098820138732871751 -0.18163955523420786 13.273000000000001 12.360500000000002 0.95444582372253872 11.392000000000001 345.50850000000008 9.7455000000000016 -0.27159603410350847 5.8330000000000011 9.7890000000000015 41.470500000000008 13.457000000000003 9.1565000000000012
decision_type=2 2 2 2 2 2 2 2 2 2 2 2 2 2
left_child=1 -1 3 4 5 6 8 -6 9 10 11 -2 -13 -10
right_child=2 -3 -4 -5 7 -7 -8 -9 13 -11 -12 12 -14 -15
leaf_value=0.00028835372869954193 -0.00063490622842742733 0.0062380139560107547 -0.0033671746707949466 0.0030069633006019406 -0.0035473815141841727 -0.0010865960820583079 0.0017742668135061037 -0.00017761259289964806 -0.00041530237215738411 -0.0057659607393526109 -0.00026827518715716179 0.010552811531331927 0.00046328646158707719 0.0013609106621917751
leaf_weight=917 46 50 62 52 44 66 89 46 252 65 48 84 40 92
leaf_count=917 46 50 62 52 44 66 89 46 252 65 48 84 40 92
internal_value=0.000435228 0.00201655 -0.00111562 -0.000324675 -0.00103211 0.000127877 0.00139665 -0.0111111 7.97448e-05 0.00371025 0.00825688 0.0117647 0.0177419 -0.00290698
internal_weight=1953 967 986 924 872 782 716 90 627 283 218 170 124 344
internal_count=1953 967 986 924 872 782 716 90 627 283 218 170 124 344
is_linear=0
shrinkage=0.05


Tree=209
num_leaves=15
num_cat=0
split_feature=0 7 5 1 5 7 1 4 3 4 4 5 1 1
split_gain=1.6361 3.01538 2.13683 5.90402 3.35976 2.23745 1.72367 3.35623 1.88018 1.86857 8.55411 3.78369 3.34751 6.04075
threshold=5.1610000000000005 141.43000000000004 2.3215000000000003 0.20061247795988868 1.8115000000000003 49.957000000000008 -0.9523687564627995 15.834000000000001 95.733500000000006 14.429500000000003 13.772000000000002 3.5710000000000002 -0.33708009192051164 -0.012886663321697788
decision_type=2 2 2 2 2 2 2 2 2 2 2 2 2 2
left_child=1 -1 3 4 -2 -4 7 8 -7 10 -8 -11 -13 -14
right_child=2 -3 5 -5 -6 6 9 -9 -10 11 -12 12 13 -15
leaf_value=0.0011221057336808754 0.00027393604226456648 -0.0013976399984429262 0.00058214750875614787 -0.0038324394283330678 -0.00039542253319513614 -0.0018136514899570579 0.00031020752651162445 0.00087405283757644662 -5.1851532780364255e-05 -0.0039635054193723294 0.019846689210819102 0.00096967764739008951 -0.0099764689811002935 6.8765114608765332e-05
leaf_weight=40 57 64 45 77 40 51 621 74 42 54 57 220 76 435
leaf_count=40 57 64 45 77 40 51 621 74 42 54 57 220 76 435
internal_value=0.000332821 -0.00576923 0.000676041 -0.0045977 0.00360825 0.00122388 0.000920245 -0.00389222 -0.0102151 0.00146958 0.00339233 -0.000191083 0.000752394 -0.00146771
internal_weight=1953 104 1849 174 97 1675 1630 167 93 1463 678 785 731 511
internal_count=1953 104 1849 174 97 1675 1630 167 93 1463 678 785 731 511
is_linear=0
shrinkage=0.05


Tree=210
num_leaves=15
num_cat=0
split_feature=2 7 3 4 8 7 1 7 4 2 0 6 5 0
split_gain=1.89806 4.25727 4.22831 3.4232 4.33679 3.33558 3.97244 3.00428 3.1432 2.77974 5.20066 4.93643 4.07094 3.22715
threshold=-0.062278703982132359 535.21850000000006 66.244500000000016 20.412500000000005 -0.14149999999999996 360.91350000000006 -0.97109105924028405 302.45000000000005 12.581000000000001 -0.34964745525122826 15.524500000000002 10.646000000000003 8.1460000000000026 15.465000000000002
decision_type=2 2 2 2 2 2 2 2 2 2 2 2 2 2
left_child=5 2 3 4 -2 7 -7 8 -1 11 -11 -8 -13 -14
right_child=1 -3 -4 -5 -6 6 9 -9 -10 10 -12 12 13 -15
leaf_value=0.015951714936341822 0.0014145599481787897 -0.00096005543799858046 -0.00021128645668237191 0.005686825529571754 -0.00040171914695869004 -0.0083903563938493488 -0.010355507221265853 0.019152399135852319 -0.0014517760748166131 0.00026833802769277436 0.010541161486973366 0.0093078939083054008 -0.0070407349211120494 7.1250475430345575e-05
leaf_weight=55 108 73 602 53 123 40 42 40 81 70 43 67 46 510
leaf_count=55 108 73 602 53 123 40 42 40 81 70 43 67 46 510
internal_value=0.000179211 -0.00140772 -0.000451467 0.00457746 0.00194805 0.00171026 0.000366748 0.00795455 0.00441176 0.00115681 0.00840708 -7.5188e-05 0.00104334 -0.000359712
internal_weight=1953 959 886 284 231 994 818 176 136 778 113 665 623 556
internal_count=1953 959 886 284 231 994 818 176 136 778 113 665 623 556
is_linear=0
shrinkage=0.05


Tree=211
num_leaves=15
num_cat=0
split_feature=2 7 7 2 7 0 7 7 8 3 8 5 0 5
split_gain=2.0268 4.00484 4.0452 3.35042 2.75344 2.44512 4.25151 5.16386 3.77872 3.10375 6.22652 3.05561 2.82645 2.50239
threshold=-0.098820138732871751 535.21850000000006 614.31000000000006 -0.18163955523420786 481.6185000000001 12.164000000000001 298.29600000000005 204.34650000000002 -0.28949999999999992 49.851000000000006 -0.32549999999999996 6.7020000000000008 11.196000000000003 6.5140000000000002
decision_type=2 2 2 2 2 2 2 2 2 2 2 2 2 2
left_child=3 4 -3 -1 5 9 7 -7 -8 10 -2 -12 13 -11
right_child=1 2 -4 -5 -6 6 8 -9 -10 12 11 -13 -14 -15
leaf_value=9.8981853430613065e-05 0.0034049588140450089 -0.0097521295738512564 -7.2939418913775536e-05 0.0061055932685595005 0.0028741792189160282 -0.00020825286299341607 -0.0010208453313021281 -0.0079051585341470953 0.00092573738603791424 -0.00046575377979513337 0.002230009608411332 -0.00053537435007637308 0.0012952309479343671 0.00090915364027423229
leaf_weight=917 46 44 43 50 44 86 59 45 58 320 75 41 64 61
leaf_count=917 46 44 43 50 44 86 59 45 58 320 75 41 64 61
internal_value=-0.000230415 -0.00182556 -0.012069 0.00139607 -0.00083426 -0.00146199 -0.00564516 -0.0118321 0.00128205 0.000247117 0.00617284 0 -0.00191011 -0.00354331
internal_weight=1953 986 87 967 899 855 248 131 117 607 162 116 445 381
internal_count=1953 986 87 967 899 855 248 131 117 607 162 116 445 381
is_linear=0
shrinkage=0.05


Tree=212
num_leaves=15
num_cat=0
split_feature=8 7 2 5 0 4 2 8 8 8 0 4 6 3
split_gain=1.67554 2.18659 5.25455 3.47899 2.81009 2.08134 4.28577 2.296 2.37915 2.26097 6.15202 5.0673 4.17069 4.8072
threshold=-2.8899999999999992 36.976000000000006 0.73832635400310653 2.0015000000000005 5.1610000000000005 24.863500000000005 0.12643880951666986 -1.8854999999999997 -1.5854999999999999 -0.80349999999999999 16.525500000000005 17.684500000000003 15.175000000000002 27.922000000000004
decision_type=2 2 2 2 2 2 2 2 2 2 2 2 2 2
left_child=-1 2 -2 -3 -5 7 -7 -6 -9 10 -10 -12 -11 -14
right_child=1 3 -4 4 5 6 -8 8 9 12 11 -13 13 -15
leaf_value=-0.00067494424618825828 0.0095713207845452408 -0.00067810471994064758 -0.0002020233718065201 -0.00099733633119708379 -0.0011340998008138314 -0.00023232090979976029 0.0039536310518699883 0.0037154976391367113 -0.0016714665861363638 0.00040076719332848013 0.0019268985455696331 -0.015136204556879236 0.0061288874521361648 -0.016003224640783836
leaf_weight=40 44 76 55 80 72 49 55 63 146 880 170 54 72 97
leaf_count=40 44 76 55 80 72 49 55 63 146 880 170 54 72 97
internal_value=0.000128008 0.00033978 0.00757576 -5.51268e-05 0.000402762 0.000844391 0.00769231 0.0003861 0.000809717 0.000387597 -0.00297297 0.00223214 0.00157293 -0.0056213
internal_weight=1953 1913 99 1814 1738 1658 104 1554 1482 1419 370 224 1049 169
internal_count=1953 1913 99 1814 1738 1658 104 1554 1482 1419 370 224 1049 169
is_linear=0
shrinkage=0.05


Tree=213
num_leaves=15
num_cat=0
split_feature=5 4 2 1 8 7 0 0 0 2 4 4 2 4
split_gain=2.55099 3.85694 3.08774 3 2.78395 3.47631 2.15749 1.80617 5.74993 4.62581 3.51753 6.74049 5.90244 3.75688
threshold=2.0015000000000005 11.331500000000002 0.99055824379501012 0.20061247795988868 -1.8854999999999997 49.957000000000008 12.209000000000001 9.2185000000000024 10.144500000000003 0.73832635400310653 13.109500000000002 16.233000000000004 0.77275363110444695 8.291500000000001
decision_type=2 2 2 2 2 2 2 2 2 2 2 2 2 2
left_child=1 -1 4 -3 6 -6 -2 10 -9 -10 13 -12 -13 -7
right_child=2 3 -4 -5 5 7 -8 8 9 -11 11 12 -14 -15
leaf_value=-0.0024633719881108187 2.9526076807550803e-05 0.00060671091528690106 -0.00028983216894569729 -0.00064419948394361384 0.0037708644171076445 -0.00055493112060571177 -0.0028320223247096546 0.005467118097994818 0.00022477422781727596 -0.0029705263069945589 -0.012612019029914321 -0.0022727475941443699 0.0051937115903085479 0.0035590991098266691
leaf_weight=47 51 54 63 54 41 61 62 58 1217 52 46 41 41 65
leaf_count=47 51 54 63 54 41 61 62 58 1217 52 46 41 41 65
internal_value=2.56016e-05 -0.00612903 0.000556174 -0.000925926 0.000951009 0.00147965 -0.00663717 0.00110689 0.00184627 0.00114263 -0.00275591 -0.00859375 0 0.0031746
internal_weight=1953 155 1798 108 1735 1622 113 1581 1327 1269 254 128 82 126
internal_count=1953 155 1798 108 1735 1622 113 1581 1327 1269 254 128 82 126
is_linear=0
shrinkage=0.05


Tree=214
num_leaves=15
num_cat=0
split_feature=6 1 0 6 8 0 3 3 0 7 5 5 5 1
split_gain=2.20105 5.95268 5.13765 5.19058 4.92174 3.2698 5.80136 3.05823 2.9944 3.59396 2.91756 7.64081 3.49399 4.00985
threshold=12.2385 0.26744970170045884 19.273500000000002 12.915500000000002 -0.77249999999999985 11.776500000000002 53.748500000000007 43.010000000000012 22.383500000000005 639.50900000000013 8.2075000000000014 7.565500000000001 7.1430000000000007 0.48941038753127741
decision_type=2 2 2 2 2 2 2 2 2 2 2 2 2 2
left_child=8 -2 3 -3 -5 -6 -7 -4 9 10 11 12 13 -1
right_child=1 2 7 4 5 6 -8 -9 -10 -11 -12 -13 -14 -15
leaf_value=6.0962994049473808e-05 -0.00020067337556529675 0.019629890413357831 0.0044082435555240357 -0.0042288159198901479 -0.0021591102144371517 -0.0053526531516871496 0.0046799815202773374 0.0029238178485951911 0.0032633534206150654 -0.018366994282037044 0.0030125815204257059 -0.0056737113446990676 0.0024485277186829775 -0.00069509395790804404
leaf_weight=604 431 40 54 75 45 43 61 40 42 72 113 46 41 246
leaf_count=604 431 40 54 75 45 43 61 40 42 72 113 46 41 246
internal_value=0.000179211 0.002218 0.00698324 0.00340909 0.000446429 0.0057047 0.0105769 0.0170213 -0.00120275 -0.0016934 -0.000952381 -0.00186766 -0.000841751 -0.00152941
internal_weight=1953 789 358 264 224 149 104 94 1164 1122 1050 937 891 850
internal_count=1953 789 358 264 224 149 104 94 1164 1122 1050 937 891 850
is_linear=0
shrinkage=0.05


Tree=215
num_leaves=15
num_cat=0
split_feature=5 5 1 2 1 4 4 8 8 2 8 3 7 1
split_gain=3.12992 5.14177 3.33943 4.59472 4.49173 7.75349 8.40875 4.4153 4.88905 3.06183 3.37381 5.05433 4.71421 4.59922
threshold=7.4095000000000004 7.8975000000000009 0.48941038753127741 0.73832635400310653 0.7228803174530144 11.635500000000002 16.720500000000005 0.94700000000000006 1.4670000000000003 0.90542393716278702 -0.17399999999999996 99.992500000000021 198.59850000000003 -0.7266007961912001
decision_type=2 2 2 2 2 2 2 2 2 2 2 2 2 2
left_child=2 -2 7 4 -4 -6 -7 9 -9 10 11 13 -12 -1
right_child=1 -3 3 -5 5 6 -8 8 -10 -11 12 -13 -14 -15
leaf_value=9.2775207608908342e-05 0.0006291654998707521 0.0002398352187377273 0.0061222782496268271 -0.0046670447314156377 -0.020988529983466189 0.0045510383550041679 -0.001677251026637472 0.0070633385895007674 0.00014630268583944311 -0.00054155847715564034 0.0034215129591387478 -0.00019558747654308887 -0.0048757242049481042 0.0098467269117604381
leaf_weight=47 72 951 44 55 41 58 89 41 70 189 48 106 97 45
leaf_count=47 72 951 44 55 41 58 89 41 70 189 48 106 97 45
internal_value=0.000486431 0.00239492 -0.0016129 -0.00609756 -0.00301724 -0.00638298 -0.00102041 0.000388802 0.00945946 -0.00150376 0.00131195 0.00555556 -0.00448276 0.0141304
internal_weight=1953 1023 930 287 232 188 147 643 111 532 343 198 145 92
internal_count=1953 1023 930 287 232 188 147 643 111 532 343 198 145 92
is_linear=0
shrinkage=0.05


Tree=216
num_leaves=15
num_cat=0
split_feature=1 0 5 1 3 2 1 0 7 2 4 3 7 4
split_gain=2.48443 6.12229 2.85536 4.29425 3.45929 7.64136 5.91607 4.98205 3.42393 5.78987 3.1018 2.9359 2.57219 2.55072
threshold=0.30041382580050413 19.713000000000005 1.8115000000000003 0.45914483320598681 99.987500000000011 -0.43939950965914171 0.76864763646026912 11.277000000000001 687.92100000000016 0.4068650353019454 13.555000000000001 76.050500000000014 760.35800000000006 16.018000000000004
decision_type=2 2 2 2 2 2 2 2 2 2 2 2 2 2
left_child=-1 2 -2 -4 6 -6 10 13 9 11 -5 -8 -10 -7
right_child=1 -3 3 4 5 7 8 -9 12 -11 -12 -13 -14 -15
leaf_value=-6.3166180233931171e-05 -0.0017098407836327323 0.0041626794281390631 0.0055111906312535104 0.00033454228759395859 0.023570589498338842 0.0036787956248732559 -0.0065135470079206231 -0.0020656481729028789 0.0070223625341744094 0.00287619005904175 -0.015014853085077891 1.5363677152463451e-05 0.0011198934695913793 -0.00019437648141071157
leaf_weight=1135 59 84 74 40 46 48 72 75 47 42 79 65 43 44
leaf_count=1135 59 84 74 40 46 48 72 75 47 42 79 65 43 44
internal_value=0.000588838 0.00268949 0.00122616 0.00214815 0.000748752 0.00586854 -0.00206186 0.000898204 0.00204461 -0.00195531 -0.0113445 -0.00693431 0.01 0.00869565
internal_weight=1953 818 734 675 601 213 388 167 269 179 119 137 90 92
internal_count=1953 818 734 675 601 213 388 167 269 179 119 137 90 92
is_linear=0
shrinkage=0.05


Tree=217
num_leaves=15
num_cat=0
split_feature=5 5 5 3 7 1 6 7 1 0 8 8 2 0
split_gain=2.5223 5.37307 11.4079 5.19432 4.27393 3.76332 3.43214 4.05 2.99718 4.30451 3.87216 5.4287 5.32368 3.3094
threshold=6.5465000000000009 5.7710000000000017 5.4450000000000012 99.620000000000019 316.28550000000007 0.047250493887438572 10.382000000000001 283.84900000000005 0.26744970170045884 19.713000000000005 -0.77249999999999985 -0.10549999999999998 -0.30081980763566774 14.205000000000002
decision_type=2 2 2 2 2 2 2 2 2 2 2 2 2 2
left_child=1 2 6 -3 5 -2 -1 -8 -6 10 12 13 -10 -12
right_child=4 3 -4 -5 8 -7 7 -9 9 -11 11 -13 -14 -15
leaf_value=-6.9049301333196096e-07 0.00011248131551134244 -0.00068506823474240037 0.014943996135927121 -0.017848602606424391 -0.00020334066785068772 0.014225139553737408 -0.016300375884747732 5.4272421204773494e-06 -0.015294577844618766 0.0039330357461330344 0.00077498698823671032 -9.0226423030430333e-05 0.00083117878263573033 0.0037545787224993023
leaf_weight=560 72 87 49 41 538 44 40 40 64 91 52 134 76 65
leaf_count=560 72 87 49 41 538 44 40 40 64 91 52 134 76 65
internal_value=0.000588838 -0.00152999 0.000217707 -0.0109375 0.00211268 0.0112069 -0.0015625 -0.01125 0.00107843 0.00394191 0.0016624 0.00537849 -0.005 0.0132479
internal_weight=1953 817 689 128 1136 116 640 80 1020 482 391 251 140 117
internal_count=1953 817 689 128 1136 116 640 80 1020 482 391 251 140 117
is_linear=0
shrinkage=0.05


Tree=218
num_leaves=15
num_cat=0
split_feature=4 3 2 3 3 8 8 2 5 1 8 0 0 1
split_gain=2.2161 4.07633 2.65981 2.65411 1.77351 2.4223 3.10708 2.92649 6.86313 2.90909 2.62179 4.87904 2.48815 2.25746
threshold=7.0475000000000012 83.208500000000001 -0.098820138732871751 13.243 0.28550000000000003 -1.7334999999999998 -1.0859999999999996 -0.48754425631212789 6.5465000000000009 -0.11988119229922732 -0.80349999999999999 16.213500000000003 12.209000000000001 -0.22132528438243276
decision_type=2 2 2 2 2 2 2 2 2 2 2 2 2 2
left_child=1 3 -3 -1 -2 12 7 9 -9 -7 11 -8 -6 -13
right_child=4 2 -4 -5 5 6 10 8 -10 -11 -12 13 -14 -15
leaf_value=-0.00024862243946134898 0.0011128356275971745 -0.00031980628240903811 -0.0088579710340158015 0.00096663648509765746 5.1135079775305181e-05 -0.0078920209554278597 -0.0075576356699983737 7.7891824326695177e-05 0.0084049627030224946 0.0012736162990438712 0.00018196804026289761 -0.0012141317669743441 -0.0028837476189611413 0.0039678159603282028
leaf_weight=63 112 42 55 40 82 44 72 68 53 44 1103 45 87 43
leaf_count=63 112 42 55 40 82 44 72 68 53 44 1103 45 87 43
internal_value=0.000486431 -0.0045 -0.0118557 0.00242718 0.00105533 0.000639854 0.00129076 0.0069378 0.0119835 0 0.000356295 -0.005625 -0.00502959 0.00227273
internal_weight=1953 200 97 103 1753 1641 1472 209 121 88 1263 160 169 88
internal_count=1953 200 97 103 1753 1641 1472 209 121 88 1263 160 169 88
is_linear=0
shrinkage=0.05


Tree=219
num_leaves=15
num_cat=0
split_feature=4 1 3 4 6 0 4 8 0 4 0 0 0 0
split_gain=1.52763 3.54381 4.69465 1.29335 1.39359 1.90593 2.55399 4.02399 3.93609 2.96943 1.92638 5.90417 5.71883 5.66541
threshold=7.0475000000000012 -0.55176847662110995 84.277500000000018 7.6865000000000014 16.504500000000004 26.601500000000005 9.8880000000000017 0.20900000000000002 12.660500000000001 10.628500000000001 16.899500000000003 18.461500000000004 16.092500000000005 15.465000000000002
decision_type=2 2 2 2 2 2 2 2 2 2 2 2 2 2
left_child=1 -1 -3 -2 5 6 7 8 -5 -8 12 -12 13 -11
right_child=3 2 -4 4 -6 -7 9 -9 -10 10 11 -13 -14 -15
leaf_value=0.00047381209716643727 0.0028529833692337416 0.0004486495106145183 -0.010986878174940885 7.6572288451448597e-05 -0.0062286826618414004 0.0035905286980161006 0.0012013416080368323 0.0027085138712998197 -0.0086648413247010347 -4.3917599661180696e-05 0.0035792446700600973 0.00018745192927899294 -0.0068081589378165171 0.011790162663216947
leaf_weight=60 40 75 65 51 45 71 47 45 73 788 115 376 58 44
leaf_count=60 40 75 65 51 45 71 47 45 73 788 115 376 58 44
internal_value=0.000640041 -0.0035 -0.00785714 0.00111238 0.000904845 0.00113909 0.000782718 -0.00502959 -0.00967742 0.00147059 0.00104996 0.00356415 -0.000337079 0.000721154
internal_weight=1953 200 140 1753 1713 1668 1597 169 124 1428 1381 491 890 832
internal_count=1953 200 140 1753 1713 1668 1597 169 124 1428 1381 491 890 832
is_linear=0
shrinkage=0.05


Tree=220
num_leaves=15
num_cat=0
split_feature=2 2 5 2 5 5 0 5 7 7 6 6 7 8
split_gain=1.75714 3.43945 6.20544 4.24313 2.51792 5.70537 2.49631 2.13322 3.20067 2.46648 1.15659 2.81761 2.28414 3.83971
threshold=0.94698775307607519 0.86993731518838324 4.4895000000000005 0.83399694777620859 3.8200000000000007 5.1285000000000007 9.4710000000000019 2.3215000000000003 36.976000000000006 101.2565 16.198500000000006 16.504500000000004 819.92250000000013 -0.41149999999999992
decision_type=2 2 2 2 2 2 2 2 2 2 2 2 2 2
left_child=1 3 -3 7 6 -6 -2 8 -1 -9 12 -12 -11 -14
right_child=4 2 -4 -5 5 -7 -8 9 -10 10 11 -13 13 -15
leaf_value=0.00022666343316826709 0.0021471949022444344 4.1054340230273212e-05 0.0069676935422078928 -0.0053110939286444064 -0.0068348833195904408 0.00034495719110189674 -0.00021763381174564334 0.010121882972137742 -0.0007992225759094751 0.00030951051797351026 0.0015674900021792728 -0.00020583020923019003 -0.0097648909440974183 0.0059365619977463499
leaf_weight=51 46 65 41 40 41 63 41 65 75 1198 42 64 68 53
leaf_count=51 46 65 41 40 41 63 41 65 75 1198 42 64 68 53
internal_value=0.00115207 0.00164586 0.0103774 0.00108696 -0.00340314 -0.00865385 0.00287356 0.00148515 -0.0047619 0.00201342 0.00157895 0.00660377 0.00117513 -0.0053719
internal_weight=1953 1762 106 1656 191 104 87 1616 126 1490 1425 106 1319 121
internal_count=1953 1762 106 1656 191 104 87 1616 126 1490 1425 106 1319 121
is_linear=0
shrinkage=0.05


Tree=221
num_leaves=15
num_cat=0
split_feature=4 0 7 1 1 5 2 3 6 4 4 7 3 7
split_gain=1.73993 3.1488 3.92727 5.25455 4.05339 3.34244 2.56691 4.18653 4.43735 2.92641 5.2064 3.7601 1.89389 1.83603
threshold=21.932500000000005 19.391500000000004 583.98850000000016 0.81078196093106825 0.33302288323572038 3.3965000000000001 0.6263638349297701 58.38150000000001 9.7005000000000017 13.555000000000001 8.7765000000000022 122.40700000000002 4.9975000000000014 45.535000000000004
decision_type=2 2 2 2 2 2 2 2 2 2 2 2 2 2
left_child=6 2 3 4 5 -2 13 12 9 10 -9 -11 -8 -1
right_child=1 -3 -4 -5 -6 -7 7 8 -10 11 -12 -13 -14 -15
leaf_value=0.0075395381709639055 -0.0022431392894279424 -0.0023836771886805858 0.0068871508449395522 -0.00089817482002564066 0.0034110917071659367 0.00032770933154679938 -0.00031680311964178698 -0.0066170933660027291 -0.0075783659050331718 -0.0081350267970001396 0.0079007093685519673 0.00080891103547193479 0.0018902615873535424 0.00020715921311259268
leaf_weight=42 43 57 44 44 50 83 58 54 45 57 56 43 93 1184
leaf_count=42 43 57 44 44 50 83 58 54 45 57 56 43 93 1184
internal_value=0.00115207 0.00451713 0.00681818 0.00409091 0.00795455 0.0031746 0.000490196 -0.00295567 -0.00686275 -0.00380952 0.00181818 -0.01 0.00364238 0.00163132
internal_weight=1953 321 264 220 176 126 1632 406 255 210 110 100 151 1226
internal_count=1953 321 264 220 176 126 1632 406 255 210 110 100 151 1226
is_linear=0
shrinkage=0.05


Tree=222
num_leaves=15
num_cat=0
split_feature=6 8 6 6 6 0 5 7 8 0 7 6 5 1
split_gain=1.52762 3.02563 2.93433 2.09241 1.7307 2.50134 2.57377 4.6358 3.9645 4.58939 3.44748 3.27801 4.67507 2.14622
threshold=5.2215000000000007 -0.71849999999999981 5.8245000000000013 6.3415000000000008 7.0840000000000005 4.0055000000000005 3.4685000000000006 273.77550000000002 -0.20549999999999996 9.9100000000000019 298.29600000000005 10.314000000000002 5.4450000000000012 0.030073020370188292
decision_type=2 2 2 2 2 2 2 2 2 2 2 2 2 2
left_child=1 -1 -2 -4 -5 -6 8 11 -7 -10 -9 13 -13 -8
right_child=2 -3 3 4 5 6 7 10 9 -11 -12 12 -14 -15
leaf_value=-0.002000715775704666 0.0023671408574484965 0.00045655164716784739 -0.008081134416987908 0.00030613047310999454 -0.0069318221859697993 0.00081505663638428705 0.00073352861847949266 -0.0061707044849124348 -0.0076517755352029683 -0.00047739405072327878 0.00022798465721047824 -0.015128816843187447 0.00048743877376009607 0.013295802521830775
leaf_weight=54 40 62 40 80 41 85 109 41 44 62 1112 40 75 68
leaf_count=54 40 62 40 80 41 85 109 41 44 62 1112 40 75 68
internal_value=0.00125448 -0.00431034 0.00160588 0.00130774 0.00156517 0.00122242 0.00152812 0.00224913 -0.0039267 -0.0103774 0.000823938 0.00787671 0.00130435 0.0121469
internal_weight=1953 116 1837 1797 1757 1677 1636 1445 191 106 1153 292 115 177
internal_count=1953 116 1837 1797 1757 1677 1636 1445 191 106 1153 292 115 177
is_linear=0
shrinkage=0.05


Tree=223
num_leaves=15
num_cat=0
split_feature=8 4 4 5 3 2 6 6 2 4 8 7 7 8
split_gain=1.2766 3.01617 4.37686 5.2576 3.16788 3.1206 3.70843 3.35082 6.33271 4.1808 2.98449 5.06288 4.99896 2.4382
threshold=-0.042499999999999989 17.951000000000004 26.497500000000006 4.6105000000000009 53.748500000000007 -0.91084115863148152 7.7110000000000012 9.4555000000000025 -0.39505838944836397 11.706500000000002 -0.26249999999999996 605.57100000000003 338.93300000000005 -0.50749999999999995
decision_type=2 2 2 2 2 2 2 2 2 2 2 2 2 2
left_child=10 5 3 -3 -5 -2 -7 -8 -9 -10 13 12 -12 -1
right_child=1 2 -4 4 -6 6 7 8 9 -11 11 -13 -14 -15
leaf_value=0.00024369395022921239 -0.013992136521173835 0.0055816950691778226 -0.0034669902487442384 -0.00016860486145634445 0.0012442192224657285 -0.0023871775282992059 0.0019612396128682874 0.001298219851413847 0.0018758767237713138 -0.0070983670749980689 0.0061561473121706806 0.0067057712619375681 -0.0040250273627933176 -0.0007383474517826769
leaf_weight=887 53 54 41 68 98 68 95 70 53 91 68 50 49 208
leaf_count=887 53 54 41 68 98 68 95 70 53 91 68 50 49 208
internal_value=0.0015105 -0.000217077 0.00402299 0.00681818 0.00240964 -0.0027907 -0.00119363 0.00113269 -0.00233645 -0.00833333 0.00245642 0.00868263 0.00299145 0.00150685
internal_weight=1953 691 261 220 166 430 377 309 214 144 1262 167 117 1095
internal_count=1953 691 261 220 166 430 377 309 214 144 1262 167 117 1095
is_linear=0
shrinkage=0.05


Tree=224
num_leaves=15
num_cat=0
split_feature=4 7 2 5 4 4 6 4 4 0 8 8 2 4
split_gain=2.0657 1.66636 4.03361 3.55908 3.55109 3.85988 2.25972 2.46235 4.62359 5.80084 5.59931 4.74587 6.60125 5.47009
threshold=30.726500000000005 36.976000000000006 0.79411473034488644 2.0015000000000005 27.075000000000006 24.863500000000005 4.7395000000000005 14.429500000000003 13.686500000000002 12.564500000000001 -0.94049999999999978 0.43650000000000005 -0.78621243120361772 9.4305000000000003
decision_type=2 2 2 2 2 2 2 2 2 2 2 2 2 2
left_child=1 2 -1 -3 5 6 -5 8 9 -8 -11 12 13 -12
right_child=-2 3 -4 4 -6 -7 7 -9 -10 10 11 -13 -14 -15
leaf_value=0.0051908876653769505 0.00032515663658861662 -0.00091154462877618414 -0.00025908464663396694 -0.00032394156354455809 -0.0048231115954741836 0.0017236199980731226 0.0021155232831204739 -9.0551539909218551e-05 0.008387498628724786 0.0014153960099311331 0.0062232970380860292 0.0005319910671342992 -0.010597285580437689 -0.0067334057204640613
leaf_weight=54 40 75 51 73 41 49 213 788 70 146 45 46 190 72
leaf_count=54 40 75 51 73 41 49 213 788 70 146 45 46 190 72
internal_value=0.00125448 0.00101934 0.00714286 0.000663717 0.00112522 0.00147754 0.00106512 0.00146497 0.00345269 0.00224719 -0.000701403 -0.00410765 -0.00635179 0.00299145
internal_weight=1953 1913 105 1808 1733 1692 1643 1570 782 712 499 353 307 117
internal_count=1953 1913 105 1808 1733 1692 1643 1570 782 712 499 353 307 117
is_linear=0
shrinkage=0.05


Tree=225
num_leaves=15
num_cat=0
split_feature=5 2 5 5 4 0 4 2 2 3 4 2 2 2
split_gain=2.58121 4.38532 6.15113 7.7407 9.32422 4.77931 4.47586 3.45297 4.00277 3.91128 3.80286 3.66841 5.87925 3.6362
threshold=8.6685000000000016 -0.64297064596386244 14.177500000000002 9.2270000000000021 21.033000000000005 20.317000000000004 16.496000000000002 -0.66248835645380588 -0.23449138957041005 92.694500000000019 15.011000000000001 -0.030120304846908235 0.15855938510313469 0.48378379397820742
decision_type=2 2 2 2 2 2 2 2 2 2 2 2 2 2
left_child=7 6 3 -3 5 -5 -2 9 10 -1 -9 -10 -13 -14
right_child=1 2 -4 4 -6 -7 -8 8 11 -11 -12 12 13 -15
leaf_value=0.014612879042271954 0.00041962783887896651 0.004782550580082973 0.0052872157182414616 -0.0019108434219404697 0.0038888802326654038 0.0038182884907473433 -0.0046837269832201911 -0.00035888595704771796 0.0052089680083362289 0.0002754852017290664 -0.01060948578475796 -0.0062087879917916058 0.00074008495137525008 -9.3878256551316322e-05
leaf_weight=40 275 46 49 220 50 70 152 44 44 112 56 57 153 585
leaf_count=40 275 46 49 220 50 70 152 44 44 112 56 57 153 585
internal_value=0.00120328 0.00324826 0.00678161 0.00466321 0.00205882 -0.00137931 -0.000351288 -0.000412466 -0.0015442 0.00657895 -0.011 -0.000417163 -0.00119497 0
internal_weight=1953 862 435 386 340 290 427 1091 939 152 100 839 795 738
internal_count=1953 862 435 386 340 290 427 1091 939 152 100 839 795 738
is_linear=0
shrinkage=0.05


Tree=226
num_leaves=15
num_cat=0
split_feature=6 5 5 7 6 5 0 6 1 4 8 8 0 0
split_gain=1.84743 3.47894 2.27164 3.58079 3.16313 5.65006 3.16868 2.15031 2.29778 1.77683 4.36446 5.19535 3.63232 4.59379
threshold=5.2215000000000007 3.5710000000000002 2.0015000000000005 54.7575 7.0375000000000005 4.2805000000000009 5.1610000000000005 8.6015000000000033 -0.7266007961912001 12.301000000000002 -0.96499999999999986 -0.79549999999999998 22.756500000000006 19.713000000000005
decision_type=2 2 2 2 2 2 2 2 2 2 2 2 2 2
left_child=1 -1 3 -2 5 -4 -6 8 -8 10 -9 -12 13 -13
right_child=2 -3 4 -5 6 -7 7 9 -10 -11 11 12 -14 -15
leaf_value=0.00090068282302608888 0.00016079271898482295 -0.0012061310342302068 0.0097563000059808815 -0.0011969754043722803 -0.0023523235515725445 2.3598954913114924e-05 0.00013152203073968916 0.0024707262801006505 -0.00098342371580323329 0.00017850270079851905 -0.025112151776339048 0.00061674922675274829 -0.0051699159119346309 0.0067058324909174353
leaf_weight=47 87 69 40 40 60 61 47 124 107 949 40 184 58 40
leaf_count=47 87 69 40 40 60 61 47 124 107 949 40 184 58 40
internal_value=0.000947261 -0.00517241 0.0013337 -0.00511811 0.00181287 0.010396 0.00127408 0.00171078 -0.0038961 0.00232975 0.00493274 0.00186335 0.00425532 0.00714286
internal_weight=1953 116 1837 127 1710 101 1609 1549 154 1395 446 322 282 224
internal_count=1953 116 1837 127 1710 101 1609 1549 154 1395 446 322 282 224
is_linear=0
shrinkage=0.05


Tree=227
num_leaves=15
num_cat=0
split_feature=8 5 2 5 3 3 2 5 5 4 1 6 2 4
split_gain=3.05584 3.18082 3.77561 2.9449 4.73023 7.03129 5.14437 4.17489 7.49684 4.11002 6.48658 3.54696 3.8475 3.78877
threshold=-1.8854999999999997 6.5140000000000002 0.79411473034488644 6.5465000000000009 92.694500000000019 98.821500000000015 0.040813519545864409 5.7710000000000017 5.4450000000000012 19.124500000000001 0.081558489694578698 9.7455000000000016 0.42110087079608943 11.673500000000002
decision_type=2 2 2 2 2 2 2 2 2 2 2 2 2 2
left_child=1 2 -1 7 11 -6 9 8 -2 10 -7 12 -5 -13
right_child=3 -3 -4 4 5 6 -8 -9 -10 -11 -12 13 -14 -15
leaf_value=0.0016147396030430916 -5.6900730533468449e-05 -0.0040316010383994157 -0.00053414316247880065 -0.0039016733508100577 0.0077718852722889753 -0.0098941011022180732 0.0009461943204712109 -0.0035919996514342024 0.015141618476573339 0.0036839720974858967 0.00076635372165231169 0.0014066017978141801 0.00062272825353770561 -0.00016352973916044998
leaf_weight=45 567 60 41 50 76 95 73 119 44 56 92 183 44 408
leaf_count=45 567 60 41 50 76 95 73 119 44 56 92 183 44 408
internal_value=0.000793651 -0.00616438 0 0.00135584 0.00301764 0.00739796 0.00411392 -0.00109589 0.000572831 0.000617284 -0.00294118 0.000510949 -0.00851064 0.00194585
internal_weight=1953 146 86 1807 1077 392 316 730 611 243 187 685 94 591
internal_count=1953 146 86 1807 1077 392 316 730 611 243 187 685 94 591
is_linear=0
shrinkage=0.05


Tree=228
num_leaves=15
num_cat=0
split_feature=5 2 5 4 7 5 3 1 6 8 8 7 7 4
split_gain=2.81026 5.28595 5.98283 6.13687 3.86205 4.6957 7.44735 3.54985 3.47029 3.66955 3.43823 4.35273 5.88449 4.23525
threshold=8.6685000000000016 -0.64297064596386244 14.177500000000002 19.161000000000005 588.33100000000013 11.073000000000002 12.224000000000002 -0.65189295912203338 13.824500000000002 0.081500000000000017 -0.88849999999999996 583.98850000000016 489.14700000000005 8.1445000000000025
decision_type=2 2 2 2 2 2 2 2 2 2 2 2 2 2
left_child=10 7 3 4 -3 -6 -7 -2 -9 -10 -1 12 13 -12
right_child=1 2 -4 -5 5 6 -8 8 9 -11 11 -13 -14 -15
leaf_value=-0.00034267404216701273 -0.022579503151456778 0.00081873520466149989 0.0050221062842474851 0.0041721759370010802 -0.019909060635825669 0.0083218190051101825 -0.01386548733910193 -0.0046753499230500067 0.0014469616861447405 -0.0032733125904696662 -0.00045073323357199132 0.011294020739983916 -0.011124547641496558 0.00029498597225985639
leaf_weight=289 40 138 49 99 51 41 57 67 260 60 126 42 41 593
leaf_count=289 40 138 49 99 51 41 57 67 260 60 126 42 41 593
internal_value=0.000998464 0.00313225 0.00701149 0.00492228 0.00121951 -0.00436242 0.00204082 -0.000819672 0.000645995 0.0028125 -0.000687443 0.000997506 0.000131579 0.0011822
internal_weight=1953 862 435 386 287 149 98 427 387 320 1091 802 760 719
internal_count=1953 862 435 386 287 149 98 427 387 320 1091 802 760 719
is_linear=0
shrinkage=0.05


Tree=229
num_leaves=15
num_cat=0
split_feature=8 6 8 7 4 4 2 1 8 8 4 6 5 1
split_gain=2.96655 2.34447 4.22098 5.89975 4.94065 8.37576 4.33695 3.9936 3.93812 5.62495 3.58436 8.11639 5.59002 3.79558
threshold=-1.8854999999999997 8.6390000000000011 0.84350000000000003 164.13850000000005 16.346500000000002 13.109500000000002 -0.04732138832243208 -0.021515898191484053 0.9295000000000001 0.47000000000000003 12.134000000000002 7.9490000000000007 2.3215000000000003 -0.57023701209772104
decision_type=2 2 2 2 2 2 2 2 2 2 2 2 2 2
left_child=-1 8 3 7 5 -4 -6 -3 9 10 13 12 -12 -2
right_child=1 2 4 -5 6 -7 -8 -9 -10 -11 11 -13 -14 -15
leaf_value=-0.00042015073388789462 -0.0032607658168910011 0.010217710207345574 0.00041631193656796461 0.0003937181883679336 -0.0015788220937125931 -0.013287068062361804 0.0018710578585806603 0.003032651319613053 0.0020328791033919491 -0.0061796605402294263 -0.00036827515295110859 -0.0050478364813181138 0.0040820651276074127 -0.00013780347182855979
leaf_weight=146 48 46 43 1066 41 51 85 42 47 44 48 50 88 108
leaf_count=146 48 46 43 1066 41 51 85 42 47 44 48 50 88 108
internal_value=0.000691244 0.00124516 0.00225619 0.0034662 -0.00409091 -0.012766 0.00238095 0.0159091 -0.00196305 -0.00362694 -0.00146199 0.00322581 0.00955882 -0.00705128
internal_weight=1953 1807 1374 1154 220 94 126 88 433 386 342 186 136 156
internal_count=1953 1807 1374 1154 220 94 126 88 433 386 342 186 136 156
is_linear=0
shrinkage=0.05


Tree=230
num_leaves=15
num_cat=0
split_feature=7 5 5 6 2 7 1 5 1 8 3 6 5 0
split_gain=2.68641 2.54312 2.7744 3.83586 3.76586 3.70748 3.62173 2.96319 3.73998 1.87042 1.93192 3.78225 5.47505 3.76561
threshold=190.62350000000001 5.8330000000000011 5.0600000000000014 7.8140000000000009 0.91609059637714607 118.72900000000001 0.42833659622166903 2.2320000000000007 0.20061247795988868 -1.8854999999999997 61.786000000000008 15.641000000000002 6.5465000000000009 12.164000000000001
decision_type=2 2 2 2 2 2 2 2 2 2 2 2 2 2
left_child=1 2 3 7 5 6 -5 8 -1 -2 -11 12 -12 -14
right_child=9 -3 -4 4 -6 -7 -8 -9 -10 10 11 -13 13 -15
leaf_value=0.00034898102591438554 -0.00017270886247208739 -0.00040212679337051224 0.0033861501268564412 -0.00032307602454541008 -0.0065469515250595415 -0.0022958460241256475 0.0047985939395920113 0.0049009991809337242 -0.0015375871712880963 2.6499319872473617e-05 -0.00022586269570262774 -0.0065714918423185392 -0.00013241077146909503 0.0018955305450694703
leaf_weight=67 79 42 41 59 57 41 41 73 51 655 205 72 90 380
leaf_count=67 79 42 41 59 57 41 41 73 51 655 205 72 90 380
internal_value=0.000742448 -0.00254237 -0.00139535 -0.00269923 -0.00757576 -0.00319149 0.002 0.00235602 -0.00254237 0.00178933 0.00221113 0.00394913 0.00511111 0.00808511
internal_weight=1953 472 430 389 198 141 100 191 118 1481 1402 747 675 470
internal_count=1953 472 430 389 198 141 100 191 118 1481 1402 747 675 470
is_linear=0
shrinkage=0.05


Tree=231
num_leaves=15
num_cat=0
split_feature=6 6 7 7 5 4 5 5 7 0 7 7 2 8
split_gain=2.38314 5.49448 3.33985 3.38892 3.17333 4.41103 3.69624 3.06729 2.85661 3.9072 3.80202 3.72922 2.5636 2.94522
threshold=9.2525000000000013 9.4555000000000025 478.32300000000004 298.29600000000005 5.2875000000000005 13.555000000000001 4.3120000000000003 5.7710000000000017 273.77550000000002 7.5390000000000006 342.00400000000008 379.54850000000005 -0.9829660752282251 -0.48549999999999993
decision_type=2 2 2 2 2 2 2 2 2 2 2 2 2 2
left_child=2 -2 3 7 5 -3 -7 -1 9 -6 -10 -12 13 -13
right_child=1 4 -4 -5 8 6 -8 -9 10 -11 11 12 -14 -15
leaf_value=-3.7275357252508634e-05 0.0054644849761110795 -0.0059264820624292435 -0.00043939088554164328 0.00058910779750253814 -0.00031219256405049629 0.0059314709243942195 -0.0035447957121821846 -0.0054680216084076194 -0.0032957678024376352 0.0024321347637921487 0.0017932513266727826 0.0009851707530589616 0.00037850356213928741 -0.019179596221215678
leaf_weight=439 48 42 50 74 42 48 62 59 63 75 52 58 795 46
leaf_count=439 48 42 50 74 42 48 62 59 63 75 52 58 795 46
internal_value=0.000947261 0.00214125 -0.00160772 -0.000524476 0.00151988 -0.00526316 0 -0.00200803 0.00243148 0.00982906 0.00157791 0.00236593 0.0016129 -0.00576923
internal_weight=1953 1331 622 572 1283 152 110 498 1131 117 1014 951 899 104
internal_count=1953 1331 622 572 1283 152 110 498 1131 117 1014 951 899 104
is_linear=0
shrinkage=0.05


Tree=232
num_leaves=15
num_cat=0
split_feature=8 5 2 2 8 5 8 3 3 8 5 1 2 7
split_gain=3.14645 2.094 3.01799 2.06311 1.69424 1.90989 3.00629 2.3311 4.34818 4.20684 3.00208 3.6164 3.03357 4.26448
threshold=-1.8854999999999997 6.5140000000000002 0.79411473034488644 0.99276848381014016 -1.5854999999999999 2.0015000000000005 -0.28949999999999992 95.089500000000015 99.131000000000014 -0.47049999999999992 4.8995000000000006 -0.25950939392209715 0.88234143329564307 262.94300000000004
decision_type=2 2 2 2 2 2 2 2 2 2 2 2 2 2
left_child=1 2 -1 4 -2 6 -6 10 9 -9 11 -7 13 -12
right_child=3 -3 -4 -5 5 7 -8 8 -10 -11 12 -13 -14 -15
leaf_value=0.0018641759485090725 0.0021226936036711276 -0.0038916512690756497 -0.00057217782001894315 -0.00062619527777514063 -0.0013721929292442204 0.0050449070671997973 3.6445739785961888e-05 0.0044486075784881118 0.00019314415611186369 0.0018324331757135937 -0.00083935095595774481 8.3290747080706784e-05 0.010024594451174002 -8.8974203517828979e-05
leaf_weight=45 78 60 41 57 50 45 65 47 549 69 40 58 49 700
leaf_count=45 78 60 41 57 50 45 65 47 549 69 40 58 49 700
internal_value=0.000896057 -0.00616438 -0.00116279 0.00146652 0.00177143 0.00143541 -0.00478261 0.00189467 0.00413534 0.012931 0.000224215 0.00825243 -0.000823828 -0.00162162
internal_weight=1953 146 86 1807 1750 1672 115 1557 665 116 892 103 789 740
internal_count=1953 146 86 1807 1750 1672 115 1557 665 116 892 103 789 740
is_linear=0
shrinkage=0.05


Tree=233
num_leaves=15
num_cat=0
split_feature=5 5 8 5 8 8 2 2 6 0 8 5 5 4
split_gain=2.73906 4.47759 3.68167 5.1835 4.54627 3.73873 3.59273 3.9046 3.5563 3.36795 3.32068 3.01122 5.07452 2.44574
threshold=8.6685000000000016 9.2270000000000021 -0.88849999999999996 4.1625000000000005 -1.4044999999999999 -0.50749999999999995 -0.70634610019963262 -0.23449138957041005 10.613500000000002 10.433000000000002 -1.3864999999999996 9.6060000000000016 9.9610000000000021 11.278500000000003
decision_type=2 2 2 2 2 2 2 2 2 2 2 2 2 2
left_child=2 -2 3 4 9 13 8 -8 -7 -1 -5 -3 -13 -4
right_child=1 11 5 10 -6 6 7 -9 -10 -11 -12 12 -14 -15
leaf_value=0.00041058130342263785 0.0025118816634418211 -0.013916184340544853 0.0012762571173326632 -0.00018880641659032305 0.0010558478212427779 -0.00016632824938888485 -0.003495549045860448 -6.3901656881965038e-05 0.016710676920425032 -0.0061891312899429902 -0.0049792328285645521 0.0057698101393265228 0.00017551847062381306 0.0005827663631143967
leaf_weight=46 64 50 49 85 45 51 66 501 47 43 70 40 708 88
leaf_count=46 64 50 49 85 45 51 66 501 47 43 70 40 708 88
internal_value=0.000793651 0.00290023 -0.000870761 -0.00570934 0.00149254 0.000872818 -0.000676692 -0.00220459 0.00816327 -0.00505618 -0.0119355 0.0018797 0.0026738 0.00839416
internal_weight=1953 862 1091 289 134 802 665 567 98 89 155 798 748 137
internal_count=1953 862 1091 289 134 802 665 567 98 89 155 798 748 137
is_linear=0
shrinkage=0.05


Tree=234
num_leaves=15
num_cat=0
split_feature=8 8 2 8 6 6 8 7 7 5 8 0 6 7
split_gain=2.02225 5.22449 3.83158 3.46098 2.89261 4.84118 5.67149 4.71551 3.86679 5.96845 3.18014 3.47589 2.75812 11.4944
threshold=0.77300000000000013 0.9295000000000001 0.89420283937402645 0.54700000000000015 12.360500000000002 14.585000000000003 -1.3194999999999999 609.67400000000009 701.47300000000007 10.744500000000002 -0.16499999999999998 16.314500000000002 11.633000000000001 209.51000000000002
decision_type=2 2 2 2 2 2 2 2 2 2 2 2 2 2
left_child=3 -2 12 4 8 10 -7 -8 9 -1 -6 -12 13 -3
right_child=1 2 -4 -5 5 6 7 -9 -10 -11 11 -13 -14 -15
leaf_value=-0.00011916869329819946 -0.0041601167158546457 -0.0054214159903157007 0.0021844153658017126 0.0031650005164162681 0.00059946204926530358 0.0043467309611268882 -0.015185719046636795 -8.8328303570583966e-05 -0.0047849047770538089 0.0076096483212762219 0.0084810046648142318 0.0016852609179975235 -0.0018240031081153793 0.0069538762958132804
leaf_weight=797 42 54 57 72 201 59 41 289 57 56 40 47 83 58
leaf_count=797 42 54 57 72 201 59 41 289 57 56 40 47 83 58
internal_value=0.00110087 -0.00272109 0 0.00177818 0.00129175 0.00376662 0.000128535 -0.00242424 -0.000549451 0.000293083 0.00868056 0.0166667 -0.00333333 0.00178571
internal_weight=1953 294 252 1659 1587 677 389 330 910 853 288 87 195 112
internal_count=1953 294 252 1659 1587 677 389 330 910 853 288 87 195 112
is_linear=0
shrinkage=0.05


Tree=235
num_leaves=15
num_cat=0
split_feature=2 8 2 0 5 3 3 7 4 5 5 4 2 7
split_gain=2.53946 2.1876 2.75803 5.72511 2.07745 4.66655 5.78283 4.83611 4.48525 3.74093 4.99906 3.9377 3.60202 3.40136
threshold=0.99276848381014016 -1.8854999999999997 0.63874942205152718 15.524500000000002 6.5140000000000002 92.694500000000019 98.685500000000005 752.92250000000001 13.852500000000001 5.8330000000000011 5.2875000000000005 25.133500000000002 -0.47495107206705001 571.88850000000014
decision_type=2 2 2 2 2 2 2 2 2 2 2 2 2 2
left_child=1 2 3 -1 9 -6 -7 8 12 10 11 -3 -8 -10
right_child=-2 4 -4 -5 5 6 7 -9 13 -11 -12 -13 -14 -15
leaf_value=0.00079923437274673356 -0.00034266115315056966 -0.00012043149018005074 -0.0049627159819183786 -0.0040160978494889919 8.3413602210408177e-05 0.0074666877051369901 -0.005881172827117526 -0.0067024499494111713 0.0014588482500016268 -0.0053593893252772643 0.0036358519483220028 0.0004111589064525079 0.00059933633072010582 0.012451777308230988
leaf_weight=44 67 453 52 40 680 69 56 41 109 102 72 49 78 41
leaf_count=44 67 453 52 40 680 69 56 41 109 102 72 49 78 41
internal_value=0.00135689 0.00169671 -0.00441176 0.00119048 0.00217143 0.00353818 0.00786802 0.00507692 0.00739437 0 0.00156794 -0.000199203 0.000746269 0.0133333
internal_weight=1953 1886 136 84 1750 1074 394 325 284 676 574 502 134 150
internal_count=1953 1886 136 84 1750 1074 394 325 284 676 574 502 134 150
is_linear=0
shrinkage=0.05


Tree=236
num_leaves=15
num_cat=0
split_feature=2 4 1 1 7 1 4 2 7 5 1 7 6 7
split_gain=2.37897 2.8 2.6566 3.55054 2.06478 4.18944 3.45033 2.76144 2.17743 5.11324 1.8 1.58408 2.57633 3.73867
threshold=0.99276848381014016 24.863500000000005 0.78297285307474518 -0.23803327706148572 173.71300000000002 0.77682398610090087 11.037500000000001 0.7617289487545823 107.54100000000001 3.0280000000000005 -0.31676515716386833 212.96600000000004 9.8165000000000013 547.97700000000009
decision_type=2 2 2 2 2 2 2 2 2 2 2 2 2 2
left_child=1 4 3 -3 5 6 7 -1 9 10 -8 -6 13 -13
right_child=-2 2 -4 -5 11 -7 8 -9 -10 -11 -12 12 -14 -15
leaf_value=0.0034072086059485571 -0.00032552809549304398 3.7300879117063704e-05 -0.00028489214376399146 0.010488629460166529 0.0013324382983326167 0.00098905798510225975 0.00094485456012763369 -0.00013174308943369461 -0.00050527921722027809 -0.012122608206949936 -0.0036337709918870201 -6.4980805468446706e-05 0.000285058479293171 -0.0036440760321752698
leaf_weight=40 67 49 42 50 95 59 40 45 55 49 40 224 1051 47
leaf_count=40 67 49 42 50 95 59 40 45 55 49 40 224 1051 47
internal_value=0.00104967 0.00137858 0.00815603 0.0126263 0.000830946 -0.0027439 -0.00539033 0.00294118 -0.00923913 -0.0127907 -0.005 0.00165843 0.00121029 -0.00313653
internal_weight=1953 1886 141 99 1745 328 269 85 184 129 80 1417 1322 271
internal_count=1953 1886 141 99 1745 328 269 85 184 129 80 1417 1322 271
is_linear=0
shrinkage=0.05


Tree=237
num_leaves=15
num_cat=0
split_feature=2 8 2 8 2 6 8 3 5 4 8 4 4 4
split_gain=2.4656 4.3879 1.64294 4.97638 4.27505 3.12109 1.9879 2.72517 4.50667 3.45395 2.31075 2.16721 2.38146 4.68809
threshold=0.96906388833713553 0.23800000000000002 0.86993731518838324 0.14300000000000002 0.83399694777620859 5.2215000000000007 0.84350000000000003 84.819500000000019 9.022000000000002 19.161000000000005 0.54700000000000015 25.668000000000003 16.496000000000002 13.686500000000002
decision_type=2 2 2 2 2 2 2 2 2 2 2 2 2 2
left_child=2 -2 4 -4 5 -1 10 8 -8 -9 11 12 13 -7
right_child=1 -3 3 -5 -6 6 7 9 -10 -11 -12 -13 -14 -15
leaf_value=-0.00027220036279377305 0.00017785603413305288 -0.00096666941618039903 -0.00015825843211767084 0.0031372195751837918 -0.0046481135202110927 0.00011313118924812516 0.0027007459467436605 -0.0053861989585788032 -0.0016918734720522137 9.2408891811374138e-05 0.0024671236124089602 0.0034838395936802715 -0.00017431322637153637 0.0029619525576578434
leaf_weight=42 96 49 88 64 40 586 60 57 40 40 70 55 455 211
leaf_count=42 96 49 88 64 40 586 60 57 40 40 70 55 455 211
internal_value=0.00110087 -0.00517241 0.00160398 0.00657895 0.00114734 0.00154703 0.00190597 -0.00279188 0.003 -0.00876289 0.00257807 0.00210406 0.00167732 0.00332497
internal_weight=1953 145 1808 152 1656 1616 1574 197 100 97 1377 1307 1252 797
internal_count=1953 145 1808 152 1656 1616 1574 197 100 97 1377 1307 1252 797
is_linear=0
shrinkage=0.05


Tree=238
num_leaves=15
num_cat=0
split_feature=2 2 2 5 6 0 8 8 5 8 2 7 2 4
split_gain=1.86558 2.62035 3.99212 3.81742 2.868 2.58285 1.93396 3.47449 2.5724 2.18938 3.79071 6.41952 2.20393 5.37095
threshold=0.95506028457921099 0.86993731518838324 0.83399694777620859 4.6475000000000009 5.2215000000000007 8.5070000000000014 0.84350000000000003 1.1935000000000002 6.9900000000000011 0.37300000000000005 0.4068650353019454 499.70100000000008 0.43028281133296192 12.419500000000001
decision_type=2 2 2 2 2 2 2 2 2 2 2 2 2 2
left_child=1 2 4 -3 -1 -2 9 -8 -9 12 11 -11 -6 -14
right_child=5 3 -4 -5 6 -7 7 8 -10 10 -12 -13 13 -15
leaf_value=-0.00025859034465408604 0.00012365182688094459 0.0001331690431476476 -0.0044157078442005372 0.010093220395816683 4.2624950336705994e-05 -0.00081400344800728057 -0.0046045780569955938 0.00054820135382289417 -0.00026330368186969455 0.011064387693337169 -0.00178446572405817 0.00013403238752877065 -0.00040111789817360026 0.0018843375224904342
leaf_weight=42 89 76 40 46 1062 86 60 77 60 47 40 51 57 120
leaf_count=42 89 76 40 46 1062 86 60 77 60 47 40 51 57 120
internal_value=0.000640041 0.00112486 0.000603865 0.00819672 0.000990099 -0.00428571 0.00133418 -0.00329949 0.00109489 0.0019971 0.00797101 0.0132653 0.00133172 0.00649718
internal_weight=1953 1778 1656 122 1616 175 1574 197 137 1377 138 98 1239 177
internal_count=1953 1778 1656 122 1616 175 1574 197 137 1377 138 98 1239 177
is_linear=0
shrinkage=0.05


Tree=239
num_leaves=15
num_cat=0
split_feature=4 0 4 2 4 6 4 0 1 1 2 3 1 7
split_gain=2.10989 3.40369 3.71014 3.01839 2.80263 1.28664 3.18121 2.81926 3.94778 3.38936 2.44689 2.68681 5.21747 2.46007
threshold=24.243500000000001 9.0325000000000006 25.668000000000003 0.48378379397820742 23.212500000000002 8.6390000000000011 9.0115000000000016 11.859000000000002 -0.42109697129093543 -0.09025077427732299 -0.97218766834954651 97.438000000000002 0.017189842955271029 836.79750000000013
decision_type=2 2 2 2 2 2 2 2 2 2 2 2 2 2
left_child=4 -2 -3 -4 5 6 -1 9 -9 -8 11 12 -7 -12
right_child=1 2 3 -5 -6 10 7 8 -10 -11 13 -13 -14 -15
leaf_value=-0.00074377764498991395 0.00027033377553056239 -0.0025591965041769174 0.00078322038693164346 -0.00033888905325708959 0.00060736549820586969 0.0049191626720833659 -0.0002778412575506262 0.00088023264534996541 -0.0088665628988323971 0.00096614462121954461 0.00027091931596103793 -0.01010401090550826 -0.0067865691152486814 0.0042569733921077107
leaf_weight=130 43 46 52 40 42 50 51 73 51 119 1087 54 42 73
leaf_count=130 43 46 52 40 42 50 51 73 51 119 1087 54 42 73
internal_value=0.000998464 -0.00414365 -0.00797101 -0.00217391 0.0015237 0.00121387 -0.00117925 0.00170068 -0.00403226 0.00588235 0.00199081 -0.00410959 0.00108696 0.00275862
internal_weight=1953 181 138 92 1772 1730 424 294 124 170 1306 146 92 1160
internal_count=1953 181 138 92 1772 1730 424 294 124 170 1306 146 92 1160
is_linear=0
shrinkage=0.05


Tree=240
num_leaves=15
num_cat=0
split_feature=2 1 8 7 5 6 4 0 2 1 3 5 1 3
split_gain=2.31064 3.51331 5.25292 2.8066 4.31132 5.23162 3.41633 3.26866 3.04621 2.82439 3.85003 9.05963 2.8548 3.49424
threshold=-0.010746888578547886 0.94917575150333644 -0.36449999999999994 535.21850000000006 7.4095000000000004 11.633000000000001 4.9495000000000013 10.433000000000002 0.19429706169951341 -0.27159603410350847 99.992500000000021 4.8995000000000006 0.030073020370188292 51.644000000000005
decision_type=2 2 2 2 2 2 2 2 2 2 2 2 2 2
left_child=1 -1 -3 4 5 6 -2 -6 -9 10 11 -8 -11 -14
right_child=3 2 -4 -5 7 -7 9 8 -10 12 -12 -13 13 -15
leaf_value=0.00019569002490196774 -0.015326633122657019 6.2882609950278001e-05 0.0008772704198645731 -0.0070466741270636931 0.0020796527378101892 -0.0040376774351221448 0.0069823913355999334 0.00083622101308247212 -0.00021363814802779178 -0.00060342995582770014 -7.6112732495155222e-05 -0.00022683945109331293 0.0065408773347967637 -0.0002653681858772211
leaf_weight=919 40 62 46 55 81 42 59 47 48 73 122 80 45 234
leaf_count=919 40 62 46 55 81 42 59 47 48 73 122 80 45 234
internal_value=0.000947261 0.00258033 0.0111111 -0.000863931 -0.000172216 -0.00194245 -0.000842266 0.00681818 0.000526316 8.15661e-05 0.00402299 0.00971223 -0.00284091 -0.000537634
internal_weight=1953 1027 108 926 871 695 653 176 95 613 261 139 352 279
internal_count=1953 1027 108 926 871 695 653 176 95 613 261 139 352 279
is_linear=0
shrinkage=0.05


Tree=241
num_leaves=15
num_cat=0
split_feature=2 5 0 2 7 2 6 8 7 6 6 2 8 5
split_gain=2.18877 2.34446 2.02513 1.76394 5.39982 4.27505 2.91988 1.68352 3.01565 2.21796 2.13425 2.11608 3.14118 3.1095
threshold=0.95506028457921099 3.8200000000000007 9.3580000000000023 0.86993731518838324 173.71300000000002 0.83399694777620859 5.3600000000000003 1.3105000000000002 238.04600000000002 7.3930000000000016 7.9815000000000014 -0.99665976668634515 0.17250000000000001 9.6710000000000012
decision_type=2 2 2 2 2 2 2 2 2 2 2 2 2 2
left_child=3 2 -2 5 -5 6 -1 9 -9 -8 -11 -12 -13 -14
right_child=1 -3 -4 4 -6 -7 7 8 -10 10 11 12 13 -15
leaf_value=-0.00028069964918848723 0.0015227997588660724 -0.00065131351713116974 -0.00011582114627580187 -4.2890121257997686e-05 0.0080451352355276531 -0.0038265590601198442 0.00072057525155321412 -0.0055596479100586283 0.00043776674579193989 -0.00068868428789531366 -0.0096085948614779426 0.00017062528769430375 0.00020696989441617298 0.0019672991822316413
leaf_weight=46 42 92 41 72 50 40 99 40 75 63 54 973 182 84
leaf_count=46 42 92 41 72 50 40 99 40 75 63 54 973 182 84
internal_value=0.00104967 -0.00428571 0.00180723 0.0015748 0.00737705 0.00114734 0.00154703 0.00191083 -0.00391304 0.00237113 0.00184366 0.00228152 0.00270379 0.0075188
internal_weight=1953 175 83 1778 122 1656 1616 1570 115 1455 1356 1293 1239 266
internal_count=1953 175 83 1778 122 1656 1616 1570 115 1455 1356 1293 1239 266
is_linear=0
shrinkage=0.05


Tree=242
num_leaves=15
num_cat=0
split_feature=8 7 7 2 4 5 4 6 7 0 2 6 6 6
split_gain=1.99437 1.61574 3.04442 2.56209 2.24236 2.20516 2.48316 2.24362 2.29644 3.47455 3.24378 2.48074 2.58147 4.18755
threshold=-2.8899999999999992 54.7575 76.167000000000016 0.91609059637714607 14.952000000000002 2.7775000000000003 3.8495000000000004 4.7395000000000005 144.23500000000004 5.1610000000000005 0.74475763103476778 6.9800000000000013 11.062000000000001 11.392000000000001
decision_type=2 2 2 2 2 2 2 2 2 2 2 2 2 2
left_child=-1 3 -3 4 -2 -4 -7 -8 10 -10 -9 -11 -13 -14
right_child=1 2 5 -5 -6 6 7 8 9 11 -12 12 13 -15
leaf_value=-0.00056692221706481087 8.0503599208715806e-05 -0.0012581690357309717 -0.000878689568655422 -0.00015743950969572263 0.0028695034567004203 0.00077573904229091828 -0.00056299708379425265 0.010549800512797115 -0.0021099943365793976 0.001719807743709053 1.3732326230081472e-05 -0.00016650096432919149 0.0033843112227705599 0.00018854460483266612
leaf_weight=40 44 47 79 51 58 46 62 40 52 46 51 405 46 886
leaf_count=40 44 47 79 51 58 46 62 40 52 46 51 405 46 886
internal_value=0.00104967 0.00128071 0.000852273 0.00620915 0.0107843 0.00119673 0.00159119 0.00125945 0.00163827 0.00114983 0.00934066 0.0016269 0.00123411 0.0026824
internal_weight=1953 1913 1760 153 102 1713 1634 1588 1526 1435 91 1383 1337 932
internal_count=1953 1913 1760 153 102 1713 1634 1588 1526 1435 91 1383 1337 932
is_linear=0
shrinkage=0.05


Tree=243
num_leaves=15
num_cat=0
split_feature=8 2 1 1 4 0 1 0 4 4 5 8 1 2
split_gain=1.90302 1.15693 4.22725 3.33473 2.16991 5.57065 7.7299 4.61468 7.4069 4.89048 4.20648 3.95161 3.61296 5.03875
threshold=-2.8899999999999992 -0.030120304846908235 0.98336225177674941 0.9914183690647782 16.286000000000005 15.929000000000002 -0.86958133671945925 12.716500000000002 13.609500000000002 12.134000000000002 8.2075000000000014 -0.86149999999999982 -0.40097094742861966 0.71541278717867718
decision_type=2 2 2 2 2 2 2 2 2 2 2 2 2 2
left_child=-1 2 -2 4 5 6 -3 8 9 11 12 -8 13 -6
right_child=1 3 -4 -5 10 -7 7 -9 -10 -11 -12 -13 -14 -15
leaf_value=-0.00053857610621157049 0.00014553462104687168 0.0016982916074929745 0.0046462472915402677 -0.0038567590888585815 -2.6353960088630962e-05 -0.011428019612385269 -0.016972776786441896 -0.018212980565627913 -0.0036934554340141341 0.0075032906592296779 0.0075691718167742172 0.00092854722458544654 -0.00013746359381954128 0.002162700652180416
leaf_weight=40 958 53 48 60 76 42 43 41 98 45 56 166 182 45
leaf_count=40 958 53 48 60 76 42 43 41 98 45 56 166 182 45
internal_value=0.000793651 0.00101934 0.00218688 -0.000275634 0.000531287 -0.00163934 0 -0.0024173 -0.000568182 0.00393701 0.00348189 0.000717703 0.00115512 0.00785124
internal_weight=1953 1913 1006 907 847 488 446 393 352 254 359 209 303 121
internal_count=1953 1913 1006 907 847 488 446 393 352 254 359 209 303 121
is_linear=0
shrinkage=0.05


Tree=244
num_leaves=15
num_cat=0
split_feature=8 0 1 0 3 2 4 4 6 0 8 7 3 5
split_gain=2.4034 2.42016 2.02863 1.86445 4.14422 1.66882 2.11381 3.83585 2.94959 6.68255 2.78596 4.0452 2.41239 5.63258
threshold=-1.8854999999999997 9.2935000000000016 -0.9946616089973247 26.601500000000005 43.010000000000012 0.99276848381014016 6.1160000000000005 7.0475000000000012 6.3415000000000008 11.456000000000001 -0.088999999999999982 481.6185000000001 75.664500000000018 13.901500000000002
decision_type=2 2 2 2 2 2 2 2 2 2 2 2 2 2
left_child=1 -1 -2 5 -5 6 10 -8 9 -9 11 -4 -10 -14
right_child=2 -3 3 4 -6 -7 7 8 12 -11 -12 -13 13 -15
leaf_value=0.00015045164091892008 0.00054728501167348174 -0.001127935152512749 0.0067445644617487761 -0.00048887081297921409 0.011116908802241303 -0.00024045256530484671 -0.0056650757368712267 0.00029999713561911228 -0.00011930908163836629 -0.0092913375130729281 -0.00039287263728706172 0.00032584521295458139 0.0007005133221012331 -0.0050963391141921948
leaf_weight=40 49 106 44 59 40 57 40 73 539 41 43 43 730 49
leaf_count=40 49 106 44 59 40 57 40 73 539 41 43 43 730 49
internal_value=0.000691244 -0.00547945 0.00118982 0.000910125 0.00757576 0.000512357 0.000811486 0.000271739 0.000698324 -0.00701754 0.00692308 0.012069 0.00136571 0.00314506
internal_weight=1953 146 1807 1758 99 1659 1602 1472 1432 114 130 87 1318 779
internal_count=1953 146 1807 1758 99 1659 1602 1472 1432 114 130 87 1318 779
is_linear=0
shrinkage=0.05


Tree=245
num_leaves=15
num_cat=0
split_feature=3 8 0 3 2 5 5 5 5 2 8 6 2 6
split_gain=2.19646 2.6445 2.93946 2.88539 2.77268 2.49106 5.35871 6.30202 5.16335 4.41818 4.2421 3.96785 3.81865 9.57347
threshold=0.28550000000000003 -1.8854999999999997 15.410500000000001 4.5790000000000015 0.63874942205152718 6.5140000000000002 5.8330000000000011 5.4450000000000012 7.1995000000000013 0.34313907657789455 1.0890000000000002 8.2940000000000023 -0.3390880814530603 13.273000000000001
decision_type=2 2 2 2 2 2 2 2 2 2 2 2 2 2
left_child=-1 2 4 -3 -2 6 7 -5 9 -7 11 -10 -13 -14
right_child=1 3 -4 5 -6 8 -8 -9 10 -11 -12 12 13 -15
leaf_value=0.0004096056016906803 0.00074675189524266725 -0.0058087805061027625 -0.0037223981210388946 -6.903555742876766e-05 -0.0024113810457636609 0.011861175638710683 -0.0068935575738823477 0.0053626535766853863 -0.0024340154571709429 0.00032206737000730208 -0.0011956087955152296 0.00024353406285763934 0.0053047652304575197 -0.00068977475691867724
leaf_weight=131 41 79 40 538 60 48 92 50 42 40 61 496 134 101
leaf_count=131 41 79 40 538 60 48 92 50 42 40 61 496 134 101
internal_value=0.000998464 0.000548847 -0.00602837 0.00110054 -0.00148515 0.00156055 -0.000735294 0.00102041 0.0032538 0.0147727 0.00203837 0.0030401 0.00389877 0.00914894
internal_weight=1953 1822 141 1681 101 1602 680 588 922 88 834 773 731 235
internal_count=1953 1822 141 1681 101 1602 680 588 922 88 834 773 731 235
is_linear=0
shrinkage=0.05


Tree=246
num_leaves=15
num_cat=0
split_feature=1 3 4 5 1 2 4 0 6 4 6 4 2 3
split_gain=2.18936 4.50573 2.13664 2.97064 2.90404 9.85622 4.03463 4.34243 4.28067 3.48492 3.34255 3.24276 2.56158 2.39862
threshold=-0.9852109833579612 77.509500000000017 13.380500000000001 1.7015000000000002 0.23416947364604893 -0.78621243120361772 11.673500000000002 12.564500000000001 9.1565000000000012 9.4305000000000003 13.848500000000003 5.9620000000000006 -0.78621243120361772 77.509500000000017
decision_type=2 2 2 2 2 2 2 2 2 2 2 2 2 2
left_child=1 -1 3 -2 9 -6 7 8 -7 11 -9 -5 -13 -14
right_child=2 -3 -4 4 5 6 -8 10 -10 -11 -12 12 13 -15
leaf_value=0.0017496077197803328 -0.0009230694170091259 -0.00045352323868723681 -0.00010000784197117534 -0.00018715795595893871 0.0082032601854248651 -0.00038406026307136187 0.0037602936005049423 -0.030930418368003289 0.0026331561876958703 -0.002943896814416265 0.00012274972801130934 0.0060481255141153437 -0.00050245097180801892 0.0029359244034940059
leaf_weight=41 45 59 1100 69 43 56 62 51 61 197 42 43 43 41
leaf_count=41 45 59 1100 69 43 56 62 51 61 197 42 43 43 41
internal_value=0.000793651 0.008 0.000404749 0.00245684 0.00324859 0.0068254 0.00330882 0 0.00641026 0.000381679 -0.00806452 0.00510204 0.00984252 0.0047619
internal_weight=1953 100 1853 753 708 315 272 210 117 393 93 196 127 84
internal_count=1953 100 1853 753 708 315 272 210 117 393 93 196 127 84
is_linear=0
shrinkage=0.05


Tree=247
num_leaves=15
num_cat=0
split_feature=4 4 4 0 7 6 8 8 4 4 8 4 0 2
split_gain=1.71062 3.43077 2.32487 4.89796 4.33146 2.21625 1.86867 4.51614 4.97458 8.61855 3.67737 3.255 6.11095 5.27152
threshold=24.243500000000001 25.382500000000004 21.932500000000005 11.944000000000001 597.06750000000011 8.2940000000000023 0.77300000000000013 0.94700000000000006 13.109500000000002 16.134500000000003 0.61350000000000005 16.496000000000002 12.059000000000001 -0.64297064596386244
decision_type=2 2 2 2 2 2 2 2 2 2 2 2 2 2
left_child=2 -2 6 -4 -5 -3 10 -8 -9 -10 11 -1 -13 -14
right_child=1 5 3 4 -6 -7 7 8 9 -11 -12 12 13 -15
leaf_value=0.00025157863225457321 -0.00088866675573011302 0.0003125640283463932 0.0014013986852537809 -0.00045341796950319969 0.0014176332083027821 -0.00033990003229039667 -0.0037635159349246258 0.0017289979796055177 -0.010480947484293943 0.00074811115198620832 0.0093864869381562466 -0.0026779543773753026 -0.0033747680074014937 0.00113707797065455
leaf_weight=981 42 48 42 57 41 91 44 49 52 76 41 102 136 151
leaf_count=981 42 48 42 57 41 91 44 49 52 76 41 102 136 151
internal_value=0.000486431 -0.00414365 0.000959368 0.00714286 0.00102041 -0.000359712 0.000428922 -0.00384615 -0.000282486 -0.00546875 0.00109851 0.000656934 -0.00321337 0.000522648
internal_weight=1953 181 1772 140 98 139 1632 221 177 128 1411 1370 389 287
internal_count=1953 181 1772 140 98 139 1632 221 177 128 1411 1370 389 287
is_linear=0
shrinkage=0.05


Tree=248
num_leaves=15
num_cat=0
split_feature=3 5 1 1 1 8 7 7 8 5 2 7 0 4
split_gain=1.85452 2.09362 1.77869 2.64309 2.92838 1.89386 5.23656 6.61538 3.23261 5.72274 4.85982 2.97676 3.6871 4.38929
threshold=0.28550000000000003 13.629500000000002 -0.9852109833579612 -0.96230016621822467 -0.93535928755917819 0.47000000000000003 68.726000000000013 155.87400000000005 1.1935000000000002 6.9900000000000011 0.0064435096891653281 19.694500000000001 5.8775000000000004 20.458000000000002
decision_type=2 2 2 2 2 2 2 2 2 2 2 2 2 2
left_child=1 -1 -2 -4 -5 11 -7 -8 10 -10 -9 -6 -13 -14
right_child=2 -3 3 4 5 6 7 8 9 -11 -12 12 13 -15
leaf_value=0.00019384908041067823 0.00034896323223500004 0.0067610037381428678 -0.0019423745983596363 0.0056830164018670326 -0.0040010582449597097 0.0022249954713263321 -0.0062429728694895804 5.9453520689256578e-05 0.010026251618425767 -0.00082246369831175115 -0.0050701716131415281 0.0018432942759360168 -9.1565141548655143e-05 0.0005828154241758033
leaf_weight=90 91 41 56 48 49 56 56 67 57 44 69 74 932 223
leaf_count=90 91 41 56 48 49 56 56 67 57 44 69 74 932 223
internal_value=0.000742448 0.00648855 0.000329308 -2.8885e-05 0.000328358 -3.07314e-05 -0.00329513 -0.0059727 -0.00232068 0.00445545 -0.00735294 0.00086072 0.00134255 0.000649351
internal_weight=1953 131 1822 1731 1675 1627 349 293 237 101 136 1278 1229 1155
internal_count=1953 131 1822 1731 1675 1627 349 293 237 101 136 1278 1229 1155
is_linear=0
shrinkage=0.05


Tree=249
num_leaves=15
num_cat=0
split_feature=5 2 6 1 7 5 6 6 6 6 2 0 0 5
split_gain=1.63583 7.72958 4.03812 5.46088 3.15331 2.64557 2.07826 4.62857 4.04816 2.9018 5.64263 2.56647 5.03027 2.84444
threshold=14.267500000000002 -0.64297064596386244 16.198500000000006 -0.17082974322534453 848.41500000000008 13.629500000000002 15.030000000000003 15.400500000000001 14.585000000000003 13.783000000000003 -0.66248835645380588 21.148000000000003 19.713000000000005 9.8745000000000029
decision_type=2 2 2 2 2 2 2 2 2 2 2 2 2 2
left_child=4 2 -2 -4 5 6 8 -8 9 11 -11 12 -1 -13
right_child=1 -3 3 -5 -6 -7 7 -9 -10 10 -12 13 -14 -15
leaf_value=2.5830068233284598e-05 -0.012082781179001157 0.0064229535512357249 -0.0036102362265886035 0.0037083367105830156 -0.0056723246059192326 -0.0012536576459502126 0.0053151839123720991 -0.00019429468358981851 -0.0074657962934310462 0.0077454994482270114 4.1300910485539415e-05 -0.010309575971446584 0.006915493755593677 5.6480844654793755e-05
leaf_weight=1189 79 45 41 48 41 53 56 70 72 44 72 45 53 45
leaf_count=1189 79 45 41 48 41 53 56 70 72 44 72 45 53 45
internal_value=0.000793651 0.00492958 0 0.00730337 0.000287356 0.000618011 0.000972053 0.00714286 0.000460526 0.00103591 0.00862069 0.000375375 0.000966184 -0.00777778
internal_weight=1953 213 168 89 1740 1699 1646 126 1520 1448 116 1332 1242 90
internal_count=1953 213 168 89 1740 1699 1646 126 1520 1448 116 1332 1242 90
is_linear=0
shrinkage=0.05


Tree=250
num_leaves=15
num_cat=0
split_feature=8 0 2 7 4 5 1 1 8 7 7 2 4 4
split_gain=1.93509 3.55753 2.4868 2.01878 3.66273 2.32688 4.84202 4.87988 4.48747 3.54694 6.25199 4.25108 4.57173 3.60694
threshold=-1.8854999999999997 15.524500000000002 0.63874942205152718 36.976000000000006 15.719000000000003 8.6685000000000016 0.48941038753127741 0.30041382580050413 -1.4914999999999998 399.24500000000006 471.62450000000007 -0.34964745525122826 19.161000000000005 6.6860000000000008
decision_type=2 2 2 2 2 2 2 2 2 2 2 2 2 2
left_child=1 2 -1 4 -2 6 7 -5 -7 -10 -11 13 -13 -12
right_child=3 -3 -4 5 -6 8 -8 -9 9 10 11 12 -14 -15
leaf_value=0.00080283010637561831 -0.00044215822000383547 -0.0032496983827788764 -0.002184652032654466 3.8554427702064409e-06 0.0081142046877207951 0.0048140843978733113 -0.0005379517844295356 0.0030121482473870788 0.0015909452176972039 -0.0035276048962031739 -0.010303445092623029 0.00013588351694177048 0.0096635367901813096 4.9711410937708367e-05
leaf_weight=44 40 40 62 520 47 54 305 72 74 41 40 129 49 436
leaf_count=44 40 40 62 520 47 54 305 72 74 41 40 129 49 436
internal_value=0.000742448 -0.00479452 0 0.00118982 0.00862069 0.000813953 -0.000947603 0.00168919 0.0027339 0.00175553 0.000647482 0.00183486 0.00842697 -0.000630252
internal_weight=1953 146 106 1807 87 1720 897 592 823 769 695 654 178 476
internal_count=1953 146 106 1807 87 1720 897 592 823 769 695 654 178 476
is_linear=0
shrinkage=0.05


Tree=251
num_leaves=15
num_cat=0
split_feature=4 7 5 4 7 4 4 1 8 8 1 0 0 3
split_gain=2.18578 3.13473 3.1157 3.00442 1.31679 1.77068 4.25853 3.86072 5.26022 4.10508 3.69893 3.7172 3.36047 4.47836
threshold=24.243500000000001 542.98650000000009 4.5365000000000011 23.212500000000002 36.976000000000006 14.429500000000003 13.935000000000002 -0.38962684145003712 0.83200000000000007 -1.0159999999999998 -0.17082974322534453 21.831500000000002 19.563000000000006 10.397000000000002
decision_type=2 2 2 2 2 2 2 2 2 2 2 2 2 2
left_child=3 2 -2 4 -1 6 -6 8 9 -7 -9 12 13 -12
right_child=1 -3 -4 -5 5 7 -8 10 -10 -11 11 -13 -14 -15
leaf_value=0.0012563356810159744 -0.00025206497405647901 -0.0018531426542724621 0.0010139283955563183 0.00061428166599775895 9.9762198580176376e-05 -0.00031268798399264054 0.015589487847198717 -0.017541724464836126 -0.0036599423706717761 0.0035661827125408 -0.0045761244999692439 0.0049419409111280399 -0.0054009508643093956 1.2100207099136757e-05
leaf_weight=77 76 42 63 42 828 78 55 51 47 146 74 61 43 270
leaf_count=77 76 42 63 42 828 78 55 51 47 146 74 61 43 270
internal_value=0.000537634 -0.00469613 -0.00107914 0.00107223 0.000751445 0.000453721 0.00198188 -0.0012987 0.00350554 0.00669643 -0.00390782 -0.00245536 -0.00426357 -0.00261628
internal_weight=1953 181 139 1772 1730 1653 883 770 271 224 499 448 387 344
internal_count=1953 181 139 1772 1730 1653 883 770 271 224 499 448 387 344
is_linear=0
shrinkage=0.05


Tree=252
num_leaves=15
num_cat=0
split_feature=4 4 7 7 2 2 1 7 5 0 4 2 0 2
split_gain=2.14322 3.03014 2.01174 2.57267 1.53085 2.45788 1.42918 1.35108 2.81958 2.23845 1.77272 3.22342 2.27997 2.60028
threshold=24.243500000000001 23.212500000000002 542.98650000000009 41.470500000000008 -0.9951106240145321 -0.98597924778888291 -0.021515898191484053 36.976000000000006 1.8115000000000003 4.4200000000000008 6.1160000000000005 -0.44437817810461328 25.797500000000003 -0.96356381914947564
decision_type=2 2 2 2 2 2 2 2 2 2 2 2 2 2
left_child=1 4 3 -2 -1 -6 -5 -7 -9 -10 11 -11 13 -12
right_child=2 -3 -4 6 5 7 -8 8 9 10 12 -13 -14 -15
leaf_value=-0.003884146226921654 -0.0020015366130786169 0.0005835675826978713 -0.0017604855215588391 0.0020161663046648821 0.012816549218577175 0.0011935188969651755 -7.2496300762803231e-05 -0.00063782312762696849 -0.0042842859639103314 0.00098161193566972406 -0.0046887499489668034 6.818422505371069e-05 0.0033321480072187014 3.6439322419745682e-05
leaf_weight=67 40 42 42 42 43 77 57 47 54 41 40 84 80 1197
leaf_count=67 40 42 42 42 43 77 57 47 54 41 40 84 80 1197
internal_value=0.000486431 0.0010158 -0.00469613 -0.00179856 0.000693642 0.000992183 0.00252525 0.000679012 0.000356448 0.000735294 0.00110957 0.0068 0.000569476 4.04204e-05
internal_weight=1953 1772 181 139 1730 1663 99 1620 1543 1496 1442 125 1317 1237
internal_count=1953 1772 181 139 1730 1663 99 1620 1543 1496 1442 125 1317 1237
is_linear=0
shrinkage=0.05


Tree=253
num_leaves=15
num_cat=0
split_feature=1 3 1 1 6 5 7 1 8 4 3 1 6 1
split_gain=1.70528 3.54475 1.84732 1.82346 1.88818 2.51518 5.53399 4.57251 5.21781 3.90097 5.29282 3.97532 7.68208 3.89776
threshold=-0.9852109833579612 77.509500000000017 -0.96230016621822467 -0.93535928755917819 6.6680000000000001 5.1660000000000013 273.77550000000002 0.30041382580050413 -0.13199999999999998 8.7765000000000022 94.369000000000014 0.60434081882701174 8.2940000000000023 -0.05591647229452347
decision_type=2 2 2 2 2 2 2 2 2 2 2 2 2 2
left_child=1 -1 -2 -4 -5 9 7 8 -7 -6 13 12 -12 -11
right_child=2 -3 3 4 5 6 -8 -9 -10 10 11 -13 -14 -15
leaf_value=0.0015304381552871838 -0.0010323271768603412 -0.00022862111891966964 0.0053436814284377352 0.0001506977931602909 -0.0064628271090066448 0.0014277029883453891 -3.4015912361207158e-05 0.0180454231579536 -0.00025419381526258086 0.0055989404383255175 0.00017678907612334038 0.0010517917852596315 -0.011009384864133177 -2.1310644420453192e-05
leaf_weight=41 60 59 50 210 63 46 965 42 66 43 72 90 99 47
leaf_count=41 60 59 50 210 63 46 965 42 66 43 72 90 99 47
internal_value=0.000640041 0.007 0.000296816 0.000585611 0.000315548 -0.000293542 0.000938338 0.00974026 0.00446429 -0.00362319 -0.00156695 -0.00517241 -0.00964912 0.00888889
internal_weight=1953 100 1853 1793 1743 1533 1119 154 112 414 351 261 171 90
internal_count=1953 100 1853 1793 1743 1533 1119 154 112 414 351 261 171 90
is_linear=0
shrinkage=0.05


Tree=254
num_leaves=15
num_cat=0
split_feature=1 5 5 7 1 0 1 5 0 5 1 6 7 6
split_gain=1.87741 5.23228 7.67554 6.21728 5.03632 5.5469 3.8721 3.38258 5.7685 3.14402 5.10279 3.95054 6.67836 4.69116
threshold=0.5043284533698108 7.4095000000000004 5.6645000000000012 461.92900000000003 0.64460769028158504 19.085000000000004 0.30041382580050413 4.7005000000000008 11.196000000000003 4.6105000000000009 -0.021515898191484053 8.5610000000000017 122.40700000000002 7.0840000000000005
decision_type=2 2 2 2 2 2 2 2 2 2 2 2 2 2
left_child=6 2 7 -3 -5 -6 9 8 -2 10 11 13 -13 -1
right_child=1 3 -4 4 5 -7 -8 -9 -10 -11 -12 12 -14 -15
leaf_value=0.00080075472313789514 0.00079184577497063433 0.0024075496590473203 -0.0032619860533790804 -0.00097224963772745148 -5.2549608238691707e-05 0.0034830414397815758 0.001458479859951195 0.0031759789628136395 -0.0026835945009601016 -3.5668460138474359e-05 -0.0030299149119272506 3.9783840830781569e-05 0.016519565844787344 -0.00026530981750214625
leaf_weight=86 92 61 84 44 247 42 142 46 60 834 65 40 46 64
leaf_count=86 92 61 84 44 247 42 142 46 60 834 65 40 46 64
internal_value=0.000947261 -0.00118343 -0.00638298 0.00253807 -0.00015015 0.00224913 0.00207518 -0.0010101 -0.00460526 0.00110132 0.00548173 0.00889831 0.0174419 0.004
internal_weight=1953 676 282 394 333 289 1277 198 152 1135 301 236 86 150
internal_count=1953 676 282 394 333 289 1277 198 152 1135 301 236 86 150
is_linear=0
shrinkage=0.05


Tree=255
num_leaves=15
num_cat=0
split_feature=8 5 7 8 4 8 4 8 3 4 4 8 8 6
split_gain=2.32429 3.69309 2.26518 1.92484 4.76113 6.84211 4.94335 4.4578 4.31158 3.736 3.02421 4.27503 3.29345 3.35912
threshold=-1.8854999999999997 6.5140000000000002 72.970500000000015 -0.50749999999999995 16.720500000000005 -0.87199999999999989 19.441000000000003 -0.44749999999999995 95.520500000000013 26.497500000000006 18.667000000000005 1.5120000000000002 -0.36449999999999994 15.145500000000002
decision_type=2 2 2 2 2 2 2 2 2 2 2 2 2 2
left_child=1 2 -1 4 -2 6 -6 -5 -7 10 12 -12 -9 -14
right_child=3 -3 -4 7 5 8 -8 9 -10 -11 11 -13 13 -15
leaf_value=-0.0016579318550133172 0.000812843189469318 -0.002727832923119386 0.00098332159729699062 -0.015319376098383731 -0.0099359218838455943 -0.001449152312356028 -8.5404755252752046e-05 0.00094772629268304184 0.011804498523613533 -0.00082775365272998451 0.00028456581301380203 0.015260054038176877 -2.8400209457779547e-05 -0.0076031694724172372
leaf_weight=42 494 60 44 51 58 45 94 52 50 51 216 46 577 73
leaf_count=42 494 60 44 51 58 45 94 52 50 51 216 46 577 73
internal_value=0.000588838 -0.00547945 0.00116279 0.00107914 0.00303644 -0.00263158 -0.00921053 -0.000281426 0.00789474 0.00044335 0.00114108 0.00572519 -0.000569801 -0.00153846
internal_weight=1953 146 86 1807 741 247 152 1066 95 1015 964 262 702 650
internal_count=1953 146 86 1807 741 247 152 1066 95 1015 964 262 702 650
is_linear=0
shrinkage=0.05


Tree=256
num_leaves=15
num_cat=0
split_feature=0 3 4 6 8 4 6 6 4 1 2 7 3 3
split_gain=1.62205 6.11523 1.75615 1.33508 3.07927 2.17678 1.99284 2.60956 1.75664 2.14906 4.88095 1.69745 1.42534 8.06828
threshold=26.601500000000005 43.010000000000012 3.5170000000000008 5.6955000000000009 -0.71849999999999981 4.9495000000000013 6.3415000000000008 7.0375000000000005 24.243500000000001 0.11577009971046097 0.12643880951666986 54.7575 34.914500000000011 20.073000000000004
decision_type=2 2 2 2 2 2 2 2 2 2 2 2 2 2
left_child=2 -2 -1 4 -4 -5 -7 -8 11 -10 -11 -9 13 -13
right_child=1 -3 3 5 -6 6 7 8 9 10 -12 12 -14 -15
leaf_value=0.00095736729878481144 -0.0019433045716124476 0.010105183002026378 -0.00026977548677872278 -0.0075110407821990278 0.0014150575110562836 -0.0034240622061599366 0.00046682619323463185 0.00092632232442204645 -0.00077210662556017196 -0.0017076097715487939 0.0057081317530630234 -5.3809012465114159e-05 -5.2788759591054779e-05 0.015733031636929923
leaf_weight=45 64 42 66 44 71 41 65 69 66 42 40 322 917 59
leaf_count=45 64 42 66 44 71 41 65 69 66 42 40 322 917 59
internal_value=0.000588838 0.00660377 0.000243638 0 0.00474453 -0.00039039 -9.25355e-05 0.000189873 -0.000231023 -0.00540541 0 0.000329188 -7.70416e-05 0.00249344
internal_weight=1953 106 1847 1802 137 1665 1621 1580 1515 148 82 1367 1298 381
internal_count=1953 106 1847 1802 137 1665 1621 1580 1515 148 82 1367 1298 381
is_linear=0
shrinkage=0.05


Tree=257
num_leaves=15
num_cat=0
split_feature=8 2 4 4 2 8 2 4 5 7 8 4 4 2
split_gain=1.20431 3.75081 4.29548 5.77113 2.54754 2.05918 3.34255 2.39933 2.83903 4.26465 2.38845 2.83172 2.79138 2.21886
threshold=0.84350000000000003 0.89420283937402645 13.109500000000002 18.667000000000005 0.32694223331140743 0.54700000000000015 0.43802537080760273 29.765500000000003 1.5390000000000001 48.278000000000006 -2.2549999999999994 24.243500000000001 22.889500000000002 -0.97218766834954651
decision_type=2 2 2 2 2 2 2 2 2 2 2 2 2 2
left_child=5 2 -2 -4 -5 7 -7 8 -1 -10 -11 12 13 -12
right_child=1 -3 3 4 -6 6 -8 -9 9 10 11 -13 -14 -15
leaf_value=-0.00080224336643588414 8.128466102471644e-05 0.00050725509777487519 -0.0080900668696107184 0.00054489174118591281 -0.00079848740542383259 0.0027710450007459131 -0.00019733795294018809 0.0024106285315846189 0.0010758586541287066 -0.00087418438683780362 -0.0016606793336528037 -0.00050955276041898952 0.001061385414060656 0.00016532875260360516
leaf_weight=74 45 62 71 54 41 51 42 40 44 44 135 58 46 1146
leaf_count=74 45 62 71 54 41 51 42 40 44 44 135 58 46 1146
internal_value=0.000332821 -0.00274725 -0.00592417 -0.00963855 -0.00157895 0.000833333 0.00806452 0.000409578 9.69619e-05 0.000577054 0.000104969 0.000469314 0.000941974 0.000507416
internal_weight=1953 273 211 166 95 1680 93 1587 1547 1473 1429 1385 1327 1281
internal_count=1953 273 211 166 95 1680 93 1587 1547 1473 1429 1385 1327 1281
is_linear=0
shrinkage=0.05


Tree=258
num_leaves=15
num_cat=0
split_feature=4 4 4 8 1 2 4 3 5 5 2 1 3 1
split_gain=1.1853 4.82796 3.30401 5.31127 3.60819 4.79783 2.69157 2.67832 6.09581 3.18181 2.80811 2.36284 9.63971 4.29549
threshold=13.380500000000001 13.686500000000002 11.331500000000002 0.43650000000000005 0.081558489694578698 -0.48754425631212789 11.037500000000001 5.0025000000000004 10.934500000000002 13.559000000000003 -0.58882848911713703 -0.22611359161738889 95.301500000000019 0.9253073452222943
decision_type=2 2 2 2 2 2 2 2 2 2 2 2 2 2
left_child=2 -2 6 4 5 -4 7 8 -1 10 -9 12 -12 -13
right_child=1 -3 3 -5 -6 -7 -8 9 -10 -11 11 13 -14 -15
leaf_value=-0.0042617463530377096 -0.014542272339005548 8.2670364457609894e-06 -0.023509571174566493 0.0042296635690947807 0.0039055732864218418 0.0013255159605316037 -0.0026274106759839795 0.00059232279637316809 0.0039767494656702046 -0.0050270280244738069 -0.00034612298890366602 -0.011396889063106095 0.0024861893059238299 0.0015002775336461251
leaf_weight=59 40 1118 50 44 87 52 40 83 46 62 57 95 66 54
leaf_count=59 40 1118 50 44 87 52 40 83 46 62 57 95 66 54
internal_value=0.000588838 -0.000431779 0.00207547 0.00708155 0.00343915 -0.00294118 0 0.000957854 0.00809524 -0.000839329 0.000985915 -0.00147059 0.00365854 -0.0057047
internal_weight=1953 1158 795 233 189 102 562 522 105 417 355 272 123 149
internal_count=1953 1158 795 233 189 102 562 522 105 417 355 272 123 149
is_linear=0
shrinkage=0.05


Tree=259
num_leaves=15
num_cat=0
split_feature=1 4 5 5 7 5 7 0 5 7 7 1 4 4
split_gain=1.68157 4.39765 4.33222 6.19315 3.53733 9.10339 5.45192 3.25815 8.47829 2.76361 5.12928 2.5635 2.83742 4.54773
threshold=-0.69016699705532203 22.013500000000004 3.4310000000000005 5.3895000000000008 588.33100000000013 12.979000000000001 511.61650000000003 19.085000000000004 6.9900000000000011 21.755500000000001 45.535000000000004 -0.59817537509284269 14.094500000000002 16.134500000000003
decision_type=2 2 2 2 2 2 2 2 2 2 2 2 2 2
left_child=1 2 -1 -4 6 -6 7 8 -5 -2 -11 -12 -13 -14
right_child=9 -3 3 4 5 -7 -8 -9 -10 10 11 12 13 -15
leaf_value=0.0017265308601113749 -0.0031351354457620998 -0.00078192560714041579 -0.0068521996905358557 0.0023117898874584655 -0.020652489245440178 0.0074452754786212055 0.010199131521700145 0.0019510534110751987 -0.0050158393594483611 0.0023078013780030993 0.0053935197224331101 0.00042531689726521272 -0.0051802408203388411 2.7862272360276719e-05
leaf_weight=43 63 71 50 59 40 43 41 45 78 57 62 605 138 558
leaf_count=43 63 71 50 59 40 43 41 45 78 57 62 605 138 558
internal_value=0.000691244 -0.00191489 0.000125313 -0.00168539 0.000980392 -0.00783133 0.00426009 0.000549451 -0.00328467 0.00151719 0.00197183 0.0013573 0.000883935 -0.0012931
internal_weight=1953 470 399 356 306 83 223 182 137 1483 1420 1363 1301 696
internal_count=1953 470 399 356 306 83 223 182 137 1483 1420 1363 1301 696
is_linear=0
shrinkage=0.05


Tree=260
num_leaves=15
num_cat=0
split_feature=4 4 8 2 8 0 4 2 1 4 5 1 0 0
split_gain=1.7452 3.68599 3.38868 3.93203 2.93215 7.04137 3.09716 5.77788 4.66428 3.69694 4.62677 3.52788 2.3452 4.70773
threshold=13.380500000000001 13.686500000000002 0.43650000000000005 0.43802537080760273 -0.031499999999999993 13.976000000000001 12.134000000000002 -0.94418750883419933 0.9594338453294492 11.037500000000001 3.4310000000000005 0.081558489694578698 12.059000000000001 19.273500000000002
decision_type=2 2 2 2 2 2 2 2 2 2 2 2 2 2
left_child=2 -2 4 -4 6 -6 7 -1 9 10 -9 -8 -12 -14
right_child=1 -3 3 -5 5 -7 11 8 -10 -11 12 -13 13 -15
leaf_value=0.0034767658104851219 -0.013700395660500693 2.4656100930200987e-05 0.001059249492926552 0.00019128419580415824 0.0012588616114257681 -0.011218446170732142 0.00027210376742125566 0.00352288627137021 0.0065503197475459407 -0.0080648409617629455 0.00047859422610895962 0.014590664747659389 -0.018126091733278778 5.7003553542034349e-05
leaf_weight=75 40 1118 57 74 46 61 53 40 49 64 70 40 76 90
leaf_count=75 40 1118 57 74 46 61 53 40 49 64 70 40 76 90
internal_value=0.00115207 -8.63558e-05 0.00295597 0.0103053 0.00150602 -0.00607477 0.0029623 0.0012931 -0.00115681 -0.00323529 -0.000724638 0.0112903 -0.00338983 -0.00662651
internal_weight=1953 1158 795 131 664 107 557 464 389 340 276 93 236 166
internal_count=1953 1158 795 131 664 107 557 464 389 340 276 93 236 166
is_linear=0
shrinkage=0.05


Tree=261
num_leaves=15
num_cat=0
split_feature=8 4 8 2 8 4 4 5 2 2 8 4 5 6
split_gain=2.08999 1.69776 2.97397 3.93203 2.56759 7.25205 4.341 4.45479 4.19234 4.72484 2.78959 2.63945 4.0113 4.14072
threshold=-2.1944999999999992 13.380500000000001 0.43650000000000005 0.43802537080760273 0.28300000000000003 15.051 22.889500000000002 10.744500000000002 0.075135296012361824 0.8433585485889844 0.071500000000000008 26.231000000000005 2.2320000000000007 8.2545000000000019
decision_type=2 2 2 2 2 2 2 2 2 2 2 2 2 2
left_child=-1 2 -2 -4 10 -6 7 8 -7 -10 11 12 -3 -14
right_child=1 4 3 -5 5 6 -8 -9 9 -11 -12 -13 13 -15
leaf_value=-0.00060771128058097483 0.00019025534724376736 -0.0030283530660783877 0.0010062870182802248 0.00018171998601395018 -0.0088280470589883041 0.011898200455031356 -0.00074338896476758851 -0.0026246904188531595 -0.00031566498707351484 0.00072105877436349781 0.0047788335183509808 0.0073610589125868379 0.0019378917340671501 -6.1857055933151395e-05
leaf_weight=89 657 40 57 74 56 62 82 41 67 40 61 41 88 498
leaf_count=89 657 40 57 74 56 62 82 41 67 40 61 41 88 498
internal_value=0.00130568 0.00166309 0.0034264 0.0103053 0.000371747 -0.00316092 0 0.00380952 0.00739645 0.00140187 0.00206044 0.00112444 0.000319489 0.00136519
internal_weight=1953 1864 788 131 1076 348 292 210 169 107 728 667 626 586
internal_count=1953 1864 788 131 1076 348 292 210 169 107 728 667 626 586
is_linear=0
shrinkage=0.05


Tree=262
num_leaves=15
num_cat=0
split_feature=4 5 4 7 1 1 1 4 4 5 7 4 4 0
split_gain=3.21497 3.9855 3.33763 3.16272 2.79709 3.4359 2.78556 3.16472 3.061 2.61703 4.35562 2.41979 4.1381 2.40381
threshold=14.429500000000003 1.7015000000000002 13.935000000000002 122.40700000000002 0.9594338453294492 0.88933691597811693 0.9914183690647782 15.051 15.685500000000003 14.420500000000002 793.49850000000004 16.134500000000003 16.720500000000005 19.391500000000004
decision_type=2 2 2 2 2 2 2 2 2 2 2 2 2 2
left_child=1 -1 3 -3 5 -5 7 -2 -9 10 11 -10 -13 -14
right_child=6 2 -4 4 -6 -7 -8 8 9 -11 -12 12 13 -15
leaf_value=-0.00075869618151058749 -0.0093770737018015141 0.0023571354856321003 0.016892180473738146 0.00014655435037172205 0.0016796559714844618 -0.017944454869050917 -0.0014968872235818665 0.0065903084667957414 -0.010907878662776507 0.0061763701531605776 -0.0050620703265852156 0.013148402061725982 8.802787380058075e-05 -0.0014012768438486233
leaf_weight=55 62 73 53 624 68 45 62 55 44 64 68 53 511 116
leaf_count=55 62 73 53 624 68 45 62 55 44 64 68 53 511 116
internal_value=0.000896057 0.00305011 0.00388181 0.00308642 0.00210312 0.00112108 -0.00101449 -0.000359712 0.000384193 -0.000350467 -0.00113636 0 0.000735294 -0.000398724
internal_weight=1953 918 863 810 737 669 1035 973 911 856 792 724 680 627
internal_count=1953 918 863 810 737 669 1035 973 911 856 792 724 680 627
is_linear=0
shrinkage=0.05


Tree=263
num_leaves=15
num_cat=0
split_feature=4 4 4 4 2 6 0 1 8 6 1 8 0 5
split_gain=3.37085 2.67407 2.45872 2.72866 3.34935 3.32158 6.01567 4.32903 3.98372 3.64034 3.61318 4.17183 4.34818 4.07188
threshold=14.094500000000002 13.686500000000002 13.380500000000001 12.134000000000002 -0.47495107206705001 9.0305000000000017 14.068000000000003 -0.25950939392209715 0.23800000000000002 6.9800000000000013 0.9594338453294492 -0.53199999999999992 15.736000000000002 12.255000000000001
decision_type=2 2 2 2 2 2 2 2 2 2 2 2 2 2
left_child=1 2 3 5 -5 6 7 -1 10 -9 11 12 -7 -14
right_child=-2 -3 -4 4 -6 8 -8 9 -10 -11 -12 -13 13 -15
leaf_value=0.002176081210011659 -9.6539867620218378e-05 0.004507428095783232 -0.012703662328570516 -6.9477739734377661e-05 0.0058030774247221674 -0.013991928609649136 -0.015640323179714356 0.00032502819403835704 0.0014609965299028369 -0.0034830908954549752 0.003864173527642924 -0.0036914241662527689 0.0053668307779678572 0.00030835792319266477
leaf_weight=58 1068 50 40 58 79 40 51 70 71 51 48 124 45 100
leaf_count=58 1068 50 40 58 79 40 51 70 71 51 48 124 45 100
internal_value=0.000486431 0.00276836 0.00209581 0.0027044 0.00912409 0.00136778 -0.00347826 0.000837989 0.00397196 -0.00454545 0.00182073 -0.000161812 0.00459459 0.00862069
internal_weight=1953 885 835 795 137 658 230 179 428 121 357 309 185 145
internal_count=1953 885 835 795 137 658 230 179 428 121 357 309 185 145
is_linear=0
shrinkage=0.05


Tree=264
num_leaves=15
num_cat=0
split_feature=4 4 0 3 4 4 3 5 2 8 8 8 8 8
split_gain=2.70814 2.21492 2.71003 2.18615 3.20698 2.911 2.77081 3.22196 1.94175 4.22846 4.13776 4.59204 5.37778 4.0074
threshold=14.094500000000002 14.952000000000002 15.620000000000003 4.339500000000001 13.686500000000002 10.423500000000002 7.5830000000000011 10.934500000000002 -0.89611523788151459 -0.16499999999999998 -1.2834999999999999 -0.79549999999999998 -0.96499999999999986 -0.55399999999999994
decision_type=2 2 2 2 2 2 2 2 2 2 2 2 2 2
left_child=3 2 -2 5 6 -1 7 -5 13 10 -10 12 -12 -8
right_child=1 -3 -4 4 -6 -7 8 -9 9 -11 11 -13 -14 -15
leaf_value=0.00027052412215906597 -0.011305193763981401 -3.8336629085022891e-05 0.00090953138538681371 0.00045968227580306387 0.0072856461599334621 -0.0018902353844889122 0.0027116449150801415 0.0034265572485399744 0.0020310004711884297 0.00039777470176247944 -0.0026978900000676101 -9.6448895074791041e-05 -0.028405966090718649 -0.00020530712145466062
leaf_weight=55 41 987 40 47 47 40 57 49 66 205 45 165 45 64
leaf_count=55 41 987 40 47 47 40 57 49 66 205 45 165 45 64
internal_value=0.000384025 -0.00131086 -0.00925926 0.00242938 0.00329114 -0.00473684 0.00248991 0.0104167 0.00131376 0 -0.00358255 -0.00647059 -0.0155556 0.00702479
internal_weight=1953 1068 81 885 790 95 743 96 647 526 321 255 90 121
internal_count=1953 1068 81 885 790 95 743 96 647 526 321 255 90 121
is_linear=0
shrinkage=0.05


Tree=265
num_leaves=15
num_cat=0
split_feature=4 4 1 1 3 3 7 1 6 3 8 2 2 2
split_gain=2.56031 3.10774 2.64539 2.48654 2.66825 2.80402 3.50263 4.35719 8.98852 2.64627 2.37455 2.75224 2.4923 2.66525
threshold=14.193500000000002 13.852500000000001 0.97505550290239451 0.74620497228242788 93.976500000000001 70.321500000000015 280.64450000000005 -0.86958133671945925 14.993000000000002 81.295000000000016 -0.67849999999999999 0.075135296012361824 -0.71238943328942617 0.46105717635705401
decision_type=2 2 2 2 2 2 2 2 2 2 2 2 2 2
left_child=1 2 3 4 5 6 -1 -8 -9 -5 11 -6 -12 -14
right_child=-2 -3 -4 9 10 -7 7 8 -10 -11 12 -13 13 -15
leaf_value=0.0070575038328770439 -7.4556322283059204e-05 0.0080508776146226979 0.005100789476162354 0.0012904423401588804 0.005338710682514014 -0.0042432000254963411 0.00095206015021088173 -0.011607970191929762 0.0008107263856228287 -0.006074550685329908 -0.00057373130319441354 0.00051726458444977604 0.0012403943490788662 0.0003179970597830484
leaf_weight=72 1060 41 58 50 53 76 49 59 93 86 75 47 57 77
leaf_count=72 1060 41 58 50 53 76 49 59 93 86 75 47 57 77
internal_value=0.000435228 0.00240761 0.00176056 0.00100756 0.00227964 -0.000716332 0.00164835 -0.00174129 -0.00592105 -0.00514706 0.00566343 0.012 0.00263158 0.00671642
internal_weight=1953 893 852 794 658 349 273 201 152 136 309 100 209 134
internal_count=1953 893 852 794 658 349 273 201 152 136 309 100 209 134
is_linear=0
shrinkage=0.05


Tree=266
num_leaves=15
num_cat=0
split_feature=4 3 1 4 0 7 4 1 1 4 1 3 2 0
split_gain=2.9323 2.39787 2.6201 2.32052 2.71003 2.16311 2.37265 4.00788 5.12796 6.64772 4.30625 3.79016 3.28283 5.15495
threshold=14.094500000000002 4.339500000000001 0.16681837808193059 14.952000000000002 15.620000000000003 836.79750000000013 12.134000000000002 0.59055600833485278 0.30041382580050413 9.4305000000000003 0.97873101657557349 66.244500000000016 0.91609059637714607 16.314500000000002
decision_type=2 2 2 2 2 2 2 2 2 2 2 2 2 2
left_child=1 2 -1 4 -2 6 7 8 9 12 -9 -8 13 -3
right_child=3 5 -4 -5 -6 -7 11 10 -10 -11 -12 -13 -14 -15
leaf_value=-0.0056508216603313732 -0.010736206259668177 0.0019420215178781405 0.00033940727794445072 -3.2691981516619339e-05 0.00086778263223162295 0.0064275989731846428 0.012135497459368242 -0.0079337721043176487 0.0049823359813300537 -0.0039565897617025838 0.0049032920194934911 0.00072927069396306341 -0.0058198998122430722 0.00040812290467368006
leaf_weight=55 41 67 40 987 40 40 47 147 44 125 40 143 40 97
leaf_count=55 41 67 40 987 40 40 47 147 44 125 40 143 40 97
internal_value=0.000640041 0.00276836 -0.00473684 -0.0011236 -0.00925926 0.00367089 0.00306667 0.00142857 0.00442359 0.00227964 -0.00454545 0.00789474 0.00784314 0.0109756
internal_weight=1953 885 95 1068 81 790 750 560 373 329 187 190 204 164
internal_count=1953 885 95 1068 81 790 750 560 373 329 187 190 204 164
is_linear=0
shrinkage=0.05


Tree=267
num_leaves=15
num_cat=0
split_feature=4 8 4 8 8 4 2 1 1 4 3 0 0 3
split_gain=3.12506 2.51737 4.60727 3.8176 3.44647 2.62259 3.91351 2.7881 2.6806 2.49293 5.64743 4.96391 13.4596 3.08227
threshold=13.380500000000001 0.43650000000000005 11.331500000000002 0.071500000000000008 0.74350000000000016 12.134000000000002 -0.94000589469999485 0.081558489694578698 0.9594338453294492 6.1160000000000005 93.33550000000001 12.059000000000001 20.546500000000005 86.024500000000018
decision_type=2 2 2 2 2 2 2 2 2 2 2 2 2 2
left_child=1 3 4 5 -3 6 -1 -7 9 13 11 -11 -13 -8
right_child=-2 2 -4 -5 -6 7 8 -9 -10 10 -12 12 -14 -15
leaf_value=0.0027089789584302305 -5.8057111212792695e-05 0.0018689815780738473 0.0044602524715764537 -0.0072363117131467539 -0.00074445261115644711 0.00010632026237486215 0.0019757413110211425 0.015836947231089017 0.0060825710940115912 0.00048717542704291574 0.00062280257338088107 -0.04949938050769212 0.00019955750221370416 -0.0020460158410190786
leaf_weight=79 1158 41 44 75 46 56 52 41 53 41 127 49 51 40
leaf_count=79 1158 41 44 75 46 56 52 41 53 41 127 49 51 40
internal_value=0.000793651 0.00320755 0.00954198 0.00195783 0.00287356 0.0033107 0.00182927 0.0108247 -0.000121065 -0.00166667 -0.00410448 -0.0109929 -0.017 0.00543478
internal_weight=1953 795 131 664 87 589 492 97 413 360 268 141 100 92
internal_count=1953 795 131 664 87 589 492 97 413 360 268 141 100 92
is_linear=0
shrinkage=0.05


Tree=268
num_leaves=15
num_cat=0
split_feature=4 4 4 8 3 3 4 2 6 4 1 4 0 6
split_gain=2.77202 1.95737 2.50483 2.03398 3.78378 2.80768 2.65501 3.76874 3.91837 2.62822 2.30077 5.31132 3.68074 3.26731
threshold=14.193500000000002 13.852500000000001 13.380500000000001 0.35350000000000004 99.242500000000021 4.339500000000001 12.134000000000002 -0.89611523788151459 15.889500000000002 10.960000000000003 -0.54162280503947546 9.0115000000000016 16.824500000000004 8.2940000000000023
decision_type=2 2 2 2 2 2 2 2 2 2 2 2 2 2
left_child=1 2 3 5 -5 -1 7 8 -7 10 12 13 -9 -12
right_child=-2 -3 -4 4 -6 6 -8 9 -10 -11 11 -13 -14 -15
leaf_value=-0.0015966817299766596 -6.6291051532441081e-05 0.007329856640792976 -0.0019247123747715646 0.0016681598882245215 3.2496314107705038e-05 0.016694438272788305 0.003479625495089188 0.0014947309404121758 9.9392648596829958e-05 -0.0050771269529024839 -0.021284934083921181 0.0019955788266402489 -0.00039721838583396815 -0.00063724098049806617
leaf_weight=75 1060 41 57 74 70 50 94 56 48 78 47 54 62 87
leaf_count=75 1060 41 57 74 70 50 94 56 48 78 47 54 62 87
internal_value=0.000691244 0.00274356 0.00223005 0.00295597 0.00833333 0.00176651 0.00295139 0.00145228 0.0102041 -0.00078125 0.00130719 -0.00212766 0.00677966 -0.00746269
internal_weight=1953 893 852 795 144 651 576 482 98 384 306 188 118 134
internal_count=1953 893 852 795 144 651 576 482 98 384 306 188 118 134
is_linear=0
shrinkage=0.05


Tree=269
num_leaves=15
num_cat=0
split_feature=4 7 5 4 5 1 1 2 0 3 3 1 1 5
split_gain=2.15418 3.3483 5.54661 2.78687 5.31492 3.34425 2.6672 5.82408 4.47299 4.21997 4.59364 3.79571 3.33017 2.33554
threshold=14.193500000000002 228.02100000000004 1.6270000000000002 9.7025000000000023 3.6580000000000008 -0.17552986495351994 0.30041382580050413 0.49751328890718055 16.824500000000004 99.997500000000016 82.228500000000011 0.80392051724781088 0.94917575150333644 13.295500000000002
decision_type=2 2 2 2 2 2 2 2 2 2 2 2 2 2
left_child=1 2 -1 4 -4 -5 7 8 -3 10 13 -8 -13 -10
right_child=-2 6 3 5 -6 -7 11 -9 9 -11 -12 12 -14 -15
leaf_value=-0.0010501532356849753 -6.2976498955816254e-05 0.001682418238070882 0.012129793849729509 -0.00080090194938814147 0.00082101414323875333 0.0011318919442629347 0.0023086449585382821 -0.011074080543314511 0.00016659197557562235 -0.0060303194337920423 0.0095444524319593382 -0.0065292005143212095 0.001454382355319918 -0.0025535231487371066
leaf_weight=48 1060 45 44 45 60 66 113 43 68 59 61 83 74 84
leaf_count=48 1060 45 44 45 60 66 113 43 68 59 61 83 74 84
internal_value=0.000486431 0.00229563 0.00703422 0.0104651 0.0163462 0.00495495 0.00031746 -0.0025 -0.000157729 -0.00257353 0.000704225 0.00407407 -0.000955414 -0.00394737
internal_weight=1953 893 263 215 104 111 630 360 317 272 213 270 157 152
internal_count=1953 893 263 215 104 111 630 360 317 272 213 270 157 152
is_linear=0
shrinkage=0.05


Tree=270
num_leaves=15
num_cat=0
split_feature=7 7 5 5 7 5 5 1 5 7 8 7 0 0
split_gain=1.96765 3.43399 2.07347 5.29167 2.49836 2.74948 3.15405 8.50887 2.61379 2.4884 4.14544 5.32911 3.41587 4.83399
threshold=24.686500000000006 36.976000000000006 2.0015000000000005 2.4710000000000005 76.167000000000016 3.0870000000000002 4.2805000000000009 0.44380628866780453 4.5730000000000013 273.77550000000002 -0.17399999999999996 173.71300000000002 6.1860000000000008 10.544500000000001
decision_type=2 2 2 2 2 2 2 2 2 2 2 2 2 2
left_child=-1 -2 -3 -4 -5 -6 7 -7 -8 10 11 -10 -12 -14
right_child=1 2 3 4 5 6 8 -9 9 -11 12 -13 13 -15
leaf_value=-0.00035624028992492962 0.0034449639461671317 -0.00022752572064334566 0.012007018518219226 -0.0020861381788487956 -0.008088253317568541 0.0047970171434806976 -0.0012513335505495383 -0.0053806578454634593 -0.0014900207899067319 -3.1115192370967683e-05 -0.0033872121904883375 0.0029258935041729275 0.012512454431749982 -0.0048680633465350539
leaf_weight=80 40 76 41 51 40 79 49 46 46 1185 43 81 51 45
leaf_count=80 40 76 41 51 40 79 49 46 46 1185 43 81 51 45
internal_value=0.000179211 0.000507208 0.000190944 0.000540694 0.00011655 0.00045045 0.000769231 0.0084 0.000133333 0.000516885 0.00488722 0.0114173 -0.00107914 0.00416667
internal_weight=1953 1873 1833 1757 1716 1665 1625 125 1500 1451 266 127 139 96
internal_count=1953 1873 1833 1757 1716 1665 1625 125 1500 1451 266 127 139 96
is_linear=0
shrinkage=0.05


Tree=271
num_leaves=15
num_cat=0
split_feature=8 2 5 0 4 7 2 3 5 2 2 7 2 5
split_gain=2.47472 2.47191 2.38722 5.92593 2.81003 4.84726 4.10821 3.63681 3.39666 3.08926 3.94163 2.93558 3.63155 2.94089
threshold=-2.1944999999999992 0.63874942205152718 2.0015000000000005 11.692000000000002 14.429500000000003 228.02100000000004 0.46105717635705401 73.226500000000016 4.0985000000000005 0.95250647826689006 0.86993731518838324 252.25550000000001 0.66485539796428639 10.535500000000001
decision_type=2 2 2 2 2 2 2 2 2 2 2 2 2 2
left_child=1 -1 3 -2 5 6 -4 -8 -9 10 -6 -7 13 -13
right_child=2 -3 4 -5 9 11 7 8 -10 -11 -12 12 -14 -15
leaf_value=-0.00020500820182714347 6.6125627181723434e-05 -0.002914342820574939 0.015835116451510884 -0.0010824507017846319 -0.00010022555668386391 -0.0083967957937749662 0.0086192516626691206 0.0013080178829750712 -0.0033857546534193554 -0.00060247458558563844 0.00090502477611528189 -0.00098472495563834621 0.0088426815205816817 0.00067102241503446129
leaf_weight=44 90 45 50 45 773 40 43 41 57 70 49 232 41 333
leaf_count=44 90 45 50 45 773 40 43 41 57 70 49 232 41 333
internal_value=-0.000281618 -0.00842697 0.000107296 -0.0062963 0.000607287 0.00268817 0.00968586 0.00531915 0 -0.00134529 -0.000486618 0.000619195 0.00148515 0.000442478
internal_weight=1953 89 1864 135 1729 837 191 141 98 892 822 646 606 565
internal_count=1953 89 1864 135 1729 837 191 141 98 892 822 646 606 565
is_linear=0
shrinkage=0.05


Tree=272
num_leaves=15
num_cat=0
split_feature=4 6 4 4 5 5 3 1 8 0 1 3 2 3
split_gain=1.621 2.98326 3.00663 2.01246 3.62683 4.8213 3.13078 3.53675 3.31926 3.18364 3.10654 6.28289 4.28252 3.53265
threshold=14.193500000000002 5.6955000000000009 14.952000000000002 11.331500000000002 2.0015000000000005 3.5710000000000002 32.330500000000008 0.9253073452222943 -0.82499999999999984 15.929000000000002 -0.22132528438243276 22.216500000000003 -0.48754425631212789 90.673500000000018
decision_type=2 2 2 2 2 2 2 2 2 2 2 2 2 2
left_child=3 -2 -3 4 -1 -6 8 -8 -7 -10 12 -12 -5 -14
right_child=1 2 -4 10 5 6 7 -9 9 -11 11 -13 13 -15
leaf_value=-0.00086442485507198612 0.00050628765108653995 -0.0073032515793707842 -7.2228054435960473e-05 -0.023422793042258597 0.0085941983657044623 -0.00081661435637088724 -0.0012199476238908145 0.0013910615606875676 0.0051050751816836305 -0.00015765430596099695 -0.00090000468301688072 0.0040491384787706836 0.0026992070856916919 -0.00048106972057093136
leaf_weight=47 59 69 932 49 54 58 246 48 61 48 49 148 41 44
leaf_count=47 59 69 932 49 54 58 246 48 61 48 49 148 41 44
internal_value=-0.000281618 -0.00160377 -0.00224775 0.00128779 -0.000533808 0.000679612 -0.000976139 -0.00408163 0.00449102 0.00963303 0.00438066 0.00837563 -0.00149254 0.00529412
internal_weight=1953 1060 1001 893 562 515 461 294 167 109 331 197 134 85
internal_count=1953 1060 1001 893 562 515 461 294 167 109 331 197 134 85
is_linear=0
shrinkage=0.05


Tree=273
num_leaves=15
num_cat=0
split_feature=2 0 7 3 7 7 0 0 5 0 7 5 5 8
split_gain=2.28275 4.31928 4.53302 2.82578 2.75328 4.60173 3.30161 4.24611 2.77696 2.56741 3.14205 3.61296 2.59151 2.5578
threshold=0.21113058295073206 12.164000000000001 332.01350000000008 99.01100000000001 316.28550000000007 250.03900000000002 4.4200000000000008 5.8775000000000004 8.2075000000000014 10.265000000000002 118.72900000000001 2.7775000000000003 2.7775000000000003 -0.47049999999999992
decision_type=2 2 2 2 2 2 2 2 2 2 2 2 2 2
left_child=-1 4 3 -3 5 6 -2 -8 -6 10 11 -9 -11 -12
right_child=1 2 -4 -5 8 -7 7 9 -10 12 13 -13 -14 -15
leaf_value=9.0473054872530767e-05 -0.0019201214660778121 -0.0088026285157038163 0.00048028631973133788 -0.00044889353183217575 -0.0036111533498056209 0.0024453169820538873 0.0021831264546040507 -0.00021402498529327074 0.00011120307423731074 -0.00057798586607008538 -0.00018939713901533763 -0.0071151012951991485 0.0018190347560564106 0.0010603306360622289
leaf_weight=1167 65 44 64 81 41 72 41 67 42 43 41 50 54 81
leaf_count=1167 65 44 64 81 41 72 41 67 42 43 41 50 54 81
internal_value=-0.000588838 -0.00267176 -0.00925926 -0.0148 -0.000586265 0.00077821 -0.00113122 0.00066313 -0.00903614 -0.00119048 -0.0039749 -0.00982906 0.0056701 0.00163934
internal_weight=1953 786 189 125 597 514 442 377 83 336 239 117 97 122
internal_count=1953 786 189 125 597 514 442 377 83 336 239 117 97 122
is_linear=0
shrinkage=0.05


Tree=274
num_leaves=15
num_cat=0
split_feature=2 0 8 8 0 4 0 2 8 1 1 6 6 7
split_gain=1.18157 4.06296 3.81701 3.58822 6.46293 7.83735 4.21235 6.62576 3.77534 3.07781 4.69813 3.49184 6.61394 5.44391
threshold=0.075135296012361824 11.892500000000002 -1.3194999999999999 -1.3319999999999996 15.620000000000003 16.720500000000005 11.776500000000002 -0.04732138832243208 -1.1624999999999999 -0.86958133671945925 -0.7383195169062905 14.549500000000002 14.929500000000003 234.16200000000003
decision_type=2 2 2 2 2 2 2 2 2 2 2 2 2 2
left_child=3 -2 -3 4 -1 -6 -5 8 -8 -10 -11 13 -13 -12
right_child=1 2 -4 6 5 -7 7 -9 9 10 11 12 -14 -15
leaf_value=0.0051764369143583681 0.00011370616487204611 -0.012409916880373652 -0.00028775490552727657 -0.0034694041563435533 0.0030329008442262829 -0.018247659706296278 -0.0074873232186655541 0.0023828609118947881 -0.0010099298284770685 0.0080224785450704328 -0.0014328301725453963 -0.02031350716122857 -6.5030653768471955e-05 0.0017602741983029969
leaf_weight=43 599 54 218 71 75 41 45 48 110 53 45 40 226 285
leaf_count=43 599 54 218 71 75 41 45 48 110 53 45 40 226 285
internal_value=-0.000179211 -0.00154994 -0.00661765 0.000924214 0.00786164 0.00172414 -0.000270856 0.000704225 -0.000373134 0.000461133 0.00177196 0.000503356 -0.0037594 0.00393939
internal_weight=1953 871 272 1082 159 116 923 852 804 759 649 596 266 330
internal_count=1953 871 272 1082 159 116 923 852 804 759 649 596 266 330
is_linear=0
shrinkage=0.05


Tree=275
num_leaves=15
num_cat=0
split_feature=0 0 0 6 1 4 0 2 8 0 2 8 8 0
split_gain=1.82535 6.59777 6.27176 3.76184 3.73818 4.51376 3.49942 6.91628 3.20323 1.99236 3.09184 5.9678 7.70576 3.47509
threshold=21.741500000000002 21.048500000000001 22.260000000000002 12.360500000000002 0.26744970170045884 16.496000000000002 19.713000000000005 -0.85470766365158146 -0.55399999999999994 18.540500000000005 -0.13070653084037345 -1.2834999999999999 -0.80349999999999999 16.314500000000002
decision_type=2 2 2 2 2 2 2 2 2 2 2 2 2 2
left_child=1 6 -2 -4 5 8 9 -8 -5 10 11 -1 -13 -12
right_child=2 -3 3 4 -6 -7 7 -9 -10 -11 13 12 -14 -15
leaf_value=0.0054500152794874218 0.011794608098137226 -0.010376963937175849 0.0029573137553314923 0.0010370277948872687 0.0028175276016199377 -0.017675227195192211 -0.00098329671627960251 0.0069463339437141006 -0.011363019920405448 -0.0030002060940696297 -8.385929653202708e-05 -0.0066229854697557825 0.0015337264058468609 -0.0064502894129524375
leaf_weight=42 42 58 47 105 40 54 46 67 59 99 904 53 270 67
leaf_count=42 42 58 47 105 40 54 46 67 59 99 904 53 270 67
internal_value=2.56016e-05 -0.000684932 0.00331412 0.000819672 -0.00155039 -0.00412844 -6.45995e-05 0.00840708 0 -0.000731707 -0.000224551 0.00369863 0.00139319 -0.00169928
internal_weight=1953 1606 347 305 258 218 1548 113 164 1435 1336 365 323 971
internal_count=1953 1606 347 305 258 218 1548 113 164 1435 1336 365 323 971
is_linear=0
shrinkage=0.05


Tree=276
num_leaves=15
num_cat=0
split_feature=1 2 2 5 1 2 2 6 2 1 6 1 4 4
split_gain=2.7718 2.26282 5.34687 3.68865 2.84224 2.72083 3.38444 3.05915 2.8607 3.3433 4.16875 4.06924 4.52472 4.01474
threshold=-0.99273952934267318 -0.030120304846908235 0.15855938510313469 9.1065000000000023 0.98336225177674941 0.22790171382004171 0.31064877563037102 11.392000000000001 0.50618570606421198 -0.7146667679788683 9.1565000000000012 -0.27159603410350847 14.193500000000002 17.795000000000005
decision_type=2 2 2 2 2 2 2 2 2 2 2 2 2 2
left_child=-1 4 3 -3 -2 -4 -7 8 -8 -10 11 12 -11 -12
right_child=1 2 5 -5 -6 6 7 -9 9 10 13 -13 -14 -15
leaf_value=0.00080385073559428866 0.00012012867972280572 -0.0057856447831673265 0.0023035174883409555 -0.00021268231652892824 0.0031001939789021857 -0.00086533792319783013 0.0014471335483890293 -0.00074083687751877925 -0.003997578989565995 0.0093324596237125274 6.0615034382553724e-05 -0.00055299444765000844 -0.00041422742575892017 0.0035635860688742918
leaf_weight=70 933 40 44 41 49 50 90 84 67 44 92 248 42 59
leaf_count=70 933 40 44 41 49 50 90 84 67 44 92 248 42 59
internal_value=0.000230415 -0.000132767 -0.00194229 -0.0141975 0.00152749 -0.000731707 -0.00141753 -0.000550964 0.000623053 -0.000724638 0.000721649 -0.00239521 0.00697674 0.00761589
internal_weight=1953 1883 901 81 982 820 776 726 642 552 485 334 86 151
internal_count=1953 1883 901 81 982 820 776 726 642 552 485 334 86 151
is_linear=0
shrinkage=0.05


Tree=277
num_leaves=15
num_cat=0
split_feature=1 4 5 0 4 1 3 2 2 7 1 8 8 6
split_gain=2.80093 2.58039 4.05872 5.13207 2.62239 4.60291 2.54207 3.52876 3.46583 4.09151 3.47816 3.41033 4.5535 4.67564
threshold=-0.99273952934267318 24.243500000000001 5.5080000000000009 11.0905 21.333500000000004 0.098678873477280007 99.976500000000016 -0.93090634677745676 -0.030120304846908235 588.33100000000013 0.61794704089537544 -1.4044999999999999 -0.042499999999999989 8.7475000000000005
decision_type=2 2 2 2 2 2 2 2 2 2 2 2 2 2
left_child=-1 4 3 -3 6 -6 -2 -8 9 10 -9 -10 -13 -14
right_child=1 2 -4 -5 5 -7 7 8 11 -11 -12 12 13 -15
leaf_value=0.0007636581988145736 0.00012638510894651608 -0.0027281556485942329 -0.00089482825049279769 0.0020492099944102202 0.0022064547731095842 -7.5204707052620168e-05 -0.0020099141804435553 0.00047853662444106716 -0.0079220973063245381 -0.0021992665167899113 0.020540925071490107 0.00135201669287284 -0.0029772577701048576 6.8940562005054271e-05
leaf_weight=70 1021 51 74 52 80 83 64 74 51 58 44 109 56 66
leaf_count=70 1021 51 74 52 80 83 64 74 51 58 44 109 56 66
internal_value=0.000179211 -0.000185874 -0.0059322 0.000485437 0.000410317 0.00644172 -0.000226831 -0.00306513 -0.00152838 0.00397727 0.00932203 -0.00496454 -0.00238095 -0.00901639
internal_weight=1953 1883 177 103 1706 163 1543 522 458 176 118 282 231 122
internal_count=1953 1883 177 103 1706 163 1543 522 458 176 118 282 231 122
is_linear=0
shrinkage=0.05


Tree=278
num_leaves=15
num_cat=0
split_feature=0 0 1 6 1 2 1 3 7 0 5 6 8 8
split_gain=2.44119 3.99617 3.0696 3.1023 4.41887 2.96999 2.73364 8.1882 4.79908 5.27361 3.86102 3.80518 3.78081 3.51907
threshold=14.685500000000003 14.344000000000003 0.86674087925701782 11.062000000000001 -0.012886663321697788 -0.079425928728534406 -0.27159603410350847 6.7545000000000011 211.12400000000005 5.7955000000000014 7.4095000000000004 9.355500000000001 -0.62299999999999989 -1.1324999999999996
decision_type=2 2 2 2 2 2 2 2 2 2 2 2 2 2
left_child=1 6 3 4 -2 -5 7 -1 9 -8 12 13 -10 -11
right_child=2 -3 -4 5 -6 -7 8 -9 10 11 -12 -13 -14 -15
leaf_value=0.00839420123552506 -1.265282047464983e-05 -0.004930544461836911 0.0022205349313980799 0.00035390032732865624 -0.020692070118515409 0.0012238697589063347 0.0037451687222570932 -2.9606794974438438e-05 -0.0064594926224425574 0.0014718921661202756 -0.00014200141359381468 0.0012967530714240981 -0.00078841582812074363 -0.00088920969106900396
leaf_weight=47 184 42 87 614 44 41 58 215 41 49 209 62 109 151
leaf_count=47 184 42 87 614 44 41 58 215 41 49 209 62 109 151
internal_value=0.000179211 -0.00157681 0.00195876 0.00107588 -0.00394737 0.00282443 -0.000903294 0.00343511 -0.00257732 0.001875 -0.00654596 -0.00114504 -0.0126667 -0.0045
internal_weight=1953 983 970 883 228 655 941 262 679 320 359 262 150 200
internal_count=1953 983 970 883 228 655 941 262 679 320 359 262 150 200
is_linear=0
shrinkage=0.05


Tree=279
num_leaves=15
num_cat=0
split_feature=0 0 0 0 0 0 8 3 3 7 6 0 4 6
split_gain=2.71097 3.8482 3.33349 4.41427 3.59778 2.94142 3.04867 2.37766 3.44202 4.13948 3.54995 4.74737 3.33892 3.28313
threshold=4.0055000000000005 5.7955000000000014 8.9815000000000023 8.1490000000000027 9.7115000000000027 7.2260000000000009 -0.28949999999999992 0.28550000000000003 4.5180000000000007 836.79750000000013 15.641000000000002 16.899500000000003 13.220000000000001 15.030000000000003
decision_type=2 2 2 2 2 2 2 2 2 2 2 2 2 2
left_child=-1 -2 3 5 -4 6 -3 -6 -9 10 11 -10 -12 -13
right_child=1 2 4 -5 7 -7 -8 8 9 -11 12 13 -14 -15
leaf_value=-0.00058617177086058708 0.0022373069127153674 0.00038848322376255792 0.00053038786173889021 -0.0029244792146562756 0.0013948483097748446 0.00078404733564710761 -0.003983986850235331 -0.010058016694440869 -0.0002529082796367585 0.0024670311017018888 -0.00042051158552136039 0.0003429328368333762 -0.010182042912956324 0.0068189533032820271
leaf_weight=56 64 41 64 80 104 80 56 58 670 87 71 409 43 70
leaf_count=56 64 41 64 80 104 80 56 58 670 87 71 409 43 70
internal_value=0.000128008 0.000448076 2.72777e-05 -0.00525292 0.000888325 -0.000847458 -0.00670103 0.000396825 -0.000142045 0.00037037 -0.000356295 0.000478677 -0.00877193 0.00427975
internal_weight=1953 1897 1833 257 1576 177 97 1512 1408 1350 1263 1149 114 479
internal_count=1953 1897 1833 257 1576 177 97 1512 1408 1350 1263 1149 114 479
is_linear=0
shrinkage=0.05


Tree=280
num_leaves=15
num_cat=0
split_feature=0 0 4 4 8 8 7 3 3 6 6 7 7 0
split_gain=3.08514 4.94518 2.94034 3.0936 3.87881 3.70313 2.8147 2.50339 4.03361 3.96506 7.65918 7.34937 4.92273 3.50124
threshold=4.4200000000000008 5.7955000000000014 24.243500000000001 20.458000000000002 -1.0859999999999996 -0.26249999999999996 524.08000000000004 99.620000000000019 97.862000000000009 11.845500000000003 13.273000000000001 676.46100000000013 514.70200000000011 15.465000000000002
decision_type=2 2 2 2 2 2 2 2 2 2 2 2 2 2
left_child=-1 -2 3 7 -5 -6 -7 8 9 11 12 -3 -11 -12
right_child=1 2 -4 4 5 6 -8 -9 -10 10 13 -13 -14 -15
leaf_value=-0.00055686318231755742 0.0025379744070520168 -6.738535323151662e-05 -0.00029182386297295501 0.00083261127591496712 -0.0027688764274659719 0.00030521547431245911 0.0095418199817101489 -0.00024291936343638355 0.0031179886982282377 0.00040063819458290088 -0.007330100957020802 -0.017576432924465302 0.014307987302316728 0.00068235097558241311
leaf_weight=72 48 310 172 61 59 75 41 529 80 48 67 41 40 310
leaf_count=72 48 310 172 61 59 75 41 529 80 48 67 41 40 310
internal_value=0.000435228 0.00082403 0.000409165 0.00105358 0.00635593 0.00257143 0.00775862 0.000175439 0.00178571 0.000735294 0.00376344 -0.00327635 0.0170455 0.00066313
internal_weight=1953 1881 1833 1661 236 175 116 1425 896 816 465 351 88 377
internal_count=1953 1881 1833 1661 236 175 116 1425 896 816 465 351 88 377
is_linear=0
shrinkage=0.05


Tree=281
num_leaves=15
num_cat=0
split_feature=0 0 4 4 8 8 8 3 5 5 3 5 6 1
split_gain=2.99254 3.81708 2.32403 2.3644 4.50796 2.91968 3.49095 2.37622 3.26058 4.62561 3.22201 3.78492 5.04184 8.14919
threshold=4.4200000000000008 5.7955000000000014 24.243500000000001 20.458000000000002 -1.0859999999999996 -0.26249999999999996 0.47000000000000003 99.620000000000019 10.174000000000001 8.6140000000000025 97.862000000000009 11.073000000000002 15.124500000000003 0.64460769028158504
decision_type=2 2 2 2 2 2 2 2 2 2 2 2 2 2
left_child=-1 -2 3 7 -5 -6 -7 10 9 -9 11 -3 13 -13
right_child=1 2 -4 4 5 6 -8 8 -10 -11 -12 12 -14 -15
leaf_value=-0.00052902002320168032 0.0024110756866994147 -0.00024797259597502118 -0.00027723266982430803 0.00079098071211921867 -0.0026304326060926811 0.0017164982457968229 -0.00015374918995458427 -0.00019333740951310333 -0.0050134891431412032 0.0029798860939924936 0.002962089263316826 0.00083507168268133209 -9.1073943404532121e-05 0.011977135606114209
leaf_weight=72 48 451 172 61 59 50 66 362 115 52 80 103 212 50
leaf_count=72 48 451 172 61 59 50 66 362 115 52 80 103 212 50
internal_value=0.000281618 0.00066454 0.000300055 0.000872968 0.00550847 0.00142857 0.00603448 0.000105263 -0.00255198 -0.000483092 0.00167411 0.000735294 0.00452055 0.0114379
internal_weight=1953 1881 1833 1661 236 175 116 1425 529 414 896 816 365 153
internal_count=1953 1881 1833 1661 236 175 116 1425 529 414 896 816 365 153
is_linear=0
shrinkage=0.05


Tree=282
num_leaves=15
num_cat=0
split_feature=0 0 5 2 2 2 6 8 5 2 4 4 7 0
split_gain=2.06382 2.93622 2.1583 9.13702 3.44048 4.94706 1.75772 3.8716 3.28526 2.90251 2.44253 4.71601 3.18036 6.94703
threshold=4.4200000000000008 5.7955000000000014 14.267500000000002 -0.64297064596386244 -0.90361171343873392 -0.97218766834954651 5.8245000000000013 -0.81649999999999989 2.0465000000000004 0.61287127154566789 7.315500000000001 8.7045000000000012 356.18400000000003 16.525500000000005
decision_type=2 2 2 2 2 2 2 2 2 2 2 2 2 2
left_child=-1 -2 6 4 5 -4 7 -3 9 -8 -10 -12 13 -13
right_child=1 2 3 -5 -6 -7 8 -9 10 -11 11 12 -14 -15
leaf_value=-0.00050256902204159762 0.0022905219023644442 -0.00034345035492713979 -0.0024989109757880493 0.0068533070165754913 -0.0066528325806190563 0.0051496983039952988 -0.00012095870394839837 0.00098077106079234866 -0.00048123963283715627 -0.0046001851379346816 0.0021421318771921412 -2.4873538926833973e-05 -0.00027325320085039225 0.013473975907352382
leaf_weight=72 48 54 71 44 56 41 54 81 126 48 63 399 714 82
leaf_count=72 48 54 71 44 56 41 54 81 126 48 63 399 714 82
internal_value=-2.56016e-05 0.000292398 -2.72777e-05 0.00471698 -0.000595238 0.00446429 -0.000647748 0.00481481 -0.00114401 -0.00980392 -0.00050578 0.000158983 -0.000543933 0.00259875
internal_weight=1953 1881 1833 212 168 112 1621 135 1486 102 1384 1258 1195 481
internal_count=1953 1881 1833 212 168 112 1621 135 1486 102 1384 1258 1195 481
is_linear=0
shrinkage=0.05


Tree=283
num_leaves=15
num_cat=0
split_feature=0 0 0 0 0 8 0 5 2 2 3 1 5 7
split_gain=1.93858 3.06548 2.49026 3.66894 2.94142 3.04867 2.93813 2.22983 6.20073 4.14214 3.69436 1.96322 4.16006 4.87509
threshold=4.4200000000000008 5.7955000000000014 8.9815000000000023 8.1490000000000027 7.2260000000000009 -0.28949999999999992 9.7115000000000027 14.267500000000002 -0.64297064596386244 -0.86350450715563698 43.010000000000012 0.20061247795988868 2.5725000000000002 209.51000000000002
decision_type=2 2 2 2 2 2 2 2 2 2 2 2 2 2
left_child=-1 -2 3 4 5 -3 -4 11 9 10 -9 -8 -13 -14
right_child=1 2 6 -5 -6 -7 7 8 -10 -11 -12 12 13 -15
leaf_value=-0.00047744057093951771 0.0021759958072462243 0.00033578840699513947 0.00050917945436325385 -0.0027208298185866318 0.00073596024252112896 -0.0037419351580278053 6.3737440235682452e-05 -0.0013066966961690297 0.0083065676544008208 -0.0082949990713914509 0.0023539320801219846 -0.0034539512017607524 0.010358639996210596 -0.00022693179192256332
leaf_weight=72 48 41 64 80 80 56 726 73 40 43 52 41 49 488
leaf_count=72 48 41 64 80 80 56 726 73 40 43 52 41 49 488
internal_value=-0.000281618 2.65816e-05 -0.000300055 -0.00486381 -0.000847458 -0.00670103 0.000444162 0 0.00480769 0.000595238 0.0052 -0.000766871 -0.00294118 -0.00176909
internal_weight=1953 1881 1833 257 177 97 1576 1512 208 168 125 1304 578 537
internal_count=1953 1881 1833 257 177 97 1576 1512 208 168 125 1304 578 537
is_linear=0
shrinkage=0.05


Tree=284
num_leaves=15
num_cat=0
split_feature=6 0 0 5 6 8 4 0 2 7 7 1 7 7
split_gain=2.44112 3.02031 3.28586 4.25959 2.96101 4.87521 2.38177 2.83836 2.17972 3.90693 1.7688 5.17991 2.95513 2.45529
threshold=5.8245000000000013 4.0055000000000005 5.7955000000000014 2.0015000000000005 5.2215000000000007 -0.71849999999999981 7.0475000000000012 28.360500000000005 -0.098820138732871751 737.41500000000008 101.2565 0.030073020370188292 151.32700000000003 266.82900000000006
decision_type=2 2 2 2 2 2 2 2 2 2 2 2 2 2
left_child=4 -2 -3 -4 5 -1 8 10 9 -5 11 -8 -12 -14
right_child=1 2 3 6 -6 -7 7 -9 -10 -11 12 -13 13 -15
leaf_value=-0.0013174891009903615 -0.00094344222484545883 0.0019506342136187526 -0.00041411484891387131 0.002960990716637921 0.001704685355546988 0.00088709284257814595 -0.00075272746917206537 0.0032889777510346275 -0.0011017474704205722 -0.012268707555314486 -0.00093100319720518807 0.0047417395591417451 0.00060904077461669819 -5.3714424005618309e-05
leaf_weight=54 51 48 95 44 40 62 75 41 58 40 64 43 186 1052
leaf_count=54 51 48 95 44 40 62 75 41 58 40 64 43 186 1052
internal_value=-0.000230415 -0.000751252 -0.000400916 -0.000765607 0.00576923 0.00172414 -0.000155958 0.000444901 -0.00633803 -0.00119048 7.04225e-05 0.0059322 -0.000460829 8.07754e-05
internal_weight=1953 1797 1746 1698 156 116 1603 1461 142 84 1420 118 1302 1238
internal_count=1953 1797 1746 1698 156 116 1603 1461 142 84 1420 118 1302 1238
is_linear=0
shrinkage=0.05


Tree=285
num_leaves=15
num_cat=0
split_feature=6 8 2 0 3 0 6 2 8 8 1 5 3 1
split_gain=2.09906 3.49774 2.70652 5.7714 3.90893 4.94816 3.14754 2.41341 2.36813 3.1689 4.28626 3.72288 5.83939 4.98198
threshold=5.8245000000000013 -0.81649999999999989 0.63874942205152718 11.859000000000002 51.644000000000005 7.2260000000000009 9.7005000000000017 0.56424300735932609 0.9900000000000001 0.37300000000000005 -0.14153898451656977 11.412500000000003 18.732000000000003 -0.86095304316285715
decision_type=2 2 2 2 2 2 2 2 2 2 2 2 2 2
left_child=1 -1 7 4 5 -4 -6 8 9 11 -11 12 -2 -14
right_child=2 -3 3 -5 6 -7 -8 -9 -10 10 -12 -13 13 -15
leaf_value=-0.00027259960041605417 -0.011090834569265141 0.00087058844527406615 -0.00013636737823523039 -0.0079744129848797491 -8.5392283384555512e-05 0.0033765859273778595 -0.0012459579040068282 0.0020009129924067589 -0.00034622097875335327 0.0055578327485244867 0.00032263302939260479 0.00075532924236357832 -0.00081881091795108223 0.00022758039850992174
leaf_weight=63 86 93 51 48 183 49 61 51 123 44 84 471 142 404
leaf_count=63 86 93 51 48 183 49 61 51 123 44 84 471 142 404
internal_value=-0.000435228 0.00512821 -0.000918197 -0.00459184 -0.00232558 0.006 -0.0057377 0.000106762 -0.000295421 0.000365556 0.0078125 -0.00049864 -0.00300633 -0.0010989
internal_weight=1953 156 1797 392 344 100 244 1405 1354 1231 128 1103 632 546
internal_count=1953 156 1797 392 344 100 244 1405 1354 1231 128 1103 632 546
is_linear=0
shrinkage=0.05


Tree=286
num_leaves=15
num_cat=0
split_feature=8 8 2 4 4 8 8 8 4 7 4 0 5 7
split_gain=2.97273 5.44444 5.28091 5.08718 5.06486 2.4544 3.02198 3.89549 3.23801 4.26254 4.26004 3.86061 4.07399 4.41877
threshold=0.77300000000000013 0.9295000000000001 0.89420283937402645 13.109500000000002 16.346500000000002 0.54700000000000015 0.47000000000000003 0.37300000000000005 12.134000000000002 826.7650000000001 16.496000000000002 19.391500000000004 9.022000000000002 639.50900000000013
decision_type=2 2 2 2 2 2 2 2 2 2 2 2 2 2
left_child=5 -2 3 -3 -5 6 7 8 9 -1 -10 -12 -13 -14
right_child=1 2 -4 4 -6 -7 -8 -9 10 -11 11 12 13 -15
leaf_value=-0.00041182412262724541 -0.0034252552826602918 0.00046492592038092364 0.0011435760305745933 -0.0089159226060566421 -6.2196008484660672e-05 0.002044083024307411 -0.0059559027970385037 0.0048738197631112206 0.0019279379809194919 0.0028627793746526576 0.00011457092508729561 -0.0090140320616933448 0.0013084564192871739 -0.0033113004804654679
leaf_weight=496 42 40 57 46 109 72 43 41 374 49 412 41 43 88
leaf_count=496 42 40 57 46 109 72 43 41 374 49 412 41 43 88
internal_value=-0.000128008 -0.0047619 -0.00198413 -0.00589744 -0.01 0.000693189 0.000283554 0.000647668 0.000232868 -0.00284404 0.0019833 -0.000684932 -0.00697674 -0.00267176
internal_weight=1953 294 252 195 155 1659 1587 1544 1503 545 958 584 172 131
internal_count=1953 294 252 195 155 1659 1587 1544 1503 545 958 584 172 131
is_linear=0
shrinkage=0.05


Tree=287
num_leaves=15
num_cat=0
split_feature=8 8 0 2 7 7 7 7 3 5 5 4 0 5
split_gain=2.2204 3.10431 2.50298 3.62955 2.00184 2.92203 2.31406 2.49124 5.66841 2.50612 6.00814 4.32187 4.94335 4.83935
threshold=0.77300000000000013 0.9295000000000001 7.2260000000000009 0.7617289487545823 21.755500000000001 45.535000000000004 68.726000000000013 161.09700000000001 99.992500000000021 8.6685000000000016 9.2270000000000021 11.233000000000002 19.391500000000004 11.073000000000002
decision_type=2 2 2 2 2 2 2 2 2 2 2 2 2 2
left_child=4 -2 -3 -4 -1 -6 -7 8 -8 -9 -11 12 13 -12
right_child=1 2 3 -5 5 6 7 9 -10 10 11 -13 -14 -15
leaf_value=-0.0021627276632801853 -0.0032539925185272782 -0.0022979809298170374 -9.4479795323699356e-05 0.0078287409436417071 0.00070397129780107597 -0.00088402714662146888 0.016713164187037444 -0.00015717133117160582 7.6109885403469196e-05 0.0030243911394773706 -0.023569135481143831 0.00057661577227972047 0.00065534735760044429 -0.00029893649229909073
leaf_weight=60 42 50 154 48 51 50 51 548 111 46 42 498 153 49
leaf_count=60 42 50 154 48 51 50 51 548 111 46 42 498 153 49
internal_value=-7.68049e-05 -0.00408163 -0.00198413 0.00049505 0.000632911 0.000969356 0.000581395 0.000934579 0.00679012 0.000224551 0.00203046 0.000943396 -0.0045082 -0.0137363
internal_weight=1953 294 252 202 1659 1599 1548 1498 162 1336 788 742 244 91
internal_count=1953 294 252 202 1659 1599 1548 1498 162 1336 788 742 244 91
is_linear=0
shrinkage=0.05


Tree=288
num_leaves=15
num_cat=0
split_feature=1 7 2 8 7 7 8 8 5 2 0 1 4 4
split_gain=1.99572 2.06751 4.95736 3.77258 6.60607 3.77206 2.91463 1.66814 2.3173 4.19704 5.39234 4.69073 3.30855 6.98061
threshold=-0.99273952934267318 36.976000000000006 0.73832635400310653 0.77300000000000013 161.09700000000001 273.77550000000002 1.1935000000000002 0.54700000000000015 12.935 -0.62971025403082126 16.645000000000003 -0.42109697129093543 11.673500000000002 15.205000000000002
decision_type=2 2 2 2 2 2 2 2 2 2 2 2 2 2
left_child=-1 2 -2 7 -5 -6 -7 8 -3 11 -11 -10 -13 -14
right_child=1 3 -4 4 5 6 -8 -9 9 10 -12 12 13 -15
leaf_value=0.00087032337238105578 0.0045626215097510055 -9.3512061032796637e-05 -0.00068676322865477432 -0.0012169306650896439 0.00082550961134985614 -0.0033283163047027279 -1.9919820418538156e-05 0.0018765356391255651 -0.0083904827811569771 0.001031749278328106 0.0077917520585395333 0.0027805585413253676 -0.03085867978660994 0.0019101641853589537
leaf_weight=70 48 1121 69 66 67 45 77 67 58 44 50 63 40 68
leaf_count=70 48 1121 69 66 67 45 77 67 58 44 50 63 40 68
internal_value=0.000281618 -2.65534e-05 0.00641026 -0.000453001 -0.00607843 -0.00132275 -0.00655738 0.00049636 0.000138504 0.00386997 0.012766 0.000218341 0.00438596 -0.000925926
internal_weight=1953 1883 117 1766 255 189 122 1511 1444 323 94 229 171 108
internal_count=1953 1883 117 1766 255 189 122 1511 1444 323 94 229 171 108
is_linear=0
shrinkage=0.05


Tree=289
num_leaves=15
num_cat=0
split_feature=5 0 5 2 0 8 6 2 6 6 3 8 8 3
split_gain=1.4543 2.44051 1.79853 2.19657 2.78218 1.56827 4.25309 4.41859 4.86165 4.12994 4.84121 3.85142 3.61685 4.57903
threshold=1.1295000000000004 4.0055000000000005 1.5390000000000001 0.99276848381014016 5.7955000000000014 -0.80349999999999999 15.030000000000003 -0.77547391234167817 6.5725000000000007 15.145500000000002 27.922000000000004 -0.95649999999999979 -1.9244999999999999 99.997500000000016
decision_type=2 2 2 2 2 2 2 2 2 2 2 2 2 2
left_child=-1 -2 -3 4 -4 6 7 -6 -9 -7 -11 12 -10 -14
right_child=1 2 3 -5 5 9 -8 8 11 10 -12 -13 13 -15
leaf_value=0.00072383859469745684 -0.00085632636894984466 -0.00015279653248067017 0.0027771567020124007 -0.00085057448642750786 -0.0091301242641363602 0.00023262061705595145 0.0015354355916404954 -0.006217964568728202 -0.00054634690919402808 0.0041866408964403292 -0.0092094303751590698 -0.0030835387465847353 0.0016236865780552127 -0.00031883394336046367
leaf_weight=57 49 47 48 50 58 963 146 51 72 74 102 53 110 73
leaf_count=57 49 47 48 50 58 963 146 51 72 74 102 53 110 73
internal_value=2.56016e-05 -0.00021097 8.12128e-05 0.000333333 0.000628571 0.000293772 -0.00186501 -0.00443645 -0.00236769 0.00136084 -0.00568182 0 0.00254902 0.00628415
internal_weight=1953 1896 1847 1800 1750 1702 563 417 359 1139 176 308 255 183
internal_count=1953 1896 1847 1800 1750 1702 563 417 359 1139 176 308 255 183
is_linear=0
shrinkage=0.05


Tree=290
num_leaves=15
num_cat=0
split_feature=2 8 8 6 6 1 3 8 0 2 1 0 4 5
split_gain=1.5691 2.12631 5.44416 3.99857 6.66517 6.72324 5.27229 2.44829 1.95197 5.71648 5.07846 3.44713 2.39024 2.01525
threshold=-0.7418964003681634 -1.4914999999999998 -1.1184999999999998 10.613500000000002 12.360500000000002 0.23416947364604893 48.958000000000006 -0.6359999999999999 19.713000000000005 -0.62971025403082126 -0.86095304316285715 18.540500000000005 13.852500000000001 1.1295000000000004
decision_type=2 2 2 2 2 2 2 2 2 2 2 2 2 2
left_child=1 -1 -3 -4 -5 7 -7 -6 11 -10 12 13 -11 -2
right_child=8 2 3 4 5 6 -8 -9 9 10 -12 -13 -14 -15
leaf_value=0.002083518006944389 0.00068764666496258238 -0.0067177806489659309 -0.00064438463242147144 0.01319450335122509 0.0026950563581037649 0.001277774364261597 0.0021929512038762005 -0.0036695060417182655 -0.0093662369303767253 0.00067922135055442645 0.015239977308662743 -0.0073146113722195377 -0.0014840297610326236 -0.00010001975353448601
leaf_weight=46 47 52 72 43 55 47 57 128 52 41 48 57 41 1167
leaf_count=46 47 52 72 43 55 47 57 128 52 41 48 57 41 1167
internal_value=0.000384025 0.0028 0.00176211 0.00373134 0.00606061 0.0033101 0.0134615 -0.00245902 -0.00044735 0.0043956 0.01 -0.00114083 0.00243902 -0.000576606
internal_weight=1953 500 454 402 330 287 104 183 1453 182 130 1271 82 1214
internal_count=1953 500 454 402 330 287 104 183 1453 182 130 1271 82 1214
is_linear=0
shrinkage=0.05


Tree=291
num_leaves=15
num_cat=0
split_feature=1 8 7 2 5 8 1 0 7 6 3 2 7 4
split_gain=1.90225 3.73029 3.39729 2.19747 2.0851 2.04409 2.46746 4.73155 3.12195 2.97024 4.71099 7.28919 2.51631 1.87597
threshold=-0.93535928755917819 0.45550000000000007 312.13850000000008 -0.7418964003681634 1.1870000000000003 -1.4914999999999998 -0.29259762607704948 21.148000000000003 750.36750000000018 10.841500000000002 55.778500000000008 -0.98870105003072151 663.59450000000015 12.338500000000002
decision_type=2 2 2 2 2 2 2 2 2 2 2 2 2 2
left_child=1 2 -1 5 -5 -2 7 -7 -9 -8 13 -12 -13 -11
right_child=3 -3 -4 4 -6 6 9 8 -10 10 11 12 -14 -15
leaf_value=-0.0009690616776188766 0.0019793421065971719 0.0026338848366814376 0.00058795447782646895 0.00065326433171445384 -0.00010359734304198932 0.0052217445276895071 -0.001125401179350194 -0.036097993203438317 -3.0912865353099898e-05 0.0025603035401985832 -0.00080721504461638287 0.0017370264723248305 0.0037373352182600295 -0.0031457117124854537
leaf_weight=47 46 44 119 49 1194 40 63 41 41 43 47 42 51 86
leaf_count=47 46 44 119 49 1194 40 63 41 41 43 47 42 51 86
internal_value=0.000742448 0.0052381 0.00180723 0.000200803 -0.000925181 0.003 0.00198238 -0.00409836 -0.0109756 0.00421687 0.00650558 0.0128571 0.0209677 -0.000387597
internal_weight=1953 210 166 1743 1243 500 454 122 82 332 269 140 93 129
internal_count=1953 210 166 1743 1243 500 454 122 82 332 269 140 93 129
is_linear=0
shrinkage=0.05


Tree=292
num_leaves=15
num_cat=0
split_feature=2 6 2 2 8 8 7 7 4 8 7 1 0 0
split_gain=2.14709 2.55989 2.17722 3.53807 2.63847 5.64056 4.18135 2.60345 2.55605 5.28989 6.95618 3.39844 3.48511 2.9213
threshold=0.19429706169951341 11.392000000000001 0.31064877563037102 0.43028281133296192 0.40900000000000009 0.9900000000000001 178.71700000000001 155.87400000000005 12.134000000000002 -0.81649999999999989 200.10150000000002 -0.45206801762443455 6.9940000000000007 9.3580000000000023
decision_type=2 2 2 2 2 2 2 2 2 2 2 2 2 2
left_child=-1 2 -2 -4 8 7 -7 -6 9 -5 -11 -10 -13 -14
right_child=1 -3 3 4 5 6 -8 -9 11 10 -12 12 13 -15
leaf_value=0.00019694874029350107 -0.00086455349033615352 -0.00078238612605563787 0.0021165162413429419 -0.010117837116318841 -0.00021209399567157506 -0.00034517581578764059 0.0072828340474580368 -0.0059202046630233186 0.0012980416320349034 -0.011183202520186675 0.0039610687279531681 0.0083766790076256151 -0.0010610664735182351 0.00034997200357779202
leaf_weight=1157 48 106 47 53 41 52 53 42 70 42 57 44 48 93
leaf_count=1157 48 106 47 53 41 52 53 42 70 42 57 44 48 93
internal_value=0.000742448 -0.00125628 -0.000144928 0.000623053 -0.000420168 -0.00531915 0.00238095 -0.0150602 0.00184275 -0.00328947 0.00353535 0.00490196 0.00135135 -0.00248227
internal_weight=1953 796 690 642 595 188 105 83 407 152 99 255 185 141
internal_count=1953 796 690 642 595 188 105 83 407 152 99 255 185 141
is_linear=0
shrinkage=0.05


Tree=293
num_leaves=15
num_cat=0
split_feature=2 5 5 4 8 7 7 6 8 2 7 6 1 7
split_gain=2.07373 3.11467 3.12127 3.70526 1.60478 2.75493 4.19151 3.43958 3.174 2.76005 4.43796 4.25254 4.17092 4.13593
threshold=0.92933244589178743 2.4710000000000005 4.4235000000000007 13.852500000000001 0.84350000000000003 204.34650000000002 173.71300000000002 6.4980000000000002 0.013500000000000002 -0.77547391234167817 360.91350000000006 13.224000000000002 0.26744970170045884 298.29600000000005
decision_type=2 2 2 2 2 2 2 2 2 2 2 2 2 2
left_child=4 -2 -3 -4 5 6 7 -1 -9 10 -7 -12 -13 -11
right_child=1 2 3 -5 -6 9 -8 8 -10 13 11 12 -14 -15
leaf_value=-0.00066951314358667526 0.0068112738346588712 -0.0009556143080112101 0.0046139336650516481 -0.00064049464550481054 -0.00010170059966590206 0.018956956761931338 0.0021440838836649088 0.00016073730849269774 0.0018279902011041158 -0.0024022171265195612 -0.0025459819917684327 0.00065318071240563769 0.001684037373828214 0.00014128951978904515
leaf_weight=66 55 67 40 55 222 40 44 118 60 149 68 216 82 671
leaf_count=66 55 67 40 55 222 40 44 118 60 149 68 216 82 671
internal_value=0.000691244 -0.00391705 -0.00740741 -0.00157895 0.00126728 0.00184941 0.00625 0.00368852 0.00730337 0.000815661 0.00418719 0.00245902 0.00503356 -0.000853659
internal_weight=1953 217 162 95 1736 1514 288 244 178 1226 406 366 298 820
internal_count=1953 217 162 95 1736 1514 288 244 178 1226 406 366 298 820
is_linear=0
shrinkage=0.05


Tree=294
num_leaves=15
num_cat=0
split_feature=2 5 8 6 5 5 2 0 8 1 5 5 3 4
split_gain=2.21429 2.34651 3.01947 1.9734 1.59922 2.86112 3.0585 2.16221 2.3916 1.82644 3.56046 4.89427 5.01268 4.04595
threshold=0.92933244589178743 2.4710000000000005 0.72500000000000009 6.1655000000000006 1.1870000000000003 1.7015000000000002 0.86993731518838324 6.785000000000001 1.8645000000000003 0.823915376013162 7.7800000000000002 10.174000000000001 81.295000000000016 16.908500000000004
decision_type=2 2 2 2 2 2 2 2 2 2 2 2 2 2
left_child=4 -2 3 -3 -1 -6 7 -7 9 -9 -11 13 -13 -12
right_child=1 2 -4 -5 5 6 -8 8 -10 10 11 12 -14 -15
leaf_value=0.00018929486552686227 0.0064707101429259291 -0.00064566348326410353 -0.0019654071504980656 5.4686365718681357e-05 -0.00045922884142395037 -0.0014040139607659518 0.0012737551850669382 0.00016291953267060235 -0.0010313287559823743 -0.0025695040033405659 0.0002981352070917997 0.00072933465079601755 -0.0088242682262338386 0.0040873609901519057
leaf_weight=52 55 44 47 71 40 54 72 1119 52 117 40 94 53 43
leaf_count=52 55 44 47 71 40 54 72 1119 52 117 40 94 53 43
internal_value=0.000384025 -0.00437788 -0.00740741 -0.00304348 0.000979263 0.000712589 0.00103406 0.000572519 0.000922266 0.00129604 -0.0018732 0.00173913 -0.0037415 0.0114458
internal_weight=1953 217 162 115 1736 1684 1644 1572 1518 1466 347 230 147 83
internal_count=1953 217 162 115 1736 1684 1644 1572 1518 1466 347 230 147 83
is_linear=0
shrinkage=0.05


Tree=295
num_leaves=15
num_cat=0
split_feature=5 5 2 7 7 5 5 5 2 5 5 2 8 1
split_gain=1.60253 3.23494 2.88535 2.81455 3.03536 3.3853 2.18335 3.66504 3.54753 3.93696 4.65506 3.70416 3.63186 3.37286
threshold=1.1870000000000003 1.5390000000000001 0.99276848381014016 36.976000000000006 61.743000000000002 2.4710000000000005 9.6710000000000012 10.034500000000001 -0.72066714955386091 9.2270000000000021 8.6685000000000016 0.15855938510313469 0.37300000000000005 0.92263100495486405
decision_type=2 2 2 2 2 2 2 2 2 2 2 2 2 2
left_child=-1 -2 3 -3 -5 -6 8 -8 -7 10 11 12 13 -10
right_child=1 2 -4 4 5 6 7 -9 9 -11 -12 -13 -14 -15
leaf_value=0.00019006054992318778 -0.00043991717649454203 0.0015107464370899119 -0.00061338030910089783 -0.00090823521875437743 0.0016923178942401585 0.0025819841856698864 0.0024917351981164834 0.00019385914245981795 -0.0018604829529287161 -0.016827177225944869 0.0048198593168376578 -5.2957955254111235e-06 0.00019749419005655189 -0.0057572097563222437
leaf_weight=65 41 44 60 47 57 140 40 697 92 40 47 494 49 40
leaf_count=65 41 44 60 47 57 140 40 697 92 40 47 494 49 40
internal_value=0.000742448 0.000476695 0.000785057 0.00114717 0.000831899 0.00117925 0.00076266 0.00278155 -0.000886918 -0.00223097 -0.00138504 -0.00244444 -0.00856354 -0.0128788
internal_weight=1953 1888 1847 1787 1743 1696 1639 737 902 762 722 675 181 132
internal_count=1953 1888 1847 1787 1743 1696 1639 737 902 762 722 675 181 132
is_linear=0
shrinkage=0.05


Tree=296
num_leaves=15
num_cat=0
split_feature=2 0 0 8 8 5 4 2 8 5 1 5 6 6
split_gain=1.93271 1.84647 2.83154 2.72259 2.90264 2.08193 4.84362 4.6682 3.58857 5.17085 3.07278 6.72169 4.60431 6.82649
threshold=0.19429706169951341 9.9650000000000016 11.776500000000002 1.0555000000000001 0.54700000000000015 8.6685000000000016 15.781000000000001 -0.04732138832243208 -0.32949999999999996 6.4480000000000013 0.26744970170045884 14.095000000000001 15.503500000000001 12.313500000000003
decision_type=2 2 2 2 2 2 2 2 2 2 2 2 2 2
left_child=1 -1 -3 4 5 6 -4 10 9 -8 -7 12 13 -12
right_child=-2 2 3 -5 -6 7 8 -9 -10 -11 11 -13 -14 -15
leaf_value=0.0021411347054532018 -5.8014448689375223e-05 -0.0024800945892545032 0.00052500722651852656 -0.00037284397690229152 0.0055498126358289601 -0.0001504112280211467 -6.8915434976662978e-05 0.0012111446193269094 0.00032386019355759127 -0.020204191080488054 -0.00096951839156546045 0.0052095437935599344 -0.0092109478506371273 0.0021000659378189899
leaf_weight=40 796 63 124 64 41 382 42 48 56 40 45 49 42 121
leaf_count=40 796 63 124 64 41 382 42 48 56 40 45 49 42 121
internal_value=0.000640041 0.00194468 0.0015667 0.00218216 0.00282828 0.00226554 -0.00152672 0.00371179 -0.00797101 -0.0146341 0.00258216 0.00680934 0.00288462 0.00662651
internal_weight=1953 1157 1117 1054 990 949 262 687 138 82 639 257 208 166
internal_count=1953 1157 1117 1054 990 949 262 687 138 82 639 257 208 166
is_linear=0
shrinkage=0.05


Tree=297
num_leaves=15
num_cat=0
split_feature=8 8 6 4 4 2 7 2 2 2 2 2 4 0
split_gain=2.59601 3.27438 3.61969 5.7158 3.69383 2.17309 2.62815 2.0345 1.82413 1.8256 2.99894 2.34436 7.07652 2.1232
threshold=0.77300000000000013 0.9295000000000001 9.1185000000000027 16.346500000000002 23.160000000000004 0.90542393716278702 118.72900000000001 0.97117852567439111 0.8524709262517346 0.73832635400310653 0.67209495862812607 0.50618570606421198 15.719000000000003 10.144500000000003
decision_type=2 2 2 2 2 2 2 2 2 2 2 2 2 2
left_child=5 -2 -3 -4 -5 8 -7 -8 9 10 11 13 -13 -1
right_child=1 2 3 4 -6 6 7 -9 -10 -11 -12 12 -14 -15
leaf_value=0.001570927388806609 -0.002637371852072141 0.00011304671063482319 -0.0032436457348890392 0.0026633910462798048 -0.00061294688461296931 -0.0060172327871358955 0.0015492360030620546 -0.00022705735683160034 0.00063224269869340411 -0.00017065657696108962 0.0043849310392622244 -0.013888684668447483 0.00053078109577218838 0.0002472502314231767
leaf_weight=62 42 61 78 73 40 81 55 56 47 79 43 44 47 1145
leaf_count=62 42 61 78 73 40 81 55 56 47 79 43 44 47 1145
internal_value=0.000588838 -0.0037415 -0.0015873 -0.00497382 0.00221239 0.00135624 -0.00364583 0.00135135 0.00201091 0.00169014 0.00212528 0.00169492 -0.00604396 0.00227838
internal_weight=1953 294 252 191 113 1659 192 111 1467 1420 1341 1298 91 1207
internal_count=1953 294 252 191 113 1659 192 111 1467 1420 1341 1298 91 1207
is_linear=0
shrinkage=0.05


Tree=298
num_leaves=15
num_cat=0
split_feature=8 1 7 6 5 7 6 4 0 8 8 6 8 3
split_gain=2.85108 2.69392 3.58775 3.72056 2.53235 4.06584 2.85273 2.86884 2.77703 4.29582 5.23125 3.45714 2.18436 3.25684
threshold=0.83200000000000007 0.76864763646026912 161.09700000000001 11.633000000000001 2.1710000000000007 49.957000000000008 5.8245000000000013 16.399000000000004 9.2185000000000024 -0.32549999999999996 -1.0704999999999998 8.2940000000000023 0.37300000000000005 93.33550000000001
decision_type=2 2 2 2 2 2 2 2 2 2 2 2 2 2
left_child=4 2 -2 -4 6 -6 -1 -8 9 10 -7 -11 -10 -14
right_child=1 -3 3 -5 5 8 7 -9 12 11 -12 -13 13 -15
leaf_value=0.0015214538123140442 -0.00073412141329718414 0.00010504487204023861 0.0026490422315411408 -0.00066886240153715281 0.0013351682020635164 -0.00075103867259822548 -9.6865825885217313e-05 -0.0033186846280503835 0.00018552146082654876 -0.0039451286848893969 0.004166740102438682 -0.00038805869649564744 7.5475624585575471e-05 0.0092385860122533806
leaf_weight=41 71 66 87 56 40 53 66 40 1147 40 62 72 59 53
leaf_count=41 71 66 87 56 40 53 66 40 1147 40 62 72 59 53
internal_value=0.000384025 -0.00428571 -0.00700935 -0.00244755 0.00116557 0.00176933 -0.00510204 -0.00943396 0.0013459 -0.00374449 0.00304348 -0.0107143 0.0022637 0.00892857
internal_weight=1953 280 214 143 1673 1526 147 106 1486 227 115 112 1259 112
internal_count=1953 280 214 143 1673 1526 147 106 1486 227 115 112 1259 112
is_linear=0
shrinkage=0.05


Tree=299
num_leaves=15
num_cat=0
split_feature=4 5 4 5 0 1 4 3 0 3 7 0 2 5
split_gain=1.76277 3.10333 3.39286 4.1876 2.24255 7.29152 6.98704 4.54508 3.42094 2.77504 5.33344 1.87716 5.39105 1.75142
threshold=7.0475000000000012 12.255000000000001 6.1160000000000005 5.6090000000000009 21.741500000000002 0.26744970170045884 9.4305000000000003 92.912500000000009 21.148000000000003 3.1315000000000004 740.47950000000014 19.713000000000005 -0.85470766365158146 1.0185000000000002
decision_type=2 2 2 2 2 2 2 2 2 2 2 2 2 2
left_child=1 2 3 -1 8 6 -6 9 11 -8 -11 13 -13 -2
right_child=4 -3 -4 -5 5 -7 7 -9 -10 10 -12 12 -14 -15
leaf_value=-0.0025140976692982001 0.0014453811216983414 -0.0015178364985341281 -0.0013727433570759424 0.0061020188277638478 0.0047475748552981978 0.0033026973684228871 0.0053422774878009397 0.0026377814937735278 -0.01074562790693483 -0.023173742540448419 -0.00014067792252816513 -0.0015012352307711642 0.0052983801872389276 1.2470120199792323e-05
leaf_weight=54 43 48 40 58 44 43 40 73 48 48 63 47 61 1243
leaf_count=54 43 48 40 58 44 43 40 73 48 48 63 47 61 1243
internal_value=0.000947261 -0.0035 0 0.00446429 0.00145465 0.00530547 0.00223881 -0.00133929 0.000624133 -0.00629139 -0.0103604 0.00107604 0.00740741 0.000544323
internal_weight=1953 200 152 112 1753 311 268 224 1442 151 111 1394 108 1286
internal_count=1953 200 152 112 1753 311 268 224 1442 151 111 1394 108 1286
is_linear=0
shrinkage=0.05


end of trees

feature_importances:
Column_4=558
Column_8=537
Column_1=520
Column_7=504
Column_0=469
Column_5=469
Column_2=444
Column_6=439
Column_3=260

parameters:
[boosting: gbdt]
[objective: regression_l1]
[metric: l1]
[tree_learner: serial]
[device_type: cpu]
[data_sample_strategy: bagging]
[data: ]
[valid: ]
[num_iterations: 300]
[learning_rate: 0.05]
[num_leaves: 15]
[num_threads: 1]
[seed: 42]
[deterministic: 1]
[force_col_wise: 0]
[force_row_wise: 1]
[histogram_pool_size: -1]
[max_depth: -1]
[min_data_in_leaf: 40]
[min_sum_hessian_in_leaf: 0.001]
[bagging_fraction: 1]
[pos_bagging_fraction: 1]
[neg_bagging_fraction: 1]
[bagging_freq: 0]
[bagging_seed: 400]
[bagging_by_query: 0]
[feature_fraction: 1]
[feature_fraction_bynode: 1]
[feature_fraction_seed: 30056]
[extra_trees: 0]
[extra_seed: 12879]
[early_stopping_round: 0]
[early_stopping_min_delta: 0]
[first_metric_only: 0]
[max_delta_step: 0]
[lambda_l1: 0]
[lambda_l2: 0]
[linear_lambda: 0]
[min_gain_to_split: 0]
[drop_rate: 0.1]
[max_drop: 50]
[skip_drop: 0.5]
[xgboost_dart_mode: 0]
[uniform_drop: 0]
[drop_seed: 17869]
[top_rate: 0.2]
[other_rate: 0.1]
[min_data_per_group: 100]
[max_cat_threshold: 32]
[cat_l2: 10]
[cat_smooth: 10]
[max_cat_to_onehot: 4]
[top_k: 20]
[monotone_constraints: ]
[monotone_constraints_method: basic]
[monotone_penalty: 0]
[feature_contri: ]
[forcedsplits_filename: ]
[refit_decay_rate: 0.9]
[cegb_tradeoff: 1]
[cegb_penalty_split: 0]
[cegb_penalty_feature_lazy: ]
[cegb_penalty_feature_coupled: ]
[path_smooth: 0]
[interaction_constraints: ]
[verbosity: -1]
[saved_feature_importance_type: 0]
[use_quantized_grad: 0]
[num_grad_quant_bins: 4]
[quant_train_renew_leaf: 0]
[stochastic_rounding: 1]
[linear_tree: 0]
[max_bin: 255]
[max_bin_by_feature: ]
[min_data_in_bin: 3]
[bin_construct_sample_cnt: 200000]
[data_random_seed: 175]
[is_enable_sparse: 1]
[enable_bundle: 1]
[use_missing: 1]
[zero_as_missing: 0]
[feature_pre_filter: 1]
[pre_partition: 0]
[two_round: 0]
[header: 0]
[label_column: ]
[weight_column: ]
[group_column: ]
[ignore_column: ]
[categorical_feature: ]
[forcedbins_filename: ]
[precise_float_parser: 0]
[parser_config_file: ]
[objective_seed: 16083]
[num_class: 1]
[is_unbalance: 0]
[scale_pos_weight: 1]
[sigmoid: 1]
[boost_from_average: 1]
[reg_sqrt: 0]
[alpha: 0.9]
[fair_c: 1]
[poisson_max_delta_step: 0.7]
[tweedie_variance_power: 1.5]
[lambdarank_truncation_level: 30]
[lambdarank_norm: 1]
[label_gain: ]
[lambdarank_position_bias_regularization: 0]
[eval_at: ]
[multi_error_top_k: 1]
[auc_mu_weights: ]
[num_machines: 1]
[local_listen_port: 12400]
[time_out: 120]
[machine_list_filename: ]
[machines: ]
[gpu_platform_id: -1]
[gpu_device_id: -1]
[gpu_device_id_list: ]
[gpu_use_dp: 0]
[num_gpu: 1]

end of parameters

pandas_categorical:null
