tree
version=v4
num_class=1
num_tree_per_iteration=1
label_index=0
max_feature_idx=4
objective=regression_l1
feature_names=Column_0 Column_1 Column_2 Column_3 Column_4
feature_infos=[1.03:39.417999999999999] [-0.99999073973619013:0.99999073973619013] [-1:1] [0:100] [0.48599999999999999:53.107999999999997]
tree_sizes=1421 1419 1431 1434 1426 1427 1430 1426 1413 1421 1434 1440 1433 1432 1442 1427 1441 1431 1434 1434 1442 1439 1434 1441 1434 1423 1416 1436 1436 1434 1434 1438 1446 1441 1442 1425 1420 1446 1434 1432 1441 1448 1415 1441 1453 1450 1429 1450 1455 1436 1450 1443 1447 1439 1440 1432 1453 1444 1445 1456 1441 1450 1448 1451 1455 1438 1444 1419 1473 1453 1440 1447 1433 1451 1459 1427 1448 1449 1427 1423 1440 1453 1446 1462 1465 1452 1440 1441 1441 1440 1442 1441 1448 1449 1468 1457 1457 1449 1445 1451 1449 1440 1439 1454 1422 1434 1452 1451 1440 1440 1450 1453 1443 1443 1457 1431 1443 1451 1458 1441 1450 1423 1413 1429 1459 1472 1419 1438 1446 1426 1456 1431 1451 1457 1451 1447 1455 1460 1418 1456 1448 1451 1454 1458 1445 1443 1438 1454 1454 1455 1462 1452 1447 1424 1461 1462 1454 1475 1435 1471 1429 1442 1448 1464 1455 1422 1451 1458 1450 1446 1451 1450 1449 1469 1440 1445 1448 1461 1440 1466 1470 1444 1435 1454 1466 1442 1455 1463 1437 1468 1453 1457 1448 1461 1450 1430 1434 1451 1455 1444 1453 1456 1466 1453 1472 1450 1447 1451 1447 1432 1461 1458 1433 1446 1455 1455 1439 1458 1460 1458 1457 1473 1447 1464 1459 1453 1452 1439 1461 1433 1464 1470 1437 1466 1445 1441 1456 1423 1413 1433 1441 1434 1442 1450 1414 1440 1452 1457 1468 1459 1462 1443 1449 1447 1442 1453 1441 1425 1429 1417 1453 1464 1445 1434 1434 1460 1444 1461 1463 1458 1442 1443 1444 1462 1453 1449 1445 1457 1441 1448 1448 1467 1453 1440 1466 1445 1443 1435 1462 1459 1454 1451 1442 1451 1460 1436 1463 1450 1457 1443

Tree=0
num_leaves=15
num_cat=0
split_feature=0 4 0 3 4 3 1 1 3 3 1 2 1 4
split_gain=204.983 73.4652 39.7968 23.8917 20.5673 16.1721 15.2907 12.6199 11.4614 11.3662 10.6492 10.3517 9.97017 11.3339
threshold=15.162000000000001 9.8880000000000017 21.048500000000001 20.073000000000004 18.820500000000006 96.074500000000015 -0.98211651112579568 0.28397372121269165 99.997500000000016 92.694500000000019 0.94130860066615818 0.46105717635705401 1.0000000180025095e-35 11.233000000000002
decision_type=2 2 2 2 2 2 2 2 2 2 2 2 2 2
left_child=1 5 3 -2 8 -1 -5 9 10 -4 -3 -7 -8 -14
right_child=2 4 7 6 -6 11 12 -9 -10 -11 -12 -13 13 -15
leaf_value=-0.11404999978840351 -0.1322249997407198 -0.07985000051558018 -0.15940000303089619 -0.11955000050365924 -0.052600001171231266 -0.057849999144673349 -0.07259999997913838 -0.095825000107288366 -0.055875000730156894 -0.13549999929964543 -0.10980000086128712 -0.10619999952614308 -0.12950000055134298 -0.090975000150501723
leaf_weight=121 120 211 235 58 345 47 176 52 188 118 46 65 51 120
leaf_count=121 120 211 235 58 345 47 176 52 188 118 46 65 51 120
internal_value=-0.092 -0.0765552 -0.108989 -0.0999048 -0.0692785 -0.101227 -0.0940988 -0.120765 -0.076382 -0.124153 -0.0832451 -0.0875357 -0.0901268 -0.0987251
internal_weight=1953 1023 930 525 790 233 405 405 445 353 257 112 347 171
internal_count=1953 1023 930 525 790 233 405 405 445 353 257 112 347 171
is_linear=0
shrinkage=1


Tree=1
num_leaves=15
num_cat=0
split_feature=0 4 0 4 3 3 4 4 3 2 1 1 3 4
split_gain=184.868 71.4418 38.8498 18.1262 17.5834 13.6769 10.5042 9.78234 9.67584 9.12308 9.02047 8.59306 9.92342 7.35944
threshold=15.162000000000001 9.8880000000000017 22.260000000000002 20.259500000000003 97.52300000000001 93.544000000000025 16.134500000000003 10.286500000000002 99.997500000000016 0.46105717635705401 0.081558489694578698 0.45914483320598681 66.244500000000016 16.233000000000004
decision_type=2 2 2 2 2 2 2 2 2 2 2 2 2 2
left_child=1 5 4 8 6 -1 -2 -6 11 -7 -4 13 -13 -3
right_child=2 3 10 -5 7 9 -8 -9 -10 -11 -12 12 -14 -15
leaf_value=-0.022072500046342612 -0.035522499140352014 0.0112674998678267 -0.063354997988790282 0.039329999927431351 -0.024274998959153891 0.030242499504238369 -0.013263750430196525 0.013579999674111604 0.035368749368935824 -0.014464999493211509 -0.030508748516440393 -0.012183749619871379 0.012389999870210886 0.023292500395327806
leaf_weight=118 191 88 222 280 60 49 166 208 214 66 83 66 83 59
leaf_count=118 191 88 222 280 60 49 166 208 214 66 83 66 83 59
internal_value=0.000435228 0.0151026 -0.0156989 0.0222785 -0.00856 -0.00922747 -0.0158263 0.0011194 0.0166667 0.00304348 -0.0303279 0.0108108 0.00234899 0.0193878
internal_weight=1953 1023 930 790 625 233 357 268 510 115 305 296 149 147
internal_count=1953 1023 930 790 625 233 357 268 510 115 305 296 149 147
is_linear=0
shrinkage=0.05


Tree=2
num_leaves=15
num_cat=0
split_feature=0 4 0 4 3 1 1 1 3 2 0 3 0 4
split_gain=176.729 56.052 38.8332 19.6041 16.9106 13.2241 12.5322 9.02047 8.80025 10.5861 7.93095 7.80673 7.1154 9.58676
threshold=15.030000000000001 9.1930000000000032 22.260000000000002 21.932500000000005 20.073000000000004 -0.97109105924028405 0.90880922144842624 0.081558489694578698 93.544000000000025 0.46105717635705401 13.013000000000002 95.089500000000015 20.086500000000004 20.896500000000003
decision_type=2 2 2 2 2 2 2 2 2 2 2 2 2 2
left_child=1 8 4 6 -2 -6 -3 -4 -1 -10 11 -8 13 -7
right_child=2 3 7 -5 5 12 10 -9 9 -11 -12 -13 -14 -15
leaf_value=-0.023568875842727724 -0.037312623792327936 0.021792281323112547 -0.060187248089350769 0.038288499942980711 -0.026801500936038794 -0.0002302500894293194 -0.013200812845490873 -0.028983311090618372 0.032130375458858905 -0.015466749661602081 -0.011898313148878514 0.03466049992199987 -0.010364624956622721 0.032485374709591272
leaf_weight=108 147 460 222 208 83 223 41 83 44 58 41 55 130 50
leaf_count=108 147 460 222 208 83 223 41 83 44 58 41 55 130 50
internal_value=-2.56016e-05 0.0144335 -0.0156716 0.0204348 -0.00860979 -0.00411523 0.0158291 -0.0303279 -0.00857143 0.00196078 0.00255474 0.0104167 -0.000372208 0.00421245
internal_weight=1953 1015 938 805 633 486 597 305 210 102 137 96 403 273
internal_count=1953 1015 938 805 633 486 597 305 210 102 137 96 403 273
is_linear=0
shrinkage=0.05


Tree=3
num_leaves=15
num_cat=0
split_feature=0 4 0 4 3 1 0 3 3 0 3 2 1 1
split_gain=162.695 50.6244 37.9264 20.5269 17.224 8.39805 8.29885 8.57079 7.94171 7.67461 9.08716 7.64169 7.40549 7.08782
threshold=15.162000000000001 9.0115000000000016 22.319500000000001 18.820500000000006 20.073000000000004 -0.97109105924028405 7.3215000000000012 93.544000000000025 82.355000000000004 18.461500000000004 82.228500000000011 0.46105717635705401 0.081558489694578698 0.36523833096101394
decision_type=2 2 2 2 2 2 2 2 2 2 2 2 2 2
left_child=1 6 4 8 -2 -6 -1 -8 13 10 -7 -5 -4 -3
right_child=2 3 12 11 5 9 7 -9 -10 -11 -12 -13 -14 -15
leaf_value=-0.031479422069853172 -0.035971993294125419 0.0089895110317971573 -0.057677885208046065 0.025999074409389866 -0.025094081727741288 -0.014976550669828432 -0.028415430477028714 0.017940221708314493 0.023485697798570619 -0.0087620193005539491 0.029275371476472356 0.036573886472871527 -0.027759145619533954 -0.006116613920638338
leaf_weight=56 146 93 216 146 82 59 69 78 301 221 124 199 82 81
leaf_count=56 146 93 216 146 82 59 69 78 301 221 124 199 82 81
internal_value=-2.56016e-05 0.0137341 -0.0151613 0.0192683 -0.00822785 -0.0037037 -0.00862069 -0.00238095 0.0125263 -0.000742574 0.0068306 0.0285507 -0.0298658 0.00402299
internal_weight=1953 1023 930 820 632 486 203 147 475 404 183 345 298 174
internal_count=1953 1023 930 820 632 486 203 147 475 404 183 345 298 174
is_linear=0
shrinkage=0.05


Tree=4
num_leaves=15
num_cat=0
split_feature=0 4 0 4 3 1 0 1 4 1 0 3 3 0
split_gain=152.301 47.0223 32.7372 20.1135 15.4674 9.58822 8.7545 8.53237 10.8711 8.31298 7.93095 7.80673 7.63842 7.16932
threshold=15.030000000000001 9.0115000000000016 22.319500000000001 21.932500000000005 20.073000000000004 0.90880922144842624 7.3215000000000012 -0.96683886033945943 15.011000000000001 0.081558489694578698 13.013000000000002 95.089500000000015 93.544000000000025 18.461500000000004
decision_type=2 2 2 2 2 2 2 2 2 2 2 2 2 2
left_child=1 6 4 5 -2 -3 -1 8 -6 -4 11 -7 -8 -9
right_child=2 3 9 -5 7 10 12 13 -10 -11 -12 -13 -14 -15
leaf_value=-0.029905450966360516 -0.033579862251805606 0.019161413230507171 -0.054793990947643756 0.034674121904855131 -0.02781396960621001 -0.012234941507184412 -0.026994658953177278 0.014423743689599214 0.00039577914247987888 -0.026371188338557262 -0.010997566795402673 0.031627521205430387 0.022226845505132806 -0.0080022772869933392
leaf_weight=56 148 469 216 208 49 41 69 184 41 82 41 55 76 218
leaf_count=56 148 469 216 208 49 41 69 184 41 82 41 55 76 218
internal_value=2.56016e-05 0.0134483 -0.0144989 0.0187961 -0.008125 0.0141914 -0.00820896 -0.00386179 -0.0177778 -0.0281879 0.00255474 0.0104167 -0.00172414 -0.000746269
internal_weight=1953 1015 938 814 640 606 201 492 90 298 137 96 145 402
internal_count=1953 1015 938 814 640 606 201 492 90 298 137 96 145 402
is_linear=0
shrinkage=0.05


Tree=5
num_leaves=15
num_cat=0
split_feature=0 4 3 4 0 0 4 0 3 1 3 1 1 2
split_gain=137.045 44.5957 30.6777 20.3945 14.1741 10.7339 9.2533 9.0163 8.2249 8.07221 8.06181 7.61261 7.55189 7.52505
threshold=15.162000000000001 18.820500000000006 78.70950000000002 9.1930000000000032 20.086500000000004 22.383500000000005 20.312500000000004 7.3215000000000012 93.544000000000025 0.89391031859722891 99.997500000000016 0.94130860066615818 0.9685579242316591 -0.41079147501339891
decision_type=2 2 2 2 2 2 2 2 2 2 2 2 2 2
left_child=1 3 5 7 6 -2 13 -1 -9 -3 11 -5 -11 -4
right_child=2 9 4 10 -6 -7 -8 8 -10 12 -12 -13 -14 -15
leaf_value=-0.020124170106234379 -0.024460309985771922 0.033086675456777799 0.019454392501907104 0.0085458989934207637 -0.020937429968175013 -0.052504294547386809 0.029241775426100763 -0.025644926005518418 0.021115503229876167 -0.00093458466722478738 0.028494983820511036 -0.01471169183443731 0.029365414152603249 -0.013646607976174011
leaf_weight=61 294 251 108 222 215 184 41 71 80 41 196 48 53 88
leaf_count=61 294 251 108 222 215 184 41 71 80 41 196 48 53 88
internal_value=0.000128008 0.0127566 -0.0137634 0.00530973 -0.00442478 -0.0225941 0.00400844 -0.00754717 -0.000993377 0.0273913 0.0111588 0.00555556 0.0148936 -0.000510204
internal_weight=1953 1023 930 678 452 478 237 212 151 345 466 270 94 196
internal_count=1953 1023 930 678 452 478 237 212 151 345 466 270 94 196
is_linear=0
shrinkage=0.05


Tree=6
num_leaves=15
num_cat=0
split_feature=0 4 0 4 3 3 0 4 2 3 3 2 1 0
split_gain=124.317 42.51 30.9647 18.814 14.071 11.6423 8.83759 8.58151 8.90363 6.90928 6.64528 6.4515 6.37099 4.57919
threshold=14.833000000000002 9.0115000000000016 22.319500000000001 20.312500000000004 20.073000000000004 82.355000000000004 7.3215000000000012 13.220000000000001 -0.78621243120361772 82.355000000000004 93.544000000000025 -0.04732138832243208 0.47434769705567625 16.092500000000005
decision_type=2 2 2 2 2 2 2 2 2 2 2 2 2 2
left_child=1 6 4 5 11 12 -1 8 -6 -4 -8 -2 -3 -9
right_child=2 3 9 -5 7 -7 10 13 -10 -11 -12 -13 -14 -15
leaf_value=-0.02740396991273077 -0.037259323764350233 0.0080546694577388524 -0.049743252912692965 0.031224701635682764 0.0085788175168396204 0.022529861120758214 -0.024362679705242495 0.017311401183976918 -0.023187881404332322 -0.031752424093847487 0.018809727770359136 -0.0016529518340110589 -0.0089174613791800968 0.00015598311712054295
leaf_weight=56 112 107 190 274 62 337 65 41 129 108 73 40 87 272
leaf_count=56 112 107 190 274 62 337 65 41 129 108 73 40 87 272
internal_value=0.000435228 0.0127628 -0.0124738 0.0178261 -0.00640244 0.0123352 -0.00824742 -0.00238095 -0.010733 -0.0258389 -0.00144928 -0.0197368 0.00257732 0.00271565
internal_weight=1953 999 954 805 656 531 194 504 191 298 138 152 194 313
internal_count=1953 999 954 805 656 531 194 504 191 298 138 152 194 313
is_linear=0
shrinkage=0.05


Tree=7
num_leaves=15
num_cat=0
split_feature=0 4 3 3 4 0 0 1 0 1 4 1 4 0
split_gain=119.384 45.4222 20.4721 16.8949 11.5896 10.2544 9.32611 9.29959 7.86438 7.29637 6.87954 6.0956 6.07603 5.86173
threshold=18.540500000000005 20.312500000000004 82.355000000000004 49.851000000000006 6.9720000000000004 12.059000000000001 25.458000000000002 0.30041382580050413 13.867000000000003 -0.96230016621822467 12.419500000000001 0.5043284533698108 10.286500000000002 8.6960000000000015
decision_type=2 2 2 2 2 2 2 2 2 2 2 2 2 2
left_child=1 2 5 7 -4 13 12 -2 -3 -6 -7 -10 -5 -1
right_child=3 8 4 6 9 10 -8 -9 11 -11 -12 -13 -14 -15
leaf_value=-0.0047993138418475859 -0.050656033778762134 0.032421106554471051 -0.014638405680974491 -0.03391829309772082 -0.019196632257144783 -0.049077315215031482 -0.048191468486918555 -0.024924335695613566 0.027549845154929073 0.019610037812113387 -0.0035335565434244953 -0.0033142457016692149 -0.0036669153624016241 0.0070997239887771431
leaf_weight=122 184 241 64 68 43 83 58 72 65 483 108 40 235 87
leaf_count=122 184 241 64 68 43 83 58 72 65 483 108 40 235 87
internal_value=0.000281618 0.00868263 0.00323232 -0.0179092 0.00915254 -0.0055 -0.0109418 -0.0277344 0.0242775 0.011597 -0.0138743 0.0128571 -0.00742574 0.00215311
internal_weight=1953 1336 990 617 590 400 361 256 346 526 191 105 303 209
internal_count=1953 1336 990 617 590 400 361 256 346 526 191 105 303 209
is_linear=0
shrinkage=0.05


Tree=8
num_leaves=15
num_cat=0
split_feature=0 4 4 0 3 1 2 3 2 0 0 4 1 4
split_gain=104.328 40.6261 19.5355 16.9099 13.0245 12.1964 10.8944 7.71471 8.07094 7.20043 6.54573 5.89693 5.363 5.21485
threshold=18.540500000000005 20.312500000000004 9.1930000000000032 13.403500000000003 61.786000000000008 0.28397372121269165 -0.57240397273781507 93.544000000000025 0.46105717635705401 13.867000000000003 25.458000000000002 10.286500000000002 0.5043284533698108 11.706500000000002
decision_type=2 2 2 2 2 2 2 2 2 2 2 2 2 2
left_child=1 2 7 -4 5 -2 -5 -1 -9 -3 11 -6 -11 -8
right_child=4 9 3 6 10 -7 13 8 -10 12 -12 -13 -14 -15
leaf_value=-0.022259708060201805 -0.0472166549689024 0.030800051226747501 0.014194367260764127 0.016849174294349522 -0.032222378442834779 -0.020678118791623595 -0.067022364949932911 0.016907634282425116 -0.0169971857723746 0.026172352897182616 -0.049233562043163814 -0.0023742026402520829 -0.003148533416585754 -0.0033940782557496359
leaf_weight=134 209 241 439 92 64 78 40 70 58 65 51 215 40 157
leaf_count=134 209 241 439 92 64 78 40 70 58 65 51 215 40 157
internal_value=0.000230415 0.00808383 0.00292929 0.00714286 -0.0167747 -0.0245645 -0.00224913 -0.00877863 0 0.0228324 -0.01 -0.00698925 0.0119048 -0.00888325
internal_weight=1953 1336 990 728 617 287 289 262 128 346 330 279 105 197
internal_count=1953 1336 990 728 617 287 289 262 128 346 330 279 105 197
is_linear=0
shrinkage=0.05


Tree=9
num_leaves=15
num_cat=0
split_feature=0 4 3 3 1 4 4 1 3 2 0 1 1 0
split_gain=99.5702 37.1089 18.1948 10.651 12.0355 9.49955 8.1214 9.02852 7.48525 10.4004 6.88765 6.88077 6.68849 6.54573
threshold=18.540500000000005 20.312500000000004 82.355000000000004 61.786000000000008 0.28397372121269165 6.9720000000000004 11.233000000000002 0.36523833096101394 99.992500000000021 0.55601743665704428 12.564500000000001 -0.96230016621822467 0.93535928755917841 25.458000000000002
decision_type=2 2 2 2 2 2 2 2 2 2 2 2 2 2
left_child=1 2 6 4 -2 -4 10 -8 9 12 -1 -7 -3 -5
right_child=3 8 5 13 -6 11 7 -9 -10 -11 -12 -13 -14 -15
leaf_value=-0.0068915957216033668 -0.044855822220457281 -0.0029911067457564656 -0.01390424660967703 -0.0087844459672285578 -0.019644212852042417 -0.018168376052750866 0.0060372317978841092 -0.0079556690485507401 0.032157351839372406 0.032960494815544208 -0.05216588137895764 0.017919817558469508 0.015059049143003822 -0.046771883941005628
leaf_weight=89 209 74 64 279 78 43 117 130 172 57 64 483 43 51
leaf_count=89 209 74 64 279 78 43 117 130 172 57 64 483 43 51
internal_value=0.000486431 0.00815868 0.00323232 -0.0161264 -0.0231707 0.00881356 -0.005 0.000607287 0.0222543 0.0149425 -0.0140523 0.0110266 0.00641026 -0.01
internal_weight=1953 1336 990 617 287 590 400 247 346 174 153 526 117 330
internal_count=1953 1336 990 617 287 590 400 247 346 174 153 526 117 330
is_linear=0
shrinkage=0.05


Tree=10
num_leaves=15
num_cat=0
split_feature=0 4 0 4 3 0 2 0 1 1 3 4 2 2
split_gain=91.4366 31.5772 22.2522 16.0968 9.77151 9.4186 8.14797 9.49987 6.57721 9.86842 5.96295 5.44786 5.37544 5.1689
threshold=14.833000000000002 9.6380000000000017 22.319500000000001 21.932500000000005 20.073000000000004 6.4595000000000011 -0.44437817810461328 13.976000000000001 0.081558489694578698 -0.80392051724781044 93.544000000000025 13.220000000000001 -0.15621076983770799 -0.78621243120361772
decision_type=2 2 2 2 2 2 2 2 2 2 2 2 2 2
left_child=1 5 4 6 12 -1 -3 -8 9 -4 -7 13 -2 -6
right_child=2 3 8 -5 11 10 7 -9 -10 -11 -12 -13 -14 -15
leaf_value=-0.018996236439985104 -0.0318796640748066 0.03949089021555089 -0.0035485225448937925 0.026231983991401836 0.010393643677939303 -0.018218320585077753 0.012786165926173237 -0.0080292043850101243 -0.015193105053573384 -0.050980489146423516 0.015147366899190776 0.0018706781876762502 -0.001004002409976617 -0.019561018535893468
leaf_weight=43 106 48 45 207 62 85 486 43 82 171 87 313 46 129
leaf_count=43 106 48 45 207 62 85 486 43 82 171 87 313 46 129
internal_value=0.000588838 0.0111612 -0.0104822 0.0158163 -0.00533537 -0.00581395 0.0115251 0.00973535 -0.0218121 -0.0263889 -0.000581395 -0.00198413 -0.0164474 -0.00863874
internal_weight=1953 999 954 784 656 215 577 529 298 216 172 504 152 191
internal_count=1953 999 954 784 656 215 577 529 298 216 172 504 152 191
is_linear=0
shrinkage=0.05


Tree=11
num_leaves=15
num_cat=0
split_feature=0 4 0 3 2 2 4 3 1 0 1 4 1 1
split_gain=85.2469 31.7949 15.8422 15.3307 11.9156 10.0025 9.83881 7.58608 8.70701 6.82346 6.03429 5.95572 5.52464 8.59649
threshold=16.314500000000002 20.312500000000004 22.319500000000001 20.073000000000004 -0.66248835645380588 0.53553085593708327 10.178000000000003 49.851000000000006 -0.97873101657557338 13.403500000000003 -0.38962684145003712 9.8880000000000017 0.081558489694578698 -0.80392051724781044
decision_type=2 2 2 2 2 2 2 2 2 2 2 2 2 2
left_child=1 3 7 5 -5 -1 10 -2 -9 -8 -6 -7 13 -4
right_child=2 -3 12 4 6 11 9 8 -10 -11 -12 -13 -14 -15
leaf_value=-0.022447967000046611 -0.026622813199891515 0.023501057997947376 -0.0033710964176491029 0.028336347934411418 0.0077179708653867564 -0.013939921017269808 0.015298830686631459 -0.021257400167820364 0.00079592825037481734 -0.0029201247999184293 -0.012416219994213711 0.0085460621977835362 -0.014433449800894713 -0.048431464689102338
leaf_weight=75 164 296 45 56 55 52 321 52 304 91 120 69 82 171
leaf_count=75 164 296 45 56 55 52 321 52 304 91 120 69 82 171
internal_value=0.000691244 0.00955947 -0.0116137 0.0045888 0.00832037 -0.00765306 0.00621806 -0.00634615 -0.00224719 0.0104369 -0.00371429 0.00123967 -0.0208054 -0.025
internal_weight=1953 1135 818 839 643 196 587 520 356 412 175 121 298 216
internal_count=1953 1135 818 839 643 196 587 520 356 412 175 121 298 216
is_linear=0
shrinkage=0.05


Tree=12
num_leaves=15
num_cat=0
split_feature=0 4 3 3 0 1 2 4 2 4 4 1 0 3
split_gain=80.5368 31.609 12.7468 9.53845 8.60855 8.29186 8.23343 7.70063 7.67838 7.64086 7.48251 7.12787 9.7702 6.8889
threshold=18.540500000000005 20.896500000000003 99.997500000000016 51.31450000000001 13.867000000000003 0.30041382580050413 0.7617289487545823 13.686500000000002 -0.7418964003681634 18.820500000000006 11.706500000000002 0.849084144669916 8.6960000000000015 99.992500000000021
decision_type=2 2 2 2 2 2 2 2 2 2 2 2 2 2
left_child=1 2 4 5 9 -2 13 -5 -6 11 -4 12 -1 -3
right_child=3 6 10 7 8 -7 -8 -9 -10 -11 -12 -13 -14 -15
leaf_value=-0.0046601693342883414 -0.041454968233592362 0.009200247110199308 0.00064740895563432659 -0.024077553404135428 0.014293054137533762 -0.017495962290037758 0.028665528616346171 -0.0026282199388633397 -0.016250283709492535 0.020361112067319397 0.025591042969578127 -0.02034966184599396 0.0082629071859592184 0.030665529689229778
leaf_weight=143 186 113 146 162 51 73 97 196 197 47 242 86 119 95
leaf_count=143 186 113 146 162 51 73 97 196 197 47 242 86 119 95
internal_value=0.000435228 0.00733533 0.00315228 -0.0145057 -0.00116641 -0.0218147 0.0214754 -0.00921788 -0.00846774 0.00341772 0.0103093 0.000862069 0.00496183 0.0158654
internal_weight=1953 1336 1031 617 643 259 305 358 248 395 388 348 262 208
internal_count=1953 1336 1031 617 643 259 305 358 248 395 388 348 262 208
is_linear=0
shrinkage=0.05


Tree=13
num_leaves=15
num_cat=0
split_feature=0 4 4 0 0 3 2 3 2 0 1 1 1 2
split_gain=73.2592 28.1862 10.3803 9.94963 9.59262 6.60889 5.97563 6.11785 5.80818 5.57809 5.19416 8.19201 5.00816 4.79886
threshold=18.540500000000005 20.896500000000003 9.6380000000000017 13.867000000000003 22.319500000000001 95.301500000000019 0.7617289487545823 99.992500000000021 -0.15621076983770799 9.2935000000000016 0.081558489694578698 -0.80392051724781044 0.88267879832554763 0.63874942205152718
decision_type=2 2 2 2 2 2 2 2 2 2 2 2 2 2
left_child=1 2 -1 9 -2 -5 7 -3 -7 -4 11 -6 13 -11
right_child=4 6 3 5 10 8 -8 -9 -10 12 -12 -13 -14 -15
leaf_value=-0.0080892643697754486 -0.013353309397068431 0.0087402347546893435 0.0044573469549342619 -0.0070088980647599677 -0.0030711305998234796 0.030075144734235882 0.027232252185528862 0.029132253204768289 -0.0090974852922700283 0.036546851592809425 -0.012672439418495647 -0.043937143042967607 0.008178643476746834 0.015830695281786478
leaf_weight=278 319 113 222 142 45 82 97 95 53 81 82 171 80 93
leaf_count=278 319 113 222 142 45 82 97 95 53 81 82 171 80 93
internal_value=0.000230415 0.00681138 0.0028613 0.00590969 -0.0140194 -0.00162455 0.0201639 0.0153846 0.0062963 0.0102941 -0.0204698 -0.024537 0.0153543 0.0201149
internal_weight=1953 1336 1031 753 617 277 305 208 135 476 298 216 254 174
internal_count=1953 1336 1031 753 617 277 305 208 135 476 298 216 254 174
is_linear=0
shrinkage=0.05


Tree=14
num_leaves=15
num_cat=0
split_feature=0 4 3 3 2 1 4 0 4 2 4 1 2 3
split_gain=65.8262 26.585 10.0755 10.0716 9.57867 8.36509 7.53813 7.51029 6.21345 7.81157 6.11325 6.11257 6.09596 7.40929
threshold=18.540500000000005 20.896500000000003 82.355000000000004 61.786000000000008 -0.66248835645380588 0.28397372121269165 6.9720000000000004 11.892500000000002 11.635500000000002 -0.87620967433411445 14.736500000000001 -0.80392051724781044 0.58534685349953219 87.862000000000009
decision_type=2 2 2 2 2 2 2 2 2 2 2 2 2 2
left_child=1 2 7 5 -4 11 -6 -1 9 -5 -9 -2 13 -3
right_child=3 12 4 8 6 -7 -8 10 -10 -11 -12 -13 -14 -15
leaf_value=0.0022731347745497204 -0.014083227864820514 0.00060932762564304692 0.030287284174667209 -0.0077822885215242804 -0.016186783028086304 -0.014933334571320149 0.0096592203403223012 -0.037376431767039087 -0.0022946886888460249 -0.038392482512413888 -0.00023785583151406665 -0.048390286701442395 0.026098139810051643 0.022232688975696097
leaf_weight=215 54 76 83 46 57 78 467 118 225 59 91 155 132 97
leaf_count=215 54 76 83 46 57 78 467 118 225 59 91 155 132 97
internal_value=-2.56016e-05 0.00621257 0.00237633 -0.0135332 0.00650741 -0.0203833 0.00400763 -0.00353774 -0.00757576 -0.017619 -0.0102871 -0.0255981 0.0191803 0.0130058
internal_weight=1953 1336 1031 617 607 287 524 424 330 105 209 209 305 173
internal_count=1953 1336 1031 617 607 287 524 424 330 105 209 209 305 173
is_linear=0
shrinkage=0.05


Tree=15
num_leaves=15
num_cat=0
split_feature=0 4 0 2 4 2 3 4 2 3 1 1 0 2
split_gain=59.6277 20.8473 17.3627 11.0966 7.77878 8.49163 7.8412 6.9098 6.30733 6.32166 4.7322 4.53543 4.36502 5.22974
threshold=14.833000000000002 18.820500000000006 22.319500000000001 -0.51479280150983053 11.493500000000003 -0.81202266594587924 97.52300000000001 9.6380000000000017 0.58534685349953219 94.369000000000014 -0.78297285307474485 -0.96230016621822467 6.1860000000000008 0.81404609350821777
decision_type=2 2 2 2 2 2 2 2 2 2 2 2 2 2
left_child=1 3 4 -1 5 -2 -6 12 9 -3 -7 -8 -5 -14
right_child=2 8 -4 7 6 10 11 -9 -10 -11 -12 -13 13 -15
leaf_value=0.027479792581593311 0.016276811499697407 -0.00019224323379310183 -0.027091614267447457 -0.026501626219116114 -0.0073653841222915449 -0.01390638321329851 -0.013763011359015932 0.0065883405450650051 0.021490731942019673 0.024293808036189232 -0.042698202846381594 0.020996054646120581 -0.011500058921845019 0.0108281790140346
leaf_weight=47 41 70 298 41 286 66 41 410 176 93 64 158 111 51
leaf_count=47 41 70 298 41 286 66 41 410 176 93 64 158 111 51
internal_value=-0.000179211 0.00835836 -0.0091195 0.00318182 -0.00457317 -0.0137427 -0.00134021 0.00138662 0.0184366 0.0113497 -0.02 0.00628141 -0.00615764 -0.00246914
internal_weight=1953 999 954 660 656 171 485 613 339 163 130 199 203 162
internal_count=1953 999 954 660 656 171 485 613 339 163 130 199 203 162
is_linear=0
shrinkage=0.05


Tree=16
num_leaves=15
num_cat=0
split_feature=0 4 3 2 0 0 3 2 4 4 2 1 1 1
split_gain=58.7128 24.4386 10.4393 8.50743 8.04466 6.8894 6.23087 5.87757 5.49194 5.35525 5.54018 5.25449 4.75925 6.67154
threshold=18.540500000000005 20.896500000000003 99.519500000000008 -0.42640316431117214 22.319500000000001 12.448500000000001 99.992500000000021 0.55601743665704428 18.778000000000002 16.134500000000003 -0.48754425631212789 0.92263100495486405 0.081558489694578698 -0.80392051724781044
decision_type=2 2 2 2 2 2 2 2 2 2 2 2 2 2
left_child=1 2 5 -4 -2 8 7 11 -1 10 -7 -3 13 -6
right_child=4 6 3 -5 12 9 -8 -9 -10 -11 -12 -13 -14 -15
leaf_value=0.0007007840239805816 -0.011406349186405457 -0.0078161865008264698 0.031728132763701879 0.0068045271756587413 -0.0014482589220176313 0.00060808652619806502 0.023203585499470471 0.027165634798149586 0.015174989636245912 0.0011644998933000167 -0.023621905944584583 0.0084392322199549254 -0.0097795261008288559 -0.039664928367611513
leaf_weight=277 319 57 83 363 45 49 160 48 40 91 128 40 82 171
leaf_count=277 319 57 83 363 45 49 160 48 40 91 128 40 82 171
internal_value=-0.000128008 0.00576347 0.00208535 0.00784753 -0.0128849 -0.00230769 0.0181967 0.0106897 0.00268139 -0.00820896 -0.0132768 0.00360825 -0.0187919 -0.0226852
internal_weight=1953 1336 1031 446 617 585 305 145 317 268 177 97 298 216
internal_count=1953 1336 1031 446 617 585 305 145 317 268 177 97 298 216
is_linear=0
shrinkage=0.05


Tree=17
num_leaves=15
num_cat=0
split_feature=0 4 3 0 2 2 4 0 1 0 3 4 1 3
split_gain=52.8969 21.8229 10.5684 7.98256 7.03699 5.81122 5.55724 6.06628 8.13137 6.58929 5.9116 5.46662 5.41242 4.76287
threshold=18.540500000000005 20.896500000000003 99.997500000000016 22.319500000000001 -0.42640316431117214 0.7617289487545823 4.9495000000000013 15.162000000000001 0.73831951690629083 7.2260000000000009 67.819000000000017 11.706500000000002 0.098678873477280007 87.862000000000009
decision_type=2 2 2 2 2 2 2 2 2 2 2 2 2 2
left_child=1 2 6 -2 -4 13 -1 8 9 12 -10 -6 -8 -3
right_child=3 5 4 -5 11 -7 7 -9 10 -11 -12 -13 -14 -15
leaf_value=-0.025211584109359343 -0.010836031727085185 0.006358539703671057 0.032950727867775711 -0.023802473808786112 -0.0019462022309025954 0.022331016713675329 -0.0096816949756654003 -0.010764540352032882 -0.019289888516645051 0.0089915737861162772 0.0068293175645622265 0.016195083717828379 0.0030384157714313715 0.020600505550478238
leaf_weight=45 319 86 70 298 125 97 40 163 73 195 82 193 45 122
leaf_count=45 319 86 70 298 125 97 40 163 73 195 82 193 45 122
internal_value=-0.000128008 0.00546407 0.00198836 -0.0122366 0.00850515 0.0172131 -0.00194401 -0.000668896 0.00241379 0.0075 -0.00677419 0.00534591 -0.00411765 0.0125
internal_weight=1953 1336 1031 617 388 305 643 598 435 280 155 318 85 208
internal_count=1953 1336 1031 617 388 305 643 598 435 280 155 318 85 208
is_linear=0
shrinkage=0.05


Tree=18
num_leaves=15
num_cat=0
split_feature=0 4 0 2 3 4 2 1 1 3 4 1 4 4
split_gain=45.7512 16.6585 14.1754 11.2407 6.94145 6.05727 5.82078 5.76555 6.25956 6.0239 5.76082 5.63063 4.85218 4.53007
threshold=14.833000000000002 18.820500000000006 22.756500000000006 -0.51479280150983053 96.909500000000023 16.134500000000003 -0.64297064596386244 0.59055600833485278 0.030073020370188292 94.369000000000014 9.6380000000000017 0.064414007683963548 14.366000000000001 22.075000000000003
decision_type=2 2 2 2 2 2 2 2 2 2 2 2 2 2
left_child=1 3 4 -1 5 -2 11 8 -3 -9 -5 12 -4 -6
right_child=2 7 6 10 13 -7 -8 9 -10 -11 -12 -13 -14 -15
leaf_value=0.025621185062008802 -0.019957227542207502 0.0147453358684645 -0.045192823928363816 -0.0071888434802229034 -0.00047504073675721793 -0.0013223654337923456 0.00211702430264451 -0.0011725194298661673 0.026112564779697839 0.020487489961306213 0.0057607456214826712 -0.0093828237147944582 -0.040688406974088931 0.018399046834804686
leaf_weight=47 216 128 91 203 259 177 40 63 58 90 410 74 57 40
leaf_count=47 216 128 91 203 259 177 40 63 58 90 410 74 57 40
internal_value=0.000179211 0.00765766 -0.00765199 0.0030303 -0.00390173 -0.00826972 -0.0175573 0.0166667 0.0225806 0.00947712 0.00122349 -0.0207207 -0.0263514 0.00183946
internal_weight=1953 999 954 660 692 393 262 339 186 153 613 222 148 299
internal_count=1953 999 954 660 692 393 262 339 186 153 613 222 148 299
is_linear=0
shrinkage=0.05


Tree=19
num_leaves=15
num_cat=0
split_feature=0 4 0 2 3 1 2 4 1 4 1 3 1 4
split_gain=37.605 13.2673 13.1174 9.56738 7.53876 9.07203 8.57467 5.52986 8.09601 5.49119 5.04729 4.769 4.58079 3.72316
threshold=14.833000000000002 18.820500000000006 24.995000000000001 -0.51479280150983053 49.851000000000006 -0.97109105924028405 -0.18163955523420786 11.748000000000003 0.20061247795988868 9.6380000000000017 0.59055600833485278 94.369000000000014 0.064414007683963548 14.094500000000002
decision_type=2 2 2 2 2 2 2 2 2 2 2 2 2 2
left_child=1 3 4 -1 6 -6 -2 8 -7 -5 -3 -12 -4 -11
right_child=2 10 12 9 5 7 -8 -9 -10 13 11 -13 -14 -15
leaf_value=0.024340125808908361 -0.025768759265438691 0.01784111171442512 -0.036092779638668915 -0.0068294013062117579 -0.014330436337355791 0.0059532124017721878 0.0029865059458111767 0.0054494113132060804 -0.02915556241673626 0.011070001554631002 -0.0011138934583728582 0.0194631154632409 -0.0087181042604011719 -7.1871147598394366e-05
leaf_weight=47 209 186 111 203 80 77 68 309 48 199 63 90 52 211
leaf_count=47 209 186 111 203 80 77 68 309 48 199 63 90 52 211
internal_value=7.68049e-05 0.00685686 -0.00702306 0.00272727 -0.00436157 -0.00077821 -0.0110108 0.00207373 -0.0068 0.00106036 0.0148968 0.00816993 -0.0199387 0.00439024
internal_weight=1953 999 954 660 791 514 277 434 125 613 339 153 163 410
internal_count=1953 999 954 660 791 514 277 434 125 613 339 153 163 410
is_linear=0
shrinkage=0.05


Tree=20
num_leaves=15
num_cat=0
split_feature=0 4 2 3 4 3 2 3 0 1 3 2 4 1
split_gain=33.3143 16.1115 12.7423 7.78867 8.70726 7.61149 7.03374 6.52583 6.25512 5.77758 5.22 6.19855 4.76044 4.53704
threshold=18.540500000000005 18.820500000000006 -0.73026093638528167 61.786000000000008 10.827500000000002 99.997500000000016 0.61287127154566789 3.8790000000000004 28.156500000000005 0.95747632178960107 16.835000000000004 0.27779130397453933 12.134000000000002 0.98336225177674941
decision_type=2 2 2 2 2 2 2 2 2 2 2 2 2 2
left_child=1 2 -1 8 -5 7 13 -4 -2 12 -9 -12 -7 -3
right_child=3 6 5 4 -6 9 -8 10 -10 -11 11 -13 -14 -15
leaf_value=0.026296090783671969 -0.021818614703191009 0.0078497141900337446 0.0041090421336646647 -0.023778420067610856 0.00017310790413804236 -0.0035453068011583773 0.016935141853758887 -0.01123401654801205 -0.045428950686255049 0.025778865260849389 -0.011667656526618666 0.0021169844798457058 0.021624538014557271 0.014329394340662461
leaf_weight=82 245 216 69 87 243 120 169 128 42 43 138 177 140 54
leaf_count=82 245 216 69 87 243 120 169 128 42 43 138 177 140 54
internal_value=0.000128008 0.00456587 0.000724638 -0.00948136 -0.00424242 -0.00116564 0.0124146 -0.00488281 -0.0155052 0.00511551 -0.00711061 -0.00365079 0.00230769 0.00740741
internal_weight=1953 1336 897 617 330 815 439 512 287 303 443 315 260 270
internal_count=1953 1336 897 617 330 815 439 512 287 303 443 315 260 270
is_linear=0
shrinkage=0.05


Tree=21
num_leaves=15
num_cat=0
split_feature=0 4 0 3 2 0 1 1 2 3 4 2 1 0
split_gain=31.3717 13.233 11.1755 7.00555 5.38725 4.91508 9.21994 7.48735 5.49766 4.70873 4.31376 4.64126 4.27866 4.24213
threshold=13.976000000000001 18.820500000000006 22.756500000000006 99.997500000000016 -0.58882848911713703 8.6960000000000015 0.73831951690629083 0.95747632178960107 0.54277338749235304 38.862000000000002 7.5740000000000007 -0.96356381914947564 -0.49316180905692092 9.9100000000000019
decision_type=2 2 2 2 2 2 2 2 2 2 2 2 2 2
left_child=1 5 3 -2 -5 -1 8 -8 -7 -3 -4 -12 -13 -10
right_child=2 9 10 4 -6 6 7 -9 13 -11 11 12 -14 -15
leaf_value=-0.0020436124194066225 -0.0071538234800771041 0.0021151529566949775 -0.03724325082636961 0.022318219568207526 -0.0007594906899578667 0.036776717516309086 -0.0078626592959712607 0.0081949888621332418 0.015990281031002536 0.018747832831334688 -0.042808509249788074 -0.014766278787529057 0.0016260377722122411 0.0071314683272203638
leaf_weight=264 553 54 40 109 129 53 75 66 50 251 84 76 62 87
leaf_count=264 553 54 40 109 129 53 75 66 50 251 84 76 62 87
internal_value=-7.68049e-05 0.00677778 -0.00593542 -0.00297092 0.00420168 0.00243697 0.00649547 -0.00319149 0.0136842 0.0152459 -0.0148855 -0.0121622 -0.00652174 0.00839416
internal_weight=1953 900 1053 791 238 595 331 141 190 305 262 222 138 137
internal_count=1953 900 1053 791 238 595 331 141 190 305 262 222 138 137
is_linear=0
shrinkage=0.05


Tree=22
num_leaves=15
num_cat=0
split_feature=0 4 4 0 1 1 2 3 0 3 2 4 3 2
split_gain=30.668 13.2501 11.8124 7.00186 11.165 7.16331 5.31344 4.88559 7.78576 4.48102 4.40098 4.02833 4.28877 3.95863
threshold=13.976000000000001 18.820500000000006 11.635500000000002 20.434500000000003 0.20061247795988868 -0.33708009192051164 -0.93090634677745676 99.01100000000001 12.133500000000002 38.862000000000002 0.32694223331140743 19.752000000000002 61.786000000000008 0.45207220393230446
decision_type=2 2 2 2 2 2 2 2 2 2 2 2 2 2
left_child=1 7 -2 6 5 11 -4 10 13 -3 -1 12 -5 -9
right_child=2 9 3 4 -6 -7 -8 8 -10 -11 -12 -13 -14 -15
leaf_value=-0.011658151388683516 -0.017917109598307387 0.0020093953088602293 0.024706883193566068 -0.020963877819765293 0.01978847750678402 -0.041635114968450432 -0.0001246224808412043 0.024596177448764828 0.038970144052264351 0.017810441189767958 0.0016410323307034123 -0.014039489343328833 0.0024940756908496315 -0.00093724549050590029
leaf_weight=82 323 54 51 48 63 93 376 61 51 251 226 40 59 175
leaf_count=82 323 54 51 48 63 93 376 61 51 251 226 40 59 175
internal_value=-0.000332821 0.00644444 -0.00612536 -0.00260274 -0.00841584 -0.0133333 0.00152225 0.00210084 0.00679443 0.014918 -0.00227273 -0.00646259 -0.00140187 0.0029661
internal_weight=1953 900 1053 730 303 240 427 595 287 305 308 147 107 236
internal_count=1953 900 1053 730 303 240 427 595 287 305 308 147 107 236
is_linear=0
shrinkage=0.05


Tree=23
num_leaves=15
num_cat=0
split_feature=0 4 4 0 2 1 3 3 0 1 1 3 4 2
split_gain=28.3947 12.2446 10.5037 6.65929 7.50346 7.13235 9.95035 5.58728 4.59576 7.39528 6.64763 4.4854 5.79012 5.20905
threshold=13.976000000000001 18.820500000000006 11.635500000000002 19.391500000000004 -0.91084115863148152 0.25084665036108239 61.786000000000008 38.862000000000002 8.6960000000000015 0.73831951690629083 0.95747632178960107 99.997500000000016 16.454500000000007 -0.33100558041451072
decision_type=2 2 2 2 2 2 2 2 2 2 2 2 2 2
left_child=1 8 -2 4 -4 6 -5 -3 -1 -10 -11 12 -6 -14
right_child=2 7 3 5 11 -7 -8 -9 9 10 -12 -13 13 -15
leaf_value=-0.0019590264694412289 -0.017021254118392014 0.0019089255434172172 0.035273343054768889 -0.037398575569772011 -0.01120575420844469 0.0076675771428573658 -0.0030039749396787527 0.01691991913027956 0.018039538492450203 -0.0075515779477078691 0.008297400583833759 0.0098271828516203908 -0.0042018742704214278 0.0069734501398532297
leaf_weight=264 323 54 43 120 91 76 172 251 190 75 66 95 58 75
leaf_count=264 323 54 43 120 91 76 172 251 190 75 66 95 58 75
internal_value=-7.68049e-05 0.00644444 -0.00565052 -0.00232877 0.00248619 -0.00706522 -0.0106164 0.0145902 0.00226891 0.00619335 -0.00248227 -0.00015674 -0.00401786 0.00263158
internal_weight=1953 900 1053 730 362 368 292 305 595 331 141 319 224 133
internal_count=1953 900 1053 730 362 368 292 305 595 331 141 319 224 133
is_linear=0
shrinkage=0.05


Tree=24
num_leaves=15
num_cat=0
split_feature=0 4 2 1 0 2 3 4 4 3 2 4 1 3
split_gain=24.8292 14.7407 8.0817 9.13483 7.46523 7.36153 6.93463 6.80026 5.93558 5.43857 5.20964 4.613 3.84694 6.00519
threshold=18.540500000000005 22.647000000000002 -0.77547391234167817 0.3491821996099142 13.976000000000001 0.35923451902495462 51.31450000000001 9.1930000000000032 11.635500000000002 75.664500000000018 -0.47495107206705001 19.752000000000002 0.30041382580050413 9.1205000000000016
decision_type=2 2 2 2 2 2 2 2 2 2 2 2 2 2
left_child=1 2 3 -1 7 -6 10 -4 -8 -3 12 -10 13 -2
right_child=6 9 4 -5 5 -7 8 -9 11 -11 -12 -13 -14 -15
leaf_value=0.059422645608125969 -0.040468564253646554 0.0031730257774251502 -0.0052647984807779116 0.0011928121787031455 -0.001790461781460951 -0.019930596699087418 -0.01447273849101673 0.0070781848690870319 0.0016099473677880284 0.017060274157534583 0.001420841115921523 -0.010734194394826894 -0.011618697056561733 -0.019728545394190736
leaf_weight=45 99 52 182 49 250 52 113 537 169 169 40 76 65 55
leaf_count=45 99 52 182 49 250 52 113 537 169 169 40 76 65 55
internal_value=0.000435228 0.00426647 0.00192825 0.0159574 0.000636631 -0.00596026 -0.00786062 0.00340751 -0.00335196 0.0160633 -0.0140927 0.00102041 -0.0171233 -0.0214286
internal_weight=1953 1336 1115 94 1021 302 617 719 358 221 259 245 219 154
internal_count=1953 1336 1115 94 1021 302 617 719 358 221 259 245 219 154
is_linear=0
shrinkage=0.05


Tree=25
num_leaves=15
num_cat=0
split_feature=0 4 4 0 1 3 3 0 1 1 1 2 0 2
split_gain=24.1108 12.2446 7.4495 6.61842 5.8574 7.22234 5.58728 4.59576 7.39528 6.64763 4.18736 3.55705 5.39982 3.11334
threshold=13.976000000000001 18.820500000000006 11.748000000000003 21.202000000000002 0.20061247795988868 13.243 38.862000000000002 8.6960000000000015 0.73831951690629083 0.95747632178960107 0.61794704089537544 0.57132313271480106 9.9100000000000019 -0.19851654827941614
decision_type=2 2 2 2 2 2 2 2 2 2 2 2 2 2
left_child=1 7 13 -4 5 -5 -3 10 11 -10 -1 -9 -13 -2
right_child=2 6 3 4 -6 -7 -8 8 9 -11 -12 12 -14 -15
leaf_value=-0.004170167416429402 -0.011037762203733648 0.0015571990000835508 0.00059435527795534686 -0.040432885751692661 0.019543803949121197 -0.013437579624381569 0.015720013930311229 0.033764751741723512 -0.0075279082937768265 0.0077802543959284076 0.0080347990211717263 0.014074941577634959 0.0037519801753431018 -0.036577506674847167
leaf_weight=191 261 54 479 63 41 133 251 56 75 66 73 49 85 76
leaf_count=191 261 54 479 63 41 133 251 56 75 66 73 49 85 76
internal_value=0.000435228 0.00644444 -0.00470085 -0.00181564 -0.00864979 -0.0122449 0.0145902 0.00226891 0.00619335 -0.00248227 -0.00265152 0.0126316 0.00820896 -0.0108309
internal_weight=1953 900 1053 716 237 196 305 595 331 141 264 190 134 337
internal_count=1953 900 1053 716 237 196 305 595 331 141 264 190 134 337
is_linear=0
shrinkage=0.05


Tree=26
num_leaves=15
num_cat=0
split_feature=0 4 4 3 0 3 3 2 4 3 3 3 4 4
split_gain=20.9932 12.9387 8.06002 5.99163 7.78576 5.33898 4.7898 5.02981 4.41267 6.39048 7.30519 4.95267 4.07072 6.86219
threshold=13.976000000000001 18.820500000000006 13.6485 99.01100000000001 12.133500000000002 38.862000000000002 99.776500000000013 -0.96801877525786306 19.441000000000003 54.14350000000001 4.8715000000000002 56.323500000000003 22.075000000000003 16.346500000000002
decision_type=2 2 2 2 2 2 2 2 2 2 2 2 2 2
left_child=1 3 -2 -1 -5 -3 7 -4 9 10 -9 -10 13 -8
right_child=2 5 6 4 -6 -7 12 8 11 -11 -12 -13 -14 -15
leaf_value=-0.0025481626887363319 -0.012425659696040928 0.001479339050079373 -0.034068040545042692 0.0068837886022469087 0.034077513094488102 0.014934013233795668 0.030079096968789604 0.0024512748528909747 0.00050493123948178729 0.012484348807690445 -0.021088042841604687 -0.01276570064316249 0.013562368394900347 -0.0084169989786009574
leaf_weight=308 468 54 70 236 51 251 46 40 77 95 70 63 43 81
leaf_count=308 468 54 70 236 51 251 46 40 77 95 70 63 43 81
internal_value=0.000281618 0.00588889 -0.00451092 0.00159664 0.00679443 0.0142623 -0.000598291 -0.00349398 -0.00101449 0.00365854 -0.00454545 -0.00785714 0.00647059 0.0019685
internal_weight=1953 900 1053 595 287 305 585 415 345 205 110 140 170 127
internal_count=1953 900 1053 595 287 305 585 415 345 205 110 140 170 127
is_linear=0
shrinkage=0.05


Tree=27
num_leaves=15
num_cat=0
split_feature=0 4 2 1 3 4 0 4 2 1 3 4 4 3
split_gain=17.6744 15.1086 8.82119 6.80921 6.62861 5.46295 5.5211 5.63099 5.4535 6.75656 6.50094 4.81227 6.74074 4.41944
threshold=18.540500000000005 22.647000000000002 -0.77547391234167817 0.3491821996099142 75.664500000000018 9.6380000000000017 13.976000000000001 12.161500000000002 -0.62971025403082126 -0.97109105924028405 49.851000000000006 10.960000000000003 19.588000000000005 22.790500000000005
decision_type=2 2 2 2 2 2 2 2 2 2 2 2 2 2
left_child=1 2 3 -1 -3 -4 -7 -8 10 -10 -2 -12 -13 -9
right_child=8 4 5 -5 -6 6 7 13 9 -11 11 12 -14 -15
leaf_value=0.056842645512751956 -0.026205886271380124 0.0029594101626820345 -0.0051203770826164481 0.00098089006322567003 0.016077678329140827 0.006082133628708841 -0.044606541316201252 0.0035873834620993002 -0.010813970989293632 0.0020519478517611657 -0.025224902692770043 0.0035251715969293581 -0.026374487733435783 -0.0028248696087078144
leaf_weight=45 196 52 265 49 169 528 44 48 42 135 62 128 54 136
leaf_count=45 196 52 265 49 169 528 44 48 42 135 62 128 54 136
internal_value=0.000435228 0.00366766 0.00130045 0.0159574 0.0156109 -4.89716e-05 0.0021164 -0.00438596 -0.00656402 0.000847458 -0.00954545 -0.00409836 0 -0.000543478
internal_weight=1953 1336 1115 94 221 1021 756 228 617 177 440 244 182 184
internal_count=1953 1336 1115 94 221 1021 756 228 617 177 440 244 182 184
is_linear=0
shrinkage=0.05


Tree=28
num_leaves=15
num_cat=0
split_feature=0 4 4 0 3 3 0 4 2 1 2 0 2 2
split_gain=16.4131 13.3014 6.88396 6.00038 5.09634 4.80909 5.4628 4.51248 3.9985 8.71137 6.15194 4.52187 3.65242 2.93624
threshold=13.976000000000001 18.820500000000006 11.748000000000003 23.712000000000003 38.862000000000002 99.01100000000001 12.133500000000002 8.7765000000000022 -0.19851654827941614 -0.78297285307474485 -0.79877937288636469 22.756500000000006 -0.9951106240145321 -0.96356381914947564
decision_type=2 2 2 2 2 2 2 2 2 2 2 2 2 2
left_child=1 5 8 12 -3 -1 7 -7 9 -2 11 -11 -4 -13
right_child=2 4 3 -5 -6 6 -8 -9 -10 10 -12 13 -14 -15
leaf_value=-0.0022778887939150813 0.01682545447653146 0.0011793335027906319 -0.022142368754203657 -0.02566649570523798 0.013506515772126516 -0.014601736188577741 0.032069530758328246 0.012407587512676722 -0.033871329502171942 0.0090325719238023069 -0.030659205416538118 -0.032855966787285099 0.00093184556006438717 -0.0099344910660072866
leaf_weight=308 46 54 41 112 251 55 51 181 76 57 76 42 563 40
leaf_count=308 46 54 41 112 251 55 51 181 76 57 76 42 563 40
internal_value=0.000486431 0.00544444 -0.00375119 -0.000977654 0.0139344 0.00109244 0.00574913 0.00254237 -0.00964392 -0.00670498 -0.0109302 -0.00467626 0.000993377 -0.0121951
internal_weight=1953 900 1053 716 305 595 287 236 337 261 215 139 604 82
internal_count=1953 900 1053 716 305 595 287 236 337 261 215 139 604 82
is_linear=0
shrinkage=0.05


Tree=29
num_leaves=15
num_cat=0
split_feature=0 4 4 0 3 2 1 3 3 4 4 1 2 1
split_gain=14.5983 11.3419 6.63668 5.18015 4.80909 4.91307 4.65868 3.893 3.41112 5.18192 5.18508 3.23325 3.23183 6.89903
threshold=13.976000000000001 18.820500000000006 11.748000000000003 23.712000000000003 99.01100000000001 0.90176596055897751 0.59055600833485278 94.369000000000014 99.812500000000014 22.075000000000003 17.138500000000004 0.5043284533698108 -0.19851654827941614 -0.78297285307474485
decision_type=2 2 2 2 2 2 2 2 2 2 2 2 2 2
left_child=1 4 12 8 -1 11 -3 -8 -4 10 -10 -6 13 -2
right_child=2 6 3 -5 5 -7 7 -9 9 -11 -12 -13 -14 -15
leaf_value=-0.0021639943542193273 0.015984181752704885 0.012199551977444595 -0.001970281478996526 -0.024383170919976088 0.025607014695347121 -0.0055893478644024443 -0.0017697740368947169 0.012821097094205695 0.01043477513462516 0.012573724414174198 -0.007901497827238738 0.0096931846432688155 -0.032177763027063343 -0.01659271692999471
leaf_weight=308 46 171 411 112 80 72 51 83 92 40 61 135 76 215
leaf_count=308 46 171 411 112 80 72 51 83 92 40 61 135 76 215
internal_value=0.000435228 0.00511111 -0.00356125 -0.000837989 0.00109244 0.00574913 0.0129508 0.00597015 0.000993377 0.00647668 0.00228758 0.00953488 -0.00934718 -0.00670498
internal_weight=1953 900 1053 716 595 287 305 134 604 193 153 215 337 261
internal_count=1953 900 1053 716 595 287 305 134 604 193 153 215 337 261
is_linear=0
shrinkage=0.05


Tree=30
num_leaves=15
num_cat=0
split_feature=0 4 2 3 2 0 1 3 3 1 0 3 3 1
split_gain=15.2643 10.34 7.50752 4.62253 6.26979 7.78492 7.00629 4.53053 4.29675 6.98061 4.65483 3.82174 4.16981 3.79269
threshold=18.540500000000005 18.446500000000004 -0.73026093638528167 51.31450000000001 -0.96356381914947564 20.478000000000005 0.30041382580050413 74.706000000000003 41.409500000000008 -0.14153898451656977 13.867000000000003 99.555000000000021 3.8790000000000004 0.23416947364604893
decision_type=2 2 2 2 2 2 2 2 2 2 2 2 2 2
left_child=1 2 -1 4 -2 -6 -7 -5 9 -3 -10 12 -4 -12
right_child=3 8 11 7 5 6 -8 -9 10 -11 13 -13 -14 -15
leaf_value=0.018563628939465126 -0.031944281612204521 0.0096097401021598989 0.0045558619375050723 0.0038361220417878678 -0.038457190309537953 -0.010132275871771701 0.023763050073194441 -0.0066477472288780362 0.012566825247353842 -0.0035012151942626548 0.010930974396542996 0.0047746798612772218 -0.0054728707874694875 -0.0031624860795991016
leaf_weight=80 69 40 68 54 41 103 46 304 255 68 57 340 387 41
leaf_count=80 69 40 68 54 41 103 46 304 255 68 57 340 387 41
internal_value=0.000588838 0.00359281 0.0004 -0.00591572 -0.0110039 -0.00631579 -0.00100671 -0.00223464 0.00965293 0.000925926 0.0123229 -0.00106918 -0.00406593 0.00306122
internal_weight=1953 1336 875 617 259 190 149 358 461 108 353 795 455 98
internal_count=1953 1336 875 617 259 190 149 358 461 108 353 795 455 98
is_linear=0
shrinkage=0.05


Tree=31
num_leaves=15
num_cat=0
split_feature=0 4 1 3 3 3 0 0 4 4 4 2 2 1
split_gain=15.9112 11.9145 9.94646 5.08618 10.8653 5.00712 4.29637 5.80898 3.78736 6.85048 3.48518 5.20012 6.22321 4.53959
threshold=20.894000000000002 22.169000000000004 0.26744970170045884 9.1205000000000016 1.1800000000000002 75.664500000000018 26.969000000000005 24.995000000000001 9.8880000000000017 20.031500000000005 11.493500000000003 -0.72066714955386091 -0.31473592273745027 0.90880922144842624
decision_type=2 2 2 2 2 2 2 2 2 2 2 2 2 2
left_child=1 10 3 4 -2 -3 7 8 -5 -10 11 -1 -13 -12
right_child=2 5 -4 6 -6 -7 -8 -9 9 -11 13 12 -14 -15
leaf_value=0.02967911604782221 -0.0017780394546871249 0.0024289692192013251 0.0082532714200358234 -0.023009684123241825 -0.035626891617880976 0.012643113130924569 0.0051043309115935079 -0.034700810255309432 0.0031348228698313942 -0.026553832159770526 0.0036450242582784678 -0.024151957305829381 -0.001593297478504946 -0.0036127200027905692
leaf_weight=44 43 72 63 42 62 193 44 43 81 41 691 64 325 145
leaf_count=44 43 72 63 42 62 193 44 43 81 41 691 64 325 145
internal_value=0.000640041 0.0029987 -0.00799523 -0.011236 -0.0204762 0.0126415 -0.00737052 -0.0103865 -0.00609756 -0.00163934 0.000985028 -0.00265589 -0.00449871 0.00287081
internal_weight=1953 1534 419 356 105 265 251 207 164 122 1269 433 389 836
internal_count=1953 1534 419 356 105 265 251 207 164 122 1269 433 389 836
is_linear=0
shrinkage=0.05


Tree=32
num_leaves=15
num_cat=0
split_feature=4 0 2 1 2 3 4 3 1 4 1 1 2 2
split_gain=12.9542 9.26987 5.44185 5.60196 4.92311 5.28691 5.43439 8.48161 4.91167 4.8788 5.91633 9.69826 5.04445 4.46668
threshold=25.133500000000002 18.540500000000005 -0.77547391234167817 0.3491821996099142 -0.62971025403082126 49.851000000000006 19.588000000000005 99.90600000000002 -0.96683886033945943 10.178000000000003 0.9594338453294492 0.823915376013162 0.48378379397820742 0.092265415903232631
decision_type=2 2 2 2 2 2 2 2 2 2 2 2 2 2
left_child=1 2 3 -1 5 -3 7 -7 -6 10 11 12 -4 -2
right_child=13 4 9 -5 8 6 -8 -9 -10 -11 -12 -13 -14 -15
leaf_value=0.053786806461980231 0.0065195279754915909 -0.022679541418873985 0.0081664769464106345 0.0075815936620180187 -0.0062607958482330311 0.0056969562607139413 -0.026791880964602645 -0.012009875039588436 0.0026928886171871725 0.0018666393509748167 0.014933594245516239 -0.042681036794844966 -0.009910459827250034 0.012784406154917539
leaf_weight=46 46 194 55 57 43 109 50 81 125 810 45 43 149 100
leaf_count=46 46 194 55 57 43 109 50 81 125 810 45 43 149 100
internal_value=0.000742448 -0.000415053 0.00211618 0.0131068 -0.00548173 -0.00829493 -0.00333333 0.000526316 0.00178571 0.00108893 -0.00445205 -0.00748988 -0.00294118 0.0150685
internal_weight=1953 1807 1205 103 602 434 240 190 168 1102 292 247 204 146
internal_count=1953 1807 1205 103 602 434 240 190 168 1102 292 247 204 146
is_linear=0
shrinkage=0.05


Tree=33
num_leaves=15
num_cat=0
split_feature=4 0 3 2 1 2 0 2 2 4 2 3 1 1
split_gain=11.136 7.92903 6.10988 4.75603 4.45702 4.58105 4.312 4.00476 3.66178 8.19789 6.38717 6.37076 4.55139 4.13264
threshold=25.133500000000002 22.756500000000006 99.757000000000019 -0.96356381914947564 0.97873101657557349 -0.66248835645380588 16.314500000000002 0.092265415903232631 0.42110087079608943 18.820500000000006 0.21113058295073206 98.756000000000014 -0.38118653245548278 0.94917575150333644
decision_type=2 2 2 2 2 2 2 2 2 2 2 2 2 2
left_child=1 2 8 -3 5 6 -4 -2 10 -10 11 12 -1 -14
right_child=7 3 4 -5 -6 -7 -8 -9 9 -11 -12 -13 13 -15
leaf_value=0.0029379498012023723 0.0061935515767170103 -0.029296912991352904 0.041585943544685769 -0.0045973819026772864 0.010292556844079035 0.00091929264486935317 0.010361682025088238 0.012145185847171664 -0.00029185462519698281 0.007630028561489169 -0.015549038312030911 -0.012755103517615572 -0.01127727110115076 0.0044219760651609992
leaf_weight=166 46 94 44 168 52 446 81 100 259 67 61 46 235 88
leaf_count=166 46 94 44 168 52 446 81 100 259 67 61 46 235 88
internal_value=0.00110087 2.76702e-05 0.00139159 -0.00801527 0.00521669 0.00394046 0.0124 0.0143836 -0.00119306 0.00306748 -0.00352349 -0.0017757 -0.000102249 -0.00356037
internal_weight=1953 1807 1545 262 623 571 125 146 922 326 596 535 489 323
internal_count=1953 1807 1545 262 623 571 125 146 922 326 596 535 489 323
is_linear=0
shrinkage=0.05


Tree=34
num_leaves=15
num_cat=0
split_feature=4 0 2 1 2 3 0 1 4 1 2 0 0 0
split_gain=11.5694 8.09375 5.44185 5.60196 4.4955 5.43857 4.29109 8.50216 4.11273 4.45832 4.00476 4.00069 3.92464 3.65906
threshold=25.133500000000002 18.540500000000005 -0.77547391234167817 0.3491821996099142 -0.96801877525786306 10.397000000000002 19.273500000000002 0.63137065367936085 9.6380000000000017 -0.84293373149377049 0.092265415903232631 11.776500000000002 6.1860000000000008 12.448500000000001
decision_type=2 2 2 2 2 2 2 2 2 2 2 2 2 2
left_child=1 2 3 -1 5 -3 -6 -8 9 -4 -2 12 -11 -10
right_child=10 4 8 -5 6 -7 7 -9 13 11 -12 -13 -14 -15
leaf_value=0.049798775499636877 0.0058838739978811618 -0.031940075525669 0.0077121884668466369 0.0077663775339746558 -0.019149892542190097 -0.0164301695855355 -0.0043675128075434198 0.020303568781443043 0.0046013201661326362 -0.021898207502838579 0.011537926554813083 -0.029380123947701023 0.003847656351623352 -0.0011706347890523936
leaf_weight=46 46 41 45 57 48 106 366 41 495 41 100 70 109 342
leaf_count=46 46 41 45 57 48 106 366 41 495 41 100 70 109 342
internal_value=0.000844854 -0.000249032 0.00211618 0.0131068 -0.00498339 -0.012585 -0.00252747 -0.000859951 0.00108893 -0.00433962 0.0143836 -0.00727273 -0.00266667 0.00280765
internal_weight=1953 1807 1205 103 602 147 455 407 1102 265 146 220 150 837
internal_count=1953 1807 1205 103 602 147 455 407 1102 265 146 220 150 837
is_linear=0
shrinkage=0.05


Tree=35
num_leaves=15
num_cat=0
split_feature=0 4 1 4 1 1 2 1 4 3 3 3 2 0
split_gain=10.4194 7.35101 5.77389 4.40314 6.8139 7.56522 5.89001 6.0229 5.456 4.39812 4.16348 3.94311 5.38389 3.89488
threshold=13.976000000000001 18.820500000000006 0.96230016621822489 13.935000000000002 -0.33708009192051164 -0.65189295912203338 0.092265415903232631 -0.89391031859722847 15.3085 5.4980000000000011 99.01100000000001 99.050000000000026 -0.02793410925094832 12.133500000000002
decision_type=2 2 2 2 2 2 2 2 2 2 2 2 2 2
left_child=1 10 3 6 5 11 7 -2 -6 -9 -1 12 -5 -12
right_child=2 -3 -4 4 8 -7 -8 9 -10 -11 13 -13 -14 -15
leaf_value=-0.0011265259155447183 0.0031891299191753697 0.0082400730810109346 0.0041545456949880159 -0.0024644677687590631 0.0081149147399774049 0.021646550117552069 -0.036345381695714871 -0.025334117130703215 -0.0099743807686519734 -0.0079953564189136194 0.0045913764177779289 -0.0080768568195774652 0.011377004595155463 0.028683953419327109
leaf_weight=308 70 305 68 76 41 54 57 65 226 265 236 84 47 51
leaf_count=308 70 305 68 76 41 54 57 65 226 265 236 84 47 51
internal_value=0.00104967 0.005 -0.00232669 -0.00329949 -0.000189394 0.00555556 -0.00689278 -0.00475 -0.00580524 -0.00757576 0.00176471 0.00120773 0.00691057 0.00609756
internal_weight=1953 900 1053 985 528 261 457 400 267 330 595 207 123 287
internal_count=1953 900 1053 985 528 261 457 400 267 330 595 207 123 287
is_linear=0
shrinkage=0.05


Tree=36
num_leaves=15
num_cat=0
split_feature=0 4 1 3 3 4 4 0 0 4 1 2 1 4
split_gain=9.75248 6.61918 5.85198 3.85396 4.19505 6.70873 8.56572 3.78905 5.62504 3.65305 5.9257 4.74847 4.80328 3.98525
threshold=13.976000000000001 18.820500000000006 0.96230016621822489 83.547500000000014 1.5515000000000001 13.6485 9.6380000000000017 13.098500000000003 12.164000000000001 13.935000000000002 -0.33708009192051164 0.092265415903232631 -0.88606241628642823 15.3085
decision_type=2 2 2 2 2 2 2 2 2 2 2 2 2 2
left_child=1 3 9 4 -1 6 -6 8 -3 11 -11 12 -2 -12
right_child=2 7 -4 -5 5 -7 -8 -9 -10 10 13 -13 -14 -15
leaf_value=0.0083459421440270128 0.0030296734232166003 0.0077778730116066152 0.0039468184102386143 0.0072639020712668909 -0.007029790462245048 -0.0098758285112391844 0.0076155415349127009 0.024677368986984211 -0.0040141572092190327 0.0024708097210179194 0.0077091690029785359 -0.034528112610929126 -0.010266829535281364 -0.0094756617302193744
leaf_weight=41 72 224 68 367 62 85 40 40 41 261 41 57 328 226
leaf_count=41 72 224 68 367 62 85 40 40 41 261 41 57 328 226
internal_value=0.000844854 0.00466667 -0.00242165 0.00159664 -0.00350877 -0.00668449 0.00196078 0.0106557 0.00849057 -0.00340102 -0.000568182 -0.00667396 -0.00475 -0.00580524
internal_weight=1953 900 1053 595 228 187 102 305 265 985 528 457 400 267
internal_count=1953 900 1053 595 228 187 102 305 265 985 528 457 400 267
is_linear=0
shrinkage=0.05


Tree=37
num_leaves=15
num_cat=0
split_feature=0 0 1 1 0 0 0 1 2 1 1 2 0 0
split_gain=9.75248 6.43863 11.2862 8.84216 5.24339 3.771 5.6395 8.08249 4.4013 4.1029 12.8799 9.25286 4.06691 8.21437
threshold=13.976000000000001 8.9100000000000019 0.88267879832554763 0.98336225177674941 8.5070000000000014 14.685500000000003 21.048500000000001 0.26744970170045884 -0.62971025403082126 1.0000000180025095e-35 -0.67760851415498091 -0.21533487516747371 19.980500000000003 18.461500000000004
decision_type=2 2 2 2 2 2 2 2 2 2 2 2 2 2
left_child=1 4 -3 -4 -1 -2 9 8 -8 10 -7 12 13 -11
right_child=5 2 3 -5 -6 6 7 -9 -10 11 -12 -13 -14 -15
leaf_value=0.00076668542809003317 -0.007888643740929225 0.011064748924806377 -0.0095973614405879606 0.0073387829456725119 -0.012277370622506559 -0.00081212781879534267 -0.020394016925926402 0.0087465335042947439 0.00057592907043110548 -0.0021656026592381489 0.039574221346827469 0.0195024401023252 0.0022861988144688844 -0.031375113828754311
leaf_weight=329 83 368 98 65 40 223 266 57 82 131 73 44 42 52
leaf_count=329 83 368 98 65 40 223 266 57 82 131 73 44 42 52
internal_value=0.000844854 0.00466667 0.00819209 -0.00276074 -0.000406504 -0.00242165 -0.00154639 -0.00604938 -0.00890805 0.00168142 0.00574324 -0.0027881 -0.00688889 -0.0101093
internal_weight=1953 900 531 163 369 1053 970 405 348 565 296 269 225 183
internal_count=1953 900 531 163 369 1053 970 405 348 565 296 269 225 183
is_linear=0
shrinkage=0.05


Tree=38
num_leaves=15
num_cat=0
split_feature=4 0 2 1 2 2 3 0 1 4 2 2 0 4
split_gain=8.84565 6.40938 5.09285 7.69438 4.77629 4.75151 4.592 4.13264 6.60092 3.07694 3.07528 9.95636 3.04573 4.49579
threshold=24.863500000000005 18.540500000000005 -0.44437817810461328 0.20061247795988868 -0.34964745525122826 -0.9951106240145321 99.555000000000021 19.166000000000004 0.63137065367936085 18.820500000000006 0.12643880951666986 0.55601743665704428 12.448500000000001 14.559500000000002
decision_type=2 2 2 2 2 2 2 2 2 2 2 2 2 2
left_child=1 2 3 -1 -4 -3 -5 -7 -9 12 -11 -12 -6 -14
right_child=-2 5 4 6 9 7 -8 8 -10 10 11 -13 13 -15
leaf_value=0.044366801723816233 0.0098634093667917047 -0.025177729718013572 -0.019770451445466394 -0.0013385666640968437 0.0012721300117685742 -0.017685700730860184 0.026491700660117298 -0.0050535738495882006 0.017346337463736702 0.009084674234990384 -0.01474912947477134 0.0051618450685482695 -0.010957541538964674 0.0031831851788390107
leaf_weight=45 153 56 41 95 487 43 65 460 43 79 50 110 158 68
leaf_count=45 153 56 41 95 487 43 65 460 43 79 50 110 158 68
internal_value=0.00120328 0.000222222 0.00233723 0.0095122 0.000855992 -0.00398671 0.004375 -0.0025641 -0.00129225 0.00157563 0.00648536 0.0025 -7.01262e-05 -0.00486726
internal_weight=1953 1800 1198 205 993 602 160 546 503 952 239 160 713 226
internal_count=1953 1800 1198 205 993 602 160 546 503 952 239 160 713 226
is_linear=0
shrinkage=0.05


Tree=39
num_leaves=15
num_cat=0
split_feature=0 2 3 2 0 1 1 4 2 0 2 0 4 0
split_gain=7.41747 5.08906 4.87445 6.07892 4.11251 5.40809 3.90316 7.95334 5.0634 7.9192 4.89615 7.9898 3.39918 3.40964
threshold=18.540500000000005 -0.9951106240145321 99.997500000000016 -0.57240397273781507 19.085000000000004 0.63137065367936085 0.45914483320598681 16.399000000000004 0.040813519545864409 14.264000000000001 0.60605034090854637 8.6100000000000012 12.134000000000002 6.785000000000001
decision_type=2 2 2 2 2 2 2 2 2 2 2 2 2 2
left_child=2 -2 6 -4 -3 -6 7 8 -1 -10 -9 -12 -5 -14
right_child=1 4 3 12 5 -7 -8 10 9 -11 11 -13 13 -15
leaf_value=0.013478330114467453 -0.023918843232112894 -0.020884144752111391 0.034493439117724144 -0.0015682087979986493 -0.0037775174421431357 0.017717634754731378 -0.0024297672860336961 0.0027091926069164785 0.00011991426756960099 -0.031372480406159545 0.0047850042888610599 0.014738573743092022 0.020487364371809369 0.0057109910511141922
leaf_weight=42 56 40 71 141 477 44 373 80 167 45 40 43 44 290
leaf_count=42 56 40 71 141 477 44 373 80 167 45 40 43 44 290
internal_value=0.00104967 -0.0034846 0.00314371 0.00677656 -0.00204991 -0.000863724 0.000632911 0.00395683 -0.0015748 -0.00471698 0.0125767 0.0210843 0.00473684 0.00748503
internal_weight=1953 617 1336 546 561 521 790 417 254 212 163 83 475 334
internal_count=1953 617 1336 546 561 521 790 417 254 212 163 83 475 334
is_linear=0
shrinkage=0.05


Tree=40
num_leaves=15
num_cat=0
split_feature=3 4 2 0 0 1 3 2 4 4 4 3 0 4
split_gain=7.73416 7.14073 5.56548 4.35627 4.76902 4.34353 4.20743 4.17057 4.0803 7.65482 5.0131 3.92245 3.91945 3.81641
threshold=99.997500000000016 11.493500000000003 -0.97218766834954651 25.797500000000003 23.712000000000003 -0.96230016621822467 44.06600000000001 0.63874942205152718 22.075000000000003 16.496000000000002 13.772000000000002 99.901000000000025 11.692000000000002 9.1930000000000032
decision_type=2 2 2 2 2 2 2 2 2 2 2 2 2 2
left_child=2 12 6 4 11 -3 -1 8 9 10 -7 13 -2 -4
right_child=1 5 3 -5 -6 7 -8 -9 -10 -11 -12 -13 -14 -15
leaf_value=-0.022821036317883014 0.0049937955294982643 -0.0024576534309168397 -0.0082323191440423667 0.0072134890284300873 -0.0097630520832471049 0.0087609231245590388 -0.010556623705225854 0.0028830282003881771 0.017842464113433633 0.00029041927990615878 0.032904661009141141 -0.011325220630011724 -0.009309800916774991 0.00054459616768583045
leaf_weight=59 82 42 195 66 55 60 61 172 66 102 61 50 102 780
leaf_count=59 82 42 195 66 55 60 61 172 66 102 61 50 102 780
internal_value=0.000896057 0.00516739 -0.0014218 -0.00034904 -0.00111111 0.0082505 -0.0116667 0.00965293 0.0133218 0.0100897 0.018595 -0.000341463 -0.00326087 0.000358974
internal_weight=1953 687 1266 1146 1080 503 120 461 289 223 121 1025 184 975
internal_count=1953 687 1266 1146 1080 503 120 461 289 223 121 1025 184 975
is_linear=0
shrinkage=0.05


Tree=41
num_leaves=15
num_cat=0
split_feature=3 4 2 0 0 1 1 1 0 0 4 2 1 4
split_gain=7.18787 5.41768 4.94818 5.62812 5.27206 4.12204 4.38241 4.25445 3.9812 3.07071 3.06946 6.8219 6.07675 5.56545
threshold=99.997500000000016 11.493500000000003 -0.96801877525786306 25.797500000000003 23.712000000000003 -0.96230016621822467 -0.86095304316285715 0.030073020370188292 25.116500000000006 12.843000000000002 16.399000000000004 0.88234143329564307 0.31676515716386888 19.314000000000004
decision_type=2 2 2 2 2 2 2 2 2 2 2 2 2 2
left_child=2 -2 8 4 10 -3 -7 9 -1 -8 -4 12 13 -12
right_child=1 5 3 -5 -6 6 7 -9 -10 -11 11 -13 -14 -15
leaf_value=-0.0063921328158106361 -0.0023572453201238415 -0.0023347707593709978 -0.0017858388469542061 0.0078691491948093446 -0.009313495032265251 0.021369666197156491 -0.0036213059851166133 0.012243862654311991 -0.026325841624734638 0.00471751986252128 0.0085234317458551343 0.013974415247553124 -0.0034090146592897471 0.00069815856693452444
leaf_weight=77 184 42 592 62 51 43 83 258 52 77 60 53 213 106
leaf_count=77 184 42 592 62 51 43 83 258 52 77 60 53 213 106
internal_value=0.00104967 0.00516739 -0.00118483 -0.000131926 -0.000976744 0.00785288 0.00921909 0.0076555 -0.0104651 0.00125 -0.000195313 0.00300926 0.000659631 0.00783133
internal_weight=1953 687 1266 1137 1075 503 461 418 129 160 1024 432 379 166
internal_count=1953 687 1266 1137 1075 503 461 418 129 160 1024 432 379 166
is_linear=0
shrinkage=0.05


Tree=42
num_leaves=15
num_cat=0
split_feature=3 2 2 0 2 4 3 2 1 4 4 1 4 4
split_gain=6.90751 6.01107 6.03771 5.83245 9.88138 6.78909 4.53143 4.4106 4.34006 3.95336 3.375 2.84459 4.95784 3.95122
threshold=49.851000000000006 0.67844406397199097 0.95506028457921099 19.594000000000005 -0.81901488666807976 22.647000000000002 1.0000000180025095e-35 0.45207220393230446 -0.94697898371965694 10.423500000000002 7.6865000000000014 0.064414007683963548 13.6485 15.3085
decision_type=2 2 2 2 2 2 2 2 2 2 2 2 2 2
left_child=1 6 -3 4 -2 -6 -1 -7 -8 10 -10 12 -5 -13
right_child=3 2 -4 11 5 7 8 -9 9 -11 -12 13 -14 -15
leaf_value=0.0012233071952787999 0.027821619772519537 0.0093324773791466833 -0.0029953638859471759 -0.016855070943314544 0.00050366370394850887 0.016163174391213894 0.0079321308299175868 0.0045493609205479292 -0.021174395274698516 -0.014984741764197224 0.0035980101997289422 0.020263964058131519 0.00058555803909231816 -0.0025929863801826547
leaf_weight=70 94 86 56 103 742 76 44 105 48 277 48 41 122 41
leaf_count=70 94 86 56 103 742 76 44 105 48 277 48 41 122 41
internal_value=0.000896057 -0.00341812 0.0056338 0.00294562 0.00476893 0.0031961 -0.00605749 0.0118785 -0.00803357 -0.00978552 -0.00104167 -0.00309446 -0.006 0.00487805
internal_weight=1953 629 142 1324 1017 923 487 181 417 373 96 307 225 82
internal_count=1953 629 142 1324 1017 923 487 181 417 373 96 307 225 82
is_linear=0
shrinkage=0.05


Tree=43
num_leaves=15
num_cat=0
split_feature=3 0 2 2 0 3 4 4 1 2 3 1 0 0
split_gain=6.743 6.47946 6.05537 4.69871 5.83271 4.36322 4.5357 6.63675 6.05365 5.64673 6.98694 4.26882 3.9812 3.9194
threshold=99.997500000000016 19.391500000000004 -0.57240397273781507 -0.96801877525786306 25.797500000000003 99.901000000000025 16.346500000000002 17.886500000000002 0.3491821996099142 -0.16705162550211924 75.664500000000018 -0.29259762607704948 25.116500000000006 23.538500000000003
decision_type=2 2 2 2 2 2 2 2 2 2 2 2 2 2
left_child=3 2 -2 12 5 6 13 8 -8 -9 11 -11 -1 -5
right_child=1 -3 -4 4 -6 -7 7 9 -10 10 -12 -13 -14 -15
leaf_value=-0.0053232890868102458 0.030787679295280229 -0.0038037252370105392 0.003880648719545621 -0.0014341523922592582 0.0082716870527566738 -0.010260882475179277 0.021787594395350513 -0.0055552525307378921 0.0047476961087248581 0.0035129879529795325 0.012206305894527581 -0.0036536482481607929 -0.02544514218850823 -0.0087705745735699673
leaf_weight=77 82 118 487 551 62 52 43 147 42 61 65 73 52 41
leaf_count=77 82 118 487 551 62 52 43 147 42 61 65 73 52 41
internal_value=0.000742448 0.00473071 0.006942 -0.0014218 -0.000395778 -0.00125581 -0.000537634 0.00336427 0.0158824 0.000289017 0.00577889 -0.000746269 -0.0104651 -0.00337838
internal_weight=1953 687 569 1266 1137 1075 1023 431 85 346 199 134 129 592
internal_count=1953 687 569 1266 1137 1075 1023 431 85 346 199 134 129 592
is_linear=0
shrinkage=0.05


Tree=44
num_leaves=15
num_cat=0
split_feature=4 2 0 1 1 0 0 2 2 4 4 1 2 1
split_gain=5.61176 5.08925 7.1133 4.08915 6.09559 3.65917 11.3775 5.34834 6.8813 4.74931 5.10806 7.33957 4.78049 3.75689
threshold=25.133500000000002 -0.96801877525786306 20.546500000000005 0.97873101657557349 0.89896131060349826 13.976000000000001 8.9815000000000023 -0.26538825390934467 -0.47495107206705001 13.935000000000002 11.099500000000003 0.25084665036108239 -0.89611523788151459 0.030073020370188292
decision_type=2 2 2 2 2 2 2 2 2 2 2 2 2 2
left_child=1 2 -1 4 5 6 13 8 9 10 12 -12 -7 -3
right_child=-2 3 -4 -5 -6 7 -8 -9 -10 -11 11 -13 -14 -15
leaf_value=0.0064256261341808178 0.0074841001909204986 -0.007804545892315099 -0.019126599153538433 0.0049481723196452129 -0.010075806109957437 0.026933933668777051 0.01023019264038009 -0.0062862945752167792 0.019137117837699627 0.001865508890037542 -0.022870076423156836 0.00050897239507317199 -0.0084165378691834491 0.0006871183110451469
leaf_weight=48 146 117 126 124 150 42 316 196 73 248 50 44 89 184
leaf_count=48 146 117 126 124 150 42 316 196 73 248 50 44 89 184
internal_value=0.000844854 8.30105e-05 -0.00804598 0.000949173 0.000231942 0.00128771 0.0041329 -0.00107817 0.0014652 -0.000739958 -0.006 -0.0148936 0.000381679 -0.00282392
internal_weight=1953 1807 174 1633 1509 1359 617 742 546 473 225 94 131 301
internal_count=1953 1807 174 1633 1509 1359 617 742 546 473 225 94 131 301
is_linear=0
shrinkage=0.05


Tree=45
num_leaves=15
num_cat=0
split_feature=1 4 3 2 0 1 2 1 4 4 1 1 3 1
split_gain=5.43996 5.16105 4.77393 4.46111 5.8633 4.8146 3.98222 3.90197 3.23851 4.77398 4.62105 4.06859 6.93164 5.69465
threshold=0.97873101657557349 25.133500000000002 97.967500000000015 -0.96801877525786306 20.546500000000005 0.89896131060349826 -0.31473592273745027 -0.09025077427732299 13.935000000000002 14.429500000000003 0.1837425755813806 -0.88606241628642823 5.3065000000000007 -0.95747632178960107
decision_type=2 2 2 2 2 2 2 2 2 2 2 2 2 2
left_child=1 3 -2 4 -1 8 -7 -3 10 -10 11 13 -13 -5
right_child=2 7 -4 5 -6 6 -8 -9 9 -11 -12 12 -14 -15
leaf_value=0.0061043448274717763 0.0022693288408429414 0.011183604076451994 0.0058204644597125779 -0.0054583351330647128 -0.018170269195861507 -0.029840608833009576 -0.0022932941024688459 0.00067771412235283495 0.025862728493485417 0.0010627530035680428 0.002015497020131147 -0.025993992993464572 -0.0040942479103003599 0.01986944821612343
leaf_weight=48 76 58 66 83 126 45 105 70 45 657 250 63 216 45
leaf_count=48 76 58 66 83 126 45 105 70 45 657 250 63 216 45
internal_value=0.000435228 -0.0003037 0.00985915 -0.00103981 -0.00862069 -0.000165673 -0.00866667 0.009375 0.000772627 0.0031339 -0.00175038 -0.00503686 -0.00842294 0.00234375
internal_weight=1953 1811 142 1683 174 1509 150 128 1359 702 657 407 279 128
internal_count=1953 1811 142 1683 174 1509 150 128 1359 702 657 407 279 128
is_linear=0
shrinkage=0.05


Tree=46
num_leaves=15
num_cat=0
split_feature=0 3 1 0 1 0 1 1 4 2 4 4 4 4
split_gain=5.60796 4.90648 6.32638 6.13549 5.64179 5.09135 4.49376 3.60302 4.3189 3.39319 3.57202 3.88725 3.2245 2.74642
threshold=13.976000000000001 97.730000000000004 0.45914483320598681 12.843000000000002 0.98336225177674941 8.6960000000000015 -0.7146667679788683 0.94130860066615818 4.5705000000000009 0.99055824379501012 23.790000000000003 19.441000000000003 13.109500000000002 9.0115000000000016
decision_type=2 2 2 2 2 2 2 2 2 2 2 2 2 2
left_child=1 2 5 4 9 -1 -7 8 -2 10 11 13 -4 -3
right_child=7 3 12 -5 -6 6 -8 -9 -10 -11 -12 -13 -14 -15
leaf_value=-0.00019508902568420307 -0.01270346346479209 -0.010881143053016799 0.0011369409776604625 0.028659829447904735 0.013537429033513754 -4.9761483947445567e-05 0.0166553585651345 0.0020621593408843898 -0.0014894255904467247 -0.0056126246403007431 0.012992866429717059 -0.010590003823679715 -0.0072964005305994548 0.0096395944584344237
leaf_weight=117 44 58 64 60 40 40 63 79 930 43 68 40 122 185
leaf_count=117 44 58 64 60 40 40 63 79 930 43 68 40 122 185
internal_value=0.000435228 0.00333333 -0.000738916 0.00668016 0.00460829 0.005 0.0131068 -0.00204179 -0.00287474 0.00279188 0.00441595 0.00194346 -0.00752688 0.00432099
internal_weight=1953 900 406 494 434 220 103 1053 974 394 351 283 186 243
internal_count=1953 900 406 494 434 220 103 1053 974 394 351 283 186 243
is_linear=0
shrinkage=0.05


Tree=47
num_leaves=15
num_cat=0
split_feature=2 0 1 1 1 1 2 0 0 0 0 3 0 4
split_gain=4.4586 6.11678 7.11904 2.998 5.23161 4.31408 3.64296 3.57599 8.07825 3.45306 4.18469 4.94337 3.34231 3.80394
threshold=-0.96801877525786306 25.116500000000006 -0.017189842955271383 0.98336225177674941 0.89896131060349826 0.9253073452222943 -0.030120304846908235 13.976000000000001 8.6960000000000015 12.843000000000002 11.859000000000002 33.513000000000005 25.797500000000003 13.935000000000002
decision_type=2 2 2 2 2 2 2 2 2 2 2 2 2 2
left_child=1 2 -1 4 7 -6 -5 8 -2 10 11 -10 13 -9
right_child=3 -3 -4 6 5 -7 -8 12 9 -11 -12 -13 -14 -15
leaf_value=0.028306536218003876 -0.00069983377457804447 -0.019299384537303552 -0.014652674861436028 0.010827654400225329 -0.025304893005838849 -0.0015493503034679904 0.00053034158232757595 -0.0051970027292122722 0.0089887020835251446 0.021790650967708963 -0.0016495978291706237 0.0091045278827492516 0.0056576030424272507 0.00036385494336497738
leaf_weight=52 307 60 67 49 42 132 77 304 53 71 79 190 74 396
leaf_count=52 307 60 67 49 42 132 77 304 53 71 79 190 74 396
internal_value=0.000537634 -0.00698324 -0.000420168 0.00129651 0.000728155 -0.00747126 0.00873016 0.00169607 0.00428571 0.00903308 0.0068323 0.0100823 -0.000645995 -0.00171429
internal_weight=1953 179 119 1774 1648 174 126 1474 700 393 322 243 774 700
internal_count=1953 179 119 1774 1648 174 126 1474 700 393 322 243 774 700
is_linear=0
shrinkage=0.05


Tree=48
num_leaves=15
num_cat=0
split_feature=3 4 3 2 3 0 4 1 1 1 0 0 3 3
split_gain=5.57654 5.09342 4.39099 4.24821 4.38445 3.91945 4.24295 3.41364 4.65347 4.88724 3.03512 3.64991 2.46377 7.88567
threshold=99.997500000000016 11.493500000000003 99.938000000000017 -0.96801877525786306 44.06600000000001 11.692000000000002 9.0115000000000016 -0.95747632178960107 -0.81403855522663837 0.030073020370188292 25.797500000000003 23.712000000000003 18.732000000000003 34.914500000000011
decision_type=2 2 2 2 2 2 2 2 2 2 2 2 2 2
left_child=2 5 3 4 -1 -2 -7 -3 -9 -10 11 12 -5 -14
right_child=1 7 -4 10 -6 6 -8 8 9 -11 -12 -13 13 -15
leaf_value=-0.015406667048068047 0.004971682836701798 -0.0011497233946730849 -0.01431754525061032 -0.0015879339234508726 -0.0025035445168146266 -0.0014171220702294826 -0.019841474597414501 0.014599449931599173 -0.0012300308654916799 0.0096769454060036345 0.0071551194225788154 -0.0066523549920836263 0.013200848388832226 -6.2309386449522708e-05
leaf_weight=62 82 46 43 371 65 62 40 53 146 258 61 50 61 553
leaf_count=62 82 46 43 371 65 62 40 53 146 258 61 50 61 553
internal_value=0.000230415 0.00385735 -0.00173776 -0.00118561 -0.00984252 -0.00326087 -0.00980392 0.00646123 0.00776805 0.00594059 -0.000182482 -0.000821256 -0.000152284 0.00179153
internal_weight=1953 687 1266 1223 127 184 102 503 457 404 1096 1035 985 614
internal_count=1953 687 1266 1223 127 184 102 503 457 404 1096 1035 985 614
is_linear=0
shrinkage=0.05


Tree=49
num_leaves=15
num_cat=0
split_feature=0 0 0 4 0 1 0 0 1 1 1 0 2 1
split_gain=4.91911 7.15287 5.18535 5.04124 7.03871 5.37425 7.75959 7.46131 6.14148 3.45117 3.13605 2.97874 5.10294 3.41589
threshold=12.448500000000001 12.843000000000002 12.133500000000002 13.6485 14.127000000000001 -0.88606241628642823 15.524500000000002 22.756500000000006 -0.34918219960991376 -0.96683886033945943 0.94697898371965716 8.9100000000000019 -0.16705162550211924 -0.7146667679788683
decision_type=2 2 2 2 2 2 2 2 2 2 2 2 2 2
left_child=2 -2 11 5 -5 9 -7 -8 -9 -3 -6 -1 -13 -14
right_child=1 3 -4 4 10 6 7 8 -10 -11 -12 12 13 -15
leaf_value=-8.1676274066816437e-05 -0.011683994469481837 -0.0040946722005183664 0.013842178988197625 0.017306094676280918 -0.00033241621324957927 -0.026424829824982135 0.0014624076271883058 -0.027771093920153578 -0.0082656150927202243 0.017524226420313899 0.0042191075167852801 -0.0027414975764154361 -0.003083934823229779 0.00979359443194458
leaf_weight=369 40 62 41 72 536 83 178 51 81 53 41 51 44 251
leaf_count=369 40 62 41 72 536 83 178 51 81 53 41 51 44 251
internal_value=0.000281618 -0.00171261 0.00343915 -0.00099395 0.00192604 -0.00472441 -0.00750636 -0.00387097 -0.0128788 0.00478261 8.66551e-05 0.00244755 0.00578035 0.00830508
internal_weight=1953 1197 756 1157 649 508 393 310 132 115 577 715 346 295
internal_count=1953 1197 756 1157 649 508 393 310 132 115 577 715 346 295
is_linear=0
shrinkage=0.05


Tree=50
num_leaves=15
num_cat=0
split_feature=2 3 2 2 2 0 1 1 1 1 3 1 0 4
split_gain=4.38814 3.57289 4.71734 4.24923 4.99331 3.97414 3.65614 6.39116 3.49091 3.21417 3.15734 2.9569 13.0264 5.02152
threshold=-0.9951106240145321 61.786000000000008 0.60605034090854637 0.24460549819462502 0.0064435096891653281 8.6960000000000015 -0.96230016621822467 -0.92913280730858794 -0.9946616089973247 0.030073020370188292 1.0000000180025095e-35 0.20061247795988868 20.317000000000004 16.908500000000004
decision_type=2 2 2 2 2 2 2 2 2 2 2 2 2 2
left_child=-1 2 3 4 10 9 8 -8 -3 -4 -2 -12 13 -13
right_child=1 6 5 -5 -6 -7 7 -9 -10 -11 11 12 -14 -15
leaf_value=-0.012413506084229631 0.00073577928783107873 0.0037692581860288123 -0.0081250267328730683 -0.010232986727942213 0.01440025061217577 0.0032586952492124205 0.015983518918145517 0.0011477227575142413 -0.019609652087411313 0.0049505959728558787 -0.01312867028666574 -0.026651410838259872 0.014653003814424612 0.00084186684706481297
leaf_weight=71 43 44 40 78 48 72 43 1051 66 61 162 64 52 58
leaf_count=71 43 44 40 78 48 72 43 1051 66 61 162 64 52 58
internal_value=0.000230415 0.000690755 -0.00221239 -0.00465347 -0.00269321 0.00491329 0.00232558 0.00319927 -0.00636364 -0.00148515 -0.00461741 -0.00625 -0.00172414 -0.0106557
internal_weight=1953 1882 678 505 427 173 1204 1094 110 101 379 336 174 122
internal_count=1953 1882 678 505 427 173 1204 1094 110 101 379 336 174 122
is_linear=0
shrinkage=0.05


Tree=51
num_leaves=15
num_cat=0
split_feature=0 1 1 3 1 4 1 4 1 0 1 2 4 2
split_gain=4.06205 6.35648 3.00161 2.77819 4.31584 5.65506 3.97885 6.3913 3.84355 3.84329 4.15883 3.95246 3.72403 8.90667
threshold=21.048500000000001 0.26744970170045884 -0.90880922144842613 99.997500000000016 0.45914483320598681 20.312500000000004 0.76864763646026912 17.886500000000002 -0.81403855522663837 14.205000000000002 0.89391031859722891 -0.3390880814530603 22.075000000000003 0.45207220393230446
decision_type=2 2 2 2 2 2 2 2 2 2 2 2 2 2
left_child=3 2 -2 4 5 -1 7 -6 -7 10 -8 -11 -5 -14
right_child=1 -3 -4 12 6 8 9 -9 -10 11 -12 -13 13 -15
leaf_value=0.000144887807241198 0.0020991228734618785 0.0063035926152203549 -0.010082767134827843 0.00069184777035225247 -0.0028268470371365095 0.0010285668752704757 0.0026786885360822604 -0.036399640912848773 0.016539545513161287 -0.0025094522304063035 -0.0053324123486401601 0.0084956997360660005 0.016942674075612216 0.00041804529071166608
leaf_weight=408 41 57 307 469 92 41 47 46 65 57 125 56 56 86
leaf_count=408 41 57 307 469 92 41 47 46 65 57 125 56 56 86
internal_value=0.000384025 -0.00407407 -0.0066092 0.00155039 -0.000160085 0.00291829 -0.00390071 -0.0108696 0.0132075 -0.000526316 -0.00523256 0.00663717 0.00417349 0.0112676
internal_weight=1953 405 348 1548 937 514 423 138 106 285 172 113 611 142
internal_count=1953 405 348 1548 937 514 423 138 106 285 172 113 611 142
is_linear=0
shrinkage=0.05


Tree=52
num_leaves=15
num_cat=0
split_feature=3 3 0 2 1 1 2 4 0 1 1 3 2 0
split_gain=3.82052 3.40014 5.13887 4.03021 5.44674 3.78744 3.83161 2.99263 4.89673 3.75546 5.78103 4.07146 3.66217 3.56587
threshold=20.073000000000004 29.440500000000004 20.546500000000005 -0.83635891446581057 -0.034374606067994681 0.064414007683963548 -0.81901488666807976 12.134000000000002 5.8775000000000004 0.9594338453294492 0.74620497228242788 96.985000000000014 0.45207220393230446 8.6100000000000012
decision_type=2 2 2 2 2 2 2 2 2 2 2 2 2 2
left_child=-1 -2 3 4 -3 6 -4 9 -9 10 11 -5 -13 -10
right_child=1 2 5 7 -6 -7 -8 8 13 -11 -12 12 -14 -15
leaf_value=-0.0018571032150838608 0.010723033220129581 0.033292113073788182 -0.021241439684028602 -0.015077270218484493 0.00069912709301989259 0.0026003772413934092 -0.00058371829872142509 0.014379393583943906 -0.0083233584541027982 0.0124695901437576 -0.027805850011930464 0.017995548403963581 -0.0052651460319440187 0.0026266380859617357
leaf_weight=481 48 47 106 64 74 69 101 48 101 48 70 49 91 556
leaf_count=481 48 47 106 64 74 69 101 48 101 48 70 49 91 556
internal_value=0.000230415 0.00149457 0.00105337 0.00252613 0.011157 -0.00507246 -0.00845411 0.00150925 0.00333333 -0.00248447 -0.00474453 -0.000490196 0.00428571 0.002207
internal_weight=1953 1472 1424 1148 121 276 207 1027 705 322 274 204 140 657
internal_count=1953 1472 1424 1148 121 276 207 1027 705 322 274 204 140 657
is_linear=0
shrinkage=0.05


Tree=53
num_leaves=15
num_cat=0
split_feature=3 3 0 3 0 0 2 2 1 1 4 2 1 0
split_gain=3.51729 3.40014 3.995 3.39429 3.53579 4.68813 4.23062 3.41275 3.2657 3.06612 4.19182 3.05354 5.72024 5.45483
threshold=20.073000000000004 29.440500000000004 20.546500000000005 0.28550000000000003 22.515500000000003 19.594000000000005 0.69017338824297181 0.92933244589178743 0.064414007683963548 -0.33708009192051164 12.419500000000001 -0.58882848911713703 -0.11988119229922732 15.929000000000002
decision_type=2 2 2 2 2 2 2 2 2 2 2 2 2 2
left_child=3 -2 11 -1 5 6 -5 -8 9 10 -4 12 -3 -14
right_child=1 2 8 4 -6 -7 7 -9 -10 -11 -12 -13 13 -15
leaf_value=0.00071893776867630046 0.010186881559123102 0.033550919401427376 -0.016793449145843138 -0.012164114960659838 -0.015338403281585783 0.0090297553884764268 0.0080516599618557141 -0.0049436704293857395 0.0024703583793237397 -0.020413841588485943 0.00093532011340661809 0.00049087426593265836 0.013482883980832883 -0.0029574467023312069
leaf_weight=131 48 56 54 149 78 40 43 40 69 58 95 924 69 99
leaf_count=131 48 56 54 149 78 40 43 40 69 58 95 924 69 99
internal_value=0.000281618 0.00149457 0.00105337 -0.00343035 -0.006 -0.00330882 -0.00603448 0.00301205 -0.00434783 -0.00748792 -0.00369128 0.00235192 0.00758929 0.00297619
internal_weight=1953 1472 1424 481 350 272 232 83 276 207 149 1148 224 168
internal_count=1953 1472 1424 481 350 272 232 83 276 207 149 1148 224 168
is_linear=0
shrinkage=0.05


Tree=54
num_leaves=15
num_cat=0
split_feature=0 2 1 0 4 2 2 0 2 3 4 0 4 2
split_gain=3.32465 5.0307 4.41048 5.13146 5.6617 3.18244 3.46067 3.33585 2.91738 2.63118 3.70827 6.14632 4.31212 2.44444
threshold=13.976000000000001 -0.5488429582847193 -0.80392051724781044 12.448500000000001 17.323500000000003 0.99468534776305517 -0.16705162550211924 8.9815000000000023 0.35923451902495462 4.9250000000000007 10.827500000000002 6.9940000000000007 18.135500000000004 -0.97218766834954651
decision_type=2 2 2 2 2 2 2 2 2 2 2 2 2 2
left_child=1 -1 -3 5 -5 6 -4 9 13 -8 -11 12 -12 -2
right_child=8 2 3 4 -6 -7 7 -9 -10 10 11 -13 -14 -15
leaf_value=0.026405221075069443 -0.0096228305321096955 0.018448611128737576 -0.0057117832239923453 -0.026654931570833706 1.2506800617165248e-06 -0.0053122236555522345 -0.014011857123545574 0.0079559884412434834 -0.0094891421759037003 0.0058838816918954755 -9.2937983812868907e-05 -0.010279141843156838 0.01638214188370651 0.00012454493616957386
leaf_weight=40 165 67 43 42 51 52 41 269 63 92 67 96 40 825
leaf_count=40 165 67 43 42 51 52 41 269 63 92 67 96 40 825
internal_value=0.000435228 0.00266667 0.00186047 0.000819672 -0.0102151 0.00228571 0.00324074 0.00421488 -0.00147198 0.000892857 0.00254237 -0.00123153 0.00700935 -0.000808081
internal_weight=1953 900 860 793 93 700 648 605 1053 336 295 203 107 990
internal_count=1953 900 860 793 93 700 648 605 1053 336 295 203 107 990
is_linear=0
shrinkage=0.05


Tree=55
num_leaves=15
num_cat=0
split_feature=0 2 0 3 3 2 4 0 1 1 0 1 1 2
split_gain=2.86094 5.38047 3.17949 2.66691 6.30909 4.45881 3.86391 2.90507 3.14312 4.1502 3.55738 6.53277 5.16299 2.2788
threshold=22.756500000000006 -0.97218766834954651 25.797500000000003 99.997500000000016 99.938000000000017 -0.66248835645380588 18.272500000000004 18.087500000000002 -0.80392051724781044 -0.95747632178960107 11.520500000000002 0.89391031859722891 0.88933691597811693 -0.82681243101696389
decision_type=2 2 2 2 2 2 2 2 2 2 2 2 2 2
left_child=3 -2 13 4 -1 6 -5 8 9 -7 11 -10 -12 -3
right_child=1 2 -4 5 -6 7 -8 -9 10 -11 12 -13 -14 -15
leaf_value=3.1422010341128349e-05 -0.018678941518935916 -0.014413677873703214 0.0032550073501384728 0.0014679379258861688 -0.013814470808490348 0.0040348668517119135 0.025315337333953303 -0.0046802113304367787 0.00023986197280760347 0.017890544906817137 0.00085410293974964586 0.017867597824415465 -0.012543271894880274 0.00044077288088946177
leaf_weight=1005 76 47 78 77 40 42 40 52 217 46 66 53 53 61
leaf_count=1005 76 47 78 77 40 42 40 52 217 46 66 53 53 61
internal_value=0.000281618 -0.00458015 0 0.00103489 -0.000526316 0.00356037 0.0123932 0.00160681 0.00283019 0.0113636 0.000899743 0.00407407 -0.00630252 -0.00555556
internal_weight=1953 262 186 1691 1045 646 117 529 477 88 389 270 119 108
internal_count=1953 262 186 1691 1045 646 117 529 477 88 389 270 119 108
is_linear=0
shrinkage=0.05


Tree=56
num_leaves=15
num_cat=0
split_feature=2 0 2 4 4 3 3 0 1 1 1 1 4 4
split_gain=2.73934 5.89385 2.89491 5.57584 3.53264 3.11763 4.15299 3.82109 5.62474 3.04429 3.01371 5.37932 3.48737 3.44407
threshold=-0.97218766834954651 24.024000000000004 -0.87204617232061787 9.6380000000000017 9.1930000000000032 1.0000000180025095e-35 7.5830000000000011 6.9940000000000007 0.61794704089537544 -0.33708009192051164 0.59055600833485278 0.95236875646279973 7.4285000000000005 4.9495000000000013
decision_type=2 2 2 2 2 2 2 2 2 2 2 2 2 2
left_child=1 -1 3 -2 10 -6 -7 8 -8 -5 12 -12 13 -4
right_child=2 -3 4 9 5 6 7 -9 -10 -11 11 -13 -14 -15
leaf_value=0.00058850333466173299 0.023598070499687027 -0.016135290482234287 -0.0060008332637110145 0.0089742952711870192 0.004022971428046496 -0.0043550801208290654 0.0014826653354549722 0.00028905075587463139 0.018722406552089243 -0.001399814067736939 -0.023750950655221384 0.0072388314109687879 -0.011824457335866456 0.0059526599412864246
leaf_weight=100 41 67 63 46 59 184 76 918 41 103 74 41 76 64
leaf_count=100 41 67 63 46 59 184 76 918 41 103 74 41 76 64
internal_value=0.000435228 -0.00568862 0.00100784 0.00684211 0.000313283 0.0014867 0.000943396 0.00217391 0.0106838 0.00234899 -0.00440252 -0.0108696 -0.000738916 0.00433071
internal_weight=1953 167 1786 190 1596 1278 1219 1035 117 149 318 115 203 127
internal_count=1953 167 1786 190 1596 1278 1219 1035 117 149 318 115 203 127
is_linear=0
shrinkage=0.05


Tree=57
num_leaves=15
num_cat=0
split_feature=0 1 2 2 0 2 0 0 2 3 2 0 1 2
split_gain=3.19922 3.00066 2.89188 4.78898 3.18832 3.89153 2.884 3.13742 2.92361 2.74694 2.9249 3.63678 3.22444 2.88344
threshold=13.976000000000001 -0.86958133671945925 -0.53190322474958196 -0.23208956585110249 12.448500000000001 0.99468534776305517 8.9815000000000023 8.1490000000000027 0.78884570776442897 1.0000000180025095e-35 0.35923451902495462 23.712000000000003 0.1837425755813806 -0.96356381914947564
decision_type=2 2 2 2 2 2 2 2 2 2 2 2 2 2
left_child=1 -1 -3 -4 5 6 7 8 -5 -2 11 -11 13 -13
right_child=9 2 3 4 -6 -7 -8 -9 -10 10 -12 12 -14 -15
leaf_value=0.017517177833634708 0.0011739429405044578 0.016017603602566603 -0.0096920994132731492 0.007981604939158532 -0.0053521043115167871 -0.0050976874746365801 0.0074996019149861787 -0.0077694271003658838 0.00012789182090217137 0.0001769665417331888 -0.010625480486204873 -0.018547933879632241 0.0017047709297765613 -0.0023178635137071301
leaf_weight=46 61 45 54 88 75 52 290 67 183 745 59 59 42 87
leaf_count=46 61 45 54 88 75 52 290 67 183 745 59 59 42 87
internal_value=0.000588838 0.00277778 0.00210773 0.00142151 0.00245033 0.00352941 0.00461783 0.00147929 0.00387454 -0.00128205 -0.00191532 -0.00123258 -0.00744681 -0.0109589
internal_weight=1953 900 854 809 755 680 628 338 271 1053 992 933 188 146
internal_count=1953 900 854 809 755 680 628 338 271 1053 992 933 188 146
is_linear=0
shrinkage=0.05


Tree=58
num_leaves=15
num_cat=0
split_feature=1 1 1 0 3 1 3 0 3 2 2 0 2 4
split_gain=2.74282 6.24544 4.07161 4.03176 5.47543 4.7393 6.64137 3.4758 2.08123 5.17651 4.81674 4.13628 2.4372 4.4697
threshold=-0.99273952934267318 -0.96683886033945943 -0.93535928755917819 22.756500000000006 1.1800000000000002 0.20061247795988868 9.1205000000000016 26.969000000000005 51.31450000000001 0.69017338824297181 0.95506028457921099 19.664500000000004 -0.85470766365158146 12.498500000000002
decision_type=2 2 2 2 2 2 2 2 2 2 2 2 2 2
left_child=-1 -2 -3 8 -5 6 -6 -8 9 11 -11 -4 13 -10
right_child=1 2 3 4 5 -7 7 -9 12 10 -12 -13 -14 -15
leaf_value=0.0075502468832597952 -0.014759262035953055 0.011296536971974426 -0.0071945302429847098 0.0039818035495524816 -0.034025568144076444 0.0030460492641322529 -0.01404773138600468 0.011537207761306968 0.033539768277015568 0.0073700354116283621 -0.0042402100092927223 0.00059900424412083768 0.00043543229454114725 0.0004120894086576968
leaf_weight=70 80 60 224 43 44 41 81 42 53 85 56 69 892 113
leaf_count=70 80 60 224 43 44 41 81 42 53 85 56 69 892 113
internal_value=0.000281618 -7.96601e-05 0.0005269 8.60585e-05 -0.00577689 -0.00913462 -0.0128743 -0.00691057 0.00107239 -0.00184332 0.00602837 -0.0056314 0.00226843 0.00783133
internal_weight=1953 1883 1803 1743 251 208 167 123 1492 434 141 293 1058 166
internal_count=1953 1883 1803 1743 251 208 167 123 1492 434 141 293 1058 166
is_linear=0
shrinkage=0.05


Tree=59
num_leaves=15
num_cat=0
split_feature=2 3 3 2 2 1 3 0 0 2 2 4 2 2
split_gain=3.49906 3.16103 3.49716 5.07148 7.18472 3.77117 4.4851 5.79753 10.2231 3.30811 4.70991 3.97102 5.41991 4.59912
threshold=-0.9951106240145321 1.0000000180025095e-35 51.31450000000001 0.67844406397199097 0.95506028457921099 -0.94697898371965694 36.810000000000009 19.980500000000003 23.712000000000003 -0.87204617232061787 -0.92449049203901279 12.134000000000002 -0.24877566908906687 0.040813519545864409
decision_type=2 2 2 2 2 2 2 2 2 2 2 2 2 2
left_child=-1 -2 3 5 -5 -3 7 -7 -9 10 -4 12 -11 -14
right_child=1 2 9 4 -6 6 -8 8 -10 11 -12 -13 13 -15
leaf_value=-0.0088820543998655629 0.0013616276413841049 0.01353064633826785 0.0014672299200811202 0.0090904421952424878 -0.0071630331164992209 -0.013719749688456608 -0.018449273928421973 0.013604906284950575 -0.010831434683441483 -0.007095471165180456 0.022029842081426429 0.0015143862236506351 0.0072044714007553972 -0.0063058424506302647
leaf_weight=71 92 45 118 77 41 173 52 55 76 115 54 749 41 194
leaf_count=71 92 45 118 77 41 173 52 55 76 115 54 749 41 194
internal_value=0.000332821 0.000743889 0.00027933 -0.00317919 0.0059322 -0.00586035 -0.00758427 -0.00526316 0.00267176 0.00169158 0.00813953 0.000682439 -0.00371429 0.000638298
internal_weight=1953 1882 1790 519 118 401 356 304 131 1271 172 1099 350 235
internal_count=1953 1882 1790 519 118 401 356 304 131 1271 172 1099 350 235
is_linear=0
shrinkage=0.05


Tree=60
num_leaves=15
num_cat=0
split_feature=2 0 1 1 1 1 3 3 3 0 1 2 3 2
split_gain=3.59383 4.72786 3.2413 2.47525 5.59238 2.81387 2.34914 3.6645 4.80256 3.58178 7.5025 5.51688 3.24902 2.38933
threshold=-0.97218766834954651 24.024000000000004 1.0000000180025095e-35 -0.99273952934267318 -0.96683886033945943 -0.93535928755917819 1.0000000180025095e-35 20.073000000000004 31.374500000000001 20.317000000000004 -0.25084665036108228 0.69017338824297181 51.31450000000001 0.93554238417682101
decision_type=2 2 2 2 2 2 2 2 2 2 2 2 2 2
left_child=1 2 -1 -2 -5 -6 -7 9 -9 11 -11 -8 -10 -13
right_child=3 -3 -4 4 5 6 7 8 12 10 -12 13 -14 -15
leaf_value=0.022914522854699575 0.0069585820630433176 -0.013772104190844781 -0.008437951679872286 -0.013686266093760131 0.010353727810660674 0.0014443568912520827 -0.018151069992966281 0.01059932363543521 -0.0058914966975148683 -0.012803773082532367 0.019242571926276323 0.0065470115312848218 0.00085701283327320335 -0.0065493532960529581
leaf_weight=51 70 67 49 80 60 76 137 41 78 49 40 51 1064 40
leaf_count=51 70 67 49 80 60 76 137 41 78 49 40 51 1064 40
internal_value=0.000128008 -0.00688623 0 0.000783875 0.000407925 0.00103912 0.000634518 0.0002 0.00147929 -0.00457413 0.00393258 -0.00789474 0.000875657 0.00164835
internal_weight=1953 167 100 1786 1716 1636 1576 1500 1183 317 89 228 1142 91
internal_count=1953 167 100 1786 1716 1636 1576 1500 1183 317 89 228 1142 91
is_linear=0
shrinkage=0.05


Tree=61
num_leaves=15
num_cat=0
split_feature=2 1 1 3 1 2 0 4 3 4 4 2 0 4
split_gain=3.56514 2.43471 4.61946 2.79047 3.30516 3.07275 4.8727 3.08095 3.3457 3.26603 4.26559 4.23212 5.71238 5.05697
threshold=-0.9951106240145321 -0.99273952934267318 -0.96683886033945943 67.819000000000017 -0.92913280730858794 -0.97218766834954651 25.458000000000002 20.458000000000002 58.38150000000001 18.135500000000004 16.399000000000004 -0.69637622559687218 20.223500000000005 14.094500000000002
decision_type=2 2 2 2 2 2 2 2 2 2 2 2 2 2
left_child=-1 -2 -3 5 -5 -4 7 8 9 10 11 -7 13 -13
right_child=1 2 3 4 -6 6 -8 -9 -10 -11 -12 12 -14 -15
leaf_value=-0.0080160540958786729 0.0066106529598911508 -0.013001952789072123 -0.011955855345889332 0.010315831869295423 0.0010563786195139327 -0.015024675939224998 0.004003610397116753 0.0038567143956202993 -0.011265069067365662 -0.0036252082874940698 0.01172851697469812 0.00044106735250763751 0.010596660339790107 -0.012382418497205783
leaf_weight=71 70 80 47 49 1019 57 55 100 40 69 49 163 40 44
leaf_count=71 70 80 47 49 1019 57 55 100 40 69 49 163 40 44
internal_value=0.000435228 0.000850159 0.000496689 0.00103926 0.00262172 -0.00150602 -0.000567261 -0.0019573 -0.00367965 -0.00236967 -0.000424929 -0.00263158 0.000202429 -0.0031401
internal_weight=1953 1882 1812 1732 1068 664 617 562 462 422 353 304 247 207
internal_count=1953 1882 1812 1732 1068 664 617 562 462 422 353 304 247 207
is_linear=0
shrinkage=0.05


Tree=62
num_leaves=15
num_cat=0
split_feature=1 1 3 3 1 3 1 2 0 0 4 1 0 4
split_gain=2.714 4.20976 2.36602 4.27544 3.85876 3.96407 6.02048 2.69662 5.56305 4.31979 3.65443 2.32727 5.36696 4.54551
threshold=-0.99273952934267318 -0.96683886033945943 20.073000000000004 29.440500000000004 -0.93535928755917819 51.31450000000001 0.30041382580050413 0.67844406397199097 7.7555000000000005 12.209000000000001 18.667000000000005 0.87795195455888941 20.478000000000005 10.498000000000003
decision_type=2 2 2 2 2 2 2 2 2 2 2 2 2 2
left_child=-1 -2 7 -4 -5 6 -6 9 -9 -3 11 12 -11 -14
right_child=1 2 3 4 5 -7 -8 8 -10 10 -12 -13 13 -15
leaf_value=0.006280120311896592 -0.012351855149618516 -0.0080917969211737519 0.0088264179539703502 0.015443014992608084 -0.012844268190676631 0.00065204207429326796 0.0018141640131815976 -0.0046070143161387606 0.014864111409674408 -0.034685832522542516 0.0037534562745736924 0.0091939688454973408 0.0028548858789965992 -0.0089509527353071223
leaf_weight=70 80 43 45 46 54 1166 44 71 46 53 68 40 43 84
leaf_count=70 80 43 45 46 54 1166 44 71 46 53 68 40 43 84
internal_value=0.000332821 -2.65534e-05 0.000471436 0.00151292 0.000992366 0.000474684 -0.00918367 -0.00267857 0.00384615 -0.00498489 -0.00277778 -0.00590909 -0.00833333 -0.00275591
internal_weight=1953 1883 1803 1355 1310 1264 98 448 117 331 288 220 180 127
internal_count=1953 1883 1803 1355 1310 1264 98 448 117 331 288 220 180 127
is_linear=0
shrinkage=0.05


Tree=63
num_leaves=15
num_cat=0
split_feature=2 1 1 3 2 0 2 1 1 2 0 4 4 4
split_gain=3.46625 2.52028 4.49016 1.84719 3.22479 5.9517 2.61976 2.84632 2.5364 2.79204 3.03964 2.4656 2.78842 2.90213
threshold=-0.9951106240145321 -0.99273952934267318 -0.96683886033945943 67.819000000000017 -0.97218766834954651 25.458000000000002 0.86993731518838324 0.047250493887438572 -0.92913280730858794 -0.95380106782931862 22.260000000000002 27.429500000000001 8.7765000000000022 5.9620000000000006
decision_type=2 2 2 2 2 2 2 2 2 2 2 2 2 2
left_child=-1 -2 -3 4 -4 6 -6 -8 -5 -10 11 12 13 -11
right_child=1 2 3 8 5 -7 7 -9 9 10 -12 -13 -14 -15
leaf_value=-0.0076478534947994007 0.0059661142963017616 -0.01173426239213759 -0.011726291513908776 0.0090278895262002508 -0.0013989278077443221 0.003671103422419031 -0.00051407491587969793 0.0087400745306026543 0.012749001102914992 0.0056010022911434677 -0.0049596319239248957 -0.001787822058612179 0.0031495273367378503 -0.018281545322670706
leaf_weight=71 70 80 47 49 467 55 45 50 72 53 73 66 679 76
leaf_count=71 70 80 47 49 467 55 45 50 72 53 73 66 679 76
internal_value=0.000281618 0.000690755 0.000331126 0.000866051 -0.00120482 -0.000243112 -0.00177936 0.00578947 0.00215356 0.00161923 0.000897571 0.00171625 0.00247525 -0.00426357
internal_weight=1953 1882 1812 1732 664 617 562 95 1068 1019 947 874 808 129
internal_count=1953 1882 1812 1732 664 617 562 95 1068 1019 947 874 808 129
is_linear=0
shrinkage=0.05


Tree=64
num_leaves=15
num_cat=0
split_feature=1 1 2 3 3 3 3 1 2 4 4 2 2 1
split_gain=2.6568 2.95462 1.99488 1.72171 2.34624 4.79167 4.65705 3.27585 2.80239 7.00118 3.92025 5.40892 5.09251 3.62201
threshold=-0.99273952934267318 -0.97109105924028405 -0.9951106240145321 1.0000000180025095e-35 51.31450000000001 36.810000000000009 20.073000000000004 0.823915376013162 -0.87204617232061787 16.191000000000006 12.134000000000002 -0.23449138957041005 0.42110087079608943 0.69794415476634375
decision_type=2 2 2 2 2 2 2 2 2 2 2 2 2 2
left_child=-1 -2 -3 -4 5 6 7 -5 9 -6 11 13 -13 -10
right_child=1 2 3 4 8 -7 -8 -9 10 -11 -12 12 -14 -15
leaf_value=0.0056678085814866721 -0.011646658043278588 -0.0072654608200594332 0.0012454126266370658 -7.1312569206832829e-05 0.015876318284158166 -0.011019004808720884 0.0054183863180779328 -0.016883038957976933 -0.002691285738405891 -0.002717671207990996 0.0019452480126413855 0.0084615061869797864 -0.0075356775280723187 -0.020353114139620144
leaf_weight=70 70 71 83 279 107 61 74 72 64 65 686 62 138 51
leaf_count=70 70 71 83 279 107 61 74 72 64 65 686 62 138 51
internal_value=0.000435228 7.96601e-05 0.000468836 0.000803674 0.00045208 -0.00246914 -0.000588235 -0.00299145 0.0016624 0.00755814 0.000649351 -0.00396825 0.001 -0.0126087
internal_weight=1953 1883 1813 1742 1659 486 425 351 1173 172 1001 315 200 115
internal_count=1953 1883 1813 1742 1659 486 425 351 1173 172 1001 315 200 115
is_linear=0
shrinkage=0.05


Tree=65
num_leaves=15
num_cat=0
split_feature=1 1 1 0 4 1 4 3 4 4 2 3 4 4
split_gain=2.60022 3.01722 1.74084 2.89672 2.10852 2.9968 2.89598 1.7086 1.55086 2.35079 2.20101 2.7713 2.04062 4.15887
threshold=-0.99273952934267318 -0.97109105924028405 -0.89391031859722847 23.538500000000003 9.4305000000000003 0.064414007683963548 13.6485 75.180500000000009 29.402500000000003 22.647000000000002 -0.51479280150983053 99.050000000000026 17.886500000000002 18.446500000000004
decision_type=2 2 2 2 2 2 2 2 2 2 2 2 2 2
left_child=-1 -2 7 8 -5 6 -6 -3 9 12 -11 -12 -4 -14
right_child=1 2 3 4 5 -7 -8 -9 -10 10 11 -13 13 -15
leaf_value=0.005384418152412339 -0.01106432514111466 -0.00046436560756353833 0.00047502932545374633 1.9004896626095835e-05 -0.030816381234398296 0.0003641561882337441 -0.0030614080296823779 0.0084792326492581678 -0.0017956933563136408 0.0092824108095186757 0.008928784449485045 -0.00037279835871580351 -0.008343539304983133 -5.2190066707407529e-05
leaf_weight=70 70 51 939 57 42 51 50 79 54 42 53 76 43 276
leaf_count=70 70 51 939 57 42 51 50 79 54 42 53 76 43 276
internal_value=0.000537634 0.000185874 0.000579151 0.000148544 -0.0055 -0.00874126 -0.0141304 0.00615385 0.000910317 0.00122463 0.00672515 0.00348837 0.000476948 -0.00297806
internal_weight=1953 1883 1813 1683 200 143 92 130 1483 1429 171 129 1258 319
internal_count=1953 1883 1813 1683 200 143 92 130 1483 1429 171 129 1258 319
is_linear=0
shrinkage=0.05


Tree=66
num_leaves=15
num_cat=0
split_feature=1 1 0 0 1 0 4 4 4 4 1 0 2 4
split_gain=2.68532 3.35976 1.58282 3.42698 3.97863 4.01033 3.7518 6.36735 2.97362 3.69907 2.90814 4.1965 4.2832 2.75988
threshold=-0.99273952934267318 -0.96683886033945943 10.797500000000001 8.9100000000000019 0.098678873477280007 5.7955000000000014 11.748000000000003 18.527500000000003 14.094500000000002 22.013500000000004 -0.81403855522663837 14.344000000000003 -0.26538825390934467 11.635500000000002
decision_type=2 2 2 2 2 2 2 2 2 2 2 2 2 2
left_child=-1 -2 3 4 -3 -6 -7 -8 -5 -10 11 -4 -13 -12
right_child=1 2 10 8 5 6 7 -9 9 -11 13 12 -14 -15
leaf_value=0.0051151972447917226 -0.010511108884058927 -0.0038620483218230698 0.014525500060664932 0.016046815430519518 0.0090224188179020802 0.0055023816818517762 -0.020521071605113211 0.0075271826823610473 -0.0023608608171781422 0.011957954311632331 -0.0037511383236493185 0.0035340008228946897 -0.005462451079344924 2.2037727069190718e-05
leaf_weight=70 80 141 42 76 74 63 49 42 68 47 304 103 55 739
leaf_count=70 80 141 42 76 74 63 49 42 68 47 304 103 55 739
internal_value=0.000384025 2.65534e-05 0.000471436 0.00267857 -0.000135501 0.00394737 -0.000649351 -0.00714286 0.00811518 0.00304348 -0.000522928 0.005 0.00126582 -0.00158198
internal_weight=1953 1883 1803 560 369 228 154 91 191 115 1243 200 158 1043
internal_count=1953 1883 1803 560 369 228 154 91 191 115 1243 200 158 1043
is_linear=0
shrinkage=0.05


Tree=67
num_leaves=15
num_cat=0
split_feature=1 3 3 1 1 1 0 4 4 0 4 1 4 4
split_gain=2.39786 1.54578 1.65441 2.747 4.05364 7.092 3.04407 2.97875 2.6983 4.63014 3.49437 5.47387 3.84599 7.03069
threshold=-0.99762106698677377 1.0000000180025095e-35 8.5135000000000023 0.84293373149377093 0.23416947364604893 -0.20455206612620117 15.244500000000002 15.3085 12.134000000000002 5.8775000000000004 14.429500000000003 0.59055600833485278 15.051 15.719000000000003
decision_type=2 2 2 2 2 2 2 2 2 2 2 2 2 2
left_child=-1 -2 3 4 5 6 -3 -6 -4 -10 11 -11 -12 -14
right_child=1 2 8 -5 7 -7 -8 -9 9 10 12 -13 13 -15
leaf_value=0.006494365322609265 0.001726685270063437 0.0033983081020241297 -0.001218627831838226 -0.014538426124204713 0.013729386185784767 -0.013596220050973074 -0.014507991222565145 -7.6209810972629113e-05 0.015660878934802183 0.00012574535233063623 -0.019921674879313386 0.031902259192412498 0.019200144112518316 -0.0001255650132945917
leaf_weight=40 94 50 497 55 40 47 77 47 51 129 45 52 41 688
leaf_count=40 94 50 497 55 40 47 77 47 51 129 45 52 41 688
internal_value=0.000384025 0.000130685 -0.000192413 -0.00348101 -0.001341 -0.00574713 0.000393701 0.00747126 0.000499002 0.00198807 0.00120419 0.00745856 -0.000258398 0.000617284
internal_weight=1953 1913 1819 316 261 174 127 87 1503 1006 955 181 774 729
internal_count=1953 1913 1819 316 261 174 127 87 1503 1006 955 181 774 729
is_linear=0
shrinkage=0.05


Tree=68
num_leaves=15
num_cat=0
split_feature=1 4 2 3 1 4 0 1 1 1 1 1 1 1
split_gain=1.99572 2.02618 2.23947 3.29986 4.19847 1.68161 3.95513 7.72646 1.79391 2.83171 4.10702 4.74775 6.46459 5.0312
threshold=-0.99273952934267318 22.647000000000002 0.8524709262517346 99.997500000000016 -0.17082974322534453 20.072000000000003 19.789000000000005 0.54817103930762578 -0.96683886033945943 -0.81403855522663837 -0.65189295912203338 -0.56246696819245956 -0.49316180905692092 -0.36924373704146674
decision_type=2 2 2 2 2 2 2 2 2 2 2 2 2 2
left_child=-1 5 3 4 -3 8 7 -7 -2 -10 -11 -12 -13 -14
right_child=1 2 -4 -5 -6 6 -8 -9 9 10 11 12 13 -15
leaf_value=0.0046539111177353182 -0.012438282553577183 0.0055399904118050959 -0.0013169658954840459 0.0072982603514985369 -0.0020232616962116037 0.012869395193706879 -0.018895169296944615 -0.0047057232829356421 0.0027770149986265161 -0.010738681285193417 0.01166804523474705 -0.015392543579452895 0.015556011110804869 -0.00010011694832917986
leaf_weight=70 69 41 67 84 63 71 49 63 161 116 47 40 64 948
leaf_count=70 69 41 67 84 63 71 49 63 161 116 47 40 64 948
internal_value=0.000281618 -2.65534e-05 0.00411765 0.00691489 0.000961538 -0.000675676 -0.00519126 -0.000746269 -0.000103806 0.000290698 -0.000534979 0.000409463 -0.000285171 0.000494071
internal_weight=1953 1883 255 188 104 1628 183 134 1445 1376 1215 1099 1052 1012
internal_count=1953 1883 255 188 104 1628 183 134 1445 1376 1215 1099 1052 1012
is_linear=0
shrinkage=0.05


Tree=69
num_leaves=15
num_cat=0
split_feature=3 0 0 1 2 2 1 3 2 2 1 0 4 4
split_gain=1.91212 2.14025 7.05201 4.97814 3.70976 3.81097 2.97173 7.51646 3.4518 3.80021 2.79862 2.69338 2.50428 4.63922
threshold=1.0000000180025095e-35 13.976000000000001 14.685500000000003 -0.86958133671945925 -0.53190322474958196 -0.28192241106630667 0.69016699705532247 30.360500000000005 0.86993731518838324 0.90542393716278702 0.23416947364604893 4.980500000000001 23.061500000000006 15.579000000000002
decision_type=2 2 2 2 2 2 2 2 2 2 2 2 2 2
left_child=-1 3 -3 -2 -5 -6 8 -8 -7 -10 11 -11 13 -13
right_child=1 2 -4 4 5 6 7 -9 9 10 -12 12 -14 -15
leaf_value=0.0016649483542654831 0.014043002259094243 -0.0069289362950653707 -0.00025661371996717197 0.015709940243879752 -0.014366755862131582 -0.0012687381062603253 -0.014198153996584795 0.0086552477705322105 0.018245142754308857 -0.011443411001190888 0.0063252957777942351 -0.0094533354138426704 -0.0034801987722521358 0.011752121415097783
leaf_weight=95 46 80 912 45 45 197 40 215 41 40 52 60 43 42
leaf_count=95 46 80 912 45 45 197 40 215 41 40 52 60 43 42
internal_value=-7.68049e-05 -0.000430571 -0.00201613 0.00138568 0.000487805 -0.000322581 0.000547945 0.00490196 -0.00178947 0.00179856 -0.000632911 -0.00351351 -0.000344828 0.00392157
internal_weight=1953 1858 992 866 820 775 730 255 475 278 237 185 145 102
internal_count=1953 1858 992 866 820 775 730 255 475 278 237 185 145 102
is_linear=0
shrinkage=0.05


Tree=70
num_leaves=15
num_cat=0
split_feature=4 4 4 3 3 2 1 0 1 1 2 0 1 1
split_gain=1.76285 2.93793 2.29551 5.39518 5.78725 5.73016 3.68676 7.08552 7.95825 4.82535 3.79909 6.24783 4.78252 3.96826
threshold=22.814000000000004 19.314000000000004 11.635500000000002 0.015500000000000002 6.7545000000000011 -0.6815963802609516 0.59055600833485278 10.433000000000002 0.9594338453294492 0.33302288323572038 0.48378379397820742 16.824500000000004 -0.58011068582918257 -0.20931270765420754
decision_type=2 2 2 2 2 2 2 2 2 2 2 2 2 2
left_child=1 2 6 -4 5 -5 9 -8 -9 10 11 -1 -12 -14
right_child=-2 -3 3 4 -6 -7 7 8 -10 -11 12 -13 13 -15
leaf_value=0.030020140962431569 0.001956550962144918 -0.001578527289281903 0.011028642080024237 -0.055947882856292423 0.001289415079338785 -0.00037215143443666523 0.0059689375788565925 -0.025403071419076464 0.0042323588652884159 0.010377885878527289 -0.022731219638665864 -0.00016388818317734089 0.0059007710524460614 -0.013100756105151365
leaf_weight=43 258 273 45 42 657 84 52 83 48 42 40 197 40 49
leaf_count=43 258 273 45 42 657 84 52 83 48 42 40 197 40 49
internal_value=2.56016e-05 -0.000560472 0.000351617 0.00205314 0.00108557 -0.00873016 -0.0020202 -0.0079235 -0.0141221 0.000608273 -0.00121951 0.0025 -0.00813953 -0.00168539
internal_weight=1953 1695 1422 828 783 126 594 183 131 411 369 240 129 89
internal_count=1953 1695 1422 828 783 126 594 183 131 411 369 240 129 89
is_linear=0
shrinkage=0.05


Tree=71
num_leaves=15
num_cat=0
split_feature=4 4 3 1 4 2 3 1 1 0 3 4 2 4
split_gain=1.67033 3.08568 2.21113 4.26621 3.20267 2.07257 2.47368 3.63703 1.76402 1.67442 1.48856 2.43109 7.84573 3.57723
threshold=22.814000000000004 19.314000000000004 31.374500000000001 0.33302288323572038 20.412500000000005 0.8524709262517346 99.997500000000016 -0.17082974322534453 -0.99273952934267318 12.716500000000002 93.07350000000001 15.719000000000003 -0.25119006388481929 11.635500000000002
decision_type=2 2 2 2 2 2 2 2 2 2 2 2 2 2
left_child=1 8 -3 4 -4 6 7 -2 -1 -8 -10 13 -13 -12
right_child=5 2 3 -5 -6 -7 9 -9 10 -11 11 12 -14 -15
leaf_value=0.0040200622737734115 0.0051779940291059486 0.0033229345540863875 -0.0092907709408077358 -0.0042480857787598487 0.0030147402364455291 -0.0011749352102044808 0.0095787584006001136 -0.0026400251711222789 -0.00047124038312689674 0.0022883499885970882 -0.00041090936942556337 -0.017750587861661959 0.0033325029259168512 0.0081580146280386609
leaf_weight=43 45 75 41 79 78 65 43 62 724 43 265 75 96 219
leaf_count=43 45 75 41 79 78 65 43 62 724 43 265 75 96 219
internal_value=0.000128008 -0.000442478 -0.00531136 -0.00808081 -0.00210084 0.00387597 0.00647668 0.00140187 0.000492264 0.0127907 0.000181291 0.0019084 -0.00321637 0.00371901
internal_weight=1953 1695 273 198 119 258 193 107 1422 86 1379 655 171 484
internal_count=1953 1695 273 198 119 258 193 107 1422 86 1379 655 171 484
is_linear=0
shrinkage=0.05


Tree=72
num_leaves=15
num_cat=0
split_feature=2 0 0 4 0 4 2 4 2 4 1 0 1 1
split_gain=2.60364 3.22638 2.34981 2.06525 4.22546 6.37811 7.545 4.47434 4.08937 5.52153 2.87356 2.2051 1.96078 1.77772
threshold=-0.97218766834954651 24.024000000000004 26.969000000000005 11.635500000000002 11.776500000000002 8.188500000000003 0.075135296012361824 9.8020000000000014 0.96468063810649285 9.0115000000000016 -0.7266007961912001 8.9100000000000019 1.0000000180025095e-35 -0.99273952934267318
decision_type=2 2 2 2 2 2 2 2 2 2 2 2 2 2
left_child=1 12 3 4 8 10 7 -7 9 11 -6 -2 -1 -5
right_child=2 -3 -4 13 5 6 -8 -9 -10 -11 -12 -13 -14 -15
leaf_value=0.020676071573678057 -0.0054949335481957913 -0.011988167812390472 0.0043056669203133729 0.0096264505463357526 0.0035935609208795228 -0.013222399967777252 -0.029974637620730622 0.001577850205357767 -0.012422156280737451 0.010879323972198034 -0.0036290058365365807 0.0046727829393541018 -0.0070542472224982833 0.00038033181434298793
leaf_weight=51 71 67 54 51 58 52 42 67 43 56 87 42 49 1163
leaf_count=51 71 67 54 51 58 52 42 67 43 56 87 42 49 1163
internal_value=0.000281618 -0.00568862 0.000839866 0.00051963 -0.00212355 -0.00588235 -0.0127329 -0.00630252 0.00330189 0.00680473 0.00172414 0.000442478 0 0.00164745
internal_weight=1953 167 1786 1732 518 306 161 119 212 169 145 113 100 1214
internal_count=1953 167 1786 1732 518 306 161 119 212 169 145 113 100 1214
is_linear=0
shrinkage=0.05


Tree=73
num_leaves=15
num_cat=0
split_feature=2 3 1 0 4 2 0 4 2 1 0 1 1 4
split_gain=2.10755 4.42514 2.09237 1.59995 2.06525 3.40904 5.32547 8.41911 3.8056 3.49339 2.72945 1.77772 2.90885 1.80133
threshold=-0.97218766834954651 44.06600000000001 0.064414007683963548 26.969000000000005 11.635500000000002 -0.89611523788151459 12.564500000000001 8.188500000000003 0.42110087079608943 -0.7266007961912001 15.524500000000002 -0.99273952934267318 -0.97109105924028405 13.029000000000002
decision_type=2 2 2 2 2 2 2 2 2 2 2 2 2 2
left_child=1 -1 -3 4 5 -2 8 9 -7 -8 -9 -6 -13 -14
right_child=3 2 -4 -5 11 6 7 10 -10 -11 -12 12 13 -15
leaf_value=-0.012110060909087818 0.0091324794660819168 -0.0067792292269871829 0.011594408727363018 0.0040903835742977018 0.0091451280190189641 0.010442352669562513 0.0032958282886032956 -0.034834568356155525 -0.00061122396229484899 -0.010320003553966074 -0.012368597327728091 -0.0092516201231477319 0.0038178468382994882 0.00029601793459265661
leaf_weight=59 46 68 40 54 51 57 55 45 180 61 74 44 131 988
leaf_count=59 46 68 40 54 51 57 55 45 180 61 74 44 131 988
internal_value=0.000281618 -0.00508982 0.000925926 0.000783875 0.00051963 -0.00212355 -0.00338983 -0.0087234 0.00189873 0.000862069 -0.0180672 0.00164745 0.00124678 0.00174263
internal_weight=1953 167 108 1786 1732 518 472 235 237 116 119 1214 1163 1119
internal_count=1953 167 108 1786 1732 518 472 235 237 116 119 1214 1163 1119
is_linear=0
shrinkage=0.05


Tree=74
num_leaves=15
num_cat=0
split_feature=2 3 1 4 4 0 4 0 0 1 1 1 3 0
split_gain=3.00642 3.51496 1.79286 1.82479 3.3144 2.75096 2.65574 2.13864 2.65144 2.05054 3.50123 4.53742 5.33316 3.80679
threshold=-0.97218766834954651 44.06600000000001 -0.99273952934267318 22.013500000000004 20.072000000000003 17.253500000000006 20.896500000000003 10.994500000000002 8.9100000000000019 -0.96683886033945943 -0.81403855522663837 -0.65189295912203338 3.5715000000000003 15.030000000000001
decision_type=2 2 2 2 2 2 2 2 2 2 2 2 2 2
left_child=1 -1 -2 4 9 7 -6 8 -5 -4 13 -12 -13 -11
right_child=2 -3 3 5 6 -7 -8 -9 -10 10 11 12 -14 -15
leaf_value=-0.011504557863633426 0.0026115595777361808 -0.00050301406395236725 -0.010816508412955245 -0.0012781994759911042 -0.0060173339206243855 0.0031595086465444292 -0.00039959665848604 -0.00096813571774825304 0.010483100774490474 0.014170469195782465 -0.0097652486854068049 0.0063929556005247277 -0.00010349814466745315 0.00060537346594305571
leaf_weight=59 70 108 69 51 61 58 61 123 49 49 116 93 874 112
leaf_count=59 70 108 69 51 61 58 61 123 49 49 116 93 874 112
internal_value=0.000128008 -0.00628743 0.000727884 0.000407925 -0.000313589 0.00409253 -0.00819672 0.00156951 0.007 0.000418888 0.000884244 -0.000138504 0.00098242 0.00776398
internal_weight=1953 167 1786 1716 1435 281 122 223 100 1313 1244 1083 967 161
internal_count=1953 167 1786 1716 1435 281 122 223 100 1313 1244 1083 967 161
is_linear=0
shrinkage=0.05


Tree=75
num_leaves=15
num_cat=0
split_feature=2 0 3 1 1 2 3 0 4 0 0 0 0 0
split_gain=2.73934 3.22638 2.48639 1.96078 1.91237 7.9823 3.07779 5.15364 2.79954 2.25722 4.87137 5.5007 4.20324 3.24524
threshold=-0.97218766834954651 24.024000000000004 1.0000000180025095e-35 1.0000000180025095e-35 0.89896131060349826 -0.31473592273745027 42.000500000000009 12.448500000000001 16.233000000000004 8.6960000000000015 13.976000000000001 13.199000000000002 14.685500000000003 9.9100000000000019
decision_type=2 2 2 2 2 2 2 2 2 2 2 2 2 2
left_child=1 3 -2 -1 9 -6 -7 8 -8 -4 11 13 -12 -11
right_child=2 -3 4 -5 5 6 7 -9 -10 10 12 -13 -14 -15
leaf_value=0.020006380159541134 0.0021534220277358101 -0.011086676757438796 -0.0012142895021915513 -0.0063374226968263949 -0.025402327883316523 -0.012945482703174312 0.015220987659622463 -0.00099619251446376881 0.0005774669199832827 0.0054429853217802839 -0.0046969727696662203 0.01579129848704169 0.00029136729972785436 0.0010092970428056014
leaf_weight=51 86 67 289 49 44 55 54 78 57 86 50 56 692 239
leaf_count=51 86 67 289 49 44 55 54 78 57 86 50 56 692 239
internal_value=0.000435228 -0.00568862 0.00100784 0 0.000588235 -0.003125 0.000409836 0.00343915 0.0103604 0.00134561 0.00235975 0.00695538 0 0.00446154
internal_weight=1953 167 1786 100 1700 288 244 189 111 1412 1123 381 742 325
internal_count=1953 167 1786 100 1700 288 244 189 111 1412 1123 381 742 325
is_linear=0
shrinkage=0.05


Tree=76
num_leaves=15
num_cat=0
split_feature=2 3 0 1 4 1 2 4 1 1 1 0 0 3
split_gain=3.25116 3.51496 2.27359 1.81122 1.78641 1.64595 1.74309 1.7778 1.29429 1.10254 5.42759 2.52996 5.05812 5.20971
threshold=-0.97218766834954651 44.06600000000001 26.969000000000005 -0.99273952934267318 14.663000000000002 -0.97109105924028405 0.99468534776305517 23.996500000000001 0.81825490718534677 0.89896131060349826 0.94917575150333644 15.030000000000001 13.199000000000002 96.074500000000015
decision_type=2 2 2 2 2 2 2 2 2 2 2 2 2 2
left_child=1 -1 3 -2 -3 -5 7 9 -9 -7 -11 12 13 -12
right_child=2 4 -4 5 -6 6 -8 8 -10 10 11 -13 -14 -15
leaf_value=-0.010532342919566862 0.0024198618656627795 0.012150227251724467 0.0037133205982692041 -0.00828073030490592 -0.0046989311659577484 0.00030167728861265898 -0.0022163924266841413 0.00549244490075895 -0.00052763927283278479 -0.012072381723016458 -0.0083652701616785848 0.021434859409849821 -0.001828961275753241 0.0083393876854063968
leaf_weight=59 70 50 54 70 58 1117 57 112 45 77 43 43 41 57
leaf_count=59 70 50 54 70 58 1117 57 112 45 77 43 43 41 57
internal_value=0.000384025 -0.00628743 0.00100784 0.000692841 -0.000925926 0.000361011 0.000690955 0.00100977 0.00605096 0.000435414 -0.00249042 0.00217391 -0.00106383 0.005
internal_weight=1953 167 1786 1732 108 1662 1592 1535 157 1378 261 184 141 100
internal_count=1953 167 1786 1732 108 1662 1592 1535 157 1378 261 184 141 100
is_linear=0
shrinkage=0.05


Tree=77
num_leaves=15
num_cat=0
split_feature=4 2 3 1 4 4 0 0 0 3 3 3 0 2
split_gain=1.36613 2.07257 3.46868 4.29245 1.4854 5.89567 3.36134 8.49843 4.86682 1.7729 1.64624 1.92135 3.45343 8.19209
threshold=22.814000000000004 0.8524709262517346 99.997500000000016 -0.17082974322534453 19.508500000000005 19.124500000000001 10.144500000000003 13.199000000000002 19.563000000000006 97.353500000000011 1.0000000180025095e-35 10.397000000000002 19.713000000000005 -0.77547391234167817
decision_type=2 2 2 2 2 2 2 2 2 2 2 2 2 2
left_child=4 2 3 -2 5 10 -6 -8 9 -9 -1 12 -12 -14
right_child=1 -3 -4 -5 6 -7 7 8 -10 -11 11 -13 13 -15
leaf_value=0.0012636046712411809 0.0041410819756930286 -0.001075669748486191 0.0064693706029929389 -0.0025103525970530619 0.0031503784320981096 0.0046135607347118105 -0.0086247319017538192 0.011708462437936582 -0.017771993814289795 -0.00013703799178355625 -0.0075723959751527632 9.2015892209071359e-05 -0.017818681525346814 0.01074686121332385
leaf_weight=77 45 65 86 62 48 42 45 51 67 41 158 1064 57 45
leaf_count=77 45 65 86 62 48 42 45 51 67 41 158 1064 57 45
internal_value=0.000486431 0.00387597 0.00647668 0.00046729 -2.94985e-05 0.000589051 -0.00357143 -0.00637255 -0.000943396 0.00652174 3.56888e-05 -0.000377644 -0.00423077 0.00294118
internal_weight=1953 258 193 107 1695 1443 252 204 159 92 1401 1324 260 102
internal_count=1953 258 193 107 1695 1443 252 204 159 92 1401 1324 260 102
is_linear=0
shrinkage=0.05


Tree=78
num_leaves=15
num_cat=0
split_feature=0 0 1 0 1 2 4 4 0 0 4 0 0 2
split_gain=1.51207 6.04716 4.66016 2.52221 2.75871 2.19923 2.20347 3.33132 3.27932 4.05584 2.56451 2.95102 3.21216 2.81185
threshold=13.976000000000001 14.685500000000003 -0.86958133671945925 15.162000000000001 0.94130860066615818 -0.5488429582847193 8.291500000000001 13.6485 10.797500000000001 8.9100000000000019 15.205000000000002 5.8775000000000004 7.4855000000000009 0.86564557464733971
decision_type=2 2 2 2 2 2 2 2 2 2 2 2 2 2
left_child=2 -2 -1 -3 -5 -4 -7 8 9 -8 -9 -12 -13 -14
right_child=1 3 5 4 -6 6 7 10 -10 -11 11 12 13 -15
leaf_value=0.011925631004721854 -0.0066326637191817528 0.009625666584160017 0.01917380282106413 -0.00024082976574662797 0.0088519875902379752 -0.0062628547494852907 0.0065998102434894762 -0.010916229589524795 -0.00099148753337138665 0.018880663743807202 0.005369845821763356 -0.0083118386829123606 -0.00071801971264335857 0.008375893259517396
leaf_weight=46 83 40 40 881 49 124 103 67 50 45 48 46 233 98
leaf_count=46 83 40 40 881 49 124 103 67 50 45 48 46 233 98
internal_value=0.000384025 -0.000902184 0.00188889 0.000206186 -0.000322581 0.00105386 0.0004914 0.0015942 0.00707071 0.0108108 -0.000609756 0.000823529 -0.00066313 0.0010574
internal_weight=1953 1053 900 970 930 854 814 690 198 148 492 425 377 331
internal_count=1953 1053 900 970 930 854 814 690 198 148 492 425 377 331
is_linear=0
shrinkage=0.05


Tree=79
num_leaves=15
num_cat=0
split_feature=0 0 0 1 0 0 4 4 3 2 1 1 2 4
split_gain=1.29702 5.05529 5.03417 6.05 2.76826 3.59503 1.90377 3.00224 4.04977 3.75591 5.41918 3.05105 3.9981 2.60178
threshold=13.976000000000001 14.685500000000003 13.199000000000002 0.44380628866780453 12.448500000000001 12.133500000000002 8.188500000000003 13.6485 8.5135000000000023 0.78298010367706283 -0.20931270765420754 0.74620497228242788 0.092265415903232631 12.134000000000002
decision_type=2 2 2 2 2 2 2 2 2 2 2 2 2 2
left_child=2 -2 4 -4 5 6 -1 13 -9 11 -11 -10 -13 -8
right_child=1 -3 3 -5 -6 -7 7 8 9 10 -12 12 -14 -15
leaf_value=-0.0065262821611712504 -0.0063010305332226631 3.3710905107141309e-05 0.014577228775024717 -0.00032153031488693781 -0.0078401434093450413 0.015006964970789689 0.0044166161424536712 -0.0046404288900014799 0.0070733999107606806 -0.010369001709380692 0.0027381417470562887 -0.0031630839304347294 0.010155396220725033 0.018662538130465034
leaf_weight=112 83 970 40 40 64 41 133 68 61 52 111 55 72 51
leaf_count=112 83 970 40 40 64 41 133 68 61 52 111 55 72 51
internal_value=0.000384025 -0.000807217 0.00177778 0.01375 0.000609756 0.00145503 0.000629371 0.00174129 -0.000596659 0.00156695 -0.00398773 0.00638298 0.0019685 0.00706522
internal_weight=1953 1053 900 80 820 756 715 603 419 351 163 188 127 184
internal_count=1953 1053 900 80 820 756 715 603 419 351 163 188 127 184
is_linear=0
shrinkage=0.05


Tree=80
num_leaves=15
num_cat=0
split_feature=1 4 3 4 3 4 4 0 1 3 2 2 1 0
split_gain=1.31198 4.19967 4.54489 4.19608 3.95566 2.65491 2.63503 2.32109 4.08209 2.31831 3.35255 1.96565 1.79888 6.11143
threshold=-0.38962684145003712 14.736500000000001 98.685500000000005 7.4285000000000005 78.70950000000002 4.9495000000000013 10.827500000000002 13.898000000000001 -0.91585580712236359 68.353500000000011 -0.15621076983770799 0.1093682717844857 0.098678873477280007 20.317000000000004
decision_type=2 2 2 2 2 2 2 2 2 2 2 2 2 2
left_child=1 3 4 5 -3 -1 11 -4 -9 -8 -11 -5 -2 -14
right_child=12 2 7 6 -6 -7 9 8 -10 10 -12 -13 13 -15
leaf_value=-0.00014529163702469152 -0.0022300379605909248 0.0030117853962727051 0.0033577566962736285 -0.0098227255500298993 0.013214028670268088 0.015653682263423823 0.001945308946101669 -0.01134666969102225 0.0010932569924945942 0.002905648122645885 -0.0064502254810968086 -0.016639565222519758 -0.00041211749062085301 0.0074228530116050495
leaf_weight=41 319 142 63 61 46 42 58 49 47 42 53 40 823 127
leaf_count=41 319 142 63 61 46 42 58 49 47 42 53 40 823 127
internal_value=0.000281618 0.00204678 0.00590778 -0.00192878 0.0111702 0.00783133 -0.00511811 -0.000314465 -0.00520833 -0.000980392 -0.00578947 -0.0113861 -0.000669819 0.000421053
internal_weight=1953 684 347 337 188 83 254 159 96 153 95 101 1269 950
internal_count=1953 684 347 337 188 83 254 159 96 153 95 101 1269 950
is_linear=0
shrinkage=0.05


Tree=81
num_leaves=15
num_cat=0
split_feature=1 2 0 1 0 0 0 2 4 3 4 1 1 2
split_gain=2.07036 1.76279 2.58289 1.96078 1.26613 5.05278 3.6436 8.6015 3.45905 2.67381 2.47277 3.663 6.78389 4.44544
threshold=-0.99273952934267318 -0.97218766834954651 24.024000000000004 1.0000000180025095e-35 8.9100000000000019 9.7115000000000027 6.9940000000000007 0.78884570776442897 10.628500000000001 1.0000000180025095e-35 22.814000000000004 0.88933691597811693 0.94917575150333644 -0.04732138832243208
decision_type=2 2 2 2 2 2 2 2 2 2 2 2 2 2
left_child=-1 2 3 -2 6 -6 7 -3 -8 -7 11 -11 -13 -14
right_child=1 4 -4 -5 5 9 8 -9 -10 10 -12 12 13 -15
leaf_value=0.0025160945670481857 0.019039397020773837 0.013665552740452364 -0.010436977550142279 -0.0058744771085319841 0.0068237937348517826 0.0023071679840963089 0.0065474353411828778 -0.0023386773206389684 -0.0077435797208926377 0.00020009760203741901 0.0020024724056476651 -0.023032590367934785 0.008219775362079346 -0.0080175104685554031
leaf_weight=70 51 55 67 49 72 63 53 146 115 845 166 62 65 74
leaf_count=70 51 55 67 49 72 63 53 146 115 845 166 62 65 74
internal_value=0.000128008 -0.000185874 -0.00508982 0 0.000291375 0.00100223 -0.00230352 0.00223881 -0.0077381 0.00027451 -0.000247525 -0.00114723 -0.00721393 -0.00107914
internal_weight=1953 1883 167 100 1716 1347 369 201 168 1275 1212 1046 201 139
internal_count=1953 1883 167 100 1716 1347 369 201 168 1275 1212 1046 201 139
is_linear=0
shrinkage=0.05


Tree=82
num_leaves=15
num_cat=0
split_feature=1 4 2 1 3 4 0 1 2 4 4 1 1 0
split_gain=1.97114 1.48268 2.86269 3.11635 5.15595 2.38791 2.82977 4.21066 1.9227 1.99072 7.09969 5.22342 4.7958 8.7487
threshold=-0.99273952934267318 22.814000000000004 0.8524709262517346 -0.14153898451656977 99.997500000000016 20.072000000000003 19.789000000000005 0.51909748604633899 -0.99665976668634515 13.935000000000002 14.429500000000003 -0.34918219960991376 -0.09025077427732299 19.713000000000005
decision_type=2 2 2 2 2 2 2 2 2 2 2 2 2 2
left_child=-1 5 3 -3 -5 8 7 -7 -2 -10 -11 -12 -13 -14
right_child=1 2 -4 4 -6 6 -8 -9 9 10 11 12 13 -15
leaf_value=0.0023902898386957772 -0.0084710849787525532 0.0029712422715853395 -0.0011878206232948997 -0.0030634198587638608 0.0071523568201037613 0.011001302176573996 -0.017455438192154768 -0.0026084005296543658 -0.00039075731064782543 0.026620288908503865 0.0027878319905423835 -0.017799488840211188 -0.0023168939410247772 0.011000360963506118
leaf_weight=70 45 69 65 60 54 73 50 67 808 56 193 44 246 53
leaf_count=70 45 69 65 60 54 73 50 67 808 56 193 44 246 53
internal_value=0.000332821 2.65534e-05 0.00362903 0.0068306 0.00175439 -0.000519878 -0.00578947 -0.00214286 0.00017301 0.0005 0.0027027 0.000932836 -0.00276968 -0.000501672
internal_weight=1953 1883 248 183 114 1635 190 140 1445 1400 592 536 343 299
internal_count=1953 1883 248 183 114 1635 190 140 1445 1400 592 536 343 299
is_linear=0
shrinkage=0.05


Tree=83
num_leaves=15
num_cat=0
split_feature=1 1 2 2 2 1 0 4 4 4 1 1 0 2
split_gain=2.17202 1.6855 1.84535 2.42842 1.89725 1.55701 1.18555 1.24101 3.69965 3.00355 2.32626 4.52239 4.54717 8.52795
threshold=-0.99273952934267318 -0.96683886033945943 -0.97218766834954651 -0.98597924778888291 -0.99665976668634515 -0.93535928755917819 26.969000000000005 11.635500000000002 11.037500000000001 9.8880000000000017 0.9594338453294492 0.80392051724781088 20.840500000000002 0.48378379397820742
decision_type=2 2 2 2 2 2 2 2 2 2 2 2 2 2
left_child=-1 -2 3 4 -3 -4 7 8 9 10 11 12 13 -7
right_child=1 2 5 -5 -6 6 -8 -9 -10 -11 -12 -13 -14 -15
leaf_value=0.0022707753467609872 -0.0083871468939895055 -0.0070180855705581635 0.0059622670591594623 -0.0099921020536120463 0.0081506988433961477 0.017016182214182995 0.0031937725767709536 0.00019047497233418422 -0.0051556895908306012 0.0074162503716230545 0.01030285089501335 -0.028327622076474157 -0.0094739102749487169 -0.0051375580611198075
leaf_weight=70 80 59 60 48 60 45 54 1073 49 68 43 50 51 143
leaf_count=70 80 59 60 48 60 45 54 1073 49 68 43 50 51 143
internal_value=-7.68049e-05 -0.000398301 -8.31947e-05 -0.00508982 -0.0012605 0.000427873 0.000126904 -0.000131406 -0.00233853 -0.00075 -0.00271084 -0.00432526 -0.00146444 0.00212766
internal_weight=1953 1883 1803 167 119 1636 1576 1522 449 400 332 289 239 188
internal_count=1953 1883 1803 167 119 1636 1576 1522 449 400 332 289 239 188
is_linear=0
shrinkage=0.05


Tree=84
num_leaves=15
num_cat=0
split_feature=1 4 2 4 1 2 1 0 4 2 2 3 3 0
split_gain=2.04533 1.41735 2.66184 2.59411 2.53084 4.16867 2.33665 5.11994 1.8025 1.88571 1.44173 1.51759 2.60871 5.28982
threshold=-0.99273952934267318 22.647000000000002 0.8524709262517346 20.072000000000003 -0.20455206612620117 -0.23449138957041005 0.45914483320598681 20.223500000000005 19.124500000000001 -0.41079147501339891 -0.99665976668634515 1.0000000180025095e-35 20.073000000000004 19.713000000000005
decision_type=2 2 2 2 2 2 2 2 2 2 2 2 2 2
left_child=-1 3 4 8 -3 -6 7 -5 10 -10 -2 -12 13 -13
right_child=1 2 -4 6 5 -7 -8 -9 9 -11 11 12 -14 -15
leaf_value=0.0021572365794229375 -0.0091321888449908909 0.002690232961106476 -0.0011379533407468612 0.010441713319128588 -0.0018906829297455686 0.0066224625639648513 -0.0030961874954133582 -0.016170384169467807 0.010861230410129716 -0.00094323009219086235 0.001003145411520856 -0.0066595478905620009 0.00023577625521757352 0.0016896224350115285
leaf_weight=70 42 67 67 71 49 72 71 41 40 44 72 184 960 103
leaf_count=70 42 67 67 71 49 72 71 41 40 44 72 184 960 103
internal_value=0.000179211 -0.000132767 0.00333333 -0.000675676 0.00638298 0.00206612 -0.00628415 -0.00178571 3.46021e-05 0.00714286 -0.000404115 -0.000113723 -0.000521251 -0.00470383
internal_weight=1953 1883 255 1628 188 121 183 112 1445 84 1361 1319 1247 287
internal_count=1953 1883 255 1628 188 121 183 112 1445 84 1361 1319 1247 287
is_linear=0
shrinkage=0.05


Tree=85
num_leaves=15
num_cat=0
split_feature=1 0 0 2 2 0 2 2 4 0 4 2 2 1
split_gain=1.54275 1.26787 3.66097 4.53303 5.7836 4.32846 5.55382 3.93437 3.08037 3.07125 2.05176 2.80208 3.73235 3.26441
threshold=-0.99762106698677377 11.356500000000002 8.9100000000000019 0.96468063810649285 0.81404609350821777 6.9940000000000007 0.78884570776442897 0.90906259831586944 10.628500000000001 4.980500000000001 25.668000000000003 0.075135296012361824 -0.081676395330422633 0.91348692408873478
decision_type=2 2 2 2 2 2 2 2 2 2 2 2 2 2
left_child=-1 2 5 4 -4 6 -2 -8 -7 -9 11 12 -3 -13
right_child=1 10 3 -5 -6 8 7 9 -10 -11 -12 13 -14 -15
leaf_value=0.0037663797461333533 0.012031361383821357 -0.00023521716292287389 0.0027263301545079779 -0.0031014206172274628 0.022606056170449314 0.0059281840478637776 -0.013966623744805978 -0.0030130336402296623 -0.0073581754306932022 0.00364807477698349 0.0072541568810896521 -0.0016705308634376581 0.0058561798778082666 -0.0087878962693774057
leaf_weight=40 55 907 161 43 45 53 42 62 115 42 62 232 40 54
leaf_count=40 55 907 161 43 45 53 42 62 115 42 62 232 40 54
internal_value=0.000281618 7.84109e-05 0.00194175 0.00662651 0.00970874 -0.00121951 0.00373134 -0.00136986 -0.00714286 0.00384615 -0.000810811 -0.0012571 5.27983e-05 -0.00559441
internal_weight=1953 1913 618 249 206 369 201 146 168 104 1295 1233 947 286
internal_count=1953 1913 618 249 206 369 201 146 168 104 1295 1233 947 286
is_linear=0
shrinkage=0.05


Tree=86
num_leaves=15
num_cat=0
split_feature=3 0 0 1 1 2 0 1 1 0 0 0 1 1
split_gain=1.28026 1.55301 4.20239 3.71769 2.56876 2.39035 2.24455 3.18589 7.86166 2.68156 4.16615 2.30624 8.26289 7.83796
threshold=1.0000000180025095e-35 13.976000000000001 14.685500000000003 -0.86958133671945925 -0.7146667679788683 0.32694223331140743 18.540500000000005 -0.017189842955271383 -0.97109105924028405 17.546500000000005 16.460000000000004 19.872500000000006 0.26744970170045884 0.30041382580050413
decision_type=2 2 2 2 2 2 2 2 2 2 2 2 2 2
left_child=-1 3 -3 -2 -5 6 7 8 -4 10 -9 13 -13 -8
right_child=1 2 5 4 -6 -7 11 9 -10 -11 -12 12 -14 -15
leaf_value=0.0013221419272848312 0.010134502274902849 -0.005018006913454086 -0.0048642882196711784 -0.002616005398012248 0.00078423177568682503 -0.0083144216851751794 0.0012294530298007534 0.0015612365766292326 0.031927164843213313 0.0065817058276996659 -0.028674338935087369 -0.0013085203601790885 0.013138015023844068 -0.02996290679661795
leaf_weight=95 46 80 68 46 774 40 65 79 69 40 43 386 81 41
leaf_count=95 46 80 68 46 774 40 65 79 69 40 43 386 81 41
internal_value=0.000128008 -0.000161464 -0.0015121 0.00138568 0.000609756 -0.000548246 0 0.00351171 0.00912409 -0.00123457 -0.00491803 -0.00183246 -0.000321199 -0.00849057
internal_weight=1953 1858 992 866 820 912 872 299 137 162 122 573 467 106
internal_count=1953 1858 992 866 820 912 872 299 137 162 122 573 467 106
is_linear=0
shrinkage=0.05


Tree=87
num_leaves=15
num_cat=0
split_feature=1 0 0 2 2 0 2 4 3 4 4 1 0 1
split_gain=1.51371 1.30419 3.37186 4.18855 4.72195 3.27513 2.26249 4.26559 4.22145 3.80938 3.57697 3.28994 2.99077 2.60513
threshold=-0.99273952934267318 11.356500000000002 8.9100000000000019 0.96468063810649285 0.81404609350821777 8.5070000000000014 0.057982974307775707 14.559500000000002 97.730000000000004 17.409000000000002 25.133500000000002 0.98336225177674941 13.199000000000002 -0.20455206612620117
decision_type=2 2 2 2 2 2 2 2 2 2 2 2 2 2
left_child=-1 2 5 4 -4 -2 11 8 -8 -9 12 13 -11 -3
right_child=1 6 3 -5 -6 -7 7 9 -10 10 -12 -13 -14 -15
leaf_value=0.0018973644171629081 0.00028058174357486478 0.0008953694291280144 0.0024222773838874509 -0.0029855611751504309 0.021436541773142505 -0.010618126898812039 -0.019042933603837211 0.013671437246694838 -0.00074476891229352526 -0.0059886928073384586 0.013855082305293538 0.0060223829083798277 -0.00023131238434978552 -0.00084830873503713346
leaf_weight=70 329 376 160 43 45 40 78 41 53 52 41 55 48 522
leaf_count=70 329 376 160 43 45 40 78 41 53 52 41 55 48 522
internal_value=-7.68049e-05 -0.000345194 0.00153971 0.00604839 0.00902439 -0.00149051 -0.00126382 -0.00495208 -0.0118321 0 -0.00390071 -5.24659e-05 -0.009 -0.00077951
internal_weight=1953 1883 617 248 205 369 1266 313 131 182 141 953 100 898
internal_count=1953 1883 617 248 205 369 1266 313 131 182 141 953 100 898
is_linear=0
shrinkage=0.05


Tree=88
num_leaves=15
num_cat=0
split_feature=0 1 3 3 1 4 3 4 3 0 2 3 0 3
split_gain=1.79816 4.53332 4.44667 6.18327 3.56101 2.95796 7.78002 3.73104 5.341 3.47847 3.39577 3.02944 2.50306 3.55693
threshold=13.976000000000001 -0.80392051724781044 98.685500000000005 92.694500000000019 0.94130860066615818 13.935000000000002 74.372500000000016 17.886500000000002 54.14350000000001 25.458000000000002 -0.78621243120361772 5.3065000000000007 15.736000000000002 99.997500000000016
decision_type=2 2 2 2 2 2 2 2 2 2 2 2 2 2
left_child=1 -1 3 4 5 6 9 8 10 11 -7 -2 -4 -14
right_child=2 -3 12 -5 -6 7 -8 -9 -10 -11 -12 -13 13 -15
leaf_value=0.0088572723402429721 -0.017334868496770819 0.00033520936190846939 -0.0078467778331871973 0.012375409178462067 0.0060718809811243883 -0.013218799856724368 -0.030622085386036193 -0.0011016791913337279 0.01807789477188862 0.0015800405533207497 0.0042230748531205458 -5.9818362774244352e-08 -0.0098051285962676808 -0.00016870772686692904
leaf_weight=67 57 833 70 69 48 42 41 175 46 58 43 101 76 227
leaf_count=67 57 833 70 69 48 42 41 175 46 58 43 101 76 227
internal_value=2.56016e-05 0.00166667 -0.00137702 0.00102941 -0.000572831 -0.00168739 -0.00564202 0.00163399 0.00801527 -0.00185185 0.000588235 -0.0056962 -0.00576408 -0.00379538
internal_weight=1953 900 1053 680 611 563 257 306 131 216 85 158 373 303
internal_count=1953 900 1053 680 611 563 257 306 131 216 85 158 373 303
is_linear=0
shrinkage=0.05


Tree=89
num_leaves=15
num_cat=0
split_feature=0 3 3 0 0 3 1 2 1 3 3 3 0 4
split_gain=1.56291 4.10263 4.98457 3.82796 5.38387 4.65385 3.4724 2.70673 2.91783 3.28777 3.60441 2.72222 2.66303 3.34227
threshold=13.976000000000001 98.685500000000005 92.694500000000019 12.843000000000002 12.448500000000001 99.757000000000019 0.94130860066615818 0.21113058295073206 -0.89391031859722847 4.0590000000000011 5.698500000000001 17.906000000000002 15.736000000000002 21.637500000000003
decision_type=2 2 2 2 2 2 2 2 2 2 2 2 2 2
left_child=3 2 6 4 -1 -5 7 8 11 -10 -11 -2 -3 -14
right_child=1 12 -4 5 -6 -7 -8 -9 9 10 -12 -13 13 -15
leaf_value=0.00053071753982869704 0.0094348785286937284 -0.0074544389415278373 0.011756638719538965 -0.0003796033631802129 -0.010334224000721886 0.02070454680242774 0.0057682869320681675 -0.0072559303572821698 -0.011891782594650336 0.0029870746641424586 -0.00099158267473610224 -0.00041444881681588223 -0.0021019658096733118 0.010264493605352745
leaf_weight=756 40 70 69 52 40 52 48 53 89 66 265 50 263 40
leaf_count=756 40 70 69 52 40 52 48 53 89 66 265 50 263 40
internal_value=2.56016e-05 -0.00128205 0.00102941 0.00155556 0.000376884 0.0105769 -0.000409165 -0.00150977 -0.000392157 -0.00214286 0.000151057 0.00777778 -0.00549598 -0.00346535
internal_weight=1953 1053 680 900 796 104 611 563 510 420 331 90 373 303
internal_count=1953 1053 680 900 796 104 611 563 510 420 331 90 373 303
is_linear=0
shrinkage=0.05


Tree=90
num_leaves=15
num_cat=0
split_feature=0 3 0 0 3 3 0 3 0 1 2 1 4 2
split_gain=1.26482 5.58815 3.82796 5.38387 4.65385 3.76639 2.40185 3.13534 4.35591 2.26438 2.09275 2.08682 2.81492 4.63543
threshold=13.976000000000001 98.756000000000014 12.843000000000002 12.448500000000001 99.757000000000019 92.694500000000019 15.736000000000002 99.997500000000016 22.756500000000006 -0.91585580712236359 0.99630826919114179 0.94130860066615818 13.686500000000002 -0.062278703982132359
decision_type=2 2 2 2 2 2 2 2 2 2 2 2 2 2
left_child=2 5 3 10 -4 11 -3 -8 9 -9 -1 12 13 -2
right_child=1 6 4 -5 -6 -7 7 8 -10 -11 -12 -13 -14 -15
leaf_value=0.00063275552761666437 -0.00065185618744020022 -0.007081716994451444 -0.00036062319502120217 -0.0098175128006857924 0.019669319462306351 0.0094364016908927411 -0.0099257613078105999 -0.0021901150637020361 -0.008754681961869416 0.0064804403735247767 -0.0033952038759829497 0.0054798725854647585 0.00065958160445808158 -0.030072494687818516
leaf_weight=714 210 70 52 40 52 72 73 55 41 131 42 48 313 40
leaf_count=714 210 70 52 40 52 72 73 55 41 131 42 48 313 40
internal_value=0.000179211 -0.000997151 0.00155556 0.000376884 0.0105769 0.00168375 -0.00594595 -0.004 -0.00110132 0.00215054 0.00132275 0.000409165 -0.00044405 -0.0044
internal_weight=1953 1053 900 796 104 683 370 300 227 186 756 611 563 250
internal_count=1953 1053 900 796 104 683 370 300 227 186 756 611 563 250
is_linear=0
shrinkage=0.05


Tree=91
num_leaves=15
num_cat=0
split_feature=1 1 3 4 4 1 1 1 4 2 1 4 0 3
split_gain=1.58489 1.20009 3.20889 1.27397 7.76881 4.58781 3.49345 3.24771 4.57062 3.60494 4.01526 4.51739 4.06446 4.05778
threshold=-0.9946616089973247 -0.96683886033945943 74.372500000000016 14.429500000000003 13.772000000000002 0.9594338453294492 -0.89391031859722847 -0.69016699705532203 8.8190000000000008 0.97879788253113664 0.65765423894015862 11.635500000000002 20.771500000000003 83.547500000000014
decision_type=2 2 2 2 2 2 2 2 2 2 2 2 2 2
left_child=-1 2 -2 4 5 6 -3 8 -8 10 12 13 -9 -12
right_child=1 3 -4 -5 -6 -7 7 9 -10 -11 11 -13 -14 -15
leaf_value=0.0026125651692161678 0.0030875468941435748 0.01270365532074477 -0.015101931270406363 -0.00034144515363786492 0.021202808291667194 0.010114578451633174 8.2380463682813629e-05 0.0059423214302741639 -0.02965678094140203 -0.012991563967518577 -0.0047925737838039779 0.0095493447694028274 -0.00090941073162728039 -0.017325801850827546
leaf_weight=60 40 52 50 959 71 74 41 222 46 40 40 50 147 61
leaf_count=60 40 52 50 959 71 74 41 222 46 40 40 50 147 61
internal_value=0.000332821 7.92393e-05 -0.00555556 0.00036051 0.00177725 0.000323415 -0.0009299 -0.00193199 -0.0109195 -0.000535714 0.000576923 -0.00629139 0.00338753 -0.0123762
internal_weight=1953 1893 90 1803 844 773 699 647 87 560 520 151 369 101
internal_count=1953 1893 90 1803 844 773 699 647 87 560 520 151 369 101
is_linear=0
shrinkage=0.05


Tree=92
num_leaves=15
num_cat=0
split_feature=1 0 2 4 4 4 1 3 0 2 2 1 1 2
split_gain=1.47108 1.38263 2.77778 3.59824 3.60409 4.8022 4.7165 3.6503 2.57933 3.95385 3.64661 2.26183 2.0985 2.24226
threshold=-0.99273952934267318 11.356500000000002 0.057982974307775707 25.133500000000002 20.526000000000003 14.559500000000002 -0.74981945761428193 97.730000000000004 8.9100000000000019 0.96468063810649285 0.81404609350821777 0.98336225177674941 0.89391031859722891 -0.64297064596386244
decision_type=2 2 2 2 2 2 2 2 2 2 2 2 2 2
left_child=-1 8 11 4 5 7 -7 -4 -2 10 -10 12 13 -3
right_child=1 2 3 -5 -6 6 -8 -9 9 -11 -12 -13 -14 -15
leaf_value=0.0024819369107553601 -0.00026382538380262805 -0.00077045078546016045 -0.01587024064745764 0.014298547136169083 -0.008307414313409615 0.0064655084247983502 -0.0022429126031897283 -0.00017288450615598404 0.0030801221434853948 -0.0028941449801787034 0.020306852820699585 0.006450850552652993 -0.0028349792901250729 0.0015649541627342834
leaf_weight=70 369 578 78 41 44 46 51 53 160 43 45 55 79 241
leaf_count=70 369 578 78 41 44 46 51 53 160 43 45 55 79 241
internal_value=2.56016e-05 -0.00023898 -0.00118483 -0.00527157 -0.00735294 -0.00482456 0.00360825 -0.0110687 0.00170178 0.00564516 0.00853659 0.000157398 -0.000445434 0.00030525
internal_weight=1953 1883 1266 313 272 228 97 131 617 248 205 953 898 819
internal_count=1953 1883 1266 313 272 228 97 131 617 248 205 953 898 819
is_linear=0
shrinkage=0.05


Tree=93
num_leaves=15
num_cat=0
split_feature=1 2 1 4 0 4 3 1 3 3 2 2 0 1
split_gain=1.51371 1.2919 1.26187 1.72977 4.85921 3.45607 2.68401 5.7619 3.16484 3.28042 2.90707 2.3445 2.34384 3.41924
threshold=-0.99273952934267318 -0.99665976668634515 -0.96683886033945943 17.886500000000002 6.9940000000000007 18.446500000000004 12.224000000000002 0.47434769705567625 49.851000000000006 95.733500000000006 0.8433585485889844 -0.081676395330422633 14.127000000000001 -0.1369060579234754
decision_type=2 2 2 2 2 2 2 2 2 2 2 2 2 2
left_child=-1 -2 -3 -4 -5 -6 7 -7 -8 11 12 -10 -11 -14
right_child=1 2 3 4 5 6 8 -9 9 10 -12 -13 13 -15
leaf_value=0.0023578400652175917 -0.0064882417088376609 -0.0075751589868143544 0.00047786988565673568 0.0064669232692852021 -0.0062168577355669443 0.0099082764162766873 -0.0093087144745312624 -0.0022874129346250561 -0.0051474910907647114 0.00051340174323136483 -0.0046626547582321459 0.013780834199970893 0.00019165428114587132 -0.0019328264187124336
leaf_weight=70 59 80 1148 51 45 42 52 42 55 114 62 40 49 44
leaf_count=70 59 80 1148 51 45 42 52 42 55 114 62 40 49 44
internal_value=-7.68049e-05 -0.000345194 -0.000109649 0.000172018 -0.00201342 -0.0033945 -0.0022 0.00595238 -0.00384615 -0.0021978 -0.00501859 0.00578947 -0.00217391 -0.00806452
internal_weight=1953 1883 1824 1744 596 545 500 84 416 364 269 95 207 93
internal_count=1953 1883 1824 1744 596 545 500 84 416 364 269 95 207 93
is_linear=0
shrinkage=0.05


Tree=94
num_leaves=15
num_cat=0
split_feature=2 1 1 4 4 1 1 1 1 4 4 2 1 2
split_gain=1.38728 1.04984 1.22376 6.22286 4.75248 3.34851 3.67498 4.47489 3.22431 2.74038 5.14058 4.36137 3.58021 4.14383
threshold=-0.99665976668634515 -0.9946616089973247 -0.70252096857941237 7.4285000000000005 10.827500000000002 -0.55176847662110995 -0.49316180905692092 -0.38962684145003712 -0.81403855522663837 14.429500000000003 13.852500000000001 0.97879788253113664 -0.23803327706148572 0.87796008470088804
decision_type=2 2 2 2 2 2 2 2 2 2 2 2 2 2
left_child=-1 -2 3 -3 -5 -4 -7 -8 -6 10 11 -9 -11 -14
right_child=1 2 5 4 8 6 7 9 -10 12 -12 -13 13 -15
leaf_value=-0.0061638296233957673 0.0022399480619567126 0.013808264890378922 0.0016340016365438042 -0.016715677926585383 0.00021451766849253304 -0.014312096621495136 0.014831745328605903 0.0012930546981373553 -0.0040273167986545431 -0.023347065263972663 0.028972589322277323 -0.012286930004325951 -0.0010002233367643833 0.0036847720603578969
leaf_weight=59 60 50 112 59 223 40 72 481 68 42 42 40 491 114
leaf_count=59 60 50 112 59 223 40 72 481 68 42 42 40 491 114
internal_value=-7.68049e-05 0.000158395 -5.45256e-05 -0.0025 -0.00485714 0.000627615 -7.5643e-05 0.000390016 -0.00223368 -0.000330579 0.00222025 0.000863724 -0.00255023 -0.00157025
internal_weight=1953 1894 1834 400 350 1434 1322 1282 291 1210 563 521 647 605
internal_count=1953 1894 1834 400 350 1434 1322 1282 291 1210 563 521 647 605
is_linear=0
shrinkage=0.05


Tree=95
num_leaves=15
num_cat=0
split_feature=1 1 2 4 4 1 1 2 1 1 0 1 4 4
split_gain=1.47108 1.5487 4.45037 5.20872 4.52903 4.34495 3.78795 3.74893 3.61844 4.55881 3.44181 6.60341 2.68504 5.8816
threshold=-0.99273952934267318 -0.69016699705532203 0.57132313271480106 7.4285000000000005 13.686500000000002 -0.89391031859722847 -0.55176847662110995 -0.49501433321452953 -0.49316180905692092 -0.38962684145003712 14.593500000000002 -0.94130860066615807 14.429500000000003 13.772000000000002
decision_type=2 2 2 2 2 2 2 2 2 2 2 2 2 2
left_child=-1 2 3 -2 5 -5 -3 -6 -8 -10 -9 -12 13 -11
right_child=1 6 -4 4 7 -7 8 10 9 12 11 -13 -14 -15
leaf_value=0.0021279506588588772 0.022777538886274887 0.0048232305528334062 -0.0016704642148986483 -0.0044192894366450576 0.0037337934688722154 -0.020887821729758751 -0.013596491790420379 0.006107613625850967 0.014090158062175607 0.00014993608865659371 0.0010517745038286315 -0.0079662274146417213 -0.00079527175473871896 0.022523484184128927
leaf_weight=70 41 102 56 71 47 42 40 40 72 537 55 48 679 53
leaf_count=70 41 102 56 71 47 42 40 40 72 537 55 48 679 53
internal_value=2.56016e-05 -0.00023898 -0.003 -0.000872093 -0.00313531 -0.0110619 0.000505732 0.00157895 -0.000181028 0.000260999 -0.00244755 -0.00728155 -0.000433412 0.0020339
internal_weight=1953 1883 400 344 303 113 1483 190 1381 1341 143 103 1269 590
internal_count=1953 1883 400 344 303 113 1483 190 1381 1341 143 103 1269 590
is_linear=0
shrinkage=0.05


Tree=96
num_leaves=15
num_cat=0
split_feature=2 1 1 2 4 4 1 1 2 4 1 4 4 1
split_gain=1.46357 1.33386 0.926578 3.61609 4.23311 4.54072 5.36099 3.1315 2.34481 2.28531 3.46741 3.42984 4.42965 5.3178
threshold=-0.99665976668634515 -0.99273952934267318 -0.70252096857941237 0.58534685349953219 7.4285000000000005 13.686500000000002 -0.89391031859722847 -0.86958133671945925 -0.16470888341644155 7.4285000000000005 -0.59817537509284269 14.429500000000003 13.935000000000002 0.97653720355785967
decision_type=2 2 2 2 2 2 2 2 2 2 2 2 2 2
left_child=-1 -2 3 4 -3 6 -6 8 -7 -4 -11 12 13 -12
right_child=1 2 9 -5 5 7 -8 -9 -10 10 11 -13 -14 -15
leaf_value=-0.0058631349466588215 0.0020215531259159341 0.02184802993705072 -0.0051248095616489497 -0.0086863213929651191 -0.004198324964812805 -0.010924856949850684 -0.01984343064327081 0.0035471037954286078 0.00026408410445060148 0.010554913467344974 0.00061444066411745499 -0.00040804817033961995 0.026397785646957009 0.014775254951461973
leaf_weight=59 70 40 166 46 71 53 40 69 71 69 399 720 40 40
leaf_count=59 70 40 166 46 71 53 40 69 71 69 399 720 40 40
internal_value=0.000128008 0.000369588 0.000109649 -0.00205128 -0.000290698 -0.00230263 -0.0103604 0.00233161 -0.00241935 0.00069735 0.00141956 0.000792327 0.00407098 0.00261959
internal_weight=1953 1894 1824 390 344 304 111 193 124 1434 1268 1199 479 439
internal_count=1953 1894 1824 390 344 304 111 193 124 1434 1268 1199 479 439
is_linear=0
shrinkage=0.05


Tree=97
num_leaves=15
num_cat=0
split_feature=1 3 4 3 0 1 4 4 2 3 4 3 4 1
split_gain=1.36715 0.906191 1.32422 1.21423 2.63377 2.93117 3.04253 4.06923 9.6667 2.29995 1.86794 2.4511 1.93908 2.50976
threshold=-0.99273952934267318 1.0000000180025095e-35 13.555000000000001 8.5135000000000023 9.2185000000000024 -0.65189295912203338 10.498000000000003 18.667000000000005 -0.77547391234167817 14.290500000000002 19.441000000000003 49.851000000000006 18.272500000000004 0.11577009971046097
decision_type=2 2 2 2 2 2 2 2 2 2 2 2 2 2
left_child=-1 2 -2 4 -3 -6 -7 8 -8 -5 12 -12 -11 -14
right_child=1 3 -4 9 5 6 7 -9 -10 10 11 -13 13 -15
leaf_value=0.0019204754696201386 -0.0001919356796712679 -0.0054477590073784823 0.0033977970574148282 0.0051124815050899415 -0.0039884087165721676 0.0083564884366414804 -0.034053442033014768 0.0039724556525020929 0.01364698272391484 8.3889796173855505e-05 -0.01150753148370484 -0.00043121598582536729 0.0062641894195013814 0.00016938782017454358
leaf_weight=70 47 68 46 42 71 40 47 40 43 954 42 361 40 42
leaf_count=70 47 68 46 42 71 40 47 40 43 954 42 361 40 42
internal_value=0.000281618 2.65534e-05 0.00483871 -0.000223464 -0.00307443 -0.000622407 0.00294118 -0.000769231 -0.00666667 0.000371371 3.47464e-05 -0.0028536 0.0011583 0.00853659
internal_weight=1953 1883 93 1790 309 241 170 130 90 1481 1439 403 1036 82
internal_count=1953 1883 93 1790 309 241 170 130 90 1481 1439 403 1036 82
is_linear=0
shrinkage=0.05


Tree=98
num_leaves=15
num_cat=0
split_feature=1 2 2 4 2 0 3 0 0 3 3 3 1 0
split_gain=1.36715 1.12566 2.11215 3.25041 2.19429 1.99619 9.32296 8.2384 7.53148 1.77875 2.10029 3.86672 3.3235 2.84444
threshold=-0.99273952934267318 -0.97218766834954651 -0.86350450715563698 12.498500000000002 -0.93090634677745676 19.713000000000005 99.01100000000001 21.202000000000002 18.949000000000002 3.8790000000000004 9.5760000000000023 23.816000000000003 -0.25950939392209715 9.7115000000000027
decision_type=2 2 2 2 2 2 2 2 2 2 2 2 2 2
left_child=-1 -2 3 -3 -5 8 7 -7 9 -4 12 -12 -11 -14
right_child=1 2 5 4 -6 6 -8 -9 -10 10 11 -13 13 -15
leaf_value=0.0018244516961391311 -0.0022699864668988823 0.0072017575939343995 0.0027804083076598042 -0.016045451725727848 0.003563637694495208 0.0093713689768064167 -0.0080220649932682773 0.00030383020308444308 -0.028242214190817266 0.0015441183230923416 0.003984580501192307 -0.00028680079595996556 -0.011408126504254476 -0.003121087360563231
leaf_weight=70 167 81 96 50 70 49 70 122 45 44 54 945 45 45
leaf_count=70 167 81 96 50 70 49 70 122 45 44 54 945 45 45
internal_value=0.000281618 2.65534e-05 0.000407925 0.00522388 0 -0.000231023 0.00394191 0.0102339 -0.00102041 -0.000284784 -0.000838482 -5.00501e-05 -0.00671642 -0.0122222
internal_weight=1953 1883 1716 201 120 1515 241 171 1274 1229 1133 999 134 90
internal_count=1953 1883 1716 201 120 1515 241 171 1274 1229 1133 999 134 90
is_linear=0
shrinkage=0.05


Tree=99
num_leaves=15
num_cat=0
split_feature=1 4 4 1 1 4 0 4 1 4 0 1 0 3
split_gain=1.05403 3.87077 5.01816 2.35402 3.26331 8.38095 2.63396 1.77778 1.77104 5.28472 4.1754 3.15509 3.71602 2.72184
threshold=0.9594338453294492 15.719000000000003 19.924500000000005 0.89896131060349826 0.76864763646026912 11.493500000000003 11.520500000000002 17.566500000000001 0.48941038753127741 15.685500000000003 15.162000000000001 0.25084665036108239 4.980500000000001 0.28550000000000003
decision_type=2 2 2 2 2 2 2 2 2 2 2 2 2 2
left_child=3 -2 -3 4 8 -6 -5 -7 11 10 -10 12 -1 -14
right_child=1 2 -4 6 5 7 -8 -9 9 -11 -12 -13 13 -15
leaf_value=-0.0095153589256416708 0.00970545987745218 -0.015680574499460597 0.0019179824337365412 0.00036133418553029322 -0.022117479697132934 0.020773451858644772 -0.01478319513141953 0.0093113693689972025 0.007788131873697055 -0.0041139955860683124 -0.0062312534344001955 0.0042945383745370156 0.0050219279823550574 -0.00016826451654805425
leaf_weight=57 88 46 58 42 42 63 66 49 69 116 48 164 67 978
leaf_count=57 88 46 58 42 42 63 66 49 69 116 48 164 67 978
internal_value=0.000128008 0.00364583 -0.00288462 -0.000255537 0.000211736 0.00714286 -0.00740741 0.0142857 -0.000500334 -0.00450644 0.00299145 0.000236967 -0.000725953 -4.78469e-05
internal_weight=1953 192 104 1761 1653 154 108 112 1499 233 117 1266 1102 1045
internal_count=1953 192 104 1761 1653 154 108 112 1499 233 117 1266 1102 1045
is_linear=0
shrinkage=0.05


Tree=100
num_leaves=15
num_cat=0
split_feature=0 1 2 2 2 0 0 0 4 4 0 2 2 2
split_gain=1.69474 5.62636 1.45334 7.05077 2.75382 2.39401 2.01256 3.28319 4.34493 2.89016 2.56357 3.84981 2.77894 3.02721
threshold=5.7955000000000014 0.30041382580050413 0.19429706169951341 0.26123699986315735 0.0064435096891653281 15.736000000000002 14.127000000000001 8.6960000000000015 14.193500000000002 9.0115000000000016 10.994500000000002 0.72731766296277522 0.96468063810649285 0.78884570776442897
decision_type=2 2 2 2 2 2 2 2 2 2 2 2 2 2
left_child=1 -1 4 -4 -2 -6 7 8 9 -5 12 -12 13 -9
right_child=2 -3 3 6 5 -7 -8 10 -10 -11 11 -13 -14 -15
leaf_value=-0.0027790089195315381 -1.7868863919334734e-05 0.0073040014259009552 -0.016037348569700609 -0.0045741046524322791 0.0097219014479755905 -0.0023097001059928127 -0.0039195954702991535 0.0033240158088413047 -0.0065466551125502141 0.004713649135192283 0.0012990129475611502 -0.0021953513733877134 -0.001982193847631175 0.019221744231174655
leaf_weight=74 1035 46 40 59 74 45 77 80 94 55 114 64 45 51
leaf_count=74 1035 46 40 59 74 45 77 80 94 55 114 64 45 51
internal_value=7.68049e-05 0.00583333 -0.000300055 -0.00213549 0.000779896 0.00798319 -0.00086072 0.000177936 -0.00480769 0.00175439 0.00310734 -0.0011236 0.00738636 0.0110687
internal_weight=1953 120 1833 679 1154 119 639 562 208 114 354 178 176 131
internal_count=1953 120 1833 679 1154 119 639 562 208 114 354 178 176 131
is_linear=0
shrinkage=0.05


Tree=101
num_leaves=15
num_cat=0
split_feature=0 1 4 4 4 2 1 1 2 3 0 4 1 4
split_gain=1.18855 4.62596 1.2972 4.3581 3.38558 2.678 3.84981 5.47598 2.8535 3.9497 2.62086 2.16542 1.65423 6.64236
threshold=5.7955000000000014 0.23416947364604893 19.441000000000003 20.312500000000004 19.018500000000003 0.21113058295073206 1.0000000180025095e-35 0.93535928755917841 0.61287127154566789 99.050000000000026 20.894000000000002 26.231000000000005 0.84293373149377093 15.719000000000003
decision_type=2 2 2 2 2 2 2 2 2 2 2 2 2 2
left_child=1 -1 4 -4 12 6 10 -8 -7 -10 -5 -11 -2 -14
right_child=2 -3 3 5 -6 8 7 -9 9 11 -12 -13 13 -15
leaf_value=-0.0029115828463429916 0.00022082269279308093 0.0070335252087171569 -0.0096714477867730717 0.01889794776424876 0.0030303080429713233 -0.0051536003503781904 -0.0046674490299849413 0.0036014677182730492 0.013121801516794424 0.0011341253368243986 3.7042634656314632e-05 -0.0028743180890685284 0.0004692567239905597 -0.014165347429668327
leaf_weight=67 1053 53 74 56 40 63 77 61 40 43 41 40 188 57
leaf_count=67 1053 53 74 56 40 63 77 61 40 43 41 40 188 57
internal_value=0.000179211 0.005 -0.000136388 -0.00232323 0.000672646 -0.000356295 0.00319149 -0.00217391 -0.00483871 -0.000406504 0.0108247 -0.00662651 0.000231125 -0.00346939
internal_weight=1953 120 1833 495 1338 421 235 138 186 123 97 83 1298 245
internal_count=1953 120 1833 495 1338 421 235 138 186 123 97 83 1298 245
is_linear=0
shrinkage=0.05


Tree=102
num_leaves=15
num_cat=0
split_feature=4 0 2 4 0 0 2 4 3 0 0 2 2 4
split_gain=1.18189 4.05517 4.54737 2.07698 6.34401 5.55955 2.89676 3.17161 3.18029 2.14672 6.41732 4.38604 3.01074 2.11688
threshold=7.5740000000000007 22.987000000000005 -0.44437817810461328 9.4305000000000003 21.741500000000002 14.127000000000001 -0.93090634677745676 17.502500000000005 98.685500000000005 6.9940000000000007 7.878000000000001 0.78884570776442897 0.94698775307607519 17.409000000000002
decision_type=2 2 2 2 2 2 2 2 2 2 2 2 2 2
left_child=1 2 -1 4 5 -2 7 8 -5 11 -11 -8 -13 -12
right_child=3 -3 -4 6 -6 -7 9 -9 -10 10 13 12 -14 -15
leaf_value=0.014170409983220023 0.0027746148450847603 -0.0085246025948125855 -0.0034495057806904735 -0.00035797833037395921 0.017156345353024273 -0.014167949132472083 0.010016370814322124 0.00095051659842349055 -0.016283612440114083 -0.011352084096178872 0.0010655020110911233 -0.0064175827685783813 0.0012582097504388601 -0.00012129540879103757
leaf_weight=40 79 40 152 78 41 42 51 82 50 49 590 40 57 562
leaf_count=40 79 40 152 78 41 42 51 82 50 49 590 40 57 562
internal_value=0.000332821 -0.00301724 0 0.000784428 0.00617284 0.000413223 0.000224503 -0.0052381 -0.0101563 0.00107487 0.000374688 0.00675676 0.000515464 0.00112847
internal_weight=1953 232 192 1721 162 121 1559 210 128 1349 1201 148 97 1152
internal_count=1953 232 192 1721 162 121 1559 210 128 1349 1201 148 97 1152
is_linear=0
shrinkage=0.05


Tree=103
num_leaves=15
num_cat=0
split_feature=1 1 4 4 1 1 1 2 2 2 1 0 0 3
split_gain=1.32664 0.994225 1.16292 5.79471 3.51162 2.7839 4.8311 4.39343 3.27329 4.0909 3.6634 6.1477 4.74725 2.86231
threshold=-0.99273952934267318 -0.97109105924028405 14.429500000000003 13.772000000000002 0.9594338453294492 -0.34918219960991376 -0.19244979981841048 -0.77547391234167817 0.86993731518838324 0.70329649815198148 0.081558489694578698 20.771500000000003 16.525500000000005 98.519500000000008
decision_type=2 2 2 2 2 2 2 2 2 2 2 2 2 2
left_child=-1 -2 3 4 -3 7 -7 -4 9 10 -8 12 -12 -9
right_child=1 2 5 -5 -6 6 8 13 -10 -11 11 -13 -14 -15
leaf_value=0.0013901627439710934 -0.0064837332848140337 -0.00011710514465937961 0.01805967630999631 0.01616319583215407 0.0081601322274481632 -0.020806066086493796 -0.012671168975405031 0.001017255386440763 0.0040029832796207787 -0.0037114620343516539 0.00036207272082990836 0.010162690488401894 -0.012687027640840266 -0.0017691038105769775
leaf_weight=70 70 703 46 72 74 47 46 131 110 41 273 57 91 122
leaf_count=70 70 703 46 72 74 47 46 131 110 41 273 57 91 122
internal_value=0.000384025 0.000132767 0.000358522 0.00170789 0.00045045 -0.000829876 -0.00263158 0.00317726 -0.00145631 -0.00314961 -0.00182013 -0.000356295 -0.00274725 0.000592885
internal_weight=1953 1883 1813 849 777 964 665 299 618 508 467 421 364 253
internal_count=1953 1883 1813 849 777 964 665 299 618 508 467 421 364 253
is_linear=0
shrinkage=0.05


Tree=104
num_leaves=15
num_cat=0
split_feature=1 0 4 4 2 2 0 0 4 4 0 0 0 3
split_gain=1.40826 0.924413 4.26667 1.8 1.15859 5.51572 2.19797 4.72231 3.76877 4.16692 2.58923 2.74068 3.25545 2.96408
threshold=-0.99273952934267318 5.7955000000000014 16.191000000000006 10.827500000000002 0.19429706169951341 0.26123699986315735 14.264000000000001 13.275 13.6485 9.0115000000000016 7.5390000000000006 11.642500000000002 10.627500000000001 93.976500000000001
decision_type=2 2 2 2 2 2 2 2 2 2 2 2 2 2
left_child=-1 2 3 -2 -3 -6 7 8 9 -7 -10 12 13 -12
right_child=1 4 -4 -5 5 6 -8 -9 10 -11 11 -13 -14 -15
leaf_value=0.0013206546067725368 0.00053901503822883915 0.00020248617482681309 0.0093202555714503223 -0.0092643472780552082 -0.015018338533018927 -0.0037943476161508395 -0.0037820766747454384 0.0030227159543850485 -0.0052397757605883132 0.0090895837167375131 0.00088067970108300436 -0.0020451827314251852 0.012271146276496054 -0.0052247602192004505
leaf_weight=70 40 1084 40 40 40 102 71 44 56 101 58 67 56 84
leaf_count=70 40 1084 40 40 40 102 71 44 56 101 58 67 56 84
internal_value=0.000179211 -7.96601e-05 0.00416667 -0.0025 -0.00036869 -0.00198822 -0.00086072 0.000176056 -0.00114504 0.00418719 -0.00451713 -0.00245283 0.000505051 -0.00352113
internal_weight=1953 1883 120 80 1763 679 639 568 524 203 321 265 198 142
internal_count=1953 1883 120 80 1763 679 639 568 524 203 321 265 198 142
is_linear=0
shrinkage=0.05


Tree=105
num_leaves=15
num_cat=0
split_feature=2 2 1 4 4 0 4 4 4 2 2 2 3 4
split_gain=0.908904 0.856772 3.38238 2.75073 6.2308 2.09221 1.9161 3.60283 2.57447 4.48252 4.66395 3.76777 3.73084 3.55146
threshold=-0.99665976668634515 0.19429706169951341 -0.7146667679788683 13.772000000000002 20.526000000000003 9.9650000000000016 28.283000000000005 22.013500000000004 14.193500000000002 0.97879788253113664 0.72731766296277522 0.97879788253113664 66.960000000000022 8.7765000000000022
decision_type=2 2 2 2 2 2 2 2 2 2 2 2 2 2
left_child=-1 5 3 -3 -5 -2 7 8 11 10 -10 12 -4 -14
right_child=1 2 6 4 -6 -7 -8 -9 9 -11 -12 -13 13 -15
leaf_value=-0.0041717048227846833 0.010376321393128669 -0.013786387541251489 0.0064824916631948662 0.0014151687773476707 -0.005626570858154544 0.00032340414124068864 -0.0015615377035795852 0.0061912217251128944 0.00037338348306181215 0.0048722274607179376 -0.0066993036687649611 -0.010488485153498305 -0.017455418813798397 0.0038316537973775012
leaf_weight=59 40 66 86 58 42 1058 42 78 79 41 106 43 50 105
leaf_count=59 40 66 86 58 42 1058 42 78 79 41 106 43 50 105
internal_value=0.000179211 0.000369588 -0.000879397 -0.00722892 -0.002 0.00127505 0.000793651 0.00153061 0 -0.0039823 -0.0072973 0.00316901 0.00560166 0.000967742
internal_weight=1953 1894 796 166 100 1098 630 588 510 226 185 284 241 155
internal_count=1953 1894 796 166 100 1098 630 588 510 226 185 284 241 155
is_linear=0
shrinkage=0.05


Tree=106
num_leaves=15
num_cat=0
split_feature=2 0 1 2 0 0 2 0 1 2 0 3 1 3
split_gain=1.02479 2.33094 3.0436 1.8598 3.64379 7.05691 2.24765 2.16688 7.50136 6.58093 3.70298 2.29099 2.11552 1.41216
threshold=-0.96801877525786306 25.116500000000006 1.0000000180025095e-35 -0.86350450715563698 19.789000000000005 25.281500000000005 -0.82681243101696389 19.713000000000005 -0.65189295912203338 -0.60505606964884906 18.949000000000002 91.285000000000011 -0.99628894895067444 3.8790000000000004
decision_type=2 2 2 2 2 2 2 2 2 2 2 2 2 2
left_child=1 2 -1 4 -2 -6 -5 10 9 -9 12 -11 -8 -14
right_child=3 -3 -4 6 5 -7 7 8 -10 11 -12 -13 13 -15
leaf_value=0.022150086622612794 0.022372481829201419 -0.0073406781984517167 -0.0039631195816454473 -0.01507874338261464 -0.01076255660693401 0.0060521238977593794 0.0069997167007349844 -0.017892425087967012 0.018032526871438831 0.002911130356777081 -0.026079769627732591 -0.00021801867275814124 0.0027308631164662599 -0.00027149157510760331
leaf_weight=58 65 60 61 44 82 42 41 57 67 59 43 46 94 1134
leaf_count=58 65 60 61 44 82 42 41 57 67 59 43 46 94 1134
internal_value=-2.56016e-05 -0.00363128 0.000420168 0.000338219 0.00502646 0 -0.00022082 9.73394e-05 0.00458515 -0.00123457 -0.000685976 0.00619048 -0.000197006 -0.000570033
internal_weight=1953 179 119 1774 189 124 1585 1541 229 162 1312 105 1269 1228
internal_count=1953 179 119 1774 189 124 1585 1541 229 162 1312 105 1269 1228
is_linear=0
shrinkage=0.05


Tree=107
num_leaves=15
num_cat=0
split_feature=2 2 2 4 0 4 1 0 0 0 0 0 1 1
split_gain=1.40616 1.18275 3.18214 2.19369 2.09221 2.1756 4.65625 2.48986 5.68787 4.3675 3.24487 3.50257 7.05713 3.10367
threshold=-0.99665976668634515 0.19429706169951341 0.26123699986315735 4.9495000000000013 9.9650000000000016 23.160000000000004 0.16681837808193059 12.059000000000001 13.628500000000001 14.534000000000001 16.314500000000002 17.102500000000003 0.76864763646026912 0.60434081882701174
decision_type=2 2 2 2 2 2 2 2 2 2 2 2 2 2
left_child=-1 4 -3 -4 -2 7 -7 -6 -9 -10 -11 -12 13 -13
right_child=1 2 3 -5 5 6 -8 8 9 10 11 12 -14 -15
leaf_value=-0.0037649636025631761 0.0098710799022276169 -0.013564527650550027 -0.011458412872462643 8.0643221362203951e-05 -0.0032275998233916902 0.007095971138509247 -0.00018526389005937561 0.014821728188367096 -0.0045024073448900566 0.0066497308656982348 -0.018978000303563447 -4.5195702484299162e-05 0.017446375078684555 -0.017559357088265781
leaf_weight=59 40 40 44 712 64 41 50 61 46 111 47 548 48 42
leaf_count=59 40 40 44 712 64 41 50 61 46 111 47 548 48 42
internal_value=-2.56016e-05 0.000211193 -0.00125628 -0.000529101 0.00127505 0.000850662 0.00824176 0.000155119 0.000830565 -0.00023753 0.000628141 -0.000656934 0.00031348 -0.00118644
internal_weight=1953 1894 796 756 1098 1058 91 967 903 842 796 685 638 590
internal_count=1953 1894 796 756 1098 1058 91 967 903 842 796 685 638 590
is_linear=0
shrinkage=0.05


Tree=108
num_leaves=15
num_cat=0
split_feature=2 2 2 2 0 4 3 3 0 3 0 0 4 0
split_gain=1.42517 1.26939 3.18214 2.33754 2.39401 2.19369 1.84085 5.15722 4.07173 3.13163 2.53081 4.73914 3.16636 2.99517
threshold=-0.99665976668634515 0.19429706169951341 0.26123699986315735 0.0064435096891653281 15.736000000000002 4.9495000000000013 4.5180000000000007 5.698500000000001 23.538500000000003 20.073000000000004 24.995000000000001 26.969000000000005 6.1160000000000005 22.845000000000002
decision_type=2 2 2 2 2 2 2 2 2 2 2 2 2 2
left_child=-1 3 -3 6 -5 -4 8 -8 -2 -9 12 -12 -11 -14
right_child=1 2 5 4 -6 -7 7 9 -10 10 11 -13 13 -15
leaf_value=-0.0035767154224350174 -0.018029100288385277 -0.012886301268022527 -0.010885492228839512 0.0087309166779141311 -0.00099816459351649849 7.6611060294092678e-05 0.00420491908845137 -0.01329191740191228 0.00060716395896631692 0.013438231357062583 -0.016063278982455593 0.0045064006240653097 8.9671205267295717e-05 0.0090378786060083295
leaf_weight=59 59 40 44 74 45 712 84 59 47 43 42 40 561 44
leaf_count=59 59 40 44 74 45 712 84 59 47 43 42 40 561 44
internal_value=2.56016e-05 0.000263992 -0.00125628 0.00136612 0.00798319 -0.000529101 0.000561798 0.0013173 -0.00566038 6.33714e-05 0.000958904 -0.00731707 0.00200617 0.00107438
internal_weight=1953 1894 796 1098 119 756 979 873 106 789 730 82 648 605
internal_count=1953 1894 796 1098 119 756 979 873 106 789 730 82 648 605
is_linear=0
shrinkage=0.05


Tree=109
num_leaves=15
num_cat=0
split_feature=2 2 2 4 4 4 3 3 3 0 4 0 3 4
split_gain=1.48296 1.54768 3.18214 2.63889 2.19369 1.99844 2.4992 4.19921 4.52528 4.05 2.93614 4.64556 2.49168 3.38072
threshold=-0.99665976668634515 0.19429706169951341 0.26123699986315735 25.668000000000003 4.9495000000000013 16.286000000000005 1.3695000000000002 5.8465000000000016 40.672500000000007 20.840500000000002 13.772000000000002 13.976000000000001 97.353500000000011 18.199000000000002
decision_type=2 2 2 2 2 2 2 2 2 2 2 2 2 2
left_child=-1 3 -3 5 -4 6 -2 -8 9 -9 11 -10 -7 -14
right_child=1 2 4 -5 -6 12 7 8 10 -11 -12 -13 13 -15
leaf_value=-0.0033978796513132628 -0.0082236480897328861 -0.0122419862046214 -0.010341217617397536 0.0067017615801876484 7.2780507279388015e-05 0.00084080752455288068 0.0055359888717895211 -0.028023596033787564 0.0092419209544024328 0.00080857113266485925 0.016211984643491561 -0.0013534657998067745 -0.0094324055768033668 -0.00026048710887126568
leaf_weight=59 54 40 44 44 712 246 79 40 64 40 97 267 44 123
leaf_count=59 54 40 44 44 712 246 79 40 64 40 97 267 44 123
internal_value=0.000179211 0.000422386 -0.00125628 0.00163934 -0.000529101 0.00113852 0.00288612 0.00383305 0.00216535 -0.00875 0.00420561 0.00196375 -0.00157385 -0.00628743
internal_weight=1953 1894 796 1098 756 1054 641 587 508 80 428 331 413 167
internal_count=1953 1894 796 1098 756 1054 641 587 508 80 428 331 413 167
is_linear=0
shrinkage=0.05


Tree=110
num_leaves=15
num_cat=0
split_feature=2 2 2 4 3 3 3 1 3 1 1 1 0 0
split_gain=1.42517 1.26939 3.18214 2.19369 2.15734 2.97053 2.34426 3.04586 2.25782 1.9481 3.4004 3.20549 8.67509 2.97521
threshold=-0.99665976668634515 0.19429706169951341 0.26123699986315735 4.9495000000000013 1.0000000180025095e-35 1.3695000000000002 5.698500000000001 -0.10282099713736061 20.073000000000004 0.99351875964795655 0.97109105924028427 0.73831951690629083 13.976000000000001 12.448500000000001
decision_type=2 2 2 2 2 2 2 2 2 2 2 2 2 2
left_child=-1 4 -3 -4 -2 -6 7 -7 -8 10 11 12 -10 -13
right_child=1 2 3 -5 5 6 8 -9 9 -11 -12 13 -14 -15
leaf_value=-0.0032279856687476016 0.0020797142434827139 -0.011629886894390332 -0.0098241567365276571 6.9141481915417641e-05 -0.01987743076161021 -8.4202185770920759e-05 -0.011226141730127287 0.0067330807855454288 0.025543181164789815 -0.0021039931988296704 0.015018347313586568 -0.0063136236284472907 0.00031342435919266831 -0.00153665594234964
leaf_weight=59 54 40 44 712 40 53 65 66 40 61 60 40 529 90
leaf_count=59 54 40 44 712 40 53 65 66 40 61 60 40 529 90
internal_value=2.56016e-05 0.000263992 -0.00125628 -0.000529101 0.00136612 0.000862069 0.00139442 0.00798319 0.000508475 0.00121951 0.00191041 0.0009299 0.00254833 -0.00615385
internal_weight=1953 1894 796 756 1098 1044 1004 119 885 820 759 699 569 130
internal_count=1953 1894 796 756 1098 1044 1004 119 885 820 759 699 569 130
is_linear=0
shrinkage=0.05


Tree=111
num_leaves=15
num_cat=0
split_feature=3 4 2 1 1 4 1 1 0 3 2 4 2 3
split_gain=1.74608 1.25015 4.50125 1.90565 1.82353 1.53276 4.03891 4.72023 3.81749 6.31636 3.7326 3.25994 2.88224 2.78133
threshold=1.0000000180025095e-35 23.996500000000001 0.82438889030848939 0.81825490718534677 -0.617947040895375 14.429500000000003 -0.33708009192051164 -0.0687085824022272 21.831500000000002 10.397000000000002 0.91609059637714607 13.772000000000002 -0.77547391234167817 98.685500000000005
decision_type=2 2 2 2 2 2 2 2 2 2 2 2 2 2
left_child=-1 5 3 4 -3 11 12 -8 9 -9 -11 -2 -7 -14
right_child=1 2 -4 -5 -6 6 7 8 -10 10 -12 -13 13 -15
leaf_value=0.00081690141366982938 -3.3243931275828141e-05 0.0011765247174508359 -0.00083698526734314333 -0.0019416101343819549 0.010146519262614163 0.017700998811592043 -0.017423314595291901 -0.017934848603197533 0.011105052963189647 -0.0010665980234446039 0.0096488420956634732 0.012168716575424393 0.0014142701132056402 -0.0035246366705734655
leaf_weight=95 794 40 53 42 49 40 62 67 50 290 40 72 141 118
leaf_count=95 794 40 53 42 49 40 62 67 50 290 40 72 141 118
internal_value=0.000230415 -0.000107643 0.00380435 0.00877863 0.0129213 -0.000537634 -0.00210396 -0.00481336 -0.00302013 -0.00465995 -0.00181818 0.000923788 0.00250836 0.000579151
internal_weight=1953 1858 184 131 89 1674 808 509 447 397 330 866 299 259
internal_count=1953 1858 184 131 89 1674 808 509 447 397 330 866 299 259
is_linear=0
shrinkage=0.05


Tree=112
num_leaves=15
num_cat=0
split_feature=3 4 0 1 0 0 1 4 4 1 1 4 3 3
split_gain=1.80059 1.24635 1.16195 3.45447 1.56715 3.90644 3.8227 2.57991 3.44227 2.57253 2.23887 2.10201 2.48158 3.54855
threshold=1.0000000180025095e-35 14.848500000000003 24.995000000000001 -0.17082974322534453 17.102500000000003 16.314500000000002 0.76864763646026912 22.979000000000003 15.933000000000002 -0.97505550290239429 0.99351875964795655 13.686500000000002 99.976500000000016 80.187000000000012
decision_type=2 2 2 2 2 2 2 2 2 2 2 2 2 2
left_child=1 -1 4 -4 5 9 7 8 11 -2 -11 12 13 -6
right_child=2 -3 3 -5 6 -7 -8 -9 -10 10 -12 -13 -14 -15
leaf_value=0.00017515918788859887 0.018156573608356829 0.0038243806151505191 -0.012809681456146627 0.0010213109597401516 -7.8329879918581657e-05 -0.013439191915865678 0.011288575775066796 0.0083753525372770258 -0.0034131232877907566 -5.0290978406336565e-06 -0.0053517323176596136 0.0094694888839006678 -0.0031113503925382009 0.012709041827425945
leaf_weight=54 42 41 76 67 89 60 47 43 204 980 69 65 71 45
leaf_count=54 42 41 76 67 89 60 47 43 204 980 69 65 71 45
internal_value=0.000128008 0.00684211 -0.000215285 -0.00454545 0.000145773 -0.00091225 0.00230496 0.00106383 0 -0.000229148 -0.000714967 0.0037037 0.00121951 0.00522388
internal_weight=1953 95 1858 143 1715 1151 564 517 474 1091 1049 270 205 134
internal_count=1953 95 1858 143 1715 1151 564 517 474 1091 1049 270 205 134
is_linear=0
shrinkage=0.05


Tree=113
num_leaves=15
num_cat=0
split_feature=3 4 0 1 2 0 0 0 1 4 4 3 4 4
split_gain=1.80059 1.24635 0.816956 2.8954 1.28636 3.342 2.99051 2.96454 2.30775 2.9898 3.50077 3.28143 2.84344 4.94899
threshold=1.0000000180025095e-35 14.848500000000003 24.995000000000001 -0.17082974322534453 0.19429706169951341 14.127000000000001 13.275 12.265000000000002 -0.38118653245548278 7.6865000000000014 10.755000000000001 98.917000000000016 15.719000000000003 19.124500000000001
decision_type=2 2 2 2 2 2 2 2 2 2 2 2 2 2
left_child=1 -1 4 -4 8 6 7 -6 9 -2 -11 -12 -10 -14
right_child=2 -3 3 -5 5 -7 -8 -9 12 10 11 -13 13 -15
leaf_value=0.0001664012284941674 0.012273114413516157 0.0036331615843929912 -0.012169197383339292 0.00097024541175314569 -8.4236650128877163e-05 -0.0035286215981067712 0.0029570210636467699 -0.0050223430558633715 0.0015232690444307848 -0.011125994382261457 0.0048444447082522171 -0.00012019590816362281 -0.012188767053213036 0.00014884562549275643
leaf_weight=54 40 41 76 67 578 91 45 44 322 47 141 103 116 188
leaf_count=54 40 41 76 67 578 91 45 44 322 47 141 103 116 188
internal_value=0.000128008 0.00684211 -0.000215285 -0.00384615 8.74636e-05 -0.00145119 -0.000224888 -0.0011254 0.00130617 0.00468278 0.00292096 0.00532787 -0.000479233 -0.00394737
internal_weight=1953 95 1858 143 1715 758 667 622 957 331 291 244 626 304
internal_count=1953 95 1858 143 1715 758 667 622 957 331 291 244 626 304
is_linear=0
shrinkage=0.05


Tree=114
num_leaves=15
num_cat=0
split_feature=3 4 2 2 0 4 1 3 0 3 4 2 1 1
split_gain=1.77323 1.24635 1.1257 0.852233 6.16987 4.36109 2.64243 2.88214 2.60302 2.68809 2.5418 3.98949 2.01688 4.34487
threshold=1.0000000180025095e-35 14.848500000000003 -0.99665976668634515 0.72731766296277522 7.0565000000000007 25.668000000000003 0.48941038753127741 93.07350000000001 4.980500000000001 54.14350000000001 20.692500000000006 0.21113058295073206 0.88933691597811693 0.9594338453294492
decision_type=2 2 2 2 2 2 2 2 2 2 2 2 2 2
left_child=1 -1 -2 4 -4 10 7 8 -5 -10 12 -12 -6 -14
right_child=2 -3 3 6 5 -7 -8 -9 9 -11 11 -13 13 -15
leaf_value=0.00015808116706945985 -0.0027484511305983506 0.0034515035051733423 0.010467716970745757 -0.0011589974980816796 0.00031821065369517235 0.0058165495427200736 -0.0031358142788907167 -0.0017065940542945329 0.0021220418472260249 0.009487344604369714 -0.00039448490939126283 -0.010976935540852266 -0.014649859459571214 0.0014762470046672646
leaf_weight=54 56 41 40 44 869 69 69 206 53 40 149 50 79 134
leaf_count=54 56 41 40 44 869 69 69 206 53 40 149 50 79 134
internal_value=0.000179211 0.00684211 -0.000161464 5.54939e-05 0.000647482 7.40741e-05 -0.00194175 -0.000145773 0.00547445 0.0102151 -0.00058548 -0.00577889 0.000369686 -0.00399061
internal_weight=1953 95 1858 1802 1390 1350 412 343 137 93 1281 199 1082 213
internal_count=1953 95 1858 1802 1390 1350 412 343 137 93 1281 199 1082 213
is_linear=0
shrinkage=0.05


Tree=115
num_leaves=15
num_cat=0
split_feature=4 4 4 4 0 1 4 2 4 0 4 4 1 4
split_gain=1.13809 2.32838 2.10989 1.73718 1.65924 8.44312 7.26376 4.75543 4.86957 4.64064 3.05763 1.33869 5.51157 4.37286
threshold=4.9495000000000013 5.9620000000000006 3.8495000000000004 6.8185000000000011 21.741500000000002 0.26744970170045884 9.4305000000000003 -0.58882848911713703 13.6485 21.048500000000001 16.496000000000002 12.134000000000002 0.9594338453294492 14.094500000000002
decision_type=2 2 2 2 2 2 2 2 2 2 2 2 2 2
left_child=2 -2 -1 -3 9 6 -6 8 -8 11 -10 12 -5 -13
right_child=1 3 -4 4 5 -7 7 -9 10 -11 -12 13 -14 -15
leaf_value=0.00088530935712974324 0.0091524111242450457 -0.0094150030894620367 -0.0095726085841314982 -0.0031872634000391256 0.015048050396408287 0.015605411582211176 -0.018576669966841954 0.005641399738092869 0.0066263971929632244 -0.011318162669171121 -0.0077839995178565664 0.0081945696258323465 0.010128736410674466 -5.8777512071500616e-05
leaf_weight=56 40 40 48 301 45 43 72 40 43 56 69 178 49 873
leaf_count=56 40 40 48 301 45 43 72 40 43 56 69 178 49 873
internal_value=0.000281618 0.000567875 -0.00480769 0.000304035 0.000537027 0.00384615 0.000557621 -0.003125 -0.00652174 -0.000171585 0 0.000392577 -0.00228571 0.00128449
internal_weight=1953 1849 104 1809 1769 312 269 224 184 1457 112 1401 350 1051
internal_count=1953 1849 104 1809 1769 312 269 224 184 1457 112 1401 350 1051
is_linear=0
shrinkage=0.05


Tree=116
num_leaves=15
num_cat=0
split_feature=3 3 4 3 2 0 0 1 0 0 4 3 4 0
split_gain=1.28745 5.08332 7.85925 2.87927 2.18999 6.12864 5.3706 3.59006 6.31169 3.01548 2.71018 2.03051 2.44856 2.87414
threshold=99.997500000000016 99.15600000000002 15.781000000000001 97.730000000000004 0.63874942205152718 13.898000000000001 15.736000000000002 0.76109721063455271 11.456000000000001 17.621000000000002 25.572000000000006 95.733500000000006 23.996500000000001 27.819000000000003
decision_type=2 2 2 2 2 2 2 2 2 2 2 2 2 2
left_child=1 3 -3 11 5 7 -7 -2 -9 -8 -6 12 13 -1
right_child=4 2 -4 -5 10 6 9 8 -10 -11 -12 -13 -14 -15
leaf_value=4.8427464061008563e-05 0.017529915271428703 -0.00056411293091011838 -0.010955351858852123 0.0082107486920134764 0.0003137312611063724 -0.011037038140912407 0.019261789088923537 0.010775069065424187 -0.006670219879057031 -0.00031317027026092072 -0.0023086261719643844 -0.0042030137933389616 0.0039509175966995075 -0.0062506370065920913
leaf_weight=905 56 77 47 70 180 52 56 84 44 169 46 57 62 48
leaf_count=905 56 77 47 70 180 52 56 84 44 169 46 57 62 48
internal_value=7.68049e-05 -0.000868878 -0.0104839 0.000175131 0.00181951 0.0037961 -0.000902527 0.0108696 0.00625 0.00244444 -0.00221239 -0.000466418 4.92611e-05 -0.000577125
internal_weight=1953 1266 124 1142 687 461 277 184 128 225 226 1072 1015 953
internal_count=1953 1266 124 1142 687 461 277 184 128 225 226 1072 1015 953
is_linear=0
shrinkage=0.05


Tree=117
num_leaves=15
num_cat=0
split_feature=1 1 4 2 4 4 4 0 0 2 3 4 1 1
split_gain=1.03992 3.60335 1.20466 2.48708 1.41181 2.76889 2.15912 2.36426 4.67911 2.6861 3.16038 2.22055 1.86386 5.64569
threshold=0.99351875964795655 0.98336225177674941 4.9495000000000013 -0.19851654827941614 19.314000000000004 18.446500000000004 20.805000000000003 16.899500000000003 19.594000000000005 0.60605034090854637 98.964000000000013 26.231000000000005 -0.49316180905692092 -0.34918219960991376
decision_type=2 2 2 2 2 2 2 2 2 2 2 2 2 2
left_child=1 2 3 -1 5 12 -6 9 -9 -8 -11 -12 -4 -14
right_child=-2 -3 4 -5 6 -7 7 8 -10 10 11 -13 13 -15
leaf_value=0.0015964788539143905 -0.002261043363642429 0.016727470811787663 -0.00063554284277843743 -0.011546679187947721 -0.0014995841846053765 0.0023615940269640571 -0.0020528304568843748 0.020814829179456748 -0.00214913328423767 0.0088927718147586276 0.0041346883139111281 -0.0011991021098907264 0.010838843446193715 0.00013499128749085986
leaf_weight=43 79 47 389 56 130 80 109 42 67 41 46 44 67 713
leaf_count=43 79 47 389 56 130 80 109 42 67 41 46 44 67 713
internal_value=-7.68049e-05 0.000160085 -0.000191571 -0.00555556 0.000115741 0.0010008 -0.00219207 -0.000143266 0.0059633 -0.00291667 0.0019084 -0.00333333 0.000384944 0.00179487
internal_weight=1953 1874 1827 99 1728 1249 479 349 109 240 131 90 1169 780
internal_count=1953 1874 1827 99 1728 1249 479 349 109 240 131 90 1169 780
is_linear=0
shrinkage=0.05


Tree=118
num_leaves=15
num_cat=0
split_feature=1 4 4 4 4 1 4 1 0 0 3 2 4 1
split_gain=0.950451 1.00827 1.56371 1.50918 1.87745 2.05578 1.68761 1.67247 1.51703 2.61024 2.3172 1.84796 1.35612 1.33823
threshold=-0.99762106698677377 29.402500000000003 25.133500000000002 19.314000000000004 20.896500000000003 0.098678873477280007 18.446500000000004 0.31676515716386888 12.786000000000003 10.797500000000001 55.778500000000008 -0.73026093638528167 26.497500000000006 -0.49316180905692092
decision_type=2 2 2 2 2 2 2 2 2 2 2 2 2 2
left_child=-1 2 3 6 5 -5 13 -8 9 -6 -10 -12 -4 -2
right_child=1 -3 12 4 8 -7 7 -9 10 -11 11 -13 -14 -15
leaf_value=0.0011594745975358595 -0.00064331677338844574 -0.0009717558607408726 0.014804957343075653 -0.012141268510871139 0.0025409706171000885 -0.00023587548582904296 0.0030634851176201058 9.1831217260100747e-05 0.0062489152946316262 -0.0029437812532710026 -0.0036330878410945969 0.00060237878515235219 0.00016518991761258484 0.00035102256487798969
leaf_weight=40 406 60 43 74 54 68 42 40 45 40 46 45 40 910
leaf_count=40 406 60 43 74 54 68 42 40 45 40 46 45 40 910
internal_value=-0.000128008 -0.000287507 -8.09498e-05 -0.00039548 -0.00322581 -0.00774648 0.000357654 0.00731707 -0.000434783 -0.00531915 0.00294118 -0.00164835 0.00662651 -7.59878e-05
internal_weight=1953 1913 1853 1770 372 142 1398 82 230 94 136 91 83 1316
internal_count=1953 1913 1853 1770 372 142 1398 82 230 94 136 91 83 1316
is_linear=0
shrinkage=0.05


Tree=119
num_leaves=15
num_cat=0
split_feature=1 1 0 0 0 4 4 4 4 4 1 3 0 1
split_gain=1.02105 3.63154 0.798472 3.08018 2.82362 2.16053 6.48747 3.08421 4.48959 4.71154 2.91188 2.46061 3.36947 1.84456
threshold=0.99351875964795655 0.98336225177674941 11.642500000000002 12.133500000000002 10.627500000000001 14.193500000000002 16.286000000000005 8.291500000000001 10.755000000000001 12.134000000000002 0.16681837808193059 32.02150000000001 6.785000000000001 0.38118653245548312
decision_type=2 2 2 2 2 2 2 2 2 2 2 2 2 2
left_child=1 2 4 -4 5 7 -7 10 -9 -10 -1 -8 -13 -14
right_child=-2 -3 3 -5 -6 6 11 8 9 -11 -12 12 13 -15
leaf_value=-0.016656779764646357 -0.002165542323704207 0.01587354614295438 -0.0038133648572483362 -0.00018973615270073685 0.0066560673050860206 -0.017166851375909085 0.0031837547701803557 0.013085508130039475 -0.0097350052833180944 0.0079378795025015492 0.0025839976907180667 0.010369410574156039 -0.0067198306897473864 3.5533340503100115e-05
leaf_weight=44 79 47 49 1171 102 57 46 57 40 64 50 40 57 50
leaf_count=44 79 47 49 1171 102 57 46 57 40 64 50 40 57 50
internal_value=-0.000128008 0.000106724 -0.000246305 -0.000983607 0.00123558 -0.00029703 -0.0036 0.00294118 0.00714286 0.000961538 -0.00425532 0.000777202 -0.00238095 -0.00700935
internal_weight=1953 1874 1827 1220 607 505 250 255 161 104 94 193 147 107
internal_count=1953 1874 1827 1220 607 505 250 255 161 104 94 193 147 107
is_linear=0
shrinkage=0.05


Tree=120
num_leaves=15
num_cat=0
split_feature=1 1 1 1 4 1 1 4 1 4 0 0 2 4
split_gain=1.05896 3.57528 1.16175 3.2066 8.38095 2.33244 1.83051 3.55174 2.24385 3.92182 1.82449 2.23063 4.92014 3.90567
threshold=0.99351875964795655 0.98336225177674941 0.89896131060349826 0.76864763646026912 11.493500000000003 0.9253073452222943 0.48941038753127741 18.350500000000004 0.61794704089537544 13.326500000000001 4.980500000000001 14.068000000000003 0.32694223331140743 26.231000000000005
decision_type=2 2 2 2 2 2 2 2 2 2 2 2 2 2
left_child=1 2 3 6 -5 -4 10 8 -8 -10 -1 13 -13 -12
right_child=-2 -3 5 4 -6 -7 7 -9 9 -11 11 12 -14 -15
leaf_value=-0.0027569759155614774 -0.0020572652075189972 0.01507986883580666 -0.012137897756111758 -0.022369600889335095 0.01357817017510099 -0.00016455606845349209 -0.0017673519799195792 -0.0043463075869303756 -0.0015185295488763977 0.0097917089517608885 0.0032366310078900343 0.0002836804026204523 -0.0057668488634218806 -0.0029071459676275114
leaf_weight=77 79 47 42 42 112 132 59 81 47 46 366 723 57 43
leaf_count=77 79 47 42 42 112 132 59 81 47 46 366 723 57 43
internal_value=-2.56016e-05 0.000213447 -0.000136836 0.000272232 0.00714286 -0.00402299 -0.000433622 -0.00450644 0 0.00483871 0.000315956 0.000798991 -0.000769231 0.00378973
internal_weight=1953 1874 1827 1653 154 174 1499 233 152 93 1266 1189 780 409
internal_count=1953 1874 1827 1653 154 174 1499 233 152 93 1266 1189 780 409
is_linear=0
shrinkage=0.05


Tree=121
num_leaves=15
num_cat=0
split_feature=0 0 0 0 3 0 2 4 4 4 3 4 4 0
split_gain=1.18978 4.63806 2.92156 3.86352 3.84615 1.73834 1.65754 1.96357 4.02845 3.48931 4.93229 4.62364 3.36384 2.79568
threshold=12.265000000000002 12.843000000000002 13.976000000000001 14.685500000000003 99.757000000000019 15.162000000000001 0.99055824379501012 13.6485 23.504500000000004 19.849500000000003 78.70950000000002 17.138500000000004 12.134000000000002 9.5805000000000025
decision_type=2 2 2 2 2 2 2 2 2 2 2 2 2 2
left_child=6 -2 4 -4 -3 -5 7 12 9 10 -9 -12 -1 -10
right_child=1 2 3 5 -6 -7 -8 8 13 -11 11 -13 -14 -15
leaf_value=0.0024483786628670123 -0.0050782582762036906 -0.00064455690972207991 -0.0032427075003787775 0.0080473193640132092 0.018590524872692971 -0.00020923214313876284 -0.0016526004423265618 -0.0050229073103875994 0.0012951940607123958 -0.0019964223077385767 -0.0016701225544807068 0.013050668935877904 0.017702766680312787 0.0064302006620419183
leaf_weight=239 57 52 83 40 52 930 68 83 51 81 76 53 44 44
leaf_count=239 57 52 83 40 52 930 68 83 51 81 76 53 44 44
internal_value=-2.56016e-05 -0.000988468 -0.000302506 -0.00109212 0.00769231 -0.000206186 0.00155616 0.00230999 0 -0.00290102 0.000471698 0.00658915 0.00547703 0.00894737
internal_weight=1953 1214 1157 1053 104 970 739 671 388 293 212 129 283 95
internal_count=1953 1214 1157 1053 104 970 739 671 388 293 212 129 283 95
is_linear=0
shrinkage=0.05


Tree=122
num_leaves=15
num_cat=0
split_feature=2 0 0 1 1 3 3 4 2 3 4 3 4 2
split_gain=0.81982 0.947328 3.94734 6.69363 3.4587 1.90733 4.59526 4.42776 2.52621 2.66691 3.4324 2.63758 2.45 1.40848
threshold=-0.99665976668634515 19.664500000000004 18.540500000000005 0.30041382580050413 0.56246696819246 99.901000000000025 92.694500000000019 13.6485 -0.58882848911713703 29.440500000000004 11.037500000000001 60.090500000000006 16.191000000000006 -0.67125995756753143
decision_type=2 2 2 2 2 2 2 2 2 2 2 2 2 2
left_child=-1 2 13 -4 5 6 8 -7 9 10 -3 -11 -12 -2
right_child=1 4 3 -5 -6 7 -8 -9 -10 11 12 -13 -14 -15
leaf_value=-0.0028617146344523839 0.0057201632086123473 0.0045082556624971935 0.00066334573530020676 -0.032227202328693513 0.014170085863064608 -0.0098010446891293734 0.01028511454030108 0.001296191002225393 0.0019356568062645835 -0.015652858329104704 -0.017290294683288278 -0.0052585538904192045 0.0016977461384337868 -6.5171742543090888e-05
leaf_weight=59 129 44 46 41 41 50 53 57 61 41 40 58 40 1193
leaf_count=59 129 44 46 41 41 50 53 57 61 41 40 58 40 1193
internal_value=-0.000128008 5.27983e-05 -0.000603265 -0.0109195 0.00195876 0.000675676 0.00252226 -0.00514019 0 -0.00246637 0.00241935 -0.00858586 -0.00375 7.5643e-05
internal_weight=1953 1894 1409 87 485 444 337 107 284 223 124 99 80 1322
internal_count=1953 1894 1409 87 485 444 337 107 284 223 124 99 80 1322
is_linear=0
shrinkage=0.05


Tree=123
num_leaves=15
num_cat=0
split_feature=4 4 4 4 3 2 1 0 1 1 4 2 3 2
split_gain=1.06998 2.30525 3.11737 2.37217 2.2902 2.12099 2.01143 1.9278 1.55572 3.58126 2.25573 8.57902 4.03705 3.91342
threshold=17.409000000000002 18.446500000000004 19.441000000000003 20.312500000000004 64.212000000000018 -0.3390880814530603 0.38118653245548312 12.367000000000003 0.9594338453294492 0.90452903270257812 15.051 -0.88204802495585344 99.050000000000026 -0.89611523788151459
decision_type=2 2 2 2 2 2 2 2 2 2 2 2 2 2
left_child=8 -2 6 -4 5 -5 -3 -7 9 10 13 -12 -13 -1
right_child=1 2 3 4 -6 7 -8 -9 -10 -11 11 12 -14 -15
leaf_value=0.001893440337249645 -0.0012192694405745276 0.0021186262107916911 -0.0059825719857669775 -0.0020432652382071786 -0.00043182416706974289 0.0012141890067885867 -8.3176513300448066e-06 0.0055830206632927655 0.0032139798267192573 -0.013652326761997652 -0.02286422504787575 0.0070547606596293062 0.00028885740549554898 -0.00051223420097611626
leaf_weight=180 105 56 77 49 306 42 44 43 109 55 40 103 70 674
leaf_count=180 105 56 77 49 306 42 44 43 109 55 40 103 70 674
internal_value=0.000281618 -0.00124654 -8.10373e-05 -0.0016441 -0.000227273 0.00522388 0.008 0.01 0.0011779 0.000623886 0.00126523 0.00586854 0.0106936 0.000117096
internal_weight=1953 722 617 517 440 134 100 85 1231 1122 1067 213 173 854
internal_count=1953 722 617 517 440 134 100 85 1231 1122 1067 213 173 854
is_linear=0
shrinkage=0.05


Tree=124
num_leaves=15
num_cat=0
split_feature=1 1 3 3 0 0 3 2 0 0 2 4 2 4
split_gain=1.19705 3.38181 1.35638 4.74435 2.79962 2.92167 2.34428 4.06455 7.02003 5.96783 1.95045 4.99554 2.40551 2.44295
threshold=0.99351875964795655 0.98336225177674941 73.226500000000016 80.187000000000012 28.156500000000005 25.458000000000002 52.976000000000006 -0.69637622559687218 20.546500000000005 15.929000000000002 -0.85470766365158146 12.498500000000002 -0.76235363884839025 11.957500000000001
decision_type=2 2 2 2 2 2 2 2 2 2 2 2 2 2
left_child=1 2 4 -4 5 6 7 -1 9 -9 11 -5 -12 -14
right_child=-2 -3 3 10 -6 -7 -8 8 -10 -11 12 -13 13 -15
leaf_value=-0.0080597277021102805 -0.0019497069763329171 0.014641242818691592 -0.017640219897537661 0.011120408451567004 -0.0016686276653170907 0.0035305070338029765 0.0027475836756701458 0.0009591065322749775 0.0091333199296090382 -0.020781211409624009 -0.003928400423540741 -0.00066267789436347539 -0.003435116234138863 0.00042544373589347708
leaf_weight=131 79 47 57 69 43 48 115 273 48 74 52 120 261 536
leaf_count=131 79 47 57 69 43 48 115 273 48 74 52 120 261 536
internal_value=0.000332821 0.00058698 0.000246305 -0.00086758 0.00191257 0.00268505 0.00179407 0.000380228 0.00291139 0.000432277 -9.63391e-05 0.00449735 -0.00111896 -0.000439147
internal_weight=1953 1874 1827 1095 732 689 641 526 395 347 1038 189 849 797
internal_count=1953 1874 1827 1095 732 689 641 526 395 347 1038 189 849 797
is_linear=0
shrinkage=0.05


Tree=125
num_leaves=15
num_cat=0
split_feature=2 2 2 2 0 0 0 0 1 1 2 0 1 0
split_gain=0.939619 0.950126 2.25277 1.22327 1.07967 1.01835 3.78066 3.26301 2.24009 2.27229 2.00847 2.24343 3.48554 1.34426
threshold=-0.99665976668634515 -0.98597924778888291 -0.97218766834954651 -0.94418750883419933 25.281500000000005 21.655000000000005 20.944000000000003 20.317000000000004 -0.43222422251210757 -0.7383195169062905 -0.86350450715563698 19.391500000000004 -0.99628894895067444 12.448500000000001
decision_type=2 2 2 2 2 2 2 2 2 2 2 2 2 2
left_child=-1 -2 -3 -4 5 6 7 10 9 -7 -5 12 -12 -14
right_child=1 2 3 4 -6 8 -8 -9 -10 -11 11 -13 13 -15
leaf_value=-0.002410314534486735 0.0049801391567539325 -0.0064249605323359552 0.0032408153804145607 0.0077493117017484294 -0.0013446617606048012 0.00095121321992485688 -0.013217911557399859 0.01380001568882765 0.014572872191825452 -0.014441617317495149 0.0043248644632858865 -0.016724660422824052 0.00019475583208498627 -0.0011333099258028169
leaf_weight=59 60 48 72 61 68 56 40 49 42 43 42 44 749 520
leaf_count=59 60 48 72 61 68 56 40 49 42 43 42 44 749 520
internal_value=0.000281618 0.000475185 0.000272628 0.00055991 0.000291715 0.00054678 0.000166113 0.000580205 0.00460993 0.000505051 0.000141243 -0.000258303 0.000114416 -0.00035461
internal_weight=1953 1894 1834 1786 1714 1646 1505 1465 141 99 1416 1355 1311 1269
internal_count=1953 1894 1834 1786 1714 1646 1505 1465 141 99 1416 1355 1311 1269
is_linear=0
shrinkage=0.05


Tree=126
num_leaves=15
num_cat=0
split_feature=1 4 4 1 0 3 1 1 2 1 4 0 1 0
split_gain=1.05403 3.87077 4.42446 1.47702 3.29492 7.48605 2.55196 4.90909 2.23768 1.72743 3.39898 5.18708 3.36362 1.80306
threshold=0.9594338453294492 15.719000000000003 21.033000000000005 0.88267879832554763 11.142000000000001 62.77150000000001 0.76864763646026912 0.81078196093106825 -0.48754425631212789 0.5043284533698108 15.3085 15.162000000000001 0.63137065367936085 4.980500000000001
decision_type=2 2 2 2 2 2 2 2 2 2 2 2 2 2
left_child=3 -2 -3 6 -5 -6 9 -8 -9 13 11 -11 -12 -1
right_child=1 2 -4 4 5 -7 7 8 -10 10 12 -13 -14 -15
leaf_value=-0.0027703688739687928 0.006861736093746771 -0.0078187845182951313 0.0018618403334739603 0.00084922763863356241 0.0025310999488058154 -0.020404578867722775 0.016191188947932738 -0.015236849422894223 0.007235855550296405 0.0069812801097396005 -0.012371251823006142 -0.006386802937385353 -0.00091642477093949236 0.00017751394186972248
leaf_weight=77 88 58 46 45 43 42 44 41 47 64 58 44 56 1200
leaf_count=77 88 58 46 45 43 42 44 41 47 64 58 44 56 1200
internal_value=0.000128008 0.00364583 -0.00288462 -0.000255537 -0.00538462 -0.0111765 0.00015328 0.00681818 0 -0.000433622 -0.0045045 0.00185185 -0.0105263 0.00027408
internal_weight=1953 192 104 1761 130 85 1631 132 88 1499 222 108 114 1277
internal_count=1953 192 104 1761 130 85 1631 132 88 1499 222 108 114 1277
is_linear=0
shrinkage=0.05


Tree=127
num_leaves=15
num_cat=0
split_feature=2 0 4 2 4 4 0 1 4 0 4 3 1 0
split_gain=0.960526 1.49954 3.07886 1.48928 2.66077 2.01797 3.69633 5.87284 3.6254 5.93154 3.51428 3.02348 2.71845 2.1982
threshold=-0.97218766834954651 20.546500000000005 12.338500000000002 -0.86350450715563698 12.498500000000002 12.134000000000002 12.564500000000001 0.9253073452222943 8.188500000000003 15.524500000000002 13.380500000000001 57.139500000000005 -0.65189295912203338 16.645000000000003
decision_type=2 2 2 2 2 2 2 2 2 2 2 2 2 2
left_child=1 -1 -3 4 -2 6 7 11 13 -10 12 -5 -7 -8
right_child=3 2 -4 5 -6 10 8 -9 9 -11 -12 -13 -14 -15
leaf_value=0.0085235923978744504 0.0064669054834251396 0.0016291780597706973 -0.0078924834840464093 0.0029146820062166596 0.00013492916944518734 -0.00095677137383845534 0.0051862370824773858 0.0051492521177551182 -0.026821670715722591 -0.0015466863564091661 4.0787895885177622e-05 -0.0068795979057972899 0.015759519615217005 -0.0038828356626740392
leaf_weight=48 81 40 79 72 120 40 48 42 58 93 953 142 63 74
leaf_count=48 81 40 79 72 120 40 48 42 58 93 953 142 63 74
internal_value=0.000332821 -0.00329341 -0.00630252 0.000671892 0.00472637 0.000157729 -0.00236295 0.00195312 -0.00641026 -0.0115894 0.00142045 -0.00140187 0.0101942 0
internal_weight=1953 167 119 1786 201 1585 529 256 273 151 1056 214 103 122
internal_count=1953 167 119 1786 201 1585 529 256 273 151 1056 214 103 122
is_linear=0
shrinkage=0.05


Tree=128
num_leaves=15
num_cat=0
split_feature=1 4 4 4 4 1 2 3 3 2 0 1 3 2
split_gain=1.25191 3.36597 4.08004 1.24029 2.1506 2.57925 1.34698 1.65932 3.81041 4.08095 4.4856 3.45675 3.44065 2.21533
threshold=0.9594338453294492 15.719000000000003 19.924500000000005 29.402500000000003 23.996500000000001 0.33302288323572038 0.98805528087738748 70.321500000000015 60.090500000000006 0.69017338824297181 9.1610000000000014 -0.96230016621822467 80.187000000000012 0.92284787786233202
decision_type=2 2 2 2 2 2 2 2 2 2 2 2 2 2
left_child=3 -2 -3 4 6 -6 7 8 9 11 -11 -1 -9 -14
right_child=1 2 -4 -5 5 -7 -8 12 -10 10 -12 -13 13 -15
leaf_value=0.0043876177745309653 0.0062611866831716774 -0.013114035383436418 0.0011870457824572625 -0.0013131959418561504 0.00064671401291294681 0.0098844891673548155 0.0058465063306056336 -0.016185327571830013 0.004003035947897921 0.0003638334472746716 0.00771207889230537 -0.00084869539390333151 -0.00012699068889775316 -0.013717604905031038
leaf_weight=46 88 46 58 52 65 42 69 65 60 80 42 403 772 65
leaf_count=46 88 46 58 52 65 42 69 65 60 80 42 403 772 65
internal_value=0.000332821 0.00416667 -0.00192308 -8.51789e-05 0.000146284 0.00700935 -0.00031211 -0.0006197 0.00134707 8.75657e-05 0.00819672 -0.00211581 -0.00199557 -0.00113501
internal_weight=1953 192 104 1761 1709 107 1602 1533 631 571 122 449 902 837
internal_count=1953 192 104 1761 1709 107 1602 1533 631 571 122 449 902 837
is_linear=0
shrinkage=0.05


Tree=129
num_leaves=15
num_cat=0
split_feature=0 0 0 0 0 0 3 1 4 4 4 4 4 4
split_gain=0.970029 4.97455 3.22625 3.91852 6.71155 2.6186 2.46154 2.2074 1.84364 5.25974 2.41976 4.12394 2.55562 3.95609
threshold=13.976000000000001 14.685500000000003 12.843000000000002 12.448500000000001 12.133500000000002 11.776500000000002 99.757000000000019 0.94130860066615818 10.628500000000001 8.291500000000001 11.957500000000001 13.6485 22.013500000000004 26.231000000000005
decision_type=2 2 2 2 2 2 2 2 2 2 2 2 2 2
left_child=2 -2 3 4 5 8 -4 -3 9 -1 -10 -12 -13 -14
right_child=1 7 6 -5 -6 -7 -8 -9 10 -11 11 12 13 -15
leaf_value=-0.0012458064992919016 -0.0032396782508329024 -0.00014166411863960062 0.00018182789276100509 -0.0098583809512851617 0.015481793804081118 -0.0032227329393754176 0.018150114655614443 0.007058562296083171 -0.0058995762881596005 0.0098602771678149362 0.011458335284294078 -0.00079930133543787982 0.0056172019938543483 -0.0010107378986687955
leaf_weight=110 83 913 52 40 41 40 52 57 47 70 52 267 67 62
leaf_count=110 83 913 52 40 41 40 52 57 47 70 52 267 67 62
internal_value=0.000128008 -0.000902184 0.00133333 0.000251256 0.0010582 -6.99301e-05 0.00961538 0.000103093 0.000666667 0.005 -0.000909091 0.000223214 -0.00151515 0.00426357
internal_weight=1953 1053 900 796 756 715 104 970 675 180 495 448 396 129
internal_count=1953 1053 900 796 756 715 104 970 675 180 495 448 396 129
is_linear=0
shrinkage=0.05


Tree=130
num_leaves=15
num_cat=0
split_feature=2 2 0 2 2 2 0 4 4 2 1 4 1 3
split_gain=1.30008 1.19568 1.72399 4.97221 7.45459 3.70166 2.16363 3.8374 3.36964 2.70056 4.48519 3.07089 1.66491 1.57433
threshold=0.99276848381014016 0.97879788253113664 6.9940000000000007 0.78884570776442897 0.92933244589178743 0.94698775307607519 8.6960000000000015 25.668000000000003 12.338500000000002 0.6971494193916894 -0.34918219960991376 23.212500000000002 0.99628894895067466 8.5135000000000023
decision_type=2 2 2 2 2 2 2 2 2 2 2 2 2 2
left_child=1 2 3 -1 -5 6 8 9 -4 11 -11 12 13 -8
right_child=-2 -3 5 4 -6 -7 7 -9 -10 10 -12 -13 -14 -15
leaf_value=0.0076668185806806517 -0.0017169964892277401 0.0015949661728235115 0.001596770215615788 -0.0070348335276394034 0.0074709759544021497 -0.0068916968960037669 -0.00060629670509009534 0.0071990455960437658 -0.013064023757938609 0.017069175681916338 -0.00023354507261641455 -0.0052644407261675909 0.0025101701887219894 0.0002094234492985847
leaf_weight=55 67 50 42 57 40 45 264 80 73 53 49 69 40 969
leaf_count=55 67 50 42 57 40 45 264 80 73 53 49 69 40 969
internal_value=0.000128008 0.000371156 0.000163399 0.00526316 -0.00154639 -0.000296912 9.15192e-05 0.000590551 -0.00652174 0 0.00784314 -0.000596125 -3.92773e-05 -0.000364964
internal_weight=1953 1886 1836 152 97 1684 1639 1524 115 1444 102 1342 1273 1233
internal_count=1953 1886 1836 152 97 1684 1639 1524 115 1444 102 1342 1273 1233
is_linear=0
shrinkage=0.05


Tree=131
num_leaves=15
num_cat=0
split_feature=1 1 1 1 4 4 4 0 3 1 4 0 2 0
split_gain=0.98086 2.31612 3.16508 4.37879 2.26096 2.20185 5.17039 1.79437 1.75866 1.67128 2.48085 4.48569 2.77399 2.44523
threshold=0.94917575150333644 0.88267879832554763 0.76864763646026912 0.81078196093106825 13.772000000000002 15.579000000000002 19.220000000000002 12.660500000000001 69.589500000000015 0.5043284533698108 15.3085 15.162000000000001 -0.67125995756753143 4.980500000000001
decision_type=2 2 2 2 2 2 2 2 2 2 2 2 2 2
left_child=1 2 9 -4 -5 7 -7 -2 -3 13 11 -11 -12 -1
right_child=5 8 3 4 -6 6 -8 -9 -10 10 12 -13 -14 -15
leaf_value=-0.0023817442015983516 0.0072412803500996664 0.00071622450326705445 0.014845579652960367 -0.013100678824843032 0.01072239865465395 -0.014192082411396323 0.001504944887701662 0.00073643464841960382 -0.011674629270422529 0.0062339980097815238 -0.00058688014490724258 -0.0060970862580992302 -0.0039883047964904108 0.0002366207788537405
leaf_weight=77 42 46 44 46 42 43 76 53 62 64 51 44 63 1200
leaf_count=77 42 46 44 46 42 43 76 53 62 64 51 44 63 1200
internal_value=7.68049e-05 -0.000316274 0.00015328 0.00757576 0.00113636 0.00327103 -0.0012605 0.00894737 -0.00740741 -0.000500334 -0.0045045 0.000925926 -0.00964912 0.000195771
internal_weight=1953 1739 1631 132 88 214 119 95 108 1499 222 108 114 1277
internal_count=1953 1739 1631 132 88 214 119 95 108 1499 222 108 114 1277
is_linear=0
shrinkage=0.05


Tree=132
num_leaves=15
num_cat=0
split_feature=2 3 3 2 0 3 1 3 1 1 1 0 1 3
split_gain=0.878698 1.03416 0.925883 1.65969 4.17968 2.22229 3.69702 3.45782 1.88358 2.97413 3.68209 2.47677 3.22035 4.26857
threshold=-0.99665976668634515 1.0000000180025095e-35 2.0455000000000005 0.057982974307775707 15.465000000000002 5.698500000000001 -0.10282099713736061 20.073000000000004 -0.86958133671945925 -0.7146667679788683 -0.59817537509284269 12.164000000000001 0.69794415476634375 94.369000000000014
decision_type=2 2 2 2 2 2 2 2 2 2 2 2 2 2
left_child=-1 -2 -3 5 8 6 -4 -7 -5 -10 -11 12 -12 -14
right_child=1 2 3 4 -6 7 -8 -9 9 10 11 -13 13 -15
leaf_value=-0.0025794794392778211 0.00083579642357196188 -0.0073178925671481378 -0.00032304502109233306 0.0037021322944765659 -0.0095786251095949359 -0.0095703788527002464 0.0070948171216424355 0.00058322446256433289 -0.0046858000489659489 0.0082510859618667009 -0.00030033308662390099 -0.0024912192833112068 -0.0027846148526570018 0.0099644591329030203
leaf_weight=59 92 72 46 62 75 61 60 756 60 42 345 72 44 107
leaf_count=59 92 72 46 62 75 61 60 756 60 42 345 72 44 107
internal_value=7.68049e-05 0.000263992 0 0.000231214 -0.00142503 0.00167931 0.00849057 0.000795594 -0.000273224 -0.00104478 0 -0.00105634 0.000201613 0.00629139
internal_weight=1953 1894 1802 1730 807 923 106 817 732 670 610 568 496 151
internal_count=1953 1894 1802 1730 807 923 106 817 732 670 610 568 496 151
is_linear=0
shrinkage=0.05


Tree=133
num_leaves=15
num_cat=0
split_feature=2 2 2 2 4 4 1 4 4 4 4 4 0 2
split_gain=1.27153 1.2157 2.25277 1.22327 1.22534 3.01038 5.38947 3.14085 3.07858 4.9105 2.93117 2.67156 1.94843 4.15188
threshold=-0.9951106240145321 -0.98597924778888291 -0.97218766834954651 -0.94418750883419933 11.635500000000002 13.380500000000001 0.25084665036108239 13.772000000000002 14.193500000000002 14.736500000000001 12.419500000000001 11.037500000000001 11.776500000000002 0.21113058295073206
decision_type=2 2 2 2 2 2 2 2 2 2 2 2 2 2
left_child=-1 -2 -3 -4 11 6 10 -7 -9 -10 -6 12 -5 -14
right_child=1 2 3 4 5 7 -8 8 9 -11 -12 -13 13 -15
leaf_value=-0.0017478605944701632 0.017477131065825359 -0.0060818447198840555 0.0028035605174037918 0.0024693550928315908 -0.0059436113788736812 -0.017542336663802099 0.0099303002848908362 0.008266218783287713 -0.010467947522711678 8.6951773907834046e-05 0.0038960791610051174 -0.0054898779219164353 -0.00011506464101959935 -0.013985215336090512
leaf_weight=71 48 48 72 191 41 41 81 44 49 895 49 60 220 43
leaf_count=71 48 48 72 191 41 41 81 44 49 895 49 60 220 43
internal_value=0.000230415 0.000478215 0.000272628 0.00055991 0.000291715 0.00116667 0.00730994 0.000145773 0.000708502 0.000105932 -0.00111111 -0.00175097 -0.000440529 -0.00323194
internal_weight=1953 1882 1834 1786 1714 1200 171 1029 988 944 90 514 454 263
internal_count=1953 1882 1834 1786 1714 1200 171 1029 988 944 90 514 454 263
is_linear=0
shrinkage=0.05


Tree=134
num_leaves=15
num_cat=0
split_feature=2 2 4 4 1 1 3 3 4 4 1 3 1 3
split_gain=1.31148 0.937531 1.31429 1.96323 3.09787 2.04207 2.11849 3.9742 2.00242 1.93585 1.81975 3.26667 1.8 1.55431
threshold=-0.9951106240145321 0.99276848381014016 23.996500000000001 19.314000000000004 0.94917575150333644 -0.38962684145003712 99.997500000000016 31.374500000000001 18.446500000000004 17.886500000000002 0.78297285307474518 99.295000000000016 -0.23803327706148572 99.242500000000021
decision_type=2 2 2 2 2 2 2 2 2 2 2 2 2 2
left_child=-1 2 3 8 5 13 7 -7 9 -2 11 -4 -13 -5
right_child=1 -3 10 4 -6 6 -8 -9 -10 -11 -12 12 -14 -15
leaf_value=-0.0016604675647466595 0.00036856316083548894 -0.0016323086380732378 0.0071530382114553329 0.00057064860965861666 0.0010990601112885554 -0.00030151950853481716 -0.00036120963073440414 -0.009164469085528688 0.0027422003145421031 -0.0025588676931583149 -0.00053481831727664186 -0.0025708601680738963 0.0085433316057285276 -0.0013526973081179811
leaf_weight=71 1203 67 40 76 44 46 44 57 78 51 51 40 40 45
leaf_count=71 1203 67 40 76 44 46 44 57 78 51 51 40 40 45
internal_value=0.000332821 0.000584485 0.000798898 0.000364964 -0.00320513 -0.00522388 -0.00918367 -0.0131068 0.0012012 0.000717703 0.00497076 0.00833333 0.0025 -0.000413223
internal_weight=1953 1882 1815 1644 312 268 147 103 1332 1254 171 120 80 121
internal_count=1953 1882 1815 1644 312 268 147 103 1332 1254 171 120 80 121
is_linear=0
shrinkage=0.05


Tree=135
num_leaves=15
num_cat=0
split_feature=2 2 2 0 2 2 0 4 4 0 2 4 4 4
split_gain=1.35206 0.972151 1.03411 1.38032 4.97221 5.37213 3.30006 4.09091 3.37754 3.0948 3.81443 2.7163 3.08597 2.17153
threshold=-0.9951106240145321 0.99276848381014016 0.97879788253113664 6.9940000000000007 0.78884570776442897 0.92933244589178743 8.9100000000000019 10.628500000000001 17.502500000000005 10.797500000000001 0.74475763103476778 14.094500000000002 18.946500000000004 25.668000000000003
decision_type=2 2 2 2 2 2 2 2 2 2 2 2 2 2
left_child=-1 2 3 4 -2 -6 7 -5 -9 11 13 -8 -13 -11
right_child=1 -3 -4 6 5 -7 9 8 -10 10 -12 12 -14 -15
leaf_value=-0.0015774441865093248 0.0067778979002009743 -0.0015506932061695733 0.0011280007425477883 0.0027885692216417708 -0.0067026819826060905 0.0070896351084098006 0.0089512930039715565 -0.013058025013654684 -0.0039588159352950724 2.8786741336869759e-05 -0.0063742534312830924 -0.0017905980846392722 0.001458354088227909 0.0036918049511100118
leaf_weight=71 55 67 50 45 57 40 71 47 52 1200 47 41 59 51
leaf_count=71 55 67 50 45 57 40 71 47 52 1200 47 41 59 51
internal_value=0.000435228 0.000690755 0.000909091 0.000708215 0.00526316 -0.00154639 0.000278983 -0.00694444 -0.0126263 0.000987066 0.000154083 0.00730994 0.002 0.000679456
internal_weight=1953 1882 1815 1765 152 97 1613 144 99 1469 1298 171 100 1251
internal_count=1953 1882 1815 1765 152 97 1613 144 99 1469 1298 171 100 1251
is_linear=0
shrinkage=0.05


Tree=136
num_leaves=15
num_cat=0
split_feature=2 3 1 1 4 4 1 1 4 1 4 3 0 2
split_gain=1.00258 0.876762 2.03494 2.57958 1.91161 2.96409 2.36999 3.11553 2.28029 3.02748 3.74643 3.34255 3.21813 3.00307
threshold=-0.99665976668634515 84.277500000000018 -0.9852109833579612 -0.92263100495486372 27.834500000000002 25.382500000000004 -0.96230016621822467 -0.79356426026969629 7.315500000000001 -0.48250327361223938 14.429500000000003 99.997500000000016 8.8515000000000033 0.1858661703907829
decision_type=2 2 2 2 2 2 2 2 2 2 2 2 2 2
left_child=-1 2 -2 -4 5 6 -3 -8 -9 11 -11 -10 -12 -14
right_child=1 4 3 -5 -6 -7 7 8 9 10 12 -13 13 -15
leaf_value=-0.002201216850027621 0.0025375752674806299 -0.0085519894767618603 -0.0017488607821991048 0.00033315816175564231 -0.002482184521985337 0.013639929241521926 0.0036314113672339336 -0.012639364277266793 0.00042602635634823583 0.003882166808637455 0.0042437188816351395 -0.018928616240629255 -0.0023196366441987598 0.00051559965354814892
leaf_weight=59 45 84 54 755 63 41 106 82 42 268 64 51 160 79
leaf_count=59 45 84 54 755 63 41 106 82 42 268 64 51 160 79
internal_value=0.000486431 0.000686378 0.00187354 0.0012979 -0.000288462 0.000255885 -0.000320513 0.000469484 -0.000670241 0.000301205 0.00166375 -0.00806452 -0.00214521 -0.00481172
internal_weight=1953 1894 854 809 1040 977 936 852 746 664 571 93 303 239
internal_count=1953 1894 854 809 1040 977 936 852 746 664 571 93 303 239
is_linear=0
shrinkage=0.05


Tree=137
num_leaves=15
num_cat=0
split_feature=1 2 4 4 0 0 2 1 1 0 1 4 4 1
split_gain=1.44675 0.973949 0.884825 2.95373 1.30485 4.78019 4.61853 4.00666 3.34656 2.74913 3.71441 4.21294 3.0727 3.77668
threshold=-0.99762106698677377 -0.99665976668634515 20.072000000000003 20.896500000000003 19.273500000000002 18.540500000000005 -0.47495107206705001 -0.17082974322534453 -0.96230016621822467 17.479500000000005 0.94362518608704116 16.233000000000004 16.191000000000006 0.76864763646026912
decision_type=2 2 2 2 2 2 2 2 2 2 2 2 2 2
left_child=-1 -2 4 -4 5 8 7 -6 -3 10 12 -12 -10 -14
right_child=1 2 3 -5 6 -7 -8 -9 9 -11 11 -13 13 -15
leaf_value=0.0013840729433346795 -0.0020911560075262403 -0.008117867613055274 -0.0052521816873285776 5.3351087368352927e-05 -0.0012177741200629533 -0.034083667434717926 0.0059372824689351749 0.0043558431942756718 0.00021778824775691135 0.018598172667310481 -2.8010668506942007e-05 -0.013150582559959304 0.00047713221147896445 0.021333109393177386
leaf_weight=40 59 65 69 365 204 44 74 150 515 49 101 45 131 42
leaf_count=40 59 65 69 365 204 44 74 150 515 49 101 45 131 42
internal_value=0.000588838 0.000392054 0.000593312 -0.00138249 0.00119718 0.000201613 0.00350467 0.00112994 0.000949367 0.00175538 0.00107914 -0.00616438 0.00261628 0.0083815
internal_weight=1953 1913 1854 434 1420 992 428 354 948 883 834 146 688 173
internal_count=1953 1913 1854 434 1420 992 428 354 948 883 834 146 688 173
is_linear=0
shrinkage=0.05


Tree=138
num_leaves=15
num_cat=0
split_feature=0 3 3 3 0 0 4 2 0 3 0 3 2 3
split_gain=1.08491 3.53265 1.47762 4.00518 3.17474 2.47578 3.01875 2.31798 2.7856 6.17684 4.09423 2.66774 6.03287 2.71078
threshold=27.255000000000006 13.243 84.277500000000018 80.187000000000012 25.281500000000005 20.546500000000005 10.827500000000002 -0.91780143710280748 19.872500000000006 4.9975000000000014 18.716000000000005 59.097500000000004 0.057982974307775707 20.073000000000004
decision_type=2 2 2 2 2 2 2 2 2 2 2 2 2 2
left_child=2 -2 3 4 7 -4 -7 -1 10 -10 11 13 -13 -9
right_child=1 -3 5 -5 -6 6 -8 8 9 -11 -12 12 -14 -15
leaf_value=-0.0075714993217134603 -0.0059600085275788644 0.0051420432608974172 9.4979877774236529e-05 0.0054296143244518917 0.0020802343444036061 -0.010636618818600885 -0.00020281441587318428 8.9275459580501207e-05 -0.010575282477574525 0.011108051387490598 -0.023561931611667416 0.0047366198416952318 -0.0049076625733858546 0.0056389842951521723
leaf_weight=80 41 44 898 40 40 41 107 285 40 78 45 43 57 114
leaf_count=80 41 44 898 40 40 41 107 285 40 78 45 43 57 114
internal_value=0.000230415 -0.00529412 0.000481799 0.00206813 0.00127877 -0.000764818 -0.00675676 0.000539084 0.00151057 0.00847458 0 0.00130261 -0.006 0.00313283
internal_weight=1953 85 1868 822 782 1046 148 742 662 118 544 499 100 399
internal_count=1953 85 1868 822 782 1046 148 742 662 118 544 499 100 399
is_linear=0
shrinkage=0.05


Tree=139
num_leaves=15
num_cat=0
split_feature=3 1 1 4 4 1 1 1 2 3 1 4 4 1
split_gain=1.12329 1.06126 3.80699 2.68524 4.31545 4.65666 4.50716 5.7936 3.44385 4.93965 3.05455 2.22998 3.00435 4.99448
threshold=1.0000000180025095e-35 -0.38962684145003712 -0.49316180905692092 14.429500000000003 11.635500000000002 0.59055600833485278 0.59055600833485278 0.9253073452222943 0.95506028457921099 99.920500000000018 -0.19244979981841048 7.5740000000000007 12.419500000000001 -0.89391031859722847
decision_type=2 2 2 2 2 2 2 2 2 2 2 2 2 2
left_child=-1 2 11 4 6 -6 8 -8 9 -3 -5 -2 13 -13
right_child=1 3 -4 10 5 -7 7 -9 -10 -11 -12 12 -14 -15
leaf_value=0.00051574105885969783 0.0011714266724860867 0.014661414152880178 0.011487052466481172 -0.010220463261389891 0.00029408209468776564 0.017663800260965933 -0.014869627290908995 0.0015024354475137724 -0.011338555156024988 -0.00089226740821222593 -0.0002900834687341903 0.0014371050101711026 9.5530355480635476e-05 -0.011975187524445631
leaf_weight=95 77 82 70 58 110 89 100 77 45 52 593 62 372 71
leaf_count=95 77 82 70 58 110 89 100 77 45 52 593 62 372 71
internal_value=0.000486431 0.000215285 0.00184049 -0.00066335 0.00189189 0.00778894 -0.00140449 -0.00706215 0.00418994 0.00820896 -0.00284178 0.000515464 -0.000693069 -0.00714286
internal_weight=1953 1858 652 1206 555 199 356 177 179 134 651 582 505 133
internal_count=1953 1858 652 1206 555 199 356 177 179 134 651 582 505 133
is_linear=0
shrinkage=0.05


Tree=140
num_leaves=15
num_cat=0
split_feature=3 0 4 4 2 1 0 4 2 4 3 3 4 1
split_gain=1.14508 2.31006 2.26065 2.00928 1.06069 2.77403 7.0907 2.93596 2.69991 2.69103 4.28346 3.16848 3.08814 8.13608
threshold=1.0000000180025095e-35 24.995000000000001 15.495000000000003 9.7025000000000023 -0.41327860778290426 -0.33708009192051164 20.771500000000003 13.265500000000001 -0.3390880814530603 15.719000000000003 99.776500000000013 82.228500000000011 11.493500000000003 0.69794415476634375
decision_type=2 2 2 2 2 2 2 2 2 2 2 2 2 2
left_child=-1 4 3 -3 5 6 -2 -8 -6 12 11 -11 13 -7
right_child=1 2 -4 -5 8 9 7 -9 -10 10 -12 -13 -14 -15
leaf_value=0.00048995400591671234 0.015442270487312344 -9.8060249505124711e-05 0.000823600101797839 -0.018129273440491707 -0.017976736128847991 0.01024339324071695 -0.0095060285014485612 0.00089566799193239739 5.4780931918481038e-05 -0.0018408957778873307 0.0045949876004525159 -0.016317677984865303 0.0042416527807524257 -0.01988889579306273
leaf_weight=95 70 44 45 54 45 61 41 66 1088 80 64 44 116 40
leaf_count=95 70 44 45 54 45 61 41 66 1088 80 64 44 116 40
internal_value=0.000435228 0.000161464 -0.00594406 -0.0102041 0.000670554 0.0024055 0.00762712 -0.00046729 -0.000220653 0.000123457 -0.00425532 -0.00967742 0.00391705 -0.00247525
internal_weight=1953 1858 143 98 1715 582 177 107 1133 405 188 124 217 101
internal_count=1953 1858 143 98 1715 582 177 107 1133 405 188 124 217 101
is_linear=0
shrinkage=0.05


Tree=141
num_leaves=15
num_cat=0
split_feature=2 3 0 0 0 1 1 3 2 2 4 4 1 4
split_gain=1.37258 1.29166 1.23386 2.08248 1.41596 6.5175 3.80435 6.60064 2.97135 8.94129 2.79181 1.68621 1.65673 3.02805
threshold=-0.9951106240145321 1.0000000180025095e-35 24.995000000000001 26.969000000000005 19.980500000000003 -0.25084665036108228 -0.56246696819245956 99.01100000000001 -0.92449049203901279 -0.86350450715563698 16.454500000000007 14.366000000000001 -0.42109697129093543 8.7765000000000022
decision_type=2 2 2 2 2 2 2 2 2 2 2 2 2 2
left_child=-1 -2 4 -4 8 6 7 11 -3 -10 -7 -6 13 -11
right_child=1 2 3 -5 5 10 -8 -9 9 12 -12 -13 -14 -15
leaf_value=-0.0011477845615299382 0.00065839721325973996 -0.0054560003087198551 -0.009329092775590464 0.00029564041151780573 0.0099599514175190973 0.013248475825015689 -0.0174036994373498 -0.0059978870273932009 0.025114723046407852 0.002712431358927625 0.0039370008565416557 0.0011628160287025368 -0.00040543738930430979 7.5725593601327229e-05
leaf_weight=71 92 43 57 72 41 59 56 41 44 73 44 46 869 345
leaf_count=71 92 43 57 72 41 59 56 41 44 73 44 46 869 345
internal_value=0.000486431 0.000743889 0.000446927 -0.00426357 0.000812763 0.00400697 -0.00163043 0.003125 0.00014556 0.000563486 0.0140777 0.0109195 -0.00019425 0.00239234
internal_weight=1953 1882 1790 129 1661 287 184 128 1374 1331 103 87 1287 418
internal_count=1953 1882 1790 129 1661 287 184 128 1374 1331 103 87 1287 418
is_linear=0
shrinkage=0.05


Tree=142
num_leaves=15
num_cat=0
split_feature=2 3 1 1 4 4 4 1 1 1 1 4 4 3
split_gain=1.43506 1.22137 0.999249 2.92857 2.69791 4.88207 2.84078 2.12434 2.21392 5.05776 1.55201 2.38236 4.26869 5.97826
threshold=-0.9951106240145321 1.0000000180025095e-35 0.89896131060349826 0.9253073452222943 10.628500000000001 19.220000000000002 15.579000000000002 0.86674087925701782 0.81825490718534677 0.76864763646026912 0.5043284533698108 9.4305000000000003 15.130000000000001 95.952000000000012
decision_type=2 2 2 2 2 2 2 2 2 2 2 2 2 2
left_child=-1 -2 7 -4 -5 6 -6 8 9 10 11 -3 -13 -14
right_child=1 2 3 4 5 -7 -8 -9 -10 -11 -12 12 13 -15
leaf_value=-0.0010903953334534409 0.00062547735259675316 0.002080643172969074 -0.011357005821960081 0.0029109375316597854 -0.00057758696700943026 0.0019857846887919024 -0.017709938094278007 0.0066356209649272597 -0.008322711171345162 0.015309001458352928 -0.0015014093187168233 -0.0024752893946540957 0.0029802379184668856 -0.00084358744972780559
leaf_weight=71 92 244 42 59 55 86 46 40 56 51 212 347 264 288
leaf_count=71 92 244 42 59 55 86 46 40 56 51 212 347 264 288
internal_value=0.000640041 0.000903294 0.000614525 -0.00208333 0 -0.00294118 -0.010396 0.00113182 0.000820793 0.0012091 0.000627306 0.00135608 0.000166852 0.00289855
internal_weight=1953 1882 1790 288 246 187 101 1502 1462 1406 1355 1143 899 552
internal_count=1953 1882 1790 288 246 187 101 1502 1462 1406 1355 1143 899 552
is_linear=0
shrinkage=0.05


Tree=143
num_leaves=15
num_cat=0
split_feature=2 4 4 4 2 2 3 0 2 2 1 3 1 3
split_gain=0.921231 1.13968 2.09542 4.15356 1.83104 5.76809 3.86632 2.28097 1.81261 1.64472 1.64017 2.74797 1.78583 1.62609
threshold=0.99276848381014016 23.996500000000001 19.441000000000003 19.018500000000003 0.023632005545605003 -0.62971025403082126 99.295000000000016 19.594000000000005 -0.99665976668634515 -0.24877566908906687 0.78297285307474518 99.295000000000016 -0.22132528438243276 1.0000000180025095e-35
decision_type=2 2 2 2 2 2 2 2 2 2 2 2 2 2
left_child=1 2 3 8 5 7 -6 -4 -1 -7 11 -3 -13 -10
right_child=-2 10 4 -5 6 9 -8 -9 13 -11 -12 12 -14 -15
leaf_value=-0.0069771555068729677 -0.0016185446694075901 0.0062698862647012164 0.00060590056079276036 0.0026137822689170469 -2.9899041352005051e-05 0.0075170133957130738 -0.015062500316560765 -0.012472702557225447 0.0017733872692481116 0.0010579143375542934 -0.00064778445544652348 -0.0013979057682359576 0.0073878980760282015 0.00015808908613906882
leaf_weight=42 67 41 43 42 73 42 51 66 72 40 51 42 40 1241
leaf_count=42 67 41 43 42 73 42 51 66 72 40 51 42 40 1241
internal_value=0.000537634 0.000742312 0.000350467 0.0011811 -0.00333333 -0.00026178 -0.00806452 -0.00779817 0.000701107 0.0097561 0.0045977 0.00772358 0.00243902 0.00102818
internal_weight=1953 1886 1712 1397 315 191 124 109 1355 82 174 123 82 1313
internal_count=1953 1886 1712 1397 315 191 124 109 1355 82 174 123 82 1313
is_linear=0
shrinkage=0.05


Tree=144
num_leaves=15
num_cat=0
split_feature=2 3 3 0 2 0 0 1 4 4 1 1 4 0
split_gain=0.888774 1.21046 4.60045 2.08614 1.9946 3.64289 4.40018 2.51022 2.18747 1.998 1.92679 1.81378 1.79575 1.47896
threshold=0.99276848381014016 99.997500000000016 99.901000000000025 22.756500000000006 0.19429706169951341 13.701500000000001 15.736000000000002 -0.22611359161738889 20.526000000000003 12.134000000000002 0.93779576777868801 -0.7721494341254892 17.502500000000005 17.102500000000003
decision_type=2 2 2 2 2 2 2 2 2 2 2 2 2 2
left_child=1 2 13 4 5 10 -7 8 11 -9 -3 -6 -11 -1
right_child=-2 3 -4 -5 7 6 -8 9 -10 12 -12 -13 -14 -15
leaf_value=-0.00026672538623831801 -0.0015376174359372108 0.018299586938700919 -0.0071877260343254897 -0.0027848553148357769 0.0046249863012802397 -0.0060697994454717644 0.0024145581107115608 -0.0038245330832623911 -0.0065897930219716381 0.013798487141767899 0.0024347546551870937 -0.0040672473129453523 0.00043763241520407005 0.0005080303464022537
leaf_weight=632 67 43 56 41 40 40 168 56 42 44 47 53 77 547
leaf_count=632 67 43 56 41 40 40 168 56 42 44 47 53 77 547
internal_value=0.000435228 0.000636267 -0.000283401 0.00238095 0.00311475 0.00604027 0.00240385 0.000320513 -0.00481481 0.00423729 0.0144444 -0.000537634 0.00785124 0.000381679
internal_weight=1953 1886 1235 651 610 298 208 312 135 177 90 93 121 1179
internal_count=1953 1886 1235 651 610 298 208 312 135 177 90 93 121 1179
is_linear=0
shrinkage=0.05


Tree=145
num_leaves=15
num_cat=0
split_feature=2 3 3 0 2 0 2 4 2 4 2 2 0 0
split_gain=0.888774 1.21046 3.50188 2.08614 1.98822 2.11647 5.05113 1.9473 4.17351 4.11225 2.05348 1.86154 1.3306 4.92827
threshold=0.99276848381014016 99.997500000000016 99.901000000000025 22.756500000000006 -0.66248835645380588 8.3615000000000013 0.79411473034488644 19.849500000000003 -0.25119006388481929 25.382500000000004 0.12643880951666986 -0.92449049203901279 17.102500000000003 16.314500000000002
decision_type=2 2 2 2 2 2 2 2 2 2 2 2 2 2
left_child=1 2 12 4 11 6 -6 8 -7 -9 -10 -3 13 -1
right_child=-2 3 -4 -5 5 7 -8 9 10 -11 -12 -13 -14 -15
leaf_value=7.1050082619317226e-06 -0.0014607365641403525 0.0030922445293177503 -0.0068283397326092156 -0.0026456125490939898 0.011578222477490262 -0.0089634972434974591 -0.0007416810564653876 -0.0032237211205871728 0.0070148894393241377 0.0013455283135380359 0.0019099746078994559 0.013310470411930298 0.0004826288290821407 -0.012123996981317805
leaf_weight=584 67 52 56 41 52 63 68 64 51 59 136 65 547 48
leaf_count=584 67 52 56 41 52 63 68 64 51 59 136 65 547 48
internal_value=0.000435228 0.000636267 -0.000283401 0.00238095 0.00311475 0.00172414 0.0075 -0.000134048 0.0024 -0.00528455 0.00614973 0.00897436 0.000296862 -0.00126582
internal_weight=1953 1886 1235 651 610 493 120 373 250 123 187 117 1179 632
internal_count=1953 1886 1235 651 610 493 120 373 250 123 187 117 1179 632
is_linear=0
shrinkage=0.05


Tree=146
num_leaves=15
num_cat=0
split_feature=2 0 1 1 1 0 3 4 0 1 1 2 0 1
split_gain=0.841179 1.05368 5.00481 1.33569 3.61219 3.348 4.97433 4.28738 3.69674 3.2183 3.15197 1.80899 2.09081 2.75237
threshold=0.99276848381014016 5.7955000000000014 0.23416947364604893 -0.25950939392209715 -0.69016699705532203 20.771500000000003 93.07350000000001 14.952000000000002 22.845000000000002 -0.7610972106345526 -0.17082974322534453 -0.5049610547215202 14.344000000000003 -0.90149333598846393
decision_type=2 2 2 2 2 2 2 2 2 2 2 2 2 2
left_child=1 2 -1 4 9 6 -6 -8 -7 11 -5 -3 -13 -14
right_child=-2 3 -4 10 5 8 7 -9 -10 -11 -12 12 13 -15
leaf_value=-0.0037646749897934624 -0.0013876997359333343 0.00078735575277825715 0.0068280438106005405 -0.0053517161613252269 0.018768416352276128 -0.011956426177320047 0.014823235960449772 -0.0022491178541628634 0.0010802393159374758 -0.012675109273443452 -6.4416268296699217e-05 0.001858823170064078 -0.0001496882555549653 -0.007095126657504669
leaf_weight=48 67 54 53 56 64 42 41 52 76 60 984 95 214 47
leaf_count=48 67 54 53 56 64 42 41 52 76 60 984 95 214 47
internal_value=0.000281618 0.0004772 0.00544554 0.000196078 0.00181208 0.00636364 0.0111465 0.00376344 0 -0.000851064 -0.000961538 0.000731707 -0.000561798 -0.00287356
internal_weight=1953 1886 101 1785 745 275 157 93 118 470 1040 410 356 261
internal_count=1953 1886 101 1785 745 275 157 93 118 470 1040 410 356 261
is_linear=0
shrinkage=0.05


Tree=147
num_leaves=15
num_cat=0
split_feature=3 4 0 2 0 2 2 0 0 1 1 0 0 1
split_gain=1.1017 1.30078 0.98735 4.28963 2.70949 1.72596 4.25571 1.30378 3.35113 1.63812 2.95661 2.29836 4.30471 2.77925
threshold=1.0000000180025095e-35 13.555000000000001 6.9940000000000007 0.78884570776442897 7.5390000000000006 0.98217423127542058 0.92933244589178743 8.1490000000000027 8.6960000000000015 0.88267879832554763 0.94917575150333644 13.976000000000001 13.403500000000003 -0.7146667679788683
decision_type=2 2 2 2 2 2 2 2 2 2 2 2 2 2
left_child=1 -1 3 -2 -4 6 -5 -6 -9 11 -11 12 13 -10
right_child=2 -3 4 5 7 -7 -8 8 9 10 -12 -13 -14 -15
leaf_value=-5.9968667374268871e-05 0.005387366516267234 0.0013254955602989282 -0.012780723875262495 -0.0029901584153151587 0.0023472606373620506 -0.0017972219529235761 0.0072311082346558156 -0.016777210276576644 -0.0017917375959752347 -0.010807374201989392 0.00025935844552343049 -0.00012575435008730122 0.0075978972264938664 0.0028926660362201153
leaf_weight=48 55 47 45 53 48 42 40 44 69 80 183 891 45 263
leaf_count=48 55 47 45 53 48 42 40 44 69 80 183 891 45 263
internal_value=0.000537634 0.00578947 0.000269107 0.00368421 -0.000119904 -0.00111111 0.00268817 0.00021565 -3.1746e-05 0.000359242 -0.00323194 0.0011041 0.00437666 0.00240964
internal_weight=1953 95 1858 190 1668 135 93 1623 1575 1531 263 1268 377 332
internal_count=1953 95 1858 190 1668 135 93 1623 1575 1531 263 1268 377 332
is_linear=0
shrinkage=0.05


Tree=148
num_leaves=15
num_cat=0
split_feature=2 3 3 4 4 0 0 3 2 4 1 4 4 0
split_gain=0.921231 1.5057 2.55296 2.02306 3.37561 1.86275 3.73793 2.0334 4.91575 4.65349 3.92513 3.91002 3.19155 2.707
threshold=0.99276848381014016 99.997500000000016 99.901000000000025 23.996500000000001 21.828500000000002 27.819000000000003 25.797500000000003 73.226500000000016 -0.4572439375041048 20.458000000000002 -0.36924373704146674 17.951000000000004 14.429500000000003 12.367000000000003
decision_type=2 2 2 2 2 2 2 2 2 2 2 2 2 2
left_child=1 2 3 4 5 6 7 9 10 11 -9 -1 -12 -10
right_child=-2 -3 -4 -5 -6 -7 -8 8 13 -11 12 -13 -14 -15
leaf_value=0.00082067196689009645 -0.0012284536514904909 0.0006127854032773717 -0.0065593061295290585 0.0018213520189444138 -0.0030543099513119509 -0.0027694239708379699 0.013101770822456267 0.012227007227152512 -0.00030461952032629497 0.009474092515592775 0.011192224877562364 -0.0025325202280076908 -0.0083752185910156065 -0.0087737078618766642
leaf_weight=449 67 651 56 72 87 51 48 40 108 41 52 96 50 85
leaf_count=449 67 651 56 72 87 51 48 40 108 41 52 96 50 85
internal_value=0.000537634 0.000742312 -0.000283401 0.000212044 -0.00031617 0.000490196 0.000980392 0.000271444 -0.00283582 0.00204778 0.00422535 0.000825688 -0.000980392 -0.00803109
internal_weight=1953 1886 1235 1179 1107 1020 969 921 335 586 142 545 102 193
internal_count=1953 1886 1235 1179 1107 1020 969 921 335 586 142 545 102 193
is_linear=0
shrinkage=0.05


Tree=149
num_leaves=15
num_cat=0
split_feature=2 2 4 1 3 4 1 1 1 4 1 4 0 0
split_gain=1.4562 1.06145 1.44274 2.09869 2.81667 1.93436 2.11178 2.91289 1.78477 3.4438 2.22772 9.43727 2.61564 2.02614
threshold=-0.9951106240145321 0.99276848381014016 23.996500000000001 0.78297285307474518 99.295000000000016 19.752000000000002 0.94917575150333644 0.45914483320598681 0.94362518608704116 10.628500000000001 0.76864763646026912 10.050000000000002 5.1610000000000005 15.030000000000001
decision_type=2 2 2 2 2 2 2 2 2 2 2 2 2 2
left_child=-1 2 5 4 -4 8 7 -7 10 -10 12 -12 -2 -14
right_child=1 -3 3 -5 -6 6 -8 -9 9 -11 11 -13 13 -15
leaf_value=-0.00075245636809921916 -0.0060589820051748233 -0.0011670309689159664 0.0061142751881526477 -0.00075653577932270903 0.00064839508769997116 -0.000358736972040602 0.0012970038543121962 -0.0068415234349001215 0.0021651954573459753 -0.0036392487248627934 -0.016060801129479989 0.0098313874734196512 0.0012019800368227762 9.0807657252556242e-07
leaf_weight=71 65 67 40 51 80 162 40 71 57 96 53 125 378 597
leaf_count=71 65 67 40 51 80 162 40 71 57 96 53 125 378 597
internal_value=0.000691244 0.000956429 0.00118457 0.00555556 0.00916667 0.000729927 -0.00311355 -0.00493562 0.00149526 -0.00359477 0.00213465 0.00730337 0.00125 0.00189744
internal_weight=1953 1882 1815 171 120 1644 273 233 1371 153 1218 178 1040 975
internal_count=1953 1882 1815 171 120 1644 273 233 1371 153 1218 178 1040 975
is_linear=0
shrinkage=0.05


Tree=150
num_leaves=15
num_cat=0
split_feature=2 0 1 2 2 4 0 0 1 0 1 0 0 0
split_gain=1.36792 2.6265 1.50275 1.39016 3.65895 3.43609 2.25292 1.86468 6.14885 5.10542 3.41799 2.54938 3.17143 1.73821
threshold=-0.97218766834954651 25.116500000000006 1.0000000180025095e-35 -0.7418964003681634 -0.64297064596386244 8.291500000000001 20.223500000000005 17.102500000000003 -0.7721494341254892 16.314500000000002 -0.97873101657557338 15.524500000000002 14.344000000000003 19.594000000000005
decision_type=2 2 2 2 2 2 2 2 2 2 2 2 2 2
left_child=1 2 -1 5 6 -2 -5 9 -9 10 -6 12 -12 -7
right_child=3 -3 -4 4 7 13 -8 8 -10 -11 11 -13 -14 -15
leaf_value=0.016597920777205354 0.010567024158125771 -0.0049991312481962764 -0.0019605516494177917 -0.0060896998757700915 0.017473992952539374 0.0041161900867926681 -0.0042942603042631288 0.00030894483153726365 0.013538964412334013 -0.014533228649382848 6.8864757002264079e-05 0.004757797108706158 -0.0040367574299981033 -0.00049556839803834571
leaf_weight=55 40 54 58 41 40 109 46 207 53 52 885 49 80 184
leaf_count=55 40 54 58 41 40 109 46 207 53 52 885 49 80 184
internal_value=0.000435228 -0.00389222 0.000442478 0.000839866 0.000172058 0.00375375 -0.00977011 0.000805271 0.00461538 -9.04159e-05 0.000664137 9.86193e-05 -0.000466321 0.00187713
internal_weight=1953 167 113 1786 1453 333 87 1366 260 1106 1054 1014 965 293
internal_count=1953 167 113 1786 1453 333 87 1366 260 1106 1054 1014 965 293
is_linear=0
shrinkage=0.05


Tree=151
num_leaves=15
num_cat=0
split_feature=1 1 1 4 4 1 1 0 2 4 4 4 1 4
split_gain=0.850922 3.71672 2.88873 2.01962 4.85465 3.46883 2.67574 2.60994 2.20001 3.19266 1.99793 4.79162 3.70504 2.67959
threshold=-0.38962684145003712 -0.49316180905692092 -0.55176847662110995 7.4285000000000005 12.419500000000001 -0.89391031859722847 -0.65189295912203338 17.744000000000003 0.14347198451036616 20.526000000000003 14.429500000000003 13.772000000000002 -0.23803327706148572 7.5740000000000007
decision_type=2 2 2 2 2 2 2 2 2 2 2 2 2 2
left_child=1 2 3 -1 5 -5 7 8 -6 -10 11 13 -12 -2
right_child=10 -3 -4 4 6 -7 -8 -9 9 -11 12 -13 -14 -15
leaf_value=0.0022842441634478654 -0.0027111591805947552 0.0099827692723897035 -0.012754392155674234 0.00016708934778941477 0.013108962348238454 -0.010806877988759934 0.0093304117946348356 -0.00057230169419370815 0.0021347578034994477 -0.0040328502108622618 -0.017876136833315522 0.016281123806428554 -0.00027032401753045442 0.00050462313687263947
leaf_weight=69 144 72 40 68 60 65 50 138 80 42 42 53 637 393
leaf_count=69 144 72 40 68 60 65 50 138 80 42 42 53 637 393
internal_value=0.000332821 0.00175439 0.000490196 0.0013986 0.000298211 -0.00789474 0.00324324 0.0015625 0.00549451 0.00163934 -0.000433412 0.00169492 -0.00228277 0.00027933
internal_weight=1953 684 612 572 503 133 370 320 182 122 1269 590 679 537
internal_count=1953 684 612 572 503 133 370 320 182 122 1269 590 679 537
is_linear=0
shrinkage=0.05


Tree=152
num_leaves=15
num_cat=0
split_feature=0 0 2 3 0 2 4 4 0 1 1 0 1 3
split_gain=0.520894 4.46691 2.22895 1.95813 1.37089 1.29092 1.48274 1.39511 1.91049 1.63997 3.27175 3.61876 3.18142 2.46555
threshold=6.3120000000000003 6.9940000000000007 0.81502833751681136 66.244500000000016 7.5390000000000006 0.97879788253113664 25.852500000000003 22.546000000000003 12.716500000000002 0.91348692408873478 0.94917575150333644 15.244500000000002 0.86674087925701782 86.373000000000005
decision_type=2 2 2 2 2 2 2 2 2 2 2 2 2 2
left_child=2 -2 -1 -4 -3 6 7 9 -9 12 -11 13 -6 -12
right_child=1 4 3 -5 5 -7 -8 8 -10 10 11 -13 -14 -15
leaf_value=0.0030835467159621571 0.004864790058796903 -0.011352498526616565 0.00060507742843518011 -0.0027473401923224952 9.7065005254984293e-05 0.0049079439282144867 0.00099032756640363715 0.0017755059824995979 -0.0032423373011382763 -0.01517408575703213 -0.0092730402840827345 0.013882830257031315 0.0068736175849386516 0.00040778665235294276
leaf_weight=40 49 48 51 61 1160 61 87 41 91 49 47 40 49 79
leaf_count=40 49 48 51 61 1160 61 87 41 91 49 47 40 49 79
internal_value=0.000179211 0.000416435 -0.00263158 -0.00625 0 0.000234742 -3.04321e-05 -0.000385604 -0.00530303 7.02247e-05 -0.00395349 -0.00060241 0.000785773 -0.0047619
internal_weight=1953 1801 152 112 1752 1704 1643 1556 132 1424 215 166 1209 126
internal_count=1953 1801 152 112 1752 1704 1643 1556 132 1424 215 166 1209 126
is_linear=0
shrinkage=0.05


Tree=153
num_leaves=15
num_cat=0
split_feature=2 0 4 4 4 0 0 4 4 4 1 2 1 0
split_gain=0.888774 0.931158 2.69981 5.67928 3.05366 2.52673 4.10152 2.32003 5.31999 2.30573 2.22011 8.34233 3.87121 4.5859
threshold=0.99276848381014016 11.196000000000003 10.628500000000001 8.291500000000001 23.504500000000004 12.133500000000002 12.564500000000001 13.6485 14.429500000000003 5.7825000000000015 -0.33708009192051164 -0.77547391234167817 -0.0687085824022272 21.831500000000002
decision_type=2 2 2 2 2 2 2 2 2 2 2 2 2 2
left_child=1 2 3 9 -4 -3 -7 -8 -9 -1 11 -10 -12 -14
right_child=-2 5 4 -5 -6 6 7 8 10 -11 12 -13 13 -15
leaf_value=0.0048264915802208909 -0.00096123944782763317 -0.0015193518518653471 -0.00048630557153906133 0.016748714732626575 0.0039338305001247386 0.015476976004558144 -0.00042757994392309543 0.013013453974300239 0.014547945105876814 -0.010669547247678782 -0.015332556520618396 -2.3627439441745168e-05 -0.0012105325620846486 0.011400822031515011
leaf_weight=46 67 108 311 60 78 46 518 52 48 53 44 230 240 52
leaf_count=46 67 108 311 60 78 46 518 52 48 53 44 230 240 52
internal_value=0.000435228 0.000636267 0.00237226 0.00786164 0.000128535 -7.47384e-05 0.000569106 0 0.00195195 0.000505051 0.000651466 0.00395683 -0.00208333 0
internal_weight=1953 1886 548 159 389 1338 1230 1184 666 99 614 278 336 292
internal_count=1953 1886 548 159 389 1338 1230 1184 666 99 614 278 336 292
is_linear=0
shrinkage=0.05


Tree=154
num_leaves=15
num_cat=0
split_feature=4 1 3 3 4 3 1 3 1 4 4 2 0 4
split_gain=0.91257 1.04906 5.90412 5.61836 1.06912 3.47837 2.17734 5.34862 2.30178 1.2947 3.35367 3.52356 9.96084 2.62146
threshold=29.402500000000003 -0.95747632178960107 68.353500000000011 99.997500000000016 23.996500000000001 99.716000000000022 -0.81403855522663837 74.896500000000017 -0.7266007961912001 7.5740000000000007 10.498000000000003 -0.89611523788151459 10.797500000000001 11.706500000000002
decision_type=2 2 2 2 2 2 2 2 2 2 2 2 2 2
left_child=1 2 -1 -4 6 -6 7 -3 -8 -10 11 -11 -13 -12
right_child=-2 4 3 -5 5 -7 8 -9 9 10 13 12 -14 -15
leaf_value=0.0038607872575682658 -0.0025708213720778308 -0.00093927157924028615 -0.018496028311585543 -5.8520659947935982e-06 0.0045407934132349146 -0.00052945937562610685 -0.0019067419944972298 0.0031921737634787563 -0.0022289579077517385 0.016882824235020768 -0.0018912763853390865 0.0081068631237306323 -0.013466689163903357 0.00012945709022840201
leaf_weight=61 61 67 43 61 54 67 75 105 179 53 102 75 67 883
leaf_count=61 61 67 43 61 54 67 75 105 179 53 102 75 67 883
internal_value=0.000281618 0.000475687 -0.00333333 -0.0105769 0.000839606 0.0053719 0.000498132 0.00581395 -0.00013947 0.000331126 0.000932203 0.00692308 0.0028169 -0.000253807
internal_weight=1953 1892 165 104 1727 121 1606 172 1434 1359 1180 195 142 985
internal_count=1953 1892 165 104 1727 121 1606 172 1434 1359 1180 195 142 985
is_linear=0
shrinkage=0.05


Tree=155
num_leaves=15
num_cat=0
split_feature=3 4 3 2 3 0 0 4 0 0 0 0 1 4
split_gain=1.08032 1.30078 0.795971 0.955052 1.67397 1.55989 2.34157 2.54251 1.60336 2.65813 2.36964 6.41214 1.72153 1.57449
threshold=1.0000000180025095e-35 13.555000000000001 2.0455000000000005 0.95250647826689006 4.9975000000000014 26.969000000000005 23.538500000000003 5.7825000000000015 12.265000000000002 12.843000000000002 13.976000000000001 14.685500000000003 0.51909748604633899 12.419500000000001
decision_type=2 2 2 2 2 2 2 2 2 2 2 2 2 2
left_child=1 -1 -2 4 -4 6 7 -6 -9 -10 12 -12 -11 -8
right_child=2 -3 3 -5 5 -7 13 8 9 10 11 -13 -14 -15
leaf_value=-0.00021027330998500961 -0.0057840487387816782 0.00090475662027315331 0.0027139910899510178 -0.00080686834100767162 0.005013438660804637 0.0060218438998082885 -0.0062223225135149664 0.00056177299224366981 -0.0039680453119503648 0.0020465982678688822 -0.0043523621534175289 0.0001341768743079841 3.7434437165329017e-05 -0.0036580172353239517
leaf_weight=48 73 47 61 156 79 58 47 499 48 40 70 629 49 49
leaf_count=48 73 47 61 156 79 58 47 499 48 40 70 629 49 49
internal_value=0.000588838 0.00578947 0.000322928 0.000532213 0.000890117 0.00057398 0.000264901 0.000777935 0.000262172 -0.00107656 -0.000380711 -0.00135908 0.00730337 -0.00729167
internal_weight=1953 95 1858 1785 1629 1568 1510 1414 1335 836 788 699 89 96
internal_count=1953 95 1858 1785 1629 1568 1510 1414 1335 836 788 699 89 96
is_linear=0
shrinkage=0.05


Tree=156
num_leaves=15
num_cat=0
split_feature=2 2 4 2 2 1 1 0 4 0 4 1 2 2
split_gain=0.937678 1.06642 1.20873 3.85829 4.24213 3.38068 5.00134 3.38854 3.36234 3.48338 3.02401 2.81955 2.65477 2.09392
threshold=0.99276848381014016 0.97879788253113664 14.429500000000003 0.78298010367706283 0.86993731518838324 -0.33708009192051164 -0.6254047815183511 17.479500000000005 13.935000000000002 13.976000000000001 20.526000000000003 -0.0687085824022272 0.92933244589178743 0.19429706169951341
decision_type=2 2 2 2 2 2 2 2 2 2 2 2 2 2
left_child=1 2 8 5 -5 6 7 10 9 -1 -4 -7 -6 -11
right_child=-2 -3 3 4 12 11 -8 -9 -10 13 -12 -13 -14 -15
leaf_value=0.0013063898240404728 -0.00087930691289728755 0.0004055309715526784 0.004231521571948056 -0.0039347706422444909 0.012912163941638645 -0.014598374886463435 0.016083536472228831 -0.00076226062952477753 0.011596601209003118 -0.00020277978499978478 -5.870577125983989e-05 -0.00019529605405266826 -0.0054113315440771749 -0.012994055194051829
leaf_weight=334 67 50 80 50 46 42 49 126 53 447 65 463 41 40
leaf_count=334 67 50 80 50 46 42 49 126 53 447 65 463 41 40
internal_value=0.000588838 0.000795334 0.000599129 -0.000623701 -0.00839416 0.000666667 0.0046875 0.00202952 0.00194508 0.00115713 0.00724138 -0.00188119 -0.00172414 -0.00154004
internal_weight=1953 1886 1836 962 137 825 320 271 874 821 145 505 87 487
internal_count=1953 1886 1836 962 137 825 320 271 874 821 145 505 87 487
is_linear=0
shrinkage=0.05


Tree=157
num_leaves=15
num_cat=0
split_feature=2 2 2 2 0 0 2 0 0 4 4 2 1 1
split_gain=0.800342 1.2157 1.46022 1.83959 1.03925 1.76593 3.18724 2.74153 3.40499 2.15684 3.70333 2.21678 1.64165 2.8274
threshold=-0.9951106240145321 -0.98597924778888291 -0.97218766834954651 -0.94418750883419933 25.281500000000005 21.741500000000002 -0.8069893509785715 20.944000000000003 20.317000000000004 5.7825000000000015 6.9720000000000004 0.21113058295073206 -0.99628894895067444 -0.97109105924028405
decision_type=2 2 2 2 2 2 2 2 2 2 2 2 2 2
left_child=-1 -2 -3 -4 5 7 -7 8 9 11 -11 -5 -12 -14
right_child=1 2 3 4 -6 6 -8 -9 -10 10 12 -13 13 -15
leaf_value=-0.001300402319146253 0.014351232969349493 -0.0046835455235454378 0.0031843883931535616 0.0097901295020398071 -0.0013610640623107823 -0.0018102566447535163 0.0020037940328447193 -0.01160755855121874 0.010727019008872032 -0.010593615433905619 0.0035208475179951989 0.00049860476979352031 -0.0070569635715048932 1.5663240678719104e-06
leaf_weight=71 48 48 72 41 68 52 84 45 49 43 42 61 57 1172
leaf_count=71 48 48 72 41 68 52 84 45 49 43 42 61 57 1172
internal_value=0.000281618 0.000478215 0.000272628 0.000503919 0.000175029 0.000425273 0.00588235 -6.62252e-05 0.000307167 -0.000141243 -0.000684932 0.00686275 -0.000196696 -0.000528885
internal_weight=1953 1882 1834 1786 1714 1646 136 1510 1465 1416 1314 102 1271 1229
internal_count=1953 1882 1834 1786 1714 1646 136 1510 1465 1416 1314 102 1271 1229
is_linear=0
shrinkage=0.05


Tree=158
num_leaves=15
num_cat=0
split_feature=4 4 4 2 0 2 4 1 1 4 0 4 0 4
split_gain=1.18488 4.21603 3.86696 1.98301 2.63806 2.37347 3.88971 2.76872 2.80533 2.71003 2.30667 3.27516 3.3185 3.1265
threshold=14.429500000000003 13.935000000000002 14.952000000000002 0.97879788253113664 12.448500000000001 0.075135296012361824 9.1930000000000032 -0.85206963063867736 -0.42109697129093543 9.8880000000000017 19.273500000000002 11.575000000000001 22.756500000000006 11.635500000000002
decision_type=2 2 2 2 2 2 2 2 2 2 2 2 2 2
left_child=1 3 -2 4 -1 7 -7 9 -9 -6 13 12 -12 -10
right_child=2 -3 -4 -5 5 6 -8 8 10 -11 11 -13 -14 -15
leaf_value=0.0025904739645642907 -0.012454157169634276 0.012402131045566303 -8.7112344013817735e-07 -0.011354728533359349 -9.8716530748020614e-05 0.0009523154163017522 -0.022937713237587677 -0.0060012571002314719 -0.011272393954457411 0.0073129435531151922 0.0052677079094606474 -0.0049021480033272892 0.00020195921329392298 0.0010918345448347134
leaf_weight=282 48 57 987 40 40 43 54 83 73 41 42 49 62 52
leaf_count=282 48 57 987 40 40 43 54 83 73 41 42 49 62 52
internal_value=0.000435228 0.00174292 -0.000724638 0.00087108 0.00140073 -0.000649351 -0.00773196 0.000904977 -0.000969529 0.00925926 0.00143885 0.00555556 0.0105769 -0.0036
internal_weight=1953 918 1035 861 821 539 97 442 361 81 278 153 104 125
internal_count=1953 918 1035 861 821 539 97 442 361 81 278 153 104 125
is_linear=0
shrinkage=0.05


Tree=159
num_leaves=15
num_cat=0
split_feature=4 4 1 1 1 4 4 4 3 4 3 2 4 4
split_gain=1.18435 3.3554 1.47424 2.52837 1.92918 1.55946 1.62216 1.68905 4.45681 1.71403 3.49095 1.94071 1.49352 3.44649
threshold=4.9495000000000013 5.9620000000000006 -0.99273952934267318 -0.97109105924028405 -0.93535928755917819 29.402500000000003 7.1865000000000014 8.8190000000000008 46.420500000000011 23.996500000000001 99.716000000000022 0.98805528087738748 17.886500000000002 18.446500000000004
decision_type=2 2 2 2 2 2 2 2 2 2 2 2 2 2
left_child=-1 -2 -3 -4 -5 6 -6 8 -8 11 -11 12 -9 -14
right_child=1 2 3 4 5 -7 7 9 -10 10 -12 -13 13 -15
leaf_value=-0.0016693049060190106 0.0055067981851848044 0.001994463430375655 -0.0063157084616659656 0.0019416293740990298 -0.0032607208225545695 -0.0027159753897311625 0.010954171643640889 0.0001096365587904366 -0.00034868772001636351 0.0043598199043115909 -0.00034598036728429875 0.008403819678469494 -0.0047764440537594651 -7.5256873529000462e-05
leaf_weight=104 40 64 60 70 57 55 40 812 75 50 66 58 47 355
leaf_count=104 40 64 60 70 57 55 40 812 75 50 66 58 47 355
internal_value=0.000384025 0.000676041 0.000359315 8.59599e-05 0.000445104 9.28793e-05 0.000384615 0.000698603 0.00652174 0.000216138 0.00603448 -0.000314465 -0.000741351 -0.00323383
internal_weight=1953 1849 1809 1745 1685 1615 1560 1503 115 1388 116 1272 1214 402
internal_count=1953 1849 1809 1745 1685 1615 1560 1503 115 1388 116 1272 1214 402
is_linear=0
shrinkage=0.05


Tree=160
num_leaves=15
num_cat=0
split_feature=2 0 0 0 4 4 4 4 4 4 1 2 2 4
split_gain=1.16332 0.946873 3.05057 2.04547 2.03075 3.5808 2.94768 3.90963 5.85668 2.52215 3.25292 9.04681 3.072 2.41306
threshold=0.99055824379501012 12.367000000000003 12.843000000000002 11.944000000000001 13.6485 22.013500000000004 12.134000000000002 10.755000000000001 9.0115000000000016 19.849500000000003 0.9186520315491703 0.73832635400310653 0.88234143329564307 26.231000000000005
decision_type=2 2 2 2 2 2 2 2 2 2 2 2 2 2
left_child=1 3 -3 4 6 9 7 8 -1 10 11 -6 -13 -7
right_child=-2 2 -4 -5 5 13 -8 -9 -10 -11 -12 12 -14 -15
leaf_value=0.00058518961380696767 -0.000495810558071616 -0.0057034771768509039 1.2530024279877247e-05 0.0077844885791612702 0.0096507075316737776 0.0050430994026948121 0.010191037793397627 -0.0058849026177410215 0.022152961693030361 -0.0031653952094510998 -0.013919402190648317 -0.010034069365898481 -2.0609016339534494e-05 -0.0010204770286237148
leaf_weight=136 77 46 1154 45 66 64 42 48 40 46 40 42 53 54
leaf_count=136 77 46 1154 45 66 64 42 48 40 46 40 42 53 54
internal_value=0.000179211 0.000426439 -0.000416667 0.00192308 0.00118859 -0.00123288 0.00451128 0.00223214 0.00568182 -0.00465587 -0.00223881 0.000931677 -0.00894737 0.0059322
internal_weight=1953 1876 1200 676 631 365 266 224 176 247 201 161 95 118
internal_count=1953 1876 1200 676 631 365 266 224 176 247 201 161 95 118
is_linear=0
shrinkage=0.05


Tree=161
num_leaves=15
num_cat=0
split_feature=1 1 1 4 4 0 1 3 3 0 1 0 0 0
split_gain=1.10631 2.46555 1.46364 1.10114 2.16722 1.52439 1.19104 1.28289 3.54508 3.3811 3.16747 2.72688 2.0533 4.74755
threshold=0.98336225177674941 0.99351875964795655 0.9685579242316591 4.5705000000000009 5.7825000000000015 15.465000000000002 0.94917575150333644 69.589500000000015 80.187000000000012 21.741500000000002 -0.95747632178960107 20.546500000000005 14.7765 17.102500000000003
decision_type=2 2 2 2 2 2 2 2 2 2 2 2 2 2
left_child=2 -2 3 5 -5 -1 7 10 -9 11 -6 -10 -12 -14
right_child=1 -3 -4 4 6 -7 -8 8 9 -11 12 -13 13 -15
leaf_value=0.001095616722582421 0.012102322575538517 -0.00048329269073873473 -0.0018001328365072984 0.0035067218952356777 0.0026281839198250391 -0.0046533433587675754 0.0017142553890769645 -0.014260976669822057 -8.6596994009676201e-05 0.0010954231341272992 0.0010637152861769639 -0.0091265950904345639 -0.01365972963140738 0.0001209794386867108
leaf_weight=41 47 79 44 44 59 40 41 71 752 122 223 51 43 296
leaf_count=41 47 79 44 44 59 40 41 71 752 122 223 51 43 296
internal_value=0.000230415 0.0047619 -8.21018e-05 0.000140213 0.000411281 -0.00555556 0.000120627 -9.27644e-05 -0.00120482 -0.000378378 0.00169082 -0.00155666 0.000533808 -0.0019174
internal_weight=1953 126 1827 1783 1702 81 1658 1617 996 925 621 803 562 339
internal_count=1953 126 1827 1783 1702 81 1658 1617 996 925 621 803 562 339
is_linear=0
shrinkage=0.05


Tree=162
num_leaves=15
num_cat=0
split_feature=3 3 2 0 2 4 0 1 3 3 4 4 0 0
split_gain=0.961366 2.95466 2.52354 4.13689 3.79647 2.49486 4.88166 3.27475 2.16196 1.96821 1.92644 5.66787 1.52222 3.32066
threshold=83.208500000000001 49.851000000000006 -0.69637622559687218 19.713000000000005 -0.3390880814530603 18.446500000000004 14.685500000000003 -0.25084665036108228 87.862000000000009 28.755500000000001 11.037500000000001 15.130000000000001 8.8515000000000033 10.500000000000002
decision_type=2 2 2 2 2 2 2 2 2 2 2 2 2 2
left_child=1 2 9 4 -4 6 -3 -8 -2 10 -1 -12 -6 -14
right_child=8 5 3 -5 12 -7 7 -9 -10 -11 11 -13 13 -15
leaf_value=0.0019624581727302054 -0.0065182063746669879 -0.0046907533857713712 -0.020138919414186381 0.0076298933317072827 -0.0014084710190017176 0.002262144573008937 0.00061451329630402701 0.017291100819859521 -1.5248715822074877e-05 -0.0038397107739144565 -0.016803923339886531 0.0039346768888453313 0.0065694550334603145 0.00013093474844011466
leaf_weight=46 44 64 44 59 112 75 61 41 1039 42 48 69 40 169
leaf_count=46 44 64 44 59 112 75 61 41 1039 42 48 69 40 169
internal_value=0.000486431 0.00172414 -7.94913e-05 0.00212264 0.000136986 0.00643154 0.00301205 0.00980392 -0.000507849 -0.00463415 -0.00214724 -0.00555556 0.00202492 0.00454545
internal_weight=1953 870 629 424 365 241 166 102 1083 205 163 117 321 209
internal_count=1953 870 629 424 365 241 166 102 1083 205 163 117 321 209
is_linear=0
shrinkage=0.05


Tree=163
num_leaves=15
num_cat=0
split_feature=0 0 2 0 2 2 4 1 2 3 0 4 0 0
split_gain=0.965681 4.20436 2.30233 1.79033 1.68667 1.7716 1.53506 1.8439 1.34529 5.72541 2.37754 1.8953 1.76787 4.71064
threshold=6.3120000000000003 6.9940000000000007 0.97879788253113664 7.4855000000000009 0.97879788253113664 0.94698775307607519 25.852500000000003 0.5043284533698108 0.70329649815198148 87.126500000000007 10.055000000000001 23.504500000000004 13.976000000000001 14.534000000000001
decision_type=2 2 2 2 2 2 2 2 2 2 2 2 2 2
left_child=2 -2 -1 -3 5 6 8 -8 10 -10 -5 12 -12 -14
right_child=1 3 -4 4 -6 -7 7 -9 9 -11 11 -13 13 -15
leaf_value=8.2077970277671949e-05 0.0044125635062442605 -0.012506691528675862 -0.0015184391254033835 -0.0025293025427850103 0.0056678119941035061 -0.0061546532872534003 0.0098296220883203715 0.00062608125889840327 0.0057636737773283063 -0.0018900352370745555 0.00065188153215848263 -0.0018800681381333562 -0.011428551986727535 0.00010985152901782856
leaf_weight=111 49 40 41 84 63 40 40 42 60 82 259 60 56 926
leaf_count=111 49 40 41 84 63 40 40 42 60 82 259 60 56 926
internal_value=0.000537634 0.000860633 -0.00328947 0.000456621 0.000700935 0.000394178 0.000652579 0.00731707 0.000294695 0.00492958 -0.000180505 0.000345888 0.000765512 -0.000203666
internal_weight=1953 1801 152 1752 1712 1649 1609 82 1527 142 1385 1301 1241 982
internal_count=1953 1801 152 1752 1712 1649 1609 82 1527 142 1385 1301 1241 982
is_linear=0
shrinkage=0.05


Tree=164
num_leaves=15
num_cat=0
split_feature=2 2 2 0 2 2 2 2 3 0 0 0 0 3
split_gain=1.18318 0.863693 0.758272 1.10044 4.05786 3.64478 2.62754 1.77857 8.37135 3.66894 2.82436 3.509 4.4434 2.22405
threshold=0.99055824379501012 -0.9951106240145321 0.97879788253113664 6.9940000000000007 0.78884570776442897 0.92284787786233202 0.95250647826689006 0.6971494193916894 87.126500000000007 10.055000000000001 11.356500000000002 12.133500000000002 12.716500000000002 98.685500000000005
decision_type=2 2 2 2 2 2 2 2 2 2 2 2 2 2
left_child=1 -1 3 4 -3 -6 7 9 -9 -5 -11 -12 -13 -14
right_child=-2 2 -4 6 5 -7 -8 8 -10 10 11 12 13 -15
leaf_value=-0.0011195704374684576 -0.0011300360488475159 0.0043003054852270017 0.0024216776410733833 -0.0030702066245946293 -0.0041997786641335133 0.0064637598322933787 -0.0083581894252998442 0.0051641234232798318 -0.0022642573330690168 0.0030586481976219108 -0.0015419901353715933 0.01477985874271415 0.0004031825275662482 -0.00042840759316764565
leaf_weight=71 77 55 40 103 53 44 40 75 114 75 78 42 683 403
leaf_count=71 77 55 40 103 53 44 40 75 114 75 78 42 683 403
internal_value=0.000230415 0.000479744 0.000692521 0.000538244 0.00460526 -0.00154639 0.000154991 0.000476796 0.00502646 -0.000144509 0.00058548 0 0.00070922 9.2081e-05
internal_weight=1953 1876 1805 1765 152 97 1613 1573 189 1384 1281 1206 1128 1086
internal_count=1953 1876 1805 1765 152 97 1613 1573 189 1384 1281 1206 1128 1086
is_linear=0
shrinkage=0.05


Tree=165
num_leaves=15
num_cat=0
split_feature=2 0 0 0 4 2 4 4 0 4 0 3 1 0
split_gain=0.921231 1.12322 2.914 3.01336 1.90222 1.66344 1.90608 3.28207 5.81933 2.17939 2.03455 1.58495 4.754 4.67605
threshold=0.99276848381014016 11.520500000000002 12.133500000000002 12.564500000000001 23.504500000000004 0.97513228625088877 13.6485 18.135500000000004 9.3580000000000023 8.291500000000001 9.7850000000000019 98.685500000000005 0.84293373149377093 13.976000000000001
decision_type=2 2 2 2 2 2 2 2 2 2 2 2 2 2
left_child=1 4 -3 -4 5 6 9 8 -8 -1 -9 -5 13 -13
right_child=-2 2 3 11 -6 -7 7 10 -10 -11 -12 12 -14 -15
leaf_value=-0.0013641568384157616 -0.001073534246405139 -0.0023143131728872073 0.012962241771025321 0.00027113801122488726 0.0033686779628713695 -0.0050369308519554378 -0.01381782431144768 0.0012075764161103399 0.00085820132339906041 0.0036147830081510466 -0.0018665430261947807 0.012507975223860407 -0.0035300515039262295 -0.00061226109254122198
leaf_weight=87 67 70 46 737 84 45 77 58 57 136 42 50 63 334
leaf_count=87 67 70 46 737 84 45 77 58 57 136 42 50 63 334
internal_value=0.000537634 0.000742312 -7.69231e-05 0.000487805 0.00255973 0.00139442 0.00229759 -0.000854701 -0.00597015 0.00560538 0.006 0 -0.00234899 -0.000260417
internal_weight=1953 1886 1300 1230 586 502 457 234 134 223 100 1184 447 384
internal_count=1953 1886 1300 1230 586 502 457 234 134 223 100 1184 447 384
is_linear=0
shrinkage=0.05


Tree=166
num_leaves=15
num_cat=0
split_feature=4 2 0 2 4 0 3 3 2 3 0 2 1 3
split_gain=1.66469 0.805621 2.36894 1.64737 1.4344 1.19466 1.28756 3.7235 5.55866 3.13473 2.22936 7.79158 5.39442 4.04469
threshold=28.838000000000005 -0.97218766834954651 22.756500000000006 -0.94418750883419933 14.663000000000002 25.281500000000005 98.685500000000005 99.997500000000016 0.14347198451036616 96.985000000000014 19.872500000000006 -0.82681243101696389 -0.69016699705532203 90.673500000000018
decision_type=2 2 2 2 2 2 2 2 2 2 2 2 2 2
left_child=1 2 4 -3 -1 6 9 8 -8 10 13 -12 -13 -5
right_child=-2 3 -4 5 -6 -7 7 -9 -10 -11 11 12 -14 -15
leaf_value=0.0088255082411469055 -0.00063585895294846102 0.0035254783876174397 -0.005750371771854901 0.00018532536454831194 -0.0010329788609679731 -0.0011998982935131214 -0.0032576192489150268 0.00039631385126750047 0.00034496211326994766 0.0078445302070548981 -0.010479799463291495 0.00080575015449604328 0.016373470613766063 -0.0053032886272368551
leaf_weight=42 68 72 76 603 47 68 76 566 58 48 46 79 41 63
leaf_count=42 68 72 76 603 47 68 76 566 58 48 46 79 41 63
internal_value=0.000332821 0.00061008 -0.00272727 0.000930233 0.00280899 0.000606796 0.000886076 -0.000714286 -0.00820896 0.00215909 0.00144231 0.00662651 0.0133333 0.00015015
internal_weight=1953 1885 165 1720 89 1648 1580 700 134 880 832 166 120 666
internal_count=1953 1885 165 1720 89 1648 1580 700 134 880 832 166 120 666
is_linear=0
shrinkage=0.05


Tree=167
num_leaves=15
num_cat=0
split_feature=2 2 0 2 2 3 0 0 0 4 4 4 4 4
split_gain=1.27153 1.28367 1.51279 2.08952 2.78402 2.91491 2.48249 3.09569 2.48894 1.81595 2.78984 2.70654 2.42427 1.93139
threshold=-0.9951106240145321 0.99055824379501012 11.520500000000002 0.19429706169951341 -0.02793410925094832 73.226500000000016 15.465000000000002 16.314500000000002 14.344000000000003 23.061500000000006 17.951000000000004 19.124500000000001 20.130500000000001 15.205000000000002
decision_type=2 2 2 2 2 2 2 2 2 2 2 2 2 2
left_child=-1 2 -2 4 6 -6 8 -8 -4 10 13 -12 -13 -9
right_child=1 -3 3 -5 5 -7 7 9 -10 -11 11 12 -14 -15
leaf_value=-0.00098132991791957387 0.00049221523121506516 -0.0010291238023122957 -0.00032856630297384699 -0.0014350530731002454 0.011750990523704147 0.00021231109285517886 0.012669962596158942 -4.9724979262016915e-05 -0.0027441911759014449 0.0017113897259558586 -0.017077729757973722 0.0028795047030142186 -0.008021302332544656 0.0057362452439535302
leaf_weight=71 577 77 106 233 49 59 42 372 63 45 40 40 69 110
leaf_count=71 577 77 106 233 49 59 42 372 63 45 40 40 69 110
internal_value=0.000230415 0.000478215 0.000747922 -0.0002443 0.000753769 0.00833333 -0.000169109 0.00111421 -0.0056213 0.000295858 -0.000396197 -0.00637584 -0.00229358 0.00145228
internal_weight=1953 1882 1805 1228 995 108 887 718 169 676 631 149 109 482
internal_count=1953 1882 1805 1228 995 108 887 718 169 676 631 149 109 482
is_linear=0
shrinkage=0.05


Tree=168
num_leaves=15
num_cat=0
split_feature=4 3 0 2 0 1 0 1 3 1 0 1 0 3
split_gain=1.57715 1.28354 2.48961 6.28101 3.65497 3.94762 4.09822 3.99174 2.42844 2.35668 1.08613 2.75823 6.26489 6.1348
threshold=28.838000000000005 8.5135000000000023 6.519000000000001 0.71541278717867718 12.209000000000001 0.098678873477280007 20.611500000000003 -0.89391031859722847 14.290500000000002 -0.65189295912203338 10.994500000000002 0.61794704089537544 7.0565000000000007 99.992500000000021
decision_type=2 2 2 2 2 2 2 2 2 2 2 2 2 2
left_child=1 2 -1 4 -4 7 -7 -6 -3 -9 11 -10 -13 -14
right_child=-2 8 3 -5 5 6 -8 9 10 -11 -12 12 13 -15
leaf_value=-0.0045273108827697381 -0.00063426728287803056 0.0069489261665485365 -0.0026463614241816584 0.0073478902722417501 0.001854203588608716 -0.00036211900607425465 0.010156471904969867 -0.019982504165387577 -1.5977849378115764e-05 -0.0031104790170534804 -2.7757253148491534e-05 0.0097992798614584386 -0.0071864882279895521 0.0067603948774621727
leaf_weight=46 68 43 40 52 43 77 48 42 265 59 1019 43 49 59
leaf_count=46 68 43 40 52 43 77 48 42 265 59 1019 43 49 59
internal_value=0.000128008 0.000397878 -0.00208845 -0.000692521 -0.00339806 -0.00130112 0.0052 -0.00694444 0.00108254 -0.0123762 0.000731707 0.00288462 0.00827815 0.00185185
internal_weight=1953 1885 407 361 309 269 125 144 1478 101 1435 416 151 108
internal_count=1953 1885 407 361 309 269 125 144 1478 101 1435 416 151 108
is_linear=0
shrinkage=0.05


Tree=169
num_leaves=15
num_cat=0
split_feature=1 0 0 1 4 1 4 1 1 4 4 1 1 0
split_gain=1.1983 3.21841 2.69592 3.91096 1.96624 1.58903 4.73961 6.30362 2.96186 1.51549 1.98848 5.52317 3.73289 1.95254
threshold=-0.25950939392209715 27.255000000000006 20.771500000000003 0.26744970170045884 15.423000000000002 -0.49316180905692092 11.575000000000001 -0.38962684145003712 -0.55176847662110995 28.283000000000005 20.458000000000002 0.51909748604633899 0.77682398610090087 4.8425000000000011
decision_type=2 2 2 2 2 2 2 2 2 2 2 2 2 2
left_child=5 2 9 4 -4 8 -7 -8 -1 10 13 -12 -13 -2
right_child=1 -3 3 -5 -6 6 7 -9 -10 -11 11 12 -14 -15
leaf_value=0.00023104465615370192 0.0043274158396112697 -0.0054081767616574131 0.001434487097907969 0.010446816321217267 -0.005346458023135648 0.0096759375605465839 0.010471261722251872 -0.013160011233194558 -0.011685464838462891 -0.0021976188962909925 0.0082151698306118411 -0.011673805005534395 0.00020597770552288898 -0.00055405116103919854
leaf_weight=572 56 49 46 59 41 61 48 51 40 54 69 40 86 681
leaf_count=572 56 49 46 59 41 61 48 51 40 54 69 40 86 681
internal_value=0.000281618 -0.000719729 -0.000176678 0.00616438 -0.000574713 0.00181347 0.00625 -0.000505051 0.000653595 -0.00111562 -0.000643777 0.00384615 -0.00238095 -0.00183175
internal_weight=1953 1181 1132 146 87 772 160 99 612 986 932 195 126 737
internal_count=1953 1181 1132 146 87 772 160 99 612 986 932 195 126 737
is_linear=0
shrinkage=0.05


Tree=170
num_leaves=15
num_cat=0
split_feature=1 1 1 0 0 4 4 1 3 0 1 4 4 0
split_gain=1.50308 3.09013 1.76288 3.57601 6.54545 1.66327 3.34604 6.04771 2.81951 1.6327 1.55733 1.61652 1.63366 2.25076
threshold=-0.25950939392209715 -0.19244979981841048 -0.49316180905692092 19.789000000000005 8.9815000000000023 12.419500000000001 7.5740000000000007 -0.89391031859722847 95.733500000000006 23.284500000000005 -0.12447811117596669 28.283000000000005 4.9495000000000013 4.8425000000000011
decision_type=2 2 2 2 2 2 2 2 2 2 2 2 2 2
left_child=2 -2 5 4 -4 6 8 -8 -1 -7 -3 12 -12 -14
right_child=1 10 3 -5 -6 9 7 -9 -10 -11 11 -13 13 -15
leaf_value=-0.001201843858060181 -0.0055925627807415007 0.00042834254460127067 -0.0015616940249941064 -0.00072794738631936642 0.036760051397252039 0.00010531739086378778 0.0012287988823560304 -0.01083296602682976 0.0035678084557739785 0.0078420258084103689 -0.004840221102258996 -0.0032853721382929304 0.0065803153917181507 -7.7391720778345962e-05
leaf_weight=41 44 44 44 72 44 353 65 73 40 40 51 47 53 942
leaf_count=41 44 44 44 72 44 353 65 73 40 40 51 47 53 942
internal_value=0.000486431 -0.000635055 0.00220207 0.006875 0.0136364 0.000980392 -0.00251142 -0.00724638 0.00555556 0.00292621 -0.000131926 -0.000503202 -9.56023e-05 0.000351759
internal_weight=1953 1181 772 160 88 612 219 138 81 393 1137 1093 1046 995
internal_count=1953 1181 772 160 88 612 219 138 81 393 1137 1093 1046 995
is_linear=0
shrinkage=0.05


Tree=171
num_leaves=15
num_cat=0
split_feature=1 1 1 2 2 4 0 0 2 4 3 2 4 4
split_gain=1.10365 3.0523 1.83168 2.98502 3.64434 2.30455 1.84444 1.85026 3.75714 2.18532 2.09839 1.78038 1.35863 1.69226
threshold=-0.38962684145003712 -0.48250327361223938 -0.59817537509284269 0.70329649815198148 0.57132313271480106 7.5740000000000007 22.987000000000005 17.744000000000003 0.12643880951666986 13.772000000000002 99.716000000000022 -0.51974381215551546 27.429500000000001 23.996500000000001
decision_type=2 2 2 2 2 2 2 2 2 2 2 2 2 2
left_child=1 2 3 4 5 -1 7 8 -7 -10 11 -9 13 -2
right_child=12 -3 -4 -5 -6 6 -8 10 9 -11 -12 -13 -14 -15
leaf_value=0.001295468534054492 -0.00026292470412246502 0.0084660644946111842 -0.0012332344265126251 0.0083339116777110169 -0.0065503781569103666 0.0098538972813283169 0.006313430590600572 0.0017297509977327596 -0.0090587503080301144 3.5470964458550469e-05 -0.007470475600628035 -0.010881182525220429 -0.00201631221163415 0.0035157099223578625
leaf_weight=55 1137 66 80 40 50 75 63 40 40 71 49 55 66 66
leaf_count=55 1137 66 80 40 50 75 63 40 40 71 49 55 66 66
internal_value=0.000281618 0.00190058 0.000809061 0.00185874 0.000803213 0.00223214 0.000890585 -0.000606061 0.00268817 -0.00315315 -0.00486111 -0.000526316 -0.000591017 -0.000207814
internal_weight=1953 684 618 538 498 448 393 330 186 111 144 95 1269 1203
internal_count=1953 684 618 538 498 448 393 330 186 111 144 95 1269 1203
is_linear=0
shrinkage=0.05


Tree=172
num_leaves=15
num_cat=0
split_feature=1 1 1 4 4 1 3 1 3 3 4 4 4 4
split_gain=0.913325 3.71672 1.88383 1.61132 2.86764 3.86862 2.30271 3.50072 3.4161 3.15126 1.98611 1.97896 1.22882 4.31242
threshold=-0.38962684145003712 -0.49316180905692092 -0.55176847662110995 7.5740000000000007 12.419500000000001 -0.89391031859722847 99.050000000000026 -0.79356426026969629 32.330500000000008 4.0590000000000011 15.781000000000001 16.796000000000003 7.5740000000000007 8.8190000000000008
decision_type=2 2 2 2 2 2 2 2 2 2 2 2 2 2
left_child=1 2 3 -1 5 -5 8 11 9 -6 -10 -8 -2 -14
right_child=12 -3 -4 4 6 -7 7 -9 10 -11 -12 -13 13 -15
leaf_value=0.0017895639712509695 -0.0026255694871489183 0.0080427612698806255 -0.010641255086817857 0.0011463056656394355 0.0022477750767750534 -0.0092584941306354928 0.0073155605527341853 -0.012251052911343499 0.0023625264559554355 -0.0010725845072370316 0.0073431075422997318 -0.0024616583918964153 0.0068342638036400175 -0.00017049199071968239
leaf_weight=74 144 72 40 65 42 63 41 40 40 60 77 70 71 1054
leaf_count=74 144 72 40 65 42 63 41 40 40 60 77 70 71 1054
internal_value=0.000281618 0.00175439 0.000490196 0.00122378 0.000200803 -0.00625 0.00243243 -0.00231788 0.00570776 -0.000980392 0.0115385 0.00225225 -0.000512214 4.44444e-05
internal_weight=1953 684 612 572 498 128 370 151 219 102 117 111 1269 1125
internal_count=1953 684 612 572 498 128 370 151 219 102 117 111 1269 1125
is_linear=0
shrinkage=0.05


Tree=173
num_leaves=15
num_cat=0
split_feature=2 2 0 2 2 2 2 3 0 2 4 2 2 2
split_gain=0.715752 1.51513 0.949138 3.23632 3.64478 2.68276 1.54915 5.00424 3.37061 1.42846 5.79647 4.61237 3.35865 3.79465
threshold=0.99055824379501012 0.97879788253113664 6.9940000000000007 0.78884570776442897 0.92284787786233202 0.94698775307607519 0.81404609350821777 96.588000000000008 8.9100000000000019 0.46105717635705401 11.278500000000003 0.63874942205152718 0.34313907657789455 0.24460549819462502
decision_type=2 2 2 2 2 2 2 2 2 2 2 2 2 2
left_child=1 2 3 -1 -5 6 8 -8 -4 12 -11 -12 13 -10
right_child=-2 -3 5 4 -6 -7 7 -9 9 10 11 -13 -14 -15
leaf_value=0.0032891452844048042 -0.0011444546312417857 0.0020025965635370293 -0.0075693277813676995 -0.0052091938319862837 0.0055783398353664738 -0.0059896475976259494 0.0093658711501078875 -0.0003316952701010456 -5.7611619914763051e-05 -0.0070255346634993292 0.0082645235482558584 -1.6551425140484687e-05 -0.003525509900186569 0.0019946549537235266
leaf_weight=55 77 40 76 53 44 45 40 71 1162 46 70 64 58 52
leaf_count=55 77 40 76 53 44 45 40 71 1162 46 70 64 58 52
internal_value=0.000179211 0.000373134 0.000163399 0.00394737 -0.00154639 -0.000178147 0.000152532 0.00585586 -0.00026178 0.000275482 0.00444444 0.00970149 -0.000314465 0.000247117
internal_weight=1953 1876 1836 152 97 1684 1639 111 1528 1452 180 134 1272 1214
internal_count=1953 1876 1836 152 97 1684 1639 111 1528 1452 180 134 1272 1214
is_linear=0
shrinkage=0.05


Tree=174
num_leaves=15
num_cat=0
split_feature=1 1 4 3 3 1 3 1 0 3 3 3 4 2
split_gain=1.05461 2.36565 1.67664 3.34479 5.15872 4.70511 3.87254 2.67889 1.71429 1.65839 2.27785 2.9885 1.38809 1.51715
threshold=-0.38962684145003712 -0.48250327361223938 15.130000000000001 70.321500000000015 96.985000000000014 -0.78297285307474485 16.835000000000004 -0.95747632178960107 20.546500000000005 5.1780000000000017 99.050000000000026 73.658500000000018 17.886500000000002 0.0064435096891653281
decision_type=2 2 2 2 2 2 2 2 2 2 2 2 2 2
left_child=1 2 3 6 -5 7 8 -6 -1 -4 11 -11 -12 -14
right_child=-2 -3 9 4 5 -7 -8 -9 -10 10 12 -13 13 -15
leaf_value=-0.0036916954490016588 -0.0001283284825937897 0.0077722933426841202 -0.00079008536286735991 -0.014536683281288112 -0.00079550973084918652 -0.010167228353499608 0.0054238652505629566 0.019758320000756342 0.00052936240008932269 0.00014871007435747764 -0.0080583197773157755 0.0071546215163893756 0.0015391485064131739 -0.0013573003671116886
leaf_weight=42 1269 66 47 55 41 40 49 47 42 73 42 49 41 50
leaf_count=42 1269 66 47 55 41 40 49 47 42 73 42 49 41 50
internal_value=2.56016e-05 0.00160819 0.000647249 -0.00189873 -0.00628415 -0.00078125 0.00413534 0.00568182 -0.00238095 0.00331126 0.00490196 0.00983607 0.00037594 0.00384615
internal_weight=1953 684 618 316 183 128 133 88 84 302 255 122 133 91
internal_count=1953 684 618 316 183 128 133 88 84 302 255 122 133 91
is_linear=0
shrinkage=0.05


Tree=175
num_leaves=15
num_cat=0
split_feature=1 1 1 1 4 4 4 0 1 4 4 3 4 4
split_gain=1.01176 2.28297 2.23388 4.90909 2.91511 1.55621 2.56997 2.00229 1.3788 2.51207 1.74727 3.66286 2.89614 2.53385
threshold=0.88267879832554763 0.9253073452222943 0.76864763646026912 0.81078196093106825 13.772000000000002 10.628500000000001 19.924500000000005 11.776500000000002 0.5043284533698108 17.951000000000004 9.4305000000000003 95.733500000000006 7.1865000000000014 15.130000000000001
decision_type=2 2 2 2 2 2 2 2 2 2 2 2 2 2
left_child=2 -2 8 -4 -5 -3 7 -7 10 -10 11 12 -1 -12
right_child=1 5 3 4 -6 6 -8 -9 9 -11 13 -13 -14 -15
leaf_value=-0.0021695689758103529 -0.0018492592624236174 0.0025336110560353828 0.011278857571337141 -0.0095987427255535707 0.0087795961994477038 -0.0081015577137681701 0.00039203919779907671 -0.0003363255628037326 3.6170593467355074e-05 -0.0029887621336258498 -0.0013317358882946385 0.0042433564235200352 0.0015631345381363682 0.0001412745706396046
leaf_weight=78 64 60 44 46 42 51 81 66 143 79 395 122 73 609
leaf_count=78 64 60 44 46 42 51 81 66 143 79 395 122 73 609
internal_value=7.68049e-05 -0.00248447 0.000582465 0.00681818 0 -0.000387597 -0.00252525 -0.00726496 3.33556e-05 -0.0036036 0.000665623 0.00421245 -0.000993377 -0.000298805
internal_weight=1953 322 1631 132 88 258 198 117 1499 222 1277 273 151 1004
internal_count=1953 322 1631 132 88 258 198 117 1499 222 1277 273 151 1004
is_linear=0
shrinkage=0.05


Tree=176
num_leaves=15
num_cat=0
split_feature=0 1 4 4 2 4 4 2 3 3 0 0 0 1
split_gain=0.991743 6.34093 2.12501 2.66651 2.81589 1.80568 1.60815 2.35862 2.26089 1.65361 3.43273 3.35421 4.61506 3.20518
threshold=21.741500000000002 -0.80392051724781044 13.6485 11.575000000000001 -0.90361171343873392 16.233000000000004 5.9620000000000006 0.040813519545864409 0.15700000000000003 69.589500000000015 20.434500000000003 14.068000000000003 14.685500000000003 -0.96683886033945943
decision_type=2 2 2 2 2 2 2 2 2 2 2 2 2 2
left_child=6 -2 3 4 -3 -4 7 -1 -8 10 -10 -11 -13 -14
right_child=1 2 5 -5 -6 -7 8 -9 9 11 -12 12 13 -15
leaf_value=0.012280753068327479 0.0015240742812985904 0.00033695290885073784 0.0095426578529156092 -0.017886800187773867 -0.0059290881676988261 2.3353444963736258e-05 -0.0012072232026352754 0.00031425876711574239 0.00011241258116559683 0.0001073061474732795 0.0072804580227100518 -0.012546931973030051 -0.0088205220320463247 -0.00024006520486319073
leaf_weight=40 56 68 45 43 43 92 74 76 389 591 41 44 63 288
leaf_count=40 56 68 45 43 43 92 74 76 389 591 41 44 63 288
internal_value=2.56016e-05 0.00244957 -0.000515464 -0.00454545 -0.00045045 0.0040146 -0.000498132 0.00517241 -0.000939597 -0.00049435 0.00209302 -0.00162272 -0.00518987 -0.00327635
internal_weight=1953 347 291 154 111 137 1606 116 1490 1416 430 986 395 351
internal_count=1953 347 291 154 111 137 1606 116 1490 1416 430 986 395 351
is_linear=0
shrinkage=0.05


Tree=177
num_leaves=15
num_cat=0
split_feature=0 0 0 2 0 3 1 4 1 3 1 4 4 4
split_gain=0.914692 3.15608 2.30949 2.30233 1.52745 1.25993 1.43082 2.15745 3.03222 4.58061 2.09353 2.5809 1.71658 5.36559
threshold=6.3120000000000003 6.9940000000000007 7.5390000000000006 0.97879788253113664 4.980500000000001 1.0000000180025095e-35 0.88267879832554763 18.199000000000002 0.9594338453294492 99.987500000000011 0.76864763646026912 12.498500000000002 9.4305000000000003 7.8795000000000011
decision_type=2 2 2 2 2 2 2 2 2 2 2 2 2 2
left_child=3 -2 -3 4 -1 -4 10 8 -8 -10 12 -12 13 -7
right_child=1 2 5 -5 -6 6 7 -9 9 -11 11 -13 -14 -15
leaf_value=0.0020089510066666929 0.0036315644267125471 -0.01021467491979935 0.00054685477934911524 -0.0015365441170667406 -0.00074128337514018619 -0.00061929966146475343 -0.013030268021176029 0.00019545723814731327 -0.0035796395535816722 0.0069087787012353623 -0.010383031594360504 0.0062396090820316281 -0.00012421015041040319 0.00883929475470485
leaf_weight=65 49 48 81 41 46 144 70 104 68 40 40 71 1004 82
leaf_count=65 49 48 81 41 46 144 70 104 68 40 40 71 1004 82
internal_value=0.000435228 0.000749584 0.000399543 -0.00328947 0.00045045 0.000704225 0.000400493 -0.00283688 -0.00617978 -0.000925926 0.00108128 0.00765766 0.000487805 0.00442478
internal_weight=1953 1801 1752 152 111 1704 1623 282 178 108 1341 111 1230 226
internal_count=1953 1801 1752 152 111 1704 1623 282 178 108 1341 111 1230 226
is_linear=0
shrinkage=0.05


Tree=178
num_leaves=15
num_cat=0
split_feature=1 3 3 1 4 1 3 4 4 1 1 1 2 4
split_gain=0.935167 2.02645 4.88772 1.18237 1.84857 4.00261 2.92658 3.97057 1.8973 1.83938 3.76923 3.2 1.63636 1.56032
threshold=-0.96230016621822467 70.321500000000015 99.997500000000016 -0.38962684145003712 21.333500000000004 -0.82391537601316189 9.1205000000000016 7.4285000000000005 12.134000000000002 -0.65189295912203338 -0.81403855522663837 -0.90880922144842613 -0.33100558041451072 7.5740000000000007
decision_type=2 2 2 2 2 2 2 2 2 2 2 2 2 2
left_child=1 -1 -3 4 6 -6 -2 -8 12 10 11 -10 -9 -5
right_child=3 2 -4 13 5 -7 7 8 9 -11 -12 -13 -14 -15
leaf_value=0.0020191083861711423 -0.0022950483245001807 -0.018966682556544805 0.00029316176565361289 -0.002606914881745824 -0.0012869695933328124 0.0029580540745601487 0.0083550347475514052 0.00072909378519138987 -0.00050995278086594313 0.0066128301322371796 -0.0075849154120001235 0.012743908748701439 -0.007850500386201555 5.3796040385528659e-05
leaf_weight=59 100 41 60 144 40 51 46 44 40 69 50 40 44 1125
leaf_count=59 100 41 60 144 40 51 46 44 40 69 50 40 44 1125
internal_value=0.000537634 -0.003125 -0.00742574 0.000864473 0.0028626 0.00934066 0.00150115 0.00375375 0.00156794 0.00427136 0.000769231 0.0075 -0.00454545 3.94011e-05
internal_weight=1953 160 101 1793 524 91 433 333 287 199 130 80 88 1269
internal_count=1953 160 101 1793 524 91 433 333 287 199 130 80 88 1269
is_linear=0
shrinkage=0.05


Tree=179
num_leaves=15
num_cat=0
split_feature=4 2 4 0 2 1 0 1 1 4 4 3 1 1
split_gain=0.786278 1.57752 1.43828 1.28223 6.31361 4.33442 2.57237 1.84611 1.71639 1.47348 3.17844 4.43645 3.87509 2.37013
threshold=4.9495000000000013 -0.19851654827941614 5.9620000000000006 21.741500000000002 -0.58882848911713703 0.081558489694578698 21.048500000000001 -0.65189295912203338 -0.32533907195844741 11.635500000000002 14.094500000000002 57.669500000000006 0.61794704089537544 -0.22611359161738889
decision_type=2 2 2 2 2 2 2 2 2 2 2 2 2 2
left_child=1 -1 -2 6 5 7 9 -5 -9 13 11 -11 -13 -4
right_child=2 -3 3 4 -6 -7 -8 8 -10 10 -12 12 -14 -15
leaf_value=0.00063426445660667028 0.0035529212253644208 -0.0091346853748357718 0.0011521448606610419 -0.030850263750695439 0.0035881475658696344 0.0062653719731749881 -0.0089270760919955127 0.0028786968252517697 -0.002795300773239512 0.010039828124302151 -1.7942102583129622e-05 -0.00094545658467487807 0.004696497456616106 -0.0045000625403466199
leaf_weight=43 40 61 119 41 52 82 56 66 78 57 873 113 59 213
leaf_count=43 40 61 119 41 52 82 56 66 78 57 873 113 59 213
internal_value=0.000384025 -0.00384615 0.000621958 0.000414594 0.00329154 0.000187266 -0.000201342 -0.00405405 -0.00138889 0.000209205 0.00108893 0.00633188 0.00232558 -0.00271084
internal_weight=1953 104 1849 1809 319 267 1490 185 144 1434 1102 229 172 332
internal_count=1953 104 1849 1809 319 267 1490 185 144 1434 1102 229 172 332
is_linear=0
shrinkage=0.05


Tree=180
num_leaves=15
num_cat=0
split_feature=4 2 4 4 0 4 0 4 3 2 2 2 4 1
split_gain=0.693985 1.57752 0.835686 0.968447 0.818269 2.3662 1.69419 2.07792 2.82384 3.92545 2.27201 3.44645 3.02729 1.37931
threshold=4.9495000000000013 -0.19851654827941614 5.9620000000000006 6.8185000000000011 6.3120000000000003 16.018000000000004 6.9940000000000007 8.8190000000000008 46.420500000000011 -0.11593459959550052 0.97879788253113664 0.93851706827667047 9.8020000000000014 0.89391031859722891
decision_type=2 2 2 2 2 2 2 2 2 2 2 2 2 2
left_child=1 -1 -2 -4 5 -5 -6 8 -8 -10 11 12 -9 -14
right_child=2 -3 3 4 6 -7 7 10 9 -11 -12 -13 13 -15
leaf_value=0.00060255123377633835 0.0033752751640961989 -0.008677951106093984 -0.0043613264556751951 -0.0038021317796062522 0.003212471530526834 0.0006010819931603407 0.0088248187201955854 -0.0030628518828029446 -0.0032696208341539816 0.0033789058275772855 0.0056988333957959467 -0.0075981938678101966 0.00020214331745791364 -0.00042865570775713904
leaf_weight=43 40 61 40 78 43 53 40 77 48 45 57 40 1058 230
leaf_count=43 40 61 40 78 43 53 40 77 48 45 57 40 1058 230
internal_value=0.000128008 -0.00384615 0.000351541 0.000193477 0.000367439 -0.00343511 0.000671551 0.000407524 0.00639098 0.0016129 -0.000136799 -0.000533808 -0.00010989 0.000465839
internal_weight=1953 104 1849 1809 1769 131 1638 1595 133 93 1462 1405 1365 1288
internal_count=1953 104 1849 1809 1769 131 1638 1595 133 93 1462 1405 1365 1288
is_linear=0
shrinkage=0.05


Tree=181
num_leaves=15
num_cat=0
split_feature=0 0 3 4 0 0 0 0 0 1 3 4 0 2
split_gain=0.772492 2.00506 1.93129 1.73132 3.17126 3.03617 2.64426 2.82784 2.67107 2.6231 4.6737 2.31762 2.02746 6.65393
threshold=12.265000000000002 12.843000000000002 4.9250000000000007 12.755000000000001 14.127000000000001 14.685500000000003 15.620000000000003 16.899500000000003 18.087500000000002 0.67369632149438929 94.625000000000014 11.786000000000001 22.756500000000006 -0.33100558041451072
decision_type=2 2 2 2 2 2 2 2 2 2 2 2 2 2
left_child=2 -2 -1 9 -5 -6 -7 -8 -9 11 -11 12 13 -3
right_child=1 3 -4 4 5 6 7 8 -10 10 -12 -13 -14 -15
leaf_value=-0.0010203908657783201 -0.0044075282485988966 0.013162539967469035 0.00029085260970310444 0.0053811761487363918 -0.0024115881586715877 0.0038537528160592638 -0.0052510612080767073 0.0091057698698212754 -1.2590736320595987e-05 0.000344751530223858 -0.016411656543902631 -0.0027947504094258655 -0.00019748593827506047 -0.0028764697479310101
leaf_weight=73 57 87 666 77 45 48 73 80 404 54 43 46 117 83
leaf_count=73 57 87 666 77 45 48 73 80 404 54 43 46 117 83
internal_value=0.000281618 -0.000494234 0.00155616 -4.32152e-05 0.00144429 0.000307692 0.00123967 0.0002693 0.00165289 -0.00255814 -0.00979381 -0.00045045 0.00121951 0.00470588
internal_weight=1953 1214 739 1157 727 650 605 557 484 430 97 333 287 170
internal_count=1953 1214 739 1157 727 650 605 557 484 430 97 333 287 170
is_linear=0
shrinkage=0.05


Tree=182
num_leaves=15
num_cat=0
split_feature=0 0 0 2 2 3 3 3 2 3 3 3 1 0
split_gain=0.889364 3.20747 2.6377 1.53931 3.54286 4.12918 3.04218 3.33326 2.4666 2.29162 2.1964 3.90693 3.06495 4.2644
threshold=13.976000000000001 14.685500000000003 14.344000000000003 0.72731766296277522 0.67209495862812607 27.245000000000001 93.07350000000001 4.9975000000000014 0.58534685349953219 99.992500000000021 95.089500000000015 78.70950000000002 0.73831951690629083 10.994500000000002
decision_type=2 2 2 2 2 2 2 2 2 2 2 2 2 2
left_child=3 2 -2 4 5 -1 7 -5 10 -8 11 -7 -12 -14
right_child=1 -3 -4 6 -6 8 9 -9 -10 -11 12 -13 13 -15
leaf_value=-0.0021502057200561836 -0.0010384374520028162 1.2003809084690232e-05 -0.0038030689876192778 -0.0015061063382466947 0.0067058715273814549 0.0013885523151303154 -0.0056989594091612795 0.0016029722178845811 -0.0049141854279797339 -0.00070470811627690799 0.015826728525803531 -0.0043258539538397816 0.0030373053235153383 -0.0011410287205820865
leaf_weight=73 41 970 42 53 45 44 50 134 40 198 62 40 85 76
leaf_count=73 41 970 42 53 45 44 50 134 40 198 62 40 85 76
internal_value=0.000179211 -0.000807217 -0.010241 0.00133333 0.00333333 0.00190476 -0.000804598 0.0040107 0.00417867 -0.00443548 0.00570033 -0.00119048 0.00829596 0.00465839
internal_weight=1953 1053 83 900 465 420 435 187 347 248 307 84 223 161
internal_count=1953 1053 83 900 465 420 435 187 347 248 307 84 223 161
is_linear=0
shrinkage=0.05


Tree=183
num_leaves=15
num_cat=0
split_feature=2 2 0 2 2 0 2 0 2 3 2 4 3 3
split_gain=0.669967 1.56588 1.03288 3.23632 3.64478 2.97946 1.18843 1.77875 3.22123 2.29299 4.6124 1.74447 1.28617 2.26207
threshold=0.99055824379501012 0.97879788253113664 6.9940000000000007 0.78884570776442897 0.92284787786233202 7.878000000000001 0.93851706827667047 12.448500000000001 -0.13301470653419609 10.397000000000002 0.56424300735932609 13.326500000000001 98.685500000000005 92.694500000000019
decision_type=2 2 2 2 2 2 2 2 2 2 2 2 2 2
left_child=1 2 3 -1 -5 -4 7 8 -7 -10 -11 -12 13 -9
right_child=-2 -3 5 4 -6 6 -8 12 9 10 11 -13 -14 -15
leaf_value=0.0028698813879971864 -0.00068738439113213154 0.0021914899075484383 -0.0041889946643093407 -0.0052056328394977855 0.0051520676268823548 -0.0012698582545079941 -0.0044502969559793784 -6.9364423587015001e-05 -0.00048410959689696305 0.006450299903131864 -0.0075679409810434145 0.00059781625599475007 -0.00044421045658400162 0.0027739897109686513
leaf_weight=55 77 40 64 53 44 65 43 657 66 114 42 100 449 84
leaf_count=55 77 40 64 53 44 65 43 657 66 114 42 100 449 84
internal_value=2.56016e-05 0.00021322 0 0.00394737 -0.00154639 -0.000356295 6.17284e-05 0.000285352 0.00322997 0.0052795 0.00742188 0.00140845 -0.000672269 0.000607287
internal_weight=1953 1876 1836 152 97 1684 1620 1577 387 322 256 142 1190 741
internal_count=1953 1876 1836 152 97 1684 1620 1577 387 322 256 142 1190 741
is_linear=0
shrinkage=0.05


Tree=184
num_leaves=15
num_cat=0
split_feature=0 0 2 0 2 2 2 3 2 0 0 1 3 1
split_gain=0.961775 3.44232 3.18359 1.52745 1.03702 2.16609 1.10238 6.52552 2.63178 1.9888 2.11155 1.81243 1.59341 4.01531
threshold=6.3120000000000003 6.9940000000000007 0.97879788253113664 4.980500000000001 0.97879788253113664 0.94713111268739625 0.6971494193916894 85.126000000000019 0.86096101588899432 10.055000000000001 11.142000000000001 0.86674087925701782 98.685500000000005 0.81825490718534677
decision_type=2 2 2 2 2 2 2 2 2 2 2 2 2 2
left_child=2 -2 3 -1 5 6 9 -8 -9 11 -11 -3 -12 -14
right_child=1 4 -4 -5 -6 -7 7 8 -10 10 12 -13 13 -15
leaf_value=0.0016750288814305625 0.0030010715398113372 -0.01213430181143558 -0.0013964318017777541 -0.00085941525259242146 0.0025404311330379766 -0.006907912277323955 0.0060304587573507019 0.00034550183553935104 -0.0055472830272915502 0.002732851755053692 6.1457513609308612e-05 -0.00019076447273586169 -9.0194725645714738e-05 -0.003569185738214953
leaf_weight=65 49 43 41 46 68 44 72 58 55 61 798 60 396 97
leaf_count=65 49 43 41 46 68 44 72 58 55 61 798 60 396 97
internal_value=-0.000128008 0.000194336 -0.00394737 0.00045045 -0.000171233 -0.000415677 -0.000121951 0.00351351 -0.0039823 -0.000584192 -7.39645e-05 -0.00728155 -0.000503486 -0.00273834
internal_weight=1953 1801 152 111 1752 1684 1640 185 113 1455 1352 103 1291 493
internal_count=1953 1801 152 111 1752 1684 1640 185 113 1455 1352 103 1291 493
is_linear=0
shrinkage=0.05


Tree=185
num_leaves=15
num_cat=0
split_feature=2 0 2 0 1 2 2 2 0 2 3 3 3 0
split_gain=0.780551 2.28259 2.10187 3.59929 6.01365 2.58731 1.85106 5.11814 1.6227 1.57843 1.43732 2.30213 1.18191 0.938829
threshold=-0.64297064596386244 22.756500000000006 -0.7418964003681634 19.594000000000005 0.030073020370188292 -0.99665976668634515 -0.81901488666807976 -0.87620967433411445 20.223500000000005 -0.57240397273781507 98.917000000000016 15.379500000000002 60.090500000000006 21.048500000000001
decision_type=2 2 2 2 2 2 2 2 2 2 2 2 2 2
left_child=2 9 3 4 -1 -5 7 10 -4 -2 11 -7 -13 -11
right_child=1 -3 8 5 -6 6 -8 -9 -10 13 -12 12 -14 -15
leaf_value=0.02962158396503041 0.002801218809419373 0.0058698489916129476 -0.0033102259253190631 -0.009817835016731764 -0.00011873006982127121 0.0014190561794088731 0.0063106107254236044 -0.017400124085972728 -0.0031620727793130275 3.3654276000827377e-05 0.0020512861564088518 -0.010309121192807514 -0.00066629388545600971 -0.000532400879198458
leaf_weight=48 49 40 41 40 107 68 43 42 46 1237 62 44 46 40
leaf_count=48 49 40 41 40 107 68 43 42 46 1237 62 44 46 40
internal_value=7.68049e-05 0.000732064 -0.00144804 -0.0002 0.00612903 -0.00304348 -0.00147541 -0.00305344 -0.00862069 0.000377074 0 -0.00253165 -0.00777778 3.91543e-05
internal_weight=1953 1366 587 500 155 345 305 262 87 1326 220 158 90 1277
internal_count=1953 1366 587 500 155 345 305 262 87 1326 220 158 90 1277
is_linear=0
shrinkage=0.05


Tree=186
num_leaves=15
num_cat=0
split_feature=1 1 4 1 1 0 4 0 3 2 1 0 0 1
split_gain=0.59869 1.72269 1.67404 1.57622 2.99834 2.82259 4.07248 2.83002 3.56685 3.3473 3.37204 2.17677 6.49728 5.90108
threshold=-0.27159603410350847 -0.17082974322534453 29.402500000000003 -0.69016699705532203 -0.74981945761428193 22.756500000000006 7.4285000000000005 19.462500000000002 90.161500000000018 0.075135296012361824 -0.88606241628642823 19.713000000000005 8.7840000000000025 -0.56246696819245956
decision_type=2 2 2 2 2 2 2 2 2 2 2 2 2 2
left_child=3 -2 -3 4 5 6 -1 9 -9 -8 -11 12 -5 -13
right_child=1 2 -4 11 -6 -7 7 8 -10 10 -12 13 -14 -15
leaf_value=0.011533391731554475 -0.0038840692081142537 3.8892594177125653e-05 -0.0027123905270733553 -0.0010523042886209867 -0.010378874671342584 0.0057656470254891182 0.0064318653550967889 5.3181928310330751e-06 -0.0097108076995699125 -0.0033767276721632048 0.00032498881691632735 0.0064381246345995014 0.018458488968128541 -0.0092571514291468985
leaf_weight=42 67 1081 40 80 50 41 99 42 41 93 62 40 91 84
leaf_count=42 67 1081 40 80 50 41 99 42 41 93 62 40 91 84
internal_value=0.000281618 -0.000420875 4.4603e-05 0.00137255 -0.000425532 0.000952381 -0.000395778 -0.00222552 -0.010241 0.000393701 -0.00419355 0.00423729 0.00789474 -0.000806452
internal_weight=1953 1188 1121 765 470 420 379 337 83 254 155 295 171 124
internal_count=1953 1188 1121 765 470 420 379 337 83 254 155 295 171 124
is_linear=0
shrinkage=0.05


Tree=187
num_leaves=15
num_cat=0
split_feature=4 4 0 2 1 0 4 0 0 0 4 0 0 1
split_gain=1.60876 2.30732 2.32339 5.59056 2.92483 2.23241 1.77788 1.66533 1.32143 3.37713 2.25285 1.93113 3.79565 3.39798
threshold=4.9495000000000013 5.9620000000000006 21.741500000000002 -0.58882848911713703 -0.65189295912203338 22.756500000000006 3.2065000000000006 21.048500000000001 20.317000000000004 19.563000000000006 7.5740000000000007 17.026000000000003 14.344000000000003 0.047250493887438572
decision_type=2 2 2 2 2 2 2 2 2 2 2 2 2 2
left_child=6 -2 7 4 -4 -6 -1 8 9 10 -3 12 -12 -13
right_child=1 2 3 -5 5 -7 -8 -9 -10 -11 11 13 -14 -15
leaf_value=0.003542474706977715 0.0031939805663913205 -0.0047990901710360792 -0.029243817381182827 0.0033742132769980365 0.0056840615167019276 3.8999243679693764e-05 -0.0029368527869668565 -0.0080641626436496593 0.003091599654955951 -0.012106546862703283 0.0001434010064527952 0.010861200550063682 -0.001444282904668367 -0.00033661659827625978
leaf_weight=40 40 68 41 52 51 175 64 56 67 56 828 110 217 88
leaf_count=40 40 68 41 52 51 175 64 56 67 56 828 110 217 88
internal_value=0.000281618 0.000621958 0.000359315 0.00423197 0.00131086 0.00353982 -0.00576923 -0.000469799 -0.00013947 -0.000475494 3.81388e-05 0.000522928 -0.000334928 0.00505051
internal_weight=1953 1849 1809 319 267 226 104 1490 1434 1367 1311 1243 1045 198
internal_count=1953 1849 1809 319 267 226 104 1490 1434 1367 1311 1243 1045 198
is_linear=0
shrinkage=0.05


Tree=188
num_leaves=15
num_cat=0
split_feature=4 2 4 0 0 1 0 4 4 4 1 2 0 2
split_gain=0.824808 1.57752 1.40529 1.46949 5.51997 2.31925 1.80008 1.69868 3.95299 2.74135 1.21699 3.9274 3.10059 3.09784
threshold=4.9495000000000013 -0.19851654827941614 5.9620000000000006 21.741500000000002 22.260000000000002 -0.81403855522663837 21.048500000000001 9.4305000000000003 13.6485 16.233000000000004 -0.27159603410350847 -0.65604102973502731 17.744000000000003 0.12643880951666986
decision_type=2 2 2 2 2 2 2 2 2 2 2 2 2 2
left_child=1 -1 -2 6 -5 -6 10 -7 -9 -10 11 -4 13 -13
right_child=2 -3 3 4 5 7 -8 8 9 -11 -12 12 -14 -15
leaf_value=9.149899539310225e-05 0.0030342815380717553 -0.0080657586133620288 0.017982220523380971 0.005580949447086145 0.0032055026131481341 0.0070160813773634534 -0.0076609545114671718 -0.010409494312647177 0.0099498569414143145 -0.0033617982247751352 -0.00012091006231418275 0.011343617169848101 -0.0058605608832613789 9.0426007524083137e-06
leaf_weight=43 40 61 47 41 42 43 56 78 41 74 934 78 79 296
leaf_count=43 40 61 47 41 42 43 56 78 41 74 934 78 79 296
internal_value=0.000486431 -0.00384615 0.000730124 0.000525152 0.00360502 0.00107914 -0.000134228 -0.000847458 -0.00284974 0.00304348 0.000209205 0.0022 0.000772627 0.0026738
internal_weight=1953 104 1849 1809 319 278 1490 236 193 115 1434 500 453 374
internal_count=1953 104 1849 1809 319 278 1490 236 193 115 1434 500 453 374
is_linear=0
shrinkage=0.05


Tree=189
num_leaves=15
num_cat=0
split_feature=2 2 2 0 2 2 2 3 4 2 3 4 2 2
split_gain=1.27153 1.2157 1.46022 1.26946 2.50357 1.79852 1.60478 1.90077 1.19855 5.41479 3.08583 2.31302 4.11429 1.14217
threshold=-0.9951106240145321 -0.98597924778888291 -0.97218766834954651 23.925000000000001 -0.93090634677745676 -0.89611523788151459 -0.93704710539067892 17.906000000000002 6.1160000000000005 -0.079425928728534406 77.509500000000017 8.291500000000001 -0.01291029607500894 0.53553085593708327
decision_type=2 2 2 2 2 2 2 2 2 2 2 2 2 2
left_child=-1 -2 -3 4 -4 -6 -5 -8 9 -7 -11 12 -10 -13
right_child=1 2 3 6 5 8 7 -9 11 10 -12 13 -14 -15
leaf_value=-0.00096286466565078809 0.012402403788486586 -0.0053740998964773613 -0.0021179778276599784 0.0090253364970294681 0.0073360135696593073 0.018252882786633812 0.0038029761334106241 -0.0010985770816790696 -0.013723549439231601 0.0032666010714383384 -0.012628553665660952 -0.00011386637515095472 -5.8677553766839365e-05 0.00018062116369725741
leaf_weight=71 48 48 51 41 52 40 42 53 40 40 42 829 72 484
leaf_count=71 48 48 51 41 52 40 42 53 40 40 42 829 72 484
internal_value=0.000230415 0.000478215 0.000272628 0.000503919 0.000121212 0.000469043 0.00514706 0.00157895 0.000161603 0.00491803 -0.00243902 -0.000245614 -0.00714286 0.000342727
internal_weight=1953 1882 1834 1786 1650 1599 136 95 1547 122 82 1425 112 1313
internal_count=1953 1882 1834 1786 1650 1599 136 95 1547 122 82 1425 112 1313
is_linear=0
shrinkage=0.05


Tree=190
num_leaves=15
num_cat=0
split_feature=4 4 4 4 4 2 2 4 2 4 1 4 4 4
split_gain=1.44954 1.77788 1.53953 1.66343 1.22664 2.94912 4.31818 1.99289 1.33853 3.55183 6.19201 4.06827 1.35878 3.16803
threshold=4.9495000000000013 3.2065000000000006 5.9620000000000006 6.8185000000000011 8.8190000000000008 0.42110087079608943 -0.3792085569509222 9.1930000000000032 -0.93090634677745676 20.748500000000003 0.064414007683963548 15.011000000000001 13.380500000000001 13.935000000000002
decision_type=2 2 2 2 2 2 2 2 2 2 2 2 2 2
left_child=1 -1 -2 -4 5 6 -5 -6 9 10 11 -9 -10 -14
right_child=2 -3 3 4 7 -7 -8 8 12 -11 -12 -13 13 -15
leaf_value=0.0034240992340537346 0.0031166162760237317 -0.0030822667325392269 -0.004057901449298784 0.0040337917632748193 -0.006612754127147593 -0.0025604583692735413 0.0043536891970361521 -0.00049135821753806266 0.00081863787166111817 0.0032042933766337767 0.0017595186907999939 -0.030691677020059007 -0.0090037674185835092 3.9542355069283053e-05
leaf_weight=40 40 64 40 55 41 57 40 61 344 40 71 45 55 960
leaf_count=40 40 64 40 55 41 57 40 61 344 40 71 45 55 960
internal_value=-2.56016e-05 -0.00576923 0.000297458 8.29187e-05 0.00031091 0.00460526 0.01 -9.27644e-05 0.000190355 -0.00345622 -0.00649718 -0.0141509 0.000772627 -0.000147783
internal_weight=1953 104 1849 1809 1769 152 95 1617 1576 217 177 106 1359 1015
internal_count=1953 104 1849 1809 1769 152 95 1617 1576 217 177 106 1359 1015
is_linear=0
shrinkage=0.05


Tree=191
num_leaves=15
num_cat=0
split_feature=2 2 2 2 4 3 4 4 2 2 4 4 4 1
split_gain=0.800342 1.2157 1.46022 1.24482 1.24937 2.86009 2.52021 0.862555 3.52546 2.40196 1.27514 6.09854 2.41211 2.1222
threshold=-0.9951106240145321 -0.98597924778888291 -0.97218766834954651 -0.94418750883419933 4.9495000000000013 73.020500000000013 6.1160000000000005 9.0115000000000016 -0.019329104864998576 0.52707770864237202 14.429500000000003 14.952000000000002 13.935000000000002 0.95747632178960107
decision_type=2 2 2 2 2 2 2 2 2 2 2 2 2 2
left_child=-1 -2 -3 -4 5 -5 -6 8 -8 -10 12 -12 13 -9
right_child=1 2 3 4 6 -7 7 10 9 -11 11 -13 -14 -15
leaf_value=-0.0010749361011999374 0.011580594010898511 -0.0036512232713081932 0.0028573091785883604 5.088857557987714e-05 0.002221324414425341 -0.012728921934782986 -0.011535529463384299 1.5917489434502665e-05 0.0023994341854940426 -0.0028747012504969959 -0.012202447202274452 3.7565237315818903e-05 0.0092602381699196101 0.0034635070443432186
leaf_weight=71 48 48 72 47 45 45 75 381 40 68 42 882 49 40
leaf_count=71 48 48 72 47 45 45 75 381 40 68 42 882 49 40
internal_value=0.000281618 0.000478215 0.000272628 0.000503919 0.000233372 -0.00543478 0.000554871 0.00022194 -0.00300546 0.00277778 0.000645624 -0.0004329 0.00276596 0.00154394
internal_weight=1953 1882 1834 1786 1714 92 1622 1577 183 108 1394 924 470 421
internal_count=1953 1882 1834 1786 1714 92 1622 1577 183 108 1394 924 470 421
is_linear=0
shrinkage=0.05


Tree=192
num_leaves=15
num_cat=0
split_feature=0 4 0 0 2 0 0 0 2 1 4 2 3 2
split_gain=1.0063 4.7501 4.41283 2.26648 2.85048 1.89359 2.60152 4.27206 1.61314 3.93847 1.52551 1.5081 1.2211 0.965912
threshold=22.260000000000002 7.5740000000000007 21.741500000000002 22.987000000000005 -0.96356381914947564 21.048500000000001 20.317000000000004 19.563000000000006 -0.7418964003681634 1.0000000180025095e-35 15.495000000000003 -0.77547391234167817 99.997500000000016 0.42110087079608943
decision_type=2 2 2 2 2 2 2 2 2 2 2 2 2 2
left_child=2 -2 5 -3 -5 6 7 8 9 -1 11 -6 -11 -10
right_child=1 3 -4 4 10 -7 -8 -9 13 12 -12 -13 -14 -15
leaf_value=0.041467483930870727 -0.0060133520155512214 -0.00036536803658582809 0.005008011217922455 -0.0022693164388894629 -0.00019771656459675603 -0.0079008735574942809 0.0037338206599238535 -0.0037116877432175873 -0.00015467982177203439 -0.00095696042771679099 0.011434900214524146 0.0078237208241269274 0.0037579415530272359 0.00019195486897193861
leaf_weight=44 41 56 42 80 43 58 70 64 602 67 45 40 42 659
leaf_count=44 41 56 42 80 43 58 70 64 602 67 45 40 42 659
internal_value=0.000179211 -0.00245902 0.000667476 0 0.00240385 0.000249066 0.000581395 0.000135318 0.000707214 0.00555556 0.00703125 0.00301205 0.000458716 0.000118953
internal_weight=1953 305 1648 264 208 1606 1548 1478 1414 153 128 83 109 1261
internal_count=1953 305 1648 264 208 1606 1548 1478 1414 153 128 83 109 1261
is_linear=0
shrinkage=0.05


Tree=193
num_leaves=15
num_cat=0
split_feature=0 4 0 0 2 0 0 0 2 4 2 1 3 4
split_gain=1.18565 4.55542 3.2257 2.07826 2.7245 1.89359 1.8722 4.31793 1.71248 1.81975 1.56642 3.93847 1.2211 0.905726
threshold=22.260000000000002 7.5740000000000007 21.741500000000002 22.987000000000005 -0.77547391234167817 21.048500000000001 20.317000000000004 19.563000000000006 -0.94000589469999485 15.011000000000001 -0.7418964003681634 1.0000000180025095e-35 99.997500000000016 11.635500000000002
decision_type=2 2 2 2 2 2 2 2 2 2 2 2 2 2
left_child=2 -2 5 -3 8 6 7 10 9 -5 11 -1 -13 -12
right_child=1 3 -4 4 -6 -7 -8 -9 -10 -11 13 12 -14 -15
leaf_value=0.039394109734327193 -0.0057126844147736616 -0.00034709963475653696 0.0047576106570263324 0.0039100959702171477 0.0084060402202172819 -0.0075058298796195633 0.0035471296269276587 -0.0035261033560567093 -0.00071597315896644869 -0.0033626224279901585 -0.0017163191498495536 -0.00090911240633095305 0.003570044475375872 6.5876941985801296e-05
leaf_weight=44 41 56 42 57 59 58 70 64 47 45 380 67 42 881
leaf_count=44 41 56 42 57 59 58 70 64 47 45 380 67 42 881
internal_value=7.68049e-05 -0.00278689 0.000606796 -0.000378788 0.00192308 0.000249066 0.000581395 0.000202977 -0.00167785 0.00196078 0.000777935 0.00555556 0.000458716 0.000198255
internal_weight=1953 305 1648 264 208 1606 1548 1478 149 102 1414 153 109 1261
internal_count=1953 305 1648 264 208 1606 1548 1478 149 102 1414 153 109 1261
is_linear=0
shrinkage=0.05


Tree=194
num_leaves=15
num_cat=0
split_feature=3 3 4 4 4 1 4 1 0 1 1 1 4 4
split_gain=1.05967 3.84107 1.82058 4.46794 2.90874 2.27916 3.27146 2.48654 1.94242 1.80327 4.19419 1.78948 3.31023 2.39541
threshold=99.997500000000016 99.901000000000025 17.886500000000002 18.446500000000004 17.226000000000003 0.88267879832554763 10.178000000000003 0.7228803174530144 27.819000000000003 -0.86958133671945925 -0.58011068582918257 0.76864763646026912 23.160000000000004 21.828500000000002
decision_type=2 2 2 2 2 2 2 2 2 2 2 2 2 2
left_child=1 2 4 -4 5 7 -7 8 -1 -5 -11 12 -12 -13
right_child=-2 -3 3 9 -6 6 -8 -9 -10 10 11 13 -14 -15
leaf_value=0.0002800033246332018 0.00022182555349066491 -0.0074362710542365184 -0.0049634016192806702 -0.0049386656968824468 0.008287608437262858 0.0015780527865871261 -0.008099661540486745 0.0021708024459077047 -0.0031692419376657733 0.001972783397293626 -0.0028393983830729032 0.0066631368931992828 0.0017528749467671913 -0.00052552788252962644
leaf_weight=552 687 57 41 54 42 46 65 69 42 43 120 47 42 46
leaf_count=552 687 57 41 54 42 46 65 69 42 43 120 47 42 46
internal_value=0.000384025 -0.000473934 0.000124069 -0.00267176 0.00147059 0.000775194 -0.00585586 0.00188537 0.000841751 -0.000852273 0.000671141 -0.00176471 -0.00493827 0.00376344
internal_weight=1953 1266 1209 393 816 774 111 663 594 352 298 255 162 93
internal_count=1953 1266 1209 393 816 774 111 663 594 352 298 255 162 93
is_linear=0
shrinkage=0.05


Tree=195
num_leaves=15
num_cat=0
split_feature=4 4 1 4 0 0 1 4 4 1 1 4 2 0
split_gain=0.902108 3.28962 2.62256 2.08774 1.55809 3.00007 2.95099 2.90303 1.98682 2.15041 3.02963 3.11138 2.54672 1.92554
threshold=14.429500000000003 13.935000000000002 0.98336225177674941 15.051 9.7115000000000027 6.3120000000000003 0.823915376013162 10.050000000000002 13.380500000000001 0.36523833096101394 0.030073020370188292 11.748000000000003 -0.91084115863148152 14.264000000000001
decision_type=2 2 2 2 2 2 2 2 2 2 2 2 2 2
left_child=1 2 4 -2 5 -1 8 -8 9 10 11 12 -6 -14
right_child=3 -3 -4 -5 6 -7 7 -9 -10 -11 -12 -13 13 -15
leaf_value=-0.0028922051567731588 -0.0086666149503843281 0.011259152663573014 0.0092602060308582708 -3.4859214764537686e-06 0.0035407162979777668 0.0021604325824499371 -0.014172648764707946 0.00036937279381533684 -0.0077980399165020311 0.0062250728385721552 -0.0022211122402388747 -0.0085904016139841787 0.0024808913743072565 -0.0006726148611596928
leaf_weight=78 64 57 43 971 60 128 59 41 49 78 54 77 50 144
leaf_count=78 64 57 43 971 60 128 59 41 49 78 54 77 50 144
internal_value=0.000384025 0.00152505 0.000754936 -0.000628019 0.000122249 0.0038835 -0.00114379 -0.009 0.000390625 0.00140389 -0.00012987 0.00166163 0.00433071 0.00154639
internal_weight=1953 918 861 1035 818 206 612 100 512 463 385 331 254 194
internal_count=1953 918 861 1035 818 206 612 100 512 463 385 331 254 194
is_linear=0
shrinkage=0.05


Tree=196
num_leaves=15
num_cat=0
split_feature=4 4 2 1 0 4 4 0 0 4 1 1 4 4
split_gain=0.657826 2.478 2.21231 3.38241 4.68535 3.26484 2.98252 5.79929 2.07671 3.33333 3.26738 4.43975 2.69135 3.27841
threshold=14.429500000000003 13.935000000000002 -0.49501433321452953 0.68316050797561612 19.713000000000005 9.4305000000000003 4.9495000000000013 19.166000000000004 9.7115000000000027 11.635500000000002 -0.22611359161738889 0.9594338453294492 10.755000000000001 8.291500000000001
decision_type=2 2 2 2 2 2 2 2 2 2 2 2 2 2
left_child=1 2 3 4 -1 -6 -4 8 12 10 -10 -12 13 -8
right_child=-2 -3 6 -5 5 -7 7 -9 9 -11 11 -13 -14 -15
leaf_value=0.014525509408374085 -4.4466776996837656e-05 0.010696195030394363 -0.0062502493915144288 -0.0032109244900854375 0.00064040574478585466 -0.0077016915868603599 0.00018161750286374567 0.0076559958778154198 0.00016941803674960928 0.001959563785212812 -0.025594486616804343 0.0012297977093226346 -0.00051807690882587222 0.0084876145893582524
leaf_weight=73 1035 57 74 46 83 115 53 45 74 80 44 42 81 51
leaf_count=73 1035 57 74 46 83 115 53 45 74 80 44 42 81 51
internal_value=0.000332821 0.00130719 0.000638792 -0.00268139 -0.000553506 -0.00454545 0.00257353 0.00404255 0.00223529 -0.000833333 -0.005 -0.0116279 0.00621622 0.0115385
internal_weight=1953 918 861 317 271 198 544 470 425 240 160 86 185 104
internal_count=1953 918 861 317 271 198 544 470 425 240 160 86 185 104
is_linear=0
shrinkage=0.05


Tree=197
num_leaves=15
num_cat=0
split_feature=1 1 3 3 4 4 2 2 3 3 3 2 3 0
split_gain=0.763317 0.907435 0.756083 2.72938 2.86339 3.04067 6.66667 2.68167 5.28125 2.24667 4.2656 4.00102 2.15709 3.70909
threshold=0.99351875964795655 0.98336225177674941 99.997500000000016 99.901000000000025 18.135500000000004 16.191000000000006 -0.8069893509785715 -0.90361171343873392 43.010000000000012 75.180500000000009 96.487500000000011 -0.69637622559687218 9.5760000000000023 8.9815000000000023
decision_type=2 2 2 2 2 2 2 2 2 2 2 2 2 2
left_child=1 2 3 4 5 7 -7 8 -1 11 -11 -9 13 -13
right_child=-2 -3 -4 -5 -6 6 -8 9 -10 10 -12 12 -14 -15
leaf_value=-0.0020869659684771059 -0.00025579377278344697 0.010272477333970005 0.00035250973483583751 -0.007368301819764409 -0.00051501205354201882 -0.014394719392388157 0.0076501292871119318 -0.0097450310758044507 0.01476997535827972 -0.0065376413995591022 0.00096449493891395124 -0.0044483364932923668 0.0018615855959521713 0.00067239991077802652
leaf_weight=64 79 47 641 52 345 40 80 65 64 101 77 60 128 110
leaf_count=64 79 47 641 52 345 40 80 65 64 101 77 60 128 110
internal_value=0.000384025 0.00058698 0.000410509 -0.000337268 0.000176367 0.00183777 0.00916667 0.000523169 0.00703125 -0.00101664 -0.00561798 0.00123967 0.00369128 0
internal_weight=1953 1874 1827 1186 1134 789 120 669 128 541 178 363 298 170
internal_count=1953 1874 1827 1186 1134 789 120 669 128 541 178 363 298 170
is_linear=0
shrinkage=0.05


Tree=198
num_leaves=15
num_cat=0
split_feature=1 1 3 3 4 4 4 4 3 3 2 0 4 0
split_gain=0.731189 0.93589 0.706076 2.81749 5.97647 1.83671 3.55299 3.54073 3.41503 4.5316 3.29606 3.70435 2.06936 1.57924
threshold=0.99351875964795655 0.98336225177674941 99.997500000000016 99.15600000000002 15.933000000000002 18.135500000000004 15.205000000000002 14.429500000000003 95.520500000000013 86.373000000000005 -0.83635891446581057 11.142000000000001 19.124500000000001 9.7115000000000027
decision_type=2 2 2 2 2 2 2 2 2 2 2 2 2 2
left_child=1 2 3 5 -5 6 7 8 9 13 -8 -12 -7 -1
right_child=-2 -3 -4 4 -6 12 10 -9 -10 -11 11 -13 -14 -15
leaf_value=0.0023239583272641863 -0.00024300408414427711 0.0097588534672715058 0.00033488424809404452 0.00020943360218391439 -0.0097619134943643746 -0.00118702197400229 -0.0017306449369448918 -0.017540708094226819 0.0023349680394593015 -0.0088786929273502631 7.0001571994961908e-06 0.0073017291899617467 -0.00010682109394017232 -8.2414732437345597e-05
leaf_weight=91 79 47 641 73 41 57 49 51 54 46 47 80 271 326
leaf_count=91 79 47 641 73 41 57 49 51 54 46 47 80 271 326
internal_value=0.000281618 0.000480256 0.00030104 -0.000421585 -0.00789474 0.000373134 0.00174731 -0.000176056 0.00106383 -0.000323974 0.00795455 0.0122047 -0.0027439 0.00131894
internal_weight=1953 1874 1827 1186 114 1072 744 568 517 463 176 127 328 417
internal_count=1953 1874 1827 1186 114 1072 744 568 517 463 176 127 328 417
is_linear=0
shrinkage=0.05


Tree=199
num_leaves=15
num_cat=0
split_feature=1 1 1 4 0 4 1 3 0 2 2 1 3 2
split_gain=0.747167 0.921607 0.655687 2.33302 4.38921 3.84603 3.82066 5.40205 4.56455 3.67697 3.45266 3.42089 3.0155 2.66484
threshold=0.99351875964795655 0.98336225177674941 1.0000000180025095e-35 11.635500000000002 10.500000000000002 21.033000000000005 0.61794704089537544 95.089500000000015 12.660500000000001 -0.7418964003681634 0.58534685349953219 0.33302288323572038 92.45650000000002 -0.81901488666807976
decision_type=2 2 2 2 2 2 2 2 2 2 2 2 2 2
left_child=1 2 -1 4 -4 6 11 8 -8 -6 -7 -5 -11 -13
right_child=-2 -3 3 5 9 10 7 -9 -10 12 -12 13 -14 -15
leaf_value=0.00011796810860970342 -0.00023085387993706521 0.0092709107939079327 0.00142516148138086 0.0047853713089718308 -2.9443920869798302e-05 -0.0017206366523507593 -0.0017419723350667632 0.0071409502219043526 0.0047066917659490731 -0.0101098834062898 0.0049245761014078239 -0.0012632908931793753 -0.013337839801114771 -0.015160510143540041
leaf_weight=942 79 47 105 109 65 92 41 123 75 47 66 67 45 50
leaf_count=942 79 47 105 109 65 92 41 123 75 47 66 67 45 50
internal_value=0.000332821 0.000533618 0.000355774 -0.000621469 -0.00458015 0.00104334 0.00333333 0.00774059 0 -0.00987261 -0.0056962 -0.00132743 -0.0163043 -0.00726496
internal_weight=1953 1874 1827 885 262 623 465 239 116 157 158 226 92 117
internal_count=1953 1874 1827 885 262 623 465 239 116 157 158 226 92 117
is_linear=0
shrinkage=0.05


Tree=200
num_leaves=15
num_cat=0
split_feature=1 4 2 3 3 1 4 0 0 0 0 4 0 3
split_gain=0.804586 1.9307 2.08809 2.57165 1.5943 0.821223 5.49105 3.12063 1.15785 2.05516 3.29273 3.17937 3.39681 1.6271
threshold=0.91348692408873478 10.628500000000001 -0.010746888578547886 86.373000000000005 84.277500000000018 0.76864763646026912 10.050000000000002 10.627500000000001 6.3120000000000003 14.068000000000003 14.685500000000003 23.061500000000006 12.843000000000002 6.7545000000000011
decision_type=2 2 2 2 2 2 2 2 2 2 2 2 2 2
left_child=5 -2 4 -4 -3 8 -7 -8 13 11 -11 12 -10 -1
right_child=1 2 3 -5 -6 6 7 -9 9 10 -12 -13 -14 -15
leaf_value=-0.0034074717097493817 0.0029606145647960813 0.0049227560389445207 -0.0072358562652495408 -0.00057590311506095784 -0.00026447171375827233 -0.013663499937677199 -5.178263043285488e-05 0.0081546826668693895 0.00063440915072741617 -0.0024255761878545033 8.0672462123732035e-06 -0.0018479600166679934 0.0026151883811648016 -0.00017514948134384479
leaf_weight=40 65 51 42 64 56 46 47 83 335 42 841 97 47 97
leaf_count=40 65 51 42 64 56 46 47 83 335 42 841 97 47 97
internal_value=0.000332821 -0.00215827 -0.00446009 -0.00943396 0.00046729 0.000746269 0.00397727 0.00923077 0.000366911 0.000807636 -0.000622877 0.00344468 0.00549738 -0.0040146
internal_weight=1953 278 213 106 107 1675 176 130 1499 1362 883 479 382 137
internal_count=1953 278 213 106 107 1675 176 130 1499 1362 883 479 382 137
is_linear=0
shrinkage=0.05


Tree=201
num_leaves=15
num_cat=0
split_feature=3 4 1 1 1 0 3 0 1 3 1 4 1 3
split_gain=0.7568 1.54719 0.975649 5.35588 1.95354 1.91281 2.00935 2.78472 2.89976 2.85091 1.20506 2.45833 1.84636 4.0503
threshold=1.0000000180025095e-35 14.736500000000001 0.81825490718534677 0.76864763646026912 0.86674087925701782 15.929000000000002 10.397000000000002 11.142000000000001 0.98633936463790606 99.997500000000016 0.5043284533698108 15.933000000000002 0.30041382580050413 96.228000000000023
decision_type=2 2 2 2 2 2 2 2 2 2 2 2 2 2
left_child=1 -1 3 10 -4 6 -6 9 -9 -8 12 -12 -2 -14
right_child=2 -3 4 -5 5 -7 7 8 -10 -11 11 -13 13 -15
leaf_value=-0.0008070815966553721 1.6117405758808712e-05 0.0023652686313536311 -0.0030032682544497286 0.010931472043763841 -0.010247548777244573 0.00090359979793826488 -0.0003371737760677827 -5.9941324373810616e-05 -0.0045987950217331527 0.0070092712809411905 0.00025360730176400526 -0.0048467327734221955 0.020767590980917412 -0.00062636867539409566
leaf_weight=53 1076 42 56 51 40 44 45 98 46 55 112 100 66 69
leaf_count=53 1076 42 56 51 40 44 45 98 46 55 112 100 66 69
internal_value=0.000384025 0.00473684 0.000161464 0.000746269 -0.00208333 -0.000609756 -0.00211268 -0.000409836 -0.00486111 0.006 0.000175685 -0.00330189 0.000784476 0.0062963
internal_weight=1953 95 1858 1474 384 328 284 244 144 100 1423 212 1211 135
internal_count=1953 95 1858 1474 384 328 284 244 144 100 1423 212 1211 135
is_linear=0
shrinkage=0.05


Tree=202
num_leaves=15
num_cat=0
split_feature=2 2 0 1 2 2 0 3 2 4 2 3 0 0
split_gain=0.747116 1.48176 1.13601 1.64787 1.22288 1.15803 1.11678 1.26573 1.42059 1.75594 1.70901 1.79633 1.52677 4.18615
threshold=0.99055824379501012 0.97879788253113664 5.7955000000000014 0.31676515716386888 0.94698775307607519 0.90906259831586944 7.2260000000000009 1.0000000180025095e-35 0.67209495862812607 15.933000000000002 0.57132313271480106 4.5180000000000007 26.601500000000005 24.995000000000001
decision_type=2 2 2 2 2 2 2 2 2 2 2 2 2 2
left_child=1 2 3 -1 5 6 -4 -8 10 -10 11 -9 13 -13
right_child=-2 -3 4 -5 -6 -7 7 8 9 -11 -12 12 -14 -15
leaf_value=-0.0022948616963920916 -0.00091814090405509816 0.0023619594947098311 -0.0024346838407795601 0.0039307488645968589 -0.0031483698130944249 0.013606831104661455 0.00095825500612393153 -0.0068530676358124383 0.0067145113367945378 -0.00044958076469549805 -0.0019972274115830596 8.5767418698534659e-05 0.0031370803199755161 -0.0148843044955351
leaf_weight=41 77 40 60 43 54 41 76 82 75 81 65 1093 77 48
leaf_count=41 77 40 60 43 54 41 76 82 75 81 65 1093 77 48
internal_value=0.000281618 0.000479744 0.000272331 0.00595238 0 0.000235571 3.0175e-05 0.000281778 -3.28731e-05 0.00448718 -0.000549451 -0.000153846 0.000328407 -0.000131464
internal_weight=1953 1876 1836 84 1752 1698 1657 1597 1521 156 1365 1300 1218 1141
internal_count=1953 1876 1836 84 1752 1698 1657 1597 1521 156 1365 1300 1218 1141
is_linear=0
shrinkage=0.05


Tree=203
num_leaves=15
num_cat=0
split_feature=0 1 0 0 1 1 1 4 4 1 2 1 3 3
split_gain=0.97268 5.07884 3.81478 2.92116 1.85135 2.72339 2.6525 2.31542 2.63937 2.14328 1.5067 2.8684 1.18023 1.75552
threshold=20.223500000000005 0.25084665036108239 22.664000000000005 19.563000000000006 -0.56246696819245956 -0.41274032740354771 -0.69016699705532203 11.575000000000001 17.795000000000005 -0.88606241628642823 -0.85470766365158146 0.20061247795988868 3.8790000000000004 99.997500000000016
decision_type=2 2 2 2 2 2 2 2 2 2 2 2 2 2
left_child=3 4 -3 10 6 -6 9 -7 -9 -2 11 -1 -12 -14
right_child=1 2 -4 -5 5 7 -8 8 -10 -11 12 -13 13 -15
leaf_value=0.023310722085073055 0.0018801750470764712 0.01039928474022214 0.00036585832511067812 -0.0023768110870020179 -0.016546827085158724 0.0024355185174918972 0.0050656780590443984 -0.012719304741499 0.00079829949133330416 -0.0020533372707950692 0.0015686294038360763 -0.00045868308184942035 -0.00079520046277170022 0.00030674402672537242
leaf_weight=46 63 45 42 57 40 63 40 67 48 74 104 52 681 531
leaf_count=46 63 45 42 57 40 63 40 67 48 74 104 52 681 531
internal_value=0.000332821 0.00228216 0.0132184 -0.000305914 -0.000126582 -0.00321101 0.00367232 -0.000561798 -0.00478261 0.000364964 0.000141443 0.00612245 -0.000303951 -0.000742574
internal_weight=1953 482 87 1471 395 218 177 178 115 137 1414 98 1316 1212
internal_count=1953 482 87 1471 395 218 177 178 115 137 1414 98 1316 1212
is_linear=0
shrinkage=0.05


Tree=204
num_leaves=15
num_cat=0
split_feature=2 2 2 0 2 2 3 0 0 0 1 0 2 3
split_gain=0.753854 1.26554 1.40524 1.36297 2.42078 1.60478 1.90077 1.60082 3.30611 3.24001 2.83072 2.6074 1.75343 1.31666
threshold=-0.9951106240145321 -0.98597924778888291 -0.97218766834954651 23.925000000000001 -0.93090634677745676 -0.93704710539067892 17.906000000000002 21.655000000000005 20.894000000000002 20.317000000000004 -0.63874350706337046 19.391500000000004 -0.85470766365158146 3.8790000000000004
decision_type=2 2 2 2 2 2 2 2 2 2 2 2 2 2
left_child=-1 -2 -3 4 -4 -5 -7 8 9 11 -9 12 -6 -14
right_child=1 2 3 5 7 6 -8 10 -10 -11 -12 -13 13 -15
leaf_value=-0.0014890117200085818 0.010773774460587169 -0.0040889238802645058 -0.0024550432391640801 0.0089436821044522451 0.01394506281834277 0.0026438088800932349 -0.0017058929737134188 -2.072959328758284e-06 -0.009461088175459452 0.0065496628305175457 0.0053757215027512954 -0.0015599967879648764 0.0015387606308692821 -0.00013870901412428582
leaf_weight=71 48 48 51 41 45 42 53 59 44 44 44 56 101 1206
leaf_count=71 48 48 51 41 45 42 53 59 44 44 44 56 101 1206
internal_value=0.000128008 0.00031881 0.000109051 0.000335946 -6.06061e-05 0.00514706 0.00157895 0.000281426 -0.00013369 0.000275482 0.00631068 -0.000142045 0.000295858 -3.82555e-05
internal_weight=1953 1882 1834 1786 1650 136 95 1599 1496 1452 103 1408 1352 1307
internal_count=1953 1882 1834 1786 1650 136 95 1599 1496 1452 103 1408 1352 1307
is_linear=0
shrinkage=0.05


Tree=205
num_leaves=15
num_cat=0
split_feature=3 1 1 3 4 2 0 0 3 2 0 4 1 2
split_gain=0.686321 2.64825 3.22551 2.69309 2.51237 2.25641 2.01921 2.13197 2.3064 3.20052 7.39265 3.64839 3.68182 3.64462
threshold=69.589500000000015 -0.96230016621822467 -0.90149333598846393 99.997500000000016 7.315500000000001 -0.19851654827941614 27.255000000000006 25.116500000000006 49.851000000000006 -0.66248835645380588 20.546500000000005 13.220000000000001 0.38118653245548312 -0.3390880814530603
decision_type=2 2 2 2 2 2 2 2 2 2 2 2 2 2
left_child=6 3 -3 -2 5 -4 7 8 9 11 13 -1 -13 -11
right_child=1 2 4 -5 -6 -7 -8 -9 -10 10 -12 12 -14 -15
leaf_value=-0.010315753446998555 -0.016597872357944535 0.0024377188845017758 -0.00013215323094412508 -0.00010971382094166066 5.459151620111902e-05 -0.012420850426430844 -0.00403357792861262 0.0045842013986188536 0.0022082017632498062 -0.014455003765178732 0.0068654397285096815 0.0045163321112172165 -0.018675001533260731 7.689650161120665e-05
leaf_weight=42 41 64 44 60 935 52 59 43 118 44 40 44 44 323
leaf_count=42 41 64 44 60 935 52 59 43 118 44 40 44 44 323
internal_value=7.68049e-05 -0.000668896 4.56621e-05 -0.00841584 -0.000630456 -0.00833333 0.00125495 0.00200573 0.00129771 -9.31099e-05 0.00208845 -0.00692308 -0.00113636 -0.00013624
internal_weight=1953 1196 1095 101 1031 96 757 698 655 537 407 130 88 367
internal_count=1953 1196 1095 101 1031 96 757 698 655 537 407 130 88 367
is_linear=0
shrinkage=0.05


Tree=206
num_leaves=15
num_cat=0
split_feature=3 0 1 1 3 4 4 1 1 4 4 4 2 1
split_gain=0.757256 2.14112 2.11554 2.32035 1.9609 1.65146 1.81978 2.53152 3.44203 1.48049 3.82885 3.80426 2.12333 1.44784
threshold=69.589500000000015 27.255000000000006 -0.96230016621822467 -0.90149333598846393 99.997500000000016 6.9720000000000004 9.8880000000000017 -0.95747632178960107 -0.84293373149377049 20.458000000000002 22.488500000000005 17.409000000000002 -0.081676395330422633 0.33302288323572038
decision_type=2 2 2 2 2 2 2 2 2 2 2 2 2 2
left_child=1 5 4 -4 -2 -1 -7 -8 -9 11 -11 13 -13 -10
right_child=2 -3 3 -5 -6 6 7 8 9 10 -12 12 -14 -15
leaf_value=0.0033530153095782307 -0.01576797874004731 -0.0038318990321819847 0.002315832940276688 -9.7205925656418393e-05 -0.00010422812989457632 -0.0018498083949586908 0.001919729534279982 -0.0056303068272099393 0.0040817312170936537 0.01133181321491368 -5.6982245011050208e-06 1.2485539751106931e-05 -0.0026363998925197844 2.6723497182001845e-05
leaf_weight=85 41 59 64 1031 60 79 49 49 127 45 53 52 48 111
leaf_count=85 41 59 64 1031 60 79 49 49 127 45 53 52 48 111
internal_value=0.000281618 0.00151915 -0.000501672 0.000136986 -0.00742574 0.00229226 0.00138662 0.00243446 0.00134021 0.00275229 0.00816327 0.00118343 -0.007 0.00462185
internal_weight=1953 757 1196 1095 101 698 613 534 485 436 98 338 100 238
internal_count=1953 757 1196 1095 101 698 613 534 485 436 98 338 100 238
is_linear=0
shrinkage=0.05


Tree=207
num_leaves=15
num_cat=0
split_feature=1 1 1 2 4 2 0 0 0 0 3 0 4 4
split_gain=0.807925 1.70058 1.93935 3.18683 1.4364 1.84663 2.61382 1.43494 2.80852 3.21138 2.10832 1.58796 1.25492 4.77245
threshold=-0.38962684145003712 -0.48250327361223938 -0.54162280503947546 -0.76235363884839025 7.5740000000000007 -0.56069722315089188 21.655000000000005 19.462500000000002 16.899500000000003 14.264000000000001 90.673500000000018 15.410500000000001 14.429500000000003 13.852500000000001
decision_type=2 2 2 2 2 2 2 2 2 2 2 2 2 2
left_child=1 2 3 -1 -5 -6 7 8 9 10 -7 -11 13 -2
right_child=12 -3 -4 4 5 6 -8 -9 -10 11 -12 -13 -14 -15
leaf_value=0.0043580765834882532 -8.2502168272491356e-06 0.0064603426660694331 -0.0070448071644503094 0.0010586253522860134 -0.0069119741362594139 0.0017658564940291029 0.0030749562871255354 -0.0095083496903895087 0.006936265568981248 -0.0052837732794537868 -0.0034169727153740004 -0.00073630727530997302 -0.00054809431491326945 0.010241699272586259
leaf_weight=40 545 66 40 72 65 68 47 42 73 42 75 54 679 45
leaf_count=40 545 66 40 72 65 68 47 42 73 42 75 54 679 45
internal_value=7.68049e-05 0.00146199 0.000647249 0.00138408 0.000371747 -0.000643777 0.000623441 -0.000847458 0.000320513 -0.00230126 0.00244755 -0.009375 -0.000669819 0.00101695
internal_weight=1953 684 618 578 538 466 401 354 312 239 143 96 1269 590
internal_count=1953 684 618 578 538 466 401 354 312 239 143 96 1269 590
is_linear=0
shrinkage=0.05


Tree=208
num_leaves=15
num_cat=0
split_feature=1 1 1 1 2 1 2 0 1 2 3 4 1 4
split_gain=1.04475 2.04352 2.00303 2.61004 2.40974 1.91057 2.434 2.42364 2.72537 2.9557 2.72366 1.34809 1.10461 4.84901
threshold=-0.38962684145003712 -0.49316180905692092 -0.55176847662110995 -0.69016699705532203 0.73832635400310653 -0.7610972106345526 -0.5049610547215202 14.068000000000003 -0.89391031859722847 -0.14772953607417119 70.907000000000011 14.366000000000001 -0.17082974322534453 10.960000000000003
decision_type=2 2 2 2 2 2 2 2 2 2 2 2 2 2
left_child=1 2 3 5 -5 6 -1 -8 9 11 -11 -9 13 -2
right_child=12 -3 -4 4 -6 -7 7 8 -10 10 -12 -13 -14 -15
leaf_value=0.00097572354660499798 0.003806730123736174 0.0061373255327659615 -0.0071253368431900615 0.0061557870708537858 -0.00064287298014072125 -0.0084567738481735183 0.0015720848059724388 0.005255025947851464 -0.0077359571103059648 0.0011183425642182331 -0.0045610074001845389 6.269574299499758e-05 -7.6675278178515996e-05 -0.0085089701644767233
leaf_weight=54 48 72 40 58 44 60 84 50 42 52 84 44 1121 100
leaf_count=54 48 72 40 58 44 60 84 50 42 52 84 44 1121 100
internal_value=0.000179211 0.00175439 0.000816993 0.00157343 0.00882353 0 0.00121951 -0.000280899 -0.00257353 -0.000434783 -0.00514706 0.00638298 -0.000669819 -0.00472973
internal_weight=1953 684 612 572 102 470 410 356 272 230 136 94 1269 148
internal_count=1953 684 612 572 102 470 410 356 272 230 136 94 1269 148
is_linear=0
shrinkage=0.05


Tree=209
num_leaves=15
num_cat=0
split_feature=4 4 0 4 0 4 4 4 0 4 4 2 3 0
split_gain=0.726803 2.57244 3.45222 4.3125 4.05 2.51731 3.001 1.81557 1.6094 4.59951 2.69817 2.64422 1.36713 3.54609
threshold=22.013500000000004 19.441000000000003 13.275 20.458000000000002 10.144500000000003 18.446500000000004 17.951000000000004 22.546000000000003 11.642500000000002 26.231000000000005 25.668000000000003 -0.15621076983770799 70.321500000000015 27.485000000000003
decision_type=2 2 2 2 2 2 2 2 2 2 2 2 2 2
left_child=1 5 4 -4 -3 6 12 -2 9 -9 11 -10 13 -1
right_child=7 2 3 -5 -6 -7 -8 8 10 -11 -12 -13 -14 -15
leaf_value=0.0010190307418411989 0.0032959038323722503 -0.00065672912955884628 -0.010126495005785198 0.0055619561354098013 -0.0039912787829329338 0.00091069341043580889 -0.0021597854191236832 0.0061216821607646132 -0.00039516851351165116 -0.0014657788894314129 0.0014272460877151505 -0.0095760487490145086 -0.00012588170986470583 -0.0038222404789338138
leaf_weight=475 42 40 60 63 40 100 48 53 59 61 59 40 769 44
leaf_count=475 42 40 60 63 40 100 48 53 59 61 59 40 769 44
internal_value=2.56016e-05 -0.000396583 -0.00566502 -0.000406504 -0.01375 0.000348189 -0.000224551 0.0022293 0.000735294 0.00526316 -0.00253165 -0.00757576 0.000232919 0.0022158
internal_weight=1953 1639 203 123 80 1436 1336 314 272 114 158 99 1288 519
internal_count=1953 1639 203 123 80 1436 1336 314 272 114 158 99 1288 519
is_linear=0
shrinkage=0.05


Tree=210
num_leaves=15
num_cat=0
split_feature=4 4 0 0 2 3 4 4 0 4 2 2 1 2
split_gain=1.04833 1.52242 2.21388 4.97156 4.09766 1.86671 2.46895 2.29694 1.58699 1.53313 1.45628 1.44151 1.15859 3.10666
threshold=4.9495000000000013 5.9620000000000006 21.741500000000002 22.319500000000001 -0.57729161655172734 99.901000000000025 10.423500000000002 13.686500000000002 21.048500000000001 6.9720000000000004 -0.21533487516747371 -0.95882411647426224 1.0000000180025095e-35 -0.49501433321452953
decision_type=2 2 2 2 2 2 2 2 2 2 2 2 2 2
left_child=10 -2 8 -4 5 6 -5 -8 9 -3 -1 -9 13 -11
right_child=1 2 3 4 -6 -7 7 11 -10 12 -12 -13 -14 -15
leaf_value=0.00055359203836485989 0.0037972752360970752 -0.0040754546226070129 0.0042710126441200908 0.0090803954085576597 0.0026075056382846296 -0.00054855866634691004 -0.013794768885228592 -0.0022125598481726183 -0.0059270569638788465 0.0074893673072266081 -0.0050998010789963721 0.0059848954185934364 -0.00037134048550845902 3.3817004856440125e-05
leaf_weight=42 40 40 48 46 41 41 49 42 56 97 62 52 807 490
leaf_count=42 40 40 48 46 41 41 49 42 56 97 62 52 807 490
internal_value=7.68049e-05 0.000351541 0.000138198 0.0039185 0.00129151 -0.00130435 0.000793651 -0.00244755 -0.000671141 -0.000348675 -0.00480769 0.00212766 -7.1736e-05 0.0016184
internal_weight=1953 1849 1809 319 271 230 189 143 1490 1434 104 94 1394 587
internal_count=1953 1849 1809 319 271 230 189 143 1490 1434 104 94 1394 587
is_linear=0
shrinkage=0.05


Tree=211
num_leaves=15
num_cat=0
split_feature=4 4 3 0 0 4 3 1 2 2 2 3 2 2
split_gain=0.531912 1.93201 5.36688 1.534 3.71914 4.55935 2.93399 2.53968 1.51225 1.90575 2.20713 4.16139 1.43518 5.01863
threshold=22.013500000000004 20.624500000000001 68.996000000000024 16.899500000000003 11.642500000000002 26.231000000000005 83.887000000000015 0.69016699705532247 -0.9951106240145321 -0.9829660752282251 -0.93090634677745676 76.899500000000003 -0.7418964003681634 -0.82681243101696389
decision_type=2 2 2 2 2 2 2 2 2 2 2 2 2 2
left_child=1 8 -3 4 5 -2 -5 -6 -1 -10 11 -11 13 -12
right_child=3 2 -4 6 7 -7 -8 -9 9 10 12 -13 -14 -15
leaf_value=-0.0041616789690573338 0.0058139072024835595 0.0063564409673815131 -0.0036212333361664963 -0.0028052453247354725 -0.0049982314211972252 -0.0013739229206844229 0.0057762516638853179 0.00034384666834375927 0.0058649098449771765 0.00087401641121703235 -0.00035059704294798937 -0.0085797896208567297 -2.7896466036458903e-06 0.0064306621895733017
leaf_weight=57 63 45 53 45 63 61 40 42 50 59 122 54 1125 74
leaf_count=57 63 45 53 45 63 61 40 42 50 59 122 54 1125 74
internal_value=2.56016e-05 -0.00033557 -0.00714286 0.00191083 -0.000218341 0.00564516 0.00764706 -0.00714286 9.73394e-05 0.000404313 6.9735e-05 -0.00663717 0.000643452 0.00459184
internal_weight=1953 1639 98 314 229 124 85 105 1541 1484 1434 113 1321 196
internal_count=1953 1639 98 314 229 124 85 105 1541 1484 1434 113 1321 196
is_linear=0
shrinkage=0.05


Tree=212
num_leaves=15
num_cat=0
split_feature=3 3 2 0 0 1 1 4 4 2 0 4 0 0
split_gain=0.658954 2.04465 1.60302 3.45568 1.96414 2.67124 2.55488 2.84683 2.93026 2.86054 2.53979 3.67226 1.57724 1.40962
threshold=99.997500000000016 99.901000000000025 0.88637546977843906 8.3615000000000013 10.028500000000003 0.81825490718534677 0.56246696819246 18.272500000000004 15.423000000000002 -0.41079147501339891 19.664500000000004 11.233000000000002 9.0325000000000006 17.102500000000003
decision_type=2 2 2 2 2 2 2 2 2 2 2 2 2 2
left_child=1 13 3 -2 -5 6 7 8 10 -9 11 -6 -4 -1
right_child=2 -3 12 4 5 -7 -8 9 -10 -11 -12 -13 -14 -15
leaf_value=-0.00025210519485902548 0.005051453651233895 -0.0050530712364259467 -0.0059994565207458191 -0.013188070873560331 0.026709677669456179 -0.00076727434953781652 0.0118475111997964 0.012538663699617586 -0.0088673508122044057 0.00043404900811931245 -0.0022737399172450324 -0.0012309260956240415 0.0014508430989031596 0.00037245648744551609
leaf_weight=662 75 57 70 46 41 96 58 42 43 56 55 48 57 547
leaf_count=662 75 57 70 46 41 96 58 42 43 56 55 48 57 547
internal_value=0.000281618 -0.000394945 0.00152838 0.00267857 0.00113402 0.00216401 0.00422741 0.0022807 -0.0013369 0.00918367 0.00208333 0.00730337 -0.00354331 4.13565e-05
internal_weight=1953 1266 687 560 485 439 343 285 187 98 144 89 127 1209
internal_count=1953 1266 687 560 485 439 343 285 187 98 144 89 127 1209
is_linear=0
shrinkage=0.05


Tree=213
num_leaves=15
num_cat=0
split_feature=4 4 0 3 1 4 4 0 4 0 0 1 2 0
split_gain=1.02647 2.10989 1.8124 4.55067 2.50884 3.12472 2.99643 1.68088 1.62483 1.58525 2.84411 1.49278 4.93502 2.44515
threshold=4.9495000000000013 3.8495000000000004 21.741500000000002 92.912500000000009 0.2174230999111143 10.423500000000002 13.555000000000001 21.048500000000001 17.323500000000003 20.317000000000004 19.563000000000006 1.0000000180025095e-35 -0.49501433321452953 5.7955000000000014
decision_type=2 2 2 2 2 2 2 2 2 2 2 2 2 2
left_child=1 -1 7 4 5 -4 -7 9 -8 10 11 12 -2 -13
right_child=2 -3 3 -5 -6 6 8 -9 -10 -11 -12 13 -14 -15
leaf_value=0.00052983076740705794 0.031588383079927923 -0.0042909994270935534 0.0069495393748170682 0.0011562343488592754 0.0047316143048197652 -0.012938703714373601 0.0028641821985711858 -0.0055743373627011265 -0.0086060770341386487 0.0020108364244294727 -0.0086206896273597119 0.0044725013951474662 8.0442454524663756e-05 -0.00044246739594030749
leaf_weight=56 56 48 50 99 41 48 43 56 45 68 57 79 492 715
leaf_count=56 56 48 50 99 41 48 43 56 45 68 57 79 492 715
internal_value=2.56016e-05 -0.00480769 0.000297458 0.00368098 -0.000220264 -0.00268817 -0.00661765 -0.000426789 -0.00113636 -0.000102249 -0.000464618 0 0.0020073 -0.00138539
internal_weight=1953 104 1849 326 227 186 136 1523 88 1467 1399 1342 548 794
internal_count=1953 104 1849 326 227 186 136 1523 88 1467 1399 1342 548 794
is_linear=0
shrinkage=0.05


Tree=214
num_leaves=15
num_cat=0
split_feature=0 4 0 2 3 1 0 0 1 2 0 2 0 0
split_gain=1.14959 7.40689 3.58632 2.68811 1.67619 2.49252 1.61243 1.71405 1.5145 4.54836 2.57811 2.77175 3.07042 2.57601
threshold=21.741500000000002 7.4285000000000005 22.319500000000001 -0.57729161655172734 87.862000000000009 -0.17082974322534453 21.048500000000001 20.223500000000005 1.0000000180025095e-35 -0.49501433321452953 17.479500000000005 0.19429706169951341 14.264000000000001 12.843000000000002
decision_type=2 2 2 2 2 2 2 2 2 2 2 2 2 2
left_child=6 -2 -3 4 5 -4 7 8 9 -1 11 -11 13 -13
right_child=1 2 3 -5 -6 -7 -8 -9 -10 10 -12 12 -14 -15
leaf_value=0.017902809914659899 -0.0065108082276359031 0.0042424712048539041 -0.0081757731824317233 0.0018511180678068007 0.00095914454008062539 0.0027209730886426312 -0.005295620494566073 0.0020856962663316522 -0.00041871778180364031 0.0063486313812018474 -0.0081113782241332127 -0.0001457506387127494 -0.004166670302387117 0.0024014434348399675
leaf_weight=80 40 47 83 40 66 71 58 77 854 77 71 278 68 43
leaf_count=80 40 47 83 40 66 71 58 77 854 77 71 278 68 43
internal_value=0.000128008 0.00273775 0.00537459 0.00307692 0.000909091 -0.00194805 -0.000435866 -0.000129199 -0.000509857 0.00137763 -0.00027933 0.00107296 -0.000642674 0.00140187
internal_weight=1953 347 307 260 220 154 1606 1548 1471 617 537 466 389 321
internal_count=1953 347 307 260 220 154 1606 1548 1471 617 537 466 389 321
is_linear=0
shrinkage=0.05


Tree=215
num_leaves=15
num_cat=0
split_feature=0 4 3 1 3 3 0 1 4 4 0 1 2 4
split_gain=1.46803 4.3594 3.75836 3.01231 2.59829 1.93476 1.56374 1.21514 1.06179 1.86828 3.44051 6.97179 3.33399 2.96663
threshold=21.741500000000002 7.4285000000000005 92.912500000000009 0.081558489694578698 2.6875000000000004 22.216500000000003 21.048500000000001 -0.33708009192051164 5.9620000000000006 11.635500000000002 12.564500000000001 0.65765423894015862 -0.33100558041451072 13.609500000000002
decision_type=2 2 2 2 2 2 2 2 2 2 2 2 2 2
left_child=6 -2 3 4 -3 -6 8 -4 -1 10 -10 12 -12 -11
right_child=1 2 7 -5 5 -7 -8 -9 9 13 11 -13 -14 -15
leaf_value=0.0026923002908908148 -0.0061852678162541063 0.0036402825603488289 0.0022358983667037295 0.0050336401337572672 -0.0070104093404766317 -0.0014476282838940813 -0.0050308394698377725 0.00037914566768836174 0.00040257549368633017 0.0019609413100079112 0.014253474362989904 -0.022276578245495546 -0.0011611976407001124 -0.00011840622061781193
leaf_weight=114 40 41 51 59 40 74 58 42 177 172 42 59 54 930
leaf_count=114 40 41 51 59 40 74 58 42 177 172 42 59 54 930
internal_value=7.68049e-05 0.00302594 0.00504886 0.00140187 -0.00225806 -0.00614035 -0.000560399 0.0134409 -0.000258398 -0.000627615 -0.00391566 -0.00935484 -0.00104167 0.000362976
internal_weight=1953 347 307 214 155 114 1606 93 1548 1434 332 155 96 1102
internal_count=1953 347 307 214 155 114 1606 93 1548 1434 332 155 96 1102
is_linear=0
shrinkage=0.05


Tree=216
num_leaves=15
num_cat=0
split_feature=0 0 2 1 2 0 3 0 0 0 1 2 4 4
split_gain=1.97781 4.31157 2.30074 2.01454 2.37954 4.25781 2 1.56374 2.28644 3.02284 1.64833 5.74347 2.49965 3.50749
threshold=21.741500000000002 22.319500000000001 -0.48754425631212789 -0.65189295912203338 -0.96356381914947564 24.995000000000001 42.000500000000009 21.048500000000001 20.317000000000004 19.391500000000004 1.0000000180025095e-35 -0.49501433321452953 12.134000000000002 13.6485
decision_type=2 2 2 2 2 2 2 2 2 2 2 2 2 2
left_child=7 -2 3 -3 6 -6 -5 8 9 10 11 -1 -13 -14
right_child=1 2 -4 4 5 -7 -8 -9 -10 -11 -12 12 13 -15
leaf_value=0.02906029194627794 0.0037786656379233453 -0.01267027121623341 0.00097590885698811691 -0.0040207046604990642 -0.0015969222872033507 0.004107302928458784 0.0010315081210278576 -0.0047792974963458863 0.0020978834976068993 -0.0016265745945578331 -0.00027564559397262183 -0.0013712275287696308 0.009915953506952414 4.378862007635709e-05
leaf_weight=55 49 45 40 49 54 61 49 58 70 78 822 172 44 307
leaf_count=55 49 45 40 49 54 61 49 58 70 78 822 172 44 307
internal_value=0.000179211 0.00360231 0.00134228 -0.000387597 0.00164319 0.00652174 -0.00408163 -0.000560399 -0.000258398 -0.00067659 -0.000142857 0.00190311 0.000286807 0.00270655
internal_weight=1953 347 298 258 213 115 98 1606 1548 1478 1400 578 523 351
internal_count=1953 347 298 258 213 115 98 1606 1548 1478 1400 578 523 351
is_linear=0
shrinkage=0.05


Tree=217
num_leaves=15
num_cat=0
split_feature=0 0 3 3 2 0 1 0 0 0 1 2 4 0
split_gain=1.51945 3.55643 2.27143 3.58859 2.35848 2.45999 2.28904 1.53967 1.23276 2.93503 1.38134 5.87351 2.30982 3.44193
threshold=21.741500000000002 22.260000000000002 62.77150000000001 29.440500000000004 -0.96356381914947564 25.116500000000006 -0.56246696819245956 21.048500000000001 20.223500000000005 19.391500000000004 1.0000000180025095e-35 -0.49501433321452953 12.134000000000002 15.324000000000002
decision_type=2 2 2 2 2 2 2 2 2 2 2 2 2 2
left_child=7 -2 3 4 -3 -6 -4 8 9 10 11 -1 13 -13
right_child=1 2 6 -5 5 -7 -8 -9 -10 -11 -12 12 -14 -15
leaf_value=0.027607277348964045 0.0038574209997867385 -0.0036771063543608595 0.001293627864217395 -0.0031108089927315177 -0.0006406188421413106 0.0045765929806464633 0.00012036165558814149 -0.0045403326215285927 0.0018824375891656143 -0.0021314585517653419 -0.00026186331427398984 -0.00021790215757740291 0.00022795445633679232 -0.010742659471106083
leaf_weight=55 42 45 53 43 42 45 77 58 77 71 822 132 351 40
leaf_count=55 42 45 53 43 42 45 77 58 77 71 822 132 351 40
internal_value=2.56016e-05 0.00302594 0.00114754 -0.00257143 0.00151515 0.00632184 0.00615385 -0.000622665 -0.000322997 -0.000645819 -0.000142857 0.0017301 9.56023e-05 -0.00465116
internal_weight=1953 347 305 175 132 87 130 1606 1548 1471 1400 578 523 172
internal_count=1953 347 305 175 132 87 130 1606 1548 1471 1400 578 523 172
is_linear=0
shrinkage=0.05


Tree=218
num_leaves=15
num_cat=0
split_feature=4 4 0 2 4 3 3 3 3 2 2 0 0 4
split_gain=0.859852 2.10989 1.73387 4.0837 2.29737 1.92526 1.78689 3.91306 1.93849 4.84904 3.3845 2.35263 5.62114 3.97082
threshold=4.9495000000000013 3.8495000000000004 22.987000000000005 -0.96356381914947564 6.1160000000000005 92.912500000000009 0.15700000000000003 4.339500000000001 9.5760000000000023 -0.23449138957041005 0.53553085593708327 14.068000000000003 14.685500000000003 9.1930000000000032
decision_type=2 2 2 2 2 2 2 2 2 2 2 2 2 2
left_child=1 -1 4 -4 -2 -5 -6 -8 9 -9 -11 -10 -13 -14
right_child=2 -3 3 5 6 -7 7 8 11 10 -12 12 13 -15
leaf_value=0.00097877461829555534 0.011893617265476121 -0.0034696771432032661 -0.0016054384570350078 0.0020742310556494782 -0.0013075391799370951 0.0027192532727742581 0.0033968613060378406 0.0017234657801446257 0.00028714295864804565 -0.019263810566848678 -0.00055545945351164752 -0.0082778435743359937 -0.0068691638665686755 7.9728457596950356e-05
leaf_weight=56 41 48 86 101 77 41 49 58 703 42 58 56 60 477
leaf_count=56 41 48 86 101 77 41 49 58 703 42 58 56 60 477
internal_value=-0.000384025 -0.00480769 -0.000135208 0.00394737 -0.000709439 0.00915493 -0.00101266 -0.000632069 -0.00110041 -0.00632911 -0.013 -0.000462963 -0.00278246 -0.00121043
internal_weight=1953 104 1849 228 1621 142 1580 1503 1454 158 100 1296 593 537
internal_count=1953 104 1849 228 1621 142 1580 1503 1454 158 100 1296 593 537
is_linear=0
shrinkage=0.05


Tree=219
num_leaves=15
num_cat=0
split_feature=4 3 3 0 0 4 4 0 4 4 1 4 2 2
split_gain=1.15514 2.09092 3.62507 1.68285 3.27845 4.151 1.42206 2.98755 3.64507 2.89721 2.33333 1.83286 1.69544 1.69334
threshold=22.013500000000004 10.838000000000003 75.664500000000018 15.162000000000001 11.642500000000002 26.231000000000005 19.441000000000003 11.944000000000001 20.312500000000004 18.446500000000004 0.064414007683963548 17.951000000000004 -0.9951106240145321 -0.9829660752282251
decision_type=2 2 2 2 2 2 2 2 2 2 2 2 2 2
left_child=6 -2 -3 4 5 -4 9 -8 -9 11 -10 12 -1 -14
right_child=1 2 3 -5 -6 -7 7 8 10 -11 -12 -13 13 -15
leaf_value=-0.0035555421869043037 0.0013200709770572862 -0.016564546955251391 0.0078591005574564776 0.0039720427375254403 -0.0023392419532278995 -0.0013335610233827094 -0.0010641493896997617 -0.0094580288819108588 0.0060833247551641718 0.00083555267849615286 -3.6368514929155381e-05 -0.0019035353220173024 0.011876136218201808 -3.8404492589272371e-05
leaf_weight=45 43 47 53 61 58 52 61 58 42 100 42 48 40 1203
leaf_count=45 43 47 53 61 58 52 61 58 42 100 42 48 40 1203
internal_value=-0.000230415 0.00254777 0.000922509 0.00357143 0.000920245 0.00619048 -0.00076266 -0.0046798 -0.000704225 -0.000208914 0.00595238 -0.000823353 -0.000465839 -0.000120676
internal_weight=1953 314 271 224 163 105 1639 203 142 1436 84 1336 1288 1243
internal_count=1953 314 271 224 163 105 1639 203 142 1436 84 1336 1288 1243
is_linear=0
shrinkage=0.05


Tree=220
num_leaves=15
num_cat=0
split_feature=2 2 4 4 4 3 3 1 3 4 1 2 1 4
split_gain=1.09937 1.36823 1.04648 3.53156 2.36948 2.59705 4.4721 2.45034 2.26777 2.25547 1.82142 1.32471 2.66327 4.62972
threshold=-0.9951106240145321 -0.98597924778888291 9.8880000000000017 10.628500000000001 8.8190000000000008 77.509500000000017 4.9975000000000014 0.53371312107676727 99.087000000000003 11.331500000000002 -0.98211651112579568 -0.8069893509785715 0.33302288323572038 13.935000000000002
decision_type=2 2 2 2 2 2 2 2 2 2 2 2 2 2
left_child=-1 -2 4 -4 5 6 -3 -7 -6 -5 -11 12 13 -12
right_child=1 2 3 9 8 7 -8 -9 -10 10 11 -13 -14 -15
leaf_value=-0.0015747613484821011 0.010519547204147609 -0.0010674936804859411 0.0060787591638814132 -0.0023369031105804068 -0.0071843298432215019 -1.483416380643754e-05 0.0043461425738864244 -0.009376931481239215 -7.8581825305479311e-05 0.00091255599980958344 -0.011912665146697855 8.163616036185734e-05 -0.0026606867689483006 0.0037734406006491683
leaf_weight=71 48 46 54 66 46 113 105 57 41 76 41 1004 86 99
leaf_count=71 48 46 54 66 46 113 105 57 41 76 41 1004 86 99
internal_value=-0.000230415 0 -0.000218103 0.000420757 -0.00245098 -0.00046729 0.00430464 -0.00470588 -0.00977011 -7.28863e-05 0.000382848 -8.13008e-05 -0.00353982 0.000714286
internal_weight=1953 1882 1834 1426 408 321 151 170 87 1372 1306 1230 226 140
internal_count=1953 1882 1834 1426 408 321 151 170 87 1372 1306 1230 226 140
is_linear=0
shrinkage=0.05


Tree=221
num_leaves=15
num_cat=0
split_feature=2 2 2 0 2 2 2 2 0 1 3 3 0 2
split_gain=1.17434 0.718175 1.38714 2.36515 2.33939 2.00276 2.24131 1.94912 1.50203 4.5461 3.44307 7.31698 3.1992 2.32957
threshold=-0.9951106240145321 -0.98597924778888291 -0.97218766834954651 23.925000000000001 -0.93090634677745676 -0.93704710539067892 -0.77547391234167817 -0.89611523788151459 17.744000000000003 0.76864763646026912 8.5135000000000023 98.685500000000005 17.026000000000003 -0.66248835645380588
decision_type=2 2 2 2 2 2 2 2 2 2 2 2 2 2
left_child=-1 -2 -3 4 -4 -5 -7 -6 12 10 -10 -12 13 -9
right_child=1 2 3 5 7 6 -8 8 9 -11 11 -13 -14 -15
leaf_value=-0.0014960232810580011 0.0099935698439402258 -0.0027965627538251991 -0.0047372833786089585 0.00769287567723137 0.0063259967166021452 -0.0037859641806666901 0.0036481859483512139 0.0012465073140275674 -0.0094180142998031915 0.0097755453143874519 0.0017253347363706262 -0.0025030685614175646 0.0074107173985555833 -0.00012974120271992215
leaf_weight=71 48 48 51 41 52 43 52 55 69 40 118 94 67 1104
leaf_count=71 48 48 51 41 52 43 52 55 69 40 118 94 67 1104
internal_value=-2.56016e-05 0.00021254 5.45256e-05 0.000279955 -0.000242424 0.00661765 0.00263158 9.38086e-05 -0.000226244 -0.00327103 -0.00551601 -0.00235849 0.000570962 -4.31406e-05
internal_weight=1953 1882 1834 1786 1650 136 95 1599 1547 321 281 212 1226 1159
internal_count=1953 1882 1834 1786 1650 136 95 1599 1547 321 281 212 1226 1159
is_linear=0
shrinkage=0.05


Tree=222
num_leaves=15
num_cat=0
split_feature=2 0 2 2 0 2 1 1 1 0 3 3 2 1
split_gain=1.27153 1.23581 2.66613 3.80456 2.14692 1.97035 3.16576 3.83211 3.5434 2.59281 3.52921 2.31941 1.32417 6.93479
threshold=-0.9951106240145321 19.872500000000006 -0.91780143710280748 -0.85470766365158146 18.540500000000005 -0.47495107206705001 -0.42109697129093543 -0.56246696819245956 -0.69016699705532203 23.284500000000005 98.074000000000012 6.2785000000000011 -0.21772323039653199 -0.53371312107676683
decision_type=2 2 2 2 2 2 2 2 2 2 2 2 2 2
left_child=-1 2 -2 -4 12 6 7 8 -3 10 -8 -11 13 -5
right_child=1 5 3 4 -6 -7 9 -9 -10 11 -12 -13 -14 -15
leaf_value=-0.0014212221170051055 -0.012861357361458083 -0.0010000468010275376 0.018012701270560354 0.02562142269636894 -0.013783012772333748 0.0020921288692475337 0.0025508780932339522 -0.022372031487747773 0.0038996777009420447 0.0021906968950397066 0.014244104985939988 -0.0023963833184153099 -0.00014110958823999173 -7.9897586025273756e-05
leaf_weight=71 45 77 45 40 77 73 67 40 40 44 40 74 1013 207
leaf_count=71 45 77 45 40 77 73 67 40 40 44 40 74 1013 207
internal_value=0.000230415 0.000478215 -0.00024527 0.000144718 -0.000336574 0.00274725 0.0013089 -0.00414013 0.00042735 0.00511111 0.0107477 0 0.00015873 0.0034413
internal_weight=1953 1882 1427 1382 1337 455 382 157 117 225 107 118 1260 247
internal_count=1953 1882 1427 1382 1337 455 382 157 117 225 107 118 1260 247
is_linear=0
shrinkage=0.05


Tree=223
num_leaves=15
num_cat=0
split_feature=2 0 1 0 0 0 1 2 3 3 1 1 1 1
split_gain=1.21275 0.965371 4.50143 1.78291 1.84412 1.37769 1.21258 1.91366 3.12164 5.37655 1.16545 1.23595 1.60041 1.89176
threshold=-0.9951106240145321 21.655000000000005 -0.88606241628642823 21.048500000000001 20.317000000000004 19.563000000000006 -0.65189295912203338 -0.84565824135800816 82.228500000000011 31.374500000000001 -0.99628894895067444 -0.96230016621822467 -0.93535928755917819 -0.88606241628642823
decision_type=2 2 2 2 2 2 2 2 2 2 2 2 2 2
left_child=-1 3 -3 4 5 10 -4 8 9 -8 -2 -12 -13 -14
right_child=1 2 6 -5 -6 -7 7 -9 -10 -11 11 12 13 -15
leaf_value=-0.0013501610111548491 0.0020831374962198171 0.0037510488008732803 -0.002799032428084536 -0.0043860596724582318 0.0023373109524646219 -0.0018500462951143799 0.0016844429629148561 0.0023404156365172419 0.0025015074015761751 -0.013180909676067339 -0.0013003005392411508 0.0020429577804231161 -0.0043278494974976793 3.7643161129585076e-05
leaf_weight=71 43 41 63 45 67 57 71 42 59 42 80 40 43 1189
leaf_count=71 43 41 63 45 67 57 71 42 59 42 80 40 43 1189
internal_value=7.68049e-05 0.00031881 0.00283019 -0.000191816 9.87492e-05 -0.000275482 0.000541516 0.00233645 0 -0.00486726 3.58423e-05 -0.000221893 0.000157233 -0.000162338
internal_weight=1953 1882 318 1564 1519 1452 277 214 172 113 1395 1352 1272 1232
internal_count=1953 1882 318 1564 1519 1452 277 214 172 113 1395 1352 1272 1232
is_linear=0
shrinkage=0.05


Tree=224
num_leaves=15
num_cat=0
split_feature=4 4 4 0 0 2 4 4 4 0 1 0 0 2
split_gain=0.983431 2.10989 1.57405 2.04433 3.85584 2.83997 1.71703 2.12958 2.23416 1.53582 0.916188 2.38954 6.66174 4.0071
threshold=4.9495000000000013 3.8495000000000004 5.9620000000000006 21.741500000000002 22.319500000000001 -0.57729161655172734 9.4305000000000003 12.669000000000002 16.018000000000004 21.048500000000001 1.0000000180025095e-35 16.899500000000003 17.744000000000003 -0.65604102973502731
decision_type=2 2 2 2 2 2 2 2 2 2 2 2 2 2
left_child=1 -1 -2 9 -5 6 -6 -8 -9 10 11 -4 -13 -14
right_child=2 -3 3 4 5 -7 7 8 -10 -11 -12 12 13 -15
leaf_value=0.0011102503406360236 0.003002320515141431 -0.0031108295356655283 -0.00027186406301598075 0.0030562295090644674 0.0037703404070889568 0.0012900761489778201 -0.0087013524493025299 0.0053016436092272138 -0.0016206283033225175 -0.0032368858543275329 -0.00038350386599697654 0.015877635754355919 0.0093112285973956724 -0.0074147206381813052
leaf_weight=56 40 48 423 48 43 41 52 57 78 56 830 44 58 79
leaf_count=56 40 48 423 48 43 41 52 57 78 56 830 44 58 79
internal_value=-7.68049e-05 -0.00480769 0.000189292 -2.76396e-05 0.00360502 0.00129151 -0.000869565 -0.00294118 0.00037037 -0.000805369 -0.000488145 0.000993377 0.0058011 0.000364964
internal_weight=1953 104 1849 1809 319 271 230 187 135 1490 1434 604 181 137
internal_count=1953 104 1849 1809 319 271 230 187 135 1490 1434 604 181 137
is_linear=0
shrinkage=0.05


Tree=225
num_leaves=15
num_cat=0
split_feature=3 1 1 0 0 0 0 4 4 1 4 4 4 4
split_gain=0.876956 2.47953 2.50748 2.01921 2.13197 2.27127 2.80674 2.3473 2.62428 4.35287 2.02729 1.98912 1.90041 1.85357
threshold=69.589500000000015 -0.96230016621822467 -0.90149333598846393 27.255000000000006 25.116500000000006 22.515500000000003 20.611500000000003 6.9720000000000004 20.458000000000002 0.26744970170045884 11.395000000000001 22.488500000000005 15.933000000000002 14.094500000000002
decision_type=2 2 2 2 2 2 2 2 2 2 2 2 2 2
left_child=3 -2 -3 4 5 6 7 -1 9 10 -9 -10 -12 -11
right_child=1 2 -4 -5 -6 -7 -8 8 11 13 12 -13 -14 -15
leaf_value=0.0046479395939821311 -0.0062564915361497222 0.0024040080220635892 -0.0001780252158494755 -0.0035617290861008621 0.0040236169078912308 -0.0015724093881206353 0.0037042406780473992 -0.0026366276597929506 0.010879179375465535 -0.00087059687407532455 0.0048280202006002809 9.1954688588136164e-06 8.576032547985557e-05 -0.0084546659264990998
leaf_weight=67 101 64 1031 59 43 68 75 43 45 75 55 65 61 101
leaf_count=67 101 64 1031 59 43 68 75 43 45 75 55 65 61 101
internal_value=-7.68049e-05 -0.000919732 -0.000228311 0.00125495 0.00200573 0.00129771 0.00229983 0.000976562 -0.000337079 -0.00253731 0.00345912 0.00636364 0.00689655 -0.00795455
internal_weight=1953 1196 1095 757 698 655 587 512 445 335 159 110 116 176
internal_count=1953 1196 1095 757 698 655 587 512 445 335 159 110 116 176
is_linear=0
shrinkage=0.05


Tree=226
num_leaves=15
num_cat=0
split_feature=2 2 2 2 0 2 3 3 0 2 1 3 3 3
split_gain=0.737473 2.82226 2.77293 3.09742 2.82262 2.38688 1.89159 1.78083 1.77559 3.13014 2.38163 1.78605 2.37788 1.22763
threshold=-0.8069893509785715 -0.7418964003681634 -0.64297064596386244 -0.58882848911713703 21.655000000000005 -0.87620967433411445 86.024500000000018 84.277500000000018 19.713000000000005 -0.99665976668634515 0.20061247795988868 81.295000000000016 15.379500000000002 3.8790000000000004
decision_type=2 2 2 2 2 2 2 2 2 2 2 2 2 2
left_child=5 -2 6 -4 13 8 -3 -7 10 -10 -1 12 -11 -5
right_child=1 2 3 4 -6 7 -8 -9 9 11 -12 -13 -14 -15
leaf_value=0.018204399685238504 0.0017425051476795087 -0.01933676771187887 0.003172369727302555 0.00066431158958056916 0.00087906104968700223 -0.00016173104253371651 -9.9872936097256115e-05 -0.008921819291928746 -0.0069957894265591626 0.00092977517683795474 -0.0018139886345137101 0.0026398737165799881 -0.0079625261316435113 -0.00018388531094903351
leaf_weight=47 66 44 44 102 61 44 43 42 40 68 46 86 61 1159
leaf_count=47 66 44 44 102 61 44 43 42 40 68 46 86 61 1159
internal_value=-2.56016e-05 0.000493746 3.44116e-05 0.000585652 0.000151286 -0.00184332 -0.00862069 -0.00930233 0 -0.00215686 0.00591398 0.000232558 -0.00348837 -0.00035686
internal_weight=1953 1519 1453 1366 1322 434 87 86 348 255 93 215 129 1261
internal_count=1953 1519 1453 1366 1322 434 87 86 348 255 93 215 129 1261
is_linear=0
shrinkage=0.05


Tree=227
num_leaves=15
num_cat=0
split_feature=2 0 4 4 4 4 4 2 1 0 2 0 1 4
split_gain=0.738667 0.774914 4.77796 3.12703 2.47332 2.6059 2.4455 6.78547 2.11668 1.72403 3.93521 2.98151 2.39502 2.3486
threshold=-0.9951106240145321 21.655000000000005 7.5740000000000007 11.673500000000002 13.6485 16.233000000000004 6.1160000000000005 1.0000000180025095e-35 -0.36924373704146674 18.087500000000002 -0.24877566908906687 19.273500000000002 -0.47434769705567575 16.454500000000007
decision_type=2 2 2 2 2 2 2 2 2 2 2 2 2 2
left_child=-1 6 -3 8 -5 -6 7 -2 -4 -8 11 -11 -13 -14
right_child=1 2 3 4 5 -7 9 -9 -10 10 -12 12 13 -15
leaf_value=-0.00095623123045515126 0.014209773724877472 -0.0034301313906377252 0.00077891687039527424 -0.0083548045637201699 0.0093085778903281569 -5.6322442013603818e-06 2.4683261749774979e-05 -0.0015562774064274143 0.0052271177897679601 -0.022284887395997377 0.0052124438325626427 -0.0037359508140631381 0.0041396229254951683 -0.0084670073512354178
leaf_weight=71 41 41 42 44 45 102 1187 79 44 65 42 57 51 42
leaf_count=71 41 41 42 44 45 102 1187 79 44 65 42 57 51 42
internal_value=7.68049e-05 0.000265675 0.00251572 0.00487365 0.0013089 0.00442177 -0.000191816 0.00666667 0.0127907 -0.000761773 -0.00447471 -0.0072093 -0.00333333 0.0016129
internal_weight=1953 1882 318 277 191 147 1564 120 86 1444 257 215 150 93
internal_count=1953 1882 318 277 191 147 1564 120 86 1444 257 215 150 93
is_linear=0
shrinkage=0.05


Tree=228
num_leaves=15
num_cat=0
split_feature=4 4 4 4 0 4 2 1 3 0 0 1 0 0
split_gain=1.04833 2.10989 1.52242 2.61337 1.77456 3.19088 3.24702 2.99925 3.62504 2.08527 2.12502 3.17307 2.491 1.93063
threshold=4.9495000000000013 3.8495000000000004 5.9620000000000006 6.8185000000000011 21.741500000000002 9.318500000000002 -0.56069722315089188 -0.034374606067994681 92.912500000000009 19.563000000000006 16.899500000000003 0.36523833096101394 16.092500000000005 15.524500000000002
decision_type=2 2 2 2 2 2 2 2 2 2 2 2 2 2
left_child=1 -1 -2 -4 9 -6 7 8 -7 10 12 -12 13 -5
right_child=2 -3 3 4 5 6 -8 -9 -10 -11 11 -13 -14 -15
leaf_value=0.00024169554345448432 0.0029481138860456557 -0.0026071731112363109 -0.0015389417529953155 -6.5623961126093364e-05 0.0080397793378890886 -0.0081068667684677017 0.0019924389888128671 0.0025394194223200672 0.00080775110636932199 -0.0014091725953367441 0.0072510651943917597 -0.0021523140665785237 -0.010469252057979814 0.016504498031944079
leaf_weight=56 40 48 40 963 42 94 40 88 48 175 123 88 65 43
leaf_count=56 40 48 40 963 42 94 40 88 48 175 123 88 65 43
internal_value=7.68049e-05 -0.00480769 0.000351541 0.000138198 0.000423968 0.00384615 0.00185185 -0.000434783 -0.00492958 -0.000308854 0.000390016 0.0049763 -0.000513539 9.94036e-05
internal_weight=1953 104 1849 1809 1769 312 270 230 142 1457 1282 211 1071 1006
internal_count=1953 104 1849 1809 1769 312 270 230 142 1457 1282 211 1071 1006
is_linear=0
shrinkage=0.05


Tree=229
num_leaves=15
num_cat=0
split_feature=3 4 0 3 1 0 1 2 4 3 0 0 0 3
split_gain=0.946454 2.46125 3.22024 3.37703 2.39291 3.59447 6.35567 4.86965 2.05452 4.64572 2.81929 2.02118 1.98767 2.2012
threshold=90.673500000000018 4.5705000000000009 24.024000000000004 99.997500000000016 0.45914483320598681 11.0905 0.81825490718534677 0.45207220393230446 15.685500000000003 99.15600000000002 16.525500000000005 27.485000000000003 25.458000000000002 9.709500000000002
decision_type=2 2 2 2 2 2 2 2 2 2 2 2 2 2
left_child=11 -2 3 8 -5 7 -7 -6 10 -10 -3 12 13 -1
right_child=1 2 -4 4 5 6 -8 -9 9 -11 -12 -13 -14 -15
leaf_value=-0.00026789095094270079 -0.005783468772880729 -0.00069581270893633311 0.0039969946336888438 -0.000264142660611838 0.0089362243174543176 0.0073164461976874713 -0.0015881129713988197 0.0013569665668167698 -0.00091787538271279339 -0.0066261583367071943 0.001084446520929567 -0.0034060305154081207 0.0028587992709551702 0.00041076320688873962
leaf_weight=365 43 99 52 381 51 57 74 69 93 45 50 55 47 472
leaf_count=365 43 99 52 381 51 57 74 69 93 45 50 55 47 472
internal_value=-2.56016e-05 -0.00108481 -0.000566426 -0.00125136 0.000791139 0.00458167 -0.00114504 0.0108333 -0.00574913 -0.0101449 -0.00167785 0.00111821 0.00169683 0.00113501
internal_weight=1953 1014 971 919 632 251 131 120 287 138 149 939 884 837
internal_count=1953 1014 971 919 632 251 131 120 287 138 149 939 884 837
is_linear=0
shrinkage=0.05


Tree=230
num_leaves=15
num_cat=0
split_feature=4 4 4 4 0 4 0 0 0 1 1 2 3 2
split_gain=0.983431 2.10989 0.874052 1.64524 1.31931 3.51795 3.45313 2.02973 2.19792 3.08402 2.83801 2.64205 2.27516 1.62084
threshold=4.9495000000000013 3.8495000000000004 5.9620000000000006 6.8185000000000011 21.741500000000002 9.318500000000002 22.319500000000001 19.563000000000006 16.899500000000003 -0.94130860066615807 -0.92263100495486372 -0.79148145378407531 99.938000000000017 -0.83635891446581057
decision_type=2 2 2 2 2 2 2 2 2 2 2 2 2 2
left_child=1 -1 -2 -4 7 -6 -7 8 10 -10 12 -11 -5 -8
right_child=2 -3 3 4 5 6 13 -9 9 11 -12 -13 -14 -15
leaf_value=0.00020907260593732715 0.0028247070759820775 -0.0023237962487744029 -0.0014039550654835809 -0.0033071196891912903 0.0074663955233785304 0.0014216947865846182 -0.00037465224936343301 -0.0013929362916163812 0.0068453702813576715 0.0077059542585862896 2.5868822662183933e-05 -0.0057401855953191395 0.00066614903129299521 0.00058016842900509018
leaf_weight=56 40 48 40 55 42 42 135 175 57 74 974 80 42 93
leaf_count=56 40 48 40 55 42 42 135 175 57 74 974 80 42 93
internal_value=-7.68049e-05 -0.00480769 0.000189292 2.76396e-05 0.000254381 0.00320513 0.00111111 -0.000377488 0.000312012 0.0049763 -0.000606909 0.0012987 -0.00876289 -0.00131579
internal_weight=1953 104 1849 1809 1769 312 270 1457 1282 211 1071 154 97 228
internal_count=1953 104 1849 1809 1769 312 270 1457 1282 211 1071 154 97 228
is_linear=0
shrinkage=0.05


Tree=231
num_leaves=15
num_cat=0
split_feature=2 2 2 4 2 3 3 2 3 2 4 0 0 1
split_gain=0.883276 4.46951 3.22509 2.10491 2.68851 3.5845 3.64685 1.93516 2.53527 2.25848 1.64052 2.95587 1.03869 3.19612
threshold=-0.82681243101696389 -0.7418964003681634 -0.87620967433411445 20.458000000000002 -0.93090634677745676 97.353500000000011 42.000500000000009 -0.64297064596386244 86.024500000000018 -0.58882848911713703 4.9495000000000013 21.655000000000005 14.068000000000003 -0.80392051724781044
decision_type=2 2 2 2 2 2 2 2 2 2 2 2 2 2
left_child=2 -2 3 4 5 6 -1 8 -3 -9 -11 12 13 -12
right_child=1 7 -4 -5 -6 -7 -8 9 -10 10 11 -13 -14 -15
leaf_value=-0.0027784042683970836 0.0011928185443365491 -0.018201664365109737 -0.0022953110836624463 0.0025798794405156814 0.003362953015085446 -0.0039728718625073357 0.0087143724768194829 0.0031079598426866379 0.00026406558646110414 -0.0027754054845615995 0.0026439873745988498 0.0010721253836955102 -0.00044680255122143552 -1.0331742680314005e-05
leaf_weight=78 88 44 64 62 71 86 51 44 43 75 67 57 362 761
leaf_count=78 88 44 64 62 71 86 51 44 43 75 67 57 362 761
internal_value=-0.000128008 0.000421804 -0.00218447 -0.000287356 -0.0020979 -0.00488372 0.000387597 -0.000240881 -0.00747126 0.000219619 -0.000151286 0.000280674 -0.000252101 0.000724638
internal_weight=1953 1541 412 348 286 215 129 1453 87 1366 1322 1247 1190 828
internal_count=1953 1541 412 348 286 215 129 1453 87 1366 1322 1247 1190 828
is_linear=0
shrinkage=0.05


Tree=232
num_leaves=15
num_cat=0
split_feature=1 1 0 4 0 4 4 0 1 4 4 2 0 2
split_gain=0.698391 3.3321 4.63641 1.23711 5.14407 3.27924 3.05114 1.83227 2.66016 1.07658 1.49588 1.77739 3.675 3.51795
threshold=0.69794415476634375 0.74620497228242788 17.428500000000003 11.635500000000002 10.544500000000001 14.429500000000003 16.989500000000003 12.265000000000002 0.90880922144842624 4.8060000000000009 9.4305000000000003 -0.78621243120361772 16.314500000000002 0.72731766296277522
decision_type=2 2 2 2 2 2 2 2 2 2 2 2 2 2
left_child=9 -2 3 4 -3 -5 -7 8 -8 -1 11 -11 13 -13
right_child=1 2 -4 5 -6 6 7 -9 -10 10 -12 12 -14 -15
leaf_value=-0.0030238838409321514 0.0040981210042649128 0.0024168545685539131 0.0080334388670270252 0.0033861679026874151 -0.018743764198456372 -0.0087784303588386431 0.0018918971872314404 0.00050983053422732217 -0.0011084612160308233 0.0042845979497240288 -0.000170785908322596 0.009734112850422888 -0.0075365778231515053 -0.00029495330587979153
leaf_weight=78 45 41 53 63 79 54 43 80 63 61 1133 42 40 78
leaf_count=78 45 41 53 63 79 54 43 80 63 61 1133 42 40 78
internal_value=-0.000128008 0.00143954 0.000210084 -0.00153664 -0.00583333 0.000165017 -0.0025 0.000537634 -0.00377358 -0.000698324 -0.000369276 0.00339367 0.000625 0.005
internal_weight=1953 521 476 423 120 303 240 186 106 1432 1354 221 160 120
internal_count=1953 521 476 423 120 303 240 186 106 1432 1354 221 160 120
is_linear=0
shrinkage=0.05


Tree=233
num_leaves=15
num_cat=0
split_feature=3 2 3 0 0 0 4 4 0 3 0 0 1 4
split_gain=0.867399 1.61083 1.09526 0.836697 2.97165 1.62436 1.86239 2.41117 1.49731 1.30242 1.38298 5.28897 1.25687 2.30343
threshold=1.0000000180025095e-35 0.1093682717844857 2.0455000000000005 6.9940000000000007 6.3120000000000003 8.9100000000000019 10.628500000000001 16.134500000000003 9.4710000000000019 4.9975000000000014 26.601500000000005 24.995000000000001 0.88267879832554763 5.4650000000000007
decision_type=2 2 2 2 2 2 2 2 2 2 2 2 2 2
left_child=1 -1 -2 4 -4 6 -5 -8 -7 -10 11 12 13 -11
right_child=2 -3 3 5 -6 8 7 -9 9 10 -12 -13 -14 -15
leaf_value=0.00059791113598871022 -0.0019501745194582477 -0.00029488470658969868 -0.00024317308616421119 0.0017241572915532356 0.0069085381021145491 0.0022960118401262174 -0.011633611100739088 -0.001439705239427682 0.0026821538923540696 0.0043806256895148835 0.002997580901269037 -0.014840269712683136 -0.00074450956336782892 2.8936413330264701e-05
leaf_weight=51 73 44 137 47 45 53 41 68 52 49 69 46 234 944
leaf_count=51 73 44 137 47 45 53 41 68 52 49 69 46 234 944
internal_value=7.68049e-05 0.00473684 -0.000161464 8.40336e-05 0.0032967 -0.000280724 -0.00512821 -0.0087156 0.00024188 -7.1736e-05 -0.000372578 -0.000746269 -0.000122249 0.000654582
internal_weight=1953 95 1858 1785 182 1603 156 109 1447 1394 1342 1273 1227 993
internal_count=1953 95 1858 1785 182 1603 156 109 1447 1394 1342 1273 1227 993
is_linear=0
shrinkage=0.05


Tree=234
num_leaves=15
num_cat=0
split_feature=3 4 0 0 2 0 0 3 3 4 0 4 4 1
split_gain=1.23436 2.17376 0.947644 4.51648 2.56901 2.20416 2.15917 1.8 1.69162 2.79389 2.10212 1.65675 4.60255 4.68154
threshold=1.0000000180025095e-35 14.736500000000001 13.976000000000001 14.685500000000003 0.32694223331140743 15.324000000000002 13.628500000000001 88.414000000000016 4.0590000000000011 5.5710000000000006 15.929000000000002 16.233000000000004 18.272500000000004 0.030073020370188292
decision_type=2 2 2 2 2 2 2 2 2 2 2 2 2 2
left_child=1 -1 6 7 5 -5 -2 -4 -7 -10 -11 -12 -13 -14
right_child=2 -3 3 4 -6 8 -8 -9 9 10 11 12 13 -15
leaf_value=-0.00064097340476765166 0.00015244239614405875 0.0025665625189400174 -0.0010708767065994121 0.0078486472481835625 -0.0038080560067260943 -0.0091366236850688072 0.0038743389226566201 -0.0065880335000726153 -0.0016188630534730688 -0.0042776862452843468 0.00075601834628085958 -0.0095905425338233593 0.0028353232671662013 -0.0012184116223581789
leaf_weight=53 826 42 40 44 40 62 40 40 51 42 386 84 125 78
leaf_count=53 826 42 40 44 40 62 40 40 51 42 386 84 125 78
internal_value=0.000230415 0.00578947 -5.38213e-05 -0.00110887 -0.000109649 0.000458716 0.00115473 -0.0125 -0.000120773 0.000522193 0.00132867 0.00200594 -0.00087108 0.00320197
internal_weight=1953 95 1858 992 912 872 866 80 828 766 715 673 287 203
internal_count=1953 95 1858 992 912 872 866 80 828 766 715 673 287 203
is_linear=0
shrinkage=0.05


Tree=235
num_leaves=15
num_cat=0
split_feature=3 3 3 4 3 0 2 0 1 3 3 3 0 0
split_gain=0.898646 2.56436 2.79043 2.49173 2.4187 2.60303 2.87366 4.13729 2.91215 2.21727 2.7276 2.19236 1.97494 1.98081
threshold=69.589500000000015 42.000500000000009 33.936500000000002 4.5705000000000009 20.073000000000004 6.519000000000001 0.69017338824297181 11.892500000000002 0.89896131060349826 56.323500000000003 62.164000000000009 75.664500000000018 16.899500000000003 27.255000000000006
decision_type=2 2 2 2 2 2 2 2 2 2 2 2 2 2
left_child=1 2 4 -2 5 -1 7 -7 12 -3 -11 -5 -9 -14
right_child=3 9 -4 11 -6 6 -8 8 -10 10 -12 -13 13 -15
leaf_value=-0.0014180516059492333 -0.0052102479637578698 0.0059629239036121861 -0.016789854713939317 -0.009768811362663242 0.0039973446258030915 -0.0027173872539039594 0.006454527071542886 -0.0015433680365726178 0.0052870330405609062 -0.0016516780216872752 0.0013543207664995602 0.00012116502502694804 0.00036386402503122973 -0.0042109093883666128
leaf_weight=51 47 72 40 48 72 43 64 56 46 44 48 1101 176 45
leaf_count=51 47 72 40 48 72 43 64 56 46 44 48 1101 176 45
internal_value=0.000435228 0.00178336 0.000252951 -0.00041806 0.00117541 -0.00010395 0.00116279 -0.000546448 0.00139319 0.00731707 0.00217391 4.35161e-05 -0.000541516 0.00158371
internal_weight=1953 757 593 1196 553 481 430 366 323 164 92 1149 277 221
internal_count=1953 757 593 1196 553 481 430 366 323 164 92 1149 277 221
is_linear=0
shrinkage=0.05


Tree=236
num_leaves=15
num_cat=0
split_feature=2 2 0 1 2 0 3 3 4 0 4 4 3 2
split_gain=0.862264 3.53577 3.20247 3.30466 2.59609 1.58028 1.5707 4.48053 3.22388 2.87063 1.53094 3.05441 3.04403 4.59079
threshold=-0.82681243101696389 -0.87620967433411445 19.713000000000005 -0.65189295912203338 -0.62971025403082126 21.655000000000005 3.8790000000000004 9.5760000000000023 14.094500000000002 10.627500000000001 20.526000000000003 16.233000000000004 10.397000000000002 -0.93090634677745676
decision_type=2 2 2 2 2 2 2 2 2 2 2 2 2 2
left_child=1 10 6 4 -4 -6 9 8 -8 -2 11 12 -1 -14
right_child=2 -3 3 -5 5 -7 7 -9 -10 -11 -12 -13 13 -15
leaf_value=-0.0066901775261204895 -0.0009316510881064139 -0.0023193519516777755 -0.016370843330203867 0.010141796039320606 0.00014379576711697042 0.00031197717639098733 -0.00044527063298064056 0.0001311854892555281 -0.0038499340913874221 0.0028418211589373607 0.0026533877336495705 -0.010145741726529317 0.00015851265286701555 0.012961077008330206
leaf_weight=53 47 64 49 67 50 63 69 1060 81 55 59 77 119 40
leaf_count=53 47 64 49 67 50 63 69 1060 81 55 59 77 119 40
internal_value=0.000332821 -0.00169903 0.000876055 0.00633188 0.00246914 0.00663717 -7.62195e-05 -0.000578512 -0.00866667 0.00588235 0.000287356 -0.00121107 0.00188679 0.00534591
internal_weight=1953 412 1541 229 162 113 1312 1210 150 102 348 289 212 159
internal_count=1953 412 1541 229 162 113 1312 1210 150 102 348 289 212 159
is_linear=0
shrinkage=0.05


Tree=237
num_leaves=15
num_cat=0
split_feature=2 2 2 2 4 0 2 4 2 4 3 3 3 0
split_gain=0.826657 4.72439 2.11441 2.9327 2.82056 2.66357 2.21327 3.34863 3.4383 2.76208 3.40946 2.89423 2.29101 1.82552
threshold=0.19429706169951341 0.26123699986315735 -0.64297064596386244 -0.58882848911713703 6.8185000000000011 21.655000000000005 -0.7418964003681634 9.4305000000000003 -0.8069893509785715 13.6485 98.074000000000012 99.992500000000021 91.173500000000018 10.196500000000002
decision_type=2 2 2 2 2 2 2 2 2 2 2 2 2 2
left_child=2 -2 4 -4 -1 13 7 -6 9 10 -9 12 -11 -5
right_child=1 -3 3 5 6 -7 -8 8 -10 11 -12 -13 -14 -15
leaf_value=-0.0017844973045775536 -0.005470651094049964 2.3829847076817237e-05 0.0027892388834171405 0.0040157369987517573 0.0065155396305948774 0.0003277064405079966 -0.0033692931490544756 -0.00010107776436784622 0.0026661857094918309 0.00048039447167093634 -0.0092194042960271529 0.0032251350152946892 -0.008481793808510607 1.3008277491445564e-05
leaf_weight=41 40 756 44 48 52 61 80 67 57 139 50 61 40 417
leaf_count=41 40 756 44 48 52 61 80 67 57 139 50 61 40 417
internal_value=0.000486431 -0.000753769 0.00133967 0.00350877 -0.00076661 0.00247148 0.00018315 0.00150215 0 -0.00182073 -0.00811966 0.00125 -0.00195531 0.0011828
internal_weight=1953 796 1157 570 587 526 546 466 414 357 117 240 179 465
internal_count=1953 796 1157 570 587 526 546 466 414 357 117 240 179 465
is_linear=0
shrinkage=0.05


Tree=238
num_leaves=15
num_cat=0
split_feature=2 1 4 4 4 0 4 0 4 1 2 1 0 3
split_gain=0.870881 1.76211 1.82875 6.59769 3.05549 3.54464 4.73102 2.6836 3.01451 2.63197 2.47618 2.13347 3.20173 3.11521
threshold=0.19429706169951341 -0.92263100495486372 12.134000000000002 13.6485 10.628500000000001 10.500000000000002 8.291500000000001 13.701500000000001 14.952000000000002 0.16681837808193059 0.97879788253113664 0.69794415476634375 9.9100000000000019 30.360500000000005
decision_type=2 2 2 2 2 2 2 2 2 2 2 2 2 2
left_child=-1 -2 4 -4 5 6 9 8 -5 -3 11 13 -13 -10
right_child=1 2 3 7 -6 -7 -8 -9 10 -11 -12 12 -14 -15
leaf_value=0.00014373177324689124 -0.001560060854104324 -0.010065377496978681 0.0095804953633586726 -0.009911626337339963 -0.0073260143538836121 -0.0056885240413639127 0.019755230480474829 0.0068200586089957162 0.0015512877694418854 0.003258065321080042 0.00097319898906667599 -0.0009313243208511411 0.01114946867348782 -0.001951763670239137
leaf_weight=1157 56 42 54 51 55 54 48 51 42 47 68 44 40 144
leaf_count=1157 56 42 54 51 55 54 48 51 42 47 68 44 40 144
internal_value=0.000896057 -0.000376884 0.00027027 0.00202429 -0.00325203 -0.00026178 0.0040146 0 -0.00141388 -0.00280899 0.000295858 -0.00185185 0.0047619 -0.00483871
internal_weight=1953 796 740 494 246 191 137 440 389 89 338 270 84 186
internal_count=1953 796 740 494 246 191 137 440 389 89 338 270 84 186
is_linear=0
shrinkage=0.05


Tree=239
num_leaves=15
num_cat=0
split_feature=2 2 0 0 0 0 0 4 4 4 1 4 3 1
split_gain=1.27903 3.29956 1.39642 2.75563 2.38114 1.7474 2.56735 1.54042 3.30094 2.89269 1.53883 1.86627 2.12766 2.8754
threshold=0.19429706169951341 0.26123699986315735 8.9100000000000019 12.265000000000002 8.1490000000000027 13.199000000000002 14.127000000000001 17.409000000000002 21.932500000000005 11.278500000000003 -0.44380628866780414 18.600000000000005 93.07350000000001 0.47434769705567625
decision_type=2 2 2 2 2 2 2 2 2 2 2 2 2 2
left_child=-1 -2 4 7 10 -5 -7 9 -9 -4 -3 12 -12 -14
right_child=1 2 3 5 -6 6 -8 8 -10 -11 11 -13 13 -15
leaf_value=0.00013654518458454669 -0.0051191154966422486 0.0011424779942258046 -0.00048504650547272627 -0.0045809187867989201 -0.014376812010140084 0.0041297255636782663 -0.00066034929648836344 -0.0011143561458315577 0.0013875370008150868 0.01070077842207442 0.00053630641251032739 -0.0014002472927761968 -0.012776126002059855 0.00086165087994395932
leaf_weight=1157 40 45 56 40 60 42 77 53 67 77 94 51 45 49
leaf_count=1157 40 45 56 40 60 42 77 53 67 77 94 51 45 49
internal_value=0.000537634 -0.00100503 -0.00026455 0.00169903 -0.00261628 -0.00345912 -0.000420168 0.00494071 0.000833333 0.00864662 -0.000704225 -0.00230126 0 -0.00531915
internal_weight=1953 796 756 412 344 159 119 253 120 133 284 239 188 94
internal_count=1953 796 756 412 344 159 119 253 120 133 284 239 188 94
is_linear=0
shrinkage=0.05


Tree=240
num_leaves=15
num_cat=0
split_feature=4 4 2 2 2 2 1 3 4 2 2 1 0 0
split_gain=1.01372 2.16335 2.08933 1.99385 4.31282 2.71709 1.94141 1.81839 1.73232 1.71799 1.56667 1.54104 1.51157 2.40937
threshold=19.314000000000004 20.312500000000004 -0.95882411647426224 0.61287127154566789 0.21113058295073206 -0.3390880814530603 0.33302288323572038 98.964000000000013 18.667000000000005 -0.9951106240145321 0.89420283937402645 -0.05591647229452347 8.6960000000000015 9.4710000000000019
decision_type=2 2 2 2 2 2 2 2 2 2 2 2 2 2
left_child=8 11 -3 4 5 6 -4 -5 9 -1 -9 -2 -11 -14
right_child=1 2 3 7 -6 -7 -8 10 -10 12 -12 -13 13 -15
leaf_value=-0.0035476680792413898 -0.0091684894899349504 0.0029724096163060154 0.00099299134291875603 0.0050781592831666278 -0.0033178332666923718 0.0019521319227199742 -0.003068823226755263 0.0029767490154271911 0.0033184557221254563 -0.00080071576477089984 -0.0021970740521341987 -0.00028542349364567152 0.0044874719309919318 0.00018184745199959705
leaf_weight=48 43 41 44 45 65 96 55 40 64 261 54 48 51 998
leaf_count=48 43 41 44 45 65 96 55 40 64 261 54 48 51 998
internal_value=0.000640041 -0.00122411 0.000227273 -0.000877193 -0.00346154 0.00025641 -0.00555556 0.00395683 0.00133615 0.00095729 0 -0.00824176 0.00129771 0.0021449
internal_weight=1953 531 440 399 260 195 99 139 1422 1358 94 91 1310 1049
internal_count=1953 531 440 399 260 195 99 139 1422 1358 94 91 1310 1049
is_linear=0
shrinkage=0.05


Tree=241
num_leaves=15
num_cat=0
split_feature=4 2 0 0 0 0 3 2 2 1 3 3 0 0
split_gain=1.20275 2.88199 2.75635 4.8338 5.28393 2.64941 3.1335 2.0519 1.63528 1.59691 2.17576 3.47439 2.56684 4.99986
threshold=19.441000000000003 0.61287127154566789 17.102500000000003 19.462500000000002 21.294 14.127000000000001 82.355000000000004 0.94698775307607519 0.092265415903232631 -0.99273952934267318 10.397000000000002 5.8465000000000016 26.601500000000005 24.651000000000003
decision_type=2 2 2 2 2 2 2 2 2 2 2 2 2 2
left_child=9 2 5 -4 -5 6 -2 -3 -8 -1 11 -11 13 -12
right_child=1 7 3 4 -6 -7 8 -9 -10 10 12 -13 -14 -15
leaf_value=0.00065793962167470246 0.0033494318808626831 0.0030505468665876405 0.012072360945553232 -0.0096625114233047128 0.0008992189144852059 -0.0016263033736711814 -0.0028278977358746921 -0.00059646773207056025 -0.00033022521786606754 -0.0001328986202585647 0.0002680843345115146 -0.006299250502407489 0.007114415000330482 -0.01238217983007729
leaf_weight=43 46 94 56 40 66 68 47 58 42 295 962 44 51 41
leaf_count=43 46 94 56 40 66 68 47 58 42 295 962 44 51 41
internal_value=0.000230415 -0.00183752 -0.00424658 0.000617284 -0.00566038 -0.00812808 -0.00407407 0.00394737 -0.00955056 0.00097493 0.000681981 -0.00280236 0.00180266 0.00124626
internal_weight=1953 517 365 162 106 203 135 152 89 1436 1393 339 1054 1003
internal_count=1953 517 365 162 106 203 135 152 89 1436 1393 339 1054 1003
is_linear=0
shrinkage=0.05


Tree=242
num_leaves=15
num_cat=0
split_feature=4 4 4 1 1 2 1 3 0 3 4 0 1 2
split_gain=1.18488 3.3392 3.16756 2.52231 2.83919 2.2518 2.1553 2.11582 2.70819 3.87984 3.45195 2.90778 3.41366 2.97515
threshold=14.429500000000003 15.130000000000001 13.935000000000002 0.98336225177674941 -0.86958133671945925 0.97879788253113664 -0.96230016621822467 0.54950000000000021 16.899500000000003 5.0460000000000012 16.090500000000002 14.127000000000001 -0.78297285307474485 0.78298010367706283
decision_type=2 2 2 2 2 2 2 2 2 2 2 2 2 2
left_child=2 -2 3 4 6 7 -1 -3 9 -9 -10 13 -13 -11
right_child=1 5 -4 -5 -6 -7 -8 8 10 11 -12 12 -14 -15
leaf_value=0.00017760211362740226 -0.006898572457097173 0.001171163124010994 0.0096841658137402538 0.007085110272519313 -0.00018549553020446032 0.001078054654654989 0.0063214160823949041 -0.005356107688875387 0.0090901550750833674 0.00079524992415919984 0.00011499914997691874 -0.0086287498467546419 -0.00030854754124307678 -0.0017846336618957464
leaf_weight=76 72 58 57 43 681 68 61 46 41 247 288 41 65 109
leaf_count=76 72 58 57 43 681 68 61 46 41 247 288 41 65 109
internal_value=0.000435228 -0.000724638 0.00174292 0.000987224 0.000366748 5.19211e-05 0.00693431 -0.000614525 -0.00125448 -0.00354331 0.00227964 -0.0021645 -0.00943396 0
internal_weight=1953 1035 918 861 818 963 137 895 837 508 329 462 106 356
internal_count=1953 1035 918 861 818 963 137 895 837 508 329 462 106 356
is_linear=0
shrinkage=0.05


Tree=243
num_leaves=15
num_cat=0
split_feature=1 0 3 2 2 1 1 4 3 4 4 4 3 3
split_gain=1.00912 2.07225 2.72757 3.6628 2.83914 1.5956 1.5365 4.24242 1.37394 3.93064 3.45031 1.78052 2.4544 3.05112
threshold=0.88267879832554763 8.7840000000000025 81.295000000000016 -0.030120304846908235 0.17553149042142802 0.99052327954040398 0.76864763646026912 13.772000000000002 4.5180000000000007 9.8880000000000017 18.054500000000001 9.5375000000000032 32.330500000000008 86.024500000000018
decision_type=2 2 2 2 2 2 2 2 2 2 2 2 2 2
left_child=6 -2 3 -3 5 -4 8 -8 9 -1 -11 12 -10 -14
right_child=1 2 4 -5 -6 -7 7 -9 11 10 -12 -13 13 -15
leaf_value=-0.0027402706114437458 0.0023036631981611308 0.0053034814650635758 -0.0055795130034132674 -0.00046825367007817688 0.0015549037575875156 -0.00028594407692336123 -0.0015496288476107957 0.0087117972733158078 0.0026841287013922507 0.0022711946034325694 -0.0016384846656513153 1.9362166003247805e-05 -0.0018191996506672138 0.00055789619304411487
leaf_weight=40 45 73 65 55 44 40 55 77 72 83 50 1053 51 150
leaf_count=40 45 73 65 55 44 40 55 77 72 83 50 1053 51 150
internal_value=0.000384025 -0.00217391 -0.00379061 0.0015625 -0.00838926 -0.0128571 0.000889025 0.00606061 0.000433622 -0.00375723 0.00037594 0.000980392 0.00457875 0.00174129
internal_weight=1953 322 277 128 149 105 1631 132 1499 173 133 1326 273 201
internal_count=1953 322 277 128 149 105 1631 132 1499 173 133 1326 273 201
is_linear=0
shrinkage=0.05


Tree=244
num_leaves=15
num_cat=0
split_feature=1 0 3 3 1 0 0 0 0 0 0 2 3 1
split_gain=2.05084 2.12124 8.7974 4.24496 4.44285 1.1391 2.18501 1.76038 2.54471 2.67301 1.54349 3.52406 2.56 1.45259
threshold=0.88267879832554763 11.142000000000001 94.369000000000014 59.097500000000004 0.95747632178960107 8.6960000000000015 12.265000000000002 13.275 13.976000000000001 14.534000000000001 10.627500000000001 0.6263638349297701 93.33550000000001 0.71466676797886841
decision_type=2 2 2 2 2 2 2 2 2 2 2 2 2 2
left_child=5 2 -2 -3 -5 -1 10 -8 -9 -10 12 -12 -7 -11
right_child=1 3 -4 4 -6 6 7 8 9 13 11 -13 -14 -15
leaf_value=-0.00057491860856695443 -0.0063840051719274114 0.0040066117547739007 0.0061326508536501401 -0.017911716183059569 -0.0004846805116153031 0.0017905642037622086 -0.0041107102637014063 0.0021355321009703192 -0.0048746695968901951 0.00010345486625138734 0.0041557880704144292 0.0026351415769361808 -0.0013015998428796182 0.0011801105031004234
leaf_weight=301 41 86 66 41 88 60 55 50 42 831 55 78 90 69
leaf_count=301 41 86 66 41 88 60 55 50 42 831 55 78 90 69
internal_value=0.000230415 -0.00341615 0.00233645 -0.00627907 -0.0120155 0.000950337 0.00157895 0.00052531 0.00100806 0.000424628 0.00547703 0.0093985 0.002 0.001
internal_weight=1953 322 107 215 129 1631 1330 1047 992 942 283 133 150 900
internal_count=1953 322 107 215 129 1631 1330 1047 992 942 283 133 150 900
is_linear=0
shrinkage=0.05


Tree=245
num_leaves=15
num_cat=0
split_feature=1 3 4 4 2 3 3 4 0 4 0 0 4 4
split_gain=1.65545 1.18432 2.77932 4.51411 2.35862 0.94824 5.92302 2.76615 2.11791 3.30418 2.44485 1.8371 1.77725 2.60069
threshold=0.99351875964795655 4.5790000000000015 19.314000000000004 15.205000000000002 -0.6815963802609516 73.226500000000016 80.187000000000012 7.315500000000001 21.741500000000002 11.099500000000003 20.546500000000005 19.166000000000004 19.679500000000001 21.828500000000002
decision_type=2 2 2 2 2 2 2 2 2 2 2 2 2 2
left_child=1 2 3 4 -1 7 -7 -3 10 -10 11 -8 -9 -14
right_child=-2 5 -4 -5 -6 6 8 12 9 -11 -12 -13 13 -15
leaf_value=-0.0064520529551125696 -0.00091466039516697952 0.0032557826010191308 -0.00097186041187190546 0.013016461621628096 0.00016003195478367927 -0.011104091625475555 1.3560786552048454e-06 -5.7172490050112076e-05 -0.00041404354190617554 0.0013093490328447699 -0.0064981860857541429 0.0015792997129471381 0.011834191589842192 -0.00040474064670332767
leaf_weight=40 79 73 47 44 76 58 812 354 42 90 53 72 49 64
leaf_count=40 79 73 47 44 76 58 812 354 42 90 53 72 49 64
internal_value=0.000128008 0.000426894 -0.0031401 0 -0.00517241 0.000869826 4.43656e-05 0.00259259 0.000888681 0.00681818 5.33618e-05 0.000678733 0.00117773 0.00663717
internal_weight=1953 1874 207 160 116 1667 1127 540 1069 132 937 884 467 113
internal_count=1953 1874 207 160 116 1667 1127 540 1069 132 937 884 467 113
is_linear=0
shrinkage=0.05


Tree=246
num_leaves=15
num_cat=0
split_feature=1 3 0 2 0 1 1 2 4 1 0 0 0 0
split_gain=1.72796 1.29301 3.25111 5.19507 5.6832 0.967168 4.36508 4.52266 4.56257 1.68602 1.50827 3.06828 1.81777 1.74783
threshold=0.99351875964795655 4.5790000000000015 23.538500000000003 0.057982974307775707 9.2185000000000024 -0.59817537509284269 -0.69016699705532203 0.57132313271480106 7.5740000000000007 -0.49316180905692092 13.898000000000001 15.620000000000003 17.479500000000005 21.741500000000002
decision_type=2 2 2 2 2 2 2 2 2 2 2 2 2 2
left_child=1 2 3 -1 -5 6 7 8 -3 -7 -10 -12 -13 -14
right_child=-2 5 -4 4 -6 9 -8 -9 10 -11 11 12 13 -15
leaf_value=-0.0098478748788909387 -0.00086892737540863053 0.0054506381755533963 0.0017469803102276361 -0.0047369142001859451 0.0058283913338580025 -0.0010665069564774715 0.010810144395185284 -0.0019217030282230154 0.0017693290630577008 0.00019957725007605789 -0.0090860561337015953 0.0013385263829019502 -0.004239240422660882 0.00017795965615349796
leaf_weight=60 79 49 54 43 50 68 56 51 51 1127 43 59 106 57
leaf_count=60 79 49 54 43 50 68 56 51 51 1127 43 59 106 57
internal_value=0.000281618 0.00058698 -0.0031401 -0.00686275 0.000537634 0.00104979 0.0029661 0.00120192 0.00315068 0.000292887 0.000949367 -0.000566038 0.0018018 -0.000920245
internal_weight=1953 1874 207 153 93 1667 472 416 365 1195 316 265 222 163
internal_count=1953 1874 207 153 93 1667 472 416 365 1195 316 265 222 163
is_linear=0
shrinkage=0.05


Tree=247
num_leaves=15
num_cat=0
split_feature=1 1 1 0 0 0 1 4 1 4 4 4 0 2
split_gain=1.80202 0.865576 1.19957 1.10153 2.03485 2.00811 4.60074 1.90393 1.95209 1.14474 0.866272 1.66702 1.53359 3.36521
threshold=0.99351875964795655 0.98336225177674941 0.96683886033945965 8.6960000000000015 9.1610000000000014 5.7955000000000014 0.23416947364604893 14.193500000000002 0.26744970170045884 18.527500000000003 4.0615000000000006 6.1160000000000005 21.741500000000002 -0.48754425631212789
decision_type=2 2 2 2 2 2 2 2 2 2 2 2 2 2
left_child=1 2 3 5 -5 6 -1 8 -7 -9 -6 -12 -13 -14
right_child=-2 -3 -4 4 10 7 -8 9 -10 -11 11 12 13 -15
leaf_value=-0.0010192687177202231 -0.00082548100663819919 0.0088793880330162896 -0.00036757616140734375 0.0036089931287875882 -0.00031383134131470207 0.002411507706968641 0.0054270613941985735 -0.0095270703431621015 -0.0020344364006354108 -0.0001859732374290213 0.0030830146084643742 -9.6398628033345103e-07 0.00031366920782650718 0.0049145145554468587
leaf_weight=67 79 47 49 40 41 51 51 44 64 51 57 995 277 40
leaf_count=67 79 47 49 40 41 51 51 44 64 51 57 995 277 40
internal_value=0.000435228 0.000747065 0.000574713 0.000787402 0.00137931 -0.00182927 0.00338983 -0.0047619 -0.000434783 -0.01 0.00106383 0.00127831 0.000914634 0.00394322
internal_weight=1953 1874 1827 1778 1450 328 118 210 115 95 1410 1369 1312 317
internal_count=1953 1874 1827 1778 1450 328 118 210 115 95 1410 1369 1312 317
is_linear=0
shrinkage=0.05


Tree=248
num_leaves=15
num_cat=0
split_feature=1 1 1 4 4 2 0 0 2 0 1 1 2 1
split_gain=1.70362 0.921607 1.13247 0.873017 4.27021 3.30465 6.42993 3.93835 3.88285 2.12423 1.40482 3.66198 1.46067 2.57634
threshold=0.99351875964795655 0.98336225177674941 0.96683886033945965 10.178000000000003 9.5375000000000032 -0.58882848911713703 16.645000000000003 22.756500000000006 0.4068650353019454 10.500000000000002 0.76864763646026912 0.81825490718534677 0.97879788253113664 -0.017189842955271383
decision_type=2 2 2 2 2 2 2 2 2 2 2 2 2 2
left_child=1 2 3 4 5 7 8 -1 -7 -10 12 -12 -5 -14
right_child=-2 -3 -4 10 -6 6 -8 -9 9 -11 11 -13 13 -15
leaf_value=0.0048026589815132088 -0.00078420695630628955 0.0084354186313654773 -0.00034919735333697674 -9.1578696631566814e-07 -0.0062987099557746951 0.0046781079859931343 -0.0090792486038852871 -4.1008245485762988e-05 0.00076056749258008325 -0.0058526304694335972 0.0095737394940561896 0.00025007249240635717 0.00069212988687554012 -0.0005052559086891617
leaf_weight=50 79 47 49 1055 49 47 51 63 116 40 46 169 41 51
leaf_count=50 79 47 49 1055 49 47 51 63 116 40 46 169 41 51
internal_value=0.000230415 0.000533618 0.000355774 0.00056243 -0.00144231 0.000408719 -0.00275591 0.00752212 0.00123153 -0.0025641 0.00117474 0.00488372 0.000479512 0.00652174
internal_weight=1953 1874 1827 1778 416 367 254 113 203 156 1362 215 1147 92
internal_count=1953 1874 1827 1778 416 367 254 113 203 156 1362 215 1147 92
is_linear=0
shrinkage=0.05


Tree=249
num_leaves=15
num_cat=0
split_feature=1 1 1 0 0 0 4 4 2 3 1 4 4 3
split_gain=1.72796 0.907435 1.14906 0.543596 2.19982 1.32257 1.14797 3.01974 1.98015 1.23217 0.777823 1.7544 2.52169 3.26854
threshold=0.99351875964795655 0.98336225177674941 0.96683886033945965 8.6960000000000015 8.1490000000000027 9.1610000000000014 13.220000000000001 16.233000000000004 0.87796008470088804 85.126000000000019 1.0000000180025095e-35 23.061500000000006 11.233000000000002 4.0590000000000011
decision_type=2 2 2 2 2 2 2 2 2 2 2 2 2 2
left_child=1 2 3 4 6 -5 8 -8 -1 -10 -7 12 -12 -14
right_child=-2 -3 -4 5 -6 10 7 -9 9 -11 11 -13 13 -15
leaf_value=0.0018768497774690343 -0.00074499660849097489 0.008013647699797205 -0.00033173748567012773 0.0034411977647395954 -0.015633693903533693 0.00019810288565564883 -0.0090406080772385579 0.0001572648323552195 0.001849293121694337 -0.0050921890642006027 -0.0013079996512751228 -0.0016556722653434553 -0.012979214461256173 0.00057451119831074423
leaf_weight=54 79 47 49 40 42 809 53 97 42 40 137 67 41 356
leaf_count=54 79 47 49 40 42 809 53 97 42 40 137 67 41 356
internal_value=0.000281618 0.00058698 0.000410509 0.000618673 -0.00121951 0.00103448 0.00034965 -0.00266667 0.00367647 -0.00121951 0.000780142 -0.000582363 0.000374532 0.00239295
internal_weight=1953 1874 1827 1778 328 1450 286 150 136 82 1410 601 534 397
internal_count=1953 1874 1827 1778 328 1450 286 150 136 82 1410 601 534 397
is_linear=0
shrinkage=0.05


Tree=250
num_leaves=15
num_cat=0
split_feature=1 1 0 3 2 1 0 2 4 0 1 0 1 4
split_gain=0.755684 1.80258 0.980088 2.37719 2.88068 2.45605 1.50518 2.99764 2.57325 2.44793 2.01879 2.20417 1.11737 3.28067
threshold=0.84293373149377093 0.76864763646026912 8.9100000000000019 51.644000000000005 0.8524709262517346 0.1837425755813806 14.344000000000003 0.32694223331140743 13.265500000000001 12.059000000000001 0.081558489694578698 12.265000000000002 -0.59055600833485233 7.5740000000000007
decision_type=2 2 2 2 2 2 2 2 2 2 2 2 2 2
left_child=1 2 3 5 -5 -1 8 12 9 -4 11 -10 -8 -14
right_child=-2 -3 6 4 -6 -7 7 -9 10 -11 -12 -13 13 -15
leaf_value=-0.00088499655137019503 -0.00022523933296501693 0.0022580298297904923 0.0040486361500790017 -0.0064751964448924422 -0.00028153224485194804 0.0066840543883515515 0.00025692315054654246 -0.0035427648463449051 0.002172472463504588 0.0094355566168066451 -0.0014376935997310715 -0.00093002169442601426 -0.0022730975163891831 7.0287002850932814e-05
leaf_weight=57 373 81 68 57 134 41 337 50 95 40 85 54 42 439
leaf_count=57 373 81 68 57 134 41 337 50 95 40 85 54 42 439
internal_value=0.000281618 0.000759494 0.000366911 -0.00224913 -0.00549738 0.00408163 0.000991736 -0.000115207 0.00380117 0.0101852 0.000854701 0.00436242 0.000611247 -0.000935551
internal_weight=1953 1580 1499 289 191 98 1210 868 342 108 234 149 818 481
internal_count=1953 1580 1499 289 191 98 1210 868 342 108 234 149 818 481
is_linear=0
shrinkage=0.05


Tree=251
num_leaves=15
num_cat=0
split_feature=0 0 1 3 2 0 3 3 4 1 0 3 0 2
split_gain=0.99685 3.29678 2.32791 2.39198 1.69616 1.60177 1.37238 4.35974 3.49878 2.25743 3.4944 1.28704 2.35294 3.77326
threshold=19.980500000000003 19.563000000000006 0.25084665036108239 7.7440000000000007 -0.9951106240145321 20.771500000000003 29.440500000000004 81.295000000000016 11.099500000000003 -0.40097094742861966 22.664000000000005 18.732000000000003 17.102500000000003 0.80444483470750872
decision_type=2 2 2 2 2 2 2 2 2 2 2 2 2 2
left_child=1 11 4 -4 -2 -6 8 -8 -7 10 -9 12 13 -1
right_child=2 -3 3 -5 5 6 7 9 -10 -11 -12 -13 -14 -15
leaf_value=-0.0014126914160495941 -0.0022510800277586564 -0.011787866127065227 0.0089990302745296957 0.00030218010479519735 0.0025847667128290398 0.0052036284976510446 -0.0098065849953189801 -0.0046240666081609075 -0.00043341717447187847 0.0036924824327580819 0.0012983418358476608 0.00012641103621353206 0.00276906672419181 0.001074607736056718
leaf_weight=165 48 42 41 50 41 44 71 48 67 43 44 1108 51 90
leaf_count=165 48 42 41 50 41 44 71 48 67 43 44 1108 51 90
internal_value=0.000179211 -0.000480769 0.00211268 0.00934066 0.000492611 0.00167598 0.000473186 -0.00194175 0.00495495 0.00333333 -0.00108696 -7.07214e-05 -0.00294118 -0.00490196
internal_weight=1953 1456 497 91 406 358 317 206 111 135 92 1414 306 255
internal_count=1953 1456 497 91 406 358 317 206 111 135 92 1414 306 255
is_linear=0
shrinkage=0.05


Tree=252
num_leaves=15
num_cat=0
split_feature=4 4 1 1 1 3 3 3 3 1 3 4 3 4
split_gain=1.04926 2.05841 2.70509 5.26675 4.08164 2.13304 2.03696 1.67611 3.43469 2.74063 3.27073 5.90226 3.04857 2.52893
threshold=11.493500000000003 11.177500000000002 0.59055600833485278 0.9253073452222943 0.30041382580050413 4.5180000000000007 81.295000000000016 99.997500000000016 99.050000000000026 -0.59817537509284269 32.330500000000008 15.495000000000003 3.8790000000000004 23.996500000000001
decision_type=2 2 2 2 2 2 2 2 2 2 2 2 2 2
left_child=1 2 4 6 5 -1 -4 8 9 10 12 -12 -2 -11
right_child=7 -3 3 -5 -6 -7 -8 -9 -10 13 11 -13 -14 -15
leaf_value=-0.0011082788717822645 0.0019482579114741426 -0.0017201681157502161 -0.0013743969054128365 0.0023993189261980684 0.013673431996642615 0.00019541332079994479 -0.014452926912807232 0.00065922671026470844 -0.0011576316921479174 -0.00027989482835194811 -0.0030754126458728357 0.0050699492378278831 -0.0010437554667319883 0.00053531553681291364
leaf_weight=41 42 40 43 70 44 289 51 503 87 507 43 73 64 56
leaf_count=41 42 40 43 70 44 289 51 503 87 507 43 73 64 56
internal_value=0.000230415 -0.00155709 -0.000743494 -0.00609756 0.00160428 -0.00030303 -0.0138298 0.000981818 -0.000344037 0.000700637 0.00540541 0.0112069 -0.000943396 -0.00115453
internal_weight=1953 578 538 164 374 330 94 1375 872 785 222 116 106 563
internal_count=1953 578 538 164 374 330 94 1375 872 785 222 116 106 563
is_linear=0
shrinkage=0.05


Tree=253
num_leaves=15
num_cat=0
split_feature=3 3 4 4 0 1 4 1 1 0 4 4 4 3
split_gain=1.15181 2.6496 2.21697 2.06086 2.30092 2.77279 4.53836 2.99514 2.25452 3.04737 1.95457 3.43097 2.53241 2.3074
threshold=99.997500000000016 99.901000000000025 23.996500000000001 7.4285000000000005 21.502000000000006 0.47434769705567625 19.441000000000003 0.81825490718534677 0.73831951690629083 11.456000000000001 17.886500000000002 17.226000000000003 18.446500000000004 4.9820000000000011
decision_type=2 2 2 2 2 2 2 2 2 2 2 2 2 2
left_child=1 2 10 -2 5 -5 8 -8 -7 -10 11 -1 -12 -14
right_child=3 -3 -4 4 -6 6 7 -9 9 -11 12 -13 13 -15
leaf_value=-7.6066691855924276e-05 -0.0047306787506840309 -0.0038135607023184557 0.00050854975997226823 -0.00082540914681613123 0.00073987291210717574 0.013007169980505953 0.0047639461108109687 -0.0011046601515747934 0.004917545140184932 -0.0039662666892970851 -0.0037293383406514381 0.0082317346270027736 -0.0030546355433777694 -3.155267819253908e-05
leaf_weight=774 69 57 76 325 58 44 41 43 57 50 41 42 48 228
leaf_count=774 69 57 76 325 58 44 41 43 57 50 41 42 48 228
internal_value=2.56016e-05 -0.000868878 -0.000372208 0.00167394 0.002589 0.00160714 0.00574468 -0.00357143 0.0109272 0.00700935 -0.000926743 0.000367647 -0.00425868 -0.00253623
internal_weight=1953 1266 1209 687 618 560 235 84 151 107 1133 816 317 276
internal_count=1953 1266 1209 687 618 560 235 84 151 107 1133 816 317 276
is_linear=0
shrinkage=0.05


Tree=254
num_leaves=15
num_cat=0
split_feature=3 3 4 4 0 0 3 1 1 0 2 0 1 2
split_gain=1.01314 2.72967 2.12913 1.70275 1.59806 2.61562 2.99517 5.39852 7.52868 2.47083 1.46618 4.1906 3.52075 2.56889
threshold=99.997500000000016 99.901000000000025 23.996500000000001 21.828500000000002 27.819000000000003 19.872500000000006 1.3695000000000002 0.081558489694578698 -0.56246696819245956 22.260000000000002 0.57132313271480106 11.0905 0.81825490718534677 0.70329649815198148
decision_type=2 2 2 2 2 2 2 2 2 2 2 2 2 2
left_child=1 2 3 4 5 -1 -7 8 9 -8 11 -2 -13 -12
right_child=10 -3 -4 -5 -6 6 7 -9 -10 -11 13 12 -14 -15
leaf_value=-0.00016058591019049717 0.0041282618572205318 -0.0036228826672025333 0.00048312227197365725 -0.0015936114912678434 -0.0020703947234302247 -0.000979663074482845 0.012019858350959652 0.0073894638002747872 -0.0067500415142757453 0.00015072090618440393 -0.013809550152673418 0.00033176869945279188 -0.0025568228964771623 0.00072289561028118169
leaf_weight=692 80 57 76 87 51 45 43 79 82 54 45 283 79 200
leaf_count=692 80 57 76 87 51 45 43 79 82 54 45 283 79 200
internal_value=0.000128008 -0.0007109 -0.000206782 -0.000750221 -0.000191205 0.000251256 0.00412541 0.00620155 0.00139665 0.0108247 0.00167394 0.00339367 0.00110497 -0.00142857
internal_weight=1953 1266 1209 1133 1046 995 303 258 179 97 687 442 362 245
internal_count=1953 1266 1209 1133 1046 995 303 258 179 97 687 442 362 245
is_linear=0
shrinkage=0.05


Tree=255
num_leaves=15
num_cat=0
split_feature=3 3 4 4 4 2 3 0 3 0 0 3 3 2
split_gain=1.15181 2.6496 1.56742 1.6971 3.43097 1.98345 6.23295 2.22421 2.1519 3.88629 4.04249 2.6265 2.34051 2.20271
threshold=99.997500000000016 99.901000000000025 23.996500000000001 17.886500000000002 17.226000000000003 -0.7418964003681634 92.912500000000009 27.255000000000006 0.15700000000000003 6.9940000000000007 20.223500000000005 90.673500000000018 97.438000000000002 0.6971494193916894
decision_type=2 2 2 2 2 2 2 2 2 2 2 2 2 2
left_child=1 2 3 4 5 6 7 -1 -7 -10 11 13 -13 -11
right_child=-2 -3 -4 -5 -6 8 -8 -9 9 10 -12 12 -14 -15
leaf_value=0.00029736030530824742 0.00031288733944460082 -0.0034417385338424062 0.00045896615837497383 -0.00045649862360379605 0.0078203945207527877 -0.0022581373817990636 0.008769243164652633 -0.0025264236668703591 0.0019818918369651078 -0.0040592314217029026 0.0014153982826225738 -0.010301763990372702 -0.0005135977039068193 0.0040379839640740161
leaf_weight=135 687 57 76 317 42 59 44 43 70 181 88 47 46 61
leaf_count=135 687 57 76 317 42 59 44 43 70 181 88 47 46 61
internal_value=2.56016e-05 -0.000868878 -0.000372208 -0.000838482 0.000367647 -0.000387597 0.0036036 -0.000561798 -0.00199275 -0.000912779 -0.00271868 -0.00522388 -0.0123656 -0.00247934
internal_weight=1953 1266 1209 1133 816 774 222 178 552 493 423 335 93 242
internal_count=1953 1266 1209 1133 816 774 222 178 552 493 423 335 93 242
is_linear=0
shrinkage=0.05


Tree=256
num_leaves=15
num_cat=0
split_feature=1 4 3 0 4 4 4 3 1 3 4 0 4 3
split_gain=0.841029 0.916494 4.06205 2.52637 4.93835 2.10038 3.75079 2.05967 3.00612 2.43533 2.71492 7.24152 3.19746 2.5855
threshold=-0.99273952934267318 22.013500000000004 12.872000000000002 10.994500000000002 26.231000000000005 23.369500000000006 25.668000000000003 10.397000000000002 -0.59055600833485233 29.440500000000004 19.441000000000003 13.275 18.446500000000004 20.073000000000004
decision_type=2 2 2 2 2 2 2 2 2 2 2 2 2 2
left_child=-1 7 -3 4 -4 -5 -7 8 -2 13 12 -12 -11 -9
right_child=1 2 3 5 -6 6 -8 9 -10 10 11 -13 -14 -15
leaf_value=0.00015226351378583026 -0.0016847266962421476 0.0011514508305726062 0.0082160574948576589 0.00047844955665347357 -0.0014566537857262391 -0.010104414727524304 4.571919054717211e-05 -6.0792428979951357e-05 -0.00041162944317647555 2.6131728691503044e-05 -0.0086076973954293343 0.00011569888930173801 0.0023635686675360424 0.0049920045559812892
leaf_weight=70 100 40 45 61 48 47 59 42 279 909 57 81 72 43
leaf_count=70 100 40 45 61 48 47 59 42 279 909 57 81 72 43
internal_value=0.000332821 0.000132767 0.00266667 0.000384615 0.00698925 -0.00329341 -0.00754717 -0.000347442 -0.00356201 0.000664452 4.46828e-05 -0.00652174 0.0009684 0.00882353
internal_weight=1953 1883 300 260 93 167 106 1583 379 1204 1119 138 981 85
internal_count=1953 1883 300 260 93 167 106 1583 379 1204 1119 138 981 85
is_linear=0
shrinkage=0.05


Tree=257
num_leaves=15
num_cat=0
split_feature=3 3 4 1 4 1 0 1 4 4 0 2 2 4
split_gain=1.00261 2.11004 2.98965 2.15591 1.45735 2.26269 4.11536 3.85047 3.22512 3.80801 3.012 3.24668 2.72751 2.52121
threshold=99.997500000000016 98.685500000000005 15.719000000000003 -0.17552986495351994 7.4285000000000005 0.60434081882701174 8.3615000000000013 0.81825490718534677 17.795000000000005 16.191000000000006 16.213500000000003 0.81502833751681136 0.39110220707247995 25.572000000000006
decision_type=2 2 2 2 2 2 2 2 2 2 2 2 2 2
left_child=1 -1 3 -3 -2 8 -7 -8 9 10 11 -6 -10 -14
right_child=4 2 -4 -5 5 6 7 -9 12 -11 -12 -13 13 -15
leaf_value=3.5235578881326335e-05 -0.0045276842015292756 0.0031192487408536031 -0.0041773416390153443 -0.00031783776418593465 -0.0086922680477815595 0.0063854499840492046 0.0079025052474664906 -0.0001815256910970016 0.0033388174668522331 -0.012209430960193066 0.00054972412496544503 0.0011055824014730238 0.0014347329672179693 -0.0040000129165025187
leaf_weight=1105 69 41 69 51 47 44 53 105 82 40 85 58 60 44
leaf_count=1105 69 41 69 51 47 44 53 105 82 40 85 58 60 44
internal_value=0.000281618 -0.000552923 -0.00590062 0 0.00181951 0.002589 0.00693069 0.00316456 0.000480769 -0.00347826 -0.000526316 -0.00619048 0.00537634 0
internal_weight=1953 1266 161 92 687 618 202 158 416 230 190 105 186 104
internal_count=1953 1266 161 92 687 618 202 158 416 230 190 105 186 104
is_linear=0
shrinkage=0.05


Tree=258
num_leaves=15
num_cat=0
split_feature=0 0 0 0 3 3 1 4 3 3 4 0 1 0
split_gain=0.90283 3.00952 2.84087 2.49717 2.21241 2.02254 1.9711 1.65554 4.78309 4.28877 2.93669 1.34302 3.16705 1.58356
threshold=13.976000000000001 13.098500000000003 12.660500000000001 14.685500000000003 88.414000000000016 4.9250000000000007 0.9685579242316591 20.458000000000002 99.848000000000013 55.778500000000008 19.441000000000003 5.7955000000000014 0.23416947364604893 12.133500000000002
decision_type=2 2 2 2 2 2 2 2 2 2 2 2 2 2
left_child=1 2 5 4 -2 -1 7 10 9 -9 -5 12 -7 -13
right_child=3 -3 -4 6 -6 11 -8 8 -10 -11 -12 13 -14 -15
leaf_value=-0.0011417125322297447 -5.4458184910649576e-05 0.0012207697825624185 -0.010072630394764977 -3.8120347175521486e-05 -0.0055091914750884999 -0.00051199732516594922 0.0064927940160414317 0.0020694658351948949 0.01727007578390128 -0.0087369275521555767 -0.0098178612222298844 3.8769834104008913e-05 0.0061410998799851686 0.0022236042329422724
leaf_weight=76 43 88 40 727 40 55 43 59 44 48 49 539 48 54
leaf_count=76 43 88 40 727 40 55 43 59 44 48 49 539 48 54
internal_value=0.000281618 0.00144444 0.000492611 -0.000712251 -0.00903614 0.0011658 0 -0.000485437 0.00430464 -0.00140187 -0.00141753 0.00201149 0.00728155 0.00109612
internal_weight=1953 900 812 1053 83 772 970 927 151 107 776 696 103 593
internal_count=1953 900 812 1053 83 772 970 927 151 107 776 696 103 593
is_linear=0
shrinkage=0.05


Tree=259
num_leaves=15
num_cat=0
split_feature=3 0 2 3 0 3 0 2 0 4 4 0 0 0
split_gain=1.0186 1.85544 3.44465 2.65383 3.42606 2.55747 4.29637 1.7441 1.55314 2.34866 1.13529 3.00543 1.89091 2.13294
threshold=20.073000000000004 6.519000000000001 0.75047916603754417 1.0000000180025095e-35 17.102500000000003 4.0590000000000011 21.148000000000003 0.4068650353019454 6.519000000000001 12.301000000000002 20.624500000000001 9.5805000000000025 11.0905 13.098500000000003
decision_type=2 2 2 2 2 2 2 2 2 2 2 2 2 2
left_child=1 -1 3 -3 7 -6 -7 -5 9 -2 -10 -12 -13 -14
right_child=8 2 -4 4 5 6 -8 -9 10 -11 11 12 13 -15
leaf_value=-0.0016481818223019501 -0.0029020589153563453 0.00015016743588149394 0.0069430149603303742 -0.0080667073483368327 -0.0078419901885377393 0.0036252746782694748 -0.00032048895858269869 -0.00080279681881880176 0.00015997856306557701 0.0057079492345547544 -0.012046074512686142 0.0030405275394039702 -0.0023157073517167588 0.00018744884231114355
leaf_weight=51 48 73 54 78 58 47 73 47 1041 69 54 40 62 158
leaf_count=51 48 73 54 78 58 47 73 47 1041 69 54 40 62 158
internal_value=0.000230415 -0.00176715 -0.000697674 -0.00239362 -0.00445545 0 0.00416667 -0.0108 0.000883152 0.00641026 0.000405904 -0.0022293 0 -0.00181818
internal_weight=1953 481 430 376 303 178 120 125 1472 117 1355 314 260 220
internal_count=1953 481 430 376 303 178 120 125 1472 117 1355 314 260 220
is_linear=0
shrinkage=0.05


Tree=260
num_leaves=15
num_cat=0
split_feature=4 3 4 2 2 2 0 3 0 2 0 1 4 0
split_gain=0.759806 1.55143 2.62376 1.05654 0.867559 2.84318 2.37721 3.07943 2.5533 2.14432 2.06494 1.63399 1.62427 1.41387
threshold=25.133500000000002 85.689500000000024 27.834500000000002 0.98805528087738748 0.63874942205152718 0.70329649815198148 6.1860000000000008 5.8465000000000016 10.322000000000001 0.53553085593708327 8.9815000000000023 0.23416947364604893 13.686500000000002 9.4710000000000019
decision_type=2 2 2 2 2 2 2 2 2 2 2 2 2 2
left_child=3 -2 -3 4 9 -6 11 -8 10 13 12 -7 -9 -1
right_child=1 2 -4 -5 5 6 7 8 -10 -11 -12 -13 -14 -15
leaf_value=0.00098495061446385312 0.00037744522936209308 0.0061587818731238036 -0.0024407587076879511 0.0013847481094254766 -0.0077556444730969626 -0.0066335536514249621 0.0082241376154855838 0.0014339785687446623 -0.0052458806776055694 0.0016357440123963452 0.0018725678730308699 -0.00027152010627253805 -0.0067191126430947547 -3.3091550891819513e-05
leaf_weight=70 40 43 63 71 42 40 49 53 57 71 40 45 41 1228
leaf_count=70 40 43 63 71 42 40 49 53 57 71 40 45 41 1228
internal_value=0.000640041 0.00410959 0.000943396 0.000359712 0.000115207 -0.0020436 -0.000461538 0.00208333 -0.00078534 0.000693937 0.00298507 -0.00764706 -0.00106383 0.000231125
internal_weight=1953 146 106 1807 1736 367 325 240 191 1369 134 85 94 1298
internal_count=1953 146 106 1807 1736 367 325 240 191 1369 134 85 94 1298
is_linear=0
shrinkage=0.05


Tree=261
num_leaves=15
num_cat=0
split_feature=4 3 4 0 1 2 2 2 4 4 3 3 4 4
split_gain=0.805321 1.55143 1.49862 0.917223 1.84147 1.68967 2.5682 2.49976 4.31008 3.69126 1.3432 1.84863 1.37535 3.39679
threshold=25.133500000000002 85.689500000000024 27.834500000000002 6.1860000000000008 0.23416947364604893 0.81404609350821777 0.72731766296277522 0.87796008470088804 15.579000000000002 10.827500000000002 1.0000000180025095e-35 4.5180000000000007 8.8190000000000008 6.9720000000000004
decision_type=2 2 2 2 2 2 2 2 2 2 2 2 2 2
left_child=3 -2 -3 4 -1 6 10 -7 9 -9 -5 -12 13 -13
right_child=1 2 -4 5 -6 7 -8 8 -10 -11 11 12 -14 -15
leaf_value=-0.0030348965843496251 0.00035857296789398727 0.0058508427794676139 -0.0023187207723035508 0.00068723337158148605 0.00041268926435700796 0.0030946083385890752 -0.0021232390946906961 0.0052243025608620765 0.0074380108530146122 -0.0087560205132369874 -0.0092800576159203143 -0.00014372454218625208 -3.141577886626619e-05 0.0013091420642966174
leaf_weight=69 40 43 63 70 65 53 58 46 67 44 84 116 1033 102
leaf_count=69 40 43 63 70 65 53 58 46 67 44 84 116 1033 102
internal_value=0.000537634 0.00410959 0.000943396 0.000249032 -0.00373134 0.000567842 -3.41763e-05 0.0047619 0.00159236 -0.00555556 0.000391459 3.74532e-05 0.000519584 0.00412844
internal_weight=1953 146 106 1807 134 1673 1463 210 157 90 1405 1335 1251 218
internal_count=1953 146 106 1807 134 1673 1463 210 157 90 1405 1335 1251 218
is_linear=0
shrinkage=0.05


Tree=262
num_leaves=15
num_cat=0
split_feature=4 3 4 2 0 1 4 4 4 0 3 3 4 1
split_gain=0.828574 1.55143 1.49862 0.663024 0.821091 2.96703 1.23828 2.81492 2.68395 2.63165 2.60495 3.72054 2.79219 2.43481
threshold=25.133500000000002 85.689500000000024 27.834500000000002 0.98805528087738748 6.1860000000000008 0.23416947364604893 14.429500000000003 13.935000000000002 15.130000000000001 7.4855000000000009 92.139500000000012 80.632500000000007 16.018000000000004 0.9594338453294492
decision_type=2 2 2 2 2 2 2 2 2 2 2 2 2 2
left_child=3 -2 -3 4 5 -1 7 9 -8 -6 11 12 -10 -11
right_child=1 2 -4 -5 6 -7 8 -9 10 13 -12 -13 -14 -15
leaf_value=-0.0061501311396362328 0.00034064431949928784 0.0055583006404942327 -0.0022027847336883732 0.0014672555331716854 0.0018603564399898743 0.0003920548011391578 -0.0046740513449759161 0.0093467503270234075 0.0034434005367564528 -6.9756121756220368e-05 -0.0004008703861190611 0.0070136920474695389 -0.00010965281889373791 0.0029962556758155903
leaf_weight=40 40 43 63 71 50 65 64 49 43 647 366 42 295 75
leaf_count=40 40 43 63 71 50 65 64 49 43 647 366 42 295 75
internal_value=0.000486431 0.00410959 0.000943396 0.000193691 0 -0.00428571 0.000275904 0.00164434 -0.00111111 0.000906736 -0.000268097 0.00263158 0.000887574 0.000138504
internal_weight=1953 146 106 1807 1736 105 1631 821 810 772 746 380 338 722
internal_count=1953 146 106 1807 1736 105 1631 821 810 772 746 380 338 722
is_linear=0
shrinkage=0.05


Tree=263
num_leaves=15
num_cat=0
split_feature=1 4 3 4 4 4 0 3 3 1 1 0 4 4
split_gain=0.747167 1.20731 2.06939 1.10204 1.04597 1.84893 1.49682 1.38853 3.233 2.82913 5.7302 2.48777 3.01682 3.4717
threshold=0.99351875964795655 24.863500000000005 94.625000000000014 27.834500000000002 22.546000000000003 22.013500000000004 13.275 8.5135000000000023 15.379500000000002 -0.89391031859722847 -0.59055600833485233 6.519000000000001 12.161500000000002 15.205000000000002
decision_type=2 2 2 2 2 2 2 2 2 2 2 2 2 2
left_child=1 4 -3 -4 5 7 -6 9 -9 -1 -11 -12 -13 -14
right_child=-2 2 3 -5 6 -7 -8 8 -10 10 11 12 13 -15
leaf_value=0.00074997385390787596 -0.00064542345446415576 0.00079360587983209885 0.0082222034565910939 -0.0015757619814526502 0.00022547883641963482 0.0045277589763319942 -0.0013083942370913705 0.0084115336408302818 8.2291168509152082e-05 -0.0037631812165756563 -0.0024016605783452483 0.0032409775715413315 -0.012918893691288114 0.00093317552855343329
leaf_weight=40 79 42 42 56 48 41 62 40 1187 62 42 89 43 80
leaf_count=40 79 42 42 56 48 41 62 40 1187 62 42 89 43 80
internal_value=0.000332821 0.000533618 0.005 0.00102041 0.00017301 0.000492611 -0.00454545 0.000221099 0.00101874 -0.00252809 -0.00411392 -0.000787402 0.00141509 -0.00365854
internal_weight=1953 1874 140 98 1734 1624 110 1583 1227 356 316 254 212 123
internal_count=1953 1874 140 98 1734 1624 110 1583 1227 356 316 254 212 123
is_linear=0
shrinkage=0.05


Tree=264
num_leaves=15
num_cat=0
split_feature=1 0 0 0 3 3 4 2 4 4 4 1 0 1
split_gain=0.74227 2.45874 1.61273 4.12949 2.42349 2.57087 2.35315 3.99015 2.45432 3.0978 2.06787 2.11653 1.95371 1.56522
threshold=0.44380628866780453 4.4200000000000008 20.611500000000003 18.540500000000005 4.9975000000000014 20.073000000000004 20.692500000000006 0.092265415903232631 16.908500000000004 15.579000000000002 8.7045000000000012 0.73831951690629083 11.520500000000002 0.88267879832554763
decision_type=2 2 2 2 2 2 2 2 2 2 2 2 2 2
left_child=1 -1 3 4 -2 -6 8 -8 9 10 -7 -12 -13 -10
right_child=2 -3 -4 -5 5 6 7 -9 13 -11 11 12 -14 -15
leaf_value=-0.0041370929666390442 0.0050349563985089768 0.00015749164097199065 0.006953023830340444 -0.010876412572168421 -0.0059383191657281682 -0.0060343046659742097 -0.001776206655884027 0.0011753676470880354 0.0017249919675366406 -0.0027786180012882552 0.0033757898685443199 0.00091644930788635959 -0.00043968156052759323 0.0015454009968611376
leaf_weight=61 52 1172 43 52 71 64 70 58 46 41 58 52 67 46
leaf_count=61 52 1172 43 52 71 64 70 58 46 41 58 52 67 46
internal_value=2.56016e-05 0.000770479 -0.00125 -0.00184638 -0.00072 -0.00165794 -0.000398406 -0.00625 0.00160428 -0.00070922 0.00145228 0.00423729 0.000420168 0.00869565
internal_weight=1953 1233 720 677 625 573 502 128 374 282 241 177 119 92
internal_count=1953 1233 720 677 625 573 502 128 374 282 241 177 119 92
is_linear=0
shrinkage=0.05


Tree=265
num_leaves=15
num_cat=0
split_feature=1 1 3 1 3 4 0 2 2 3 4 4 1 1
split_gain=0.763317 1.09822 2.00365 1.59768 0.926429 2.38582 1.62299 2.64757 2.3361 1.54908 1.29876 1.03987 6.72432 3.63005
threshold=0.99351875964795655 0.95236875646279973 99.987500000000011 0.91348692408873478 0.015500000000000002 14.736500000000001 24.995000000000001 -0.96801877525786306 -0.84565824135800816 2.6875000000000004 5.1375000000000002 10.178000000000003 0.74620497228242788 0.76864763646026912
decision_type=2 2 2 2 2 2 2 2 2 2 2 2 2 2
left_child=1 3 -3 4 5 -1 9 -8 -9 -6 -11 12 -12 -13
right_child=-2 2 -4 -5 6 -7 7 8 -10 10 11 13 -14 -15
leaf_value=-0.0021509940753950242 -0.00052434194894674377 -8.7922481702821907e-05 0.0038716673684564776 -0.0033762355827891711 0.0019980919387287328 0.0011140120581278723 -0.0028556993373131168 0.003188546100645884 -0.0070450761025871948 0.001536811312486272 0.00013227994870095849 5.0881889838094827e-05 -0.02371904414095052 0.0031743252719167226
leaf_weight=54 79 78 51 70 50 40 54 40 46 73 198 958 41 121
leaf_count=54 79 78 51 70 50 40 54 40 46 73 198 958 41 121
internal_value=0.000384025 0.00058698 0.00503876 0.00025788 0.000567164 -0.00425532 0.00085389 -0.00428571 0.00116279 0.00135323 0.00104242 0.000682853 -0.00230126 0.00134384
internal_weight=1953 1874 129 1745 1675 94 1581 140 86 1441 1391 1318 239 1079
internal_count=1953 1874 129 1745 1675 94 1581 140 86 1441 1391 1318 239 1079
is_linear=0
shrinkage=0.05


Tree=266
num_leaves=15
num_cat=0
split_feature=4 2 2 2 2 1 3 0 0 4 3 4 4 4
split_gain=0.829633 1.65774 2.07833 1.83301 2.19786 2.91724 5.21937 4.10297 2.72931 2.15168 2.04011 1.65351 1.71722 2.50699
threshold=16.496000000000002 0.61287127154566789 0.72731766296277522 0.34313907657789455 0.092265415903232631 0.33302288323572038 63.595500000000008 18.397500000000004 16.213500000000003 20.458000000000002 99.776500000000013 16.134500000000003 15.719000000000003 15.205000000000002
decision_type=2 2 2 2 2 2 2 2 2 2 2 2 2 2
left_child=11 3 -3 4 5 7 8 -2 -7 -9 -8 12 13 -1
right_child=1 2 -4 -5 -6 6 10 9 -10 -11 -12 -13 -14 -15
leaf_value=7.4981309904062488e-05 0.010652927627632524 0.0059776798865541049 7.1550009389831365e-05 -0.00063303620999681509 0.0015368044956317552 0.0022664859668116879 -0.0092891166702598615 -0.008466485365352593 -0.0046382671506545623 0.0010681896187155482 -0.00059802161132373188 0.0038140702732218871 -0.014994689605264892 0.0078694315077068745
leaf_weight=998 64 43 180 83 51 40 54 96 49 74 68 57 48 48
leaf_count=998 64 43 180 83 51 40 54 96 49 74 68 57 48 48
internal_value=0.000486431 -0.00074813 0.0029148 -0.00215889 -0.00100806 -0.00213483 -0.0063981 0.0017094 0.00280899 -0.00235294 -0.0131148 0.00134666 0.000914077 0.00133843
internal_weight=1953 802 223 579 496 445 211 234 89 170 122 1151 1094 1046
internal_count=1953 802 223 579 496 445 211 234 89 170 122 1151 1094 1046
is_linear=0
shrinkage=0.05


Tree=267
num_leaves=15
num_cat=0
split_feature=1 4 3 0 0 0 0 1 4 2 2 2 2 0
split_gain=1.23806 1.08258 2.76145 2.40944 2.78162 5.85019 7.00297 4.97255 1.74396 1.73162 1.59351 2.14536 1.79138 1.79333
threshold=0.99351875964795655 19.752000000000002 4.9820000000000011 10.950500000000002 13.098500000000003 14.127000000000001 16.899500000000003 0.047250493887438572 26.231000000000005 -0.9951106240145321 -0.9829660752282251 -0.96801877525786306 -0.93704710539067892 23.538500000000003
decision_type=2 2 2 2 2 2 2 2 2 2 2 2 2 2
left_child=1 9 -3 8 -5 -6 -7 -8 -4 -1 -11 -12 -13 -14
right_child=-2 2 3 4 5 6 7 -9 -10 10 11 12 13 -15
leaf_value=-0.0025455994610903395 -0.00046822377093321823 -0.0010718252268657469 0.0033799448123747883 -0.0017546020074124175 0.011789697490520791 -0.0081787159722327314 0.0040916283160231355 -0.0024153116707049341 -0.0015322471213990441 0.0057430211378168118 -0.010619293525251134 0.00079646315346976193 0.00022592012677021545 -0.00050912634777434127
leaf_weight=54 79 46 78 72 40 47 86 44 42 46 40 58 1125 96
leaf_count=54 79 46 78 72 40 47 86 44 42 46 40 58 1125 96
internal_value=0.000435228 0.000693703 -0.00142857 -0.000122249 -0.00259516 0.000230415 -0.00367232 0.00230769 0.00583333 0.00137421 0.00172161 0.00140258 0.00175919 0.00135135
internal_weight=1953 1874 455 409 289 217 177 130 120 1419 1365 1319 1279 1221
internal_count=1953 1874 455 409 289 217 177 130 120 1419 1365 1319 1279 1221
is_linear=0
shrinkage=0.05


Tree=268
num_leaves=15
num_cat=0
split_feature=1 1 3 1 0 1 1 2 1 0 0 2 0 0
split_gain=1.34361 1.30534 2.66758 1.21368 2.87322 2.52181 2.9697 2.15134 1.62193 0.775101 0.989544 5.18357 2.36952 1.62523
threshold=0.99351875964795655 0.95236875646279973 99.987500000000011 0.88267879832554763 11.196000000000003 0.76864763646026912 0.81078196093106825 -0.48754425631212789 0.7228803174530144 5.1610000000000005 13.976000000000001 0.19429706169951341 14.685500000000003 12.786000000000003
decision_type=2 2 2 2 2 2 2 2 2 2 2 2 2 2
left_child=1 3 -3 5 -5 8 -7 -8 9 -1 11 -11 -12 -13
right_child=-2 2 -4 4 -6 6 7 -9 -10 10 12 13 -14 -15
leaf_value=-0.00028849399324580778 -0.00044481258238655564 -9.9447972056260908e-05 0.0036630389281999357 6.3781271859897351e-05 -0.0083523630929637112 0.0060630677926325266 -0.0045065349693961141 0.0018254472199321012 -0.00054531929622393953 0.014907561483763121 -0.0007845414875758364 1.3442645812483668e-05 0.00010058734935336489 0.0012564229652571814
leaf_weight=93 79 78 51 43 71 44 41 47 44 40 44 408 827 43
leaf_count=93 79 78 51 43 71 44 41 47 44 40 44 408 827 43
internal_value=0.000691244 0.000960512 0.00581395 0.000601719 -0.00438596 0.000950337 0.00757576 0.00227273 0.000366911 0.000652921 0.000954479 0.00274949 -5.74053e-05 0.00121951
internal_weight=1953 1874 129 1745 114 1631 132 88 1499 1455 1362 491 871 451
internal_count=1953 1874 129 1745 114 1631 132 88 1499 1455 1362 491 871 451
is_linear=0
shrinkage=0.05


Tree=269
num_leaves=15
num_cat=0
split_feature=1 1 4 4 2 0 2 0 1 0 1 4 2 0
split_gain=0.77964 0.893372 0.770844 1.87033 4.36186 2.30272 4.46512 2.17307 1.81348 2.8106 2.38606 3.30223 2.57473 6.88365
threshold=0.99351875964795655 0.98336225177674941 12.134000000000002 13.380500000000001 -0.47495107206705001 21.741500000000002 -0.69637622559687218 25.557500000000001 0.65765423894015862 12.059000000000001 0.45914483320598681 11.177500000000002 0.48378379397820742 16.460000000000004
decision_type=2 2 2 2 2 2 2 2 2 2 2 2 2 2
left_child=1 2 8 4 -4 -5 7 -7 10 -10 11 12 13 -1
right_child=-2 -3 3 5 -6 6 -8 -9 9 -11 -12 -13 -14 -15
leaf_value=0.016180899952628846 -0.00042257195326722563 0.0077835768938667345 -0.0022441548137148437 -7.0898945093333249e-05 0.0082937379446020709 0.0011450089087869375 0.0005960946799285022 -0.0036571318319013283 0.0005854742050182244 -0.01013393003999144 0.0028689745794324103 -0.0057205028870586597 -0.0013421439217319892 9.1327936297036513e-05
leaf_weight=41 79 47 58 903 74 78 43 51 59 86 42 73 133 186
leaf_count=41 79 47 58 903 74 78 43 51 59 86 42 73 133 186
internal_value=0.000435228 0.000640342 0.000465244 0.00120133 0.00681818 0.000511628 0.00581395 0.00116279 -0.000967742 -0.00586207 0.000526316 -0.000577367 0.00138889 0.00462555
internal_weight=1953 1874 1827 1207 132 1075 172 129 620 145 475 433 360 227
internal_count=1953 1874 1827 1207 132 1075 172 129 620 145 475 433 360 227
is_linear=0
shrinkage=0.05


Tree=270
num_leaves=15
num_cat=0
split_feature=0 1 2 0 2 1 2 0 3 0 2 4 2 1
split_gain=1.08846 4.82916 2.12643 2.3876 1.82633 3.74406 3.26659 3.42857 2.01667 1.82498 1.65344 1.61719 1.59681 10.8583
threshold=19.085000000000004 0.63137065367936085 -0.47495107206705001 21.655000000000005 -0.91084115863148152 -0.56246696819245956 -0.9951106240145321 22.319500000000001 25.743500000000004 18.540500000000005 -0.96356381914947564 15.495000000000003 -0.19851654827941614 -0.36924373704146674
decision_type=2 2 2 2 2 2 2 2 2 2 2 2 2 2
left_child=9 2 4 -4 6 8 -2 -8 -6 12 -9 -7 13 -1
right_child=1 -3 3 -5 5 11 7 10 -10 -11 -12 -13 -14 -15
leaf_value=0.022589725473435979 -0.0020110317999460837 0.0070370332927999352 -0.0026102801790072248 0.0028364981830193065 -0.0034654696953766943 -0.012670618628902362 0.0036105863330092788 -0.00092997759287151156 0.00050634829040755586 -0.02230738905960929 0.0013603899997939929 -0.0025962318921341101 -0.00017277818900417465 -4.1665007085151667e-05
leaf_weight=48 53 44 44 42 40 42 63 72 80 43 54 40 1002 286
leaf_count=48 53 44 44 42 40 42 63 72 80 43 54 40 1002 286
internal_value=0.000435228 0.00226481 0.000943396 0.00813953 -0.00045045 -0.0039604 0.00247934 0.00555556 0.00166667 -0.000326323 0.000793651 -0.0121951 0 0.00299401
internal_weight=1953 574 530 86 444 202 242 189 120 1379 126 82 1336 334
internal_count=1953 574 530 86 444 202 242 189 120 1379 126 82 1336 334
is_linear=0
shrinkage=0.05


Tree=271
num_leaves=15
num_cat=0
split_feature=1 3 3 1 3 3 3 4 4 4 4 2 0 3
split_gain=1.13308 4.16667 4.16667 1.43332 0.739307 3.2702 2.54832 3.18107 2.58528 3.73835 2.79406 2.32728 1.88521 1.82061
threshold=-0.96230016621822467 70.907000000000011 99.997500000000016 -0.94130860066615807 42.000500000000009 56.323500000000003 32.330500000000008 20.458000000000002 16.796000000000003 15.205000000000002 10.498000000000003 -0.6815963802609516 15.324000000000002 62.164000000000009
decision_type=2 2 2 2 2 2 2 2 2 2 2 2 2 2
left_child=1 -1 -3 -2 6 -6 7 8 9 10 12 -12 -5 -7
right_child=3 2 -4 4 5 13 -8 -9 -10 -11 11 -13 -14 -15
leaf_value=0.0015169951815873662 0.00096729115081508124 -0.017690333873486976 -0.00058508395837831293 -0.0001608533655080749 0.0053274860120777444 -0.001877180738108146 -0.017802981387264185 0.000333233935777396 -0.0015594262695060271 0.0059920736500478806 -0.012681476081160194 -5.2762059000623432e-05 0.0032338580992261529 5.7028517446555686e-05
leaf_weight=60 40 40 60 80 68 40 43 74 93 51 57 72 68 1107
leaf_count=60 40 40 60 80 68 40 43 74 93 51 57 72 68 1107
internal_value=0.000281618 -0.00375 -0.01 0.000641383 0.000427838 0.00111111 -0.00111524 -0.00010101 -0.00178147 0.000304878 -0.00198556 -0.00736434 0.0027027 0.000479512
internal_weight=1953 160 100 1793 1753 1215 538 495 421 328 277 129 148 1147
internal_count=1953 160 100 1793 1753 1215 538 495 421 328 277 129 148 1147
is_linear=0
shrinkage=0.05


Tree=272
num_leaves=15
num_cat=0
split_feature=0 2 2 1 0 0 2 0 1 2 3 2 3 3
split_gain=0.876001 3.96714 4.08942 2.76328 3.10838 4.25554 2.72812 2.21699 3.58485 2.5095 1.93751 4.07867 3.63476 2.78296
threshold=17.102500000000003 -0.64297064596386244 -0.7418964003681634 -0.80392051724781044 21.655000000000005 19.462500000000002 -0.13070653084037345 19.594000000000005 0.36523833096101394 -0.99665976668634515 18.732000000000003 0.80444483470750872 4.0590000000000011 4.9250000000000007
decision_type=2 2 2 2 2 2 2 2 2 2 2 2 2 2
left_child=10 2 7 4 5 6 -3 8 -2 -9 11 12 -1 -13
right_child=1 3 -4 -5 -6 -7 -8 9 -10 -11 -12 13 -14 -15
leaf_value=0.00026285869718120012 0.017823552772316422 0.011067513834258092 -0.010964304103675432 0.0050489492063864553 0.00066474152843192663 -0.0072505078237829522 -0.0041297494035897183 -0.0049568714056328128 -0.0069805636103438306 5.2645166126807923e-05 5.8722297172458805e-05 -0.0010048480082628013 -0.0021415776492152124 0.0035341856728395441
leaf_weight=54 44 41 64 67 60 52 40 40 40 305 945 44 111 46
leaf_count=54 44 41 64 67 60 52 40 40 40 305 945 44 111 46
internal_value=0.000588838 0.00192563 -0.000709939 0.00692308 0.00388601 -0.00037594 0.00679012 0.00104895 0.00833333 -0.000724638 -0.00025 -0.00411765 -0.00878788 0.00444444
internal_weight=1953 753 493 260 193 133 81 429 84 345 1200 255 165 90
internal_count=1953 753 493 260 193 133 81 429 84 345 1200 255 165 90
is_linear=0
shrinkage=0.05


Tree=273
num_leaves=15
num_cat=0
split_feature=2 0 0 2 2 2 1 0 0 4 4 4 1 4
split_gain=1.3317 1.30245 3.07187 2.6522 2.52902 3.92132 2.52614 2.03731 1.54748 1.46935 1.93486 1.90379 1.46863 1.30496
threshold=-0.9951106240145321 19.872500000000006 20.546500000000005 -0.47495107206705001 -0.92449049203901279 -0.85470766365158146 -0.17082974322534453 23.284500000000005 18.540500000000005 18.272500000000004 8.948500000000001 12.755000000000001 0.99351875964795655 25.133500000000002
decision_type=2 2 2 2 2 2 2 2 2 2 2 2 2 2
left_child=-1 4 -3 6 -2 -6 9 -8 12 10 -4 -12 13 -7
right_child=1 2 3 -5 5 8 7 -9 -10 -11 11 -13 -14 -15
leaf_value=-0.00068508441465193754 -0.012172277765298931 0.0032532694511694738 0.00045989381661498685 0.0017850034452566027 0.010389571898373532 9.7728806258010073e-06 0.0082521081721100599 7.2568993767170578e-05 -0.0087366777079938233 0.00040992968128518507 -0.011872967407607632 -0.0018019703573724706 -0.00062324441943928388 0.00029305730515452046
leaf_weight=71 40 46 41 64 50 1069 56 78 77 46 48 76 76 115
leaf_count=71 40 46 41 64 50 1069 56 78 77 46 48 76 76 115
internal_value=0.000384025 0.00063762 0.00296703 0.00158924 -0.000105116 0.000252343 -0.000144928 0.00522388 -0.00026178 -0.0035545 -0.00575758 -0.00887097 0.00015873 0.000591216
internal_weight=1953 1882 455 409 1427 1387 345 134 1337 211 165 124 1260 1184
internal_count=1953 1882 455 409 1427 1387 345 134 1337 211 165 124 1260 1184
is_linear=0
shrinkage=0.05


Tree=274
num_leaves=15
num_cat=0
split_feature=2 0 2 1 2 3 2 3 2 0 4 1 1 4
split_gain=1.29143 0.809428 3.04362 3.07664 2.53521 4.14715 3.25712 2.90043 2.43746 1.90267 1.60069 1.53191 1.04077 1.22006
threshold=-0.9951106240145321 19.085000000000004 -0.60505606964884906 -0.86958133671945925 -0.91084115863148152 4.9820000000000011 -0.83635891446581057 98.917000000000016 -0.97218766834954651 18.087500000000002 13.852500000000001 -0.63874350706337046 0.99351875964795655 25.133500000000002
decision_type=2 2 2 2 2 2 2 2 2 2 2 2 2 2
left_child=-1 9 4 10 7 -6 -7 8 -3 12 -4 -8 13 -2
right_child=1 2 3 -5 5 6 11 -9 -10 -11 -12 -13 -14 -15
leaf_value=-0.00065083019391933841 1.8487033506690845e-05 -0.00056271981570943375 0.00074148015312048849 0.0030738896179116617 -0.0082998438225941329 -0.0055722083798315121 -4.5071781911720791e-05 0.0079897057482714567 0.0032619098596216724 -0.0092368239785788758 -0.00020134942081175835 0.0025623932556831045 -0.001542819593663808 0.00027840443989679553
leaf_weight=71 1092 61 45 48 41 55 47 55 73 78 49 47 74 117
leaf_count=71 1092 61 45 48 41 55 47 55 73 78 49 47 74 117
internal_value=0.000281618 0.00053135 0.00220729 0.0084507 -0.000131926 -0.00421053 -0.00033557 0.00396825 0 -0.000110213 0.00319149 0.00531915 0.00035074 0.00070306
internal_weight=1953 1882 521 142 379 190 149 189 134 1361 94 94 1283 1209
internal_count=1953 1882 521 142 379 190 149 189 134 1361 94 94 1283 1209
is_linear=0
shrinkage=0.05


Tree=275
num_leaves=15
num_cat=0
split_feature=2 3 3 3 4 0 1 0 4 0 0 3 3 3
split_gain=1.62627 4.33046 2.54921 3.18369 1.93253 1.11779 2.7438 2.46274 1.8418 1.61084 1.48765 0.978854 3.35201 2.63486
threshold=-0.93090634677745676 96.909500000000023 42.000500000000009 4.9975000000000014 13.772000000000002 21.655000000000005 -0.88606241628642823 23.035500000000003 12.755000000000001 20.894000000000002 20.223500000000005 97.730000000000004 93.976500000000001 99.242500000000021
decision_type=2 2 2 2 2 2 2 2 2 2 2 2 2 2
left_child=1 2 3 -1 -3 9 -7 -8 -9 10 11 12 -2 -13
right_child=5 4 -4 -5 -6 6 7 8 -10 -11 -12 13 -14 -15
leaf_value=0.0020361149401856514 -9.2387970022127928e-06 -0.00084729763907247235 0.011149691472158177 -0.0060012152028518125 -0.00050900863092898649 0.0037362576534413329 0.00033427298471211397 -0.0096031852368084984 0.00094821010470542706 -0.0086021155090002833 0.0029293695686409163 0.0010746914748568058 -0.0012519671644253246 4.9827981008981896e-05
leaf_weight=40 652 53 60 54 55 41 59 46 49 44 49 60 54 637
leaf_count=40 652 53 60 54 55 41 59 46 49 44 49 60 54 637
internal_value=0.000230415 -0.00343511 0.00194805 -0.00319149 -0.0111111 0.000798344 0.00435897 0.0012987 -0.00368421 0.000334225 0.000619835 0.000320741 -0.000991501 0.00164993
internal_weight=1953 262 154 94 108 1691 195 154 95 1496 1452 1403 706 697
internal_count=1953 262 154 94 108 1691 195 154 95 1496 1452 1403 706 697
is_linear=0
shrinkage=0.05


Tree=276
num_leaves=15
num_cat=0
split_feature=2 3 4 3 4 4 2 0 2 0 0 1 0 3
split_gain=1.05574 4.14897 2.51051 1.79741 1.42589 0.856016 2.3307 4.75866 2.51378 1.82249 2.71781 2.62689 2.41049 4.37797
threshold=-0.93090634677745676 96.909500000000023 11.673500000000002 42.000500000000009 13.772000000000002 17.409000000000002 -0.7418964003681634 19.664500000000004 -0.84565824135800816 10.950500000000002 11.892500000000002 0.88933691597811693 7.4855000000000009 93.07350000000001
decision_type=2 2 2 2 2 2 2 2 2 2 2 2 2 2
left_child=1 2 -1 -4 -3 6 7 -2 -9 12 -11 -12 -7 -14
right_child=5 4 3 -5 -6 9 -8 8 -10 10 11 -13 13 -15
leaf_value=0.0043019248086971556 0.010560495705327659 -0.00080493275711884804 -0.0046865200006698587 0.0066148019758768169 -0.00048355819938253889 -0.00033694548272932402 0.00013576630998186486 -0.0034849214075072911 0.0014014306400195826 -0.0019654637771904073 -0.00033499298894434026 0.00077046337701261599 0.013282093245443972 0.00020357106845922681
leaf_weight=52 55 53 59 43 55 66 904 53 40 61 308 71 41 92
leaf_count=52 55 53 59 43 55 66 904 53 40 61 308 71 41 92
internal_value=0.000281618 -0.00267176 0.0025974 -0.00196078 -0.0101852 0.000739208 0.00161597 0.00743243 0.000537634 -0.000704225 -0.0025 -0.000923483 0.00326633 0.00714286
internal_weight=1953 262 154 102 108 1691 1052 148 93 639 440 379 199 133
internal_count=1953 262 154 102 108 1691 1052 148 93 639 440 379 199 133
is_linear=0
shrinkage=0.05


Tree=277
num_leaves=15
num_cat=0
split_feature=2 2 0 0 0 4 1 3 0 0 4 4 2 4
split_gain=0.720663 2.03274 1.34055 1.34337 2.11203 3.25954 2.02965 1.99241 1.91789 2.28771 4.48744 2.3254 2.17603 2.0788
threshold=0.99276848381014016 0.97879788253113664 5.7955000000000014 8.9100000000000019 8.3615000000000013 12.338500000000002 0.99762106698677389 99.997500000000016 11.520500000000002 16.899500000000003 7.9765000000000006 21.710500000000003 -0.64297064596386244 25.133500000000002
decision_type=2 2 2 2 2 2 2 2 2 2 2 2 2 2
left_child=1 2 -1 4 5 -4 8 -7 -5 10 -10 -12 -11 -13
right_child=-2 -3 3 6 -6 7 -8 -9 9 12 11 13 -14 -15
leaf_value=0.00098197149280162687 -0.00044040580196273715 0.00040692012958188918 0.0012275469062964922 0.00094853706548420666 -0.0087349607903528942 -0.0097567724628872705 0.0018973204724963917 6.789517586346939e-05 0.0081032301259147069 -0.00011965040997400367 -0.00020799322682478092 -0.0099828745696368022 0.00057615760969573768 -0.00016010856814667186
leaf_weight=84 67 50 77 232 42 51 41 42 61 497 342 57 269 41
leaf_count=84 67 50 77 232 42 51 41 42 61 497 342 57 269 41
internal_value=-0.000128008 5.30223e-05 -0.000217865 -0.000513699 -0.00424528 -0.00176471 0 -0.00806452 -0.0003002 -0.00106551 -0.00369261 -0.00545455 0.000652742 -0.0122449
internal_weight=1953 1886 1836 1752 212 170 1540 93 1499 1267 501 440 766 98
internal_count=1953 1886 1836 1752 212 170 1540 93 1499 1267 501 440 766 98
is_linear=0
shrinkage=0.05


Tree=278
num_leaves=15
num_cat=0
split_feature=2 0 1 4 3 3 0 4 3 3 3 4 4 4
split_gain=0.883276 2.72934 5.19096 1.76859 2.76089 4.66667 3.78788 2.38583 1.8 1.72221 2.59927 1.09199 2.1137 2.87578
threshold=-0.82681243101696389 19.713000000000005 -0.65189295912203338 20.805000000000003 97.353500000000011 54.14350000000001 25.458000000000002 15.423000000000002 6.2785000000000011 99.716000000000022 7.3550000000000013 25.382500000000004 23.061500000000006 22.169000000000004
decision_type=2 2 2 2 2 2 2 2 2 2 2 2 2 2
left_child=3 11 9 4 5 6 8 -6 -1 10 -3 12 13 -2
right_child=1 2 -4 -5 7 -7 -8 -9 -10 -11 -12 -13 -14 -15
leaf_value=-0.0020210565111316693 -8.9035247647231705e-05 -0.0023895759142017916 0.0090972547458018811 0.0022638287833464331 -0.00036404306356991879 0.007399771719658027 0.0034286275677931858 -0.016857423039564483 -0.0058027816917089192 -0.00033302905320853338 0.00096347502402731886 0.00020351881433796904 -0.0011650010091233786 0.0044264969960503969
leaf_weight=40 1070 43 67 65 95 75 55 42 40 47 72 126 69 47
leaf_count=40 1070 43 67 65 95 75 55 42 40 47 72 126 69 47
internal_value=-0.000128008 0.000421804 0.00545852 -0.00218447 -0.00360231 0 -0.00555556 -0.00912409 -0.0125 0.000617284 0.00391304 -0.000457317 -0.000927487 -0.000402865
internal_weight=1953 1541 229 412 347 210 135 137 80 162 115 1312 1186 1117
internal_count=1953 1541 229 412 347 210 135 137 80 162 115 1312 1186 1117
is_linear=0
shrinkage=0.05


Tree=279
num_leaves=15
num_cat=0
split_feature=2 2 3 3 2 3 3 2 0 0 3 2 0 4
split_gain=0.735219 2.01112 0.945892 3.18516 3.36102 2.37045 4.20502 2.16485 1.87606 3.94854 2.6994 9.29079 6.08761 2.07837
threshold=0.99276848381014016 0.97879788253113664 69.589500000000015 62.164000000000009 0.86993731518838324 56.323500000000003 42.000500000000009 0.94698775307607519 27.255000000000006 23.538500000000003 2.0455000000000005 0.0064435096891653281 20.546500000000005 19.161000000000005
decision_type=2 2 2 2 2 2 2 2 2 2 2 2 2 2
left_child=1 2 3 4 5 6 8 -4 9 10 11 -1 13 -12
right_child=-2 -3 7 -5 -6 -7 -8 -9 -10 -11 12 -13 -14 -15
leaf_value=-0.010641682072150627 -0.00041393374948223708 0.00041792502952206213 -5.9874953422146831e-05 0.0015146412895496065 0.0103200638382873 -0.0021828220496534225 0.0046285550791546762 -0.0084244062331776184 -0.0036777191773707421 0.0022312278776359107 -0.0021643031685431428 0.0011051125601891365 0.011799876597863745 7.4723959414080282e-05
leaf_weight=43 67 50 1072 47 60 40 68 40 53 62 164 49 59 79
leaf_count=43 67 50 1072 47 60 40 68 40 53 62 164 49 59 79
internal_value=-7.68049e-05 0.000106045 -0.000163399 0.00124309 0.000369276 -0.000729335 8.66551e-05 -0.00107914 -0.00147348 -0.000438596 -0.00228426 -0.00978261 0 -0.00349794
internal_weight=1953 1886 1836 724 677 617 577 1112 509 456 394 92 302 243
internal_count=1953 1886 1836 724 677 617 577 1112 509 456 394 92 302 243
is_linear=0
shrinkage=0.05


Tree=280
num_leaves=15
num_cat=0
split_feature=2 2 4 4 4 4 3 4 0 3 1 2 1 0
split_gain=1.06653 2.48952 1.0477 2.7907 2.05883 1.93398 1.91192 1.82762 2.85266 2.05672 2.11591 1.79332 1.8461 1.52317
threshold=0.99055824379501012 0.97879788253113664 14.429500000000003 13.935000000000002 15.130000000000001 13.380500000000001 1.1800000000000002 15.719000000000003 6.519000000000001 5.0460000000000012 -0.94697898371965694 0.92284787786233202 0.98336225177674941 8.2710000000000026
decision_type=2 2 2 2 2 2 2 2 2 2 2 2 2 2
left_child=1 2 3 5 -4 11 -6 -8 -9 -10 -11 12 -1 -12
right_child=-2 -3 4 -5 6 -7 7 8 9 10 13 -13 -14 -15
leaf_value=-3.8471101644593775e-05 -0.00039323706200812547 0.00050514259409406299 -0.00297889563376694 0.0068142866287255691 0.0010677265205736295 -0.0021292704945398201 0.0066298815850597548 0.0068265953861222474 -0.0042465252323599474 0.0027904880595028382 -0.012645476378459237 0.0095658996024632851 0.0048430958840608111 -0.00021480468347034504
leaf_weight=659 77 40 67 53 66 62 50 41 62 69 42 57 43 565
leaf_count=659 77 40 67 53 66 62 50 41 62 69 42 57 43 565
internal_value=-7.68049e-05 0.000159915 -0.000108932 0.00114416 -0.0012474 0.000426309 -0.000614525 -0.00126659 -0.00186136 -0.00257453 -0.00177515 0.00111989 0.00042735 -0.00271829
internal_weight=1953 1876 1836 874 962 821 895 829 779 738 676 759 702 607
internal_count=1953 1876 1836 874 962 821 895 829 779 738 676 759 702 607
is_linear=0
shrinkage=0.05


Tree=281
num_leaves=15
num_cat=0
split_feature=1 1 4 4 2 0 0 0 1 0 1 4 3 1
split_gain=1.02105 1.10372 0.916053 1.94006 3.64746 1.57798 1.55669 2.18965 1.27274 1.36639 1.0826 1.67087 2.58876 1.13745
threshold=0.99351875964795655 0.98009454285431663 27.429500000000001 22.546000000000003 0.52707770864237202 17.102500000000003 6.1860000000000008 6.9065000000000003 0.047250493887438572 4.4200000000000008 0.88933691597811693 11.890500000000001 93.976500000000001 -0.17082974322534453
decision_type=2 2 2 2 2 2 2 2 2 2 2 2 2 2
left_child=1 2 3 6 5 -5 8 -8 -1 -10 13 -12 -13 -9
right_child=-2 -3 -4 4 -6 -7 7 10 9 -11 11 12 -14 -15
leaf_value=-0.0037313631528095321 -0.00045088380320319201 0.0041089963812950383 0.00035938518468067661 -0.003711459524037264 0.00043795794459837168 -0.00042774942247044844 0.0014907354798379957 -5.5986229624974128e-05 0.0015428989000530859 -0.00073007534135943318 -0.012465566536550111 -0.0010820480693753819 0.0012344955476393813 0.00031526298648194286
leaf_weight=40 79 58 76 47 61 54 42 686 42 45 58 49 40 576
leaf_count=40 79 58 76 47 61 54 42 686 42 45 58 49 40 576
internal_value=-0.000128008 0.000106724 -0.000110132 -0.000344828 -0.00555556 -0.0113861 0.000190114 0.000654721 -0.00511811 -0.00172414 0.000319375 -0.0037415 0.000561798 0.000792393
internal_weight=1953 1874 1816 1740 162 101 1578 1451 127 87 1409 147 89 1262
internal_count=1953 1874 1816 1740 162 101 1578 1451 127 87 1409 147 89 1262
is_linear=0
shrinkage=0.05


Tree=282
num_leaves=15
num_cat=0
split_feature=0 0 3 4 3 0 2 3 4 2 2 2 2 3
split_gain=0.738709 2.96033 1.80556 1.94281 1.59324 3.82279 6.77809 1.2067 1.74882 3.07882 6.21844 1.92806 1.40277 2.70936
threshold=6.1860000000000008 6.9065000000000003 6.7545000000000011 12.301000000000002 1.1800000000000002 23.284500000000005 0.057982974307775707 4.5180000000000007 23.369500000000006 0.97879788253113664 0.92284787786233202 0.81404609350821777 -0.23208956585110249 99.43950000000001
decision_type=2 2 2 2 2 2 2 2 2 2 2 2 2 2
left_child=2 -2 -1 -4 5 6 -3 -6 9 10 11 -9 -10 -14
right_child=1 4 3 -5 7 -7 -8 8 12 -11 -12 -13 13 -15
leaf_value=-0.0029708975595686884 0.0014161987058460947 -0.0074178090959775905 -0.0029560915727030348 0.0013360314406786922 -0.0065051103696434093 0.016486146624990539 0.0046806284854734887 5.5208185740007746e-06 -0.0030598927035500492 0.0086995858328616209 -0.016453952977382464 0.0024983842103544502 0.0045866589950569253 -0.0025212311522457512
leaf_weight=40 48 41 43 61 48 43 54 1231 50 46 42 70 41 95
leaf_count=40 48 41 43 61 48 43 54 1231 50 46 42 70 41 95
internal_value=-2.56016e-05 0.000248756 -0.00347222 0 -8.51789e-05 0.00507246 -0.000526316 -0.000523722 -0.000285714 0.000323974 -0.00011169 0.000499616 -0.00483871 -0.00220588
internal_weight=1953 1809 144 104 1761 138 95 1623 1575 1389 1343 1301 186 136
internal_count=1953 1809 144 104 1761 138 95 1623 1575 1389 1343 1301 186 136
is_linear=0
shrinkage=0.05


Tree=283
num_leaves=15
num_cat=0
split_feature=3 2 4 3 2 1 1 4 1 4 1 0 2 2
split_gain=0.870091 2.16716 5.33556 1.85454 6.26686 2.43086 3.27164 2.27556 1.99924 2.85747 2.36647 2.99465 3.30601 1.78642
threshold=90.673500000000018 0.86993731518838324 16.018000000000004 97.730000000000004 0.12643880951666986 -0.96230016621822467 -0.90149333598846393 14.736500000000001 0.69016699705532247 11.673500000000002 0.98521098335796142 11.892500000000002 0.42110087079608943 0.78298010367706283
decision_type=2 2 2 2 2 2 2 2 2 2 2 2 2 2
left_child=1 13 -3 4 7 -5 -7 -2 -8 -10 11 12 -11 -1
right_child=3 2 -4 5 -6 6 8 -9 9 10 -12 -13 -14 -15
leaf_value=0.00013555435815696266 0.004284644767493395 -0.00055634686954482155 0.008415933608977284 -0.00096845513302055986 -0.0090980188621046093 0.0014684274182238265 -0.00021312915672511701 -0.0043184109020284189 -0.0020314868685360199 -0.0004903972868011558 -0.00031711996945777977 0.015177490955310869 0.0039986814493098103 -0.0018828235369644103
leaf_weight=779 40 75 45 75 43 49 505 50 71 41 41 55 44 40
leaf_count=779 40 75 45 75 43 49 505 50 71 41 41 55 44 40
internal_value=0.000128008 0.00122471 0.0075 -0.000887574 -0.00639098 -5.67537e-05 0.000744417 0.00111111 -6.60502e-05 0.00357143 0.00690608 0.01 0.00411765 0.00030525
internal_weight=1953 939 120 1014 133 881 806 90 757 252 181 140 85 819
internal_count=1953 939 120 1014 133 881 806 90 757 252 181 140 85 819
is_linear=0
shrinkage=0.05


Tree=284
num_leaves=15
num_cat=0
split_feature=2 4 4 0 0 2 3 0 0 2 0 2 0 3
split_gain=1.10474 1.74724 0.972391 2.77338 1.51895 3.65317 1.96872 1.92094 3.27705 1.17083 1.44 1.19747 1.43526 2.69544
threshold=0.99055824379501012 29.765500000000003 5.1375000000000002 15.465000000000002 23.925000000000001 -0.96801877525786306 82.228500000000011 22.319500000000001 21.741500000000002 -0.93090634677745676 19.594000000000005 0.94698775307607519 12.448500000000001 5.0460000000000012
decision_type=2 2 2 2 2 2 2 2 2 2 2 2 2 2
left_child=1 2 3 -1 7 -6 -7 8 9 10 -4 12 13 -11
right_child=-2 -3 4 -5 5 6 -8 -9 -10 11 -12 -13 -14 -15
leaf_value=0.0093962422407375817 -0.00074399545047031947 0.0018301294046780049 4.7820841657797432e-05 -0.0011522178724571689 -0.00061211536435747951 0.00051193495411077099 0.0042624380198375443 -0.00041115476055500759 0.0013040300109869035 -0.00071288541480483839 -0.0031754904650491151 -0.001053215784772943 -0.00016358812856486217 0.00031012029137562626
leaf_weight=58 77 45 50 50 73 75 41 88 48 72 50 95 686 445
leaf_count=58 77 45 50 50 73 75 41 88 48 72 50 95 686 445
internal_value=2.56016e-05 0.000266525 2.73075e-05 0.00462963 -0.000261172 0.00396825 0.00948276 -0.000782269 -0.000345781 -0.000786838 -0.006 -0.000385208 4.15628e-05 0.00203095
internal_weight=1953 1876 1831 108 1723 189 116 1534 1446 1398 100 1298 1203 517
internal_count=1953 1876 1831 108 1723 189 116 1534 1446 1398 100 1298 1203 517
is_linear=0
shrinkage=0.05


Tree=285
num_leaves=15
num_cat=0
split_feature=2 4 0 0 3 3 2 2 0 2 0 3 0 0
split_gain=1.15697 2.1802 1.60105 1.04085 2.8656 4.68891 2.47245 4.63292 2.8182 2.94516 2.46904 4.18127 4.44079 2.43832
threshold=0.94698775307607519 18.600000000000005 7.4855000000000009 12.448500000000001 5.0460000000000012 78.134000000000015 -0.13301470653419609 0.45207220393230446 10.028500000000003 0.70329649815198148 14.685500000000003 59.097500000000004 14.068000000000003 15.162000000000001
decision_type=2 2 2 2 2 2 2 2 2 2 2 2 2 2
left_child=3 2 -2 4 -1 -6 -7 -8 9 -9 11 -5 -13 -12
right_child=1 -3 -4 10 5 6 7 8 -10 -11 13 12 -14 -15
leaf_value=-0.00073440514011314248 -0.00037153745175453961 -0.0010005549955342974 0.0093719678809102199 0.0003028592684601655 0.0012149346420320603 -0.00089205173954224346 0.0030266417950109373 -0.013594013292336211 0.0022281727347552571 -0.00012306583976698371 0.0094566044103156343 -0.00035040027045813165 -0.0075768860100865233 -1.860126363156106e-05
leaf_weight=81 69 67 55 59 107 56 92 44 70 122 40 111 50 930
leaf_count=81 69 67 55 59 107 56 92 44 70 122 40 111 50 930
internal_value=-0.000230415 -0.0039267 0 0.000170261 0.00192308 0.00336049 0.00078125 0.00243902 -0.00127119 -0.00481928 -0.000672269 -0.00545455 -0.00962733 0.000412371
internal_weight=1953 191 124 1762 572 491 384 328 236 166 1190 220 161 970
internal_count=1953 191 124 1762 572 491 384 328 236 166 1190 220 161 970
is_linear=0
shrinkage=0.05


Tree=286
num_leaves=15
num_cat=0
split_feature=2 4 0 1 4 4 0 0 0 2 0 0 0 0
split_gain=1.0323 2.1802 1.60105 1.05216 1.84231 1.40051 4.05266 1.56052 0.802598 4.1361 3.67593 1.60147 1.49504 1.55334
threshold=0.94698775307607519 18.600000000000005 7.4855000000000009 0.99351875964795655 27.075000000000006 22.546000000000003 11.642500000000002 17.102500000000003 8.1490000000000027 0.78884570776442897 8.9100000000000019 6.3120000000000003 11.356500000000002 10.627500000000001
decision_type=2 2 2 2 2 2 2 2 2 2 2 2 2 2
left_child=3 2 -2 4 5 8 -7 -8 9 -1 -10 -11 13 -12
right_child=1 -3 -4 -5 -6 6 7 -9 10 11 12 -13 -14 -15
leaf_value=0.00095856349900475695 -0.00035296057916681269 -0.00095052724575758198 0.0089033694868647095 -0.00014139059021180402 0.0016778762023425043 0.0032620253316806682 -0.0079804683374371504 -0.00026147798472373612 -0.013500586884660529 -0.0030134134069368505 0.00034109608715095219 0.001154187909930457 -1.842344774792837e-05 0.0059910827131835868
leaf_weight=70 69 67 55 79 65 41 53 52 40 45 104 51 1121 41
leaf_count=70 69 67 55 79 65 41 53 52 40 45 104 51 1121 41
internal_value=-0.000435228 -0.0039267 0 -5.67537e-05 0.000207962 -0.000123609 -0.00479452 -0.01 0.000339674 0.00361446 -7.65697e-05 -0.003125 0.000394945 0.00517241
internal_weight=1953 191 124 1762 1683 1618 146 105 1472 166 1306 96 1266 145
internal_count=1953 191 124 1762 1683 1618 146 105 1472 166 1306 96 1266 145
is_linear=0
shrinkage=0.05


Tree=287
num_leaves=15
num_cat=0
split_feature=2 4 0 0 0 3 3 3 0 4 2 0 2 0
split_gain=1.15697 2.1802 1.60105 1.04085 2.61597 2.54697 6.27829 2.73013 2.46563 2.66475 2.14245 2.13763 3.08948 1.95476
threshold=0.94698775307607519 18.600000000000005 7.4855000000000009 12.448500000000001 12.059000000000001 9.709500000000002 78.134000000000015 97.730000000000004 13.098500000000003 25.668000000000003 0.75047916603754417 11.142000000000001 0.45207220393230446 8.9100000000000019
decision_type=2 2 2 2 2 2 2 2 2 2 2 2 2 2
left_child=3 2 -2 4 5 10 -7 -8 -5 -10 -1 12 -9 -14
right_child=1 -3 -4 8 -6 6 7 11 9 -11 -12 -13 13 -15
leaf_value=-0.0017594629937826623 -0.00033531255020847214 -0.0009030008834697012 0.0084582010125214737 -0.0061928744197575535 0.011337977295343476 0.0015939823922253794 -0.0013155527857337647 0.0039807184711490541 -5.8173041671302775e-05 0.0051563605412380245 0.003117149119290669 -0.0020724046643487079 -0.0022041686436269554 0.0035388897170126749
leaf_weight=45 69 67 55 54 44 85 58 76 1096 40 43 52 119 50
leaf_count=45 69 67 55 54 44 85 58 76 1096 40 43 52 119 50
internal_value=-0.000230415 -0.0039267 0 0.000170261 0.00192308 0.00094697 0.0025 -0.000422535 -0.000672269 -0.000176056 -0.00681818 0.00151515 0.00346939 -0.000295858
internal_weight=1953 191 124 1762 572 528 440 355 1190 1136 88 297 245 169
internal_count=1953 191 124 1762 572 528 440 355 1190 1136 88 297 245 169
is_linear=0
shrinkage=0.05


Tree=288
num_leaves=15
num_cat=0
split_feature=2 1 0 2 0 2 0 2 3 4 4 3 1 2
split_gain=1.09375 2.42625 2.0199 1.77316 1.03089 4.80022 1.1364 1.8643 0.998482 1.47309 2.7806 2.56387 3.38944 1.41141
threshold=0.94698775307607519 -0.038721922313638066 9.2935000000000016 0.98805528087738748 6.9940000000000007 0.78884570776442897 7.878000000000001 0.86993731518838324 1.0000000180025095e-35 8.7045000000000012 9.1930000000000032 77.509500000000017 0.74620497228242788 -0.53190322474958196
decision_type=2 2 2 2 2 2 2 2 2 2 2 2 2 2
left_child=4 2 -2 -3 5 -1 -6 8 -8 11 -11 -10 13 -13
right_child=1 3 -4 -5 6 -7 7 -9 9 10 -12 12 -14 -15
leaf_value=0.0017957707034584075 -0.0056084456357123232 -0.00023910014625612257 -0.00051090988380699529 0.0034547209232290016 -0.0018998810882549615 -0.00076340900182792534 0.00046836711549369525 0.0097450529380961673 0.0034009816633578244 -0.0054101062830936957 -5.81747557394513e-05 0.00100412529677944 -0.010575518725467824 -0.00037759055031826548
leaf_weight=55 41 54 40 56 54 68 76 45 98 44 1194 43 41 44
leaf_count=55 41 54 40 56 54 68 76 45 98 44 1194 43 41 44
internal_value=-0.000332821 -0.0039267 -0.0104938 0.000909091 5.67537e-05 0.00447154 -0.000274558 -3.15457e-05 -0.000324675 -0.000614754 -0.00129241 0.00309735 -0.0015625 0.00402299
internal_weight=1953 191 81 110 1762 123 1639 1585 1540 1464 1238 226 128 87
internal_count=1953 191 81 110 1762 123 1639 1585 1540 1464 1238 226 128 87
is_linear=0
shrinkage=0.05


Tree=289
num_leaves=15
num_cat=0
split_feature=4 4 4 4 2 2 3 4 0 2 0 4 2 0
split_gain=1.0259 3.261 1.95027 1.95374 2.42411 3.47487 3.07784 2.78062 1.89837 1.80526 2.28529 2.65932 3.57091 1.88268
threshold=17.951000000000004 18.446500000000004 18.896000000000004 20.312500000000004 -0.83635891446581057 -0.3390880814530603 98.964000000000013 22.814000000000004 9.1610000000000014 -0.95882411647426224 18.461500000000004 15.130000000000001 -0.3792085569509222 20.840500000000002
decision_type=2 2 2 2 2 2 2 2 2 2 2 2 2 2
left_child=9 -2 -3 -4 -5 -6 7 -7 -8 -1 -11 12 13 -12
right_child=1 2 3 4 5 6 8 -9 -10 10 11 -13 -14 -15
leaf_value=-0.00071919079810628677 -0.0014888286756768038 0.0020733135216549959 -0.0010396649073718179 0.0014126709526007142 -0.0027273689934080498 -8.7937690077397049e-05 0.0019860696253357446 0.0035896796239802023 -0.0014709757644559745 -2.683644716929834e-05 0.00092998266743319626 0.0066938073556234157 0.0019913115196890595 -0.00030698700716205176
leaf_weight=142 48 44 133 76 64 64 48 70 118 818 58 80 43 147
leaf_count=142 48 44 133 76 64 64 48 70 118 818 58 80 43 147
internal_value=-0.000435228 -0.00203008 -0.00105348 -0.00183246 -0.000227273 -0.00192308 0.000333333 0.00597015 -0.00421687 0.000388199 0.00104712 0.00457317 0.00201613 -0.000731707
internal_weight=1953 665 617 573 440 364 300 134 166 1288 1146 328 248 205
internal_count=1953 665 617 573 440 364 300 134 166 1288 1146 328 248 205
is_linear=0
shrinkage=0.05


Tree=290
num_leaves=15
num_cat=0
split_feature=1 4 2 0 4 2 1 4 4 4 0 0 3 2
split_gain=0.670685 1.66985 1.98888 4.42214 1.97658 3.50061 1.65254 1.62102 3.60279 3.11001 2.93601 5.22163 6.4128 3.61673
threshold=-0.38118653245548278 12.134000000000002 0.37522380421282725 17.479500000000005 15.933000000000002 0.37522380421282725 -0.94130860066615807 14.429500000000003 15.205000000000002 13.852500000000001 12.448500000000001 15.524500000000002 99.901000000000025 0.97879788253113664
decision_type=2 2 2 2 2 2 2 2 2 2 2 2 2 2
left_child=1 2 3 -1 5 -3 -5 9 -9 10 13 -12 -13 -2
right_child=7 4 -4 6 -6 -7 -8 8 -10 -11 11 12 -14 -15
leaf_value=0.012208988126602776 0.0017610917970367118 0.00039682533182720944 -0.0024792611579882509 -0.0033378668686857432 1.3636139572076323e-05 0.0079707202687869828 -2.385944218301628e-05 -0.015354419413856513 -0.00020275842992835622 0.011245997868760777 -0.0060642484577260519 0.0014490265622890408 -0.0041273667818366166 -0.009539127748258559
leaf_weight=40 211 110 76 40 306 40 78 52 623 44 72 154 67 40
leaf_count=40 211 110 76 40 306 40 78 52 623 44 72 154 67 40
internal_value=-0.000384025 0.000869565 -0.0025641 0.000632911 0.00263158 0.00733333 -0.00423729 -0.00106888 -0.00274074 0.00085034 -0.000183824 -0.00358362 0.000226244 0.00378486
internal_weight=1953 690 234 158 456 150 118 1263 675 588 544 293 221 251
internal_count=1953 690 234 158 456 150 118 1263 675 588 544 293 221 251
is_linear=0
shrinkage=0.05


Tree=291
num_leaves=15
num_cat=0
split_feature=2 0 1 3 3 3 2 0 1 0 0 3 4 4
split_gain=1.26154 4.60613 3.17765 1.79624 2.38382 2.94368 2.78856 5.80763 3.82399 2.1438 2.97591 2.97268 3.6593 2.94251
threshold=0.72731766296277522 7.0565000000000007 0.48941038753127741 92.694500000000019 70.907000000000011 60.090500000000006 0.53553085593708327 12.209000000000001 0.93535928755917841 17.026000000000003 18.949000000000002 29.440500000000004 12.301000000000002 15.130000000000001
decision_type=2 2 2 2 2 2 2 2 2 2 2 2 2 2
left_child=1 -1 -2 4 5 6 7 -3 9 -9 -11 12 -12 -14
right_child=2 3 -4 -5 -6 -7 -8 8 -10 10 11 -13 13 -15
leaf_value=0.0040284575441339315 -7.8159555726747831e-05 -0.0057170860156012804 -0.002089264075982021 0.00010212531695032723 -0.00079677061561504866 0.0025513405589909777 0.0017570503459162794 -0.0022987086303829576 0.0082623063235492938 0.004247770872460044 0.00098519817738972905 -0.0050289338949123024 -0.0029058835814424313 7.5840103304081201e-07
leaf_weight=40 365 43 71 702 164 63 48 77 55 53 84 61 46 81
leaf_count=40 365 43 71 702 164 63 48 77 55 53 84 61 46 81
internal_value=7.68049e-05 0.000758075 -0.00229358 0.000304672 -0.00135484 8.18331e-05 -0.00109489 -0.0022 -0.000547046 -0.00223881 -0.000461538 -0.00257353 0.000236967 -0.00511811
internal_weight=1953 1517 436 1477 775 611 548 500 457 402 325 272 211 127
internal_count=1953 1517 436 1477 775 611 548 500 457 402 325 272 211 127
is_linear=0
shrinkage=0.05


Tree=292
num_leaves=15
num_cat=0
split_feature=4 0 0 4 4 1 4 3 0 4 1 2 3 1
split_gain=1.22514 1.36118 2.17726 3.39394 2.57442 2.55291 2.1895 2.22222 2.10649 4.18585 3.97961 2.13043 1.26742 1.25
threshold=16.720500000000005 7.4855000000000009 10.144500000000003 20.692500000000006 20.458000000000002 -0.81403855522663837 17.951000000000004 61.786000000000008 12.786000000000003 22.546000000000003 -0.085847649446570765 0.57132313271480106 76.45750000000001 0.39702209115386683
decision_type=2 2 2 2 2 2 2 2 2 2 2 2 2 2
left_child=-1 -2 3 -3 5 -4 -7 -8 11 10 -10 -6 -11 -9
right_child=1 2 4 -5 8 6 7 13 9 12 -12 -13 -14 -15
leaf_value=9.3595321420450464e-05 -0.00050899372376583818 0.0060940110591944721 0.00033549131681384332 -0.00013198577439934179 -0.0019134003991793437 -0.00021454630274111224 -0.0089613088258761221 0.00034311372111597437 3.8302949910556938e-05 -0.00052836864200038751 0.0086338315679855282 0.00082832245209419069 2.7089084079112702e-05 -0.0036405086583642197
leaf_weight=1167 74 42 66 66 46 76 64 40 47 57 49 46 73 40
leaf_count=1167 74 42 66 66 46 76 64 40 47 57 49 46 73 40
internal_value=-0.000128008 -0.00165394 -0.000983146 0.00555556 -0.00215232 -0.00559441 -0.00818182 -0.0118056 0.000943396 0.00353982 0.0114583 -0.00543478 -0.00230769 -0.00625
internal_weight=1953 786 712 108 604 286 220 144 318 226 96 92 130 80
internal_count=1953 786 712 108 604 286 220 144 318 226 96 92 130 80
is_linear=0
shrinkage=0.05


Tree=293
num_leaves=15
num_cat=0
split_feature=2 2 1 4 2 1 4 4 1 2 3 0 1 0
split_gain=1.03948 3.95374 2.80466 2.38905 3.01955 2.60379 2.42728 3.16038 2.42 2.2816 1.63509 4.34721 2.70347 2.35648
threshold=0.63874942205152718 0.6971494193916894 -0.59817537509284269 13.555000000000001 0.87796008470088804 -0.25950939392209715 15.781000000000001 19.220000000000002 -0.038721922313638066 0.53553085593708327 92.694500000000019 11.456000000000001 0.98336225177674941 13.518000000000002
decision_type=2 2 2 2 2 2 2 2 2 2 2 2 2 2
left_child=9 -2 -3 5 -5 -4 -6 -8 -9 10 11 -1 13 -13
right_child=1 2 3 4 6 -7 7 8 -10 -11 -12 12 -14 -15
leaf_value=-0.0058236177342695337 -0.0072164919655019659 0.003946273130818234 0.0059813807885107321 -0.0025729395299461002 -0.010753237744078407 -0.00082349764554914416 0.016394195633569034 -0.0026391702888574316 0.0027802228725583552 0.00097841430859779157 0.00010191665162782721 -0.0038723630227470943 0.0081697179128084798 -3.7317886055555223e-05
leaf_weight=52 42 44 48 74 42 125 41 40 50 78 650 45 42 580
leaf_count=52 42 44 48 74 42 125 41 40 50 78 650 45 42 580
internal_value=-2.56016e-05 -0.00197628 -0.000646552 -0.00190476 -0.00506073 0.00260116 -0.00144509 0.0019084 -0.00333333 0.000656531 0.000182615 -0.00146036 -0.000374813 -0.0012
internal_weight=1953 506 464 420 247 173 173 131 90 1447 1369 719 667 625
internal_count=1953 506 464 420 247 173 173 131 90 1447 1369 719 667 625
is_linear=0
shrinkage=0.05


Tree=294
num_leaves=15
num_cat=0
split_feature=2 2 1 0 4 3 4 4 3 3 2 4 3 2
split_gain=1.23555 3.68212 1.82055 2.56982 3.42222 3.67043 3.44348 1.92157 1.29328 2.87321 1.78629 1.84607 2.30906 2.17728
threshold=0.72731766296277522 0.67209495862812607 0.26744970170045884 4.4200000000000008 13.555000000000001 95.952000000000012 8.5975000000000019 21.932500000000005 1.0000000180025095e-35 4.5180000000000007 0.58534685349953219 24.564000000000004 99.997500000000016 -0.96356381914947564
decision_type=2 2 2 2 2 2 2 2 2 2 2 2 2 2
left_child=1 8 3 -2 6 -6 -5 -7 -1 -10 11 13 -13 -11
right_child=2 -3 -4 4 5 7 -8 -9 9 10 -12 12 -14 -15
leaf_value=0.00066954472024470665 -0.0052083582111832191 0.005410859065378984 -0.0010574162802866945 -0.00058248706928329126 0.00066944949578976668 -0.0075874773242142453 0.0085868927123232113 -0.00037327908685982349 -0.0023942529715857311 -0.00054214498111131995 -0.00078414885147847229 -0.0072539164186285372 0.0010657461771952815 0.00014358733613534791
leaf_weight=70 48 48 141 44 55 51 46 51 87 158 57 42 40 1015
leaf_count=70 48 48 141 44 55 51 46 51 87 158 57 42 40 1015
internal_value=0.000281618 0.000955834 -0.00206422 0.000169492 0.00222672 -0.0022293 0.01 -0.00784314 0.000510551 0.000178699 0.000762195 0.00115538 -0.00609756 0.0016624
internal_weight=1953 1517 436 295 247 157 90 102 1469 1399 1312 1255 82 1173
internal_count=1953 1517 436 295 247 157 90 102 1469 1399 1312 1255 82 1173
is_linear=0
shrinkage=0.05


Tree=295
num_leaves=15
num_cat=0
split_feature=2 2 4 2 4 1 2 4 2 1 4 3 4 3
split_gain=1.22341 2.32044 1.30899 4.22565 3.95983 2.98631 2.81689 2.19849 2.16713 1.90367 1.85381 2.078 1.83996 1.82887
threshold=0.99055824379501012 0.97879788253113664 14.193500000000002 0.78298010367706283 21.333500000000004 0.95236875646279973 0.42110087079608943 13.772000000000002 0.92284787786233202 -0.27159603410350847 13.380500000000001 4.339500000000001 9.6380000000000017 70.907000000000011
decision_type=2 2 2 2 2 2 2 2 2 2 2 2 2 2
left_child=1 2 5 6 9 7 -4 8 10 -5 11 -1 -7 -13
right_child=-2 -3 3 4 -6 12 -8 -9 -10 -11 -12 13 -14 -15
leaf_value=-0.0018954349419621507 -0.00077736987812548517 0.0010718421033448827 -3.343429570822759e-05 -0.0024938879887838796 0.0016837114223142643 0.0018491399077958882 0.00089353958839896621 0.003279841497197736 0.0081106371215870551 -0.014529350012584992 -0.014740512167463783 0.00077859317938044903 0.007655752535196095 -8.9232259490431694e-05
leaf_weight=65 77 40 695 40 52 43 152 42 59 47 41 193 41 366
leaf_count=65 77 40 695 40 52 43 152 42 59 47 41 193 41 366
internal_value=0.000332821 0.000586354 0.000326797 -0.000912779 -0.00899281 0.00176471 0.000413223 0.00078329 0.000138122 -0.0155172 -0.000676692 0 0.0107143 0.0009839
internal_weight=1953 1876 1836 986 139 850 847 766 724 87 665 624 84 559
internal_count=1953 1876 1836 986 139 850 847 766 724 87 665 624 84 559
is_linear=0
shrinkage=0.05


Tree=296
num_leaves=15
num_cat=0
split_feature=2 2 0 3 2 0 2 0 4 2 2 4 4 4
split_gain=0.76305 1.46521 1.11433 1.64787 1.44764 1.06713 2.67311 2.74034 1.61189 1.99288 1.60138 1.53725 3.21905 1.46157
threshold=0.99055824379501012 0.97879788253113664 5.7955000000000014 97.438000000000002 0.95250647826689006 8.6960000000000015 0.6971494193916894 10.144500000000003 27.834500000000002 0.58534685349953219 0.88637546977843906 18.054500000000001 12.338500000000002 24.564000000000004
decision_type=2 2 2 2 2 2 2 2 2 2 2 2 2 2
left_child=1 2 3 -1 5 10 8 -8 9 13 11 12 -4 -7
right_child=-2 -3 4 -5 -6 6 7 -9 -10 -11 -12 -13 -14 -15
leaf_value=-0.00027807796564311012 -0.00073850138421921094 0.0010182499981776386 0.00071330505393134953 0.0029580665305420973 -0.0035539383685488863 2.5693007680362147e-05 0.0050351157226061708 0.00039217797779135256 0.001433651297454497 -0.00078961838832449784 -0.0077984792550655716 0.00044843886752552538 -0.014689487644830726 -0.0022423489134320157
leaf_weight=41 77 40 56 43 46 1258 51 70 40 61 42 40 40 48
leaf_count=41 77 40 56 43 46 1258 51 70 40 61 42 40 40 48
internal_value=0.000332821 0.000533049 0.000326797 0.00595238 5.70776e-05 0.000293083 0.000719895 0.00785124 0.00010661 -0.000182882 -0.00337079 -0.000735294 -0.00416667 0.000229709
internal_weight=1953 1876 1836 84 1752 1706 1528 121 1407 1367 178 136 96 1306
internal_count=1953 1876 1836 84 1752 1706 1528 121 1407 1367 178 136 96 1306
is_linear=0
shrinkage=0.05


Tree=297
num_leaves=15
num_cat=0
split_feature=2 2 2 0 0 4 4 4 4 4 0 4 1 2
split_gain=0.76305 1.46521 1.54761 1.08931 3.8584 2.12017 5.18134 4.17801 3.23693 2.54976 2.08003 2.28002 6.2494 1.6235
threshold=0.99055824379501012 0.97879788253113664 0.94698775307607519 12.660500000000001 12.133500000000002 22.647000000000002 20.624500000000001 18.350500000000004 16.454500000000007 25.572000000000006 14.205000000000002 20.458000000000002 0.44380628866780453 0.32694223331140743
decision_type=2 2 2 2 2 2 2 2 2 2 2 2 2 2
left_child=1 2 3 4 5 6 7 8 -1 -7 11 12 -5 -12
right_child=-2 -3 -4 10 -6 9 -8 -9 -10 -11 13 -13 -14 -15
leaf_value=0.00018765596517708873 -0.00070157631500825037 0.00096733749826875565 -0.00085080762966558907 9.8710767291343426e-05 0.0080516606202531323 0.0042726070873052484 -0.0037048050842755642 0.010380389256514272 -0.0038930297592926059 0.00019661632083863847 4.3705637756585873e-05 0.00028956720901736067 -0.014083256511303949 -0.0017253525852779336
leaf_weight=309 77 40 74 40 52 40 40 44 48 55 968 47 58 61
leaf_count=309 77 40 74 40 52 40 40 44 48 55 968 47 58 61
internal_value=0.000332821 0.000533049 0.000326797 0.000624291 0.00238095 0.0011194 -0.000340136 0.00137157 -0.000420168 0.00789474 -0.000255537 -0.00586207 -0.0102041 0.0005345
internal_weight=1953 1876 1836 1762 588 536 441 401 357 95 1174 145 98 1029
internal_count=1953 1876 1836 1762 588 536 441 401 357 95 1174 145 98 1029
is_linear=0
shrinkage=0.05


Tree=298
num_leaves=15
num_cat=0
split_feature=2 2 2 4 4 4 1 0 0 3 3 3 2 4
split_gain=0.843561 2.67261 1.80656 1.67464 2.85517 2.59371 2.9565 2.63768 1.82212 1.50588 1.29328 2.17161 1.28967 1.49947
threshold=0.72731766296277522 0.67209495862812607 0.81404609350821777 26.231000000000005 21.333500000000004 18.199000000000002 -0.25950939392209715 8.7840000000000025 7.2260000000000009 73.658500000000018 1.0000000180025095e-35 4.5180000000000007 0.59818091440591659 16.233000000000004
decision_type=2 2 2 2 2 2 2 2 2 2 2 2 2 2
left_child=1 10 -2 4 5 6 -4 8 9 -8 -1 -12 13 -13
right_child=2 -3 3 -5 -6 -7 7 -9 -10 -11 11 12 -14 -15
leaf_value=0.00060301046555351627 -0.0018296548920124654 0.0050200743462887826 0.0055982907408379523 -0.0011302004902577823 0.0051683171905710645 -0.001030366201400131 0.00066283849441737825 -0.0070165021476838035 0.0053727936183568794 -0.0084666564771540432 -0.0021832385081801855 0.00026124737859804239 -0.0009321940818915464 -0.00014556503662890575
leaf_weight=70 75 48 72 42 41 40 45 41 40 40 87 734 47 531
leaf_count=70 75 48 72 42 41 40 45 41 40 40 87 734 47 531
internal_value=0.000332821 0.000889914 -0.0016055 -0.000138504 0.00109718 -0.000719424 0.0012605 -0.00240964 0.0012 -0.00294118 0.000510551 0.000178699 0.000685976 0.000988142
internal_weight=1953 1517 436 361 319 278 238 166 125 85 1469 1399 1312 1265
internal_count=1953 1517 436 361 319 278 238 166 125 85 1469 1399 1312 1265
is_linear=0
shrinkage=0.05


Tree=299
num_leaves=15
num_cat=0
split_feature=2 4 1 0 2 0 3 0 4 3 0 3 4 3
split_gain=1.16332 1.6903 1.11028 3.8384 4.0227 2.01989 1.88725 2.94559 4.41808 3.8728 2.76782 3.5748 1.18937 1.93353
threshold=0.99055824379501012 29.765500000000003 0.69794415476634375 18.851500000000005 0.53553085593708327 5.1610000000000005 9.709500000000002 9.4710000000000019 11.635500000000002 96.365500000000011 11.859000000000002 76.45750000000001 16.720500000000005 95.952000000000012
decision_type=2 2 2 2 2 2 2 2 2 2 2 2 2 2
left_child=1 2 5 4 6 -1 -4 -8 9 -9 -10 -12 -7 -14
right_child=-2 -3 3 -5 -6 12 7 8 10 -11 11 -13 13 -15
leaf_value=-0.0010178798559962871 -0.00064361378887371485 0.0015894268644453147 -0.0044624672493991215 0.005020755816395348 0.0033375743600389655 8.4357528531239789e-05 0.0018760106788387463 -0.00012855906656292771 -0.00068260243041997357 -0.01763971099117051 -0.0027723242388724362 0.0018860491219816562 3.6292802625809142e-05 -0.0010323427804593665
leaf_weight=66 77 45 72 42 64 781 63 42 51 45 42 79 249 235
leaf_count=66 77 45 72 42 64 781 63 42 51 45 42 79 249 235
internal_value=0.000179211 0.000426439 0.000191152 0.0022 0.000873362 -0.000563486 -0.00101523 0.000621118 -0.00173745 -0.0109195 0.00290698 0.00702479 -0.000118577 -0.00206612
internal_weight=1953 1876 1831 500 458 1331 394 322 259 87 172 121 1265 484
internal_count=1953 1876 1831 500 458 1331 394 322 259 87 172 121 1265 484
is_linear=0
shrinkage=0.05


end of trees

feature_importances:
Column_4=979
Column_0=971
Column_1=831
Column_2=780
Column_3=639

parameters:
[boosting: gbdt]
[objective: regression_l1]
[metric: l1]
[tree_learner: serial]
[device_type: cpu]
[data_sample_strategy: bagging]
[data: ]
[valid: ]
[num_iterations: 300]
[learning_rate: 0.05]
[num_leaves: 15]
[num_threads: 1]
[seed: 42]
[deterministic: 1]
[force_col_wise: 0]
[force_row_wise: 1]
[histogram_pool_size: -1]
[max_depth: -1]
[min_data_in_leaf: 40]
[min_sum_hessian_in_leaf: 0.001]
[bagging_fraction: 1]
[pos_bagging_fraction: 1]
[neg_bagging_fraction: 1]
[bagging_freq: 0]
[bagging_seed: 400]
[bagging_by_query: 0]
[feature_fraction: 1]
[feature_fraction_bynode: 1]
[feature_fraction_seed: 30056]
[extra_trees: 0]
[extra_seed: 12879]
[early_stopping_round: 0]
[early_stopping_min_delta: 0]
[first_metric_only: 0]
[max_delta_step: 0]
[lambda_l1: 0]
[lambda_l2: 0]
[linear_lambda: 0]
[min_gain_to_split: 0]
[drop_rate: 0.1]
[max_drop: 50]
[skip_drop: 0.5]
[xgboost_dart_mode: 0]
[uniform_drop: 0]
[drop_seed: 17869]
[top_rate: 0.2]
[other_rate: 0.1]
[min_data_per_group: 100]
[max_cat_threshold: 32]
[cat_l2: 10]
[cat_smooth: 10]
[max_cat_to_onehot: 4]
[top_k: 20]
[monotone_constraints: ]
[monotone_constraints_method: basic]
[monotone_penalty: 0]
[feature_contri: ]
[forcedsplits_filename: ]
[refit_decay_rate: 0.9]
[cegb_tradeoff: 1]
[cegb_penalty_split: 0]
[cegb_penalty_feature_lazy: ]
[cegb_penalty_feature_coupled: ]
[path_smooth: 0]
[interaction_constraints: ]
[verbosity: -1]
[saved_feature_importance_type: 0]
[use_quantized_grad: 0]
[num_grad_quant_bins: 4]
[quant_train_renew_leaf: 0]
[stochastic_rounding: 1]
[linear_tree: 0]
[max_bin: 255]
[max_bin_by_feature: ]
[min_data_in_bin: 3]
[bin_construct_sample_cnt: 200000]
[data_random_seed: 175]
[is_enable_sparse: 1]
[enable_bundle: 1]
[use_missing: 1]
[zero_as_missing: 0]
[feature_pre_filter: 1]
[pre_partition: 0]
[two_round: 0]
[header: 0]
[label_column: ]
[weight_column: ]
[group_column: ]
[ignore_column: ]
[categorical_feature: ]
[forcedbins_filename: ]
[precise_float_parser: 0]
[parser_config_file: ]
[objective_seed: 16083]
[num_class: 1]
[is_unbalance: 0]
[scale_pos_weight: 1]
[sigmoid: 1]
[boost_from_average: 1]
[reg_sqrt: 0]
[alpha: 0.9]
[fair_c: 1]
[poisson_max_delta_step: 0.7]
[tweedie_variance_power: 1.5]
[lambdarank_truncation_level: 30]
[lambdarank_norm: 1]
[label_gain: ]
[lambdarank_position_bias_regularization: 0]
[eval_at: ]
[multi_error_top_k: 1]
[auc_mu_weights: ]
[num_machines: 1]
[local_listen_port: 12400]
[time_out: 120]
[machine_list_filename: ]
[machines: ]
[gpu_platform_id: -1]
[gpu_device_id: -1]
[gpu_device_id_list: ]
[gpu_use_dp: 0]
[num_gpu: 1]

end of parameters

pandas_categorical:null
