tree
version=v4
num_class=1
num_tree_per_iteration=1
label_index=0
max_feature_idx=8
objective=regression_l1
feature_names=Column_0 Column_1 Column_2 Column_3 Column_4 Column_5 Column_6 Column_7 Column_8
feature_infos=[-0.81699999999999995:39.554000000000002] [-0.99999073973619013:0.99999073973619013] [-1:1] [0:100] [0.97299999999999998:40.158000000000001] [0.13800000000000001:38.136000000000003] [-3.601:17.516999999999999] [3.5299999999999998:910.32399999999996] [-7.3129999999999997:8.2680000000000007]
tree_sizes=1434 1427 1423 1433 1424 1426 1429 1429 1429 1416 1435 1414 1430 1425 1429 1417 1435 1432 1433 1429 1445 1440 1441 1447 1444 1429 1421 1436 1427 1450 1435 1438 1439 1426 1442 1439 1425 1429 1412 1432 1428 1441 1446 1441 1450 1451 1426 1427 1444 1446 1436 1446 1446 1443 1439 1431 1422 1452 1442 1444 1457 1429 1450 1449 1430 1462 1458 1439 1437 1434 1430 1443 1428 1468 1448 1445 1430 1455 1438 1442 1452 1450 1446 1434 1448 1456 1440 1434 1428 1449 1428 1456 1443 1435 1448 1446 1429 1451 1439 1449 1450 1432 1458 1456 1439 1462 1458 1453 1441 1454 1454 1455 1436 1446 1442 1439 1446 1461 1446 1445 1444 1427 1462 1458 1462 1454 1454 1449 1474 1452 1438 1445 1436 1446 1454 1448 1418 1471 1426 1447 1448 1440 1483 1430 1461 1436 1454 1460 1437 1441 1450 1457 1459 1459 1450 1449 1431 1450 1440 1430 1422 1421 1428 1441 1429 1444 1443 1436 1428 1428 1437 1448 1457 1439 1443 1437 1458 1446 1459 1452 1440 1439 1450 1435 1460 1430 1447 1451 1433 1443 1464 1452 1459 1460 1453 1449 1443 1466 1438 1457 1451 1448 1454 1434 1436 1459 1453 1440 1457 1453 1462 1464 1456 1447 1442 1440 1458 1453 1469 1463 1449 1450 1466 1460 1458 1456 1443 1453 1464 1440 1454 1473 1442 1465 1440 1431 1456 1449 1449 1440 1468 1478 1435 1441 1443 1448 1447 1456 1439 1463 1445 1435 1454 1462 1454 1451 1449 1457 1447 1445 1448 1446 1471 1447 1455 1458 1457 1451 1460 1454 1455 1456 1459 1430 1456 1449 1436 1459 1436 1451 1435 1459 1480 1476 1467 1458 1447 1465 1450 1433 1458 1436 1457 1461 1456 1453 1457 1459 1446 1468

Tree=0
num_leaves=15
num_cat=0
split_feature=1 7 5 2 0 7 0 8 8 6 7 8 6 2
split_gain=144.611 106.651 44.0451 39.2812 22.9474 20.3332 22.2469 18.4212 13.5028 11.1024 9.35 10.4133 10.1323 7.46968
threshold=0.36523833096101394 213.65850000000003 16.490500000000004 -0.94000589469999485 6.5870000000000006 228.96900000000002 18.505000000000006 -0.022499999999999996 -0.32849999999999996 15.164500000000002 708.70350000000008 -1.4344999999999997 9.4400000000000031 0.97513228625088877
decision_type=2 2 2 2 2 2 2 2 2 2 2 2 2 2
left_child=1 7 3 9 -2 -6 10 13 -5 -3 11 -7 -13 -1
right_child=4 2 -4 8 5 6 -8 -9 -10 -11 -12 12 -14 -15
leaf_value=-0.045600001141428946 -0.05615000165998936 -0.0012500006705522537 -0.11255000121891499 -0.077200000360608104 0.013624997064471248 -0.053650001063942909 0.0059999983757734326 0.0045749988406896605 -0.05425000078976154 -0.05905000157654286 -0.044325000979006289 -0.046850001439452171 -0.0057000000029802309 -0.016350001469254492
leaf_weight=133 67 104 159 379 132 49 141 128 191 41 112 57 217 43
leaf_count=133 67 104 159 379 132 49 141 128 191 41 112 57 217 43
internal_value=-0.041 -0.0520357 -0.0609085 -0.0556154 -0.0242258 -0.0215791 -0.0256354 -0.0265263 -0.0615263 -0.0323793 -0.0312299 -0.0269133 -0.0231168 -0.0370227
internal_weight=1953 1178 874 715 775 708 576 304 570 145 435 323 274 176
internal_count=1953 1178 874 715 775 708 576 304 570 145 435 323 274 176
is_linear=0
shrinkage=1


Tree=1
num_leaves=15
num_cat=0
split_feature=1 7 6 2 7 0 0 8 8 7 2 2 4 6
split_gain=138.255 95.1768 40.1743 39.0482 21.565 31.3662 18.8128 15.1202 12.0139 11.8599 7.46968 10.2453 11.3917 7.30952
threshold=0.36523833096101394 213.65850000000003 15.688500000000003 -0.94418750883419933 186.40850000000003 7.6765000000000008 18.505000000000006 -0.022499999999999996 -0.32849999999999996 685.35550000000012 0.97513228625088877 0.65278973532535922 18.320000000000004 14.652000000000003
decision_type=2 2 2 2 2 2 2 2 2 2 2 2 2 2
left_child=1 7 3 13 -2 -6 9 10 -5 -7 11 -1 -13 -3
right_child=4 2 -4 8 5 6 -8 -9 -10 -11 -12 12 -14 -15
leaf_value=0.019980000164359808 0.053257497269660239 0.039612500462681055 -0.06722250079736114 -0.033790001031011339 -0.029717499893158673 0.02623499969020486 0.045150000546127556 0.043296249974519016 -0.012862499859184027 -0.0024337500613182787 0.023417499680072069 -0.031744999978691339 0.011180000212043524 -0.013742500301450493
leaf_weight=50 125 90 135 403 64 313 142 128 194 131 43 42 41 52
leaf_count=50 125 90 135 403 64 313 142 128 194 131 43 42 41 52
internal_value=0.000179211 -0.0106112 -0.0189931 -0.0144114 0.0165806 0.0129231 0.0165529 0.0134868 -0.0200168 0.0114865 0.00397727 -0.0018797 -0.0126506 0.00915493
internal_weight=1953 1178 874 739 775 650 586 304 597 444 176 133 83 142
internal_count=1953 1178 874 739 775 650 586 304 597 444 176 133 83 142
is_linear=0
shrinkage=0.05


Tree=2
num_leaves=15
num_cat=0
split_feature=1 7 6 2 7 0 0 2 6 8 7 4 7 8
split_gain=129.233 84.7154 38.8209 39.1569 20.6249 30.604 17.9596 15.1277 14.6948 13.3868 11.1051 13.8898 10.4036 8.46095
threshold=0.38118653245548312 213.65850000000003 15.746500000000003 -0.94000589469999485 186.40850000000003 8.854000000000001 19.460000000000004 0.34313907657789455 10.768500000000001 -0.32849999999999996 71.586500000000015 15.343500000000002 708.70350000000008 -0.90149999999999986
decision_type=2 2 2 2 2 2 2 2 2 2 2 2 2 2
left_child=1 7 3 -3 -2 8 12 -1 -6 -5 -9 -12 13 -7
right_child=4 2 -4 9 5 6 -8 10 -10 -11 11 -13 -14 -15
leaf_value=0.059506439323537053 0.051975247438065711 0.018081875308416786 -0.063661375352181498 -0.032150500335730615 -0.045862938526086507 0.015372000298462807 0.047492502390407032 0.025321000189520423 0.0066083124773576862 -0.011944374681450426 -0.033213155703619122 0.016721000642515717 0.001637937553692609 0.034873249753378334
leaf_weight=79 120 147 128 408 58 100 97 91 42 197 48 91 138 209
leaf_count=79 120 147 128 408 58 100 97 91 42 197 48 91 138 209
internal_value=-7.68049e-05 -0.0103869 -0.0182955 -0.0139628 0.0159686 0.0124224 0.0170956 0.0121359 -0.013 -0.0195868 0.00565217 -0.00323741 0.0128635 0.0179612
internal_weight=1953 1189 880 752 764 644 544 309 100 605 230 139 447 309
internal_count=1953 1189 880 752 764 644 544 309 100 605 230 139 447 309
is_linear=0
shrinkage=0.05


Tree=3
num_leaves=15
num_cat=0
split_feature=1 7 5 2 7 0 6 8 8 0 8 6 6 0
split_gain=121.381 81.5815 40.1256 31.3879 17.9559 27.1699 16.6643 15.5951 15.1036 14.4475 12.6627 11.4773 9.2469 9.07407
threshold=0.38118653245548312 213.65850000000003 16.641500000000004 -0.94418750883419933 186.40850000000003 10.503500000000001 9.3985000000000003 -0.27849999999999997 -0.022499999999999996 19.460000000000004 -0.37649999999999995 13.934000000000003 15.164500000000002 7.2380000000000004
decision_type=2 2 2 2 2 2 2 2 2 2 2 2 2 2
left_child=1 8 3 12 -2 6 -6 -8 13 11 -5 -7 -3 -1
right_child=4 2 -4 10 5 9 7 -9 -10 -11 -12 -13 -14 -15
leaf_value=-0.0080950501537416144 0.049376485066162427 0.03644553094939329 -0.06422689190781676 -0.031092974198376762 -0.039676103701489052 0.031152150125289338 -0.015228694691602141 0.023702929804986343 0.0395203884807881 0.045117877270886675 -0.0090200656808447095 -0.00023939680291805432 -0.013508887303201482 0.014594949635257946
leaf_weight=45 120 103 154 371 69 279 46 52 129 97 208 101 44 135
leaf_count=45 120 103 154 371 69 279 46 52 129 97 208 101 44 135
internal_value=2.56016e-05 -0.00996636 -0.0177273 -0.0128099 0.0155759 0.0122671 -0.00508982 0.00816327 0.0121359 0.0183438 -0.0180484 0.0139474 0.00782313 0.00277778
internal_weight=1953 1189 880 726 764 644 167 98 309 477 579 380 147 180
internal_count=1953 1189 880 726 764 644 167 98 309 477 579 380 147 180
is_linear=0
shrinkage=0.05


Tree=4
num_leaves=15
num_cat=0
split_feature=1 7 5 2 7 2 6 0 6 8 8 1 8 6
split_gain=114.226 79.5414 36.7361 21.6478 18.7812 17.6083 16.2183 14.0602 14.1609 11.7686 11.1016 10.9799 13.6378 9.32366
threshold=0.23416947364604893 213.65850000000003 17.696000000000002 0.82438889030848939 183.22450000000001 -0.93090634677745676 14.7155 10.503500000000001 13.724500000000001 -0.27849999999999997 -0.74799999999999989 -0.10738035228456493 -0.08649999999999998 12.936000000000002
decision_type=2 2 2 2 2 2 2 2 2 2 2 2 2 2
left_child=1 11 5 4 -2 6 -3 9 -9 -6 -7 12 -1 -12
right_child=3 2 -4 -5 7 10 -8 8 -10 -11 13 -13 -14 -15
leaf_value=-0.0041724645475181756 0.057288289182602897 0.038405504769028632 -0.065566959438102784 -0.005958952714833432 -0.015898105322276243 -0.02996413065679604 -0.028889025689188857 0.036471979258765934 0.0090119811185239828 0.0065576877167471681 -0.0077672391772246928 0.037330828886872627 0.036892722095174246 -0.022492302559048407
leaf_weight=127 95 78 121 106 75 257 57 327 199 61 192 71 90 97
leaf_count=127 95 78 121 106 75 257 57 327 199 61 192 71 90 97
internal_value=2.56016e-05 -0.0107339 -0.0188279 0.0136153 0.0165786 -0.0143172 0.00185185 0.0135952 0.0173004 -0.000735294 -0.018315 0.0118056 0.0062212 -0.0115917
internal_weight=1953 1090 802 863 757 681 135 662 526 136 546 288 217 289
internal_count=1953 1090 802 863 757 681 135 662 526 136 546 288 217 289
is_linear=0
shrinkage=0.05


Tree=5
num_leaves=15
num_cat=0
split_feature=1 5 6 2 2 4 0 7 7 0 5 4 7 2
split_gain=101.077 63.4205 29.4434 25.4216 20.3574 30.0476 20.1631 20.2832 17.5118 16.0341 11.2642 12.955 8.40022 12.0326
threshold=0.38118653245548312 7.3740000000000014 15.796500000000002 -0.94000589469999485 -0.43939950965914171 15.599500000000001 19.460000000000004 183.22450000000001 82.169000000000025 7.6765000000000008 13.941000000000001 18.144500000000004 686.99650000000008 0.34313907657789455
decision_type=2 2 2 2 2 2 2 2 2 2 2 2 2 2
left_child=1 4 3 -3 -1 8 7 -2 -6 -9 11 12 13 -11
right_child=6 2 -4 -5 5 -7 -8 9 -10 10 -12 -13 -14 -15
leaf_value=0.068910461876245804 0.05149887512878433 0.0092551664961021164 -0.059388613039760264 -0.026814367511647175 0.034846439195734102 0.01681878623869398 0.041461381681128062 -0.021507137733083919 -0.032757790346846567 0.024423443912982592 0.029748380796506654 0.02603213058550621 -0.0096075885980731121 -0.009984201782125281
leaf_weight=69 116 126 114 448 43 225 97 65 164 123 41 165 88 69
leaf_count=69 116 126 114 448 43 225 97 65 164 123 41 165 88 69
internal_value=7.68049e-05 -0.00904121 -0.0188953 -0.0142857 0.00449102 0.000462963 0.014267 0.0111694 -0.013285 0.00716878 0.0102881 0.00797753 0.00142857 0.00729167
internal_weight=1953 1189 688 574 501 432 764 667 207 551 486 445 280 192
internal_count=1953 1189 688 574 501 432 764 667 207 551 486 445 280 192
is_linear=0
shrinkage=0.05


Tree=6
num_leaves=15
num_cat=0
split_feature=1 7 5 2 6 7 0 6 8 1 8 7 2 4
split_gain=94.6263 66.4162 32.4937 17.0667 16.8125 16.2421 13.6967 14.5987 11.7021 10.273 14.0469 8.54639 10.1953 7.15743
threshold=0.23416947364604893 211.10300000000004 16.641500000000004 -0.98597924778888291 5.7965000000000009 71.586500000000015 18.505000000000006 14.652000000000003 -0.21049999999999996 -0.10738035228456493 -0.08649999999999998 708.70350000000008 0.32694223331140743 13.083500000000003
decision_type=2 2 2 2 2 2 2 2 2 2 2 2 2 2
left_child=1 9 3 -3 -2 -6 11 -8 -5 10 -1 12 -7 -14
right_child=4 2 -4 8 5 6 7 -9 -10 -11 -12 -13 13 -15
leaf_value=-0.0045512200877213336 -0.027399659953971051 0.018769569906167648 -0.056919181910935104 -0.025275816523113753 0.051848930967033538 0.02831017236406827 0.038965315360347641 0.009402353867180838 -0.0044199011096460687 0.03483688830047036 0.033756455354554842 -0.0035250382992347072 -0.014024410132780869 0.010785383710454177
leaf_weight=124 69 70 148 416 51 256 117 66 173 69 90 115 65 124
leaf_count=124 69 70 148 416 51 256 117 66 173 69 90 115 65 124
internal_value=0.000435228 -0.0093578 -0.0166667 -0.011912 0.0128042 0.0148615 0.0129879 0.0248634 -0.0146859 0.0114841 0.00607477 0.00910714 0.0122472 0.00343915
internal_weight=1953 1090 807 659 863 794 743 183 589 283 214 560 445 189
internal_count=1953 1090 807 659 863 794 743 183 589 283 214 560 445 189
is_linear=0
shrinkage=0.05


Tree=7
num_leaves=15
num_cat=0
split_feature=6 1 6 7 7 2 7 8 6 5 1 5 4 0
split_gain=83.7515 62.8925 47.1735 21.5303 20.4916 17.0509 18.874 16.2909 13.6903 10.3055 9.03962 8.88201 8.33295 10.9364
threshold=15.497500000000002 -0.40542197401079716 3.0225000000000004 332.62550000000005 71.586500000000015 0.81404609350821777 275.14350000000007 -1.0674999999999997 9.8620000000000019 14.022500000000003 0.72660079619120022 15.559000000000003 13.614500000000001 18.505000000000006
decision_type=2 2 2 2 2 2 2 2 2 2 2 2 2 2
left_child=1 3 -3 7 -4 6 -6 -1 -7 12 -11 -2 -8 -14
right_child=11 2 4 -5 5 8 9 -9 -10 10 -12 -13 13 -15
leaf_value=-0.011429552703756306 -0.015831804664153716 -0.055689428852590164 0.040728930378016594 -0.024135611589703135 0.055323318303013902 -0.019849552034992193 0.0025162286634908271 0.013620969251081201 0.021307038860117495 0.0099199419627140975 0.04346845340311787 -0.054073222815388344 0.0079812665311766711 0.042837021545977405
leaf_weight=73 53 69 109 353 118 125 253 187 53 40 43 118 243 116
leaf_count=73 53 69 109 353 118 125 253 187 53 40 43 118 243 116
internal_value=0.000384025 0.00359147 0.0103935 -0.0093801 0.0129091 0.0106458 0.0137146 0.00153846 -0.00337079 0.0105755 0.0271084 -0.0330409 0.00833333 0.0132312
internal_weight=1953 1782 1169 613 1100 991 813 260 178 695 83 171 612 359
internal_count=1953 1782 1169 613 1100 991 813 260 178 695 83 171 612 359
is_linear=0
shrinkage=0.05


Tree=8
num_leaves=15
num_cat=0
split_feature=6 1 6 7 7 0 8 6 5 7 2 4 5 0
split_gain=82.4734 55.6476 45.5773 21.9657 19.6435 18.5735 16.2909 10.3471 9.58695 9.54736 20.6913 10.9837 8.88201 8.5131
threshold=15.497500000000002 -0.40542197401079716 3.0225000000000004 71.586500000000015 332.62550000000005 6.5870000000000006 -1.0674999999999997 9.5055000000000014 14.022500000000003 398.14100000000002 0.81404609350821777 16.089000000000002 15.559000000000003 19.460000000000004
decision_type=2 2 2 2 2 2 2 2 2 2 2 2 2 2
left_child=1 4 -3 -4 6 7 -1 -5 9 10 -7 -12 -2 -11
right_child=12 2 3 5 -6 8 -8 -9 -10 13 11 -13 -14 -15
leaf_value=-0.010858075068568491 -0.015040214430946029 -0.052904957409960651 0.038692483859115771 -0.038465240142713554 -0.022928831010217976 0.052423913521501476 0.01293992078852714 0.0013002427866641785 0.027636533191792656 0.002466705418701073 -0.020406428291481617 0.020109067529768938 -0.051369561674618924 0.028235134075697266
leaf_weight=73 53 69 109 65 353 191 187 44 80 346 45 56 118 164
leaf_count=73 53 69 109 65 353 191 187 44 80 346 45 56 118 164
internal_value=0.000128008 0.00331089 0.00970915 0.0121818 -0.0088907 0.00983855 0.00153846 -0.00963303 0.0122449 0.0105985 0.0178082 -0.00049505 -0.0330409 0.00647059
internal_weight=1953 1782 1169 1100 613 991 260 109 882 802 292 101 171 510
internal_count=1953 1782 1169 1100 613 991 260 109 882 802 292 101 171 510
is_linear=0
shrinkage=0.05


Tree=9
num_leaves=15
num_cat=0
split_feature=6 1 6 7 7 0 8 6 8 5 2 4 4 5
split_gain=74.705 49.8548 44.7895 20.6908 18.6472 17.5518 18.6831 12.872 12.6855 10.5995 8.10734 7.67816 7.62428 7.59057
threshold=15.497500000000002 -0.40542197401079716 3.0225000000000004 144.39050000000003 332.62550000000005 10.592000000000001 0.28400000000000003 13.934000000000003 -1.0674999999999997 15.674000000000001 0.81404609350821777 12.782500000000002 9.145500000000002 14.1775
decision_type=2 2 2 2 2 2 2 2 2 2 2 2 2 2
left_child=1 4 -3 10 8 6 -5 13 -1 -2 -4 -10 -6 -7
right_child=9 2 3 5 12 7 -8 -9 11 -11 -12 -13 -14 -15
leaf_value=-0.010315171315140065 -0.01424010611121076 -0.05025970953946262 0.051024161497281055 -0.01422610508553987 -0.0059823887325304113 0.029529480573222112 0.027664456641388113 0.0032024794788761777 -0.0098782295863811057 -0.048951084639929726 0.01725623706975549 0.01815884862700724 -0.025865558487431186 0.032640070954913593
leaf_weight=73 54 69 85 182 87 397 69 217 61 117 108 126 266 42
leaf_count=73 54 69 85 182 87 397 69 217 61 117 108 126 266 42
internal_value=0.000281618 0.00331089 0.00936698 0.0118182 -0.00823817 0.00865491 -0.00258964 0.0129573 0.00192308 -0.0312865 0.0266839 0.00882353 -0.0157224 0.0178815
internal_weight=1953 1782 1169 1100 613 907 251 656 260 171 193 187 353 439
internal_count=1953 1782 1169 1100 613 907 251 656 260 171 193 187 353 439
is_linear=0
shrinkage=0.05


Tree=10
num_leaves=15
num_cat=0
split_feature=6 1 0 8 5 7 7 7 2 0 3 6 1 8
split_gain=70.4096 43.8682 30.5033 24.0756 17.5622 17.35 12.9173 9.84333 9.64912 8.43359 8.19719 8.38772 7.60696 6.93394
threshold=15.796500000000002 -0.10738035228456493 6.5870000000000006 -0.24049999999999996 5.0305000000000009 275.14350000000007 237.08150000000003 71.586500000000015 0.76725511167377736 10.503500000000001 8.0710000000000015 13.724500000000001 0.25084665036108239 -1.0599999999999998
decision_type=2 2 2 2 2 2 2 2 2 2 2 2 2 2
left_child=1 3 4 7 -3 8 -5 -1 -4 -7 -11 -12 -10 -9
right_child=-2 2 5 6 -6 9 -8 13 12 10 11 -13 -14 -15
leaf_value=0.014336565648810832 -0.045503531361607563 0.012367599224044581 0.047961439664281361 0.027166959868172663 -0.040784172468267037 -0.0032079871601973218 -0.0022637221237354929 -0.029606847352179878 0.028360423093589195 0.027276704849076239 0.025817931197280253 -0.0010770349602071412 -0.00062160850547487686 -0.011962701295134708
leaf_weight=45 115 62 132 115 83 109 139 235 50 132 262 171 46 257
leaf_count=45 115 62 132 115 83 109 139 235 50 132 262 171 46 257
internal_value=0.000128008 0.00250272 0.00921681 -0.00638432 -0.012069 0.0126386 0.00629921 -0.0123836 0.0245614 0.00860534 0.0110619 0.00773672 0.0125 -0.0144309
internal_weight=1953 1838 1047 791 145 902 254 537 228 674 565 433 96 492
internal_count=1953 1838 1047 791 145 902 254 537 228 674 565 433 96 492
is_linear=0
shrinkage=0.05


Tree=11
num_leaves=15
num_cat=0
split_feature=6 1 6 8 7 0 7 4 8 6 2 6 7 3
split_gain=65.311 37.9651 30.0258 21.2529 11.7667 11.5189 11.1686 9.9587 9.40744 7.83884 13.7979 7.50848 7.2067 6.40413
threshold=15.688500000000003 -0.10738035228456493 3.0225000000000004 -0.24049999999999996 71.586500000000015 6.5870000000000006 237.08150000000003 18.144500000000004 -0.15349999999999997 14.5265 0.24460549819462502 8.105500000000001 71.586500000000015 9.1880000000000006
decision_type=2 2 2 2 2 2 2 2 2 2 2 2 2 2
left_child=1 3 -3 12 -4 8 -5 9 -6 10 -7 -12 -1 -9
right_child=-2 2 4 6 5 7 -8 13 -10 -11 11 -13 -14 -15
leaf_value=0.013619737366370288 -0.040143500096818663 -0.059955575298387846 0.035961396683298202 0.025808611874764034 -0.022937203687905947 0.02861211000853885 -0.0021505360175487183 0.031277659368941127 0.0033784050893727034 -0.0020756454830221024 0.033369276371663578 -0.0066090552857093095 -0.019075127551107126 0.018976011016348906
leaf_weight=45 136 46 91 115 48 293 139 40 44 131 46 82 475 222
leaf_count=45 136 46 91 115 48 293 139 40 44 131 46 82 475 222
internal_value=0.000332821 0.00283434 0.0090604 -0.00555556 0.0108826 0.00916115 0.00629921 0.0110565 -0.0076087 0.00724638 0.0105701 -0.003125 -0.0113462 0.019084
internal_weight=1953 1817 1043 774 997 906 254 814 92 552 421 128 520 262
internal_count=1953 1817 1043 774 997 906 254 814 92 552 421 128 520 262
is_linear=0
shrinkage=0.05


Tree=12
num_leaves=15
num_cat=0
split_feature=6 1 6 7 8 0 6 7 7 6 5 2 5 4
split_gain=54.8244 35.2973 36.3006 15.8948 15.7744 11.8992 12.823 11.1478 10.9641 9.54419 9.50187 9.01071 8.74724 8.55328
threshold=15.497500000000002 -0.23803327706148572 3.9720000000000004 135.57350000000002 -0.90149999999999986 11.485500000000002 10.010000000000002 213.65850000000003 395.25800000000004 12.314000000000002 15.674000000000001 0.57132313271480106 14.022500000000003 22.252000000000006
decision_type=2 2 2 2 2 2 2 2 2 2 2 2 2 2
left_child=1 4 -3 11 13 6 -5 -6 -7 -8 -2 -4 -10 -1
right_child=10 2 3 5 7 8 9 -9 12 -11 -12 -13 -14 -15
leaf_value=-0.02000208975714626 -0.011342604176343364 -0.042709736674156742 0.067573630378581356 -0.014141392794741107 0.020401402711154093 0.046498955630308508 0.02644403881376442 -0.0039930094431689326 0.010189917670737772 -0.0011411958643181535 -0.042221178835011933 0.027311680340344108 0.024516615071585691 0.003046970775342839
leaf_weight=236 54 73 48 122 122 95 70 303 424 63 117 112 73 41
leaf_count=236 54 73 48 122 122 95 70 303 424 63 117 112 73 41
internal_value=0.000435228 0.0030303 0.0087037 0.0111718 -0.00569801 0.00844156 -0.000588235 0.000352941 0.0123311 0.0101504 -0.0266082 0.025625 0.00935614 -0.0149819
internal_weight=1953 1782 1080 1007 702 847 255 425 592 133 171 160 497 277
internal_count=1953 1782 1080 1007 702 847 255 425 592 133 171 160 497 277
is_linear=0
shrinkage=0.05


Tree=13
num_leaves=15
num_cat=0
split_feature=6 1 6 8 7 0 7 2 8 3 4 7 2 6
split_gain=52.5463 33.8054 26.1215 18.8725 10.4266 10.1138 15.7546 10.309 9.37527 8.98369 7.58347 6.78575 6.70526 6.29444
threshold=15.796500000000002 -0.10282099713736061 3.0225000000000004 -0.22249999999999998 237.08150000000003 6.5870000000000006 305.05100000000004 0.34313907657789455 -0.15349999999999997 7.8410000000000002 16.918500000000005 71.586500000000015 0.71541278717867718 7.3115000000000014
decision_type=2 2 2 2 2 2 2 2 2 2 2 2 2 2
left_child=1 3 -3 11 12 8 7 -7 -4 10 -8 -1 -5 -13
right_child=-2 2 5 4 -6 6 9 -9 -10 -11 -12 13 -14 -15
leaf_value=0.011848791071029119 -0.039110120846935652 -0.05482230969976061 -0.020850356356846372 0.033467689682209249 -0.0028183588577616603 0.053909382295653147 0.012187651928491248 0.018892426351370391 0.016098982262578585 0.0050577094968872931 0.030649968064811118 -0.033975210335329221 0.013253751994984584 -0.012605635631824475
leaf_weight=45 115 44 55 60 138 99 106 144 53 491 50 87 57 409
leaf_count=45 115 44 55 60 138 99 106 144 53 491 50 87 57 409
internal_value=0.000179211 0.00223069 0.00815739 -0.00552764 0.00568627 0.00981964 0.011573 0.022428 -0.00462963 0.00749614 0.0179487 -0.0108133 0.0166667 -0.0125
internal_weight=1953 1838 1042 796 255 998 890 243 108 647 156 541 117 496
internal_count=1953 1838 1042 796 255 998 890 243 108 647 156 541 117 496
is_linear=0
shrinkage=0.05


Tree=14
num_leaves=15
num_cat=0
split_feature=6 6 1 7 7 0 6 6 2 0 7 5 5 6
split_gain=44.6194 31.9766 36.6465 13.4627 12.6001 15.8099 16.4437 12.302 10.5675 10.1694 10.1337 9.05797 8.97556 7.23357
threshold=15.497500000000002 3.5245000000000002 -0.40542197401079716 332.62550000000005 144.39050000000003 11.485500000000002 10.010000000000002 13.934000000000003 0.26123699986315735 7.1605000000000008 280.23400000000009 5.6780000000000008 15.674000000000001 6.6895000000000016
decision_type=2 2 2 2 2 2 2 2 2 2 2 2 2 2
left_child=1 11 3 9 8 6 13 -7 -4 -3 -8 -1 -2 -6
right_child=12 2 4 -5 5 7 10 -9 -10 -11 -12 -13 -14 -15
leaf_value=-0.014061862012415103 -0.0094825800555571934 -0.013876531800050766 0.06526391408686108 -0.015856831630123965 0.00012245768774462074 0.027362698611429995 0.024869509196182034 0.0014600247891434974 0.023489903694437417 0.0070613660327378813 0.00062494365437779087 -0.068692765819948681 -0.038154613850914551 -0.021786617337368155
leaf_weight=54 54 40 43 347 49 412 41 211 148 205 91 46 117 95
leaf_count=54 54 40 43 347 49 412 41 211 148 205 91 46 117 95
internal_value=0.000128008 0.00246914 0.00410226 -0.00591216 0.00954128 0.0070634 -0.00289855 0.0114767 0.0212042 0.00306122 0.00984848 -0.025 -0.024269 -0.0145833
internal_weight=1953 1782 1682 592 1090 899 276 623 191 245 132 100 171 144
internal_count=1953 1782 1682 592 1090 899 276 623 191 245 132 100 171 144
is_linear=0
shrinkage=0.05


Tree=15
num_leaves=15
num_cat=0
split_feature=6 6 1 7 0 7 0 0 1 5 5 5 0 6
split_gain=44.4323 27.3687 31.8039 11.985 11.3732 12.5941 14.9456 9.18955 23.4316 8.97556 8.86576 8.26766 8.08407 7.75426
threshold=15.497500000000002 3.5245000000000002 -0.40542197401079716 332.62550000000005 6.5870000000000006 305.05100000000004 12.271500000000001 19.460000000000004 0.56246696819246 15.674000000000001 5.6780000000000008 5.0305000000000009 7.1605000000000008 10.010000000000002
decision_type=2 2 2 2 2 2 2 2 2 2 2 2 2 2
left_child=1 10 3 12 11 6 13 -7 -9 -2 -1 -4 -3 -6
right_child=9 2 4 -5 5 7 -8 8 -10 -11 -12 -13 -14 -15
leaf_value=-0.013358768911794348 -0.0090084510527793336 -0.013182705210048226 0.014639544020429796 -0.015063990048617765 0.0039533613640841186 0.0035227431006417302 0.05636390562394944 0.0057154173900020424 0.037389994468676205 -0.036246883158368819 -0.065258127528951243 -0.025719223467109566 0.0067082977311009873 0.029678871247671615
leaf_weight=54 54 40 58 347 159 448 89 164 53 117 46 67 205 52
leaf_count=54 54 40 58 347 159 448 89 164 53 117 46 67 205 52
internal_value=7.68049e-05 0.00241302 0.0039239 -0.00540541 0.00899083 0.010829 0.0193333 0.00699248 0.0154378 -0.024269 -0.023 -0.0052 0.00306122 0.0120853
internal_weight=1953 1782 1682 592 1090 965 300 665 217 171 100 125 245 211
internal_count=1953 1782 1682 592 1090 965 300 665 217 171 100 125 245 211
is_linear=0
shrinkage=0.05


Tree=16
num_leaves=15
num_cat=0
split_feature=6 1 8 0 7 2 6 4 5 2 6 0 3 6
split_gain=43.7654 26.2739 23.5811 22.9308 13.4069 13.2763 9.82644 9.20629 8.88175 8.70436 8.04516 12.2666 7.42428 13.8045
threshold=15.796500000000002 0.56246696819246 -0.08649999999999998 19.460000000000004 271.67800000000005 -0.94418750883419933 1.8745000000000001 18.144500000000004 4.6160000000000005 -0.97218766834954651 10.1485 20.564500000000002 99.998500000000021 9.5700000000000021
decision_type=2 2 2 2 2 2 2 2 2 2 2 2 2 2
left_child=1 2 5 4 -3 9 -7 -6 -8 -1 -10 -12 13 -4
right_child=-2 3 12 -5 7 6 8 -9 10 -11 11 -13 -14 -15
leaf_value=-0.0091454120826119228 -0.033434539954124702 0.029797729938587841 -0.014151585206570089 0.034411404011871018 -0.0019309206909161936 -0.070931765773250485 0.0025036603700351991 0.014652880891108909 -0.031222375012486137 0.029229368069552203 0.0050869024241103041 -0.013236535815386835 0.023650343340680502 0.0096090761144914331
leaf_weight=76 115 129 74 55 291 45 137 156 197 40 142 209 120 167
leaf_count=76 115 129 74 55 291 45 137 156 197 40 142 209 120 167
internal_value=-7.68049e-05 0.00179543 -0.00252693 0.0100634 0.00711806 -0.0070922 -0.00958904 0.00302013 -0.00810219 0.00862069 -0.0109489 -0.00641026 0.00817175 0.00311203
internal_weight=1953 1838 1207 631 576 846 730 447 685 116 548 351 361 241
internal_count=1953 1838 1207 631 576 846 730 447 685 116 548 351 361 241
is_linear=0
shrinkage=0.05


Tree=17
num_leaves=15
num_cat=0
split_feature=6 6 1 8 6 0 7 7 7 6 7 5 6 6
split_gain=44.2158 26.3511 23.5581 13.6318 9.95813 14.2393 14.0337 12.5242 11.2859 15.4227 9.02247 8.86576 8.33455 8.14636
threshold=15.796500000000002 3.5245000000000002 -0.40542197401079716 -0.94349999999999989 14.618000000000002 12.271500000000001 301.80000000000007 824.48450000000014 144.39050000000003 10.010000000000002 258.23350000000005 5.6780000000000008 12.314000000000002 6.9770000000000012
decision_type=2 2 2 2 2 2 2 2 2 2 2 2 2 2
left_child=1 11 3 -3 5 8 -7 -8 -4 13 -5 -1 -11 -10
right_child=-2 2 4 10 -6 6 7 -9 9 12 -12 -13 -14 -15
leaf_value=-0.010352909728815899 -0.031762812956418467 -0.015382930319572483 0.022180735144808433 0.018132478156802426 -0.0039281363108607725 0.05346762172023143 0.013920236846553464 0.025794532327403141 0.00036123264020574021 0.022376687896005679 -0.0048534668107830361 -0.059966196994592748 -0.0020413709777079986 -0.028106508912369346
leaf_weight=54 115 231 159 127 181 87 312 88 56 85 257 46 58 97
leaf_count=54 115 231 159 127 181 87 312 88 56 85 257 46 58 97
internal_value=7.68049e-05 0.00195865 0.00339471 -0.00447154 0.00770258 0.00976645 0.0157084 0.01175 0.00340659 -0.00236486 0.00130208 -0.023 0.00944056 -0.0133987
internal_weight=1953 1838 1738 615 1123 942 487 400 455 296 384 100 143 153
internal_count=1953 1838 1738 615 1123 942 487 400 455 296 384 100 143 153
is_linear=0
shrinkage=0.05


Tree=18
num_leaves=15
num_cat=0
split_feature=6 6 1 8 3 6 0 7 3 6 0 1 0 1
split_gain=41.1134 23.7335 22.477 13.1738 9.57506 9.14969 11.9617 13.8451 10.6114 11.1529 8.37556 11.9689 8.0701 8.43717
threshold=15.796500000000002 3.5245000000000002 -0.40542197401079716 -0.94349999999999989 78.132500000000007 14.618000000000002 12.271500000000001 301.80000000000007 99.325500000000019 10.010000000000002 18.876000000000001 0.44380628866780453 13.260500000000002 -0.7146667679788683
decision_type=2 2 2 2 2 2 2 2 2 2 2 2 2 2
left_child=1 4 3 -3 -1 6 8 -8 9 -4 -9 -12 13 -5
right_child=-2 2 5 12 -6 -7 7 10 -10 -11 11 -13 -14 -15
leaf_value=-0.063589495711376551 -0.030174672308597539 -0.014613783803593858 -0.023021030183673023 0.022450941076005287 -0.0090354544025759275 -0.0037317294953177343 0.050794240634219848 0.0072323012165567222 0.013741204033427596 0.0096986053952531903 0.017353185094846482 0.03066635891694075 -0.0046107934702438839 0.0006007736497478538
leaf_weight=56 115 231 117 44 44 181 87 239 224 114 89 72 279 61
leaf_count=56 115 231 117 44 44 181 87 239 224 114 89 72 279 61
internal_value=-0.000128008 0.00168662 0.00304948 -0.00463415 -0.022 0.00725735 0.00923567 0.0146817 0.00340659 -0.00411255 0.01075 0.0195652 0.00104167 0.0128571
internal_weight=1953 1838 1738 615 100 1123 942 487 455 231 400 161 384 105
internal_count=1953 1838 1738 615 100 1123 942 487 455 231 400 161 384 105
is_linear=0
shrinkage=0.05


Tree=19
num_leaves=15
num_cat=0
split_feature=6 6 1 8 3 0 6 5 0 7 7 7 4 7
split_gain=38.685 21.16 20.4553 13.4907 9.67134 7.70624 10.0831 8.59251 7.81004 9.31088 7.82222 7.41048 8.51271 6.60425
threshold=15.796500000000002 3.2290000000000005 -0.40542197401079716 -0.94349999999999989 78.132500000000007 6.5870000000000006 13.934000000000003 5.0305000000000009 12.271500000000001 301.80000000000007 827.07650000000012 82.169000000000025 19.047500000000003 258.23350000000005
decision_type=2 2 2 2 2 2 2 2 2 2 2 2 2 2
left_child=1 4 3 -3 -1 7 8 -4 11 -10 -11 -7 -13 -5
right_child=-2 2 5 13 -6 6 -8 -9 9 10 -12 12 -14 -15
leaf_value=-0.06570470173746365 -0.028665938693167664 -0.013617628667342702 0.014638434024838094 0.0174563939224745 -0.013385099015529102 0.020384638185896631 -0.00015058840284017783 -0.025750897991095513 0.04825452860250886 0.017774259122772824 0.023304317110738312 -0.0056261131277008276 0.019171462318369956 -0.0053192331465760651
leaf_weight=51 115 233 59 127 41 85 266 69 87 264 60 145 94 257
leaf_count=51 115 233 59 127 41 85 266 69 87 264 60 145 94 257
internal_value=-0.000128008 0.00163221 0.00286369 -0.00445705 -0.0217391 0.00686448 0.00834166 -0.0046875 0.0113605 0.0159367 0.012037 0.00555556 0.00104603 0.00130208
internal_weight=1953 1838 1746 617 92 1129 1001 128 735 411 324 324 239 384
internal_count=1953 1838 1746 617 92 1129 1001 128 735 411 324 324 239 384
is_linear=0
shrinkage=0.05


Tree=20
num_leaves=15
num_cat=0
split_feature=6 6 1 0 5 6 8 0 7 7 5 3 1 4
split_gain=33.9201 17.5229 16.9407 14.4961 13.1765 11.943 11.7292 9.17873 7.19111 9.08871 7.1256 6.82972 7.01755 6.64977
threshold=15.688500000000003 1.6240000000000003 -0.63874350706337046 6.5870000000000006 4.6160000000000005 13.934000000000003 -0.08649999999999998 11.598000000000001 301.80000000000007 827.07650000000012 16.641500000000004 25.999500000000001 -0.96230016621822467 18.144500000000004
decision_type=2 2 2 2 2 2 2 2 2 2 2 2 2 2
left_child=1 -1 6 4 -4 7 11 13 -9 -10 -2 -3 -13 -5
right_child=10 2 3 5 -6 -7 -8 8 9 -11 -12 12 -14 -15
leaf_value=-0.064504610385448621 -0.0051507907471327807 -0.022686041482648897 0.012315820430006048 -0.00054952206925611429 -0.025282025930204111 -0.0014438519459194507 0.0056496321397923391 0.035048993753803215 0.014944251302047623 0.022139101255201396 -0.03065764087636054 0.0072997580929240304 -0.015359484975835653 0.016791243523055579
leaf_weight=44 42 117 76 193 102 291 123 116 305 62 94 75 167 146
leaf_count=44 42 117 76 193 102 291 123 116 305 62 94 75 167 146
internal_value=-0.000179211 0.00162356 0.00239707 0.00538342 -0.00786517 0.00750225 -0.00560166 0.0105839 0.0150104 0.0115804 -0.0242647 -0.0101671 -0.0053719 0.00427729
internal_weight=1953 1817 1773 1291 178 1113 482 822 483 367 136 359 242 339
internal_count=1953 1817 1773 1291 178 1113 482 822 483 367 136 359 242 339
is_linear=0
shrinkage=0.05


Tree=21
num_leaves=15
num_cat=0
split_feature=5 6 1 8 7 4 2 4 8 0 8 7 6 7
split_gain=30.2143 17.3877 15.4869 11.3884 7.67873 10.1109 12.4861 7.86012 5.63065 10.9304 6.40677 8.66134 7.30511 14.0778
threshold=17.696000000000002 1.6240000000000003 -0.30041382580050408 -0.95049999999999979 432.79800000000006 12.917500000000002 0.4068650353019454 10.856500000000002 0.45150000000000007 6.5870000000000006 -0.16899999999999998 493.02900000000005 14.618000000000002 824.48450000000014
decision_type=2 2 2 2 2 2 2 2 2 2 2 2 2 2
left_child=1 -1 3 -3 5 6 -5 -6 9 -4 12 -12 13 -11
right_child=-2 2 8 4 7 -7 -8 -9 -10 10 11 -13 -14 -15
leaf_value=-0.061279379866176188 -0.029124758832542508 -0.010273909732295281 -0.01372600519522897 0.037313949424247261 0.0069413398226426844 0.0093247370171578078 -0.024386983074243748 -0.027526682591475744 0.022119745485755352 0.011050928806754907 0.025608281604875795 -0.010289272395084065 -0.00053933666064963034 0.028066051343920491
leaf_weight=44 126 242 90 40 58 175 59 98 178 427 105 77 159 75
leaf_count=44 126 242 90 40 58 175 59 98 178 427 105 77 159 75
internal_value=-0.000128008 0.0015052 0.00227145 -0.00372024 0.00116279 0.00620438 -0.00656566 -0.00769231 0.00589559 0.00434084 0.00610913 -0.0021978 0.00839637 0.0113546
internal_weight=1953 1827 1783 672 430 274 99 156 1111 933 843 182 661 502
internal_count=1953 1827 1783 672 430 274 99 156 1111 933 843 182 661 502
is_linear=0
shrinkage=0.05


Tree=22
num_leaves=15
num_cat=0
split_feature=6 0 1 5 8 6 0 4 0 4 1 7 7 3
split_gain=29.3415 15.1509 17.8401 14.394 13.4031 10.4242 12.6887 7.96366 7.49048 7.18288 6.83263 6.45536 9.49217 5.70377
threshold=15.796500000000002 6.5870000000000006 -0.66484924122790579 4.5525000000000011 -0.08649999999999998 13.934000000000003 11.658000000000003 18.144500000000004 13.764000000000001 11.809000000000003 -0.7610972106345526 301.80000000000007 827.07650000000012 25.999500000000001
decision_type=2 2 2 2 2 2 2 2 2 2 2 2 2 2
left_child=1 3 4 -1 10 6 7 -4 -6 -2 13 -8 -13 -3
right_child=9 2 5 -5 8 -7 11 -9 -10 -11 -12 12 -14 -15
leaf_value=0.0087193081187104619 -0.0076809072194256815 -0.011878426137657563 -0.0039888867328396844 -0.025907344510052499 0.018523465502847222 -0.00069417487212600877 0.032614860361103136 0.015380930366679028 0.00062528603656381162 -0.027668520890915385 -0.025429122308683383 0.014610095698116261 0.01990802672919555 -0.0019835799468005443
leaf_weight=84 51 102 208 128 42 308 115 155 78 64 58 304 62 194
leaf_count=84 51 102 208 128 42 308 115 155 78 64 58 304 62 194
internal_value=-0.000281618 0.00125136 0.00289053 -0.0113208 -0.00527426 0.00625 0.00912322 0.00206612 0.00916667 -0.0247826 -0.0101695 0.0144491 0.0112022 -0.00709459
internal_weight=1953 1838 1626 212 474 1152 844 363 120 115 354 481 366 296
internal_count=1953 1838 1626 212 474 1152 844 363 120 115 354 481 366 296
is_linear=0
shrinkage=0.05


Tree=23
num_leaves=15
num_cat=0
split_feature=6 8 1 0 7 6 8 1 0 2 0 6 8 0
split_gain=28.9293 14.7496 11.5757 9.99253 11.6277 12.7961 12.0281 9.63592 9.54591 9.15263 8.25337 8.62613 8.11195 8.02343
threshold=15.900500000000001 -1.0674999999999997 0.23416947364604893 4.0520000000000005 183.22450000000001 9.8115000000000023 1.1705000000000003 -0.51909748604633854 19.624000000000002 0.26123699986315735 18.441000000000006 9.1990000000000016 -1.5914999999999997 15.936500000000001
decision_type=2 2 2 2 2 2 2 2 2 2 2 2 2 2
left_child=1 2 10 -3 -5 9 7 -7 12 -6 11 -1 -4 -9
right_child=-2 3 8 4 5 6 -8 13 -10 -11 -12 -13 -14 -15
leaf_value=-0.0073294294533215957 -0.024859475458418524 -0.031405579424678698 0.012994811865538792 0.022757617038923733 0.011320400904704925 -0.0042423423506258275 0.030561000283861956 -0.00048832560845168201 0.020394844780283819 -0.014213570454229952 -0.028562405422862765 0.015839706355155077 -0.011356302118888391 0.017450959982093218
leaf_weight=122 101 61 75 262 64 218 43 190 40 153 154 41 128 301
leaf_count=122 101 61 75 262 64 218 43 190 40 153 154 41 128 301
internal_value=-0.000179211 0.0012419 -0.00553571 0.00417957 0.00515841 0.00263158 0.00571809 0.00416079 0.0026749 -0.00806452 -0.0118297 -0.00398773 -0.00172414 0.00804481
internal_weight=1953 1852 560 1292 1231 969 752 709 243 217 317 163 203 491
internal_count=1953 1852 560 1292 1231 969 752 709 243 217 317 163 203 491
is_linear=0
shrinkage=0.05


Tree=24
num_leaves=15
num_cat=0
split_feature=5 6 1 0 5 6 7 8 7 0 5 1 6 0
split_gain=28.2231 14.9786 13.7861 10.3843 11.8912 9.86776 10.4319 8.86245 7.27266 10.1157 9.69697 6.85253 6.38106 10.1108
threshold=17.696000000000002 1.8745000000000001 -0.67760851415498091 6.5870000000000006 5.0305000000000009 13.934000000000003 827.07650000000012 -0.08649999999999998 685.35550000000012 11.658000000000003 11.980500000000001 -0.7610972106345526 10.600000000000003 18.505000000000006
decision_type=2 2 2 2 2 2 2 2 2 2 2 2 2 2
left_child=1 -1 7 4 -4 6 8 11 9 -5 -10 12 -3 -14
right_child=-2 2 3 5 -6 -7 -8 -9 10 -11 -12 -13 13 -15
leaf_value=-0.048140756231798656 -0.025042121073448689 -0.018682936238861025 0.0076495471246492714 0.002710861736636028 -0.023141650211184878 -0.0011929756730533179 0.018009580137755634 0.0052368574170454018 -0.025977084628547344 0.024565078225235806 0.02271446697529524 -0.023137044946445348 0.0091578665318157778 -0.0080271833531718653
leaf_weight=52 126 128 86 347 93 320 59 119 48 336 40 48 53 98
leaf_count=52 126 128 86 347 93 320 59 119 48 336 40 48 53 98
internal_value=-0.000128008 0.00145047 0.00222535 0.00477803 -0.00642458 0.00652174 0.00939759 -0.00538117 0.00784695 0.00959004 -0.00568182 -0.00963303 -0.00663082 0.000331126
internal_weight=1953 1827 1775 1329 179 1150 830 446 771 683 88 327 279 151
internal_count=1953 1827 1775 1329 179 1150 830 446 771 683 88 327 279 151
is_linear=0
shrinkage=0.05


Tree=25
num_leaves=15
num_cat=0
split_feature=6 1 0 8 6 7 5 8 5 4 6 0 7 2
split_gain=27.4696 13.3537 27.7695 13.5141 9.63072 9.4707 9.43489 9.33668 9.71165 8.94286 8.77568 8.97493 7.77816 7.11547
threshold=16.377500000000005 0.56246696819246 19.460000000000004 -0.08649999999999998 1.8745000000000001 549.60800000000006 4.6160000000000005 -0.45749999999999996 13.086500000000003 20.990500000000004 10.1485 20.298000000000005 850.07850000000019 0.32694223331140743
decision_type=2 2 2 2 2 2 2 2 2 2 2 2 2 2
left_child=1 3 5 4 -1 13 9 8 -7 -6 -8 -12 -13 -3
right_child=-2 2 -4 -5 6 7 10 -9 -10 -11 11 12 -14 -15
leaf_value=-0.047065260781973511 -0.033339708055693439 0.027594948635328277 0.027841885502194214 0.0074846938088063185 0.014189755533312452 -0.0073633910770322447 -0.025053058708317196 -0.0077695764370869979 0.018218235000746673 -0.0054948189472942832 0.0081036822155779922 -0.015716892048124206 0.0042712671872162915 0.0023593934230138978
leaf_weight=45 60 155 55 363 102 130 204 78 42 46 142 267 92 172
leaf_count=45 60 155 55 363 102 130 204 78 42 46 142 267 92 172
internal_value=-2.56016e-05 0.00103011 0.00696203 -0.0019429 -0.00523385 0.00372617 -0.00404455 -0.0036 0.00290698 0.00743243 -0.0064539 -0.00289421 -0.00710306 0.00932722
internal_weight=1953 1893 632 1261 898 577 853 250 172 148 705 501 359 327
internal_count=1953 1893 632 1261 898 577 853 250 172 148 705 501 359 327
is_linear=0
shrinkage=0.05


Tree=26
num_leaves=15
num_cat=0
split_feature=6 8 3 6 8 2 7 7 0 0 6 0 8 2
split_gain=27.4696 12.1625 9.1668 14.7198 14.3334 12.5037 11.2816 14.5125 9.13939 7.25197 7.04376 6.73246 6.58242 6.7936
threshold=16.377500000000005 -1.0674999999999997 99.998500000000021 9.8620000000000019 1.1705000000000003 0.35923451902495462 271.67800000000005 824.48450000000014 6.5870000000000006 16.811500000000006 14.421000000000001 20.482500000000005 -0.71749999999999992 0.43802537080760273
decision_type=2 2 2 2 2 2 2 2 2 2 2 2 2 2
left_child=1 8 3 5 6 -3 -5 -8 -1 -10 -9 12 -4 -14
right_child=-2 2 11 4 -6 -7 7 10 9 -11 -12 -13 13 -15
leaf_value=-0.017661110144189494 -0.031672722652908769 0.019741537941221361 0.025367601948425519 0.021781692524558319 0.031654520995531246 -0.024688813828791456 -0.0027425720380344284 0.022157669714269454 0.0023692727423069099 -0.013223974954954143 0.0046696721418322262 -0.014136221216149115 0.022501103804618061 0.0015882005607252116
leaf_weight=52 60 65 46 71 45 196 442 47 263 265 83 43 142 133
leaf_count=52 60 65 46 71 45 196 442 47 263 265 83 43 142 133
internal_value=-2.56016e-05 0.00103011 0.00369383 0.00110643 0.00494186 -0.00900383 0.00303266 0.000699301 -0.005 -0.0030303 0.0153846 0.0104396 0.0129283 0.01
internal_weight=1953 1893 1313 949 688 261 643 572 580 528 130 364 321 275
internal_count=1953 1893 1313 949 688 261 643 572 580 528 130 364 321 275
is_linear=0
shrinkage=0.05


Tree=27
num_leaves=15
num_cat=0
split_feature=6 1 0 7 2 8 2 3 7 7 5 4 1 2
split_gain=27.301 10.4458 29.0789 12.5675 9.53512 8.68994 10.9595 9.80944 8.75797 7.36278 8.99683 6.37472 6.39151 5.31969
threshold=16.377500000000005 0.56246696819246 19.460000000000004 207.16200000000003 0.58534685349953219 -1.2744999999999997 -0.81202266594587924 5.3775000000000004 509.25100000000003 549.60800000000006 9.8410000000000029 23.378500000000003 -0.45914483320598648 0.32694223331140743
decision_type=2 2 2 2 2 2 2 2 2 2 2 2 2 2
left_child=1 3 9 4 -1 -5 7 -7 -9 13 -11 12 -6 -3
right_child=-2 2 -4 5 11 6 -8 8 -10 10 -12 -13 -14 -15
leaf_value=0.034928069898585642 -0.030089086520263333 0.025090146013330962 0.025998735530158829 -0.017167974220701144 -0.011618175866829616 0.019046702833049677 -0.0077934651673180659 0.039006841462832675 -0.0068467248155032294 -0.012749034754243084 0.00068149954257863937 0.017047986853382026 0.0013252707857718982 0.003315290353159331
leaf_weight=99 60 155 55 209 53 50 462 59 155 68 182 51 123 172
leaf_count=99 60 155 55 209 53 50 462 59 155 68 182 51 123 172
internal_value=-0.000128008 0.000924459 0.00617089 -0.001705 0.00674847 -0.00465241 -0.00206612 0.00606061 0.00140187 0.00285962 -0.0036 0.00110132 -0.00340909 0.00779817
internal_weight=1953 1893 632 1261 326 935 726 264 214 577 250 227 176 327
internal_count=1953 1893 632 1261 326 935 726 264 214 577 250 227 176 327
is_linear=0
shrinkage=0.05


Tree=28
num_leaves=15
num_cat=0
split_feature=5 6 1 0 5 7 4 5 6 6 7 1 5 7
split_gain=24.2098 10.7283 10.3659 10.1657 12.9032 6.6245 10.0961 11.621 7.38412 6.27687 9.98796 7.90663 6.46542 11.5618
threshold=17.696000000000002 1.8745000000000001 -0.67760851415498091 6.5870000000000006 5.0305000000000009 264.51400000000007 10.656500000000003 10.180000000000001 8.6490000000000027 14.5265 827.07650000000012 0.11577009971046097 12.777500000000002 526.34000000000015
decision_type=2 2 2 2 2 2 2 2 2 2 2 2 2 2
left_child=1 -1 5 4 -4 8 7 -7 -3 10 11 -5 13 -13
right_child=-2 2 3 9 -6 6 -8 -9 -10 -11 -12 12 -14 -15
leaf_value=-0.041756341431304571 -0.020064681450875321 -0.0016414017179100489 0.0070713608244138935 0.013256812805994722 -0.021033861197994726 -0.071846717425298828 -0.018840262049697232 0.011631214554971471 0.019114795027144416 -0.0012391634404375297 0.019888849454348781 0.016082706816640643 0.020748525664670909 -0.010627860631457776
leaf_weight=52 126 56 86 252 93 40 222 71 57 233 79 371 45 170
leaf_count=52 126 56 86 252 93 40 222 71 57 233 79 371 45 170
internal_value=-0.000230415 0.00123153 0.00188732 0.00410083 -0.00698324 -0.00470852 -0.00825826 0.00405405 0.00575221 0.00582609 0.00768811 0.00608592 0.00290102 0.00138632
internal_weight=1953 1827 1775 1329 179 446 333 111 113 1150 917 838 586 541
internal_count=1953 1827 1775 1329 179 446 333 111 113 1150 917 838 586 541
is_linear=0
shrinkage=0.05


Tree=29
num_leaves=15
num_cat=0
split_feature=5 6 8 0 5 7 7 2 4 1 8 3 6 8
split_gain=23.9764 10.6237 8.35649 7.95588 7.52357 6.68239 10.2347 11.0336 11.0349 6.11365 6.27476 7.49618 6.09436 5.96221
threshold=17.696000000000002 1.8745000000000001 -1.0674999999999997 4.0520000000000005 2.3460000000000005 824.48450000000014 509.25100000000003 0.092265415903232631 26.337000000000003 -0.90880922144842613 -0.47649999999999992 42.974000000000011 14.421000000000001 -0.63549999999999984
decision_type=2 2 2 2 2 2 2 2 2 2 2 2 2 2
left_child=1 -1 -3 -4 -5 6 7 -6 13 -8 -11 -12 -7 -9
right_child=-2 2 3 4 5 12 9 8 -10 10 11 -13 -14 -15
leaf_value=-0.039668524359739346 -0.019061447378331552 -0.0021574998968520386 -0.027086548902028204 0.022825989038492835 0.02906266898148846 0.019603063168636321 -0.025942783040667938 0.0047457114498409229 0.019031903276300312 0.0031930370980399027 -0.0085610984857004586 -0.0014123172309196887 0.003301439058914691 -0.0049940813886616212
leaf_weight=52 126 513 54 87 216 50 56 81 44 143 48 111 84 288
leaf_count=52 126 513 54 87 216 50 56 81 44 143 48 111 84 288
internal_value=-0.000332821 0.00112206 0.00177465 0.00396197 0.00480132 0.00370205 0.00227964 0.00612083 0.00133172 -0.00446927 -0.00165563 -0.00849057 0.0141791 -0.00149051
internal_weight=1953 1827 1775 1262 1208 1121 987 629 413 358 302 159 134 369
internal_count=1953 1827 1775 1262 1208 1121 987 629 413 358 302 159 134 369
is_linear=0
shrinkage=0.05


Tree=30
num_leaves=15
num_cat=0
split_feature=5 6 1 8 0 2 4 7 6 4 5 5 0 7
split_gain=23.2897 10.2391 7.8914 9.21526 7.30868 7.53125 8.20274 6.94777 7.35058 10.6627 7.29829 5.77104 5.57546 9.71899
threshold=19.664000000000005 1.8745000000000001 -0.40542197401079716 -2.0004999999999993 13.260500000000002 0.63874942205152718 17.049000000000003 264.51400000000007 11.188500000000003 10.656500000000003 11.230000000000002 10.008500000000002 15.449000000000002 364.74500000000006
decision_type=2 2 2 2 2 2 2 2 2 2 2 2 2 2
left_child=1 -1 3 -3 5 -5 -7 -6 11 -10 -11 -9 -4 -14
right_child=-2 2 12 4 7 6 -8 8 9 10 -12 -13 13 -15
leaf_value=-0.037685098141752374 -0.020683869031119045 -0.016018930944060483 0.00076458140870460387 0.021669299075693017 0.020954872439997236 -0.0063459355939685424 0.0083929931401925152 -0.072765814597496273 0.011419489605524275 0.00060911445753402066 -0.0250751209529014 -0.0089926371213040375 0.053573920905762143 0.0063900237627099177
leaf_weight=52 84 55 683 45 70 51 40 51 78 76 108 56 51 453
leaf_count=52 84 55 683 45 70 51 40 51 78 76 108 56 51 453
internal_value=-0.000435228 0.000722311 0.00134838 -0.0031746 -0.00130435 0.00882353 0.000549451 -0.00444191 -0.00718157 -0.00267176 -0.00923913 -0.0182243 0.00374895 0.0077381
internal_weight=1953 1869 1817 630 575 136 91 439 369 262 184 107 1187 504
internal_count=1953 1869 1817 630 575 136 91 439 369 262 184 107 1187 504
is_linear=0
shrinkage=0.05


Tree=31
num_leaves=15
num_cat=0
split_feature=5 6 5 6 8 2 3 6 4 5 8 4 4 6
split_gain=22.6566 10.7809 6.02689 7.50414 10.2955 10.2496 9.38855 9.35098 7.15249 6.54805 5.78059 6.6979 5.60833 5.58462
threshold=17.696000000000002 1.8745000000000001 2.3460000000000005 9.9110000000000014 1.1705000000000003 -0.3390880814530603 0.49650000000000005 13.724500000000001 15.482000000000001 10.050000000000002 -1.2144999999999999 13.083500000000003 20.772500000000004 7.4335000000000013
decision_type=2 2 2 2 2 2 2 2 2 2 2 2 2 2
left_child=1 -1 13 5 6 -4 -5 10 9 -7 11 -8 -9 -3
right_child=-2 2 3 4 -6 8 7 12 -10 -11 -12 -13 -14 -15
leaf_value=-0.035800843234664752 -0.01707418155785902 0.0065097593304661583 0.03141115043863657 0.018660044952337047 0.019083517666306473 -0.022513120524102145 -0.020828173564754582 -0.0015916884554731004 0.00021792672329634528 0.0012675257584674677 0.0081733716451244717 0.0048204009586632597 -0.023488942528877781 0.023815133686084271
leaf_weight=52 126 78 52 65 55 207 46 357 215 56 466 73 53 52
leaf_count=52 126 78 52 65 55 207 46 357 215 56 466 73 53 52
internal_value=-0.000128008 0.00128626 0.00194366 0.00112462 0.00345291 -0.00377358 0.00235849 0.00115578 -0.00606695 -0.011597 0.00521368 -0.00462185 -0.00463415 0.0123077
internal_weight=1953 1827 1775 1645 1115 530 1060 995 478 263 585 119 410 130
internal_count=1953 1827 1775 1645 1115 530 1060 995 478 263 585 119 410 130
is_linear=0
shrinkage=0.05


Tree=32
num_leaves=15
num_cat=0
split_feature=5 6 1 5 6 0 1 1 0 7 7 0 0 7
split_gain=19.9465 6.69904 6.23344 6.04133 5.79239 5.15693 11.9987 9.21967 9.09555 4.90879 7.55052 4.71895 6.28037 6.06979
threshold=19.664000000000005 1.6240000000000003 -0.30041382580050408 2.8185000000000007 7.3115000000000014 18.162500000000005 0.51909748604633899 0.11577009971046097 19.460000000000004 612.05700000000013 886.54800000000012 21.827500000000004 7.8485000000000005 328.90250000000009
decision_type=2 2 2 2 2 2 2 2 2 2 2 2 2 2
left_child=1 -1 3 -3 -5 7 9 -4 -8 -7 -11 12 -6 -14
right_child=-2 2 5 4 11 6 8 -9 -10 10 -12 -13 13 -15
leaf_value=-0.043493037725935504 -0.018795966501670144 0.010761560620945246 0.013647790075309169 -0.019221648892363628 -0.00814404675092446 0.030691271733096961 0.0043878788201050876 -0.00053694348253349213 0.022582821939321086 -0.010510958913749056 0.0081558249465908846 -0.01025634524653824 0.0090962700898683455 -0.0026145847574027175
leaf_weight=44 84 64 114 75 42 43 42 692 65 129 40 198 132 189
leaf_count=44 84 64 114 75 42 43 42 692 65 129 40 198 132 189
internal_value=2.56016e-05 0.00109684 0.00156164 -0.00214286 -0.00361635 0.00386667 0.00924765 0.00173697 0.0228972 0.00235849 -0.00147929 -0.00187166 0.00151515 0.00389408
internal_weight=1953 1869 1825 700 636 1125 319 806 107 212 169 561 363 321
internal_count=1953 1869 1825 700 636 1125 319 806 107 212 169 561 363 321
is_linear=0
shrinkage=0.05


Tree=33
num_leaves=15
num_cat=0
split_feature=5 2 4 7 8 0 7 8 4 6 4 6 7 2
split_gain=16.1605 6.84933 19.8916 13.7162 12.0785 9.5408 7.45389 6.69453 6.72 5.42257 5.34733 7.92643 7.22754 6.80856
threshold=19.664000000000005 0.4068650353019454 15.482000000000001 427.57450000000006 -0.87249999999999994 13.260500000000002 848.7505000000001 -0.12099999999999998 23.378500000000003 14.421000000000001 10.856500000000002 15.376500000000002 801.01250000000016 -0.19851654827941614
decision_type=2 2 2 2 2 2 2 2 2 2 2 2 2 2
left_child=1 3 5 4 -1 -3 10 -4 -9 -8 13 12 -12 -5
right_child=-2 2 7 6 -6 -7 9 8 -10 -11 11 -13 -14 -15
leaf_value=-0.0040334455599426505 -0.017856168176586636 -0.0079324525023574347 -8.1024238203594723e-05 -0.0011933251035283158 0.02873748839205233 -0.064107995311126972 0.019577086451856719 0.0053946308192962984 0.021535512171700934 0.0015282690439389459 -0.0057237292289876425 -0.02884308482927907 0.0080461119402626177 0.010311338734949946
leaf_weight=69 84 289 201 158 255 43 52 86 48 105 385 50 51 77
leaf_count=69 84 289 201 158 255 43 52 86 48 105 385 50 51 77
internal_value=2.56016e-05 0.000989834 -0.00307346 0.00324459 0.012037 -0.011747 0 0.00552239 0.0141791 0.00987261 -0.00214979 -0.00514403 -0.00298165 0.00404255
internal_weight=1953 1869 667 1202 324 332 878 335 134 157 721 486 436 235
internal_count=1953 1869 667 1202 324 332 878 335 134 157 721 486 436 235
is_linear=0
shrinkage=0.05


Tree=34
num_leaves=15
num_cat=0
split_feature=5 2 4 7 0 7 8 4 6 8 4 2 3 6
split_gain=16.3152 5.74249 18.4688 13.8264 10.2094 6.34015 5.49571 6.47808 5.42257 5.29567 5.27627 9.92536 9.72062 8.99197
threshold=19.664000000000005 0.4068650353019454 15.109000000000002 313.87600000000003 12.767000000000001 848.7505000000001 -0.12099999999999998 24.815000000000001 14.421000000000001 -0.63549999999999984 10.856500000000002 -0.045113073260993279 18.278000000000002 15.376500000000002
decision_type=2 2 2 2 2 2 2 2 2 2 2 2 2 2
left_child=1 3 4 -1 -3 10 9 -8 -7 -4 11 12 -5 -12
right_child=-2 2 6 5 -6 8 7 -9 -10 -11 13 -13 -14 -15
leaf_value=0.025684920851754042 -0.016963359767757306 -0.0081827170636691038 0.0013121794407643856 -0.021852714777949214 -0.077050338130863635 0.01859823212926388 0.0051248992783314833 0.023313205309029895 0.0014518555917420019 -0.0092382349401844317 -0.0017788278771157157 0.020848963104088115 0.0060796007920821474 -0.027400930587815116
leaf_weight=215 84 276 163 40 40 52 98 40 105 50 525 59 156 50
leaf_count=215 84 276 163 40 40 52 98 40 105 50 525 59 156 50
internal_value=0.000128008 0.00109684 -0.00262369 0.0031614 -0.0113924 0.000658561 0.00527066 0.0130435 0.00987261 0.000234742 -0.00108434 0.00490196 -0.000510204 -0.00373913
internal_weight=1953 1869 667 1202 316 987 351 138 157 213 830 255 196 575
internal_count=1953 1869 667 1202 316 987 351 138 157 213 830 255 196 575
is_linear=0
shrinkage=0.05


Tree=35
num_leaves=15
num_cat=0
split_feature=5 8 7 4 2 7 4 0 6 2 2 2 4 2
split_gain=16.4706 6.23852 6.86833 8.05272 9.53367 17.0351 8.67713 8.12721 7.93406 7.71383 6.59205 7.17667 6.37982 6.30437
threshold=19.664000000000005 -1.2384999999999999 855.13200000000018 26.128000000000004 0.4068650353019454 427.57450000000006 15.343500000000002 11.485500000000002 14.449000000000002 0.34313907657789455 -0.91084115863148152 -0.29837325449147856 12.769500000000003 0.0064435096891653281
decision_type=2 2 2 2 2 2 2 2 2 2 2 2 2 2
left_child=1 -1 3 4 5 10 7 -6 -4 -5 -3 -12 -7 -13
right_child=-2 2 8 9 6 12 -8 -9 -10 -11 11 13 -14 -15
leaf_value=-0.003038045583803101 -0.016115191779369441 0.060349342942060069 0.021370681228494892 -0.00021069087777664394 -0.0071722350011745074 0.0048309100102865606 0.0014737068081255387 -0.052327807066186144 0.0020612111846906463 0.017214761014535541 0.0019926158825594735 0.037925747964375575 -0.0069056387179117027 0.017444629055084336
leaf_weight=423 84 48 40 40 228 233 200 42 73 49 90 47 279 77
leaf_count=423 84 48 40 40 228 233 200 42 73 49 90 47 279 77
internal_value=0.000230415 0.00120385 0.00276625 0.00176294 0.000723473 0.00413437 -0.00489362 -0.0107407 0.0146018 0.0162921 0.0145038 0.0107477 -0.00117188 0.0185484
internal_weight=1953 1869 1446 1333 1244 774 470 270 113 89 262 214 512 124
internal_count=1953 1869 1446 1333 1244 774 470 270 113 89 262 214 512 124
is_linear=0
shrinkage=0.05


Tree=36
num_leaves=15
num_cat=0
split_feature=5 8 0 1 6 0 7 3 4 1 1 5 5 6
split_gain=16.4706 7.24208 7.57445 8.7176 6.76889 8.87046 11.7595 9.92435 6.60303 6.4614 6.0657 6.06136 5.98665 5.93387
threshold=19.664000000000005 1.1705000000000003 6.5870000000000006 -0.69016699705532203 14.5265 11.658000000000003 317.20650000000006 2.2800000000000002 18.144500000000004 -0.7610972106345526 0.42833659622166903 5.0835000000000017 15.286500000000002 10.010000000000002
decision_type=2 2 2 2 2 2 2 2 2 2 2 2 2 2
left_child=1 2 11 9 5 8 10 -8 -5 12 -7 -1 -4 -3
right_child=-2 13 3 4 -6 6 7 -9 -10 -11 -12 -13 -14 -15
leaf_value=0.0022294256098616878 -0.015309432190400971 0.00017933680466040923 -0.0047335871265897361 -0.0059106762080651199 -0.0022420520250713504 0.037562465179964623 0.021270038068179016 0.0046303223886103723 0.0099949518507872759 -0.020001061769860863 0.019333639106216455 -0.020593947425321269 0.0068770704680017562 0.01977618001556285
leaf_weight=80 84 61 328 197 253 57 46 391 140 57 47 106 50 56
leaf_count=80 84 61 328 197 253 57 46 391 140 57 47 106 50 56
internal_value=0.000230415 0.00120385 0.000399543 0.00153257 0.00384615 0.00592255 0.00988909 0.00629291 -0.000445104 -0.00448276 0.025 -0.00913978 -0.0021164 0.0132479
internal_weight=1953 1869 1752 1566 1131 878 541 437 337 435 104 186 378 117
internal_count=1953 1869 1752 1566 1131 878 541 437 337 435 104 186 378 117
is_linear=0
shrinkage=0.05


Tree=37
num_leaves=15
num_cat=0
split_feature=5 8 0 1 1 6 0 2 7 0 1 5 5 0
split_gain=16.2378 6.34541 7.02445 8.70268 7.68315 5.81842 9.68633 8.3737 6.97985 5.94289 5.32613 9.32636 5.22664 5.99163
threshold=19.664000000000005 1.3010000000000004 6.5870000000000006 -0.69016699705532203 -0.7721494341254892 14.5265 17.705500000000004 -0.87204617232061787 685.35550000000012 19.460000000000004 -0.35321410436273354 5.0835000000000017 15.286500000000002 13.764000000000001
decision_type=2 2 2 2 2 2 2 2 2 2 2 2 2 2
left_child=1 2 10 4 12 6 8 -8 -5 -9 -1 -12 13 -4
right_child=-2 -3 3 5 -6 -7 7 9 -10 -11 11 -13 -14 -15
leaf_value=-0.010287219172753713 -0.014543960580880921 0.012342888273203956 0.005586989604764319 0.0044719530469957509 -0.016405854514332584 -0.0021299494238177842 0.013569476695566962 0.018019992359605799 -0.0092262971496901627 0.017034385293877297 0.0097392272366444432 -0.022126476029914219 0.015102988915469124 -0.010089739751557941
leaf_weight=40 84 103 52 568 67 253 131 46 63 80 57 90 47 272
leaf_count=40 84 103 52 568 67 253 131 46 63 80 57 90 47 272
internal_value=7.68049e-05 0.00104334 0.000339751 0.00142495 -0.00456621 0.0037248 0.00563063 0.0138132 0.00229794 0.0230159 -0.00882353 -0.00442177 -0.00175202 -0.00401235
internal_weight=1953 1869 1766 1579 438 1141 888 257 631 126 187 147 371 324
internal_count=1953 1869 1766 1579 438 1141 888 257 631 126 187 147 371 324
is_linear=0
shrinkage=0.05


Tree=38
num_leaves=15
num_cat=0
split_feature=5 8 7 6 2 6 7 7 3 6 7 4 3 4
split_gain=14.5629 5.63263 6.51159 9.949 15.2646 8.27906 8.112 6.16545 5.94196 5.64972 7.77966 6.58785 5.285 4.76236
threshold=19.664000000000005 -1.2504999999999997 71.586500000000015 9.9110000000000014 0.32694223331140743 13.704000000000002 824.48450000000014 574.6065000000001 92.19250000000001 8.0645000000000007 255.5515 11.321500000000002 8.0710000000000015 20.898500000000002
decision_type=2 2 2 2 2 2 2 2 2 2 2 2 2 2
left_child=1 -1 -3 4 8 6 7 -5 -4 10 11 -6 -7 -14
right_child=-2 2 3 5 9 12 -8 -9 -10 -11 -12 -13 13 -15
leaf_value=-0.0028386888204521401 -0.013816762551836878 0.0162239778087706 -0.0035308547588445514 0.0093970989333094709 -0.014153193084829558 0.0035943399052580567 0.013283868103355204 -0.0025971422738207128 0.024542611406836681 -0.018345253497714847 -0.019408937683081343 0.011074815060971663 -0.001380410576645589 -0.019374347171965289
leaf_weight=416 84 128 40 382 40 99 40 118 74 118 88 49 231 46
leaf_count=416 84 128 40 382 40 99 40 118 74 118 88 49 231 46
internal_value=0.000128008 0.00104334 0.00251204 0.0014717 -0.00501222 0.00436681 0.00833333 0.0066 0.0105263 -0.0110169 -0.00536723 0.00505618 -0.00132979 -0.00487365
internal_weight=1953 1869 1453 1325 409 916 540 500 114 295 177 89 376 277
internal_count=1953 1869 1453 1325 409 916 540 500 114 295 177 89 376 277
is_linear=0
shrinkage=0.05


Tree=39
num_leaves=15
num_cat=0
split_feature=5 8 1 0 7 3 7 8 4 4 4 1 2 8
split_gain=14.2715 5.57417 6.31483 7.55154 8.95735 8.6237 7.90107 7.31666 6.26958 5.43019 5.52848 6.97945 4.65009 4.59264
threshold=19.664000000000005 1.3010000000000004 -0.30041382580050408 15.517500000000002 374.77600000000007 1.8180000000000003 166.19350000000003 -0.46449999999999997 24.815000000000001 7.8590000000000009 12.046500000000002 0.83354805289222267 0.83399694777620859 -1.3989999999999998
decision_type=2 2 2 2 2 2 2 2 2 2 2 2 2 2
left_child=1 2 -1 6 -5 -6 7 -4 9 -8 11 -11 -9 -2
right_child=13 -3 3 4 5 -7 8 12 -10 10 -12 -13 -14 -15
leaf_value=-0.0021752524706198451 -0.036783385749418709 0.011095826866002495 -0.0032032596867553609 0.04613502716893994 0.016582207181054444 0.0027717507965915101 0.0051370994547670565 0.03229193016864404 0.012653951029181171 -0.025763135453437003 -0.0036786022814929518 -0.0014717375265738874 0.0058940799688537108 -0.0026741321740844648
leaf_weight=673 40 103 86 40 51 369 59 41 46 53 260 41 47 44
leaf_count=673 40 103 86 40 51 369 59 41 46 53 260 41 47 44
internal_value=-7.68049e-05 0.00082932 0.000169875 0.00251601 0.0073913 0.0052381 -0.00102686 0.00804598 -0.00446623 -0.00641646 -0.00875706 -0.0191489 0.0181818 -0.0202381
internal_weight=1953 1869 1766 1093 460 420 633 174 459 413 354 94 88 84
internal_count=1953 1869 1766 1093 460 420 633 174 459 413 354 94 88 84
is_linear=0
shrinkage=0.05


Tree=40
num_leaves=15
num_cat=0
split_feature=5 2 4 7 8 3 7 0 7 2 2 2 4 4
split_gain=8.65247 5.97703 12.7024 10.7581 15.0818 8.81754 5.53868 5.32152 7.41989 4.95703 5.3301 4.9359 4.56995 8.05282
threshold=17.696000000000002 0.43028281133296192 15.109000000000002 427.57450000000006 -0.87249999999999994 0.10300000000000001 84.350000000000009 11.991500000000002 340.14100000000002 -0.91084115863148152 -0.29837325449147856 0.0064435096891653281 23.378500000000003 17.828500000000002
decision_type=2 2 2 2 2 2 2 2 2 2 2 2 2 2
left_child=1 3 6 4 -1 -5 -3 8 -8 -6 -11 -12 13 -4
right_child=-2 2 12 5 9 -7 7 -9 -10 10 11 -13 -14 -15
leaf_value=-0.0047714753073371703 -0.011280072092122112 0.012356115292661863 0.0049175559781091116 0.012108462772023966 0.052862621986290971 -0.00089670862197970555 -0.017582091605468204 -0.071290012951076343 0.0066167720012543178 0.0048127440935087588 0.037451004648813735 0.013375240312964394 0.011955998045097907 -0.0035674950530684025
leaf_weight=68 126 49 93 65 47 779 174 40 47 83 42 88 106 146
leaf_count=68 126 49 93 65 47 779 174 40 47 83 42 88 106 146
internal_value=-2.56016e-05 0.000848385 -0.0029771 0.00298635 0.0106707 0 -0.0103226 -0.0132184 -0.010181 0.0161538 0.0129108 0.0192308 0.00362319 -0.000209205
internal_weight=1953 1827 655 1172 328 844 310 261 221 260 213 130 345 239
internal_count=1953 1827 655 1172 328 844 310 261 221 260 213 130 345 239
is_linear=0
shrinkage=0.05


Tree=41
num_leaves=15
num_cat=0
split_feature=5 2 4 7 8 3 8 8 5 1 4 0 4 0
split_gain=8.44398 5.94104 11.1118 8.02175 13.3782 8.58292 6.31645 4.81032 4.52291 7.64287 7.30341 7.03836 6.65297 6.05905
threshold=17.696000000000002 0.43028281133296192 15.109000000000002 427.57450000000006 -0.87249999999999994 0.10300000000000001 -0.12099999999999998 0.080500000000000016 11.7705 0.65765423894015862 10.656500000000003 16.993000000000006 8.0515000000000025 22.757000000000001
decision_type=2 2 2 2 2 2 2 2 2 2 2 2 2 2
left_child=1 3 -3 4 -1 -5 -4 8 12 10 -10 -11 -7 -12
right_child=-2 2 6 5 -6 7 -8 -9 9 11 13 -13 -14 -15
leaf_value=-0.0045329015419703139 -0.010716068487516009 -0.010103567517171834 -0.0001570032344159044 0.011503039633422769 0.021394805681975094 -0.017781903038914391 0.0097817540680783729 -0.0067771537735482369 0.0052311193903351004 0.0042286372196061019 0.0037067374286056665 0.026766390959328736 -0.00083766325178128711 -0.023903839360535983
leaf_weight=68 126 310 210 65 260 43 135 110 92 53 71 40 292 78
leaf_count=68 126 310 210 65 260 43 135 110 92 53 71 40 292 78
internal_value=-0.000179211 0.000684182 -0.00312977 0.0028157 0.00945122 0.000236967 0.00304348 -0.00121951 0.000373692 0.00449102 -0.000207469 0.0166667 -0.00373134 -0.00704698
internal_weight=1953 1827 655 1172 328 844 345 779 669 334 241 93 335 149
internal_count=1953 1827 655 1172 328 844 345 779 669 334 241 93 335 149
is_linear=0
shrinkage=0.05


Tree=42
num_leaves=15
num_cat=0
split_feature=5 8 2 4 7 5 0 1 0 6 2 6 2 5
split_gain=8.24634 5.23843 9.06984 13.0461 9.97523 11.458 7.52896 6.6147 6.20484 8.96445 5.90207 5.76324 4.76985 6.72741
threshold=18.459000000000003 -1.2504999999999997 0.42110087079608943 26.128000000000004 427.57450000000006 15.097500000000002 12.653500000000003 -0.92913280730858794 16.005500000000005 14.134000000000002 -0.30081980763566774 11.491500000000002 -0.6002142805483679 12.777500000000002
decision_type=2 2 2 2 2 2 2 2 2 2 2 2 2 2
left_child=1 12 4 6 -3 7 -4 -6 10 11 -9 -10 -1 -14
right_child=-2 2 3 -5 5 -7 -8 8 9 -11 -12 -13 13 -15
leaf_value=-0.01960025406637228 -0.012756714249257162 0.017155349476881791 -0.0019575700384312014 0.014528259630748528 -0.022967739963219908 0.012828846162501196 -0.029327580405814038 -0.015359101720401669 -0.00060024403102288131 -0.0025584770261371406 1.0814207342597915e-05 0.016854797959704262 -0.0034618282307375876 0.0060497789775724349
leaf_weight=95 105 280 409 44 81 81 61 52 46 183 77 124 259 56
leaf_count=95 105 280 409 44 81 81 61 52 46 183 77 124 259 56
internal_value=-0.000179211 0.000595238 0.00201669 -0.00330739 0.00497835 0.0015528 -0.00574468 -0.000976909 0.00124481 0.00467422 -0.00813953 0.0129412 -0.00439024 -0.00142857
internal_weight=1953 1848 1438 514 924 644 470 563 482 353 129 170 410 315
internal_count=1953 1848 1438 514 924 644 470 563 482 353 129 170 410 315
is_linear=0
shrinkage=0.05


Tree=43
num_leaves=15
num_cat=0
split_feature=6 5 0 8 1 0 1 5 6 7 2 3 3 5
split_gain=8.25276 5.39777 5.46918 7.48077 5.29615 7.12744 7.64961 6.00076 5.45223 7.03612 6.05803 4.6975 4.48697 4.25703
threshold=16.377500000000005 19.263000000000002 6.5870000000000006 -0.15349999999999997 -0.67760851415498091 12.271500000000001 -0.7721494341254892 15.286500000000002 11.188500000000003 328.90250000000009 0.023632005545605003 1.0000000180025095e-35 25.999500000000001 10.115000000000002
decision_type=2 2 2 2 2 2 2 2 2 2 2 2 2 2
left_child=1 2 3 12 5 -4 7 8 9 -7 -10 -6 -1 -11
right_child=-2 -3 4 -5 11 6 -8 -9 10 13 -12 -13 -14 -15
leaf_value=-0.020561980648802613 -0.017199031795766841 -0.020577710754408587 0.0044390913107677848 0.0081519479624852804 0.010903635242397697 -0.0036784278773885574 -0.025679545317321268 0.016370787572613656 -0.0034496002347673528 -0.066826502033779642 0.012010616446229559 0.0032134541413395864 -0.0076776367609587785 -0.013891256465894895
leaf_weight=41 60 52 58 88 56 79 49 43 104 41 48 1111 83 40
leaf_count=41 60 52 58 88 56 79 49 43 104 41 48 1111 83 40
internal_value=-7.68049e-05 0.000501849 0.00095057 -0.00660377 0.0019337 -0.0025974 -0.0049505 -0.00239437 -0.00480769 -0.01125 0.00197368 0.00372751 -0.0145161 -0.0216049
internal_weight=1953 1893 1841 212 1629 462 404 355 312 160 152 1167 124 81
internal_count=1953 1893 1841 212 1629 462 404 355 312 160 152 1167 124 81
is_linear=0
shrinkage=0.05


Tree=44
num_leaves=15
num_cat=0
split_feature=6 7 1 4 2 0 7 2 5 4 4 6 0 2
split_gain=7.19923 9.95689 8.17135 7.95441 8.28455 7.27593 7.05371 8.37339 9.12954 8.8301 8.44526 6.36611 6.26204 6.87848
threshold=14.618000000000002 801.01250000000016 0.098678873477280007 14.123500000000002 -0.65604102973502731 21.987000000000005 685.35550000000012 -0.7324940716135786 14.253500000000001 15.160000000000002 18.144500000000004 2.6270000000000002 15.574000000000002 0.040813519545864409
decision_type=2 2 2 2 2 2 2 2 2 2 2 2 2 2
left_child=1 6 3 4 -2 -4 7 10 9 11 -1 -9 -11 -14
right_child=2 -3 5 -5 -6 -7 -8 8 -10 12 -12 -13 13 -15
leaf_value=0.031265656103298907 -0.021963651907839579 0.010951250008044661 -0.0043512591259928278 -0.020295881873657141 0.0097206117152008782 0.014467872152083536 -0.0076559233949106522 -0.032129148694758802 0.004447912996472664 0.0055319069525526943 -0.012199986597155772 -0.0037609269308753524 0.0011195052863915312 -0.020152334331550444
leaf_weight=106 110 110 98 87 42 58 131 58 44 465 52 489 62 41
leaf_count=106 110 110 98 87 42 58 131 58 44 465 52 489 62 41
internal_value=0.000332821 0.00186136 -0.0056962 -0.0115063 -0.00460526 0.00320513 0.000759669 0.00186029 0.000388266 -0.000493274 0.0126582 -0.00502742 0.00387324 -0.00728155
internal_weight=1953 1558 395 239 152 156 1448 1317 1159 1115 158 547 568 103
internal_count=1953 1558 395 239 152 156 1448 1317 1159 1115 158 547 568 103
is_linear=0
shrinkage=0.05


Tree=45
num_leaves=15
num_cat=0
split_feature=6 8 1 3 0 7 1 0 3 0 8 7 4 3
split_gain=6.90119 5.00419 5.53695 8.16484 4.47342 5.82932 6.5196 9.05361 5.67964 4.23874 3.92458 3.2608 5.24127 6.50885
threshold=16.467500000000005 1.3010000000000004 -0.30041382580050408 1.0000000180025095e-35 17.705500000000004 509.25100000000003 0.51909748604633899 19.460000000000004 99.998500000000021 6.3585000000000012 -1.4164999999999999 275.14350000000007 10.166500000000001 89.424000000000021
decision_type=2 2 2 2 2 2 2 2 2 2 2 2 2 2
left_child=1 2 9 -4 8 -6 -7 -8 -5 -1 -10 -11 13 -13
right_child=-2 -3 3 4 5 6 7 -9 10 11 -12 12 -14 -15
leaf_value=-0.011399395397828603 -0.01142986040284843 0.0096440083281215342 0.0096816595592931608 -0.0046274120614707868 0.040756043057398342 -0.0028427324321103399 -0.0012536074004685317 0.01898520257006401 -0.0035156795050927184 0.0035970827349448178 0.013751302461990609 -0.0022314399053270139 -0.0084869475341330779 0.013407886308331663
leaf_weight=42 48 103 65 448 44 183 45 56 58 183 204 98 331 45
leaf_count=42 48 103 65 448 44 183 45 56 58 183 204 98 331 45
internal_value=-2.56016e-05 0.000446194 -0.000166482 0.00203989 0.000963391 0.00579268 0.00316901 0.0133663 -0.00126761 -0.00364807 0.00458015 -0.00266362 -0.00485232 0.00314685
internal_weight=1953 1905 1802 1103 1038 328 284 101 710 699 262 657 474 143
internal_count=1953 1905 1802 1103 1038 328 284 101 710 699 262 657 474 143
is_linear=0
shrinkage=0.05


Tree=46
num_leaves=15
num_cat=0
split_feature=8 7 1 2 5 3 4 0 2 0 4 5 0 4
split_gain=5.45153 6.4517 6.41306 5.37009 5.33265 4.52941 4.28249 8.45 5.81493 3.86756 3.52174 3.47143 3.21743 3.21125
threshold=-1.2744999999999997 880.07900000000006 0.97269128516472203 -0.6002142805483679 12.777500000000002 98.642500000000027 26.128000000000004 12.653500000000003 -0.99113067767854335 4.0520000000000005 9.7785000000000029 11.416500000000001 8.0390000000000033 19.964500000000005
decision_type=2 2 2 2 2 2 2 2 2 2 2 2 2 2
left_child=3 2 6 10 11 -4 8 -8 -2 -10 -1 12 -5 -14
right_child=1 -3 5 4 -6 -7 7 -9 9 -11 -12 -13 13 -15
leaf_value=-0.045402873997448856 0.02389686525871635 0.0095496618723220697 0.0031612132519547561 -0.0066747473350099625 0.006250649505023579 0.024998155074947057 0.015486426442181787 -0.00042672437973103607 -0.020126890152459977 -0.00057326529275619493 -0.0084210020859858733 -0.022429981730629208 0.0089374823662231647 -0.0043728159704084658
leaf_weight=46 57 69 68 55 59 44 40 40 63 1119 98 40 87 68
leaf_count=46 57 69 68 55 59 44 40 40 63 1119 98 40 87 68
internal_value=0.000281618 0.00173333 0.00101328 -0.00452539 -0.000809061 0.0125 3.79075e-05 0.01125 -0.000686037 -0.00143824 -0.0125 -0.004 -0.00142857 0.00225806
internal_weight=1953 1500 1431 453 309 112 1319 80 1239 1182 144 250 210 155
internal_count=1953 1500 1431 453 309 112 1319 80 1239 1182 144 250 210 155
is_linear=0
shrinkage=0.05


Tree=47
num_leaves=15
num_cat=0
split_feature=8 1 0 1 0 7 0 5 1 4 6 4 7 7
split_gain=5.38668 5.21154 5.56303 7.27971 9.18505 5.08203 5.96917 5.27127 6.78631 5.95877 4.96023 4.69149 4.53517 4.60684
threshold=1.1705000000000003 -0.10738035228456493 18.162500000000005 0.51909748604633899 19.460000000000004 685.35550000000012 11.658000000000003 9.8410000000000029 0.73465119469809237 15.482000000000001 10.010000000000002 17.867000000000004 701.56900000000007 855.13200000000018
decision_type=2 2 2 2 2 2 2 2 2 2 2 2 2 2
left_child=1 -1 5 12 -5 6 -3 8 -8 -10 -2 -7 -4 -14
right_child=10 2 3 4 -6 11 7 -9 9 -11 -12 -13 13 -15
leaf_value=-0.0022587607003151599 0.00021403409834531845 -0.002232569125515105 0.016581495147652277 0.0024597183581493692 0.017910525512554953 -0.011901996612372975 0.017777829101296244 0.024488666784543946 -0.006788769559850253 0.017274729727899452 0.016439537811524716 0.0020923609538166681 -0.029073548766386216 0.0011041095658019279
leaf_weight=829 61 361 44 42 65 81 71 45 59 49 56 47 44 99
leaf_count=829 61 361 44 42 65 81 71 45 59 49 56 47 44 99
internal_value=0.000281618 -0.000381264 0.00203575 0.00782313 0.0182243 -0.000350631 0.00162393 0.00803571 0.00418994 -0.0037037 0.0106838 -0.009375 0.00187166 -0.00244755
internal_weight=1953 1836 1007 294 107 713 585 224 179 108 117 128 187 143
internal_count=1953 1836 1007 294 107 713 585 224 179 108 117 128 187 143
is_linear=0
shrinkage=0.05


Tree=48
num_leaves=15
num_cat=0
split_feature=8 6 4 5 1 2 2 1 4 1 7 6 8 3
split_gain=4.80115 9.04348 8.03277 9.39166 4.19305 4.85087 9.51831 8.19152 8.02797 7.5894 7.46319 8.38504 7.07868 5.38493
threshold=-1.4264999999999997 15.089500000000003 12.531000000000001 11.688000000000001 0.98009454285431663 -0.57729161655172734 -0.65604102973502731 -0.59402672566899761 21.237500000000001 -0.4283365962216687 574.6065000000001 9.8620000000000019 -0.80249999999999988 99.272500000000022
decision_type=2 2 2 2 2 2 2 2 2 2 2 2 2 2
left_child=1 2 -1 -4 5 6 7 -2 9 -9 11 13 -12 -7
right_child=4 -3 3 -5 -6 10 -8 8 -10 -11 12 -13 -14 -15
leaf_value=-0.011050866899667571 -0.03156745060405973 -0.020076115677220285 -0.0008395153782106827 0.021826043900522608 0.015505765325734711 -0.017669585208604694 0.015269158255500665 0.013797593016358434 -0.01376570120367508 0.0034498111020812906 -0.00037790533185994848 0.0038090346118020285 -0.010379068123271605 0.0038269362581178027
leaf_weight=79 51 75 156 41 107 233 46 40 46 345 88 325 84 237
leaf_count=79 51 75 156 41 107 233 46 40 46 345 88 325 84 237
internal_value=2.56016e-05 -0.00527066 -0.00108696 0.00431472 0.00118602 0.000501672 0.00435606 0.00228216 0.00452436 0.00688312 -0.0016029 0.000440252 -0.0110465 -0.00382979
internal_weight=1953 351 276 197 1602 1495 528 482 431 385 967 795 172 470
internal_count=1953 351 276 197 1602 1495 528 482 431 385 967 795 172 470
is_linear=0
shrinkage=0.05


Tree=49
num_leaves=15
num_cat=0
split_feature=6 6 7 7 2 4 7 1 7 2 2 7 0 3
split_gain=6.68911 4.72865 4.85351 6.76719 6.55654 5.6238 7.10841 6.20991 5.61714 4.79053 8.0846 9.20044 4.41602 4.18917
threshold=16.377500000000005 1.6240000000000003 275.14350000000007 228.96900000000002 0.26123699986315735 23.378500000000003 82.169000000000025 0.41274032740354816 290.7625000000001 0.69017338824297181 0.43028281133296192 374.77600000000007 10.503500000000001 0.10300000000000001
decision_type=2 2 2 2 2 2 2 2 2 2 2 2 2 2
left_child=1 -1 3 4 -3 6 -6 -8 -4 10 13 -12 -7 -10
right_child=-2 2 8 -5 5 12 7 -9 9 -11 11 -13 -14 -15
leaf_value=-0.031418936110861634 -0.014700293845894597 0.023256302263391773 -0.012100846643513101 0.01206620832765316 0.0049848219050309048 0.009984208646783066 -0.011922794363622086 0.0075131198496146455 0.009385861612500452 0.010948583640893721 -0.035496495506109331 -0.00058649046569411722 -0.0021110973392872863 -0.00032034569533208882
leaf_weight=44 60 132 42 108 104 44 118 40 73 78 50 59 40 961
leaf_count=44 60 132 42 108 104 44 118 40 73 78 50 59 40 961
internal_value=-0.000230415 0.000290544 0.000676041 0.00443686 0.00188285 -0.0017341 -0.00534351 -0.0120253 -0.00106888 -0.00045045 -0.00126859 -0.0142202 0.00952381 9.67118e-05
internal_weight=1953 1893 1849 586 478 346 262 158 1263 1221 1143 109 84 1034
internal_count=1953 1893 1849 586 478 346 262 158 1263 1221 1143 109 84 1034
is_linear=0
shrinkage=0.05


Tree=50
num_leaves=15
num_cat=0
split_feature=8 6 4 5 0 7 0 7 7 7 5 4 5 1
split_gain=4.80115 7.54493 7.60645 7.76531 4.76425 4.10673 3.94363 4.38873 3.50044 8.48145 3.7444 5.73787 6.07131 4.64276
threshold=-1.4264999999999997 15.089500000000003 12.531000000000001 11.688000000000001 4.0520000000000005 71.586500000000015 8.5475000000000012 42.734500000000004 101.92900000000002 135.57350000000002 14.835000000000003 15.599500000000001 17.696000000000002 -0.69016699705532203
decision_type=2 2 2 2 2 2 2 2 2 2 2 2 2 2
left_child=1 2 -1 -4 -2 6 -6 -8 -7 -10 13 12 -12 -11
right_child=4 -3 3 -5 5 8 7 -9 9 10 11 -13 -14 -15
leaf_value=-0.011661138667853781 -0.01712808310471638 -0.019056292608592665 -0.00086022147845415281 0.02005864505037536 0.023050726436350422 -0.011080574454495729 -0.0042289019039943474 0.012903443514899318 0.023808723370832809 -0.0068301643565667845 0.013160667953953153 -0.0053596302915264408 0.0023658932238132093 0.0011000095519923343
leaf_weight=79 68 75 156 41 41 50 42 41 47 279 70 43 57 864
leaf_count=79 68 75 156 41 41 50 42 41 47 279 70 43 57 864
internal_value=2.56016e-05 -0.00527066 -0.00144928 0.00380711 0.00118602 0.0017601 0.0104839 0.00421687 0.000992908 0.00147059 0.000723534 0.00764706 0.0129921 -0.000306212
internal_weight=1953 351 276 197 1602 1534 124 83 1410 1360 1313 170 127 1143
internal_count=1953 351 276 197 1602 1534 124 83 1410 1360 1313 170 127 1143
is_linear=0
shrinkage=0.05


Tree=51
num_leaves=15
num_cat=0
split_feature=8 6 5 0 1 6 0 1 8 6 7 8 4 8
split_gain=4.88495 5.78074 4.19824 6.26946 4.63022 8.82612 8.68633 7.01034 6.172 4.82805 7.08293 5.77833 6.7365 4.64843
threshold=1.1705000000000003 10.010000000000002 2.4350000000000001 6.5870000000000006 -0.10282099713736061 8.5030000000000019 18.162500000000005 0.77214943412548942 -1.2144999999999999 10.010000000000002 301.80000000000007 -0.17949999999999997 19.047500000000003 -2.0004999999999993
decision_type=2 2 2 2 2 2 2 2 2 2 2 2 2 2
left_child=2 -2 -1 -4 13 -6 9 8 -8 -7 -11 -12 -13 -5
right_child=1 -3 3 4 5 6 7 -9 -10 10 11 12 -14 -15
leaf_value=0.011889877246111564 -0.00036175174242908392 0.01430002098345789 -0.010639400156101625 -0.012073472644021088 0.020789273959930937 -0.0097904253506685447 -0.016122456480206694 0.020626601884348651 0.0057139289249569462 0.01514409410532145 2.5853869148402912e-05 -0.018801393537620538 0.0038898144010029016 -0.00096261201560814309
leaf_weight=120 61 56 156 55 105 83 46 50 190 52 212 52 42 673
leaf_count=120 61 56 156 55 105 83 46 50 190 52 212 52 42 673
internal_value=-7.68049e-05 0.00982906 -0.000708061 -0.00134033 -0.000384615 0.00216346 0.000206327 0.00699301 0.00338983 -0.00419501 -0.00167598 -0.00457516 -0.0148936 -0.0032967
internal_weight=1953 117 1836 1716 1560 832 727 286 236 441 358 306 94 728
internal_count=1953 117 1836 1716 1560 832 727 286 236 441 358 306 94 728
is_linear=0
shrinkage=0.05


Tree=52
num_leaves=15
num_cat=0
split_feature=6 6 7 2 7 2 2 5 3 7 3 8 7 2
split_gain=4.66722 4.66511 3.4805 6.65479 5.72183 4.65263 7.19248 7.7636 4.90387 4.43981 4.5125 4.57934 5.23594 4.29705
threshold=16.535500000000003 1.6240000000000003 275.14350000000007 0.12643880951666986 290.7625000000001 0.69017338824297181 0.43028281133296192 7.7485000000000008 0.10300000000000001 228.96900000000002 82.812000000000012 0.43400000000000005 183.22450000000001 0.80444483470750872
decision_type=2 2 2 2 2 2 2 2 2 2 2 2 2 2
left_child=1 -1 3 -3 -4 6 8 -8 -6 10 -5 12 13 -12
right_child=-2 2 4 9 5 -7 7 -9 -10 -11 11 -13 -14 -15
leaf_value=-0.029805853406376606 -0.014035443214010124 0.020552397790119747 -0.010107430148296542 -0.018772788937955524 0.008034492740839316 0.010067361145360158 -0.036734318529565518 -0.00034426470963371675 -0.00029223651706990206 0.0093048236658676009 0.015490260293401909 0.0062766823007795571 -0.01678569736534169 -0.0028542629815949184
leaf_weight=44 42 139 42 40 77 78 41 68 975 87 79 79 47 115
leaf_count=44 42 139 42 40 77 78 41 68 975 87 79 79 47 115
internal_value=-0.000179211 0.00018315 0.0005624 0.00375427 -0.000897736 -0.000282486 -0.00107666 -0.0133028 0.000190114 0.000782998 -0.00166667 0.0003125 -0.00311203 0.000515464
internal_weight=1953 1911 1867 586 1281 1239 1161 109 1052 447 360 320 241 194
internal_count=1953 1911 1867 586 1281 1239 1161 109 1052 447 360 320 241 194
is_linear=0
shrinkage=0.05


Tree=53
num_leaves=15
num_cat=0
split_feature=6 6 2 4 5 0 8 4 8 8 8 0 0 1
split_gain=4.5719 3.71267 6.07551 6.62396 6.47262 5.3835 7.00447 4.8853 5.56158 5.99134 7.30792 5.97882 11.3957 6.22148
threshold=1.6240000000000003 14.618000000000002 -0.7324940716135786 18.777000000000005 15.286500000000002 21.375000000000004 -0.20699999999999996 14.123500000000002 -2.3214999999999995 -1.7554999999999998 -1.1449999999999998 18.763000000000002 14.410500000000001 -0.17552986495351994
decision_type=2 2 2 2 2 2 2 2 2 2 2 2 2 2
left_child=-1 2 3 5 7 6 -2 -4 -9 -10 -11 12 13 -12
right_child=1 -3 4 -5 -6 -7 -8 8 9 10 11 -13 -14 -15
leaf_value=-0.028315560736057777 0.038527225198362353 -0.0042798420897749634 -0.0046011962329535654 -0.0024267933545091824 0.018565542495615907 0.0049870485366302038 0.019361141198735533 -0.0054048058051806604 0.012306922866322276 -0.0046178248814849219 0.0069078436318622373 0.013408550054667262 -0.0078961142258805808 0.0017549983925464752
leaf_weight=44 47 395 509 69 52 99 56 50 55 101 107 51 77 241
leaf_count=44 47 395 509 69 52 99 56 50 55 101 107 51 77 241
internal_value=2.56016e-05 0.000392876 0.00151915 0.00830258 4.02253e-05 0.0128713 0.0208738 -0.000713686 0.00205279 0.00332278 0.00181976 0.00441176 0.00247059 0.00632184
internal_weight=1953 1909 1514 271 1243 202 103 1191 682 632 577 476 425 348
internal_count=1953 1909 1514 271 1243 202 103 1191 682 632 577 476 425 348
is_linear=0
shrinkage=0.05


Tree=54
num_leaves=15
num_cat=0
split_feature=6 1 5 8 3 1 5 0 1 1 6 7 6 3
split_gain=4.5719 3.6868 4.95911 5.52436 5.99325 11.1214 5.27009 3.97047 14.7248 6.86566 3.36288 6.57468 3.75311 3.61969
threshold=1.6240000000000003 -0.10738035228456493 2.4350000000000001 -2.0004999999999993 99.006500000000003 -0.7721494341254892 5.8545000000000007 20.003500000000006 0.65765423894015862 0.017189842955271029 9.8115000000000023 526.34000000000015 11.365500000000003 3.3395000000000006
decision_type=2 2 2 2 2 2 2 2 2 2 2 2 2 2
left_child=-1 2 -2 -4 10 -6 -7 9 -9 -3 -5 12 -12 -13
right_child=1 7 3 4 5 6 -8 8 -10 -11 11 13 -14 -15
leaf_value=-0.026899782699254894 0.010374523909643444 0.014742494947362496 -0.012158773125673011 -0.011692020195536218 0.0017958557414015982 -0.0050214990138544181 -0.024865834732775191 0.00113533955560155 0.019528694735262142 -0.00020172960280059467 0.00083409353718605925 0.0016328757132795719 0.013229490888090657 -0.0059960436450503867
leaf_weight=44 58 41 59 119 108 49 66 182 41 790 66 61 78 191
leaf_count=44 58 41 59 119 108 49 66 182 41 790 66 61 78 191
internal_value=2.56016e-05 0.000392876 -0.00204678 -0.00307403 -0.00189702 -0.00874439 -0.0195652 0.00237192 0.00829596 0.00078219 0.00106796 0.00328283 0.0118056 -0.0015873
internal_weight=1953 1909 855 797 738 223 115 1054 223 831 515 396 144 252
internal_count=1953 1909 855 797 738 223 115 1054 223 831 515 396 144 252
is_linear=0
shrinkage=0.05


Tree=55
num_leaves=15
num_cat=0
split_feature=8 7 7 0 6 0 7 4 0 5 0 2 7 7
split_gain=3.71301 6.91616 4.26814 7.08583 4.26203 3.41182 4.52134 5.42999 4.23214 5.06752 5.55556 3.96075 3.59989 8.39229
threshold=-2.6729999999999996 71.586500000000015 41.20000000000001 9.0155000000000012 2.6270000000000002 26.575500000000002 845.78650000000005 14.7125 27.673000000000005 16.896000000000004 31.980000000000004 -0.99113067767854335 101.92900000000002 135.57350000000002
decision_type=2 2 2 2 2 2 2 2 2 2 2 2 2 2
left_child=-1 2 3 -2 -3 6 11 -8 -7 -10 -11 -6 -13 -14
right_child=1 4 -4 -5 5 8 7 -9 9 10 -12 12 13 -15
leaf_value=-0.0042021163361583682 0.0075385493934077346 -0.016989644964601636 0.0188703611886369 -0.0069742307838246273 0.024193068112484884 -0.029680926999876123 0.00064720995933863494 0.014454632753279198 0.0083591130128139578 -0.021773302610272167 0.0026621836032449 -0.015608882203028002 0.02393826915573613 -0.00034831038373465061
leaf_weight=40 40 65 77 42 45 41 79 61 40 50 40 59 50 1224
leaf_count=40 40 65 77 42 45 41 79 61 40 50 40 59 50 1224
internal_value=7.68049e-05 0.000392054 0.0103774 0.00243902 -0.000513113 -2.96033e-05 0.000724638 0.00928571 -0.00672515 -0.00230769 -0.00888889 -0.000145138 -0.000637659 -7.84929e-05
internal_weight=1953 1913 159 82 1754 1689 1518 140 171 130 90 1378 1333 1274
internal_count=1953 1913 159 82 1754 1689 1518 140 171 130 90 1378 1333 1274
is_linear=0
shrinkage=0.05


Tree=56
num_leaves=15
num_cat=0
split_feature=6 8 7 7 0 7 5 0 7 2 7 1 3 7
split_gain=4.5719 2.93369 4.66532 3.9191 6.05 3.24643 5.46142 5.32071 4.41818 3.848 8.09735 5.33907 4.58766 5.08323
threshold=1.6240000000000003 -2.5634999999999999 71.586500000000015 41.20000000000001 9.126000000000003 101.92900000000002 4.323500000000001 6.0245000000000006 183.22450000000001 0.67844406397199097 228.96900000000002 0.45914483320598681 0.10300000000000001 801.01250000000016
decision_type=2 2 2 2 2 2 2 2 2 2 2 2 2 2
left_child=-1 -2 3 4 -3 -4 8 -8 -7 12 -11 -12 13 -9
right_child=1 2 5 -5 -6 6 7 9 -10 10 11 -13 -14 -15
leaf_value=-0.024705311316062063 -0.0036535709345206142 0.0071616219237373479 -0.013422777269959272 0.017512934334223223 -0.0073780018226927997 0.019721596553205489 -0.010221240270010565 -0.00017144397140423929 0.0018654734120129982 -0.0028133307197129934 0.021648955573984299 0.0081050854295841145 -0.00065957400283027661 0.0077576327325390888
leaf_weight=44 45 40 62 76 40 55 81 56 80 54 50 41 1188 41
leaf_count=44 45 40 62 76 40 55 81 56 80 54 50 41 1188 41
internal_value=2.56016e-05 0.000392876 0.000697425 0.00897436 0.00125 -5.8548e-05 0.00036452 -0.00049636 0.01 0.00020979 0.00793103 0.017033 -0.000661479 0.00979381
internal_weight=1953 1909 1864 156 80 1708 1646 1511 135 1430 145 91 1285 97
internal_count=1953 1909 1864 156 80 1708 1646 1511 135 1430 145 91 1285 97
is_linear=0
shrinkage=0.05


Tree=57
num_leaves=15
num_cat=0
split_feature=8 5 5 0 8 6 8 8 4 3 7 4 2 3
split_gain=3.61281 6.12468 5.35571 5.23455 4.59875 2.78884 2.41375 12.335 4.6966 4.35314 5.59061 3.58886 6.33011 4.70706
threshold=-2.6729999999999996 2.3460000000000005 1.6565000000000001 3.7165000000000004 1.6490000000000002 2.0695000000000001 -0.67799999999999994 -0.87249999999999994 6.2775000000000007 94.499000000000009 726.48200000000008 8.8155000000000019 -0.18163955523420786 97.774500000000003
decision_type=2 2 2 2 2 2 2 2 2 2 2 2 2 2
left_child=-1 2 -2 -3 5 -5 7 11 -8 10 -9 12 -7 -13
right_child=1 3 -4 4 -6 6 8 9 -10 -11 -12 13 -14 -15
leaf_value=-0.0038093319726244194 0.00099206964784703811 -0.015629100702871025 0.017555220082036964 -0.020975331948189069 0.008590735643476774 -0.017821361391834774 0.0076658820657677044 -0.00038775440033347321 -0.0011247752486156866 0.018650428538631192 0.011287384218319993 0.0018193156484024977 0.0041397610046812489 -0.0070405789013419226
leaf_weight=40 63 53 60 41 51 84 53 56 768 48 46 366 40 184
leaf_count=40 63 53 60 41 51 84 53 56 768 48 46 366 40 184
internal_value=-0.000128008 0.000182959 0.0109756 -0.000558659 -8.63558e-05 -0.000533808 -0.000212766 0.00169903 -0.00213155 0.0146667 0.00882353 -0.00118694 -0.00887097 0.000545455
internal_weight=1953 1913 123 1790 1737 1686 1645 824 821 150 102 674 124 550
internal_count=1953 1913 123 1790 1737 1686 1645 824 821 150 102 674 124 550
is_linear=0
shrinkage=0.05


Tree=58
num_leaves=15
num_cat=0
split_feature=5 6 6 4 0 5 8 7 7 7 7 8 1 4
split_gain=3.94723 4.59389 4.1811 3.06753 2.90394 6.42166 3.24352 3.16195 4.83844 4.74723 7.77357 3.85698 4.25194 4.12491
threshold=2.3460000000000005 1.6240000000000003 7.4335000000000013 15.539500000000002 6.5870000000000006 5.0835000000000017 1.6490000000000002 63.267500000000005 275.14350000000007 232.74400000000003 207.16200000000003 0.26850000000000007 -0.45914483320598648 17.828500000000002
decision_type=2 2 2 2 2 2 2 2 2 2 2 2 2 2
left_child=2 -2 3 -1 5 -3 7 -6 9 10 -9 -10 -13 -14
right_child=1 4 -4 -5 6 -7 -8 8 11 -11 -12 12 13 -15
leaf_value=0.020731740870525407 -0.033302636108398807 0.0052169342733345168 0.013544512376653073 -0.0029735008819156286 -0.0051031164817048821 -0.0093625897800159088 0.0035129667543700271 0.011455023389084258 -7.7457491072374659e-05 0.010725047925529828 -0.015845241766063552 -0.018939177723396608 -0.0061325546762228096 0.0130729311202675
leaf_weight=41 40 57 52 43 46 92 44 180 1123 63 42 43 44 43
leaf_count=41 40 57 52 43 46 92 44 180 1123 63 42 43 44 43
internal_value=-0.000128008 -0.000742983 0.00808824 0.00119048 -0.000365785 -0.00704698 0.0002457 -0.000126263 0.000260078 0.00614035 0.0027027 -0.00107741 -0.00923077 -0.00287356
internal_weight=1953 1817 136 84 1777 149 1628 1584 1538 285 222 1253 130 87
internal_count=1953 1817 136 84 1777 149 1628 1584 1538 285 222 1253 130 87
is_linear=0
shrinkage=0.05


Tree=59
num_leaves=15
num_cat=0
split_feature=8 7 7 0 2 4 2 7 8 4 7 2 2 4
split_gain=3.68783 5.34692 4.22701 5.93217 3.42009 9.11381 8.09737 8.21674 5.69938 6.39223 6.74537 6.62861 5.85074 5.83185
threshold=-2.6729999999999996 71.586500000000015 41.20000000000001 9.0155000000000012 0.43028281133296192 15.482000000000001 0.56424300735932609 192.02400000000003 -1.2744999999999997 9.145500000000002 313.87600000000003 -0.14772953607417119 0.0064435096891653281 8.8945000000000025
decision_type=2 2 2 2 2 2 2 2 2 2 2 2 2 2
left_child=-1 2 3 -2 8 -6 -7 -8 13 11 12 -10 -11 -3
right_child=1 4 -4 -5 5 6 7 -9 9 10 -12 -13 -14 -15
leaf_value=-0.0033167278762735496 0.0064229677779220756 -0.025193001810506144 0.016534684005470462 -0.0061575475917953273 -0.0087693662846319975 -0.001997043421909346 -0.0017974321938315553 0.0096703809104740721 0.0013777216842984911 0.023159360051781604 -0.00082232600155517088 0.024859908800056733 -0.0039220962182373647 -0.00071836782605017859
leaf_weight=40 40 56 77 42 282 44 79 111 139 79 636 51 41 236
leaf_count=40 40 56 77 42 282 44 79 111 139 79 636 51 41 236
internal_value=2.56016e-05 0.00033978 0.0091195 0.00121951 -0.0004561 -0.00387597 0.0034188 0.00789474 0.000969305 0.00285412 0.000793651 0.0110526 0.0116667 -0.00513699
internal_weight=1953 1913 159 82 1754 516 234 190 1238 946 756 190 120 292
internal_count=1953 1913 159 82 1754 516 234 190 1238 946 756 190 120 292
is_linear=0
shrinkage=0.05


Tree=60
num_leaves=15
num_cat=0
split_feature=8 5 5 0 8 3 0 6 1 4 8 6 8 8
split_gain=3.58798 5.2917 6.20124 4.09519 3.46161 2.70584 5.85941 4.38369 3.37865 2.89033 4.93564 3.6467 4.75936 3.35071
threshold=-2.6729999999999996 2.3460000000000005 1.6565000000000001 4.0520000000000005 1.6490000000000002 2.1505000000000005 15.698500000000001 16.377500000000005 0.11577009971046097 6.4960000000000013 -1.0469999999999999 3.9720000000000004 -1.9349999999999998 -1.4264999999999997
decision_type=2 2 2 2 2 2 2 2 2 2 2 2 2 2
left_child=-1 2 -2 -3 5 6 -5 9 -8 10 -7 -11 -13 -14
right_child=1 3 -4 4 -6 7 8 -9 -10 11 -12 12 13 -15
leaf_value=-0.0031508914824598718 -0.00041526926696769942 -0.014272035570923 0.016044752495275708 -0.0016294726823262663 0.0080854026946799006 -0.006893392807832778 0.00031723844493918301 -0.03323928067285236 0.015045767235602515 -0.016424916035129696 0.01562868078608938 0.0076025024442322679 -0.0072791820882187556 -0.00027561249537674668
leaf_weight=40 63 67 60 55 51 40 81 40 41 46 78 75 130 1086
leaf_count=40 63 67 60 55 51 40 81 40 41 46 78 75 130 1086
internal_value=-0.000179211 0.000130685 0.0101626 -0.000558659 -8.70575e-05 -0.000478469 0.00536723 -0.00117057 0.0114754 -0.000721649 0.00677966 -0.00138369 -0.000890782 -0.00164474
internal_weight=1953 1913 123 1790 1723 1672 177 1495 122 1455 118 1337 1291 1216
internal_count=1953 1913 123 1790 1723 1672 177 1495 122 1455 118 1337 1291 1216
is_linear=0
shrinkage=0.05


Tree=61
num_leaves=15
num_cat=0
split_feature=2 7 0 3 4 2 3 1 7 5 3 3 7 4
split_gain=4.57757 7.12662 6.60503 6.13087 4.8728 4.79665 7.44348 5.48571 4.62458 4.8105 4.47486 5.55033 4.09697 3.33057
threshold=0.43028281133296192 313.87600000000003 14.698500000000001 1.0570000000000002 15.482000000000001 0.12643880951666986 98.241500000000016 -0.17082974322534453 364.74500000000006 3.3920000000000003 81.697000000000017 5.6795000000000009 839.68850000000009 24.070500000000003
decision_type=2 2 2 2 2 2 2 2 2 2 2 2 2 2
left_child=1 5 4 12 8 6 -1 -8 9 -2 11 -11 -3 -5
right_child=2 3 -4 13 -6 -7 7 -9 -10 10 -12 -13 -14 -15
leaf_value=0.044123513886573519 0.0054573149359733487 0.00032195123463038268 -0.024351567736989686 -0.00052383121728886712 0.0017991108383484139 -0.0010384616195511065 -0.0079695279087304786 0.013780034378743134 0.0052949104347863405 -0.035833301255659741 -0.017433363499857957 0.0098089297611117822 0.0076730855817388676 -0.01082530500815272
leaf_weight=47 63 66 41 899 314 59 42 70 45 56 83 53 44 71
leaf_count=47 63 66 41 899 314 59 42 70 45 56 83 53 44 71
internal_value=-0.000332821 0.00138675 -0.00374046 -0.000277778 -0.002443 0.00963303 0.0141509 0.00714286 -0.007 -0.00960784 -0.0135417 -0.00688073 0.0109091 -0.00154639
internal_weight=1953 1298 655 1080 614 218 159 112 300 255 192 109 110 970
internal_count=1953 1298 655 1080 614 218 159 112 300 255 192 109 110 970
is_linear=0
shrinkage=0.05


Tree=62
num_leaves=15
num_cat=0
split_feature=8 7 2 2 0 2 4 6 0 3 4 8 7 5
split_gain=3.68783 5.34692 4.45029 6.59457 4.90273 4.36708 3.94872 6.48611 3.91078 3.33569 4.16897 9.62667 4.00668 3.99908
threshold=-2.6729999999999996 71.586500000000015 0.82438889030848939 0.73832635400310653 8.1485000000000003 0.99276848381014016 14.521000000000003 8.0645000000000007 10.105500000000001 0.10300000000000001 6.2775000000000007 -0.99449999999999983 801.01250000000016 5.7805000000000009
decision_type=2 2 2 2 2 2 2 2 2 2 2 2 2 2
left_child=-1 -2 3 4 -3 6 -4 -8 -6 12 11 -11 -10 -12
right_child=1 2 5 -5 8 -7 7 -9 9 10 13 -13 -14 -15
leaf_value=-0.003352930509371856 0.0079537914380684027 -0.0059064462009291597 -0.017666969136730649 0.010458726594617253 0.010598714448671172 0.010827721684038472 0.010788229786137055 -0.0019818461098560238 -1.680307799430958e-05 -0.012959156733196182 0.0037748585356010078 0.016591238236040109 0.0064508548582936148 -0.0022358846261617605
leaf_weight=40 159 54 126 53 71 43 41 54 54 40 156 60 41 961
leaf_count=40 159 54 126 53 71 43 41 54 54 40 156 60 41 961
internal_value=2.56016e-05 0.00033978 -0.0004561 0.000604027 -3.47947e-05 -0.00643939 -0.00927602 -0.00157895 0.000542299 -7.62195e-05 -0.000780608 0.009 0.00894737 -0.00165622
internal_weight=1953 1913 1754 1490 1437 264 221 95 1383 1312 1217 100 95 1117
internal_count=1953 1913 1754 1490 1437 264 221 95 1383 1312 1217 100 95 1117
is_linear=0
shrinkage=0.05


Tree=63
num_leaves=15
num_cat=0
split_feature=6 8 6 8 5 8 2 7 3 4 1 7 6 8
split_gain=4.35133 3.84801 3.84722 3.76011 5.65006 3.25084 5.09193 5.48541 7.36675 5.84732 4.72449 5.79978 9.23844 7.25019
threshold=16.377500000000005 -2.6729999999999996 1.6240000000000003 -1.9349999999999998 7.4230000000000009 -1.2504999999999997 -0.57729161655172734 317.20650000000006 92.958000000000013 17.867000000000004 0.98521098335796142 526.34000000000015 9.9110000000000014 -0.40649999999999992
decision_type=2 2 2 2 2 2 2 2 2 2 2 2 2 2
left_child=1 -1 -3 4 -4 -5 7 -7 -9 -10 11 12 -8 -13
right_child=-2 2 3 5 -6 6 10 8 9 -11 -12 13 -14 -15
leaf_value=-0.0031852839839032615 -0.009798053366061283 -0.023693896526823074 0.019292296553811816 -0.0024058024639003919 0.0003586970576841875 0.031449336400791526 -0.0046499405032650824 0.0050695871270520949 0.00099838957277187802 -0.0215158091315239 0.010442925404558701 -0.00070798982537327864 0.0034651154498692711 -0.010817368890959203
leaf_weight=40 60 42 40 281 61 65 401 260 92 42 84 137 282 66
leaf_count=40 60 42 40 281 61 65 401 260 92 42 84 137 282 66
internal_value=-7.68049e-05 0.00034337 0.000674582 0.00102154 0.010396 0.000467836 0.00143457 0.00577342 0.0035533 -0.00597015 -0.000618557 -0.001693 0.000512445 -0.0091133
internal_weight=1953 1893 1853 1811 101 1710 1429 459 394 134 970 886 683 203
internal_count=1953 1893 1853 1811 101 1710 1429 459 394 134 970 886 683 203
is_linear=0
shrinkage=0.05


Tree=64
num_leaves=15
num_cat=0
split_feature=1 0 7 5 1 4 4 0 8 3 3 8 1 4
split_gain=3.59093 10.3468 6.90531 5.68197 5.5959 5.44405 8.47511 6.83128 5.06388 4.75862 4.22222 4.18411 5.46138 4.26676
threshold=0.59055600833485278 19.460000000000004 549.60800000000006 9.6600000000000019 0.68630018684894145 18.144500000000004 9.7055000000000025 11.485500000000002 -0.45749999999999996 87.375500000000017 5.5715000000000012 -1.4264999999999997 -0.81403855522663837 9.850500000000002
decision_type=2 2 2 2 2 2 2 2 2 2 2 2 2 2
left_child=11 2 4 -4 -2 6 -6 -8 9 10 -5 12 -1 -14
right_child=1 -3 3 8 5 -7 7 -9 -10 -11 -12 -13 13 -15
leaf_value=0.0016201879776752055 0.021452926474491277 0.015874648960329397 -0.011750006791111309 0.0047131000687556691 0.019915643847835424 0.013577694461150737 -0.0082891676011754133 0.00060750526436354792 -0.0045847586874778416 -0.0089787105638697278 0.020655098805043577 -8.6032265636231536e-05 -0.041207610179719856 -0.0029427959556883767
leaf_weight=68 49 51 58 50 41 118 53 52 44 49 45 1100 45 130
leaf_count=68 49 51 58 50 41 118 53 52 44 49 45 1100 45 130
internal_value=-0.000230415 0.00295082 0.0009839 -0.00528455 0.00591054 0.0030303 -0.00342466 -0.0109524 -0.00106383 0.00347222 0.01 -0.00167535 -0.00761317 -0.0122857
internal_weight=1953 610 559 246 313 264 146 105 188 144 95 1343 243 175
internal_count=1953 610 559 246 313 264 146 105 188 144 95 1343 243 175
is_linear=0
shrinkage=0.05


Tree=65
num_leaves=15
num_cat=0
split_feature=8 7 2 2 0 2 0 4 6 3 7 6 5 1
split_gain=3.4895 5.09331 3.87641 6.95716 4.58489 4.36708 4.26482 3.94872 6.48611 2.96295 5.89522 3.44002 5.96336 5.39515
threshold=-2.6729999999999996 71.586500000000015 0.82438889030848939 0.73832635400310653 8.1485000000000003 0.99276848381014016 10.105500000000001 14.521000000000003 8.0645000000000007 0.10300000000000001 810.54100000000005 14.618000000000002 15.286500000000002 0.098678873477280007
decision_type=2 2 2 2 2 2 2 2 2 2 2 2 2 2
left_child=-1 -2 3 4 -3 7 -6 -4 -9 10 -8 12 -11 -13
right_child=1 2 5 -5 6 -7 9 8 -10 11 -12 13 -14 -15
leaf_value=-0.0028182510120654163 0.0070744002028489579 -0.0055779344044259039 -0.016337587301321368 0.010203220185865829 0.0093289045624267743 0.010523134238281613 -0.00013046074145864339 0.01048561693527527 -0.0018488315647465156 -0.00036832441511039371 0.0059600439160224982 -0.016106446558246088 0.014920449349202053 0.0023853291557689128
leaf_weight=40 159 54 126 53 71 43 55 41 54 822 40 208 49 138
leaf_count=40 159 54 126 53 71 43 55 41 54 822 40 208 49 138
internal_value=-0.000384025 -7.84109e-05 -0.000855188 0.000134228 -0.000521921 -0.00643939 3.61533e-05 -0.00927602 -0.00157895 -0.000609756 0.00789474 -0.00127362 0.000401837 -0.00549133
internal_weight=1953 1913 1754 1490 1437 264 1383 221 95 1312 95 1217 871 346
internal_count=1953 1913 1754 1490 1437 264 1383 221 95 1312 95 1217 871 346
is_linear=0
shrinkage=0.05


Tree=66
num_leaves=15
num_cat=0
split_feature=8 7 6 7 5 6 3 0 6 6 7 7 5 5
split_gain=3.51399 5.03136 3.11462 3.06185 6.10182 3.88099 4.722 3.23022 6.14217 7.32824 4.38027 5.03938 5.49916 5.86874
threshold=-2.6729999999999996 71.586500000000015 2.6270000000000002 101.92900000000002 4.323500000000001 9.5700000000000021 99.998500000000021 6.5870000000000006 7.8850000000000007 10.638000000000002 685.35550000000012 801.01250000000016 16.490500000000004 14.253500000000001
decision_type=2 2 2 2 2 2 2 2 2 2 2 2 2 2
left_child=-1 -2 -3 -4 5 6 -5 -6 -9 -10 -11 12 13 -12
right_child=1 2 3 4 7 -7 -8 8 9 10 11 -13 -14 -15
leaf_value=-0.0026773384614621446 0.0067206801927065076 -0.011558792592923551 -0.014101537977066184 -0.0056328967680817667 -0.0073565900196259533 0.031995440674071431 0.011003799466809173 0.009110845668915013 -0.0066614123947219446 0.0015985641182923145 -0.0077804985993920207 0.00038441835062621446 -0.027384708401759605 0.005930721349287558
leaf_weight=40 159 65 62 46 99 41 42 106 233 524 152 302 40 42
leaf_count=40 159 65 62 46 99 41 42 106 233 524 152 302 40 42
internal_value=-0.000332821 -2.6137e-05 -0.000798176 -0.000384843 3.07314e-05 0.0104651 0.00454545 -0.000867824 -0.000250179 -0.00119876 0.000566038 -0.00261194 -0.00811966 -0.00463918
internal_weight=1953 1913 1754 1689 1627 129 88 1498 1399 1293 1060 536 234 194
internal_count=1953 1913 1754 1689 1627 129 88 1498 1399 1293 1060 536 234 194
is_linear=0
shrinkage=0.05


Tree=67
num_leaves=15
num_cat=0
split_feature=8 5 0 5 4 7 7 8 4 5 0 8 5 2
split_gain=3.58798 5.2917 4.09519 3.12822 2.45046 5.84408 7.86692 7.05333 4.88371 4.73863 5.73732 4.57508 5.89387 13.1495
threshold=-2.6729999999999996 2.3460000000000005 4.0520000000000005 1.6565000000000001 15.160000000000002 852.87300000000016 559.53100000000006 -1.5069999999999999 16.810500000000001 3.2800000000000007 10.105500000000001 -1.6954999999999998 11.7705 -0.18399835165767994
decision_type=2 2 2 2 2 2 2 2 2 2 2 2 2 2
left_child=-1 3 -3 -2 11 6 8 -8 -6 -10 -11 -4 -13 -14
right_child=1 2 4 -5 5 -7 7 -9 9 10 -12 12 13 -15
leaf_value=-0.0025434715383890385 0.0014902601932279659 -0.012514979913265773 -0.023088104649374677 0.015166612140810854 0.023473634555609892 0.0090182360441877947 0.013533109318837583 -0.0075960661364663706 -0.0087234068634184959 0.0096131309706579213 0.00020763050483579642 -0.0025945995834392292 -0.00011782688096164396 0.015420510169121954
leaf_weight=40 63 67 65 60 74 58 40 200 48 101 268 548 260 61
leaf_count=40 63 67 65 60 74 58 40 200 48 101 268 548 260 61
internal_value=-0.000179211 0.000130685 -0.000558659 0.0101626 -8.70575e-05 0.00196451 0.000752394 -0.00666667 0.00437882 0.00227818 0.00420054 -0.00182013 -0.000863061 0.00451713
internal_weight=1953 1913 1790 123 1723 789 731 240 491 417 369 934 869 321
internal_count=1953 1913 1790 123 1723 789 731 240 491 417 369 934 869 321
is_linear=0
shrinkage=0.05


Tree=68
num_leaves=15
num_cat=0
split_feature=8 8 4 2 8 4 4 7 5 6 7 0 3 6
split_gain=3.70416 10.0757 4.39397 4.4884 4.03361 6.16799 5.54857 4.99033 4.76385 4.84582 7.89077 10.6667 5.47779 5.45455
threshold=-0.90149999999999986 -0.72149999999999992 9.145500000000002 0.12643880951666986 -0.31249999999999994 8.600500000000002 10.606500000000002 818.96500000000003 2.1005000000000007 9.9110000000000014 526.34000000000015 20.408500000000004 75.981000000000009 9.1990000000000016
decision_type=2 2 2 2 2 2 2 2 2 2 2 2 2 2
left_child=-1 2 -2 -4 5 -3 -7 -8 -6 13 -11 12 -12 -10
right_child=1 4 3 -5 8 6 7 -9 9 10 11 -13 -14 -15
leaf_value=-0.00091255195409623013 0.038903055102899597 0.0082042973628744416 0.0089309673499708697 -0.00058288554698768811 0.0073526462228878653 -0.022325602511748942 -0.0076172677975943574 0.0078469954636014531 -0.001401013148638758 0.0072403236618451888 -0.0072052992489380907 0.0073120869965669997 -0.0055000318329758158 -0.012603292521604782
leaf_weight=743 40 66 73 42 58 43 210 41 165 257 51 60 49 55
leaf_count=743 40 66 73 42 58 43 210 41 165 257 51 60 49 55
internal_value=-0.000384025 0.00132231 0.0132258 0.00826087 -0.00042654 -0.00472222 -0.00782313 -0.00498008 0.00179856 0.000549451 0.00371703 -0.005 -0.015 -0.00545455
internal_weight=1953 1210 155 115 1055 360 294 251 695 637 417 160 100 220
internal_count=1953 1210 155 115 1055 360 294 251 695 637 417 160 100 220
is_linear=0
shrinkage=0.05


Tree=69
num_leaves=15
num_cat=0
split_feature=6 2 2 1 1 7 0 3 7 7 5 0 5 6
split_gain=3.98944 3.73807 5.44267 3.52975 6.22399 5.14319 5.96286 8.61206 6.0643 5.87897 5.05414 4.64015 6.2414 4.66542
threshold=16.377500000000005 0.80444483470750872 0.76110425866077447 -0.59402672566899761 -0.7721494341254892 183.22450000000001 15.449000000000002 0.74950000000000017 732.11350000000004 364.74500000000006 9.8080000000000016 12.880000000000001 15.286500000000002 11.188500000000003
decision_type=2 2 2 2 2 2 2 2 2 2 2 2 2 2
left_child=1 2 3 4 11 -5 8 -8 10 -9 -7 -1 13 -13
right_child=-2 -3 -4 5 -6 6 7 9 -10 -11 -12 12 -14 -15
leaf_value=0.0082549854663171475 -0.008459165927991414 -0.0015466255267092611 0.017177030171087758 0.014253560933464894 -0.0071417176437929778 -0.0045341133465825181 0.0088690837282969035 0.032568359593036611 -0.011063365991279897 0.00027050036797863917 0.008362914021074563 -0.021901888353612543 0.014158256082781265 0.0011586462799800309
leaf_weight=48 60 367 44 102 119 180 47 43 43 460 88 147 57 148
leaf_count=48 60 367 44 102 119 180 47 43 43 460 88 147 57 148
internal_value=-0.000640041 -0.000237718 0.0008519 0.000337382 -0.00298651 0.00212876 0.00087108 0.004 -0.00466238 0.00208748 -0.00186567 0 -0.00198864 -0.00491525
internal_weight=1953 1893 1526 1482 519 963 861 550 311 503 268 400 352 295
internal_count=1953 1893 1526 1482 519 963 861 550 311 503 268 400 352 295
is_linear=0
shrinkage=0.05


Tree=70
num_leaves=15
num_cat=0
split_feature=2 2 6 5 4 3 6 7 2 0 0 5 8 7
split_gain=2.80878 5.57635 3.92772 4.68646 7.17547 5.2339 4.35185 3.65733 5.01328 5.71537 3.47895 3.15743 2.70626 2.94162
threshold=0.80444483470750872 0.76110425866077447 10.010000000000002 2.8185000000000007 14.453000000000001 93.274000000000015 8.0645000000000007 183.22450000000001 0.32694223331140743 10.503500000000001 8.0390000000000033 3.0740000000000003 1.1705000000000003 880.07900000000006
decision_type=2 2 2 2 2 2 2 2 2 2 2 2 2 2
left_child=1 7 3 -2 5 -5 -6 8 11 -10 -9 -1 13 -12
right_child=2 -3 -4 4 6 -7 -8 10 9 -11 12 -13 -14 -15
leaf_value=0.007211095855666011 0.0013087504707577275 0.016318178662533368 0.0023448268191082534 -0.015563569885599924 0.0082683213821169478 -0.033179543649539345 -0.011345455071991906 -0.0074108577574674072 0.0041657660178304025 -0.0053601221130611613 -0.00053989663970698269 0.034055835186903798 0.010098255265376646 0.0033752480032309632
leaf_weight=60 76 44 71 85 54 41 40 45 41 43 1186 43 40 84
leaf_count=60 76 44 71 85 54 41 40 45 41 43 1186 43 40 84
internal_value=-0.000281618 0.000630517 -0.00422343 -0.00675676 -0.0104545 -0.018254 0 0.000129702 0.00668449 -0.00238095 -0.000774908 0.0140777 -0.000305344 -0.000708661
internal_weight=1953 1586 367 296 220 126 94 1542 187 84 1355 103 1310 1270
internal_count=1953 1586 367 296 220 126 94 1542 187 84 1355 103 1310 1270
is_linear=0
shrinkage=0.05


Tree=71
num_leaves=15
num_cat=0
split_feature=7 6 2 4 5 7 0 1 1 6 6 3 7 6
split_gain=2.60578 4.20457 5.26845 5.45988 4.41928 3.85682 6.33421 4.49603 5.56921 4.77918 4.13665 8.11143 5.60254 5.46324
threshold=880.07900000000006 14.684500000000002 -0.82681243101696389 18.144500000000004 13.146000000000003 686.99650000000008 18.763000000000002 0.59055600833485278 0.73465119469809237 9.1685000000000016 11.310000000000002 99.919000000000011 328.90250000000009 12.593500000000001
decision_type=2 2 2 2 2 2 2 2 2 2 2 2 2 2
left_child=1 2 3 -1 5 7 -7 10 9 -9 12 13 -4 -12
right_child=-2 -3 4 -5 -6 6 -8 8 -10 -11 11 -13 -14 -15
leaf_value=0.019019573978580187 0.0032064856030694145 -0.0052748915702263257 -0.0011901769444797651 -0.012689540432795784 0.0055395164589789221 -0.015852016775359429 0.0017129955139673692 0.0021991345106942119 0.00048725247240589687 0.031375567694694156 0.018321519236559742 -0.012962057274034584 -0.032186929886784586 0.0014668805357102854
leaf_weight=139 84 326 490 48 129 57 43 43 311 40 52 40 92 59
leaf_count=139 84 326 490 48 129 57 43 43 311 40 52 40 92 59
internal_value=-0.000281618 -0.000668807 0.000421257 0.00828877 -0.000663717 -0.00158924 -0.011 -0.000754215 0.0035533 0.0150602 -0.00306958 0.00430464 -0.00498282 0.0112613
internal_weight=1953 1869 1543 187 1356 1227 100 1127 394 83 733 151 582 111
internal_count=1953 1869 1543 187 1356 1227 100 1127 394 83 733 151 582 111
is_linear=0
shrinkage=0.05


Tree=72
num_leaves=15
num_cat=0
split_feature=5 6 4 6 6 1 0 4 3 7 0 5 2 8
split_gain=2.78325 3.84842 3.85933 3.46858 6.28183 7.95474 5.55872 8.64627 5.03873 7.26329 6.6199 5.59804 6.73216 4.91571
threshold=2.3460000000000005 7.4335000000000013 15.539500000000002 9.8620000000000019 8.5030000000000019 0.76588452941357155 16.337500000000002 13.990500000000003 0.10300000000000001 546.08100000000013 21.732000000000003 9.6600000000000019 -0.67125995756753143 0.21950000000000003
decision_type=2 2 2 2 2 2 2 2 2 2 2 2 2 2
left_child=1 2 -1 4 5 6 7 -2 -5 10 -10 12 -11 -13
right_child=3 -3 -4 8 -6 -7 -8 -9 9 11 -12 13 -14 -15
leaf_value=0.013678010021006626 -0.015178248864433376 0.0063628704016080624 -0.0023089907821181991 0.0047149887211729892 -0.0075341520611121359 0.021866428250016414 0.0094519150851069648 0.0040468427407901238 0.0055445487210344577 -1.3819468729581175e-05 -0.028760442485347898 -5.341961971501025e-05 -0.018397647157470894 -0.007702105767888579
leaf_weight=41 161 52 43 76 212 41 42 116 430 47 42 560 49 41
leaf_count=41 161 52 43 76 212 41 42 116 430 47 42 560 49 41
internal_value=-0.000281618 0.00661765 0 -0.000798019 -0.00402098 0 -0.00266458 -0.00523466 0.000682731 -0.000128315 0.00466102 -0.00337159 -0.0145833 -0.0015807
internal_weight=1953 136 84 1817 572 360 319 277 1245 1169 472 697 96 601
internal_count=1953 136 84 1817 572 360 319 277 1245 1169 472 697 96 601
is_linear=0
shrinkage=0.05


Tree=73
num_leaves=15
num_cat=0
split_feature=8 5 6 5 2 0 8 8 8 8 4 0 2 7
split_gain=3.4895 3.90245 3.3605 3.09717 2.80281 3.50524 2.46909 3.66065 2.39117 9.29272 7.79199 5.33396 5.69887 5.10276
threshold=-2.6729999999999996 2.3460000000000005 1.6240000000000003 1.6565000000000001 0.99276848381014016 4.0520000000000005 1.3010000000000004 0.93000000000000016 -0.90149999999999986 -0.72149999999999992 6.2775000000000007 26.453500000000002 0.83399694777620859 473.49200000000008
decision_type=2 2 2 2 2 2 2 2 2 2 2 2 2 2
left_child=-1 3 -3 -2 5 -4 7 8 -7 -10 -11 12 13 -12
right_child=1 2 4 -5 -6 6 -8 -9 9 10 11 -13 -14 -15
leaf_value=-0.0028466357164166883 0.00084887688024262167 -0.026809602955748208 -0.014025564467729363 0.014277853619210044 0.010253928302535908 -0.00076268010385048687 0.0030640131122166266 -0.0071307483781540924 0.0087643043555558128 0.011814584697939112 0.0050481652217720541 -0.031976102551664776 -0.015272073284642619 -0.00095495930651719749
leaf_weight=40 63 40 45 60 47 636 77 43 141 55 296 40 73 297
leaf_count=40 63 40 45 60 47 636 77 43 141 55 296 40 73 297
internal_value=-0.000384025 -7.84109e-05 -0.000670391 0.00853659 -0.000342857 -0.000675279 -0.000301568 -0.000727388 -0.000325098 0.00133038 -0.000854139 -0.00226629 -0.0012012 0.000421585
internal_weight=1953 1913 1790 123 1750 1703 1658 1581 1538 902 761 706 666 593
internal_count=1953 1913 1790 123 1750 1703 1658 1581 1538 902 761 706 666 593
is_linear=0
shrinkage=0.05


Tree=74
num_leaves=15
num_cat=0
split_feature=8 7 7 0 6 6 4 2 1 3 7 3 1 2
split_gain=3.36832 3.34431 4.14533 3.97503 2.74666 6.02937 8.54177 7.3698 4.92466 4.65518 6.71691 5.81225 5.0713 4.14084
threshold=-2.6729999999999996 71.586500000000015 41.20000000000001 9.126000000000003 9.8620000000000019 8.5610000000000017 17.418000000000003 0.27779130397453933 -0.021515898191484053 99.955500000000015 526.34000000000015 0.10300000000000001 0.91585580712236381 -0.92449049203901279
decision_type=2 2 2 2 2 2 2 2 2 2 2 2 2 2
left_child=-1 2 3 -2 5 6 7 -3 -9 10 -6 -12 -11 -13
right_child=1 4 -4 -5 9 -7 -8 8 -10 12 11 13 -14 -15
leaf_value=-0.0027043039305958555 0.0037045322406743884 0.021117371525432884 0.014413655073569448 -0.0075257437399713885 0.0066618504935409221 -0.0072718965403649853 0.011130736292225912 -0.015880356842698416 -0.00093838986096659032 -0.0083353223459451432 0.0046474977892180273 -0.011037454532573101 0.0041414495442563043 -6.5105477083909909e-06
leaf_weight=40 42 47 77 40 309 188 72 110 109 180 72 158 50 459
leaf_count=40 42 47 77 40 309 188 72 110 109 180 72 158 50 459
internal_value=-0.000640041 -0.00033978 0.00660377 -0.00121951 -0.000969213 -0.0039924 0 -0.00413534 -0.00799087 0.000325733 0.00180361 -0.000943396 -0.00608696 -0.00251216
internal_weight=1953 1913 159 82 1754 526 338 266 219 1228 998 689 230 617
internal_count=1953 1913 159 82 1754 526 338 266 219 1228 998 689 230 617
is_linear=0
shrinkage=0.05


Tree=75
num_leaves=15
num_cat=0
split_feature=7 7 8 6 6 7 6 3 6 5 1 1 8 0
split_gain=3.46509 3.956 3.23964 3.03218 2.8926 2.41818 3.76276 5.15582 4.51856 5.86397 5.11137 4.608 4.34455 5.70594
threshold=17.304500000000001 71.586500000000015 -0.79149999999999998 2.6270000000000002 7.7505000000000006 92.90600000000002 7.8850000000000007 99.971000000000018 9.8620000000000019 3.8305000000000002 0.57659668305444445 -0.3970220911538665 -1.2384999999999999 7.2380000000000004
decision_type=2 2 2 2 2 2 2 2 2 2 2 2 2 2
left_child=-1 2 -2 -3 -4 -5 7 -7 9 -8 11 -11 -10 -14
right_child=1 3 4 5 -6 6 8 -9 12 10 -12 -13 13 -15
leaf_value=-0.0033896166902273404 -0.00060865401323119135 -0.0067730162837553957 0.026141512787797829 -0.011080971851761141 0.0024464698638176352 0.00058290261155109454 0.0047311064360119302 0.012355589461330189 -0.002600467146501351 -0.0080565222046063822 9.5394309659880422e-05 -0.035012367348807485 0.013640530226015971 0.00039372159853739226
leaf_weight=40 41 67 41 40 54 128 56 63 285 80 66 45 48 899
leaf_count=40 41 67 41 40 54 128 56 63 285 80 66 45 48 899
internal_value=-0.000435228 -0.000130685 0.00808824 -0.000759707 0.0131579 -0.000350877 -5.98802e-05 0.0065445 -0.000912779 -0.00708502 -0.0112565 -0.0172 0.000324675 0.00195354
internal_weight=1953 1913 136 1777 95 1710 1670 191 1479 247 191 125 1232 947
internal_count=1953 1913 136 1777 95 1710 1670 191 1479 247 191 125 1232 947
is_linear=0
shrinkage=0.05


Tree=76
num_leaves=15
num_cat=0
split_feature=1 0 0 1 8 1 8 1 7 7 8 8 8 4
split_gain=2.73222 3.97348 5.43434 4.97288 3.64652 3.46485 3.26782 4.05645 3.39996 8.53762 5.50589 5.6397 5.46668 4.56259
threshold=-0.10738035228456493 20.408500000000004 22.932000000000006 1.0000000180025095e-35 1.1705000000000003 0.23416947364604893 -1.5914999999999997 0.97653720355785967 526.34000000000015 388.06600000000009 1.006 0.15450000000000003 -0.39649999999999996 11.504500000000002
decision_type=2 2 2 2 2 2 2 2 2 2 2 2 2 2
left_child=4 3 -3 -2 -1 -4 -5 8 9 10 11 -8 13 -10
right_child=1 2 5 6 -6 -7 7 -9 12 -11 -12 -13 -14 -15
leaf_value=-0.0011605662636045067 0.011195221041753791 0.019568258754138708 -0.014996035222608096 0.0062690951469918351 0.0075527847544405021 0.0070575082623368481 -0.0060019809064009695 0.002696553894770182 -0.012431508527792399 0.0155849942363375 -0.012448239184867994 0.011988884772888203 -0.0071849051434267524 0.0012020734609343886
leaf_weight=829 49 78 63 86 42 64 189 119 45 97 53 70 68 101
leaf_count=829 49 78 63 86 42 64 189 119 45 97 53 70 68 101
internal_value=-0.000384025 0.0012939 0.00756098 -0.000171038 -0.00246843 0.0011811 -0.00108696 -0.00215633 -0.00377207 -0.00110024 -0.00512821 -0.00212355 -0.0088785 -0.00342466
internal_weight=1953 1082 205 877 871 127 828 742 623 409 312 259 214 146
internal_count=1953 1082 205 877 871 127 828 742 623 409 312 259 214 146
is_linear=0
shrinkage=0.05


Tree=77
num_leaves=15
num_cat=0
split_feature=7 6 2 4 1 6 1 1 6 5 4 3 3 1
split_gain=3.27077 2.98357 5.3556 4.00725 4.23929 3.34374 6.64935 5.58004 6.43482 3.06105 4.44969 10.0396 8.57148 10.3889
threshold=880.07900000000006 14.684500000000002 -0.82681243101696389 18.144500000000004 0.017189842955271029 14.907500000000002 0.098678873477280007 -0.48941038753127697 15.746500000000003 13.146000000000003 14.268500000000001 20.216000000000005 32.238500000000009 -0.96230016621822467
decision_type=2 2 2 2 2 2 2 2 2 2 2 2 2 2
left_child=1 2 3 4 -1 -3 7 8 -7 10 12 -12 -4 -14
right_child=-2 5 9 -5 -6 6 -8 -9 -10 -11 11 -13 13 -15
leaf_value=0.026816790284407189 0.003787814949387239 -0.018950696784497019 -0.0088867739051764708 -0.012240164437393376 0.0074899260760594721 -0.013053315342560637 0.0067577799427536618 -0.020393644728992667 0.0053058711810359815 0.0050206019862082396 0.008550030668587949 -0.00028782149536186189 0.020874996248488421 -0.0027677141933916852
leaf_weight=67 84 51 175 48 72 62 77 95 41 129 83 603 41 325
leaf_count=67 84 51 175 48 72 62 77 95 41 129 83 603 41 325
internal_value=-0.000128008 -0.000561798 0.000356448 0.00828877 0.0125899 -0.00490798 -0.00272727 -0.00757576 0.000485437 -0.000737463 -0.00150774 0.00116618 -0.00489834 -0.000546448
internal_weight=1953 1869 1543 187 139 326 275 198 103 1356 1227 686 541 366
internal_count=1953 1869 1543 187 139 326 275 198 103 1356 1227 686 541 366
is_linear=0
shrinkage=0.05


Tree=78
num_leaves=15
num_cat=0
split_feature=1 8 0 0 1 4 3 1 5 3 0 5 5 5
split_gain=2.80186 4.81982 3.62968 5.43434 4.75549 4.09513 2.78421 5.21075 5.61458 4.60626 3.80759 10.3926 8.53752 4.78851
threshold=-0.10738035228456493 1.1705000000000003 20.408500000000004 22.932000000000006 1.0000000180025095e-35 12.575500000000002 97.69250000000001 -0.7721494341254892 2.8185000000000007 88.939000000000007 12.653500000000003 8.8995000000000015 5.6780000000000008 11.230000000000002
decision_type=2 2 2 2 2 2 2 2 2 2 2 2 2 2
left_child=1 6 4 -4 -2 -5 9 -8 -9 10 12 -12 -1 -13
right_child=2 -3 3 5 -6 -7 7 8 -10 -11 11 13 -14 -15
leaf_value=-0.0046241009302258702 0.010893426851258416 0.0072515339089373161 0.019203987813197643 0.0045170877175285595 -0.00028159614338327396 -0.0095058038051461236 0.00044788047381214837 0.00084641453399333802 -0.010796221290666923 0.0036783525123898989 -0.047452111527189492 0.010243666733650309 0.008438569292948386 -0.0012649660281560393
leaf_weight=40 49 42 78 71 828 56 143 48 128 89 56 55 43 227
leaf_count=40 49 42 78 71 828 56 143 48 128 89 56 55 43 227
internal_value=-0.000128008 -0.00223881 0.00157116 0.00756098 0.000171038 0.0011811 -0.003076 -0.00673981 -0.0125 -0.000784314 -0.00296912 -0.00532544 0.00662651 -0.00141844
internal_weight=1953 871 1082 205 877 127 829 319 176 510 421 338 83 282
internal_count=1953 871 1082 205 877 127 829 319 176 510 421 338 83 282
is_linear=0
shrinkage=0.05


Tree=79
num_leaves=15
num_cat=0
split_feature=8 7 7 0 7 5 8 3 6 8 2 8 4 0
split_gain=3.73827 2.8925 3.74635 3.97503 3.60401 3.8516 5.05957 4.67878 3.75837 5.61705 5.73067 5.55575 8.94162 4.4072
threshold=-2.6729999999999996 82.169000000000025 41.20000000000001 9.126000000000003 101.92900000000002 4.410000000000001 0.41200000000000003 98.915000000000006 9.8620000000000019 -1.4264999999999997 -0.53190322474958196 -1.7554999999999998 7.8590000000000009 15.517500000000002
decision_type=2 2 2 2 2 2 2 2 2 2 2 2 2 2
left_child=-1 2 3 -2 -3 6 7 -6 11 10 -10 -7 -13 -12
right_child=1 4 -4 -5 5 8 -8 -9 9 -11 13 12 -14 -15
leaf_value=-0.0026561352889818133 0.0029210461720296822 -0.014615151337445998 0.012715289497617733 -0.0075938518941787575 1.0457715121148237e-05 0.0033026200935346753 -0.001559624922008942 0.012547067481451757 -0.013525389956740902 0.00082539657589484412 -0.0051656147975906634 0.010530318286480465 -0.0086081892567431272 0.0069275272364229291
leaf_weight=40 42 47 93 40 47 40 42 67 103 986 44 66 250 46
leaf_count=40 42 47 93 40 47 40 42 67 103 986 44 66 250 46
internal_value=0.000128008 0.000444328 0.00657143 -0.00121951 -0.000172612 0.000206978 0.00769231 0.0131579 -0.000553746 0.000805768 -0.00699482 -0.00505618 -0.00727848 0.00222222
internal_weight=1953 1913 175 82 1738 1691 156 114 1535 1179 193 356 316 90
internal_count=1953 1913 175 82 1738 1691 156 114 1535 1179 193 356 316 90
is_linear=0
shrinkage=0.05


Tree=80
num_leaves=15
num_cat=0
split_feature=7 5 6 2 2 1 7 6 7 3 4 4 6 6
split_gain=3.78905 3.10007 3.73457 3.13858 3.56997 3.10038 2.53745 3.2509 3.42822 4.19555 5.61967 8.34135 4.41056 6.86008
threshold=17.304500000000001 2.1005000000000007 1.6240000000000003 0.99276848381014016 0.97513228625088877 0.23416947364604893 886.54800000000012 14.684500000000002 845.78650000000005 5.5715000000000012 13.688500000000003 9.5115000000000016 7.9135000000000009 8.7260000000000009
decision_type=2 2 2 2 2 2 2 2 2 2 2 2 2 2
left_child=-1 5 -3 4 6 -2 7 8 9 10 11 -4 -11 -14
right_child=1 2 3 -5 -6 -7 -8 -9 -10 12 -12 -13 13 -15
leaf_value=-0.003267458416003434 0.016221839453879925 -0.024561907857682461 -0.00019998418387608894 0.0098102604443877257 -0.0059570899799073406 1.6291223080500129e-06 0.0040202978030762174 -0.0030945100936706688 0.0071664227358907984 0.0094025260374194716 0.0034296985858601279 -0.036990339003003948 -0.016439505098367269 0.0003012730758305632
leaf_weight=40 45 40 57 44 42 42 63 341 43 172 82 48 68 826
leaf_count=40 45 40 57 44 42 42 63 341 43 172 82 48 68 826
internal_value=0.000230415 0.000548876 0.000109529 0.000447928 0.000114811 0.00977011 0.000470588 9.1631e-05 0.00123457 0.00075818 -0.00614973 -0.0138095 0.00196998 0.000559284
internal_weight=1953 1913 1826 1786 1742 87 1700 1637 1296 1253 187 105 1066 894
internal_count=1953 1913 1826 1786 1742 87 1700 1637 1296 1253 187 105 1066 894
is_linear=0
shrinkage=0.05


Tree=81
num_leaves=15
num_cat=0
split_feature=7 6 2 2 6 3 8 8 8 6 8 8 8 2
split_gain=2.75478 3.20682 3.70625 4.54475 2.91614 4.99891 4.1738 4.14993 10.0262 5.05085 3.94024 5.58827 7.08775 4.47948
threshold=17.304500000000001 3.2290000000000005 0.99276848381014016 0.94713111268739625 7.9135000000000009 97.69250000000001 1.1705000000000003 -0.95049999999999979 -0.45749999999999996 6.3275000000000015 -0.91249999999999998 -0.67799999999999994 -0.53349999999999997 0.32694223331140743
decision_type=2 2 2 2 2 2 2 2 2 2 2 2 2 2
left_child=-1 -2 3 4 7 6 -6 9 -9 -3 -7 -12 -13 -14
right_child=1 2 -4 -5 5 10 -8 8 -10 -11 11 12 13 -15
leaf_value=-0.0031040854952032633 -0.00635632584307273 -0.0035647751695926815 0.00931974742216834 -0.0045330552830641219 0.00058085421450241876 -0.0081974063467851032 0.013453791072943422 0.033851529840727639 0.0057523044823071358 0.0030504432361530445 0.012208066432124279 -0.013144529370188653 0.0032368166966958282 -0.0059733059260365581
leaf_weight=40 87 42 46 77 929 162 41 44 91 47 42 50 168 87
leaf_count=40 87 42 46 77 929 162 41 44 91 47 42 50 168 87
internal_value=0.000486431 0.000757972 0.00120482 0.000842697 0.00137992 0.000574713 0.00268041 0.00669643 0.0122222 -0.00168539 -0.00343811 -0.000432277 -0.00278689 0.000588235
internal_weight=1953 1913 1826 1780 1703 1479 970 224 135 89 509 347 305 255
internal_count=1953 1913 1826 1780 1703 1479 970 224 135 89 509 347 305 255
is_linear=0
shrinkage=0.05


Tree=82
num_leaves=15
num_cat=0
split_feature=7 6 2 2 7 7 3 6 8 2 2 4 3 3
split_gain=2.69 3.10048 3.79367 3.85066 3.55515 3.57577 3.32269 5.16056 4.08748 4.44613 3.68329 4.71454 2.88876 4.92389
threshold=17.304500000000001 3.2290000000000005 0.99276848381014016 0.97513228625088877 135.57350000000002 98.850500000000011 97.69250000000001 7.9135000000000009 -1.4264999999999997 0.37522380421282725 -0.28192241106630667 18.144500000000004 94.906500000000008 92.584500000000006
decision_type=2 2 2 2 2 2 2 2 2 2 2 2 2 2
left_child=-1 -2 3 4 5 -3 12 -8 -9 10 11 -10 13 -6
right_child=1 2 -4 -5 6 -7 7 8 9 -11 -12 -13 -14 -15
leaf_value=-0.0029488812204431004 -0.0060385095509190917 0.0011478462611297037 0.0088537600510599224 -0.0054325827167587722 0.00061902918152714206 0.019833471990964052 0.010864707948341197 -0.011529700446450429 0.00069320225039294083 -0.0068991265651233763 0.0051859846709339935 -0.010160795831055149 0.010190764889237473 -0.01835072834867766
leaf_weight=40 87 151 46 42 949 46 50 73 141 65 93 61 68 41
leaf_count=40 87 151 46 42 949 46 50 73 141 65 93 61 68 41
internal_value=0.000332821 0.00060115 0.00104053 0.000674157 0.00103567 0.00736041 0.000227125 -0.00320911 -0.00496536 -0.00277778 -0.000169492 -0.0039604 0.00179584 0.00111111
internal_weight=1953 1913 1826 1780 1738 197 1541 483 433 360 295 202 1058 990
internal_count=1953 1913 1826 1780 1738 197 1541 483 433 360 295 202 1058 990
is_linear=0
shrinkage=0.05


Tree=83
num_leaves=15
num_cat=0
split_feature=8 8 8 1 7 0 3 0 0 2 0 6 6 3
split_gain=3.81457 2.80489 3.16901 3.41126 4.6287 7.32926 5.47021 5.39777 4.00673 5.00658 4.50835 3.84747 4.71749 3.60137
threshold=-2.6729999999999996 2.1445000000000003 1.3010000000000004 -0.10282099713736061 156.84400000000002 15.653500000000001 1.2690000000000003 14.410500000000001 11.797000000000002 0.14347198451036616 10.020500000000002 6.8795000000000011 8.6010000000000009 99.561000000000021
decision_type=2 2 2 2 2 2 2 2 2 2 2 2 2 2
left_child=-1 2 3 -2 11 7 -7 8 10 -10 13 -5 -13 -6
right_child=1 -3 -4 4 5 6 -8 -9 9 -11 -12 12 -14 -15
leaf_value=-0.0026067495854736169 -0.00065522946331676441 -0.0026371627785712337 0.011935254725069205 0.000109807288886149 -0.0047870304591584659 0.0132386673417081 0.0018631638254858239 -0.011420760500237322 -0.00084706223599684142 0.021156530210307029 -0.0065830901260143463 0.01634799598436144 0.0029577552939392573 0.0046251334881838163
leaf_weight=40 813 40 63 50 154 41 380 61 66 41 67 40 46 51
leaf_count=40 813 40 63 50 154 41 380 61 66 41 67 40 46 51
internal_value=0.000281618 0.00060115 0.00088094 0.000497238 0.00245737 0.00110337 0.00581948 -0.00340909 -0.00118734 0.00700935 -0.00441176 0.0110294 0.0174419 -0.000731707
internal_weight=1953 1913 1873 1810 997 861 421 440 379 107 272 136 86 205
internal_count=1953 1913 1873 1810 997 861 421 440 379 107 272 136 86 205
is_linear=0
shrinkage=0.05


Tree=84
num_leaves=15
num_cat=0
split_feature=8 8 4 7 7 8 6 0 5 8 8 1 6 4
split_gain=3.76362 2.7603 3.14544 6.032 6.92907 5.31404 5.07226 4.41809 9.00902 4.44866 4.48567 4.10834 5.1748 3.7858
threshold=-2.6729999999999996 2.1445000000000003 15.160000000000002 845.78650000000005 559.53100000000006 -1.4954999999999998 1.8745000000000001 26.237500000000004 15.097500000000002 -1.4264999999999997 -0.91249999999999998 -0.82391537601316189 11.188500000000003 7.8590000000000009
decision_type=2 2 2 2 2 2 2 2 2 2 2 2 2 2
left_child=-1 2 6 4 11 -6 -2 8 13 -9 -11 12 -4 -8
right_child=1 -3 3 -5 5 -7 7 9 -10 10 -12 -13 -14 -15
leaf_value=-0.0024764121061999372 -0.019017339830375804 -0.0025053046396426751 -0.0082436868466645805 0.0070401486726168533 0.0012828732732177552 -0.0061789615051483469 0.0013481239594282963 -0.03291515305295141 0.01229406902011014 0.0067007330196727352 -0.011751670684293459 0.0037760303198203869 0.0033211564804529418 -0.00071436570996294977
leaf_weight=40 41 40 56 65 41 192 202 40 67 52 61 423 54 579
leaf_count=40 41 40 56 65 41 192 202 40 67 52 61 423 54 579
internal_value=0.000179211 0.000496602 0.000774159 0.00306859 0.00182768 -0.00536481 -0.00105566 -0.00034965 0.00106132 -0.00816993 -0.00309735 0.00497186 -0.00363636 -0.000448143
internal_weight=1953 1913 1873 831 766 233 1042 1001 848 153 113 533 110 781
internal_count=1953 1913 1873 831 766 233 1042 1001 848 153 113 533 110 781
is_linear=0
shrinkage=0.05


Tree=85
num_leaves=15
num_cat=0
split_feature=8 6 8 5 7 7 3 6 4 7 8 1 2 8
split_gain=3.76362 2.64174 2.45037 7.46091 3.50009 2.71027 3.36775 6.00553 10.6924 5.85948 6.17284 6.91874 5.73333 4.70396
threshold=-2.6729999999999996 1.6240000000000003 -1.8559999999999999 7.2815000000000003 26.591000000000005 71.586500000000015 93.274000000000015 9.9575000000000014 7.8590000000000009 526.34000000000015 -0.41249999999999992 0.85731462807633252 -0.3390880814530603 -1.4264999999999997
decision_type=2 2 2 2 2 2 2 2 2 2 2 2 2 2
left_child=-1 -2 3 -3 -4 -6 7 8 -7 -9 11 -11 -12 -8
right_child=1 2 4 -5 5 6 13 9 -10 10 12 -13 -14 -15
leaf_value=-0.0023525915008899391 -0.01501616794903084 0.01592668171349888 -0.0044446505562582969 -0.00081769316407599441 0.0082471719566358914 0.0085949965234771841 -0.028785799182369926 0.0086405497939994382 -0.0091389590457298855 0.00066438565907127886 -3.7972299943291743e-05 0.012765901366539623 -0.0062293318451177235 -0.00055331022959624609
leaf_weight=40 42 43 44 84 97 47 59 200 174 327 86 78 49 583
leaf_count=40 42 43 44 84 97 47 59 200 174 327 86 78 49 583
internal_value=0.000179211 0.000496602 0.000774987 0.00748031 0.000286697 0.000647059 0.000155958 0.00202914 -0.00520362 0.00418919 0.00148148 0.0045679 -0.00777778 -0.00264798
internal_weight=1953 1913 1871 127 1744 1700 1603 961 221 740 540 405 135 642
internal_count=1953 1913 1871 127 1744 1700 1603 961 221 740 540 405 135 642
is_linear=0
shrinkage=0.05


Tree=86
num_leaves=15
num_cat=0
split_feature=8 8 8 1 0 1 4 1 7 4 4 8 4 5
split_gain=3.63773 2.6504 3.38753 2.70376 3.29924 5.59124 4.19905 3.81365 3.63741 3.40562 4.47221 7.62908 3.81224 3.48743
threshold=-2.6729999999999996 2.1445000000000003 1.3010000000000004 -0.10282099713736061 18.162500000000005 0.51909748604633899 14.594500000000002 0.11577009971046097 701.56900000000007 18.144500000000004 19.707000000000004 -0.22249999999999998 17.182000000000002 7.6500000000000012
decision_type=2 2 2 2 2 2 2 2 2 2 2 2 2 2
left_child=-1 2 3 -2 7 8 -7 -5 -6 12 -11 -12 13 -9
right_child=1 -3 -4 4 5 6 -8 9 -10 10 11 -13 -14 -15
leaf_value=-0.0022349619258454421 -0.00068624723487175081 -0.0027923980054923359 0.011024692662906711 0.0081652466973033255 0.014991651913452603 0.0020214676490613484 0.018769140542915841 -0.0049806205849154909 -0.0022944745990865047 0.0094716351286472118 -0.0064216066649051134 0.011229888116082486 -0.016335564790564552 0.00059814282546514499
leaf_weight=40 813 40 63 65 44 63 44 197 142 56 94 69 41 182
leaf_count=40 813 40 63 65 44 63 44 197 142 56 94 69 41 182
internal_value=-7.68049e-05 0.000235233 0.000507208 0.000110497 0.00185557 0.00631399 0.0154206 0 0.00107527 -0.00117371 0.00388128 -0.000306748 -0.00380952 -0.00224274
internal_weight=1953 1913 1873 1810 997 293 107 704 186 639 219 163 420 379
internal_count=1953 1913 1873 1810 997 293 107 704 186 639 219 163 420 379
is_linear=0
shrinkage=0.05


Tree=87
num_leaves=15
num_cat=0
split_feature=1 0 2 4 4 8 4 2 2 4 0 3 3 5
split_gain=2.68525 8.83876 6.61715 4.37623 6.15176 6.73135 3.44068 3.02038 4.86853 4.92785 7.11613 6.94674 4.86457 4.54544
threshold=0.59055600833485278 19.460000000000004 0.69017338824297181 18.144500000000004 19.601500000000005 -0.89549999999999985 9.145500000000002 0.42110087079608943 0.29426351849031901 18.144500000000004 21.827500000000004 96.905000000000015 85.07350000000001 11.592000000000001
decision_type=2 2 2 2 2 2 2 2 2 2 2 2 2 2
left_child=7 2 3 6 -5 -6 -2 8 9 10 12 -11 13 -1
right_child=1 -3 -4 4 5 -7 -8 -9 -10 11 -12 -13 -14 -15
leaf_value=-0.015992437464567199 0.0013041127969104544 0.012179982022178369 0.013988215359225299 0.014506924908160718 -0.0095035112345847744 0.0067897303208117495 -0.0056498425768301639 -0.0015383733818024603 0.0053328360921737136 0.00043617724027076866 -0.001068882356558118 -0.013774140973540423 0.017478084709043197 0.0053703695386078665
leaf_weight=53 75 51 55 45 51 97 236 511 40 101 372 70 152 44
leaf_count=53 75 51 55 45 51 97 236 511 40 101 372 70 152 44
internal_value=-0.000128008 0.00262295 0.000805009 -0.000992063 0.00492228 0 -0.00466238 -0.00137751 0.000480769 -0.000378788 0.00169082 -0.00789474 0.00823293 -0.000515464
internal_weight=1953 610 559 504 193 148 311 1343 832 792 621 171 249 97
internal_count=1953 610 559 504 193 148 311 1343 832 792 621 171 249 97
is_linear=0
shrinkage=0.05


Tree=88
num_leaves=15
num_cat=0
split_feature=1 0 7 5 4 1 1 0 2 1 5 2 0 4
split_gain=2.48905 7.18483 5.23026 7.98483 5.63129 6.29044 5.12 3.88603 4.24257 5.37131 3.97777 2.55568 4.39185 4.49888
threshold=0.59055600833485278 19.460000000000004 549.60800000000006 9.6600000000000019 9.9095000000000013 0.97109105924028427 0.89129892789314458 13.988000000000001 0.69017338824297181 0.94917575150333644 6.658500000000001 0.42110087079608943 12.767000000000001 23.378500000000003
decision_type=2 2 2 2 2 2 2 2 2 2 2 2 2 2
left_child=11 2 7 -4 -5 6 -6 8 9 10 -2 -1 13 -13
right_child=1 -3 3 4 5 -7 -8 -9 -10 -11 -12 12 -14 -15
leaf_value=0.00030391791254180678 -0.013773372240802535 0.01157098292106945 -0.0093676176862204138 -0.012532256172569112 -0.00012104973404307301 -0.0053483588012027562 0.013134953865669978 0.026637366077317814 0.012954851466027546 0.010128716811301536 0.0016112716117064052 -0.0015297908267796979 -0.01513461745523198 0.0033699697809055382
leaf_weight=832 69 51 58 41 40 57 50 65 54 68 57 379 65 67
leaf_count=832 69 51 58 41 40 57 50 65 54 68 57 379 65 67
internal_value=-2.56016e-05 0.00262295 0.0009839 -0.00447154 0.000531915 0.00510204 0.0133333 0.00527157 0.00241935 -0.00103093 -0.00714286 -0.00122859 -0.00401174 -0.00224215
internal_weight=1953 610 559 246 188 147 90 313 248 194 126 1343 511 446
internal_count=1953 610 559 246 188 147 90 313 248 194 126 1343 511 446
is_linear=0
shrinkage=0.05


Tree=89
num_leaves=15
num_cat=0
split_feature=8 8 1 0 0 1 6 1 4 4 7 0 0 7
split_gain=2.50027 2.70407 2.01286 3.44561 5.95672 5.89963 3.88293 4.44483 3.70423 4.63485 3.75444 5.40507 4.68146 5.294
threshold=2.1445000000000003 1.3010000000000004 -0.10282099713736061 20.408500000000004 22.932000000000006 1.0000000180025095e-35 14.249500000000003 0.20061247795988868 8.2540000000000031 9.9095000000000013 845.78650000000005 16.811500000000006 15.653500000000001 685.35550000000012
decision_type=2 2 2 2 2 2 2 2 2 2 2 2 2 2
left_child=1 2 -1 5 -5 -4 -6 -8 -7 -10 11 12 13 -11
right_child=-2 -3 3 4 6 8 7 -9 9 10 -12 -13 -14 -15
leaf_value=-0.00078983523876557113 -0.0028394868653131844 0.010152167284307163 0.008376904326417264 0.017611270757864967 -0.0036616056092191986 0.0025043337384480302 -0.0039834910941010581 0.0072274624893474554 -0.017324566536344854 3.4893482460712778e-05 0.0078159932056239053 -0.0074101775160384424 0.024445283468948035 -0.0051887978979663248
leaf_weight=838 40 63 41 78 40 108 46 41 66 373 41 81 48 49
leaf_count=838 40 63 41 78 40 108 46 41 66 373 41 81 48 49
internal_value=-0.000128008 0.000130685 -0.000216216 0.00128458 0.00707317 -0.000185874 0.000393701 0.00632184 -0.00117493 -0.00258359 -0.00118243 -0.0022686 -0.000212766 -0.00189573
internal_weight=1953 1913 1850 1012 205 807 127 87 766 658 592 551 470 422
internal_count=1953 1913 1850 1012 205 807 127 87 766 658 592 551 470 422
is_linear=0
shrinkage=0.05


Tree=90
num_leaves=15
num_cat=0
split_feature=1 0 8 2 8 7 5 7 2 1 8 3 4 5
split_gain=1.82755 6.6051 5.50298 3.71602 5.62604 3.47678 5.87039 5.37298 5.13053 4.48703 3.9953 3.05079 2.55922 2.99715
threshold=0.59055600833485278 20.200500000000002 0.45150000000000007 -0.51479280150983053 -0.5834999999999998 153.489 9.8410000000000029 509.25100000000003 0.32694223331140743 0.97109105924028427 -1.0824999999999998 99.661500000000004 26.640000000000004 2.8185000000000007
decision_type=2 2 2 2 2 2 2 2 2 2 2 2 2 2
left_child=12 2 3 4 -2 -5 7 8 -7 10 -8 -4 13 -1
right_child=1 -3 11 5 -6 6 9 -9 -10 -11 -12 -13 -14 -15
leaf_value=0.0036004044182801676 -0.01006711748049126 0.012870917744928679 0.019682652767814154 0.018056201851417097 0.00020550249460984937 0.019074357728890403 0.021243028002518524 -0.010735114664463492 -0.0062159380275094217 -0.00085076811036557682 0.0024800454228655136 0.00021274140917136865 -0.0051892125299648623 -0.00049533507918671509
leaf_weight=123 57 42 48 40 47 48 40 41 69 79 57 42 66 1154
leaf_count=123 57 42 48 40 47 48 40 41 69 79 57 42 66 1154
internal_value=2.56016e-05 0.00229508 0.000880282 -0.00125523 -0.00961538 0.00106952 -0.000598802 -0.00759494 -0.00213675 0.00568182 0.0128866 0.0122222 -0.00100521 -0.000509005
internal_weight=1953 610 568 478 104 374 334 158 117 176 97 90 1343 1277
internal_count=1953 610 568 478 104 374 334 158 117 176 97 90 1343 1277
is_linear=0
shrinkage=0.05


Tree=91
num_leaves=15
num_cat=0
split_feature=8 7 2 2 8 8 4 1 2 6 7 6 7 7
split_gain=2.52101 2.85972 2.9895 5.32755 4.51443 4.36117 4.34134 2.78343 2.20525 3.53281 2.05702 2.52705 3.1545 4.39176
threshold=-2.6729999999999996 71.586500000000015 0.82438889030848939 0.73832635400310653 -0.71749999999999992 -0.022499999999999996 13.906000000000002 0.1328271176880281 0.57132313271480106 7.6995000000000013 886.54800000000012 16.377500000000005 848.7505000000001 830.14200000000017
decision_type=2 2 2 2 2 2 2 2 2 2 2 2 2 2
left_child=-1 8 3 10 6 -6 -4 -7 -2 -10 11 12 13 -3
right_child=1 2 4 -5 5 7 -8 -9 9 -11 -12 -13 -14 -15
leaf_value=-0.0016288473113964851 0.011164595294257146 -6.3262756267914996e-05 -0.0025696054463548767 0.0098362457951174324 -0.020558425824587855 0.0015491915607035167 0.0059073589050435459 -0.0081501950070975993 -0.0020841863005605535 0.0025481136265291917 0.0028687459585973463 -0.012894037715295514 0.003532189302893252 -0.003965713982847595
leaf_weight=40 54 1177 46 53 77 55 41 45 55 50 63 54 101 42
leaf_count=40 54 1177 46 53 77 55 41 45 55 50 63 54 101 42
internal_value=-7.68049e-05 0.000182959 -0.000399088 0.000469799 -0.00530303 -0.00988701 0.00402299 -0.003 0.00660377 0.00238095 -0.000104384 -0.000509461 -7.57576e-05 -0.000779327
internal_weight=1953 1913 1754 1490 264 177 87 100 159 105 1437 1374 1320 1219
internal_count=1953 1913 1754 1490 264 177 87 100 159 105 1437 1374 1320 1219
is_linear=0
shrinkage=0.05


Tree=92
num_leaves=15
num_cat=0
split_feature=6 6 2 3 2 8 2 7 2 7 7 4 4 0
split_gain=2.46881 5.77006 5.47465 4.46886 3.54487 3.01315 4.23434 5.49035 2.98124 2.55431 3.73288 7.07382 4.02469 6.3218
threshold=9.9110000000000014 9.679000000000002 0.6263638349297701 0.10300000000000001 -0.43939950965914171 -1.3754999999999997 -0.87204617232061787 697.67950000000008 0.83399694777620859 884.47900000000016 701.56900000000007 11.888500000000002 10.012500000000001 24.753000000000004
decision_type=2 2 2 2 2 2 2 2 2 2 2 2 2 2
left_child=1 4 3 -2 -1 6 -5 -8 -4 10 -7 12 13 -12
right_child=2 -3 8 5 -6 9 7 -9 -10 -11 11 -13 -14 -15
leaf_value=0.015827326416235427 0.0038494040580305923 -0.011174081260391211 0.017210372529874996 -0.017426889384712613 -0.0010329063781115949 0.00057730526911182751 -0.0079871966678902433 0.008252288965982589 0.00071277528641807146 0.0043173117999459028 -0.012403972975602959 -0.0067140564749379184 0.010631208243456012 0.010009522343812622
leaf_weight=71 76 41 43 61 602 507 78 62 67 54 43 168 40 40
leaf_count=71 76 41 43 61 602 507 78 62 67 54 43 168 40 40
internal_value=-0.000179211 -0.00252101 0.0011703 0.000132861 -0.00141159 -0.000712251 -0.00621891 -0.00142857 0.0118182 0.000586854 -0.000125313 -0.00463918 0.00447154 -0.00180723
internal_weight=1953 714 1239 1129 673 1053 201 140 110 852 798 291 123 83
internal_count=1953 714 1239 1129 673 1053 201 140 110 852 798 291 123 83
is_linear=0
shrinkage=0.05


Tree=93
num_leaves=15
num_cat=0
split_feature=6 6 3 0 1 2 0 5 5 5 3 2 2 4
split_gain=2.97505 5.59392 3.63285 3.93538 5.708 5.23675 4.93842 3.20607 5.67717 8.9802 3.00544 6.16667 5.1802 5.08458
threshold=9.9110000000000014 9.679000000000002 0.10300000000000001 26.101000000000003 0.081558489694578698 -0.95882411647426224 28.070000000000004 4.323500000000001 5.3835000000000006 5.7805000000000009 47.907000000000004 0.14347198451036616 0.43028281133296192 6.5825000000000005
decision_type=2 2 2 2 2 2 2 2 2 2 2 2 2 2
left_child=1 -1 -2 7 5 -5 -7 -4 -9 -10 11 -11 13 -12
right_child=2 -3 3 4 -6 6 -8 8 9 10 12 -13 -14 -15
leaf_value=-0.00046197889278909443 0.0036569338551290633 -0.010615377197371651 0.015837557649214556 -0.026976432132359209 0.009222176191405973 -0.029841198386064929 0.0097637075564820184 -0.0083674326799431271 0.018511102647155147 0.0001424875762336124 0.0070773694222483786 0.011049895858424523 -0.0059241555497178454 -0.0004910056270521296
leaf_weight=673 76 41 43 42 42 40 46 56 43 222 40 74 53 462
leaf_count=673 76 41 43 42 42 40 46 56 43 222 40 74 53 462
internal_value=-0.000230415 -0.00280112 0.00125101 0.000558899 -0.00647059 -0.0117188 -0.00465116 0.00176234 0.00115789 0.00212528 0.000998825 0.00506757 -0.00117117 0.000398406
internal_weight=1953 714 1239 1163 170 128 86 993 950 894 851 296 555 502
internal_count=1953 714 1239 1163 170 128 86 993 950 894 851 296 555 502
is_linear=0
shrinkage=0.05


Tree=94
num_leaves=15
num_cat=0
split_feature=5 2 7 2 1 1 2 6 4 0 3 6 1 0
split_gain=2.651 6.30857 6.44064 7.51111 4.94934 5.9842 8.23151 7.79273 5.32793 3.92066 3.86212 3.75588 4.74477 4.2522
threshold=9.8080000000000016 -0.97606926651088199 569.58950000000016 -0.67125995756753143 0.098678873477280007 -0.7610972106345526 -0.75331262247159991 14.794000000000002 18.144500000000004 25.152500000000003 18.278000000000002 11.405500000000002 0.9594338453294492 9.0155000000000012
decision_type=2 2 2 2 2 2 2 2 2 2 2 2 2 2
left_child=1 -1 11 -4 5 8 7 -7 10 -6 -2 12 13 -3
right_child=4 2 3 -5 9 6 -8 -9 -10 -11 -12 -13 -14 -15
leaf_value=0.028318446093771377 -0.00082876922244414788 0.00013298583288326034 -0.0004728196934058182 -0.025868357882657796 0.0015547285949637864 0.0023165500644508788 -0.032785264879817727 -0.0084395718615279947 -0.0042382107351113191 0.0089653248184868427 0.0096223544787379187 0.0016028870331557688 0.01974072099215304 -0.0033881649395368974
leaf_weight=47 67 299 45 45 329 61 46 144 50 59 102 192 41 426
leaf_count=47 67 299 45 45 329 61 46 144 50 59 102 192 41 426
internal_value=-0.000332821 -0.00196347 -0.00276718 -0.0155556 0.00174825 -0.00170213 -0.00697211 -0.00268293 0.0043379 0.00592784 0.00857988 -0.00156576 -0.00313316 -0.00406897
internal_weight=1953 1095 1048 90 858 470 251 205 219 388 169 958 766 725
internal_count=1953 1095 1048 90 858 470 251 205 219 388 169 958 766 725
is_linear=0
shrinkage=0.05


Tree=95
num_leaves=15
num_cat=0
split_feature=3 7 3 4 7 8 6 1 8 3 1 8 8 8
split_gain=3.02992 4.61665 4.40463 2.72462 4.289 6.71652 2.08327 2.43507 1.93789 4.539 2.46431 8.80711 4.73822 5.53087
threshold=2.1505000000000005 848.7505000000001 4.7435000000000009 6.8470000000000004 293.60950000000008 -1.0329999999999997 11.848500000000003 0.20061247795988868 1.3010000000000004 99.756000000000014 -0.62132811513414532 0.45150000000000007 -1.8559999999999999 -1.4264999999999997
decision_type=2 2 2 2 2 2 2 2 2 2 2 2 2 2
left_child=1 6 -2 4 -4 -6 7 -1 10 -10 11 -5 -12 -14
right_child=2 -3 3 8 5 -7 -8 -9 9 -11 12 -13 13 -15
leaf_value=-0.034784170695597562 -0.0046826173041574822 0.0036271627072995377 -0.0065832589044840604 -0.00084570049998480281 -0.0020883116143608329 0.014471452950974928 0.0021882380233109902 0.00047864885283440686 0.0095563548179394778 -0.001911882013631655 0.0045817061017121938 -0.014124326250393032 -0.015836681809991697 5.0608613314706564e-05
leaf_weight=40 63 54 52 339 45 67 47 44 53 45 101 42 98 863
leaf_count=40 63 54 52 339 45 67 47 44 53 45 101 42 98 863
internal_value=0.000128008 0.00621622 -0.00050905 -2.93255e-05 0.00609756 0.0116071 0.00114504 -0.00357143 -0.000681376 0.00612245 -0.00114345 -0.00459318 9.4162e-05 -0.000988554
internal_weight=1953 185 1768 1705 164 112 131 84 1541 98 1443 381 1062 961
internal_count=1953 185 1768 1705 164 112 131 84 1541 98 1443 381 1062 961
is_linear=0
shrinkage=0.05


Tree=96
num_leaves=15
num_cat=0
split_feature=5 6 5 2 4 6 2 4 6 2 1 0 8 7
split_gain=2.70587 6.42146 5.61492 3.94125 3.59238 6.64361 4.35918 3.6766 3.37185 3.23995 3.1328 4.23055 2.86736 2.80385
threshold=12.777500000000002 11.593000000000002 12.507500000000002 -0.77547391234167817 18.144500000000004 14.5265 -0.88835394722870831 13.760500000000002 13.295000000000002 -0.68784539311941617 0.098678873477280007 25.254500000000004 -1.1369999999999998 682.23100000000011
decision_type=2 2 2 2 2 2 2 2 2 2 2 2 2 2
left_child=2 -2 3 4 5 6 7 -1 -3 10 11 -10 -13 -11
right_child=1 8 -4 -5 -6 -7 -8 -9 9 13 -12 12 -14 -15
leaf_value=-0.00054539194681462041 0.0060947213402355793 -0.0027824052185825539 -0.018079772422932159 -0.00038786862607646799 -0.003243591147201122 -0.0089158947318465406 0.032257255196502764 0.02917198415598269 0.00038361473749494446 0.015631441769930515 0.0030236719445009166 -0.0050258500814894472 -0.024325609701797014 0.0017893852605251504
leaf_weight=54 80 45 42 1229 72 41 41 40 41 40 58 65 41 64
leaf_count=54 80 45 42 1229 72 41 41 40 41 40 58 65 41 64
internal_value=-2.56016e-05 0.00345622 -0.00102041 -0.000507786 0.00524194 0.00909091 0.0144444 0.00851064 0.000564972 0.00242718 -0.00121951 -0.00510204 -0.0103774 0.00961538
internal_weight=1953 434 1519 1477 248 176 135 94 354 309 205 147 106 104
internal_count=1953 434 1519 1477 248 176 135 94 354 309 205 147 106 104
is_linear=0
shrinkage=0.05


Tree=97
num_leaves=15
num_cat=0
split_feature=3 7 3 4 4 5 4 1 7 8 5 4 3 8
split_gain=3.39717 6.11114 3.56521 6.87727 2.97285 4.54122 4.19029 4.67817 5.67386 4.04964 3.50669 4.27201 6.74239 6.56039
threshold=2.1505000000000005 848.7505000000001 5.0015000000000009 16.195500000000003 17.182000000000002 12.283500000000002 15.411000000000003 -0.96230016621822467 490.05300000000005 -2.3214999999999995 3.2800000000000007 20.094500000000004 85.07350000000001 -0.96799999999999986
decision_type=2 2 2 2 2 2 2 2 2 2 2 2 2 2
left_child=1 -1 3 -2 6 9 7 8 -4 -6 -11 13 -13 -12
right_child=2 -3 4 -5 5 -7 -8 -9 -10 10 11 12 -14 -15
leaf_value=0.00017951388072946496 -0.006469876190632811 0.003517303982177214 0.022660613722808986 0.0047103180765219362 -0.005974719330754729 -0.0085111944795799484 0.0065239733141674089 -0.00036119968682731126 -0.0063285948556311145 -0.0026119598303335394 0.022752222789122954 -0.00078390008004889159 0.0036562397873990391 -0.0075920980327847561
leaf_weight=131 122 54 40 42 44 71 143 754 43 86 40 92 178 113
leaf_count=131 122 54 40 42 44 71 143 754 43 86 40 92 178 113
internal_value=-0.000230415 0.00621622 -0.000904977 -0.00792683 -0.000187032 -0.00288462 0.00153061 0.000179211 0.0114458 -0.00135624 -9.82318e-05 0.00177305 0.00555556 -0.00490196
internal_weight=1953 185 1768 164 1604 624 980 837 83 553 509 423 270 153
internal_count=1953 185 1768 164 1604 624 980 837 83 553 509 423 270 153
is_linear=0
shrinkage=0.05


Tree=98
num_leaves=15
num_cat=0
split_feature=3 0 5 3 2 4 8 2 5 8 7 4 1 8
split_gain=2.26434 4.36741 4.11999 3.29314 2.39024 2.24164 4.25681 7.81779 3.527 2.64656 7.71251 2.06963 2.70447 2.44547
threshold=2.1505000000000005 15.698500000000001 16.490500000000004 4.7435000000000009 -0.5488429582847193 8.2540000000000031 -1.0024999999999997 0.8524709262517346 11.931000000000003 0.014500000000000001 516.83500000000015 9.3560000000000016 0.081558489694578698 -0.096999999999999989
decision_type=2 2 2 2 2 2 2 2 2 2 2 2 2 2
left_child=1 -1 4 -2 -3 6 8 9 -5 10 -8 12 -7 -13
right_child=3 2 -4 5 -6 11 7 -9 -10 -11 -12 13 -14 -15
leaf_value=-0.0029142080602750087 -0.0046646089114718813 0.0047040824643641626 -7.0270143027806317e-05 -0.017401405423115034 0.0051703833653893696 0.00085406618344044676 0.037428070654626458 -0.0094238438690478488 0.00110604193222438 0.0019679779662093197 0.0012486349264321463 -0.00045098441350318599 -0.011802037490238941 0.00032892122156517048
leaf_weight=63 63 41 40 41 41 46 47 41 42 43 51 921 43 430
leaf_count=63 63 41 40 41 41 46 47 41 42 43 51 921 43 430
internal_value=-0.000128008 0.00513514 0.0106557 -0.000678733 0.0170732 -0.00026393 0.00396226 0.00824176 -0.00542169 0.0138298 0.0183673 -0.00104167 -0.00842697 -0.000555144
internal_weight=1953 185 122 1768 82 1705 265 182 83 141 98 1440 89 1351
internal_count=1953 185 122 1768 82 1705 265 182 83 141 98 1440 89 1351
is_linear=0
shrinkage=0.05


Tree=99
num_leaves=15
num_cat=0
split_feature=5 2 5 8 3 0 4 8 0 4 6 1 1 2
split_gain=1.70639 4.57981 4.22968 4.15678 4.05 3.79605 3.70092 2.82523 6.69985 5.8198 5.13244 4.68846 4.05726 3.04805
threshold=12.777500000000002 -0.64297064596386244 12.507500000000002 -1.1754999999999998 93.437500000000014 27.002000000000006 11.237500000000002 -1.0674999999999997 16.811500000000006 12.531000000000001 7.1565000000000012 0.11577009971046097 -0.14153898451656977 -0.69637622559687218
decision_type=2 2 2 2 2 2 2 2 2 2 2 2 2 2
left_child=2 4 7 -3 5 -2 -7 8 10 -10 12 -12 -1 -9
right_child=1 3 -4 -5 -6 6 -8 13 9 -11 11 -13 -14 -15
leaf_value=-0.0054339431281358154 0.0026247847813826719 0.008756974009109483 -0.017307303921793894 0.0017700620207192737 -0.020039968164767392 -0.0094823502003492689 0.0021409949699243008 0.0027251665426575008 -0.029101437096569895 -0.001807902999673372 0.008923316436049834 -0.00052277392880104576 0.0013401218648249856 -0.00010555340549126547
leaf_weight=61 88 74 42 120 60 44 48 252 49 59 55 117 50 834
leaf_count=61 88 74 42 120 60 44 48 252 49 59 55 117 50 834
internal_value=-0.000230415 0.00253456 -0.00102041 0.00824742 -0.00208333 0.00166667 -0.00543478 -0.000575491 -0.00421995 -0.0148148 -0.000176678 0.00523256 -0.00855856 0.000736648
internal_weight=1953 434 1519 194 240 180 92 1477 391 108 283 172 111 1086
internal_count=1953 434 1519 194 240 180 92 1477 391 108 283 172 111 1086
is_linear=0
shrinkage=0.05


Tree=100
num_leaves=15
num_cat=0
split_feature=8 7 7 4 5 3 4 3 7 8 8 8 2 3
split_gain=2.39786 2.08048 2.91948 2.00786 3.50665 6.11765 4.25291 2.23887 5.65495 3.51169 2.63712 4.77687 3.88348 6.32653
threshold=-2.6729999999999996 71.586500000000015 41.20000000000001 6.9315000000000007 6.3385000000000007 80.58850000000001 5.4255000000000004 2.0035000000000003 848.7505000000001 -1.1449999999999998 -0.31249999999999994 -0.67799999999999994 -0.92449049203901279 72.975500000000025
decision_type=2 2 2 2 2 2 2 2 2 2 2 2 2 2
left_child=-1 2 -2 4 -3 6 -6 8 9 -5 11 12 13 -9
right_child=1 3 -4 7 5 -7 -8 10 -10 -11 -12 -13 -14 -15
leaf_value=-0.0015514626774372833 -0.00016717021346690335 -0.006542985958706022 0.0074896917203578581 0.0054441539380671675 -0.001090628190806911 0.011026052208183243 0.0017763383509609909 -0.022879854716608274 0.0050358221174430454 -0.0018736793227159599 0.00010001696444819803 -0.0064620590874307025 0.00030597872007555874 0.0055077687739392813
leaf_weight=40 82 55 77 40 43 48 42 51 48 70 528 242 544 43
leaf_count=40 82 55 77 40 43 48 42 51 48 70 528 242 544 43
internal_value=-0.000384025 -0.000130685 0.00534591 -0.000627138 0.00425532 0.00864662 0.000588235 -0.00121328 0.00443038 -0.00181818 -0.00184659 -0.00352273 -0.00125392 -0.0106383
internal_weight=1953 1913 159 1754 188 133 85 1566 158 110 1408 880 638 94
internal_count=1953 1913 159 1754 188 133 85 1566 158 110 1408 880 638 94
is_linear=0
shrinkage=0.05


Tree=101
num_leaves=15
num_cat=0
split_feature=1 8 6 1 5 3 7 3 0 0 4 8 5 8
split_gain=2.12742 4.72886 4.32065 4.67195 4.2709 4.06458 4.32415 4.77596 5.73636 4.16668 5.5127 4.22584 4.02833 5.79234
threshold=-0.40542197401079716 -2.0004999999999993 16.432500000000005 -0.34156760613242332 11.7705 3.9105000000000003 605.77650000000006 85.725500000000011 14.191000000000001 10.246500000000003 9.850500000000002 -0.53349999999999997 2.9865000000000008 -0.66749999999999987
decision_type=2 2 2 2 2 2 2 2 2 2 2 2 2 2
left_child=1 -1 3 -2 5 -5 7 -7 9 10 -9 -12 -11 -14
right_child=2 -3 -4 4 -6 6 -8 8 -10 12 11 -13 13 -15
leaf_value=-0.0022510197514213738 0.010231918131658536 -0.00021508268765597083 -0.011771928300133306 0.0050256175073643827 0.0031047430446212196 -0.0040224987966305109 -0.0061712164135085488 -0.0076924521739388744 0.021531047506139753 -0.008532248533021744 -0.00015391969082740876 0.013554735363989018 0.012320656271135145 -0.0076025892885159905
leaf_weight=61 41 614 40 56 287 196 182 50 118 40 72 89 43 64
leaf_count=61 41 614 40 56 287 196 182 50 118 40 72 89 43 64
internal_value=-2.56016e-05 -0.0022963 0.00117371 0.00169628 0.00112782 -0.000549451 -0.00140515 0.000446429 0.00315126 0 0.00450237 0.00900621 -0.00646259 -0.00140187
internal_weight=1953 675 1278 1238 1197 910 854 672 476 358 211 161 147 107
internal_count=1953 675 1278 1238 1197 910 854 672 476 358 211 161 147 107
is_linear=0
shrinkage=0.05


Tree=102
num_leaves=15
num_cat=0
split_feature=7 7 7 7 3 1 7 2 7 7 5 0 3 0
split_gain=1.77651 5.96776 4.88553 5.53524 4.19144 6.12266 4.35628 2.52645 3.34296 3.22114 3.7589 4.73901 9.74228 3.93725
threshold=848.7505000000001 834.11950000000013 801.01250000000016 767.94700000000012 1.5950000000000002 0.098678873477280007 876.69600000000003 -0.99326741279935893 742.72350000000017 708.70350000000008 16.393000000000004 21.732000000000003 95.804000000000016 20.096000000000004
decision_type=2 2 2 2 2 2 2 2 2 2 2 2 2 2
left_child=1 2 3 7 -2 -6 -7 -1 9 10 11 13 -13 -9
right_child=4 -3 -4 -5 5 6 -8 8 -10 -11 -12 12 -14 -15
leaf_value=0.01994591369444864 0.0045807719977712519 -0.0048926194122017666 0.0043835306671183875 -0.0064587444451540939 -0.014429532664670452 0.019447003940362528 -0.0048251691579704109 -9.4535633019296461e-05 0.0040134116349323928 -0.012672801246527796 0.011986494839391166 0.0010457797925089885 -0.035870251318526884 0.011778790641417037
leaf_weight=40 44 42 77 77 41 52 59 1195 46 74 40 66 43 57
leaf_count=40 44 42 77 77 41 52 59 1195 46 74 40 66 43 57
internal_value=7.68049e-05 -0.000426864 2.91545e-05 -0.000549451 0.00459184 0.000657895 0.00675676 9.60922e-05 -0.000230112 -0.000644068 -0.000107066 -0.000551065 -0.0105505 0.000319489
internal_weight=1953 1757 1715 1638 196 152 111 1561 1521 1475 1401 1361 109 1252
internal_count=1953 1757 1715 1638 196 152 111 1561 1521 1475 1401 1361 109 1252
is_linear=0
shrinkage=0.05


Tree=103
num_leaves=15
num_cat=0
split_feature=7 7 6 2 2 8 2 7 2 2 3 5 6 1
split_gain=1.69253 3.48719 2.88704 3.11234 2.33112 7.14985 5.05487 2.87507 2.84704 3.75786 2.21241 2.02223 6.01815 4.02935
threshold=17.304500000000001 34.113500000000009 3.2290000000000005 0.99276848381014016 0.83399694777620859 -0.71749999999999992 0.72731766296277522 228.96900000000002 0.89420283937402645 0.94713111268739625 19.400000000000002 12.777500000000002 11.593000000000002 0.098678873477280007
decision_type=2 2 2 2 2 2 2 2 2 2 2 2 2 2
left_child=-1 -2 10 4 6 -6 11 -8 -7 -10 -3 -4 -13 -14
right_child=1 2 3 -5 5 8 7 -9 9 -11 -12 12 13 -15
leaf_value=-0.0020146108062337998 0.0029621319294276002 -0.029619305516641978 -0.00041531842569399321 0.0066079612690068401 0.005159847474643992 -0.016769623541567084 0.00050650433409324955 0.025898101111509555 0.00080327407671333673 -0.015408126881550542 -8.8183329032442981e-05 0.0050084788877077834 -0.00078647833709364625 0.0062139548619946257
leaf_weight=40 40 40 1050 44 53 40 41 40 40 52 43 76 246 108
leaf_count=40 40 40 1050 44 53 40 41 40 40 52 43 76 246 108
internal_value=0.000179211 0.000392054 8.00854e-05 0.000502793 0.000171821 -0.00513514 0.000800769 0.012963 -0.0113636 -0.00652174 -0.00903614 0.000135135 0.00302326 0.000282486
internal_weight=1953 1913 1873 1790 1746 185 1561 81 132 92 83 1480 430 354
internal_count=1953 1913 1873 1790 1746 185 1561 81 132 92 83 1480 430 354
is_linear=0
shrinkage=0.05


Tree=104
num_leaves=15
num_cat=0
split_feature=6 6 8 3 4 8 7 3 0 8 0 2 4 2
split_gain=1.75362 3.63461 3.3391 3.19153 3.78757 4.26025 5.89762 3.00869 3.89448 2.82608 3.86777 4.49249 4.10292 3.6909
threshold=10.638000000000002 10.863500000000002 1.1290000000000002 84.010500000000022 7.8590000000000009 -1.1449999999999998 280.23400000000009 98.041500000000013 5.3030000000000008 -1.0674999999999997 8.1485000000000003 0.32694223331140743 15.758000000000001 -0.13301470653419609
decision_type=2 2 2 2 2 2 2 2 2 2 2 2 2 2
left_child=3 -2 -3 4 -1 -6 -7 -5 -9 -10 -11 13 -13 -12
right_child=1 2 -4 7 5 6 -8 8 9 10 11 12 -14 -15
leaf_value=0.0013873695916867353 0.0091887307186469293 -2.1438466323176614e-05 0.0046539758091901969 0.010594603094815015 0.0011466857936626885 -0.00024988220293179554 -0.015223313906859199 0.0069090608164974537 -0.0028976314715691899 0.0097746148346802512 -0.00096008679580188443 -0.0051230210324022937 -0.00012605661666242329 0.019478828316767723
leaf_weight=64 48 1014 49 81 68 64 100 50 129 44 67 60 73 42
leaf_count=64 48 1014 49 81 68 64 100 50 129 44 67 60 73 42
internal_value=-0.000179211 0.00112511 0.000517404 -0.00190024 -0.00608108 -0.00905172 -0.0134146 0.0003663 -0.0011828 -0.00277108 0 -0.00247934 -0.00864662 0.00504587
internal_weight=1953 1111 1063 842 296 232 164 546 465 415 286 242 133 109
internal_count=1953 1111 1063 842 296 232 164 546 465 415 286 242 133 109
is_linear=0
shrinkage=0.05


Tree=105
num_leaves=15
num_cat=0
split_feature=7 7 7 7 1 8 2 6 3 2 3 2 6 4
split_gain=1.64528 1.75202 5.05044 5.43362 4.36618 4.06193 2.65716 2.34222 4.99224 9.05359 4.70837 6.10234 5.93981 3.66089
threshold=884.47900000000016 830.14200000000017 796.90000000000009 773.56950000000018 0.098678873477280007 -1.0159999999999998 -0.99326741279935893 10.638000000000002 92.19250000000001 -0.7324940716135786 62.32800000000001 -0.31473592273745027 12.314000000000002 13.287500000000001
decision_type=2 2 2 2 2 2 2 2 2 2 2 2 2 2
left_child=1 2 3 6 -3 -6 -1 -8 9 -9 11 -11 -12 -10
right_child=-2 4 -4 -5 5 -7 7 8 13 10 12 -13 -14 -15
leaf_value=0.018970455854327065 0.0036779800139673567 -0.011844143908070526 0.0041861919783633267 -0.0097779981542905053 0.0059662567472930196 -0.00061298734020156717 -0.00062703010199908766 0.016447346769176283 0.0004609800276180354 -0.0054265839637362206 0.0073516854014687829 0.0068503557721922145 -0.016540179623928866 -0.0052183236715693804
leaf_weight=40 70 69 77 56 43 63 821 57 113 63 43 172 67 199
leaf_count=40 70 69 77 56 43 63 821 57 113 63 43 172 67 199
internal_value=-0.000384025 -0.000663834 -0.000175644 -0.000766401 -0.00542857 0.000943396 -0.000222222 -0.000553746 0.00154062 0.00522388 0.00217391 0.00617021 -0.00636364 -0.00320513
internal_weight=1953 1883 1708 1631 175 106 1575 1535 714 402 345 235 110 312
internal_count=1953 1883 1708 1631 175 106 1575 1535 714 402 345 235 110 312
is_linear=0
shrinkage=0.05


Tree=106
num_leaves=15
num_cat=0
split_feature=5 1 1 0 5 1 5 2 0 1 4 1 1 4
split_gain=2.58781 4.65613 6.04317 4.70157 4.15879 2.89604 2.89419 3.58781 3.95577 4.37466 5.03759 4.04204 3.45689 4.83947
threshold=12.777500000000002 -0.97505550290239429 0.098678873477280007 17.981500000000004 12.507500000000002 -0.98211651112579568 9.8410000000000029 -0.91084115863148152 12.767000000000001 0.94362518608704116 23.378500000000003 0.72660079619120022 0.59055600833485278 19.964500000000005
decision_type=2 2 2 2 2 2 2 2 2 2 2 2 2 2
left_child=4 -2 -3 -4 5 -1 7 -7 9 10 11 12 13 -9
right_child=1 2 3 -5 -6 6 -8 8 -10 -11 -12 -13 -14 -15
leaf_value=-0.013987542559808226 0.0086055282029294158 -0.0010523563653805719 -0.00012279089270757215 0.007715198252568856 -0.016826571924961821 0.018371794623242628 0.001390524834351755 -0.00011328430783718036 -0.0029196344935104482 0.010222829244449665 0.0034939016033813997 -0.01022412671751933 0.012414420205861927 -0.0035551778670308942
leaf_weight=71 42 246 56 90 42 82 346 311 331 66 91 80 40 59
leaf_count=71 42 246 56 90 42 82 346 311 331 66 91 80 40 59
internal_value=-0.000179211 0.00322581 0.00153061 0.00958904 -0.00115207 -0.0007109 -0.000213371 -0.00150943 -0.00235174 -7.72798e-05 -0.00146299 -0.00346939 -0.00146341 -0.00297297
internal_weight=1953 434 392 146 1519 1477 1406 1060 978 647 581 490 410 370
internal_count=1953 434 392 146 1519 1477 1406 1060 978 647 581 490 410 370
is_linear=0
shrinkage=0.05


Tree=107
num_leaves=15
num_cat=0
split_feature=5 1 7 3 0 2 8 8 8 5 8 5 1 1
split_gain=2.08066 5.40311 6.04431 2.62226 3.49847 2.12526 2.12943 6.49731 5.50478 3.81072 3.99668 5.93581 3.38096 5.56293
threshold=15.097500000000002 0.098678873477280007 682.23100000000011 3.3395000000000006 28.361500000000003 -0.99113067767854335 -0.063499999999999987 0.053500000000000006 0.15450000000000003 10.964000000000002 0.32500000000000007 7.0755000000000008 0.99466160899732492 0.85731462807633252
decision_type=2 2 2 2 2 2 2 2 2 2 2 2 2 2
left_child=5 2 -2 -4 -5 -1 12 -8 -9 10 -10 -12 13 -7
right_child=1 -3 3 4 -6 6 7 8 9 -11 11 -13 -14 -15
leaf_value=0.0079154459619661822 0.013100327672059512 0.011942384202337864 0.0006313606116350901 -0.00079867419629492398 -0.020692059552929545 -0.00095145299237253266 0.018561458510835412 -0.017545949834801993 0.017292261852354735 -0.010279125410653315 -0.00098617245411663167 0.0036285237575806361 -0.0034551697610182247 0.0064853726184198046
leaf_weight=58 40 51 47 57 43 902 70 48 69 43 216 68 44 197
leaf_count=58 40 51 47 57 43 902 70 48 69 43 216 68 44 197
internal_value=-0.000179211 0.00420168 0.00026738 -0.00442177 -0.009 -0.000787172 -0.00111648 0.00155642 -0.000675676 0.00126263 0.0029745 0.000352113 -0.00231846 -0.00177434
internal_weight=1953 238 187 147 100 1715 1657 514 444 396 353 284 1143 1099
internal_count=1953 238 187 147 100 1715 1657 514 444 396 353 284 1143 1099
is_linear=0
shrinkage=0.05


Tree=108
num_leaves=15
num_cat=0
split_feature=0 0 0 5 7 2 5 2 8 4 2 0 3 5
split_gain=1.58169 3.43711 2.63179 1.9614 5.54162 7.0098 4.67136 4.97007 5.55396 4.63298 4.33424 5.32608 3.41538 3.35399
threshold=3.0290000000000004 4.0520000000000005 5.1540000000000008 9.8080000000000016 569.58950000000016 -0.67125995756753143 10.257500000000002 0.040813519545864409 0.10950000000000001 11.406500000000003 -0.91084115863148152 19.292500000000004 4.971000000000001 3.1585000000000005
decision_type=2 2 2 2 2 2 2 2 2 2 2 2 2 2
left_child=-1 -2 -3 4 10 -6 -5 8 -8 -9 -4 12 -12 -14
right_child=1 2 3 6 5 -7 7 9 -10 -11 11 -13 13 -15
leaf_value=0.0051911925422518579 -0.016157112833366138 0.0069473811172993871 0.022436614593886784 0.013471266463848108 -0.00010327271180461672 -0.0223124670075498 -5.4227767784514881e-05 0.0087351939754512584 -0.0061916306300061454 0.00045923345613233874 -0.013439894897333458 -0.035927655244566224 -0.0018507537421840377 0.00035954316597989203
leaf_weight=44 40 40 63 69 53 45 609 41 47 80 40 42 171 569
leaf_count=44 40 40 63 69 53 45 609 41 47 80 40 42 171 569
internal_value=-0.000281618 -0.000497643 -0.000187266 -0.000464735 -0.00198372 -0.0132653 0.00130024 0.00019305 -0.00152439 0.00950413 -0.000734463 -0.00170316 -0.000769231 0
internal_weight=1953 1909 1869 1829 983 98 846 777 656 121 885 822 780 740
internal_count=1953 1909 1869 1829 983 98 846 777 656 121 885 822 780 740
is_linear=0
shrinkage=0.05


Tree=109
num_leaves=15
num_cat=0
split_feature=0 0 0 0 8 5 7 4 6 6 3 6 8 3
split_gain=2.00737 3.51164 2.56591 2.38872 2.45 1.90169 5.78634 5.74766 3.94217 3.70712 9.75866 8.06416 4.53985 3.45482
threshold=3.2095000000000007 4.206500000000001 5.3030000000000008 6.5870000000000006 -0.41849999999999993 3.1585000000000005 119.65450000000003 19.964500000000005 6.9770000000000012 7.8850000000000007 95.447500000000005 10.638000000000002 1.1290000000000002 1.5950000000000002
decision_type=2 2 2 2 2 2 2 2 2 2 2 2 2 2
left_child=-1 -2 -3 4 -4 7 -7 8 -5 10 -8 -11 13 -13
right_child=1 2 3 5 -6 6 9 -9 -10 11 -12 12 -14 -15
leaf_value=0.0045123285202440166 -0.0053625367128582856 0.0066000120614344189 -0.0062314781583548669 -0.0029494042754031058 0.0037477116296806738 0.010254888177341749 -0.00067736573728606757 -0.0090958606266904087 0.003107336162395025 -0.0047179788904671257 0.014342047950588766 0.0024416603217852664 0.0046287715808066522 -9.8109076214386587e-05
leaf_weight=52 40 40 40 46 40 73 84 49 80 279 62 94 45 929
leaf_count=52 40 40 40 46 40 73 84 49 80 279 62 94 45 929
internal_value=-7.68049e-05 -0.000341925 -2.68673e-05 -0.000302032 -0.00875 8.61574e-05 0.00063857 -0.00485714 0.000793651 -3.34896e-05 0.00753425 -0.000853749 0.0011236 0.000439883
internal_weight=1953 1901 1861 1821 80 1741 1566 175 126 1493 146 1347 1068 1023
internal_count=1953 1901 1861 1821 80 1741 1566 175 126 1493 146 1347 1068 1023
is_linear=0
shrinkage=0.05


Tree=110
num_leaves=15
num_cat=0
split_feature=8 8 6 5 1 2 1 6 4 2 4 6 6 5
split_gain=2.41817 3.24029 2.77056 2.65275 3.49346 2.83775 5.30687 5.01448 4.27809 4.12954 4.04262 4.74165 4.1182 5.57054
threshold=2.1445000000000003 1.1290000000000002 10.081500000000002 2.4350000000000001 0.3491821996099142 0.43802537080760273 -0.66484924122790579 7.8850000000000007 17.049000000000003 0.29426351849031901 22.252000000000006 13.295000000000002 10.231000000000002 6.1525000000000007
decision_type=2 2 2 2 2 2 2 2 2 2 2 2 2 2
left_child=1 3 -3 4 -1 7 8 -5 -7 10 12 -12 13 -9
right_child=-2 2 -4 5 -6 6 -8 9 -10 -11 11 -13 -14 -15
leaf_value=0.0015289050500562368 -0.002640068918684907 -8.6093547161005676e-05 0.0082845466812004592 0.016176492594109654 -0.00038225809738392515 -0.012519886132170055 -0.00045655258418282054 0.014774822229879331 -0.00022180093855748707 0.0036193424142099682 -5.7117455053407047e-06 -0.013639733859051834 0.00027196777608154979 -0.0080561518158307113
leaf_weight=76 40 40 44 45 44 54 408 41 40 70 54 52 867 78
leaf_count=76 40 40 44 45 44 54 408 41 40 70 54 52 867 78
internal_value=-0.000332821 -7.84109e-05 0.00952381 -0.00051941 0.00666667 -0.00102399 -0.00418327 0.000289975 -0.0148936 -0.000344234 -0.0010989 -0.0103774 -0.00010142 -0.00882353
internal_weight=1953 1913 84 1829 120 1709 502 1207 94 1162 1092 106 986 119
internal_count=1953 1913 84 1829 120 1709 502 1207 94 1162 1092 106 986 119
is_linear=0
shrinkage=0.05


Tree=111
num_leaves=15
num_cat=0
split_feature=8 0 6 8 5 2 4 1 1 0 6 5 1 7
split_gain=2.41817 2.08601 2.41422 2.08991 2.11538 6.01412 5.66464 3.63301 3.24251 5.68528 3.19236 3.04351 4.61909 3.63089
threshold=2.1445000000000003 3.2095000000000007 1.8745000000000001 1.3010000000000004 11.7705 -0.14772953607417119 10.525500000000003 -0.98211651112579568 0.098678873477280007 17.981500000000004 14.618000000000002 9.8080000000000016 0.94917575150333644 569.58950000000016
decision_type=2 2 2 2 2 2 2 2 2 2 2 2 2 2
left_child=1 -1 -3 4 7 8 -7 -4 -6 -10 11 13 -13 -9
right_child=-2 2 3 -5 5 6 -8 10 9 -11 -12 12 -14 -15
leaf_value=0.004259903282584983 -0.0025080654727506592 -0.0067386086492502023 -0.020206354524953486 0.0073043442939968234 -0.00098246366237246812 0.011755915225012637 0.00011075472588032432 -0.00016018504466244407 -0.0039634245268853341 0.0069320933189283554 -0.0085193954060152812 0.0034554585667484709 -0.0037370974210894949 -0.0046615792750847032
leaf_weight=50 40 40 58 61 285 43 69 786 51 116 63 159 42 90
leaf_count=50 40 40 58 61 285 43 69 786 51 116 63 159 42 90
internal_value=-0.000332821 -7.84109e-05 -0.0003489 -8.2282e-05 -0.000397276 0.00212766 0.0125 -0.00158598 -0.000442478 0.00508982 -0.000964912 -0.000324977 0.00522388 -0.00159817
internal_weight=1953 1913 1863 1823 1762 564 112 1198 452 167 1140 1077 201 876
internal_count=1953 1913 1863 1823 1762 564 112 1198 452 167 1140 1077 201 876
is_linear=0
shrinkage=0.05


Tree=112
num_leaves=15
num_cat=0
split_feature=0 2 2 7 8 4 5 4 8 3 6 1 2 0
split_gain=2.00737 2.49096 3.21521 5.18656 3.21032 7.20471 5.93506 5.53963 5.15048 5.00433 4.93618 4.09421 5.71091 4.76492
threshold=3.2095000000000007 0.43802537080760273 0.29426351849031901 403.78250000000008 -1.2384999999999999 8.2540000000000031 12.777500000000002 9.2700000000000014 -1.3989999999999998 99.991500000000016 14.5265 0.97269128516472203 -0.09654968025414791 23.723000000000003
decision_type=2 2 2 2 2 2 2 2 2 2 2 2 2 2
left_child=-1 2 4 -4 6 10 8 -8 9 -2 -6 12 13 -7
right_child=1 -3 3 -5 5 11 7 -9 -10 -11 -12 -13 -14 -15
leaf_value=0.0040469081184557349 0.00096934005886278461 -0.00060009972810080793 -0.00047780335780732712 0.0094246712764274668 0.014879744312693843 0.00080763446679616021 -0.0024590273988059049 0.0050001192755521617 -0.026186938303489754 -0.020078759874626168 -2.078409831174355e-06 0.0037439217492628465 -0.011682016852443989 -0.0046529542773021014
leaf_weight=52 66 596 44 46 93 440 41 121 42 42 47 94 76 153
leaf_count=52 66 596 44 46 93 440 41 121 42 42 47 94 76 153
internal_value=-7.68049e-05 -0.000341925 0.000881226 0.01 0.000205761 0.0017165 -0.00416667 0.00246914 -0.0113333 -0.00555556 0.0121429 -0.000196592 -0.00156951 8.4317e-05
internal_weight=1953 1901 1305 90 1215 903 312 162 150 108 140 763 669 593
internal_count=1953 1901 1305 90 1215 903 312 162 150 108 140 763 669 593
is_linear=0
shrinkage=0.05


Tree=113
num_leaves=15
num_cat=0
split_feature=0 0 7 0 7 6 6 6 4 3 5 0 7 3
split_gain=2.13664 2.29213 2.3663 5.53431 6.98284 2.77868 5.85087 4.20421 5.42342 7.03843 3.7146 3.53065 3.24517 3.99392
threshold=3.2095000000000007 4.206500000000001 82.169000000000025 8.2885000000000009 37.95900000000001 10.638000000000002 10.984000000000002 8.5610000000000017 17.418000000000003 22.285500000000003 6.8800000000000008 7.8485000000000005 371.06500000000005 99.890000000000015
decision_type=2 2 2 2 2 2 2 2 2 2 2 2 2 2
left_child=-1 -2 3 -3 -5 7 -7 8 9 -4 -11 -8 13 -13
right_child=1 2 5 4 -6 6 11 -9 -10 10 -12 12 -14 -15
leaf_value=0.0038445627125329469 -0.0050335680093680692 0.012356591206595142 -0.022735188936789847 -0.0059759341745933784 0.0039509857743281005 0.0090642231518837189 -0.0038036271053342088 -0.0022349521985214785 0.006146588959881228 -0.001840094634815749 0.011737407057255667 0.012180737694307775 -0.00012626072286704427 -0.0015942418682422244
leaf_weight=52 40 49 89 51 76 68 40 295 63 86 51 65 885 43
leaf_count=52 40 49 89 51 76 68 40 295 63 86 51 65 885 43
internal_value=-0.000384025 -0.000657549 -0.000403009 0.00511364 -0.000393701 -0.000979228 0.000499546 -0.00376712 0.000519031 -0.00309735 0.0040146 -0.000435624 0.000151057 0.00833333
internal_weight=1953 1901 1861 176 127 1685 1101 584 289 226 137 1033 993 108
internal_count=1953 1901 1861 176 127 1685 1101 584 289 226 137 1033 993 108
is_linear=0
shrinkage=0.05


Tree=114
num_leaves=15
num_cat=0
split_feature=5 0 8 4 8 2 1 0 7 6 5 1 6 7
split_gain=2.59545 7.70754 4.64475 2.82442 3.41839 2.39686 2.74534 4.55974 5.192 8.79825 6.28435 5.5041 4.34809 3.56777
threshold=15.097500000000002 23.641500000000004 -1.4844999999999999 10.166500000000001 -0.96799999999999986 -0.99113067767854335 0.59055600833485278 19.460000000000004 685.35550000000012 13.445500000000001 11.090000000000002 0.73465119469809237 9.0725000000000016 280.23400000000009
decision_type=2 2 2 2 2 2 2 2 2 2 2 2 2 2
left_child=5 -2 -3 -4 -5 -1 13 8 10 -10 11 12 -8 -7
right_child=1 2 3 4 -6 6 7 -9 9 -11 -12 -13 -14 -15
leaf_value=0.0065559283832825532 0.0083206702747452288 -0.0095492283272796755 0.0056910819118058988 0.0048034343784209236 -0.0098826135302285349 -4.2570414479703449e-05 0.0003076331722335457 0.0102643340547388 -0.013906053938896669 -6.973118753962962e-06 0.010532966987396659 -0.0011968127422991915 0.025796597835817295 -0.0021243677369581831
leaf_weight=58 47 58 48 44 41 491 40 47 41 99 49 273 41 576
leaf_count=58 47 58 48 44 41 491 40 47 41 99 49 273 41 576
internal_value=-0.000691244 0.00420168 -0.00026178 0.00488722 -0.000588235 -0.00137026 -0.00171998 0.00101695 -0.000276243 -0.00857143 0.00260546 0.000282486 0.0117284 -0.00323336
internal_weight=1953 238 191 133 85 1715 1657 590 543 140 403 354 81 1067
internal_count=1953 238 191 133 85 1715 1657 590 543 140 403 354 81 1067
is_linear=0
shrinkage=0.05


Tree=115
num_leaves=15
num_cat=0
split_feature=7 7 6 6 6 4 4 0 1 1 1 0 0 3
split_gain=2.16082 2.58229 2.31766 4.25113 3.7509 5.77632 5.35385 7.11846 4.63572 3.64312 7.59903 5.91645 3.58198 2.81596
threshold=17.304500000000001 71.586500000000015 10.638000000000002 10.984000000000002 8.5610000000000017 21.339000000000002 17.418000000000003 16.337500000000002 -0.30041382580050408 0.047250493887438572 0.59055600833485278 17.981500000000004 6.8090000000000002 1.5950000000000002
decision_type=2 2 2 2 2 2 2 2 2 2 2 2 2 2
left_child=-1 -2 4 -4 6 9 7 8 -3 11 -11 -6 -10 -5
right_child=1 2 3 13 5 -7 -8 -9 12 10 -12 -13 -14 -15
leaf_value=-0.0025929488497497266 0.0020326810774926709 -0.017779929958437964 0.0079046367610079663 0.0019810494541699225 0.0029735859636749323 -0.0071909882768623938 0.0064507551316689924 0.0112567550912408 -0.0074135359821711879 -0.025230011878068788 -0.00058594440878369106 -0.011790239648673186 0.0011186891154125523 -0.00020806310575832571
leaf_weight=40 136 78 71 90 70 57 78 41 72 52 92 49 79 948
leaf_count=40 136 78 71 90 70 57 78 41 72 52 92 49 79 948
internal_value=-0.000998464 -0.000757972 -0.00126618 0.000135257 -0.00359281 -0.0075 0 -0.00333333 -0.00676856 -0.00437262 -0.00972222 0.00210084 -0.00165563 -0.000674374
internal_weight=1953 1913 1777 1109 668 320 348 270 229 263 144 119 151 1038
internal_count=1953 1913 1777 1109 668 320 348 270 229 263 144 119 151 1038
is_linear=0
shrinkage=0.05


Tree=116
num_leaves=15
num_cat=0
split_feature=8 8 8 0 0 3 7 6 5 3 2 0 7 2
split_gain=2.4232 2.40234 3.24382 2.10584 2.25235 9.97948 2.90552 3.63039 5.36794 6.92197 3.86601 3.35004 4.371 3.96067
threshold=1.9875000000000003 1.1290000000000002 0.88950000000000007 3.2095000000000007 6.5870000000000006 43.867500000000007 26.591000000000005 7.9135000000000009 3.1280000000000006 8.6560000000000024 0.64624608728844402 9.0155000000000012 255.5515 0.52707770864237202
decision_type=2 2 2 2 2 2 2 2 2 2 2 2 2 2
left_child=1 2 3 -1 5 -5 -6 8 -8 -10 -11 12 -9 -13
right_child=-2 -3 -4 4 6 -7 7 11 9 10 -12 13 -14 -15
leaf_value=0.0043708231992913094 -0.0014388760997127382 0.0042174535418923959 -0.00398718347261967 -0.021243134349453477 -0.0022315871376034635 0.0005498272578571495 -0.0031766089680396823 0.012403639924468503 -0.0075706072922456019 0.021590820806651555 0.0038670932762557356 -4.6300374425749249e-05 -0.0015114184646529026 -0.0039232993132582465
leaf_weight=41 47 77 49 53 43 81 54 41 49 56 63 1155 40 104
leaf_count=41 47 77 49 53 43 81 54 41 49 56 63 1155 40 104
internal_value=-0.000486431 -0.000209864 -0.000574084 -0.000224719 -0.000488787 -0.00671642 3.11526e-05 0.000384123 0.00630631 0.0107143 0.0172269 -0.000597015 0.00925926 -0.00123114
internal_weight=1953 1906 1829 1780 1739 134 1605 1562 222 168 119 1340 81 1259
internal_count=1953 1906 1829 1780 1739 134 1605 1562 222 168 119 1340 81 1259
is_linear=0
shrinkage=0.05


Tree=117
num_leaves=15
num_cat=0
split_feature=1 0 2 8 8 3 7 6 5 1 8 8 2 6
split_gain=1.87912 4.02242 5.51484 2.7066 7.16083 6.48905 6.08345 7.03034 4.2285 3.41407 3.57599 5.93768 5.68498 5.57954
threshold=0.85731462807633252 15.830500000000002 -0.26781430516217447 -0.096999999999999989 0.053500000000000006 15.646500000000001 438.63200000000006 11.491500000000002 5.5780000000000003 0.71989675514303919 -0.67799999999999994 -0.90149999999999986 -0.94418750883419933 5.9250000000000016
decision_type=2 2 2 2 2 2 2 2 2 2 2 2 2 2
left_child=3 -2 -3 9 -5 -6 7 8 -7 10 11 -1 -12 -14
right_child=1 2 -4 4 5 6 -8 -9 -10 -11 12 -13 13 -15
leaf_value=-0.00025951960982487923 -4.3436393245332997e-06 0.020790107802945424 6.0937111929389866e-06 0.016129763888511225 0.0076312201659249155 1.9903908383701876e-05 -0.012416417701594235 0.015183340090715714 -0.005576595419637953 -0.0058764277436106965 0.0036291173841809343 0.0033697114828142903 0.011113613830066371 -0.0085897085820528796
leaf_weight=546 263 41 51 72 48 164 73 47 50 105 56 148 43 246
leaf_count=546 263 41 51 72 48 164 73 47 50 105 56 148 43 246
internal_value=-0.000332821 0.00295775 0.0119565 -0.00106383 0.00220264 -0.00052356 -0.00299401 0.000574713 -0.00327103 -0.00236014 -0.00149182 0.000576369 -0.00565217 -0.00847751
internal_weight=1953 355 92 1598 454 382 334 261 214 1144 1039 694 345 289
internal_count=1953 355 92 1598 454 382 334 261 214 1144 1039 694 345 289
is_linear=0
shrinkage=0.05


Tree=118
num_leaves=15
num_cat=0
split_feature=8 8 2 5 2 7 2 2 5 8 8 0 1 4
split_gain=2.58055 1.77548 1.55823 1.77016 3.8611 4.65389 5.37778 3.12996 4.42438 4.11371 4.40549 5.36962 6.78973 3.06463
threshold=1.9875000000000003 1.3010000000000004 0.99468534776305517 9.8080000000000016 -0.97606926651088199 569.58950000000016 -0.67125995756753143 0.057982974307775707 10.257500000000002 0.10950000000000001 -0.34899999999999992 15.449000000000002 0.85731462807633252 15.482000000000001
decision_type=2 2 2 2 2 2 2 2 2 2 2 2 2 2
left_child=1 2 3 4 -1 13 -7 8 -5 10 11 -10 -13 -6
right_child=-2 -3 -4 7 5 6 -8 -9 9 -11 -12 12 -14 -15
leaf_value=0.020639353677563956 -0.0013679274901462813 0.00724965915762867 0.0041184518577568495 0.011192438622532289 -0.0014822026424608184 -5.9832941572313118e-05 -0.019640983424058348 0.002232823407687462 -0.010434086596025131 -0.010340122683825432 0.0052035488603980164 -0.00038127568682360947 0.012602066214327513 0.00034852580317189935
leaf_weight=43 47 56 55 48 408 45 45 143 49 44 66 451 47 406
leaf_count=43 47 56 55 48 408 45 45 143 49 44 66 451 47 406
internal_value=-0.000128008 0.000157398 -0.000108108 -0.000362117 -0.00184794 -0.00254425 -0.0133333 0.00129717 -7.0922e-05 -0.00114155 -8.15661e-05 -0.00155393 0 -0.00135135
internal_weight=1953 1906 1850 1795 947 904 90 848 705 657 613 547 498 814
internal_count=1953 1906 1850 1795 947 904 90 848 705 657 613 547 498 814
is_linear=0
shrinkage=0.05


Tree=119
num_leaves=15
num_cat=0
split_feature=1 8 8 1 0 7 1 4 4 1 5 5 4 2
split_gain=2.63872 2.81459 3.54696 5.24046 3.87647 5.02586 3.66269 3.27903 3.27135 3.0971 2.74867 8.65556 8.25232 3.76332
threshold=0.84680012758268375 1.8300000000000003 -0.096999999999999989 0.51909748604633899 20.298000000000005 332.62550000000005 0.71989675514303919 9.850500000000002 16.089000000000002 0.64460769028158504 4.5130000000000008 5.3240000000000007 21.339000000000002 0.82438889030848939
decision_type=2 2 2 2 2 2 2 2 2 2 2 2 2 2
left_child=1 2 6 4 5 7 9 -4 -8 10 12 -12 13 -1
right_child=-2 -3 3 -5 -6 -7 8 -9 -10 -11 11 -13 -14 -15
leaf_value=0.015198752150492108 0.0010198893530680296 -0.0019276009042431099 -0.014130088622692978 0.011765036442667298 0.0088597049601294841 -0.016362161866112567 -0.011432347742891896 0.0017397942291125679 -0.0017699807265595337 0.0065181424945391286 -0.040392994045386744 -0.00020186238990290152 -0.0037560978776077282 0.001562262309217287
leaf_weight=44 368 44 50 77 67 53 48 161 46 42 57 775 49 72
leaf_count=44 368 44 50 77 67 53 48 161 46 42 57 775 49 72
internal_value=-0.000281618 -0.00116719 -0.000811162 0.00318627 0.000453172 -0.00227273 -0.00225066 0.00118483 -0.0117021 -0.00139557 -0.00195587 -0.003125 0.00393939 0.0112069
internal_weight=1953 1585 1541 408 331 264 1133 211 94 1039 997 832 165 116
internal_count=1953 1585 1541 408 331 264 1133 211 94 1039 997 832 165 116
is_linear=0
shrinkage=0.05


Tree=120
num_leaves=15
num_cat=0
split_feature=7 7 7 5 0 3 4 7 3 5 6 4 5 2
split_gain=2.52101 1.90232 2.45499 3.55232 3.46242 4.06505 2.80266 4.69222 5.48143 5.378 3.96825 3.62084 3.34097 7.80469
threshold=17.304500000000001 71.586500000000015 92.90600000000002 4.323500000000001 6.2280000000000006 76.614000000000019 19.884500000000006 461.88600000000002 31.213500000000003 7.8790000000000004 10.314500000000001 23.961500000000004 11.7705 -0.14772953607417119
decision_type=2 2 2 2 2 2 2 2 2 2 2 2 2 2
left_child=-1 -2 -3 -4 5 -5 12 9 -9 10 -8 -10 -6 -14
right_child=1 2 3 4 6 -7 7 8 11 -11 -12 -13 13 -15
leaf_value=-0.0024286034407944982 0.0015614231492245279 -0.0086014298884883374 0.0015180403661052084 -0.00026201605513958003 -0.0019386206443354156 -0.016832666892839344 0.0053203538936987043 0.0040082346993644486 -0.0007637689236213663 0.0050260426694436026 -0.00055248551829848445 -0.013649860944922269 -0.00013030558351022312 0.007187530296465048
leaf_weight=40 136 40 163 75 652 42 45 51 53 41 81 41 406 87
leaf_count=40 136 40 163 75 652 42 45 51 53 41 81 41 406 87
internal_value=-7.68049e-05 0.000182959 -0.000253236 2.87853e-05 -0.000698856 -0.00897436 -3.43171e-05 0.00416667 -0.00241379 0.00988024 0.0047619 -0.00957447 -0.00117904 0.00192698
internal_weight=1953 1913 1777 1737 1574 117 1457 312 145 167 126 94 1145 493
internal_count=1953 1913 1777 1737 1574 117 1457 312 145 167 126 94 1145 493
is_linear=0
shrinkage=0.05


Tree=121
num_leaves=15
num_cat=0
split_feature=8 8 6 0 7 7 5 0 6 3 3 6 8 1
split_gain=2.54183 2.30466 3.58485 1.6808 2.10034 4.33326 3.5993 2.7401 4.38493 4.07478 4.05931 2.97126 6.87164 2.60345
threshold=2.1445000000000003 1.1290000000000002 10.081500000000002 3.0290000000000004 41.20000000000001 135.57350000000002 3.0740000000000003 7.1605000000000008 7.8205000000000009 23.813500000000001 43.867500000000007 10.1485 -1.3754999999999997 -0.073094453017891248
decision_type=2 2 2 2 2 2 2 2 2 2 2 2 2 2
left_child=1 3 -3 -1 -5 6 -6 10 9 -9 -7 12 -10 -8
right_child=-2 2 -4 4 5 7 13 8 11 -11 -12 -13 -14 -15
leaf_value=0.004066467939561366 -0.00232050707115386 -0.0011790676622572352 0.0063319436211077247 -0.0014989409052995773 0.00020049098009844031 -0.01114458785095367 0.00068869521061031838 -0.0027349436463936952 0.0048863706253277454 0.015084924628737728 0.00056581833284590215 6.081741967829957e-05 -0.0052106506120712191 0.019433920289948965
leaf_weight=40 40 40 44 77 76 68 41 45 42 81 60 1077 180 42
leaf_count=40 40 40 44 77 76 68 41 45 42 81 60 1077 180 42
internal_value=-2.56016e-05 0.000235233 0.00833333 -0.000136687 -0.000363331 0 0.00786164 -0.000804894 -0.000175439 0.00873016 -0.0078125 -0.00103926 -0.00630631 0.0150602
internal_weight=1953 1913 84 1829 1789 1712 159 1553 1425 126 128 1299 222 83
internal_count=1953 1913 84 1829 1789 1712 159 1553 1425 126 128 1299 222 83
is_linear=0
shrinkage=0.05


Tree=122
num_leaves=15
num_cat=0
split_feature=1 8 0 2 7 8 1 1 5 4 1 8 6 7
split_gain=1.95903 2.98807 2.93678 5.55556 3.84303 2.88965 5.24046 4.08463 4.40357 3.27135 3.24399 3.04233 5.45266 5.05163
threshold=0.84680012758268375 1.8300000000000003 15.936500000000001 -0.26781430516217447 732.11350000000004 -0.096999999999999989 0.51909748604633899 0.71989675514303919 2.8185000000000007 16.089000000000002 0.59055600833485278 -0.5834999999999998 6.8795000000000011 201.29100000000003
decision_type=2 2 2 2 2 2 2 2 2 2 2 2 2 2
left_child=1 5 4 -4 -2 7 -7 8 -1 -9 11 12 -10 -14
right_child=2 -3 3 -5 -6 6 -8 9 10 -11 -12 -13 13 -15
leaf_value=0.0038347731287236551 0.00066556003261724348 -0.0017220519834064254 0.019524107027952362 -0.00011873143040788854 -0.0028285248742315225 9.2636678718144294e-05 0.011270674781766783 -0.010766840194514446 -0.0086196412094749451 -0.0016360986657132565 0.001155650397411183 -0.0056766823610410163 0.0022368251457195237 -7.3239518914275381e-05
leaf_weight=72 237 44 40 50 41 331 77 48 108 46 68 226 48 517
leaf_count=72 237 44 40 50 41 331 77 48 108 46 68 226 48 517
internal_value=-2.56016e-05 -0.000788644 0.00326087 0.0111111 0.000719424 -0.000421804 0.00318627 -0.00172109 -0.000818094 -0.0117021 -0.00170631 -0.00250278 -0.000817236 0.00115044
internal_weight=1953 1585 368 90 278 1541 408 1133 1039 94 967 899 673 565
internal_count=1953 1585 368 90 278 1541 408 1133 1039 94 967 899 673 565
is_linear=0
shrinkage=0.05


Tree=123
num_leaves=15
num_cat=0
split_feature=0 2 1 8 8 2 6 2 4 6 3 7 2 3
split_gain=1.96517 2.25269 5.35565 7.57496 6.13105 3.26202 2.66984 2.20808 5.81933 3.6562 3.77354 4.2306 3.80744 9.65797
threshold=3.2095000000000007 0.80444483470750872 0.11577009971046097 0.45150000000000007 -0.31249999999999994 0.76110425866077447 7.2455000000000007 0.58534685349953219 17.418000000000003 7.5900000000000007 99.955500000000015 509.25100000000003 0.0064435096891653281 64.643000000000015
decision_type=2 2 2 2 2 2 2 2 2 2 2 2 2 2
left_child=-1 5 3 4 -3 7 -4 9 -9 -2 11 12 -11 -14
right_child=1 2 6 -5 -6 -7 -8 8 -10 10 -12 -13 13 -15
leaf_value=0.0032226914161398081 0.006856753828404713 0.00038217879311578111 -0.0061661183634180161 0.0072548657366759061 -0.01142152206565432 0.0093324369973527242 -0.0091775547871312101 -0.0060000888970456745 0.0028493931195713975 0.012142280742484649 -0.0024315352833260973 -1.4005368565339627e-05 0.0048954578880698041 -0.0067100496370357315
leaf_weight=52 91 98 56 43 48 42 75 77 57 137 297 765 51 64
leaf_count=52 91 98 56 43 48 42 75 77 57 137 297 765 51 64
internal_value=2.56016e-05 -0.000236718 -0.0040625 0.00132275 -0.00410959 0.000537634 -0.0118321 0.000162443 -0.00597015 0.000747331 7.61035e-05 0.00152409 0.00714286 0.000434783
internal_weight=1953 1901 320 189 146 1581 131 1539 134 1405 1314 1017 252 115
internal_count=1953 1901 320 189 146 1581 131 1539 134 1405 1314 1017 252 115
is_linear=0
shrinkage=0.05


Tree=124
num_leaves=15
num_cat=0
split_feature=7 2 8 7 7 7 8 4 8 3 3 6 6 6
split_gain=2.52101 2.38788 1.9902 2.75266 2.89556 3.52315 2.88068 1.65077 9.51578 2.66175 5.91115 5.46921 4.1842 4.29861
threshold=17.304500000000001 0.99276848381014016 -2.3214999999999995 71.586500000000015 101.92900000000002 135.57350000000002 -0.040999999999999995 6.2775000000000007 -1.0329999999999997 93.274000000000015 86.745500000000007 7.9135000000000009 15.207500000000001 9.3570000000000011
decision_type=2 2 2 2 2 2 2 2 2 2 2 2 2 2
left_child=-1 2 -2 6 -5 -6 -4 8 -7 10 -9 -11 13 -13
right_child=1 -3 3 4 5 7 -8 9 -10 11 -12 12 -14 -15
leaf_value=-0.0022308570929393994 -0.0023974369139513675 0.0040232839496054055 0.01194815139449578 -0.0094343573825006882 0.0023563390633787318 -0.0030241816070385079 0.00097457388587597344 -7.4051999000256108e-05 0.0035540296671450868 0.0030709906169668804 0.010577300933742617 -0.0055382106715383909 -0.024230243613783165 -0.0012540896764886844
leaf_weight=40 61 60 46 57 49 46 61 824 81 65 87 67 41 368
leaf_count=40 61 60 46 57 49 46 61 824 81 65 87 67 41 368
internal_value=-7.68049e-05 0.000182959 -0.000134916 0.000167411 -0.000326409 6.14251e-05 0.00794393 -0.000348322 0.00511811 -0.000826446 0.000823271 -0.00360444 -0.00546218 -0.00402299
internal_weight=1953 1913 1853 1792 1685 1628 107 1579 127 1452 911 541 476 435
internal_count=1953 1913 1853 1792 1685 1628 107 1579 127 1452 911 541 476 435
is_linear=0
shrinkage=0.05


Tree=125
num_leaves=15
num_cat=0
split_feature=7 7 5 6 6 1 5 5 8 3 2 0 2 0
split_gain=2.52101 2.42483 2.84345 1.89041 3.67816 4.50459 5.12859 7.27273 4.66914 3.78623 3.41677 3.47752 2.58283 5.33537
threshold=17.304500000000001 71.586500000000015 2.1005000000000007 9.8620000000000019 8.5610000000000017 0.75677066334646259 4.676000000000001 3.4585000000000004 -0.71749999999999992 8.6560000000000024 -0.081676395330422633 9.0895000000000028 -0.18163955523420786 15.653500000000001
decision_type=2 2 2 2 2 2 2 2 2 2 2 2 2 2
left_child=-1 2 -2 4 5 6 7 -3 9 -8 -6 -12 13 -5
right_child=1 3 -4 12 10 -7 8 -9 -10 -11 11 -13 -14 -15
leaf_value=-0.0021193142382924302 0.0055666910321093502 -0.0013039055987368237 -8.5722760826700839e-05 -0.0099613772703681727 0.00016778604899052031 0.015605954908682074 -0.027402943461879704 0.016015016059066585 -0.020357951898359056 0.00094736761890196479 -0.00027614778045999337 -0.0080485725014476268 0.0005841861698709039 0.00027131815433708157
leaf_weight=40 62 55 74 106 49 41 47 44 79 82 52 91 413 718
leaf_count=40 62 55 74 106 49 41 47 44 79 82 52 91 413 718
internal_value=-7.68049e-05 0.000182959 0.00661765 -0.00030951 -0.00277778 0.000287356 -0.00179153 0.00757576 -0.00625 -0.000387597 -0.00833333 -0.0122378 0.000767987 -0.000849515
internal_weight=1953 1913 136 1777 540 348 307 99 208 129 192 143 1237 824
internal_count=1953 1913 136 1777 540 348 307 99 208 129 192 143 1237 824
is_linear=0
shrinkage=0.05


Tree=126
num_leaves=15
num_cat=0
split_feature=3 4 0 0 3 1 8 8 1 7 7 2 1 5
split_gain=1.66841 2.95621 2.60116 3.56279 2.57227 2.35101 3.0764 2.0153 3.37038 2.47544 2.45722 4.47209 4.59354 7.12095
threshold=2.1505000000000005 17.049000000000003 15.574000000000002 23.860000000000003 4.7435000000000009 0.98009454285431663 -0.063499999999999987 -2.1709999999999998 -0.3970220911538665 22.302000000000003 473.49200000000008 0.42110087079608943 0.42833659622166903 4.7910000000000013
decision_type=2 2 2 2 2 2 2 2 2 2 2 2 2 2
left_child=1 2 -1 -4 -2 7 -7 8 -6 -9 11 12 -11 -14
right_child=4 -3 3 -5 5 6 -8 9 -10 10 -12 -13 13 -15
leaf_value=-0.0088502214296053983 -0.0038738299198346096 0.0033930710395701428 0.0040442493943132693 -0.00039522578183796012 -0.00046046592840390255 0.00034810052831809745 0.013822029173865069 -0.0023380392135843864 0.013881506721062521 0.0065921287144065149 -0.00085439669210398599 -0.00029528120028974453 -0.014299667150770041 0.023884860731410256
leaf_weight=46 63 44 42 53 41 75 43 43 47 215 664 479 46 52
leaf_count=46 63 44 42 53 41 75 43 43 47 215 664 479 46 52
internal_value=7.68049e-05 0.00459459 0.00106383 0.00578947 -0.000395928 -2.93255e-05 0.00677966 -0.000535602 0.00681818 -0.000967312 -0.000618132 0.00126263 0.00591054 -0.00306122
internal_weight=1953 185 141 95 1768 1705 118 1587 88 1499 1456 792 313 98
internal_count=1953 185 141 95 1768 1705 118 1587 88 1499 1456 792 313 98
is_linear=0
shrinkage=0.05


Tree=127
num_leaves=15
num_cat=0
split_feature=8 7 3 8 8 7 0 3 4 2 3 1 3 6
split_gain=1.75647 1.64389 3.1139 4.67543 5.80309 4.6062 3.32195 2.58901 6.22622 5.16398 6.02661 5.16071 5.13941 7.49611
threshold=1.9875000000000003 183.22450000000001 94.499000000000009 -1.0944999999999998 -1.9349999999999998 101.92900000000002 8.7345000000000024 47.907000000000004 23.554000000000006 -0.079425928728534406 99.998500000000021 0.85731462807633252 99.979500000000016 13.724500000000001
decision_type=2 2 2 2 2 2 2 2 2 2 2 2 2 2
left_child=1 2 -1 4 -4 6 -5 8 -3 11 -11 12 13 -9
right_child=-2 7 3 5 -6 -7 -8 9 -10 10 -12 -13 -14 -15
leaf_value=-0.0078473975603998609 -0.0012512424273765756 0.00014092605709276895 0.0016330307316062597 0.014981899921243226 -0.004540493430882685 0.01884058490892055 -0.00050903280664696404 0.006370775660044176 0.0095559693172391196 -0.0039591297504683182 0.00047201658357296351 0.010583987557455161 -0.0078464149544436139 -0.0032530822067400517
leaf_weight=44 47 636 47 48 41 72 93 150 41 212 124 100 132 166
leaf_count=44 47 636 47 48 41 72 93 150 41 212 124 100 132 166
internal_value=-2.56016e-05 0.000209864 0.00333333 0.0051495 -0.00454545 0.00915493 0.00390071 -0.000480461 0.00184638 -0.00226244 -0.00714286 0.000729927 -0.0015625 0.00189873
internal_weight=1953 1906 345 301 88 213 141 1561 677 884 336 548 448 316
internal_count=1953 1906 345 301 88 213 141 1561 677 884 336 548 448 316
is_linear=0
shrinkage=0.05


Tree=128
num_leaves=15
num_cat=0
split_feature=0 0 0 8 8 8 2 0 0 6 6 2 3 4
split_gain=1.66928 2.25261 1.80543 2.26296 2.25766 2.1148 2.27155 2.01913 2.46156 1.51209 4.42623 3.27864 2.70925 5.95642
threshold=3.0290000000000004 4.0520000000000005 5.1540000000000008 1.9875000000000003 1.3010000000000004 0.88950000000000007 0.98217423127542058 6.5870000000000006 7.4765000000000006 5.1235000000000008 7.6995000000000013 0.49751328890718055 9.1880000000000006 18.380500000000001
decision_type=2 2 2 2 2 2 2 2 2 2 2 2 2 2
left_child=-1 -2 -3 4 5 6 7 -4 -9 -10 11 -11 13 -12
right_child=1 2 3 -5 -6 -7 -8 8 9 10 12 -13 -14 -15
leaf_value=0.0033804873197446766 -0.013745048307705064 0.0038704223355939234 -0.0026247732584839759 -0.0027530745998328304 0.0060950390182340089 -0.0013183669482440708 -0.0031583243321834627 0.0085293896159628763 -0.0018178264809113089 0.01481638417345396 0.0001376557756650021 0.00098380028984819683 -0.00044526050328141459 0.0084575331962487843
leaf_weight=44 40 40 61 40 50 60 60 40 68 64 259 59 1009 59
leaf_count=44 40 40 61 40 50 60 60 40 68 64 259 59 1009 59
internal_value=-0.000537634 -0.00075956 -0.000508293 -0.000738108 -0.000475126 -0.000776308 -0.000446694 -9.26498e-05 0.000256739 -6.58762e-05 0.000275862 0.00934959 -0.000565185 0.00345912
internal_weight=1953 1909 1869 1829 1789 1739 1679 1619 1558 1518 1450 123 1327 318
internal_count=1953 1909 1869 1829 1789 1739 1679 1619 1558 1518 1450 123 1327 318
is_linear=0
shrinkage=0.05


Tree=129
num_leaves=15
num_cat=0
split_feature=1 1 0 5 5 5 5 0 7 7 7 6 4 6
split_gain=1.93686 3.12781 3.11001 3.58244 4.23812 3.75908 3.31454 4.15863 5.71292 3.65368 3.08734 3.49142 3.61473 2.82136
threshold=-0.22611359161738889 -0.15855791680139872 4.6395000000000008 11.090000000000002 10.257500000000002 9.8410000000000029 9.1945000000000032 18.162500000000005 549.60800000000006 432.79800000000006 818.96500000000003 15.768500000000001 5.5840000000000005 10.010000000000002
decision_type=2 2 2 2 2 2 2 2 2 2 2 2 2 2
left_child=10 -2 -3 4 5 6 7 8 9 13 11 12 -1 -4
right_child=1 2 3 -5 -6 -7 -8 -9 -10 -11 -12 -13 -14 -15
leaf_value=0.0048266110381017186 0.0043615026308387985 0.0016692890549981354 -0.0030981958173383118 0.0013800057943930731 -0.0075333723511990863 0.017998084014594875 -0.0075427857504002174 0.011427800829319906 -0.0039509237458493782 0.010708101793545068 -0.010148625955345856 0.0038862780158178904 -0.00057718642145906127 0.0012012726578827877
leaf_weight=46 44 77 261 336 63 43 51 57 41 56 46 40 662 130
leaf_count=46 44 77 261 336 63 43 51 57 41 56 46 40 662 130
internal_value=-0.000742448 0.000560828 4.4843e-05 -0.000674374 -0.00270655 -0.0014867 -0.00251678 -0.00137615 -0.00286885 -0.00123043 -0.00264484 -0.00187166 -0.00268362 -0.00294118
internal_weight=1953 1159 1115 1038 702 639 596 545 488 447 794 748 708 391
internal_count=1953 1159 1115 1038 702 639 596 545 488 447 794 748 708 391
is_linear=0
shrinkage=0.05


Tree=130
num_leaves=15
num_cat=0
split_feature=0 2 0 4 4 7 4 4 7 2 4 5 3 7
split_gain=1.59503 2.18386 4.56175 4.23511 3.56819 3.91862 6.47067 6.15395 6.07425 6.06817 4.35434 5.29219 4.86763 3.47143
threshold=3.2095000000000007 0.43802537080760273 14.636500000000002 27.071000000000002 23.378500000000003 340.14100000000002 10.355000000000002 20.990500000000004 280.23400000000009 0.95506028457921099 9.5545000000000027 4.9430000000000005 99.967500000000015 95.484500000000011
decision_type=2 2 2 2 2 2 2 2 2 2 2 2 2 2
left_child=-1 3 4 -2 5 7 -7 8 9 10 -3 12 -12 -6
right_child=1 2 -4 -5 13 6 -8 -9 -10 -11 11 -13 -14 -15
leaf_value=0.0021191035603144283 0.00016036100946244976 -0.0042422937293084915 -0.017850790363432224 -0.014279998922475485 -0.00074538101376847023 0.012170552728561258 -0.0032367835064045615 -0.0032720211877925649 -0.0089996159771886363 0.0050140254869617349 0.0095977561311715569 -0.0043607229904645403 -0.0021953849301396969 0.0068645859289739493
leaf_weight=52 1264 41 40 41 40 40 51 43 58 89 40 40 58 56
leaf_count=52 1264 41 40 41 40 40 51 43 58 89 40 40 58 56
internal_value=-0.000947261 -0.00118359 -0.00369128 -3.83142e-05 -0.00251799 -0.00434783 0.00494505 -0.00663957 -0.00429448 -0.0011194 -0.00642458 -0.00217391 0.00408163 0.00625
internal_weight=1953 1901 596 1305 556 460 91 369 326 268 179 138 98 96
internal_count=1953 1901 596 1305 556 460 91 369 326 268 179 138 98 96
is_linear=0
shrinkage=0.05


Tree=131
num_leaves=15
num_cat=0
split_feature=2 2 6 4 2 4 3 3 1 1 3 6 5 6
split_gain=1.78993 5.60823 4.33932 5.25166 4.24338 2.96273 3.84948 2.79134 1.77297 4.71274 3.7236 3.20959 4.05848 2.98412
threshold=0.83399694777620859 0.77275363110444695 5.4285000000000005 11.014000000000001 0.99276848381014016 21.339000000000002 99.967500000000015 81.697000000000017 -0.59402672566899761 -0.7721494341254892 0.10300000000000001 16.377500000000005 15.097500000000002 7.5900000000000007
decision_type=2 2 2 2 2 2 2 2 2 2 2 2 2 2
left_child=1 8 3 -2 5 6 7 -4 9 -1 -10 12 13 -12
right_child=2 -3 4 -5 -6 -7 -8 -9 10 -11 11 -13 -14 -15
leaf_value=-6.2667682182399045e-05 -0.0080680039568831238 0.0056045331802529992 -0.00064610848264939349 0.013262799544236026 0.0011929351982730846 -0.0023075906643251127 0.0047890134327971791 -0.024597295492453708 0.0029164641686165028 -0.0022340943136574531 0.010690921644712033 -0.0091472961738542635 0.0052967396198246065 -0.00028697010121914727
leaf_weight=400 52 60 47 61 47 47 42 41 66 129 69 46 80 766
leaf_count=400 52 60 47 61 47 47 42 41 66 129 69 46 80 766
internal_value=-0.000691244 0 -0.00400593 0.0039823 -0.00803571 -0.0115819 -0.00769231 -0.0136364 -0.000578406 -0.00293006 0.000632911 -0.000156087 0.000491803 -0.000538922
internal_weight=1953 1616 337 113 224 177 130 88 1556 529 1027 961 915 835
internal_count=1953 1616 337 113 224 177 130 88 1556 529 1027 961 915 835
is_linear=0
shrinkage=0.05


Tree=132
num_leaves=15
num_cat=0
split_feature=6 2 2 2 6 2 6 8 3 0 4 1 8 0
split_gain=1.7468 4.47629 4.29161 7.68372 4.25143 3.38837 5.86921 6.47544 5.13491 4.35815 3.8302 5.05251 3.67865 2.62639
threshold=9.9110000000000014 0.60605034090854637 0.43028281133296192 0.29426351849031901 9.679000000000002 0.32694223331140743 5.4285000000000005 -1.2744999999999997 18.829000000000004 6.8090000000000002 14.822500000000002 0.64460769028158504 -0.64799999999999991 12.577000000000002
decision_type=2 2 2 2 2 2 2 2 2 2 2 2 2 2
left_child=4 2 3 -2 5 10 8 -8 -7 -10 12 -12 -1 -9
right_child=1 -3 -4 -5 -6 6 7 13 9 -11 11 -13 -14 -15
leaf_value=0.00023891711728544208 -0.00012388499896682226 0.0021819204519244631 -0.0040158305377821094 0.0082218976916119905 -0.007475712683280772 -0.0052668465868543407 0.0036539372184472133 -0.0029527143044716731 0.02018217140099425 0.00032245536365997711 -0.012626345144032047 0.0061477912244315772 0.020275960941309481 -0.016915127617830903
leaf_weight=42 1015 119 51 54 41 64 62 209 46 64 50 42 53 41
leaf_count=42 1015 119 51 54 41 64 62 209 46 64 50 42 53 41
internal_value=-0.000691244 0.000443906 -0.000535714 0.000140318 -0.00266106 -0.00170877 -0.00390947 -0.00801282 0.00344828 0.01 0.0040107 -0.00326087 0.0110526 -0.0116
internal_weight=1953 1239 1120 1069 714 673 486 312 174 110 187 92 95 250
internal_count=1953 1239 1120 1069 714 673 486 312 174 110 187 92 95 250
is_linear=0
shrinkage=0.05


Tree=133
num_leaves=15
num_cat=0
split_feature=8 3 4 7 4 4 7 0 1 8 5 1 2 3
split_gain=3.1556 1.55384 3.38973 3.48665 5.40901 4.05596 6.45489 3.3526 5.62022 5.41385 4.13704 3.2827 8.47724 3.08791
threshold=-2.6729999999999996 92.958000000000013 27.555000000000003 183.22450000000001 6.4960000000000013 10.739500000000001 438.63200000000006 13.661000000000003 0.75677066334646259 -0.53349999999999997 6.480500000000001 -0.40542197401079716 0.58534685349953219 86.745500000000007
decision_type=2 2 2 2 2 2 2 2 2 2 2 2 2 2
left_child=-1 13 3 11 -5 6 -6 9 10 -7 -9 12 -3 -2
right_child=1 2 -4 4 5 7 -8 8 -10 -11 -12 -13 -14 -15
leaf_value=-0.0010746079519987559 -5.963596622725609e-05 0.013061695605545038 -0.0039506767256736386 0.010053596922677939 -0.029564980279287223 -0.0029723998257087411 -0.0010464962091454178 0.0029869600911206942 0.01916944180290768 0.00023300670639785984 -0.0034861159397562404 0.0032491696709989306 -0.0023716912987144035 0.0076841110700610147
leaf_weight=40 952 49 44 41 40 66 66 43 47 74 156 189 42 104
leaf_count=40 952 49 44 41 40 66 66 43 47 74 156 189 42 104
internal_value=-0.00110087 -0.000810246 -0.00239207 -0.00166052 -0.00403377 -0.0054878 -0.0141509 -0.00310881 0.000406504 -0.00928571 -0.00326633 0.00285714 -0.00494505 0.000473485
internal_weight=1953 1913 857 813 533 492 106 386 246 140 199 280 91 1056
internal_count=1953 1913 857 813 533 492 106 386 246 140 199 280 91 1056
is_linear=0
shrinkage=0.05


Tree=134
num_leaves=15
num_cat=0
split_feature=7 2 2 0 7 8 0 6 6 2 8 5 2 0
split_gain=2.19947 1.88236 3.10065 2.108 2.13143 5.13136 7.21062 4.99991 4.87742 7.54297 4.40445 3.60427 5.32141 4.55358
threshold=17.304500000000001 0.99468534776305517 0.97879788253113664 3.9720000000000004 271.67800000000005 -1.1924999999999997 8.2885000000000009 7.5900000000000007 8.802500000000002 0.0064435096891653281 0.053500000000000006 9.6600000000000019 0.14347198451036616 16.005500000000005
decision_type=2 2 2 2 2 2 2 2 2 2 2 2 2 2
left_child=-1 2 3 -2 5 -5 10 -8 -9 -10 -7 -6 13 -13
right_child=1 -3 -4 4 11 6 7 8 9 -11 -12 12 -14 -15
leaf_value=-0.001610840119120595 -0.014480879766842137 0.0023890258252954491 -0.002195763355400393 -0.0022768986345178006 -0.0015295253668010324 0.033684840810924786 0.017202458095038842 -0.012285635379818605 0.024492319040087258 -0.0021187581353245668 0.0075042090786321368 -0.0026287790366873471 0.0036816871708288549 0.00023434164159409217
leaf_weight=40 44 51 56 82 467 43 74 53 58 79 49 104 110 643
leaf_count=40 44 51 56 82 467 43 74 53 58 79 49 104 110 643
internal_value=-0.000896057 -0.000653424 -0.000912997 -0.00055371 -0.000283768 0.00273973 0.00533708 0.00113636 -0.00315789 0.00182482 0.0173913 -0.00128399 0.000641774 -0.000870147
internal_weight=1953 1913 1862 1806 1762 438 356 264 190 137 92 1324 857 747
internal_count=1953 1913 1862 1806 1762 438 356 264 190 137 92 1324 857 747
is_linear=0
shrinkage=0.05


Tree=135
num_leaves=15
num_cat=0
split_feature=0 2 2 6 6 8 2 4 5 2 8 7 2 1
split_gain=2.29256 2.82821 3.60054 2.47363 2.81175 2.83185 3.56295 2.82485 2.25593 4.57634 3.79409 3.50699 4.33809 3.63435
threshold=3.2095000000000007 0.80444483470750872 0.76110425866077447 9.8620000000000019 5.3005000000000004 -0.88349999999999984 0.94147585758598662 10.977500000000001 9.8080000000000016 0.12643880951666986 0.14350000000000002 704.7410000000001 -0.91084115863148152 0.94362518608704116
decision_type=2 2 2 2 2 2 2 2 2 2 2 2 2 2
left_child=-1 2 8 4 7 -6 -7 -3 11 10 -10 12 -2 -14
right_child=1 3 -4 -5 5 6 -8 -9 9 -11 -12 -13 13 -15
leaf_value=0.0017686551904774112 0.01639209001677994 -0.012323852464722241 0.0083540712201614995 8.9890845807642791e-05 -0.0002407387761789559 -0.00164538611580443 -0.0091348327403430081 0.0056924020017113941 0.0001833291559436512 0.0030410919663005965 -0.0032941430286532302 -0.0064971822093021162 -0.0019268039310748207 0.0029597436705207317
leaf_weight=52 70 41 42 74 43 63 44 55 685 105 54 42 484 99
leaf_count=52 70 41 42 74 43 63 44 55 685 105 54 42 484 99
internal_value=-0.000742448 -0.00102578 -0.000158128 -0.0053125 -0.00772358 -0.012 -0.0163551 -0.00104167 -0.000552307 0.00118483 -0.000202977 -0.00266187 -0.0017611 -0.00317324
internal_weight=1953 1901 1581 320 246 150 107 96 1539 844 739 695 653 583
internal_count=1953 1901 1581 320 246 150 107 96 1539 844 739 695 653 583
is_linear=0
shrinkage=0.05


Tree=136
num_leaves=15
num_cat=0
split_feature=8 8 7 7 4 7 1 0 2 1 1 1 5 2
split_gain=2.41817 1.60864 2.07 6.78622 4.28917 3.43477 3.29639 5.44091 4.60606 3.89394 3.2 2.83137 2.48998 4.86956
threshold=-2.6729999999999996 2.1445000000000003 207.16200000000003 228.96900000000002 7.5530000000000008 255.5515 -0.14153898451656977 10.246500000000003 0.32694223331140743 0.48941038753127741 -0.22611359161738889 -0.44766156736276203 9.6600000000000019 0.14347198451036616
decision_type=2 2 2 2 2 2 2 2 2 2 2 2 2 2
left_child=-1 2 4 -4 -2 10 8 9 -6 -8 -5 -10 -7 -14
right_child=1 -3 3 5 6 12 7 -9 11 -11 -12 -13 13 -15
leaf_value=-0.001126517396657422 -0.0029971042381653091 -0.0018391788978868397 -0.01026229468009845 0.024098305020753844 0.0099576590020187174 -0.0011626650624337266 0.004667056982238767 2.6968851261599537e-05 -0.0017636185753667532 0.016951128516603492 1.9156662253749792e-05 0.00034966278777971428 -0.00012027815424786038 0.0033475819213668791
leaf_weight=40 46 40 51 40 44 513 57 83 68 40 40 40 739 112
leaf_count=40 46 40 51 40 44 513 57 83 68 40 40 40 739 112
internal_value=-0.000332821 -7.84109e-05 0.000133476 -0.000702341 0.00343915 -6.92521e-05 0.00542169 0.01 0 0.0180412 0.01 -0.00555556 -0.000659824 0.000998825
internal_weight=1953 1913 1873 1495 378 1444 332 180 152 97 80 108 1364 851
internal_count=1953 1913 1873 1495 378 1444 332 180 152 97 80 108 1364 851
is_linear=0
shrinkage=0.05


Tree=137
num_leaves=15
num_cat=0
split_feature=8 8 5 5 3 5 2 3 6 0 0 1 8 7
split_gain=2.31748 1.64364 1.65186 2.81637 1.71688 4.06979 5.72534 1.9356 2.21471 2.64457 3.20614 2.10236 3.64782 2.77293
threshold=-2.6729999999999996 1.9875000000000003 2.3460000000000005 1.6565000000000001 2.1505000000000005 16.490500000000004 -0.44437817810461328 4.7435000000000009 15.604500000000002 25.964000000000002 24.652000000000005 0.90149333598846393 -1.2144999999999999 749.90200000000016
decision_type=2 2 2 2 2 2 2 2 2 2 2 2 2 2
left_child=-1 2 3 -2 5 6 -4 -6 9 10 11 13 -13 -9
right_child=1 -3 4 -5 7 -7 -8 8 -10 -11 -12 12 -14 -15
leaf_value=-0.0010701915268245524 -0.0010643937309826046 -0.0011958689671919655 0.0037243342529782344 0.0080672365705035665 -0.0041964870241225959 -0.00093167404064298243 0.00014668873818725711 -0.00033653571015061085 0.0020418983607180196 -0.0085070045599161311 0.0033058563316854753 -0.0009956773889070597 0.0030828837265960613 -0.0046755964948387635
leaf_weight=40 60 47 47 53 62 40 96 920 99 80 43 67 170 129
leaf_count=40 60 47 47 53 62 40 96 920 99 80 43 67 170 129
internal_value=-0.000588838 -0.00033978 -0.000107181 0.00575221 -0.000484883 0.00409836 0.00804196 -0.00101911 -0.00066313 -0.00117104 -0.000639579 -0.00108865 0.00316456 -0.00204957
internal_weight=1953 1913 1866 113 1753 183 143 1570 1508 1409 1329 1286 237 1049
internal_count=1953 1913 1866 113 1753 183 143 1570 1508 1409 1329 1286 237 1049
is_linear=0
shrinkage=0.05


Tree=138
num_leaves=15
num_cat=0
split_feature=6 8 8 6 3 0 7 1 8 5 6 2 5 5
split_gain=2.60071 4.24497 4.09871 4.37964 3.71771 9.32255 5.97915 4.72131 3.86683 5.03351 3.95029 3.26592 2.81801 5.3876
threshold=9.9110000000000014 1.1290000000000002 0.54100000000000015 8.6010000000000009 8.6560000000000024 22.119000000000003 810.54100000000005 0.75677066334646259 -1.45 14.022500000000003 10.768500000000001 -0.97218766834954651 5.0305000000000009 6.8345000000000011
decision_type=2 2 2 2 2 2 2 2 2 2 2 2 2 2
left_child=2 4 12 -4 5 7 -7 -2 -6 10 -10 -8 -1 -14
right_child=1 -3 3 -5 8 6 11 -9 9 -11 -12 -13 13 -15
leaf_value=0.00050728784201807271 0.012641132174910308 0.0031707270346698182 -0.00107330321067034 -0.0063821837652437794 -0.0023114904141441962 -0.011022598586029459 -0.0025493525947161201 0.0017508146389829437 0.0077474838977989405 0.0058586606896771426 -0.0012472665701723736 0.0039613746213531392 -0.0093711549273245518 0.00010403461140456871
leaf_weight=287 61 63 59 51 137 49 40 61 97 101 564 66 112 205
leaf_count=287 61 63 59 51 137 49 40 61 97 101 564 66 112 205
internal_value=-0.000537634 0.000847458 -0.00294118 -0.0118182 0.000170068 0.00523466 -0.00290323 0.0155738 -0.00139043 0 -0.0015885 0.00377358 -0.0013245 -0.00457413
internal_weight=1953 1239 714 110 1176 277 155 122 899 762 661 106 604 317
internal_count=1953 1239 714 110 1176 277 155 122 899 762 661 106 604 317
is_linear=0
shrinkage=0.05


Tree=139
num_leaves=15
num_cat=0
split_feature=7 2 2 6 4 3 5 2 8 2 8 4 2 5
split_gain=2.31748 1.86381 2.18737 3.1809 4.39477 3.31806 4.60089 2.0535 4.00716 2.45007 3.66736 5.15919 2.99645 5.09788
threshold=17.304500000000001 0.99276848381014016 0.83399694777620859 5.4285000000000005 11.014000000000001 99.967500000000015 5.6385000000000014 0.71541278717867718 -0.66749999999999987 0.43802537080760273 -1.2144999999999999 20.094500000000004 0.14347198451036616 8.6330000000000009
decision_type=2 2 2 2 2 2 2 2 2 2 2 2 2 2
left_child=-1 2 7 4 -4 6 -5 9 -9 12 -11 -12 -2 -14
right_child=1 -3 3 5 -6 -7 -8 8 -10 10 11 -13 13 -15
leaf_value=-0.0012652738786656681 -9.7865324750456845e-05 0.0018639172256342707 -0.0062298510158032673 -0.014168704208319522 0.014418825665505964 9.5990656211528144e-05 -0.00012697047552018281 -0.00075337870417049283 0.0083520720763549886 0.0011051556722377065 -0.0065409635098960545 0.0018980725180726046 -0.00064636551811283994 0.0050710413065245376
leaf_weight=40 1123 60 45 68 40 57 43 42 58 52 100 44 88 93
leaf_count=40 1123 60 45 68 40 57 43 42 58 52 100 44 88 93
internal_value=-0.000588838 -0.00033978 -0.000620615 -0.00494071 0.00294118 -0.00892857 -0.013964 6.25e-05 0.007 -0.0004 -0.00561224 -0.00972222 0.000383436 0.00635359
internal_weight=1953 1913 1853 253 85 168 111 1600 100 1500 196 144 1304 181
internal_count=1953 1913 1853 253 85 168 111 1600 100 1500 196 144 1304 181
is_linear=0
shrinkage=0.05


Tree=140
num_leaves=15
num_cat=0
split_feature=0 6 8 0 8 1 4 5 8 4 6 2 2 8
split_gain=2.20279 2.57269 4.94774 2.97809 2.48978 4.03247 3.49689 4.90707 6.71036 6.60775 3.95492 3.95266 4.1129 2.17488
threshold=3.2095000000000007 9.8620000000000019 1.1290000000000002 4.6395000000000008 0.54100000000000015 0.1328271176880281 7.8590000000000009 5.0305000000000009 -1.6764999999999997 21.928500000000003 6.4445000000000006 0.60605034090854637 0.26123699986315735 -1.6954999999999998
decision_type=2 2 2 2 2 2 2 2 2 2 2 2 2 2
left_child=-1 3 13 -2 6 -6 10 9 -9 -8 -5 12 -10 -3
right_child=1 2 -4 4 5 -7 7 8 11 -11 -12 -13 -14 -15
leaf_value=0.0017707213643525566 -0.0070716833837105439 -0.0014248453419520469 0.0032128706961686406 -0.0033439493238971857 -0.00049581727265691209 -0.011143718347673949 0.0018119815183439637 0.0064678985176610058 -0.0058649840362089041 -0.0013988019039785527 0.014817657816172454 -0.028811729038469361 0.0011131254320136548 4.4541097464595449e-05
leaf_weight=52 44 107 64 46 46 42 168 44 53 54 42 71 48 1072
leaf_count=52 44 107 64 46 46 42 168 44 53 54 42 71 48 1072
internal_value=-0.000537634 -0.00081536 0.000522928 -0.00334347 -0.002443 -0.0102273 -0.00114068 -0.00296804 -0.00833333 0.00225225 0.00795455 -0.0127907 -0.00643564 -0.000212044
internal_weight=1953 1901 1243 658 614 88 526 438 216 222 88 172 101 1179
internal_count=1953 1901 1243 658 614 88 526 438 216 222 88 172 101 1179
is_linear=0
shrinkage=0.05


Tree=141
num_leaves=15
num_cat=0
split_feature=0 8 0 1 0 0 3 7 6 3 3 3 5 1
split_gain=2.11482 2.61318 2.06826 7.79926 4.10765 3.48195 3.55339 3.21632 3.50791 6.30524 6.73685 2.48554 1.95567 3.2
threshold=3.2095000000000007 -2.5634999999999999 20.003500000000006 0.65765423894015862 19.292500000000004 20.712000000000003 99.955500000000015 708.70350000000008 15.604500000000002 4.9155000000000006 50.218500000000013 4.9985000000000008 12.918500000000002 -0.70252096857941237
decision_type=2 2 2 2 2 2 2 2 2 2 2 2 2 2
left_child=-1 -2 4 5 -3 -4 7 12 9 -9 -11 -10 13 -7
right_child=1 2 3 -5 -6 6 -8 8 11 10 -12 -13 -14 -15
leaf_value=0.0016821852961349305 -0.00084880694960354219 -0.00012455907146105284 0.0042582590828615279 0.009834856808994397 -0.011845772277516882 -0.013623910165952741 -0.015369899822617106 0.0043814119987889092 -0.00085207791030887106 -0.013435523310590237 -0.00021992258028990798 0.0045864454235913345 0.0063622099989443653 0.0098620757257983985
leaf_weight=52 43 1228 49 41 47 40 74 54 48 57 55 71 54 40
leaf_count=52 43 1228 49 41 47 40 74 54 48 57 55 71 54 40
internal_value=-0.000332821 -0.000604945 -0.000322928 0.00214408 -0.00145098 0.000553506 -0.000709939 0.00107399 -0.00192982 -0.00662651 -0.0133929 0.00462185 0.00746269 0.0025
internal_weight=1953 1901 1858 583 1275 542 493 419 285 166 112 119 134 80
internal_count=1953 1901 1858 583 1275 542 493 419 285 166 112 119 134 80
is_linear=0
shrinkage=0.05


Tree=142
num_leaves=15
num_cat=0
split_feature=0 8 8 8 8 8 8 8 8 1 1 4 6 4
split_gain=2.11482 2.61318 1.72746 2.39566 2.25488 1.76845 2.90807 1.80584 4.04979 4.75745 3.96368 3.87477 3.5016 3.42241
threshold=3.2095000000000007 -2.5634999999999999 1.9875000000000003 1.1290000000000002 0.88950000000000007 0.6795000000000001 0.34500000000000003 -0.096999999999999989 -0.16899999999999998 0.99532555264836797 0.86958133671945947 13.083500000000003 12.420000000000002 4.9960000000000013
decision_type=2 2 2 2 2 2 2 2 2 2 2 2 2 2
left_child=-1 -2 3 4 5 6 7 8 9 10 13 -12 -13 -3
right_child=1 2 -4 -5 -6 -7 -8 -9 -10 -11 11 12 -14 -15
leaf_value=0.0015980760313281856 -0.00080636660212336515 0.0040696829008736958 -0.00072270904505866707 0.0036271631595675411 -0.0023025359910600674 0.0016332843513146456 -0.0013085885410346971 0.0050828589778306515 -0.020554606610676443 -0.0014815284812004462 0.012085418575732802 0.0055644655942197448 -0.0021267178731428334 -0.00030918340802917684
leaf_weight=52 43 50 45 75 42 49 95 227 46 42 88 52 51 996
leaf_count=52 43 50 45 75 42 49 95 227 46 42 88 52 51 996
internal_value=-0.000332821 -0.000604945 -0.000322928 -8.27358e-05 -0.000460299 -0.000176887 -0.000455373 6.4433e-05 -0.000641509 -0.000117279 0.000444624 0.00706806 0.000485437 -0.000764818
internal_weight=1953 1901 1858 1813 1738 1696 1647 1552 1325 1279 1237 191 103 1046
internal_count=1953 1901 1858 1813 1738 1696 1647 1552 1325 1279 1237 191 103 1046
is_linear=0
shrinkage=0.05


Tree=143
num_leaves=15
num_cat=0
split_feature=0 1 7 4 3 6 2 7 0 5 7 5 6 4
split_gain=1.9991 6.23556 4.2528 3.35578 2.51719 4.02601 4.30379 6.27515 4.27051 3.92545 3.88073 4.32226 3.55217 3.20491
threshold=19.755500000000005 0.65765423894015862 467.09150000000005 20.898500000000002 50.218500000000013 11.468500000000002 0.35923451902495462 371.06500000000005 9.0895000000000028 5.5050000000000008 580.01100000000008 11.706500000000002 14.492000000000003 14.822500000000002
decision_type=2 2 2 2 2 2 2 2 2 2 2 2 2 2
left_child=4 2 -2 -4 5 6 -1 8 9 -8 -6 -12 13 -7
right_child=1 -3 3 -5 10 12 7 -9 -10 -11 11 -13 -14 -15
leaf_value=-0.0041880236459533593 0.0040676723920447244 0.0093585731389461361 2.5575519830067787e-06 -0.01636359592493877 -0.00023100588771979291 0.0013550503833943948 -0.0076946250352957213 0.0021842328677221753 -0.034167645323613112 0.0054450992552561696 -0.011393846743829761 6.0987888839748877e-05 -0.001133486035632756 0.0088305712380620637
leaf_weight=63 71 41 451 40 803 46 48 60 43 45 79 54 58 51
leaf_count=63 71 41 451 40 803 46 48 60 43 45 79 54 58 51
internal_value=-0.000486431 0.00190713 0.000533808 -0.00112016 -0.00155556 0.00169082 -0.00212355 0.00153061 -0.00441176 0.0016129 -0.00299145 -0.0109023 0.00806452 0.0139175
internal_weight=1953 603 562 491 1350 414 259 196 136 93 936 133 155 97
internal_count=1953 603 562 491 1350 414 259 196 136 93 936 133 155 97
is_linear=0
shrinkage=0.05


Tree=144
num_leaves=15
num_cat=0
split_feature=0 8 8 8 2 7 0 8 3 1 6 2 6 2
split_gain=2.18063 2.54594 2.57335 4.88797 2.94244 4.80148 3.58574 3.19857 4.21527 2.8053 3.82841 3.21177 5.22903 5.02567
threshold=3.2095000000000007 -2.5634999999999999 -0.67799999999999994 -0.90149999999999986 -0.94418750883419933 754.15300000000013 20.408500000000004 -0.53349999999999997 92.387500000000017 -0.98211651112579568 9.8115000000000023 0.27779130397453933 5.9250000000000016 0.67209495862812607
decision_type=2 2 2 2 2 2 2 2 2 2 2 2 2 2
left_child=-1 -2 3 -3 6 7 -4 8 -6 -9 11 -11 -13 -14
right_child=1 2 4 -5 5 -7 -8 9 -10 10 -12 12 13 -15
leaf_value=0.0016370607830656554 -0.00075449797763120778 -9.442633581147053e-05 -0.0055124333374136697 0.0033373067578408911 0.0012486333318444114 -0.0047990914562232676 0.0063279660134974887 -0.0036426040518735994 -0.011536322044899284 0.00069234177600825892 0.0016309683889507807 0.011338360488171563 -0.012288248739885384 -0.0010121901245981925
leaf_weight=52 43 685 43 195 40 87 67 41 63 57 365 49 51 115
leaf_count=52 43 685 43 195 40 87 67 41 63 57 365 49 51 115
internal_value=-0.000486431 -0.000762756 -0.000484392 0.00147727 -0.00224949 -0.00322581 0.00545455 -0.00198464 -0.0101942 -0.000737463 7.84929e-05 -0.00441176 -0.0072093 -0.0114458
internal_weight=1953 1901 1858 880 978 868 110 781 103 678 637 272 215 166
internal_count=1953 1901 1858 880 978 868 110 781 103 678 637 272 215 166
is_linear=0
shrinkage=0.05


Tree=145
num_leaves=15
num_cat=0
split_feature=0 0 1 6 0 6 8 8 8 7 5 4 8 0
split_gain=1.79578 5.92019 3.78768 5.55432 5.06132 6.98184 5.94324 4.18361 4.1133 2.88057 9.41158 5.9388 5.85644 7.98403
threshold=20.408500000000004 21.827500000000004 0.098678873477280007 13.901000000000002 23.051500000000001 14.777000000000003 -0.93149999999999988 -1.4264999999999997 -0.93149999999999988 574.6065000000001 9.6600000000000019 9.9095000000000013 -0.45749999999999996 16.095000000000002
decision_type=2 2 2 2 2 2 2 2 2 2 2 2 2 2
left_child=9 -2 4 -4 -3 8 7 -7 -6 -1 -11 -12 13 -13
right_child=1 2 3 -5 5 6 -8 -9 -10 10 11 12 -14 -15
leaf_value=-2.4656650790103043e-05 0.0083026608190065916 -0.025006599595497916 -0.0030586733086159449 0.0067946445843040052 -7.909097897510487e-05 -0.0089989228403462244 -0.01470574767896834 0.0043769885305471766 0.0043606079759096169 -0.0062781369461916972 -0.0061166444541655464 -0.0001365043335014471 -0.0029153090158355972 0.016121063942282438
leaf_weight=1096 91 52 46 78 51 61 59 55 60 60 53 67 56 68
leaf_count=1096 91 52 46 78 51 61 59 55 60 60 53 67 56 68
internal_value=-0.000332821 0.00207957 -0.00021645 0.00725806 -0.00295858 -0.00034965 -0.00657143 0 0.00945946 -0.00128571 -0.00559211 -0.00122951 0.00287958 0.00851852
internal_weight=1953 553 462 124 338 286 175 116 111 1400 304 244 191 135
internal_count=1953 553 462 124 338 286 175 116 111 1400 304 244 191 135
is_linear=0
shrinkage=0.05


Tree=146
num_leaves=15
num_cat=0
split_feature=5 5 1 6 2 7 3 4 8 8 3 3 2 1
split_gain=3.21322 7.51538 3.56431 4.24242 5.76732 5.50298 3.95691 5.18468 2.92999 4.61275 3.30418 3.20889 2.62183 2.90438
threshold=14.751500000000002 15.674000000000001 -0.63874350706337046 11.188500000000003 -0.31473592273745027 427.57450000000006 96.712000000000018 16.558500000000002 1.7475000000000003 0.65650000000000019 99.910000000000011 66.684500000000014 -0.68784539311941617 -0.22132528438243276
decision_type=2 2 2 2 2 2 2 2 2 2 2 2 2 2
left_child=2 -2 3 6 -5 -6 -1 -8 9 -4 11 -11 13 -3
right_child=1 12 8 4 5 -7 7 -9 -10 10 -12 -13 -14 -15
leaf_value=-0.023414396675296462 0.014017877240972039 -0.022272472499082971 -2.3645567400998325e-05 -0.010292835974350423 0.0047884142344277042 -0.00010191132807581411 0.00090907797565062539 -0.0025056922134459609 -0.0013719818379357264 0.0027758567636352819 0.0097920802432486173 -0.00068073980285345698 0.0027044751898069432 0.00054868171408448683
leaf_weight=102 56 62 1095 77 48 64 70 59 47 40 42 50 70 71
leaf_count=102 56 62 1095 77 48 64 70 59 47 40 42 50 70 71
internal_value=2.56016e-05 0.00521236 -0.000767414 -0.0047619 0.000793651 0.00803571 -0.00930736 -0.00348837 0.000549451 0.00101874 0.00984848 0.00444444 0.000738916 -0.00338346
internal_weight=1953 259 1694 420 189 112 231 129 1274 1227 132 90 203 133
internal_count=1953 259 1694 420 189 112 231 129 1274 1227 132 90 203 133
is_linear=0
shrinkage=0.05


Tree=147
num_leaves=15
num_cat=0
split_feature=4 7 5 6 6 4 8 8 0 6 0 4 8 8
split_gain=1.93328 2.00191 2.37581 3.31891 2.4722 2.64863 5.23594 11.1634 4.99262 4.05938 3.96815 4.45877 4.2231 10.2925
threshold=27.555000000000003 880.07900000000006 22.027500000000003 16.179000000000006 15.604500000000002 9.145500000000002 -0.91249999999999998 -0.16549999999999998 16.543000000000003 4.3910000000000009 4.206500000000001 11.504500000000002 -1.5914999999999997 -2.0639999999999996
decision_type=2 2 2 2 2 2 2 2 2 2 2 2 2 2
left_child=1 2 3 4 5 6 8 -8 -1 -7 -11 -12 13 -13
right_child=-2 -3 -4 -5 -6 9 7 -9 -10 10 11 12 -14 -15
leaf_value=0.00066894130611148831 -0.00054228680586073665 0.0024528910763211677 0.0053571109027995226 -0.021349963781512056 0.0020919615663507309 0.0026654320227626595 0.0090306647426956713 -0.0033402123080380377 -0.015881563179580428 -0.007776249758378046 -0.0018427479102485766 -0.00031363793201206195 -0.00023906828135187297 0.016561225976481717
leaf_weight=44 76 83 44 42 51 77 127 107 58 45 195 65 879 60
leaf_count=44 76 83 44 42 51 77 127 107 58 45 195 65 879 60
internal_value=-7.68049e-05 0.000239744 -0.000111483 -0.0004 -5.8548e-05 -0.000392275 0.00357143 0.00769231 -0.00588235 -0.00140045 -0.00209003 -0.00154295 -0.000199203 0.0084
internal_weight=1953 1877 1794 1750 1708 1657 336 234 102 1321 1244 1199 1004 125
internal_count=1953 1877 1794 1750 1708 1657 336 234 102 1321 1244 1199 1004 125
is_linear=0
shrinkage=0.05


Tree=148
num_leaves=15
num_cat=0
split_feature=5 5 1 0 4 2 1 6 2 5 7 4 0 2
split_gain=2.44589 4.2453 2.72468 3.30533 6.04281 5.16317 3.50789 4.60121 2.71856 2.4794 2.39862 2.33879 2.05063 4.20787
threshold=15.097500000000002 15.892000000000001 -0.69016699705532203 21.827500000000004 24.070500000000003 0.57132313271480106 -0.97873101657557338 8.386000000000001 -0.68784539311941617 21.515500000000003 490.05300000000005 16.285500000000003 19.460000000000004 -0.87204617232061787
decision_type=2 2 2 2 2 2 2 2 2 2 2 2 2 2
left_child=2 -2 3 4 5 6 10 -8 9 -3 -1 -9 -4 -14
right_child=1 8 12 -5 -6 -7 7 11 -10 -11 -12 -13 13 -15
leaf_value=0.000521414958358199 0.016575291661594344 -0.0071417187628781079 -0.000116543424388732 -0.015239506027570175 -0.0044723710436361417 -0.0054004030556567863 -0.0013242102403676849 0.019127310941592326 0.0033743210865990305 0.0010331094327050983 -0.018856872877371186 0.00035213510010456976 -0.00042794889279254848 0.0051515371003563156
leaf_weight=43 42 79 1039 70 43 48 43 52 67 50 41 55 178 103
leaf_count=43 42 79 1039 70 43 48 43 52 67 50 41 55 178 103
internal_value=-0.000128008 0.00462185 -0.000787172 -0.00443038 -0.00230769 0.00035461 0.0034188 0.008 0.00153061 -0.00271318 -0.0047619 0.0135514 0.00030303 0.00409253
internal_weight=1953 238 1715 395 325 282 234 150 196 129 84 107 1320 281
internal_count=1953 238 1715 395 325 282 234 150 196 129 84 107 1320 281
is_linear=0
shrinkage=0.05


Tree=149
num_leaves=15
num_cat=0
split_feature=5 5 5 4 0 2 0 5 5 4 8 6 8 8
split_gain=1.74477 1.68717 2.75021 8.82872 2.57109 1.91973 1.78147 8.81063 4.19942 6.21986 3.40212 3.33333 3.15738 8.87131
threshold=21.515500000000003 18.459000000000003 15.097500000000002 14.7125 25.647500000000004 -0.99113067767854335 5.3030000000000008 4.676000000000001 3.1585000000000005 19.964500000000005 1.3010000000000004 6.9770000000000012 -0.67799999999999994 -0.87249999999999994
decision_type=2 2 2 2 2 2 2 2 2 2 2 2 2 2
left_child=1 2 5 4 -4 -1 7 -7 9 11 12 -8 13 -10
right_child=-2 -3 3 -5 -6 6 8 -9 10 -11 -12 -13 -14 -15
leaf_value=0.0050165640098881192 0.0048887446417773097 -0.011432252542846267 0.012887397066580165 -0.0051725276064644365 0.0027413359620973854 0.0078883044764276756 -0.0043017004501026612 -0.0053002657921343505 -0.00027270345986795677 -0.007843562923878767 0.0017990357177945894 0.00091500114735222626 -0.00076168058425131197 0.0041767019773848446
leaf_weight=58 56 49 49 40 44 61 50 70 505 57 62 75 655 122
leaf_count=58 56 49 49 40 44 61 50 70 505 57 62 75 655 122
internal_value=0.000230415 -2.63574e-05 0.00021645 0.00714286 0.0155914 -0.0003207 -0.000633675 0.00496183 -0.00111402 -0.00824176 -0.00014881 -0.002 -0.000702028 0.00183413
internal_weight=1953 1897 1848 133 93 1715 1657 131 1526 182 1344 125 1282 627
internal_count=1953 1897 1848 133 93 1715 1657 131 1526 182 1344 125 1282 627
is_linear=0
shrinkage=0.05


Tree=150
num_leaves=15
num_cat=0
split_feature=8 8 8 0 7 3 3 4 4 6 0 2 5 8
split_gain=1.66756 6.43718 4.38503 4.96826 6.10562 4.58536 4.05778 3.65106 3.63413 3.75557 3.5569 3.7209 3.50068 3.99089
threshold=-0.67799999999999994 -0.90149999999999986 -0.37649999999999995 20.298000000000005 546.08100000000013 15.646500000000001 88.471500000000006 10.909500000000003 9.145500000000002 9.9110000000000014 6.2280000000000006 0.86993731518838324 5.6780000000000008 0.51400000000000012
decision_type=2 2 2 2 2 2 2 2 2 2 2 2 2 2
left_child=1 10 -2 4 5 -4 -6 -7 -3 -10 -1 -12 13 -9
right_child=2 8 3 -5 6 7 -8 12 9 -11 11 -13 -14 -15
leaf_value=-0.0027497112440186423 -0.0030615230415255326 0.014171162266949262 0.0086078641687401692 0.0049320442745510651 -0.0047543265338715864 -0.0055015898918398367 0.0013573178080533309 0.016293000539429069 -0.001601478464468134 0.003900814069153935 -0.00018922081975091267 0.0022350404099453131 -0.00036554133941194494 -8.9881970587762927e-05
leaf_weight=54 271 57 61 111 61 111 40 105 46 97 635 54 146 104
leaf_count=54 271 57 61 111 61 111 40 105 46 97 635 54 146 104
internal_value=2.56016e-05 0.00153765 -0.00138614 0.000608931 -0.00111465 0.00104364 -0.0123762 -0.000643777 0.0095 0.00524476 -0.000605653 0.000362845 0.00183099 0.00598086
internal_weight=1953 943 1010 739 628 527 101 466 200 143 743 689 355 209
internal_count=1953 943 1010 739 628 527 101 466 200 143 743 689 355 209
is_linear=0
shrinkage=0.05


Tree=151
num_leaves=15
num_cat=0
split_feature=6 2 1 0 2 0 8 5 5 8 4 0 4 7
split_gain=1.7265 4.81333 3.52667 1.57392 1.80213 3.95031 3.55647 4.3174 3.8179 3.51519 3.29498 4.06378 5.28067 3.70566
threshold=15.604500000000002 -0.87204617232061787 -0.18771856543719898 3.0290000000000004 0.83399694777620859 10.105500000000001 -0.71749999999999992 5.0305000000000009 3.5390000000000001 -1.1184999999999998 6.2775000000000007 10.848000000000001 11.504500000000002 855.13200000000018
decision_type=2 2 2 2 2 2 2 2 2 2 2 2 2 2
left_child=3 2 -2 -1 5 -5 9 8 -8 -6 -7 -12 -13 -14
right_child=1 -3 -4 4 6 10 7 -9 -10 -11 11 12 13 -15
leaf_value=0.0023891281849569151 -0.0093487020224394934 0.0042455944041341126 0.001408370519279817 0.0010334559175452153 -0.00065384891050700308 0.0015210914212939965 -0.0015058471542576447 -0.0052588344417740952 0.0076679932259092892 0.0038647219693660195 -0.0073288895740546041 -0.0022354412250773256 1.0971513274127265e-05 0.0055456061532959955
leaf_weight=44 40 50 60 216 67 89 57 74 60 40 47 306 725 78
leaf_count=44 40 50 60 216 67 89 57 74 60 40 47 306 725 78
internal_value=0.000179211 0.00533333 -0.001 -0.000249584 -0.000483229 0.000239562 -0.00402685 -0.00811518 -0.00213675 0.00327103 -0.000843373 -0.00155709 -0.000946799 0.00118306
internal_weight=1953 150 100 1803 1759 1461 298 191 117 107 1245 1156 1109 803
internal_count=1953 150 100 1803 1759 1461 298 191 117 107 1245 1156 1109 803
is_linear=0
shrinkage=0.05


Tree=152
num_leaves=15
num_cat=0
split_feature=6 2 1 6 2 2 2 1 2 5 7 0 4 7
split_gain=1.55924 4.81333 3.52667 1.64476 2.22653 3.01094 3.37073 1.90038 8.50059 4.18881 4.00022 5.36563 3.37364 3.35089
threshold=15.604500000000002 -0.87204617232061787 -0.18771856543719898 15.354000000000001 -0.99113067767854335 -0.97218766834954651 -0.94418750883419933 0.59055600833485278 0.69017338824297181 11.090000000000002 686.99650000000008 15.698500000000001 9.7055000000000025 654.08750000000009
decision_type=2 2 2 2 2 2 2 2 2 2 2 2 2 2
left_child=3 2 -2 4 -1 -6 -7 -8 9 10 11 12 -9 -11
right_child=1 -3 -4 -5 5 6 7 8 -10 13 -12 -13 -14 -15
leaf_value=0.014439050987897595 -0.008881266921317521 0.0040333146839274031 0.001337951993315828 -0.0054087331438126447 -0.015285334690446276 0.0044890017280940697 -0.00027158548682508222 0.0026603232016605884 0.0089917648577625096 0.0052541282805257453 -0.0028706449786527516 0.014054842485153807 -0.0019011136632956394 0.00092875299854743856
leaf_weight=53 40 50 60 51 41 42 1020 40 55 42 64 53 215 127
leaf_count=53 40 50 60 51 41 42 1020 40 55 42 64 53 215 127
internal_value=0.000435228 0.00533333 -0.001 2.77316e-05 0.000285388 -2.94291e-05 0.000301568 -6.18812e-05 0.00218121 0.000277264 -0.00268817 -0.000324675 -0.00333333 0.00680473
internal_weight=1953 150 100 1803 1752 1699 1658 1616 596 541 372 308 255 169
internal_count=1953 150 100 1803 1752 1699 1658 1616 596 541 372 308 255 169
is_linear=0
shrinkage=0.05


Tree=153
num_leaves=15
num_cat=0
split_feature=1 1 3 8 6 6 7 5 8 8 4 4 3 0
split_gain=1.34795 2.12699 1.47551 3.46714 1.8992 2.10582 1.98478 5.81464 4.73741 8.32987 3.2043 6.47026 4.71286 4.41919
threshold=0.99466160899732492 0.98521098335796142 0.10300000000000001 -1.1449999999999998 16.377500000000005 15.604500000000002 605.77650000000006 9.6600000000000019 -1.5174999999999998 -1.2974999999999997 17.182000000000002 15.482000000000001 25.999500000000001 12.416500000000001
decision_type=2 2 2 2 2 2 2 2 2 2 2 2 2 2
left_child=1 2 3 -1 5 6 10 -8 -9 -10 11 -4 -12 -13
right_child=-2 -3 4 -5 -6 -7 7 8 9 -11 12 13 -14 -15
leaf_value=0.0040603720107754981 -0.00063328425446261831 0.010527924190968993 5.9782333145183381e-05 -0.0010175898617458656 -0.0076090608969750896 0.0017608989679352622 -0.011491309916130163 0.0027781256667077942 -0.024357468831298364 -0.00010679521874997211 0.0078630917503996114 0.00073329844348579004 -0.00062225268435376355 0.016957185833289472
leaf_weight=49 72 48 580 65 48 78 62 60 40 294 41 49 427 40
leaf_count=49 72 48 580 65 48 78 62 60 40 294 41 49 427 40
internal_value=-0.000230415 2.65816e-05 -0.000245499 0.00526316 -0.00061082 -0.000329144 -0.000721908 -0.00350877 -0.00126904 -0.00359281 0.000395778 0.00261584 -0.00277778 0.0151685
internal_weight=1953 1881 1833 114 1719 1671 1593 456 394 334 1137 669 468 89
internal_count=1953 1881 1833 114 1719 1671 1593 456 394 334 1137 669 468 89
is_linear=0
shrinkage=0.05


Tree=154
num_leaves=15
num_cat=0
split_feature=6 0 8 8 4 0 6 3 1 0 7 0 4 6
split_gain=1.93846 5.08255 4.95765 1.62397 4.72875 3.79244 3.655 6.15281 3.30952 4.37094 5.76017 5.37695 5.15032 3.25944
threshold=15.604500000000002 25.152500000000003 -1.1449999999999998 -1.0674999999999997 4.8370000000000006 6.5215000000000005 5.6865000000000014 27.797000000000001 0.97505550290239451 18.209500000000002 598.8180000000001 15.449000000000002 11.162500000000001 9.8115000000000023
decision_type=2 2 2 2 2 2 2 2 2 2 2 2 2 2
left_child=3 -2 -3 5 -5 -1 7 -6 9 11 -11 -7 -12 -8
right_child=1 2 -4 4 6 8 13 -9 -10 10 12 -13 -14 -15
leaf_value=-0.0011076717063568471 0.0019440221238889639 0.003035491012383762 -0.0067391849357723108 0.003545449038383908 -0.0017763351021008345 0.00016637219226598029 -0.00096671036865857434 0.015518744283087882 -0.003562195325547704 -0.012995097961718211 -0.012479781299736988 0.022535074490005122 0.0021254687116870562 0.00023115351535215602
leaf_weight=50 48 58 44 47 40 193 353 49 52 48 58 56 80 777
leaf_count=50 48 58 44 47 40 193 353 49 52 48 58 56 80 777
internal_value=-0.000128008 0.00533333 -0.000980392 -0.000582363 0.000394945 -0.00288641 -0.000205086 0.00955056 -0.00154004 -0.000114943 -0.00591398 0.00421687 -0.000724638 -0.000973451
internal_weight=1953 150 102 1803 1266 537 1219 89 487 435 186 249 138 1130
internal_count=1953 150 102 1803 1266 537 1219 89 487 435 186 249 138 1130
is_linear=0
shrinkage=0.05


Tree=155
num_leaves=15
num_cat=0
split_feature=6 0 5 8 6 8 0 2 2 2 2 2 7 3
split_gain=2.16345 4.59 3.30348 1.85079 3.90323 2.16912 2.17563 2.28303 2.73425 2.437 1.93046 4.74524 2.52529 2.90625
threshold=15.604500000000002 25.152500000000003 18.755500000000001 1.1290000000000002 10.010000000000002 0.93000000000000016 3.2095000000000007 -0.99113067767854335 -0.97218766834954651 -0.94418750883419933 0.83399694777620859 0.78298010367706283 56.58700000000001 97.169000000000011
decision_type=2 2 2 2 2 2 2 2 2 2 2 2 2 2
left_child=3 -2 -3 5 -5 6 -1 -8 -9 -10 11 -11 -12 -14
right_child=1 2 -4 4 -6 -7 7 8 9 10 12 -13 13 -15
leaf_value=0.0020600388105063427 0.001846821017694518 -0.027449545858753643 0.0017309004061728417 -0.00039493836313131349 0.0023678017445060307 -0.0023864928725483821 0.010511824836851419 -0.018020447503097597 0.0044473399026648767 -0.00012339848376874407 0.0013520262146894974 0.010212729662652435 -0.0013796337517578154 -0.0057429169798542453
leaf_weight=41 48 41 61 62 62 42 52 46 48 1159 49 44 123 75
leaf_count=41 48 41 61 62 62 42 52 46 48 1159 49 44 123 75
internal_value=0.000230415 0.006 0 -0.000249584 0.00564516 -0.000684932 -0.000397068 -0.000689223 -0.00103627 -0.000667557 -0.00103448 -0.000207814 -0.00506073 -0.00757576
internal_weight=1953 150 102 1803 124 1679 1637 1596 1544 1498 1450 1203 247 198
internal_count=1953 150 102 1803 124 1679 1637 1596 1544 1498 1450 1203 247 198
is_linear=0
shrinkage=0.05


Tree=156
num_leaves=15
num_cat=0
split_feature=6 0 5 8 1 1 4 1 3 8 7 0 7 4
split_gain=2.24093 4.59 3.30348 1.58409 3.60117 5.16443 4.76947 4.00196 3.96338 4.2507 3.53885 3.95721 3.48812 3.32847
threshold=15.604500000000002 25.152500000000003 18.755500000000001 -0.31249999999999994 0.99466160899732492 0.84680012758268375 19.707000000000004 0.73465119469809237 99.881000000000014 -1.1284999999999996 754.15300000000013 20.298000000000005 546.08100000000013 7.9675000000000002
decision_type=2 2 2 2 2 2 2 2 2 2 2 2 2 2
left_child=3 -2 -3 4 5 7 8 13 9 -7 11 12 -5 -1
right_child=1 2 -4 10 -6 6 -8 -9 -10 -11 -12 -13 -14 -15
leaf_value=0.0018857565132070653 0.0017544799668097926 -0.026077068565815965 0.0016443553858642046 0.00027853236476401284 -0.0014368511894996079 0.021274402603078515 -0.0026305861268098884 -0.0052452022120975444 0.023620775591759877 -0.00057035622423279796 -0.0026302809867074363 0.0071333897664603938 -0.0015649884527173267 -0.00051886115452642878
leaf_weight=125 48 41 61 503 46 48 45 79 42 58 47 62 71 677
leaf_count=125 48 41 61 503 46 48 45 79 42 58 47 62 71 677
internal_value=0.000128008 0.006 0 -0.00036051 -0.00151786 -0.000931099 0.00647668 -0.00255392 0.0108108 0.00566038 0.00153734 0.00251572 0.00121951 -0.00149626
internal_weight=1953 150 102 1803 1120 1074 193 881 148 106 683 636 574 802
internal_count=1953 150 102 1803 1120 1074 193 881 148 106 683 636 574 802
is_linear=0
shrinkage=0.05


Tree=157
num_leaves=15
num_cat=0
split_feature=5 1 0 4 1 0 8 1 7 3 5 8 2 7
split_gain=2.0323 4.03412 5.15804 4.93816 2.84242 5.6448 2.61364 4.66204 4.05654 4.41455 5.5842 4.5023 6.76682 6.55813
threshold=15.097500000000002 0.098678873477280007 28.361500000000003 14.123500000000002 -0.97873101657557338 17.981500000000004 -0.31249999999999994 0.99351875964795655 754.15300000000013 51.808000000000007 5.9215000000000009 0.32500000000000007 0.83399694777620859 183.22450000000001
decision_type=2 2 2 2 2 2 2 2 2 2 2 2 2 2
left_child=4 2 3 -2 5 -1 7 -6 9 10 -8 12 13 -11
right_child=1 -3 -4 -5 6 -7 8 -9 -10 11 -12 -13 -14 -15
leaf_value=5.7058233108968348e-05 0.0046494874258037003 0.009980451435341554 -0.0079292015369428759 -0.00073569207003667538 -0.00022675897282573021 -0.027910765728267097 -0.0070988668196775191 -0.0013650086300246265 -0.0024987669373720644 0.019846846879062435 0.0063744568544905032 -0.00043910180785331014 -0.0068994397008237509 0.0036789497050918581
leaf_weight=61 70 51 74 43 924 41 45 46 45 44 94 240 44 131
leaf_count=61 70 51 74 43 924 41 45 46 45 44 94 240 44 131
internal_value=-0.000128008 0.00420168 0.000802139 0.00752212 -0.000728863 -0.00882353 -0.000216987 -0.00185567 0.00225505 0.00334448 0.0111511 0.000980392 0.00616438 0.0105714
internal_weight=1953 238 187 113 1715 102 1613 970 643 598 139 459 219 175
internal_count=1953 238 187 113 1715 102 1613 970 643 598 139 459 219 175
is_linear=0
shrinkage=0.05


Tree=158
num_leaves=15
num_cat=0
split_feature=3 8 6 6 8 2 8 4 7 7 0 0 4 5
split_gain=1.99948 3.80537 3.57348 6.07153 3.67651 3.61243 3.99201 5.44137 2.79945 4.07347 2.69976 5.68006 3.38916 5.57472
threshold=47.907000000000004 0.63650000000000018 10.693000000000003 9.679000000000002 -1.2664999999999997 0.14347198451036616 -0.44449999999999995 17.015500000000003 787.58750000000009 871.29650000000004 3.9720000000000004 5.5995000000000008 6.5825000000000005 9.3975000000000026
decision_type=2 2 2 2 2 2 2 2 2 2 2 2 2 2
left_child=1 2 3 4 -1 6 7 8 -4 -10 -2 -12 13 -13
right_child=10 -3 5 -5 -6 -7 -8 -9 9 -11 11 12 -14 -15
leaf_value=0.0027789616875044001 -0.017420222708523392 0.0023572035371782099 0.0025582868312750365 -0.011811132871329686 -0.0052761123693588598 0.0061551663790947522 -0.0035520661417942747 0.0085307535675515529 -0.0069627083059106759 0.001321961866905641 0.008060318000261869 -0.0032232894743347788 -0.0004561334932982775 0.00457127375109597
leaf_weight=47 44 49 74 42 130 67 73 71 78 63 40 43 1081 51
leaf_count=47 44 49 74 42 130 67 73 71 78 63 40 43 1081 51
internal_value=-0.000281618 0.0018732 0.000852713 -0.0043379 -0.000282486 0.00352113 0.00153203 0.0041958 0.000232558 -0.00390071 -0.00146942 -0.00102881 -0.00165957 0.00744681
internal_weight=1953 694 645 219 177 426 359 286 215 141 1259 1215 1175 94
internal_count=1953 694 645 219 177 426 359 286 215 141 1259 1215 1175 94
is_linear=0
shrinkage=0.05


Tree=159
num_leaves=15
num_cat=0
split_feature=3 8 5 5 0 4 0 0 8 0 0 2 7 7
split_gain=1.63745 2.73693 2.66637 6.1275 5.2377 4.65998 3.57828 5.59976 4.75012 4.29874 3.59459 3.32864 4.11154 7.05867
threshold=47.907000000000004 0.63650000000000018 5.7020000000000008 5.3240000000000007 7.1605000000000008 6.4960000000000013 20.003500000000006 16.811500000000006 -0.8374999999999998 15.449000000000002 21.827500000000004 -0.82681243101696389 166.19350000000003 101.92900000000002
decision_type=2 2 2 2 2 2 2 2 2 2 2 2 2 2
left_child=1 -1 3 4 -2 -4 7 9 -9 -7 -8 -6 13 -13
right_child=2 -3 5 -5 11 6 10 8 -10 -11 -12 12 -14 -15
leaf_value=0.00030416438074689636 0.0031524431987574597 0.0022393433603193013 0.0026249435428514962 0.018224622586609368 0.020981438807504599 -0.0008968183189227611 0.0049497137475785838 -0.021811502524636549 -0.004028353986802311 0.013624668475380254 -0.0028510814635054672 -0.0017037890444187818 -0.0075861886132218689 0.013765514705595505
leaf_weight=645 98 49 69 43 49 271 68 44 62 60 198 154 98 45
leaf_count=645 98 49 69 43 49 271 68 44 62 60 198 154 98 45
internal_value=-7.68049e-05 0.0018732 -0.00115171 0.00174538 0 -0.00297927 -0.0041963 -0.00697941 -0.0169811 -0.00377644 0.00037594 -0.00289017 -0.00488215 -0.000753769
internal_weight=1953 694 1259 487 444 772 703 437 106 331 266 346 297 199
internal_count=1953 694 1259 487 444 772 703 437 106 331 266 346 297 199
is_linear=0
shrinkage=0.05


Tree=160
num_leaves=15
num_cat=0
split_feature=3 3 3 2 4 7 5 5 6 5 5 1 4 4
split_gain=1.74101 2.77003 7.31729 5.7325 7.87068 4.60056 5.62502 4.53854 3.49048 2.8361 4.25778 2.71796 2.54632 6.58388
threshold=47.907000000000004 22.285500000000003 15.646500000000001 -0.31473592273745027 13.590500000000002 280.23400000000009 9.2585000000000015 10.634500000000001 7.9850000000000003 12.283500000000002 13.489500000000001 -0.47813486327663873 16.918500000000005 15.599500000000001
decision_type=2 2 2 2 2 2 2 2 2 2 2 2 2 2
left_child=1 2 5 -3 -5 -1 8 -8 -7 -9 -11 -12 13 -2
right_child=12 3 -4 4 -6 6 7 9 -10 10 11 -13 -14 -15
leaf_value=0.0080373929389537333 -0.00022100950920195229 -0.0043567294360900722 -0.0051388100772681473 0.015490174256702292 0.00036210368845599264 -0.030196708200440583 0.014048368538156095 -0.0043238257538738721 -0.0022793505384797845 0.0046900647340416797 0.0021163718337378124 -0.0010315596675811057 -0.00057571438625682043 0.011210816390372726
leaf_weight=48 644 74 55 40 46 42 44 71 43 41 78 112 539 76
leaf_count=48 644 74 55 40 46 42 44 71 43 41 78 112 539 76
internal_value=-0.000281618 0.00172911 0 0.0075 0.0162791 0.0019833 0.000348028 0.00317919 -0.0111765 0.000993377 0.00367965 0.000526316 -0.00138999 0.000555556
internal_weight=1953 694 534 160 86 479 431 346 85 302 231 190 1259 720
internal_count=1953 694 534 160 86 479 431 346 85 302 231 190 1259 720
is_linear=0
shrinkage=0.05


Tree=161
num_leaves=15
num_cat=0
split_feature=3 8 6 0 5 4 5 4 5 8 4 8 0 1
split_gain=2.27583 3.72417 3.11236 2.96782 7.57839 6.30545 3.496 3.35976 5.97236 3.57911 5.44806 2.73347 2.59722 4.19383
threshold=47.907000000000004 0.63650000000000018 2.6270000000000002 13.260500000000002 9.724000000000002 8.4875000000000025 6.8800000000000008 9.5545000000000027 11.012500000000001 -1.1539999999999997 13.906000000000002 -1.0674999999999997 19.755500000000005 0.39702209115386683
decision_type=2 2 2 2 2 2 2 2 2 2 2 2 2 2
left_child=1 2 -1 5 -5 -4 -7 11 -9 10 -10 -6 -2 -14
right_child=12 -3 3 4 7 6 -8 8 9 -11 -12 -13 13 -15
leaf_value=-0.019367632961725886 -0.0005104118041187295 0.0019821562358604606 0.019130275323773607 -0.036285103660279226 -0.0067059588661968596 -0.0039064398847389967 0.00099733530513671453 0.013080173829106787 0.019300629571686337 -0.00065277178355559466 -0.00022446960392960016 0.0003110719778569263 3.7702125479016635e-05 0.0082595026896261723
leaf_weight=40 942 49 40 60 43 42 68 51 41 153 55 52 277 40
leaf_count=40 942 49 40 60 43 42 68 51 41 153 55 52 277 40
internal_value=-0.000281618 0.00201729 0.00100775 0.00190083 -0.00010989 0.008 0.00181818 0.00240506 0.005 0.00180723 0.009375 -0.00578947 -0.00154885 0.00236593
internal_weight=1953 694 645 605 455 150 110 395 300 249 96 95 1259 317
internal_count=1953 694 645 605 455 150 110 395 300 249 96 95 1259 317
is_linear=0
shrinkage=0.05


Tree=162
num_leaves=15
num_cat=0
split_feature=3 8 6 6 2 8 4 7 2 3 2 0 7 5
split_gain=2.11375 3.88745 2.78091 4.78125 4.27759 3.67651 3.56713 6.92182 4.34336 3.84 2.3273 6.12425 6.12095 6.85941
threshold=47.907000000000004 0.63650000000000018 10.693000000000003 9.679000000000002 -0.31473592273745027 -1.2664999999999997 11.162500000000001 845.78650000000005 -0.92449049203901279 6.2660000000000009 -0.78621243120361772 23.233500000000003 580.01100000000008 11.7705
decision_type=2 2 2 2 2 2 2 2 2 2 2 2 2 2
left_child=1 2 3 5 6 -1 9 -8 -9 -4 -2 12 -12 -14
right_child=10 -3 4 -5 -6 -7 7 8 -10 -11 11 -13 13 -15
leaf_value=0.0028186783193430154 0.00033156123796077578 0.001883048424067435 -7.1080855514485402e-05 -0.011608431385994168 0.0048614312039364747 -0.004854310462645086 -0.0011611187264315094 0.0010922616048087087 0.013241649699275011 -0.012627518013763489 -0.00024345235577779569 0.0038098660524691743 -0.011014753947249932 -0.00048587258535327528
leaf_weight=47 269 49 60 42 134 130 99 52 41 40 773 70 84 63
leaf_count=47 269 49 60 42 134 130 99 52 41 40 773 70 84 63
internal_value=-0.000486431 0.00172911 0.000697674 -0.00388128 0.00305164 -0.000282486 -0.000342466 0.00364583 0.0134409 -0.008 -0.0017077 -0.00282828 -0.00391304 -0.0132653
internal_weight=1953 694 645 219 426 177 292 192 93 100 1259 990 920 147
internal_count=1953 694 645 219 426 177 292 192 93 100 1259 990 920 147
is_linear=0
shrinkage=0.05


Tree=163
num_leaves=15
num_cat=0
split_feature=0 0 0 7 5 4 4 0 6 4 8 0 8 4
split_gain=1.83166 5.02438 3.7333 2.60103 9.41158 3.29768 7.62142 5.23951 3.01579 5.26874 3.57143 4.70234 5.59667 4.2916
threshold=20.408500000000004 21.827500000000004 22.466000000000005 574.6065000000001 9.6600000000000019 9.9095000000000013 12.917500000000002 16.005500000000005 9.8620000000000019 9.2045000000000012 -0.44449999999999995 10.105500000000001 0.11850000000000001 19.884500000000006
decision_type=2 2 2 2 2 2 2 2 2 2 2 2 2 2
left_child=3 -2 -3 8 -5 -6 -7 -8 -1 -10 -11 -12 -13 -14
right_child=1 2 -4 4 5 6 7 -9 9 10 11 12 13 -15
leaf_value=-0.00027778922279368955 0.0062931193547209113 -0.0097943080796510217 0.00028354161534790978 -0.0062493083989121692 -0.0051431408050690054 0.014116896986002575 -0.001662258244724485 0.003161680797632033 0.022713951372438479 -0.0012103231264884292 0.0071495562963207254 0.0081731210915303287 -0.0047232747896807275 0.00020648309454356919
leaf_weight=645 91 49 413 60 53 46 69 76 55 154 79 56 52 55
leaf_count=645 91 49 413 60 53 46 69 76 55 154 79 56 52 55
internal_value=-0.000537634 0.00189873 -0.00021645 -0.0015 -0.00559211 -0.00122951 0.00183246 -0.0037931 -0.000364964 0.00277162 0.000757576 0.00454545 -0.000306748 -0.00700935
internal_weight=1953 553 462 1400 304 244 191 145 1096 451 396 242 163 107
internal_count=1953 553 462 1400 304 244 191 145 1096 451 396 242 163 107
is_linear=0
shrinkage=0.05


Tree=164
num_leaves=15
num_cat=0
split_feature=3 6 2 7 0 4 5 0 7 0 8 0 1 5
split_gain=3.17461 3.5879 4.13528 7.31108 4.72215 3.99678 6.05006 9.5186 4.03845 3.86006 3.35266 3.16875 2.93659 2.84444
threshold=59.124000000000009 2.2705000000000006 0.14347198451036616 369.13100000000003 16.005500000000005 11.162500000000001 12.062500000000002 26.575500000000002 855.13200000000018 9.0895000000000028 -1.1539999999999997 14.410500000000001 -0.74981945761428193 13.146000000000003
decision_type=2 2 2 2 2 2 2 2 2 2 2 2 2 2
left_child=1 -1 4 9 -3 6 -6 -8 10 -4 -7 -5 -12 -10
right_child=-2 2 3 11 5 8 7 -9 13 -11 12 -13 -14 -15
leaf_value=-0.018142646329367639 -0.00025825834418968102 -0.0029374329160414946 0.0058008287770996095 0.0061951316547932019 -0.012791139986251438 0.0079831423298678383 0.0028302742021523611 -0.005619262148091231 0.016980760800121324 -0.011043951129531372 -0.011977792059185435 0.00086661463658643735 0.00067241027339829122 0.0011638379159931822
leaf_weight=40 1204 64 75 80 41 50 58 48 45 43 44 48 68 45
leaf_count=40 1204 64 75 80 41 50 58 48 45 43 44 48 68 45
internal_value=-0.000486431 0.00206943 0.0028914 0.00813008 0.000107991 0.00213033 -0.00442177 0.00188679 0.00595238 -0.000847458 0.00123457 0.0164063 -0.00357143 0.0144444
internal_weight=1953 749 709 246 463 399 147 106 252 118 162 128 112 90
internal_count=1953 749 709 246 463 399 147 106 252 118 162 128 112 90
is_linear=0
shrinkage=0.05


Tree=165
num_leaves=15
num_cat=0
split_feature=3 6 2 0 5 0 2 3 3 3 8 0 2 4
split_gain=2.66111 3.45158 7.62477 5.43248 4.28947 4.09091 3.05823 2.64652 4.96903 5.37479 3.45206 4.10467 8.4227 10.8374
threshold=59.124000000000009 10.693000000000003 0.14347198451036616 14.244000000000002 6.9490000000000007 7.2380000000000004 0.43802537080760273 70.073000000000008 77.223000000000013 84.010500000000022 -0.53349999999999997 8.2215000000000007 0.32694223331140743 16.368500000000004
decision_type=2 2 2 2 2 2 2 2 2 2 2 2 2 2
left_child=1 3 -3 4 5 -1 -4 -2 -9 -10 -11 -12 -13 -14
right_child=7 2 6 -5 -6 -7 -8 8 9 10 11 12 13 -15
leaf_value=-0.0085023732254436764 -0.0052215318351492429 0.00021086510761288287 0.015394440587792813 -0.023541718692288261 0.0026303951838051749 0.0054704871488598225 0.00097626818221408721 0.015528734279957507 -0.017337318271935694 -0.00033315305052053772 0.0070483196235394995 0.0029421453828110595 -0.010080185085541194 0.00020150005138166104
leaf_weight=55 70 408 40 80 68 44 54 50 60 523 95 269 65 72
leaf_count=55 70 408 40 80 68 44 54 50 60 523 95 269 65 72
internal_value=-0.000537634 0.0018024 0.00418327 -0.00303644 0.00209581 -0.00454545 0.0170213 -0.00199336 -0.00141093 -0.00212177 -0.00126953 0.00169661 -0.000492611 -0.0105839
internal_weight=1953 749 502 247 167 99 94 1204 1134 1084 1024 501 406 137
internal_count=1953 749 502 247 167 99 94 1204 1134 1084 1024 501 406 137
is_linear=0
shrinkage=0.05


Tree=166
num_leaves=15
num_cat=0
split_feature=3 3 3 2 0 0 6 8 3 3 3 0 3 3
split_gain=3.04869 2.64652 3.76298 2.74283 4.66672 3.72024 6.27135 3.40817 3.31912 7.15945 4.02919 3.23914 2.737 4.26854
threshold=59.124000000000009 70.073000000000008 77.223000000000013 -0.95380106782931862 23.233500000000003 23.233500000000003 13.724500000000001 -0.43149999999999994 85.725500000000011 90.949500000000015 94.499000000000009 25.647500000000004 97.69250000000001 99.272500000000022
decision_type=2 2 2 2 2 2 2 2 2 2 2 2 2 2
left_child=-1 -2 -3 4 -4 6 8 -8 -5 -10 -11 -7 -12 -14
right_child=1 2 3 5 -6 11 7 -9 9 10 12 -13 13 -15
leaf_value=0.00031776635644828027 -0.0049604552433917806 0.014752297565959633 0.014261210035380702 -0.016728568846665372 -0.011654793939520175 0.0033931508937954991 -0.0085514979527893126 -0.0011403855877034131 0.02382536209068702 -0.0043422939073751417 0.0083514627758074118 -0.0095981576764581217 -0.0093489784433164243 -8.8442786163348008e-05
leaf_weight=749 70 50 62 46 48 40 73 43 44 43 56 42 58 529
leaf_count=749 70 50 62 46 48 40 73 43 44 43 56 42 58 529
internal_value=-0.000435228 -0.00199336 -0.00141093 -0.00202952 0.00545455 -0.00287474 -0.00381166 -0.0146552 -0.00219072 -0.00136986 -0.00262391 0.00731707 -0.00163297 -0.00264055
internal_weight=1953 1204 1134 1084 110 974 892 116 776 730 686 82 643 587
internal_count=1953 1204 1134 1084 110 974 892 116 776 730 686 82 643 587
is_linear=0
shrinkage=0.05


Tree=167
num_leaves=15
num_cat=0
split_feature=0 1 8 7 5 4 7 4 1 0 4 0 2 7
split_gain=2.47496 5.61113 3.62377 5.06191 5.32711 4.58811 3.95094 3.32713 5.5818 3.21039 3.01075 5.67814 2.15884 2.81894
threshold=20.003500000000006 0.65765423894015862 -1.3754999999999997 467.09150000000005 15.097500000000002 10.166500000000001 645.17200000000014 15.758000000000001 0.1837425755813806 19.292500000000004 9.850500000000002 25.647500000000004 -0.89611523788151459 708.70350000000008
decision_type=2 2 2 2 2 2 2 2 2 2 2 2 2 2
left_child=9 2 10 -4 6 -6 -5 8 -8 12 -2 -12 -1 -14
right_child=1 -3 3 4 5 -7 7 -9 -10 -11 11 -13 13 -15
leaf_value=0.013220263346335331 -0.022934196998073308 0.0075141867336133046 0.0073879628235992093 -0.01831670050244575 0.005628964462042297 0.00084131127138943054 0.00097096791714326172 0.0063856651962759282 -0.0067682984481678039 -0.010992880350576129 -0.01080333502998204 0.0036526758794273918 -3.1182234495680253e-05 -0.0013972187393248244
leaf_weight=54 42 41 56 63 47 78 77 50 41 47 48 45 1129 135
leaf_count=54 42 41 56 63 47 78 77 50 41 47 48 45 1129 135
internal_value=0.000179211 0.00289116 0.00155393 0.0038835 0.00168539 0.01 -0.00281385 0.00119048 -0.00338983 -0.000989011 -0.00555556 -0.000537634 -0.000531108 -0.000949367
internal_weight=1953 588 547 412 356 125 231 168 118 1365 135 93 1318 1264
internal_count=1953 588 547 412 356 125 231 168 118 1365 135 93 1318 1264
is_linear=0
shrinkage=0.05


Tree=168
num_leaves=15
num_cat=0
split_feature=5 4 7 2 3 7 7 3 6 5 4 4 7 4
split_gain=2.10967 3.1373 2.63334 3.50535 2.5683 9.0592 4.6703 3.50546 2.97806 2.46399 3.32926 2.81475 5.21913 3.82903
threshold=9.8410000000000029 24.203500000000002 467.09150000000005 -0.91084115863148152 59.901500000000006 369.13100000000003 280.23400000000009 15.646500000000001 12.314000000000002 10.703000000000001 14.268500000000001 18.380500000000001 742.72350000000017 17.253500000000006
decision_type=2 2 2 2 2 2 2 2 2 2 2 2 2 2
left_child=2 9 3 -1 5 6 7 -5 -6 10 -2 13 -13 -11
right_child=1 -3 -4 4 8 -7 -8 -9 -10 11 -12 12 -14 -15
leaf_value=0.020401170812332892 0.00076518246454616032 -0.0020464779442002051 -0.0016585233180997944 0.011064517456851006 -0.00020643584864875504 0.007499963023369755 -0.013777181514958764 -0.0030407168185366536 -0.0063689174526256461 0.00023425942646728706 0.011438824522374253 -4.9971317802230414e-05 0.0082405731154371331 -0.0057543400756314735
leaf_weight=53 67 48 185 46 606 48 68 42 55 541 49 52 51 42
leaf_count=53 67 48 185 46 606 48 68 42 55 541 49 52 51 42
internal_value=0.000128008 0.002 -0.0013146 -0.000217865 -0.000982659 0.00392157 -0.00192308 0.00568182 -0.00249622 0.00274314 0.00948276 0.0016035 0.0092233 0.00025729
internal_weight=1953 850 1103 918 865 204 156 88 661 802 116 686 103 583
internal_count=1953 850 1103 918 865 204 156 88 661 802 116 686 103 583
is_linear=0
shrinkage=0.05


Tree=169
num_leaves=15
num_cat=0
split_feature=6 6 5 1 4 1 6 5 1 3 5 6 0 1
split_gain=2.42817 4.4725 4.34424 5.29572 5.11435 5.08808 4.8006 4.06366 3.48724 2.94601 5.34545 2.86788 2.81043 3.43968
threshold=9.8620000000000019 9.1990000000000016 4.676000000000001 0.76588452941357155 7.9675000000000002 0.2174230999111143 5.7965000000000009 4.0885000000000007 0.45914483320598681 15.865 10.634500000000001 13.479500000000002 13.474000000000002 -0.27609441636666104
decision_type=2 2 2 2 2 2 2 2 2 2 2 2 2 2
left_child=1 2 7 4 -4 6 -6 12 -3 10 -2 -12 13 -1
right_child=9 8 3 -5 5 -7 -8 -9 -10 -11 11 -13 -14 -15
leaf_value=0.00094213324256478689 0.0098412776788419261 -0.0076014209292079946 0.002335232333609698 0.0070977274451003887 0.0027625022275326455 -0.018675389322320209 -0.0051198244817626699 0.0080247892694042481 -4.1357010171155785e-05 -9.8786692907474466e-06 -0.0015447420364155058 0.0010294603426942162 0.010305322311373382 -0.0021266930600145925
leaf_weight=71 66 67 58 50 48 58 85 41 40 917 75 189 50 138
leaf_count=71 66 67 58 50 48 58 85 41 40 917 75 189 50 138
internal_value=7.68049e-05 -0.00226629 -0.000584307 -0.0048495 -0.00783133 -0.0117801 -0.00639098 0.00366667 -0.0116822 0.00140337 0.00545455 0.00227273 0.00135135 -0.00119617
internal_weight=1953 706 599 299 249 191 133 300 107 1247 330 264 259 209
internal_count=1953 706 599 299 249 191 133 300 107 1247 330 264 259 209
is_linear=0
shrinkage=0.05


Tree=170
num_leaves=15
num_cat=0
split_feature=8 8 8 4 0 7 2 4 3 6 6 3 0 1
split_gain=2.19571 5.60841 4.54609 5.33964 4.83133 5.23793 4.71658 4.66134 3.72848 3.55612 6.72792 3.4557 2.7973 2.58496
threshold=-0.67799999999999994 -0.90149999999999986 -0.37649999999999995 8.600500000000002 20.298000000000005 546.08100000000013 -0.81202266594587924 11.704000000000002 85.07350000000001 9.8115000000000023 14.794000000000002 37.978500000000004 22.119000000000003 0.59055600833485278
decision_type=2 2 2 2 2 2 2 2 2 2 2 2 2 2
left_child=1 -1 3 -2 5 13 -5 -8 -7 -3 -11 -9 -6 -4
right_child=2 9 4 6 12 8 7 11 -10 10 -12 -13 -14 -15
leaf_value=9.7872468877380228e-06 0.0035964848746545502 -7.4450340962866496e-05 -0.00021994422448037843 0.00066816889939030346 0.0094237068503624961 -0.0033092722682228613 -0.0083916490862639363 0.0008648626952550948 0.00041628253410839621 0.0084569343483947238 -0.00013070489042036823 -0.0093940774376515442 0.00021113516194703138 0.0017674626412425621
leaf_weight=743 46 66 373 55 41 59 42 42 42 87 47 86 70 154
leaf_count=743 46 66 373 55 41 59 42 42 42 87 47 86 70 154
internal_value=0.000332821 0.00206787 -0.00128713 -0.00682657 0.000744249 -0.000955414 -0.01 -0.0141176 -0.0113861 0.0095 0.0141791 -0.009375 0.0103604 0.00104364
internal_weight=1953 943 1010 271 739 628 225 170 101 200 134 128 111 527
internal_count=1953 943 1010 271 739 628 225 170 101 200 134 128 111 527
is_linear=0
shrinkage=0.05


Tree=171
num_leaves=15
num_cat=0
split_feature=1 8 2 0 4 6 7 6 1 8 8 1 6 6
split_gain=2.04841 5.85794 3.56385 4.34525 3.97911 3.77317 3.44102 4.85931 3.42002 4.84124 3.57839 6.48607 2.87223 3.68182
threshold=-0.62132811513414532 1.8300000000000003 0.54277338749235304 10.758500000000002 16.368500000000004 12.749000000000001 305.05100000000004 11.928000000000003 -0.53735068276495002 -2.1709999999999998 -1.5609999999999997 0.23416947364604893 4.3910000000000009 2.0695000000000001
decision_type=2 2 2 2 2 2 2 2 2 2 2 2 2 2
left_child=2 8 4 -4 6 -6 -1 -8 -2 -10 11 -11 13 -12
right_child=1 -3 3 -5 5 -7 7 -9 9 10 12 -13 -14 -15
leaf_value=0.011614013045192124 0.0034224887160181957 -0.0009298297842309345 0.00048582386798968309 -0.0051720413525648519 0.00013093649219991232 -0.0038440662260482428 -0.0040446591184678197 0.0025177080595901544 0.0057252212246118039 -0.024222886334968632 -0.0016629589112389155 0.0008166626280081829 9.2581393384774151e-05 0.0059492390192478319
leaf_weight=49 58 40 41 54 90 67 95 128 58 44 44 61 1080 44
leaf_count=49 58 40 41 54 90 67 95 128 58 44 44 61 1080 44
internal_value=0.000384025 0.00136459 -0.00229008 -0.0110526 -0.00034965 -0.0066879 0.00330882 0.000672646 0.00190785 0.00138993 0.000746269 -0.00809524 0.0015411 0.0102273
internal_weight=1953 1429 524 95 429 157 272 223 1389 1331 1273 105 1168 88
internal_count=1953 1429 524 95 429 157 272 223 1389 1331 1273 105 1168 88
is_linear=0
shrinkage=0.05


Tree=172
num_leaves=15
num_cat=0
split_feature=8 1 8 2 2 4 8 0 5 0 8 1 6 8
split_gain=1.94989 1.73941 6.41809 3.95755 9.24416 5.23465 6.45762 4.27255 3.77498 3.38029 2.35058 5.48554 6.14951 2.24187
threshold=1.9875000000000003 -0.62132811513414532 0.65650000000000019 0.46866798009266125 0.31064877563037102 16.368500000000004 -0.30049999999999993 11.413000000000002 11.931000000000003 25.845000000000002 0.65650000000000019 -1.0000000180025095e-35 10.832000000000003 -2.1709999999999998
decision_type=2 2 2 2 2 2 2 2 2 2 2 2 2 2
left_child=1 2 3 4 5 6 8 -5 -1 -10 13 -12 -13 -3
right_child=-2 10 -4 7 -6 -7 -8 -9 9 -11 11 12 -14 -15
leaf_value=-0.014589620825278161 -0.0005767177438487759 0.0031549355109497359 -0.011080851206293197 0.00046153267459019893 0.0050245602286480562 -0.0036269520316203731 0.017962723976425506 -0.0096009651811895802 0.0063599114946250425 -0.014355090839001395 0.012079182174366843 -0.0044611860653453886 0.0097030600005434953 6.0916743441408185e-05
leaf_weight=65 47 65 41 41 40 100 42 61 71 51 41 49 52 1187
leaf_count=65 47 65 41 41 40 100 42 61 71 51 41 49 52 1187
internal_value=0.000486431 0.000734523 -0.00175781 -0.000106157 0.00230352 -0.000455927 0.00371179 -0.00882353 -0.00026738 0.00491803 0.00164993 0.00774648 0.00148515 0.000958466
internal_weight=1953 1906 512 471 369 329 229 102 187 122 1394 142 101 1252
internal_count=1953 1906 512 471 369 329 229 102 187 122 1394 142 101 1252
is_linear=0
shrinkage=0.05


Tree=173
num_leaves=15
num_cat=0
split_feature=2 6 4 4 5 3 2 1 3 5 3 6 1 2
split_gain=2.3904 4.03955 4.54487 4.53277 6.37165 7.65893 4.02213 8.49615 3.80546 2.67484 4.14849 4.06266 7.42235 3.9436
threshold=0.80444483470750872 5.3005000000000004 10.977500000000001 19.964500000000005 3.7130000000000005 81.697000000000017 0.69017338824297181 -0.62132811513414532 99.844500000000011 9.8080000000000016 86.303000000000011 11.024500000000002 0.77952989095276826 -0.91084115863148152
decision_type=2 2 2 2 2 2 2 2 2 2 2 2 2 2
left_child=6 2 -2 4 -3 -6 9 -8 -5 10 11 -1 -13 -12
right_child=1 3 -4 8 5 -7 7 -9 -10 -11 13 12 -14 -15
leaf_value=-0.030823770646347962 -0.0095995881209689059 0.004138855242896815 0.0098842242044664321 -0.00040104153726550421 0.0016999596194489201 -0.030011398452855921 -0.0010093360854707325 0.0089210938637743157 -0.0009369989675749508 0.00045246510926349461 0.012836571564498966 0.0014137742226047302 -0.0031195545174261853 -0.00012325174342669998
leaf_weight=71 51 57 65 40 56 52 40 64 46 840 59 77 52 383
leaf_count=71 51 57 65 40 56 52 40 64 46 840 59 77 52 383
internal_value=0.000230415 -0.00340599 0.00431034 -0.00697211 -0.00212121 -0.00925926 0.00107188 0.0105769 -0.0162791 0.000404858 -0.00202492 -0.008 -0.00271318 0.000678733
internal_weight=1953 367 116 251 165 108 1586 104 86 1482 642 200 129 442
internal_count=1953 367 116 251 165 108 1586 104 86 1482 642 200 129 442
is_linear=0
shrinkage=0.05


Tree=174
num_leaves=15
num_cat=0
split_feature=5 2 5 2 7 7 5 5 0 8 4 8 8 8
split_gain=2.38317 3.8007 3.76902 3.53058 3.51418 5.17915 2.67499 3.21484 5.79536 4.68368 4.88613 4.49972 6.31508 6.65271
threshold=9.8410000000000029 -0.9951106240145321 8.2490000000000006 -0.91084115863148152 354.33600000000007 454.5560000000001 10.257500000000002 15.097500000000002 14.244000000000002 -1.5489999999999997 14.123500000000002 -1.4954999999999998 -0.96799999999999986 -0.67349999999999988
decision_type=2 2 2 2 2 2 2 2 2 2 2 2 2 2
left_child=2 -2 3 -1 -4 -6 -3 8 -8 -9 -11 -10 -13 -14
right_child=1 6 4 -5 5 -7 7 9 11 10 -12 12 13 -15
leaf_value=0.012570952684370718 -0.011084858104355173 0.0097550917821222997 -0.0093378985850682827 -0.00010503420614859927 0.011615693872168825 -0.0027666697677211564 0.00074404150738501202 -0.00076467230798590033 0.002062953050416694 0.0085415296530064189 -3.9866176721370387e-05 -0.010511098309454753 0.0010634964137925945 -0.0014798496319886377
leaf_weight=60 47 62 41 849 43 110 104 52 58 108 53 115 85 166
leaf_count=60 47 62 41 849 43 110 104 52 58 108 53 115 85 166
internal_value=0.000128008 0.00211765 -0.00140526 -5.50055e-05 -0.00773196 -0.00424837 0.00292653 0.00209177 0 0.007277 0.0114907 -0.00259434 -0.00464481 -0.000199203
internal_weight=1953 850 1103 909 194 153 803 741 528 213 161 424 366 251
internal_count=1953 850 1103 909 194 153 803 741 528 213 161 424 366 251
is_linear=0
shrinkage=0.05


Tree=175
num_leaves=15
num_cat=0
split_feature=8 8 8 4 1 6 6 0 4 0 0 7 3 1
split_gain=2.34622 5.29288 3.04213 4.60518 4.32538 2.74245 5.85506 2.71857 3.11565 2.69653 4.44518 3.56872 3.99556 2.7681
threshold=-0.67799999999999994 -0.90149999999999986 -0.37649999999999995 8.600500000000002 -0.69016699705532203 14.794000000000002 9.8115000000000023 11.658000000000003 14.7125 20.298000000000005 22.119000000000003 546.08100000000013 85.07350000000001 0.59055600833485278
decision_type=2 2 2 2 2 2 2 2 2 2 2 2 2 2
left_child=1 -1 3 -2 -5 6 -3 -6 -9 11 -11 13 -13 -4
right_child=2 5 9 4 7 -7 -8 8 -10 10 -12 12 -14 -15
leaf_value=4.1412363149079258e-05 0.0028749030767558441 0.00014200790707990241 -0.00027387544065931788 -0.012230456445829353 -0.0070119334875177394 -0.00020764262889346396 0.0079466664534686652 -0.0033573921068455778 0.00072630855534997494 0.0091672503680407923 1.2854252852886884e-05 -0.0036618614062223168 0.00060719714546904899 0.0014233563892109614
leaf_weight=743 46 66 373 44 49 47 87 62 70 41 70 59 42 154
leaf_count=743 46 66 373 44 49 47 87 62 70 41 70 59 42 154
internal_value=0.000486431 0.00227996 -0.00118812 -0.00571956 -0.00866667 0.0095 0.0127451 -0.00524862 -0.00151515 0.000473613 0.00765766 -0.000796178 -0.00940594 0.00085389
internal_weight=1953 943 1010 271 225 200 153 181 132 739 111 628 101 527
internal_count=1953 943 1010 271 225 200 153 181 132 739 111 628 101 527
is_linear=0
shrinkage=0.05


Tree=176
num_leaves=15
num_cat=0
split_feature=8 1 6 1 1 8 2 0 0 4 1 0 1 6
split_gain=1.94989 2.75818 2.8424 2.09175 2.30499 3.24873 2.94041 5.03146 4.07524 3.26871 2.93201 3.6796 2.62561 3.32639
threshold=1.9875000000000003 -0.98211651112579568 11.227500000000001 -0.96683886033945943 -0.62132811513414532 0.43400000000000005 0.46866798009266125 21.827500000000004 24.158000000000005 17.418000000000003 -0.47813486327663873 10.503500000000001 -0.40542197401079716 16.432500000000005
decision_type=2 2 2 2 2 2 2 2 2 2 2 2 2 2
left_child=1 2 -1 -3 5 6 7 -5 -9 -8 11 -6 -12 -14
right_child=-2 3 -4 4 10 -7 9 8 -10 -11 12 -13 13 -15
leaf_value=-0.0040948542361529342 -0.00067658488938237009 0.015102194947924225 0.00036863538806807265 0.0018843220885415791 -1.464323330818973e-05 -0.0035967388195891833 -0.0061906470287047674 -0.0091271392550689775 0.00080311233237603807 0.00075673346849605954 -0.011899592262543283 0.0053947938899752195 0.00029082713650817603 -0.0059198394758940565
leaf_weight=59 47 40 46 97 41 41 56 40 91 42 50 57 1206 40
leaf_count=59 47 40 46 97 41 41 56 40 91 42 50 57 1206 40
internal_value=0.000486431 0.000734523 -0.00714286 0.00119378 0.000936968 -0.00258856 -0.000920245 0.00219298 -0.00419847 -0.00816327 0.00186514 0.0102041 0.00123457 0.00168539
internal_weight=1953 1906 105 1801 1761 367 326 228 131 98 1394 98 1296 1246
internal_count=1953 1906 105 1801 1761 367 326 228 131 98 1394 98 1296 1246
is_linear=0
shrinkage=0.05


Tree=177
num_leaves=15
num_cat=0
split_feature=8 1 6 7 6 6 2 2 4 7 5 3 3 5
split_gain=1.9104 2.68518 2.8424 1.5272 1.84702 4.87119 4.11575 3.92466 6.51416 4.02978 7.05484 4.73496 6.57892 4.64104
threshold=1.9875000000000003 -0.98211651112579568 11.227500000000001 886.54800000000012 8.5610000000000017 9.9110000000000014 0.75047916603754417 -0.18163955523420786 9.145500000000002 621.77850000000001 6.4420000000000011 60.877500000000005 98.39200000000001 5.3835000000000006
decision_type=2 2 2 2 2 2 2 2 2 2 2 2 2 2
left_child=1 2 -1 4 -3 6 -6 -7 -9 10 13 -12 -13 -10
right_child=-2 3 -4 -5 5 7 -8 8 9 -11 11 12 -14 -15
leaf_value=-0.0038901115243452859 -0.00064275564491325101 0.00051583139439301815 0.00035020361866466843 0.0014603138899209084 -0.0002897477921798286 -0.00012952158209223673 -0.0024397706408861549 0.0094402146198130765 0.0001285550470700614 0.0094566250324007624 0.00066920401231896915 -0.013428809254270931 1.6817998509925657e-05 0.0039476608645352554
leaf_weight=59 47 448 46 63 125 757 70 45 46 45 58 52 45 47
leaf_count=59 47 448 46 63 125 757 70 45 46 45 58 52 45 47
internal_value=0.000384025 0.000629591 -0.00714286 0.00108273 0.000805524 -0.000155039 -0.0074359 0.00114155 0.0056213 0.00290102 0.000403226 -0.00612903 -0.0128866 0.0112903
internal_weight=1953 1906 105 1801 1738 1290 195 1095 338 293 248 155 97 93
internal_count=1953 1906 105 1801 1738 1290 195 1095 338 293 248 155 97 93
is_linear=0
shrinkage=0.05


Tree=178
num_leaves=15
num_cat=0
split_feature=8 8 6 2 8 8 0 5 4 8 8 0 2 1
split_gain=2.45281 4.34036 4.12487 3.71263 5.07344 3.99146 4.05626 4.90015 3.06464 4.08646 4.35132 4.31792 5.08461 5.33786
threshold=-0.67799999999999994 -0.90149999999999986 4.3910000000000009 -0.94418750883419933 -0.20699999999999996 -0.37649999999999995 21.827500000000004 10.441000000000001 9.0475000000000012 -0.99449999999999983 -1.0824999999999998 15.449000000000002 0.1093682717844857 0.63137065367936085
decision_type=2 2 2 2 2 2 2 2 2 2 2 2 2 2
left_child=1 8 -2 4 -4 6 7 -5 -1 10 11 12 -10 -14
right_child=2 -3 3 5 -6 -7 -8 -9 9 -11 -12 -13 13 -15
leaf_value=-0.0043883699847568859 0.014693476502587838 0.0017344550035588201 0.010304848668956625 -0.0066121782986277361 -0.0020189750063374979 -0.00011805566942288959 -0.017856176587130172 0.00059179937610903297 -0.010010710401886334 -0.0042129438055217129 0.0023748909834994561 0.0012001805177441122 -0.0002514350681395952 0.0071653887112121117
leaf_weight=138 46 200 43 120 67 629 44 61 54 63 49 260 126 53
leaf_count=138 46 200 43 120 67 629 44 61 54 63 49 260 126 53
internal_value=0.000128008 0.00196182 -0.00158416 -0.00228216 0.00636364 -0.00339578 -0.00911111 -0.0058011 0.000201884 0.00173554 0.00313653 0.00172414 -0.00321888 0.000837989
internal_weight=1953 943 1010 964 110 854 225 181 743 605 542 493 233 179
internal_count=1953 943 1010 964 110 854 225 181 743 605 542 493 233 179
is_linear=0
shrinkage=0.05


Tree=179
num_leaves=15
num_cat=0
split_feature=8 8 5 5 4 6 7 7 8 4 1 2 0 2
split_gain=2.3083 3.2346 3.28644 6.74063 3.70089 3.45441 2.80429 4.91929 3.52358 2.75916 5.14448 4.29344 4.09876 7.71858
threshold=-0.67799999999999994 -0.90149999999999986 14.751500000000002 16.393000000000004 11.093000000000002 15.138000000000002 848.7505000000001 740.22000000000014 -0.60149999999999981 19.601500000000005 -0.051549210996800328 0.24460549819462502 19.359000000000005 0.57132313271480106
decision_type=2 2 2 2 2 2 2 2 2 2 2 2 2 2
left_child=1 2 5 -4 -5 9 7 8 -2 10 12 -11 13 -1
right_child=6 -3 3 4 -6 -7 -8 -9 -10 11 -12 -13 -14 -15
leaf_value=0.0069437015272310115 -0.0070400299280924178 0.0016477322533808806 0.0048140918927267714 -0.0035302251770526734 0.0017153441056733971 -0.0082386180569271501 0.00075103795012980152 -0.0033362287310946775 -9.2065373496937053e-06 -0.01023660780751447 0.0012001047968482491 3.7183529073012146e-05 -0.015450282243129249 -0.0033968213720714235
leaf_weight=43 64 200 42 56 74 43 65 76 805 55 218 87 58 67
leaf_count=43 64 200 42 56 74 43 65 76 805 55 218 87 58 67
internal_value=7.68049e-05 0.00185578 0.000336474 0.00639535 0.000769231 -0.00148862 -0.00158416 -0.00227513 -0.00120829 -0.000378788 0.00181347 -0.00633803 -0.0047619 0.000909091
internal_weight=1953 943 743 172 130 571 1010 945 869 528 386 142 168 110
internal_count=1953 943 743 172 130 571 1010 945 869 528 386 142 168 110
is_linear=0
shrinkage=0.05


Tree=180
num_leaves=15
num_cat=0
split_feature=8 4 8 0 7 5 7 6 7 4 7 3 3 8
split_gain=2.60171 2.91247 3.42059 3.45252 3.41505 3.06716 5.4182 4.29206 3.24153 6.04444 3.88042 6.09129 3.41839 3.01565
threshold=-0.67799999999999994 22.736000000000004 -0.90149999999999986 6.2280000000000006 427.57450000000006 4.4675000000000002 427.57450000000006 8.5030000000000019 685.35550000000012 13.166500000000001 734.64150000000006 72.120000000000019 58.573000000000008 -0.8374999999999998
decision_type=2 2 2 2 2 2 2 2 2 2 2 2 2 2
left_child=1 2 3 -1 -4 -5 7 -7 9 12 -10 -12 -8 -6
right_child=-2 -3 4 5 13 6 8 -9 10 -11 11 -13 -14 -15
leaf_value=-0.0089973472899200994 -0.00012373677573299208 -0.00069831218324120723 0.0078183026358306738 0.003342581661858897 0.011437492372381605 -2.8990064409101237e-05 0.0033122481733838249 -0.0094712910407539156 -0.015293911958334636 0.013611040480705312 -0.00087235165429612742 0.0078438736548177325 -0.020684933248586009 -0.00017552362607682476
leaf_weight=47 1010 100 66 62 40 63 41 42 48 68 175 72 44 75
leaf_count=47 1010 100 66 62 40 63 41 42 48 68 175 72 44 75
internal_value=0.000179211 0.00206787 0.00302491 0.00135952 0.00911602 0.00235772 0.00117541 -0.00904762 0.00357143 0.00947712 0.000508475 0.00303644 0.000588235 0.00391304
internal_weight=1953 943 843 662 181 615 553 105 448 153 295 247 85 115
internal_count=1953 943 843 662 181 615 553 105 448 153 295 247 85 115
is_linear=0
shrinkage=0.05


Tree=181
num_leaves=15
num_cat=0
split_feature=5 5 3 5 7 1 1 4 5 1 2 0 1 2
split_gain=2.24943 4.19416 3.67787 2.68182 3.00125 6.43626 4.84242 3.92842 4.13841 3.51793 6.71736 3.69953 3.38806 2.69312
threshold=12.777500000000002 12.507500000000002 0.10300000000000001 11.883500000000003 445.72200000000004 -0.93535928755917819 -0.45914483320598648 8.0515000000000025 10.914000000000001 0.85731462807633252 -0.6815963802609516 18.971000000000004 0.95444582372253872 -0.91084115863148152
decision_type=2 2 2 2 2 2 2 2 2 2 2 2 2 2
left_child=1 3 -2 4 13 -6 -7 -8 9 10 11 -9 -11 -1
right_child=2 -3 -4 -5 5 6 7 8 -10 12 -12 -13 -14 -15
leaf_value=0.017537231719458462 0.0015933062593763037 -0.012846580584885525 0.00029577902601074236 0.0064673633182129493 -0.01644918583567035 0.005391825982553439 -0.011878951778041748 0.01351374219706949 0.0012278950300974513 0.010317994111138986 -0.0086234588716771737 -0.0013525017269444689 -0.0012173310704197951 -7.19033082719478e-06
leaf_weight=52 64 42 370 77 57 46 44 41 74 49 46 59 45 887
leaf_count=52 64 42 370 77 57 46 44 41 74 49 46 59 45 887
internal_value=-0.000179211 -0.00108624 0.00299539 -0.000643196 -0.00114286 -0.00444685 -0.00222772 -0.00418994 -0.0022293 -0.00541667 -0.010274 -0.003 0.00212766 0.000479233
internal_weight=1953 1519 434 1477 1400 461 404 358 314 240 146 100 94 939
internal_count=1953 1519 434 1477 1400 461 404 358 314 240 146 100 94 939
is_linear=0
shrinkage=0.05


Tree=182
num_leaves=15
num_cat=0
split_feature=4 8 2 6 7 8 6 7 6 0 1 0 5 5
split_gain=1.99718 6.28815 6.61444 4.98401 3.74768 4.24591 4.06525 11.2826 7.83069 5.42469 4.93742 4.75469 3.34964 3.15709
threshold=8.2540000000000031 -1.0024999999999997 0.27779130397453933 3.7575000000000003 37.95900000000001 -1.2054999999999998 9.9110000000000014 280.23400000000009 7.5900000000000007 10.020500000000002 0.030073020370188292 11.598000000000001 5.7805000000000009 11.931000000000003
decision_type=2 2 2 2 2 2 2 2 2 2 2 2 2 2
left_child=1 13 -3 -2 -5 -6 7 8 -7 -8 -10 -11 -4 -1
right_child=3 2 12 4 5 6 9 -9 10 11 -12 -13 -14 -15
leaf_value=-0.011311250959628594 0.0038333059793782876 0.004759533807277028 -0.0047107694097456784 -0.0011075969754302361 0.00083435432094786099 0.010352213182116078 0.004598553775091779 -0.0072382390082250505 0.00031949991439973415 -0.00088161262176167105 -0.011571818439256303 -9.6902547014818616e-05 0.0055951927803104358 0.00083541875493973192
leaf_weight=47 74 117 50 67 372 64 108 97 74 46 83 656 46 52
leaf_count=47 74 117 50 67 372 64 108 97 74 46 83 656 46 52
internal_value=0.000179211 0.00384615 0.00868545 -0.000517977 -0.00111678 -0.0006 -0.00212766 -0.00691824 -0.000678733 -0.000246914 -0.0066879 -0.00185185 -0.00104167 -0.00656566
internal_weight=1953 312 213 1641 1567 1500 1128 318 221 810 157 702 96 99
internal_count=1953 312 213 1641 1567 1500 1128 318 221 810 157 702 96 99
is_linear=0
shrinkage=0.05


Tree=183
num_leaves=15
num_cat=0
split_feature=3 0 1 7 1 6 7 7 4 6 0 6 7 3
split_gain=1.68479 5.33889 2.45 1.7288 5.76081 9.15418 5.2075 4.32612 2.9507 5.80025 5.80741 5.41063 3.17836 2.78283
threshold=0.10300000000000001 15.698500000000001 -0.32084646754213797 830.14200000000017 0.081558489694578698 14.855000000000002 792.82950000000017 755.53050000000007 8.2540000000000031 6.8795000000000011 15.936500000000001 3.0225000000000004 37.95900000000001 5.0015000000000009
decision_type=2 2 2 2 2 2 2 2 2 2 2 2 2 2
left_child=1 -1 -3 6 -5 -6 7 8 9 -2 -11 -10 -13 -14
right_child=3 2 -4 4 5 -7 -8 -9 11 10 -12 12 13 -15
leaf_value=-0.0047198523277583622 -0.0074392379292434812 0.00026951029381922789 0.0029879326456538516 -0.011451086851119197 -0.00081669194483047127 0.0083612629850698308 0.0038952144806515356 -0.0038107248690982167 0.0036416406804093749 0.010823690136206807 0.00026041618094357655 -0.00094952831629618872 -0.0034326074862082931 5.7977531355828116e-05
leaf_weight=45 57 40 40 61 79 72 74 78 52 78 87 70 79 1041
leaf_count=45 57 40 40 61 79 72 74 78 52 78 87 70 79 1041
internal_value=0.000384025 0.006 0.01375 0 -0.00424528 0.000993377 0.000556931 -6.48508e-05 0.000546448 0.00585586 0.0106061 -0.000402576 -0.00109244 -0.000446429
internal_weight=1953 125 80 1828 212 151 1616 1542 1464 222 165 1242 1190 1120
internal_count=1953 125 80 1828 212 151 1616 1542 1464 222 165 1242 1190 1120
is_linear=0
shrinkage=0.05


Tree=184
num_leaves=15
num_cat=0
split_feature=5 5 2 1 0 8 4 8 1 4 3 5 5 4
split_gain=2.45675 5.47779 5.06774 2.41684 4.55537 2.48295 2.30333 1.70105 2.25324 2.54533 7.40404 5.74532 8.02572 6.45984
threshold=15.097500000000002 15.892000000000001 -0.68784539311941617 -0.97873101657557338 17.981500000000004 1.9875000000000003 11.209000000000001 1.1705000000000003 -0.9523687564627995 15.109000000000002 4.9155000000000006 6.3385000000000007 4.7910000000000013 21.339000000000002
decision_type=2 2 2 2 2 2 2 2 2 2 2 2 2 2
left_child=3 -2 6 4 -1 7 -3 8 -5 -10 -11 12 13 -12
right_child=1 2 -4 5 -6 -7 -8 -9 9 10 11 -13 -14 -15
leaf_value=0.00053429591084143695 0.013152685204155121 -0.0032452670979404076 0.0028052955087789935 0.0021012048652548077 -0.024638579322378385 -0.00060723716974574464 0.00014346461449828431 0.004892340703579039 -0.00026291998014983941 0.0024768142687984275 0.0046165845524476492 -0.00069044089346918499 0.012501094486230808 -0.0013890564015793441
leaf_weight=61 42 53 67 55 41 42 76 67 749 58 110 354 100 78
leaf_count=61 42 53 67 55 41 42 76 67 749 58 110 354 100 78
internal_value=0.000281618 0.00504202 0.00153061 -0.000379009 -0.00784314 9.29944e-05 -0.00426357 0.000413749 6.64894e-05 -0.000310559 0.00185714 0.000311526 0.00555556 -0.000531915
internal_weight=1953 238 196 1715 102 1613 129 1571 1504 1449 700 642 288 188
internal_count=1953 238 196 1715 102 1613 129 1571 1504 1449 700 642 288 188
is_linear=0
shrinkage=0.05


Tree=185
num_leaves=15
num_cat=0
split_feature=5 7 6 2 2 5 5 2 4 4 1 1 3 5
split_gain=1.789 4.32333 4.29651 3.38405 3.34964 3.24194 3.11692 2.79301 4.78917 3.50194 2.86457 3.56409 3.56709 3.27448
threshold=9.8410000000000029 467.09150000000005 12.636500000000002 -0.91084115863148152 -0.67125995756753143 8.8080000000000016 7.8790000000000004 0.023632005545605003 10.856500000000002 22.252000000000006 0.97109105924028427 0.85731462807633252 3.1785000000000001 16.641500000000004
decision_type=2 2 2 2 2 2 2 2 2 2 2 2 2 2
left_child=1 3 6 -1 -4 -5 -3 9 -9 10 11 12 13 -2
right_child=7 2 4 5 -6 -7 -8 8 -10 -11 -12 -13 -14 -15
leaf_value=0.016715463506068753 0.0015506971421420394 -0.00084498446515109268 0.0069703439525637019 -0.0002170759363260666 -0.011622210585821741 0.0018065056848383403 -0.0040878856772140829 0.0057160599577043107 0.00032169470739132626 -0.0029041200368369658 -0.002111001774332029 0.010445323692294476 -0.00010501179932910464 -0.0010580362992685056
leaf_weight=53 58 47 46 811 50 54 42 48 108 55 48 56 436 41
leaf_count=53 58 47 46 811 50 54 42 48 108 55 48 56 436 41
internal_value=-7.68049e-05 -0.00140526 -0.00837838 0 -0.00104167 -0.000751445 -0.0162921 0.00164706 0.00769231 0.000288184 0.0013302 0.00228426 0.00102804 0.00959596
internal_weight=1953 1103 185 918 96 865 89 850 156 694 639 591 535 99
internal_count=1953 1103 185 918 96 865 89 850 156 694 639 591 535 99
is_linear=0
shrinkage=0.05


Tree=186
num_leaves=15
num_cat=0
split_feature=1 3 3 0 0 0 0 7 1 0 6 5 6 8
split_gain=1.62673 4.45373 2.30481 2.19554 2.70968 3.6661 3.34898 4.65279 3.54647 4.35778 4.71226 5.27634 3.52921 3.20314
threshold=0.94697898371965716 5.9135000000000009 62.846500000000006 3.0290000000000004 20.408500000000004 19.292500000000004 21.827500000000004 516.83500000000015 0.38118653245548312 23.051500000000001 14.652000000000003 14.571500000000002 13.445500000000001 -1.4844999999999999
decision_type=2 2 2 2 2 2 2 2 2 2 2 2 2 2
left_child=3 -2 -3 -1 5 -5 -6 -8 9 -9 12 -12 -11 -13
right_child=1 2 -4 4 6 -7 7 8 -10 10 11 13 -14 -15
leaf_value=0.0017649861115264871 -0.0043308487009956183 0.0095421261349637847 0.00056123881231202085 -0.00017973174190589192 0.0049097022930939555 -0.0054413086193364074 -0.025173817633539233 -0.012332496242062542 0.0051797677996547366 0.00022656521984925073 -0.016164719459606597 -0.014991718950437284 0.020281027972613736 0.0027266578415742482
leaf_weight=43 41 48 130 1068 87 78 41 45 48 67 55 46 40 116
leaf_count=43 41 48 130 1068 87 78 41 45 48 67 55 46 40 116
internal_value=-0.000179211 0.00388128 0.00730337 -0.000692042 -0.000975754 -0.00235602 0.00192661 0.000218341 0.00179856 0.000135501 0.00216049 -0.00207373 0.0107477 0.00246914
internal_weight=1953 219 178 1734 1691 1146 545 458 417 369 324 217 107 162
internal_count=1953 219 178 1734 1691 1146 545 458 417 369 324 217 107 162
is_linear=0
shrinkage=0.05


Tree=187
num_leaves=15
num_cat=0
split_feature=3 5 6 6 4 1 7 6 3 3 6 3 7 8
split_gain=2.03968 4.85984 1.89946 3.66179 1.45079 4.15063 4.28805 7.1691 4.11433 3.78995 3.16913 3.12789 4.24172 4.95473
threshold=0.10300000000000001 12.777500000000002 16.377500000000005 15.604500000000002 17.182000000000002 0.65765423894015862 371.06500000000005 12.016500000000002 12.986000000000002 71.171000000000006 13.332000000000003 22.285500000000003 708.70350000000008 0.32500000000000007
decision_type=2 2 2 2 2 2 2 2 2 2 2 2 2 2
left_child=1 -1 3 4 11 8 -7 -8 -6 -9 -10 -2 13 -13
right_child=2 -3 -4 -5 5 6 7 9 10 -11 -12 12 -14 -15
leaf_value=-0.00096357452865788453 -0.0010068079540866582 0.0018732373599890135 -0.0053849213769370657 0.0024087169760730054 0.004874793032572872 0.008841628788863732 -0.0056441415318499227 0.0053933882316688922 -0.00035096871890434036 -0.0011649348443099992 -0.011650413829852234 0.0016836041860265709 -0.0012825757266909932 -0.00043077515390355092
leaf_weight=61 261 64 48 78 46 75 47 40 312 55 82 510 153 121
leaf_count=61 261 64 48 78 46 75 47 40 312 55 82 510 153 121
internal_value=-0.000179211 0.006 -0.000601751 -0.000337079 -0.000822562 -0.00266362 0.00299539 -0.00211268 -0.00545455 0.00578947 -0.0071066 0.000334928 0.00191327 0.00372425
internal_weight=1953 125 1828 1780 1702 657 217 142 440 95 394 1045 784 631
internal_count=1953 125 1828 1780 1702 657 217 142 440 95 394 1045 784 631
is_linear=0
shrinkage=0.05


Tree=188
num_leaves=15
num_cat=0
split_feature=8 8 6 5 5 2 0 4 7 4 5 5 4 1
split_gain=1.79887 8.03656 4.37138 6.25177 4.58654 4.96991 2.96312 4.34568 5.38122 3.6999 3.68997 3.15616 3.42091 3.11176
threshold=-0.72149999999999992 -0.79149999999999998 7.1565000000000012 4.206500000000001 9.2585000000000015 0.1858661703907829 15.449000000000002 8.8155000000000019 583.46000000000015 10.235000000000001 11.513500000000002 14.902000000000003 14.176500000000003 -0.27123391067291053
decision_type=2 2 2 2 2 2 2 2 2 2 2 2 2 2
left_child=1 2 -1 -4 -5 6 -6 13 -9 -10 -11 12 -12 -8
right_child=-2 -3 3 4 5 -7 7 8 9 10 11 -13 -14 -15
leaf_value=-0.0008868815238103387 -0.00022121242864663328 0.0069009473201343324 0.0017102193198498068 -0.0015903815696876077 -0.0015432131420895043 0.012911707498933703 0.00014741240437822213 -0.0019043279125356861 0.017776915675173262 0.012106508187210081 -0.015047946718037953 0.0020258030297837628 0.0016153248947431309 -0.0049834365689007121
leaf_weight=154 1055 54 49 140 52 40 45 41 40 45 42 100 45 51
leaf_count=154 1055 54 49 140 52 40 45 41 40 45 42 100 45 51
internal_value=2.56016e-05 0.00167038 0.000473934 0.00217391 0.000858034 0.00309381 0.0016269 0.00305623 0.00591054 0.00845588 0.00603448 0.00294118 -0.00402299 -0.00625
internal_weight=1953 898 844 690 641 501 461 409 313 272 232 187 87 96
internal_count=1953 898 844 690 641 501 461 409 313 272 232 187 87 96
is_linear=0
shrinkage=0.05


Tree=189
num_leaves=15
num_cat=0
split_feature=0 7 7 7 0 5 0 1 0 0 2 0 1 0
split_gain=1.66928 1.58336 2.10042 4.66393 3.95215 2.74721 4.80964 2.33182 4.56922 5.17915 4.55609 4.37405 4.77762 4.55747
threshold=3.0290000000000004 880.07900000000006 830.14200000000017 848.7505000000001 27.307000000000002 15.286500000000002 27.307000000000002 -0.70252096857941237 20.200500000000002 21.625000000000004 -0.87204617232061787 11.991500000000002 -0.84293373149377049 14.410500000000001
decision_type=2 2 2 2 2 2 2 2 2 2 2 2 2 2
left_child=-1 2 5 -4 -5 7 -7 11 -9 -10 -11 -2 13 -13
right_child=1 -3 3 4 -6 6 -8 8 9 10 -12 12 -14 -15
leaf_value=0.0015578064354329708 0.0011101640770167925 0.00085623196512450228 -0.0058292627614746524 0.0010908726502095512 -0.0017811160926043401 0.003910968050882581 -0.0015143042003602947 -0.00018267141771914354 0.008854481634402828 -0.013100587443378548 0.0052612041687745831 0.0060846346147752674 -0.014014705032833408 -0.0007225098020786525
leaf_weight=44 41 84 49 69 43 74 61 979 41 68 50 42 74 234
leaf_count=44 41 84 49 69 43 74 61 979 41 68 50 42 74 234
internal_value=-0.000537634 -0.00075956 -0.00106849 -0.00652174 -0.000892857 -0.000540865 0.0062963 -0.00114454 0 0.00786164 0.00254237 -0.0044757 -0.00628571 -0.00326087
internal_weight=1953 1909 1825 161 112 1664 135 1529 1138 159 118 391 350 276
internal_count=1953 1909 1825 161 112 1664 135 1529 1138 159 118 391 350 276
is_linear=0
shrinkage=0.05


Tree=190
num_leaves=15
num_cat=0
split_feature=0 2 8 8 2 1 6 4 4 6 4 0 6 2
split_gain=1.58169 1.58281 3.99717 5.22228 4.5954 3.38552 4.61545 2.79682 5.1481 3.30881 2.49513 2.45047 3.56093 5.21587
threshold=3.0290000000000004 0.80444483470750872 1.4400000000000002 0.88950000000000007 0.72731766296277522 0.1328271176880281 6.9770000000000012 22.126500000000004 25.022000000000002 12.097500000000002 17.049000000000003 8.854000000000001 6.5135000000000005 0.52707770864237202
decision_type=2 2 2 2 2 2 2 2 2 2 2 2 2 2
left_child=-1 2 3 4 7 6 -3 11 -9 -10 -8 -2 -13 -14
right_child=1 5 -4 -5 -6 -7 10 8 9 -11 -12 12 13 -15
leaf_value=0.0014799161136613212 -0.0017364697219984793 -0.0025604723547963865 0.0025836064836487985 -0.0020762454457231962 0.0058248063294540067 -0.0044554626502482904 0.0017884142450791181 -0.0071881678366570133 0.0011190533981284057 -0.0015344825877058933 -3.2710674837270473e-05 0.0021131228032062132 0.00013837544407293428 -0.0028726711651295214
leaf_weight=44 57 82 57 55 56 132 54 74 44 43 60 57 1084 54
leaf_count=44 57 82 57 55 56 132 54 74 44 43 60 57 1084 54
internal_value=-0.000281618 -0.000497643 0.000158128 -0.000328084 0.000238257 -0.00365854 0.000510204 -0.000318471 -0.00652174 0.00172414 0.00701754 0.000479233 0.000962343 0.000351494
internal_weight=1953 1909 1581 1524 1469 328 196 1413 161 87 114 1252 1195 1138
internal_count=1953 1909 1581 1524 1469 328 196 1413 161 87 114 1252 1195 1138
is_linear=0
shrinkage=0.05


Tree=191
num_leaves=15
num_cat=0
split_feature=8 8 7 7 8 6 6 2 4 6 4 4 0 0
split_gain=1.65088 5.32305 2.54297 4.92976 4.05887 4.33294 3.82561 4.18853 3.85863 3.81239 3.54763 4.29501 4.42086 4.8649
threshold=-0.72149999999999992 -0.79149999999999998 848.7505000000001 605.77650000000006 -0.53349999999999997 4.9860000000000007 10.010000000000002 0.21113058295073206 14.268500000000001 8.5030000000000019 10.166500000000001 12.917500000000002 10.246500000000003 19.624000000000002
decision_type=2 2 2 2 2 2 2 2 2 2 2 2 2 2
left_child=1 -1 3 4 -2 -6 7 -7 -9 -10 -8 -12 -13 -14
right_child=2 -3 -4 -5 5 6 10 8 9 -11 11 12 13 -15
leaf_value=3.9568258686112358e-05 -0.0044332392128648866 0.006406405082116557 0.00029719390541394777 -0.002407373579058571 0.018430376848686141 0.0068042628106622094 0.015146662324786897 -0.0057088684164735342 0.0062755198274385086 -0.00061355404002883603 -0.0019724331734370356 0.0068125830770442326 -0.00072985100150843585 0.0056804469924333773
leaf_weight=844 117 54 73 194 42 81 50 107 45 59 41 73 133 40
leaf_count=844 117 54 73 194 42 81 50 107 45 59 41 73 133 40
internal_value=-0.000128008 0.00144766 -0.00146919 -0.00213849 -0.000380711 0.00111773 7.94913e-05 -0.00410959 -0.00781991 -0.000961538 0.0037092 0.00156794 0.00406504 -0.000289017
internal_weight=1953 898 1055 982 788 671 629 292 211 104 337 287 246 173
internal_count=1953 898 1055 982 788 671 629 292 211 104 337 287 246 173
is_linear=0
shrinkage=0.05


Tree=192
num_leaves=15
num_cat=0
split_feature=0 0 6 0 8 7 8 8 4 5 4 2 2 5
split_gain=2.0715 2.35362 1.57232 4.06588 3.33696 1.69764 3.62118 6.65376 3.38257 8.51152 5.02586 4.55018 5.30546 6.96293
threshold=3.2095000000000007 4.206500000000001 15.604500000000002 25.152500000000003 -1.1449999999999998 685.35550000000012 -1.5914999999999997 -1.2844999999999998 17.182000000000002 12.237500000000002 15.215000000000002 0.24460549819462502 0.75047916603754417 6.7645000000000008
decision_type=2 2 2 2 2 2 2 2 2 2 2 2 2 2
left_child=-1 -2 5 -4 -5 8 -7 -8 10 -10 11 -3 13 -13
right_child=1 2 3 4 -6 6 7 -9 9 -11 -12 12 -14 -15
leaf_value=0.0014039418950439503 -0.0046067553337088042 0.00087699732818880558 0.0020146436602692221 0.0024488039644848638 -0.0053241918689708291 0.012501899638317144 -0.010384833912847662 -0.00026848210039129853 -8.5496930140907543e-05 -0.0094333801070156237 0.0093901814998170394 -0.010654859121001626 0.00064802414931561117 -0.00024643235977342241
leaf_weight=52 40 327 48 58 44 45 63 317 492 40 118 63 151 95
leaf_count=52 40 327 48 58 44 45 63 317 492 40 118 63 151 95
internal_value=-0.000230415 -0.000499737 -0.000241805 0.00466667 -0.000980392 -0.000672122 -0.00341176 -0.005 0.000233281 -0.00281955 0.00238727 0.000628931 -0.00372168 -0.0101266
internal_weight=1953 1901 1861 150 102 1711 425 380 1286 532 754 636 309 158
internal_count=1953 1901 1861 150 102 1711 425 380 1286 532 754 636 309 158
is_linear=0
shrinkage=0.05


Tree=193
num_leaves=15
num_cat=0
split_feature=0 8 8 8 3 5 3 4 4 6 5 7 5 6
split_gain=1.88213 1.83396 2.09211 3.45628 1.59207 5.26413 3.5908 5.11562 2.99561 4.95428 8.27979 3.39269 2.56148 3.61268
threshold=3.2095000000000007 1.9875000000000003 1.1705000000000003 0.93000000000000016 0.10300000000000001 12.777500000000002 5.1890000000000009 16.918500000000005 23.961500000000004 12.097500000000002 4.9430000000000005 44.706500000000013 3.4585000000000004 7.6995000000000013
decision_type=2 2 2 2 2 2 2 2 2 2 2 2 2 2
left_child=-1 2 3 4 5 -2 7 -6 11 10 -10 -8 -13 -14
right_child=1 -3 -4 -5 6 -7 8 -9 9 -11 -12 12 13 -15
leaf_value=0.0013337448002917517 -0.0029108689946701714 -0.00048890101091865208 0.0021211630575906043 -0.00073636526431987502 -0.0035675251477820511 0.00181504603551384 0.00084590070980886112 0.0029171668457113318 -0.0070865657440917114 -0.010477748524508798 0.013364267985266843 -0.0031755502226594873 0.0085629063065005076 6.3656937002659275e-05
leaf_weight=52 58 45 68 42 173 64 62 48 42 51 40 110 124 974
leaf_count=52 58 45 68 42 173 64 62 48 42 51 40 110 124 974
internal_value=0.000230415 -2.63019e-05 0.000215517 -0.000111857 0.000229095 0.0057377 -0.000184729 -0.0061086 0.000748396 -0.00639098 0.00121951 0.00149606 0.000910596 0.00163934
internal_weight=1953 1901 1856 1788 1746 122 1624 221 1403 133 82 1270 1208 1098
internal_count=1953 1901 1856 1788 1746 122 1624 221 1403 133 82 1270 1208 1098
is_linear=0
shrinkage=0.05


Tree=194
num_leaves=15
num_cat=0
split_feature=0 8 8 6 5 8 7 2 5 4 7 4 3 3
split_gain=2.00737 1.80343 2.19612 3.79358 4.87969 4.07875 4.93632 5.47599 3.64021 7.72063 3.60222 3.36739 2.83637 4.53564
threshold=3.2095000000000007 -2.5634999999999999 -0.67799999999999994 4.9860000000000007 4.206500000000001 -0.76749999999999996 364.74500000000006 0.22790171382004171 11.739500000000001 10.525500000000003 676.93200000000013 18.425000000000001 26.800500000000003 37.978500000000004
decision_type=2 2 2 2 2 2 2 2 2 2 2 2 2 2
left_child=-1 -2 3 -3 -5 6 -6 8 9 -8 -10 -11 -4 -14
right_child=1 2 12 4 5 -7 7 -9 10 11 -12 -13 13 -15
leaf_value=0.0012670575602771628 -0.00094945446675600567 -0.0015425113907175485 -0.00081312546969968262 0.0018264894223162548 -0.0013427829462699936 0.0016541878593322049 -0.017204900533362957 0.010344167162693239 0.0032579990319462405 0.0030070785376376977 2.5328808267569003e-05 -0.0072184850690914133 0.0092537832900105085 -0.00013589407288308597
leaf_weight=52 43 82 211 67 91 68 45 62 78 85 261 41 41 726
leaf_count=52 43 82 211 67 91 68 45 62 78 85 261 41 41 726
internal_value=-7.68049e-05 -0.000341925 -0.000107643 0.00170455 0.00275689 0.00157319 0.000377074 0.0020979 0.000392157 -0.00555556 0.00339233 0.000793651 -0.00173824 -0.000325945
internal_weight=1953 1901 1858 880 798 731 663 572 510 171 339 126 978 767
internal_count=1953 1901 1858 880 798 731 663 572 510 171 339 126 978 767
is_linear=0
shrinkage=0.05


Tree=195
num_leaves=15
num_cat=0
split_feature=6 6 0 5 4 5 4 1 8 7 8 1 7 5
split_gain=1.69169 5.13778 2.18121 1.86533 5.32716 4.42789 3.73768 3.20175 3.11969 2.74181 1.70694 1.68995 2.72645 3.21398
threshold=15.604500000000002 16.377500000000005 25.152500000000003 4.323500000000001 19.964500000000005 3.1585000000000005 10.856500000000002 0.030073020370188292 -0.015999999999999997 101.92900000000002 1.1705000000000003 -0.99628894895067444 135.57350000000002 5.3240000000000007
decision_type=2 2 2 2 2 2 2 2 2 2 2 2 2 2
left_child=3 2 -2 4 6 -6 8 -8 -1 -9 11 -5 -13 -14
right_child=1 -3 -4 10 5 -7 7 9 -10 -11 -12 12 13 -15
leaf_value=0.0016065276568965226 0.0039470152876519117 -0.00096561436411468084 0.0011192264960848686 -0.00085334187226038672 -0.0017097025562757768 0.00029029151161641398 0.0035237600157163487 -0.0032582487941992312 -0.0075290009352284304 0.012715837979594392 0.00044281187524150279 0.0083168220237757728 -0.015133870391644761 -0.0001350619696820432
leaf_weight=47 41 60 49 42 68 41 76 42 46 41 62 41 113 1184
leaf_count=47 41 60 49 42 68 41 76 42 46 41 62 41 113 1184
internal_value=-0.000435228 0.00466667 0.0122222 -0.000859678 0.00235457 -0.00688073 0.00634921 0.0110063 -0.0016129 0.00421687 -0.00166436 -0.00202899 -0.00171898 -0.00212028
internal_weight=1953 150 90 1803 361 109 252 159 93 83 1442 1380 1338 1297
internal_count=1953 150 90 1803 361 109 252 159 93 83 1442 1380 1338 1297
is_linear=0
shrinkage=0.05


Tree=196
num_leaves=15
num_cat=0
split_feature=5 5 7 5 6 6 7 3 7 3 5 7 5 5
split_gain=1.60507 3.61144 4.70067 3.02521 3.00174 4.51791 2.4238 3.5536 2.45629 4.95135 2.78278 1.82472 3.07332 5.99768
threshold=15.097500000000002 15.892000000000001 701.56900000000007 14.437500000000002 15.4595 16.377500000000005 852.87300000000016 9.5485000000000024 749.90200000000016 58.573000000000008 11.812500000000002 726.48200000000008 11.416500000000001 10.489000000000003
decision_type=2 2 2 2 2 2 2 2 2 2 2 2 2 2
left_child=3 -2 -3 6 -4 -6 8 -8 11 -10 -11 12 13 -1
right_child=1 2 4 -5 5 -7 7 -9 9 10 -12 -13 -14 -15
leaf_value=-0.00011310193621334106 0.012289740995914034 0.0023438776319266055 -0.004264428016986877 -0.00037935110017231629 0.0030017327707605348 -0.0014924804792333269 0.00090296192560494759 -0.00081532190005072214 -0.0076042295919489192 -0.00305074528007164 0.0052554853976635651 0.004879461564577684 -0.00066008787353200602 0.0041575473150450744
leaf_weight=1130 42 43 45 49 52 56 55 49 60 41 40 40 181 70
leaf_count=1130 42 43 45 49 52 56 55 49 60 41 40 40 181 70
internal_value=-0.000486431 0.00336134 0.000510204 -0.00102041 -0.00359477 0.000925926 -0.000660264 0.00673077 -0.00115237 -0.00744681 0.000617284 -0.000527797 -0.00083273 8.33333e-05
internal_weight=1953 238 196 1715 153 108 1666 104 1562 141 81 1421 1381 1200
internal_count=1953 238 196 1715 153 108 1666 104 1562 141 81 1421 1381 1200
is_linear=0
shrinkage=0.05


Tree=197
num_leaves=15
num_cat=0
split_feature=0 2 5 2 1 3 2 8 8 7 6 5 2 4
split_gain=1.35871 1.81183 4.63602 2.66889 2.80014 4.4971 2.15377 2.70599 3.99255 2.48903 2.35276 1.90936 3.0816 4.55887
threshold=3.2095000000000007 0.83399694777620859 6.2860000000000005 0.91609059637714607 -0.19244979981841048 99.873000000000005 0.71541278717867718 1.4400000000000002 0.93000000000000016 232.74400000000003 5.3005000000000004 4.323500000000001 0.48378379397820742 17.418000000000003
decision_type=2 2 2 2 2 2 2 2 2 2 2 2 2 2
left_child=-1 6 3 -3 -5 -6 7 8 10 -8 -2 -12 -13 -14
right_child=1 2 -4 4 5 -7 9 -9 -10 -11 11 12 13 -15
leaf_value=0.0011246423279231159 -0.00046340447898661485 -0.0021334018049213809 -0.0044063000247243859 0.0038103188126560107 -0.005835621935548087 0.00058633742490490361 -1.7636534762745064e-05 0.0021997737171399524 -0.0015244837507241414 0.010576424647961524 0.000944945902103167 2.1274710024876689e-05 -0.0062472907501143204 9.0817229222668605e-05
leaf_weight=52 42 76 45 50 58 61 58 49 46 49 125 1151 42 49
leaf_count=52 42 76 45 50 58 61 58 49 46 49 125 1151 42 49
internal_value=-0.000281618 -0.000499737 -0.00413793 -0.00142857 0.00207101 -0.00210084 0.000155183 -0.000332447 -0.000721649 0.00700935 -0.000248403 0.000109729 -0.000483092 -0.00934066
internal_weight=1953 1901 290 245 169 119 1611 1504 1455 107 1409 1367 1242 91
internal_count=1953 1901 290 245 169 119 1611 1504 1455 107 1409 1367 1242 91
is_linear=0
shrinkage=0.05


Tree=198
num_leaves=15
num_cat=0
split_feature=5 6 6 0 3 2 0 6 8 0 5 8 0 7
split_gain=1.72291 3.47091 2.37911 5.38281 4.17664 3.95985 3.79744 4.39783 4.56595 3.50231 4.65159 2.81958 2.62966 2.06671
threshold=1.9040000000000001 6.9770000000000012 9.9110000000000014 7.2380000000000004 0.10300000000000001 -0.21533487516747371 15.035000000000002 8.5610000000000017 -1.4954999999999998 7.0275000000000007 3.1585000000000005 0.24900000000000003 17.223500000000005 218.82750000000001
decision_type=2 2 2 2 2 2 2 2 2 2 2 2 2 2
left_child=1 -1 5 -4 -5 -2 7 8 -7 -10 -11 13 -8 -9
right_child=2 -3 3 4 -6 6 12 11 9 10 -12 -13 -14 -15
leaf_value=-0.00022293153380650578 0.006367991819416486 0.00089769860699800974 0.003682175483826767 0.0015745823250022828 -0.00012119514409237865 -0.0020346054793204892 -0.014006192166186083 0.00018956147918707813 -0.00051942530733473655 -0.0042809496269453446 0.0060148576043897485 -0.005843829575015216 -0.00021033179979444705 -0.0019687939484175272
leaf_weight=49 63 47 58 75 1105 58 52 41 96 49 117 52 44 47
leaf_count=49 63 47 58 75 1105 58 52 41 96 49 117 52 44 47
internal_value=-0.000281618 0.00625 -0.000619278 0.000646204 -8.47458e-05 -0.00315024 -0.0044964 -0.0026087 0.000625 0.00343511 0.00783133 -0.01 -0.0135417 -0.00454545
internal_weight=1953 96 1857 1238 1180 619 556 460 320 262 166 140 96 88
internal_count=1953 96 1857 1238 1180 619 556 460 320 262 166 140 96 88
is_linear=0
shrinkage=0.05


Tree=199
num_leaves=15
num_cat=0
split_feature=5 0 6 2 2 2 2 2 4 0 5 0 1 1
split_gain=1.75585 3.45882 2.82206 3.76143 3.55619 4.45548 4.00135 3.06544 6.20582 5.6735 4.24499 5.92817 3.83804 3.14719
threshold=2.3460000000000005 6.8090000000000002 9.9110000000000014 -0.15621076983770799 0.60605034090854637 0.43028281133296192 0.83399694777620859 -0.31473592273745027 9.145500000000002 15.653500000000001 12.777500000000002 16.811500000000006 0.97873101657557349 -0.82391537601316189
decision_type=2 2 2 2 2 2 2 2 2 2 2 2 2 2
left_child=1 -1 3 -2 5 7 -6 9 -9 -4 11 12 -10 -11
right_child=2 -3 4 -5 6 -7 -8 8 10 13 -12 -13 -14 -15
leaf_value=0.0040178444571681493 0.0098636650868276221 1.7544989264187129e-05 -0.011514398171791672 -0.00045244242483168107 0.0060008953731424597 -0.0048864072096124235 1.0444731147146724e-05 0.0045386273342011953 0.0021331695711860332 -0.0088791985254155301 0.011049281712288046 -0.0072494224896385989 -0.00047406694924142861 0.00022398434736975033
leaf_weight=40 64 96 78 516 52 51 67 61 94 72 48 58 62 594
leaf_count=40 64 96 78 516 52 51 67 61 94 72 48 58 62 594
internal_value=-0.000332821 0.00514706 -0.000742983 -0.00362069 0.000606306 -0.000268336 0.00882353 0.000421743 0.00448916 -0.00134409 0.00114504 -0.00186916 0.00320513 0.00015015
internal_weight=1953 136 1817 580 1237 1118 119 1067 323 744 262 214 156 666
internal_count=1953 136 1817 580 1237 1118 119 1067 323 744 262 214 156 666
is_linear=0
shrinkage=0.05


Tree=200
num_leaves=15
num_cat=0
split_feature=6 0 8 8 8 8 6 5 0 0 5 7 4 8
split_gain=1.83024 4.06588 3.33696 1.39234 1.86503 2.94531 1.48002 3 2.24787 3.13678 2.10499 2.84601 5.03366 6.37934
threshold=15.604500000000002 25.152500000000003 -1.1449999999999998 1.9875000000000003 1.1705000000000003 0.93000000000000016 15.115000000000002 13.440500000000002 24.753000000000004 26.453500000000002 14.751500000000002 574.6065000000001 9.9095000000000013 -0.41249999999999992
decision_type=2 2 2 2 2 2 2 2 2 2 2 2 2 2
left_child=3 -2 -3 4 5 6 8 -8 10 -10 11 -1 -13 -14
right_child=1 2 -4 -5 -6 -7 7 -9 9 -11 -12 12 13 -15
leaf_value=4.4718299549162399e-06 0.001914617009682637 0.0022510637276192237 -0.0049201682714048517 -0.00024292830423113811 0.0014305102317901373 -0.00071813872553651162 0.00060621521459286497 -0.014858817714717859 0.002422600413298981 -7.2975933488284025e-05 0.0005711510273960108 -0.0091619451793429982 0.0004701926525756434 -0.0088821367609302239
leaf_weight=1000 48 58 44 47 70 49 54 54 52 73 49 80 197 78
leaf_count=1000 48 58 44 47 70 49 54 54 52 73 49 80 197 78
internal_value=-0.000640041 0.00466667 -0.000980392 -0.00108153 -0.000854214 -0.00118624 -0.000824679 -0.00648148 -0.000425114 0.006 -0.000997151 -0.00136531 -0.00521127 -0.002
internal_weight=1953 150 102 1803 1756 1686 1637 108 1529 125 1404 1355 355 275
internal_count=1953 150 102 1803 1756 1686 1637 108 1529 125 1404 1355 355 275
is_linear=0
shrinkage=0.05


Tree=201
num_leaves=15
num_cat=0
split_feature=6 2 4 4 7 7 1 8 4 7 5 5 5 2
split_gain=2.24645 5.71881 5.57165 3.0677 2.78509 7.1786 2.6127 4.15795 2.5779 2.47345 2.11805 7.7772 2.95092 2.07678
threshold=13.479500000000002 -0.14772953607417119 22.252000000000006 18.380500000000001 737.85700000000008 801.01250000000016 -0.97873101657557338 1.9875000000000003 13.287500000000001 432.79800000000006 17.326000000000004 14.751500000000002 13.369500000000002 -0.71840966893412694
decision_type=2 2 2 2 2 2 2 2 2 2 2 2 2 2
left_child=4 2 3 8 6 -6 9 -8 10 -1 11 12 -2 -10
right_child=1 -3 -4 -5 5 -7 7 -9 13 -11 -12 -13 -14 -15
leaf_value=0.00033418368882894294 0.00033395867165342822 0.0019176607983387634 -0.010644777525689842 0.0042572620587346564 -0.01119324784874718 0.00012069968176949553 2.928040622002591e-05 -0.00055651719408990059 -4.4186788193914528e-05 -0.0038977042193616752 -0.001434462791522928 0.011031473326784667 -0.012209043896676486 -0.0060790506996418721
leaf_weight=44 121 65 40 68 41 58 1108 41 101 53 70 46 41 56
leaf_count=44 121 65 40 68 41 58 1108 41 101 53 70 46 41 56
internal_value=-0.000384025 0.00213816 0.000460405 0.00188867 -0.00152416 -0.00959596 -0.000882825 -0.000217581 0.000344828 -0.00876289 0.00323741 0.00576923 0.000617284 -0.00477707
internal_weight=1953 608 543 503 1345 99 1246 1149 435 97 278 208 162 157
internal_count=1953 608 543 503 1345 99 1246 1149 435 97 278 208 162 157
is_linear=0
shrinkage=0.05


Tree=202
num_leaves=15
num_cat=0
split_feature=6 5 5 3 2 4 5 4 0 4 4 1 0 4
split_gain=2.64129 3.06796 2.76253 2.6226 4.02008 3.10066 2.36293 5.59716 9.36585 3.25152 3.24831 4.08696 3.12195 2.83961
threshold=10.638000000000002 5.3835000000000006 5.9770000000000012 77.223000000000013 0.32694223331140743 6.9315000000000007 5.0305000000000009 19.964500000000005 11.245000000000003 10.856500000000002 7.8590000000000009 -0.95747632178960107 8.5475000000000012 13.393500000000001
decision_type=2 2 2 2 2 2 2 2 2 2 2 2 2 2
left_child=6 -2 -3 -4 5 -5 7 9 12 -1 -8 -12 -9 -13
right_child=1 2 3 4 -6 -7 10 8 -10 -11 11 13 -14 -15
leaf_value=-0.00060506116595225698 -0.0004682535641912372 0.010291063843494805 0.00046591042615857923 0.0018892757628278093 -0.005200829820323178 -0.00018474337110404166 0.0043223081259671173 -0.0001469447097302068 -0.0094986117197945041 0.0035157091644396942 -0.019302015714919907 -0.0025094949790251397 0.0012172213984214227 -7.3184432699245625e-05
leaf_weight=112 44 40 566 41 46 374 69 41 41 193 42 113 41 190
leaf_count=112 44 40 566 41 46 374 69 41 41 193 42 113 41 190
internal_value=-2.56016e-05 0.00157516 0.00210872 0.00160662 -0.00119306 0.000361446 -0.00213777 0.00046729 -0.00853659 0.00409836 -0.00483092 -0.00681159 0.00121951 -0.00478548
internal_weight=1953 1111 1067 1027 461 415 842 428 123 305 414 345 82 303
internal_count=1953 1111 1067 1027 461 415 842 428 123 305 414 345 82 303
is_linear=0
shrinkage=0.05


Tree=203
num_leaves=15
num_cat=0
split_feature=2 4 8 8 6 8 0 0 7 7 0 4 7 1
split_gain=2.45468 3.84519 10.8375 4.16045 3.75022 3.28514 3.9855 5.1218 3.85483 3.8175 3.25492 2.9151 3.10542 4.69456
threshold=0.43028281133296192 9.145500000000002 -1.0024999999999997 -0.19999999999999998 13.901000000000002 -1.0469999999999999 15.449000000000002 17.620500000000003 580.01100000000008 767.94700000000012 14.698500000000001 10.525500000000003 313.87600000000003 0.42833659622166903
decision_type=2 2 2 2 2 2 2 2 2 2 2 2 2 2
left_child=1 2 -1 4 -4 6 -3 -8 -9 -10 -2 -7 13 -13
right_child=10 5 3 -5 -6 11 7 8 9 -11 -12 12 -14 -15
leaf_value=-0.003153476203612927 -6.0769572514310367e-05 -0.001727762131349081 0.016162087674718863 0.00039639642549385849 0.00051216271222974819 -0.0067237638279178912 0.021780318383419414 -0.0041258651403250834 0.013188014861556985 0.00012937980057870502 -0.010396573879074356 0.011002194067181496 -0.00021111318453253538 -0.0016877353991489542
leaf_weight=96 614 85 58 54 48 54 44 40 71 111 41 82 497 58
leaf_count=96 614 85 58 54 48 54 44 40 71 111 41 82 497 58
internal_value=0.000281618 0.00154083 0.00703125 0.015 0.0207547 0.000191939 0.00413105 0.00714286 0.00405405 0.00714286 -0.00221374 -0.00180897 -0.000863422 0.00571429
internal_weight=1953 1298 256 160 106 1042 351 266 222 182 655 691 637 140
internal_count=1953 1298 256 160 106 1042 351 266 222 182 655 691 637 140
is_linear=0
shrinkage=0.05


Tree=204
num_leaves=15
num_cat=0
split_feature=6 3 2 5 4 1 3 5 5 7 6 4 3 7
split_gain=2.3009 2.71426 5.49212 4.83517 3.39 5.39285 3.8926 4.88643 6.50263 4.88067 3.30793 3.25854 3.94571 4.40091
threshold=11.310000000000002 18.278000000000002 0.76110425866077447 12.237500000000002 17.182000000000002 0.67050644418468353 94.499000000000009 2.4790000000000005 5.6780000000000008 106.55550000000001 3.9720000000000004 13.083500000000003 59.901500000000006 175.53850000000003
decision_type=2 2 2 2 2 2 2 2 2 2 2 2 2 2
left_child=1 2 3 -1 11 6 -6 -8 9 -9 -4 12 -3 -14
right_child=-2 4 10 -5 5 -7 7 8 -10 -11 -12 -13 13 -15
leaf_value=-0.021490595084331213 0.00019762334782004871 0.0075289197987935931 -0.01342491375674093 0.0001147108523221252 -0.011157264555747018 0.0075745979201144236 -0.0013561298288145556 -0.00064643668269668067 -0.0028164134339848795 0.0032217197608404359 0.0058635624611800691 0.0035128599413853166 0.0016096139579329955 -0.0016746397589843531
leaf_weight=77 983 41 41 40 48 79 48 51 40 54 53 162 103 133
leaf_count=77 983 41 41 40 48 79 48 51 40 54 53 162 103 133
internal_value=-0.000128008 -0.00185567 -0.00687204 -0.0141026 -0.000461133 -0.004375 -0.00809129 -0.00492228 -0.000344828 0.00619048 0.00212766 0.0023918 -0.000902527 -0.00338983
internal_weight=1953 970 211 117 759 320 241 193 145 105 94 439 277 236
internal_count=1953 970 211 117 759 320 241 193 145 105 94 439 277 236
is_linear=0
shrinkage=0.05


Tree=205
num_leaves=15
num_cat=0
split_feature=2 2 7 6 4 2 6 6 4 6 7 0 6 6
split_gain=1.81265 3.02547 4.19342 2.88175 4.48567 2.82265 2.43182 3.14571 2.36765 3.90646 2.2918 2.06375 1.80468 3.23137
threshold=0.83399694777620859 0.67209495862812607 228.96900000000002 5.4285000000000005 11.014000000000001 0.57132313271480106 7.5900000000000007 8.386000000000001 11.704000000000002 8.386000000000001 192.02400000000003 14.932500000000003 8.9475000000000016 10.638000000000002
decision_type=2 2 2 2 2 2 2 2 2 2 2 2 2 2
left_child=1 5 -3 4 -2 6 11 -8 -5 -10 -11 -1 -9 -14
right_child=3 2 -4 8 -6 -7 7 12 9 10 -12 -13 13 -15
leaf_value=0.0067072570444792982 -0.0050601508444129591 -4.4810083451446436e-06 0.0055703843381210653 0.00012741064712077784 0.010766503838274898 -0.003104667785769353 -0.0094773512777408756 0.0020424640760890902 -0.00093908065198105716 -0.00016626972243555805 0.0005206154037672759 -0.00011513137948109959 -0.0010953726613257275 0.00020578815392700844
leaf_weight=49 52 77 71 62 61 72 55 43 60 56 46 40 178 1031
leaf_count=49 52 77 71 62 61 72 55 43 60 56 46 40 178 1031
internal_value=-7.68049e-05 0.000618812 0.00743243 -0.00341246 0.00309735 -6.81199e-05 0.000429799 -0.000114767 -0.00669643 -0.00987654 -0.00392157 0.00842697 0.000399361 4.13565e-05
internal_weight=1953 1616 148 337 113 1468 1396 1307 224 162 102 89 1252 1209
internal_count=1953 1616 148 337 113 1468 1396 1307 224 162 102 89 1252 1209
is_linear=0
shrinkage=0.05


Tree=206
num_leaves=15
num_cat=0
split_feature=7 8 8 2 0 6 7 1 8 4 0 1 8 4
split_gain=1.85611 1.6039 1.94835 2.45168 5.28559 2.85535 6.05171 5.3819 4.90208 3.81635 2.72749 2.68376 2.4091 5.5898
threshold=880.07900000000006 -2.5634999999999999 -0.67799999999999994 -0.33100558041451072 20.049000000000003 7.1565000000000012 129.56050000000002 0.95444582372253872 -1.1539999999999997 13.393500000000001 12.653500000000003 -0.82391537601316189 -0.37649999999999995 8.600500000000002
decision_type=2 2 2 2 2 2 2 2 2 2 2 2 2 2
left_child=1 -1 3 11 5 6 -5 8 -7 -8 -10 -3 13 -4
right_child=-2 2 12 4 -6 7 9 -9 10 -11 -12 -13 -14 -15
leaf_value=-0.00071190252993538208 0.00060989446195433984 -0.0095455100750208837 0.0037662203572037534 -0.0070300527904697306 0.010413639160408081 0.010605370935087587 -0.0036544814807359868 -0.00099623757387264371 0.00048872026775156408 0.001508386441208448 -0.0036211642360580499 1.5381937178315931e-06 -1.4063884048037822e-05 -0.0034674187671093152
leaf_weight=47 84 48 43 40 44 111 64 85 40 40 43 331 724 209
leaf_count=47 84 48 43 40 44 111 64 85 40 40 43 331 724 209
internal_value=-0.000128008 -0.000454789 -0.000219539 0.00153664 0.00396146 0.00224586 -0.00347222 0.00519713 0.00979381 0.00288462 0.00060241 -0.00145119 -0.0017418 -0.00595238
internal_weight=1953 1869 1822 846 467 423 144 279 194 104 83 379 976 252
internal_count=1953 1869 1822 846 467 423 144 279 194 104 83 379 976 252
is_linear=0
shrinkage=0.05


Tree=207
num_leaves=15
num_cat=0
split_feature=3 0 1 6 6 2 2 5 3 0 5 6 5 7
split_gain=2.00602 3.75556 3.2 1.92069 4.5583 1.48485 2.93991 2.62425 5.22492 4.62171 4.22775 2.95971 2.64238 1.46689
threshold=0.10300000000000001 15.698500000000001 -0.32084646754213797 16.377500000000005 15.604500000000002 0.80444483470750872 0.76110425866077447 5.0305000000000009 93.274000000000015 6.9305000000000012 5.9215000000000009 7.3115000000000014 3.1585000000000005 616.98400000000004
decision_type=2 2 2 2 2 2 2 2 2 2 2 2 2 2
left_child=1 -1 -3 4 5 6 13 9 10 11 -9 -7 -11 -2
right_child=3 2 -4 -5 -6 7 -8 8 -10 12 -12 -13 -14 -15
leaf_value=-0.0031180917271714254 4.405573992788403e-05 0.00046562481457846641 0.0020577577301877981 -0.0044812978873615987 0.002622221429620156 0.011137609296333006 0.01108094851510948 -0.0063323610259363424 -0.0097606522512650295 -0.0053760777772828275 0.001070037009134922 1.1825116286307003e-07 -3.6021717207676555e-05 -0.00026934198254298868
leaf_weight=45 825 40 40 48 78 41 43 40 42 54 55 48 68 486
leaf_count=45 825 40 40 48 78 41 43 40 42 54 55 48 68 486
internal_value=-0.000128008 0.006 0.0125 -0.000547046 -0.000280899 -0.000822562 -7.38552e-05 -0.00373563 -0.00912409 -0.000236967 -0.00263158 0.00842697 -0.00655738 -0.000495805
internal_weight=1953 125 80 1828 1780 1702 1354 348 137 211 95 89 122 1311
internal_count=1953 125 80 1828 1780 1702 1354 348 137 211 95 89 122 1311
is_linear=0
shrinkage=0.05


Tree=208
num_leaves=15
num_cat=0
split_feature=7 7 4 2 4 8 6 8 8 8 7 5 5 6
split_gain=1.7096 1.49217 1.81996 4.2068 3.0333 3.1928 2.47266 3.53403 6.65584 4.7687 5.51941 3.38899 3.64909 4.08681
threshold=17.304500000000001 34.113500000000009 25.961000000000002 0.37522380421282725 22.849500000000003 -0.21049999999999996 2.6270000000000002 -0.65899999999999992 -0.90149999999999986 -0.84549999999999981 427.57450000000006 4.4675000000000002 6.2465000000000011 8.8450000000000006
decision_type=2 2 2 2 2 2 2 2 2 2 2 2 2 2
left_child=-1 -2 4 -4 6 -6 -3 8 11 -10 -11 -8 -13 -14
right_child=1 2 3 -5 5 -7 7 -9 9 10 -12 12 13 -15
leaf_value=-0.00042751917803681154 0.0011979960796456635 -0.0049958619283049181 -5.2657113482987297e-05 0.0039797926908028752 -0.0044870298656794318 7.3319008468075708e-05 0.0040381578130651644 -0.00017062353802944907 0.011124394653722947 0.0027125807428312596 -3.3247390886949336e-05 -0.016470965720470639 0.0011496635996750882 -0.00019392906259455835
leaf_weight=40 40 66 57 49 59 51 49 795 51 42 89 40 73 452
leaf_count=40 40 66 57 49 59 51 49 795 51 42 89 40 73 452
internal_value=0.000230415 0.000444328 0.000240256 0.00660377 -0.000141483 -0.00818182 0.000392275 0.000785669 0.0031407 0.0115385 0.00648855 0.000651466 -0.000442478 0.000666667
internal_weight=1953 1913 1873 106 1767 110 1657 1591 796 182 131 614 565 525
internal_count=1953 1913 1873 106 1767 110 1657 1591 796 182 131 614 565 525
is_linear=0
shrinkage=0.05


Tree=209
num_leaves=15
num_cat=0
split_feature=8 3 8 6 6 0 5 1 3 6 6 1 6 2
split_gain=3.68783 1.74316 2.5825 2.11784 3.76516 1.67171 3.74816 2.60301 3.11738 4.35183 3.09163 3.0999 2.80111 2.48807
threshold=-2.6729999999999996 0.10300000000000001 -1.1449999999999998 16.377500000000005 15.604500000000002 14.410500000000001 11.090000000000002 0.098678873477280007 15.646500000000001 10.638000000000002 6.9770000000000012 -0.6118807350392268 3.9720000000000004 0.1093682717844857
decision_type=2 2 2 2 2 2 2 2 2 2 2 2 2 2
left_child=-1 2 -2 4 5 6 7 8 -3 10 12 -12 -10 -7
right_child=1 3 -4 -5 -6 13 -8 -9 9 -11 11 -13 -14 -15
leaf_value=-0.00070577277297358696 0.0025537989023451668 0.0094335687598200938 -9.2480337025024897e-07 -0.0042555706234491675 0.0024295964120787717 -5.3616366616291121e-05 0.0046815754056245577 -0.00027308830051202271 0.01405641416960437 -0.0014986159040544782 -6.8841763966245436e-05 0.0021029328463089596 -0.0024095669766033157 -0.0024895775950345648
leaf_weight=40 51 49 72 48 77 730 67 415 41 54 56 86 40 127
leaf_count=40 51 49 72 48 77 730 67 415 41 54 56 86 40 127
internal_value=2.56016e-05 0.00033978 0.00609756 -5.58659e-05 0.000229621 -0.00027027 0.00136139 0.000337382 0.00368098 0.00162455 0.00470852 0.00915493 -0.00308642 -0.00180863
internal_weight=1953 1913 123 1790 1742 1665 808 741 326 277 223 142 81 857
internal_count=1953 1913 123 1790 1742 1665 808 741 326 277 223 142 81 857
is_linear=0
shrinkage=0.05


Tree=210
num_leaves=15
num_cat=0
split_feature=6 4 0 0 8 2 2 2 0 3 3 8 7 6
split_gain=1.75296 4.24034 6.8585 3.96608 3.95795 2.8103 2.92579 1.68013 2.09769 7.24139 2.08695 3.53053 1.71474 3.67371
threshold=5.9250000000000016 9.0475000000000012 5.3030000000000008 3.9720000000000004 -1.3139999999999998 0.97879788253113664 0.90906259831586944 0.83399694777620859 8.7345000000000024 90.77300000000001 0.10300000000000001 -1.1449999999999998 88.964000000000013 7.8850000000000007
decision_type=2 2 2 2 2 2 2 2 2 2 2 2 2 2
left_child=1 -1 -3 -2 -4 6 7 8 9 -5 11 -10 -12 -14
right_child=3 2 4 5 -6 -7 -8 -9 10 -11 12 -13 13 -15
leaf_value=-0.0054679093112788074 -0.018953907332205561 0.014123311976096849 -0.0023544576598513857 -0.0013438407184032054 0.00050366634644272992 -0.00047157702816604257 0.0011293469624745146 -0.0014717318654686356 0.0050328588816458859 0.0091832860532797198 -0.0015162754500624668 -5.2193643242452738e-05 0.0063612677829664906 -0.00010280043730277111
leaf_weight=64 41 42 44 51 54 61 57 60 43 58 72 52 51 1203
leaf_count=64 41 42 44 51 54 61 57 60 43 58 72 52 51 1203
internal_value=2.56016e-05 0.00441176 0.00928571 -0.000485992 0.00204082 -0.000117096 0.000273224 -0.000125786 0.000196078 0.00688073 -0.000316678 0.00684211 -0.000829563 -0.000398724
internal_weight=1953 204 140 1749 98 1708 1647 1590 1530 109 1421 95 1326 1254
internal_count=1953 204 140 1749 98 1708 1647 1590 1530 109 1421 95 1326 1254
is_linear=0
shrinkage=0.05


Tree=211
num_leaves=15
num_cat=0
split_feature=7 6 8 6 8 7 8 8 8 5 2 3 1 0
split_gain=1.6251 2.52171 3.35292 3.00083 6.66229 5.4023 2.64261 3.47338 3.25579 2.89283 2.43699 2.26105 2.71403 3.38302
threshold=17.304500000000001 7.8205000000000009 -1.4954999999999998 10.119000000000002 -1.5914999999999997 490.05300000000005 0.38500000000000006 -0.15349999999999997 1.0835000000000001 4.1430000000000007 0.89420283937402645 1.7350000000000001 0.94130860066615818 10.848000000000001
decision_type=2 2 2 2 2 2 2 2 2 2 2 2 2 2
left_child=-1 2 -2 4 -3 6 7 9 -8 -6 11 -5 13 -13
right_child=1 3 -4 10 5 -7 8 -9 -10 -11 -12 12 -14 -15
leaf_value=-0.00087352989125961424 -0.00080805469988700642 0.00828475122587914 0.00097593101728988836 0.00066393665531342414 0.00045929018975482405 -0.011682385740483159 -0.0050433309978855402 0.0078398108364532825 -0.00025299287087393872 -0.0026406660080803058 0.00042577579806332146 -0.004437990317312024 0.00070945040898071641 -9.2065836983401539e-05
leaf_weight=40 72 44 274 107 40 53 42 65 46 78 47 69 155 821
leaf_count=40 72 44 274 107 40 53 42 65 46 78 47 69 155 821
internal_value=-2.56016e-05 0.000182959 0.00404624 -0.00067007 -0.00461957 -0.00709877 -0.00424354 -0.000819672 -0.0113636 -0.0059322 0.000542118 8.68056e-05 -0.00062201 -0.00168539
internal_weight=1953 1913 346 1567 368 324 271 183 88 118 1199 1152 1045 890
internal_count=1953 1913 346 1567 368 324 271 183 88 118 1199 1152 1045 890
is_linear=0
shrinkage=0.05


Tree=212
num_leaves=15
num_cat=0
split_feature=7 6 3 7 8 8 6 6 6 6 7 1 2 5
split_gain=1.65864 1.94922 3.14513 4.1696 3.67923 3.74704 2.81951 2.52761 2.28437 2.80409 5.25742 4.14848 2.97905 3.55149
threshold=17.304500000000001 7.9135000000000009 18.829000000000004 247.16850000000002 -0.79149999999999998 0.32500000000000007 5.9250000000000016 8.349000000000002 8.6490000000000027 9.8620000000000019 280.23400000000009 0.047250493887438572 0.89420283937402645 4.7910000000000013
decision_type=2 2 2 2 2 2 2 2 2 2 2 2 2 2
left_child=-1 2 -2 4 6 -6 -4 -3 -9 10 11 -10 13 -11
right_child=1 7 3 -5 5 -7 -8 8 9 12 -12 -13 -14 -15
leaf_value=-0.00082985339669663233 -0.0029227743771812822 -0.017984206701638684 -0.0034113137743691764 0.0096240967477352283 0.01085496003032317 -0.00013377549929192157 0.00016070737659662772 0.011062362537871224 0.00084150257319141474 -0.0049960589414134952 -0.0026611340427867437 -0.0044998715753076235 0.0012903398632401531 6.6567938262329648e-05
leaf_weight=40 96 54 40 72 72 41 41 46 54 49 84 66 55 1143
leaf_count=40 96 54 40 72 72 41 41 46 54 49 84 66 55 1143
internal_value=7.68049e-05 0.000287507 0.00359116 0.00639098 0.00257732 0.00840708 -0.00555556 -0.000483559 -0.0001002 -0.000447967 -0.00588235 0.000833333 0.000441059 -8.38926e-05
internal_weight=1953 1913 362 266 194 113 81 1551 1497 1451 204 120 1247 1192
internal_count=1953 1913 362 266 194 113 81 1551 1497 1451 204 120 1247 1192
is_linear=0
shrinkage=0.05


Tree=213
num_leaves=15
num_cat=0
split_feature=1 6 8 5 5 5 2 0 5 6 1 2 3 3
split_gain=1.81297 2.43055 1.64033 1.93849 2.90646 1.7466 3.35996 2.0918 2.75278 2.1264 5.15202 3.37754 2.69324 6.43719
threshold=-0.98211651112579568 11.227500000000001 1.9875000000000003 2.3460000000000005 1.2930000000000004 3.1585000000000005 0.99276848381014016 6.2280000000000006 7.0755000000000008 7.6995000000000013 -0.63874350706337046 0.81502833751681136 9.1880000000000006 5.1890000000000009
decision_type=2 2 2 2 2 2 2 2 2 2 2 2 2 2
left_child=1 -1 3 4 -2 -5 7 8 -7 10 -9 -12 13 -11
right_child=2 -3 -4 5 -6 6 -8 9 -10 12 11 -13 -14 -15
leaf_value=-0.0017766941697378138 -0.0010481844940646689 9.7174054787388386e-05 -0.00062897714885526705 -0.0036898006235806359 0.001180051828092177 -0.013503915470969297 0.00089014143694132329 -0.0034360053541192316 0.00020091933125154782 3.327937275228177e-05 0.018340529506580289 0.00022156102858829631 -0.00014437741692898686 0.010888432292043988
leaf_weight=62 47 48 42 73 75 72 49 45 43 247 47 52 998 53
leaf_count=62 47 48 42 73 75 72 49 45 43 247 47 52 998 53
internal_value=-0.000128008 -0.00636364 0.000244167 0.00047196 0.00655738 2.97796e-05 0.000373599 -3.2113e-05 -0.00652174 0.000485437 0.00625 0.0126263 -0.000154083 0.004
internal_weight=1953 110 1843 1801 122 1679 1606 1557 115 1442 144 99 1298 300
internal_count=1953 110 1843 1801 122 1679 1606 1557 115 1442 144 99 1298 300
is_linear=0
shrinkage=0.05


Tree=214
num_leaves=15
num_cat=0
split_feature=0 8 7 6 8 4 2 2 2 0 6 0 4 5
split_gain=2.00737 1.80343 1.56782 2.67282 7.04338 5.01337 2.34831 2.7414 2.89326 2.0309 5.59184 3.94047 2.45 2.38601
threshold=3.2095000000000007 -2.5634999999999999 255.5515 9.8115000000000023 -1.3459999999999999 8.2540000000000031 0.60605034090854637 0.43028281133296192 0.31064877563037102 8.2885000000000009 8.2360000000000024 10.020500000000002 16.486500000000003 3.0740000000000003
decision_type=2 2 2 2 2 2 2 2 2 2 2 2 2 2
left_child=-1 -2 9 4 -4 -6 7 8 -5 10 -3 -11 -12 -13
right_child=1 2 3 6 5 -7 -8 -9 -10 11 12 13 -14 -15
leaf_value=0.00095447879229746194 -0.00099577526936143741 -0.00030439934782247862 0.0025328077347049893 -3.1320634553966276e-05 0.0022023061855822759 -0.0050270630983947741 0.0050067233227530502 -0.0041924305777692687 0.01026857210042182 -0.0010920334783913297 0.012767124272948478 -0.0022674689399728417 0.00083611397871259381 0.00025644988076152785
leaf_weight=52 43 78 57 973 51 136 44 43 43 90 40 92 40 171
leaf_count=52 43 78 57 973 51 136 44 43 43 90 40 92 40 171
internal_value=-7.68049e-05 -0.000341925 -0.000107643 -0.00100223 -0.0057377 -0.0104278 4.53309e-05 -0.000424929 9.84252e-05 0.00225049 0.00696203 0.000141643 0.01625 0.00323194
internal_weight=1953 1901 1858 1347 244 187 1103 1059 1016 511 158 353 80 263
internal_count=1953 1901 1858 1347 244 187 1103 1059 1016 511 158 353 80 263
is_linear=0
shrinkage=0.05


Tree=215
num_leaves=15
num_cat=0
split_feature=0 3 3 6 8 4 2 1 4 1 6 6 0 5
split_gain=2.05001 1.86248 7.72428 4.35907 4.41602 6.09972 3.54236 3.9196 2.93805 2.78933 2.19406 5.85289 5.54108 4.58354
threshold=3.2095000000000007 22.285500000000003 15.865 13.479500000000002 -0.063499999999999987 13.393500000000001 -0.4572439375041048 0.081558489694578698 8.4875000000000025 -0.47813486327663873 8.9845000000000024 9.5055000000000014 6.9305000000000012 6.8800000000000008
decision_type=2 2 2 2 2 2 2 2 2 2 2 2 2 2
left_child=-1 2 3 4 5 8 7 9 -2 -5 13 -12 -13 -3
right_child=1 10 -4 6 -6 -7 -8 -9 -10 -11 11 12 -14 -15
leaf_value=0.00090675485268258834 -0.00048811796094632711 2.8696787462564879e-05 -0.0081500098704970075 0.00062216702274245361 0.004761049222162566 0.00036620973082260869 0.0045258048595163969 0.00065808687872204044 -0.019711825618371016 -0.0037184303312534752 -0.0019055366936327812 0.00663566799570409 -3.2272783035114382e-05 0.004443956074317067
leaf_weight=52 55 325 47 44 40 95 50 67 74 41 73 41 875 74
leaf_count=52 55 325 47 44 40 95 50 67 74 41 73 41 875 74
internal_value=-0.000179211 -0.000447133 -0.00302144 -0.00107296 -0.00530303 -0.00803571 0.00445545 0.000657895 -0.0151163 -0.00647059 0.000504323 -0.000758342 0.000327511 0.00363409
internal_weight=1953 1901 513 466 264 224 202 152 129 85 1388 989 916 399
internal_count=1953 1901 513 466 264 224 202 152 129 85 1388 989 916 399
is_linear=0
shrinkage=0.05


Tree=216
num_leaves=15
num_cat=0
split_feature=0 0 2 3 2 4 5 4 8 5 0 0 1 3
split_gain=2.02863 2.8865 2.03994 2.70169 2.28526 5.99752 1.938 2.6005 5.08611 5.69735 4.17461 2.58052 3.85042 2.69684
threshold=3.2095000000000007 4.5090000000000012 0.97879788253113664 99.998500000000021 0.88234143329564307 13.393500000000001 21.515500000000003 9.6450000000000014 -0.90149999999999986 11.931000000000003 7.8485000000000005 25.964000000000002 -0.45914483320598648 78.132500000000007
decision_type=2 2 2 2 2 2 2 2 2 2 2 2 2 2
left_child=-1 -2 4 -4 6 -6 7 8 9 -3 -9 13 -13 -12
right_child=1 2 3 -5 5 -7 -8 10 -10 -11 11 12 -14 -15
leaf_value=0.00086141711004845696 -0.001105680085784097 -0.0093559246900362103 -0.006457605074722865 1.352781044234308e-05 -0.0015054090779836008 0.0037612903862328608 0.00246096527063191 -0.0010287229684838826 0.0011220186459111603 0.00060987350809958436 0.00034577880478995075 -0.023579288413788143 0.00031649159995149616 -0.00017132104028876467
leaf_weight=52 48 59 42 43 56 69 56 78 223 75 435 48 51 618
leaf_count=52 48 59 42 43 56 69 56 78 223 75 435 48 51 618
internal_value=-0.000128008 -0.000394529 -8.09498e-05 -0.00764706 0.000282805 0.0068 -0.000213025 -0.000535602 0.00322129 -0.00447761 -0.00162602 -0.000868056 -0.00858586 -0.00014245
internal_weight=1953 1901 1853 85 1768 125 1643 1587 357 134 1230 1152 99 1053
internal_count=1953 1901 1853 85 1768 125 1643 1587 357 134 1230 1152 99 1053
is_linear=0
shrinkage=0.05


Tree=217
num_leaves=15
num_cat=0
split_feature=0 0 5 1 7 8 8 1 6 8 4 4 8 5
split_gain=2.0931 2.81173 1.41891 3.34148 4.41778 2.97164 3.2293 2.09806 2.7239 1.95737 4.60952 5.87943 4.00141 6.17979
threshold=3.2095000000000007 4.5090000000000012 15.097500000000002 0.098678873477280007 682.23100000000011 -0.91249999999999998 -1.4264999999999997 -0.98211651112579568 11.262500000000001 -1.5914999999999997 14.341500000000002 22.736000000000004 -0.88349999999999984 11.416500000000001
decision_type=2 2 2 2 2 2 2 2 2 2 2 2 2 2
left_child=-1 -2 7 4 -4 6 -6 8 -3 10 -9 -12 13 -11
right_child=1 2 3 -5 5 -7 -8 9 -10 12 11 -13 -14 -15
leaf_value=0.0008183462545460333 -0.0010503960814948949 -0.010117338689102001 0.0046609843560518659 0.0089743138178277511 -0.0063229889954138892 -0.0061446094886896344 0.002104058293107522 -0.0021015387140515709 0.00012248633655261853 -4.7693278665048026e-05 0.01070223346034733 -0.00057220441248789224 9.031644159253269e-05 -0.0033492631680441089
leaf_weight=52 48 50 40 51 54 45 48 48 43 234 76 44 982 138
leaf_count=52 48 50 40 51 54 45 48 48 43 234 76 44 982 138
internal_value=-0.000281618 -0.000552341 -0.000242849 0.00336134 0.00026738 -0.0037415 0.000980392 -0.000773994 -0.00806452 -0.000328515 0.0047619 0.01 -0.000960118 -0.00537634
internal_weight=1953 1901 1853 238 187 147 102 1615 93 1522 168 120 1354 372
internal_count=1953 1901 1853 238 187 147 102 1615 93 1522 168 120 1354 372
is_linear=0
shrinkage=0.05


Tree=218
num_leaves=15
num_cat=0
split_feature=8 8 0 3 1 1 1 4 3 4 0 4 6 4
split_gain=2.50027 2.98633 2.02137 2.75431 3.66354 3.04308 4.96346 5.22644 4.89858 3.31215 4.45464 4.76808 4.24114 4.94026
threshold=-2.6729999999999996 -2.1709999999999998 30.115500000000004 4.4810000000000008 0.94697898371965716 0.73465119469809237 0.65765423894015862 18.144500000000004 22.285500000000003 15.109000000000002 18.670500000000004 17.049000000000003 7.4335000000000013 6.5825000000000005
decision_type=2 2 2 2 2 2 2 2 2 2 2 2 2 2
left_child=-1 -2 3 -3 5 6 7 8 -5 12 11 -11 -10 -14
right_child=1 2 -4 4 -6 -7 -8 -9 9 10 -12 -13 13 -15
leaf_value=-0.000755983023351213 0.0016503749612263739 0.00030835923842986311 -0.0012835288860402639 -0.0015557502526721543 0.00088085720711257869 -0.0013924789924539974 0.0050183525656191559 -0.00049783878359483877 0.0054858061089317796 0.0088819439563185779 0.010399758339033749 -0.0061589163539585885 0.004802666595038186 -0.00079748363032188484
leaf_weight=40 57 211 59 168 182 229 58 333 107 49 55 40 49 316
leaf_count=40 57 211 59 168 182 229 58 333 107 49 55 40 49 316
internal_value=-0.000128008 0.000130685 -0.000215517 8.34725e-05 -0.000630517 -0.00149573 -0.000468085 -0.00120859 0.00102041 0.00308442 0.00972222 0.00280899 0.00105932 -0.00150685
internal_weight=1953 1913 1856 1797 1586 1404 1175 1117 784 616 144 89 472 365
internal_count=1953 1913 1856 1797 1586 1404 1175 1117 784 616 144 89 472 365
is_linear=0
shrinkage=0.05


Tree=219
num_leaves=15
num_cat=0
split_feature=8 8 3 1 5 6 7 3 3 1 1 4 7 5
split_gain=2.39786 3.12641 2.24328 4.22691 2.12033 2.53301 2.57241 2.04478 2.33844 1.61651 3.42578 4.11633 3.61246 3.32857
threshold=-2.6729999999999996 -2.1709999999999998 4.4810000000000008 0.94697898371965716 16.393000000000004 9.6265000000000018 697.67950000000008 62.846500000000006 98.642500000000027 0.73465119469809237 0.67760851415498113 18.144500000000004 843.09850000000017 13.086500000000003
decision_type=2 2 2 2 2 2 2 2 2 2 2 2 2 2
left_child=-1 -2 4 9 5 -3 -7 -5 -9 10 11 12 -4 -14
right_child=1 2 3 7 -6 6 -8 8 -10 -11 -12 -13 13 -15
leaf_value=-0.00071818387218365175 0.0015678562131650553 -0.00043723717133414277 0.00016528171132268316 0.0073346437325612903 -0.0012193524417382529 0.0029343161442710055 0.00027150396367759679 -0.00094362006114047804 0.0011721174269563196 -0.0013228550428312975 0.0047315750139908189 -0.00040507609079145084 0.00024283268009755445 -0.0094411710209654446
leaf_weight=40 57 62 740 58 47 44 76 46 78 229 45 340 41 50
leaf_count=40 57 62 740 58 47 44 76 46 78 229 45 340 41 50
internal_value=-0.000384025 -0.000130685 -0.000484914 -0.00113706 0.00414847 0.00659341 0.0108333 0.00604396 0.00241935 -0.00204152 -0.00131579 -0.00183604 6.01685e-05 -0.00934066
internal_weight=1953 1913 1856 1627 229 182 120 182 124 1445 1216 1171 831 91
internal_count=1953 1913 1856 1627 229 182 120 182 124 1445 1216 1171 831 91
is_linear=0
shrinkage=0.05


Tree=220
num_leaves=15
num_cat=0
split_feature=7 3 1 6 7 7 7 4 6 0 0 1 0 8
split_gain=2.87333 7.05009 4.04131 5.58653 2.89598 2.63954 3.27373 4.74079 3.25823 3.11123 3.41128 3.62465 6.75286 4.88522
threshold=848.7505000000001 1.5950000000000002 0.098678873477280007 14.855000000000002 830.14200000000017 801.01250000000016 755.53050000000007 13.287500000000001 15.298000000000002 25.964000000000002 23.368500000000004 -0.40542197401079716 20.003500000000006 -2.0004999999999993
decision_type=2 2 2 2 2 2 2 2 2 2 2 2 2 2
left_child=4 -2 -3 -4 5 6 8 -8 9 10 11 13 -13 -1
right_child=1 2 3 -5 -6 -7 7 -9 -10 -11 -12 12 -14 -15
leaf_value=-0.00068227467857446828 0.001552928173645335 -0.0091278327497072709 -0.00060011396696002528 0.0045308561866386583 -0.0040609819224008527 0.0027305931805465221 -0.00025721915283431209 -0.0074738365444936838 0.010057134706753248 -0.023250628449927237 0.0023033478854973589 -6.9959347873327365e-05 0.012452053660641206 -0.00025419225517268884
leaf_weight=52 44 41 55 56 49 70 57 41 43 47 59 854 53 432
leaf_count=52 44 41 55 56 49 70 57 41 43 47 59 854 53 432
internal_value=-0.000640041 0.00510204 0 0.00495495 -0.00128059 -0.000936768 -0.0013431 -0.0102041 -0.000779221 -0.001169 -0.000758621 -0.00125809 0.000606395 -0.00475207
internal_weight=1953 196 152 111 1757 1708 1638 98 1540 1497 1450 1391 907 484
internal_count=1953 196 152 111 1757 1708 1638 98 1540 1497 1450 1391 907 484
is_linear=0
shrinkage=0.05


Tree=221
num_leaves=15
num_cat=0
split_feature=8 8 2 0 7 0 8 6 4 6 4 3 7 8
split_gain=2.33745 2.32033 2.17472 3.57763 3.38242 3.2 2.74547 4.55238 7.06564 3.36385 3.12055 8.4544 2.68846 4.41888
threshold=-2.6729999999999996 -2.1709999999999998 0.42110087079608943 14.698500000000001 369.13100000000003 9.0895000000000028 -1.4344999999999997 5.3005000000000004 10.977500000000001 9.9110000000000014 11.704000000000002 94.125000000000014 364.74500000000006 0.014500000000000001
decision_type=2 2 2 2 2 2 2 2 2 2 2 2 2 2
left_child=-1 -2 12 4 6 -6 -4 8 -8 10 -9 -12 13 -3
right_child=1 2 3 -5 5 -7 7 9 -10 -11 11 -13 -14 -15
leaf_value=-0.00064816094464574406 0.0014929613699004682 0.0038147737697284455 -0.0025387899156800926 -0.011801872808207391 -0.00015640665011348658 0.0056933840922347824 -0.001293356523135636 -4.1228497982886975e-05 0.012506780811758756 0.00019093807920585044 -0.020868507319188406 -0.00023368425044417718 -8.5769845245101123e-05 -0.00013961220692909059
leaf_weight=40 57 128 46 40 40 40 52 70 48 118 40 113 1003 118
leaf_count=40 57 128 46 40 40 40 52 70 48 118 40 113 1003 118
internal_value=-0.000537634 -0.000287507 -0.000592672 -0.00304778 -0.00202822 0.0075 -0.00359343 -0.00238095 0.007 -0.00513196 -0.00874439 -0.0127451 0.00060048 0.00528455
internal_weight=1953 1913 1856 607 567 80 487 441 100 341 223 153 1249 246
internal_count=1953 1913 1856 607 567 80 487 441 100 341 223 153 1249 246
is_linear=0
shrinkage=0.05


Tree=222
num_leaves=15
num_cat=0
split_feature=8 8 5 7 7 7 4 8 5 0 4 2 7 4
split_gain=2.37764 2.85191 5.17085 2.7273 2.07617 2.05949 1.93542 5.87516 1.86786 5.09062 4.26123 2.11693 2.07885 3.17394
threshold=-2.6729999999999996 -1.9349999999999998 7.2815000000000003 22.302000000000003 880.07900000000006 44.706500000000013 25.710000000000004 0.23200000000000004 15.097500000000002 28.361500000000003 13.990500000000003 -0.99113067767854335 708.70350000000008 22.252000000000006
decision_type=2 2 2 2 2 2 2 2 2 2 2 2 2 2
left_child=-1 2 -2 -3 5 -5 8 -8 11 10 -10 -7 13 -13
right_child=1 3 -4 4 -6 6 7 -9 9 -11 -12 12 -14 -15
leaf_value=-0.00061575289741345812 0.01025020030067195 -0.0018091475609652644 -0.0002428692304236424 0.0016803194175234238 0.00044044916291922226 0.0082043348344310128 0.011963427893331269 -0.00013322475853600469 0.0063761735744616082 -0.0011214363440059966 -0.00022414623041404626 -0.00011542795796317118 -0.00067156983439620741 -0.0041862016622275016
leaf_weight=40 42 41 71 47 80 50 45 46 66 76 40 967 251 91
leaf_count=40 42 41 71 47 80 50 45 46 66 76 40 967 251 91
internal_value=-0.000435228 -0.000182959 0.00752212 -0.000666667 -0.000369528 -0.000744491 -0.00104167 0.00604396 -0.00146009 0.0032967 0.0103774 -0.00209713 -0.00248281 -0.00151229
internal_weight=1953 1913 113 1800 1759 1679 1632 91 1541 182 106 1359 1309 1058
internal_count=1953 1913 113 1800 1759 1679 1632 91 1541 182 106 1359 1309 1058
is_linear=0
shrinkage=0.05


Tree=223
num_leaves=15
num_cat=0
split_feature=8 5 5 3 3 2 8 7 5 7 7 6 0 3
split_gain=2.2976 2.00466 2.21939 3.57353 2.64467 6.5758 2.40502 7.21826 7.44048 1.89804 2.55512 4.07261 3.64612 3.19359
threshold=-2.6729999999999996 21.515500000000003 16.641500000000004 32.238500000000009 1.5950000000000002 -0.24877566908906687 -1.5914999999999997 593.18550000000016 7.4230000000000009 26.591000000000005 473.49200000000008 9.9575000000000014 19.905500000000004 59.901500000000006
decision_type=2 2 2 2 2 2 2 2 2 2 2 2 2 2
left_child=-1 2 4 -4 5 -2 7 8 -6 -8 12 -12 13 -11
right_child=1 -3 3 -5 6 -7 9 -9 -10 10 11 -13 -14 -15
leaf_value=-0.00058496525254278584 0.0048770676593322907 0.0022879047207096715 -0.014402917314858907 0.002838882919805991 0.0022037439442797921 -4.1045577103045186e-05 -0.001001120108203453 0.011730752832211581 -0.0079658416783323811 0.0011222333598694197 -0.015401578423054625 -0.00033535860812466197 0.0057261965736887079 -0.00014352739144216087
leaf_weight=40 41 56 54 48 64 86 42 46 48 176 44 582 59 567
leaf_count=40 41 56 54 48 64 86 42 46 48 176 44 582 59 567
internal_value=-0.000640041 -0.000392054 -0.000673129 -0.00784314 -0.00025641 0.00669291 -0.000798526 0.00506329 -0.00178571 -0.00142857 -0.00112045 -0.00351438 0.00074813 -0.000201884
internal_weight=1953 1913 1857 102 1755 127 1628 158 112 1470 1428 626 802 743
internal_count=1953 1913 1857 102 1755 127 1628 158 112 1470 1428 626 802 743
is_linear=0
shrinkage=0.05


Tree=224
num_leaves=15
num_cat=0
split_feature=5 7 7 6 8 7 7 4 0 5 8 0 0 0
split_gain=2.70448 2.11221 3.89292 2.22013 2.79562 1.35195 3.32489 4.56843 2.41441 4.55363 2.35336 1.71816 4.41176 4.1807
threshold=20.220000000000002 848.7505000000001 830.14200000000017 14.855000000000002 -0.76749999999999996 801.01250000000016 755.53050000000007 12.782500000000002 25.964000000000002 15.286500000000002 -2.3214999999999995 21.827500000000004 23.368500000000004 20.096000000000004
decision_type=2 2 2 2 2 2 2 2 2 2 2 2 2 2
left_child=1 2 5 -3 -5 6 8 -8 9 10 -1 13 -13 -12
right_child=-2 3 -4 4 -6 -7 7 -9 -10 -11 11 12 -14 -15
leaf_value=-0.0010427307422720522 0.00068092388422782426 -4.4252875167133393e-05 -0.0043158240207868126 0.0016188786007624969 0.0043033473418292532 0.0023849229079871397 -0.00018972328080429647 -0.007060225454431782 -0.021780477238342297 0.0040983245491191004 -6.6732099743153052e-05 -0.011292281955125213 0.00081366637262916472 0.0075509316439198396
leaf_weight=61 77 73 42 45 42 53 53 41 52 41 1196 54 48 75
leaf_count=61 77 73 42 45 42 53 53 41 52 41 1196 54 48 75
internal_value=-0.000742448 -0.0011194 -0.0016317 0.004375 0.00977011 -0.00125448 -0.00151141 -0.0106383 -0.000949574 -0.000576271 -0.00104603 -0.000619082 -0.00686275 -0.000118017
internal_weight=1953 1876 1716 160 87 1674 1621 94 1527 1475 1434 1373 102 1271
internal_count=1953 1876 1716 160 87 1674 1621 94 1527 1475 1434 1373 102 1271
is_linear=0
shrinkage=0.05


Tree=225
num_leaves=15
num_cat=0
split_feature=5 7 7 5 2 2 1 7 7 8 8 8 8 4
split_gain=2.67441 1.30486 2.18618 3.34697 1.82788 5.09613 3.18294 2.38983 5.27161 3.39873 2.68809 1.95978 4.38794 3.78093
threshold=20.220000000000002 17.304500000000001 51.192000000000007 1.9965000000000004 0.82438889030848939 0.76110425866077447 -0.37371625404731884 280.23400000000009 250.15600000000003 0.15450000000000003 -0.63049999999999995 0.053500000000000006 -0.078499999999999986 20.990500000000004
decision_type=2 2 2 2 2 2 2 2 2 2 2 2 2 2
left_child=1 -1 3 -3 5 11 -6 8 9 10 -8 12 -4 -13
right_child=-2 2 4 -5 6 -7 7 -9 -10 -11 -12 13 -14 -15
leaf_value=-0.00042064198144731239 0.0006468776900164342 0.0019424121912162029 -6.6801317429299181e-05 -6.3894203514100464e-05 -0.00061653609544361015 0.0090586937307796517 -0.00013403782033938327 -0.0112547911880137 0.01264819084115531 0.00080132206096376337 -0.015186143771438768 -0.0013723662816593875 0.0088629575107533332 0.00037837370252993276
leaf_weight=40 77 40 1062 48 48 49 53 48 41 54 40 209 55 89
leaf_count=40 77 40 1062 48 48 49 53 48 41 54 40 209 55 89
internal_value=-0.000691244 -0.0010661 -0.00087146 0.00681818 -0.00125858 -0.000546448 -0.00492958 -0.00254237 0 -0.00442177 -0.0102151 -0.00109541 -0.000134288 -0.00469799
internal_weight=1953 1876 1836 88 1748 1464 284 236 188 147 93 1415 1117 298
internal_count=1953 1876 1836 88 1748 1464 284 236 188 147 93 1415 1117 298
is_linear=0
shrinkage=0.05


Tree=226
num_leaves=15
num_cat=0
split_feature=5 1 8 8 2 7 4 8 6 7 0 2 0 7
split_gain=2.76513 1.89089 6.8765 3.78206 3.04596 4.49714 5.28934 4.88629 3.96482 3.63516 3.28979 2.51429 2.02576 4.25742
threshold=20.220000000000002 -0.40542197401079716 -2.0854999999999992 -2.1709999999999998 0.82438889030848939 328.90250000000009 10.856500000000002 -1.1539999999999997 11.928000000000003 228.96900000000002 20.298000000000005 0.56424300735932609 15.653500000000001 374.77600000000007
decision_type=2 2 2 2 2 2 2 2 2 2 2 2 2 2
left_child=1 2 -1 -3 5 9 8 -8 -7 11 -9 -4 -5 -14
right_child=-2 3 4 12 -6 6 7 10 -10 -11 -12 -13 13 -15
leaf_value=-0.0032583165017446266 0.0006145338055156158 0.01145978774781343 0.0035049995310446401 -0.00024412574636381026 -0.00034900470746108969 -0.00079549742208826824 0.00072612110962401173 -0.0072134971969686551 0.00724605913850861 0.003083230856146502 -0.00084172359820094554 -0.00038046993135203063 0.018046954215067093 1.3756961532462865e-05
leaf_weight=49 77 47 70 707 45 69 71 79 73 68 78 40 52 428
leaf_count=49 77 47 70 707 45 69 71 79 73 68 78 40 52 428
internal_value=-0.000844854 -0.00122601 -0.00342679 -8.10373e-05 -0.00193929 -0.000912409 -0.00405405 -0.00877193 0.00352113 0.00561798 -0.0136943 0 -0.000631845 0.001875
internal_weight=1953 1876 642 1234 593 548 370 228 142 178 157 110 1187 480
internal_count=1953 1876 642 1234 593 548 370 228 142 178 157 110 1187 480
is_linear=0
shrinkage=0.05


Tree=227
num_leaves=15
num_cat=0
split_feature=5 8 8 7 7 5 4 7 5 4 0 5 0 8
split_gain=1.94224 1.85623 1.54229 1.69784 1.34234 1.89827 5.21386 4.6463 3.1206 8.40686 5.82902 3.14092 2.76566 2.53907
threshold=20.220000000000002 -2.2689999999999997 -1.9349999999999998 22.302000000000003 51.192000000000007 3.0740000000000003 14.822500000000002 119.65450000000003 5.3835000000000006 11.014000000000001 14.191000000000001 5.6780000000000008 9.7455000000000016 0.97800000000000009
decision_type=2 2 2 2 2 2 2 2 2 2 2 2 2 2
left_child=1 -1 -3 -4 -5 6 -6 -7 9 -9 12 -10 -11 -13
right_child=-2 2 3 4 5 7 -8 8 11 10 -12 13 -14 -15
leaf_value=-0.00040326704219377789 0.00058380711523983166 0.0018177985912080641 -0.001625241976879706 0.001148865832823981 0.0019010137676958362 0.0086028058642314675 -0.0086047387007803684 -0.01406473164661709 0.014259928019270613 0.00097924665582594934 0.01697707567633383 -0.00013917091318975118 -0.0019965894716839185 0.00019515104004343421
leaf_weight=75 77 65 41 60 53 71 44 64 41 55 41 1165 44 57
leaf_count=75 77 65 41 60 53 71 44 64 41 55 41 1165 44 57
internal_value=-0.000640041 -0.000959488 -0.000638534 -0.000921659 -0.000678466 -0.000948012 -0.00773196 -0.000520156 -0.00112474 -0.00686275 0 -0.000197941 -0.00656566 -0.000654664
internal_weight=1953 1876 1801 1736 1695 1635 97 1538 1467 204 140 1263 99 1222
internal_count=1953 1876 1801 1736 1695 1635 97 1538 1467 204 140 1263 99 1222
is_linear=0
shrinkage=0.05


Tree=228
num_leaves=15
num_cat=0
split_feature=5 8 6 6 8 2 8 7 7 4 4 4 7 0
split_gain=2.01966 1.78 1.48449 1.94822 7.27373 3.32681 2.14936 1.39986 4.8464 3.81906 4.18301 4.01838 3.42563 4.5411
threshold=20.220000000000002 -2.2689999999999997 1.8745000000000001 5.9250000000000016 -0.87249999999999994 0.97879788253113664 -1.8154999999999999 848.7505000000001 755.53050000000007 13.287500000000001 10.166500000000001 16.810500000000001 726.48200000000008 25.647500000000004
decision_type=2 2 2 2 2 2 2 2 2 2 2 2 2 2
left_child=1 -1 -3 4 -4 6 -5 8 12 10 -10 -11 13 -8
right_child=-2 2 3 5 -6 -7 7 -9 9 11 -12 -13 -14 -15
leaf_value=-0.0003831036900840912 0.00055461675947784397 -0.0056006970040254128 -0.0010832889480895114 0.002522355042315164 0.0040399436051937413 -0.00086549584166579769 -4.1234660004141338e-05 0.00067327841603352092 -0.0014555823055607876 -0.010922891026252336 0.0037907189388121675 -0.0002092654094289763 0.0047228418206903093 -0.040138176750085346
leaf_weight=75 77 47 63 67 71 75 1047 155 45 41 40 46 64 40
leaf_count=75 77 47 63 67 71 75 1047 155 45 41 40 46 64 40
internal_value=-0.000793651 -0.0011194 -0.000805108 -0.000570125 0.00522388 -0.00104938 -0.000550162 -0.000947226 -0.00147392 -0.00930233 -0.00176471 -0.0166667 -0.000304083 -0.000965961
internal_weight=1953 1876 1801 1754 134 1620 1545 1478 1323 172 85 87 1151 1087
internal_count=1953 1876 1801 1754 134 1620 1545 1478 1323 172 85 87 1151 1087
is_linear=0
shrinkage=0.05


Tree=229
num_leaves=15
num_cat=0
split_feature=5 6 8 4 5 2 4 6 1 8 0 8 2 8
split_gain=2.58428 3.91737 4.14398 3.41695 1.80031 2.54004 5.73257 4.27248 4.14479 3.05418 2.75334 3.50378 4.44318 6.8
threshold=15.097500000000002 12.217000000000001 -1.4844999999999999 14.123500000000002 14.437500000000002 -0.7324940716135786 18.831500000000002 14.618000000000002 -0.33302288323571977 -0.47649999999999992 16.993000000000006 -0.94349999999999989 -0.39505838944836397 -0.49749999999999994
decision_type=2 2 2 2 2 2 2 2 2 2 2 2 2 2
left_child=4 -2 -3 -4 5 6 7 8 -1 -10 -7 -12 -13 -14
right_child=1 2 3 -5 -6 10 -8 -9 9 -11 11 12 13 -15
leaf_value=0.02404424361152295 0.0029922833375741311 -0.010170979684779528 0.0060648455258716901 -0.00043985625671036924 -0.00017360010660023365 -0.00011227249890804897 -0.006180973580731869 -0.00060024135792023235 0.0060177738597522795 -5.3804147776737036e-05 -0.0074848531012661939 0.0034022236005243414 0.0003471800242699941 -0.0073960668555723341
leaf_weight=42 43 56 88 51 49 1046 77 86 64 79 113 74 40 45
leaf_count=42 43 56 88 51 49 1046 77 86 64 79 113 74 40 45
internal_value=-0.00110087 0.00378151 0.000769231 0.00539568 -0.00177843 -0.0015006 0.00229885 0.00571956 0.01 0.00594406 -0.00250379 -0.00698529 -0.00220126 -0.01
internal_weight=1953 238 195 139 1715 1666 348 271 185 143 1318 272 159 85
internal_count=1953 238 195 139 1715 1666 348 271 185 143 1318 272 159 85
is_linear=0
shrinkage=0.05


Tree=230
num_leaves=15
num_cat=0
split_feature=5 3 4 1 1 3 4 8 4 2 8 1 5 7
split_gain=2.12525 1.89665 4.28221 3.29384 6.69445 3.84426 4.31563 4.70978 2.63618 2.77282 4.57251 2.56784 6.21818 3.79234
threshold=20.220000000000002 99.756000000000014 26.640000000000004 -0.7146667679788683 -0.40542197401079716 99.998500000000021 18.320000000000004 -0.54849999999999988 25.961000000000002 -0.94418750883419933 -0.89049999999999996 0.69561269082666077 7.6500000000000012 82.169000000000025
decision_type=2 2 2 2 2 2 2 2 2 2 2 2 2 2
left_child=1 8 3 -3 -5 -6 11 -8 9 10 -1 13 -13 -7
right_child=-2 2 -4 4 5 6 7 -9 -10 -11 -12 12 -14 -15
leaf_value=-0.0059646850773804527 0.00060057371552446615 0.000343783564437113 -0.00055761514090981736 -0.0041948048005236716 -0.0062195152091369639 0.01189101714550629 -0.00025906415100048348 0.0094841238771004102 0.0026084744874371626 -0.00014989781736439445 0.0041770332332656561 -0.0060534157862774775 0.0044059616986544094 -0.00029170105828527358
leaf_weight=48 77 126 47 65 58 41 54 52 71 1042 84 55 40 93
leaf_count=48 77 126 47 65 58 41 54 52 71 1042 84 55 40 93
internal_value=-0.000998464 -0.00133262 -0.00356577 -0.00239726 -0.00436681 -0.0019084 0.000149254 0.00849057 -0.000200803 -0.00076661 0.00606061 -0.00371179 -0.01 0.000746269
internal_weight=1953 1876 631 584 458 393 335 106 1245 1174 132 229 95 134
internal_count=1953 1876 631 584 458 393 335 106 1245 1174 132 229 95 134
is_linear=0
shrinkage=0.05


Tree=231
num_leaves=15
num_cat=0
split_feature=5 2 6 0 2 4 6 6 1 1 2 2 2 7
split_gain=2.0986 1.78827 3.65719 1.98898 2.59878 3.35803 2.06444 2.4086 3.68074 3.92304 2.79414 2.37982 2.32721 3.37025
threshold=20.220000000000002 0.97879788253113664 5.9250000000000016 4.206500000000001 0.88234143329564307 13.393500000000001 5.3005000000000004 8.5610000000000017 -0.69016699705532203 0.63137065367936085 0.76725511167377736 0.64624608728844402 0.4068650353019454 427.57450000000006
decision_type=2 2 2 2 2 2 2 2 2 2 2 2 2 2
left_child=1 3 -3 -1 6 -6 -5 8 -8 -10 11 12 13 -9
right_child=-2 2 -4 4 5 -7 7 10 9 -11 -12 -13 -14 -15
leaf_value=-0.00082271923004968164 0.00057054502974824845 0.0019670210527341025 -0.00064080810223952488 -0.00072572946449401274 -0.0005986906875339649 0.0032802144807682954 -0.0012851468678955287 0.000579841703114482 0.014315080155037624 0.00018287028182294442 -0.0038403751603795586 0.0027267959885829553 -0.0022039114992478126 -0.00020514551385756864
leaf_weight=62 77 40 77 67 57 69 81 233 68 69 49 43 104 857
leaf_count=62 77 40 77 67 57 69 81 233 68 69 49 43 104 857
internal_value=-0.000947261 -0.00127932 -0.00726496 -0.000881182 -0.000559811 0.00634921 -0.00111394 -0.000731383 0.00412844 0.00912409 -0.00155521 -0.00109135 -0.00150754 -0.000825688
internal_weight=1953 1876 117 1759 1697 126 1571 1504 218 137 1286 1237 1194 1090
internal_count=1953 1876 117 1759 1697 126 1571 1504 218 137 1286 1237 1194 1090
is_linear=0
shrinkage=0.05


Tree=232
num_leaves=15
num_cat=0
split_feature=7 5 5 7 6 5 5 8 0 7 7 6 1 3
split_gain=2.25809 1.98995 4.7543 3.2049 5.02947 2.68431 2.01006 3.58555 3.20132 2.02357 2.38416 3.99371 3.98232 3.44572
threshold=17.304500000000001 15.097500000000002 15.892000000000001 704.7410000000001 15.4595 18.755500000000001 14.500000000000002 -2.0004999999999993 10.503500000000001 882.59150000000011 685.35550000000012 13.595500000000003 0.63137065367936085 97.980000000000004
decision_type=2 2 2 2 2 2 2 2 2 2 2 2 2 2
left_child=-1 6 -3 -4 -5 -6 7 8 -2 10 -9 12 -12 -13
right_child=1 2 3 4 5 -7 -8 9 -10 -11 11 13 -14 -15
leaf_value=-0.00083395320785203833 -0.0010361672561637115 0.010624362060688387 0.0028357372681664496 -0.0083522346719920315 -0.001744404567390498 0.00080204600881819135 -0.00033460871109374342 2.5730814814636796e-05 -0.00054852477890068028 0.0012887484462564644 -0.0015564709019779612 -0.00040800488792922532 -0.0073206512554427261 0.013343673178061106
leaf_weight=40 41 42 45 43 40 68 42 1193 59 43 40 172 43 42
leaf_count=40 41 42 45 43 40 68 42 1193 59 43 40 172 43 42
internal_value=-0.000742448 -0.000496602 0.00378151 0.000510204 -0.00298013 0.00277778 -0.00110448 -0.000826699 -0.01 -0.000228311 -0.000536913 -0.00454545 -0.0138554 -0.000934579
internal_weight=1953 1913 238 196 151 108 1675 1633 100 1533 1490 297 83 214
internal_count=1953 1913 238 196 151 108 1675 1633 100 1533 1490 297 83 214
is_linear=0
shrinkage=0.05


Tree=233
num_leaves=15
num_cat=0
split_feature=5 7 7 7 8 1 7 7 8 3 4 8 8 8
split_gain=2.22595 2.32127 3.15616 2.02015 2.77441 4.32626 2.62056 4.08333 3.43407 3.58974 2.38773 5.69127 5.25952 2.78873
threshold=21.515500000000003 848.7505000000001 830.14200000000017 17.304500000000001 -2.0639999999999996 -0.37371625404731884 708.70350000000008 729.70650000000012 -0.66749999999999987 38.680000000000007 22.252000000000006 -0.21049999999999996 0.38500000000000006 -0.17949999999999997
decision_type=2 2 2 2 2 2 2 2 2 2 2 2 2 2
left_child=1 2 3 -1 5 -5 10 -8 9 -9 13 -12 -13 -6
right_child=-2 -3 -4 4 6 -7 7 8 -10 -11 11 12 -14 -15
leaf_value=-0.0007922555474594357 0.0022524340143255106 0.00018885302386648651 -0.0029992051246372389 -0.0034773487135053905 0.00026493162934231875 7.9188793207635169e-05 -0.017882351238287332 -0.00025041485340690506 -0.0020684864456395531 0.0079091690681179737 -0.0022159116523349232 0.0089418125504469904 -0.00011157990351418623 -0.00024317561929351197
leaf_weight=40 56 173 43 47 679 49 40 60 70 70 87 42 70 427
leaf_count=40 56 173 43 47 679 49 40 60 70 70 87 42 70 427
internal_value=-0.000896057 -0.00118608 -0.00174014 -0.00139798 -0.00112736 -0.009375 -0.000614887 -0.00541667 -0.0025 0.00230769 0.000268199 -0.00477387 0.00267857 0.00117541
internal_weight=1953 1897 1724 1681 1641 96 1545 240 200 130 1305 199 112 1106
internal_count=1953 1897 1724 1681 1641 96 1545 240 200 130 1305 199 112 1106
is_linear=0
shrinkage=0.05


Tree=234
num_leaves=15
num_cat=0
split_feature=7 3 1 7 7 7 7 6 3 7 7 0 6 1
split_gain=1.94285 4.51206 4.04131 4.25672 2.03958 2.95572 3.35088 3.03877 2.10713 3.34148 6.5455 5.51883 3.97744 4.57518
threshold=848.7505000000001 1.5950000000000002 0.098678873477280007 876.69600000000003 830.14200000000017 812.08400000000017 767.94700000000012 14.983500000000001 58.046500000000002 371.06500000000005 513.24050000000011 9.0895000000000028 13.595500000000003 -0.87795195455888908
decision_type=2 2 2 2 2 2 2 2 2 2 2 2 2 2
left_child=4 -2 -3 -4 5 6 8 -8 9 11 -11 -1 13 -12
right_child=1 2 3 -5 -6 -7 7 -9 -10 10 12 -13 -14 -15
leaf_value=0.00022647913082697314 0.0018089187674587281 -0.0083723420945580329 0.0142301239126857 -0.00075622268867335258 -0.0028492448684053762 0.0058089065352809879 -6.5169232206569591e-05 -0.0064574493920033383 -0.000220081674684966 0.0045967795314573465 -0.0079403611661212799 -0.01261270387123269 0.0034770058871979176 3.1040788646218705e-05
leaf_weight=107 44 41 52 59 49 49 52 46 1085 80 41 61 84 103
leaf_count=107 44 41 52 59 49 49 52 46 1085 80 41 61 84 103
internal_value=-0.000640041 0.00408163 0 0.00495495 -0.00116676 -0.00087822 -0.00123568 -0.0102041 -0.000672646 0.00210084 0.00519481 -0.00357143 0.000877193 -0.00416667
internal_weight=1953 196 152 111 1757 1708 1659 98 1561 476 308 168 228 144
internal_count=1953 196 152 111 1757 1708 1659 98 1561 476 308 168 228 144
is_linear=0
shrinkage=0.05


Tree=235
num_leaves=15
num_cat=0
split_feature=3 3 4 4 4 3 2 1 3 3 3 4 8 3
split_gain=2.00823 4.86362 3.82425 3.54287 5.60086 3.4107 5.33651 3.97361 3.3775 3.78558 4.02318 7.71973 3.55556 3.37329
threshold=59.124000000000009 70.073000000000008 23.554000000000006 20.160500000000003 17.015500000000003 31.213500000000003 -0.26538825390934467 -0.47813486327663873 77.223000000000013 86.745500000000007 92.19250000000001 17.355000000000004 -0.71749999999999992 94.499000000000009
decision_type=2 2 2 2 2 2 2 2 2 2 2 2 2 2
left_child=2 -2 3 4 5 7 -7 -1 -3 12 11 -11 -10 -12
right_child=1 8 -4 -5 -6 6 -8 -9 9 10 13 -13 -14 -15
leaf_value=0.00030562998443493252 -0.0030910669295582298 0.011904359174968099 0.0023187501988332637 -0.00087162042181097583 0.0031896729446397017 -0.00060854210447120914 0.015342876941162348 -0.00061354827973118808 6.7858309739782244e-05 -0.0010563774229115225 -0.011619878914060827 0.019234444649590177 -0.015321573351290764 -4.462568923631061e-05
leaf_weight=150 70 50 49 61 95 60 45 289 40 44 50 41 50 859
leaf_count=150 70 50 49 61 95 60 45 289 40 44 50 41 50 859
internal_value=-0.000230415 -0.00149502 0.0018024 0.000857143 0.00195618 0 0.00809524 -0.00193622 -0.000705467 -0.00129151 -0.000402414 0.01 -0.0111111 -0.00137514
internal_weight=1953 1204 749 700 639 544 105 439 1134 1084 994 85 90 909
internal_count=1953 1204 749 700 639 544 105 439 1134 1084 994 85 90 909
is_linear=0
shrinkage=0.05


Tree=236
num_leaves=15
num_cat=0
split_feature=5 1 7 8 0 5 7 2 6 0 0 4 5 5
split_gain=2.43504 3.43923 2.40843 3.24446 3.239 1.97519 1.81383 1.37033 3.16523 2.00586 3.73268 3.31917 7.66282 3.5937
threshold=15.097500000000002 -0.79356426026969629 776.68150000000014 -1.3459999999999999 28.070000000000004 14.500000000000002 882.59150000000011 0.97879788253113664 5.9250000000000016 10.246500000000003 4.0520000000000005 22.126500000000004 5.0835000000000017 7.8295000000000003
decision_type=2 2 2 2 2 2 2 2 2 2 2 2 2 2
left_child=5 -2 -3 -4 -5 6 7 9 -9 10 -1 -11 -13 -14
right_child=1 2 3 4 -6 -7 -8 8 -10 11 -12 12 13 -15
leaf_value=-0.0029470847461827879 0.0032964200119064979 -0.0013933475323889999 -0.00098767463052809048 0.0064668973428025694 -9.3395215441934024e-05 -0.00025745959238614169 0.0012525423784126482 0.0018704312907101895 -0.00054768340578368322 -0.00020162568880623504 0.00028817189287390078 -0.0071288349513709591 0.0057000610993259851 -0.0023592670330614216
leaf_weight=55 57 40 58 43 40 42 44 40 77 926 365 40 52 74
leaf_count=55 57 40 58 43 40 42 44 40 77 926 365 40 52 74
internal_value=-0.000537634 0.00420168 0.000828729 0.00390071 0.010241 -0.00119534 -0.000926479 -0.00119705 -0.00641026 -0.000793651 0.00214286 -0.00192308 -0.00843373 -0.00238095
internal_weight=1953 238 181 141 83 1715 1673 1629 117 1512 420 1092 166 126
internal_count=1953 238 181 141 83 1715 1673 1629 117 1512 420 1092 166 126
is_linear=0
shrinkage=0.05


Tree=237
num_leaves=15
num_cat=0
split_feature=2 6 5 6 5 0 0 5 0 4 1 6 7 5
split_gain=2.32211 2.31823 1.69839 1.47906 2.6411 5.23672 5.82742 2.75244 1.3627 3.22512 2.61725 4.18241 2.70944 4.04857
threshold=0.97879788253113664 5.9250000000000016 22.027500000000003 16.266500000000004 15.097500000000002 27.307000000000002 24.158000000000005 14.500000000000002 10.246500000000003 23.787000000000003 0.94917575150333644 11.227500000000001 340.14100000000002 4.7245000000000008
decision_type=2 2 2 2 2 2 2 2 2 2 2 2 2 2
left_child=2 -2 3 4 7 6 -6 8 9 10 11 12 13 -1
right_child=1 -3 -4 -5 5 -7 -8 -9 -10 -11 -12 -13 -14 -15
leaf_value=0.00044838309356204782 0.0017769097261746776 -0.00052029923549449934 0.0030549244174267521 -0.0097880605238062756 6.8589146766484535e-05 -0.0021341568224139212 0.010375343357696732 -0.00027486517483972864 -0.00025087725064330547 0.0076283870747444809 0.0030157807027640215 -0.0042615119942262794 0.0040477675565732413 -0.0034213060839351273
leaf_weight=149 40 77 49 42 59 49 43 41 1133 43 47 41 43 97
leaf_count=149 40 77 49 42 59 49 43 41 1133 43 47 41 43 97
internal_value=-0.000435228 -0.00726496 0 -0.000251819 -2.86533e-05 0.00629139 0.0127451 -0.000627353 -0.000289762 0.00214286 0.00066313 -0.000909091 0.00121107 -0.000813008
internal_weight=1953 117 1836 1787 1745 151 102 1594 1553 420 377 330 289 246
internal_count=1953 117 1836 1787 1745 151 102 1594 1553 420 377 330 289 246
is_linear=0
shrinkage=0.05


Tree=238
num_leaves=15
num_cat=0
split_feature=5 1 5 7 6 8 0 7 7 1 7 1 2 2
split_gain=1.78175 1.33107 4.9255 8.41421 1.96548 5.476 4.9513 4.41174 5.34845 4.16122 4.05662 3.57749 5.26867 5.26748
threshold=22.027500000000003 -0.9523687564627995 12.167500000000002 427.57450000000006 12.314000000000002 0.74550000000000016 18.505000000000006 533.0630000000001 369.13100000000003 0.23416947364604893 313.87600000000003 0.90149333598846393 -0.25119006388481929 -0.39505838944836397
decision_type=2 2 2 2 2 2 2 2 2 2 2 2 2 2
left_child=1 2 3 -1 6 11 7 8 10 -8 -3 13 -13 -6
right_child=-2 4 -4 -5 5 -7 9 -9 -10 -11 -12 12 -14 -15
leaf_value=0.0025304373880573592 0.0029021781965554161 -6.2948670616472246e-05 0.00275262618695 -0.014473109849330449 -0.00050223642968058038 0.0078472942053663067 0.00013611551829521007 -0.00071502995087173178 0.003056394770646554 0.0098290339841906448 -0.00676979287538152 0.013843107696458558 -0.00045850151516217132 -0.0040484363945149657
leaf_weight=64 49 614 65 50 485 40 91 77 122 51 77 41 78 49
leaf_count=64 49 614 65 50 485 40 91 77 122 51 77 41 78 49
internal_value=-0.000230415 -0.000472689 0.00363128 -0.00263158 -0.000898551 -0.00295815 0.000484496 -0.000898876 0.000184502 0.00915493 -0.00151954 -0.00405819 0.00378151 -0.00580524
internal_weight=1953 1904 179 114 1725 693 1032 890 813 142 691 653 119 534
internal_count=1953 1904 179 114 1725 693 1032 890 813 142 691 653 119 534
is_linear=0
shrinkage=0.05


Tree=239
num_leaves=15
num_cat=0
split_feature=5 7 2 6 8 6 1 1 8 4 2 8 5 5
split_gain=2.01966 1.4477 3.7365 3.54886 7.21354 3.95715 3.46112 3.38729 3.88684 4.59938 3.13039 3.22759 7.4777 3.2107
threshold=20.220000000000002 509.25100000000003 -0.91084115863148152 10.693000000000003 -1.1084999999999998 11.550500000000001 0.94362518608704116 -1.0000000180025095e-35 1.006 7.8590000000000009 -0.57729161655172734 -0.53349999999999997 5.1255000000000015 5.6385000000000014
decision_type=2 2 2 2 2 2 2 2 2 2 2 2 2 2
left_child=1 2 -1 4 -3 -5 7 -4 9 -9 -11 13 -13 -12
right_child=-2 3 6 5 -6 -7 -8 8 -10 10 11 12 -14 -15
leaf_value=0.0079829768615355522 0.00067531216754168621 0.00060436912733487225 2.5103421125327945e-05 0.0012137616855354529 -0.006882255313182384 -0.00034773550494661409 0.00454328695712346 0.013998786901914218 -0.0053485091018664948 -0.0091425084632672515 -0.0031208836622299511 0.0085115783008750008 -0.00066641057850138079 0.00011266541406765863
leaf_weight=63 77 41 516 61 51 659 81 51 50 41 78 58 66 60
leaf_count=63 77 41 516 61 51 659 81 51 50 41 78 58 66 60
internal_value=-0.000793651 -0.0011194 9.3985e-05 -0.00270936 -0.0119565 -0.00152778 -0.000649351 -0.00152174 -0.0049505 -0.00310734 -0.00544554 -0.00343511 0.00241935 -0.00869565
internal_weight=1953 1876 1064 812 92 720 1001 920 404 354 303 262 124 138
internal_count=1953 1876 1064 812 92 720 1001 920 404 354 303 262 124 138
is_linear=0
shrinkage=0.05


Tree=240
num_leaves=15
num_cat=0
split_feature=8 8 5 4 5 5 2 2 2 0 8 2 6 5
split_gain=1.41544 1.52079 2.02835 2.20962 3.36692 2.88523 3.04572 4.47832 2.87726 2.79323 3.69082 5.25662 2.78278 2.62268
threshold=2.1445000000000003 1.3010000000000004 1.2930000000000004 25.338000000000005 4.323500000000001 4.7910000000000013 0.8524709262517346 0.75047916603754417 0.95506028457921099 6.9305000000000012 0.23200000000000004 0.26123699986315735 7.5445000000000002 5.0835000000000017
decision_type=2 2 2 2 2 2 2 2 2 2 2 2 2 2
left_child=1 2 -1 4 9 -6 7 -7 -8 -4 11 -11 -13 -5
right_child=-2 -3 3 13 5 6 8 -9 -10 10 -12 12 -14 -15
leaf_value=-0.0019091227970854108 -0.00059543209498201521 0.0009216546290084838 0.0058771193977862866 -0.0048930798507409298 -0.0079749837622690636 -3.8033407315840595e-05 -0.0088324863268065875 0.0022740664710439707 -9.6388166273481135e-05 0.018873912341509369 -0.0027569135811558346 -0.0016498437124907923 0.0009194781152603277 -0.00019371849113171313
leaf_weight=44 40 63 50 40 60 1230 54 44 61 50 55 40 41 81
leaf_count=44 40 63 50 40 60 1230 54 44 61 50 55 40 41 81
internal_value=-0.000691244 -0.000496602 -0.000756757 -0.000498339 -2.96736e-05 -0.000931677 -0.000467963 0.000235479 -0.00826087 0.00550847 0.00268817 0.00725191 -0.000617284 -0.00702479
internal_weight=1953 1913 1850 1806 1685 1449 1389 1274 115 236 186 131 81 121
internal_count=1953 1913 1850 1806 1685 1449 1389 1274 115 236 186 131 81 121
is_linear=0
shrinkage=0.05


Tree=241
num_leaves=15
num_cat=0
split_feature=8 8 8 5 2 7 7 7 8 8 8 8 4 0
split_gain=1.59103 1.59397 2.29685 1.55525 1.98516 2.99127 3.89448 5.90921 2.93105 3.61152 3.24433 6.8658 3.89106 3.90481
threshold=1.9875000000000003 1.1705000000000003 0.93000000000000016 1.2930000000000004 0.97879788253113664 262.11700000000002 228.96900000000002 207.16200000000003 -0.67799999999999994 -0.63049999999999995 -0.90149999999999986 -0.84549999999999981 8.8155000000000019 15.449000000000002
decision_type=2 2 2 2 2 2 2 2 2 2 2 2 2 2
left_child=1 2 3 -1 5 6 7 -5 10 -10 12 -12 -7 -14
right_child=-2 -3 -4 4 -6 8 -8 -9 9 -11 11 -13 13 -15
leaf_value=-0.0016958733624412221 -0.00025653304982062867 0.0014703987528626396 -0.0012871572554471037 0.00039403716697379164 -0.00035498372835385261 -0.0023405188520547004 0.013544141672110988 -0.030346940798264679 -0.0081833407477259878 -0.00017084665402899077 0.008938136678861312 0.00025676396434229782 -0.00089889299539894782 0.0014889859567522924
leaf_weight=40 47 70 49 268 89 116 59 43 43 510 46 110 141 322
leaf_count=40 47 70 49 268 89 116 59 43 43 510 46 110 141 322
internal_value=-0.000486431 -0.000262329 -0.000544662 -0.000251819 -2.86205e-05 0.000361882 0.00432432 0.00209003 -0.000776398 -0.00352622 0.00129252 0.00769231 -0.000431779 0.00161987
internal_weight=1953 1906 1836 1787 1747 1658 370 311 1288 553 735 156 579 463
internal_count=1953 1906 1836 1787 1747 1658 370 311 1288 553 735 156 579 463
is_linear=0
shrinkage=0.05


Tree=242
num_leaves=15
num_cat=0
split_feature=8 8 7 8 2 8 5 6 3 0 7 4 3 7
split_gain=1.68182 2.08763 1.41974 3.20151 5.0861 3.17348 5.60877 3.4751 3.15773 3.01747 2.57086 2.17386 3.86553 3.6677
threshold=1.7475000000000003 1.1705000000000003 262.11700000000002 0.38500000000000006 -0.062278703982132359 -1.1184999999999998 6.0525000000000011 7.5445000000000002 94.499000000000009 8.7345000000000024 101.92900000000002 19.091500000000003 7.4270000000000005 708.70350000000008
decision_type=2 2 2 2 2 2 2 2 2 2 2 2 2 2
left_child=1 2 5 11 -5 7 8 -1 -7 -10 -11 13 -13 -4
right_child=-2 -3 3 4 -6 6 -8 -9 9 10 -12 12 -14 -15
leaf_value=-0.00092481447829642356 -0.00022245671237014486 0.002473232586110612 0.00039522511344883829 0.0012774223100170514 -0.0024411860435864662 -0.0038126558250703561 0.0078754946554577161 0.00023120248939004773 0.007376727640700487 -0.0023065211818554298 0.003410302285902059 0.0014891950977903468 -0.00062501592123024869 -0.00045767945705120668
leaf_weight=81 61 56 558 46 57 74 69 57 67 82 74 47 186 438
leaf_count=81 61 56 558 46 57 74 69 57 67 82 74 47 186 438
internal_value=-0.000844854 -0.000581395 -0.00087146 -0.00172673 -0.0101942 0.00138889 0.00382514 -0.00507246 0.000841751 0.00381166 0 -0.00101709 -0.00536481 0
internal_weight=1953 1892 1836 1332 103 504 366 138 297 223 156 1229 233 996
internal_count=1953 1892 1836 1332 103 504 366 138 297 223 156 1229 233 996
is_linear=0
shrinkage=0.05


Tree=243
num_leaves=15
num_cat=0
split_feature=4 4 3 3 3 0 5 0 1 7 6 3 4 4
split_gain=1.6767 2.5469 1.94531 5.18547 3.78074 3.02336 7.05269 4.18593 4.87832 3.71467 3.31852 4.4233 3.53868 4.97034
threshold=4.0610000000000008 5.2600000000000007 79.388500000000008 84.010500000000022 72.120000000000019 14.244000000000002 9.4330000000000016 7.8485000000000005 0.2174230999111143 598.8180000000001 12.314000000000002 47.907000000000004 18.380500000000001 13.590500000000002
decision_type=2 2 2 2 2 2 2 2 2 2 2 2 2 2
left_child=-1 -2 4 -4 5 7 -7 8 -3 -8 -11 12 13 -12
right_child=1 2 3 -5 -6 6 9 -9 -10 10 11 -13 -14 -15
leaf_value=0.0015716832856441838 -0.0022762592504282711 0.00017102076282835105 -0.012980741379787542 -0.00017147758527384408 0.012920635273460213 -0.029278545566325687 0.0027137201349097476 0.0011945140590263028 -0.0046093484896042617 0.0011034099466394165 0.00019077423461018596 -0.0092902832328714876 0.0046133322167269649 -0.0056552821620460382
leaf_weight=48 48 60 45 980 48 72 69 165 53 65 138 42 44 76
leaf_count=48 48 60 45 980 48 72 69 165 53 65 138 42 44 76
internal_value=-0.000896057 -0.00112861 -0.00083468 -0.00229268 0.000961538 0.000127551 -0.00217391 0.00431655 -0.00309735 0.000230415 -0.00178082 -0.004 -0.00155039 -0.00420561
internal_weight=1953 1905 1857 1025 832 784 506 278 113 434 365 300 258 214
internal_count=1953 1905 1857 1025 832 784 506 278 113 434 365 300 258 214
is_linear=0
shrinkage=0.05


Tree=244
num_leaves=15
num_cat=0
split_feature=3 4 3 4 7 2 2 8 5 5 5 7 8 5
split_gain=1.89381 3.58255 3.37758 2.87868 2.83715 4.33853 4.40131 3.8296 4.15651 2.80016 2.77597 6.5047 4.70371 4.94286
threshold=97.774500000000003 27.866500000000006 96.712000000000018 5.4255000000000004 166.19350000000003 0.69017338824297181 0.54277338749235304 -1.1084999999999998 5.7395000000000005 5.9215000000000009 7.6195000000000013 473.49200000000008 -0.47649999999999992 12.777500000000002
decision_type=2 2 2 2 2 2 2 2 2 2 2 2 2 2
left_child=2 -2 3 -1 -5 6 9 -7 -9 -6 -11 -12 -13 -14
right_child=1 -3 -4 4 5 7 -8 8 -10 10 11 12 13 -15
leaf_value=-0.0017745824569546751 -0.00016290370601015219 -0.0011328709254018105 0.010118263963644715 -0.0054631837411272706 0.013117468606647448 -0.0010805573273563894 -0.0047188504179940249 0.0002090665646087623 0.0040727398020608818 -0.0086525876624694471 0.0067834054234540394 0.00018718427984064647 -0.0063746966180183275 0.0011347883560749881
leaf_weight=65 728 42 40 42 41 46 46 66 77 56 67 477 111 49
leaf_count=65 728 42 40 42 41 46 46 66 77 56 67 477 111 49
internal_value=-0.000537634 -0.00246753 0.000718512 0.000218723 0.000834879 0.00135135 -0.000177096 0.00820106 0.0122378 0.000686642 0 0.000852273 -0.000706436 -0.008125
internal_weight=1953 770 1183 1143 1078 1036 847 189 143 801 760 704 637 160
internal_count=1953 770 1183 1143 1078 1036 847 189 143 801 760 704 637 160
is_linear=0
shrinkage=0.05


Tree=245
num_leaves=15
num_cat=0
split_feature=3 3 3 0 5 4 6 1 5 6 8 1 7 0
split_gain=2.08559 4.19274 3.21718 2.94699 6.60615 5.73108 4.62327 4.17611 5.23727 4.6188 4.05293 3.60244 2.97526 3.04638
threshold=78.132500000000007 84.010500000000022 72.120000000000019 18.023500000000002 10.964000000000002 13.487000000000002 8.386000000000001 -0.81403855522663837 12.560000000000002 13.376000000000003 0.34500000000000003 0.081558489694578698 676.93200000000013 24.257500000000004
decision_type=2 2 2 2 2 2 2 2 2 2 2 2 2 2
left_child=2 -2 3 6 5 -5 -1 -8 9 10 -9 12 -6 -14
right_child=1 -3 -4 4 11 -7 7 8 -10 -11 -12 -13 13 -15
leaf_value=-0.0021148134422137145 -0.014973605053153857 -0.00013743567346336804 0.012128312189496424 -0.012612136359136789 0.0015441942997348941 -0.00049333582451275703 0.0052873223145167292 0.0014467988598090343 -0.00085049360043710641 0.0077019624721902605 -0.00054700914583357622 0.0010519805864538823 -0.00041678255931677511 -0.00046972258184411201
leaf_weight=137 50 1024 45 41 52 51 53 101 46 46 50 102 43 112
leaf_count=137 50 1024 45 41 52 51 53 101 46 46 50 102 43 112
internal_value=-0.000384025 -0.0018622 0.00142207 0.000719424 -0.00236908 -0.0141304 0.00357968 0.00709459 0.00432099 0.00786802 0.00364238 0.00113269 -0.002657 -0.00612903
internal_weight=1953 1074 879 834 401 92 433 296 243 197 151 309 207 155
internal_count=1953 1074 879 834 401 92 433 296 243 197 151 309 207 155
is_linear=0
shrinkage=0.05


Tree=246
num_leaves=15
num_cat=0
split_feature=3 4 7 2 0 1 1 6 8 2 7 8 4 2
split_gain=1.98814 3.71482 2.47619 4.02051 3.44769 3.43305 2.62894 2.51138 3.02402 5.38121 6.66153 5.12334 4.28888 3.21147
threshold=97.774500000000003 27.866500000000006 51.192000000000007 0.80444483470750872 8.7345000000000024 -0.09025077427732299 0.047250493887438572 7.1090000000000009 -0.74799999999999989 0.32694223331140743 612.05700000000013 0.13250000000000003 14.123500000000002 -0.36324666135702649
decision_type=2 2 2 2 2 2 2 2 2 2 2 2 2 2
left_child=-1 2 6 4 -4 -5 -2 -6 12 10 11 -10 -9 -14
right_child=1 -3 3 5 7 -7 -8 8 9 -11 -12 -13 13 -15
leaf_value=0.00012522603652592167 0.00053953012561979157 -0.0010693555954585515 0.0061522766597574014 -0.0069032678569252715 0.0066934137538165045 -0.00031258299129798553 -0.00022105150781018824 0.0029805583371197209 0.0037653020084371814 -0.0070662743559772312 -0.0064756554826043674 -0.0034644395848822066 -0.0061136664626755604 0.0008658330749164875
leaf_weight=1183 59 42 43 46 40 58 45 83 88 49 56 69 41 51
leaf_count=1183 59 42 43 46 40 58 45 83 88 49 56 69 41 51
internal_value=-0.000230415 -0.00220779 -0.00137363 -0.0025641 -0.000769231 -0.0115385 0.00576923 -0.00199161 -0.00308924 -0.00648855 -0.00305164 0.0022293 0.002 -0.00543478
internal_weight=1953 770 728 624 520 104 104 477 437 262 213 157 175 92
internal_count=1953 770 728 624 520 104 104 477 437 262 213 157 175 92
is_linear=0
shrinkage=0.05


Tree=247
num_leaves=15
num_cat=0
split_feature=5 5 6 5 5 8 3 0 6 4 4 4 4 5
split_gain=1.66736 2.37064 1.88442 3.93553 2.79497 2.35659 1.84264 5.55756 3.60007 3.77293 6.16663 3.56441 3.48841 2.85359
threshold=22.027500000000003 19.263000000000002 15.900500000000001 15.286500000000002 14.571500000000002 -0.91899999999999993 99.881000000000014 5.3030000000000008 4.9860000000000007 17.049000000000003 15.160000000000002 19.091500000000003 21.928500000000003 9.1540000000000017
decision_type=2 2 2 2 2 2 2 2 2 2 2 2 2 2
left_child=1 2 3 4 6 -5 -1 -8 -9 10 13 -11 -13 -10
right_child=-2 -3 -4 5 -6 -7 7 8 9 11 -12 12 -14 -15
leaf_value=0.00013012124585691788 0.0029642697451074842 -0.0039161661556468665 -0.0027402747939346329 0.0033535707174307539 -0.00023549991283354778 0.00021546855520627184 0.0014876396887815837 -0.0023404725836083718 0.00018815739496345335 -0.0067342014393860991 0.010819295860128553 0.0010621173906110004 -0.00031422263423236955 -0.0021900478281602284
leaf_weight=1099 49 42 45 57 43 43 43 43 141 66 40 66 113 63
leaf_count=1099 49 42 45 57 43 43 43 43 141 66 40 66 113 63
internal_value=7.68049e-05 -0.000157563 0.000107411 0.000357733 -0.000203844 0.01 0.000119474 -0.00217391 -0.00357143 -0.00235174 0.00204918 -0.00673469 -0.00307263 -0.00147059
internal_weight=1953 1904 1862 1817 1717 100 1674 575 532 489 244 245 179 204
internal_count=1953 1904 1862 1817 1717 100 1674 575 532 489 244 245 179 204
is_linear=0
shrinkage=0.05


Tree=248
num_leaves=15
num_cat=0
split_feature=3 4 3 2 2 7 8 5 2 7 5 7 7 7
split_gain=1.82265 2.71471 2.21805 8.92722 4.29228 7.70429 3.91316 3.78488 5.05907 2.1497 4.84264 1.54011 2.84349 4.27137
threshold=99.756000000000014 26.640000000000004 99.998500000000021 -0.21533487516747371 -0.51479280150983053 369.13100000000003 -0.60149999999999981 5.6780000000000008 0.91609059637714607 144.39050000000003 2.6315000000000004 135.57350000000002 227.01450000000003 255.5515
decision_type=2 2 2 2 2 2 2 2 2 2 2 2 2 2
left_child=11 2 3 -2 6 7 -4 8 9 10 -6 -1 -13 -14
right_child=1 -3 4 -5 5 -7 -8 -9 -10 -11 -12 12 13 -15
leaf_value=0.0041873758657514255 0.0088712509744573679 -0.00051241370818342908 -0.0065131087221968007 -0.0088796142926931953 -0.001099723968021081 0.0076496659341651983 0.0015024923949762182 -0.001486767787841875 0.0026823684292804927 -0.00093371719149142095 0.0091477685189480188 -0.0029020182637556572 0.011374794648467107 6.7413320208780525e-05
leaf_weight=54 44 47 68 41 68 66 69 80 67 42 49 86 66 1106
leaf_count=54 44 47 68 41 68 66 69 80 67 42 49 86 66 1106
internal_value=-7.68049e-05 -0.00226209 -0.0013468 -0.00882353 -9.82318e-05 0.00268817 -0.00766423 -0.000653595 0.00265487 -0.00220126 0.00128205 0.000990854 0.00063593 0.00127986
internal_weight=1953 641 594 85 509 372 137 306 226 159 117 1312 1258 1172
internal_count=1953 641 594 85 509 372 137 306 226 159 117 1312 1258 1172
is_linear=0
shrinkage=0.05


Tree=249
num_leaves=15
num_cat=0
split_feature=5 7 7 6 6 8 0 8 2 3 1 6 1 6
split_gain=1.66736 1.58324 1.61759 2.11841 2.85852 3.96236 2.42742 2.25826 2.99563 6.10171 4.90449 2.79742 2.72749 2.33485
threshold=22.027500000000003 17.304500000000001 34.113500000000009 2.6270000000000002 5.9250000000000016 -0.91249999999999998 3.9720000000000004 0.34500000000000003 0.12643880951666986 99.661500000000004 0.1328271176880281 15.900500000000001 -0.63874350706337046 15.604500000000002
decision_type=2 2 2 2 2 2 2 2 2 2 2 2 2 2
left_child=1 -1 -3 -4 5 -5 -6 11 9 -9 12 13 -10 -8
right_child=-2 2 3 4 6 -7 7 8 10 -11 -12 -13 -14 -15
leaf_value=-0.00050074514898077675 0.0028126855918416682 0.0011650708491442398 -0.0028526692699149788 -0.00027323548892240759 -0.01501940968431331 0.00502334989259822 0.00012024451755363597 0.0018543967290229266 -0.00035256094001791911 -0.0033640803929821553 -0.0024595429958245139 -0.002496714986861165 0.00021719209881951863 0.0031825215155487753
leaf_weight=40 49 40 68 55 40 48 1227 74 40 52 70 64 43 43
leaf_count=40 49 40 68 55 40 48 1227 74 40 52 70 64 43 43
internal_value=7.68049e-05 -0.000157563 5.36481e-05 -0.000164474 0.000170843 0.00825243 -0.000332728 -3.09981e-05 -0.00412186 0.0015873 -0.00882353 0.000824588 -0.00060241 0.00133858
internal_weight=1953 1904 1864 1824 1756 103 1653 1613 279 126 153 1334 83 1270
internal_count=1953 1904 1864 1824 1756 103 1653 1613 279 126 153 1334 83 1270
is_linear=0
shrinkage=0.05


Tree=250
num_leaves=15
num_cat=0
split_feature=8 1 8 1 0 0 6 0 4 6 2 0 2 0
split_gain=1.7096 1.52457 5.0051 3.65153 4.33094 6.09412 7.51534 3.29221 4.75152 1.82325 6.79292 4.34266 7.03003 4.85758
threshold=2.1445000000000003 -0.69016699705532203 0.38500000000000006 -0.7721494341254892 23.233500000000003 20.564500000000002 8.386000000000001 17.620500000000003 14.521000000000003 12.314000000000002 0.14347198451036616 13.474000000000002 0.040813519545864409 11.709500000000002
decision_type=2 2 2 2 2 2 2 2 2 2 2 2 2 2
left_child=1 2 3 4 5 6 -1 8 -8 11 -11 12 -3 -14
right_child=-2 9 -4 -5 -6 -7 7 -9 -10 10 -12 -13 13 -15
leaf_value=-0.0077911318055903685 -0.00053056811155740517 -0.0043494126058816638 -0.0021790235536950863 -0.003706395414751526 0.00304870513956409 -0.0069630215307865621 0.023179640951481267 5.4408024755508995e-06 0.00053205556419909795 7.7143035369253712e-05 -0.0042244178083011867 0.00090067241909260745 4.0947801058762759e-05 0.012049266956622784
leaf_weight=61 40 61 56 62 77 51 40 66 48 571 53 234 484 49
leaf_count=61 40 61 56 62 77 51 40 66 48 571 53 234 484 49
internal_value=0.000230415 0.000444328 -0.00206074 -0.000123457 0.00189504 -0.00112782 0.00255814 0.00844156 0.0147727 0.00123967 -0.000801282 0.00277778 0.000505051 0.00234522
internal_weight=1953 1913 461 405 343 266 215 154 88 1452 624 828 594 533
internal_count=1953 1913 461 405 343 266 215 154 88 1452 624 828 594 533
is_linear=0
shrinkage=0.05


Tree=251
num_leaves=15
num_cat=0
split_feature=6 6 6 0 0 0 0 2 0 1 6 0 6 2
split_gain=1.46298 3.00444 2.5303 1.55356 1.53818 6.15377 3.06278 6.71025 5.78868 3.09038 4.31158 2.54784 4.00516 7.9622
threshold=15.604500000000002 16.377500000000005 15.354000000000001 25.152500000000003 25.254500000000004 26.453500000000002 21.827500000000004 -0.91780143710280748 23.233500000000003 -0.98211651112579568 11.227500000000001 18.505000000000006 12.936000000000002 -0.76235363884839025
decision_type=2 2 2 2 2 2 2 2 2 2 2 2 2 2
left_child=2 3 4 -2 6 -6 9 -8 -9 10 -1 -11 -13 -14
right_child=1 -3 -4 -5 5 -7 7 8 -10 11 -12 12 13 -15
leaf_value=-0.0047090770664440177 0.002658670464414559 -0.0012067013589078636 -0.0053691161440525244 0.00054446128191044669 0.0079420693472005612 -0.00094779679124908924 -0.016450496576425621 -0.0047941137945851538 0.0028962698825858862 2.3211939521161629e-05 0.00083365492598865833 0.0084810220258350836 0.003107701199864771 -0.004365860171648423
leaf_weight=50 41 60 51 49 47 84 47 65 53 1169 45 97 55 40
leaf_count=50 41 60 51 49 47 84 47 65 53 1169 45 97 55 40
internal_value=0.000588838 0.00533333 0.000194121 0.0111111 0.000513699 0.00572519 9.25355e-05 -0.00636364 0 0.000824176 -0.00789474 0.00143277 0.00677083 -0.000526316
internal_weight=1953 150 1803 90 1752 131 1621 165 118 1456 95 1361 192 95
internal_count=1953 150 1803 90 1752 131 1621 165 118 1456 95 1361 192 95
is_linear=0
shrinkage=0.05


Tree=252
num_leaves=15
num_cat=0
split_feature=5 5 3 5 5 4 5 5 5 1 6 7 6 7
split_gain=1.97724 1.66794 4.80034 4.41282 2.55301 10.9477 3.22378 6.50915 3.09267 2.10673 3.07811 5.39576 4.68864 4.57452
threshold=20.220000000000002 15.892000000000001 32.238500000000009 15.097500000000002 13.440500000000002 12.769500000000003 12.777500000000002 12.507500000000002 12.099500000000001 -0.63874350706337046 11.188500000000003 328.90250000000009 12.692500000000001 106.55550000000001
decision_type=2 2 2 2 2 2 2 2 2 2 2 2 2 2
left_child=1 3 -3 4 6 -6 7 8 9 10 11 13 -12 -1
right_child=-2 2 -4 -5 5 -7 -8 -9 -10 -11 12 -13 -14 -15
leaf_value=-0.0023384986330156538 0.00051723821781491936 -0.0022054845879539986 0.0031959916158466996 0.0093528458209181514 -0.011311087352747958 0.00045911441306621393 0.0010066980029678431 -0.010917130735977124 0.012105238417338571 0.00013473761145718912 0.0037579495339810382 -0.01422573840597785 -0.0008506296351690224 0.0011467510695336691
leaf_weight=55 77 65 54 42 70 63 63 42 49 1090 60 74 70 79
leaf_count=55 77 65 54 42 70 63 63 42 49 1090 60 74 70 79
internal_value=0.000588838 0.000266525 -0.00546218 0.000654525 0.000262391 -0.00639098 0.000821745 0.00036208 0.000914015 0.000490196 -0.00295858 -0.00673077 0.00307692 -0.000746269
internal_weight=1953 1876 119 1757 1715 133 1582 1519 1477 1428 338 208 130 134
internal_count=1953 1876 119 1757 1715 133 1582 1519 1477 1428 338 208 130 134
is_linear=0
shrinkage=0.05


Tree=253
num_leaves=15
num_cat=0
split_feature=7 1 1 7 4 7 3 3 3 3 3 3 0 0
split_gain=2.4828 3.77143 3.50649 2.25601 3.22981 3.06705 1.83882 5.62714 3.99304 3.08263 2.50476 4.75021 2.70354 7.12104
threshold=861.20700000000022 0.33302288323572038 0.081558489694578698 830.14200000000017 14.453000000000001 812.08400000000017 0.74950000000000017 4.4810000000000008 5.1890000000000009 14.345500000000001 22.285500000000003 36.481500000000004 3.7165000000000004 5.5995000000000008
decision_type=2 2 2 2 2 2 2 2 2 2 2 2 2 2
left_child=3 2 -2 5 -5 6 -1 -8 -9 -10 -11 -12 -13 -14
right_child=1 -3 -4 4 -6 -7 7 8 9 10 11 12 13 -15
leaf_value=-0.00053990365313137114 0.00011506031387332195 -0.00013683376819266792 0.0095279515459502587 -0.0034467326050029948 0.00059174977294609583 0.0052010016446664593 0.0011650488275595661 -0.0021168397432671073 0.00067192188796873502 -0.0021526200278843099 0.0033486407572832725 -0.015785087511079082 0.0031011220227363475 -1.4498411870511596e-06
leaf_weight=100 44 70 40 45 46 49 42 96 79 46 69 40 44 1143
leaf_count=100 44 70 40 45 46 49 42 96 79 46 69 40 44 1143
internal_value=0.00104967 0.00714286 0.0142857 0.000528071 -0.00714286 0.000936768 0.000572634 0.000994227 0.000494397 0.00116115 0.000596125 0.00100309 0.000285249 0.000716091
internal_weight=1953 154 84 1799 91 1708 1659 1559 1517 1421 1342 1296 1227 1187
internal_count=1953 154 84 1799 91 1708 1659 1559 1517 1421 1342 1296 1227 1187
is_linear=0
shrinkage=0.05


Tree=254
num_leaves=15
num_cat=0
split_feature=0 6 8 6 6 8 4 8 4 4 1 8 8 5
split_gain=2.01167 2.34843 3.38149 3.23713 3.55805 2.30519 3.34788 3.92337 4.56372 5.98957 3.36607 3.25657 4.89198 4.54521
threshold=3.0290000000000004 6.8795000000000011 -1.4954999999999998 4.9860000000000007 2.0695000000000001 -0.67799999999999994 8.2540000000000031 -0.31249999999999994 20.898500000000002 16.655500000000004 -0.36523833096101349 -0.90149999999999986 -0.84549999999999981 4.410000000000001
decision_type=2 2 2 2 2 2 2 2 2 2 2 2 2 2
left_child=-1 2 -2 4 -4 11 10 8 9 -8 -7 13 -13 -3
right_child=1 5 3 -5 -6 6 7 -9 -10 -11 -12 12 -14 -15
leaf_value=0.0016131354834808959 -0.0016744860990674738 0.0017911513059843357 -0.0019175473653752718 -0.0012118157310482991 0.0060769642485959787 -0.00054120606952228899 -0.0026665875604402929 5.6804261598375483e-05 -0.009201705594319742 0.0019624357304552143 0.0014150798121544226 0.010438584411989988 0.00034992941961411452 5.7812650181676701e-06
leaf_weight=44 59 50 43 92 62 43 134 535 40 57 70 48 115 561
leaf_count=44 59 50 43 92 62 43 134 535 40 57 70 48 115 561
internal_value=0.000793651 0.000550026 -0.00390625 -0.000761421 0.0052381 0.00124017 -0.000511945 -0.00169713 -0.00714286 -0.0039267 0.00752212 0.00322997 0.0095092 0.00155483
internal_weight=1953 1909 256 197 105 1653 879 766 231 191 113 774 163 611
internal_count=1953 1909 256 197 105 1653 879 766 231 191 113 774 163 611
is_linear=0
shrinkage=0.05


Tree=255
num_leaves=15
num_cat=0
split_feature=0 2 8 4 8 1 0 8 6 2 6 8 7 2
split_gain=2.1103 2.89261 3.3051 4.07029 4.22719 3.09681 4.34751 3.77783 3.06799 3.09461 2.93252 2.92738 2.4387 2.40717
threshold=3.0290000000000004 0.57132313271480106 1.4400000000000002 22.252000000000006 -0.45149999999999996 -0.63137065367936041 11.598000000000001 1.4400000000000002 6.6385000000000014 0.97879788253113664 8.759500000000001 -0.5744999999999999 247.16850000000002 0.1858661703907829
decision_type=2 2 2 2 2 2 2 2 2 2 2 2 2 2
left_child=-1 2 3 13 -5 -3 7 8 11 10 -10 12 -7 -2
right_child=1 5 -4 4 -6 6 -8 -9 9 -11 -12 -13 -14 -15
leaf_value=0.0015324787093068531 0.00010661048271053548 -0.00067835855350848742 0.0068934588949052028 -0.006296698351751737 0.00016169508018045524 -0.0064583917720047708 0.0010959558101029999 -0.0031978790876510659 0.0018643139439324552 -0.00048424531033915662 2.3667209727922663e-05 0.0032278593298603279 -1.8705810818320235e-05 0.00072279985882005716
leaf_weight=44 1006 79 43 70 76 52 44 40 69 46 88 51 45 200
leaf_count=44 1006 79 43 70 76 52 44 40 69 46 88 51 45 200
internal_value=0.000537634 0.000288109 0.00146953 0.0010355 -0.00684932 -0.00291829 -0.00126437 -0.00294118 -0.00128205 0.00270936 0.00605096 -0.00675676 -0.0118557 0.00199005
internal_weight=1953 1909 1395 1352 146 514 435 391 351 203 157 148 97 1206
internal_count=1953 1909 1395 1352 146 514 435 391 351 203 157 148 97 1206
is_linear=0
shrinkage=0.05


Tree=256
num_leaves=15
num_cat=0
split_feature=0 2 6 4 7 6 5 4 5 0 2 4 2 1
split_gain=2.09039 2.31697 3.49449 3.39981 4.52153 3.27214 3.35622 5.60029 3.52114 3.31117 3.22969 4.41344 3.13555 4.05238
threshold=3.0290000000000004 0.57132313271480106 7.5900000000000007 19.246000000000006 192.02400000000003 7.5900000000000007 4.7910000000000013 19.047500000000003 5.7395000000000005 14.932500000000003 0.73832635400310653 11.888500000000002 0.72731766296277522 0.42833659622166903
decision_type=2 2 2 2 2 2 2 2 2 2 2 2 2 2
left_child=-1 5 12 10 -5 9 7 -7 -8 -2 -4 -12 -3 -14
right_child=1 2 3 4 -6 6 8 -9 -10 -11 11 -13 13 -15
leaf_value=0.0014558547738415112 0.0053914919499924996 -0.0010040075485375777 -0.0030451916987877335 4.2864594357884539e-05 0.0032985634390435212 0.00052756774534123421 0.014235039159774615 -0.0099884534115056052 0.00010127995857500822 -0.00010583173523411594 0.0024656133109337945 -0.00070489876598732882 -0.0011659882218540835 0.001966284196909536
leaf_weight=44 49 45 43 70 44 75 53 40 1138 40 46 76 146 44
leaf_count=44 49 45 43 70 44 75 53 40 1138 40 46 76 146 44
internal_value=0.000588838 0.000340492 -0.00252918 0.00125448 0.00789474 0.00139785 0.000765697 -0.0073913 0.00155332 0.0106742 -0.00333333 0.000819672 -0.00702128 -0.00421053
internal_weight=1953 1909 514 279 114 1395 1306 115 1191 89 165 122 235 190
internal_count=1953 1909 514 279 114 1395 1306 115 1191 89 165 122 235 190
is_linear=0
shrinkage=0.05


Tree=257
num_leaves=15
num_cat=0
split_feature=2 8 0 7 7 2 4 7 2 5 2 8 8 2
split_gain=1.72498 3.43199 2.83163 3.03075 4.5398 4.94189 3.25894 3.61908 4.97117 4.36788 2.56157 3.02203 2.47184 3.63601
threshold=0.43802537080760273 1.3770000000000002 3.0290000000000004 374.77600000000007 280.23400000000009 0.69017338824297181 10.856500000000002 232.74400000000003 0.75047916603754417 5.0305000000000009 0.86564557464733971 0.043500000000000004 0.43400000000000005 0.1858661703907829
decision_type=2 2 2 2 2 2 2 2 2 2 2 2 2 2
left_child=1 12 -2 4 6 -6 -4 8 -8 10 -10 -12 13 -1
right_child=2 -3 3 -5 5 -7 7 -9 9 -11 11 -13 -14 -15
leaf_value=7.3247253234676188e-05 0.0021916286811041355 0.0025057764730245266 -0.001944443268138682 0.00029771526850596311 -0.018077773832527424 -0.00015668448235761301 0.0012753744574802274 0.0036121745241978658 -0.0035034440742742036 -0.00098053741359259991 -0.00021354464118907639 0.0026925761467982419 -0.0010466378195743088 0.0016039078159682857
leaf_weight=1027 43 43 90 80 51 72 61 58 40 43 64 45 108 128
leaf_count=1027 43 43 90 80 51 72 61 58 40 43 64 45 108 128
internal_value=0.000179211 0.00122511 -0.00193199 -0.00281457 -0.00419847 -0.0126016 -0.00162095 0.000803859 -0.00177866 -0.00572917 -0.00167785 0.00229358 0.000752177 0.00142857
internal_weight=1953 1306 647 604 524 123 401 311 253 192 149 109 1263 1155
internal_count=1953 1306 647 604 524 123 401 311 253 192 149 109 1263 1155
is_linear=0
shrinkage=0.05


Tree=258
num_leaves=15
num_cat=0
split_feature=2 1 5 0 4 0 1 0 7 2 8 6 6 6
split_gain=2.80971 3.69194 4 2.64738 1.81753 1.48053 4.45041 3.03804 4.65866 3.41737 5.09745 7.65175 6.09127 5.82896
threshold=0.90542393716278702 0.098678873477280007 4.676000000000001 6.5215000000000005 19.246000000000006 17.868500000000001 0.38118653245548312 20.408500000000004 357.75650000000002 -0.33100558041451072 0.032000000000000008 14.210500000000001 14.794000000000002 15.580500000000002
decision_type=2 2 2 2 2 2 2 2 2 2 2 2 2 2
left_child=5 3 -3 -2 -5 -1 7 8 -7 10 11 -9 -13 -14
right_child=1 2 -4 4 -6 6 -8 9 -10 -11 -12 12 13 -15
leaf_value=0.00014560514467458764 0.0017355627864733326 -0.00011859506390255875 -0.0078484857841542976 -0.00085477770206309064 0.00024531761821169342 0.0013302854557612821 0.00042628210870263603 -0.010647634679681347 -0.0062742135045197392 0.0022962820014518436 0.0068516736247682232 0.006908362574258059 -0.0070230870797718089 0.00039176675656995289
leaf_weight=942 54 50 50 60 41 43 160 114 76 54 42 41 84 142
leaf_count=942 54 50 50 60 41 43 160 114 76 54 42 41 84 142
internal_value=0.000384025 -0.0045098 -0.012 0.000322581 -0.00445545 0.00111896 -0.000529101 -0.00251678 -0.00966387 -0.000733753 -0.00224586 -0.00406824 0.000561798 -0.00265487
internal_weight=1953 255 100 155 101 1698 756 596 119 477 423 381 267 226
internal_count=1953 255 100 155 101 1698 756 596 119 477 423 381 267 226
is_linear=0
shrinkage=0.05


Tree=259
num_leaves=15
num_cat=0
split_feature=2 8 4 6 3 7 3 0 3 7 4 0 8 8
split_gain=2.61804 2.63605 2.80522 5.33556 1.7561 1.55168 1.35136 3.65253 2.88207 4.89768 3.554 3.31702 2.65194 4.39495
threshold=0.90542393716278702 0.15450000000000003 13.614500000000001 6.275500000000001 99.325500000000019 880.07900000000006 1.2690000000000003 15.574000000000002 15.646500000000001 830.14200000000017 13.688500000000003 15.653500000000001 0.053500000000000006 0.17050000000000004
decision_type=2 2 2 2 2 2 2 2 2 2 2 2 2 2
left_child=5 2 -2 -4 -3 6 7 -1 9 10 11 -8 -10 -14
right_child=1 4 3 -5 -6 -7 8 -9 12 -11 -12 -13 13 -15
leaf_value=-0.0075082046870200703 -0.0023770932320747785 -0.00035856238442094623 0.011241859588040604 -0.0034688388515270816 0.00088665878157409843 0.00028755339700486661 0.0030629041300754447 0.00034564687654825153 0.00018423497684592617 -0.0010537130145224394 0.0033640990885951149 -0.00069131582084617236 -0.009630475757978714 -0.00013472057105265515
leaf_weight=41 83 41 40 50 41 84 41 80 921 49 77 65 41 299
leaf_count=41 83 41 40 50 41 84 41 80 921 49 77 65 41 299
internal_value=0.000998464 -0.00372549 -0.00722543 -0.00111111 0.00365854 0.00170789 0.00136307 -0.00371901 0.00177495 0.00689655 0.0106557 0.00471698 0.000832672 -0.00294118
internal_weight=1953 255 173 90 82 1698 1614 121 1493 232 183 106 1261 340
internal_count=1953 255 173 90 82 1698 1614 121 1493 232 183 106 1261 340
is_linear=0
shrinkage=0.05


Tree=260
num_leaves=15
num_cat=0
split_feature=7 5 4 2 8 7 8 1 1 5 3 5 5 2
split_gain=2.05021 1.63209 4.04667 5.62868 3.17772 3.09596 2.11526 2.04393 1.92172 3.17747 2.45 2.09036 4.72251 1.75444
threshold=17.304500000000001 14.253500000000001 8.7105000000000015 -0.61626377254255749 -1.1284999999999996 801.01250000000016 -1.3754999999999997 -0.9852109833579612 -0.94697898371965694 13.440500000000002 95.804000000000016 12.777500000000002 12.452000000000002 0.4068650353019454
decision_type=2 2 2 2 2 2 2 2 2 2 2 2 2 2
left_child=-1 7 -3 5 -5 -4 -7 -2 10 11 -9 12 13 -10
right_child=1 2 3 4 -6 6 -8 8 9 -11 -12 -13 -14 -15
leaf_value=-0.00030265444310090196 -0.00077666803027652694 -0.00049364167159774298 -0.0042675810715172846 0.010514142754640066 0.0012171230045448901 -0.00033728140590160718 0.0011718337774845379 -0.0014836003191329101 0.00021179680406845092 -0.007330591209594302 0.0014374507295008888 0.00073058138807467483 -0.0092501866641419017 -5.4793808411679472e-05
leaf_weight=40 77 70 40 41 49 40 61 40 693 54 40 56 41 611
leaf_count=40 77 70 40 41 49 40 61 40 693 54 40 56 41 611
internal_value=0.00120328 0.00143753 0.00481728 0.00800866 0.0177778 0.00177305 0.00643564 0.000806452 0.00120521 0.000790378 0.00875 0.00124911 0.000855019 0.00138037
internal_weight=1953 1913 301 231 90 141 101 1612 1535 1455 80 1401 1345 1304
internal_count=1953 1913 301 231 90 141 101 1612 1535 1455 80 1401 1345 1304
is_linear=0
shrinkage=0.05


Tree=261
num_leaves=15
num_cat=0
split_feature=6 5 5 0 0 2 8 3 4 3 0 8 6 8
split_gain=1.3786 3.03832 3.85414 2.28586 4.79306 4.58567 4.12012 3.71858 3.5773 3.85907 3.47964 4.17129 4.67801 4.23766
threshold=9.9110000000000014 4.323500000000001 5.2735000000000012 17.620500000000003 15.653500000000001 -0.045113073260993279 -0.67799999999999994 99.991500000000016 17.015500000000003 96.905000000000015 14.410500000000001 0.21000000000000002 11.491500000000002 -0.71749999999999992
decision_type=2 2 2 2 2 2 2 2 2 2 2 2 2 2
left_child=-1 -2 -3 4 10 7 -6 8 9 -5 11 12 -4 -14
right_child=1 2 3 5 6 -7 -8 -9 -10 -11 -12 -13 13 -15
leaf_value=-3.8314076972179037e-05 0.0028226132794588799 -0.0052496160312911992 0.015278101416483725 -1.5002932349654497e-05 0.018245178010492781 -0.0008135455137923131 0.00039479470793233056 -0.0054319917652671332 0.001066376526886398 0.0069387280139773973 -0.0084491582259514763 -0.00013768694571112406 -0.0012320265011608687 0.0035520068683344494
leaf_weight=714 43 50 42 362 48 41 63 101 133 52 67 107 62 68
leaf_count=714 43 50 42 362 48 41 63 101 133 52 67 107 62 68
internal_value=0.00104967 0.00205811 0.00158863 0.0021815 0.00492341 0.000362845 0.013964 0.00138889 0.00301645 0.000724638 0.00202312 0.00448029 0.00930233 0.00461538
internal_weight=1953 1239 1196 1146 457 689 111 648 547 414 346 279 172 130
internal_count=1953 1239 1196 1146 457 689 111 648 547 414 346 279 172 130
is_linear=0
shrinkage=0.05


Tree=262
num_leaves=15
num_cat=0
split_feature=1 1 0 1 8 6 0 8 5 1 3 1 1 1
split_gain=1.74588 2.12304 1.83273 1.62942 2.38837 4.4524 3.16887 2.87633 2.97014 2.71183 2.67269 2.32054 4.56054 4.21852
threshold=-0.9852109833579612 -0.9523687564627995 17.981500000000004 0.99466160899732492 -1.8559999999999999 7.5900000000000007 17.620500000000003 -1.5609999999999997 20.220000000000002 -0.86095304316285715 0.10300000000000001 0.92913280730858816 0.73465119469809237 0.65765423894015862
decision_type=2 2 2 2 2 2 2 2 2 2 2 2 2 2
left_child=2 -2 -1 4 5 -3 -7 -6 9 -9 -11 12 13 -12
right_child=1 3 -4 -5 7 6 -8 8 -10 10 11 -13 -14 -15
leaf_value=4.1495024039034382e-05 0.0013751830446819227 -0.00020887370676122842 -0.00067976811547186859 -0.00013989599631824973 -0.0022702879432967117 0.0080538473021339266 0.00090903056108502253 -0.0028836899013871863 0.00085130213471801275 0.00037919357399597288 4.4838667242801116e-06 0.0010297394152266144 -0.0014491288753391341 0.005901512871125867
leaf_weight=56 80 53 44 72 74 50 43 108 53 75 850 144 195 56
leaf_count=56 80 53 44 72 74 50 43 108 53 75 850 144 195 56
internal_value=0.000435228 0.000782515 -0.006 0.000423012 0.000734862 0.00684932 0.0134409 0.000160772 0.000641458 0.000210084 0.000833333 0.000281124 -0.000499546 0.000993377
internal_weight=1953 1853 100 1773 1701 146 93 1555 1481 1428 1320 1245 1101 906
internal_count=1953 1853 100 1773 1701 146 93 1555 1481 1428 1320 1245 1101 906
is_linear=0
shrinkage=0.05


Tree=263
num_leaves=15
num_cat=0
split_feature=1 0 1 4 3 4 5 0 7 3 0 0 7 5
split_gain=1.58316 1.83273 1.45822 2 1.52018 3.61418 1.61513 2.42594 5.72686 5.65193 3.92641 2.63572 2.27281 1.74718
threshold=-0.9852109833579612 17.981500000000004 -0.94697898371965694 13.234500000000002 0.10300000000000001 10.739500000000001 20.758000000000006 22.119000000000003 663.25400000000013 79.388500000000008 20.408500000000004 24.158000000000005 701.56900000000007 13.440500000000002
decision_type=2 2 2 2 2 2 2 2 2 2 2 2 2 2
left_child=1 -1 3 -2 5 -4 7 10 -9 11 13 -10 -12 -6
right_child=2 -3 4 -5 6 -7 -8 8 9 -11 12 -13 -14 -15
leaf_value=3.9420272837081831e-05 0.011610401885813372 -0.00064577970969827495 -0.00061446863687627531 4.103400164103821e-05 2.2964352829002444e-06 0.00061933423036157067 0.00054210455461554117 -0.016688059164563462 -0.0019336077306138901 0.0059861084164209016 0.015352824081379841 -0.0005102896159976944 0.00028863497018111195 -0.00071934575628131723
leaf_weight=56 40 44 41 50 1147 72 55 65 50 84 47 113 44 45
leaf_count=56 40 44 41 50 1147 72 55 65 50 84 47 113 44 45
internal_value=0.000128008 -0.006 0.000458716 0.00666667 0.000141804 0.00575221 -0.000242424 -0.000532915 -0.00448718 -0.00101215 0.000428683 -0.00644172 0.0104396 -0.00033557
internal_weight=1953 100 1853 90 1763 113 1650 1595 312 247 1283 163 91 1192
internal_count=1953 100 1853 90 1763 113 1650 1595 312 247 1283 163 91 1192
is_linear=0
shrinkage=0.05


Tree=264
num_leaves=15
num_cat=0
split_feature=7 1 6 1 0 2 6 4 8 1 1 5 1 1
split_gain=2.42324 1.69196 2.43055 1.62794 1.56037 2.1384 2.51451 1.72324 5.17617 3.40829 3.40807 6.3163 3.26238 4.63991
threshold=880.07900000000006 -0.98211651112579568 11.227500000000001 -0.96683886033945943 3.0290000000000004 0.97879788253113664 7.6995000000000013 15.160000000000002 -1.6954999999999998 0.95747632178960107 0.67760851415498113 6.7645000000000008 0.42833659622166903 0.26744970170045884
decision_type=2 2 2 2 2 2 2 2 2 2 2 2 2 2
left_child=1 2 -1 -3 -5 7 -7 8 -6 10 12 -12 13 -10
right_child=-2 3 -4 4 5 6 -8 -9 9 -11 11 -13 -14 -15
leaf_value=-0.0013046077144146741 0.00025425793184133682 0.010598596422039778 0.00036238281818140876 0.0012835553356683295 -0.013104339658339306 -0.0031929399263658969 -1.7993521118950684e-05 0.00012269063921250268 1.7610510016774496e-05 0.0028005286834353218 -0.010882986128781351 -0.00038130871755260036 0.0043195956344592957 -0.013224417546806684
leaf_weight=62 84 40 48 44 61 47 52 736 412 81 43 110 88 45
leaf_count=62 84 40 48 44 61 47 52 736 412 81 43 110 88 45
internal_value=2.56016e-05 -0.00034778 -0.00636364 2.84252e-05 -0.000203607 -0.000447761 -0.00757576 0 -0.00154762 -0.000449294 -0.00157593 -0.00816993 0.000275229 -0.00142232
internal_weight=1953 1869 110 1759 1719 1675 99 1576 840 779 698 153 545 457
internal_count=1953 1869 110 1759 1719 1675 99 1576 840 779 698 153 545 457
is_linear=0
shrinkage=0.05


Tree=265
num_leaves=15
num_cat=0
split_feature=7 1 6 8 8 8 8 2 4 8 6 6 4 5
split_gain=2.30523 1.81449 2.43055 1.61689 4.32216 3.6398 3.97193 4.31876 4.03872 3.58884 2.6473 4.36307 3.05824 2.81837
threshold=880.07900000000006 -0.98211651112579568 11.227500000000001 -0.31249999999999994 -0.72149999999999992 0.053500000000000006 -0.015999999999999997 0.29426351849031901 14.453000000000001 -0.79149999999999998 7.1565000000000012 8.6010000000000009 14.268500000000001 9.2585000000000015
decision_type=2 2 2 2 2 2 2 2 2 2 2 2 2 2
left_child=1 2 -1 4 9 6 7 8 -5 10 12 -12 -3 -13
right_child=-2 3 -4 5 -6 -7 -8 -9 -10 -11 11 13 -14 -15
leaf_value=-0.0012393773286939415 0.00024154503524926804 -0.0060105706355624072 0.00034426367727233569 0.011194242562629847 -0.00062572429840553338 -3.9529184418629624e-06 0.014375412878058342 -0.0023528208684257912 0.0021187512289594498 0.0076123706975597229 0.0015687583170485688 -0.0011373489995944329 0.00023554311322326605 0.00023290278525240905
leaf_weight=62 84 73 48 41 317 437 42 75 50 43 71 126 76 408
leaf_count=62 84 73 48 41 317 437 42 75 50 43 71 126 76 408
internal_value=0.000230415 -0.000133761 -0.00636364 0.000255827 -0.000897666 0.00224806 0.00769231 0.00421687 0.0115385 0.0010665 0.000265252 0.00173554 -0.0057047 0.000187266
internal_weight=1953 1869 110 1759 1114 645 208 166 91 797 754 605 149 534
internal_count=1953 1869 110 1759 1114 645 208 166 91 797 754 605 149 534
is_linear=0
shrinkage=0.05


Tree=266
num_leaves=15
num_cat=0
split_feature=7 5 6 7 7 1 6 2 0 3 4 4 8 2
split_gain=1.96216 1.71685 3.0792 1.60318 3.55046 1.63127 2.43055 1.52562 2.31111 2.02551 2.77552 7.43122 7.28503 2.47326
threshold=880.07900000000006 22.027500000000003 16.179000000000006 855.13200000000018 830.14200000000017 -0.98211651112579568 11.227500000000001 0.97879788253113664 5.721000000000001 5.1890000000000009 11.704000000000002 8.9885000000000019 -0.75449999999999984 0.92284787786233202
decision_type=2 2 2 2 2 2 2 2 2 2 2 2 2 2
left_child=1 2 3 4 5 6 -1 9 -9 10 11 -7 -12 -11
right_child=-2 -3 -4 -5 -6 7 -8 8 -10 13 12 -13 -14 -15
leaf_value=-0.0011774084622592441 0.00022946778348680377 0.0034716942388164033 -0.014360501248337043 0.0010536730685999031 -0.0014287697890338624 0.00025266696406367207 0.00032705049340871765 0.00017535854748617076 -0.00049040825822618405 6.087483593367749e-05 0.0026943709803966599 -0.025595193759588949 -0.00222857250587489 0.0011588188494709758
leaf_weight=62 84 44 42 61 50 54 48 45 72 1164 57 42 42 86
leaf_count=62 84 44 42 61 50 54 48 45 72 1164 57 42 42 86
internal_value=-0.000332821 -0.000668807 -0.00090411 -0.000588895 -0.00087108 -0.000478469 -0.00636364 -6.40205e-05 -0.00555556 0.000380623 -0.00435897 -0.0104167 0.00151515 0.00112
internal_weight=1953 1869 1825 1783 1722 1672 110 1562 117 1445 195 96 99 1250
internal_count=1953 1869 1825 1783 1722 1672 110 1562 117 1445 195 96 99 1250
is_linear=0
shrinkage=0.05


Tree=267
num_leaves=15
num_cat=0
split_feature=7 3 7 1 7 1 6 3 3 5 3 0 8 1
split_gain=2.24577 5.34914 4.39574 3.03938 1.86113 1.83503 2.43055 1.81769 4.2136 3.23009 7.09396 3.29214 3.09892 3.2805
threshold=848.7505000000001 1.5950000000000002 830.14200000000017 0.098678873477280007 871.29650000000004 -0.98211651112579568 11.227500000000001 77.223000000000013 84.010500000000022 10.115000000000002 53.237500000000004 16.095000000000002 -0.65149999999999986 0.87518633148764147
decision_type=2 2 2 2 2 2 2 2 2 2 2 2 2 2
left_child=2 -2 5 -3 -5 6 -1 9 -9 11 12 -7 13 -11
right_child=1 3 -4 4 -6 7 -8 8 -10 10 -12 -13 -14 -15
leaf_value=-0.0011185380391462829 0.0022614698510529719 -0.007482770076094403 -0.0016525880912353242 0.010805595218976989 1.9478718890244414e-05 0.00014938750139149027 0.00031069796873827994 -0.016809142329671962 -1.3889018942392362e-05 0.00017179515559231364 0.01819085154253838 -0.017394621812505066 -0.00051334452077479579 0.0063886006970827859
leaf_weight=62 44 41 49 41 70 266 48 49 939 115 41 62 74 52
leaf_count=62 44 41 49 41 70 266 48 49 939 115 41 62 74 52
internal_value=2.56016e-05 0.00510204 -0.000540694 0.000657895 0.00495495 -0.000117096 -0.00636364 0.000312891 -0.00101215 0.00245902 0.00638298 -0.000914634 0.00311203 0.00688623
internal_weight=1953 196 1757 152 111 1708 110 1598 988 610 282 328 241 167
internal_count=1953 196 1757 152 111 1708 110 1598 988 610 282 328 241 167
is_linear=0
shrinkage=0.05


Tree=268
num_leaves=15
num_cat=0
split_feature=8 8 8 2 0 3 3 6 3 5 3 2 1 1
split_gain=1.17289 3.36766 4.14225 4.25896 3.85389 3.31235 5.19787 2.75841 7.36492 5.39103 4.10343 2.97732 2.68234 6.01011
threshold=-0.31249999999999994 0.053500000000000006 -0.0079999999999999984 0.29426351849031901 19.460000000000004 12.986000000000002 42.974000000000011 9.9110000000000014 99.971000000000018 5.7020000000000008 99.715500000000006 -0.53914575630485184 0.99466160899732492 0.85731462807633252
decision_type=2 2 2 2 2 2 2 2 2 2 2 2 2 2
left_child=12 2 3 4 -2 -3 -7 8 -8 -9 11 -11 13 -1
right_child=1 5 -4 -5 -6 6 7 9 -10 10 -12 -13 -14 -15
leaf_value=-0.00014688440965457866 0.017212049995049963 0.0011389117941393537 0.013875704334933292 -0.0022375291158540653 -0.00040674338881364902 -0.0020543025135924308 -0.012369701290781316 0.0056747731628106791 6.352775479101653e-05 0.005980769183707677 -0.005188014856990825 -0.00017796941164064447 -0.00080245448765950411 0.0021790273420173221
leaf_weight=1026 62 49 41 77 49 52 54 52 103 40 49 67 46 186
leaf_count=1026 62 49 41 77 49 52 54 52 103 40 49 67 46 186
internal_value=-0.000281618 0.00136691 0.00633188 0.00319149 0.00945946 -0.00107296 -0.00251799 -0.000410959 -0.00541401 0.00336538 -0.00128205 0.00420561 -0.00119237 -0.000742574
internal_weight=1953 695 229 188 111 466 417 365 157 208 156 107 1258 1212
internal_count=1953 695 229 188 111 466 417 365 157 208 156 107 1258 1212
is_linear=0
shrinkage=0.05


Tree=269
num_leaves=15
num_cat=0
split_feature=5 4 1 8 7 4 0 2 6 3 7 7 7 8
split_gain=1.0547 3.38669 3.29743 2.9829 2.61235 2.78278 2.17221 4.27279 3.07647 5.81729 4.51022 6.75859 3.41416 2.88505
threshold=14.253500000000001 8.7105000000000015 0.23416947364604893 -0.8244999999999999 767.94700000000012 13.906000000000002 17.223500000000005 1.0000000180025095e-35 11.310000000000002 25.999500000000001 526.34000000000015 371.06500000000005 317.20650000000006 -0.53349999999999997
decision_type=2 2 2 2 2 2 2 2 2 2 2 2 2 2
left_child=6 -2 3 4 -3 -6 8 -8 10 -10 11 12 13 -1
right_child=1 2 -4 -5 5 -7 7 -9 9 -11 -12 -13 -14 -15
leaf_value=-0.0002612281580186726 -0.00031418732653420712 0.01000969755208723 0.004065012402411596 -0.0057266155840914219 0.0029409392995718877 -0.00035456459724487744 -0.00028913356189429196 -0.0065711968329192523 0.0017548383488447949 2.8154843447816478e-05 -0.0093948309554885145 0.0050881265670429726 -0.0090585529705903989 0.00019893954316545505
leaf_weight=261 70 54 46 50 40 41 488 54 68 254 40 84 60 343
leaf_count=261 70 54 46 50 40 41 488 54 68 254 40 84 60 343
internal_value=-0.000230415 0.00249169 0.00541126 0.00243243 0.0062963 0.000617284 -0.000726392 -0.00332103 0.000540541 0.00465839 -0.00114213 -0.00026738 -0.00195783 -0.000827815
internal_weight=1953 301 231 185 135 81 1652 542 1110 322 788 748 664 604
internal_count=1953 301 231 185 135 81 1652 542 1110 322 788 748 664 604
is_linear=0
shrinkage=0.05


Tree=270
num_leaves=15
num_cat=0
split_feature=0 0 5 4 0 7 6 0 7 4 6 5 0 0
split_gain=1.61332 1.92711 1.88343 5.3933 3.67404 5.41823 3.12795 4.81522 2.95835 4.6247 4.72063 3.22983 2.80898 4.71588
threshold=30.115500000000004 27.857500000000005 15.097500000000002 12.978500000000002 21.827500000000004 848.7505000000001 14.855000000000002 23.051500000000001 685.35550000000012 10.012500000000001 14.562000000000003 11.883500000000003 20.408500000000004 18.971000000000004
decision_type=2 2 2 2 2 2 2 2 2 2 2 2 2 2
left_child=1 2 4 -4 8 6 7 -6 11 -10 -11 12 13 -1
right_child=-2 -3 3 -5 5 -7 -8 -9 9 10 -12 -13 -14 -15
leaf_value=2.6764485992004235e-05 -0.00040109050472051934 0.0029531945872044276 0.0038237053284306908 -0.0011938094079829177 -0.012983561418815804 0.00088854644342151743 -0.0048198621422165973 0.00068429001355107546 -0.0062030275555890416 -0.0005475478851025659 0.0014015936410015539 0.00059353127860042399 0.016744938551625059 -0.0052399583401160927
leaf_weight=1060 62 63 78 59 46 54 49 83 43 99 74 84 41 58
leaf_count=1060 62 63 78 59 46 54 49 83 43 99 74 84 41 58
internal_value=-0.000128008 0.000132205 -0.000164114 0.00547445 -0.000620934 -0.00646552 -0.0106742 -0.00658915 0.00030843 -0.00509259 -0.00144509 0.00124698 0.000560828 8.94454e-05
internal_weight=1953 1891 1828 137 1691 232 178 129 1459 216 173 1243 1159 1118
internal_count=1953 1891 1828 137 1691 232 178 129 1459 216 173 1243 1159 1118
is_linear=0
shrinkage=0.05


Tree=271
num_leaves=15
num_cat=0
split_feature=0 0 8 8 7 4 8 4 4 8 7 7 6 4
split_gain=1.61332 1.92711 1.19437 1.98885 2.90564 3.0622 4.19687 1.59874 3.37753 2.90372 1.84102 4.02594 5.01799 4.53265
threshold=30.115500000000004 27.857500000000005 -2.3214999999999995 -1.9349999999999998 22.302000000000003 25.710000000000004 0.48250000000000004 21.928500000000003 21.137000000000004 -0.31249999999999994 708.70350000000008 792.82950000000017 13.595500000000003 12.477000000000002
decision_type=2 2 2 2 2 2 2 2 2 2 2 2 2 2
left_child=1 2 -1 -4 -5 7 -7 8 10 -9 -6 12 -12 -14
right_child=-2 -3 3 4 5 6 -8 9 -10 -11 11 -13 13 -15
leaf_value=-0.00071294028807537 -0.0003810359794844953 0.0028055348578442055 0.0010091682450283691 -0.0010219204951999684 4.1699249875276627e-05 0.0046155237482108794 -0.00016448754074981575 -0.0042226558573772253 0.00095943505933494269 8.7775019547570166e-05 -0.0067278660019380919 3.1797073336481406e-05 0.004620694234855849 -0.00058908083545550162
leaf_weight=67 62 63 74 41 1023 58 41 63 44 66 43 215 43 50
leaf_count=67 62 63 74 41 1023 58 41 63 44 66 43 215 43 50
internal_value=-0.000128008 0.000132205 -0.000164114 8.51789e-05 -0.000266746 6.07533e-05 0.00858586 -0.000484809 0 -0.00581395 -0.000436681 -0.00356125 -0.0102941 -0.00376344
internal_weight=1953 1891 1828 1761 1687 1646 99 1547 1418 129 1374 351 136 93
internal_count=1953 1891 1828 1761 1687 1646 99 1547 1418 129 1374 351 136 93
is_linear=0
shrinkage=0.05


Tree=272
num_leaves=15
num_cat=0
split_feature=2 2 8 8 8 4 6 7 0 0 4 2 0 1
split_gain=1.18743 5.61649 4.67628 4.14726 2.53262 3.06892 5.22534 3.87123 2.31931 4.25053 3.65615 2.71537 2.64196 2.57488
threshold=0.80444483470750872 0.76110425866077447 -1.1184999999999998 -0.74799999999999989 -0.46449999999999997 8.9885000000000019 7.9850000000000003 203.56400000000005 10.172500000000001 10.848000000000001 27.555000000000003 0.54277338749235304 7.5875000000000012 0.80825240458786018
decision_type=2 2 2 2 2 2 2 2 2 2 2 2 2 2
left_child=1 8 -2 -4 -5 -6 -7 -8 12 -10 11 -11 -1 -14
right_child=2 -3 3 4 5 6 7 -9 9 10 -12 -13 13 -15
leaf_value=-0.00035752468896217747 -0.0011603237882713002 0.0090317477020930154 0.0016554599327162469 -0.021314918474132184 -0.0099103966973815155 0.0090342809068676821 -0.0021941720062604365 0.00072854183404882922 -0.0044127195947001683 3.2524811119125088e-05 -0.0048684432770063355 -0.00030260344684424902 0.0084394315798844762 0.00080764423130179482
leaf_weight=52 86 44 45 41 44 51 53 47 44 1216 40 71 40 79
leaf_count=52 86 44 45 41 44 51 53 47 44 1216 40 71 40 79
internal_value=-2.56016e-05 0.000567465 -0.00258856 0.000533808 -0.00211864 0.00025641 0.00364238 -0.003 6.48508e-05 -0.000619985 -0.000113037 0.00034965 0.00555556 0.00966387
internal_weight=1953 1586 367 281 236 195 151 100 1542 1371 1327 1287 171 119
internal_count=1953 1586 367 281 236 195 151 100 1542 1371 1327 1287 171 119
is_linear=0
shrinkage=0.05


Tree=273
num_leaves=15
num_cat=0
split_feature=7 3 4 2 3 2 7 7 4 4 0 6 4 4
split_gain=1.67554 1.36293 3.82375 3.64499 4.9025 4.19274 3.1537 5.75088 4.9555 4.30927 4.85192 5.754 3.14386 5.14898
threshold=17.304500000000001 59.124000000000009 17.015500000000003 0.0064435096891653281 12.651500000000002 -0.58882848911713703 746.71550000000013 371.06500000000005 11.406500000000003 13.614500000000001 15.936500000000001 12.904500000000002 14.453000000000001 11.162500000000001
decision_type=2 2 2 2 2 2 2 2 2 2 2 2 2 2
left_child=-1 2 6 5 -5 -4 7 8 -2 10 -9 -12 13 -8
right_child=1 -3 3 4 -6 -7 12 9 -10 -11 11 -13 -14 -15
leaf_value=-0.00034260605658765505 0.00044385727917761741 -9.9862978511821795e-05 0.0019641906102260687 0.0011134864575801622 0.00043615504122019037 -0.0005570741553544659 -0.000855282350202137 0.0034368648447551386 -0.0069435934287720383 0.010014501090507489 -0.01152586702949694 0.0032692140217363943 -0.0051076767772908378 0.0025274760185746538
leaf_weight=40 79 1165 63 44 48 49 98 60 45 51 53 43 45 70
leaf_count=40 79 1165 63 44 48 49 98 60 45 51 53 43 45 70
internal_value=0.000128008 0.00033978 0.00200535 0.00784314 0.0152174 0.00178571 -0.000183824 0.00287009 -0.00564516 0.00797101 0.00384615 -0.003125 -0.00492958 -0.00178571
internal_weight=1953 1913 748 204 92 112 544 331 124 207 156 96 213 168
internal_count=1953 1913 748 204 92 112 544 331 124 207 156 96 213 168
is_linear=0
shrinkage=0.05


Tree=274
num_leaves=15
num_cat=0
split_feature=7 5 6 6 1 6 1 4 4 4 3 1 4 6
split_gain=1.60846 1.13464 1.37435 5.36213 4.82796 3.85227 4.78927 4.82337 6.25327 4.29191 3.59493 3.00225 6.49932 6.11464
threshold=17.304500000000001 21.515500000000003 12.314000000000002 11.310000000000002 -0.94697898371965694 12.692500000000001 -0.82391537601316189 18.380500000000001 16.558500000000002 23.961500000000004 4.7805000000000009 0.85731462807633252 14.453000000000001 14.354000000000001
decision_type=2 2 2 2 2 2 2 2 2 2 2 2 2 2
left_child=-1 2 3 -2 -4 -6 -7 8 10 -9 -8 12 13 -12
right_child=1 -3 4 -5 5 6 7 9 -10 -11 11 -13 -14 -15
leaf_value=-0.00032547575375827258 -6.9708265184781351e-05 0.0015006805168144679 0.0013442990977499904 0.00081753833949089474 -0.0065255108809712083 -0.0045075642141082393 -0.0016521314501028459 0.0032556431335499653 -0.006305007251944262 -0.0016159086876806812 -0.0055774882513612454 0.00543959142828483 0.007156447267331301 0.00012671933731904644
leaf_weight=40 929 56 69 178 48 51 72 100 55 47 60 64 42 142
leaf_count=40 929 56 69 178 48 51 72 100 55 47 60 64 42 142
internal_value=-7.68049e-05 0.000130685 -8.07754e-05 0.00103884 -0.00173333 -0.00301028 -0.00197472 -0.000687285 -0.00333333 0.00714286 -0.00105263 0.0012987 -0.00122951 -0.0049505
internal_weight=1953 1913 1857 1107 750 681 633 582 435 147 380 308 244 202
internal_count=1953 1913 1857 1107 750 681 633 582 435 147 380 308 244 202
is_linear=0
shrinkage=0.05


Tree=275
num_leaves=15
num_cat=0
split_feature=7 4 4 7 7 5 3 5 7 7 7 0 2 5
split_gain=1.5919 1.0305 3.00945 2.59356 2.16916 1.95129 2.95835 3.92803 2.804 4.56503 3.44881 3.3766 3.75012 5.97837
threshold=17.304500000000001 27.555000000000003 25.710000000000004 44.706500000000013 63.267500000000005 4.323500000000001 97.169000000000011 3.1585000000000005 227.01450000000003 255.5515 156.84400000000002 4.9075000000000006 0.69017338824297181 6.480500000000001
decision_type=2 2 2 2 2 2 2 2 2 2 2 2 2 2
left_child=-1 2 3 -2 -5 6 -6 -8 10 -10 -7 -11 -13 -14
right_child=1 -3 -4 4 5 8 7 -9 9 11 -12 12 13 -15
leaf_value=-0.00030920196607035836 0.0020375965350768687 -0.00012583545010824427 0.0010838945658864813 -0.0015034501998550248 0.0069521231531684442 0.00017952329732974504 -0.0047835069422955236 0.0016524048460274119 0.0055563527279178298 -0.0047902945252719046 -0.002736524703740906 -9.391756240786365e-05 0.0090213281959098442 -0.0020896412151346004
leaf_weight=40 58 66 55 44 63 51 69 66 67 40 90 1157 44 43
leaf_count=40 58 66 55 44 63 51 69 66 67 40 90 1157 44 43
internal_value=-0.000128008 7.84109e-05 0.00029778 -5.58036e-05 -0.000403691 -0.000118343 0.00454545 0.00037037 -0.000737265 -3.70096e-05 -0.00744681 -0.000700935 -0.000241158 0.00977011
internal_weight=1953 1913 1847 1792 1734 1690 198 135 1492 1351 141 1284 1244 87
internal_count=1953 1913 1847 1792 1734 1690 198 135 1492 1351 141 1284 1244 87
is_linear=0
shrinkage=0.05


Tree=276
num_leaves=15
num_cat=0
split_feature=0 5 2 2 6 8 3 2 3 1 6 2 2 3
split_gain=2.51195 3.78002 2.67129 2.33381 2.98291 1.9877 1.95746 4.76462 4.61813 5.46429 4.8648 4.10217 3.84127 4.01184
threshold=5.1540000000000008 4.676000000000001 0.98217423127542058 0.91609059637714607 4.8425000000000011 -0.47649999999999992 15.865 0.21113058295073206 4.7435000000000009 0.68630018684894145 13.510000000000002 0.80444483470750872 -0.24877566908906687 1.0570000000000002
decision_type=2 2 2 2 2 2 2 2 2 2 2 2 2 2
left_child=1 -1 3 4 -2 -5 7 8 12 10 -10 -8 13 -6
right_child=2 -3 -4 5 6 -7 11 -9 9 -11 -12 -13 -14 -15
leaf_value=0.0028335455151838498 -0.00046239362536856234 -0.0013770788963091197 -0.00037910774298466343 -0.00061086232793317464 0.00023500108277451083 0.0020613428919211696 -3.8389743010522338e-05 0.0013116412907553279 -0.0015215634123757372 0.0038113567068794735 0.0017956429319944346 -0.0013758330960525146 -0.00525097871174501 -0.00061162804746516257
leaf_weight=56 58 68 73 44 69 43 1142 84 43 42 59 73 42 57
leaf_count=56 58 68 73 44 69 43 1142 84 43 42 59 73 42 57
internal_value=-0.000435228 0.00645161 -0.000902132 -0.000512528 -0.0009287 0.00747126 -0.000527623 0.00252525 -0.000320513 0.00625 0 -0.00152263 -0.00595238 -0.0015873
internal_weight=1953 124 1829 1756 1669 87 1611 396 312 144 102 1215 168 126
internal_count=1953 124 1829 1756 1669 87 1611 396 312 144 102 1215 168 126
is_linear=0
shrinkage=0.05


Tree=277
num_leaves=15
num_cat=0
split_feature=5 6 6 5 0 1 0 5 6 6 3 5 2 3
split_gain=1.3423 1.73875 3.0811 1.50239 2.21761 1.60879 2.86182 3.78462 3.12537 2.77221 2.37439 4.66584 5.54604 5.09951
threshold=21.515500000000003 15.900500000000001 15.604500000000002 17.123000000000005 27.307000000000002 0.94697898371965716 10.246500000000003 11.627500000000003 10.984000000000002 15.115000000000002 37.978500000000004 12.325000000000001 -0.78621243120361772 99.373500000000021
decision_type=2 2 2 2 2 2 2 2 2 2 2 2 2 2
left_child=1 2 3 4 5 9 -7 8 -8 10 -1 12 13 -12
right_child=-2 -3 -4 -5 -6 6 7 -9 -10 -11 11 -13 -14 -15
leaf_value=0.00022325102863578474 0.0013405602224944191 -0.00049072642454450754 0.0018957324134221132 -0.00069306807733041098 0.0064958003253182302 0.0024435816367349541 0.00067147645356467611 0.00073093494578531371 -0.0017050040682383084 -0.0053301178084127114 0.0057272246544332718 -0.0031104656642533483 -0.00016668035972465246 -0.00059709006816702085
leaf_weight=387 56 61 43 47 41 52 42 60 62 74 87 87 771 83
leaf_count=387 56 61 43 47 41 52 42 60 62 74 87 87 771 83
internal_value=-0.000486431 -0.00071165 -0.00043573 -0.000752928 -0.000515464 -0.000791789 0.00324074 0 -0.00576923 -0.00137676 -0.000883392 -0.00214008 -0.00111583 0.00705882
internal_weight=1953 1897 1836 1793 1746 1705 216 164 104 1489 1415 1028 941 170
internal_count=1953 1897 1836 1793 1746 1705 216 164 104 1489 1415 1028 941 170
is_linear=0
shrinkage=0.05


Tree=278
num_leaves=15
num_cat=0
split_feature=4 5 6 1 5 5 8 4 7 6 8 8 1 8
split_gain=1.15619 4.25926 4.47738 4.56663 2.78179 1.58672 3.41287 3.53031 3.12492 2.48147 3.17148 3.30881 2.16717 5.0904
threshold=21.627500000000001 3.7840000000000003 11.627000000000001 0.65765423894015862 6.4420000000000011 3.7130000000000005 0.93000000000000016 20.429000000000006 153.489 6.9770000000000012 -0.057499999999999996 0.83000000000000007 0.85731462807633252 -0.41249999999999992
decision_type=2 2 2 2 2 2 2 2 2 2 2 2 2 2
left_child=5 -2 4 -4 -3 9 7 8 -7 -1 -11 -12 -10 -14
right_child=1 2 3 -5 -6 6 -8 -9 12 10 11 -13 13 -15
leaf_value=-0.00033382113566275966 -0.00071618419852383379 7.9516479853456587e-05 -0.0037527438400870722 0.0011086792493138931 0.0027196021864657294 -0.0008210406852179491 -0.002253338212673778 0.0038052418588366624 -8.461151872847812e-05 0.0022807466431431556 -0.0017669974545906964 0.0034137887788626936 0.0012743077789890605 -0.001490862023615816
leaf_weight=79 65 78 76 49 40 44 63 58 1018 60 43 44 174 62
leaf_count=79 65 78 76 49 40 44 63 58 1018 60 43 44 174 62
internal_value=-0.000435228 -0.00324675 -0.000205761 -0.0068 0.00677966 9.11854e-05 -0.000528541 0 -0.000539291 0.0039823 0.00782313 0.00172414 -7.97448e-05 0.00423729
internal_weight=1953 308 243 125 118 1645 1419 1356 1298 226 147 87 1254 236
internal_count=1953 308 243 125 118 1645 1419 1356 1298 226 147 87 1254 236
is_linear=0
shrinkage=0.05


Tree=279
num_leaves=15
num_cat=0
split_feature=6 6 6 3 3 1 2 6 1 4 1 2 3 0
split_gain=1.6859 2.70623 4.10036 3.84516 6.12998 3.25476 4.32947 7.88027 5.44056 5.14335 3.17503 2.6779 5.47296 5.03075
threshold=9.9110000000000014 8.9475000000000016 8.386000000000001 58.046500000000002 99.979500000000016 -0.63874350706337046 0.87796008470088804 5.6865000000000014 0.68630018684894145 10.977500000000001 0.064414007683963548 -0.31473592273745027 8.6560000000000024 15.653500000000001
decision_type=2 2 2 2 2 2 2 2 2 2 2 2 2 2
left_child=1 2 5 -3 -5 -1 8 9 -7 -8 -4 13 -13 -2
right_child=11 3 10 4 -6 6 7 -9 -10 -11 -12 12 -14 -15
leaf_value=-0.0010374808542517044 -0.010334672177046658 0.00023549546690447427 0.0071144593607367253 -0.013007329138244154 -9.8641712259012193e-05 0.0079968711009113461 -0.0058227868697556173 -0.0019867197642485625 -0.00026488517209654407 0.0084359242430463912 -0.00037546872790844636 0.0041557814768105883 6.3101475161114751e-05 1.2251260665571696e-05
leaf_weight=107 78 50 45 44 71 92 48 79 76 58 44 89 406 666
leaf_count=107 78 50 45 44 71 92 48 79 76 58 44 89 406 666
internal_value=-2.56016e-05 -0.00196078 -0.000273224 -0.00757576 -0.0126087 -0.00217391 0.000141643 -0.00513514 0.00595238 0.00377358 0.00955056 0.00108959 0.00393939 -0.000806452
internal_weight=1953 714 549 165 115 460 353 185 168 106 89 1239 495 744
internal_count=1953 714 549 165 115 460 353 185 168 106 89 1239 495 744
is_linear=0
shrinkage=0.05


Tree=280
num_leaves=15
num_cat=0
split_feature=7 8 1 8 1 1 3 4 6 1 8 3 3 3
split_gain=2.3575 1.51699 4.61417 2.09497 1.51388 4.37442 8.13913 4.93259 3.99419 4.49759 5.10322 4.46913 3.90136 5
threshold=17.304500000000001 -2.0639999999999996 -0.37371625404731884 -1.8559999999999999 -0.47813486327663873 -0.63874350706337046 90.949500000000015 5.9970000000000008 8.5030000000000019 -0.7721494341254892 -1.1754999999999998 99.595500000000001 39.788500000000006 87.375500000000017
decision_type=2 2 2 2 2 2 2 2 2 2 2 2 2 2
left_child=-1 2 -2 -3 5 7 -7 -5 -9 10 -10 12 -12 -14
right_child=1 3 -4 4 -6 6 -8 8 9 -11 11 -13 13 -15
leaf_value=-0.00025820977054405865 -0.0028024452294202642 0.00049830786073866017 0.00089556591467863662 0.0037024229423962955 -8.8834331131095427e-05 0.004868459088824684 -0.00030946691630821257 -0.0065255388924617885 0.010130786773711745 -0.0022016340503261066 0.00010438321529206845 0.0013088350717626791 -0.01487305169949122 -3.6882516284484847e-05
leaf_weight=40 49 48 60 44 1210 52 40 65 64 67 79 55 40 40
leaf_count=40 49 48 60 44 1210 52 40 65 64 67 79 55 40 40
internal_value=-0.000486431 -0.000235233 -0.0059633 0.000110865 -0.000170843 0.00201465 0.0119565 0 -0.00170732 0.000434783 0.00323741 -0.00046729 -0.00471698 -0.0125
internal_weight=1953 1913 109 1804 1756 546 92 454 410 345 278 214 159 80
internal_count=1953 1913 109 1804 1756 546 92 454 410 345 278 214 159 80
is_linear=0
shrinkage=0.05


Tree=281
num_leaves=15
num_cat=0
split_feature=7 8 1 8 8 4 7 6 6 5 6 7 6 6
split_gain=2.3575 1.51699 4.61417 2.09497 2.36979 1.38109 2.32376 3.79373 3.50303 2.80761 2.03991 6.39073 4.58089 4.60348
threshold=17.304500000000001 -2.0639999999999996 -0.37371625404731884 -1.8559999999999999 -1.6954999999999998 7.8590000000000009 603.2745000000001 6.4445000000000006 14.894500000000003 6.3385000000000007 9.9110000000000014 297.85500000000008 7.5900000000000007 8.349000000000002
decision_type=2 2 2 2 2 2 2 2 2 2 2 2 2 2
left_child=-1 2 -2 -3 -5 6 7 -6 -8 -9 11 12 -7 -14
right_child=1 3 -4 4 5 10 8 9 -10 -11 -12 -13 13 -15
leaf_value=-0.00024529928201685316 -0.0026623229679492489 0.00047339246770172625 0.00085078761894470949 -0.00081129289107734768 -0.0003173201747240222 0.0052080494906813343 -0.0011298954416335703 0.0016786896327045386 0.0017526744168687158 0.0086721972913443562 2.770795551715888e-05 -0.0024208911467498819 -0.016674681772735369 -2.2431145269572948e-05
leaf_weight=40 49 48 60 42 52 143 54 58 45 49 986 140 47 140
leaf_count=40 49 48 60 42 52 143 54 58 45 49 986 140 47 140
internal_value=-0.000486431 -0.000235233 -0.0059633 0.000110865 -0.000170843 0.000116686 0.00348837 0.0072327 -0.00252525 0.0126168 -0.000480769 -0.00319149 0.000606061 -0.00454545
internal_weight=1953 1913 109 1804 1756 1714 258 159 99 107 1456 470 330 187
internal_count=1953 1913 109 1804 1756 1714 258 159 99 107 1456 470 330 187
is_linear=0
shrinkage=0.05


Tree=282
num_leaves=15
num_cat=0
split_feature=7 8 1 6 6 8 8 2 8 2 8 2 8 0
split_gain=2.39786 1.57287 4.61417 1.70965 2.24202 2.82092 1.5809 1.03647 4.64762 4.46295 5.83715 3.76583 3.64646 3.05705
threshold=17.304500000000001 -2.0639999999999996 -0.37371625404731884 1.6240000000000003 3.7575000000000003 -1.8559999999999999 -1.6954999999999998 0.42110087079608943 1.4400000000000002 0.50618570606421198 0.79250000000000009 0.1858661703907829 1.1705000000000003 10.246500000000003
decision_type=2 2 2 2 2 2 2 2 2 2 2 2 2 2
left_child=-1 2 -2 -3 -5 -6 -7 11 9 -9 13 12 -8 -11
right_child=1 3 -4 4 5 6 7 8 -10 10 -12 -13 -14 -15
leaf_value=-0.00023303431791601298 -0.0025292068195517884 -0.0076239700651107413 0.00080824823799747765 0.0028513400698047865 0.0021713328779304742 -0.00077072824652347919 -8.6113672703274155e-05 -0.0038466645801182005 -0.0013414208388161559 0.00067937152144888289 0.0037064755974509089 0.0011191705320696807 0.0021815811134927609 -0.00077397820867397549
leaf_weight=40 49 40 60 51 43 40 993 48 48 204 47 129 42 119
leaf_count=40 49 40 60 51 43 40 993 48 48 204 47 129 42 119
internal_value=-0.000384025 -0.000130685 -0.0059633 0.000221729 0.000453515 0.000145943 -0.000179641 6.13497e-05 -0.00193133 -0.000239234 0.00162162 0.000859107 -0.000144928 -0.000773994
internal_weight=1953 1913 109 1804 1764 1713 1670 1630 466 418 370 1164 1035 323
internal_count=1953 1913 109 1804 1764 1713 1670 1630 466 418 370 1164 1035 323
is_linear=0
shrinkage=0.05


Tree=283
num_leaves=15
num_cat=0
split_feature=7 8 7 8 8 4 4 7 7 4 2 5 2 8
split_gain=2.2976 1.43506 3.52058 1.23885 2.9076 1.47069 2.38684 4.97059 2.44672 1.65346 2.30724 3.01145 3.13962 3.16971
threshold=17.304500000000001 -2.0639999999999996 388.06600000000009 -1.8804999999999998 -1.7214999999999998 26.337000000000003 22.126500000000004 350.04650000000009 44.706500000000013 19.964500000000005 0.9669377691982991 12.062500000000002 -0.3792085569509222 -1.0754999999999997
decision_type=2 2 2 2 2 2 2 2 2 2 2 2 2 2
left_child=-1 2 -2 -3 -5 6 8 -8 -6 10 11 -10 -13 -14
right_child=1 3 -4 4 5 -7 7 -9 9 -11 -12 12 13 -15
leaf_value=-0.00022138260202021339 -0.00033963699898842338 0.0015634291707128476 0.00076783582609760712 -0.00089297587518973531 0.011207706808013427 0.00018586060118248594 -0.00087588701035473671 0.00034932924450562717 -0.00024760206960340868 0.00054190949699099993 0.00069133284264852465 -7.1884373118447087e-06 0.0092930995357247484 0.00048246511828160463
leaf_weight=40 61 41 48 41 40 85 68 68 847 132 76 299 41 66
leaf_count=40 61 41 48 41 40 85 68 68 847 132 76 299 41 66
internal_value=-0.000640041 -0.000392054 -0.0059633 -5.54324e-05 -0.000255247 5.8072e-05 -0.000274893 -0.00661765 0.0002998 -3.42231e-05 -0.000564334 -0.00107741 0.00246305 0.00981308
internal_weight=1953 1913 109 1804 1763 1722 1637 136 1501 1461 1329 1253 406 107
internal_count=1953 1913 109 1804 1763 1722 1637 136 1501 1461 1329 1253 406 107
is_linear=0
shrinkage=0.05


Tree=284
num_leaves=15
num_cat=0
split_feature=7 4 7 7 8 8 5 8 6 5 7 2 5 0
split_gain=1.66047 4.37285 3.96624 2.95572 1.73681 7.3927 3.42452 3.35604 3.33843 3.2561 6.0344 6.77334 3.28033 4.52939
threshold=848.7505000000001 11.162500000000001 830.14200000000017 812.08400000000017 -0.90149999999999986 -0.84549999999999981 12.560000000000002 -0.72149999999999992 7.1565000000000012 4.1430000000000007 350.04650000000009 0.24460549819462502 13.086500000000003 17.868500000000001
decision_type=2 2 2 2 2 2 2 2 2 2 2 2 2 2
left_child=2 -2 3 4 8 -6 7 -7 -1 -10 -11 12 13 -12
right_child=1 -3 -4 -5 5 6 -8 -9 9 10 11 -13 -14 -15
leaf_value=-0.00085581387754188332 -0.00023235609446279338 0.001292179610223443 -0.0020416218800592147 0.0046452856533530599 0.0081740187577851574 0.00033549838157499354 -0.0026574473522151922 -3.4114672510245773e-05 0.0018423205654882009 -0.001563789659726056 -1.1558373168493383e-05 0.010125038444770796 0.00026631999153910456 -0.013728486817371599
leaf_weight=136 71 125 49 49 46 62 106 863 42 61 82 51 137 73
leaf_count=136 71 125 49 49 46 62 106 863 42 61 82 51 137 73
internal_value=-0.000793651 0.00357143 -0.00128059 -0.00087822 -0.00123568 -4.64253e-05 -0.000921435 5.40541e-05 -0.00343643 -0.00134529 -0.00272277 -0.000145773 -0.00308219 -0.00806452
internal_weight=1953 196 1757 1708 1659 1077 1031 925 582 446 404 343 292 155
internal_count=1953 196 1757 1708 1659 1077 1031 925 582 446 404 343 292 155
is_linear=0
shrinkage=0.05


Tree=285
num_leaves=15
num_cat=0
split_feature=7 8 7 8 7 5 4 4 7 7 5 5 5 5
split_gain=2.2976 1.43506 3.52058 2.04203 1.52858 3.6772 2.67867 3.76332 3.99086 5.18004 3.94524 6.34501 3.7391 3.46799
threshold=17.304500000000001 -2.0639999999999996 388.06600000000009 -1.8804999999999998 616.98400000000004 9.6600000000000019 7.8590000000000009 13.083500000000003 156.84400000000002 535.12900000000013 9.3975000000000026 6.8800000000000008 10.180000000000001 9.8410000000000029
decision_type=2 2 2 2 2 2 2 2 2 2 2 2 2 2
left_child=-1 2 -2 -3 6 -6 12 8 -8 10 11 -10 -5 -9
right_child=1 3 -4 4 5 -7 7 13 9 -11 -12 -13 -14 -15
leaf_value=-0.00024210794118274782 -0.00029612792246406231 0.00097900578993866528 0.00069815101761727671 0.00076542883184736732 -0.00045264255696633726 -4.8786565335373624e-05 0.0070403791039102027 2.2754125952256789e-05 -0.012544268797144521 0.0010772978425718789 -0.019705148204107494 0.00096283563253194435 0.0048825986132051942 0.0016147378622183768
leaf_weight=40 61 41 48 124 61 582 50 549 102 47 43 55 40 110
leaf_count=40 61 41 48 124 61 582 50 549 102 47 43 55 40 110
internal_value=-0.000640041 -0.000392054 -0.0059633 -5.54324e-05 -0.000311968 -0.00225505 0.000803571 -0.000209205 -0.00488215 -0.00748988 -0.011 -0.00732484 0.00670732 0.00189681
internal_weight=1953 1913 109 1804 1763 643 1120 956 297 247 200 157 164 659
internal_count=1953 1913 109 1804 1763 643 1120 956 297 247 200 157 164 659
is_linear=0
shrinkage=0.05


Tree=286
num_leaves=15
num_cat=0
split_feature=7 8 0 8 6 4 1 4 0 6 8 5 5 6
split_gain=2.37764 1.66781 6.89925 5.904 2.80871 3.14631 3.02578 2.64068 4.8971 4.9139 4.8077 3.0984 6.05543 6.30444
threshold=17.304500000000001 -0.90149999999999986 6.2280000000000006 -0.84549999999999981 7.1090000000000009 7.6130000000000004 0.36523833096101394 9.145500000000002 26.237500000000004 8.386000000000001 -0.59449999999999992 4.5130000000000008 6.8345000000000011 10.314500000000001
decision_type=2 2 2 2 2 2 2 2 2 2 2 2 2 2
left_child=-1 2 -2 -3 5 -5 -7 10 9 -9 -6 -11 13 -13
right_child=1 3 -4 4 7 6 -8 8 -10 11 -12 12 -14 -15
leaf_value=-0.00023000254412361074 -0.0054992664748731764 0.0072699101983128532 -0.00012246627408739748 -0.00078471198083344409 0.005236985135980976 0.017534327225312368 4.7131304998448975e-05 -0.0098562646915928351 -0.016153152727350829 -0.00083479334434759527 2.9465050536137129e-07 0.0079693489147379722 -7.8793475667646862e-05 0.00015965259977475943
leaf_weight=40 50 57 670 40 45 58 41 69 44 119 134 51 426 109
leaf_count=40 50 57 670 40 45 58 41 69 44 119 134 51 426 109
internal_value=-0.000435228 -0.000182959 -0.00208333 0.000963956 0.000176056 0.00683453 0.0116162 -0.000752257 -0.00195599 -0.00103359 0.0047486 0.000212766 0.00170648 0.01
internal_weight=1953 1913 720 1193 1136 139 99 997 818 774 179 705 586 160
internal_count=1953 1913 720 1193 1136 139 99 997 818 774 179 705 586 160
is_linear=0
shrinkage=0.05


Tree=287
num_leaves=15
num_cat=0
split_feature=7 7 5 5 6 5 6 4 3 5 5 5 3 5
split_gain=1.52653 1.67716 1.12907 2.21777 1.74446 2.73597 2.40667 1.7854 1.6074 4.20192 2.02473 2.34728 3.00103 2.46208
threshold=17.304500000000001 34.113500000000009 22.027500000000003 19.263000000000002 15.900500000000001 15.286500000000002 14.855000000000002 5.2600000000000007 1.8180000000000003 10.634500000000001 13.782000000000002 12.560000000000002 90.184000000000012 12.099500000000001
decision_type=2 2 2 2 2 2 2 2 2 2 2 2 2 2
left_child=-1 -2 3 4 5 7 -7 -3 9 -9 11 13 -13 -10
right_child=1 2 -4 -5 -6 6 -8 8 10 -11 -12 12 -14 -15
leaf_value=-0.00021850241691743211 0.0010976093175070339 -0.00081374960072828353 0.001742709226870154 -0.0031504881722170253 -0.0029674537565963391 0.0001010485757113433 0.0095838094327290874 0.0022181796514542996 1.7278672199340374e-06 -0.00077560411890538472 0.0013339883806200827 -4.2551608853899636e-05 -0.0099990487597971228 0.0050439413127174541
leaf_weight=40 40 74 49 42 45 60 40 45 1225 62 70 71 43 47
leaf_count=40 40 74 49 42 45 60 40 45 1225 62 70 71 43 47
internal_value=-0.000332821 -0.000130685 -0.000347037 -0.000548246 -0.000280584 -2.87853e-05 0.008 -0.000519243 -0.000159949 -0.00607477 0.000274725 -0.0001443 -0.00701754 0.000471698
internal_weight=1953 1913 1873 1824 1782 1737 100 1637 1563 107 1456 1386 114 1272
internal_count=1953 1913 1873 1824 1782 1737 100 1637 1563 107 1456 1386 114 1272
is_linear=0
shrinkage=0.05


Tree=288
num_leaves=15
num_cat=0
split_feature=5 7 5 6 6 5 2 6 8 5 7 0 0 2
split_gain=1.61655 2.70161 2.66667 1.6002 1.40547 6.19516 7.66978 5.54401 3.77775 3.55734 2.2553 2.58361 2.03974 3.50216
threshold=1.9040000000000001 37.95900000000001 1.2930000000000004 1.6240000000000003 7.9135000000000009 4.7245000000000008 0.53553085593708327 8.386000000000001 -0.63049999999999995 3.3385000000000002 101.92900000000002 6.9305000000000012 10.848000000000001 0.31064877563037102
decision_type=2 2 2 2 2 2 2 2 2 2 2 2 2 2
left_child=2 -2 -1 -3 5 9 -7 -6 -8 -5 -9 -12 -13 -14
right_child=1 3 -4 4 7 6 8 10 -10 -11 11 12 13 -15
leaf_value=-0.0015381324304008155 -0.00076903903079512676 -0.0071128749909907252 0.00083080802940297413 0.0014681757343451647 -0.023509515536244543 0.0022525892824912575 -0.00013716866127929384 -0.00082768164371587187 -0.0061412168525118473 0.010669560982771824 0.0012953511857994107 -0.00064039822891685284 -2.1742133029273303e-05 0.00053219390839309786
leaf_weight=48 43 40 48 41 51 46 75 57 44 46 72 161 1051 130
leaf_count=48 43 40 48 41 51 46 75 57 44 46 72 161 1051 130
internal_value=-7.68049e-05 -0.000403877 0.00625 -0.000110254 0.00011274 0.00357143 -0.00212121 -0.000459921 -0.00882353 0.0143678 0.000101971 0.00049505 0 0.000719729
internal_weight=1953 1857 96 1814 1774 252 165 1522 119 87 1471 1414 1342 1181
internal_count=1953 1857 96 1814 1774 252 165 1522 119 87 1471 1414 1342 1181
is_linear=0
shrinkage=0.05


Tree=289
num_leaves=15
num_cat=0
split_feature=6 8 7 0 0 6 6 5 1 1 5 4 8 5
split_gain=1.9059 4.32043 3.50415 2.32974 1.82729 3.07816 1.95095 4.45615 5.29624 3.35467 1.78415 4.69333 4.61992 4.20588
threshold=3.7575000000000003 -1.1084999999999998 22.302000000000003 3.7165000000000004 5.3030000000000008 6.275500000000001 8.5610000000000017 9.1540000000000017 -0.69016699705532203 0.081558489694578698 4.7245000000000008 21.339000000000002 -0.13799999999999998 5.6780000000000008
decision_type=2 2 2 2 2 2 2 2 2 2 2 2 2 2
left_child=1 -1 -2 -4 -5 -6 7 8 -7 -10 11 12 -8 -12
right_child=2 -3 3 4 5 6 10 -9 9 -11 13 -13 -14 -15
leaf_value=-0.0024303338913213902 -0.00047922569959170245 0.0036433932292212704 -0.0078368845531518634 0.001332797939214836 -0.00078274303768067772 -0.0075026510028529244 0.010282057868490735 0.003276705768292339 0.01146902571948571 -4.7101194134529377e-05 0.0065707411950071022 -0.0028496626520271881 -0.002977285651824152 -2.3153394597097422e-05
leaf_weight=43 47 65 44 43 77 46 43 40 51 74 85 40 67 1188
leaf_count=43 47 65 44 43 77 46 43 40 51 74 85 40 67 1188
internal_value=2.56016e-05 0.00648148 -0.000352304 0 0.000285063 2.92227e-05 0.000489596 0.0049763 0.00146199 0.0068 -0.000175685 -0.00533333 0 0.00043205
internal_weight=1953 108 1845 1798 1754 1711 1634 211 171 125 1423 150 110 1273
internal_count=1953 108 1845 1798 1754 1711 1634 211 171 125 1423 150 110 1273
is_linear=0
shrinkage=0.05


Tree=290
num_leaves=15
num_cat=0
split_feature=0 2 8 4 7 2 6 8 2 0 6 6 2 0
split_gain=1.90272 1.42806 3.7672 3.54616 2.99331 2.64324 2.82963 2.574 2.10858 6.22559 4.74214 2.8644 6.41108 4.88845
threshold=3.2095000000000007 0.80444483470750872 1.4400000000000002 25.164500000000004 56.58700000000001 0.69017338824297181 8.4550000000000018 0.93000000000000016 0.54277338749235304 11.245000000000003 7.5900000000000007 10.638000000000002 -0.79148145378407531 12.653500000000003
decision_type=2 2 2 2 2 2 2 2 2 2 2 2 2 2
left_child=-1 2 5 4 -3 7 -7 8 10 -10 -2 12 -12 -14
right_child=1 3 -4 -5 -6 6 -8 -9 9 -11 11 -13 13 -15
leaf_value=0.0010084809273849028 0.0017181941650649679 0.0013762664687473865 0.0029298491181713711 -0.0012073465067446139 -0.0004691608018436145 0.00095707331159781625 -0.00010289714177553339 -0.0024979752290808874 0.00089012720373985376 -0.0042083392115791875 -0.015752902004345183 5.78948777407759e-05 -0.0049145559783880972 0.00031401865091502669
leaf_weight=52 75 50 57 42 228 48 41 45 44 54 41 974 42 160
leaf_count=52 75 50 57 42 228 48 41 45 44 54 41 974 42 160
internal_value=0.000179211 -7.89058e-05 0.000537634 -0.003125 -0.00107914 6.56168e-05 0.00842697 -0.000452962 -7.19424e-05 -0.00714286 0.000464396 -0.000287592 -0.00514403 -0.00148515
internal_weight=1953 1901 1581 320 278 1524 89 1435 1390 98 1292 1217 243 202
internal_count=1953 1901 1581 320 278 1524 89 1435 1390 98 1292 1217 243 202
is_linear=0
shrinkage=0.05


Tree=291
num_leaves=15
num_cat=0
split_feature=7 8 8 6 6 6 5 5 4 5 4 5 4 5
split_gain=1.7096 1.55201 5.47102 2.99633 2.89272 3.1745 3.42693 4.18507 3.48395 3.43622 6.75364 3.43028 3.13175 2.72222
threshold=17.304500000000001 -0.90149999999999986 -0.84549999999999981 4.9860000000000007 6.8795000000000011 8.5030000000000019 9.2585000000000015 5.7020000000000008 8.8155000000000019 11.476000000000001 10.235000000000001 17.473500000000005 13.393500000000001 14.902000000000003
decision_type=2 2 2 2 2 2 2 2 2 2 2 2 2 2
left_child=-1 4 -3 -4 12 -6 7 -7 13 -10 -11 -12 -2 -8
right_child=1 2 3 -5 5 6 8 -9 9 10 11 -13 -14 -15
leaf_value=-0.00018130524596133776 -0.015307063510121611 0.0064354454378738359 0.0050610810548422543 6.5149359622068699e-06 0.0035333369021096602 0.00052085723754384809 -0.00043529765375664237 -0.0029648794516475953 0.0084689531227672005 0.014768137615300917 -0.0010142556306600139 0.0018712202328721008 -8.5690108466252027e-05 -0.0036809562684562928
leaf_weight=40 55 57 60 1076 59 47 50 76 82 44 146 60 61 40
leaf_count=40 55 57 60 1076 59 47 50 76 82 44 146 60 61 40
internal_value=0.000230415 0.000444328 0.00155071 0.000792254 -0.00138889 0 -0.00119266 -0.00853659 0.000947867 0.00331325 0.0004 -0.00339806 -0.00862069 -0.00777778
internal_weight=1953 1913 1193 1136 720 604 545 123 422 332 250 206 116 90
internal_count=1953 1913 1193 1136 720 604 545 123 422 332 250 206 116 90
is_linear=0
shrinkage=0.05


Tree=292
num_leaves=15
num_cat=0
split_feature=7 3 7 4 1 3 7 7 6 2 4 1 4 7
split_gain=1.69684 5.71058 3.38245 2.61012 4.53077 4.75445 4.03089 3.6125 6.67065 3.32075 5.48554 3.4945 3.23958 2.85142
threshold=848.7505000000001 1.5950000000000002 830.14200000000017 17.771000000000004 0.67050644418468353 99.910000000000011 812.08400000000017 371.06500000000005 12.016500000000002 -0.36324666135702649 25.164500000000004 -0.37371625404731884 26.128000000000004 746.71550000000013
decision_type=2 2 2 2 2 2 2 2 2 2 2 2 2 2
left_child=2 -2 3 6 5 12 13 -6 -9 -7 11 -11 -5 -1
right_child=1 -3 -4 4 7 9 -8 8 -10 10 -12 -13 -14 -15
leaf_value=0.00021306771501435897 0.0019322051547932485 -1.6949767576786291e-05 -0.0019099496222640012 -0.00031319628226344489 0.0064983161887279374 -0.018252833860757479 0.0049100494241695108 -0.005191983472628248 0.00083414468212417159 -0.00030464100629892246 -0.0013157479450304878 0.002229572394600482 0.0046063778975737584 -0.00073059536726183261
leaf_weight=968 44 152 49 164 72 45 42 43 77 61 41 40 42 113
leaf_count=968 44 152 49 164 72 45 42 43 77 61 41 40 42 113
internal_value=0.000179211 0.00459184 -0.000313034 5.8548e-05 -0.00264957 -0.00572519 0.00146928 0.00364583 -0.00166667 -0.0114973 -0.00774648 -0.00148515 -0.000485437 0.000878816
internal_weight=1953 196 1757 1708 585 393 1123 192 120 187 142 101 206 1081
internal_count=1953 196 1757 1708 585 393 1123 192 120 187 142 101 206 1081
is_linear=0
shrinkage=0.05


Tree=293
num_leaves=15
num_cat=0
split_feature=7 8 1 1 1 1 8 4 3 3 3 4 1 3
split_gain=1.5919 1.59964 3.83968 6.16303 6.59875 6.02226 4.1412 3.35238 2.78332 5.42393 4.40773 3.25873 3.98781 2.67168
threshold=17.304500000000001 -0.37649999999999995 0.99466160899732492 0.85731462807633252 0.73465119469809237 0.64460769028158504 -0.8374999999999998 16.089000000000002 97.69250000000001 99.595500000000001 99.991500000000016 18.235000000000003 -0.19244979981841048 87.375500000000017
decision_type=2 2 2 2 2 2 2 2 2 2 2 2 2 2
left_child=-1 2 3 4 5 8 -5 -6 -2 -10 -11 12 -12 -3
right_child=1 13 -4 6 7 -7 -8 -9 9 10 11 -13 -14 -15
leaf_value=-0.00016973676948204338 1.9493672990072986e-05 -0.00011762380259804917 -0.00052888046843486134 0.0012054844689137314 -0.0060935999816274901 0.0021875748656224546 0.0045535481345051684 -0.00097212859876884836 -0.0069959962658862149 0.0041561621858176509 -0.0015495312053809898 -0.0011352839602730008 0.0011287278529812151 0.00064461968123574395
leaf_weight=40 540 306 46 125 44 43 58 40 43 42 78 80 46 422
leaf_count=40 540 306 46 125 44 43 58 40 43 42 78 80 46 422
internal_value=-0.000128008 7.84109e-05 -0.00105485 -0.00048288 -0.00209205 -0.000802752 0.0079235 -0.0154762 -0.0017491 -0.00570934 -0.00284553 -0.00588235 -0.000806452 0.00192308
internal_weight=1953 1913 1185 1139 956 872 183 84 829 289 246 204 124 728
internal_count=1953 1913 1185 1139 956 872 183 84 829 289 246 204 124 728
is_linear=0
shrinkage=0.05


Tree=294
num_leaves=15
num_cat=0
split_feature=1 0 1 8 7 3 8 3 8 0 0 5 5 0
split_gain=1.40028 2.15628 1.70887 1.59176 2.68708 3.54923 2.68157 4.62607 3.50843 2.74363 3.44075 3.77158 3.97503 3.18976
threshold=-0.98211651112579568 17.981500000000004 -0.94697898371965694 -1.8559999999999999 674.06250000000011 99.979500000000016 -1.0674999999999997 99.991500000000016 -0.99449999999999983 10.172500000000001 24.158000000000005 11.416500000000001 9.5070000000000014 28.926000000000005
decision_type=2 2 2 2 2 2 2 2 2 2 2 2 2 2
left_child=1 -1 -2 4 5 -4 7 9 -8 -5 11 12 -11 -12
right_child=2 -3 3 6 -6 -7 8 -9 -10 10 13 -13 -14 -15
leaf_value=6.445650172814954e-05 0.0019109969202081578 -0.00074390075875584724 -0.0011617897021153638 0.0018139223760285151 0.009313648406922892 0.00073059357927543478 0.0044841992529619356 -0.0049814951663631315 1.0977244983917389e-05 -0.0025952999501385496 0.0042757224487137207 -0.0057054632779561356 0.010061641095547913 -0.0031901298385835389
leaf_weight=61 80 49 47 52 41 65 45 103 1161 40 68 59 42 40
leaf_count=61 80 49 47 52 41 65 45 103 1161 40 68 59 42 40
internal_value=2.56016e-05 -0.00545455 0.000352686 2.83607e-05 0.00490196 0.000892857 -0.000434783 -0.0039604 0.000746269 -0.000830565 -0.00301205 -0.00815603 -0.00121951 0.0037037
internal_weight=1953 110 1843 1763 153 112 1610 404 1206 301 249 141 82 108
internal_count=1953 110 1843 1763 153 112 1610 404 1206 301 249 141 82 108
is_linear=0
shrinkage=0.05


Tree=295
num_leaves=15
num_cat=0
split_feature=7 8 8 4 8 0 0 7 2 1 4 5 6 4
split_gain=1.60846 1.73135 5.65456 3.49546 3.04676 2.9399 5.98201 4.25809 3.31468 3.49087 2.80382 2.56252 2.21038 4.60711
threshold=17.304500000000001 -0.90149999999999986 -0.84549999999999981 9.145500000000002 -0.99449999999999983 15.449000000000002 16.896000000000004 627.21500000000003 0.1093682717844857 0.63137065367936085 15.411000000000003 11.931000000000003 5.9250000000000016 10.606500000000002
decision_type=2 2 2 2 2 2 2 2 2 2 2 2 2 2
left_child=-1 3 -3 11 5 8 -7 -8 -5 10 -10 -2 13 -4
right_child=1 2 12 4 -6 6 7 -9 9 -11 -12 -13 -14 -15
leaf_value=-0.00022772245792735524 -0.005537592531801137 0.0061014962343307264 -0.00029158661465722435 -0.0047862600861515621 -0.0034845163238773347 0.01725418165252186 -0.00083688586032892734 0.0016551181772131024 -0.015755282516409477 0.0017595709220411594 3.0723272222931558e-05 -0.00018054572310991781 -1.6450609636645826e-05 0.0074418207156067284
leaf_weight=40 65 57 41 62 61 40 62 182 40 54 78 76 1052 43
leaf_count=40 65 57 41 62 61 40 62 182 40 54 78 76 1052 43
internal_value=-7.68049e-05 0.000130685 0.00129925 -0.00180556 -8.63558e-05 0.0011583 0.00457746 0.00163934 -0.00299145 0.000581395 -0.00423729 -0.00886525 0.000528169 0.00833333
internal_weight=1953 1913 1193 720 579 518 284 244 234 172 118 141 1136 84
internal_count=1953 1913 1193 720 579 518 284 244 234 172 118 141 1136 84
is_linear=0
shrinkage=0.05


Tree=296
num_leaves=15
num_cat=0
split_feature=1 6 1 8 7 1 7 0 0 7 4 0 6 8
split_gain=1.72475 2.43055 1.84106 1.86177 3.33526 2.71161 1.9647 3.01897 7.12385 2.92597 4.46214 4.22049 3.5048 3.21519
threshold=-0.98211651112579568 11.227500000000001 -0.94697898371965694 -1.8804999999999998 22.302000000000003 -0.3970220911538665 612.05700000000013 21.732000000000003 19.755500000000005 382.94650000000007 9.850500000000002 13.894000000000002 11.875000000000002 1.7475000000000003
decision_type=2 2 2 2 2 2 2 2 2 2 2 2 2 2
left_child=1 -1 -2 5 -5 -4 7 8 9 12 -11 -12 13 -6
right_child=2 -3 3 4 6 -7 -8 -9 -10 10 11 -13 -14 -15
leaf_value=-0.00089487051236910036 0.0018367804859468874 6.2818412964277257e-05 -0.00040348080356089058 -0.0019520710349263755 6.5457225384352166e-05 0.00076545353796981803 -0.00019702880938359744 -0.016992508918371351 0.014239446568897314 0.0058829231130267338 -0.00064002101842733437 0.0095080934395372716 -0.0035519130491326379 -0.0046545109402270583
leaf_weight=62 80 48 54 40 542 91 626 51 45 51 94 76 52 41
leaf_count=62 80 48 54 40 542 91 626 51 45 51 94 76 52 41
internal_value=-0.000281618 -0.00636364 8.1389e-05 -0.000255247 -0.000741656 0.00517241 -0.000380228 0.00105042 0.00172031 0.000700935 0.00565611 0.00176471 -0.00102362 8.57633e-05
internal_weight=1953 110 1843 1763 1618 145 1578 952 901 856 221 170 635 583
internal_count=1953 110 1843 1763 1618 145 1578 952 901 856 221 170 635 583
is_linear=0
shrinkage=0.05


Tree=297
num_leaves=15
num_cat=0
split_feature=8 8 8 0 7 3 4 4 2 1 2 8 2 4
split_gain=2.36293 3.36038 4.69026 2.89759 3.30383 6.19665 2.87254 3.86595 4.25015 5.18314 4.08178 2.61985 3.88505 6.62186
threshold=-0.37649999999999995 -0.72149999999999992 -0.78249999999999986 20.408500000000004 546.08100000000013 88.471500000000006 20.898500000000002 16.195500000000003 -0.062278703982132359 0.26744970170045884 -0.79148145378407531 0.053500000000000006 0.27779130397453933 16.731000000000005
decision_type=2 2 2 2 2 2 2 2 2 2 2 2 2 2
left_child=1 2 -1 4 11 -6 7 8 10 -10 -3 12 -2 -14
right_child=3 6 -4 -5 5 -7 -8 -9 9 -11 -12 -13 13 -15
leaf_value=-0.00013809745772077749 0.013388369647475607 -0.00017414642634210888 0.0015701324367516979 0.0030439113857846189 -0.0038518732768825174 0.0029368407429294034 -0.0035728413410089834 0.00066486379581420308 0.0014363392266182773 -0.0045611799473797071 -0.0059613625547960403 -3.0696859582435286e-05 -0.0082123433438575956 0.010792086518253793
leaf_weight=852 61 60 46 108 62 40 44 70 43 42 57 361 67 40
leaf_count=852 61 60 46 108 62 40 44 70 43 42 57 361 67 40
internal_value=-0.000537634 -0.00189456 -0.000334076 0.00169147 0.000396197 -0.00784314 -0.00632911 -0.00441176 -0.00792079 0.000588235 -0.0141026 0.00198488 0.00714286 0.00140187
internal_weight=1953 1214 898 739 631 102 316 272 202 85 117 529 168 107
internal_count=1953 1214 898 739 631 102 316 272 202 85 117 529 168 107
is_linear=0
shrinkage=0.05


Tree=298
num_leaves=15
num_cat=0
split_feature=6 4 7 7 1 0 3 3 8 7 4 5 7 3
split_gain=1.96685 4.96754 2.84562 2.72781 2.27586 5.62778 3.94164 6.50133 6.988 4.49246 2.61466 2.31098 3.98913 3.60577
threshold=3.7575000000000003 9.0475000000000012 37.95900000000001 67.751000000000019 0.56246696819246 19.460000000000004 3.1785000000000001 50.218500000000013 -1.0754999999999997 183.22450000000001 4.8370000000000006 9.8410000000000029 690.22400000000005 86.303000000000011
decision_type=2 2 2 2 2 2 2 2 2 2 2 2 2 2
left_child=1 -1 -2 -4 10 6 -6 8 -8 -9 -5 13 -13 -11
right_child=2 -3 3 4 5 -7 7 9 -10 11 -12 12 -14 -15
leaf_value=-0.0030609338672331204 -0.00053437932854751295 0.0029751122616705431 0.0010777201676004555 0.0025047842228009907 -0.0003410203908897014 0.0035905269911967077 -0.00080130636673403301 0.007501156103848744 0.0020550780412524339 -0.010248993572529924 -0.00019787217587770024 0.010772619110919391 -0.00094785075795724707 -0.00023742396664250265
leaf_weight=40 75 68 76 45 51 55 42 46 81 48 1063 42 61 160
leaf_count=40 75 68 76 45 51 55 42 46 81 48 1063 42 61 160
internal_value=-7.68049e-05 0.00648148 -0.000460705 -5.64972e-05 -0.000472255 0.00204778 0.00047081 0.001875 0.0117886 -0.00154062 -0.00180505 -0.00369775 0.00242718 -0.00673077
internal_weight=1953 108 1845 1770 1694 586 531 480 123 357 1108 311 103 208
internal_count=1953 108 1845 1770 1694 586 531 480 123 357 1108 311 103 208
is_linear=0
shrinkage=0.05


Tree=299
num_leaves=15
num_cat=0
split_feature=1 8 1 8 1 4 0 1 1 0 2 4 3 5
split_gain=2.08299 2.05599 2.43769 2.61504 2.46265 3.02189 3.90226 2.48839 2.27812 2.57166 8.05504 6.11368 3.57752 3.86903
threshold=-0.98211651112579568 -0.31249999999999994 0.99532555264836797 -2.4839999999999995 0.84680012758268375 19.707000000000004 14.191000000000001 0.73465119469809237 0.64460769028158504 11.169000000000002 0.54277338749235304 8.8945000000000025 0.49650000000000005 21.515500000000003
decision_type=2 2 2 2 2 2 2 2 2 2 2 2 2 2
left_child=-1 2 3 -2 7 6 -6 8 9 11 12 -5 -11 -14
right_child=1 -3 -4 4 5 -7 -8 -9 -10 10 -12 -13 13 -15
leaf_value=-0.00046291347859177961 0.00035387175786124464 0.0001353145605891698 -0.0004171180023749832 0.029897101944424888 0.014261675567136074 -0.00053836045032626954 8.5342924513464113e-05 -0.0023067011639750557 0.00076209235474047898 0.00050692025931624589 -0.00523271813036105 -0.00016257150382823111 -0.00046708240107298516 0.0035782009372853476
leaf_weight=110 48 659 41 40 65 43 88 75 42 59 49 150 443 41
leaf_count=110 48 659 41 40 65 43 88 75 42 59 49 150 443 41
internal_value=-0.000588838 -0.000189908 -0.00143581 -0.00100612 -0.00150685 0.00357143 0.00686275 -0.00261402 -0.00182039 -0.00242967 -0.00405405 0.00263158 -0.00230203 -0.00371901
internal_weight=1953 1843 1184 1143 1095 196 153 899 824 782 592 190 543 484
internal_count=1953 1843 1184 1143 1095 196 153 899 824 782 592 190 543 484
is_linear=0
shrinkage=0.05


end of trees

feature_importances:
Column_8=589
Column_7=562
Column_6=519
Column_0=499
Column_5=463
Column_4=435
Column_2=421
Column_1=395
Column_3=317

parameters:
[boosting: gbdt]
[objective: regression_l1]
[metric: l1]
[tree_learner: serial]
[device_type: cpu]
[data_sample_strategy: bagging]
[data: ]
[valid: ]
[num_iterations: 300]
[learning_rate: 0.05]
[num_leaves: 15]
[num_threads: 1]
[seed: 42]
[deterministic: 1]
[force_col_wise: 0]
[force_row_wise: 1]
[histogram_pool_size: -1]
[max_depth: -1]
[min_data_in_leaf: 40]
[min_sum_hessian_in_leaf: 0.001]
[bagging_fraction: 1]
[pos_bagging_fraction: 1]
[neg_bagging_fraction: 1]
[bagging_freq: 0]
[bagging_seed: 400]
[bagging_by_query: 0]
[feature_fraction: 1]
[feature_fraction_bynode: 1]
[feature_fraction_seed: 30056]
[extra_trees: 0]
[extra_seed: 12879]
[early_stopping_round: 0]
[early_stopping_min_delta: 0]
[first_metric_only: 0]
[max_delta_step: 0]
[lambda_l1: 0]
[lambda_l2: 0]
[linear_lambda: 0]
[min_gain_to_split: 0]
[drop_rate: 0.1]
[max_drop: 50]
[skip_drop: 0.5]
[xgboost_dart_mode: 0]
[uniform_drop: 0]
[drop_seed: 17869]
[top_rate: 0.2]
[other_rate: 0.1]
[min_data_per_group: 100]
[max_cat_threshold: 32]
[cat_l2: 10]
[cat_smooth: 10]
[max_cat_to_onehot: 4]
[top_k: 20]
[monotone_constraints: ]
[monotone_constraints_method: basic]
[monotone_penalty: 0]
[feature_contri: ]
[forcedsplits_filename: ]
[refit_decay_rate: 0.9]
[cegb_tradeoff: 1]
[cegb_penalty_split: 0]
[cegb_penalty_feature_lazy: ]
[cegb_penalty_feature_coupled: ]
[path_smooth: 0]
[interaction_constraints: ]
[verbosity: -1]
[saved_feature_importance_type: 0]
[use_quantized_grad: 0]
[num_grad_quant_bins: 4]
[quant_train_renew_leaf: 0]
[stochastic_rounding: 1]
[linear_tree: 0]
[max_bin: 255]
[max_bin_by_feature: ]
[min_data_in_bin: 3]
[bin_construct_sample_cnt: 200000]
[data_random_seed: 175]
[is_enable_sparse: 1]
[enable_bundle: 1]
[use_missing: 1]
[zero_as_missing: 0]
[feature_pre_filter: 1]
[pre_partition: 0]
[two_round: 0]
[header: 0]
[label_column: ]
[weight_column: ]
[group_column: ]
[ignore_column: ]
[categorical_feature: ]
[forcedbins_filename: ]
[precise_float_parser: 0]
[parser_config_file: ]
[objective_seed: 16083]
[num_class: 1]
[is_unbalance: 0]
[scale_pos_weight: 1]
[sigmoid: 1]
[boost_from_average: 1]
[reg_sqrt: 0]
[alpha: 0.9]
[fair_c: 1]
[poisson_max_delta_step: 0.7]
[tweedie_variance_power: 1.5]
[lambdarank_truncation_level: 30]
[lambdarank_norm: 1]
[label_gain: ]
[lambdarank_position_bias_regularization: 0]
[eval_at: ]
[multi_error_top_k: 1]
[auc_mu_weights: ]
[num_machines: 1]
[local_listen_port: 12400]
[time_out: 120]
[machine_list_filename: ]
[machines: ]
[gpu_platform_id: -1]
[gpu_device_id: -1]
[gpu_device_id_list: ]
[gpu_use_dp: 0]
[num_gpu: 1]

end of parameters

pandas_categorical:null
