tree
version=v4
num_class=1
num_tree_per_iteration=1
label_index=0
max_feature_idx=4
objective=regression_l1
feature_names=Column_0 Column_1 Column_2 Column_3 Column_4
feature_infos=[-0.81699999999999995:39.554000000000002] [-0.99999073973619013:0.99999073973619013] [-1:1] [0:100] [0.97299999999999998:40.158000000000001]
tree_sizes=1425 1434 1426 1425 1433 1430 1435 1430 1432 1429 1431 1435 1431 1434 1417 1423 1423 1429 1429 1430 1424 1435 1423 1439 1428 1426 1433 1428 1436 1428 1443 1431 1433 1439 1438 1442 1442 1450 1432 1441 1438 1426 1427 1442 1441 1423 1446 1434 1457 1439 1440 1452 1434 1463 1444 1443 1442 1463 1438 1454 1436 1452 1436 1439 1453 1444 1441 1449 1451 1433 1425 1436 1437 1454 1463 1437 1450 1446 1446 1446 1436 1435 1428 1450 1437 1436 1448 1435 1455 1446 1446 1439 1451 1437 1444 1430 1439 1414 1456 1446 1446 1442 1447 1448 1442 1428 1427 1446 1437 1443 1446 1446 1444 1436 1435 1458 1440 1437 1447 1462 1462 1439 1435 1450 1458 1453 1459 1452 1455 1454 1456 1433 1437 1455 1459 1459 1441 1457 1437 1442 1438 1450 1433 1437 1440 1435 1443 1442 1445 1447 1435 1428 1443 1444 1444 1444 1444 1442 1447 1442 1437 1442 1443 1436 1436 1454 1447 1453 1436 1449 1437 1456 1430 1453 1438 1448 1435 1459 1433 1452 1438 1436 1438 1432 1449 1446 1428 1448 1454 1431 1436 1448 1448 1446 1450 1456 1451 1436 1459 1435 1446 1442 1455 1453 1427 1445 1461 1439 1455 1456 1462 1463 1449 1442 1455 1456 1466 1459 1455 1449 1454 1467 1469 1462 1438 1463 1449 1459 1445 1463 1446 1462 1439 1452 1441 1453 1441 1461 1439 1447 1454 1428 1452 1464 1451 1468 1437 1462 1459 1460 1465 1436 1451 1424 1456 1450 1450 1451 1437 1473 1455 1455 1447 1461 1450 1445 1442 1448 1429 1455 1478 1431 1445 1463 1454 1456 1467 1454 1452 1470 1447 1447 1462 1442 1470 1445 1458 1466 1472 1450 1442 1456 1462 1465 1422 1451 1442 1447 1462 1464

Tree=0
num_leaves=15
num_cat=0
split_feature=1 0 3 2 0 1 0 4 0 0 4 4 4 0
split_gain=144.611 65.8742 37.683 25.1337 22.9474 17.1758 13.1698 14.0692 10.2918 15.0665 12.1602 8.81633 7.69405 8.35101
threshold=0.36523833096101394 21.827500000000004 29.910500000000003 -0.95882411647426224 6.5870000000000006 0.098678873477280007 19.460000000000004 18.144500000000004 15.830500000000002 6.3585000000000012 20.826000000000004 8.8155000000000019 10.355000000000002 11.658000000000003
decision_type=2 2 2 2 2 2 2 2 2 2 2 2 2 2
left_child=1 2 -1 -4 -2 -3 7 11 9 -5 -10 -6 -13 -14
right_child=4 5 3 8 6 -7 -8 -9 10 -11 -12 12 13 -15
leaf_value=-0.075950001552700999 -0.05615000165998936 -0.096699999645352364 0.041874999925494205 -0.059200001135468486 -0.012975000217556952 -0.054650001600384711 0.010399998351931575 -0.0058000016957521425 -0.044750001281499863 -0.02772500105202198 -0.075900000706315043 -0.050275000929832461 -0.044800001010298726 -0.013050000742077825
leaf_weight=191 67 338 56 87 84 68 101 229 112 284 42 40 85 169
leaf_count=191 67 338 56 87 84 68 101 229 112 284 42 40 85 169
internal_value=-0.041 -0.0520357 -0.0434611 -0.0371274 -0.0242258 -0.0683399 -0.0215791 -0.0243608 -0.0405238 -0.0360135 -0.0513896 -0.0302857 -0.0343673 -0.0311575
internal_weight=1953 1178 772 581 775 406 708 607 525 371 154 378 294 254
internal_count=1953 1178 772 581 775 406 708 607 525 371 154 378 294 254
is_linear=0
shrinkage=1


Tree=1
num_leaves=15
num_cat=0
split_feature=1 0 3 2 0 1 0 4 0 0 4 3 1 4
split_gain=133.091 59.8252 33.8252 24.4533 19.868 14.5808 14.5561 16.0691 9.76589 12.8093 10.6899 8.55627 8.22716 7.31888
threshold=0.36523833096101394 22.089000000000002 29.910500000000003 -0.95882411647426224 6.5870000000000006 0.2174230999111143 18.505000000000006 18.144500000000004 15.830500000000002 6.3585000000000012 20.826000000000004 96.158000000000015 -0.44766156736276203 15.599500000000001
decision_type=2 2 2 2 2 2 2 2 2 2 2 2 2 2
left_child=1 2 13 -4 -2 -3 7 11 9 -5 -10 -6 -11 -1
right_child=4 5 3 8 6 -7 -8 -9 10 12 -12 -13 -14 -15
leaf_value=-0.044852499421685933 -0.014392500501126053 -0.051964998897165063 0.078731251005083325 -0.017290000002831221 0.0049987498857080939 0.01210750026628375 0.045141250882297757 0.033039998654276134 -0.0052625002339482313 0.0034862500242888931 -0.034004999082535507 0.034165000300854446 0.022736249361187219 -0.0057274998538196092
leaf_weight=143 67 358 58 87 189 40 142 219 115 175 43 158 109 50
leaf_count=143 67 358 58 87 189 40 142 219 115 175 43 158 109 50
internal_value=0.000230415 -0.0103565 -0.00230769 0.00366269 0.0163226 -0.0261307 0.0187853 0.0151943 0.000283554 0.00471698 -0.0101266 0.00850144 0.00985915 -0.0204663
internal_weight=1953 1178 780 587 775 398 708 566 529 371 158 347 284 193
internal_count=1953 1178 780 587 775 398 708 566 529 371 158 347 284 193
is_linear=0
shrinkage=0.05


Tree=2
num_leaves=15
num_cat=0
split_feature=1 0 0 0 3 3 3 2 0 4 0 2 0 0
split_gain=125.753 42.0761 34.9375 22.9769 21.2274 17.5313 15.8742 8.71449 8.053 7.60433 15.3472 6.77182 14.7041 6.6128
threshold=-0.10738035228456493 21.827500000000004 6.5870000000000006 26.575500000000002 51.808000000000007 10.064000000000002 99.232000000000014 -0.81202266594587924 16.811500000000006 18.144500000000004 9.6455000000000002 -0.92449049203901279 19.460000000000004 16.194000000000006
decision_type=2 2 2 2 2 2 2 2 2 2 2 2 2 2
left_child=1 4 5 6 13 -2 9 -6 -9 10 -4 -12 -13 -1
right_child=2 -3 3 -5 7 -7 -8 8 -10 -11 11 12 -14 -15
leaf_value=-0.015600562498904767 -0.06032287241239101 -0.049866751455701887 -0.020759937354363503 -0.036724969448521737 0.070710157480556521 0.00075081261526793253 0.038693718689493839 0.0029619375588372347 -0.022002062258776281 0.028287999889813367 -0.0063692498439922932 0.012402562274597587 0.047422934963367885 -0.032084874355234209
leaf_weight=103 49 299 48 54 40 96 338 271 82 172 71 197 57 76
leaf_count=103 49 299 48 54 40 96 338 271 82 172 71 197 57 76
internal_value=7.68049e-05 -0.0140643 0.0114603 0.0149947 -0.00611888 -0.0113793 0.0169309 0.000381679 -0.00212465 0.0116514 0.00764075 0.0115385 0.0153543 -0.0203911
internal_weight=1953 871 1082 937 572 145 883 393 353 545 373 325 254 179
internal_count=1953 871 1082 937 572 145 883 393 353 545 373 325 254 179
is_linear=0
shrinkage=0.05


Tree=3
num_leaves=15
num_cat=0
split_feature=1 0 0 0 3 4 3 3 3 0 2 0 2 0
split_gain=114.247 34.6356 32.0419 22.3615 15.6386 13.1425 13.1198 10.0174 9.22524 9.21598 9.17173 15.6279 7.07097 6.03092
threshold=-0.10738035228456493 18.023500000000002 6.5870000000000006 26.575500000000002 10.064000000000002 18.144500000000004 29.910500000000003 96.158000000000015 51.808000000000007 9.6455000000000002 -0.92449049203901279 19.460000000000004 -0.69637622559687218 21.827500000000004
decision_type=2 2 2 2 2 2 2 2 2 2 2 2 2 2
left_child=1 6 4 5 -2 7 -1 9 -3 -4 -11 -12 -9 -10
right_child=2 8 3 -5 -6 -7 -8 12 13 10 11 -13 -14 -15
leaf_value=-0.025780630053346978 -0.057306728791771455 -0.044765975777292626 -0.02097194003961049 -0.034888720976095647 0.00071327198450453564 0.03160331490901299 0.0022264032206963749 0.053455811486439776 -0.0070546469929860913 -0.011258599921828136 0.010978872041264548 0.044626789216557522 0.028405815110402185 -0.04512341006821953
leaf_weight=100 49 196 43 54 96 303 333 71 89 65 178 52 171 153
leaf_count=100 49 196 43 54 96 303 333 71 89 65 178 52 171 153
internal_value=0.000332821 -0.0131458 0.011183 0.0145678 -0.0106897 0.0164779 -0.00311778 0.012069 -0.0230594 0.00650888 0.00966102 0.0143478 0.0198347 -0.0165289
internal_weight=1953 871 1082 937 145 883 433 580 438 338 295 230 242 242
internal_count=1953 871 1082 937 145 883 433 580 438 338 295 230 242 242
is_linear=0
shrinkage=0.05


Tree=4
num_leaves=15
num_cat=0
split_feature=1 0 3 0 1 2 4 0 0 4 4 1 2 1
split_gain=103.033 42.0896 30.9495 19.4266 19.3782 15.6658 13.8011 12.3782 9.54443 16.5943 9.23266 8.85939 8.39886 6.747
threshold=0.38118653245548312 22.279000000000003 99.631500000000017 19.460000000000004 -0.40542197401079716 -0.85470766365158146 18.144500000000004 30.115500000000004 16.194000000000006 15.599500000000001 13.614500000000001 0.064414007683963548 0.81404609350821777 -0.7146667679788683
decision_type=2 2 2 2 2 2 2 2 2 2 2 2 2 2
left_child=1 2 5 6 13 -1 12 11 9 -7 -6 -3 -2 -4
right_child=3 7 4 -5 10 8 -8 -9 -10 -11 -12 -13 -14 -15
leaf_value=0.030969683359427725 0.012261381626550575 -0.039935116476879924 0.0037753029069694452 0.043270451901496858 0.0088622102294187068 -0.036778393746663356 0.025483291346773043 -0.066985113925801129 -0.03278018709756958 0.010780645670269151 0.035984587215918587 -0.0049646699987002654 -0.026291394164164084 -0.0096835339090490039
leaf_weight=56 372 263 124 97 55 175 248 60 138 105 95 62 47 56
leaf_count=56 372 263 124 97 55 175 248 60 138 105 95 62 47 56
internal_value=0.000332821 -0.008873 -0.00236318 0.0146597 0.00939394 -0.0105485 0.0116192 -0.0224675 -0.0138756 -0.00857143 0.0226667 -0.0186154 0.00608592 -0.00166667
internal_weight=1953 1189 804 764 330 474 667 385 418 280 150 325 419 180
internal_count=1953 1189 804 764 330 474 667 385 418 280 150 325 419 180
is_linear=0
shrinkage=0.05


Tree=5
num_leaves=15
num_cat=0
split_feature=1 0 3 0 1 4 2 0 4 0 1 1 0 4
split_gain=93.1333 39.0934 27.7326 20.6618 17.8696 14.8428 12.8608 10.3761 9.95513 13.3703 9.29418 8.61639 8.58766 8.37576
threshold=0.38118653245548312 21.732000000000003 99.325500000000019 19.460000000000004 -0.40542197401079716 18.144500000000004 -0.85470766365158146 30.115500000000004 11.888500000000002 13.894000000000002 0.064414007683963548 -0.7146667679788683 11.485500000000002 16.089000000000002
decision_type=2 2 2 2 2 2 2 2 2 2 2 2 2 2
left_child=1 2 6 5 11 -2 -1 10 -8 -10 -3 -4 13 -6
right_child=3 7 4 -5 12 -7 8 -9 9 -11 -12 -13 -14 -15
leaf_value=0.037627595821474479 0.008020421423832769 -0.037938360653035928 0.0046524429450914328 0.041106929306422013 -0.0033047683902530708 0.02420912677943439 -0.035184361251197636 -0.063635858229511066 0.0024697694881799397 -0.024927589303089512 -0.0040830229954283868 -0.0092820216943454888 0.059577227749414388 0.023204691231168924
leaf_weight=48 419 287 121 97 43 248 157 60 140 101 67 58 56 51
leaf_count=48 419 287 121 97 43 248 157 60 140 101 67 58 56 51
internal_value=0.000384025 -0.00836838 -0.00174194 0.0140052 0.00927052 0.0108696 -0.00986547 -0.0207729 -0.0128141 -0.00643154 -0.0175141 -0.00139665 0.022 0.012766
internal_weight=1953 1189 775 764 329 667 446 414 398 241 354 179 150 94
internal_count=1953 1189 775 764 329 667 446 414 398 241 354 179 150 94
is_linear=0
shrinkage=0.05


Tree=6
num_leaves=15
num_cat=0
split_feature=1 0 3 0 1 4 0 0 3 0 1 4 0 0
split_gain=80.0815 36.1479 24.5414 21.3995 18.6929 12.2317 11.7477 14.3602 9.91376 7.64859 7.40053 9.15755 8.49277 6.20968
threshold=0.42833659622166903 27.002000000000006 87.375500000000017 19.460000000000004 -0.40542197401079716 24.203500000000002 6.3585000000000012 21.625000000000004 94.290500000000023 10.503500000000001 -0.7266007961912001 16.731000000000005 8.854000000000001 16.194000000000006
decision_type=2 2 2 2 2 2 2 2 2 2 2 2 2 2
left_child=1 2 10 5 -4 8 -6 -8 9 -2 13 12 -12 -1
right_child=3 -3 4 -5 6 -7 7 -9 -10 -11 11 -13 -14 -15
leaf_value=-0.0044397179237250367 -0.0087343492801942573 -0.052945127672623007 -0.0063179265992704438 0.039851584462347246 -0.018132695173961558 0.032688527518154369 0.035955451877698517 -0.025948567997131123 0.027538528257251966 0.011308813780003478 -0.041180254327840254 0.0091040624138833785 -0.0051017273167093761 -0.028887459697119058
leaf_weight=59 93 152 315 85 47 67 161 46 281 205 89 70 138 145
leaf_count=59 93 152 315 85 47 67 161 46 281 205 89 70 138 145
internal_value=0.000384025 -0.00744681 -0.00420561 0.0134747 0.00289982 0.0103715 0.0129921 0.0181159 0.00803109 0.00167785 -0.0122754 -0.00723906 -0.0121145 -0.0196078
internal_weight=1953 1222 1070 731 569 646 254 207 579 298 501 297 227 204
internal_count=1953 1222 1070 731 569 646 254 207 579 298 501 297 227 204
is_linear=0
shrinkage=0.05


Tree=7
num_leaves=15
num_cat=0
split_feature=1 3 0 1 0 0 0 3 0 0 2 1 4 0
split_gain=78.2038 31.7089 16.2217 15.8719 19.4081 13.0762 11.4591 11.0816 8.49933 7.3975 11.1816 7.20136 9.44017 9.0585
threshold=0.42833659622166903 89.952500000000015 20.003500000000006 -0.40542197401079716 23.233500000000003 6.3585000000000012 27.002000000000006 99.373500000000021 7.7405000000000008 16.811500000000006 0.22790171382004171 -0.7266007961912001 16.731000000000005 8.854000000000001
decision_type=2 2 2 2 2 2 2 2 2 2 2 2 2 2
left_child=1 6 7 9 5 -5 11 8 -2 10 -3 -1 13 -13
right_child=2 3 -4 4 -6 -7 -8 -9 -10 -11 -12 12 -14 -15
leaf_value=-0.024670175175522769 -0.021395006868957872 0.035597029192142582 0.037475590103664434 -0.01703774574040641 -0.049032536918450172 0.034086348746932053 -0.048710258745881113 0.028892008042223999 0.010648666198508197 -0.022095685574777049 -0.0059887045556057854 -0.044321246189084958 0.010349066238432035 -0.0048569280194640163
leaf_weight=206 50 41 78 45 46 171 117 255 348 148 136 91 78 143
leaf_count=206 50 41 78 45 46 171 117 255 348 148 136 91 78 143
internal_value=0.000128008 -0.00761047 0.0130643 0.00076661 0.00992366 0.0162037 -0.0153543 0.01049 0.00527638 -0.00661538 0.000282486 -0.0121622 -0.00737179 -0.0123932
internal_weight=1953 1222 731 587 262 216 635 653 398 325 177 518 312 234
internal_count=1953 1222 731 587 262 216 635 653 398 325 177 518 312 234
is_linear=0
shrinkage=0.05


Tree=8
num_leaves=15
num_cat=0
split_feature=1 3 0 0 1 3 0 0 4 1 1 4 0 0
split_gain=72.7223 30.5317 16.8454 15.3362 14.0029 11.2655 10.8476 10.142 6.56026 6.28112 6.0873 9.44017 9.0585 8.36541
threshold=0.42833659622166903 89.952500000000015 20.003500000000006 25.254500000000004 -0.40542197401079716 99.373500000000021 27.002000000000006 9.4540000000000024 22.377500000000001 -0.97505550290239429 -0.7266007961912001 16.731000000000005 8.854000000000001 16.194000000000006
decision_type=2 2 2 2 2 2 2 2 2 2 2 2 2 2
left_child=1 6 5 4 9 7 10 -2 -7 -3 13 12 -12 -1
right_child=2 3 -4 -5 -6 8 -8 -9 -10 -11 11 -13 -14 -15
leaf_value=-0.0029842232687626452 -0.0092184141044212905 0.010117178131886576 0.035601810598481221 -0.05353720779074838 0.018968208049915489 0.025266156628323957 -0.046274745808587064 0.013164358096006952 0.045090273479840154 -0.0058250663735937907 -0.042105183879630713 0.0098316129265104343 -0.0046140816184908158 -0.026209577953486968
leaf_weight=59 92 61 78 62 234 208 117 306 47 230 91 78 143 147
leaf_count=59 92 61 78 62 234 208 117 306 47 230 91 78 143 147
internal_value=0.000179211 -0.00728314 0.0126539 0.000936968 0.00371429 0.0100306 -0.0148819 0.00477387 0.0182353 -0.00360825 -0.0117761 -0.00737179 -0.0123932 -0.0184466
internal_weight=1953 1222 731 587 525 653 635 398 255 291 518 312 234 206
internal_count=1953 1222 731 587 525 653 635 398 255 291 518 312 234 206
is_linear=0
shrinkage=0.05


Tree=9
num_leaves=15
num_cat=0
split_feature=1 0 3 0 4 2 0 2 4 3 2 1 3 1
split_gain=66.4824 27.8245 18.0738 15.7708 10.7297 10.1696 10.0597 9.1554 8.71111 11.4735 7.67212 6.97036 5.66633 5.56885
threshold=0.42833659622166903 27.002000000000006 70.073000000000008 19.460000000000004 18.144500000000004 -0.97606926651088199 17.782500000000002 0.22790171382004171 22.960000000000004 99.998500000000021 0.97117852567439111 -0.7146667679788683 84.010500000000022 0.23416947364604893
decision_type=2 2 2 2 2 2 2 2 2 2 2 2 2 2
left_child=1 2 13 4 -2 -4 7 -7 9 -9 11 -11 -6 -1
right_child=3 -3 5 -5 12 6 -8 8 -10 10 -12 -13 -14 -15
leaf_value=-0.020855743789863063 0.0066260326468153222 -0.045359002557400191 0.036949854213278004 0.034205135204122605 0.008827721524610142 0.032761319946508452 -0.012126669876695964 -0.021989150452584268 0.022281689899487141 0.015587717714760705 0.025215869068822824 -0.007842616807154942 0.032807680634148163 0.0123207073624451
leaf_weight=370 404 152 71 85 96 65 194 103 70 41 41 60 146 55
leaf_count=370 404 152 71 85 96 65 194 103 70 41 41 60 146 55
internal_value=0.000179211 -0.00695581 -0.00411215 0.0121067 0.00944272 0.00116279 -0.0010453 0.00368421 0.00015873 -0.00428571 0.00492958 -0.00247525 0.0177686 -0.0121176
internal_weight=1953 1222 1070 731 646 645 574 380 315 245 142 101 242 425
internal_count=1953 1222 1070 731 646 645 574 380 315 245 142 101 242 425
is_linear=0
shrinkage=0.05


Tree=10
num_leaves=15
num_cat=0
split_feature=1 0 3 0 0 2 4 3 0 4 1 1 0 4
split_gain=59.9789 28.9736 17.0125 16.5588 10.3153 18.8743 9.83624 7.78687 9.20256 5.8101 5.34041 5.05184 6.74059 11.3508
threshold=0.42833659622166903 27.002000000000006 70.073000000000008 20.003500000000006 19.148500000000002 -0.83635891446581057 24.203500000000002 35.501500000000007 10.592000000000001 13.393500000000001 0.94697898371965716 0.23416947364604893 16.194000000000006 15.599500000000001
decision_type=2 2 2 2 2 2 2 2 2 2 2 2 2 2
left_child=1 2 11 6 5 -4 7 8 -2 -10 -9 12 13 -1
right_child=3 -3 4 -5 -6 -7 -8 10 9 -11 -12 -13 -14 -15
leaf_value=-0.02950290574872539 -0.02120001303933788 -0.04309105242953018 0.080177642935007815 0.032111463308351032 -0.0097697130315049507 0.0013583322320990796 0.026242349743590701 0.011820526495107104 -0.0058217429280196641 0.020271671475203742 0.022114159324068228 0.011704671994322846 -0.023838285337515839 0.016676362579755799
leaf_weight=108 55 152 48 78 208 389 69 296 43 64 126 55 212 50
leaf_count=108 55 152 48 78 208 389 69 296 43 64 126 55 212 50
internal_value=0.000230415 -0.00654664 -0.00364486 0.0115595 0.00147287 0.00583524 0.00895865 0.00684932 -0.00246914 0.00607477 0.0104265 -0.0114118 -0.0135135 -0.0056962
internal_weight=1953 1222 1070 731 645 437 653 584 162 107 422 425 370 158
internal_count=1953 1222 1070 731 645 437 653 584 162 107 422 425 370 158
is_linear=0
shrinkage=0.05


Tree=11
num_leaves=15
num_cat=0
split_feature=1 0 0 3 4 1 0 0 1 4 2 2 0 3
split_gain=56.7353 26.8125 19.4482 15.5317 10.0113 9.62303 11.1318 11.6174 8.29863 6.31359 5.87926 8.71008 7.82917 12.7526
threshold=0.56246696819246 27.002000000000006 19.460000000000004 70.073000000000008 18.144500000000004 -0.40542197401079716 23.051500000000001 11.598000000000001 0.030073020370188292 14.521000000000003 -0.78621243120361772 -0.97218766834954651 16.194000000000006 5.1890000000000009
decision_type=2 2 2 2 2 2 2 2 2 2 2 2 2 2
left_child=1 3 4 10 -2 -5 7 9 -9 -7 11 -1 13 -12
right_child=2 -3 -4 5 -6 6 -8 8 -10 -11 12 -13 -14 -15
leaf_value=-0.022778345590878168 0.0067904162092530113 -0.040936499808053667 0.036189302608210842 -0.0044113272035634244 0.019734440789946142 -0.020957609541560007 -0.034214109317515007 0.054984999597069296 0.031604090514681528 0.0088013466728000152 -0.056120039802965954 0.0069358938240524394 -0.021516387308699654 0.0039419265014619424
leaf_weight=41 357 154 55 354 220 73 42 54 78 101 83 95 134 112
leaf_count=41 357 154 55 354 220 73 42 54 78 101 83 95 134 112
internal_value=0.000179211 -0.00571537 0.0125 -0.00312768 0.00979203 0.00156695 0.00747126 0.0107843 0.0219697 0.00229885 -0.0102151 -0.00147059 -0.0138298 -0.0074359
internal_weight=1953 1321 632 1167 577 702 348 306 132 174 465 136 329 195
internal_count=1953 1321 632 1167 577 702 348 306 132 174 465 136 329 195
is_linear=0
shrinkage=0.05


Tree=12
num_leaves=15
num_cat=0
split_feature=1 0 0 3 1 0 0 1 4 0 1 4 4 3
split_gain=52.4887 22.6921 19.8839 15.0594 9.11036 9.3139 10.113 10.7211 8.71398 7.73052 7.29953 7.15286 6.21967 5.09394
threshold=0.56246696819246 27.002000000000006 19.460000000000004 25.262000000000004 -0.40542197401079716 22.757000000000001 11.413000000000002 1.0000000180025095e-35 18.144500000000004 16.811500000000006 0.23416947364604893 18.507500000000004 14.453000000000001 84.010500000000022
decision_type=2 2 2 2 2 2 2 2 2 2 2 2 2 2
left_child=1 3 8 10 9 6 12 -8 -2 -5 11 -1 -6 -10
right_child=2 -3 -4 4 5 -7 7 -9 13 -11 -12 -13 -14 -15
leaf_value=-0.029257197883790428 0.0064508953987903617 -0.038889674817650981 0.034379837477800289 0.0016694259674357673 -0.019909729064482004 -0.013862711801235812 0.050084753419167877 0.022585316612994854 0.0072723087099640666 -0.010811284371107746 0.0065890991328498173 0.0025437739679401261 0.009079000521625356 0.035564957208809457
leaf_weight=202 357 154 55 234 81 63 60 98 88 208 67 42 112 132
leaf_count=202 357 154 55 234 81 63 60 98 88 208 67 42 112 132
internal_value=0.000332821 -0.00533687 0.0121835 -0.0029563 0.00046729 0.0057971 0.00897436 0.0183544 0.00944541 -0.00452489 -0.0123794 -0.0163934 0.00129534 0.0172727
internal_weight=1953 1321 632 1167 856 414 351 158 577 442 311 244 193 220
internal_count=1953 1321 632 1167 856 414 351 158 577 442 311 244 193 220
is_linear=0
shrinkage=0.05


Tree=13
num_leaves=15
num_cat=0
split_feature=1 0 0 3 4 0 0 2 0 4 1 4 3 4
split_gain=50.6098 21.0878 20.3244 13.7859 8.47533 8.29019 10.253 11.8367 7.16858 12.4579 6.98194 6.84398 5.11823 5.07964
threshold=0.56246696819246 27.002000000000006 19.460000000000004 25.262000000000004 18.144500000000004 3.9720000000000004 21.732000000000003 -0.95380106782931862 15.830500000000002 20.526500000000002 0.23416947364604893 18.507500000000004 98.844500000000011 22.960000000000004
decision_type=2 2 2 2 2 2 2 2 2 2 2 2 2 2
left_child=1 3 4 10 -2 -5 7 -7 13 -10 11 -1 -8 -9
right_child=2 -3 -4 5 -6 6 12 8 9 -11 -12 -13 -14 -15
leaf_value=-0.027794337989600904 0.0061283506288508441 -0.036945191076768434 0.032660845603910284 -0.029629449600930332 0.017480336954917641 0.05624105750011802 -0.0025995520108016076 0.003135756625802644 0.00088111921447493161 -0.027890655469608717 0.0062596441762073273 0.0024165852695431193 -0.027374263333969973 0.02300955502441172
leaf_weight=202 357 154 55 42 220 58 112 309 137 49 67 42 67 82
leaf_count=202 357 154 55 42 220 58 112 309 137 49 67 42 67 82
internal_value=0.000230415 -0.00533687 0.0118671 -0.00304199 0.00909879 0.000233645 0.00135135 0.00433071 0.00216638 -0.00591398 -0.0120579 -0.0159836 -0.00921788 0.00601023
internal_weight=1953 1321 632 1167 577 856 814 635 577 186 311 244 179 391
internal_count=1953 1321 632 1167 577 856 814 635 577 186 311 244 179 391
is_linear=0
shrinkage=0.05


Tree=14
num_leaves=15
num_cat=0
split_feature=1 0 0 3 4 0 2 2 0 0 4 1 1 4
split_gain=43.0987 21.6749 17.4531 13.3305 9.3 8.28842 13.5733 6.76181 6.73291 7.61261 9.79422 6.6 5.31893 5.22336
threshold=0.56246696819246 19.460000000000004 27.002000000000006 25.262000000000004 24.203500000000002 21.732000000000003 -0.91084115863148152 -0.77547391234167817 3.9720000000000004 15.830500000000002 20.526500000000002 0.20061247795988868 0.017189842955271029 18.320000000000004
decision_type=2 2 2 2 2 2 2 2 2 2 2 2 2 2
left_child=2 4 3 7 -2 6 12 11 -8 -10 -11 -1 -5 -9
right_child=1 -3 -4 5 -6 -7 8 13 9 10 -12 -13 -14 -15
leaf_value=-0.029114485918791396 0.0078660671203197342 0.031027803323714766 -0.035097931522930018 0.070541870081119298 0.022705877933669769 -0.0094864838049127324 -0.028147977120883811 -0.028342578984410394 0.0063973764422491147 0.00047551543202408733 -0.026496122696128284 0.021304201827653843 0.030810340917921522 -0.0012961574599163945
leaf_weight=48 514 55 154 40 63 179 42 183 389 117 47 40 42 40
leaf_count=48 514 55 154 40 63 179 42 183 389 117 47 40 42 40
internal_value=0.000179211 0.0109177 -0.00495836 -0.00287061 0.00805893 0.000350467 0.00288035 -0.0117363 0.000252101 0.0017179 -0.00731707 0 0.0219512 -0.0163677
internal_weight=1953 632 1321 1167 577 856 677 311 595 553 164 88 82 223
internal_count=1953 632 1321 1167 577 856 677 311 595 553 164 88 82 223
is_linear=0
shrinkage=0.05


Tree=15
num_leaves=15
num_cat=0
split_feature=1 0 3 0 2 4 2 4 1 1 0 3 2 3
split_gain=39.7665 22.3664 16.4539 15.8014 15.4619 8.23728 7.04645 4.84105 7.01815 4.63229 4.04557 9.14959 4.64964 4.12934
threshold=0.56246696819246 19.460000000000004 85.07350000000001 21.732000000000003 -0.84565824135800816 24.203500000000002 0.99055824379501012 17.974500000000003 -0.86095304316285715 0.064414007683963548 9.4540000000000024 98.944000000000003 -0.14772953607417119 94.906500000000008
decision_type=2 2 2 2 2 2 2 2 2 2 2 2 2 2
left_child=2 5 7 4 9 10 -6 -1 -9 -4 11 -2 -12 -14
right_child=1 -3 3 -5 6 -7 -8 8 -10 -11 12 -13 13 -15
leaf_value=-0.017728966157278255 -0.011630316118824813 0.029476413157529024 0.058584610017085592 -0.021862646321089297 -0.0010283646371074347 0.021570584036986279 0.018503587701381347 -0.010671413420161728 0.0060399363980199409 0.032903493797225673 0.0049720699039613545 0.025146260154583929 0.0070075574212049609 0.032304826992051706
leaf_weight=517 66 55 49 151 378 63 48 44 87 47 215 58 101 74
leaf_count=517 66 55 49 151 378 63 48 44 87 47 215 58 101 74
internal_value=0.000128008 0.010443 -0.00480696 0.000668648 0.00478927 0.00753899 0.000704225 -0.0104938 -0.0019084 0.0229167 0.00544747 -0.00241935 0.00794872 0.014
internal_weight=1953 632 1321 673 522 577 426 648 131 96 514 124 390 175
internal_count=1953 632 1321 673 522 577 426 648 131 96 514 124 390 175
is_linear=0
shrinkage=0.05


Tree=16
num_leaves=15
num_cat=0
split_feature=1 0 3 0 2 4 2 0 3 1 4 1 0 0
split_gain=36.2247 22.8335 14.2578 15.7458 17.0064 7.68252 6.95801 5.62624 4.44617 4.10439 4.00999 7.01815 3.79533 3.67298
threshold=0.56246696819246 19.460000000000004 85.07350000000001 21.375000000000004 -0.84565824135800816 25.961000000000002 0.99055824379501012 6.8090000000000002 98.844500000000011 0.064414007683963548 17.974500000000003 -0.86095304316285715 7.1605000000000008 13.260500000000002
decision_type=2 2 2 2 2 2 2 2 2 2 2 2 2 2
left_child=2 5 10 4 9 7 -6 -2 -5 -4 12 -12 -1 -14
right_child=1 -3 3 8 6 -7 -8 -9 -10 -11 11 -13 13 -15
leaf_value=-0.030515738874515825 -0.014574229766726527 0.028002592499652576 0.061155066928108286 -0.0048455374015367817 -0.00069697255071113915 0.03161125225782916 0.017578408316312279 0.011072561090923697 -0.026619516174643899 0.034326151266997333 -0.010137842749153641 0.0057379395781189451 0.0050174951489289762 -0.01644467891386121
leaf_weight=84 40 55 43 63 373 44 48 493 101 45 44 87 60 373
leaf_count=84 40 55 43 63 373 44 48 493 101 45 44 87 60 373
internal_value=0.000281618 0.0101266 -0.00442846 0.000668648 0.00500982 0.00719237 0.000831354 0.00553471 -0.0128049 0.025 -0.00972222 -0.0019084 -0.0117021 -0.00981524
internal_weight=1953 632 1321 673 509 577 421 533 164 88 648 131 517 433
internal_count=1953 632 1321 673 509 577 421 533 164 88 648 131 517 433
is_linear=0
shrinkage=0.05


Tree=17
num_leaves=15
num_cat=0
split_feature=1 0 3 0 2 0 4 2 1 0 3 0 1 1
split_gain=33.1753 23.5431 12.6289 13.9251 8.50549 5.45834 5.75262 4.93279 4.08337 12.7308 7.58074 10.4388 7.70667 4.16237
threshold=0.56246696819246 19.460000000000004 85.07350000000001 25.254500000000004 -0.98597924778888291 6.5870000000000006 24.203500000000002 0.99055824379501012 0.23416947364604893 17.981500000000004 5.0015000000000009 13.764000000000001 -0.35321410436273354 -0.79356426026969629
decision_type=2 2 2 2 2 2 2 2 2 2 2 2 2 2
left_child=2 5 8 4 -4 -2 -7 -6 10 -10 13 12 -12 -1
right_child=1 -3 3 -5 7 6 -8 -9 9 -11 11 -13 -14 -15
leaf_value=-0.0091347095336593298 -0.014183316977690992 0.026602462874669948 0.046082121067668493 -0.036804592544964418 -2.5169145566513246e-05 0.010057558404471055 0.019715302154518027 0.016699487900496662 -0.033486433720961488 0.020798885963646166 0.0091460277643870217 -0.015649682026999078 -0.015507483115920479 -0.031498393931318439
leaf_weight=65 43 55 43 71 511 478 56 48 50 68 60 231 40 134
leaf_count=65 43 55 43 71 511 478 56 48 50 68 60 231 40 134
internal_value=0.000230415 0.0096519 -0.00427706 0.000520059 0.00299003 0.00667244 0.00805243 0.00134168 -0.00925926 -0.000847458 -0.0111321 -0.00649547 0.007 -0.0188442
internal_weight=1953 632 1321 673 602 577 534 559 648 118 530 331 100 199
internal_count=1953 632 1321 673 602 577 534 559 648 118 530 331 100 199
is_linear=0
shrinkage=0.05


Tree=18
num_leaves=15
num_cat=0
split_feature=1 0 3 0 2 4 2 0 3 2 1 1 0 3
split_gain=31.0156 23.7821 13.3928 9.97118 14.6804 6.52147 4.98249 4.87259 10.8746 4.76184 3.77354 3.76252 5.65335 3.72575
threshold=0.56246696819246 19.460000000000004 85.07350000000001 21.375000000000004 -0.92449049203901279 25.961000000000002 0.99055824379501012 9.4540000000000024 89.617500000000021 -0.19851654827941614 0.73465119469809237 0.82801560613826442 14.244000000000002 0.013500000000000003
decision_type=2 2 2 2 2 2 2 2 2 2 2 2 2 2
left_child=2 5 13 4 -4 7 -6 8 -2 10 -9 -11 -13 -1
right_child=1 -3 3 -5 6 -7 -8 9 -10 11 -12 12 -14 -15
leaf_value=-0.02480798897904838 -0.012105306287653309 0.025272339730936452 0.054196046077711835 -0.019160751133467543 -0.00040697577669102092 0.029829537189843269 0.015864513505471831 0.02149981155126094 0.021461490524036505 0.0022888565649864779 -0.0048009267892442226 0.031607303963698152 0.0071038783793240775 -0.010429930580626896
leaf_weight=81 52 55 56 164 405 44 48 55 77 42 153 97 57 567
leaf_count=81 52 55 56 164 405 44 48 55 77 42 153 97 57 567
internal_value=0.000384025 0.00949367 -0.00397426 0.000965825 0.00442043 0.00649913 0.00143488 0.00497186 -0.00348837 0.00767327 0.00240385 0.0132653 0.0168831 -0.00910494
internal_weight=1953 632 1321 673 509 577 453 533 129 404 208 196 154 648
internal_count=1953 632 1321 673 509 577 453 533 129 404 208 196 154 648
is_linear=0
shrinkage=0.05


Tree=19
num_leaves=15
num_cat=0
split_feature=1 0 3 0 2 4 4 0 0 1 1 3 0 0
split_gain=29.6058 24.0222 12.0927 11.9224 12.9738 5.16742 4.91966 4.75057 6.53204 12.1539 12.1411 10.8401 4.17437 5.34486
threshold=0.56246696819246 19.460000000000004 70.073000000000008 24.371500000000005 -0.97606926651088199 24.203500000000002 11.321500000000002 5.3030000000000008 12.767000000000001 -0.33302288323571977 0.098678873477280007 8.0710000000000015 4.0520000000000005 15.830500000000002
decision_type=2 2 2 2 2 2 2 2 2 2 2 2 2 2
left_child=2 5 7 4 -4 -2 -5 -1 9 -9 -10 -12 -6 -14
right_child=1 -3 3 6 12 -7 -8 8 10 -11 11 -13 13 -15
leaf_value=-0.033177375847664579 0.0058618415003224818 0.024008722744389629 0.033544155617997742 -0.015854664203783748 -0.020693335429634953 0.017077064262124918 -0.040445023965912166 0.013296618616410572 -0.023545729390891296 -0.017701582579735937 0.026023354403565499 -0.010485127675464438 0.0067048537508968614 -0.0042038349742783204
leaf_weight=53 514 55 60 53 40 63 51 49 322 54 49 41 334 215
leaf_count=53 514 55 60 53 40 63 51 49 322 54 49 41 334 215
internal_value=0.000435228 0.00933544 -0.00382286 0.000332005 0.00285054 0.00632582 -0.0153846 -0.00933099 -0.00786408 0.00339806 -0.0106796 0.00555556 0.000594228 0.00173042
internal_weight=1953 632 1321 753 649 577 104 568 515 103 412 90 589 549
internal_count=1953 632 1321 753 649 577 104 568 515 103 412 90 589 549
is_linear=0
shrinkage=0.05


Tree=20
num_leaves=15
num_cat=0
split_feature=1 0 3 0 2 0 4 4 4 0 1 0 0 2
split_gain=26.8555 24.75 10.495 11.7217 13.1549 4.9203 5.12614 4.91966 4.39152 9.11143 9.59892 4.12629 4.08397 5.27771
threshold=0.56246696819246 19.460000000000004 70.073000000000008 24.371500000000005 -0.97606926651088199 6.5870000000000006 24.203500000000002 11.321500000000002 17.015500000000003 15.343000000000002 -0.56602321513293041 5.3030000000000008 4.0520000000000005 0.90906259831586944
decision_type=2 2 2 2 2 2 2 2 2 2 2 2 2 2
left_child=2 5 8 4 -4 -2 -7 -5 11 -10 -11 -1 -6 -14
right_child=1 -3 3 7 12 6 -8 -9 9 10 -12 -13 13 -15
leaf_value=-0.055417535952158793 -0.01416472033142281 0.022808286607170148 0.031866947837097856 -0.015061930993594558 -0.019658668658153206 0.0082090468846988205 0.016705613977742451 -0.038422772767616555 0.016894819067656365 -0.024072057236445222 0.0096370060098914453 -0.012198741223984566 -0.0009305460270310318 0.0096585405927832949
leaf_weight=42 43 55 60 53 40 478 56 51 50 49 40 387 418 131
leaf_count=42 43 55 60 53 40 478 56 51 50 49 40 387 418 131
internal_value=0.000384025 0.00886076 -0.00367146 0.000199203 0.00269646 0.00580589 0.0071161 -0.0153846 -0.00880282 -0.00107914 -0.0106742 -0.0113054 0.000424448 0.00154827
internal_weight=1953 632 1321 753 649 577 534 104 568 139 89 429 589 549
internal_count=1953 632 1321 753 649 577 534 104 568 139 89 429 589 549
is_linear=0
shrinkage=0.05


Tree=21
num_leaves=15
num_cat=0
split_feature=1 0 0 2 3 0 0 3 0 1 2 2 4 0
split_gain=22.9679 23.1891 10.1489 8.44583 12.2854 11.354 8.64992 6.32968 6.08473 5.35929 5.1134 5.03205 6.5885 5.72845
threshold=0.56246696819246 19.460000000000004 27.002000000000006 -0.7324940716135786 5.0015000000000009 15.830500000000002 18.670500000000004 98.708500000000015 3.9720000000000004 0.1328271176880281 -0.96801877525786306 0.12643880951666986 18.144500000000004 20.564500000000002
decision_type=2 2 2 2 2 2 2 2 2 2 2 2 2 2
left_child=2 -2 3 6 -5 8 -1 10 -6 -10 -8 12 13 -7
right_child=1 -3 -4 4 5 11 7 -9 9 -11 -12 -13 -14 -15
leaf_value=0.047222555971310802 0.0078650435822097721 0.021667872276811641 -0.028048111360145945 -0.022868454374622961 -0.018675735225245543 0.014270788010549774 -0.0060739491500621818 -0.014727566963263248 0.0077678508367307088 -0.0055820864513059718 0.01116890252431667 -0.032210996736984868 -0.029776675596862576 -0.018122969301608848
leaf_weight=63 577 55 154 131 48 50 68 71 346 84 138 55 45 68
leaf_count=63 577 55 154 131 48 50 68 71 346 84 138 55 45 68
internal_value=0.000230415 0.00806962 -0.00352006 -0.00192802 -0.00465538 -0.00201149 0.00470588 0.000902527 0.00230126 0.00418605 0.00533981 -0.0114679 -0.00705521 -0.000847458
internal_weight=1953 632 1321 1167 827 696 340 277 478 430 206 218 163 118
internal_count=1953 632 1321 1167 827 696 340 277 478 430 206 218 163 118
is_linear=0
shrinkage=0.05


Tree=22
num_leaves=15
num_cat=0
split_feature=1 0 3 0 2 2 2 4 4 2 4 4 0 3
split_gain=21.1769 20.7738 10.2971 10.2495 14.255 4.6417 4.5189 10.1649 7.59362 6.10192 4.50191 4.48455 4.47721 7.80627
threshold=0.56246696819246 19.460000000000004 85.07350000000001 21.375000000000004 -0.95380106782931862 0.99055824379501012 0.35923451902495462 18.582000000000004 15.599500000000001 0.90906259831586944 20.429000000000006 25.961000000000002 9.4540000000000024 89.617500000000021
decision_type=2 2 2 2 2 2 2 2 2 2 2 2 2 2
left_child=2 11 -1 4 -4 6 7 -6 -8 10 -10 12 13 -2
right_child=1 -3 3 -5 5 -7 8 -9 9 -11 -12 -13 -14 -15
leaf_value=-0.0093518619306175981 -0.012459415838627814 0.020584478662971056 0.044861428172745264 -0.016396302718382511 0.026376416390679822 0.014355946932364109 -0.028295621251367815 -0.010250251533478636 -0.0064556699824555395 0.015375606641431283 0.00070323157513216901 0.026255674239247254 0.008725405579106121 0.019900262611968172
leaf_weight=648 52 55 47 164 110 48 97 56 40 56 55 44 404 77
leaf_count=648 52 55 47 164 110 48 97 56 40 56 55 44 404 77
internal_value=0.000384025 0.00791139 -0.00321726 0.00111441 0.0046169 0.00194805 0.000241546 0.00662651 -0.00403226 0.00298013 -0.00473684 0.00511265 0.00384615 -0.00426357
internal_weight=1953 632 1321 673 509 462 414 166 248 151 95 577 533 129
internal_count=1953 632 1321 673 509 462 414 166 248 151 95 577 533 129
is_linear=0
shrinkage=0.05


Tree=23
num_leaves=15
num_cat=0
split_feature=1 0 3 3 0 1 2 0 3 2 1 4 3 2
split_gain=19.0768 16.8286 13.9279 11.1568 11.5168 7.63746 5.39655 5.92806 5.27405 4.84369 6.39468 5.36243 4.85307 4.48443
threshold=-0.05591647229452347 9.4540000000000024 10.064000000000002 5.0015000000000009 15.830500000000002 -0.79356426026969629 0.12643880951666986 19.148500000000002 99.998500000000021 -0.19851654827941614 0.94362518608704116 7.7455000000000007 23.025000000000002 0.35923451902495462
decision_type=2 2 2 2 2 2 2 2 2 2 2 2 2 2
left_child=3 2 -2 5 13 -1 7 -6 -9 10 11 -3 -13 -5
right_child=1 9 -4 4 6 -7 -8 8 -10 -11 -12 12 -14 -15
leaf_value=-0.0034456694613950959 -0.02153598392253616 -0.0027902744832277782 0.00063211143757558111 0.024312799055287073 0.010388440411930169 -0.03159827179512413 -0.029185665837567234 -0.0052827539698359523 -0.031713873453583757 0.015143873890912452 -0.010028250453290703 0.01345525577886425 0.0098580135090676098 0.0007030402362525718
leaf_weight=65 66 52 218 65 70 96 55 225 61 277 43 113 281 266
leaf_count=65 66 52 218 65 70 96 55 225 61 277 43 113 281 266
internal_value=0.000179211 0.0047619 -0.0056338 -0.0051495 -0.00256065 -0.0170807 -0.00815085 -0.00589888 -0.00909091 0.00861619 0.00562372 0.0073991 0.00939086 0.00438066
internal_weight=1953 1050 284 903 742 161 411 356 286 766 489 446 394 331
internal_count=1953 1050 284 903 742 161 411 356 286 766 489 446 394 331
is_linear=0
shrinkage=0.05


Tree=24
num_leaves=15
num_cat=0
split_feature=1 0 3 0 2 4 4 2 4 0 2 4 1 4
split_gain=20.864 20.9983 9.95346 8.32317 12.4653 13.4349 8.32327 6.43428 5.84791 4.41017 4.8742 6.57638 4.53093 4.30668
threshold=0.56246696819246 19.460000000000004 85.07350000000001 19.292500000000004 0.22790171382004171 16.195500000000003 22.960000000000004 0.90906259831586944 14.453000000000001 6.5870000000000006 -0.010746888578547886 21.137000000000004 0.9594338453294492 17.974500000000003
decision_type=2 2 2 2 2 2 2 2 2 2 2 2 2 2
left_child=2 9 13 4 5 -4 7 -6 -9 -2 -11 12 -12 -1
right_child=1 -3 3 -5 6 -7 -8 8 -10 10 11 -13 -14 -15
leaf_value=-0.012504632696757259 -0.014876355196439345 0.018882491940879289 0.061935171492748554 -0.01158567980650177 -0.0066009837250166209 -0.00018034593929801558 0.018114403027589463 -0.017013169984633252 0.012897176950714635 0.002077821715719734 0.0003381310517580394 0.024610333626712194 0.014820488917979735 0.00049837650111833598
leaf_weight=517 43 55 70 227 143 56 71 46 60 279 124 67 64 131
leaf_count=517 43 55 70 227 143 56 71 46 60 279 124 67 64 131
internal_value=0.000281618 0.00775316 -0.00329296 0.000965825 0.00493274 0.018254 -0.0003125 -0.00461847 0.00471698 0.00493934 0.00617978 0.0111765 0.00638298 -0.00771605
internal_weight=1953 632 1321 673 446 126 320 249 106 577 534 255 188 648
internal_count=1953 632 1321 673 446 126 320 249 106 577 534 255 188 648
is_linear=0
shrinkage=0.05


Tree=25
num_leaves=15
num_cat=0
split_feature=1 0 0 0 3 4 1 0 0 0 0 2 0 0
split_gain=19.1094 19.1304 9.6803 6.26712 6.61822 5.38673 5.15123 6.8439 9.92749 5.03012 4.55735 6.39152 5.0968 4.21394
threshold=0.56246696819246 19.460000000000004 30.115500000000004 3.9720000000000004 70.073000000000008 6.4960000000000013 -0.40542197401079716 22.655500000000004 11.598000000000001 17.223500000000005 17.782500000000002 0.22790171382004171 23.051500000000001 6.5870000000000006
decision_type=2 2 2 2 2 2 2 2 2 2 2 2 2 2
left_child=2 13 3 -1 5 -5 10 8 -8 -10 11 -6 -12 -2
right_child=1 -3 -4 4 6 -7 7 -9 9 -11 12 -13 -14 -15
leaf_value=-0.026902146331442525 -0.01413253743661738 0.017938367343835322 -0.032697337580073482 -0.016971905272609465 0.022186211491770649 -0.004661588441473706 0.0017384362699743089 -0.011006395816176682 0.0388526272273634 0.024287376541188094 -0.021457042224064776 -0.0034549001058911742 0.0022796692417779252 0.0074208437284526045
leaf_weight=72 43 55 62 52 57 436 146 63 43 83 90 149 68 534
leaf_count=72 43 55 62 52 57 436 146 63 43 83 90 149 68 534
internal_value=0.000128008 0.00727848 -0.00329296 -0.00234313 -0.0014743 -0.00594262 0.00164521 0.0061194 0.00955882 0.0198413 -0.00247253 0.00242718 -0.00886076 0.00459272
internal_weight=1953 632 1321 1259 1187 488 699 335 272 126 364 206 158 577
internal_count=1953 632 1321 1259 1187 488 699 335 272 126 364 206 158 577
is_linear=0
shrinkage=0.05


Tree=26
num_leaves=15
num_cat=0
split_feature=1 0 0 3 4 2 0 2 3 0 3 2 0 0
split_gain=17.7417 19.3459 9.90961 6.74399 6.78965 6.183 6.0787 5.05301 4.58974 4.53359 6.00439 4.72919 4.38979 5.59833
threshold=0.56246696819246 19.460000000000004 30.115500000000004 29.910500000000003 18.320000000000004 -0.95380106782931862 23.641500000000004 0.96001231037146451 99.998500000000021 10.422000000000002 44.87850000000001 0.14347198451036616 3.9720000000000004 15.830500000000002
decision_type=2 2 2 2 2 2 2 2 2 2 2 2 2 2
left_child=2 8 3 4 7 6 -5 -1 9 10 -2 -11 -7 -14
right_child=1 -3 -4 5 -6 12 -8 -9 -10 11 -12 -13 13 -15
leaf_value=-0.010737698215473972 -0.011882710973186368 0.017041448976643555 -0.031062470701069812 0.030985274857947109 0.0078319056644689002 -0.02727064561983163 -0.0045054028888986495 -0.040473202163223587 0.018902952214079189 0.00048824991874680678 0.0038432216594416211 0.014543152857536257 0.005463694407655692 -0.0043516151499013948
leaf_weight=266 50 55 62 73 67 40 47 43 182 208 64 73 386 337
leaf_count=266 50 55 62 73 67 40 47 43 182 208 64 73 386 337
internal_value=0.000230415 0.00712025 -0.00306586 -0.00210485 -0.00771277 0.000283126 0.0108333 -0.0108414 0.00441941 0.00139241 -0.00701754 0.00480427 -0.00137615 -0.000484094
internal_weight=1953 632 1321 1259 376 883 120 309 577 395 114 281 763 723
internal_count=1953 632 1321 1259 376 883 120 309 577 395 114 281 763 723
is_linear=0
shrinkage=0.05


Tree=27
num_leaves=15
num_cat=0
split_feature=1 0 0 3 4 2 0 2 4 0 0 2 4 4
split_gain=16.4019 17.3496 9.98664 6.30281 6.54167 6.183 5.34745 5.26077 5.00546 4.38979 5.59833 4.8319 4.5446 4.08274
threshold=0.56246696819246 19.460000000000004 30.115500000000004 29.910500000000003 18.320000000000004 -0.95380106782931862 21.625000000000004 0.96001231037146451 25.961000000000002 3.9720000000000004 15.830500000000002 0.34313907657789455 20.526500000000002 23.378500000000003
decision_type=2 2 2 2 2 2 2 2 2 2 2 2 2 2
left_child=2 8 3 4 7 6 -5 -1 -2 -7 11 -11 -12 -13
right_child=1 -3 -4 5 -6 9 -8 -9 -10 10 12 13 -14 -15
leaf_value=-0.010200813304700273 0.0043339071033911677 0.01618937652781138 -0.02950934716601632 0.036461447484154051 0.0074403103812454548 -0.025907113338840049 4.6695488052883595e-05 -0.038449542055062409 0.02174798533819064 0.021778982176890567 -0.0015985235562390677 -0.00070995697146674578 -0.027447520358817614 0.016848576342328486
leaf_weight=266 533 55 62 57 67 40 63 43 44 60 278 253 59 73
leaf_count=266 533 55 62 57 67 40 63 43 44 60 278 253 59 73
internal_value=0.000179211 0.0068038 -0.00299016 -0.00202542 -0.00744681 0.000283126 0.0108333 -0.0105178 0.0042461 -0.00137615 -0.000484094 0.00362694 -0.00519288 0.00122699
internal_weight=1953 632 1321 1259 376 883 120 309 577 763 723 386 337 326
internal_count=1953 632 1321 1259 376 883 120 309 577 763 723 386 337 326
is_linear=0
shrinkage=0.05


Tree=28
num_leaves=15
num_cat=0
split_feature=1 0 0 4 2 0 0 0 1 3 4 3 3 3
split_gain=14.3933 17.7612 10.2977 4.90154 8.07404 13.1926 11.0516 7.7465 7.39875 7.09117 6.83471 4.54858 4.22943 4.74528
threshold=0.56246696819246 19.460000000000004 30.115500000000004 23.378500000000003 0.4068650353019454 17.118500000000001 13.764000000000001 10.758500000000002 0.38118653245548312 5.1890000000000009 14.521000000000003 99.998500000000021 72.975500000000025 99.998500000000021
decision_type=2 2 2 2 2 2 2 2 2 2 2 2 2 2
left_child=2 11 3 4 5 10 9 -5 -7 -6 -1 -2 -11 -14
right_child=1 -3 -4 7 6 8 -8 -9 -10 12 -12 -13 13 -15
leaf_value=0.032588607408803497 0.00052617359135944709 0.015379907701420809 -0.028033879807715507 0.036454471996910258 -0.032366223864068844 -0.0058084849888962523 -0.059473587898049289 -0.0010882122981765447 0.018053250913692389 0.0081599554604330216 0.0021261066045962593 0.017741109248205666 -0.013414383744001305 8.4358990507454317e-05
leaf_weight=70 395 55 62 46 70 524 41 96 52 78 47 182 100 135
leaf_count=70 395 55 62 46 70 524 41 96 52 78 47 182 100 135
internal_value=0.000281618 0.00648734 -0.00268736 -0.0017077 -0.00282005 0.000505051 -0.00825472 0.00704225 -0.00260417 -0.00561358 0.015812 0.00389948 -0.00239617 -0.00574468
internal_weight=1953 632 1321 1259 1117 693 424 142 576 383 117 577 313 235
internal_count=1953 632 1321 1259 1117 693 424 142 576 383 117 577 313 235
is_linear=0
shrinkage=0.05


Tree=29
num_leaves=15
num_cat=0
split_feature=1 0 0 3 2 4 3 0 2 4 0 1 3 0
split_gain=13.7022 12.8211 10.335 5.15743 6.32576 5.24542 5.06028 7.65938 4.77551 3.69297 3.69089 5.88141 11.1031 8.674
threshold=0.59055600833485278 19.460000000000004 30.115500000000004 70.073000000000008 -0.97218766834954651 6.4960000000000013 98.944000000000003 8.2215000000000007 -0.19851654827941614 21.137000000000004 7.1605000000000008 0.11577009971046097 8.0710000000000015 12.653500000000003
decision_type=2 2 2 2 2 2 2 2 2 2 2 2 2 2
left_child=2 6 3 5 -5 -1 7 -2 -8 -10 -7 13 -13 -12
right_child=1 -3 -4 4 -6 10 8 -9 9 -11 11 12 -14 -15
leaf_value=-0.014717319746102353 -0.016128307760268489 0.013468835408009095 -0.026632185817329734 0.015067945198197831 -0.00035698573463639613 -0.012641570902125374 0.00064806668427017382 0.0037737865005028101 0.017062411537057266 0.029068348084466705 0.010829005078653975 0.035836997350145644 -0.0079546344399737314 -0.011763012225065298
leaf_weight=59 45 51 62 81 666 70 78 289 106 41 50 49 42 264
leaf_count=59 45 51 62 81 666 70 78 289 106 41 50 49 42 264
internal_value=0.000179211 0.00639344 -0.00264334 -0.00167838 0.00100402 -0.00543071 0.00420394 0.000299401 0.01 0.0153061 -0.00368421 -0.00185185 0.00934066 -0.00509554
internal_weight=1953 610 1343 1281 747 534 559 334 225 147 475 405 91 314
internal_count=1953 610 1343 1281 747 534 559 334 225 147 475 405 91 314
is_linear=0
shrinkage=0.05


Tree=30
num_leaves=15
num_cat=0
split_feature=1 0 0 0 3 4 3 0 2 2 4 2 2 0
split_gain=13.1649 11.1357 10.1812 5.00023 4.87386 6.18505 4.60721 4.59348 4.52919 4.36045 3.63184 3.25346 3.98919 9.4661
threshold=0.59055600833485278 19.460000000000004 30.115500000000004 4.0520000000000005 70.073000000000008 6.4960000000000013 98.944000000000003 10.422000000000002 -0.97606926651088199 -0.19851654827941614 9.850500000000002 0.90906259831586944 0.58534685349953219 13.894000000000002
decision_type=2 2 2 2 2 2 2 2 2 2 2 2 2 2
left_child=2 6 3 -1 5 -5 7 -2 -6 -8 -9 12 13 -10
right_child=1 -3 -4 4 8 -7 9 10 11 -11 -12 -13 -14 -15
leaf_value=-0.023139921335925663 -0.0098393290139381362 0.012795393637608638 -0.02530057652646325 -0.014117867578566154 0.014315834918526433 -0.0029308072255779445 0.0006156633500566639 -0.012922683903620245 0.038893260900222409 0.023704658438477182 0.0079568892373968209 0.0088446023832267299 -0.0054893625137229334 -0.0012012416425112304
leaf_weight=78 93 51 62 52 76 444 78 46 44 147 195 131 121 335
leaf_count=78 93 51 62 52 76 444 78 46 44 147 195 131 121 335
internal_value=-2.56016e-05 0.00606557 -0.00279226 -0.0018345 -0.00103907 -0.00483871 0.00402504 0.000299401 0.00162659 0.00955556 0.00394191 0.000237718 -0.0016 0.000923483
internal_weight=1953 610 1343 1281 1203 496 559 334 707 225 241 631 500 379
internal_count=1953 610 1343 1281 1203 496 559 334 707 225 241 631 500 379
is_linear=0
shrinkage=0.05


Tree=31
num_leaves=15
num_cat=0
split_feature=1 0 0 2 0 4 0 3 1 2 3 2 4 1
split_gain=12.7384 13.683 7.78972 6.61296 8.35806 7.17935 7.56303 6.69588 5.44484 7.59804 5.40844 5.92382 3.88651 3.76597
threshold=0.56246696819246 19.460000000000004 26.453500000000002 -0.7324940716135786 18.670500000000004 23.378500000000003 10.758500000000002 5.0015000000000009 0.017189842955271029 -0.89611523788151459 98.708500000000015 -0.96801877525786306 25.961000000000002 -0.79356426026969629
decision_type=2 2 2 2 2 2 2 2 2 2 2 2 2 2
left_child=2 12 3 4 -1 7 -7 13 9 -4 11 -6 -2 -5
right_child=1 -3 8 5 10 6 -8 -9 -10 -11 -12 -13 -14 -15
leaf_value=0.041687958844888018 0.003203142058324867 0.01329770086406888 -0.042398554038534875 -0.0028401445811877704 -0.004984663928839856 0.034565716687058969 -0.0010833487152549831 -0.0021846381321263954 0.0010665066183989213 -0.01775638051502576 -0.011411905411716959 0.01250630349429116 0.018591311943770891 -0.028958838058962849
leaf_weight=63 533 55 51 49 63 46 71 581 41 83 69 130 44 74
leaf_count=63 533 55 51 49 63 46 71 581 41 83 69 130 44 74
internal_value=0.000332821 0.00617089 -0.00246026 -0.00095986 0.00507692 -0.00334957 0.00811966 -0.00525568 -0.0122857 -0.0171642 0.00114504 0.00544041 0.00389948 -0.0158537
internal_weight=1953 632 1321 1146 325 821 117 704 175 134 262 193 577 123
internal_count=1953 632 1321 1146 325 821 117 704 175 134 262 193 577 123
is_linear=0
shrinkage=0.05


Tree=32
num_leaves=15
num_cat=0
split_feature=1 0 0 3 4 3 3 0 3 2 2 2 3 2
split_gain=10.5229 7.98227 6.16338 5.96458 6.78805 4.63731 9.14152 4.5675 4.37466 5.3143 3.86445 4.34515 4.5879 4.1097
threshold=0.59055600833485278 19.460000000000004 30.115500000000004 35.501500000000007 14.123500000000002 67.301000000000016 84.71250000000002 13.988000000000001 70.073000000000008 -0.97218766834954651 -0.97218766834954651 -0.7324940716135786 0.013500000000000003 -0.31473592273745027
decision_type=2 2 2 2 2 2 2 2 2 2 2 2 2 2
left_child=2 3 8 4 -2 -5 -7 -6 10 -10 -1 -12 -13 -14
right_child=1 -3 -4 5 7 6 -8 -9 9 -11 11 12 13 -15
leaf_value=-0.010848573152610784 -0.012214886367895961 0.011490738912524763 -0.022531674336301068 0.016422581219266 -0.0013118586736852657 -0.01459309542868442 0.013092014699564881 0.019296703917302406 0.011514358250117219 -0.00038463324628774839 0.0080587181402829774 -0.022942035426755859 -0.020362206992497064 -0.0020728523711699533
leaf_weight=58 66 51 62 49 42 40 318 44 81 666 129 48 54 245
leaf_count=58 66 51 62 49 42 40 318 44 81 666 129 48 54 245
internal_value=0.000128008 0.00557377 -0.0023455 0.00384615 -0.00460526 0.00700246 0.00502793 0.00465116 -0.00160031 0.000870147 -0.00505618 -0.00357143 -0.00648415 -0.0041806
internal_weight=1953 610 1343 559 152 407 358 86 1281 747 534 476 347 299
internal_count=1953 610 1343 559 152 407 358 86 1281 747 534 476 347 299
is_linear=0
shrinkage=0.05


Tree=33
num_leaves=15
num_cat=0
split_feature=1 0 0 3 0 2 0 3 1 0 0 4 4 0
split_gain=10.762 7.84466 6.22314 4.60721 5.98802 4.36045 4.24093 4.28932 4.76139 5.02408 6.35346 4.91721 4.26021 3.78635
threshold=0.59055600833485278 19.460000000000004 30.115500000000004 98.944000000000003 8.2215000000000007 -0.19851654827941614 4.0520000000000005 86.303000000000011 -0.40542197401079716 23.051500000000001 11.598000000000001 16.810500000000001 6.8470000000000004 9.6455000000000002
decision_type=2 2 2 2 2 2 2 2 2 2 2 2 2 2
left_child=2 3 6 4 -2 -5 -1 12 -9 10 13 -12 -8 -10
right_child=1 -3 -4 5 -6 -7 7 8 9 -11 11 -13 -14 -15
leaf_value=-0.021142901223915708 -0.01540595604302788 0.010916201966898527 -0.021405090619486013 -0.00022987765534065731 0.0027458918442727202 0.021704667678658834 -0.012714432640193516 -0.0018126641099671795 0.0073215358632479372 -0.015506375516671795 0.03468261901399864 0.0084757713621425312 -0.0017472630727858403 -0.0078486060649884011
leaf_weight=78 45 51 62 78 289 147 72 320 94 46 68 55 505 43
leaf_count=78 45 51 62 78 289 147 72 320 94 46 68 55 505 43
internal_value=0.000230415 0.0057377 -0.00227103 0.00402504 0.000299401 0.00955556 -0.00152225 -0.000789692 0.00207668 0.00653595 0.00923077 0.0174797 -0.00389948 0.00182482
internal_weight=1953 610 1343 559 334 225 1281 1203 626 306 260 123 577 137
internal_count=1953 610 1343 559 334 225 1281 1203 626 306 260 123 577 137
is_linear=0
shrinkage=0.05


Tree=34
num_leaves=15
num_cat=0
split_feature=1 0 0 4 3 0 4 1 0 3 1 0 1 0
split_gain=10.5229 7.05802 6.16338 4.21664 4.28583 6.06561 4.40941 4.20789 4.18253 4.06308 4.41133 5.02485 8.01536 5.32371
threshold=0.59055600833485278 20.408500000000004 30.115500000000004 24.635500000000004 86.745500000000007 15.449000000000002 15.539500000000002 0.92913280730858816 4.0520000000000005 86.303000000000011 -0.40542197401079716 21.625000000000004 0.047250493887438572 11.598000000000001
decision_type=2 2 2 2 2 2 2 2 2 2 2 2 2 2
left_child=2 3 8 4 5 6 -2 -7 -1 -10 -11 12 13 -12
right_child=1 -3 -4 -5 -6 7 -8 -9 9 10 11 -13 -14 -15
leaf_value=-0.020085756162719921 -0.0024904861477670487 0.010370391868553597 -0.02033483608851171 0.015733550833467853 0.010369598611733111 -0.00021917369547766604 -0.014635658240876488 0.02198284347573012 -0.0026067030723276098 -0.0017220309044688208 0.0091080796486369808 -0.006243439895463109 0.00058124707928408354 0.035340184477034235
leaf_weight=78 84 41 62 60 278 46 61 40 577 320 60 64 136 46
leaf_count=78 84 41 62 60 278 46 61 40 577 320 60 64 136 46
internal_value=0.000128008 0.00557377 -0.0023455 0.00413005 0.00265226 -0.00238095 -0.00862069 0.00813953 -0.00160031 -0.000872818 0.00191693 0.00620915 0.00950413 0.0198113
internal_weight=1953 610 1343 569 509 231 145 86 1281 1203 626 306 242 106
internal_count=1953 610 1343 569 509 231 145 86 1281 1203 626 306 242 106
is_linear=0
shrinkage=0.05


Tree=35
num_leaves=15
num_cat=0
split_feature=1 0 3 0 1 2 0 2 4 3 2 3 0 2
split_gain=8.49309 5.85754 5.4679 6.97913 16.3481 7.41026 4.16509 9.56447 6.11453 6.1345 4.72527 4.06617 5.86193 3.56139
threshold=0.59055600833485278 20.408500000000004 5.0015000000000009 8.854000000000001 0.098678873477280007 -0.61626377254255749 15.830500000000002 0.35923451902495462 9.850500000000002 37.978500000000004 0.88637546977843906 98.944000000000003 8.2215000000000007 0.14347198451036616
decision_type=2 2 2 2 2 2 2 2 2 2 2 2 2 2
left_child=2 11 3 -1 5 -5 7 -4 -9 -10 -11 12 -2 -14
right_child=1 -3 6 4 -6 -7 -8 8 9 10 -12 -13 13 -15
leaf_value=-0.022098452112100431 -0.013903875328832664 0.0098518722751259179 0.021623539143615946 -0.018588071444581147 0.035178115956615089 -0.0012536245417713893 -0.0025373804266893788 -0.015237729372001877 0.016660409521909971 -0.0028071300606408466 0.00585084131503966 0.014673234037806227 -0.00030891381703363477 0.010847350408233607
leaf_weight=55 45 41 82 78 46 78 577 85 51 139 152 228 204 92
leaf_count=55 45 41 82 78 46 78 577 85 51 139 152 228 204 92
internal_value=2.56016e-05 0.00491803 -0.00219657 -0.00875486 -0.00445545 -0.0121795 -0.000644567 0.00265226 -0.000351288 0.00263158 -0.000171821 0.00360281 0.000146628 0.0027027
internal_weight=1953 610 1343 257 202 156 1086 509 427 342 291 569 341 296
internal_count=1953 610 1343 257 202 156 1086 509 427 342 291 569 341 296
is_linear=0
shrinkage=0.05


Tree=36
num_leaves=15
num_cat=0
split_feature=1 0 0 1 2 3 4 3 2 2 3 3 2 3
split_gain=8.28081 4.99321 4.48833 4.04121 4.62562 3.75968 3.58202 3.42928 4.13741 4.08045 3.2449 5.22463 3.55647 3.21291
threshold=0.59055600833485278 30.115500000000004 20.408500000000004 0.73465119469809237 -0.5488429582847193 99.818500000000014 15.539500000000002 86.303000000000011 -0.97606926651088199 0.99276848381014016 97.69250000000001 99.631500000000017 0.15855938510313469 78.132500000000007
decision_type=2 2 2 2 2 2 2 2 2 2 2 2 2 2
left_child=1 7 3 -2 -5 13 -7 -1 -9 10 12 -12 -10 -6
right_child=2 -3 -4 4 5 6 -8 8 9 -11 11 -13 -14 -15
leaf_value=-0.0026667735576088045 0.014851493993625509 -0.018822051884427315 0.0093592786613696192 -0.017606843578314376 0.0020358940817482131 0.00089951627970640273 0.019279147306830557 0.01160287748093404 0.010585039675984263 0.014282107058956661 -0.016471138546063337 -0.00051220207779140506 -0.0047693395653622371 -0.0073727779509336899
leaf_weight=621 111 62 41 42 169 70 76 67 79 40 61 360 53 101
leaf_count=621 111 62 41 42 169 70 76 67 79 40 61 360 53 101
internal_value=-7.68049e-05 -0.00227103 0.0047541 0.00360281 0.00152838 0.003125 0.00958904 -0.00160031 0.000909091 -0.000421585 -0.00153707 -0.00368171 0.00530303 -0.00037037
internal_weight=1953 1343 610 569 458 416 146 1281 660 593 553 421 132 270
internal_count=1953 1343 610 569 458 416 146 1281 660 593 553 421 132 270
is_linear=0
shrinkage=0.05


Tree=37
num_leaves=15
num_cat=0
split_feature=1 0 0 1 1 3 2 2 2 3 3 2 1 0
split_gain=7.55968 5.1011 4.58091 4.20887 5.14513 3.40789 4.40575 4.229 3.67421 3.84163 3.50757 3.36787 3.63571 7.41783
threshold=0.59055600833485278 30.115500000000004 20.408500000000004 0.73465119469809237 0.90149333598846393 70.073000000000008 -0.96356381914947564 -0.97218766834954651 -0.7324940716135786 0.013500000000000003 18.278000000000002 -0.31473592273745027 -0.33302288323571977 12.767000000000001
decision_type=2 2 2 2 2 2 2 2 2 2 2 2 2 2
left_child=1 5 3 -2 -5 7 -7 -1 10 -10 -9 -11 13 -13
right_child=2 -3 -4 4 -6 6 -8 8 9 11 -12 12 -14 -15
leaf_value=-0.0090257039376150684 0.014108919293944235 -0.01788094929020595 0.0088913147283011373 -0.0066239999733550608 0.0044870911500701025 0.011219639975484636 -0.00017175545260122993 0.011429969237831936 -0.02094785427062314 -0.018866190636401631 -0.0018661225185742068 0.011875278893254491 -0.013635516646556323 -0.0025334348797283641
leaf_weight=58 111 62 41 171 287 90 657 77 48 54 52 54 86 105
leaf_count=58 111 62 41 171 287 90 657 77 48 54 52 54 86 105
internal_value=-2.56016e-05 -0.00212211 0.00459016 0.00342707 0.00131004 -0.00144418 0.000736278 -0.00449438 -0.00294118 -0.0056196 0.00426357 -0.00351171 -0.00102041 0.00345912
internal_weight=1953 1343 610 569 458 1281 747 534 476 347 129 299 245 159
internal_count=1953 1343 610 569 458 1281 747 534 476 347 129 299 245 159
is_linear=0
shrinkage=0.05


Tree=38
num_leaves=15
num_cat=0
split_feature=1 3 0 1 2 0 1 4 1 0 2 3 3 3
split_gain=7.59354 4.58187 6.09011 15.736 6.5641 4.48833 4.04121 3.83292 4.1266 3.51997 5.37637 3.29866 3.08866 2.69942
threshold=0.59055600833485278 5.0015000000000009 8.854000000000001 0.098678873477280007 -0.61626377254255749 20.408500000000004 0.73465119469809237 24.203500000000002 0.90149333598846393 21.732000000000003 -0.91084115863148152 97.69250000000001 99.818500000000014 14.345500000000001
decision_type=2 2 2 2 2 2 2 2 2 2 2 2 2 2
left_child=1 2 -1 4 -4 6 -2 8 -8 10 -3 -11 -10 -12
right_child=5 9 3 -5 -6 -7 7 -9 12 11 13 -13 -14 -15
leaf_value=-0.020178414996287156 0.013403473329247021 0.020852542836374111 -0.017004123576548163 0.033520784800022789 -6.2253514126761619e-05 0.0084467489918860772 -0.010066654863053463 0.0099464675539024557 7.0112626030980482e-05 -0.0004213808462875085 0.014429008620293893 -0.015638993846130111 0.013950691482070227 -0.00065866048690437287
leaf_weight=55 111 91 78 46 78 41 156 46 170 202 51 99 86 643
leaf_count=55 111 91 78 46 78 41 156 46 170 202 51 99 86 643
internal_value=0.000128008 -0.00197319 -0.00797665 -0.0039604 -0.0115385 0.0047541 0.00360281 0.00152838 0 -0.000552486 0.00121019 -0.0051495 0.00390625 -0.000288184
internal_weight=1953 1343 257 202 156 610 569 458 412 1086 785 301 256 694
internal_count=1953 1343 257 202 156 610 569 458 412 1086 785 301 256 694
is_linear=0
shrinkage=0.05


Tree=39
num_leaves=15
num_cat=0
split_feature=1 0 1 0 4 0 3 1 0 0 2 0 3 4
split_gain=7.06489 4.58091 4.20887 4.13921 3.95617 4.1603 4.97663 4.14507 3.69549 3.0536 3.60311 2.94448 2.95173 4.58744
threshold=0.59055600833485278 20.408500000000004 0.73465119469809237 30.115500000000004 24.203500000000002 16.811500000000006 32.238500000000009 0.90149333598846393 12.880000000000001 9.5240000000000027 -0.13301470653419609 3.9720000000000004 86.303000000000011 6.4960000000000013
decision_type=2 2 2 2 2 2 2 2 2 2 2 2 2 2
left_child=3 2 -2 11 5 6 8 -8 -4 -9 -11 -1 13 -13
right_child=1 -3 4 -5 -6 -7 7 9 -10 10 -12 12 -14 -15
leaf_value=-0.016946518357275384 0.012733299662784671 0.0080244115422917761 -0.0096153160779522805 -0.016777781249083835 0.0094491441762073313 -0.0077762526050633198 -0.0021544557703083085 -0.0031728870131722989 0.00033595836288305149 0.0044660313236312048 0.023276208462428179 -0.012345252923349754 0.0012649893581065054 -0.0012797676235746097
leaf_weight=72 111 41 42 62 46 61 101 41 51 48 68 62 629 518
leaf_count=72 111 41 42 62 46 61 101 41 51 48 68 62 629 518
internal_value=0.000128008 0.00459016 0.00342707 -0.00189873 0.00131004 -0.000242718 0.00185185 0.00542636 -0.00806452 0.0105096 0.0146552 -0.00128806 -0.00070306 -0.00327586
internal_weight=1953 610 569 1343 458 412 351 258 93 157 116 1281 1209 580
internal_count=1953 610 569 1343 458 412 351 258 93 157 116 1281 1209 580
is_linear=0
shrinkage=0.05


Tree=40
num_leaves=15
num_cat=0
split_feature=4 2 0 0 1 3 0 1 0 2 1 0 3 4
split_gain=5.63772 6.29843 12.8618 11.6721 6.97062 5.45126 4.77204 3.99046 3.86543 4.04762 3.7203 4.06017 5.09009 4.79174
threshold=15.160000000000002 0.4068650353019454 12.767000000000001 18.670500000000004 0.77952989095276826 0.49650000000000005 23.967000000000002 -0.52707282776374176 20.200500000000002 -0.51479280150983053 -0.94697898371965694 7.8485000000000005 5.6795000000000009 16.810500000000001
decision_type=2 2 2 2 2 2 2 2 2 2 2 2 2 2
left_child=1 3 7 4 -1 -5 10 -3 -7 -10 -2 -12 -13 -14
right_child=6 2 -4 5 -6 8 -8 -9 9 -11 11 12 13 -15
leaf_value=0.021525649842422397 -0.0073834242519156493 0.010904247975246946 -0.074304464109255466 0.011709916949411923 0.00043077903271528941 -0.0073427845437829655 -0.016089929016542028 -0.01005092177353697 -0.0080179747563596197 0.0060348557138646926 -0.001425621623949723 0.011072527168858391 0.014098458507066512 0.0016164407727454228
leaf_weight=140 70 42 40 42 155 58 76 236 270 70 134 74 80 466
leaf_count=140 70 42 40 42 155 58 76 236 270 70 134 74 80 466
internal_value=-0.000128008 -0.00261159 -0.00849057 -6.80272e-05 0.00762712 -0.00522727 0.00277778 -0.00467626 -0.00703518 -0.005 0.0038835 0.00490716 0.0066129 0.00494505
internal_weight=1953 1053 318 735 295 440 900 278 398 340 824 754 620 546
internal_count=1953 1053 318 735 295 440 900 278 398 340 824 754 620 546
is_linear=0
shrinkage=0.05


Tree=41
num_leaves=15
num_cat=0
split_feature=1 4 0 2 3 3 0 2 0 4 4 2 0 0
split_gain=4.6545 4.25252 5.85553 6.79019 4.578 4.42752 3.61139 6.31951 3.23385 3.11548 2.84706 2.51749 4.14698 2.65525
threshold=0.59055600833485278 14.268500000000001 16.005500000000005 0.60605034090854637 86.745500000000007 35.501500000000007 13.036000000000001 0.32694223331140743 29.453500000000002 10.012500000000001 18.144500000000004 0.99276848381014016 3.9720000000000004 5.8645000000000005
decision_type=2 2 2 2 2 2 2 2 2 2 2 2 2 2
left_child=8 5 3 4 -3 -2 7 -7 11 -8 -6 12 -1 -14
right_child=1 2 -4 -5 10 6 9 -9 -10 -11 -12 -13 13 -15
leaf_value=-0.023120264165992593 -0.0074546643915320027 -0.0081112217187547797 0.023331234068817409 0.019404277446038738 -0.0098252304537711811 0.023385172617287266 -0.0076839997034039084 -0.013969677577010942 -0.016868302710616189 0.0018919847493753833 0.01342828603282975 0.010943017891409893 0.0057053558574230098 -0.00076294915034326449
leaf_weight=57 82 92 83 45 40 40 46 46 76 51 85 67 48 1095
leaf_count=57 82 92 83 45 40 40 46 46 76 51 85 67 48 1095
internal_value=-0.000179211 0.00344262 0.00710145 0.00343511 -0.000230415 -0.00132075 0.00300546 0.0104651 -0.00182427 -0.00360825 0.006 -0.00122336 -0.00175 -0.00109361
internal_weight=1953 610 345 262 217 265 183 86 1343 97 125 1267 1200 1143
internal_count=1953 610 345 262 217 265 183 86 1343 97 125 1267 1200 1143
is_linear=0
shrinkage=0.05


Tree=42
num_leaves=15
num_cat=0
split_feature=4 2 3 1 0 3 3 4 0 2 3 1 3 4
split_gain=4.81267 6.50928 6.7368 4.31225 6.35185 8 5.4236 5.23027 5.39831 8.51504 9.21253 4.95473 4.84116 8.72379
threshold=25.710000000000004 0.14347198451036616 99.998500000000021 -0.10738035228456493 6.8090000000000002 10.064000000000002 5.0015000000000009 20.898500000000002 14.410500000000001 0.61287127154566789 74.555500000000009 -0.40542197401079716 9.5485000000000024 17.049000000000003
decision_type=2 2 2 2 2 2 2 2 2 2 2 2 2 2
left_child=3 -2 -3 6 5 -5 -1 8 9 -8 -11 -12 13 -6
right_child=1 2 -4 4 12 -7 7 -9 -10 10 11 -13 -14 -15
leaf_value=-0.013719483255916903 -0.0021183269467452887 0.025366272613272858 0.0046286245473460665 -0.032657374499469316 0.0025690359713333014 0.00026140891859561811 0.037800703388047613 -0.0063890784156920462 -0.004611549050628919 0.0079796770362564398 -0.0072795982507275177 0.0031056334268903365 0.00075758571333445495 0.020285695799757447
leaf_weight=148 51 40 41 48 138 96 43 98 380 44 57 43 676 50
leaf_count=148 51 40 41 48 138 96 43 98 380 44 57 43 676 50
internal_value=-0.000128008 0.00909091 0.0179012 -0.000796266 0.00138889 -0.00833333 -0.00350554 -0.00157895 0.00026455 0.00721925 0.00138889 -0.007 0.00300926 0.0101064
internal_weight=1953 132 81 1821 1008 144 813 665 567 187 144 100 864 188
internal_count=1953 132 81 1821 1008 144 813 665 567 187 144 100 864 188
is_linear=0
shrinkage=0.05


Tree=43
num_leaves=15
num_cat=0
split_feature=4 2 0 0 2 3 1 0 3 3 0 2 4 1
split_gain=3.5291 5.52336 13.7936 9.5156 6.44584 4.88808 3.54955 4.20364 6.04111 5.38903 3.41349 3.70255 3.79475 3.40699
threshold=15.160000000000002 0.4068650353019454 12.767000000000001 18.670500000000004 -0.64297064596386244 0.49650000000000005 -0.52707282776374176 8.0390000000000033 99.998500000000021 5.6795000000000009 20.200500000000002 -0.65604102973502731 10.414000000000001 -0.52707282776374176
decision_type=2 2 2 2 2 2 2 2 2 2 2 2 2 2
left_child=1 3 13 4 -1 -5 -2 8 -8 -9 -7 -12 -13 -3
right_child=6 2 -4 5 -6 10 7 9 -10 -11 11 12 -14 -15
leaf_value=0.037043244344279733 -0.0010972632114790006 0.010357269852939761 -0.070338134720966422 0.011441329741573079 0.0053627993465023855 -0.0066738558946145736 -0.0098854668286517105 0.011910308684116445 0.013458874825434598 0.003098379864675216 -0.0088639920335929889 0.017042478966518945 -0.0039199151384210571 -0.0095411976491889972
leaf_weight=55 264 42 40 42 240 58 67 71 55 443 242 54 44 236
leaf_count=55 264 42 40 42 240 58 67 71 55 443 242 54 44 236
internal_value=-7.68049e-05 -0.00204179 -0.00754717 0.000340136 0.00728814 -0.00431818 0.00222222 0.00424528 -0.00409836 0.00622568 -0.00603015 -0.00411765 0.00408163 -0.00359712
internal_weight=1953 1053 318 735 295 440 900 636 122 514 398 340 98 278
internal_count=1953 1053 318 735 295 440 900 636 122 514 398 340 98 278
is_linear=0
shrinkage=0.05


Tree=44
num_leaves=15
num_cat=0
split_feature=0 0 3 1 2 0 3 0 0 1 4 3 2 0
split_gain=4.41662 3.57262 6.88302 4.18499 5.78002 5.55237 4.19868 3.57057 7.96706 3.22436 3.46757 3.96157 4.53298 9.77393
threshold=29.453500000000002 6.5870000000000006 10.064000000000002 -0.67760851415498091 0.58534685349953219 13.764000000000001 1.0000000180025095e-35 3.9720000000000004 5.5995000000000008 -0.56602321513293041 15.160000000000002 94.290500000000023 0.29426351849031901 16.543000000000003
decision_type=2 2 2 2 2 2 2 2 2 2 2 2 2 2
left_child=1 2 -1 4 5 -3 -5 -4 -9 -8 11 -11 13 -13
right_child=-2 3 7 6 -6 -7 9 8 -10 10 -12 12 -14 -15
leaf_value=-0.022876136543185391 -0.015737543806165533 0.019716971204240763 -0.011105101781488614 0.011291667971858389 -0.014404650181557253 -0.0020824431257988941 0.0080951835244994774 0.028511845173369368 -0.010726267819851124 -0.0032452998432993766 0.0034481806582543741 0.022442248484061924 -0.012316356171686169 -0.00049492497362542756
leaf_weight=60 76 51 51 61 56 359 53 45 56 309 537 69 70 100
leaf_count=60 76 51 51 61 56 359 53 45 56 309 537 69 70 100
internal_value=-2.56016e-05 0.00045285 -0.00566038 0.00123123 -0.0027897 -0.000731707 0.00279399 0 0.00544554 0.00210896 0.00152074 -0.00127737 0.00355649 0.00798817
internal_weight=1953 1877 212 1665 466 410 1199 152 101 1138 1085 548 239 169
internal_count=1953 1877 212 1665 466 410 1199 152 101 1138 1085 548 239 169
is_linear=0
shrinkage=0.05


Tree=45
num_leaves=15
num_cat=0
split_feature=1 0 3 3 0 1 2 2 0 0 4 3 3 0
split_gain=3.98982 5.05058 6.05471 5.33333 4.76031 4.0517 5.52312 6.33512 2.66667 2.62457 6.1435 3.50816 5.60417 4.5272
threshold=-0.10738035228456493 6.8090000000000002 1.0000000180025095e-35 10.064000000000002 28.926000000000005 1.0000000180025095e-35 0.80444483470750872 0.6263638349297701 5.5995000000000008 20.408500000000004 15.411000000000003 85.725500000000011 66.684500000000014 16.896000000000004
decision_type=2 2 2 2 2 2 2 2 2 2 2 2 2 2
left_child=4 3 -3 -2 -1 -4 7 9 -5 11 -11 12 -7 -13
right_child=1 2 5 8 -6 6 -8 -9 -10 10 -12 13 -14 -15
leaf_value=-0.0009348496808367666 -0.026017520140578176 0.012176573700261491 0.019224332947010706 0.014301647999335022 -0.02318280173001146 -0.00052831264067482598 -0.0050623625054233021 0.022672894985749415 -0.015012299518454526 0.00072936243252669794 0.025794143263010563 0.01092656902834311 -0.012947511280655489 -0.002606356867238513
leaf_weight=814 50 45 55 60 57 178 84 50 40 127 47 235 42 69
leaf_count=814 50 45 55 60 57 178 84 50 40 127 47 235 42 69
internal_value=-0.000179211 0.00184843 0.00321888 -0.00666667 -0.00269805 0.00231116 0.00144231 0.00280749 0 0.00157593 0.00689655 -0.00019084 -0.005 0.00328947
internal_weight=1953 1082 932 150 871 887 832 748 100 698 174 524 220 304
internal_count=1953 1082 932 150 871 887 832 748 100 698 174 524 220 304
is_linear=0
shrinkage=0.05


Tree=46
num_leaves=15
num_cat=0
split_feature=0 0 1 2 0 1 4 0 4 4 2 3 3 3
split_gain=3.28668 2.73462 2.6752 5.78002 5.55237 4.70866 3.98349 4.9617 3.69435 4.04307 5.66107 2.789 3.78502 8.93435
threshold=29.453500000000002 3.9720000000000004 -0.67760851415498091 0.58534685349953219 13.764000000000001 -0.60434081882701107 7.0170000000000003 16.005500000000005 8.1225000000000023 9.850500000000002 -0.64297064596386244 1.0000000180025095e-35 86.303000000000011 77.733000000000018
decision_type=2 2 2 2 2 2 2 2 2 2 2 2 2 2
left_child=1 -1 3 4 -3 -4 7 -7 -8 10 -10 -11 13 -13
right_child=-2 2 5 -5 -6 6 8 -9 9 11 -12 12 -14 -15
leaf_value=-0.01189398911544931 -0.01379152652935668 0.018777865128070562 0.010877562893119636 -0.013637675188437552 -0.0019315784854671116 0.0018536184739821782 0.012013096470917292 -0.0071719318420935462 0.0010165629764522011 0.010118255888252393 -0.022648709817611953 0.00038349848790732193 0.0059887761252920947 -0.022191399884236462
leaf_weight=76 76 51 41 56 359 64 61 52 45 45 62 362 561 42
leaf_count=76 76 51 41 56 359 64 61 52 45 45 62 362 561 42
internal_value=-0.000332821 7.99148e-05 0.00047196 -0.0027897 -0.000731707 0.00161049 0.00108192 -0.00775862 0.00195246 0.00129812 -0.00794393 0.00227723 0.00170984 -0.0019802
internal_weight=1953 1877 1801 466 410 1335 1294 116 1178 1117 107 1010 965 404
internal_count=1953 1877 1801 466 410 1335 1294 116 1178 1117 107 1010 965 404
is_linear=0
shrinkage=0.05


Tree=47
num_leaves=15
num_cat=0
split_feature=0 4 3 0 2 0 3 3 0 3 3 4 0 1
split_gain=3.18837 2.76438 8.36627 10.4382 4.80925 8.54846 4.78231 5.6721 6.50181 9.0153 5.94478 5.23222 3.37138 3.26797
threshold=29.453500000000002 23.787000000000003 51.808000000000007 12.124500000000001 0.4068650353019454 14.698500000000001 1.0570000000000002 86.303000000000011 16.896000000000004 99.991500000000016 77.223000000000013 17.182000000000002 11.797000000000002 0.77952989095276826
decision_type=2 2 2 2 2 2 2 2 2 2 2 2 2 2
left_child=1 4 -3 -4 6 12 -1 10 11 -10 -8 13 -6 -9
right_child=-2 2 3 -5 5 -7 7 8 9 -11 -12 -13 -14 -15
leaf_value=0.0094386808463344119 -0.013101950202888846 0.0073345818368235728 0.016442220764670942 -0.0068778154237168713 -0.0021775743890016354 -0.035579091098365191 -0.00071804038581310963 0.034718088694502602 0.0077362940310720862 -0.01217064765360661 -0.012835702872320838 0.0011023044530133919 0.006210285011191195 0.015450375047426579
leaf_weight=90 76 41 81 80 469 42 425 68 169 127 45 97 58 85
leaf_count=90 76 41 81 80 469 42 425 68 169 127 45 97 58 85
internal_value=-0.000486431 -7.99148e-05 0.00544554 0.000310559 -0.000746269 -0.00448155 0.00117541 0.00019685 0.003663 -0.00135135 -0.00382979 0.0096 -0.00275142 0.0153595
internal_weight=1953 1877 202 161 1675 569 1106 1016 546 296 470 250 527 153
internal_count=1953 1877 202 161 1675 569 1106 1016 546 296 470 250 527 153
is_linear=0
shrinkage=0.05


Tree=48
num_leaves=15
num_cat=0
split_feature=0 4 3 0 2 0 3 0 1 3 3 0 2 3
split_gain=3.25375 2.66429 7.20134 7.54529 4.6683 6.85533 4.32908 4.57499 7.32469 6.43162 5.37626 3.97438 3.91194 4.11286
threshold=29.453500000000002 23.378500000000003 41.279000000000003 12.124500000000001 0.4068650353019454 14.698500000000001 1.0000000180025095e-35 21.827500000000004 0.064414007683963548 12.018000000000002 98.844500000000011 11.797000000000002 -0.77547391234167817 99.373500000000021
decision_type=2 2 2 2 2 2 2 2 2 2 2 2 2 2
left_child=1 4 -3 -4 6 11 -1 12 9 -9 -11 -6 -8 -14
right_child=-2 2 3 -5 5 -7 7 8 -10 10 -12 -13 13 -15
leaf_value=0.0091404090515230518 -0.012446852692744405 0.0077941366535329267 0.015170109559544388 -0.0029762394261145606 -0.0022634499241781405 -0.033800136543446935 0.016465946090251187 -0.024299190256979339 0.0065326162626118765 0.00075358721408096965 -0.027974350789272257 0.006088444193288369 -0.00077878076237704286 0.0081346555535458994
leaf_weight=59 76 42 92 89 460 42 161 60 104 111 62 57 330 208
leaf_count=59 76 42 92 89 460 42 161 60 104 111 62 57 330 208
internal_value=-0.000384025 2.66383e-05 0.00515695 0.000828729 -0.000665054 -0.00438283 0.00123288 0.000482625 -0.00430267 -0.00922747 -0.00433526 -0.00280464 0.0027897 0.000743494
internal_weight=1953 1877 223 181 1654 559 1095 1036 337 233 173 517 699 538
internal_count=1953 1877 223 181 1654 559 1095 1036 337 233 173 517 699 538
is_linear=0
shrinkage=0.05


Tree=49
num_leaves=15
num_cat=0
split_feature=4 3 0 4 1 2 0 3 0 0 3 3 2 1
split_gain=2.46868 6.10098 7.22665 2.68812 6.8 2.58835 4.99238 4.98925 4.64095 4.37553 8.19568 4.02694 4.75788 4.024
threshold=23.378500000000003 41.279000000000003 10.913500000000001 21.627500000000001 0.14984488681196825 0.43802537080760273 13.547500000000001 1.0570000000000002 11.169000000000002 16.896000000000004 99.979500000000016 99.991500000000016 -0.69637622559687218 0.11577009971046097
decision_type=2 2 2 2 2 2 2 2 2 2 2 2 2 2
left_child=3 -2 -3 5 -5 7 8 13 -7 10 -9 -11 -13 -1
right_child=1 2 -4 4 -6 6 -8 9 -10 11 -12 12 -14 -15
leaf_value=0.00040991610479541586 0.007404429820856282 0.021200157860294645 -0.0024909300857397982 -0.0078406822727520083 0.0016312030167896935 -0.0041213960350047849 -0.039899738476194768 -0.00069207691173398401 0.0059113885346864792 -0.00027870252663692865 0.016913248095461415 -0.0039036731464020995 -0.01992017206056293 0.018977256526712297
leaf_weight=57 42 70 111 45 40 396 46 227 63 550 137 74 54 41
leaf_count=57 42 70 111 45 40 396 46 227 63 550 137 74 54 41
internal_value=-0.000691244 0.00426009 0.000276243 -0.00132948 -0.01 -0.000881459 -0.00386139 0.000438596 -0.00228758 -0.000575816 0.00384615 -0.00294985 -0.0109375 0.0112245
internal_weight=1953 223 181 1730 85 1645 505 1140 459 1042 364 678 128 98
internal_count=1953 223 181 1730 85 1645 505 1140 459 1042 364 678 128 98
is_linear=0
shrinkage=0.05


Tree=50
num_leaves=15
num_cat=0
split_feature=0 1 3 4 2 3 4 2 3 0 0 3 4 3
split_gain=2.52179 2.21734 3.54193 2.89838 5.27721 3.48526 2.8199 2.44599 6.4961 3.95458 5.25151 3.49656 5.2381 3.95056
threshold=29.453500000000002 0.98009454285431663 29.910500000000003 23.378500000000003 0.61287127154566789 92.19250000000001 21.627500000000001 0.43802537080760273 1.0570000000000002 13.332500000000001 11.169000000000002 5.1890000000000009 10.012500000000001 78.132500000000007
decision_type=2 2 2 2 2 2 2 2 2 2 2 2 2 2
left_child=1 3 -3 6 5 -5 7 8 -1 10 11 12 -9 -13
right_child=-2 2 -4 4 -6 -7 -8 9 -10 -11 -12 13 -14 -15
leaf_value=0.0087624810241324104 -0.01182779039756115 -0.0045755042774596605 0.014746523401646611 0.0024569226033727535 0.0162430050489645 -0.0062605661769383099 -0.0050380373917253739 2.9876785197786859e-05 -8.2118969245521125e-05 -0.033059055982369433 0.0063677947922685932 0.0046802473898917762 -0.022938869919174217 -0.0034681547807836805
leaf_weight=72 76 41 96 56 85 58 76 40 888 51 58 89 44 223
leaf_count=72 76 41 96 56 85 58 76 40 888 51 58 89 44 223
internal_value=-0.000281618 7.99148e-05 0.00620438 -0.000402299 0.00527638 -0.00175439 -0.00113563 -0.000648464 0.000833333 -0.00346535 -0.00198238 -0.0040404 -0.0130952 -0.00160256
internal_weight=1953 1877 137 1740 199 114 1541 1465 960 505 454 396 84 312
internal_count=1953 1877 137 1740 199 114 1541 1465 960 505 454 396 84 312
is_linear=0
shrinkage=0.05


Tree=51
num_leaves=15
num_cat=0
split_feature=2 0 0 0 0 1 1 0 1 0 3 3 3 0
split_gain=2.88049 3.30393 2.42574 2.09432 2.2156 1.45587 4.93868 3.82307 3.58551 3.24525 4.77123 2.90749 2.90147 1.72608
threshold=0.99276848381014016 3.9720000000000004 29.453500000000002 5.3030000000000008 6.5870000000000006 -0.67760851415498091 -0.80392051724781044 14.410500000000001 -0.59402672566899761 23.233500000000003 9.1880000000000006 1.0000000180025095e-35 58.046500000000002 7.4765000000000006
decision_type=2 2 2 2 2 2 2 2 2 2 2 2 2 2
left_child=1 -1 3 -3 -5 6 7 -6 -7 10 -9 -10 -8 -13
right_child=-2 2 -4 4 5 8 12 9 11 -11 -12 13 -14 -15
leaf_value=-0.016433970732919048 0.009371532987859468 0.0066524477300256239 -0.01123640087768309 -0.016307220026079258 0.007332479241234556 0.0079975651265841337 -0.024530086630097356 0.003962140201645886 0.0086511488192674412 0.010287947530099177 -0.011178521049257983 0.019327999714831685 -0.00431283840447235 -0.00017422354568090491
leaf_weight=61 67 50 76 73 67 43 40 51 57 60 183 40 65 1020
leaf_count=61 67 50 76 73 67 43 40 51 57 60 183 40 65 1020
internal_value=-0.000486431 -0.000848356 -0.000465753 -8.57633e-05 -0.000382578 0 -0.00236052 0.000415512 0.000948276 -0.00204082 -0.00470085 0.000402865 -0.0119048 -0.000188679
internal_weight=1953 1886 1825 1749 1699 1626 466 361 1160 294 234 1117 105 1060
internal_count=1953 1886 1825 1749 1699 1626 466 361 1160 294 234 1117 105 1060
is_linear=0
shrinkage=0.05


Tree=52
num_leaves=15
num_cat=0
split_feature=3 0 2 4 4 4 2 4 3 0 0 0 1 1
split_gain=2.71465 7.5106 3.76526 5.17838 4.2849 3.30519 4.31089 4.03232 7.60565 3.04395 4.06349 2.93387 2.58962 3.61105
threshold=99.998500000000021 16.896000000000004 0.24460549819462502 14.594500000000002 15.599500000000001 26.337000000000003 0.96001231037146451 20.160500000000003 96.263500000000008 11.598000000000001 9.5800000000000018 6.8090000000000002 0.82801560613826442 -0.48941038753127697
decision_type=2 2 2 2 2 2 2 2 2 2 2 2 2 2
left_child=5 2 3 -2 -4 6 7 -1 12 10 -6 -8 13 -9
right_child=1 -3 4 -5 9 -7 11 8 -10 -11 -12 -13 -14 -15
leaf_value=-6.920991994355114e-05 0.027923462996837664 -0.0094260655685791013 -0.0071983178967869313 0.0027293858608079496 0.0097578897129058026 0.0056972202590909269 -0.033744920393424825 -0.0059618801944236119 -0.011435657265840924 0.013761194392473941 -0.004543201756590595 -0.0027695262113991968 -0.0032951097829631349 0.019621040092202592
leaf_weight=1064 58 143 105 67 84 62 51 52 40 55 42 40 41 49
leaf_count=1064 58 143 105 67 84 62 51 52 40 55 42 40 41 49
internal_value=-0.000435228 0.00252708 0.00596107 0.0132 0.0027972 -0.00160829 -0.00213164 -0.00136437 -0.00824176 0.00745856 0.0031746 -0.0126374 -0.0028169 0.00148515
internal_weight=1953 554 411 125 286 1399 1337 1246 182 181 126 91 142 101
internal_count=1953 554 411 125 286 1399 1337 1246 182 181 126 91 142 101
is_linear=0
shrinkage=0.05


Tree=53
num_leaves=15
num_cat=0
split_feature=0 0 0 0 1 1 1 4 1 2 0 1 3 2
split_gain=2.37925 2.33456 2.56667 2.47781 1.85654 3.61238 3.42504 2.26412 4.58577 3.4276 3.84227 7.12323 6.5868 7.35449
threshold=29.453500000000002 4.0520000000000005 3.0290000000000004 5.1540000000000008 -0.67760851415498091 -0.80392051724781044 -0.59402672566899761 11.014000000000001 0.83987808009543619 0.99276848381014016 16.005500000000005 0.38118653245548312 86.303000000000011 0.14347198451036616
decision_type=2 2 2 2 2 2 2 2 2 2 2 2 2 2
left_child=1 2 -1 -3 5 -5 -6 8 -8 10 12 -12 13 -9
right_child=-2 3 -4 4 6 -7 7 9 -10 -11 11 -13 -14 -15
leaf_value=0.0019045309328822259 -0.010523803580939756 0.0061377037229272098 -0.019214404236607748 -0.00018651019427334619 0.0076011473662521041 -0.011658406631101088 -0.0047939858729579791 -0.015381468613705885 0.003376323230295325 0.018418610676940846 -0.0017738122991198162 0.013522655170953163 0.0064043645167327122 -0.0010316466999269525
leaf_weight=44 76 40 40 361 45 105 245 66 102 41 196 168 310 114
leaf_count=44 76 40 40 361 45 105 245 66 102 41 196 168 310 114
internal_value=-0.000537634 -0.000186468 -0.00833333 0.000195204 -8.55676e-05 -0.0027897 0.000893551 0.000402576 -0.00302594 0.00173184 0.00105386 0.00494505 -0.00183673 -0.00944444
internal_weight=1953 1877 84 1793 1753 466 1287 1242 347 895 854 364 490 180
internal_count=1953 1877 84 1793 1753 466 1287 1242 347 895 854 364 490 180
is_linear=0
shrinkage=0.05


Tree=54
num_leaves=15
num_cat=0
split_feature=0 4 2 3 4 1 2 3 3 3 2 1 0 1
split_gain=2.40742 1.95376 5.99498 5.66973 3.08298 4.72222 2.41309 5.6832 4.41218 5.6406 6.04444 6.59995 4.19541 3.92046
threshold=29.453500000000002 23.378500000000003 0.61287127154566789 62.846500000000006 21.627500000000001 0.14984488681196825 0.43802537080760273 1.0570000000000002 18.278000000000002 8.0710000000000015 -0.53190322474958196 0.081558489694578698 13.332500000000001 0.098678873477280007
decision_type=2 2 2 2 2 2 2 2 2 2 2 2 2 2
left_child=1 4 3 -3 6 -6 7 -1 9 10 11 -9 13 -8
right_child=-2 2 -4 -5 5 -7 12 8 -10 -11 -12 -13 -14 -15
leaf_value=0.0084617511679491442 -0.0099976134018927645 0.0034884976883227145 0.015346507835793211 -0.0053941874436496118 -0.0068864703712289595 0.001470158137138646 0.0015463835027064567 -0.027115057059716532 0.0016177783219430532 -0.012653726290066414 0.0070366656440515492 0.0038904012707150744 -0.030136237653043338 -0.0084310454864957585
leaf_weight=85 76 41 85 97 45 40 230 41 785 41 68 44 51 224
leaf_count=85 76 41 85 97 45 40 230 41 785 41 68 44 51 224
internal_value=-0.000486431 -0.000133191 0.00426009 -0.00217391 -0.000725514 -0.01 -0.000223072 0.00112782 5.10725e-05 -0.00670103 -0.00228758 -0.0111765 -0.00306931 -0.00154185
internal_weight=1953 1877 223 138 1654 85 1569 1064 979 194 153 85 505 454
internal_count=1953 1877 223 138 1654 85 1569 1064 979 194 153 85 505 454
is_linear=0
shrinkage=0.05


Tree=55
num_leaves=15
num_cat=0
split_feature=0 4 3 0 4 4 1 2 3 0 0 3 3 2
split_gain=2.49295 1.81419 4.86695 7.07615 2.94133 2.45691 3.87516 1.97918 5.6832 4.38527 3.87347 3.76423 4.39997 6.04444
threshold=29.453500000000002 23.378500000000003 58.046500000000002 12.124500000000001 26.515000000000004 21.627500000000001 0.14984488681196825 0.43802537080760273 1.0570000000000002 13.547500000000001 11.169000000000002 18.278000000000002 8.0710000000000015 -0.53190322474958196
decision_type=2 2 2 2 2 2 2 2 2 2 2 2 2 2
left_child=1 5 -3 -4 -5 7 -7 8 -1 10 -9 12 13 -10
right_child=-2 2 3 4 -6 6 -8 9 11 -11 -12 -13 -14 -15
leaf_value=0.0080386636095516883 -0.0094977327317981204 0.0055204020351620302 0.011822440878515734 -0.00010749127723299057 -0.018565794654941167 -0.0065421468526675134 0.001396650230281714 -0.0029719316554317043 -0.0087050681176325095 -0.034010148650206268 0.0058947663899167231 0.001536889405845901 -0.012021039975563095 0.0066848323618489709
leaf_weight=85 76 50 90 43 40 45 40 396 85 46 63 785 41 68
leaf_count=85 76 50 90 43 40 45 40 396 85 46 63 785 41 68
internal_value=-0.000332821 2.66383e-05 0.00426009 0.000289017 -0.010241 -0.000544135 -0.00882353 -9.56023e-05 0.00112782 -0.00267327 -0.00119826 5.10725e-05 -0.00618557 -0.00228758
internal_weight=1953 1877 223 173 83 1654 85 1569 1064 505 459 979 194 153
internal_count=1953 1877 223 173 83 1654 85 1569 1064 505 459 979 194 153
is_linear=0
shrinkage=0.05


Tree=56
num_leaves=15
num_cat=0
split_feature=3 0 2 4 4 4 4 3 2 1 0 0 1 3
split_gain=2.5734 7.2384 4.02262 3.67452 3.34719 3.00877 2.68023 6.87013 3.2503 2.72507 10.5577 7.14119 8.87811 5.69779
threshold=99.998500000000021 16.896000000000004 0.24460549819462502 14.594500000000002 26.337000000000003 15.599500000000001 20.160500000000003 96.263500000000008 0.96001231037146451 0.098678873477280007 24.981000000000005 27.002000000000006 -0.44766156736276203 5.0015000000000009
decision_type=2 2 2 2 2 2 2 2 2 2 2 2 2 2
left_child=4 2 3 -2 6 -4 8 -8 9 11 -11 13 -13 -1
right_child=1 -3 5 -5 -6 -7 7 -9 -10 10 -12 12 -14 -15
leaf_value=-0.014293575661977016 0.026087069197700347 -0.0090238050615836125 -0.0067822679917570339 0.0024445086910917717 0.0047686527477252307 0.0068937317748029303 -0.001185541752847473 -0.011423665657451893 -0.024532370970595369 -7.1062587861690782e-05 0.02211986024114556 -0.0078554230987081929 -0.041824289415510314 0.0026746933779462859
leaf_weight=95 58 143 105 67 62 181 154 44 75 470 55 64 41 339
leaf_count=95 58 143 105 67 62 181 154 44 75 470 55 64 41 339
internal_value=-0.000537634 0.00234657 0.00571776 0.0132 -0.00167977 0.00244755 -0.00220643 -0.00757576 -0.00127305 -0.00056391 0.002 -0.00306122 -0.0147619 -0.000230415
internal_weight=1953 554 411 125 1399 286 1337 198 1139 1064 525 539 105 434
internal_count=1953 554 411 125 1399 286 1337 198 1139 1064 525 539 105 434
is_linear=0
shrinkage=0.05


Tree=57
num_leaves=15
num_cat=0
split_feature=0 2 0 0 0 0 2 3 3 3 3 4 2 4
split_gain=2.49295 1.86069 2.72039 2.92253 1.80175 3.26823 1.99391 1.76061 4.70172 6.15551 4.10778 3.84532 4.50809 3.44474
threshold=29.453500000000002 0.99276848381014016 3.9720000000000004 5.3030000000000008 27.857500000000005 26.575500000000002 -0.99665976668634515 47.907000000000004 86.303000000000011 90.949500000000015 78.132500000000007 8.8155000000000019 0.24460549819462502 23.378500000000003
decision_type=2 2 2 2 2 2 2 2 2 2 2 2 2 2
left_child=1 2 -1 -4 5 6 -5 13 10 -10 -9 12 -11 -8
right_child=-2 -3 3 4 -6 -7 7 8 9 11 -12 -13 -14 -15
leaf_value=-0.011167538559145318 -0.0092961324225383137 0.0086778140134708085 0.0061331771526854598 0.0096310457109751342 0.0042601582669584857 -0.019626931896997015 0.00028018126072677232 -0.00086899678744475906 0.016369052546746293 0.012324451531614034 -0.012555825435800416 -0.0010211573754496013 -0.011419364414762455 0.0051660932293833188
leaf_weight=61 76 67 50 43 49 49 471 152 56 76 59 662 41 41
leaf_count=61 76 67 50 43 49 49 471 152 56 76 59 662 41 41
internal_value=-0.000332821 2.66383e-05 -0.000276243 8.57633e-05 -0.000264862 -0.000545455 -0.000156152 -0.000449294 -0.00162524 5.98802e-05 -0.00829384 -0.00109114 0.00726496 0.00195312
internal_weight=1953 1877 1810 1749 1699 1650 1601 1558 1046 835 211 779 117 512
internal_count=1953 1877 1810 1749 1699 1650 1601 1558 1046 835 211 779 117 512
is_linear=0
shrinkage=0.05


Tree=58
num_leaves=15
num_cat=0
split_feature=0 0 0 3 3 3 4 3 3 0 2 0 4 2
split_gain=2.46427 1.70723 3.45432 1.63657 7.79852 4.65302 2.61723 4.0795 4.99151 3.3464 3.29004 7.71632 4.9321 4.74899
threshold=29.453500000000002 27.857500000000005 26.453500000000002 86.303000000000011 77.733000000000018 90.949500000000015 16.810500000000001 99.998500000000021 99.192000000000021 10.172500000000001 0.34313907657789455 19.292500000000004 9.850500000000002 0.72731766296277522
decision_type=2 2 2 2 2 2 2 2 2 2 2 2 2 2
left_child=1 2 3 4 -1 -5 10 8 -8 -9 11 -7 -12 -14
right_child=-2 -3 -4 5 -6 6 7 9 -10 -11 12 -13 13 -15
leaf_value=2.5971958155096564e-06 -0.0088313258014114 0.0040471503536105629 -0.013692255712274526 0.015550599919408978 -0.011954990487511996 0.0163380640479329 -0.00070220305471105642 0.011253022986591033 -0.0071558691950024044 -0.0011373768990716961 -0.025363076822770714 -0.0013153584365241501 -0.011934259090250497 0.007137764225680388
leaf_weight=746 76 49 56 60 73 187 95 93 60 167 63 113 40 75
leaf_count=746 76 49 56 60 73 187 95 93 60 167 63 113 40 75
internal_value=-0.000384025 -2.66383e-05 -0.000273523 0.000112867 -0.00152625 0.00152151 0.000615901 -0.00228916 -0.00870968 0.00153846 0.00313808 0.00633333 -0.00224719 0.00391304
internal_weight=1953 1877 1828 1772 819 953 893 415 155 260 478 300 178 115
internal_count=1953 1877 1828 1772 819 953 893 415 155 260 478 300 178 115
is_linear=0
shrinkage=0.05


Tree=59
num_leaves=15
num_cat=0
split_feature=0 0 0 1 0 0 2 4 4 4 2 0 4 3
split_gain=2.43576 1.75467 2.45539 2.24034 1.71118 3.39573 1.92078 3.00136 2.35584 2.27766 4.774 5.36777 4.31194 4.21726
threshold=29.453500000000002 4.0520000000000005 5.1540000000000008 0.098678873477280007 27.857500000000005 26.575500000000002 -0.94418750883419933 14.822500000000002 10.012500000000001 15.160000000000002 -0.86350450715563698 24.158000000000005 16.558500000000002 6.9365000000000006
decision_type=2 2 2 2 2 2 2 2 2 2 2 2 2 2
left_child=1 3 -3 -1 5 6 7 8 -4 10 -8 -12 -11 -14
right_child=-2 2 4 -5 -6 -7 9 -9 -10 12 11 -13 13 -15
leaf_value=0.00096775617351626544 -0.0083897595113408292 0.0060785918740531913 0.0019310129363125789 -0.017065073414542345 0.0038447928359300332 -0.017960972516533436 -0.0093100803967075384 -0.0048492808461172675 0.028499233822265914 0.011110586209534779 -0.0018361960877198104 0.0098839395690581231 0.0043301037910492505 -0.00033670831139281173
leaf_weight=41 76 40 44 43 49 49 59 64 53 107 625 46 79 578
leaf_count=41 76 40 44 43 49 49 59 64 53 107 625 46 79 578
internal_value=-0.000435228 -7.99148e-05 0.000250976 -0.00714286 -2.85225e-05 -0.000293427 9.06344e-05 0.0052795 0.0108247 -0.000468541 -0.00246575 -0.00126677 0.00143979 -7.61035e-05
internal_weight=1953 1877 1793 84 1753 1704 1655 161 97 1494 730 671 764 657
internal_count=1953 1877 1793 84 1753 1704 1655 161 97 1494 730 671 764 657
is_linear=0
shrinkage=0.05


Tree=60
num_leaves=15
num_cat=0
split_feature=1 0 2 0 1 4 2 4 2 3 3 1 0 1
split_gain=2.01757 2.84045 3.634 4.00638 7.9244 5.25006 3.31726 4.10709 2.87971 2.49823 2.36193 2.96976 2.26249 9.81073
threshold=-0.10738035228456493 12.577000000000002 0.4068650353019454 20.712000000000003 -0.94130860066615807 10.856500000000002 -0.33100558041451072 17.517000000000003 0.9624112700309283 3.3395000000000006 75.408500000000018 -0.7266007961912001 22.466000000000005 0.20061247795988868
decision_type=2 2 2 2 2 2 2 2 2 2 2 2 2 2
left_child=1 8 3 4 5 -3 7 9 10 -5 -1 -12 -2 -14
right_child=12 2 -4 6 -6 -7 -8 -9 -10 -11 11 -13 13 -15
leaf_value=0.0055264487966746765 7.9182330799896375e-05 0.0081362955149046675 -0.012977294673388663 0.0014521427934598874 0.014212339538381328 -0.023402154900759212 0.011804391394446279 -0.020667983278483223 -0.0095667234369044701 -0.015228230692216172 0.022805340197176949 -0.0014341526987028967 -0.0043332779350022336 0.013224450114994242
leaf_weight=67 938 43 73 43 76 101 46 54 44 193 40 91 62 82
leaf_count=67 938 43 73 43 76 101 46 54 44 193 40 91 62 82
internal_value=-0.000332821 -0.002124 -0.00389507 -0.00251799 0.00272727 -0.00416667 -0.00595238 -0.00793103 0.00247934 -0.00508475 0.00505051 0.00114504 0.00110906 0.00694444
internal_weight=1953 871 629 556 220 144 336 290 242 236 198 131 1082 144
internal_count=1953 871 629 556 220 144 336 290 242 236 198 131 1082 144
is_linear=0
shrinkage=0.05


Tree=61
num_leaves=15
num_cat=0
split_feature=4 2 3 4 1 1 1 1 4 1 0 1 4 2
split_gain=1.68719 5.18844 2.67652 2.29662 3.87516 1.78212 1.68864 4.26521 1.84941 5.55763 3.20325 6.77041 5.98373 5.98288
threshold=23.378500000000003 0.61287127154566789 62.846500000000006 21.627500000000001 0.14984488681196825 0.65765423894015862 0.99351875964795655 0.98009454285431663 11.504500000000002 -0.96683886033945943 23.641500000000004 0.064414007683963548 14.521000000000003 -0.77547391234167817
decision_type=2 2 2 2 2 2 2 2 2 2 2 2 2 2
left_child=3 2 -2 6 -5 -4 7 8 9 -1 13 12 -12 -10
right_child=1 -3 5 4 -6 -7 -8 -9 10 -11 11 -13 -14 -15
leaf_value=0.0093195574450150153 0.0036010127424982333 0.013144656829810197 -0.01610560488798889 -0.0064982585706108709 0.0011514915774904291 0.00056811089003893094 -0.0012330325270780999 0.017799301163645229 0.016804657034241461 -0.0044405150909713883 0.00019394513542094762 0.029591908611591757 -0.021512497209574318 1.6442610978573137e-05
leaf_weight=58 41 85 56 45 40 41 56 48 145 561 57 40 69 611
leaf_count=58 41 85 56 45 40 41 56 48 145 561 57 40 69 611
internal_value=-0.000281618 0.00381166 -0.00217391 -0.000809249 -0.00882353 -0.00670103 -0.000395137 -9.4399e-05 -0.00055159 -0.00266559 0.000867679 -0.00542169 -0.0111111 0.00224868
internal_weight=1953 223 138 1730 85 97 1645 1589 1541 619 922 166 126 756
internal_count=1953 223 138 1730 85 97 1645 1589 1541 619 922 166 126 756
is_linear=0
shrinkage=0.05


Tree=62
num_leaves=15
num_cat=0
split_feature=4 2 4 1 3 3 1 1 4 1 0 2 4 1
split_gain=2.66428 4.27494 2.8334 3.02222 2.00119 2.60749 1.59378 3.26714 1.7919 4.44137 3.60795 5.27473 3.26827 2.71994
threshold=23.378500000000003 0.61287127154566789 21.627500000000001 0.14984488681196825 62.846500000000006 98.642500000000027 0.99351875964795655 0.98009454285431663 11.504500000000002 -0.96683886033945943 23.641500000000004 -0.77547391234167817 14.822500000000002 0.16681837808193059
decision_type=2 2 2 2 2 2 2 2 2 2 2 2 2 2
left_child=2 4 6 -4 -2 -6 7 8 9 -1 11 13 -12 -10
right_child=1 -3 3 -5 5 -7 -8 -9 10 -11 12 -13 -14 -15
leaf_value=0.0088535795727642634 0.0034209621053733208 0.012487423988319691 -0.0061733456420803284 0.0010939169986159071 -0.030916568619450302 0.00054349824149077519 -0.0011713809007241934 0.016909336105462965 0.01932870762181095 -0.004218489336422819 0.00026289301622552108 1.562048042964559e-05 -0.015514575781712668 0.010431691593190401
leaf_weight=58 41 85 45 40 44 53 56 48 66 561 80 611 86 79
leaf_count=58 41 85 45 40 44 53 56 48 66 561 80 611 86 79
internal_value=-0.000435228 0.00470852 -0.00109827 -0.01 -0.000724638 -0.00463918 -0.000638298 -0.00034613 -0.000746269 -0.00282714 0.000650759 0.0021164 -0.0060241 0.0106897
internal_weight=1953 223 1730 85 138 97 1645 1589 1541 619 922 756 166 145
internal_count=1953 223 1730 85 138 97 1645 1589 1541 619 922 756 166 145
is_linear=0
shrinkage=0.05


Tree=63
num_leaves=15
num_cat=0
split_feature=4 0 4 1 4 1 1 2 0 3 0 3 0 2
split_gain=2.45634 3.90242 2.9825 3.02222 2.73262 1.68864 3.14035 1.43655 4.38527 4.15959 4.21719 3.39673 2.87924 2.77432
threshold=23.378500000000003 10.758500000000002 21.627500000000001 0.14984488681196825 28.322500000000002 0.99351875964795655 0.98009454285431663 0.43802537080760273 13.547500000000001 1.0570000000000002 16.896000000000004 84.71250000000002 11.169000000000002 0.75047916603754417
decision_type=2 2 2 2 2 2 2 2 2 2 2 2 2 2
left_child=2 -2 5 -4 -3 6 7 9 12 -1 11 -11 13 -9
right_child=1 4 3 -5 -6 -7 -8 8 -10 10 -12 -13 -14 -15
leaf_value=0.0044067934552719399 0.015531263345836358 0.0020855337765094961 -0.0058646783599763117 0.0010392211486851121 -0.015521961558899311 -0.0011128118556879827 0.016063869300189819 -0.0087674202875005058 -0.030041106802431251 -0.0012732565654214004 -0.0013743710060678692 0.01162914943415373 0.0053188587319532221 -0.00045627602616009344
leaf_weight=85 75 107 45 40 41 56 48 91 46 92 662 197 63 305
leaf_count=85 75 107 45 40 41 56 48 91 46 92 662 197 63 305
internal_value=-0.000230415 0.00470852 -0.000867052 -0.01 0 -0.000395137 -9.4399e-05 -0.000486697 -0.00267327 0.000579151 -0.000368034 0.00467128 -0.00119826 -0.00277778
internal_weight=1953 223 1730 85 148 1645 1589 1541 505 1036 951 289 459 396
internal_count=1953 223 1730 85 148 1645 1589 1541 505 1036 951 289 459 396
is_linear=0
shrinkage=0.05


Tree=64
num_leaves=15
num_cat=0
split_feature=4 2 4 2 0 2 2 3 1 0 2 2 0 3
split_gain=2.17183 3.59839 2.22085 3.82425 2.05788 1.93087 1.7746 5.45298 4.34047 5.59031 4.52588 6.04674 3.67432 3.5859
threshold=23.378500000000003 0.61287127154566789 20.160500000000003 -0.21772323039653199 11.709500000000002 -0.36324666135702649 0.43802537080760273 1.0570000000000002 -0.74981945761428193 11.169000000000002 0.75047916603754417 0.82438889030848939 14.410500000000001 96.263500000000008
decision_type=2 2 2 2 2 2 2 2 2 2 2 2 2 2
left_child=2 5 6 -4 -5 -2 7 -1 -8 10 -10 -12 13 -9
right_child=1 -3 3 4 -6 -7 8 12 9 -11 11 -13 -14 -15
leaf_value=0.0059140578657061963 0.0019812570876840186 0.01108648962161189 -0.011299913839239376 -0.0016652249123500825 0.0041768176472282929 -0.0010668261904112214 -0.037834279496282715 -0.0003035509433561512 -0.017028331738087096 0.017720202966375002 0.012352707850433213 -0.004130585185965774 -0.0010946667217480812 0.015916924004988509
leaf_weight=93 45 85 67 86 51 93 51 77 71 55 49 239 790 101
leaf_count=93 45 85 67 86 51 93 51 77 71 55 49 239 790 101
internal_value=-0.000384025 0.00426009 -0.000982659 -0.00588235 -0.00109489 -0.000724638 -0.000327654 0.000801131 -0.00290323 -0.00120773 -0.00348189 -0.000694444 -0.000309917 0.00617978
internal_weight=1953 223 1730 204 137 138 1526 1061 465 414 359 288 968 178
internal_count=1953 223 1730 204 137 138 1526 1061 465 414 359 288 968 178
is_linear=0
shrinkage=0.05


Tree=65
num_leaves=15
num_cat=0
split_feature=4 2 4 1 2 2 3 2 3 0 0 4 3 0
split_gain=2.03054 3.59839 2.29662 3.87516 1.93087 1.59682 1.35547 7.36135 2.58603 3.02423 3.72566 4.41701 2.59414 3.42326
threshold=23.378500000000003 0.61287127154566789 21.627500000000001 0.14984488681196825 -0.36324666135702649 0.1858661703907829 1.0570000000000002 0.43028281133296192 5.0725000000000007 8.854000000000001 23.233500000000003 12.208000000000002 7.1320000000000006 25.964000000000002
decision_type=2 2 2 2 2 2 2 2 2 2 2 2 2 2
left_child=2 4 6 -4 -2 -6 7 -1 9 -8 11 -11 -10 -14
right_child=1 -3 3 -5 5 -7 8 -9 12 10 -12 -13 13 -15
leaf_value=0.0052780866653078908 0.0018821942332998165 0.010532165140531298 -0.0054881831963599914 0.0013113885600405939 -0.020463240751369224 0.0014818377371512233 -0.017955638760981874 -0.02623774170418729 0.015332555579307922 -0.010012927105216894 -0.0079591276527401032 0.014001045669634688 0.00019144048162418882 -0.012715068590620172
leaf_weight=97 45 85 45 40 51 42 41 41 40 40 70 41 1159 116
leaf_count=97 45 85 45 40 51 42 41 41 40 40 70 41 1159 116
internal_value=-0.000230415 0.00426009 -0.000809249 -0.00882353 -0.000724638 -0.00483871 -0.000395137 0.00434783 -0.000829463 -0.00625 -0.00298013 0.00432099 -3.80228e-05 -0.000431373
internal_weight=1953 223 1730 85 138 93 1645 138 1507 192 151 81 1315 1275
internal_count=1953 223 1730 85 138 93 1645 138 1507 192 151 81 1315 1275
is_linear=0
shrinkage=0.05


Tree=66
num_leaves=15
num_cat=0
split_feature=4 3 0 4 4 1 4 0 2 1 3 0 1 4
split_gain=1.89399 3.25931 5.07315 3.59048 2.49084 1.48156 3.93795 2.81455 6.74614 6.21125 3.16341 3.03108 5.01231 3.39888
threshold=23.378500000000003 51.808000000000007 12.124500000000001 26.515000000000004 25.961000000000002 -0.10738035228456493 21.137000000000004 12.577000000000002 0.43802537080760273 -0.70252096857941237 93.274000000000015 21.827500000000004 -0.93535928755917819 14.123500000000002
decision_type=2 2 2 2 2 2 2 2 2 2 2 2 2 2
left_child=5 -2 4 -4 -3 6 7 9 11 -1 -11 12 -9 -13
right_child=1 2 3 -5 -6 -7 -8 8 -10 10 -12 13 -14 -15
leaf_value=0.027077728157544403 0.0054818780734164803 0.00083403384493470692 0.00067550243450297323 -0.017015138782772714 0.011734020167786874 0.00023831641503836988 -0.0052137740365419925 -0.0026205315018390588 -0.045557576992577072 0.0038687884068242862 -0.0042651249466998794 -0.0018072918839021957 0.011092853274452238 -0.01326283317169355
leaf_weight=44 47 40 44 41 51 957 57 128 43 73 68 195 83 82
leaf_count=44 47 40 44 41 51 957 57 128 43 73 68 195 83 82
internal_value=-7.68049e-05 0.00426009 0.00113636 -0.00764706 0.00934066 -0.000635838 -0.00226391 -0.00125698 -0.00310734 0.00405405 -0.00106383 -0.00143443 0.00308057 -0.00487365
internal_weight=1953 223 176 85 91 1730 773 716 531 185 141 488 211 277
internal_count=1953 223 176 85 91 1730 773 716 531 185 141 488 211 277
is_linear=0
shrinkage=0.05


Tree=67
num_leaves=15
num_cat=0
split_feature=0 0 0 2 0 0 3 3 2 3 1 2 3 2
split_gain=1.90877 2.38634 6.64937 5.27059 5.96807 8.86507 4.12095 3.89983 2.97683 2.77129 5.49661 4.85213 3.6003 3.22064
threshold=4.0520000000000005 14.410500000000001 13.894000000000002 0.4068650353019454 15.449000000000002 16.811500000000006 99.991500000000016 0.49650000000000005 -0.9951106240145321 6.6510000000000007 0.2174230999111143 -0.61626377254255749 99.561000000000021 -0.41327860778290426
decision_type=2 2 2 2 2 2 2 2 2 2 2 2 2 2
left_child=-1 2 7 4 -3 -6 8 -2 -7 10 11 -10 13 -11
right_child=1 3 -4 -5 5 6 -8 -9 9 12 -12 -13 -14 -15
leaf_value=-0.0078482016379852696 -0.0065054537366135562 -0.019783588158713311 0.021627499921552537 -0.011075358831802169 0.017831249383707684 -0.010895882522616408 -0.0099302725999934286 0.0016458774911345627 -0.0073279673587686531 0.00018509895281642043 0.019620846139493598 0.0061229352693292494 0.028472878343637827 -0.0085217751096193575
leaf_weight=84 41 70 40 51 116 49 145 717 76 293 71 57 41 102
leaf_count=84 41 70 40 51 116 49 145 717 76 293 71 57 41 102
internal_value=0.000230415 0.000561798 0.00263158 -0.000980392 -0.000196078 0.000842105 -0.000959233 0.00158311 0.00065312 0.0015625 0.00637255 0.00037594 -0.000688073 -0.0021519
internal_weight=1953 1869 798 1071 1020 950 834 758 689 640 204 133 436 395
internal_count=1953 1869 798 1071 1020 950 834 758 689 640 204 133 436 395
is_linear=0
shrinkage=0.05


Tree=68
num_leaves=15
num_cat=0
split_feature=4 2 3 3 3 2 1 2 4 1 2 1 2 1
split_gain=2.86734 2.84502 2.45178 1.93738 1.84745 5.47342 3.45073 3.26807 3.40501 2.35028 9.05898 3.72922 2.40766 2.82633
threshold=23.378500000000003 0.61287127154566789 62.846500000000006 98.642500000000027 99.998500000000021 0.97117852567439111 0.95444582372253872 0.96001231037146451 20.160500000000003 -0.78297285307474485 0.17553149042142802 -0.40542197401079716 0.83399694777620859 0.71089581899715537
decision_type=2 2 2 2 2 2 2 2 2 2 2 2 2 2
left_child=4 2 -2 -4 7 6 9 8 -1 10 -6 -11 13 -13
right_child=1 -3 3 -5 5 -7 -8 -9 -10 11 -12 12 -14 -15
leaf_value=-4.6138005389674558e-05 0.0035570033960996383 0.0093365620005586569 -0.027966313389871156 0.00017584400517559886 -0.004323903358396242 0.016919699921975413 0.013563351419761638 -0.022673529094460576 -0.0024879258824390717 -0.0090595888774577162 0.02104969754816189 0.0098039757049263043 -0.0033631035517775079 -0.0067407031926014719
leaf_weight=1064 41 85 44 53 45 42 46 83 120 62 43 97 46 82
leaf_count=1064 41 85 44 53 45 42 46 83 120 62 43 97 46 82
internal_value=-0.000179211 0.00515695 0.000724638 -0.00360825 -0.000867052 0.00183585 0.000118765 -0.00185478 -0.00118243 -0.00146667 0.00568182 -0.00365854 -0.000666667 0.00195531
internal_weight=1953 223 138 97 1730 463 421 1267 1184 375 88 287 225 179
internal_count=1953 223 138 97 1730 463 421 1267 1184 375 88 287 225 179
is_linear=0
shrinkage=0.05


Tree=69
num_leaves=15
num_cat=0
split_feature=4 3 0 4 3 3 0 3 0 4 2 4 4 3
split_gain=2.40567 3.0142 4.39599 3.12213 1.45797 4.76826 5.52808 3.97926 3.97128 3.51496 4.59264 3.68756 3.25138 2.5369
threshold=23.378500000000003 51.808000000000007 10.913500000000001 26.515000000000004 94.499000000000009 97.69250000000001 15.574000000000002 92.387500000000017 13.364500000000001 18.144500000000004 -0.4572439375041048 13.590500000000002 20.826000000000004 89.952500000000015
decision_type=2 2 2 2 2 2 2 2 2 2 2 2 2 2
left_child=4 -2 -3 -4 7 -6 8 13 12 10 11 -8 -7 -1
right_child=1 2 3 -5 5 6 9 -9 -10 -11 -12 -13 -14 -15
leaf_value=-0.00092775035419651606 0.0050766601071437992 0.01391844491470734 0.00030476823761284094 -0.010418679022067303 0.01203407170190552 0.0018880466150695899 -0.0065122172522408235 -0.025717303176880049 0.019997212670753797 -0.022315071116577469 -0.0053389861376741191 0.015799834610870974 -0.0025974087625334854 0.015376520946419276
leaf_weight=918 47 70 54 52 73 283 96 40 65 55 62 53 42 43
leaf_count=918 47 70 54 52 73 283 96 40 65 55 62 53 42 43
internal_value=-0.000179211 0.00470852 0.00170455 -0.00471698 -0.000809249 0.000891632 -0.000457317 -0.00204795 0.00333333 -0.00601504 -0.00308057 0.00167785 0.00107692 -0.00140479
internal_weight=1953 223 176 106 1730 729 656 1001 390 266 211 149 325 961
internal_count=1953 223 176 106 1730 729 656 1001 390 266 211 149 325 961
is_linear=0
shrinkage=0.05


Tree=70
num_leaves=15
num_cat=0
split_feature=4 0 1 4 3 2 1 0 3 3 0 3 1 4
split_gain=2.5735 4.05421 2.31872 3.12806 2.98381 7.59155 5.01395 4.49855 4.91813 2.96347 6.26139 3.61611 5.13821 3.75805
threshold=25.710000000000004 12.124500000000001 -0.10738035228456493 21.137000000000004 5.0015000000000009 0.1093682717844857 -0.7383195169062905 12.577000000000002 74.555500000000009 1.2690000000000003 15.449000000000002 95.887000000000015 0.081558489694578698 8.600500000000002
decision_type=2 2 2 2 2 2 2 2 2 2 2 2 2 2
left_child=2 -2 3 4 5 6 -1 8 -6 10 -4 -11 -13 -14
right_child=1 -3 9 -5 7 -7 -8 -9 -10 11 -12 12 13 -15
leaf_value=0.0030834298027050456 0.010005153770838316 -0.0011913364144826716 -0.0060093972379511003 -0.0043172963867332574 0.0076073859671091735 -0.04357764457638319 -0.0077917129061798214 -0.002251596925719124 0.00077019124568481086 -0.0010306317052495475 0.018932567998032192 0.018666927409520011 0.01423627175302826 -0.00038280648814706945
leaf_weight=43 62 70 41 97 48 44 55 412 114 503 42 46 60 316
leaf_count=43 62 70 41 97 48 44 55 412 114 503 42 46 60 316
internal_value=7.68049e-05 0.00681818 -0.000411862 -0.00239852 -0.00125698 -0.00774648 0 0.000348432 0.00740741 0.00119048 0.010241 0.000378378 0.00379147 0.0018617
internal_weight=1953 132 1821 813 716 142 98 574 162 1008 83 925 422 376
internal_count=1953 132 1821 813 716 142 98 574 162 1008 83 925 422 376
is_linear=0
shrinkage=0.05


Tree=71
num_leaves=15
num_cat=0
split_feature=0 0 2 0 0 3 4 3 4 3 3 4 1 3
split_gain=2.27356 7.25061 4.78058 5.32213 9.0377 4.39594 3.73556 3.44062 2.33875 2.91497 4.11093 3.22047 4.04382 3.20048
threshold=14.410500000000001 13.894000000000002 0.4068650353019454 15.449000000000002 16.463500000000003 1.0570000000000002 13.906000000000002 0.013500000000000003 27.071000000000002 99.272500000000022 96.263500000000008 10.012500000000001 -0.54817103930762534 25.262000000000004
decision_type=2 2 2 2 2 2 2 2 2 2 2 2 2 2
left_child=1 7 3 -2 -5 6 -6 -1 9 10 11 -9 -13 -14
right_child=2 -3 -4 4 5 -7 -8 8 -10 -11 -12 12 13 -15
leaf_value=-0.0081874269239100139 -0.019233502453587178 0.020579191357971469 -0.011181190410291135 0.017747303884752392 0.0090532333779217381 -0.0010108798489038839 -0.001241670211269569 0.0060139835402020416 0.0094020172505355892 0.0031873311318857244 -0.015106073365399526 0.0034795899179988193 -0.0074811884023691967 -0.00023421108574480274
leaf_weight=41 70 40 51 89 50 771 40 100 59 354 40 47 79 122
leaf_count=41 70 40 51 89 50 771 40 100 59 354 40 47 79 122
internal_value=-0.000179211 0.00170068 -0.00172736 -0.000980392 0 -0.00156794 0.00888889 0.000712589 0.00143571 0.000673854 -0.00231959 -0.000574713 -0.00362903 -0.00671642
internal_weight=1953 882 1071 1020 950 861 90 842 801 742 388 348 248 201
internal_count=1953 882 1071 1020 950 861 90 842 801 742 388 348 248 201
is_linear=0
shrinkage=0.05


Tree=72
num_leaves=15
num_cat=0
split_feature=4 0 1 4 0 2 1 3 3 3 0 3 1 1
split_gain=1.83148 3.96953 1.74867 3.0374 2.96452 5.0779 4.60906 3.76809 2.94255 2.57772 5.22295 2.68783 4.03333 2.49819
threshold=25.710000000000004 12.124500000000001 -0.10738035228456493 21.137000000000004 12.577000000000002 0.43802537080760273 -0.70252096857941237 93.274000000000015 0.10300000000000001 1.2690000000000003 15.449000000000002 99.998500000000021 0.41274032740354816 0.97269128516472203
decision_type=2 2 2 2 2 2 2 2 2 2 2 2 2 2
left_child=2 -2 3 4 6 8 -1 -8 -6 10 -4 -11 -13 -14
right_child=1 -3 9 -5 5 -7 7 -9 -10 11 -12 12 13 -15
leaf_value=0.025049516708710841 0.0092496952480992361 -0.00081552797539003884 -0.005299556029858047 -0.0042607981239908806 0.0024765966436737065 -0.041831886759106783 0.003305610422098878 -0.0037960674687800219 -0.0017771866879761845 -0.00070354827716154764 0.017533277929234498 0.019063929620988358 -0.00076216471744138816 0.029952731873338408
leaf_weight=44 62 70 41 97 41 43 73 68 447 645 42 84 155 41
leaf_count=44 62 70 41 97 41 43 73 68 447 645 42 84 155 41
internal_value=-0.000384025 0.00530303 -0.000796266 -0.00252153 -0.00139665 -0.00329567 0.00405405 -0.00035461 -0.00184426 0.000595238 0.00903614 -0.000162162 0.00392857 0
internal_weight=1953 132 1821 813 716 531 185 141 488 1008 83 925 280 196
internal_count=1953 132 1821 813 716 531 185 141 488 1008 83 925 280 196
is_linear=0
shrinkage=0.05


Tree=73
num_leaves=15
num_cat=0
split_feature=4 0 0 0 0 2 1 0 0 4 3 3 0 0
split_gain=1.83148 3.96953 1.33707 2.5942 1.9148 2.8271 1.3294 7.57236 3.83935 4.15679 4.79103 4.58509 3.65625 3.26618
threshold=25.710000000000004 12.124500000000001 3.9720000000000004 5.3030000000000008 6.5870000000000006 0.97117852567439111 0.098678873477280007 24.981000000000005 25.964000000000002 20.772500000000004 18.278000000000002 41.279000000000003 10.503500000000001 14.410500000000001
decision_type=2 2 2 2 2 2 2 2 2 2 2 2 2 2
left_child=2 -2 -1 -4 -5 6 8 -8 9 10 -6 -12 -13 -14
right_child=1 -3 3 4 5 -7 7 -9 -10 -11 11 12 13 -15
leaf_value=-0.0065565972942708663 0.0087872104856942714 -0.000774751576620536 0.0059990284070036599 -0.011436007261281637 -0.0080888918101582885 0.0097714074001005735 -0.00022880812196121177 0.023064000501844793 -0.012044040335121246 -0.0028005197549656972 0.0093027234902270245 -0.0056042633951559791 0.021887588191074447 0.00084725633842827196
leaf_weight=75 62 70 53 75 135 58 708 59 164 91 45 42 59 257
leaf_count=75 62 70 53 75 135 58 708 59 164 91 45 42 59 257
internal_value=-0.000384025 0.00530303 -0.000796266 -0.000515464 -0.000856468 -0.000494438 -0.000897436 0.000586701 -0.00233291 -0.000556439 0.00111524 0.00384615 0.00195531 0.00379747
internal_weight=1953 132 1821 1746 1693 1618 1560 767 793 629 538 403 358 316
internal_count=1953 132 1821 1746 1693 1618 1560 767 793 629 538 403 358 316
is_linear=0
shrinkage=0.05


Tree=74
num_leaves=15
num_cat=0
split_feature=0 0 0 0 3 4 0 4 1 3 2 4 4 0
split_gain=1.65286 3.27662 2.54375 1.56089 1.53043 1.36701 3.96899 1.52676 1.92783 1.84193 4.05931 2.47797 2.62102 1.96954
threshold=4.0520000000000005 3.0290000000000004 5.1540000000000008 28.926000000000005 11.321500000000002 25.710000000000004 11.169000000000002 24.070500000000003 0.99351875964795655 2.1505000000000005 0.42110087079608943 22.736000000000004 21.627500000000001 14.410500000000001
decision_type=2 2 2 2 2 2 2 2 2 2 2 2 2 2
left_child=1 -1 -2 5 -5 7 -7 8 9 10 -4 12 13 -11
right_child=2 -3 3 4 -6 6 -8 -9 -10 11 -12 -13 -14 -15
leaf_value=0.003280782959207665 0.0067696717482982607 -0.012551542352349294 0.0024762805026103314 -4.4561248331648209e-05 -0.010308974434966296 0.012656717072783975 -0.00020362064016213045 -0.0016815409482343613 -0.0020136204018004812 0.0010718153041184551 -0.0044458992250437967 0.0057194218995544116 -0.0018845237869471187 -0.00081602263824364436
leaf_weight=44 40 40 96 44 46 43 86 51 65 498 40 53 43 764
leaf_count=44 40 40 96 44 46 43 86 51 65 498 40 53 43 764
internal_value=-0.000281618 -0.00714286 2.67523e-05 -0.000246036 -0.00666667 8.62565e-05 0.00503876 -0.000310559 -3.20718e-05 0.000334672 0.00588235 -0.000220913 -0.000651341 -0.000237718
internal_weight=1953 84 1869 1829 90 1739 129 1610 1559 1494 136 1358 1305 1262
internal_count=1953 84 1869 1829 90 1739 129 1610 1559 1494 136 1358 1305 1262
is_linear=0
shrinkage=0.05


Tree=75
num_leaves=15
num_cat=0
split_feature=0 3 3 0 1 0 2 3 4 4 4 2 1 2
split_gain=1.56336 1.53043 1.26151 5.21585 2.42911 2.03086 3.10834 2.67194 2.66725 4.95424 4.14623 3.74042 4.12571 3.28726
threshold=28.926000000000005 11.321500000000002 2.1505000000000005 15.449000000000002 -0.0687085824022272 14.410500000000001 0.4068650353019454 5.1890000000000009 9.850500000000002 16.558500000000002 18.144500000000004 0.31064877563037102 0.25084665036108239 0.8524709262517346
decision_type=2 2 2 2 2 2 2 2 2 2 2 2 2 2
left_child=2 -2 3 -1 -5 7 -7 -4 13 11 -11 -10 -13 -9
right_child=1 -3 5 4 -6 6 -8 8 9 10 -12 12 -14 -15
leaf_value=-0.0042404829040488699 -4.2333185915061079e-05 -0.009793525713217982 -0.0076809641351386409 0.0006206318243420772 0.011850029131241356 -0.00053409672129064165 -0.0092459837150487452 0.0043573861936164636 0.017659253730415859 -0.0048956417123977641 0.0029643527176393993 0.0040737753173917925 -0.005134628341993578 -0.014481715015661902
leaf_weight=59 44 46 69 59 46 828 43 86 66 71 324 86 69 57
leaf_count=59 44 46 69 59 46 828 43 86 66 71 324 86 69 57
internal_value=-0.000230415 -0.00666667 8.05153e-05 0.00426829 0.0109524 -0.00032372 -0.00200918 0.00144928 0.00230567 0.00373377 0.000379747 0.00972851 0.00548387 -0.00384615
internal_weight=1953 90 1863 164 105 1699 871 828 759 616 395 221 155 143
internal_count=1953 90 1863 164 105 1699 871 828 759 616 395 221 155 143
is_linear=0
shrinkage=0.05


Tree=76
num_leaves=15
num_cat=0
split_feature=2 0 0 3 4 3 2 3 3 3 4 3 3 0
split_gain=2.09833 2.13113 3.74332 1.45216 6.09567 4.05881 3.90401 3.66243 4.02794 3.22725 5.12169 3.4359 5.05631 3.17056
threshold=0.99276848381014016 4.0520000000000005 5.3030000000000008 47.907000000000004 23.554000000000006 86.303000000000011 0.76725511167377736 80.177500000000023 72.120000000000019 92.783500000000018 14.268500000000001 95.187000000000026 97.69250000000001 15.574000000000002
decision_type=2 2 2 2 2 2 2 2 2 2 2 2 2 2
left_child=1 -1 -3 4 6 7 -4 8 -5 10 -7 -11 -13 -14
right_child=-2 2 3 5 -6 9 -8 -9 -10 11 -12 12 13 -15
leaf_value=-0.0071372629142660076 0.0062285735985651881 0.010870204580024537 -0.00045231498300790375 -0.0024845694155020415 0.0065730576205376423 -0.0051645052356918426 0.0062595542766351268 -0.011965745209391122 0.0058636544371371505 -0.012417408380391074 0.02021256114712916 0.011361481766023879 0.0005333076333445527 -0.0036856066340550139
leaf_weight=69 67 42 523 133 40 42 67 60 50 43 54 69 404 290
leaf_count=69 67 42 523 133 40 42 67 60 50 43 54 69 404 290
internal_value=-0.000486431 -0.000795334 -0.000467804 -0.000816901 0.00111111 -0.00187773 -0.000169492 -0.00761317 -0.00409836 -0.000332594 0.00833333 -0.00136476 -0.000589777 -0.0018732
internal_weight=1953 1886 1817 1775 630 1145 590 243 183 902 96 806 763 694
internal_count=1953 1886 1817 1775 630 1145 590 243 183 902 96 806 763 694
is_linear=0
shrinkage=0.05


Tree=77
num_leaves=15
num_cat=0
split_feature=3 0 4 2 2 2 2 4 0 0 3 1 4 4
split_gain=1.66274 5.74085 3.75946 3.16185 4.82803 3.55184 3.23594 2.31862 3.95477 2.8131 2.30505 2.74717 1.77395 3.33237
threshold=99.998500000000021 16.896000000000004 27.071000000000002 0.27779130397453933 -0.02793410925094832 -0.5049610547215202 0.97513228625088877 14.594500000000002 8.2885000000000009 11.598000000000001 99.910000000000011 -0.98801351631316325 5.8020000000000005 7.2345000000000015
decision_type=2 2 2 2 2 2 2 2 2 2 2 2 2 2
left_child=2 3 10 4 5 -2 7 -5 -9 -10 11 -1 -13 -14
right_child=1 -3 -4 6 -6 -7 -8 8 9 -11 -12 12 13 -15
leaf_value=0.0059217798353973288 0.022668157102179416 -0.0054561185088166722 0.0061880579254576162 -0.012095303355471107 0.030744549053513533 -0.0026714428209950931 0.0092226049260773994 0.013721298955916351 -0.0083256116497705899 0.0046180590084484155 -0.007569990395697954 -0.0080126949244922804 0.0098059537353934259 -0.00061868922104915756
leaf_weight=61 41 143 48 80 41 50 54 46 53 46 48 85 71 1086
leaf_count=61 41 143 48 80 41 50 54 46 53 46 48 85 71 1086
internal_value=-0.000332821 0.00198556 -0.00125089 0.00498783 0.0113636 0.00494505 0.00197133 -0.000666667 0.00310345 -0.00252525 -0.00173945 -0.00134305 -0.00185185 -0.00133967
internal_weight=1953 554 1399 411 132 91 279 225 145 99 1351 1303 1242 1157
internal_count=1953 554 1399 411 132 91 279 225 145 99 1351 1303 1242 1157
is_linear=0
shrinkage=0.05


Tree=78
num_leaves=15
num_cat=0
split_feature=0 3 2 0 0 0 0 4 4 2 2 1 4 3
split_gain=1.46544 1.53043 1.30467 2.34072 2.45218 1.58572 1.71647 2.76121 4.78049 3.72412 2.19335 5.95685 5.65847 2.32139
threshold=28.926000000000005 11.321500000000002 0.99276848381014016 4.0520000000000005 5.3030000000000008 6.5870000000000006 9.2280000000000015 19.964500000000005 9.7785000000000029 0.82438889030848939 0.58534685349953219 -0.67760851415498091 15.343500000000002 1.0570000000000002
decision_type=2 2 2 2 2 2 2 2 2 2 2 2 2 2
left_child=2 -2 3 -1 -5 -6 7 8 -7 -10 13 -12 -13 -8
right_child=1 -3 -4 4 5 6 10 -9 9 -11 11 12 -14 -15
leaf_value=-0.0067494653075002471 -0.0002472823903275301 -0.0092064304293874907 0.005948079379689386 0.010542478954661849 -0.010557567186997973 0.014883361141284935 0.003401748716272468 0.0079577260676165634 0.00037049504806956068 -0.0089436475998969506 -0.0104817428108386 -0.020672646215006196 0.004755119276297729 -0.00013214392741389415
leaf_weight=69 44 46 67 42 73 42 101 60 49 40 48 54 83 1135
leaf_count=69 44 46 67 42 73 42 101 60 49 40 48 54 83 1135
internal_value=-0.000435228 -0.00666667 -0.000134192 -0.000389755 -2.89519e-05 -0.000326409 0 0.00445026 0.000381679 -0.00617978 -0.00059817 -0.00567568 -0.000364964 0.000161812
internal_weight=1953 90 1863 1796 1727 1685 1612 191 131 89 1421 185 137 1236
internal_count=1953 90 1863 1796 1727 1685 1612 191 131 89 1421 185 137 1236
is_linear=0
shrinkage=0.05


Tree=79
num_leaves=15
num_cat=0
split_feature=4 1 3 4 4 0 4 3 4 2 4 4 1 1
split_gain=1.53117 1.54125 3.09499 3.00416 5.433 2.55282 3.57983 3.58466 3.41839 3.10045 4.25013 4.88136 4.29633 6.95711
threshold=29.468500000000002 -0.10738035228456493 99.998500000000021 14.384000000000002 8.600500000000002 11.797000000000002 7.5530000000000008 84.010500000000022 17.771000000000004 0.14347198451036616 17.688500000000005 20.160500000000003 0.33302288323572038 0.098678873477280007
decision_type=2 2 2 2 2 2 2 2 2 2 2 2 2 2
left_child=1 -1 5 4 -4 6 -3 -8 -9 10 12 -12 13 -7
right_child=-2 2 3 -5 -6 9 7 8 -10 -11 11 -13 -14 -15
leaf_value=-0.00078218051428110842 0.0038339733131614196 0.0056615374754224084 0.023564576315759617 0.0095077705820326708 -0.0096429169978319105 -0.012808858255928127 -0.0064119920421252365 0.0092388809607515526 -0.0075729113079166903 0.011608968250111261 0.021444617646189327 -0.00084814892942904898 -0.0023409303139739434 0.017885234511817939
leaf_weight=851 48 41 46 165 84 45 141 41 44 60 59 59 210 59
leaf_count=851 48 41 46 165 84 45 141 41 44 60 59 59 210 59
internal_value=-0.000486431 -0.000708661 0.00056926 0.00491525 -0.000769231 -0.00111989 -0.00505618 -0.00752212 0.000588235 0.00101626 -0.000462963 0.00762712 -0.00350318 0.00480769
internal_weight=1953 1905 1054 295 130 759 267 226 85 492 432 118 314 104
internal_count=1953 1905 1054 295 130 759 267 226 85 492 432 118 314 104
is_linear=0
shrinkage=0.05


Tree=80
num_leaves=15
num_cat=0
split_feature=4 2 2 3 2 0 0 0 4 0 3 4 0 2
split_gain=1.68516 4.29103 2.32181 1.83824 1.22116 3.33225 1.95393 1.45051 1.06697 5.94934 2.8857 2.75922 2.84689 6.8
threshold=22.377500000000001 0.65278973532535922 0.90542393716278702 92.19250000000001 0.98805528087738748 4.0520000000000005 5.5995000000000008 6.5870000000000006 7.2345000000000015 15.653500000000001 53.237500000000004 7.8590000000000009 8.480500000000001 0.81502833751681136
decision_type=2 2 2 2 2 2 2 2 2 2 2 2 2 2
left_child=4 3 -3 -2 5 -1 -7 -8 9 -9 -11 -10 13 -13
right_child=1 2 -4 -5 -6 6 7 8 11 10 -12 12 -14 -15
leaf_value=-0.0085579452075295725 0.0020750279278096083 0.0069843226966181506 0.0055533854778021174 -0.0035331003430936676 0.003756142967071266 0.0038383198281294498 -0.016189858937336116 0.015007714770693013 -0.0046940222533976422 -0.0087917756668992771 0.0043924347163462277 0.0018630273221274742 -0.00018157012030182995 -0.015161209517903418
leaf_weight=55 80 46 50 90 63 42 52 65 49 47 73 45 1156 40
leaf_count=55 80 46 50 90 63 42 52 65 49 47 73 45 1156 40
internal_value=-0.000691244 0.00300752 0.0114583 -0.00176471 -0.00127445 -0.00153941 -0.00111536 -0.00140799 -0.00111864 0.00243243 -0.00416667 -0.00162791 -0.00116841 -0.01
internal_weight=1953 266 96 170 1687 1624 1569 1527 1475 185 120 1290 1241 85
internal_count=1953 266 96 170 1687 1624 1569 1527 1475 185 120 1290 1241 85
is_linear=0
shrinkage=0.05


Tree=81
num_leaves=15
num_cat=0
split_feature=4 4 2 2 0 1 4 3 0 1 0 3 1 0
split_gain=1.47525 4.17169 2.95319 2.6845 9.54746 4.87574 5.36462 4.33791 4.50734 6.6872 4.3177 4.02248 3.92205 3.72187
threshold=15.160000000000002 14.521000000000003 0.92284787786233202 0.4068650353019454 12.416500000000001 -0.51909748604633854 7.8590000000000009 2.6835000000000004 18.971000000000004 0.71989675514303919 20.298000000000005 98.944000000000003 -0.98211651112579568 15.830500000000002
decision_type=2 2 2 2 2 2 2 2 2 2 2 2 2 2
left_child=1 3 -2 7 5 -5 -7 -1 9 12 -10 -8 -9 -11
right_child=2 -3 -4 4 -6 6 11 8 10 13 -12 -13 -14 -15
leaf_value=0.0025340160917686986 -8.805761610992946e-05 -0.0113287352376941 0.0056320766462935219 0.009633460699366261 -0.048645888414143398 0.0069568177927941946 -0.020823937905833735 0.0013514794793765634 -0.004678162203115622 0.0017289640011503725 -0.0010351611862785021 0.00033688738756557649 0.032677280329733986 -0.0082754567201291825
leaf_weight=83 791 57 109 42 43 70 94 40 40 106 299 57 81 41
leaf_count=83 791 57 109 42 43 70 94 40 40 106 299 57 81 41
internal_value=-0.000486431 -0.00175689 0.001 -0.00100402 -0.00490196 -0.0013308 -0.00429864 0.000724638 -0.000741351 0.00410448 -0.00457227 -0.00960265 0.0128099 -0.00306122
internal_weight=1953 1053 900 996 306 263 221 690 607 268 339 151 121 147
internal_count=1953 1053 900 996 306 263 221 690 607 268 339 151 121 147
is_linear=0
shrinkage=0.05


Tree=82
num_leaves=15
num_cat=0
split_feature=4 1 4 4 3 3 3 2 3 1 2 0 0 3
split_gain=1.43848 4.17427 2.76622 4.89846 3.25954 2.73251 1.99738 3.90689 7.02842 2.19965 1.99092 2.57343 2.45785 2.13556
threshold=11.093000000000002 -0.96683886033945943 10.656500000000003 9.850500000000002 8.6560000000000024 3.1785000000000001 99.806500000000014 -0.77547391234167817 75.408500000000018 0.45914483320598681 0.94147585758598662 5.721000000000001 9.7455000000000016 90.184000000000012
decision_type=2 2 2 2 2 2 2 2 2 2 2 2 2 2
left_child=1 -1 3 4 5 -3 7 -6 -9 -8 11 -2 13 -12
right_child=10 2 -4 -5 6 -7 9 8 -10 -11 12 -13 -14 -15
leaf_value=0.0093076634404434359 -0.0033139436977883854 -0.0019313338340845735 -0.013353264555748146 0.0056641712006371197 0.0025021982851180461 0.013777184186947006 -0.0060127404723743444 -0.0030721476070652287 -0.03309745863669257 0.0036172801805281988 0.0031164263438085179 0.00013394682912846735 -0.0019533126027474978 0.0051672763294571718
leaf_weight=56 49 56 51 76 64 60 64 75 62 46 40 1163 41 50
leaf_count=56 49 56 51 76 64 60 64 75 62 46 40 1163 41 50
internal_value=-0.000281618 -0.00229508 -0.00361011 -0.00248509 -0.00456674 0.00258621 -0.00723473 -0.010199 -0.0149635 -0.00181818 0.000632911 0 0.00648855 0.0111111
internal_weight=1953 610 554 503 427 116 311 201 137 110 1343 1212 131 90
internal_count=1953 610 554 503 427 116 311 201 137 110 1343 1212 131 90
is_linear=0
shrinkage=0.05


Tree=83
num_leaves=15
num_cat=0
split_feature=2 0 0 3 4 2 2 2 0 2 0 0 0 4
split_gain=1.33927 2.29124 2.49395 2.11591 5.59419 3.17583 5.89043 3.94175 2.89131 3.75373 5.22395 4.83705 4.00133 3.79395
threshold=0.99276848381014016 4.0520000000000005 5.3030000000000008 47.907000000000004 23.554000000000006 0.80444483470750872 0.71541278717867718 0.90906259831586944 16.896000000000004 0.32694223331140743 16.095000000000002 10.105500000000001 14.410500000000001 14.927500000000002
decision_type=2 2 2 2 2 2 2 2 2 2 2 2 2 2
left_child=1 -1 -3 4 -4 6 8 -7 9 10 12 -11 13 -5
right_child=-2 2 3 5 -6 7 -8 -9 -10 11 -12 -13 -14 -15
leaf_value=-0.0061009203291476077 0.0057505761862248206 0.011155301420839437 0.00014396264554943083 0.011715012592961635 0.0056467148517419302 -0.0093246314299220198 0.0078236235472518897 -0.00047195938560113342 -0.0019806320320834348 0.0160710593505928 0.034128120835886983 -0.0045027214521598871 -0.00973905053724132 -0.00021699402844710391
leaf_weight=69 67 42 590 76 40 70 43 86 468 56 44 110 80 112
leaf_count=69 67 42 590 76 40 70 43 86 468 56 44 110 80 112
internal_value=-0.000230415 -0.0004772 -0.000137589 -0.000422535 0.00190476 -0.00170306 -0.00065723 -0.00833333 -0.00147992 0.00125523 0.00448718 -0.00481928 0.00186567 0.00585106
internal_weight=1953 1886 1817 1775 630 1145 989 156 946 478 312 166 268 188
internal_count=1953 1886 1817 1775 630 1145 989 156 946 478 312 166 268 188
is_linear=0
shrinkage=0.05


Tree=84
num_leaves=15
num_cat=0
split_feature=0 4 4 2 0 2 3 0 0 1 3 1 2 0
split_gain=1.33729 1.2533 3.71454 3.52945 4.73966 4.88654 4.59938 4.5456 5.23538 4.26429 3.70248 3.10121 2.98378 2.80775
threshold=29.453500000000002 13.487000000000002 13.846000000000002 0.4068650353019454 11.858500000000001 0.88637546977843906 1.0570000000000002 18.670500000000004 20.200500000000002 0.51909748604633899 94.499000000000009 0.77952989095276826 0.97117852567439111 14.636500000000002
decision_type=2 2 2 2 2 2 2 2 2 2 2 2 2 2
left_child=1 3 -3 6 5 9 -1 10 -9 -5 13 -12 -7 -8
right_child=-2 2 -4 4 -6 12 7 8 -10 -11 11 -13 -14 -15
leaf_value=0.0081266474652248784 -0.0059672824865643183 0.0083823532042083936 0.00014465045389561171 0.021619594821292689 -0.043552245731314637 -0.017689657759703461 -0.0059811223919818777 -0.0063196265305204757 -0.00081249430133204935 -0.006007140813024653 0.029811539634971563 0.0014587964552791211 -0.00048303950186159297 0.0024944883884325656
leaf_weight=47 76 46 1014 47 42 74 42 44 238 57 61 57 46 62
leaf_count=47 76 46 1014 47 42 74 42 44 238 57 61 57 46 62
internal_value=-7.68049e-05 0.000186468 0.00132075 -0.00128519 -0.00601504 -0.003125 0.000998185 -0.000396825 -0.00460993 0.00480769 0.00495495 0.0110169 -0.01 -0.00192308
internal_weight=1953 1877 1060 817 266 224 551 504 282 104 222 118 120 104
internal_count=1953 1877 1060 817 266 224 551 504 282 104 222 118 120 104
is_linear=0
shrinkage=0.05


Tree=85
num_leaves=15
num_cat=0
split_feature=4 4 2 2 2 0 1 1 2 1 4 3 4 2
split_gain=1.74139 3.43687 2.73514 6.01108 7.16462 3.89687 4.1524 2.70594 2.70353 2.4294 2.30546 2.27513 4.42797 2.3148
threshold=15.160000000000002 14.7125 0.48378379397820742 0.75047916603754417 0.88637546977843906 15.830500000000002 0.88134550114954158 0.63137065367936085 0.92284787786233202 0.16681837808193059 9.2700000000000014 4.1890000000000009 13.688500000000003 -0.09654968025414791
decision_type=2 2 2 2 2 2 2 2 2 2 2 2 2 2
left_child=1 2 5 10 -5 7 11 -1 -2 -6 -4 -7 13 -13
right_child=8 -3 3 4 9 6 -8 -9 -10 -11 -12 12 -14 -15
leaf_value=0.023947211370113831 8.027355627504146e-05 -0.010783426472238067 -0.015932953941010262 0.013245420868200131 -0.0010721068676435408 0.0017067937997741257 -0.0035378271483942334 0.0013878727384342366 0.0051084744440912716 -0.017602611785866872 -0.024432324723097292 -0.00091800774210907827 0.011044911997077678 -0.0047552455163662232
leaf_weight=51 791 41 40 63 87 82 42 130 109 52 46 331 48 40
leaf_count=51 791 41 40 63 87 82 42 130 109 52 46 331 48 40
internal_value=-0.000281618 -0.00166192 -0.00108696 -0.00520833 -0.00049505 0.000552486 -0.00156538 0.00690608 0.00133333 -0.00683453 -0.0162791 -0.000299401 -0.00178998 -0.00363881
internal_weight=1953 1053 1012 288 202 724 543 181 900 139 86 501 419 371
internal_count=1953 1053 1012 288 202 724 543 181 900 139 86 501 419 371
is_linear=0
shrinkage=0.05


Tree=86
num_leaves=15
num_cat=0
split_feature=0 3 2 0 0 3 4 2 2 4 2 3 3 0
split_gain=1.56336 1.53043 1.22417 1.74805 3.44318 1.32521 5.73077 2.66651 3.48679 2.9433 3.14388 2.92926 3.08343 2.88131
threshold=28.926000000000005 11.321500000000002 0.99276848381014016 4.0520000000000005 5.3030000000000008 47.907000000000004 23.554000000000006 0.76725511167377736 0.46866798009266125 19.047500000000003 -0.97218766834954651 1.0570000000000002 31.213500000000003 24.158000000000005
decision_type=2 2 2 2 2 2 2 2 2 2 2 2 2 2
left_child=2 -2 3 -1 -5 6 7 8 9 10 -6 -12 13 -13
right_child=1 -3 -4 4 5 -7 -8 -9 -10 -11 11 12 -14 -15
leaf_value=-0.0060383844891413688 -9.3548827829847972e-05 -0.0074063539728039364 0.0055408046953888349 0.010836783652209763 -0.0071207800578853399 -0.00035309585549020975 0.0053531329086462971 0.0080167144555448495 -0.019073825452182145 -0.0066538727775772525 0.01160727151042251 -0.0010620134334222819 0.013533946006860132 0.0074186579133532441
leaf_weight=69 44 46 67 42 47 1113 40 67 63 55 66 145 44 45
leaf_count=69 44 46 67 42 47 1113 40 67 63 55 66 145 44 45
internal_value=-0.000230415 -0.00666667 8.05153e-05 -0.000167038 0.00014476 -0.000207715 0.00174825 0.00037594 -0.000967742 0.000746269 0.00244957 0.00433333 0.0017094 -0.00105263
internal_weight=1953 90 1863 1796 1727 1685 572 532 465 402 347 300 234 190
internal_count=1953 90 1863 1796 1727 1685 572 532 465 402 347 300 234 190
is_linear=0
shrinkage=0.05


Tree=87
num_leaves=15
num_cat=0
split_feature=4 4 2 4 3 4 0 2 3 1 1 1 0 0
split_gain=1.81503 4.0521 2.71175 5.72699 2.36058 3.6769 4.32 3.71052 2.92215 2.01944 2.11937 6.99086 2.93098 4.08116
threshold=15.160000000000002 14.521000000000003 -0.94418750883419933 7.8590000000000009 99.561000000000021 6.5825000000000005 15.035000000000002 0.54277338749235304 97.69250000000001 -0.92913280730858794 -0.70252096857941237 -0.54817103930762534 18.876000000000001 10.172500000000001
decision_type=2 2 2 2 2 2 2 2 2 2 2 2 2 2
left_child=1 2 3 -1 8 -6 7 -7 9 -4 -11 -12 13 -13
right_child=-2 -3 4 -5 5 6 -8 -9 -10 10 11 12 -14 -15
leaf_value=-0.0043744708443440141 0.00020917449956990575 -0.010191154476955051 0.0051081605624066859 0.014175840658458356 0.012406024631608973 0.021229005961274652 -0.0040767455545710199 -0.00097000218535609893 -0.017569301358170825 -0.015134499946806596 0.0070664719943231841 -0.0070636492108799688 -0.0020939222994429299 0.0014682082129297809
leaf_weight=43 900 57 79 108 43 47 80 73 47 90 42 138 91 115
leaf_count=43 900 57 79 108 43 47 80 73 47 90 42 138 91 115
internal_value=-0.000537634 -0.00194682 -0.00120482 0.00496689 -0.00230769 0.00185185 -0.001 0.005 -0.00398671 -0.00297297 -0.00420168 -0.00259067 -0.00494186 -0.00217391
internal_weight=1953 1053 996 151 845 243 200 120 602 555 476 386 344 253
internal_count=1953 1053 996 151 845 243 200 120 602 555 476 386 344 253
is_linear=0
shrinkage=0.05


Tree=88
num_leaves=15
num_cat=0
split_feature=0 3 0 0 0 2 2 0 2 0 0 3 3 3
split_gain=1.56336 1.53043 1.00399 1.14637 1.78619 2.62179 2.03353 7.19283 3.27679 3.49528 5.77047 2.25866 4.38029 4.40123
threshold=28.926000000000005 11.321500000000002 27.535 25.964000000000002 24.753000000000004 -0.99665976668634515 -0.91780143710280748 22.279000000000003 -0.84565824135800816 23.233500000000003 21.827500000000004 99.998500000000021 92.783500000000018 95.804000000000016
decision_type=2 2 2 2 2 2 2 2 2 2 2 2 2 2
left_child=2 -2 3 4 5 -1 7 -7 -8 10 11 12 -10 -14
right_child=1 -3 -4 -5 -6 6 8 -9 9 -11 -12 -13 13 -15
leaf_value=0.01126197613810657 1.5261022180995676e-05 -0.0072938388324678876 0.011273931561194217 -0.0073317568018001602 0.0081745866249334394 0.010279322927029034 0.0029997013395895544 -0.020034507924940534 8.0293293163986873e-05 0.0049558134499376183 -0.0078031049927967944 0.00048426682449879689 -0.031926124601658008 -0.0021516578929351273
leaf_weight=40 44 46 49 71 56 69 82 49 666 46 52 447 43 193
leaf_count=40 44 46 49 71 56 69 82 49 666 46 52 447 43 193
internal_value=-0.000230415 -0.00666667 8.05153e-05 -0.000110254 0.000143431 -0.000148192 -0.000455373 -0.00677966 3.27011e-05 -0.000518314 -0.000963597 -0.00033358 -0.00177384 -0.00762712
internal_weight=1953 90 1863 1814 1743 1687 1647 118 1529 1447 1401 1349 902 236
internal_count=1953 90 1863 1814 1743 1687 1647 118 1529 1447 1401 1349 902 236
is_linear=0
shrinkage=0.05


Tree=89
num_leaves=15
num_cat=0
split_feature=0 2 0 0 3 3 4 4 2 2 3 3 1 0
split_gain=1.75816 4.08683 4.76915 6.4077 3.80723 3.27758 6.22541 3.68865 2.81987 2.09483 2.56031 4.83936 3.67847 4.8855
threshold=14.410500000000001 0.42110087079608943 15.449000000000002 16.337500000000002 99.991500000000016 5.1890000000000009 9.6450000000000014 15.160000000000002 -0.9951106240145321 -0.36324666135702649 59.901500000000006 82.812000000000012 0.99052327954040398 9.2280000000000015
decision_type=2 2 2 2 2 2 2 2 2 2 2 2 2 2
left_child=5 2 -2 -4 8 6 -1 -8 -5 -7 -11 -12 13 -13
right_child=1 -3 3 4 -6 9 7 -9 -10 10 11 12 -14 -15
leaf_value=0.0071539599982816289 -0.016775487002065603 -0.012743213909827668 0.014793830271445358 -0.0058996088832755922 -0.0046569661137270029 0.011119896288769084 -0.029917983383853621 -0.00024901866752182026 0.00028813260618864304 0.0093448457745674545 -0.0065764967906038257 0.0030929634634962733 0.0078959515031210067 -0.0014173354270873983
leaf_weight=42 71 47 82 49 158 60 40 41 664 136 64 223 44 232
leaf_count=42 71 47 82 49 158 60 40 41 664 136 64 223 44 232
internal_value=-0.000179211 -0.00154062 -0.000878906 5.24659e-05 -0.00120551 0.00147392 -0.00609756 -0.0141975 0.000350631 0.00270092 0.00193133 0.00044405 0.00210421 0.000769231
internal_weight=1953 1071 1024 953 871 882 123 81 713 759 699 563 499 455
internal_count=1953 1071 1024 953 871 882 123 81 713 759 699 563 499 455
is_linear=0
shrinkage=0.05


Tree=90
num_leaves=15
num_cat=0
split_feature=4 1 3 0 0 2 1 3 1 2 1 1 3 3
split_gain=1.60789 2.83737 1.60377 7.42831 3.70121 4.14268 2.67465 2.48823 2.36127 2.18168 2.1999 1.90442 5.27878 6.04984
threshold=25.710000000000004 -0.0687085824022272 99.998500000000021 15.035000000000002 13.260500000000002 0.97513228625088877 -0.17082974322534453 99.910000000000011 -0.87795195455888908 0.26123699986315735 0.72660079619120022 0.064414007683963548 99.006500000000003 96.712000000000018
decision_type=2 2 2 2 2 2 2 2 2 2 2 2 2 2
left_child=2 -2 7 4 5 9 8 11 -5 -4 -11 12 13 -1
right_child=1 -3 3 6 -6 -7 -8 -9 -10 10 -12 -13 -14 -15
leaf_value=-0.0016029379397673239 0.0057954752545402955 -0.00023770109915383244 0.0087888971028380371 -0.0023921862858303057 0.032073780014213717 0.0136027129427063 8.7492630837668339e-05 -0.0067301037412959763 -0.024043858934299098 0.00028020434628112318 -0.01501173682661402 9.9024748396464585e-05 -0.0080709404663666506 0.012333061215281547
leaf_weight=545 60 72 58 47 41 42 87 48 54 130 41 643 43 42
leaf_count=545 60 72 58 47 41 42 87 48 54 130 41 643 43 42
internal_value=-2.56016e-05 0.00530303 -0.000411862 0.002 0.00673077 0.00461255 -0.00585106 -0.00132475 -0.0113861 0.00196507 -0.000877193 -0.000903378 -0.00285714 -0.0016184
internal_weight=1953 132 1821 500 312 271 188 1321 101 229 171 1273 630 587
internal_count=1953 132 1821 500 312 271 188 1321 101 229 171 1273 630 587
is_linear=0
shrinkage=0.05


Tree=91
num_leaves=15
num_cat=0
split_feature=4 0 0 1 4 2 2 4 4 0 1 0 0 2
split_gain=1.72966 3.5444 3.24422 1.09063 2.92129 2.25005 4.32307 3.73688 3.09871 2.22906 3.50742 4.60656 1.90519 5.31278
threshold=23.378500000000003 10.758500000000002 15.343000000000002 -0.10738035228456493 21.137000000000004 -0.77547391234167817 -0.64297064596386244 21.137000000000004 18.425000000000001 18.971000000000004 0.098678873477280007 25.647500000000004 12.577000000000002 0.43802537080760273
decision_type=2 2 2 2 2 2 2 2 2 2 2 2 2 2
left_child=3 -2 -3 4 12 8 -7 -8 9 -5 -11 -12 -1 -14
right_child=1 2 -4 5 -6 6 7 -9 -10 10 11 -13 13 -15
leaf_value=0.0024806109415825271 0.011578736600548693 -0.0013490270116477993 0.0019667138185554662 0.020936742526414011 -0.0059255527891582506 -0.0050768700864959326 -0.00065408518501882675 0.020162399342832666 0.019622623155567995 -0.01627986245771337 -0.00094985677723213868 0.019863011495358341 -0.00054685125027551516 -0.037362476638389507
leaf_weight=185 75 82 66 49 57 61 587 49 42 50 72 47 488 43
leaf_count=185 75 82 66 49 57 61 587 49 42 50 72 47 488 43
internal_value=-0.000332821 0.00381166 -0.000675676 -0.000867052 -0.00226391 0.000261233 -0.00121951 0 0.00423077 0.00183486 -0.000887574 0.00378151 -0.00139665 -0.00291902
internal_weight=1953 223 148 1730 773 957 697 636 260 218 169 119 716 531
internal_count=1953 223 148 1730 773 957 697 636 260 218 169 119 716 531
is_linear=0
shrinkage=0.05


Tree=92
num_leaves=15
num_cat=0
split_feature=4 1 2 1 4 1 4 2 3 3 3 4 3 3
split_gain=1.58497 1.35769 4.93354 2.72809 2.347 3.10745 7.74011 2.90165 2.86157 3.85074 2.87134 2.06512 2.67273 2.18908
threshold=29.468500000000002 -0.67760851415498091 0.58534685349953219 -0.60434081882701107 10.656500000000003 -0.96683886033945943 7.9675000000000002 0.31064877563037102 6.6510000000000007 90.184000000000012 99.991500000000016 5.9970000000000008 74.555500000000009 84.010500000000022
decision_type=2 2 2 2 2 2 2 2 2 2 2 2 2 2
left_child=1 2 4 -3 5 -1 -7 8 -6 -10 -11 12 -5 -13
right_child=-2 3 -4 11 7 6 -8 -9 9 10 -12 13 -14 -15
leaf_value=0.0095257423648797499 0.003040940866289088 0.0046837530677209275 -0.0090357364357018573 0.00089690045538815683 0.00092634394006357867 -0.023762642364686816 0.0071271393472673479 0.0018209589206817367 -0.022359098473578323 0.010817116031811541 -0.0076310653906813079 -0.0007121622429092922 -0.0089813719573514864 0.00044502223208563592
leaf_weight=50 48 56 55 48 48 40 41 63 65 49 57 601 40 692
leaf_count=50 48 56 55 48 48 40 41 63 65 49 57 601 40 692
internal_value=-0.000640041 -0.000866142 -0.00320513 -0.000104384 -0.00133172 0.00419847 -0.00185185 -0.00390071 -0.006621 -0.00964912 -0.00377358 -0.000543085 -0.00795455 -3.86698e-05
internal_weight=1953 1905 468 1437 413 131 81 282 219 171 106 1381 88 1293
internal_count=1953 1905 468 1437 413 131 81 282 219 171 106 1381 88 1293
is_linear=0
shrinkage=0.05


Tree=93
num_leaves=15
num_cat=0
split_feature=0 3 4 2 0 4 1 3 2 4 4 1 0 3
split_gain=1.514 1.53043 1.37742 1.7919 1.63726 3.74725 2.54242 1.84544 3.53032 3.46835 5.69534 4.61176 4.50261 2.87194
threshold=28.926000000000005 11.321500000000002 29.468500000000002 -0.99665976668634515 24.753000000000004 10.656500000000003 -0.3970220911538665 25.262000000000004 -0.82681243101696389 13.393500000000001 10.856500000000002 0.63137065367936085 14.191000000000001 47.907000000000004
decision_type=2 2 2 2 2 2 2 2 2 2 2 2 2 2
left_child=2 -2 3 -1 7 -6 -7 8 -5 10 -10 -11 -13 -9
right_child=1 -3 -4 4 5 6 -8 13 9 11 -12 12 -14 -15
leaf_value=0.0055052458979575059 0.0001431889124101249 -0.0060923390894456371 0.0028888938229746338 -0.0098504999748070879 0.011658816704643395 -0.0096388300152896768 0.0069192399753217676 0.010128567144348167 -7.0633888913293829e-05 0.0054636644125825142 -0.011214654634458383 -0.0036761977049792009 0.0022715888857833266 -0.00014260816975870811
leaf_weight=49 44 46 48 43 68 52 46 111 132 85 67 40 45 1077
leaf_count=49 44 46 48 43 68 52 46 111 132 85 67 40 45 1077
internal_value=-0.000332821 -0.00666667 -2.68384e-05 -0.000247934 -0.000509626 0.00421687 -0.00204082 -0.001 -0.0038835 -0.00230352 -0.00678392 0.00294118 -0.00529412 0
internal_weight=1953 90 1863 1815 1766 166 98 1600 412 369 199 170 85 1188
internal_count=1953 90 1863 1815 1766 166 98 1600 412 369 199 170 85 1188
is_linear=0
shrinkage=0.05


Tree=94
num_leaves=15
num_cat=0
split_feature=0 3 0 0 2 0 0 2 0 0 3 4 3 3
split_gain=1.46544 1.53043 1.06596 1.62542 2.45151 2.91672 1.94828 4.36287 4.57166 6.00683 4.13318 5.0006 6.24184 3.01511
threshold=28.926000000000005 11.321500000000002 27.535 25.964000000000002 -0.99665976668634515 24.753000000000004 14.410500000000001 0.4068650353019454 15.449000000000002 15.830500000000002 99.890000000000015 9.3560000000000016 62.846500000000006 1.0000000180025095e-35
decision_type=2 2 2 2 2 2 2 2 2 2 2 2 2 2
left_child=2 -2 3 4 -1 6 13 8 -8 -10 11 12 -11 -6
right_child=1 -3 -4 -5 5 -7 7 -9 9 10 -12 -13 -14 -15
leaf_value=0.008960732513988141 0.00013602946678961669 -0.0057877221349733558 0.011434120508629976 -0.0079273653519471073 -0.0056118291600553011 0.014848557998385279 -0.017003045112941251 -0.0075918967415402995 0.017418431302814879 -0.0092836731434971457 -0.0048089669788703715 0.0017901720963920745 0.0056223877186476218 0.00027658779532704626
leaf_weight=42 44 46 49 71 40 54 69 51 41 52 137 377 42 838
leaf_count=42 44 46 49 71 40 54 69 51 41 52 137 377 42 838
internal_value=-0.000435228 -0.00666667 -0.000134192 -0.000330761 -2.86862e-05 -0.000323339 -0.000698239 -0.00253576 -0.00153203 -0.000231125 -0.00148026 0.0007431 -0.00957447 0.000911162
internal_weight=1953 90 1863 1814 1743 1701 1647 769 718 649 608 471 94 878
internal_count=1953 90 1863 1814 1743 1701 1647 769 718 649 608 471 94 878
is_linear=0
shrinkage=0.05


Tree=95
num_leaves=15
num_cat=0
split_feature=3 3 3 3 3 4 1 0 2 1 3 0 4 2
split_gain=1.79589 5.15103 4.54389 3.59227 3.88187 2.77899 2.54501 2.22957 6.15868 4.30089 5.58 4.03631 3.15173 5.68659
threshold=86.303000000000011 77.223000000000013 70.073000000000008 92.783500000000018 94.906500000000008 17.517000000000003 0.99052327954040398 8.650500000000001 0.8524709262517346 0.77952989095276826 97.69250000000001 20.482500000000005 16.558500000000002 -0.43939950965914171
decision_type=2 2 2 2 2 2 2 2 2 2 2 2 2 2
left_child=1 2 -1 5 -5 -2 7 8 -6 10 -9 12 13 -12
right_child=3 -3 -4 4 6 -7 -8 9 -10 -11 11 -13 -14 -15
leaf_value=-0.00024080574047742888 0.0005681689939382354 -0.0074485118827640698 0.00757381512581028 -0.029141548110378491 0.017969983528098359 0.021624949173558457 0.001192883824869781 0.01212085488265739 -0.00075144202826784581 -0.0065990282008547216 0.037220910531679065 -0.0052613548238722623 -0.0011050362055269561 6.4420984546748053e-05
leaf_weight=819 62 85 50 40 67 43 43 51 95 121 54 123 193 107
leaf_count=819 62 85 50 40 67 43 43 51 95 121 54 123 193 107
internal_value=-0.000230415 -0.00178197 -0.000632911 0.00125125 0.000223714 0.01 0.000936768 0.000308261 0.00555556 -0.00100154 0.00094697 -0.000733753 0.0019774 0.00714286
internal_weight=1953 954 869 999 894 105 854 811 162 649 528 477 354 161
internal_count=1953 954 869 999 894 105 854 811 162 649 528 477 354 161
is_linear=0
shrinkage=0.05


Tree=96
num_leaves=15
num_cat=0
split_feature=3 3 1 3 0 2 0 2 3 3 1 0 0 0
split_gain=1.81917 7.10646 2.87558 2.26759 2.04894 5.66564 3.39146 3.25952 2.79062 2.9667 2.70138 2.01619 2.84796 5.41075
threshold=84.010500000000022 80.177500000000023 0.99052327954040398 92.783500000000018 19.292500000000004 -0.84565824135800816 22.466000000000005 -0.71840966893412694 99.272500000000022 99.910000000000011 -0.33302288323571977 15.035000000000002 11.598000000000001 10.172500000000001
decision_type=2 2 2 2 2 2 2 2 2 2 2 2 2 2
left_child=1 -1 3 -2 5 -5 -6 -8 10 -10 -7 12 13 -11
right_child=2 -3 -4 4 6 8 7 -9 9 11 -12 -13 -14 -15
leaf_value=-0.00013107582499670371 0.0041631361534355173 -0.018653100771044161 0.0045045754793920315 0.021536048581136825 -0.0053069875997470099 0.00057605793254303221 -0.0038220859838193262 0.011083889384301852 0.0055994509480854163 0.0016608887148588992 -0.015528049787607355 -0.0055904726227700985 0.0064083640733220027 -0.0070460796359273162
leaf_weight=889 123 40 51 49 85 46 70 42 51 183 71 90 104 59
leaf_count=889 123 40 51 49 85 46 70 42 51 183 71 90 104 59
internal_value=-0.000281618 -0.00188375 0.00117188 0.000565262 -0.000352941 0.000995406 -0.00482234 0.000892857 -0.000331126 0.0013347 -0.00726496 0 0.0017341 -0.00123967
internal_weight=1953 929 1024 973 850 653 197 112 604 487 117 436 346 242
internal_count=1953 929 1024 973 850 653 197 112 604 487 117 436 346 242
is_linear=0
shrinkage=0.05


Tree=97
num_leaves=15
num_cat=0
split_feature=4 1 2 2 2 0 4 4 2 3 3 0 4 3
split_gain=1.69535 1.31656 2.68906 2.4639 4.48195 3.50958 2.28178 5.72545 3.73965 2.37982 5.14222 4.6875 11.9103 4.12568
threshold=29.468500000000002 -0.10738035228456493 -0.95882411647426224 -0.94418750883419933 -0.9951106240145321 25.152500000000003 9.850500000000002 7.7455000000000007 0.46866798009266125 86.303000000000011 93.274000000000015 16.005500000000005 15.933000000000002 66.684500000000014
decision_type=2 2 2 2 2 2 2 2 2 2 2 2 2 2
left_child=1 2 -1 4 -3 -6 7 8 -5 11 -11 13 -13 -8
right_child=-2 3 -4 6 5 -7 9 -9 -10 10 -12 12 -14 -15
leaf_value=-0.0090197407298558529 0.002610984234408642 -0.00018608745728824206 -0.00047851061101363419 -0.0016311505013877278 0.005465073741938109 0.022731947141639605 -0.0007344980383187067 -0.0087627045555467766 0.014194828145309413 0.019916351934386498 0.00036128051396989714 -0.0016139005492217529 0.023809986097720788 -0.028795168849402055
leaf_weight=64 48 69 787 64 43 42 158 89 50 40 337 59 61 42
leaf_count=64 48 69 787 64 43 42 158 89 50 40 337 59 61 42
internal_value=-0.000947261 -0.0011811 -0.00264395 0 0.00584416 0.0135294 -0.001 -0.00566502 0.00175439 0.00035868 0.0030504 -0.0028125 0.005 -0.0075
internal_weight=1953 1905 851 1054 154 85 900 203 114 697 377 320 120 200
internal_count=1953 1905 851 1054 154 85 900 203 114 697 377 320 120 200
is_linear=0
shrinkage=0.05


Tree=98
num_leaves=15
num_cat=0
split_feature=4 0 3 0 1 2 1 4 4 4 1 3 3 0
split_gain=1.58497 1.27132 1.53043 1.20097 1.24041 2.78826 2.05226 1.92588 2.61524 5.55344 2.68431 1.97276 6.99193 3.97166
threshold=29.468500000000002 28.926000000000005 11.321500000000002 27.535 -0.67760851415498091 0.58534685349953219 -0.60434081882701107 5.9970000000000008 8.4875000000000025 9.3560000000000016 0.14984488681196825 25.262000000000004 47.907000000000004 23.641500000000004
decision_type=2 2 2 2 2 2 2 2 2 2 2 2 2 2
left_child=1 3 -3 4 5 -1 -6 -8 10 -10 -9 -11 -13 -14
right_child=-2 2 -4 -5 6 -7 7 8 9 11 -12 12 13 -15
leaf_value=-0.00035657542605838923 0.0024804350226882098 0.00059880910821663027 -0.0055818608252885416 0.01017998916650107 0.0044761743131841586 -0.0078969962558899775 -0.0055073406748399421 0.017225927837037282 -0.015218627262456456 -0.00087386384410610425 0.00035440979295054374 0.023386178897399745 0.00034810229420336738 -0.028714274262821745
leaf_weight=378 48 44 46 49 41 55 72 40 56 257 96 64 662 45
leaf_count=378 48 44 46 49 41 55 72 40 56 257 96 64 662 45
internal_value=-0.000640041 -0.000866142 -0.00666667 -0.000578512 -0.000792752 -0.00311778 -3.75094e-05 -0.000386997 8.19672e-05 -0.000738007 0.00661765 9.72763e-05 0.00136187 -7.07214e-05
internal_weight=1953 1905 90 1815 1766 433 1333 1292 1220 1084 136 1028 771 707
internal_count=1953 1905 90 1815 1766 433 1333 1292 1220 1084 136 1028 771 707
is_linear=0
shrinkage=0.05


Tree=99
num_leaves=15
num_cat=0
split_feature=4 1 2 2 4 0 2 4 4 3 0 3 4 0
split_gain=1.53117 1.54125 2.88486 2.53189 4.2188 1.52758 6.7074 4.62473 4.55832 3.1826 2.57634 3.18699 2.3982 4.91987
threshold=29.468500000000002 -0.10738035228456493 -0.95882411647426224 -0.94418750883419933 12.418500000000002 12.577000000000002 0.42110087079608943 10.235000000000001 11.504500000000002 97.69250000000001 8.5475000000000012 91.514500000000012 13.846000000000002 21.117500000000003
decision_type=2 2 2 2 2 2 2 2 2 2 2 2 2 2
left_child=1 2 -1 4 -3 10 7 9 -9 -7 -4 -12 -10 -14
right_child=-2 3 5 -5 -6 6 -8 8 12 -11 11 -13 13 -15
leaf_value=-0.0088319559798806704 0.0023564132715537998 0.010606894231801467 -0.00066045134023767771 -0.00012038378364683384 -0.00021129453856920944 0.0093500564251449095 -0.01965921768195536 -0.031479686293640424 0.001867398801592557 -0.00075686328485168139 0.0044397064047053819 0.0002202378847429888 0.00045452474135865354 -0.008176398577928767
leaf_weight=64 48 79 112 900 75 99 63 45 87 44 41 82 119 95
leaf_count=64 48 79 112 900 75 99 63 45 87 44 41 82 119 95
internal_value=-0.000486431 -0.000708661 -0.00229142 0.00056926 0.00649351 -0.00146125 -0.00289855 -0.000920245 -0.00404624 0.00664336 0.00191489 0.00691057 -0.00182724 -0.0046729
internal_weight=1953 1905 851 1054 154 787 552 489 346 143 235 123 301 214
internal_count=1953 1905 851 1054 154 787 552 489 346 143 235 123 301 214
is_linear=0
shrinkage=0.05


Tree=100
num_leaves=15
num_cat=0
split_feature=4 0 0 0 0 0 2 0 0 3 3 2 4 4
split_gain=1.37534 1.14851 2.50043 1.62696 1.40545 1.16191 3.14374 3.83522 6.78587 3.56451 3.85419 2.96918 3.77562 3.23449
threshold=29.468500000000002 4.0520000000000005 3.0290000000000004 5.1540000000000008 6.5870000000000006 14.410500000000001 0.4068650353019454 15.449000000000002 16.337500000000002 6.6510000000000007 21.6645 -0.36324666135702649 8.8155000000000019 18.144500000000004
decision_type=2 2 2 2 2 2 2 2 2 2 2 2 2 2
left_child=1 2 -1 -3 -5 11 7 -7 -9 -10 -11 -6 -13 -14
right_child=-2 3 -4 4 5 6 -8 8 9 10 -12 12 13 -15
leaf_value=0.0048903216773859004 0.0022385926079761102 0.0089209070246924482 -0.011774088521944072 -0.0067862914606375531 0.010562160104263149 -0.018053030418007772 -0.0074584402330673712 0.013170321878389743 0.0011873894357068981 -0.0048088472321142911 -0.0005163025266446547 0.012247171605592699 -0.0013403225656854673 0.00085222818472753818
leaf_weight=44 48 40 40 85 61 68 49 79 227 62 574 88 251 237
leaf_count=44 48 40 40 85 61 68 49 79 227 62 574 88 251 237
internal_value=-2.56016e-05 -0.00023622 -0.00595238 2.74574e-05 -0.000196519 0.000117925 -0.000897073 -0.00029703 0.000530786 -0.000753187 -0.00267296 0.00180534 0.000694444 -0.00102459
internal_weight=1953 1905 84 1821 1781 1696 1059 1010 942 863 636 637 576 488
internal_count=1953 1905 84 1821 1781 1696 1059 1010 942 863 636 637 576 488
is_linear=0
shrinkage=0.05


Tree=101
num_leaves=15
num_cat=0
split_feature=4 0 4 1 4 3 3 2 3 3 3 0 0 1
split_gain=1.74233 3.6 0.989166 4.88089 3.60077 2.47674 3.8726 5.01471 2.92368 2.60876 5.5969 4.5675 1.90216 7.83799
threshold=27.071000000000002 12.205500000000002 9.850500000000002 -0.96683886033945943 10.235000000000001 8.0710000000000015 29.910500000000003 -0.94418750883419933 0.43350000000000005 99.844500000000011 92.783500000000018 13.332500000000001 21.117500000000003 0.098678873477280007
decision_type=2 2 2 2 2 2 2 2 2 2 2 2 2 2
left_child=2 -2 3 -1 -4 8 -7 -8 -5 10 11 -9 -6 -14
right_child=1 -3 4 5 12 6 7 9 -10 -11 -12 -13 13 -15
leaf_value=0.010958940374339726 0.0072145382309637858 -0.0012929958712542767 0.0036155473552636585 -0.0050558613976008533 0.00022648269156664015 -0.0052128946362486051 0.0080942388796091443 0.0087593366610662377 0.009091350861581516 -0.00014657763727681934 -0.033389956113115862 -0.010849667316434723 -0.0085285105128096172 0.010363241573518749
leaf_weight=46 45 45 40 41 1029 41 48 42 74 94 43 44 239 82
leaf_count=46 45 45 40 41 1029 41 48 42 74 94 43 44 239 82
internal_value=-0.000128008 0.00666667 -0.000456253 -0.00243129 0.000215827 -0.00409836 -0.00641026 -0.00424354 0.00217391 -0.0073991 -0.0120155 -0.00465116 -0.000222222 -0.00358255
internal_weight=1953 90 1863 473 1390 427 312 271 115 223 129 86 1350 321
internal_count=1953 90 1863 473 1390 427 312 271 115 223 129 86 1350 321
is_linear=0
shrinkage=0.05


Tree=102
num_leaves=15
num_cat=0
split_feature=4 0 3 0 3 3 1 4 3 3 3 2 0 2
split_gain=1.42635 1.00678 2.11023 1.06777 1.12587 3.25425 3.62682 2.88128 2.8579 5.47856 4.09626 3.97376 2.84714 2.61324
threshold=29.468500000000002 28.926000000000005 11.321500000000002 27.535 25.262000000000004 47.907000000000004 -0.52707282776374176 16.089000000000002 84.010500000000022 78.132500000000007 72.120000000000019 0.0064435096891653281 24.652000000000005 -0.14772953607417119
decision_type=2 2 2 2 2 2 2 2 2 2 2 2 2 2
left_child=1 3 -3 4 7 6 -6 12 9 10 11 -7 13 -1
right_child=-2 2 -4 -5 5 8 -8 -9 -10 -11 -12 -13 -14 -15
leaf_value=-0.0065093694395701729 0.0021913127711400181 0.0012907062777747559 -0.0050137210565045472 0.0091892074827607702 -0.0085046201421222333 0.00033869866332087443 0.017993492523834653 0.00050840756015177457 0.00026747236330768032 -0.013983328418551733 0.0093476795763261528 -0.0112024442701092 0.0022493949094540169 -0.00091542146731459222
leaf_weight=84 48 44 46 49 43 78 79 146 955 45 40 51 46 199
leaf_count=84 48 44 46 49 43 78 79 146 955 45 40 51 46 199
internal_value=-0.000179211 -0.000393701 -0.00555556 -0.000137741 -0.000339751 0.000426026 0.00819672 -0.00242105 -0.000384944 -0.00560748 -0.00147929 -0.00581395 -0.0050152 -0.00689046
internal_weight=1953 1905 90 1815 1766 1291 122 475 1169 214 169 129 329 283
internal_count=1953 1905 90 1815 1766 1291 122 475 1169 214 169 129 329 283
is_linear=0
shrinkage=0.05


Tree=103
num_leaves=15
num_cat=0
split_feature=4 0 3 0 3 3 3 1 0 4 1 4 0 4
split_gain=1.34185 1.11176 2.11023 1.05046 4.17507 2.60632 4.39819 2.37419 4.06149 2.30714 2.87456 3.19744 2.88595 3.71471
threshold=29.468500000000002 28.926000000000005 11.321500000000002 8.480500000000001 10.064000000000002 47.907000000000004 99.443500000000014 0.48941038753127741 5.8645000000000005 7.8590000000000009 -0.97873101657557338 9.145500000000002 9.2280000000000015 9.850500000000002
decision_type=2 2 2 2 2 2 2 2 2 2 2 2 2 2
left_child=1 3 -3 4 -1 -6 -7 8 -8 -5 -11 -12 -13 -14
right_child=-2 2 -4 9 5 6 7 -9 -10 10 11 12 13 -15
leaf_value=-0.0053106954536379456 0.0020817471325830167 0.0012261709638860198 -0.004763035003679323 -0.0014724931183484281 0.027449644988768035 -0.0096468888196139108 0.0065348613644748482 0.024329338263881582 -0.0084857008763639316 -0.0032620661164100232 0.0034079085155856561 0.0073881584851637891 -0.017486678519100612 0.00035337058117537875
leaf_weight=82 48 44 46 195 40 79 45 44 44 93 81 56 46 1010
leaf_count=82 48 44 46 195 40 79 45 44 44 93 81 56 46 1010
internal_value=7.68049e-05 -0.000131234 -0.00555556 0.000137741 -0.00239521 0.000793651 -0.00141509 0.00413534 -0.000561798 0.00070898 0.00147745 0.00213747 0.00143885 0.000852273
internal_weight=1953 1905 90 1815 334 252 212 133 89 1481 1286 1193 1112 1056
internal_count=1953 1905 90 1815 334 252 212 133 89 1481 1286 1193 1112 1056
is_linear=0
shrinkage=0.05


Tree=104
num_leaves=15
num_cat=0
split_feature=0 0 4 4 2 0 2 2 0 1 4 1 0 0
split_gain=1.27629 2.50043 2.08143 4.83252 3.85633 3.41527 3.21806 5.02013 3.6281 4.4695 5.03595 5.76607 3.65713 7.61963
threshold=4.0520000000000005 3.0290000000000004 15.343500000000002 14.822500000000002 0.31064877563037102 14.096000000000002 0.48378379397820742 0.75047916603754417 12.577000000000002 0.33302288323572038 13.487000000000002 0.1328271176880281 26.101000000000003 24.120500000000003
decision_type=2 2 2 2 2 2 2 2 2 2 2 2 2 2
left_child=1 -1 3 6 -4 -6 8 -8 -2 10 11 12 13 -10
right_child=2 -3 4 -5 5 -7 7 -9 9 -11 -12 -13 -14 -15
leaf_value=0.0047620188873576195 0.013110286569610736 -0.01084216562168039 -0.00022380625606836999 -0.0068972218177396384 0.0010511499591309621 0.019885695186472582 -0.02227342486752136 -9.2025722378994391e-05 -0.00079570933492597315 -0.0013833376655258856 0.013061992241152101 0.014382143141099937 -0.008881222286078308 0.015433223260370763
leaf_weight=44 71 40 510 48 303 40 86 152 184 211 62 46 114 42
leaf_count=44 71 40 510 48 303 40 86 152 184 211 62 46 114 42
internal_value=7.68049e-05 -0.00595238 0.00034778 -0.0011811 0.00216882 0.00626822 -0.000413223 -0.00546218 0.00123288 7.58725e-05 0.00290179 0.000777202 -0.00147059 0.00221239
internal_weight=1953 84 1869 1016 853 343 968 238 730 659 448 386 340 226
internal_count=1953 84 1869 1016 853 343 968 238 730 659 448 386 340 226
is_linear=0
shrinkage=0.05


Tree=105
num_leaves=15
num_cat=0
split_feature=0 3 0 3 0 2 4 2 3 3 2 3 4 1
split_gain=1.37002 3.21111 2.46501 3.94091 3.33625 3.18649 2.35031 3.29762 3.19133 5.51459 2.67329 2.58103 3.33333 2.45
threshold=14.410500000000001 0.013500000000000003 15.449000000000002 97.541500000000013 15.830500000000002 0.12643880951666986 20.526500000000002 -0.36324666135702649 77.733000000000018 94.125000000000014 0.50618570606421198 25.262000000000004 10.012500000000001 0.28397372121269165
decision_type=2 2 2 2 2 2 2 2 2 2 2 2 2 2
left_child=1 -1 3 -2 -4 -6 7 -3 11 -10 -8 12 -9 -14
right_child=2 6 4 -5 5 -7 10 8 9 -11 -12 -13 13 -15
leaf_value=-0.0051619105100805147 -0.027319741995024155 0.015820144904705208 0.0090514622707456999 0.0010061861717738829 -7.2059249925268695e-05 -0.0046036845163234356 -0.00075390482927872871 0.0063480639850238413 -0.023336918614390623 -8.0455353336737759e-05 0.0019075428206531239 0.010486997731444857 0.0022104396130218722 -0.010081299750595935
leaf_weight=42 48 51 48 40 854 81 87 48 56 286 154 78 40 40
leaf_count=42 48 51 48 40 854 81 87 48 56 286 154 78 40 40
internal_value=0.000128008 0.0015873 -0.00107376 -0.00909091 -0.000356053 -0.00101604 0.0022619 0.000584307 -0.000547445 -0.00350877 0.00643154 0.00436893 0 -0.00625
internal_weight=1953 882 1071 88 983 935 840 599 548 342 241 206 128 80
internal_count=1953 882 1071 88 983 935 840 599 548 342 241 206 128 80
is_linear=0
shrinkage=0.05


Tree=106
num_leaves=15
num_cat=0
split_feature=4 4 2 2 0 2 2 0 2 2 2 0 1 2
split_gain=1.48786 5.4384 2.78751 3.47004 5.52913 3.43985 4.1064 2.84144 2.14703 1.89241 4.95478 4.07302 3.38928 3.27857
threshold=15.343500000000002 14.822500000000002 -0.64297064596386244 -0.83635891446581057 23.233500000000003 -0.34964745525122826 -0.21772323039653199 20.003500000000006 -0.49501433321452953 0.57132313271480106 0.75047916603754417 12.577000000000002 0.93168921928840098 0.88637546977843906
decision_type=2 2 2 2 2 2 2 2 2 2 2 2 2 2
left_child=1 9 3 4 7 8 -7 -2 -4 11 -11 12 -1 -12
right_child=2 -3 5 -5 -6 6 -8 -9 -10 10 13 -13 -14 -15
leaf_value=0.015114218686310528 0.0029814452770046355 -0.0057534409642582942 0.0028221517610852176 -0.01076054796867848 -0.015388167202785337 -0.012677581318502379 0.00083946177870117516 0.018405361345350219 0.013241458019008652 -0.02318679223085739 0.011507065073120765 -0.00012984202439360882 8.226596091360506e-05 -0.0025960161731601642
leaf_weight=42 42 49 54 76 54 41 532 44 41 67 64 666 41 140
leaf_count=42 42 49 54 76 54 41 532 44 41 67 64 666 41 140
internal_value=0.000179211 -0.00107577 0.00169683 -0.00324074 0.00142857 0.00329341 0.00183246 0.00930233 0.0121053 -0.000294118 -0.00387454 0.00100134 0.0114458 0
internal_weight=1953 1069 884 216 140 668 573 86 95 1020 271 749 83 204
internal_count=1953 1069 884 216 140 668 573 86 95 1020 271 749 83 204
is_linear=0
shrinkage=0.05


Tree=107
num_leaves=15
num_cat=0
split_feature=4 3 3 3 1 3 1 2 1 1 4 0 2 4
split_gain=1.54447 6.21425 1.05314 9.06679 2.58541 4.21856 3.58678 3.43196 3.37468 4.61248 4.12885 3.63826 6.41825 3.02944
threshold=26.337000000000003 92.958000000000013 86.303000000000011 77.223000000000013 0.85731462807633252 32.238500000000009 0.63137065367936085 0.14347198451036616 -0.021515898191484053 -0.25084665036108228 11.093000000000002 12.767000000000001 0.12643880951666986 14.384000000000002
decision_type=2 2 2 2 2 2 2 2 2 2 2 2 2 2
left_child=2 -2 3 4 6 7 8 -6 9 11 -10 -1 -13 -12
right_child=1 -3 -4 -5 5 -7 -8 -9 10 -11 13 12 -14 -15
leaf_value=0.0048405967194969576 0.0026289496738302331 -0.0020112851014683574 0.00023648687809688261 -0.005814265786734084 -0.0013091893990887255 0.0144085024124687 -0.0058438704723562333 0.0034556190034922469 -0.00069376531898234786 -0.013259820052125193 0.028357855894794948 0.00067324520911603021 -0.032419706701047955 0.0072960711392286689
leaf_weight=72 44 67 926 80 66 40 82 40 85 58 43 215 61 74
leaf_count=72 44 67 926 80 66 40 82 40 85 58 43 215 61 74
internal_value=0.000128008 0.00585586 -0.000217155 -0.00141921 0.000119617 0.00616438 -0.00115942 0.000943396 0.000164474 -0.00246305 0.00544554 -0.000287356 -0.00289855 0.0115385
internal_weight=1953 111 1842 916 836 146 690 106 608 406 202 348 276 117
internal_count=1953 111 1842 916 836 146 690 106 608 406 202 348 276 117
is_linear=0
shrinkage=0.05


Tree=108
num_leaves=15
num_cat=0
split_feature=0 3 2 0 4 4 0 0 0 0 0 1 0 1
split_gain=1.33138 2.11023 1.04906 1.8343 3.83707 2.0431 2.5633 3.40834 5.39759 4.93104 4.13946 2.84295 2.7365 2.61189
threshold=28.926000000000005 11.321500000000002 -0.98597924778888291 24.753000000000004 10.656500000000003 12.046500000000002 21.117500000000003 18.763000000000002 16.811500000000006 16.005500000000005 15.238000000000001 -0.57659668305444411 17.705500000000004 0.30041382580050413
decision_type=2 2 2 2 2 2 2 2 2 2 2 2 2 2
left_child=2 -2 -1 5 -5 -4 7 8 9 10 -7 -9 -10 -8
right_child=1 -3 3 4 -6 6 13 11 12 -11 -12 -13 -14 -15
leaf_value=0.0032755692763637768 0.0020987056934963499 -0.0042467422299671681 -0.00099851890552912228 0.010551421610184476 -0.0050395915598736634 0.0004811017338525653 -0.01075330562585613 0.00027671523287402521 -0.023954522420385857 0.014380601129437504 -0.011495824244546416 0.019159109783504141 -0.0013991408776052221 0.0069684665948078622
leaf_weight=95 44 46 532 63 86 648 86 45 40 52 55 59 62 40
leaf_count=95 44 46 532 63 86 648 86 45 40 52 55 59 62 40
internal_value=0.000384025 -0.00555556 0.000670961 0.000395928 0.0057047 -9.26498e-05 0.00114995 0.00202914 0.000991832 0.00245033 0.00135135 0.0105769 -0.00980392 -0.00555556
internal_weight=1953 90 1863 1768 149 1619 1087 961 857 755 703 104 102 126
internal_count=1953 90 1863 1768 149 1619 1087 961 857 755 703 104 102 126
is_linear=0
shrinkage=0.05


Tree=109
num_leaves=15
num_cat=0
split_feature=4 4 2 2 4 4 2 2 2 0 4 3 4 0
split_gain=1.15064 4.30608 2.87733 4.37591 3.61462 3.42734 2.21461 4.70769 3.57091 3.05359 2.97551 4.18576 4.98563 4.96245
threshold=15.482000000000001 14.822500000000002 -0.94418750883419933 -0.90361171343873392 7.8590000000000009 12.362500000000002 -0.64297064596386244 -0.83635891446581057 -0.34964745525122826 23.491500000000006 16.810500000000001 13.564000000000002 18.144500000000004 16.194000000000006
decision_type=2 2 2 2 2 2 2 2 2 2 2 2 2 2
left_child=1 2 4 -4 -1 -6 7 9 -8 -2 -10 -12 -13 -14
right_child=6 -3 3 -5 5 -7 8 -9 10 -11 11 12 13 -15
leaf_value=-0.0029596620461914305 0.010267348620727446 -0.0050197170855287195 -0.013999531304209554 -5.4228730601796343e-05 0.014919977726029647 0.0020696836422262502 0.0080009134648641126 -0.01325880786097935 0.01337907286679212 -0.014215338892398056 0.0034916817828005127 -0.003803193377039485 0.00082536280060922654 -0.021216890114740095
leaf_weight=43 87 65 42 824 69 42 93 75 70 53 66 62 319 43
leaf_count=43 87 65 42 824 69 42 93 75 70 53 66 62 319 43
internal_value=0.000486431 -0.000599078 0.000196078 -0.000923788 0.00649351 0.0112613 0.00184332 -0.00255814 0.0032925 0.00285714 0.00178571 0.000408163 -0.00141509 0.000828729
internal_weight=1953 1085 1020 866 154 111 868 215 653 140 560 490 424 362
internal_count=1953 1085 1020 866 154 111 868 215 653 140 560 490 424 362
is_linear=0
shrinkage=0.05


Tree=110
num_leaves=15
num_cat=0
split_feature=4 0 0 0 1 0 4 4 4 4 0 1 4 1
split_gain=1.04969 4.44444 0.825431 2.45509 1.70046 1.36539 1.10205 0.971095 3.77621 2.98664 2.43256 2.202 2.00009 5.24424
threshold=27.071000000000002 12.205500000000002 4.0520000000000005 5.1540000000000008 0.098678873477280007 6.2280000000000006 4.0610000000000008 11.093000000000002 10.656500000000003 9.850500000000002 23.860000000000003 -0.45914483320598648 12.418500000000002 -0.1369060579234754
decision_type=2 2 2 2 2 2 2 2 2 2 2 2 2 2
left_child=2 -2 4 -4 -1 -5 -7 8 9 10 -8 -12 13 -9
right_child=1 -3 3 5 -6 6 7 12 -10 -11 11 -13 -14 -15
leaf_value=0.00085588176231668966 0.0066681024726175098 -0.0022227098033601347 0.0087204786912661297 -0.006848763367241462 -0.013500097449596283 0.0054504635503310282 -0.0020622942821789335 -0.0068992828905654283 -0.013934717606831383 0.0032817960518888439 0.0087903500723927729 -0.00042824002213162626 3.7211306984172301e-05 0.015286912578253542
leaf_weight=40 45 45 40 61 42 43 271 57 51 73 41 58 1018 68
leaf_count=40 45 45 40 61 42 43 271 57 51 73 41 58 1018 68
internal_value=0.000281618 0.00555556 2.68384e-05 0.000252667 -0.00487805 -2.87191e-05 0.000238095 3.05437e-05 -0.00182186 -0.0003386 -0.00216216 0.00454545 0.000831146 0.0068
internal_weight=1953 90 1863 1781 82 1741 1680 1637 494 443 370 99 1143 125
internal_count=1953 90 1863 1781 82 1741 1680 1637 494 443 370 99 1143 125
is_linear=0
shrinkage=0.05


Tree=111
num_leaves=15
num_cat=0
split_feature=1 1 1 1 1 3 4 3 0 1 3 4 3 2
split_gain=1.60797 1.13192 0.872291 1.73705 1.4009 1.29056 3.58438 2.56004 2.22033 1.68105 1.1559 3.81403 3.62949 3.31719
threshold=0.99351875964795655 0.98521098335796142 0.73465119469809237 0.77952989095276826 0.67760851415498113 68.71850000000002 15.539500000000002 26.800500000000003 13.153500000000003 0.92913280730858816 39.788500000000006 18.425000000000001 29.910500000000003 0.0064435096891653281
decision_type=2 2 2 2 2 2 2 2 2 2 2 2 2 2
left_child=1 2 4 -4 10 7 8 -5 -7 -8 11 12 -1 -13
right_child=-2 -3 3 5 -6 6 9 -9 -10 -11 -12 13 -14 -15
leaf_value=-0.00019526844330953753 -0.00072258898183216735 0.018718938599235038 -0.0078338274306219476 -0.00028364136282552495 0.0050754393662765466 -0.0017750504790961089 0.013961091566218137 0.0078148401357402038 -0.013237981726489812 -0.0021115743131921274 -0.00012298628583418125 0.00056973339536694893 0.011411134493890859 0.01822421600622488
leaf_weight=363 79 41 44 89 51 43 50 41 59 41 928 42 42 40
leaf_count=363 79 41 44 89 51 43 50 41 59 41 928 42 42 40
internal_value=2.56016e-05 0.000320171 0.000136388 -0.0020436 0.000682128 -0.000773994 -0.00336788 0.00307692 -0.00980392 0.00384615 0.000388693 0.0023614 0.00037037 0.0121951
internal_weight=1953 1874 1833 367 1466 323 193 130 102 91 1415 487 405 82
internal_count=1953 1874 1833 367 1466 323 193 130 102 91 1415 487 405 82
is_linear=0
shrinkage=0.05


Tree=112
num_leaves=15
num_cat=0
split_feature=1 3 4 3 1 1 0 2 1 2 0 4 3 3
split_gain=1.60797 0.907229 5.33294 1.98771 1.94371 3.98466 2.4681 7.07618 4.51901 2.90803 2.68645 1.96991 1.92118 3.96644
threshold=0.99351875964795655 47.907000000000004 23.554000000000006 38.680000000000007 -0.90880922144842613 -0.67760851415498091 7.0275000000000007 0.14347198451036616 0.74981945761428193 -0.97218766834954651 4.6395000000000008 11.704000000000002 86.303000000000011 77.223000000000013
decision_type=2 2 2 2 2 2 2 2 2 2 2 2 2 2
left_child=1 2 3 4 -1 -6 10 8 9 -8 -7 -11 13 -3
right_child=-2 12 -4 -5 5 6 7 -9 -10 11 -12 -13 -14 -15
leaf_value=0.0021060193147018238 -0.00068645953274055766 -6.7368954024600582e-06 0.0053321273113027014 0.010297145324708358 -0.010212099687519681 0.0022850519326059917 -0.0025297362927645312 0.0055727192293153933 -0.0063161210670723668 -0.0008914822013808138 -0.02771908962748856 0.011560440300136693 0.0001580779274447268 -0.0048718784010373011
leaf_weight=75 79 168 42 48 76 40 61 97 54 48 46 79 958 82
leaf_count=75 79 168 42 48 76 40 61 97 54 48 46 79 958 82
internal_value=2.56016e-05 0.000320171 0.0018018 0.000641026 -0.000173611 -0.00129741 0.000588235 0.00250737 -0.00206612 0.00159574 -0.00697674 0.00590551 -0.000496689 -0.0044
internal_weight=1953 1874 666 624 576 501 425 339 242 188 86 127 1208 250
internal_count=1953 1874 666 624 576 501 425 339 242 188 86 127 1208 250
is_linear=0
shrinkage=0.05


Tree=113
num_leaves=15
num_cat=0
split_feature=0 1 0 4 1 0 0 2 1 3 3 0 0 3
split_gain=0.875058 2.27156 1.48966 0.98637 2.58248 2.19032 2.63916 3.81954 2.87687 3.76766 2.65247 2.57133 2.15111 1.7804
threshold=4.0520000000000005 0.098678873477280007 5.1540000000000008 11.504500000000002 -0.96683886033945943 24.120500000000003 13.036000000000001 -0.77547391234167817 0.85206963063867758 76.614000000000019 75.408500000000018 8.9345000000000017 26.848000000000003 97.69250000000001
decision_type=2 2 2 2 2 2 2 2 2 2 2 2 2 2
left_child=1 -1 -2 4 -4 6 10 -8 9 -9 -6 -12 -7 -5
right_child=2 -3 3 13 5 12 7 8 -10 -11 11 -13 -14 -15
leaf_value=0.0013266583138868806 0.0082313328784301473 -0.01242948794230463 0.0074909341999327642 0.00053163408789303965 0.0025587617866651732 0.013266292959720281 0.00036121398603006471 -0.033262260937936938 -0.0018979870333685979 -0.0079997440071182049 0.017718886244203931 -0.0020326741893752971 -0.0019139314372882662 -0.0003260062056440402
leaf_weight=41 40 43 58 702 77 60 74 49 61 42 43 49 90 524
leaf_count=41 40 43 58 702 77 60 74 49 61 42 43 49 90 524
internal_value=0.000230415 -0.0047619 0.000454789 0.000246036 -0.00140962 -0.00247706 -0.00443038 -0.0079646 -0.0125 -0.0181319 0.000295858 -0.00543478 0.00266667 0.00106036
internal_weight=1953 84 1869 1829 603 545 395 226 152 91 169 92 150 1226
internal_count=1953 84 1869 1829 603 545 395 226 152 91 169 92 150 1226
is_linear=0
shrinkage=0.05


Tree=114
num_leaves=15
num_cat=0
split_feature=4 1 4 4 0 1 4 3 4 1 1 0 3 4
split_gain=0.870488 4.36201 2.81467 4.34132 2.78337 2.40686 4.65469 2.80224 2.80838 3.08849 2.38552 1.8 1.28021 4.22154
threshold=9.850500000000002 -0.96683886033945943 10.656500000000003 11.093000000000002 23.491500000000006 -0.60434081882701107 8.4875000000000025 7.1320000000000006 5.9970000000000008 0.63137065367936085 -0.45914483320598648 18.209500000000002 62.846500000000006 23.787000000000003
decision_type=2 2 2 2 2 2 2 2 2 2 2 2 2 2
left_child=1 -1 11 -4 5 -3 7 -7 -9 -10 -6 -2 13 -5
right_child=2 4 3 12 10 6 -8 8 9 -11 -12 -13 -14 -15
leaf_value=0.010278296479925097 0.0060735781008844497 -0.019626414273028522 -0.0081617754491853552 0.00015218344567968778 0.0076857633387065949 0.0093446632217873502 -0.013804763567467144 -0.0040691700074620436 0.01432000923987002 -0.0015720790036604202 -0.00042335246453520939 0.0024574420558896555 -6.2966052109941084e-05 0.0031265276235761504
leaf_weight=46 40 57 57 441 43 40 75 50 49 40 73 40 856 46
leaf_count=46 40 57 57 441 43 40 75 50 49 40 73 40 856 46
internal_value=0.000281618 -0.00158562 0.000878378 0.000357143 -0.00316159 -0.00562701 -0.00354331 0.000837989 -0.00251799 0.00280899 0.00344828 0.01 0.000930752 0.00297741
internal_weight=1953 473 1480 1400 427 311 254 179 139 89 116 80 1343 487
internal_count=1953 473 1480 1400 427 311 254 179 139 89 116 80 1343 487
is_linear=0
shrinkage=0.05


Tree=115
num_leaves=15
num_cat=0
split_feature=1 1 1 1 0 2 3 3 2 0 3 3 3 0
split_gain=1.63163 0.846592 3.00568 2.47131 2.0254 6.6599 3.96096 2.99274 5.64954 2.94057 2.91508 4.22369 2.54319 5.80472
threshold=0.99351875964795655 0.33302288323572038 0.39702209115386683 0.23416947364604893 18.971000000000004 -0.43939950965914171 99.006500000000003 89.952500000000015 -0.96356381914947564 22.466000000000005 37.978500000000004 5.1890000000000009 99.998500000000021 7.5875000000000012
decision_type=2 2 2 2 2 2 2 2 2 2 2 2 2 2
left_child=1 3 -3 4 5 -1 7 8 -6 -8 11 -7 13 -12
right_child=-2 2 -4 -5 6 10 9 -9 -10 -11 12 -13 -14 -15
leaf_value=0.031603316932882854 -0.00063268794321582613 -0.0073044596683261966 -8.2972197562296469e-05 0.012607196364126484 -0.0089515412186435706 -0.00087336090229844787 -0.018218912549873373 0.0067144697665131705 0.00075244869576616697 -0.0044013116600789938 -0.021847053767815129 0.0056388689334128002 0.00073044299414427036 -0.00034511918432447893
leaf_weight=45 79 44 674 66 98 77 46 68 214 73 40 89 208 132
leaf_count=45 79 44 674 66 98 77 46 68 214 73 40 89 208 132
internal_value=7.68049e-05 0.000373533 -0.00097493 0.00121107 0.000642202 0.00262267 -0.00170341 0.000789474 -0.00128205 -0.00966387 0.0010989 0.00662651 -0.00131579 -0.00581395
internal_weight=1953 1874 718 1156 1090 591 499 380 312 119 546 166 380 172
internal_count=1953 1874 718 1156 1090 591 499 380 312 119 546 166 380 172
is_linear=0
shrinkage=0.05


Tree=116
num_leaves=15
num_cat=0
split_feature=2 1 0 0 1 1 4 3 3 4 0 0 0 2
split_gain=1.70975 5.28037 6.59475 3.04762 1.517 2.88549 3.65064 2.00479 2.88024 3.61483 2.18919 9.72272 3.89491 7.14056
threshold=-0.94418750883419933 0.098678873477280007 24.204000000000004 25.152500000000003 0.1328271176880281 0.39702209115386683 15.539500000000002 0.74950000000000017 14.345500000000001 15.599500000000001 25.964000000000002 23.233500000000003 20.712000000000003 -0.34964745525122826
decision_type=2 2 2 2 2 2 2 2 2 2 2 2 2 2
left_child=1 2 -1 -3 7 6 -6 -2 9 -9 11 12 13 -10
right_child=4 3 -4 -5 5 -7 -8 8 10 -11 -12 -13 -14 -15
leaf_value=0.0095493097545271809 -0.024204556968999015 0.00018305828523285453 -0.023864964387686285 0.018064158254917553 -0.015746859426883447 -0.00022569896713845461 0.00047157501759754198 0.00040772932849588719 0.015018836393726571 0.0054487807887597002 -0.0079116486932954335 0.0090211611569893883 -0.018930698631110222 -0.00017273631495505275
leaf_weight=74 57 42 80 42 59 753 45 107 46 41 54 53 66 434
leaf_count=74 57 42 80 42 59 753 45 107 46 41 54 53 66 434
internal_value=0.000230415 0.00420168 -0.0012987 0.0142857 -0.0003207 -0.00180863 -0.00961538 0.0011655 0.00181024 0.00810811 0.000382848 0.00125209 -0.000732601 0.000833333
internal_weight=1953 238 154 84 1715 857 104 858 801 148 653 599 546 480
internal_count=1953 238 154 84 1715 857 104 858 801 148 653 599 546 480
is_linear=0
shrinkage=0.05


Tree=117
num_leaves=15
num_cat=0
split_feature=1 4 1 3 3 0 2 3 3 4 4 3 4 2
split_gain=1.44653 2.04495 3.52306 4.93324 2.98623 8.66878 2.32727 1.74263 1.69907 3.73292 3.09825 3.01727 2.90501 2.87512
threshold=0.63137065367936085 12.114500000000001 0.83987808009543619 77.733000000000018 82.812000000000012 12.124500000000001 0.58534685349953219 8.0710000000000015 39.788500000000006 24.070500000000003 22.377500000000001 53.237500000000004 6.5825000000000005 0.61287127154566789
decision_type=2 2 2 2 2 2 2 2 2 2 2 2 2 2
left_child=8 2 -2 -4 5 -3 -6 -7 12 10 11 -10 -1 -11
right_child=1 4 3 -5 6 7 -8 -9 9 13 -12 -13 -14 -15
leaf_value=-0.0043885745307834711 -0.01146894555768887 -0.0093491018489904685 0.0077200192150843651 -0.0017647515214293419 0.00088544802355285676 0.0079179638806175512 0.01346607354612131 -0.0011905860938703718 -0.0090640845488514261 -0.015794449078601652 0.0087084526947809326 0.00021679796442895805 0.0014554000671111887 -9.7121597877891652e-06
leaf_weight=58 64 60 53 72 180 44 40 64 45 52 42 708 416 55
leaf_count=58 64 60 53 72 180 44 40 64 45 52 42 708 416 55
internal_value=0.000281618 -0.00181976 -0.00608466 -0.0012 0.000257732 -0.0047619 0.00409091 0.0037037 0.00116279 -0.000110865 0.00106918 0.000332005 0.0035865 -0.0088785
internal_weight=1953 577 189 125 388 168 220 108 1376 902 795 753 474 107
internal_count=1953 577 189 125 388 168 220 108 1376 902 795 753 474 107
is_linear=0
shrinkage=0.05


Tree=118
num_leaves=15
num_cat=0
split_feature=1 3 3 3 4 3 0 1 4 0 4 1 3 1
split_gain=1.85226 0.922342 6.45096 2.73134 2.57489 6.16949 2.46287 4.80774 4.45812 2.86341 3.19525 3.01411 3.2076 3.14405
threshold=0.99351875964795655 77.733000000000018 84.010500000000022 70.073000000000008 18.425000000000001 7.4270000000000005 8.650500000000001 0.5043284533698108 27.555000000000003 9.5240000000000027 6.8470000000000004 -0.40542197401079716 99.192000000000021 0.83987808009543619
decision_type=2 2 2 2 2 2 2 2 2 2 2 2 2 2
left_child=1 3 -3 4 -1 -6 7 -4 9 -8 -11 -12 13 -13
right_child=-2 2 6 -5 5 -7 8 -9 -10 10 11 12 -14 -15
leaf_value=-0.00020979296838591344 -0.00035756196856295 -0.013143052148309515 0.00024994786660012709 0.0070801356385139669 0.0069462869599181956 -0.00011298641254131603 -0.013117202341600366 0.033872865922681204 -0.010380232632535425 0.0065339561464262223 -0.0017477599147537456 0.016044817189297924 -0.00022602672611561904 -0.0011404766617066221
leaf_weight=616 79 52 130 54 62 107 49 54 44 54 248 95 269 40
leaf_count=616 79 52 130 54 62 107 49 54 44 54 248 95 269 40
internal_value=0.000537634 0.000853789 -0.000144928 0.00208582 0.00133758 0.00680473 0.00076297 0.00597826 -0.000438048 0.000463576 0.00127479 0.000306748 0.0029703 0.00925926
internal_weight=1953 1874 1035 839 785 169 983 184 799 755 706 652 404 135
internal_count=1953 1874 1035 839 785 169 983 184 799 755 706 652 404 135
is_linear=0
shrinkage=0.05


Tree=119
num_leaves=15
num_cat=0
split_feature=1 4 3 4 4 4 4 2 0 4 2 0 3 1
split_gain=1.80202 1.16672 5.89869 2.22564 1.11191 2.33572 2.41285 1.23711 2.57021 0.997274 1.39976 6.46736 3.43934 3.23667
threshold=0.99351875964795655 27.071000000000002 99.972500000000011 24.070500000000003 22.736000000000004 21.627500000000001 20.429000000000006 0.98805528087738748 4.0520000000000005 4.0610000000000008 -0.77547391234167817 22.655500000000004 3.1785000000000001 1.0000000180025095e-35
decision_type=2 2 2 2 2 2 2 2 2 2 2 2 2 2
left_child=1 3 -3 4 5 6 7 8 -1 -10 11 13 -13 -11
right_child=-2 2 -4 -5 -6 -7 -8 -9 9 10 -12 12 -14 -15
leaf_value=-0.012220273510589819 -0.00033968387013480207 0.010276615147635604 -0.0014299403694095214 -0.0010818929552538854 0.005598275678063775 -0.0012076029057630771 0.004274016375355824 0.0078833125964510031 0.0019126219308719828 0.018151414217417606 -0.00032186456457322936 0.0040451434435812448 -0.0052884238633874705 0.0011850801464863268
leaf_weight=51 79 45 40 91 59 50 79 59 43 62 962 55 169 109
leaf_count=51 79 45 40 91 59 50 79 59 43 62 962 55 169 109
internal_value=0.000435228 0.000747065 0.00647059 0.000475126 0.000883392 0.000640635 0.000975456 0.000529801 0.000241213 0.000642857 0.000405306 0.00291139 -0.00267857 0.0102339
internal_weight=1953 1874 85 1789 1698 1639 1589 1510 1451 1400 1357 395 224 171
internal_count=1953 1874 85 1789 1698 1639 1589 1510 1451 1400 1357 395 224 171
is_linear=0
shrinkage=0.05


Tree=120
num_leaves=15
num_cat=0
split_feature=1 1 4 4 1 3 3 4 0 1 4 4 0 1
split_gain=1.17681 0.877167 0.93488 4.75989 4.1149 2.93623 2.27921 3.55347 3.90774 2.43515 2.26517 1.97701 5.33223 2.35636
threshold=0.99351875964795655 -0.99628894895067444 11.093000000000002 10.656500000000003 -0.92913280730858794 0.10300000000000001 5.1890000000000009 12.362500000000002 9.2280000000000015 0.33302288323572038 9.850500000000002 8.4010000000000016 20.956500000000002 -0.65189295912203338
decision_type=2 2 2 2 2 2 2 2 2 2 2 2 2 2
left_child=1 -1 3 4 -3 -4 9 -8 -9 -7 11 13 -13 -6
right_child=-2 2 5 -5 10 6 7 8 -10 -11 -12 12 -14 -15
leaf_value=-0.0026319785564653669 -0.00032269967662806323 0.0097030143660888583 0.003990262577648747 -0.0095097113219100443 -0.022407820049362481 -4.4131494837076901e-05 0.016352073328990437 0.0024357520016064838 -0.00033126855223579861 -0.0028434631614332184 0.0038289181775168161 -0.014825471871960712 0.0016871217304346099 0.00049125670847197653
leaf_weight=50 79 57 70 52 50 82 81 213 755 50 68 74 47 225
leaf_count=50 79 57 70 52 50 82 81 213 755 50 68 74 47 225
internal_value=0.000281618 0.000533618 0.000712719 -0.00095986 0.000479846 0.00147882 0.000889077 0.00166826 0.000826446 -0.00530303 -0.00107759 -0.00252525 -0.00785124 -0.000181818
internal_weight=1953 1874 1824 573 521 1251 1181 1049 968 132 464 396 121 275
internal_count=1953 1874 1824 573 521 1251 1181 1049 968 132 464 396 121 275
is_linear=0
shrinkage=0.05


Tree=121
num_leaves=15
num_cat=0
split_feature=2 4 2 4 4 4 1 0 2 2 2 0 0 1
split_gain=0.85505 2.19171 2.13425 4.0195 3.74084 3.97543 5.32684 1.86468 3.11723 4.14604 3.11795 2.43796 2.53592 2.24121
threshold=0.1858661703907829 25.164500000000004 0.42110087079608943 14.384000000000002 10.166500000000001 8.4875000000000025 0.3491821996099142 11.598000000000001 0.72731766296277522 0.80444483470750872 0.87796008470088804 5.8645000000000005 8.0390000000000033 -0.63137065367936041
decision_type=2 2 2 2 2 2 2 2 2 2 2 2 2 2
left_child=1 -1 3 -2 5 6 -4 8 -6 -10 -11 -12 -13 -9
right_child=2 -3 4 -5 7 -7 -8 13 9 10 11 12 -14 -15
leaf_value=-9.2742712379072223e-05 0.0064241786516497272 -0.0034033563299366108 -0.011890052799696784 -0.0011144364481892044 -0.0014367710052854436 -0.022828421039160315 0.016148392091818831 0.00018488190065816119 0.0088352799357061893 -0.002608719970474016 0.0035476047324823016 -0.0073309490351939344 0.00098650209009246018 0.015129166507310974
leaf_weight=1088 65 60 80 79 85 50 41 60 48 57 65 47 78 50
leaf_count=1088 65 60 80 79 85 50 41 60 48 57 65 47 78 50
internal_value=0.000179211 -0.000696864 0.00142857 0.00694444 0.000226929 -0.00614035 -0.00123967 0.00244898 0.000789474 0.00322034 0.000607287 0.00368421 -0.0004 0.00818182
internal_weight=1953 1148 805 144 661 171 121 490 380 295 247 190 125 110
internal_count=1953 1148 805 144 661 171 121 490 380 295 247 190 125 110
is_linear=0
shrinkage=0.05


Tree=122
num_leaves=15
num_cat=0
split_feature=0 3 3 3 0 4 1 2 4 2 2 4 2 3
split_gain=1.29019 4.02973 3.70372 3.435 2.91698 1.965 2.60104 1.75415 1.164 1.00683 2.42203 5.7619 1.84162 3.46637
threshold=9.2280000000000015 10.064000000000002 37.978500000000004 89.617500000000021 9.9515000000000011 22.377500000000001 0.47434769705567625 0.92284787786233202 28.322500000000002 0.75047916603754417 0.58534685349953219 14.594500000000002 0.31064877563037102 82.294000000000025
decision_type=2 2 2 2 2 2 2 2 2 2 2 2 2 2
left_child=1 7 -3 -4 -2 6 -5 -1 9 10 12 -12 -6 -14
right_child=4 2 3 5 8 -7 -8 -9 -10 -11 11 -13 13 -15
leaf_value=-0.0082794779983006647 -0.0056725911318482652 0.020259156699673354 -0.0056696459421451189 -0.0007047845792544135 -0.0001316528613303225 0.0083044033328092213 0.013274311371396603 1.5640457492754891e-05 -0.014156502369894059 0.0022094226707180947 -0.025864682390210739 0.0018821494380840819 0.014269945124126167 -0.0013604958238411736
leaf_weight=42 64 42 61 105 1152 46 74 44 43 79 42 42 62 55
leaf_count=42 64 42 61 105 1152 46 74 44 43 79 42 42 62 55
internal_value=0.000179211 0.002657 0.00518293 0.00314685 -0.000487329 0.006 0.00363128 -0.00697674 -3.38983e-05 0.000209497 -0.000110865 -0.00833333 0.000433412 0.00641026
internal_weight=1953 414 328 286 1539 225 179 86 1475 1432 1353 84 1269 117
internal_count=1953 414 328 286 1539 225 179 86 1475 1432 1353 84 1269 117
is_linear=0
shrinkage=0.05


Tree=123
num_leaves=15
num_cat=0
split_feature=1 1 4 4 0 4 1 4 4 1 4 3 1 0
split_gain=0.914427 1.85985 1.13189 1.31642 5.12808 1.10379 1.0847 1.0942 3.05174 3.19441 2.8445 2.65721 2.52908 3.73115
threshold=0.99466160899732492 0.98633936463790606 29.468500000000002 24.070500000000003 12.124500000000001 22.736000000000004 0.97109105924028427 11.504500000000002 10.656500000000003 -0.96683886033945943 9.850500000000002 0.10300000000000001 -0.92913280730858794 24.120500000000003
decision_type=2 2 2 2 2 2 2 2 2 2 2 2 2 2
left_child=1 2 3 5 -5 6 7 8 9 -1 -11 -9 -13 -14
right_child=-2 -3 -4 4 -6 -7 -8 11 -10 10 -12 12 13 -15
leaf_value=0.0084763510029950782 -0.00053843045695502331 0.01677136549837013 0.0021066686996852354 0.00091661055670062559 -0.0032266058703732644 0.0054815409745470238 -0.002619863364218389 0.0048282649583953063 -0.0023379915312182697 -0.00089710506741995659 0.003721401108847955 -0.0033573837090943972 0.00077174404295398129 -0.0098551179373188511
leaf_weight=50 72 43 45 53 72 58 45 55 99 391 67 100 685 118
leaf_count=50 72 43 45 53 72 58 45 55 99 391 67 100 685 118
internal_value=-2.56016e-05 0.000186071 -5.4407e-05 -0.000250976 -0.0052 0.000119904 -0.000124224 9.58466e-05 -0.00156507 0 -0.00131004 0.00114823 0.000498339 0.00143213
internal_weight=1953 1881 1838 1793 125 1668 1610 1565 607 508 458 958 903 803
internal_count=1953 1881 1838 1793 125 1668 1610 1565 607 508 458 958 903 803
is_linear=0
shrinkage=0.05


Tree=124
num_leaves=15
num_cat=0
split_feature=1 4 4 0 2 0 0 3 1 0 2 2 4 0
split_gain=1.00236 1.10042 1.3141 4.27582 0.870113 6.38519 4.14137 3.96819 3.70069 3.39596 3.00276 4.44545 2.64467 2.03398
threshold=0.99351875964795655 29.468500000000002 24.070500000000003 12.124500000000001 -0.77547391234167817 22.655500000000004 25.647500000000004 99.325500000000019 0.098678873477280007 28.070000000000004 -0.65604102973502731 -0.57729161655172734 17.355000000000004 22.392500000000002
decision_type=2 2 2 2 2 2 2 2 2 2 2 2 2 2
left_child=1 2 4 -4 5 7 -7 12 9 -8 13 -12 -1 -6
right_child=-2 -3 3 -5 10 6 8 -9 -10 -11 11 -13 -14 -15
leaf_value=0.0066732451888495961 -0.00054490242157624884 0.0020013352647009737 0.00074925126782562218 -0.0027067738068161373 -0.0055458349128747197 -0.010036214851879825 0.0017542031202971847 -0.00024298292526954703 0.014363883619522478 -0.012801915888499493 0.006232891022202861 -0.00013767368127659552 0.020244707905088095 -0.00015898360306932369
leaf_weight=78 79 45 58 73 57 98 44 78 49 55 58 1089 43 49
leaf_count=78 79 45 58 73 57 98 44 78 49 55 58 1089 43 49
internal_value=-0.000179211 5.33618e-05 -0.000136687 -0.00496183 0.000235571 0.00213483 -0.00325203 0.00879397 0.00202703 -0.00353535 -0.000438947 0.000305144 0.0144628 -0.00849057
internal_weight=1953 1874 1829 131 1698 445 246 199 148 99 1253 1147 121 106
internal_count=1953 1874 1829 131 1698 445 246 199 148 99 1253 1147 121 106
is_linear=0
shrinkage=0.05


Tree=125
num_leaves=15
num_cat=0
split_feature=1 4 4 0 2 0 0 1 2 2 2 4 3 4
split_gain=1.05896 1.05528 1.40496 4.27582 0.914687 4.96856 4.09271 3.26907 3.55926 3.12299 4.33126 2.96327 2.90619 3.49158
threshold=0.99351875964795655 29.468500000000002 24.070500000000003 12.124500000000001 -0.77547391234167817 22.757000000000001 25.647500000000004 0.098678873477280007 -0.96356381914947564 -0.65604102973502731 -0.57729161655172734 13.614500000000001 99.325500000000019 17.355000000000004
decision_type=2 2 2 2 2 2 2 2 2 2 2 2 2 2
left_child=1 2 4 -4 5 12 11 8 -8 -6 -11 -7 13 -1
right_child=-2 -3 3 -5 9 6 7 -9 -10 10 -12 -13 -14 -15
leaf_value=0.0061333454872080778 -0.00051765730049743719 0.0019012685014659248 0.00071178870443434081 -0.0025714351164753293 -0.0032026768142174784 -0.0021942447434143949 -0.024535555344425655 0.013645689438546355 0.0020692220172108477 0.0059212464710927202 -0.00013078999721276576 -0.03896937980031822 0.00012864090972808384 0.01923247250983369
leaf_weight=81 79 45 58 73 106 53 52 49 47 58 1089 41 79 43
leaf_count=81 79 45 58 73 106 53 52 49 47 58 1089 41 79 43
internal_value=-2.56016e-05 0.000213447 2.73373e-05 -0.00496183 0.00041225 0.00235955 -0.00247934 0.0027027 -0.00252525 -0.00027933 0.000479512 -0.0106383 0.00812808 0.0129032
internal_weight=1953 1874 1829 131 1698 445 242 148 99 1253 1147 94 203 124
internal_count=1953 1874 1829 131 1698 445 242 148 99 1253 1147 94 203 124
is_linear=0
shrinkage=0.05


Tree=126
num_leaves=15
num_cat=0
split_feature=0 0 0 2 4 0 4 1 4 4 2 0 1 4
split_gain=0.750116 2.40253 1.06538 5.19728 3.99802 3.07538 1.92013 3.95223 3.25393 3.20486 3.98013 3.81495 2.63278 5.05554
threshold=31.569500000000005 28.926000000000005 23.173000000000005 -0.78621243120361772 13.614500000000001 25.845000000000002 9.850500000000002 -0.96683886033945943 10.525500000000003 11.237500000000002 -0.94418750883419933 21.827500000000004 -0.30041382580050408 8.4010000000000016
decision_type=2 2 2 2 2 2 2 2 2 2 2 2 2 2
left_child=1 2 6 4 -4 -5 7 -1 -8 -10 -11 -12 -9 -14
right_child=-2 -3 3 5 -6 -7 8 12 9 10 11 -13 13 -15
leaf_value=0.0081445575224569078 0.0037290310867908352 -0.0046766527420876308 0.0011420382336674029 0.0064943793424100567 -0.029550164214648147 0.0027063908202843881 0.005359525065650201 -0.0096013363708516777 -0.002405435686835317 0.015189287594838242 5.8795729266974962e-05 -0.0054189088041028295 0.00037359245483691299 -0.012395627759747008
leaf_weight=41 48 42 99 66 64 52 42 84 77 60 1009 47 155 67
leaf_count=41 48 42 99 66 64 52 42 84 77 60 1009 47 155 67
internal_value=7.68049e-05 -7.87402e-05 0.000187869 0.00302491 -0.00276074 0.0110169 -0.000316056 -0.00360231 0.000607287 0.000125733 0.000806452 9.4697e-05 -0.00555556 -0.0027027
internal_weight=1953 1905 1863 281 163 118 1582 347 1235 1193 1116 1056 306 222
internal_count=1953 1905 1863 281 163 118 1582 347 1235 1193 1116 1056 306 222
is_linear=0
shrinkage=0.05


Tree=127
num_leaves=15
num_cat=0
split_feature=1 1 4 2 1 0 3 3 0 0 2 0 0 4
split_gain=1.07817 1.14667 1.09293 0.766169 4.21848 5.58617 2.58435 2.45137 1.33204 2.61392 3.96653 3.78214 3.03897 1.27919
threshold=0.99351875964795655 0.98521098335796142 29.468500000000002 -0.94418750883419933 0.1837425755813806 24.204000000000004 99.651500000000013 46.377500000000005 28.926000000000005 23.233500000000003 -0.78621243120361772 21.827500000000004 25.845000000000002 12.046500000000002
decision_type=2 2 2 2 2 2 2 2 2 2 2 2 2 2
left_child=1 2 3 4 5 6 -1 -7 9 11 -11 13 -12 -5
right_child=-2 -3 -4 8 -6 7 -8 -9 -10 10 12 -13 -14 -15
leaf_value=0.010623911725945972 -0.00049471422193591024 0.015678244154093579 0.001803265289929279 -0.0014474340119123852 0.012010340134042136 -0.0036897803078289829 -0.0013562048929685268 -0.034512068157716735 -0.0026663390594612092 -0.004652074773880399 0.0066799188048302927 -0.0054467053588392661 0.002571071279270168 5.5855942803628712e-05
leaf_weight=47 79 41 45 424 54 50 41 44 44 56 63 76 52 837
leaf_count=47 79 41 45 424 54 50 41 44 44 56 63 76 52 837
internal_value=2.56016e-05 0.000266809 8.18331e-05 -0.000111857 0.00254237 -0.0010989 0.00795455 -0.00957447 -0.000515464 -0.000265252 0.00555556 -0.00100972 0.0108696 -0.00035686
internal_weight=1953 1874 1833 1788 236 182 88 94 1552 1508 171 1337 115 1261
internal_count=1953 1874 1833 1788 236 182 88 94 1552 1508 171 1337 115 1261
is_linear=0
shrinkage=0.05


Tree=128
num_leaves=15
num_cat=0
split_feature=4 4 1 0 4 1 1 0 0 3 4 3 1 2
split_gain=1.24735 3.19182 2.30832 2.15157 2.05554 1.99615 2.38604 3.28446 5.04577 4.05521 5.24445 4.46175 4.34783 3.49622
threshold=11.504500000000002 10.856500000000002 -0.96683886033945943 4.0520000000000005 9.850500000000002 -0.92913280730858794 0.82072415811359578 24.120500000000003 25.647500000000004 98.297000000000011 16.195500000000003 95.187000000000026 -0.05591647229452347 -0.48754425631212789
decision_type=2 2 2 2 2 2 2 2 2 2 2 2 2 2
left_child=1 2 -1 -2 -4 -5 7 9 -9 11 12 -7 -11 -12
right_child=3 -3 4 5 -6 6 -8 8 -10 10 13 -13 -14 -15
leaf_value=0.0077311004612425661 -0.0050421746191374409 -0.0021386301843852235 -0.0014086526594251749 -0.0025166904727293468 0.0039136434578203039 0.0025101106637854054 -0.00040319153590116785 -0.02322885313668854 0.0019637983774022151 0.015973002216576923 -0.013467408565543459 0.012731884766519886 -0.00030220810463217612 0.00013118424136781862
leaf_weight=52 47 82 427 138 98 317 279 41 107 46 65 42 46 166
leaf_count=52 47 82 427 138 98 317 279 41 107 46 65 42 46 166
internal_value=2.56016e-05 -0.00174507 -0.000433276 0.000927357 -0.00142857 0.00132318 0.00202885 0.00337349 -0.00337838 0.00483871 0.000773994 0.00849582 0.0108696 -0.00324675
internal_weight=1953 659 577 1294 525 1247 1109 830 148 682 323 359 92 231
internal_count=1953 659 577 1294 525 1247 1109 830 148 682 323 359 92 231
is_linear=0
shrinkage=0.05


Tree=129
num_leaves=15
num_cat=0
split_feature=4 3 0 0 4 1 1 4 2 0 0 0 3 3
split_gain=1.33776 4.11681 2.66681 2.71508 1.70022 4.83399 2.46932 1.62638 1.65676 4.59796 3.18682 4.78646 2.84326 2.98158
threshold=23.378500000000003 58.046500000000002 10.758500000000002 15.343000000000002 21.627500000000001 0.14984488681196825 0.99351875964795655 20.429000000000006 0.43802537080760273 13.332500000000001 12.577000000000002 13.988000000000001 0.10300000000000001 30.584000000000003
decision_type=2 2 2 2 2 2 2 2 2 2 2 2 2 2
left_child=4 -2 -3 -4 6 -6 7 8 10 -10 -1 -12 -13 -14
right_child=1 2 3 -5 5 -7 -8 -9 9 -11 11 12 13 -15
leaf_value=0.0079745905482908278 0.0030893985938012093 0.0078137128411213293 -0.0052989086728987451 0.00058767167821275614 -0.0066186526174538546 0.0029767980007936665 -0.0011235760079202322 0.0041374466688632048 -0.0002231084427064517 -0.016897571847796156 -0.0063715819562315673 0.0059976594358377711 -0.00059700320476592799 0.00070016894671988135
leaf_weight=85 50 64 65 44 45 40 56 79 426 49 56 64 257 573
leaf_count=85 50 64 65 44 45 40 56 79 426 49 56 64 257 573
internal_value=-0.000281618 0.00336323 -0.000289017 -0.00504587 -0.000751445 -0.00764706 -0.000395137 -3.14663e-05 -0.000397351 -0.00284211 0.000724638 -0.000105263 0.000782998 0
internal_weight=1953 223 173 109 1730 85 1645 1589 1510 475 1035 950 894 830
internal_count=1953 223 173 109 1730 85 1645 1589 1510 475 1035 950 894 830
is_linear=0
shrinkage=0.05


Tree=130
num_leaves=15
num_cat=0
split_feature=1 4 1 1 2 0 0 2 4 3 0 3 1 4
split_gain=1.05896 1.05528 1.17818 3.15142 4.37102 2.29572 4.41662 3.48946 4.57518 3.46987 2.33331 2.17889 1.55441 1.74824
threshold=0.99351875964795655 29.468500000000002 -0.67760851415498091 -0.7383195169062905 -0.57240397273781507 23.233500000000003 19.074500000000004 0.37522380421282725 11.014000000000001 96.479500000000016 15.936500000000001 72.975500000000025 -0.60434081882701107 18.425000000000001
decision_type=2 2 2 2 2 2 2 2 2 2 2 2 2 2
left_child=1 2 3 4 -1 6 7 8 -6 -9 -10 -8 -4 -14
right_child=-2 -3 12 -5 5 -7 11 9 10 -11 -12 -13 13 -15
leaf_value=0.0088747938801353038 -0.00037525055692583801 0.0016844666193792214 0.0037266655217004178 -0.0052258653997533161 0.011155924416982212 0.0067602274519991791 -0.0023560241671043759 -0.016052693255406349 -0.0051203559642157698 0.00035122923848347965 0.0014386862634370927 -0.03023512745219047 -0.00017760509599619724 0.00051591266354313742
leaf_weight=40 79 45 56 50 41 64 41 49 45 40 58 40 959 346
leaf_count=40 79 45 56 50 41 64 41 49 45 40 58 40 959 346
internal_value=-2.56016e-05 0.000213447 2.73373e-05 -0.00213675 -0.000717703 -0.00238095 -0.00414013 -0.000643777 0.00416667 -0.00842697 -0.00145631 -0.0141975 0.000771492 0.000421456
internal_weight=1953 1874 1829 468 418 378 314 233 144 89 103 81 1361 1305
internal_count=1953 1874 1829 468 418 378 314 233 144 89 103 81 1361 1305
is_linear=0
shrinkage=0.05


Tree=131
num_leaves=15
num_cat=0
split_feature=4 3 4 3 4 0 3 2 2 0 4 3 4 1
split_gain=1.28167 3.88183 2.46122 3.01604 4.55531 4.69048 3.89714 3.76892 3.6837 4.94235 2.94861 2.60611 2.4977 2.83333
threshold=18.425000000000001 7.4270000000000005 17.612500000000004 95.804000000000016 15.215000000000002 13.153500000000003 77.733000000000018 -0.71840966893412694 -0.46997674302732012 19.359000000000005 9.5545000000000027 70.073000000000008 12.418500000000002 -0.7146667679788683
decision_type=2 2 2 2 2 2 2 2 2 2 2 2 2 2
left_child=2 -2 3 6 8 -6 11 -8 9 -5 -11 -1 13 -10
right_child=1 -3 -4 4 5 -7 7 -9 12 10 -12 -13 -14 -15
leaf_value=-0.00029583753096412702 0.0050958778404075217 2.1760970519413283e-05 -0.0023830137418685265 0.024292055015477446 0.00021450942292431386 0.02437851971001271 0.0056378654166908508 -0.0094919893047823566 0.016893575579393468 0.00053618749658030935 -0.012433338324802257 0.0087099185869051049 -0.0067138072815676438 -0.0018693641272446689
leaf_weight=605 68 499 92 64 45 49 52 107 50 41 45 44 72 120
leaf_count=605 68 499 92 64 45 49 52 107 50 41 45 44 72 120
internal_value=2.56016e-05 0.00202822 -0.000793651 -0.000231839 0.00288066 0.012766 -0.00210396 -0.0091195 0.000510204 0.00666667 -0.00116279 -0.000385208 -0.00330579 0
internal_weight=1953 567 1386 1294 486 94 808 159 392 150 86 649 242 170
internal_count=1953 567 1386 1294 486 94 808 159 392 150 86 649 242 170
is_linear=0
shrinkage=0.05


Tree=132
num_leaves=15
num_cat=0
split_feature=3 3 3 0 2 1 1 4 0 4 4 3 2 4
split_gain=1.09907 3.82727 3.5778 3.24281 2.94471 2.39732 2.25564 3.18457 2.08154 3.5469 2.56241 5.07802 6.3261 3.32106
threshold=5.0015000000000009 4.9155000000000006 8.0710000000000015 15.517500000000002 0.74475763103476778 -0.021515898191484053 0.098678873477280007 14.123500000000002 27.177000000000003 10.235000000000001 9.850500000000002 51.808000000000007 0.42110087079608943 10.656500000000003
decision_type=2 2 2 2 2 2 2 2 2 2 2 2 2 2
left_child=1 3 -2 4 -1 -3 7 -5 10 -10 11 -4 -13 -12
right_child=2 5 8 6 -6 -7 -8 -9 9 -11 13 12 -14 -15
leaf_value=-0.0047100820407127153 0.010341563726585786 -0.017817965805296477 -0.0048613650588903365 0.0032532664150776384 0.00049662366542616021 -8.3606698940738577e-05 0.014422438933054017 -0.0053687345842994456 0.00097543655349345841 -0.011191952317778942 0.0048073121070576433 0.0015500872060903394 -0.015931187080071591 0.00020295542510257865
leaf_weight=47 70 46 65 67 40 45 63 41 42 41 50 163 79 1094
leaf_count=47 70 46 65 67 40 45 63 41 42 41 50 163 79 1094
internal_value=-0.000179211 -0.00272206 0.000374065 0.000387597 -0.00747126 -0.0115385 0.00438596 0 -0.000130378 -0.00783133 0.000310131 -0.00374593 -0.000413223 0.0013986
internal_weight=1953 349 1604 258 87 91 171 108 1534 83 1451 307 242 1144
internal_count=1953 349 1604 258 87 91 171 108 1534 83 1451 307 242 1144
is_linear=0
shrinkage=0.05


Tree=133
num_leaves=15
num_cat=0
split_feature=4 1 3 4 3 0 0 0 1 4 1 2 1 2
split_gain=1.01901 1.55398 2.79207 3.60968 4.81708 4.83535 2.07802 1.74545 1.22032 0.916608 1.0445 4.33456 2.92063 2.35294
threshold=19.366000000000003 0.94130860066615818 31.213500000000003 20.772500000000004 75.408500000000018 10.172500000000001 12.767000000000001 17.353000000000005 0.99351875964795655 4.0610000000000008 -0.69016699705532203 0.57132313271480106 -0.53735068276495002 0.29426351849031901
decision_type=2 2 2 2 2 2 2 2 2 2 2 2 2 2
left_child=8 2 -2 -4 -5 -6 -7 -8 9 -1 11 13 -12 -11
right_child=1 -3 3 4 5 6 7 -9 -10 10 12 -13 -14 -15
leaf_value=0.0010259940533190099 0.0025329729147302556 -0.0006699864986035531 0.0066263759946077194 -0.020015807819218842 0.0066445468900581455 -0.012329451803998154 0.0020369311588802979 -0.0036473773009100432 -0.00087094064256029312 -0.0018576917118354908 0.0056255624384180638 -0.018330859753663442 -0.00022407703361419646 0.0033544246214778197
leaf_weight=46 76 77 72 40 69 50 45 54 46 255 81 41 950 51
leaf_count=46 76 77 72 40 69 50 45 54 46 255 81 41 950 51
internal_value=-2.56016e-05 0.00196687 0.00320197 0.00121212 -0.00155039 0.00137615 -0.00369128 0.000505051 -0.000680272 -0.000421348 -0.00065312 -0.00302594 0.00014549 -0.000980392
internal_weight=1953 483 406 330 258 218 149 99 1470 1424 1378 347 1031 306
internal_count=1953 483 406 330 258 218 149 99 1470 1424 1378 347 1031 306
is_linear=0
shrinkage=0.05


Tree=134
num_leaves=15
num_cat=0
split_feature=1 4 3 0 4 4 1 1 4 3 4 4 4 1
split_gain=1.28853 1.26597 2.77594 1.67811 1.86889 1.64335 2.84026 1.3314 1.84879 1.04541 3.12647 2.55233 4.13209 4.15346
threshold=-0.99628894895067444 23.378500000000003 58.046500000000002 12.124500000000001 25.961000000000002 21.627500000000001 0.14984488681196825 0.99466160899732492 20.429000000000006 99.844500000000011 6.5825000000000005 11.237500000000002 17.612500000000004 0.74981945761428193
decision_type=2 2 2 2 2 2 2 2 2 2 2 2 2 2
left_child=-1 5 -3 4 -4 7 -7 8 9 -2 -11 -12 13 -13
right_child=1 2 3 -5 -6 6 -8 -9 -10 10 11 12 -14 -15
leaf_value=-0.0035588715226301222 -0.00026516763596600438 0.0035694892239399138 -0.00057223423378622857 -0.0013453971057967391 0.0046638064083622038 -0.0060230819036206189 0.0024586993032928192 -0.0010077474880105213 0.0051371606324066097 0.0086638685226551049 -0.0021096496397277425 0.014315452114453873 -0.0013740180823838433 -0.0022041846987793548
leaf_weight=50 1050 43 40 79 50 44 40 50 76 45 109 132 104 41
leaf_count=50 1050 43 40 79 50 44 40 50 76 45 109 132 104 41
internal_value=-7.68049e-05 0.000131372 0.00377358 0.000887574 0.00555556 -0.000325251 -0.00714286 3.11139e-05 0.000289017 -0.000101283 0.00197216 0.000518135 0.00306859 0.00780347
internal_weight=1953 1903 212 169 90 1691 84 1607 1557 1481 431 386 277 173
internal_count=1953 1903 212 169 90 1691 84 1607 1557 1481 431 386 277 173
is_linear=0
shrinkage=0.05


Tree=135
num_leaves=15
num_cat=0
split_feature=2 0 0 0 4 4 1 0 4 1 4 1 1 1
split_gain=0.856899 1.02842 2.56281 1.48804 0.824838 1.4568 1.66998 1.87528 1.0425 6 1.12572 4.48495 6.47143 2.5347
threshold=0.99276848381014016 4.0520000000000005 5.3030000000000008 6.2280000000000006 4.9960000000000013 5.9000000000000012 -0.98211651112579568 18.023500000000002 25.710000000000004 -0.19244979981841048 20.772500000000004 0.081558489694578698 0.73465119469809237 -0.69016699705532203
decision_type=2 2 2 2 2 2 2 2 2 2 2 2 2 2
left_child=1 -1 -3 -4 -5 -6 7 -7 10 -10 -8 13 -13 -12
right_child=-2 2 3 4 5 6 8 -9 9 -11 11 12 -14 -15
leaf_value=-0.0046512484739443137 0.0070273237506769393 0.0072858031768834519 -0.017471313723073565 0.0046679323839643903 -0.0027604687842609343 -0.00034476761448703488 6.0893492901090143e-05 -0.0051485928852951224 0.01181649908661804 -0.00096879663612437633 -0.00094812578902294981 0.012547910527308926 -0.0004345397461879444 -0.0084455180115878287
leaf_weight=69 67 42 49 71 40 57 1219 40 40 60 50 46 59 44
leaf_count=69 67 42 49 71 40 57 1219 40 40 60 50 46 59 44
internal_value=-0.000332821 -0.000530223 -0.000302697 -0.000591549 -0.000347625 -0.000574018 -0.000340557 -0.00670103 6.58762e-05 0.005 -0.000282087 -0.00376884 0.00333333 -0.0117021
internal_weight=1953 1886 1817 1775 1726 1655 1615 97 1518 100 1418 199 105 94
internal_count=1953 1886 1817 1775 1726 1655 1615 97 1518 100 1418 199 105 94
is_linear=0
shrinkage=0.05


Tree=136
num_leaves=15
num_cat=0
split_feature=2 2 1 3 4 0 0 1 2 1 0 0 0 3
split_gain=1.03585 2.7183 2.39281 3.01952 4.49659 2.56115 1.78083 1.7365 2.00013 3.17502 0.856892 0.812723 2.30677 1.24724
threshold=0.69017338824297181 0.57132313271480106 0.59055600833485278 37.978500000000004 9.850500000000002 7.0275000000000007 11.709500000000002 0.38118653245548312 0.96001231037146451 -0.41665914930189557 9.5240000000000027 31.569500000000005 28.926000000000005 2.1505000000000005
decision_type=2 2 2 2 2 2 2 2 2 2 2 2 2 2
left_child=1 11 3 5 -5 -2 -3 8 9 -6 -10 12 13 -1
right_child=2 6 -4 4 7 -7 -8 -9 10 -11 -12 -13 -14 -15
leaf_value=0.0030378807465228533 0.00084424206367911822 -0.00011660886814259531 0.010753477305067633 -0.01303260342171071 3.6168242408410324e-05 0.0058010242445126325 -0.017651323333086853 -0.0059362613128185367 -0.010684108295007128 0.0071323421407922701 0.00088707236168941164 0.003244470709867356 -0.003955766919841181 -0.00010879458116030417
leaf_weight=128 74 44 55 52 69 50 42 41 47 41 42 48 42 1178
leaf_count=128 74 44 55 52 69 50 42 41 47 41 42 48 42 1178
internal_value=-2.56016e-05 -0.000674764 0.00201699 0.000721154 -0.00205479 0.00725806 -0.00930233 0.000833333 0.00276382 0.00727273 -0.00280899 -0.000143266 -0.00037092 0
internal_weight=1953 1482 471 416 292 124 86 240 199 110 89 1396 1348 1306
internal_count=1953 1482 471 416 292 124 86 240 199 110 89 1396 1348 1306
is_linear=0
shrinkage=0.05


Tree=137
num_leaves=15
num_cat=0
split_feature=4 4 1 4 2 0 2 0 3 4 0 1 1 4
split_gain=1.04272 2.49608 2.30832 2.74808 2.53395 2.12002 2.56371 2.95239 4.99777 3.02113 2.80265 3.34576 3.03766 5.65707
threshold=11.504500000000002 10.856500000000002 -0.96683886033945943 9.850500000000002 -0.41327860778290426 4.0520000000000005 0.69017338824297181 11.797000000000002 82.812000000000012 12.362500000000002 23.723000000000003 -0.93535928755917819 0.16681837808193059 21.627500000000001
decision_type=2 2 2 2 2 2 2 2 2 2 2 2 2 2
left_child=1 2 -1 -4 -5 -2 7 8 -7 -9 11 -11 13 -13
right_child=5 -3 3 4 -6 6 -8 9 -10 10 -12 12 -14 -15
leaf_value=0.0066231949712527993 -0.0053023575510377065 -0.0029326160379023417 -0.0011311841532103115 -0.0018373834096139464 0.0059592639984840795 -0.0099103719834284371 0.0012293872129154407 0.015859362893943126 -1.7521853689006497e-05 -0.0052014438448023288 -0.0041001395570929742 0.0065609273562143361 9.2225709329675501e-05 -0.0044608092227460261
leaf_weight=52 47 82 427 48 50 54 270 56 112 111 151 143 304 46
leaf_count=52 47 82 427 48 50 54 270 56 112 111 151 143 304 46
internal_value=2.56016e-05 -0.00159332 -0.000433276 -0.00142857 0.00612245 0.000850077 0.00124298 5.11771e-05 -0.0060241 0.0012947 0.000463576 0.00198675 0.00375254 0.00873016
internal_weight=1953 659 577 525 98 1294 1247 977 166 811 755 604 493 189
internal_count=1953 659 577 525 98 1294 1247 977 166 811 755 604 493 189
is_linear=0
shrinkage=0.05


Tree=138
num_leaves=15
num_cat=0
split_feature=4 4 0 2 1 2 2 4 4 3 2 3 3 3
split_gain=1.43006 3.19432 1.66758 11.3986 5.12731 4.24667 2.9879 3.84499 4.83623 2.4602 3.10999 2.37902 1.72316 3.76421
threshold=15.343500000000002 14.822500000000002 12.416500000000001 0.42110087079608943 -0.54817103930762534 0.1858661703907829 0.53553085593708327 7.8590000000000009 9.850500000000002 1.0570000000000002 0.0064435096891653281 98.944000000000003 94.290500000000023 99.991500000000016
decision_type=2 2 2 2 2 2 2 2 2 2 2 2 2 2
left_child=1 2 4 5 -1 9 -6 -8 -9 -4 12 -10 -11 -14
right_child=-2 -3 3 -5 6 -7 7 8 11 10 -12 -13 13 -15
leaf_value=0.01594376829096459 0.00032838962944744778 -0.0070970562133493677 0.0045050739175691466 -0.033077486027510331 0.0021583399369258182 0.0048813068676771812 0.0089327761276246833 -0.018081354551859781 -0.011817311766061401 -0.0013994001849961081 -0.0028083765038328435 0.0090686326669686939 0.0096964880434111458 -0.0021518694069179584
leaf_weight=42 884 49 58 40 69 50 66 47 61 303 43 45 88 108
leaf_count=42 884 49 58 40 69 50 66 47 61 303 43 45 88 108
internal_value=0.000435228 -0.000795136 -0.000196078 -0.0015942 0.00272727 0 0.000347222 -0.00251142 -0.00686275 -0.00116667 -0.00221402 -0.000943396 -0.0011022 0.00255102
internal_weight=1953 1069 1020 690 330 650 288 219 153 600 542 106 499 196
internal_count=1953 1069 1020 690 330 650 288 219 153 600 542 106 499 196
is_linear=0
shrinkage=0.05


Tree=139
num_leaves=15
num_cat=0
split_feature=4 0 0 2 2 3 2 2 0 0 3 0 4 0
split_gain=2.44701 2.34576 2.28429 6.55125 3.40383 3.375 3.21373 2.89805 2.75981 2.63511 2.60603 1.87008 2.40974 1.77365
threshold=11.504500000000002 4.0520000000000005 12.577000000000002 0.24460549819462502 0.88637546977843906 47.907000000000004 0.75047916603754417 -0.045113073260993279 24.120500000000003 26.848000000000003 18.278000000000002 20.956500000000002 8.4010000000000016 5.8645000000000005
decision_type=2 2 2 2 2 2 2 2 2 2 2 2 2 2
left_child=2 -2 4 7 6 -6 -1 8 10 -10 -4 12 -12 -3
right_child=1 13 3 -5 5 -7 -8 -9 9 -11 11 -13 -14 -15
leaf_value=3.5882271741057709e-05 -0.0050536591549581959 0.0049161810482693247 -0.0096445194354122521 -0.028565191055985734 0.0034652040567015791 -0.0097720715705995592 0.027589890707908522 0.0024629295039527046 0.0099399417286520179 -0.0024546586576331408 0.00011929179240773302 0.0016755091402257394 -0.012947140405001074 0.0003019009327676792
leaf_weight=78 47 42 42 44 48 48 44 53 61 90 44 49 58 1205
leaf_count=78 47 42 42 44 48 48 44 53 61 90 44 49 58 1205
internal_value=0.000128008 0.00139104 -0.00235205 -0.00442177 0.00183486 -0.00520833 0.00737705 -0.00239295 -0.00406977 0.000993377 -0.00803109 -0.00496689 -0.00882353 0.00180433
internal_weight=1953 1294 659 441 218 96 122 397 344 151 193 151 102 1247
internal_count=1953 1294 659 441 218 96 122 397 344 151 193 151 102 1247
is_linear=0
shrinkage=0.05


Tree=140
num_leaves=15
num_cat=0
split_feature=4 0 0 4 3 1 0 3 1 1 3 2 0 2
split_gain=1.888 2.34576 1.77365 1.76634 2.27642 1.71943 3.95122 2.55724 4.49818 4.06343 3.60045 2.29365 4.26635 3.23189
threshold=11.504500000000002 4.0520000000000005 5.8645000000000005 12.418500000000002 68.128000000000014 -0.92913280730858794 18.876000000000001 21.6645 -0.59402672566899761 0.39702209115386683 46.377500000000005 0.88637546977843906 8.9345000000000017 -0.081676395330422633
decision_type=2 2 2 2 2 2 2 2 2 2 2 2 2 2
left_child=5 -2 -3 4 -4 6 -1 8 -7 -10 -9 12 -12 -14
right_child=1 2 3 -5 -6 7 -8 10 9 -11 11 -13 13 -15
leaf_value=0.013844889213189222 -0.0048009761972102882 0.0046703719958558574 -0.00066936215173734335 0.00011899386511521337 0.01706409767857902 -0.022305201150007826 -0.00074248421876551012 0.0037117940131021127 0.0036390850472733938 -0.0020742331278622906 0.032197861316413355 -0.0092834679920695811 -0.00016005190426038042 -0.005379263229074986
leaf_weight=41 47 42 40 1123 42 40 41 50 86 65 44 48 198 46
leaf_count=41 47 42 40 1123 42 40 41 50 86 65 44 48 198 46
internal_value=0.000281618 0.00139104 0.00180433 0.00145228 0.00853659 -0.00189681 0.00487805 -0.00285962 -0.00759162 -0.00364238 -0.000518135 -0.00238095 -0.000694444 -0.00327869
internal_weight=1953 1294 1247 1205 82 659 82 577 191 151 386 336 288 244
internal_count=1953 1294 1247 1205 82 659 82 577 191 151 386 336 288 244
is_linear=0
shrinkage=0.05


Tree=141
num_leaves=15
num_cat=0
split_feature=4 0 0 2 4 1 0 3 3 4 0 2 1 0
split_gain=1.69759 2.48569 5.77223 5.06319 3.88733 3.69342 3.80066 2.44656 4.64406 2.33427 1.60941 1.42012 1.40493 1.93637
threshold=11.093000000000002 12.577000000000002 9.6455000000000002 0.24460549819462502 10.235000000000001 -0.27123391067291053 24.120500000000003 95.447500000000005 8.6560000000000024 9.145500000000002 3.9720000000000004 0.93851706827667047 0.82072415811359578 9.2280000000000015
decision_type=2 2 2 2 2 2 2 2 2 2 2 2 2 2
left_child=1 2 9 4 5 6 -3 8 -7 11 -2 -1 13 -12
right_child=10 3 -4 -5 -6 7 -8 -9 -10 -11 12 -13 -14 -15
leaf_value=-0.00059479735278457856 -0.0037194679897431197 -0.00017594128421405815 0.0073944579598127147 -0.025500265250133665 -0.0077925163404464455 0.0035744871021135662 0.0091071863576952967 0.0021807304393748964 -0.0035511621093849998 0.0031529550991711316 0.0030239719221168159 -0.018832041475224048 -0.00018910570120428128 0.00026128981555552936
leaf_weight=58 43 72 61 41 63 43 61 60 65 42 178 44 288 834
leaf_count=58 43 72 61 41 63 43 61 60 65 42 178 44 288 834
internal_value=0.000384025 -0.00180328 0.00268293 -0.00407407 -0.0021978 0.000166113 0.00639098 -0.0047619 -0.00925926 -0.00277778 0.00137751 -0.00686275 0.00169231 0.00256917
internal_weight=1953 610 205 405 364 301 133 168 108 144 1343 102 1300 1012
internal_count=1953 610 205 405 364 301 133 168 108 144 1343 102 1300 1012
is_linear=0
shrinkage=0.05


Tree=142
num_leaves=15
num_cat=0
split_feature=4 1 0 1 0 3 4 4 4 2 0 4 2 4
split_gain=2.2105 2.6203 1.632 3.78442 2.33315 3.02523 2.5336 7.47614 2.4113 1.49207 3.08169 2.57067 4.01171 2.05629
threshold=9.850500000000002 -0.96683886033945943 23.860000000000003 -0.45914483320598648 12.416500000000001 94.906500000000008 7.8590000000000009 5.9970000000000008 7.9675000000000002 0.31064877563037102 14.636500000000002 23.787000000000003 0.72731766296277522 15.160000000000002
decision_type=2 2 2 2 2 2 2 2 2 2 2 2 2 2
left_child=1 -1 4 -4 6 8 7 -3 -6 -2 11 12 13 -11
right_child=9 2 3 -5 5 -7 -8 -9 -10 10 -12 -13 -14 -15
leaf_value=0.0078288417169512653 1.1969533623695795e-05 -0.0059695131554607928 0.0086518270398105342 -0.0020590680318966991 -0.02335501925333407 -0.0002610858310161085 -0.0062284797290166512 0.022485177320083507 -0.0010061267097815792 -0.020601056636487387 0.0020930500051558722 0.0031939613042138216 0.00093161111973858466 -0.00059402791897451021
leaf_weight=46 925 48 41 70 49 62 66 49 42 46 49 103 267 90
leaf_count=46 925 48 41 70 49 62 66 49 42 46 49 103 267 90
internal_value=0.000332821 -0.00264271 -0.00386417 0.00135135 -0.0056962 -0.0101307 -0.00153374 0.00360825 -0.0159341 0.00128378 0.00333333 0.00217391 0.000372208 -0.00661765
internal_weight=1953 473 427 111 316 153 163 97 91 1480 555 506 403 136
internal_count=1953 473 427 111 316 153 163 97 91 1480 555 506 403 136
is_linear=0
shrinkage=0.05


Tree=143
num_leaves=15
num_cat=0
split_feature=4 1 4 4 0 4 2 3 3 1 3 1 1 3
split_gain=1.98816 2.6203 1.39382 3.49007 1.8 1.26085 2.0284 1.62088 3.16206 2.67273 2.39024 1.66983 1.17097 2.72432
threshold=9.850500000000002 -0.96683886033945943 10.656500000000003 11.093000000000002 18.209500000000002 9.145500000000002 0.93851706827667047 8.0710000000000015 94.499000000000009 -0.10282099713736061 3.3395000000000006 0.26744970170045884 0.93779576777868801 22.285500000000003
decision_type=2 2 2 2 2 2 2 2 2 2 2 2 2 2
left_child=1 -1 4 -4 -2 6 7 10 11 -10 -3 -9 -5 -14
right_child=2 5 3 12 -6 -7 -8 8 9 -11 -12 -13 13 -15
leaf_value=0.0074373996311037013 0.0044604503445358655 -0.00022503852156796763 -0.0074034890001053099 0.0002890982362845296 0.00056313472262748548 -0.0051713230308852946 -0.013749971980552328 -0.0020484692166652801 -0.0041830049362920922 0.010693089890101785 0.012772725757039249 -0.0040738645302066728 -0.0035317840246448851 0.00035962791702282563
leaf_weight=46 40 41 57 1174 40 70 50 65 44 66 41 50 46 123
leaf_count=46 40 41 57 1174 40 70 50 65 44 66 41 50 46 123
internal_value=0.000179211 -0.00264271 0.00108108 0.000714286 0.0075 -0.00386417 -0.00266106 -0.00114007 -0.00333333 0.00272727 0.00487805 -0.00913043 0.00122859 -0.00266272
internal_weight=1953 473 1480 1400 80 427 357 307 225 110 82 115 1343 169
internal_count=1953 473 1480 1400 80 427 357 307 225 110 82 115 1343 169
is_linear=0
shrinkage=0.05


Tree=144
num_leaves=15
num_cat=0
split_feature=4 1 0 1 0 2 4 2 1 1 4 4 4 0
split_gain=2.29722 2.71893 1.78185 3.78442 2.01204 3.59806 5.17517 3.22266 2.3153 1.27892 1.26694 2.10414 1.05187 2.48949
threshold=9.850500000000002 -0.96683886033945943 23.860000000000003 -0.45914483320598648 12.416500000000001 0.6971494193916894 7.8590000000000009 -0.77547391234167817 0.86458376591717523 -0.97873101657557338 10.656500000000003 11.093000000000002 12.418500000000002 13.894000000000002
decision_type=2 2 2 2 2 2 2 2 2 2 2 2 2 2
left_child=1 -1 4 -4 5 -3 -7 -6 -9 -2 -11 -12 13 -13
right_child=9 2 3 -5 7 6 -8 8 -10 10 11 12 -14 -15
leaf_value=0.0070655296495485175 -0.0028126124991402213 0.020826263959574244 0.0083216591486532706 -0.001803056286630067 4.3329650179904644e-05 0.0024768976519560851 -0.014070546118944838 -0.016367073170682044 -0.0016140673793489325 0.0040238251319143327 -0.0070333145501000451 -0.00136102133675301 0.00011821860994478615 0.011842045967324705
leaf_weight=46 80 49 41 70 45 70 44 65 43 78 51 49 1142 80
leaf_count=46 80 49 41 70 45 70 44 65 43 78 51 49 1142 80
internal_value=0.000179211 -0.00285412 -0.00409836 0.00135135 -0.00601266 -0.00214724 -0.00701754 -0.0101307 -0.0148148 0.00114865 0.0015 0.00113464 0.00153423 0.00581395
internal_weight=1953 473 427 111 316 163 114 153 108 1480 1400 1322 1271 129
internal_count=1953 473 427 111 316 163 114 153 108 1480 1400 1322 1271 129
is_linear=0
shrinkage=0.05


Tree=145
num_leaves=15
num_cat=0
split_feature=4 4 2 2 0 1 0 0 1 0 4 0 2 1
split_gain=2.29359 2.03956 1.64993 4.99223 3.01558 2.1172 2.11426 4.51146 4.41093 3.39465 1.89463 1.2536 1.3051 1.25
threshold=11.209000000000001 10.856500000000002 0.42110087079608943 0.14347198451036616 10.592000000000001 0.16681837808193059 20.956500000000002 18.763000000000002 0.71989675514303919 26.848000000000003 7.8590000000000009 3.9720000000000004 0.99276848381014016 -0.36523833096101349
decision_type=2 2 2 2 2 2 2 2 2 2 2 2 2 2
left_child=1 2 3 6 5 -4 7 8 -1 10 -8 -2 -13 -11
right_child=11 -3 4 -5 -6 -7 9 -9 -10 13 -12 12 -14 -15
leaf_value=0.0088284255367688646 -0.0040211706873576839 -0.0066242226070541274 0.0050048634783704318 0.010322436153138208 -0.01934631698208901 -0.0050836566743568973 4.1163167670910107e-05 -0.0024631055006288042 -0.00201598293258794 -0.0037892473560621033 0.013251642167466793 0.00018640438256517511 0.0077393508841030467 0.00077703437575950003
leaf_weight=40 42 50 70 42 40 78 61 43 63 40 60 1239 45 40
leaf_count=40 42 50 70 42 40 78 61 43 63 40 60 1239 45 40
internal_value=0.000179211 -0.0023126 -0.00147314 0.000385604 -0.00531915 -0.00202703 -0.00158501 -0.00616438 -0.000485437 0.00174129 0.00702479 0.00135747 0.00163551 -0.00625
internal_weight=1953 627 577 389 188 148 347 146 103 201 121 1326 1284 80
internal_count=1953 627 577 389 188 148 347 146 103 201 121 1326 1284 80
is_linear=0
shrinkage=0.05


Tree=146
num_leaves=15
num_cat=0
split_feature=4 1 0 0 3 4 4 4 0 3 2 0 2 0
split_gain=1.18768 2.24401 1.74218 3.21115 3.42407 2.96165 6.39624 1.52805 1.0363 2.60067 3.17697 1.89108 1.97027 4.48763
threshold=9.850500000000002 -0.96683886033945943 20.956500000000002 12.416500000000001 94.906500000000008 7.8590000000000009 5.9970000000000008 7.8590000000000009 24.257500000000004 23.025000000000002 -0.88835394722870831 23.233500000000003 -0.94418750883419933 21.827500000000004
decision_type=2 2 2 2 2 2 2 2 2 2 2 2 2 2
left_child=1 -1 3 5 -5 6 -3 -4 11 10 -10 12 -2 -14
right_child=8 2 7 4 -6 -7 -8 -9 9 -11 -12 -13 13 -15
leaf_value=0.006304578444840548 0.013250798836853251 -0.0061752802079487745 -0.0019128276131580469 -0.014386517427027432 -0.00085907466759230504 -0.0047282159138734327 0.019268828953938624 0.0080950385590237151 0.0097919556313875514 -0.0046129372667486346 -0.0036980751867709662 0.0034108624322431308 0.00022586773097432007 -0.0049811295196995125
leaf_weight=46 69 48 97 60 48 66 49 59 46 104 41 49 1112 59
leaf_count=46 69 48 97 60 48 66 49 59 46 104 41 49 1112 59
internal_value=0.000384025 -0.00179704 -0.0029274 -0.00535055 -0.012037 -0.000920245 0.00463918 0.00128205 0.00108108 -0.00235602 0.00402299 0.00159038 0.00120968 0.000725875
internal_weight=1953 473 427 271 108 163 97 156 1480 191 87 1289 1240 1171
internal_count=1953 473 427 271 108 163 97 156 1480 191 87 1289 1240 1171
is_linear=0
shrinkage=0.05


Tree=147
num_leaves=15
num_cat=0
split_feature=4 2 0 4 3 3 4 4 2 0 1 0 0 1
split_gain=1.84647 2.46881 3.26678 2.29909 3.22997 6.02591 2.05122 2.01261 1.58733 1.57503 4.52389 2.3524 1.84878 1.74066
threshold=9.850500000000002 0.93851706827667047 7.7405000000000008 9.145500000000002 94.499000000000009 8.6560000000000024 7.168000000000001 7.2345000000000015 -0.15621076983770799 23.723000000000003 0.098678873477280007 25.647500000000004 22.392500000000002 -0.93535928755917819
decision_type=2 2 2 2 2 2 2 2 2 2 2 2 2 2
left_child=1 2 -1 4 5 6 -4 -7 -6 12 11 -11 13 -2
right_child=9 -3 3 -5 8 7 -8 -9 -10 10 -12 -13 -14 -15
leaf_value=0.012559136836101409 -0.00569859214673337 -0.013511687152872598 -0.0015341213456803303 -0.0095858498993122605 0.0041323127408883662 -0.0016275889869043813 0.0080001182351568893 -0.0044715345109253846 -0.00031499737209244943 -0.015219671050772899 0.02174623946853722 -0.0027101871553226382 0.0041721141116030092 0.00049860341914268684
leaf_weight=42 127 56 40 67 64 67 41 47 49 57 44 118 58 1076
leaf_count=42 127 56 40 67 64 67 41 47 49 57 44 118 58 1076
internal_value=7.68049e-05 -0.00264271 -0.00131894 -0.0028 -0.000974026 -0.00487179 0.00555556 -0.0122807 0.00575221 0.000945946 -0.00296804 -0.00657143 0.00162569 0.00120532
internal_weight=1953 473 417 375 308 195 81 114 113 1480 219 175 1261 1203
internal_count=1953 473 417 375 308 195 81 114 113 1480 219 175 1261 1203
is_linear=0
shrinkage=0.05


Tree=148
num_leaves=15
num_cat=0
split_feature=1 1 0 0 4 4 3 4 1 0 3 4 1 3
split_gain=1.40774 1.06093 3.67484 4.301 4.22563 3.04427 3.65933 1.87987 1.18457 1.51784 6.38109 6.05907 3.72617 2.3932
threshold=-0.99628894895067444 -0.80392051724781044 23.233500000000003 18.505000000000006 15.109000000000002 13.760500000000002 99.979500000000016 5.4255000000000004 -0.74981945761428193 24.204000000000004 18.829000000000004 13.906000000000002 0.098678873477280007 5.5715000000000012
decision_type=2 2 2 2 2 2 2 2 2 2 2 2 2 2
left_child=-1 2 3 5 -5 -2 -7 -3 -9 12 11 -11 13 -10
right_child=1 7 -4 4 -6 6 -8 8 9 10 -12 -13 -14 -15
leaf_value=-0.0037515888063499691 0.0063407841328544604 -0.0026422473608921 0.011135662262123945 -0.015661751926917999 0.00040037407513817129 -0.0060249271859212699 0.0020795841087143025 -0.0012508451075881521 -0.012532761172933966 0.0076001123233990445 -0.0098459981589668552 -0.0047616668242461526 -0.00012041776940317981 0.001937676424978016
leaf_weight=50 68 80 66 43 44 56 43 47 47 57 116 41 844 351
leaf_count=50 68 80 66 43 44 56 43 47 47 57 116 41 844 351
internal_value=0.000281618 0.000499212 0.003125 0.000393701 -0.00862069 0.00508982 -0.000505051 -3.15856e-05 0.000365935 0.000618132 -0.00327103 0.00612245 0.00128824 0.00527638
internal_weight=1953 1903 320 254 87 167 99 1583 1503 1456 214 98 1242 398
internal_count=1953 1903 320 254 87 167 99 1583 1503 1456 214 98 1242 398
is_linear=0
shrinkage=0.05


Tree=149
num_leaves=15
num_cat=0
split_feature=1 4 1 0 3 4 2 1 4 0 2 4 3 1
split_gain=1.37314 1.10577 2.41904 1.37962 2.69868 2.20175 1.80082 1.71421 1.93508 4.68088 4.57844 4.04976 3.11758 1.44685
threshold=-0.99628894895067444 9.850500000000002 -0.9523687564627995 24.257500000000004 3.1785000000000001 10.525500000000003 -0.94000589469999485 0.82072415811359578 15.215000000000002 16.005500000000005 -0.010746888578547886 13.083500000000003 77.733000000000018 0.75677066334646259
decision_type=2 2 2 2 2 2 2 2 2 2 2 2 2 2
left_child=-1 2 -2 5 -5 -3 -6 13 11 10 -10 -9 -12 -7
right_child=1 3 -4 4 6 7 -8 8 9 -11 12 -13 -14 -15
leaf_value=-0.0035640093660324712 0.0060237449262117385 0.0065458828850524457 -0.00092288703844891045 0.0031420692416996299 -0.025069088660762403 0.00046665251194257591 -0.00037739416028202412 5.5111616091706177e-05 -0.0094212932563337171 0.024360049359019129 -0.0043690780025915253 -0.0079668038144153405 0.018395303047481142 0.005128834652009623
leaf_weight=50 40 43 418 45 57 858 87 55 72 41 41 40 53 53
leaf_count=50 40 43 418 45 57 858 87 55 72 41 41 40 53 53
internal_value=0.000179211 0.000394115 -0.00174672 0.00107266 -0.00291005 0.00167197 -0.00625 0.00127782 -0.00198675 0.000724638 -0.00301205 -0.00789474 0.00425532 0.00236004
internal_weight=1953 1903 458 1445 189 1256 144 1213 302 207 166 95 94 911
internal_count=1953 1903 458 1445 189 1256 144 1213 302 207 166 95 94 911
is_linear=0
shrinkage=0.05


Tree=150
num_leaves=15
num_cat=0
split_feature=4 0 2 0 4 3 3 0 1 2 0 3 0 0
split_gain=1.81748 2.23611 5.12698 4.07134 3.10425 2.36899 3.61128 2.5444 2.34362 2.24402 2.11615 1.51897 1.27594 1.13718
threshold=11.209000000000001 12.577000000000002 0.24460549819462502 10.172500000000001 10.656500000000003 4.9985000000000008 51.808000000000007 23.173000000000005 0.16681837808193059 -0.61626377254255749 6.5870000000000006 94.906500000000008 3.9720000000000004 5.8645000000000005
decision_type=2 2 2 2 2 2 2 2 2 2 2 2 2 2
left_child=1 3 4 8 5 -3 9 11 -1 -7 -10 -8 -2 -14
right_child=12 2 -4 -5 -6 6 7 -9 10 -11 -12 -13 13 -15
leaf_value=0.0051881287962079834 -0.0038736474476226222 0.0062504828449130639 -0.022925852199022878 0.0066671358930308084 -0.0047729749293506972 -0.0034367477991616353 -0.010442809266128051 0.004208757981209366 -0.016844727107407084 -0.00048853561198509705 0.00072056688708216528 0.00019236304188072052 0.0029455283809662891 0.0003565375780069963
leaf_weight=68 42 54 41 44 52 42 43 73 47 40 49 74 49 1235
leaf_count=68 42 54 41 44 52 42 43 73 47 40 49 74 49 1235
internal_value=0.000384025 -0.00183413 -0.00393795 0.00240385 -0.0021164 -0.000306748 -0.00220588 0.00157895 -0.00121951 -0.0109756 -0.00625 -0.00299145 0.00143288 0.0017134
internal_weight=1953 627 419 208 378 326 272 190 164 82 96 117 1326 1284
internal_count=1953 627 419 208 378 326 272 190 164 82 96 117 1326 1284
is_linear=0
shrinkage=0.05


Tree=151
num_leaves=15
num_cat=0
split_feature=4 0 2 0 2 1 4 2 1 4 0 3 3 0
split_gain=1.99927 1.90993 3.7459 3.0626 2.43902 3.95122 2.09484 3.00356 3.74726 3.53085 3.07346 1.8439 1.5658 1.27594
threshold=11.209000000000001 12.577000000000002 0.24460549819462502 10.172500000000001 0.88637546977843906 0.63137065367936085 10.235000000000001 -0.045113073260993279 0.33302288323572038 7.8590000000000009 24.204000000000004 38.680000000000007 75.981000000000009 3.9720000000000004
decision_type=2 2 2 2 2 2 2 2 2 2 2 2 2 2
left_child=1 3 6 4 5 -1 7 8 9 10 -3 -6 -11 -2
right_child=13 2 -4 -5 11 -7 -8 -9 -10 12 -12 -13 -14 -15
leaf_value=0.018300987247660484 -0.00367996507524149 -0.004958869081114977 -0.02177955958907174 0.0063337790983792677 0.001039025280598896 -0.0026389116120707073 -0.0026952722700374302 0.0044105811911602302 -0.0015317691064628313 0.0023389649320958747 0.0023758066182238747 -0.0095051579567018707 0.027313389155558965 0.00042267364895977604
leaf_weight=41 42 43 41 44 42 41 77 42 76 44 55 40 41 1284
leaf_count=41 42 43 41 44 42 41 77 42 76 44 55 40 41 1284
internal_value=0.000332821 -0.00199362 -0.00393795 0.00192308 -0.00121951 0.00487805 -0.00238095 -0.000498339 -0.00250965 0.00136612 -0.00510204 -0.00731707 0.00882353 0.00143288
internal_weight=1953 627 419 208 164 82 378 301 259 183 98 82 85 1326
internal_count=1953 627 419 208 164 82 378 301 259 183 98 82 85 1326
is_linear=0
shrinkage=0.05


Tree=152
num_leaves=15
num_cat=0
split_feature=4 0 0 1 0 0 2 3 0 0 0 0 3 3
split_gain=2.60812 1.39235 6.0956 6.56299 3.50008 2.97332 3.44663 2.47211 2.78907 2.46888 1.23145 1.18509 1.31854 1.94086
threshold=11.209000000000001 21.507000000000001 18.876000000000001 -0.90880922144842613 26.848000000000003 13.036000000000001 0.075135296012361824 92.783500000000018 8.650500000000001 8.7345000000000024 3.9720000000000004 5.8645000000000005 0.10300000000000001 3.9105000000000003
decision_type=2 2 2 2 2 2 2 2 2 2 2 2 2 2
left_child=1 2 3 -1 -3 7 -7 9 -9 -5 -2 -12 -13 -14
right_child=10 4 -4 5 -6 6 -8 8 -10 -11 11 12 13 -15
leaf_value=0.0103815574253469 -0.0034959668214794154 0.0030421930849845792 -0.0011803232660383052 -0.00019470587157724984 -0.0015394348106336359 -0.0037637011840894728 -0.017460539414360311 0.0007119479315713551 -0.010164656722395195 0.0066778404803103505 0.0027771182794699869 0.0025558205624360512 -0.0057557543918703331 0.00031757701665865724
leaf_weight=42 42 123 56 77 84 65 43 47 42 48 49 69 53 1113
leaf_count=42 42 123 56 77 84 65 43 47 42 48 49 69 53 1113
internal_value=2.56016e-05 -0.00263158 -0.00428571 -0.00192308 0.000724638 -0.00434783 -0.0111111 -0.000934579 -0.00730337 0.0036 0.00128205 0.00155763 0.00125506 0.000857633
internal_weight=1953 627 420 364 207 322 108 214 89 125 1326 1284 1235 1166
internal_count=1953 627 420 364 207 322 108 214 89 125 1326 1284 1235 1166
is_linear=0
shrinkage=0.05


Tree=153
num_leaves=15
num_cat=0
split_feature=4 3 3 3 3 3 3 1 4 1 0 0 0 4
split_gain=2.82503 1.26555 3.34406 2.84247 2.53354 1.55957 2.4648 4.97818 3.25117 1.69702 1.53095 1.09267 2.10121 2.58502
threshold=11.209000000000001 9.1880000000000006 0.10300000000000001 30.584000000000003 4.4810000000000008 86.303000000000011 99.715500000000006 0.14984488681196825 9.0475000000000012 -0.32084646754213797 15.035000000000002 28.361500000000003 23.723000000000003 13.614500000000001
decision_type=2 2 2 2 2 2 2 2 2 2 2 2 2 2
left_child=1 2 -1 -3 -4 9 7 -7 10 -5 -8 12 -2 -14
right_child=11 3 4 5 -6 6 8 -9 -10 -11 -12 -13 13 -15
leaf_value=-0.0037240463398329053 0.00042583775009174613 -0.00088219117761797474 0.0067328380683517874 -0.00092937413031956022 -0.00036870034867332591 -0.00010459864321883742 0.012259712315718131 -0.016629140875731026 -0.013911941272523633 0.0048591941177687364 -5.5206694844023302e-05 0.0058389949698962945 0.0027787941972817407 -0.010911391748241029
leaf_weight=50 1144 59 43 53 78 55 55 45 65 70 54 55 46 81
leaf_count=50 1144 59 43 53 78 55 55 45 65 70 54 55 46 81
internal_value=-2.56016e-05 -0.00279107 0.000877193 -0.00416667 0.0053719 -0.00264484 -0.00474453 -0.011 -0.00114943 0.00203252 0.00412844 0.00128205 0.000983478 -0.00511811
internal_weight=1953 627 171 456 121 397 274 100 174 123 109 1326 1271 127
internal_count=1953 627 171 456 121 397 274 100 174 123 109 1326 1271 127
is_linear=0
shrinkage=0.05


Tree=154
num_leaves=15
num_cat=0
split_feature=4 1 3 3 3 2 4 4 0 0 0 3 0 0
split_gain=3.08289 2.04234 1.87757 3.30113 2.77504 1.79836 2.34039 5.36508 2.40665 1.64343 0.958771 3.72412 1.09542 2.19363
threshold=9.850500000000002 -0.96683886033945943 8.6560000000000024 29.910500000000003 3.1785000000000001 -0.94418750883419933 5.8020000000000005 6.9315000000000007 10.020500000000002 16.993000000000006 5.3030000000000008 98.642500000000027 7.8485000000000005 9.2280000000000015
decision_type=2 2 2 2 2 2 2 2 2 2 2 2 2 2
left_child=1 -1 4 -4 -3 -5 -7 -8 -9 -10 11 -2 -12 -14
right_child=10 2 3 5 -6 6 7 8 9 -11 12 -13 13 -15
leaf_value=0.0052886862330034463 -0.0029217306691067036 -0.0018806102826853773 -0.0018736007512840354 0.0064393661592606361 0.0093206471949772406 -0.0057448794182252743 0.015847811966704994 0.0086772025188126128 -0.0093035989680805287 -0.00108416027862083 -0.00075962773734531981 0.010087192512115165 0.0037505264177140952 0.00021461978457521999
leaf_weight=46 49 56 40 48 60 55 42 41 41 44 121 40 92 1178
leaf_count=46 49 56 40 48 60 55 42 41 41 44 121 40 92 1178
internal_value=2.56016e-05 -0.00348837 -0.00456674 -0.00659164 0.000862069 -0.00461255 -0.00650224 -0.00357143 -0.00873016 -0.0135294 0.00114865 0.00617978 0.000826743 0.00125984
internal_weight=1953 473 427 311 116 271 223 168 126 85 1480 89 1391 1270
internal_count=1953 473 427 311 116 271 223 168 126 85 1480 89 1391 1270
is_linear=0
shrinkage=0.05


Tree=155
num_leaves=15
num_cat=0
split_feature=4 3 3 0 0 2 3 4 4 0 3 1 1 4
split_gain=2.07044 1.89655 5.18205 2.37937 2.7646 4.24624 1.83248 1.78037 0.706381 1.04269 2.2926 0.74752 1.96168 1.76136
threshold=9.850500000000002 8.6560000000000024 30.584000000000003 23.173000000000005 18.023500000000002 0.42110087079608943 99.967500000000015 7.9675000000000002 10.235000000000001 25.964000000000002 26.800500000000003 0.82072415811359578 0.75677066334646259 15.215000000000002
decision_type=2 2 2 2 2 2 2 2 2 2 2 2 2 2
left_child=1 7 -3 4 5 -4 -7 -1 -2 11 -11 12 -10 -13
right_child=8 2 3 -5 -6 6 -8 -9 9 10 -12 13 -14 -15
leaf_value=0.0057886120432800786 0.0028573283754260051 -0.0022223238964049819 0.0064841136907476324 0.001420683932812432 -0.0016924631215011867 -0.01507908733631399 -0.00072902567912836867 -0.0019636785896733067 0.00035145845942729658 0.0024862370322236318 -0.0088391340164538871 -0.0018170348093235313 0.0052486046292756468 0.00042780431372544948
leaf_weight=77 40 47 75 70 61 49 43 51 951 62 63 103 54 207
leaf_count=77 40 47 75 70 61 49 43 51 951 62 63 103 54 207
internal_value=2.56016e-05 -0.00285412 -0.00478261 -0.00234899 -0.00482456 -0.00149701 -0.00869565 0.00234375 0.000945946 0.000763889 -0.0036 0.00117871 0.0018408 -0.000967742
internal_weight=1953 473 345 298 228 167 92 128 1480 1440 125 1315 1005 310
internal_count=1953 473 345 298 228 167 92 128 1480 1440 125 1315 1005 310
is_linear=0
shrinkage=0.05


Tree=156
num_leaves=15
num_cat=0
split_feature=4 0 0 1 1 0 4 4 4 4 2 0 0 3
split_gain=1.75342 2.85996 7.38608 6.56299 3.65445 2.48301 2.68022 1.70928 3.83807 2.48847 2.80966 1.1662 1.25882 1.41565
threshold=11.209000000000001 21.507000000000001 18.876000000000001 -0.90880922144842613 -0.57659668305444411 28.926000000000005 7.8590000000000009 5.4255000000000004 7.7455000000000007 10.166500000000001 0.54277338749235304 3.9720000000000004 5.8645000000000005 0.10300000000000001
decision_type=2 2 2 2 2 2 2 2 2 2 2 2 2 2
left_child=1 2 3 -1 -5 6 -3 -6 -9 10 -10 -2 -13 -14
right_child=11 5 -4 4 7 -7 -8 8 9 -11 -12 12 13 -15
leaf_value=0.0095053918998666519 -0.003213946757426059 -0.0010988414610013236 -0.0014631357438027973 -0.016298351336827371 -0.0021498172514635623 -0.0024323774398521628 0.0044681674915474741 0.016267219973439963 -0.00059060869440724921 0.0034562702039333485 -0.014065172410229044 0.0027458036053253452 0.0022607859122500298 0.00023033080711382103
leaf_weight=42 42 74 56 41 44 47 86 73 51 58 55 49 69 1166
leaf_count=42 42 74 56 41 44 47 86 73 51 58 55 49 69 1166
internal_value=2.56016e-05 -0.00215311 -0.00452381 -0.00192308 -0.00434783 0.002657 0.005625 -0.00231317 -0.000632911 -0.00487805 -0.00943396 0.00105581 0.00132399 0.00101215
internal_weight=1953 627 420 364 322 207 160 281 237 164 106 1326 1284 1235
internal_count=1953 627 420 364 322 207 160 281 237 164 106 1326 1284 1235
is_linear=0
shrinkage=0.05


Tree=157
num_leaves=15
num_cat=0
split_feature=4 4 2 2 1 3 0 0 1 3 3 4 0 0
split_gain=1.93205 2.03956 1.64993 4.99223 2.57897 2.70356 2.11426 6.59522 3.73663 2.59375 3.70408 2.60277 1.1662 1.25882
threshold=11.209000000000001 10.856500000000002 0.42110087079608943 0.14347198451036616 0.42833659622166903 47.001000000000012 20.956500000000002 18.876000000000001 0.7025209685794126 53.237500000000004 4.9985000000000008 8.0515000000000025 3.9720000000000004 5.8645000000000005
decision_type=2 2 2 2 2 2 2 2 2 2 2 2 2 2
left_child=1 2 3 6 5 -4 7 8 -1 10 -8 -11 -2 -14
right_child=12 -3 4 -5 -6 -7 9 -9 -10 11 -12 -13 13 -15
leaf_value=0.0047139615696414868 -0.0030532494195547547 -0.0059896310614703362 -0.0010075293477084801 0.0099675392732771484 0.0079394918616448717 -0.0099178812831938641 0.0049048289164108074 -0.0012452747349893268 -0.0022773428578683587 -0.00043226609020972917 -0.0034102307457614545 0.023866595652599798 0.002608513425059078 0.00028971405604109049
leaf_weight=40 42 50 67 42 58 63 42 41 65 56 56 47 49 1235
leaf_count=40 42 50 67 42 58 63 42 41 65 56 56 47 49 1235
internal_value=-2.56016e-05 -0.0023126 -0.00147314 0.000385604 -0.00531915 -0.00923077 -0.00158501 -0.00616438 0.00047619 0.00174129 -0.00408163 0.00728155 0.00105581 0.00132399
internal_weight=1953 627 577 389 188 130 347 146 105 201 98 103 1326 1284
internal_count=1953 627 577 389 188 130 347 146 105 201 98 103 1326 1284
is_linear=0
shrinkage=0.05


Tree=158
num_leaves=15
num_cat=0
split_feature=4 4 3 3 2 2 0 0 1 1 4 4 4 1
split_gain=2.47567 1.81169 2.30651 3.89882 2.21173 2.89302 2.1289 6.43663 1.01112 0.724672 1.25 1.08528 0.884262 1.32657
threshold=9.850500000000002 8.4010000000000016 99.844500000000011 75.408500000000018 0.43028281133296192 -0.48754425631212789 15.653500000000001 24.158000000000005 -0.10282099713736061 -0.97873101657557338 15.539500000000002 10.355000000000002 29.468500000000002 -0.40542197401079716
decision_type=2 2 2 2 2 2 2 2 2 2 2 2 2 2
left_child=1 2 3 6 5 -3 -1 -8 -4 10 -2 -11 13 -13
right_child=9 4 8 -5 -6 -7 7 -9 -10 11 -12 12 -14 -15
leaf_value=0.0049839725271037076 -0.0051639548694154686 -0.0011202609972339947 6.8995781544117088e-05 -0.0044173126787304456 -0.012414600366210516 0.0066093131804299717 -0.0042167041912954065 0.0056155516728502832 0.012688496113529894 0.0046763887196240445 0.00055469228239719219 -0.00022789085083962173 0.0015113495744451797 0.00049736353642706175
leaf_weight=78 40 57 40 69 43 45 49 46 46 46 40 398 45 911
leaf_count=78 40 57 40 69 43 45 49 46 46 46 40 398 45 911
internal_value=-0.000128008 -0.00327696 -0.00121951 -0.00371901 -0.00793103 -0.00392157 0.000289017 -0.00473684 0.00581395 0.000878378 -0.00375 0.00114286 0.000886263 0.000649351
internal_weight=1953 473 328 242 145 102 173 95 86 1480 80 1400 1354 1309
internal_count=1953 473 328 242 145 102 173 95 86 1480 80 1400 1354 1309
is_linear=0
shrinkage=0.05


Tree=159
num_leaves=15
num_cat=0
split_feature=4 0 0 4 4 1 2 4 3 3 4 4 3 0
split_gain=2.30723 1.91149 2.38469 4.11318 2.54381 2.18939 2.05225 1.63654 1.03289 0.831773 3.4143 2.59488 2.01522 5.04476
threshold=9.850500000000002 24.158000000000005 16.005500000000005 8.4875000000000025 7.0170000000000003 -0.45914483320598648 0.93851706827667047 7.2345000000000015 83.321000000000012 47.907000000000004 23.554000000000006 19.047500000000003 5.5715000000000012 15.238000000000001
decision_type=2 2 2 2 2 2 2 2 2 2 2 2 2 2
left_child=1 2 3 6 -4 -3 7 -1 -6 10 11 12 13 -2
right_child=9 5 4 -5 8 -7 -8 -9 -10 -11 -12 -13 -14 -15
leaf_value=0.0088457078422222914 -0.017679401423781337 0.0086101314712472531 -0.0023387971553214481 -0.0102319539384751 -0.0028476248026357664 -0.00096439598631020142 -0.0061049224506383231 -0.00042059608323640407 0.0085234188151176067 2.3291328173128542e-05 0.0051436880464109276 -0.0015083536963197087 0.0037266494084336912 0.0010577058958703756
leaf_weight=82 61 44 59 57 40 64 42 42 43 982 44 81 168 144
leaf_count=82 61 44 59 57 40 64 42 42 43 982 44 81 168 144
internal_value=-2.56016e-05 -0.00306554 -0.00479452 -0.00156951 -0.00985915 0.00277778 0.00240964 0.00564516 -0.00421687 0.000945946 0.00261044 0.00132159 0.00308311 -0.000243902
internal_weight=1953 473 365 223 142 108 166 124 83 1480 498 454 373 205
internal_count=1953 473 365 223 142 108 166 124 83 1480 498 454 373 205
is_linear=0
shrinkage=0.05


Tree=160
num_leaves=15
num_cat=0
split_feature=0 0 4 0 0 1 3 0 0 0 4 0 4 4
split_gain=1.32526 2.40253 0.901365 2.03045 4.6896 2.92937 2.85984 3.13686 4.41105 2.97271 2.1535 1.59358 2.28996 1.43292
threshold=31.569500000000005 28.926000000000005 11.704000000000002 12.577000000000002 15.315500000000002 -0.33302288323571977 4.5945000000000009 19.292500000000004 24.120500000000003 25.845000000000002 8.0515000000000025 6.5870000000000006 8.1225000000000023 12.418500000000002
decision_type=2 2 2 2 2 2 2 2 2 2 2 2 2 2
left_child=1 2 3 5 -5 -1 -6 10 -9 -10 -8 -7 -13 -4
right_child=-2 -3 13 4 6 11 7 8 9 -11 -12 12 -14 -15
leaf_value=0.0013340447402896236 0.0024897606831937899 -0.0039095424025113682 0.0083108069657996785 -0.01019538778158581 0.0026318857356970762 -0.011282272650976234 -0.0012445193307676879 -0.0038378622323717486 0.0097558014714753533 -0.00066552366272863987 0.003147478332506292 0.017894388621702985 -0.0010102039411089684 0.00013759248167163896
leaf_weight=49 48 42 69 62 52 71 42 98 41 47 60 49 54 1169
leaf_count=49 48 42 69 62 52 71 42 98 41 47 60 49 54 1169
internal_value=0.000128008 -7.87402e-05 0.000187869 -0.00136 -0.00348259 0.00246637 -0.00117647 -0.003125 -0.00698925 0.00113636 0.00392157 -0.000574713 0.00339806 0.000969305
internal_weight=1953 1905 1863 625 402 223 340 288 186 88 102 174 103 1238
internal_count=1953 1905 1863 625 402 223 340 288 186 88 102 174 103 1238
is_linear=0
shrinkage=0.05


Tree=161
num_leaves=15
num_cat=0
split_feature=4 4 0 0 0 1 1 4 3 3 3 3 4 1
split_gain=1.59246 1.71229 1.21536 1.64915 3.35254 2.45164 3.3913 3.07404 1.45481 1.97965 5.03835 5.3454 4.16448 5.05463
threshold=11.209000000000001 10.909500000000003 28.361500000000003 21.117500000000003 20.200500000000002 -0.17082974322534453 -0.60434081882701107 15.599500000000001 0.49650000000000005 65.375000000000014 86.303000000000011 92.387500000000017 17.015500000000003 0.33302288323572038
decision_type=2 2 2 2 2 2 2 2 2 2 2 2 2 2
left_child=1 -1 3 4 8 6 -5 -7 -2 12 -11 -12 -10 -14
right_child=2 -3 -4 5 -6 7 -8 -9 9 10 11 -13 13 -15
leaf_value=-0.00033210037444373345 -0.0016276349794895563 -0.010693863000518774 0.0050865741753644 6.3780518560674357e-05 0.0086904967408434185 -0.0046727229553310658 -0.023599772549626807 0.024439257157707263 -0.003480709181738656 -0.0079079002632095295 0.015104638201583698 3.8466399321712701e-05 0.014648182843406611 0.00034749948756783726
leaf_weight=585 43 42 55 78 43 47 69 41 126 79 44 565 55 81
leaf_count=585 43 42 55 78 43 47 69 41 126 79 44 565 55 81
internal_value=-7.68049e-05 -0.00215311 0.000904977 0.000590087 0.00144788 -0.00319149 -0.00714286 0.00340909 0.000855992 0.00126316 -0.000145349 0.00139573 0.00496183 0.0110294
internal_weight=1953 627 1326 1271 1036 235 147 88 993 950 688 609 262 136
internal_count=1953 627 1326 1271 1036 235 147 88 993 950 688 609 262 136
is_linear=0
shrinkage=0.05


Tree=162
num_leaves=15
num_cat=0
split_feature=1 1 0 4 0 4 0 0 0 3 0 3 4 3
split_gain=1.32205 0.95799 3.08813 2.19798 1.30717 3.25484 1.84885 3.57658 3.70734 3.56398 3.76039 4.62465 3.37608 3.2481
threshold=-0.99628894895067444 -0.96683886033945943 17.705500000000004 9.850500000000002 24.204000000000004 12.362500000000002 16.005500000000005 16.811500000000006 17.782500000000002 5.5715000000000012 15.165000000000001 67.301000000000016 14.123500000000002 86.303000000000011
decision_type=2 2 2 2 2 2 2 2 2 2 2 2 2 2
left_child=-1 2 -2 -3 6 -6 9 -8 -9 12 11 -11 -5 -13
right_child=1 3 -4 4 5 -7 7 8 -10 10 -12 13 -14 -15
leaf_value=-0.0034836000187718924 0.0017841326980595443 -0.00076259931638720255 -0.0012660817060517861 -0.030801909006382577 0.0065838190239102985 -0.004218327427785956 0.015819607300412829 -0.011770857419025418 0.001166249030216679 0.0039331936764650174 -0.014379607859275388 -0.021723469607095109 -0.00022831968343813014 0.00035967195006936795
leaf_weight=50 43 427 57 40 58 129 51 48 310 128 52 52 55 453
leaf_count=50 43 427 57 40 58 129 51 48 310 128 52 52 55 453
internal_value=2.56016e-05 0.000236469 0.005 -2.77316e-05 0.000944767 -0.00294118 0.00155593 0.00427873 0.00251397 0.000128205 0.00138686 0.00244866 -0.00894737 0.00029703
internal_weight=1953 1903 100 1803 1376 187 1189 409 358 780 685 633 95 505
internal_count=1953 1903 100 1803 1376 187 1189 409 358 780 685 633 95 505
is_linear=0
shrinkage=0.05


Tree=163
num_leaves=15
num_cat=0
split_feature=4 4 1 1 1 3 3 0 3 1 1 0 4 1
split_gain=1.36464 2.56184 1.27214 3.66394 2.71177 1.4111 2.60489 5.87185 2.21538 3.13509 3.05725 2.75682 2.12378 1.25
threshold=12.046500000000002 12.418500000000002 -0.9852109833579612 -0.92913280730858794 -0.82391537601316189 87.375500000000017 99.715500000000006 16.811500000000006 31.213500000000003 0.45914483320598681 -0.021515898191484053 19.074500000000004 9.0475000000000012 -0.48941038753127697
decision_type=2 2 2 2 2 2 2 2 2 2 2 2 2 2
left_child=2 -2 -1 -4 -5 8 7 -7 9 10 13 -10 -8 -6
right_child=1 -3 3 4 5 6 12 -9 11 -11 -12 -13 -14 -15
leaf_value=-0.0024801661361185281 0.009516743816803298 0.00013295198417275501 0.0082880993140983013 -0.016554874980499939 0.00034805770871776669 -0.015805139184411111 0.0018351174963119499 0.0022738784823138347 0.008825399620794849 -0.0030422820787918748 0.0050430639865033274 -0.00085177218477849599 -0.004735115770028755 -0.010550442573161706
leaf_weight=47 41 1205 41 42 40 40 89 47 61 73 57 48 82 40
leaf_count=47 41 1205 41 42 40 40 89 47 61 73 57 48 82 40
internal_value=0.000128008 0.0011236 -0.00162659 -0.00106061 -0.00201939 -0.00112652 -0.00387597 -0.0109195 0.00109718 -0.00190476 0.00255474 0.00688073 -0.000292398 -0.00375
internal_weight=1953 1246 707 660 619 577 258 87 319 210 137 109 171 80
internal_count=1953 1246 707 660 619 577 258 87 319 210 137 109 171 80
is_linear=0
shrinkage=0.05


Tree=164
num_leaves=15
num_cat=0
split_feature=4 1 0 4 0 1 4 0 0 4 4 0 0 0
split_gain=1.57054 2.57319 4.15026 2.70836 2.40238 3.03565 2.05662 1.52294 3.21204 1.48324 2.44818 1.8 1.49516 1.87933
threshold=9.850500000000002 -0.12447811117596669 10.758500000000002 8.4875000000000025 24.204000000000004 -0.96683886033945943 5.4255000000000004 20.200500000000002 10.422000000000002 10.656500000000003 11.093000000000002 18.209500000000002 28.361500000000003 24.371500000000005
decision_type=2 2 2 2 2 2 2 2 2 2 2 2 2 2
left_child=1 2 -1 6 5 -4 -3 8 -8 11 -11 -2 13 -12
right_child=9 3 4 -5 -6 -7 7 -9 -10 10 12 -13 -14 -15
leaf_value=0.0070648554796774931 0.0066589668021266374 -0.0027674374139573191 0.00057106544201428395 -0.0028901679748522813 0.0030777391221310183 -0.013076922283844411 -0.0025753338856662625 -0.0010899706896852074 0.018998601331029978 -0.0056635024593565736 0.00017397030748139144 0.00022697186235225153 0.0060134346034314556 -0.0084799373428784495
leaf_weight=48 40 49 41 77 63 61 52 42 40 57 1187 40 56 100
leaf_count=48 40 49 41 77 63 61 52 42 40 57 1187 40 56 100
internal_value=7.68049e-05 -0.00243129 0.00164319 -0.00576923 -0.00212121 -0.00686275 -0.00245902 0.000746269 0.00434783 0.000878378 0.0005 0.0075 0.000930752 0.000582751
internal_weight=1953 473 213 260 165 102 183 134 92 1480 1400 80 1343 1287
internal_count=1953 473 213 260 165 102 183 134 92 1480 1400 80 1343 1287
is_linear=0
shrinkage=0.05


Tree=165
num_leaves=15
num_cat=0
split_feature=4 0 1 2 0 4 1 3 1 0 0 2 0 3
split_gain=2.48606 2.19813 2.42669 2.09864 1.92481 2.6307 4.06233 2.37388 1.79963 1.45939 2.01487 2.91239 3.18227 2.46224
threshold=9.850500000000002 24.158000000000005 -0.96683886033945943 -0.83635891446581057 16.005500000000005 7.7455000000000007 0.30041382580050413 82.294000000000025 0.30041382580050413 24.257500000000004 23.233500000000003 -0.94418750883419933 21.827500000000004 90.949500000000015
decision_type=2 2 2 2 2 2 2 2 2 2 2 2 2 2
left_child=1 2 -1 -3 5 6 -4 -6 -7 10 11 -2 13 -13
right_child=9 3 4 -5 7 8 -8 -9 -10 -11 -12 12 -14 -15
leaf_value=0.0027815122111821411 0.011586411147701361 -0.001514523379629948 -0.0039852545410055907 0.0049466143355844858 -0.0034356883893805756 -0.00029488219118105341 0.01804867126447848 -0.00044766146972677963 -0.006876846624215548 -0.0010311400387359782 0.0030633782093866958 0.00060950240664471307 -0.0065742032894023812 -0.00021585930529795778
leaf_weight=43 69 62 62 46 53 40 58 58 51 191 49 499 59 613
leaf_count=43 69 62 62 46 53 40 58 58 51 191 49 499 59 613
internal_value=-0.000332821 -0.00348837 -0.00534247 0.00277778 -0.0068323 -0.00402844 0.000833333 -0.0121622 -0.0104396 0.000675676 0.00128006 0.000887097 0.00029889 0.000899281
internal_weight=1953 473 365 108 322 211 120 111 91 1480 1289 1240 1171 1112
internal_count=1953 473 365 108 322 211 120 111 91 1480 1289 1240 1171 1112
is_linear=0
shrinkage=0.05


Tree=166
num_leaves=15
num_cat=0
split_feature=4 4 1 1 1 4 3 2 4 4 0 4 3 0
split_gain=1.86445 2.58111 3.4057 1.92266 2.28874 1.87266 2.96598 1.7012 1.03787 2.5866 2.80674 2.3446 1.89749 5.71104
threshold=9.850500000000002 8.4010000000000016 -0.034374606067994681 0.88134550114954158 0.54817103930762578 4.9960000000000013 75.408500000000018 -0.36324666135702649 17.182000000000002 17.867000000000004 20.712000000000003 16.731000000000005 5.5715000000000012 15.517500000000002
decision_type=2 2 2 2 2 2 2 2 2 2 2 2 2 2
left_child=1 3 -3 4 5 -1 7 -7 11 -10 -11 12 13 -2
right_child=8 2 -4 -5 -6 6 -8 -9 9 10 -12 -13 -14 -15
leaf_value=0.0018976839827882343 -0.027865903596906518 -8.056737191114144e-05 -0.0024018172448988882 -0.0035031440903170955 0.018688390045446358 0.003928674315187751 -0.0058502152238331887 -0.00036230997584504599 -0.003136359945722156 0.00020196895801495552 -0.0015371420244132295 0.0069470914677597518 0.00053253058973005973 0.0013507749373101786
leaf_weight=62 59 64 81 43 44 40 77 62 81 533 86 48 564 109
leaf_count=62 59 64 81 43 44 40 77 62 81 533 86 48 564 109
internal_value=-0.000332821 -0.00306554 -0.00862069 -0.000609756 0.000877193 -0.00103734 -0.00363128 0.00196078 0.000540541 -0.000857143 0.000242326 0.00179487 0.0010929 -0.00357143
internal_weight=1953 473 145 328 285 241 179 102 1480 700 619 780 732 168
internal_count=1953 473 145 328 285 241 179 102 1480 700 619 780 732 168
is_linear=0
shrinkage=0.05


Tree=167
num_leaves=15
num_cat=0
split_feature=4 4 0 0 2 2 3 1 4 4 1 0 3 1
split_gain=1.61055 1.6021 1.59098 1.6152 1.49535 4.75677 3.44123 3.72243 1.58698 4.6395 2.11197 4.61565 4.57619 1.82468
threshold=11.209000000000001 10.909500000000003 4.0520000000000005 5.8645000000000005 0.80444483470750872 0.69017338824297181 98.297000000000011 0.047250493887438572 14.521000000000003 15.160000000000002 0.57659668305444445 18.971000000000004 47.907000000000004 0.76588452941357155
decision_type=2 2 2 2 2 2 2 2 2 2 2 2 2 2
left_child=1 -1 -2 -4 5 8 -6 -8 10 -10 11 -5 -13 -11
right_child=2 -3 3 4 6 -7 7 -9 9 13 -12 12 -14 -15
leaf_value=-0.00027505650354490155 -0.0023816829602317461 -0.0081161968410623057 0.0060851432457453948 0.019638530070559782 0.0039323702194537973 0.0038952677462676874 -0.00026363092098419575 -0.013290308580545871 -0.013510698802484029 -0.00026483758214182685 -0.001131603452521196 0.0045713373940031278 -0.013666243527315301 0.0009599094980811629
leaf_weight=585 48 42 43 67 73 60 64 44 47 422 89 72 63 234
leaf_count=585 48 42 43 67 73 60 64 44 47 422 89 72 63 234
internal_value=-0.000384025 -0.00247209 0.000603318 0.000938967 0.000607287 0.00132827 -0.00359116 -0.00925926 0.000503018 -0.000782361 0.00360825 0.00643564 0.00111111 0.000304878
internal_weight=1953 627 1326 1278 1235 1054 181 108 994 703 291 202 135 656
internal_count=1953 627 1326 1278 1235 1054 181 108 994 703 291 202 135 656
is_linear=0
shrinkage=0.05


Tree=168
num_leaves=15
num_cat=0
split_feature=4 1 1 4 2 0 2 3 3 3 1 4 0 1
split_gain=1.46082 1.79173 1.46815 2.45 1.29862 3.42869 1.59965 2.32692 6.65758 1.69589 1.24615 1.21194 1.17133 3.46849
threshold=9.850500000000002 -0.96683886033945943 -0.97873101657557338 15.539500000000002 0.94147585758598662 7.7405000000000008 -0.76235363884839025 75.408500000000018 99.844500000000011 92.19250000000001 0.68630018684894145 10.355000000000002 22.757000000000001 0.098678873477280007
decision_type=2 2 2 2 2 2 2 2 2 2 2 2 2 2
left_child=1 -1 3 -2 5 -3 9 10 -9 -7 -8 -4 -13 -14
right_child=2 4 11 -5 -6 6 7 8 -10 -11 -12 12 13 -15
leaf_value=0.0037526563341293965 -0.0046361166991900644 0.012977234193778921 0.004073163847701111 0.00040370638461059569 -0.013240250704493785 -0.00086219668139997027 -0.00081652496499600021 -0.021475808546355824 -0.00064074697687570292 0.003521135690341193 0.0054723524764738879 0.00014387503521014964 -0.0052698505950585896 0.015846366863661501
leaf_weight=46 40 43 46 40 54 75 64 44 60 47 40 1119 182 53
leaf_count=46 40 43 46 40 54 75 64 44 60 47 40 1119 182 53
internal_value=-0.000435228 -0.00285412 0.000337838 -0.00625 -0.00386417 -0.00281501 -0.00454545 -0.00721154 -0.0125 0 -0.00192308 0.000714286 0.000443131 -0.00276596
internal_weight=1953 473 1480 80 427 373 330 208 104 122 104 1400 1354 235
internal_count=1953 473 1480 80 427 373 330 208 104 122 104 1400 1354 235
is_linear=0
shrinkage=0.05


Tree=169
num_leaves=15
num_cat=0
split_feature=0 4 0 4 4 2 0 3 2 1 3 3 0 1
split_gain=1.34132 1.79591 2.6272 2.71021 1.30895 1.60643 2.1866 2.96296 1.75701 1.00692 2.14698 3.06556 3.19515 3.55517
threshold=3.2095000000000007 9.850500000000002 6.5870000000000006 4.9960000000000013 9.145500000000002 0.17553149042142802 23.860000000000003 94.499000000000009 0.55601743665704428 -0.40542197401079716 1.7350000000000001 90.949500000000015 23.641500000000004 -0.94130860066615807
decision_type=2 2 2 2 2 2 2 2 2 2 2 2 2 2
left_child=-1 2 -2 -4 5 6 7 -5 -7 10 -3 12 13 -12
right_child=1 9 3 4 -6 8 -8 -9 -10 -11 11 -13 -14 -15
leaf_value=0.0044601914783118368 -0.01734817795062633 -0.0083086538922869657 0.002463601186951327 -0.0077983219872884762 -0.0049481530251696028 0.0096338561932352539 0.0016120198620771299 0.0002399232684278229 -0.00019031008671347439 0.00024639510204857716 -0.00084708377916491444 -0.00072756872959466035 -0.0027028075395760299 0.0035645994525902547
leaf_weight=52 50 40 72 60 72 41 67 48 45 940 53 253 57 103
leaf_count=52 50 40 72 60 72 41 67 48 45 940 53 253 57 103
internal_value=-0.000230415 -0.000447133 -0.00318681 -0.00185185 -0.00375375 -0.00210728 -0.00485714 -0.00925926 0.00348837 0.000414938 -0.0013834 -0.000429185 0.00399061 0.00769231
internal_weight=1953 1901 455 405 333 261 175 108 86 1446 506 466 213 156
internal_count=1953 1901 455 405 333 261 175 108 86 1446 506 466 213 156
is_linear=0
shrinkage=0.05


Tree=170
num_leaves=15
num_cat=0
split_feature=4 1 0 0 0 2 2 3 1 3 1 4 4 4
split_gain=1.32451 2.01436 3.1796 2.05014 1.82562 1.78668 2.40899 5.73016 1.94329 1.77216 1.06394 1.8 1.22729 0.882498
threshold=9.850500000000002 -0.12447811117596669 10.758500000000002 17.353000000000005 26.848000000000003 0.90542393716278702 -0.19851654827941614 94.499000000000009 0.3491821996099142 91.514500000000012 -0.97873101657557338 15.539500000000002 10.909500000000003 27.071000000000002
decision_type=2 2 2 2 2 2 2 2 2 2 2 2 2 2
left_child=1 2 -1 -4 -5 6 7 8 -3 -8 11 -2 -12 -14
right_child=10 5 3 4 -6 -7 9 -9 -10 -11 12 -13 13 -15
leaf_value=0.0060692328101477518 -0.0043649445515115725 -0.0006868020605912611 -0.011516371140676286 0.0020318139838934103 -0.0030090324807960952 -0.014020973783248659 0.014109480082651331 0.0078149294855879032 -0.0079792976119049362 -0.0032206726265765679 0.0012774755087589741 0.00042288737809905515 1.1639098766800389e-05 0.0023369385189651315
leaf_weight=48 40 40 44 81 40 45 49 42 44 40 107 40 1212 81
leaf_count=48 40 40 44 81 40 45 49 42 44 40 107 40 1212 81
internal_value=-0.000128008 -0.00243129 0.00117371 -0.00212121 0.00123967 -0.00538462 -0.00348837 -0.00793651 -0.0154762 0.00280899 0.000608108 -0.005 0.000928571 0.000502707
internal_weight=1953 473 213 165 121 260 215 126 84 89 1480 80 1400 1293
internal_count=1953 473 213 165 121 260 215 126 84 89 1480 80 1400 1293
is_linear=0
shrinkage=0.05


Tree=171
num_leaves=15
num_cat=0
split_feature=2 0 3 0 3 3 4 4 4 4 4 2 0 4
split_gain=0.991235 1.89455 1.25184 5.94681 1.74188 5.54303 3.88864 3.60264 2.81199 2.32626 7.48142 2.94826 6.25869 2.49442
threshold=-0.9951106240145321 31.569500000000005 0.013500000000000003 19.148500000000002 92.387500000000017 95.187000000000026 24.635500000000004 27.555000000000003 6.5825000000000005 15.160000000000002 16.195500000000003 0.80444483470750872 12.416500000000001 13.287500000000001
decision_type=2 2 2 2 2 2 2 2 2 2 2 2 2 2
left_child=-1 2 3 -2 6 -6 -4 8 -7 11 -11 12 -10 -14
right_child=1 -3 4 -5 5 7 -8 -9 9 10 -12 -13 13 -15
leaf_value=-0.002353511621545859 -0.0048184588723663825 0.0030891426981677021 0.00017513262657079117 0.0049766708939581496 -0.0049817088013547678 0.00046026643383240698 0.0035100530096969177 -0.0066097455413105469 0.01270957045300799 0.014915373190904874 -4.8218537806923173e-06 -0.0064578952375204252 -0.00094092594301575924 -0.011180048671590498
leaf_weight=70 65 41 810 42 54 57 59 49 64 43 352 60 138 49
leaf_count=70 65 41 810 42 54 57 59 49 64 43 352 60 138 49
internal_value=0.000128008 0.000345194 0.000108578 -0.00514019 0.000432277 -0.00115473 0.00201381 -0.000123153 0.000720839 -0.000141643 0.00240506 -0.00337621 -0.000996016 -0.00561497
internal_weight=1953 1883 1842 107 1735 866 869 812 763 706 395 311 251 187
internal_count=1953 1883 1842 107 1735 866 869 812 763 706 395 311 251 187
is_linear=0
shrinkage=0.05


Tree=172
num_leaves=15
num_cat=0
split_feature=1 3 3 0 1 3 1 3 3 2 4 2 2 0
split_gain=1.35601 1.19849 5.00956 3.73176 3.77275 3.25292 4.12625 2.83151 2.15673 3.53703 2.55277 2.13774 2.13117 3.29381
threshold=-0.99628894895067444 5.0015000000000009 7.1320000000000006 19.148500000000002 -0.25950939392209715 21.6645 0.1837425755813806 1.0570000000000002 47.907000000000004 -0.31473592273745027 14.384000000000002 -0.78621243120361772 0.91609059637714607 12.880000000000001
decision_type=2 2 2 2 2 2 2 2 2 2 2 2 2 2
left_child=-1 3 -3 4 -2 6 -4 -5 9 -7 -11 -9 13 -6
right_child=1 2 5 7 12 8 -8 11 -10 10 -12 -13 -14 -15
leaf_value=-0.0031225199406726576 -0.013816384284984752 0.010676738667315637 9.2925632036532102e-05 0.003608645110666853 -0.0049858020455977869 -0.0019196710351436165 -0.0070306081831680526 -0.0094611906184510989 2.6901992789635232e-05 0.015076373853501496 0.0097096809132785032 0.0012030324746651944 0.0057520339903283091 0.00031861880410312128
leaf_weight=50 41 53 67 71 48 76 53 56 1227 43 42 41 41 44
leaf_count=50 41 53 67 71 48 76 53 56 1227 43 42 41 41 44
internal_value=0.000128008 0.000341566 0.000928892 -0.00233918 -0.00747126 0.000397878 -0.0075 0.00297619 0.00108069 0.00652174 0.0135294 -0.00257732 -0.00338346 -0.0076087
internal_weight=1953 1903 1561 342 174 1508 120 168 1388 161 85 97 133 92
internal_count=1953 1903 1561 342 174 1508 120 168 1388 161 85 97 133 92
is_linear=0
shrinkage=0.05


Tree=173
num_leaves=15
num_cat=0
split_feature=2 2 1 0 0 0 0 1 0 4 0 2 3 2
split_gain=0.889337 4.27882 2.62563 2.40496 2.43634 2.338 3.86535 2.99276 2.25292 3.46987 2.27749 5.25891 2.72412 3.29469
threshold=0.75047916603754417 0.80444483470750872 0.1328271176880281 7.5875000000000012 8.650500000000001 11.797000000000002 12.577000000000002 0.98009454285431663 13.988000000000001 19.366000000000003 15.035000000000002 0.4068650353019454 99.991500000000016 -0.9951106240145321
decision_type=2 2 2 2 2 2 2 2 2 2 2 2 2 2
left_child=3 -2 -3 -1 -5 -6 -7 8 9 -8 -10 12 13 -12
right_child=1 2 -4 4 5 6 7 -9 10 -11 11 -13 -14 -15
leaf_value=-0.01325397628180019 0.0052022303308568467 0.00027556746847729466 -0.0016825006668037797 0.0072586744150310205 -0.00098238059916877919 0.0061575846566420487 -0.021298602092413629 0.0054868201199804734 0.0016706470379019317 0.0018483041011433316 -0.0060061572779142097 -0.0091658972865990684 -0.0029555603935628757 0.00059515555174558541
leaf_weight=49 50 221 146 42 174 57 49 72 70 40 49 41 182 711
leaf_count=49 50 221 146 42 174 57 49 72 70 40 49 41 182 711
internal_value=0.000230415 0.00227818 0.000408719 -0.000325521 3.36247e-05 -0.000311419 0.00043273 -0.000164745 -0.000788091 -0.00842697 -0.00014245 -0.00076297 0 0.00131579
internal_weight=1953 417 367 1536 1487 1445 1271 1214 1142 89 1053 983 942 760
internal_count=1953 417 367 1536 1487 1445 1271 1214 1142 89 1053 983 942 760
is_linear=0
shrinkage=0.05


Tree=174
num_leaves=15
num_cat=0
split_feature=1 1 1 3 0 4 0 0 3 1 1 3 0 3
split_gain=1.39039 1.25595 2.94332 2.20561 5.51528 4.28715 3.01147 2.39419 3.57555 3.3426 3.02059 2.49854 2.50567 2.27609
threshold=-0.99628894895067444 0.33302288323572038 0.39702209115386683 22.285500000000003 12.767000000000001 12.531000000000001 18.971000000000004 8.650500000000001 99.930000000000021 0.95444582372253872 0.73465119469809237 92.783500000000018 14.410500000000001 99.443500000000014
decision_type=2 2 2 2 2 2 2 2 2 2 2 2 2 2
left_child=-1 -2 -3 4 -4 -6 7 13 10 -10 -9 12 -12 -5
right_child=1 2 3 6 5 -7 -8 8 9 -11 11 -13 -14 -15
leaf_value=-0.0029961517212263051 0.00020316040675474878 -0.0062514435794431616 -0.0069315798427627938 -0.00020300291668836763 -0.0027903534629508536 0.0036025484164753764 0.0048146877480581109 0.007257127297048669 -0.0064552611411312667 0.0010667560225004452 0.0070622258600940152 -0.0023742782918298733 -0.0025083741727900373 0.01318700327370384
leaf_weight=50 1106 44 66 44 44 81 67 58 114 55 60 57 43 64
leaf_count=50 1106 44 66 44 44 81 67 58 114 55 60 57 43 64
internal_value=0.000230415 0.000446663 -0.0010665 -0.000332005 -0.00497382 0.0012 0.00124555 -0.00010101 -0.00193798 -0.00739645 0.00229358 -0.00125 0.00339806 0.00648148
internal_weight=1953 1903 797 753 191 125 562 495 387 169 218 160 103 108
internal_count=1953 1903 797 753 191 125 562 495 387 169 218 160 103 108
is_linear=0
shrinkage=0.05


Tree=175
num_leaves=15
num_cat=0
split_feature=1 0 2 3 3 4 4 3 2 1 1 1 0 0
split_gain=1.1773 3.05284 2.386 3.72685 3.27315 3.45882 3.97647 2.61933 2.5888 1.94879 2.06992 1.81958 2.08604 5.42994
threshold=0.73465119469809237 18.505000000000006 0.14347198451036616 35.501500000000007 92.783500000000018 18.144500000000004 12.667000000000003 60.877500000000005 0.37522380421282725 0.59055600833485278 0.33302288323572038 0.25084665036108239 18.971000000000004 20.096000000000004
decision_type=2 2 2 2 2 2 2 2 2 2 2 2 2 2
left_child=9 2 3 -2 -5 6 -6 -4 -9 10 11 12 -1 -14
right_child=1 -3 7 4 5 -7 -8 8 -10 -11 -12 -13 13 -15
leaf_value=0.00026923361155020491 -0.011617217492712099 0.0056402571971108321 0.0039224797947236129 0.013274705278100502 -0.00081415648542073065 0.0014871093987127049 -0.029552902754576574 0.0025425308707716504 -0.0041998846287575583 0.0026382083376452372 -0.0010182584042641718 0.0064996889565988314 -0.008233828012516797 4.5023253179676813e-06
leaf_weight=596 61 54 68 60 45 51 40 43 65 123 187 55 54 451
leaf_count=596 61 54 68 60 45 51 40 43 65 123 187 55 54 451
internal_value=0.000179211 -0.00195072 -0.00334873 -0.00642023 -0.00306122 -0.00735294 -0.0135294 0.00113636 -0.0037037 0.000886767 0.000335071 0.00112457 0.000681199 -0.00168317
internal_weight=1953 487 433 257 196 136 85 176 108 1466 1343 1156 1101 505
internal_count=1953 487 433 257 196 136 85 176 108 1466 1343 1156 1101 505
is_linear=0
shrinkage=0.05


Tree=176
num_leaves=15
num_cat=0
split_feature=4 4 1 0 1 2 3 3 3 3 3 2 3 1
split_gain=1.29273 1.72006 1.34039 3.45397 3.30685 2.97387 2.70688 1.25 1.1706 3.27234 2.72172 2.29694 2.28681 2.2771
threshold=4.9960000000000013 9.850500000000002 0.93168921928840098 15.449000000000002 0.89706552114483107 -0.010746888578547886 91.262000000000015 62.32800000000001 75.408500000000018 42.974000000000011 94.499000000000009 0.37522380421282725 8.0710000000000015 0.25084665036108239
decision_type=2 2 2 2 2 2 2 2 2 2 2 2 2 2
left_child=7 8 4 5 -3 -4 -7 -1 9 12 -10 13 -2 -12
right_child=1 2 3 -5 -6 6 -8 -9 10 -11 11 -13 -14 -15
leaf_value=-9.462669154918719e-05 7.9332364426598645e-05 9.1134441343829198e-05 -0.0089517756769333465 0.0097872640821688919 0.012300945215308976 -0.0018571002605585767 0.0066001791733089734 0.0023103804737667501 -0.0076591547991976851 0.0057022522444579136 -0.0038542535819630305 -0.0093389662691029714 -0.00093880819989441739 0.02366893743129064
leaf_weight=40 105 1238 68 46 45 42 41 40 50 42 53 49 53 41
leaf_count=40 105 1238 68 46 45 42 41 40 50 42 53 49 53 41
internal_value=2.56016e-05 -0.000240256 0.000540541 -0.00329949 0.00113016 -0.00695364 -0.00060241 0.00625 -0.00318066 -0.0005 -0.00595855 -0.00244755 -0.00379747 0.00212766
internal_weight=1953 1873 1480 197 1283 151 83 80 393 200 193 143 158 94
internal_count=1953 1873 1480 197 1283 151 83 80 393 200 193 143 158 94
is_linear=0
shrinkage=0.05


Tree=177
num_leaves=15
num_cat=0
split_feature=1 1 4 0 0 4 4 3 1 1 0 0 0 4
split_gain=1.1615 1.83342 1.95923 4.42345 3.3313 1.77831 3.56646 2.14687 4.08121 3.84237 3.17406 2.99101 3.42855 3.84353
threshold=0.33302288323572038 0.39702209115386683 8.7105000000000015 18.876000000000001 16.005500000000005 4.9960000000000013 6.4960000000000013 15.646500000000001 -1.0000000180025095e-35 -0.9852109833579612 24.257500000000004 12.880000000000001 10.913500000000001 22.377500000000001
decision_type=2 2 2 2 2 2 2 2 2 2 2 2 2 2
left_child=5 -2 4 -4 -3 -1 -7 8 -8 -9 11 12 13 -11
right_child=1 2 3 -5 -6 6 7 9 -10 10 -12 -13 -14 -15
leaf_value=0.0024779290408486337 -0.0058667666362940303 -8.3080909308363982e-05 -0.00037497743205896773 0.0046054174587522702 -0.0022760188387172101 -0.0099157178417684129 0.00010916517819991312 -0.0055143909009391263 0.014482500955753631 -0.00032449932158568306 -0.0039631564392239903 0.0018070626831346095 -0.0031533461004943325 0.010134335288300093
leaf_weight=57 44 77 544 91 41 55 206 63 55 161 134 315 58 52
leaf_count=57 44 77 544 91 41 55 206 63 55 161 134 315 58 52
internal_value=2.56016e-05 -0.00144291 -0.000863214 0.00023622 -0.00677966 0.00103806 0.000591447 0.00124521 0.00517241 -6.3857e-05 0.000972222 0.00255973 -0.00129151 0.00164319
internal_weight=1953 797 753 635 118 1156 1099 1044 261 783 720 586 271 213
internal_count=1953 797 753 635 118 1156 1099 1044 261 783 720 586 271 213
is_linear=0
shrinkage=0.05


Tree=178
num_leaves=15
num_cat=0
split_feature=1 1 4 0 3 2 2 3 2 1 3 4 1 4
split_gain=0.898834 1.88009 1.82557 4.0486 4.44444 5.73576 3.45775 2.61882 3.0091 2.54233 2.3185 3.82956 2.01021 1.8578
threshold=0.33302288323572038 0.39702209115386683 11.209000000000001 16.005500000000005 86.303000000000011 0.14347198451036616 -0.19851654827941614 99.941500000000005 1.0000000180025095e-35 0.83987808009543619 97.774500000000003 15.933000000000002 0.85731462807633252 19.091500000000003
decision_type=2 2 2 2 2 2 2 2 2 2 2 2 2 2
left_child=-1 -2 6 4 5 -4 -3 12 -9 -8 11 -5 -6 -10
right_child=1 2 3 10 7 -7 9 8 13 -11 -12 -13 -14 -15
leaf_value=0.00011791076193344574 -0.005573428304479329 -0.0014017146897985528 -0.014551649622183006 -0.00076426285667282744 0.013917650947556282 -1.3705582560991775e-05 -0.0014949751565020459 -0.014171540122296728 -0.0024558632180432857 0.0035888313492365149 -0.00028780518181718704 0.023457922951780012 0.00061031523129867211 0.0065444785649199505
leaf_weight=1156 44 92 66 46 40 84 54 43 42 72 44 70 46 54
leaf_count=1156 44 92 66 46 40 84 54 43 42 72 44 70 46 54
internal_value=-2.56016e-05 -0.00131744 -0.000730412 0.000841121 -0.002 -0.00866667 -0.00458716 0.00244444 -0.00179856 0.000793651 0.0075 0.0112069 0.00930233 0.003125
internal_weight=1953 797 753 535 375 150 218 225 139 126 160 116 86 96
internal_count=1953 797 753 535 375 150 218 225 139 126 160 116 86 96
is_linear=0
shrinkage=0.05


Tree=179
num_leaves=15
num_cat=0
split_feature=4 1 2 4 2 0 2 2 3 0 0 1 4 1
split_gain=0.98162 2.13241 3.54429 1.45053 1.38658 2.66042 2.82963 2.33558 2.81424 3.04729 0.877885 2.84446 1.46872 2.29757
threshold=9.850500000000002 0.65765423894015862 -0.19851654827941614 10.235000000000001 0.94698775307607519 15.574000000000002 0.80444483470750872 -0.18163955523420786 97.69250000000001 26.848000000000003 7.8485000000000005 -0.44766156736276203 15.758000000000001 0.38118653245548312
decision_type=2 2 2 2 2 2 2 2 2 2 2 2 2 2
left_child=1 4 -3 -2 5 6 -1 8 9 -7 11 -5 -13 -14
right_child=3 2 -4 10 -6 7 -8 -9 -10 -11 -12 12 13 -15
leaf_value=0.0076420057000470172 0.0024683645347786721 -0.0032660021369764927 -4.1781060178436304e-06 -0.00040908742933415957 -0.012429855330381221 0.0023481370507095287 -7.4418086584782114e-05 -0.004232284386602103 -0.0040621130936757789 -0.00059722652788219983 0.0001497874549420908 0.0018194861418180859 0.0028768661168878246 -0.009913711632430447
leaf_weight=48 40 45 67 42 52 79 41 47 47 47 1235 66 48 49
leaf_count=48 40 45 67 42 52 79 41 47 47 47 1235 66 48 49
internal_value=-2.56016e-05 -0.00200846 -0.00803571 0.000608108 -0.000138504 0.00113269 0.00842697 -0.00181818 0.000867052 0.0047619 0.000347222 -0.00268293 0.000306748 -0.00360825
internal_weight=1953 473 112 1480 361 309 89 220 173 126 1440 205 163 97
internal_count=1953 473 112 1480 361 309 89 220 173 126 1440 205 163 97
is_linear=0
shrinkage=0.05


Tree=180
num_leaves=15
num_cat=0
split_feature=1 2 1 4 0 3 4 4 3 0 3 3 3 0
split_gain=0.768494 2.37203 1.98354 1.96179 2.27318 3.34407 5.28036 1.90942 2.10507 3.04809 2.44341 6.06721 3.54101 1.8651
threshold=0.33302288323572038 -0.85470766365158146 0.26744970170045884 18.144500000000004 16.005500000000005 82.812000000000012 22.960000000000004 17.120500000000003 14.345500000000001 12.880000000000001 77.733000000000018 94.499000000000009 99.946500000000015 14.636500000000002
decision_type=2 2 2 2 2 2 2 2 2 2 2 2 2 2
left_child=2 -2 -1 7 5 -5 -7 8 9 -3 13 -12 -13 -10
right_child=1 3 -4 4 -6 6 -8 -9 10 -11 11 12 -14 -15
leaf_value=6.0093846905277809e-05 -0.0032993231992252351 -0.0067798584361725509 0.0077442252310809022 -0.0010172765006422225 0.017274263202565986 0.014868062102213309 -0.0029309378669044152 -0.01393137271552952 0.011697842732527417 0.00027968529177938576 -0.016773789513501575 0.01089403762139053 -0.00090572377701879099 0.00011499469758091131
leaf_weight=1112 72 43 44 73 44 85 57 47 41 60 49 61 120 45
leaf_count=1112 72 43 44 73 44 85 57 47 41 60 49 61 120 45
internal_value=0.000128008 -0.0010665 0.000951557 -0.000206897 0.00328185 0.00116279 0.0056338 -0.00214592 -0.00107399 -0.00728155 0.000949367 -0.00173913 0.00248619 0.00813953
internal_weight=1953 797 1156 725 259 215 142 466 419 103 316 230 181 86
internal_count=1953 797 1156 725 259 215 142 466 419 103 316 230 181 86
is_linear=0
shrinkage=0.05


Tree=181
num_leaves=15
num_cat=0
split_feature=0 2 4 2 4 1 1 4 2 3 3 3 2 4
split_gain=1.2617 5.08213 2.62501 2.00349 5.3166 5.26451 4.6609 2.86761 2.20933 2.18135 2.1259 2.10219 1.97102 1.90296
threshold=11.598000000000001 0.65278973532535922 26.515000000000004 0.88637546977843906 13.846000000000002 0.51909748604633899 0.5043284533698108 14.521000000000003 0.98526033472108498 93.274000000000015 98.944000000000003 98.642500000000027 0.52707770864237202 24.070500000000003
decision_type=2 2 2 2 2 2 2 2 2 2 2 2 2 2
left_child=2 12 3 4 5 -1 -6 9 -9 -5 -7 -8 13 -2
right_child=1 -3 -4 7 6 10 11 8 -10 -11 -12 -13 -14 -15
leaf_value=0.017626220286904488 0.0002561217759214033 0.0020837657360830708 0.0037033544485380768 2.233474162878016e-05 -0.0011717662497362073 -0.0026401532873207186 -0.0027827587512578803 0.013774037800053563 -0.00059150351385088844 -0.0053954756686302764 0.007022915914763922 0.00098838976157273055 -0.0067714290452923851 -0.0014767167746648547
leaf_weight=54 1132 46 45 84 71 52 69 58 43 50 43 70 47 89
leaf_count=54 1132 46 45 84 71 52 69 58 43 50 43 70 47 89
internal_value=0.000179211 0.00106545 -0.00164319 -0.00252525 -0.00487465 0.00234899 -0.01 0.00106383 0.00742574 -0.00373134 -0.00473684 -0.00467626 0.000473186 0.000859951
internal_weight=1953 1314 639 594 359 149 210 235 101 134 95 139 1268 1221
internal_count=1953 1314 639 594 359 149 210 235 101 134 95 139 1268 1221
is_linear=0
shrinkage=0.05


Tree=182
num_leaves=15
num_cat=0
split_feature=0 2 4 2 4 1 1 4 2 4 3 4 4 0
split_gain=1.18792 3.77783 2.55492 2.83819 3.79502 5.66712 4.19128 2.1517 2.20933 1.8999 1.80064 1.6695 4.14183 1.36941
threshold=11.598000000000001 0.65278973532535922 26.515000000000004 0.88637546977843906 13.760500000000002 0.5043284533698108 0.51909748604633899 14.521000000000003 0.98526033472108498 26.515000000000004 98.944000000000003 18.144500000000004 20.772500000000004 22.655500000000004
decision_type=2 2 2 2 2 2 2 2 2 2 2 2 2 2
left_child=2 9 3 4 6 -6 -1 -5 -9 13 -8 -7 -13 -2
right_child=1 -3 -4 7 5 11 10 8 -10 -11 -12 12 -14 -15
leaf_value=0.01914888738735665 0.0002933439424407422 0.0019795774492789189 0.0035181867261111725 -0.0010028789400083032 -0.0010711623428233924 -0.008361744079751654 -0.0025081456229546833 0.013085335910050885 -0.00056192833815834622 -0.0053417796544101143 0.0076144321396851376 0.0055806951480092491 -0.0047583447585827672 -0.00042780716219055774
leaf_weight=53 822 46 45 134 72 51 52 58 43 51 42 40 49 395
leaf_count=53 822 46 45 134 72 51 52 58 43 51 42 40 49 395
internal_value=0.000281618 0.00114155 -0.0014867 -0.0023569 -0.0051532 -0.00943396 0.00102041 0.00191489 0.00742574 0.000630915 -0.00531915 -0.00357143 0.000561798 0.00102712
internal_weight=1953 1314 639 594 359 212 147 235 101 1268 94 140 89 1217
internal_count=1953 1314 639 594 359 212 147 235 101 1268 94 140 89 1217
is_linear=0
shrinkage=0.05


Tree=183
num_leaves=15
num_cat=0
split_feature=3 3 3 3 3 3 3 2 0 1 2 0 1 2
split_gain=1.10291 4.9867 3.00993 2.63347 4.79971 2.70677 2.10573 2.03171 4.61917 1.98884 1.77457 2.04132 2.72477 4.38654
threshold=77.733000000000018 84.010500000000022 72.120000000000019 92.584500000000006 95.187000000000026 98.134500000000017 97.02500000000002 0.92284787786233202 7.1605000000000008 0.41274032740354816 0.69017338824297181 11.991500000000002 0.098678873477280007 -0.94000589469999485
decision_type=2 2 2 2 2 2 2 2 2 2 2 2 2 2
left_child=2 -2 7 9 -5 6 -6 8 -1 -3 11 -10 -13 -14
right_child=1 3 -4 4 5 -7 -8 -9 10 -11 -12 12 13 -15
leaf_value=-0.012047470839511168 -0.0090504743176864858 6.1641381454884296e-05 0.0084915730384533313 -0.0043204981509254708 0.0019144008933097258 -0.00020184031141819714 0.0055703766676303513 0.0047751649717661972 -0.0018565599406419277 0.01288100948872869 0.0016014971916418286 -0.00056943457191099833 0.011412153987536037 0.0002786767453187053
leaf_weight=46 55 72 40 50 51 754 44 84 60 53 48 335 43 218
leaf_count=46 55 72 40 50 51 754 44 84 60 53 48 335 43 218
internal_value=0.000281618 -0.000787766 0.00160183 0 -0.000945495 -5.88928e-05 0.00789474 0.000959233 0.000133333 0.0068 0.00113636 0.000457317 0.00134228 0.00517241
internal_weight=1953 1079 874 1024 899 849 95 834 750 125 704 656 596 261
internal_count=1953 1079 874 1024 899 849 95 834 750 125 704 656 596 261
is_linear=0
shrinkage=0.05


Tree=184
num_leaves=15
num_cat=0
split_feature=3 3 3 0 0 1 3 1 2 2 2 0 0 0
split_gain=1.00769 3.2838 2.97396 3.41144 3.8313 3.21935 2.00835 3.32491 5.51934 2.18132 4.82052 2.19685 2.44997 2.51198
threshold=8.0710000000000015 5.0725000000000007 21.6645 3.9720000000000004 5.5995000000000008 0.1837425755813806 47.907000000000004 -0.52707282776374176 -0.16705162550211924 0.80444483470750872 0.90906259831586944 8.7345000000000024 9.9515000000000011 10.758500000000002
decision_type=2 2 2 2 2 2 2 2 2 2 2 2 2 2
left_child=1 -1 5 -4 -5 -2 7 -6 -9 11 -11 -8 -13 -14
right_child=2 -3 3 4 6 -7 9 8 -10 10 -12 12 13 -15
leaf_value=9.7767376918721238e-05 -7.5363628524996456e-05 0.0063056071129517985 -0.0069872274064185728 0.01411947827733322 -0.0088282865756082688 -0.0093672317072500174 0.0071999538953594344 -0.00010714741637643556 0.017043310953209673 -0.0085773139468785023 1.4625559026257805e-05 -0.0038228557609017336 0.0036133735972191938 -4.3916381992803455e-05
leaf_weight=359 63 60 46 41 53 47 73 58 51 70 118 42 47 825
leaf_count=359 63 60 46 41 53 47 73 58 51 70 118 42 47 825
internal_value=0.000332821 0.00250597 -0.000260756 0.000351124 0.000798258 -0.00818182 0.000336574 0.00555556 0.0105505 -0.000382979 -0.00531915 0.000557244 -0.000109409 0.000458716
internal_weight=1953 419 1534 1424 1378 110 1337 162 109 1175 188 987 914 872
internal_count=1953 419 1534 1424 1378 110 1337 162 109 1175 188 987 914 872
is_linear=0
shrinkage=0.05


Tree=185
num_leaves=15
num_cat=0
split_feature=0 4 4 2 4 3 4 2 4 4 0 0 4 0
split_gain=1.82102 1.79547 2.654 3.48807 3.54351 3.14196 2.14749 5.2384 3.23457 1.36294 1.15813 3.13726 2.99225 1.18574
threshold=3.2095000000000007 4.0610000000000008 9.850500000000002 0.42110087079608943 7.7455000000000007 9.1880000000000006 8.0515000000000025 -0.48754425631212789 6.2775000000000007 10.235000000000001 7.8485000000000005 6.9305000000000012 15.539500000000002 8.7345000000000024
decision_type=2 2 2 2 2 2 2 2 2 2 2 2 2 2
left_child=-1 -2 3 5 -5 -3 8 -8 -7 -4 11 12 -11 -12
right_child=1 2 9 4 -6 6 7 -9 -10 10 13 -13 -14 -15
leaf_value=0.0031646340122379714 0.00029847987428881489 0.002355688478625963 0.0021655099215024676 -0.0021818098515087973 -0.010362492360715847 0.00054907482267360088 -0.00052954571449809749 0.0080380593015054128 -0.0048673954440176638 -0.0010605850394580904 0.0081408918120699347 -0.0019984177407530389 0.0012076106531526078 0.00010495732602335482
leaf_weight=52 45 68 40 70 59 55 49 45 64 44 53 52 75 1182
leaf_count=52 45 68 40 70 59 55 49 45 64 44 53 52 75 1182
internal_value=0.000384025 0.00013151 -0.000107759 -0.00365854 -0.0104651 -0.000533808 -0.00352113 0.00212766 -0.00798319 0.000899032 0.000640114 -0.00321637 0.0012605 0.00117409
internal_weight=1953 1901 1856 410 129 281 213 94 119 1446 1406 171 119 1235
internal_count=1953 1901 1856 410 129 281 213 94 119 1446 1406 171 119 1235
is_linear=0
shrinkage=0.05


Tree=186
num_leaves=15
num_cat=0
split_feature=3 4 4 4 2 4 0 3 3 2 3 3 3 3
split_gain=1.38999 3.47844 1.74344 4.3587 2.86751 2.5322 2.86097 2.23234 3.39596 1.87833 1.5365 2.50695 2.25356 1.37145
threshold=62.32800000000001 23.787000000000003 20.160500000000003 17.015500000000003 -0.53190322474958196 14.384000000000002 24.652000000000005 21.6645 37.978500000000004 -0.33100558041451072 4.5945000000000009 0.013500000000000003 5.1890000000000009 86.745500000000007
decision_type=2 2 2 2 2 2 2 2 2 2 2 2 2 2
left_child=1 2 3 5 -5 6 7 10 -9 -7 11 -1 -12 -2
right_child=13 -3 -4 4 -6 9 -8 8 -10 -11 12 -13 -14 -15
leaf_value=-0.0065409961262871677 -0.00043546059602696149 0.0023051159052707481 -0.0045209190403920187 0.00013958578943802646 0.011008888757300961 -0.0067932404948597208 0.0022953365874511245 0.005763576390674572 -0.00043122217818817313 -1.4763447245055851e-05 -0.021325348109763081 0.0041226880226856054 -0.00015724044283328966 -5.547996402635591e-07
leaf_weight=50 190 46 69 46 55 50 122 44 55 46 68 43 75 994
leaf_count=50 190 46 69 46 55 50 122 44 55 46 68 43 75 994
internal_value=0.000230415 0.00188557 0.00103734 0.00183486 0.0113861 9.04159e-05 0.00164114 -0.000746269 0.00555556 -0.00729167 -0.00338983 0.0016129 -0.00664336 -0.000844595
internal_weight=1953 769 723 654 101 553 457 335 99 96 236 93 143 1184
internal_count=1953 769 723 654 101 553 457 335 99 96 236 93 143 1184
is_linear=0
shrinkage=0.05


Tree=187
num_leaves=15
num_cat=0
split_feature=0 0 0 4 4 2 0 0 1 4 0 0 4 3
split_gain=1.34185 0.870077 1.53992 1.10724 5.04704 2.54176 3.12616 2.74641 8.39127 3.10045 3.35267 3.42156 3.61714 2.27993
threshold=31.569500000000005 3.0290000000000004 4.0520000000000005 15.343500000000002 14.822500000000002 0.42110087079608943 12.416500000000001 18.023500000000002 0.63137065367936085 13.487000000000002 24.158000000000005 26.101000000000003 9.145500000000002 6.9365000000000006
decision_type=2 2 2 2 2 2 2 2 2 2 2 2 2 2
left_child=1 -1 -3 4 5 7 -7 8 -4 10 -9 -12 -13 -5
right_child=-2 2 3 13 -6 6 -8 9 -10 -11 11 12 -14 -15
leaf_value=0.0030103471926879095 0.0014928540683065484 -0.007992817770663586 0.01472491621270593 0.0021277643876520982 -0.005959241496150426 -9.8654464962880109e-05 -0.020153308732939652 -0.0018246311577476667 -0.00017916648150234984 0.0055243300498734275 0.010292968288155752 0.0019171850729962526 -0.019545446121546059 1.7953926474650882e-05
leaf_weight=44 48 40 99 116 46 218 40 191 158 59 60 45 66 723
leaf_count=44 48 40 99 116 46 218 40 191 158 59 60 45 66 723
internal_value=7.68049e-05 -0.000131234 -0.00029554 -8.23723e-05 -0.001222 -0.00042735 -0.00465116 0.00117994 0.00525292 -0.00130641 -0.00303867 0.00204678 -0.00315315 0.00125149
internal_weight=1953 1905 1861 1821 982 936 258 678 257 421 362 171 111 839
internal_count=1953 1905 1861 1821 982 936 258 678 257 421 362 171 111 839
is_linear=0
shrinkage=0.05


Tree=188
num_leaves=15
num_cat=0
split_feature=4 1 1 3 0 0 1 4 1 4 4 1 0 1
split_gain=0.950038 1.48971 5.70998 1.61134 1.18299 3.98877 3.01802 4.67416 2.93936 3.30942 2.85247 2.01181 3.93123 3.35973
threshold=11.209000000000001 0.65765423894015862 0.83987808009543619 81.010500000000022 11.658000000000003 10.651000000000002 -0.46735488928835733 13.083500000000003 0.047250493887438572 15.858500000000001 19.964500000000005 -0.91585580712236359 22.757000000000001 0.098678873477280007
decision_type=2 2 2 2 2 2 2 2 2 2 2 2 2 2
left_child=1 -1 -3 -4 5 6 -2 -8 -9 -10 -11 -6 -13 -14
right_child=4 2 3 -5 11 -7 7 8 9 10 -12 12 13 -15
leaf_value=-2.0416047316994953e-05 -0.00049564290315357365 -0.0079013004128802803 0.0040077851794387059 -0.0016393857215268523 -0.001589874853757839 -0.0057878644930847174 -0.025436363695776815 0.011344990508103565 0.0092158254861875854 -0.0048568211466312227 0.00099895484018901475 0.0017912681341412219 -0.004401261307755022 0.011274655391981334
leaf_weight=470 64 50 49 58 151 74 43 62 47 62 102 520 151 50
leaf_count=470 64 50 49 58 151 74 43 62 47 62 102 520 151 50
internal_value=-0.000230415 -0.00183413 -0.00605096 0.00046729 0.000527903 -0.00154185 0.000526316 0.00253165 0.00494505 0.0021327 -0.00121951 0.0016055 0.00270458 -0.00323383
internal_weight=1953 627 157 107 1326 454 380 316 273 211 164 872 721 201
internal_count=1953 627 157 107 1326 454 380 316 273 211 164 872 721 201
is_linear=0
shrinkage=0.05


Tree=189
num_leaves=15
num_cat=0
split_feature=3 4 3 3 3 3 4 4 2 1 2 3 3 0
split_gain=0.953304 3.3226 1.88676 2.94255 1.80006 1.7184 3.25549 2.09698 1.50976 6.45076 2.39772 1.50167 3.66405 1.79739
threshold=67.301000000000016 24.635500000000004 84.010500000000022 77.733000000000018 58.573000000000008 92.584500000000006 28.322500000000002 17.517000000000003 -0.94418750883419933 0.081558489694578698 -0.82681243101696389 0.49650000000000005 4.5945000000000009 15.574000000000002
decision_type=2 2 2 2 2 2 2 2 2 2 2 2 2 2
left_child=1 4 3 -2 8 7 -7 -4 9 -1 -10 13 -13 -12
right_child=2 -3 5 -5 -6 6 -8 -9 10 -11 11 12 -14 -15
leaf_value=-0.0045382213565436456 5.6095182743710895e-05 0.0016953056076277257 3.2842047830158875e-05 -0.0083600642501383219 0.0025139731413135746 -4.1976983620140022e-05 -0.014322995807974579 0.012482871283604891 -0.0064932624875075123 0.0106561285431382 -0.0044426086018385033 0.0052378881738273271 -0.00011018252476846132 6.5552610768199185e-05
leaf_weight=60 70 45 76 55 54 859 40 49 72 41 48 50 383 51
leaf_count=60 70 45 76 55 54 859 40 49 72 41 48 50 383 51
internal_value=-7.68049e-05 0.00124378 -0.00100087 -0.0068 0.000461133 -0.000292969 -0.00105673 0.0052 -0.000212766 0.00544554 -0.00115894 0 0.00127021 -0.00555556
internal_weight=1953 804 1149 125 759 1024 899 125 705 101 604 532 433 99
internal_count=1953 804 1149 125 759 1024 899 125 705 101 604 532 433 99
is_linear=0
shrinkage=0.05


Tree=190
num_leaves=15
num_cat=0
split_feature=3 4 4 0 4 3 3 1 4 4 0 1 4 0
split_gain=1.40432 3.43767 2.41889 3.161 2.71795 3.66708 1.82756 1.85697 1.8 1.77373 1.18404 2.45358 2.86285 2.33696
threshold=8.0710000000000015 18.425000000000001 8.4010000000000016 15.238000000000001 13.906000000000002 4.1890000000000009 18.278000000000002 0.98009454285431663 12.362500000000002 6.674500000000001 9.2280000000000015 -0.46735488928835733 20.429000000000006 9.9515000000000011
decision_type=2 2 2 2 2 2 2 2 2 2 2 2 2 2
left_child=1 2 9 8 5 -5 -2 10 -4 -1 11 -8 -13 -12
right_child=6 -3 3 4 -6 -7 7 -9 -10 -11 13 12 -14 -15
leaf_value=0.0002058687080663202 -0.0018596647860159134 0.0055314445223345488 -0.024982062722913728 0.0030182114778503095 -0.0030733826058746807 -0.0015048719848315241 -0.00036052988565321602 0.00062223300258795744 -0.0035849554324685778 0.010448019096835848 -0.011394743638869709 0.00067491651265752246 0.012963563452653905 -0.0001050591464701634
leaf_weight=47 85 70 40 58 72 49 54 101 40 43 43 183 56 1012
leaf_count=47 85 70 40 58 72 49 54 101 40 43 43 183 56 1012
internal_value=0.000179211 0.00274463 0.000716332 -0.00173745 0.00195531 0.00700935 -0.000521512 -0.00010352 -0.01 0.00777778 -0.000593472 0.00221843 0.00439331 -0.00137441
internal_weight=1953 419 349 259 179 107 1534 1449 80 90 1348 293 239 1055
internal_count=1953 419 349 259 179 107 1534 1449 80 90 1348 293 239 1055
is_linear=0
shrinkage=0.05


Tree=191
num_leaves=15
num_cat=0
split_feature=3 3 3 3 0 1 0 1 4 3 1 1 4 1
split_gain=1.10345 3.78987 2.43017 2.02468 1.55039 3.29295 2.34451 1.68158 1.39946 1.34804 1.41586 4.3149 6.08 2.56192
threshold=9.1880000000000006 5.0725000000000007 4.9155000000000006 18.278000000000002 19.292500000000004 0.098678873477280007 13.260500000000002 -0.56602321513293041 12.418500000000002 47.907000000000004 -0.89391031859722847 -0.7383195169062905 16.558500000000002 -0.96230016621822467
decision_type=2 2 2 2 2 2 2 2 2 2 2 2 2 2
left_child=1 2 4 -2 6 7 -1 -6 -4 -5 13 12 -12 -11
right_child=3 -3 8 9 5 -7 -8 -9 -10 10 11 -13 -14 -15
leaf_value=0.00092917406204578448 -0.0031699003841487161 0.0040284387875204556 -0.0069804605198156879 0.0012826103611986606 0.0011406535802124696 0.014647231662235617 -0.0013577780789421152 -0.0073980289711118481 0.00012946081289909873 -2.933380192503138e-05 0.027591828091330664 -0.00010019193708678022 -0.00027802428339589077 -0.0048312604380859984
leaf_weight=71 75 70 55 190 41 41 58 47 46 98 50 999 45 67
leaf_count=71 75 70 55 190 41 41 58 47 46 98 50 999 45 67
internal_value=-2.56016e-05 0.00221445 0.000139276 -0.000656168 0.00271318 0.00658915 -0.00116279 0.00113636 -0.00643564 -0.000241546 -0.000833995 -0.000182815 0.01 -0.00515152
internal_weight=1953 429 359 1524 258 129 129 88 101 1449 1259 1094 95 165
internal_count=1953 429 359 1524 258 129 129 88 101 1449 1259 1094 95 165
is_linear=0
shrinkage=0.05


Tree=192
num_leaves=15
num_cat=0
split_feature=0 0 3 4 3 4 4 3 4 4 0 0 4 4
split_gain=1.39224 1.46512 0.969494 3.15195 3.57865 2.08365 2.45342 2.19241 3.0059 4.1982 1.96031 4.57626 2.73648 4.23124
threshold=31.569500000000005 28.926000000000005 98.134500000000017 26.640000000000004 97.02500000000002 5.8020000000000005 10.856500000000002 1.7350000000000001 9.3560000000000016 7.7455000000000007 15.035000000000002 16.005500000000005 17.612500000000004 10.794500000000001
decision_type=2 2 2 2 2 2 2 2 2 2 2 2 2 2
left_child=1 2 3 4 5 -1 7 -7 9 -9 -4 -12 13 -13
right_child=-2 -3 10 -5 -6 6 -8 8 -10 -11 11 12 -14 -15
leaf_value=-0.010331328338838625 0.0015224011744132517 -0.0036180876676998072 0.00031881085816401478 0.0022928495249687928 0.0083491387928538423 0.002179411923220098 -0.00023579211253201839 0.0028336953053023362 0.0058692386323676519 -0.0021791910534394001 -0.0077322116199222595 -0.0022596427489539827 -0.01133955469981881 0.0070278890995752463
leaf_weight=70 48 42 457 42 40 45 693 84 76 71 43 73 75 94
leaf_count=70 48 42 457 42 40 45 693 84 76 71 43 73 75 94
internal_value=-7.68049e-05 -0.000288714 -8.05153e-05 0.000847458 0.000324374 -0.000240616 0.000361197 0.00434783 0.00238095 -0.0016129 -0.00148248 -0.00473684 -0.00206612 0.00149701
internal_weight=1953 1905 1863 1121 1079 1039 969 276 231 155 742 285 242 167
internal_count=1953 1905 1863 1121 1079 1039 969 276 231 155 742 285 242 167
is_linear=0
shrinkage=0.05


Tree=193
num_leaves=15
num_cat=0
split_feature=4 3 3 0 3 0 0 2 1 4 1 4 0 2
split_gain=2.06297 1.47454 3.51945 2.11906 3.49016 2.38438 4.27761 5.85587 3.16337 1.90531 5.11568 3.12693 1.64472 1.49773
threshold=4.0610000000000008 77.733000000000018 84.010500000000022 25.964000000000002 90.949500000000015 22.466000000000005 19.292500000000004 -0.84565824135800816 -0.3970220911538665 7.7140000000000013 -0.62132811513414532 8.7105000000000015 15.698500000000001 0.92284787786233202
decision_type=2 2 2 2 2 2 2 2 2 2 2 2 2 2
left_child=-1 9 -3 4 12 6 7 -6 -8 10 -2 -11 -4 -13
right_child=1 2 3 -5 5 -7 8 -9 -10 11 -12 13 -14 -15
leaf_value=0.00055122475220350554 -0.0067099687457520046 -0.0093046098792478379 0.0023493239895897369 -0.0037798613434841368 0.015302363032625277 0.005968200215446362 -0.021102075681626392 -0.00023944152693449741 -0.0013227386104134071 -0.0096986425069078841 0.0094894645693827176 0.00016236938036386236 0.010652593747744535 0.0086848547887297123
leaf_weight=48 45 55 40 53 50 71 48 657 44 45 68 624 42 63
leaf_count=48 45 55 40 53 50 71 48 657 44 45 68 624 42 63
internal_value=0.000179211 -7.87402e-05 -0.00132075 -0.000646766 -0.000105042 -0.00103448 -0.00181477 -0.00049505 -0.0119565 0.00147929 0.00752212 0.000546448 0.0097561 0.00138282
internal_weight=1953 1905 1060 1005 952 870 799 707 92 845 113 732 82 687
internal_count=1953 1905 1060 1005 952 870 799 707 92 845 113 732 82 687
is_linear=0
shrinkage=0.05


Tree=194
num_leaves=15
num_cat=0
split_feature=4 3 4 3 3 1 1 1 4 1 1 3 4 4
split_gain=2.20995 1.28087 3.43275 2.58904 3.32851 2.34807 3.4343 3.73291 2.5268 2.40692 3.46892 2.73273 3.8053 2.24606
threshold=4.0610000000000008 77.733000000000018 7.0170000000000003 86.745500000000007 92.584500000000006 -0.89391031859722847 -0.7266007961912001 -0.57659668305444411 26.640000000000004 0.030073020370188292 -0.40542197401079716 99.998500000000021 20.429000000000006 16.918500000000005
decision_type=2 2 2 2 2 2 2 2 2 2 2 2 2 2
left_child=-1 -2 -3 -4 -5 -6 -7 -8 9 10 -9 13 -13 -11
right_child=1 2 3 4 5 6 7 8 -10 11 -12 12 -14 -15
leaf_value=0.0005236635145933309 0.00017866645299083328 -0.0038332628969318218 -0.0034476807310821925 0.010799038725228766 -0.0026796402308351275 0.0056697902046740443 -0.0025808393085917725 -0.0010448079572783681 -0.0039873757654929707 -0.00022329806554133929 0.010562530929179494 -0.00021568741269088201 0.01112714327919816 -0.0071118854451692791
leaf_weight=48 845 76 79 86 107 73 48 47 42 88 110 181 55 68
leaf_count=48 845 76 79 86 107 73 48 47 42 88 110 181 55 68
internal_value=-0.000179211 -0.000446194 -0.00160377 -0.000813008 -5.52486e-05 -0.00103785 0 -0.00117371 -8.46024e-05 0.000819672 0.00605096 -0.00127551 0.00211864 -0.00641026
internal_weight=1953 1905 1060 984 905 819 712 639 591 549 157 392 236 156
internal_count=1953 1905 1060 984 905 819 712 639 591 549 157 392 236 156
is_linear=0
shrinkage=0.05


Tree=195
num_leaves=15
num_cat=0
split_feature=4 0 0 4 3 0 1 0 2 0 1 3 3 2
split_gain=2.10445 1.07988 1.95445 3.5503 1.46614 1.21332 2.03173 3.70513 3.14672 1.84315 1.6568 2.09107 4.15426 3.67657
threshold=4.0610000000000008 3.2095000000000007 6.5870000000000006 9.5115000000000016 76.614000000000019 9.2280000000000015 0.85731462807633252 8.480500000000001 0.8524709262517346 9.8305000000000025 0.99683821410134854 98.844500000000011 97.109000000000023 0.69017338824297181
decision_type=2 2 2 2 2 2 2 2 2 2 2 2 2 2
left_child=-1 -2 3 -3 -5 6 7 8 -4 -7 11 12 13 -11
right_child=1 2 5 4 -6 9 -8 -9 -10 10 -12 -13 -14 -15
leaf_value=0.00049748033886366457 0.0037779701950719615 -0.018320088040516366 0.002316320462863113 -0.0034045086677841011 0.00050024748437239028 -0.007088418619819706 -0.0021345441234879524 0.010468558119218097 -0.0011722089327307701 -5.2280768813123272e-05 0.0024935618844379929 -0.00069767540905501808 0.0072631645371344757 0.0021682081614832079
leaf_weight=48 49 46 50 43 69 52 41 52 54 815 40 491 56 47
leaf_count=48 49 46 50 43 69 52 41 52 54 815 40 491 56 47
internal_value=7.68049e-05 -0.000183727 -0.000377155 -0.0056962 -0.000892857 0.000117786 0.00380711 0.00641026 0.000961538 -0.000366422 -3.45066e-05 -0.000319375 0.00108932 0.000232019
internal_weight=1953 1905 1856 158 112 1698 197 156 104 1501 1449 1409 918 862
internal_count=1953 1905 1856 158 112 1698 197 156 104 1501 1449 1409 918 862
is_linear=0
shrinkage=0.05


Tree=196
num_leaves=15
num_cat=0
split_feature=4 4 1 4 3 4 3 4 4 1 1 1 1 1
split_gain=1.36858 1.80778 1.40807 1.92054 1.34095 4.07344 2.76058 2.59229 3.45766 3.54802 2.43553 4.56589 3.46452 3.40897
threshold=4.8370000000000006 5.9000000000000012 -0.98211651112579568 14.176500000000003 81.010500000000022 7.2345000000000015 86.745500000000007 23.787000000000003 19.047500000000003 0.45914483320598681 -0.48941038753127697 -0.67760851415498091 -0.90149333598846393 -0.051549210996800328
decision_type=2 2 2 2 2 2 2 2 2 2 2 2 2 2
left_child=-1 -2 3 -3 5 -4 -6 8 10 -10 11 12 -7 -12
right_child=1 2 4 -5 6 7 -8 -9 9 -11 13 -13 -14 -15
leaf_value=0.00047260632192048152 -0.0031965841634612525 -0.0030027129755805515 0.011969378218579985 0.00030554392233318603 -0.0070531681195478649 0.0074677044207205169 -8.538056172513464e-06 0.0014392847710165641 -0.0075919633241800207 0.00032116650269003457 -0.018158405861415539 0.0033813367692982037 -0.0066791394027367447 0.0002907381846863358
leaf_weight=72 56 55 45 42 57 47 897 57 52 55 92 52 66 308
leaf_count=72 56 55 45 42 57 47 897 57 52 55 92 52 66 308
internal_value=0.000179211 -7.97448e-05 0.000191781 -0.0056701 0.000520833 0.00206718 -0.000733753 0.00116598 0.000297619 -0.00794393 0.00185841 0.0069697 0.00132743 -0.00025
internal_weight=1953 1881 1825 97 1728 774 954 729 672 107 565 165 113 400
internal_count=1953 1881 1825 97 1728 774 954 729 672 107 565 165 113 400
is_linear=0
shrinkage=0.05


Tree=197
num_leaves=15
num_cat=0
split_feature=4 4 3 2 0 0 0 0 2 0 3 2 2 3
split_gain=1.34795 1.82957 1.49782 3.048 6.38376 3.43233 5.75043 4.85629 8.06752 3.18081 4.02168 3.77275 2.95531 2.81711
threshold=4.8370000000000006 5.9000000000000012 98.134500000000017 0.69017338824297181 8.5475000000000012 15.449000000000002 14.410500000000001 16.337500000000002 0.12643880951666986 21.827500000000004 90.77300000000001 -0.53914575630485184 -0.21533487516747371 0.49650000000000005
decision_type=2 2 2 2 2 2 2 2 2 2 2 2 2 2
left_child=-1 -2 3 5 -5 6 -3 -7 9 10 11 -9 -13 -11
right_child=1 2 -4 4 -6 7 -8 8 -10 13 -12 12 -14 -15
leaf_value=0.00044897600582445747 -0.0030367549552881875 -8.6983858574800343e-05 -0.00031732299833670544 2.537265655332896e-05 0.0079131907608352616 0.02024064103897907 -0.021458869994538332 0.00036076291955330355 -0.014301026099534812 0.0027833636325532611 -0.0045814321012032904 0.018160410155137134 0.0021345254456081211 -0.0007647631707746517
leaf_weight=72 56 195 718 144 71 56 45 96 41 50 44 40 49 276
leaf_count=72 56 195 718 144 71 56 45 96 41 50 44 40 49 276
internal_value=0.000230415 -2.65816e-05 0.000246575 0.00140018 0.00674419 0.000112108 -0.005 0.00199387 0.000671141 0.00225225 0.00676856 0.01 0.0174157 -0.000920245
internal_weight=1953 1881 1825 1107 215 892 240 652 596 555 229 185 89 326
internal_count=1953 1881 1825 1107 215 892 240 652 596 555 229 185 89 326
is_linear=0
shrinkage=0.05


Tree=198
num_leaves=15
num_cat=0
split_feature=0 0 4 4 4 3 3 0 4 1 0 2 0 0
split_gain=1.30877 2.42391 1.42767 1.97603 2.57733 1.53568 1.26026 4.14924 2.49308 1.3958 1.30998 2.69017 2.41375 2.29315
threshold=31.569500000000005 28.926000000000005 4.9960000000000013 7.0170000000000003 7.6130000000000004 75.408500000000018 2.1505000000000005 15.698500000000001 13.906000000000002 0.9927395293426734 13.547500000000001 -0.36324666135702649 15.449000000000002 16.337500000000002
decision_type=2 2 2 2 2 2 2 2 2 2 2 2 2 2
left_child=1 2 -1 5 -5 -4 7 -6 -9 10 11 -8 -12 -14
right_child=-2 -3 3 4 6 -7 9 8 -10 -11 12 -13 13 -15
leaf_value=0.00042652720553323508 0.0011321801980807068 -0.0030551076829336055 -0.00018514287441004918 0.0082639907798729654 -0.0034866388214647493 -0.0054448980801652504 0.011494591185777742 0.0032755297290015433 0.00023763357605812997 0.00046940104691702011 -0.0015468261158756243 1.8516025672300071e-05 0.0023510704032498591 -0.0005738677381587953
leaf_weight=68 48 42 63 45 49 58 41 48 44 67 125 590 73 592
leaf_count=68 48 42 63 45 49 58 41 48 44 67 125 590 73 592
internal_value=0.000179211 -2.62467e-05 0.000241546 -2.78552e-05 0.00041816 -0.00619835 9.2081e-05 0.00460993 0.0108696 -0.000336022 -0.000668543 0.00103011 -0.00202532 -0.000827068
internal_weight=1953 1905 1863 1795 1674 121 1629 141 92 1488 1421 631 790 665
internal_count=1953 1905 1863 1795 1674 121 1629 141 92 1488 1421 631 790 665
is_linear=0
shrinkage=0.05


Tree=199
num_leaves=15
num_cat=0
split_feature=4 4 1 4 4 1 3 3 2 3 4 4 4 4
split_gain=1.27155 2.0621 1.35592 1.92054 1.38587 2.72812 0.942609 5.63758 2.1201 2.54285 2.03159 4.49792 2.06909 2.2051
threshold=4.9960000000000013 5.9000000000000012 -0.98211651112579568 14.176500000000003 27.071000000000002 0.081558489694578698 81.010500000000022 86.745500000000007 -0.96801877525786306 72.120000000000019 11.237500000000002 12.418500000000002 9.145500000000002 8.0515000000000025
decision_type=2 2 2 2 2 2 2 2 2 2 2 2 2 2
left_child=-1 -2 3 -3 6 -6 8 -8 -4 -10 12 -12 13 -9
right_child=1 2 4 -5 5 -7 7 10 9 -11 11 -13 -14 -15
leaf_value=0.00040520084525657397 -0.0063323038509036922 -0.0028080177899767497 -0.0013297039653600894 0.00088768889738926606 0.010330650712300393 -0.00074694711768806825 -0.007671510357487258 -0.0038185680964513222 0.00016045097984091484 0.0070958011213516862 0.015705761100244776 2.0053149343199353e-05 -0.0054709342879668893 0.01304965151462213
leaf_weight=80 48 55 78 42 41 40 54 71 626 49 45 581 101 42
leaf_count=80 48 55 78 42 41 40 54 71 626 49 45 581 101 42
internal_value=7.68049e-05 -0.000186866 8.21918e-05 -0.0056701 0.000405093 0.00679012 9.10747e-05 -0.00100671 0.00139442 0.0022963 0 0.0014377 -0.00420561 0.000442478
internal_weight=1953 1873 1825 97 1728 81 1647 894 753 675 840 626 214 113
internal_count=1953 1873 1825 97 1728 81 1647 894 753 675 840 626 214 113
is_linear=0
shrinkage=0.05


Tree=200
num_leaves=15
num_cat=0
split_feature=0 4 3 4 3 3 0 3 0 0 4 4 0 0
split_gain=1.32526 0.926225 1.05366 3.40233 2.91767 1.96469 2.10295 1.83684 1.13714 2.45146 2.7016 4.23833 2.47306 3.17764
threshold=31.569500000000005 4.9960000000000013 97.69250000000001 26.640000000000004 94.499000000000009 99.561000000000021 5.3030000000000008 92.19250000000001 6.9305000000000012 8.7345000000000024 11.504500000000002 13.846000000000002 11.598000000000001 13.547500000000001
decision_type=2 2 2 2 2 2 2 2 2 2 2 2 2 2
left_child=1 -1 3 4 7 -4 -7 -3 -8 -10 -11 -12 -13 -14
right_child=-2 2 5 -5 -6 6 8 -9 9 10 11 12 13 -15
leaf_value=0.00026283789963293122 0.0012668576183802684 -1.2989874937879843e-05 -0.0035847558417287755 0.0060644671721530293 0.0045278687384198825 0.012181558773523189 -0.0024087410985500464 -0.0055126301921064108 0.0073608450167073382 -0.0036386645087453044 0.014725832847074238 -0.0021019192533409353 0.0052720328288753809 -0.00040375453191654183
leaf_weight=74 48 929 94 40 81 49 42 41 56 123 54 95 65 162
leaf_count=74 48 929 94 40 81 49 42 41 56 123 54 95 65 162
internal_value=0.000128008 -7.87402e-05 -0.000300382 0.000687443 0.000142721 -0.00175676 -0.000773994 -0.000618557 -0.00159129 -0.000990991 -0.00210421 0 -0.00217391 0.000660793
internal_weight=1953 1905 1831 1091 1051 740 646 970 597 555 499 376 322 227
internal_count=1953 1905 1831 1091 1051 740 646 970 597 555 499 376 322 227
is_linear=0
shrinkage=0.05


Tree=201
num_leaves=15
num_cat=0
split_feature=3 0 3 4 3 1 1 3 0 2 0 4 4 1
split_gain=1.457 2.5315 1.57365 2.95797 2.18751 2.91438 4.19247 2.29378 1.84771 2.92893 2.24734 2.15607 2.98818 3.24074
threshold=66.684500000000014 3.9720000000000004 84.010500000000022 16.558500000000002 98.134500000000017 -0.65189295912203338 0.1837425755813806 92.584500000000006 15.035000000000002 0.31064877563037102 16.005500000000005 17.612500000000004 10.794500000000001 -0.33302288323571977
decision_type=2 2 2 2 2 2 2 2 2 2 2 2 2 2
left_child=-1 -2 3 -3 5 -4 -7 -8 9 -6 -10 12 -12 -14
right_child=1 2 4 -5 8 6 7 -9 10 -11 11 -13 13 -15
leaf_value=0.00016044923194277196 -0.0054237810104895371 8.2832381646993219e-05 -0.00061052802801264011 -0.023314657021408211 0.0024063935122272981 0.01012751466714591 0.0061102421357069475 -0.0006640067552490859 -0.0067298652110663222 -0.00036325576272081553 -0.00098239326182891773 -0.011159939928755858 0.015523730105500851 -0.00032223443144471233
leaf_weight=799 41 76 63 47 134 74 64 61 43 297 81 77 42 54
leaf_count=799 41 76 63 47 134 74 64 61 43 297 81 77 42 54
internal_value=-7.68049e-05 -0.00121317 -0.000763702 -0.00609756 -0.00010101 0.00381679 0.00678392 0.0012 -0.00151099 0.000580046 -0.00454545 -0.00275591 0.000282486 0.00625
internal_weight=1953 1154 1113 123 990 262 199 125 728 431 297 254 177 96
internal_count=1953 1154 1113 123 990 262 199 125 728 431 297 254 177 96
is_linear=0
shrinkage=0.05


Tree=202
num_leaves=15
num_cat=0
split_feature=2 1 0 3 2 1 1 0 0 4 0 2 4 3
split_gain=1.65172 4.3132 2.58477 2.58302 2.9914 4.22838 3.46638 3.79941 1.98439 5.06431 4.80209 2.68222 2.34512 2.16299
threshold=-0.77547391234167817 0.51909748604633899 18.971000000000004 99.232000000000014 -0.9951106240145321 0.33302288323572038 -0.22132528438243276 26.377500000000001 23.233500000000003 12.978500000000002 21.827500000000004 -0.64297064596386244 10.068000000000001 81.010500000000022
decision_type=2 2 2 2 2 2 2 2 2 2 2 2 2 2
left_child=1 2 -1 4 -4 6 7 -6 10 12 11 -2 -10 -13
right_child=8 -3 3 -5 5 -7 -8 -9 9 -11 -12 13 -14 -15
leaf_value=0.0092661891452579092 -0.0037296830041297054 0.009935569609950002 -0.0080065185950420111 -0.0080739134907683533 0.0064761701328244553 -0.0034935668430883804 0.0040718039617590393 -0.021364755660191359 0.00093463321857217287 0.013093825576029111 -0.0081409095249997763 0.00033834771011299962 -0.0023142792944027325 -0.00033884038359449365
leaf_weight=65 64 48 41 80 65 43 82 41 45 47 46 519 41 726
leaf_count=65 64 48 41 80 65 43 82 41 45 47 46 519 41 726
internal_value=-0.000128008 0.00247312 0.000839329 -0.000852273 0.00147059 0.00367965 0.00691489 0.000943396 -0.00094086 0.00488722 -0.00151292 -0.000954927 -0.00232558 -0.000441767
internal_weight=1953 465 417 352 272 231 188 106 1488 133 1355 1309 86 1245
internal_count=1953 465 417 352 272 231 188 106 1488 133 1355 1309 86 1245
is_linear=0
shrinkage=0.05


Tree=203
num_leaves=15
num_cat=0
split_feature=1 1 2 4 4 3 1 3 0 0 1 2 2 0
split_gain=1.4509 4.59949 4.2192 2.73006 2.39789 2.69784 1.85405 1.81065 1.5496 4.91269 2.60874 4.55201 2.47105 1.87766
threshold=-0.65189295912203338 -0.7383195169062905 -0.57240397273781507 9.145500000000002 18.507500000000004 84.010500000000022 -0.86095304316285715 66.155000000000015 25.647500000000004 24.371500000000005 0.098678873477280007 -0.96356381914947564 -0.9951106240145321 22.757000000000001
decision_type=2 2 2 2 2 2 2 2 2 2 2 2 2 2
left_child=1 2 -1 7 6 -6 -5 -4 9 12 11 -10 -2 -14
right_child=8 -3 3 4 5 -7 -8 -9 10 -11 -12 -13 13 -15
leaf_value=0.0058578863215156488 0.0095371173117860669 -0.0033535095881430375 -0.0016472307248670437 -0.00057190248086812646 0.0033545181027701712 -0.0019617184833581229 -0.0072755091699967245 0.0023926581084258605 -0.020224855838853834 -0.017608618613402172 0.0073625751322824121 0.0033314635991317457 6.6695233782482208e-05 -0.0031937407171361378
leaf_weight=40 45 70 45 140 48 71 45 41 52 42 51 54 1149 60
leaf_count=40 45 70 45 140 48 71 45 41 52 42 51 54 1149 60
internal_value=-7.68049e-05 -0.0024 -0.000465116 -0.00205128 -0.00427632 0.0012605 -0.00783784 0.00581395 0.000722643 0.000154321 0.00541401 0.000943396 0.000717703 0.000289495
internal_weight=1953 500 430 390 304 119 185 86 1453 1296 157 106 1254 1209
internal_count=1953 500 430 390 304 119 185 86 1453 1296 157 106 1254 1209
is_linear=0
shrinkage=0.05


Tree=204
num_leaves=15
num_cat=0
split_feature=0 0 0 3 3 1 2 3 0 2 0 3 2 2
split_gain=1.37534 2.33897 1.55018 1.09052 2.32195 3.88189 3.88955 2.74566 2.52445 2.1556 3.36929 3.0671 2.62976 3.08571
threshold=31.569500000000005 28.926000000000005 27.673000000000005 66.684500000000014 21.6645 -0.52707282776374176 -0.01291029607500894 15.865 11.351000000000001 0.0064435096891653281 25.254500000000004 5.1890000000000009 0.43802537080760273 0.76110425866077447
decision_type=2 2 2 2 2 2 2 2 2 2 2 2 2 2
left_child=1 2 3 4 7 6 -6 9 -7 10 -1 12 -11 -14
right_child=-2 -3 -4 -5 5 8 -8 -9 -10 11 -12 -13 13 -15
leaf_value=-0.0026297848146599636 0.0014582995613723283 -0.0029986205349771533 0.0075568962070026282 -0.00016957536194746049 0.0017574780977594852 0.013287765069903729 -0.011806042481383873 -0.0054555670535446771 0.00053901079845446458 0.0044124954252811868 0.0027640390562762157 0.00422537783273384 -0.004561908069000223 0.00044901625132902915
leaf_weight=161 48 42 42 1114 40 54 42 43 112 48 44 51 42 70
leaf_count=161 48 42 42 1114 40 54 42 43 112 48 44 51 42 70
internal_value=-2.56016e-05 -0.00023622 2.68384e-05 -0.000192202 0.00134371 0.00524194 -0.00365854 -0.000762527 0.00963855 0.000480769 -0.00317073 0.00402844 0.000625 -0.00357143
internal_weight=1953 1905 1863 1821 707 248 82 459 166 416 205 211 160 112
internal_count=1953 1905 1863 1821 707 248 82 459 166 416 205 211 160 112
is_linear=0
shrinkage=0.05


Tree=205
num_leaves=15
num_cat=0
split_feature=3 4 4 2 0 0 3 1 4 0 3 3 2 2
split_gain=0.981744 1.66908 3.19283 3.04758 2.21877 4.48601 2.82639 2.66278 2.31717 1.88558 2.48811 3.02713 1.56928 1.36469
threshold=62.32800000000001 17.015500000000003 19.047500000000003 0.14347198451036616 19.460000000000004 16.194000000000006 31.213500000000003 0.33302288323572038 7.6130000000000004 29.453500000000002 3.0260000000000002 12.651500000000002 -0.39505838944836397 0.72731766296277522
decision_type=2 2 2 2 2 2 2 2 2 2 2 2 2 2
left_child=1 4 -3 12 5 6 8 9 -1 10 -6 -12 -4 -10
right_child=-2 2 3 -5 7 -7 -8 -9 13 -11 11 -13 -14 -15
leaf_value=0.0032487207709813782 -0.00016109659385008662 0.0049569803286758501 0.00050757811872021439 0.00095402897985791832 0.0054285224551318574 -0.0073362883000782537 0.0091828319271130728 -0.0023144475885536974 -0.005302493352325105 -0.00042398361434733967 -0.012331701474068991 0.0016696041928715129 -0.0094890346091366824 -0.00027655379030767094
leaf_weight=47 1184 74 45 57 52 72 40 49 66 43 51 60 40 73
leaf_count=47 1184 74 45 57 52 72 40 49 66 43 51 60 40 73
internal_value=-2.56016e-05 0.00136541 0.00509259 0.000704225 -9.04159e-05 -0.00302013 0.000442478 0.00333333 -0.00215054 0.00582524 0.00828221 0.00405405 -0.00529412 -0.00539568
internal_weight=1953 769 216 142 553 298 226 255 186 206 163 111 85 139
internal_count=1953 769 216 142 553 298 226 255 186 206 163 111 85 139
is_linear=0
shrinkage=0.05


Tree=206
num_leaves=15
num_cat=0
split_feature=2 2 2 4 0 0 2 1 0 3 2 4 4 4
split_gain=1.03981 3.56973 3.01847 2.78042 3.0329 4.15451 4.38299 4.14045 3.55556 2.88219 2.64457 2.06697 1.82457 2.31879
threshold=-0.7324940716135786 -0.65604102973502731 -0.57729161655172734 21.237500000000001 22.757000000000001 25.647500000000004 -0.93704710539067892 1.0000000180025095e-35 28.643500000000003 99.325500000000019 -0.51479280150983053 11.014000000000001 4.9960000000000013 7.0170000000000003
decision_type=2 2 2 2 2 2 2 2 2 2 2 2 2 2
left_child=3 -2 -3 4 7 6 -6 -1 -7 -9 -4 -10 -12 -14
right_child=1 2 10 -5 5 8 -8 9 11 -11 12 -13 13 -15
leaf_value=0.011368264336855954 -0.0082342010407144093 0.0018725581170553731 -0.0090000124186386185 -0.0026417076104825136 -0.021055768207349841 0.0049398646759417969 0.0017134346347548179 0.0031140086756491162 -0.017079079348196937 -0.0069170113701923497 0.0022895588007944448 0.00095427871210820858 -0.0017362233031552434 -1.8686804027577553e-05
leaf_weight=68 66 61 50 45 56 81 41 86 41 51 49 40 89 1129
leaf_count=68 66 61 50 45 56 81 41 86 41 51 49 40 89 1129
internal_value=-7.68049e-05 -0.000761773 -0.000217707 0.0018664 0.00301724 -0.000579151 -0.00876289 0.00756098 0.00432099 0.00255474 -0.000721336 -0.00308642 -0.000276243 -0.000656814
internal_weight=1953 1444 1378 509 464 259 97 205 162 137 1317 81 1267 1218
internal_count=1953 1444 1378 509 464 259 97 205 162 137 1317 81 1267 1218
is_linear=0
shrinkage=0.05


Tree=207
num_leaves=15
num_cat=0
split_feature=2 2 4 0 4 4 0 1 2 3 4 4 0 4
split_gain=1.42718 2.09406 2.06789 1.88386 1.54888 2.75122 2.19432 3.59443 2.63929 5.1103 2.31188 3.12426 2.29206 2.26964
threshold=-0.7324940716135786 -0.6815963802609516 21.237500000000001 24.158000000000005 15.160000000000002 15.858500000000001 12.767000000000001 -0.54817103930762534 0.4068650353019454 15.865 11.586500000000003 9.0475000000000012 8.650500000000001 13.083500000000003
decision_type=2 2 2 2 2 2 2 2 2 2 2 2 2 2
left_child=2 -2 -1 4 6 -6 7 -3 9 -8 11 12 -9 -12
right_child=1 3 -4 -5 5 -7 8 10 -10 -11 13 -13 -14 -15
leaf_value=0.00083308454543246373 -0.0078224909886786889 0.0058316001522425165 -0.0025096222299583861 0.012707404024825765 0.0074149708441124942 1.3297696863016907e-05 0.001735902973288417 0.00043889637636800109 -0.015341927364866309 -0.0017754064699954499 -0.023286614436424109 0.0085586984780864576 -0.0028359579203364226 -0.00028423382247283138
leaf_weight=464 44 44 45 73 48 627 77 81 40 191 42 70 45 62
leaf_count=464 44 44 45 73 48 627 77 81 40 191 42 70 45 62
internal_value=0.000179211 -0.000623269 0.0024558 -0.000285714 -0.000715901 0.000962963 -0.00245399 0.000290698 -0.00551948 -0.00373134 -0.00166667 0.00153061 -0.0031746 -0.00769231
internal_weight=1953 1444 509 1400 1327 675 652 344 308 268 300 196 126 104
internal_count=1953 1444 509 1400 1327 675 652 344 308 268 300 196 126 104
is_linear=0
shrinkage=0.05


Tree=208
num_leaves=15
num_cat=0
split_feature=2 1 2 0 0 2 2 2 4 0 3 2 4 4
split_gain=1.66595 3.16967 2.01538 1.67633 2.95459 1.56807 2.83396 2.89881 2.59369 1.2008 2.0903 1.17141 1.79425 2.02437
threshold=-0.94418750883419933 0.2174230999111143 -0.90361171343873392 24.257500000000004 20.408500000000004 -0.7324940716135786 -0.65604102973502731 -0.57729161655172734 10.235000000000001 23.860000000000003 92.19250000000001 -0.51479280150983053 4.9960000000000013 6.5825000000000005
decision_type=2 2 2 2 2 2 2 2 2 2 2 2 2 2
left_child=1 3 -2 4 -1 8 -7 -8 -4 10 -10 -9 -13 -14
right_child=2 -3 5 -5 -6 6 7 11 9 -11 -12 12 13 -15
leaf_value=-0.00030189786912635522 -0.0031318081144680065 0.0084902671201343392 0.0013707251034305425 -0.0065455461616329815 0.0037263796208795996 -0.0074313664392447569 0.0018677005347023769 -0.0088448562164191984 0.0053617443760922761 -0.0026999722777291458 -0.00055408154174563793 0.0018835008531425945 -0.0025139528774620113 -1.9233329082746917e-05
leaf_weight=43 70 42 43 100 53 66 61 50 69 41 48 49 66 1152
leaf_count=43 70 42 43 100 53 66 61 50 69 41 48 49 66 1152
internal_value=0.000281618 0.00420168 -0.000262391 0.00153061 0.00625 9.11854e-05 -0.000484765 0 0.00422886 0.00126582 0.00384615 -0.000493546 -0.000197316 -0.000574713
internal_weight=1953 238 1715 196 96 1645 1444 1378 201 158 117 1317 1267 1218
internal_count=1953 238 1715 196 96 1645 1444 1378 201 158 117 1317 1267 1218
is_linear=0
shrinkage=0.05


Tree=209
num_leaves=15
num_cat=0
split_feature=2 0 0 4 1 2 2 2 4 1 2 4 4 4
split_gain=1.19149 2.14045 4.28255 3.77497 2.14587 3.37034 2.0241 4.13285 1.83323 2.45573 4.412 1.33681 1.1977 2.69632
threshold=-0.7324940716135786 19.292500000000004 20.408500000000004 16.558500000000002 -0.22132528438243276 -0.82681243101696389 -0.64297064596386244 -0.57729161655172734 7.8590000000000009 0.33302288323572038 -0.9951106240145321 12.769500000000003 18.144500000000004 17.253500000000006
decision_type=2 2 2 2 2 2 2 2 2 2 2 2 2 2
left_child=1 3 -3 -1 5 11 -2 -8 -6 10 -10 -4 13 -9
right_child=6 2 4 -5 8 -7 7 12 9 -11 -12 -13 -14 -15
leaf_value=0.015213883003349526 -0.0018739580136561574 -0.0029658689773236716 -0.0031595658062266996 -9.5292840412872237e-05 -0.00029326480256972325 0.0019163231989185988 0.0076149856071913592 -0.00019447461423978963 -0.0025437967148659482 -0.0019475647660860296 0.0083237667238807277 -0.021933613756252544 0.00028310721503831127 -0.0027841923815355111
leaf_weight=58 77 40 47 57 47 42 50 793 43 42 77 56 459 65
leaf_count=58 77 40 47 57 47 42 50 793 43 42 77 56 459 65
internal_value=0.000179211 0.00225933 0.000507614 0.00826087 0.00225989 -0.00241379 -0.000554017 -0.000109729 0.00550239 0.00802469 0.0116667 -0.00728155 -0.000645406 -0.00174825
internal_weight=1953 509 394 115 354 145 1444 1367 209 162 120 103 1317 858
internal_count=1953 509 394 115 354 145 1444 1367 209 162 120 103 1317 858
is_linear=0
shrinkage=0.05


Tree=210
num_leaves=15
num_cat=0
split_feature=2 1 1 2 2 2 0 0 0 0 1 4 4 4
split_gain=0.813358 3.05556 1.60095 0.960991 0.828597 2.75902 2.24703 1.73183 2.30027 2.04614 1.81323 1.8777 1.90613 3.72047
threshold=0.96001231037146451 0.1328271176880281 -0.10738035228456493 0.92284787786233202 0.80444483470750872 0.75047916603754417 8.650500000000001 7.5875000000000012 8.650500000000001 9.5240000000000027 0.99683821410134854 26.515000000000004 11.504500000000002 9.145500000000002
decision_type=2 2 2 2 2 2 2 2 2 2 2 2 2 2
left_child=3 2 -2 4 5 7 -6 -1 -9 -10 11 12 13 -11
right_child=1 -3 -4 -5 6 -7 -8 8 9 10 -12 -13 -14 -15
leaf_value=-0.01407175637352367 -0.005652166630774 -0.0034778136325396836 0.0054959264969469297 0.0028645142510836646 2.1752153682080832e-06 0.0045497673394141059 -0.008353476059484416 0.0063988043650934426 -0.0023351595280867278 0.00020870965512144736 0.0030317924340908966 -0.001383174725295243 0.00040063970837848076 -0.0025751710003055262
leaf_weight=49 50 45 70 62 99 50 41 42 41 281 43 56 827 197
leaf_count=49 50 45 70 62 99 50 41 42 41 281 43 56 827 197
internal_value=2.56016e-05 -0.00333333 0.000833333 0.00033557 0.000115875 0.000441362 -0.00357143 6.51042e-05 0.000369872 3.46021e-05 0.000356125 3.67377e-05 0.000421456 -0.00209205
internal_weight=1953 165 120 1788 1726 1586 140 1536 1487 1445 1404 1361 1305 478
internal_count=1953 165 120 1788 1726 1586 140 1536 1487 1445 1404 1361 1305 478
is_linear=0
shrinkage=0.05


Tree=211
num_leaves=15
num_cat=0
split_feature=2 1 3 1 4 4 4 0 2 1 1 2 1 1
split_gain=0.838345 3.05556 1.06667 0.84053 0.922024 2.21839 1.41511 3.25075 2.11377 1.67907 3.07354 2.20811 1.31718 1.90467
threshold=0.96001231037146451 0.1328271176880281 37.978500000000004 -0.99628894895067444 19.884500000000006 18.582000000000004 21.627500000000001 19.905500000000004 -0.33100558041451072 -0.78297285307474485 0.73465119469809237 0.76110425866077447 0.88606241628642846 0.9253073452222943
decision_type=2 2 2 2 2 2 2 2 2 2 2 2 2 2
left_child=3 2 -2 -1 5 12 8 9 -6 -8 11 -11 -5 -14
right_child=1 -3 -4 4 6 -7 7 -9 -10 10 -12 -13 13 -15
leaf_value=-0.0021454132891859574 0.0076816867147649947 -0.0033039229509126966 -0.0010198734861171872 0.00018829388546389298 0.0083786333877353524 -0.00066757868487484504 -0.0017432652239355536 -0.010713958606503763 0.00034727811095456169 0.0067677808988350187 -0.00053194026863828128 0.0006242229724548326 -0.0059115103480548679 -3.8633175785700308e-05
leaf_weight=50 40 45 80 1052 44 94 43 40 84 43 81 48 45 164
leaf_count=50 40 45 80 1052 44 94 43 40 84 43 81 48 45 164
internal_value=7.68049e-05 -0.00333333 0.000833333 0.000391499 0.000575374 -3.69004e-05 0.00274151 0.000588235 0.00703125 0.00302326 0.00523256 0.0115385 0.000515464 -0.00311005
internal_weight=1953 165 120 1788 1738 1355 383 255 128 215 172 91 1261 209
internal_count=1953 165 120 1788 1738 1355 383 255 128 215 172 91 1261 209
is_linear=0
shrinkage=0.05


Tree=212
num_leaves=15
num_cat=0
split_feature=0 2 1 3 0 3 4 4 4 3 1 1 0 2
split_gain=0.855517 3.12613 3.05549 4.0679 2.80355 5.07329 2.29628 2.6871 3.35757 2.04851 1.58711 1.52454 4.98757 5.30615
threshold=20.408500000000004 -0.21533487516747371 -0.22132528438243276 96.158000000000015 19.292500000000004 90.77300000000001 16.195500000000003 12.477000000000002 8.8945000000000025 0.74950000000000017 0.57659668305444445 0.9685579242316591 14.191000000000001 -0.010746888578547886
decision_type=2 2 2 2 2 2 2 2 2 2 2 2 2 2
left_child=4 2 3 -2 9 -6 7 8 -4 10 -1 -11 13 -13
right_child=1 -3 6 -5 5 -7 -8 -9 -10 11 -12 12 -14 -15
leaf_value=-0.0039404176617286795 9.6478928498069941e-05 0.0132052820301688 -2.0184986399246485e-05 -0.015839941532922751 0.00011065838818209162 -0.0046342465331580696 0.022181761799488799 -0.0024761557124395512 0.0049084985520656795 0.00015722126118753734 -3.4634351424189805e-05 -0.0042736383678201447 -0.0042582356349816905 0.0087038075408034325
leaf_weight=40 208 40 65 71 42 40 55 66 48 1094 43 48 42 51
leaf_count=40 208 40 65 71 42 40 55 66 48 1094 43 48 42 51
internal_value=-0.000128008 0.00153707 0.000487329 -0.00304659 -0.000785714 -0.0097561 0.00470085 0.00195531 0.00663717 -0.000227618 -0.00783133 0.000283401 -0.00460993 0.00151515
internal_weight=1953 553 513 279 1400 82 234 179 113 1318 83 1235 141 99
internal_count=1953 553 513 279 1400 82 234 179 113 1318 83 1235 141 99
is_linear=0
shrinkage=0.05


Tree=213
num_leaves=15
num_cat=0
split_feature=4 4 1 4 4 3 3 1 4 0 0 2 4 2
split_gain=1.22972 2.10538 1.49093 1.45252 3.03863 3.5227 3.94975 2.45807 3.23008 2.8184 3.92066 2.00877 1.90376 1.84755
threshold=4.9960000000000013 5.9000000000000012 -0.99628894895067444 17.612500000000004 18.425000000000001 7.4270000000000005 35.163000000000004 0.5043284533698108 22.960000000000004 8.2215000000000007 10.758500000000002 0.98805528087738748 23.692000000000004 -0.16705162550211924
decision_type=2 2 2 2 2 2 2 2 2 2 2 2 2 2
left_child=-1 -2 -3 11 -5 -6 -7 9 13 -8 -11 -4 -12 -9
right_child=1 2 3 4 5 6 7 8 -10 10 12 -13 -14 -15
leaf_value=0.00040025577938922999 -0.0056229775040684523 -0.0041651099418149986 0.00010411394163102051 -0.0028119982127454328 0.006152416085312514 -0.0069100734287416924 -0.00078050208666309269 0.00187287587619345 -0.00045681029181228184 0.0093687964269309754 0.00058850671318100289 0.016541617466141186 -0.0040138069476148381 0.013834172302104826
leaf_weight=80 48 46 1098 90 64 51 52 42 71 41 103 40 68 59
leaf_count=80 48 46 1098 90 64 51 52 42 71 41 103 40 68 59
internal_value=0.000179211 -8.00854e-05 0.000191781 0.000421585 -0.00148206 -9.07441e-05 -0.00154004 0 0.00465116 -0.0030303 -0.000471698 0.00149385 -0.00380117 0.010396
internal_weight=1953 1873 1825 1779 641 551 487 436 172 264 212 1138 171 101
internal_count=1953 1873 1825 1779 641 551 487 436 172 264 212 1138 171 101
is_linear=0
shrinkage=0.05


Tree=214
num_leaves=15
num_cat=0
split_feature=2 1 1 0 3 0 4 0 0 0 2 0 2 4
split_gain=1.23912 4.18349 3.08402 2.58731 3.08689 3.396 2.57049 2.03912 3.66084 2.83247 2.15837 3.03347 2.35355 5.96871
threshold=-0.77547391234167817 0.51909748604633899 0.33302288323572038 18.670500000000004 99.192000000000021 22.279000000000003 15.858500000000001 23.233500000000003 25.845000000000002 21.827500000000004 -0.64297064596386244 20.408500000000004 -0.34964745525122826 17.355000000000004
decision_type=2 2 2 2 2 2 2 2 2 2 2 2 2 2
left_child=1 2 3 -1 5 -5 -7 9 -9 10 -2 12 13 -12
right_child=7 -3 -4 4 -6 6 -8 8 -10 -11 11 -13 -14 -15
leaf_value=0.014485070681066093 -0.0031262637420818684 0.0086876992636600869 -0.0030984870066195951 0.0081097446838671872 -0.010681444899160409 0.00054034918341263618 -0.0086114371620856067 0.0042273298034146787 -0.00092361626104572327 -0.0072992923316669185 -0.001372661381428364 0.0018553902924594691 -0.00013019164400919354 0.014000640921930424
leaf_weight=40 64 48 72 45 75 143 42 62 71 46 79 41 1083 42
leaf_count=40 64 48 72 45 75 143 42 62 71 46 79 41 1083 42
internal_value=0.000435228 0.00268817 0.00107914 0.00304348 0.00147541 0.00434783 0.00135135 -0.000268817 0.0056391 -0.000848708 -0.000420168 4.01606e-05 -0.000415282 0.00619835
internal_weight=1953 465 417 345 305 230 185 1488 133 1355 1309 1245 1204 121
internal_count=1953 465 417 345 305 230 185 1488 133 1355 1309 1245 1204 121
is_linear=0
shrinkage=0.05


Tree=215
num_leaves=15
num_cat=0
split_feature=1 1 1 1 4 4 4 4 1 3 1 3 4 0
split_gain=1.09755 1.03542 1.527 0.826889 0.876344 1.14647 1.01089 1.37967 1.11105 2.74916 1.78528 1.48038 1.2774 1.2977
threshold=0.99351875964795655 0.98009454285431663 0.96413834225895678 -0.99628894895067444 4.3255000000000008 5.5840000000000005 6.5825000000000005 7.3450000000000015 0.85731462807633252 93.884500000000017 0.81403855522663859 37.599000000000004 8.8155000000000019 20.408500000000004
decision_type=2 2 2 2 2 2 2 2 2 2 2 2 2 2
left_child=1 2 3 -1 -5 -6 -7 -8 10 11 12 -10 -9 -14
right_child=-2 -3 -4 4 5 6 7 8 9 -11 -12 -13 13 -15
leaf_value=-0.0027015177193150846 -0.00048912654423831088 0.0072055168373898531 -0.003810051647851516 -0.00083298349742295811 0.0020944249404239584 -0.0017646160045419177 0.0027044202557704291 -0.0013748839041466442 0.0010699044454382301 -0.0005493869844283031 -0.0055821952748350348 0.011466141392149423 -1.8087490695931768e-05 0.00061921680620619091
leaf_weight=50 79 58 44 50 48 59 51 96 46 72 47 40 810 403
leaf_count=50 79 58 44 50 48 59 51 96 46 72 47 40 810 403
internal_value=7.68049e-05 0.000320171 0.000110132 0.0003386 0.000522648 0.000717703 0.000492611 0.000734824 0.000462351 0.00443038 0 0.0104651 0.000343774 0.000783182
internal_weight=1953 1874 1816 1772 1722 1672 1624 1565 1514 158 1356 86 1309 1213
internal_count=1953 1874 1816 1772 1722 1672 1624 1565 1514 158 1356 86 1309 1213
is_linear=0
shrinkage=0.05


Tree=216
num_leaves=15
num_cat=0
split_feature=1 1 1 0 4 4 4 1 4 3 4 3 3 3
split_gain=1.07817 0.806989 0.880531 3.08813 1.85134 1.15896 1.73853 2.32542 3.76742 3.11225 3.07467 3.22533 2.46863 4.23264
threshold=0.99351875964795655 -0.99628894895067444 -0.96683886033945943 17.705500000000004 5.4255000000000004 27.071000000000002 25.164500000000004 -0.59402672566899761 17.771000000000004 99.919000000000011 23.378500000000003 1.0000000180025095e-35 82.487000000000009 5.0725000000000007
decision_type=2 2 2 2 2 2 2 2 2 2 2 2 2 2
left_child=1 -1 3 -3 -4 6 7 8 9 12 11 -9 13 -6
right_child=-2 2 4 -5 5 -7 -8 10 -10 -11 -12 -13 -14 -15
leaf_value=-0.0025664418333493314 -0.00046467021702639445 0.0022193969660619039 -0.00065426931957720093 -0.0014714768427100623 -0.0082875930589207947 0.0026626478520001533 -0.0016306141096319533 0.0068295839789904783 -0.0010129721207706166 0.0072231113476364187 0.0084163504973480859 0.00011407143648135555 -0.0069193447442804472 0.0027713065857954636
leaf_weight=50 79 43 86 57 57 76 51 61 96 58 45 1060 55 79
leaf_count=50 79 43 86 57 57 76 51 61 96 58 45 1060 55 79
internal_value=2.56016e-05 0.000266809 0.000438596 0.005 0.000174014 0.000549451 0.000256082 0.000562541 -0.00304348 0.000200803 0.0016295 0.00111508 -0.00287958 0.000735294
internal_weight=1953 1874 1824 100 1724 1638 1562 1511 345 249 1166 1121 191 136
internal_count=1953 1874 1824 100 1724 1638 1562 1511 345 249 1166 1121 191 136
is_linear=0
shrinkage=0.05


Tree=217
num_leaves=15
num_cat=0
split_feature=0 0 0 0 1 0 4 0 3 0 1 4 3 3
split_gain=1.37534 2.33897 1.55018 0.928074 1.8431 2.13609 3.56957 1.65951 3.34578 2.48617 1.30193 1.1297 1.24272 4.73904
threshold=31.569500000000005 28.926000000000005 27.673000000000005 6.5870000000000006 0.42833659622166903 3.0290000000000004 10.977500000000001 9.2280000000000015 58.046500000000002 9.8305000000000025 0.5043284533698108 26.515000000000004 86.303000000000011 90.949500000000015
decision_type=2 2 2 2 2 2 2 2 2 2 2 2 2 2
left_child=1 2 3 4 5 -1 -7 8 -5 -9 -10 12 -11 -14
right_child=-2 -3 -4 7 -6 6 -8 9 10 11 -12 -13 13 -15
leaf_value=0.0026193982039309561 0.001198532508567879 -0.002910027609524574 0.0062409053246455298 0.006454603945263363 0.00030057847372640394 -0.010971724270954953 -0.00041138422088131681 -0.0034393712102024805 -0.00054669689670536409 -0.00020483727542949527 0.0040811227452393307 -0.00060668487535216198 0.0097385009228262969 0.00016709178066843801
leaf_weight=41 48 42 42 52 57 47 67 56 74 623 76 77 46 605
leaf_count=41 48 42 42 52 57 47 67 56 74 623 76 77 46 605
internal_value=-2.56016e-05 -0.00023622 2.68384e-05 -0.000192202 -0.00330189 -0.00612903 -0.00964912 0.000217526 0.00445545 -0.000390903 0.000666667 3.70096e-05 0.000392465 0.00192012
internal_weight=1953 1905 1863 1821 212 155 114 1609 202 1407 150 1351 1274 651
internal_count=1953 1905 1863 1821 212 155 114 1609 202 1407 150 1351 1274 651
is_linear=0
shrinkage=0.05


Tree=218
num_leaves=15
num_cat=0
split_feature=0 0 0 4 4 0 4 0 3 1 1 3 0 3
split_gain=1.4783 2.21441 1.35761 2.8959 3.36848 4.78633 2.63824 2.6278 3.27805 2.25999 2.00914 2.62928 1.79107 1.44444
threshold=31.569500000000005 28.926000000000005 20.408500000000004 20.898500000000002 6.9315000000000007 21.827500000000004 10.235000000000001 19.292500000000004 90.77300000000001 -0.17082974322534453 0.96413834225895678 99.998500000000021 14.191000000000001 0.74950000000000017
decision_type=2 2 2 2 2 2 2 2 2 2 2 2 2 2
left_child=1 2 7 4 -4 -6 -7 10 -9 -8 13 12 -12 -1
right_child=-2 -3 3 -5 5 6 9 8 -10 -11 11 -13 -14 -15
leaf_value=-0.00064129169963673136 0.0011386058831394819 -0.0027645262290483421 -0.0019361502307971012 -0.0040576262992179984 0.0090952347155920602 0.0026908403959438887 -0.0061151108470289713 0.00015543568050176983 -0.004265923687936081 0.0034647635601043991 -0.00064549284343703994 0.0042984018131937201 -0.0048925551940566456 0.00010082631792262482
leaf_weight=63 48 42 55 45 67 78 136 42 40 82 73 50 46 1086
leaf_count=63 48 42 55 45 67 78 136 42 40 82 73 50 46 1086
internal_value=-0.000332821 -0.000551181 -0.000295223 0.00205184 0.00334928 0.00509642 0.00236486 -0.00107143 -0.0097561 -0.000458716 -0.000531108 -0.0056213 -0.00966387 0.000217581
internal_weight=1953 1905 1863 463 418 363 296 1400 82 218 1318 169 119 1149
internal_count=1953 1905 1863 463 418 363 296 1400 82 218 1318 169 119 1149
is_linear=0
shrinkage=0.05


Tree=219
num_leaves=15
num_cat=0
split_feature=0 2 4 0 1 0 0 4 0 0 0 4 3 2
split_gain=1.4713 2.79924 3.28896 3.12986 3.95857 3.03373 1.75781 3.00277 2.11579 2.01128 1.5528 4.91666 2.37049 1.87115
threshold=20.408500000000004 -0.21533487516747371 20.526500000000002 21.827500000000004 0.098678873477280007 25.647500000000004 29.156500000000005 15.758000000000001 23.233500000000003 26.101000000000003 18.971000000000004 15.109000000000002 0.74950000000000017 -0.77547391234167817
decision_type=2 2 2 2 2 2 2 2 2 2 2 2 2 2
left_child=10 2 3 -2 6 -6 7 8 -5 -10 12 -12 -1 -14
right_child=1 -3 -4 4 5 -7 -8 -9 9 -11 11 -13 13 -15
leaf_value=-0.0022870093393039907 0.0039565900947061998 0.012739260545169674 -0.0067916632501571822 -0.01146748882440451 0.00062935563022646504 0.0067876298489661898 -0.0062221790880978515 -0.0078443618481685243 0.0023303390089285114 6.8396000803730428e-05 -0.0052594966614726239 0.0004209385875832139 0.0075780759727988589 -4.8342288477452869e-05
leaf_weight=82 62 40 40 40 64 50 62 49 68 78 50 56 91 1121
leaf_count=82 62 40 40 40 64 50 62 49 68 78 50 56 91 1121
internal_value=7.68049e-05 0.0022604 0.00126706 0.00243129 0.000851582 0.00877193 -0.00218855 -0.000212766 0.00268817 0.00547945 -0.000785714 -0.00660377 -0.000309119 0.000247525
internal_weight=1953 553 513 473 411 114 297 235 186 146 1400 106 1294 1212
internal_count=1953 553 513 473 411 114 297 235 186 146 1400 106 1294 1212
is_linear=0
shrinkage=0.05


Tree=220
num_leaves=15
num_cat=0
split_feature=0 4 3 3 3 3 4 0 4 1 0 1 3 4
split_gain=0.867699 0.938649 3.40488 3.0496 3.49749 3.59874 2.63946 2.60864 3.11849 2.25222 2.49455 1.24811 3.95367 1.31277
threshold=3.9720000000000004 8.8945000000000025 94.499000000000009 74.555500000000009 23.813500000000001 4.9985000000000008 9.6450000000000014 11.090000000000002 6.674500000000001 -0.97109105924028405 17.981500000000004 -0.87795195455888908 86.035000000000011 11.209000000000001
decision_type=2 2 2 2 2 2 2 2 2 2 2 2 2 2
left_child=-1 2 3 4 5 -2 -3 -4 -9 10 -8 12 -11 -13
right_child=1 6 7 -5 -6 -7 9 8 -10 11 -12 13 -14 -15
leaf_value=-0.0006239032818565679 0.00011269069915124109 0.0024764508892634375 -0.0037239054489020835 -0.0091410009297080708 0.0049629126456149399 -0.0023905691628973965 1.0800043098552205e-05 0.0043391162980792571 0.00011169872188946037 0.0055731741345048163 -0.0083454695982939781 -0.0025103854853192526 -0.00055551240932555921 9.7652726908585401e-05
leaf_weight=76 57 77 45 41 58 60 56 42 44 48 44 144 63 1098
leaf_count=76 57 77 45 41 58 60 56 42 44 48 44 144 63 1098
internal_value=-2.56016e-05 0.000186468 -0.00216138 -0.00601852 -0.00314286 -0.00811966 0.000718954 0.00419847 0.00930233 0.000240881 -0.007 0.000776053 0.00585586 0.000322061
internal_weight=1953 1877 347 216 175 117 1530 131 86 1453 100 1353 111 1242
internal_count=1953 1877 347 216 175 117 1530 131 86 1453 100 1353 111 1242
is_linear=0
shrinkage=0.05


Tree=221
num_leaves=15
num_cat=0
split_feature=0 0 0 4 0 1 1 0 0 0 0 2 4 4
split_gain=0.850816 0.887225 1.08765 2.30798 0.940016 2.96396 3.04348 3.22031 2.58823 1.22593 3.1266 2.29769 2.45373 1.36461
threshold=3.9720000000000004 4.9075000000000006 6.5870000000000006 13.760500000000002 9.2280000000000015 0.85731462807633252 0.54817103930762578 8.2885000000000009 9.8305000000000025 10.758500000000002 11.485500000000002 0.65278973532535922 26.515000000000004 11.504500000000002
decision_type=2 2 2 2 2 2 2 2 2 2 2 2 2 2
left_child=-1 -2 3 -3 5 6 7 -4 -6 -10 -11 12 13 -12
right_child=1 2 4 -5 8 -7 -8 -9 9 10 11 -13 -14 -15
leaf_value=-0.00059270811776373925 0.001320609471968495 -0.013003682097493634 -0.00052686888968778438 0.00012284694462519897 -0.0031380792849602401 -0.0027242019974480117 0.016163179405992666 0.0045202693881234114 0.0010853485778953204 -0.0017688365178389585 -0.00018583245710092762 0.00099867843188970198 -0.0051806573691025315 0.00049295150119178723
leaf_weight=76 40 44 74 52 56 41 46 41 97 64 452 51 51 768
leaf_count=76 40 44 74 52 56 41 46 41 97 64 452 51 51 768
internal_value=-7.68049e-05 0.000133191 -2.72183e-05 -0.00520833 0.000258472 0.00346535 0.00652174 0.00217391 -0.000162443 0.000236008 -0.0001443 0.000378215 -3.93391e-05 0.000409836
internal_weight=1953 1877 1837 96 1741 202 161 115 1539 1483 1386 1322 1271 1220
internal_count=1953 1877 1837 96 1741 202 161 115 1539 1483 1386 1322 1271 1220
is_linear=0
shrinkage=0.05


Tree=222
num_leaves=15
num_cat=0
split_feature=0 0 1 4 1 2 4 4 4 1 4 2 2 4
split_gain=0.884747 0.861745 0.760428 0.804206 0.845051 1.92529 1.60577 0.902456 1.19394 1.31109 1.53057 1.22522 2.12825 1.3869
threshold=3.9720000000000004 4.9075000000000006 -0.99628894895067444 4.3255000000000008 0.96413834225895678 -0.14772953607417119 13.083500000000003 5.5840000000000005 6.9315000000000007 -0.98211651112579568 7.6130000000000004 0.99276848381014016 0.9624112700309283 25.022000000000002
decision_type=2 2 2 2 2 2 2 2 2 2 2 2 2 2
left_child=-1 -2 -3 -4 7 -6 -7 -5 -9 -10 -11 12 13 -12
right_child=1 2 3 4 5 6 -8 8 9 10 11 -13 -14 -15
leaf_value=-0.00056307271187555359 0.0012545789983700703 -0.0025789368664817696 -0.00031182904245221493 0.001944134048111812 -0.0082962021839096331 0.0028098469674189552 -0.0015580743396789944 -0.0018587552010531222 -0.00067838160596225827 0.0026353737704496354 6.5402326561714297e-05 0.0080894717918013424 -0.0093886457373392462 0.0027584819731728233
leaf_weight=76 40 50 50 45 40 47 87 68 49 43 1163 44 56 95
leaf_count=76 40 50 50 45 40 47 87 68 49 43 1163 44 56 95
internal_value=2.56016e-05 0.000239744 8.16549e-05 0.000251819 0.000431779 -0.00287356 0 0.000799744 0.000592885 0.000896552 0.00117773 0.000883652 0.000608828 0.00103339
internal_weight=1953 1877 1837 1787 1737 174 134 1563 1518 1450 1401 1358 1314 1258
internal_count=1953 1877 1837 1787 1737 174 134 1563 1518 1450 1401 1358 1314 1258
is_linear=0
shrinkage=0.05


Tree=223
num_leaves=15
num_cat=0
split_feature=0 0 0 0 1 1 0 2 4 4 4 3 3 2
split_gain=0.834099 0.900104 0.790377 2.33625 0.961655 2.90446 4.22188 2.22084 2.31148 3.81697 3.04581 1.75564 4.2024 3.8042
threshold=3.9720000000000004 4.9075000000000006 31.569500000000005 28.926000000000005 0.1328271176880281 0.25084665036108239 22.089000000000002 -0.85470766365158146 18.144500000000004 17.015500000000003 25.164500000000004 32.238500000000009 77.733000000000018 0.14347198451036616
decision_type=2 2 2 2 2 2 2 2 2 2 2 2 2 2
left_child=-1 -2 3 4 -3 -6 7 -7 9 11 -10 13 -13 -9
right_child=1 2 -4 -5 5 6 -8 8 10 -11 -12 12 -14 -15
leaf_value=-0.00053491907628177714 0.0011918500484515671 0.0001309350245342844 0.0012927284502360138 -0.0027109843963203152 -0.006247049825652851 -0.0035676661043861193 0.004873776390959414 -0.0059560283323337182 0.0031763377612870959 -0.015331121331222046 -0.0012542961878535778 0.0055310365871829824 -0.00026804108962987796 0.00069862180333150198
leaf_weight=76 40 897 48 42 51 52 72 51 187 50 56 50 215 66
leaf_count=76 40 897 48 42 51 52 72 51 187 50 56 50 215 66
internal_value=-0.000128008 7.99148e-05 -8.16549e-05 -0.000251537 2.86205e-05 -0.00117647 -0.000438048 -0.00158184 -0.000814815 -0.00300926 0.00308642 -0.0013089 0.000943396 -0.00641026
internal_weight=1953 1877 1837 1789 1747 850 799 727 675 432 243 382 265 117
internal_count=1953 1877 1837 1789 1747 850 799 727 675 432 243 382 265 117
is_linear=0
shrinkage=0.05


Tree=224
num_leaves=15
num_cat=0
split_feature=2 2 2 2 4 1 1 3 3 1 0 3 4 1
split_gain=1.33027 5.98092 2.5187 3.94312 1.85253 3.0279 2.66763 2.8792 3.02861 2.13005 1.9239 2.7298 3.10841 3.30242
threshold=-0.098820138732871751 -0.010746888578547886 0.075135296012361824 0.1858661703907829 24.070500000000003 -0.95747632178960107 -0.89391031859722847 14.345500000000001 5.6795000000000009 -0.7383195169062905 27.535 92.783500000000018 17.688500000000005 0.28397372121269165
decision_type=2 2 2 2 2 2 2 2 2 2 2 2 2 2
left_child=4 -2 -3 -4 5 -1 -7 8 -8 -9 11 12 13 -11
right_child=1 2 3 -5 -6 6 7 9 -10 10 -12 -13 -14 -15
leaf_value=0.0050905561695585057 -0.01103891430370094 0.0051380072827019348 -0.0033015775906916345 -5.3704771920640161e-06 -0.00091533246140452227 -0.0052994862623060432 -5.4016327257611078e-05 0.0038316345661089882 -0.0027739347709048626 0.0040152467928099627 -0.0016711423186706266 0.00014438165271356274 0.026117305021442168 -0.00030161818195306722
leaf_weight=52 60 55 67 805 48 48 173 54 43 65 57 282 51 93
leaf_count=52 60 55 67 805 48 48 173 54 43 65 57 282 51 93
internal_value=-7.68049e-05 -0.00136778 -0.000377562 -0.00103211 0.00124224 0.00174292 0.00103926 0.00171149 -0.00324074 0.00348837 0.00255474 0.00356415 0.00789474 0.00443038
internal_weight=1953 987 927 872 966 918 866 818 216 602 548 491 209 158
internal_count=1953 987 927 872 966 918 866 818 216 602 548 491 209 158
is_linear=0
shrinkage=0.05


Tree=225
num_leaves=15
num_cat=0
split_feature=0 0 0 0 4 4 3 1 0 1 0 0 0 3
split_gain=0.834099 0.900104 0.790377 1.47911 0.964657 3.05474 2.43385 1.68286 2.54236 1.62533 1.2032 5.03221 4.09217 2.78261
threshold=3.9720000000000004 4.9075000000000006 31.569500000000005 28.926000000000005 6.9315000000000007 7.6130000000000004 24.177500000000006 -0.98211651112579568 17.705500000000004 -0.41665914930189557 15.698500000000001 16.337500000000002 14.410500000000001 97.321500000000015
decision_type=2 2 2 2 2 2 2 2 2 2 2 2 2 2
left_child=-1 -2 3 4 6 -6 -3 8 -7 -8 12 -12 -9 -14
right_child=1 2 -4 -5 5 7 9 10 -10 -11 11 -13 13 -15
leaf_value=-0.00050790459860808464 0.0011325260698885921 -0.0061616850439615073 0.001230792844087092 -0.0024415976117652116 0.004158387664092991 6.8514745034964361e-05 0.0015639803663704988 7.3498434524799097e-05 -0.0024052227077446782 -0.00056023708572486015 0.012766394532887061 0.00022373127936806681 -0.019239748535265271 -0.00044731567842908884
leaf_weight=76 40 51 48 42 46 49 45 677 41 66 49 631 46 46
leaf_count=76 40 51 48 42 46 49 45 677 41 66 49 631 46 46
internal_value=-0.000128008 7.99148e-05 -8.16549e-05 -0.000251537 -2.86205e-05 0.000347003 -0.0037037 -3.24886e-05 -0.00666667 0.00045045 0.000379572 0.00191176 -0.000975293 -0.0108696
internal_weight=1953 1877 1837 1789 1747 1585 162 1539 90 111 1449 680 769 92
internal_count=1953 1877 1837 1789 1747 1585 162 1539 90 111 1449 680 769 92
is_linear=0
shrinkage=0.05


Tree=226
num_leaves=15
num_cat=0
split_feature=0 4 4 1 0 0 4 4 3 3 4 0 0 0
split_gain=0.901962 1.03316 1.5591 2.04954 3.17528 1.02741 0.916469 2.45069 2.59239 3.42731 1.97237 1.24483 7.0244 2.6518
threshold=3.9720000000000004 4.0610000000000008 5.4255000000000004 -0.98211651112579568 18.023500000000002 5.3030000000000008 17.517000000000003 17.867000000000004 6.9365000000000006 35.163000000000004 16.731000000000005 8.1485000000000003 9.5800000000000018 11.658000000000003
decision_type=2 2 2 2 2 2 2 2 2 2 2 2 2 2
left_child=-1 -2 -3 4 -4 -5 10 -8 -9 -10 -7 -11 -13 -14
right_child=1 2 3 5 -6 6 7 8 9 11 -12 12 13 -15
leaf_value=-0.0004825093686776805 0.0011624644203399087 -0.00082974415669879596 6.5089007783214475e-05 0.0033436213738464492 -0.0026505995740636321 0.00015794233491068512 -0.0041314046186828489 0.0058395079146831815 -0.0062251473266167834 -0.0006786423224069189 0.00095993222629669756 0.010715074801604385 -0.0014333864327489871 0.00020926470646346341
leaf_weight=76 45 55 57 52 40 952 45 64 52 62 76 41 85 251
leaf_count=76 45 55 57 52 40 952 45 64 52 62 76 41 85 251
internal_value=7.68049e-05 0.000293021 0.00010917 0.000365785 -0.00670103 0.00077381 0.000552826 -0.001 -9.00901e-05 -0.00132383 0.00145914 0.000113895 0.00119363 -0.00119048
internal_weight=1953 1877 1832 1777 97 1680 1628 600 555 491 1028 439 377 336
internal_count=1953 1877 1832 1777 97 1680 1628 600 555 491 1028 439 377 336
is_linear=0
shrinkage=0.05


Tree=227
num_leaves=15
num_cat=0
split_feature=0 4 4 1 0 4 4 3 3 1 2 4 4 1
split_gain=0.936888 1.00395 1.60043 2.11535 3.17528 0.876722 1.15966 1.37524 2.02807 0.970384 2.52406 2.32782 4.63197 1.5063
threshold=3.9720000000000004 4.0610000000000008 5.4255000000000004 -0.98211651112579568 18.023500000000002 29.468500000000002 22.849500000000003 58.046500000000002 96.712000000000018 0.9253073452222943 -0.23449138957041005 18.144500000000004 12.873500000000002 0.88606241628642846
decision_type=2 2 2 2 2 2 2 2 2 2 2 2 2 2
left_child=-1 -2 -3 4 -4 6 9 -8 -9 13 -11 12 -12 -5
right_child=1 2 3 5 -6 -7 7 8 -10 10 11 -13 -14 -15
leaf_value=-0.00045838390024379729 0.001104341199322913 -0.00078825694886385596 6.1834557394052644e-05 0.00019101579280711087 -0.0025180695953604506 0.002600141490097658 0.0016044934521390046 -0.004060972018007392 -0.00019977495398817437 0.0060409198714803771 0.0010643677363865263 0.0064342728173066473 -0.010047802836842014 -0.0038361191311161225
leaf_weight=76 45 55 57 1200 40 45 40 40 95 43 67 44 54 52
leaf_count=76 45 55 57 1200 40 45 40 40 95 43 67 44 54 52
internal_value=0.000179211 0.000399574 0.000218341 0.000478334 -0.00670103 0.000892857 0.000703364 -0.00314286 -0.00555556 0.00116438 0.00432692 0.00151515 -0.00206612 0.000638978
internal_weight=1953 1877 1832 1777 97 1680 1635 175 135 1460 208 165 121 1252
internal_count=1953 1877 1832 1777 97 1680 1635 175 135 1460 208 165 121 1252
is_linear=0
shrinkage=0.05


Tree=228
num_leaves=15
num_cat=0
split_feature=0 1 0 4 1 0 4 4 2 2 2 2 4 3
split_gain=1.11908 1.65442 2.06061 1.23007 1.64466 2.18824 0.852725 2.63794 2.27354 3.85759 3.47949 4.29078 2.58734 2.13801
threshold=6.5870000000000006 -0.021515898191484053 5.5995000000000008 4.9960000000000013 -0.98211651112579568 18.209500000000002 17.612500000000004 17.974500000000003 0.95506028457921099 0.81502833751681136 0.67209495862812607 0.54277338749235304 16.731000000000005 7.4270000000000005
decision_type=2 2 2 2 2 2 2 2 2 2 2 2 2 2
left_child=1 -1 -3 -2 5 -5 8 -8 9 10 11 12 -6 -9
right_child=3 2 -4 4 6 -7 7 13 -10 -11 -12 -13 -14 -15
leaf_value=-0.00060193444302578537 0.0011869151291275838 0.00072282530221870207 -0.016284319062695122 -0.00019148532614470665 0.00028174198376133553 -0.0017351065258399898 -0.006853827729313389 0.005964407180838455 0.0040651749899091654 -0.0070588728199717128 0.0010666170963568638 -0.010901432180666921 0.0017197723520876174 -0.00017165451031531042
leaf_weight=76 72 88 48 62 747 40 43 63 43 55 46 49 65 456
leaf_count=76 72 88 48 62 747 40 43 63 43 55 46 49 65 456
internal_value=0.000128008 -0.00330189 0 0.000545663 0.000269623 -0.00588235 0.00067007 -0.00088968 0.00154229 0.0010395 0.00181918 0.00110337 0.00197044 9.63391e-05
internal_weight=1953 212 136 1741 1669 102 1567 562 1005 962 907 861 812 519
internal_count=1953 212 136 1741 1669 102 1567 562 1005 962 907 861 812 519
is_linear=0
shrinkage=0.05


Tree=229
num_leaves=15
num_cat=0
split_feature=0 4 4 1 0 0 4 4 3 3 3 1 4 1
split_gain=1.02711 0.932767 1.70611 1.6967 2.37012 0.924071 0.949105 2.88349 2.71532 2.81097 3.07216 3.39835 3.23462 3.79804
threshold=3.9720000000000004 4.0610000000000008 5.4255000000000004 -0.98211651112579568 18.023500000000002 5.3030000000000008 17.612500000000004 16.731000000000005 6.9365000000000006 35.163000000000004 99.910000000000011 0.84680012758268375 18.667500000000004 0.77952989095276826
decision_type=2 2 2 2 2 2 2 2 2 2 2 2 2 2
left_child=-1 -2 -3 4 -4 -5 7 -7 -8 -10 11 -11 -12 -14
right_child=1 2 3 5 -6 6 8 -9 9 10 12 -13 13 -15
leaf_value=-0.00040536798308031812 0.00098977838290038801 -0.00076293120060873037 6.8317095831582636e-05 0.0030954113089195386 -0.0023054107893004288 0.00012813414834891222 0.0041331985456967354 0.00081639620773712453 -0.0060611056263773647 0.0022081699768059823 -0.0083737090733256563 -0.0014887824008096833 -0.0011406363661717546 0.010318718213962318
leaf_weight=76 45 55 57 52 40 952 70 84 56 170 45 56 147 48
leaf_count=76 45 55 57 52 40 952 70 84 56 170 45 56 147 48
internal_value=0.000435228 0.000665956 0.000491266 0.000759707 -0.0056701 0.00113095 0.000921376 0.00183398 -0.000675676 -0.00191571 -0.000643777 0.00353982 -0.00458333 -0.00179487
internal_weight=1953 1877 1832 1777 97 1680 1628 1036 592 522 466 226 240 195
internal_count=1953 1877 1832 1777 97 1680 1628 1036 592 522 466 226 240 195
is_linear=0
shrinkage=0.05


Tree=230
num_leaves=15
num_cat=0
split_feature=0 4 1 0 3 4 3 0 0 4 0 4 0 1
split_gain=1.1869 1.76472 2.95361 1.46505 1.14754 4.98798 3.04656 2.48614 3.51258 2.98273 3.30838 2.19248 1.92071 1.96166
threshold=6.5870000000000006 9.4550000000000018 0.14984488681196825 7.4765000000000006 99.910000000000011 26.515000000000004 99.998500000000021 16.896000000000004 11.598000000000001 19.091500000000003 15.035000000000002 26.337000000000003 8.7345000000000024 0.45914483320598681
decision_type=2 2 2 2 2 2 2 2 2 2 2 2 2 2
left_child=1 -1 -3 -2 11 6 -6 8 12 10 -10 -5 -8 -14
right_child=3 2 -4 4 5 -7 7 -9 9 -11 -12 -13 13 -15
leaf_value=-0.0081520453291355158 0.00087388020816319691 -0.00041429533597446837 0.00093346835039647292 9.7685287870563633e-05 -0.0042776408951004817 -0.011593665610699522 0.016600671434438444 -0.0006173163738432436 0.019061883148853168 0.011295377154659848 -0.0011676302121162053 0.0032697428143928608 0.00034331424181902547 -0.0079550236196593745
leaf_weight=63 49 77 72 1128 43 41 40 140 61 41 43 54 46 55
leaf_count=63 49 77 72 1128 43 41 40 140 61 41 43 54 46 55
internal_value=0.000230415 -0.00330189 -0.00033557 0.00066054 0.000413712 -0.00156863 -0.00010661 0.00117371 0.00384615 0.00931034 0.00480769 0.00126904 -0.00177305 -0.00544554
internal_weight=1953 212 149 1741 1692 510 469 426 286 145 104 1182 141 101
internal_count=1953 212 149 1741 1692 510 469 426 286 145 104 1182 141 101
is_linear=0
shrinkage=0.05


Tree=231
num_leaves=15
num_cat=0
split_feature=4 1 4 4 1 0 4 3 0 2 4 2 4 4
split_gain=1.26696 1.58864 1.9047 2.31328 2.03553 1.54106 2.58263 2.26085 2.64007 2.16172 1.35664 2.33512 2.78205 4.43631
threshold=4.8370000000000006 -0.98211651112579568 27.071000000000002 24.070500000000003 0.081558489694578698 7.8485000000000005 17.715500000000002 10.064000000000002 5.9775000000000009 0.86993731518838324 7.8590000000000009 0.43028281133296192 14.594500000000002 17.974500000000003
decision_type=2 2 2 2 2 2 2 2 2 2 2 2 2 2
left_child=-1 -2 3 5 -4 6 7 -3 -9 10 -7 -12 -13 -14
right_child=1 2 4 -5 -6 9 -8 8 -10 -11 11 12 13 -15
leaf_value=0.00035989582902220543 -0.00093238749755685944 -0.01225266612205555 0.0078225574063550737 -0.00042970041333311002 2.8059096369292825e-05 -0.00068255811550211882 -0.00085628800391988739 -0.00010453051098203159 0.015816594236758925 0.0026383251050375333 0.00038929237762891649 -0.0063646114653947983 0.0064098854694263144 -0.0010577510681723926
leaf_weight=72 102 55 41 94 40 145 74 75 51 92 926 77 44 65
leaf_count=72 102 55 41 94 40 145 74 75 51 92 926 77 44 65
internal_value=0.000435228 0.000186071 0.000534008 0.000176678 0.00802469 0.000623441 -0.00294118 0.000276243 0.00396825 0.00129726 0.000755768 0.00134892 -0.00376344 0.00137615
internal_weight=1953 1881 1779 1698 81 1604 255 181 126 1349 1257 1112 186 109
internal_count=1953 1881 1779 1698 81 1604 255 181 126 1349 1257 1112 186 109
is_linear=0
shrinkage=0.05


Tree=232
num_leaves=15
num_cat=0
split_feature=4 1 4 4 0 4 3 0 0 3 3 0 2 3
split_gain=0.864331 1.47925 1.42581 2.2073 2.13056 1.29985 1.26762 1.15275 0.995399 1.38992 3.05957 2.72201 3.76502 2.52701
threshold=4.8370000000000006 -0.98211651112579568 27.071000000000002 24.070500000000003 11.245000000000003 5.8020000000000005 97.169000000000011 18.209500000000002 3.9720000000000004 42.974000000000011 68.71850000000002 7.0275000000000007 0.78298010367706283 8.0710000000000015
decision_type=2 2 2 2 2 2 2 2 2 2 2 2 2 2
left_child=-1 7 3 5 -4 -3 -5 -2 -7 11 -11 -10 13 -13
right_child=1 2 4 6 -6 8 -8 -9 9 10 -12 12 -14 -15
leaf_value=0.00034190103757109628 -0.00042695509918907196 -0.004419459079562915 0.0055009393080789701 -0.0033610427112617 -0.00015749938660679363 -0.0006629020151186632 -5.7440992479391306e-05 -0.0014734705080558103 -0.013498242043512371 0.0030524643373792482 9.5388118169666491e-05 0.00044678339680150341 0.0080264591188171346 -0.00087841170218347093
leaf_weight=72 62 43 40 44 41 65 50 40 48 112 866 276 42 152
leaf_count=72 62 43 40 44 41 65 50 40 48 112 866 276 42 152
internal_value=0.000179211 -2.65816e-05 0.000309162 0 0.00679012 0.000436409 -0.00744681 -0.00588235 0.000672646 0.000935829 0.00204499 -0.0011583 0 -0.00140187
internal_weight=1953 1881 1779 1698 81 1604 94 102 1561 1496 978 518 470 428
internal_count=1953 1881 1779 1698 81 1604 94 102 1561 1496 978 518 470 428
is_linear=0
shrinkage=0.05


Tree=233
num_leaves=15
num_cat=0
split_feature=4 2 0 2 2 2 0 2 1 0 1 2 3 0
split_gain=1.1084 1.20291 1.46731 1.3551 2.07982 1.5254 2.83137 2.63302 1.0386 3.59433 2.5441 2.56999 4.15439 2.85574
threshold=4.9960000000000013 0.99276848381014016 3.9720000000000004 0.9624112700309283 0.90906259831586944 0.80444483470750872 6.8090000000000002 0.75047916603754417 0.51909748604633899 19.074500000000004 0.33302288323572038 0.42110087079608943 61.499500000000005 18.441000000000006
decision_type=2 2 2 2 2 2 2 2 2 2 2 2 2 2
left_child=-1 2 -2 4 5 7 -7 8 10 -10 11 13 -13 -4
right_child=1 -3 3 -5 -6 6 -8 -9 9 -11 -12 12 -14 -15
leaf_value=0.00032480598569253893 -0.0006297569143627308 0.005862102749678905 0.0025488101729640891 -0.0064568976544003513 0.0032425816728746228 0.0053603386283060132 -0.0013919893885820393 0.0071563825706333741 3.0737767035393663e-05 0.001677195932723144 -0.0042407909759821739 -0.0077984414850046013 -0.00013993980594196876 -0.00011673625535580657
leaf_weight=80 57 65 173 67 64 40 68 43 520 74 70 40 74 518
leaf_count=80 57 65 173 67 64 40 68 43 520 74 70 40 74 518
internal_value=0.000486431 0.000240256 0 0.000256996 0.000534442 0.000185185 -0.00555556 0.000595238 0.000238257 0.00185185 -0.000857143 -6.21118e-05 -0.00701754 0.00108538
internal_weight=1953 1873 1808 1751 1684 1620 108 1512 1469 594 875 805 114 691
internal_count=1953 1873 1808 1751 1684 1620 108 1512 1469 594 875 805 114 691
is_linear=0
shrinkage=0.05


Tree=234
num_leaves=15
num_cat=0
split_feature=2 0 4 4 4 4 4 0 1 0 4 0 2 2
split_gain=0.983272 3.70679 2.07095 1.96102 6.69767 3.1743 2.44313 2.4581 2.10214 3.85344 2.93886 2.03111 1.6431 3.84927
threshold=0.43028281133296192 14.698500000000001 27.071000000000002 7.7455000000000007 5.9970000000000008 9.4550000000000018 11.586500000000003 4.0520000000000005 -0.46735488928835733 10.317500000000001 14.268500000000001 6.9305000000000012 0.1858661703907829 0.075135296012361824
decision_type=2 2 2 2 2 2 2 2 2 2 2 2 2 2
left_child=12 2 3 4 -2 -5 -7 -8 9 -9 -10 -12 13 -1
right_child=1 -3 -4 5 -6 6 7 8 10 -11 11 -13 -14 -15
leaf_value=7.9376889800825137e-05 -0.0070272496425239916 -0.0047249513905087415 0.0029098267565734305 -0.0082529211980568052 0.01490760625629366 0.0046288531838410002 -0.0070092186637575257 -0.0010694169037494398 -0.014127680632790643 0.00023741365961133312 0.01088095179488844 0.00047010222625850468 0.001510472251678008 -0.0028590616276290243
leaf_weight=1081 43 41 45 48 43 60 44 44 45 52 51 139 150 67
leaf_count=1081 43 41 45 48 43 60 44 44 45 52 51 139 150 67
internal_value=0.000281618 -0.00129771 -0.000325733 -0.00114236 0.00581395 -0.00238095 -0.00103448 -0.00253333 -0.0010574 -0.00729167 0.00148936 0.00421053 0.00107858 0.00043554
internal_weight=1953 655 614 569 86 483 435 375 331 96 235 190 1298 1148
internal_count=1953 655 614 569 86 483 435 375 331 96 235 190 1298 1148
is_linear=0
shrinkage=0.05


Tree=235
num_leaves=15
num_cat=0
split_feature=0 2 0 4 1 1 1 2 4 2 2 2 4 0
split_gain=1.78084 1.26806 3.54673 1.98444 2.45582 4.76164 2.08273 1.76402 1.75481 1.67125 2.6249 1.5875 1.71672 1.52155
threshold=3.2095000000000007 0.43028281133296192 14.698500000000001 23.787000000000003 -0.45914483320598648 -0.7146667679788683 -0.17552986495351994 0.86564557464733971 9.4550000000000018 0.92933244589178743 0.82438889030848939 0.31064877563037102 25.496000000000002 16.896000000000004
decision_type=2 2 2 2 2 2 2 2 2 2 2 2 2 2
left_child=-1 11 3 4 5 -3 -6 -5 -8 10 -10 12 13 -2
right_child=1 2 -4 7 6 -7 8 -9 9 -11 -12 -13 -14 -15
leaf_value=0.0026818341686591172 0.00051561418433984272 0.0017690697553985751 -0.0044887038209833032 0.0020838751664838877 0.0015414120255306156 -0.001015946058561968 -0.0033239966783651688 -0.00064925969296375508 0.0014262725660796045 0.0015280418656157591 -0.010432308679047054 0.0059735287333773073 -0.0061670566104346574 -3.9255682979469356e-05
leaf_weight=52 374 52 41 46 67 76 72 41 92 74 43 72 59 792
leaf_count=52 374 52 41 46 67 76 72 41 92 74 43 72 59 792
internal_value=0.000486431 0.000236718 -0.00165563 -0.00062167 -0.00189076 -0.0078125 0.000287356 0.00632184 -0.00160142 0.000717703 -0.00259259 0.00111796 0.000693878 0.00111492
internal_weight=1953 1901 604 563 476 128 348 87 281 209 135 1297 1225 1166
internal_count=1953 1901 604 563 476 128 348 87 281 209 135 1297 1225 1166
is_linear=0
shrinkage=0.05


Tree=236
num_leaves=15
num_cat=0
split_feature=4 1 4 3 0 0 3 1 4 0 0 2 3 3
split_gain=0.768373 0.766046 1.3286 2.72812 1.24516 4.43717 3.52516 2.06158 4.3691 1.85524 2.84412 3.0001 2.99554 4.09869
threshold=4.8370000000000006 -0.98211651112579568 27.071000000000002 99.972500000000011 15.449000000000002 16.463500000000003 1.0570000000000002 -0.57659668305444411 18.582000000000004 14.410500000000001 11.658000000000003 0.1858661703907829 21.6645 59.901500000000006
decision_type=2 2 2 2 2 2 2 2 2 2 2 2 2 2
left_child=-1 -2 4 -4 6 -6 -3 8 -8 10 12 -12 -9 -14
right_child=1 2 3 -5 5 -7 7 9 -10 -11 11 -13 13 -15
leaf_value=0.00056634381425960665 -0.00076801521159065855 -0.0058824639551835652 0.0080685217181925978 -0.00083055941585519774 0.0060905891884374544 5.2298732569666664e-05 0.00038760303537280634 -0.0053421552632159815 -0.0020831496000204134 -0.0047949683640867123 0.0001227844031834069 0.010823399328540819 0.007703962773280189 -1.6113147230989444e-05
leaf_weight=72 102 50 41 40 92 759 82 85 52 44 90 52 44 348
leaf_count=72 102 50 41 40 92 759 82 85 52 44 90 52 44 348
internal_value=0.000486431 0.000292398 0.000534008 0.00679012 0.000235571 0.00158637 -0.00112161 -0.000313676 -0.00597015 0.000829563 0.00153473 0.00774648 -0.000314465 0.00153061
internal_weight=1953 1881 1779 81 1698 851 847 797 134 663 619 142 477 392
internal_count=1953 1881 1779 81 1698 851 847 797 134 663 619 142 477 392
is_linear=0
shrinkage=0.05


Tree=237
num_leaves=15
num_cat=0
split_feature=2 2 2 0 1 1 2 0 2 4 4 0 0 1
split_gain=0.862182 3.91062 4.45276 2.61027 2.56941 2.94402 2.48814 2.32675 2.20514 2.04765 1.99576 3.6211 8.59931 2.68173
threshold=-0.098820138732871751 -0.010746888578547886 0.075135296012361824 16.194000000000006 -0.92263100495486372 -0.45914483320598648 -0.18163955523420786 13.260500000000002 0.71541278717867718 14.123500000000002 13.083500000000003 10.651000000000002 11.658000000000003 0.047250493887438572
decision_type=2 2 2 2 2 2 2 2 2 2 2 2 2 2
left_child=6 -2 -3 4 -4 7 -1 8 -6 -5 -7 13 -13 -12
right_child=1 2 3 9 5 10 -8 -9 -10 -11 11 12 -14 -15
leaf_value=4.6613783199629671e-05 -0.01034355726164439 0.0048495304716059066 0.0068523670525988739 -0.0027005533197394962 0.001175454408795787 -0.00021178022635576915 0.0044698856111648842 -0.0092031324664947657 -0.00053931645050883865 -0.00019709571708303455 0.0090379308618067835 -0.015933634725165333 0.0087419511752687747 0.00063901459237384608
leaf_weight=916 60 55 42 45 55 228 50 42 84 41 59 40 63 173
leaf_count=916 60 55 42 45 55 228 50 42 84 41 59 40 63 173
internal_value=7.68049e-05 -0.000962513 -0.000161812 -0.00103211 -0.000127226 -0.000806452 0.00113872 -0.00635359 -0.00323741 -0.00930233 0.000976909 0.00343284 -0.00436893 0.00689655
internal_weight=1953 987 927 872 786 744 966 181 139 86 563 335 103 232
internal_count=1953 987 927 872 786 744 966 181 139 86 563 335 103 232
is_linear=0
shrinkage=0.05


Tree=238
num_leaves=15
num_cat=0
split_feature=3 4 3 4 3 3 1 3 4 1 1 1 4 0
split_gain=1.04914 2.97088 2.68793 2.65326 2.50564 2.20636 2.55369 1.77567 1.56502 2.69711 4.98351 7.05614 3.38615 2.56602
threshold=89.952500000000015 26.337000000000003 77.733000000000018 28.322500000000002 97.69250000000001 94.290500000000023 0.1837425755813806 84.010500000000022 6.2775000000000007 -0.89391031859722847 -0.7266007961912001 -0.40542197401079716 15.666500000000001 21.987000000000005
decision_type=2 2 2 2 2 2 2 2 2 2 2 2 2 2
left_child=1 2 -1 4 5 6 -2 -4 -6 12 -11 -12 -10 -13
right_child=3 -3 7 -5 8 -7 -8 -9 9 10 11 13 -14 -15
leaf_value=-3.8644928066799983e-05 0.001848144705318236 0.00094665764058412833 -0.0068255748734487864 -0.010213493099282007 0.001162753179160836 0.0035599223453382563 -0.0097308137817523274 -0.00075714728276386626 -0.0050160637535688899 0.0032637061712439634 -0.0028712665708648896 0.00019374241066940636 0.00036386080510954319 0.0077743382348984579
leaf_weight=841 45 40 52 41 47 89 42 66 46 60 78 422 40 44
leaf_count=841 45 40 52 41 47 89 42 66 46 60 78 422 40 44
internal_value=0.000281618 -0.000850851 -0.00140772 0.00146751 0.00202629 0.00738636 0.00172414 -0.00847458 0.000746269 0.000144928 0.0013245 -0.000183824 -0.00813953 0.00214592
internal_weight=1953 999 959 954 913 176 87 118 737 690 604 544 86 466
internal_count=1953 999 959 954 913 176 87 118 737 690 604 544 86 466
is_linear=0
shrinkage=0.05


Tree=239
num_leaves=15
num_cat=0
split_feature=0 0 4 3 4 2 4 4 4 0 0 4 0 1
split_gain=1.18982 0.996545 4.57619 2.7503 1.01124 2.83263 1.50562 1.92392 1.3321 1.39927 7.85364 3.02746 2.93316 2.41801
threshold=3.2095000000000007 6.5870000000000006 9.5115000000000016 76.614000000000019 6.2775000000000007 -0.19851654827941614 7.0170000000000003 7.6130000000000004 8.8945000000000025 15.936500000000001 16.463500000000003 9.6450000000000014 14.410500000000001 -0.6118807350392268
decision_type=2 2 2 2 2 2 2 2 2 2 2 2 2 2
left_child=-1 2 -2 -4 5 -3 -6 -8 -9 12 -11 -12 13 -10
right_child=1 4 3 -5 6 -7 7 8 9 10 11 -13 -14 -15
leaf_value=0.0025406982678031656 -0.01493694262739494 -1.5462601212434812e-05 -0.0023165852183608033 0.00071682593150197704 -0.0008859889413894913 0.0039423806618526574 0.0018083403626677486 -0.00035851150304068159 -0.00047278932435189418 0.011650543247596646 0.0037447876870675412 -0.00012117354966024453 -0.0064317225017169414 0.00030047345441738815
leaf_weight=52 48 71 43 69 44 59 41 97 108 41 46 647 120 467
leaf_count=52 48 71 43 69 44 59 41 97 108 41 46 647 120 467
internal_value=0.000230415 2.63019e-05 -0.00375 0.00178571 0.000373349 0.00461538 3.10366e-05 0.000287173 0 0.000384885 0.00190736 0.000649351 -0.00122302 0.00026087
internal_weight=1953 1901 160 112 1741 130 1611 1567 1526 1429 734 693 695 575
internal_count=1953 1901 160 112 1741 130 1611 1567 1526 1429 734 693 695 575
is_linear=0
shrinkage=0.05


Tree=240
num_leaves=15
num_cat=0
split_feature=2 0 4 3 3 2 2 4 0 0 2 3 0 4
split_gain=1.00869 1.87566 1.10497 4.61301 1.05412 2.39581 3.09395 2.03605 2.10441 2.34824 1.83042 2.06633 3.54574 2.1586
threshold=-0.9951106240145321 31.569500000000005 26.337000000000003 92.584500000000006 42.974000000000011 -0.94000589469999485 -0.82681243101696389 24.070500000000003 3.9720000000000004 5.721000000000001 0.97117852567439111 8.0710000000000015 15.449000000000002 13.906000000000002
decision_type=2 2 2 2 2 2 2 2 2 2 2 2 2 2
left_child=-1 2 4 -4 5 -2 -7 8 -6 -10 11 12 13 -8
right_child=1 -3 3 -5 7 6 10 -9 9 -11 -12 -13 -14 -15
leaf_value=-0.0013554551359548862 0.0031465506894623463 0.003726212447363703 0.0033067704293100967 -0.001585976628993316 -0.0065425087259464339 -0.01078750166204279 -0.0045900143033842161 -0.0012089877496647321 0.011173075970239289 0.00010446301457193442 0.00921130066337238 -0.00039393791168586549 0.0010672226354271508 0.00066907383387580788
leaf_weight=70 57 41 41 68 40 58 75 62 41 996 41 167 144 52
leaf_count=70 57 41 41 68 40 58 75 62 41 996 41 167 144 52
internal_value=0.000179211 0.000398301 0.000162866 0.00504587 -0.000144259 -0.00185185 -0.00288641 0.000746269 0.00125348 0.00168756 -0.00156576 -0.00251142 0.000184502 -0.00590551
internal_weight=1953 1883 1842 109 1733 594 537 1139 1077 1037 479 438 271 127
internal_count=1953 1883 1842 109 1733 594 537 1139 1077 1037 479 438 271 127
is_linear=0
shrinkage=0.05


Tree=241
num_leaves=15
num_cat=0
split_feature=0 0 3 4 0 4 4 0 0 0 3 3 4 3
split_gain=1.20621 1.32154 3.22955 2.86202 1.1761 3.42434 3.04067 2.6202 1.69919 1.57819 1.11517 2.24936 2.71807 3.59764
threshold=3.2095000000000007 6.5870000000000006 10.064000000000002 12.477000000000002 9.2280000000000015 9.7785000000000029 18.144500000000004 9.8305000000000025 10.758500000000002 11.485500000000002 86.303000000000011 97.69250000000001 17.120500000000003 94.290500000000023
decision_type=2 2 2 2 2 2 2 2 2 2 2 2 2 2
left_child=-1 2 -2 -4 5 -3 -7 -6 -9 -10 -11 12 13 -12
right_child=1 4 3 -5 7 6 -8 8 9 10 11 -13 -14 -15
leaf_value=0.0026919764301462784 -0.016412840795118823 0.016739308202339761 -0.0035893329840756441 0.00088866088194390624 -0.0016664111043335978 -0.0016624300120252811 0.0022319236560692265 0.001058337299318618 -0.002280009529486707 -8.7860372813632764e-05 -0.0033088075403687996 1.055163179116414e-05 0.0082297168857529048 0.0043754287747123088
leaf_weight=52 44 42 49 67 56 82 78 97 64 698 61 464 58 41
leaf_count=52 44 42 49 67 56 82 78 97 64 698 61 464 58 41
internal_value=0.000179211 -2.63019e-05 -0.004375 0 0.000373349 0.0039604 0.000625 -9.74659e-05 0.000303439 -0.0001443 0.000226929 0.00176282 0.006875 0.00196078
internal_weight=1953 1901 160 116 1741 202 160 1539 1483 1386 1322 624 160 102
internal_count=1953 1901 160 116 1741 202 160 1539 1483 1386 1322 624 160 102
is_linear=0
shrinkage=0.05


Tree=242
num_leaves=15
num_cat=0
split_feature=0 0 1 4 4 0 0 4 0 1 1 0 4 1
split_gain=1.28981 0.879598 2.83152 3.76766 1.85032 4.10374 1.43969 3.92348 2.52487 1.45718 1.60983 3.45999 2.16272 1.93447
threshold=3.2095000000000007 7.8485000000000005 0.42833659622166903 15.758000000000001 10.977500000000001 5.8645000000000005 9.2280000000000015 16.368500000000004 9.8305000000000025 0.9914183690647782 0.93535928755917841 15.517500000000002 16.195500000000003 0.85731462807633252
decision_type=2 2 2 2 2 2 2 2 2 2 2 2 2 2
left_child=-1 2 4 -4 -2 -6 7 -3 -8 10 13 12 -12 -10
right_child=1 6 3 -5 5 -7 8 -9 9 -11 11 -13 -14 -15
leaf_value=0.0025573776086389639 -0.0042436160637836498 -0.0010386348594547058 0.01346788194188148 -0.0019919817224998805 0.00086832461409596664 -0.001191441088888505 -0.0015830905491169174 0.0050711870784907855 -2.2157171100421064e-05 0.0009144654536972441 -0.00069545256684220853 0.0038243592047332853 -0.0064900364264629182 0.0080979437644588589
leaf_weight=52 49 64 49 42 45 56 56 57 1204 70 41 41 40 87
leaf_count=52 49 64 49 42 45 56 56 57 1204 70 41 41 40 87
internal_value=-7.68049e-05 -0.000289321 -0.00311203 0.00384615 -0.00733333 -0.00346535 0.000120482 0.0053719 -0.000292398 0.000101146 -0.0002477 -0.0057377 -0.0117284 0.000271108
internal_weight=1953 1901 241 91 150 101 1660 121 1539 1483 1413 122 81 1291
internal_count=1953 1901 241 91 150 101 1660 121 1539 1483 1413 122 81 1291
is_linear=0
shrinkage=0.05


Tree=243
num_leaves=15
num_cat=0
split_feature=0 0 0 0 4 2 2 2 4 2 3 4 3 2
split_gain=0.89457 0.825476 0.979679 1.02771 3.17708 0.741562 2.27337 2.96296 1.59777 1.1698 3.3577 1.01584 3.09489 1.3247
threshold=3.0290000000000004 4.0520000000000005 5.1540000000000008 6.5870000000000006 14.521000000000003 0.95506028457921099 0.80444483470750872 0.86993731518838324 17.418000000000003 0.64624608728844402 94.499000000000009 21.627500000000001 41.279000000000003 -0.48754425631212789
decision_type=2 2 2 2 2 2 2 2 2 2 2 2 2 2
left_child=-1 -2 -3 4 -4 6 9 -8 -7 11 -11 -5 -13 -14
right_child=1 2 3 5 -6 8 7 -9 -10 10 -12 12 13 -15
leaf_value=0.0024295087282070168 -0.0058237358372561446 0.0048015769502692375 -0.013390837994766969 2.2281306428209927e-05 0.00058791220939628797 0.0039778954309965938 -0.0096515846385975008 0.00049632030841510126 -0.00079828298671691671 -4.4823293156481818e-05 0.0068484946056544763 0.0025409282792394601 -0.009841931419593903 -0.0017018881674770198
leaf_weight=44 40 40 41 1238 47 46 48 60 52 41 66 47 45 98
leaf_count=44 40 40 41 1238 47 46 48 60 52 41 66 47 45 98
internal_value=-0.000230415 -0.000392876 -0.00024077 -0.00041006 -0.00568182 -0.000143596 -0.000395618 -0.00740741 0.00408163 9.77199e-05 0.00514019 -0.000280112 -0.00368421 -0.00734266
internal_weight=1953 1909 1869 1829 88 1741 1643 108 98 1535 107 1428 190 143
internal_count=1953 1909 1869 1829 88 1741 1643 108 98 1535 107 1428 190 143
is_linear=0
shrinkage=0.05


Tree=244
num_leaves=15
num_cat=0
split_feature=4 2 2 2 1 1 2 3 2 3 0 0 1 3
split_gain=1.03479 2.72553 2.76507 2.58151 1.66352 1.95511 6.97272 5.9137 3.22189 2.67915 2.35668 1.79073 1.6476 1.47865
threshold=23.787000000000003 0.34313907657789455 -0.3390880814530603 0.80444483470750872 -0.99052327954040364 -0.59402672566899761 0.6971494193916894 99.941500000000005 0.12643880951666986 1.0000000180025095e-35 15.830500000000002 22.089000000000002 -0.89391031859722847 21.6645
decision_type=2 2 2 2 2 2 2 2 2 2 2 2 2 2
left_child=4 2 -2 -3 -1 6 7 8 11 -7 -10 -6 -9 -11
right_child=1 3 -4 -5 5 9 -8 12 10 13 -12 -13 -14 -15
leaf_value=0.0005485744750521077 0.0007339835219283713 0.002417201938314881 -0.0060275247911309067 0.00027176176663002842 0.001335754976542919 0.0047688366320045392 -0.00096890396722902519 0.00069606822106269516 -0.00045803173172255588 -0.00078325000322041491 -0.011859777243284457 -0.0014126190225034032 0.014207101832575276 7.7124590966173867e-05
leaf_weight=68 40 54 57 51 59 72 41 48 59 281 42 115 54 912
leaf_count=68 40 54 57 51 59 72 41 48 59 281 42 115 54 912
internal_value=7.68049e-05 0.00346535 -0.00257732 0.00904762 -0.000314106 -0.000623886 -0.00358852 -0.00145889 -0.00527273 0.000355731 -0.0123762 -0.00114943 0.00882353 -0.000209556
internal_weight=1953 202 97 105 1751 1683 418 377 275 1265 101 174 102 1193
internal_count=1953 202 97 105 1751 1683 418 377 275 1265 101 174 102 1193
is_linear=0
shrinkage=0.05


Tree=245
num_leaves=15
num_cat=0
split_feature=2 2 0 2 4 3 1 2 0 1 0 3 0 2
split_gain=0.69199 1.09882 2.7589 1.53468 0.790493 1.05559 2.42472 1.19009 4.54872 2.54255 2.07901 4.04846 5.18606 1.84922
threshold=0.99276848381014016 0.96001231037146451 8.0390000000000033 0.92284787786233202 4.8370000000000006 0.10300000000000001 -0.44766156736276203 -0.93704710539067892 22.279000000000003 0.098678873477280007 23.233500000000003 5.0725000000000007 25.964000000000002 -0.77547391234167817
decision_type=2 2 2 2 2 2 2 2 2 2 2 2 2 2
left_child=1 3 -3 4 -1 6 -6 8 -7 -10 13 -12 -13 -9
right_child=-2 2 -4 -5 5 7 -8 10 9 -11 11 12 -14 -15
leaf_value=0.00045453130952550911 0.0013354989737251579 -0.007841724600722114 0.0006260295324997889 0.0022623459295407836 -0.0016366762697376858 0.0039444905450013055 0.0030507538793600377 0.0010247023159028993 -0.021387009480134889 -3.9875488732188378e-06 -0.0096913594632361388 0.0090519392687049421 -2.4726590110957237e-05 -0.0002178400667420033
leaf_weight=63 67 58 40 62 42 77 66 135 85 55 43 68 63 1029
leaf_count=63 67 58 40 62 42 77 66 135 85 55 43 68 63 1029
internal_value=0.000230415 5.30223e-05 -0.00510204 0.00033557 5.79374e-05 -0.000150331 0.00462963 -0.000482315 -0.00391705 -0.00928571 7.47384e-05 0.00517241 0.00954198 -0.000687285
internal_weight=1953 1886 98 1788 1726 1663 108 1555 217 140 1338 174 131 1164
internal_count=1953 1886 98 1788 1726 1663 108 1555 217 140 1338 174 131 1164
is_linear=0
shrinkage=0.05


Tree=246
num_leaves=15
num_cat=0
split_feature=0 2 1 4 1 2 3 4 4 4 0 2 3 4
split_gain=0.73057 3.04271 2.77931 2.82762 2.93838 5.23899 2.68431 2.29628 1.76729 3.97622 1.65324 2.4573 1.8439 1.45695
threshold=20.408500000000004 -0.21533487516747371 -0.22132528438243276 17.517000000000003 -0.48941038753127697 -0.7324940716135786 32.907000000000004 16.195500000000003 12.477000000000002 8.8945000000000025 19.292500000000004 -0.77547391234167817 90.77300000000001 26.337000000000003
decision_type=2 2 2 2 2 2 2 2 2 2 2 2 2 2
left_child=10 2 3 4 5 -2 -7 8 9 -4 11 -1 -12 -13
right_child=1 -3 7 -5 -6 6 -8 -9 -10 -11 12 13 -14 -15
leaf_value=0.0041015597838668484 0.0041562802219960397 0.012329999346620192 -0.0002342503691142417 -0.0069514090506271782 -0.01904567557127982 0.0029365548407154275 -0.0042941137544478952 0.020295547393895566 -0.0027381539689952969 0.0042761346659745524 0.0002365412289200633 -0.00012843541428973483 -0.0036143483084722958 0.00077372505474551916
leaf_weight=99 51 40 65 54 66 40 68 55 66 48 42 1127 40 92
leaf_count=99 51 40 65 54 66 40 68 55 66 48 42 1127 40 92
internal_value=0.000179211 0.0017179 0.000682261 -0.00268817 -0.000222222 0.00345912 -0.00277778 0.00470085 0.00195531 0.00575221 -0.000428571 0 -0.00731707 -0.000615258
internal_weight=1953 553 513 279 225 159 108 234 179 113 1400 1318 82 1219
internal_count=1953 553 513 279 225 159 108 234 179 113 1400 1318 82 1219
is_linear=0
shrinkage=0.05


Tree=247
num_leaves=15
num_cat=0
split_feature=4 0 2 3 0 0 1 2 2 1 3 2 2 4
split_gain=1.07061 3.08798 1.22223 2.16024 4.50955 3.42326 2.51886 1.45129 1.00734 2.50223 2.54459 1.93569 3.00727 1.23115
threshold=25.961000000000002 12.124500000000001 -0.94418750883419933 3.1785000000000001 23.233500000000003 20.408500000000004 0.098678873477280007 -0.90361171343873392 -0.77547391234167817 0.51909748604633899 42.974000000000011 -0.65604102973502731 -0.58882848911713703 14.176500000000003
decision_type=2 2 2 2 2 2 2 2 2 2 2 2 2 2
left_child=2 -2 3 -1 5 -5 -6 -4 9 10 -9 13 -13 -10
right_child=1 -3 7 4 6 -7 -8 8 11 -11 -12 12 -14 -15
leaf_value=0.0033698437811757634 0.0028423932978843772 -0.0016533986243241041 -0.0055077611214958862 0.0016817992908503944 -0.021870723994681901 0.01293669380703273 0.00012494513884244717 -0.0062387708962530104 -8.4399246350536083e-05 0.0089744122258697667 0.0013074042002466869 0.0015704042608675165 -0.00012201364357524725 -0.0046214888653621109
leaf_weight=41 59 66 69 46 66 40 41 47 59 46 57 54 1213 49
leaf_count=41 59 66 69 46 66 40 41 47 59 46 57 54 1213 49
internal_value=-7.68049e-05 0.0044 -0.000382932 0.00299145 0.000777202 0.00930233 -0.00607477 -0.000878294 -0.000557377 0.00333333 -0.000961538 -0.000981818 -0.000434096 -0.00740741
internal_weight=1953 125 1828 234 193 86 107 1594 1525 150 104 1375 1267 108
internal_count=1953 125 1828 234 193 86 107 1594 1525 150 104 1375 1267 108
is_linear=0
shrinkage=0.05


Tree=248
num_leaves=15
num_cat=0
split_feature=4 0 2 3 3 3 0 0 2 4 2 0 0 0
split_gain=1.02219 3.08798 0.864319 2.34102 3.1771 1.83478 1.27736 2.57407 1.06248 3.13418 1.97306 1.29777 3.53282 1.40563
threshold=25.961000000000002 12.124500000000001 -0.94418750883419933 3.1785000000000001 31.213500000000003 99.525500000000008 28.926000000000005 26.575500000000002 -0.86350450715563698 15.933000000000002 -0.77547391234167817 23.368500000000004 21.827500000000004 19.460000000000004
decision_type=2 2 2 2 2 2 2 2 2 2 2 2 2 2
left_child=2 -2 3 -1 -5 -6 7 8 9 -4 -10 12 13 -12
right_child=1 -3 6 4 5 -7 -8 -9 10 -11 11 -13 -14 -15
leaf_value=0.0032013515921169747 0.0027002736329901581 -0.0015707286931078979 -0.0074327486879110748 -0.0037021972661254289 0.0053663526883586388 -0.0057686462019766573 -0.00078905576051310766 0.005453891094018077 0.0048902929001354654 0.00071543880180530573 -0.00013242477928247093 0.0012938353299483591 -0.0073155984758599586 0.0010616774675878073
leaf_weight=41 59 66 62 42 78 73 44 53 73 44 1121 70 48 79
leaf_count=41 59 66 62 42 78 73 44 53 73 44 1121 70 48 79
internal_value=2.56016e-05 0.0044 -0.000273523 0.0025641 0.000259067 0.00364238 -0.000690088 -0.000451613 -0.000835003 -0.00566038 -0.00046729 -0.00091047 -0.00128205 -0.00075
internal_weight=1953 125 1828 234 193 151 1594 1550 1497 106 1391 1318 1248 1200
internal_count=1953 125 1828 234 193 151 1594 1550 1497 106 1391 1318 1248 1200
is_linear=0
shrinkage=0.05


Tree=249
num_leaves=15
num_cat=0
split_feature=0 0 4 0 3 0 4 3 3 4 2 3 0 4
split_gain=1.32526 1.5325 0.975294 3.08798 1.29766 3.25202 2.61168 0.962504 2.23538 1.68482 3.21905 1.62288 2.95797 1.56565
threshold=31.569500000000005 28.926000000000005 25.961000000000002 12.124500000000001 2.1505000000000005 15.698500000000001 13.906000000000002 5.0015000000000009 7.8410000000000002 14.176500000000003 0.49751328890718055 24.177500000000006 17.981500000000004 13.234500000000002
decision_type=2 2 2 2 2 2 2 2 2 2 2 2 2 2
left_child=1 2 4 -4 5 -1 -7 9 -9 10 -6 12 -10 -13
right_child=-2 -3 3 -5 7 6 -8 8 11 -11 -12 13 -14 -15
leaf_value=-0.00067339048736445029 0.0011783229463017131 -0.0026354559299646588 0.0025652599513406485 -0.0014921922584525016 -0.0097284036204438075 0.0027329388111071162 -0.00014357048881236955 0.0046457782551286913 -2.4319472342286542e-05 0.00095347750512093661 0.0092152260507500534 0.00032092833752340734 -0.0028476648103453353 -0.00022065399420208472
leaf_weight=58 48 42 59 66 56 57 40 59 76 49 40 517 47 739
leaf_count=58 48 42 59 66 56 57 40 59 76 49 40 517 47 739
internal_value=0.000128008 -7.87402e-05 0.000134192 0.0044 -0.000172612 0.00419355 0.00979381 -0.000600126 -0.000208623 -0.00448276 -0.00833333 -0.000616389 -0.00609756 -7.96178e-05
internal_weight=1953 1905 1863 125 1738 155 97 1583 1438 145 96 1379 123 1256
internal_count=1953 1905 1863 125 1738 155 97 1583 1438 145 96 1379 123 1256
is_linear=0
shrinkage=0.05


Tree=250
num_leaves=15
num_cat=0
split_feature=0 0 3 3 0 4 3 1 3 2 4 3 0 4
split_gain=0.71325 1.58403 0.813688 4.05421 4.12586 0.937918 3.8147 0.839765 1.15275 2.98353 2.8504 4.86384 6.17881 3.66724
threshold=31.569500000000005 28.926000000000005 2.1505000000000005 0.49650000000000005 15.574000000000002 25.961000000000002 95.804000000000016 -0.99628894895067444 99.998500000000021 0.97117852567439111 16.558500000000002 99.192000000000021 8.2215000000000007 9.0475000000000012
decision_type=2 2 2 2 2 2 2 2 2 2 2 2 2 2
left_child=1 2 3 4 -1 7 -7 -4 10 -10 13 12 -12 -9
right_child=-2 -3 5 -5 -6 6 -8 8 9 -11 11 -13 -14 -15
leaf_value=-0.0025233153309876057 0.001119406798986622 -0.0025036831334664281 -0.0034083553247521922 0.0015318708506335656 0.0027411026889593323 0.0043906612964907431 -0.0011187571837162596 -0.00067473836794503808 5.3430912858151369e-05 0.011689405701884776 -0.0060198449291456076 -0.0067292820442693153 3.8063969976874501e-05 0.00035740170658209451
leaf_weight=52 48 42 40 40 72 44 72 220 437 47 48 54 262 475
leaf_count=52 48 42 40 40 72 44 72 220 437 47 48 54 262 475
internal_value=0.000230415 7.87402e-05 0.000295223 0.00365854 -0.000806452 -2.94291e-05 0.00431034 -0.000347442 -0.000162022 0.0018595 -0.00108593 -0.00467033 -0.00225806 0.000791367
internal_weight=1953 1905 1863 164 124 1699 116 1583 1543 484 1059 364 310 695
internal_count=1953 1905 1863 164 124 1699 116 1583 1543 484 1059 364 310 695
is_linear=0
shrinkage=0.05


Tree=251
num_leaves=15
num_cat=0
split_feature=0 0 3 3 0 2 0 0 0 0 1 1 1 2
split_gain=0.66554 1.65407 1.01606 3.70488 3.31197 0.912261 3.51358 3.23454 2.31906 2.12572 2.22285 1.84877 1.8 1.02534
threshold=31.569500000000005 28.926000000000005 2.1505000000000005 0.49650000000000005 15.574000000000002 -0.92449049203901279 21.625000000000004 23.173000000000005 24.371500000000005 20.564500000000002 -0.45914483320598648 -0.70252096857941237 0.017189842955271029 -0.9829660752282251
decision_type=2 2 2 2 2 2 2 2 2 2 2 2 2 2
left_child=1 2 3 4 -1 6 12 9 -9 -7 -11 -10 -4 -8
right_child=-2 -3 5 -5 -6 7 13 8 11 10 -12 -13 -14 -15
leaf_value=-0.0023971495644382261 0.0010634364590372924 -0.0023784989767931088 0.010444940128345126 0.0014552773081018878 0.0026040475545113656 2.391756234230852e-05 -0.0017566844659808942 0.0036386206944876709 -0.00042570771601280758 -0.016997227628464701 6.5011411205612155e-05 0.0053065308622496383 -0.0019220878998165818 -0.0070605783331671619
leaf_weight=52 48 42 40 40 72 1252 42 43 53 60 49 46 40 74
leaf_count=52 48 42 40 40 72 1252 42 43 53 60 49 46 40 74
internal_value=0.000435228 0.000288714 0.00050993 0.00426829 0 0.000147145 -0.00306122 0.000565536 0.00774648 -0.000183688 -0.00688073 0.00353535 0.005 -0.00862069
internal_weight=1953 1905 1863 164 124 1699 196 1503 142 1361 109 99 80 116
internal_count=1953 1905 1863 164 124 1699 196 1503 142 1361 109 99 80 116
is_linear=0
shrinkage=0.05


Tree=252
num_leaves=15
num_cat=0
split_feature=4 1 1 2 4 3 4 3 2 2 0 1 4 3
split_gain=0.642304 0.696889 3.62188 3.85498 3.0674 2.46975 2.25402 1.90815 1.26024 4.35028 1.20836 1.10455 1.01248 4.22965
threshold=29.468500000000002 -0.67760851415498091 -0.7383195169062905 -0.57240397273781507 9.145500000000002 66.155000000000015 5.4255000000000004 12.986000000000002 -0.09654968025414791 0.29426351849031901 13.988000000000001 -0.94697898371965694 7.7455000000000007 77.223000000000013
decision_type=2 2 2 2 2 2 2 2 2 2 2 2 2 2
left_child=1 2 3 -1 5 -5 -3 -6 11 -10 -11 -9 13 -8
right_child=-2 6 -4 4 7 -7 12 8 9 10 -12 -13 -14 -15
leaf_value=0.0045179638303527231 0.0013016935554230323 -0.00066824441922204783 -0.0052416849092591011 -0.0016600242246347541 0.00021360497578162829 0.0031165888414343003 0.009402123889948738 0.0050908234452708805 -0.018220065179061409 -0.00046432869302699827 0.00053829366370730658 -0.0069387410829294732 9.0160682125674593e-05 -0.0022441498913191942
leaf_weight=40 48 71 50 45 61 41 58 40 61 42 40 48 1244 64
leaf_count=40 48 71 50 45 61 41 58 40 61 42 40 48 1244 64
internal_value=0.000537634 0.000393701 -0.00128205 0.000239234 -0.00132275 0.00697674 0.000939457 -0.00376712 -0.00584416 -0.00874126 -0.00121951 -0.00113636 0.00139092 0.0057377
internal_weight=1953 1905 468 418 378 86 1437 292 231 143 82 88 1366 122
internal_count=1953 1905 468 418 378 86 1437 292 231 143 82 88 1366 122
is_linear=0
shrinkage=0.05


Tree=253
num_leaves=15
num_cat=0
split_feature=1 0 4 3 4 4 4 0 0 1 2 4 4 4
split_gain=0.765666 1.6863 1.77879 6.31945 3.77211 2.9936 2.56579 2.28571 1.25 1.20324 1.4316 1.09991 3.15304 2.85929
threshold=0.73465119469809237 18.505000000000006 18.144500000000004 98.484500000000011 20.772500000000004 12.873500000000002 9.850500000000002 13.153500000000003 12.416500000000001 0.59055600833485278 -0.70634610019963262 17.612500000000004 17.015500000000003 18.380500000000001
decision_type=2 2 2 2 2 2 2 2 2 2 2 2 2 2
left_child=9 2 5 4 -4 6 8 -7 -2 11 -11 12 -1 -13
right_child=1 -3 3 -5 -6 7 -8 -9 -10 10 -12 13 -14 -15
leaf_value=0.00011880558221320504 0.0016788011865996354 0.0022054916302068823 0.001397438929232676 0.0092839080641084933 -0.0069648105165322554 -0.010732933828072831 0.0009888681101553852 -0.00040772561199128171 -0.0048035260510582573 -3.0457791707294568e-05 0.0080158562571211352 -0.0029294827905720247 0.0041148832356050716 2.1358937724103023e-05
leaf_weight=880 40 54 42 71 52 56 76 56 40 54 69 55 43 365
leaf_count=880 40 54 42 71 52 56 76 56 40 54 69 55 43 365
internal_value=0.000793651 -0.000924025 -0.00196305 0.00212121 -0.00638298 -0.00447761 0 -0.0107143 -0.00625 0.00136426 0.00609756 0.000930752 0.00189599 -0.00119048
internal_weight=1953 487 433 165 94 268 156 112 80 1466 123 1343 923 420
internal_count=1953 487 433 165 94 268 156 112 80 1466 123 1343 923 420
is_linear=0
shrinkage=0.05


Tree=254
num_leaves=15
num_cat=0
split_feature=0 4 4 2 4 4 3 2 4 3 0 3 4 2
split_gain=1.03213 0.962509 1.48598 2.82792 2.28131 0.993151 1.14896 0.930255 2.84782 2.35384 2.12211 1.76369 3.19618 2.57544
threshold=3.2095000000000007 4.0610000000000008 6.9315000000000007 -0.41079147501339891 7.6130000000000004 8.8945000000000025 98.134500000000017 -0.94418750883419933 12.362500000000002 0.49650000000000005 22.655500000000004 99.910000000000011 25.961000000000002 0.70329649815198148
decision_type=2 2 2 2 2 2 2 2 2 2 2 2 2 2
left_child=-1 -2 3 -3 -4 6 -6 8 -7 -9 -10 12 13 -11
right_child=1 2 4 -5 5 7 -8 9 10 11 -12 -13 -14 -15
leaf_value=0.0023829955435004354 0.00044235418596855447 0.00049849554617606982 0.0019908346347610796 -0.0025542013724867783 -0.001096593159164626 0.0032633037773588504 0.0084862530631169969 -0.0013388446625300532 0.006569578137571236 -2.5035292984124104e-05 -0.0038224120863712741 -0.00036052084633971806 0.0040437004724205323 0.00052921030137747518
leaf_weight=52 45 53 56 92 67 55 40 83 50 621 76 449 60 154
leaf_count=52 45 53 56 92 67 55 40 83 50 621 76 449 60 154
internal_value=0.000742448 0.000552341 0.000377155 -0.00448276 0.000789012 0.000453172 -0.00420561 0.000775194 0.00414365 0.000329188 0 0.000856698 0.00221557 0.00135484
internal_weight=1953 1901 1856 145 1711 1655 107 1548 181 1367 126 1284 835 775
internal_count=1953 1901 1856 145 1711 1655 107 1548 181 1367 126 1284 835 775
is_linear=0
shrinkage=0.05


Tree=255
num_leaves=15
num_cat=0
split_feature=0 4 4 1 4 1 4 3 1 1 3 3 3 4
split_gain=1.14134 1.06311 1.68323 3.12515 1.66932 1.37619 0.868519 1.14896 0.884435 1.6384 1.0909 2.33631 2.28277 2.94694
threshold=3.2095000000000007 4.0610000000000008 6.9315000000000007 0.3491821996099142 7.6130000000000004 -0.45914483320598648 8.8945000000000025 98.134500000000017 0.98633936463790606 0.96413834225895678 99.006500000000003 99.661500000000004 99.930000000000021 26.515000000000004
decision_type=2 2 2 2 2 2 2 2 2 2 2 2 2 2
left_child=-1 -2 3 5 -4 -3 7 -6 9 10 -8 -12 -13 -14
right_child=1 2 4 -5 6 -7 8 -9 -10 -11 11 12 13 -15
leaf_value=0.0022638457663254146 0.00042023647667012687 -0.0012659251349722957 0.0018912929030230287 0.00068815758236453475 -0.0010417635012063946 -0.0074849300389637774 0.00023128645817948047 0.0080619404099611484 0.00062355496752208308 -0.0026755396889015766 -0.003161240121620524 0.010765159403719637 2.4831842878315222e-06 -0.0068935291829753612
leaf_weight=52 45 56 56 49 67 40 867 40 100 53 45 41 398 44
leaf_count=52 45 56 56 49 67 40 867 40 100 53 45 41 398 44
internal_value=0.000384025 0.000184114 0 -0.00517241 0.00043834 -0.0104167 0.000151057 -0.00420561 0.000452196 0.000138122 0.00046595 -0.00132576 -0.000310559 -0.00135747
internal_weight=1953 1901 1856 145 1711 96 1655 107 1548 1448 1395 528 483 442
internal_count=1953 1901 1856 145 1711 96 1655 107 1548 1448 1395 528 483 442
is_linear=0
shrinkage=0.05


Tree=256
num_leaves=15
num_cat=0
split_feature=2 0 0 0 4 0 2 2 4 1 4 0 1 2
split_gain=0.910177 4.62831 3.24962 5.8235 3.62519 3.07758 2.07129 5.47758 3.24928 2.7264 2.59534 2.3014 3.1746 3.26976
threshold=-0.19851654827941614 19.460000000000004 16.095000000000002 16.993000000000006 15.539500000000002 17.705500000000004 0.24460549819462502 0.14347198451036616 27.071000000000002 -0.62132811513414532 13.846000000000002 11.658000000000003 0.68630018684894145 0.80444483470750872
decision_type=2 2 2 2 2 2 2 2 2 2 2 2 2 2
left_child=2 5 4 -4 -1 6 7 -2 9 10 -8 12 13 -11
right_child=1 -3 3 -5 -6 -7 8 -9 -10 11 -12 -13 -14 -15
leaf_value=0.00060420396189996841 0.00021244840865521921 0.0069909160091034487 0.014796129562430524 -4.947901076730738e-05 -0.01065087260791836 -0.0040657286970545775 7.2488953558186298e-06 0.0078370589279798623 0.0017881661482417766 0.023569949794732061 -0.00059039311862045811 0.0084510574656015865 -0.0050411467928031363 -1.7733847139950187e-05
leaf_weight=73 155 55 44 706 82 45 63 50 57 40 88 73 99 323
leaf_count=73 155 55 44 706 82 45 63 50 57 40 88 73 99 323
internal_value=0.000332821 0.00133588 -0.000828729 0.000533333 -0.00741935 0.000553877 0.00116034 0.00560976 -6.72948e-05 -0.00102041 -0.00695364 0.000654206 -0.000649351 0.00151515
internal_weight=1953 1048 905 750 155 993 948 205 743 686 151 535 462 363
internal_count=1953 1048 905 750 155 993 948 205 743 686 151 535 462 363
is_linear=0
shrinkage=0.05


Tree=257
num_leaves=15
num_cat=0
split_feature=3 0 1 3 2 0 2 0 4 3 1 4 1 4
split_gain=1.01425 3.58471 2.7276 2.33532 1.04397 3.72124 2.41739 2.22894 1.92098 2.50693 1.60554 2.47441 1.6049 2.55187
threshold=0.52650000000000008 15.574000000000002 -0.33302288323571977 2.1505000000000005 -0.30081980763566774 20.408500000000004 -0.38168922026665913 18.505000000000006 21.492500000000003 96.263500000000008 0.60434081882701174 25.338000000000005 -0.78297285307474485 5.9970000000000008
decision_type=2 2 2 2 2 2 2 2 2 2 2 2 2 2
left_child=1 -1 -3 -2 6 7 -5 8 12 -10 11 -11 -6 -14
right_child=3 2 -4 4 5 -7 -8 -9 9 10 -12 -13 13 -15
leaf_value=-0.0015122992560633319 0.0009018793266904108 -0.0015233063835791137 0.0062101697912574586 -3.2873900705528149e-05 0.00061018421979438316 0.011466966219308605 -0.0054580119794535092 -0.0016450701686392623 0.0045724216417122555 0.00040446942223749672 0.0016230374805513703 -0.011699583656946483 -0.0030803952362878141 -8.5837310826281107e-05
leaf_weight=53 40 44 48 693 133 46 52 43 82 43 46 46 50 534
leaf_count=53 40 44 48 693 133 46 52 43 82 43 46 46 50 534
internal_value=0.000230415 -0.0037931 0.00217391 0.000553097 0.000282805 0.00131965 -0.00114094 0.000665302 0.00117773 0.00529954 0.00111111 -0.00280899 -6.9735e-05 -0.00119863
internal_weight=1953 145 92 1808 1768 1023 745 977 934 217 135 89 717 584
internal_count=1953 145 92 1808 1768 1023 745 977 934 217 135 89 717 584
is_linear=0
shrinkage=0.05


Tree=258
num_leaves=15
num_cat=0
split_feature=0 0 3 3 3 3 1 0 1 1 4 1 4 1
split_gain=0.764044 3.35448 1.88193 4.37529 3.04802 2.52167 1.85185 1.77178 1.52343 1.76078 1.4905 1.90194 1.96 1.33379
threshold=9.2280000000000015 9.8305000000000025 10.064000000000002 58.046500000000002 4.7435000000000009 89.617500000000021 0.47434769705567625 8.0390000000000033 0.11577009971046097 -0.41665914930189557 4.9960000000000013 -0.98211651112579568 13.083500000000003 -0.96230016621822467
decision_type=2 2 2 2 2 2 2 2 2 2 2 2 2 2
left_child=2 -2 4 -4 -1 -5 8 -8 9 -7 -3 12 -12 -13
right_child=1 10 3 5 -6 6 7 -9 -10 -11 11 13 -14 -15
leaf_value=0.0011740247356895502 -0.001204751163822919 0.00068476459612131261 0.012117452122013955 -0.0017974004487884576 -0.0059720859094476546 -0.00015252717127674199 0.010304959221618774 8.6172004891244e-05 -0.002887600987025929 0.010866127717863498 -0.0018564750024211514 0.0024734192902418025 0.00010832473708217993 -1.7019375835690061e-05
leaf_weight=44 56 57 54 49 42 51 49 41 43 41 50 48 50 1278
leaf_count=44 56 57 54 49 42 51 49 41 43 41 50 48 50 1278
internal_value=2.56016e-05 -0.000487329 0.00193237 0.00365854 -0.00465116 0.00109489 0.00333333 0.00888889 -0.00037037 0.00326087 -3.37154e-05 -0.000350631 -0.007 0.00015083
internal_weight=1953 1539 414 328 86 274 225 90 135 92 1483 1426 100 1326
internal_count=1953 1539 414 328 86 274 225 90 135 92 1483 1426 100 1326
is_linear=0
shrinkage=0.05


Tree=259
num_leaves=15
num_cat=0
split_feature=0 0 0 4 0 3 2 2 4 4 0 3 3 1
split_gain=0.89324 1.35085 1.16157 2.3782 1.31934 3.67652 2.15207 2.81719 1.83499 3.31087 2.3333 1.68968 3.74274 1.08735
threshold=31.569500000000005 28.926000000000005 24.753000000000004 10.068000000000001 22.655500000000004 86.745500000000007 -0.77547391234167817 -0.68784539311941617 11.321500000000002 14.822500000000002 20.003500000000006 0.013500000000000003 4.6740000000000004 -0.98211651112579568
decision_type=2 2 2 2 2 2 2 2 2 2 2 2 2 2
left_child=1 2 4 -4 6 -6 8 -8 -1 -10 -11 -9 -13 -14
right_child=-2 -3 3 -5 5 -7 7 11 9 10 -12 12 13 -15
leaf_value=-0.00052586633373894191 0.0010499439993362336 -0.0022747208080581257 0.0019590955527817311 -0.00039091631214023678 -0.0077738956859415512 0.00088853904506193404 -0.0037005636458953745 -0.00083329849786419193 0.015368015236270904 -0.001026642513487247 0.0073241768164382312 0.0023146855781523675 -0.0014699929100862432 -2.5944125071369895e-05
leaf_weight=56 48 42 62 114 82 51 44 74 47 65 46 58 87 1077
leaf_count=56 48 42 62 114 82 51 44 74 47 65 46 58 87 1077
internal_value=-0.000486431 -0.000656168 -0.000456253 0.00340909 -0.000859514 -0.0056391 -0.00045045 -0.00119403 0.00420561 0.00696203 0.00225225 -0.000771605 -0.000327332 -0.000945017
internal_weight=1953 1905 1863 176 1687 133 1554 1340 214 158 111 1296 1222 1164
internal_count=1953 1905 1863 176 1687 133 1554 1340 214 158 111 1296 1222 1164
is_linear=0
shrinkage=0.05


Tree=260
num_leaves=15
num_cat=0
split_feature=0 0 3 0 2 3 4 4 1 1 4 0 2 3
split_gain=0.89324 0.882842 0.947987 2.49298 3.9025 2.87148 3.66931 5.58068 3.41249 4.06511 4.79357 2.43623 4.81333 1.46616
threshold=31.569500000000005 3.2095000000000007 42.974000000000011 6.5215000000000005 0.86993731518838324 8.0710000000000015 10.977500000000001 18.667500000000004 -0.89391031859722847 -0.33302288323571977 17.120500000000003 25.474500000000003 -0.14772953607417119 67.301000000000016
decision_type=2 2 2 2 2 2 2 2 2 2 2 2 2 2
left_child=1 -1 3 -3 5 8 -7 -8 -5 -10 11 12 -11 -4
right_child=-2 2 13 4 -6 6 7 -9 9 10 -12 -13 -14 -15
leaf_value=0.0024534853627094068 0.00099744679936941694 -0.010260598067320471 0.00088293686772076283 0.0067537842158663323 0.0082714139947727035 -0.0018425399237117835 0.0025180096599548988 -0.012609433547527207 -0.0070117942700136885 -0.0056061141968133492 0.0064470609478899793 0.0025354416269580738 0.0076089192030258162 -3.0621753714473596e-05
leaf_weight=52 48 56 131 57 41 59 90 48 76 50 49 40 48 1108
leaf_count=52 48 56 131 57 41 59 90 48 76 50 49 40 48 1108
internal_value=-0.000486431 -0.000656168 -0.000836481 -0.002443 -0.00143369 -0.00261122 -0.00736041 -0.00289855 0.0003125 -0.00209125 0.00187166 -0.00289855 -0.00714286 -4.03551e-05
internal_weight=1953 1905 1853 614 558 517 197 138 320 263 187 138 98 1239
internal_count=1953 1905 1853 614 558 517 197 138 320 263 187 138 98 1239
is_linear=0
shrinkage=0.05


Tree=261
num_leaves=15
num_cat=0
split_feature=2 1 1 0 2 0 1 0 0 0 0 2 3 2
split_gain=0.924219 2.53771 2.63059 2.97733 2.81809 4.35253 8.14001 5.33116 1.98439 3.57719 3.26312 2.17082 1.6847 3.02153
threshold=-0.77547391234167817 0.51909748604633899 0.33302288323572038 18.670500000000004 -0.9951106240145321 25.647500000000004 -0.18771856543719898 23.368500000000004 23.233500000000003 21.827500000000004 25.474500000000003 -0.68784539311941617 1.0570000000000002 0.46866798009266125
decision_type=2 2 2 2 2 2 2 2 2 2 2 2 2 2
left_child=1 2 3 -1 -5 7 -7 -6 9 11 -10 -2 13 -13
right_child=8 -3 -4 4 5 6 -8 -9 10 -11 -12 12 -14 -15
leaf_value=0.010355258768414883 -0.0035368433414507644 0.0050341335119475283 -0.0035911907195606153 -0.005715862803813837 0.0012265068454979018 -0.00070232815493911362 0.0058113391938172665 -0.020391408957280949 0.005170179504204498 -0.0071574112014269583 -9.5295627256319912e-05 3.0233793272155253e-05 -9.6181458146802494e-06 -0.002489463289610157
leaf_weight=40 40 48 72 59 72 63 54 57 58 46 75 49 1180 40
leaf_count=40 40 48 72 59 72 63 54 57 58 46 75 49 1180 40
internal_value=-0.000332821 0.0016129 0.000359712 0.00217391 0.000491803 0.00284553 0.00982906 -0.00348837 -0.00094086 -0.00151292 0.00488722 -0.00103132 -0.000669819 -0.00730337
internal_weight=1953 465 417 345 305 246 117 129 1488 1355 133 1309 1269 89
internal_count=1953 465 417 345 305 246 117 129 1488 1355 133 1309 1269 89
is_linear=0
shrinkage=0.05


Tree=262
num_leaves=15
num_cat=0
split_feature=4 1 4 0 0 3 0 0 4 4 4 1 0 0
split_gain=0.89324 1.58823 2.50721 1.81155 1.2086 6.19095 4.59998 2.82671 1.90463 2.44905 3.97593 4.97923 2.79682 4.83082
threshold=4.0610000000000008 -0.98211651112579568 5.4255000000000004 18.441000000000006 15.449000000000002 1.0570000000000002 14.410500000000001 16.337500000000002 25.961000000000002 17.049000000000003 18.144500000000004 -0.57659668305444411 7.8485000000000005 11.090000000000002
decision_type=2 2 2 2 2 2 2 2 2 2 2 2 2 2
left_child=-1 3 -3 -2 5 -4 8 -6 9 -7 -11 -12 -13 -14
right_child=1 2 4 -5 7 6 -8 -9 -10 10 11 12 13 -15
leaf_value=0.00068965313403862149 -0.00026204302870114774 -0.0041660410802755619 -0.0054299995037148611 -0.0015916019812760376 0.0041426280706564683 0.00055644281854866362 -0.0059260810689053586 0.0001134469932333973 0.0014491343840816852 -0.0054877307185629857 -0.00094883534123429709 -0.00021423569848871423 0.0029605342476839158 -0.00053611260991789369
leaf_weight=48 66 47 48 40 85 402 65 768 81 48 49 62 79 65
leaf_count=48 66 47 48 40 85 402 65 768 81 48 49 62 79 65
internal_value=-0.000486431 -0.000656168 -0.000305725 -0.00660377 0 -0.0012792 -0.000293772 0.00134818 0.000763359 -7.0922e-05 -0.00346535 -0.000980392 0.00242718 0.00625
internal_weight=1953 1905 1799 106 1752 899 851 853 786 705 303 255 206 144
internal_count=1953 1905 1799 106 1752 899 851 853 786 705 303 255 206 144
is_linear=0
shrinkage=0.05


Tree=263
num_leaves=15
num_cat=0
split_feature=0 4 4 2 3 0 1 3 0 3 0 4 1 0
split_gain=0.89457 0.829462 3.52812 2.34662 2.26709 2.17342 2.25274 4.38648 4.19227 3.36459 2.57892 2.84224 2.31881 2.17183
threshold=3.0290000000000004 15.343500000000002 14.822500000000002 0.092265415903232631 99.967500000000015 12.653500000000003 0.33302288323572038 3.0260000000000002 19.074500000000004 96.158000000000015 23.967000000000002 9.7055000000000025 -0.69016699705532203 15.830500000000002
decision_type=2 2 2 2 2 2 2 2 2 2 2 2 2 2
left_child=-1 2 3 5 13 -2 7 -7 -9 -8 12 -12 -10 -5
right_child=1 -3 -4 4 -6 6 9 8 10 -11 11 -13 -14 -15
leaf_value=0.0024215319584078411 0.00095943260851520185 0.00011841524260914894 -0.0057247987193510715 -0.00040045843658326338 9.9298382211554517e-05 0.0030116610078445975 -0.0025833702321304665 0.0078514255911874119 -0.0083186187620702626 0.00048409627068580764 0.00099010787885463756 -0.00093534091832051533 -7.2313048130501209e-05 -0.0035255644511098558
leaf_weight=44 40 867 48 232 113 60 107 63 43 70 75 86 63 42
leaf_count=44 40 867 48 232 113 60 107 63 43 70 75 86 63 42
internal_value=-0.000230415 -0.000392876 -0.00134357 -0.000704225 -0.00374677 0.00123558 0.000440917 0.0025641 0.00030303 -0.00423729 -0.00243446 0.0015528 -0.00849057 -0.00620438
internal_weight=1953 1909 1042 994 387 607 567 390 330 177 267 161 106 274
internal_count=1953 1909 1042 994 387 607 567 390 330 177 267 161 106 274
is_linear=0
shrinkage=0.05


Tree=264
num_leaves=15
num_cat=0
split_feature=4 1 3 4 1 3 3 1 3 2 1 4 3 0
split_gain=1.81336 1.92308 1.8 1.41176 1.14251 2.95992 3.14343 1.02484 3.72167 4.2807 3.73638 3.85714 1.06384 0.759815
threshold=4.9960000000000013 -0.98211651112579568 62.32800000000001 13.083500000000003 -0.87795195455888908 39.788500000000006 99.998500000000021 -0.62132811513414532 53.237500000000004 -0.5049610547215202 -0.7266007961912001 15.758000000000001 1.0000000180025095e-35 22.655500000000004
decision_type=2 2 2 2 2 2 2 2 2 2 2 2 2 2
left_child=2 3 -1 -2 5 -3 -7 8 9 -6 11 -10 -9 -14
right_child=1 4 -4 -5 7 6 -8 12 10 -11 -12 -13 13 -15
leaf_value=-2.7858878046295445e-05 -0.0015328643713273084 0.004901720614760025 0.0010610941963661081 -0.00028479289868916792 -0.00026774868983788782 -0.0010675017369380091 0.0013884411440849497 0.0026979347315639005 0.02443643844525771 -0.01056307620431709 -0.00055544152478375914 -0.0021180579813799851 5.217465409007999e-05 -0.00023153820540299105
leaf_weight=40 51 55 40 51 47 70 47 73 42 41 51 42 1081 222
leaf_count=40 51 55 40 51 47 70 47 73 42 41 51 42 1081 222
internal_value=0.000128008 -0.000186866 0.0075 -0.00686275 0.000197628 0.00406977 -0.00042735 -0.000218887 -0.00336323 -0.0113636 0.00185185 0.00833333 0.000290698 -3.8373e-05
internal_weight=1953 1873 80 102 1771 172 117 1599 223 88 135 84 1376 1303
internal_count=1953 1873 80 102 1771 172 117 1599 223 88 135 84 1376 1303
is_linear=0
shrinkage=0.05


Tree=265
num_leaves=15
num_cat=0
split_feature=4 3 3 4 3 2 4 3 1 1 1 4 2 4
split_gain=1.86409 1.8 1.03914 3.40829 2.83702 2.94327 2.55381 4.0903 2.50159 2.08286 2.29032 1.99415 2.25896 1.8092
threshold=4.9960000000000013 62.32800000000001 97.69250000000001 26.640000000000004 99.998500000000021 -0.030120304846908235 23.961500000000004 94.290500000000023 -0.22611359161738889 0.047250493887438572 0.97269128516472203 11.704000000000002 0.1858661703907829 16.655500000000004
decision_type=2 2 2 2 2 2 2 2 2 2 2 2 2 2
left_child=1 -1 3 6 5 13 7 -2 11 -10 -11 -6 -13 -4
right_child=2 -3 4 -5 8 -7 -8 -9 9 10 -12 12 -14 -15
leaf_value=-2.6465934143979355e-05 -3.9650740997161649e-05 0.0010080394865478071 0.011983983370436078 0.0041324982746119348 -0.0047812297407064429 -0.005055388288830058 -0.0050974288866093512 0.0040978121424500944 0.0081106545530218177 -0.00014211801398850143 0.013215485781036596 -0.0068152264309282347 0.00043510652029043405 -0.0012396878202211665
leaf_weight=40 958 40 71 40 44 88 51 76 64 229 44 59 98 51
leaf_count=40 958 40 71 40 44 88 51 76 64 229 44 59 98 51
internal_value=2.56016e-05 0.0075 -0.000293647 0.000666667 -0.00173797 -0.00666667 0.000138249 0.000676983 0.000185874 0.00281899 0.000915751 -0.00422886 -0.00159236 -0.00163934
internal_weight=1953 80 1873 1125 748 210 1085 1034 538 337 273 201 157 122
internal_count=1953 80 1873 1125 748 210 1085 1034 538 337 273 201 157 122
is_linear=0
shrinkage=0.05


Tree=266
num_leaves=15
num_cat=0
split_feature=4 0 3 4 3 0 3 0 0 4 4 4 3 3
split_gain=1.2761 0.689608 2.33551 3.63182 1.94485 1.78732 4.64896 2.91851 1.56393 1.12081 5.68246 3.307 2.76227 3.68564
threshold=4.0610000000000008 8.2215000000000007 99.325500000000019 17.828500000000002 10.064000000000002 9.2280000000000015 98.39200000000001 9.8305000000000025 5.3030000000000008 11.504500000000002 12.362500000000002 9.145500000000002 94.499000000000009 9.1880000000000006
decision_type=2 2 2 2 2 2 2 2 2 2 2 2 2 2
left_child=-1 2 3 4 -2 6 -3 -7 -4 11 -11 12 13 -9
right_child=1 5 8 -5 -6 7 -8 9 -10 10 -12 -13 -14 -15
leaf_value=0.00033067545643995137 -0.0051475918706956952 0.0075738127385606216 0.0053581070374933955 -0.0020403481208716603 0.0015656401057847443 -0.0042042873792556001 -0.0011449758694080149 0.0011863472346692093 -6.6794719009492803e-06 0.0099394981847188077 4.9928798393122922e-05 -0.0014676796855597114 0.0013941341391158935 -0.00091504269968565319
leaf_weight=48 64 40 50 49 72 52 47 68 82 62 919 214 91 95
leaf_count=48 64 40 50 49 72 52 47 68 82 62 919 214 91 95
internal_value=0.000281618 7.87402e-05 -0.00205047 -0.00567568 -0.00147059 0.000503778 0.00747126 9.99334e-05 0.0030303 0.000517598 0.00147808 -0.00149573 0.0023622 -0.00153374
internal_weight=1953 1905 317 185 136 1588 87 1501 132 1449 981 468 254 163
internal_count=1953 1905 317 185 136 1588 87 1501 132 1449 981 468 254 163
is_linear=0
shrinkage=0.05


Tree=267
num_leaves=15
num_cat=0
split_feature=2 1 3 3 0 0 0 3 1 4 0 2 3 4
split_gain=0.961006 3.61144 1.79476 2.54361 2.19394 4.96586 3.6301 2.88656 1.76296 4.35535 4.03192 2.73239 2.20915 2.14661
threshold=-0.94418750883419933 0.2174230999111143 0.49650000000000005 4.5945000000000009 23.233500000000003 21.827500000000004 24.371500000000005 32.907000000000004 -0.7146667679788683 5.9970000000000008 13.364500000000001 -0.11364489825015461 96.712000000000018 13.614500000000001
decision_type=2 2 2 2 2 2 2 2 2 2 2 2 2 2
left_child=1 -1 -2 -4 5 8 -6 -8 10 -10 -5 -12 13 -13
right_child=2 -3 3 4 6 -7 7 -9 9 -11 11 12 -14 -15
leaf_value=8.1411621668059381e-05 -0.00059178730913373725 0.0055455016503381587 0.0013935481408478972 0.0027282412346789258 0.0044746069337985922 -0.007560297670946581 0.0042619985502916598 -0.00057655301572700492 -0.004167312484505109 -2.4989647268340489e-05 0.001372598292677671 -0.018201720687239464 0.00013592882986668208 -8.0020613502457261e-05
leaf_weight=196 116 42 74 67 41 69 42 85 54 940 74 40 72 41
leaf_count=196 116 42 74 67 41 69 42 85 54 940 74 40 72 41
internal_value=0.000384025 0.00336134 -2.91545e-05 0.000406504 -3.27869e-05 -0.000700074 0.00535714 0.0011811 0 -0.00100604 0.00340136 0.000220264 -0.00359477 -0.00925926
internal_weight=1953 238 1715 1599 1525 1357 168 127 1288 994 294 227 153 81
internal_count=1953 238 1715 1599 1525 1357 168 127 1288 994 294 227 153 81
is_linear=0
shrinkage=0.05


Tree=268
num_leaves=15
num_cat=0
split_feature=4 3 4 2 0 4 2 4 3 3 3 1 3 3
split_gain=0.808739 1.8 0.887198 1.02715 1.04675 2.9283 1.75245 1.55055 6.5593 2.30106 2.7629 1.39596 1.12711 4.22794
threshold=4.9960000000000013 62.32800000000001 5.8020000000000005 0.99276848381014016 8.480500000000001 28.322500000000002 0.8524709262517346 17.049000000000003 99.998500000000021 10.064000000000002 96.263500000000008 0.99628894895067466 98.844500000000011 99.631500000000017
decision_type=2 2 2 2 2 2 2 2 2 2 2 2 2 2
left_child=1 -1 -2 4 7 6 11 9 -9 -4 -11 12 -6 -14
right_child=2 -3 3 -5 5 -7 -8 8 -10 10 -12 -13 13 -15
leaf_value=-0.00011826654183610675 -0.005228134873521831 0.0012754125119216492 -0.011485624337419415 0.0052727090801141033 0.0001290023187716871 -0.0069489226774669347 0.0027546542980296032 -0.0016093586037462873 0.0037205747697398152 0.012217839614744529 -0.0028749775347327753 0.0013947489979591521 -0.0065347802176173812 -7.7045500626658081e-05
leaf_weight=40 40 40 49 64 865 45 72 63 50 53 72 44 40 416
leaf_count=40 40 40 49 64 865 45 72 63 50 53 72 44 40 416
internal_value=7.68049e-05 0.005 -0.000133476 2.72777e-05 -0.000197852 0.000337382 0.000730689 -0.00296167 -0.00752212 0 0.0036 0.00032967 3.78501e-05 -0.00197368
internal_weight=1953 80 1873 1833 1769 1482 1437 287 113 174 125 1365 1321 456
internal_count=1953 80 1873 1833 1769 1482 1437 287 113 174 125 1365 1321 456
is_linear=0
shrinkage=0.05


Tree=269
num_leaves=15
num_cat=0
split_feature=2 3 3 0 0 2 0 2 4 0 2 0 0 1
split_gain=0.773979 3.12163 2.18549 3.39283 1.99057 1.86203 1.55355 1.44162 1.21367 0.942447 4.50184 5.16082 6.83302 1.99237
threshold=0.80444483470750872 47.907000000000004 99.325500000000019 9.0895000000000028 8.2215000000000007 0.75047916603754417 5.5995000000000008 0.6971494193916894 4.9960000000000013 14.410500000000001 0.42110087079608943 15.449000000000002 16.337500000000002 0.93168921928840098
decision_type=2 2 2 2 2 2 2 2 2 2 2 2 2 2
left_child=5 6 4 -4 -3 7 -2 8 -1 13 11 -11 -13 -10
right_child=1 2 3 -5 -6 -7 -8 -9 9 10 -12 12 -14 -15
leaf_value=0.0010253090223329134 -0.0014081953612826701 -0.0036748612302824561 0.0010527330077955731 -0.0054272060958108354 -0.00027815341219177838 0.0018330450227214399 0.0065634046510382217 -0.00052066174923559583 0.00036468786838467774 -0.013201576394479881 -0.0052291388214564475 0.0079146675327991748 -5.331795942633e-05 -0.00033234281206776379
leaf_weight=61 48 45 100 66 41 50 67 48 253 68 42 80 829 155
leaf_count=61 48 45 100 66 41 50 67 48 253 68 42 80 829 155
internal_value=2.56016e-05 -0.0020436 -0.00515873 -0.00180723 -0.0116279 0.000504414 0.00478261 0.000195313 0.00047043 0.000175193 -0.00063788 5.11771e-05 0.0010451 0.00220588
internal_weight=1953 367 252 166 86 1586 115 1536 1488 1427 1019 977 909 408
internal_count=1953 367 252 166 86 1586 115 1536 1488 1427 1019 977 909 408
is_linear=0
shrinkage=0.05


Tree=270
num_leaves=15
num_cat=0
split_feature=0 0 0 0 2 2 0 4 4 3 0 2 0 0
split_gain=0.750116 1.5325 0.844273 1.17687 2.34672 2.11585 4.36647 0.765277 3.91509 3.31713 5.67475 1.31734 1.49991 1.78557
threshold=31.569500000000005 28.926000000000005 27.673000000000005 26.101000000000003 -0.99665976668634515 -0.96801877525786306 24.753000000000004 7.7455000000000007 7.0170000000000003 94.499000000000009 10.758500000000002 -0.92449049203901279 21.507000000000001 18.971000000000004
decision_type=2 2 2 2 2 2 2 2 2 2 2 2 2 2
left_child=1 2 3 4 -1 -6 7 8 9 10 -7 -9 13 -13
right_child=-2 -3 -4 -5 5 6 -8 11 -10 -11 -12 12 -14 -15
leaf_value=0.0050353961323407947 0.00071898474968279391 -0.0026092037399047005 0.0048928390112114445 -0.0029144341257226203 -0.0049672404641705669 0.0031540074616069531 0.011143116297273093 -0.0088802106026220247 0.015081340922290002 0.00049321188138543796 -0.0085542380029562052 -1.4324727922290782e-05 0.0012877117761072338 -0.00082833404623633292
leaf_weight=42 48 42 42 71 70 44 51 44 44 60 55 1100 118 122
leaf_count=42 48 42 42 71 70 44 51 44 44 60 55 1100 118 122
internal_value=7.68049e-05 -7.87402e-05 0.000134192 -2.74574e-05 0.000228571 -5.8548e-05 0.00030525 -0.00015753 0.00270936 -0.000943396 -0.00656566 -0.000578035 -0.000298507 -0.000818331
internal_weight=1953 1905 1863 1821 1750 1708 1638 1587 203 159 99 1384 1340 1222
internal_count=1953 1905 1863 1821 1750 1708 1638 1587 203 159 99 1384 1340 1222
is_linear=0
shrinkage=0.05


Tree=271
num_leaves=15
num_cat=0
split_feature=4 3 3 0 3 4 4 3 3 3 0 2 1 0
split_gain=1.22972 1.0768 4.43643 3.22118 2.13268 2.88105 4.22557 6.05 2.07851 1.56357 2.83356 4.05884 2.79056 2.27893
threshold=4.9960000000000013 81.010500000000022 85.07350000000001 25.964000000000002 75.981000000000009 7.7140000000000013 9.4550000000000018 5.0220000000000011 17.363500000000005 1.2690000000000003 7.8485000000000005 0.32694223331140743 -0.32084646754213797 11.797000000000002
decision_type=2 2 2 2 2 2 2 2 2 2 2 2 2 2
left_child=-1 4 -3 -4 5 8 7 -7 -2 12 -11 -12 -8 -13
right_child=1 2 3 -5 -6 6 9 -9 -10 10 11 13 -14 -15
leaf_value=0.00038528496872382024 7.2394781663556729e-05 -0.020224635262643294 3.6919014822135723e-05 -0.005716006538019203 0.0022067527562814149 9.3546568045631273e-05 -0.002171481344411222 -0.0057570670000794454 0.024373747855148661 -0.0011726189569869817 0.00016059630094273638 0.00098225646698096446 4.0423761002794657e-05 0.018372841041604821
leaf_weight=80 57 40 927 51 40 40 40 40 40 66 362 52 76 42
leaf_count=80 57 40 927 51 40 40 40 40 40 66 362 52 76 42
internal_value=0.000179211 -8.00854e-05 -0.00117878 -0.000511247 0.00122807 0.000674847 -0.000417827 -0.01125 0.00876289 0.000940439 0.00210728 0.00350877 -0.00431034 0.012766
internal_weight=1953 1873 1018 978 855 815 718 80 97 638 522 456 116 94
internal_count=1953 1873 1018 978 855 815 718 80 97 638 522 456 116 94
is_linear=0
shrinkage=0.05


Tree=272
num_leaves=15
num_cat=0
split_feature=2 1 0 0 0 0 3 0 1 0 0 0 0 2
split_gain=1.44709 3.38695 1.37096 1.48034 2.40168 2.15322 4.61176 1.6406 1.8 1.32003 2.35631 1.05026 0.961196 1.00038
threshold=-0.94418750883419933 0.2174230999111143 28.926000000000005 27.002000000000006 25.474500000000003 23.233500000000003 71.171000000000006 21.827500000000004 -0.45914483320598648 24.257500000000004 20.408500000000004 27.307000000000002 21.037500000000005 -0.34964745525122826
decision_type=2 2 2 2 2 2 2 2 2 2 2 2 2 2
left_child=1 9 3 4 5 7 -7 12 -9 10 -1 -11 13 -2
right_child=2 -3 -4 -5 -6 6 -8 8 -10 11 -12 -13 -14 -15
leaf_value=-0.0013390978885706951 0.00026633921973786282 0.0050118876962714056 -0.00094711225784627207 0.0053866007917480752 -0.0086385855936782774 -0.00036494124922349381 0.016676206803004377 -0.011220124438943768 1.3463996192830675e-05 -0.018808116932330532 0.0031947849159315147 0.0001794971545586721 0.0029143830362136306 -0.00015177090357820777
leaf_weight=43 287 42 44 46 40 45 40 40 40 48 53 52 40 1093
leaf_count=43 287 42 44 46 40 45 40 40 40 48 53 52 40 1093
internal_value=0.000128008 0.00378151 -0.000379009 -0.000149611 -0.0004 -9.46372e-05 0.00764706 -0.000533333 -0.0075 0.00102041 0.00520833 -0.003 -0.000140845 -0.000362319
internal_weight=1953 238 1715 1671 1625 1585 85 1500 80 196 96 100 1420 1380
internal_count=1953 238 1715 1671 1625 1585 85 1500 80 196 96 100 1420 1380
is_linear=0
shrinkage=0.05


Tree=273
num_leaves=15
num_cat=0
split_feature=0 0 3 0 0 0 2 0 2 4 3 1 4 1
split_gain=0.800716 0.807045 1.39418 3.08802 2.27799 1.24776 3.26873 2.83786 5.05795 3.93616 1.97228 3.16557 1.58098 1.84897
threshold=31.569500000000005 28.926000000000005 2.1505000000000005 19.292500000000004 10.422000000000002 19.292500000000004 -0.87204617232061787 20.049000000000003 -0.24877566908906687 6.9315000000000007 12.651500000000002 -0.70252096857941237 18.144500000000004 0.28397372121269165
decision_type=2 2 2 2 2 2 2 2 2 2 2 2 2 2
left_child=1 2 3 4 -1 6 -4 -7 9 -9 -11 -12 13 -13
right_child=-2 -3 5 -5 -6 7 -8 8 -10 10 11 12 -14 -15
leaf_value=0.0016516704626076103 0.00099232151141406279 -0.0024394177550642912 0.0062933345184267853 0.0021411390526014846 -0.0007908247654720979 -0.0066883275737906591 -6.330428316537601e-05 -0.004610264845603518 0.010766058396153811 -0.0044884398261948819 -0.0051831930542517168 0.0054160844896544496 -0.00087780659911573669 -0.00015980336088058656
leaf_weight=40 48 42 60 69 55 50 1163 48 45 66 70 107 44 46
leaf_count=40 48 42 60 69 55 50 1163 48 45 66 70 107 44 46
internal_value=-0.000128008 -0.000288714 -0.000134192 0.00426829 -0.00157895 -0.000559152 0.000286182 -0.00273109 -0.00140845 -0.00328084 -0.00135135 0.000561798 0.00380711 0.00620915
internal_weight=1953 1905 1863 164 95 1699 1223 476 426 381 333 267 197 153
internal_count=1953 1905 1863 164 95 1699 1223 476 426 381 333 267 197 153
is_linear=0
shrinkage=0.05


Tree=274
num_leaves=15
num_cat=0
split_feature=1 1 3 1 2 0 4 3 3 1 1 2 1 1
split_gain=1.02442 2.17921 1.71023 4.61757 1.78963 2.71641 3.3577 2.68297 3.09733 2.05321 2.64522 2.65775 1.83648 1.33713
threshold=-0.40542197401079716 -0.34156760613242332 12.018000000000002 -0.89391031859722847 0.71541278717867718 15.035000000000002 19.188500000000001 42.974000000000011 90.77300000000001 -0.7383195169062905 -0.89391031859722847 -0.045113073260993279 -0.57659668305444411 -0.23803327706148572
decision_type=2 2 2 2 2 2 2 2 2 2 2 2 2 2
left_child=2 -2 3 -1 5 6 -4 -7 -9 10 11 -10 -6 -3
right_child=1 13 4 -5 12 7 -8 8 9 -11 -12 -13 -14 -15
leaf_value=0.0059974865459076826 0.011484005411125865 -0.0077370715100368416 0.0023888280075021681 -0.00082612239051863207 -0.00125478533774713 -0.0041251153669924811 -0.00058407019813633829 0.004265010584796225 -0.0063054244878478719 -0.015565138358198817 0.0046081733784892496 0.00021349180836281875 -8.6823871807317776e-05 6.8488758684887022e-05
leaf_weight=65 42 71 66 94 40 58 41 74 44 50 45 49 49 1165
leaf_count=65 42 71 66 94 40 58 41 74 44 50 45 49 49 1165
internal_value=-0.000128008 0.000704225 -0.0017037 0.00283019 -0.00310078 -0.00175644 0.00514019 -0.0040625 -0.0019084 -0.00531915 -0.00217391 -0.00698925 -0.00955056 0.000323625
internal_weight=1953 1278 675 159 516 427 107 320 262 188 138 93 89 1236
internal_count=1953 1278 675 159 516 427 107 320 262 188 138 93 89 1236
is_linear=0
shrinkage=0.05


Tree=275
num_leaves=15
num_cat=0
split_feature=4 1 4 1 4 2 1 4 4 3 3 3 1 4
split_gain=1.37921 1.77235 1.99843 1.49998 1.57445 1.25 1.2058 3.79979 4.17366 2.14278 4.10399 3.5025 4.47371 1.91061
threshold=4.9960000000000013 -0.98211651112579568 12.978500000000002 -0.95747632178960107 5.9970000000000008 1.0000000180025095e-35 -0.40542197401079716 25.022000000000002 21.559500000000003 82.487000000000009 51.211000000000006 99.873000000000005 -0.7146667679788683 10.068000000000001
decision_type=2 2 2 2 2 2 2 2 2 2 2 2 2 2
left_child=5 2 -2 -3 -5 -1 7 8 9 10 13 -11 -13 -6
right_child=1 3 -4 4 6 -7 -8 -9 -10 11 -12 12 -14 -15
leaf_value=-0.00010594142045425269 -0.0023770004661045289 0.00089503923241861032 0.00012964922998782991 -0.0042478212834108908 0.002492357864504401 0.0025756511510821173 0.00010397465578718332 0.005233713995919393 -0.0047518581164323814 -0.0020191802137816202 0.020475216310766649 0.0076992775210691887 -0.0025657991804920498 -0.00039756502071919557
leaf_weight=40 50 57 52 49 40 40 1196 40 49 82 41 61 40 116
leaf_count=40 50 57 52 49 40 40 1196 40 49 82 41 61 40 116
internal_value=-0.000179211 -0.000453817 -0.00686275 -8.46979e-05 -0.000350058 0.00625 -9.00901e-05 -0.00223881 -0.00361305 -0.00184211 0.00177665 -0.0057377 0.00049505 -0.00192308
internal_weight=1953 1873 102 1771 1714 80 1665 469 429 380 197 183 101 156
internal_count=1953 1873 102 1771 1714 80 1665 469 429 380 197 183 101 156
is_linear=0
shrinkage=0.05


Tree=276
num_leaves=15
num_cat=0
split_feature=2 2 3 3 3 0 0 3 4 0 0 1 2 2
split_gain=1.16207 2.19752 2.17164 2.2313 1.26179 3.17936 3.13991 2.47161 2.12079 2.01477 4.26905 1.62737 1.54659 3.33116
threshold=-0.94418750883419933 -0.96356381914947564 32.238500000000009 99.651500000000013 0.74950000000000017 28.070000000000004 25.964000000000002 4.6740000000000004 10.235000000000001 23.368500000000004 21.827500000000004 0.20061247795988868 -0.11364489825015461 -0.02793410925094832
decision_type=2 2 2 2 2 2 2 2 2 2 2 2 2 2
left_child=1 2 -1 -4 8 6 7 -6 -2 10 12 -10 -9 -14
right_child=4 -3 3 -5 5 -7 -8 9 11 -11 -12 -13 13 -15
leaf_value=-0.0036473447476305879 5.395087643340624e-05 0.009736906018844799 0.005207716789747463 -0.0054974203151404782 0.0023641718317890695 0.0085513966519805834 -0.0075926719430655654 0.00015222809531441339 -0.0099143298471803757 0.0041482538226529251 -0.0059330557836805246 -0.00014130054261797255 -0.010284898258042989 -0.00015381010743454883
leaf_weight=67 41 48 64 59 55 50 49 414 40 79 73 43 48 823
leaf_count=67 41 48 64 59 55 50 49 414 40 79 73 43 48 823
internal_value=-0.000332821 0.00294118 0.000526316 0.00447154 -0.000787172 -0.000408548 -0.000811162 -0.000402145 -0.00564516 -0.000800278 -0.00125184 -0.010241 -0.000583658 -0.00177956
internal_weight=1953 238 190 123 1715 1591 1541 1492 124 1437 1358 83 1285 871
internal_count=1953 238 190 123 1715 1591 1541 1492 124 1437 1358 83 1285 871
is_linear=0
shrinkage=0.05


Tree=277
num_leaves=15
num_cat=0
split_feature=0 0 3 4 1 1 3 3 1 3 3 3 4 1
split_gain=0.800716 1.46512 1.00565 2.55052 1.80006 1.47067 1.05992 2.98314 2.16032 2.71237 2.46909 2.91365 3.12502 2.42823
threshold=31.569500000000005 28.926000000000005 2.1505000000000005 9.3560000000000016 0.65765423894015862 -0.33302288323571977 84.010500000000022 77.733000000000018 0.030073020370188292 39.788500000000006 22.285500000000003 7.8410000000000002 12.531000000000001 -0.33302288323571977
decision_type=2 2 2 2 2 2 2 2 2 2 2 2 2 2
left_child=1 2 3 -1 5 -5 7 8 9 13 11 12 -10 -4
right_child=-2 -3 6 4 -6 -7 -8 -9 10 -11 -12 -13 -14 -15
leaf_value=0.00091582826732654896 0.00067533383676267051 -0.0028893263234016117 0.0002866282068790249 -0.00046701095451877897 -0.00043396683667219494 0.0035991294842765199 7.7492009798363356e-05 -0.007425506606785791 -0.00064375386632692377 -0.0024814391780288193 0.0012001427510733985 -0.0025559108481167884 0.0075489701990906384 -0.023160248820349602
leaf_weight=42 48 42 165 40 41 41 1004 52 57 104 158 55 58 46
leaf_count=42 48 42 165 40 41 41 1004 52 57 104 158 55 58 46
internal_value=-0.000128008 -0.000288714 -8.05153e-05 0.00365854 0 0.00432099 -0.000441436 -0.00194245 -0.00101089 -0.00396825 0.00182927 -0.00235294 0.00217391 -0.0007109
internal_weight=1953 1905 1863 164 122 81 1699 695 643 315 328 170 115 211
internal_count=1953 1905 1863 164 122 81 1699 695 643 315 328 170 115 211
is_linear=0
shrinkage=0.05


Tree=278
num_leaves=15
num_cat=0
split_feature=0 0 4 4 2 2 2 0 4 0 2 4 1 3
split_gain=0.856004 1.5581 0.900854 3.25867 2.28557 4.13485 3.38922 3.12922 2.97508 2.83797 1.98827 3.57439 3.33714 1.96775
threshold=3.0290000000000004 4.0520000000000005 15.160000000000002 15.758000000000001 -0.5488429582847193 -0.83635891446581057 -0.39505838944836397 23.051500000000001 18.425000000000001 20.003500000000006 -0.9829660752282251 13.846000000000002 0.017189842955271029 99.751500000000007
decision_type=2 2 2 2 2 2 2 2 2 2 2 2 2 2
left_child=-1 -2 10 -4 5 7 -6 9 -7 -5 12 13 -3 -12
right_child=1 2 3 4 6 8 -8 -9 -10 -11 11 -13 -14 -15
leaf_value=0.0020518154916096764 -0.0048918291222291854 0.0053573934253961127 0.0039265097211763304 -8.1753643149609648e-05 0.0080346427924824614 -0.0050377754723167079 0.00013579231301011352 -0.0036977292036074749 -0.00038735862106367567 0.013992765935486963 -0.00022073404746340565 -0.0040724799695979813 -0.0027442970654049438 0.00068415140374982343
leaf_weight=44 40 44 61 41 41 45 534 52 54 40 586 115 49 207
leaf_count=44 40 44 61 41 41 45 534 52 54 40 586 115 49 207
internal_value=-7.68049e-05 -0.000235726 -2.67523e-05 0.00115207 0.000309789 -0.00387931 0.002 0.0018797 -0.0116162 0.00802469 -0.00104895 -0.00176211 0.00591398 -0.000567465
internal_weight=1953 1909 1869 868 807 232 575 133 99 81 1001 908 93 793
internal_count=1953 1909 1869 868 807 232 575 133 99 81 1001 908 93 793
is_linear=0
shrinkage=0.05


Tree=279
num_leaves=15
num_cat=0
split_feature=0 0 0 0 0 0 3 0 0 1 2 0 1 1
split_gain=2.06297 1.5325 1.51533 1.15647 1.91488 1.74126 3.49135 1.65266 1.82825 1.55844 1.41082 6.07365 3.57162 3.49424
threshold=31.569500000000005 28.926000000000005 27.673000000000005 26.101000000000003 24.753000000000004 22.655500000000004 89.424000000000021 21.507000000000001 20.564500000000002 -0.3970220911538665 0.075135296012361824 16.194000000000006 0.081558489694578698 -0.92263100495486372
decision_type=2 2 2 2 2 2 2 2 2 2 2 2 2 2
left_child=1 2 3 4 5 7 -7 8 10 -9 12 13 -1 -12
right_child=-2 -3 -4 -5 -6 6 -8 9 -10 -11 11 -13 -14 -15
leaf_value=0.0036289568498297509 0.00061037441739997256 -0.0027338233048583628 0.0049355831208071693 -0.0031235606501130056 0.0038589753887724649 -0.0063015068873090779 0.0028302892041368989 -0.00013385528464154861 -0.0016887108891045473 0.0055305668204913951 0.0057541038716610029 -0.0069326334014125253 -6.4365143688582813e-05 -3.0946577066667812e-05
leaf_weight=168 48 42 42 71 63 86 47 40 56 44 42 69 391 744
leaf_count=168 48 42 42 71 63 86 47 40 56 44 42 69 391 744
internal_value=0.000179211 -7.87402e-05 0.000134192 -8.23723e-05 0.000171429 -0.000148192 -0.0056391 0.00032175 -6.80272e-05 0.00714286 0.000282885 -0.000994152 0.00223614 0.000254453
internal_weight=1953 1905 1863 1821 1750 1687 133 1554 1470 84 1414 855 559 786
internal_count=1953 1905 1863 1821 1750 1687 133 1554 1470 84 1414 855 559 786
is_linear=0
shrinkage=0.05


Tree=280
num_leaves=15
num_cat=0
split_feature=0 0 3 0 4 1 0 0 0 4 3 2 4 4
split_gain=2.08366 1.51552 1.65561 3.20219 2.05791 1.26555 2.31383 1.45834 4.36348 2.12906 2.07206 2.03682 2.02762 4.05
threshold=31.569500000000005 28.926000000000005 2.1505000000000005 15.698500000000001 13.906000000000002 0.98009454285431663 12.271500000000001 19.292500000000004 20.200500000000002 6.9315000000000007 66.155000000000015 -0.51479280150983053 13.487000000000002 17.418000000000003
decision_type=2 2 2 2 2 2 2 2 2 2 2 2 2 2
left_child=1 2 3 -1 -5 7 -7 -4 -9 -10 12 -12 -11 -14
right_child=-2 -3 5 4 -6 6 -8 8 9 10 11 -13 13 -15
leaf_value=-0.00039968446361208224 0.00057985569652997399 -0.0025971321396154436 3.7970288873079297e-05 0.0024371274862180605 0.00025097371652581246 -0.0015369458245175051 0.0058518430600020032 -0.0053804768629492853 -0.0022888602022470453 -0.0011834442106967687 0.00037932885566067666 0.011554078317655031 0.0030672643035185992 -0.0013561897638737913
leaf_weight=63 48 42 1111 57 44 59 62 61 51 73 161 41 40 40
leaf_count=63 48 42 1111 57 44 59 62 61 51 73 161 41 40 40
internal_value=0.000128008 -0.000131234 8.05153e-05 0.00487805 0.010396 -0.000382578 0.00454545 -0.000760456 -0.00310493 -0.00123153 0.000140845 0.00346535 -0.00424837 0.00125
internal_weight=1953 1905 1863 164 101 1699 121 1578 467 406 355 202 153 80
internal_count=1953 1905 1863 164 101 1699 121 1578 467 406 355 202 153 80
is_linear=0
shrinkage=0.05


Tree=281
num_leaves=15
num_cat=0
split_feature=0 1 1 3 1 4 3 2 2 3 1 2 4 2
split_gain=2.0219 0.74589 1.96151 2.65144 1.46001 3.2178 2.07204 4.22828 4.84 3.30013 3.52438 2.86259 1.89116 1.87771
threshold=31.569500000000005 -0.99628894895067444 -0.96683886033945943 70.584000000000017 -0.40542197401079716 25.022000000000002 32.238500000000009 -0.65604102973502731 0.45207220393230446 59.901500000000006 -0.50804301857297507 -0.43939950965914171 20.246500000000005 0.4068650353019454
decision_type=2 2 2 2 2 2 2 2 2 2 2 2 2 2
left_child=1 -1 3 -3 5 6 7 -4 -9 -8 11 -11 13 -13
right_child=-2 2 4 -5 -6 -7 9 8 -10 10 -12 12 -14 -15
leaf_value=-0.0021374710084860124 0.00055086291170347579 -0.00027311434335595134 -0.012597250561056268 0.0014354806239769086 0.00013087066599582476 0.0051944953992484446 -0.0073592986531516805 0.004224710382021879 -0.00050556937459731485 0.0028197366062650943 -0.0075437943560267284 -0.0073523374430149212 0.00017847013404585917 -0.00027402667596876997
leaf_weight=50 48 51 42 49 1246 41 47 50 50 80 40 40 45 74
leaf_count=50 48 51 42 49 1246 41 47 50 50 80 40 40 45 74
internal_value=0.000281618 2.62467e-05 0.000188679 0.007 -0.00019943 -0.0024558 -0.00363248 0.00140845 0.007 -0.00582822 -0.00376344 -0.00146444 -0.00534591 -0.00877193
internal_weight=1953 1905 1855 100 1755 509 468 142 100 326 279 239 159 114
internal_count=1953 1905 1855 100 1755 509 468 142 100 326 279 239 159 114
is_linear=0
shrinkage=0.05


Tree=282
num_leaves=15
num_cat=0
split_feature=0 0 0 4 3 0 4 1 2 2 4 3 3 4
split_gain=1.24385 1.20559 0.970931 4.57619 1.61245 1.13334 0.990515 1.51515 1.08267 1.33782 2.18943 1.3279 2.57844 2.57472
threshold=31.569500000000005 3.2095000000000007 6.5870000000000006 9.5115000000000016 76.614000000000019 7.2380000000000004 28.322500000000002 0.99628894895067466 0.95506028457921099 0.80444483470750872 16.368500000000004 42.974000000000011 4.4810000000000008 12.418500000000002
decision_type=2 2 2 2 2 2 2 2 2 2 2 2 2 2
left_child=1 -1 3 -3 -5 -4 7 8 9 11 -11 12 -7 -14
right_child=-2 2 5 4 -6 6 -8 -9 -10 10 -12 -13 13 -15
leaf_value=0.0019423299981390807 0.000523319766118302 -0.012759561407329985 0.00074429688172370509 -0.0019920867993782235 0.0011919952220273311 0.00013402198722604341 -0.0053238800584090029 0.00058643788525641893 0.00074190745892794847 -0.009442718016543384 0.0011813050345551241 0.00017711278582864531 -0.0010771906292813091 -0.00019910694826487385
leaf_weight=52 48 48 41 43 69 174 53 51 77 49 40 903 128 177
leaf_count=52 48 48 41 43 69 174 53 51 77 49 40 903 128 177
internal_value=0.000384025 0.000183727 -2.69833e-05 -0.00375 0.00178571 0.000324867 0.000121065 0.000343965 6.45995e-05 -0.000237933 -0.00617978 0.000144718 -0.0019833 -0.0047541
internal_weight=1953 1905 1853 160 112 1693 1652 1599 1548 1471 89 1382 479 305
internal_count=1953 1905 1853 160 112 1693 1652 1599 1548 1471 89 1382 479 305
is_linear=0
shrinkage=0.05


Tree=283
num_leaves=15
num_cat=0
split_feature=0 4 3 3 0 4 2 2 0 0 0 2 4 0
split_gain=1.10958 1.03386 1.14588 6.79038 2.84706 2.48258 1.91731 2.66504 2.51057 5.87633 2.72865 2.42034 2.3666 2.28006
threshold=3.2095000000000007 4.0610000000000008 97.69250000000001 94.290500000000023 16.896000000000004 26.515000000000004 -0.9796624227284948 -0.92449049203901279 15.517500000000002 14.410500000000001 16.811500000000006 -0.019329104864998576 11.162500000000001 20.049000000000003
decision_type=2 2 2 2 2 2 2 2 2 2 2 2 2 2
left_child=-1 -2 3 5 -5 6 -3 -8 9 12 -10 13 -9 -12
right_child=1 2 -4 4 -6 -7 7 8 10 -11 11 -13 -14 -15
leaf_value=0.0018452134982321262 0.0011833119957455258 0.0011422338330895289 -0.00021974966235343009 0.0066580109865608701 0.0011034675832786252 0.0021737165685621952 -0.0035423291230682638 0.00012574950411334829 0.0083838471824610235 -0.014910805363182695 0.0055062474659710817 -0.0036178414991696081 -0.00064587171776657676 -7.819047632567911e-06
leaf_weight=52 45 79 745 45 40 42 82 111 63 44 86 56 228 235
leaf_count=52 45 79 745 45 40 42 82 111 63 44 86 56 228 235
internal_value=0.000486431 0.000289321 0.000107759 0.00112511 0.0147059 0 -0.00050813 -0.00116022 -0.000303767 -0.00326371 0.00227273 0.00066313 -0.00103245 0.00233645
internal_weight=1953 1901 1856 1111 85 1026 984 905 823 383 440 377 339 321
internal_count=1953 1901 1856 1111 85 1026 984 905 823 383 440 377 339 321
is_linear=0
shrinkage=0.05


Tree=284
num_leaves=15
num_cat=0
split_feature=0 0 2 2 1 2 3 3 3 3 3 1 1 0
split_gain=1.92104 1.17211 1.16958 1.90462 1.69651 1.33923 0.904749 2.72393 1.98386 3.21997 2.26421 3.84005 2.24154 1.85018
threshold=31.569500000000005 3.2095000000000007 -0.94418750883419933 -0.96801877525786306 1.0000000180025095e-35 -0.91084115863148152 0.74950000000000017 4.9155000000000006 5.0015000000000009 7.8410000000000002 21.6645 0.25084665036108239 0.97269128516472203 23.233500000000003
decision_type=2 2 2 2 2 2 2 2 2 2 2 2 2 2
left_child=1 -1 3 4 -3 -4 -7 -8 -9 -10 11 -11 13 -12
right_child=-2 2 5 -5 -6 6 7 8 9 10 12 -13 -14 -15
leaf_value=0.0017529528233205223 0.00044004208615791021 0.0017725919209555464 -0.0038050581654037637 0.0077969845572679417 -0.0029253671684259354 -0.00042401294771748644 0.0023886539853836628 -0.0025666392754642776 0.0044093118417671889 7.5506122539426013e-05 -0.00017522622259563692 -0.0058418781708127476 0.00033530775094737928 0.0023807108554592758
leaf_weight=52 48 77 57 57 73 114 72 72 53 57 965 42 116 98
leaf_count=52 48 77 57 57 73 114 72 72 53 57 965 42 116 98
internal_value=0.000537634 0.000288714 8.09498e-05 0.00362319 0.000666667 -0.00036452 -9.4399e-05 0.000237288 -0.000249465 0.000187829 -0.000312989 -0.00757576 0.000296862 -0.00042333
internal_weight=1953 1905 1853 207 150 1646 1589 1475 1403 1331 1278 99 1179 1063
internal_count=1953 1905 1853 207 150 1646 1589 1475 1403 1331 1278 99 1179 1063
is_linear=0
shrinkage=0.05


Tree=285
num_leaves=15
num_cat=0
split_feature=0 4 1 2 0 3 0 0 4 3 3 1 1 0
split_gain=1.21201 1.139 3.7104 2.41256 4.13224 2.39981 2.12121 1.7735 3.40479 1.87413 2.76047 1.98596 2.66542 4.12973
threshold=31.569500000000005 9.6450000000000014 -0.96683886033945943 -0.46997674302732012 13.332500000000001 75.408500000000018 6.8090000000000002 25.964000000000002 13.234500000000002 99.930000000000021 99.631500000000017 0.95444582372253872 0.38118653245548312 13.764000000000001
decision_type=2 2 2 2 2 2 2 2 2 2 2 2 2 2
left_child=1 2 -1 -4 5 6 -5 9 -9 10 -3 12 -11 -14
right_child=-2 7 3 4 -6 -7 -8 8 -10 11 -12 -13 13 -15
leaf_value=0.0044941853150439028 0.00041803998185001583 7.1730816412454709e-05 0.00039667364156190099 8.7635088086146515e-05 -0.0049903940761400816 -0.002279690479635488 0.0095566034105675091 -0.012218432842306826 0.0015114361543250743 -5.6864720518964855e-05 0.0030862903161961719 0.0013681118524982883 -0.000465728909757418 -0.010097171969155683
leaf_weight=42 48 847 150 40 78 78 44 57 49 276 51 51 99 43
leaf_count=42 48 847 150 40 78 78 44 57 49 276 51 51 99 43
internal_value=0.000486431 0.000288714 0.0025463 0.00102564 -0.00208333 0.00246914 0.00833333 -0.000373388 -0.00660377 0.000109729 0.00144766 -0.00245203 -0.00358852 -0.00915493
internal_weight=1953 1905 432 390 240 162 84 1473 106 1367 898 469 418 142
internal_count=1953 1905 432 390 240 162 84 1473 106 1367 898 469 418 142
is_linear=0
shrinkage=0.05


Tree=286
num_leaves=15
num_cat=0
split_feature=0 1 1 1 4 0 2 4 4 2 0 0 0 2
split_gain=1.31928 1.41849 1.14445 2.31089 1.92422 2.60176 3.00649 1.73916 5.71667 2.03143 1.61826 1.4316 3.22446 2.75588
threshold=27.857500000000005 -0.27123391067291053 -0.40542197401079716 0.098678873477280007 12.418500000000002 22.757000000000001 0.93554238417682101 21.137000000000004 22.849500000000003 0.90542393716278702 11.413000000000002 8.650500000000001 11.797000000000002 -0.19851654827941614
decision_type=2 2 2 2 2 2 2 2 2 2 2 2 2 2
left_child=2 -2 -1 4 -4 6 -6 9 -9 11 -10 -5 -13 -14
right_child=1 -3 3 7 5 -7 -8 8 10 -11 -12 12 13 -15
leaf_value=-0.00017462547339594099 0.0032688910617930779 4.3736260771812255e-05 0.0021234016401442597 0.0022245151177610208 0.0077031015507503719 -0.018326667593565989 -0.00054029050722652697 0.0072693786918394537 -0.0025684130763177384 -0.0032856721413855421 0.00043286200186265782 -0.0055315442968300495 -0.000246058212386191 0.0039395829615698321
leaf_weight=619 61 64 112 104 53 44 78 48 61 76 59 117 345 112
leaf_count=619 61 64 112 104 53 44 78 48 61 76 59 117 345 112
internal_value=0.000230415 0.0052 -0.000109409 0.000785773 0.00470383 0.00142857 0.00496183 -0.000433839 0.00416667 -0.00145889 -0.00166667 -0.000589971 -0.00156794 0.000328228
internal_weight=1953 125 1828 1209 287 175 131 922 168 754 120 678 574 457
internal_count=1953 125 1828 1209 287 175 131 922 168 754 120 678 574 457
is_linear=0
shrinkage=0.05


Tree=287
num_leaves=15
num_cat=0
split_feature=4 2 1 0 1 4 1 4 0 4 4 4 4 1
split_gain=1.22972 1.25 1.00326 1.51961 1.30625 1.45135 1.42315 0.939518 2.81951 1.53875 2.93609 2.86869 1.05861 4.02463
threshold=4.9960000000000013 1.0000000180025095e-35 -0.98211651112579568 18.209500000000002 -0.96230016621822467 6.5825000000000005 0.23416947364604893 27.071000000000002 11.245000000000003 25.164500000000004 23.787000000000003 22.736000000000004 17.182000000000002 -0.45914483320598648
decision_type=2 2 2 2 2 2 2 2 2 2 2 2 2 2
left_child=1 -1 3 -2 -4 6 -6 9 -9 10 11 12 -7 -14
right_child=2 -3 4 -5 5 7 -8 8 -10 -11 -12 -13 13 -15
leaf_value=5.2155669166621682e-05 -7.345491749423394e-05 0.0024259877539045769 0.0021628403637102777 -0.0018762748009885409 -0.0065381975510630857 0.0001359280052570966 -1.2347964224401765e-05 0.0033601156802973153 -0.00058513117065153166 -0.0013351353945466327 0.0025818485774033065 -0.0083061763196657593 -0.00036141896075222828 0.0002281704846428867
leaf_weight=40 62 40 48 40 43 986 44 40 41 55 48 43 110 313
leaf_count=40 62 40 48 40 43 986 44 40 41 55 48 43 110 313
internal_value=0.000179211 0.00625 -8.00854e-05 -0.00490196 0.000197628 -2.90192e-05 -0.00632184 0.000305623 0.00555556 3.21543e-05 0.000333333 -6.88705e-05 0.000319375 -0.00177305
internal_weight=1953 80 1873 102 1771 1723 87 1636 81 1555 1500 1452 1409 423
internal_count=1953 80 1873 102 1771 1723 87 1636 81 1555 1500 1452 1409 423
is_linear=0
shrinkage=0.05


Tree=288
num_leaves=15
num_cat=0
split_feature=0 1 1 2 3 2 0 0 2 0 4 1 3 3
split_gain=1.1332 4.28301 4.76471 1.80817 1.64178 1.29442 5.14248 1.85854 1.69717 2.81283 2.30676 1.28521 1.15572 3.10481
threshold=24.753000000000004 0.098678873477280007 -0.7610972106345526 -0.99665976668634515 3.3395000000000006 -0.93704710539067892 22.279000000000003 23.233500000000003 -0.83635891446581057 21.827500000000004 15.933000000000002 -0.33302288323571977 0.013500000000000003 8.0710000000000015
decision_type=2 2 2 2 2 2 2 2 2 2 2 2 2 2
left_child=3 2 -2 -1 -4 6 -5 8 10 12 -7 -6 -10 -14
right_child=1 -3 4 5 11 7 -8 -9 9 -11 -12 -13 13 -15
leaf_value=0.0052078052658756663 0.0088572978773881657 0.0037527537294359315 8.1772759414677765e-05 0.0013236060349837932 -0.0010832699501489797 -0.00056143730049553701 -0.01899908977637961 0.0016520001735239695 -0.00024842630275056859 -0.0057182798805584306 0.0055869068242584835 -0.023013634801160671 0.0022121058093214018 -0.00010785181813665231
leaf_weight=40 51 62 41 52 62 50 40 62 72 51 49 50 172 1099
leaf_count=40 51 62 41 52 62 50 40 62 72 51 49 50 172 1099
internal_value=-2.56016e-05 0.00300752 -0.000490196 -0.000503853 -0.00490196 -0.000758956 -0.00652174 -0.000418006 -0.000770261 -0.00121951 0.00555556 -0.00803571 -0.000781832 -0.00043273
internal_weight=1953 266 204 1687 153 1647 92 1555 1493 1394 99 112 1343 1271
internal_count=1953 266 204 1687 153 1647 92 1555 1493 1394 99 112 1343 1271
is_linear=0
shrinkage=0.05


Tree=289
num_leaves=15
num_cat=0
split_feature=4 1 0 4 4 1 1 0 4 2 0 1 1 4
split_gain=1.07318 1.65731 1.74295 1.17941 1.68037 2.97066 4.02946 2.82529 6.37862 3.79383 2.46006 4.54007 3.70977 3.14067
threshold=4.8370000000000006 -0.98211651112579568 18.209500000000002 6.5825000000000005 17.182000000000002 -0.46735488928835733 -0.7146667679788683 17.981500000000004 18.144500000000004 -0.90361171343873392 11.351000000000001 0.098678873477280007 0.65765423894015862 23.105000000000004
decision_type=2 2 2 2 2 2 2 2 2 2 2 2 2 2
left_child=-1 2 -2 -3 -5 6 -6 8 -7 -9 11 -10 -12 -13
right_child=1 3 -4 4 5 7 -8 9 10 -11 12 13 -14 -15
leaf_value=0.00073747261213420181 -0.00012238852139914158 -0.00046923286303377084 -0.0018790637105102481 0.0001201247855399587 -7.7539084850691839e-05 -0.016900380642906367 -0.0003243903754762384 -9.4664001795585762e-05 0.0090376207766207414 0.017316467361578113 -0.0087413195531450723 0.001769304543336947 0.0013127123092196435 -0.0019379736266312286
leaf_weight=72 62 97 40 1016 121 53 62 55 42 42 49 85 99 58
leaf_count=72 62 97 40 1016 121 53 62 55 42 42 49 85 99 58
internal_value=-0.000435228 -0.00066454 -0.00686275 -0.000309162 0 -0.00195195 -0.00737705 0.00010352 -0.00181347 0.00773196 0.000750751 0.00459459 -0.00405405 0.00034965
internal_weight=1953 1881 102 1779 1682 666 183 483 386 97 333 185 148 143
internal_count=1953 1881 102 1779 1682 666 183 483 386 97 333 185 148 143
is_linear=0
shrinkage=0.05


Tree=290
num_leaves=15
num_cat=0
split_feature=4 1 1 3 1 4 4 3 3 3 3 3 3 3
split_gain=1.01406 2.3958 4.60829 2.2185 2.38392 2.68177 2.50461 1.93971 1.78311 2.77583 2.37355 2.13743 4.43185 3.09451
threshold=17.182000000000002 -0.46735488928835733 -0.7146667679788683 8.0710000000000015 -0.20931270765420754 19.827500000000004 27.555000000000003 99.998500000000021 30.584000000000003 47.907000000000004 15.865 66.155000000000015 77.733000000000018 94.125000000000014
decision_type=2 2 2 2 2 2 2 2 2 2 2 2 2 2
left_child=8 2 -2 -3 -5 -6 7 -7 10 -10 -1 -11 -13 -14
right_child=1 3 -4 4 5 6 -8 -9 9 11 -12 12 13 -15
leaf_value=-4.648603340629554e-05 -7.3662130608159745e-05 0.0029388682835042312 -0.00030817085670242913 0.0080332273989132119 -0.002571981732283098 -0.00010881814163635979 -0.0017597575563191637 0.0059376513423600626 0.0070644869602948888 -0.0013830932321108082 -0.0010541988395081526 0.0079747224556334234 -0.0016310469085998758 0.00021366249417855421
leaf_weight=369 155 61 62 49 134 120 45 74 70 66 73 55 126 494
leaf_count=369 155 61 62 49 134 120 45 74 70 66 73 55 126 494
internal_value=-0.000332821 -0.00185714 -0.0062212 0.00010352 -0.00118483 -0.00254692 0.000627615 0.00309278 0.000518755 0.00191122 -0.0020362 0.00101215 0.00185185 0.000645161
internal_weight=1953 700 217 483 422 373 239 194 1253 811 442 741 675 620
internal_count=1953 700 217 483 422 373 239 194 1253 811 442 741 675 620
is_linear=0
shrinkage=0.05


Tree=291
num_leaves=15
num_cat=0
split_feature=4 1 4 4 0 4 3 4 1 2 2 3 3 0
split_gain=1.05491 1.07728 1.84905 2.50506 3.76523 1.68371 1.68105 1.43924 1.85489 1.19861 1.67765 1.38612 3.16416 2.53222
threshold=4.8370000000000006 -0.62132811513414532 9.145500000000002 11.504500000000002 23.233500000000003 5.9970000000000008 51.808000000000007 13.760500000000002 -0.80392051724781044 0.99276848381014016 0.98217423127542058 34.252000000000002 47.907000000000004 7.0275000000000007
decision_type=2 2 2 2 2 2 2 2 2 2 2 2 2 2
left_child=-1 2 6 -4 7 -3 -2 -5 -9 10 11 13 -13 -7
right_child=1 5 3 4 -6 9 -8 8 -10 -11 -12 12 -14 -15
leaf_value=0.00073603359188801991 -0.0015875056627304652 -0.0012635997570896969 -0.0015397418627198331 0.00030366158883335105 0.0032746757346762052 -0.010899129355125403 0.0019116964639642826 -0.00019673528196100244 -0.00091333016295504221 0.0059963231391973737 -0.0055417769706028863 0.016623115276081159 0.0001163019162895726 -0.0001030980496234929
leaf_weight=72 41 40 72 49 61 53 50 171 56 63 40 52 812 321
leaf_count=72 41 40 72 49 61 53 50 171 56 63 40 52 812 321
internal_value=-0.000384025 -0.000611377 -0.0026 -0.00403423 -0.00222552 0.000108617 0.00384615 -0.00471014 -0.00638767 0.000410142 7.82473e-05 0.000403877 0.00150463 -0.00213904
internal_weight=1953 1881 500 409 337 1381 91 276 227 1341 1278 1238 864 374
internal_count=1953 1881 500 409 337 1381 91 276 227 1341 1278 1238 864 374
is_linear=0
shrinkage=0.05


Tree=292
num_leaves=15
num_cat=0
split_feature=1 1 3 3 4 1 4 4 1 2 4 4 3 2
split_gain=1.65663 2.27151 1.72566 4.39616 1.83941 1.80431 2.34248 2.88849 1.71797 1.71729 1.5352 1.71533 1.49003 1.27824
threshold=-0.40542197401079716 -0.34156760613242332 14.345500000000001 5.0725000000000007 7.2345000000000015 -0.98801351631316325 25.022000000000002 21.559500000000003 -0.89391031859722847 -0.72802780115698473 27.866500000000006 21.137000000000004 53.237500000000004 -0.51479280150983053
decision_type=2 2 2 2 2 2 2 2 2 2 2 2 2 2
left_child=2 -2 3 8 -4 -6 7 9 -1 -7 11 -3 -13 -11
right_child=1 10 4 -5 5 6 -8 -9 -10 13 -12 12 -14 -15
leaf_value=0.0025570068914285982 0.010104309531823237 -5.7319293368429672e-05 0.0016335537241405518 0.0030504220164384922 -0.0035011220050896134 0.0037513621035477843 0.0066565353635260815 -0.0065911146946490947 -0.0011068621351932263 -0.0051877351985881509 -0.0030905601106071103 0.0037031474231428276 0.0002500461022204595 -0.0001232725092406673
leaf_weight=46 42 1027 59 48 55 51 40 48 76 48 44 41 124 204
leaf_count=46 42 1027 59 48 55 51 40 48 76 48 44 41 124 204
internal_value=-0.000588838 0.000469484 -0.00259259 0.00176471 -0.00405941 -0.00515695 -0.00396419 -0.00527066 -0.00327869 -0.00346535 8.09061e-05 0.000419463 0.00515152 -0.00515873
internal_weight=1953 1278 675 170 505 446 391 351 122 303 1236 1192 165 252
internal_count=1953 1278 675 170 505 446 391 351 122 303 1236 1192 165 252
is_linear=0
shrinkage=0.05


Tree=293
num_leaves=15
num_cat=0
split_feature=4 1 2 2 1 1 3 4 0 4 4 0 3 1
split_gain=1.03681 0.924067 1.76001 5.20983 3.42673 3.42182 2.95601 4.02529 1.92763 1.60433 0.953886 0.883803 2.02321 1.04558
threshold=4.8370000000000006 -0.62132811513414532 -0.09654968025414791 -0.29837325449147856 -0.89391031859722847 -0.7383195169062905 99.998500000000021 17.418000000000003 15.165000000000001 16.558500000000002 5.9970000000000008 5.1540000000000008 99.561000000000021 -0.35321410436273354
decision_type=2 2 2 2 2 2 2 2 2 2 2 2 2 2
left_child=-1 2 3 4 -2 -6 7 8 -4 -8 -3 12 -12 -13
right_child=1 10 6 -5 5 -7 9 -9 -10 -11 11 13 -14 -15
leaf_value=0.00061755422608659202 -0.0057727775537648176 -0.0011975538045667896 -0.010699212116528661 0.0055066595034229783 0.003191128425386225 -0.0080083982617071402 0.00087262187977895853 8.8164814412405873e-05 -0.00087930387818439121 -0.00074877659302008404 -8.155322171884555e-05 0.00069255629855517482 0.0083950778697180883 -8.3698554224193039e-05
leaf_weight=72 46 40 47 58 77 43 44 69 66 50 65 162 41 1073
leaf_count=72 46 40 47 58 77 43 44 69 66 50 65 162 41 1073
internal_value=-0.000332821 -0.000558214 -0.0024 0.000892857 -0.00361446 0.000833333 -0.00507246 -0.00879121 -0.0146018 0.00212766 0.000108617 0.00033557 0.00471698 -4.04858e-05
internal_weight=1953 1881 500 224 166 120 276 182 113 94 1381 1341 106 1235
internal_count=1953 1881 500 224 166 120 276 182 113 94 1381 1341 106 1235
is_linear=0
shrinkage=0.05


Tree=294
num_leaves=15
num_cat=0
split_feature=0 0 0 0 0 3 3 4 4 4 3 2 1 0
split_gain=1.46088 1.39926 1.6571 1.39659 3.32875 2.2283 3.66722 1.61742 3.75605 3.17003 2.1999 1.76961 1.5445 3.75
threshold=31.569500000000005 28.926000000000005 27.673000000000005 14.410500000000001 13.894000000000002 0.10300000000000001 3.9105000000000003 11.586500000000003 9.850500000000002 13.083500000000003 59.901500000000006 0.6971494193916894 -0.46735488928835733 9.0895000000000028
decision_type=2 2 2 2 2 2 2 2 2 2 2 2 2 2
left_child=1 2 3 4 7 -5 -7 8 10 -9 -1 -12 13 -11
right_child=-2 -3 -4 5 -6 6 -8 9 -10 12 11 -13 -14 -15
leaf_value=0.0018406795999467819 0.00078103209854017979 -0.0022277566516976932 0.0047168544760858855 0.0046627820230652371 0.010105288186160861 -0.0015412974919192053 -0.00019660501802775678 -0.010622361131143156 0.0021819534631061679 -0.0012206720867356331 0.00060404063995834936 -0.0049193650476092874 0.00018901961839961208 0.00018896740940083784
leaf_weight=82 48 42 42 61 40 52 826 56 64 40 48 54 418 80
leaf_count=82 48 42 42 61 40 52 826 56 64 40 48 54 418 80
internal_value=-0.000281618 -0.000498688 -0.000295223 -0.000521691 0.000907029 -0.00186368 -0.00250569 0.00023753 0.00362903 -0.00117845 0 -0.00490196 0 -0.005
internal_weight=1953 1905 1863 1821 882 939 878 842 248 594 184 102 538 120
internal_count=1953 1905 1863 1821 882 939 878 842 248 594 184 102 538 120
is_linear=0
shrinkage=0.05


Tree=295
num_leaves=15
num_cat=0
split_feature=0 3 1 0 1 4 4 1 4 2 3 4 4 0
split_gain=1.54573 1.31626 1.18515 2.80059 2.27876 2.27734 5.18792 1.44314 1.33235 1.01678 1.33865 0.959174 3.59301 1.33631
threshold=27.857500000000005 5.0725000000000007 -0.67760851415498091 11.709500000000002 -0.80392051724781044 9.145500000000002 12.978500000000002 -0.60434081882701107 24.070500000000003 0.31064877563037102 85.07350000000001 25.164500000000004 27.071000000000002 25.647500000000004
decision_type=2 2 2 2 2 2 2 2 2 2 2 2 2 2
left_child=2 -2 3 -1 5 -5 -7 -4 9 10 -8 13 -13 -9
right_child=1 -3 7 4 -6 6 8 11 -10 -11 -12 12 -14 -15
leaf_value=0.0018295408571728754 -4.7850054514775314e-05 0.000821950994297116 0.0017150651684861504 0.0011788319768754737 -0.0039845362294425009 -0.014375744945514865 -0.00026925592374404397 -3.6257531642668042e-05 -0.0010958702614252359 0.016502893875490091 0.00047648358906193685 -0.0049581690964652647 0.00031553613593290067 0.002873579077841271
leaf_weight=42 51 74 44 74 69 66 49 1166 41 43 67 46 62 59
leaf_count=42 51 74 44 74 69 66 49 1166 41 43 67 46 62 59
internal_value=-0.000179211 0.0052 -0.000547046 -0.00277162 -0.00403423 -0.00235294 -0.00451128 0.000181554 -0.0005 0.00157233 -0.000862069 -0.000112528 -0.00462963 0.000285714
internal_weight=1953 125 1828 451 409 340 266 1377 200 159 116 1333 108 1225
internal_count=1953 125 1828 451 409 340 266 1377 200 159 116 1333 108 1225
is_linear=0
shrinkage=0.05


Tree=296
num_leaves=15
num_cat=0
split_feature=0 4 4 3 1 1 0 3 3 4 0 2 3 0
split_gain=1.35854 0.934446 2.66966 2.87429 2.99264 3.42319 2.85577 2.60215 2.25934 2.2694 1.86794 3.75577 4.10188 3.01164
threshold=31.569500000000005 17.049000000000003 17.867000000000004 6.9365000000000006 0.65765423894015862 0.38118653245548312 16.636000000000006 30.584000000000003 82.812000000000012 22.377500000000001 18.971000000000004 -0.7324940716135786 77.733000000000018 20.200500000000002
decision_type=2 2 2 2 2 2 2 2 2 2 2 2 2 2
left_child=1 7 6 -4 5 -5 -3 -1 -6 -10 11 -9 -13 -12
right_child=-2 2 3 4 8 -7 -8 10 9 -11 13 12 -14 -15
leaf_value=-0.00018429579492576788 0.0007008829438983178 -0.0045285543456221088 0.0031482707893015164 -0.00023784369349477629 -0.00025764329130825714 -0.0062193809115394299 0.0001787084312268733 0.02545508378412243 0.012445789855439133 0.00013145081877268816 -0.0035195208730461115 0.0034758018107332203 0.00011827312514732513 0.00015655950039253214
leaf_weight=413 48 52 73 304 55 65 44 49 64 52 41 81 370 242
leaf_count=413 48 52 73 304 55 65 44 49 64 52 41 81 370 242
internal_value=2.56016e-05 -0.000183727 -0.001622 -0.00040783 -0.00166667 -0.00420054 -0.009375 0.000668896 0.00380117 0.00775862 0.00236271 0.0042 0.00277162 -0.000883392
internal_weight=1953 1905 709 613 540 369 96 1196 171 116 783 500 451 283
internal_count=1953 1905 709 613 540 369 96 1196 171 116 783 500 451 283
is_linear=0
shrinkage=0.05


Tree=297
num_leaves=15
num_cat=0
split_feature=1 4 4 1 4 4 3 4 1 3 3 1 4 3
split_gain=0.983842 1.09702 1.46022 1.39044 1.54136 1.30595 1.97322 1.6637 2.2969 3.10083 2.94133 2.7289 3.07504 2.7928
threshold=0.99351875964795655 4.9960000000000013 6.5825000000000005 -0.98211651112579568 7.6130000000000004 8.8945000000000025 53.237500000000004 17.049000000000003 0.30041382580050413 8.0710000000000015 99.946500000000015 0.11577009971046097 10.235000000000001 99.873000000000005
decision_type=2 2 2 2 2 2 2 2 2 2 2 2 2 2
left_child=1 -1 -3 -4 -5 6 -6 8 11 -10 -11 12 -7 -14
right_child=-2 2 3 4 5 7 -8 -9 9 10 -12 -13 13 -15
leaf_value=0.00082320925164468197 -0.00034197760613323137 -0.0010211988193929513 -0.00069665988808231003 0.0018729352317042925 -0.0010006361496930909 0.0032848483817771753 0.0005565532188570977 -0.00010630819505355188 -0.003117114410296168 0.00087230562969154444 -0.0043995031530236822 0.0054461415101061117 -0.00031262793192184948 0.0041852266206723358
leaf_weight=77 79 96 95 73 46 67 57 638 62 171 87 54 253 98
leaf_count=77 79 96 95 73 46 67 57 638 62 171 87 54 253 98
internal_value=-0.000230415 0 -0.000250417 8.81834e-05 0.000435866 9.78474e-05 -0.00533981 0.00048951 0.0020202 -0.00125 0.00116279 0.00423729 0.00287081 0.000997151
internal_weight=1953 1874 1797 1701 1606 1533 103 1430 792 320 258 472 418 351
internal_count=1953 1874 1797 1701 1606 1533 103 1430 792 320 258 472 418 351
is_linear=0
shrinkage=0.05


Tree=298
num_leaves=15
num_cat=0
split_feature=0 2 3 3 3 4 1 1 1 1 1 3 4 4
split_gain=1.17081 1.61792 1.26317 3.48886 2.94458 3.57388 1.78788 2.21769 2.48338 3.57087 2.75515 3.42784 2.5036 3.05726
threshold=27.857500000000005 -0.87204617232061787 84.010500000000022 77.733000000000018 92.584500000000006 28.322500000000002 -0.97109105924028405 -0.89391031859722847 -0.60434081882701107 -0.40542197401079716 0.030073020370188292 97.02500000000002 23.554000000000006 8.1225000000000023
decision_type=2 2 2 2 2 2 2 2 2 2 2 2 2 2
left_child=2 -2 3 -1 -4 6 -6 -8 -9 -10 -11 -12 13 -13
right_child=1 -3 4 -5 5 -7 7 8 9 10 11 12 -14 -15
leaf_value=-7.5178725760109702e-05 -0.00022220725061551373 0.001677785040943336 0.0035580169053535783 -0.0091087213635225091 0.0011108250592175926 -0.0075218359713180444 -0.0046031195101700036 0.00068332399181428869 -0.0034422027171279903 0.0034031149218285957 -0.0022769402494268315 0.0084190099909371239 0.00094793089872070857 -0.00064783213717861665
leaf_weight=785 69 56 119 51 56 40 55 108 61 117 45 48 44 299
leaf_count=785 69 56 119 51 56 40 55 108 61 117 45 48 44 299
internal_value=-0.000281618 0.0044 -0.000601751 -0.00203349 0.000604839 -0.000400916 0.00030012 -0.00032175 0.000415512 -0.000814332 0.00045208 -0.00137615 0.000127877 -0.00129683
internal_weight=1953 125 1828 836 992 873 833 777 722 614 553 436 391 347
internal_count=1953 125 1828 836 992 873 833 777 722 614 553 436 391 347
is_linear=0
shrinkage=0.05


Tree=299
num_leaves=15
num_cat=0
split_feature=2 2 2 2 4 0 2 2 1 0 2 1 0 4
split_gain=1.13578 3.62959 4.75996 5.89299 2.07455 2.2142 5.7758 1.62324 1.92751 3.71881 2.4397 3.88452 5.97417 2.14813
threshold=0.1858661703907829 0.075135296012361824 -0.010746888578547886 -0.098820138732871751 27.071000000000002 16.194000000000006 0.34313907657789455 -0.19851654827941614 0.33302288323572038 18.971000000000004 -0.9951106240145321 -0.22132528438243276 25.647500000000004 11.209000000000001
decision_type=2 2 2 2 2 2 2 2 2 2 2 2 2 2
left_child=1 2 3 7 5 6 -2 8 9 -1 -11 -12 -13 -10
right_child=4 -3 -4 -5 -6 -7 -8 -9 13 10 11 12 -14 -15
leaf_value=0.0093250043126000028 0.0035682683130364187 -0.0030593547025473625 0.0046362711112995225 -0.0064595941274738517 0.0017593626599617038 -0.0029539498594614577 -1.2283911628788169e-05 0.0032233548435767869 -0.0010760143908138426 -0.0092899719008571868 -0.0002698087181604414 -0.0034623877605222467 0.0054871936314182636 -7.6612355341639662e-05
leaf_weight=68 66 67 55 60 60 52 627 61 98 58 310 50 59 262
leaf_count=68 66 67 55 60 60 52 627 61 98 58 310 50 59 262
internal_value=-0.000384025 -0.00139373 -0.000693802 -0.00146199 0.0010559 0.00033557 0.00108225 -0.000517598 -0.00104972 0.000825688 -0.000733753 0.000596659 0.0087156 -0.00388889
internal_weight=1953 1148 1081 1026 805 745 693 966 905 545 477 419 109 360
internal_count=1953 1148 1081 1026 805 745 693 966 905 545 477 419 109 360
is_linear=0
shrinkage=0.05


end of trees

feature_importances:
Column_0=1138
Column_4=936
Column_3=802
Column_1=705
Column_2=619

parameters:
[boosting: gbdt]
[objective: regression_l1]
[metric: l1]
[tree_learner: serial]
[device_type: cpu]
[data_sample_strategy: bagging]
[data: ]
[valid: ]
[num_iterations: 300]
[learning_rate: 0.05]
[num_leaves: 15]
[num_threads: 1]
[seed: 42]
[deterministic: 1]
[force_col_wise: 0]
[force_row_wise: 1]
[histogram_pool_size: -1]
[max_depth: -1]
[min_data_in_leaf: 40]
[min_sum_hessian_in_leaf: 0.001]
[bagging_fraction: 1]
[pos_bagging_fraction: 1]
[neg_bagging_fraction: 1]
[bagging_freq: 0]
[bagging_seed: 400]
[bagging_by_query: 0]
[feature_fraction: 1]
[feature_fraction_bynode: 1]
[feature_fraction_seed: 30056]
[extra_trees: 0]
[extra_seed: 12879]
[early_stopping_round: 0]
[early_stopping_min_delta: 0]
[first_metric_only: 0]
[max_delta_step: 0]
[lambda_l1: 0]
[lambda_l2: 0]
[linear_lambda: 0]
[min_gain_to_split: 0]
[drop_rate: 0.1]
[max_drop: 50]
[skip_drop: 0.5]
[xgboost_dart_mode: 0]
[uniform_drop: 0]
[drop_seed: 17869]
[top_rate: 0.2]
[other_rate: 0.1]
[min_data_per_group: 100]
[max_cat_threshold: 32]
[cat_l2: 10]
[cat_smooth: 10]
[max_cat_to_onehot: 4]
[top_k: 20]
[monotone_constraints: ]
[monotone_constraints_method: basic]
[monotone_penalty: 0]
[feature_contri: ]
[forcedsplits_filename: ]
[refit_decay_rate: 0.9]
[cegb_tradeoff: 1]
[cegb_penalty_split: 0]
[cegb_penalty_feature_lazy: ]
[cegb_penalty_feature_coupled: ]
[path_smooth: 0]
[interaction_constraints: ]
[verbosity: -1]
[saved_feature_importance_type: 0]
[use_quantized_grad: 0]
[num_grad_quant_bins: 4]
[quant_train_renew_leaf: 0]
[stochastic_rounding: 1]
[linear_tree: 0]
[max_bin: 255]
[max_bin_by_feature: ]
[min_data_in_bin: 3]
[bin_construct_sample_cnt: 200000]
[data_random_seed: 175]
[is_enable_sparse: 1]
[enable_bundle: 1]
[use_missing: 1]
[zero_as_missing: 0]
[feature_pre_filter: 1]
[pre_partition: 0]
[two_round: 0]
[header: 0]
[label_column: ]
[weight_column: ]
[group_column: ]
[ignore_column: ]
[categorical_feature: ]
[forcedbins_filename: ]
[precise_float_parser: 0]
[parser_config_file: ]
[objective_seed: 16083]
[num_class: 1]
[is_unbalance: 0]
[scale_pos_weight: 1]
[sigmoid: 1]
[boost_from_average: 1]
[reg_sqrt: 0]
[alpha: 0.9]
[fair_c: 1]
[poisson_max_delta_step: 0.7]
[tweedie_variance_power: 1.5]
[lambdarank_truncation_level: 30]
[lambdarank_norm: 1]
[label_gain: ]
[lambdarank_position_bias_regularization: 0]
[eval_at: ]
[multi_error_top_k: 1]
[auc_mu_weights: ]
[num_machines: 1]
[local_listen_port: 12400]
[time_out: 120]
[machine_list_filename: ]
[machines: ]
[gpu_platform_id: -1]
[gpu_device_id: -1]
[gpu_device_id_list: ]
[gpu_use_dp: 0]
[num_gpu: 1]

end of parameters

pandas_categorical:null
