tree
version=v4
num_class=1
num_tree_per_iteration=1
label_index=0
max_feature_idx=8
objective=regression_l1
feature_names=Column_0 Column_1 Column_2 Column_3 Column_4 Column_5 Column_6 Column_7 Column_8
feature_infos=[-4.984:38.267000000000003] [-0.99999073973619013:0.99999073973619013] [-1:1] [0:100] [0.28299999999999997:68.837999999999994] [0.0089999999999999993:43.853000000000002] [-1.8720000000000001:1.246] [25.623999999999999:1031.1010000000001] [-6.923:5.141]
tree_sizes=1367 1427 1436 1431 1432 1438 1429 1447 1439 1431 1442 1436 1433 1436 1439 1427 1424 1435 1440 1431 1432 1442 1450 1440 1446 1440 1434 1433 1436 1441 1436 1434 1447 1436 1432 1433 1433 1431 1430 1440 1440 1436 1439 1436 1441 1443 1429 1428 1447 1425 1429 1414 1432 1444 1426 1430 1431 1441 1444 1452 1435 1445 1436 1436 1427 1450 1444 1450 1430 1442 1443 1440 1441 1442 1437 1441 1430 1448 1446 1451 1437 1430 1427 1442 1444 1441 1450 1454 1453 1433 1441 1423 1462 1451 1445 1446 1436 1448 1439 1451 1446 1452 1439 1454 1450 1449 1450 1432 1446 1432 1443 1446 1440 1436 1446 1421 1411 1457 1443 1424 1443 1439 1446 1464 1449 1438 1428 1446 1454 1446 1455 1467 1442 1460 1449 1460 1459 1459 1451 1453 1445 1459 1416 1445 1446 1461 1441 1451 1458 1459 1453 1467 1459 1459 1446 1412 1452 1455 1449 1440 1415 1452 1439 1458 1449 1438 1445 1434 1447 1463 1437 1461 1452 1451 1460 1461 1450 1446 1447 1436 1457 1441 1451 1451 1481 1433 1459 1426 1438 1455 1426 1433 1457 1450 1443 1444 1446 1436 1453 1440 1441 1456 1447 1425 1445 1446 1451 1457 1439 1460 1461 1453 1477 1451 1448 1448 1432 1456 1469 1446 1439 1437 1453 1460 1454 1462 1451 1462 1471 1447 1470 1427 1477 1451 1433 1458 1469 1449 1460 1455 1451 1443 1447 1440 1449 1445 1442 1447 1446 1450 1455 1415 1423 1458 1448 1454 1450 1455 1443 1460 1450 1457 1438 1449 1460 1430 1430 1450 1457 1452 1451 1440 1461 1465 1447 1448 1454 1464 1454 1461 1443 1466 1434 1445 1459 1454 1468 1448 1457 1464 1444 1461 1462 1467 1459 1442 1449 1431 1449 1449

Tree=0
num_leaves=15
num_cat=0
split_feature=1 8 4 5 2 4 2 8 5 5 1 4 8 7
split_gain=164.096 52.9325 26.1722 27.1481 22.2322 20.9805 17.5544 15.2729 13.4706 10.8553 9.79554 11.6931 8.60459 8.29624
threshold=0.47434769705567625 -2.3374999999999999 8.366500000000002 25.066000000000006 0.60605034090854637 5.4060000000000015 -0.84565824135800816 -2.8704999999999994 11.365000000000002 8.7570000000000014 -0.14153898451656977 17.651500000000002 -3.4859999999999998 504.66750000000008
decision_type=2 2 2 2 2 2 2 2 2 2 2 2 2 2
left_child=1 2 6 -4 12 13 7 -1 -6 -8 11 -7 -2 -3
right_child=4 5 3 -5 8 10 9 -9 -10 -11 -12 -13 -14 -15
leaf_value=0.27152499705553057 0.30852499753236773 0.20012499392032623 0.3210249960422516 0.28227499686181545 0.35227499902248383 0.29812499657273295 0.280024996958673 0.30949999690055846 0.26897499710321426 0.22282499670982359 0.32647499740123748 0.33897499740123749 0.34092499911785124 0.3077749967575073
leaf_weight=41 47 77 115 209 67 198 46 60 58 272 137 61 523 41
leaf_count=41 47 77 115 209 67 198 46 60 58 272 137 61 523 41
internal_value=0.3035 0.29272 0.284186 0.294858 0.322996 0.305056 0.275934 0.294094 0.3039 0.270167 0.310571 0.304851 0.327184 0.286551
internal_weight=1952 1257 743 324 695 514 419 101 125 318 396 259 570 118
internal_count=1952 1257 743 324 695 514 419 101 125 318 396 259 570 118
is_linear=0
shrinkage=1


Tree=1
num_leaves=15
num_cat=0
split_feature=1 8 4 4 2 5 0 1 4 8 8 7 3 0
split_gain=152.882 50.5336 23.9596 19.6973 19.1448 17.0317 14.0002 9.58317 11.6931 9.54975 7.88372 7.85611 6.86553 7.17913
threshold=0.47434769705567625 -2.3374999999999999 4.7170000000000014 5.3710000000000013 0.60605034090854637 9.1475000000000026 8.7065000000000019 -0.14153898451656977 17.651500000000002 -3.1429999999999993 -3.4859999999999998 504.66750000000008 1.5365000000000002 22.375000000000004
decision_type=2 2 2 2 2 2 2 2 2 2 2 2 2 2
left_child=1 2 -1 11 10 -4 -6 8 -5 -7 -2 -3 -11 -14
right_child=4 3 5 7 6 9 -8 -9 -10 12 -12 -13 13 -15
leaf_value=-0.10669125050306322 0.0047737508267164221 -0.098206252604722988 0.028498750329017643 -0.0051062500849366199 0.020051249489188197 -0.044826249852776529 -0.044513749331235891 0.021326251178979877 0.033701250702142714 -0.018327500028535722 0.035553752332925799 0.004061250090599061 -0.036613749247044323 0.0014987500011920925
leaf_weight=157 47 75 40 198 80 181 45 139 61 176 523 41 59 130
leaf_count=157 47 75 40 198 80 181 45 139 61 176 523 41 59 130
internal_value=0.000102459 -0.0103023 -0.0186406 0.00175097 0.0189209 -0.0139932 0.0012 0.00703518 0.00135135 -0.0163004 0.022807 -0.0163793 -0.0116438 -0.00502646
internal_weight=1952 1257 743 514 695 586 125 398 259 546 570 116 365 189
internal_count=1952 1257 743 514 695 586 125 398 259 546 570 116 365 189
is_linear=0
shrinkage=0.05


Tree=2
num_leaves=15
num_cat=0
split_feature=1 8 4 5 4 0 2 8 5 4 1 4 5 7
split_gain=128.068 43.2836 22.864 27.9935 22.0435 18.7098 16.5588 10.0247 8.79378 8.5337 8.06499 10.9311 7.79594 7.58448
threshold=0.47434769705567625 -2.3214999999999999 8.366500000000002 25.066000000000006 5.4060000000000015 30.001500000000004 0.72731766296277522 -3.4859999999999998 8.7570000000000014 16.111000000000004 -0.14153898451656977 16.252500000000001 9.7210000000000019 525.2795000000001
decision_type=2 2 2 2 2 2 2 2 2 2 2 2 2 2
left_child=1 2 5 -4 12 8 7 -2 -1 -5 11 -6 -3 -10
right_child=6 4 3 9 10 -7 -8 -9 13 -11 -12 -13 -14 -15
leaf_value=-0.021621437655761841 -0.00062306251376867275 0.0034428131692111502 0.017865063179284334 -0.016447374722454697 -0.0048009374793618947 -0.0054792810615617782 -0.024619686948135499 0.033601062498986721 -0.16229994125291705 -0.032697374126408253 0.021134937785565855 0.030691187344491486 -0.097695936970412733 -0.041582655635895208
leaf_weight=46 55 40 118 133 181 104 76 564 125 77 136 70 75 152
leaf_count=46 55 40 118 133 181 104 76 564 125 77 136 70 75 152
internal_value=-0.000461066 -0.00998409 -0.0175497 -0.00762195 0.00139442 -0.0251756 0.0167626 0.0194669 -0.0311146 -0.0185714 0.00710594 0.00179283 -0.0178261 -0.0344765
internal_weight=1952 1257 755 328 502 427 695 619 323 210 387 251 115 277
internal_count=1952 1257 755 328 502 427 695 619 323 210 387 251 115 277
is_linear=0
shrinkage=0.05


Tree=3
num_leaves=15
num_cat=0
split_feature=1 8 4 5 4 2 2 0 8 5 8 4 1 4
split_gain=119.37 40.021 21.4254 23.9633 17.5234 16.4275 14.2355 12.6499 9.55348 8.21216 7.85702 7.09419 6.15788 9.13792
threshold=0.47434769705567625 -2.3214999999999999 8.366500000000002 25.066000000000006 5.2275000000000009 -0.31473592273745027 0.72731766296277522 6.3810000000000011 -3.4859999999999998 10.265000000000002 -2.9149999999999996 16.111000000000004 -0.14153898451656977 16.252500000000001
decision_type=2 2 2 2 2 2 2 2 2 2 2 2 2 2
left_child=1 2 5 -4 9 10 8 -7 -2 -3 -1 -5 13 -6
right_child=6 4 3 11 12 7 -8 -9 -10 -11 -12 -13 -14 -15
leaf_value=-0.035386483033641711 -0.00059190938808023901 0.0073360476190224323 0.016971810020320121 -0.015625005986331965 -0.0038608906769193735 -0.026088315287791194 -0.023388702600728721 -0.093327557294198782 0.031921009374037392 -0.10928201744891704 -0.0010309421822312294 -0.03106250542008784 0.01907819184996188 0.029156627977266911
leaf_weight=78 55 41 118 133 183 72 76 191 564 66 86 77 142 70
leaf_count=78 55 41 118 133 183 72 76 191 564 66 86 77 142 70
internal_value=-0.000153689 -0.00934765 -0.0166225 -0.0070122 0.00159363 -0.0240047 0.0164748 -0.031749 0.0189822 -0.0163551 -0.0115854 -0.0171429 0.0064557 0.00177866
internal_weight=1952 1257 755 328 502 427 695 263 619 107 164 210 395 253
internal_count=1952 1257 755 328 502 427 695 263 619 107 164 210 395 253
is_linear=0
shrinkage=0.05


Tree=4
num_leaves=15
num_cat=0
split_feature=1 8 4 5 2 2 4 4 5 3 0 1 5 0
split_gain=106.601 36.7315 18.8078 14.4315 15.2483 13.2425 12.7466 11.9802 9.42698 9.40036 9.3846 9.26832 8.91006 8.30836
threshold=0.47434769705567625 -2.5709999999999993 4.4740000000000011 8.1375000000000011 -0.062278703982132359 0.46105717635705401 7.4090000000000016 9.818500000000002 13.810500000000001 0.014500000000000001 8.8685000000000027 -0.98211651112579568 25.066000000000006 8.7065000000000019
decision_type=2 2 2 2 2 2 2 2 2 2 2 2 2 2
left_child=1 3 10 -1 12 -2 13 8 -6 -4 -3 -11 -5 -7
right_child=5 2 9 4 7 6 -8 -9 -10 11 -12 -13 -14 -15
leaf_value=0.010459300223188476 0.029449959739800548 -0.0017159597421390928 -0.0069342821454606036 0.0065109002162920676 -0.02930823122680333 0.011057582955565304 0.03737496052658186 -0.013159755928335943 -0.12262422686102831 -0.019465051702792405 -0.093834883013898515 0.012877976779306771 -0.019400693252576748 -0.034922642160137185
leaf_weight=50 520 40 122 52 54 45 86 44 124 41 71 382 277 44
leaf_count=50 520 40 122 52 54 45 86 44 124 41 71 382 277 44
internal_value=-0.000102459 -0.00879077 -0.000609756 -0.0177205 -0.0200544 0.0156115 0.00371429 -0.0301802 -0.0359551 0.00321101 -0.0193694 0.00673759 -0.0132219 -0.00955056
internal_weight=1952 1257 656 601 551 695 175 222 178 545 111 423 329 89
internal_count=1952 1257 656 601 551 695 175 222 178 545 111 423 329 89
is_linear=0
shrinkage=0.05


Tree=5
num_leaves=15
num_cat=0
split_feature=1 4 8 2 5 5 1 2 5 4 4 7 4 1
split_gain=98.267 46.9104 33.0399 20.9609 24.009 14.9797 14.6142 14.3825 13.0525 10.812 10.711 10.1136 8.97247 7.5541
threshold=0.67760851415498113 5.4060000000000015 -2.4074999999999993 -0.88835394722870831 8.7570000000000014 16.784500000000005 -0.09025077427732299 -0.062278703982132359 28.949000000000002 9.5825000000000014 9.895500000000002 504.66750000000008 27.975500000000004 -0.43222422251210757
decision_type=2 2 2 2 2 2 2 2 2 2 2 2 2 2
left_child=1 3 5 -1 -5 10 12 8 9 -7 -3 -6 13 -4
right_child=-2 2 6 4 11 7 -8 -9 -10 -11 -12 -13 -14 -15
leaf_value=0.0084879748128640492 0.030027462181963963 -0.011699360756587352 0.0028673497856028852 -0.0023925110289846787 -0.15154969816470851 0.018915426346659433 0.018060167016035761 -0.056623215973184537 -0.019115033943105431 -0.014277325904272657 0.072824950564974997 -0.050143365778093058 0.027054897739438224 -0.019886744694446335
leaf_weight=43 535 65 201 75 124 77 214 85 217 69 40 119 40 48
leaf_count=43 535 65 201 75 124 77 214 85 217 69 40 119 40 48
internal_value=0.000153689 -0.00673959 -0.00142045 -0.0222992 -0.0267296 -0.00985533 0.00785288 -0.0138393 -0.00950413 0.00205479 0.00714286 -0.0343621 0.000519031 -0.00301205
internal_weight=1952 1417 1056 361 318 553 503 448 363 146 105 243 289 249
internal_count=1952 1417 1056 361 318 553 503 448 363 146 105 243 289 249
is_linear=0
shrinkage=0.05


Tree=6
num_leaves=15
num_cat=0
split_feature=1 8 4 4 4 8 5 5 4 2 0 5 5 0
split_gain=94.4286 34.7975 15.3172 14.294 12.6674 12.4304 12.3914 9.93404 10.5501 9.78416 9.61209 10.648 9.11471 10.7382
threshold=0.47434769705567625 -2.5854999999999992 5.2275000000000009 4.7170000000000014 12.664000000000003 -3.0674999999999994 10.265000000000002 11.884000000000002 27.975500000000004 0.72731766296277522 22.375000000000004 32.783000000000008 17.511500000000002 18.700500000000002
decision_type=2 2 2 2 2 2 2 2 2 2 2 2 2 2
left_child=1 3 -3 -1 5 -2 -5 -4 10 12 -9 -12 -7 -14
right_child=4 2 7 6 -6 9 -8 8 -10 -11 11 -13 13 -15
leaf_value=-0.096504493708095995 -0.0047239120000178436 -0.031320859930518467 0.034802635026773422 0.01834397204812626 0.036801088333768169 0.039026085019749919 -0.02123014546501014 -0.01759967237417967 0.023558100601701659 -0.018319342067209362 0.0064047804356200493 -0.0096801122567421686 -0.0052239115231806858 0.026926088810605327
leaf_weight=130 89 142 131 43 288 125 419 97 61 54 190 44 55 84
leaf_count=130 89 142 131 43 288 125 419 97 61 54 190 44 55 84
internal_value=0.000102459 -0.00807478 -0.000225564 -0.0168919 0.0148921 0.00921376 -0.0127706 0.00372849 -0.000255102 0.0138365 -0.00377644 0.0017094 0.017803 0.00899281
internal_weight=1952 1257 665 592 695 407 462 523 392 318 331 234 264 139
internal_count=1952 1257 665 592 695 407 462 523 392 318 331 234 264 139
is_linear=0
shrinkage=0.05


Tree=7
num_leaves=15
num_cat=0
split_feature=1 4 8 2 5 5 1 4 7 1 5 4 8 4
split_gain=88.8323 44.8379 28.6073 17.7632 24.2713 14.069 11.2589 10.8739 10.4019 9.30525 8.95794 11.3796 7.80821 8.26229
threshold=0.67760851415498113 5.4060000000000015 -2.3874999999999997 -0.88835394722870831 10.744500000000002 28.781000000000002 -0.09025077427732299 7.7475000000000014 504.66750000000008 -0.22132528438243276 16.301500000000001 15.460500000000001 -0.97449999999999981 19.564500000000006
decision_type=2 2 2 2 2 2 2 2 2 2 2 2 2 2
left_child=1 3 5 -1 -5 7 12 -3 -6 -7 -2 -12 13 -4
right_child=10 2 6 4 8 9 -8 -9 -10 -11 11 -13 -14 -15
leaf_value=0.0091250833454713538 0.039394399464923041 -0.022613896393491612 -0.0084579771900863687 -0.0084134134777225297 -0.15881638910978851 -0.027914187753857067 0.020297188131416059 0.0050861632064943939 -0.047758748311639294 -0.006889464894176806 0.0065360347992285024 0.040236036039005114 0.014707823236410483 0.024114722108270953
leaf_weight=43 247 114 183 99 102 153 202 214 117 90 203 85 58 42
leaf_count=43 247 114 183 99 102 153 202 214 117 90 203 85 58 42
internal_value=-0.000256148 -0.00681016 -0.00160985 -0.0220222 -0.0261006 -0.0091944 0.00731959 -0.00243902 -0.0353881 -0.0183128 0.0171028 0.0111111 0.000883392 -0.00333333
internal_weight=1952 1417 1056 361 318 571 485 328 219 243 535 288 283 225
internal_count=1952 1417 1056 361 318 571 485 328 219 243 535 288 283 225
is_linear=0
shrinkage=0.05


Tree=8
num_leaves=15
num_cat=0
split_feature=1 4 5 8 2 5 1 5 0 0 4 5 7 1
split_gain=81.2575 39.1669 27.4723 18.1671 17.2314 24.041 8.95003 12.0533 10.2039 8.98348 8.79429 8.72755 14.3396 8.45655
threshold=0.65189295912203349 5.4060000000000015 11.884000000000002 -3.1429999999999993 -0.88835394722870831 13.608000000000002 -0.0687085824022272 28.949000000000002 27.155500000000004 30.620500000000003 23.603500000000004 16.093500000000002 764.26550000000009 0.93168921928840098
decision_type=2 2 2 2 2 2 2 2 2 2 2 2 2 2
left_child=1 4 -3 -4 -1 -6 7 -5 -8 -10 11 13 -13 -2
right_child=10 2 3 6 5 -7 8 -9 9 -11 -12 12 -14 -15
leaf_value=0.0086688291781977858 0.010826185268451022 0.028697973388317491 -0.034408644823347871 -0.00037262268932801158 -0.02000280971054998 -0.099471764088191972 -0.00099487434074510962 -0.013326377801888462 0.026696697664041813 0.0019219681895216029 0.054217925581119597 -0.014789518312831845 0.016924231304506331 0.044266316304177544
leaf_weight=43 114 202 163 273 138 170 132 173 41 60 86 45 219 93
leaf_count=43 114 202 163 273 138 170 132 173 41 60 86 45 219 93
internal_value=-0.000614754 -0.00706093 -0.00220307 -0.00617577 -0.02151 -0.0256494 -0.00257732 -0.00672646 0.00536481 0.0173267 0.0155296 0.012845 0.00681818 0.0205314
internal_weight=1952 1395 1044 842 351 308 679 446 233 101 557 471 264 207
internal_count=1952 1395 1044 842 351 308 679 446 233 101 557 471 264 207
is_linear=0
shrinkage=0.05


Tree=9
num_leaves=15
num_cat=0
split_feature=1 8 4 3 4 8 5 7 1 4 6 3 5 0
split_gain=74.228 30.7643 29.0646 11.4868 10.0279 8.25589 9.72336 11.6585 10.2108 8.20157 13.8812 7.91529 7.59507 14.0373
threshold=0.48941038753127741 -1.7274999999999998 4.378000000000001 0.014500000000000001 20.905000000000005 -3.3574999999999995 16.473500000000005 772.07700000000011 0.92913280730858816 8.1105000000000018 0.36650000000000005 2.8800000000000003 12.541500000000001 22.901000000000003
decision_type=2 2 2 2 2 2 2 2 2 2 2 2 2 2
left_child=1 2 -1 -4 5 -2 8 -8 -7 10 12 -9 -5 -14
right_child=4 -3 3 9 -6 6 7 11 -10 -11 -12 -13 13 -15
leaf_value=-0.077264324520904787 -0.013160730003226918 0.014480175824836492 -0.015611993634328761 -0.0055955165398680331 0.044605419500600686 0.012236379811869098 -0.013563001916560131 -0.0021101359797939092 0.055252997437210849 0.0019131877544353527 0.010611275087027916 0.024298613242961523 -0.10312698826866085 -0.015189159038373862
leaf_weight=184 63 241 260 60 133 153 46 60 77 342 64 152 57 60
leaf_count=184 63 241 260 60 133 153 46 60 77 342 64 152 57 60
internal_value=-0.000409836 -0.00757098 -0.0113437 -0.007414 0.0128655 0.00989111 0.0120902 0.00542636 0.0195652 -0.0035163 -0.0105809 0.0103774 -0.0177966 -0.0252137
internal_weight=1952 1268 1027 843 684 551 488 258 230 583 241 212 177 117
internal_count=1952 1268 1027 843 684 551 488 258 230 583 241 212 177 117
is_linear=0
shrinkage=0.05


Tree=10
num_leaves=15
num_cat=0
split_feature=1 4 5 7 5 8 8 8 7 3 1 5 5 4
split_gain=68.3898 32.9027 24.6357 20.808 28.891 17.3273 11.4097 7.49005 6.62247 7.34985 6.82304 6.4579 5.92438 7.50697
threshold=0.65189295912203349 5.4060000000000015 11.884000000000002 574.79700000000014 12.541500000000001 -2.9149999999999996 -2.7389999999999994 -0.43649999999999994 890.46050000000002 9.8745000000000029 -0.45206801762443455 32.444500000000012 29.535500000000003 8.4285000000000014
decision_type=2 2 2 2 2 2 2 2 2 2 2 2 2 2
left_child=1 3 -3 4 -1 12 -5 -2 10 11 -7 -10 13 -4
right_child=7 2 5 6 -6 8 -8 -9 9 -11 -12 -13 -14 -15
leaf_value=-0.016116611368830934 0.019029094965395701 0.026482922692913483 -0.044536911568410512 -0.036534006465602488 -0.1285369660288497 -0.0040183203398671263 0.015497194661129775 0.065904136247210504 0.0062108517167451154 0.017021936366518015 -0.033970295630076135 -0.0079033654016279851 -0.027465551284380652 0.0015211910910131771
leaf_weight=117 509 202 67 51 125 208 58 48 152 89 57 75 118 76
leaf_count=117 509 202 67 51 125 208 58 48 152 89 57 75 118 76
internal_value=-0.000358607 -0.0062724 -0.00181992 -0.0195157 -0.027686 -0.00558195 -0.00137615 0.0144524 -0.000774527 0.00411392 -0.00660377 -0.000660793 -0.0162835 -0.00944056
internal_weight=1952 1395 1044 351 242 842 109 557 581 316 265 227 261 143
internal_count=1952 1395 1044 351 242 842 109 557 581 316 265 227 261 143
is_linear=0
shrinkage=0.05


Tree=11
num_leaves=15
num_cat=0
split_feature=1 8 4 4 7 5 5 5 2 5 4 5 7 1
split_gain=65.1198 33.6409 16.1401 14.4597 16.9633 20.1235 10.2204 10.0898 9.43924 8.63097 12.7825 8.46266 7.72582 7.78638
threshold=0.67760851415498113 -2.5904999999999996 4.7170000000000014 5.4060000000000015 582.95100000000014 10.744500000000002 10.265000000000002 11.884000000000002 -0.84565824135800816 29.281500000000005 8.4285000000000014 35.122000000000007 559.06650000000002 1.0000000180025095e-35
decision_type=2 2 2 2 2 2 2 2 2 2 2 2 2 2
left_child=1 2 -1 4 5 -3 -4 -5 11 10 -10 -8 -9 -14
right_child=-2 3 6 7 -6 -7 8 12 9 -11 -12 -13 13 -15
leaf_value=-0.077384381499752686 0.02214038396169854 0.0041764444240238174 0.014317761093611912 0.031814326523628401 0.017749054372356927 -0.11105771957109854 0.0027015203054478105 -0.019251651686744566 -0.039278875578833854 -0.035997114569987047 0.0016873190103854853 -0.01908552696588953 -0.0022545214340821615 0.0083100349635301853
leaf_weight=142 535 57 49 149 51 72 117 45 98 97 89 43 258 150
leaf_count=142 535 57 49 149 51 72 117 45 98 97 89 43 258 150
internal_value=-0.000563525 -0.00617502 -0.0147244 0.000767263 -0.0116667 -0.0213178 -0.0104462 0.00448505 -0.0128378 -0.0183099 -0.0120321 -0.003125 0.000772627 0.00294118
internal_weight=1952 1417 635 782 180 129 493 602 444 284 187 160 453 408
internal_count=1952 1417 635 782 180 129 493 602 444 284 187 160 453 408
is_linear=0
shrinkage=0.05


Tree=12
num_leaves=15
num_cat=0
split_feature=1 4 7 5 5 8 8 5 7 4 4 5 7 7
split_gain=58.7328 34.5815 21.0049 28.2122 19.7683 16.5264 10.2448 8.26698 8.47718 9.57105 8.03139 10.3895 7.76992 7.47858
threshold=0.67760851415498113 5.4060000000000015 574.79700000000014 14.009000000000002 8.9605000000000015 -3.1429999999999993 -2.7389999999999994 32.093500000000006 899.40900000000011 10.3665 23.603500000000004 16.301500000000001 764.26550000000009 935.82700000000011
decision_type=2 2 2 2 2 2 2 2 2 2 2 2 2 2
left_child=1 2 3 -1 -3 -6 -4 8 -7 -10 11 -2 -13 -9
right_child=10 4 6 -5 5 7 -8 13 9 -11 -12 12 -14 -15
leaf_value=-0.022469805019184746 0.030651250823771403 0.029737740712198549 -0.032576910959116745 -0.12996770132832539 -0.031027068476329939 -0.0028107563364773713 0.015953398509665304 -0.025196745492701914 0.01330406136844893 -0.00064746745671652732 0.046966669429374636 -0.013785861047756299 0.012834685525717246 -0.0021874838753155493
leaf_weight=140 202 146 53 105 172 345 63 40 141 111 85 41 207 101
leaf_count=140 202 146 53 105 172 345 63 40 141 111 85 41 207 101
internal_value=-0.000563525 -0.00589273 -0.0192521 -0.027551 -0.00132576 -0.00406593 -0.00172414 -0.000813008 0.00175879 0.00873016 0.0135514 0.0108889 0.00403226 -0.0117021
internal_weight=1952 1417 361 245 1056 910 116 738 597 252 535 450 248 141
internal_count=1952 1417 361 245 1056 910 116 738 597 252 535 450 248 141
is_linear=0
shrinkage=0.05


Tree=13
num_leaves=15
num_cat=0
split_feature=1 4 7 5 5 8 4 5 7 8 1 0 7 3
split_gain=51.2127 32.1503 21.491 25.9511 17.7961 15.9472 9.1317 8.35499 7.45801 7.18875 6.49535 6.42318 5.97573 8.632
threshold=0.67760851415498113 5.4060000000000015 569.68550000000016 12.541500000000001 8.9605000000000015 -2.9149999999999996 23.603500000000004 16.301500000000001 764.26550000000009 -2.7389999999999994 0.93168921928840098 3.2600000000000002 929.58550000000014 9.8745000000000029
decision_type=2 2 2 2 2 2 2 2 2 2 2 2 2 2
left_child=1 2 3 -1 11 -6 7 10 -9 -4 -2 -3 -7 -14
right_child=6 4 9 -5 5 12 -8 8 -10 -11 -12 -13 13 -15
leaf_value=-0.014396112770631339 0.0082636951144079273 -0.00046327342877726667 -0.031411074217948434 -0.11427618345599105 -0.020250031514643153 -0.0031654726952213171 0.044618335957905902 -0.013096567995368484 0.012192951249431384 0.011457328229331501 0.039488061768028812 0.052288771009447843 6.5566443147681286e-05 0.01621028391264592
leaf_weight=119 107 43 54 121 276 358 85 41 207 67 95 103 196 80
leaf_count=119 107 43 54 121 276 358 85 41 207 67 95 103 196 80
internal_value=-0.000563525 -0.00553987 -0.0184211 -0.0270833 -0.00113636 -0.00373626 0.0126168 0.00977778 0.00362903 -0.00123967 0.0173267 0.0150685 0.000630915 0.00615942
internal_weight=1952 1417 361 240 1056 910 535 450 248 121 202 146 634 276
internal_count=1952 1417 361 240 1056 910 535 450 248 121 202 146 634 276
is_linear=0
shrinkage=0.05


Tree=14
num_leaves=15
num_cat=0
split_feature=1 4 7 5 8 4 5 4 0 0 4 1 5 0
split_gain=51.2434 30.6923 18.8192 25.9731 16.0219 9.16053 8.19493 9.05316 8.33996 7.49363 14.3733 6.98359 6.80141 8.3883
threshold=0.68630018684894145 5.4060000000000015 569.68550000000016 12.541500000000001 -2.3214999999999999 23.603500000000004 28.781000000000002 8.366500000000002 23.054000000000006 13.543000000000001 9.5825000000000014 -0.14153898451656977 17.788500000000003 18.950000000000006
decision_type=2 2 2 2 2 2 2 2 2 2 2 2 2 2
left_child=1 2 3 -1 6 12 7 8 -3 -9 -11 -6 -2 -14
right_child=5 4 -4 -5 11 -7 -8 9 -10 10 -12 -13 13 -15
leaf_value=-0.013676307132099774 0.02482184208929842 -0.031299720776202633 -0.0015998171672006291 -0.10856237428319149 8.0924324783210332e-06 0.04996825711221186 -0.013852347677056532 0.042165276129983734 0.0022989661904437302 0.017513256319849062 -0.0088649286611735024 0.015230597919891993 -0.0078361406660900131 0.017683302637918067
leaf_weight=119 241 89 121 121 251 82 252 55 60 40 110 206 106 99
leaf_count=119 241 89 121 121 251 82 252 55 60 40 110 206 106 99
internal_value=-0.000614754 -0.00554775 -0.018144 -0.02625 -0.00126999 0.0126894 -0.00660066 -0.00169492 -0.0110738 0.00512195 -0.000666667 0.00579869 0.00986547 0.00317073
internal_weight=1952 1424 361 240 1063 528 606 354 149 205 150 457 446 205
internal_count=1952 1424 361 240 1063 528 606 354 149 205 150 457 446 205
is_linear=0
shrinkage=0.05


Tree=15
num_leaves=15
num_cat=0
split_feature=1 4 7 5 5 8 4 3 8 4 1 8 5 0
split_gain=44.5755 29.3758 17.5446 27.4855 15.4093 12.6163 8.83832 7.29821 7.15665 6.90409 6.58553 6.3401 6.26946 10.1254
threshold=0.68630018684894145 5.4060000000000015 569.68550000000016 14.009000000000002 8.9605000000000015 -3.1429999999999993 23.603500000000004 94.908500000000018 -3.0674999999999994 17.011500000000002 0.93168921928840098 -2.7389999999999994 17.788500000000003 18.546000000000003
decision_type=2 2 2 2 2 2 2 2 2 2 2 2 2 2
left_child=1 2 3 -1 7 9 8 -3 10 -6 -2 -4 -10 -14
right_child=6 4 11 -5 5 -7 -8 -9 12 -11 -12 -13 13 -15
leaf_value=-0.014563075363937032 -0.01204993256229556 0.054535505217012718 -0.029760529648690984 -0.11738325127317908 -0.034012153802860587 -0.00047818828314916546 0.047469844256601258 0.0039687334129505231 0.02692256476318125 0.00074760616998083848 0.010699138555063912 0.010964452676224959 -0.0085944386026817147 0.021450942518778916
leaf_weight=138 41 67 54 102 132 744 82 80 203 40 55 67 71 76
leaf_count=138 41 67 54 102 132 744 82 80 203 40 55 67 71 76
internal_value=-0.000665984 -0.00526685 -0.01759 -0.0254167 -0.00108184 -0.00349345 0.0117424 0.0139456 0.00896861 -0.0156977 -0.003125 -0.00206612 0.0122857 0.00442177
internal_weight=1952 1424 361 240 1063 916 528 147 446 172 96 121 350 147
internal_count=1952 1424 361 240 1063 916 528 147 446 172 96 121 350 147
is_linear=0
shrinkage=0.05


Tree=16
num_leaves=15
num_cat=0
split_feature=1 4 8 5 7 4 5 7 5 0 4 1 5 0
split_gain=42.2531 26.4944 15.7491 13.4331 16.6123 9.2877 7.78937 7.8422 12.8847 8.34556 7.48723 6.75284 9.69988 9.45455
threshold=0.68630018684894145 4.1610000000000005 -2.5904999999999996 10.744500000000002 552.71800000000019 23.603500000000004 8.509500000000001 767.63950000000011 16.574000000000005 28.363500000000002 9.0450000000000017 0.93168921928840098 15.309500000000002 19.208500000000004
decision_type=2 2 2 2 2 2 2 2 2 2 2 2 2 2
left_child=1 3 6 -1 -5 11 -3 8 -8 -9 -10 13 -13 -2
right_child=5 2 -4 4 -6 -7 7 9 10 -11 -12 12 -14 -15
leaf_value=-0.0061830109382163909 -0.0017984655137636531 0.015473380444737334 0.0017806486317579362 -0.11000821884946853 -0.014750933153542062 0.045096352043771194 -0.0050298114670841998 0.0036203817676739554 -0.079713985066732607 -0.011332310392438908 -0.031183377529423708 0.043028878001187459 0.0095252702378678944 0.01962527133459336
leaf_weight=67 182 40 672 93 64 82 75 85 56 229 43 80 129 55
leaf_count=67 182 40 672 93 64 82 75 85 56 229 43 80 129 55
internal_value=-0.000717213 -0.00519663 -0.00225 -0.0209821 -0.0289809 0.0113636 -0.00871212 -0.0104508 -0.0189655 -0.00573248 -0.0308081 0.00852018 0.0150718 0.00274262
internal_weight=1952 1424 1200 224 157 528 528 488 174 314 99 446 209 237
internal_count=1952 1424 1200 224 157 528 528 488 174 314 99 446 209 237
is_linear=0
shrinkage=0.05


Tree=17
num_leaves=15
num_cat=0
split_feature=1 4 5 7 5 7 4 1 4 5 0 7 4 8
split_gain=40.3423 26.4944 13.5658 18.7304 13.4331 16.6123 11.0671 10.0661 8.30537 7.4041 7.23429 7.06146 6.96439 6.38269
threshold=0.68630018684894145 4.1610000000000005 12.541500000000001 538.17700000000013 10.744500000000002 552.71800000000019 8.2760000000000016 -0.0687085824022272 23.603500000000004 29.984000000000005 31.852000000000004 999.71600000000012 16.111000000000004 -3.0674999999999994
decision_type=2 2 2 2 2 2 2 2 2 2 2 2 2 2
left_child=1 4 -3 6 -1 -6 -4 9 13 -5 -11 -9 -12 -2
right_child=8 2 3 7 5 -7 -8 11 -10 10 12 -13 -14 -15
leaf_value=-0.005873860391305572 -0.0018667437983553858 0.0083924583676415979 -0.093279393752036324 -0.0013604217726922864 -0.10450780790699508 -0.014013386495864961 -0.0041738282799505836 0.0095194355990801619 0.042841534441582639 -0.027821545438760881 0.00097549088297888692 -0.0048341812449189704 -0.021088382493257372 0.017005057546363639
leaf_weight=67 96 265 65 327 93 64 42 219 82 90 91 60 41 350
leaf_count=67 96 265 65 327 93 64 42 219 82 90 91 60 41 350
internal_value=-0.000819672 -0.00519663 -0.00225 -0.00508021 -0.0209821 -0.0289809 -0.0247664 -0.00253623 0.0109848 -0.0064663 -0.0135135 0.00519713 -0.00606061 0.00829596
internal_weight=1952 1424 1200 935 224 157 107 828 528 549 222 279 132 446
internal_count=1952 1424 1200 935 224 157 107 828 528 549 222 279 132 446
is_linear=0
shrinkage=0.05


Tree=18
num_leaves=15
num_cat=0
split_feature=1 4 5 2 5 7 8 4 1 0 0 8 5 0
split_gain=39.2986 25.7089 13.1167 16.4011 12.8333 16.4882 11.7244 8.30537 6.45998 8.54814 7.21364 6.38269 4.97725 10.1254
threshold=0.68630018684894145 4.1610000000000005 12.541500000000001 0.87796008470088804 8.2035000000000018 533.17000000000019 -2.9149999999999996 23.603500000000004 -0.0687085824022272 28.092500000000005 30.950500000000002 -3.0674999999999994 17.788500000000003 18.546000000000003
decision_type=2 2 2 2 2 2 2 2 2 2 2 2 2 2
left_child=1 4 -3 6 -1 -6 -4 11 -8 -10 -11 -2 -13 -14
right_child=7 2 3 -5 5 -7 8 -9 9 10 -12 12 13 -15
leaf_value=0.0078257307835913701 -0.0017734066084376166 0.0079728354492595195 -0.020033963368594504 -0.09352391392094761 -0.095187109370849454 -0.0082564690574392537 -0.0025975822394305155 0.040699457719503507 -0.00012832486988020308 0.030033922372538803 0.0062681401355409588 0.023527405769303053 -0.0094912330617592036 0.018546878948792124
leaf_weight=45 96 265 271 48 104 75 379 82 149 40 48 203 71 76
leaf_count=45 96 265 271 48 104 75 379 82 149 40 48 203 71 76
internal_value=-0.000665984 -0.00498596 -0.00208333 -0.00486631 -0.0205357 -0.0265363 -0.00332582 0.0109848 0.000487013 0.00696203 0.0193182 0.00829596 0.0114286 0.00442177
internal_weight=1952 1424 1200 935 224 179 887 528 616 237 88 446 350 147
internal_count=1952 1424 1200 935 224 179 887 528 616 237 88 446 350 147
is_linear=0
shrinkage=0.05


Tree=19
num_leaves=15
num_cat=0
split_feature=1 4 4 5 7 3 3 5 2 5 4 8 7 7
split_gain=36.1192 23.7252 12.8659 11.8911 16.8892 11.2413 9.41317 13.4933 9.67329 9.15491 8.74117 8.37268 6.63121 9.62667
threshold=0.68630018684894145 4.1610000000000005 33.838500000000003 8.2035000000000018 533.17000000000019 0.014500000000000001 42.852000000000011 11.976500000000003 -0.079425928728534406 32.879000000000012 23.603500000000004 -1.9124999999999999 965.07450000000006 990.70350000000008
decision_type=2 2 2 2 2 2 2 2 2 2 2 2 2 2
left_child=1 3 5 -1 -5 11 9 -8 -9 12 -2 -3 -7 -14
right_child=10 2 -4 4 -6 6 7 8 -10 -11 -12 -13 13 -15
leaf_value=0.0074344442444118008 0.0096697871153241088 -0.015557714191720036 0.037624250107277928 -0.090427753902306979 -0.0078436456045672953 0.0024872464254243167 0.0061632990601465992 -0.0032541956982951648 -0.0539885026960377 -0.010902155296080249 0.038664484833528329 0.014016343838771657 0.027270417459166099 -0.00031145054651488262
leaf_weight=45 446 257 41 104 75 285 159 152 102 64 82 40 60 40
leaf_count=45 446 257 41 104 75 285 159 152 102 64 82 40 60 40
internal_value=-0.000563525 -0.00470506 -0.00191667 -0.0196429 -0.025419 -0.00289042 0 -0.00544794 -0.0125984 0.00501114 0.0106061 -0.0112795 0.00792208 0.019
internal_weight=1952 1424 1200 224 179 1159 862 413 254 449 528 297 385 100
internal_count=1952 1424 1200 224 179 1159 862 413 254 449 528 297 385 100
is_linear=0
shrinkage=0.05


Tree=20
num_leaves=15
num_cat=0
split_feature=1 4 4 5 2 5 7 5 2 8 1 8 2 8
split_gain=33.2827 22.0364 11.8183 11.3958 15.6817 10.2123 11.2324 9.25261 17.1502 8.57431 11.0496 7.83031 6.43083 6.22651
threshold=0.48941038753127741 4.2695000000000007 27.975500000000004 12.541500000000001 0.83399694777620859 33.117000000000012 906.23500000000001 10.744500000000002 0.71541278717867718 -3.0674999999999994 0.86458376591717523 -2.8454999999999999 -0.64297064596386244 -2.4554999999999993
decision_type=2 2 2 2 2 2 2 2 2 2 2 2 2 2
left_child=1 7 3 -3 5 6 -5 -1 -9 10 -2 -11 -4 -13
right_child=9 2 12 4 -6 -7 -8 8 -10 11 -12 13 -14 -15
leaf_value=-0.0040291041857885238 -0.01755067768785017 0.0058551341071392711 0.00053552351411781905 -0.0083086033282509918 -0.1039213021195419 -0.013321936706919765 0.0039572951547647206 -0.013193864582713403 -0.099656634012453449 0.03963916982304222 0.010563155822702529 -0.0022237964580705677 0.034980095212438604 0.017308567908791046
leaf_weight=63 54 219 46 330 53 144 223 67 80 40 76 112 43 402
leaf_count=63 54 219 46 330 53 144 223 67 80 40 76 112 43 402
internal_value=-0.000409836 -0.00520505 -0.00226843 -0.00386997 -0.0068 -0.00480631 -0.0017179 -0.02 -0.0268707 0.00847953 -0.00307692 0.0111913 0.0151685 0.00953307
internal_weight=1952 1268 1058 969 750 697 553 210 147 684 130 554 89 514
internal_count=1952 1268 1058 969 750 697 553 210 147 684 130 554 89 514
is_linear=0
shrinkage=0.05


Tree=21
num_leaves=15
num_cat=0
split_feature=1 4 7 5 4 5 1 4 8 1 0 5 5 8
split_gain=31.7895 23.1765 17.4668 20.9852 10.0641 10.0458 9.22264 8.42648 7.81369 7.03211 9.31929 8.17802 7.03349 6.59189
threshold=0.68630018684894145 5.4060000000000015 533.17000000000019 8.7570000000000014 32.352500000000006 28.949000000000002 -0.53371312107676683 23.603500000000004 -2.7389999999999994 0.93168921928840098 19.208500000000004 17.788500000000003 16.683500000000006 -3.1429999999999993
decision_type=2 2 2 2 2 2 2 2 2 2 2 2 2 2
left_child=1 2 3 -1 5 13 -7 9 -4 10 11 -2 -11 -3
right_child=7 4 8 -5 -6 6 -8 -9 -10 12 -12 -13 -14 -15
leaf_value=-0.0019311060875856448 0.00145047256674391 -0.01784482862879521 -0.027354691929206233 -0.074886335562324255 0.031545162619630689 -0.019889964410654121 -0.0016002129139649074 0.035865832196412366 0.0032339536306154274 0.029399453519954929 0.016996422616373227 -0.012250145889458186 0.0058584956815519928 0.0035541017434785106
leaf_weight=72 130 110 66 142 56 124 190 82 81 95 55 52 114 583
leaf_count=72 130 110 66 142 56 124 190 82 81 95 55 52 114 583
internal_value=-0.000819672 -0.00470506 -0.015651 -0.0247664 -0.00098777 -0.00213505 -0.00955414 0.00965909 -0.00238095 0.00695067 0.00105485 -0.0043956 0.0136364 0.00122655
internal_weight=1952 1424 361 214 1063 1007 314 528 147 446 237 182 209 693
internal_count=1952 1424 361 214 1063 1007 314 528 147 446 237 182 209 693
is_linear=0
shrinkage=0.05


Tree=22
num_leaves=15
num_cat=0
split_feature=1 4 7 5 4 5 1 3 3 5 1 2 5 7
split_gain=27.5605 18.2202 14.9779 19.9341 9.95557 10.1393 9.06347 8.13609 8.85038 10.0158 7.35912 7.56542 10.3804 7.26577
threshold=0.68630018684894145 5.4060000000000015 533.17000000000019 10.917500000000002 33.838500000000003 35.122000000000007 -0.22611359161738889 0.15350000000000003 42.852000000000011 11.544000000000002 -0.33708009192051164 -0.82681243101696389 28.781000000000002 918.28100000000006
decision_type=2 2 2 2 2 2 2 2 2 2 2 2 2 2
left_child=1 2 3 -1 5 6 10 -8 -9 -10 11 -3 -13 -11
right_child=-2 4 -4 -5 -6 -7 7 8 9 13 -12 12 -14 -15
leaf_value=-0.0034593378531477038 0.013164297978964385 0.0067592602422556804 -0.0010358712411553089 -0.083578341272747256 0.032416774710310563 -0.013705119589345295 -0.0041344216970465074 0.020494831487602894 0.034448454335778055 -0.02662455450328674 -0.020025633418873312 -0.00061479049140725499 -0.017539554028660375 0.013054810593408378
leaf_weight=97 528 54 147 117 41 88 82 147 69 41 43 348 103 47
leaf_count=97 528 54 147 117 41 88 82 147 69 41 43 348 103 47
internal_value=-0.000665984 -0.00428371 -0.0139889 -0.0224299 -0.00098777 -0.00195695 -0.000428266 0.00544041 0.00921053 0.000955414 -0.00456204 -0.00287129 -0.00498891 -0.0102273
internal_weight=1952 1424 361 214 1063 1022 934 386 304 157 548 505 451 88
internal_count=1952 1424 361 214 1063 1022 934 386 304 157 548 505 451 88
is_linear=0
shrinkage=0.05


Tree=23
num_leaves=15
num_cat=0
split_feature=1 8 4 7 5 2 3 5 3 4 8 8 1 3
split_gain=22.3911 15.49 11.8361 8.36252 18.0304 16.7348 13.1385 9.46238 11.5152 7.3965 7.32225 7.92263 7.78654 7.15749
threshold=0.68630018684894145 -3.1429999999999993 17.846500000000002 906.23500000000001 14.009000000000002 0.83399694777620859 93.070000000000007 29.984000000000005 11.453000000000001 6.0785000000000009 -3.0674999999999994 -2.8074999999999997 0.91172524504317609 9.8745000000000029
decision_type=2 2 2 2 2 2 2 2 2 2 2 2 2 2
left_child=1 2 -1 4 6 7 -3 8 -6 -5 12 -12 -2 -11
right_child=10 3 -4 9 5 -7 -8 -9 -10 13 11 -13 -14 -15
leaf_value=-0.032422397292981124 -0.010827168214001953 0.021935743923706664 0.012519182702325654 0.027647092289485989 0.0046843245030719583 -0.09253232899846775 -0.0020248892076130788 -0.022323694379836695 -0.022198254227830429 -0.0013166021963157473 0.036149175302123228 0.013938763572166158 0.013934816105643889 0.013908833368075572
leaf_weight=253 43 172 41 64 134 65 157 57 143 238 40 379 66 100
leaf_count=253 43 172 41 64 134 65 157 57 143 238 40 379 66 100
internal_value=-0.000461066 -0.00372191 -0.0139456 -0.00106195 -0.00425824 -0.0114035 0.00440729 -0.00688623 -0.00306859 0.00472637 0.00833333 0.0113365 -0.00321101 0.00177515
internal_weight=1952 1424 294 1130 728 399 329 334 277 402 528 419 109 338
internal_count=1952 1424 294 1130 728 399 329 334 277 402 528 419 109 338
is_linear=0
shrinkage=0.05


Tree=24
num_leaves=15
num_cat=0
split_feature=1 4 2 5 8 8 5 4 4 0 6 4 1 0
split_gain=22.4703 17.4664 13.4484 25.0026 10.9653 9.63039 7.05117 8.64788 8.03468 13.955 6.64004 6.15277 6.38642 8.33964
threshold=0.68630018684894145 5.4060000000000015 0.71541278717867718 10.917500000000002 -2.3214999999999999 -2.5609999999999995 28.781000000000002 8.366500000000002 9.5825000000000014 14.593000000000002 -0.035499999999999997 23.603500000000004 0.93168921928840098 19.208500000000004
decision_type=2 2 2 2 2 2 2 2 2 2 2 2 2 2
left_child=1 2 -1 5 6 -4 7 -3 -9 -10 -5 12 13 -2
right_child=11 4 3 10 -6 -7 -8 8 9 -11 -12 -13 -14 -15
leaf_value=-0.00027445260488920823 -0.0056107897667402986 -0.0083222707208815382 -0.037913042752545957 -0.090623887698380701 0.0056850722591381964 0.0085899084931052201 -0.0091301185204293849 0.018814877713277212 0.046586966016024037 -0.008489884385935299 -0.045723702911827639 0.032717387509035231 0.014812062557378615 0.015629744186683277
leaf_weight=137 182 149 43 83 457 55 252 52 50 103 43 82 209 55
leaf_count=137 182 149 43 83 457 55 252 52 50 103 43 82 209 55
internal_value=-0.000665984 -0.00393258 -0.0134349 -0.0209821 -0.00070555 -0.00204082 -0.00511551 -0.000564972 0.00609756 0.000326797 -0.0357143 0.00814394 0.0058296 0.00021097
internal_weight=1952 1424 361 224 1063 98 606 354 205 153 126 528 446 237
internal_count=1952 1424 361 224 1063 98 606 354 205 153 126 528 446 237
is_linear=0
shrinkage=0.05


Tree=25
num_leaves=15
num_cat=0
split_feature=1 4 4 6 0 8 5 7 6 5 7 3 3 5
split_gain=20.8749 15.9133 9.68829 9.34448 11.6346 8.56998 9.06476 12.7528 9.62599 7.43518 8.08362 6.17452 11.4292 6.17194
threshold=0.48941038753127741 4.1610000000000005 29.712000000000003 0.16250000000000003 6.9465000000000012 -3.1429999999999993 13.947500000000002 767.63950000000011 0.40250000000000008 32.58100000000001 908.10000000000014 28.454000000000004 0.054500000000000007 28.781000000000002
decision_type=2 2 2 2 2 2 2 2 2 2 2 2 2 2
left_child=1 3 5 4 -1 6 -3 -8 -9 10 13 12 -2 -7
right_child=11 2 -4 -5 -6 9 7 8 -10 -11 -12 -13 -14 -15
leaf_value=-0.0052624950225727794 -0.0017158327847790146 0.0092358340059234875 0.028263874213965558 0.002792411542440447 -0.066293297798535863 -0.0006286240110863206 -0.066809367808556522 0.013135256188099343 -0.020921860047391192 -0.006394496675534384 0.0051226044121213555 0.0020722270764906071 0.015472058082834295 -0.019482132866059928
leaf_weight=46 81 43 73 48 107 442 62 49 50 117 190 375 228 41
leaf_count=46 81 43 73 48 107 442 62 49 50 117 190 375 228 41
internal_value=-0.000461066 -0.00425868 -0.00182755 -0.0171642 -0.0232026 -0.00311871 -0.0122549 -0.0177019 -0.00656566 -0.000759494 0.001263 0.00657895 0.0118123 -0.00217391
internal_weight=1952 1268 1067 201 153 994 204 161 99 790 673 684 309 483
internal_count=1952 1268 1067 201 153 994 204 161 99 790 673 684 309 483
is_linear=0
shrinkage=0.05


Tree=26
num_leaves=15
num_cat=0
split_feature=1 4 5 2 4 5 2 4 7 5 0 1 8 0
split_gain=18.929 13.7341 8.52555 17.8058 8.33285 7.1961 19.9844 9.74666 11.5031 11.242 9.05944 5.73062 8.44165 6.33908
threshold=0.48941038753127741 4.1610000000000005 10.744500000000002 0.71541278717867718 29.712000000000003 14.009000000000002 0.83399694777620859 6.0785000000000009 772.07700000000011 35.122000000000007 33.405500000000011 0.92913280730858816 -3.1809999999999996 21.347000000000005
decision_type=2 2 2 2 2 2 2 2 2 2 2 2 2 2
left_child=1 2 -1 -4 5 -3 7 8 -7 10 -9 12 -2 -14
right_child=11 4 3 -5 -6 6 -8 9 -10 -11 -12 -13 13 -15
leaf_value=0.0012544685094815885 -0.0099194786757258908 0.0036089930534492221 -0.0065807082752336321 -0.080059853273698522 0.026850680503267277 -0.028071282302127066 -0.11256745194766744 -0.0046012615151048873 0.025287043956745633 -0.017770471807365708 0.0092025810019723056 0.014891364024996891 0.00071624149410309259 0.014796878830400357
leaf_weight=58 53 257 64 79 73 41 40 446 69 77 64 251 275 105
leaf_count=58 53 257 64 79 73 41 40 446 69 77 64 251 275 105
internal_value=-0.000563525 -0.00417981 -0.0161692 -0.0227273 -0.00192127 -0.00311871 -0.00563094 -0.00365854 0.01 -0.00621806 -0.00352941 0.00614035 0.00265589 0.00526316
internal_weight=1952 1268 201 143 1067 994 737 697 110 587 510 684 433 380
internal_count=1952 1268 201 143 1067 994 737 697 110 587 510 684 433 380
is_linear=0
shrinkage=0.05


Tree=27
num_leaves=15
num_cat=0
split_feature=8 7 5 3 8 1 7 6 1 3 8 5 3 4
split_gain=17.3601 19.4999 18.0875 15.7968 8.48051 8.22573 8.01097 16.564 8.18164 7.05209 6.92672 6.24713 7.44599 5.44039
threshold=-1.7729999999999997 488.18950000000007 11.884000000000002 0.014500000000000001 -3.0994999999999995 0.86458376591717523 968.09450000000015 0.36250000000000004 0.92913280730858816 32.712500000000006 -2.1049999999999995 26.648500000000002 4.0590000000000002 5.5260000000000007
decision_type=2 2 2 2 2 2 2 2 2 2 2 2 2 2
left_child=1 2 -1 -3 5 13 7 8 -2 11 -11 -6 -13 -5
right_child=6 3 -4 4 9 -7 -8 -9 -10 10 -12 12 -14 -15
leaf_value=-0.009755257264006079 0.0083908596906389268 -0.010694942323170344 -0.076056860610013585 -0.032991359670645162 0.012759136743216741 0.013456539007805024 0.030305432922918176 -0.019781016063056937 0.034396794393235577 0.0036621643031584774 -0.0078929107248753346 0.0095833553409107354 -0.0065349008918562795 -0.0041722915799518373
leaf_weight=149 294 335 107 45 232 59 60 54 65 213 69 67 73 130
leaf_count=149 294 335 107 45 232 59 60 54 65 213 69 67 73 130
internal_value=-0.000409836 -0.0030764 -0.015625 -0.000449714 0.00304054 -0.00512821 0.00792812 0.00544794 0.00933148 0.0059633 0 0.0104839 0.00214286 -0.0105714
internal_weight=1952 1479 256 1223 888 234 473 413 359 654 282 372 140 175
internal_count=1952 1479 256 1223 888 234 473 413 359 654 282 372 140 175
is_linear=0
shrinkage=0.05


Tree=28
num_leaves=15
num_cat=0
split_feature=8 4 2 0 5 1 7 6 0 1 4 6 7 8
split_gain=16.0516 17.0535 21.3925 19.5728 10.1415 9.92112 8.41271 13.7604 7.37083 6.97643 6.12127 8.2334 7.79388 6.04695
threshold=-1.7729999999999997 8.366500000000002 0.82438889030848939 7.4480000000000013 35.122000000000007 -0.81403855522663837 968.09450000000015 0.31750000000000006 21.969000000000005 0.92913280730858816 9.5825000000000014 -0.08249999999999999 407.97150000000005 -3.0034999999999994
decision_type=2 2 2 2 2 2 2 2 2 2 2 2 2 2
left_child=1 2 5 -4 10 8 7 9 -1 -2 -3 12 -12 -7
right_child=6 4 3 -5 -6 13 -8 -9 -10 -11 11 -13 -14 -15
leaf_value=-0.026067712887773771 0.0083539608748646969 0.0079936764138563883 -0.012957458217844298 -0.085513015958300312 -0.011758827291999353 -0.0096861460164911328 0.028790161276772266 -0.015582529795613779 -0.010199472670654028 0.038640585992080756 -0.012185101023304721 -0.00045345726908908315 0.041420399764770598 0.0033762268020465728
leaf_weight=54 289 121 99 89 56 144 60 65 84 59 40 402 85 305
leaf_count=54 289 121 99 89 56 144 60 65 84 59 40 402 85 305
internal_value=-0.000512295 -0.0030764 -0.00819355 -0.0228723 0.00255682 -0.00349233 0.00750529 0.00496368 -0.0152174 0.00890805 0.00432099 0.00199241 0.0132 0.000111359
internal_weight=1952 1479 775 188 704 587 473 413 138 348 648 527 125 449
internal_count=1952 1479 775 188 704 587 473 413 138 348 648 527 125 449
is_linear=0
shrinkage=0.05


Tree=29
num_leaves=15
num_cat=0
split_feature=8 4 1 5 7 3 7 8 0 0 5 7 6 3
split_gain=14.5576 14.4135 12.1507 11.8772 11.1016 9.09901 8.32065 13.9608 7.82378 7.80928 8.88352 12.9127 13.2559 10.442
threshold=-3.0599999999999996 8.366500000000002 -0.09025077427732299 16.574000000000005 764.26550000000009 1.0000000180025095e-35 488.18950000000007 -1.6749999999999996 10.375000000000002 1.2745000000000002 10.917500000000002 875.8370000000001 0.12050000000000001 91.466500000000011
decision_type=2 2 2 2 2 2 2 2 2 2 2 2 2 2
left_child=1 4 6 -3 8 -4 7 -2 -1 -7 13 12 -12 -11
right_child=2 3 5 -5 -6 9 -8 -9 -10 10 11 -13 -14 -15
leaf_value=-0.037747260229979401 -0.074189785596094668 0.039486998497263739 -0.0038212167605775867 -0.0048486389066808135 -0.0068539949262239816 -0.0071686159759539701 -0.00033597961683603503 0.0050316175895834293 -0.044619289163412679 0.047095238967111805 0.0033456699924838116 0.014741766151041905 -0.016450770219592726 0.025291469649532269
leaf_weight=96 84 51 123 146 103 41 477 79 61 79 142 304 77 89
leaf_count=96 84 51 123 146 103 41 477 79 61 79 142 304 77 89
internal_value=-0.000614754 -0.00842451 0.00177258 0.00177665 -0.0161538 0.00567251 -0.0034375 -0.0131902 -0.0245223 0.00778689 0.00904486 0.00583174 -0.00342466 0.0190476
internal_weight=1952 457 1495 197 260 855 640 163 157 732 691 523 219 168
internal_count=1952 457 1495 197 260 855 640 163 157 732 691 523 219 168
is_linear=0
shrinkage=0.05


Tree=30
num_leaves=15
num_cat=0
split_feature=8 1 4 6 7 5 2 3 6 4 5 0 2 3
split_gain=15.7063 12.8815 11.3587 8.42527 7.66994 12.586 16.4401 8.81369 11.0267 8.45562 6.62651 6.62294 9.09283 7.63233
threshold=-2.3874999999999997 0.86458376591717523 4.2695000000000007 -0.19149999999999998 871.68200000000013 14.009000000000002 0.78884570776442897 11.828000000000001 0.078000000000000014 7.1945000000000006 8.7570000000000014 1.6920000000000004 0.075135296012361824 90.597000000000008
decision_type=2 2 2 2 2 2 2 2 2 2 2 2 2 2
left_child=1 2 3 -1 5 11 7 -7 -9 -6 -4 -2 -13 -14
right_child=4 -3 10 -5 9 6 -8 8 -10 -11 -12 12 13 -15
leaf_value=-0.072324049224663359 -0.0077236953956091488 0.0067887811393221534 0.011510234794970521 -0.0086973720969284948 0.025424772817449627 0.014350597451759553 -0.06178226274709845 0.004780036710104258 -0.02193538949828815 0.005447979968016492 -0.005670836063526247 -0.0039883036316911624 0.034232568318321256 0.0043190997206919773
leaf_weight=76 40 160 53 68 76 92 46 47 66 233 663 66 131 135
leaf_count=76 40 160 53 68 76 92 46 47 66 233 663 66 131 135
internal_value=-0.000614754 -0.00490196 -0.00732558 -0.0201389 0.00407725 0.000882825 -0.00776892 -0.00170732 -0.0110619 0.0105178 -0.0047486 0.00672043 0.00903614 0.0131579
internal_weight=1952 1020 860 144 932 623 251 205 113 309 716 372 332 266
internal_count=1952 1020 860 144 932 623 251 205 113 309 716 372 332 266
is_linear=0
shrinkage=0.05


Tree=31
num_leaves=15
num_cat=0
split_feature=8 1 4 1 3 7 8 5 5 6 3 6 4 5
split_gain=13.7568 11.9483 10.9687 9.03206 8.78315 8.21942 13.4946 7.60374 7.57397 7.5209 7.15785 8.00549 7.1942 7.1183
threshold=-3.1159999999999997 0.86458376591717523 4.4095000000000004 1.0000000180025095e-35 1.0000000180025095e-35 488.18950000000007 -1.6749999999999996 29.160000000000004 9.1475000000000026 0.46350000000000008 9.1940000000000008 0.14500000000000002 5.947000000000001 12.450000000000001
decision_type=2 2 2 2 2 2 2 2 2 2 2 2 2 2
left_child=1 2 -1 5 9 6 8 10 -2 -5 12 -12 -7 -4
right_child=3 -3 13 4 -6 7 -8 -9 -10 -11 11 -13 -14 -15
leaf_value=-0.042185259999107952 -0.023456314173628465 0.01008585280828277 0.01104107969879781 -0.013952486654510302 0.01021021869092318 0.027016883115228176 0.0056222367513456516 -0.0065095806918174237 -0.086924991726549772 0.0052013245831270677 0.0098319690632271885 -0.010453286818257709 0.0061920123599102771 -0.018242270407678035
leaf_weight=74 44 72 51 78 711 41 92 188 54 40 74 84 131 218
leaf_count=74 44 72 51 78 711 41 92 188 54 40 74 84 131 218
internal_value=-0.000717213 -0.00879518 -0.0126822 0.00146389 0.00500603 -0.00268362 -0.0115789 0.000579151 -0.0244898 -0.00762712 0.00515152 -0.00253165 0.0122093 -0.00799257
internal_weight=1952 415 343 1537 829 708 190 518 98 118 330 158 172 269
internal_count=1952 415 343 1537 829 708 190 518 98 118 330 158 172 269
is_linear=0
shrinkage=0.05


Tree=32
num_leaves=15
num_cat=0
split_feature=4 4 0 2 5 3 1 8 0 3 1 5 5 8
split_gain=13.4656 9.50857 9.31826 13.3288 10.1028 8.78605 9.66482 8.36514 7.94617 7.13763 8.14985 6.85507 6.81973 9.26432
threshold=4.3335000000000008 33.982000000000006 5.4510000000000014 0.59818091440591659 11.712000000000002 0.15350000000000003 -0.97505550290239429 -2.7724999999999995 15.570500000000001 41.998500000000007 0.91172524504317609 32.444500000000012 12.338000000000003 -3.1809999999999996
decision_type=2 2 2 2 2 2 2 2 2 2 2 2 2 2
left_child=2 5 -1 -4 -5 7 -7 -2 -9 11 12 -8 -11 -14
right_child=1 -3 3 4 -6 6 9 8 -10 10 -12 -13 13 -15
leaf_value=0.022007830249209687 -0.016473328384576359 0.026985128097432778 -0.0019981778581906018 -0.0037426973566067768 -0.052054015913206443 -0.022239786208545446 0.010947332067563598 -0.006068609253862562 0.002438088778294135 0.0054331128404428207 0.01369246460309303 -0.0045160515132412794 -0.037954583995542829 -0.0039115484400436013
leaf_weight=55 154 63 122 42 95 68 461 43 181 206 123 68 56 215
leaf_count=55 154 63 122 42 95 68 461 43 181 206 123 68 56 215
internal_value=-0.00102459 0.000793651 -0.0105096 -0.0144788 -0.0251825 3.1746e-05 0.00213033 -0.00661376 -0.000446429 0.00323295 -0.0005 0.00746692 -0.00345912 -0.00867159
internal_weight=1952 1638 314 259 137 1575 1197 378 224 1129 600 529 477 271
internal_count=1952 1638 314 259 137 1575 1197 378 224 1129 600 529 477 271
is_linear=0
shrinkage=0.05


Tree=33
num_leaves=15
num_cat=0
split_feature=8 7 5 3 7 6 0 0 7 8 8 1 7 6
split_gain=14.354 11.2793 16.3185 9.45672 9.24568 12.5951 7.85778 8.37135 7.51049 6.58945 6.11102 8.61729 6.53147 7.19536
threshold=-1.7729999999999997 488.18950000000007 12.541500000000001 0.014500000000000001 968.09450000000015 0.36250000000000004 2.6970000000000005 10.375000000000002 722.02400000000011 -1.9259999999999997 -3.1069999999999998 0.86458376591717523 767.63950000000011 0.42350000000000004
decision_type=2 2 2 2 2 2 2 2 2 2 2 2 2 2
left_child=1 2 -1 -3 5 6 -2 -8 -9 10 11 12 -5 -14
right_child=4 3 -4 9 -6 -7 7 8 -10 -11 -12 -13 13 -15
leaf_value=-0.0033638509327140881 -0.0077358401267317361 -0.0080903712973197234 -0.065086769213347426 -0.025876736851452021 0.025252204171062734 -0.016577624284311265 0.037857797054914794 -0.0034752418200443046 0.018899212080567808 -0.0061850977210536661 0.0060825685508634434 0.012700903639201264 0.016092636925584988 -0.01899824418061534
leaf_weight=157 49 335 99 71 60 54 148 116 46 48 611 58 57 43
leaf_count=157 49 335 99 71 60 54 148 116 46 48 611 58 57 43
internal_value=-0.000922131 -0.00334686 -0.0128906 -0.00134914 0.00665962 0.00399516 0.00738162 0.0103226 0.00246914 0.00135135 0.00238095 -0.00458515 -0.0102339 -0.002
internal_weight=1952 1479 256 1223 473 413 359 310 162 888 840 229 171 100
internal_count=1952 1479 256 1223 473 413 359 310 162 888 840 229 171 100
is_linear=0
shrinkage=0.05


Tree=34
num_leaves=15
num_cat=0
split_feature=8 4 2 5 7 1 7 6 8 8 0 5 7 5
split_gain=13.9686 11.9497 12.3348 21.838 9.78356 9.49019 9.24568 12.5951 7.14863 6.51356 6.21756 6.52219 5.92445 6.97287
threshold=-1.7729999999999997 27.641500000000004 0.82438889030848939 14.996 990.96950000000015 -0.86095304316285715 968.09450000000015 0.36250000000000004 -3.3574999999999995 -2.4554999999999993 19.650500000000005 23.965500000000002 483.99450000000007 28.949000000000002
decision_type=2 2 2 2 2 2 2 2 2 2 2 2 2 2
left_child=1 2 4 8 5 10 7 -2 -4 -10 -1 -12 -7 -14
right_child=6 -3 3 -5 -6 12 -8 -9 9 -11 11 -13 13 -15
leaf_value=-0.023490150150948491 0.011397358684387472 0.012504868140831777 -0.055995710993968176 -0.093559489200377127 -0.010720086619239061 -0.039603990458629564 0.023989593962509593 -0.015748743070095699 0.0103207490252894 -0.032090034966585933 0.0089766033059025929 -0.01288506252512669 0.0063756575946682121 -0.0030044942790474847
leaf_weight=55 359 90 44 62 103 58 60 54 67 53 48 124 562 213
leaf_count=55 359 90 44 62 103 58 60 54 67 53 48 124 562 213
internal_value=-0.000819672 -0.00321163 -0.00435565 -0.0150442 -0.00227859 -0.000849057 0.00665962 0.00399516 -0.0054878 0.000833333 -0.00991189 -0.00523256 0.00162065 0.00277419
internal_weight=1952 1479 1389 226 1163 1060 473 413 164 120 227 172 833 775
internal_count=1952 1479 1389 226 1163 1060 473 413 164 120 227 172 833 775
is_linear=0
shrinkage=0.05


Tree=35
num_leaves=15
num_cat=0
split_feature=8 4 2 0 1 7 6 4 7 5 3 0 5 1
split_gain=12.8622 12.3392 14.0806 23.7502 9.87302 9.10169 11.2535 8.18712 7.75493 9.94681 9.4194 7.37403 8.20968 8.60258
threshold=-1.7584999999999997 8.366500000000002 0.82438889030848939 7.4480000000000013 -0.81403855522663837 968.09450000000015 0.36250000000000004 33.362500000000004 990.96950000000015 33.117000000000012 99.999500000000012 2.6970000000000005 10.744500000000002 0.030073020370188292
decision_type=2 2 2 2 2 2 2 2 2 2 2 2 2 2
left_child=1 2 4 -4 -1 6 11 8 9 10 -3 -2 13 -13
right_child=5 7 3 -5 -6 -7 -8 -9 -10 -11 -12 12 -14 -15
leaf_value=-0.017030795892033247 -0.0079189160546145228 0.0079369939204969649 -0.0093525427811880345 -0.070651408188652828 -0.00035627925417210386 0.023019308478218137 -0.0158947949737611 0.025178820832155259 -0.0081223869060377089 -0.0087605226856005865 -0.0068747015934053027 0.01608864909192714 0.00077384087409389376 0.053654558683658704
leaf_weight=139 49 433 99 91 450 59 53 41 79 72 82 71 150 84
leaf_count=139 49 433 99 91 450 59 53 41 79 72 82 71 150 84
internal_value=-0.00102459 -0.00329744 -0.007638 -0.0194737 -0.00382003 0.00622318 0.00356265 0.00148515 0.00015015 0.00212947 0.00456311 0.00677966 0.00967213 0.0177419
internal_weight=1952 1486 779 190 589 466 407 707 666 587 515 354 305 155
internal_count=1952 1486 779 190 589 466 407 707 666 587 515 354 305 155
is_linear=0
shrinkage=0.05


Tree=36
num_leaves=15
num_cat=0
split_feature=8 4 2 0 7 6 1 0 8 7 3 3 5 3
split_gain=13.0048 10.8672 14.2675 23.1163 9.46007 11.0012 7.87485 7.6141 6.7648 6.41671 8.95972 5.64387 5.52771 5.0909
threshold=-1.7729999999999997 8.366500000000002 0.82438889030848939 7.4480000000000013 968.09450000000015 0.38750000000000007 -0.81403855522663837 24.764000000000003 -2.7609999999999997 982.15350000000012 99.999500000000012 81.542500000000004 14.103000000000003 83.351500000000016
decision_type=2 2 2 2 2 2 2 2 2 2 2 2 2 2
left_child=1 2 6 -4 5 11 8 9 -1 10 -3 12 -2 -8
right_child=4 7 3 -5 -6 -7 13 -9 -10 -11 -12 -13 -14 -15
leaf_value=-0.023568368449320792 0.032382911318110788 0.02004838805174269 -0.0088849156421286334 -0.068331939666353578 0.021639148840473202 -0.021672606541009928 0.0032674592853053543 -0.0018516087830281859 -0.0028060507735286795 -0.0077732933122089043 -0.0040270833498300962 0.0010800011668259447 0.00068059578331192052 -0.0127296824903606
leaf_weight=68 105 257 99 89 60 48 336 337 70 40 70 205 55 113
leaf_count=68 105 257 99 89 60 48 336 337 70 40 70 205 55 113
internal_value=-0.000768443 -0.0030764 -0.00716129 -0.0191489 0.0064482 0.00375303 -0.00332198 0.00142045 -0.0137681 0.00640327 0.0087156 0.00671233 0.01375 -0.000111359
internal_weight=1952 1479 775 188 473 413 587 704 138 367 327 365 160 449
internal_count=1952 1479 775 188 473 413 587 704 138 367 327 365 160 449
is_linear=0
shrinkage=0.05


Tree=37
num_leaves=15
num_cat=0
split_feature=4 0 2 4 5 2 0 3 6 5 5 2 0 0
split_gain=9.85944 9.34527 13.3831 8.13287 6.71955 16.1385 8.97939 7.85696 6.5055 6.33708 5.66803 9.91406 8.48273 11.3958
threshold=4.2190000000000003 6.9465000000000012 0.71541278717867718 33.982000000000006 11.246 0.87796008470088804 1.6920000000000004 90.597000000000008 -0.39949999999999997 14.272500000000003 27.031000000000002 -0.098820138732871751 19.847000000000005 12.983000000000002
decision_type=2 2 2 2 2 2 2 2 2 2 2 2 2 2
left_child=1 -1 -3 4 6 10 -2 8 -8 -4 12 -12 13 -6
right_child=3 2 9 -5 5 -7 7 -9 -10 -11 11 -13 -14 -15
leaf_value=0.008237190778229082 -0.031698851377882788 -0.0019785274210412707 -0.027325094139219675 0.022917460387960366 0.0028178611708767677 -0.048955177245317116 0.049769542160270776 0.0064816079984962643 0.0069744757910159888 -0.064453790099227859 -0.00073850864211686513 -0.031344584903046209 0.0086572419273888562 -0.01342860097810461
leaf_weight=75 49 125 41 63 193 55 49 154 67 56 420 47 328 230
leaf_count=75 49 125 41 63 193 55 49 154 67 56 420 47 328 230
internal_value=-0.000870902 -0.00925926 -0.0144144 0.000634441 -6.28141e-05 -0.00168892 0.00642633 0.01 0.0198276 -0.0283505 -0.000492611 -0.00481799 0.00219707 -0.00248227
internal_weight=1952 297 222 1655 1592 1273 319 270 116 97 1218 467 751 423
internal_count=1952 297 222 1655 1592 1273 319 270 116 97 1218 467 751 423
is_linear=0
shrinkage=0.05


Tree=38
num_leaves=15
num_cat=0
split_feature=8 7 5 4 7 6 5 6 0 0 7 4 3 5
split_gain=10.6728 11.4305 20.8106 7.83705 6.89763 11.178 6.71758 6.60821 5.63768 8.63445 8.31463 5.79055 4.97882 4.97649
threshold=-1.7729999999999997 504.66750000000008 13.947500000000002 9.895500000000002 966.65150000000006 0.38750000000000007 15.309500000000002 -0.20749999999999996 2.6970000000000005 10.375000000000002 722.02400000000011 8.6610000000000014 93.070000000000007 25.066000000000006
decision_type=2 2 2 2 2 2 2 2 2 2 2 2 2 2
left_child=1 2 3 -1 5 8 -3 -8 -2 12 11 -11 -10 -9
right_child=4 6 -4 -5 -6 -7 7 13 9 10 -12 -13 -14 -15
leaf_value=-0.0100876441800987 -0.0075571732488952 0.0076895240785970157 -0.061671499536024826 0.021771587368562353 0.019640512592885552 -0.022826935101958826 -0.017618349930994592 0.0011757782661577288 0.039882007878800065 -0.03487858680836977 0.019193947456367211 0.0035338404174013517 0.015526041517625936 -0.0020025109241684851
leaf_weight=138 49 174 97 49 63 46 42 391 77 51 48 67 72 588
leaf_count=138 49 174 97 49 63 46 42 391 77 51 48 67 72 588
internal_value=-0.000512295 -0.00260311 -0.0116197 -0.00187166 0.00602537 0.00365854 -0.000460251 -0.00200784 0.00659341 0.00904762 0.00120482 -0.0059322 0.0177852 -0.00117467
internal_weight=1952 1479 284 187 473 410 1195 1021 364 315 166 118 149 979
internal_count=1952 1479 284 187 473 410 1195 1021 364 315 166 118 149 979
is_linear=0
shrinkage=0.05


Tree=39
num_leaves=15
num_cat=0
split_feature=1 5 7 0 0 4 7 5 5 4 0 5 0 0
split_gain=9.32118 7.36624 11.1172 9.73677 7.31606 6.44344 6.56487 13.7381 10.2141 5.92371 7.80232 10.7314 9.53917 5.7969
threshold=1.0000000180025095e-35 8.0605000000000029 619.07200000000012 2.6970000000000005 7.4480000000000013 27.975500000000004 488.18950000000007 14.009000000000002 13.947500000000002 14.001000000000001 32.981500000000004 30.900000000000002 23.054000000000006 28.200000000000006
decision_type=2 2 2 2 2 2 2 2 2 2 2 2 2 2
left_child=5 3 4 -2 -3 6 7 -1 -8 10 11 12 -10 -14
right_child=1 2 -4 -5 -6 -7 8 -9 9 -11 -12 -13 13 -15
leaf_value=-0.0034749217374290598 -0.007179314586450442 0.0018639385323550293 0.0045859824361285826 0.057980405399837731 -0.031010223659295622 0.013535367458487935 0.017023391504496728 -0.077059563373634912 -0.016851528393296608 -0.013399500073151284 0.0099564753152287366 -0.023936719406351475 0.013031987471616957 -0.00118964582242959
leaf_weight=170 45 76 677 92 119 60 65 69 108 102 81 86 100 102
leaf_count=170 45 76 677 92 119 60 65 69 108 102 81 86 100 102
internal_value=-0.000614754 0.00272547 0.00103211 0.0135036 -0.00948718 -0.00418876 -0.00526614 -0.0123431 -0.00263975 -0.00474957 -0.0024109 -0.00530303 -0.000967742 0.00544554
internal_weight=1952 1009 872 137 195 943 883 239 644 579 477 396 310 202
internal_count=1952 1009 872 137 195 943 883 239 644 579 477 396 310 202
is_linear=0
shrinkage=0.05


Tree=40
num_leaves=15
num_cat=0
split_feature=4 1 3 6 4 0 5 1 6 8 3 4 3 3
split_gain=9.27114 8.98277 7.05622 6.8673 6.80002 5.92413 10.9625 6.29192 5.77517 5.18214 6.83656 8.21386 9.58606 7.13878
threshold=33.982000000000006 1.0000000180025095e-35 0.12750000000000003 0.46350000000000008 2.6525000000000003 1.6920000000000004 8.0605000000000029 0.14984488681196825 0.22700000000000004 -2.5784999999999996 66.27500000000002 4.378000000000001 0.15350000000000003 3.5155000000000003
decision_type=2 2 2 2 2 2 2 2 2 2 2 2 2 2
left_child=1 9 3 8 -4 -6 -7 -8 -3 10 11 -1 -13 -14
right_child=-2 2 4 -5 5 6 7 -9 -10 -11 -12 12 13 -15
leaf_value=-0.024397425072846087 0.019376451986290868 -0.001285551857668868 -0.011539849953743313 0.0051450128302158856 -0.03013941928359597 0.059597255627447401 0.028342068357980851 0.0022701703566974209 -0.012705512306384031 -0.00069502156632434428 -0.033494840339934662 -0.012061387499045919 0.0094586515494673 -0.00081028223866459303
leaf_weight=44 63 55 52 50 43 91 46 575 57 455 124 144 53 100
leaf_count=44 63 55 52 50 43 91 46 575 57 455 124 144 53 100
internal_value=-0.000614754 -0.00124404 0.00211558 -0.00740741 0.00402726 0.00523179 0.00632022 0.00394525 -0.0142857 -0.00478261 -0.00849462 -0.00483871 -0.00185185 0.00686275
internal_weight=1952 1889 969 162 807 755 712 621 112 920 465 341 297 153
internal_count=1952 1889 969 162 807 755 712 621 112 920 465 341 297 153
is_linear=0
shrinkage=0.05


Tree=41
num_leaves=15
num_cat=0
split_feature=4 8 5 2 3 3 4 7 2 4 1 6 6 8
split_gain=7.73087 8.50563 7.57388 22.3691 6.47881 7.02171 6.06887 6.00707 5.79112 9.38953 5.76086 6.91337 4.11535 3.63736
threshold=33.982000000000006 -3.5459999999999998 14.009000000000002 0.83399694777620859 93.070000000000007 97.973000000000013 8.9100000000000019 428.82700000000006 0.94713111268739625 6.4580000000000011 0.064414007683963548 -0.34499999999999992 0.0095000000000000015 -3.3994999999999993
decision_type=2 2 2 2 2 2 2 2 2 2 2 2 2 2
left_child=1 6 4 13 7 -6 12 -3 9 -9 -7 -12 -1 -4
right_child=-2 2 3 -5 5 10 -8 8 -10 -11 11 -13 -14 -15
leaf_value=-0.056678855160271505 0.018407629386976321 0.046546373056241763 0.016286437671253064 -0.054079336829031877 -0.010804501078327578 -0.0073464488499727287 0.00054858889531977375 0.020528235214960274 -0.0072546086863793623 0.0020343557165332566 0.033367940766378106 -0.0046838573766553758 -0.018086765621226897 -0.00044741615997331288
leaf_weight=79 63 44 44 75 40 92 67 64 48 114 75 43 40 1064
leaf_count=79 63 44 44 75 40 92 67 64 48 114 75 43 40 1064
internal_value=-0.000563525 -0.00113817 -2.936e-05 -0.00224007 0.005 -0.0008 -0.0112903 0.0103704 0.00707965 0.011236 0.00285714 0.0101695 -0.0180672 -0.000451264
internal_weight=1952 1889 1703 1183 520 250 186 270 226 178 210 118 119 1108
internal_count=1952 1889 1703 1183 520 250 186 270 226 178 210 118 119 1108
is_linear=0
shrinkage=0.05


Tree=42
num_leaves=15
num_cat=0
split_feature=4 7 0 8 2 0 3 8 4 4 7 0 8 0
split_gain=7.25759 13.5182 22.7619 18.2677 12.7808 14.1141 10.3067 10.234 7.90346 7.71797 6.37396 5.41894 5.34944 5.10349
threshold=8.4285000000000014 675.93850000000009 7.4480000000000013 -1.7584999999999997 0.092265415903232631 2.6970000000000005 0.014500000000000001 -3.3204999999999996 7.5445000000000011 9.4695000000000018 533.17000000000019 15.013000000000002 -2.5904999999999996 29.849500000000003
decision_type=2 2 2 2 2 2 2 2 2 2 2 2 2 2
left_child=1 2 7 8 9 -6 -4 -1 11 -2 -8 -3 -12 -13
right_child=4 3 6 -5 5 -7 10 -9 -10 -11 12 13 -14 -15
leaf_value=-0.036662175629248631 0.0082309188511805517 0.0099215986705404307 -0.047575632692091432 0.027955121632982523 -0.033494071719681731 0.024630863875495995 -0.030152393790250854 0.015945464387992211 -0.015006971019519985 -0.0015178271286236528 -0.020351329703817662 -0.0023290164448505042 0.0037856005968052611 0.012459823842098774
leaf_weight=41 85 42 44 48 44 274 160 145 90 601 40 187 49 102
leaf_count=41 85 42 44 48 44 274 160 145 90 601 40 187 49 102
internal_value=-0.000870902 -0.00400844 -0.00991649 0.00202559 0.00209163 0.0103774 -0.0186007 0.00376344 -0.00130641 -0.00174927 -0.0146586 0.00226586 -0.00393258 -0.00017301
internal_weight=1952 948 479 469 1004 318 293 186 421 686 249 331 89 289
internal_count=1952 948 479 469 1004 318 293 186 421 686 249 331 89 289
is_linear=0
shrinkage=0.05


Tree=43
num_leaves=15
num_cat=0
split_feature=8 4 5 2 0 3 5 6 6 5 6 0 7 4
split_gain=7.41834 8.35945 6.69369 11.4551 7.24906 9.37495 7.20303 4.95917 4.11535 3.76753 6.78462 2.97783 3.32773 4.8015
threshold=-3.5459999999999998 8.9100000000000019 10.917500000000002 0.87796008470088804 1.2745000000000002 91.466500000000011 14.996 -0.34499999999999992 0.0095000000000000015 3.5140000000000007 -0.41649999999999993 6.5855000000000006 673.46950000000015 6.0785000000000009
decision_type=2 2 2 2 2 2 2 2 2 2 2 2 2 2
left_child=1 8 4 11 -2 7 -5 -6 -1 -7 -11 -4 -13 -14
right_child=2 -3 3 6 5 9 -8 -9 -10 10 -12 12 13 -15
leaf_value=-0.052011803620795494 -0.007902088429076937 0.0030799600488551821 0.0076669482040958251 -0.016422502444859103 0.049415613538579851 0.055759005709675472 -0.058654490807533113 0.0060526476840750245 -0.015934811111742005 -0.014768645779659485 0.012817215175153491 -0.0044035006739646275 0.01060420115748145 -0.00031369805676500237
leaf_weight=79 45 73 41 56 75 46 45 76 40 65 52 224 193 842
leaf_count=79 45 73 41 56 75 46 45 76 40 65 52 224 193 842
internal_value=-0.000563525 -0.00989583 0.000454545 -0.00110635 0.00654596 0.00923567 -0.0173267 0.0182119 -0.0180672 0.000920245 -0.00384615 0.000153846 -0.000277998 0.000917874
internal_weight=1952 192 1760 1401 359 314 101 151 119 163 117 1300 1259 1035
internal_count=1952 192 1760 1401 359 314 101 151 119 163 117 1300 1259 1035
is_linear=0
shrinkage=0.05


Tree=44
num_leaves=15
num_cat=0
split_feature=8 7 5 4 4 7 5 7 5 6 6 0 4 5
split_gain=8.63659 8.9317 14.3636 7.50177 8.94972 7.02082 12.5353 6.57 5.09487 6.54781 6.97655 9.19474 10.3316 7.98251
threshold=-1.7274999999999998 504.66750000000008 13.947500000000002 11.399000000000003 17.183000000000003 740.40400000000011 13.947500000000002 999.71600000000012 25.066000000000006 0.30850000000000005 0.094500000000000015 19.116000000000003 11.818000000000003 18.046500000000005
decision_type=2 2 2 2 2 2 2 2 2 2 2 2 2 2
left_child=1 2 -1 5 -5 6 -2 8 9 10 11 12 13 -3
right_child=3 7 -4 4 -6 -7 -8 -9 -10 -11 -12 -13 -14 -15
leaf_value=-0.0012240218106215452 0.032690803511692637 6.4889339194099113e-05 -0.052012706296607793 -0.016498402965592483 0.011968601013993059 0.016577297734301371 -0.025518483003304948 -0.0074596254738974205 -0.0011523371611900785 0.012696125964488603 -0.0060424120337962423 0.017578824176896934 0.045580457550085919 -0.03327783759401521
leaf_weight=193 122 118 99 81 145 57 40 60 541 170 160 61 64 41
leaf_count=193 122 118 99 81 145 57 40 60 541 170 160 61 64 41
internal_value=-0.000614754 -0.00242203 -0.010274 0.00550562 -0.000884956 0.0121005 0.00679012 -0.000534979 0.00030303 0.0034202 0.000225225 0.00492958 0.000224215 -0.00660377
internal_weight=1952 1507 292 445 226 219 162 1215 1155 614 444 284 223 159
internal_count=1952 1507 292 445 226 219 162 1215 1155 614 444 284 223 159
is_linear=0
shrinkage=0.05


Tree=45
num_leaves=15
num_cat=0
split_feature=1 8 4 5 7 0 3 6 0 5 5 3 4 0
split_gain=6.81217 8.45434 5.97484 5.33768 12.173 6.77369 6.95733 6.93338 6.66221 10.1186 6.9904 9.30858 6.83585 5.25434
threshold=0.92913280730858816 -3.5459999999999998 7.7475000000000014 11.544000000000002 415.27600000000007 1.2745000000000002 93.070000000000007 -0.34499999999999992 19.208500000000004 19.465500000000002 25.066000000000006 36.923000000000009 6.4580000000000011 5.8935000000000004
decision_type=2 2 2 2 2 2 2 2 2 2 2 2 2 2
left_child=1 2 -1 5 -5 -3 7 -7 9 13 11 -10 -11 -6
right_child=-2 3 -4 4 8 6 -8 -9 10 12 -12 -13 -14 -15
leaf_value=-0.043021558401162813 0.0071630063194877414 -0.010178066527494666 -0.0040250720765695911 -0.047117695319023115 0.0099101364389674769 0.059288937647522036 -4.5691977072764846e-05 0.001832915100228716 0.015812349429592344 -0.033999152639497703 -0.00048870656268052706 -0.0046226215281104958 -0.0089990292603712944 -0.0015747844706248016
leaf_weight=93 251 46 75 45 40 72 150 75 141 42 547 91 59 225
leaf_count=93 251 46 75 45 40 72 150 75 141 42 547 91 59 225
internal_value=-0.000717213 -0.00185185 -0.0125 -0.000684932 -0.00226891 0.0048105 0.00757576 0.0153061 -0.00126638 -0.0068306 0.00134788 0.00862069 -0.020297 -0.00169811
internal_weight=1952 1701 168 1533 1190 343 297 147 1145 366 779 232 101 265
internal_count=1952 1701 168 1533 1190 343 297 147 1145 366 779 232 101 265
is_linear=0
shrinkage=0.05


Tree=46
num_leaves=15
num_cat=0
split_feature=8 7 5 4 4 7 0 2 5 0 1 2 5 6
split_gain=7.54931 8.31459 13.1517 6.48371 8.94972 7.92081 16.7628 6.09451 5.71232 5.9306 8.14046 9.06869 5.18777 4.92308
threshold=-1.7274999999999998 504.66750000000008 13.947500000000002 11.399000000000003 17.183000000000003 727.01600000000019 8.8685000000000027 0.93851706827667047 25.066000000000006 22.134000000000004 0.93168921928840098 0.39110220707247995 21.214000000000002 0.29250000000000004
decision_type=2 2 2 2 2 2 2 2 2 2 2 2 2 2
left_child=1 2 -1 5 -5 6 7 -2 9 10 11 12 -3 -6
right_child=3 8 -4 4 13 -7 -8 -9 -10 -11 -12 -13 -14 -15
leaf_value=-0.0025523184088259822 0.043365289882899435 -0.014351364728472295 -0.048883842417998973 -0.015594743593781619 0.030973976067746607 0.015728296683881756 -0.0089886602325256176 0.02602490212826546 -0.0017419161018554065 0.012154474544141286 0.0095446362149092748 0.0014698156950845823 -0.0007762851078676581 -0.0035139029142115408
leaf_weight=193 46 85 99 81 93 60 72 41 594 155 136 198 47 52
leaf_count=193 46 85 99 81 93 60 72 41 594 155 136 198 47 52
internal_value=-0.000665984 -0.00235567 -0.00993151 0.00505618 -0.000884956 0.0111872 0.00534591 0.0201149 -0.000534979 0.00281804 0 -0.00424242 -0.0143939 0.00655172
internal_weight=1952 1507 292 445 226 219 159 87 1215 621 466 330 132 145
internal_count=1952 1507 292 445 226 219 159 87 1215 621 466 330 132 145
is_linear=0
shrinkage=0.05


Tree=47
num_leaves=15
num_cat=0
split_feature=8 4 1 2 5 3 3 4 6 3 6 6 0 0
split_gain=6.46051 7.71852 5.63737 4.58756 4.26442 6.51973 9.88444 6.66723 5.84457 7.49874 6.62901 5.00805 3.98232 3.86681
threshold=-3.5459999999999998 8.9100000000000019 1.0000000180025095e-35 0.76725511167377736 6.940500000000001 25.644000000000002 7.5300000000000002 3.9875000000000003 0.51150000000000018 0.014500000000000001 0.41050000000000003 0.21650000000000003 24.969500000000004 3.2600000000000002
decision_type=2 2 2 2 2 2 2 2 2 2 2 2 2 2
left_child=1 3 -2 -1 13 6 8 -7 9 -6 -11 -8 -10 -4
right_child=2 -3 4 -5 5 7 11 -9 12 10 -12 -13 -14 -15
leaf_value=-0.022528215124789353 -0.0016111275507382549 0.0025041891923938131 0.00097313522357597162 -0.062961346252432798 -0.0064715970224928287 -0.016658120825371641 0.0075193934746955911 -0.00026647671346780591 0.010405358772688823 0.010474075995827024 -0.013042740902984074 0.02808955625057822 0.00081524425387395356 0.078275237451974802
leaf_weight=71 833 73 41 48 94 45 47 332 43 140 47 42 40 56
leaf_count=71 833 73 41 48 94 45 47 332 43 140 47 42 40 56
internal_value=-0.000665984 -0.009375 0.000284091 -0.0172269 0.00296656 0.00180723 0.00584989 -0.0030504 0.0021978 -0.00124555 0.00454545 0.0207865 0.0138554 0.0128866
internal_weight=1952 192 1760 119 927 830 453 377 364 281 187 89 83 97
internal_count=1952 192 1760 119 927 830 453 377 364 281 187 89 83 97
is_linear=0
shrinkage=0.05


Tree=48
num_leaves=15
num_cat=0
split_feature=4 2 5 5 7 8 5 7 8 5 2 8 7 7
split_gain=6.62498 7.64178 12.2841 7.1876 8.94725 6.18684 12.0817 7.06007 8.20812 6.04723 5.93415 5.72134 6.82117 4.98102
threshold=33.982000000000006 0.87796008470088804 15.390000000000002 13.947500000000002 764.26550000000009 -2.7609999999999997 23.144500000000004 619.07200000000012 -2.0654999999999997 5.7620000000000013 -0.04732138832243208 -1.4989999999999999 999.71600000000012 906.23500000000001
decision_type=2 2 2 2 2 2 2 2 2 2 2 2 2 2
left_child=1 3 9 -1 5 6 -5 -7 -9 -3 11 12 13 -6
right_child=-2 2 -4 4 10 7 -8 8 -10 -11 -12 -13 -14 -15
leaf_value=0.0052682353206229722 0.017310913635219607 0.014098546298002092 -0.059670991042650716 -0.0088145938179237642 -0.004202111287312708 -0.019010456601601427 -0.04317745423193823 0.012977945857224791 -0.007419085239282479 -0.009963292185740661 0.018460622483352212 0.019330715047515754 -0.0083663216001296451 0.0014993484171888839
leaf_weight=352 63 77 46 90 237 84 44 59 56 162 66 50 59 507
leaf_count=352 63 77 46 90 237 84 44 59 56 162 66 50 59 507
internal_value=-0.000870902 -0.00140286 -0.00894737 -6.23441e-05 -0.00183706 -0.00885886 -0.0171642 -0.00326633 0.00478261 -0.00439331 0.000707291 -0.000410317 -0.00143213 -0.000134409
internal_weight=1952 1889 285 1604 1252 333 134 199 115 239 919 853 803 744
internal_count=1952 1889 285 1604 1252 333 134 199 115 239 919 853 803 744
is_linear=0
shrinkage=0.05


Tree=49
num_leaves=15
num_cat=0
split_feature=8 4 5 1 2 2 5 0 4 8 1 2 3 2
split_gain=6.76811 7.71852 5.30895 4.81291 4.87882 4.58756 4.2948 8.09966 9.73662 7.62638 5.40515 6.74379 5.66916 6.54687
threshold=-3.5459999999999998 8.9100000000000019 2.028 1.0000000180025095e-35 0.87796008470088804 0.76725511167377736 28.949000000000002 32.379500000000007 9.4695000000000018 -2.5034999999999994 -0.41274032740354771 -0.62971025403082126 3.1355000000000004 0.39110220707247995
decision_type=2 2 2 2 2 2 2 2 2 2 2 2 2 2
left_child=1 5 -2 4 6 -1 10 9 -9 -8 11 -4 -13 -14
right_child=2 -3 3 -5 -6 -7 7 8 -10 -11 -12 12 13 -15
leaf_value=-0.020961074677653693 0.043913138890730744 0.0015134340510131407 0.015405378926899183 0.001468056124642031 -0.017938866867110038 -0.060518206254711271 -0.023964262282800609 0.012163085473037436 -0.0030418322230313559 0.0018621199893056281 -0.016059465737625907 0.0084463384348239471 -0.011255221041134205 0.00341324661847634
leaf_weight=71 41 73 56 899 114 48 87 52 69 42 43 111 122 124
leaf_count=71 41 73 56 899 114 48 87 52 69 42 43 111 122 124
internal_value=-0.000461066 -0.009375 0.000511364 8.726e-05 -0.00268293 -0.0172269 -0.00113314 -0.0064 0.00289256 -0.0151163 0.00175439 0.0035109 0.000980392 -0.00325203
internal_weight=1952 192 1760 1719 820 119 706 250 121 129 456 413 357 246
internal_count=1952 192 1760 1719 820 119 706 250 121 129 456 413 357 246
is_linear=0
shrinkage=0.05


Tree=50
num_leaves=15
num_cat=0
split_feature=8 4 5 2 1 3 3 0 6 3 4 0 6 6
split_gain=7.50001 6.7285 5.30895 4.58756 3.6256 4.7039 6.87138 5.37625 5.09731 5.29053 4.74809 4.80855 10.4959 4.42956
threshold=-3.5459999999999998 8.9100000000000019 2.028 0.76725511167377736 1.0000000180025095e-35 28.454000000000004 5.0020000000000007 20.802000000000003 0.52450000000000008 0.15350000000000003 3.9875000000000003 5.6080000000000014 -0.34499999999999992 -0.65799999999999992
decision_type=2 2 2 2 2 2 2 2 2 2 2 2 2 2
left_child=1 3 -2 -1 13 6 8 -8 9 -6 -7 -12 -13 -4
right_child=2 -3 4 -5 5 10 7 -9 -10 -11 11 12 -14 -15
leaf_value=-0.019913020943771009 0.041717481946194207 0.0014377623484624791 -0.024413089116663407 -0.057492295941975718 -0.0054529452140902107 -0.013900260132530857 0.010003676240100668 0.020532255550941167 0.0058961886680939544 0.0043810182628092669 -0.02607503783807388 0.029724422180162614 -0.00050293154776298588 -0.00050594477888017513
leaf_weight=71 41 73 46 48 110 50 96 56 71 139 59 60 258 774
leaf_count=71 41 73 46 48 110 50 96 56 71 139 59 60 258 774
internal_value=-0.000512295 -0.00989583 0.000511364 -0.0172269 8.726e-05 0.00228031 0.00572034 0.0144737 0.0015625 -0.00180723 -0.00152225 0.000397878 0.00283019 -0.00231707
internal_weight=1952 192 1760 119 1719 899 472 152 320 249 427 377 318 820
internal_count=1952 192 1760 119 1719 899 472 152 320 249 427 377 318 820
is_linear=0
shrinkage=0.05


Tree=51
num_leaves=15
num_cat=0
split_feature=8 4 5 2 2 5 3 7 6 1 3 0 4 2
split_gain=6.76811 6.1548 5.30895 5.25605 4.07789 5.4853 6.4184 6.4 3.4418 8.02482 6.70247 4.8075 6.52741 10.0376
threshold=-3.5459999999999998 8.9100000000000019 2.028 0.76725511167377736 0.87796008470088804 14.621500000000003 99.999500000000012 422.18450000000007 0.0095000000000000015 -0.86095304316285715 29.264500000000002 4.8585000000000003 8.6610000000000014 0.29426351849031901
decision_type=2 2 2 2 2 2 2 2 2 2 2 2 2 2
left_child=1 3 -2 -1 8 6 7 -6 9 -4 -11 -12 -13 -14
right_child=2 -3 4 -5 5 -7 -8 -9 -10 10 11 12 13 -15
leaf_value=-0.018917369896582461 0.039631607848884497 0.0013658742310393547 -0.0088771306660005607 -0.054617681144876931 0.014037362326147135 -0.038424479521972837 -0.024076700413498887 -0.0038922440245996617 -0.00029681471178988968 0.022577381435078904 -0.014057177385282539 -0.001335323469638683 0.0018127907089783596 0.071144315333836541
leaf_weight=71 41 73 79 48 54 51 42 81 1070 95 50 87 60 50
leaf_count=71 41 73 79 48 54 51 42 81 1070 95 50 87 60 50
internal_value=-0.000461066 -0.009375 0.000511364 -0.0163866 8.726e-05 -0.00614035 -0.0019774 0.00333333 0.00103957 0.00486936 0.00818713 0.00384615 0.00736041 0.0154545
internal_weight=1952 192 1760 119 1719 228 177 135 1491 421 342 247 197 110
internal_count=1952 192 1760 119 1719 228 177 135 1491 421 342 247 197 110
is_linear=0
shrinkage=0.05


Tree=52
num_leaves=15
num_cat=0
split_feature=8 4 5 2 7 3 3 6 3 5 6 4 6 8
split_gain=6.76811 6.1548 5.30895 5.25605 3.9292 8.70638 3.96205 7.02889 4.79653 4.68225 4.45313 4.18408 7.28242 5.98398
threshold=-3.5459999999999998 8.9100000000000019 2.028 0.76725511167377736 383.26900000000006 99.995500000000007 1.0000000180025095e-35 0.29250000000000004 9.1940000000000008 25.235500000000005 0.21150000000000002 5.7120000000000006 0.25850000000000006 -2.7724999999999995
decision_type=2 2 2 2 2 2 2 2 2 2 2 2 2 2
left_child=1 3 -2 -1 5 -4 7 10 11 -9 -6 12 -8 -13
right_child=2 -3 4 -5 6 -7 8 9 -10 -11 -12 13 -14 -15
leaf_value=-0.017971501401753343 0.03765002745644027 0.0012975805194873848 0.006769338476767129 -0.051886797087633066 -0.0059097716048615162 -0.025758830528467627 0.0025536286808454725 0.0093025058751258268 -0.00018271269774886023 -0.00089394681106305944 -0.022446961698950985 0.012513547725341828 0.024332933638271565 -0.00057624196198363122
leaf_weight=71 41 73 73 48 97 78 78 56 743 154 42 104 42 252
leaf_count=71 41 73 73 48 97 78 78 56 743 154 42 104 42 252
internal_value=-0.000461066 -0.009375 0.000511364 -0.0163866 8.726e-05 -0.00761589 0.000829082 -0.00386819 0.00217391 0.00190476 -0.0125899 0.00609244 0.0141667 0.00337079
internal_weight=1952 192 1760 119 1719 151 1568 349 1219 210 139 476 120 356
internal_count=1952 192 1760 119 1719 151 1568 349 1219 210 139 476 120 356
is_linear=0
shrinkage=0.05


Tree=53
num_leaves=15
num_cat=0
split_feature=8 4 2 3 6 3 4 5 6 1 4 7 2 4
split_gain=5.49852 5.60666 5.47277 3.5231 6.13556 5.94261 4.80202 5.59905 4.45313 4.11431 6.6125 5.34433 5.70516 6.57468
threshold=-3.5459999999999998 8.9100000000000019 0.79411473034488644 1.0000000180025095e-35 0.29250000000000004 19.705000000000002 10.128000000000002 29.042000000000005 0.21150000000000002 -0.22132528438243276 3.8795000000000006 989.97950000000003 -0.64297064596386244 10.783500000000002
decision_type=2 2 2 2 2 2 2 2 2 2 2 2 2 2
left_child=1 2 -1 4 8 9 7 -6 -2 -5 -11 12 -12 -14
right_child=3 -3 -4 5 6 -7 -8 -9 -10 10 11 -13 13 -15
leaf_value=-0.017072926331665683 -0.0056142830246184413 0.0012327014935130109 -0.049292457233251423 -8.9121757310284269e-05 0.0086454199470749424 -0.00068198033472395005 -0.001959176585602749 -0.00084924947050990594 -0.021324613614003438 0.02700387614116663 0.022159653987303796 -0.0011116071812046714 -0.0017576967381798814 0.021751278486791106
leaf_weight=75 97 73 44 231 48 820 94 68 42 40 83 61 99 77
leaf_count=75 97 73 44 231 48 820 94 68 42 40 83 61 99 77
internal_value=-0.000819672 -0.00885417 -0.0155462 5.68182e-05 -0.00444126 0.00116938 0.000952381 0.00775862 -0.0125899 0.00499154 0.00833333 0.0059375 0.00907336 0.00397727
internal_weight=1952 192 119 1760 349 1411 210 116 139 591 360 320 259 176
internal_count=1952 192 119 1760 349 1411 210 116 139 591 360 320 259 176
is_linear=0
shrinkage=0.05


Tree=54
num_leaves=15
num_cat=0
split_feature=8 4 2 5 7 3 3 6 4 5 3 4 4 1
split_gain=4.74339 5.08407 4.9916 3.04726 3.46877 8.70638 3.59371 5.50098 4.26552 4.67857 4.0692 5 3.54115 4.5626
threshold=-3.5459999999999998 8.9100000000000019 0.80444483470750872 2.028 383.26900000000006 99.995500000000007 1.0000000180025095e-35 0.29250000000000004 9.5825000000000014 29.042000000000005 0.34100000000000003 8.9765000000000033 3.2005000000000003 0.26744970170045884
decision_type=2 2 2 2 2 2 2 2 2 2 2 2 2 2
left_child=1 2 -1 -2 5 -5 7 -6 9 -9 11 -8 13 -12
right_child=3 -3 -4 4 6 -7 10 8 -10 -11 12 -13 -14 -15
leaf_value=-0.013354693419583603 0.035855410920527242 0.0011710664188373631 -0.050089355305971139 0.0064649705696649745 -0.01204787699686511 -0.024436789985308044 0.011992519048759483 0.0098863398310017961 -0.0012929318261914466 -0.0006966328690537802 0.013994216088657585 -0.00079327328590796456 2.9779122646150791e-05 -0.0012890122347474721
leaf_weight=77 41 73 42 73 139 78 40 44 103 63 43 40 1055 41
leaf_count=77 41 73 42 73 139 78 40 44 103 63 43 40 1055 41
internal_value=-0.000870902 -0.00833333 -0.0147059 -5.68182e-05 -0.000378127 -0.00761589 0.000318878 -0.00415473 0.000952381 0.00794393 0.00159967 0.0125 0.000834065 0.0107143
internal_weight=1952 192 119 1760 1719 151 1568 349 210 107 1219 80 1139 84
internal_count=1952 192 119 1760 1719 151 1568 349 210 107 1219 80 1139 84
is_linear=0
shrinkage=0.05


Tree=55
num_leaves=15
num_cat=0
split_feature=8 4 2 4 1 0 5 3 3 0 0 8 4 4
split_gain=4.28813 4.59715 5.55888 4.21054 3.28196 3.5661 6.98878 3.83003 8.01721 6.23699 6.07753 6.76978 4.41558 4.0744
threshold=-3.5459999999999998 12.974000000000002 0.82438889030848939 6.0390000000000006 1.0000000180025095e-35 1.2745000000000002 4.948500000000001 28.454000000000004 5.0020000000000007 9.7655000000000012 19.116000000000003 -2.0044999999999997 3.9875000000000003 9.2985000000000024
decision_type=2 2 2 2 2 2 2 2 2 2 2 2 2 2
left_child=1 2 3 -1 -2 -6 -7 8 9 -8 -11 13 -9 -12
right_child=4 -3 -4 -5 5 6 7 12 -10 10 11 -13 -14 -15
leaf_value=0.011375156167523296 -0.0010062640967475334 0.010974406452030794 -0.048708126404348392 -0.026288078155610062 -0.011404338517675245 0.094217894464023316 0.0055724125949910752 -0.014771649701298012 0.015343844539623758 -0.0052622264561722927 -0.0061440012054338319 0.012901135002696341 -8.5638199314064245e-05 0.0022000847303823112
leaf_weight=41 833 53 41 57 40 46 62 45 144 95 48 43 340 64
leaf_count=41 833 53 41 57 40 46 62 45 144 95 48 43 340 64
internal_value=-0.000717213 -0.0078125 -0.0125899 -0.00612245 5.68182e-05 0.00210356 0.00276212 0.00172414 0.00482456 0.000320513 -0.0032 0.00290323 -0.00194805 -0.00357143
internal_weight=1952 192 139 98 1760 927 887 841 456 312 250 155 385 112
internal_count=1952 192 139 98 1760 927 887 841 456 312 250 155 385 112
is_linear=0
shrinkage=0.05


Tree=56
num_leaves=15
num_cat=0
split_feature=4 2 5 0 3 7 8 5 8 0 3 4 8 0
split_gain=4.015 4.76095 20.2317 6.93601 8.19166 5.78264 9.43939 7.99268 5.48603 7.10305 8.15112 5.0242 11.1589 7.00586
threshold=33.982000000000006 0.83399694777620859 16.869000000000003 12.267500000000002 4.2630000000000008 764.26550000000009 -2.6194999999999999 22.826500000000006 -3.3574999999999995 9.7655000000000012 93.070000000000007 9.5825000000000014 -1.821 32.981500000000004
decision_type=2 2 2 2 2 2 2 2 2 2 2 2 2 2
left_child=1 3 8 4 -1 6 7 -5 -3 10 -10 12 13 -7
right_child=-2 2 -4 5 -6 11 -8 -9 9 -11 -12 -13 -14 -15
leaf_value=0.013560459155662636 0.016662274737655941 -0.025415163659156272 -0.082407241500221939 -0.0082734000120482463 0.0017375201034468659 -0.00079670854318174842 -0.00055754104266863278 -0.040586160464295355 0.012350582749569084 -0.035566649138007625 -0.0027853909396715311 -0.0010792849844175317 0.018017644090159227 0.010124045075655702
leaf_weight=65 63 46 43 56 307 360 199 47 108 47 84 424 42 61
leaf_count=65 63 46 43 56 307 360 199 47 108 47 84 424 42 61
internal_value=-0.000512295 -0.000926416 -0.00640244 0.000224215 0.0061828 -0.00164003 -0.00761589 -0.0199029 -0.00157895 0.00146444 0.00572917 0.000394589 0.00399568 0.00154394
internal_weight=1952 1889 328 1561 372 1189 302 103 285 239 192 887 463 421
internal_count=1952 1889 328 1561 372 1189 302 103 285 239 192 887 463 421
is_linear=0
shrinkage=0.05


Tree=57
num_leaves=15
num_cat=0
split_feature=2 5 3 3 5 7 4 6 4 6 3 4 8 8
split_gain=4.35159 6.44693 4.95786 4.95335 4.07374 4.48863 6.59536 7.57257 5.74436 5.58097 6.26428 5.9879 5.9708 5.57078
threshold=0.87796008470088804 15.913500000000001 99.999500000000012 3.2515000000000005 13.947500000000002 764.26550000000009 17.183000000000003 0.24550000000000002 3.3660000000000005 0.23900000000000002 67.998500000000021 6.1185000000000009 -2.4304999999999999 -2.6194999999999999
decision_type=2 2 2 2 2 2 2 2 2 2 2 2 2 2
left_child=4 2 3 -2 -1 6 7 8 -6 10 -7 12 -11 -10
right_child=1 -3 -4 -5 5 9 -8 -9 13 11 -12 -13 -14 -15
leaf_value=0.0050350744438695666 -0.0085094196768288801 -0.060875030990421353 -0.013122193781129478 0.0072747903849337938 0.0018403149408885546 0.012616762177045838 0.017860400428300876 0.0018054481658146577 -0.032353220483303378 -0.0007919608494658892 -0.0017155908281692085 -0.0011240077808236208 0.022112194251060369 -0.01100955877921116
leaf_weight=364 42 40 66 143 41 179 59 62 88 59 58 609 45 97
leaf_count=364 42 40 66 143 41 179 59 62 88 59 58 609 45 97
internal_value=-0.000717213 -0.00635739 -0.00338645 0.000810811 0.000270921 -0.00104086 -0.00590778 -0.00902778 -0.0132743 0.000736842 0.00738397 -0.00147265 0.00961538 -0.017027
internal_weight=1952 291 251 185 1661 1297 347 288 226 950 237 713 104 185
internal_count=1952 291 251 185 1661 1297 347 288 226 950 237 713 104 185
is_linear=0
shrinkage=0.05


Tree=58
num_leaves=15
num_cat=0
split_feature=2 5 3 3 0 3 2 4 4 8 4 4 0 5
split_gain=4.73171 7.0777 5.10131 5.36518 3.99161 4.26766 4.25791 8.77597 6.55157 16.4644 6.29621 5.25597 5.16922 9.06099
threshold=0.87796008470088804 15.390000000000002 99.999500000000012 3.5155000000000003 12.168000000000001 4.2630000000000008 0.21113058295073206 9.0450000000000017 9.5825000000000014 -1.7584999999999997 3.5405000000000002 31.574500000000004 32.981500000000004 28.949000000000002
decision_type=2 2 2 2 2 2 2 2 2 2 2 2 2 2
left_child=4 2 3 -2 5 -1 8 10 9 12 -8 -10 13 -6
right_child=1 -3 -4 -5 6 -7 7 -9 11 -11 -12 -13 -14 -15
leaf_value=0.0081765269321905625 -0.0080839486929874371 -0.046218944377264974 -0.012466084092073004 0.0088637113539102013 0.0045071569791743649 0.0017997388442590552 0.0016321314122956345 0.027104305659488181 -0.0024850117422580754 0.020957783138614083 -0.018036832467412944 0.014109208346486808 0.0092449377702767243 -0.010689451310214863
leaf_weight=70 40 47 66 138 265 345 40 50 485 52 103 56 62 133
leaf_count=70 40 47 66 138 265 345 40 50 485 52 103 56 62 133
internal_value=-0.000819672 -0.00670103 -0.00327869 0.0011236 0.000210716 0.00445783 -0.00120385 -0.00803109 4.74834e-05 0.00410156 -0.0143357 -0.00378928 0.00108696 -0.00100503
internal_weight=1952 291 244 178 1661 415 1246 193 1053 512 143 541 460 398
internal_count=1952 291 244 178 1661 415 1246 193 1053 512 143 541 460 398
is_linear=0
shrinkage=0.05


Tree=59
num_leaves=15
num_cat=0
split_feature=5 2 4 0 1 5 3 2 0 4 2 4 0 4
split_gain=5.36015 4.94201 8.29582 9.16206 3.70469 3.10807 6.55821 4.82006 6.14545 7.1771 3.67702 9.69247 10.9077 6.10924
threshold=1.7990000000000002 0.87796008470088804 9.1205000000000016 9.2130000000000027 -0.99762106698677377 14.009000000000002 19.004000000000001 0.29426351849031901 5.0110000000000001 9.4020000000000028 0.21113058295073206 11.223500000000003 12.475000000000003 7.5445000000000011
decision_type=2 2 2 2 2 2 2 2 2 2 2 2 2 2
left_child=-1 4 3 -3 -2 6 -6 -8 -9 -10 13 12 -12 -7
right_child=1 2 -4 -5 5 10 7 8 9 -11 11 -13 -14 -15
leaf_value=0.038746276023248982 -0.017439436033573261 -0.0032239273928397782 0.010889519225444871 -0.047448901595084525 0.014683747935342772 0.0051350961301434191 -0.0070273014872450808 -0.0090560576042440274 -0.00066973522270677996 0.058770410077080372 0.00059282696121685803 0.020388965563695755 -0.026322749388989708 -0.00084504093530685109
leaf_weight=40 40 149 55 63 89 318 96 45 54 66 70 45 119 703
leaf_count=40 40 149 55 63 89 318 96 45 54 66 70 45 119 703
internal_value=-0.000614754 -0.000993724 -0.00730337 -0.0117925 3.03951e-05 0.000404984 0.00457143 0.000574713 0.00575758 0.0116667 -0.000756972 -0.00641026 -0.0113757 0.000538688
internal_weight=1952 1912 267 212 1645 1605 350 261 165 120 1255 234 189 1021
internal_count=1952 1912 267 212 1645 1605 350 261 165 120 1255 234 189 1021
is_linear=0
shrinkage=0.05


Tree=60
num_leaves=15
num_cat=0
split_feature=8 7 5 4 4 7 0 5 2 5 3 7 7 7
split_gain=3.73871 6.83613 6.30689 5.4978 10.4509 8.56423 10.0695 5.21413 9.58283 4.41344 4.03782 3.77844 6.1867 5.81975
threshold=-1.7274999999999998 432.21150000000006 11.712000000000002 11.399000000000003 19.739500000000003 727.01600000000019 9.9105000000000008 19.205000000000002 0.35923451902495462 8.594000000000003 79.203000000000017 991.5245000000001 986.37000000000012 980.22300000000007
decision_type=2 2 2 2 2 2 2 2 2 2 2 2 2 2
left_child=1 2 -1 5 9 6 -2 -3 11 -5 -6 12 13 -9
right_child=3 7 -4 4 10 -7 -8 8 -10 -11 -12 -13 -14 -15
leaf_value=-0.0029939819464865959 0.026270835976674331 0.0014598576346060044 -0.0450764565153303 -0.0017401904370205835 0.021249031419256461 0.012865136982340437 -0.011515864625155241 -0.00018396979029396924 -0.032766743986393114 -0.020413396814272504 -0.0029637761665255893 -0.0070943060237124017 0.007925709053139024 -0.009028342242682473
leaf_weight=103 95 450 45 43 63 60 64 620 74 64 56 117 58 40
leaf_count=103 95 450 45 43 63 60 64 620 74 64 56 117 58 40
internal_value=-0.000768443 -0.00195753 -0.0121622 0.00325843 -0.00221239 0.00890411 0.00283019 -0.00084621 -0.0030253 -0.0135514 0.00798319 -0.00149701 -0.000139276 -0.00151515
internal_weight=1952 1507 148 445 226 219 159 1359 909 107 119 835 718 660
internal_count=1952 1507 148 445 226 219 159 1359 909 107 119 835 718 660
is_linear=0
shrinkage=0.05


Tree=61
num_leaves=15
num_cat=0
split_feature=0 5 7 3 4 2 0 7 5 6 5 6 6 4
split_gain=4.34246 5.92113 9.53705 5.4999 7.64977 4.29814 14.0964 5.78001 4.69141 3.38525 4.42271 3.37718 6.91485 4.79825
threshold=1.2745000000000002 10.917500000000002 383.26900000000006 91.466500000000011 8.3250000000000011 0.83399694777620859 9.980500000000001 497.27250000000009 12.172500000000001 -0.41649999999999993 3.5140000000000007 -0.05899999999999999 -0.17749999999999996 7.5445000000000011
decision_type=2 2 2 2 2 2 2 2 2 2 2 2 2 2
left_child=-1 3 -3 4 -2 7 -7 -4 -9 10 -5 12 -10 -13
right_child=1 2 5 9 -6 6 -8 8 11 -11 -12 13 -14 -15
leaf_value=-0.019007319437169552 0.00054780503529548719 -0.035869458144910847 0.0050199292238174882 0.039505927686353623 0.037495464590381021 0.00081770818386838753 -0.044043847916923451 -0.0079566860586320187 -0.0019833096130679891 0.01583362052049515 -0.015423860610283353 0.002035215442362398 0.011109524330137786 -0.001413342411438591
leaf_weight=56 85 46 46 51 82 63 50 40 88 53 79 393 65 755
leaf_count=56 85 46 46 51 82 63 50 40 88 53 79 393 65 755
internal_value=-0.000563525 -0.000158228 -0.00148771 0.00571429 0.0122754 -0.0008 -0.010177 -3.6049e-05 -0.000633855 -0.000273224 -0.00461538 -0.000115296 0.00686275 -0.0010453
internal_weight=1952 1896 1546 350 167 1500 113 1387 1341 183 130 1301 153 1148
internal_count=1952 1896 1546 350 167 1500 113 1387 1341 183 130 1301 153 1148
is_linear=0
shrinkage=0.05


Tree=62
num_leaves=15
num_cat=0
split_feature=8 7 5 8 0 2 0 7 8 4 8 0 2 5
split_gain=3.94225 5.96584 8.22942 5.49511 3.57741 3.54565 10.0987 6.23113 5.29332 4.20073 9.70339 6.4585 5.40742 5.24233
threshold=-1.3049999999999999 432.21150000000006 11.712000000000002 -1.099 8.0710000000000015 0.71541278717867718 9.980500000000001 552.71800000000019 -3.3294999999999999 6.9050000000000002 -1.7584999999999997 13.254500000000002 -0.60505606964884906 35.122000000000007
decision_type=2 2 2 2 2 2 2 2 2 2 2 2 2 2
left_child=1 2 4 -2 -1 7 8 -3 -7 10 11 -9 -13 -11
right_child=3 5 -4 -5 -6 6 -8 9 -10 13 -12 12 -14 -15
leaf_value=-0.02144286716498018 0.024112801936702899 0.014701080815894732 -0.038382714289951103 0.00077682277467496787 0.0096072849533795478 -0.012433387441185563 -0.042473131304250365 0.0085083193089386666 0.0033779322400869466 -0.00035756975132919674 0.022226827544384178 0.0044691166222514747 -0.0072881257951534001 -0.010667281686834645
leaf_weight=71 60 57 52 211 53 40 66 57 114 791 40 132 134 74
leaf_count=71 60 57 52 211 53 40 66 57 114 791 40 132 134 74
internal_value=-0.000614754 -0.00151695 -0.0102273 0.00498155 -0.00322581 -0.000498339 -0.00636364 0.000505837 0.000649351 -0.0002443 0.00426997 0.00139319 -0.0018797 -0.00213873
internal_weight=1952 1681 176 271 124 1505 220 1285 154 1228 363 323 266 865
internal_count=1952 1681 176 271 124 1505 220 1285 154 1228 363 323 266 865
is_linear=0
shrinkage=0.05


Tree=63
num_leaves=15
num_cat=0
split_feature=4 6 3 7 7 5 7 4 8 5 0 4 0 2
split_gain=4.00226 6.566 10.753 7.25806 4.16994 12.7077 6.42223 5.14751 12.2575 6.75188 10.1367 5.37487 5.10022 8.18924
threshold=23.603500000000004 0.27300000000000008 32.712500000000006 965.07450000000006 528.54450000000008 19.406000000000002 555.81400000000008 7.5445000000000011 -1.7584999999999997 32.879000000000012 31.702000000000002 8.1105000000000018 13.254500000000002 0.21113058295073206
decision_type=2 2 2 2 2 2 2 2 2 2 2 2 2 2
left_child=4 2 -2 -3 5 -1 -6 8 12 10 11 -9 -8 -14
right_child=1 3 -4 -5 6 -7 7 9 -10 -11 -12 -13 13 -15
leaf_value=-0.0018397369949658183 0.072158145051882228 -0.011290704125189378 0.0033805671037425268 0.0028665773347300639 0.011370707580614354 -0.054578438345348063 0.0039145071503008501 -0.01775749242621253 0.017845581576615113 -0.011952824800795387 0.0084319542014464361 -0.00076774060306118448 0.001274913689945606 -0.02117356152089224
leaf_weight=452 40 62 67 62 47 40 85 57 59 94 71 481 281 54
leaf_count=452 40 62 67 62 47 40 85 57 59 94 71 481 281 54
internal_value=-0.000768443 0.00541126 0.014486 -0.00241935 -0.00159791 -0.0054878 -4.06835e-05 -0.000761421 0.00323591 -0.00348506 -0.00155993 -0.00390335 0.000238095 -0.00253731
internal_weight=1952 231 107 124 1721 492 1229 1182 479 703 609 538 420 335
internal_count=1952 231 107 124 1721 492 1229 1182 479 703 609 538 420 335
is_linear=0
shrinkage=0.05


Tree=64
num_leaves=15
num_cat=0
split_feature=4 2 3 7 0 5 2 4 7 5 5 4 2 6
split_gain=4.44172 6.09668 11.0815 8.27797 4.54682 10.0865 6.90066 5.79461 5.22167 12.1899 5.37801 6.65107 8.14154 7.00012
threshold=23.603500000000004 -0.57240397273781507 11.024000000000003 965.07450000000006 32.981500000000004 30.774500000000003 -0.57729161655172734 11.472500000000002 528.54450000000008 19.205000000000002 10.917500000000002 10.3665 0.29426351849031901 0.50750000000000017
decision_type=2 2 2 2 2 2 2 2 2 2 2 2 2 2
left_child=4 3 -3 -2 5 8 -7 -6 9 -1 -10 -12 13 -13
right_child=1 2 -4 -5 7 6 -8 -9 10 -11 11 12 -14 -15
leaf_value=-0.0014907467500405226 -0.016187340556420571 0.050434804502138088 0.0048237247348420949 0.0024394443196367917 0.0080719838754716201 -0.0093355976800747736 -0.031884881106203015 -0.0016734590733294642 0.018203350360251641 -0.065934447210522482 0.0017450620430719127 -0.010569782987844223 0.029684429137265968 0.0032293473071746794
leaf_weight=449 41 43 89 58 79 105 40 44 75 42 587 190 40 70
leaf_count=449 41 43 89 58 79 105 40 44 75 42 587 190 40 70
internal_value=-0.000665984 0.00584416 0.0128788 -0.00353535 -0.0015398 -0.00225282 -0.0148276 0.00772358 -0.000997935 -0.00519348 0.00114345 5.63698e-05 -0.006 -0.00923077
internal_weight=1952 231 132 99 1721 1598 145 123 1453 491 962 887 300 260
internal_count=1952 231 132 99 1721 1598 145 123 1453 491 962 887 300 260
is_linear=0
shrinkage=0.05


Tree=65
num_leaves=15
num_cat=0
split_feature=0 6 4 6 7 0 5 2 7 5 4 0 2 1
split_gain=4.24574 5.63541 3.96126 8.05478 6.08554 4.22966 6.05092 8.28885 5.34843 9.82759 7.2679 5.77377 5.77213 5.51111
threshold=1.2745000000000002 -1.0599999999999998 23.603500000000004 0.23450000000000001 965.07450000000006 34.720500000000008 30.672000000000004 -0.87204617232061787 528.54450000000008 19.205000000000002 8.3250000000000011 9.2130000000000027 0.54277338749235304 0.030073020370188292
decision_type=2 2 2 2 2 2 2 2 2 2 2 2 2 2
left_child=-1 -2 5 -4 -5 6 8 -8 9 10 11 13 -12 -3
right_child=1 2 3 4 -6 -7 7 -9 -10 -11 12 -13 -14 -15
leaf_value=-0.019710015504523736 0.048768362731565595 -0.0049287664840895404 0.041238045836687408 -0.0099370159248957368 0.0027988287409834501 0.0080940294450405886 0.00045110927982318849 -0.016002067829357976 0.00058183581446491083 -0.062637724849996371 -0.0076577460819457202 -0.027018238590770006 0.013302131965290382 0.010038790791155794
leaf_weight=56 55 88 86 65 63 53 95 106 956 42 48 98 71 70
leaf_count=56 55 88 86 65 63 53 95 106 956 42 48 98 71 70
internal_value=-0.000717213 -0.000316456 -0.000787615 0.00560748 -0.00234375 -0.00162876 -0.00209657 -0.010199 -0.000910415 -0.00563549 -0.00306667 -0.0078125 0.00714286 -0.00189873
internal_weight=1952 1896 1841 214 128 1627 1574 201 1373 417 375 256 119 158
internal_count=1952 1896 1841 214 128 1627 1574 201 1373 417 375 256 119 158
is_linear=0
shrinkage=0.05


Tree=66
num_leaves=15
num_cat=0
split_feature=2 5 0 0 1 0 2 0 5 3 4 8 2 6
split_gain=3.5881 7.50083 5.41908 4.95966 8.08164 3.27309 4.68582 4.08412 6.42791 6.94875 8.02157 5.93094 6.38538 5.7359
threshold=0.87796008470088804 11.712000000000002 9.2130000000000027 3.6110000000000002 0.030073020370188292 13.254500000000002 -0.30081980763566774 18.950000000000006 25.066000000000006 36.923000000000009 8.0285000000000029 -2.5904999999999996 -0.098820138732871751 0.067500000000000018
decision_type=2 2 2 2 2 2 2 2 2 2 2 2 2 2
left_child=5 3 -3 -2 -5 6 -1 -7 9 10 -9 12 -10 -11
right_child=1 2 -4 4 -6 7 -8 8 11 13 -12 -13 -14 -15
leaf_value=-0.0060609997339563411 -0.0074578280797039931 -0.00077622038799322066 -0.03718386946243124 -0.0021936942216353936 0.031923860823227269 -0.0058598004678926952 0.0038166813554019463 0.0010948231125714857 -0.0016242458714481865 0.012673982800460164 0.016137523452397939 0.0014769884620023086 -0.022510996658921187 -0.010307247126765196
leaf_weight=44 68 48 53 72 50 269 434 71 301 43 99 275 43 82
leaf_count=44 68 48 53 72 50 269 434 71 301 43 99 275 43 82
internal_value=-0.000204918 -0.00532646 -0.0163366 0.000526316 0.00655738 0.000692354 0.0041841 -0.000718512 0.000875274 0.00694915 0.0135294 -0.00201939 -0.00639535 -0.002
internal_weight=1952 291 101 190 122 1661 478 1183 914 295 170 619 344 125
internal_count=1952 291 101 190 122 1661 478 1183 914 295 170 619 344 125
is_linear=0
shrinkage=0.05


Tree=67
num_leaves=15
num_cat=0
split_feature=2 5 6 0 5 8 4 4 7 6 8 6 5 0
split_gain=4.24039 6.13659 3.70132 10.1715 4.30742 3.58936 8.71438 9.11717 6.48248 5.79493 7.51007 5.21571 7.71365 5.04225
threshold=0.87796008470088804 14.009000000000002 -0.27299999999999996 8.0710000000000015 6.0615000000000006 -1.7274999999999998 11.399000000000003 17.430500000000002 422.18450000000007 -0.090499999999999983 -3.4859999999999998 0.23450000000000001 13.379000000000003 8.2390000000000025
decision_type=2 2 2 2 2 2 2 2 2 2 2 2 2 2
left_child=5 2 3 4 -2 8 11 -8 -1 10 -10 12 -7 -11
right_child=1 -3 -4 -5 -6 6 7 -9 9 13 -12 -13 -14 -15
leaf_value=-0.044924227911180586 0.0050361673307674718 -0.018873479468742162 -0.013461029750703813 0.017639570764050705 -0.022073630130657485 0.031101187529696518 -0.016760108710537038 0.0063844749397130862 -0.0074551604026297392 -0.0098598312827429813 0.0084281084248866659 0.015178558244230745 -0.0040047157581369454 -0.00016165386225396039
leaf_weight=50 70 70 54 44 53 61 75 129 57 46 163 43 50 987
leaf_count=50 70 70 54 44 53 61 75 129 57 46 163 43 50 987
internal_value=-0.000102459 -0.0056701 -0.00158371 0.00209581 -0.00528455 0.000872968 0.00530726 -0.00147059 -0.000345357 0.000359138 0.00772727 0.0142857 0.00855856 -0.00121007
internal_weight=1952 291 221 167 123 1661 358 204 1303 1253 220 154 111 1033
internal_count=1952 291 221 167 123 1661 358 204 1303 1253 220 154 111 1033
is_linear=0
shrinkage=0.05


Tree=68
num_leaves=15
num_cat=0
split_feature=1 8 8 2 5 4 4 8 0 6 0 0 2 1
split_gain=3.65025 3.114 7.03901 5.56211 16.2472 9.03335 5.37039 5.79689 6.76976 10.1725 6.31369 5.02163 6.76875 8.45
threshold=-0.99762106698677377 -1.3049999999999999 -1.099 0.83399694777620859 16.869000000000003 8.1105000000000018 6.9050000000000002 -1.7584999999999997 12.983000000000002 -0.18549999999999997 25.990500000000001 9.2130000000000027 0.94713111268739625 0.030073020370188292
decision_type=2 2 2 2 2 2 2 2 2 2 2 2 2 2
left_child=-1 3 -3 6 5 11 7 8 9 -2 -10 12 -5 -14
right_child=1 2 -4 4 -6 -7 -8 -9 10 -11 -12 -13 13 -15
leaf_value=-0.015814765265318921 -0.0011922737025060861 0.023623390188537371 0.00051911746727191651 0.016272574693424913 -0.061509207892642762 0.019052560565145728 -0.00045248535146470427 0.016023288537067394 -0.0045446113306247598 0.0067651673025834642 0.0080598001114671105 -0.034381002015872575 -0.034550968606663283 0.0075367005284023908
leaf_weight=40 56 58 206 48 42 51 931 49 164 59 125 43 40 40
leaf_count=40 56 58 206 48 42 51 931 49 164 59 125 43 40 40
internal_value=-5.12295e-05 0.000261506 0.00530303 -0.000546117 -0.00719697 -0.0018018 0.000722543 0.00518764 0.00321782 0.0134783 -0.000865052 -0.00730994 -0.00234375 -0.01125
internal_weight=1952 1912 264 1648 264 222 1384 453 404 115 289 171 128 80
internal_count=1952 1912 264 1648 264 222 1384 453 404 115 289 171 128 80
is_linear=0
shrinkage=0.05


Tree=69
num_leaves=15
num_cat=0
split_feature=0 6 4 6 7 2 0 8 4 5 0 6 0 5
split_gain=3.51531 5.26479 3.8678 7.43124 3.79314 3.59368 22.593 8.45442 6.08854 8.23278 9.87565 6.94865 8.01136 5.84459
threshold=1.2745000000000002 -1.0599999999999998 23.603500000000004 0.23450000000000001 987.54750000000013 0.82438889030848939 9.7655000000000012 -3.3204999999999996 6.9050000000000002 35.122000000000007 33.206500000000013 0.29850000000000004 19.208500000000004 30.354000000000003
decision_type=2 2 2 2 2 2 2 2 2 2 2 2 2 2
left_child=-1 -2 5 -4 -5 8 7 -7 11 10 13 -3 -13 -10
right_child=1 2 3 4 -6 6 -8 -9 9 -11 -12 12 -14 -15
leaf_value=-0.019022380754128404 0.045740329373546121 0.00010596188594780565 0.039369114649823046 -0.003778369645989699 0.0042735665342461095 -0.02396684275406067 -0.041304738658583619 0.0051975386870751874 -0.00042986108389146964 -0.012994151693924916 0.0087809123015522988 0.019092540515750697 0.010617056016936882 -0.015091209948716639
leaf_weight=56 55 318 86 87 41 40 77 149 689 58 60 40 115 81
leaf_count=56 55 318 86 87 41 40 77 149 689 58 60 40 115 81
internal_value=-0.000153689 0.00021097 -0.000244432 0.00607477 -0.0015625 -0.0010756 -0.00639098 0.00291005 -3.67377e-05 -0.00247748 -0.00120482 0.00454545 0.0132258 -0.00272727
internal_weight=1952 1896 1841 214 128 1627 266 189 1361 888 830 473 155 770
internal_count=1952 1896 1841 214 128 1627 266 189 1361 888 830 473 155 770
is_linear=0
shrinkage=0.05


Tree=70
num_leaves=15
num_cat=0
split_feature=4 2 3 0 7 0 5 2 0 7 7 3 0 5
split_gain=3.24558 5.5469 9.47681 4.76808 4.24769 3.79095 6.42353 7.5377 4.40584 3.95813 5.38259 4.54604 6.25469 4.19301
threshold=23.603500000000004 -0.57240397273781507 11.024000000000003 11.236000000000002 965.07450000000006 34.720500000000008 30.672000000000004 -0.87204617232061787 31.211000000000002 996.78350000000012 931.44650000000013 4.4495000000000013 28.705500000000004 28.781000000000002
decision_type=2 2 2 2 2 2 2 2 2 2 2 2 2 2
left_child=5 4 -3 -4 -2 6 9 -8 -9 10 13 12 -12 -1
right_child=1 2 3 -5 -6 -7 7 8 -10 -11 11 -13 -14 -15
leaf_value=-0.0002369297433936657 -0.019074574605541319 0.044377452329754791 -0.011130381558186145 0.011046386279496024 0.0020165707353184681 0.0073622016119692857 0.00014004659943705824 -0.023356209901277184 -0.0048360825266640338 -0.0092607716356834287 -0.0035672071771135601 0.011329614561411884 0.010896800231637672 -0.018526867285726525
leaf_weight=1127 41 43 40 49 58 53 95 59 47 43 62 147 46 42
leaf_count=1127 41 43 40 49 58 53 95 59 47 43 62 147 46 42
internal_value=-0.000153689 0.00541126 0.0121212 0.00280899 -0.00353535 -0.000900639 -0.00131894 -0.00970149 -0.0188679 -0.000170416 0.000280899 0.00686275 -0.000925926 -0.00115483
internal_weight=1952 231 132 89 99 1721 1668 201 106 1467 1424 255 108 1169
internal_count=1952 231 132 89 99 1721 1668 201 106 1467 1424 255 108 1169
is_linear=0
shrinkage=0.05


Tree=71
num_leaves=15
num_cat=0
split_feature=4 2 3 0 5 0 5 4 7 7 2 5 8 3
split_gain=3.43447 5.34651 10.7931 8.28294 4.61953 4.4041 8.94106 6.1641 4.72756 7.74395 4.15473 16.0943 5.21814 3.92594
threshold=21.781500000000005 -0.60505606964884906 11.024000000000003 8.6120000000000019 28.477000000000004 33.405500000000011 29.853000000000005 6.5150000000000015 990.70350000000008 982.83000000000015 0.83399694777620859 17.077000000000002 -3.3574999999999995 99.999500000000012
decision_type=2 2 2 2 2 2 2 2 2 2 2 2 2 2
left_child=5 4 -3 -4 -2 6 8 -8 9 10 -1 12 -12 -14
right_child=1 2 3 -5 -6 -7 7 -9 -10 -11 11 -13 13 -15
leaf_value=0.00048284551888450256 -0.017498013245605626 0.039438306959909096 -0.012666395967937217 0.013203477665335778 0.0015452888344681757 0.0035214805990450844 0.0010112133426869786 -0.010853306267448012 -0.012942369270959993 0.017710277820750252 -0.02601253942128064 -0.056356664077911782 0.002878822832301911 -0.0027221824084720497
leaf_weight=964 42 50 41 74 66 98 53 143 61 42 45 40 170 63
leaf_count=964 42 50 41 74 66 98 53 143 61 42 45 40 170 63
internal_value=-0.000256148 0.00494505 0.0106061 0.00217391 -0.0037037 -0.00110185 -0.00173941 -0.0117347 -0.00032491 0.000302115 -0.000390016 -0.00534591 -0.00107914 0.00193133
internal_weight=1952 273 165 115 108 1679 1581 196 1385 1324 1282 318 278 233
internal_count=1952 273 165 115 108 1679 1581 196 1385 1324 1282 318 278 233
is_linear=0
shrinkage=0.05


Tree=72
num_leaves=15
num_cat=0
split_feature=4 6 3 7 0 0 5 2 4 0 2 5 8 0
split_gain=2.90519 5.81572 15.6924 5.71637 4.86156 4.11835 9.48762 6.00845 5.1856 3.82405 3.42806 13.8243 4.71429 4.48878
threshold=21.781500000000005 0.28350000000000003 29.964500000000005 987.54750000000013 9.5615000000000023 32.981500000000004 30.900000000000002 -0.66248835645380588 9.2985000000000024 31.104500000000005 0.83399694777620859 16.869000000000003 -3.3574999999999995 9.7655000000000012
decision_type=2 2 2 2 2 2 2 2 2 2 2 2 2 2
left_child=5 2 -2 -3 -4 6 10 9 -7 -8 -1 12 -12 -14
right_child=1 3 4 -5 -6 8 7 -9 -10 -11 11 -13 13 -15
leaf_value=0.00031919137857401304 0.062628628654986904 -0.0076483626336814993 -0.009940542681879978 0.001235657119477135 0.010277839649365262 0.0081950432703958697 0.0019043655694845646 -0.025339193450905739 -0.00022358558250631656 -0.014444530149090092 -0.020911289321794618 -0.054016198915769788 0.0036242184701322649 -0.025066463593154609
leaf_weight=1105 41 96 40 45 51 60 47 47 59 43 44 43 186 45
leaf_count=1105 41 96 40 45 51 60 47 47 59 43 44 43 186 45
internal_value=-0.000204918 0.00457875 0.0121212 -0.00248227 0.000549451 -0.000982728 -0.00166667 -0.0142336 0.00798319 -0.00666667 -0.000456781 -0.00503145 -0.000909091 0.00194805
internal_weight=1952 273 132 141 91 1679 1560 137 119 90 1423 318 275 231
internal_count=1952 273 132 141 91 1679 1560 137 119 90 1423 318 275 231
is_linear=0
shrinkage=0.05


Tree=73
num_leaves=15
num_cat=0
split_feature=4 6 0 7 0 5 8 3 5 7 5 3 3 0
split_gain=2.81565 4.91263 8.5763 5.41243 2.9755 7.58138 5.27057 2.74271 6.01416 6.77642 3.49193 8.17561 4.58029 5.04723
threshold=23.603500000000004 0.23450000000000001 9.9105000000000008 987.54750000000013 33.405500000000011 30.900000000000002 -2.7724999999999995 99.691000000000017 21.435000000000006 432.21150000000006 6.4850000000000003 93.419500000000014 87.740500000000011 21.347000000000005
decision_type=2 2 2 2 2 2 2 2 2 2 2 2 2 2
left_child=4 2 -2 -3 5 7 -7 10 9 -9 -1 12 13 -12
right_child=1 3 -4 -5 -6 6 -8 8 -10 -11 11 -13 -14 -15
leaf_value=0.024013383510143066 -0.0069446522718539742 -0.0050416596575685235 0.050554454712718612 0.001786304099309416 0.002618459692908204 -0.017942919387134378 -0.0002124063033810006 -0.0074564073156405224 -0.029905432245269627 0.0083019557102532587 -0.0020745297038083201 0.0087514055905345001 -0.018008480696153472 0.0034238770182059954
leaf_weight=86 40 87 63 41 101 92 63 138 48 103 560 115 43 372
leaf_count=86 40 87 63 41 101 92 63 138 48 103 560 115 43 372
internal_value=-0.000204918 0.00497835 0.0131068 -0.0015625 -0.000900639 -0.00141975 -0.0119355 -0.000307167 -0.00467128 -0.00145228 0.000765306 0 -0.00148718 -0.000751073
internal_weight=1952 231 103 128 1721 1620 155 1465 289 241 1176 1090 975 932
internal_count=1952 231 103 128 1721 1620 155 1465 289 241 1176 1090 975 932
is_linear=0
shrinkage=0.05


Tree=74
num_leaves=15
num_cat=0
split_feature=4 2 3 5 5 3 2 4 0 2 5 0 4 4
split_gain=3.12717 4.91653 5.25045 3.84 3.31491 11.0796 6.14447 5.13445 9.42154 11.8041 6.44755 7.2333 5.23406 5.50855
threshold=23.603500000000004 -0.8069893509785715 11.024000000000003 17.077000000000002 6.4850000000000003 92.683000000000007 0.92933244589178743 6.9050000000000002 6.6655000000000006 0.82438889030848939 35.122000000000007 33.206500000000013 8.4285000000000014 9.5825000000000014
decision_type=2 2 2 2 2 2 2 2 2 2 2 2 2 2
left_child=4 -2 -3 -4 5 -1 7 8 -6 -10 11 12 -9 -14
right_child=1 2 3 -5 6 -7 -8 10 9 -11 -12 -13 13 -15
leaf_value=0.038435448553236211 -0.0018655472286945877 0.014325929653040755 -0.0065974196582612782 0.014609095233221221 0.02230625660804891 -0.0038432552887459853 -0.012996882526479236 -0.0056704140204394925 0.0012013686085402932 -0.029371759971747038 -0.011517401569098029 0.0077197405450873391 0.0049056881995282247 -0.0019866461153330325
leaf_weight=57 68 63 60 40 50 94 131 182 435 57 58 60 117 480
leaf_count=57 68 63 60 40 50 94 131 182 435 57 58 60 117 480
internal_value=-5.12295e-05 0.00541126 0.0101227 0.003 -0.000784428 0.00629139 -0.00146497 -0.000521195 0.00332103 0.00121951 -0.00284281 -0.00172825 -0.00301669 -0.000753769
internal_weight=1952 231 163 100 1721 151 1570 1439 542 492 897 839 779 597
internal_count=1952 231 163 100 1721 151 1570 1439 542 492 897 839 779 597
is_linear=0
shrinkage=0.05


Tree=75
num_leaves=15
num_cat=0
split_feature=8 8 4 6 6 3 4 0 0 7 7 4 4 2
split_gain=3.40023 3.58855 3.0594 3.92157 2.93419 5.89112 7.07217 7.05991 5.24228 4.6113 5.31987 3.94258 6.79308 6.05254
threshold=-3.4859999999999998 -4.418499999999999 8.8280000000000012 -0.051999999999999991 -0.08249999999999999 92.028500000000008 15.460500000000001 10.454500000000001 5.6080000000000014 417.26500000000004 196.45300000000003 4.823500000000001 4.2695000000000007 0.42110087079608943
decision_type=2 2 2 2 2 2 2 2 2 2 2 2 2 2
left_child=1 -1 3 -3 5 6 7 8 -2 10 -7 12 -6 -13
right_child=4 2 -4 -5 11 9 -8 -9 -10 -11 -12 13 -14 -15
leaf_value=0.010200123112812287 0.0022215712670371141 -0.052626671679906672 -0.0030561976002011098 -0.004889421515559756 0.00016848308168112281 0.031601050293824463 0.0365136761255744 -0.0083912639855361609 0.027150603963002645 0.0037164058967746995 -0.015773459655742318 -0.00017856811221353964 0.017619375453187043 -0.0073963360625351809
leaf_weight=40 72 51 74 51 119 41 53 71 59 131 117 939 42 92
leaf_count=40 72 51 74 51 119 41 53 71 59 131 117 939 42 92
internal_value=-0.000102459 -0.00601852 -0.00909091 -0.0147059 0.000633641 0.00367647 0.00921569 0.0049505 0.0118321 -0.00121107 -0.00696203 -0.000755034 0.00652174 -0.00189137
internal_weight=1952 216 176 102 1736 544 255 202 131 289 158 1192 161 1031
internal_count=1952 216 176 102 1736 544 255 202 131 289 158 1192 161 1031
is_linear=0
shrinkage=0.05


Tree=76
num_leaves=15
num_cat=0
split_feature=0 6 5 7 0 2 0 7 2 6 8 8 1 5
split_gain=2.57197 5.30128 3.08996 7.06756 4.60451 3.66503 11.8233 4.18791 3.16588 2.58597 5.4 4.78417 3.2 2.39561
threshold=1.2745000000000002 -1.0599999999999998 10.917500000000002 379.16500000000008 9.0105000000000022 0.83399694777620859 10.598500000000003 499.92950000000002 0.56424300735932609 -0.56449999999999989 -2.4439999999999995 -1.6364999999999996 0.30041382580050413 12.172500000000001
decision_type=2 2 2 2 2 2 2 2 2 2 2 2 2 2
left_child=-1 -2 4 -4 9 7 -7 -5 -6 11 -11 -3 -12 -9
right_child=1 2 3 5 8 6 -8 13 -10 10 12 -13 -14 -15
leaf_value=-0.017934567865371266 0.042230730841256982 -0.025533997571607531 -0.035227910645961612 0.0069044606515505152 0.0016979195462153596 0.0017461332467355484 -0.042809825809081915 -0.0084487918711141675 0.025506371063881192 0.0076475808645559973 0.025569366148586917 0.010005530567403404 -0.006149557605595591 -5.9263491055343291e-05
leaf_weight=56 55 46 42 48 49 69 44 40 42 40 40 41 40 1300
leaf_count=56 55 46 42 48 49 69 44 40 42 40 40 41 40 1300
internal_value=-0.000153689 0.000158228 -0.000298751 -0.00119896 0.00436242 -0.000632911 -0.00929204 7.20461e-05 0.0137363 0.000241546 0.005 -0.00632184 -0.0025 -0.000447761
internal_weight=1952 1896 1841 1543 298 1501 113 1388 91 207 120 87 80 1340
internal_count=1952 1896 1841 1543 298 1501 113 1388 91 207 120 87 80 1340
is_linear=0
shrinkage=0.05


Tree=77
num_leaves=15
num_cat=0
split_feature=5 4 6 3 3 0 5 2 4 7 7 5 8 2
split_gain=2.59431 2.78989 5.36204 6.62272 4.71815 3.89119 4.00494 7.89687 4.20356 3.88512 4.98737 3.55173 2.94999 2.88292
threshold=1.7990000000000002 23.603500000000004 0.42550000000000004 19.004000000000001 0.97200000000000009 34.720500000000008 29.853000000000005 -0.87204617232061787 7.5445000000000011 990.70350000000008 983.74650000000008 16.683500000000006 -2.9554999999999993 -0.93090634677745676
decision_type=2 2 2 2 2 2 2 2 2 2 2 2 2 2
left_child=-1 5 3 -3 -4 6 9 -8 -9 10 13 -5 -10 -2
right_child=1 2 4 11 -6 -7 7 8 12 -11 -12 -13 -14 -15
leaf_value=0.032570195793426016 -0.0048207974186473632 0.0429390906270272 0.0017829394390338456 -0.0055448126011861222 -0.0076378266964776016 0.0061807513074221224 0.0018052126133782686 -0.0022742738126726053 -0.019226523090609446 -0.0080545962082112666 0.017688300076747831 0.012973225945778911 -0.0099059372985990102 6.2942632291201894e-05
leaf_weight=40 66 41 43 51 53 53 113 48 41 64 40 40 40 1219
leaf_count=40 66 41 43 51 53 53 113 48 41 64 40 40 40 1219
internal_value=-0.000102459 -0.000366109 0.00482456 0.0113636 -0.00416667 -0.00106888 -0.00150215 -0.00743802 -0.0158915 -0.000467963 0.000113208 0.00384615 -0.0228395 -0.000428016
internal_weight=1952 1912 228 132 96 1684 1631 242 129 1389 1325 91 81 1285
internal_count=1952 1912 228 132 96 1684 1631 242 129 1389 1325 91 81 1285
is_linear=0
shrinkage=0.05


Tree=78
num_leaves=15
num_cat=0
split_feature=0 6 4 4 3 6 0 0 2 0 4 6 5 5
split_gain=2.67276 5.15606 2.64094 5.93027 4.14159 5.77075 3.72194 3.574 15.1326 9.93612 5.55398 6.91485 5.25187 4.80237
threshold=1.2745000000000002 -1.0599999999999998 23.603500000000004 26.038500000000003 0.97200000000000009 0.44950000000000007 34.720500000000008 9.7655000000000012 0.82438889030848939 9.1160000000000014 6.0390000000000006 0.39750000000000008 32.093500000000006 27.448000000000004
decision_type=2 2 2 2 2 2 2 2 2 2 2 2 2 2
left_child=-1 -2 6 -4 -5 -6 7 9 10 -3 11 13 -12 -9
right_child=1 2 3 4 5 -7 -8 8 -10 -11 12 -13 -14 -15
leaf_value=-0.016760598842043395 0.040116047167579577 5.2232184161250462e-05 0.027596616567441404 0.010445267347720178 0.0028848874791997884 -0.012475861584457841 0.0058717137420510159 0.001212461442209012 -0.0334498931905634 0.020077290414138194 -0.0005032388378002101 0.016873678989702257 -0.0068065439246480751 -0.0077425438993038833
leaf_weight=56 55 354 40 47 83 44 53 181 77 47 696 65 114 40
leaf_count=56 55 354 40 47 83 44 53 181 77 47 696 65 114 40
internal_value=5.12295e-05 0.000369198 -8.14775e-05 0.00514019 0.00114943 -0.00354331 -0.000768285 -0.00120712 -0.00260017 0.00286783 -0.00109489 0.0048951 -0.00320988 0.000678733
internal_weight=1952 1896 1841 214 174 127 1627 1574 1173 401 1096 286 810 221
internal_count=1952 1896 1841 214 174 127 1627 1574 1173 401 1096 286 810 221
is_linear=0
shrinkage=0.05


Tree=79
num_leaves=15
num_cat=0
split_feature=0 5 8 8 7 6 0 6 0 8 6 7 8 4
split_gain=2.54708 4.74203 4.7094 6.40306 4.56245 4.3643 3.01085 4.92402 3.55556 2.61062 4.62751 5.26122 5.24376 7.07729
threshold=1.2745000000000002 8.9605000000000015 -3.1069999999999998 -1.4689999999999996 488.18950000000007 -0.41649999999999993 9.9105000000000008 -0.36849999999999994 7.6645000000000012 -3.5459999999999998 -0.08249999999999999 675.93850000000009 -1.9709999999999999 5.2275000000000009
decision_type=2 2 2 2 2 2 2 2 2 2 2 2 2 2
left_child=-1 2 -2 5 6 -4 8 -8 -3 -6 12 -12 13 -11
right_child=1 4 3 -5 9 -7 7 -9 -10 10 11 -13 -14 -15
leaf_value=-0.015922568899941227 0.025966793343867624 -0.012067943510184243 -0.018040513582381904 0.030191989074786482 -0.0093400100949137446 0.0058831511863121529 -0.001559075530677312 -0.026116198410234492 0.0033423463276956167 -0.00061818573997660109 -0.0031659552372313468 0.00030355177788716424 -0.00087640121171360667 0.022197395659010816
leaf_weight=56 45 50 55 116 125 41 47 65 40 42 134 1005 53 78
leaf_count=56 45 50 55 116 125 41 47 65 40 42 134 1005 53 78
internal_value=-0.000204918 0.000105485 0.00642023 0.00330189 -0.000884686 -0.00625 -0.00792079 -0.0133929 -0.00111111 0.000104384 0.000762195 -0.000395083 0.0083815 0.0141667
internal_weight=1952 1896 257 212 1639 96 202 112 90 1437 1312 1139 173 120
internal_count=1952 1896 257 212 1639 96 202 112 90 1437 1312 1139 173 120
is_linear=0
shrinkage=0.05


Tree=80
num_leaves=15
num_cat=0
split_feature=1 3 3 5 7 7 6 6 0 6 5 0 8 3
split_gain=2.46931 2.43615 6.74537 6.25108 9.06373 5.86159 9.22614 7.59617 6.09588 5.64474 5.56268 7.6061 5.505 4.4329
threshold=-0.99762106698677377 0.15350000000000003 4.0590000000000002 28.401000000000003 937.07100000000014 879.24150000000009 0.14500000000000002 0.46350000000000008 15.570500000000001 0.38750000000000007 22.826500000000006 19.116000000000003 -2.1864999999999992 7.9720000000000004
decision_type=2 2 2 2 2 2 2 2 2 2 2 2 2 2
left_child=-1 -2 3 4 -3 6 10 9 -8 -7 11 -4 -10 -9
right_child=1 2 5 -5 -6 7 8 13 12 -11 -12 -13 -14 -15
leaf_value=-0.014485952184454254 -0.001023298972325129 0.0075058574550321477 -0.0001060514073007307 0.0063568246714920456 -0.0073753510792466635 0.0054798145799310784 -6.2419456678022844e-05 -0.012162375327635684 -0.0053906501858135445 0.015970978493660266 -0.019735051186795818 0.010983934310761044 -0.042761841378706138 0.0013951012010512936
leaf_weight=40 428 102 616 70 48 176 76 48 72 52 57 40 43 84
leaf_count=40 428 102 616 70 48 176 76 48 72 52 57 40 43 84
internal_value=-0.000204918 5.23013e-05 0.00101078 0.00909091 0.00333333 -0.00039557 -0.00254425 0.005 -0.0123037 0.0105263 7.01262e-05 0.00137195 -0.0195652 -0.00454545
internal_weight=1952 1912 1484 220 150 1264 904 360 191 228 713 656 115 132
internal_count=1952 1912 1484 220 150 1264 904 360 191 228 713 656 115 132
is_linear=0
shrinkage=0.05


Tree=81
num_leaves=15
num_cat=0
split_feature=8 8 7 4 3 7 5 0 7 7 7 5 8 0
split_gain=2.14776 5.0441 4.2064 3.06839 3.18965 3.00448 11.7042 6.17855 4.05911 3.66308 5.30105 4.0732 6.53025 11.2318
threshold=-1.3049999999999999 -1.099 340.84500000000008 21.781500000000005 78.94550000000001 989.67600000000004 28.267000000000003 30.195500000000006 986.37000000000012 980.22300000000007 967.24150000000009 28.949000000000002 -2.4304999999999999 32.379500000000007
decision_type=2 2 2 2 2 2 2 2 2 2 2 2 2 2
left_child=2 -2 -1 4 -3 8 -7 -8 9 10 11 -4 13 -13
right_child=1 3 5 -5 -6 6 7 -9 -10 -11 -12 12 -14 -15
leaf_value=-0.030466286040158466 0.020293719543687767 -0.0047443211039532533 0.0001858072390369947 0.0079621722603519466 0.0022661154052477429 -0.013600798004766485 0.0080791442324038825 -0.0064503465442727953 0.016903192298289127 -0.0067594699386013257 0.0049518788565320621 -0.018748298627456028 0.0058068901860463297 0.0047730063977268061
leaf_weight=77 60 50 1049 64 97 64 46 50 41 47 92 105 53 57
leaf_count=77 60 50 1049 64 97 64 46 50 41 47 92 105 53 57
internal_value=-0.000256148 0.00387454 -0.00092207 0.000236967 -0.0037415 -0.000374065 -0.006875 0.00416667 0.00034626 -0.000106914 0.000368732 -0.000474684 -0.00674419 -0.0117284
internal_weight=1952 271 1681 211 147 1604 160 96 1444 1403 1356 1264 215 162
internal_count=1952 271 1681 211 147 1604 160 96 1444 1403 1356 1264 215 162
is_linear=0
shrinkage=0.05


Tree=82
num_leaves=15
num_cat=0
split_feature=8 8 7 4 0 4 7 5 0 7 5 4 6 5
split_gain=2.21232 4.75729 4.42846 2.75837 3.48137 3.59863 2.29141 6.69679 7.9933 3.08693 3.99664 4.92729 6.65365 6.45479
threshold=-1.3049999999999999 -1.099 340.84500000000008 21.781500000000005 11.053000000000003 11.223500000000003 991.5245000000001 28.267000000000003 30.195500000000006 918.28100000000006 28.781000000000002 17.183000000000003 0.12700000000000003 26.438000000000006
decision_type=2 2 2 2 2 2 2 2 2 2 2 2 2 2
left_child=2 -2 -1 4 5 -3 9 -8 -9 10 11 13 -13 -4
right_child=1 3 6 -5 -6 -7 7 8 -10 -11 -12 12 -14 -15
leaf_value=-0.028942971738150549 0.019279033566503373 0.0072992858155106121 -0.0010289001319707003 0.0075640636473343487 -0.0077139765335968342 -0.011192690518657372 -0.024114441040323981 0.0083117624097957584 -0.0073071333899906114 0.0013829069681658979 -0.0063577890389752579 0.030126505500548018 -0.0060299413790608413 0.0080174034741999061
leaf_weight=77 60 54 721 64 52 41 51 43 41 429 132 88 42 57
leaf_count=77 60 54 721 64 52 41 51 43 41 429 132 88 42 57
internal_value=5.12295e-05 0.00424354 -0.000624628 0.0007109 -0.00306122 0.00263158 -6.23441e-05 -0.0062963 0.00238095 0.000510551 -0.000961538 0.000220264 0.00923077 -0.00128535
internal_weight=1952 271 1681 211 147 95 1604 135 84 1469 1040 908 130 778
internal_count=1952 271 1681 211 147 95 1604 135 84 1469 1040 908 130 778
is_linear=0
shrinkage=0.05


Tree=83
num_leaves=15
num_cat=0
split_feature=7 3 5 7 0 4 3 0 2 0 8 0 8 7
split_gain=2.76953 5.04797 3.56277 7.78931 6.06143 9.86018 6.83712 5.33943 7.5134 5.57985 5.89801 9.42714 4.84374 5.30929
threshold=918.28100000000006 81.542500000000004 11.544000000000002 383.26900000000006 4.8585000000000003 12.232500000000002 92.028500000000008 5.8935000000000004 0.83399694777620859 8.2390000000000025 -1.4834999999999998 12.796000000000001 -2.5784999999999996 762.07600000000014
decision_type=2 2 2 2 2 2 2 2 2 2 2 2 2 2
left_child=2 -2 4 -4 5 -1 -6 -5 9 -9 11 -11 13 -13
right_child=1 -3 3 7 6 -7 -8 8 -10 10 -12 12 -14 -15
leaf_value=0.002233827862393672 0.00019249978111944845 0.019033865506399763 -0.029367318882755157 0.0093560954021522612 0.019360771838509979 -0.032197841032184663 -0.00019996163935326051 -0.0088767783606495294 -0.020595088696089558 0.0075327788467674656 -0.015702688530290564 -0.01690341606924315 0.002358323122411095 -0.001471759079786475
leaf_weight=114 547 52 40 56 124 50 144 45 86 102 68 99 238 187
leaf_count=114 547 52 40 56 124 50 144 45 86 102 68 99 238 187
internal_value=-0.000409836 0.0024207 -0.00166297 -0.0034202 0.00208333 -0.0054878 0.00671642 -0.00244041 -0.00345455 -0.00182679 -0.000720461 0.000798722 -0.0019084 -0.00629371
internal_weight=1952 599 1353 921 432 164 268 881 825 739 694 626 524 286
internal_count=1952 599 1353 921 432 164 268 881 825 739 694 626 524 286
is_linear=0
shrinkage=0.05


Tree=84
num_leaves=15
num_cat=0
split_feature=8 8 3 4 3 6 1 3 6 7 3 3 6 0
split_gain=2.27246 3.1138 2.57651 3.43501 2.33105 7.24983 6.00943 4.97979 5.90746 8.7555 4.82652 6.9424 4.13315 5.65567
threshold=-3.4859999999999998 -4.418499999999999 12.201000000000002 8.8280000000000012 1.0000000180025095e-35 0.52450000000000008 -0.97505550290239429 28.454000000000004 -0.26649999999999996 520.58200000000011 54.917500000000011 66.629500000000021 -1.0000000180025095e-35 20.218000000000004
decision_type=2 2 2 2 2 2 2 2 2 2 2 2 2 2
left_child=1 -1 3 -3 5 6 -2 8 -6 -10 -9 -12 -11 -14
right_child=4 2 -4 -5 7 -7 -8 10 9 12 11 -13 13 -15
leaf_value=0.009712948854220721 0.0065175079591182896 -0.011070779345187251 -0.017638354248512254 0.011421109761472896 0.026089605495887576 0.0014925023851667886 -0.005201587187531026 -0.0090588619847907469 -0.018141732333187444 0.012263429047055744 0.0092907218132037041 -0.00049612242381699148 -0.0020965507012911445 0.0026791326484348929
leaf_weight=40 40 49 84 43 72 94 211 97 49 48 50 623 144 308
leaf_count=40 40 49 84 43 72 94 211 97 49 48 50 623 144 308
internal_value=-0.000256148 -0.00509259 -0.00795455 -0.00217391 0.000345622 -0.00333333 -0.00776892 0.00125809 0.00458937 0.00282332 -0.00142857 7.42942e-05 0.0048 0.00331858
internal_weight=1952 216 176 92 1736 345 251 1391 621 549 770 673 500 452
internal_count=1952 216 176 92 1736 345 251 1391 621 549 770 673 500 452
is_linear=0
shrinkage=0.05


Tree=85
num_leaves=15
num_cat=0
split_feature=7 3 6 4 4 3 4 0 2 4 5 1 8 4
split_gain=1.99831 4.45973 5.29152 6.53972 5.84189 5.00288 3.70522 7.09623 4.73228 5.52155 3.66645 4.79378 4.93809 4.45525
threshold=862.67600000000004 7.5300000000000002 0.23450000000000001 6.1185000000000009 26.910000000000004 16.507000000000001 15.823000000000002 32.981500000000004 -0.94849615754507433 8.5805000000000025 24.771500000000007 -0.88606241628642823 -2.8454999999999999 17.183000000000003
decision_type=2 2 2 2 2 2 2 2 2 2 2 2 2 2
left_child=10 2 -2 -4 6 -3 7 8 -5 -10 13 12 -12 -1
right_child=1 5 3 4 -6 -7 -8 -9 9 -11 11 -13 -14 -15
leaf_value=-0.00088119677032653118 0.01402028326827775 0.014151991525664445 0.012833105845852316 -0.012682015040597502 0.0018681926933383941 0.0015979778238345622 -0.0067696533763445593 0.0047847883197668865 -0.014383668619265814 0.00040488911630258699 -0.0083198571971475985 -0.042710937877957995 0.0056441369245315929 0.0079794252240125152
leaf_weight=829 68 54 69 52 56 221 65 51 46 93 58 44 60 186
leaf_count=829 68 54 69 52 56 221 65 51 46 93 58 44 60 186
internal_value=-0.000358607 0.0016129 -0.0012 -0.00324074 -0.00592287 0.00672727 -0.00863192 -0.00578512 -0.0102094 -0.00539568 -0.00165675 -0.00864198 -0.00338983 -0.000541872
internal_weight=1952 775 500 432 363 275 307 242 191 139 1177 162 118 1015
internal_count=1952 775 500 432 363 275 307 242 191 139 1177 162 118 1015
is_linear=0
shrinkage=0.05


Tree=86
num_leaves=15
num_cat=0
split_feature=3 7 7 5 2 2 3 2 3 4 3 6 0 1
split_gain=1.91239 5.079 8.94433 3.35207 3.29413 5.27243 5.48965 5.15645 5.11244 3.97937 3.21365 3.00532 6.34406 5.88981
threshold=0.15350000000000003 967.24150000000009 977.37400000000014 23.965500000000002 -0.91084115863148152 -0.83635891446581057 9.1940000000000008 -0.68784539311941617 13.679000000000002 18.307000000000006 5.4765000000000006 0.52450000000000008 28.435500000000001 -0.7383195169062905
decision_type=2 2 2 2 2 2 2 2 2 2 2 2 2 2
left_child=11 4 -3 -4 -2 -6 9 -8 -9 -7 -5 13 -13 -1
right_child=1 2 3 10 5 6 7 8 -10 -11 -12 12 -14 -15
leaf_value=0.0016561477879229035 -0.0089887061264607299 0.010286980258672043 -0.010463464958646721 -0.00017012857349990031 0.020938421266450024 0.0010806361565394941 -0.018290512768957184 -0.011030021934542014 -0.00027180665438656103 0.031216960423127937 0.0110888522894119 0.0079896010341332924 -0.001170056390127987 -0.0047777748566106481
leaf_weight=120 96 42 44 63 43 273 40 44 764 40 58 40 77 208
leaf_count=120 96 42 44 63 43 273 40 44 764 40 58 40 77 208
internal_value=-0.000153689 0.000696749 0.00797101 0.00272727 -0.000461538 0.000249169 -0.000387597 -0.00247642 -0.00160891 0.00527157 0.00702479 -0.00303371 0.00384615 -0.0054878
internal_weight=1952 1507 207 165 1300 1204 1161 848 808 313 121 445 117 328
internal_count=1952 1507 207 165 1300 1204 1161 848 808 313 121 445 117 328
is_linear=0
shrinkage=0.05


Tree=87
num_leaves=15
num_cat=0
split_feature=5 4 2 4 8 4 6 0 2 4 2 0 5 3
split_gain=1.79174 5.12233 3.23567 6.33854 3.60171 2.09869 5.73097 7.33939 9.22235 5.26978 5.46784 5.92693 4.96876 4.68579
threshold=3.9475000000000002 8.8280000000000012 0.92933244589178743 8.1105000000000018 -2.5329999999999999 6.9050000000000002 -0.17749999999999996 14.025500000000003 0.21113058295073206 8.4285000000000014 0.29426351849031901 8.6120000000000019 15.309500000000002 2.8800000000000003
decision_type=2 2 2 2 2 2 2 2 2 2 2 2 2 2
left_child=1 -1 5 4 -4 6 12 -8 -9 13 11 -11 -2 -7
right_child=2 -3 3 -5 -6 9 7 8 -10 10 -12 -13 -14 -15
leaf_value=0.036083484744526127 0.0013884221677375741 -0.0081876204947560153 -0.0054458472142319587 0.0030978666382525557 -0.026301082600726923 -0.00040768328147927635 0.0068996122392226749 0.0045973036582159319 -0.0080691740446613754 -0.0088387052192538031 0.015929400392717934 -9.7975799925154046e-06 -0.030313820619653889 -0.012186722908074297
leaf_weight=47 78 41 59 48 63 105 111 245 59 40 176 703 65 112
leaf_count=47 78 41 59 48 63 105 111 245 59 40 176 703 65 112
internal_value=-0.000153689 0.00681818 -0.000482833 -0.00705882 -0.0131148 0.000177096 0.00268817 0.00566265 0.00164474 -0.00105634 0.000598477 -0.0012786 -0.00594406 -0.00806452
internal_weight=1952 88 1864 170 122 1694 558 415 304 1136 919 743 143 217
internal_count=1952 88 1864 170 122 1694 558 415 304 1136 919 743 143 217
is_linear=0
shrinkage=0.05


Tree=88
num_leaves=15
num_cat=0
split_feature=5 7 4 6 3 7 0 6 7 6 0 5 1 1
split_gain=1.73543 2.13251 2.34066 5.79637 8.9485 8.23869 4.32757 3.15282 3.56446 3.798 3.22882 9.09806 4.14002 4.67417
threshold=1.7990000000000002 297.07900000000006 21.781500000000005 0.42550000000000004 12.570500000000001 965.07450000000006 9.7655000000000012 0.67300000000000015 991.5245000000001 0.44450000000000006 32.981500000000004 30.900000000000002 -0.54162280503947546 -0.11988119229922732
decision_type=2 2 2 2 2 2 2 2 2 2 2 2 2 2
left_child=-1 -2 7 4 -4 -5 -6 8 10 -10 11 12 -3 -14
right_child=1 2 3 5 6 -7 -8 -9 9 -11 -12 -13 13 -15
leaf_value=0.028844484446182594 -0.0090940884129431694 0.0020894594812832733 0.04125947701623657 -0.017494918656709362 -0.0051903313306745861 0.001217187076222509 0.012540323396884358 0.0018971142719524361 -0.0024039023502467009 -0.012781256681426996 0.0046405360362486575 -0.014861796179534419 -0.0093597044990242212 -0.00013099810750544227
leaf_weight=40 73 381 41 54 40 58 71 80 59 40 89 95 135 696
leaf_count=40 73 381 41 54 40 58 71 80 59 40 89 95 135 696
internal_value=-0.000307377 -0.000523013 -0.000190321 0.00416667 0.0105263 -0.00446429 0.00315315 -0.000920635 -0.00143813 -0.0106061 -0.000787966 -0.00141546 -0.000247525 -0.00222623
internal_weight=1952 1912 1839 264 152 112 111 1575 1495 99 1396 1307 1212 831
internal_count=1952 1912 1839 264 152 112 111 1575 1495 99 1396 1307 1212 831
is_linear=0
shrinkage=0.05


Tree=89
num_leaves=15
num_cat=0
split_feature=1 1 3 3 6 8 1 4 7 2 8 4 4 6
split_gain=2.42832 2.98317 2.45454 4.69968 3.82262 6.01033 5.33681 4.76412 4.13371 3.44898 3.85714 3.24274 6.20488 3.6977
threshold=-0.99762106698677377 -0.98801351631316325 0.15350000000000003 0.62700000000000011 0.52450000000000008 -2.9639999999999995 -0.18771856543719898 9.5825000000000014 892.66100000000017 0.21113058295073206 -2.4014999999999995 2.6525000000000003 3.161 -0.19149999999999998
decision_type=2 2 2 2 2 2 2 2 2 2 2 2 2 2
left_child=-1 -2 4 -4 5 8 -6 9 -3 10 -7 13 -13 -5
right_child=1 2 3 11 6 7 -8 -9 -10 -11 -12 12 -14 -15
leaf_value=-0.013798990336466841 0.0066674366910020686 0.0038484612736011895 0.0043251939342143914 -0.032718802373363144 -0.0052271553331243751 -0.0043322104286899797 0.0067586016085166975 -0.015421077455706356 -0.0044167671927009215 -0.004824603636527436 0.0018176413636912026 0.030503617563608549 -2.4367131592638663e-06 0.0021552053147073646
leaf_weight=40 50 47 59 43 56 42 59 43 55 63 42 40 1272 41
leaf_count=40 50 47 59 43 56 42 59 43 55 63 42 40 1272 41
internal_value=-0.000307377 -5.23013e-05 -0.00037594 0.000584192 -0.00380835 -0.00684932 0.00391304 -0.0121053 0.00294118 -0.00782313 -0.00119048 0 0.000609756 -0.00952381
internal_weight=1952 1912 1862 1455 407 292 115 190 102 147 84 1396 1312 84
internal_count=1952 1912 1862 1455 407 292 115 190 102 147 84 1396 1312 84
is_linear=0
shrinkage=0.05


Tree=90
num_leaves=15
num_cat=0
split_feature=2 0 1 0 3 8 5 2 8 1 3 5 4 0
split_gain=1.90822 4.69139 4.32277 5.93981 4.98382 1.8135 4.44716 9.05864 5.31092 9.94905 4.81233 4.63146 6.48585 4.33848
threshold=0.88637546977843906 9.4345000000000017 0.030073020370188292 4.5955000000000004 97.419000000000025 -2.4439999999999995 28.781000000000002 -0.26538825390934467 -2.6134999999999997 -0.33708009192051164 16.507000000000001 15.309500000000002 7.4090000000000016 31.852000000000004
decision_type=2 2 2 2 2 2 2 2 2 2 2 2 2 2
left_child=5 2 4 -4 -2 6 8 13 10 -10 11 -1 -13 -8
right_child=1 -3 3 -5 -6 -7 7 -9 9 -11 -12 12 -14 -15
leaf_value=0.014634745036768338 0.00099539852640593294 -0.017270360700862165 -0.0065416685267561947 0.016250439596594807 -0.021677153557674491 0.00070022744064311975 -0.0044081700152579176 -0.023582256708275542 0.011396602304507977 -0.014811054149720271 -0.0002254201548235635 -0.0058969570628956032 0.010886833585115887 0.0006590271644460661
leaf_weight=45 51 67 43 67 49 829 117 41 40 58 236 69 101 139
leaf_count=45 51 67 43 67 49 829 117 41 40 58 236 69 101 139
internal_value=-0.000307377 -0.00415162 -0.00047619 0.00636364 -0.008 0.000328358 -0.00130024 -0.00622896 0.00136612 -0.00918367 0.00365854 0.00906977 0.00529412 -0.00273438
internal_weight=1952 277 210 110 100 1675 846 297 549 98 451 215 170 256
internal_count=1952 277 210 110 100 1675 846 297 549 98 451 215 170 256
is_linear=0
shrinkage=0.05


Tree=91
num_leaves=15
num_cat=0
split_feature=8 8 7 4 3 8 1 1 8 3 8 4 4 8
split_gain=1.88965 3.81535 3.50088 2.75837 3.62671 3.50882 2.07511 6.92362 5.68392 5.2754 4.27594 6.51912 5.62025 5.23
threshold=-1.3049999999999999 -1.099 340.84500000000008 21.781500000000005 78.94550000000001 -0.074999999999999983 -0.70252096857941237 -0.78297285307474485 -2.5784999999999996 4.0590000000000002 -2.1509999999999994 4.3335000000000008 4.9875000000000016 -2.3874999999999997
decision_type=2 2 2 2 2 2 2 2 2 2 2 2 2 2
left_child=2 -2 -1 4 -3 -6 7 8 -4 -10 11 -8 -13 -14
right_child=1 3 6 -5 5 -7 10 -9 9 -11 -12 12 13 -15
leaf_value=-0.026459306690041179 0.016714319655448562 -0.0041904282261402753 -0.0032506434707862799 0.0071746536237965036 0.011900153544519544 -0.014526561111753723 -0.0065655548053143338 0.015210550674145618 0.01355538979935178 -0.0024334769008418525 -0.0026027197948403167 0.0079061248012153359 -0.0001792695353588919 0.0086240039494163839
leaf_weight=77 60 50 183 64 56 41 161 58 80 81 336 41 550 114
leaf_count=77 60 50 183 64 56 41 161 58 80 81 336 41 550 114
internal_value=0 0.00387454 -0.000624628 0.0007109 -0.00306122 0.00257732 -0.000124688 0.00298507 0.000290698 0.00714286 -0.00116473 0.000692841 0.00276596 0.00165663
internal_weight=1952 271 1681 211 147 97 1604 402 344 161 1202 866 705 664
internal_count=1952 271 1681 211 147 97 1604 402 344 161 1202 866 705 664
is_linear=0
shrinkage=0.05


Tree=92
num_leaves=15
num_cat=0
split_feature=5 4 7 6 2 8 0 2 0 2 6 4 5 8
split_gain=1.79174 5.12233 2.36127 2.52768 3.01347 4.35396 3.09755 9.96198 6.05377 6.72716 7.55799 3.15057 3.89219 5.56717
threshold=3.9475000000000002 8.8280000000000012 284.38900000000007 -0.84949999999999981 0.94713111268739625 -2.5329999999999999 10.375000000000002 0.82438889030848939 9.1160000000000014 0.81404609350821777 -0.28099999999999997 5.947000000000001 17.212500000000002 -2.9149999999999996
decision_type=2 2 2 2 2 2 2 2 2 2 2 2 2 2
left_child=1 -1 -2 -4 6 -6 8 11 9 -5 -11 -8 -13 -14
right_child=2 -3 3 4 5 -7 7 -9 -10 10 -12 12 13 -15
leaf_value=0.035615657062152341 -0.012073334382262938 -0.0075702930958295167 0.014084033006314148 -0.0022094244857706973 0.00040072543124735629 -0.016838042863289892 0.0016429599749548053 -0.029553434960241494 0.018380482794114146 -0.00095934004847898183 0.023239827008396441 -0.0049921452986221859 -0.0044615727221147929 0.00059266846112421279
leaf_weight=47 40 41 42 186 54 59 281 46 68 40 41 151 261 595
leaf_count=47 40 41 42 186 54 59 281 46 68 40 41 151 261 595
internal_value=-0.000153689 0.00681818 -0.000482833 -0.000219298 -0.000505051 -0.00840708 2.99581e-05 -0.00104948 0.00432836 0.00093633 0.012963 -0.000232919 -0.00153923 -0.000233645
internal_weight=1952 88 1864 1824 1782 113 1669 1334 335 267 81 1288 1007 856
internal_count=1952 88 1864 1824 1782 113 1669 1334 335 267 81 1288 1007 856
is_linear=0
shrinkage=0.05


Tree=93
num_leaves=15
num_cat=0
split_feature=0 6 8 7 8 7 6 2 7 8 3 2 0 6
split_gain=2.67276 3.98808 2.06413 5.16598 3.66333 3.82453 10.3415 3.19982 4.79142 3.18791 3.34023 3.11849 3.07931 2.76314
threshold=1.2745000000000002 -1.0599999999999998 -1.7274999999999998 367.85300000000007 -1.5999999999999999 976.62000000000012 0.37950000000000006 0.49751328890718055 740.40400000000011 -1.9489999999999998 48.481000000000009 -0.045113073260993279 7.8860000000000001 -0.5089999999999999
decision_type=2 2 2 2 2 2 2 2 2 2 2 2 2 2
left_child=-1 -2 3 -3 -4 6 7 8 11 13 -11 -6 -9 -5
right_child=1 2 4 9 5 -7 -8 12 -10 10 -12 -13 -14 -15
leaf_value=-0.01554021380639554 0.031606153417834217 -0.026989582092094913 0.012275145041573177 -0.0098581265315203729 -7.656009783366669e-05 0.010174289948272713 -0.013754894673631824 0.00016176390065933204 0.0041538987072895495 -0.00076196195280682087 -0.0043145163750651031 -0.0146085300212424 0.020927558439859023 0.00024349048183033435
leaf_weight=56 55 58 57 71 44 43 42 57 48 70 45 42 58 1206
leaf_count=56 55 58 57 71 44 43 42 57 48 70 45 42 58 1206
internal_value=5.12295e-05 0.000369198 -2.71592e-05 -0.000896552 0.00319693 0.0011976 -0.000859107 0.00301205 -0.00223881 -0.000287356 -0.00826087 -0.00930233 0.00913043 0.000430697
internal_weight=1952 1896 1841 1450 391 334 291 249 134 1392 115 86 115 1277
internal_count=1952 1896 1841 1450 391 334 291 249 134 1392 115 86 115 1277
is_linear=0
shrinkage=0.05


Tree=94
num_leaves=15
num_cat=0
split_feature=0 5 7 4 0 3 5 6 2 7 6 0 5 8
split_gain=2.59699 3.07532 2.47817 2.21581 5.58978 10.0544 3.09117 2.66532 5.05468 3.4101 4.16667 2.66759 3.02211 4.00387
threshold=1.2745000000000002 3.9475000000000002 284.38900000000007 23.603500000000004 23.437000000000005 12.570500000000001 31.595500000000005 0.67300000000000015 -0.86350450715563698 991.5245000000001 0.44450000000000006 34.052000000000007 30.672000000000004 -2.5904999999999996
decision_type=2 2 2 2 2 2 2 2 2 2 2 2 2 2
left_child=-1 -2 -3 7 5 -5 -6 9 -9 11 -11 12 -4 -14
right_child=1 2 3 4 6 -7 -8 8 -10 10 -12 -13 13 -15
leaf_value=-0.014763203116075763 0.036064621490505669 -0.010739241162087668 -3.9798679869762492e-05 0.028566437770592604 -0.0053249909041686687 0.00083406809784738892 0.0018989611901537033 0.0067560828222496512 -0.0016743325820451627 -0.0009243820421708127 -0.012419998721986295 0.0045993889036822794 -0.016783033693239233 0.0011806005920737045
leaf_weight=56 73 40 1194 43 53 78 45 41 49 60 40 51 89 40
leaf_count=56 73 40 1194 43 53 78 45 41 49 60 40 51 89 40
internal_value=-0.000102459 0.00021097 -0.000191991 8.41279e-05 0.00479452 0.0119835 -0.00408163 -0.000575448 0.00777778 -0.00108548 -0.01 -0.000436681 -0.000869237 -0.00813953
internal_weight=1952 1896 1823 1783 219 121 98 1564 90 1474 100 1374 1323 129
internal_count=1952 1896 1823 1783 219 121 98 1564 90 1474 100 1374 1323 129
is_linear=0
shrinkage=0.05


Tree=95
num_leaves=15
num_cat=0
split_feature=8 7 7 4 0 6 4 4 4 1 8 0 2 7
split_gain=2.09482 3.34272 3.27429 3.0431 4.34582 3.73781 2.19987 1.94686 6.37366 3.54571 3.31604 7.13853 6.30713 4.83821
threshold=-1.3049999999999999 340.84500000000008 999.71600000000012 6.4580000000000011 5.6080000000000014 0.32150000000000006 16.6645 4.3335000000000008 4.823500000000001 -0.70252096857941237 -2.0509999999999997 16.187500000000004 -0.88835394722870831 977.37400000000014
decision_type=2 2 2 2 2 2 2 2 2 2 2 2 2 2
left_child=1 -1 7 -2 -5 6 -6 9 -9 -3 13 -12 -13 -10
right_child=3 2 -4 4 5 -7 -8 8 10 -11 11 12 -14 -15
leaf_value=-0.024310265278711385 0.0079371841762576247 0.0066481102655714837 -0.0042357020650970528 -0.010270019847751567 0.00091977341276217603 -0.0028189980013969781 0.029901283180812158 0.0093926261047756476 0.0012280049901537138 -0.0033739695129274732 -0.0072456730571421549 -0.0076282370084738557 0.0031351675155055548 -0.0018116109201284981
leaf_weight=77 44 44 67 60 65 44 58 65 796 216 117 42 113 144
leaf_count=77 44 44 67 60 65 44 58 65 796 216 117 42 113 144
internal_value=-0.000204918 -0.000862582 -0.000374065 0.00387454 0.00154185 0.00568862 0.0101626 9.75927e-05 0.000900548 -0.00384615 8.25083e-05 -0.00477941 0.00225806 0.00148936
internal_weight=1952 1681 1604 271 227 167 123 1537 1277 260 1212 272 155 940
internal_count=1952 1681 1604 271 227 167 123 1537 1277 260 1212 272 155 940
is_linear=0
shrinkage=0.05


Tree=96
num_leaves=15
num_cat=0
split_feature=5 7 7 8 8 4 4 4 6 5 8 0 8 5
split_gain=1.71823 1.52654 3.31157 2.60558 2.40023 3.79477 6.12614 3.88263 4.56809 6.5709 2.92304 4.14577 4.32988 4.92106
threshold=1.7990000000000002 1003.0390000000001 991.5245000000001 -2.3944999999999994 -2.1434999999999995 4.3335000000000008 4.823500000000001 3.8795000000000006 -0.44099999999999995 19.045500000000001 -1.7274999999999998 5.0110000000000001 -1.5999999999999999 11.365000000000002
decision_type=2 2 2 2 2 2 2 2 2 2 2 2 2 2
left_child=-1 2 4 -4 5 7 -7 8 -2 -10 -6 -12 -13 -14
right_child=1 -3 3 -5 10 6 -8 -9 9 -11 11 12 13 -15
leaf_value=0.02362711740100859 -0.029715939349451631 0.0020638395828007361 -0.012023836886591324 -0.0010005613126894102 -0.0028920896670193486 0.0074358210877176261 0.00062796285227272324 -0.013867232097170362 0.0079369600685847263 -0.0090245946729487683 -0.0081043480722796327 0.014137739536255257 0.019132522755884659 -0.0017635576775955467
leaf_weight=40 43 48 52 47 261 52 865 44 56 53 67 50 110 164
leaf_count=40 43 48 52 47 261 52 865 44 56 53 67 50 110 164
internal_value=-0.000256148 -0.000470711 -0.000697425 -0.00959596 -0.0001983 0.00121294 0.0025627 -0.00510204 -0.00131579 0.00412844 -0.00260736 0.000127877 0.00246914 0
internal_weight=1952 1912 1864 99 1765 1113 917 196 152 109 652 391 324 274
internal_count=1952 1912 1864 99 1765 1113 917 196 152 109 652 391 324 274
is_linear=0
shrinkage=0.05


Tree=97
num_leaves=15
num_cat=0
split_feature=5 8 5 2 8 1 5 0 0 0 7 3 0 4
split_gain=1.78757 2.08142 3.59416 4.67447 4.64505 4.5343 5.14286 4.00484 3.58275 3.76405 3.58529 3.26612 6.17644 5.92665
threshold=1.7990000000000002 -2.1434999999999995 6.4850000000000003 0.96468063810649285 -2.3774999999999995 -0.60776722227211322 19.956500000000002 6.0205000000000011 7.8065000000000007 9.7655000000000012 483.99450000000007 0.15350000000000003 24.969500000000004 9.895500000000002
decision_type=2 2 2 2 2 2 2 2 2 2 2 2 2 2
left_child=-1 2 -2 4 7 -6 -7 -4 -9 -10 -11 12 -12 -14
right_child=1 -3 3 -5 5 6 -8 8 9 10 11 -13 13 -15
leaf_value=0.022445761530958161 0.023085060296415341 -0.00074645292164058285 0.0042910363527592036 -0.0094773564899411199 -0.00064346047653241205 0.027545026695257102 0.0014475960229103969 -0.014332225962407685 0.0044242450947637266 -0.02026747335647679 0.0017236920459654749 0.0004194960330063946 -0.0018002189155943205 -0.010203444520035274
leaf_weight=40 45 704 49 58 56 44 77 41 64 46 62 485 116 65
leaf_count=40 45 704 49 58 56 44 77 41 64 46 62 485 116 65
internal_value=-0.000461066 -0.000679916 0.00057947 4.29923e-05 0.000769231 0.00819209 0.0136364 -0.000646552 -0.00142207 -0.00071599 -0.00167959 -0.000824176 -0.00555556 -0.010221
internal_weight=1952 1912 1208 1163 1105 177 121 928 879 838 774 728 243 181
internal_count=1952 1912 1208 1163 1105 177 121 928 879 838 774 728 243 181
is_linear=0
shrinkage=0.05


Tree=98
num_leaves=15
num_cat=0
split_feature=4 6 0 2 7 3 4 6 3 4 7 2 2 6
split_gain=1.80998 6.13675 8.64051 8.41128 7.43371 6.3218 5.56594 4.33939 9.09302 16.8422 7.33623 5.1656 14.6852 7.87354
threshold=7.1090000000000009 0.28800000000000003 5.8935000000000004 0.71541278717867718 449.64200000000005 99.530000000000015 7.4090000000000016 0.23450000000000001 28.454000000000004 18.523000000000003 764.26550000000009 0.29426351849031901 -0.16705162550211924 -0.41649999999999993
decision_type=2 2 2 2 2 2 2 2 2 2 2 2 2 2
left_child=1 2 -1 -4 5 -5 -2 8 9 10 -8 12 -10 -13
right_child=6 -3 3 4 -6 -7 7 -9 11 -11 -12 13 -14 -15
leaf_value=0.0065926122846402535 -0.0097200060028148835 0.005584962485573771 0.00025754571125639062 0.011738213468590442 -0.028004970121603079 -0.011492897590361907 -0.0039583200786308479 -0.0010122669775193935 0.0024816544644588878 0.044127578051385952 0.015347746787859549 -0.0023014040383883996 -0.02283853076584591 0.033977186237661106
leaf_weight=109 40 189 273 40 94 43 82 606 88 43 78 129 74 64
leaf_count=109 40 189 273 40 94 43 82 606 88 43 78 129 74 64
internal_value=-0.000461066 0.00147059 -0.00116279 -0.00422222 -0.0127119 -0.00180723 -0.00166113 -0.00103093 0.00215054 0.0105911 0.003125 -0.00267606 -0.00925926 0.00284974
internal_weight=1952 748 559 450 177 83 1204 1164 558 203 160 355 162 193
internal_count=1952 748 559 450 177 83 1204 1164 558 203 160 355 162 193
is_linear=0
shrinkage=0.05


Tree=99
num_leaves=15
num_cat=0
split_feature=1 4 5 2 8 8 8 4 6 4 3 4 2 0
split_gain=2.15909 1.92896 2.01333 1.86959 5.25694 8.45 4.97566 2.42992 6.52798 4.6144 4.58366 4.52252 5.90171 9.10107
threshold=0.99805629696255316 35.857000000000006 1.7990000000000002 0.92933244589178743 -2.5329999999999999 -3.2964999999999995 -1.4369999999999998 6.9785000000000013 0.29850000000000004 8.4285000000000014 24.537500000000005 9.5825000000000014 0.29426351849031901 5.6080000000000014
decision_type=2 2 2 2 2 2 2 2 2 2 2 2 2 2
left_child=1 2 -1 7 5 -5 -6 8 -4 10 -9 -11 -13 -14
right_child=-2 -3 3 4 6 -7 -8 9 -10 11 -12 12 13 -15
leaf_value=0.020993842840178242 0.012946637192845518 0.013028269082213911 -0.00060846195822850113 -0.022085602754334323 -0.018031148111006624 0.010834306518992599 -5.0656044027436181e-05 -0.00092524171024870321 0.0081985028546800055 0.0026658046589177948 -0.020946016692674273 -0.0015070243184952155 -0.02258409214515298 0.026357046704527445
leaf_weight=40 43 40 403 40 67 40 44 137 168 135 61 584 41 109
leaf_count=40 43 40 403 40 67 40 44 137 168 135 61 584 41 109
internal_value=-0.000614754 -0.000864327 -0.00109684 -0.00133953 -0.00602094 0.00375 -0.0130631 -0.000793651 0.00183888 -0.00220244 -0.00909091 -0.000632911 -0.00217984 0.00666667
internal_weight=1952 1909 1869 1829 191 80 111 1638 571 1067 198 869 734 150
internal_count=1952 1909 1869 1829 191 80 111 1638 571 1067 198 869 734 150
is_linear=0
shrinkage=0.05


Tree=100
num_leaves=15
num_cat=0
split_feature=5 6 4 7 1 4 4 3 4 2 4 7 0 3
split_gain=1.85829 1.96388 5.38489 5.73946 2.0336 5.62151 1.88382 1.95937 3.60091 4.03242 5.65086 3.93387 3.0784 2.84983
threshold=1.7990000000000002 0.6645000000000002 17.011500000000002 966.65150000000006 0.98902500162601181 11.472500000000002 33.982000000000006 0.15350000000000003 9.5825000000000014 0.82438889030848939 6.0785000000000009 973.80100000000004 24.969500000000004 0.51950000000000018
decision_type=2 2 2 2 2 2 2 2 2 2 2 2 2 2
left_child=-1 4 -3 -4 6 -6 7 8 9 10 -2 -12 -10 -9
right_child=1 2 3 -5 5 -7 -8 13 12 -11 11 -13 -14 -15
leaf_value=0.019944150698169332 0.014051097257485641 0.0072587017367651725 -0.012023374149425472 0.00041250121583281051 0.019828949354184555 -0.001847145506362713 0.0057606279892777586 0.0063024759037279667 -0.00035327991174866904 -0.0041239510505683115 8.1621593783200435e-05 -0.0065438351618398701 -0.0096004716642082918 -0.00059173704138159244
leaf_weight=40 80 64 40 52 47 50 54 44 42 44 91 46 66 1192
leaf_count=40 80 64 40 52 47 50 54 44 42 44 91 46 66 1192
internal_value=-0.000665984 -0.000889121 0.00448718 -0.00326087 -0.00136674 0.0056701 -0.00177818 -0.00208723 -0.00528455 -0.00210728 0.000691244 -0.00547445 -0.012963 -0.00113269
internal_weight=1952 1912 156 92 1756 97 1659 1605 369 261 217 137 108 1236
internal_count=1952 1912 156 92 1756 97 1659 1605 369 261 217 137 108 1236
is_linear=0
shrinkage=0.05


Tree=101
num_leaves=15
num_cat=0
split_feature=5 7 7 5 7 7 5 2 2 8 2 5 4 5
split_gain=1.91223 1.73256 2.3325 3.38201 2.70973 4.25817 5.70642 5.2964 3.32598 2.83753 5.1918 5.44555 4.59532 9.76291
threshold=1.7990000000000002 1003.0390000000001 990.96950000000015 28.267000000000003 966.65150000000006 973.80100000000004 32.58100000000001 -0.99113067767854335 -0.93704710539067892 -2.1589999999999994 -0.84565824135800816 28.781000000000002 12.664000000000003 26.282000000000004
decision_type=2 2 2 2 2 2 2 2 2 2 2 2 2 2
left_child=-1 2 4 -4 8 -6 7 -7 -2 10 -10 12 13 -12
right_child=1 -3 3 -5 5 6 -8 -9 9 -11 11 -13 -14 -15
leaf_value=0.018946943163260867 -0.0089202384637957488 0.0017565458800112743 -0.020746361206387749 -0.0017484857707099511 0.0055941205575954119 0.010370928180981877 -0.005513169442926587 -0.00012687317742740011 0.021011956065637046 -0.0009793801665135798 -0.00074304003426134413 -0.0048719816424619318 0.012577192522144599 0.0097286275656808946
leaf_weight=40 69 48 45 61 49 41 43 84 48 574 483 155 159 53
leaf_count=40 69 48 45 61 49 41 43 84 48 574 483 155 159 53
internal_value=-0.000819672 -0.00104603 -0.00128755 -0.00849057 -0.000853242 0.00437788 0.000595238 0.006 -0.00158988 -0.00108696 0.000668151 -0.000235294 0.00165468 -0.000559701
internal_weight=1952 1912 1864 106 1758 217 168 125 1541 1472 898 850 695 536
internal_count=1952 1912 1864 106 1758 217 168 125 1541 1472 898 850 695 536
is_linear=0
shrinkage=0.05


Tree=102
num_leaves=15
num_cat=0
split_feature=3 0 2 4 0 8 6 6 7 0 3 4 2 4
split_gain=2.13339 3.30343 6.17817 6.40279 6.11413 3.86786 3.83558 4.98938 3.15214 4.77331 4.11553 3.79658 5.94381 2.61695
threshold=0.15350000000000003 8.5340000000000007 0.21113058295073206 6.0390000000000006 30.535500000000003 -2.8274999999999992 0.44450000000000006 0.22100000000000003 966.65150000000006 27.380500000000005 8.9925000000000015 26.038500000000003 0.092265415903232631 2.6525000000000003
decision_type=2 2 2 2 2 2 2 2 2 2 2 2 2 2
left_child=1 -1 3 -3 6 -6 7 -5 11 10 -10 13 -13 -2
right_child=8 2 -4 4 5 -7 -8 -9 9 -11 -12 12 -14 -15
leaf_value=0.001775306659813067 -0.0078984660876677826 0.015865527754318959 -0.0051463077647255114 0.0033382710798264752 -0.012785781752201337 -0.0027671416442349127 0.0053144145297156394 -0.0062002656455528013 -0.0017302056223286459 0.0052010345427764906 0.0067702709245082461 -0.013189305263410151 0.0086122145906729532 0.00027359072660698149
leaf_weight=40 84 59 70 40 40 56 77 63 58 95 60 70 50 1090
leaf_count=40 84 59 70 40 40 56 77 63 58 95 60 70 50 1090
internal_value=-0.000665984 -0.00370787 -0.00506173 -0.00223881 -0.00543478 -0.015625 0 -0.00631068 0.00023225 0.00586854 -0.000847458 -0.000695518 -0.00916667 0.000170358
internal_weight=1952 445 405 335 276 96 180 103 1507 213 118 1294 120 1174
internal_count=1952 445 405 335 276 96 180 103 1507 213 118 1294 120 1174
is_linear=0
shrinkage=0.05


Tree=103
num_leaves=15
num_cat=0
split_feature=5 6 5 6 7 4 5 0 0 5 8 2 0 0
split_gain=1.80512 1.58298 4.78958 4.10729 2.55052 2.08532 10.0022 9.31903 6.07942 6.11646 7.02004 4.83327 4.02373 4.46724
threshold=1.7990000000000002 0.72750000000000015 31.595500000000005 0.6645000000000002 999.71600000000012 17.183000000000003 25.066000000000006 8.6120000000000019 32.981500000000004 30.900000000000002 -2.7724999999999995 -0.30081980763566774 25.846000000000004 28.363500000000002
decision_type=2 2 2 2 2 2 2 2 2 2 2 2 2 2
left_child=-1 3 -3 4 5 8 7 -7 9 12 -11 -9 -2 -14
right_child=1 2 -4 -5 -6 6 -8 11 -10 10 -12 -13 13 -15
leaf_value=0.01798591646876747 -0.00057922073857430152 -0.0033399040940995783 0.0019634617164148551 0.010031126043903306 -0.0049035379566065634 -0.0050004468393515834 -0.010076728361529553 0.00035541628341523301 0.0049739496689496614 -0.018112528272682817 0.0016091980115045313 0.03092406908673978 0.012528451121390838 -0.0010098236214265415
leaf_weight=40 992 59 45 52 59 72 62 60 86 65 42 104 86 128
leaf_count=40 992 59 45 52 59 72 62 60 86 65 42 104 86 128
internal_value=-0.000512295 -0.000732218 -0.00673077 -0.000387168 -0.000797267 -0.000441956 0.0033557 0.00805085 -0.00125089 -0.00209444 -0.0135514 0.0146341 -0.00107794 0.00514019
internal_weight=1952 1912 104 1808 1756 1697 298 236 1399 1313 107 164 1206 214
internal_count=1952 1912 104 1808 1756 1697 298 236 1399 1313 107 164 1206 214
is_linear=0
shrinkage=0.05


Tree=104
num_leaves=15
num_cat=0
split_feature=5 4 4 6 5 0 5 4 7 2 7 6 5 4
split_gain=1.80512 1.47006 5.92156 4.19048 4.38436 2.66575 5.23104 6.20196 3.98419 3.65144 2.98281 8.53173 4.87225 3.18083
threshold=1.7990000000000002 4.3335000000000008 4.823500000000001 -0.59049999999999991 18.354500000000005 5.1650000000000009 11.246 8.6610000000000014 504.66750000000008 0.58534685349953219 488.18950000000007 -0.13149999999999998 16.869000000000003 6.0785000000000009
decision_type=2 2 2 2 2 2 2 2 2 2 2 2 2 2
left_child=-1 3 -3 -2 -5 8 7 -7 -4 -9 -8 -12 -13 -14
right_child=1 2 5 4 -6 6 10 9 -10 -11 11 12 13 -15
leaf_value=0.017086620645329099 -0.035182089650335972 0.0068736525606135634 -0.011360865144519955 0.0042044381367913114 -0.0084424380661944996 -0.0011845062996419535 -0.0098720636822628889 0.011061861548060853 5.6279905656420051e-05 0.048985788496434236 0.011630564355050109 -0.0063174877165347006 0.0094831642704123822 -0.00037798738348839012
leaf_weight=40 44 72 63 156 108 51 63 68 69 59 96 140 93 830
leaf_count=40 44 72 63 156 108 51 63 68 69 59 96 140 93 830
internal_value=-0.000512295 -0.000732218 -0.000124688 -0.0038961 -0.00151515 -0.00078329 -0.000142857 0.00786517 -0.00757576 0.0137795 -0.00130933 -0.000733391 -0.00202258 -0.000704225
internal_weight=1952 1912 1604 308 264 1532 1400 178 132 127 1222 1159 1063 923
internal_count=1952 1912 1604 308 264 1532 1400 178 132 127 1222 1159 1063 923
is_linear=0
shrinkage=0.05


Tree=105
num_leaves=15
num_cat=0
split_feature=1 4 2 1 5 8 2 0 0 0 6 0 2 1
split_gain=2.41612 3.56112 7.91335 7.36975 4.50287 6.19355 4.32574 7.05449 6.41306 4.55627 7.36135 3.85702 3.11596 7.45461
threshold=-1.0000000180025095e-35 10.467000000000001 0.39110220707247995 -0.98801351631316325 19.045500000000001 -2.4014999999999995 0.70329649815198148 6.6655000000000006 14.202500000000002 23.054000000000006 0.17550000000000002 32.502500000000005 -0.58882848911713703 -0.44380628866780414
decision_type=2 2 2 2 2 2 2 2 2 2 2 2 2 2
left_child=1 3 4 -1 -3 -6 8 -8 -5 -10 -11 12 13 -12
right_child=-2 2 -4 6 5 -7 7 -9 9 10 11 -13 -14 -15
leaf_value=0.007352122304496795 0.0002254080548169099 -0.028437486341644898 0.008536943963402965 0.020657397536625852 -0.007892559307112702 0.0018573269796451058 0.001915707477660194 -0.015910961750242737 -0.008165651334586561 0.020398844444149074 0.0097333599236424321 0.0033559990197021745 -0.0048420915620359427 -0.0083248102982166096
leaf_weight=48 1014 42 81 50 124 62 70 109 74 49 58 75 46 50
leaf_count=48 1014 42 81 50 124 62 70 109 74 49 58 75 46 50
internal_value=-0.000409836 -0.00223881 -0.0066343 -7.94913e-05 -0.0114035 -0.00806452 -0.00163511 -0.00810056 0.00124378 -0.00113636 0.00179856 -0.00196507 -0.00649351 -0.00185185
internal_weight=1952 938 309 629 228 186 581 179 402 352 278 229 154 108
internal_count=1952 938 309 629 228 186 581 179 402 352 278 229 154 108
is_linear=0
shrinkage=0.05


Tree=106
num_leaves=15
num_cat=0
split_feature=5 3 7 4 1 0 0 8 6 5 5 8 6 5
split_gain=1.99117 5.5477 6.72446 6.64686 6.54536 3.40632 4.186 3.29378 6.17539 3.01079 3.60987 4.68225 4.33478 6.21464
threshold=8.0605000000000029 92.683000000000007 459.31750000000005 6.3875000000000002 0.1837425755813806 4.5955000000000004 6.0205000000000011 -3.5459999999999998 0.014500000000000001 10.917500000000002 16.093500000000002 -2.6134999999999997 0.038500000000000006 22.826500000000006
decision_type=2 2 2 2 2 2 2 2 2 2 2 2 2 2
left_child=1 2 -1 -3 -5 -2 -7 8 -8 -9 11 -11 13 -12
right_child=5 3 -4 4 -6 6 7 9 -10 10 12 -13 -14 -15
leaf_value=0.046347004571043432 -0.00386773179325961 0.013721165401904196 0.00025625495211001326 -0.021946867363672164 0.019349221945637908 0.028294164692011736 -0.032945143867555017 0.011377884499916738 0.00031899390315500711 0.0006101407122358738 0.0092245098594656398 -0.004542173804830474 -0.00014715557504514922 -0.0014494331355200591
leaf_weight=50 77 44 57 48 49 43 70 90 77 71 127 181 915 53
leaf_count=50 77 44 57 48 49 43 70 90 77 71 127 181 915 53
internal_value=-0.000153689 0.00403226 0.0126168 -0.00248227 -0.00979381 -0.000762911 -0.000276583 -0.000694444 -0.00782313 3.47947e-05 -0.000556793 -0.00595238 0.000684932 0.00777778
internal_weight=1952 248 107 141 97 1704 1627 1584 147 1437 1347 252 1095 180
internal_count=1952 248 107 141 97 1704 1627 1584 147 1437 1347 252 1095 180
is_linear=0
shrinkage=0.05


Tree=107
num_leaves=15
num_cat=0
split_feature=8 4 4 0 5 7 0 6 2 8 4 4 7 2
split_gain=2.42239 4.46175 4.83136 3.43742 2.67733 2.2855 1.71123 3.83904 2.82892 3.7046 2.55419 4.4881 3.03279 2.55812
threshold=-1.3049999999999999 11.399000000000003 16.6645 7.8065000000000007 10.265000000000002 297.07900000000006 2.3170000000000006 -0.71549999999999991 0.92284787786233202 -2.5329999999999999 3.161 3.6275000000000008 999.71600000000012 0.21113058295073206
decision_type=2 2 2 2 2 2 2 2 2 2 2 2 2 2
left_child=5 3 -3 -2 -4 -1 -7 -8 10 -10 -9 -12 13 -13
right_child=1 2 4 -5 -6 6 7 8 9 -11 11 12 -14 -15
leaf_value=-0.02753372375290003 0.032355230264462867 -0.015869380033115967 0.01359723865951127 0.00041068708832394112 -0.00074895523929607302 -0.013555683281338271 0.01942725888215564 0.0075015648456386837 -0.00032048777097272896 -0.007264643430552678 -0.0046348084329838118 0.00030928610737519514 -0.004862703646494603 -0.0018308167516010278
leaf_weight=52 62 46 44 52 67 41 42 92 56 51 40 941 62 304
leaf_count=52 62 46 44 52 67 41 42 92 56 51 40 941 62 304
internal_value=-0.000512295 0.00387454 -0.00159236 0.0114035 0.00405405 -0.00121951 -0.000890117 -0.000629723 -0.00103493 -0.0088785 -0.000451703 -0.00100223 -0.000497322 4.01606e-05
internal_weight=1952 271 157 114 111 1681 1629 1588 1546 107 1439 1347 1307 1245
internal_count=1952 271 157 114 111 1681 1629 1588 1546 107 1439 1347 1307 1245
is_linear=0
shrinkage=0.05


Tree=108
num_leaves=15
num_cat=0
split_feature=0 5 7 7 8 0 5 4 6 2 2 5 0 2
split_gain=2.42443 4.2301 1.73028 4.92857 5.11955 3.3138 6.68907 4.40579 3.02153 2.33502 2.37794 2.90806 4.03382 4.69508
threshold=1.2745000000000002 3.9475000000000002 965.07450000000006 973.80100000000004 -1.8844999999999998 27.242000000000004 32.58100000000001 12.058500000000002 0.48150000000000004 -0.93704710539067892 -0.84565824135800816 29.320000000000004 28.854500000000005 -0.53914575630485184
decision_type=2 2 2 2 2 2 2 2 2 2 2 2 2 2
left_child=-1 -2 9 -4 5 7 -7 -5 -8 -3 -11 12 13 -12
right_child=1 2 3 4 -6 6 8 -9 -10 10 11 -13 -14 -15
leaf_value=-0.011656239140777857 0.03582894742163141 -0.010881951106622713 0.0047419336935433922 -0.0080142732583020713 0.0093431550011635507 0.0065224653232770578 0.0002875799026284931 8.7033052937871011e-05 -0.0037490742414295983 0.016550953012949742 -0.0099498524163242549 -0.0040082981014872834 0.012971234016487377 -0.00011428881544692099
leaf_weight=56 73 66 56 61 73 59 49 40 40 67 76 150 40 1046
leaf_count=56 73 66 56 61 73 59 49 40 40 67 76 150 40 1046
internal_value=-0.000461066 -0.000158228 -0.000630828 0.00238095 0 -0.00341365 0.00135135 -0.010396 -0.00730337 -0.00141869 -0.00097897 -0.00144817 -0.00060241 -0.00115865
internal_weight=1952 1896 1823 378 322 249 148 101 89 1445 1379 1312 1162 1122
internal_count=1952 1896 1823 378 322 249 148 101 89 1445 1379 1312 1162 1122
is_linear=0
shrinkage=0.05


Tree=109
num_leaves=15
num_cat=0
split_feature=5 8 1 5 6 4 7 6 2 1 0 0 0 8
split_gain=1.77011 1.89017 3.80521 4.14891 4.74984 4.77804 4.09361 4.89855 5.56682 5 3.92687 4.74165 6.12188 6.0841
threshold=1.7990000000000002 -2.1509999999999994 0.80060016645719811 6.4850000000000003 -0.44099999999999995 5.6015000000000006 698.81700000000012 0.32500000000000007 -0.030120304846908235 0.95444582372253872 6.5855000000000006 18.950000000000006 10.454500000000001 -2.4014999999999995
decision_type=2 2 2 2 2 2 2 2 2 2 2 2 2 2
left_child=-1 2 3 -2 5 -5 -4 8 9 -8 -6 12 -12 -13
right_child=1 -3 6 4 10 -7 7 -9 -10 -11 11 13 -14 -15
leaf_value=0.01394617519091363 0.018066941967146359 -0.00089042284506902841 0.020684590684529755 -0.037305405770108289 0.0029239654911292325 -0.0008612309227113091 0.0012291960923315277 0.015670590972060444 0.017956800268688313 -0.0149397778278514 0.00042947271282167687 -0.00033825014275884506 -0.011371260740774859 0.0086943831719516959
leaf_weight=40 40 712 41 43 56 45 40 46 58 40 74 495 106 116
leaf_count=40 40 712 41 43 56 45 40 46 58 40 74 495 106 116
internal_value=-0.000409836 -0.000627615 0.000583333 -0.000769231 -0.00144385 -0.0125 0.00644444 0.00326087 -0.00144928 -0.01 -0.000295159 -0.00120101 -0.00833333 0.000900164
internal_weight=1952 1912 1200 975 935 88 225 184 138 80 847 791 180 611
internal_count=1952 1912 1200 975 935 88 225 184 138 80 847 791 180 611
is_linear=0
shrinkage=0.05


Tree=110
num_leaves=15
num_cat=0
split_feature=4 4 5 2 0 2 1 5 1 3 4 4 7 3
split_gain=2.3245 6.26294 6.25812 5.81766 5.70646 8.32583 5.35895 5.65911 5.23329 6.05621 4.19913 6.98282 3.84294 3.80648
threshold=11.060000000000002 12.664000000000003 4.1210000000000013 0.92933244589178743 4.5955000000000004 0.32694223331140743 0.65189295912203349 22.007500000000004 0.98633936463790606 85.045000000000002 15.823000000000002 28.557000000000006 415.27600000000007 4.5170000000000003
decision_type=2 2 2 2 2 2 2 2 2 2 2 2 2 2
left_child=2 -2 -1 -4 -3 6 7 -6 9 -8 -9 13 -7 -12
right_child=1 4 3 -5 5 12 8 10 -10 -11 11 -13 -14 -15
leaf_value=0.031476216216491527 -0.010269983380680532 -0.020021189536620312 0.00031226383620669429 -0.0069171704538937839 -0.018291738530039219 0.0035181841130936366 0.00018359617095333738 0.011619660627901979 -0.0051540939598560794 0.033663412479149217 -0.0064217387738755537 0.0077363785115984948 0.032278141277140356 -0.011187534439621616
leaf_weight=62 106 49 1037 137 56 47 91 45 50 43 52 63 72 42
leaf_count=62 106 49 1037 137 56 47 91 45 50 43 52 63 72 42
internal_value=-0.000665984 -0.00293296 0.000647249 -0.000170358 -0.000983607 0.000445633 -0.00271493 -0.00736434 0.00380435 0.00895522 -0.00346535 -0.00732484 0.0121849 -0.0159574
internal_weight=1952 716 1236 1174 610 561 442 258 184 134 202 157 119 94
internal_count=1952 716 1236 1174 610 561 442 258 184 134 202 157 119 94
is_linear=0
shrinkage=0.05


Tree=111
num_leaves=15
num_cat=0
split_feature=4 0 2 7 4 6 0 3 6 5 5 6 8 3
split_gain=2.00253 6.38494 9.3712 5.41384 7.00343 7.32443 6.25839 4.92419 8.2303 4.92377 4.90559 4.85689 7.77194 4.69971
threshold=11.060000000000002 3.6110000000000002 0.29426351849031901 879.24150000000009 17.183000000000003 0.27300000000000008 32.859500000000004 29.964500000000005 -0.41649999999999993 25.710000000000004 4.1210000000000013 -0.17749999999999996 -3.4859999999999998 98.324500000000015
decision_type=2 2 2 2 2 2 2 2 2 2 2 2 2 2
left_child=10 -2 3 4 -3 -6 9 -4 -9 -5 -1 12 -12 -14
right_child=1 2 7 6 5 -7 -8 8 -10 -11 11 -13 13 -15
leaf_value=0.029902405405666955 -0.021597363755905902 -0.013198314375501646 0.027859313153576433 -0.00068865030790029593 0.01428141169772499 -0.023540256035922837 -0.005579482025819503 -0.0048372549153407876 0.033736658355557669 0.0087434630977731072 -0.03983389169105872 0.00051607337613376186 0.00048251928658407108 -0.0070163636698197642
leaf_weight=62 42 98 48 130 82 40 64 60 41 111 65 886 131 92
leaf_count=62 42 98 48 130 82 40 64 60 41 111 65 886 131 92
internal_value=-0.000409836 -0.00251397 -0.00133531 -0.00447619 -0.0104545 -0.00245902 -0.000163934 0.00973154 0.00346535 0.00352697 0.000809061 8.51789e-05 -0.00555556 -0.00112108
internal_weight=1952 716 674 525 220 122 305 149 101 241 1236 1174 288 223
internal_count=1952 716 674 525 220 122 305 149 101 241 1236 1174 288 223
is_linear=0
shrinkage=0.05


Tree=112
num_leaves=15
num_cat=0
split_feature=4 0 2 3 6 0 1 0 2 5 1 1 6 0
split_gain=3.1089 6.28404 10.9638 6.54421 8.00952 4.49454 4.65057 5.15224 5.89385 4.39768 4.3019 4.68031 4.29004 6.84864
threshold=10.3665 3.6110000000000002 0.29426351849031901 29.964500000000005 -0.41649999999999993 9.2130000000000027 0.11577009971046097 28.961500000000004 -0.91780143710280748 4.1210000000000013 0.97505550290239451 -0.98801351631316325 0.24550000000000002 16.187500000000004
decision_type=2 2 2 2 2 2 2 2 2 2 2 2 2 2
left_child=9 -2 5 -4 -5 -3 7 -7 -9 -1 11 -11 -8 -14
right_child=1 2 3 4 -6 6 12 8 -10 10 -12 -13 13 -15
leaf_value=0.031013090111695365 -0.020358976125550779 -0.0074714244044084832 0.028312764118658684 -0.0053574851662352213 0.032049825437779782 -0.014538767866330427 0.013199595543236603 -0.0034645308955190864 0.0045945894686314449 0.0065062515259475739 0.010620064349498672 -0.00040269588722929297 -0.0055870932444098747 0.00057263026474457248
leaf_weight=59 45 44 51 63 45 99 87 64 78 46 67 1008 47 149
leaf_count=59 45 44 51 63 45 99 87 64 78 46 67 1008 47 149
internal_value=-0.000512295 -0.00297927 -0.00185695 0.00974843 0.00277778 -0.00510563 -0.00381679 -0.00892116 -0.0028169 0.00110169 0.000401427 -0.000379507 0.000530035 -0.00357143
internal_weight=1952 772 727 159 108 568 524 241 142 1180 1121 1054 283 196
internal_count=1952 772 727 159 108 568 524 241 142 1180 1121 1054 283 196
is_linear=0
shrinkage=0.05


Tree=113
num_leaves=15
num_cat=0
split_feature=4 4 5 1 1 6 4 0 2 1 1 3 4 5
split_gain=2.48991 5.5434 4.7334 4.86892 5.16296 6.89495 4.62328 4.47247 7.2993 4.82325 5.3112 6.82335 4.34603 3.92135
threshold=11.060000000000002 12.664000000000003 4.1210000000000013 0.97269128516472203 0.90149333598846393 -0.46349999999999997 3.161 4.5955000000000004 0.65278973532535922 0.65189295912203349 0.98633936463790606 93.070000000000007 17.011500000000002 22.007500000000004
decision_type=2 2 2 2 2 2 2 2 2 2 2 2 2 2
left_child=2 -2 -1 4 5 -4 -7 -3 9 13 11 12 -11 -9
right_child=1 7 3 -5 -6 6 -8 8 -10 10 -12 -13 -14 -15
leaf_value=0.026856630629798841 -0.012565088075258263 -0.016922313065716461 -0.012531556109748232 0.01101651368169837 -0.0078199056001890428 0.0084820432450303795 7.6696848520799168e-05 -0.010981486848315901 0.026652435486127397 0.011494200171886255 -0.0048730978672541676 0.035652552757234328 -0.0011560432119761212 -0.00070121737215722568
leaf_weight=62 106 49 107 75 62 102 828 85 58 40 50 50 72 206
leaf_count=62 106 49 107 75 62 102 828 85 58 40 50 50 72 206
internal_value=-0.000307377 -0.00265363 0.00105178 0.000340716 -0.000500455 0.000337512 0.00172043 -0.000819672 0.000445633 -0.00149105 0.00424528 0.00864198 0.00178571 -0.0056701
internal_weight=1952 716 1236 1174 1099 1037 930 610 561 503 212 162 112 291
internal_count=1952 716 1236 1174 1099 1037 930 610 561 503 212 162 112 291
is_linear=0
shrinkage=0.05


Tree=114
num_leaves=15
num_cat=0
split_feature=8 8 7 6 7 3 1 5 2 0 0 5 8 4
split_gain=2.4742 2.73985 1.91188 4.89955 3.0876 5.10196 3.19766 4.74956 2.99185 2.62359 2.53438 4.31028 4.68884 3.77587
threshold=0.50100000000000011 -0.074999999999999983 991.5245000000001 0.44950000000000007 966.65150000000006 0.097500000000000017 0.1328271176880281 25.180500000000006 -0.93704710539067892 31.104500000000005 31.541000000000004 29.320000000000004 -2.8704999999999994 29.045000000000005
decision_type=2 2 2 2 2 2 2 2 2 2 2 2 2 2
left_child=1 2 4 -4 8 9 -7 -8 -1 -6 11 13 -13 -10
right_child=-2 -3 3 -5 5 6 7 -9 10 -11 -12 12 -14 -15
leaf_value=-0.0087702703514547075 0.014961332444987067 -0.0090694430554495893 0.00069093571785587289 -0.0039197120235081821 0.002462844552936494 0.0061881376555695498 0.01044819120334793 -0.00098200638625433874 0.000131583559133424 -0.0025396662114213612 0.0047934224339176911 -0.018235350315060291 0.00023986428887269874 -0.0033267917522963489
leaf_weight=69 44 41 71 74 40 41 47 52 1162 43 101 52 43 72
leaf_count=69 44 41 71 74 40 41 47 52 1162 43 101 52 43 72
internal_value=-0.000358607 -0.000628931 -0.000348152 -0.00586207 0.000116144 0.00560538 0.0114286 0.00656566 -0.000700467 -0.00421687 -0.00020979 -0.000790068 -0.0110526 0
internal_weight=1952 1908 1867 145 1722 223 140 99 1499 83 1430 1329 95 1234
internal_count=1952 1908 1867 145 1722 223 140 99 1499 83 1430 1329 95 1234
is_linear=0
shrinkage=0.05


Tree=115
num_leaves=15
num_cat=0
split_feature=8 4 2 0 0 1 3 5 2 0 6 4 4 2
split_gain=2.58352 2.6836 4.85583 11.7572 4.24128 4.09335 3.62599 3.34648 4.20691 4.83523 4.82849 4.94331 4.45024 3.96402
threshold=0.50100000000000011 10.3665 0.29426351849031901 6.5855000000000006 9.2130000000000027 -0.98801351631316325 93.070000000000007 4.1210000000000013 0.92933244589178743 6.6655000000000006 -0.17749999999999996 3.161 4.2190000000000003 0.31064877563037102
decision_type=2 2 2 2 2 2 2 2 2 2 2 2 2 2
left_child=1 5 4 -4 -3 -1 -5 -7 9 -9 -11 -12 -13 -14
right_child=-2 2 3 6 -6 7 -8 8 -10 10 11 12 13 -15
leaf_value=0.0061635824635100358 0.014213265822737712 -0.0073749183948494251 -0.015167740948405851 0.020113257710952483 -0.0009829489659680436 0.012498292329855432 0.0079981894059189852 0.0048419592222577641 -0.0063161617376252021 -0.0076723115947932409 0.015227393888997021 -0.0047448986957208672 0.0013357990736232715 -0.0023206847517320164
leaf_weight=46 44 44 69 69 514 53 42 91 136 135 55 71 494 89
leaf_count=46 44 44 69 69 514 53 42 91 136 135 55 71 494 89
internal_value=-0.000614754 -0.000890985 -0.00325203 0.00388889 -0.00555556 0.000598291 0.013964 0 -0.000606909 0.000588235 -0.000592417 0.00105783 -0.000152905 0.00128645
internal_weight=1952 1908 738 180 558 1170 111 1124 1071 935 844 709 654 583
internal_count=1952 1908 738 180 558 1170 111 1124 1071 935 844 709 654 583
is_linear=0
shrinkage=0.05


Tree=116
num_leaves=15
num_cat=0
split_feature=8 4 2 0 6 4 6 2 4 4 1 1 2 1
split_gain=2.51765 2.14686 4.33562 11.9316 4.13747 8.00952 4.88076 7.44 8.81503 8.29356 6.21314 4.09335 3.91302 3.47414
threshold=0.50100000000000011 10.3665 0.27779130397453933 7.8065000000000007 0.50350000000000017 16.6645 0.42350000000000004 -0.78621243120361772 18.946500000000004 26.910000000000004 0.82072415811359578 -0.98801351631316325 0.65278973532535922 0.97505550290239451
decision_type=2 2 2 2 2 2 2 2 2 2 2 2 2 2
left_child=1 11 4 -4 6 -6 7 -3 10 -10 -9 -1 -5 -13
right_child=-2 2 3 12 5 -7 -8 8 9 -11 -12 13 -14 -15
leaf_value=0.0058554033403345343 0.013502602531600821 0.010794194155857185 -0.012898554025248622 0.014097668311489142 0.010559245772355131 -0.0011540730815278401 -0.014808586409923705 -0.034698437046543039 0.020530831331453604 -0.0016726613556128922 -0.0013676493667250712 -0.0001176521414468279 0.029279534190342141 0.0094648663163009808
leaf_weight=46 44 54 83 61 70 140 65 69 48 46 62 1055 40 69
leaf_count=46 44 54 83 61 70 140 65 69 48 46 62 1055 40 69
internal_value=-0.000461066 -0.000733753 -0.00284553 0.00380435 -0.00505415 0.00047619 -0.00843023 -0.00555556 -0.00955556 0.00212766 -0.0179389 0.000598291 0.0153465 0
internal_weight=1952 1908 738 184 554 210 344 279 225 94 131 1170 101 1124
internal_count=1952 1908 738 184 554 210 344 279 225 94 131 1170 101 1124
is_linear=0
shrinkage=0.05


Tree=117
num_leaves=15
num_cat=0
split_feature=5 6 5 8 5 5 0 6 7 3 4 2 4 1
split_gain=1.77011 2.80359 6.92939 6.528 2.11052 2.13908 6.45423 2.43175 1.86331 6.1362 5.87474 5.22783 3.2858 5.0305
threshold=1.7990000000000002 -0.64049999999999996 6.0615000000000006 -2.2934999999999994 7.5875000000000012 10.917500000000002 6.3810000000000011 -0.24849999999999997 910.88750000000016 8.4425000000000008 6.1185000000000009 -0.65604102973502731 8.9765000000000033 0.047250493887438572
decision_type=2 2 2 2 2 2 2 2 2 2 2 2 2 2
left_child=-1 3 -3 -2 -4 6 -6 -8 11 10 -10 -7 13 -12
right_child=1 2 4 -5 5 8 7 -9 9 -11 12 -13 -14 -15
leaf_value=0.0066608381258082194 0.0012193652057570295 0.027493992887243558 -0.0043611926423156979 -0.0070658281933892843 -0.0085166777521035186 -0.020629039952357524 0.0012762652399399333 0.016300191474321681 0.0087233911427455103 0.0048090750308703023 -0.00013665171085101014 -0.00043553528941634172 -7.9131907817553415e-05 -0.0085481612285498287
leaf_weight=40 70 43 44 86 49 79 44 51 78 200 59 824 238 47
leaf_count=40 70 43 44 86 49 79 44 51 78 200 59 824 238 47
internal_value=-0.000409836 -0.000627615 -5.69476e-05 -0.00705128 -0.000554583 -0.000269623 0.00555556 0.0131579 -0.000819672 0.00128617 -0.0021327 -0.00227021 -0.00494186 -0.0122642
internal_weight=1952 1912 1756 156 1713 1669 144 95 1525 622 422 903 344 106
internal_count=1952 1912 1756 156 1713 1669 144 95 1525 622 422 903 344 106
is_linear=0
shrinkage=0.05


Tree=118
num_leaves=15
num_cat=0
split_feature=4 4 0 2 5 1 8 8 0 2 0 4 5 8
split_gain=2.25063 2.06225 5.24582 11.6187 4.64387 4.06915 4.55508 8.75503 6.68714 3.961 5.59664 4.41824 3.92848 3.84715
threshold=2.1150000000000007 11.060000000000002 7.8065000000000007 0.63874942205152718 4.1210000000000013 0.047250493887438572 -0.70249999999999979 -2.1049999999999995 16.874000000000006 -0.94418750883419933 28.961500000000004 18.080000000000002 9.4885000000000019 -2.8274999999999992
decision_type=2 2 2 2 2 2 2 2 2 2 2 2 2 2
left_child=-1 4 12 5 -2 9 7 -7 -9 -4 11 -11 -3 -12
right_child=1 2 3 -5 -6 6 -8 8 -10 10 13 -13 -14 -15
leaf_value=-0.0024206370650505698 0.024170353958606783 -0.021074760612707567 -0.0066250332093762236 0.041189320385772547 9.2623164745466588e-05 0.0014399204130680354 0.033095524166781819 -0.012650425244309727 0.000300359906133188 -0.019907707215901321 -0.0030916839653300659 -0.00034542909675224778 0.0049345490053862573 0.013631252402902742
leaf_weight=64 60 71 44 41 1112 178 40 49 54 58 40 55 44 42
leaf_count=64 60 71 44 41 1112 178 40 49 54 58 40 55 44 42
internal_value=-0.000153689 0.000158898 -0.00195531 -8.31947e-05 0.00145051 -0.00196429 0.0017134 -0.000533808 -0.0121359 -0.00690377 -0.00384615 -0.0110619 -0.0117391 0.00609756
internal_weight=1952 1888 716 601 1172 560 321 281 103 239 195 113 115 82
internal_count=1952 1888 716 601 1172 560 321 281 103 239 195 113 115 82
is_linear=0
shrinkage=0.05


Tree=119
num_leaves=15
num_cat=0
split_feature=4 4 7 2 7 5 1 2 0 7 6 1 8 8
split_gain=2.22569 2.19317 5.95783 6.77637 4.9997 4.30723 4.73105 3.5035 2.96238 3.08582 2.95489 2.72356 3.4736 4.64882
threshold=2.1150000000000007 10.3665 379.16500000000008 0.29426351849031901 862.67600000000004 4.1210000000000013 -0.98801351631316325 -0.53190322474958196 5.6080000000000014 599.93450000000018 -0.090499999999999983 0.97505550290239451 -1.099 -1.4689999999999996
decision_type=2 2 2 2 2 2 2 2 2 2 2 2 2 2
left_child=-1 5 -3 4 10 -2 -7 -6 -5 -10 -4 12 13 -8
right_child=1 2 3 8 7 6 11 -9 9 -11 -12 -13 -14 -15
leaf_value=-0.0022996052117980406 0.024910775544951042 -0.01215294814762774 0.00062420929026988379 -0.0034042400234558512 -0.00055944323717936238 0.0060912519716156402 -0.00013445028354573259 0.010178358505554206 0.017755290618570126 0.022413520430163366 -0.005803463027783385 0.008746538090705136 -0.0088356643354631729 0.00614581782720236
leaf_weight=64 57 75 55 45 267 45 865 82 53 40 155 65 40 44
leaf_count=64 57 75 55 45 267 45 865 82 53 40 155 65 40 44
internal_value=-0.000204918 0.000105932 -0.00194301 -0.000502152 -0.0029517 0.0015233 0.000802644 0.000716332 0.00942029 0.0145161 -0.00904762 9.86193e-05 -0.000579557 5.50055e-05
internal_weight=1952 1888 772 697 559 1116 1059 349 138 93 210 1014 949 909
internal_count=1952 1888 772 697 559 1116 1059 349 138 93 210 1014 949 909
is_linear=0
shrinkage=0.05


Tree=120
num_leaves=15
num_cat=0
split_feature=0 5 8 8 7 0 4 6 5 5 0 8 6 4
split_gain=2.49766 3.28136 4.05734 4.01824 3.77868 2.59213 2.47206 2.2248 2.07235 2.12502 2.08275 2.50464 2.65196 6.8127
threshold=1.2745000000000002 8.9605000000000015 -3.1069999999999998 -1.4689999999999996 435.80000000000007 7.8860000000000001 6.0785000000000009 -0.44099999999999995 10.543000000000001 11.884000000000002 5.8935000000000004 -3.8664999999999998 -0.090499999999999983 6.1185000000000009
decision_type=2 2 2 2 2 2 2 2 2 2 2 2 2 2
left_child=-1 2 -2 6 7 -5 -4 -3 -6 -10 -11 -12 13 -13
right_child=1 4 3 5 8 -7 -8 -9 9 10 11 12 -14 -15
leaf_value=-0.010923252065636583 0.0093642355849692608 -0.010325674583218725 0.00014740963879943914 0.010067978387898569 0.0071443142363789014 0.026996925861832201 -0.027079087476703824 -0.0051599602467127977 -0.0062115071505909726 0.0089096671581433088 -0.0094955763632872617 -0.001100748639251753 -0.00022686936796921243 0.010640505751097186
leaf_weight=56 45 47 45 72 52 44 51 58 44 52 63 81 1162 80
leaf_count=56 45 47 45 72 52 44 51 58 44 52 63 81 1162 80
internal_value=-0.000307377 0 0.00525292 0.00235849 -0.000823673 0.00862069 -0.00520833 -0.01 -0.000195567 -0.000539811 -0.000208623 -0.000577201 -0.000113379 0.00590062
internal_weight=1952 1896 257 212 1639 116 96 105 1534 1482 1438 1386 1323 161
internal_count=1952 1896 257 212 1639 116 96 105 1534 1482 1438 1386 1323 161
is_linear=0
shrinkage=0.05


Tree=121
num_leaves=15
num_cat=0
split_feature=6 1 0 5 0 7 7 8 5 7 3 3 0 1
split_gain=2.41831 4.15731 4.99765 3.37082 2.23362 1.91101 3.5255 4.34809 2.93849 4.08916 4.52027 5.05654 5.51753 2.85265
threshold=-0.64049999999999996 0.030073020370188292 5.6080000000000014 6.0615000000000006 34.720500000000008 961.55600000000015 943.81150000000014 -2.5104999999999995 33.550500000000007 929.58550000000014 4.2630000000000008 0.47450000000000003 13.417000000000002 -0.9852109833579612
decision_type=2 2 2 2 2 2 2 2 2 2 2 2 2 2
left_child=1 -1 -3 -2 5 6 8 -8 9 10 11 13 -13 -5
right_child=3 2 -4 4 -6 -7 7 -9 -10 -11 -12 12 -14 -15
leaf_value=-0.0090333385697029707 0.02747797963991427 -0.014150866161454693 0.030498665742815463 0.0041269296922904824 0.0019091018988216261 0.00034396830313780381 -0.00087090120135548956 -0.0088101172604075628 -0.017663925602405955 0.0036368171665624922 -0.0012472439192836972 0.015937973046574662 0.0010573191631266605 -0.00053349349679451125
leaf_weight=77 44 68 50 42 61 364 40 41 44 54 764 43 48 212
leaf_count=77 44 68 50 42 61 364 40 41 44 54 764 43 48 212
internal_value=-0.000614754 -0.00589744 0 -2.84576e-05 -0.000379451 -0.000726392 -0.00163043 -0.0117284 -0.000952775 -0.000472915 -0.00112714 0.00362319 0.0137363 0
internal_weight=1952 195 118 1757 1713 1652 1288 81 1207 1163 1109 345 91 254
internal_count=1952 195 118 1757 1713 1652 1288 81 1207 1163 1109 345 91 254
is_linear=0
shrinkage=0.05


Tree=122
num_leaves=15
num_cat=0
split_feature=6 1 3 5 7 4 4 5 8 0 4 6 6 0
split_gain=2.37163 4.15731 4.12064 3.39895 1.63201 2.11666 6.27569 6.00519 6.19563 2.5593 5.35854 8.18435 6.09386 6.03008
threshold=-0.64049999999999996 0.030073020370188292 98.324500000000015 6.0615000000000006 370.70700000000005 4.823500000000001 4.3335000000000008 18.354500000000005 -2.2934999999999994 18.950000000000006 13.152500000000002 0.35850000000000004 0.25650000000000006 15.763500000000002
decision_type=2 2 2 2 2 2 2 2 2 2 2 2 2 2
left_child=1 -1 -3 -2 -5 6 7 8 -6 10 11 13 -12 -7
right_child=3 2 -4 4 5 9 -8 -9 -10 -11 12 -13 -14 -15
leaf_value=-0.0085816716412178192 0.026104080657918555 -0.0049889944270329559 0.016011450098854442 -0.0046623379463747649 -0.00057509675150496653 -0.0022567394268810464 0.0078092672654599187 -0.0062880477594635777 0.013846256046585237 0.00018973868538003092 0.023063402672901325 0.0011346786359256234 -0.005802638413842604 -0.02279727863197123
leaf_weight=77 44 55 63 69 75 222 67 105 51 813 130 49 75 57
leaf_count=77 44 55 63 69 75 222 67 105 51 813 130 49 75 57
internal_value=-0.000665984 -0.00589744 0 -8.53728e-05 -0.000437828 -0.000121655 0.00369128 -0.00021645 0.00714286 -0.000965825 -0.00365854 -0.00762195 0.00268293 -0.0109319
internal_weight=1952 195 118 1757 1713 1644 298 231 126 1346 533 328 205 279
internal_count=1952 195 118 1757 1713 1644 298 231 126 1346 533 328 205 279
is_linear=0
shrinkage=0.05


Tree=123
num_leaves=15
num_cat=0
split_feature=6 1 8 8 5 2 1 2 4 4 6 2 6 6
split_gain=2.37163 3.67936 2.50582 7.0127 2.36626 2.56269 2.80145 2.59596 1.7953 5.65455 4.5292 4.26236 4.22775 5.12195
threshold=-0.64049999999999996 -0.19244979981841048 -2.8074999999999997 -1.4834999999999998 6.0615000000000006 0.93554238417682101 0.030073020370188292 0.89420283937402645 7.5445000000000011 8.1105000000000018 0.29250000000000004 -0.30081980763566774 0.038500000000000006 -0.15249999999999997
decision_type=2 2 2 2 2 2 2 2 2 2 2 2 2 2
left_child=1 -1 -3 -4 -2 7 -7 8 10 -10 12 -12 13 -6
right_child=4 2 3 -5 5 6 -8 -9 9 -11 11 -13 -14 -15
leaf_value=-0.030377933209547705 0.024798876625022628 0.0097767743162668411 -0.011959004469272472 0.0089311425548041761 -0.00087354694206531194 -0.010699617215004032 -0.00017992094668075332 0.002559992857183824 -0.01323554284435087 -4.2236588463268057e-05 0.0015687912387405704 0.011098218273222261 -0.0030440844236968596 0.0031393084459441171
leaf_weight=47 44 43 45 60 121 53 56 47 81 885 155 56 160 99
leaf_count=47 44 43 45 60 121 53 56 47 81 885 155 56 160 99
internal_value=-0.000665984 -0.00589744 -0.00202703 -0.00619048 -8.53728e-05 -0.000379451 -0.00779817 0.000124688 -0.000224791 -0.0015528 0.00194585 0.00781991 -0.00131579 0.00318182
internal_weight=1952 195 148 105 1757 1713 109 1604 1557 966 591 211 380 220
internal_count=1952 195 148 105 1757 1713 109 1604 1557 966 591 211 380 220
is_linear=0
shrinkage=0.05


Tree=124
num_leaves=15
num_cat=0
split_feature=8 6 6 0 5 2 8 1 8 2 0 6 0 4
split_gain=2.51765 2.35988 4.73485 4.43752 2.62032 2.43189 2.56527 2.33642 2.01806 2.88926 3.81629 3.04383 2.20474 5.81368
threshold=0.50100000000000011 -0.64049999999999996 -0.74899999999999989 6.6655000000000006 6.6340000000000012 0.92933244589178743 -4.153999999999999 0.030073020370188292 -3.7704999999999997 0.86564557464733971 9.1160000000000014 -0.090499999999999983 13.254500000000002 13.850500000000002
decision_type=2 2 2 2 2 2 2 2 2 2 2 2 2 2
left_child=1 2 3 -1 -3 6 -6 -7 -8 10 11 -10 13 -12
right_child=-2 4 -4 -5 5 7 8 -9 9 -11 12 -13 -14 -15
leaf_value=-0.0070188397209431826 0.015142736429703575 0.013656804201651064 -0.0076225167371421964 0.016499187782512532 0.0063568174149285731 -0.014435015925309398 -0.0092396864907935607 -0.00049329697666347096 -0.00026324069570112798 0.0045310637941536674 -0.00024493425635277596 -0.0081641663580366286 -5.5062185030202439e-05 0.019085822188089963
leaf_weight=90 44 49 44 42 40 52 48 59 73 61 106 77 1112 55
leaf_count=90 44 49 44 42 40 52 48 59 73 61 106 77 1112 55
internal_value=-0.000461066 -0.000733753 -0.00625 -0.00151515 -0.00017321 -0.000505051 0 -0.00765766 -0.000326371 0 -0.000456781 -0.008 0.00043205 0.00590062
internal_weight=1952 1908 176 132 1732 1683 1572 111 1532 1484 1423 150 1273 161
internal_count=1952 1908 176 132 1732 1683 1572 111 1532 1484 1423 150 1273 161
is_linear=0
shrinkage=0.05


Tree=125
num_leaves=15
num_cat=0
split_feature=4 0 1 4 2 3 6 1 4 4 3 3 0 5
split_gain=1.81226 4.87865 4.59646 4.61176 3.92676 7.08645 11.8427 4.83699 4.33516 4.38336 7.50424 5.13293 5.31219 3.92191
threshold=11.060000000000002 3.6110000000000002 -0.91585580712236359 18.307000000000006 0.075135296012361824 29.964500000000005 -0.41649999999999993 0.98521098335796142 12.555000000000001 16.474500000000003 93.070000000000007 21.971000000000004 32.859500000000004 4.1210000000000013
decision_type=2 2 2 2 2 2 2 2 2 2 2 2 2 2
left_child=13 -2 3 -3 7 -6 -7 8 -4 -10 11 12 -11 -1
right_child=1 2 4 -5 5 6 -8 -9 9 10 -12 -13 -14 -15
leaf_value=0.019062099861403926 -0.016588499211154347 -0.030780363617275382 -0.006632931198359982 0.0020984016396992005 0.017721781743670957 -0.0049060042095924183 0.029492636069799152 -0.018277619385982529 0.009557628509825486 0.00022707390590878397 0.02307867889747171 -0.01626354075130192 -0.0085754824538556429 -2.8972094776199417e-06
leaf_weight=62 42 45 55 40 58 63 47 44 94 94 51 43 40 1174
leaf_count=62 42 45 55 40 58 63 47 44 94 94 51 43 40 1174
internal_value=-0.000512295 -0.00251397 -0.00148368 -0.0123529 8.48896e-05 0.00654762 -0.000909091 -0.00249406 -0.00066313 0.0015528 -0.00219298 -0.00706215 -0.00223881 0.000647249
internal_weight=1952 716 674 85 589 168 110 421 377 322 228 177 134 1236
internal_count=1952 716 674 85 589 168 110 421 377 322 228 177 134 1236
is_linear=0
shrinkage=0.05


Tree=126
num_leaves=15
num_cat=0
split_feature=0 8 0 8 1 4 4 8 8 5 8 3 2 7
split_gain=2.49766 2.80889 2.61227 2.1663 4.08783 7.56126 5.39 4.80029 4.43752 3.89776 3.80163 3.70042 5.47888 5.04044
threshold=1.2745000000000002 -0.41999999999999993 10.598500000000003 -2.1509999999999994 -0.7266007961912001 16.378000000000004 10.467000000000001 -1.3674999999999999 -1.7994999999999999 16.982500000000005 -2.2279999999999993 99.709500000000006 0.87796008470088804 798.90900000000022
decision_type=2 2 2 2 2 2 2 2 2 2 2 2 2 2
left_child=-1 3 -3 10 6 7 -5 11 -7 -10 -2 12 13 -6
right_child=1 2 -4 4 5 8 -8 -9 9 -11 -12 -13 -14 -15
leaf_value=-0.0095080592247588341 6.6285630038120938e-05 0.01303396732589689 -0.0015125649445707158 0.0073667921603908339 -0.0077047541346364134 -0.014446934161041548 -0.0036070168252998816 0.0051993402806178816 -0.010479946980913979 0.00014235705238965779 0.012272980312632228 -0.01071725699305064 0.01245223009478256 0.0004721871687511592
leaf_weight=56 1141 55 41 68 56 42 57 92 43 47 48 51 40 115
leaf_count=56 1141 55 41 68 56 42 57 92 43 47 48 51 40 115
internal_value=-0.000307377 0 0.00833333 -0.000444444 -0.00286416 -0.00493827 0.0052 -0.00112994 -0.0151515 -0.00888889 0.000798991 -0.00458015 -0.00165877 -0.00555556
internal_weight=1952 1896 96 1800 611 486 125 354 132 90 1189 262 211 171
internal_count=1952 1896 96 1800 611 486 125 354 132 90 1189 262 211 171
is_linear=0
shrinkage=0.05


Tree=127
num_leaves=15
num_cat=0
split_feature=6 1 5 0 2 4 8 7 6 5 3 8 6 3
split_gain=1.8054 4.32468 2.64438 3.45457 3.19594 2.70548 2.15747 7.25926 8.10047 5.21528 3.91588 4.58757 5.59789 4.07834
threshold=-0.64049999999999996 -0.19244979981841048 10.917500000000002 9.2130000000000027 0.93554238417682101 5.2785000000000002 -1.9259999999999997 966.65150000000006 0.31750000000000006 15.971000000000002 1.0000000180025095e-35 -2.48 0.094500000000000015 4.2630000000000008
decision_type=2 2 2 2 2 2 2 2 2 2 2 2 2 2
left_child=1 -1 3 5 6 -2 10 8 9 -8 -4 13 -13 -12
right_child=2 -3 4 -5 -6 -7 7 -9 -10 -11 11 12 -14 -15
leaf_value=-0.028402137604510786 0.0036644790667907158 -0.00039896311677157793 -0.00024910663103335992 0.011429055775926223 -0.010675957876572141 -0.0038190953730081003 -0.0031264706442312054 0.0081729945047692831 -0.010901838284013971 0.003274167885868145 0.0031411634376044108 0.0069046677031285144 0.00085644004134190492 -0.00092029953920290679
leaf_weight=47 57 148 306 75 58 100 96 81 77 70 111 78 211 437
leaf_count=47 57 148 306 75 58 100 96 81 77 70 111 78 211 437
internal_value=-0.000307377 -0.00487179 0.000199203 0.00517241 -0.000557377 0.000955414 -0.000102249 -0.0037037 -0.00802469 -0.00180723 0.000918635 0.00268817 0.00778547 0
internal_weight=1952 195 1757 232 1525 157 1467 324 243 166 1143 837 289 548
internal_count=1952 195 1757 232 1525 157 1467 324 243 166 1143 837 289 548
is_linear=0
shrinkage=0.05


Tree=128
num_leaves=15
num_cat=0
split_feature=8 6 1 5 2 1 7 7 4 7 4 3 3 7
split_gain=2.49588 1.93921 4.24492 2.62032 3.95793 2.43403 2.0155 4.28749 3.49048 2.87028 2.31754 1.88514 3.1899 10.6721
threshold=0.50100000000000011 -0.64049999999999996 -0.19244979981841048 6.6340000000000012 0.97117852567439111 0.56246696819246 363.54550000000006 464.65550000000007 5.2785000000000002 488.18950000000007 30.483000000000004 1.0000000180025095e-35 4.0590000000000002 871.68200000000013
decision_type=2 2 2 2 2 2 2 2 2 2 2 2 2 2
left_child=1 2 -1 -3 6 -4 -5 8 -8 -9 11 -11 13 -13
right_child=-2 3 5 4 -6 -7 7 9 -10 10 -12 12 -14 -15
leaf_value=-0.030678163354115762 0.014989147360409086 0.012644497131749911 0.0024746496241240343 -0.028904671062935056 -0.0053215327633413792 -0.0033885206203790211 0.0094875890342572614 -0.016847740324905571 2.6213518837514552e-05 -0.0001845880160812219 -0.0011034558194895296 0.014163424988716514 6.4524905597274088e-06 -0.00025453590482030219
leaf_weight=40 44 49 71 41 62 65 42 41 43 361 77 83 787 146
leaf_count=40 44 49 71 41 62 65 42 41 43 361 77 83 787 146
internal_value=-0.000409836 -0.000681342 -0.00568182 -0.00017321 -0.000505051 -0.00147059 -3.08452e-05 0.000253165 0.0111765 -0.000367893 0 0.000472041 0.0015748 0.00676856
internal_weight=1952 1908 176 1732 1683 136 1621 1580 85 1495 1454 1377 1016 229
internal_count=1952 1908 176 1732 1683 136 1621 1580 85 1495 1454 1377 1016 229
is_linear=0
shrinkage=0.05


Tree=129
num_leaves=15
num_cat=0
split_feature=8 4 4 8 3 3 3 1 8 8 7 2 8 7
split_gain=2.49588 2.11751 6.26079 5.39744 4.39895 2.95487 6.30692 8.09119 2.79847 3.899 4.52479 5.33968 3.91179 3.54749
threshold=0.50100000000000011 4.2190000000000003 4.823500000000001 -1.6364999999999996 9.1940000000000008 4.9930000000000012 12.201000000000002 -0.38118653245548278 -2.0509999999999997 -1.7729999999999997 673.46950000000015 -0.74189640036816351 -1.6364999999999996 358.14300000000009
decision_type=2 2 2 2 2 2 2 2 2 2 2 2 2 2
left_child=1 3 4 5 -3 -1 -7 -8 -4 10 -10 -12 -11 -14
right_child=-2 2 8 -5 -6 6 7 -9 9 12 11 -13 13 -15
leaf_value=-0.0058001727297263385 0.014239689992388629 0.0084770059564732003 0.00013419822563990534 0.012186545319105402 0.0025788125668419707 0.011816509516301765 0.0079105552676072676 -0.0093632022941888549 -0.024606843015219409 0.012982740399481024 -0.0091292173938972293 0.0010800977014698079 0.0024537089456931425 -0.0022016931912438118
leaf_weight=73 44 43 1020 40 46 41 42 99 40 50 42 63 47 262
leaf_count=73 44 43 1020 40 46 41 42 99 40 50 42 63 47 262
internal_value=-0.000409836 -0.000681342 3.09981e-05 -0.00457627 0.0129213 -0.0072549 -0.00384615 -0.00886525 -0.000721785 -0.00376984 -0.0106897 -0.0052381 -0.00097493 -0.00307443
internal_weight=1952 1908 1613 295 89 255 182 141 1524 504 145 105 359 309
internal_count=1952 1908 1613 295 89 255 182 141 1524 504 145 105 359 309
is_linear=0
shrinkage=0.05


Tree=130
num_leaves=15
num_cat=0
split_feature=4 4 8 0 0 6 8 6 6 6 7 7 4 8
split_gain=1.86023 5.76001 3.55187 2.68503 5.80426 2.42639 4.46336 2.21605 3.81471 2.9779 5.29246 5.04611 6.83082 3.95156
threshold=4.3335000000000008 4.823500000000001 -1.6364999999999996 21.347000000000005 15.013000000000002 -0.18549999999999997 -2.9824999999999995 -1.2064999999999999 -0.74899999999999989 -0.61649999999999994 358.14300000000009 504.66750000000008 8.2760000000000016 -2.0509999999999997
decision_type=2 2 2 2 2 2 2 2 2 2 2 2 2 2
left_child=2 -2 3 4 5 6 -1 -3 -9 -10 -11 12 -12 -13
right_child=1 7 -4 -5 -6 -7 -8 8 9 10 11 13 -14 -15
leaf_value=-0.031631166802607004 0.0062526349351126227 -0.022920798122375036 0.010548303606600602 -0.012077201771751931 0.011020978107983984 -1.2156036135468895e-06 -0.0045708601376979576 0.0048548904612955831 -0.0021195273165071971 0.033237336293063711 -0.016012063219942262 0.00025944408421011285 1.8192931613636442e-05 -0.0013371836685524858
leaf_weight=47 72 42 46 51 49 65 56 74 44 40 59 876 63 368
leaf_count=47 72 42 46 51 49 65 56 74 44 40 59 876 63 368
internal_value=-0.000614754 6.10501e-05 -0.00414013 -0.00634328 -0.00391705 -0.00833333 -0.0131068 -0.000574713 -0.000262467 -0.000827586 -0.000426743 -0.000951684 -0.0106557 0
internal_weight=1952 1638 314 268 217 168 103 1566 1524 1450 1406 1366 122 1244
internal_count=1952 1638 314 268 217 168 103 1566 1524 1450 1406 1366 122 1244
is_linear=0
shrinkage=0.05


Tree=131
num_leaves=15
num_cat=0
split_feature=0 6 6 6 4 6 0 1 6 6 7 1 7 2
split_gain=2.44872 3.22127 2.37485 3.67174 2.55057 3.64661 1.84642 7.0015 3.46693 3.76116 3.39821 5.40725 3.58923 4.61747
threshold=1.2745000000000002 -1.0599999999999998 -0.59049999999999991 -0.52549999999999997 4.3335000000000008 -0.74899999999999989 5.8935000000000004 0.1328271176880281 -0.42749999999999994 -0.34499999999999992 675.93850000000009 -0.92263100495486372 441.39300000000009 0.83399694777620859
decision_type=2 2 2 2 2 2 2 2 2 2 2 2 2 2
left_child=-1 -2 4 -4 -3 -6 7 -5 -8 -10 11 -11 -13 -14
right_child=1 2 3 6 5 -7 8 -9 9 10 -12 12 13 -15
leaf_value=-0.0092989567342329823 0.019440505400391841 -0.031731648631194133 0.037400194432759069 0.018372926685296959 0.0059769657678769633 -0.0021443258285899214 -0.0067231262433598967 -0.0022096659482629677 0.017919246837785945 -0.010835581995226357 0.0001212118952420134 0.0038047069180502172 -0.0002455796835637805 -0.018524653258747376
leaf_weight=56 55 40 40 52 43 45 45 57 49 53 1116 56 177 68
leaf_count=56 55 40 40 52 43 45 45 57 49 53 1116 56 177 68
internal_value=-0.000409836 -0.000105485 -0.000461706 2.91886e-05 -0.00703125 -0.00227273 -0.000328751 0.0059633 -0.000767263 -0.00036208 -0.000816327 -0.00508475 -0.00249169 -0.00510204
internal_weight=1952 1896 1841 1713 128 88 1673 109 1564 1519 1470 354 301 245
internal_count=1952 1896 1841 1713 128 88 1673 109 1564 1519 1470 354 301 245
is_linear=0
shrinkage=0.05


Tree=132
num_leaves=15
num_cat=0
split_feature=4 4 6 8 4 3 3 6 6 7 8 6 8 8
split_gain=2.24621 4.79065 4.04494 3.69002 4.13037 4.72857 3.43227 2.39436 3.5048 2.60459 4.90936 4.38486 4.26823 4.28512
threshold=4.2190000000000003 4.823500000000001 -0.046499999999999993 -1.6364999999999996 3.161 19.705000000000002 29.264500000000002 -1.2064999999999999 -0.74899999999999989 488.18950000000007 -1.3674999999999999 -0.090499999999999983 -1.9874999999999998 -2.8614999999999999
decision_type=2 2 2 2 2 2 2 2 2 2 2 2 2 2
left_child=3 2 -2 4 5 -1 -6 -3 -9 10 -10 12 13 -11
right_child=1 7 -4 -5 6 -7 -8 8 9 11 -12 -13 -14 -15
leaf_value=0.011111514162508371 0.0001661528365523926 -0.022746783486275877 0.017134745997859024 0.011509888906907732 -0.011786658913387447 -0.0048626811995184059 -0.0012041089571842578 0.0045463532077076379 -0.012045149839276893 0.00070498955729583486 0.0010193586451440252 -0.00019003590282853089 -0.00085142996194710336 0.023750902704416058
leaf_weight=58 40 42 49 42 68 75 54 74 105 56 66 1093 71 59
leaf_count=58 40 42 49 42 68 75 54 74 105 56 66 1093 71 59
internal_value=-0.000204918 0.000513595 0.0117978 -0.00420875 -0.00647059 -0.00037594 -0.0131148 -0.000127714 0.00019685 -0.000344828 -0.00614035 0.000430023 0.00752688 0.0134783
internal_weight=1952 1655 89 297 255 133 122 1566 1524 1450 171 1279 186 115
internal_count=1952 1655 89 297 255 133 122 1566 1524 1450 171 1279 186 115
is_linear=0
shrinkage=0.05


Tree=133
num_leaves=15
num_cat=0
split_feature=8 4 0 7 8 1 1 0 6 1 8 8 2 4
split_gain=1.79067 4.73882 5.25745 3.99951 1.62217 1.87298 6.45406 3.78252 3.63405 4.00923 4.28347 3.84749 3.53524 3.57143
threshold=-3.5459999999999998 3.9325000000000006 10.454500000000001 788.74900000000014 -3.3994999999999993 -0.22132528438243276 -0.31676515716386833 6.9465000000000012 -0.046499999999999993 -0.84293373149377049 -2.0044999999999997 -2.0829999999999997 0.29426351849031901 5.8935000000000004
decision_type=2 2 2 2 2 2 2 2 2 2 2 2 2 2
left_child=1 -1 -3 -4 -2 6 7 -6 12 10 -10 -11 -9 -14
right_child=4 2 3 -5 5 -7 -8 8 9 11 -12 -13 13 -15
leaf_value=-0.020942187007237545 0.0060914274950676361 0.006651469863449333 -0.02291265354428201 0.00016339222501992047 0.034245179681725239 0.00020540049880711649 -0.0076797032255383063 -0.016907744955762923 0.00023792776690929884 -3.955539947841369e-05 0.0050441636800807529 -0.0099279580658586334 -0.0049162454168029078 0.0045163855224681637
leaf_weight=40 58 59 40 53 44 1034 54 41 154 162 58 43 56 56
leaf_count=40 58 59 40 53 44 1034 54 41 154 162 58 43 56 56
internal_value=-0.000102459 -0.0046875 -0.000657895 -0.00806452 0.000397727 0.000117509 -0.00194611 -0.000488599 -0.00157895 0.000839329 0.00566038 -0.00414634 -0.00816993 -0.00357143
internal_weight=1952 192 152 93 1760 1702 668 614 570 417 212 205 153 112
internal_count=1952 192 152 93 1760 1702 668 614 570 417 212 205 153 112
is_linear=0
shrinkage=0.05


Tree=134
num_leaves=15
num_cat=0
split_feature=8 8 3 7 7 7 6 7 7 2 8 8 6 6
split_gain=1.70068 3.9142 4.1502 1.47842 3.9491 4.49496 3.57358 3.21887 5.62329 1.99759 1.7875 2.83496 7.02931 5.76457
threshold=-3.7704999999999997 -4.418499999999999 12.201000000000002 1005.2670000000002 991.5245000000001 983.74650000000008 0.44950000000000007 978.11550000000022 968.09450000000015 -0.93704710539067892 0.50100000000000011 -1.9489999999999998 0.32150000000000006 0.20750000000000002
decision_type=2 2 2 2 2 2 2 2 2 2 2 2 2 2
left_child=1 -1 -3 4 5 7 -6 8 9 -2 11 -11 13 -13
right_child=3 2 -4 -5 6 -7 -8 -9 -10 10 -12 12 -14 -15
leaf_value=0.0096365731680084412 -0.002222328540249978 -0.00020938995947631102 -0.030965713038391619 0.0048203865760732805 -0.00017081739247709201 0.0037911692441807035 -0.0088120329797716831 -0.0062107085167453094 0.0019679796190497419 0.00032174294914149031 0.015317702689044706 -0.0008191284887901052 -0.0075583598397226393 0.0015584193982183859
leaf_weight=40 76 42 46 40 52 89 51 48 68 921 43 325 71 40
leaf_count=40 76 42 46 40 52 89 51 48 68 921 43 325 71 40
internal_value=0.000102459 -0.00546875 -0.0113636 0.000493421 0.000280269 0.000862582 -0.0092233 0.000251256 0.000647668 0 0.000428571 0.000110538 -0.00321101 -0.000410959
internal_weight=1952 128 88 1824 1784 1681 103 1592 1544 1476 1400 1357 436 365
internal_count=1952 128 88 1824 1784 1681 103 1592 1544 1476 1400 1357 436 365
is_linear=0
shrinkage=0.05


Tree=135
num_leaves=15
num_cat=0
split_feature=0 4 3 6 4 7 7 2 5 0 3 1 6 6
split_gain=1.95558 1.90424 3.97343 6.30799 3.71905 2.43846 2.17526 4.44537 3.76521 4.31384 5.73982 3.85616 5.04167 3.70075
threshold=34.720500000000008 23.603500000000004 0.97200000000000009 0.44950000000000007 29.045000000000005 999.71600000000012 968.09450000000015 -0.93090634677745676 28.781000000000002 22.375000000000004 69.515000000000015 -0.66484924122790579 0.23450000000000001 0.22700000000000004
decision_type=2 2 2 2 2 2 2 2 2 2 2 2 2 2
left_child=1 5 -3 4 -4 6 7 -1 9 -9 11 12 -11 -10
right_child=-2 2 3 -5 -6 -7 -8 8 13 10 -12 -13 -14 -15
leaf_value=-0.0085258916372145718 0.0018073232887746401 0.007680165315923174 0.028156761561681943 -0.0038135620198390314 -0.00046248310136732808 -0.0041799280796958552 0.00083618092432774798 -0.00031970760176025514 -0.019968068334218648 0.014392373716575192 -0.0046845635415024411 0.013017692929452424 -0.00010312696225768178 -0.0014190578358617729
leaf_weight=52 61 58 46 44 75 54 221 999 41 48 53 41 48 111
leaf_count=52 61 58 46 44 75 54 221 999 41 48 53 41 48 111
internal_value=0.000204918 -7.93231e-05 0.00426009 0.00030303 0.00619835 -0.000659472 -0.000309789 -0.00104092 -0.000484713 0.000462574 0.00736842 0.0127737 0.00729167 -0.00789474
internal_weight=1952 1891 223 165 121 1668 1614 1393 1341 1189 190 137 96 152
internal_count=1952 1891 223 165 121 1668 1614 1393 1341 1189 190 137 96 152
is_linear=0
shrinkage=0.05


Tree=136
num_leaves=15
num_cat=0
split_feature=0 5 6 8 5 8 1 1 3 4 3 0 4 6
split_gain=2.07093 1.74888 2.32644 5.81065 2.90053 2.08759 1.99222 2.82439 3.97084 4.25495 3.18842 2.66894 4.81285 4.92165
threshold=34.720500000000008 1.7990000000000002 -0.64049999999999996 -2.2934999999999994 6.0615000000000006 -1.0249999999999997 0.1837425755813806 -0.35769492645306972 66.629500000000021 6.0785000000000009 99.999500000000012 27.530000000000005 27.975500000000004 0.49800000000000005
decision_type=2 2 2 2 2 2 2 2 2 2 2 2 2 2
left_child=1 -1 3 -3 -4 -5 7 10 9 -9 -6 12 13 -8
right_child=-2 2 4 5 6 -7 11 8 -10 -11 -12 -13 -14 -15
leaf_value=0.0036331500881684135 0.0017169571243359077 0.00087446973074691296 0.017891150903086069 -0.0089840463455975808 -0.00028986292882042243 -0.0011788924991143425 5.7175906201716037e-05 0.0032213755704398593 -0.01831332461701311 -0.0017003813484953224 0.0046684043563904312 0.0075663185531361643 -0.0055344297657426936 0.0068673542249294397
leaf_weight=40 61 70 43 44 574 42 574 63 49 117 74 69 55 77
leaf_count=40 61 70 43 44 574 42 574 63 49 117 74 69 55 77
internal_value=-5.12295e-05 -0.000343733 -0.000567261 -0.00641026 -2.94985e-05 -0.0151163 -0.000363196 -0.00199544 -0.00676856 -0.00333333 -0.000308642 0.00148387 0.000566572 0.00176651
internal_weight=1952 1891 1851 156 1695 86 1652 877 229 180 648 775 706 651
internal_count=1952 1891 1851 156 1695 86 1652 877 229 180 648 775 706 651
is_linear=0
shrinkage=0.05


Tree=137
num_leaves=15
num_cat=0
split_feature=0 0 6 6 5 7 6 1 8 7 1 6 7 0
split_gain=2.11799 1.65959 3.27074 2.30895 4.16911 3.40494 4.53049 3.25446 1.93005 6.52085 7.30009 5.17413 2.78014 3.81403
threshold=34.720500000000008 1.2745000000000002 -1.0599999999999998 -0.59049999999999991 10.917500000000002 398.74850000000009 -0.24849999999999997 0.030073020370188292 -1.9259999999999997 966.65150000000006 -0.93535928755917819 0.31750000000000006 722.02400000000011 12.267500000000002
decision_type=2 2 2 2 2 2 2 2 2 2 2 2 2 2
left_child=1 -1 -3 7 5 -5 -7 -4 -6 10 -10 12 13 -12
right_child=-2 2 3 4 8 6 -8 -9 9 -11 11 -13 -14 -15
leaf_value=-0.0085263443966543812 0.0016311092681191132 0.019551724025839268 -0.011147054087005483 0.016996593357931768 -1.1170105675605003e-06 -0.0046065863524254683 0.008905781167998561 -0.00025500271450942802 0.0041139947075407466 0.0067576179198924283 -0.00029878494641150105 -0.014969241982289664 0.00057087404459938991 -0.029066293437500248
leaf_weight=56 61 55 56 55 1114 73 75 72 45 81 40 68 47 54
leaf_count=56 61 55 56 55 1114 73 75 72 45 81 40 68 47 54
internal_value=-0.000153689 -0.000449498 -0.000190736 -0.000561798 -6.05327e-05 0.00665025 0.0027027 -0.00703125 -0.00100069 -0.00432836 -0.00826772 -0.012201 -0.00673759 -0.0117021
internal_weight=1952 1891 1835 1780 1652 203 148 128 1449 335 254 209 141 94
internal_count=1952 1891 1835 1780 1652 203 148 128 1449 335 254 209 141 94
is_linear=0
shrinkage=0.05


Tree=138
num_leaves=15
num_cat=0
split_feature=7 7 6 6 6 1 7 7 0 5 3 4 8 8
split_gain=2.29772 7.78846 2.80643 1.8792 2.50549 4.92475 1.89637 2.04188 4.80277 6.04763 5.86916 5.63183 4.32196 5.77552
threshold=297.07900000000006 230.22000000000006 -0.84949999999999981 0.77800000000000014 0.6645000000000002 -0.0687085824022272 999.71600000000012 673.46950000000015 10.375000000000002 13.261000000000001 92.683000000000007 5.947000000000001 -1.8954999999999997 -2.4729999999999994
decision_type=2 2 2 2 2 2 2 2 2 2 2 2 2 2
left_child=1 -1 -2 4 6 -6 7 8 9 12 -10 -12 13 -4
right_child=2 -3 3 -5 5 -7 -8 -9 10 -11 11 -13 -14 -15
leaf_value=0.0046752642123230942 0.0092613466375077846 -0.022237436559026779 -0.00028364903312212421 -0.00038159540266696491 -0.00048993120069642235 0.0088489300645576124 -0.0045450084439078026 0.0003422335895971601 -0.011242980304283511 0.0052444847933085462 0.0094080057310779851 -0.008219628044859973 0.010317646828245319 -0.01586346344098637
leaf_weight=64 63 40 98 72 43 41 59 954 150 91 56 79 95 47
leaf_count=64 63 40 98 72 43 41 59 954 150 91 56 79 95 47
internal_value=-0.000461066 -0.00769231 -5.41126e-05 -0.000420168 -8.75657e-05 0.00833333 -0.000521793 -0.000191083 -0.00243506 0.00166163 -0.00719298 0.00037037 -0.0025 -0.00793103
internal_weight=1952 104 1848 1785 1713 84 1629 1570 616 331 285 135 240 145
internal_count=1952 104 1848 1785 1713 84 1629 1570 616 331 285 135 240 145
is_linear=0
shrinkage=0.05


Tree=139
num_leaves=15
num_cat=0
split_feature=6 5 6 8 4 4 1 7 6 6 6 1 4 5
split_gain=2.43473 4.77095 2.78288 2.00159 1.41649 4.43652 4.15575 2.52631 6.86916 3.61616 4.81279 6.6 4.65446 3.85996
threshold=0.74350000000000016 31.351500000000005 0.67300000000000015 0.50100000000000011 23.603500000000004 29.045000000000005 0.76588452941357155 989.67600000000004 0.44950000000000007 -0.17749999999999996 -0.08249999999999999 0.064414007683963548 2.4405000000000006 19.205000000000002
decision_type=2 2 2 2 2 2 2 2 2 2 2 2 2 2
left_child=2 -2 3 4 7 -6 -7 9 -9 12 11 -11 -1 -14
right_child=1 -3 -4 -5 5 6 -8 8 -10 10 -12 -13 13 -15
leaf_value=-0.031744907856934193 -0.0026339589069131922 0.00089852656619785268 0.0039861004178493942 0.014537182438056646 0.014018717144489401 0.0005564620366164619 -0.0083478021878181218 0.00015308741628973778 -0.010597183303160385 3.3599404427821224e-05 4.7152728960897509e-05 0.006270985006888375 -0.00029853582462498196 -0.036688118477245527
leaf_weight=48 46 45 52 43 62 61 40 76 45 48 933 40 371 42
leaf_count=48 46 45 52 43 62 61 40 76 45 48 933 40 371 42
internal_value=-0.000256148 -0.00824176 0.000134336 -0.000193477 -0.000453001 0.00398773 -0.00247525 -0.000904554 -0.00785124 -0.000337382 0.00132223 0.0125 -0.00401302 -0.00230024
internal_weight=1952 91 1861 1809 1766 163 101 1603 121 1482 1021 88 461 413
internal_count=1952 91 1861 1809 1766 163 101 1603 121 1482 1021 88 461 413
is_linear=0
shrinkage=0.05


Tree=140
num_leaves=15
num_cat=0
split_feature=6 5 0 1 0 5 4 6 3 6 8 1 6 7
split_gain=2.37265 4.77095 2.42726 2.11575 3.47535 7.05247 4.82147 3.97554 7.79032 4.21265 4.06611 4.22591 5.16541 7.75288
threshold=0.74350000000000016 31.351500000000005 34.720500000000008 0.1328271176880281 5.6080000000000014 8.0605000000000029 12.232500000000002 0.53000000000000014 0.014500000000000001 0.26650000000000007 -3.4859999999999998 0.28397372121269165 0.074500000000000011 615.23750000000007
decision_type=2 2 2 2 2 2 2 2 2 2 2 2 2 2
left_child=2 -2 3 -1 6 -6 -5 8 9 -7 -10 -12 13 -13
right_child=1 -3 -4 4 5 7 -8 -9 10 -11 11 12 -14 -15
leaf_value=-0.00057929782027087433 -0.0025022609615675323 0.00085360023788796024 0.0028041987479347831 0.00016656087337756366 0.056220426726699357 -0.00064867371476211256 -0.016206846447984025 0.010279150395343314 -0.013716006193722603 -0.0053073151648887103 0.011112719041583381 -0.002033180365750831 -0.00077026391803318439 0.018477304199319408
leaf_weight=916 46 45 51 91 46 44 43 70 49 46 42 75 280 108
leaf_count=916 46 45 51 91 46 44 43 70 49 46 42 75 280 108
internal_value=-0.000358607 -0.00824176 2.68673e-05 -0.000276243 0.00145414 0.00276316 -0.00597015 0.00154062 0.000310559 -0.0133333 0.00252708 0.00386139 0.0024838 0.00901639
internal_weight=1952 91 1861 1810 894 760 134 714 644 90 554 505 463 183
internal_count=1952 91 1861 1810 894 760 134 714 644 90 554 505 463 183
is_linear=0
shrinkage=0.05


Tree=141
num_leaves=15
num_cat=0
split_feature=4 4 1 6 6 1 1 5 5 5 6 8 0 5
split_gain=1.79504 6.75313 4.01393 2.29162 3.68028 2.24689 4.85496 3.55986 4.53136 3.2942 2.89381 2.60748 4.44978 3.28738
threshold=4.3335000000000008 4.823500000000001 -0.7146667679788683 -1.2064999999999999 -0.74899999999999989 0.85206963063867758 0.77952989095276826 18.583000000000002 16.784500000000005 19.891500000000004 -0.36849999999999994 -3.2324999999999995 18.546000000000003 17.788500000000003
decision_type=2 2 2 2 2 2 2 2 2 2 2 2 2 2
left_child=2 -2 -1 -3 -5 6 7 8 10 -9 -6 -7 13 -13
right_child=1 3 -4 4 5 11 -8 9 -10 -11 -12 12 -14 -15
leaf_value=0.010343270915151335 0.0055368633418209027 -0.023151564518442743 -0.0015379894582061766 0.0046867911064356641 0.0027120700343943095 0.0063424619029921695 -0.0031601733424935887 0.0058826526041210782 -0.016186449251070982 3.4812552890936543e-05 -0.0037634141121214632 0.0004090508862434894 0.0074663613987896449 -0.010678472800846724
leaf_weight=45 72 42 269 74 92 45 63 40 41 742 195 137 46 49
leaf_count=45 72 42 269 74 92 45 63 40 41 742 195 137 46 49
internal_value=-0.000358607 0.00030525 -0.00382166 -0.000383142 -6.56168e-05 -0.00062069 -0.00157715 -0.000810811 -0.00518293 0.00102302 -0.00296167 0.0034296 0.0012931 -0.00215054
internal_weight=1952 1638 314 1566 1524 1450 1173 1110 328 782 287 277 232 186
internal_count=1952 1638 314 1566 1524 1450 1173 1110 328 782 287 277 232 186
is_linear=0
shrinkage=0.05


Tree=142
num_leaves=15
num_cat=0
split_feature=0 6 4 4 4 8 6 8 8 0 5 4 7 6
split_gain=2.40027 3.27852 2.59603 5.61209 3.13374 5.93005 3.66784 5 2.71813 2.0508 3.06814 5.12887 3.15028 2.2474
threshold=1.2745000000000002 -1.0599999999999998 4.3335000000000008 4.823500000000001 3.161 -3.1809999999999996 0.0045000000000000014 -2.5329999999999999 -1.8954999999999997 7.706500000000001 11.246 17.183000000000003 473.13300000000004 -0.073499999999999982
decision_type=2 2 2 2 2 2 2 2 2 2 2 2 2 2
left_child=-1 -2 4 -4 5 -3 7 -6 -7 -5 11 -11 -12 -14
right_child=1 2 3 9 6 8 -8 -9 -10 10 12 -13 13 -15
leaf_value=-0.0084609498208831607 0.019275247466156432 -0.0053266320518919556 0.0052600201747298571 -0.0021078511090887905 -0.014171385591216902 0.012843484875996403 -0.0050767354593455162 0.012915468287340838 -0.0011689018686370067 0.00011432255545415216 -0.014075616828260168 0.044664546455390752 0.0042434606410576281 -9.3461158149821261e-05
leaf_weight=56 55 41 72 171 40 67 72 40 41 81 44 40 111 1021
leaf_count=56 55 41 72 171 40 67 72 40 41 81 44 40 111 1021
internal_value=-0.000512295 -0.00021097 -0.000570342 0.00025974 -0.00481728 0.00033557 -0.00986842 -0.0025 0.00648148 -0.000408719 0.000269854 0.00785124 -0.000510204 0
internal_weight=1952 1896 1841 1540 301 149 152 80 108 1468 1297 121 1176 1132
internal_count=1952 1896 1841 1540 301 149 152 80 108 1468 1297 121 1176 1132
is_linear=0
shrinkage=0.05


Tree=143
num_leaves=15
num_cat=0
split_feature=7 7 6 6 6 6 5 8 5 4 4 7 6 0
split_gain=1.78421 6.46538 1.78 2.47175 2.0021 5.35658 4.18822 4.10174 3.95278 3.09456 5.27772 4.37192 4.33153 4.82581
threshold=297.07900000000006 230.22000000000006 -0.90499999999999992 -0.64049999999999996 -0.34499999999999992 -0.18549999999999997 10.917500000000002 -3.2209999999999996 8.2035000000000018 7.5445000000000011 8.1105000000000018 643.7075000000001 0.39750000000000008 14.025500000000003
decision_type=2 2 2 2 2 2 2 2 2 2 2 2 2 2
left_child=1 -1 -2 -4 7 -6 -7 -5 -9 12 -11 -12 13 -8
right_child=2 -3 3 4 5 6 9 8 -10 10 11 -13 -14 -15
leaf_value=0.0023398007036789709 0.0080652812266679402 -0.021370763552223167 -0.0031396526984350803 -0.0022701926673540959 -0.0067875388497497975 0.0083250462293389341 0.0031939591884036522 -0.0017556548150604494 0.024502750194750622 -0.013184013865218306 -0.0071552661179789942 1.1998130067342184e-05 0.0059254634163002813 -0.0014994968926076047
leaf_weight=64 58 40 67 47 135 76 124 44 83 74 49 700 141 250
leaf_count=64 58 40 67 47 135 76 124 44 83 74 49 700 141 250
internal_value=-0.000358607 -0.00673077 0 -0.00027933 8.70575e-05 -0.000484183 0.000424328 0.00517241 0.00984252 -0.000224215 -0.00212637 -0.000867824 0.00281553 0
internal_weight=1952 104 1848 1790 1723 1549 1414 174 127 1338 823 749 515 374
internal_count=1952 104 1848 1790 1723 1549 1414 174 127 1338 823 749 515 374
is_linear=0
shrinkage=0.05


Tree=144
num_leaves=15
num_cat=0
split_feature=8 6 7 4 8 4 2 0 5 6 0 0 0 2
split_gain=2.53951 2.55354 5.07415 4.26649 4.32426 3.11802 4.93528 6.05 3.99541 2.47604 7.30976 2.34813 3.74662 3.85784
threshold=0.50100000000000011 -0.15249999999999997 464.65550000000007 2.4405000000000006 -0.5874999999999998 9.3375000000000021 0.65278973532535922 7.706500000000001 18.829500000000003 -0.33299999999999996 8.1645000000000021 5.8935000000000004 8.2390000000000025 0.59818091440591659
decision_type=2 2 2 2 2 2 2 2 2 2 2 2 2 2
left_child=1 3 -3 -1 5 8 -7 -8 9 10 -5 -4 -13 -14
right_child=-2 2 11 4 -6 6 7 -9 -10 -11 -12 12 13 -15
leaf_value=-0.023564595501961438 0.013171949183528318 0.009876347166261271 0.00059271699141793123 -0.001646903461857463 -0.0064235901813264667 -0.0025672768664044771 0.00078852377531060398 0.02909646341369437 -0.032268345126712061 -0.001893866484598323 0.018652269556292466 -0.011559558031500002 0.00013083433953804124 -0.00322245903631212
leaf_weight=52 44 50 46 110 55 88 40 40 41 73 43 57 1152 61
leaf_count=52 44 50 46 110 55 88 40 40 41 73 43 57 1152 61
internal_value=-0.000512295 -0.000786164 0.000366032 -0.00369004 -0.0022449 -0.000574713 0.0047619 0.01375 -0.00393258 -0.00132743 0.00228758 -0.000227964 -0.000629921 -4.12201e-05
internal_weight=1952 1908 1366 542 490 435 168 80 267 226 153 1316 1270 1213
internal_count=1952 1908 1366 542 490 435 168 80 267 226 153 1316 1270 1213
is_linear=0
shrinkage=0.05


Tree=145
num_leaves=15
num_cat=0
split_feature=6 5 0 8 6 1 0 6 5 7 2 7 0 5
split_gain=1.81301 4.98063 2.11672 2.01265 2.11393 2.89198 2.68133 3.22981 2.61885 3.59351 2.73725 3.77442 2.54402 1.97937
threshold=0.72750000000000015 31.351500000000005 34.720500000000008 0.50100000000000011 -0.64049999999999996 -0.19244979981841048 6.5155000000000012 -1.0599999999999998 6.7465000000000011 367.85300000000007 0.97513228625088877 464.65550000000007 11.682000000000002 30.672000000000004
decision_type=2 2 2 2 2 2 2 2 2 2 2 2 2 2
left_child=2 -2 3 4 5 -1 7 -7 -6 -10 11 12 -11 -13
right_child=1 -3 -4 -5 8 6 -8 -9 9 10 -12 13 -14 -15
leaf_value=-0.030304560865342507 -0.002912563263603929 0.0013167782069342716 0.0026147535239444868 0.014700106972467193 0.0058213539721161025 0.0010174152238999034 0.0063171671338380754 -0.014538948627116672 -0.015132094874648689 0.012998709172476889 -0.0051988329663068327 0.00018354748180450243 0.0027320618868690973 -0.0021179063442768155
leaf_weight=40 57 47 48 43 56 46 45 45 54 40 47 1133 42 209
leaf_count=40 57 47 48 43 56 46 45 45 54 40 47 1133 42 209
internal_value=-0.000307377 -0.00673077 5.41126e-05 -0.000222222 -0.000483779 -0.00568182 -0.00220588 -0.00714286 9.48767e-05 -0.000295082 0.000169952 0.000561798 0.0109756 -7.45156e-05
internal_weight=1952 104 1848 1800 1757 176 136 91 1581 1525 1471 1424 82 1342
internal_count=1952 104 1848 1800 1757 176 136 91 1581 1525 1471 1424 82 1342
is_linear=0
shrinkage=0.05


Tree=146
num_leaves=15
num_cat=0
split_feature=4 4 6 8 5 6 6 0 8 8 7 3 8 6
split_gain=1.75088 6.4125 4.04131 2.60765 2.35297 1.94295 3.25947 1.82671 2.20106 5.16772 3.88427 5.41001 3.83995 3.8004
threshold=3.4915000000000007 3.161 -0.41649999999999993 -4.246999999999999 14.543500000000002 -1.2064999999999999 -0.84949999999999981 34.720500000000008 -1.7729999999999997 -1.9489999999999998 473.13300000000004 89.056500000000014 -1.5999999999999999 -0.08249999999999999
decision_type=2 2 2 2 2 2 2 2 2 2 2 2 2 2
left_child=1 2 -1 -2 -4 -5 -7 8 9 10 11 -8 -10 -12
right_child=3 -3 4 5 -6 6 7 -9 12 -11 13 -13 -14 -15
leaf_value=-0.026385879789484836 0.0074958614166213081 -0.0076298914941593078 0.018742401508802142 -0.016632627444216497 -0.00028476320219582714 0.006001308777146175 -0.022448896581186695 0.001759993888184763 0.010733413623435951 -0.0034008508418438333 0.0020020899916223358 0.00024998895338102233 0.00021331047183449915 -0.00013860764104224878
leaf_weight=41 45 40 42 43 69 51 47 58 71 80 147 64 309 845
leaf_count=41 45 40 42 43 69 51 47 58 71 80 147 64 309 845
internal_value=-0.000153689 -0.0046875 0 0.000340909 0.00495495 2.91545e-05 0.000299043 -9.25355e-05 -0.000415867 -0.00147929 -0.000589302 -0.00945946 0.00289474 0.000403226
internal_weight=1952 192 152 1760 111 1715 1672 1621 1563 1183 1103 111 380 992
internal_count=1952 192 152 1760 111 1715 1672 1621 1563 1183 1103 111 380 992
is_linear=0
shrinkage=0.05


Tree=147
num_leaves=15
num_cat=0
split_feature=0 6 8 8 7 7 6 7 7 0 2 1 4 4
split_gain=1.81742 1.43952 1.56829 3.44284 1.57219 2.30777 3.55912 2.26635 4.23778 3.31344 2.61758 4.05 2.88445 5.50087
threshold=1.2745000000000002 -1.0599999999999998 -4.3379999999999992 -3.7704999999999997 1005.2670000000002 991.5245000000001 0.44950000000000007 984.64300000000014 979.41700000000003 34.720500000000008 -0.93704710539067892 -0.0687085824022272 31.057500000000001 23.603500000000004
decision_type=2 2 2 2 2 2 2 2 2 2 2 2 2 2
left_child=-1 -2 -3 -4 5 7 -7 8 9 10 11 -5 13 -12
right_child=1 2 3 4 -6 6 -8 -9 -10 -11 12 -13 -14 -15
leaf_value=-0.0078031290058151251 0.018771326815623914 0.0025741009786507565 -0.010197075314819514 -0.0032995392779607714 0.0042735919090646449 0.00023549362246923916 -0.0086822455921877709 0.0036387378817141335 -0.0074470353383556094 0.0037421482008363027 0.00013076572812719677 0.0013697783068192582 -0.003693373527382793 0.013730105843018665
leaf_weight=56 55 42 74 40 40 52 51 82 41 42 1199 40 58 80
leaf_count=56 55 42 74 40 40 52 51 82 41 42 1199 40 58 80
internal_value=-5.12295e-05 0.00021097 -2.71592e-05 -0.000250139 0.000202899 -2.96736e-05 -0.00728155 0.000442478 0 0.000445511 3.52858e-05 -0.00875 0.000560957 0.00105551
internal_weight=1952 1896 1841 1799 1725 1685 103 1582 1500 1459 1417 80 1337 1279
internal_count=1952 1896 1841 1799 1725 1685 103 1582 1500 1459 1417 80 1337 1279
is_linear=0
shrinkage=0.05


Tree=148
num_leaves=15
num_cat=0
split_feature=6 5 0 0 4 5 2 0 5 6 6 4 6 4
split_gain=1.9008 4.98063 2.05092 2.21539 5.02795 6.93746 3.10463 3.54459 3.99171 2.42607 2.54976 1.95733 7.33794 5.84423
threshold=0.72750000000000015 31.351500000000005 34.720500000000008 30.875500000000006 7.7965000000000009 32.783000000000008 -0.95882411647426224 29.625500000000002 29.984000000000005 0.49800000000000005 0.56700000000000006 10.467000000000001 0.42550000000000004 9.3375000000000021
decision_type=2 2 2 2 2 2 2 2 2 2 2 2 2 2
left_child=2 -2 3 6 -5 -6 -1 8 9 11 -11 13 -13 -8
right_child=1 -3 -4 4 5 -7 7 -9 -10 10 -12 12 -14 -15
leaf_value=0.0082749726264404883 -0.0028284936337125868 0.00097583219213650543 0.0025003233216998252 0.0017488607826415398 -2.6483035309907146e-05 -0.020998544294892847 -8.3231073278691725e-05 0.0048261745600841968 -0.0033685254080636608 0.010847641038657381 0.00056286889519142631 -0.00038580028034407299 -0.018727493293400385 0.0087878740392694499
leaf_weight=78 57 47 48 71 59 47 785 49 71 40 55 433 41 71
leaf_count=78 57 47 48 71 59 47 785 49 71 40 55 433 41 71
internal_value=-0.000153689 -0.00673077 0.00021645 -5.55556e-05 -0.00536723 -0.0122642 0.000523722 3.23625e-05 -0.00040107 0.000175439 0.00789474 -0.00037594 -0.00295359 0.0010514
internal_weight=1952 104 1848 1800 177 106 1623 1545 1496 1425 95 1330 474 856
internal_count=1952 104 1848 1800 177 106 1623 1545 1496 1425 95 1330 474 856
is_linear=0
shrinkage=0.05


Tree=149
num_leaves=15
num_cat=0
split_feature=0 4 3 2 0 2 0 2 3 4 3 8 5 0
split_gain=1.643 8.63489 3.86507 2.82815 4.92308 3.09565 5.25501 3.39628 2.95685 2.2895 4.35582 4.62157 4.0026 3.60584
threshold=32.981500000000004 18.307000000000006 5.3245000000000013 -0.93090634677745676 31.104500000000005 -0.84565824135800816 29.210000000000004 -0.8069893509785715 1.4375000000000002 21.615500000000004 2.9875000000000003 -1.7994999999999999 28.781000000000002 26.043000000000003
decision_type=2 2 2 2 2 2 2 2 2 2 2 2 2 2
left_child=3 2 -2 4 8 6 -5 -7 -1 12 -11 -12 13 -9
right_child=1 -3 -4 5 -6 7 -8 9 -10 10 11 -13 -14 -15
leaf_value=0.0042096489667222473 0.0058829020497050809 -0.0073561388068967594 0.0002258624538979362 -0.00044224274564780568 -0.0074691366941236521 -0.0095226775765175718 0.014385208227504515 -0.00023524189563125522 -0.0008746734026945142 0.0081915747851054373 -0.0026920019823029498 0.0094646507027774784 -0.0037806494868288022 0.011777104078872315
leaf_weight=54 66 40 40 61 50 40 40 1089 76 42 82 77 117 78
leaf_count=54 66 40 40 61 50 40 40 1089 76 42 82 77 117 78
internal_value=-0.000307377 0.00479452 0.0122642 -0.000719823 -0.00666667 -6.15006e-05 0.00841584 -0.000622951 -0.00153846 -0.00023569 0.00472637 0.000943396 -0.00101246 -0.000128535
internal_weight=1952 146 106 1806 180 1626 101 1525 130 1485 201 159 1284 1167
internal_count=1952 146 106 1806 180 1626 101 1525 130 1485 201 159 1284 1167
is_linear=0
shrinkage=0.05


Tree=150
num_leaves=15
num_cat=0
split_feature=0 6 8 8 4 8 1 4 6 4 0 0 8 0
split_gain=1.65349 1.59595 1.71424 2.37138 2.35614 2.30646 2.18799 1.9129 6.6563 4.62047 2.13518 2.54555 1.86344 2.88894
threshold=1.2745000000000002 -1.0599999999999998 -4.3379999999999992 -3.7704999999999997 3.161 -1.8954999999999997 0.047250493887438572 4.3335000000000008 0.0045000000000000014 4.823500000000001 5.6080000000000014 6.7940000000000014 -3.2209999999999996 27.155500000000004
decision_type=2 2 2 2 2 2 2 2 2 2 2 2 2 2
left_child=-1 -2 -3 -4 5 6 -5 8 -6 -9 -11 -12 13 -13
right_child=1 2 3 4 7 -7 -8 9 -10 10 11 12 -14 -15
leaf_value=-0.007397048907078871 0.017848684123288217 0.0024688838083403498 -0.0097036365393252614 0.0030738898149797094 0.0015106424889089753 -0.0010085679466075776 0.0096448116602338776 0.0037060806183453424 -0.0068973853399647402 -0.002974366063885403 0.019825030377186123 0.0028684773376069783 -0.00022718434917767816 -0.0069821389314596617
leaf_weight=56 55 42 74 42 72 41 47 69 68 78 44 90 1117 57
leaf_count=56 55 42 74 42 72 41 47 69 68 78 44 90 1117 57
internal_value=-0.000461066 -0.00021097 -0.000461706 -0.00069483 -0.000318841 0.00615385 0.0106742 -0.000846395 -0.00642857 -0.000309278 -0.000937951 -0.000458716 -0.000870253 0.00442177
internal_weight=1952 1896 1841 1799 1725 130 89 1595 140 1455 1386 1308 1264 147
internal_count=1952 1896 1841 1799 1725 130 89 1595 140 1455 1386 1308 1264 147
is_linear=0
shrinkage=0.05


Tree=151
num_leaves=15
num_cat=0
split_feature=6 5 7 6 4 7 1 2 6 4 2 2 0 0
split_gain=2.30703 3.12348 1.50498 1.70346 3.53252 5.45561 6.20182 3.69383 2.92182 2.80558 2.71412 3.49096 2.7047 2.4768
threshold=-1.2064999999999999 3.2545000000000006 297.07900000000006 -0.34499999999999992 21.781500000000005 559.06650000000002 0.36523833096101394 0.9669377691982991 -0.30199999999999994 2.3195000000000006 0.92933244589178743 0.79411473034488644 8.1645000000000021 9.6595000000000031
decision_type=2 2 2 2 2 2 2 2 2 2 2 2 2 2
left_child=-1 -2 -3 4 5 6 7 -4 -5 -10 11 12 -11 -14
right_child=1 2 3 8 -6 -7 -8 -9 9 10 -12 -13 13 -15
leaf_value=-0.011881376393751442 0.030814970034363287 -0.0047035483490913106 0.0041403907236136515 -0.017027047666448771 0.012073747226659852 0.015869775967561752 -0.0060353695599918329 -0.0074834583893235666 0.013276864538638009 -0.003955602877769116 -0.0088178588865428509 0.0011475109740909095 0.0067720385647631279 -0.00013762324919242008
leaf_weight=49 41 49 73 44 54 51 46 40 40 80 55 75 46 1209
leaf_count=49 41 49 73 44 54 51 46 40 40 80 55 75 46 1209
internal_value=-0.000512295 -0.000236469 -0.000537057 -0.000303365 0.00340909 0.00047619 -0.00408805 0.00221239 -0.000936088 -0.000564784 -0.000921502 -0.000496454 -0.00108614 -0.000517928
internal_weight=1952 1903 1862 1813 264 210 159 113 1549 1505 1465 1410 1335 1255
internal_count=1952 1903 1862 1813 264 210 159 113 1549 1505 1465 1410 1335 1255
is_linear=0
shrinkage=0.05


Tree=152
num_leaves=15
num_cat=0
split_feature=0 8 2 6 7 6 0 4 8 7 7 6 0 0
split_gain=2.42443 1.66101 2.16626 2.356 3.66429 2.9343 1.73542 3.98716 3.52354 5.30178 3.54511 2.88084 3.16638 2.85912
threshold=1.2745000000000002 -0.41999999999999993 0.98805528087738748 -0.64049999999999996 370.70700000000005 -0.52549999999999997 31.852000000000004 18.717000000000002 -3.0844999999999998 929.58550000000014 972.2315000000001 0.72750000000000015 30.403000000000002 29.527500000000003
decision_type=2 2 2 2 2 2 2 2 2 2 2 2 2 2
left_child=-1 2 3 4 -2 -5 11 8 -8 -10 -11 12 13 -7
right_child=1 -3 -4 5 -6 6 7 -9 9 10 -12 -13 -14 -15
leaf_value=-0.0064331276420373567 0.0010361251497657709 0.0017172360630153998 0.0037722163489927389 0.028125056480045853 -0.0063795708759153361 -0.00016491608397791458 0.0062355264947409001 -0.0066261508224270578 -0.003910956791053511 0.01036574446154967 -3.1626578118497395e-05 -0.00062183542795734301 -0.011857195087137534 0.0087568068912387831
leaf_weight=56 48 96 65 45 57 1178 45 47 40 43 48 56 72 56
leaf_count=56 48 96 65 45 57 1178 45 47 40 43 48 56 72 56
internal_value=-0.000461066 -0.000158228 -0.0005 -0.000835735 -0.00809524 -0.000368098 -0.000725552 0.00336323 0.00681818 0.00267176 0.00934066 -0.00139501 -0.000918836 -0.000324149
internal_weight=1952 1896 1800 1735 105 1630 1585 223 176 131 91 1362 1306 1234
internal_count=1952 1896 1800 1735 105 1630 1585 223 176 131 91 1362 1306 1234
is_linear=0
shrinkage=0.05


Tree=153
num_leaves=15
num_cat=0
split_feature=0 4 6 3 0 4 3 8 0 8 6 6 7 6
split_gain=2.42443 2.25066 2.1663 6.32734 3.35206 8.18661 4.25037 3.14125 2.23139 2.44563 2.31695 2.58648 2.38518 1.93
threshold=1.2745000000000002 2.1150000000000007 -0.34499999999999992 10.069500000000001 8.6120000000000019 16.111000000000004 98.324500000000015 -1.4689999999999996 33.405500000000011 -2.6084999999999998 0.77800000000000014 0.68500000000000016 999.71600000000012 -0.24849999999999997
decision_type=2 2 2 2 2 2 2 2 2 2 2 2 2 2
left_child=-1 -2 3 -3 5 7 -6 -5 10 -10 11 12 13 -4
right_child=1 2 8 4 6 -7 -8 -9 9 -11 -12 -13 -14 -15
leaf_value=-0.0061114712599354875 -0.0015375397405053394 0.018965137053587069 -0.0060200430040949051 -0.0016620596440712456 0.028035866253388643 -0.012297300311347693 5.4096928312694081e-05 0.02918835972949434 9.5464599256619986e-05 0.0032910324445625584 -0.00054576928448273336 0.0040965618841290637 -0.0042094195759912805 -1.1222237432334526e-05
leaf_weight=56 64 40 90 71 46 43 70 51 75 41 52 46 59 1148
leaf_count=56 64 40 90 71 46 43 70 51 75 41 52 46 59 1148
internal_value=-0.000461066 -0.000158228 0.000163755 0.00389408 0.00124555 -0.00333333 0.00775862 0.00327869 -0.000628723 0.00603448 -0.0011828 -0.000781832 -0.00119507 -0.000726979
internal_weight=1952 1896 1832 321 281 165 116 122 1511 116 1395 1343 1297 1238
internal_count=1952 1896 1832 321 281 165 116 122 1511 116 1395 1343 1297 1238
is_linear=0
shrinkage=0.05


Tree=154
num_leaves=15
num_cat=0
split_feature=6 5 7 2 6 4 3 1 7 1 0 3 6 4
split_gain=1.49392 3.17176 1.46782 1.31129 5.24191 6.01536 7.004 7.59573 4.76748 4.70591 3.78773 5.26491 5.14967 4.64188
threshold=-1.2064999999999999 3.2545000000000006 297.07900000000006 -0.53914575630485184 0.20150000000000004 16.6645 28.454000000000004 0.85206963063867758 908.10000000000014 -0.97873101657557338 21.347000000000005 40.688500000000012 0.23900000000000002 6.1185000000000009
decision_type=2 2 2 2 2 2 2 2 2 2 2 2 2 2
left_child=-1 -2 -3 8 5 9 -7 -8 -4 -5 -10 12 -12 -14
right_child=1 2 3 4 -6 6 7 -9 10 -11 11 -13 13 -15
leaf_value=-0.011863676044525507 0.027728941743019632 -0.0045569375812031495 -0.016197796876088789 -0.016302832582472816 0.00093687205480618156 0.02146675684069901 0.011498209134670982 -0.0052388623691064645 -0.0084705111464526417 -0.00048129643421197522 0.012742735104510218 0.010416695817801518 0.010447871486794666 -0.0004629275379010055
leaf_weight=49 41 49 121 53 327 43 64 54 56 607 41 74 62 311
leaf_count=49 41 49 121 53 327 43 64 54 56 607 41 74 62 311
internal_value=-0.000563525 -0.000341566 -0.000644468 -0.000413679 0.000609756 -0.00152253 0.00714286 0.000847458 -0.00218045 -0.00363636 -0.000183824 0.00122951 -0.000966184 -0.00281501
internal_weight=1952 1903 1862 1813 1148 821 161 118 665 660 544 488 414 373
internal_count=1952 1903 1862 1813 1148 821 161 118 665 660 544 488 414 373
is_linear=0
shrinkage=0.05


Tree=155
num_leaves=15
num_cat=0
split_feature=0 4 4 4 4 4 6 8 8 8 3 4 1 7
split_gain=2.49766 1.61709 1.9388 3.34153 2.45634 3.05556 2.91511 1.87642 4.92556 5.82699 3.19837 4.28761 5.68515 4.18703
threshold=1.2745000000000002 2.1150000000000007 3.161 3.7430000000000008 4.823500000000001 4.3335000000000008 0.0095000000000000015 -2.0509999999999997 -1.7274999999999998 -1.5999999999999999 99.741000000000014 11.399000000000003 -0.085847649446570765 875.8370000000001
decision_type=2 2 2 2 2 2 2 2 2 2 2 2 2 2
left_child=-1 -2 -3 -4 5 6 -5 -6 -9 -10 11 -11 -13 -14
right_child=1 2 3 4 7 -7 -8 8 9 10 -12 12 13 -15
leaf_value=-0.0052127138947124368 -0.0017090477380698106 0.0063803664563583055 -0.0023744342205734847 0.003027593332157913 0.00021205928216956884 0.004919016626102557 -0.002489085300005345 -0.0037821281331636572 0.010833399648516984 0.00089002845206587189 0.00455313652028489 -0.011590741270976894 -0.0069876876822100205 0.005029017385382451
leaf_weight=56 64 85 69 42 1002 72 46 160 41 91 79 44 54 47
leaf_count=56 64 85 69 42 1002 72 46 160 41 91 79 44 54 47
internal_value=-0.000307377 0 0.000272926 -8.58615e-05 0.000357569 0.00625 0 -0.000263505 -0.00271318 0.000561798 -0.00174603 -0.00466102 -0.01 -0.00346535
internal_weight=1952 1896 1832 1747 1678 160 88 1518 516 356 315 236 145 101
internal_count=1952 1896 1832 1747 1678 160 88 1518 516 356 315 236 145 101
is_linear=0
shrinkage=0.05


Tree=156
num_leaves=15
num_cat=0
split_feature=0 4 6 6 1 6 1 7 6 3 5 5 0 4
split_gain=2.47313 1.59532 1.43836 1.04774 3.08813 2.44142 4.06745 2.6057 2.29545 2.67561 2.32639 4.26222 4.32977 5.92252
threshold=1.2745000000000002 2.1150000000000007 -1.0599999999999998 -0.64049999999999996 0.030073020370188292 -0.34499999999999992 0.081558489694578698 390.22650000000004 -0.19149999999999998 44.617000000000012 10.917500000000002 12.450000000000001 9.6595000000000031 7.7475000000000014
decision_type=2 2 2 2 2 2 2 2 2 2 2 2 2 2
left_child=-1 -2 -3 4 -4 6 7 -5 9 -7 -10 -12 13 -13
right_child=1 2 3 5 -6 8 -8 -9 10 -11 11 12 -14 -15
leaf_value=-0.004952078199976815 -0.0016235953511663183 0.018534981100928518 -0.01187241591215242 0.00068391669076250938 0.0026788894102177442 0.00040524925776955212 -0.00063558101568246268 0.030208187880163218 0.0080059870658312545 -0.012942164281152781 -0.012676294264989117 0.0095178652069674505 -0.00015581557959375576 -0.0010781648796517941
leaf_weight=56 64 55 43 41 57 50 74 51 73 73 46 58 1164 47
leaf_count=56 64 55 43 41 57 50 74 51 73 73 46 58 1164 47
internal_value=-0.000358607 -5.27426e-05 0.000218341 -2.81373e-05 -0.005 0.000268336 0.0060241 0.0130435 -0.000363997 -0.00691057 0.000216138 -0.00026616 0.000275808 0.01
internal_weight=1952 1896 1832 1777 100 1677 166 92 1511 123 1388 1315 1269 105
internal_count=1952 1896 1832 1777 100 1677 166 92 1511 123 1388 1315 1269 105
is_linear=0
shrinkage=0.05


Tree=157
num_leaves=15
num_cat=0
split_feature=8 6 1 0 8 0 1 3 2 7 7 7 6 4
split_gain=2.38846 2.14779 2.89198 2.81806 4.00391 1.61873 5.20842 3.88419 2.77393 2.82515 3.23371 4.32295 2.98962 2.90247
threshold=0.50100000000000011 -0.64049999999999996 -0.19244979981841048 3.1070000000000007 -2.2754999999999996 5.8935000000000004 -0.15855791680139872 10.069500000000001 0.69017338824297181 520.58200000000011 669.34950000000015 696.76950000000011 -0.20299999999999999 4.2190000000000003
decision_type=2 2 2 2 2 2 2 2 2 2 2 2 2 2
left_child=1 2 -1 -4 -5 6 -3 -8 9 -7 12 -12 -11 -13
right_child=-2 5 3 4 -6 8 7 -9 -10 10 11 13 -14 -15
leaf_value=-0.028317260656590848 0.012449045746020848 0.013051828731019089 -0.0067041226024332108 0.029720999164821127 -0.0020450906721489193 0.0050753628391660144 0.00093118240006912498 -0.00678730449937609 -0.0011154198048013598 0.0042087980915840274 0.0071323436649275498 -0.0022504283967186844 -0.0030246957260432143 0.00018575817570414267
leaf_weight=40 44 43 43 44 49 66 47 55 231 40 42 78 115 1015
leaf_count=40 44 43 43 44 49 66 47 55 231 40 42 78 115 1015
internal_value=-0.000153689 -0.000419287 -0.00568182 -0.00220588 0.00268817 0.000115473 0.00517241 -0.000980392 -0.000346566 0.000516224 0 0.00092511 -0.00677419 0.00032022
internal_weight=1952 1908 176 136 93 1732 145 102 1587 1356 1290 1135 155 1093
internal_count=1952 1908 176 136 93 1732 145 102 1587 1356 1290 1135 155 1093
is_linear=0
shrinkage=0.05


Tree=158
num_leaves=15
num_cat=0
split_feature=6 4 2 1 4 6 1 8 1 0 7 8 6 0
split_gain=2.37371 2.24178 5.50451 5.36038 4.89165 5.55516 5.13244 6.83472 4.66751 4.60684 4.4784 4.15684 6.25134 3.98125
threshold=-1.2064999999999999 8.1105000000000018 0.81404609350821777 -0.97505550290239429 7.7965000000000009 0.39750000000000008 0.97873101657557349 -3.5744999999999996 -0.31676515716386833 30.001500000000004 464.65550000000007 -1.9124999999999999 0.014500000000000001 9.3385000000000016
decision_type=2 2 2 2 2 2 2 2 2 2 2 2 2 2
left_child=-1 3 -3 -2 5 6 7 8 -5 -7 13 -12 -13 -9
right_child=1 2 -4 4 -6 9 -8 10 -10 -11 11 12 -14 -15
leaf_value=-0.012139488186341509 0.0043414533278998135 0.00010690657854156914 0.0026192327495186199 -0.0066034178276131346 -0.015313801293208425 -4.06258400192365e-05 0.0094961599809705709 0.0086282771499695456 -0.028423114217404639 0.015561525372163036 -0.00071699137073156648 -0.00068097888654726772 -0.017459310898392529 -0.0047596913227194726
leaf_weight=49 50 935 76 41 45 78 43 94 44 66 290 42 40 59
leaf_count=49 50 935 76 41 45 78 43 94 44 66 290 42 40 59
internal_value=-0.000358607 -7.88229e-05 0.00153314 -0.00190583 -0.00285036 -0.00194479 -0.00390505 -0.00508197 -0.0182353 0.00694444 -0.00295238 -0.00591398 -0.0158537 0.00424837
internal_weight=1952 1903 1011 892 842 797 653 610 85 144 525 372 82 153
internal_count=1952 1903 1011 892 842 797 653 610 85 144 525 372 82 153
is_linear=0
shrinkage=0.05


Tree=159
num_leaves=15
num_cat=0
split_feature=6 5 7 6 4 4 4 8 4 4 6 6 2 4
split_gain=1.77214 1.85812 1.77809 1.76047 1.88536 7.01726 6.1563 3.13877 1.85784 6.01408 5.63499 6.00297 5.27508 3.96376
threshold=-1.2064999999999999 3.2545000000000006 297.07900000000006 -0.79149999999999998 3.161 2.6525000000000003 3.7430000000000008 -2.7389999999999994 6.0785000000000009 6.5150000000000015 0.22950000000000004 0.014500000000000001 0.50618570606421198 4.9875000000000016
decision_type=2 2 2 2 2 2 2 2 2 2 2 2 2 2
left_child=-1 -2 -3 -4 5 7 -6 -5 10 -10 11 12 -8 -14
right_child=1 2 3 4 6 -7 8 -9 9 -11 -12 -13 13 -15
leaf_value=-0.011532513777024434 0.026355693353549994 -0.0052187409789234834 0.0026418541443872013 -0.0040567926681947808 -0.0043256720442853757 0.021578366712541364 0.011787541002571528 0.0059185368482818886 -0.015121131718825471 7.6887308525144815e-05 0.0091043037053139316 -0.0093568561927464804 0.0010659454854009514 -0.0046306078376043393
leaf_weight=49 41 49 43 44 59 41 40 51 59 1196 115 66 58 41
leaf_count=49 41 49 43 44 59 41 40 51 59 1196 115 66 58 41
internal_value=0.000204918 0.000446663 0.000214823 0.000468836 0.000225989 0.00588235 -0.000244798 -0.00157895 0.000349206 -0.000517928 0.00375 -0.00121951 0.00467626 -0.00151515
internal_weight=1952 1903 1862 1813 1770 136 1634 95 1575 1255 320 205 139 99
internal_count=1952 1903 1862 1813 1770 136 1634 95 1575 1255 320 205 139 99
is_linear=0
shrinkage=0.05


Tree=160
num_leaves=15
num_cat=0
split_feature=0 4 8 1 8 1 3 7 6 6 0 8 3 3
split_gain=2.64738 1.75887 5.35158 3.14067 2.26374 4.25842 5.38976 4.19418 4.52111 3.23113 2.0283 1.66072 3.83391 7.2019
threshold=1.2745000000000002 3.4915000000000007 -3.2964999999999995 0.39702209115386683 -3.2324999999999995 0.93535928755917841 4.5170000000000003 456.77900000000005 0.25850000000000006 0.37550000000000006 11.236000000000002 -2.9149999999999996 87.103000000000009 4.573500000000001
decision_type=2 2 2 2 2 2 2 2 2 2 2 2 2 2
left_child=-1 2 -2 10 5 6 9 -8 -9 -3 -4 12 13 -6
right_child=1 4 3 -5 11 -7 7 8 -10 -11 -12 -13 -14 -15
leaf_value=-0.0031856680616880167 -0.013680133010328933 0.010104052894763866 0.016257450265891239 -0.00073009433482156157 -0.0059565490169552681 0.01168403081339928 0.0041682328572331456 -0.022685320729839451 0.0055308006990572589 6.7048201543365446e-07 -0.0013026110333781539 0.00017621037515294093 -0.013822068688102252 0.0043138967155489302
leaf_weight=56 43 58 42 58 86 40 42 62 41 45 43 1219 43 74
leaf_count=56 43 58 42 58 86 40 42 62 41 45 43 1219 43 74
internal_value=0 0.000316456 -0.00430108 0.00034965 0.000818713 0.00486111 0.00241935 -0.0037931 -0.0092233 0.011165 0.00647059 0 -0.00418719 -0.000625
internal_weight=1952 1896 186 143 1710 288 248 145 103 103 85 1422 203 160
internal_count=1952 1896 186 143 1710 288 248 145 103 103 85 1422 203 160
is_linear=0
shrinkage=0.05


Tree=161
num_leaves=15
num_cat=0
split_feature=4 8 4 3 0 8 5 6 6 7 8 6 8 6
split_gain=2.62945 4.85687 4.08522 3.13014 2.83404 3.23427 3.21965 2.57956 2.41101 2.29632 5.17747 3.2342 4.95587 4.3465
threshold=4.3335000000000008 -1.6364999999999996 4.823500000000001 4.9930000000000012 19.116000000000003 -2.2859999999999996 15.641500000000002 -1.2064999999999999 -0.74899999999999989 473.13300000000004 -1.3049999999999999 -0.08249999999999999 -1.9874999999999998 -0.0059999999999999993
decision_type=2 2 2 2 2 2 2 2 2 2 2 2 2 2
left_child=1 3 -2 -1 5 6 -5 -4 -9 10 -10 12 -11 -13
right_child=2 -3 7 4 -6 -7 -8 8 9 11 -12 13 -14 -15
leaf_value=-0.0034932986128555308 0.0039505930707620651 0.0086680483279762965 -0.021250093090023115 -0.0058318104267588329 -0.0059800770488254197 0.0098945128969584774 0.0055319232227409205 0.0026949179184718899 -0.01181552188750047 0.0068203343743920277 0.0020071213149470803 -0.013130965253697141 -0.0016096975494401368 8.964767026222176e-05
leaf_weight=80 72 46 42 63 40 44 41 74 92 124 59 53 77 1045
leaf_count=80 72 46 42 63 40 44 41 74 92 124 59 53 77 1045
internal_value=5.12295e-05 -0.00414013 0.000854701 -0.00671642 -0.00319149 0 -0.00480769 0.000319285 0.000656168 0.000206897 -0.00562914 0.000885296 0.00671642 -0.000182149
internal_weight=1952 314 1638 268 188 148 104 1566 1524 1450 151 1299 201 1098
internal_count=1952 314 1638 268 188 148 104 1566 1524 1450 151 1299 201 1098
is_linear=0
shrinkage=0.05


Tree=162
num_leaves=15
num_cat=0
split_feature=0 7 4 6 4 4 7 6 8 1 2 4 6 6
split_gain=2.77547 1.81144 2.28428 4.38783 2.42321 2.43046 2.50401 2.54602 2.38521 3.83995 3.7329 4.03709 3.11761 4.51198
threshold=1.2745000000000002 1005.2670000000002 2.6525000000000003 -0.17349999999999996 3.161 3.5405000000000002 991.5245000000001 0.44950000000000007 -3.2324999999999995 -0.90880922144842613 0.83399694777620859 6.7930000000000001 0.72750000000000015 0.65100000000000013
decision_type=2 2 2 2 2 2 2 2 2 2 2 2 2 2
left_child=-1 2 3 -2 -4 -6 8 -8 9 -7 11 -11 13 -10
right_child=1 -3 4 -5 5 6 7 -9 12 10 -12 -13 -14 -15
leaf_value=-0.0031557534014816364 -0.024885721771555819 0.002752242979879757 0.014160726376141476 0.0047986062677588068 -0.0030464381606837873 -0.016489396565397236 6.6186357926503736e-05 -0.0077961553443214766 0.0001464010607636984 0.013981648571549713 -0.0029445532722614746 0.0019379195197710081 -0.00066752400031046201 0.0086562541077011643
leaf_weight=56 54 41 45 46 46 41 53 51 1178 55 50 124 72 40
leaf_count=56 54 41 45 46 46 41 53 51 1178 55 50 124 72 40
internal_value=0.000256148 0.000580169 0.000350404 -0.007 0.000769231 0.000467836 0.00078125 -0.00673077 0.00128205 0.00555556 0.0080786 0.0114525 0.000387597 0.000985222
internal_weight=1952 1896 1855 100 1755 1710 1664 104 1560 270 229 179 1290 1218
internal_count=1952 1896 1855 100 1755 1710 1664 104 1560 270 229 179 1290 1218
is_linear=0
shrinkage=0.05


Tree=163
num_leaves=15
num_cat=0
split_feature=6 5 7 6 6 6 7 1 6 7 7 7 0 2
split_gain=1.79153 1.83961 1.79847 1.7411 1.46499 1.8992 4.38096 5.77444 3.54891 3.50846 2.60412 3.3152 1.8229 3.32961
threshold=-1.2064999999999999 3.2545000000000006 297.07900000000006 -0.79149999999999998 -0.64049999999999996 -0.34499999999999992 562.7410000000001 -0.25950939392209715 -0.18549999999999997 459.31750000000005 574.79700000000014 470.16700000000009 5.8935000000000004 0.82438889030848939
decision_type=2 2 2 2 2 2 2 2 2 2 2 2 2 2
left_child=-1 -2 -3 -4 -5 6 7 -6 10 -10 11 -7 -11 -14
right_child=1 2 3 4 5 8 -8 -9 9 12 -12 -13 13 -15
leaf_value=-0.0099095140054679016 0.024887032218153072 -0.0050742905675204928 0.0023588849694484051 -0.0040826037459642615 0.010364240664664121 -0.011768831635100709 0.026841863253194445 -0.0039055734040631461 0.0038641746126833829 0.0011885074976840757 -0.02317934025829281 0.0037600359280167794 6.755677231846946e-05 -0.014632040437469263
leaf_weight=49 41 49 43 48 57 50 40 76 45 54 41 44 1271 44
leaf_count=49 41 49 43 48 57 50 40 76 45 54 41 44 1271 44
internal_value=0.000256148 0.000499212 0.000268528 0.000523993 0.000282486 0.000522648 0.00549133 0.00112782 -3.22789e-05 0.000707214 -0.00777778 -0.00319149 0.000255661 -0.000114068
internal_weight=1952 1903 1862 1813 1770 1722 173 133 1549 1414 135 94 1369 1315
internal_count=1952 1903 1862 1813 1770 1722 173 133 1549 1414 135 94 1369 1315
is_linear=0
shrinkage=0.05


Tree=164
num_leaves=15
num_cat=0
split_feature=0 8 8 8 4 7 2 2 7 6 0 6 3 0
split_gain=2.67276 1.93829 2.05319 2.11366 3.04222 2.50393 2.2353 2.42065 2.01318 2.16987 3.27662 2.41192 2.05411 3.44739
threshold=1.2745000000000002 -0.41999999999999993 -0.89049999999999996 -1.3049999999999999 9.240000000000002 297.07900000000006 0.98805528087738748 0.96468063810649285 999.71600000000012 0.72750000000000015 31.541000000000004 0.6645000000000002 5.5425000000000013 30.403000000000002
decision_type=2 2 2 2 2 2 2 2 2 2 2 2 2 2
left_child=-1 2 3 5 -5 -2 7 8 9 11 -11 12 -7 -14
right_child=1 -3 -4 4 -6 6 -8 -9 -10 10 -12 -13 13 -15
leaf_value=-0.0027885536007945166 -0.017800211271224924 0.0023168049216229602 -0.002870936620655096 -0.00043643813629007101 0.003747554608294268 0.0004945785714837392 0.0056564594432141867 -0.0064000208901500155 -0.0035134257175372359 -0.0026026260197294067 0.00075816933461658265 0.008013323600408984 5.0734687416187367e-05 -0.0043283219253446858
leaf_weight=56 49 96 61 40 50 599 44 42 67 40 44 43 644 77
leaf_count=56 49 96 61 40 50 599 44 42 67 40 44 43 644 77
internal_value=5.12295e-05 0.000369198 0 0.000316274 0.00777778 -9.09642e-05 0.00025 -6.42674e-05 0.000264201 0.000656531 -0.00714286 0.0011372 0.000757576 -0.00104022
internal_weight=1952 1896 1800 1739 90 1649 1600 1556 1514 1447 84 1363 1320 721
internal_count=1952 1896 1800 1739 90 1649 1600 1556 1514 1447 84 1363 1320 721
is_linear=0
shrinkage=0.05


Tree=165
num_leaves=15
num_cat=0
split_feature=4 6 6 5 1 2 8 2 4 8 1 8 7 6
split_gain=1.9574 3.7917 2.01655 3.35343 2.1672 6.8014 2.66145 7.59379 3.86553 3.72208 1.93831 2.07554 4.96144 5.49762
threshold=31.574500000000004 -1.2064999999999999 0.72750000000000015 31.351500000000005 0.98902500162601181 -0.02793410925094832 -3.3574999999999995 0.83399694777620859 6.7930000000000001 -3.6269999999999993 0.9594338453294492 -1.7729999999999997 717.51400000000012 -0.38949999999999996
decision_type=2 2 2 2 2 2 2 2 2 2 2 2 2 2
left_child=1 -1 4 -4 6 -6 7 8 -3 -10 11 -8 13 -13
right_child=-2 2 3 -5 5 -7 10 -9 9 -11 -12 12 -14 -15
leaf_value=-0.016401513390251511 0.00052115014701830872 0.001689485885845743 -0.0028520713616351002 0.00081058622568224879 -0.011209498647353164 0.018120924624851931 4.8379199671166888e-05 -0.025420301857730289 0.00067038814987857576 -0.014523413006429077 -0.0027883856575878305 0.0077891323253444396 0.0041442167597182727 -0.0026289475944473676
leaf_weight=45 98 73 52 43 40 53 976 50 59 50 72 109 91 141
leaf_count=45 98 73 52 43 40 53 976 50 59 50 72 109 91 141
internal_value=0.000256148 -0.000107875 0.000248756 -0.00684211 0.000641774 0.00806452 0.000215916 -0.00474138 0 -0.0059633 0.00104392 0.00148064 0.00483871 0.0012
internal_weight=1952 1854 1809 95 1714 93 1621 232 182 109 1389 1317 341 250
internal_count=1952 1854 1809 95 1714 93 1621 232 182 109 1389 1317 341 250
is_linear=0
shrinkage=0.05


Tree=166
num_leaves=15
num_cat=0
split_feature=5 4 6 7 7 7 7 0 8 3 5 4 4 7
split_gain=3.15854 4.66364 3.76456 1.83119 2.76914 2.81679 2.95521 3.34413 2.594 1.94683 3.82415 3.59056 5.5965 3.32542
threshold=5.2115000000000009 10.415500000000002 -0.80849999999999989 1005.2670000000002 991.5245000000001 983.74650000000008 976.62000000000012 34.838500000000003 -2.2279999999999993 10.069500000000001 29.160000000000004 18.717000000000002 14.001000000000001 928.01550000000009
decision_type=2 2 2 2 2 2 2 2 2 2 2 2 2 2
left_child=1 -1 -2 4 5 6 7 9 -6 10 11 12 -4 -11
right_child=2 -3 3 -5 8 -7 -8 -9 -10 13 -12 -13 -14 -15
leaf_value=0.0019783832967370909 0.011640036885194377 -0.016308391533247212 0.00088835593433542475 0.0027845053181631491 -0.0066173166731801226 0.0025226239242909232 -0.0025924399811441904 0.004887660004495969 0.00027637370126773475 -0.0011303890396857752 -0.0011709988893216041 0.01179087758079056 -0.0056149253643454911 0.0042546768547028187
leaf_weight=76 41 44 410 41 66 91 63 40 40 699 158 49 42 92
leaf_count=76 41 44 410 41 66 91 63 40 40 699 158 49 42 92
internal_value=0.000358607 -0.0075 0.000873362 0.00053043 0.000285714 0.000790754 0.000289762 0.000738255 -0.00754717 0.000344828 0.00235205 0.00449102 0.00309735 -0.00132743
internal_weight=1952 120 1832 1791 1750 1644 1553 1490 106 1450 659 501 452 791
internal_count=1952 120 1832 1791 1750 1644 1553 1490 106 1450 659 501 452 791
is_linear=0
shrinkage=0.05


Tree=167
num_leaves=15
num_cat=0
split_feature=0 0 0 2 6 0 4 3 6 0 5 4 1 7
split_gain=2.77547 2.20887 4.36114 6.07627 6.0355 3.81932 2.77964 7.81518 11.0119 5.8198 3.84468 3.65783 3.52718 3.58341
threshold=1.2745000000000002 14.025500000000003 12.617000000000003 -0.30081980763566774 0.36250000000000004 15.013000000000002 9.3375000000000021 29.964500000000005 -0.41649999999999993 9.2130000000000027 13.810500000000001 17.278000000000002 -0.31676515716386833 358.14300000000009
decision_type=2 2 2 2 2 2 2 2 2 2 2 2 2 2
left_child=-1 2 3 -2 6 -3 9 -8 11 12 -11 -9 -5 -14
right_child=1 5 -4 4 -6 -7 7 8 -10 10 -12 -13 13 -15
leaf_value=-0.0025327355589689687 -0.0085185069051816331 -0.0073849977015968352 0.0019802753871479158 0.0036335992328822286 0.0072294809342454613 -2.3076889249525751e-05 0.017533802677489198 -0.0006618064406286317 0.02096915149738366 -0.0032865268442866138 -0.0008451839242399721 -0.021905621921186492 0.0081787251201757803 -0.0014970270973743004
leaf_weight=56 40 48 80 60 44 1116 54 41 64 41 67 43 49 149
leaf_count=56 40 48 80 60 44 1116 54 41 64 41 67 43 49 149
internal_value=0.000256148 0.000580169 0.00273224 0.00138037 0.00261438 -0.000773196 0.00123239 0.00594059 0 -0.00136612 -0.0111111 -0.0119048 0.00271318 -0.000505051
internal_weight=1952 1896 732 652 612 1164 568 202 148 366 108 84 258 198
internal_count=1952 1896 732 652 612 1164 568 202 148 366 108 84 258 198
is_linear=0
shrinkage=0.05


Tree=168
num_leaves=15
num_cat=0
split_feature=5 0 6 8 6 1 1 4 4 0 4 3 8 8
split_gain=2.27307 4.60058 3.98724 2.29575 1.90034 1.67719 5.76654 5.65319 6.18176 5.599 4.74175 6.30313 4.39398 1.79982
threshold=5.2115000000000009 3.1070000000000007 -0.80849999999999989 -4.246999999999999 -0.64049999999999996 -0.70252096857941237 -0.63874350706337046 10.467000000000001 15.104000000000001 16.583000000000002 7.9780000000000006 4.8400000000000007 -2.5329999999999999 -0.43649999999999994
decision_type=2 2 2 2 2 2 2 2 2 2 2 2 2 2
left_child=1 -1 -2 -4 -5 7 -7 9 -9 -6 11 12 -11 -8
right_child=2 -3 3 4 5 6 13 8 -10 10 -12 -13 -14 -15
leaf_value=-0.0061388785877727753 0.011091125362966093 0.0018196015906317032 0.001295524084726646 -0.0043469093396976133 0.0094991536035097246 -0.0063946675498986714 -9.3724022868660334e-05 -0.015635748675372485 0.00097758754300248394 -0.0029718690450908445 0.0039380827793454023 -0.013515243226676021 0.0068637978393795325 0.0063107088143165907
leaf_weight=43 41 77 44 52 61 42 1172 61 98 40 74 57 41 49
leaf_count=43 41 77 44 52 61 42 1172 61 98 40 74 57 41 49
internal_value=0 -0.00666667 0.000436681 8.37521e-05 -0.000200343 8.84956e-05 -0.000831354 0.00277778 -0.00471698 0.00714286 0.00330189 -0.00217391 0.00679012 -0.00020475
internal_weight=1952 120 1832 1791 1747 1695 1263 432 159 273 212 138 81 1221
internal_count=1952 120 1832 1791 1747 1695 1263 432 159 273 212 138 81 1221
is_linear=0
shrinkage=0.05


Tree=169
num_leaves=15
num_cat=0
split_feature=6 5 7 7 7 6 7 7 2 3 3 3 8 8
split_gain=1.7146 1.91417 1.2067 1.88256 2.59532 2.58089 2.55714 2.70925 2.28989 2.38575 6.7539 3.68697 3.01993 3.08068
threshold=-1.2064999999999999 3.2545000000000006 1005.2670000000002 991.5245000000001 982.83000000000015 0.44950000000000007 976.62000000000012 967.24150000000009 -0.93704710539067892 8.9925000000000015 18.304500000000001 5.0020000000000007 -0.074999999999999983 -1.6749999999999996
decision_type=2 2 2 2 2 2 2 2 2 2 2 2 2 2
left_child=-1 -2 3 4 6 -5 7 8 -3 11 -11 -10 13 -12
right_child=1 2 -4 5 -6 -7 -8 -9 9 10 12 -13 -14 -15
leaf_value=-0.0076467817563777799 0.022765804538884483 -0.0061627620776380293 0.0026511200978609011 0.0002608065720842684 0.001459455182729147 -0.007444851943736553 -0.0037280150169592911 0.0039114244595391283 0.00015242130917005883 -0.0087652253694783418 -0.00023306134926708716 0.010799315791199561 -0.006583327536384043 0.0013555664536755081
leaf_weight=49 41 73 41 55 98 51 56 63 524 76 524 87 50 164
leaf_count=49 41 73 41 55 98 51 56 63 524 76 524 87 50 164
internal_value=5.12295e-05 0.000289017 5.37057e-05 -0.000137287 0.000262391 -0.00660377 -0.00021645 0.000160154 -0.000267023 0.000175439 -0.00159705 0.00253682 -0.000135501 0.000726744
internal_weight=1952 1903 1862 1821 1715 106 1617 1561 1498 1425 814 611 738 688
internal_count=1952 1903 1862 1821 1715 106 1617 1561 1498 1425 814 611 738 688
is_linear=0
shrinkage=0.05


Tree=170
num_leaves=15
num_cat=0
split_feature=0 6 7 7 6 7 0 2 7 2 4 5 4 5
split_gain=2.64738 2.12459 1.36012 1.70099 2.39587 2.01885 2.54935 2.41323 4.11345 3.02208 2.96505 4.8678 5.03609 4.63629
threshold=1.2745000000000002 -1.0599999999999998 1003.0390000000001 991.5245000000001 0.44950000000000007 982.83000000000015 34.838500000000003 -0.71840966893412694 908.10000000000014 -0.62971025403082126 16.6645 23.965500000000002 29.045000000000005 13.810500000000001
decision_type=2 2 2 2 2 2 2 2 2 2 2 2 2 2
left_child=-1 -2 3 5 -5 6 7 8 -3 -9 -11 12 13 -12
right_child=1 2 -4 4 -6 -7 -8 9 -10 10 11 -13 -14 -15
leaf_value=-0.0024771304211945499 0.014775065674345812 -0.014909251747367031 0.0018413271932272491 0.00024776624348005482 -0.0079735146585111771 0.0013864824235926888 0.0034138460091613803 0.0079030010355396647 -0.00063953938776509798 -0.00034877781757786108 0.0066992482779429652 -0.0064135241170450337 -0.0027562396983697116 0.01673722597646107
leaf_weight=56 55 62 48 51 48 98 42 55 223 977 76 49 51 61
leaf_count=56 55 62 48 51 48 98 42 55 223 977 76 49 51 61
internal_value=0 0.000316456 2.71592e-05 -0.000195204 -0.00656566 0.000177096 -0.000250627 -0.000579151 -0.00473684 0.00035461 -0.000164745 0.00485232 0.00851064 0.0135036
internal_weight=1952 1896 1841 1793 99 1694 1596 1554 285 1269 1214 237 188 137
internal_count=1952 1896 1841 1793 99 1694 1596 1554 285 1269 1214 237 188 137
is_linear=0
shrinkage=0.05


Tree=171
num_leaves=15
num_cat=0
split_feature=0 6 7 7 0 7 7 7 7 8 7 3 3 3
split_gain=1.77571 1.47787 1.41401 1.82162 4.54048 3.57006 2.60965 3.035 2.03029 3.29225 2.90886 2.5 5.58577 4.03675
threshold=1.2745000000000002 -1.0599999999999998 1003.0390000000001 989.11000000000013 28.200000000000006 983.74650000000008 976.62000000000012 965.07450000000006 943.81150000000014 -2.6659999999999995 929.58550000000014 8.9925000000000015 13.679000000000002 5.8415000000000008
decision_type=2 2 2 2 2 2 2 2 2 2 2 2 2 2
left_child=-1 -2 3 5 -5 6 7 8 10 -10 11 13 -13 -3
right_child=1 2 -4 4 -6 -7 -8 -9 9 -11 -12 12 -14 -15
leaf_value=-0.0023532739001348221 0.014036312390628525 0.00023052285700000399 0.0017492608335658855 -0.0066739336136241671 0.00036101168357692283 0.0063229281764655074 -0.0023193940021527084 0.0032606111987000422 0.0070994618865705466 -0.0026083477370685811 0.0014475186567934669 -0.0080924549765360454 -0.00049759845719932747 0.015768599118495093
leaf_weight=56 55 471 48 73 61 56 63 77 43 62 70 43 734 40
leaf_count=56 55 471 48 73 61 56 63 77 43 62 70 43 734 40
internal_value=-0.000153689 0.000105485 -0.000135796 -0.000362521 -0.00597015 9.04159e-05 -0.000343107 6.49351e-05 -0.000444293 -0.00714286 7.36377e-05 -0.000465839 -0.00225225 0.00225049
internal_weight=1952 1896 1841 1793 134 1659 1603 1540 1463 105 1358 1288 777 511
internal_count=1952 1896 1841 1793 134 1659 1603 1540 1463 105 1358 1288 777 511
is_linear=0
shrinkage=0.05


Tree=172
num_leaves=15
num_cat=0
split_feature=0 6 6 0 6 5 7 6 5 5 4 6 1 3
split_gain=1.83846 1.60196 5.96988 5.76205 2.01518 5.45377 3.08265 4.89096 3.06382 3.97627 3.04395 3.01799 2.11372 4.78304
threshold=1.2745000000000002 0.72750000000000015 0.6645000000000002 30.875500000000006 0.46550000000000008 34.748500000000007 922.90850000000012 0.51150000000000018 33.966000000000001 31.728500000000004 2.1150000000000007 0.57150000000000001 0.88134550114954158 4.7270000000000012
decision_type=2 2 2 2 2 2 2 2 2 2 2 2 2 2
left_child=-1 2 4 -3 8 6 -6 -8 9 10 -2 -9 -12 -14
right_child=1 3 -4 -5 5 -7 7 11 -10 -11 12 -13 13 -15
leaf_value=-0.0022356102051280802 -0.0032473316186256125 -0.0021161318338712432 0.0054654311639839555 0.00051160190297284741 0.0045837491703050867 -0.0086564238281189154 -0.0070258984838397548 0.013224723312039666 0.0034325250956828354 -0.016512209948153923 0.00057379815947926284 -0.0071681674524685796 -0.0074321594608176833 0.00026176850470721602
leaf_weight=56 58 50 52 54 77 41 40 41 58 54 1050 45 53 223
leaf_count=56 58 50 52 54 77 41 40 41 58 54 1050 45 53 223
internal_value=0 0.000263713 0.000613839 -0.00576923 0.000114943 -0.00409836 -0.000738916 -0.00555556 0.000802139 0.000347705 0.000867052 0.00116279 0.00135747 -0.00253623
internal_weight=1952 1896 1792 104 1740 244 203 126 1496 1438 1384 86 1326 276
internal_count=1952 1896 1792 104 1740 244 203 126 1496 1438 1384 86 1326 276
is_linear=0
shrinkage=0.05


Tree=173
num_leaves=15
num_cat=0
split_feature=7 6 5 6 8 8 6 0 5 5 0 8 5 5
split_gain=2.19934 2.53221 5.96127 2.14015 2.03715 2.64193 2.05282 4.37449 4.00461 6.10917 3.34405 2.99654 2.36991 5.13729
threshold=1003.0390000000001 0.72750000000000015 31.351500000000005 0.6645000000000002 0.50100000000000011 -0.13199999999999998 -0.64049999999999996 5.8935000000000004 12.338000000000003 7.7960000000000012 3.1070000000000007 -2.2754999999999996 7.7960000000000012 9.1475000000000026
decision_type=2 2 2 2 2 2 2 2 2 2 2 2 2 2
left_child=1 3 -3 4 5 6 10 8 9 -8 -1 -12 -9 -14
right_child=-2 2 -4 -5 -6 -7 7 12 -10 -11 11 -13 13 -15
leaf_value=-0.0085865925881663061 0.0015616397105085418 -0.0028907212031648033 0.00076084678041156211 0.0053841424275519164 0.014923691745986289 -0.015910827624980518 0.008083989982841688 -0.0038060203979406143 0.011458381917634286 -0.0052630451076239211 0.0098003186045867788 -0.0036245956350001302 0.01770245507650263 -0.00017461220714568156
leaf_weight=48 48 55 41 48 43 43 42 40 45 47 62 50 40 1300
leaf_count=48 48 55 41 48 43 43 42 40 45 47 62 50 40 1300
internal_value=-0.000153689 -0.000420168 -0.00833333 0 -0.000284091 -0.000553291 -0.000238949 0.000330251 0.00895522 0.00280899 -0.005625 -0.000892857 -0.000507246 -0.000149254
internal_weight=1952 1904 96 1808 1760 1717 1674 1514 134 89 160 112 1380 1340
internal_count=1952 1904 96 1808 1760 1717 1674 1514 134 89 160 112 1380 1340
is_linear=0
shrinkage=0.05


Tree=174
num_leaves=15
num_cat=0
split_feature=0 6 6 3 7 5 5 2 4 4 0 2 6 4
split_gain=1.69374 1.55609 1.75784 2.80237 2.13077 3.34664 3.61549 2.5152 2.75334 5.99147 3.68762 3.96915 5.78422 5.70532
threshold=1.2745000000000002 -1.0599999999999998 -0.64049999999999996 99.741000000000014 322.68850000000003 7.5875000000000012 8.594000000000003 0.93554238417682101 7.5445000000000011 8.0285000000000029 6.6655000000000006 0.19429706169951341 0.038500000000000006 3.3660000000000005
decision_type=2 2 2 2 2 2 2 2 2 2 2 2 2 2
left_child=-1 -2 3 -3 -4 -6 -7 8 10 -10 -8 12 -12 -13
right_child=1 2 4 -5 5 6 7 -9 9 -11 11 13 -14 -15
leaf_value=-0.0016945000654633585 0.012815790932893801 -0.0034581378427724868 0.0042439625087945789 0.0044975860641178703 -0.004416105963657913 0.015636278481038112 0.01027250273612107 -0.0049998928522427162 -0.013452908415982984 -1.8833603776713394e-05 0.015508236203514948 0.0074946657333892948 0.00072892236859520287 -0.0036089662984857026
leaf_weight=56 55 56 48 50 58 40 40 67 65 857 46 62 285 167
leaf_count=56 55 56 48 50 58 40 40 67 65 857 46 62 285 167
internal_value=-0.000358607 -0.000105485 -0.000353069 -0.00660377 2.88184e-05 -0.000266746 0.000153468 -0.000220264 0.000197109 -0.00151844 0.00283333 0.00178571 0.00528701 -0.00327511
internal_weight=1952 1896 1841 106 1735 1687 1629 1589 1522 922 600 560 331 229
internal_count=1952 1896 1841 106 1735 1687 1629 1589 1522 922 600 560 331 229
is_linear=0
shrinkage=0.05


Tree=175
num_leaves=15
num_cat=0
split_feature=0 2 7 4 4 6 4 4 1 5 0 5 1 8
split_gain=1.71405 2.05141 3.0577 2.29932 3.95613 3.97033 2.20991 5.82693 4.25012 2.71907 4.13465 4.03716 7.10501 5.27284
threshold=1.2745000000000002 0.98805528087738748 230.22000000000006 3.4915000000000007 3.1150000000000007 -0.012999999999999999 4.823500000000001 4.3335000000000008 0.47434769705567625 18.583000000000002 14.593000000000002 14.009000000000002 0.36523833096101394 -2.7389999999999994
decision_type=2 2 2 2 2 2 2 2 2 2 2 2 2 2
left_child=-1 2 -2 4 5 -4 7 8 -5 11 -11 13 -13 -8
right_child=1 -3 3 6 -6 -7 9 -9 -10 10 -12 12 -14 -15
leaf_value=-0.0016097750621901913 0.02501894613645177 0.002002952590544014 -0.0059214273433846228 0.00086655122114053245 -0.0040486968582193082 0.006928259133301324 0.0082603819690295292 0.0040450144456125455 -0.007461720066276812 0.0019327039209558639 1.9402301350068819e-05 -0.0097768961017259404 -0.00027810103972640972 -0.0023220418349176766
leaf_weight=56 43 74 76 66 40 51 73 64 42 51 869 79 122 246
leaf_count=56 43 74 76 66 40 51 73 64 42 51 869 79 122 246
internal_value=-0.000307377 -5.27426e-05 -0.000384193 -0.000702642 -0.00628743 -0.0019685 -0.000124069 0.00523256 -0.00185185 -0.000763889 0.000869565 -0.00365385 -0.00920398 -0.00015674
internal_weight=1952 1896 1822 1779 167 127 1612 172 108 1440 920 520 201 319
internal_count=1952 1896 1822 1779 167 127 1612 172 108 1440 920 520 201 319
is_linear=0
shrinkage=0.05


Tree=176
num_leaves=15
num_cat=0
split_feature=4 6 5 7 2 0 5 8 4 6 3 3 5 8
split_gain=1.55732 2.14255 2.00034 2.06152 1.94645 2.00766 1.85757 2.3881 1.6092 4.83569 4.0394 5.70343 6.39583 4.92459
threshold=35.857000000000006 -1.2064999999999999 3.2545000000000006 297.07900000000006 0.98805528087738748 2.1255000000000002 7.7960000000000012 -0.48499999999999993 7.1945000000000006 0.29250000000000004 36.923000000000009 7.6960000000000006 15.309500000000002 -2.7389999999999994
decision_type=2 2 2 2 2 2 2 2 2 2 2 2 2 2
left_child=1 -1 -3 -4 5 -5 -7 8 9 10 11 12 -8 -12
right_child=-2 2 3 4 -6 6 7 -9 -10 -11 13 -13 -14 -15
leaf_value=-0.013702117956870119 0.0092351673360981882 0.020429109427067816 -0.0054951423298626664 0.0061496474239543797 0.0010720489303821911 -0.0029512222237191217 0.002775614486348982 0.00507282005871788 -0.00030957289072528903 0.0030402051076510979 -0.0011462587208161928 -0.012647164211770107 -0.0028924938850400875 0.0041897576280388619
leaf_weight=46 42 41 48 43 52 72 47 44 949 189 91 46 130 112
leaf_count=46 42 41 48 43 52 72 47 44 949 189 91 46 130 112
internal_value=0 -0.000209424 5.36481e-05 -0.000191991 8.4507e-05 -0.000203134 -0.00047619 -0.000124378 -0.00044757 0.00154472 -0.00140845 -0.00605381 -0.0019774 0.00369458
internal_weight=1952 1910 1864 1823 1775 1723 1680 1608 1564 615 426 223 177 203
internal_count=1952 1910 1864 1823 1775 1723 1680 1608 1564 615 426 223 177 203
is_linear=0
shrinkage=0.05


Tree=177
num_leaves=15
num_cat=0
split_feature=0 0 0 5 8 5 3 3 7 2 0 3 0 6
split_gain=1.42841 3.31445 1.95859 2.52952 4.66451 5.04167 3.70553 2.48124 7.1675 3.84484 6.02771 4.40834 5.05945 4.1338
threshold=34.720500000000008 33.83250000000001 32.981500000000004 30.672000000000004 -2.7724999999999995 33.782000000000004 0.19450000000000003 99.251500000000007 441.39300000000009 -0.16705162550211924 19.650500000000005 99.95650000000002 9.9105000000000008 -0.23649999999999996
decision_type=2 2 2 2 2 2 2 2 2 2 2 2 2 2
left_child=1 2 3 7 5 -5 -6 8 -1 10 -9 -11 -13 -14
right_child=-2 -3 -4 4 6 -7 -8 9 -10 11 -12 12 13 -15
leaf_value=0.0025595082088440083 0.0009103966611848914 -0.0033149796963769084 0.0023737826536661291 -0.017838304800358182 -0.0023161408232649922 -0.00036680993048751609 0.0041054333217152685 0.026482365905149071 5.36252146775551e-05 -0.016299150734628346 -0.0020099582869333248 0.0011970025029126169 -0.032855684162553245 -4.5747952039300321e-05
leaf_weight=119 61 42 43 48 53 48 41 40 1143 47 44 128 50 45
leaf_count=119 61 42 43 48 53 48 41 40 1143 47 44 128 50 45
internal_value=-0.000153689 -0.000396616 -8.11249e-05 -0.000332226 -0.00578947 -0.0135417 0.00212766 0.000309406 0.00134707 -0.00338983 0.00595238 -0.0062963 -0.00336323 -0.0121053
internal_weight=1952 1891 1849 1806 190 96 94 1616 1262 354 84 270 223 95
internal_count=1952 1891 1849 1806 190 96 94 1616 1262 354 84 270 223 95
is_linear=0
shrinkage=0.05


Tree=178
num_leaves=15
num_cat=0
split_feature=3 7 8 2 1 3 0 5 5 5 1 8 8 7
split_gain=1.50307 5.34294 3.46815 3.25088 4.75135 4.5591 4.57152 2.81532 2.64559 7.19262 2.33115 1.84499 1.83823 8.2444
threshold=99.251500000000007 441.39300000000009 -2.5904999999999996 -0.16705162550211924 0.20061247795988868 99.95650000000002 9.9105000000000008 4.948500000000001 9.4885000000000019 10.917500000000002 -0.51236666743397874 -1.8639999999999997 -1.9489999999999998 966.65150000000006
decision_type=2 2 2 2 2 2 2 2 2 2 2 2 2 2
left_child=1 2 -1 4 -2 -5 7 -7 11 -10 -8 -3 -11 -14
right_child=3 8 -4 5 -6 6 10 -9 9 12 -12 -13 13 -15
leaf_value=0.014128462202845572 -0.00094567628225959439 -0.012436516614464497 0.0014700442236808442 -0.015484193197896928 0.014338919732175538 -0.0037814967118209365 -0.00018876829751741654 0.0054269716486431557 0.017244867562313582 5.094395394367735e-05 -0.021839017289817755 -0.00023140788592627138 -0.0028664920753790346 0.0041937770817689129
leaf_weight=40 43 56 79 47 58 54 47 74 41 1025 51 60 194 83
leaf_count=40 43 56 79 47 58 54 47 74 41 1025 51 60 194 83
internal_value=-0.000358607 0.000316857 0.0105042 -0.00320856 0.00445545 -0.00604396 -0.00309735 0.003125 -0.000514051 0.00011169 -0.0112245 -0.00775862 -0.000537634 -0.00415162
internal_weight=1952 1578 119 374 101 273 226 128 1459 1343 98 116 1302 277
internal_count=1952 1578 119 374 101 273 226 128 1459 1343 98 116 1302 277
is_linear=0
shrinkage=0.05


Tree=179
num_leaves=15
num_cat=0
split_feature=0 8 8 3 8 0 3 2 5 2 7 1 7 7
split_gain=1.65349 2.2768 2.4189 5.89849 3.02367 2.07363 1.90027 3.7176 2.64469 3.21176 3.55753 2.94729 2.28827 1.85419
threshold=1.2745000000000002 -0.41999999999999993 -1.099 78.94550000000001 -1.3674999999999999 10.598500000000003 99.251500000000007 0.92284787786233202 10.069500000000001 0.12643880951666986 802.2075000000001 -0.51236666743397874 394.76800000000009 999.71600000000012
decision_type=2 2 2 2 2 2 2 2 2 2 2 2 2 2
left_child=-1 2 4 -4 6 -3 12 8 -8 10 -10 -11 -2 -14
right_child=1 5 3 -5 -6 -7 7 -9 9 11 -12 -13 13 -15
leaf_value=-0.0022263368938807318 0.0070642722826013866 0.0069753568309351317 -0.0093965795075012359 0.001589895347200604 0.0033958337299621472 -0.00089839246814661384 0.017700696740806585 -0.017133326189494261 0.0078982388564432602 -0.0001793298826415435 -0.003056946782804576 -0.0035691298944093455 5.8602133631603659e-06 -0.0029260438041821945
leaf_weight=56 44 55 43 53 70 41 42 46 45 41 47 49 1255 65
leaf_count=56 44 55 43 53 70 41 42 46 45 41 47 49 1255 65
internal_value=-0.000461066 -0.00021097 -0.000611111 -0.00833333 -0.000176056 0.00729167 -0.000611995 -0.00444444 -0.00178571 -0.0043956 0.00217391 -0.0111111 0.000146628 -0.000227273
internal_weight=1952 1896 1800 96 1704 96 1634 270 224 182 92 90 1364 1320
internal_count=1952 1896 1800 96 1704 96 1634 270 224 182 92 90 1364 1320
is_linear=0
shrinkage=0.05


Tree=180
num_leaves=15
num_cat=0
split_feature=7 3 3 8 7 7 6 7 4 6 2 1 2 0
split_gain=2.24219 1.62093 3.08342 3.20285 4.78456 3.66649 3.66817 2.49753 3.04727 5.43887 2.72574 4.62963 3.21231 5.90546
threshold=1003.0390000000001 99.251500000000007 99.768500000000003 -1.2944999999999998 340.84500000000008 730.3900000000001 -0.30199999999999994 451.44100000000009 5.1725000000000003 -0.59049999999999991 0.82438889030848939 0.064414007683963548 0.63874942205152718 7.706500000000001
decision_type=2 2 2 2 2 2 2 2 2 2 2 2 2 2
left_child=1 7 -3 4 -4 6 -6 8 -1 -10 12 -12 13 -9
right_child=-2 2 3 -5 5 -7 -8 10 9 -11 11 -13 -14 -15
leaf_value=0.0072259356390120379 0.0012997547240071725 -0.014395979494739801 -0.042957320999043605 0.0045601095444464945 -0.0012416879976327039 -0.0029040994436643486 0.0072156923965903995 -0.010818319334841354 0.0073448566337070203 -0.0064278178153173611 -0.020569933035069522 3.0676948659598416e-05 0.0014565146679193217 1.1751830012943221e-05
leaf_weight=53 48 44 53 79 73 53 72 61 41 40 54 90 102 1089
leaf_count=53 48 44 53 79 73 53 72 61 41 40 54 90 102 1089
internal_value=-0.000256148 -0.00052521 -0.00347594 -0.00181818 -0.00458167 -0.0010101 0.00310345 0.000196078 0.00671642 0.000617284 -0.000429799 -0.00694444 0.000319489 -0.000434783
internal_weight=1952 1904 374 330 251 198 145 1530 134 81 1396 144 1252 1150
internal_count=1952 1904 374 330 251 198 145 1530 134 81 1396 144 1252 1150
is_linear=0
shrinkage=0.05


Tree=181
num_leaves=15
num_cat=0
split_feature=8 8 8 7 5 2 7 2 3 4 1 1 6 8
split_gain=2.30422 2.9225 2.7058 3.55515 5.54595 2.45 2.00711 2.75298 3.19377 1.90628 1.62895 1.89247 7.41769 2.75091
threshold=0.50100000000000011 -0.074999999999999983 -1.3414999999999997 515.68450000000018 18.583000000000002 0.90542393716278702 435.80000000000007 0.76110425866077447 99.251500000000007 30.483000000000004 -0.9946616089973247 0.91172524504317609 -0.14099999999999999 -2.8274999999999992
decision_type=2 2 2 2 2 2 2 2 2 2 2 2 2 2
left_child=1 2 6 5 -5 -4 7 -1 -9 10 -8 -12 -13 -14
right_child=-2 -3 3 4 -6 -7 9 8 -10 -11 11 12 13 -15
leaf_value=-0.019083757771736976 0.01018027940030657 -0.010193981741404179 0.026824866274262327 -0.0056864243086021801 0.0012907319161972214 0.0033013243906422659 0.0036994674499421843 0.0010246049563500041 -0.0054521243895754856 -0.00080699972109712914 -0.00011332936449018894 0.020536781097829322 0.0050824725200260719 -0.0027588944714811328
leaf_weight=47 44 41 40 74 40 40 47 60 73 67 1164 44 60 111
leaf_count=47 44 41 40 74 40 40 47 60 73 67 1164 44 60 111
internal_value=5.12295e-05 -0.000209644 8.03428e-05 0.0056701 0 0.01375 -0.000567842 -0.00555556 -0.0018797 3.34896e-05 0.000420757 0.000108774 0.0044186 -0.000292398
internal_weight=1952 1908 1867 194 114 80 1673 180 133 1493 1426 1379 215 171
internal_count=1952 1908 1867 194 114 80 1673 180 133 1493 1426 1379 215 171
is_linear=0
shrinkage=0.05


Tree=182
num_leaves=15
num_cat=0
split_feature=7 8 7 7 6 6 6 2 4 0 6 8 0 4
split_gain=2.17808 1.61182 1.41474 6.28543 5.922 4.66689 4.25452 5.16877 5.19705 4.96032 5.19194 4.92742 5.34834 4.47741
threshold=1003.0390000000001 0.50100000000000011 673.46950000000015 696.76950000000011 0.20150000000000004 0.0095000000000000015 -0.046499999999999993 0.29426351849031901 8.8695000000000022 3.6110000000000002 -0.41649999999999993 -3.2209999999999996 3.4455000000000005 4.2190000000000003
decision_type=2 2 2 2 2 2 2 2 2 2 2 2 2 2
left_child=1 2 4 -4 5 6 7 -1 11 -10 -11 -9 -13 -14
right_child=-2 -3 3 -5 -6 -7 -8 8 9 10 -12 12 13 -15
leaf_value=-0.015376917070834845 0.00120533192401414 0.0096712654302912437 0.0049302527381071522 -2.3573494960515973e-05 0.0010440361999603631 -0.012191868123563356 0.0058395719783157279 -0.014957838366124366 -0.018575916327292091 0.0011902304263349012 0.024397476016566989 0.013061186402721432 0.00092206369867730014 -0.0044269811329623486
leaf_weight=66 48 44 40 1072 81 73 43 80 42 83 43 42 100 95
leaf_count=66 48 44 40 1072 81 73 43 80 42 83 43 42 100 95
internal_value=-0.000102459 -0.000367647 -0.000591398 0.000539568 -0.00227273 -0.00382309 -0.0023569 -0.00353902 -0.00175258 0.00535714 0.0103175 -0.0055205 -0.00189873 -0.00538462
internal_weight=1952 1904 1860 1112 748 667 594 551 485 168 126 317 237 195
internal_count=1952 1904 1860 1112 748 667 594 551 485 168 126 317 237 195
is_linear=0
shrinkage=0.05


Tree=183
num_leaves=15
num_cat=0
split_feature=6 8 2 7 2 6 3 6 4 7 5 2 5 0
split_gain=1.54766 1.31054 3.25336 4.92417 3.49091 2.55542 3.6 2.43203 1.64127 1.6682 3.88742 3.70838 3.43347 5.174
threshold=-1.2064999999999999 -1.3049999999999999 0.60605034090854637 744.36950000000013 0.1093682717844857 -0.64049999999999996 98.444500000000019 -0.51849999999999985 30.483000000000004 989.11000000000013 28.267000000000003 -0.9951106240145321 28.949000000000002 18.950000000000006
decision_type=2 2 2 2 2 2 2 2 2 2 2 2 2 2
left_child=-1 5 3 4 -3 6 -2 -4 9 11 -11 -7 13 -13
right_child=1 2 7 -5 -6 8 -8 -9 -10 10 -12 12 -14 -15
leaf_value=-0.0051758437002813358 -0.013950088730353971 0.00018756434953282262 0.022105886850202452 0.001196651359661019 -0.010448029966541733 0.0035058533674693195 0.0026381653985126929 0.0017249970312739117 -0.00056797169919586279 -0.0061410498475807625 2.9573913090769068e-05 -0.00024341288317644705 -0.00094076972106193211 0.0020047059586549587
leaf_weight=49 45 48 45 68 40 43 45 51 60 62 95 646 268 387
leaf_count=49 45 48 45 68 40 43 45 51 60 62 95 646 268 387
internal_value=-0.000409836 -0.00018392 0.0031746 -0.00128205 -0.00909091 -0.000696548 -0.00888889 0.0104167 -0.000224215 9.99334e-05 -0.00477707 0.000669643 0.00019216 0.00150048
internal_weight=1952 1903 252 156 88 1651 90 96 1561 1501 157 1344 1301 1033
internal_count=1952 1903 252 156 88 1651 90 96 1561 1501 157 1344 1301 1033
is_linear=0
shrinkage=0.05


Tree=184
num_leaves=15
num_cat=0
split_feature=7 8 8 7 7 2 6 6 7 0 6 4 0 0
split_gain=2.09405 1.63808 1.27831 1.58449 2.05084 1.58713 1.86322 2.11262 3.71151 5.40865 2.13543 2.13472 4.04723 3.92644
threshold=1005.2670000000002 0.50100000000000011 -0.13199999999999998 230.22000000000006 314.20500000000004 0.98805528087738748 -0.69849999999999979 -0.34499999999999992 454.74950000000007 9.9105000000000008 -0.28099999999999997 18.946500000000004 32.859500000000004 32.981500000000004
decision_type=2 2 2 2 2 2 2 2 2 2 2 2 2 2
left_child=1 2 3 -1 -5 6 -6 8 -8 -10 -9 13 -13 -12
right_child=-2 -3 -4 4 5 -7 7 10 9 -11 11 12 -14 -15
leaf_value=0.0054843397087321151 0.0023350303859174522 0.008605138703530097 -0.012151566999384951 -0.014591032831444523 -0.0037041193568534136 0.002104142407667675 -0.0049372019268084074 -0.016490800861858858 0.00061516635147640115 0.015934195949786723 -7.9247631686085732e-05 -6.9657686281865416e-05 -0.0078877842058092222 0.0028079361842494122
leaf_weight=46 41 44 44 44 68 59 50 49 64 40 1068 187 42 106
leaf_count=46 41 44 44 44 68 59 50 49 64 40 1068 187 42 106
internal_value=-0.000204918 -0.000444793 -0.000669523 -0.000466264 -0.000703433 -0.000432776 -0.000716846 -0.000373599 0.00519481 0.0105769 -0.000964187 -0.000605845 -0.00502183 0.000255537
internal_weight=1952 1911 1867 1823 1777 1733 1674 1606 154 104 1452 1403 229 1174
internal_count=1952 1911 1867 1823 1777 1733 1674 1606 154 104 1452 1403 229 1174
is_linear=0
shrinkage=0.05


Tree=185
num_leaves=15
num_cat=0
split_feature=7 8 4 4 8 8 4 3 2 7 5 8 1 4
split_gain=2.05585 1.34962 3.25131 5.26395 4.76051 3.80448 3.1669 3.549 2.45 2.11248 2.0711 4.46078 6.40539 6.53887
threshold=1005.2670000000002 -3.0414999999999996 4.378000000000001 5.947000000000001 -3.2209999999999996 -3.3479999999999994 16.6645 1.8505000000000003 -0.51974381215551546 520.58200000000011 32.444500000000012 -2.8074999999999997 1.0000000180025095e-35 7.9780000000000006
decision_type=2 2 2 2 2 2 2 2 2 2 2 2 2 2
left_child=1 2 9 -4 5 6 7 -5 -6 -1 11 12 13 -3
right_child=-2 10 3 4 8 -7 -8 -9 -10 -11 -12 -13 -14 -15
leaf_value=-0.0038227794781475703 0.0022182788666215794 -0.0046235819235426025 0.0025899545556110808 0.00078585241049076993 -0.0025209723593895596 0.010470559420151876 0.0044747994375229647 -0.0067630781643446677 -0.0042068945111467856 -0.0023299574453547844 -0.00079321775210975255 4.4143731814029476e-06 0.020269453166236819 0.0029423591137836577
leaf_weight=42 41 41 64 40 40 44 58 84 40 55 118 1190 55 40
leaf_count=42 41 41 64 40 40 44 58 84 40 55 118 1190 55 40
internal_value=-0.000102459 -0.000340136 -0.00267666 -0.000540541 -0.00326797 0.000442478 -0.00274725 -0.00725806 -0.01375 -0.0108247 0.000415512 0.000980392 0.00955882 0.000617284
internal_weight=1952 1911 467 370 306 226 182 124 80 97 1444 1326 136 81
internal_count=1952 1911 467 370 306 226 182 124 80 97 1444 1326 136 81
is_linear=0
shrinkage=0.05


Tree=186
num_leaves=15
num_cat=0
split_feature=7 7 5 7 1 3 7 0 4 4 2 4 0 5
split_gain=2.09405 1.76675 1.5258 3.78355 8.09495 4.34785 3.43081 2.10112 2.04436 1.74182 6.6534 4.36249 1.57629 3.72496
threshold=1005.2670000000002 998.69350000000009 31.010500000000004 976.62000000000012 -0.53371312107676683 1.6410000000000002 985.51050000000021 25.722500000000004 2.1150000000000007 27.641500000000004 0.092265415903232631 23.603500000000004 31.211000000000002 28.949000000000002
decision_type=2 2 2 2 2 2 2 2 2 2 2 2 2 2
left_child=1 2 6 4 5 -4 8 -8 -1 11 -11 12 13 -10
right_child=-2 -3 3 -5 -6 -7 7 -9 9 10 -12 -13 -14 -15
leaf_value=-0.0020871528089467018 0.0021073649232905001 -0.0042507663211000107 -5.6314847399302485e-05 -0.002010976684739606 0.0069605330107865076 -0.019084656854846047 0.00016720780679368164 0.016641394812902152 0.00012885545292022906 -0.0055211417840604626 0.0057508277402436641 0.011519461889147842 0.0017741138351487038 -0.0064943760166712361
leaf_weight=59 41 43 66 76 60 41 42 41 1199 65 46 49 79 45
leaf_count=59 41 43 66 76 60 41 42 41 1199 65 46 49 79 45
internal_value=-0.000204918 -0.000444793 -0.000214133 -0.00390947 0.000299401 -0.00794393 0.000338462 0.010241 -0.000194553 0.000168577 -0.00585586 0.000655977 0.000113379 -0.000321543
internal_weight=1952 1911 1868 243 167 107 1625 83 1542 1483 111 1372 1323 1244
internal_count=1952 1911 1868 243 167 107 1625 83 1542 1483 111 1372 1323 1244
is_linear=0
shrinkage=0.05


Tree=187
num_leaves=15
num_cat=0
split_feature=8 7 4 4 0 8 8 8 8 8 2 3 6 2
split_gain=1.91498 4.08071 3.71659 3.27662 2.98426 2.7537 2.61695 2.37865 1.92084 2.5338 4.10098 5.35647 3.71585 7.12107
threshold=-1.5109999999999999 961.55600000000015 11.399000000000003 16.6645 5.7330000000000014 -1.099 -1.5999999999999999 -0.37849999999999995 -1.7729999999999997 -2.0509999999999997 -0.74189640036816351 32.712500000000006 0.29850000000000004 -0.51479280150983053
decision_type=2 2 2 2 2 2 2 2 2 2 2 2 2 2
left_child=6 2 4 -4 -2 -6 8 -5 9 12 -11 -12 -1 -14
right_child=1 -3 3 7 5 -7 -8 -9 -10 10 11 -13 13 -15
leaf_value=-0.00028772809205978022 0.012919492751218226 0.0069193990420444501 -0.0139060963326606 -0.003078138305013467 0.0013625284337244416 -0.0028088450994310206 -0.0035915810369521852 0.0077733637247097698 0.0014662089465309087 -0.006689750159172482 0.0022240597353241575 -0.0022869098902730716 -4.5442411804886425e-05 0.0053053181678635215
leaf_weight=753 49 41 55 62 46 48 43 43 86 48 73 66 401 138
leaf_count=753 49 41 55 62 46 48 43 43 86 48 73 66 401 138
internal_value=0.000102459 0.00348837 0.00148515 -0.00375 0.00734266 0.00212766 -0.000621891 0.00142857 -0.00028754 -0.000709939 -0.00614973 -0.00179856 7.73994e-05 0.00324675
internal_weight=1952 344 303 160 143 94 1608 105 1565 1479 187 139 1292 539
internal_count=1952 344 303 160 143 94 1608 105 1565 1479 187 139 1292 539
is_linear=0
shrinkage=0.05


Tree=188
num_leaves=15
num_cat=0
split_feature=0 8 7 4 4 8 4 0 4 4 8 3 3 1
split_gain=1.38981 1.7445 3.83115 2.74887 3.48375 2.50186 2.17913 6 1.75433 6.08823 3.9048 3.32901 3.57208 5.25805
threshold=34.720500000000008 -1.4989999999999999 961.55600000000015 11.399000000000003 16.6645 -1.5999999999999999 8.5805000000000025 7.8065000000000007 4.3335000000000008 4.823500000000001 -1.7274999999999998 4.7270000000000012 10.069500000000001 -0.38118653245548278
decision_type=2 2 2 2 2 2 2 2 2 2 2 2 2 2
left_child=1 5 3 6 -5 8 7 -3 11 -10 -11 -1 -13 -14
right_child=-2 2 -4 4 -6 -7 -8 -9 9 10 -12 12 13 -15
leaf_value=-0.0037227125182390883 0.0013806098439926836 0.020784950126991403 0.0070333856029428272 -0.013210791516027576 0.00010907939032030189 -0.0031579812005820707 0.0063725296824678314 -0.011999899638769934 0.0040506447919823069 -0.00019442505664993035 0.0090953987075405637 0.0095615950543039459 0.0078751820486574805 -0.0047857657106444591
leaf_weight=76 61 48 40 55 104 50 41 48 68 1128 42 40 47 104
leaf_count=76 61 48 40 55 104 50 41 48 68 1128 42 40 47 104
internal_value=-5.12295e-05 -0.000290851 0.00297619 0.00101351 -0.00345912 -0.000996785 0.00620438 0.00208333 -0.000631229 0.000161551 -0.000683761 -0.00430712 -0.00078534 -0.00430464
internal_weight=1952 1891 336 296 159 1555 137 96 1505 1238 1170 267 191 151
internal_count=1952 1891 336 296 159 1555 137 96 1505 1238 1170 267 191 151
is_linear=0
shrinkage=0.05


Tree=189
num_leaves=15
num_cat=0
split_feature=6 7 8 0 2 3 6 7 7 2 6 1 4 4
split_gain=1.6208 1.9176 1.82302 2.3981 4.05567 2.57114 2.23713 2.08638 1.85794 1.67029 2.24536 1.87567 2.50444 4.98688
threshold=-1.2064999999999999 230.22000000000006 -1.1954999999999998 5.7880000000000011 0.27779130397453933 94.508500000000012 -0.69849999999999979 367.85300000000007 999.71600000000012 -0.9951106240145321 0.72750000000000015 0.99683821410134854 3.161 3.7430000000000008
decision_type=2 2 2 2 2 2 2 2 2 2 2 2 2 2
left_child=-1 -2 6 -4 5 -5 -3 -8 9 -9 11 12 -11 -14
right_child=1 2 3 4 -6 -7 7 8 -10 10 -12 -13 13 -15
leaf_value=-0.0048354497076971651 0.0081037899858692249 -0.0018872297025217533 -0.00074513230669765178 -0.0049335388750362088 0.0062097466643156298 0.024338221048383193 -0.015326279436190221 0.0027237817074779753 -0.0027305472137811788 0.0065100371746651259 -0.0016637896926908814 0.014975534327524298 -0.0040919172212599336 4.5813457053190017e-06
leaf_weight=49 43 67 53 52 49 41 46 58 67 108 79 41 50 1149
leaf_count=49 43 67 53 52 49 41 46 58 67 108 79 41 50 1149
internal_value=-0.000204918 2.62743e-05 -0.000215054 0.00435897 0.00774648 0.0016129 -0.000750751 -0.000375469 -6.4433e-05 0.00030303 -3.50385e-05 0.000445104 0.000114767 -0.000542118
internal_weight=1952 1903 1860 195 142 93 1665 1598 1552 1485 1427 1348 1307 1199
internal_count=1952 1903 1860 195 142 93 1665 1598 1552 1485 1427 1348 1307 1199
is_linear=0
shrinkage=0.05


Tree=190
num_leaves=15
num_cat=0
split_feature=3 6 3 3 3 0 6 6 4 8 8 0 0 0
split_gain=2.09891 3.53436 2.94716 3.56859 7.47608 2.99496 7.34976 3.72852 2.81074 3.55092 3.5289 5.63531 3.18059 2.7359
threshold=39.690500000000007 -1.2064999999999999 54.917500000000011 66.629500000000021 75.360500000000016 20.802000000000003 0.39750000000000008 0.11300000000000002 2.4405000000000006 -3.3994999999999993 -2.9149999999999996 16.732000000000003 14.593000000000002 11.484500000000002
decision_type=2 2 2 2 2 2 2 2 2 2 2 2 2 2
left_child=-1 -2 -3 -4 -5 8 7 -7 -6 -10 -11 12 13 -12
right_child=1 2 3 4 5 6 -8 -9 9 10 11 -13 -14 -15
leaf_value=0.00012401523171399199 -0.014020808245486561 -0.019739807862104653 0.0045061496579297368 -0.011906435675013727 -0.0040853627455544666 -0.001552658586311241 0.015821089378394517 -0.01933420023021197 0.0065585605826960387 -0.0028922845763110494 3.5956542719098319e-05 0.0080683170273647253 -0.014001229660798753 0.0051803345205249547
leaf_weight=1127 44 65 55 45 45 41 49 50 52 51 188 51 40 49
leaf_count=1127 44 65 55 45 45 41 49 50 52 51 188 51 40 49
internal_value=-0.000204918 -0.00212121 -0.00134443 -0.000418994 -0.00143722 0 -0.00642857 -0.0148352 0.00189076 0.00313225 0.00145119 0.00335366 0.000541516 0.00274262
internal_weight=1952 825 781 716 661 616 140 91 476 431 379 328 277 237
internal_count=1952 825 781 716 661 616 140 91 476 431 379 328 277 237
is_linear=0
shrinkage=0.05


Tree=191
num_leaves=15
num_cat=0
split_feature=7 7 0 0 1 6 3 8 8 5 5 2 0 4
split_gain=1.9805 2.82014 1.99683 4.55531 4.69659 3.39374 4.92316 2.56175 6.41923 2.74686 3.77639 2.30694 4.12905 3.06428
threshold=1005.2670000000002 998.69350000000009 7.6645000000000012 6.7940000000000014 -0.38118653245548278 -0.52549999999999997 98.324500000000015 -1.099 -1.8739999999999999 11.884000000000002 7.7960000000000012 0.70329649815198148 9.9105000000000008 3.8205000000000005
decision_type=2 2 2 2 2 2 2 2 2 2 2 2 2 2
left_child=1 2 3 4 -1 6 -4 8 9 10 -6 -7 -13 -14
right_child=-2 -3 5 -5 7 11 -8 -9 -10 -11 -12 12 13 -15
leaf_value=0.016192662588232733 0.0021564309336648199 -0.0035636926451505322 0.023315083794902547 -0.0074777206124193481 -0.0030104396561830339 0.00027515850075377494 0.0013875138036045136 -0.0059316021361502822 0.010902567986988788 0.0010004592934420562 -0.024346412581826179 0.00064351471359481722 -0.00053446080580126789 -0.014618221884958878
leaf_weight=49 41 43 41 49 66 1251 52 66 53 40 40 62 46 53
leaf_count=49 41 43 41 49 66 1251 52 66 53 40 40 62 46 53
internal_value=0.000102459 -0.000130822 0.0001606 -0.00316804 -0.000955414 0.000963455 0.0102151 -0.00358491 -0.000753769 -0.00616438 -0.0103774 0.000354108 -0.0052795 -0.0116162
internal_weight=1952 1911 1868 363 314 1505 93 265 199 146 106 1412 161 99
internal_count=1952 1911 1868 363 314 1505 93 265 199 146 106 1412 161 99
is_linear=0
shrinkage=0.05


Tree=192
num_leaves=15
num_cat=0
split_feature=0 7 2 0 0 5 1 5 5 8 6 2 0 4
split_gain=1.62832 3.5152 4.81592 3.4523 2.84929 2.79779 5.02988 3.08583 2.98433 6.02161 4.66268 4.16166 7.07718 2.97431
threshold=4.8585000000000003 559.06650000000002 0.91258592377976167 5.8935000000000004 7.6645000000000012 11.544000000000002 -0.085847649446570765 8.3325000000000014 17.212500000000002 -2.5519999999999996 -0.15249999999999997 0.82438889030848939 14.025500000000003 14.682500000000003
decision_type=2 2 2 2 2 2 2 2 2 2 2 2 2 2
left_child=1 2 -1 -2 -5 6 7 -6 9 10 -7 12 -10 -11
right_child=3 -3 -4 4 5 8 -8 -9 11 13 -12 -13 -14 -15
leaf_value=-0.013673250711964008 0.013251495627611265 0.0019133824682903368 -0.00032992955227757054 -0.0050833408996536107 -0.0076005977354102116 -0.00090736939818701352 0.011336422376590964 0.005366298220061772 0.0014771400025254012 -0.0014730584783844147 0.012337808221625801 -0.027703431339516096 5.0219999647684035e-05 -0.01132487181630073
leaf_weight=59 56 53 90 105 42 50 88 40 67 127 52 40 1024 59
leaf_count=59 56 53 90 105 42 50 88 40 67 127 52 40 1024 59
internal_value=-0.000204918 -0.00445545 -0.00838926 0.000285714 -0.000118064 0.000409062 0.00647059 -0.00243902 -0.000317125 -0.00486111 0.00490196 0.000839965 0.00142071 -0.0102151
internal_weight=1952 202 149 1750 1694 1589 170 82 1419 288 102 1131 1091 186
internal_count=1952 202 149 1750 1694 1589 170 82 1419 288 102 1131 1091 186
is_linear=0
shrinkage=0.05


Tree=193
num_leaves=15
num_cat=0
split_feature=1 1 1 6 6 0 1 3 5 0 8 7 7 6
split_gain=1.69004 6.73193 6.29673 5.42331 4.74888 3.21078 6.20332 6.0625 2.92704 2.80354 2.45222 2.73821 4.0475 7.76724
threshold=-0.7266007961912001 -0.78297285307474485 -0.65189295912203338 -0.051999999999999991 -0.23649999999999996 25.038000000000004 -0.9852109833579612 5.5425000000000013 20.390000000000004 27.790000000000003 -3.7704999999999997 464.65550000000007 562.7410000000001 -0.34499999999999992
decision_type=2 2 2 2 2 2 2 2 2 2 2 2 2 2
left_child=1 3 -2 4 -1 6 -5 9 -8 -7 -4 -12 -13 -14
right_child=2 -3 10 5 -6 7 8 -9 -10 -11 11 12 13 -15
leaf_value=-0.00014734230932485494 -0.0060014141217668406 0.0088258813618136891 -0.0068097893120826515 0.014520320361423684 -0.0097853363806102486 0.0074440385369415919 -0.0027997521737473867 -0.010216154672209144 0.0010271166374037689 -0.00020572594807800605 0.0010328082575078443 -0.0014715007529783764 0.011183906405536806 -7.6369205725654313e-05
leaf_weight=56 60 50 82 44 43 41 50 47 42 67 262 162 57 889
leaf_count=56 60 50 82 44 43 41 50 47 42 67 262 162 57 889
internal_value=0 0.00272727 -0.000793651 0.000512821 -0.00959596 0.00395189 0.00955882 -0.000967742 0.00217391 0.00555556 -0.000137741 0.000364964 -0.000722022 0.000528541
internal_weight=1952 440 1512 390 99 291 136 155 92 108 1452 1370 1108 946
internal_count=1952 440 1512 390 99 291 136 155 92 108 1452 1370 1108 946
is_linear=0
shrinkage=0.05


Tree=194
num_leaves=15
num_cat=0
split_feature=0 5 8 8 6 2 0 0 4 0 7 2 4 4
split_gain=1.83846 2.10873 3.57881 5.50551 4.0627 2.41116 2.3992 3.75944 3.25952 2.93423 5.27424 5.16219 3.66678 4.4205
threshold=1.2745000000000002 8.9605000000000015 -2.6484999999999994 -1.9259999999999997 -0.80849999999999989 0.78298010367706283 7.8065000000000007 6.6655000000000006 6.9435000000000011 9.4345000000000017 555.81400000000008 0.82438889030848939 6.8595000000000015 8.1105000000000018
decision_type=2 2 2 2 2 2 2 2 2 2 2 2 2 2
left_child=-1 2 -2 -4 -5 -6 7 8 -3 10 -8 12 -11 -14
right_child=1 6 3 4 5 -7 9 -9 -10 11 -12 -13 13 -15
leaf_value=-0.0017448184418538016 0.0020930583762030887 0.0014595347763241119 -0.013207210197852079 -0.0047635330436023851 0.00087912716142338762 0.024503925595569499 0.0078548534159602387 -0.013024858453103499 -0.0020132278117281099 0.00082092962807010783 -0.00056814792862938668 -0.0072564767258382129 -0.0028479666956578321 2.6335059785426163e-05
leaf_weight=56 65 56 47 44 60 41 40 42 64 391 48 78 156 764
leaf_count=56 65 56 47 44 60 41 40 42 64 391 48 78 156 764
internal_value=0 0.000263713 0.00447471 0.00104167 0.00586207 0.0113861 -0.000396583 -0.00617284 -0.00166667 0.000236967 0.00909091 -0.000323974 0.000419527 -0.00130435
internal_weight=1952 1896 257 192 145 101 1639 162 120 1477 88 1389 1311 920
internal_count=1952 1896 257 192 145 101 1639 162 120 1477 88 1389 1311 920
is_linear=0
shrinkage=0.05


Tree=195
num_leaves=15
num_cat=0
split_feature=1 5 2 2 1 1 1 1 4 6 5 2 0 1
split_gain=1.95545 4.29742 4.38295 4.23585 4.68225 3.18437 2.31745 3.36516 4.02342 2.08278 3.49365 3.08174 3.56326 2.6859
threshold=0.93168921928840098 13.099500000000001 -0.19851654827941614 -0.030120304846908235 0.98902500162601181 0.90149333598846393 0.84680012758268375 0.76588452941357155 13.152500000000002 -0.64049999999999996 6.0615000000000006 0.93554238417682101 4.5955000000000004 0.69561269082666077
decision_type=2 2 2 2 2 2 2 2 2 2 2 2 2 2
left_child=5 -2 -3 -4 -5 6 7 9 -9 11 -11 -1 -13 -12
right_child=1 2 3 4 -6 -7 -8 8 -10 10 13 12 -14 -15
leaf_value=-0.0079229462950283751 0.01946445919397808 0.0016081935543756976 -0.016127727337389815 -0.0021062456600620719 0.015148502168724471 -0.0033782249000260224 0.0034544566154105505 -0.011700172733987546 3.4875300236070218e-05 0.023182718200379773 -4.272891783611288e-05 -0.0051640802514954622 0.005243727898211115 0.0052138665497481335
leaf_weight=64 61 51 50 40 44 49 70 47 41 40 1258 40 41 56
leaf_count=64 61 51 50 40 44 49 70 47 41 40 1258 40 41 56
internal_value=-0.000102459 0.00406504 0.00027027 -0.00447761 0.00238095 -0.0007034 -0.000331925 -0.000724638 -0.0102273 -0.000166778 0.000443131 -0.00586207 0.000617284 0
internal_weight=1952 246 185 134 84 1706 1657 1587 88 1499 1354 145 81 1314
internal_count=1952 246 185 134 84 1706 1657 1587 88 1499 1354 145 81 1314
is_linear=0
shrinkage=0.05


Tree=196
num_leaves=15
num_cat=0
split_feature=0 4 8 5 3 5 8 4 6 6 0 2 0 1
split_gain=1.55076 4.73627 4.38134 2.14111 3.41682 2.20349 3.93085 3.37502 5.76 4.26667 4.05517 3.28579 4.79983 3.39529
threshold=4.8585000000000003 12.232500000000002 -2.4929999999999999 11.544000000000002 64.996500000000012 17.212500000000002 -1.4834999999999998 16.6645 0.25850000000000006 0.074500000000000011 9.4345000000000017 0.82438889030848939 13.681000000000003 -0.93535928755917819
decision_type=2 2 2 2 2 2 2 2 2 2 2 2 2 2
left_child=1 2 -1 4 -2 6 7 8 9 10 -5 12 -7 -14
right_child=3 -3 -4 5 -6 11 -8 -9 -10 -11 -12 -13 13 -15
leaf_value=-0.00070706092250489574 0.0021474131926845232 -0.014787943198763327 0.0017076286728186175 0.0052565348413099681 0.00049253429774741568 0.0015277838766569131 -0.014346250248160608 0.0041533500262049342 0.013485798718890475 -0.0097816507599514171 -0.0027210517622554445 -0.025149953042355701 0.0017617488774241158 -0.00011411098565058398
leaf_weight=60 90 57 85 48 179 69 73 44 45 45 87 41 162 867
leaf_count=60 90 57 85 48 179 69 73 44 45 45 87 41 162 867
internal_value=-0.000307377 -0.00445545 0.000344828 0.000171429 0.00427509 -0.000573937 -0.00409357 -0.00130112 -0.00377778 -0.00777778 -0.00333333 0.00048288 0.00100182 0.000145773
internal_weight=1952 202 145 1750 269 1481 342 269 225 180 135 1139 1098 1029
internal_count=1952 202 145 1750 269 1481 342 269 225 180 135 1139 1098 1029
is_linear=0
shrinkage=0.05


Tree=197
num_leaves=15
num_cat=0
split_feature=7 4 6 0 6 5 4 0 7 5 2 5 6 4
split_gain=1.63596 2.12321 2.30183 6.73305 2.20676 2.29169 1.85672 3.9264 5.06804 6.20194 5.27548 4.54408 3.62444 3.49744
threshold=999.71600000000012 2.1150000000000007 0.72750000000000015 30.875500000000006 0.6645000000000002 35.822500000000012 5.2785000000000002 5.1650000000000009 862.67600000000004 19.205000000000002 0.71541278717867718 13.379000000000003 -1.2064999999999999 17.183000000000003
decision_type=2 2 2 2 2 2 2 2 2 2 2 2 2 2
left_child=1 -1 4 -4 5 6 7 -3 9 10 -9 -12 -8 -14
right_child=-2 2 3 -5 -6 -7 12 8 -10 -11 11 -13 13 -15
leaf_value=-0.0010377883164256021 -0.00024825020935853592 0.0037806221303406315 -0.0053200008104559854 0.00037835206276911324 0.0042521099384888296 -0.006543379428338692 -0.016678395798506843 0.011304725828668611 0.0063229587432091427 -0.01367428493375405 -0.0013345690996185212 0.0013412839263271749 -6.602550325430778e-05 0.00084242553778565157
leaf_weight=63 77 54 40 51 47 52 42 45 60 78 61 54 951 277
leaf_count=63 77 54 40 51 47 52 42 45 60 78 61 54 951 277
internal_value=0 0.000293333 0.000607064 -0.00714286 0.00101685 0.000716846 0.00104809 0.00426136 0.00201342 -0.0012605 0.004375 -0.00130435 0.00015748 0.000651466
internal_weight=1952 1875 1812 91 1721 1674 1622 352 298 238 160 115 1270 1228
internal_count=1952 1875 1812 91 1721 1674 1622 352 298 238 160 115 1270 1228
is_linear=0
shrinkage=0.05


Tree=198
num_leaves=15
num_cat=0
split_feature=4 0 0 4 8 0 0 2 1 6 1 3 4 5
split_gain=1.54061 1.70163 4.01223 3.82336 5.24801 2.03862 4.15067 5.21328 5.14761 4.47707 3.79645 4.80493 2.14962 3.16146
threshold=35.857000000000006 4.8585000000000003 5.8935000000000004 12.232500000000002 -2.4929999999999999 8.1645000000000021 9.4345000000000017 0.82438889030848939 0.45914483320598681 -0.27299999999999996 0.74981945761428193 93.419500000000014 6.8595000000000015 35.122000000000007
decision_type=2 2 2 2 2 2 2 2 2 2 2 2 2 2
left_child=1 3 -3 4 -1 10 8 12 -7 -9 11 -4 -8 -14
right_child=-2 2 5 -5 -6 6 7 9 -10 -11 -12 -13 13 -15
leaf_value=-0.00086073898289667225 0.0095482302106839508 0.014619142048141921 -8.9189583691751118e-05 -0.017116392201619677 0.0016255485143404026 0.01001047423412714 0.0010687962347950108 -0.00046500884788401868 -0.00070629672170341928 -0.018734929485941777 0.010259429895103223 -0.011026198155637103 8.8658622661748693e-06 -0.0034921264029460042
leaf_weight=60 42 55 67 53 85 52 399 45 42 42 42 42 850 76
leaf_count=60 42 55 67 53 85 52 399 45 42 42 42 42 850 76
internal_value=5.12295e-05 -0.000157068 0.000350467 -0.00454545 -0.000344828 -9.0525e-05 0.000464807 -0.000212465 0.0106383 -0.012069 -0.00562914 -0.0105505 0.000566038 -0.00075594
internal_weight=1952 1910 1712 198 145 1657 1506 1412 94 87 151 109 1325 926
internal_count=1952 1910 1712 198 145 1657 1506 1412 94 87 151 109 1325 926
is_linear=0
shrinkage=0.05


Tree=199
num_leaves=15
num_cat=0
split_feature=0 5 5 4 8 3 5 4 6 8 0 4 0 4
split_gain=1.97838 1.88615 4.89725 3.80527 3.67647 4.07908 3.1461 3.13519 2.1347 4.0576 1.86187 5.48643 4.46578 3.79813
threshold=34.720500000000008 30.672000000000004 28.401000000000003 26.038500000000003 -2.4304999999999999 0.26050000000000006 27.553000000000001 15.823000000000002 0.36650000000000005 -2.6784999999999992 18.950000000000006 26.910000000000004 14.202500000000002 18.523000000000003
decision_type=2 2 2 2 2 2 2 2 2 2 2 2 2 2
left_child=1 2 6 7 5 -4 10 8 -3 -10 12 -12 -1 -14
right_child=-2 3 4 -5 -6 -7 -8 -9 9 -11 11 -13 13 -15
leaf_value=0.00010090650781845872 0.0012562834641045178 -0.0068504503392215052 -0.0017022563720656026 0.0088803367580982707 0.0053278302755833231 0.0027343768640393676 -0.007051412072773983 -0.0092318491597614648 0.0030993802353549513 -0.0025285614485080648 0.0020702616086047455 -0.0033377133231668691 -0.0076450624491048646 0.00094462626640249854
leaf_weight=796 61 73 40 40 40 45 53 42 57 41 391 42 180 51
leaf_count=796 61 73 40 40 40 45 53 42 57 41 391 42 180 51
internal_value=0.000153689 -0.000132205 0.0004884 -0.0041502 0.01 0.00411765 -0.000297422 -0.00680751 -0.00380117 0.00102041 0.000136986 0.00288684 -0.0010224 -0.00714286
internal_weight=1952 1891 1638 253 125 85 1513 213 171 98 1460 433 1027 231
internal_count=1952 1891 1638 253 125 85 1513 213 171 98 1460 433 1027 231
is_linear=0
shrinkage=0.05


Tree=200
num_leaves=15
num_cat=0
split_feature=8 2 4 6 8 3 3 1 6 1 0 2 0 1
split_gain=1.98929 2.95493 3.00552 4.50009 2.00928 2.49185 3.58853 3 3.35407 5.37559 3.8689 3.17725 2.46582 2.11695
threshold=-3.5459999999999998 0.83399694777620859 10.3665 0.014500000000000001 -3.3994999999999993 1.0000000180025095e-35 0.26050000000000006 -0.97873101657557338 0.52450000000000008 -0.11988119229922732 26.843500000000002 -0.79148145378407531 14.025500000000003 -0.97505550290239429
decision_type=2 2 2 2 2 2 2 2 2 2 2 2 2 2
left_child=1 2 3 -1 -2 7 -7 -6 10 -10 12 -12 -9 -8
right_child=4 -3 -4 -5 5 6 13 8 9 -11 11 -13 -14 -15
leaf_value=-0.0010236680617131677 0.0032305604059818583 -0.0090797089322174097 -0.0065079278222604292 0.0095869515398633379 0.0057741221461598061 0.0044057318807622292 -0.0021938396243449398 -0.00048288230741773549 -0.0019157178384820981 0.0033869236695114381 -0.0069901395558245039 0.0010082492337768923 -0.011664250702946521 0.0001760835674646348
leaf_weight=49 58 46 57 40 42 70 68 50 42 46 51 40 65 1228
leaf_count=49 58 46 57 40 42 70 68 50 42 46 51 40 65 1228
internal_value=0.000665984 -0.00416667 -0.000684932 0.00505618 0.00119318 0.000881316 0.00183016 -0.00297619 -0.0047619 0.00340909 -0.00825243 -0.000549451 -0.0143478 0.00123457
internal_weight=1952 192 146 89 1760 1702 1366 336 294 88 206 91 115 1296
internal_count=1952 192 146 89 1760 1702 1366 336 294 88 206 91 115 1296
is_linear=0
shrinkage=0.05


Tree=201
num_leaves=15
num_cat=0
split_feature=3 8 2 3 1 0 6 4 5 3 8 6 3 7
split_gain=1.65947 3.70451 3.68212 7.08778 3.07523 3.5675 3.58519 2.53981 4.81479 2.51502 2.86286 4.70192 5.32278 9.6839
threshold=1.0000000180025095e-35 -3.4859999999999998 0.057982974307775707 78.172000000000011 -0.60776722227211322 31.104500000000005 0.52450000000000008 9.975500000000002 26.976500000000005 0.26050000000000006 -2.1509999999999994 0.16800000000000004 4.9985000000000008 879.24150000000009
decision_type=2 2 2 2 2 2 2 2 2 2 2 2 2 2
left_child=4 2 -2 -4 7 6 -6 8 -1 -3 -11 -12 -13 -14
right_child=1 9 3 -5 5 -7 -8 -9 -10 10 11 12 13 -15
leaf_value=-0.00014305256492661567 0.00080968693909067024 0.0041854452867241187 -0.021062272169225085 -9.344890509987297e-05 -0.0011993408577266385 -0.002351022255323295 0.003709912227227441 -0.004989427382382821 0.0028652345703812756 0.00035731200000749811 0.00066921917600496492 -0.0078330742785341755 -0.0088150330303715992 0.0065734615086450957
leaf_weight=48 61 70 46 60 135 62 45 46 58 715 393 54 77 82
leaf_count=48 61 70 46 60 135 62 45 46 58 715 393 54 77 82
internal_value=0.000614754 0.00134788 -0.00568862 -0.0113208 -0.00228426 -0.00578512 -0.00222222 0.00328947 0.00754717 0.00219267 0.00170326 -0.000825083 -0.00680751 -0.00220126
internal_weight=1952 1558 167 106 394 242 180 152 106 1391 1321 606 213 159
internal_count=1952 1558 167 106 394 242 180 152 106 1391 1321 606 213 159
is_linear=0
shrinkage=0.05


Tree=202
num_leaves=15
num_cat=0
split_feature=3 4 6 6 0 8 7 4 8 3 6 0 2 7
split_gain=2.16614 3.62373 6.63322 5.91988 3.37097 4.14125 5.41331 2.91511 2.9482 2.31993 1.95684 4.99016 4.01413 2.62758
threshold=0.15350000000000003 6.1185000000000009 0.088500000000000009 0.10800000000000001 18.546000000000003 -2.3874999999999997 968.09450000000015 8.1105000000000018 -2.8274999999999992 0.51950000000000018 0.50350000000000017 31.211000000000002 -0.8069893509785715 871.68200000000013
decision_type=2 2 2 2 2 2 2 2 2 2 2 2 2 2
left_child=1 2 -1 -3 -5 7 -7 -6 -9 -2 13 12 -12 -11
right_child=9 3 -4 4 5 6 -8 8 -10 10 11 -13 -14 -15
leaf_value=-0.012771525527218709 0.0039761730223879148 0.0033021927992651356 0.0083211321782921347 -0.0031323645622954146 -0.007252027199769891 0.012636322865039275 -0.0013705160450055423 -0.0076528077027481437 0.00022677530585783827 2.6803107028324816e-05 -0.013573382640766308 0.00080463501620123843 -0.0006082503823039904 0.00086673374330308863
leaf_weight=44 52 44 83 42 40 41 40 59 52 956 41 79 71 308
leaf_count=44 52 44 83 42 40 41 40 59 52 956 41 79 71 308
internal_value=0.000256148 -0.00280899 0.00433071 -0.00566038 -0.00839416 -0.00603448 0.00308642 -0.0109272 -0.00675676 0.00116125 0.000790378 -0.0039267 -0.0107143 0.00150316
internal_weight=1952 445 127 318 274 232 81 151 111 1507 1455 191 112 1264
internal_count=1952 445 127 318 274 232 81 151 111 1507 1455 191 112 1264
is_linear=0
shrinkage=0.05


Tree=203
num_leaves=15
num_cat=0
split_feature=1 1 4 4 6 4 4 0 0 3 3 0 5 6
split_gain=1.68197 6.6694 5.80461 5.72765 5.7312 4.83171 3.98939 3.13942 5.34208 3.02619 2.7477 3.22002 4.65786 3.3162
threshold=-0.7266007961912001 -0.65189295912203338 10.467000000000001 18.080000000000002 0.25650000000000006 8.0285000000000029 6.9435000000000011 16.583000000000002 23.054000000000006 5.2645000000000008 1.0000000180025095e-35 7.6645000000000012 11.246 0.64050000000000018
decision_type=2 2 2 2 2 2 2 2 2 2 2 2 2 2
left_child=2 -2 5 4 -4 6 7 -1 -9 -7 -3 -12 -13 -14
right_child=1 10 3 -5 -6 9 -8 8 -10 -11 11 12 13 -15
leaf_value=0.0044234395971875064 -0.005250452878794329 -0.00056024216998920573 -0.029701879601284866 0.0044645789865148111 0.0012621054786509296 0.0021625171288726028 -0.0042684084572728546 -0.012679765949276313 0.0019981875606393668 0.0085433131370296397 -0.00049392411489371788 0.011310206467589169 3.2529841655061509e-05 0.0016248673298673189
leaf_weight=42 60 246 50 73 41 46 53 41 54 40 307 114 694 91
leaf_count=42 60 246 50 73 41 46 53 41 54 40 307 114 694 91
internal_value=0.000461066 -0.000330688 0.00318182 -0.00426829 -0.0126374 0.0076087 0.00315789 0.00766423 0.00263158 0.0174419 0.000344353 0.0013267 0.00283648 0.00146497
internal_weight=1952 1512 440 164 91 276 190 137 95 86 1452 1206 899 785
internal_count=1952 1512 440 164 91 276 190 137 95 86 1452 1206 899 785
is_linear=0
shrinkage=0.05


Tree=204
num_leaves=15
num_cat=0
split_feature=4 0 0 5 5 3 5 4 7 4 5 4 4 1
split_gain=1.61547 1.32046 3.5226 1.44356 2.41541 3.71075 3.40855 3.10459 2.94677 2.44882 4.77918 1.84998 2.70169 1.69584
threshold=2.1150000000000007 34.720500000000008 33.83250000000001 36.343500000000006 30.672000000000004 5.408500000000001 28.401000000000003 9.0450000000000017 996.78350000000012 7.5230000000000006 32.879000000000012 3.2005000000000003 2.7775000000000003 0.93168921928840098
decision_type=2 2 2 2 2 2 2 2 2 2 2 2 2 2
left_child=-1 2 3 4 6 9 8 -8 11 -6 -11 12 -2 -13
right_child=1 -3 -4 -5 5 -7 7 -9 -10 10 -12 13 -14 -15
leaf_value=-0.00062878113078645027 -0.0004640808805189689 0.00070045025824522211 -0.0036930836299308048 0.0038891394843003982 7.2082631705169828e-05 0.0035486369875983035 0.00022625832340227999 0.005972933475809814 -0.0055235017697916888 -9.9201623419370449e-05 -0.013964293050934591 -5.6674664048103621e-05 0.0037112375816610757 0.00064353896484916078
leaf_weight=64 43 59 42 42 40 52 64 53 43 43 40 1099 42 226
leaf_count=64 43 59 42 42 40 52 64 53 43 43 40 1099 42 226
internal_value=0 0.000264831 2.73373e-05 0.000363738 0.000143266 -0.00542857 0.000764331 0.00897436 0.000103235 -0.0101626 -0.0150602 0.000496454 0.00764706 3.77358e-05
internal_weight=1952 1888 1829 1787 1745 175 1570 117 1453 123 83 1410 85 1325
internal_count=1952 1888 1829 1787 1745 175 1570 117 1453 123 83 1410 85 1325
is_linear=0
shrinkage=0.05


Tree=205
num_leaves=15
num_cat=0
split_feature=7 7 3 4 2 6 7 7 7 7 7 2 4 8
split_gain=2.0321 2.39738 2.72558 2.18404 2.02817 2.96712 2.25998 2.58094 1.81988 3.52549 4.50851 3.28828 3.06734 2.96045
threshold=1003.0390000000001 991.5245000000001 0.054500000000000007 2.1150000000000007 -0.9951106240145321 0.72750000000000015 986.37000000000012 979.02600000000018 862.67600000000004 902.11500000000012 918.28100000000006 -0.51479280150983053 12.664000000000003 -2.6349999999999993
decision_type=2 2 2 2 2 2 2 2 2 2 2 2 2 2
left_child=1 3 -3 -1 -5 6 7 8 -6 11 -11 -10 13 -12
right_child=-2 2 -4 4 5 -7 -8 -9 9 10 12 -13 -14 -15
leaf_value=-0.00072036544134811977 0.00062458300781920303 0.00049772460880650321 -0.0059485925385107281 0.0021534149034954653 -1.6760176188745924e-05 -0.0017815841494218194 0.0033591606545204573 -0.0071299576059136371 0.0068215773217500057 -0.0082026964415649727 0.0043389683092213919 0.015905503440772951 0.0046595993276113577 -0.0016664191573910747
leaf_weight=63 48 40 59 53 1109 76 47 44 45 53 88 64 72 91
leaf_count=63 48 40 59 53 1109 76 47 44 45 53 88 64 72 91
internal_value=0.000256148 0 -0.00757576 0.000415512 0.000746269 0.00044405 0.000898946 0.000574713 0.000919842 0.00375303 0.000986842 0.0114679 0.00378486 0.00027933
internal_weight=1952 1904 99 1805 1742 1689 1613 1566 1522 413 304 109 251 179
internal_count=1952 1904 99 1805 1742 1689 1613 1566 1522 413 304 109 251 179
is_linear=0
shrinkage=0.05


Tree=206
num_leaves=15
num_cat=0
split_feature=7 4 5 1 7 0 4 4 6 5 8 6 5 8
split_gain=2.07329 1.93885 1.81049 3.74727 4.49291 2.60178 2.32277 2.52628 2.01551 1.9677 3.97868 7.71381 7.8844 4.41374
threshold=1003.0390000000001 2.1150000000000007 33.411000000000008 -0.23803327706148572 942.98800000000017 34.052000000000007 3.161 3.4915000000000007 0.72750000000000015 17.212500000000002 -2.4439999999999995 0.0045000000000000014 28.267000000000003 -2.8024999999999998
decision_type=2 2 2 2 2 2 2 2 2 2 2 2 2 2
left_child=1 -1 5 4 -4 6 -3 -8 9 -9 13 -12 -13 -11
right_child=-2 2 3 -5 -6 -7 7 8 -10 10 11 12 -14 -15
leaf_value=-0.00068434716928071355 0.00059335385742824301 0.0043767544903274367 -0.0095401018642098327 -0.0012591304594464676 0.0093283711241002633 0.002425585401591668 -0.0021187502139124628 -0.00011888126597592031 -0.001692504941950726 0.0008309708335079713 0.015214954036068052 -0.00011712368910895555 0.0091937975789147079 -0.002979510702377253
leaf_weight=63 48 82 47 55 43 43 40 685 54 280 45 257 52 158
leaf_count=63 48 82 47 55 43 43 40 685 54 280 45 257 52 158
internal_value=0.000153689 -0.000105042 0.000190114 -0.00517241 0.00111111 0.000648585 0.000332728 -9.54806e-05 0.000228609 0.000575491 0.00227273 0.00621469 0.00339806 -0.000913242
internal_weight=1952 1904 1841 145 90 1696 1653 1571 1531 1477 792 354 309 438
internal_count=1952 1904 1841 145 90 1696 1653 1571 1531 1477 792 354 309 438
is_linear=0
shrinkage=0.05


Tree=207
num_leaves=15
num_cat=0
split_feature=7 1 1 1 3 8 2 3 0 0 8 1 1 8
split_gain=2.0321 1.70253 5.26322 3.91881 3.91839 4.67299 3.75859 2.30773 4.44538 12.0014 4.28493 2.99704 2.87102 3.60156
threshold=1003.0390000000001 -0.7266007961912001 -0.78297285307474485 -0.65189295912203338 3.1355000000000004 -3.0344999999999995 -0.3390880814530603 0.097500000000000017 31.104500000000005 28.200000000000006 -2.6134999999999997 0.66015212067123197 -0.45206801762443455 -3.4859999999999998
decision_type=2 2 2 2 2 2 2 2 2 2 2 2 2 2
left_child=1 2 4 -3 5 -1 -6 8 9 10 -5 -12 -9 -14
right_child=-2 3 -4 7 6 -7 -8 12 -10 -11 11 -13 13 -15
leaf_value=-0.0026258621058350773 0.00056368616455683006 -0.005080520168039792 0.0089815880395728246 0.00093220349132357996 -0.010398678290381755 0.0049174500381615055 -0.00015872418008057305 0.0037627504482351166 -0.0035712625928874561 0.0089476823743327057 -0.004250009961158133 -0.00014912622510067643 -0.0047629490991974435 6.6943237498573446e-05
leaf_weight=56 48 60 50 50 40 114 180 106 67 41 45 42 96 957
leaf_count=56 48 60 50 50 40 114 180 106 67 41 45 42 96 957
internal_value=0.000256148 0 0.00272727 -0.000819672 0.000769231 0.00647059 -0.00363636 -0.0002849 -0.00469388 -0.000561798 -0.00766423 -0.0143678 0.00064711 -0.00014245
internal_weight=1952 1904 440 1464 390 170 220 1404 245 178 137 87 1159 1053
internal_count=1952 1904 440 1464 390 170 220 1404 245 178 137 87 1159 1053
is_linear=0
shrinkage=0.05


Tree=208
num_leaves=15
num_cat=0
split_feature=7 0 5 5 8 5 5 2 0 4 4 5 6 0
split_gain=1.95096 1.49523 2.07211 3.11481 3.75556 2.79837 2.41424 3.38054 3.3224 2.76773 7.02629 2.75711 4.432 3.98991
threshold=1003.0390000000001 34.838500000000003 31.010500000000004 33.966000000000001 -2.8704999999999994 35.822500000000012 28.401000000000003 -0.93090634677745676 28.854500000000005 7.1945000000000006 9.5825000000000014 25.365000000000006 0.23450000000000001 19.847000000000005
decision_type=2 2 2 2 2 2 2 2 2 2 2 2 2 2
left_child=1 2 6 4 -4 -5 7 -1 11 -8 -11 13 -13 -9
right_child=-2 -3 3 5 -6 -7 9 8 -10 10 -12 12 -14 -15
leaf_value=-0.0075412542505786844 0.00053550185632898902 0.0011492033789767264 -0.0075047458874550931 0.00088892559337550589 -2.3002166068698816e-05 -0.0034293084601552284 0.0041342615787244913 -8.4700468246950991e-05 0.0036950253551435372 -0.0065278479595120235 0.0022253172264982413 0.0013453421847219454 -0.013423499608941229 0.0039779538221518338
leaf_weight=80 48 53 48 44 72 52 43 1044 56 41 53 50 67 201
leaf_count=80 48 53 48 44 72 52 43 1044 56 41 53 50 67 201
internal_value=0.000461066 0.000210084 -2.70124e-05 -0.00462963 -0.01 0.00208333 0.00058104 0 0.000564175 0.00693431 0.00212766 7.34214e-05 -0.00726496 0.000763052
internal_weight=1952 1904 1851 216 120 96 1635 1498 1418 137 94 1362 117 1245
internal_count=1952 1904 1851 216 120 96 1635 1498 1418 137 94 1362 117 1245
is_linear=0
shrinkage=0.05


Tree=209
num_leaves=15
num_cat=0
split_feature=7 7 6 7 7 0 0 1 7 6 6 6 6 4
split_gain=1.97109 1.88816 2.39587 2.14786 2.50043 2.20816 4.93863 2.61801 2.40085 1.65775 2.19716 2.90709 4.50976 3
threshold=1003.0390000000001 991.5245000000001 0.44950000000000007 984.64300000000014 979.41700000000003 31.702000000000002 30.620500000000003 -0.67760851415498091 965.07450000000006 0.55750000000000022 0.45850000000000007 0.41500000000000004 0.32500000000000007 19.971000000000004
decision_type=2 2 2 2 2 2 2 2 2 2 2 2 2 2
left_child=1 3 -3 4 5 6 9 -7 -9 10 11 12 13 -1
right_child=-2 2 -4 -5 -6 7 -8 8 -10 -11 -12 -13 -14 -15
leaf_value=-0.00013407471675381532 0.00050872676351253893 2.0367486656278078e-05 -0.006020921422055567 0.0017289236052081471 -0.0069309235698340873 0.017563178772041044 -0.019439281924850879 -0.0010840253966404062 0.0024675632809592618 -0.002193636434210511 0.0029888454878340964 -0.013686023353902833 0.0081270835643876688 0.0014552060213527619
leaf_weight=1026 48 51 48 84 42 42 40 90 40 85 69 45 84 158
leaf_count=1026 48 51 48 84 42 42 40 90 40 85 69 45 84 158
internal_value=0.000409836 0.000157563 -0.00656566 0.000526316 0.000145264 0.000446694 -0.000165893 0.00581395 0.00230769 0.000306748 0.000723589 0.000266565 0.000709779 -8.44595e-05
internal_weight=1952 1904 99 1805 1721 1679 1507 172 130 1467 1382 1313 1268 1184
internal_count=1952 1904 99 1805 1721 1679 1507 172 130 1467 1382 1313 1268 1184
is_linear=0
shrinkage=0.05


Tree=210
num_leaves=15
num_cat=0
split_feature=7 1 0 0 3 2 6 1 8 6 7 6 7 4
split_gain=2.01166 1.1283 3.84803 7.87185 2.87564 3.74822 3.04762 2.32363 1.68128 2.30301 4.95035 4.48787 4.8379 9.19721
threshold=1003.0390000000001 -0.7266007961912001 31.211000000000002 28.363500000000002 16.507000000000001 0.46105717635705401 0.29250000000000004 -0.67760851415498091 -3.7704999999999997 0.044000000000000004 717.51400000000012 0.12050000000000001 710.70300000000009 4.2190000000000003
decision_type=2 2 2 2 2 2 2 2 2 2 2 2 2 2
left_child=1 2 3 4 6 -6 -1 -3 -9 10 -10 -11 -13 -14
right_child=-2 7 -4 -5 5 -7 -8 8 9 11 -12 12 13 -15
leaf_value=0.00041443818193157429 0.00048329042533691168 -0.0095896086995431902 0.015580062730808492 -0.013826894186331862 -0.0023168220387625995 0.0017811492058235181 0.0067415100528941067 -0.0049142235542211548 5.5361728746746237e-05 -0.0073728926430104208 0.004801283276193247 0.0024200529485759906 -0.0070559051911779531 -8.4843868996284383e-05
leaf_weight=112 48 40 42 59 112 59 56 84 477 69 76 71 40 607
leaf_count=112 48 40 42 59 112 59 56 84 477 69 76 71 40 607
internal_value=0.000307377 5.2521e-05 0.00227273 0.000753769 0.00368732 -0.000877193 0.00833333 -0.000614754 -0.000280899 0.000149254 0.00262206 -0.00158831 -0.000417827 -0.00177743
internal_weight=1952 1904 440 398 339 171 168 1464 1424 1340 553 787 718 647
internal_count=1952 1904 440 398 339 171 168 1464 1424 1340 553 787 718 647
is_linear=0
shrinkage=0.05


Tree=211
num_leaves=15
num_cat=0
split_feature=7 5 5 5 0 0 1 6 7 0 8 0 3 5
split_gain=2.01166 1.27272 2.60136 2.60574 2.06925 3.44009 3.38563 3.34345 3.33337 5.54067 4.45778 3.62118 3.09995 2.0418
threshold=1003.0390000000001 36.129000000000012 33.966000000000001 32.444500000000012 26.043000000000003 25.038000000000004 -0.9852109833579612 0.22950000000000004 910.88750000000016 30.195500000000006 -2.8024999999999998 28.705500000000004 3.6495000000000002 20.056000000000001
decision_type=2 2 2 2 2 2 2 2 2 2 2 2 2 2
left_child=1 2 3 4 5 6 -1 -6 9 -9 -10 -12 -13 -8
right_child=-2 -3 -4 -5 7 -7 13 8 10 -11 11 12 -14 -15
leaf_value=0.0068262595565883937 0.00045912590407006654 -0.001644556475717396 0.0020356679112951393 -0.0030316414289016341 0.01146976162216256 -0.010452262926930309 4.0189684390951054e-05 -0.012399172508529115 0.0082038031262831029 0.00085568290690439953 -0.0024019992702302485 0.0097334927252531525 -0.00093577256888641462 -0.00084157722402825182
leaf_weight=53 48 67 54 67 64 40 940 63 60 41 42 57 40 316
leaf_count=53 48 67 54 67 64 40 940 63 60 41 42 57 40 316
internal_value=0.000307377 5.2521e-05 0.000299401 -2.80426e-05 0.00034965 -0.000555967 -0.000114591 0.00367847 0.00148515 -0.00576923 0.00527638 0.000359712 0.0056701 -0.000636943
internal_weight=1952 1904 1837 1783 1716 1349 1309 367 303 104 199 139 97 1256
internal_count=1952 1904 1837 1783 1716 1349 1309 367 303 104 199 139 97 1256
is_linear=0
shrinkage=0.05


Tree=212
num_leaves=15
num_cat=0
split_feature=7 5 5 5 7 2 7 7 7 7 7 2 4 2
split_gain=1.99133 1.29255 1.7649 1.60649 1.75345 3.4021 1.53836 1.94957 2.1787 2.21662 3.36042 1.91605 4.05719 3.63526
threshold=1003.0390000000001 36.129000000000012 33.966000000000001 32.783000000000008 996.78350000000012 -0.99665976668634515 984.64300000000014 974.77600000000018 960.32000000000005 943.81150000000014 928.01550000000009 -0.53914575630485184 8.1105000000000018 -0.19851654827941614
decision_type=2 2 2 2 2 2 2 2 2 2 2 2 2 2
left_child=1 2 3 4 5 -1 7 8 9 10 11 12 -7 -13
right_child=-2 -3 -4 -5 -6 6 -8 -9 -10 -11 -12 13 -14 -15
leaf_value=0.0097086663462965985 0.00043616960886656429 -0.0015623286519315272 0.0019338845157303817 -0.0042201743515654219 -0.0068127872682951481 -0.014967175340815077 0.00036273454331555989 -0.0016395718392945445 0.0025606701418241064 -0.0033468614339278893 0.00160864462976284 0.0017472834153185778 6.4145076946841954e-05 -7.7273977091485429e-05
leaf_weight=40 48 67 54 53 40 49 77 52 55 66 58 147 108 1038
leaf_count=40 48 67 54 53 40 49 77 52 55 66 58 147 108 1038
internal_value=0.000358607 0.000105042 0.000353838 8.41279e-05 0.000346821 0.000591716 0.000242424 -9.53592e-05 0.000230112 -0.000136426 0.000285714 -0.000223547 -0.00541401 0.000464135
internal_weight=1952 1904 1837 1783 1730 1690 1650 1573 1521 1466 1400 1342 157 1185
internal_count=1952 1904 1837 1783 1730 1690 1650 1573 1521 1466 1400 1342 157 1185
is_linear=0
shrinkage=0.05


Tree=213
num_leaves=15
num_cat=0
split_feature=7 0 7 7 2 2 4 4 4 4 8 0 4 4
split_gain=1.95096 1.14914 2.63217 3.48965 2.68237 2.84844 3.34378 6.81073 4.82673 3.61246 4.2089 3.61944 2.83093 7.00057
threshold=1003.0390000000001 18.950000000000006 902.11500000000012 862.67600000000004 0.27779130397453933 0.42110087079608943 15.242000000000003 10.890500000000001 8.8695000000000022 4.9475000000000007 -3.1974999999999993 6.0205000000000011 8.052500000000002 12.555000000000001
decision_type=2 2 2 2 2 2 2 2 2 2 2 2 2 2
left_child=1 2 3 4 12 -6 7 8 9 10 -7 -12 -1 -14
right_child=-2 -3 -4 -5 5 6 -8 -9 -10 -11 11 -13 13 -15
leaf_value=0.0015094270563162121 0.00041436112842323654 0.00025190084400109476 -0.0049482372169997683 0.018871299344630749 0.0081292178734473121 -0.0040178664321223858 0.0025459022172439269 -0.019413248929691842 0.0066678198256067862 -0.0021009416564450297 0.0070822854654053859 0.0003061025995161379 -0.023009399959328547 -0.00013947430729267519
leaf_weight=44 48 877 97 44 68 55 102 52 46 197 54 140 40 88
leaf_count=44 48 877 97 44 68 55 102 52 46 197 54 140 40 88
internal_value=0.000461066 0.000210084 -0.000925024 -0.000107527 -0.000790068 0.000560224 -0.000464396 -0.00202206 -0.000203252 -0.00179372 0.00220884 0.0056701 -0.00639535 -0.0101563
internal_weight=1952 1904 1027 930 886 714 646 544 492 446 249 194 172 128
internal_count=1952 1904 1027 930 886 714 646 544 492 446 249 194 172 128
is_linear=0
shrinkage=0.05


Tree=214
num_leaves=15
num_cat=0
split_feature=0 0 1 0 4 5 2 5 2 3 4 8 6 4
split_gain=2.61088 3.0521 5.69465 3.38299 4.92963 2.76085 5.89619 8.33169 5.33968 4.1439 3.89421 5.34771 4.39443 5.77424
threshold=8.1645000000000021 9.9105000000000008 0.45914483320598681 11.885000000000002 8.0285000000000029 14.009000000000002 0.1858661703907829 17.212500000000002 0.092265415903232631 59.937000000000005 9.5825000000000014 -1.7584999999999997 0.038500000000000006 8.8280000000000012
decision_type=2 2 2 2 2 2 2 2 2 2 2 2 2 2
left_child=-1 2 -2 4 -3 8 10 -8 -5 -9 11 12 -7 -14
right_child=1 3 -4 5 -6 6 7 9 -10 -11 -12 -13 13 -15
leaf_value=-0.00032560958623484016 0.0096715888951226792 -0.0011524416317674369 -0.00012155787841025002 -0.0068107440324497327 0.0021405713248563857 0.0039202378650510161 -0.015795582199391169 -0.0074700201889500301 0.0055887074107239983 0.002989422952882387 -0.00014282972512463105 0.0069547222952781266 -0.00014570555913515638 0.0079957758044799272
leaf_weight=411 67 66 61 42 54 42 46 74 63 62 510 43 349 62
leaf_count=411 67 66 61 42 54 42 46 74 63 62 510 43 349 62
internal_value=0.000256148 0.00120052 0.00859375 0.000530786 -0.0075 0.0012761 0.000589226 -0.00769231 0.00904762 -0.00147059 0.00208748 0.00524194 0.00364238 0.00206813
internal_weight=1952 1541 128 1413 120 1293 1188 182 105 136 1006 496 453 411
internal_count=1952 1541 128 1413 120 1293 1188 182 105 136 1006 496 453 411
is_linear=0
shrinkage=0.05


Tree=215
num_leaves=15
num_cat=0
split_feature=0 6 0 0 7 2 2 6 7 2 0 5 3 2
split_gain=2.11021 3.56993 2.70009 3.55333 2.92905 2.61487 6.41678 3.75244 3.92025 5.32558 5.37494 6.30929 4.22687 3.58358
threshold=11.885000000000002 0.36650000000000005 14.025500000000003 15.330500000000002 659.17700000000013 0.26123699986315735 0.42110087079608943 -0.36149999999999993 555.81400000000008 0.76110425866077447 7.8860000000000001 7.5875000000000012 93.828000000000017 0.63874942205152718
decision_type=2 2 2 2 2 2 2 2 2 2 2 2 2 2
left_child=1 5 4 -4 -2 -1 -7 8 9 -8 11 12 -11 -9
right_child=2 -3 3 -5 -6 6 7 13 -10 10 -12 -13 -14 -15
leaf_value=-0.00066887526323749504 0.00044966420777727836 0.0021222453382943071 -0.0059302557788923019 0.0002075646413415941 0.0023270447705564328 0.014838101448538761 -0.018345176163727016 -0.010797131208051937 0.0080522369452248662 0.0089350475620931791 0.011837800196191984 -0.0098610424347700138 -0.0052135238727996401 -0.00044644922230061002
leaf_weight=99 77 42 64 1100 52 40 41 42 40 41 45 40 62 167
leaf_count=99 77 42 64 1100 52 40 41 42 40 41 45 40 62 167
internal_value=0.000102459 -0.0022003 0.0012761 0.000515464 0.00813953 -0.00316045 -0.00173745 -0.00334728 0.000557621 -0.00196507 0.00159574 -0.00314685 0.00339806 -0.00837321
internal_weight=1952 659 1293 1164 129 617 518 478 269 229 188 143 103 209
internal_count=1952 659 1293 1164 129 617 518 478 269 229 188 143 103 209
is_linear=0
shrinkage=0.05


Tree=216
num_leaves=15
num_cat=0
split_feature=0 0 1 5 2 0 5 6 2 2 2 3 3 0
split_gain=2.15445 5.70328 3.95817 4.55649 2.60288 3.73556 3.04009 2.55318 3.6647 3.66188 3.80087 5.62791 3.65217 5.25913
threshold=7.6645000000000012 6.9465000000000012 0.74332993385844814 9.4885000000000019 0.92933244589178743 4.8585000000000003 6.4850000000000003 -0.52549999999999997 0.72731766296277522 0.70329649815198148 0.49751328890718055 62.856500000000004 66.27500000000002 10.454500000000001
decision_type=2 2 2 2 2 2 2 2 2 2 2 2 2 2
left_child=1 2 4 -4 5 -1 -6 8 -2 10 -9 -12 13 -11
right_child=7 -3 3 -5 6 -7 -8 9 -10 12 11 -13 -14 -15
leaf_value=3.3442365874275513e-05 -2.8967325795929699e-05 -0.0057730317707887797 -0.027316689242999348 0.0012555243063928523 0.00098875372582840626 0.026578733270598301 -0.0057347653675767461 0.00011945995390389986 0.0163413232114215 -2.9912815797350501e-05 0.012710031627991719 -6.1278573228717997e-05 0.00047108287860802016 -0.02049586414567979
leaf_weight=75 45 41 40 41 62 45 59 1249 48 42 43 43 69 50
leaf_count=75 45 41 40 41 62 45 59 1249 48 42 43 43 69 50
internal_value=0.000307377 -0.00316804 -0.000931677 -0.0104938 0.00228216 0.0075 -0.00289256 0.00110132 0.00913978 0.000601604 0.00146067 0.0116279 -0.00652174 -0.0130435
internal_weight=1952 363 322 81 241 120 121 1589 93 1496 1335 86 161 92
internal_count=1952 363 322 81 241 120 121 1589 93 1496 1335 86 161 92
is_linear=0
shrinkage=0.05


Tree=217
num_leaves=15
num_cat=0
split_feature=4 6 6 7 2 7 7 1 2 2 0 3 3 3
split_gain=1.7894 2.27691 3.40415 2.77788 4.14984 5.22263 4.4187 4.11136 2.26719 3.06477 3.85119 2.12865 3.32471 3.20815
threshold=2.1150000000000007 -0.34499999999999992 -0.40749999999999992 297.07900000000006 0.76725511167377736 394.76800000000009 528.54450000000008 -0.021515898191484053 0.93851706827667047 0.86564557464733971 7.706500000000001 99.691000000000017 93.828000000000017 66.27500000000002
decision_type=2 2 2 2 2 2 2 2 2 2 2 2 2 2
left_child=-1 2 3 7 6 -6 -5 -2 9 10 -3 12 13 -12
right_child=1 8 -4 4 5 -7 -8 -9 -10 -11 11 -13 -14 -15
leaf_value=-0.0012157022276291245 -0.013733877767046432 -0.0032016025432702573 0.012074530046592135 -0.0084102676054419179 0.0088443275924782305 8.3078672998759823e-05 0.0038547296008745709 0.0014307382027156535 -0.0012600714996159779 0.0087483101623899058 0.00023992840010812739 -0.0010581744983443441 0.0048114780289721217 -0.0020868219400304311
leaf_weight=64 44 86 43 53 50 77 59 41 64 55 972 139 75 130
leaf_count=64 44 86 43 53 50 77 59 41 64 55 972 139 75 130
internal_value=0.000409836 0.000688559 0.00422343 0.00246914 0.00523013 0.0114173 -0.00178571 -0.00529412 -0.000164366 0.00024022 -0.00021398 0.000455927 0.00114698 0.000453721
internal_weight=1952 1888 367 324 239 127 112 85 1521 1457 1402 1316 1177 1102
internal_count=1952 1888 367 324 239 127 112 85 1521 1457 1402 1316 1177 1102
is_linear=0
shrinkage=0.05


Tree=218
num_leaves=15
num_cat=0
split_feature=8 8 8 8 3 0 2 6 2 1 3 3 8 8
split_gain=2.24204 1.99976 1.5743 3.03793 3.26424 1.68869 5.82969 5.1652 4.33875 3.90442 3.39975 5.20692 3.9472 8.53141
threshold=0.50100000000000011 -0.074999999999999983 -4.418499999999999 -3.7704999999999997 7.5300000000000002 8.8685000000000027 0.80444483470750872 -0.090499999999999983 0.94713111268739625 0.017189842955271029 0.014500000000000001 0.62700000000000011 -1.8954999999999997 -1.7729999999999997
decision_type=2 2 2 2 2 2 2 2 2 2 2 2 2 2
left_child=1 2 -1 4 -4 6 7 -5 -8 -10 -7 -12 -13 -14
right_child=-2 -3 3 5 -6 10 8 -9 9 -11 11 12 13 -15
leaf_value=0.0086949374277982897 0.0090844894712104277 -0.006648486878724269 0.00073575921499550176 -0.00032099692379685134 -0.018262141347537543 -0.00046341132941458697 0.0099498620893722529 -0.0090101103228027897 -0.0033875213672802801 0.0017001901718178836 0.0029676769583856788 0.0003911842534555874 -0.016659235987109094 5.3123550536993143e-06
leaf_weight=40 44 41 41 105 47 335 84 67 56 59 87 701 40 205
leaf_count=40 44 41 41 105 47 335 84 67 56 59 87 701 40 205
internal_value=0.000204918 -5.24109e-05 0.000187467 -2.73673e-05 -0.00909091 0.000431282 -0.00256065 -0.00930233 0.00326633 -0.00304348 0.00124269 0.00266215 0.00158562 -0.00387755
internal_weight=1952 1908 1867 1827 88 1739 371 172 199 115 1368 1033 946 245
internal_count=1952 1908 1867 1827 88 1739 371 172 199 115 1368 1033 946 245
is_linear=0
shrinkage=0.05


Tree=219
num_leaves=15
num_cat=0
split_feature=4 0 8 0 4 4 3 8 7 8 4 8 6 4
split_gain=1.57337 1.38993 1.65797 3.18131 1.77273 2.62796 7.5077 3.51327 3.81879 3.57224 4.02848 3.02176 2.9449 6.53686
threshold=2.1150000000000007 1.6920000000000004 -0.41999999999999993 10.598500000000003 3.161 4.2190000000000003 13.679000000000002 -1.6129999999999998 966.65150000000006 -1.7274999999999998 4.823500000000001 -2.0509999999999997 0.67300000000000015 18.946500000000004
decision_type=2 2 2 2 2 2 2 2 2 2 2 2 2 2
left_child=-1 -2 4 -4 -3 6 -6 9 -9 10 -7 12 -12 -14
right_child=1 2 3 -5 5 7 -8 8 -10 -11 11 -13 13 -15
leaf_value=-0.0011566717994891361 -0.00091916871027653002 0.0033608692916584151 0.0086837266307863373 -0.0019515072070906637 -0.007447755533712375 0.0035236845117036456 0.0013039594935639221 -0.0040951040181203147 0.0063512825334716919 0.0060842934210231904 0.00010066890358276793 -0.0029531373691175562 0.0060455310826699835 -0.00025290959510462888
leaf_weight=64 63 84 54 41 72 74 65 190 45 41 905 160 45 49
leaf_count=64 63 84 54 41 72 74 65 190 45 41 905 160 45 49
internal_value=-0.000102459 0.000158898 0.000410959 0.00684211 5.78035e-05 -0.000303767 -0.00693431 0.000298211 -0.00531915 0.00133438 0.000851582 0.000129422 0.00115115 0.00957447
internal_weight=1952 1888 1825 95 1730 1646 137 1509 235 1274 1233 1159 999 94
internal_count=1952 1888 1825 95 1730 1646 137 1509 235 1274 1233 1159 999 94
is_linear=0
shrinkage=0.05


Tree=220
num_leaves=15
num_cat=0
split_feature=0 8 4 0 2 2 6 4 0 0 3 2 2 8
split_gain=1.63039 3.05068 3.74734 2.35729 4.71021 3.15152 3.14097 3.11988 4.05499 4.39647 5.86695 2.6404 9.42976 2.21086
threshold=8.1645000000000021 -3.2434999999999996 3.4485000000000006 9.4345000000000017 0.8433585485889844 0.78884570776442897 -0.32099999999999995 6.0390000000000006 12.796000000000001 29.527500000000003 93.070000000000007 -0.3390880814530603 0.19429706169951341 -2.0509999999999997
decision_type=2 2 2 2 2 2 2 2 2 2 2 2 2 2
left_child=1 -1 -3 5 7 -2 -6 8 -5 10 11 -10 -13 -4
right_child=3 2 13 4 6 -7 -8 -9 9 -11 -12 12 -14 -15
leaf_value=-0.0041143928933189316 0.00012591947366884517 0.0071974396495610776 0.00029531940414976866 0.0039100563993339863 -0.00016299672728190551 0.008526416738878384 -0.016043656930581213 -3.9760008367073499e-05 -0.0075491164733482389 0.013082679265010867 0.0066669980207026544 0.0076537555931277873 -0.01179935435360331 -0.0022264495682197869
leaf_weight=76 52 41 120 48 41 44 44 1055 49 62 50 40 56 174
leaf_count=76 52 41 120 48 41 44 44 1055 49 62 50 40 56 174
internal_value=0 -0.00279805 -0.000746269 0.000746269 0.000242215 0.00833333 -0.0111765 0.000955882 0.00540984 0.00291829 -0.000769231 -0.00586207 -0.00104167 -0.00272109
internal_weight=1952 411 335 1541 1445 96 85 1360 305 257 195 145 96 294
internal_count=1952 411 335 1541 1445 96 85 1360 305 257 195 145 96 294
is_linear=0
shrinkage=0.05


Tree=221
num_leaves=15
num_cat=0
split_feature=4 4 4 6 4 5 1 7 3 5 5 7 4 4
split_gain=1.55253 1.66344 3.57354 2.27917 1.96364 1.62505 3.38723 9.44512 3.8812 3.19244 2.98289 3.0523 2.96327 6.47949
threshold=2.1150000000000007 3.161 3.4915000000000007 -1.2064999999999999 2.7775000000000003 31.010500000000004 -0.53371312107676683 971.36400000000015 1.6410000000000002 36.129000000000012 28.401000000000003 996.78350000000012 7.4335000000000013 9.5825000000000014
decision_type=2 2 2 2 2 2 2 2 2 2 2 2 2 2
left_child=-1 4 -3 -4 -2 10 8 -8 -7 -9 11 -5 -12 -14
right_child=1 2 3 5 -6 6 7 9 -10 -11 12 -13 13 -15
leaf_value=-0.0010123549467764884 6.5057256265779739e-05 -0.0024135474807507329 -0.0063230399519400189 0.00015990835911188219 0.0064862150942521513 -0.00045141873251124402 0.0094177875219794496 -0.0020015929608433783 -0.017385164304784814 0.001020194034117524 0.0048187822758153191 -0.0046679653382366406 -0.0061942357566999858 0.0029689379793406247
leaf_weight=64 48 40 46 1255 40 61 47 77 40 44 42 43 40 65
leaf_count=64 48 40 46 1255 40 61 47 77 40 44 42 43 40 65
internal_value=-0.000153689 0.000105932 -0.000222222 0.000113636 0.00681818 0.000408401 -0.00315985 0.00119048 -0.010396 -0.00619835 0.00107266 0.000308166 0.00782313 0.00333333
internal_weight=1952 1888 1800 1760 88 1714 269 168 101 121 1445 1298 147 105
internal_count=1952 1888 1800 1760 88 1714 269 168 101 121 1445 1298 147 105
is_linear=0
shrinkage=0.05


Tree=222
num_leaves=15
num_cat=0
split_feature=4 4 4 5 4 6 2 2 6 3 3 4 4 4
split_gain=1.57337 1.12618 3.62747 1.5096 4.47813 4.46573 2.34686 4.07574 4.03622 4.37146 4.79395 2.07434 3.72111 3.96854
threshold=2.1150000000000007 3.161 3.4915000000000007 4.5410000000000013 10.128000000000002 -0.80849999999999989 0.73832635400310653 0.65278973532535922 0.20750000000000002 85.045000000000002 4.5170000000000003 6.0390000000000006 6.5150000000000015 6.7930000000000001
decision_type=2 2 2 2 2 2 2 2 2 2 2 2 2 2
left_child=-1 -2 -3 4 -4 -5 7 11 9 10 -8 -7 -13 -14
right_child=1 2 3 5 -6 6 8 -9 -10 -11 -12 12 13 -15
leaf_value=-0.00096173719943766403 0.0022287907758894846 -0.0022928701067131962 0.0030578343537259176 0.0099137548283806786 -0.015527039002605009 0.0017808241849994967 -0.00021227287888947455 0.020012006722412365 0.0011476127638931244 0.00039673954065323758 -0.013089691709865171 -0.0035266782554658873 0.0012070778931825956 -4.6727354820536032e-05
leaf_weight=64 88 40 50 42 41 209 56 44 40 66 73 52 43 1044
leaf_count=64 88 40 50 42 41 209 56 44 40 66 73 52 43 1044
internal_value=-0.000102459 0.000158898 -0.000111111 0.000227273 -0.00604396 0.000569203 0.000153657 0.000933908 -0.00446809 -0.0074359 -0.0127907 0.000445104 -0.000395083 0.000229991
internal_weight=1952 1888 1800 1760 91 1669 1627 1392 235 195 129 1348 1139 1087
internal_count=1952 1888 1800 1760 91 1669 1627 1392 235 195 129 1348 1139 1087
is_linear=0
shrinkage=0.05


Tree=223
num_leaves=15
num_cat=0
split_feature=4 6 6 5 2 0 5 4 2 5 4 4 6 1
split_gain=1.72313 1.4903 1.51005 2.42265 2.48303 1.74446 4.23042 4.18046 3.8534 3.64315 3.34116 4.94471 2.75805 3.96785
threshold=2.1150000000000007 -1.0599999999999998 -0.80849999999999989 5.7620000000000013 0.97513228625088877 14.025500000000003 18.583000000000002 3.5405000000000002 0.35923451902495462 16.574000000000005 4.3335000000000008 5.2275000000000009 -0.042499999999999989 0.94917575150333644
decision_type=2 2 2 2 2 2 2 2 2 2 2 2 2 2
left_child=-1 -2 -3 -4 5 6 7 -5 10 -9 -7 -12 -13 -14
right_child=1 2 3 4 -6 8 -8 9 -10 -11 11 12 13 -15
leaf_value=-0.00091365033946578112 0.00084415948173998116 -0.0035259286725911943 0.015905527134139223 0.0031641952220006794 -0.0025782413685111224 -0.0017195779323062044 0.0017438852277884165 0.00013677147007441494 -0.012123542322303282 -0.004513738644052071 0.015984903286796696 0.0050123087026559907 7.4856134573730865e-05 -0.015710093579700459
leaf_weight=64 73 46 56 51 62 66 63 345 91 49 48 63 811 64
leaf_count=64 73 46 56 51 62 66 63 345 91 49 48 63 811 64
internal_value=0.000256148 0.000529661 0.000247934 0.000480497 0.000145943 0.000514839 0.00295276 0.00123596 -0.000568679 -0.000507614 0.000285171 0.0010142 0.00021322 -0.000514286
internal_weight=1952 1888 1815 1769 1713 1651 508 445 1143 394 1052 986 938 875
internal_count=1952 1888 1815 1769 1713 1651 508 445 1143 394 1052 986 938 875
is_linear=0
shrinkage=0.05


Tree=224
num_leaves=15
num_cat=0
split_feature=4 6 1 1 7 7 1 2 7 3 3 4 6 3
split_gain=1.76717 1.44556 1.64599 3.42111 2.75238 2.72618 6.76834 5.45538 2.5739 2.31771 3.6587 4.1776 3.74159 4.64782
threshold=2.1150000000000007 -1.0599999999999998 0.67760851415498113 0.51909748604633899 589.92100000000016 422.18450000000007 -0.58011068582918257 0.96906388833713553 308.46400000000006 94.508500000000012 10.455000000000002 18.523000000000003 0.098500000000000018 4.9930000000000012
decision_type=2 2 2 2 2 2 2 2 2 2 2 2 2 2
left_child=-1 -2 3 5 -5 6 -3 -7 -8 10 11 12 -4 -14
right_child=1 2 9 4 -6 7 8 -9 -10 -11 -12 -13 13 -15
leaf_value=-0.00086796782249249206 0.00080195150765298158 -0.0054783354864849426 0.0072898463539665774 -0.0037299198075431946 -0.00023433201586970656 3.7052859271899389e-06 0.0016163573140343141 -0.0067887747037666648 0.0078797604880817759 0.0030433807987037959 -0.001949763944146643 0.0012783087485243483 -0.0041050905838426535 0.0036943782198335788
leaf_weight=64 73 47 44 42 70 994 43 51 68 150 152 42 68 44
leaf_count=64 73 47 44 42 70 994 43 51 68 150 152 42 68 44
internal_value=0.000358607 0.000635593 0.000358127 -0.000570342 -0.00892857 0.000207814 0.00632911 -0.000717703 0.0130631 0.0028 0.000571429 0.00505051 0.00128205 -0.00357143
internal_weight=1952 1888 1815 1315 112 1203 158 1045 111 500 350 198 156 112
internal_count=1952 1888 1815 1315 112 1203 158 1045 111 500 350 198 156 112
is_linear=0
shrinkage=0.05


Tree=225
num_leaves=15
num_cat=0
split_feature=6 6 5 6 0 5 3 6 5 8 8 1 7 6
split_gain=1.56191 3.58408 1.92507 3.36315 1.84791 3.02372 5.77623 5.77563 2.60073 2.6486 4.46763 3.18904 5.32507 5.20406
threshold=-1.0599999999999998 -0.80849999999999989 5.7620000000000013 -0.64049999999999996 4.0140000000000011 11.544000000000002 59.937000000000005 -0.22099999999999997 12.450000000000001 -2.1509999999999994 -2.3774999999999995 -0.86958133671945925 966.65150000000006 0.31750000000000006
decision_type=2 2 2 2 2 2 2 2 2 2 2 2 2 2
left_child=-1 -2 -3 -4 -5 6 -6 -8 -7 10 -10 -11 13 -13
right_child=1 2 3 4 5 8 7 -9 9 11 -12 12 -14 -15
leaf_value=0.00076185393227033303 -0.004673178638925757 0.024548278460492817 -0.0053859842900447763 -0.00028275620182848795 0.0030921421606021405 -0.008592087110063918 -0.0030411044394217769 0.010148031150437354 3.8623497815007403e-05 0.0018992607507279159 0.0045780984236861461 -0.0012770315721009062 0.001142795927498419 -0.0076440941346980519
leaf_weight=73 49 59 53 64 79 49 59 41 840 82 154 141 117 92
leaf_count=73 49 59 53 64 79 49 59 41 840 82 154 141 117 92
internal_value=0.000358607 7.98297e-05 0.000437158 0.000141163 0.000523865 0.000846433 0.00698324 -0.001 0.000101695 0.000490884 0.00191147 -0.00277778 -0.00485714 -0.00922747
internal_weight=1952 1879 1830 1771 1718 1654 179 100 1475 1426 994 432 350 233
internal_count=1952 1879 1830 1771 1718 1654 179 100 1475 1426 994 432 350 233
is_linear=0
shrinkage=0.05


Tree=226
num_leaves=15
num_cat=0
split_feature=7 7 6 5 4 0 1 5 3 5 3 3 3 5
split_gain=1.66712 2.98935 2.41423 2.18043 5.16891 3.50085 3.67629 2.47123 1.7609 6.27726 4.33395 4.2626 4.90168 4.26823
threshold=173.179 297.07900000000006 -1.0159999999999998 9.5970000000000031 15.242000000000003 8.5340000000000007 -0.017189842955271383 10.543000000000001 94.110500000000016 21.435000000000006 98.768500000000017 66.27500000000002 53.348000000000006 19.045500000000001
decision_type=2 2 2 2 2 2 2 2 2 2 2 2 2 2
left_child=-1 -2 -3 4 5 6 -4 -5 11 10 -10 12 -9 -13
right_child=1 2 3 7 -6 -7 -8 8 9 -11 -12 13 -14 -15
leaf_value=0.0081058260841576964 -0.0092631587852899724 0.0084862502181166973 0.0031869376162553978 0.00521678920816856 0.0059830199286461331 -0.003142644315972898 -0.0063500886593103826 -2.5978112742562622e-05 0.012195036490691358 -0.0038103409139599864 0.00074277132356475879 -0.0065368962635740553 0.0063282825110304464 -0.00012636667414839264
leaf_weight=40 64 42 42 47 47 45 75 1061 47 115 137 66 40 84
leaf_count=40 64 42 42 47 47 45 75 1061 47 115 137 66 40 84
internal_value=-0.000102459 -0.000313808 5.41126e-05 -0.000221484 -0.00502392 -0.00925926 -0.00470085 0.000407013 6.45161e-05 0.00351171 0.00923913 -0.000759392 0.000317893 -0.00866667
internal_weight=1952 1912 1848 1806 209 162 117 1597 1550 299 184 1251 1101 150
internal_count=1952 1912 1848 1806 209 162 117 1597 1550 299 184 1251 1101 150
is_linear=0
shrinkage=0.05


Tree=227
num_leaves=15
num_cat=0
split_feature=0 0 0 6 5 4 2 1 6 5 7 4 4 6
split_gain=2.16329 3.3243 3.76156 3.94193 2.85154 4.18829 3.37238 2.92598 4.07956 2.92482 4.97899 4.1156 3.86717 4.68568
threshold=4.8585000000000003 5.8935000000000004 7.6645000000000012 -0.41649999999999993 14.009000000000002 4.7830000000000004 0.8433585485889844 0.92034586237779081 -0.36849999999999994 15.913500000000001 520.58200000000011 4.3335000000000008 6.0390000000000006 -0.090499999999999983
decision_type=2 2 2 2 2 2 2 2 2 2 2 2 2 2
left_child=-1 -2 3 -3 5 -4 9 8 -7 -6 -11 -12 -13 -14
right_child=1 2 4 -5 6 7 -8 -9 -10 10 11 12 13 -15
leaf_value=-0.00033069863199433337 0.0099213510855552089 -0.0058251457808898045 0.0032944495503233365 -0.00056881400359504175 -0.0031606349959157122 0.0030426432694951214 -0.017735504502591405 0.019493802215197167 -0.0018586215951931885 0.0076034847222932779 -0.00049964436800088447 0.0038145255180784959 0.0064745965459008644 -0.00012878575861085054
leaf_weight=202 56 44 58 61 65 74 67 51 103 48 101 130 44 848
leaf_count=202 56 44 58 61 65 74 67 51 103 48 101 130 44 848
internal_value=-5.12295e-05 0.000514286 0.000118064 -0.00904762 0.000723726 0.00524476 -0.000268611 0.00219298 -0.000847458 0.000323625 0.00089667 0.000222618 0.00117417 0
internal_weight=1952 1750 1694 105 1589 286 1303 228 177 1236 1171 1123 1022 892
internal_count=1952 1750 1694 105 1589 286 1303 228 177 1236 1171 1123 1022 892
is_linear=0
shrinkage=0.05


Tree=228
num_leaves=15
num_cat=0
split_feature=0 7 2 0 0 6 2 2 7 1 7 5 4 4
split_gain=1.85819 2.68613 3.45772 2.60007 2.13591 2.32808 1.90028 2.09721 1.43466 3.53474 3.27367 2.72359 2.58858 4.79741
threshold=4.8585000000000003 559.06650000000002 0.91258592377976167 5.8935000000000004 7.6645000000000012 -0.41649999999999993 0.95250647826689006 0.88637546977843906 515.68450000000018 -0.48250327361223938 603.38450000000012 16.574000000000005 4.3335000000000008 6.0390000000000006
decision_type=2 2 2 2 2 2 2 2 2 2 2 2 2 2
left_child=1 2 -1 -2 5 -5 7 8 9 11 -10 -6 -12 -14
right_child=3 -3 -4 4 6 -7 -8 -9 10 -11 12 -13 13 -15
leaf_value=-0.01372440014698495 0.0094252835312774522 0.0028796499636854602 -0.00013494230635663075 -0.0055338884918453152 -0.001765690515433538 -0.00054037330341528695 0.0012404152449869144 -0.0080391229019918155 -0.002161999556378419 0.029743149262812942 -0.00036268826154412794 0.0036544686299053945 0.0049371056289143553 -3.6376899630435887e-05
leaf_weight=59 56 53 90 44 67 61 63 48 111 52 107 42 126 973
leaf_count=59 56 53 90 44 67 61 63 48 111 52 107 42 126 973
internal_value=-0.000409836 -0.0049505 -0.00838926 0.000114286 -0.000236128 -0.00714286 0.000220264 -0.000131062 0.000202977 0.00465839 -0.000341686 -0.000458716 0.000414594 0.0011374
internal_weight=1952 202 149 1750 1694 105 1589 1526 1478 161 1317 109 1206 1099
internal_count=1952 202 149 1750 1694 105 1589 1526 1478 161 1317 109 1206 1099
is_linear=0
shrinkage=0.05


Tree=229
num_leaves=15
num_cat=0
split_feature=5 4 6 6 6 4 6 7 1 6 4 8 7 6
split_gain=2.76016 5.4 4.04391 2.398 4.52189 3.38834 2.13132 5.08514 3.12864 2.09948 2.02596 2.20795 2.53273 3.90343
threshold=5.2115000000000009 11.223500000000003 -0.80849999999999989 -0.41649999999999993 -0.34499999999999992 5.1140000000000017 -0.18549999999999997 456.77900000000005 0.5043284533698108 -0.52549999999999997 3.161 -2.1509999999999994 643.7075000000001 0.16250000000000003
decision_type=2 2 2 2 2 2 2 2 2 2 2 2 2 2
left_child=1 -1 -2 5 -5 -4 8 -8 -6 -7 -9 -12 -13 -14
right_child=2 -3 3 4 6 9 7 10 -10 -11 11 12 13 -15
leaf_value=9.4876445567676496e-05 0.0079157887374500368 -0.012060447785063872 -0.0056107861348021933 0.01388924031139553 -3.4924852697570953e-06 0.00056427815893080881 0.0053362948895654076 0.0040061924745961874 -0.018364712069640281 -0.0034790833599066175 9.8812165926126519e-05 -0.0035464878283033466 0.0024707045690780861 -0.00051423397455518103
leaf_weight=80 41 40 65 54 91 75 48 61 45 44 872 80 73 283
leaf_count=80 41 40 65 54 91 75 48 61 45 44 872 80 73 283
internal_value=-0.000153689 -0.0075 0.000327511 -2.79174e-05 0.000591164 -0.00543478 9.65873e-05 0.00067043 -0.00588235 -0.000420168 0.000109569 -0.00030581 -0.00321101 -0.00140449
internal_weight=1952 120 1832 1791 1607 184 1553 1417 136 119 1369 1308 436 356
internal_count=1952 120 1832 1791 1607 184 1553 1417 136 119 1369 1308 436 356
is_linear=0
shrinkage=0.05


Tree=230
num_leaves=15
num_cat=0
split_feature=0 6 6 5 6 5 5 6 8 8 1 1 4 0
split_gain=2.59699 2.17113 3.1814 3.10113 2.19828 2.53411 2.61229 2.6619 2.59364 3.67395 3.15304 3.15899 2.73641 3.64608
threshold=1.2745000000000002 -1.0599999999999998 -0.64049999999999996 8.1375000000000011 -0.52549999999999997 7.5875000000000012 10.917500000000002 -0.24849999999999997 -2.1509999999999994 -2.3774999999999995 0.9594338453294492 0.85731462807633252 6.8595000000000015 16.443000000000005
decision_type=2 2 2 2 2 2 2 2 2 2 2 2 2 2
left_child=-1 -2 3 -3 -4 -6 7 -7 9 -8 11 12 -10 -14
right_child=1 2 4 -5 5 6 8 -9 10 -11 -12 -13 13 -15
leaf_value=-0.00082924086229934149 0.009562195032279952 -0.00022499076344115188 0.014889227612213691 -0.0050840167791614214 -0.0021145262326279501 -3.3178610062689629e-06 3.5574533111426556e-06 0.0054954429062377607 0.0008426668433389018 0.0036931676816616497 -0.0048054734735322084 0.0010285833598509015 -0.010287594769930332 -0.00031833774361857972
leaf_weight=56 55 64 62 42 60 51 863 67 127 154 56 48 58 189
leaf_count=56 55 64 62 42 60 51 863 67 127 154 56 48 58 189
internal_value=-0.000102459 0.00021097 -8.14775e-05 -0.00849057 0.000432277 8.96593e-05 0.000464972 0.00762712 -0.000100334 0.00132743 -0.00313808 -0.00165877 -0.00320856 -0.0062753
internal_weight=1952 1896 1841 106 1735 1673 1613 118 1495 1017 478 422 374 247
internal_count=1952 1896 1841 106 1735 1673 1613 118 1495 1017 478 422 374 247
is_linear=0
shrinkage=0.05


Tree=231
num_leaves=15
num_cat=0
split_feature=5 4 8 8 8 8 5 5 5 1 4 1 7 5
split_gain=2.60832 5.4 1.8 1.32756 2.0213 3.9249 4.21753 4.23545 4.02071 3.14097 2.82006 2.52318 3.8342 5.6604
threshold=5.2115000000000009 11.223500000000003 -1.2944999999999998 -0.43649999999999994 -2.2509999999999994 -2.3774999999999995 8.0605000000000029 12.172500000000001 13.947500000000002 0.081558489694578698 7.6530000000000014 -0.7266007961912001 949.27500000000009 22.145500000000002
decision_type=2 2 2 2 2 2 2 2 2 2 2 2 2 2
left_child=1 2 -1 4 5 6 -2 9 -9 -8 -7 -6 13 -13
right_child=3 -3 -4 -5 11 10 7 8 -10 -11 -12 12 -14 -15
leaf_value=-0.0003932909029942644 0.0066317234158670968 -0.011552659547178058 0.020476496840250515 0.0030711493946084748 0.0009316956278294119 0.0065980842907140055 -3.151967955955515e-06 0.018284698715050673 -4.6771604324198637e-05 -0.018920899964774265 0.00086036208248021497 -0.00052959654030690915 0.00065338516179136441 -0.012804990097204745
leaf_weight=40 41 40 40 76 136 46 41 48 823 44 62 303 156 56
leaf_count=40 41 40 40 76 136 46 41 48 823 44 62 303 156 56
internal_value=-0.000358607 -0.0075 0 0.00010917 -0.000170843 0.00113122 0.000150451 -0.000523013 0.000516648 -0.0111765 0.0101852 -0.00238095 -0.00398058 -0.00682451
internal_weight=1952 120 80 1832 1756 1105 997 956 871 85 108 651 515 359
internal_count=1952 120 80 1832 1756 1105 997 956 871 85 108 651 515 359
is_linear=0
shrinkage=0.05


Tree=232
num_leaves=15
num_cat=0
split_feature=0 6 6 7 7 7 7 3 0 0 0 0 7 7
split_gain=2.44872 2.31378 2.00051 1.24778 3.03823 2.61477 3.48257 2.1692 1.57834 1.54692 2.15072 3.92125 1.65152 2.29041
threshold=1.2745000000000002 -1.0599999999999998 -0.73099999999999987 1005.2670000000002 991.5245000000001 982.83000000000015 976.62000000000012 0.054500000000000007 34.838500000000003 33.615000000000009 31.852000000000004 30.620500000000003 957.59850000000017 943.81150000000014
decision_type=2 2 2 2 2 2 2 2 2 2 2 2 2 2
left_child=-1 -2 -3 4 5 6 8 -6 9 10 11 12 13 -4
right_child=1 2 3 -5 7 -7 -8 -9 -10 -11 -12 -13 -14 -15
leaf_value=-0.0012898589676157799 0.0088811007671919691 -0.0020874973743971932 2.8528968612531737e-05 0.0015167815171547639 2.0806997217145964e-05 0.00045948593824066895 -0.0036792792322668192 -0.0036005759207397847 0.0038023540938220582 -0.0014684194837271125 0.003291017716029443 -0.012981142249347016 0.003168710064795033 -0.0037021795327672608
leaf_weight=56 55 68 1164 41 44 98 56 62 40 42 79 43 60 44
leaf_count=56 55 68 1164 41 44 98 56 62 40 42 79 43 60 44
internal_value=-0.000409836 -0.000105485 -0.000407387 -8.46024e-05 -0.000288684 0.000246002 -0.00026178 -0.00849057 0.000203804 -6.98324e-05 0.000215827 -0.000266972 0.000236593 -0.000165563
internal_weight=1952 1896 1841 1773 1732 1626 1528 106 1472 1432 1390 1311 1268 1208
internal_count=1952 1896 1841 1773 1732 1626 1528 106 1472 1432 1390 1311 1268 1208
is_linear=0
shrinkage=0.05


Tree=233
num_leaves=15
num_cat=0
split_feature=0 6 6 7 5 4 8 4 3 6 7 4 7 7
split_gain=1.77571 1.47787 1.47111 1.2307 4.10889 2.52781 5.41738 2.94305 3.61816 2.17231 4.64698 3.77443 2.44633 4.66938
threshold=1.2745000000000002 -1.0599999999999998 -0.73099999999999987 367.85300000000007 9.1475000000000026 3.161 -2.6589999999999994 4.2190000000000003 13.679000000000002 -0.34499999999999992 475.07600000000008 10.216000000000003 552.71800000000019 603.38450000000012
decision_type=2 2 2 2 2 2 2 2 2 2 2 2 2 2
left_child=-1 -2 -3 4 -4 6 -5 8 -7 11 -11 -9 -12 -14
right_child=1 2 3 5 -6 7 -8 9 -10 10 12 -13 13 -15
leaf_value=-0.0012253660192349904 0.0084370457288323718 -0.0019831225056773346 0.0032567100131814021 -0.00062389529833723444 -0.023849081962128382 -0.0059191816049907701 0.007980894470871058 -0.0011227899269088432 0.00068604736367824384 -0.010348457937744707 0.001274213453360612 0.011239592175038183 -0.0077706327070921179 7.2829702987214925e-05
leaf_weight=56 55 68 50 60 40 71 62 49 45 65 85 61 58 1127
leaf_count=56 55 68 50 60 40 71 62 49 45 65 85 61 58 1127
internal_value=-0.000153689 0.000105485 -0.000135796 0.000141004 -0.00555556 0.000445633 0.00737705 -9.60922e-05 -0.00775862 0.000519031 -3.74532e-05 0.00727273 0.000629921 4.21941e-05
internal_weight=1952 1896 1841 1773 90 1683 122 1561 116 1445 1335 110 1270 1185
internal_count=1952 1896 1841 1773 90 1683 122 1561 116 1445 1335 110 1270 1185
is_linear=0
shrinkage=0.05


Tree=234
num_leaves=15
num_cat=0
split_feature=5 4 6 6 2 4 7 4 7 7 4 3 8 1
split_gain=2.87686 5.4 2.80172 2.97779 4.33146 2.82192 2.63768 5.13805 4.60802 2.80214 6.19134 2.81809 3.38556 5.22775
threshold=5.2115000000000009 11.223500000000003 -0.80849999999999989 -0.42749999999999994 0.58534685349953219 5.5260000000000007 449.64200000000005 5.2785000000000002 475.07600000000008 552.71800000000019 6.0390000000000006 16.507000000000001 -1.8954999999999997 0.53371312107676727
decision_type=2 2 2 2 2 2 2 2 2 2 2 2 2 2
left_child=1 -1 -2 4 -4 -6 7 -5 -8 10 -10 12 -11 -14
right_child=2 -3 3 6 5 -7 8 -9 9 11 -12 -13 13 -15
leaf_value=0.00025663603685211758 0.0075336651233046115 -0.010810380448146029 0.001940047290971922 0.0057120590789925931 -0.01555325365085663 -0.0027776059598660255 -0.019197083524277049 -0.0017511248759985111 -0.00017008850247781371 2.2150810458063111e-05 0.009743536464924818 -0.00028512816461706141 0.0050924554226391035 -0.00027758879545258797
leaf_weight=80 41 40 58 55 56 61 53 51 75 669 62 492 80 79
leaf_count=80 41 40 58 55 56 61 53 51 75 669 62 492 80 79
internal_value=0 -0.0075 0.000491266 0.000195422 -0.006 -0.0115385 0.000866337 0.00849057 0.000331126 0.000857927 0.00766423 0.000151515 0.00193237 0.00849057
internal_weight=1952 120 1832 1791 175 117 1616 106 1510 1457 137 1320 828 159
internal_count=1952 120 1832 1791 175 117 1616 106 1510 1457 137 1320 828 159
is_linear=0
shrinkage=0.05


Tree=235
num_leaves=15
num_cat=0
split_feature=0 6 6 3 6 0 0 4 2 8 2 4 4 3
split_gain=2.59699 2.17113 3.1814 2.72911 1.81018 2.10452 2.19703 6.201 8.15142 3.45972 2.38801 2.16107 4.79472 4.3883
threshold=1.2745000000000002 -1.0599999999999998 -0.64049999999999996 99.741000000000014 0.76550000000000018 34.720500000000008 30.403000000000002 6.8595000000000015 -0.96356381914947564 -2.6194999999999999 -0.95882411647426224 12.232500000000002 10.467000000000001 16.507000000000001
decision_type=2 2 2 2 2 2 2 2 2 2 2 2 2 2
left_child=-1 -2 3 -3 5 6 10 -8 -9 -10 -4 12 -12 -13
right_child=1 2 4 -5 -6 -7 7 8 9 -11 11 13 -14 -15
leaf_value=-0.0011769295201158475 0.0080023616405481453 -0.0034807378717007179 0.0061059090680656682 0.0022143600888894946 -0.00031848763842982355 0.0032543747105763816 0.0011979108519783567 -0.0075884576803365248 -0.006698178959836161 0.0019453029418108484 2.4375742652664459e-05 0.0040191173037337439 -0.012716299524814135 -9.3016528303191414e-05
leaf_weight=56 55 56 77 50 79 51 49 47 62 50 854 165 66 235
leaf_count=56 55 56 77 50 79 51 49 47 62 50 854 165 66 235
internal_value=-0.000102459 0.00021097 -8.14775e-05 -0.00849057 0.000432277 0.000785024 0.00046729 -0.00432692 -0.0091195 -0.00178571 0.0011811 0.000681818 -0.000652174 0.00375
internal_weight=1952 1896 1841 106 1735 1656 1605 208 159 112 1397 1320 920 400
internal_count=1952 1896 1841 106 1735 1656 1605 208 159 112 1397 1320 920 400
is_linear=0
shrinkage=0.05


Tree=236
num_leaves=15
num_cat=0
split_feature=0 6 6 4 2 4 8 2 7 2 0 8 4 1
split_gain=2.59699 1.69657 2.73259 1.80812 5.1344 3.39743 1.87567 3.61982 5.12425 3.10314 2.97727 2.86412 2.3839 3.31853
threshold=1.2745000000000002 0.76550000000000018 0.6645000000000002 29.045000000000005 0.040813519545864409 23.603500000000004 -3.3574999999999995 0.83399694777620859 580.28200000000004 -0.0085834810820868326 28.363500000000002 -3.2624999999999997 4.823500000000001 -0.12447811117596669
decision_type=2 2 2 2 2 2 2 2 2 2 2 2 2 2
left_child=-1 2 3 5 -5 6 7 8 -2 10 -10 -8 13 -13
right_child=1 -3 -4 4 -6 -7 11 -9 9 -11 -12 12 -14 -15
leaf_value=-0.0011180830441100554 0.0048123162424590195 -0.00030256325650833139 0.0012502245307336015 -0.0083800750499468894 0.0047677878756654029 0.012662345078559213 0.0025261060150469105 -0.0084788425684610268 0.0027298331605741244 -0.0035330924938664745 -0.012590629493121978 -0.00016280286448655813 -0.00011663605469129923 0.0018697162442239139
leaf_weight=56 40 79 77 61 42 63 46 50 58 42 43 115 1010 170
leaf_count=56 40 79 77 61 42 63 46 50 58 42 43 115 1010 170
internal_value=-0.000102459 0.00021097 0.00052284 0.000114943 -0.00631068 0.000519243 6.35324e-05 -0.00407725 -0.000819672 -0.00524476 -0.00049505 0.000782998 0.00034749 0.00438596
internal_weight=1952 1896 1817 1740 103 1637 1574 233 183 143 101 1341 1295 285
internal_count=1952 1896 1817 1740 103 1637 1574 233 183 143 101 1341 1295 285
is_linear=0
shrinkage=0.05


Tree=237
num_leaves=15
num_cat=0
split_feature=0 7 6 6 1 6 6 0 5 0 4 8 0 6
split_gain=2.14727 4.33929 2.58826 2.81802 2.12585 1.8717 2.53375 1.39182 2.03549 1.97242 5.78004 3.21975 2.41866 2.16524
threshold=2.6970000000000005 515.68450000000018 -1.0599999999999998 -0.64049999999999996 0.030073020370188292 0.76550000000000018 0.68500000000000016 32.981500000000004 32.093500000000006 30.403000000000002 7.4335000000000013 -2.5854999999999992 29.527500000000003 0.55750000000000022
decision_type=2 2 2 2 2 2 2 2 2 2 2 2 2 2
left_child=1 -1 -2 4 -4 6 7 9 -9 12 -11 -12 13 -5
right_child=2 -3 3 5 -6 -7 -8 8 -10 10 11 -13 -14 -15
leaf_value=-0.015225996812929183 0.014085802928247194 0.0015417194799758978 -0.0075864967262964326 0.00013132581221220185 -0.00016781282056400616 -0.00028743509368291397 0.0025481437157664553 0.0038086700275770423 5.9278339833183929e-05 0.0008134590451596952 -0.023946275133256215 -0.00097109357910591949 0.0046960599324968669 -0.0043736635655132567
leaf_weight=54 45 42 42 1227 56 79 50 40 67 46 44 43 54 63
leaf_count=54 45 42 42 1227 56 79 50 40 67 46 44 43 54 63
internal_value=0 -0.00729167 0.000377155 8.28272e-05 -0.00816327 0.000554583 0.000917993 0.000568182 0.00607477 0.000169262 -0.0056391 -0.0132184 0.000744048 0.000310078
internal_weight=1952 96 1856 1811 98 1713 1634 1584 107 1477 133 87 1344 1290
internal_count=1952 96 1856 1811 98 1713 1634 1584 107 1477 133 87 1344 1290
is_linear=0
shrinkage=0.05


Tree=238
num_leaves=15
num_cat=0
split_feature=6 6 5 6 8 4 4 4 0 5 8 1 1 0
split_gain=1.7146 1.61508 2.75424 2.54444 1.39057 1.39029 2.56187 2.00672 2.07747 3.16549 2.72378 2.5177 5.36542 4.55409
threshold=-1.2064999999999999 0.72750000000000015 31.351500000000005 0.6645000000000002 0.31400000000000006 29.045000000000005 33.982000000000006 23.603500000000004 32.981500000000004 30.672000000000004 -2.9149999999999996 -0.36924373704146674 -0.15855791680139872 6.5855000000000006
decision_type=2 2 2 2 2 2 2 2 2 2 2 2 2 2
left_child=-1 3 -3 4 5 7 -7 8 9 11 -11 13 -13 -2
right_child=1 2 -4 -5 -6 6 -8 -9 -10 10 -12 12 -14 -15
leaf_value=-0.0053928916657535637 0.031191814184705031 -0.0043396526427771868 0.0004054432513396042 0.0030292524831710384 0.014530644729088132 -0.013570838138274239 0.00021832912340064015 0.010683578696311081 0.0007850070942142254 -0.012138491102956755 -5.4578028572230267e-05 -0.010984486277321497 -2.0764488763092005e-06 0.00028121718107513297
leaf_weight=49 42 57 47 52 44 45 50 57 98 68 71 68 783 421
leaf_count=49 42 57 47 52 44 45 50 57 98 68 71 68 783 421
internal_value=5.12295e-05 0.000289017 -0.00576923 0.000639244 0.000314825 8.80799e-05 -0.00578947 0.000435323 9.67118e-05 -0.000378527 -0.00755396 0.000380518 -0.00123384 0.00334773
internal_weight=1952 1903 104 1799 1747 1703 95 1608 1551 1453 139 1314 851 463
internal_count=1952 1903 104 1799 1747 1703 95 1608 1551 1453 139 1314 851 463
is_linear=0
shrinkage=0.05


Tree=239
num_leaves=15
num_cat=0
split_feature=7 6 8 0 4 5 5 2 0 1 5 4 7 5
split_gain=1.19163 1.79269 3.04867 1.66884 1.38592 1.93566 3.70835 2.43113 3.34056 3.00408 3.56258 1.91492 2.27267 3.85981
threshold=1005.2670000000002 0.72750000000000015 -2.5709999999999993 34.720500000000008 2.1150000000000007 30.672000000000004 29.427500000000006 -0.87204617232061787 28.854500000000005 -0.051549210996800328 25.066000000000006 11.928000000000003 913.9815000000001 33.550500000000007
decision_type=2 2 2 2 2 2 2 2 2 2 2 2 2 2
left_child=1 3 -3 4 -1 6 7 9 -9 -6 -11 12 -7 -14
right_child=-2 2 -4 -5 5 11 -8 8 -10 10 -12 -13 13 -15
leaf_value=-0.00067735769398938718 0.0012549338583140335 0.00038517108877262398 -0.0013084655233545032 0.0029231364025928464 -0.011042529763053742 0.00069350135122469019 0.0066176713393692778 0.00012623205743819699 0.010640899332838728 0.0062275152932420421 -0.010942266782282328 -0.011541514201885173 -0.0069490247362170082 0.00069319070394532759
leaf_weight=61 41 41 56 47 40 43 55 1283 45 48 44 51 47 50
leaf_count=61 41 41 56 47 40 43 55 1283 45 48 44 51 47 50
internal_value=0.000102459 -7.84929e-05 -0.00670103 0.000275634 2.82965e-05 0.000293083 0.000891089 0.000410959 0.00105422 -0.00606061 -0.00108696 -0.00445026 -0.00142857 -0.0056701
internal_weight=1952 1911 97 1814 1767 1706 1515 1460 1328 132 92 191 140 97
internal_count=1952 1911 97 1814 1767 1706 1515 1460 1328 132 92 191 140 97
is_linear=0
shrinkage=0.05


Tree=240
num_leaves=15
num_cat=0
split_feature=7 0 6 8 8 0 6 8 4 8 7 5 1 6
split_gain=1.61505 3.04095 3.5975 9.29068 3.25503 5.49949 2.72033 2.5751 2.28476 2.2798 2.70455 3.2561 4.29631 2.62804
threshold=929.58550000000014 28.363500000000002 0.33650000000000008 -2.7609999999999997 -2.5329999999999999 31.852000000000004 0.16800000000000004 -1.8739999999999999 2.1150000000000007 -3.4204999999999997 943.81150000000014 28.401000000000003 0.1837425755813806 0.41050000000000003
decision_type=2 2 2 2 2 2 2 2 2 2 2 2 2 2
left_child=1 2 8 -4 5 -3 -2 -5 -1 -8 -11 12 -12 -13
right_child=6 4 3 7 -6 -7 9 -9 -10 10 11 13 -14 -15
leaf_value=-0.0044811072366127613 0.0082241310649832314 -0.01248670043634747 0.027658612982868314 0.0053332659576134705 0.00053385219255667755 0.0015236691704096994 -0.0036247551501457408 -0.0041378998867961985 -9.3016068660145567e-05 0.0029142182794804185 -0.0089339694076132851 0.0064568375376882654 9.6522918503211269e-05 0.00010893224216748793
leaf_weight=56 40 61 46 55 59 52 40 47 1023 54 43 59 165 152
leaf_count=56 40 61 46 55 59 52 40 47 1023 54 43 59 165 152
internal_value=0.000153689 -0.000750536 0.000122249 0.00743243 -0.00697674 -0.0119469 0.00244123 -0.000980392 -0.000880445 0.00146199 0.00243129 0.00107399 -0.00336538 0.00545024
internal_weight=1952 1399 1227 148 172 113 553 102 1079 513 473 419 208 211
internal_count=1952 1399 1227 148 172 113 553 102 1079 513 473 419 208 211
is_linear=0
shrinkage=0.05


Tree=241
num_leaves=15
num_cat=0
split_feature=3 3 3 8 5 4 6 7 1 2 2 5 0 0
split_gain=1.40238 7.97101 5.5263 4.83095 4.67957 4.18447 3.70278 6.69713 5.05798 3.16014 3.60954 5.52286 3.59529 9.78261
threshold=39.690500000000007 54.917500000000011 66.27500000000002 0.18850000000000003 22.435500000000005 10.216000000000003 -0.15249999999999997 512.01700000000017 -0.051549210996800328 0.98217423127542058 0.78884570776442897 11.111000000000002 9.5615000000000023 5.4510000000000014
decision_type=2 2 2 2 2 2 2 2 2 2 2 2 2 2
left_child=9 -2 -3 4 6 -6 -4 -8 -9 10 11 -1 13 -12
right_child=1 2 3 -5 5 -7 7 8 -10 -11 12 -13 -14 -15
leaf_value=0.0051314949950321742 -0.017318115922708988 0.0028997987614709704 -0.00017954846424882989 -0.0200499993594597 -0.012096431785779139 0.00096777193721749868 0.014137330890255484 -0.0035983120453511445 0.0037676544131083124 0.0086120948370049903 -0.0020841448253297911 0.00010815328688085213 -0.01004681542527024 0.0055604359232898394
leaf_weight=45 66 50 325 43 79 75 41 42 104 40 46 903 47 46
leaf_count=45 66 50 325 43 79 75 41 42 104 40 46 903 47 46
internal_value=5.12295e-05 -0.00151515 -6.58762e-05 -0.00119887 -0.00015015 -0.00779221 0.00214844 0.00775401 0.00273973 0.00119787 0.000689972 0.00179325 -0.00683453 -0.00108696
internal_weight=1952 825 759 709 666 154 512 187 146 1127 1087 948 139 92
internal_count=1952 825 759 709 666 154 512 187 146 1127 1087 948 139 92
is_linear=0
shrinkage=0.05


Tree=242
num_leaves=15
num_cat=0
split_feature=7 6 8 6 0 4 0 4 2 0 2 2 8 4
split_gain=1.76288 2.11786 3.04867 2.662 1.75511 3.31948 2.0095 5.93389 2.94498 2.17497 2.3007 4.4201 2.0226 2.74959
threshold=1005.2670000000002 0.72750000000000015 -2.5709999999999993 0.6645000000000002 32.981500000000004 9.4695000000000018 30.403000000000002 7.4335000000000013 -0.86350450715563698 29.625500000000002 -0.95882411647426224 -0.87620967433411445 -3.7704999999999997 7.4335000000000013
decision_type=2 2 2 2 2 2 2 2 2 2 2 2 2 2
left_child=1 3 -3 4 6 -6 9 -8 -9 10 -1 -12 13 -13
right_child=-2 2 -4 -5 5 -7 7 8 -10 -11 11 12 -14 -15
leaf_value=0.0077039065801116115 0.0011107994079523999 6.3813279105118256e-05 -0.0010278239823946766 0.0023772884026169758 0.0019260801080177581 -0.0010609786335452496 0.0015555994897904089 -0.01058818343092764 -0.0088151062695704142 0.0027867616382084392 -0.017806252551590667 -0.009748179988093731 0.00015199993497753695 0.0010735483949316949
leaf_weight=42 41 41 56 48 57 43 44 41 44 42 46 62 1300 45
leaf_count=42 41 41 56 48 57 43 44 41 44 42 46 62 1300 45
internal_value=0.000717213 0.000497122 -0.00670103 0.000882029 0.000566251 0.007 0.000180072 -0.00581395 -0.0135294 0.000683149 0.000367893 3.44116e-05 0.000533049 -0.00607477
internal_weight=1952 1911 97 1814 1766 100 1666 129 85 1537 1495 1453 1407 107
internal_count=1952 1911 97 1814 1766 100 1666 129 85 1537 1495 1453 1407 107
is_linear=0
shrinkage=0.05


Tree=243
num_leaves=15
num_cat=0
split_feature=7 7 2 3 4 4 8 0 4 4 0 3 8 6
split_gain=1.9437 3.45941 2.61435 2.52242 3.42504 2.94924 2.89764 3.62047 2.7339 4.20929 4.94379 4.1122 3.55347 3.51868
threshold=918.28100000000006 902.11500000000012 -0.71840966893412694 8.4425000000000008 16.252500000000001 27.641500000000004 -2.2279999999999993 26.199500000000004 18.717000000000002 12.768500000000001 28.705500000000004 2.8800000000000003 -2.5904999999999996 0.46550000000000008
decision_type=2 2 2 2 2 2 2 2 2 2 2 2 2 2
left_child=1 2 -1 5 6 8 7 -5 9 10 11 -2 13 -12
right_child=3 -3 -4 4 -6 -7 -8 -9 -10 -11 12 -13 -14 -15
leaf_value=-0.011822530498585768 -0.0064322825349012909 -0.010379032917779397 0.00013017034455821143 -0.0010791904941173825 -0.00022256435885894545 0.0017349017647447285 0.0078856239026619309 0.0092788941061306002 -0.0026244896110751178 0.0053740741761049886 0.0023524260358338601 0.00019250314491918026 0.0031435974228081172 -0.0048312032754252686
leaf_weight=60 65 56 1237 43 55 48 41 53 45 48 49 42 65 45
leaf_count=60 65 56 1237 43 55 48 41 53 45 48 49 42 65 45
internal_value=0.000717213 -0.000332594 0.000192753 0.00308848 0.0078125 0.000859951 0.0120438 0.00729167 -0.000696379 0.000955414 -0.00150376 -0.00981308 0.00408805 -0.00212766
internal_weight=1952 1353 1297 599 192 407 137 96 359 314 266 107 159 94
internal_count=1952 1353 1297 599 192 407 137 96 359 314 266 107 159 94
is_linear=0
shrinkage=0.05


Tree=244
num_leaves=15
num_cat=0
split_feature=0 8 0 8 8 8 3 3 8 1 3 1 0 4
split_gain=1.66045 3.3878 2.60542 5.39823 3.86397 3.29485 2.516 4.84213 7.18073 1.83391 3.73662 2.78278 1.47724 4.93501
threshold=8.1645000000000021 -3.2434999999999996 10.454500000000001 -3.1344999999999996 -1.9944999999999997 -3.9539999999999993 59.937000000000005 12.853000000000003 -2.3944999999999994 -0.05591647229452347 98.324500000000015 0.71089581899715537 33.615000000000009 12.466500000000002
decision_type=2 2 2 2 2 2 2 2 2 2 2 2 2 2
left_child=1 -1 3 -2 -5 -4 7 8 -3 -8 -11 -12 -7 -14
right_child=2 6 5 4 -6 12 9 -9 -10 10 11 -13 13 -15
leaf_value=-0.0039856058352690281 0.0095179496801365508 0.0051347382378253374 -0.010918688810674704 -0.0011596871831320687 0.0013263695731531135 0.00016452543660093954 0.0007910270950585122 0.0091068348274972507 -0.0034181961582064333 -0.019121948289868858 -0.0027062454445833713 0.014776346315708662 0.00054399998264271501 -0.0024281194915601436
leaf_weight=76 46 45 41 55 67 1224 52 42 65 50 40 41 67 41
leaf_count=76 46 45 41 55 67 1224 52 42 65 50 40 41 67 41
internal_value=0.000512295 -0.00231144 0.00126541 0.00714286 0.00163934 0.000546249 -0.000149254 0.00460526 -0.000909091 -0.00409836 -0.00725191 -0.000617284 0.000975976 -0.00462963
internal_weight=1952 411 1541 168 122 1373 335 152 110 183 131 81 1332 108
internal_count=1952 411 1541 168 122 1373 335 152 110 183 131 81 1332 108
is_linear=0
shrinkage=0.05


Tree=245
num_leaves=15
num_cat=0
split_feature=0 7 7 4 8 5 3 1 5 5 5 5 8 0
split_gain=1.55891 3.84657 4.03235 4.78184 2.4306 2.076 5.15875 3.2927 2.5754 2.54227 2.17098 2.72865 2.65681 1.48368
threshold=5.6080000000000014 559.06650000000002 466.34600000000006 6.3875000000000002 -3.8664999999999998 11.544000000000002 94.908500000000018 0.20061247795988868 9.5970000000000031 13.025500000000003 14.103000000000003 16.093500000000002 -2.2509999999999994 33.83250000000001
decision_type=2 2 2 2 2 2 2 2 2 2 2 2 2 2
left_child=1 2 3 -1 -2 6 8 -8 -6 -7 -11 12 -12 -13
right_child=4 -3 -4 -5 5 9 7 -9 -10 10 11 13 -14 -15
leaf_value=0.0052163209260907189 -0.0027877809097988054 0.001212642749720655 -0.0030938376421681835 -0.014182248251005353 0.00099523162207207925 -0.0022758512718987741 -0.0056318923072565287 0.018121573455385096 0.014739021500015737 0.00089210731623469159 0.00020510961731833312 0.000283023893515787 -0.0070608325924386489 -0.00019134345954613803
leaf_weight=50 78 61 64 59 78 68 62 58 41 65 53 1060 54 101
leaf_count=50 78 61 64 59 78 68 62 58 41 65 53 1060 54 101
internal_value=0.000409836 -0.0034188 -0.00722543 -0.00137615 0.000931315 0.00134146 0.00564854 -0.00166667 0.0130252 0.000606709 0.00108777 0.000630915 -0.00700935 0.00133506
internal_weight=1952 234 173 109 1718 1640 239 120 119 1401 1333 1268 107 1161
internal_count=1952 234 173 109 1718 1640 239 120 119 1401 1333 1268 107 1161
is_linear=0
shrinkage=0.05


Tree=246
num_leaves=15
num_cat=0
split_feature=0 8 3 3 4 4 7 2 6 2 3 4 4 4
split_gain=1.81441 2.22759 3.55304 3.37719 3.85154 2.2087 2.76022 6.93399 1.82392 3.37884 4.11429 2.41602 2.91638 4.43364
threshold=8.1645000000000021 -3.2434999999999996 59.937000000000005 12.853000000000003 7.5230000000000006 16.378000000000004 473.13300000000004 0.94713111268739625 -0.52549999999999997 0.81404609350821777 58.476000000000006 6.9050000000000002 8.1105000000000018 9.4695000000000018
decision_type=2 2 2 2 2 2 2 2 2 2 2 2 2 2
left_child=1 -1 3 4 -3 6 7 -4 -2 11 -11 -10 -13 -14
right_child=8 2 5 -5 -6 -7 -8 -9 9 10 -12 12 13 -15
leaf_value=-0.0036316336613971718 0.0045286233422231039 0.0011201434605352585 0.018635002968956271 0.0089811685018457155 -0.0035818198687755012 -0.0066530629326185036 -0.0044184846660013464 -0.0056819928854977223 0.00050019886857474304 -0.010268872951194953 0.00070253384561197538 -0.0024781675762177461 0.0024908981274829158 -6.5479370889373617e-05
leaf_weight=76 77 68 51 42 42 46 41 45 404 60 45 156 133 666
leaf_count=76 77 68 51 42 42 46 41 45 404 60 45 156 133 666
internal_value=0.000153689 -0.00279805 -0.00104478 0.00460526 0 -0.0057377 -0.00255474 0.00208333 0.000940947 0.000546448 -0.00809524 0.00121413 -0.000157068 0.00106383
internal_weight=1952 411 335 152 110 183 137 96 1541 1464 105 1359 955 799
internal_count=1952 411 335 152 110 183 137 96 1541 1464 105 1359 955 799
is_linear=0
shrinkage=0.05


Tree=247
num_leaves=15
num_cat=0
split_feature=7 7 6 0 7 7 2 0 2 6 4 4 0 2
split_gain=1.61678 3.51565 3.57433 2.31535 6.02994 3.88579 2.4433 1.55289 3.35644 5.34754 5.55559 5.64831 8.00594 6.68854
threshold=173.179 284.38900000000007 -1.0599999999999998 5.6080000000000014 538.17700000000013 466.34600000000006 0.95506028457921099 18.950000000000006 -0.57240397273781507 0.33350000000000007 12.232500000000002 5.5260000000000007 15.763500000000002 0.71541278717867718
decision_type=2 2 2 2 2 2 2 2 2 2 2 2 2 2
left_child=-1 -2 -3 4 5 -4 7 8 -5 10 11 13 -13 -10
right_child=1 2 3 6 -6 -7 -8 -9 9 -11 -12 12 -14 -15
leaf_value=0.0050077553740321915 -0.0073165974804103723 0.0085298221446549315 -0.00071347498255976973 -0.0092596122887278372 0.0012368555555146779 -0.0035578127735549428 0.0006442389683215912 0.00023592700740016417 0.0020144477107121306 0.0028667497799552636 0.0068683153949966854 -0.0025206987475827058 -0.02548957739133394 -0.0028869330234099601
leaf_weight=40 56 40 52 55 64 49 76 911 89 91 170 125 40 94
leaf_count=40 56 40 52 55 64 49 76 911 89 91 170 125 40 94
internal_value=5.12295e-05 -0.000156904 0.000215517 -0.000110132 -0.00575758 -0.0133663 0.00045427 3.1746e-05 -0.00180723 -0.000738916 -0.0027027 -0.00632184 -0.0130303 -0.000273224
internal_weight=1952 1912 1856 1816 165 101 1651 1575 664 609 518 348 165 183
internal_count=1952 1912 1856 1816 165 101 1651 1575 664 609 518 348 165 183
is_linear=0
shrinkage=0.05


Tree=248
num_leaves=15
num_cat=0
split_feature=0 2 6 5 6 8 6 2 2 6 2 8 7 1
split_gain=1.94256 3.16572 2.27502 2.47294 3.26424 2.22759 2.76227 3.71503 5.35848 3.82953 3.26049 2.20228 8.53438 6.03595
threshold=8.1645000000000021 0.95250647826689006 -0.59049999999999991 11.246 -0.22099999999999997 -3.2434999999999996 -0.90499999999999992 0.81404609350821777 0.94713111268739625 -0.090499999999999983 0.60605034090854637 -1.9259999999999997 966.65150000000006 -0.93535928755917819
decision_type=2 2 2 2 2 2 2 2 2 2 2 2 2 2
left_child=5 2 -2 4 -4 -1 -7 9 -9 10 -8 -5 13 -13
right_child=1 -3 3 11 -6 6 7 8 -10 -11 -12 12 -14 -15
leaf_value=-0.0032721613396495689 -0.0028988475632543871 0.0011931289099533402 -0.00010683320327123104 0.00029235012480007818 0.0053909666329137636 -0.0045830024313954654 0.010860668955281611 0.02076750739927663 -0.00038161853426807446 -0.0069691565310371021 -0.0026266155964075112 0.0016598926058152552 0.0014740276046371654 -0.0060402218439871633
leaf_weight=76 41 54 41 1060 47 72 44 60 67 47 45 45 81 172
leaf_count=76 41 54 41 1060 47 72 44 60 67 47 45 45 81 172
internal_value=0.000256148 0.00107073 0.00063887 0.000968188 0.00909091 -0.00279805 -0.00104478 0.0013308 0.00748031 -0.00441176 0.00168539 0.000441826 -0.0033557 -0.00852535
internal_weight=1952 1541 1487 1446 88 411 335 263 127 136 89 1358 298 217
internal_count=1952 1541 1487 1446 88 411 335 263 127 136 89 1358 298 217
is_linear=0
shrinkage=0.05


Tree=249
num_leaves=15
num_cat=0
split_feature=0 2 2 0 5 7 2 6 6 4 0 3 6 8
split_gain=2.37107 2.40475 2.60886 1.99389 2.97948 3.35007 8.55263 4.94963 2.83625 1.87226 3.0756 5.76321 5.07413 2.58819
threshold=8.1645000000000021 0.95250647826689006 0.69017338824297181 6.7940000000000014 14.009000000000002 466.34600000000006 0.78884570776442897 -0.79149999999999998 -0.41649999999999993 6.0390000000000006 29.527500000000003 29.264500000000002 0.27300000000000008 -3.5459999999999998
decision_type=2 2 2 2 2 2 2 2 2 2 2 2 2 2
left_child=3 2 9 4 5 7 -7 -1 -5 10 11 12 -2 -11
right_child=1 -3 -4 8 -6 6 -8 -9 -10 13 -12 -13 -14 -15
leaf_value=-0.0052049432322905272 -0.002818107417062224 0.0011334724644556666 -0.00129881895731776 -0.0055946161361238259 0.0012418841049316204 9.0038747909870775e-05 -0.0035008175794345579 0.015070114628918621 -0.00094458522088386454 -0.0039529265599361407 0.012307924827960781 0.0037203537238629128 0.00078490463740714118 0.00016581450866900023
leaf_weight=69 74 54 137 40 41 76 52 76 57 84 62 95 45 990
leaf_count=69 74 54 137 40 41 76 52 76 57 84 62 95 45 990
internal_value=-0.000153689 0.000746269 0.000369872 -0.00352798 -0.00159236 -0.00347985 -0.009375 0.00172414 -0.00979381 0.00103704 0.00471014 0.00186916 -0.00546218 9.31099e-05
internal_weight=1952 1541 1487 411 314 273 128 145 97 1350 276 214 119 1074
internal_count=1952 1541 1487 411 314 273 128 145 97 1350 276 214 119 1074
is_linear=0
shrinkage=0.05


Tree=250
num_leaves=15
num_cat=0
split_feature=7 7 6 6 8 4 3 2 2 7 7 5 5 6
split_gain=1.66712 4.50474 3.62662 2.74306 1.72022 6.79218 2.78019 2.14394 3.22751 3.06133 2.22647 2.99235 5.77421 4.46304
threshold=173.179 284.38900000000007 -1.0599999999999998 -0.74899999999999989 -1.0249999999999997 14.135000000000002 79.703500000000005 0.97513228625088877 0.90542393716278702 462.57000000000005 435.80000000000007 10.917500000000002 12.172500000000001 -0.28849999999999992
decision_type=2 2 2 2 2 2 2 2 2 2 2 2 2 2
left_child=-1 -2 -3 -4 7 -6 -7 8 10 -10 -5 -12 -13 -14
right_child=1 2 3 4 5 6 -8 -9 9 -11 11 12 13 -15
leaf_value=0.0052467648885148772 -0.0073580345360375792 0.0084275827438078238 -0.0058688976390029127 -0.0043896507648048923 -0.0038360824112815928 -0.00027671913391386083 0.01354213070643163 -0.0023209343920959956 0.003862427050998235 9.3644149519671316e-05 0.0033863890779651327 -0.0068396279614047709 0.0090909276127897464 2.5691930095704531e-05
leaf_weight=40 56 40 52 50 45 43 40 67 43 45 78 41 68 1244
leaf_count=40 56 40 52 50 45 43 40 67 43 45 78 41 68 1244
internal_value=-0.000102459 -0.000313808 0.000107759 -0.000220264 0.000113379 -0.00546875 0.00301205 0.000550122 0.000924156 0.0102273 0.000371371 0.000733753 0.000184775 0.000762195
internal_weight=1952 1912 1856 1816 1764 128 83 1636 1569 88 1481 1431 1353 1312
internal_count=1952 1912 1856 1816 1764 128 83 1636 1569 88 1481 1431 1353 1312
is_linear=0
shrinkage=0.05


Tree=251
num_leaves=15
num_cat=0
split_feature=7 4 6 1 7 6 7 7 5 6 4 2 4 2
split_gain=2.018 1.88041 1.8686 2.44388 1.6084 3.52067 3.49052 1.55939 2.20257 3.01499 2.08979 3.10522 3.06444 3.92394
threshold=1005.2670000000002 2.1150000000000007 0.72750000000000015 -0.30451802849190396 991.5245000000001 0.44050000000000006 982.83000000000015 173.179 5.2115000000000009 -0.79149999999999998 3.161 0.69017338824297181 10.3665 0.88234143329564307
decision_type=2 2 2 2 2 2 2 2 2 2 2 2 2 2
left_child=1 -1 4 -4 6 -6 7 -3 -9 -10 -11 -12 13 -13
right_child=-2 2 3 -5 5 -7 -8 8 9 10 11 12 -14 -15
leaf_value=-0.00084984890476123712 0.00081470297793155306 0.0049844266440891355 0.00016084013186899658 -0.00077917962651518626 0.00051077214846900754 -0.0044523705265540709 0.0024501554128806592 -0.0036956118751456657 0.0063006602297233762 0.0016809449008399731 9.4510891701460325e-05 -0.0029034219700206053 0.0047517296568913682 -0.0001898368670725681
leaf_weight=63 41 40 42 55 49 42 84 81 46 72 1069 100 46 122
leaf_count=63 41 40 42 55 49 42 84 81 46 72 1069 100 46 122
internal_value=0 -0.000235479 5.41126e-05 -0.00670103 0.000428327 -0.00604396 0.000783133 0.000253807 0 0.000446735 3.54862e-05 -0.000411369 -0.00522388 -0.00765766
internal_weight=1952 1911 1848 97 1751 91 1660 1576 1536 1455 1409 1337 268 222
internal_count=1952 1911 1848 97 1751 91 1660 1576 1536 1455 1409 1337 268 222
is_linear=0
shrinkage=0.05


Tree=252
num_leaves=15
num_cat=0
split_feature=7 7 6 4 1 6 7 5 6 7 4 4 1 3
split_gain=2.13585 1.7213 2.19922 5.91139 4.96855 5.16188 4.42772 3.99035 4.41406 3.51616 4.23478 3.23787 2.19022 5.56071
threshold=1003.0390000000001 173.179 -0.18549999999999997 2.4405000000000006 0.36523833096101394 -0.28099999999999997 456.77900000000005 11.976500000000003 -0.52549999999999997 297.07900000000006 15.338500000000002 5.3710000000000013 0.93168921928840098 5.0020000000000007
decision_type=2 2 2 2 2 2 2 2 2 2 2 2 2 2
left_child=1 -1 3 -3 5 9 -4 8 -6 -5 11 -11 -8 -14
right_child=-2 2 6 4 7 -7 12 -9 -10 10 -12 -13 13 -15
leaf_value=0.0047352053118846771 0.00034586743167441678 -0.02187705541699262 0.0048894330957586002 -0.0042621048583990689 -0.0012124848692256275 -0.0091209746122436607 -6.1958165624512171e-05 0.0002009197134415608 -0.025740092525203262 0.0084549063362286212 0.017194316116629416 -0.0028561102029276367 -0.0010432669347976487 0.0038991289258017373
leaf_weight=40 48 47 49 40 77 41 1129 63 45 68 49 63 67 126
leaf_count=40 48 47 49 40 77 41 1129 63 45 68 49 63 67 126
internal_value=0 -0.000262605 -0.000482833 -0.00334686 -0.00156951 0.00287356 0.000547046 -0.00783784 -0.0131148 0.00590909 0.00888889 0.00419847 0 0.00492228
internal_weight=1952 1904 1864 493 446 261 1371 185 122 220 180 131 1322 193
internal_count=1952 1904 1864 493 446 261 1371 185 122 220 180 131 1322 193
is_linear=0
shrinkage=0.05


Tree=253
num_leaves=15
num_cat=0
split_feature=8 7 8 2 6 3 6 4 3 2 8 0 3 6
split_gain=2.30422 2.09686 2.14481 2.34172 4.0082 4.8974 2.69252 4.07316 6.10159 2.10928 1.90963 3.99901 3.85004 4.30092
threshold=0.50100000000000011 1005.2670000000002 -0.13199999999999998 0.98805528087738748 -0.64049999999999996 99.995500000000007 -0.34499999999999992 9.240000000000002 98.324500000000015 0.93851706827667047 -3.0414999999999996 10.454500000000001 59.338000000000001 0.37550000000000006
decision_type=2 2 2 2 2 2 2 2 2 2 2 2 2 2
left_child=1 2 3 4 5 -1 7 8 -6 10 11 -8 13 -13
right_child=-2 -3 -4 -5 6 -7 9 -9 -10 -11 -12 12 -14 -15
leaf_value=-0.0061950272800213764 0.0060546287484320675 0.00075667445745125454 -0.0072391853189119892 0.0016147357011602583 0.0011265870178832904 0.0020916032268973208 0.001133642763031173 0.02719235496580652 -0.010375743101659163 -0.0047852706143477813 8.4431265216483586e-05 0.0016510578925778001 -0.0070800280716893961 -0.004644935246124836
leaf_weight=69 44 41 44 79 63 56 66 55 42 44 1071 120 61 97
leaf_count=69 44 41 44 79 63 56 66 55 42 44 1071 120 61 97
internal_value=5.12295e-05 -0.000209644 -0.000455276 -0.000191991 -0.000573394 -0.0092 9.26498e-05 0.00625 0.00047619 -0.000582591 -0.00024735 -0.00348837 -0.00611511 -0.00299539
internal_weight=1952 1908 1867 1823 1744 125 1619 160 105 1459 1415 344 278 217
internal_count=1952 1908 1867 1823 1744 125 1619 160 105 1459 1415 344 278 217
is_linear=0
shrinkage=0.05


Tree=254
num_leaves=15
num_cat=0
split_feature=7 7 7 2 6 3 6 6 5 2 0 0 8 0
split_gain=1.83235 1.46717 2.81276 1.9459 2.50552 4.52381 2.89254 3.26816 3.88171 2.92968 2.26359 4.2661 4.66667 4.13551
threshold=1003.0390000000001 173.179 284.38900000000007 0.98805528087738748 -0.64049999999999996 98.444500000000019 -0.34499999999999992 -0.18549999999999997 11.884000000000002 0.69017338824297181 13.254500000000002 12.019500000000003 -3.1344999999999996 18.950000000000006
decision_type=2 2 2 2 2 2 2 2 2 2 2 2 2 2
left_child=1 -1 -3 4 5 -4 9 8 -8 -6 11 12 -9 -12
right_child=-2 2 3 -5 6 -7 7 10 -10 -11 13 -13 -14 -15
leaf_value=0.004294789246907205 0.00032125542722570289 -0.0065845683790486907 -0.0051636501324574258 0.0015501769248396219 0.012027856703284323 0.0022791419235488721 -0.024244105546344742 0.0038506110331833904 -0.00019365291410547436 0.00018879455071557638 -0.003170057505702953 0.0028652191102262695 -0.00016824589695563219 0.00015555079974532429
leaf_weight=40 48 56 57 66 71 48 43 54 82 88 203 55 189 852
leaf_count=40 48 56 57 66 71 48 43 54 82 88 203 55 189 852
internal_value=0.000768443 0.00052521 0.000321888 0.000663717 0.000344432 -0.00714286 0.000824679 0.000135318 -0.0076 0.0072327 0.000849963 0.00469799 0.00185185 -0.000236967
internal_weight=1952 1904 1864 1808 1742 105 1637 1478 125 159 1353 298 243 1055
internal_count=1952 1904 1864 1808 1742 105 1637 1478 125 159 1353 298 243 1055
is_linear=0
shrinkage=0.05


Tree=255
num_leaves=15
num_cat=0
split_feature=8 8 7 7 2 6 6 4 7 0 2 3 3 0
split_gain=2.0409 3.23186 1.9217 2.53115 3.12252 4.20171 2.59221 3.98006 2.24759 3.65378 3.10642 2.94148 2.67853 2.44939
threshold=0.50100000000000011 -0.074999999999999983 230.22000000000006 340.84500000000008 0.98805528087738748 -0.64049999999999996 -0.36149999999999993 9.240000000000002 449.64200000000005 8.2390000000000025 0.82438889030848939 4.3760000000000003 56.192000000000007 13.1225
decision_type=2 2 2 2 2 2 2 2 2 2 2 2 2 2
left_child=1 2 -1 -4 5 -5 7 -7 -8 11 13 -10 -13 -11
right_child=-2 -3 3 4 -6 6 8 -9 9 10 -12 12 -14 -15
leaf_value=0.0053740607025637016 0.0057736188331492192 -0.0065253376170786304 -0.0098663956741119833 -0.0034500510789440657 0.0029408181607310626 0.00020389063124519742 0.0048557018890438286 0.029333828564125277 0.00040514968707449918 0.00075392502676461528 -0.013162183697154229 -0.006229134286711669 -0.00072466061292698338 7.2432161968394304e-05
leaf_weight=46 44 41 66 79 56 85 51 41 50 148 47 43 44 1111
leaf_count=46 44 41 66 79 56 85 51 41 50 148 47 43 44 1111
internal_value=0.000717213 0.000471698 0.000776647 0.000521691 0.000883191 0.000500294 0.00104938 0.00793651 0.000468541 0.00010395 0.000918836 -0.00766423 -0.0132184 0.00138999
internal_weight=1952 1908 1867 1821 1755 1699 1620 126 1494 1443 1306 137 87 1259
internal_count=1952 1908 1867 1821 1755 1699 1620 126 1494 1443 1306 137 87 1259
is_linear=0
shrinkage=0.05


Tree=256
num_leaves=15
num_cat=0
split_feature=8 6 0 6 4 1 4 6 4 6 8 8 6 0
split_gain=1.57036 3.55032 4.5626 2.33237 2.12112 3.57473 2.34986 1.61725 2.39223 2.82409 1.83192 2.95064 3.12907 2.9305
threshold=-3.7704999999999997 0.014500000000000001 8.7065000000000019 -1.2064999999999999 3.1150000000000007 0.047250493887438572 3.4915000000000007 -0.52549999999999997 17.430500000000002 -0.71549999999999991 -2.1509999999999994 -2.3774999999999995 0.15150000000000002 27.242000000000004
decision_type=2 2 2 2 2 2 2 2 2 2 2 2 2 2
left_child=1 2 -1 -2 5 -5 -6 8 9 -8 11 -9 -13 -12
right_child=3 -3 -4 4 6 -7 7 10 -10 -11 13 12 -14 -15
leaf_value=0.00041309333956727204 -0.0048180627980004666 0.0030903617109137001 -0.020042766221571841 -0.001939913840447341 -0.00093570787049516166 0.0026488447770491308 -0.00033299501596991137 6.5551321622955857e-05 0.0043283096787925307 0.0036760761353400121 1.444220079368508e-05 -0.007810010836483805 0.0038957394283711312 -0.0010997527249838421
leaf_weight=41 43 44 43 56 41 69 60 763 44 42 456 41 117 92
leaf_count=41 43 44 43 56 41 69 60 763 44 42 456 41 117 92
internal_value=0.000665984 -0.0046875 -0.0107143 0.00104167 0.00131948 0.0076 0.000845411 0.00114551 0.00616438 0.00196078 0.000646698 0.00200869 0.00822785 -0.00164234
internal_weight=1952 128 84 1824 1781 125 1656 1615 146 102 1469 921 158 548
internal_count=1952 128 84 1824 1781 125 1656 1615 146 102 1469 921 158 548
is_linear=0
shrinkage=0.05


Tree=257
num_leaves=15
num_cat=0
split_feature=8 8 7 6 6 8 4 7 2 6 4 6 1 3
split_gain=1.37667 2.81627 1.44835 1.94932 3.18691 2.81042 1.74233 3.42994 3.87477 5.03785 4.44894 5.24172 4.53052 5.37529
threshold=-4.418499999999999 -4.0194999999999999 1003.0390000000001 0.72750000000000015 0.64050000000000018 -2.5709999999999993 10.467000000000001 988.67550000000017 0.19429706169951341 0.038500000000000006 8.0285000000000029 0.28800000000000003 -0.28397372121269149 0.34100000000000003
decision_type=2 2 2 2 2 2 2 2 2 2 2 2 2 2
left_child=-1 -2 3 4 6 -5 7 8 9 -3 11 -11 13 -13
right_child=1 2 -4 5 -6 -7 -8 -9 -10 10 -12 12 -14 -15
leaf_value=0.0064852436140267703 -0.0070696340638851246 0.0058504618470824991 0.00032325910408039508 0.0001766212527477218 0.0021948482578448059 -0.00069775581200551837 -0.00024327585340956916 -0.0033811323594362206 -2.6942384707547703e-05 -0.0015595910854279056 0.0038289466831063976 0.0042046136648108299 0.0018306778108127587 -0.01626834653099268
leaf_weight=40 40 77 47 41 61 55 588 64 534 117 138 43 67 40
leaf_count=40 40 77 47 41 61 55 588 64 534 117 138 43 67 40
internal_value=0.000819672 0.000627615 0.00090812 0.000684932 0.00106998 -0.00625 0.000659472 0.00185185 0.00255906 0.00580913 0.00358025 -0.000187266 0.006 -0.00180723
internal_weight=1952 1912 1872 1825 1729 96 1668 1080 1016 482 405 267 150 83
internal_count=1952 1912 1872 1825 1729 96 1668 1080 1016 482 405 267 150 83
is_linear=0
shrinkage=0.05


Tree=258
num_leaves=15
num_cat=0
split_feature=7 6 8 6 5 0 5 8 5 4 2 7 4 3
split_gain=1.15719 1.82762 2.81042 2.6863 1.42093 2.55538 3.34859 3.2508 2.38999 2.2639 12.9568 3.90181 2.85542 6.32321
threshold=1003.0390000000001 0.72750000000000015 -2.5709999999999993 0.6645000000000002 35.122000000000007 32.981500000000004 30.672000000000004 -2.8704999999999994 28.401000000000003 29.045000000000005 0.092265415903232631 989.67600000000004 16.6645 99.995500000000007
decision_type=2 2 2 2 2 2 2 2 2 2 2 2 2 2
left_child=1 3 -3 4 5 6 8 -8 9 11 -11 12 -1 -14
right_child=-2 2 -4 -5 -6 -7 7 -9 -10 10 -12 -13 13 -15
leaf_value=4.8578018155930747e-05 0.00027658105886880748 0.00016779019011033542 -0.00066286802140524406 0.001847889573612599 -0.0020443933421416152 0.0011961663905999684 -0.011168719098771762 -4.0520275121981591e-05 0.0013756144258180684 -0.01163356617386491 0.001019954464848899 -0.0093712554547741439 0.0079794062274481155 -0.0023084207171027516
leaf_weight=1110 48 41 55 48 69 68 42 59 90 48 43 44 137 50
leaf_count=1110 48 41 55 48 69 68 42 59 90 48 43 44 137 50
internal_value=0.000665984 0.000472689 -0.00625 0.000829646 0.000511364 0.000798344 0.000400493 -0.00841584 0.000985545 0.000488827 -0.00714286 0.00100671 0.00150347 0.00721925
internal_weight=1952 1904 96 1808 1760 1691 1623 101 1522 1432 91 1341 1297 187
internal_count=1952 1904 96 1808 1760 1691 1623 101 1522 1432 91 1341 1297 187
is_linear=0
shrinkage=0.05


Tree=259
num_leaves=15
num_cat=0
split_feature=4 6 3 5 6 8 6 6 6 8 8 8 3 3
split_gain=1.29899 1.92524 1.86561 1.85205 1.4804 2.53781 2.29754 1.71237 1.58715 4.07681 1.53038 4.75715 3.13448 6.2014
threshold=31.574500000000004 -1.2064999999999999 29.964500000000005 3.2545000000000006 -0.64049999999999996 -2.3569999999999998 -0.52549999999999997 -0.46349999999999997 0.72750000000000015 -2.5709999999999993 -3.3294999999999999 -3.2324999999999995 0.038000000000000006 52.186000000000007
decision_type=2 2 2 2 2 2 2 2 2 2 2 2 2 2
left_child=1 -1 -2 -3 5 -5 -6 -8 10 -10 12 -12 -9 -14
right_child=2 3 -4 4 6 -7 7 8 9 -11 11 -13 13 -15
leaf_value=-0.010456161201499427 0.0053728425696200847 0.011587557498537616 -0.0002315117029719427 0.00028680406081565274 0.0051029714884074824 -0.0026946158939744058 -0.003895407015859869 0.00039854449987612728 0.00020926120790202841 -0.001496177000229397 0.0097489350594401458 0.00013142422256626901 -0.0095289503355089691 0.00075183198910652455
leaf_weight=45 51 41 47 48 58 45 40 64 41 54 41 1226 85 66
leaf_count=45 51 41 47 48 58 45 40 64 41 54 41 1226 85 66
internal_value=0.000512295 0.00021575 0.00612245 0.000469873 0.000226244 -0.00591398 0.000567164 0.00021645 0.000475587 -0.00578947 0.000877193 0.00153907 -0.00302326 -0.00695364
internal_weight=1952 1854 98 1809 1768 93 1675 1617 1577 95 1482 1267 215 151
internal_count=1952 1854 98 1809 1768 93 1675 1617 1577 95 1482 1267 215 151
is_linear=0
shrinkage=0.05


Tree=260
num_leaves=15
num_cat=0
split_feature=1 2 7 6 2 3 4 4 8 4 0 3 1 4
split_gain=1.55066 3.99764 3.28688 3.43815 3.75014 4.72189 4.08919 5.24316 4.58361 4.14384 5.5005 4.51215 4.7669 4.62087
threshold=1.0000000180025095e-35 0.9624112700309283 297.07900000000006 -0.52549999999999997 0.73832635400310653 58.476000000000006 9.6570000000000018 27.975500000000004 -1.8844999999999998 8.0285000000000029 16.583000000000002 4.1810000000000009 -0.78297285307474485 5.440500000000001
decision_type=2 2 2 2 2 2 2 2 2 2 2 2 2 2
left_child=2 -2 -1 -4 6 -6 9 8 -8 10 -5 13 -13 -12
right_child=1 -3 3 4 5 -7 7 -9 -10 -11 11 12 -14 -15
leaf_value=-0.0075389460048558002 0.00013706788606557274 0.0019160291357949056 0.0026279252702066744 0.0021771096234970422 -0.0077187381196270671 0.00082568928618965704 -0.00091564743338692152 0.00098053232675505151 -0.021981903500786538 0.0040743362698838718 -0.0052027252448322682 -0.0097059615343667548 1.0361748464859934e-06 0.0037303786774262496
leaf_weight=65 933 76 60 55 75 53 202 49 45 95 41 49 45 109
leaf_count=65 933 76 60 55 75 53 202 49 45 95 41 49 45 109
internal_value=0.000768443 0.00213082 -0.00068929 0.000113895 -0.000733496 -0.00859375 0.000724638 -0.00371622 -0.00668016 0.00406091 0.00117057 -0.00204918 -0.0106383 0.00333333
internal_weight=1952 1009 943 878 818 128 690 296 247 394 299 244 94 150
internal_count=1952 1009 943 878 818 128 690 296 247 394 299 244 94 150
is_linear=0
shrinkage=0.05


Tree=261
num_leaves=15
num_cat=0
split_feature=8 8 7 7 2 6 6 4 5 4 7 5 3 6
split_gain=2.02131 2.21642 1.9217 2.53115 2.23633 4.24575 1.9883 4.48912 2.6379 2.04404 4.32004 4.08412 3.70435 3.19212
threshold=0.50100000000000011 -0.074999999999999983 230.22000000000006 340.84500000000008 0.98805528087738748 -0.64049999999999996 -0.36149999999999993 9.240000000000002 12.876500000000002 6.7455000000000007 984.64300000000014 35.122000000000007 99.999500000000012 0.12050000000000001
decision_type=2 2 2 2 2 2 2 2 2 2 2 2 2 2
left_child=1 2 -1 -4 5 -5 7 8 -7 10 12 -11 13 -8
right_child=-2 -3 3 4 -6 6 9 -9 -10 11 -12 -13 -14 -15
leaf_value=0.0057522770481865165 0.0052716513135971643 -0.0058169219279552882 -0.0092594814051856766 -0.0033549611005823086 0.0027421007118634852 0.00073042899536678865 -0.00087619512320543801 0.027463628445704359 -0.01601388338048635 6.0958019519011255e-06 0.003945905674561925 -0.0024064957522383066 0.0078821769460796203 0.00040632673175506202
leaf_weight=46 44 41 66 79 56 44 203 41 41 922 44 76 46 203
leaf_count=46 44 41 66 79 56 44 203 41 41 922 44 76 46 203
internal_value=0.000768443 0.000524109 0.000776647 0.000521691 0.000883191 0.000559152 0.00111111 0.00714286 0.000588235 0.00060241 0.00322581 -0.000701403 0.00176991 0.000246305
internal_weight=1952 1908 1867 1821 1755 1699 1620 126 85 1494 496 998 452 406
internal_count=1952 1908 1867 1821 1755 1699 1620 126 85 1494 496 998 452 406
is_linear=0
shrinkage=0.05


Tree=262
num_leaves=15
num_cat=0
split_feature=1 2 1 8 8 0 6 3 3 6 3 7 5 5
split_gain=1.55829 4.06982 3.50231 5.154 4.11463 3.80333 3.31941 5.11266 6.27768 6.09902 3.0843 2.78956 4.84102 7.28405
threshold=1.0000000180025095e-35 0.9624112700309283 -0.36924373704146674 -2.6659999999999995 -3.1244999999999998 6.5855000000000006 0.35850000000000004 5.0020000000000007 28.454000000000004 0.53000000000000014 3.3515000000000006 562.7410000000001 20.056000000000001 16.784500000000005
decision_type=2 2 2 2 2 2 2 2 2 2 2 2 2 2
left_child=2 6 5 4 -4 -1 11 9 -9 -8 -5 -2 13 -13
right_child=1 -3 3 10 -6 -7 7 8 -10 -11 -12 12 -14 -15
leaf_value=0.01417558356336737 -0.00072518860070314162 0.0017415169929147047 -0.0028072950119072794 -0.00022398482529743663 0.0014509781586514794 3.3844192837986787e-06 -0.0026942171942123689 0.014394922947975492 0.00022369978042164064 0.00087629402531448912 -0.0062168947408630833 4.2612185073653835e-05 -0.0014977698275934926 0.012997888118864522
leaf_weight=48 178 76 50 48 55 652 90 57 68 69 90 209 181 81
leaf_count=48 178 76 50 48 55 652 90 57 68 69 90 209 181 81
internal_value=0.000665984 0.00203171 -0.000795334 -0.00596708 0.00238095 0.001 0.0011254 0.0056338 0.0132 -0.000314465 -0.0123188 -0.000847458 0.00116773 0.00517241
internal_weight=1952 1009 943 243 105 700 933 284 125 159 138 649 471 290
internal_count=1952 1009 943 243 105 700 933 284 125 159 138 649 471 290
is_linear=0
shrinkage=0.05


Tree=263
num_leaves=15
num_cat=0
split_feature=7 7 2 5 0 0 8 8 0 2 1 5 2 0
split_gain=1.45456 2.51329 2.32898 2.15867 1.91011 3.84654 1.78986 5.67741 3.3885 3.45344 3.18563 7.46746 3.0656 2.85009
threshold=173.179 297.07900000000006 0.98805528087738748 5.2115000000000009 3.8220000000000005 5.4510000000000014 -2.1509999999999994 -2.3774999999999995 30.620500000000003 -0.95380106782931862 -0.60776722227211322 20.056000000000001 -0.8069893509785715 19.847000000000005
decision_type=2 2 2 2 2 2 2 2 2 2 2 2 2 2
left_child=-1 -2 3 -3 -5 -6 7 -7 9 -8 -9 -12 -11 -14
right_child=1 2 -4 4 5 6 8 10 -10 12 11 -13 13 -15
leaf_value=0.0038336697375981003 -0.0051004795213885883 -0.0084079957575959319 0.0011516043930392961 0.000543611176373704 -0.002261634948371749 5.7148777964403241e-05 0.0060024279217504532 -0.00044924643904151326 -0.0068954539499528292 -0.0054535064848593336 0.017297197107551145 0.0017828597624070103 -0.0003767972860926422 0.00091316555875163921
leaf_weight=40 64 41 65 79 47 906 41 50 43 47 40 72 317 100
leaf_count=40 64 41 65 79 47 906 41 50 43 47 40 72 317 100
internal_value=0.000563525 0.000366109 0.000703463 0.000364554 0.000631458 0.000270595 0.000680693 0.00187266 -0.00164234 -0.00049505 0.0104938 0.0151786 -0.00172414 -0.000359712
internal_weight=1952 1912 1848 1783 1742 1663 1616 1068 548 505 162 112 464 417
internal_count=1952 1912 1848 1783 1742 1663 1616 1068 548 505 162 112 464 417
is_linear=0
shrinkage=0.05


Tree=264
num_leaves=15
num_cat=0
split_feature=8 4 6 6 1 8 8 8 4 4 8 4 7 0
split_gain=2.16045 1.43782 2.10043 3.16842 1.93391 2.89764 4.83399 1.36012 3.00546 4.56259 2.58313 1.91199 4.86516 4.37066
threshold=0.50100000000000011 35.268000000000008 -0.64049999999999996 -0.53999999999999992 -0.17552986495351994 -1.2944999999999998 -2.8024999999999998 -1.4689999999999996 6.6595000000000004 11.399000000000003 -0.81249999999999989 6.0785000000000009 473.13300000000004 30.073000000000004
decision_type=2 2 2 2 2 2 2 2 2 2 2 2 2 2
left_child=1 2 4 -4 -1 6 -6 11 -9 -10 -11 13 -13 -5
right_child=-2 -3 3 7 5 -7 -8 8 9 10 -12 12 -14 -15
leaf_value=-0.016635978194665103 0.0048974868099590733 0.0022966284293934659 0.01119159722903549 0.00016813674517659612 0.0029178682220304787 0.0022686265148427645 -0.0038059288940855227 -0.00079478963815358137 0.0022501943190782691 -0.0070559500478901138 0.00034107089410378988 -0.019450819305793357 6.0481999697694669e-06 0.015776458790039187
leaf_weight=40 44 44 51 398 40 41 45 41 54 58 44 45 953 54
leaf_count=40 44 44 51 398 40 41 45 41 54 58 44 45 953 54
internal_value=0.000409836 0.000157233 -5.36481e-05 0.000471143 -0.00542169 -0.00238095 -0.00764706 9.10747e-05 -0.00380711 -0.000641026 -0.00686275 0.00062069 -0.000601202 0.00331858
internal_weight=1952 1908 1864 1698 166 126 85 1647 197 156 102 1450 998 452
internal_count=1952 1908 1864 1698 166 126 85 1647 197 156 102 1450 998 452
is_linear=0
shrinkage=0.05


Tree=265
num_leaves=15
num_cat=0
split_feature=4 3 5 3 2 4 5 0 0 0 6 6 5 5
split_gain=1.41901 3.98317 4.28984 3.62373 3.80499 1.37559 5.20714 4.62857 5.2914 4.37557 2.86532 3.16722 3.07488 3.64605
threshold=23.603500000000004 11.024000000000003 26.161000000000005 99.95650000000002 0.023632005545605003 16.378000000000004 26.648500000000002 16.874000000000006 10.375000000000002 34.720500000000008 -1.0599999999999998 -0.73099999999999987 5.7620000000000013 7.4090000000000007
decision_type=2 2 2 2 2 2 2 2 2 2 2 2 2 2
left_child=5 2 -2 4 -3 9 7 8 -7 10 -1 -12 -13 -14
right_child=1 3 -4 -5 -6 6 -8 -9 -10 -11 11 12 13 -15
leaf_value=0.0037677759043843739 0.013818444686186111 -0.0080624320979038825 9.6277143913471594e-05 0.0027096831119018117 0.00085768281129761093 0.00082384867133461492 -0.013699694904336252 0.011402116463351458 -0.0053203157837994567 0.004889211519444131 -0.0070679623633190863 0.025807271811332713 -0.0013651140306323751 -1.3671590282107737e-05
leaf_weight=47 44 42 63 42 40 73 48 42 47 46 56 43 43 1276
leaf_count=47 44 42 63 42 40 73 48 42 47 46 56 43 43 1276
internal_value=0 0.00367965 0.0107477 -0.00241935 -0.00853659 -0.000493899 -0.00428571 0 -0.005 3.30907e-05 -0.000443686 -0.000846262 -0.000367107 -0.000796058
internal_weight=1952 231 107 124 82 1721 210 162 120 1511 1465 1418 1362 1319
internal_count=1952 231 107 124 82 1721 210 162 120 1511 1465 1418 1362 1319
is_linear=0
shrinkage=0.05


Tree=266
num_leaves=15
num_cat=0
split_feature=6 6 5 0 8 6 2 5 4 6 1 6 3 5
split_gain=1.40278 2.69285 1.94344 3.61312 3.29641 1.87906 3.77759 3.91546 4.95957 5.3388 3.62113 2.78594 4.51534 1.92657
threshold=0.68500000000000016 0.77800000000000014 35.122000000000007 32.981500000000004 -2.9954999999999994 0.41500000000000004 -0.45973273945210419 23.004000000000005 11.928000000000003 0.51150000000000018 0.2174230999111143 0.35850000000000004 4.0590000000000002 31.010500000000004
decision_type=2 2 2 2 2 2 2 2 2 2 2 2 2 2
left_child=2 -2 3 5 -4 11 7 -7 9 -9 -8 13 -13 -1
right_child=1 -3 4 -5 -6 6 10 8 -10 -11 -12 12 -14 -15
leaf_value=2.3523809902226134e-06 0.0020269882319403783 -6.7220081562009354e-05 -0.011697831979947539 0.00090475588028367184 0.0003765312759592369 -0.011334229512555784 -0.0032806835506548784 -0.0049351695336255054 0.0057673722938421075 0.0033446504043437675 0.0025566892586662894 -0.00065032919570774672 0.014788441998500294 -0.011195555901270327
leaf_weight=1243 57 72 43 74 40 50 41 55 53 46 45 41 51 41
leaf_count=1243 57 72 43 74 40 50 41 55 53 46 45 41 51 41
internal_value=0 0.00503876 -0.000356555 0 -0.00783133 -0.000480192 -0.00413793 -0.00784314 -0.0038961 -0.010396 0.00465116 0.000290698 0.00869565 -0.000311526
internal_weight=1952 129 1823 1740 83 1666 290 204 154 101 86 1376 92 1284
internal_count=1952 129 1823 1740 83 1666 290 204 154 101 86 1376 92 1284
is_linear=0
shrinkage=0.05


Tree=267
num_leaves=15
num_cat=0
split_feature=0 8 4 5 0 4 1 0 6 2 6 5 2 4
split_gain=1.70591 4.19315 6.2381 5.05263 3.97819 4.21458 5.63668 3.75426 2.81729 2.54799 1.75634 1.44783 2.5294 2.19929
threshold=8.1645000000000021 -3.2434999999999996 11.399000000000003 8.509500000000001 10.454500000000001 16.865500000000001 0.45914483320598681 5.8935000000000004 -0.41649999999999993 0.88637546977843906 -0.22099999999999997 11.544000000000002 0.59818091440591659 5.5260000000000007
decision_type=2 2 2 2 2 2 2 2 2 2 2 2 2 2
left_child=1 -1 7 -4 5 6 -2 8 -3 11 -9 -6 13 -13
right_child=4 2 3 -5 9 -7 -8 10 -10 -11 -12 12 -14 -15
leaf_value=-0.0030433200558630333 0.0038092791453696821 0.01157750079786648 -0.0085988941425107265 0.00073362634530492747 0.0029467035943464628 0.011052324789275687 -0.00074068546406850242 -0.0033197616826422778 0.00016491109801125838 -0.00728849053191305 0.0027775073977019064 0.0002756007415812223 -0.0049737728558350569 -9.8861248792214706e-06
leaf_weight=76 73 72 57 57 62 40 55 41 65 51 43 194 75 991
leaf_count=76 73 72 57 57 62 40 55 41 65 51 43 194 75 991
internal_value=0.000307377 -0.00255474 -0.000149254 -0.00964912 0.00107073 0.00833333 0.00390625 0.00475113 0.00985401 0.000182083 -0.00357143 0.000605144 0.000238095 0.000801688
internal_weight=1952 411 335 114 1541 168 128 221 137 1373 84 1322 1260 1185
internal_count=1952 411 335 114 1541 168 128 221 137 1373 84 1322 1260 1185
is_linear=0
shrinkage=0.05


Tree=268
num_leaves=15
num_cat=0
split_feature=8 5 2 5 7 7 3 1 7 2 3 6 4 7
split_gain=2.14029 1.94589 3.00077 2.80134 2.76929 2.57193 4.21417 4.38961 2.29398 3.0514 4.58748 3.96798 2.17616 3.52233
threshold=0.50100000000000011 9.5970000000000031 0.95250647826689006 8.2035000000000018 394.76800000000009 515.68450000000018 95.903500000000022 0.081558489694578698 464.65550000000007 0.73832635400310653 5.408500000000001 -0.24849999999999997 6.9050000000000002 643.7075000000001
decision_type=2 2 2 2 2 2 2 2 2 2 2 2 2 2
left_child=1 3 4 5 -3 6 -1 -8 -6 11 -11 -10 -13 -14
right_child=-2 2 -4 -5 8 -7 7 -9 9 10 -12 12 13 -15
leaf_value=0.0034805327643422815 0.0048348247781483779 -0.0072370925190785897 0.00090075878926286772 -0.0060757873469804886 0.0093118422717914043 -0.0047912493050050083 -0.0060616042466274476 0.024156982160732345 0.0061423923576040436 0.00015666554311069558 -0.012536753208001267 0.00026048979326659117 -0.0072854514916863185 -6.7800493669722964e-06
leaf_weight=83 44 40 58 69 47 51 56 44 79 71 46 357 52 855
leaf_count=83 44 40 58 69 47 51 56 44 79 71 46 357 52 855
internal_value=0.000461066 0.000209644 0.000903427 -0.00346535 0.000484809 -0.000854701 0.00191257 -0.005 0.000829463 0.000479452 -0.00726496 0.00115413 0.000474684 -0.000826902
internal_weight=1952 1908 1605 303 1547 234 183 100 1507 1460 117 1343 1264 907
internal_count=1952 1908 1605 303 1547 234 183 100 1507 1460 117 1343 1264 907
is_linear=0
shrinkage=0.05


Tree=269
num_leaves=15
num_cat=0
split_feature=5 4 6 6 7 3 5 0 7 2 2 6 3 4
split_gain=1.67771 4.24605 3.61749 2.53614 3.86021 3.82687 2.16517 7.67823 2.11829 4.11069 3.15148 2.19315 1.8 1.684
threshold=4.5410000000000013 10.128000000000002 -0.79149999999999998 -0.41649999999999993 454.74950000000007 93.646000000000015 10.917500000000002 6.3810000000000011 473.13300000000004 0.79411473034488644 0.67844406397199097 -0.22099999999999997 98.444500000000019 7.5445000000000011
decision_type=2 2 2 2 2 2 2 2 2 2 2 2 2 2
left_child=1 -1 -2 4 -4 -6 7 -5 12 10 11 -10 -8 -13
right_child=2 -3 3 6 5 -7 8 -9 9 -11 -12 13 -14 -15
leaf_value=0.0017925453421857029 0.0048062647972529019 -0.010792539702556059 -0.0057785630524268376 -0.00092067731084479192 -0.00050643014138353486 0.018520236456362783 -0.012662587401068737 0.0076398867885567826 0.0098330009850239805 0.001624472552084666 -0.00081148315883234354 0.00021462964485408217 0.00045092666827877275 -0.00011735810807033398
leaf_weight=63 57 41 84 53 52 45 40 95 42 72 41 422 40 805
leaf_count=63 57 41 84 53 52 45 40 95 42 72 41 422 40 805
internal_value=0.000409836 -0.00576923 0.000757576 0.000362926 -0.00524862 0.00154639 0.000993789 0.00675676 0.000410397 0.000868307 0.000229008 0.000669819 -0.0075 0.000285249
internal_weight=1952 104 1848 1791 181 97 1610 148 1462 1382 1310 1269 80 1227
internal_count=1952 104 1848 1791 181 97 1610 148 1462 1382 1310 1269 80 1227
is_linear=0
shrinkage=0.05


Tree=270
num_leaves=15
num_cat=0
split_feature=6 4 4 4 8 8 4 5 3 6 6 4 4 2
split_gain=1.4388 3.40492 3.53391 3.32411 3.2546 5.49682 3.61782 4.41296 3.52107 3.69791 3.47185 2.93638 5.05645 2.83266
threshold=-0.15249999999999997 6.0785000000000009 6.5150000000000015 6.7930000000000001 -1.8739999999999999 -2.1049999999999995 13.364500000000001 19.205000000000002 43.788000000000004 -0.38949999999999996 -0.90499999999999992 8.1105000000000018 7.6530000000000014 0.70329649815198148
decision_type=2 2 2 2 2 2 2 2 2 2 2 2 2 2
left_child=4 -2 -3 -4 5 6 7 13 -6 10 -10 12 -5 -1
right_child=1 2 3 11 8 -7 -8 -9 9 -11 -12 -13 -14 -15
leaf_value=0.0016496728788508138 0.00049924579216382851 -0.002495001511435026 0.0011272128505934627 4.137563747101461e-05 0.0074160324000527526 -0.01855480649454978 0.0048841371864540573 -0.017306040640649025 -0.0028829109209106032 -0.011939498763172365 0.0080097100265490006 0.00011931029175646092 -0.014267819420051012 -0.0015875153859114478
leaf_weight=56 336 47 44 114 55 40 66 46 47 46 84 772 62 137
leaf_count=56 336 47 44 114 55 40 66 46 47 46 84 772 62 137
internal_value=0.000102459 0.000981818 -0.000433109 0.000201613 -0.00199307 -0.00507246 -0.00278689 -0.00564854 0.00258621 -0.000847458 0.00343511 -0.000421941 -0.00625 -0.00233161
internal_weight=1952 1375 1039 992 577 345 305 239 232 177 131 948 176 193
internal_count=1952 1375 1039 992 577 345 305 239 232 177 131 948 176 193
is_linear=0
shrinkage=0.05


Tree=271
num_leaves=15
num_cat=0
split_feature=1 4 7 4 1 1 0 4 0 0 6 0 8 8
split_gain=1.1788 2.93136 2.79035 4.43921 3.20429 2.27886 2.53376 3.1258 2.97286 3.05657 7.1689 2.38028 4.2522 2.17197
threshold=0.92034586237779081 4.2190000000000003 897.68650000000014 11.472500000000002 0.98521098335796142 0.88134550114954158 2.9200000000000004 7.2445000000000013 5.8935000000000004 7.8860000000000001 -0.23649999999999996 9.7655000000000012 -2.5609999999999995 -3.9539999999999993
decision_type=2 2 2 2 2 2 2 2 2 2 2 2 2 2
left_child=5 -2 3 -3 -5 6 7 -1 -8 10 -10 12 -11 -13
right_child=1 2 -4 4 -6 -7 8 -9 9 11 -12 13 -14 -15
leaf_value=0.00029054218938933399 -0.0015112376707135723 0.012767133394803749 -0.0026510669407313254 0.016325321432231178 -0.005264424719802172 -0.0021323281935458627 0.00088345870207877104 -0.0075817747888197234 -0.0091486860732902971 0.0050782090727628411 0.0031013494137734632 -0.010900729881664401 -0.00018949223604587952 9.7855022209807077e-05
leaf_weight=44 41 68 58 43 56 57 125 50 54 51 44 41 63 1157
leaf_count=44 41 68 58 43 56 57 125 50 54 51 44 41 63 1157
internal_value=0.000665984 0.0037594 0.006 0.00928144 0.00252525 0.000177936 0.000521793 -0.00744681 0.00100977 0.00035461 -0.00816327 0.000990854 0.00789474 0.00033389
internal_weight=1952 266 225 167 99 1686 1629 94 1535 1410 98 1312 114 1198
internal_count=1952 266 225 167 99 1686 1629 94 1535 1410 98 1312 114 1198
is_linear=0
shrinkage=0.05


Tree=272
num_leaves=15
num_cat=0
split_feature=5 4 6 6 2 4 6 4 1 1 1 3 3 8
split_gain=1.19619 4.92309 2.22866 1.48328 5.37778 3.00399 2.43327 2.7718 1.83513 4.03675 2.68531 2.64473 3.92625 5.68491
threshold=4.5410000000000013 10.128000000000002 -0.80849999999999989 -0.42749999999999994 0.58534685349953219 2.4405000000000006 -0.34499999999999992 3.4485000000000006 0.93168921928840098 0.88134550114954158 0.9594338453294492 4.1810000000000009 1.5365000000000002 -1.8544999999999998
decision_type=2 2 2 2 2 2 2 2 2 2 2 2 2 2
left_child=1 -1 -2 4 -4 -5 -7 -8 9 11 -10 12 13 -9
right_child=2 -3 3 5 -6 6 7 8 10 -11 -12 -13 -14 -15
leaf_value=0.0016059073216644127 0.0047008334375085448 -0.010152940106486659 0.0011643597196675127 0.005751627211002472 -0.003999673896847104 0.0065669182643489036 -0.0013723436026920278 -9.3351092670435109e-05 0.0086155631000995828 -0.0052383810580474482 0.00022582077693570902 -0.00024873954340503477 0.0070489637989833631 0.0055739891257839238
leaf_weight=63 49 41 60 58 120 56 65 402 44 57 156 634 72 75
leaf_count=63 49 41 60 58 120 56 65 402 44 57 156 634 72 75
internal_value=0.000409836 -0.00480769 0.000703463 0.000416898 -0.00388889 0.000895615 0.000480461 9.96678e-05 0.000555556 -0.00016129 0.005 0.00046492 0.00300546 0.00136268
internal_weight=1952 104 1848 1799 180 1619 1561 1505 1440 1240 200 1183 549 477
internal_count=1952 104 1848 1799 180 1619 1561 1505 1440 1240 200 1183 549 477
is_linear=0
shrinkage=0.05


Tree=273
num_leaves=15
num_cat=0
split_feature=7 7 7 7 7 0 0 2 0 0 0 2 2 6
split_gain=2.17535 1.51539 1.80838 4.6013 3.40102 1.98132 1.87851 1.54652 3.6863 1.84414 1.45262 3.19279 4.32195 3.07933
threshold=999.71600000000012 994.7505000000001 989.67600000000004 985.51050000000021 980.22300000000007 34.838500000000003 33.615000000000009 -0.94000589469999485 31.852000000000004 30.403000000000002 18.078000000000003 -0.30081980763566774 -0.18399835165767994 0.55750000000000022
decision_type=2 2 2 2 2 2 2 2 2 2 2 2 2 2
left_child=1 2 3 4 5 6 7 -1 9 10 11 -9 -13 -12
right_child=-2 -3 -4 -5 -6 -7 -8 8 -10 -11 13 12 -14 -15
leaf_value=-0.00096988191268222452 -0.00054238531423655425 0.0035105924770343524 -0.0038915150595975169 0.0066384107459398272 -0.0057589745266647778 0.00087264235148598601 -0.0017379125520484359 -0.0026068499937675488 0.0092767703046834297 -0.0046239945234066429 0.000924982036711286 0.0025873927704102243 -9.3782485241744603e-05 -0.0044137482994596067
leaf_weight=70 77 42 56 49 42 41 43 74 59 45 421 41 845 47
leaf_count=70 77 42 56 49 42 41 43 74 59 45 421 41 845 47
internal_value=-0.000204918 0.000133333 -8.18331e-05 0.000196961 -0.000231481 0.000118624 -0.000151976 0.000124844 0.000456919 -3.39443e-05 0.000280112 -0.000833333 0 0.0025641
internal_weight=1952 1875 1833 1777 1728 1686 1645 1602 1532 1473 1428 960 886 468
internal_count=1952 1875 1833 1777 1728 1686 1645 1602 1532 1473 1428 960 886 468
is_linear=0
shrinkage=0.05


Tree=274
num_leaves=15
num_cat=0
split_feature=7 2 6 1 8 8 6 4 5 3 0 7 6 0
split_gain=2.39722 1.87071 1.13794 3.94759 3.10862 5.30184 2.78818 1.89605 4.7042 2.50052 4.98055 4.19047 4.48316 4.59662
threshold=999.71600000000012 -0.9951106240145321 -0.64049999999999996 -0.19244979981841048 -1.2489999999999999 -2.3774999999999995 -0.52549999999999997 3.161 18.046500000000005 99.999500000000012 10.375000000000002 727.01600000000019 0.038500000000000006 12.019500000000003
decision_type=2 2 2 2 2 2 2 2 2 2 2 2 2 2
left_child=1 -1 3 -3 5 -5 -4 8 -8 11 -11 -9 -13 -14
right_child=-2 2 6 4 -6 -7 7 9 -10 10 -12 12 13 -15
leaf_value=0.00016240947504556625 -0.00051526604852472624 -0.0096406039769002371 0.012249758805729899 0.0029915327805353667 0.0052242730671414831 -0.0047818303457559334 0.0033433731489268428 -0.00079392866596480485 -0.0051034102193380062 0.012174372538972373 3.6797010678994717e-05 0.0058935642545775609 -0.0056038408579833559 0.00012099951999599707
leaf_weight=59 77 47 64 54 53 41 77 439 40 41 115 66 53 726
leaf_count=59 77 47 64 54 53 41 77 439 40 41 115 66 53 726
internal_value=0.000204918 0.00056 0.00027533 -0.00333333 0.000675676 -0.00473684 0.000709439 0.000289017 0.00641026 -0.000208333 0.00576923 -0.000934579 0.00112426 6.41849e-05
internal_weight=1952 1875 1816 195 148 95 1621 1557 117 1440 156 1284 845 779
internal_count=1952 1875 1816 195 148 95 1621 1557 117 1440 156 1284 845 779
is_linear=0
shrinkage=0.05


Tree=275
num_leaves=15
num_cat=0
split_feature=7 2 0 0 6 1 1 1 3 3 7 5 5 6
split_gain=2.34074 1.53398 1.56495 3.68247 1.91988 1.70287 6.11085 4.53499 3.32521 3.5003 3.14908 3.3607 2.31847 2.05694
threshold=999.71600000000012 -0.99665976668634515 0.60300000000000009 2.3170000000000006 -1.0599999999999998 -0.7266007961912001 -0.78297285307474485 -0.65189295912203338 3.1355000000000004 97.761500000000012 749.00050000000022 16.574000000000005 25.235500000000005 0.36250000000000004
decision_type=2 2 2 2 2 2 2 2 2 2 2 2 2 2
left_child=1 -1 -3 -4 -5 6 8 -7 12 10 11 -10 -6 -14
right_child=-2 2 3 4 5 7 -8 -9 9 -11 -12 -13 13 -15
leaf_value=0.0019036188533059829 -0.00048950274609849131 0.00040849536931796758 -0.0070100441220703087 0.0070461633204607077 0.011644752509389122 -0.0036150123244899136 0.0081450880475466819 -1.5897996101366108e-05 -0.00075610382335815774 0.001109427949693076 0.00019002395982924483 -0.010697284847277645 0.0017844655744820609 -0.002151271658047352
leaf_weight=49 77 40 40 50 63 59 49 1201 40 72 52 53 57 50
leaf_count=49 77 40 40 50 63 59 49 1201 40 72 52 53 57 50
internal_value=0.000102459 0.000453333 0.000219058 0 0.000343643 5.89623e-05 0.00275229 -0.000873016 0.000645995 -0.00345622 -0.00793103 -0.0134409 0.00588235 0.00140187
internal_weight=1952 1875 1826 1786 1746 1696 436 1260 387 217 145 93 170 107
internal_count=1952 1875 1826 1786 1746 1696 436 1260 387 217 145 93 170 107
is_linear=0
shrinkage=0.05


Tree=276
num_leaves=15
num_cat=0
split_feature=0 0 0 7 0 4 1 1 1 8 0 3 8 4
split_gain=1.66712 1.73836 3.42126 1.58352 2.24574 1.55319 4.01431 3.39424 3.87296 3.24086 3.3923 2.77316 2.75345 3.87414
threshold=35.302000000000007 0.60300000000000009 2.3170000000000006 999.71600000000012 33.615000000000009 12.664000000000003 0.98521098335796142 0.9821165111257959 0.77952989095276826 -2.6784999999999992 28.512000000000004 34.225500000000004 -3.3204999999999996 4.1025000000000009
decision_type=2 2 2 2 2 2 2 2 2 2 2 2 2 2
left_child=1 -1 -3 4 5 7 9 8 12 10 11 -7 13 -4
right_child=-2 2 3 -5 -6 6 -8 -9 -10 -11 -12 -13 -14 -15
leaf_value=0.00038807060085206891 0.00053010630313456294 -0.0066595419159667909 -0.014054207901661018 -0.00046502760879356679 -0.0010418801795785825 0.011062514883919667 -0.0070777794585988986 0.0055759476131180879 -0.0017071910218026676 0.0002016743662574927 -0.0063203083176168713 0.0035836713680600183 0.00013282972997874509 -9.7835451443957508e-05
leaf_weight=40 40 40 42 75 68 41 55 68 161 311 43 58 795 115
leaf_count=40 40 40 42 75 68 41 55 68 161 311 43 58 795 115
internal_value=-0.000102459 -0.000313808 -0.000534188 -0.000218341 8.53728e-05 0.00044405 0.00275591 -0.000550381 -0.00121294 0.00430464 0.0105634 0.0156566 0 -0.00605096
internal_weight=1952 1912 1872 1832 1757 1689 508 1181 1113 453 142 99 952 157
internal_count=1952 1912 1872 1832 1757 1689 508 1181 1113 453 142 99 952 157
is_linear=0
shrinkage=0.05


Tree=277
num_leaves=15
num_cat=0
split_feature=0 0 4 4 8 2 2 4 4 0 2 6 7 3
split_gain=1.61678 2.48972 1.33356 2.51023 1.39264 1.30854 5.27479 5.59552 5.40929 6.54426 4.40674 4.19521 3.89521 3.40586
threshold=0.60300000000000009 2.3170000000000006 35.268000000000008 30.483000000000004 -0.48499999999999993 0.1858661703907829 0.29426351849031901 9.3375000000000021 4.9475000000000007 6.5855000000000006 0.78298010367706283 -0.068499999999999991 445.25900000000007 62.856500000000004
decision_type=2 2 2 2 2 2 2 2 2 2 2 2 2 2
left_child=-1 -2 3 4 5 -3 -7 8 11 -10 -11 12 -8 -9
right_child=1 2 -4 -5 -6 6 7 13 9 10 -12 -13 -14 -15
leaf_value=0.00036866707080946418 -0.0063265648201684538 6.3894929551377991e-05 0.0014226358044655942 -0.00070578307624800669 0.0014923248033044041 -0.0041378996874917445 0.0014104429446091028 0.016432541012496502 0.00021324091362258379 -0.00039026182664092805 -0.0077818210799626367 0.0038426209648524724 -0.0011897709278673855 0.0011846193635508097
leaf_weight=40 40 1031 48 58 85 59 77 46 65 81 55 80 98 89
leaf_count=40 40 1031 48 58 85 59 77 46 65 81 55 80 98 89
internal_value=5.12295e-05 -0.000156904 0.000106838 -0.000109649 0.000226501 -8.92326e-05 -0.00184615 -0.000423012 -0.00307018 -0.00920398 -0.0154412 0.00176471 -0.00257143 0.00851852
internal_weight=1952 1912 1872 1824 1766 1681 650 591 456 201 136 255 175 135
internal_count=1952 1912 1872 1824 1766 1681 650 591 456 201 136 255 175 135
is_linear=0
shrinkage=0.05


Tree=278
num_leaves=15
num_cat=0
split_feature=2 6 5 0 6 0 5 4 5 5 8 7 1 6
split_gain=1.89612 1.81303 1.6024 1.92143 2.47139 5.98338 3.81019 2.96609 2.27785 2.17942 1.54085 6.2816 4.35925 4.98525
threshold=0.98805528087738748 -0.60349999999999981 4.5410000000000013 3.8220000000000005 -0.42749999999999994 7.706500000000001 11.111000000000002 15.460500000000001 9.5970000000000031 8.0605000000000029 -1.9259999999999997 968.09450000000015 -0.93535928755917819 0.32150000000000006
decision_type=2 2 2 2 2 2 2 2 2 2 2 2 2 2
left_child=2 -2 -1 9 5 -5 8 -7 -6 -4 -8 12 -12 -14
right_child=1 -3 3 4 6 7 10 -9 -10 -11 11 -13 13 -15
leaf_value=-0.0070775751701718376 0.0011253883953732614 -0.00023100209972735377 0.0028839084513042571 -0.0059587394881191668 0.0018701673505851391 -0.0017650414321509766 4.9295721109486951e-05 0.0047182635170132103 0.012466591824064614 -4.1581794548889445e-05 0.0014399126733295104 0.0027936144583125253 -0.001073992262008061 -0.0078277006153424367
leaf_weight=77 45 42 41 48 69 64 1120 41 44 46 44 78 126 67
leaf_count=77 45 42 41 48 69 64 1120 41 44 46 44 78 126 67
internal_value=0.000256148 0.00747126 -8.0429e-05 0.000223714 -0.000146972 -0.00620915 0.000452196 0.00047619 0.00929204 0.00747126 -0.000243902 -0.00333333 -0.00738397 -0.0106218
internal_weight=1952 87 1865 1788 1701 153 1548 105 113 87 1435 315 237 193
internal_count=1952 87 1865 1788 1701 153 1548 105 113 87 1435 315 237 193
is_linear=0
shrinkage=0.05


Tree=279
num_leaves=15
num_cat=0
split_feature=2 6 7 5 0 6 0 0 0 2 3 0 8 2
split_gain=1.95036 1.81303 1.69701 3.63452 2.07318 3.81142 4.63496 3.41247 6.80053 6.48596 6.23181 4.27951 3.65501 2.4187
threshold=0.98805528087738748 -0.60349999999999981 216.67950000000005 4.5410000000000013 3.8220000000000005 -0.42749999999999994 10.375000000000002 10.454500000000001 11.682000000000002 0.79411473034488644 75.360500000000016 12.796000000000001 -2.6004999999999998 0.35923451902495462
decision_type=2 2 2 2 2 2 2 2 2 2 2 2 2 2
left_child=2 -2 -1 -4 -5 6 -6 9 -9 10 12 -10 -7 -13
right_child=1 -3 3 4 5 7 -8 8 11 -11 -12 13 -14 -15
leaf_value=0.0082010850416203152 0.0010691189756045995 -0.00021945199474098561 -0.0084547415641237859 0.0003632055999655021 -0.0043133216407475255 0.00037845079035425113 0.00052477903477594066 -0.0049768997667140047 0.0030106785101326585 0.0040322636726164429 0.0059464444911836783 4.5974503705131705e-06 -0.0063369830840770136 -0.0012285243398168612
leaf_weight=40 45 42 45 87 87 44 61 51 55 87 63 1082 52 111
leaf_count=40 45 42 45 87 87 44 61 51 55 87 63 1082 52 111
internal_value=0.000153689 0.00747126 -0.000187668 -0.000410959 -5.61798e-05 -0.000443001 -0.00810811 0.000291262 -0.000731332 0.00569106 -0.000314465 0 -0.00833333 -0.000628667
internal_weight=1952 87 1865 1825 1780 1693 148 1545 1299 246 159 1248 96 1193
internal_count=1952 87 1865 1825 1780 1693 148 1545 1299 246 159 1248 96 1193
is_linear=0
shrinkage=0.05


Tree=280
num_leaves=15
num_cat=0
split_feature=7 2 1 8 8 5 7 5 1 0 8 6 0 7
split_gain=1.58937 1.37362 2.23047 1.69162 4.1759 7.46032 6.30773 5.25974 3.84184 6.56527 4.75314 4.17059 5.66796 5.45579
threshold=999.71600000000012 0.98805528087738748 0.017189842955271029 -2.5904999999999996 -2.2509999999999994 13.947500000000002 883.33400000000017 27.825500000000002 0.82801560613826442 16.277500000000003 -2.6659999999999995 0.18900000000000003 28.512000000000004 459.31750000000005
decision_type=2 2 2 2 2 2 2 2 2 2 2 2 2 2
left_child=1 3 -3 8 5 -5 -7 -8 10 -10 11 13 -13 -1
right_child=-2 2 -4 4 -6 6 7 -9 9 -11 -12 12 -14 -15
leaf_value=0.00064329452141382866 -0.00052258255204022392 -5.1698505796493602e-05 0.0064143042769483627 -0.007182120176657575 -6.4627147754547925e-05 0.0050807522148096085 -0.0035887494176924831 0.0016677165870253462 0.0065150377858248457 -0.0017896987816500372 -0.004366252677841723 0.0089401541833187374 -0.001066005920004392 -0.0020174562931871533
leaf_weight=79 77 47 40 45 731 109 60 66 78 74 53 99 196 198
leaf_count=79 77 47 40 45 731 109 60 66 78 74 53 99 196 198
internal_value=-0.000102459 0.000186667 0.00632184 -0.000111857 0.0012364 0.00642857 0.01 0.00238095 -0.00186615 0.00526316 -0.0036 -0.00227273 0.00186441 -0.0066787
internal_weight=1952 1875 87 1788 1011 280 235 126 777 152 625 572 295 277
internal_count=1952 1875 87 1788 1011 280 235 126 777 152 625 572 295 277
is_linear=0
shrinkage=0.05


Tree=281
num_leaves=15
num_cat=0
split_feature=7 7 7 7 0 7 0 0 6 8 6 7 6 5
split_gain=1.56632 1.45479 2.72782 3.09863 3.01877 2.52227 2.44285 5.23926 2.49736 2.94239 2.70585 3.88747 4.49289 4.32516
threshold=999.71600000000012 929.58550000000014 892.66100000000017 879.24150000000009 23.437000000000005 939.95000000000016 28.363500000000002 31.211000000000002 0.33650000000000008 -2.0044999999999997 0.0095000000000000015 717.51400000000012 -0.046499999999999993 20.607000000000003
decision_type=2 2 2 2 2 2 2 2 2 2 2 2 2 2
left_child=1 2 3 6 -4 -3 8 -8 10 -10 11 12 13 -1
right_child=-2 5 4 -5 -6 -7 7 -9 9 -11 -12 -13 -14 -15
leaf_value=-5.6824045296943737e-06 -0.0004964534244382119 0.0021072947747296645 -0.009055276668187907 0.022163386363658687 -0.00010125129337371086 5.9560469854386124e-05 -0.0085879447336868042 0.0013390642317356082 0.0090357666602293996 -0.00022083228247252791 -0.00081515486012363747 0.0009739878885211662 0.0035069203922691223 -0.015132940377100848
leaf_weight=562 77 49 49 48 85 427 49 40 62 46 287 69 48 54
leaf_count=562 77 49 49 48 85 427 49 40 62 46 287 69 48 54
internal_value=-0.000153689 0.000133333 -0.000679056 3.95257e-05 -0.00746269 0.00252101 -0.000451931 -0.00842697 0.000177305 0.00740741 -0.000588235 0.00102319 -0.000150602 -0.0012987
internal_weight=1952 1875 1399 1265 134 476 1217 89 1128 108 1020 733 664 616
internal_count=1952 1875 1399 1265 134 476 1217 89 1128 108 1020 733 664 616
is_linear=0
shrinkage=0.05


Tree=282
num_leaves=15
num_cat=0
split_feature=7 8 8 3 4 3 1 4 5 0 5 7 0 5
split_gain=1.54344 1.46997 1.88628 1.75238 3.42214 2.99102 3.26244 1.67851 4.19362 1.82018 2.39994 1.67335 3.69903 2.20065
threshold=999.71600000000012 -3.3574999999999995 -3.2624999999999997 1.0000000180025095e-35 16.6645 12.570500000000001 0.2174230999111143 3.161 15.714500000000003 34.720500000000008 34.748500000000007 984.64300000000014 26.525500000000005 25.066000000000006
decision_type=2 2 2 2 2 2 2 2 2 2 2 2 2 2
left_child=1 3 -3 -1 5 -5 -7 8 -4 10 11 13 -13 -9
right_child=-2 2 7 4 -6 6 -8 9 -10 -11 -12 12 -14 -15
leaf_value=0.0047006704045408527 -0.00047163075321630113 0.0044859176760074842 0.0033553598402945362 -0.011168698192416233 0.0047240710168603125 0.00030015539714691179 -0.01065060276333829 3.6924334113561112e-05 -0.00092444308696937772 0.00078359590880033305 -0.0035680130771928035 -0.00081856246875430534 0.0077301795573825882 -0.0012473929466295102
leaf_weight=63 77 48 67 54 44 64 45 945 45 47 40 54 59 300
leaf_count=63 77 48 67 54 44 64 45 945 45 47 40 54 59 300
internal_value=-0.000204918 8e-05 0.000654206 -0.00333333 -0.00555556 -0.00889571 -0.00412844 0.000353243 0.00625 -0.000103806 -0.000429185 -7.36377e-05 0.00575221 -0.00060241
internal_weight=1952 1875 1605 270 207 163 109 1557 112 1445 1398 1358 113 1245
internal_count=1952 1875 1605 270 207 163 109 1557 112 1445 1398 1358 113 1245
is_linear=0
shrinkage=0.05


Tree=283
num_leaves=15
num_cat=0
split_feature=7 1 4 7 3 5 1 0 6 8 3 5 6 6
split_gain=1.47582 1.18932 1.58117 1.59839 3.37032 2.8869 6.86432 5.48502 12.5 3.90983 2.71285 2.5875 4.53376 4.72843
threshold=999.71600000000012 0.99805629696255316 35.268000000000008 918.28100000000006 62.856500000000004 24.691500000000001 -0.70252096857941237 31.211000000000002 0.35450000000000004 -2.7819999999999996 21.208000000000002 25.365000000000006 0.63450000000000017 0.46550000000000008
decision_type=2 2 2 2 2 2 2 2 2 2 2 2 2 2
left_child=1 2 3 5 10 -1 7 8 9 -7 11 -5 13 -13
right_child=-2 -3 -4 4 -6 6 -8 -9 -10 -11 -12 12 -14 -15
leaf_value=-9.5118964281562527e-06 -0.00044804921555548498 0.0088855404471764321 0.0025485359412712686 0.001786955073354188 0.0075025804169975181 -0.0017167236403813403 -0.026549363747875587 0.011871204650240214 -0.011166410270966834 0.0034914286325361424 -0.00079862651170690209 0.00039712191868314443 0.00062187226606438969 -0.0036301037961093243
leaf_weight=1034 77 43 44 125 71 55 59 42 48 41 53 110 80 70
leaf_count=1034 77 43 44 125 71 55 59 42 48 41 53 110 80 70
internal_value=-0.000358607 -8e-05 -0.000272926 -0.000503356 0.0018664 -0.00144644 -0.00632653 -0.0016129 -0.00625 0.00416667 0.000228311 0.00168831 -0.00115385 -0.00555556
internal_weight=1952 1875 1832 1788 509 1279 245 186 144 96 438 385 260 180
internal_count=1952 1875 1832 1788 509 1279 245 186 144 96 438 385 260 180
is_linear=0
shrinkage=0.05


Tree=284
num_leaves=15
num_cat=0
split_feature=7 3 7 3 7 6 6 4 8 1 4 0 2 5
split_gain=1.54344 1.22788 2.9906 3.67947 2.83653 5.80842 5.43228 5.06672 4.90837 4.89258 3.52922 3.85055 4.93864 3.68804
threshold=999.71600000000012 98.658500000000018 441.39300000000009 94.110500000000016 764.26550000000009 0.36250000000000004 0.23450000000000001 6.5560000000000009 -3.3294999999999999 0.83987808009543619 15.460500000000001 34.052000000000007 -0.42640316431117214 25.365000000000006
decision_type=2 2 2 2 2 2 2 2 2 2 2 2 2 2
left_child=1 2 -1 4 5 8 7 -6 -4 -10 11 12 13 -8
right_child=-2 -3 3 -5 6 -7 10 -9 9 -11 -12 -13 -14 -15
leaf_value=0.0030386383801255913 -0.00042564675477771153 -0.00013772811121401385 -0.014792074883488243 0.0044336980006440541 -0.00074588388911281183 0.0015971066523876032 0.0022859593098366743 0.0088474122467763431 -2.130905998092292e-05 -0.01068378241978959 -0.0019512429479224493 0.0018107922131213761 0.001526671276394806 -0.0014652644801903204
leaf_weight=109 77 399 76 72 72 57 103 145 301 42 175 55 70 199
leaf_count=109 77 399 76 72 72 57 103 145 301 42 175 55 70 199
internal_value=-0.000204918 8e-05 0.000745257 0.000109729 -0.000501931 -0.00357143 0.00128205 0.00806452 -0.00560859 -0.00306122 -0.00116279 0.00128806 -0.000537634 -0.00331126
internal_weight=1952 1875 1476 1367 1295 476 819 217 419 343 602 427 372 302
internal_count=1952 1875 1476 1367 1295 476 819 217 419 343 602 427 372 302
is_linear=0
shrinkage=0.05


Tree=285
num_leaves=15
num_cat=0
split_feature=8 6 6 0 5 2 8 6 4 2 5 8 4 0
split_gain=1.52182 1.44927 1.77291 3.00885 1.76597 6.20948 2.18427 2.81582 1.75041 2.23166 4.82721 9.90476 4.66551 6.25615
threshold=0.50100000000000011 -1.0599999999999998 -0.64049999999999996 5.7880000000000011 6.6340000000000012 0.97513228625088877 -3.6614999999999998 0.044000000000000004 30.483000000000004 -0.93090634677745676 29.681000000000001 -2.2279999999999993 13.691000000000001 32.981500000000004
decision_type=2 2 2 2 2 2 2 2 2 2 2 2 2 2
left_child=1 -1 3 -3 -4 6 7 -6 9 10 11 -8 13 -12
right_child=-2 2 4 -5 5 -7 8 -9 -10 -11 12 -13 -14 -15
leaf_value=0.0005543106403027465 0.0050410073458767198 -0.023710688823955734 0.001701820319014169 -6.4024923624950164e-06 -9.4579982024217698e-05 -0.0030305939648862081 -0.009057237142700748 0.0049246504724973833 -0.00073523707732215608 9.6250005042241088e-05 -0.0001485902363667413 0.0038832839515451274 -0.0013601749626549614 0.0055661024675056599
leaf_weight=63 44 45 49 68 63 57 56 59 78 1189 48 48 42 43
leaf_count=63 44 45 49 68 63 57 56 59 78 1189 48 48 42 43
internal_value=-0.000102459 -0.000314465 -0.000569106 -0.00663717 -0.00017321 -0.000445633 0.000123001 0.00655738 -0.000398936 0 -0.00443038 -0.0125 0.0018797 0.00824176
internal_weight=1952 1908 1845 113 1732 1683 1626 122 1504 1426 237 104 133 91
internal_count=1952 1908 1845 113 1732 1683 1626 122 1504 1426 237 104 133 91
is_linear=0
shrinkage=0.05


Tree=286
num_leaves=15
num_cat=0
split_feature=2 6 6 4 2 4 2 3 6 6 7 1 8 6
split_gain=2.00536 1.81303 1.577 4.35328 1.91461 2.36453 1.72252 1.693 3.37931 3.79208 3.09045 2.93869 2.3644 4.0544
threshold=0.98805528087738748 -0.60349999999999981 0.68500000000000016 18.946500000000004 -0.97606926651088199 8.6610000000000014 -0.95882411647426224 5.3245000000000013 0.55750000000000022 0.45850000000000007 504.66750000000008 -0.97505550290239429 -3.7704999999999997 0.044000000000000004
decision_type=2 2 2 2 2 2 2 2 2 2 2 2 2 2
left_child=2 -2 4 -4 5 -1 -6 10 9 11 -8 -9 -13 -14
right_child=1 -3 3 -5 6 -7 7 8 -10 -11 -12 12 13 -15
leaf_value=5.3672348428537376e-05 0.0013994628876021098 -0.00018714638074401847 0.0018696336705645246 -0.00012331926512137103 0.0010100999559563533 -0.0049504761451798053 -0.0028023988327099403 -0.0036554622005868288 -0.0075441596898931686 0.0043380705137217972 0.00020992300055971207 -0.0079989965299673282 0.00054673913959564231 -0.00050186371832783294
leaf_weight=60 45 42 53 76 40 56 59 52 41 48 552 70 477 281
leaf_count=60 45 42 53 76 40 56 59 52 41 48 552 70 477 281
internal_value=5.12295e-05 0.00747126 -0.000294906 0.00503876 -0.000691244 -0.00689655 -0.000246914 -0.000506329 -0.00180599 -0.00118534 0.00155483 -0.00193182 -0.00120773 -0.000395778
internal_weight=1952 87 1865 129 1736 116 1620 1580 969 928 611 880 828 758
internal_count=1952 87 1865 129 1736 116 1620 1580 969 928 611 880 828 758
is_linear=0
shrinkage=0.05


Tree=287
num_leaves=15
num_cat=0
split_feature=8 6 8 8 5 7 4 8 4 6 4 1 5 0
split_gain=1.4704 1.88455 2.50737 1.26128 2.33718 1.91159 1.54592 5.61404 2.16353 3.33956 2.62529 5.54569 2.34323 6.72573
threshold=-4.418499999999999 -1.2064999999999999 0.31400000000000006 -0.5874999999999998 5.7620000000000013 367.85300000000007 3.161 -2.6589999999999994 3.9875000000000003 0.0045000000000000014 4.823500000000001 0.017189842955271029 18.583000000000002 14.593000000000002
decision_type=2 2 2 2 2 2 2 2 2 2 2 2 2 2
left_child=-1 -2 3 4 -3 -6 7 -7 9 -8 11 -10 -12 -14
right_child=1 2 -4 -5 5 6 8 -9 10 -11 12 -13 13 -15
leaf_value=0.006888924333499147 -0.0037650855667420769 0.0019752311746034147 0.0097542507561581004 -0.0010535275971238157 -0.0062273685325985985 -0.000800994363204078 0.0003848437666068565 0.0059458360670636701 -0.0012719589978363464 -0.0027771822709326713 -0.00051018606105713291 0.0045215947752838938 0.0018288078018292714 2.6224835676491587e-05
leaf_weight=40 47 67 45 73 69 54 42 60 48 43 410 55 44 855
leaf_count=40 47 67 45 73 69 54 42 60 48 43 410 55 44 855
internal_value=0.000512295 0.000313808 0.000563003 0.000274725 0.000543789 0.000178571 0.000527623 0.00614035 0.0001002 -0.00764706 0.000566572 0.00825243 -3.81971e-05 0.00139043
internal_weight=1952 1912 1865 1820 1747 1680 1611 114 1497 85 1412 103 1309 899
internal_count=1952 1912 1865 1820 1747 1680 1611 114 1497 85 1412 103 1309 899
is_linear=0
shrinkage=0.05


Tree=288
num_leaves=15
num_cat=0
split_feature=3 7 4 6 5 5 6 6 4 6 7 6 4 0
split_gain=1.61401 3.54866 2.95413 2.68977 6.35512 2.48974 3.3569 3.03247 2.63726 6.08426 7.9812 5.38277 5.62791 5.03898
threshold=98.658500000000018 441.39300000000009 8.9100000000000019 -0.84949999999999981 8.9605000000000015 9.7210000000000019 -0.30199999999999994 -0.16549999999999998 16.111000000000004 0.23450000000000001 879.24150000000009 0.61550000000000005 9.975500000000002 32.859500000000004
decision_type=2 2 2 2 2 2 2 2 2 2 2 2 2 2
left_child=1 2 -1 -2 -5 -3 -7 -8 11 -10 -11 -9 -13 -12
right_child=3 5 -4 4 -6 6 7 8 9 10 13 12 -14 -15
leaf_value=0.0059076233386204935 -0.003440059853446387 -0.0025954501177371703 0.00033491832338463924 0.012640805695581625 -0.00036623479816954023 0.0039698588171432347 -0.0035366156719567818 5.2879996529990593e-05 0.0096547035209693273 -0.017423043534127321 0.00016145150693306493 2.4913593892667009e-05 0.0063684529066168174 -0.0042130853001201398
leaf_weight=63 61 122 46 76 262 77 52 848 50 40 126 43 43 43
leaf_count=63 61 122 46 76 262 77 52 848 50 40 126 43 43 43
internal_value=0.000204918 0.000933677 0.00963303 -0.00263158 -0.000887574 0.000277008 0.000907716 0.000281124 0.000796312 -0.00366795 -0.00741627 0.00203426 0.0139535 -0.00266272
internal_weight=1952 1553 109 399 338 1444 1322 1245 1193 259 209 934 86 169
internal_count=1952 1553 109 399 338 1444 1322 1245 1193 259 209 934 86 169
is_linear=0
shrinkage=0.05


Tree=289
num_leaves=15
num_cat=0
split_feature=3 6 4 8 8 3 6 5 1 4 4 7 1 6
split_gain=2.16678 3.34297 3.09735 2.53381 2.6404 2.94815 2.82396 5.60434 3.59971 3.58364 6.55716 3.25932 2.71022 6.87432
threshold=98.658500000000018 -0.84949999999999981 2.3195000000000006 -3.6614999999999998 -3.3294999999999999 1.8505000000000003 0.53000000000000014 24.202500000000004 -0.10282099713736061 29.242500000000003 21.781500000000005 954.77150000000017 -0.90149333598846393 0.20150000000000004
decision_type=2 2 2 2 2 2 2 2 2 2 2 2 2 2
left_child=1 -1 -3 -4 5 -5 9 -8 11 10 12 -9 13 -6
right_child=-2 2 3 4 6 -7 7 8 -10 -11 -12 -13 -14 -15
leaf_value=0.0059197098946676581 -0.00021040983285831595 0.0023953659213746693 0.00061382418268896846 0.00035283603177157786 -0.0014558166371963221 -0.0064961238478599623 -0.0032537027306411281 0.0023414647036436986 0.0043080292679322047 -0.0045228519410476092 0.0096309136051546951 -0.0011860206482202929 -0.00022556097474504269 0.0036778141611501711
leaf_weight=52 399 44 104 42 91 65 62 71 72 50 42 46 750 62
leaf_count=52 399 44 104 42 91 65 62 71 72 50 42 46 750 62
internal_value=0.000153689 0.000998068 0.000566289 0.000171585 -0.000406504 -0.00794393 0.00024077 0.00498008 0.00925926 -0.000954774 -0.00026455 0.00384615 -0.00116279 0.00490196
internal_weight=1952 1553 1501 1457 1353 107 1246 251 189 995 945 117 903 153
internal_count=1952 1553 1501 1457 1353 107 1246 251 189 995 945 117 903 153
is_linear=0
shrinkage=0.05


Tree=290
num_leaves=15
num_cat=0
split_feature=3 6 6 0 2 6 7 4 5 3 5 8 5 5
split_gain=1.12669 2.8174 2.55206 5.2358 2.87335 4.45548 4.21471 4.62607 3.2 2.40712 2.75563 2.33344 2.07412 3.3276
threshold=98.658500000000018 -0.84949999999999981 -0.84949999999999981 5.7330000000000014 0.64624608728844402 -0.44099999999999995 730.3900000000001 13.063000000000001 16.784500000000005 94.110500000000016 13.877000000000001 -0.89049999999999996 6.940500000000001 9.7210000000000019
decision_type=2 2 2 2 2 2 2 2 2 2 2 2 2 2
left_child=1 -1 -2 -4 6 -6 7 8 -5 11 -11 12 -3 -14
right_child=2 9 3 4 5 -7 -8 -9 -10 10 -12 -13 13 -15
leaf_value=0.0056237243999342759 -0.0032575363691311533 0.0014225896824877626 0.020138416037970144 0.0030899035961749256 -0.021040878462149915 0.00030814698174053134 -0.0017053287916183324 -0.00055735117795306936 0.013688864061184523 -0.00033064583556368103 0.004510526584286351 -0.00087106257318855242 -0.0021896295335751465 -5.9085177271725464e-06
leaf_weight=52 61 43 43 40 41 42 75 57 40 40 54 74 63 1227
leaf_count=52 61 43 43 40 41 42 75 57 40 40 54 74 63 1227
internal_value=-0.000512295 9.65873e-05 -0.00288221 -0.00118343 -0.00355932 -0.0114458 -0.000471698 0.00474453 0.0125 -0.0002998 0.00744681 -0.000817342 -0.000337584 -0.000697674
internal_weight=1952 1553 399 338 295 83 212 137 80 1501 94 1407 1333 1290
internal_count=1952 1553 399 338 295 83 212 137 80 1501 94 1407 1333 1290
is_linear=0
shrinkage=0.05


Tree=291
num_leaves=15
num_cat=0
split_feature=8 7 7 6 5 7 2 2 3 0 2 3 5 2
split_gain=1.71823 1.03824 2.77126 2.64758 1.72336 3.09119 2.47904 5.53213 1.3792 6.44745 3.36725 3.24962 7.00535 4.85753
threshold=-4.418499999999999 173.179 270.40200000000004 -0.84949999999999981 6.0615000000000006 454.74950000000007 0.96468063810649285 0.82438889030848939 94.110500000000016 21.347000000000005 0.52707770864237202 39.690500000000007 19.045500000000001 -0.019329104864998576
decision_type=2 2 2 2 2 2 2 2 2 2 2 2 2 2
left_child=-1 -2 -3 -4 -5 6 7 -6 11 10 -10 -7 13 -13
right_child=1 2 3 4 5 8 -8 -9 9 -11 -12 12 -14 -15
leaf_value=0.0067006583766727919 0.0047086951416082717 -0.0054871398930796955 0.002258559135975384 0.0094914080244868516 -0.0044366433565610625 4.5701520761565199e-05 -0.004314702248587432 0.0036441432324016143 0.0066729144084106025 -0.0052746932768889497 -0.00072823472432033138 -0.01787331245577135 0.00025393202313228613 -0.00081624753398409358
leaf_weight=40 40 48 60 44 60 1054 51 47 129 92 41 42 129 75
leaf_count=40 40 48 60 44 60 1054 51 47 129 92 41 42 129 75
internal_value=-0.000256148 -0.000470711 -0.000641026 -0.000328947 -0.000680272 -0.000930233 -0.00759494 -0.00327103 -0.000256082 0.00305344 0.00882353 -0.000923077 -0.00609756 -0.0149573
internal_weight=1952 1912 1872 1824 1764 1720 158 107 1562 262 170 1300 246 117
internal_count=1952 1912 1872 1824 1764 1720 158 107 1562 262 170 1300 246 117
is_linear=0
shrinkage=0.05


Tree=292
num_leaves=15
num_cat=0
split_feature=2 7 5 2 4 2 7 5 4 5 7 0 2 8
split_gain=1.55158 1.80589 4.68145 1.5191 2.54236 2.23474 1.80211 3.37451 3.021 2.74806 1.99158 1.83414 4.37069 2.20101
threshold=0.98805528087738748 216.67950000000005 4.5410000000000013 0.93554238417682101 4.4740000000000011 0.90542393716278702 435.80000000000007 8.0605000000000029 9.4020000000000028 9.7210000000000019 499.92950000000002 6.9465000000000012 0.69017338824297181 -1.4689999999999996
decision_type=2 2 2 2 2 2 2 2 2 2 2 2 2 2
left_child=1 -1 -3 5 -5 6 8 -8 -4 -9 -11 -12 13 -13
right_child=-2 2 3 4 -6 -7 7 9 -10 10 11 12 -14 -15
leaf_value=0.0067925253880123937 0.0004997614808842629 -0.0080000685946543248 -0.0067364749393573013 -0.02495772603657951 3.4743342756071717e-05 0.0091685161482819143 0.0013161424502312364 -0.0028603284412670963 0.00067356660813457927 0.0029840469747644872 0.00058196371880643312 0.00011988007036566329 -0.0055621866795276427 -0.00039213039308803914
leaf_weight=40 87 45 47 41 49 46 51 43 44 63 77 1159 42 118
leaf_count=40 87 45 47 41 49 46 51 43 44 63 77 1159 42 118
internal_value=-0.000204918 -0.000509383 -0.000739726 -0.000337079 -0.00666667 0 -0.000304136 9.65873e-05 -0.00714286 -0.000332889 3.427e-05 -0.000358166 -0.000796058 -0.00027408
internal_weight=1952 1865 1825 1780 90 1690 1644 1553 91 1502 1459 1396 1319 1277
internal_count=1952 1865 1825 1780 90 1690 1644 1553 91 1502 1459 1396 1319 1277
is_linear=0
shrinkage=0.05


Tree=293
num_leaves=15
num_cat=0
split_feature=4 6 8 8 8 3 6 1 2 8 6 1 8 4
split_gain=1.59101 2.10067 2.5768 2.44401 1.33328 3.78995 1.8027 4.42177 1.38609 3.93327 2.79477 2.4048 2.08886 2.88706
threshold=35.857000000000006 -1.2064999999999999 0.31400000000000006 -0.5874999999999998 -1.1954999999999998 90.247500000000016 -0.64049999999999996 0.25084665036108239 0.90542393716278702 -1.4689999999999996 -0.14849999999999997 -0.09025077427732299 -1.7584999999999997 6.6955000000000009
decision_type=2 2 2 2 2 2 2 2 2 2 2 2 2 2
left_child=1 -1 3 4 6 -6 7 -3 9 12 11 -10 -8 -14
right_child=-2 2 -4 -5 5 -7 8 -9 10 -11 -12 -13 13 -15
leaf_value=-0.0057607225818080698 0.002619046094764993 0.0012503353277196734 0.0081869990123965963 -0.00082144991145783892 -0.00032814810866989009 0.022030107364761971 -3.5094093237064695e-05 -0.0054632579998067227 -0.0042814545097241202 -0.0021113157580104841 0.0023065704965377523 0.0009383260589573728 0.010864699670838933 0.00035635428512364455
leaf_weight=46 42 49 40 67 55 40 1246 42 44 64 55 51 40 71
leaf_count=46 42 49 40 67 55 40 1246 42 44 64 55 51 40 71
internal_value=-0.000102459 -0.000314136 -5.36481e-05 -0.000328947 2.84576e-05 0.00578947 -0.000300842 -0.00714286 9.54806e-05 -0.000387051 0.00466667 -0.000526316 0.00018423 0.00675676
internal_weight=1952 1910 1864 1824 1757 95 1662 91 1571 1421 150 95 1357 111
internal_count=1952 1910 1864 1824 1757 95 1662 91 1571 1421 150 95 1357 111
is_linear=0
shrinkage=0.05


Tree=294
num_leaves=15
num_cat=0
split_feature=2 1 2 8 2 7 1 5 0 0 6 6 0 4
split_gain=1.62552 2.23047 1.69343 3.49455 1.08535 1.31441 4.3706 3.11419 3.82395 3.69404 2.84341 6.30144 2.87245 5.65993
threshold=0.98805528087738748 0.017189842955271029 0.94713111268739625 -2.5329999999999999 0.90542393716278702 675.93850000000009 -0.9523687564627995 13.099500000000001 10.234500000000002 13.254500000000002 0.20150000000000004 0.0045000000000000014 13.681000000000003 8.366500000000002
decision_type=2 2 2 2 2 2 2 2 2 2 2 2 2 2
left_child=2 -2 4 -4 5 6 -1 -7 -9 -10 11 12 -8 -14
right_child=1 -3 3 -5 -6 7 10 8 9 -11 -12 -13 13 -15
leaf_value=-0.0033166475608801928 -6.0388026930202627e-06 0.005889256157084995 0.0011227391581000502 -0.0056730086323401709 0.0019228480452711195 0.0055341049083344586 -0.00032255796118896285 -0.003421379854385201 0.0014046302673220103 -2.645475940472597e-05 0.0011125982652604477 -0.01031368332069056 -0.00056714128954581111 0.015459697061618311
leaf_weight=41 47 40 45 55 68 62 290 52 45 1000 50 59 54 44
leaf_count=41 47 40 45 55 68 62 290 52 45 1000 50 59 54 44
internal_value=-0.000358607 0.00632184 -0.000670241 -0.007 -0.000311615 -0.000559811 -0.00260223 0.000388266 -0.000227894 0.000430622 -0.00130785 -0.00257271 -0.000257732 0.00714286
internal_weight=1952 87 1865 100 1765 1697 538 1159 1097 1045 497 447 388 98
internal_count=1952 87 1865 100 1765 1697 538 1159 1097 1045 497 447 388 98
is_linear=0
shrinkage=0.05


Tree=295
num_leaves=15
num_cat=0
split_feature=4 5 6 6 4 0 7 8 4 6 0 5 8 1
split_gain=1.14025 3.86323 6.28222 3.73718 5.55097 3.30334 2.66047 2.5866 4.3958 4.06687 5.91517 7.52734 3.73237 6.74968
threshold=4.823500000000001 18.354500000000005 -0.068499999999999991 -0.18549999999999997 2.4405000000000006 7.6645000000000012 882.37350000000004 -2.0509999999999997 5.8935000000000004 0.43150000000000005 17.006500000000006 24.606500000000004 -2.3874999999999997 0.1328271176880281
decision_type=2 2 2 2 2 2 2 2 2 2 2 2 2 2
left_child=1 3 -3 4 -1 -6 -4 12 -9 10 -10 -12 -2 -14
right_child=7 2 6 -5 5 -7 -8 8 9 -11 11 -13 13 -15
leaf_value=-0.01509778749473671 -7.004708523460357e-05 -0.012908075687130217 -0.001891083783473152 0.0035658895673505333 -8.2269380667190919e-05 0.012362166993182266 0.0039099035491229617 -0.00331288832391662 -0.00067912172462586406 -0.002377976556121081 0.018256988892329584 -0.004855441628235241 -4.4866369565925436e-05 0.00515844618844471
leaf_weight=42 797 41 42 99 62 41 59 52 281 109 63 41 125 98
leaf_count=42 797 41 42 99 62 41 59 52 281 109 63 41 125 98
internal_value=-0.000102459 0.00233161 -0.00422535 0.00614754 0.00103448 0.00728155 0.00247525 -0.000702427 -0.00347985 -0.00202429 0.00038961 0.0105769 0.000784314 0.00650224
internal_weight=1952 386 142 244 145 103 101 1566 546 494 385 104 1020 223
internal_count=1952 386 142 244 145 103 101 1566 546 494 385 104 1020 223
is_linear=0
shrinkage=0.05


Tree=296
num_leaves=15
num_cat=0
split_feature=4 4 1 1 7 5 6 1 6 7 7 3 1 2
split_gain=1.69563 1.84481 3.40054 6.22655 6.3201 5.0936 4.65319 4.36623 2.18965 2.85301 2.81434 4.62938 2.7222 2.39205
threshold=35.268000000000008 4.823500000000001 0.047250493887438572 0.39702209115386683 580.28200000000004 20.607000000000003 0.067500000000000018 -0.25950939392209715 -1.0159999999999998 358.14300000000009 509.88350000000008 17.489000000000004 0.081558489694578698 0.65278973532535922
decision_type=2 2 2 2 2 2 2 2 2 2 2 2 2 2
left_child=1 2 5 -4 -5 7 -6 -1 -3 -10 11 -11 -13 -12
right_child=-2 8 3 4 6 -7 -8 -9 9 10 13 12 -14 -15
leaf_value=0.0037368146040297149 0.0020616042044847905 -0.0055496885673469581 0.0059799806746709374 -0.0040468735193814097 0.0022396791954860011 -0.012449589277734319 -0.00011222883424596431 -0.0037954004203839542 0.0044034213528780786 -0.0083962521856226838 -8.719036718356499e-05 0.00021419732984058194 -0.00088205360934879304 0.00075541525034405208
leaf_weight=90 49 65 51 46 40 63 54 42 71 55 1147 61 50 68
leaf_count=90 49 65 51 46 40 63 54 42 71 55 1147 61 50 68
internal_value=0 -0.000236469 0.00284974 0.00759162 0.00214286 -0.00179487 0.00957447 0.00378788 -0.00102175 -0.000619835 -0.00112238 -0.00722892 -0.00135135 -0.000288066
internal_weight=1952 1903 386 191 140 195 94 132 1517 1452 1381 166 111 1215
internal_count=1952 1903 386 191 140 195 94 132 1517 1452 1381 166 111 1215
is_linear=0
shrinkage=0.05


Tree=297
num_leaves=15
num_cat=0
split_feature=0 5 6 5 7 2 2 4 4 8 8 1 5 0
split_gain=1.67972 3.26667 5 2.32637 1.90946 3.21749 1.45576 2.55273 2.64457 1.87978 3.53391 5.97585 2.71078 6.04483
threshold=3.2600000000000002 8.0605000000000029 -0.96949999999999992 3.2545000000000006 297.07900000000006 0.98805528087738748 -0.97218766834954651 7.1945000000000006 10.216000000000003 -2.1509999999999994 -2.3774999999999995 -0.60776722227211322 36.129000000000012 31.852000000000004
decision_type=2 2 2 2 2 2 2 2 2 2 2 2 2 2
left_child=1 2 -1 -2 -5 6 7 -6 -9 10 12 -12 13 -8
right_child=3 -3 -4 4 5 -7 9 8 -10 -11 11 -13 -14 -15
leaf_value=-0.0039744892224125739 0.020958585813928801 -0.0016670074779456812 0.0011824722680694013 -0.0015390946620400096 0.001967153479057565 0.0034096368772589692 -3.2223680685530835e-05 -0.0013747500445877943 -0.0001055968467752964 -0.00030024972611738534 -0.0005994297010124786 0.0073544871752254277 -0.006649300474553011 0.0048225254351552151
leaf_weight=40 42 40 40 54 49 44 708 44 74 539 51 95 42 90
leaf_count=40 42 40 40 54 49 44 708 44 74 539 51 95 42 90
internal_value=-0.000102459 -0.00583333 0 0.000272926 0 0.000288018 -5.91017e-05 -0.00449102 -0.00847458 0.00042623 0.00172414 0.00890411 0.00047619 0.00112782
internal_weight=1952 120 80 1832 1790 1736 1692 167 118 1525 986 146 840 798
internal_count=1952 120 80 1832 1790 1736 1692 167 118 1525 986 146 840 798
is_linear=0
shrinkage=0.05


Tree=298
num_leaves=15
num_cat=0
split_feature=4 1 5 6 1 7 6 6 6 2 0 1 1 8
split_gain=2.18297 2.90495 4.66493 4.02081 3.23584 5.12552 5.01134 2.11726 1.77747 4.10593 2.88672 1.57616 4.51577 3.68803
threshold=4.823500000000001 -0.073094453017891248 20.607000000000003 -0.15249999999999997 0.42833659622166903 580.28200000000004 0.067500000000000018 -1.2064999999999999 -0.52549999999999997 0.93851706827667047 5.1650000000000009 0.92034586237779081 0.9594338453294492 -1.9874999999999998
decision_type=2 2 2 2 2 2 2 2 2 2 2 2 2 2
left_child=1 2 3 -1 -3 -6 -7 -2 10 11 -9 -10 -13 -14
right_child=7 4 -4 -5 5 6 -8 8 9 -11 -12 12 13 -15
leaf_value=-0.00084499346828162544 -0.0070935725495337139 0.0040240411746069876 -0.012981063784993885 0.0045663957190552832 -0.0056241464607655021 0.0021293064197459763 -0.00033768362534093433 -0.00028523723981151996 -0.00011114984233778483 -0.0058469251700634843 0.0030579907261786585 0.0078613911395210342 0.00054788347111380811 -0.003622709120404122
leaf_weight=74 42 78 57 42 42 40 53 55 1127 49 97 53 93 50
leaf_count=74 42 78 57 42 42 40 53 55 1127 49 97 53 93 50
internal_value=0 0.00336788 -0.00144509 0.00431034 0.007277 0.00259259 0.00913978 -0.00083014 -0.000524934 -0.00109329 0.00460526 -0.000566893 0.00357143 -0.00104895
internal_weight=1952 386 173 116 213 135 93 1566 1524 1372 152 1323 196 143
internal_count=1952 386 173 116 213 135 93 1566 1524 1372 152 1323 196 143
is_linear=0
shrinkage=0.05


Tree=299
num_leaves=15
num_cat=0
split_feature=7 7 4 6 8 4 5 8 6 6 1 6 3 0
split_gain=1.65025 3.96718 2.63981 4.19028 3.80947 3.31929 2.97377 2.38264 2.19365 2.42944 2.06309 1.9469 4.3677 5.81187
threshold=173.179 297.07900000000006 3.161 -0.84949999999999981 -3.1809999999999996 3.7430000000000008 15.714500000000003 -3.6614999999999998 -0.64049999999999996 -0.36149999999999993 -0.14153898451656977 0.53000000000000014 2.9875000000000003 28.564000000000004
decision_type=2 2 2 2 2 2 2 2 2 2 2 2 2 2
left_child=-1 -2 4 -4 -3 -5 -6 10 -9 -10 -7 -11 13 -13
right_child=1 2 3 5 6 7 -8 8 9 11 -12 12 -14 -15
leaf_value=0.0034845439140510637 -0.0029779437778955976 -0.001835014361785628 0.0039114981823724195 -0.0012639075160157942 0.0077051117525381079 0.0028843970724733124 0.00085847834538440313 -0.0008053157009064116 0.0041996132218404493 -0.00024898711606102244 -0.0016852395111957186 0.0039710902370066747 -0.00024548654066181426 0.00026358363449698643
leaf_weight=40 64 41 59 61 56 64 44 40 104 1046 51 45 131 106
leaf_count=40 64 41 59 61 56 64 44 40 104 1046 51 45 131 106
internal_value=-5.12295e-05 -0.000261506 0.000162338 -0.000380785 0.00673759 -0.000849515 0.012 -0.000409578 -0.000951087 -0.000628492 0.00652174 -0.00120482 0.00248227 0.00827815
internal_weight=1952 1912 1848 1707 141 1648 100 1587 1472 1432 115 1328 282 151
internal_count=1952 1912 1848 1707 141 1648 100 1587 1472 1432 115 1328 282 151
is_linear=0
shrinkage=0.05


end of trees

feature_importances:
Column_4=638
Column_0=542
Column_6=540
Column_5=509
Column_7=493
Column_8=482
Column_2=360
Column_3=323
Column_1=313

parameters:
[boosting: gbdt]
[objective: regression_l1]
[metric: l1]
[tree_learner: serial]
[device_type: cpu]
[data_sample_strategy: bagging]
[data: ]
[valid: ]
[num_iterations: 300]
[learning_rate: 0.05]
[num_leaves: 15]
[num_threads: 1]
[seed: 42]
[deterministic: 1]
[force_col_wise: 0]
[force_row_wise: 1]
[histogram_pool_size: -1]
[max_depth: -1]
[min_data_in_leaf: 40]
[min_sum_hessian_in_leaf: 0.001]
[bagging_fraction: 1]
[pos_bagging_fraction: 1]
[neg_bagging_fraction: 1]
[bagging_freq: 0]
[bagging_seed: 400]
[bagging_by_query: 0]
[feature_fraction: 1]
[feature_fraction_bynode: 1]
[feature_fraction_seed: 30056]
[extra_trees: 0]
[extra_seed: 12879]
[early_stopping_round: 0]
[early_stopping_min_delta: 0]
[first_metric_only: 0]
[max_delta_step: 0]
[lambda_l1: 0]
[lambda_l2: 0]
[linear_lambda: 0]
[min_gain_to_split: 0]
[drop_rate: 0.1]
[max_drop: 50]
[skip_drop: 0.5]
[xgboost_dart_mode: 0]
[uniform_drop: 0]
[drop_seed: 17869]
[top_rate: 0.2]
[other_rate: 0.1]
[min_data_per_group: 100]
[max_cat_threshold: 32]
[cat_l2: 10]
[cat_smooth: 10]
[max_cat_to_onehot: 4]
[top_k: 20]
[monotone_constraints: ]
[monotone_constraints_method: basic]
[monotone_penalty: 0]
[feature_contri: ]
[forcedsplits_filename: ]
[refit_decay_rate: 0.9]
[cegb_tradeoff: 1]
[cegb_penalty_split: 0]
[cegb_penalty_feature_lazy: ]
[cegb_penalty_feature_coupled: ]
[path_smooth: 0]
[interaction_constraints: ]
[verbosity: -1]
[saved_feature_importance_type: 0]
[use_quantized_grad: 0]
[num_grad_quant_bins: 4]
[quant_train_renew_leaf: 0]
[stochastic_rounding: 1]
[linear_tree: 0]
[max_bin: 255]
[max_bin_by_feature: ]
[min_data_in_bin: 3]
[bin_construct_sample_cnt: 200000]
[data_random_seed: 175]
[is_enable_sparse: 1]
[enable_bundle: 1]
[use_missing: 1]
[zero_as_missing: 0]
[feature_pre_filter: 1]
[pre_partition: 0]
[two_round: 0]
[header: 0]
[label_column: ]
[weight_column: ]
[group_column: ]
[ignore_column: ]
[categorical_feature: ]
[forcedbins_filename: ]
[precise_float_parser: 0]
[parser_config_file: ]
[objective_seed: 16083]
[num_class: 1]
[is_unbalance: 0]
[scale_pos_weight: 1]
[sigmoid: 1]
[boost_from_average: 1]
[reg_sqrt: 0]
[alpha: 0.9]
[fair_c: 1]
[poisson_max_delta_step: 0.7]
[tweedie_variance_power: 1.5]
[lambdarank_truncation_level: 30]
[lambdarank_norm: 1]
[label_gain: ]
[lambdarank_position_bias_regularization: 0]
[eval_at: ]
[multi_error_top_k: 1]
[auc_mu_weights: ]
[num_machines: 1]
[local_listen_port: 12400]
[time_out: 120]
[machine_list_filename: ]
[machines: ]
[gpu_platform_id: -1]
[gpu_device_id: -1]
[gpu_device_id_list: ]
[gpu_use_dp: 0]
[num_gpu: 1]

end of parameters

pandas_categorical:null
