tree
version=v4
num_class=1
num_tree_per_iteration=1
label_index=0
max_feature_idx=4
objective=regression_l1
feature_names=Column_0 Column_1 Column_2 Column_3 Column_4
feature_infos=[5.577:29.518999999999998] [-0.99999073973619013:0.99999073973619013] [-1:1] [0:100] [0.13800000000000001:49.168999999999997]
tree_sizes=1376 1418 1428 1429 1429 1427 1432 1431 1430 1421 1433 1435 1433 1430 1443 1436 1414 1420 1423 1428 1446 1439 1441 1428 1429 1439 1436 1425 1412 1458 1441 1445 1416 1429 1442 1434 1433 1452 1433 1425 1441 1444 1444 1437 1444 1449 1451 1435 1414 1424 1434 1426 1438 1455 1426 1440 1424 1439 1438 1451 1441 1425 1443 1437 1432 1428 1449 1442 1430 1444 1433 1441 1440 1444 1426 1432 1439 1439 1430 1451 1453 1440 1443 1443 1458 1436 1422 1438 1434 1436 1447 1435 1429 1444 1442 1455 1443 1450 1450 1436 1455 1429 1448 1453 1430 1458 1471 1438 1437 1442 1433 1446 1425 1448 1434 1452 1439 1445 1433 1445 1456 1445 1446 1442 1430 1451 1431 1462 1457 1438 1429 1435 1453 1441 1460 1449 1437 1415 1439 1439 1447 1441 1451 1438 1441 1439 1463 1429 1421 1455 1457 1446 1450 1408 1440 1452 1438 1445 1415 1451 1448 1439 1454 1441 1444 1442 1456 1433 1438 1443 1454 1434 1430 1448 1441 1431 1453 1447 1445 1435 1426 1452 1440 1447 1456 1431 1445 1444 1449 1439 1435 1443 1442 1428 1425 1445 1447 1427 1441 1436 1456 1443 1460 1446 1457 1434 1455 1447 1438 1462 1444 1439 1452 1427 1438 1453 1455 1432 1443 1471 1459 1474 1457 1466 1450 1444 1465 1447 1436 1436 1464 1431 1458 1442 1450 1444 1430 1434 1449 1446 1449 1437 1441 1439 1457 1464 1444 1446 1445 1450 1425 1432 1441 1458 1463 1442 1465 1468 1457 1449 1439 1459 1451 1457 1449 1456 1454 1446 1453 1457 1465 1468 1451 1448 1438 1447 1457 1468 1465 1454 1454 1437 1460 1435 1438 1457 1453 1441 1443 1435 1467 1464 1449 1438 1445 1428 1450 1450 1464 1432

Tree=0
num_leaves=15
num_cat=0
split_feature=4 0 2 3 3 0 2 1 0 1 0 0 1 4
split_gain=168.954 140.303 18.0768 16.1243 17.5664 12.3227 15.6864 13.8668 10.4462 19.2455 9.99242 9.59016 7.87983 7.49001
threshold=8.6820000000000004 18.703000000000007 0.24460549819462502 10.184000000000003 22.685000000000002 13.002500000000003 0.61287127154566789 -0.021515898191484053 15.946500000000002 0.93168921928840098 21.796000000000003 13.194500000000001 -0.66484924122790579 13.348000000000001
decision_type=2 2 2 2 2 2 2 2 2 2 2 2 2 2
left_child=2 5 -1 10 13 -2 8 -8 -7 -10 -3 -4 -13 -5
right_child=1 3 11 4 -6 6 7 -9 9 -11 -12 12 -14 -15
leaf_value=0.15582499820739032 0.20962499976158142 0.17692499756813049 0.13947499841451644 0.14057499840855597 0.16504999808967113 0.22227500081062318 0.19137499928474427 0.13942499756813048 0.20339999794960023 0.15867499811574817 0.12297499775886536 0.12497499734163284 0.062924998998641957 0.10252499580383301
leaf_weight=79 191 145 69 196 152 189 63 65 250 60 59 78 241 115
leaf_count=79 191 145 69 196 152 189 63 65 250 60 59 78 241 115
internal_value=0.1645 0.172749 0.138269 0.155729 0.150569 0.186627 0.18324 0.167625 0.187245 0.181597 0.167441 0.13383 0.130174 0.14376
internal_weight=1952 1485 467 667 463 818 627 128 499 310 204 388 319 311
internal_count=1952 1485 467 667 463 818 627 128 499 310 204 388 319 311
is_linear=0
shrinkage=1


Tree=1
num_leaves=15
num_cat=0
split_feature=4 0 2 3 3 4 3 0 0 1 0 0 4 3
split_gain=153.663 128.356 18.3938 14.8028 17.0259 12.6983 12.1503 11.1216 10.8759 12.1582 9.82754 9.4357 7.97305 6.13372
threshold=8.6820000000000004 18.703000000000007 0.45207220393230446 10.184000000000003 22.685000000000002 10.250500000000001 98.174000000000021 13.194500000000001 15.621 0.94362518608704116 19.508000000000006 21.796000000000003 13.348000000000001 15.483000000000002
decision_type=2 2 2 2 2 2 2 2 2 2 2 2 2 2
left_child=2 5 10 11 12 -2 8 -4 -7 13 -1 -3 -5 -10
right_child=1 3 7 4 -6 6 -8 -9 9 -11 -12 -13 -14 -15
leaf_value=0.011955000194720924 0.0054799997806549072 0.011803749501705171 -0.02379875011742115 -0.022728749699890614 0.00052249999716877935 0.052318752110004432 0.021025001108646392 -0.089846248328685763 0.050629998147487643 -0.0067837499384768313 -0.06407374896109104 -0.039448750317096715 -0.058876252174377447 0.029029999077320102
leaf_weight=52 103 145 68 196 152 261 188 275 115 42 72 59 115 109
leaf_count=52 103 145 68 196 152 261 188 275 115 42 72 59 115 109
internal_value=-0.000358607 0.00750842 -0.0253747 -0.00877061 -0.0137149 0.0207824 0.0231469 -0.0313411 0.0270398 0.0199248 -0.00887097 0.00245098 -0.020418 0.0245536
internal_weight=1952 1485 467 667 463 818 715 343 527 266 124 204 311 224
internal_count=1952 1485 467 667 463 818 715 343 527 266 124 204 311 224
is_linear=0
shrinkage=0.05


Tree=2
num_leaves=15
num_cat=0
split_feature=4 0 2 3 3 4 0 3 0 0 1 0 4 4
split_gain=139.805 117.17 16.9897 13.9187 17.0259 11.9422 10.3875 10.0123 9.82754 9.31768 10.6865 9.30749 7.97305 7.61007
threshold=8.6820000000000004 18.703000000000007 0.45207220393230446 10.184000000000003 22.685000000000002 10.250500000000001 14.286000000000003 98.174000000000021 19.508000000000006 14.286000000000003 0.94917575150333644 21.480000000000004 13.348000000000001 6.8795000000000011
decision_type=2 2 2 2 2 2 2 2 2 2 2 2 2 2
left_child=2 5 8 11 12 -2 13 9 -1 -7 -11 -3 -5 -4
right_child=1 3 6 4 -6 7 -8 -9 -10 10 -12 -13 -14 -15
leaf_value=0.011357250184984877 0.0052059997916221613 0.012088562682271004 -0.044908812355250127 -0.021592312214896082 0.0004963749973103407 0.051302811786532398 -0.093503935292363172 0.019973751053214073 -0.060870061513036491 0.040720311686396601 0.0041054378325352447 -0.028276312783360482 -0.055932439565658569 -0.005993874987587332
leaf_weight=52 103 132 82 196 152 175 217 188 72 290 62 72 115 44
leaf_count=52 103 132 82 196 152 175 217 188 72 290 62 72 115 44
internal_value=-0.000870902 0.006633 -0.0247323 -0.00892054 -0.0137149 0.0193154 -0.0304665 0.0216084 -0.00887097 0.0251423 0.0204545 0.00196078 -0.020418 -0.0190476
internal_weight=1952 1485 467 667 463 818 343 715 124 527 352 204 311 126
internal_count=1952 1485 467 667 463 818 343 715 124 527 352 204 311 126
is_linear=0
shrinkage=0.05


Tree=3
num_leaves=15
num_cat=0
split_feature=4 0 4 2 3 3 2 0 1 0 4 0 0 0
split_gain=130.706 97.8865 22.8729 16.8368 15.1909 16.7908 11.6512 12.1638 18.5963 11.2836 9.86634 8.94633 8.78636 6.09496
threshold=9.8285000000000018 18.609500000000004 7.3415000000000008 0.59818091440591659 10.184000000000003 22.685000000000002 0.67844406397199097 15.872000000000002 0.93168921928840098 14.341500000000002 13.348000000000001 17.987500000000001 14.380500000000001 20.686500000000006
decision_type=2 2 2 2 2 2 2 2 2 2 2 2 2 2
left_child=2 6 3 -1 -3 10 7 -2 11 -4 -6 -9 -8 -7
right_child=1 4 9 -5 5 13 12 8 -10 -11 -12 -13 -14 -15
leaf_value=-0.025879990393668419 0.051687671960145232 0.0077875030405819418 0.0073944505363702775 -0.078143617817107602 -0.015362696598190815 0.013896556631894784 0.027137672127038239 0.042052484587579965 -0.007949834301794181 -0.028836053271591666 -0.052135815560817728 0.018512485683709383 -0.019368687631934885 -0.046278443499235433
leaf_weight=96 275 173 67 234 179 88 123 158 53 216 116 71 49 54
leaf_count=96 275 173 67 234 179 88 123 158 53 216 116 71 49 54
internal_value=-0.00102459 0.00772965 -0.0201468 -0.0290909 -0.00704918 -0.0120137 0.020096 0.0236086 0.0163121 -0.00971731 -0.0188136 0.0224891 0.00872093 0.00211268
internal_weight=1952 1339 613 330 610 437 729 557 282 283 295 229 172 142
internal_count=1952 1339 613 330 610 437 729 557 282 283 295 229 172 142
is_linear=0
shrinkage=0.05


Tree=4
num_leaves=15
num_cat=0
split_feature=4 0 2 2 0 1 1 1 0 3 0 4 0 0
split_gain=128.69 109.731 17.396 13.232 16.5259 18.0857 11.411 12.0084 14.034 9.90126 9.14817 9.08675 8.88499 8.58325
threshold=8.6820000000000004 18.703000000000007 0.59818091440591659 0.69017338824297181 15.872000000000002 0.93168921928840098 0.20061247795988868 -0.70252096857941237 21.740500000000001 10.184000000000003 17.987500000000001 7.3415000000000008 20.240000000000002 14.380500000000001
decision_type=2 2 2 2 2 2 2 2 2 2 2 2 2 2
left_child=2 3 -1 4 -2 10 7 8 -3 -9 -6 -4 -8 -5
right_child=1 6 11 13 5 -7 12 9 -10 -11 -12 -13 -14 -15
leaf_value=-0.022312863541480623 0.047760352934114639 0.0077901193279901054 -0.074236436926252203 0.022814728269428014 0.039089860478006305 -0.007394269232980733 -0.01074456216167193 -0.00023024083036929377 -0.052455108322656013 -0.045911793031150006 0.0063875024656206356 -0.024813188862577079 0.060948125397078695 -0.020227510971464219
leaf_weight=165 290 160 234 145 174 62 83 61 84 230 89 68 49 58
leaf_count=165 290 160 234 145 174 62 83 61 84 230 89 68 49 58
internal_value=-0.000768443 0.00643098 -0.0236617 0.0187042 0.0223577 0.0146154 -0.00862069 -0.0118692 -0.00368852 -0.0187285 0.0203422 -0.0307947 0.00454545 0.00763547
internal_weight=1952 1485 467 818 615 325 667 535 244 291 263 302 132 203
internal_count=1952 1485 467 818 615 325 667 535 244 291 263 302 132 203
is_linear=0
shrinkage=0.05


Tree=5
num_leaves=15
num_cat=0
split_feature=4 0 4 2 3 3 2 0 1 0 0 2 4 3
split_gain=117.179 90.2773 18.9971 14.3 13.5556 13.0356 11.5275 12.9724 15.6498 10.1131 9.67192 7.9256 7.87384 6.64186
threshold=9.8285000000000018 18.703000000000007 7.3415000000000008 0.59818091440591659 10.184000000000003 22.685000000000002 0.67844406397199097 15.872000000000002 0.93168921928840098 18.853000000000005 17.987500000000001 0.8433585485889844 13.409500000000003 71.388000000000019
decision_type=2 2 2 2 2 2 2 2 2 2 2 2 2 2
left_child=2 6 3 -1 -3 12 7 -2 10 11 -9 -4 -6 -8
right_child=1 4 9 -5 5 -7 13 8 -10 -11 -12 -13 -14 -15
leaf_value=-0.023470347696910962 0.046715270715432244 0.0074807625707785184 0.0090537213486321291 -0.070524615079939609 -0.0122454701429946 0.0028510144753338541 0.02564505287730694 0.037995367334300652 -0.006866482417607957 -0.044736614618893139 0.011992485644433646 -0.032976009371899068 -0.049683433390763705 0.00022240731727797558
leaf_weight=96 275 170 107 234 182 134 70 158 57 115 82 61 109 102
leaf_count=96 275 170 107 234 182 134 70 158 57 115 82 61 109 102
internal_value=-0.000409836 0.00787901 -0.0185155 -0.0266667 -0.00663866 -0.0114118 0.0194892 0.0229021 0.0156566 -0.0090106 0.02125 -0.00119048 -0.017354 0.00813953
internal_weight=1952 1339 613 330 595 425 744 572 297 283 240 168 291 172
internal_count=1952 1339 613 330 595 425 744 572 297 283 240 168 291 172
is_linear=0
shrinkage=0.05


Tree=6
num_leaves=15
num_cat=0
split_feature=4 0 2 2 0 1 0 1 0 1 0 1 4 0
split_gain=102.17 90.047 19.6243 15.0807 13.7976 15.339 11.3533 10.9578 12.6362 19.2415 10.5818 12.4853 8.56588 8.01418
threshold=8.6820000000000004 18.703000000000007 0.040813519545864409 0.69017338824297181 15.872000000000002 0.93168921928840098 17.987500000000001 0.1328271176880281 21.796000000000003 -0.46296662190318316 14.286000000000003 -0.80392051724781044 6.2105000000000006 20.240000000000002
decision_type=2 2 2 2 2 2 2 2 2 2 2 2 2 2
left_child=2 3 -1 4 -2 6 -6 8 9 -3 12 -12 -4 -9
right_child=1 7 10 -5 5 -7 -8 13 -10 -11 11 -13 -14 -15
leaf_value=0.0044391007158014863 0.04303657175163729 0.00598172477006514 -0.031993138091350563 0.0086000024688129787 0.035235599087390955 -0.0066812316504512989 0.0056154412749079971 -0.010045060340802579 -0.056886699312908851 -0.031440966191760122 -0.028465492661092297 -0.087083509185063315 -0.00029150461760446138 0.036795305397488952
leaf_weight=51 290 210 65 203 174 62 89 92 165 144 62 221 68 56
leaf_count=51 290 210 65 203 174 62 89 92 165 144 62 221 68 56
internal_value=-5.12295e-05 0.00636364 -0.0204497 0.0174817 0.0213821 0.0143077 0.0195817 -0.00727136 -0.0106936 -0.00536723 -0.0240385 -0.0295053 -0.012406 0.00472973
internal_weight=1952 1485 467 818 615 325 263 667 519 354 416 283 133 148
internal_count=1952 1485 467 818 615 325 263 667 519 354 416 283 133 148
is_linear=0
shrinkage=0.05


Tree=7
num_leaves=15
num_cat=0
split_feature=4 0 4 3 3 2 2 0 1 0 0 2 1 0
split_gain=90.2144 72.8625 16.4832 12.4153 10.6689 10.1791 9.77721 11.5747 14.1723 9.32423 9.28739 11.0952 7.04762 16.8199
threshold=9.8285000000000018 18.703000000000007 5.7325000000000008 10.387500000000001 22.685000000000002 0.72731766296277522 0.67844406397199097 15.872000000000002 0.92913280730858816 17.987500000000001 14.341500000000002 -0.16470888341644155 -0.63874350706337046 19.596000000000004
decision_type=2 2 2 2 2 2 2 2 2 2 2 2 2 2
left_child=2 6 5 -3 -5 -1 7 -2 9 -9 -4 -12 13 -13
right_child=1 3 10 4 -6 -7 -8 8 -10 -11 11 12 -14 -15
leaf_value=-0.02780433305823813 0.042227678592078766 0.0071187139274177568 0.0012157595789881147 -0.03129236518172844 0.0035168385382195995 -0.078296467643353254 0.014305997821784662 0.034333819013216076 -0.0057359871771166838 0.011112089298466563 0.001347840778321247 0.0078479312354686141 -0.083737497152080509 -0.059663403084474348
leaf_weight=68 275 176 112 285 134 92 172 156 59 82 82 56 148 55
leaf_count=68 275 176 112 285 134 92 172 156 59 82 82 56 148 55
internal_value=0.000307377 0.00758028 -0.0155791 -0.00546218 -0.0101432 -0.029375 0.0180108 0.0211538 0.0143098 0.0197479 -0.0107064 -0.0148094 -0.0198842 -0.0103604
internal_weight=1952 1339 613 595 419 160 744 572 297 238 453 341 259 111
internal_count=1952 1339 613 595 419 160 744 572 297 238 453 341 259 111
is_linear=0
shrinkage=0.05


Tree=8
num_leaves=15
num_cat=0
split_feature=4 0 4 3 3 2 3 1 0 2 2 4 0 2
split_gain=76.4374 65.1503 15.5254 11.6777 9.65413 9.62558 8.54307 8.00854 10.6021 14.3583 10.9523 7.70512 7.42237 8.79301
threshold=9.8285000000000018 18.703000000000007 5.7325000000000008 10.387500000000001 13.191500000000001 0.72731766296277522 22.685000000000002 -0.41274032740354771 14.431500000000002 -0.081676395330422633 0.48378379397820742 19.141500000000004 14.341500000000002 -0.16470888341644155
decision_type=2 2 2 2 2 2 2 2 2 2 2 2 2 2
left_child=2 4 5 -3 11 -1 -5 -6 10 -10 -9 -2 -4 -14
right_child=1 3 12 6 7 -7 -8 8 9 -11 -12 -13 13 -15
leaf_value=-0.026414116405326218 0.029981485083882743 0.0067627782310468697 0.0011549716000387089 -0.029727746922642014 0.045061486587111892 -0.074381644261185584 0.0033409966113086193 0.046166297237395487 0.015177128109642935 -0.016498805757389209 0.017569884510280503 0.047430304832609106 0.0012804487394051847 -0.054142457103908637
leaf_weight=68 163 176 112 285 67 92 134 89 159 72 108 86 82 259
leaf_count=68 163 176 112 285 67 92 134 89 159 72 108 86 82 259
internal_value=0.000512295 0.00720687 -0.0141109 -0.00512605 0.0170699 -0.0275 -0.00966587 0.0130303 0.010514 0.00324675 0.0190355 0.0251004 -0.0093819 -0.0130499
internal_weight=1952 1339 613 595 744 160 419 495 428 231 197 249 453 341
internal_count=1952 1339 613 595 744 160 419 495 428 231 197 249 453 341
is_linear=0
shrinkage=0.05


Tree=9
num_leaves=15
num_cat=0
split_feature=4 0 2 2 1 0 0 1 2 3 0 1 4 1
split_gain=66.8109 62.8314 23.0799 12.0938 12.066 11.3632 10.3556 10.1817 10.9583 8.59712 11.0375 14.6753 7.91737 7.38368
threshold=7.3415000000000008 17.987500000000001 0.67844406397199097 0.26123699986315735 0.1837425755813806 14.341500000000002 21.796000000000003 -0.45206801762443455 0.057982974307775707 14.602500000000001 15.621 0.77952989095276826 13.409500000000003 -0.47434769705567575
decision_type=2 2 2 2 2 2 2 2 2 2 2 2 2 2
left_child=3 2 9 -1 6 -4 7 8 -3 -2 -11 -12 -9 -5
right_child=1 4 5 13 -6 -7 -8 12 -10 10 11 -13 -14 -15
leaf_value=0.0032927534194474501 0.036845166719208899 0.012602656286503847 0.019323714744049387 -0.027935332818201732 0.015091126628459817 -0.022647857684616704 -0.047314139092442947 -0.0012147932753296246 -0.031686857052777184 0.033457979180716746 0.030251162814941737 -0.019331160459756656 -0.037920502096555536 -0.064468411777152804
leaf_weight=42 214 199 174 93 205 92 183 71 70 183 82 59 90 195
leaf_count=42 214 199 174 93 205 92 183 71 70 183 82 59 90 195
internal_value=0.000204918 0.00437731 0.0143035 -0.020303 -0.00537897 0.00225564 -0.0088907 -0.00465116 0.00130112 0.0202602 0.0151235 0.00460993 -0.0145963 -0.0239583
internal_weight=1952 1622 804 330 818 266 613 430 269 538 324 141 161 288
internal_count=1952 1622 804 330 818 266 613 430 269 538 324 141 161 288
is_linear=0
shrinkage=0.05


Tree=10
num_leaves=15
num_cat=0
split_feature=4 4 0 2 1 1 0 3 0 3 2 1 3 2
split_gain=65.1383 40.4671 29.0471 11.5161 9.92549 13.4626 12.5683 9.56652 10.6838 8.84724 8.16705 8.14274 6.75734 8.69806
threshold=16.884000000000004 7.3415000000000008 20.059500000000003 0.26123699986315735 -0.58429276287313703 -0.0687085824022272 17.987500000000001 8.8550000000000022 14.431500000000002 12.753500000000001 0.1093682717844857 0.1328271176880281 20.893500000000007 0.057982974307775707
decision_type=2 2 2 2 2 2 2 2 2 2 2 2 2 2
left_child=1 3 4 -1 6 -6 -3 -2 -9 -7 -8 -4 -11 -14
right_child=7 2 11 -5 5 9 10 8 -10 12 -12 -13 13 -15
leaf_value=0.0031281157484750778 0.04261778078735369 0.029724291990927212 -0.026462371385539581 -0.0502507314161788 -0.025756183047196179 0.020491101260782314 0.039328277393031325 0.038288951978681374 0.0041831784017271056 -0.016489120151083721 -0.023601316879725161 0.019064518087400381 0.02508892845660576 -0.0041755535788562158
leaf_weight=42 121 76 397 288 100 180 53 117 117 76 46 72 149 118
leaf_count=42 121 76 397 288 100 180 53 117 117 76 46 72 149 118
internal_value=0.000204918 -0.00410144 -3.94633e-05 -0.019697 0.00576441 0.00280899 0.0162857 0.0195775 0.0136752 0.00602294 0.00454545 -0.00991471 0.00131195 0.00505618
internal_weight=1952 1597 1267 330 798 623 175 355 234 523 99 469 343 267
internal_count=1952 1597 1267 330 798 623 175 355 234 523 99 469 343 267
is_linear=0
shrinkage=0.05


Tree=11
num_leaves=15
num_cat=0
split_feature=4 0 2 2 0 3 3 4 1 0 1 0 1 0
split_gain=64.9211 57.088 16.6416 15.2426 11.9297 8.87301 12.4455 9.32112 8.66016 7.45464 17.2749 7.28297 10.0917 8.99429
threshold=8.6820000000000004 17.987500000000001 0.21113058295073206 0.69017338824297181 21.796000000000003 10.184000000000003 23.817500000000006 14.292500000000002 0.48941038753127741 14.736000000000002 0.9253073452222943 14.286000000000003 -0.60434081882701107 18.086000000000002
decision_type=2 2 2 2 2 2 2 2 2 2 2 2 2 2
left_child=2 3 -1 9 5 -3 7 -7 -5 -2 -11 -4 13 -13
right_child=1 4 11 8 -6 6 -8 -9 -10 10 -12 12 -14 -15
leaf_value=0.006135673216529372 0.033816493754751042 0.011354350720640213 -0.0081966027460311369 0.016620406194558412 -0.038780141935132559 -0.0064219020424127323 0.013167781726464595 -0.043532065515141993 -0.012342175081102214 0.029132463418442712 -0.0031347546277803121 0.0074665458358642387 -0.079699374466442263 -0.059664658094192635
leaf_weight=71 198 171 131 154 186 190 151 72 48 227 88 46 175 44
leaf_count=71 198 171 131 154 186 190 151 72 48 227 88 46 175 44
internal_value=0.000307377 0.00542088 -0.0159529 0.0155944 -0.00402597 -0.000513699 -0.00447942 -0.0110687 0.0039604 0.0201754 0.0153968 -0.0199495 -0.024717 -0.0111111
internal_weight=1952 1485 467 715 770 584 413 262 202 513 315 396 265 90
internal_count=1952 1485 467 715 770 584 413 262 202 513 315 396 265 90
is_linear=0
shrinkage=0.05


Tree=12
num_leaves=15
num_cat=0
split_feature=4 0 2 2 1 1 0 2 1 0 1 1 0 0
split_gain=58.3313 51.533 15.6963 12.7852 9.91255 10.9829 13.4376 8.84297 8.66016 8.58457 16.8132 8.08313 8.66824 8.02381
threshold=8.6820000000000004 17.987500000000001 0.21113058295073206 0.69017338824297181 0.1328271176880281 -0.45206801762443455 21.796000000000003 -0.99791438307893243 0.48941038753127741 15.872000000000002 0.9253073452222943 -0.47434769705567575 18.147000000000002 15.457000000000003
decision_type=2 2 2 2 2 2 2 2 2 2 2 2 2 2
left_child=2 3 -1 9 5 6 -3 -7 -5 -2 -11 12 -4 -13
right_child=1 4 11 8 -6 7 -8 -9 -10 10 -12 13 -14 -15
leaf_value=0.0058288895557029041 0.032971233239497161 0.0053442059098299053 -0.00026690823491643396 0.015789385884830493 0.012692365068157137 0.0086426460339703061 -0.044421783849666142 -0.038325873037377778 -0.011725066327047104 0.026125839341529979 -0.013041981558219038 -0.03371409786524001 -0.060671347906285582 -0.10642449528577201
leaf_weight=71 290 247 88 154 210 41 116 156 48 171 52 172 47 89
leaf_count=71 290 247 88 154 210 41 116 156 48 171 52 172 47 89
internal_value=0.000102459 0.00494949 -0.0153105 0.0146154 -0.00402597 -0.0075 -0.0023416 -0.0170051 0.0039604 0.0188109 0.011435 -0.0191919 -0.00925926 -0.0243295
internal_weight=1952 1485 467 715 770 560 363 197 202 513 223 396 135 261
internal_count=1952 1485 467 715 770 560 363 197 202 513 223 396 135 261
is_linear=0
shrinkage=0.05


Tree=13
num_leaves=15
num_cat=0
split_feature=4 0 2 3 0 1 0 1 0 2 2 0 3 3
split_gain=55.1301 44.4548 12.3233 11.3738 11.1108 12.553 14.3765 8.90229 10.1522 16.02 10.838 7.53855 7.47417 7.27731
threshold=9.8285000000000018 18.355000000000004 0.12643880951666986 11.723000000000001 14.286000000000003 -0.60434081882701107 19.400000000000002 -0.7146667679788683 14.286000000000003 -0.31473592273745027 0.46105717635705401 21.796000000000003 22.685000000000002 8.5370000000000008
decision_type=2 2 2 2 2 2 2 2 2 2 2 2 2 2
left_child=2 7 11 -3 -4 6 -6 -2 10 13 -9 -1 -5 -10
right_child=1 3 4 12 5 -7 -8 8 9 -11 -12 -13 -14 -15
leaf_value=0.0078574011580531764 0.042170327176098921 0.0064607749381937838 -0.0034296806988259945 -0.026241493422581287 0.008534715603976329 -0.074565416307089058 -0.058022940268797778 0.038910568153427083 0.04452307628644056 -0.0055156492289434979 0.015878150852268874 -0.038516603378803409 0.0011037570283312177 0.019056812274727442
leaf_weight=87 77 218 162 269 73 198 40 124 61 145 150 53 151 144
leaf_count=87 77 218 162 269 73 198 40 124 61 145 150 53 151 144
internal_value=0.000102459 0.0057879 -0.0123165 -0.00376176 -0.0161734 -0.0217042 -0.00840708 0.0144793 0.0125 0.00685714 0.019708 0.000714286 -0.00857143 0.0158537
internal_weight=1952 1339 613 638 473 311 113 701 624 350 274 140 420 205
internal_count=1952 1339 613 638 473 311 113 701 624 350 274 140 420 205
is_linear=0
shrinkage=0.05


Tree=14
num_leaves=15
num_cat=0
split_feature=4 0 2 0 1 0 3 1 1 3 0 0 1 2
split_gain=52.6333 38.0987 11.415 9.82305 10.7978 14.3765 9.53126 9.18366 10.4552 8.27339 7.53855 6.95582 9.74146 12.8698
threshold=9.8285000000000018 18.355000000000004 0.12643880951666986 14.286000000000003 -0.60434081882701107 19.400000000000002 11.723000000000001 -0.7383195169062905 -0.0687085824022272 3.1635000000000004 21.796000000000003 14.286000000000003 -0.63874350706337046 -0.30081980763566774
decision_type=2 2 2 2 2 2 2 2 2 2 2 2 2 2
left_child=2 9 10 -4 5 -5 -3 -8 -9 -2 -1 -11 -13 -14
right_child=1 6 3 4 -6 -7 7 8 -10 11 -12 12 13 -15
leaf_value=0.007464531100150518 0.045073806137003514 0.0061377361912840949 -0.0032581966638846951 0.008107979823777511 -0.070837145491734615 -0.05512179325535789 0.0066468042280147443 -0.038004846620377411 -0.0023287491034216928 0.02317671348487732 -0.036590773209863238 0.035307231971203945 0.019452040448272451 -0.010835982341979859
leaf_weight=87 104 218 162 73 198 40 111 168 141 250 53 55 174 118
leaf_count=87 104 218 162 73 198 40 111 168 141 250 53 55 174 118
internal_value=0.000307377 0.00586258 -0.0118271 -0.0155391 -0.0207395 -0.00840708 -0.00297806 -0.00738095 -0.0118123 0.0139087 0.000714286 0.0116415 0.00706052 0.00342466
internal_weight=1952 1339 613 473 311 113 638 420 309 701 140 597 347 292
internal_count=1952 1339 613 473 311 113 638 420 309 701 140 597 347 292
is_linear=0
shrinkage=0.05


Tree=15
num_leaves=15
num_cat=0
split_feature=4 0 4 3 3 3 1 2 2 2 0 1 2 4
split_gain=51.7482 34.9273 10.3326 8.81267 8.79599 8.44715 8.56244 7.32334 7.15592 7.06622 10.7578 8.79916 8.5179 7.72063
threshold=9.8285000000000018 18.609500000000004 6.0075000000000012 76.496500000000012 3.1635000000000004 11.723000000000001 -0.7383195169062905 0.70329649815198148 0.58534685349953219 0.61287127154566789 14.166500000000001 0.95236875646279973 -0.92449049203901279 23.187000000000001
decision_type=2 2 2 2 2 2 2 2 2 2 2 2 2 2
left_child=2 4 7 -4 -2 -3 -7 -1 -5 10 -6 12 -12 -11
right_child=1 5 3 8 9 6 -8 -9 -10 13 11 -13 -14 -15
leaf_value=-0.023107299767645768 0.042820115830153341 0.0058048039944513189 -0.025410525817217505 0.025684541181243505 0.031895380178608768 0.0064182455652679136 -0.022975590904269535 -0.054018664400652332 -0.018173324581916894 -0.0061028314726005485 -0.0092076396502350413 -0.0045167795203631513 0.024292908723896722 0.027032413480798413
leaf_weight=71 106 211 304 57 127 108 291 113 68 105 42 71 221 57
leaf_count=71 106 211 304 57 127 108 291 113 68 105 42 71 221 57
internal_value=0.000204918 0.00571322 -0.0118271 -0.00757576 0.0131001 -0.00311475 -0.00739348 -0.0217391 0.0036 0.0108347 0.0139913 0.00928144 0.0134981 0.00185185
internal_weight=1952 1339 613 429 729 610 399 184 125 623 461 334 263 162
internal_count=1952 1339 613 429 729 610 399 184 125 623 461 334 263 162
is_linear=0
shrinkage=0.05


Tree=16
num_leaves=15
num_cat=0
split_feature=4 0 2 0 3 2 0 1 2 1 0 1 2 2
split_gain=44.1726 39.0803 11.8789 12.0738 11.5345 9.42231 8.36627 7.98566 9.52557 7.78695 7.43535 5.9645 5.87484 5.8691
threshold=7.3415000000000008 18.703000000000007 0.57132313271480106 14.286000000000003 1.8325000000000002 0.60605034090854637 14.5555 0.73465119469809237 -0.93704710539067892 -0.38118653245548278 13.985500000000002 -0.25950939392209715 0.057982974307775707 0.1093682717844857
decision_type=2 2 2 2 2 2 2 2 2 2 2 2 2 2
left_child=5 2 3 -2 -5 -1 9 8 -6 -4 -7 -12 -9 -3
right_child=1 13 6 4 7 10 -8 12 -10 -11 11 -13 -14 -15
leaf_value=-0.0048417918857396464 0.032152687353783967 -0.0037081337278223507 0.030785847753317511 0.056816667812661037 -0.0087472576677232877 -0.010692756861520542 -0.017122414057440079 0.0098974709002255471 0.023411457230188362 0.0018394174393921549 -0.046641792454610302 -0.06990882057233419 -0.011656684393007447 -0.042127631354242946
leaf_weight=98 156 653 44 59 40 78 100 138 165 166 70 84 44 57
leaf_count=98 156 653 44 59 40 78 100 138 165 166 70 84 44 57
internal_value=0.000614754 0.0040074 0.0108553 0.0149502 0.0107623 -0.0160606 0.00290323 0.00762274 0.0143902 0.00857143 -0.0215517 -0.0279221 0 -0.00478873
internal_weight=1952 1622 912 602 446 330 310 387 205 210 232 154 182 710
internal_count=1952 1622 912 602 446 330 310 387 205 210 232 154 182 710
is_linear=0
shrinkage=0.05


Tree=17
num_leaves=15
num_cat=0
split_feature=4 0 2 2 0 1 2 0 0 1 1 2 0 2
split_gain=39.4441 31.5862 9.13882 8.98814 8.87768 8.22617 10.7107 7.4619 6.93445 6.85801 6.40451 8.15996 7.73621 5.94695
threshold=7.3415000000000008 18.609500000000004 0.66485539796428639 0.60605034090854637 16.034500000000005 0.74332993385844814 -0.94418750883419933 14.341500000000002 13.985500000000002 -0.25950939392209715 0.42833659622166903 0.21113058295073206 13.194500000000001 0.1093682717844857
decision_type=2 2 2 2 2 2 2 2 2 2 2 2 2 2
left_child=3 2 4 -1 10 6 -6 -4 -5 -10 -2 12 -12 -3
right_child=1 13 7 8 5 -7 -8 -9 9 -11 11 -13 -14 -15
leaf_value=-0.0045997022914526647 0.045191919610132095 -0.0033426924346016355 0.01273341844459105 -0.010158119018444517 -0.0075617019197357976 -0.0019625175601216032 0.028729143057073622 -0.019402492149466221 -0.044309702831879787 -0.066413379543717468 0.043263164122352399 0.0011096201898634418 0.026291981909172729 -0.031145026645724046
leaf_weight=98 44 664 176 78 40 113 152 96 70 84 51 85 139 62
leaf_count=98 44 664 176 78 40 113 152 96 70 84 51 85 139 62
internal_value=0 0.00320592 0.00948661 -0.0157576 0.0128205 0.00672131 0.0130208 0.00183824 -0.0211207 -0.0272727 0.018652 0.0158182 0.0215789 -0.00454545
internal_weight=1952 1622 896 330 624 305 192 272 232 154 319 275 190 726
internal_count=1952 1622 896 330 624 305 192 272 232 154 319 275 190 726
is_linear=0
shrinkage=0.05


Tree=18
num_leaves=15
num_cat=0
split_feature=4 4 0 1 2 0 3 2 0 0 2 2 2 2
split_gain=35.5029 22.2768 14.9613 11.4531 13.1009 8.96262 9.2894 7.9181 9.86211 6.92457 6.62502 5.68714 5.68126 6.71291
threshold=16.884000000000004 7.3415000000000008 18.609500000000004 -0.58429276287313703 0.057982974307775707 13.332500000000001 8.8550000000000022 0.73832635400310653 15.251000000000003 11.176 0.46866798009266125 0.91609059637714607 0.1093682717844857 -0.89611523788151459
decision_type=2 2 2 2 2 2 2 2 2 2 2 2 2 2
left_child=1 7 3 -3 -5 10 -7 -1 -9 -6 -2 -11 13 -4
right_child=5 2 12 4 9 6 -8 8 -10 11 -12 -13 -14 -15
leaf_value=-0.0089460908872550007 0.041071226708619187 0.0230563528787966 -0.021950529802200934 0.017491691444617766 0.012375951805983394 0.034017302767241152 0.00096575901632333652 -0.02902193970574618 -0.085450044201374392 -0.014496998382235143 0.024952151012559334 0.0015107757107581056 -0.029587775313437842 0.00057840340557221287
leaf_weight=142 45 101 247 230 41 92 153 113 75 130 65 73 62 383
leaf_count=142 45 101 247 230 41 92 153 113 75 130 65 73 62 383
internal_value=0.000204918 -0.00297433 3.94633e-05 0.006 0.00274262 0.014507 0.00918367 -0.0145455 -0.0212766 -0.00532787 0.0263636 -0.0091133 -0.00491329 -0.00349206
internal_weight=1952 1597 1267 575 474 355 245 330 188 244 110 203 692 630
internal_count=1952 1597 1267 575 474 355 245 330 188 244 110 203 692 630
is_linear=0
shrinkage=0.05


Tree=19
num_leaves=15
num_cat=0
split_feature=4 0 2 0 1 0 0 1 3 2 3 2 4 2
split_gain=33.8665 28.197 8.53076 9.99793 8.37943 11.4768 7.83588 13.08 6.87574 6.39768 8.22305 6.24155 6.10772 5.57692
threshold=7.3415000000000008 18.609500000000004 0.45207220393230446 14.286000000000003 -0.58429276287313703 13.579500000000001 14.341500000000002 -0.63874350706337046 1.5760000000000003 0.1093682717844857 8.0950000000000006 0.88637546977843906 16.884000000000004 0.91609059637714607
decision_type=2 2 2 2 2 2 2 2 2 2 2 2 2 2
left_child=6 2 3 12 -4 -6 11 -8 -5 10 -3 -1 -2 -7
right_child=1 9 4 8 5 13 7 -9 -10 -11 -12 -13 -14 -15
leaf_value=0.0075751793455571927 0.014780225881075099 0.011513134826203969 0.019917914387602889 0.052189351891771353 0.011757154215684225 -0.047417647354699013 -0.00087620608492497149 -0.053120994702556816 0.010213489438542753 -0.028108386547765953 -0.011840561206424988 -0.028722395440286909 0.037958755787013736 -0.001759097786729176
leaf_weight=46 64 141 78 48 159 72 73 153 348 62 523 58 69 58
leaf_count=46 64 141 78 48 159 72 73 153 348 62 523 58 69 58
internal_value=0.000358607 0.00332922 0.00926339 0.013327 0.00340599 -0.000519031 -0.0142424 -0.019469 0.00934343 -0.00399449 -0.00256024 -0.00288462 0.025188 -0.0115385
internal_weight=1952 1622 896 529 367 289 330 226 396 726 664 104 133 130
internal_count=1952 1622 896 529 367 289 330 226 396 726 664 104 133 130
is_linear=0
shrinkage=0.05


Tree=20
num_leaves=15
num_cat=0
split_feature=4 0 2 0 3 4 1 0 1 1 4 1 0 2
split_gain=30.8303 21.0258 11.1598 12.4709 9.90535 9.75296 9.66255 15.4521 8.6472 8.29656 8.18292 7.18854 6.38431 8.69177
threshold=9.8285000000000018 20.545500000000004 0.12643880951666986 14.341500000000002 8.1925000000000008 26.842500000000005 -0.60434081882701107 19.400000000000002 -0.46296662190318316 0.064414007683963548 13.409500000000003 -0.0687085824022272 11.908500000000002 0.075135296012361824
decision_type=2 2 2 2 2 2 2 2 2 2 2 2 2 2
left_child=2 4 -1 -4 -2 8 7 -5 -6 10 -3 -10 -13 -14
right_child=1 9 3 6 5 -7 -8 -9 11 -11 -12 12 13 -15
leaf_value=0.0016894740853531664 0.024798322604479034 -0.011248533146103738 -0.00072489696884524561 0.0066355583970819747 0.020762756738552837 0.027357304649137239 -0.058937549358593966 -0.04949881257290456 -0.015111276418798267 0.039703181298876761 -0.046230302504918698 0.025881400382179287 0.0076389420041371812 -0.0086788672794511548
leaf_weight=140 258 187 165 73 137 61 195 40 91 41 78 52 340 94
leaf_count=140 258 187 165 73 137 61 195 40 91 41 78 52 340 94
internal_value=-0.000256148 0.00399552 -0.00954323 -0.0132135 0.00740561 0.00458065 -0.0191558 -0.00752212 0.00294118 -0.00751634 -0.0107547 0.000259965 0.0026749 0.000691244
internal_weight=1952 1339 613 473 1033 775 308 113 714 306 265 577 486 434
internal_count=1952 1339 613 473 1033 775 308 113 714 306 265 577 486 434
is_linear=0
shrinkage=0.05


Tree=21
num_leaves=15
num_cat=0
split_feature=4 0 2 0 1 0 3 1 1 0 4 4 3 1
split_gain=28.3749 20.1921 10.5803 11.5383 8.614 12.5137 7.87494 8.15093 9.91727 6.91331 7.61573 6.81151 6.84195 6.1908
threshold=9.8285000000000018 18.355000000000004 0.12643880951666986 14.341500000000002 -0.60434081882701107 19.400000000000002 11.723000000000001 -0.7383195169062905 -0.0687085824022272 19.157500000000002 12.921500000000002 26.842500000000005 14.678000000000003 -0.41274032740354771
decision_type=2 2 2 2 2 2 2 2 2 2 2 2 2 2
left_child=2 11 -1 -4 5 -5 -3 -8 -9 -10 -11 12 -2 -14
right_child=1 6 3 4 -6 -7 7 8 9 10 -12 -13 13 -15
leaf_value=0.0016050003810855083 0.023099359926292237 0.0063549586218569661 -0.00068865212040298282 0.0063037804772278763 -0.05599067189066427 -0.047023871944259332 0.0074716275938196356 -0.030827215333909259 -0.01327746421913727 -0.0031744316298653718 0.031004376954336943 0.023316194071119081 0.030950004987728305 0.0015482923119927328
leaf_weight=140 222 218 165 73 195 40 111 168 50 43 48 82 53 344
leaf_count=140 222 218 165 73 195 40 111 168 50 43 48 82 53 344
internal_value=-0.000307377 0.00377147 -0.00921697 -0.0127907 -0.0185065 -0.00752212 -0.00266458 -0.00666667 -0.0108414 -0.00106383 0.00714286 0.0096291 0.00783522 0.00390428
internal_weight=1952 1339 613 473 308 113 638 420 309 141 91 701 619 397
internal_count=1952 1339 613 473 308 113 638 420 309 141 91 701 619 397
is_linear=0
shrinkage=0.05


Tree=22
num_leaves=15
num_cat=0
split_feature=4 2 1 2 0 4 3 1 0 0 0 2 1 2
split_gain=26.7085 18.2905 17.7966 10.2963 11.0856 10.0503 10.2629 8.1123 12.5137 7.14597 6.01506 5.80293 5.67407 7.9361
threshold=9.8285000000000018 -0.89611523788151459 0.1328271176880281 0.12643880951666986 14.341500000000002 26.842500000000005 8.0950000000000006 -0.60434081882701107 19.400000000000002 20.686500000000006 21.584000000000003 -0.6815963802609516 0.61794704089537544 -0.01291029607500894
decision_type=2 2 2 2 2 2 2 2 2 2 2 2 2 2
left_child=3 2 -2 10 -5 6 11 8 -6 12 -1 -3 13 -8
right_child=1 5 -4 4 7 -7 9 -9 -10 -11 -12 -13 -14 -15
leaf_value=0.010494203573900905 -0.023487215727759306 0.043212398060649193 0.028081394792125992 -0.0006542195143828339 0.0059885914533664821 0.022240574219552209 0.022420798064477721 -0.053191138296131063 -0.044672678347046371 -0.019706928489503575 -0.032692242424362521 0.01616997994592994 -0.00014378081366931835 0.0054640339897743251
leaf_weight=83 202 42 104 165 73 80 136 195 40 136 57 208 282 149
leaf_count=83 202 42 104 165 73 80 136 195 40 136 57 208 282 149
internal_value=-0.000409836 0.00354742 -0.00718954 -0.00905383 -0.0125793 0.00672798 0.00529906 -0.0181818 -0.00752212 0.00220484 0.00285714 0.014 0.00467372 0.00964912
internal_weight=1952 1339 306 613 473 1033 953 308 113 703 140 250 567 285
internal_count=1952 1339 306 613 473 1033 953 308 113 703 140 250 567 285
is_linear=0
shrinkage=0.05


Tree=23
num_leaves=15
num_cat=0
split_feature=4 0 4 3 2 2 0 1 1 4 0 0 1 4
split_gain=26.3394 17.6503 9.65128 9.45685 8.17657 8.04249 8.18 8.23613 7.32426 7.97641 6.31946 5.28332 4.36883 7.38769
threshold=7.3415000000000008 20.545500000000004 26.842500000000005 8.0950000000000006 0.71541278717867718 0.60605034090854637 14.341500000000002 -0.25950939392209715 0.1328271176880281 13.409500000000003 21.740500000000001 19.862000000000005 -0.46296662190318316 10.043500000000002
decision_type=2 2 2 2 2 2 2 2 2 2 2 2 2 2
left_child=5 2 3 4 -2 11 -7 -8 9 10 -3 -1 13 -5
right_child=1 8 -4 12 -6 6 7 -9 -10 -11 -12 -13 -14 -15
leaf_value=0.010128446809374381 0.022535795517846905 0.0025401342512619061 0.02103835565658552 -0.012010090845455804 -0.0058984353642613126 -0.0087457212786204025 -0.030899003394030768 -0.050610045741209711 0.0287751936528612 -0.042321634537396277 -0.031349389758348244 -0.034375271904814202 -0.0002544134357617439 0.02430937877780525
leaf_weight=58 246 101 82 50 69 92 68 72 53 82 149 40 660 130
leaf_count=58 246 101 82 50 69 92 68 72 53 82 149 40 660 130
internal_value=-0.000153689 0.00246609 0.00537591 0.00419913 0.0115873 -0.0130303 -0.0181034 -0.0257143 -0.00688312 -0.00963855 -0.0052 -0.00102041 0.00142857 0.00833333
internal_weight=1952 1622 1237 1155 315 330 232 140 385 332 250 98 840 180
internal_count=1952 1622 1237 1155 315 330 232 140 385 332 250 98 840 180
is_linear=0
shrinkage=0.05


Tree=24
num_leaves=15
num_cat=0
split_feature=4 0 2 1 3 2 0 0 1 2 2 0 4 0
split_gain=24.5213 14.7613 13.1559 15.1284 9.39385 8.18965 10.2075 7.60541 7.41085 7.39123 6.54862 6.51163 6.3047 4.66153
threshold=7.3415000000000008 15.621 0.057982974307775707 -0.51236666743397874 8.0950000000000006 0.74475763103476778 14.341500000000002 13.332500000000001 -0.25950939392209715 0.092265415903232631 -0.92449049203901279 19.903500000000005 16.884000000000004 20.784000000000002
decision_type=2 2 2 2 2 2 2 2 2 2 2 2 2 2
left_child=5 2 -2 -4 9 11 -7 12 -8 10 -3 -1 -5 -6
right_child=1 4 3 7 13 6 8 -9 -10 -11 -12 -13 -14 -15
leaf_value=0.0018290151594871852 0.030619476970298057 -0.0091555706349775914 0.032868923464416867 -0.00012387110119776586 -0.00038843365771464998 -0.011789822159592135 -0.034965325527830708 -0.013679082406390859 -0.061918164456894589 -0.0063348626474034279 0.029362915216634412 -0.041083457550461396 0.022884719945686773 -0.025716265230805082
leaf_weight=101 142 46 53 106 574 76 52 127 58 85 158 43 75 256
leaf_count=101 142 46 53 106 574 76 52 127 58 85 158 43 75 256
internal_value=0 0.00252774 0.00964215 0.00457064 -0.000670241 -0.0124242 -0.0193548 0.000324675 -0.0290909 0.00709343 0.0122549 -0.00347222 0.00690608 -0.00337349
internal_weight=1952 1622 503 361 1119 330 186 308 110 289 204 144 181 830
internal_count=1952 1622 503 361 1119 330 186 308 110 289 204 144 181 830
is_linear=0
shrinkage=0.05


Tree=25
num_leaves=15
num_cat=0
split_feature=4 0 2 1 2 3 2 0 0 0 0 4 0 1
split_gain=21.4245 15.4799 12.1447 12.9033 8.10351 9.62333 7.53002 8.01099 7.78505 6.9089 6.87353 6.3047 5.50276 7.48399
threshold=7.3415000000000008 15.621 0.057982974307775707 -0.51236666743397874 0.61287127154566789 8.0950000000000006 0.87796008470088804 14.856000000000002 15.412500000000003 21.283500000000004 13.332500000000001 16.884000000000004 20.784000000000002 0.76588452941357155
decision_type=2 2 2 2 2 2 2 2 2 2 2 2 2 2
left_child=6 2 -2 -4 5 9 8 -8 -1 -3 11 -5 13 -7
right_child=1 4 3 10 -6 12 7 -9 -10 -11 -12 -13 -14 -15
leaf_value=0.0050022911963095058 0.029088503121783151 0.020020846290204265 0.031225477291196027 -0.00011767754613787874 -0.043638327138006076 0.0029226606181201394 -0.025007621530258796 -0.067730173541707378 -0.023154359517585411 -0.0062503663052157106 -0.012995128286071314 0.021740483948402434 -0.024430451969264827 -0.010225547376982308
leaf_weight=63 142 203 53 106 51 431 78 48 141 66 127 75 256 112
leaf_count=63 142 203 53 106 51 431 78 48 141 66 127 75 256 112
internal_value=-0.000204918 0.00215783 0.00944334 0.00457064 -0.00111707 -0.000187266 -0.0118182 -0.0214286 -0.00588235 0.00799257 0.000649351 0.00690608 -0.00294118 -9.2081e-05
internal_weight=1952 1622 503 361 1119 1068 330 126 204 269 308 181 799 543
internal_count=1952 1622 503 361 1119 1068 330 126 204 269 308 181 799 543
is_linear=0
shrinkage=0.05


Tree=26
num_leaves=15
num_cat=0
split_feature=4 0 2 1 2 0 0 0 2 3 1 1 4 1
split_gain=21.614 14.3929 10.8253 12.297 6.86361 7.45791 6.51165 6.01105 7.18111 6.84024 7.89083 6.50449 8.876 6.10249
threshold=7.3415000000000008 15.621 -0.02793410925094832 -0.51236666743397874 0.73832635400310653 13.985500000000002 19.903500000000005 20.784000000000002 0.61287127154566789 6.0985000000000005 0.76588452941357155 0.14984488681196825 10.780000000000003 -0.44380628866780414
decision_type=2 2 2 2 2 2 2 2 2 2 2 2 2 2
left_child=4 2 -2 -4 6 -6 -1 8 9 -3 -11 12 -9 -14
right_child=1 7 3 -5 5 -7 -8 11 -10 10 -12 -13 13 -15
leaf_value=0.0028418658436316193 0.028998936257287333 0.021904734312502755 0.029664203426636226 0.0010280242705133986 -0.0050414147478737431 -0.042193218193229264 -0.037871566697059059 0.0032616110445144245 -0.041456410781105769 0.0027765275872141323 -0.0094483104852968354 0.049961651055357034 -0.016751973034193759 -0.039424237899730305
leaf_weight=99 125 160 53 325 66 122 43 100 51 449 121 42 126 70
leaf_count=99 125 160 53 325 66 122 43 100 51 449 121 42 126 70
internal_value=-0.000153689 0.00221948 0.00924453 0.00502646 -0.0118182 -0.0180851 -0.00352113 -0.000938338 0.00147247 0.00273973 0.000175439 -0.00650888 -0.00912162 -0.0153061
internal_weight=1952 1622 503 378 330 188 142 1119 781 730 570 338 296 196
internal_count=1952 1622 503 378 330 188 142 1119 781 730 570 338 296 196
is_linear=0
shrinkage=0.05


Tree=27
num_leaves=15
num_cat=0
split_feature=4 0 3 2 4 2 0 1 3 2 1 3 0 3
split_gain=17.6942 14.4919 8.37892 7.97804 7.51604 7.00519 9.51249 8.67613 6.2308 5.8209 5.78056 5.7915 4.95014 4.87518
threshold=6.0075000000000012 14.286000000000003 4.1335000000000006 0.8433585485889844 26.842500000000005 0.6263638349297701 20.784000000000002 0.16681837808193059 5.9110000000000005 0.52707770864237202 0.47434769705567625 94.743500000000026 17.134500000000003 8.0950000000000006
decision_type=2 2 2 2 2 2 2 2 2 2 2 2 2 2
left_child=3 2 -2 12 9 6 13 8 -7 -4 11 -11 -1 -3
right_child=1 5 4 -5 -6 7 -8 -9 -10 10 -12 -13 -14 -15
leaf_value=0.0015184727218468586 0.028114709438782318 0.01454591541305238 0.021303236242791845 -0.03457737677657844 0.022419672740233248 -0.036268930761757461 -0.017224648251701846 -0.04194557073117812 0.004683819283474719 -0.0073692918444642755 -0.022776045227696298 0.01982193538525133 -0.037302547457472239 0.00051299392183470904
leaf_weight=60 69 225 110 82 50 42 351 62 58 66 42 56 42 637
leaf_count=60 69 225 110 82 50 42 351 62 58 66 42 56 42 637
internal_value=-0.000461066 0.00107466 0.00954198 -0.0152174 0.00617284 -0.00134545 -4.12201e-05 -0.0111111 -0.002 0.00291971 -0.00304878 0.00245902 -0.00588235 0.00278422
internal_weight=1952 1768 393 184 324 1375 1213 162 100 274 164 122 102 862
internal_count=1952 1768 393 184 324 1375 1213 162 100 274 164 122 102 862
is_linear=0
shrinkage=0.05


Tree=28
num_leaves=15
num_cat=0
split_feature=4 2 1 2 0 1 4 3 4 2 0 0 1 2
split_gain=15.338 15.8608 18.6535 9.17848 10.7205 15.1847 7.21252 6.9572 6.0299 5.98855 5.98843 5.30675 7.48782 6.05674
threshold=10.088000000000003 -0.89611523788151459 0.20061247795988868 0.040813519545864409 19.400000000000002 -0.47434769705567575 26.842500000000005 8.0950000000000006 9.0020000000000007 -0.99791438307893243 15.685 16.7895 0.77214943412548942 0.98805528087738748
decision_type=2 2 2 2 2 2 2 2 2 2 2 2 2 2
left_child=3 2 9 8 5 10 7 -3 -1 -2 -5 12 13 -7
right_child=1 6 -4 4 -6 11 -8 -9 -10 -11 -12 -13 -14 -15
leaf_value=0.016444854320963688 9.9686701411755291e-05 0.022018285902596694 0.035140235012193793 0.024729310029679936 -0.056583181267924901 -0.027481861560398904 0.018750286275733486 0.0031055699896033657 -0.0064224235101553581 -0.022873667592564761 -0.00051822544913592982 -0.066069529799162655 0.0014849555060825971 0.0015562473871388927
leaf_weight=64 45 240 81 43 63 173 80 680 88 173 91 44 45 42
leaf_count=64 45 240 81 43 63 173 80 680 88 173 91 44 45 42
internal_value=-0.000563525 0.00257891 -0.00752508 -0.0068147 -0.0100798 -0.00730594 0.0056 0.00434783 0.00394737 -0.0151376 0.00671642 -0.0134868 -0.0107692 -0.0146512
internal_weight=1952 1299 299 653 501 438 1000 920 152 218 134 304 260 215
internal_count=1952 1299 299 653 501 438 1000 920 152 218 134 304 260 215
is_linear=0
shrinkage=0.05


Tree=29
num_leaves=15
num_cat=0
split_feature=4 0 2 1 0 2 2 0 2 4 2 3 1 3
split_gain=16.1791 13.067 12.9656 10.5767 8.13728 6.51405 6.05096 7.55703 5.50148 6.72001 7.30487 5.30741 8.25295 7.00303
threshold=6.0075000000000012 15.560500000000003 -0.02793410925094832 -0.51236666743397874 11.630500000000001 0.86564557464733971 0.64624608728844402 20.638000000000002 -0.09654968025414791 10.780000000000003 -0.97606926651088199 8.0950000000000006 0.64460769028158504 19.406500000000005
decision_type=2 2 2 2 2 2 2 2 2 2 2 2 2 2
left_child=5 2 -2 -4 -5 -1 7 11 9 -9 -11 -3 13 -13
right_child=1 6 3 4 -6 -7 -8 8 -10 10 -12 12 -14 -15
leaf_value=-0.012253505784600952 0.026337523145848998 0.014101607164268124 0.030537116533568845 0.011885006755699879 -0.0039743146695389118 -0.036592679990296119 -0.037415573800216796 0.0065010714487318353 -0.054477092392942406 -0.041414959342617845 -0.0050885751938917478 -0.0047569094454700447 -0.0077534873183932292 0.021430981482058149
leaf_weight=106 123 195 59 103 278 78 83 99 53 47 187 188 152 201
leaf_count=106 123 195 59 103 278 78 83 99 53 47 187 188 152 201
internal_value=-0.000563525 0.000904977 0.00719361 0.00318182 0.000131234 -0.0146739 -0.0020332 -0.00106952 -0.00673575 -0.00435435 -0.00897436 0.00190217 -0.00064695 0.00321337
internal_weight=1952 1768 563 440 381 184 1205 1122 386 333 234 736 541 389
internal_count=1952 1768 563 440 381 184 1205 1122 386 333 234 736 541 389
is_linear=0
shrinkage=0.05


Tree=30
num_leaves=15
num_cat=0
split_feature=4 0 2 1 2 0 1 4 0 4 4 3 2 3
split_gain=14.8472 13.0732 9.86913 8.97555 7.3716 11.6265 10.4213 7.13446 7.07413 6.52807 6.24979 5.88828 7.30979 4.31241
threshold=10.088000000000003 20.784000000000002 -0.97606926651088199 -0.33708009192051164 0.040813519545864409 19.400000000000002 -0.47434769705567575 26.842500000000005 12.824000000000002 8.8270000000000017 13.348000000000001 12.654500000000001 -0.94418750883419933 79.094500000000025
decision_type=2 2 2 2 2 2 2 2 2 2 2 2 2 2
left_child=4 7 -3 10 9 6 13 11 -8 -1 -4 -2 -13 -6
right_child=1 2 3 -5 5 -7 8 -9 -10 -11 -12 12 -14 -15
leaf_value=0.017700985374456153 0.013990608616346959 -0.046174120176918958 -0.0017135625733454209 0.053489469750862752 -0.0014129273773657415 -0.053141346915298607 0.00020102402506483389 0.015727906737779598 -0.030876404033164752 -0.003715151422106672 -0.032699129087238189 -0.014315393990488562 0.0047274724671339478 0.021712919277976434
leaf_weight=57 338 46 110 41 83 63 73 82 231 95 56 85 541 51
leaf_count=57 338 46 110 41 83 63 73 82 231 95 56 85 541 51
internal_value=-0.000204918 0.00288684 -0.00731225 -0.002657 -0.00635528 -0.00928144 -0.00639269 0.00535373 -0.0115132 0.00328947 -0.00783133 0.00414938 0.00127796 0.00522388
internal_weight=1952 1299 253 207 653 501 438 1046 304 152 166 964 626 134
internal_count=1952 1299 253 207 653 501 438 1046 304 152 166 964 626 134
is_linear=0
shrinkage=0.05


Tree=31
num_leaves=15
num_cat=0
split_feature=4 4 0 2 0 1 1 3 2 0 0 1 0 2
split_gain=13.5189 11.3926 7.2518 6.72265 8.73325 9.71786 7.04076 6.64849 5.94754 7.22583 4.83912 8.89525 5.72275 4.78986
threshold=26.842500000000005 6.0075000000000012 20.638000000000002 0.057982974307775707 15.524000000000003 -0.78297285307474485 -0.0687085824022272 12.340000000000002 0.72731766296277522 14.431500000000002 10.924000000000001 0.14984488681196825 18.853000000000005 -0.76235363884839025
decision_type=2 2 2 2 2 2 2 2 2 2 2 2 2 2
left_child=1 8 3 4 -3 -6 -7 -8 -1 -10 -5 12 -12 -9
right_child=-2 2 -4 10 5 6 7 13 9 -11 11 -13 -14 -15
leaf_value=-0.0029755370866589095 0.01494151140089062 0.023288430372604682 -0.013111839822080541 0.0077144838250403393 0.035066048385416305 -0.013282084320885186 0.020415264677922415 0.0080913672243826864 -0.0057740852722385884 -0.048440206081072301 0.0058789284978236541 -0.013518179887190236 -0.025005222670534989 -0.00800135996688261
leaf_weight=78 82 120 386 62 85 102 154 128 45 61 270 237 45 97
leaf_count=78 82 120 386 62 85 102 154 128 45 61 270 237 45 97
internal_value=-0.000358607 -0.00122995 5.9312e-05 0.00184615 0.00524781 0.00265018 -0.00010395 0.0030343 -0.0130435 -0.0207547 -0.0019544 -0.00344203 0.00206349 -0.00244444
internal_weight=1952 1870 1686 1300 686 566 481 379 184 106 614 552 315 225
internal_count=1952 1870 1686 1300 686 566 481 379 184 106 614 552 315 225
is_linear=0
shrinkage=0.05


Tree=32
num_leaves=15
num_cat=0
split_feature=4 2 4 2 0 0 3 2 0 2 3 4 0 0
split_gain=13.8769 12.9677 8.04306 7.40207 8.98988 8.66157 6.34527 6.28793 6.49928 5.84697 5.70489 5.15956 7.19195 6.075
threshold=10.088000000000003 -0.9796624227284948 26.842500000000005 0.73832635400310653 16.7895 15.685 5.4925000000000006 0.040813519545864409 19.400000000000002 0.057982974307775707 99.770500000000013 13.348000000000001 20.545500000000004 21.953500000000002
decision_type=2 2 2 2 2 2 2 2 2 2 2 2 2 2
left_child=3 -2 6 4 10 -5 9 -6 -9 -3 -1 13 -13 -8
right_child=1 2 -4 5 7 -7 11 8 -10 -11 -12 12 -14 -15
leaf_value=0.018839430877105514 -0.014101132977237408 0.036240959132845474 0.01419443583084609 -0.0076940693600437322 0.00084888417232233603 -0.054060572669146018 0.0079429188667777591 -0.0026556282655686662 -0.044471509859037452 0.0022800791761262737 -0.0036016714423679347 0.00018008694354729461 -0.034428085301259986 -0.023934536795418723
leaf_weight=73 132 142 82 196 136 83 345 65 60 80 40 396 65 57
leaf_count=73 132 142 82 196 136 83 345 65 60 80 40 396 65 57
internal_value=-0.000256148 0.00273287 0.00441302 -0.00620214 -0.00160428 -0.0123656 0.00327189 -0.00670498 -0.0148 0.0108108 0.010177 0.00133256 -0.00227766 0.00547264
internal_weight=1952 1299 1167 653 374 279 1085 261 125 222 113 863 461 402
internal_count=1952 1299 1167 653 374 279 1085 261 125 222 113 863 461 402
is_linear=0
shrinkage=0.05


Tree=33
num_leaves=15
num_cat=0
split_feature=4 2 0 0 4 2 4 0 3 1 2 3 3 0
split_gain=13.1967 9.65349 11.6279 11.0667 8.51208 7.10286 6.67286 10.2 7.04278 14.0166 6.56519 5.86438 5.80921 5.16846
threshold=16.884000000000004 0.73832635400310653 15.685 17.987500000000001 15.412000000000001 0.21113058295073206 13.382000000000001 21.740500000000001 6.5985000000000005 0.64460769028158504 -0.19851654827941614 20.893500000000007 99.96050000000001 13.219000000000003
decision_type=2 2 2 2 2 2 2 2 2 2 2 2 2 2
left_child=1 3 -3 4 12 6 7 8 -5 10 -10 -8 -1 -2
right_child=13 2 -4 5 -6 -7 11 -9 9 -11 -12 -13 -14 -15
leaf_value=0.013908242620696841 0.019291963954754368 -0.0054595098184215818 -0.051357544035688707 0.043390301507493047 -0.007641595532210538 -0.030499295221333208 -0.022665969606970305 -0.019650514942426613 0.014344927964144256 -0.02524143529897508 -0.042354144380203219 0.0069854127338116415 -0.0029663097173748378 0.0074363213587758303
leaf_weight=289 105 263 89 41 51 88 169 170 206 53 40 63 75 250
leaf_count=289 105 263 89 41 51 88 169 170 206 53 40 63 75 250
internal_value=-0.000409836 -0.00234815 -0.00965909 -0.000281124 0.00638554 -0.00361446 -0.00202156 0.00117647 0.00617647 0.00351171 0.00853659 -0.00905172 0.00906593 0.00830986
internal_weight=1952 1597 352 1245 415 830 742 510 340 299 246 232 364 355
internal_count=1952 1597 352 1245 415 830 742 510 340 299 246 232 364 355
is_linear=0
shrinkage=0.05


Tree=34
num_leaves=15
num_cat=0
split_feature=4 0 2 1 0 2 2 0 0 2 3 2 2 1
split_gain=11.5673 10.3618 5.77111 7.72215 13.2245 6.83115 6.77813 5.92263 5.0956 5.98602 5.06671 4.99432 4.86992 6.06958
threshold=6.7720000000000011 18.703000000000007 0.45207220393230446 0.11577009971046097 13.219000000000003 -0.94418750883419933 -0.82681243101696389 15.560500000000003 13.194500000000001 0.71541278717867718 94.045500000000018 -0.02793410925094832 0.040813519545864409 -0.70252096857941237
decision_type=2 2 2 2 2 2 2 2 2 2 2 2 2 2
left_child=8 2 5 -4 -5 -2 -7 11 -1 -10 -11 -8 13 -3
right_child=1 12 3 4 -6 6 7 -9 9 10 -12 -13 -14 -15
leaf_value=0.0031609502583590577 -0.010980779592890439 0.0050152650794425824 0.0066599963605237849 0.0056714551866262342 -0.029628674222436438 0.023654923159954752 0.023768318567057203 0.0012583643804943479 -0.01186474400384287 -0.03879510425889935 -0.011529608450754604 0.0075917302688349904 -0.028787261538520983 -0.0064126768945923411
leaf_weight=50 46 218 219 93 98 45 121 249 94 76 45 93 83 422
leaf_count=50 46 218 219 93 98 45 121 249 94 76 45 93 83 422
internal_value=-0.000665984 0.000859514 0.00425311 -0.000243902 -0.00759162 0.00758123 0.00925197 0.0074514 -0.0103774 -0.0137209 -0.0210744 0.0135514 -0.00366528 -0.0021875
internal_weight=1952 1687 964 410 191 554 508 463 265 215 121 214 723 640
internal_count=1952 1687 964 410 191 554 508 463 265 215 121 214 723 640
is_linear=0
shrinkage=0.05


Tree=35
num_leaves=15
num_cat=0
split_feature=4 2 0 0 1 2 2 1 4 0 1 4 0 2
split_gain=11.9858 8.7596 12.0546 11.302 6.76682 8.09845 6.51638 8.22068 7.78484 6.0485 5.98277 5.8858 5.73377 6.07432
threshold=16.884000000000004 0.73832635400310653 15.685 20.350000000000005 -0.69016699705532203 0.040813519545864409 -0.09654968025414791 0.1328271176880281 13.409500000000003 18.853000000000005 -0.23803327706148572 15.701000000000002 17.987500000000001 0.040813519545864409
decision_type=2 2 2 2 2 2 2 2 2 2 2 2 2 2
left_child=1 3 -3 4 5 -1 7 8 10 -7 -5 12 13 -6
right_child=-2 2 -4 6 11 9 -8 -9 -10 -11 -12 -13 -14 -15
leaf_value=0.044449651084030511 0.011100018228658932 -0.0046641373594937833 -0.046849911620959306 0.0033529189662895422 0.019460246024411092 0.012248528114670044 -0.042262385290657227 0.029860264511706442 -0.024752115631071211 -0.017897696276251915 -0.029421698279233341 -0.026333076903700181 -0.0050103656293118389 -0.001223281674418919
leaf_weight=68 355 263 89 185 158 104 82 51 86 42 47 57 228 137
leaf_count=68 355 263 89 185 158 104 82 51 86 42 47 57 228 137
internal_value=-0.000563525 -0.00241077 -0.009375 -0.000441767 0.00314861 0.0107477 -0.00676275 -0.00392954 -0.00691824 0.00410959 -0.00215517 0.000344828 0.00200765 0.00661017
internal_weight=1952 1597 352 1245 794 214 451 369 318 146 232 580 523 295
internal_count=1952 1597 352 1245 794 214 451 369 318 146 232 580 523 295
is_linear=0
shrinkage=0.05


Tree=36
num_leaves=15
num_cat=0
split_feature=4 0 2 2 1 0 0 2 3 3 2 3 3 0
split_gain=11.891 8.9233 7.66113 6.04704 7.53923 7.50555 4.83163 5.4122 6.18626 4.67812 4.55584 4.39267 4.9078 8.41846
threshold=6.7720000000000011 14.286000000000003 -0.04732138832243208 0.64624608728844402 0.16681837808193059 20.959500000000002 13.194500000000001 0.71541278717867718 94.045500000000018 79.967000000000013 -0.97606926651088199 7.5820000000000016 23.817500000000006 16.875000000000004
decision_type=2 2 2 2 2 2 2 2 2 2 2 2 2 2
left_child=6 2 -2 5 -5 11 -1 9 -9 -8 -7 -3 13 -13
right_child=1 3 -4 4 -6 10 7 8 -10 -11 -12 12 -14 -15
leaf_value=0.0032361096134157943 0.025364912238848871 0.014713995133895236 0.005598410640459634 -0.001781196527918963 -0.034429569184550556 -0.029363128751846757 0.0040779200029700284 -0.03521931246297328 -0.010719921160242186 -0.020842424252598957 -0.0055548937991490967 0.03507917189087547 0.0071644992312117463 -0.0051472470833920647
leaf_weight=50 65 220 304 80 50 55 52 76 45 42 261 43 312 297
leaf_count=50 65 220 304 80 50 55 52 76 45 42 261 43 312 297
internal_value=-0.000153689 0.00139301 0.00826558 -0.000531108 -0.0107692 0.000589226 -0.01 -0.0132558 -0.0202479 -0.00425532 -0.00601266 0.00298165 0.000920245 -0.00323529
internal_weight=1952 1687 369 1318 130 1188 265 215 121 94 316 872 652 340
internal_count=1952 1687 369 1318 130 1188 265 215 121 94 316 872 652 340
is_linear=0
shrinkage=0.05


Tree=37
num_leaves=15
num_cat=0
split_feature=4 0 2 1 2 0 2 3 1 3 3 0 2 2
split_gain=10.834 8.1971 9.86806 8.08063 6.52236 6.12856 5.24217 5.22551 6.37147 6.58698 7.96156 5.22224 7.27206 5.39558
threshold=6.0075000000000012 15.560500000000003 -0.02793410925094832 -0.51236666743397874 0.64624608728844402 20.959500000000002 0.86564557464733971 7.5820000000000016 0.7025209685794126 19.537500000000005 14.096500000000001 11.630500000000001 0.99055824379501012 0.34313907657789455
decision_type=2 2 2 2 2 2 2 2 2 2 2 2 2 2
left_child=6 2 -2 -4 5 7 -1 -3 9 10 -9 -5 13 -13
right_child=1 4 3 11 -6 -7 -8 8 -10 -11 -12 12 -14 -15
leaf_value=-0.0063333467753956931 0.019393975770413699 0.011586049163849184 0.024919414152010367 0.006964471318914112 -0.027996244119721597 -0.013586107475869 -0.026830059203664738 0.003760967359343859 -0.0087020938006913406 0.01285138988836935 -0.0091444337413430776 0.0069933873070912034 0.0099769338914659032 -0.0135600802139067
leaf_weight=106 123 197 59 103 83 323 78 127 146 220 109 51 45 182
leaf_count=106 123 197 59 103 83 323 78 127 146 220 109 51 45 182
internal_value=-0.000409836 0.000791855 0.00577265 0.00227273 -0.00153527 -0.000534759 -0.0119565 0.00181477 -0.000498339 0.00241228 -0.00338983 -0.000393701 -0.00395683 -0.00751073
internal_weight=1952 1768 563 440 1205 1122 184 799 602 456 236 381 278 233
internal_count=1952 1768 563 440 1205 1122 184 799 602 456 236 381 278 233
is_linear=0
shrinkage=0.05


Tree=38
num_leaves=15
num_cat=0
split_feature=4 2 2 0 1 1 0 0 0 2 4 2 4 0
split_gain=11.1627 11.1293 6.4816 8.03407 11.5091 9.92079 5.12821 6.9546 4.71057 8.01892 3.70494 3.67234 4.19374 4.73905
threshold=10.088000000000003 -0.97218766834954651 0.21113058295073206 16.7895 -0.60434081882701107 -0.47434769705567575 20.742000000000001 19.355000000000004 18.355000000000004 -0.6815963802609516 27.308000000000003 -0.71840966893412694 14.160000000000002 21.796000000000003
decision_type=2 2 2 2 2 2 2 2 2 2 2 2 2 2
left_child=2 6 -1 5 -5 -4 7 -2 9 -3 -11 12 13 -10
right_child=1 8 3 4 -6 -7 -8 -9 11 10 -12 -13 -14 -15
leaf_value=0.00090331859993813982 -0.013103258042617083 0.026598624140883622 0.015716843401285565 -0.01026783084313866 -0.082568278748833573 -0.0098005922166965864 -0.029272852695750362 0.013611238242712376 0.0082679102131564802 0.0045222260044840311 0.011006746705656724 0.0032780753282360465 -0.021570205793650234 -0.017551064346146544
leaf_weight=186 47 102 77 75 61 254 52 57 106 492 69 242 91 41
leaf_count=186 47 102 77 75 61 254 52 57 106 492 69 242 91 41
internal_value=-0.000409836 0.00227098 -0.00574273 -0.00888651 -0.0191176 -0.00468278 -0.0102564 -0.00384615 0.00398075 0.00671192 0.0043672 0.000208333 -0.00420168 0.00102041
internal_weight=1952 1299 653 467 136 331 156 104 1143 663 561 480 238 147
internal_count=1952 1299 653 467 136 331 156 104 1143 663 561 480 238 147
is_linear=0
shrinkage=0.05


Tree=39
num_leaves=15
num_cat=0
split_feature=4 2 2 0 1 1 3 0 4 3 0 2 1 4
split_gain=9.52352 9.46589 5.4153 7.22377 10.8911 7.47627 5.37601 5.05211 4.92807 4.52337 5.64573 4.27613 6.12072 4.14819
threshold=10.088000000000003 -0.94418750883419933 0.040813519545864409 16.875000000000004 -0.60434081882701107 -0.47434769705567575 12.177500000000002 19.400000000000002 8.8270000000000017 4.5390000000000006 22.0335 0.98805528087738748 0.71089581899715537 29.641500000000004
decision_type=2 2 2 2 2 2 2 2 2 2 2 2 2 2
left_child=2 6 8 5 7 -4 -2 -5 -1 -3 13 12 -7 -11
right_child=1 9 3 4 -6 11 -8 -9 -10 10 -12 -13 -14 -15
leaf_value=0.019748905222420621 0.00052012234453194803 0.018568885669485443 0.011311009710053997 0.008000557247844306 -0.058578492168882362 -0.023056207318749068 -0.01669760589547515 -0.020546273988523836 -0.0088099548716778827 0.0032767334342706372 -0.029663108765546165 0.0039003860909471405 0.0024670136242683676 0.015572567122326741
leaf_weight=57 85 168 80 46 66 159 138 48 95 792 71 42 60 45
leaf_count=57 85 168 80 46 66 159 138 48 95 792 71 42 60 45
internal_value=-5.12295e-05 0.00242494 -0.00497703 -0.00748503 -0.01625 -0.00337243 -0.00695067 -0.00531915 0.00328947 0.00436803 0.00297357 -0.00747126 -0.010274 0.00412186
internal_weight=1952 1299 653 501 160 341 223 94 152 1076 908 261 219 837
internal_count=1952 1299 653 501 160 341 223 94 152 1076 908 261 219 837
is_linear=0
shrinkage=0.05


Tree=40
num_leaves=15
num_cat=0
split_feature=4 2 2 0 0 2 3 1 0 1 0 2 0 1
split_gain=8.69555 8.04483 7.54117 6.61549 5.88379 6.80908 4.31301 4.15417 6.35589 5.52561 4.82221 4.59098 4.10172 8.17636
threshold=9.105500000000001 0.040813519545864409 -0.97218766834954651 11.826000000000002 18.703000000000007 -0.82681243101696389 0.87850000000000017 -0.47434769705567575 16.875000000000004 0.71089581899715537 18.147000000000002 0.90176596055897751 19.064500000000006 0.5043284533698108
decision_type=2 2 2 2 2 2 2 2 2 2 2 2 2 2
left_child=1 -1 -2 -3 5 -4 -7 10 9 11 -5 -9 -6 -14
right_child=2 3 4 7 12 6 -8 8 -10 -11 -12 -13 13 -15
leaf_value=0.010096665235672271 -0.011777748014708312 0.0089928155213494284 0.020735092913767888 0.0073773265764128047 -0.011872196942491446 0.022002993331402251 0.0036638256115853769 -0.026275595289404065 -0.076944053169793983 0.0026843774561727488 -0.018201538685672754 -0.022585044755793857 -0.0027550139157046295 0.03602091553505931
leaf_weight=68 163 41 58 89 46 81 617 42 50 43 64 118 425 47
leaf_count=68 163 41 58 89 46 81 617 42 50 43 64 118 425 47
internal_value=-0.000153689 -0.00572816 0.00184412 -0.00816555 0.00313972 0.00595238 0.00458453 -0.0100985 -0.0140316 -0.0100985 -0.00359477 -0.014375 -0.000965251 0.000423729
internal_weight=1952 515 1437 447 1274 756 698 406 253 203 153 160 518 472
internal_count=1952 515 1437 447 1274 756 698 406 253 203 153 160 518 472
is_linear=0
shrinkage=0.05


Tree=41
num_leaves=15
num_cat=0
split_feature=4 0 1 0 2 1 3 4 1 4 3 2 4 0
split_gain=7.53409 5.57839 4.07605 5.84016 4.72228 12.9335 8.3728 4.77247 4.51754 10.8432 5.30494 4.34814 4.30178 3.8124
threshold=6.0075000000000012 21.740500000000001 -0.78297285307474485 13.057000000000002 0.34313907657789455 0.16681837808193059 1.8325000000000002 11.387500000000001 0.1328271176880281 13.409500000000003 17.445500000000003 0.14347198451036616 7.5365000000000011 13.332500000000001
decision_type=2 2 2 2 2 2 2 2 2 2 2 2 2 2
left_child=13 2 -2 11 6 7 -5 12 9 -8 -11 -4 -6 -1
right_child=1 -3 3 4 5 -7 8 -9 -10 10 -12 -13 -14 -15
leaf_value=0.0060154978541363761 0.010094664944572581 -0.018832180277849005 0.027441429165145262 0.033674002667370882 0.010629326648619937 -0.02358954356802323 0.0076869388352533378 0.010107202963694523 0.0022711275849866125 -0.022281055971760683 -0.0059231883464862523 0.0035964388337082751 -0.023929393981844328 -0.018371034506251261
leaf_weight=41 277 219 46 71 52 145 100 53 452 69 55 178 51 143
leaf_count=41 277 219 46 71 52 145 100 53 452 69 55 178 51 143
internal_value=-0.000153689 0.000848416 0.00190445 0.000707547 -0.000858779 -0.00614618 0.00127175 0.00384615 -0.000443787 -0.00625 -0.016129 0.00803571 -0.00242718 -0.00978261
internal_weight=1952 1768 1549 1272 1048 301 747 156 676 224 124 224 103 184
internal_count=1952 1768 1549 1272 1048 301 747 156 676 224 124 224 103 184
is_linear=0
shrinkage=0.05


Tree=42
num_leaves=15
num_cat=0
split_feature=4 2 1 2 0 1 4 2 3 0 1 2 3 0
split_gain=7.3003 6.92102 4.92195 4.62572 8.58891 9.44535 4.07115 4.04123 4.00274 5.21723 5.87101 4.84998 4.1361 3.90412
threshold=10.088000000000003 -0.94418750883419933 -0.0687085824022272 0.21113058295073206 18.853000000000005 -0.47434769705567575 8.8270000000000017 0.98805528087738748 4.5390000000000006 20.686500000000006 -0.556012287788898 -0.53190322474958196 75.58750000000002 18.703000000000007
decision_type=2 2 2 2 2 2 2 2 2 2 2 2 2 2
left_child=3 2 -2 6 5 -5 -1 -7 11 10 12 -3 -10 -12
right_child=1 8 -4 4 -6 7 -8 -9 9 -11 13 -13 -14 -15
leaf_value=0.013915856082447062 -0.021974132209696736 0.031088828961563921 -0.00010466730189453294 0.0071613604309860891 -0.048298186782173666 -0.013718218624595137 -0.0053686650205390096 0.0032091288163910007 0.025599167213504449 -0.0070027490974975517 0.004510102946220596 0.0080197849622713462 0.002133107601488088 -0.0062498432994361232
leaf_weight=79 89 58 134 121 54 250 107 42 92 171 497 110 52 96
leaf_count=79 89 58 134 121 54 250 107 42 92 171 497 110 52 96
internal_value=-0.000204918 0.00196305 -0.00605381 -0.00451761 -0.00717345 -0.00472155 0.00215054 -0.00958904 0.00362454 0.00231278 0.0041384 0.0107143 0.0131944 0.00193929
internal_weight=1952 1299 223 653 467 413 186 292 1076 908 737 168 144 593
internal_count=1952 1299 223 653 467 413 186 292 1076 908 737 168 144 593
is_linear=0
shrinkage=0.05


Tree=43
num_leaves=15
num_cat=0
split_feature=0 2 1 4 3 0 3 2 0 3 0 4 4 2
split_gain=7.49042 9.46161 9.82063 10.0398 7.40373 6.9229 5.88817 5.54028 6.16037 5.37581 4.58611 4.00811 9.98128 3.83386
threshold=13.057000000000002 0.60605034090854637 0.047250493887438572 11.387500000000001 4.9940000000000007 21.740500000000001 13.332500000000001 -0.081676395330422633 24.058000000000003 1.8325000000000002 16.550000000000001 10.780000000000003 12.328000000000001 0.075135296012361824
decision_type=2 2 2 2 2 2 2 2 2 2 2 2 2 2
left_child=13 5 3 6 -4 9 -3 8 11 10 -2 -7 -13 -1
right_child=1 2 4 -5 -6 7 -8 -9 -10 -11 -12 12 -14 -15
leaf_value=0.019600231238060685 0.031304871209010113 -0.027829140691738603 -0.006090937872501501 0.011444259752683162 -0.032616567908485418 0.0095319389489301048 0.0005754410045487379 -0.06566521702803356 0.021059161962288207 0.00076297393306405811 0.014699018013010757 -0.076820590825505256 -0.0078755242391138937 0.0044142480647816132
leaf_weight=42 44 62 55 48 109 40 93 42 41 972 75 41 66 222
leaf_count=42 44 62 55 48 109 40 93 42 41 972 75 41 66 222
internal_value=-0.000256148 -0.00148104 -0.00858311 -0.00123153 -0.0176829 0.000492051 -0.00741935 -0.0073913 -0.0037234 0.00215399 0.0121849 -0.0085034 -0.0135514 0.00757576
internal_weight=1952 1688 367 203 164 1321 155 230 188 1091 119 147 107 264
internal_count=1952 1688 367 203 164 1321 155 230 188 1091 119 147 107 264
is_linear=0
shrinkage=0.05


Tree=44
num_leaves=15
num_cat=0
split_feature=4 2 3 0 2 2 1 4 0 0 2 4 1 0
split_gain=8.00859 6.42193 5.19407 4.32897 8.24337 4.82081 4.56327 3.37443 3.34325 3.18075 9.24341 4.26825 4.08609 3.70384
threshold=10.088000000000003 -0.94418750883419933 12.177500000000002 15.251000000000003 0.71541278717867718 0.8433585485889844 0.82072415811359578 9.6325000000000021 21.796000000000003 18.355000000000004 -0.8069893509785715 13.765000000000002 -0.34918219960991376 20.638000000000002
decision_type=2 2 2 2 2 2 2 2 2 2 2 2 2 2
left_child=3 2 -2 5 6 -1 7 8 -5 10 -3 -11 13 -13
right_child=1 9 -4 4 -6 -7 -8 -9 -10 11 -12 12 -14 -15
leaf_value=0.007402313951583298 0.0035170954643737487 0.022580913607970945 -0.016183875907829152 0.0051331759251979974 -0.034524510326186995 -0.0047513790248177703 -0.028187622446246841 -0.021394609332542044 -0.016414539259986767 0.0047348027219324199 0.0045630012668450683 -0.007599294015899611 0.017632708781090023 -0.02670063071108696
leaf_weight=98 85 45 138 142 106 145 59 48 55 286 606 52 45 42
leaf_count=98 85 45 138 142 106 145 59 48 55 286 606 52 45 42
internal_value=-0.000153689 0.00211701 -0.00560538 -0.00467075 -0.00780488 0.000617284 -0.00361842 -0.000612245 0.00228426 0.00371747 0.00591398 0.000352941 -0.00683453 -0.012766
internal_weight=1952 1299 223 653 410 243 304 245 197 1076 651 425 139 94
internal_count=1952 1299 223 653 410 243 304 245 197 1076 651 425 139 94
is_linear=0
shrinkage=0.05


Tree=45
num_leaves=15
num_cat=0
split_feature=0 4 2 1 0 0 4 1 0 1 0 1 3 1
split_gain=7.19933 9.01833 3.99304 8.00133 8.7272 7.72741 4.66681 5.97943 14.1366 6.01142 5.00485 4.5622 4.49785 6.00035
threshold=13.057000000000002 4.7805000000000009 0.040813519545864409 0.14984488681196825 18.853000000000005 15.524000000000003 13.348000000000001 -0.0687085824022272 19.313000000000002 0.73465119469809237 18.127500000000005 0.74332993385844814 6.0985000000000005 0.64460769028158504
decision_type=2 2 2 2 2 2 2 2 2 2 2 2 2 2
left_child=-1 -2 5 4 -4 -3 12 -8 9 10 -9 -5 -7 -14
right_child=1 2 3 11 -6 6 7 8 -10 -11 -12 -13 13 -15
leaf_value=0.0063816671158706184 -0.026427367488139744 0.015541782946596272 0.0062972571039796978 -0.021951850843794675 -0.019435952249857707 0.037749240499563796 -0.014541256091815866 0.007461588478839082 0.054949432828600042 -0.023055813467885773 -0.015980312686735523 -0.0032931878027101431 0.0053775467446373244 -0.0083409284575536227
leaf_weight=264 73 99 271 113 84 59 179 81 51 55 41 127 369 86
leaf_count=264 73 99 271 113 84 59 179 81 51 55 41 127 369 86
internal_value=-0.000102459 -0.00130332 -0.000526316 -0.00378151 0.000985915 0.00137255 -5.42888e-05 -0.00405405 0.00131579 -0.00536723 0.000819672 -0.0108333 0.00311284 0.00142857
internal_weight=1952 1688 1615 595 355 1020 921 407 228 177 122 240 514 455
internal_count=1952 1688 1615 595 355 1020 921 407 228 177 122 240 514 455
is_linear=0
shrinkage=0.05


Tree=46
num_leaves=15
num_cat=0
split_feature=4 2 2 0 1 0 3 3 0 2 2 2 0 1
split_gain=6.14183 7.40625 4.73488 7.33436 9.05996 4.21636 3.89562 5.56565 3.5629 6.93295 3.44324 3.69901 3.10627 6.89499
threshold=10.088000000000003 -0.97218766834954651 0.21113058295073206 18.853000000000005 -0.47434769705567575 16.198500000000006 8.0240000000000009 20.064000000000004 18.355000000000004 -0.6815963802609516 -0.99791438307893243 -0.99113067767854335 13.219000000000003 -0.021515898191484053
decision_type=2 2 2 2 2 2 2 2 2 2 2 2 2 2
left_child=2 10 6 4 -4 -6 -1 -8 9 -3 -2 -12 -11 -14
right_child=1 8 3 -5 5 -7 7 -9 -10 12 11 -13 13 -15
leaf_value=0.015215861874393499 0.0026261607041018309 0.021642964860304283 0.0068539905727360287 -0.041643638471656703 -0.0036620132070303499 -0.041799542099119957 -0.024700166208922125 0.016376715285666942 -1.569854883355787e-05 0.00893740701230329 -0.030430908666814721 -0.011347744815431682 0.013775299940462511 -0.0036400530252022976
leaf_weight=53 45 102 121 54 233 59 64 69 480 180 46 65 107 274
leaf_count=53 45 102 121 54 233 59 64 69 480 180 46 65 107 274
internal_value=-0.000102459 0.00188607 -0.00405819 -0.00674518 -0.00447942 -0.00924658 0.00268817 -0.0018797 0.00328084 0.00565611 -0.00833333 -0.0130631 0.00347594 0.000918635
internal_weight=1952 1299 653 467 413 292 186 133 1143 663 156 111 561 381
internal_count=1952 1299 653 467 413 292 186 133 1143 663 156 111 561 381
is_linear=0
shrinkage=0.05


Tree=47
num_leaves=15
num_cat=0
split_feature=4 2 0 2 0 3 0 3 0 0 4 1 0 0
split_gain=5.6755 5.56738 4.58699 4.22192 5.67603 5.42114 4.43716 3.66376 3.28205 6.7562 3.14547 2.69362 5.00691 3.05134
threshold=10.088000000000003 -0.97218766834954651 11.630500000000001 0.76110425866077447 23.446500000000004 4.3930000000000016 15.251000000000003 1.4195000000000002 20.742000000000001 19.355000000000004 29.641500000000004 0.25084665036108239 15.560500000000003 18.086000000000002
decision_type=2 2 2 2 2 2 2 2 2 2 2 2 2 2
left_child=2 8 -1 4 5 -4 -5 -3 9 -2 -9 13 -13 -7
right_child=1 7 3 6 -6 11 -8 10 -10 -11 -12 12 -14 -15
leaf_value=0.0081829815155260548 -0.010841137465895549 0.0194508885734841 0.014455068780673826 -0.0042068017064767317 -0.038533630868430618 0.010196118830589058 -0.031981377254145252 0.0011213902829642964 -0.025554657198949299 0.013119532203909113 0.010152292304302563 0.00340753630556363 -0.026256005152405355 -0.0072269806121541772
leaf_weight=40 47 112 61 136 42 52 98 983 52 57 48 44 67 113
leaf_count=40 47 112 61 136 42 52 98 983 52 57 48 44 67 113
internal_value=-0.000102459 0.00180908 -0.00390505 -0.00497553 -0.00171504 0.000445104 -0.0102564 0.00301837 -0.00705128 -0.00192308 0.00208535 -0.00253623 -0.00855856 0.00151515
internal_weight=1952 1299 653 613 379 337 234 1143 156 104 1031 276 111 165
internal_count=1952 1299 653 613 379 337 234 1143 156 104 1031 276 111 165
is_linear=0
shrinkage=0.05


Tree=48
num_leaves=15
num_cat=0
split_feature=4 0 4 2 1 3 3 2 4 1 3 1 2 2
split_gain=6.31034 4.5049 3.6123 4.75958 6.30365 5.92145 8.53689 6.4419 4.98708 4.97831 4.72843 3.96721 3.71717 4.23864
threshold=4.7805000000000009 22.0335 23.900500000000005 0.45207220393230446 0.47434769705567625 7.7655000000000003 23.817500000000006 -0.21533487516747371 13.382000000000001 -0.20931270765420754 12.753500000000001 0.69561269082666077 0.99468534776305517 0.9669377691982991
decision_type=2 2 2 2 2 2 2 2 2 2 2 2 2 2
left_child=-1 2 3 5 12 -2 7 8 9 -7 -11 -6 13 -5
right_child=1 -3 -4 4 11 6 -8 -9 -10 10 -12 -13 -14 -15
leaf_value=-0.012967054877958101 0.013110034661739385 -0.020253605046469746 0.011136001966153514 0.0004871311698955827 -0.019946419285579914 0.014796483267784955 0.0057711891970473666 -0.03520835975114063 -0.010238300701365322 0.010200573165657882 -0.01471602312234614 -0.0013364549064309257 0.0093442923264078544 -0.016365195633062019
leaf_weight=96 249 185 124 261 61 90 372 59 161 66 60 61 44 63
leaf_count=96 249 185 124 261 61 90 372 59 161 66 60 61 44 63
internal_value=0 0.000646552 0.00146619 0.000808016 -0.00326531 0.00269631 0.000618812 -0.00412844 -0.00172414 0.00324074 -0.0031746 -0.0131148 0 -0.00185185
internal_weight=1952 1856 1671 1547 490 1057 808 436 377 216 126 122 368 324
internal_count=1952 1856 1671 1547 490 1057 808 436 377 216 126 122 368 324
is_linear=0
shrinkage=0.05


Tree=49
num_leaves=15
num_cat=0
split_feature=0 2 2 1 0 1 3 0 2 1 0 3 3 0
split_gain=5.20144 9.69738 6.49166 4.80033 4.59978 4.5262 4.3126 3.43742 3.76675 4.77409 4.89905 4.7236 3.61688 4.3093
threshold=15.251000000000003 0.040813519545864409 0.60605034090854637 -0.47434769705567575 10.924000000000001 0.1837425755813806 11.488000000000001 22.0335 -0.9796624227284948 0.74332993385844814 16.916500000000003 6.0985000000000005 76.496500000000012 17.987500000000001
decision_type=2 2 2 2 2 2 2 2 2 2 2 2 2 2
left_child=1 -1 7 -3 -5 6 -4 8 -2 10 -10 -11 13 -13
right_child=2 3 5 4 -6 -7 -8 -9 9 11 -12 12 -14 -15
leaf_value=0.015549837683111743 -0.0064420165381611078 0.019488612069027657 -0.025680420209911722 0.011554432199147863 -0.0037367992618588339 -0.035469451084135663 0.0037917882756783373 -0.018518173976175053 0.030412073507836004 0.012210617891144577 0.0025072908742968256 -0.0029402129297640025 0.002076885215138248 -0.038693799207408786
leaf_weight=122 116 63 48 77 344 55 66 187 86 63 564 59 59 43
leaf_count=122 116 63 48 77 344 55 66 187 86 63 564 59 59 43
internal_value=-5.12295e-05 0.00379538 -0.00178306 0.000619835 -0.00130641 -0.0109467 -0.00526316 -0.00046729 0.000707071 0.00183066 0.004 -0.00446429 -0.00900621 -0.0147059
internal_weight=1952 606 1346 484 421 169 114 1177 990 874 650 224 161 102
internal_count=1952 606 1346 484 421 169 114 1177 990 874 650 224 161 102
is_linear=0
shrinkage=0.05


Tree=50
num_leaves=15
num_cat=0
split_feature=4 0 2 0 4 2 1 3 3 2 4 1 3 3
split_gain=4.9441 4.00009 3.60877 6.05944 3.29864 4.64932 6.7859 4.99257 6.57428 4.94329 4.7354 5.23677 4.36021 4.203
threshold=3.6465000000000005 22.0335 -0.13070653084037345 23.850500000000004 23.900500000000005 0.60605034090854637 0.48941038753127741 7.5820000000000016 23.817500000000006 -0.21533487516747371 13.382000000000001 -0.20931270765420754 12.753500000000001 89.721000000000018
decision_type=2 2 2 2 2 2 2 2 2 2 2 2 2 2
left_child=-1 4 3 -3 5 7 -7 -2 9 10 11 -9 -13 -8
right_child=1 2 -4 -5 -6 6 13 8 -10 -11 -12 12 -14 -15
leaf_value=-0.025737401242776188 0.011868076114299209 -0.022086678507056739 -0.056776446311368384 0.02565833229494115 0.0096062796193870092 -0.0010404313170525687 -0.01038918697223703 0.013931294560680867 0.0041920871471960207 -0.030832907357508835 -0.0097089886400844386 0.0093622520396896506 -0.014105586509943674 -0.024195600738471962
leaf_weight=40 278 102 40 45 124 354 48 90 434 66 163 67 60 41
leaf_count=40 278 102 40 45 124 354 48 90 434 66 163 67 60 41
internal_value=-0.000102459 0.000261506 -0.00668449 -0.00306122 0.00101449 0.000405996 -0.00395034 0.00207254 0.000227273 -0.00403587 -0.00184211 0.00299539 -0.00354331 -0.0162921
internal_weight=1952 1912 187 147 1725 1601 443 1158 880 446 380 217 127 89
internal_count=1952 1912 187 147 1725 1601 443 1158 880 446 380 217 127 89
is_linear=0
shrinkage=0.05


Tree=51
num_leaves=15
num_cat=0
split_feature=4 0 2 0 1 4 4 0 0 2 2 2 4 0
split_gain=5.03184 4.18285 3.60877 6.05944 3.42927 6.0405 7.25277 4.23833 5.36528 5.1034 4.07897 7.41523 4.94748 4.17102
threshold=3.6465000000000005 22.0335 -0.13070653084037345 23.850500000000004 -0.45206801762443455 17.031500000000005 16.099500000000003 14.166500000000001 16.833500000000004 0.092265415903232631 0.71541278717867718 0.90176596055897751 8.8270000000000017 17.987500000000001
decision_type=2 2 2 2 2 2 2 2 2 2 2 2 2 2
left_child=-1 4 3 -3 -2 6 10 9 -9 -7 13 -12 -13 -6
right_child=1 2 -4 -5 5 7 -8 8 -10 -11 11 12 -14 -15
leaf_value=-0.024450531180637378 0.0052965034731177647 -0.0209823445817039 -0.05393762399579996 0.024375415680194093 0.0044790319057362348 0.02163788246482147 -0.02543106422624505 -0.0069550044117293042 0.01646840991281678 0.0042220013532722088 -0.021554695166804874 -0.01087400628159434 0.0060163450798782466 -0.0017952465968786553
leaf_weight=40 505 102 40 45 294 43 56 97 54 93 78 126 57 322
leaf_count=40 505 102 40 45 294 43 56 97 54 93 78 126 57 322
internal_value=5.12295e-05 0.00041841 -0.00668449 -0.00306122 0.00118841 -0.000245902 -0.00219721 0.00609756 0.000331126 0.0125 -0.00108324 -0.00632184 -0.000819672 0.00113636
internal_weight=1952 1912 187 147 1725 1220 933 287 151 136 877 261 183 616
internal_count=1952 1912 187 147 1725 1220 933 287 151 136 877 261 183 616
is_linear=0
shrinkage=0.05


Tree=52
num_leaves=15
num_cat=0
split_feature=4 0 2 0 2 0 0 1 0 3 3 3 3 3
split_gain=4.97326 4.06056 3.60877 6.05944 3.48499 6.38256 5.40587 6.8749 3.98573 4.50161 5.12443 4.37291 7.08478 3.92981
threshold=3.6465000000000005 22.0335 -0.13070653084037345 23.850500000000004 0.43802537080760273 15.872000000000002 10.367500000000001 0.28397372121269165 16.256000000000004 23.817500000000006 66.927000000000007 6.0985000000000005 4.7700000000000005 71.388000000000019
decision_type=2 2 2 2 2 2 2 2 2 2 2 2 2 2
left_child=-1 4 3 -3 5 -2 -6 -8 -7 11 -11 12 -10 -9
right_child=1 2 -4 -5 6 8 7 13 9 10 -12 -13 -14 -15
leaf_value=-0.023228004621605503 0.010298089616133543 -0.019933227352618706 -0.051240742796009944 0.023156644896184391 0.010682145847990245 -0.0077042575177288051 0.00031229513692238172 -0.0031627432672648396 5.8289601100590395e-05 0.019966111973451908 0.001053465898880418 -0.0029844362267447706 0.041000984008363606 -0.016474743562944129
leaf_weight=40 242 102 40 45 43 42 364 112 122 107 134 428 42 89
leaf_count=40 242 102 40 45 43 42 364 112 122 107 134 428 42 89
internal_value=-5.12295e-05 0.000313808 -0.00668449 -0.00306122 0.00107246 0.00273053 -0.00197368 -0.00327434 0.000742857 0.0015006 0.00726141 -0.000844595 0.00609756 -0.0106965
internal_weight=1952 1912 187 147 1725 1117 608 565 875 833 241 592 164 201
internal_count=1952 1912 187 147 1725 1117 608 565 875 833 241 592 164 201
is_linear=0
shrinkage=0.05


Tree=53
num_leaves=15
num_cat=0
split_feature=0 2 1 0 3 3 0 1 4 4 1 4 1 0
split_gain=5.72868 5.79922 7.30092 9.16087 6.80917 5.20069 3.80879 4.54124 5.33262 3.5328 3.41888 3.24306 3.25122 5.42582
threshold=13.057000000000002 0.040813519545864409 0.047250493887438572 18.853000000000005 4.9940000000000007 1.4195000000000002 20.784000000000002 -0.78297285307474485 10.935500000000003 9.0640000000000018 0.89129892789314458 11.867000000000003 -0.0687085824022272 19.157500000000002
decision_type=2 2 2 2 2 2 2 2 2 2 2 2 2 2
left_child=-1 5 3 9 -4 -2 7 -7 -9 -3 -6 -10 -13 -14
right_child=1 2 4 -5 10 6 -8 8 11 -11 -12 12 13 -15
leaf_value=0.0052205540435143584 0.024022450532895145 -0.0017284877192441078 0.0026210407944732396 -0.018275456331577376 -0.02256385542988585 0.023413053455516787 -0.0080688437752249372 0.0039591822739273091 -0.0044406120823276074 0.0098182204849600746 -0.0036683306712841039 -0.0091465026999400702 -0.00063821947480730218 0.025552394815365045
leaf_weight=264 88 154 87 90 128 88 295 75 52 132 73 96 262 68
leaf_count=264 88 154 87 90 128 88 295 75 52 132 73 96 262 68
internal_value=-0.000409836 -0.00148104 -0.00512048 -0.000531915 -0.0111111 0.000878906 -0.000213675 0.00195008 0.000271248 0.00384615 -0.0161692 -0.00167364 -0.000234742 0.00212121
internal_weight=1952 1688 664 376 288 1024 936 641 553 286 201 478 426 330
internal_count=1952 1688 664 376 288 1024 936 641 553 286 201 478 426 330
is_linear=0
shrinkage=0.05


Tree=54
num_leaves=15
num_cat=0
split_feature=0 4 2 2 0 3 0 1 4 0 4 4 4 3
split_gain=5.02882 3.74338 3.242 3.79541 5.99993 5.54239 4.33206 6.98827 7.4616 3.92294 3.61807 8.69206 3.23295 2.7967
threshold=22.0335 4.7805000000000009 -0.9796624227284948 0.040813519545864409 10.245000000000003 5.4925000000000006 15.457000000000003 0.74332993385844814 13.929500000000003 19.508000000000006 14.043500000000002 17.290000000000003 27.867500000000003 19.537500000000005
decision_type=2 2 2 2 2 2 2 2 2 2 2 2 2 2
left_child=1 -1 -3 5 -5 10 -7 8 9 -8 -4 -12 -6 -10
right_child=-2 2 3 4 12 6 7 -9 13 -11 11 -13 -14 -15
leaf_value=-0.010624638739323296 -0.015416896871630446 -0.0055595267586231933 0.038539460375631697 0.018167589089523106 -0.0021523187428663208 0.013835921110712874 0.022895651205133628 -0.0091492106938491254 -0.016509333094774314 0.0020136687561798337 -0.014123622486810906 0.022642076533003808 0.0055326411335219379 0.001889960073647698
leaf_weight=93 188 116 41 43 688 104 95 112 75 184 42 63 44 64
leaf_count=93 188 116 41 43 688 104 95 112 75 184 42 63 44 64
internal_value=-0.000204918 0.000623583 0.00116697 0.00176849 -0.000709677 0.00423077 0.0022082 0.000377358 0.00334928 0.00806452 0.0130137 0.00809524 -0.00177596 -0.00611511
internal_weight=1952 1764 1671 1555 775 780 634 530 418 279 146 105 732 139
internal_count=1952 1764 1671 1555 775 780 634 530 418 279 146 105 732 139
is_linear=0
shrinkage=0.05


Tree=55
num_leaves=15
num_cat=0
split_feature=0 4 2 0 0 4 2 2 0 1 3 3 1 3
split_gain=4.15842 5.41264 3.51865 3.31045 4.0703 3.45682 3.06818 2.98169 5.6573 7.975 4.82094 4.51391 3.65819 3.51617
threshold=13.057000000000002 4.7805000000000009 0.14347198451036616 12.457500000000001 10.245000000000003 8.3815000000000008 0.90542393716278702 0.040813519545864409 18.853000000000005 0.047250493887438572 71.388000000000019 1.4195000000000002 0.75677066334646259 3.8700000000000006
decision_type=2 2 2 2 2 2 2 2 2 2 2 2 2 2
left_child=2 -2 -1 4 -4 -6 -7 11 9 -9 -11 -3 -12 -13
right_child=1 7 3 -5 5 6 -8 8 -10 10 12 13 -14 -15
leaf_value=0.018647952331947805 -0.022209076765777398 0.021868475652846775 0.017259209635046947 0.017608318325738493 0.0050935992302918454 -0.0085058819875187836 -0.00067147735945587638 0.0059244080100909289 -0.02105076635263993 -0.0015960143123360069 -0.022061167041968456 -0.0089377504462110381 -0.0027912998571632229 0.00040649150557274251
leaf_weight=47 73 87 41 48 40 48 40 256 105 134 58 44 42 889
leaf_count=47 73 87 41 48 40 48 40 256 105 134 58 44 42 889
internal_value=-0.000153689 -0.00106635 0.00568182 0.00299539 -0.000295858 -0.0046875 -0.0102273 -0.000464396 -0.00327731 -0.00102041 -0.00769231 0.00117647 -0.016 0.000160772
internal_weight=1952 1688 264 217 169 128 88 1615 595 490 234 1020 100 933
internal_count=1952 1688 264 217 169 128 88 1615 595 490 234 1020 100 933
is_linear=0
shrinkage=0.05


Tree=56
num_leaves=15
num_cat=0
split_feature=0 2 0 3 3 0 1 2 0 3 1 3 3 4
split_gain=3.80406 4.17485 5.12989 4.18639 4.56867 4.43223 4.09989 5.70287 5.44735 4.69521 4.44778 3.80821 3.67283 4.08811
threshold=22.0335 0.45207220393230446 18.287000000000003 1.4195000000000002 23.817500000000006 16.7895 -0.45206801762443455 0.99055824379501012 13.332500000000001 55.517500000000005 0.3491821996099142 99.994000000000014 14.602500000000001 13.409500000000003
decision_type=2 2 2 2 2 2 2 2 2 2 2 2 2 2
left_child=1 3 6 5 12 -1 -3 8 -8 10 -10 -11 13 -5
right_child=-2 2 -4 4 -6 -7 7 -9 9 11 -12 -13 -14 -15
leaf_value=0.020595800396957853 -0.014666376603327562 0.0062359776377437842 -0.031911622096246144 0.0050112159244180407 0.0040215941376266166 0.010480627865720821 0.0017751459750219246 0.0049239797276626586 -0.035815680095331558 -0.030235107932675309 0.0049593071703155139 -0.013165073571138219 -0.0057868351577062124 -0.0023643822530771356
leaf_weight=40 188 153 40 233 407 65 154 77 44 45 58 67 210 171
leaf_count=40 188 153 40 233 407 65 154 77 44 45 58 67 210 171
internal_value=-0.000153689 0.000566893 -0.00266458 0.00239787 0.00142018 0.0119048 -0.00150502 -0.00393258 -0.00652174 -0.0116822 -0.00392157 -0.01875 -0.00130293 0.00148515
internal_weight=1952 1764 638 1126 1021 105 598 445 368 214 102 112 614 404
internal_count=1952 1764 638 1126 1021 105 598 445 368 214 102 112 614 404
is_linear=0
shrinkage=0.05


Tree=57
num_leaves=15
num_cat=0
split_feature=4 0 1 1 3 3 0 2 3 2 0 2 0 1
split_gain=3.55086 3.1891 4.40866 4.78879 11.5501 4.8639 4.60139 7.09034 3.62153 3.4372 2.91013 2.65592 2.57966 2.94441
threshold=3.6465000000000005 22.0335 -0.45206801762443455 -0.0687085824022272 15.618500000000003 5.0055000000000005 11.908500000000002 0.45207220393230446 83.305000000000021 0.82438889030848939 14.736000000000002 0.32694223331140743 24.661500000000004 -0.7146667679788683
decision_type=2 2 2 2 2 2 2 2 2 2 2 2 2 2
left_child=-1 2 -2 4 -4 11 8 -8 -7 -9 -6 -5 13 -3
right_child=1 12 3 5 10 6 7 9 -10 -11 -12 -13 -14 -15
leaf_value=-0.019175718925079389 0.0047606551281971386 -0.0052303527806262257 -0.021575601038181836 0.012764896027693163 -0.0077081961337782338 -0.00075450542929382525 0.00010574821912531784 -0.012506819892581312 0.017647761963243393 -0.014513907368403198 0.0064546076541319971 0.0013838070449309764 0.016113500855417944 -0.017921308123594683
leaf_weight=40 505 66 83 128 54 40 513 65 55 100 78 104 42 79
leaf_count=40 505 66 83 128 54 40 513 65 55 100 78 104 42 79
internal_value=-0.000256148 5.23013e-05 0.000724638 -0.000901639 -0.00767442 0.000547264 -0.00135834 -0.00280236 0.00894737 -0.0118182 0.00151515 0.00689655 -0.00614973 -0.00931034
internal_weight=1952 1912 1725 1220 215 1005 773 678 95 165 132 232 187 145
internal_count=1952 1912 1725 1220 215 1005 773 678 95 165 132 232 187 145
is_linear=0
shrinkage=0.05


Tree=58
num_leaves=15
num_cat=0
split_feature=4 0 1 1 3 3 1 0 2 3 3 3 0 1
split_gain=3.52623 3.13554 3.68259 3.81772 8.47545 3.58158 4.64748 5.21688 7.23221 3.54816 3.20799 3.43209 3.1276 4.21647
threshold=3.6465000000000005 22.0335 -0.45206801762443455 -0.10738035228456493 15.618500000000003 7.5200000000000005 -0.012886663321697788 11.964500000000003 0.075135296012361824 85.743500000000012 19.881500000000006 16.501500000000004 14.820500000000001 0.61794704089537544
decision_type=2 2 2 2 2 2 2 2 2 2 2 2 2 2
left_child=-1 2 -2 4 -4 -5 -7 9 10 -8 11 -9 -12 -14
right_child=1 -3 3 5 -6 6 7 8 -10 -11 12 -13 13 -15
leaf_value=-0.018216932978825425 0.0045226223717872811 -0.01301610464700672 -0.01881407669880647 0.005559164473902767 0.00050454560308764722 0.014956465384040869 -0.00071678015782913613 -0.00042937633297309292 -0.010136294355862463 0.016197724923110286 0.014298514555335796 -0.025212042293815268 0.015793843696441403 -0.0064194917709737981
leaf_weight=40 505 187 77 275 115 47 40 146 204 52 51 43 70 100
leaf_count=40 505 187 77 275 115 47 40 146 204 52 51 43 70 100
internal_value=-0.000307377 0 0.000666667 -0.000819672 -0.00729167 0.000389105 -0.00139442 -0.00240793 -0.00407166 0.00869565 -0.000243902 -0.00502646 0.00384615 0.000588235
internal_weight=1952 1912 1725 1220 192 1028 753 706 614 92 410 189 221 170
internal_count=1952 1912 1725 1220 192 1028 753 706 614 92 410 189 221 170
is_linear=0
shrinkage=0.05


Tree=59
num_leaves=15
num_cat=0
split_feature=0 2 2 3 0 1 0 1 3 4 4 0 2 0
split_gain=3.56765 5.78612 4.18715 5.20441 4.57831 3.80434 3.49856 3.25714 3.92137 2.62374 3.16482 2.58642 2.62598 3.52005
threshold=14.286000000000003 -0.11593459959550052 0.77275363110444695 0.36100000000000004 18.668500000000005 -0.44380628866780414 10.924000000000001 0.16681837808193059 52.95600000000001 11.387500000000001 7.6680000000000001 20.959500000000002 -0.11364489825015461 23.850500000000004
decision_type=2 2 2 2 2 2 2 2 2 2 2 2 2 2
left_child=1 -1 3 4 -2 -3 -7 8 -4 10 -8 -5 13 -13
right_child=2 5 7 11 -6 6 9 -9 -10 -11 -12 12 -14 -15
leaf_value=0.018470555878783591 0.021747831994303097 0.019603882895965652 -0.029823845646086769 -0.00019694470258858638 -8.1713794723041466e-05 0.0085816986179380727 -0.006435300796619115 -0.018414814280929937 0.0055495534696646505 0.00091817463558820924 -0.012218268633001045 -0.0094920494352119748 -0.041453463386880732 0.018436105062447913
leaf_weight=57 66 48 58 888 61 80 83 70 49 131 55 224 40 42
leaf_count=57 66 48 58 888 61 80 83 70 49 131 55 224 40 42
internal_value=-0.000358607 0.00352423 -0.00153538 -0.000567752 0.00905512 0.00138539 -0.000429799 -0.00875706 -0.00327103 -0.00315985 -0.00797101 -0.00159129 -0.00555556 -0.0037594
internal_weight=1952 454 1498 1321 127 397 349 177 107 269 138 1194 306 266
internal_count=1952 454 1498 1321 127 397 349 177 107 269 138 1194 306 266
is_linear=0
shrinkage=0.05


Tree=60
num_leaves=15
num_cat=0
split_feature=4 0 0 1 2 2 0 3 3 3 2 1 4 2
split_gain=3.60039 2.76207 3.52644 3.06676 3.24449 4.71685 5.40566 3.84023 3.89625 3.47688 3.42949 2.94441 2.92006 2.73727
threshold=3.6465000000000005 22.0335 24.661500000000004 -0.45206801762443455 0.99055824379501012 0.60605034090854637 13.579500000000001 82.197500000000005 7.5200000000000005 97.873500000000021 0.057982974307775707 -0.7146667679788683 13.864500000000001 0.90542393716278702
decision_type=2 2 2 2 2 2 2 2 2 2 2 2 2 2
left_child=-1 3 11 -2 5 7 13 8 -5 -9 -10 -3 -11 -7
right_child=1 2 -4 4 -6 6 -8 9 10 12 -12 -13 -14 -15
leaf_value=-0.016772620059455713 0.0048639664947126493 -0.0037425959511337582 0.015499771263304266 0.0062245593893284048 0.0053322891909748475 -0.0040112009933831938 -0.015373575798333464 0.020922618828307649 -0.0009044852721245087 -0.002927000323561163 -0.007122096909777398 -0.015899835013304008 0.0095151963944107975 0.003214764164524553
leaf_weight=40 505 66 42 195 72 64 175 53 420 68 45 79 61 67
leaf_count=40 505 66 42 195 72 64 175 53 420 68 45 79 61 67
internal_value=-0.000153689 0.000156904 -0.00561497 0.000782609 -0.00057377 -0.00121951 -0.00653595 0.000712589 -0.00106061 0.00714286 -0.00354839 -0.00931034 0.00271318 0.00114504
internal_weight=1952 1912 187 1725 1220 1148 306 842 660 182 465 145 129 131
internal_count=1952 1912 187 1725 1220 1148 306 842 660 182 465 145 129 131
is_linear=0
shrinkage=0.05


Tree=61
num_leaves=15
num_cat=0
split_feature=4 0 0 1 2 2 4 1 3 0 2 3 0 3
split_gain=3.45284 2.97758 2.57966 2.94441 2.56013 3.602 5.68017 4.511 4.28578 4.23392 3.64661 3.36644 5.1161 3.62335
threshold=3.6465000000000005 22.0335 24.661500000000004 -0.7146667679788683 0.99055824379501012 0.60605034090854637 6.3385000000000007 0.44380628866780453 87.603500000000011 13.332500000000001 0.94713111268739625 1.4195000000000002 16.550000000000001 82.197500000000005
decision_type=2 2 2 2 2 2 2 2 2 2 2 2 2 2
left_child=-1 4 3 -3 5 6 -2 9 -9 10 -7 12 -8 -13
right_child=1 2 -4 -5 -6 7 11 8 -10 -11 -12 13 -14 -15
leaf_value=-0.015933989056482922 0.010860344764453814 -0.0035554661535770696 0.014724782700139053 -0.015104843262638806 0.0050656747314261055 0.026284261369779096 0.017430439256095165 -0.0039248685682209909 -0.01032717661961532 -0.0057153093162866965 -2.1688767524404018e-05 -0.00071664132515025238 0.0076417738781734083 0.0054819751914058903
leaf_weight=40 40 66 42 79 72 40 41 71 57 218 41 838 67 240
leaf_count=40 40 66 42 79 72 40 41 71 57 218 41 838 67 240
internal_value=-0.000461066 -0.000156904 -0.00614973 -0.00931034 0.000492754 9.07441e-05 0.00146819 -0.00386417 -0.0117188 -0.000501672 0.00925926 0.00084317 0.00925926 0
internal_weight=1952 1912 187 145 1725 1653 1226 427 128 299 81 1186 108 1078
internal_count=1952 1912 187 145 1725 1653 1226 427 128 299 81 1186 108 1078
is_linear=0
shrinkage=0.05


Tree=62
num_leaves=15
num_cat=0
split_feature=4 0 1 1 3 3 1 0 2 3 0 0 3 0
split_gain=3.42855 2.42279 3.08505 3.05259 8.10964 2.97136 3.50934 5.21688 5.22385 3.54816 3.09103 3.32376 4.18147 2.89116
threshold=3.6465000000000005 22.0335 -0.45206801762443455 -0.10738035228456493 9.2150000000000016 7.5200000000000005 -0.012886663321697788 11.964500000000003 0.45207220393230446 85.743500000000012 17.657000000000004 15.284000000000001 4.1335000000000006 21.539000000000005
decision_type=2 2 2 2 2 2 2 2 2 2 2 2 2 2
left_child=-1 2 13 4 -4 10 -7 9 -9 -8 11 12 -5 -2
right_child=1 -3 3 5 -6 6 7 8 -10 -11 -12 -13 -14 -15
leaf_value=-0.015137289603658777 0.0025146508875973418 -0.011525793837660246 -0.050697944214300475 0.016558917293290409 -0.0017884556542543629 0.014299545679831991 -0.00071565588592129026 -0.00034423362346697119 -0.012791063210828825 0.014208895166767028 0.042506119000751831 -0.0040480916942164215 -0.0046978198852278058 0.011270502279221169
leaf_weight=40 461 187 42 87 150 47 40 468 146 52 57 86 45 44
leaf_count=40 461 187 42 87 150 47 40 468 146 52 57 86 45 44
internal_value=-0.000512295 -0.000209205 0.000376812 -0.000983607 -0.00677083 9.72763e-05 -0.00152722 -0.00240793 -0.00407166 0.00869565 0.00454545 0.00183486 0.00681818 0.00366337
internal_weight=1952 1912 1725 1220 192 1028 753 706 614 92 275 218 132 505
internal_count=1952 1912 1725 1220 192 1028 753 706 614 92 275 218 132 505
is_linear=0
shrinkage=0.05


Tree=63
num_leaves=15
num_cat=0
split_feature=0 2 2 3 2 2 4 0 2 0 1 4 3 0
split_gain=2.80055 4.34723 3.50957 2.82687 4.95026 5.49118 5.75202 2.81911 10.3726 2.42026 3.87219 4.94084 7.12604 3.1256
threshold=15.251000000000003 0.77275363110444695 -0.38168922026665913 8.0950000000000006 -0.93090634677745676 -0.70634610019963262 17.189000000000004 18.609500000000004 0.092265415903232631 21.740500000000001 0.61794704089537544 13.382000000000001 17.324500000000004 19.829000000000004
decision_type=2 2 2 2 2 2 2 2 2 2 2 2 2 2
left_child=2 3 -1 4 -2 -6 7 -7 -9 10 11 -5 13 -13
right_child=1 -3 -4 9 5 6 -8 8 -10 -11 -12 12 -14 -15
leaf_value=0.015633651858267296 -0.011198649031505593 -0.024231852385271035 0.0011068542628183131 0.0093719253267121033 0.029579446412510736 0.0102628213044839 -0.0089419808893770551 0.013564842817438059 -0.024502726956264428 -0.013499601064271657 -0.0078886228445745939 -0.017769454053235378 0.0031336500811334658 -0.0021315976215530831
leaf_weight=44 43 111 562 318 48 74 40 83 42 166 194 47 137 43
leaf_count=44 43 111 562 318 48 74 40 83 42 166 194 47 137 43
internal_value=-0.000512295 -0.00178306 0.00231023 -0.000931174 0.0030303 0.0054007 0.00230126 0.00577889 0.0012 -0.00237569 -0.0011502 0.00100917 -0.00462555 -0.0155556
internal_weight=1952 1346 606 1235 330 287 239 199 125 905 739 545 227 90
internal_count=1952 1346 606 1235 330 287 239 199 125 905 739 545 227 90
is_linear=0
shrinkage=0.05


Tree=64
num_leaves=15
num_cat=0
split_feature=0 0 1 2 0 4 2 2 4 1 3 0 1 1
split_gain=2.86798 2.68699 3.14074 2.45 2.27787 3.02751 2.67227 4.89305 4.5283 5.33915 5.55808 5.03909 3.81458 4.39845
threshold=22.0335 24.661500000000004 -0.7146667679788683 -0.91084115863148152 10.924000000000001 14.748000000000001 0.057982974307775707 0.15855938510313469 12.528500000000001 -0.021515898191484053 50.907500000000006 17.987500000000001 -0.48250327361223938 0.71089581899715537
decision_type=2 2 2 2 2 2 2 2 2 2 2 2 2 2
left_child=4 2 -2 -4 5 -1 -6 -8 11 -10 -11 12 -9 -14
right_child=1 -3 3 -5 6 -7 7 8 9 10 -12 -13 13 -15
leaf_value=0.015233321750590334 -0.0034796452948871086 0.014018458473796687 -0.0058955507230412652 -0.057645699682131339 0.0012877173871402353 -0.00038095388035206957 -0.0065798672595085723 0.0063584712652476477 0.016603955828946831 0.0051651453486994906 -0.0076748140684868658 -0.018834200297928545 -0.011075844010227133 0.0015807325219325263
leaf_weight=43 66 42 40 40 900 45 47 112 98 40 76 93 233 77
leaf_count=43 66 42 40 40 900 45 47 112 98 40 76 93 233 77
internal_value=-0.000512295 -0.00638298 -0.00958904 -0.01625 0.000113379 0.00795455 -0.000298329 -0.00244845 -0.00144033 0.0046729 -0.00258621 -0.00398058 -0.00165877 -0.00451613
internal_weight=1952 188 146 80 1764 88 1676 776 729 214 116 515 422 310
internal_count=1952 188 146 80 1764 88 1676 776 729 214 116 515 422 310
is_linear=0
shrinkage=0.05


Tree=65
num_leaves=15
num_cat=0
split_feature=0 0 1 2 1 4 4 4 1 4 2 2 4 2
split_gain=2.46373 2.43662 2.63047 1.8 1.74821 2.56796 7.33727 5.8072 3.73214 3.57143 3.53893 7.15367 3.26852 3.25138
threshold=22.0335 24.661500000000004 -0.7146667679788683 -0.91084115863148152 -0.45206801762443455 17.031500000000005 16.099500000000003 17.801000000000005 0.71089581899715537 23.187000000000001 0.70329649815198148 0.90176596055897751 8.8270000000000017 -0.02793410925094832
decision_type=2 2 2 2 2 2 2 2 2 2 2 2 2 2
left_child=4 2 -2 -4 -1 6 10 -7 9 -9 -6 -12 -13 -10
right_child=1 -3 3 -5 5 7 -8 8 13 -11 11 12 -14 -15
leaf_value=0.0035547818519651797 -0.0033056630301427541 0.013317535550106849 -0.0056007731868892019 -0.054763414698024773 0.00044299043976097079 0.01994799879877875 -0.023305993299552075 -0.00056432196162114893 0.0017079182968440854 0.015143790076803899 -0.012150446807039359 -0.0079704076737113789 0.0050133483665706028 -0.0059654036221113652
leaf_weight=515 66 42 40 40 620 41 56 56 71 56 84 145 57 63
leaf_count=515 66 42 40 40 620 41 56 56 71 56 84 145 57 63
internal_value=-0.000409836 -0.00585106 -0.00890411 -0.015 0.000170068 -0.000840673 -0.002079 0.0033101 0.000406504 0.00714286 -0.000993377 -0.00559441 -0.00049505 -0.00522388
internal_weight=1952 188 146 80 1764 1249 962 287 246 112 906 286 202 134
internal_count=1952 188 146 80 1764 1249 962 287 246 112 906 286 202 134
is_linear=0
shrinkage=0.05


Tree=66
num_leaves=15
num_cat=0
split_feature=0 2 2 1 3 1 0 4 3 0 1 3 3 0
split_gain=2.94909 4.14277 3.01489 6.06955 4.21608 2.73391 4.50695 5.22506 3.2755 3.27429 3.92781 4.60588 5.27916 3.85439
threshold=15.251000000000003 -0.02793410925094832 0.67844406397199097 0.1837425755813806 67.795000000000002 0.86958133671945947 16.875000000000004 14.518000000000002 76.496500000000012 17.392000000000003 0.1328271176880281 13.498500000000002 19.588500000000003 20.350000000000005
decision_type=2 2 2 2 2 2 2 2 2 2 2 2 2 2
left_child=1 -1 5 4 -4 6 7 -2 -7 -8 13 -12 -13 -11
right_child=2 -3 3 -5 -6 8 9 -9 -10 10 11 12 -14 -15
leaf_value=0.010995949758399749 0.026378921570842175 0.00076145815221344011 -0.023990214385868916 -0.025575166142824037 0.0051965374729258662 -0.0080843501051995059 -0.013166533636130729 0.0024871667848505698 0.0021899343743121778 0.0019556382246861989 0.023087390170438038 -0.0048200056143858951 0.012706761453151026 -0.0056743294631800946
leaf_weight=109 47 497 53 48 41 114 47 69 48 273 101 43 70 392
leaf_count=109 47 497 53 48 41 114 47 69 48 273 101 43 70 392
internal_value=-0.000256148 0.00264026 -0.00156018 -0.0084507 -0.00106383 -0.000747508 0.000191939 0.00948276 -0.00679012 -0.000971922 -0.000284414 0.00560748 -0.00132743 -0.00218045
internal_weight=1952 606 1346 142 94 1204 1042 116 162 926 879 214 113 665
internal_count=1952 606 1346 142 94 1204 1042 116 162 926 879 214 113 665
is_linear=0
shrinkage=0.05


Tree=67
num_leaves=15
num_cat=0
split_feature=0 2 1 0 2 0 3 1 1 0 4 4 4 2
split_gain=2.69981 2.85073 2.66055 5.09808 3.44168 5.33678 4.67732 4.59474 3.71816 3.61108 3.23382 6.5838 7.17365 3.11288
threshold=15.251000000000003 -0.02793410925094832 -0.78297285307474485 20.350000000000005 -0.49501433321452953 18.703000000000007 12.177500000000002 0.33302288323572038 0.59055600833485278 21.697500000000002 11.907500000000001 14.160000000000002 16.884000000000004 0.040813519545864409
decision_type=2 2 2 2 2 2 2 2 2 2 2 2 2 2
left_child=1 -1 3 13 6 -6 9 -8 -9 10 -4 -12 -13 -2
right_child=2 -3 4 -5 5 -7 7 8 -10 -11 11 12 -14 -15
leaf_value=0.010446152270479759 0.024311224956250221 0.00072338524460277001 -0.0040696057254926421 -0.0065811030908952102 -0.0053756536800104865 -0.032830645374122613 -0.0076840741310739424 0.018864378625525112 -0.00051554452903014515 0.036202924087166806 0.021445611804379091 -0.023947093469559574 0.021649619372150947 0.0042251954872523393
leaf_weight=109 68 497 51 185 292 53 262 72 65 41 43 40 51 123
leaf_count=109 68 497 51 185 292 53 262 72 65 41 43 40 51 123
internal_value=-0.000461066 0.00231023 -0.00170877 0.0018617 -0.00309278 -0.00710145 -0.00088 -0.00413534 0.00328467 0.00486726 0.00189189 0.00597015 -0.00164835 0.00759162
internal_weight=1952 606 1346 376 970 345 625 399 137 226 185 134 91 191
internal_count=1952 606 1346 376 970 345 625 399 137 226 185 134 91 191
is_linear=0
shrinkage=0.05


Tree=68
num_leaves=15
num_cat=0
split_feature=3 4 1 1 1 4 0 2 2 4 4 3 0 2
split_gain=2.07805 2.95115 5.96892 2.77831 3.26505 2.80254 2.5724 2.36338 5.67752 4.94893 6.98636 3.19574 2.08733 3.6886
threshold=4.6480000000000006 24.416000000000004 0.57659668305444445 -0.89391031859722847 -0.94697898371965694 11.002000000000001 20.488500000000002 0.21113058295073206 0.49751328890718055 13.795500000000002 17.290000000000003 0.87850000000000017 14.856000000000002 0.96001231037146451
decision_type=2 2 2 2 2 2 2 2 2 2 2 2 2 2
left_child=7 3 -3 4 5 6 -2 9 -9 -1 -11 -10 13 -5
right_child=1 2 -4 12 -6 -7 -8 8 11 10 -12 -13 -14 -15
leaf_value=0.025187101456623392 0.00089318707071058825 0.017371167896578794 -0.0025627320525163037 0.0014053042040070409 0.02023326679810664 0.010559950964233088 -0.031070149812325715 -0.01356807607973733 -0.0034202506613531195 -0.030484601486392218 0.013841013962992588 0.0078744000432976469 -0.0029365251247544608 -0.0073800249759829132
leaf_weight=73 40 42 54 275 67 59 43 47 113 41 59 41 905 93
leaf_count=73 40 42 54 275 67 59 43 47 113 41 59 41 905 93
internal_value=-0.000409836 -0.00120406 0.00729167 -0.00175439 0.00358852 -0.000704225 -0.00662651 0.00294118 -0.000746269 0.00722543 0 0.0038961 -0.00263158 0.000543478
internal_weight=1952 1578 96 1482 209 142 83 374 201 173 100 154 1273 368
internal_count=1952 1578 96 1482 209 142 83 374 201 173 100 154 1273 368
is_linear=0
shrinkage=0.05


Tree=69
num_leaves=15
num_cat=0
split_feature=0 4 4 2 3 4 2 4 0 4 0 1 0 1
split_gain=2.51616 3.02751 2.03493 2.65069 5.23322 5.61389 5.19047 4.71488 4.57255 3.9162 5.14069 6.38006 3.8721 7.16535
threshold=10.924000000000001 14.748000000000001 29.641500000000004 0.057982974307775707 5.7060000000000004 13.696500000000002 0.15855938510313469 16.974500000000003 15.524000000000003 15.701000000000002 17.987500000000001 0.68630018684894145 18.668500000000005 -0.86958133671945925
decision_type=2 2 2 2 2 2 2 2 2 2 2 2 2 2
left_child=1 -1 3 4 5 -2 -5 -7 -6 10 -10 -12 -8 -14
right_child=2 -3 -4 6 8 7 12 -9 9 -11 11 -13 13 -15
leaf_value=0.015164935125704722 0.026402718657488878 -0.0015038135063145663 0.0038697628798139982 -0.0084999393028668026 0.0092822056551945305 -0.011944692751425769 -0.00039566988780247517 0.012517896587804101 0.011748733697230956 -0.011260230262359519 -0.00041392550485484238 -0.040005529649683194 0.00039737835146943514 -0.0370043208133638
leaf_weight=43 69 45 47 56 98 56 620 64 84 108 521 52 49 40
leaf_count=43 69 45 47 56 98 56 620 64 84 108 521 52 49 40
internal_value=-0.000307377 0.00795455 -0.000697425 -0.000963126 0.000665399 0.00820106 -0.00320261 0.00166667 -0.000984936 -0.00228758 -0.000837139 -0.00253054 -0.00204513 -0.0117978
internal_weight=1952 88 1864 1817 1052 189 765 120 863 765 657 573 709 89
internal_count=1952 88 1864 1817 1052 189 765 120 863 765 657 573 709 89
is_linear=0
shrinkage=0.05


Tree=70
num_leaves=15
num_cat=0
split_feature=0 2 0 1 4 4 0 4 2 3 3 1 2 0
split_gain=1.88198 2.83688 4.47637 2.40016 2.48468 3.6106 3.11555 3.40121 5.73791 3.65915 2.9519 2.10423 1.81303 1.79424
threshold=22.0335 -0.15621076983770799 23.850500000000004 -0.45206801762443455 7.3415000000000008 9.0020000000000007 16.001500000000004 13.765000000000002 -0.11364489825015461 20.563500000000005 21.665500000000005 -0.34918219960991376 -0.3390880814530603 15.251000000000003
decision_type=2 2 2 2 2 2 2 2 2 2 2 2 2 2
left_child=3 2 -2 4 10 -6 -7 8 9 -8 -1 -5 -9 -13
right_child=1 -3 -4 11 5 6 7 12 -10 -11 -12 13 -14 -15
leaf_value=0.0082041345865571987 -0.0090100996563523602 -0.034992006233571106 0.036225292449427432 -0.0074553334324088411 -0.010763540867226416 0.016651617567885382 0.019597363620232483 -0.021215126428939874 -0.010141469251091205 -0.00026692386818787941 0.0053721030339079438 0.00086933075976720073 0.00063827994201091302 -0.001356178557048693
leaf_weight=43 99 47 42 65 56 60 87 45 80 43 59 517 42 667
leaf_count=43 99 47 42 65 56 60 87 45 80 43 59 517 42 667
internal_value=-0.000563525 -0.00531915 -0.00177305 -5.66893e-05 0.00281553 0.00108959 0.00294118 0.000841751 0.00428571 0.0107692 0.00980392 -0.00124099 -0.00747126 -0.000760135
internal_weight=1952 188 141 1764 515 413 357 297 210 130 102 1249 87 1184
internal_count=1952 188 141 1764 515 413 357 297 210 130 102 1249 87 1184
is_linear=0
shrinkage=0.05


Tree=71
num_leaves=15
num_cat=0
split_feature=0 1 0 0 0 1 1 4 0 2 3 4 1 2
split_gain=2.04766 3.03157 2.22849 3.46625 2.1985 2.14288 2.055 5.60652 1.84979 3.17809 1.70534 3.20414 3.63223 3.45222
threshold=22.0335 -0.45206801762443455 18.287000000000003 21.539000000000005 24.661500000000004 -0.34918219960991376 -0.93535928755917819 11.967500000000003 20.784000000000002 -0.48754425631212789 5.0055000000000005 23.900500000000005 0.71989675514303919 0.49751328890718055
decision_type=2 2 2 2 2 2 2 2 2 2 2 2 2 2
left_child=1 2 -1 6 -2 -3 7 -4 9 -8 -7 13 -13 -12
right_child=4 5 3 -5 -6 10 8 -9 -10 -11 11 12 -14 -15
leaf_value=0.0077939278572293439 -0.0084959623729052754 -0.0070825667607883995 -0.0092916370049657554 0.010520208721605322 0.012572357747185551 0.004101320087551286 0.0097885668920913993 0.032376261840194757 -0.013477535709803621 -0.020536839289238804 -0.00029060821304862652 0.015528627945613511 -0.0023623075773025249 -0.0061444875523165915
leaf_weight=211 146 65 71 44 42 253 57 41 42 49 590 41 46 254
leaf_count=211 146 65 71 44 42 253 57 41 42 49 590 41 46 254
internal_value=-0.000358607 0.000170068 0.00339806 0.000657895 -0.00531915 -0.00116093 -0.00153846 0.00357143 -0.00540541 -0.00188679 -0.000675676 -0.00166488 0.00747126 -0.00260664
internal_weight=1952 1764 515 304 188 1249 260 112 148 106 1184 931 87 844
internal_count=1952 1764 515 304 188 1249 260 112 148 106 1184 931 87 844
is_linear=0
shrinkage=0.05


Tree=72
num_leaves=15
num_cat=0
split_feature=0 1 4 3 1 3 0 2 2 0 4 1 0 0
split_gain=2.00558 3.13899 2.77566 2.39956 2.24617 6.9668 3.63524 5.61192 4.20661 3.38097 5.70537 3.20385 3.19149 2.23323
threshold=22.0335 -0.45206801762443455 7.3415000000000008 21.665500000000005 -0.0687085824022272 15.618500000000003 13.002500000000003 0.67844406397199097 0.89420283937402645 19.724000000000004 12.494000000000002 0.44380628866780453 14.108500000000001 18.703000000000007
decision_type=2 2 2 2 2 2 2 2 2 2 2 2 2 2
left_child=1 2 3 -1 5 -3 11 9 -9 13 -11 -6 -7 -8
right_child=-2 4 -4 -5 6 12 7 8 -10 10 -12 -13 -14 -15
leaf_value=0.0074042314643678834 -0.0056970179821345147 -0.018211704273502279 0.0013491647466988056 0.0047138014893510832 0.016316567685321304 -0.0067274823931661792 0.00030186896817419457 -0.012327062026655365 -0.0095452310130542672 -0.00031088989110723554 0.049635283591617507 0.001026396439205196 0.0054760982166043555 -0.0075156095344170067
leaf_weight=43 188 85 413 59 51 47 468 66 101 63 41 144 94 89
leaf_count=43 188 85 413 59 51 47 468 66 101 63 41 144 94 89
internal_value=-0.000409836 0.000113379 0.00339806 0.0107843 -0.00124099 -0.00575221 -0.000244379 -0.00169082 -0.00988024 0.000378215 0.00865385 0.00589744 0.00106383 -0.00116697
internal_weight=1952 1764 515 102 1249 226 1023 828 167 661 104 195 141 557
internal_count=1952 1764 515 102 1249 226 1023 828 167 661 104 195 141 557
is_linear=0
shrinkage=0.05


Tree=73
num_leaves=15
num_cat=0
split_feature=2 2 0 2 1 4 3 2 0 1 1 0 0 4
split_gain=2.57033 4.15722 1.73236 2.44364 2.30823 3.19583 2.18501 2.17562 3.73629 3.22222 3.43507 2.65628 4.87165 3.30321
threshold=-0.98870105003072151 -0.99791438307893243 22.121500000000001 -0.14772953607417119 -0.45206801762443455 7.3415000000000008 21.665500000000005 0.34313907657789455 14.876500000000002 0.16681837808193059 0.71089581899715537 15.412500000000003 16.397000000000002 12.962500000000002
decision_type=2 2 2 2 2 2 2 2 2 2 2 2 2 2
left_child=1 -1 4 -4 5 6 -2 11 -9 -10 -11 13 -13 -6
right_child=2 -3 3 -5 7 -7 -8 8 9 10 -12 12 -14 -15
leaf_value=0.0034822101207864333 0.00703401989114949 -0.020229013224602823 -0.0028682374170931114 -0.044603942333549633 0.030780353420643721 0.0010951026842221472 0.0051443825513446595 -0.00035143345678093595 0.00077072680613439199 -0.021349781722190944 -0.005765285174156554 -0.0058925405033937398 0.001441549284821075 0.0021850607122020391
leaf_weight=47 43 60 121 43 49 415 60 345 45 56 44 68 420 136
leaf_count=47 43 60 121 43 49 415 60 345 45 56 44 68 420 136
internal_value=-0.000409836 -0.00794393 2.71003e-05 -0.00487805 0.000505651 0.00328185 0.011165 -0.000730868 -0.00326531 -0.01 -0.015 0.00111441 -0.000819672 0.00621622
internal_weight=1952 107 1845 164 1681 518 103 1163 490 145 100 673 488 185
internal_count=1952 107 1845 164 1681 518 103 1163 490 145 100 673 488 185
is_linear=0
shrinkage=0.05


Tree=74
num_leaves=15
num_cat=0
split_feature=0 4 4 2 1 4 3 1 3 0 0 0 4 4
split_gain=1.73105 3.532 4.25049 3.5416 1.87799 2.02922 2.14957 2.62341 1.90351 2.03295 4.25571 2.99627 2.43623 2.26751
threshold=21.740500000000001 12.413500000000001 10.780000000000003 -0.14772953607417119 -0.78297285307474485 11.387500000000001 8.1925000000000008 -0.9523687564627995 4.3930000000000016 16.916500000000003 18.558500000000006 15.783500000000002 7.3415000000000008 14.005000000000001
decision_type=2 2 2 2 2 2 2 2 2 2 2 2 2 2
left_child=4 2 3 -2 5 6 -1 -8 9 11 -11 12 -6 -14
right_child=1 -3 -4 -5 8 -7 7 -9 -10 10 -12 -13 13 -15
leaf_value=0.020026638114200558 0.019347502624410731 0.011722726139854221 -0.036153575028262573 -0.029713069616023626 -0.017338362998882775 -0.00050780888581482557 -0.0096194098449444085 0.012343146368788608 -0.00067579485591251487 -0.019379789766861458 0.0038806906764738192 0.010316083097929441 0.024117488954270742 -0.0017878067473726335
leaf_weight=43 55 73 61 43 40 141 52 55 1157 40 53 41 53 45
leaf_count=43 55 73 61 43 40 141 52 55 1157 40 53 41 53 45
internal_value=-0.000256148 -0.00431034 -0.00849057 -0.00204082 0.000290698 0.00395189 0.008 0.00420561 -0.000454864 0.00330882 -0.00268817 0.00642458 0.00289855 0.00714286
internal_weight=1952 232 159 98 1720 291 150 107 1429 272 93 179 138 98
internal_count=1952 232 159 98 1720 291 150 107 1429 272 93 179 138 98
is_linear=0
shrinkage=0.05


Tree=75
num_leaves=15
num_cat=0
split_feature=2 0 4 1 1 0 1 4 0 0 1 3 3 0
split_gain=1.60394 7.01422 4.46935 3.64056 2.79288 6.32472 3.44667 4.32801 3.32541 3.2775 2.74292 2.09612 2.62016 2.40703
threshold=0.040813519545864409 18.853000000000005 8.7375000000000025 -0.86958133671945925 0.1328271176880281 20.240000000000002 -0.96230016621822467 16.099500000000003 22.0335 22.964500000000005 -0.45206801762443455 79.094500000000025 0.053500000000000006 16.352000000000004
decision_type=2 2 2 2 2 2 2 2 2 2 2 2 2 2
left_child=2 10 -1 -3 6 -6 -4 8 -8 -10 11 12 -2 -14
right_child=1 3 4 -5 5 -7 7 -9 9 -11 -12 -13 13 -15
leaf_value=0.015042105429292518 0.01361754414852996 -0.0072569722400747843 0.011927142441997104 -0.040841207660183204 0.00069797453259438577 0.038310963691394695 0.00027590371660963993 -0.023832090439668187 -0.021802227719715139 -0.002927998438248364 -0.0011648233976969625 0.013443453407450802 0.0072506007598926205 -0.011217217755195375
leaf_weight=54 43 72 73 41 441 52 284 45 44 68 563 86 45 41
leaf_count=54 43 72 73 41 441 52 284 45 44 68 563 86 45 41
internal_value=-0.000512295 -0.00207632 0.000801131 -0.0137168 4.96524e-05 0.00273834 -0.00252918 -0.00419501 -0.00252525 -0.00982143 -0.000385604 0.0044186 0.000387597 -0.00465116
internal_weight=1952 891 1061 113 1007 493 514 441 396 112 778 215 129 86
internal_count=1952 891 1061 113 1007 493 514 441 396 112 778 215 129 86
is_linear=0
shrinkage=0.05


Tree=76
num_leaves=15
num_cat=0
split_feature=1 4 4 1 3 3 4 0 3 1 3 3 0 2
split_gain=1.50471 1.49171 5.27595 4.89202 3.6993 6.23748 3.34942 4.64726 4.31064 5.49916 3.30483 6.06925 3.14394 5.59214
threshold=0.99762106698677389 12.328000000000001 13.409500000000003 0.54817103930762578 22.685000000000002 14.522500000000003 14.813500000000003 20.213000000000005 48.554500000000012 -0.051549210996800328 4.3930000000000016 5.9110000000000005 16.875000000000004 0.70329649815198148
decision_type=2 2 2 2 2 2 2 2 2 2 2 2 2 2
left_child=1 10 3 4 5 -3 8 -8 9 -4 -1 -12 13 -13
right_child=-2 2 6 -5 -6 -7 7 -9 -10 -11 11 12 -14 -15
leaf_value=0.0039779022091561813 0.0061190506937912293 0.028787736375179142 -0.0093417768562629126 -0.0010573157779906639 0.021974931527519625 -0.0062812383310748765 -0.00039083125589258198 0.012328194354844918 -0.023400115351823458 0.01457942553169519 -0.021725289185522623 0.0093171711802189968 -0.0040195046330493648 -0.0027861022470456742
leaf_weight=205 48 50 98 57 44 49 471 47 44 63 53 105 429 189
leaf_count=205 48 50 98 57 44 49 471 47 44 63 53 105 429 189
internal_value=-0.000409836 -0.000630252 0.000812568 0.008 0.0129371 0.00757576 -0.00117566 0.000965251 -0.00658537 -0.00279503 -0.00198777 -0.00347938 -0.00228216 0.00170068
internal_weight=1952 1904 923 200 143 99 723 518 205 161 981 776 723 294
internal_count=1952 1904 923 200 143 99 723 518 205 161 981 776 723 294
is_linear=0
shrinkage=0.05


Tree=77
num_leaves=15
num_cat=0
split_feature=1 1 3 2 0 2 2 0 2 4 0 4 1 2
split_gain=1.54018 1.66594 1.69917 2.94127 3.95766 3.22689 3.04215 3.59989 2.71566 4.57313 3.28205 2.70233 4.73914 2.27642
threshold=0.99762106698677389 0.9914183690647782 8.5370000000000008 0.21113058295073206 18.127500000000005 -0.93090634677745676 0.71541278717867718 14.018500000000001 -0.70634610019963262 13.348000000000001 21.283500000000004 24.416000000000004 0.67760851415498113 0.49751328890718055
decision_type=2 2 2 2 2 2 2 2 2 2 2 2 2 2
left_child=1 2 3 5 6 -1 13 -8 -7 10 -10 -4 -13 -5
right_child=-2 -3 11 4 -6 8 7 -9 9 -11 -12 12 -14 -15
leaf_value=-0.0030027272709410883 0.0058130981591016694 -0.0025877863676570302 -0.00097587306282231336 0.0016024696626105895 -0.023121316076158572 0.026150290978088582 0.010796590242454929 -0.017333716314277239 0.023795300006574829 -0.0021233977249931731 0.0017581357004202332 0.015132760306544835 -0.0020491548148711017 0.0054688039222137025
leaf_weight=48 48 43 1241 40 46 53 53 85 49 80 42 42 40 42
leaf_count=48 48 43 1241 40 46 53 53 85 49 80 42 42 40 42
internal_value=-0.000512295 -0.000735294 -0.000510478 0.00185874 -0.0018797 0.00551471 0.000909091 -0.00362319 0.00803571 0.00497076 0.0126374 -0.00147392 0.00731707 0.00853659
internal_weight=1952 1904 1861 538 266 272 220 138 224 171 91 1323 82 82
internal_count=1952 1904 1861 538 266 272 220 138 224 171 91 1323 82 82
is_linear=0
shrinkage=0.05


Tree=78
num_leaves=15
num_cat=0
split_feature=2 0 4 1 3 4 4 1 0 4 4 0 0 0
split_gain=1.71074 7.01422 4.40943 3.90798 2.63685 5.0765 3.042 4.05 2.55584 4.54457 5.24788 3.9071 3.22641 3.78615
threshold=0.040813519545864409 18.853000000000005 8.7375000000000025 -0.45206801762443455 5.4925000000000006 13.696500000000002 16.736000000000001 0.7025209685794126 15.524000000000003 15.701000000000002 14.944000000000001 17.511000000000006 21.740500000000001 23.176000000000005
decision_type=2 2 2 2 2 2 2 2 2 2 2 2 2 2
left_child=2 3 -1 -2 5 -4 -7 -8 -6 10 12 -11 -10 -14
right_child=1 -3 4 -5 8 6 7 -9 9 11 -12 -13 13 -15
leaf_value=0.014539769042621477 0.0051031503981550323 -0.017744343445693422 0.022945675527274806 -0.0010382470118763699 0.0057323108866302545 -0.018514208820781777 0.020173596598778324 -0.00039860727506507709 0.0001476098338041937 -0.012787898648752372 0.011127314480791106 -0.006421501735939316 -0.016683212904921467 0.0030075233790746309
leaf_weight=54 215 113 49 563 101 45 40 40 429 47 42 62 90 62
leaf_count=54 215 113 49 563 101 45 40 40 429 47 42 62 90 62
internal_value=-0.000461066 -0.00207632 0.000895382 -0.000385604 0.000148957 0.00574713 0.0004 0.00625 -0.00102041 -0.00204918 -0.000401284 -0.0114679 -0.00163511 -0.00789474
internal_weight=1952 891 1061 778 1007 174 125 80 833 732 623 109 581 152
internal_count=1952 891 1061 778 1007 174 125 80 833 732 623 109 581 152
is_linear=0
shrinkage=0.05


Tree=79
num_leaves=15
num_cat=0
split_feature=1 2 2 1 4 2 1 4 4 2 3 4 2 1
split_gain=1.95367 3.1323 5.35139 3.09936 2.88975 4.15876 1.69112 2.1107 3.88477 2.51845 3.19308 3.87652 4.43885 2.40613
threshold=-0.89391031859722847 0.29426351849031901 0.040813519545864409 -0.86095304316285715 12.000000000000002 -0.16470888341644155 0.99762106698677389 11.387500000000001 11.038500000000001 -0.99113067767854335 11.723000000000001 14.005000000000001 -0.70634610019963262 0.95444582372253872
decision_type=2 2 2 2 2 2 2 2 2 2 2 2 2 2
left_child=1 2 4 -2 5 -1 7 8 -5 -9 11 -11 -13 -12
right_child=3 -3 -4 6 -6 -7 -8 9 -10 10 13 12 -14 -15
leaf_value=0.023449032496455836 -0.024194149424993705 0.01524568284179127 -0.018819294722062532 -0.0011188626484996509 -0.0040183409480807177 -0.00083016853623672511 0.0050156412529152941 -0.0038038495298587747 -0.016087612692593824 0.017600831406630275 0.00016760638709526488 0.018926578502968812 -0.0027450125936056891 -0.0023694859742785512
leaf_weight=52 40 46 75 604 55 42 48 79 46 94 536 67 103 65
leaf_count=52 40 46 75 604 55 42 48 79 46 94 536 67 103 65
internal_value=-0.000614754 0.00333333 0.000892857 -0.00124851 0.00637584 0.0117021 -0.00091352 -0.00119197 -0.00338462 0.000317797 0.00109827 0.00568182 0.00117647 -0.000915141
internal_weight=1952 270 224 1682 149 94 1642 1594 650 944 865 264 170 601
internal_count=1952 270 224 1682 149 94 1642 1594 650 944 865 264 170 601
is_linear=0
shrinkage=0.05


Tree=80
num_leaves=15
num_cat=0
split_feature=0 2 1 3 1 3 3 3 4 4 3 4 3 2
split_gain=1.74034 3.80736 5.49298 3.34187 2.41095 4.21069 3.64142 3.63143 3.13873 2.9838 4.37436 3.78377 6.68285 3.28885
threshold=15.251000000000003 0.67844406397199097 0.1837425755813806 53.39350000000001 0.86958133671945947 76.496500000000012 1.4195000000000002 3.8700000000000006 7.6180000000000012 12.328000000000001 8.322000000000001 13.382000000000001 17.079500000000003 -0.045113073260993279
decision_type=2 2 2 2 2 2 2 2 2 2 2 2 2 2
left_child=-1 4 3 -3 6 -6 -2 -8 -9 13 -11 -12 -13 -10
right_child=1 2 -4 -5 5 -7 7 8 9 10 11 12 -14 -15
leaf_value=0.0012641005201076807 0.010946525323093701 -0.024423203037836863 -0.021040507341767347 0.0036330638570502005 -0.0060609598332934146 0.0039542705788503975 -0.020132952682920369 0.0079678552028089652 -0.00070981726394139799 0.026794628783629648 0.012736024337672883 -0.0098464113049011107 0.0022761898065251198 -0.024942234057445545
leaf_weight=606 101 51 48 43 114 48 45 66 292 57 116 112 179 74
leaf_count=606 101 51 48 43 114 48 45 66 292 57 116 112 179 74
internal_value=-0.000409836 -0.00141159 -0.00915493 -0.00212766 -0.000498339 -0.00617284 0.000383877 -0.000584485 0.000111607 -0.000722892 0.00193966 0.00012285 -0.00292096 -0.00409836
internal_weight=1952 1346 142 94 1204 162 1042 941 896 830 464 407 291 366
internal_count=1952 1346 142 94 1204 162 1042 941 896 830 464 407 291 366
is_linear=0
shrinkage=0.05


Tree=81
num_leaves=15
num_cat=0
split_feature=0 1 1 1 1 3 0 2 0 3 2 0 4 3
split_gain=2.22033 2.23598 5.47576 2.21814 3.59127 8.38664 3.1605 2.69809 4.33076 5.45052 3.5409 3.31084 4.70703 3.04407
threshold=22.0335 -0.2006124779598886 -0.70252096857941237 -0.42109697129093543 -0.0687085824022272 15.618500000000003 14.108500000000001 0.34313907657789455 13.194500000000001 71.388000000000019 0.15855938510313469 19.653500000000005 12.563500000000003 0.71800000000000008
decision_type=2 2 2 2 2 2 2 2 2 2 2 2 2 2
left_child=3 2 -2 -1 5 -5 -7 10 -9 13 11 -6 -13 -10
right_child=1 -3 -4 4 7 6 -8 8 9 -11 -12 12 -14 -15
leaf_value=0.0026749719240302728 -0.0025055168676214102 0.011475770066538635 -0.01125829118162356 -0.020394710464809646 -2.1406337850927994e-05 -0.0060487564654815307 0.0060080165024983707 0.002347843340832545 -0.015929876326440995 -0.017643171291837064 0.0047185336176688748 1.7949424240232269e-05 0.046908269800576399 0.0049079616721147031
leaf_weight=535 97 44 47 74 494 45 87 145 50 100 49 65 43 77
leaf_count=535 97 44 47 74 494 45 87 145 50 100 49 65 43 77
internal_value=-0.000153689 -0.00531915 -0.00833333 0.000396825 -0.000772986 -0.00679612 0.000757576 0.000439883 -0.00295699 -0.00726872 0.00238095 0.0013289 0.00925926 -0.000393701
internal_weight=1952 188 144 1764 1229 206 132 1023 372 227 651 602 108 127
internal_count=1952 188 144 1764 1229 206 132 1023 372 227 651 602 108 127
is_linear=0
shrinkage=0.05


Tree=82
num_leaves=15
num_cat=0
split_feature=2 2 2 0 1 3 4 2 0 3 4 0 1 1
split_gain=2.33065 2.98619 2.2631 5.62659 5.35343 3.72266 4.36003 5.31564 3.16072 4.0049 3.76784 6.10507 4.88717 3.20323
threshold=-0.99113067767854335 -0.99791438307893243 0.057982974307775707 18.609500000000004 -0.85206963063867736 5.4925000000000006 13.696500000000002 -0.70634610019963262 15.524000000000003 98.322500000000005 13.382000000000001 19.508000000000006 0.56246696819246 -0.49316180905692092
decision_type=2 2 2 2 2 2 2 2 2 2 2 2 2 2
left_child=1 -1 5 -4 -5 6 -2 -8 -7 10 11 12 -10 -12
right_child=2 -3 3 4 -6 8 7 -9 9 -11 13 -13 -14 -15
leaf_value=0.0035236470222389849 0.020083755126470121 -0.019242191982766534 -3.827888673572644e-05 -0.0034097246342749497 -0.023947964187812778 0.0065923763893517562 0.017910670160299427 -0.0012972151189802551 0.025764905819361944 -0.0065404635611268471 -0.021322280600845678 -0.00013336547536760626 0.0019436963785646707 -0.001589940295941162
leaf_weight=47 64 48 762 76 42 110 51 67 48 53 62 269 70 183
leaf_count=47 64 48 762 76 42 110 51 67 48 53 62 269 70 183
internal_value=-0.000256148 -0.00789474 0.000134626 -0.00170455 -0.0118644 0.0017912 0.00824176 0.00254237 0.000314465 -0.000948905 0.000158228 0.00322997 0.0127119 -0.00469388
internal_weight=1952 95 1857 880 118 977 182 118 795 685 632 387 118 245
internal_count=1952 95 1857 880 118 977 182 118 795 685 632 387 118 245
is_linear=0
shrinkage=0.05


Tree=83
num_leaves=15
num_cat=0
split_feature=2 2 2 0 3 4 3 0 0 0 1 3 1 1
split_gain=1.89806 2.32566 1.83007 4.78851 3.60546 4.36003 3.82825 3.46373 3.62509 2.78037 3.04251 3.04544 4.32143 2.97399
threshold=-0.99113067767854335 -0.99791438307893243 0.057982974307775707 18.853000000000005 5.4925000000000006 13.696500000000002 0.53150000000000019 17.657000000000004 16.875000000000004 16.352000000000004 -0.27609441636666104 8.322000000000001 -0.6118807350392268 -0.09025077427732299
decision_type=2 2 2 2 2 2 2 2 2 2 2 2 2 2
left_child=1 -1 4 7 5 -2 -7 8 9 10 11 -4 -13 -12
right_child=2 -3 3 -5 -6 6 -8 -9 -10 -11 13 12 -14 -15
leaf_value=0.0033474646711270347 0.019079567370146617 -0.018280082383628205 -0.0066203395120533765 -0.015450366123228244 9.7937935642378185e-05 -0.0039937323363698042 0.010259303202904475 0.0038018434686305407 -0.012681191720405539 0.0047856248545961383 -0.014800772765070093 0.0037405795812709419 0.025485149484862316 -0.00056837601901990891
leaf_weight=47 64 48 55 108 795 48 70 60 59 45 48 56 56 393
leaf_count=47 64 48 55 108 795 48 70 60 59 45 48 56 56 393
internal_value=5.12295e-05 -0.00684211 0.000403877 -0.00125 0.00189355 0.00824176 0.00254237 0.000129534 -0.000842697 0.000229709 -0.000657895 0.00508982 0.00982143 -0.00283447
internal_weight=1952 95 1857 880 977 182 118 772 712 653 608 167 112 441
internal_count=1952 95 1857 880 977 182 118 772 712 653 608 167 112 441
is_linear=0
shrinkage=0.05


Tree=84
num_leaves=15
num_cat=0
split_feature=0 2 1 4 4 1 3 1 1 1 1 0 2 2
split_gain=2.04556 3.09273 3.97102 3.54692 3.03388 2.46728 2.77696 2.52537 2.8037 1.8191 1.95689 2.28044 3.02786 3.53588
threshold=21.283500000000004 -0.16470888341644155 -0.051549210996800328 10.780000000000003 12.328000000000001 -0.97505550290239429 13.615500000000003 -0.94697898371965694 -0.89391031859722847 0.99762106698677389 0.9914183690647782 14.856000000000002 0.46866798009266125 0.65278973532535922
decision_type=2 2 2 2 2 2 2 2 2 2 2 2 2 2
left_child=5 2 3 -2 -5 6 -1 -7 -9 10 11 12 -10 -14
right_child=1 -3 -4 4 -6 7 -8 8 9 -11 -12 -13 13 -15
leaf_value=0.023246240890442318 0.012546130462682986 -0.024359436857963764 0.037482445474981856 -0.031953676622378323 -0.0014568216467230055 -0.0091474716715710582 -0.00089569636158687023 0.016129526584729159 0.010323448279808018 0.005732096459021313 -0.0025395619187068676 -0.00065283829200154522 -0.0066548796919457783 0.0010268888986390029
leaf_weight=41 51 68 45 53 80 42 42 57 126 45 41 893 52 316
leaf_count=41 51 68 45 53 80 42 42 57 126 45 41 893 52 316
internal_value=-5.12295e-05 -0.00387205 -0.0010917 -0.00434783 -0.00864662 0.000634441 0.00903614 0.00019084 0.000522876 0.000101833 -0.000210084 0.000108147 0.00283401 0.000543478
internal_weight=1952 297 229 184 133 1655 83 1572 1530 1473 1428 1387 494 368
internal_count=1952 297 229 184 133 1655 83 1572 1530 1473 1428 1387 494 368
is_linear=0
shrinkage=0.05


Tree=85
num_leaves=15
num_cat=0
split_feature=2 0 2 0 0 0 1 0 1 0 4 0 3 0
split_gain=1.4353 2.3445 1.14296 5.24014 3.1596 3.97639 2.75506 3.72088 2.87588 5.49768 2.57324 3.95546 3.11849 2.50359
threshold=-0.99113067767854335 19.724000000000004 0.057982974307775707 18.853000000000005 17.657000000000004 16.875000000000004 -0.96230016621822467 20.545500000000004 -0.14153898451656977 20.928500000000003 12.691000000000001 21.740500000000001 13.498500000000002 16.352000000000004
decision_type=2 2 2 2 2 2 2 2 2 2 2 2 2 2
left_child=1 -1 6 4 5 13 7 -2 10 -10 11 12 -8 -4
right_child=2 -3 3 -5 -6 -7 8 -9 9 -11 -12 -13 -14 -15
leaf_value=-0.017333436349846722 0.026619213126435861 0.0009057497989420016 -6.3864613748474552e-05 -0.014005372847650072 0.0036443932097990905 -0.012014490219785191 0.00119107434894018 -0.0011940814472580594 0.0012062420171644079 0.039266361349571705 -0.0084415199894149872 -0.0083225550352204278 0.038562994368457698 0.0045789855264664059
leaf_weight=40 49 55 608 108 60 59 44 50 482 41 185 84 42 45
leaf_count=40 49 55 608 108 60 59 44 50 482 41 185 84 42 45
internal_value=0.000204918 -0.00578947 0.000511578 -0.000795455 0.000647668 -0.000280899 0.00168884 0.00959596 0.000797267 0.00315488 -0.00267606 0.00176471 0.00930233 0.000842266
internal_weight=1952 95 1857 880 772 712 977 99 878 523 355 170 86 653
internal_count=1952 95 1857 880 772 712 977 99 878 523 355 170 86 653
is_linear=0
shrinkage=0.05


Tree=86
num_leaves=15
num_cat=0
split_feature=0 0 1 0 0 4 3 3 4 2 0 2 3 3
split_gain=1.52399 2.32191 2.00718 2.31358 4.09256 2.21558 2.605 5.54723 2.80819 2.78278 2.08301 3.78606 3.11176 2.70612
threshold=24.661500000000004 22.0335 -0.46296662190318316 21.539000000000005 20.686500000000006 7.3415000000000008 22.685000000000002 66.058500000000009 10.935500000000003 0.48378379397820742 15.251000000000003 0.70329649815198148 47.567000000000007 4.1335000000000006
decision_type=2 2 2 2 2 2 2 2 2 2 2 2 2 2
left_child=1 2 3 4 5 -1 8 -8 -7 -9 13 -12 -13 -4
right_child=-2 -3 10 -5 -6 6 7 9 -10 -11 11 12 -14 -15
leaf_value=0.0089083413718690687 0.012443771884763845 -0.0058637525458936418 0.011599702388250678 0.015675365092065761 -0.0086282926873912178 -0.011573917087085909 0.02448159819813836 -0.0062113967199992183 0.0052608383365597535 0.016147012218375733 -0.00030054396919382834 -0.034290233150269668 -0.0020210118640779486 -0.00014025082512109585
leaf_weight=92 42 146 98 42 75 76 48 40 95 41 630 40 45 442
leaf_count=92 42 146 98 42 75 76 48 40 95 41 630 40 45 442
internal_value=0.000102459 -0.000104712 0.000396825 0.00304519 0.00203426 0.00408163 0.002 0.00736434 -0.00204678 -0.000617284 -0.000677291 -0.00244755 -0.0123529 0.00166667
internal_weight=1952 1910 1764 509 467 392 300 129 171 81 1255 715 85 540
internal_count=1952 1910 1764 509 467 392 300 129 171 81 1255 715 85 540
is_linear=0
shrinkage=0.05


Tree=87
num_leaves=15
num_cat=0
split_feature=0 2 1 1 3 4 3 1 0 0 1 3 4 0
split_gain=1.5414 2.98384 4.96744 2.77675 4.98219 3.61488 3.17647 2.75796 3.51103 3.49812 3.11265 2.68522 2.54178 2.55321
threshold=15.251000000000003 0.67844406397199097 0.1837425755813806 0.86958133671945947 75.58750000000002 7.8955000000000011 21.665500000000005 0.1328271176880281 19.653500000000005 18.703000000000007 0.56246696819246 53.39350000000001 16.099500000000003 18.287000000000003
decision_type=2 2 2 2 2 2 2 2 2 2 2 2 2 2
left_child=-1 3 11 5 -5 6 -2 12 9 10 -9 -3 13 -7
right_child=1 2 -4 4 -6 7 -8 8 -10 -11 -12 -13 -14 -15
leaf_value=0.0009857502256505335 0.011712763097071666 -0.024118964525724609 -0.01771720154553599 -0.0061427589131875376 0.0034564466705481497 0.0070473630018957015 0.0010055560916292562 0.012055024770499035 0.032235823181802049 -0.013705933257758646 -0.00045750355364491128 0.0029066087684059497 -0.010388605749291575 -0.00091987564883861956
leaf_weight=606 51 51 48 113 49 50 51 69 76 51 99 43 76 519
leaf_count=606 51 51 48 113 49 50 51 69 76 51 99 43 76 519
internal_value=5.12295e-05 -0.00089153 -0.00774648 -8.30565e-05 -0.00617284 0.000863724 0.00980392 -0.000106383 0.00389831 0.000684932 0.00416667 -0.00106383 -0.00193798 -0.000790861
internal_weight=1952 1346 142 1204 162 1042 102 940 295 219 168 94 645 569
internal_count=1952 1346 142 1204 162 1042 102 940 295 219 168 94 645 569
is_linear=0
shrinkage=0.05


Tree=88
num_leaves=15
num_cat=0
split_feature=0 2 3 3 1 3 3 0 4 2 3 2 2 3
split_gain=1.45067 2.7897 3.78089 4.73699 4.40394 4.0465 4.26932 3.9148 5.68756 3.45906 3.80984 4.89698 2.80935 2.66578
threshold=15.251000000000003 0.77275363110444695 98.322500000000005 82.197500000000005 0.94917575150333644 61.829500000000003 30.303000000000001 16.875000000000004 17.109000000000005 0.1858661703907829 7.7655000000000003 -0.85470766365158146 -0.5488429582847193 47.567000000000007
decision_type=2 2 2 2 2 2 2 2 2 2 2 2 2 2
left_child=-1 2 3 4 5 6 7 8 -2 10 11 -9 -8 -3
right_child=1 13 -4 -5 -6 -7 12 9 -10 -11 -12 -13 -14 -15
leaf_value=0.00093646271436800821 0.023493849045243199 -0.021256932707290344 -0.0069240583567536434 0.01908704958596948 -0.013101900209505675 -0.020184630555042271 0.0016690829384346476 -0.0041212841187235338 -0.00043462837596266459 -0.013112987530866644 -0.0018050439242919215 0.017554784290882416 0.023089865724636324 -0.00040015111398715165
leaf_weight=606 49 61 121 82 67 40 56 45 43 75 486 127 44 50
leaf_count=606 49 61 121 82 67 40 56 45 43 75 486 127 44 50
internal_value=-5.12295e-05 -0.000965825 -0.000283401 0.000628366 -0.000290698 0.000569948 0.00124324 6.06061e-05 0.00978261 -0.00115962 0 0.00639535 0.011 -0.00855856
internal_weight=1952 1346 1235 1114 1032 965 925 825 92 733 658 172 100 111
internal_count=1952 1346 1235 1114 1032 965 925 825 92 733 658 172 100 111
is_linear=0
shrinkage=0.05


Tree=89
num_leaves=15
num_cat=0
split_feature=0 2 0 4 4 1 4 4 0 3 2 4 3 1
split_gain=1.65127 3.31916 4.59248 3.30404 7.29991 2.14691 2.4405 3.19405 2.9141 2.56049 4.29103 6.44402 2.66302 2.09209
threshold=21.283500000000004 -0.16470888341644155 23.850500000000004 10.780000000000003 12.328000000000001 -0.46296662190318316 7.3415000000000008 8.8270000000000017 16.001500000000004 66.058500000000009 0.12643880951666986 13.409500000000003 14.602500000000001 0.99762106698677389
decision_type=2 2 2 2 2 2 2 2 2 2 2 2 2 2
left_child=5 2 3 -2 -5 6 -1 -8 -9 10 11 12 -10 -7
right_child=1 -3 -4 4 -6 13 7 8 9 -11 -12 -13 -14 -15
leaf_value=0.0079956147721805208 0.016359143947707773 -0.023692274158381457 0.033957017902541901 -0.046556050073657297 0.00076111114441783096 -0.00055320742663134278 -0.0095719455462032563 0.013828374106568803 0.021191504075442569 -0.0079583134136837694 -0.0078000140814129095 -0.0069979685550835505 0.029867868257837184 0.0052960814294671591
leaf_weight=94 49 68 42 49 89 1165 48 60 47 49 49 56 42 45
leaf_count=94 49 68 42 49 89 1165 48 60 47 49 49 56 42 45
internal_value=-0.000102459 -0.00353535 -0.000655022 -0.0040107 -0.00797101 0.000513595 0.00348315 0.00156695 0.00346535 0.00102881 0.00360825 0.00793103 0.0162921 -0.000578512
internal_weight=1952 297 229 187 138 1655 445 351 303 243 194 145 89 1210
internal_count=1952 297 229 187 138 1655 445 351 303 243 194 145 89 1210
is_linear=0
shrinkage=0.05


Tree=90
num_leaves=15
num_cat=0
split_feature=0 2 1 3 3 4 2 3 3 1 3 0 2 3
split_gain=1.45067 3.55743 4.44721 3.34187 2.54588 4.46533 4.07119 2.88513 3.83861 4.53361 5.85904 1.99465 4.48969 4.9805
threshold=15.251000000000003 0.67844406397199097 0.1837425755813806 53.39350000000001 98.322500000000005 7.0135000000000014 0.17553149042142802 82.197500000000005 61.360000000000007 0.95236875646279973 30.303000000000001 17.828500000000002 0.1093682717844857 5.4925000000000006
decision_type=2 2 2 2 2 2 2 2 2 2 2 2 2 2
left_child=-1 4 3 -3 5 -2 -6 8 9 10 11 -7 13 -13
right_child=1 2 -4 -5 6 7 -8 -9 -10 -11 -12 12 -14 -15
leaf_value=0.00082563523434254224 0.0075958340335714972 -0.022657147661504062 -0.016135127937056928 0.0023815051470759798 -0.015448100189826376 0.00367036284150985 0.011149731815742546 0.019178141237832444 -0.019218328752113423 -0.019545552688512324 0.010022673887551193 0.015602158826878121 -0.028753769548408272 -0.001559503389185324
leaf_weight=606 70 51 48 43 66 141 42 65 41 51 91 103 48 486
leaf_count=606 70 51 48 43 66 141 42 65 41 51 91 103 48 486
internal_value=-5.12295e-05 -0.000965825 -0.0084507 -0.00212766 -8.30565e-05 0.000638686 -0.00740741 -0.000194932 -0.000884495 -0.000217391 0.000632911 -0.000771208 -0.00196232 -0.000764007
internal_weight=1952 1346 142 94 1204 1096 108 1026 961 920 869 778 637 589
internal_count=1952 1346 142 94 1204 1096 108 1026 961 920 869 778 637 589
is_linear=0
shrinkage=0.05


Tree=91
num_leaves=15
num_cat=0
split_feature=0 1 2 1 3 1 0 2 1 1 3 0 4 4
split_gain=1.43618 3.17703 3.0723 6.10894 2.89867 2.56911 2.0149 2.46718 2.836 3.83232 3.79558 2.10261 3.44666 1.97592
threshold=20.350000000000005 -0.78297285307474485 0.092265415903232631 0.31676515716386888 20.563500000000005 -0.69016699705532203 15.251000000000003 -0.65604102973502731 0.82801560613826442 0.1837425755813806 11.488000000000001 17.626000000000001 12.037000000000001 10.780000000000003
decision_type=2 2 2 2 2 2 2 2 2 2 2 2 2 2
left_child=1 -1 3 4 13 -6 -3 -8 9 10 -9 12 -10 -2
right_child=2 6 -4 -5 5 -7 7 8 11 -11 -12 -13 -14 -15
leaf_value=0.0052699725069011551 0.0097119820170323765 0.00087601818826405224 -0.01573098193138665 0.024396331268550925 -0.0047973071745900965 -0.036589603328326552 0.00076574437383375438 -0.025363104016100882 0.0062365718820523441 -0.014823961179233947 0.0016681707774314437 0.0034868446994343553 -0.014455992362789927 -0.0013795142430508963
leaf_weight=205 98 592 43 40 42 43 326 51 44 87 61 59 67 194
leaf_count=205 98 592 43 40 42 43 326 51 44 87 61 59 67 194
internal_value=5.12295e-05 0.00080429 -0.0023913 -0.00107914 -0.0030504 -0.0111765 -0.00011655 -0.00194245 -0.00474255 -0.00879397 -0.00267857 0 -0.00405405 -0.000684932
internal_weight=1952 1492 460 417 377 85 1287 695 369 199 112 170 111 292
internal_count=1952 1492 460 417 377 85 1287 695 369 199 112 170 111 292
is_linear=0
shrinkage=0.05


Tree=92
num_leaves=15
num_cat=0
split_feature=3 3 3 1 4 3 4 2 4 4 0 3 2 2
split_gain=1.28323 4.38181 3.92077 3.78924 2.47786 5.95532 4.59454 4.56373 4.2288 4.75017 3.86137 2.9585 3.24976 2.30629
threshold=19.232500000000005 14.678000000000003 20.322500000000002 1.0000000180025095e-35 11.438000000000001 4.3930000000000016 13.348000000000001 0.59818091440591659 10.738000000000001 9.8285000000000018 19.508000000000006 0.95700000000000018 0.78298010367706283 0.1093682717844857
decision_type=2 2 2 2 2 2 2 2 2 2 2 2 2 2
left_child=1 4 -2 -3 5 11 10 8 9 -7 -6 12 -1 -8
right_child=2 3 -4 -5 6 7 13 -9 -10 -11 -12 -13 -14 -15
leaf_value=0.003309858608931382 0.030289719844811675 -0.0032867814655198838 0.00028107151159131871 -0.0074692393771386622 0.019925746338717756 -0.011616209428244928 -0.0018376651961189928 -0.015393814176680704 -0.0087247204034952511 0.011302695318621006 0.0033493949546172402 0.0093598747821403705 -0.012175718199236974 0.0037943149658338409
leaf_weight=84 44 91 889 78 65 85 232 41 44 52 76 41 64 66
leaf_count=84 44 91 889 78 65 85 232 41 44 52 76 41 64 66
internal_value=0 -0.00122669 0.00133976 -0.00857988 0.000235294 -0.00255474 0.00284738 -0.00810811 -0.00469613 -0.000364964 0.0102837 0.00396825 0.000675676 -0.000671141
internal_weight=1952 1019 933 169 850 411 439 222 181 137 141 189 148 298
internal_count=1952 1019 933 169 850 411 439 222 181 137 141 189 148 298
is_linear=0
shrinkage=0.05


Tree=93
num_leaves=15
num_cat=0
split_feature=2 3 2 2 4 0 0 1 0 4 0 2 1 1
split_gain=1.69934 2.74959 1.70309 5.89077 5.73186 3.66984 2.3879 2.22622 2.90749 2.22021 6.80049 4.28073 4.78517 4.26234
threshold=-0.98870105003072151 15.618500000000003 -0.49501433321452953 -0.44188884388187749 19.141500000000004 22.567500000000003 23.176000000000005 -0.45206801762443455 10.924000000000001 9.9405000000000019 17.511000000000006 0.92284787786233202 0.88134550114954158 0.95236875646279973
decision_type=2 2 2 2 2 2 2 2 2 2 2 2 2 2
left_child=1 -1 4 -4 6 7 -2 -5 -9 -10 11 12 -11 -14
right_child=2 -3 3 5 -6 -7 -8 8 9 10 -12 -13 13 -15
leaf_value=-0.0034954690733083327 0.00013184895353370656 0.0013538547972040127 -0.021285794527211934 0.0024255839272163851 0.016507254799230982 -0.030583489768032712 0.017539166434711501 0.0079901746056634474 -0.003459625148608772 -0.01516101082031558 0.018664599994928179 0.0038054976645803319 0.0066666372478191849 -0.0029170127151832686
leaf_weight=62 502 45 42 401 46 56 45 83 306 61 40 77 64 122
leaf_count=62 502 45 42 401 46 56 45 83 306 61 40 77 64 122
internal_value=5.12295e-05 -0.00607477 0.000406504 -0.000638978 0.00261383 0 0.0011883 0.000606586 -0.000996016 -0.00208955 0.000549451 -0.00185185 -0.00506073 -0.00107527
internal_weight=1952 107 1845 1252 593 1210 547 1154 753 670 364 324 247 186
internal_count=1952 107 1845 1252 593 1210 547 1154 753 670 364 324 247 186
is_linear=0
shrinkage=0.05


Tree=94
num_leaves=15
num_cat=0
split_feature=2 3 0 0 2 3 0 0 1 3 3 1 1 3
split_gain=1.64297 2.74959 1.27885 4.79097 4.58839 4.30662 3.5658 2.97686 2.58463 2.03552 2.36842 1.91976 1.60396 2.54439
threshold=-0.98870105003072151 15.618500000000003 19.481500000000004 19.195500000000006 0.1093682717844857 0.95700000000000018 18.703000000000007 18.147000000000002 -0.99273952934267318 25.499500000000001 16.802000000000003 -0.45206801762443455 -0.74981945761428193 12.654500000000001
decision_type=2 2 2 2 2 2 2 2 2 2 2 2 2 2
left_child=1 -1 3 6 5 -4 7 11 -7 10 -10 12 -2 -14
right_child=2 -3 4 -5 -6 8 -8 -9 9 -11 -12 -13 13 -15
leaf_value=-0.0033206956196429219 0.00014501147150274287 0.0012861620573438094 0.015085666047868979 0.022794964548672959 -0.015079765606757707 -0.041174551650055791 -0.005354422980819778 0.0087706018466725318 0.00016780389228554794 0.0055955938008179114 -0.014894454633316024 -0.00021281448707307916 0.00069817896378438827 0.01164102188599106
leaf_weight=62 101 45 43 48 69 41 75 81 239 79 90 878 42 59
leaf_count=62 101 45 43 48 69 41 75 81 239 79 90 878 42 59
internal_value=-5.12295e-05 -0.00607477 0.000298103 0.00116822 -0.0016934 0 0.000566343 0.00124892 -0.00144766 -0.000245098 -0.00197568 0.000555556 0.0049505 0.00940594
internal_weight=1952 107 1845 1284 561 492 1236 1161 449 408 329 1080 202 101
internal_count=1952 107 1845 1284 561 492 1236 1161 449 408 329 1080 202 101
is_linear=0
shrinkage=0.05


Tree=95
num_leaves=15
num_cat=0
split_feature=0 2 4 4 3 1 2 1 1 1 0 1 0 2
split_gain=1.23599 4.53109 2.90565 7.23637 4.36889 1.33796 2.13056 1.49985 1.6853 1.44362 1.26253 1.12812 1.44877 3.04242
threshold=20.959500000000002 -0.079425928728534406 10.780000000000003 12.328000000000001 13.0265 -0.97505550290239429 0.0064435096891653281 -0.94130860066615807 -0.89391031859722847 0.99762106698677389 20.663500000000003 0.9914183690647782 14.856000000000002 0.46866798009266125
decision_type=2 2 2 2 2 2 2 2 2 2 2 2 2 2
left_child=5 2 -2 -4 -5 6 -1 -7 -9 10 11 12 13 -10
right_child=1 -3 3 4 -6 7 -8 8 9 -11 -12 -13 -14 -15
leaf_value=0.039808480202779509 0.010882793342176523 -0.021557967224607646 -0.016097078818931587 -0.0053862459381586979 0.0046500835813611868 -0.0093799729009074947 -0.00026066950041723629 0.010988299808841702 0.009016744043447128 0.0041648745180941889 0.0088127559901691101 -0.002413473213094475 -0.00055039542474869527 -7.723292200028723e-05
leaf_weight=40 89 58 78 47 69 46 41 45 126 44 41 41 819 368
leaf_count=40 89 58 78 47 69 46 41 45 126 44 41 41 819 368
internal_value=-5.12295e-05 -0.00278592 -0.000176678 -0.00360825 0.00431034 0.000527623 0.00679012 0.000196078 0.000471698 0.000173732 -0.000107527 -0.000369276 -0.000114242 0.00202429
internal_weight=1952 341 283 194 116 1611 81 1530 1484 1439 1395 1354 1313 494
internal_count=1952 341 283 194 116 1611 81 1530 1484 1439 1395 1354 1313 494
is_linear=0
shrinkage=0.05


Tree=96
num_leaves=15
num_cat=0
split_feature=0 1 0 4 2 0 0 2 1 1 3 1 0 2
split_gain=1.57412 3.13482 3.18265 3.8994 1.54857 2.34017 2.29495 4.14284 1.54266 1.19206 2.41802 2.02462 1.23023 1.12358
threshold=24.661500000000004 -0.99628894895067444 22.121500000000001 12.122500000000002 -0.9796624227284948 20.059500000000003 21.096500000000002 -0.53190322474958196 0.99762106698677389 0.96230016621822489 53.39350000000001 0.94130860066615818 20.686500000000006 -0.49501433321452953
decision_type=2 2 2 2 2 2 2 2 2 2 2 2 2 2
left_child=1 -1 4 -4 5 -3 8 -8 9 11 -11 12 13 -6
right_child=-2 2 3 -5 6 -7 7 -9 -10 10 -12 -13 -14 -15
leaf_value=0.021156340036433099 0.0093009391374672453 0.00012133055902584373 -0.02628055722638702 0.00043806081736637585 0.0010638685879556466 -0.015557911057146002 0.01647579590552363 -0.0022798653926458744 0.0039566307921894781 -0.0024105045429087531 0.0015971156824462812 0.0046850381557067 -0.0060205770737191706 -0.00021523362988241647
leaf_weight=41 42 65 73 56 365 52 71 50 44 72 59 41 50 871
leaf_count=41 42 65 73 56 365 52 71 50 44 72 59 41 50 871
internal_value=-5.12295e-05 -0.00026178 -0.000561798 -0.00813953 0 -0.00555556 0.000400493 0.00702479 -0.000133156 -0.000411523 -0.00496183 3.7679e-05 -0.000311042 0
internal_weight=1952 1910 1869 129 1740 117 1623 121 1502 1458 131 1327 1286 1236
internal_count=1952 1910 1869 129 1740 117 1623 121 1502 1458 131 1327 1286 1236
is_linear=0
shrinkage=0.05


Tree=97
num_leaves=15
num_cat=0
split_feature=2 0 4 2 1 1 4 1 1 1 0 4 3 3
split_gain=0.921085 3.91805 3.1623 2.55329 3.91595 2.54125 4.54575 4.51436 2.28291 2.27849 3.91808 3.46987 2.77902 5.61875
threshold=0.057982974307775707 19.558500000000006 8.7375000000000025 0.15855938510313469 0.94362518608704116 0.48941038753127741 6.0075000000000012 0.63137065367936085 0.3491821996099142 0.1328271176880281 19.653500000000005 16.099500000000003 55.517500000000005 25.499500000000001
decision_type=2 2 2 2 2 2 2 2 2 2 2 2 2 2
left_child=2 3 -1 -2 5 8 -7 -8 -5 11 -11 12 13 -4
right_child=1 -3 9 4 -6 6 7 -9 -10 10 -12 -13 -14 -15
leaf_value=0.008835892180593885 -0.0023537477187566529 -0.011669420412665821 -0.00054039268168790122 0.00019311463130155528 0.0034651848914651674 0.0055369756404655412 -0.012994993351107431 -0.0034097577811824185 0.016938892444826253 0.00030554765844036937 0.030332047446071122 -0.018334627160690394 -0.0059288219057735238 0.018541525406314676
leaf_weight=56 40 81 371 466 43 40 41 124 45 423 76 53 52 41
leaf_count=56 40 81 371 466 43 40 41 124 45 423 76 53 52 41
internal_value=-5.12295e-05 -0.00125 0.000932836 -0.000187735 0.000461133 -0.000418994 -0.00512195 -0.00878788 0.00146771 0.000295276 0.00270541 -0.00203095 -0.000646552 0.000728155
internal_weight=1952 880 1072 799 759 716 205 165 511 1016 499 517 464 412
internal_count=1952 880 1072 799 759 716 205 165 511 1016 499 517 464 412
is_linear=0
shrinkage=0.05


Tree=98
num_leaves=15
num_cat=0
split_feature=2 2 3 3 2 2 3 2 3 1 1 4 2 4
split_gain=1.05761 3.66774 1.32407 2.79709 2.10889 3.49271 2.63003 9.59342 6.23024 6.40287 4.83204 2.96112 2.10056 3.42537
threshold=-0.98870105003072151 -0.99791438307893243 4.1335000000000006 2.6780000000000004 -0.96356381914947564 -0.94418750883419933 12.177500000000002 0.74475763103476778 8.0950000000000006 -0.7721494341254892 -0.88606241628642823 12.802500000000002 -0.58882848911713703 14.043500000000002
decision_type=2 2 2 2 2 2 2 2 2 2 2 2 2 2
left_child=1 -1 3 12 -4 -6 7 8 10 -10 -7 -12 -2 -14
right_child=2 -3 4 -5 5 6 -8 -9 9 -11 11 -13 13 -15
leaf_value=0.0041193357966310407 0.016786577181518218 -0.015359523310595664 0.01909274965459078 0.010365972296744914 -0.016354418897850533 0.023265387739793565 0.00021298242919947087 -0.025248149902554362 -0.025496199835930988 -0.00019779736999897893 -0.0044451001698311296 0.0096146561486503256 0.0005021709044996306 -0.0064694002511753836
leaf_weight=47 48 60 71 52 43 43 1060 40 57 80 59 51 188 53
leaf_count=47 48 60 71 52 43 43 1060 40 57 80 59 51 188 53
internal_value=-0.000307377 -0.00514019 -2.71003e-05 0.00278592 -0.000664894 -0.00108165 -0.000647482 -0.00454545 -0.00137931 -0.00912409 0.00555556 0 0.000865052 -0.00103734
internal_weight=1952 107 1845 341 1504 1433 1390 330 290 137 153 110 289 241
internal_count=1952 107 1845 341 1504 1433 1390 330 290 137 153 110 289 241
is_linear=0
shrinkage=0.05


Tree=99
num_leaves=15
num_cat=0
split_feature=0 4 3 2 4 1 4 1 0 2 4 3 0 0
split_gain=1.1265 2.99387 0.974769 3.68826 4.06511 3.14852 3.95873 2.93499 4.71078 2.67169 5.15451 2.56258 3.32591 2.44204
threshold=10.924000000000001 14.748000000000001 98.322500000000005 0.72731766296277522 8.209500000000002 0.90635803794155378 12.741000000000001 -0.27609441636666104 13.579500000000001 0.76110425866077447 6.9370000000000003 71.388000000000019 15.412500000000003 17.987500000000001
decision_type=2 2 2 2 2 2 2 2 2 2 2 2 2 2
left_child=1 -1 9 4 -4 6 -6 -5 -9 10 13 12 -11 -2
right_child=2 -3 3 7 5 -7 -8 8 -10 11 -12 -13 -14 -15
leaf_value=0.011778569555020636 0.017287077506399684 -0.0025855430458009369 -0.030067600978731415 0.017281840395188857 0.00040376951640619943 0.0025010180410493734 -0.0094203212331763 0.0058002122434631905 -0.011461837628861578 0.00065966430347854656 0.00017139672347072366 -0.015415078758147084 -0.015158290964979049 0.0021574523025710882
leaf_weight=43 45 45 44 40 49 53 43 48 54 123 1211 41 69 44
leaf_count=43 45 45 44 40 49 53 43 48 54 123 1211 41 69 44
internal_value=0.000153689 0.00568182 -0.000107296 -0.00256798 -0.00714286 -0.00310345 -0.00869565 0.00352113 -0.000980392 0.000424005 0.00130769 -0.00450644 -0.00208333 0.0129213
internal_weight=1952 88 1864 331 189 145 92 142 102 1533 1300 233 192 89
internal_count=1952 88 1864 331 189 145 92 142 102 1533 1300 233 192 89
is_linear=0
shrinkage=0.05


Tree=100
num_leaves=15
num_cat=0
split_feature=2 2 4 4 4 2 2 4 3 4 3 1 1 3
split_gain=1.56632 2.10751 2.68831 4.56433 2.26102 2.3043 1.66658 8.36901 2.37727 5.99752 2.20057 4.61354 3.5375 4.02606
threshold=0.99055824379501012 0.94713111268739625 5.2605000000000013 4.2705000000000011 6.0075000000000012 0.90176596055897751 0.78298010367706283 7.7425000000000006 0.36100000000000004 13.795500000000002 19.232500000000005 0.95236875646279973 0.5043284533698108 4.7700000000000005
decision_type=2 2 2 2 2 2 2 2 2 2 2 2 2 2
left_child=1 2 3 -1 -4 6 8 -8 9 -6 11 12 13 -10
right_child=-2 -3 4 -5 5 -7 7 -9 10 -11 -12 -13 -14 -15
leaf_value=-0.0079787161754716895 0.0039449760242562864 -0.004965142699084369 -0.0088982633432487471 0.003746311141176606 0.016262076654193554 0.023756819205326008 0.0077235373897445395 -0.01668702736784216 -0.017102995626270639 -0.0044044008374334535 0.00070749298300091786 -0.0081520722620290528 0.0026464520413661211 -0.00065315619715582834
leaf_weight=43 77 109 44 51 69 53 41 60 65 56 638 68 145 433
leaf_count=43 77 109 44 51 69 53 41 60 65 56 638 68 145 433
internal_value=0.000153689 -0.000133333 0.000283126 0.00851064 -0.000179426 0.00012285 -0.000222222 -0.00643564 0.000203528 0.0068 -0.000407709 -0.00232068 -0.00101089 -0.00301205
internal_weight=1952 1875 1766 94 1672 1628 1575 101 1474 125 1349 711 643 498
internal_count=1952 1875 1766 94 1672 1628 1575 101 1474 125 1349 711 643 498
is_linear=0
shrinkage=0.05


Tree=101
num_leaves=15
num_cat=0
split_feature=0 4 1 3 3 4 1 0 3 0 2 1 4 4
split_gain=1.56259 2.31609 1.24241 6.80003 4.14275 1.94362 2.41609 2.23228 6.56306 7.2804 3.9659 5.67766 3.06962 3.82488
threshold=10.924000000000001 14.748000000000001 0.96230016621822489 53.39350000000001 6.2820000000000009 12.462000000000002 -0.93535928755917819 19.508000000000006 43.620500000000007 20.188500000000001 0.12643880951666986 0.47434769705567625 6.5385000000000009 4.7805000000000009
decision_type=2 2 2 2 2 2 2 2 2 2 2 2 2 2
left_child=1 -1 5 4 -4 7 -7 10 9 -9 11 -2 13 -12
right_child=2 -3 3 -5 -6 6 -8 8 -10 -11 12 -13 -14 -15
leaf_value=0.011597244690371057 0.034503639004849686 -0.0016219145251187839 -0.00014984218761291066 0.0031208509742294277 -0.014705722016695903 0.016282714744748013 0.00042943228709180773 -0.015319168787601112 -0.021304222629755249 0.0011927639940088755 -0.0063441425529394031 3.2114654580689407e-05 -0.0033053225880769811 0.0029851664244909593
leaf_weight=43 42 45 48 75 51 58 719 41 59 250 79 62 277 103
leaf_count=43 42 45 48 75 51 58 719 41 59 250 79 62 277 103
internal_value=0.000307377 0.00681818 0 -0.00402299 -0.0126263 0.000414201 0.00225225 -0.00115005 -0.00428571 -0.00120275 0.00079929 0.00961538 -0.00119826 0.00384615
internal_weight=1952 88 1864 174 99 1690 777 913 350 291 563 104 459 182
internal_count=1952 88 1864 174 99 1690 777 913 350 291 563 104 459 182
is_linear=0
shrinkage=0.05


Tree=102
num_leaves=15
num_cat=0
split_feature=3 3 4 1 1 1 2 4 1 4 2 2 0 3
split_gain=1.2937 4.40864 4.27271 2.24295 3.713 5.09417 3.96178 1.53337 3.53634 2.63481 2.10505 3.78643 2.97107 5.25382
threshold=99.055500000000009 93.553000000000011 22.568000000000001 -0.65189295912203338 0.48941038753127741 0.89706552114483107 0.92933244589178743 21.126500000000004 0.86958133671945947 19.141500000000004 0.78298010367706283 0.64624608728844402 14.341500000000002 4.6480000000000006
decision_type=2 2 2 2 2 2 2 2 2 2 2 2 2 2
left_child=1 7 3 -2 6 -6 -5 9 -9 10 11 -1 13 -12
right_child=2 -3 -4 4 5 -7 -8 8 -10 -11 12 -13 -14 -15
leaf_value=0.00034848829626096535 -0.015183627906112615 0.0065865193735676706 0.012386630604186178 0.011579299705433189 -0.011163780449892968 0.0011678302630351947 -0.0026065018701276533 0.00020063051298750413 -0.0078507488297961617 0.0088278927092717233 0.01903241332489506 0.018791085925215931 -0.012043627605771073 -0.0051432048969763111
leaf_weight=1103 55 80 47 55 61 60 68 80 42 41 41 51 105 63
leaf_count=1103 55 80 47 55 61 60 68 80 42 41 41 51 105 63
internal_value=0.000461066 0.00105853 -0.00231214 -0.00451505 -0.00245902 -0.00867769 0.00365854 0.000458716 -0.00491803 0.000925926 0.000550257 0.00138648 -0.00406699 0.00192308
internal_weight=1952 1606 346 299 244 121 123 1526 122 1404 1363 1154 209 104
internal_count=1952 1606 346 299 244 121 123 1526 122 1404 1363 1154 209 104
is_linear=0
shrinkage=0.05


Tree=103
num_leaves=15
num_cat=0
split_feature=2 2 0 4 4 4 2 3 3 3 2 4 4 3
split_gain=1.05761 3.84115 2.25431 1.91121 3.79086 2.38355 2.16834 1.73996 4.64747 6.93356 3.8716 2.62881 2.53962 2.4769
threshold=0.98217423127542058 0.94713111268739625 13.439500000000002 5.2605000000000013 4.2705000000000011 6.0075000000000012 0.90176596055897751 99.994000000000014 82.197500000000005 66.058500000000009 -0.13301470653419609 12.365500000000003 19.763500000000004 30.303000000000001
decision_type=2 2 2 2 2 2 2 2 2 2 2 2 2 2
left_child=1 3 -2 4 -1 -5 7 8 9 13 -10 -12 -9 -7
right_child=2 -3 -4 5 -6 6 -8 12 10 -11 11 -13 -14 -15
leaf_value=-0.0071322481455447619 -0.00025663419236864884 -0.0090045337046331438 0.010199965004092924 -0.0077029952882169406 0.0033855286205932535 -0.000219473351698124 0.021928175100495807 -0.0070889780188827913 -3.2220055177096568e-05 -0.016412887291496904 0.018937396229424041 0.0095110998739466671 0.0021261584279836277 0.0026517635987702405
leaf_weight=43 56 79 51 44 51 1023 53 127 72 58 46 44 45 160
leaf_count=43 56 79 51 44 51 1023 53 127 72 58 46 44 45 160
internal_value=0.000307377 2.71003e-05 0.00514019 0.000509626 0.00744681 0.000119617 0.000429975 9.52381e-05 0.00067712 -0.000362611 0.00864198 0.0155556 -0.00465116 0.00046492
internal_weight=1952 1845 107 1766 94 1672 1628 1575 1403 1241 162 90 172 1183
internal_count=1952 1845 107 1766 94 1672 1628 1575 1403 1241 162 90 172 1183
is_linear=0
shrinkage=0.05


Tree=104
num_leaves=15
num_cat=0
split_feature=0 0 4 4 1 4 4 2 2 2 4 4 1 0
split_gain=1.58538 3.30917 3.19378 3.27055 3.50268 1.73246 3.68318 1.45437 2.75675 2.74062 3.57347 3.5311 2.68519 3.36197
threshold=13.057000000000002 12.457500000000001 9.2875000000000032 23.900500000000005 0.64460769028158504 4.7805000000000009 5.6070000000000002 0.98217423127542058 0.56424300735932609 0.29426351849031901 13.570000000000002 8.9025000000000016 0.48941038753127741 14.856000000000002
decision_type=2 2 2 2 2 2 2 2 2 2 2 2 2 2
left_child=1 2 -1 4 -4 -2 -7 8 9 -8 11 -11 13 -10
right_child=5 -3 3 -5 -6 6 7 -9 12 10 -12 -13 -14 -15
leaf_value=0.0030170647875424339 -0.012782504088608683 0.011327666547903998 -0.011690184249054787 0.0063687576516560764 2.7313463869771405e-05 0.0041035534843872762 -6.5737035662837007e-05 0.0068170440904963634 0.0011104454941847726 0.010831927079467622 0.011001995112897988 -0.015631807847538794 -0.014344338653535727 -0.010863528373514389
leaf_weight=63 73 64 47 41 49 45 1143 46 83 40 40 43 59 116
leaf_count=63 73 64 47 41 49 45 1143 46 83 40 40 43 59 116
internal_value=0.000563525 0.00416667 0.001 -0.00328467 -0.00833333 0 0.000340557 -6.36943e-05 -0.000328084 0.000631912 0.00772358 0.00180723 -0.00503876 -0.00226131
internal_weight=1952 264 200 137 96 1688 1615 1570 1524 1266 123 83 258 199
internal_count=1952 264 200 137 96 1688 1615 1570 1524 1266 123 83 258 199
is_linear=0
shrinkage=0.05


Tree=105
num_leaves=15
num_cat=0
split_feature=1 1 3 0 1 1 2 1 0 2 4 3 3 3
split_gain=1.25183 1.62788 2.01265 1.06566 2.1284 4.53619 2.44783 3.17717 4.64742 2.02154 2.81637 2.54771 6.4079 3.30147
threshold=0.99762106698677389 0.96230016621822489 53.39350000000001 14.820500000000001 -0.24284747324344283 -0.051549210996800328 0.46866798009266125 0.71989675514303919 11.630500000000001 0.67844406397199097 7.6180000000000012 54.433500000000002 30.303000000000001 82.197500000000005
decision_type=2 2 2 2 2 2 2 2 2 2 2 2 2 2
left_child=1 3 -3 4 -1 -6 -7 8 -8 10 -5 12 -12 -13
right_child=-2 2 -4 9 5 6 7 -9 -10 -11 11 13 -14 -15
leaf_value=0.0067063274569429052 0.00083443538535262504 -0.0027215622179544217 0.0012025228780846908 0.0074646019904060336 -0.01183153167203304 0.0094831971919799203 0.018502666796470692 -0.0078956880796753511 -0.002142531689162991 -0.004001886128655297 -0.00019348626103808805 -0.018030584739360513 0.010787145383106012 -0.00058510727727334455
leaf_weight=98 48 76 62 97 40 83 48 51 130 174 786 53 79 127
leaf_count=98 48 76 62 97 40 83 48 51 130 174 786 53 79 127
internal_value=0.000358607 0.000157563 -0.00507246 0.000566251 0.00266667 0.000852273 0.00288462 0.000218341 0.00337079 -0.000151976 0.00061296 -0.000143541 0.000982659 -0.00555556
internal_weight=1952 1904 138 1766 450 352 312 229 178 1316 1142 1045 865 180
internal_count=1952 1904 138 1766 450 352 312 229 178 1316 1142 1045 865 180
is_linear=0
shrinkage=0.05


Tree=106
num_leaves=15
num_cat=0
split_feature=4 2 2 0 4 4 4 2 0 4 3 3 3 4
split_gain=0.956871 1.14171 2.43998 2.07055 1.69382 3.08915 2.12712 2.07965 2.3232 2.45471 1.65927 5.5082 6.29557 5.26762
threshold=31.957500000000003 0.98805528087738748 0.94713111268739625 13.219000000000003 5.2605000000000013 4.2705000000000011 6.0075000000000012 0.90176596055897751 12.457500000000001 13.382000000000001 99.994000000000014 82.197500000000005 66.058500000000009 21.126500000000004
decision_type=2 2 2 2 2 2 2 2 2 2 2 2 2 2
left_child=1 2 4 -3 5 -1 -6 8 9 -8 11 12 13 -10
right_child=-2 3 -4 -5 6 -7 7 -9 10 -11 -12 -13 -14 -15
leaf_value=-0.0072618053504918019 0.0024435450851896939 -0.00056920359137311585 -0.0039368649370750634 0.007995614331776613 -0.0072354140481216914 0.0035251457106476093 -0.0067730493752262786 0.018833557303291667 0.00038727509085851496 -0.00020607185995761835 -0.0027615515348891535 0.012950503680979636 -0.016327738236602496 -0.0071954880875994727
leaf_weight=43 40 42 96 41 44 51 40 52 1060 62 128 144 50 59
leaf_count=43 40 42 96 41 44 51 40 52 1060 62 128 144 50 59
internal_value=-0.000153689 -0.000313808 -0.000574084 0.00542169 -0.000144259 0.00638298 -0.000518609 -0.000219436 -0.000550875 -0.00784314 -3.46981e-05 0.00049505 -0.000641574 0.000134048
internal_weight=1952 1912 1829 83 1733 94 1639 1595 1543 102 1441 1313 1169 1119
internal_count=1952 1912 1829 83 1733 94 1639 1595 1543 102 1441 1313 1169 1119
is_linear=0
shrinkage=0.05


Tree=107
num_leaves=15
num_cat=0
split_feature=4 2 0 3 4 4 0 1 4 0 3 2 3 3
split_gain=1.03808 3.4721 3.94753 2.94596 1.90622 3.05309 3.01611 2.16 1.75972 2.0519 1.73613 1.9386 1.69855 4.70971
threshold=7.5365000000000011 0.92933244589178743 18.853000000000005 35.648500000000006 9.0640000000000018 9.3395000000000028 19.195500000000006 -0.17552986495351994 9.8285000000000018 23.675000000000004 99.055500000000009 0.70329649815198148 14.522500000000003 15.618500000000003
decision_type=2 2 2 2 2 2 2 2 2 2 2 2 2 2
left_child=1 2 10 -3 6 -6 7 -2 -7 12 11 -1 -10 -14
right_child=4 3 -4 -5 5 8 -8 -9 9 -11 -12 -13 13 -15
leaf_value=0.01588531622175663 -0.018566418042635143 -0.013576253177920506 -0.0075919537693643346 0.0021747489790358457 0.0057680348636385938 -0.013288218689583426 0.0062883113569766405 -0.0014102257199891221 0.00066698781651167724 0.053493105343979976 0.00095815457999235689 0.0046994653744381505 -0.014740424325681789 -0.00023026448370156994
leaf_weight=58 40 41 59 56 41 65 52 60 525 41 67 74 46 727
leaf_count=58 40 41 59 56 41 65 52 60 525 41 67 74 46 727
internal_value=-5.12295e-05 0.00239437 0.00542636 -0.0056701 -0.000594865 -3.46021e-05 -0.00592105 -0.011 -0.00042735 -3.73413e-05 0.00879397 0.0121212 -0.000385208 -0.00187581
internal_weight=1952 355 258 97 1597 1445 152 100 1404 1339 199 132 1298 773
internal_count=1952 355 258 97 1597 1445 152 100 1404 1339 199 132 1298 773
is_linear=0
shrinkage=0.05


Tree=108
num_leaves=15
num_cat=0
split_feature=0 1 1 3 1 0 0 3 4 4 2 4 3 1
split_gain=0.860496 2.52658 4.49372 1.76844 1.29503 2.98369 2.68936 2.9409 2.41474 3.01363 3.55971 5.11128 1.9311 2.22937
threshold=22.121500000000001 -0.18374257558138074 -0.70252096857941237 8.0240000000000009 -0.46296662190318316 21.539000000000005 20.350000000000005 14.096500000000001 17.189000000000004 12.462000000000002 0.12643880951666986 9.6325000000000021 88.850500000000025 -0.7266007961912001
decision_type=2 2 2 2 2 2 2 2 2 2 2 2 2 2
left_child=4 2 3 -2 5 6 8 -8 9 10 -1 12 13 -12
right_child=1 -3 -4 -5 -6 -7 7 -9 -10 -11 11 -13 -14 -15
leaf_value=0.024459792073796921 0.0069072516861948541 0.0064308089207788383 -0.013104052709821163 -0.023275163718455949 -0.00013926684048212458 0.013694339837152771 0.0011189245852948448 -0.015185680506114546 -0.0043417852283622483 0.015920671708980098 -0.0020361533706457881 -0.021756561056970779 0.015866103921119836 0.0070089415043825074
leaf_weight=52 44 40 46 51 1259 45 53 60 47 74 42 42 49 48
leaf_count=52 44 40 46 51 1259 45 53 60 47 74 42 42 49 48
internal_value=-0.000307377 -0.00359116 -0.00673759 -0.000526316 2.82326e-05 0.00214844 0.000963597 -0.00575221 0.00310734 0.00472313 0.00193133 -0.00138122 0.00323741 -0.00111111
internal_weight=1952 181 141 95 1771 512 467 113 354 307 233 181 139 90
internal_count=1952 181 141 95 1771 512 467 113 354 307 233 181 139 90
is_linear=0
shrinkage=0.05


Tree=109
num_leaves=15
num_cat=0
split_feature=3 3 2 4 0 4 3 1 3 2 3 0 0 2
split_gain=1.18519 2.67423 1.68943 6.28106 3.39798 1.81722 1.67412 5.06825 4.33498 4.17177 5.00623 3.27285 6.71226 4.23443
threshold=4.1335000000000006 2.8200000000000003 0.21113058295073206 13.795500000000002 16.969500000000004 9.105500000000001 19.232500000000005 0.96230016621822489 20.322500000000002 0.82438889030848939 8.5370000000000008 17.828500000000002 18.944000000000006 -0.82681243101696389
decision_type=2 2 2 2 2 2 2 2 2 2 2 2 2 2
left_child=1 2 3 -1 5 -4 7 9 -8 10 -2 -12 -13 -14
right_child=6 -3 4 -5 -6 -7 8 -9 -10 -11 11 12 13 -15
leaf_value=0.013610977542790312 0.0043847492044488011 0.0070928568291013135 -0.0032526886011351231 -0.0030015968237630864 -0.012331481194605988 0.0043490618954617477 0.028090963961758676 -0.015609107495394301 -2.2785877127673436e-06 -0.018242435542649909 0.0066098202448444422 -0.014827623161460458 0.0012137744451327871 -0.010169503424597895
leaf_weight=58 161 49 69 77 45 51 44 50 889 42 57 50 176 134
leaf_count=58 161 49 69 77 45 51 44 50 889 42 57 50 176 134
internal_value=-0.000204918 0.00243553 0.000666667 0.00481481 -0.00272727 0.00166667 -0.000779788 -0.00268657 0.000589496 -0.00145161 -0.000346021 -0.00323741 -0.005 -0.00225806
internal_weight=1952 349 300 135 165 120 1603 670 933 620 578 417 360 310
internal_count=1952 349 300 135 165 120 1603 670 933 620 578 417 360 310
is_linear=0
shrinkage=0.05


Tree=110
num_leaves=15
num_cat=0
split_feature=1 3 2 4 1 0 0 2 4 1 2 2 2 4
split_gain=1.30055 1.17643 3.59282 3.81762 3.59867 4.68441 2.88286 2.22351 2.16941 2.29121 1.90758 2.08278 1.77844 3.98817
threshold=0.99762106698677389 99.055500000000009 0.81502833751681136 9.541500000000001 0.41274032740354816 14.137500000000001 11.176 0.78298010367706283 7.6180000000000012 -0.80392051724781044 0.92933244589178743 0.98526033472108498 0.50618570606421198 9.8285000000000018
decision_type=2 2 2 2 2 2 2 2 2 2 2 2 2 2
left_child=1 6 3 -3 -5 -6 -1 8 9 -8 -4 -12 13 -10
right_child=-2 2 10 4 5 -7 7 -9 12 -11 11 -13 -14 -15
leaf_value=0.0077368352913751159 0.00056068205437011524 -0.0088955315889999356 0.01533360040010095 -0.0078039092340610131 -0.0048787219567512537 0.0065288342868932842 0.015185088546991877 -0.0032606716719413929 -0.01150612483798176 0.00016150269631470815 -0.003643238955929412 0.0052024301577331322 0.0049690923286140835 0.00021129550621201248
leaf_weight=55 48 66 45 51 43 48 47 228 132 77 41 40 67 964
leaf_count=55 48 66 45 51 43 48 47 228 132 77 41 40 67 964
internal_value=0.000204918 0 -0.00269461 -0.00673077 -0.00211268 0.00384615 0.000573248 0.000165017 0.000971251 0.00725806 0.00396825 -0.000617284 0.000300946 -0.000182482
internal_weight=1952 1904 334 208 142 91 1570 1515 1287 124 126 81 1163 1096
internal_count=1952 1904 334 208 142 91 1570 1515 1287 124 126 81 1163 1096
is_linear=0
shrinkage=0.05


Tree=111
num_leaves=15
num_cat=0
split_feature=0 4 0 4 4 2 2 2 2 4 4 4 1 3
split_gain=1.63078 2.73845 3.32507 2.62486 2.17 1.58219 1.74542 1.9359 4.76723 4.16095 2.91177 2.83434 2.62794 4.77731
threshold=13.057000000000002 8.3815000000000008 12.457500000000001 23.900500000000005 14.292500000000002 0.99055824379501012 0.56424300735932609 0.29426351849031901 0.21113058295073206 7.8265000000000002 13.570000000000002 8.9025000000000016 0.23416947364604893 85.743500000000012
decision_type=2 2 2 2 2 2 2 2 2 2 2 2 2 2
left_child=1 -1 3 4 -3 6 7 8 9 -2 11 -9 13 -11
right_child=5 2 -4 -5 -6 -7 -8 10 -10 12 -12 -13 -14 -15
leaf_value=0.011053693423858181 0.0093371715714408877 -0.00010192438125740771 0.0075420039925003851 0.0060418998629816817 -0.01071637635191814 0.008491861903746168 -0.0026747648111303812 0.0058905988804200506 -0.020542943261979502 -0.00038384163936317081 0.010065913269763398 -0.012382374900369945 0.00081637853339095736 -0.019788360547563378
leaf_weight=65 46 62 46 41 50 42 348 56 42 560 40 43 467 44
leaf_count=65 46 62 46 41 50 42 348 56 42 560 40 43 467 44
internal_value=0.000512295 0.00416667 0.00125628 -0.00228758 -0.00625 -5.92417e-05 -0.000303767 0.000539291 -0.000129422 0.00049239 0.00611511 0.00151515 -0.000140056 -0.00231788
internal_weight=1952 264 199 153 112 1688 1646 1298 1159 1117 139 99 1071 604
internal_count=1952 264 199 153 112 1688 1646 1298 1159 1117 139 99 1071 604
is_linear=0
shrinkage=0.05


Tree=112
num_leaves=15
num_cat=0
split_feature=0 1 4 4 0 1 0 0 1 4 0 4 2 3
split_gain=1.1079 2.35492 6.55926 5.42857 2.41259 2.89264 2.73883 4.21363 3.65086 4.77729 3.39349 3.12282 2.66638 2.15288
threshold=15.251000000000003 0.87518633148764147 9.9660000000000029 12.494000000000002 15.946500000000002 -0.42109697129093543 16.916500000000003 17.392000000000003 0.20061247795988868 12.413500000000001 19.253000000000004 16.275500000000005 0.61287127154566789 95.673500000000018
decision_type=2 2 2 2 2 2 2 2 2 2 2 2 2 2
left_child=-1 4 -3 -4 5 -2 11 -8 13 -10 -11 12 -6 -9
right_child=1 2 3 -5 6 -7 7 8 9 10 -12 -13 -14 -15
leaf_value=0.0011617770507673431 0.0014640824050680123 -0.022967890536043884 0.012431321001219481 -0.0034835950753848962 0.028018832705009912 -0.01077166397616562 -0.012735834430899982 -4.4173921018142441e-05 -0.0016569260269708886 0.001588498237471317 0.057036926502808366 -0.00044221132910877704 0.0011820487118003433 -0.012451068668785188
leaf_weight=606 40 44 42 72 40 52 64 657 84 74 43 43 49 42
leaf_count=606 40 44 42 72 40 52 64 657 84 74 43 43 49 42
internal_value=0.000204918 -0.000594354 -0.00632911 0 0.00016835 -0.0076087 0.000821168 -0.000103734 0.000777778 0.00671642 0.0132479 0.00757576 0.0129213 -0.0009299
internal_weight=1952 1346 158 114 1188 92 1096 964 900 201 117 132 89 699
internal_count=1952 1346 158 114 1188 92 1096 964 900 201 117 132 89 699
is_linear=0
shrinkage=0.05


Tree=113
num_leaves=15
num_cat=0
split_feature=0 4 2 2 4 4 0 4 1 0 0 1 0 0
split_gain=1.06474 1.69981 1.35033 5.19281 4.19937 3.47669 3.20171 3.54261 4.22668 3.13907 3.68556 3.59548 2.38871 3.58132
threshold=10.924000000000001 14.748000000000001 0.040813519545864409 0.15855938510313469 8.7375000000000025 27.308000000000003 12.457500000000001 12.528500000000001 0.017189842955271029 16.875000000000004 15.825000000000001 -0.54817103930762534 14.856000000000002 14.137500000000001
decision_type=2 2 2 2 2 2 2 2 2 2 2 2 2 2
left_child=1 -1 4 -4 -2 6 -5 9 -9 10 12 -11 13 -8
right_child=2 -3 3 5 -6 -7 7 8 -10 11 -12 -13 -14 -15
leaf_value=0.010335084451025668 0.0095643838258222535 -0.0016370885722418573 -0.0017588591084610223 -0.0074289868364440627 0.00014440681893755289 0.0034629637072899596 -0.0049945238274051174 0.012572607747611498 -0.00027360067963360659 -0.0007308952736078373 0.0070326602763995886 -0.035487049259985602 -0.010170280074819349 0.0051462075327500748
leaf_weight=43 54 45 68 81 1000 46 99 77 67 104 76 61 72 59
leaf_count=43 54 45 68 81 1000 46 99 77 67 104 76 61 72 59
internal_value=0.000307377 0.00568182 5.36481e-05 -0.00148148 0.0012334 -0.000269542 -0.00114943 8.13008e-05 0.00694444 -0.00201699 0.000980392 -0.00757576 -0.00217391 0.00126582
internal_weight=1952 88 1864 810 1054 742 696 615 144 471 306 165 230 158
internal_count=1952 88 1864 810 1054 742 696 615 144 471 306 165 230 158
is_linear=0
shrinkage=0.05


Tree=114
num_leaves=15
num_cat=0
split_feature=0 2 1 2 0 0 3 2 3 3 3 2 2 4
split_gain=1.24492 4.42512 3.75311 1.6832 3.19446 2.46842 5.04928 1.9032 1.41988 4.40383 3.51489 2.38376 3.03142 2.12219
threshold=22.121500000000001 -0.92449049203901279 -0.70252096857941237 -0.94849615754507433 21.539000000000005 20.545500000000004 13.0265 -0.91780143710280748 38.435500000000005 50.907500000000006 29.860500000000005 -0.86350450715563698 -0.79877937288636469 6.3995000000000006
decision_type=2 2 2 2 2 2 2 2 2 2 2 2 2 2
left_child=3 -2 -3 5 7 6 -1 -5 10 -10 11 -9 -13 -14
right_child=1 2 -4 4 -6 -7 -8 8 9 -11 -12 12 13 -15
leaf_value=0.011419247049883452 0.008599284848863506 -0.0012155506018401542 -0.030349635602578619 0.010207970461010877 0.0090674338959218729 -0.01980524235477412 -0.014507145799185628 -0.0037685786580158895 0.0068290452635425443 0.00036235950258671213 -0.0068333059989504237 0.017710096693127602 0.0057973093826794893 -0.00054302892579674025
leaf_weight=65 45 95 41 46 59 56 69 44 65 601 45 46 82 593
leaf_count=65 45 95 41 46 59 56 69 44 65 601 45 46 82 593
internal_value=0.000358607 -0.00359116 -0.00808824 0.000762281 0.00129665 -0.00368421 0 0.000854139 0.000542005 0.00225225 -0.000864198 -6.53595e-05 0.000624133 -0.000222222
internal_weight=1952 181 136 1771 1581 190 134 1522 1476 666 810 765 721 675
internal_count=1952 181 136 1771 1581 190 134 1522 1476 666 810 765 721 675
is_linear=0
shrinkage=0.05


Tree=115
num_leaves=15
num_cat=0
split_feature=0 2 4 4 3 2 0 4 4 1 4 4 4 4
split_gain=1.70093 3.31916 4.63808 6.0252 4.3388 1.70203 1.52881 1.11637 3.9022 2.2212 1.79327 2.53411 3.68208 4.68143
threshold=21.283500000000004 -0.16470888341644155 10.780000000000003 12.328000000000001 13.498500000000002 -0.99113067767854335 20.928500000000003 6.5385000000000009 4.7805000000000009 -0.20931270765420754 7.0135000000000014 7.5365000000000011 9.0640000000000018 9.6325000000000021
decision_type=2 2 2 2 2 2 2 2 2 2 2 2 2 2
left_child=5 2 -2 -4 -5 -1 7 8 -7 -10 -9 -12 -13 -14
right_child=1 -3 3 4 -6 6 -8 10 9 -11 11 12 13 -15
leaf_value=-0.0011215199651269582 0.014786630207653563 -0.015425934422878575 -0.022657434061007412 -0.0066734133845464672 0.020754605966996128 -0.0037185191651713471 0.0037048929656392617 -0.0013880181631734934 0.00090828244174169515 0.0038569226826242978 0.011543288627324547 -0.0062121147212420187 0.0065593335495380215 5.8760189314970018e-05
leaf_weight=72 68 68 64 42 55 89 45 60 57 65 54 122 57 1034
leaf_count=72 68 68 64 42 55 89 45 60 57 65 54 122 57 1034
internal_value=-5.12295e-05 -0.00353535 -0.000655022 -0.0052795 0.00257732 0.000574018 0.000915982 0.000650195 0.00402844 0.00983607 0.000113037 0.000513023 4.12201e-05 0.00096242
internal_weight=1952 297 229 161 97 1655 1583 1538 211 122 1327 1267 1213 1091
internal_count=1952 297 229 161 97 1655 1583 1538 211 122 1327 1267 1213 1091
is_linear=0
shrinkage=0.05


Tree=116
num_leaves=15
num_cat=0
split_feature=2 0 4 4 4 3 3 2 1 3 0 0 4 3
split_gain=1.29372 3.90349 1.0506 2.1629 4.35989 1.0695 4.42506 3.8329 3.71229 2.56823 4.36696 2.31922 2.99313 6.99513
threshold=-0.98870105003072151 19.653500000000005 3.6465000000000005 5.5080000000000009 4.7805000000000009 14.522500000000003 19.232500000000005 -0.6815963802609516 -0.2006124779598886 20.563500000000005 20.686500000000006 21.697500000000002 16.884000000000004 8.5370000000000008
decision_type=2 2 2 2 2 2 2 2 2 2 2 2 2 2
left_child=1 -1 -2 4 -4 7 8 11 -7 -8 -11 12 13 -5
right_child=2 -3 3 5 -6 6 9 -9 -10 10 -12 -13 -14 -15
leaf_value=-0.013804689193611422 -0.01380790915743263 0.00060168940565750182 -0.00076367925032073372 -0.034696569925973378 0.0034603774736442165 -0.003261453098803799 0.032895977719225013 -0.00031663419976574739 -0.0082845944259494365 0.0003413035179916313 -0.011809791410794119 0.028947158147012431 0.021216032016113565 0.010433873021071113
leaf_weight=40 40 67 56 41 48 78 45 539 70 693 82 41 44 68
leaf_count=40 40 67 56 41 48 78 45 539 70 693 82 41 44 68
internal_value=0.000204918 -0.00514019 0.000514905 0.000692521 0.00769231 0.00026455 -0.000826446 0.00170532 -0.00878378 0.000609756 -6.45161e-05 0.00773196 0.00490196 0.000458716
internal_weight=1952 107 1845 1805 104 1701 968 733 148 820 775 194 153 109
internal_count=1952 107 1845 1805 104 1701 968 733 148 820 775 194 153 109
is_linear=0
shrinkage=0.05


Tree=117
num_leaves=15
num_cat=0
split_feature=1 1 4 2 4 4 0 0 0 1 2 0 1 0
split_gain=1.18682 3.57169 1.96519 2.59046 4.41375 3.9171 1.87329 1.58141 1.70945 1.97214 1.68968 1.97395 3.85929 2.82593
threshold=-0.89391031859722847 -0.86095304316285715 7.6180000000000012 -0.11364489825015461 12.000000000000002 12.462000000000002 20.168500000000005 15.251000000000003 15.662500000000001 0.94917575150333644 -0.02793410925094832 14.604000000000001 -0.44380628866780414 11.630500000000001
decision_type=2 2 2 2 2 2 2 2 2 2 2 2 2 2
left_child=2 -2 -1 4 -4 6 -5 10 -9 -10 -3 12 -12 -14
right_child=1 7 3 5 -6 -7 -8 8 9 -11 11 -13 13 -15
leaf_value=0.016713790750645618 -0.01879269675799039 0.0040888639955733554 0.012284486506150754 -0.0030739431513797672 -0.015101761171313564 0.0057777365292753279 -0.034472678078027251 -0.01739714452905794 0.00010620159683070452 -0.003471198090383194 0.010130253607743823 0.0035482089664605979 0.0033839377590474591 -0.0021110512225464458
leaf_weight=41 40 109 57 42 40 50 40 59 889 94 53 68 114 256
leaf_count=41 40 109 57 42 40 50 40 59 889 94 53 68 114 256
internal_value=0.000256148 -0.000237812 0.00333333 0.00152838 0.00773196 -0.0030303 -0.0097561 0.000121803 -0.00105566 -0.000559512 0.00216667 0.000916497 -0.00035461 -0.00216216
internal_weight=1952 1682 270 229 97 132 82 1642 1042 983 600 491 423 370
internal_count=1952 1682 270 229 97 132 82 1642 1042 983 600 491 423 370
is_linear=0
shrinkage=0.05


Tree=118
num_leaves=15
num_cat=0
split_feature=1 0 1 1 2 0 2 0 0 3 0 0 0 3
split_gain=1.06693 1.61714 2.10016 1.84188 1.05704 2.49162 1.27088 1.77242 4.0977 1.18891 4.68227 4.61147 5.04457 4.45905
threshold=-0.9946616089973247 22.0335 -0.2006124779598886 -0.70252096857941237 -0.94849615754507433 21.539000000000005 -0.96801877525786306 18.944000000000006 20.059500000000003 24.282000000000004 19.157500000000002 18.287000000000003 17.511000000000006 60.13750000000001
decision_type=2 2 2 2 2 2 2 2 2 2 2 2 2 2
left_child=-1 4 3 -3 6 9 7 -2 -9 -6 11 12 -11 -12
right_child=1 2 -4 -5 5 -7 -8 8 -10 10 13 -13 -14 -15
leaf_value=0.0031733088570992524 -0.012872301410342886 -0.0038961525768240581 0.0068837618363584629 -0.0099147148696668522 -0.00020965729837376659 0.0061773574223635171 -0.014705349569258048 0.018355097246032299 -0.008216684298301552 9.0420136266384723e-05 0.036244410639000926 -0.012322939557642599 0.017350848846322358 0.0011643173544703164
leaf_weight=60 40 75 44 47 745 52 41 40 67 568 40 41 46 46
leaf_count=60 40 75 44 47 745 52 41 40 67 568 40 41 46 46
internal_value=0.000102459 -0.000105708 -0.00481928 -0.00819672 0.000347625 0.000780234 -0.00319149 -0.00102041 0.00233645 0.000403769 0.00182186 0.000381679 0.0014658 0.0127907
internal_weight=1952 1892 166 122 1726 1538 188 147 107 1486 741 655 614 86
internal_count=1952 1892 166 122 1726 1538 188 147 107 1486 741 655 614 86
is_linear=0
shrinkage=0.05


Tree=119
num_leaves=15
num_cat=0
split_feature=1 1 3 3 4 2 3 1 1 2 3 2 3 0
split_gain=1.33354 1.92821 1.55105 3.16284 1.33022 4.95014 2.17905 4.0293 4.13199 3.06005 2.31496 2.89679 4.76856 5.46746
threshold=0.99762106698677389 0.96230016621822489 6.2820000000000009 61.829500000000003 24.416000000000004 0.71541278717867718 99.055500000000009 -0.65189295912203338 0.48941038753127741 0.92933244589178743 93.553000000000011 0.76110425866077447 4.8680000000000012 14.018500000000001
decision_type=2 2 2 2 2 2 2 2 2 2 2 2 2 2
left_child=1 4 -3 -4 6 -6 10 -8 9 -9 11 -1 13 -13
right_child=-2 2 3 -5 5 -7 7 8 -10 -11 -12 12 -14 -15
leaf_value=0.00072863620971630461 0.00082405440476221036 0.001494023336829531 -0.0058647606317307676 -0.00035258426983877656 -0.0029109520300569405 0.011602212121223568 -0.011911226900344053 0.012379440928850745 -0.0067640403765142649 -0.0013167255776533077 0.0029735367987507146 0.014778143007309614 -0.010088316852508562 -0.0067997060909555712
leaf_weight=1103 48 40 40 58 60 42 56 55 84 69 65 40 120 72
leaf_count=1103 48 40 40 58 60 42 56 55 84 69 65 40 120 72
internal_value=0.000102459 -0.000105042 -0.0057971 -0.00918367 0.000339751 0.00588235 0 -0.00416667 -0.000961538 0.00483871 0.000785714 0.000337079 -0.00474138 0.00267857
internal_weight=1952 1904 138 98 1766 102 1664 264 208 124 1400 1335 232 112
internal_count=1952 1904 138 98 1766 102 1664 264 208 124 1400 1335 232 112
is_linear=0
shrinkage=0.05


Tree=120
num_leaves=15
num_cat=0
split_feature=2 0 2 0 1 4 4 4 2 1 2 4 2 4
split_gain=1.53309 2.90375 2.19099 1.69588 2.74956 3.91214 5.31875 2.26406 2.56494 5.10932 2.4943 3.60119 2.1702 3.08278
threshold=0.98217423127542058 13.439500000000002 0.94713111268739625 15.412500000000003 0.87518633148764147 9.9660000000000029 12.494000000000002 5.6070000000000002 -0.02793410925094832 0.48941038753127741 0.46866798009266125 21.285500000000003 0.61287127154566789 7.5365000000000011
decision_type=2 2 2 2 2 2 2 2 2 2 2 2 2 2
left_child=2 -2 3 7 12 -6 -7 -1 -9 -10 -11 -12 -5 -14
right_child=1 -3 -4 4 5 6 -8 8 9 10 11 -13 13 -15
leaf_value=0.017125948888563398 -0.0010669899087773535 0.0083843963696255686 -0.0088159408190998916 0.00041255826883195013 -0.023023392427597836 0.011767637275620836 -0.0037124175598243188 0.0043327863912208109 0.0065392233396020299 0.00085754711063044118 -0.012183399342819208 -0.00023170261047474676 -4.5713946685776999e-05 -0.017291908224587656
leaf_weight=44 56 51 79 1017 43 40 66 119 124 94 56 40 83 40
leaf_count=44 56 51 79 1017 43 40 66 119 124 94 56 40 83 40
internal_value=0.000256148 0.00607477 -8.13008e-05 0.000283126 -0.000659426 -0.00704698 -0.00188679 0.00283019 0.0017321 -0.000636943 -0.00578947 -0.0114583 0.000175439 -0.00609756
internal_weight=1952 107 1845 1766 1289 149 106 477 433 314 190 96 1140 123
internal_count=1952 107 1845 1766 1289 149 106 477 433 314 190 96 1140 123
is_linear=0
shrinkage=0.05


Tree=121
num_leaves=15
num_cat=0
split_feature=0 3 1 4 3 1 3 2 3 3 4 3 0 0
split_gain=1.12209 2.04583 3.52611 3.23949 3.18528 2.58129 2.76527 2.3983 2.49031 5.50935 2.77293 1.7551 2.43539 3.80174
threshold=15.251000000000003 95.970500000000015 0.63137065367936085 12.065000000000003 82.197500000000005 0.87518633148764147 5.0055000000000005 0.80444483470750872 61.360000000000007 40.989000000000004 8.6215000000000028 14.522500000000003 21.283500000000004 19.724000000000004
decision_type=2 2 2 2 2 2 2 2 2 2 2 2 2 2
left_child=-1 4 3 -3 5 7 -7 8 9 10 -2 12 13 -12
right_child=1 2 -4 -5 -6 6 -8 -9 -10 -11 11 -13 -14 -15
leaf_value=0.0008706563152718165 0.0070810484350546342 0.0017259073742438237 -0.027558716658360561 -0.0041843547276590896 0.013324747545558444 0.00034765117330909232 -0.01216763798455168 -0.0067053123580512741 -0.011635410984550815 0.0094509681313986078 -0.00021120545004704868 -0.0032228952557365022 -0.003842614881134401 0.0074675970110084401
leaf_weight=606 90 76 46 49 71 44 69 59 41 57 192 292 133 127
leaf_count=606 90 76 46 49 71 44 69 59 41 57 192 292 133 127
internal_value=0.000358607 -0.000445765 -0.00555556 -0.0012 0.000297872 -0.000362319 -0.00752212 0.000454087 0.00107296 0.00162738 0.00059952 -0.000403226 0.00154867 0.0039185
internal_weight=1952 1346 171 125 1175 1104 113 991 932 891 834 744 452 319
internal_count=1952 1346 171 125 1175 1104 113 991 932 891 834 744 452 319
is_linear=0
shrinkage=0.05


Tree=122
num_leaves=15
num_cat=0
split_feature=0 1 0 4 0 1 0 1 3 1 0 3 3 0
split_gain=1.37848 2.85342 3.91465 2.79296 4.17862 1.28669 2.99666 2.62196 6.57449 4.57881 2.57121 4.35989 2.78511 4.4293
threshold=24.661500000000004 -0.99628894895067444 22.0335 12.802500000000002 23.061500000000006 -0.46296662190318316 21.539000000000005 -0.10282099713736061 8.8550000000000022 -0.034374606067994681 11.742500000000001 75.58750000000002 5.7060000000000004 17.657000000000004
decision_type=2 2 2 2 2 2 2 2 2 2 2 2 2 2
left_child=1 -1 5 4 -4 6 -3 8 -7 -9 11 -11 13 -12
right_child=-2 2 3 -5 -6 7 -8 9 -10 10 12 -13 -14 -15
leaf_value=0.019675045083870829 0.007664000930815546 0.00088856738759576228 -0.0021510989915272337 0.00016638216123276707 -0.029331405597038004 -0.043301564354508409 0.012971868819638575 0.010572066651369512 -0.0001106788784985241 -0.00032795973123195824 0.00010193165011057049 0.011768447301849255 -0.00053117252764982162 0.026704620213357545
leaf_weight=41 42 437 49 44 43 41 41 40 171 56 175 48 670 54
leaf_count=41 42 437 49 44 43 41 41 40 171 56 175 48 670 54
internal_value=0.000563525 0.000366492 8.02568e-05 -0.00808824 -0.0130435 0.000721293 0.00292887 -0.000119522 -0.00518868 0.000910834 0.000249252 0.00769231 -0.000611791 0.00414847
internal_weight=1952 1910 1869 136 92 1733 478 1255 212 1043 1003 104 899 229
internal_count=1952 1910 1869 136 92 1733 478 1255 212 1043 1003 104 899 229
is_linear=0
shrinkage=0.05


Tree=123
num_leaves=15
num_cat=0
split_feature=0 4 3 3 1 4 3 1 0 4 0 2 3 4
split_gain=1.08079 2.40524 5.76761 7.84279 3.36821 3.60817 3.00608 4.30773 4.37491 5.43354 4.39844 4.27859 2.81872 3.99521
threshold=16.916500000000003 12.413500000000001 28.074500000000004 66.927000000000007 0.54817103930762578 8.6820000000000004 7.5820000000000016 -0.98211651112579568 21.740500000000001 10.780000000000003 20.663500000000003 0.21113058295073206 14.678000000000003 13.348000000000001
decision_type=2 2 2 2 2 2 2 2 2 2 2 2 2 2
left_child=-1 4 12 -4 6 -6 11 -8 10 -10 -9 -2 13 -3
right_child=1 2 3 -5 5 -7 7 8 9 -11 -12 -13 -14 -15
leaf_value=0.00061930000718990745 0.007513864363533425 0.020380150279168032 0.041811379695441832 -5.0204323244820717e-05 -0.028474364264061872 -0.0018329786299902181 -0.035448600894305793 -0.0006476354225776527 0.0021236624554841557 -0.04276422601164858 0.017513998098648592 -0.0041178533441828223 -0.0091731546842458763 -0.00085149097144110453
leaf_weight=897 56 49 51 62 40 76 41 135 50 49 64 52 157 173
leaf_count=897 56 49 51 62 40 76 41 135 50 49 64 52 157 173
internal_value=0.000563525 -0.000521327 0.00203252 0.0119469 -0.00275311 -0.0103448 -0.000782998 -0.00309735 -0.00100671 -0.00959596 0.00326633 0.00648148 -0.000923483 0.0027027
internal_weight=1952 1055 492 113 563 116 447 339 298 99 199 108 379 222
internal_count=1952 1055 492 113 563 116 447 339 298 99 199 108 379 222
is_linear=0
shrinkage=0.05


Tree=124
num_leaves=15
num_cat=0
split_feature=0 0 3 4 2 0 0 3 3 3 3 4 0 3
split_gain=1.33159 1.62131 2.14451 1.61644 1.42382 3.12405 2.77196 3.0056 1.54769 2.9582 2.60792 2.69972 3.11162 2.65033
threshold=24.661500000000004 22.121500000000001 8.5370000000000008 12.122500000000002 -0.94849615754507433 21.539000000000005 20.545500000000004 13.0265 4.3930000000000016 2.6780000000000004 12.177500000000002 9.0020000000000007 18.754500000000004 14.678000000000003
decision_type=2 2 2 2 2 2 2 2 2 2 2 2 2 2
left_child=1 4 -3 -4 6 8 7 -1 9 -6 11 -10 -13 -12
right_child=-2 2 3 -5 5 -7 -8 -9 10 -11 13 12 -14 -15
leaf_value=0.011562403648671966 0.00788557252157146 0.0006641486107323083 -0.024926035493102818 -0.00085716858954228983 0.0010079600679986146 0.0072139697204841261 -0.019625784272557664 -0.012374539337084335 -0.014702596689720487 0.0076412565637978269 0.0040265852047294609 -0.0038960080838044589 0.004572072647107797 0.00025179441713809247
leaf_weight=65 42 42 56 41 241 59 56 69 65 54 53 113 80 916
leaf_count=65 42 42 56 41 241 59 56 69 65 54 53 113 80 916
internal_value=0.000717213 0.00052356 -0.00467626 -0.00876289 0.000931677 0.00142315 -0.00315789 0.000746269 0.000985545 0.00423729 0.000203749 -0.00426357 -0.00129534 0.00139319
internal_weight=1952 1910 139 97 1771 1581 190 134 1522 295 1227 258 193 969
internal_count=1952 1910 139 97 1771 1581 190 134 1522 295 1227 258 193 969
is_linear=0
shrinkage=0.05


Tree=125
num_leaves=15
num_cat=0
split_feature=0 4 0 4 4 2 1 1 2 4 4 2 0 0
split_gain=1.77084 2.73845 3.32507 2.62486 2.17 1.64142 1.59083 1.5251 1.45667 1.87337 1.70863 3.64021 2.6474 3.31587
threshold=13.057000000000002 8.3815000000000008 12.457500000000001 23.900500000000005 14.292500000000002 0.99055824379501012 0.99052327954040398 0.96230016621822489 0.92933244589178743 7.3415000000000008 7.5365000000000011 0.80444483470750872 14.672000000000002 18.853000000000005
decision_type=2 2 2 2 2 2 2 2 2 2 2 2 2 2
left_child=1 -1 3 4 -3 6 7 8 10 -10 12 -12 -2 -14
right_child=5 2 -4 -5 -6 -7 -8 -9 9 -11 11 -13 13 -15
leaf_value=0.010799736294177653 -0.0081677132819036966 -3.626334960570646e-05 0.005982816089999449 0.0038252559444929891 -0.010177115473872731 0.0074938205765070738 0.0012711994528554849 -0.0022022224866138996 -0.012592884300567132 4.4774852823664669e-05 -6.2339821060264375e-05 -0.030074039920323044 0.0080631171089794902 -0.0049378254354656322
leaf_weight=65 40 62 46 41 50 42 76 67 49 41 1161 43 119 50
leaf_count=65 40 62 46 41 50 42 76 67 49 41 1161 43 119 50
internal_value=0.000358607 0.00416667 0.00125628 -0.00228758 -0.00625 -0.000236967 -0.000486027 -0.000828025 -0.000499002 -0.00666667 -0.000106157 -0.000830565 0.00406699 0.00680473
internal_weight=1952 264 199 153 112 1688 1646 1570 1503 90 1413 1204 209 169
internal_count=1952 264 199 153 112 1688 1646 1570 1503 90 1413 1204 209 169
is_linear=0
shrinkage=0.05


Tree=126
num_leaves=15
num_cat=0
split_feature=0 0 4 1 1 4 1 3 2 3 0 3 4 4
split_gain=1.70544 4.25161 3.07776 3.4808 3.6536 3.28187 4.27229 3.27597 2.32868 3.27049 2.2138 2.06726 3.66 3.61946
threshold=17.987500000000001 17.657000000000004 16.632000000000001 0.54817103930762578 0.31676515716386888 13.765000000000002 -0.25084665036108228 12.8665 0.040813519545864409 8.0950000000000006 16.969500000000004 55.517500000000005 9.9660000000000029 10.780000000000003
decision_type=2 2 2 2 2 2 2 2 2 2 2 2 2 2
left_child=1 10 3 4 5 8 -7 -5 9 -2 -1 12 -11 -14
right_child=2 -3 -4 7 -6 6 -8 -9 -10 11 -12 -13 13 -15
leaf_value=0.00057350654333232498 0.0068270290434930036 0.013922998950578903 0.014710150722119553 -0.00015034410427694977 0.019860231181084861 -0.013747177624856822 0.0060073685059583992 -0.026015631274888675 -0.0032968020581445436 -0.014892845296963806 -0.0040242895456822914 -0.0047126272130419925 0.017891888285043851 0.00070781859451268803
leaf_weight=905 70 40 55 53 59 87 47 65 117 49 115 52 40 198
leaf_count=905 70 40 55 53 59 87 47 65 117 49 115 52 40 198
internal_value=0.000153689 0.00150943 -0.0014574 -0.00221027 -0.000904033 -0.0019697 -0.00895522 -0.0101695 -0.000190114 0.00158924 0.000882353 -0.000442478 0.00121951 0.00378151
internal_weight=1952 1060 892 837 719 660 134 118 526 409 1020 339 287 238
internal_count=1952 1060 892 837 719 660 134 118 526 409 1020 339 287 238
is_linear=0
shrinkage=0.05


Tree=127
num_leaves=15
num_cat=0
split_feature=1 3 1 4 1 4 2 1 1 3 4 4 4 1
split_gain=1.17271 1.09294 3.41538 2.35334 5.08479 2.62405 3.43816 2.29368 2.07436 3.10937 2.66917 4.70725 3.50152 2.19572
threshold=0.99762106698677389 8.0950000000000006 -0.97505550290239429 24.416000000000004 0.68630018684894145 17.801000000000005 -0.15621076983770799 -0.98211651112579568 -0.89391031859722847 22.685000000000002 16.884000000000004 15.781500000000001 14.813500000000003 -0.83354805289222234
decision_type=2 2 2 2 2 2 2 2 2 2 2 2 2 2
left_child=1 2 -1 5 -5 7 -7 -3 9 -9 11 12 13 -10
right_child=-2 3 -4 4 -6 6 -8 8 10 -11 -12 -13 -14 -15
leaf_value=0.012615295550077017 0.0019778182463845023 -0.020451174853153044 0.00035227984941095248 0.0096772701740653177 -0.0012785295799106881 -0.014197481964412423 -6.2166679973521541e-05 -0.0029133278949998592 -0.011271447384655244 0.024305196855572628 0.016764214047801637 -0.013345156660482638 0.0066722770950065208 -0.00022910841613409152
leaf_weight=58 48 53 477 43 40 40 57 61 40 50 42 57 82 804
leaf_count=58 48 53 477 43 40 40 57 61 40 50 42 57 82 804
internal_value=0.000614754 0.000420168 0.00233645 -0.000328707 0.00783133 -0.000855365 -0.00876289 -0.000210261 0.000264085 0.00675676 -0.000439024 -0.000966429 -0.000107991 -0.00106635
internal_weight=1952 1904 535 1369 83 1286 97 1189 1136 111 1025 983 926 844
internal_count=1952 1904 535 1369 83 1286 97 1189 1136 111 1025 983 926 844
is_linear=0
shrinkage=0.05


Tree=128
num_leaves=15
num_cat=0
split_feature=1 2 0 0 2 1 0 4 0 4 2 2 0 1
split_gain=1.20405 1.05577 3.56664 1.31625 3.67106 3.11701 2.55164 2.25388 1.52403 1.7502 5.88867 3.60112 2.91004 2.47964
threshold=0.99762106698677389 0.98217423127542058 13.439500000000002 13.219000000000003 0.93851706827667047 0.44380628866780453 13.727000000000002 16.632000000000001 14.108500000000001 7.5365000000000011 0.61287127154566789 0.48378379397820742 18.853000000000005 -0.98801351631316325
decision_type=2 2 2 2 2 2 2 2 2 2 2 2 2 2
left_child=1 3 -3 5 6 -1 -5 -7 -8 12 11 13 -10 -11
right_child=-2 2 -4 4 -6 7 8 -9 9 10 -12 -13 -14 -15
leaf_value=0.0083812822784157838 0.0018789273340652753 -0.0015227201998778337 0.0074917120229039628 -0.014026033537335681 -0.0092923119249839429 -0.001847649478729687 0.008944513693615392 0.0033521539660404109 0.0030728449493538455 -0.0023933996211457837 -0.014057058726529768 0.0094827215201552083 -0.0052211924272563938 0.00019117786972274177
leaf_weight=76 48 56 51 49 59 78 40 64 150 80 73 40 56 1032
leaf_count=76 48 56 51 49 59 78 40 64 150 80 73 40 56 1032
internal_value=0.000512295 0.000315126 0.00514019 2.78242e-05 -0.000474984 0.00366972 0 -0.000704225 0.000373895 0.000104822 -0.000612245 0.000260417 0.00436893 -0.000269784
internal_weight=1952 1904 107 1797 1579 218 1520 142 1471 1431 1225 1152 206 1112
internal_count=1952 1904 107 1797 1579 218 1520 142 1471 1431 1225 1152 206 1112
is_linear=0
shrinkage=0.05


Tree=129
num_leaves=15
num_cat=0
split_feature=0 0 2 1 4 4 3 0 3 2 0 3 0 0
split_gain=1.54541 4.12337 3.43627 3.97321 6.31886 2.85973 2.97808 2.83978 2.51853 2.50645 2.43156 2.42739 6.42721 5.33174
threshold=18.703000000000007 19.027000000000005 0.1093682717844857 -0.051549210996800328 14.411000000000003 13.765000000000002 20.563500000000005 18.490000000000006 12.340000000000002 -0.93090634677745676 22.486000000000001 40.989000000000004 17.987500000000001 17.828500000000002
decision_type=2 2 2 2 2 2 2 2 2 2 2 2 2 2
left_child=7 -2 3 5 8 6 9 11 -5 -3 -11 12 -1 -13
right_child=1 2 -4 4 -6 -7 -8 -9 -10 10 -12 13 -14 -15
leaf_value=0.0001929842395803655 -0.0063231164876933511 -0.006160149615640282 -0.0089443359530151419 0.0064339117382196335 0.046918146226430195 -0.011058205554164487 -0.008144977408142828 0.0079930352781679825 -0.0012415545115785972 0.010197296091821399 -0.00021468009034727732 0.00067389726471430995 -0.022327298685585667 0.029500245731245624
leaf_weight=514 58 52 86 64 43 112 92 40 66 125 73 533 50 44
leaf_count=514 58 52 86 64 43 112 92 40 66 125 73 533 50 44
internal_value=0.000768443 -0.000972763 7.01262e-05 0.00135566 0.00780347 -0.00110132 0.00116959 0.00190517 0.00230769 0.004 0.00656566 0.0014461 -0.000886525 0.00372617
internal_weight=1952 771 713 627 173 454 342 1181 130 250 198 1141 564 577
internal_count=1952 771 713 627 173 454 342 1181 130 250 198 1141 564 577
is_linear=0
shrinkage=0.05


Tree=130
num_leaves=15
num_cat=0
split_feature=0 0 0 0 1 0 0 1 0 4 1 0 3 1
split_gain=1.74098 2.70731 2.10632 4.16578 2.36526 2.25526 1.82641 4.39398 4.04036 3.11579 4.43318 2.19401 2.09004 2.1973
threshold=16.916500000000003 16.667000000000005 17.511000000000006 17.987500000000001 0.38118653245548312 18.213500000000003 18.703000000000007 0.28397372121269165 19.027000000000005 15.063500000000001 -0.10282099713736061 19.508000000000006 0.59550000000000014 -0.98801351631316325
decision_type=2 2 2 2 2 2 2 2 2 2 2 2 2 2
left_child=1 -1 4 -4 -2 -5 7 -7 -8 11 -11 -10 -13 -14
right_child=2 -3 3 5 -6 6 8 -9 9 10 -12 12 13 -15
leaf_value=0.00045623693683605193 -0.010875367579404117 0.01336906600662221 0.0046859576338669842 -0.010061541023968293 -0.00039122016788713384 -0.011868286955429781 -0.0060069606633086844 0.0094706466858144669 0.0059778449146895259 -0.0050893397509179025 0.031969255898697917 0.0087661658524113891 -0.018901697259030958 -0.00064657606090333733
leaf_weight=857 42 40 66 40 55 40 58 41 72 42 41 41 49 468
leaf_count=857 42 40 66 40 55 40 58 41 72 42 41 41 49 468
internal_value=0.000665984 0.0022854 -0.0007109 0 -0.00773196 -0.000896861 -0.000352113 0.00679012 -0.00110246 -7.01262e-05 0.00903614 -0.00126984 -0.00232975 -0.00319149
internal_weight=1952 897 1055 958 97 892 852 81 771 713 83 630 558 517
internal_count=1952 897 1055 958 97 892 852 81 771 713 83 630 558 517
is_linear=0
shrinkage=0.05


Tree=131
num_leaves=15
num_cat=0
split_feature=0 0 0 1 1 1 0 1 4 0 0 3 0 4
split_gain=1.29458 2.2216 3.0651 2.36526 2.23893 3.0613 2.98486 2.85059 2.65255 2.41164 2.38245 2.72931 2.2475 5.09944
threshold=16.916500000000003 17.511000000000006 17.987500000000001 0.38118653245548312 0.72660079619120022 0.1837425755813806 18.558500000000006 0.95747632178960107 9.0020000000000007 21.283500000000004 20.240000000000002 14.678000000000003 23.850500000000004 10.780000000000003
decision_type=2 2 2 2 2 2 2 2 2 2 2 2 2 2
left_child=-1 3 -3 -2 5 6 -4 -6 -8 -10 11 -7 13 -11
right_child=1 2 4 -5 7 10 8 -9 9 12 -12 -13 -14 -15
leaf_value=0.00068698676937855034 -0.010331599200433909 0.0044516597521736317 -0.013415547581943183 -0.00037165915949277721 -0.023093511198345976 0.018099618596282091 0.0084628109541987403 9.3226353772409186e-05 0.00090275552719323588 0.0024299453383631493 0.033951200659817569 -0.00134904888793759 0.0016908057819215118 -0.014150293045745941
leaf_weight=897 42 66 44 55 57 40 90 40 318 40 40 49 42 132
leaf_count=897 42 66 44 55 57 40 90 40 318 40 40 49 42 132
internal_value=0.000665984 -0.000521327 0.000208768 -0.00773196 -0.000560538 0.000314465 -0.00105105 -0.00773196 -0.000160772 -0.00150376 0.00736434 0.00280899 -0.00560748 -0.00813953
internal_weight=1952 1055 958 97 892 795 666 97 622 532 129 89 214 172
internal_count=1952 1055 958 97 892 795 666 97 622 532 129 89 214 172
is_linear=0
shrinkage=0.05


Tree=132
num_leaves=15
num_cat=0
split_feature=1 4 4 0 2 2 2 4 1 3 3 0 0 0
split_gain=1.12647 1.0664 2.26071 1.26459 1.19937 1.03046 2.12017 1.0643 3.03124 1.37755 3.72536 5.65116 3.0306 2.40024
threshold=0.99762106698677389 3.6465000000000005 5.2605000000000013 15.662500000000001 0.99468534776305517 -0.99791438307893243 -0.99113067767854335 10.573000000000002 0.83987808009543619 40.989000000000004 4.5390000000000006 19.027000000000005 14.188500000000003 18.799000000000003
decision_type=2 2 2 2 2 2 2 2 2 2 2 2 2 2
left_child=1 -1 3 -3 5 -4 -7 8 9 10 -8 -12 -11 -14
right_child=-2 2 4 -5 -6 6 7 -9 -10 12 11 -13 13 -15
leaf_value=-0.015427512550543396 0.0014163628604361351 0.0010557649941078772 0.0047984682728730828 0.0046579962182015542 0.0040153153309453685 -0.011767787608595337 0.0030516985245484574 0.00042322489069357986 -0.0068188278839499423 -0.0075604793590715591 -0.021690648288923947 0.00035853830653369316 0.0084137459235206335 -0.00014964972053224668
leaf_weight=40 48 42 47 45 50 48 129 1083 72 51 64 108 85 40
leaf_count=40 48 42 47 45 50 48 129 1083 72 51 64 108 85 40
internal_value=0.000768443 0.000577731 0.000751073 0.00862069 0.000365785 0.00014476 -5.95238e-05 0.000245098 -0.00154827 -0.000104822 -0.00215947 -0.00697674 0.00340909 0.0076
internal_weight=1952 1904 1864 87 1777 1727 1680 1632 549 477 301 172 176 125
internal_count=1952 1904 1864 87 1777 1727 1680 1632 549 477 301 172 176 125
is_linear=0
shrinkage=0.05


Tree=133
num_leaves=15
num_cat=0
split_feature=4 4 2 0 1 0 3 3 3 0 3 4 1 1
split_gain=1.10296 1.59266 4.20266 3.56745 2.75914 2.8093 0.884301 4.24784 2.09409 3.9537 5.17019 4.34359 2.95803 4.20771
threshold=3.6465000000000005 6.9370000000000003 0.37522380421282725 16.7895 -0.24284747324344283 14.188500000000003 38.435500000000005 50.907500000000006 14.678000000000003 20.188500000000001 17.079500000000003 13.628500000000003 -0.05591647229452347 -0.41274032740354771
decision_type=2 2 2 2 2 2 2 2 2 2 2 2 2 2
left_child=-1 2 -2 4 -4 -6 8 -8 12 10 -10 -12 13 -3
right_child=1 6 3 -5 5 -7 7 -9 9 -11 11 -13 -14 -15
leaf_value=-0.014656136923016226 0.0079930586273446024 0.00029436676425394497 0.012725544569821202 -0.0036834859108120788 -0.0087812005299945078 0.0034081381441390282 0.0050642464035155687 0.00013722067376025911 -0.014793292693847056 0.0051992660337115137 -0.0070974317821192404 0.0063571899004652935 0.0024265989912683251 -0.0076057198634303606
leaf_weight=40 47 292 51 48 52 51 64 508 58 142 65 91 377 66
leaf_count=40 47 292 51 48 52 51 64 508 58 142 65 91 377 66
internal_value=0.000717213 0.000889121 0.00461847 0.00148515 0.00519481 0.000485437 0.000330728 0.00192308 -0.000504125 -0.00365169 -0.00794393 -0.00320513 0.00102041 -0.00223464
internal_weight=1952 1912 249 202 154 103 1663 572 1091 356 214 156 735 358
internal_count=1952 1912 249 202 154 103 1663 572 1091 356 214 156 735 358
is_linear=0
shrinkage=0.05


Tree=134
num_leaves=15
num_cat=0
split_feature=4 4 3 2 2 2 3 1 2 3 3 3 2 4
split_gain=1.04584 3.53802 1.90588 0.845163 1.59394 0.928513 3.76105 6.15399 2.79157 2.69073 5.12049 3.85126 2.86746 3.75024
threshold=4.7805000000000009 5.5080000000000009 71.388000000000019 -0.99791438307893243 -0.99113067767854335 -0.6815963802609516 13.615500000000003 0.33302288323572038 -0.766658819300159 38.435500000000005 21.366000000000003 98.174000000000021 0.057982974307775707 8.5405000000000015
decision_type=2 2 2 2 2 2 2 2 2 2 2 2 2 2
left_child=2 -2 -1 -3 -5 6 8 -8 -6 10 -7 12 -11 -14
right_child=1 3 -4 4 5 9 7 -9 -10 11 -12 -13 13 -15
leaf_value=0.0046092707028320802 0.0036435171375528764 0.0044372149096660127 -0.012365371318360152 -0.010870230885601108 0.0031966515229403859 -5.1080500174258137e-05 -0.011265727897952505 0.0025562563038595346 0.019747892531701835 0.016120332210044525 -0.017219819839414913 -0.0003999506779978929 0.0065227462083999738 -0.0014464234944012288
leaf_weight=45 48 47 51 48 147 631 169 104 40 102 73 283 64 100
leaf_count=45 48 47 51 48 147 631 169 104 40 102 73 283 64 100
internal_value=0.000922131 0.00118534 -0.00416667 0.000829646 0.000653038 0.000904845 0.00282609 -0.000915751 0.00828877 0.000199521 -0.00184659 0.00282332 0.00714286 0.00304878
internal_weight=1952 1856 96 1808 1761 1713 460 273 187 1253 704 549 266 164
internal_count=1952 1856 96 1808 1761 1713 460 273 187 1253 704 549 266 164
is_linear=0
shrinkage=0.05


Tree=135
num_leaves=15
num_cat=0
split_feature=4 3 4 4 4 4 4 4 0 3 4 4 3 0
split_gain=1.00415 1.90588 1.71905 1.13524 2.58009 1.62003 1.38364 2.43796 1.55829 1.3742 8.30557 1.91802 4.05426 6.11351
threshold=4.7805000000000009 71.388000000000019 5.5080000000000009 6.0075000000000012 6.3995000000000006 6.8090000000000011 7.5365000000000011 8.2995000000000019 24.058000000000003 0.36100000000000004 13.795500000000002 12.328000000000001 6.0985000000000005 19.481500000000004
decision_type=2 2 2 2 2 2 2 2 2 2 2 2 2 2
left_child=1 -1 -2 -4 -5 -6 -7 -8 9 10 -9 12 -11 -14
right_child=2 -3 3 4 5 6 7 8 -10 11 -12 -13 13 -15
leaf_value=0.0043788071676904797 0.0034613412806752232 -0.01174710275244214 -0.0081979654564104387 0.0067873890854751491 -0.0053083760121976466 0.0039414752289331449 -0.0050504330682979688 0.017027019750244888 0.018001163355311361 -0.010854134276334316 -0.0050736165914692715 0.00045574934943293097 0.00218168445881963 -0.005733961190245958
leaf_weight=45 48 51 40 41 48 82 72 54 43 59 62 865 220 222
leaf_count=45 48 51 40 41 48 82 72 54 43 59 62 865 220 222
internal_value=0.000819672 -0.00416667 0.00107759 0.000829646 0.0010181 0.000723798 0.000982728 0.000657483 0.00108197 0.000809717 0.00603448 0.000366032 -0.00209581 -0.000452489
internal_weight=1952 96 1856 1808 1768 1727 1679 1597 1525 1482 116 1366 501 442
internal_count=1952 96 1856 1808 1768 1727 1679 1597 1525 1482 116 1366 501 442
is_linear=0
shrinkage=0.05


Tree=136
num_leaves=15
num_cat=0
split_feature=2 0 2 0 1 0 2 3 0 2 4 4 2 3
split_gain=1.13158 4.37294 1.38716 1.38923 5.06945 2.39291 1.7982 2.60883 1.38234 1.35925 2.68318 3.48555 2.23088 2.33739
threshold=0.98217423127542058 13.439500000000002 0.94713111268739625 13.219000000000003 0.44380628866780453 13.638500000000002 0.31064877563037102 68.252500000000012 14.108500000000001 0.67844406397199097 7.5365000000000011 5.846000000000001 0.48378379397820742 87.26400000000001
decision_type=2 2 2 2 2 2 2 2 2 2 2 2 2 2
left_child=2 -2 3 4 -1 -5 -6 -8 -7 12 11 -11 -10 -14
right_child=1 -3 -4 5 6 8 7 -9 9 10 -12 -13 13 -15
leaf_value=0.013324642649931254 -0.0015082634219439367 0.0062580999422825806 -0.0060786429624891947 -0.013750904582811413 0.0031420423896897144 0.0066573241087168446 -0.004005283747352084 0.0005120071341229986 0.00014610658342301686 -0.0075274553582078026 -0.014025394488673772 0.011031109202136569 0.0037219617837165931 0.00028098022116820057
leaf_weight=46 56 51 79 48 63 49 43 48 1211 42 65 59 50 42
leaf_count=46 56 51 79 48 63 49 43 48 1211 42 65 59 50 42
internal_value=0.00107582 0.00607477 0.000785908 0.00107588 0.005 0.000574713 0.000649351 -0.00384615 0.000922266 0.000646698 -0.00361446 0.00148515 0.00118956 0.00869565
internal_weight=1952 107 1845 1766 200 1566 154 91 1518 1469 166 101 1303 92
internal_count=1952 107 1845 1766 200 1566 154 91 1518 1469 166 101 1303 92
is_linear=0
shrinkage=0.05


Tree=137
num_leaves=15
num_cat=0
split_feature=4 4 3 0 4 4 4 3 4 2 2 3 1 4
split_gain=1.54329 1.64063 1.3531 1.2015 3.84727 4.4177 4.51818 3.49506 1.42049 3.34618 4.80539 4.65279 3.00132 5.53505
threshold=4.7805000000000009 5.5080000000000009 71.388000000000019 21.283500000000004 12.328000000000001 10.780000000000003 9.7835000000000019 13.498500000000002 13.409500000000003 0.98217423127542058 0.057982974307775707 6.2820000000000009 0.48941038753127741 9.541500000000001
decision_type=2 2 2 2 2 2 2 2 2 2 2 2 2 2
left_child=2 -2 -1 8 5 6 -5 -6 9 10 11 -3 -12 -14
right_child=1 3 -4 4 7 -7 -8 -9 -10 -11 12 -13 13 -15
leaf_value=0.004536239577216339 0.0034597912226978834 0.021527914610969458 -0.011825979747316596 -0.011095064698685798 -0.0061373812986460123 -0.020525666884381046 0.01321090484536222 0.017513250898124028 -6.5997037806672657e-06 0.005689370764477686 0.00036029629410217758 0.0014565331675222407 0.00044000630002076214 -0.015515920211053968
leaf_weight=45 48 40 51 71 44 73 43 56 687 47 292 327 77 51
leaf_count=45 48 40 51 71 44 73 43 56 687 47 292 327 77 51
internal_value=0.000973361 0.0012931 -0.00520833 0.00105088 -0.00191638 -0.00614973 0 0.006 0.00161078 0.0029976 0.00222363 0.00640327 -0.00142857 -0.0078125
internal_weight=1952 1856 96 1808 287 187 114 100 1521 834 787 367 420 128
internal_count=1952 1856 96 1808 287 187 114 100 1521 834 787 367 420 128
is_linear=0
shrinkage=0.05


Tree=138
num_leaves=15
num_cat=0
split_feature=4 4 3 3 3 2 0 0 2 3 1 4 4 1
split_gain=1.59487 1.6021 1.3531 0.995243 3.97347 2.63158 3.0265 2.75822 4.04362 2.59471 2.90999 2.45665 3.41256 4.25119
threshold=4.7805000000000009 5.5080000000000009 71.388000000000019 40.989000000000004 50.907500000000006 -0.42640316431117214 17.828500000000002 16.444000000000003 0.057982974307775707 33.14050000000001 0.89129892789314458 23.603000000000005 13.189000000000002 0.48941038753127741
decision_type=2 2 2 2 2 2 2 2 2 2 2 2 2 2
left_child=2 -2 -1 9 -5 -6 7 8 -7 10 -3 12 13 -10
right_child=1 3 -4 4 5 6 -8 -9 11 -11 -12 -13 -14 -15
leaf_value=0.0043094275983555311 0.0032868016615629882 0.00056211284169807032 -0.011234680759950766 0.0041529295864465741 -0.0057403957815633762 0.0066387960691921995 0.015222446617050156 -0.0073860377417390745 0.0054049022262538 -0.0059194931221230856 -0.0018734342580301738 0.0030094924089619172 -0.012052905958966464 -0.0082289250234290848
leaf_weight=45 48 986 51 60 108 57 79 41 103 42 145 57 87 43
leaf_count=45 48 986 51 60 108 57 79 41 103 42 145 57 87 43
internal_value=0.00107582 0.00140086 -0.00520833 0.0011615 0.00275591 0.00147826 0.00310493 0.00128866 0.00273775 0.00029838 0.000751547 0.000344828 -0.00193133 0.00273973
internal_weight=1952 1856 96 1808 635 575 467 388 347 1173 1131 290 233 146
internal_count=1952 1856 96 1808 635 575 467 388 347 1173 1131 290 233 146
is_linear=0
shrinkage=0.05


Tree=139
num_leaves=15
num_cat=0
split_feature=0 0 2 1 0 0 1 4 2 3 3 2 2 0
split_gain=1.34637 2.5214 3.40179 2.30983 4.03299 3.30738 3.99757 2.49569 3.53848 2.14144 1.72269 2.40836 1.63066 2.2316
threshold=15.251000000000003 15.946500000000002 0.76725511167377736 0.71089581899715537 16.916500000000003 17.392000000000003 0.5043284533698108 8.2995000000000019 -0.5488429582847193 67.795000000000002 8.5370000000000008 -0.11593459959550052 -0.99791438307893243 18.086000000000002
decision_type=2 2 2 2 2 2 2 2 2 2 2 2 2 2
left_child=-1 2 -2 4 9 -6 12 -5 -9 -3 -10 -12 -7 -14
right_child=1 3 -4 7 5 6 -8 8 10 -11 11 -13 13 -15
leaf_value=0.00059088637733662472 -0.00019850397099513141 0.0037589758577788682 -0.02841772254784887 -0.018107394292670772 -0.010318192721182786 0.0048289509518899335 0.0080383578334396154 -0.0070525767410572595 0.0043115026125416372 0.011974558853068378 -0.004068638291181835 0.0011587621987211379 0.0077271350027835542 -0.00038250031154254895
leaf_weight=606 81 65 41 40 54 45 54 46 46 43 40 42 46 703
leaf_count=606 81 65 41 40 54 45 54 46 46 43 40 42 46 703
internal_value=0.00117828 0.000297177 -0.00655738 0.000980392 0.0019802 0.000886918 0.00165094 -0.00373832 -0.00114943 0.0111111 0.003125 -0.00121951 0.000755668 0.000200267
internal_weight=1952 1346 122 1224 1010 902 848 214 174 108 128 82 794 749
internal_count=1952 1346 122 1224 1010 902 848 214 174 108 128 82 794 749
is_linear=0
shrinkage=0.05


Tree=140
num_leaves=15
num_cat=0
split_feature=0 4 1 0 3 1 3 1 2 4 2 2 3 4
split_gain=1.33083 1.65022 5.07391 3.28533 2.06772 3.53518 2.777 2.44754 2.09379 3.52207 2.51828 1.95644 2.41835 2.58447
threshold=15.251000000000003 9.8285000000000018 0.90149333598846393 23.446500000000004 91.933000000000007 0.41274032740354816 71.013500000000008 -0.96230016621822467 -0.66248835645380588 11.438000000000001 -0.56069722315089188 -0.86350450715563698 8.8550000000000022 14.237500000000002
decision_type=2 2 2 2 2 2 2 2 2 2 2 2 2 2
left_child=-1 2 -2 4 6 -6 7 -3 11 -10 -11 -9 -13 -14
right_child=1 3 -4 -5 5 -7 -8 8 9 10 -12 12 13 -15
leaf_value=0.00056134205846978819 -0.00024117782018156093 0.0098469932370207347 -0.015098480312470819 0.022888988619012268 -0.0076154637973055387 0.00057906558156295526 0.015312171983584425 -0.00018600638490105515 0.0024058328209101221 -0.031321755220012161 -0.0035408619993502048 0.013792787568448732 0.015544994281254672 -0.007545552461665269
leaf_weight=606 332 65 42 52 61 50 44 297 64 41 142 42 68 46
leaf_count=606 332 65 42 52 61 50 44 297 64 41 142 42 68 46
internal_value=0.00102459 0.000148588 -0.0026738 0.00123457 0.000543478 -0.00585586 0.00142151 0.000718954 -0.000142857 -0.00384615 -0.00737705 0.00187638 0.00641026 0.00263158
internal_weight=1952 1346 374 972 920 111 809 765 700 247 183 453 156 114
internal_count=1952 1346 374 972 920 111 809 765 700 247 183 453 156 114
is_linear=0
shrinkage=0.05


Tree=141
num_leaves=15
num_cat=0
split_feature=0 1 1 0 0 4 4 1 2 3 3 3 3 4
split_gain=1.70014 3.79396 2.70072 1.49876 1.90698 0.897275 3.41469 5.40049 3.54694 4.64801 3.06479 6.40182 2.97272 2.95087
threshold=22.121500000000001 -0.18374257558138074 -0.70252096857941237 21.539000000000005 21.233000000000001 13.409500000000003 10.780000000000003 0.95747632178960107 0.51358210681912742 14.522500000000003 19.770500000000002 67.795000000000002 9.3775000000000031 7.6680000000000001
decision_type=2 2 2 2 2 2 2 2 2 2 2 2 2 2
left_child=3 2 -2 4 5 6 7 13 9 12 -11 -12 -8 -1
right_child=1 -3 -4 -5 -6 -7 8 -9 -10 10 11 -13 -14 -15
leaf_value=0.0018758564894933106 -0.00092251417009722172 0.0083778392801933509 -0.011216691497571802 0.0024820362828801013 -0.011688520744721745 1.4072452445923478e-05 0.0015882458291283541 0.0035854702442462264 0.0026168082015010502 -0.005895587691765472 0.017659153874993515 -0.0037695562712812994 0.019281567431605806 -0.0037470142055096092
leaf_weight=325 95 40 46 79 44 685 67 50 51 60 47 66 49 248
leaf_count=325 95 40 46 79 44 685 67 50 51 60 47 66 49 248
internal_value=0.00102459 -0.00359116 -0.00744681 0.00149633 0.00118203 0.00145631 0.00244029 0.00024077 0.00647059 0.00432526 -0.000867052 0.0039823 0.012069 -0.00113438
internal_weight=1952 181 141 1771 1692 1648 963 623 340 289 173 113 116 573
internal_count=1952 181 141 1771 1692 1648 963 623 340 289 173 113 116 573
is_linear=0
shrinkage=0.05


Tree=142
num_leaves=15
num_cat=0
split_feature=4 4 1 1 0 0 0 3 2 0 1 0 0 3
split_gain=1.20133 2.49026 1.26107 3.07386 2.88583 4.34887 1.99637 4.77389 2.63744 1.65664 1.82358 1.51398 3.94895 2.79542
threshold=3.6465000000000005 4.6780000000000008 -0.10282099713736061 -0.012886663321697788 12.662500000000001 14.501500000000002 11.742500000000001 75.58750000000002 0.94698775307607519 12.766000000000002 0.11577009971046097 22.121500000000001 21.539000000000005 22.685000000000002
decision_type=2 2 2 2 2 2 2 2 2 2 2 2 2 2
left_child=-1 -2 4 -4 -3 -6 7 -5 9 -8 -11 12 13 -7
right_child=1 2 3 6 5 11 8 -9 -10 10 -12 -13 -14 -15
leaf_value=-0.012008448660872513 0.0063093104972419406 -0.0081468146120520658 0.0080490827496876634 -0.00013520605565969928 0.0082757984256523181 -0.0034365133809393517 -0.00061080891005484974 0.011916061037213106 -0.0085412462342720052 -0.010568072812300057 0.00054280399992949761 -0.0035871196177825735 0.0037591860692996436 0.0035738174410915469
leaf_weight=40 48 41 55 52 62 328 45 44 70 47 717 148 61 194
leaf_count=40 48 41 55 52 62 328 45 44 70 47 717 148 61 194
internal_value=0.00107582 0.00125523 0.000965665 0.00213592 -0.000479616 0.000189155 0.00148718 0.00833333 0.000739477 0.00154512 0.00209424 -0.000889193 0.00025729 -0.00114943
internal_weight=1952 1912 1864 1030 834 793 975 96 879 809 764 731 583 522
internal_count=1952 1912 1864 1030 834 793 975 96 879 809 764 731 583 522
is_linear=0
shrinkage=0.05


Tree=143
num_leaves=15
num_cat=0
split_feature=4 4 0 0 0 4 2 1 1 2 1 0 0 0
split_gain=1.15866 1.29493 1.02107 2.4621 2.28707 3.22557 2.23692 4.51042 1.87033 2.90454 3.68059 3.44557 2.42263 1.62268
threshold=3.6465000000000005 4.5515000000000008 15.412500000000003 15.946500000000002 14.604000000000001 9.3395000000000028 0.9669377691982991 -0.017189842955271383 0.9927395293426734 0.46866798009266125 0.25084665036108239 13.194500000000001 13.332500000000001 16.916500000000003
decision_type=2 2 2 2 2 2 2 2 2 2 2 2 2 2
left_child=-1 -2 4 -4 6 -6 8 -8 9 12 -11 -12 -3 -5
right_child=1 2 3 13 5 -7 7 -9 -10 10 11 -13 -14 -15
leaf_value=-0.011408026227828888 0.0079867304218027412 0.0029337974570692983 -0.008576954936655513 0.0024780116732656902 0.0070945715016044854 0.00035904069915858598 -0.014712338226298693 0.0023398824383642999 -0.0019541551706264092 0.0045401612524240244 0.00029720737514477014 -0.014821439054070882 0.0062214010213234808 6.4263165963127096e-06
leaf_weight=40 40 63 88 155 43 76 41 54 42 85 83 51 51 1040
leaf_count=40 40 63 88 155 43 76 41 54 42 85 83 51 51 1040
internal_value=0.000922131 0.00109833 0.00090812 0.000116913 0.00263158 0.00882353 0.00106383 -0.00578947 0.0028 0.00405405 0.000684932 -0.00447761 0.0105263 0.000711297
internal_weight=1952 1912 1872 1283 589 119 470 95 375 333 219 134 114 1195
internal_count=1952 1912 1872 1283 589 119 470 95 375 333 219 134 114 1195
is_linear=0
shrinkage=0.05


Tree=144
num_leaves=15
num_cat=0
split_feature=0 4 3 2 3 3 3 2 4 3 1 4 3 3
split_gain=0.956846 2.86807 4.49851 4.49351 4.38771 4.06428 2.72705 5.3284 3.92886 3.41171 2.37799 2.27781 7.64091 3.42974
threshold=16.916500000000003 12.328000000000001 23.817500000000006 0.12643880951666986 4.2620000000000013 66.927000000000007 14.678000000000003 -0.79877937288636469 13.348000000000001 17.856000000000005 -0.54817103930762534 11.038500000000001 21.082000000000004 28.074500000000004
decision_type=2 2 2 2 2 2 2 2 2 2 2 2 2 2
left_child=-1 3 6 4 -2 -4 8 9 -3 -8 -5 13 -13 -6
right_child=1 2 5 10 11 -7 7 -9 -10 -11 -12 12 -14 -15
leaf_value=0.00049771176497509506 0.0078181287311903606 0.019586643537362364 0.016350187142676356 -0.0010128765155966114 -0.0021471504123288256 0.00042687826623181714 -0.0067390225389098784 -0.032782034113013413 -0.00018327424612551229 0.012155330256367395 -0.033737729456673374 0.00071791658442907358 -0.041977573695259653 0.012529495367535438
leaf_weight=897 41 52 68 107 146 64 57 41 173 50 56 99 45 56
leaf_count=897 41 52 68 107 146 64 57 41 173 50 56 99 45 56
internal_value=0.000973361 -4.73934e-05 0.00267327 -0.00254545 0.000387597 0.0106061 -0.000134048 -0.00540541 0.00333333 0.00046729 -0.0095092 -0.00144509 -0.00625 0.0019802
internal_weight=1952 1055 505 550 387 132 373 148 225 107 163 346 144 202
internal_count=1952 1055 505 550 387 132 373 148 225 107 163 346 144 202
is_linear=0
shrinkage=0.05


Tree=145
num_leaves=15
num_cat=0
split_feature=4 0 1 0 4 2 0 2 0 3 1 0 4 4
split_gain=1.04787 2.46057 5.1669 3.80236 3.6913 2.89206 3.68641 2.75484 2.50084 3.51067 2.2282 4.58281 5.29281 2.11883
threshold=11.537500000000001 17.090000000000003 0.83987808009543619 15.825000000000001 11.076500000000001 0.37522380421282725 14.856000000000002 0.66485539796428639 14.256000000000002 4.5390000000000006 0.16681837808193059 19.253000000000004 12.691000000000001 5.846000000000001
decision_type=2 2 2 2 2 2 2 2 2 2 2 2 2 2
left_child=1 3 4 5 -3 -1 8 -5 9 -7 -2 12 -12 -11
right_child=10 2 -4 7 -6 6 -8 -9 -10 13 11 -13 -14 -15
leaf_value=0.012003079084941548 -0.00016518865614116238 0.00018454826318554108 -0.017843685221942112 0.0086476044595402268 -0.0082925233408298101 0.013714421091780045 -0.0097157420808990161 0.00084085017752714162 0.0041939353300717297 0.0070575748775212905 0.0060982050426388601 0.030922807440239276 0.00012254586606452871 -0.0045049065430602941
leaf_weight=44 528 333 48 51 43 41 67 57 44 45 57 63 434 97
leaf_count=44 528 333 48 51 43 41 67 57 44 45 57 63 434 97
internal_value=0.000717213 -0.000574713 -0.00330189 0.00201794 -0.00132979 -0.000591716 -0.00238095 0.0101852 0.000660793 -0.00191257 0.00175601 0.00397112 0.00234216 -0.0056338
internal_weight=1952 870 424 446 376 338 294 108 227 183 1082 554 491 142
internal_count=1952 870 424 446 376 338 294 108 227 183 1082 554 491 142
is_linear=0
shrinkage=0.05


Tree=146
num_leaves=15
num_cat=0
split_feature=1 3 1 3 1 2 4 3 4 2 3 2 0 1
split_gain=0.942341 0.971486 3.55105 3.06177 3.57145 5.37778 2.82186 1.75176 5.61039 2.3667 4.84188 2.22691 3.04326 4.11283
threshold=0.99805629696255316 99.055500000000009 -0.66484924122790579 99.96050000000001 0.26744970170045884 0.6263638349297701 4.6780000000000008 82.197500000000005 8.5405000000000015 0.98217423127542058 66.927000000000007 0.040813519545864409 17.987500000000001 -0.88606241628642823
decision_type=2 2 2 2 2 2 2 2 2 2 2 2 2 2
left_child=1 6 -3 -4 -5 -6 -1 9 -9 10 11 -8 -13 -14
right_child=-2 2 3 4 5 -7 7 8 -10 -11 -12 12 13 -15
leaf_value=0.011288131747840614 0.00096528352723025408 -0.0077224634769906377 -0.0080594339441568737 0.0080077895716656796 0.00068807155822109278 -0.011088595492849941 0.00057530650029662404 0.032033347818081405 -3.0937551851632776e-05 0.0044665467835919015 -0.012051606740166101 -1.1514256980260653e-06 -0.0010974876462518379 -0.03234328889261974
leaf_weight=51 43 57 42 102 81 54 863 42 112 42 54 302 67 40
leaf_count=51 43 57 42 102 81 54 863 42 112 42 54 302 67 40
internal_value=0.000819672 0.000654793 -0.00178571 0.000537634 0.00274262 -0.00259259 0.0011761 0.000788436 0.00584416 0.000219298 -0.00015083 0.000471698 -0.00256724 -0.00981308
internal_weight=1952 1909 336 279 237 135 1573 1522 154 1368 1326 1272 409 107
internal_count=1952 1909 336 279 237 135 1573 1522 154 1368 1326 1272 409 107
is_linear=0
shrinkage=0.05


Tree=147
num_leaves=15
num_cat=0
split_feature=1 0 4 4 4 0 1 4 1 2 0 4 0 0
split_gain=1.19093 6.45086 1.39968 4.84804 4.20961 3.49825 3.01449 3.8919 3.11201 4.43826 2.88179 2.73988 2.66869 2.43875
threshold=0.99052327954040398 14.5555 14.813500000000003 15.287000000000001 14.005000000000001 19.970000000000002 0.83987808009543619 12.462000000000002 0.16681837808193059 -0.36324666135702649 17.274000000000004 9.7835000000000019 11.630500000000001 18.703000000000007
decision_type=2 2 2 2 2 2 2 2 2 2 2 2 2 2
left_child=2 -2 4 -4 6 13 7 12 9 -9 11 -8 -1 -5
right_child=1 -3 3 5 -6 -7 10 8 -10 -11 -12 -13 -14 -15
leaf_value=0.010448337544200671 -0.0007887312322580408 0.0065783051103369492 0.0086836490184124034 0.00031346473962196725 -0.014997856172133062 0.012771013524776997 0.0053634992207889365 -0.00072699927166490215 0.014356319611256947 0.012883392925411531 -0.029785346266089214 -0.0053992203802318119 -0.00025390171792396833 -0.018999995152026439
leaf_weight=49 43 53 47 364 107 45 41 123 63 43 50 51 829 44
leaf_count=49 43 53 47 364 107 45 41 123 63 43 50 51 829 44
internal_value=0.000819672 0.00625 0.000538793 0.0028 -0.000294985 0.00121413 0.000520416 0.00140018 0.00720524 0.00361446 -0.00633803 -0.00108696 -0.000113895 -0.000245098
internal_weight=1952 96 1856 500 1356 453 1249 1107 229 166 142 92 878 408
internal_count=1952 96 1856 500 1356 453 1249 1107 229 166 142 92 878 408
is_linear=0
shrinkage=0.05


Tree=148
num_leaves=15
num_cat=0
split_feature=1 0 4 4 4 1 0 2 0 0 2 4 0 2
split_gain=1.2825 4.53423 1.00083 0.801744 3.9274 2.60308 5.85347 4.32647 3.21867 2.78549 2.41509 2.35999 2.72727 2.35804
threshold=0.99052327954040398 14.5555 3.6465000000000005 14.813500000000003 15.287000000000001 0.1328271176880281 17.657000000000004 -0.26538825390934467 14.188500000000003 14.341500000000002 0.43802537080760273 14.043500000000002 19.157500000000002 -0.67125995756753143
decision_type=2 2 2 2 2 2 2 2 2 2 2 2 2 2
left_child=2 -2 -1 11 -5 7 8 -6 10 -9 -7 -4 -13 -10
right_child=1 -3 3 4 5 6 -8 9 13 -11 -12 12 -14 -15
leaf_value=-0.011756864298965192 -0.00074929467064513845 0.0062493898548201011 0.00015925061090762971 0.0082494665674917814 -0.011630017968273532 0.016417619993157308 0.021280951501374025 -0.0089663285871928785 0.0010921514950140154 0.011020620150934 -0.0029450721862852806 -0.021531458418911832 -0.0027107156930715501 -0.0093255445978846722
leaf_weight=40 43 53 1217 47 69 53 54 48 51 53 53 45 54 72
leaf_count=40 43 53 1217 47 69 53 54 48 51 53 53 45 54 72
internal_value=0.000614754 0.00625 0.000323276 0.000495595 0.0022 0.000772627 0.00371025 -0.00411765 0.000218341 0.00247525 0.00660377 -0.000151976 -0.00757576 -0.00528455
internal_weight=1952 96 1856 1816 500 453 283 170 229 101 106 1316 99 123
internal_count=1952 96 1856 1816 500 453 283 170 229 101 106 1316 99 123
is_linear=0
shrinkage=0.05


Tree=149
num_leaves=15
num_cat=0
split_feature=2 2 3 3 2 1 4 4 0 3 0 4 2 4
split_gain=0.890829 3.33367 2.9369 3.80952 3.93685 2.45387 2.82776 3.01633 2.64385 2.43587 2.72482 2.77028 2.22796 2.62017
threshold=0.21113058295073206 0.29426351849031901 8.0950000000000006 19.232500000000005 -0.30081980763566774 -0.88606241628642823 23.603000000000005 18.768500000000007 17.987500000000001 98.322500000000005 19.903500000000005 16.099500000000003 -0.94849615754507433 19.610500000000005
decision_type=2 2 2 2 2 2 2 2 2 2 2 2 2 2
left_child=2 -2 12 4 -4 -3 7 8 -7 10 11 -5 -1 -14
right_child=1 5 3 9 -6 6 -8 -9 -10 -11 -12 -13 13 -15
leaf_value=-0.012644330804636389 -0.010761275432319374 0.0060522474778771712 -0.00064360160007224671 0.0088895117383393455 -0.024842920073189934 4.676281039234787e-05 0.0024235512173756968 -0.014336606811061921 -0.019556369757569747 -0.0008986225446826646 -8.7166731241571105e-05 0.00036765274667648344 0.0073632896142282189 -0.0022124151535245495
leaf_weight=40 49 51 373 145 53 515 77 40 52 111 129 71 203 43
leaf_count=40 49 51 373 145 53 515 77 40 52 111 129 71 203 43
internal_value=0.000665984 -0.000637755 0.0015411 0.000113379 -0.00328638 0.000204082 -0.000584795 -0.00172982 -0.000793651 0.00328947 0.00536232 0.0087963 0.00594406 0.00772358
internal_weight=1952 784 1168 882 426 735 684 607 567 456 345 216 286 246
internal_count=1952 784 1168 882 426 735 684 607 567 456 345 216 286 246
is_linear=0
shrinkage=0.05


Tree=150
num_leaves=15
num_cat=0
split_feature=4 2 4 4 4 4 4 1 1 2 2 3 0 0
split_gain=0.9222 5.31232 1.24684 2.17773 1.84574 2.34221 2.57469 1.65956 2.57579 1.41383 2.283 2.82189 3.44681 2.19162
threshold=23.900500000000005 0.70329649815198148 20.464000000000002 19.141500000000004 17.801000000000005 16.974500000000003 16.361500000000003 0.99052327954040398 0.96230016621822489 -0.99791438307893243 -0.94849615754507433 12.464500000000001 20.710500000000003 23.061500000000006
decision_type=2 2 2 2 2 2 2 2 2 2 2 2 2 2
left_child=2 -2 3 4 5 6 7 8 9 -1 11 -11 -13 -12
right_child=1 -3 -4 -5 -6 -7 -8 -9 -10 10 13 12 -14 -15
leaf_value=0.005396155641095266 -0.0038851762433482098 0.0080926676980485508 -0.0040726874801556567 0.0035440585531114942 -0.0073035867322803266 0.012599988255042716 -0.013962170403283215 0.0014702285160738461 -0.006592369267511897 0.0073698745118638545 0.00055556407351170793 -0.021889325907348465 -0.00094589635763565611 -0.010223211660703413
leaf_weight=40 77 47 77 42 49 56 42 65 62 54 1166 47 47 81
leaf_count=40 77 47 77 42 49 56 42 65 62 54 1166 47 47 81
internal_value=0.000665984 0.00483871 0.000382932 0.000656768 0.000380339 0.000662651 0.000311721 0.000640205 0.000300601 0.000731707 0.00046595 -0.00540541 -0.0106383 0.00116279
internal_weight=1952 124 1828 1751 1709 1660 1604 1562 1497 1435 1395 148 94 1247
internal_count=1952 124 1828 1751 1709 1660 1604 1562 1497 1435 1395 148 94 1247
is_linear=0
shrinkage=0.05


Tree=151
num_leaves=15
num_cat=0
split_feature=4 2 3 1 3 2 4 3 3 0 4 4 1 1
split_gain=0.877468 5.31232 1.57463 2.5886 2.22182 2.13076 3.45145 2.755 2.59766 4.34603 2.19327 5.1077 5.53644 2.12231
threshold=23.900500000000005 0.70329649815198148 99.055500000000009 -0.65189295912203338 93.553000000000011 0.76110425866077447 7.2805000000000009 5.9110000000000005 4.8680000000000012 14.018500000000001 9.8285000000000018 9.3395000000000028 -0.85206963063867736 0.48941038753127741
decision_type=2 2 2 2 2 2 2 2 2 2 2 2 2 2
left_child=2 -2 4 -4 5 6 7 -1 9 -7 11 12 -8 -5
right_child=1 -3 3 13 -6 8 10 -9 -10 -11 -12 -13 -14 -15
leaf_value=8.0969033556563266e-05 -0.0036909174311807961 0.00768803431314612 -0.01172195943068784 0.0037173005919628275 0.0031788240724370726 0.014587305650522527 -0.010214784870478666 0.010013187322949113 -0.0078068062617898453 -0.0030789477687894976 0.00071444944595667754 -0.017376491841699208 0.0070772291094142528 -0.0047032809011247519
leaf_weight=41 77 47 56 124 72 40 52 51 119 72 961 45 70 125
leaf_count=41 77 47 56 124 72 40 52 51 119 72 961 45 70 125
internal_value=0.000768443 0.00483871 0.000492341 -0.00278689 0.00114905 0.000723639 0.00155738 0.0108696 -0.00367965 0.00178571 0.000797872 -0.00449102 0.000819672 -0.00060241
internal_weight=1952 124 1828 305 1523 1451 1220 92 231 112 1128 167 122 249
internal_count=1952 124 1828 305 1523 1451 1220 92 231 112 1128 167 122 249
is_linear=0
shrinkage=0.05


Tree=152
num_leaves=15
num_cat=0
split_feature=0 0 2 2 2 2 2 0 0 1 1 4 2 2
split_gain=1.00288 3.20697 4.03962 4.62745 1.92982 4.20975 3.85797 2.53792 1.21488 1.92658 4.07684 3.12464 1.98965 1.69412
threshold=13.057000000000002 13.439500000000002 0.98217423127542058 0.94698775307607519 0.96906388833713553 0.6971494193916894 0.31064877563037102 11.908500000000002 14.856000000000002 0.99052327954040398 0.87518633148764147 10.355500000000001 -0.31473592273745027 0.61287127154566789
decision_type=2 2 2 2 2 2 2 2 2 2 2 2 2 2
left_child=4 -2 3 8 5 6 -1 -7 -3 10 13 -12 -13 -10
right_child=1 2 -4 -5 -6 7 -8 -9 9 -11 11 12 -14 -15
leaf_value=0.0032282720284852687 -0.0041258114175749486 0.0028520423845218136 0.0060498651910281037 -0.016864458443467796 -0.00089993716221650549 0.00077798591071082395 -0.0061897897012374893 0.010266195490987074 0.00073026588709754279 0.003458039728724981 -0.014574828677469179 0.0021490613975996306 -0.012800676865318286 -0.0012330218883033262
leaf_weight=60 50 179 51 46 55 53 55 41 1034 50 40 42 50 146
leaf_count=60 50 179 51 46 55 53 55 41 1034 50 40 42 50 146
internal_value=0.000922131 0.000473934 0.000854701 0.000409578 0.00378788 0.00598086 -0.000434783 0.0138298 0.000876055 0.000367107 0 -0.00833333 -0.00326087 0.000932203
internal_weight=1952 1688 1638 1587 264 209 115 94 1541 1362 1312 132 92 1180
internal_count=1952 1688 1638 1587 264 209 115 94 1541 1362 1312 132 92 1180
is_linear=0
shrinkage=0.05


Tree=153
num_leaves=15
num_cat=0
split_feature=0 2 1 0 3 3 3 1 1 1 0 3 0 2
split_gain=0.971687 3.07735 3.73121 1.8 1.62612 4.99413 3.79192 2.99309 2.50749 2.75563 1.62287 6.61111 4.03554 2.21574
threshold=20.350000000000005 -0.079425928728534406 0.1328271176880281 21.953500000000002 12.8665 15.778 10.184000000000003 -0.79356426026969629 -0.7721494341254892 -0.41274032740354771 19.724000000000004 13.191500000000001 19.481500000000004 -0.98597924778888291
decision_type=2 2 2 2 2 2 2 2 2 2 2 2 2 2
left_child=10 2 4 -3 6 -6 7 -2 -7 -10 12 -12 13 -1
right_child=1 3 -4 -5 5 8 -8 -9 9 -11 11 -13 -14 -15
leaf_value=-0.0067472876495763973 -0.0041517064232466554 -0.00040762025145058608 0.013940046713263815 -0.016636600154929671 0.008264023772562995 0.015886896166226221 -0.010986052070378217 0.0047661261584482752 -0.016088625234547654 0.0025884291633582468 0.016902181244013097 -0.0031553548025600969 -0.016416703625012047 0.00062083759705798829
leaf_weight=40 50 40 54 40 47 40 48 47 54 40 56 63 51 1282
leaf_count=40 50 40 54 40 47 40 48 47 54 40 56 63 51 1282
internal_value=0.000922131 -0.00108696 0.000789474 -0.01 -0.00122699 0.0019337 -0.00517241 0.000515464 -0.00298507 -0.00744681 0.00154155 0.00714286 0.00105608 0.0015885
internal_weight=1952 460 380 80 326 181 145 97 134 94 1492 119 1373 1322
internal_count=1952 460 380 80 326 181 145 97 134 94 1492 119 1373 1322
is_linear=0
shrinkage=0.05


Tree=154
num_leaves=15
num_cat=0
split_feature=0 0 3 4 2 0 0 3 4 2 1 4 1 1
split_gain=1.28552 1.28959 1.83004 2.27623 1.19353 2.33804 2.53401 2.08526 2.62846 1.76714 1.38168 3.71547 3.7115 1.2546
threshold=24.661500000000004 22.121500000000001 8.5370000000000008 12.122500000000002 -0.86350450715563698 21.539000000000005 20.686500000000006 8.0240000000000009 15.781500000000001 -0.8069893509785715 -0.27123391067291053 12.413500000000001 0.047250493887438572 0.97505550290239451
decision_type=2 2 2 2 2 2 2 2 2 2 2 2 2 2
left_child=1 4 -3 -4 7 6 9 -1 10 -6 -9 -12 -13 -11
right_child=-2 2 3 -5 5 -7 -8 8 -10 13 11 12 -14 -15
leaf_value=-0.0083845254759180813 0.0088162498053089063 0.00030558633038863946 -0.020107831222501652 0.0019371139632016422 0.013619634367879356 0.0039419725441379007 -0.0080126804412023883 -0.00091879491572606227 -0.0090434668482615565 0.00028057263552918601 -0.0041956948948754418 0.010704512893943379 0.00037976712879317923 0.00074469754066470723
leaf_weight=49 42 42 56 41 42 48 84 65 46 1137 58 40 57 145
leaf_count=49 42 42 56 41 42 48 84 65 46 1137 58 40 57 145
internal_value=0.000870902 0.000680628 -0.00395683 -0.00773196 0.00104461 0.00164835 0.00127841 -0.00174603 0 0.00181269 0.00227273 0.00483871 0.0108247 0.00148206
internal_weight=1952 1910 139 97 1771 1456 1408 315 266 1324 220 155 97 1282
internal_count=1952 1910 139 97 1771 1456 1408 315 266 1324 220 155 97 1282
is_linear=0
shrinkage=0.05


Tree=155
num_leaves=15
num_cat=0
split_feature=3 3 3 2 4 2 4 1 1 1 4 4 1 0
split_gain=0.821098 4.24698 3.73924 2.91764 2.70319 3.31134 2.39996 1.91587 3.66685 2.11914 1.75127 3.64456 2.23637 2.49258
threshold=8.0950000000000006 6.8175000000000008 10.453000000000001 -0.49501433321452953 23.900500000000005 0.71541278717867718 17.801000000000005 -0.98801351631316325 -0.93535928755917819 -0.87795195455888908 21.126500000000004 17.290000000000003 -0.97505550290239429 18.944000000000006
decision_type=2 2 2 2 2 2 2 2 2 2 2 2 2 2
left_child=1 10 3 -2 6 -6 7 -4 -9 -10 11 12 -1 -14
right_child=2 -3 4 -5 5 -7 -8 8 9 -11 -12 -13 13 -15
leaf_value=0.0082211619484362074 -0.00072635626488245098 0.0056822954694339227 -0.010172554778233305 -0.014522932748192089 0.00039719004192264598 0.0072987052968304022 -0.0028543276378744848 0.013324305317987657 -0.013652746726283128 0.00036077877235352052 -0.0054519235182931671 0.011028358710308012 0.00037969522514145066 -0.004807620418471473
leaf_weight=46 67 48 42 42 53 40 96 67 45 951 54 51 251 99
leaf_count=46 67 48 42 42 53 40 96 67 45 951 54 51 251 99
internal_value=0.000819672 0.00245902 0.00017819 -0.0087156 0.000927357 0.00913978 0.000291424 0.000950226 0.00136406 0.00060241 0.0010978 0.00212528 0.000505051 -0.000857143
internal_weight=1952 549 1403 109 1294 93 1201 1105 1063 996 501 447 396 350
internal_count=1952 549 1403 109 1294 93 1201 1105 1063 996 501 447 396 350
is_linear=0
shrinkage=0.05


Tree=156
num_leaves=15
num_cat=0
split_feature=2 0 2 0 4 1 2 0 1 2 3 2 2 0
split_gain=0.865439 3.56664 2.52342 0.967855 2.26406 2.42032 7.83484 2.74286 1.95874 1.98285 2.00875 1.83416 3.0564 4.79626
threshold=0.98217423127542058 13.439500000000002 0.94713111268739625 15.412500000000003 5.6070000000000002 0.48941038753127741 0.46866798009266125 11.908500000000002 0.9927395293426734 -0.15621076983770799 29.860500000000005 0.66485539796428639 0.29426351849031901 16.7895
decision_type=2 2 2 2 2 2 2 2 2 2 2 2 2 2
left_child=2 -2 3 4 -1 -6 8 -8 9 10 -7 12 -5 -14
right_child=1 -3 -4 11 5 6 7 -9 -10 -11 -12 -13 13 -15
leaf_value=0.018235005351030953 -0.0020866464329171567 0.0056842624812296627 -0.0031345336484509215 -4.9102291778978235e-05 0.006050422757918051 0.0046023930228202949 -0.002622654654238621 -0.012510058151023943 -0.00032993077540466011 0.0033200678581717272 -0.0016403278419060586 -0.0022013999532575269 0.016189128757487948 0.00046185329421210983
leaf_weight=44 56 51 79 1036 125 41 40 56 48 69 54 107 45 101
leaf_count=44 56 51 79 1036 125 41 40 56 48 69 54 107 45 101
internal_value=0.000768443 0.00514019 0.000514905 0.000906002 0.00283019 0.0017321 -0.000649351 -0.0125 0.00471698 0.00731707 0.00263158 0.000193949 0.000761421 0.00753425
internal_weight=1952 107 1845 1766 477 433 308 96 212 164 95 1289 1182 146
internal_count=1952 107 1845 1766 477 433 308 96 212 164 95 1289 1182 146
is_linear=0
shrinkage=0.05


Tree=157
num_leaves=15
num_cat=0
split_feature=4 4 1 1 3 1 0 0 3 2 3 3 4 2
split_gain=1.11676 1.34098 1.09947 3.90693 4.76374 2.31322 2.30409 2.11889 3.42857 3.36034 1.90148 2.6531 2.5188 1.70308
threshold=3.6465000000000005 4.5515000000000008 -0.10282099713736061 -0.46296662190318316 8.911500000000002 -0.012886663321697788 23.061500000000006 11.742500000000001 84.263000000000019 0.94698775307607519 4.1335000000000006 5.9110000000000005 9.6325000000000021 0.71541278717867718
decision_type=2 2 2 2 2 2 2 2 2 2 2 2 2 2
left_child=-1 -2 3 6 -5 -4 10 8 -7 -9 12 -12 -3 -13
right_child=1 2 5 4 -6 7 -8 9 -10 -11 11 13 -14 -15
leaf_value=-0.012060383604825243 0.0061294324026128976 0.0087438311077401853 0.0061932651141351804 -0.031754857448646631 -0.0011594872147400765 -0.00016283830770420782 -0.0097151315235236239 0.00043876062950150426 0.011346439976790369 -0.0069643969638939892 -0.00083627293533961456 0.00035826515053567488 0.0015075129393536198 0.0081114484508650279
leaf_weight=40 40 46 55 42 182 54 72 811 42 70 41 357 58 42
leaf_count=40 40 46 55 42 182 54 72 811 42 70 41 357 58 42
internal_value=0.000768443 0.000941423 0.000747863 -0.000595238 -0.00625 0.00184109 0.00146104 0.00127943 0.00833333 0.000510783 0.00257353 0.00113636 0.00865385 0.00238095
internal_weight=1952 1912 1872 840 224 1032 616 977 96 881 544 440 104 399
internal_count=1952 1912 1872 840 224 1032 616 977 96 881 544 440 104 399
is_linear=0
shrinkage=0.05


Tree=158
num_leaves=15
num_cat=0
split_feature=0 0 2 0 3 3 0 3 3 4 3 0 3 4
split_gain=1.22536 1.2936 1.3561 2.87562 2.45228 2.265 6.11712 2.86893 2.15311 3.52653 3.47305 2.9304 2.6569 2.12228
threshold=24.661500000000004 23.061500000000006 -0.94849615754507433 20.545500000000004 13.0265 4.3930000000000016 20.092000000000002 2.6780000000000004 12.177500000000002 9.0020000000000007 13.960500000000001 14.972500000000002 9.8525000000000009 23.900500000000005
decision_type=2 2 2 2 2 2 2 2 2 2 2 2 2 2
left_child=1 2 3 4 -1 6 7 -4 9 -7 -10 -11 -13 -12
right_child=-2 -3 5 -5 -6 8 -8 -9 10 11 13 12 -14 -15
leaf_value=0.010717312404200877 0.0082529863896354371 -0.0038391787102224351 3.3438944658448214e-05 -0.017995507416086833 -0.0058636562502577538 -0.013314309183462894 0.011846630945353525 0.0060940696243733791 0.0029023818698561965 -0.010538872124889376 0.0001414137025681092 0.0023184389735175837 -0.0045984483900717646 0.0020217278832308171
leaf_weight=65 42 68 221 67 69 70 44 47 46 42 902 119 63 87
leaf_count=65 42 68 221 67 69 70 44 47 46 42 902 119 63 87
internal_value=0.00107582 0.000890052 0.00114007 -0.00273632 0.00149254 0.00161487 0.00544872 0.00261194 0.000714823 -0.00306122 0.00178744 0 0.00274725 0.00116279
internal_weight=1952 1910 1842 201 134 1641 312 268 1329 294 1035 224 182 989
internal_count=1952 1910 1842 201 134 1641 312 268 1329 294 1035 224 182 989
is_linear=0
shrinkage=0.05


Tree=159
num_leaves=15
num_cat=0
split_feature=3 4 4 3 2 3 4 3 0 2 2 3 2 3
split_gain=0.807902 2.65906 1.52379 2.45799 3.16557 5.17409 2.55654 3.23717 3.38689 2.52808 2.47238 2.43497 4.95977 3.67125
threshold=98.322500000000005 4.6780000000000008 5.6070000000000002 82.197500000000005 0.97879788253113664 66.927000000000007 21.126500000000004 40.989000000000004 18.514500000000002 -0.30081980763566774 0.60605034090854637 8.0950000000000006 0.60605034090854637 4.9670000000000014
decision_type=2 2 2 2 2 2 2 2 2 2 2 2 2 2
left_child=1 -1 -3 4 5 6 7 11 -9 -8 -5 12 13 -4
right_child=-2 2 3 10 -6 -7 9 8 -10 -11 -12 -13 -14 -15
leaf_value=0.0074671063807956297 -8.294484030600403e-05 -0.001961695201288677 0.00064536301656225041 0.012610013444722474 0.0041543865541349284 -0.015265057201117413 0.0011948707703661077 0.0081164228543415713 -0.0017483359955722312 -0.0085637466930321426 -0.006166472128966133 -0.00049766055243220114 -0.006141136416570536 0.0042344133915283248
leaf_weight=51 366 43 199 93 42 54 40 64 41 53 40 629 118 119
leaf_count=51 366 43 199 93 42 54 40 64 41 53 40 629 118 119
internal_value=0.00102459 0.00151324 0.00114007 0.00140751 0.000772627 0.000341686 0.000989707 0.00162393 0.01 -0.00698925 0.00789474 0.000798122 0.00366972 0.00691824
internal_weight=1952 1586 1535 1492 1359 1317 1263 1170 105 93 133 1065 436 318
internal_count=1952 1586 1535 1492 1359 1317 1263 1170 105 93 133 1065 436 318
is_linear=0
shrinkage=0.05


Tree=160
num_leaves=15
num_cat=0
split_feature=3 4 1 0 2 2 4 1 1 2 1 4 0 2
split_gain=0.887978 2.07482 1.58674 2.25958 3.35624 2.49601 2.64502 3.35285 2.41676 2.49696 2.39726 2.26282 2.43644 2.39024
threshold=98.322500000000005 4.5515000000000008 0.99628894895067466 13.985500000000002 0.21113058295073206 0.76110425866077447 8.8270000000000017 -0.9523687564627995 0.73465119469809237 0.86564557464733971 0.25084665036108239 9.8285000000000018 14.972500000000002 -0.18163955523420786
decision_type=2 2 2 2 2 2 2 2 2 2 2 2 2 2
left_child=1 -1 3 4 -3 6 7 -5 9 -6 -9 13 -13 -8
right_child=-2 2 -4 5 8 -7 11 10 -10 -11 -12 12 -14 -15
leaf_value=0.010679124440721256 -7.8797598290702989e-05 0.0093419455822122809 -0.00070640733598926759 -0.0073927523101205098 0.0052521693708465827 -0.0024112058511752913 -0.012534832090198112 0.0057570979923265977 -0.006316334668509619 0.00047087910450389073 0.0027542716905947454 -0.0059238303940077845 0.00078287133862254838 0.00032114108008756694
leaf_weight=45 366 42 43 47 42 131 41 51 42 85 49 45 882 41
leaf_count=45 366 42 43 47 42 131 41 51 42 85 49 45 882 41
internal_value=0.00112705 0.00163934 0.0013303 0.00160214 0.0063981 0.000815851 0.00155709 0.00782313 0.00325444 0.00669291 0.013 0.000644202 0.00134844 -0.00731707
internal_weight=1952 1586 1541 1498 211 1287 1156 147 169 127 100 1009 927 82
internal_count=1952 1586 1541 1498 211 1287 1156 147 169 127 100 1009 927 82
is_linear=0
shrinkage=0.05


Tree=161
num_leaves=15
num_cat=0
split_feature=4 4 1 0 4 3 4 3 4 0 2 0 4 0
split_gain=1.41804 1.6016 2.34365 2.68168 2.02571 2.64798 8.19039 1.66482 8.13617 2.29628 1.64838 1.79624 1.4664 2.3409
threshold=4.7805000000000009 7.6680000000000001 -0.80392051724781044 16.7895 8.2995000000000019 0.36100000000000004 13.795500000000002 4.9670000000000014 16.736000000000001 23.850500000000004 0.82438889030848939 14.501500000000002 26.842500000000005 12.377500000000003
decision_type=2 2 2 2 2 2 2 2 2 2 2 2 2 2
left_child=-1 2 -2 10 -3 6 -6 8 -7 12 -4 -12 13 -9
right_child=1 4 3 -5 5 7 -8 9 -10 -11 11 -13 -14 -15
leaf_value=-0.0017434147333559441 0.0095614713959557736 -0.0072239255393965005 -4.0288148774653144e-05 -0.00097113489776920296 0.013052149812741901 -0.013146775519858586 -0.0046290547224720176 -0.0021276130073202282 0.0034093342392682805 0.02074222163680638 0.0019841009498418384 0.0059681593917339628 0.0018354741870429349 0.00032887149164966966
leaf_weight=96 48 56 59 64 59 87 62 103 51 40 61 43 66 1057
leaf_count=96 48 56 59 64 59 87 62 103 51 40 61 43 66 1057
internal_value=0.000717213 0.00102371 0.00454545 0.00242291 0.000411132 0.000754098 0.00785124 0.00014245 -0.00507246 0.0007109 0.00582822 0.00961538 0.000326264 -8.62069e-05
internal_weight=1952 1856 275 227 1581 1525 121 1404 138 1266 163 104 1226 1160
internal_count=1952 1856 275 227 1581 1525 121 1404 138 1266 163 104 1226 1160
is_linear=0
shrinkage=0.05


Tree=162
num_leaves=15
num_cat=0
split_feature=4 3 4 3 3 4 1 4 2 2 3 1 4 1
split_gain=1.34544 1.3531 1.10019 0.919807 3.28686 2.63016 3.56951 2.70852 3.49776 2.15863 2.08342 3.30607 3.06493 2.92312
threshold=4.7805000000000009 71.388000000000019 5.5080000000000009 8.0950000000000006 6.8175000000000008 23.900500000000005 0.71989675514303919 17.801000000000005 -0.13301470653419609 -0.99665976668634515 30.770500000000002 -0.92913280730858794 14.813500000000003 -0.83354805289222234
decision_type=2 2 2 2 2 2 2 2 2 2 2 2 2 2
left_child=1 -1 -2 4 -4 7 -7 9 -9 -5 13 -12 -13 -11
right_child=2 -3 3 5 -6 6 -8 8 -10 10 11 12 -14 -15
leaf_value=0.002115798611737385 0.0034402980288879893 -0.010369676767063808 0.00042026772129269419 0.0045228208448092194 0.0053643511426750903 0.0064695476534652576 -0.0017008504240372257 -0.006037053671583895 -0.002124670350902491 -0.019149031242238053 0.023081201821946753 -0.00014302754897362326 0.0056895395245742456 -4.5241322003178667e-05
leaf_weight=45 48 51 459 48 46 49 44 40 59 112 57 384 94 416
leaf_count=45 48 51 459 48 46 49 44 40 59 112 57 384 94 416
internal_value=0.000563525 -0.00520833 0.000862069 0.000663717 0.00247525 -3.8373e-05 0.00806452 -0.000661157 -0.00858586 4.50045e-05 -0.00042333 0.0017757 0.00041841 -0.00265152
internal_weight=1952 96 1856 1808 505 1303 93 1210 99 1111 1063 535 478 528
internal_count=1952 96 1856 1808 505 1303 93 1210 99 1111 1063 535 478 528
is_linear=0
shrinkage=0.05


Tree=163
num_leaves=15
num_cat=0
split_feature=4 3 4 2 2 4 1 1 3 3 0 3 4 3
split_gain=1.34544 1.3531 1.10019 0.955963 2.86748 3.60197 4.94083 4.20259 3.12947 5.33742 2.01308 1.95971 4.45356 3.86815
threshold=4.7805000000000009 71.388000000000019 5.5080000000000009 0.57132313271480106 0.6971494193916894 23.187000000000001 0.48941038753127741 0.33302288323572038 99.994000000000014 4.6480000000000006 14.341500000000002 8.0950000000000006 21.126500000000004 4.9670000000000014
decision_type=2 2 2 2 2 2 2 2 2 2 2 2 2 2
left_child=1 -1 -2 11 -5 6 7 8 9 -6 -11 12 13 -4
right_child=2 -3 3 4 5 -7 -8 -9 -10 10 -12 -13 -14 -15
leaf_value=0.0020100086811505103 0.003268283127443589 -0.009851192928710617 0.00071780628740647501 -0.0067351320164428467 0.0070090503982712833 0.006146070270791993 -0.01091268190623928 0.012378528936040172 0.0044046686415662173 -0.0045035486234140751 -0.029456327727517412 9.2571561292744385e-05 -0.0060827305121919362 0.0043791515321841236
leaf_weight=45 48 51 197 71 64 51 50 41 62 62 41 1012 41 116
leaf_count=45 48 51 197 71 64 51 50 41 62 62 41 1012 41 116
internal_value=0.000563525 -0.00520833 0.000862069 0.000663717 -0.00135747 0.000404313 -0.0015625 0.00111111 -0.00152838 -0.00508982 -0.0121359 0.00131772 0.00451977 0.00654952
internal_weight=1952 96 1856 1808 442 371 320 270 229 167 103 1366 354 313
internal_count=1952 96 1856 1808 442 371 320 270 229 167 103 1366 354 313
is_linear=0
shrinkage=0.05


Tree=164
num_leaves=15
num_cat=0
split_feature=4 4 3 4 4 1 0 3 1 2 1 1 1 1
split_gain=1.44267 1.55297 2.31767 1.44048 2.83168 2.02513 1.79064 1.3531 1.01012 1.8 1.55024 1.00215 2.34849 0.952184
threshold=4.7805000000000009 7.6680000000000001 0.053500000000000006 5.7325000000000008 6.7720000000000011 -0.24284747324344283 15.412500000000003 71.388000000000019 -0.98801351631316325 1.0000000180025095e-35 -0.96230016621822467 0.99532555264836797 0.98009454285431663 0.96230016621822489
decision_type=2 2 2 2 2 2 2 2 2 2 2 2 2 2
left_child=7 2 -2 -4 5 -5 -6 -1 9 -3 -10 12 13 -12
right_child=1 8 3 4 6 -7 -8 -9 10 -11 11 -13 -14 -15
leaf_value=0.0019095082470929948 -0.0011880331481370244 0.0014475175180967998 0.0037136152690500136 0.0021172247109691347 0.0013949525518812235 -0.0095210665491595077 0.0076769118326520201 -0.0093586332822750869 0.0064162080453612387 -0.010732294410881766 0.0001983830960837818 -0.00068500774438824414 0.0032106525210899269 -0.0021767497348907532
leaf_weight=45 59 40 48 41 41 42 44 51 56 40 1279 59 65 42
leaf_count=45 59 40 48 41 41 42 44 51 56 40 1279 59 65 42
internal_value=0.000768443 0.00107759 0.00454545 0.00694444 0.0047619 -0.00180723 0.0111765 -0.00520833 0.000474383 -0.005 0.000766156 0.000449827 0.000721501 0.000264951
internal_weight=1952 1856 275 216 168 83 85 96 1581 80 1501 1445 1386 1321
internal_count=1952 1856 275 216 168 83 85 96 1581 80 1501 1445 1386 1321
is_linear=0
shrinkage=0.05


Tree=165
num_leaves=15
num_cat=0
split_feature=4 3 4 0 4 4 3 4 4 0 1 3 0 4
split_gain=1.36943 1.3531 1.33037 3.21126 1.06145 1.33534 1.49267 4.56718 1.28653 2.84449 2.0826 2.64745 2.4691 7.12727
threshold=4.7805000000000009 71.388000000000019 6.3995000000000006 15.412500000000003 6.7720000000000011 7.5365000000000011 0.36100000000000004 13.795500000000002 12.328000000000001 21.657500000000002 -0.98801351631316325 5.9110000000000005 21.584000000000003 10.780000000000003
decision_type=2 2 2 2 2 2 2 2 2 2 2 2 2 2
left_child=1 -1 3 -2 -4 -6 7 -7 10 -10 -8 -12 -13 -14
right_child=2 -3 4 -5 5 6 8 -9 9 -11 11 12 13 -15
leaf_value=0.001814032834738355 0.0056896142797060682 -0.0088907016181613337 -0.010148109291159247 -0.00055130528883862715 0.0026518695552547656 0.0098467825760008131 -0.015882336993359416 -0.0044516925243692244 0.00016249458488301513 0.01316045537749373 -0.012556259599104802 0.00078560497601607576 0.001255331746310262 -0.034814733010431712
leaf_weight=45 59 51 40 70 90 79 45 62 796 78 59 368 55 55
leaf_count=45 59 51 40 70 90 79 45 62 796 78 59 368 55 55
internal_value=0.000614754 -0.00520833 0.000915948 0.00581395 0.000550087 0.00074096 0.000407013 0.00531915 -6.86813e-05 0.00114416 -0.00189003 -0.00102421 0.000209205 -0.00636364
internal_weight=1952 96 1856 129 1727 1687 1597 141 1456 874 582 537 478 110
internal_count=1952 96 1856 129 1727 1687 1597 141 1456 874 582 537 478 110
is_linear=0
shrinkage=0.05


Tree=166
num_leaves=15
num_cat=0
split_feature=1 4 1 1 4 2 3 3 0 1 4 4 4 1
split_gain=1.66302 1.26583 1.20415 1.80806 1.05726 4.35159 3.45421 4.47984 1.6332 1.54743 1.31682 2.02211 2.21175 2.43976
threshold=0.99532555264836797 3.6465000000000005 0.98009454285431663 0.96230016621822489 8.209500000000002 0.22790171382004171 0.053500000000000006 4.9940000000000007 24.058000000000003 -0.27609441636666104 9.0640000000000018 9.6325000000000021 10.088000000000003 0.20061247795988868
decision_type=2 2 2 2 2 2 2 2 2 2 2 2 2 2
left_child=1 -1 3 4 5 -3 -7 -8 10 -9 -6 -12 -13 -14
right_child=-2 2 -4 -5 8 6 7 9 -10 -11 11 12 13 -15
leaf_value=-0.0099033663528070477 -0.00069003760596963732 0.027118918543717459 0.0016656278674657022 -0.0020916147371686923 -0.0054359684893997007 -0.0022807800999892882 0.0077130982427829845 0.0015330499907533447 0.016412396392846803 -0.0012444173919659907 0.0032841959018174828 -0.016697226542348315 -0.00048642853446499994 0.0011384502944281007
leaf_weight=40 67 42 69 48 79 69 40 92 43 113 71 52 642 485
leaf_count=40 67 42 69 48 79 69 40 92 43 113 71 52 642 485
internal_value=0.00102459 0.00129973 0.00149051 0.00123874 0.00150463 0.00393258 0.00191083 0.00469388 0.000874636 0.00170732 0.000564334 0.00096 0.000466497 0.000931677
internal_weight=1952 1885 1845 1776 1728 356 314 245 1372 205 1329 1250 1179 1127
internal_count=1952 1885 1845 1776 1728 356 314 245 1372 205 1329 1250 1179 1127
is_linear=0
shrinkage=0.05


Tree=167
num_leaves=15
num_cat=0
split_feature=1 0 0 0 4 0 2 2 4 3 3 3 3 0
split_gain=1.59764 1.3082 2.52931 2.12224 2.91987 2.14592 1.6782 3.20429 1.67247 1.46635 2.81456 3.10995 2.48392 2.78954
threshold=0.99532555264836797 10.924000000000001 11.908500000000002 13.057000000000002 4.7805000000000009 12.457500000000001 0.98217423127542058 0.94698775307607519 14.684500000000002 19.232500000000005 20.322500000000002 23.185000000000006 14.678000000000003 20.129500000000004
decision_type=2 2 2 2 2 2 2 2 2 2 2 2 2 2
left_child=1 8 -3 5 -5 -4 7 9 -1 12 -11 -12 -6 -14
right_child=-2 2 3 4 6 -7 -8 -9 -10 10 11 -13 13 -15
leaf_value=0.0072722215230091028 -0.00065553572567115528 -0.001625444809902571 0.00014120917234955975 -0.010926699453804024 0.00044498615470664059 0.004821420526619824 0.0039362950999834723 -0.0079161384270386142 -0.00061884505349154575 0.027069360033621717 -0.027154861568430014 0.00097433276483955839 -0.0079072571668253634 0.001367464307318915
leaf_weight=42 67 59 46 71 706 59 48 45 40 41 41 527 84 76
leaf_count=42 67 59 46 71 706 59 48 45 40 41 41 527 84 76
internal_value=0.000870902 0.00114058 0.000859678 0.00120413 0.00076266 0.00809524 0.00121173 0.000921053 0.00731707 0.00132203 0.00320197 0.00228873 0 -0.005625
internal_weight=1952 1885 1803 1744 1639 105 1568 1520 82 1475 609 568 866 160
internal_count=1952 1885 1803 1744 1639 105 1568 1520 82 1475 609 568 866 160
is_linear=0
shrinkage=0.05


Tree=168
num_leaves=15
num_cat=0
split_feature=1 3 3 3 2 0 0 0 0 1 1 0 3 3
split_gain=1.57614 1.14691 3.12537 2.51777 1.95479 4.70522 2.25814 4.36622 2.24984 3.07396 3.85147 2.84024 1.81551 4.54121
threshold=0.99532555264836797 8.5370000000000008 6.8175000000000008 10.453000000000001 0.21113058295073206 18.127500000000005 15.825000000000001 14.789500000000002 17.657000000000004 -0.034374606067994681 -0.96230016621822467 16.066500000000005 11.723000000000001 12.177500000000002
decision_type=2 2 2 2 2 2 2 2 2 2 2 2 2 2
left_child=1 2 4 -3 8 6 7 -6 11 10 -10 -1 -5 -14
right_child=-2 3 -4 12 5 -7 -8 -9 9 -11 -12 -13 13 -15
leaf_value=0.0030847481203648331 -0.00062275893938759652 -0.0056103345245379008 0.0051451269594184491 0.008173439014087994 0.0020009333965206821 -0.017395036764434959 0.0022214661188788066 -0.011740116523323086 0.0055551144187480084 0.03937362468040987 -0.0054104409171227648 -0.0076176252026823659 -0.0055325458510760428 0.00034517864983068109
leaf_weight=49 67 90 63 48 106 42 62 43 47 46 46 43 41 1159
leaf_count=49 67 90 63 48 106 42 62 43 47 46 46 43 41 1159
internal_value=0.000819672 0.00108753 0.00301645 0.000298954 0.00165289 -0.0013834 0.00165877 -0.00167785 0.00497835 0.00899281 0.00376344 -0.00108696 0.00088141 0.0005
internal_weight=1952 1885 547 1338 484 253 211 149 231 139 93 92 1248 1200
internal_count=1952 1885 547 1338 484 253 211 149 231 139 93 92 1248 1200
is_linear=0
shrinkage=0.05


Tree=169
num_leaves=15
num_cat=0
split_feature=1 3 3 2 0 3 2 3 3 1 1 2 2 4
split_gain=1.66302 1.58162 2.56458 2.04476 3.2118 2.38628 3.46861 1.78513 2.2687 1.91588 3.42528 1.61683 6.19966 1.74115
threshold=0.99532555264836797 8.5370000000000008 10.453000000000001 0.78298010367706283 14.972500000000002 5.113500000000001 -0.21533487516747371 11.723000000000001 12.177500000000002 -0.89391031859722847 -0.97109105924028405 0.49751328890718055 0.21113058295073206 13.795500000000002
decision_type=2 2 2 2 2 2 2 2 2 2 2 2 2 2
left_child=1 3 -3 5 -5 11 -7 -4 -9 10 -10 12 13 -1
right_child=-2 2 7 4 -6 6 -8 8 9 -11 -12 -13 -14 -15
leaf_value=0.0062123447998683251 -0.00059162099241821808 -0.0053298177983110038 0.0077647670633835958 0.0023598885572223395 -0.015683703453000037 0.0010624065059760656 0.019142628797502517 -0.0052559185585222441 -0.0028115743916326767 0.00012599594687936477 0.015687063403005658 0.003044854046895007 -0.010809145664193163 0.00049768147940956709
leaf_weight=80 67 90 48 77 52 59 41 41 68 1021 70 63 57 118
leaf_count=80 67 90 48 77 52 59 41 41 68 1021 70 63 57 118
internal_value=0.00102459 0.00129973 0.000373692 0.0035649 -0.00193798 0.00526316 0.012 0.000961538 0.000583333 0.000992235 0.00652174 0.00314465 0.00137255 0.00555556
internal_weight=1952 1885 1338 547 129 418 100 1248 1200 1159 138 318 255 198
internal_count=1952 1885 1338 547 129 418 100 1248 1200 1159 138 318 255 198
is_linear=0
shrinkage=0.05


Tree=170
num_leaves=15
num_cat=0
split_feature=2 0 3 3 3 4 3 0 2 4 3 1 1 2
split_gain=0.960568 3.18992 1.19362 2.98834 4.72669 3.29505 4.26909 4.52767 3.16714 2.54894 2.8026 2.32841 2.55741 7.99484
threshold=0.98526033472108498 13.439500000000002 99.055500000000009 82.197500000000005 66.927000000000007 21.126500000000004 40.989000000000004 18.213500000000003 -0.13301470653419609 16.974500000000003 6.8175000000000008 -0.66484924122790579 0.48941038753127741 0.6263638349297701
decision_type=2 2 2 2 2 2 2 2 2 2 2 2 2 2
left_child=2 -2 3 4 5 6 9 -8 -7 -1 -11 -4 -13 -14
right_child=1 -3 11 -5 -6 8 7 -9 -10 10 -12 12 13 -15
leaf_value=3.0761148254523918e-06 -0.0043619366539170094 0.0043706140581174502 -0.0065540711036569449 0.0046676914004706808 -0.011452566898262252 0.0012563038171698017 0.014727022343842495 -0.00044671546378639572 -0.0091663771057623102 0.010739795749768034 -0.0009887341830462804 0.0032013383607803637 0.00091722681334437681 -0.012805789629807152
leaf_weight=1022 51 46 57 156 60 47 68 47 46 58 45 102 106 41
leaf_count=1022 51 46 57 156 60 47 68 47 46 58 45 102 106 41
internal_value=0.000819672 0.0056701 0.000566038 0.00112976 0.000394831 0.00101275 0.00169355 0.0108696 -0.00806452 0.000755556 0.00825243 -0.00228758 -0.000200803 -0.00442177
internal_weight=1952 97 1855 1549 1393 1333 1240 115 93 1125 103 306 249 147
internal_count=1952 97 1855 1549 1393 1333 1240 115 93 1125 103 306 249 147
is_linear=0
shrinkage=0.05


Tree=171
num_leaves=15
num_cat=0
split_feature=4 3 3 2 2 1 0 3 4 4 3 0 1 0
split_gain=1.26666 2.97478 3.66307 6.14313 3.33384 3.79608 2.13953 2.08764 3.7907 1.88099 3.82137 2.38971 1.69657 4.04721
threshold=7.5365000000000011 0.053500000000000006 99.055500000000009 0.76725511167377736 0.57132313271480106 0.3491821996099142 15.412500000000003 0.36100000000000004 13.795500000000002 9.8285000000000018 74.196000000000012 23.446500000000004 0.20061247795988868 19.724000000000004
decision_type=2 2 2 2 2 2 2 2 2 2 2 2 2 2
left_child=1 -1 4 -4 -3 6 -6 8 -2 10 -9 12 -11 -14
right_child=7 2 3 -5 5 -7 -8 9 -10 11 -12 -13 13 -15
leaf_value=-0.0011438620950158321 0.0094266257805881055 0.0056271571474844247 -0.013650813605737328 0.0074284776598346845 0.0011396133819760374 0.014706814013746584 -0.0029787655904179424 -0.0083363775994880259 -0.0047143807537813227 -0.0005442635586846823 0.00034395311451084214 0.016165384103917792 0.00016063474004965328 0.015969754260217833
leaf_weight=70 79 54 44 54 49 41 43 147 62 611 67 49 535 47
leaf_count=70 79 54 44 54 49 41 43 147 62 611 67 49 535 47
internal_value=0.000819672 0.00352113 0.00578947 -0.00204082 0.00989305 0.0056391 0 0.000219161 0.00602837 -0.000343407 -0.0046729 0.000402576 -4.19111e-05 0.00189003
internal_weight=1952 355 285 98 187 133 92 1597 141 1456 214 1242 1193 582
internal_count=1952 355 285 98 187 133 92 1597 141 1456 214 1242 1193 582
is_linear=0
shrinkage=0.05


Tree=172
num_leaves=15
num_cat=0
split_feature=4 0 1 2 1 1 2 4 2 2 4 4 1 1
split_gain=1.46726 2.88496 2.71443 2.67997 5.13683 2.45313 6.57105 2.06414 1.75643 3.0994 1.9217 1.51556 1.37112 1.78895
threshold=9.6325000000000021 11.742500000000001 0.83987808009543619 0.70329649815198148 -0.7146667679788683 -0.97505550290239429 0.29426351849031901 9.9660000000000029 0.98217423127542058 0.92933244589178743 5.846000000000001 10.159500000000003 0.99532555264836797 0.98521098335796142
decision_type=2 2 2 2 2 2 2 2 2 2 2 2 2 2
left_child=1 -1 3 4 5 -3 -7 -2 9 10 -5 -9 13 -13
right_child=7 2 -4 8 -6 6 -8 11 -10 -11 -12 12 -14 -15
leaf_value=0.0026585592035943519 -0.01017842654755375 0.0077838982320528665 -0.0014829795890253916 -0.0013788524688769484 0.0077933182309328081 -0.013730917160736919 0.0021806928813787488 0.0060880702765501492 0.001391998969936631 -0.016756785431265887 0.0020278057650616162 3.182994086764063e-05 -0.0026092948052405932 0.0028325453266708133
leaf_weight=41 41 50 72 52 60 40 69 40 44 62 98 1190 50 43
leaf_count=41 41 50 72 52 60 40 69 40 44 62 98 1190 50 43
internal_value=0.000973361 0.00306122 0.00210238 0.00347368 0.00753425 0.00283019 -0.00137615 7.33138e-05 0 -0.00188679 0.002 0.000415722 0.000116913 0.000446067
internal_weight=1952 588 547 475 219 159 109 1364 256 212 150 1323 1283 1233
internal_count=1952 588 547 475 219 159 109 1364 256 212 150 1323 1283 1233
is_linear=0
shrinkage=0.05


Tree=173
num_leaves=15
num_cat=0
split_feature=4 3 3 2 2 0 3 4 4 0 3 2 4 3
split_gain=1.19569 2.79607 3.34214 4.29465 2.64019 3.72744 2.22484 3.7907 1.77289 1.14929 2.52417 1.83956 1.12603 2.32393
threshold=7.5365000000000011 0.053500000000000006 99.055500000000009 0.76725511167377736 0.90906259831586944 16.506500000000006 0.36100000000000004 13.795500000000002 8.2995000000000019 11.392500000000002 75.58750000000002 0.91609059637714607 12.122500000000002 6.8175000000000008
decision_type=2 2 2 2 2 2 2 2 2 2 2 2 2 2
left_child=1 -1 4 -4 5 -3 7 -2 -8 10 -10 12 13 -11
right_child=6 2 3 -5 -6 -7 8 -9 9 11 -12 -13 -14 -15
leaf_value=-0.001244427456312725 0.0089537029945153113 0.0060124315775366812 -0.012985715757759293 0.0070567251143164589 0.00020455401506214166 0.0027278263206690248 -0.01039434072773974 -0.0044802532131356402 -0.0080302212603700768 -0.0096402857283712437 0.00070969551889923032 0.0016051629500950537 0.00025263184239066597 -0.00023712011895082598
leaf_weight=70 79 53 44 54 61 73 52 62 40 62 46 80 779 397
leaf_count=70 79 53 44 54 61 73 52 62 40 62 46 80 779 397
internal_value=0.000614754 0.00323944 0.0054386 -0.00204082 0.00935829 0.0134921 3.13087e-05 0.00602837 -0.000549451 -0.000213675 -0.00581395 0.000151745 -0.000323102 -0.00228758
internal_weight=1952 355 285 98 187 126 1597 141 1456 1404 86 1318 1238 459
internal_count=1952 355 285 98 187 126 1597 141 1456 1404 86 1318 1238 459
is_linear=0
shrinkage=0.05


Tree=174
num_leaves=15
num_cat=0
split_feature=4 1 2 2 3 1 2 3 3 4 1 1 2 4
split_gain=1.30692 2.15144 2.1864 4.39948 2.57291 3.24882 2.32607 2.25461 2.0807 1.19712 1.16772 4.90131 3.82505 2.88913
threshold=9.2875000000000032 0.90149333598846393 0.90542393716278702 0.98526033472108498 99.055500000000009 -0.9523687564627995 0.56424300735932609 31.152000000000005 1.5760000000000003 9.8285000000000018 0.20061247795988868 0.42833659622166903 0.46866798009266125 19.141500000000004
decision_type=2 2 2 2 2 2 2 2 2 2 2 2 2 2
left_child=1 2 4 -4 5 -1 -7 8 -8 -2 -11 -12 13 -13
right_child=9 -3 3 -5 -6 6 7 -9 -10 10 11 12 -14 -15
leaf_value=-0.0041661437464184815 -0.0068384106374579012 -0.00073773975844180638 -0.0077170329578863913 0.0027949177751504743 -0.0015827593330162927 0.0076505874655692224 0.0016943416156318003 -0.0016716960776079872 0.0036764166400959477 -0.00022729959784018595 0.010224889324163024 -6.381327807082771e-05 -0.0058636764161452831 0.0019204088554724942
leaf_weight=60 73 53 104 47 73 68 47 47 41 700 98 358 80 103
leaf_count=60 73 53 104 47 73 68 47 47 41 700 98 358 80 103
internal_value=0.000870902 0.00296296 0.00400411 -0.000993377 0.00625 0.00855513 0.0115764 0.00777778 0.0125 7.08215e-05 0.000410754 0.00195618 9.24214e-05 0.00184382
internal_weight=1952 540 487 151 336 263 203 135 88 1412 1339 639 541 461
internal_count=1952 540 487 151 336 263 203 135 88 1412 1339 639 541 461
is_linear=0
shrinkage=0.05


Tree=175
num_leaves=15
num_cat=0
split_feature=0 0 0 0 4 1 4 2 3 4 0 0 4 4
split_gain=1.31136 3.9112 2.84681 2.75499 2.72724 3.06408 2.35414 2.12644 2.97267 2.19852 4.09599 2.26354 4.19415 5.78844
threshold=16.916500000000003 17.626000000000001 17.987500000000001 16.667000000000005 16.275500000000005 0.72660079619120022 7.8265000000000002 -0.11364489825015461 8.322000000000001 14.237500000000002 19.685000000000002 21.584000000000003 10.780000000000003 12.328000000000001
decision_type=2 2 2 2 2 2 2 2 2 2 2 2 2 2
left_child=3 -2 -3 -1 5 6 -4 9 -9 11 -11 -8 -13 -14
right_child=1 2 4 -5 -6 -7 7 8 -10 10 -12 12 13 -15
leaf_value=0.00040550542285084924 -0.0028334356660029872 0.0091941458157754931 0.0027479626919603541 0.012085425118120578 0.0092453479354118306 -0.0021449254577613403 0.0033017564851179544 0.00073275178833009089 -0.025007670622544644 -0.025352349496762957 0.00087926170825529675 0.01371513205953594 -0.026126007674830955 0.0021568923279609354
leaf_weight=857 115 48 75 40 67 89 269 46 57 41 76 58 58 56
leaf_count=857 115 48 75 40 67 89 269 46 57 41 76 58 58 56
internal_value=0.000768443 -0.00042654 0.000638298 0.00217391 0 -0.000787879 0.000271739 -0.000680787 -0.00728155 0.000537634 -0.00555556 0.0021542 -0.00232558 -0.00789474
internal_weight=1952 1055 940 897 892 825 736 661 103 558 117 441 172 114
internal_count=1952 1055 940 897 892 825 736 661 103 558 117 441 172 114
is_linear=0
shrinkage=0.05


Tree=176
num_leaves=15
num_cat=0
split_feature=2 3 2 0 0 0 0 4 0 4 2 1 3 3
split_gain=1.22625 4.83616 1.87246 1.51211 5.74383 3.27941 1.50488 1.23275 1.44436 1.42541 2.4097 1.22904 2.53173 4.5675
threshold=0.98217423127542058 84.263000000000019 0.94713111268739625 13.219000000000003 12.457500000000001 11.826000000000002 13.638500000000002 4.7805000000000009 14.876500000000002 16.425500000000003 0.67209495862812607 0.73465119469809237 2.3215000000000003 9.8525000000000009
decision_type=2 2 2 2 2 2 2 2 2 2 2 2 2 2
left_child=2 -2 3 4 5 -1 -5 -8 9 10 -9 -10 -13 -14
right_child=1 -3 -4 6 -6 -7 7 8 11 -11 -12 12 13 -15
leaf_value=0.0023525031068033944 0.0026348966152504039 -0.002938057914211803 -0.0014461582088974635 -0.013198190856740255 0.008917374681947754 -0.0030899798753437346 -0.0093018697680107409 0.0073373989332685772 0.00051521360039419176 -0.00093042983550330476 0.00045224934021110831 -0.0034190254058777125 0.0023161519042451785 -0.00055069856682214702
leaf_weight=103 47 60 79 48 57 40 49 58 1056 42 55 44 53 161
leaf_count=103 47 60 79 48 57 40 49 58 1056 42 55 44 53 161
internal_value=0.000870902 0.00607477 0.000569106 0.000906002 0.005 -0.00034965 0.000383142 0.000658762 0.000918993 0.00548387 0.00840708 0.000380518 -0.00271318 -0.00046729
internal_weight=1952 107 1845 1766 200 143 1566 1518 1469 155 113 1314 258 214
internal_count=1952 107 1845 1766 200 143 1566 1518 1469 155 113 1314 258 214
is_linear=0
shrinkage=0.05


Tree=177
num_leaves=15
num_cat=0
split_feature=2 0 4 4 2 2 4 0 4 0 1 3 4 1
split_gain=1.16696 2.97732 1.22803 2.44898 1.57147 1.2074 3.57059 2.79648 3.3942 3.8384 4.33053 2.92458 2.93499 3.964
threshold=-0.98870105003072151 19.653500000000005 3.6465000000000005 4.6780000000000008 0.99468534776305517 -0.49501433321452953 19.281500000000005 21.819500000000001 14.005000000000001 19.481500000000004 -0.2006124779598886 8.8550000000000022 15.701000000000002 -0.23803327706148572
decision_type=2 2 2 2 2 2 2 2 2 2 2 2 2 2
left_child=1 -1 -2 -4 5 6 7 8 9 -5 -11 -10 13 -13
right_child=2 -3 3 4 -6 -7 -8 -9 11 10 -12 12 -14 -15
leaf_value=-0.0066649506807696076 -0.0081786431339130102 0.0018335818417987927 0.0033277395060972827 0.0091390083571860573 0.0026293818728726024 -4.0318728579982758e-05 0.0059225219477381883 0.0056486559647675131 0.0010389119274372318 0.0052665818715251335 -0.013778933899299387 -0.021937189839038456 -0.014410310864396092 0.0059295889380096781
leaf_weight=40 40 67 48 107 52 1112 42 109 51 93 54 40 51 46
leaf_count=40 40 67 48 107 52 1112 42 109 51 93 54 40 51 46
internal_value=0.000870902 -0.00420561 0.00116531 0.00135734 0.00105293 0.000791789 0.00261383 0.00154265 -0.000226244 0.00354331 -0.00170068 -0.00531915 -0.00912409 -0.00348837
internal_weight=1952 107 1845 1805 1757 1705 593 551 442 254 147 188 137 86
internal_count=1952 107 1845 1805 1757 1705 593 551 442 254 147 188 137 86
is_linear=0
shrinkage=0.05


Tree=178
num_leaves=15
num_cat=0
split_feature=2 0 0 3 2 3 2 1 1 3 1 3 3 4
split_gain=1.40264 2.47315 3.51872 1.9331 1.91847 3.37222 2.70044 2.24162 2.63377 2.27204 2.23142 6.12129 2.56914 3.94024
threshold=-0.94418750883419933 18.944000000000006 20.059500000000003 15.288500000000001 -0.49501433321452953 4.5390000000000006 -0.44188884388187749 0.48941038753127741 0.3491821996099142 1.4195000000000002 0.78753388270336722 89.721000000000018 53.39350000000001 11.867000000000003
decision_type=2 2 2 2 2 2 2 2 2 2 2 2 2 2
left_child=1 -1 -3 -4 5 -2 -6 8 -8 -9 11 -11 -12 -14
right_child=4 2 3 -5 6 -7 7 9 -10 10 12 -13 13 -15
leaf_value=-0.0062576269045984349 0.0051825005867337575 0.0086937161007882152 -0.0094359695451176062 0.0017419027497088569 -0.015035522389042389 0.00065995367809094929 0.00047159017652356056 -0.0019777792921749026 0.010177263318541272 0.004351587356742237 -0.0002849936925753638 -0.0081758505540637429 -0.00044060942136179979 0.0057051496795203068
leaf_weight=55 63 56 72 55 42 399 689 70 45 40 149 51 72 94
leaf_count=55 63 56 72 55 42 399 689 70 45 40 149 51 72 94
internal_value=0.00107582 -0.00252101 0.000273224 -0.00433071 0.00157526 0.004329 0.000559105 0.000991736 0.0027248 -0.00168067 -0.000246305 -0.00714286 0.00174603 0.0060241
internal_weight=1952 238 183 127 1714 462 1252 1210 734 476 406 91 315 166
internal_count=1952 238 183 127 1714 462 1252 1210 734 476 406 91 315 166
is_linear=0
shrinkage=0.05


Tree=179
num_leaves=15
num_cat=0
split_feature=2 3 1 4 4 2 0 1 0 3 3 0 3 0
split_gain=1.13158 4.83616 1.16675 2.38817 4.20042 2.8903 2.64379 3.39909 1.95005 2.72336 4.10414 3.328 2.74616 2.91061
threshold=0.98217423127542058 84.263000000000019 -0.46296662190318316 11.387500000000001 11.038500000000001 0.023632005545605003 20.686500000000006 -0.14153898451656977 16.7895 8.0240000000000009 12.177500000000002 20.213000000000005 15.110000000000001 19.685000000000002
decision_type=2 2 2 2 2 2 2 2 2 2 2 2 2 2
left_child=2 -2 8 4 5 -4 -5 -8 -1 11 -11 -10 -12 -14
right_child=1 -3 3 6 -6 -7 7 -9 9 10 12 -13 13 -15
leaf_value=0.0021925483933485437 0.0024815882120907021 -0.0028794611059347083 0.0021949762594796643 0.00010895484256134292 -0.032464970335809251 -0.00065557247362019676 0.00054929758025207308 0.015041877263457862 -0.00025907298190393224 -0.015192766355928906 0.0053332254826245935 0.0048337516530046285 0.0094628822092751707 -0.0081840824709718714
leaf_weight=144 47 60 118 681 41 284 44 43 70 78 41 82 77 142
leaf_count=144 47 60 118 681 41 284 44 43 70 78 41 82 77 142
internal_value=0.00107582 0.00607477 0.000785908 -0.000123865 -0.0030474 -0.00149254 0.0015625 0.00977011 0.00252366 0.00102041 -0.00147929 0.00657895 0.00153846 -0.000684932
internal_weight=1952 107 1845 1211 443 402 768 87 634 490 338 152 260 219
internal_count=1952 107 1845 1211 443 402 768 87 634 490 338 152 260 219
is_linear=0
shrinkage=0.05


Tree=180
num_leaves=15
num_cat=0
split_feature=1 3 4 2 0 0 4 4 4 4 1 0 2 4
split_gain=1.08355 0.966077 2.1641 1.9609 2.30633 1.8895 3.02207 4.9216 1.60532 1.7791 1.19635 3.32098 2.82793 2.83816
threshold=0.99532555264836797 99.055500000000009 4.6780000000000008 -0.21772323039653199 12.457500000000001 13.579500000000001 8.209500000000002 16.275500000000005 5.9570000000000007 6.5385000000000009 -0.70252096857941237 16.7895 -0.56069722315089188 8.0480000000000018
decision_type=2 2 2 2 2 2 2 2 2 2 2 2 2 2
left_child=1 2 -1 -3 -5 -6 -7 -8 -4 -10 11 -11 -13 -14
right_child=-2 3 8 4 5 6 7 -9 9 10 -12 12 13 -15
leaf_value=0.0064781567086641435 -0.00027506435490340934 -0.004119806427296974 -0.0025796978162474188 -0.00236982001657447 0.0018473492746706732 -0.012200410795847192 0.0055459914239518269 -0.0022723982314129475 0.0029178905368067083 0.0053477000643156582 8.4343323970392968e-05 0.019352229606264343 0.0083966497834150923 -0.0009417386329675149
leaf_weight=50 67 57 62 66 45 66 49 45 42 40 1030 56 40 237
leaf_count=50 67 57 62 66 45 66 49 45 42 40 1030 56 40 237
internal_value=0.00102459 0.00124668 0.00176622 -0.00121951 0.000553506 0.00317073 0.000625 0.00638298 0.00142668 0.00176471 0.00146115 0.0038874 0.00225225 0.000180505
internal_weight=1952 1885 1557 328 271 205 160 94 1507 1445 1403 373 333 277
internal_count=1952 1885 1557 328 271 205 160 94 1507 1445 1403 373 333 277
is_linear=0
shrinkage=0.05


Tree=181
num_leaves=15
num_cat=0
split_feature=4 4 1 2 2 2 2 4 4 1 2 0 0 2
split_gain=1.11676 2.18329 1.24867 0.976085 1.1024 1.56101 1.54499 1.0736 3.41983 2.87446 7.58705 6.1354 3.95183 4.5786
threshold=3.6465000000000005 4.5515000000000008 0.99532555264836797 0.99468534776305517 0.94713111268739625 0.91609059637714607 0.97316076586151323 14.813500000000003 15.781500000000001 0.098678873477280007 -0.26538825390934467 17.657000000000004 14.188500000000003 0.43802537080760273
decision_type=2 2 2 2 2 2 2 2 2 2 2 2 2 2
left_child=-1 -2 3 4 5 7 -6 -3 -9 10 -10 12 13 -11
right_child=1 2 -4 -5 6 -7 -8 8 9 11 -12 -13 -14 -15
leaf_value=-0.0077074929938654784 0.0069550400737842868 -2.39453671306622e-05 -0.00030204898487165083 0.0023460366935997377 -0.0064941449754087818 0.0096969616100966993 4.6101854979937323e-05 0.008064637524786606 -0.01557691686319132 0.0096287550268953862 0.0037313764600395705 0.012313567231304036 -0.002784154655740697 -0.0051509011024034662
leaf_weight=40 40 1150 66 52 44 43 65 91 48 52 51 49 115 46
leaf_count=40 40 1150 66 52 44 43 65 91 48 52 51 49 115 46
internal_value=0.000768443 0.000941423 0.000694444 0.000941307 0.000741163 0.00106383 -0.00412844 0.000811486 0.00287611 0.000692521 -0.00656566 0.00343511 -0.000234742 0.00714286
internal_weight=1952 1912 1872 1806 1754 1645 109 1602 452 361 99 262 213 98
internal_count=1952 1912 1872 1806 1754 1645 109 1602 452 361 99 262 213 98
is_linear=0
shrinkage=0.05


Tree=182
num_leaves=15
num_cat=0
split_feature=1 0 0 0 0 2 2 1 4 2 4 0 0 2
split_gain=0.979571 0.916289 2.44732 1.18916 2.29099 1.7521 1.54957 2.18215 2.39702 1.92318 3.75394 3.78592 3.04808 2.62667
threshold=0.99532555264836797 10.924000000000001 11.908500000000002 13.057000000000002 12.457500000000001 0.98217423127542058 0.6263638349297701 -0.45206801762443455 6.3995000000000006 0.29426351849031901 13.570000000000002 16.7895 18.558500000000006 0.21113058295073206
decision_type=2 2 2 2 2 2 2 2 2 2 2 2 2 2
left_child=1 -1 -3 4 -4 6 9 -8 -9 13 11 -11 -13 -5
right_child=-2 2 3 5 -6 -7 7 8 -10 10 -12 12 -14 -15
leaf_value=0.0040530335653521671 -0.00024620868791465079 -0.00195583974638065 -0.00014766308191393324 0.00028658430960079031 0.0035448076370375951 0.0024841885995495307 0.0016948392793621925 6.9648903855062946e-05 -0.010925939690450946 0.0036729212948735852 0.0090322439749013165 -0.014067172807233769 0.0012927978819481712 -0.0090886426243074973
leaf_weight=82 67 59 46 1068 59 61 106 66 121 46 47 42 40 42
leaf_count=82 67 59 46 1068 59 61 106 66 121 46 47 42 40 42
internal_value=0.000717213 0.000928382 0.000693289 0.00103211 0.00619048 0.000701647 0.000380228 -0.00290102 -0.00614973 0.0011284 0.006 0.0015625 -0.00487805 0.00036036
internal_weight=1952 1885 1803 1744 105 1639 1578 293 187 1285 175 128 82 1110
internal_count=1952 1885 1803 1744 105 1639 1578 293 187 1285 175 128 82 1110
is_linear=0
shrinkage=0.05


Tree=183
num_leaves=15
num_cat=0
split_feature=4 4 4 4 0 4 2 0 0 2 2 1 1 3
split_gain=1.24282 2.2042 2.25677 2.22185 2.9378 2.135 1.50769 1.39899 3.30908 1.62524 2.3627 1.01184 1.09249 2.21754
threshold=7.5365000000000011 6.7720000000000011 6.3995000000000006 6.0075000000000012 16.875000000000004 7.9830000000000014 0.88637546977843906 12.457500000000001 13.057000000000002 0.87796008470088804 0.31064877563037102 0.99532555264836797 0.77214943412548942 1.4195000000000002
decision_type=2 2 2 2 2 2 2 2 2 2 2 2 2 2
left_child=1 2 3 4 6 -2 -1 9 -9 10 -7 12 13 -10
right_child=5 -3 -4 -5 -6 7 -8 8 11 -11 -12 -13 -14 -15
leaf_value=0.0086042879231596377 -0.0042661677422428518 0.001742226271640307 -0.0091063022824580016 0.0042699551863538687 -0.0033612140418328692 0.0016810338985911223 -0.0012209505749813056 0.0028085187085373194 0.004673263907140116 0.00048515254763210197 -0.0061783699285013101 -0.000389386410336641 0.0011263882206689339 -0.00022356403024185179
leaf_weight=65 48 90 40 41 54 41 65 47 102 53 59 40 258 949
leaf_count=65 48 90 40 41 54 41 65 47 102 53 59 40 258 949
internal_value=0.000563525 0.00323944 0.000943396 0.00288889 0.000543478 -3.13087e-05 0.00461538 0.00029051 0.000787966 -0.00424837 -0.008 0.00033358 0.000572956 -0.000142721
internal_weight=1952 355 265 225 184 1597 130 1549 1396 153 100 1349 1309 1051
internal_count=1952 355 265 225 184 1597 130 1549 1396 153 100 1349 1309 1051
is_linear=0
shrinkage=0.05


Tree=184
num_leaves=15
num_cat=0
split_feature=4 4 0 0 0 0 1 2 0 2 4 0 1 0
split_gain=0.971314 3.42773 3.37504 2.33914 2.20104 1.96089 6.44176 2.75024 2.75803 3.74389 1.79392 1.4926 3.51394 2.47812
threshold=13.409500000000003 13.154500000000002 21.740500000000001 11.630500000000001 20.545500000000004 19.380000000000003 -0.25084665036108228 -0.97218766834954651 18.514500000000002 -0.53914575630485184 17.462500000000002 20.992000000000004 -0.67760851415498091 20.663500000000003
decision_type=2 2 2 2 2 2 2 2 2 2 2 2 2 2
left_child=1 3 4 -1 5 7 -7 -2 9 10 -9 13 -13 -5
right_child=2 -3 -4 11 -6 6 -8 8 -10 -11 -12 12 -14 -15
leaf_value=0.0045651847672746109 -0.0053752125790707157 0.0076121773961853323 0.0099943952055275512 0.00014374644901085434 -0.012890066584936452 -0.0030040033498134585 0.024105711867645395 0.00064718616654025902 -0.013400440178120419 -0.00043888484303054035 0.0055406244916009432 0.00054025342867130015 -0.0061651700639678703 0.0072932556581358308
leaf_weight=63 42 48 43 801 52 54 41 61 41 361 49 135 120 41
leaf_count=63 42 48 43 801 52 54 41 61 41 361 49 135 120 41
internal_value=0.000614754 0.00149007 -0.000806452 0.000948276 -0.00164051 -0.000847458 0.00578947 -0.00198556 -0.000976562 0.000106157 0.00818182 0.00041021 -0.00294118 0.00142518
internal_weight=1952 1208 744 1160 701 649 95 554 512 471 110 1097 255 842
internal_count=1952 1208 744 1160 701 649 95 554 512 471 110 1097 255 842
is_linear=0
shrinkage=0.05


Tree=185
num_leaves=15
num_cat=0
split_feature=1 4 0 0 0 3 4 4 1 0 0 1 1 3
split_gain=1.24837 1.29364 5.97025 4.2042 2.1299 2.05483 4.722 4.68228 1.16431 3.31852 3.47876 3.06104 3.69554 1.80166
threshold=0.83987808009543619 10.635000000000002 17.657000000000004 16.916500000000003 16.142000000000007 53.39350000000001 17.031500000000005 18.768500000000007 0.33302288323572038 19.724000000000004 18.703000000000007 0.48941038753127741 0.63137065367936085 48.227500000000013
decision_type=2 2 2 2 2 2 2 2 2 2 2 2 2 2
left_child=8 3 4 -2 5 7 -7 -3 -1 10 11 -10 13 -13
right_child=1 2 -4 -5 -6 6 -8 -9 9 -11 -12 12 -14 -15
leaf_value=5.7865189976176462e-05 0.00086713572898060483 0.0062790232159745333 0.010728580945523687 -0.011611870550145828 -0.011202105894108836 -0.0035880540382959292 0.0062604989747057751 -0.0057417357294615064 0.0095175599963068635 0.0094622011592347469 -0.01120546282818595 -0.00028476410643116793 0.00073255698273377585 -0.0099152841493827196
leaf_weight=1156 58 58 40 42 46 46 42 44 77 42 44 53 164 40
leaf_count=1156 58 58 40 42 46 46 42 44 77 42 44 53 164 40
internal_value=0.000461066 -0.00212766 -0.000362319 -0.007 -0.00338983 -0.00105263 0.00454545 -0.00588235 0.00107868 0.00333333 0.00185185 0.00359281 0.000972763 -0.00698925
internal_weight=1952 376 276 100 236 190 88 102 1576 420 378 334 257 93
internal_count=1952 376 276 100 236 190 88 102 1576 420 378 334 257 93
is_linear=0
shrinkage=0.05


Tree=186
num_leaves=15
num_cat=0
split_feature=3 3 4 4 4 3 0 3 2 3 3 2 3 0
split_gain=1.07152 5.45964 2.59691 4.62277 4.54216 3.01461 4.86737 2.15457 3.04348 2.21109 2.56468 2.53119 3.66338 2.82459
threshold=8.0950000000000006 6.8175000000000008 21.126500000000004 16.974500000000003 14.005000000000001 4.2620000000000013 16.550000000000001 10.666000000000002 -0.49501433321452953 11.723000000000001 12.177500000000002 -0.94418750883419933 15.110000000000001 19.400000000000002
decision_type=2 2 2 2 2 2 2 2 2 2 2 2 2 2
left_child=1 2 3 4 5 -1 -7 8 -2 -9 -11 13 -13 -12
right_child=7 -3 -4 -5 -6 6 -8 9 -10 10 11 12 -14 -15
leaf_value=0.0019756248737269502 -0.00025336532335787219 0.0039579793306534468 -0.0047747462091574577 0.0099464445907642019 -0.012843521021971777 -0.018041469616793808 0.0014596460973376011 0.0085565641503963646 -0.013870657148326604 -0.003766963996239775 -0.0060294971411562039 0.001723763504800452 0.0001980720475701081 -0.00019855300494160677
leaf_weight=231 70 48 54 58 63 45 50 42 45 42 49 81 979 95
leaf_count=231 70 48 54 58 63 45 50 42 45 42 49 81 979 95
internal_value=0.000768443 0.00264117 0.0010978 0.00234899 0.000385604 0.00276074 -0.00473684 3.56379e-05 -0.00652174 0.000621118 0.00024077 0.000664452 0.00150943 -0.00555556
internal_weight=1952 549 501 447 389 326 95 1403 115 1288 1246 1204 1060 144
internal_count=1952 549 501 447 389 326 95 1403 115 1288 1246 1204 1060 144
is_linear=0
shrinkage=0.05


Tree=187
num_leaves=15
num_cat=0
split_feature=3 3 4 1 1 0 1 1 1 1 2 3 4 0
split_gain=1.68037 3.71995 2.18638 2.76581 4.27558 2.20766 1.55344 4.08197 2.83227 1.66129 1.51087 1.40318 1.17677 2.26377
threshold=8.0950000000000006 6.8175000000000008 21.126500000000004 -0.97505550290239429 -0.85206963063867736 19.653500000000005 0.59055600833485278 -0.05591647229452347 0.81403855522663859 -0.54817103930762534 0.0064435096891653281 9.7335000000000012 23.900500000000005 11.964500000000003
decision_type=2 2 2 2 2 2 2 2 2 2 2 2 2 2
left_child=1 2 3 -1 -5 6 7 9 -8 -6 -10 -2 13 -13
right_child=11 -3 -4 4 5 -7 8 -9 10 -11 -12 12 -14 -15
leaf_value=0.005083657777223383 -0.0063853105736705112 0.0037600803641207742 -0.0045360088986995872 -0.010430991001752233 0.0016629629606651599 0.0035834355742034862 -0.010396720266019333 0.0089429007528051725 -0.0004398882680096694 -0.023857387932851987 0.0042107347952135806 -0.0014514775879473309 0.0031610340785596437 0.00021137388985467687
leaf_weight=48 78 48 54 41 52 61 43 79 41 42 40 96 93 1136
leaf_count=48 78 48 54 41 52 61 43 79 41 42 40 96 93 1136
internal_value=0.00102459 0.00336976 0.00209581 0.00324385 0.0018797 0.00363128 0.00185185 0.00491329 -0.00241935 -0.00212766 0.00308642 0.000106914 0.000490566 8.11688e-05
internal_weight=1952 549 501 447 399 358 297 173 124 94 81 1403 1325 1232
internal_count=1952 549 501 447 399 358 297 173 124 94 81 1403 1325 1232
is_linear=0
shrinkage=0.05


Tree=188
num_leaves=15
num_cat=0
split_feature=4 3 3 4 4 2 4 4 4 0 4 4 2 2
split_gain=1.03285 1.11614 4.05123 1.74425 2.31213 2.64422 1.81683 2.09291 3.26429 1.7543 3.42243 3.48523 3.10776 2.86347
threshold=28.605000000000004 8.0950000000000006 6.8175000000000008 23.900500000000005 17.801000000000005 -0.13301470653419609 16.884000000000004 15.781500000000001 15.016000000000002 16.875000000000004 12.874500000000001 11.127500000000001 -0.11364489825015461 0.37522380421282725
decision_type=2 2 2 2 2 2 2 2 2 2 2 2 2 2
left_child=1 2 -1 4 6 -6 7 8 9 10 11 13 -11 -3
right_child=-2 3 -4 -5 5 -7 -8 -9 -10 12 -12 -13 -14 -15
leaf_value=0.00023468054915712201 -0.00045847361492235006 0.015499444715424955 0.0035720763459147348 0.0040774528899372329 -0.0059609711625401469 -0.0017207803654243625 0.012325996563830677 -0.011978848760974731 0.0064494347374525925 1.9064017660071209e-05 -0.0045710960327579485 0.0036313186822703736 -0.0072881860411636639 3.142757573715259e-05
leaf_weight=486 61 47 48 47 40 59 43 61 67 525 60 41 148 219
leaf_count=486 61 47 48 47 40 59 43 61 67 525 60 41 148 219
internal_value=0.000665984 0.000872554 0.00280899 0.000110538 -0.000229008 -0.00757576 0.000371594 0 0.000496838 -0.000192308 0.00258856 0.00472313 -0.00170877 0.00263158
internal_weight=1952 1891 534 1357 1310 99 1211 1168 1107 1040 367 307 673 266
internal_count=1952 1891 534 1357 1310 99 1211 1168 1107 1040 367 307 673 266
is_linear=0
shrinkage=0.05


Tree=189
num_leaves=15
num_cat=0
split_feature=4 2 4 4 4 0 4 4 4 4 1 4 1 2
split_gain=1.29138 3.64805 1.33818 2.78055 2.00441 1.62538 1.55952 2.09496 2.35971 1.73411 2.05571 1.96192 3.9142 2.37548
threshold=24.962500000000002 0.71541278717867718 22.214000000000002 20.464000000000002 19.141500000000004 11.176 17.801000000000005 16.974500000000003 16.099500000000003 15.063500000000001 0.23416947364604893 14.043500000000002 0.5043284533698108 -0.87204617232061787
decision_type=2 2 2 2 2 2 2 2 2 2 2 2 2 2
left_child=2 -2 3 4 5 -1 7 8 9 11 -11 -7 13 -13
right_child=1 -3 -4 -5 -6 6 -8 -9 -10 10 -12 12 -14 -15
leaf_value=0.0058019432964217972 -0.0044677954007517617 0.0046316228703501333 0.0026917684093495154 -0.0063965627805068238 0.0012848858637999868 0.00020151709568501098 -0.010951357705381765 0.010524482074751484 -0.011393423084437108 0.0072097031180702546 0.00089108573527774495 -0.0031441042199776836 0.0022351113445798834 -0.027038312981414132
leaf_weight=63 70 40 49 42 42 1266 48 51 59 41 53 45 40 43
leaf_count=63 70 40 49 42 42 1266 48 51 59 41 53 45 40 43
internal_value=0.000717213 -0.00454545 0.00103149 0.000808701 0.00111365 0.000848449 0.00054678 0.000813517 0.000484809 0.000873656 0.00744681 0.000430416 -0.00546875 -0.0113636
internal_weight=1952 110 1842 1793 1751 1709 1646 1598 1547 1488 94 1394 128 88
internal_count=1952 110 1842 1793 1751 1709 1646 1598 1547 1488 94 1394 128 88
is_linear=0
shrinkage=0.05


Tree=190
num_leaves=15
num_cat=0
split_feature=2 0 0 2 0 3 0 3 0 4 3 4 3 4
split_gain=1.05907 2.70174 3.16004 1.58514 2.54453 2.4858 8.87928 3.05896 2.50632 1.8 1.52584 1.51329 1.43758 2.56561
threshold=-0.94418750883419933 18.944000000000006 20.059500000000003 -0.91780143710280748 23.061500000000006 4.3930000000000016 20.092000000000002 2.6780000000000004 16.916500000000003 10.004000000000003 15.288500000000001 7.3415000000000008 12.177500000000002 9.0020000000000007
decision_type=2 2 2 2 2 2 2 2 2 2 2 2 2 2
left_child=1 -1 -3 -2 5 6 7 8 11 -6 -4 -5 13 -7
right_child=3 2 10 4 9 12 -8 -9 -10 -11 -12 -13 -14 -15
leaf_value=-0.0034533285142130613 0.006919534530122594 0.0073428892590421541 -0.009147872505655243 -0.00086932628743194296 -0.011247366403829643 -0.010446773326096649 0.0098386191067765597 0.0057853130594581973 -0.0055789730488112373 -0.00044234665185562063 0.0011335686561440518 0.0024151995284104333 0.00027891713816609044 2.9033722054283563e-05
leaf_weight=55 48 56 72 46 40 69 43 47 65 40 55 108 997 211
leaf_count=55 48 56 72 46 40 69 43 47 65 40 55 108 997 211
internal_value=0.00102459 -0.00210084 0.000819672 0.00145858 0.00120048 0.00163934 0.00566343 0.00225564 -0.000228311 -0.0075 -0.00354331 0.00324675 0.000665623 -0.0025
internal_weight=1952 238 183 1714 1666 1586 309 266 219 80 127 154 1277 280
internal_count=1952 238 183 1714 1666 1586 309 266 219 80 127 154 1277 280
is_linear=0
shrinkage=0.05


Tree=191
num_leaves=15
num_cat=0
split_feature=4 2 1 2 3 3 1 3 1 1 4 1 0 0
split_gain=1.36925 2.01597 4.60678 4.14652 5.43004 1.91038 4.4166 2.14091 2.65139 1.81891 1.46313 1.5549 3.73922 5.80857
threshold=18.533000000000005 0.71541278717867718 0.23416947364604893 -0.47495107206705001 79.967000000000013 8.0950000000000006 -0.97505550290239429 6.5985000000000005 -0.84293373149377049 -0.98211651112579568 6.3995000000000006 0.81403855522663859 14.108500000000001 15.783500000000002
decision_type=2 2 2 2 2 2 2 2 2 2 2 2 2 2
left_child=5 2 -2 -4 -5 6 -1 8 -8 -7 -10 12 -12 -14
right_child=1 -3 3 4 -6 9 7 -9 10 -11 11 -13 13 -15
leaf_value=0.0083190698495294816 -0.018336934907917768 0.0028556336764253842 0.0054960474064852834 -0.0064306846729164013 0.0019699021750073211 -0.014884269102593252 -0.0088162957710104742 0.0031841615155952436 0.0016934857232088652 0.00017753100154954682 0.0092775135677831584 0.0024987781357135534 -0.032597251007280552 0.001053316744496534
leaf_weight=53 40 69 53 62 40 53 45 41 60 1175 40 73 41 107
leaf_count=53 40 69 53 62 40 53 45 41 60 1175 40 73 41 107
internal_value=0.00107582 -0.00227273 -0.00487179 -0.000967742 -0.00686275 0.00159953 0.00434783 0.00257985 0.00136612 0.000570033 0.0029595 0.001341 -0.00106383 -0.00472973
internal_weight=1952 264 195 155 102 1688 460 407 366 1228 321 261 188 148
internal_count=1952 264 195 155 102 1688 460 407 366 1228 321 261 188 148
is_linear=0
shrinkage=0.05


Tree=192
num_leaves=15
num_cat=0
split_feature=4 1 2 2 3 2 4 0 3 4 0 1 2 3
split_gain=1.25218 2.75093 2.45266 5.42367 3.71609 2.21522 2.02571 1.66909 1.5574 8.30557 1.27723 2.52548 1.32129 4.22941
threshold=7.6680000000000001 -0.90149333598846393 0.79411473034488644 0.88637546977843906 96.65000000000002 0.95506028457921099 8.2995000000000019 24.058000000000003 0.36100000000000004 13.795500000000002 12.058000000000002 0.63137065367936085 0.15855938510313469 5.9110000000000005
decision_type=2 2 2 2 2 2 2 2 2 2 2 2 2 2
left_child=1 -1 4 -4 -3 -5 -2 8 9 -8 11 -10 -12 -14
right_child=6 2 3 5 -6 -7 7 -9 10 -11 12 -13 13 -15
leaf_value=0.011156654603564931 -0.0047541255634806438 0.00072861480860723644 0.0064385816743080197 -0.010870404688187464 -0.007331469430729121 0.00096074051633607553 0.0099064533992576989 0.013703774385902265 -0.0071127121999054483 -0.0035822951036342701 -0.00019455134467376569 0.00082068648051924912 -0.0084609526600895445 0.0018794736999275053
leaf_weight=41 56 92 55 56 52 75 54 43 54 62 950 70 56 236
leaf_count=41 56 92 55 56 52 75 54 43 54 62 950 70 56 236
internal_value=0.00102459 0.00363881 0.00212121 0.00591398 -0.00277778 0.000381679 0.000411132 0.000754098 0.000472335 0.00603448 0 -0.00483871 0.000483092 0.00342466
internal_weight=1952 371 330 186 144 131 1581 1525 1482 116 1366 124 1242 292
internal_count=1952 371 330 186 144 131 1581 1525 1482 116 1366 124 1242 292
is_linear=0
shrinkage=0.05


Tree=193
num_leaves=15
num_cat=0
split_feature=0 4 2 4 3 3 4 2 4 2 3 3 3 4
split_gain=1.27459 2.6384 2.63398 2.89537 4.04754 3.27478 3.17432 6.89604 2.90659 2.71646 2.57504 3.27431 2.54633 2.85983
threshold=20.959500000000002 13.628500000000003 0.98217423127542058 10.780000000000003 14.602500000000001 9.3775000000000031 9.6325000000000021 0.040813519545864409 12.186500000000001 0.92933244589178743 17.856000000000005 67.795000000000002 4.2620000000000013 7.5365000000000011
decision_type=2 2 2 2 2 2 2 2 2 2 2 2 2 2
left_child=1 2 3 6 5 8 9 -8 -5 12 -6 -12 -1 -14
right_child=-2 -3 -4 4 10 -7 7 -9 -10 -11 11 -13 13 -15
leaf_value=0.0061166525905926201 -0.00037077333200188618 -0.00026847577244583365 0.0023079671531268556 -0.0033801755295373411 -0.0091920563547071288 0.016435976521735108 0.0011196441809104203 -0.022645873124388427 0.013853725924543404 -0.0082505212143034364 0.011945979410008245 -0.00047528972365154661 0.0013772928487083141 -0.0013473404769499459
leaf_weight=99 341 651 67 53 40 51 60 44 42 74 69 84 170 107
leaf_count=99 341 651 67 53 40 51 60 44 42 74 69 84 170 107
internal_value=0.000870902 0.00145872 0.003125 0.00240761 0.0060472 0.0123288 0.000180505 -0.00769231 0.00684211 0.002 0.00129534 0.00424837 0.0037234 0.00126354
internal_weight=1952 1611 960 893 339 146 554 104 95 450 193 153 376 277
internal_count=1952 1611 960 893 339 146 554 104 95 450 193 153 376 277
is_linear=0
shrinkage=0.05


Tree=194
num_leaves=15
num_cat=0
split_feature=0 4 1 3 3 3 3 4 1 2 2 1 1 3
split_gain=1.46796 2.44962 2.006 1.97969 2.88689 3.22647 2.11538 2.01362 1.8006 1.72574 3.20988 1.6152 3.34185 2.22461
threshold=15.412500000000003 18.533000000000005 -0.50432845336981025 4.5390000000000006 9.7335000000000012 71.388000000000019 99.93950000000001 11.127500000000001 0.28397372121269165 0.71541278717867718 0.22790171382004171 0.59055600833485278 0.44380628866780453 87.603500000000011
decision_type=2 2 2 2 2 2 2 2 2 2 2 2 2 2
left_child=1 2 -1 -4 -5 7 -7 -6 -8 10 -3 12 -2 -13
right_child=11 9 3 4 5 6 8 -9 -10 -11 -12 13 -14 -15
leaf_value=0.0064591497436220398 4.9264802874118657e-05 0.00032558014193653231 0.0091818931073737991 -0.012122874392308164 0.0003620480507685948 -0.0061777814420156786 0.0050730132827480449 0.015043737952536679 -0.00078119576503742354 0.0017333693765021641 -0.017493447456311342 -0.00027494919315530813 0.0058697995405508135 -0.016378953513926323
leaf_weight=55 944 59 81 45 48 78 56 45 64 59 40 250 70 58
leaf_count=55 944 59 81 45 48 78 56 45 64 59 40 250 70 58
internal_value=0.000870902 0.00285714 0.00466102 0.00347722 0.00178571 0.00360825 0 0.0112903 0.00416667 -0.00253165 -0.00656566 -7.5643e-05 0.000887574 -0.00324675
internal_weight=1952 630 472 417 336 291 198 93 120 158 99 1322 1014 308
internal_count=1952 630 472 417 336 291 198 93 120 158 99 1322 1014 308
is_linear=0
shrinkage=0.05


Tree=195
num_leaves=15
num_cat=0
split_feature=0 4 2 2 4 4 1 0 0 0 1 1 0 4
split_gain=1.27459 2.31884 2.65877 7.60888 4.51143 3.55077 2.66317 9.68804 2.77103 2.54331 2.58183 2.45874 2.80129 2.69024
threshold=20.959500000000002 13.628500000000003 0.12643880951666986 0.57132313271480106 20.007500000000004 23.187000000000001 -0.10282099713736061 19.157500000000002 16.066500000000005 20.583500000000004 0.99052327954040398 -0.97873101657557338 19.431500000000003 12.037000000000001
decision_type=2 2 2 2 2 2 2 2 2 2 2 2 2 2
left_child=1 9 6 4 -4 -5 -3 8 -8 10 11 -1 -13 -14
right_child=-2 2 3 5 -6 -7 7 -9 -10 -11 -12 12 13 -15
leaf_value=0.0091190324402568856 -0.00033848720574402647 -0.0080080741919479614 0.014291551054909847 -0.012478158647157454 0.00055172357057113879 0.0020961672675409875 0.00035654645896258111 0.030748382279876852 -0.003239974013730715 0.0064306223252005457 0.006369661703209975 0.00046350558520751386 -0.0080290404820144833 0.0015348808180847108
leaf_weight=46 341 103 51 75 42 62 136 42 140 50 47 701 69 47
leaf_count=46 341 103 51 75 42 62 136 42 140 50 47 701 69 47
internal_value=0.000870902 0.00145872 -0.000844854 0.00347826 0.0145161 -0.0040146 -0.00320665 -0.000943396 -0.00434783 0.00302083 0.00241758 0.00179606 0.00116279 -0.00603448
internal_weight=1952 1611 651 230 93 137 421 318 276 960 910 863 817 116
internal_count=1952 1611 651 230 93 137 421 318 276 960 910 863 817 116
is_linear=0
shrinkage=0.05


Tree=196
num_leaves=15
num_cat=0
split_feature=2 2 1 1 0 1 3 1 2 2 2 0 1 3
split_gain=1.18718 2.3773 2.80842 1.99493 1.69566 1.89549 4.55053 1.23008 1.67014 2.50482 1.97389 3.92803 1.21893 3.51339
threshold=0.15855938510313469 0.040813519545864409 -0.97505550290239429 0.94362518608704116 23.850500000000004 -0.79356426026969629 13.498500000000002 -0.45206801762443455 0.29426351849031901 0.43802537080760273 0.79411473034488644 16.352000000000004 -0.556012287788898 16.802000000000003
decision_type=2 2 2 2 2 2 2 2 2 2 2 2 2 2
left_child=1 2 -1 7 5 6 -4 8 -2 -10 11 -11 13 -7
right_child=3 -3 4 -5 -6 12 -8 -9 9 10 -12 -13 -14 -15
leaf_value=0.0047509365449313395 -0.0069112189213300758 -0.0037705581692552117 -0.0075361819397782859 0.0031212333851417225 0.013522547529331748 0.013596621331017425 0.010524866656326504 5.3372344741095537e-05 0.0039880695898259046 -0.0053744019050448351 0.0066835241176780528 0.0013819783775306273 -0.0001377825652156023 -0.012777403790755426
leaf_weight=79 44 73 57 50 42 46 50 494 45 69 50 66 743 44
leaf_count=79 44 73 57 50 42 46 50 494 45 69 50 66 743 44
internal_value=0.000870902 -0.000176367 0.000424128 0.00232274 -0.000305499 -0.000744681 -0.00700935 0.00169271 0.00437956 0.00608696 0.00351351 0.00037037 6.0024e-05 0.00555556
internal_weight=1952 1134 1061 818 982 940 107 768 274 230 185 135 833 90
internal_count=1952 1134 1061 818 982 940 107 768 274 230 185 135 833 90
is_linear=0
shrinkage=0.05


Tree=197
num_leaves=15
num_cat=0
split_feature=0 4 4 3 2 4 2 2 4 4 0 4 0 1
split_gain=1.18309 3.11626 4.5613 4.38961 3.60046 1.95381 2.04019 5.77168 3.22443 2.86054 1.86646 2.16443 3.91166 1.83813
threshold=21.283500000000004 12.328000000000001 10.780000000000003 13.498500000000002 -0.030120304846908235 13.409500000000003 0.12643880951666986 0.57132313271480106 23.187000000000001 20.007500000000004 11.630500000000001 10.780000000000003 20.583500000000004 0.017189842955271029
decision_type=2 2 2 2 2 2 2 2 2 2 2 2 2 2
left_child=5 2 4 -3 -2 10 13 9 -9 -8 -1 -12 -13 -7
right_child=1 3 -4 -5 -6 6 7 8 -10 -11 11 12 -14 -15
leaf_value=0.0054596289365248562 0.0077981548744782692 -0.0069500283910387296 -0.017964457690655779 0.013174895412027689 -0.0067925778215177091 -0.003817003100190253 0.015893007569337359 -0.011262670815300337 0.0018229364926034561 0.00051869960652831115 0.00010268840216620667 0.00058372503577281971 0.0094250767378209754 -0.00012452829376119606
leaf_weight=64 82 44 73 56 42 139 56 76 62 42 577 287 40 312
leaf_count=64 82 44 73 56 42 139 56 76 62 42 577 287 40 312
internal_value=0.000717213 -0.00218855 -0.00583756 0.005 0 0.00123867 -0.000800582 0.0029661 -0.00362319 0.0122449 0.00268595 0.00210177 0.00535168 -0.00277162
internal_weight=1952 297 197 100 124 1655 687 236 138 98 968 904 327 451
internal_count=1952 297 197 100 124 1655 687 236 138 98 968 904 327 451
is_linear=0
shrinkage=0.05


Tree=198
num_leaves=15
num_cat=0
split_feature=2 0 4 4 0 4 0 4 4 4 4 4 0 3
split_gain=1.1882 2.911 1.1804 2.09522 1.04142 3.90749 1.47889 1.34821 3.88684 2.90595 2.77927 2.47715 2.52876 2.45758
threshold=-0.99113067767854335 19.724000000000004 3.6465000000000005 4.5515000000000008 23.061500000000006 9.9405000000000019 21.901000000000003 13.929500000000003 14.813500000000003 15.339000000000002 16.632000000000001 18.533000000000005 15.872000000000002 0.46100000000000008
decision_type=2 2 2 2 2 2 2 2 2 2 2 2 2 2
left_child=1 -1 -2 -4 6 -6 7 13 -9 -10 -11 12 -12 -5
right_child=2 -3 3 4 5 -7 -8 8 9 10 11 -13 -14 -15
leaf_value=-0.004135523139395479 -0.006681102731666522 0.0014358396536526153 0.0054388202946391529 0.0021709705234378429 -0.0075492805865132852 0.0082417436275622428 0.0015690596825409964 -0.013568635309430832 0.0070287182377778536 -0.011293785791271618 0.017439597583706289 -0.00021190588329896844 0.0020582402524219668 0.00032018502057996683
leaf_weight=40 40 55 40 121 41 57 85 100 48 91 43 259 51 881
leaf_count=40 40 55 40 121 41 57 85 100 48 91 43 259 51 881
internal_value=0.000717213 -0.00473684 0.00099623 0.00118327 0.000928531 -0.00408163 0.00122096 0.000878294 -0.00101351 0.000813008 -0.00045045 0.00155807 0.00851064 0.00199601
internal_weight=1952 95 1857 1817 1777 98 1679 1594 592 492 444 353 94 1002
internal_count=1952 95 1857 1817 1777 98 1679 1594 592 492 444 353 94 1002
is_linear=0
shrinkage=0.05


Tree=199
num_leaves=15
num_cat=0
split_feature=0 4 1 2 4 4 0 3 3 3 2 4 0 4
split_gain=0.904683 5.61613 1.66347 5.71429 1.217 3.64701 2.87498 2.141 6.57975 5.02809 3.53427 3.31373 2.57756 2.38661
threshold=23.061500000000006 9.8285000000000018 -0.97505550290239429 0.023632005545605003 12.691000000000001 12.328000000000001 11.630500000000001 55.517500000000005 15.483000000000002 78.080500000000015 0.88637546977843906 9.541500000000001 16.916500000000003 11.002000000000001
decision_type=2 2 2 2 2 2 2 2 2 2 2 2 2 2
left_child=2 -2 3 -1 5 6 -4 8 10 -9 11 12 -8 -13
right_child=1 -3 4 -5 -6 -7 7 9 -10 -11 -12 13 -14 -15
leaf_value=0.014669795957089067 -0.0071718165571876165 0.011644921323600139 0.0073386827333035117 -0.010172651473999834 -0.000180644471325353 0.0079557682025343506 0.0054298615646376953 -0.0041895601457761387 0.0074035031342912869 -7.8291217461029516e-05 -0.018396696197222173 -0.0084666392674027074 4.0960788049384734e-05 0.00058781167961827337
leaf_weight=63 41 69 60 42 828 56 69 47 120 241 65 84 81 86
leaf_count=63 41 69 60 42 828 56 69 47 120 241 65 84 81 86
internal_value=0.000768443 -0.00363636 0.00103149 0.00714286 0.000662061 0.00192519 0.00111372 0.000315259 0.00227723 -0.003125 -0.000909091 0.00125 0.00666667 -0.00352941
internal_weight=1952 110 1842 105 1737 909 853 793 505 288 385 320 150 170
internal_count=1952 110 1842 105 1737 909 853 793 505 288 385 320 150 170
is_linear=0
shrinkage=0.05


Tree=200
num_leaves=15
num_cat=0
split_feature=4 4 0 2 2 2 2 1 1 3 3 3 2 0
split_gain=1.03527 2.30345 0.708804 2.68351 3.2405 2.34796 4.05632 3.49031 1.52439 1.28051 4.89407 3.24647 2.48538 2.6833
threshold=3.6465000000000005 4.5515000000000008 13.439500000000002 0.98217423127542058 0.94698775307607519 0.6971494193916894 0.94713111268739625 0.91172524504317609 -0.021515898191484053 19.232500000000005 20.322500000000002 14.678000000000003 0.76725511167377736 20.784000000000002
decision_type=2 2 2 2 2 2 2 2 2 2 2 2 2 2
left_child=-1 -2 5 4 9 7 -7 -3 -8 11 -11 12 13 -4
right_child=1 2 3 -5 -6 6 8 -9 -10 10 -12 -13 -14 -15
leaf_value=-0.0062403513110022629 0.0048020916614164941 -0.0051219552851647287 0.00096278987960572444 0.003622669177002602 -0.016895203432456454 0.0059744620864732312 -0.0082103640022872983 0.00056342373736658594 0.00066848151371344262 0.022202396494736532 0.00037849680713732061 -0.005530202265399407 -0.0054094748886342973 -0.00051875787856471296
leaf_weight=40 40 68 433 41 41 76 40 64 41 42 582 162 69 213
leaf_count=40 40 68 433 41 41 76 40 64 41 42 582 162 69 213
internal_value=0.000461066 0.000627615 0.000373932 0.00078964 0.000453956 -0.00190311 0.0022293 -0.00681818 -0.00555556 0.000832778 0.0025641 -0.000399088 0.00104895 0.00201238
internal_weight=1952 1912 1872 1583 1542 289 157 132 81 1501 624 877 715 646
internal_count=1952 1912 1872 1583 1542 289 157 132 81 1501 624 877 715 646
is_linear=0
shrinkage=0.05


Tree=201
num_leaves=15
num_cat=0
split_feature=4 1 0 1 0 0 3 0 4 3 4 3 4 3
split_gain=1.04005 1.96171 2.43173 2.15877 2.09479 3.29346 2.78539 0.938325 1.04217 1.01086 4.96587 1.35078 5.82073 2.93058
threshold=7.6680000000000001 -0.90149333598846393 13.057000000000002 -0.6118807350392268 16.7895 15.719000000000003 22.134000000000004 10.530000000000003 8.2995000000000019 0.36100000000000004 13.795500000000002 4.9670000000000014 16.736000000000001 8.0950000000000006
decision_type=2 2 2 2 2 2 2 2 2 2 2 2 2 2
left_child=1 -1 -3 -4 5 6 -5 -2 -9 10 -10 12 -11 -13
right_child=7 2 3 4 -6 -7 -8 8 9 11 -12 13 -14 -15
leaf_value=0.011021899043349959 -0.0036196561967066446 0.005711976682205658 -0.0018491731615490449 -0.0092972640810901896 -0.0016034844261195724 0.0081285306967426758 0.0028146031405864528 -0.0057810543336824591 0.0091104308448571245 -0.011214207062701981 -0.0028530849121494646 0.0023253856949510842 0.0054047461190610659 -1.4228407407118615e-05
leaf_weight=41 57 59 56 46 59 40 70 55 58 85 60 124 47 1095
leaf_count=41 57 59 56 46 59 40 70 55 58 85 60 124 47 1095
internal_value=0.000717213 0.00309973 0.00181818 -0.000184502 0.00209302 0.00512821 0.000862069 0.000158128 0.000393701 0.000646698 0.00508475 0.000259067 -0.00454545 0.000779327
internal_weight=1952 371 330 271 215 156 116 1581 1524 1469 118 1351 132 1219
internal_count=1952 371 330 271 215 156 116 1581 1524 1469 118 1351 132 1219
is_linear=0
shrinkage=0.05


Tree=202
num_leaves=15
num_cat=0
split_feature=4 4 2 2 0 2 4 2 2 4 1 1 0 4
split_gain=1.02199 2.32379 1.16264 1.2328 1.17293 1.0464 1.12564 4.79888 3.00568 4.44392 1.12053 2.90135 2.71242 4.42976
threshold=3.6465000000000005 4.5515000000000008 0.99468534776305517 0.94713111268739625 13.439500000000002 0.91609059637714607 7.5365000000000011 0.83399694777620859 0.79411473034488644 6.8090000000000011 0.71089581899715537 0.23416947364604893 19.253000000000004 18.768500000000007
decision_type=2 2 2 2 2 2 2 2 2 2 2 2 2 2
left_child=-1 -2 3 5 -5 6 8 10 9 -3 11 -8 13 -13
right_child=1 2 -4 4 -6 -7 7 -9 -10 -11 -12 12 -14 -15
leaf_value=-0.0061414982410219476 0.0041436401852067793 -0.0012431777673117318 0.0025657376262234383 -0.005053602239645006 -2.0851808980248967e-05 0.0077253041374964809 -8.1789885880692586e-05 -0.018809502150810342 0.0064775908752344848 0.0049354874126897874 -0.00023320422574967805 -0.0025733841624883849 0.012335330320410599 0.0087434385570584923
leaf_weight=40 40 96 52 53 56 43 752 47 62 41 444 128 58 40
leaf_count=40 40 96 52 53 56 43 752 47 62 41 444 128 58 40
internal_value=0.000409836 0.000575314 0.000320513 0.00010989 -0.00504587 0.00043834 0.000239808 -0.000238257 0.00376884 -0.000364964 0.000281294 0.00122699 0.00619469 0.00297619
internal_weight=1952 1912 1872 1820 109 1711 1668 1469 199 137 1422 978 226 168
internal_count=1952 1912 1872 1820 109 1711 1668 1469 199 137 1422 978 226 168
is_linear=0
shrinkage=0.05


Tree=203
num_leaves=15
num_cat=0
split_feature=1 1 4 0 1 4 4 4 4 1 0 1 0 3
split_gain=1.15427 3.53159 1.42768 2.51878 3.01714 2.26162 2.04486 2.97521 2.91971 1.87394 2.13073 1.70667 1.69573 2.11899
threshold=0.59055600833485278 0.51909748604633899 18.937000000000001 13.887500000000001 -0.24284747324344283 24.416000000000004 15.063500000000001 15.877000000000001 14.237500000000002 0.41274032740354816 15.346000000000002 0.1837425755813806 21.740500000000001 21.665500000000005
decision_type=2 2 2 2 2 2 2 2 2 2 2 2 2 2
left_child=1 2 3 4 -1 -4 8 -8 9 10 -5 -6 -12 -14
right_child=-2 -3 5 6 11 -7 7 -9 -10 -11 12 -13 13 -15
leaf_value=0.0041106213527730582 -0.00016384205067284665 0.016609071233950872 -0.0030335532459853879 -0.0073036054783603421 -0.0069575024681473481 0.0017412075615857337 0.0094730634472217565 0.0020853475443722304 -0.017049132973595782 0.0037974335904929716 0.0007989288127273731 0.0027287932688051472 -7.2532140288758545e-05 -0.018764559746331289
leaf_weight=54 609 55 55 83 60 43 40 90 75 43 508 40 156 41
leaf_count=54 609 55 55 83 60 43 40 90 75 43 508 40 156 41
internal_value=0.000409836 0.00122859 0.000698758 0.00117647 0.00714286 -0.00510204 0.000289575 0.00615385 -0.000551876 0.000300842 -0.000253807 0.002 0.000638298 -0.00329949
internal_weight=1952 1343 1288 1190 154 98 1036 130 906 831 788 100 705 197
internal_count=1952 1343 1288 1190 154 98 1036 130 906 831 788 100 705 197
is_linear=0
shrinkage=0.05


Tree=204
num_leaves=15
num_cat=0
split_feature=2 4 2 4 4 2 3 4 0 2 3 0 2 2
split_gain=1.20538 4.05679 1.45204 0.969688 2.4016 2.83041 3.27944 1.81276 1.25951 2.29708 2.69952 4.02644 3.89526 2.3891
threshold=0.95506028457921099 13.864500000000001 0.92933244589178743 7.5365000000000011 6.8090000000000011 0.79411473034488644 93.943000000000012 7.9830000000000014 12.457500000000001 0.15855938510313469 99.271500000000017 17.090000000000003 0.55601743665704428 0.057982974307775707
decision_type=2 2 2 2 2 2 2 2 2 2 2 2 2 2
left_child=2 -2 3 4 5 6 -1 -5 -9 13 11 12 -11 -10
right_child=1 -3 -4 7 -6 -7 -8 8 9 10 -12 -13 -14 -15
leaf_value=0.00037525158848873978 0.0013555008888289451 -0.0047599116066666383 -0.0063438124440160799 -0.0055278585633406685 0.0064618720942415941 0.0044403757062200459 -0.0068906529607788095 -0.0017701334881338737 -7.1046194513985089e-05 0.0070349668714113356 0.0041486784182039951 -0.013153730846959555 -2.7732920386308591e-05 -0.0086972245859147177
leaf_weight=85 124 50 42 41 62 63 48 110 1007 52 72 80 71 45
leaf_count=85 124 50 42 41 62 63 48 110 1007 52 72 80 71 45
internal_value=5.12295e-05 0.00402299 -0.000337458 -0.000115207 0.00271318 0 -0.00413534 -0.000608931 -0.000313152 0.000113037 0.00418182 0.00123153 0.00691057 -0.00095057
internal_weight=1952 174 1778 1736 258 196 133 1478 1437 1327 275 203 123 1052
internal_count=1952 174 1778 1736 258 196 133 1478 1437 1327 275 203 123 1052
is_linear=0
shrinkage=0.05


Tree=205
num_leaves=15
num_cat=0
split_feature=0 4 0 0 1 4 2 2 2 0 0 0 0 1
split_gain=1.19001 1.69981 0.948574 1.89944 3.75189 2.25116 1.64767 1.67093 3.28511 2.84597 2.47959 2.13144 2.13032 3.69907
threshold=10.924000000000001 14.748000000000001 11.908500000000002 13.057000000000002 0.11577009971046097 4.1165000000000012 0.98217423127542058 0.67209495862812607 0.29426351849031901 16.916500000000003 15.560500000000003 18.490000000000006 17.626000000000001 0.33302288323572038
decision_type=2 2 2 2 2 2 2 2 2 2 2 2 2 2
left_child=1 -1 -2 4 -4 -5 7 8 12 10 -10 -11 13 -7
right_child=2 -3 3 5 -6 6 -8 -9 9 11 -12 -13 -14 -15
leaf_value=0.0050420569650045377 -0.0016816268137271773 -0.0033303143986434971 0.0035048821196758287 -0.010283111338279948 -6.8612184532068635e-05 -0.011494012471165216 0.0028705418704881528 -0.0011736224174029753 0.001605193129152205 -0.0076239514615511501 0.0097825854080246365 0.0037482197694318239 0.00012099330927144436 -0.00032034773825590504
leaf_weight=43 64 45 41 42 71 41 53 247 56 47 42 45 841 274
leaf_count=43 64 45 41 42 71 41 53 247 56 47 42 45 841 274
internal_value=0 0.00568182 -0.00026824 -5.55556e-05 0.00625 -0.000473934 -0.00018226 -0.00047081 0.000222883 0.00631579 0.0122449 0 -0.000778547 -0.00428571
internal_weight=1952 88 1864 1800 112 1688 1646 1593 1346 190 98 92 1156 315
internal_count=1952 88 1864 1800 112 1688 1646 1593 1346 190 98 92 1156 315
is_linear=0
shrinkage=0.05


Tree=206
num_leaves=15
num_cat=0
split_feature=1 2 1 3 0 4 1 1 2 2 3 1 3 2
split_gain=1.09861 2.39754 1.37242 1.84781 1.43376 4.11451 1.76572 2.58369 1.96172 3.44654 2.30214 3.17859 3.05916 4.72877
threshold=0.48941038753127741 0.78298010367706283 0.33302288323572038 19.588500000000003 13.887500000000001 13.864500000000001 -0.70252096857941237 -0.7610972106345526 0.97879788253113664 0.87796008470088804 14.602500000000001 0.1328271176880281 17.324500000000004 -0.97606926651088199
decision_type=2 2 2 2 2 2 2 2 2 2 2 2 2 2
left_child=2 -2 4 -4 5 -1 7 -6 9 10 11 -8 -12 -14
right_child=1 -3 3 -5 6 -7 8 -9 -10 -11 12 -13 13 -15
leaf_value=0.0019041680694856539 -0.0001173982424081288 -0.0054754891532259311 -2.9492623989919171e-05 0.015154414271391843 0.00036275214570544726 -0.0026962930840300769 -0.00038405057042682213 0.017559393291474223 0.0013898996143817399 -0.018369881675906807 -0.02190339786623819 0.016324542831050722 0.0091223305032775426 -0.0061158968144391646
leaf_weight=111 636 50 56 54 401 55 165 44 43 66 57 47 43 124
leaf_count=111 636 50 56 54 401 55 165 44 43 66 57 47 43 124
internal_value=0.000153689 -0.00145773 0.00102686 0.00636364 0.000519031 0.00481928 -0.00020202 0.00213483 -0.00211009 -0.00298805 -0.00137615 0.00235849 -0.00491071 -0.00149701
internal_weight=1952 686 1266 110 1156 166 990 445 545 502 436 212 224 167
internal_count=1952 686 1266 110 1156 166 990 445 545 502 436 212 224 167
is_linear=0
shrinkage=0.05


Tree=207
num_leaves=15
num_cat=0
split_feature=2 4 2 1 0 2 4 4 2 0 0 0 3 3
split_gain=1.14399 2.81937 1.48781 0.780875 2.02777 1.62833 1.57007 5.48102 3.4148 1.70992 2.1796 2.57473 2.10478 5.87595
threshold=0.95506028457921099 13.864500000000001 0.92933244589178743 0.48941038753127741 13.332500000000001 0.78298010367706283 5.846000000000001 6.9370000000000003 0.78298010367706283 16.066500000000005 17.473500000000005 18.355000000000004 4.9670000000000014 7.7655000000000003
decision_type=2 2 2 2 2 2 2 2 2 2 2 2 2 2
left_child=2 -2 3 4 -1 -5 -6 -8 9 -9 -11 -12 -13 -14
right_child=1 -3 -4 5 6 -7 7 8 -10 10 11 12 13 -15
leaf_value=0.0047493850916250973 0.0012640552731609635 -0.0046327832831165108 -0.0048217093941278627 -0.00011152833028772459 -0.0010308573843559987 -0.0052017146955646342 0.017260654835429833 0.0084785127735602824 -0.013324004845176526 -0.0013280268214204028 0.0081297195686159344 -0.0014395659001187333 0.0045848632697477396 -0.00019591885899782649
leaf_weight=44 124 50 42 636 61 50 56 54 44 61 61 91 42 536
leaf_count=44 124 50 42 636 61 50 56 54 44 61 61 91 42 536
internal_value=0.000153689 0.00402299 -0.000224972 0 0.000857143 -0.00131195 0.000397614 0.000899471 -5.6243e-05 0.000650888 6.32111e-05 0.000821918 -7.47384e-05 0.00103806
internal_weight=1952 174 1778 1736 1050 686 1006 945 889 845 791 730 669 578
internal_count=1952 174 1778 1736 1050 686 1006 945 889 845 791 730 669 578
is_linear=0
shrinkage=0.05


Tree=208
num_leaves=15
num_cat=0
split_feature=2 4 0 0 0 2 3 2 2 0 2 3 4 3
split_gain=0.908576 2.50532 0.845554 2.85029 2.8023 2.19995 3.23693 2.03985 3.11624 1.47716 1.26246 5.15714 1.38971 3.82273
threshold=0.95506028457921099 13.864500000000001 13.219000000000003 12.457500000000001 13.727000000000002 0.76725511167377736 47.567000000000007 0.31064877563037102 0.6971494193916894 14.166500000000001 0.48378379397820742 43.620500000000007 9.8285000000000018 83.305000000000021
decision_type=2 2 2 2 2 2 2 2 2 2 2 2 2 2
left_child=2 -2 3 7 -4 9 -7 -1 -9 -6 12 -12 13 -11
right_child=1 -3 4 -5 5 6 -8 8 -10 10 11 -13 -14 -15
leaf_value=0.0024955313838166183 0.0012008525095029117 -0.0044011441189606842 -0.010368913282002321 0.0045119158370438396 0.0071402447675912532 -0.012293512274554996 0.0019726918912889718 -0.005227632951735367 0.00030149641754895554 -0.001633171758957544 0.0078188927211364778 -0.00065656425965551215 4.906920411019145e-05 0.0085982231249548801
leaf_weight=43 124 50 55 58 42 83 63 43 61 176 56 70 984 44
leaf_count=43 124 50 55 58 42 83 63 43 61 176 56 70 984 44
internal_value=0 0.00344828 -0.000337458 0.00268293 -0.000731087 -0.000329381 -0.00616438 -0.00102041 -0.00480769 0.000291545 0 0.0047619 -0.000498339 -0.00409091
internal_weight=1952 174 1778 205 1573 1518 146 147 104 1372 1330 126 1204 220
internal_count=1952 174 1778 205 1573 1518 146 147 104 1372 1330 126 1204 220
is_linear=0
shrinkage=0.05


Tree=209
num_leaves=15
num_cat=0
split_feature=2 0 0 4 0 0 1 4 4 0 0 0 1 1
split_gain=1.00792 2.97732 0.886001 1.69981 1.22513 1.4263 3.50692 1.32365 2.51696 1.33068 1.75479 1.96806 1.34319 2.00563
threshold=-0.98870105003072151 19.653500000000005 10.924000000000001 14.748000000000001 11.908500000000002 13.057000000000002 0.64460769028158504 4.7805000000000009 5.7325000000000008 13.439500000000002 13.865500000000003 14.256000000000002 0.99052327954040398 0.96683886033945965
decision_type=2 2 2 2 2 2 2 2 2 2 2 2 2 2
left_child=1 -1 3 -2 -4 6 -6 -7 -9 -10 -11 -12 13 -13
right_child=2 -3 4 -5 5 7 -8 8 9 10 11 12 -14 -15
leaf_value=-0.0037491458791504939 0.0046766238761982715 0.0010297693424553556 -0.0012818424199101315 -0.0028909707024897704 0.0030270492108697522 -0.0031832279090658446 -0.00063649830376980997 0.0018481087658532959 -0.0042070029946277626 0.0045692582957038872 -0.0036777217796953978 0.0001721049877446812 0.0035809800947379736 -0.0038573368321773494
leaf_weight=40 43 67 64 45 66 73 46 52 41 52 69 1196 53 45
leaf_count=40 43 67 64 45 66 73 46 52 41 52 69 1196 53 45
internal_value=0.000512295 -0.00420561 0.000785908 0.00568182 0.000540694 0.000797401 0.00625 0.000411132 0.000729443 0.000343407 0.000600707 0.000256787 0.000695518 0.000362611
internal_weight=1952 107 1845 88 1757 1693 112 1581 1508 1456 1415 1363 1294 1241
internal_count=1952 107 1845 88 1757 1693 112 1581 1508 1456 1415 1363 1294 1241
is_linear=0
shrinkage=0.05


Tree=210
num_leaves=15
num_cat=0
split_feature=4 0 3 3 4 4 1 1 0 0 0 0 2 3
split_gain=0.95517 2.817 1.97712 1.49669 3.07604 1.54404 2.68456 2.57535 3.73902 2.57145 2.07336 2.39069 1.92585 2.6903
threshold=5.2605000000000013 13.638500000000002 43.620500000000007 0.36100000000000004 13.795500000000002 12.122500000000002 -0.93535928755917819 -0.67760851415498091 21.740500000000001 19.970000000000002 22.964500000000005 21.852000000000004 0.98217423127542058 5.9110000000000005
decision_type=2 2 2 2 2 2 2 2 2 2 2 2 2 2
left_child=1 -1 -3 4 -2 10 -7 9 -9 -8 11 12 13 -5
right_child=3 2 -4 5 -6 6 7 8 -10 -11 -12 -13 -14 -15
leaf_value=0.011576829730890727 0.0027666935605445142 0.00053025469430428439 -0.0030240665136125559 -0.0063815251548552821 -0.0026926388032602086 0.013300282327752223 0.00017102567474255317 6.1250822206232458e-05 0.0093237299381632999 -0.016187220756414735 -0.0086528019524304261 0.0023360964214163451 0.00099645321893906415 -0.00023839201158025737
leaf_weight=43 133 40 45 89 62 55 47 699 46 49 68 45 41 490
leaf_count=43 133 40 45 89 62 55 47 699 46 49 68 45 41 490
internal_value=0.000512295 0.0046875 -0.000588235 0.000219298 0.00435897 -0.000276243 0.00111607 0.000416171 0.0014094 -0.00729167 -0.00197817 -0.00112782 -0.00193548 -0.00267703
internal_weight=1952 128 85 1824 195 1629 896 841 745 96 733 665 620 579
internal_count=1952 128 85 1824 195 1629 896 841 745 96 733 665 620 579
is_linear=0
shrinkage=0.05


Tree=211
num_leaves=15
num_cat=0
split_feature=3 4 4 4 2 1 4 4 4 3 4 4 2 3
split_gain=0.815405 2.73749 2.25881 2.45421 2.78327 2.26751 1.99958 2.40001 3.87608 1.83696 1.92355 2.11633 1.81533 2.1502
threshold=8.0950000000000006 21.993000000000006 23.603000000000005 17.801000000000005 -0.09654968025414791 0.71989675514303919 16.884000000000004 15.701000000000002 15.016000000000002 6.8175000000000008 16.974500000000003 9.5760000000000023 0.32694223331140743 4.9670000000000014
decision_type=2 2 2 2 2 2 2 2 2 2 2 2 2 2
left_child=1 9 3 6 -5 -4 7 8 -2 10 11 -1 13 -13
right_child=2 -3 5 4 -6 -7 -8 -9 -10 -11 -12 12 -14 -15
leaf_value=0.00027041778877373579 -0.0001965127229020633 -0.0025607851479269475 0.0049379096465680733 -0.0087739146972433072 -0.00071236148252935014 -0.00082228792247519562 0.011998125418756462 -0.010832793180514869 0.0065628893372983504 0.0039670565745327114 0.0083447595631034772 -0.0023735587396460072 -0.014489734516206344 0.010798798732855559
leaf_weight=204 1040 49 53 41 53 45 43 67 61 48 63 92 49 44
leaf_count=204 1040 49 53 41 53 45 43 67 61 48 63 92 49 44
internal_value=0.000461066 0.00209472 -0.00017819 -0.000727969 -0.00851064 0.00714286 -0.000123865 -0.000513699 4.54133e-05 0.0032 0.00221239 0.000899743 -0.00297297 0
internal_weight=1952 549 1403 1305 94 98 1211 1168 1101 500 452 389 185 136
internal_count=1952 549 1403 1305 94 98 1211 1168 1101 500 452 389 185 136
is_linear=0
shrinkage=0.05


Tree=212
num_leaves=15
num_cat=0
split_feature=4 4 2 2 1 0 3 4 3 3 1 0 4 4
split_gain=1.14445 2.74847 3.24378 2.22926 4.29975 4.29523 4.82348 2.02317 1.57262 3.09056 2.13302 4.06569 3.91458 3.64699
threshold=18.533000000000005 16.884000000000004 -0.42640316431117214 0.71541278717867718 0.23416947364604893 16.256000000000004 74.196000000000012 16.099500000000003 8.0950000000000006 6.8175000000000008 0.64460769028158504 17.987500000000001 15.063500000000001 14.237500000000002
decision_type=2 2 2 2 2 2 2 2 2 2 2 2 2 2
left_child=1 7 -3 4 -2 6 -6 8 9 -1 12 -12 13 -10
right_child=3 2 -4 -5 5 -7 -8 -9 10 -11 11 -13 -14 -15
leaf_value=0.00019923347084352169 -0.017368186353493204 0.00014462524394364131 0.016033492864191236 0.0018980075803534475 -0.0024327458905305968 0.0053316925449655612 0.0027963155363074921 -0.010429740799127174 0.00017511022038060875 0.0041264511174941496 -0.00017123342800127173 -0.013662018403082494 0.0062347448704334341 -0.0055753366736791187
leaf_weight=370 40 51 40 69 75 40 40 56 739 44 191 75 53 69
leaf_count=370 40 51 40 69 75 40 40 56 739 44 191 75 53 69
internal_value=0.000409836 0.000888626 0.00934066 -0.00265152 -0.00538462 -0.0016129 -0.00652174 0.000407013 0.000746269 0.00338164 -0.000221828 -0.00413534 0.000987224 0.000123762
internal_weight=1952 1688 91 264 195 155 115 1597 1541 414 1127 266 861 808
internal_count=1952 1688 91 264 195 155 115 1597 1541 414 1127 266 861 808
is_linear=0
shrinkage=0.05


Tree=213
num_leaves=15
num_cat=0
split_feature=0 0 3 0 0 0 2 4 3 3 3 4 4 0
split_gain=1.08604 2.19123 6.74436 2.89767 3.7784 1.36192 1.87056 2.20298 3.71612 6.04372 2.79063 3.43196 2.09395 1.14083
threshold=20.350000000000005 19.724000000000004 16.501500000000004 19.481500000000004 19.253000000000004 20.583500000000004 -0.09654968025414791 10.780000000000003 12.8665 8.0950000000000006 16.009000000000004 12.413500000000001 9.7835000000000019 18.754500000000004
decision_type=2 2 2 2 2 2 2 2 2 2 2 2 2 2
left_child=1 3 -3 4 13 -2 7 12 9 -9 -10 -12 -7 -1
right_child=5 2 -4 -5 -6 6 -8 8 10 -11 11 -13 -14 -15
leaf_value=0.00017420996200495642 -0.0022980327773518337 0.014295738648577494 -0.0080312286092814929 -0.01695854278413483 0.011390987885621456 0.0002693525993338608 -0.0053969473275865543 0.0023334209032964625 0.0083876717078549042 -0.013774178781788932 -0.028235482544292558 0.005075249235224422 0.012678604414926315 -0.0010899918788720403
leaf_weight=1189 49 69 50 51 51 57 71 45 42 44 40 66 46 82
leaf_count=1189 49 69 50 51 51 57 71 45 42 44 40 66 46 82
internal_value=0.000819672 0.00147453 0.00798319 0.000910415 0.00136157 -0.00130435 -0.000364964 0.00117647 -0.00147679 -0.00955056 0.00337838 -0.000943396 0.00728155 0.000826121
internal_weight=1952 1492 119 1373 1322 460 411 340 237 89 148 106 103 1271
internal_count=1952 1492 119 1373 1322 460 411 340 237 89 148 106 103 1271
is_linear=0
shrinkage=0.05


Tree=214
num_leaves=15
num_cat=0
split_feature=4 3 2 2 4 0 2 2 1 0 3 4 4 2
split_gain=0.778847 2.55464 5.67831 3.76029 1.28113 1.57104 3.62912 2.7773 5.03529 3.91295 3.55969 2.39804 2.29166 1.75727
threshold=7.6680000000000001 99.055500000000009 0.73832635400310653 0.90906259831586944 8.2995000000000019 12.457500000000001 0.15855938510313469 0.34313907657789455 -0.021515898191484053 14.5555 50.907500000000006 23.900500000000005 14.292500000000002 0.057982974307775707
decision_type=2 2 2 2 2 2 2 2 2 2 2 2 2 2
left_child=1 3 -3 -1 -2 11 13 -8 9 -9 -10 12 -6 -7
right_child=4 2 -4 -5 5 6 7 8 10 -11 -12 -13 -14 -15
leaf_value=0.0010544525869719435 -0.003593902133025316 -0.014913678564785619 0.0047634211540680711 -0.0017178897220364198 -0.00019100621468261388 2.7051904311803377e-05 0.0071759871691274568 0.0061099269821029535 0.0036878125375042151 0.0018025178974300561 -0.010507642477275298 0.0042141161122538854 -0.0076746575789715839 -0.0073130979694014334
leaf_weight=191 56 41 59 80 62 1004 68 46 48 91 70 41 50 45
leaf_count=191 56 41 59 80 62 1004 68 46 48 91 70 41 50 45
internal_value=0.000768443 0.00283019 -0.004 0.00535055 0.00028463 0.000557377 0.00109329 0.00572755 0.00333333 0.00985401 -0.00423729 -0.00424837 -0.00803571 -0.000333651
internal_weight=1952 371 100 271 1581 1525 1372 323 255 137 118 153 112 1049
internal_count=1952 371 100 271 1581 1525 1372 323 255 137 118 153 112 1049
is_linear=0
shrinkage=0.05


Tree=215
num_leaves=15
num_cat=0
split_feature=1 4 3 2 2 1 1 4 0 0 1 2 2 2
split_gain=1.08116 0.66138 2.33129 5.45221 2.93643 1.76353 1.75043 2.65846 1.23606 2.7202 2.14413 1.50741 5.2983 1.93249
threshold=0.99762106698677389 7.8955000000000011 99.055500000000009 0.76725511167377736 0.90906259831586944 0.59055600833485278 -0.51236666743397874 6.6875000000000009 12.457500000000001 13.002500000000003 0.20061247795988868 0.17553149042142802 0.0064435096891653281 0.34313907657789455
decision_type=2 2 2 2 2 2 2 2 2 2 2 2 2 2
left_child=1 2 4 -4 5 6 7 -1 10 -10 -3 12 -11 -13
right_child=-2 8 3 -5 -6 -7 -8 -9 9 11 -12 13 -14 -15
leaf_value=-7.9482204578143308e-05 0.00043053262381179266 -0.005486710646136813 -0.014289353720230819 0.0045252500963646634 -0.00085811172533265543 8.1976255541127429e-06 0.008127623035921681 0.011070938176503415 0.0011605867537551552 8.5653787492523395e-05 -2.1217082133750261e-05 0.0062814126245697823 -0.0082023409097491846 0.00032162545984318618
leaf_weight=54 48 46 43 57 85 59 40 50 41 953 100 62 67 247
leaf_count=54 48 46 43 57 85 59 40 50 41 953 100 62 67 247
internal_value=0.000922131 0.000735294 0.00257732 -0.004 0.00486111 0.00812808 0.0111111 0.00769231 0.000263852 0.000729927 -0.00410959 0.0003386 -0.000588235 0.00339806
internal_weight=1952 1904 388 100 288 203 144 104 1516 1370 146 1329 1020 309
internal_count=1952 1904 388 100 288 203 144 104 1516 1370 146 1329 1020 309
is_linear=0
shrinkage=0.05


Tree=216
num_leaves=15
num_cat=0
split_feature=1 3 4 2 0 4 4 2 0 4 4 2 0 1
split_gain=1.14178 0.990477 1.66327 2.22419 1.64281 2.06061 1.27046 2.28382 1.60016 2.70464 1.89743 3.01055 5.18461 4.32047
threshold=0.99762106698677389 1.0000000180025095e-35 5.2605000000000013 0.87796008470088804 18.905000000000005 7.3415000000000008 6.7720000000000011 0.86564557464733971 12.457500000000001 7.5365000000000011 12.328000000000001 -0.14772953607417119 17.828500000000002 -0.27123391067291053
decision_type=2 2 2 2 2 2 2 2 2 2 2 2 2 2
left_child=1 4 3 -3 5 -1 7 -4 -8 -10 -11 13 -13 -12
right_child=-2 2 6 -5 -6 -7 8 -9 9 10 11 12 -14 -15
leaf_value=-0.0015012954822945625 0.00040900599262120034 0.0010707140895910017 -0.0023209076916743342 -0.0010068291875189373 -0.0015521226186140603 0.0025151822183685224 -0.0010895924434746157 0.0020437429878566006 0.00907083187698976 -0.00052772858158788851 -0.0026746401503117984 0.00030554418685102558 0.020226755980233352 0.001093614477099425
leaf_weight=48 48 69 55 40 53 88 146 47 67 521 173 181 44 372
leaf_count=48 48 69 55 40 53 88 146 47 67 521 173 181 44 372
internal_value=0.000717213 0.00052521 0.00090379 0.00688073 -0.00291005 0 0.000498132 -0.00490196 0.000864362 0.00139912 0.000890782 0.00246753 0.00733333 0.000458716
internal_weight=1952 1904 1715 109 189 136 1606 102 1504 1358 1291 770 225 545
internal_count=1952 1904 1715 109 189 136 1606 102 1504 1358 1291 770 225 545
is_linear=0
shrinkage=0.05


Tree=217
num_leaves=15
num_cat=0
split_feature=3 3 3 3 1 0 1 1 1 2 0 1 0 2
split_gain=1.44016 3.58229 2.78317 2.37264 3.30048 6.55146 3.24685 2.46597 3.80936 3.67833 2.46106 2.14897 5.50661 2.48132
threshold=19.232500000000005 20.322500000000002 23.185000000000006 48.554500000000012 -0.22132528438243276 16.725500000000004 0.97653720355785967 0.48941038753127741 0.67760851415498113 -0.89611523788151459 15.621 -0.7610972106345526 17.884500000000006 0.90542393716278702
decision_type=2 2 2 2 2 2 2 2 2 2 2 2 2 2
left_child=-1 -2 -3 4 -4 -6 7 9 -9 -5 -10 12 -11 -13
right_child=1 2 3 6 5 -7 -8 8 10 11 -12 13 -14 -15
leaf_value=-0.0001252371232296934 0.020957639087297537 -0.012456659550856439 -0.0015508195829284296 -0.0089226659492701119 0.00013640331297421621 0.0086000899287552446 0.0029163863206167263 -0.0089692852048300787 0.001047882608020906 -0.0036227658289480422 -0.016593242979325004 0.005716413878423649 0.0051493269832355417 0.0002902669775084743
leaf_weight=1019 44 48 68 40 60 47 69 56 113 44 48 84 63 149
leaf_count=1019 44 48 68 40 60 47 69 56 113 44 48 84 63 149
internal_value=0.000563525 0.00198285 0.00129359 0.00196195 0.00714286 0.0126168 0.000600601 -0.000586265 -0.00483871 0.00184211 -0.000931677 0.00352941 -0.00233645 0.00622318
internal_weight=1952 933 889 841 175 107 666 597 217 380 161 340 107 233
internal_count=1952 933 889 841 175 107 666 597 217 380 161 340 107 233
is_linear=0
shrinkage=0.05


Tree=218
num_leaves=15
num_cat=0
split_feature=1 3 1 4 4 0 4 2 0 2 1 0 4 1
split_gain=1.25183 1.08577 1.87631 1.53162 1.36238 2.2051 1.12819 2.28382 1.45725 1.48685 1.44786 4.31354 4.80786 3.06572
threshold=0.99762106698677389 1.0000000180025095e-35 0.5043284533698108 8.3815000000000008 5.2605000000000013 14.5555 6.7720000000000011 0.86564557464733971 10.530000000000003 0.99055824379501012 0.20061247795988868 17.626000000000001 14.748000000000001 0.081558489694578698
decision_type=2 2 2 2 2 2 2 2 2 2 2 2 2 2
left_child=1 2 3 -1 5 -3 7 -6 -8 10 13 -12 -13 -10
right_child=-2 4 -4 -5 6 -7 8 -9 9 -11 11 12 -14 -15
leaf_value=-0.00050293649572797923 0.00031877696305546296 0.010561742419350912 -0.001756438170972008 0.0026986368032945575 -0.0020733473491347187 4.8312659036478528e-05 -0.0033107763123405966 0.0015134182630912154 -8.8252196120963691e-07 0.00072438673716717641 -0.00011897526706821094 0.00063482314116078691 0.028767584350323727 -0.0011377110042253558
leaf_weight=65 48 45 61 63 55 64 52 47 735 47 413 151 55 51
leaf_count=65 48 45 61 63 55 64 52 47 735 47 413 151 55 51
internal_value=0.000358607 0.000157563 -0.00343915 0 0.000553936 0.0059633 0.0001868 -0.00490196 0.000531915 0.000826446 0.000533808 0.00234249 0.00825243 -0.000890585
internal_weight=1952 1904 189 128 1715 109 1606 102 1504 1452 1405 619 206 786
internal_count=1952 1904 189 128 1715 109 1606 102 1504 1452 1405 619 206 786
is_linear=0
shrinkage=0.05


Tree=219
num_leaves=15
num_cat=0
split_feature=2 3 1 3 1 0 3 3 3 4 4 1 0 1
split_gain=1.53309 3.27446 1.39579 1.33947 1.71658 1.86006 1.06516 2.92796 4.74333 2.45961 2.22051 2.20361 2.36022 4.88733
threshold=0.98217423127542058 84.263000000000019 0.99762106698677389 1.0000000180025095e-35 -0.38962684145003712 16.397000000000002 99.055500000000009 82.197500000000005 66.927000000000007 8.5405000000000015 5.846000000000001 -0.66484924122790579 16.506500000000006 -0.24284747324344283
decision_type=2 2 2 2 2 2 2 2 2 2 2 2 2 2
left_child=2 -2 3 4 -1 -6 7 8 10 -9 -5 -8 13 -13
right_child=1 -3 -4 6 5 -7 11 9 -10 -11 -12 12 -14 -15
leaf_value=0.0010483212327470626 0.0017044404256302548 -0.0020263139536184156 0.00030283811490268848 0.0063865551765514483 -0.00019132731310617102 -0.024263994598563002 -0.0060335855299853752 0.026549141646646658 -0.0085306163302553729 0.0016579990073196001 3.5254278484209148e-05 0.0099020560975244844 0.0024298447577940866 -0.0041841824440404466
leaf_weight=78 47 60 48 42 64 42 57 48 56 102 1076 40 47 145
leaf_count=78 47 60 48 42 64 42 57 48 56 102 1076 40 47 145
internal_value=0.000256148 0.00607477 -8.13008e-05 -0.000306066 -0.00434783 -0.00849057 0.000154991 0.000755287 -8.51789e-05 0.00733333 0.000626118 -0.00259516 -0.000431034 -0.00297297
internal_weight=1952 107 1845 1797 184 106 1613 1324 1174 150 1118 289 232 185
internal_count=1952 107 1845 1797 184 106 1613 1324 1174 150 1118 289 232 185
is_linear=0
shrinkage=0.05


Tree=220
num_leaves=15
num_cat=0
split_feature=1 2 0 4 0 2 0 4 2 2 2 4 2 0
split_gain=1.31699 1.33885 1.90262 0.987981 4.15687 3.26751 2.318 2.47653 2.23398 1.7865 1.57971 1.28052 2.53458 3.56096
threshold=0.99762106698677389 0.98526033472108498 13.439500000000002 8.2995000000000019 13.057000000000002 0.12643880951666986 14.256000000000002 7.2805000000000009 0.90542393716278702 0.78298010367706283 0.64624608728844402 24.962500000000002 0.15855938510313469 13.798500000000002
decision_type=2 2 2 2 2 2 2 2 2 2 2 2 2 2
left_child=1 3 -3 4 -1 -6 -7 10 9 11 -8 12 -5 -14
right_child=-2 2 -4 8 5 6 7 -9 -10 -11 -12 -13 13 -15
leaf_value=0.010242864420585385 0.00028769620915755634 -0.0048230312839081637 0.0036144530179823414 -0.00013623499741827194 0.0054552056693080832 -0.019396788407008404 -0.0010596942588710246 -0.013532596896463734 0.0042732793132153803 -0.0083166860998189849 0.0012102560048879553 -0.0016590498967680946 -0.0006138640092310855 0.0041749826166105012
leaf_weight=53 48 51 46 1012 43 48 71 53 64 56 114 71 60 162
leaf_count=53 48 51 46 1012 43 48 71 53 64 56 114 71 60 162
internal_value=0.000153689 -5.2521e-05 0.0056701 -0.000359712 -0.0026178 -0.00471125 -0.00664336 -0.00462185 0.000245614 -0.000183688 -0.00189189 0.000191571 0.000567261 0.00540541
internal_weight=1952 1904 97 1807 382 329 286 238 1425 1361 185 1305 1234 222
internal_count=1952 1904 97 1807 382 329 286 238 1425 1361 185 1305 1234 222
is_linear=0
shrinkage=0.05


Tree=221
num_leaves=15
num_cat=0
split_feature=1 2 3 4 2 3 3 1 0 1 0 3 3 3
split_gain=1.31699 0.901403 0.707707 3.00075 3.1312 3.06609 2.52001 2.18659 3.12604 2.93986 2.82704 2.00347 1.96583 3.34277
threshold=0.99762106698677389 0.99468534776305517 99.055500000000009 4.6780000000000008 0.9669377691982991 82.197500000000005 66.927000000000007 -0.70252096857941237 16.352000000000004 -0.29259762607704948 14.736000000000002 23.185000000000006 20.322500000000002 19.232500000000005
decision_type=2 2 2 2 2 2 2 2 2 2 2 2 2 2
left_child=1 2 3 -1 5 6 11 -4 9 -9 -11 12 13 -5
right_child=-2 -3 7 4 -6 -7 -8 8 -10 10 -12 -13 -14 -15
leaf_value=0.010759771390760989 0.00027331139869967715 0.0008458297345546687 -0.0058675011455409576 -0.00025802577872194868 -0.0065665058595588167 0.0046852268954354513 -0.0080853330385763696 0.0071798274872174944 0.0029896519138836843 -0.00063506612278559364 -0.008681527843862084 0.0013754718357680497 -0.025313895431854111 0.023585159463690598
leaf_weight=48 48 57 50 940 46 136 54 41 55 120 43 229 44 41
leaf_count=48 48 57 50 940 46 136 54 41 55 120 43 229 44 41
internal_value=0.000153689 -5.2521e-05 -0.000243638 0.000195059 -0.000201342 0.000207756 -0.000535168 -0.00242718 -0.000579151 -0.00343137 -0.00644172 -7.97448e-05 -0.00102439 -0.000560652
internal_weight=1952 1904 1847 1538 1490 1444 1308 309 259 204 163 1254 1025 981
internal_count=1952 1904 1847 1538 1490 1444 1308 309 259 204 163 1254 1025 981
is_linear=0
shrinkage=0.05


Tree=222
num_leaves=15
num_cat=0
split_feature=1 2 4 4 0 3 3 3 4 1 1 1 1 2
split_gain=1.2842 1.17382 2.62737 0.815727 1.3887 1.83622 1.27514 0.915043 3.50363 1.79327 4.98235 3.48508 2.66962 1.2375
threshold=0.99762106698677389 0.98217423127542058 13.864500000000001 6.7720000000000011 15.412500000000003 4.2620000000000013 83.305000000000021 4.9940000000000007 7.5365000000000011 -0.47434769705567575 0.25084665036108239 -0.85206963063867736 0.59055600833485278 0.61287127154566789
decision_type=2 2 2 2 2 2 2 2 2 2 2 2 2 2
left_child=1 3 -3 4 -1 -6 -7 9 -9 11 -11 -5 -12 -10
right_child=-2 2 -4 7 5 6 -8 8 13 10 12 -13 -14 -15
leaf_value=0.0005480405840087299 0.00025964582876469302 0.0012542544020080816 -0.0040137731685624626 -0.0032682367911252455 0.00049106941273134867 -0.0044590921604870824 -0.0030507985569656394 0.021910771860313108 0.0001949317200652112 -0.02554276890162659 0.0086921511781970651 0.0052888742617278831 -0.00056140017434565541 -0.0010130832574284877
leaf_weight=97 48 67 40 59 42 42 51 52 1063 41 40 57 107 146
leaf_count=97 48 67 40 59 42 42 51 52 1063 41 40 57 107 146
internal_value=0.000256148 5.2521e-05 0.00514019 -0.000250417 -0.00301724 -0.0062963 -0.0102151 0.000159744 0.00075337 -0.00230263 -0.00531915 0.00258621 -0.00102041 0.000206782
internal_weight=1952 1904 107 1797 232 135 93 1565 1261 304 188 116 147 1209
internal_count=1952 1904 107 1797 232 135 93 1565 1261 304 188 116 147 1209
is_linear=0
shrinkage=0.05


Tree=223
num_leaves=15
num_cat=0
split_feature=2 3 1 2 4 4 4 2 4 4 0 0 4 1
split_gain=1.58755 2.01631 1.43198 0.921062 1.11918 1.30956 1.8561 2.33347 1.09056 1.69798 1.30388 3.26039 2.14919 2.17548
threshold=0.98217423127542058 84.263000000000019 0.99762106698677389 0.94713111268739625 4.2705000000000011 5.2605000000000013 6.0075000000000012 0.90176596055897751 27.308000000000003 22.214000000000002 12.457500000000001 13.4975 17.961500000000004 0.60434081882701174
decision_type=2 2 2 2 2 2 2 2 2 2 2 2 2 2
left_child=2 -2 3 4 -1 -6 -7 8 9 10 -8 -12 -13 -14
right_child=1 -3 -4 -5 5 6 7 -9 -10 -11 11 12 13 -15
leaf_value=-0.0029029935388656504 0.0013334915466214849 -0.001722067663683307 0.00024666353732645806 -0.00096543106800137677 0.0019334463156973514 -0.0050779171988426077 -0.0027670051649533265 0.011652354935225396 -0.0009594705432449613 0.0026252551446692418 0.0039175061038896914 1.2607483437138135e-05 -0.00017996073267048109 -0.0057484075316442569
leaf_weight=43 47 60 48 79 50 43 72 53 56 62 46 1207 42 44
leaf_count=43 47 60 48 79 50 43 72 53 56 62 46 1207 42 44
internal_value=0.000153689 0.00607477 -0.000189702 -0.000417362 -0.000174622 2.98507e-05 -0.000215385 6.32111e-05 -0.00029431 -3.39443e-05 -0.000389794 -3.73413e-05 -0.000502707 -0.00813953
internal_weight=1952 107 1845 1797 1718 1675 1625 1582 1529 1473 1411 1339 1293 86
internal_count=1952 107 1845 1797 1718 1675 1625 1582 1529 1473 1411 1339 1293 86
is_linear=0
shrinkage=0.05


Tree=224
num_leaves=15
num_cat=0
split_feature=1 2 0 2 0 4 4 0 4 4 1 3 3 3
split_gain=1.10727 1.18581 2.25431 1.40292 1.49339 0.869291 2.949 2.93333 1.74709 2.13564 1.41596 2.95459 1.30626 3.1877
threshold=0.99805629696255316 0.98217423127542058 13.439500000000002 0.94698775307607519 13.887500000000001 25.370000000000001 19.281500000000005 16.066500000000005 17.961500000000004 16.974500000000003 0.96683886033945965 53.39350000000001 4.9670000000000014 0.46100000000000008
decision_type=2 2 2 2 2 2 2 2 2 2 2 2 2 2
left_child=1 3 -3 5 -5 6 8 -8 9 10 12 -12 13 -1
right_child=-2 2 -4 4 -6 -7 7 -9 -10 -11 11 -13 -14 -15
leaf_value=0.00075547668867474444 0.00025632204885346068 -0.0020845022161774399 0.005092911167725373 0.0011047802752818859 -0.014154925160121679 -0.00091149701608271301 0.00016504332185219295 0.0041408495186348541 -0.001693729695980184 0.0082816573862559192 -0.0059176852535400733 0.00036825447322764716 0.00016252127073473899 -0.0069373205124895867
leaf_weight=137 43 56 51 42 41 78 66 44 45 59 53 43 1085 109
leaf_count=137 43 56 51 42 41 78 66 44 45 59 53 43 1085 109
internal_value=0.000204918 2.61917e-05 0.00514019 -0.000277469 -0.00662651 2.90867e-05 0.000274223 0.00818182 -0.000293926 0 -0.000385424 -0.00625 3.75657e-05 -0.00325203
internal_weight=1952 1909 107 1802 83 1719 1641 110 1531 1486 1427 96 1331 246
internal_count=1952 1909 107 1802 83 1719 1641 110 1531 1486 1427 96 1331 246
is_linear=0
shrinkage=0.05


Tree=225
num_leaves=15
num_cat=0
split_feature=1 2 2 4 2 0 4 0 1 4 1 1 4 4
split_gain=1.13605 0.90893 0.726004 2.42263 2.05753 1.9667 3.06576 4.07478 3.01898 3.01541 2.89371 1.3944 2.73634 4.01987
threshold=0.99805629696255316 0.99468534776305517 -0.49501433321452953 19.281500000000005 -0.44188884388187749 19.253000000000004 14.043500000000002 16.916500000000003 0.31676515716386888 12.092000000000002 0.3491821996099142 -0.70252096857941237 10.780000000000003 12.328000000000001
decision_type=2 2 2 2 2 2 2 2 2 2 2 2 2 2
left_child=1 2 3 5 -4 6 9 -8 11 -1 -9 -7 -13 -14
right_child=-2 -3 4 -5 -6 8 7 10 -10 -11 -12 12 13 -15
leaf_value=-0.0034434854276430673 0.00024350594641078804 0.0010121714109041448 -0.013419400310217634 0.0015879229455860178 -6.5230799146190341e-05 0.0082535385368540728 0.0024461336354564406 -0.0051818260894791052 0.012343745792408753 0.0052347568573701923 -0.022708756668485108 0.016742546741375743 -0.018452114073809523 0.00016829328890574717
leaf_weight=40 43 57 42 45 1110 76 45 41 59 58 40 41 75 180
leaf_count=40 43 57 42 45 1110 76 45 41 59 58 40 41 75 180
internal_value=0.000102459 -7.85752e-05 -0.000269978 0.001 -0.00104167 0.000229008 -0.00357143 -0.00873016 0.00220418 0.00306122 -0.0154321 0.000537634 -0.00101351 -0.00294118
internal_weight=1952 1909 1852 700 1152 655 224 126 431 98 81 372 296 255
internal_count=1952 1909 1852 700 1152 655 224 126 431 98 81 372 296 255
is_linear=0
shrinkage=0.05


Tree=226
num_leaves=15
num_cat=0
split_feature=4 2 4 2 4 4 3 3 2 2 0 0 1 2
split_gain=0.931424 1.43979 1.12367 1.98467 1.27361 1.08995 1.03797 4.18395 3.33367 2.55252 2.65133 6.5405 2.57669 2.53706
threshold=3.6465000000000005 0.99468534776305517 4.6780000000000008 0.94698775307607519 7.8265000000000002 28.605000000000004 39.732500000000009 48.554500000000012 0.86564557464733971 -0.89611523788151459 17.828500000000002 18.703000000000007 -0.69016699705532203 -0.6815963802609516
decision_type=2 2 2 2 2 2 2 2 2 2 2 2 2 2
left_child=-1 2 -2 5 -5 6 13 -8 9 -9 12 -12 -11 -4
right_child=1 -3 3 4 -6 -7 7 8 -10 10 11 -13 -14 -15
leaf_value=-0.0027700434127985009 0.00041910171544400359 0.00098943607785569325 0.00063303127690430151 -0.015008607746924009 -0.00020014776974928983 -0.00091758563700048985 0.0023882638022572735 -0.0095350485786215022 0.014252959710656278 -0.0031103528117816374 0.016340891503487411 -0.0003002695646334139 0.0001161576014373944 -0.00034039206682948169
leaf_weight=40 45 55 456 46 67 49 50 40 42 48 41 84 235 654
leaf_count=40 45 55 456 46 67 49 50 40 42 48 41 84 235 654
internal_value=5.12295e-05 0.000209205 -2.69251e-05 -0.000220751 -0.00663717 0.000206004 0.000424242 0.00222222 0.000816327 -0.000446429 0.000735294 0.0068 -0.00194346 -0.00045045
internal_weight=1952 1912 1857 1812 113 1699 1650 540 490 448 408 125 283 1110
internal_count=1952 1912 1857 1812 113 1699 1650 540 490 448 408 125 283 1110
is_linear=0
shrinkage=0.05


Tree=227
num_leaves=15
num_cat=0
split_feature=2 3 2 0 4 4 4 2 4 4 2 4 4 4
split_gain=1.17269 2.53157 1.4162 1.49339 1.18439 1.54111 1.49395 2.43569 1.39091 1.82692 2.46838 2.10103 2.00157 1.70722
threshold=0.98217423127542058 84.263000000000019 0.94698775307607519 13.887500000000001 4.2705000000000011 5.2605000000000013 6.0075000000000012 0.90176596055897751 27.308000000000003 19.141500000000004 0.39110220707247995 17.801000000000005 16.974500000000003 16.099500000000003
decision_type=2 2 2 2 2 2 2 2 2 2 2 2 2 2
left_child=2 -2 4 -4 -1 -6 -7 8 9 11 -11 12 13 -8
right_child=1 -3 3 -5 5 6 7 -9 -10 10 -12 -13 -14 -15
leaf_value=-0.0026242062148618796 0.0016239134734938544 -0.0018773409104406358 0.0015322005270273832 -0.013433909973670822 0.00039814662967180281 -0.0036697573319562082 3.2249357597879948e-06 0.028579062151162044 -0.00087170635515046446 0.0013835850963513753 -0.0035757214733432908 -0.010989721886013227 0.0077428687686601234 -0.0089331450583746523
leaf_weight=43 47 60 42 41 51 44 1218 49 59 104 40 46 52 56
leaf_count=43 47 60 42 41 51 44 1218 49 59 104 40 46 52 56
internal_value=5.12295e-05 0.00514019 -0.000243902 -0.00662651 5.67537e-05 0.00026178 0 0.000246305 -9.52381e-05 0.000197889 0.00555556 -0.000364431 0 -0.000392465
internal_weight=1952 107 1845 83 1762 1719 1668 1624 1575 1516 144 1372 1326 1274
internal_count=1952 107 1845 83 1762 1719 1668 1624 1575 1516 144 1372 1326 1274
is_linear=0
shrinkage=0.05


Tree=228
num_leaves=15
num_cat=0
split_feature=2 0 2 2 4 4 0 0 0 3 4 4 0 0
split_gain=1.21731 2.2069 1.46815 2.16 1.44813 1.6144 3.01057 1.07711 5.51979 2.10843 1.81407 1.56615 3.81711 3.28125
threshold=0.97879788253113664 13.439500000000002 0.92933244589178743 0.95250647826689006 28.605000000000004 22.214000000000002 14.341500000000002 13.219000000000003 12.457500000000001 94.743500000000026 18.533000000000005 14.813500000000003 16.066500000000005 17.657000000000004
decision_type=2 2 2 2 2 2 2 2 2 2 2 2 2 2
left_child=2 -2 4 -4 5 7 -7 8 9 -1 11 -9 -13 -14
right_child=1 -3 3 -5 -6 6 -8 10 -10 -11 -12 12 13 -15
leaf_value=0.00061518385571256097 -0.0020482038505984846 0.0024042396644786777 -0.0033192061157073629 0.0014555905006760129 -0.0011836150194793199 -0.00099488236245833255 0.0063864642375893238 -0.00016457083411556411 0.0050695977876126985 -0.0034130882472094672 -0.0012606511275898209 0.0071188213496380165 -0.0031970400306186864 0.0035561074494357943
leaf_weight=53 58 58 40 60 48 40 42 1160 40 45 78 62 40 128
leaf_count=53 58 58 40 60 48 40 42 1160 40 45 78 62 40 128
internal_value=0.000204918 0.00517241 -0.000108932 -0.006 0.000230415 0.000473934 0.00731707 0.000124533 0.00434783 -0.00204082 -0.00027248 0.000143885 0.00391304 0
internal_weight=1952 116 1836 100 1736 1688 82 1606 138 98 1468 1390 230 168
internal_count=1952 116 1836 100 1736 1688 82 1606 138 98 1468 1390 230 168
is_linear=0
shrinkage=0.05


Tree=229
num_leaves=15
num_cat=0
split_feature=2 3 2 2 4 0 0 0 0 2 0 1 0 3
split_gain=1.31981 2.08773 1.36157 2.16 1.37125 0.861459 3.40646 3.21133 1.51649 3.10212 1.79518 1.34604 3.24484 2.29511
threshold=0.97879788253113664 84.263000000000019 0.92933244589178743 0.95250647826689006 28.605000000000004 13.219000000000003 12.457500000000001 11.630500000000001 14.256000000000002 0.52707770864237202 14.736000000000002 0.69561269082666077 18.703000000000007 87.603500000000011
decision_type=2 2 2 2 2 2 2 2 2 2 2 2 2 2
left_child=2 -2 4 -4 5 6 7 -1 9 -7 -10 -12 13 -13
right_child=1 -3 3 -5 -6 8 -8 -9 10 -11 11 12 -14 -15
leaf_value=0.0038892541419939201 0.001422505816595221 -5.2450259863862092e-05 -0.0031532458099219926 0.0013828109756422126 -0.0011244342685053561 0.00067114238364679446 0.004604612270866496 -0.0031489817495034909 0.0042857425800372191 -0.010831999497009293 0.00014009642649681492 0.00099448810627059125 -0.0010163654396449951 -0.0023931583391190673
leaf_weight=74 51 65 40 60 48 57 46 42 54 58 1055 181 67 54
leaf_count=74 51 65 40 60 48 57 46 42 54 58 1055 181 67 54
internal_value=0 0.00517241 -0.000326797 -0.006 0 0.000236967 0.0037037 -0.000862069 -0.000131062 -0.00565217 0.000318923 -3.6846e-05 -0.00298013 -0.000212766
internal_weight=1952 116 1836 100 1736 1688 162 116 1526 115 1411 1357 302 235
internal_count=1952 116 1836 100 1736 1688 162 116 1526 115 1411 1357 302 235
is_linear=0
shrinkage=0.05


Tree=230
num_leaves=15
num_cat=0
split_feature=2 3 3 3 3 3 0 2 4 0 2 2 3 3
split_gain=1.34608 2.08773 1.25894 3.64277 4.20588 3.3107 2.89454 2.40587 2.21505 2.13508 2.53955 2.13255 1.82954 5.58618
threshold=0.97879788253113664 84.263000000000019 99.055500000000009 82.197500000000005 66.927000000000007 39.732500000000009 15.872000000000002 0.92933244589178743 5.5080000000000009 14.431500000000002 0.29426351849031901 -0.6815963802609516 8.0950000000000006 5.9110000000000005
decision_type=2 2 2 2 2 2 2 2 2 2 2 2 2 2
left_child=2 -2 3 4 5 7 -7 8 -1 -5 -11 -10 13 -13
right_child=1 -3 -4 9 -6 6 -8 -9 11 10 -12 12 -14 -15
leaf_value=0.00036097179081360543 0.0013513805257654556 -4.9827746870667602e-05 -0.00063676155051708982 0.0044215725120462296 -0.011592903017264698 0.0029865262264602982 0.0003664190832383396 -0.010558670695287153 0.00056072211740024885 0.0083458774745745149 -0.0021866263086174676 -0.00026789845045975259 -0.0012890355186557971 0.00911853484071189
leaf_weight=41 51 65 298 45 58 56 80 45 462 67 41 318 276 49
leaf_count=41 51 65 298 45 58 56 80 45 462 67 41 318 276 49
internal_value=-5.12295e-05 0.00517241 -0.000381264 0.000195059 -0.000613718 -3.7679e-05 0.00735294 -0.000881612 -0.0004363 0.00751634 0.0037037 -0.000859729 -0.00272162 -0.000408719
internal_weight=1952 116 1836 1538 1385 1327 136 1191 1146 153 108 1105 643 367
internal_count=1952 116 1836 1538 1385 1327 136 1191 1146 153 108 1105 643 367
is_linear=0
shrinkage=0.05


Tree=231
num_leaves=15
num_cat=0
split_feature=1 1 0 3 3 0 2 1 1 3 3 4 4 4
split_gain=1.27663 2.83188 2.32685 5 2.35411 3.48125 2.83123 2.27735 3.5772 3.33506 3.16284 2.73126 1.67608 3.33071
threshold=0.59055600833485278 0.51909748604633899 18.703000000000007 12.177500000000002 5.2940000000000014 14.604000000000001 -0.53914575630485184 0.88134550114954158 0.96230016621822489 53.39350000000001 42.782500000000006 12.037000000000001 13.264500000000002 12.462000000000002
decision_type=2 2 2 2 2 2 2 2 2 2 2 2 2 2
left_child=1 12 4 -4 5 -2 -6 11 10 -10 -9 -8 13 -1
right_child=2 -3 3 -5 6 -7 7 8 9 -11 -12 -13 -14 -15
leaf_value=8.4370721695181677e-05 -0.0010903322364393022 0.013372476676962831 0.00039293753853058487 -0.019052399298948482 0.010249014317247805 -1.2998470892622294e-05 0.0010872074618444528 0.013895178807914353 -0.0083662454734942746 0.0023015305785346052 0.0018579553073509538 -0.010851945791348509 -0.0002807365447448945 0.0064173937272779483
leaf_weight=748 44 55 40 40 68 79 57 40 54 75 58 54 442 98
leaf_count=748 44 55 40 40 68 79 57 40 54 75 58 54 442 98
internal_value=-0.000153689 0.000707372 -0.00205255 -0.01 -0.000850662 -0.00691057 0.000985222 -0.000887574 0.00198238 -0.00348837 0.00918367 -0.00675676 0.000232919 0.00153664
internal_weight=1952 1343 609 80 529 123 406 338 227 129 98 111 1288 846
internal_count=1952 1343 609 80 529 123 406 338 227 129 98 111 1288 846
is_linear=0
shrinkage=0.05


Tree=232
num_leaves=15
num_cat=0
split_feature=4 2 4 0 3 3 4 2 3 2 4 4 2 0
split_gain=1.03184 2.39108 1.54382 4.04722 1.3531 0.745082 2.33687 3.78913 2.73187 2.84575 2.16095 4.36075 3.39574 1.95755
threshold=4.7805000000000009 0.99468534776305517 6.2730000000000006 16.001500000000004 71.388000000000019 5.0055000000000005 23.900500000000005 0.94698775307607519 7.5820000000000016 0.86564557464733971 15.701000000000002 14.813500000000003 0.092265415903232631 17.511000000000006
decision_type=2 2 2 2 2 2 2 2 2 2 2 2 2 2
left_child=4 2 3 -2 -1 -4 7 8 -7 10 11 -10 13 -12
right_child=1 -3 5 -5 -6 6 -8 -9 9 -11 12 -13 -14 -15
leaf_value=9.1338256556311459e-05 -0.0020973521944393551 0.0023779984121788337 -0.00016828038228706711 0.0042438412026538754 -0.0024436129871096336 0.0025729903914603102 0.0021245361798794384 -0.0064161271740412647 -0.00022067687936034309 0.020809144158997133 -0.0068560224728289269 0.0084540283742760743 0.0023587338712910411 -0.00015756353968548743
leaf_weight=45 56 51 377 50 51 76 90 57 804 40 73 73 51 58
leaf_count=45 56 51 377 50 51 76 90 57 804 40 73 73 51 58
internal_value=-0.000153689 0.000107759 -0.000193906 0.00566038 -0.00520833 -0.000559152 0 -0.000568182 4.25532e-05 -0.000591447 -0.00108593 -5.70125e-05 -0.00604396 -0.0103053
internal_weight=1952 1856 1805 106 96 1699 1322 1232 1175 1099 1059 877 182 131
internal_count=1952 1856 1805 106 96 1699 1322 1232 1175 1099 1059 877 182 131
is_linear=0
shrinkage=0.05


Tree=233
num_leaves=15
num_cat=0
split_feature=2 0 3 3 4 4 0 0 4 2 3 3 3 0
split_gain=1.37262 2.2069 1.21325 3.08061 2.69006 2.62803 2.44235 1.98853 2.21487 4.13506 1.93511 1.85264 3.03803 2.56222
threshold=0.97879788253113664 13.439500000000002 99.055500000000009 82.197500000000005 24.962500000000002 21.126500000000004 15.662500000000001 14.188500000000003 8.209500000000002 0.19429706169951341 92.690000000000012 66.927000000000007 40.989000000000004 15.872000000000002
decision_type=2 2 2 2 2 2 2 2 2 2 2 2 2 2
left_child=2 -2 3 4 11 7 -5 -4 -9 -10 -8 12 -1 -14
right_child=1 -3 5 6 -6 -7 10 8 9 -11 -12 -13 13 -15
leaf_value=-6.8940177699275407e-05 -0.0021581094695916751 0.0021604132017219477 -0.0030463313619647106 0.0047738969619637479 -0.0034057944207807377 0.0017095318226350133 0.0087489948646969247 -0.011968524564884982 -0.001315913540243674 0.0096714473124071623 -0.00097932527289781315 -0.011050782173159593 0.011891954137008515 3.8250523615973586e-05
leaf_weight=1156 58 58 95 62 50 45 42 55 63 40 49 54 48 77
leaf_count=1156 58 58 95 62 50 45 42 55 63 40 49 54 48 77
internal_value=-0.000102459 0.00517241 -0.00043573 0.000130039 -0.000613718 -0.0033557 0.00686275 -0.00533597 -0.00189873 0.00242718 0.00164835 -0.000187266 0.00019516 0.0076
internal_weight=1952 116 1836 1538 1385 298 153 253 158 103 91 1335 1281 125
internal_count=1952 116 1836 1538 1385 298 153 253 158 103 91 1335 1281 125
is_linear=0
shrinkage=0.05


Tree=234
num_leaves=15
num_cat=0
split_feature=2 4 3 3 4 0 1 1 2 4 4 3 3 3
split_gain=1.85793 1.86504 1.77982 3.0214 2.72429 2.44235 2.18671 4.25768 2.09455 2.07651 2.06599 1.93511 1.19796 3.03803
threshold=0.97879788253113664 13.864500000000001 99.055500000000009 82.197500000000005 24.962500000000002 15.662500000000001 0.78753388270336722 0.48941038753127741 0.19429706169951341 13.105000000000002 8.2995000000000019 92.690000000000012 66.927000000000007 40.989000000000004
decision_type=2 2 2 2 2 2 2 2 2 2 2 2 2 2
left_child=2 -2 3 4 12 -5 7 9 -8 10 -4 -7 13 -1
right_child=1 -3 6 5 -6 11 8 -9 -10 -11 -12 -13 -14 -15
leaf_value=-6.5493168814306776e-05 0.0011555824260416404 -0.003813397811577671 -0.0014467155763717692 0.0045352021138655605 -0.003235504699741704 0.0083115451214620835 -0.00032212071682061752 -0.0059125954469577335 0.0027215256910893106 -0.0014329945028269857 0.0033153911333135681 -0.00093035900925292347 -0.010498243064501615 0.0024833705923871575
leaf_weight=1156 74 42 62 62 50 42 55 47 45 47 42 49 54 125
leaf_count=1156 74 42 62 62 50 42 55 47 45 47 42 49 54 125
internal_value=-0.000102459 0.00603448 -0.000490196 0.000195059 -0.000541516 0.00686275 -0.00402685 -0.00707071 0.002 -0.00298013 0.000961538 0.00164835 -0.00011236 0.00019516
internal_weight=1952 116 1836 1538 1385 153 298 198 100 151 104 91 1335 1281
internal_count=1952 116 1836 1538 1385 153 298 198 100 151 104 91 1335 1281
is_linear=0
shrinkage=0.05


Tree=235
num_leaves=15
num_cat=0
split_feature=2 1 3 4 4 4 4 2 0 4 3 1 3 0
split_gain=1.65144 1.83049 0.88704 3.24491 4.33401 2.5874 1.97295 1.55786 5.1246 2.80513 2.54285 1.98763 1.1838 3.88608
threshold=0.95506028457921099 0.098678873477280007 99.907500000000013 19.763500000000004 12.065000000000003 7.9830000000000014 24.962500000000002 0.76110425866077447 13.4975 7.2805000000000009 7.565500000000001 0.33302288323572038 0.36100000000000004 16.550000000000001
decision_type=2 2 2 2 2 2 2 2 2 2 2 2 2 2
left_child=2 -2 6 4 5 -4 7 9 -9 10 -1 -10 13 -11
right_child=1 -3 3 -5 -6 -7 -8 8 11 12 -12 -13 -14 -15
leaf_value=-2.1867482818479884e-05 0.00015645692651594241 0.0024854813065748908 -0.0026734307826828813 0.0017520724532067045 -0.009175717685610988 0.0025786582835081303 -0.0020407032917456823 0.0037418542405357083 -0.030938069670504265 0.017479031060513819 0.005168465865813595 -0.00012731152982146666 -5.3186222877793514e-05 -0.00010801586938323782
leaf_weight=43 114 60 72 50 66 52 63 49 67 40 70 46 1095 65
leaf_count=43 114 60 72 50 66 52 63 49 67 40 70 46 1095 65
internal_value=-5.12295e-05 0.0045977 -0.000506187 -0.00333333 -0.00631579 -0.000806452 -6.50195e-05 0.000305085 -0.00432099 0.000875857 0.00840708 -0.010177 0.000166667 0.0052381
internal_weight=1952 174 1778 240 190 124 1538 1475 162 1313 113 113 1200 105
internal_count=1952 174 1778 240 190 124 1538 1475 162 1313 113 113 1200 105
is_linear=0
shrinkage=0.05


Tree=236
num_leaves=15
num_cat=0
split_feature=3 3 4 4 3 0 3 0 0 2 2 4 3 4
split_gain=1.29229 2.74447 1.84751 3.18566 3.48839 3.10792 3.80547 4.29082 5.98608 2.58099 6.39253 1.86497 2.13675 1.71793
threshold=19.232500000000005 20.322500000000002 14.005000000000001 13.063500000000001 4.2620000000000013 19.724000000000004 13.807500000000003 21.283500000000004 22.567500000000003 0.12643880951666986 -0.46997674302732012 8.2995000000000019 12.8665 9.105500000000001
decision_type=2 2 2 2 2 2 2 2 2 2 2 2 2 2
left_child=2 -2 3 4 13 11 7 -7 -9 10 -4 -6 -13 -1
right_child=1 -3 9 -5 5 6 -8 8 -10 -11 -12 12 -14 -15
leaf_value=0.00049155305465363734 0.019409642269395802 0.00019328078567978912 -0.00015582669802725047 0.003093410204327904 -0.0029811210314962949 0.0058665906187935386 -0.016745075831910389 -0.0062541099630144857 0.0083255557691423576 0.0018533263178299052 -0.01703943666774739 -0.00011673693817331744 -0.012036577686482523 0.0031609001721735644
leaf_weight=143 44 889 197 86 51 69 65 42 51 58 56 90 40 71
leaf_count=143 44 889 197 86 51 69 65 42 51 58 56 90 40 71
internal_value=0.000102459 0.00144695 -0.00112856 0.000282486 -0.00096463 -0.00367647 0.000220264 0.00432099 -0.00268817 -0.00434084 -0.00652174 -0.00856354 -0.00538462 0.00420561
internal_weight=1952 933 1019 708 622 408 227 162 93 311 253 181 130 214
internal_count=1952 933 1019 708 622 408 227 162 93 311 253 181 130 214
is_linear=0
shrinkage=0.05


Tree=237
num_leaves=15
num_cat=0
split_feature=0 1 2 0 1 3 0 4 1 4 1 0 4 3
split_gain=1.43406 3.37287 2.43767 2.9479 2.61411 3.04603 5.02771 2.3875 2.06801 3.80466 2.325 3.14287 4.11626 2.10793
threshold=14.876500000000002 0.89706552114483107 0.6971494193916894 13.798500000000002 -0.24284747324344283 79.094500000000025 13.579500000000001 16.736000000000001 0.54817103930762578 7.9830000000000014 0.99052327954040398 16.198500000000006 13.323000000000002 12.753500000000001
decision_type=2 2 2 2 2 2 2 2 2 2 2 2 2 2
left_child=1 2 3 -1 -4 -6 -7 -3 -2 -10 11 -11 13 -13
right_child=8 7 4 -5 5 6 -8 -9 9 10 -12 12 -14 -15
leaf_value=-0.0039391771631232808 0.0002499067525494031 0.00062397296532486213 0.0035450974892249302 0.0022771034424987624 0.00099870986077709172 0.0001836167463957983 -0.0089192638295192226 0.0024253993503024042 -0.0020149918077077278 -0.0066635855983205655 0.0077769720716403534 0.00037731362727138761 0.0041014381709437667 -0.006751743645190534
leaf_weight=71 1026 78 81 40 109 73 40 58 60 80 40 46 87 63
leaf_count=71 1026 78 81 40 109 73 40 58 60 80 40 46 87 63
internal_value=0.000563525 0.00272727 0.000483092 -0.00585586 0.00280528 0 -0.00575221 0.00955882 -0.000285307 -0.00345745 -0.00126582 -0.00289855 0.000510204 -0.0059633
internal_weight=1952 550 414 111 303 222 113 136 1402 376 316 276 196 109
internal_count=1952 550 414 111 303 222 113 136 1402 376 316 276 196 109
is_linear=0
shrinkage=0.05


Tree=238
num_leaves=15
num_cat=0
split_feature=1 4 0 2 4 3 1 1 2 0 0 3 4 1
split_gain=2.31572 2.5227 4.3388 1.6915 1.86504 1.19433 2.0689 2.32857 2.32071 1.99178 3.94475 3.38984 3.02699 2.5775
threshold=0.98009454285431663 10.935500000000003 14.905500000000002 0.97879788253113664 13.864500000000001 16.604000000000003 0.87518633148764147 0.63137065367936085 -0.5488429582847193 19.724000000000004 20.533500000000004 8.5370000000000008 12.691000000000001 -0.95747632178960107
decision_type=2 2 2 2 2 2 2 2 2 2 2 2 2 2
left_child=3 -2 -3 5 -5 6 7 9 -9 11 -11 -1 13 -12
right_child=1 2 -4 4 -6 -7 -8 8 -10 10 12 -13 -14 -15
leaf_value=-0.00016053070075335853 0.0021274024362845467 0.00079785731557036619 -0.0038440918445021275 0.0012201046588468545 -0.0034422009573900183 0.00028309179805556804 -0.0040785189486773014 0.00013765488953395577 0.0072268970985046588 0.0046093138521243306 -0.0032920374564422597 -0.0028445603175489501 -0.0058127794234046131 0.0017152832404274288
leaf_weight=237 40 55 42 74 42 855 83 62 43 81 46 89 76 127
leaf_count=237 40 55 42 74 42 855 83 62 43 81 46 89 76 127
internal_value=0.000665984 0.00693431 0.00257732 0.000192837 0.00603448 -0.000206004 -0.00154028 -0.000722733 0.00619048 -0.00182927 0.000909091 -0.00460123 -0.00220884 0.00144509
internal_weight=1952 137 97 1815 116 1699 844 761 105 656 330 326 249 173
internal_count=1952 137 97 1815 116 1699 844 761 105 656 330 326 249 173
is_linear=0
shrinkage=0.05


Tree=239
num_leaves=15
num_cat=0
split_feature=1 0 3 4 4 0 2 1 0 0 0 0 0 4
split_gain=1.77452 2.9322 1.61719 1.59965 2.7695 5.26335 2.76567 1.64459 1.29945 2.77383 1.83059 2.12138 1.73391 2.73864
threshold=0.98009454285431663 16.198500000000006 31.152000000000005 23.187000000000001 18.533000000000005 16.444000000000003 0.70329649815198148 0.96230016621822489 16.916500000000003 17.473500000000005 17.987500000000001 18.490000000000006 16.444000000000003 10.935500000000003
decision_type=2 2 2 2 2 2 2 2 2 2 2 2 2 2
left_child=3 2 -2 4 7 -6 -5 8 12 -10 -11 -12 13 -1
right_child=1 -3 -4 6 5 -7 -8 -9 9 10 11 -13 -14 -15
leaf_value=-0.00018734941192679602 0.00060381136958173598 -5.0972292839078764e-05 0.0048597665876373283 -0.00031559333175474881 -0.0098237638114281964 0.004637713545779576 0.0033711380019516846 -0.0044109710510994386 -0.0073905650300983144 0.0055864443919136338 -0.0054256537145755974 0.0001756085112181824 0.012575246829923038 0.0021731342926784138
leaf_weight=333 40 55 42 67 66 43 51 44 70 54 70 768 54 195
leaf_count=333 40 55 42 67 66 43 51 44 70 54 70 768 54 195
internal_value=0.000717213 0.00620438 0.0121951 0.00030303 -8.83913e-05 -0.00779817 0.0059322 0.000440806 0.000712435 -0.0004158 0.000336323 -0.000238663 0.00257732 0.00170455
internal_weight=1952 137 82 1815 1697 109 118 1588 1544 962 892 838 582 528
internal_count=1952 137 82 1815 1697 109 118 1588 1544 962 892 838 582 528
is_linear=0
shrinkage=0.05


Tree=240
num_leaves=15
num_cat=0
split_feature=0 1 0 4 0 0 4 0 1 3 0 2 1 0
split_gain=1.09583 2.81694 1.71903 1.61796 3.29935 2.82181 3.88814 2.86624 2.79036 5.33202 4.82898 3.4078 2.45343 4.26884
threshold=16.066500000000005 0.98633936463790606 16.397000000000002 13.409500000000003 21.740500000000001 16.916500000000003 12.962500000000002 17.349000000000004 -0.27123391067291053 3.8700000000000006 19.355000000000004 -0.82681243101696389 0.64460769028158504 19.508000000000006
decision_type=2 2 2 2 2 2 2 2 2 2 2 2 2 2
left_child=1 -1 -2 5 8 -4 7 -7 -5 -10 11 -11 13 -9
right_child=2 -3 3 4 -6 6 -8 12 9 10 -12 -13 -14 -15
leaf_value=0.00015609306518878376 -0.0014990528167040996 0.00090004733118688733 0.0079527745901304403 -0.0033360867221122977 0.0060819571221963692 -0.012313363622015473 0.01224198663527536 0.0054884866763444005 -0.018934493183323711 -0.001125073749970751 0.02074641091714495 0.0032061005513440983 -0.0029058708660229015 -0.00026542888772311811
leaf_weight=685 56 68 51 130 43 41 66 122 42 71 48 52 104 373
leaf_count=685 56 68 51 130 43 41 66 122 42 71 48 52 104 373
internal_value=0.000563525 0.00205843 -0.000375313 4.37445e-05 -0.00259067 0.00138705 0.000566572 -0.000625 -0.00422741 -0.000704225 0.00321637 -0.00203252 0.000250417 0.00171717
internal_weight=1952 753 1199 1143 386 757 706 640 343 213 171 123 599 495
internal_count=1952 753 1199 1143 386 757 706 640 343 213 171 123 599 495
is_linear=0
shrinkage=0.05


Tree=241
num_leaves=15
num_cat=0
split_feature=4 1 0 0 2 1 4 4 1 1 4 3 2 0
split_gain=1.31515 2.19023 3.12294 3.13797 4.69752 3.74825 2.15985 2.05663 2.48473 4.71488 3.21846 1.8 1.50758 1.43686
threshold=16.884000000000004 -0.74981945761428193 17.657000000000004 14.166500000000001 0.43802537080760273 0.41274032740354816 20.464000000000002 15.701000000000002 0.99052327954040398 0.96230016621822489 15.063500000000001 89.721000000000018 0.97879788253113664 17.828500000000002
decision_type=2 2 2 2 2 2 2 2 2 2 2 2 2 2
left_child=7 -2 3 4 -3 -5 -7 8 9 10 12 -6 -1 -9
right_child=1 2 -4 5 11 6 -8 13 -10 -11 -12 -13 -14 -15
leaf_value=-3.6492421998463032e-05 -0.010482126235422093 0.0042473693770943236 0.0065009834938458359 0.00048388733240097709 -0.0034123053181594519 -0.011766315524404575 -0.00085381279849326979 -0.0091463776406697905 0.0025817096823898297 -0.0073802603601458155 0.0049322228783698074 0.0015663089231926998 0.00087336254261904131 -0.00081069291470793896
leaf_weight=1250 40 63 43 40 40 42 47 44 63 58 56 40 79 47
leaf_count=1250 40 63 43 40 40 42 47 44 63 58 56 40 79 47
internal_value=0.000768443 0.00352113 0.00492063 0.00294118 0.00804196 -0.00271318 -0.00842697 0.000156544 0.00059761 0.00017325 0.000758123 0 0.000263356 -0.00714286
internal_weight=1952 355 315 272 143 129 89 1597 1506 1443 1385 80 1329 91
internal_count=1952 355 315 272 143 129 89 1597 1506 1443 1385 80 1329 91
is_linear=0
shrinkage=0.05


Tree=242
num_leaves=15
num_cat=0
split_feature=4 3 3 1 2 4 2 1 4 3 3 2 4 1
split_gain=1.65251 1.99599 6.60815 4.10292 2.1978 3.76766 2.5498 1.53036 2.73631 2.78161 4.71109 2.94133 2.18633 2.12186
threshold=16.884000000000004 68.252500000000012 32.210000000000001 0.67760851415498113 -0.46997674302732012 19.141500000000004 0.12643880951666986 -0.89391031859722847 7.6680000000000001 30.770500000000002 8.322000000000001 -0.23208956585110249 16.099500000000003 -0.7610972106345526
decision_type=2 2 2 2 2 2 2 2 2 2 2 2 2 2
left_child=7 2 4 -3 5 -2 -6 8 -1 10 -10 -12 13 -9
right_child=1 3 -4 -5 6 -7 -8 12 9 -11 11 -13 -14 -15
leaf_value=0.01105517931017861 0.0002272399788775137 0.0001091204298595494 -0.0055055052164605855 0.0041944727325672225 -0.0070433151201870492 0.0052414458428086015 0.0013425158440248499 -0.0015975896697958802 0.0012591802314551232 0.012690422565826141 -0.00020255710105075987 -0.035877656813168506 -0.0099406884690578182 6.5015340679711045e-05
leaf_weight=43 49 73 40 60 40 42 51 124 64 56 43 40 51 1176
leaf_count=43 49 73 40 60 40 42 51 124 64 56 43 40 51 1176
internal_value=0.000717213 0.00380282 0.000900901 0.00864662 0.00494505 0.0104396 -0.000549451 3.13087e-05 0.00365854 0.00123153 -0.00238095 -0.010241 -0.000629164 -0.000230769
internal_weight=1952 355 222 133 182 91 91 1597 246 203 147 83 1351 1300
internal_count=1952 355 222 133 182 91 91 1597 246 203 147 83 1351 1300
is_linear=0
shrinkage=0.05


Tree=243
num_leaves=15
num_cat=0
split_feature=4 1 0 4 2 4 0 4 4 0 0 2 2 2
split_gain=1.17253 2.13929 2.38011 3.25306 3.61183 2.85185 2.26777 1.30961 1.94397 1.80275 1.46497 1.49334 1.18994 0.962495
threshold=16.884000000000004 0.90149333598846393 16.142000000000007 23.187000000000001 0.71541278717867718 20.007500000000004 13.865500000000003 15.701000000000002 15.063500000000001 11.176 12.892000000000001 0.98217423127542058 -0.81202266594587924 0.88234143329564307
decision_type=2 2 2 2 2 2 2 2 2 2 2 2 2 2
left_child=7 2 3 -2 -5 -4 -3 8 9 -1 13 -12 -9 -11
right_child=1 6 5 4 -6 -7 -8 12 -10 10 11 -13 -14 -15
leaf_value=0.0059699342487651219 -0.0074578250673392535 0.003785256167740256 -0.00030949778184034273 -0.003058049892377668 0.0036500403569311975 0.0055019899900732305 0.00018118155032448291 -0.0080339082453600944 0.0037309628916548654 -0.0022168383410431981 -4.9623640885060674e-05 0.0029775340704487189 -0.0003395285410036031 -0.00083343618190180472
leaf_weight=49 74 46 66 40 46 42 41 40 63 47 1260 46 51 41
leaf_count=49 74 46 66 40 46 42 41 40 63 47 1260 46 51 41
internal_value=0.000358607 0.00295775 0.000746269 -0.003125 0.00348837 0.00648148 0.00977011 -0.000219161 0.000132802 -0.00024255 -0.000573888 -0.000153139 -0.00604396 -0.00681818
internal_weight=1952 355 268 160 86 108 87 1597 1506 1443 1394 1306 91 88
internal_count=1952 355 268 160 86 108 87 1597 1506 1443 1394 1306 91 88
is_linear=0
shrinkage=0.05


Tree=244
num_leaves=15
num_cat=0
split_feature=4 1 0 3 4 4 0 4 2 2 2 2 4 0
split_gain=1.82122 1.64145 2.26777 2.0461 4.32692 3.04214 1.88789 1.13304 1.61082 1.07498 0.887667 3.54131 1.82289 3.33787
threshold=16.884000000000004 0.90149333598846393 13.865500000000003 3.1635000000000004 21.532500000000002 18.937000000000001 13.985500000000002 16.099500000000003 -0.99791438307893243 -0.98870105003072151 0.040813519545864409 0.15855938510313469 11.038500000000001 19.481500000000004
decision_type=2 2 2 2 2 2 2 2 2 2 2 2 2 2
left_child=7 3 -3 -2 5 -5 -6 8 -1 -10 12 -12 13 -11
right_child=1 2 -4 4 6 -7 -8 -9 9 10 11 -13 -14 -15
leaf_value=0.0038602923339487827 0.0018684716685861804 0.0035959933593532421 0.00017212247280825601 -0.0012979865113017155 0.00018167234111833298 -0.014936784880469407 0.0025538201164817423 -0.0070707503567816968 -0.0014057947835535657 0.011781181599685792 -0.0048541181691556419 -8.345655748485809e-05 -7.2736575500182221e-05 0.00027374522806298748
leaf_weight=40 60 46 41 63 59 41 45 56 45 79 57 644 522 154
leaf_count=40 60 46 41 63 59 41 45 56 45 79 57 644 522 154
internal_value=0.000563525 0.00380282 0.00977011 0.00186567 -0.000480769 -0.00769231 0.00673077 -0.000156544 9.73394e-05 -0.000166556 6.86813e-05 -0.00121255 0.00125828 0.00493562
internal_weight=1952 355 87 268 208 104 104 1597 1541 1501 1456 701 755 233
internal_count=1952 355 87 268 208 104 104 1597 1541 1501 1456 701 755 233
is_linear=0
shrinkage=0.05


Tree=245
num_leaves=15
num_cat=0
split_feature=1 1 0 1 0 2 3 0 0 2 1 3 3 4
split_gain=1.63655 1.62833 1.57521 1.15178 0.912414 1.56114 2.33288 2.82036 2.52422 2.4099 2.66166 2.00606 2.76041 2.4753
threshold=0.98009454285431663 0.96230016621822489 16.034500000000005 0.94130860066615818 10.530000000000003 0.98217423127542058 99.055500000000009 12.961500000000003 13.194500000000001 0.22790171382004171 -0.29259762607704948 19.232500000000005 20.563500000000005 14.567000000000002
decision_type=2 2 2 2 2 2 2 2 2 2 2 2 2 2
left_child=1 3 -2 4 -1 6 8 -8 -6 -9 -11 -10 -13 -14
right_child=2 -3 -4 -5 5 -7 7 9 11 10 -12 12 13 -15
leaf_value=-0.0011678434805667437 0.001284521575365713 -0.0014516892117186321 -4.6672465408353122e-05 0.0051833068547314015 0.0034390242095549031 0.00082007435485551569 -0.0041386537906945029 -0.0045829954205004412 -0.00021474065287601098 0.0085260548857185488 -0.0015366431381523687 0.021514396826486672 -0.00035894609660570566 0.0034232652710206924
leaf_weight=53 80 49 57 43 85 96 42 52 837 65 74 45 276 98
leaf_count=53 80 49 57 43 85 96 42 52 837 65 74 45 276 98
internal_value=0.000204918 -0.000192837 0.00547445 5.66251e-05 -0.000145096 5.98802e-05 -0.000317662 -0.00493562 0.000484713 -0.00235602 0.00107914 -7.96178e-05 0.00274463 0.0013369
internal_weight=1952 1815 137 1766 1723 1670 1574 233 1341 191 139 1256 419 374
internal_count=1952 1815 137 1766 1723 1670 1574 233 1341 191 139 1256 419 374
is_linear=0
shrinkage=0.05


Tree=246
num_leaves=15
num_cat=0
split_feature=4 3 3 1 4 1 1 4 2 2 2 2 3 3
split_gain=1.31529 2.07354 4.39121 2.79813 2.1671 1.82803 4.4469 1.05326 1.69637 1.6984 0.879028 2.60215 1.11492 3.39945
threshold=16.884000000000004 68.252500000000012 32.210000000000001 0.76588452941357155 17.801000000000005 0.86958133671945947 0.23416947364604893 16.099500000000003 -0.99791438307893243 -0.98870105003072151 -0.96801877525786306 -0.94418750883419933 4.2620000000000013 12.007000000000003
decision_type=2 2 2 2 2 2 2 2 2 2 2 2 2 2
left_child=7 2 4 -3 -2 6 -6 8 -1 -10 -11 -12 -13 -14
right_child=1 3 -4 -5 5 -7 -8 -9 9 10 11 12 13 -15
leaf_value=0.0036219951226302369 0.009142562904532003 0.00014910140860045497 -0.0048722410150404821 0.0040836061809653877 -0.0032314482921427636 -0.0045378546449196698 0.0055560759767239514 -0.0066992986193601892 -0.0013247680117320915 0.0082637045075552151 -0.0096068838497869076 0.0014465756075321525 -0.00069488709582999914 0.00021731893192853403
leaf_weight=40 41 79 40 54 43 41 57 56 45 61 45 247 270 833
leaf_count=40 41 79 40 54 43 41 57 56 45 61 45 247 270 833
internal_value=0.000204918 0.00295775 0 0.00789474 0.0032967 0.00035461 0.004 -0.000407013 -0.000162232 -0.000433045 -0.000137363 -0.000394265 0 -0.000679964
internal_weight=1952 355 222 133 182 141 100 1597 1541 1501 1456 1395 1350 1103
internal_count=1952 355 222 133 182 141 100 1597 1541 1501 1456 1395 1350 1103
is_linear=0
shrinkage=0.05


Tree=247
num_leaves=15
num_cat=0
split_feature=4 1 0 2 0 3 2 4 4 1 1 3 4 4
split_gain=1.85022 1.80008 2.26777 1.64936 2.66484 1.86576 2.59048 1.28199 2.47852 2.33474 3.75515 1.58233 1.01122 2.725
threshold=16.884000000000004 0.90149333598846393 13.865500000000003 0.94147585758598662 14.789500000000002 3.1635000000000004 -0.76235363884839025 15.412000000000001 15.016000000000002 0.99052327954040398 0.96230016621822489 12.007000000000003 14.043500000000002 14.567000000000002
decision_type=2 2 2 2 2 2 2 2 2 2 2 2 2 2
left_child=7 3 -3 4 -2 -6 -7 8 9 10 12 -9 -1 -14
right_child=1 2 -4 -5 5 6 -8 11 -10 -11 -12 -13 13 -15
leaf_value=3.7900387695055665e-05 -0.0021382792798714662 0.0032161925732461325 6.0661380400117705e-06 0.0023776703224848541 0.0022328682134422741 -0.0038243777227661537 0.00063597408493299985 -0.0090860072676423372 0.0042676976809258305 0.0045118498749116553 -0.006711292213026388 -0.00011812221269456997 -0.018219576805276982 0.00025553556522743548
leaf_weight=1207 78 46 41 43 45 42 60 41 42 59 55 78 54 61
leaf_count=1207 78 46 41 43 45 42 60 41 42 59 55 78 54 61
internal_value=0.000256148 0.00352113 0.00977011 0.00149254 -0.000222222 0.0037415 0 -0.000469631 -6.7659e-05 -0.000417827 -0.000835149 -0.00546218 -0.000302572 -0.00478261
internal_weight=1952 355 87 268 225 147 102 1597 1478 1436 1377 119 1322 115
internal_count=1952 355 87 268 225 147 102 1597 1478 1436 1377 119 1322 115
is_linear=0
shrinkage=0.05


Tree=248
num_leaves=15
num_cat=0
split_feature=3 3 3 2 2 3 3 4 2 4 1 4 3 0
split_gain=0.748083 2.89117 2.74214 2.14616 2.1185 3.66217 4.60681 3.31308 5.74237 3.05714 2.78843 2.7456 2.30208 1.64461
threshold=19.232500000000005 20.322500000000002 17.739500000000003 -0.99113067767854335 -0.6815963802609516 14.096500000000001 8.0950000000000006 9.4610000000000021 -0.33100558041451072 11.438000000000001 -0.97505550290239429 13.409500000000003 8.8550000000000022 17.987500000000001
decision_type=2 2 2 2 2 2 2 2 2 2 2 2 2 2
left_child=2 -2 3 -1 9 6 10 -8 -9 -5 -6 -11 -13 -12
right_child=1 -3 -4 4 5 -7 7 8 -10 11 13 12 -14 -15
leaf_value=-0.0024260811504123146 0.017089492020618238 8.6354263542445808e-05 -0.010813434161915532 -0.0029901013750154044 0.0033820270473955169 0.0016129912925681132 -0.0057435902085194741 -0.013751244072923408 0.0043698328660476795 0.012970310577605388 0.00032587969574354725 0.0053263192924073556 -0.00072594274587245433 -0.0012126204391109273
leaf_weight=68 44 889 48 55 58 52 40 51 43 76 291 62 73 102
leaf_count=68 44 889 48 55 58 52 40 51 43 76 291 62 73 102
internal_value=0.000102459 0.0011254 -0.000834151 -0.000257467 0.000387597 -0.00117739 -0.00230769 -0.0104478 -0.00531915 0.00413534 0.000110865 0.00687204 0.00259259 -0.00139949
internal_weight=1952 933 1019 971 903 637 585 134 94 266 451 211 135 393
internal_count=1952 933 1019 971 903 637 585 134 94 266 451 211 135 393
is_linear=0
shrinkage=0.05


Tree=249
num_leaves=15
num_cat=0
split_feature=2 4 4 3 1 3 3 3 1 0 1 1 0 0
split_gain=0.669429 1.29374 3.06926 2.27435 3.80835 2.55901 2.57347 2.60228 2.42128 1.83464 2.04966 5.52772 1.29119 2.72358
threshold=0.4068650353019454 23.187000000000001 9.6325000000000021 87.26400000000001 0.26744970170045884 40.989000000000004 4.8680000000000012 0.053500000000000006 -0.556012287788898 15.783500000000002 0.48941038753127741 -0.051549210996800328 15.560500000000003 16.397000000000002
decision_type=2 2 2 2 2 2 2 2 2 2 2 2 2 2
left_child=12 2 3 5 8 6 7 -2 -5 10 11 -4 -1 -14
right_child=1 -3 9 4 -6 -7 -8 -9 -10 -11 -12 -13 13 -15
leaf_value=0.0015136682972398396 -0.00034511410442787942 0.0015602315199146567 -0.0039596948925889313 -0.0026596991955281316 -0.0060791928995276622 0.0015241056362452099 -0.0011592279089353897 0.0076893107554000528 0.0074558840825216695 0.00080657655192467321 -0.0090075089805933036 0.0032625401013874852 -0.00086548643458596731 0.00023952591451109064
leaf_weight=214 77 74 58 42 56 57 61 50 58 42 47 43 73 1000
leaf_count=214 77 74 58 42 56 57 61 50 58 42 47 43 73 1000
internal_value=0.000461066 -0.000827068 -0.00160745 0.000872818 -0.00384615 0.00387755 0.00106383 0.00511811 0.002 -0.00684211 -0.00945946 -0.00544554 0.00112665 0.000419385
internal_weight=1952 665 591 401 156 245 188 127 100 190 148 101 1287 1073
internal_count=1952 665 591 401 156 245 188 127 100 190 148 101 1287 1073
is_linear=0
shrinkage=0.05


Tree=250
num_leaves=15
num_cat=0
split_feature=1 1 1 4 2 3 0 1 0 2 2 0 0 0
split_gain=0.817001 2.5609 1.87185 3.63789 4.62518 3.01495 0.939099 1.5 1.19304 3.04004 3.82511 1.66947 1.32077 1.44511
threshold=-0.89391031859722847 -0.86095304316285715 -0.94130860066615807 12.802500000000002 0.092265415903232631 9.3775000000000031 22.380500000000001 -0.2006124779598886 20.959500000000002 -0.93090634677745676 -0.71840966893412694 19.724000000000004 19.431500000000003 18.981500000000004
decision_type=2 2 2 2 2 2 2 2 2 2 2 2 2 2
left_child=2 -2 3 4 5 -1 8 -8 11 -10 -11 12 13 -3
right_child=1 6 -4 -5 -6 -7 7 -9 9 10 -12 -13 -14 -15
leaf_value=0.001641052506985491 -0.011174808548041823 -2.1421418352508479e-05 0.0038155134373286585 0.012478486660575975 -0.012470060723061031 -0.00084882940333571861 -0.00068654374475677835 0.0043805064951632083 -0.015318202970879198 0.0059349763482058789 -0.0052686173414047098 0.0032208782001901305 -0.014642154900457222 0.00082363797670637626
leaf_weight=41 40 1140 70 48 52 59 60 40 48 44 40 165 48 57
leaf_count=41 40 1140 70 48 52 59 60 40 48 44 40 165 48 57
internal_value=0.000409836 0 0.00296296 0.0005 -0.00328947 0.003 0.000304507 0.005 0 -0.00454545 0.00119048 0.000425532 -0.000200803 0.000125313
internal_weight=1952 1682 270 200 152 100 1642 100 1542 132 84 1410 1245 1197
internal_count=1952 1682 270 200 152 100 1642 100 1542 132 84 1410 1245 1197
is_linear=0
shrinkage=0.05


Tree=251
num_leaves=15
num_cat=0
split_feature=0 0 0 0 0 2 3 3 2 4 1 4 4 2
split_gain=0.832093 2.86238 2.37106 1.8321 4.04759 1.8 1.67274 9.08795 4.98874 3.4876 1.66194 1.51829 1.49297 3.95977
threshold=17.511000000000006 16.916500000000003 17.987500000000001 16.444000000000003 16.066500000000005 0.057982974307775707 4.9670000000000014 7.5820000000000016 0.092265415903232631 12.632500000000002 0.98009454285431663 8.209500000000002 23.187000000000001 0.71541278717867718
decision_type=2 2 2 2 2 2 2 2 2 2 2 2 2 2
left_child=1 3 -2 4 10 -5 8 -8 9 -4 11 -1 -13 -14
right_child=2 -3 6 5 -6 -7 7 -9 -10 -11 -12 12 13 -15
leaf_value=0.0005361725191140893 0.0017793335643396817 -0.0025579010018535187 0.0015589998816362138 0.0021586520330712272 -0.0011365162045290256 0.0051613483469623161 0.0058951701510185639 2.078243032525573e-05 -0.015567506523671261 -0.0020633004899373378 0.00088501165245018503 -0.00039929335932127331 -0.0018356060083884824 0.0040740829473545183
leaf_weight=220 66 97 43 40 64 40 53 693 44 59 82 356 50 45
leaf_count=220 66 97 43 40 64 40 53 693 44 59 82 356 50 45
internal_value=0.000409836 -0.000603622 0.00146138 0.000278707 -0.000428397 0.0075 0.000784753 0.00174263 -0.00410959 0.00196078 0.00059761 -0.000223547 -0.0018847 0.00368421
internal_weight=1952 994 958 897 817 80 892 746 146 102 753 671 451 95
internal_count=1952 994 958 897 817 80 892 746 146 102 753 671 451 95
is_linear=0
shrinkage=0.05


Tree=252
num_leaves=15
num_cat=0
split_feature=3 1 4 0 4 1 4 3 2 2 1 4 4 3
split_gain=0.913625 2.32704 1.83786 1.89 4.00776 2.47446 1.32016 1.82294 3.40282 3.19181 3.39597 3.29438 3.05541 2.51927
threshold=99.055500000000009 -0.70252096857941237 22.568000000000001 15.946500000000002 10.684500000000002 0.28397372121269165 27.308000000000003 40.989000000000004 -0.74189640036816351 0.040813519545864409 0.83987808009543619 8.5405000000000015 12.962500000000002 33.14050000000001
decision_type=2 2 2 2 2 2 2 2 2 2 2 2 2 2
left_child=6 -2 3 4 5 -3 7 13 -9 10 -10 -11 -13 -1
right_child=1 2 -4 -5 -6 -7 -8 8 9 11 -12 12 -14 -15
leaf_value=0.00013668336291466909 -0.0057060350642032529 0.0072772226248313367 0.001925872115781488 0.00078141695635479543 -0.0085360977926799506 -0.0030049024539973643 -0.00074840320962862308 -0.0048838961525460665 0.02828161931248482 0.0034328147399310897 0.00089526686557967199 -0.0043970730296972876 0.0015958961674763614 -0.0059688085245093283
leaf_weight=1159 50 54 44 71 81 46 47 58 51 95 60 42 52 42
leaf_count=1159 50 54 44 71 81 46 47 58 51 95 60 42 52 42
internal_value=0.000307377 -0.00202312 -0.000337838 -0.00198413 -0.00469613 0.002 0.000809465 0.00105837 0.00418994 0.00633333 0.0130631 0.00238095 -0.00425532 0.000124896
internal_weight=1952 346 296 252 181 100 1606 1559 358 300 111 189 94 1201
internal_count=1952 346 296 252 181 100 1606 1559 358 300 111 189 94 1201
is_linear=0
shrinkage=0.05


Tree=253
num_leaves=15
num_cat=0
split_feature=2 4 3 3 2 3 2 1 3 1 0 4 2 2
split_gain=0.991416 2.62737 0.996947 2.41318 2.62257 1.6759 1.56494 1.87532 1.25958 4.06037 2.72522 2.11808 3.16714 2.47469
threshold=0.98217423127542058 13.864500000000001 10.666000000000002 8.6375000000000011 0.88234143329564307 11.723000000000001 0.86993731518838324 -0.27609441636666104 99.93950000000001 0.87518633148764147 16.352000000000004 7.8265000000000002 0.58534685349953219 0.040813519545864409
decision_type=2 2 2 2 2 2 2 2 2 2 2 2 2 2
left_child=2 -2 3 4 -1 -4 8 -8 11 10 -10 12 -7 -13
right_child=1 -3 5 -5 -6 6 7 -9 9 -11 -12 13 -14 -15
leaf_value=0.00024188907404193438 0.0004326916534898612 -0.0034319392435854601 0.0082312510054192763 -0.0033513363190140681 -0.010546716643352983 0.0058915911726104553 0.021407183029073119 0.00036147699273000324 -0.0058912652206008428 0.0021204201660007696 3.7089480460678062e-05 0.00037235536432493474 -0.00032879961723526475 -0.00047666652081555761
leaf_weight=485 67 40 41 88 71 46 40 70 83 59 62 604 47 149
leaf_count=485 67 40 41 88 71 46 40 70 83 59 62 604 47 149
internal_value=0.000461066 0.00514019 0.000189702 -0.00139752 -0.000179856 0.0010408 0.000689655 0.00636364 9.52381e-05 -0.00343137 -0.00793103 0.000945626 0.00806452 6.64011e-05
internal_weight=1952 107 1845 644 556 1201 1160 110 1050 204 145 846 93 753
internal_count=1952 107 1845 644 556 1201 1160 110 1050 204 145 846 93 753
is_linear=0
shrinkage=0.05


Tree=254
num_leaves=15
num_cat=0
split_feature=0 4 4 4 0 0 4 2 2 4 0 1 3 3
split_gain=1.06474 1.69981 1.16607 3.67487 2.02975 3.50857 2.50146 2.27642 1.97764 1.72586 4.93412 2.79611 2.78626 5.45995
threshold=10.924000000000001 14.748000000000001 24.962500000000002 22.214000000000002 12.457500000000001 13.057000000000002 18.533000000000005 -0.23449138957041005 0.98217423127542058 14.813500000000003 15.872000000000002 0.48941038753127741 55.517500000000005 39.732500000000009
decision_type=2 2 2 2 2 2 2 2 2 2 2 2 2 2
left_child=1 -1 3 4 -2 -6 8 -8 9 12 -11 -12 13 -7
right_child=2 -3 -4 -5 5 6 7 -9 -10 10 11 -13 -14 -15
leaf_value=0.004132171847964195 -0.0014702119381018843 -0.00068714972310641726 -0.00020261085162229798 0.0022029920214199027 0.003142590654496691 -3.5611452523739985e-05 -0.0035724145739440775 -9.6315791954490473e-05 0.0024109965866570288 0.0062265998595820594 0.0028523992427738343 -0.0026455606775923931 -0.0010211407027722501 0.0073327354539381223
leaf_weight=43 87 45 92 45 47 851 42 40 48 62 129 46 324 51
leaf_count=43 87 45 92 45 47 851 42 40 48 62 129 46 324 51
internal_value=0.000307377 0.00568182 5.36481e-05 0.0003386 -2.89519e-05 0.000365854 -3.13873e-05 -0.00853659 0.000430179 0.000102529 0.00400844 -0.000285714 -0.000652529 0.000776053
internal_weight=1952 88 1864 1772 1727 1640 1593 82 1511 1463 237 175 1226 902
internal_count=1952 88 1864 1772 1727 1640 1593 82 1511 1463 237 175 1226 902
is_linear=0
shrinkage=0.05


Tree=255
num_leaves=15
num_cat=0
split_feature=4 4 1 1 0 0 0 3 3 1 4 1 4 3
split_gain=1.0088 1.20138 1.18502 4.44621 3.76499 1.9005 1.95295 4.2068 2.6734 4.16448 3.12961 6.48 2.94227 3.76599
threshold=3.6465000000000005 4.6780000000000008 -0.10282099713736061 -0.021515898191484053 12.662500000000001 21.390500000000007 11.826000000000002 75.58750000000002 52.187000000000005 0.33302288323572038 19.141500000000004 0.83354805289222267 15.412000000000001 19.588500000000003
decision_type=2 2 2 2 2 2 2 2 2 2 2 2 2 2
left_child=-1 -2 4 -4 -3 6 7 -5 10 -10 12 -12 13 -8
right_child=1 2 3 5 -6 -7 8 -9 9 -11 11 -13 -14 -15
leaf_value=-0.0021727420014429899 0.00070005549044804274 -0.0044262794915532755 0.004190668436038626 -0.00018819646567511952 -3.8675221310427447e-05 0.0027617070459496742 -9.7798919955666144e-05 0.0053066088160700249 -0.026355867788856992 -0.00012178612487547258 0.012280868251058853 -0.00069867319399539171 -0.004266924074028078 0.0042708761360218065
leaf_weight=40 48 41 50 57 793 48 284 49 47 245 50 40 91 69
leaf_count=40 48 41 50 57 793 48 284 49 47 245 50 40 91 69
internal_value=0.000358607 0.000523013 0.000321888 0.00145631 -0.00107914 0.000714286 0.000214592 0.00660377 -0.000605327 -0.00445205 0.00149813 0.01 -0.000225225 0.00184136
internal_weight=1952 1912 1864 1030 834 980 932 106 826 292 534 90 444 353
internal_count=1952 1912 1864 1030 834 980 932 106 826 292 534 90 444 353
is_linear=0
shrinkage=0.05


Tree=256
num_leaves=15
num_cat=0
split_feature=4 4 2 0 1 0 0 0 1 4 4 0 2 0
split_gain=0.906319 1.33355 0.738912 0.67579 2.98427 2.97352 2.30346 2.41793 1.33267 1.19914 2.93496 2.71879 3.82426 2.07278
threshold=3.6465000000000005 4.6780000000000008 0.99468534776305517 13.523500000000002 0.1837425755813806 13.887500000000001 11.826000000000002 10.632000000000001 0.82801560613826442 17.801000000000005 19.141500000000004 14.856000000000002 0.57132313271480106 16.397000000000002
decision_type=2 2 2 2 2 2 2 2 2 2 2 2 2 2
left_child=-1 -2 3 4 -3 -5 7 -6 -8 11 -11 12 -7 -13
right_child=1 2 -4 5 6 9 8 -9 -10 10 -12 13 -14 -15
leaf_value=-0.0020641049013708445 0.00066505271592564317 -0.0015193986353493338 0.0010022395100867277 0.0027436417599081223 -0.00012750231310348914 0.0059154983463876737 0.00093255161267279119 0.0066475330078337004 -0.0010829449080726806 -0.013621031800445505 -8.7587486789064705e-05 -0.0019249688923621778 1.95084066787532e-05 0.0001286834311454918
leaf_weight=40 48 79 52 41 51 50 40 43 59 41 123 171 72 1042
leaf_count=40 48 79 52 41 51 50 40 43 59 41 123 171 72 1042
internal_value=-5.12295e-05 0.000104603 -0.000107296 -0.000275938 -0.00257353 0.00012987 0.000777202 0.00638298 -0.00454545 -0.000233489 -0.00426829 0.000262172 0.00737705 -0.000453421
internal_weight=1952 1912 1864 1812 272 1540 193 94 99 1499 164 1335 122 1213
internal_count=1952 1912 1864 1812 272 1540 193 94 99 1499 164 1335 122 1213
is_linear=0
shrinkage=0.05


Tree=257
num_leaves=15
num_cat=0
split_feature=0 1 3 4 4 2 4 2 0 1 4 4 2 0
split_gain=1.29278 3.28626 3.03063 1.93664 1.92578 1.70818 1.57011 0.94196 2.22066 2.09749 2.16934 2.74773 1.96745 1.66798
threshold=12.961500000000003 -0.038721922313638066 45.314500000000002 4.1165000000000012 12.962500000000002 0.98217423127542058 5.0055000000000005 0.56424300735932609 14.876500000000002 0.48941038753127741 8.8270000000000017 7.1690000000000014 -0.19851654827941614 17.511000000000006
decision_type=2 2 2 2 2 2 2 2 2 2 2 2 2 2
left_child=1 -1 -3 -2 -4 6 -5 8 12 10 11 -9 -8 -10
right_child=3 2 4 5 -6 -7 7 9 13 -11 -12 -13 -14 -15
leaf_value=-0.0015227611423581867 -0.0086862263478583394 -0.00044715891977712004 0.012265607320335263 0.00063180008012936328 -3.7442127992465271e-05 0.0028827303859265936 -0.00057419401649967401 0.00018358246209813079 -0.00053223726728006133 -0.004624264618437751 0.0013504558824400466 -0.011658755343884913 0.0025265720661360571 0.0002190747720021369
leaf_weight=63 45 74 48 40 63 54 41 85 267 68 76 56 67 905
leaf_count=63 45 74 48 40 63 54 41 85 267 68 76 56 67 905
internal_value=-0.000256148 -0.00362903 -0.00027027 0.000234742 0.00495495 0.000512357 0.000218069 -3.19489e-05 0.000546875 -0.00263158 -0.000230415 -0.00390071 0.00740741 -8.53242e-05
internal_weight=1952 248 185 1704 111 1659 1605 1565 1280 285 217 141 108 1172
internal_count=1952 248 185 1704 111 1659 1605 1565 1280 285 217 141 108 1172
is_linear=0
shrinkage=0.05


Tree=258
num_leaves=15
num_cat=0
split_feature=0 1 3 4 0 4 4 1 4 2 1 1 4 1
split_gain=1.70948 3.02305 2.62703 1.36948 1.10956 1.05939 2.15294 2.23341 2.00301 4.9743 3.68478 6.00929 2.86802 1.45903
threshold=12.961500000000003 -0.038721922313638066 45.314500000000002 12.962500000000002 13.271500000000001 18.533000000000005 20.223000000000003 0.23416947364604893 14.813500000000003 -0.51479280150983053 0.48941038753127741 0.11577009971046097 14.237500000000002 0.83987808009543619
decision_type=2 2 2 2 2 2 2 2 2 2 2 2 2 2
left_child=1 -1 -3 -4 -2 8 -7 -8 12 10 11 -10 13 -6
right_child=4 2 3 -5 5 6 7 -9 9 -11 -12 -13 -14 -15
leaf_value=-0.0014466230852402786 0.0011023294078359226 -0.00042480097378826202 0.011652326954318499 -3.5570021592840065e-05 0.00022525583673064926 -0.0057037665448531954 -0.00038600592897665572 0.0022795053902906928 -0.0026878401208078862 0.0082373627196933759 -0.0081879561532358699 0.032143464599670393 -0.0083710170193232025 -0.0004397975435516011
leaf_weight=63 41 74 48 63 1004 48 46 76 74 80 43 40 81 171
leaf_count=63 41 74 48 63 1004 48 46 76 74 80 43 40 81 171
internal_value=-0.000153689 -0.00403226 -0.000810811 0.00405405 0.000410798 0.000210463 -0.00352941 0 0.000636303 0.00485232 -0.000318471 0.00438596 -0.000159236 0.000468085
internal_weight=1952 248 185 111 1704 1663 170 122 1493 237 157 114 1256 1175
internal_count=1952 248 185 111 1704 1663 170 122 1493 237 157 114 1256 1175
is_linear=0
shrinkage=0.05


Tree=259
num_leaves=15
num_cat=0
split_feature=0 1 4 0 1 4 4 4 2 4 3 3 1 2
split_gain=1.80493 4.28458 2.04213 2.83696 1.33482 2.60781 0.963045 3.02836 1.64472 1.15533 1.17259 2.86295 2.85649 2.14108
threshold=12.457500000000001 -0.038721922313638066 27.867500000000003 13.194500000000001 0.47434769705567625 13.348000000000001 18.533000000000005 22.214000000000002 -0.23449138957041005 16.974500000000003 11.107500000000002 12.753500000000001 -0.038721922313638066 -0.94849615754507433
decision_type=2 2 2 2 2 2 2 2 2 2 2 2 2 2
left_child=1 -1 3 -2 -3 -6 9 8 -8 10 -5 12 -12 -13
right_child=2 4 -4 6 5 -7 7 -9 -10 -11 11 13 -14 -15
leaf_value=-0.0030254173043228862 0.0031661562116216875 0.0095368492155634404 -0.00067058302305386122 -0.00020804304593979861 -0.0048990982289152333 0.00091699775628429909 -0.0032968566636446817 0.0017996443120703448 -9.8734770078320888e-05 0.0034508654484321239 0.00035834019224153526 -0.0075410616981135053 0.010342614494868455 0.00019713419768971341
leaf_weight=49 62 40 45 509 43 68 42 58 40 72 41 113 40 730
leaf_count=49 62 40 45 509 43 68 42 58 40 72 41 113 40 730
internal_value=0 -0.0045 0.000513699 0.000790861 -0.000331126 -0.00315315 0.000395137 -0.00357143 -0.0097561 0.00076412 0.000453594 0.00151515 0.0104938 0.000652432
internal_weight=1952 200 1752 1707 151 111 1645 140 82 1505 1433 924 81 843
internal_count=1952 200 1752 1707 151 111 1645 140 82 1505 1433 924 81 843
is_linear=0
shrinkage=0.05


Tree=260
num_leaves=15
num_cat=0
split_feature=4 1 0 3 3 4 2 4 2 2 2 2 0 3
split_gain=1.12136 2.43589 3.32646 5.28745 2.17871 1.5726 3.27662 2.49646 1.49817 2.15026 1.07618 2.22776 1.75428 1.86098
threshold=18.533000000000005 0.23416947364604893 16.034500000000005 75.58750000000002 60.13750000000001 16.974500000000003 -0.51479280150983053 16.361500000000003 -0.99791438307893243 -0.98870105003072151 -0.49501433321452953 -0.39754281428255617 16.969500000000004 16.802000000000003
decision_type=2 2 2 2 2 2 2 2 2 2 2 2 2 2
left_child=5 4 3 -3 -2 7 -7 8 -1 -10 12 -12 -11 -14
right_child=1 2 -4 -5 -6 6 -8 -9 9 10 11 -13 13 -15
leaf_value=0.002664372463420512 -0.0063205094928189716 -0.0017103043402314278 0.0042221604929156163 0.0021837362989267639 -0.00015491685230140106 -0.00097837945583235659 0.013339469472246988 -0.0075022517867163775 -0.0035875684203227455 0.022422748232904327 -0.0049170577434156206 1.2261566202920183e-05 0.00097749853262255114 -0.0025952402323830247
leaf_weight=40 41 81 47 51 44 44 40 42 50 40 53 933 244 202
leaf_count=40 41 81 47 51 44 44 40 42 50 40 53 933 244 202
internal_value=0 -0.0030303 0.00027933 -0.00378788 -0.01 0.000473934 0.00714286 0.000124688 0.000448143 0.000197109 0.000543478 -0.00040568 0.00246914 0.00156951
internal_weight=1952 264 179 132 85 1688 84 1604 1562 1522 1472 986 486 446
internal_count=1952 264 179 132 85 1688 84 1604 1562 1522 1472 986 486 446
is_linear=0
shrinkage=0.05


Tree=261
num_leaves=15
num_cat=0
split_feature=0 4 1 3 4 0 2 0 0 4 1 4 4 0
split_gain=0.844903 2.15992 4.24641 3.06122 2.13061 1.30591 1.60724 1.01671 0.792048 2.98809 1.4986 3.14011 2.44956 1.61829
threshold=12.961500000000003 8.3815000000000008 0.017189842955271029 99.994000000000014 15.585500000000001 13.865500000000003 0.70329649815198148 14.256000000000002 14.876500000000002 11.322500000000002 0.69561269082666077 7.9830000000000014 11.038500000000001 15.946500000000002
decision_type=2 2 2 2 2 2 2 2 2 2 2 2 2 2
left_child=1 -1 -3 4 -4 6 -2 -7 9 -9 13 -12 -13 -10
right_child=5 2 3 -5 -6 7 -8 8 10 -11 11 12 -14 -15
leaf_value=0.0013468977107830848 -0.0001379996894914748 -0.0047916635202683525 -0.0023266791489550288 0.0081500298375791098 -7.7372599736280631e-06 -0.00094874934798080685 0.0029615575083673964 0.0056602812807426354 -0.00247210785879457 -0.00038932317805465133 -0.0021366872245714374 0.001811015981529389 -0.0007197789095407304 0.00031225867315686222
leaf_weight=59 53 42 40 49 58 74 71 54 104 50 48 64 183 1003
leaf_count=59 53 42 40 49 58 74 71 54 104 50 48 64 183 1003
internal_value=0.000307377 -0.00241935 -0.00502646 -0.00102041 -0.00612245 0.000704225 0.00564516 0.000316456 0.00059761 0.00480769 0.000285307 -0.00288136 -0.000607287 0.00112918
internal_weight=1952 248 189 147 98 1704 124 1580 1506 104 1402 295 247 1107
internal_count=1952 248 189 147 98 1704 124 1580 1506 104 1402 295 247 1107
is_linear=0
shrinkage=0.05


Tree=262
num_leaves=15
num_cat=0
split_feature=2 3 3 4 0 3 1 1 1 2 0 2 4 2
split_gain=1.02092 2.68548 8.39525 3.50746 3.89535 2.51423 3.26996 2.96869 1.81036 4.13309 1.28193 1.00806 5.85674 4.36044
threshold=0.57132313271480106 4.6480000000000006 11.488000000000001 6.3995000000000006 14.108500000000001 71.388000000000019 0.48941038753127741 0.25084665036108239 -0.60434081882701107 0.92933244589178743 13.798500000000002 0.15855938510313469 13.570000000000002 0.040813519545864409
decision_type=2 2 2 2 2 2 2 2 2 2 2 2 2 2
left_child=11 3 -3 -2 -5 7 8 -4 -7 -10 -11 13 -13 -1
right_child=1 2 5 4 -6 6 -8 -9 9 10 -12 12 -14 -15
leaf_value=0.00018416126745210982 0.01504753258209502 -0.010477999035882474 -3.4444761202168109e-05 0.0063066718577247972 -0.009235857012890791 -0.0006593947487404828 -0.0050908627387655494 0.013001448066906108 0.013036185479369401 0.00018233569111463893 -0.003540700351769616 -0.00030132082010703447 0.0028287387573950884 -0.0022462134501801375
leaf_weight=1061 44 46 58 43 59 40 68 41 43 64 49 174 89 73
leaf_count=1061 44 46 58 43 59 40 68 41 43 64 49 174 89 73
internal_value=0.000102459 -0.00171171 -0.00378973 0.00410959 -0.000980392 -0.00123967 -0.00378788 0.00555556 -0.000510204 0.00192308 -0.00309735 0.000823193 0.00361217 0.000176367
internal_weight=1952 555 409 146 102 363 264 99 196 156 113 1397 263 1134
internal_count=1952 555 409 146 102 363 264 99 196 156 113 1397 263 1134
is_linear=0
shrinkage=0.05


Tree=263
num_leaves=15
num_cat=0
split_feature=3 1 2 3 3 0 3 4 2 0 2 2 4 1
split_gain=1.22959 2.00349 1.56191 2.95927 1.87311 2.98842 2.83496 2.52359 2.52808 2.17163 3.50048 5.74792 3.88222 3.03049
threshold=99.055500000000009 -0.57659668305444411 0.9669377691982991 20.893500000000007 82.197500000000005 15.662500000000001 66.927000000000007 21.126500000000004 -0.30081980763566774 14.876500000000002 0.76110425866077447 0.52707770864237202 9.8285000000000018 -0.89391031859722847
decision_type=2 2 2 2 2 2 2 2 2 2 2 2 2 2
left_child=2 -2 4 -4 6 -6 7 9 -9 -1 11 12 13 -11
right_child=1 -3 3 -5 5 -7 -8 8 -10 10 -12 -13 -14 -15
leaf_value=0.001472334061742775 -0.0037139418313031497 -5.8925070980485333e-05 0.0013388030415318443 -0.0024571001907171676 0.0038567913164251179 0.00017002756274124843 -0.0091872765214612625 2.2878830605936597e-05 -0.0048199969069358311 0.00026087004995075102 -0.011904237136982432 0.010815608482854941 0.00032621215292694686 -0.0031071960207766629
leaf_weight=182 68 278 41 43 60 89 58 40 53 83 68 40 763 86
leaf_count=182 68 278 41 43 60 89 58 40 53 83 68 40 763 86
internal_value=0.000102459 -0.00260116 0.000684932 -0.00595238 0.00105125 0.00637584 0.000473416 0.00095057 -0.00698925 0.00155483 0.000673077 0.00144033 0.000643777 -0.00621302
internal_weight=1952 346 1606 84 1522 149 1373 1315 93 1222 1040 972 932 169
internal_count=1952 346 1606 84 1522 149 1373 1315 93 1222 1040 972 932 169
is_linear=0
shrinkage=0.05


Tree=264
num_leaves=15
num_cat=0
split_feature=3 4 1 3 1 1 4 2 2 3 0 3 3 4
split_gain=1.08136 2.36088 1.48758 1.40125 1.90728 4.85474 2.34806 1.75152 0.910506 2.06639 3.2372 2.87423 2.00154 1.33073
threshold=99.055500000000009 4.6780000000000008 -0.70252096857941237 99.96050000000001 0.87518633148764147 0.26744970170045884 10.684500000000002 0.69017338824297181 0.9669377691982991 82.197500000000005 15.662500000000001 66.927000000000007 93.14700000000002 17.801000000000005
decision_type=2 2 2 2 2 2 2 2 2 2 2 2 2 2
left_child=1 -1 -2 -4 5 6 -5 -7 9 11 -11 13 -12 -3
right_child=2 8 3 4 -6 7 -8 -9 -10 10 12 -13 -14 -15
leaf_value=0.0014579187572628174 -0.0047511783360294759 0.00026450377291478699 -0.0052867794707222799 0.010462943703856526 0.0025671509811534439 -0.00018411002636286867 -0.00027734777863113597 -0.0072826987594866964 -0.001768880721367535 0.0036639517506038611 0.019108633119271547 -0.0087279126953881993 -0.00060513417226168995 -0.00033642547803530709
leaf_weight=52 50 1117 46 54 56 40 52 48 75 56 41 56 44 165
leaf_count=52 50 1117 46 54 56 40 52 48 75 56 41 56 44 165
internal_value=0.000512295 0.00105853 -0.00202312 -0.000675676 0.0008 -0.00154639 0.00566038 -0.0102273 0.000707851 0.000980392 0.00673759 0.000373692 0.000588235 0.000858034
internal_weight=1952 1606 346 296 250 194 106 88 1554 1479 141 1338 85 1282
internal_count=1952 1606 346 296 250 194 106 88 1554 1479 141 1338 85 1282
is_linear=0
shrinkage=0.05


Tree=265
num_leaves=15
num_cat=0
split_feature=0 1 0 3 1 0 2 2 2 1 3 1 2 2
split_gain=0.817478 3.30334 2.27439 1.95201 1.8 1.65341 0.809467 0.988917 2.25073 2.00987 1.69801 2.62043 1.35728 3.75231
threshold=12.961500000000003 -0.038721922313638066 11.742500000000001 34.223000000000006 0.82801560613826442 13.271500000000001 0.98526033472108498 0.56424300735932609 0.64624608728844402 -0.45206801762443455 87.26400000000001 0.39702209115386683 0.17553149042142802 0.040813519545864409
decision_type=2 2 2 2 2 2 2 2 2 2 2 2 2 2
left_child=1 -1 3 -3 -4 -2 7 12 -9 -10 11 -11 13 -7
right_child=5 2 4 -5 -6 6 -8 8 9 10 -12 -13 -14 -15
leaf_value=-0.0013969530383044272 0.00095239009862234662 -0.00051276174054435276 0.0011737756090227287 0.004475665280761809 -0.0017046336349117121 0.00018022105984023541 0.0016855750218864318 -0.0005610165378458834 0.00050785384650138272 -0.011118934280594961 -0.0052575818110909434 0.0016908018213758426 0.0012666520911273364 -0.0029630139940587941
leaf_weight=63 41 40 40 65 40 1019 49 45 99 57 80 45 198 71
leaf_count=63 41 40 40 65 40 1019 49 45 99 57 80 45 198 71
internal_value=0.000665984 -0.00201613 0.00135135 0.00619048 -0.005 0.00105634 0.000811786 0.000619579 -0.00184049 -0.000177936 -0.0032967 0.000980392 0.00124224 0.000550459
internal_weight=1952 248 185 105 80 1704 1663 1614 326 281 182 102 1288 1090
internal_count=1952 248 185 105 80 1704 1663 1614 326 281 182 102 1288 1090
is_linear=0
shrinkage=0.05


Tree=266
num_leaves=15
num_cat=0
split_feature=0 1 0 0 2 3 0 0 0 0 0 1 3 4
split_gain=1.08175 3.03943 1.91104 1.86768 1.7549 2.00701 1.10068 2.33309 2.63389 2.63134 2.26795 2.82932 2.23264 3.48062
threshold=12.961500000000003 -0.038721922313638066 11.826000000000002 10.530000000000003 0.9624112700309283 84.805500000000009 15.412500000000003 15.783500000000002 16.066500000000005 16.444000000000003 14.999000000000002 0.97269128516472203 5.4925000000000006 10.159500000000003
decision_type=2 2 2 2 2 2 2 2 2 2 2 2 2 2
left_child=1 -1 3 -3 6 -6 10 -8 -9 -10 11 12 -2 -14
right_child=4 2 -4 -5 5 -7 7 8 9 -11 -12 -13 13 -15
leaf_value=-0.0013271053863892048 -0.0068038110590907313 -0.00011091218221700034 -0.00097454155267441426 0.0078091254312612768 0.0051827540668538613 0.00023530365314510806 -0.0045199682873430904 0.0077931962330199892 -0.0041357714788893577 0.00013640635479540421 0.0033477115932446263 0.00056304083941111083 0.0019428322002841504 -0.00044611629403903399
leaf_weight=63 61 54 72 59 46 53 55 52 58 1131 49 48 60 91
leaf_count=63 61 54 72 59 46 53 55 52 58 1131 49 48 60 91
internal_value=0.000665984 -0.00241935 0.000810811 0.00486726 0.00111502 0.00757576 0.000716511 7.71605e-05 0.000523771 4.20521e-05 0.00339806 0.00153846 -0.000943396 0.00231788
internal_weight=1952 248 185 113 1704 99 1605 1296 1241 1189 309 260 212 151
internal_count=1952 248 185 113 1704 99 1605 1296 1241 1189 309 260 212 151
is_linear=0
shrinkage=0.05


Tree=267
num_leaves=15
num_cat=0
split_feature=0 1 0 3 3 3 3 1 2 0 2 0 1 0
split_gain=1.67038 2.31363 1.75268 1.74414 1.17264 0.840131 2.3438 2.01342 6.71386 3.94217 2.69383 2.60892 2.24479 1.99714
threshold=12.961500000000003 -0.038721922313638066 13.271500000000001 45.314500000000002 95.970500000000015 63.313000000000009 78.080500000000015 -0.021515898191484053 0.45207220393230446 19.685000000000002 -0.030120304846908235 16.001500000000004 0.83987808009543619 13.985500000000002
decision_type=2 2 2 2 2 2 2 2 2 2 2 2 2 2
left_child=1 -1 -2 -3 -5 13 -7 9 10 11 12 -8 -9 -4
right_child=2 3 5 4 -6 6 7 8 -10 -11 -12 -13 -14 -15
leaf_value=-0.0012607501170697423 0.00080762898367702234 -0.00081032283688778079 0.00092269351647539526 0.0063148645077055095 -0.00016062180591930737 -0.0019637769716512655 0.00042789407679070802 0.0026834182232601312 -0.01480672725418576 -0.010107920816687904 0.0029238223541168786 0.0064897335145385317 -0.0029139003835807285 0.00019445288224064774
leaf_weight=63 41 74 42 40 71 54 72 40 84 42 42 66 46 1175
leaf_count=63 41 74 42 40 71 54 72 40 84 42 42 66 46 1175
internal_value=0.000204918 -0.00362903 0.000762911 -0.000810811 0.00315315 0.000511124 -0.00134529 0 -0.00330189 0.00388889 0.00390625 0.00797101 -0.00116279 0.00119145
internal_weight=1952 248 1704 185 111 1663 446 392 212 180 128 138 86 1217
internal_count=1952 248 1704 185 111 1663 446 392 212 180 128 138 86 1217
is_linear=0
shrinkage=0.05


Tree=268
num_leaves=15
num_cat=0
split_feature=0 1 3 0 1 3 3 3 3 3 0 0 0 0
split_gain=1.53914 2.31363 1.74414 1.27301 1.78182 1.17264 0.923664 2.21002 2.79806 1.93201 2.71636 3.98739 5.14065 2.1674
threshold=12.961500000000003 -0.038721922313638066 45.314500000000002 13.887500000000001 0.26744970170045884 95.970500000000015 63.313000000000009 82.197500000000005 91.933000000000007 39.732500000000009 14.501500000000002 15.284000000000001 15.783500000000002 16.226500000000005
decision_type=2 2 2 2 2 2 2 2 2 2 2 2 2 2
left_child=1 -1 -3 4 -2 -4 9 -8 -9 10 -5 -12 -13 -14
right_child=3 2 5 6 -6 -7 7 8 -10 -11 11 12 13 -15
leaf_value=-0.0011977126112162507 0.0048809740531500275 -0.00076980669504339019 0.0059991212823202328 -0.006573415943720207 4.903239945820981e-05 -0.00015259071562334222 -0.0019906335578019907 0.006750817577413748 -0.000149548140984912 0.0031938817555748123 0.0078028542670683992 -0.014545464174739776 0.0092697569454531347 9.0693206881126143e-05
leaf_weight=63 60 74 40 49 72 71 61 55 277 99 60 40 42 889
leaf_count=63 60 74 40 49 72 71 61 55 277 99 60 40 42 889
internal_value=5.12295e-05 -0.00362903 -0.000810811 0.000586854 0.00530303 0.00315315 0.00019084 -0.0019084 -0.000301205 0.000890585 0.000277778 0.000824442 5.14933e-05 0.000805585
internal_weight=1952 248 185 1704 132 111 1572 393 332 1179 1080 1031 971 931
internal_count=1952 248 185 1704 132 111 1572 393 332 1179 1080 1031 971 931
is_linear=0
shrinkage=0.05


Tree=269
num_leaves=15
num_cat=0
split_feature=0 1 3 3 0 4 4 1 4 3 0 0 0 3
split_gain=1.58229 2.31363 1.74414 1.17264 1.04638 0.810417 3.4698 1.89974 1.58576 1.17981 2.02559 2.11398 2.07897 1.67678
threshold=12.961500000000003 -0.038721922313638066 45.314500000000002 95.970500000000015 13.271500000000001 17.801000000000005 19.141500000000004 0.53371312107676727 16.884000000000004 63.313000000000009 15.412500000000003 16.444000000000003 14.501500000000002 30.303000000000001
decision_type=2 2 2 2 2 2 2 2 2 2 2 2 2 2
left_child=1 -1 -3 -4 -2 8 -7 -8 9 10 12 -12 -6 -13
right_child=4 2 3 -5 5 6 7 -9 -10 -11 11 13 -14 -15
leaf_value=-0.0011378269806554431 0.00076479591452026103 -0.00073131636029121904 0.0056991652182042194 -0.00014496117984217488 0.00017417112151136562 -0.014167550355905873 -0.00029951418827665611 0.00059073712286163431 0.0065713770240941466 -0.00017069851449929009 -0.00073215081500520589 0.0001003787718652574 0.011359036625503117 0.0047229787591100995
leaf_weight=63 41 74 40 71 72 43 69 80 54 362 71 759 61 92
leaf_count=63 41 74 40 71 72 43 69 80 54 362 71 759 61 92
internal_value=0.000102459 -0.00362903 -0.000810811 0.00315315 0.00064554 0.000450992 -0.00260417 0.00100671 0.000849762 0.000529287 0.00137441 0.000542299 0.00714286 0.00123384
internal_weight=1952 248 185 111 1704 1663 192 149 1471 1417 1055 922 133 851
internal_count=1952 248 185 111 1704 1663 192 149 1471 1417 1055 922 133 851
is_linear=0
shrinkage=0.05


Tree=270
num_leaves=15
num_cat=0
split_feature=0 4 1 3 4 0 0 0 2 0 1 0 0 2
split_gain=1.70948 2.1177 3.33938 3.06122 2.35672 1.10956 0.669071 1.91377 1.10382 1.81973 1.39344 1.31147 2.7456 2.66802
threshold=12.961500000000003 8.3815000000000008 0.017189842955271029 99.994000000000014 15.585500000000001 13.271500000000001 13.523500000000002 13.887500000000001 0.94698775307607519 14.876500000000002 0.69561269082666077 17.626000000000001 17.987500000000001 0.24460549819462502
decision_type=2 2 2 2 2 2 2 2 2 2 2 2 2 2
left_child=1 -1 -3 4 -4 -2 -7 -8 9 10 -9 13 -13 -11
right_child=5 2 3 -5 -6 6 7 8 -10 11 -12 12 -14 -15
leaf_value=0.0014967887752355526 0.00072655611879424717 -0.0038654445933467524 -0.0029025509875241773 0.0077631721858768326 -9.8508018106380218e-05 -0.00078679816502763567 0.0041592854116443484 0.00012192873287231176 -0.00069359234524328799 -0.00048688437807167806 0.0024953979849788145 0.0064512936708464863 7.0852045675659508e-05 0.00017360727717269375
leaf_weight=59 41 42 40 49 58 41 50 67 79 226 69 48 892 191
leaf_count=59 41 42 40 49 58 41 50 67 79 226 69 48 892 191
internal_value=-0.000153689 -0.00403226 -0.00661376 -0.00306122 -0.00816327 0.000410798 0.000210463 0.000369914 6.36132e-05 0.000368386 0.00588235 -0.00018423 0.000851064 -0.00251799
internal_weight=1952 248 189 147 98 1704 1663 1622 1572 1493 136 1357 940 417
internal_count=1952 248 189 147 98 1704 1663 1622 1572 1493 136 1357 940 417
is_linear=0
shrinkage=0.05


Tree=271
num_leaves=15
num_cat=0
split_feature=0 4 4 1 0 0 2 4 4 4 0 0 2 2
split_gain=1.68375 2.36943 2.79771 2.33864 1.48268 0.893655 0.820754 1.09462 1.23613 2.59133 2.26762 1.98572 1.80893 2.92397
threshold=12.457500000000001 8.3815000000000008 23.900500000000005 0.64460769028158504 13.057000000000002 13.395000000000001 0.98805528087738748 4.7805000000000009 6.9370000000000003 8.2995000000000019 17.237500000000004 14.166500000000001 0.76725511167377736 0.39110220707247995
decision_type=2 2 2 2 2 2 2 2 2 2 2 2 2 2
left_child=1 -1 3 -3 -2 -6 7 -7 -9 10 -10 -11 13 -13
right_child=4 2 -4 -5 5 6 -8 8 9 11 -12 12 -14 -15
leaf_value=0.0014219493364737768 0.00050150002124615121 -0.0045342921197867453 0.002188859409724059 -0.0011325876494216736 -0.0052438485188728628 -0.00064493796122966915 0.0026139929841536946 0.00065471869749822442 -0.010945796798764574 0.0030833058681484175 0.00011265811291395755 -2.1550866460465224e-05 -0.0072459940304842041 0.0032618709047402827
leaf_weight=47 64 60 41 52 42 62 42 152 61 68 56 1072 47 86
leaf_count=47 64 60 41 52 42 62 42 152 61 68 56 1072 47 86
internal_value=-0.000153689 -0.0045 -0.00751634 -0.0116071 0.000342466 5.92417e-05 0.000243013 6.23441e-05 0.000324254 -0.000143885 -0.00726496 0.000510605 4.14938e-05 0.000431779
internal_weight=1952 200 153 112 1752 1688 1646 1604 1542 1390 117 1273 1205 1158
internal_count=1952 200 153 112 1752 1688 1646 1604 1542 1390 117 1273 1205 1158
is_linear=0
shrinkage=0.05


Tree=272
num_leaves=15
num_cat=0
split_feature=1 3 3 1 3 1 1 4 3 0 0 2 2 0
split_gain=1.73834 3.61202 4.74122 1.79784 1.23887 2.34446 4.67437 2.37778 2.33933 2.11346 4.87179 5.19896 2.62201 2.15078
threshold=0.96683886033945965 53.39350000000001 6.2820000000000009 0.94697898371965716 61.360000000000007 0.48941038753127741 0.67760851415498113 14.411000000000003 11.853500000000002 20.129500000000004 17.936500000000006 0.60605034090854637 0.89420283937402645 14.736000000000002
decision_type=2 2 2 2 2 2 2 2 2 2 2 2 2 2
left_child=3 2 -2 4 8 9 -7 -8 -1 10 11 -6 -13 -14
right_child=1 -3 -4 -5 5 6 7 -9 -10 -11 -12 12 13 -15
leaf_value=-0.00011247089547343215 1.9714554858722571e-05 0.00044303337572666469 -0.0030493195312127409 0.0040052172922886821 -0.0051581728471214762 -0.0071374807393249752 -0.0060182136414986508 0.0025868416742200308 0.00037102390171037672 -0.0085468214173384915 0.0088683795388531331 0.0080380999085548806 -0.0013620847500626324 0.0014945694688128786
leaf_weight=642 48 77 50 43 47 52 64 55 576 49 55 55 98 41
leaf_count=642 48 77 50 43 47 52 64 55 576 49 55 55 98 41
internal_value=-0.000102459 -0.00485714 -0.0112245 0.000365785 0.00011534 -0.00193798 -0.00672515 -0.0012605 0.000985222 0.000434783 0.00202703 -0.00103734 0.00257732 -0.00107914
internal_weight=1952 175 98 1777 1734 516 171 119 1218 345 296 241 194 139
internal_count=1952 175 98 1777 1734 516 171 119 1218 345 296 241 194 139
is_linear=0
shrinkage=0.05


Tree=273
num_leaves=15
num_cat=0
split_feature=1 4 3 1 0 3 0 3 2 2 1 1 4 0
split_gain=1.96639 2.30458 3.7601 2.24479 1.1236 1.35086 2.62833 3.79281 2.53853 2.15627 1.71788 2.12386 1.49846 3.03768
threshold=0.96230016621822489 12.874500000000001 53.39350000000001 0.99052327954040398 10.530000000000003 61.360000000000007 13.985500000000002 40.989000000000004 0.8524709262517346 0.88234143329564307 0.89706552114483107 0.48941038753127741 16.046500000000005 15.412500000000003
decision_type=2 2 2 2 2 2 2 2 2 2 2 2 2 2
left_child=4 3 -3 -2 -1 6 8 9 -6 12 11 -7 13 -8
right_child=1 2 -4 -5 5 10 7 -9 -10 -11 -12 -13 -14 -15
leaf_value=-0.001447123049647836 -0.0016268007082004016 -0.0026822671330710927 0.0003113969708077362 0.0034940511503321284 0.0033801590085482669 -5.5309837704176082e-05 0.0081908245598808771 0.0041844493960592199 0.00049754835462406948 -0.010559894048377805 0.0030471802852591657 -0.0072427663050205846 -0.00063925300992228597 0.00012409719201281755
leaf_weight=53 40 57 43 46 59 336 40 78 62 61 43 117 162 755
leaf_count=53 40 57 43 46 59 336 40 78 62 61 43 117 162 755
internal_value=5.12295e-05 -0.00483871 -0.01 0.00116279 0.000566251 0.000788091 0.00168447 0.000912409 0.00867769 9.82318e-05 -0.00141129 -0.00231788 0.000679206 0.00157233
internal_weight=1952 186 100 86 1766 1713 1217 1096 121 1018 496 453 957 795
internal_count=1952 186 100 86 1766 1713 1217 1096 121 1018 496 453 957 795
is_linear=0
shrinkage=0.05


Tree=274
num_leaves=15
num_cat=0
split_feature=1 1 1 4 2 0 1 3 0 1 0 4 3 0
split_gain=1.01715 2.27692 2.07407 3.94737 4.38033 1.15518 2.93907 3.60119 1.54288 2.24945 2.19562 1.31991 2.56769 1.8
threshold=-0.89391031859722847 -0.86095304316285715 -0.94130860066615807 12.802500000000002 0.040813519545864409 21.819500000000001 -0.14153898451656977 16.949500000000004 20.959500000000002 -0.38118653245548278 20.663500000000003 22.214000000000002 68.252500000000012 14.166500000000001
decision_type=2 2 2 2 2 2 2 2 2 2 2 2 2 2
left_child=2 -2 3 4 -1 8 7 -7 10 -10 11 -3 13 -13
right_child=1 5 -4 -5 -6 6 -8 -9 9 -11 -12 12 -14 -15
leaf_value=0.00025065822510867005 -0.010188515038708858 -0.00010940300729807701 0.0034905555982463368 0.01020640246782911 -0.0091064243781099515 0.004201383361680822 0.0026350384451498954 -0.012656885908034547 0.0006621620309704584 -0.010228341315734826 0.0078803191548120887 -0.0027182456914348063 0.0020302563579891577 0.0037073540919761311
leaf_weight=86 40 1218 70 48 66 56 45 40 43 48 41 40 71 40
leaf_count=86 40 1218 70 48 66 56 45 40 43 48 41 40 71 40
internal_value=-0.000256148 -0.000713436 0.00259259 0 -0.00394737 -0.000426309 0.00390071 -0.00104167 -0.000832778 -0.00714286 -0.000425532 -0.000766983 0.00364238 -0.0025
internal_weight=1952 1682 270 200 152 1642 141 96 1501 91 1410 1369 151 80
internal_count=1952 1682 270 200 152 1642 141 96 1501 91 1410 1369 151 80
is_linear=0
shrinkage=0.05


Tree=275
num_leaves=15
num_cat=0
split_feature=3 1 0 1 0 0 0 3 4 2 3 3 3 1
split_gain=0.925037 3.82829 2.39426 2.84484 2.71974 2.37941 2.95645 1.5106 2.74795 3.07917 1.82353 1.69748 2.03991 1.16472
threshold=99.055500000000009 -0.57659668305444411 12.961500000000003 -0.038721922313638066 11.522500000000003 16.667000000000005 14.789500000000002 82.197500000000005 8.5405000000000015 0.040813519545864409 66.927000000000007 52.95600000000001 42.782500000000006 0.1328271176880281
decision_type=2 2 2 2 2 2 2 2 2 2 2 2 2 2
left_child=7 -2 4 -4 -3 6 -5 10 -9 -10 11 12 13 -1
right_child=1 2 3 5 -6 -7 -8 8 9 -11 -12 -13 -14 -15
leaf_value=-0.00012962349409336647 -0.0039272259736327355 0.0002573163055539361 0.0076444305553772518 0.00036403660832870499 -0.0011659048142803052 0.0023435434273200106 -0.011213499209807616 0.019838485183854893 0.0031176904908378658 -0.0025674001068434179 -0.0014209570831638875 0.0038456299273416472 -0.00040388886127278869 0.00028200296635839673
leaf_weight=704 68 42 47 63 46 40 40 53 60 57 65 60 70 537
leaf_count=704 68 42 47 63 46 40 40 53 60 57 65 60 70 537
internal_value=-0.000256148 -0.00260116 0 0.00315789 -0.00681818 -0.00034965 -0.00436893 0.000249066 0.00470588 0.00042735 -0.000278552 0.000109409 -0.000266972 0.00020145
internal_weight=1952 346 278 190 88 143 103 1606 170 117 1436 1371 1311 1241
internal_count=1952 346 278 190 88 143 103 1606 170 117 1436 1371 1311 1241
is_linear=0
shrinkage=0.05


Tree=276
num_leaves=15
num_cat=0
split_feature=4 2 4 0 0 0 1 3 1 4 0 2 2 2
split_gain=0.680489 3.40429 1.97629 1.09495 2.75305 1.02692 1.6292 1.99705 2.75848 2.61818 1.40302 1.51856 3.11985 1.73117
threshold=23.900500000000005 0.70329649815198148 20.464000000000002 11.176 12.457500000000001 14.856000000000002 -0.27609441636666104 75.58750000000002 0.83354805289222267 8.2995000000000019 15.524000000000003 0.86096101588899432 0.61287127154566789 0.37522380421282725
decision_type=2 2 2 2 2 2 2 2 2 2 2 2 2 2
left_child=2 -2 3 -1 -5 6 -6 8 -8 -9 -7 12 13 -12
right_child=1 -3 -4 4 5 10 7 9 -10 -11 11 -13 -14 -15
leaf_value=0.0036084962067676422 -0.0011229817303917034 0.0025500008319366829 -0.00040041705126056537 -0.0014577354499265237 0.003457738681721112 -0.00064175310847030544 -0.00013440707249516849 0.0012200058722237229 0.010988474565828649 -0.0043708914722448205 -6.1300731465191435e-05 0.0028418488322175198 -0.0013568666885044698 0.0025058426186638366
leaf_weight=66 77 47 77 77 60 90 68 44 50 55 1016 59 78 88
leaf_count=66 77 47 77 77 60 90 68 44 50 55 1016 59 78 88
internal_value=-0.000358607 0.00322581 -0.000601751 -0.000256996 -0.000504451 -6.21891e-05 0.00270758 0.000691244 0.00508475 -0.00454545 -0.000638618 -0.00020145 -0.000592217 9.05797e-05
internal_weight=1952 124 1828 1751 1685 1608 277 217 118 99 1331 1241 1182 1104
internal_count=1952 124 1828 1751 1685 1608 277 217 118 99 1331 1241 1182 1104
is_linear=0
shrinkage=0.05


Tree=277
num_leaves=15
num_cat=0
split_feature=0 1 3 4 0 4 4 1 3 4 4 4 1 4
split_gain=0.83673 2.33148 1.33291 1.86723 1.25849 1.64805 2.69518 3.17733 2.19445 1.6929 1.16636 1.77464 2.2177 2.59363
threshold=12.961500000000003 -0.017189842955271383 45.314500000000002 12.962500000000002 13.271500000000001 17.801000000000005 22.214000000000002 0.53371312107676727 6.8175000000000008 16.974500000000003 16.099500000000003 14.813500000000003 0.99052327954040398 14.005000000000001
decision_type=2 2 2 2 2 2 2 2 2 2 2 2 2 2
left_child=1 -1 -3 -4 -2 9 8 -8 -7 10 11 12 13 -6
right_child=4 2 3 -5 5 6 7 -9 -10 -11 -12 -13 -14 -15
leaf_value=-0.0011103629717986285 0.0012127042948249845 -0.00048467407172982855 0.010237812035470216 -0.00062509224282618076 -2.2019081697965959e-06 -0.00011233719755844308 -0.0003709245106680137 0.0041175774767499285 -0.0081520826890462798 0.0064656075414817465 -0.0032423710199948018 0.003462134808472012 0.0042327746220327247 -0.0098643387888118009
leaf_weight=67 41 72 46 63 1105 41 41 48 62 47 56 112 50 101
leaf_count=67 41 72 46 63 1105 41 41 48 62 47 56 112 50 101
internal_value=-0.000512295 -0.00322581 -0.000276243 0.00321101 -0.000117371 -0.000330728 -0.0046875 0.00168539 -0.0101942 0.000237933 -7.02247e-05 0.000219298 -0.000318471 -0.000746269
internal_weight=1952 248 181 109 1704 1663 192 89 103 1471 1424 1368 1256 1206
internal_count=1952 248 181 109 1704 1663 192 89 103 1471 1424 1368 1256 1206
is_linear=0
shrinkage=0.05


Tree=278
num_leaves=15
num_cat=0
split_feature=0 1 1 4 0 0 1 1 4 3 4 2 1 4
split_gain=1.25381 2.10148 1.39015 1.66489 1.1746 1.21672 0.828994 3.37843 2.07386 2.20281 2.51951 2.75791 3.37332 2.9972
threshold=12.961500000000003 -0.017189842955271383 0.44380628866780453 13.348000000000001 13.271500000000001 13.523500000000002 0.33302288323572038 0.59055600833485278 7.9830000000000014 99.271500000000017 10.004000000000003 -0.31473592273745027 0.82801560613826442 12.691000000000001
decision_type=2 2 2 2 2 2 2 2 2 2 2 2 2 2
left_child=1 -1 -3 -4 -2 -6 -7 -8 -9 10 -10 12 -12 -13
right_child=4 2 3 -5 5 6 7 8 9 -11 11 13 -14 -15
leaf_value=-0.0010548448232087005 0.0011520690800837397 0.0076360771092043537 -0.0012725826862705848 0.00030640642185500444 -0.0009639243175257995 -8.1478838603471504e-05 0.001723481928747661 -0.00091110410382917457 0.0051456840847659341 0.0025620091972740344 -0.00052313567217595063 0.0042298965102689897 0.0034980133378613738 -0.0067282881231585552
leaf_weight=67 41 42 55 84 41 1014 157 72 41 53 104 42 66 73
leaf_count=67 41 42 55 84 41 1014 157 72 41 53 104 42 66 73
internal_value=-0.000307377 -0.00362903 -0.000828729 -0.00323741 0.000176056 -3.00661e-05 0.000184957 0.00164474 -0.000554324 0.000923483 -0.000613497 -0.0022807 0.00176471 -0.00826087
internal_weight=1952 248 181 139 1704 1663 1622 608 451 379 326 285 170 115
internal_count=1952 248 181 139 1704 1663 1622 608 451 379 326 285 170 115
is_linear=0
shrinkage=0.05


Tree=279
num_leaves=15
num_cat=0
split_feature=1 1 2 1 0 3 1 1 4 1 4 4 1 1
split_gain=1.17992 1.05354 2.33766 1.11996 0.977468 1.22898 1.85577 2.27133 1.9408 4.06794 2.13206 2.055 1.9751 1.79564
threshold=0.99805629696255316 0.96683886033945965 -0.13301470653419609 0.9927395293426734 10.530000000000003 61.360000000000007 0.91585580712236381 0.48941038753127741 13.409500000000003 -0.10738035228456493 10.118000000000002 6.2105000000000006 -0.038721922313638066 0.1328271176880281
decision_type=2 2 2 2 2 2 2 2 2 2 2 2 2 2
left_child=1 4 -3 -4 -1 13 7 8 9 10 11 -7 -10 -6
right_child=-2 2 3 -5 5 6 -8 -9 12 -11 -12 -13 -14 -15
leaf_value=-0.0019213918573305678 0.00027236056755531869 -0.0035148025662296192 0.00030981163396919258 -0.00064864379135638338 -7.7404896673299867e-05 -0.0010938392710870132 0.0024339087374103344 -0.0067032144174433818 -6.7582063465243539e-06 0.0038541060053119097 -0.0016541685091310072 0.0088193755579610428 -0.010331616517988806 0.0010312451999682614
leaf_weight=53 43 42 49 41 738 50 43 123 63 62 53 68 40 484
leaf_count=53 43 42 49 41 738 50 43 123 63 62 53 68 40 484
internal_value=-5.12295e-05 -0.000235726 -0.00454545 0 8.44119e-05 0.000290023 -0.00179283 -0.00272331 -0.000595238 0.00193133 -0.00204678 0.00169492 -0.00631068 0.00114566
internal_weight=1952 1909 132 90 1777 1724 502 459 336 233 171 118 103 1222
internal_count=1952 1909 132 90 1777 1724 502 459 336 233 171 118 103 1222
is_linear=0
shrinkage=0.05


Tree=280
num_leaves=15
num_cat=0
split_feature=1 0 3 4 3 3 1 3 3 1 3 0 0 1
split_gain=1.22461 0.914298 2.90002 1.85507 0.636875 3.60848 2.58969 3.76841 3.4808 3.22314 3.72369 2.25518 4.48564 4.31559
threshold=0.99805629696255316 12.457500000000001 99.055500000000009 10.118000000000002 19.232500000000005 20.322500000000002 0.23416947364604893 48.554500000000012 84.805500000000009 -0.012886663321697788 39.732500000000009 19.934000000000001 17.884500000000006 -0.51236666743397874
decision_type=2 2 2 2 2 2 2 2 2 2 2 2 2 2
left_child=1 2 3 -1 -3 -6 9 -8 -9 10 -7 12 13 -12
right_child=-2 4 -4 -5 5 6 7 8 -10 -11 11 -13 -14 -15
leaf_value=0.0054820292230221149 0.00025874253917754778 -0.00010347499225180635 -0.0016029182338099025 -0.00049974433160772662 0.019111807403774151 -0.016899467107143462 0.0048770830957900807 -0.0053549777494010077 0.00050383178791158715 -0.023854940414922334 -0.00014850877750679226 -0.0064289416817302214 0.019191822786661303 0.0060340770667628961
leaf_weight=40 43 953 75 75 43 83 83 75 181 41 80 66 47 67
leaf_count=40 43 953 75 75 43 83 83 75 181 41 80 66 47 67
internal_value=-0.000204918 -0.000392876 -0.00368421 0.00130435 -2.90867e-05 0.00104439 0.000207469 0.00339233 0.000390625 -0.00260417 -0.00102041 0.00192308 0.00463918 0.000340136
internal_weight=1952 1909 190 115 1719 766 723 339 256 384 343 260 194 147
internal_count=1952 1909 190 115 1719 766 723 339 256 384 343 260 194 147
is_linear=0
shrinkage=0.05


Tree=281
num_leaves=15
num_cat=0
split_feature=4 3 3 2 2 4 3 2 2 3 4 0 3 2
split_gain=1.52826 1.80923 2.37102 1.40646 1.37917 2.5081 2.95361 3.54626 3.66145 3.02325 2.51905 2.51805 1.8114 1.64121
threshold=6.2730000000000006 79.967000000000013 7.565500000000001 0.81502833751681136 0.46105717635705401 23.187000000000001 4.6480000000000006 0.94698775307607519 0.86993731518838324 99.994000000000014 11.002000000000001 14.108500000000001 99.994000000000014 0.29426351849031901
decision_type=2 2 2 2 2 2 2 2 2 2 2 2 2 2
left_child=1 2 -1 -3 13 6 11 8 9 10 -8 -6 -9 -2
right_child=4 3 -4 -5 5 -7 7 12 -10 -11 -12 -13 -14 -15
leaf_value=0.00011240280113986243 -6.0169067715337704e-05 -0.0041640021420575437 0.0012771269437997447 0.0052928423574573951 0.0070199018991692237 0.00096355333299492094 -0.00055657595970647761 -0.0058066588705005147 0.010143818255541776 -0.01013340201001444 0.0012735834996768476 -0.0011481306253441237 -0.0011347235295311009 0.0022375971512047562
leaf_weight=65 1192 55 43 45 42 74 56 47 42 49 40 69 43 90
leaf_count=65 1192 55 43 45 42 74 56 47 42 49 40 69 43 90
internal_value=-0.000204918 0.00384615 0.00833333 -0.001 -0.000688073 -0.0030303 -0.00463918 -0.00740072 -0.00347594 -0.00724138 -0.00208333 0.00225225 -0.0155556 0.000156006
internal_weight=1952 208 108 100 1744 462 388 277 187 145 96 111 90 1282
internal_count=1952 208 108 100 1744 462 388 277 187 145 96 111 90 1282
is_linear=0
shrinkage=0.05


Tree=282
num_leaves=15
num_cat=0
split_feature=4 0 2 0 3 4 0 2 3 3 3 3 4 4
split_gain=1.42965 1.91404 2.54455 2.33643 1.9153 2.36847 1.5712 1.66206 1.4146 0.800386 4.01979 3.73058 2.18817 2.08687
threshold=5.6070000000000002 13.523500000000002 -0.045113073260993279 13.985500000000002 4.5390000000000006 16.884000000000004 16.875000000000004 0.92933244589178743 91.487000000000009 82.197500000000005 91.933000000000007 63.313000000000009 15.412000000000001 16.200000000000003
decision_type=2 2 2 2 2 2 2 2 2 2 2 2 2 2
left_child=6 2 -2 -3 -4 -6 7 -1 -7 11 -11 12 -5 -14
right_child=1 3 4 9 5 8 -8 -9 -10 10 -12 -13 13 -15
leaf_value=0.0066791781932013855 0.016580725175361955 0.0007119644518471691 0.0028165247383425077 0.00017752244658445493 -0.0014386120121308744 -0.0015382591712406858 -0.0036233658944811787 -0.00042817201183062984 0.0014216999701146095 0.015706732026260585 -0.00010941114641344619 -0.0012470045462021795 -0.0016350803174489338 -0.00031269787926132555
leaf_weight=67 40 51 43 895 118 43 43 42 42 49 238 57 47 177
leaf_count=67 40 51 43 895 118 43 43 42 42 49 238 57 47 177
internal_value=-5.12295e-05 -0.000444444 -0.0041958 0.000264201 -0.00609756 -0.00812808 0.00460526 0.00779817 -0.00176471 -0.000102529 0.00226481 -0.000680272 -4.46828e-05 -0.00446429
internal_weight=1952 1800 286 1514 246 203 152 109 85 1463 287 1176 1119 224
internal_count=1952 1800 286 1514 246 203 152 109 85 1463 287 1176 1119 224
is_linear=0
shrinkage=0.05


Tree=283
num_leaves=15
num_cat=0
split_feature=1 1 4 4 4 3 0 0 0 3 1 1 3 3
split_gain=1.17992 0.733087 2.07737 3.29511 1.93274 2.57214 2.89988 1.63111 3.22937 1.16279 2.41675 3.24761 3.01021 2.87048
threshold=0.99805629696255316 0.72660079619120022 13.189000000000002 12.037000000000001 14.8665 57.363500000000009 14.431500000000002 17.473500000000005 14.380500000000001 61.360000000000007 0.1328271176880281 0.017189842955271029 19.588500000000003 14.961500000000003
decision_type=2 2 2 2 2 2 2 2 2 2 2 2 2 2
left_child=1 9 3 7 -4 6 -6 8 -3 10 11 -1 13 -12
right_child=-2 2 4 -5 5 -7 -8 -9 -10 -11 12 -13 -14 -15
leaf_value=8.5727088531026288e-05 0.00032572682416647241 -0.0021692692184318201 0.0072781687792060901 -0.017338402023814772 5.7348623506103817e-05 0.0017337651414351064 -0.0086084447851481026 -0.00065062036579246476 0.0039626031481774741 -0.00031720166678773367 0.0024677125170504072 -0.0054443953263689452 0.009167163759243091 -0.0049729984707774883
leaf_weight=692 43 46 50 46 49 73 60 63 63 412 190 53 72 40
leaf_count=692 43 46 50 46 49 73 60 63 63 412 190 53 72 40
internal_value=-5.12295e-05 -0.000235726 -0.002 -0.00550459 0.0012931 -0.0010989 -0.0059633 -0.00232558 0.00137615 0.00030843 0.00119389 -0.00033557 0.00496689 0.00217391
internal_weight=1952 1909 450 218 232 182 109 172 109 1459 1047 745 302 230
internal_count=1952 1909 450 218 232 182 109 172 109 1459 1047 745 302 230
is_linear=0
shrinkage=0.05


Tree=284
num_leaves=15
num_cat=0
split_feature=1 3 2 0 0 1 1 1 0 4 3 3 1 4
split_gain=1.10727 0.96784 2.04582 2.21844 2.71784 1.96599 2.43507 2.4018 2.72366 2.31465 1.92564 1.75058 1.70519 1.67785
threshold=0.99805629696255316 48.554500000000012 -0.89611523788151459 15.946500000000002 16.916500000000003 -0.24284747324344283 -0.54817103930762534 0.081558489694578698 14.820500000000001 8.2995000000000019 99.770500000000013 40.989000000000004 -0.92913280730858794 12.365500000000003
decision_type=2 2 2 2 2 2 2 2 2 2 2 2 2 2
left_child=1 11 -3 5 -5 6 -4 -7 9 -9 -11 -1 -6 -14
right_child=-2 2 3 4 12 7 -8 8 -10 10 -12 -13 13 -15
leaf_value=5.4481192330801956e-05 0.00030944048295814545 -0.0063427276757176219 -0.00091779277542530791 0.0035872834411434548 0.0041815452901812098 -0.004396890428798767 0.0280811396868695 0.0034931842210971123 -0.0048482331424203641 -0.003360546149144804 4.3978021496482449e-05 0.0014960667614017224 -0.0026068338019722514 0.001296297462961547
leaf_weight=1213 43 40 44 63 41 61 40 47 49 60 77 50 78 46
leaf_count=1213 43 40 44 63 41 61 40 47 49 60 77 50 78 46
internal_value=0.000204918 2.61917e-05 -0.00154799 -0.000825083 0.00307018 -0.0031746 0.00357143 -0.00510204 -0.0027897 0 -0.00328467 0.000831354 -0.00030303 -0.00322581
internal_weight=1952 1909 646 606 228 378 84 294 233 184 137 1263 165 124
internal_count=1952 1909 646 606 228 378 84 294 233 184 137 1263 165 124
is_linear=0
shrinkage=0.05


Tree=285
num_leaves=15
num_cat=0
split_feature=1 3 2 2 0 0 1 4 1 0 0 3 4 1
split_gain=1.10727 0.871973 1.67045 2.64403 2.02144 3.56524 3.10569 1.84699 1.76629 2.4747 3.86939 1.78595 3.39844 3.19091
threshold=0.99805629696255316 48.227500000000013 0.95506028457921099 0.88234143329564307 15.284000000000001 14.341500000000002 0.95444582372253872 13.765000000000002 0.82801560613826442 18.558500000000006 18.086000000000002 28.074500000000004 7.8265000000000002 -0.85206963063867736
decision_type=2 2 2 2 2 2 2 2 2 2 2 2 2 2
left_child=1 2 3 4 5 7 8 -1 9 10 -6 12 -11 -14
right_child=-2 -3 -4 -5 6 -7 -8 -9 -10 11 -12 -13 13 -15
leaf_value=-0.00074852943216939603 0.0002939684588102343 -0.00027683247856389318 0.0015302607678457703 -0.0051001982628411102 -7.3269064675479672e-05 0.010772919230348916 -0.015895346927878078 0.00031949067787715449 0.002178410087625256 0.0097693438551439971 -0.011216834379310632 0.020938872215239226 -0.0020473724736805423 0.00029815299341493244
leaf_weight=48 43 651 63 62 178 49 41 69 63 40 46 44 151 404
leaf_count=48 43 651 63 62 178 49 41 69 63 40 46 44 151 404
internal_value=0.000204918 2.61917e-05 0.000794913 0.000376569 0.000926743 0.0060241 5.17063e-05 0.00128205 0.000647948 5.79374e-05 -0.00446429 0.00164319 0.00092437 -9.00901e-05
internal_weight=1952 1909 1258 1195 1133 166 967 117 926 863 224 639 595 555
internal_count=1952 1909 1258 1195 1133 166 967 117 926 863 224 639 595 555
is_linear=0
shrinkage=0.05


Tree=286
num_leaves=15
num_cat=0
split_feature=1 1 4 4 0 1 1 3 3 3 3 1 3 2
split_gain=1.18731 2.50067 1.35921 2.35062 1.01964 1.19392 3.33859 2.69839 2.62371 2.59895 2.79312 4.34809 2.65092 2.62331
threshold=0.98009454285431663 0.96230016621822489 10.935500000000003 16.736000000000001 10.530000000000003 -0.10282099713736061 -0.017189842955271383 99.907500000000013 79.094500000000025 42.782500000000006 19.588500000000003 0.63137065367936085 99.841000000000008 0.45207220393230446
decision_type=2 2 2 2 2 2 2 2 2 2 2 2 2 2
left_child=1 4 -2 -4 -1 7 -7 8 -6 10 -8 -12 -11 -14
right_child=2 -3 3 -5 5 6 9 -9 -10 12 11 -13 13 -15
leaf_value=-0.0013091712760790854 0.0016936215484120755 -0.0024238456617201257 -0.0020387073396195138 0.00027927003586972757 -0.00015273971063515664 0.00418256892098616 0.00024991767562652093 -0.0015624310451783114 0.0028403815175782835 -0.0046730797751378559 0.023949700043974967 0.00032606179919302263 0.0020958692081065101 -0.00081151306940376597
leaf_weight=53 40 49 50 47 666 48 413 110 93 169 41 40 43 90
leaf_count=53 40 49 50 47 666 48 413 110 93 169 41 40 43 90
internal_value=0.000256148 -8.26446e-05 0.00474453 0.00154639 0.000226501 0.000437828 0.00177725 -0.000863061 0.000197628 0.00100503 0.00323887 0.0117284 -0.00264901 0.00263158
internal_weight=1952 1815 137 97 1766 1713 844 869 759 796 494 81 302 133
internal_count=1952 1815 137 97 1766 1713 844 869 759 796 494 81 302 133
is_linear=0
shrinkage=0.05


Tree=287
num_leaves=15
num_cat=0
split_feature=1 1 4 4 0 3 3 0 4 0 3 3 3 0
split_gain=1.10739 1.72964 1.35921 2.35062 1.05373 1.42907 2.82854 2.95081 4.20243 1.4596 4.14416 3.94757 2.73476 3.63355
threshold=0.98009454285431663 0.96230016621822489 10.935500000000003 16.736000000000001 10.530000000000003 48.227500000000013 40.989000000000004 14.108500000000001 9.105500000000001 18.558500000000006 21.665500000000005 10.453000000000001 4.2620000000000013 15.685
decision_type=2 2 2 2 2 2 2 2 2 2 2 2 2 2
left_child=1 4 -2 -4 -1 6 7 8 -6 10 11 12 13 -9
right_child=2 -3 3 -5 5 -7 -8 9 -10 -11 -12 -13 -14 -15
leaf_value=-0.0012437127122751303 0.0016089404709914734 -0.0023026533786341232 -0.0019367719726385375 0.00026530653407623727 -0.0010587140589149225 -0.00033705804519807981 0.0018602352485921237 -0.0087618019499200676 0.0057698270157596878 0.00024423020029860286 -0.018172579264078746 0.0017056578662263955 -0.0025844973693392587 0.0026965909585671302
leaf_weight=53 40 49 50 47 45 549 42 55 71 637 40 85 89 100
leaf_count=53 40 49 50 47 45 549 42 55 71 637 40 85 89 100
internal_value=0.000409836 8.26446e-05 0.00474453 0.00154639 0.000339751 0.000554583 0.00154639 0.00106952 0.00862069 0.000198807 -0.00230352 -0.000455927 -0.00368852 0.000322581
internal_weight=1952 1815 137 97 1766 1713 1164 1122 116 1006 369 329 244 155
internal_count=1952 1815 137 97 1766 1713 1164 1122 116 1006 369 329 244 155
is_linear=0
shrinkage=0.05


Tree=288
num_leaves=15
num_cat=0
split_feature=1 1 1 0 2 4 3 2 1 0 1 1 3 3
split_gain=1.38623 2.69211 2.48215 2.35045 2.14317 1.99239 1.84782 1.99823 1.98024 3.38983 1.70915 1.60092 1.48179 1.78095
threshold=0.098678873477280007 0.017189842955271029 -0.10282099713736061 21.342000000000002 0.9624112700309283 19.610500000000005 99.93950000000001 0.71541278717867718 -0.97505550290239429 20.533500000000004 -0.94697898371965694 0.99805629696255316 0.71800000000000008 42.782500000000006
decision_type=2 2 2 2 2 2 2 2 2 2 2 2 2 2
left_child=1 2 5 4 11 6 8 -8 9 -1 -10 12 -2 -14
right_child=3 -3 -4 -5 -6 -7 7 -9 10 -11 -12 -13 13 -15
leaf_value=0.022418639357277184 -0.0010263784351015272 -0.0071779126007262108 0.002438552804908851 0.0050382178516156124 0.0035154004159805049 -0.00097168942228677009 -0.010393490084806604 -6.5990354719569497e-05 -0.0037024835649573638 -0.00020457825732761448 -1.1505726639766262e-05 0.00034530128208924428 0.0004269766612569115 -0.00025923001684179938
leaf_weight=59 102 53 74 43 51 49 48 46 50 59 564 40 374 340
leaf_count=59 102 53 74 43 51 49 48 46 50 59 564 40 374 340
internal_value=0 -0.00129741 -0.000684932 0.00136842 0.000826902 -0.00142857 -0.000847458 -0.00744681 0 0.0059322 -0.00114007 0.000233645 -0.000245098 0.000560224
internal_weight=1952 1002 949 950 907 875 826 94 732 118 614 856 816 714
internal_count=1952 1002 949 950 907 875 826 94 732 118 614 856 816 714
is_linear=0
shrinkage=0.05


Tree=289
num_leaves=15
num_cat=0
split_feature=0 0 1 2 3 2 3 3 2 4 0 4 0 2
split_gain=1.46964 2.38998 2.26937 2.20562 1.65534 3.04356 2.47791 1.75319 4.5134 2.90909 2.6158 3.4327 7.42745 4.1639
threshold=13.439500000000002 13.194500000000001 -0.017189842955271383 0.98217423127542058 10.387500000000001 0.88234143329564307 8.6375000000000011 13.615500000000003 -0.62971025403082126 12.802500000000002 15.621 13.864500000000001 14.166500000000001 0.27779130397453933
decision_type=2 2 2 2 2 2 2 2 2 2 2 2 2 2
left_child=1 2 -1 4 5 6 -2 8 9 -6 11 12 -9 -13
right_child=3 -3 -4 -5 7 -7 -8 10 -10 -11 -12 13 -14 -15
leaf_value=-0.00089445162633907673 5.6610041408267089e-05 -0.0061675828556661486 0.00032908599455305776 0.0033396303951814784 0.010673517910249846 -0.029243743694922386 -0.0031087972821380351 -0.015438784251385829 -0.00024990806019197512 0.0014150378122636587 -0.00012289049687909254 0.0067925243421280319 0.0060566615955779616 0.0003971443850429843
leaf_weight=71 435 42 201 51 44 45 76 42 59 44 692 48 61 41
leaf_count=71 435 42 201 51 44 45 76 42 59 44 692 48 61 41
internal_value=-5.12295e-05 -0.00318471 -0.00147059 0.000549451 0.000220542 -0.00197842 -0.000880626 0.0014064 0.00646259 0.0136364 0.000565611 0.00572917 -0.000485437 0.0129213
internal_weight=1952 314 272 1638 1587 556 511 1031 147 88 884 192 103 89
internal_count=1952 314 272 1638 1587 556 511 1031 147 88 884 192 103 89
is_linear=0
shrinkage=0.05


Tree=290
num_leaves=15
num_cat=0
split_feature=3 4 2 3 4 0 3 3 0 2 1 3 0 4
split_gain=1.09377 1.78684 1.78557 3.58328 2.88104 2.81376 1.3614 1.73308 3.10924 1.69278 2.99045 2.87782 1.89232 2.86913
threshold=99.055500000000009 4.6780000000000008 0.9669377691982991 82.197500000000005 24.962500000000002 16.294500000000003 66.927000000000007 40.989000000000004 15.872000000000002 -0.8069893509785715 0.33302288323572038 21.082000000000004 13.887500000000001 13.929500000000003
decision_type=2 2 2 2 2 2 2 2 2 2 2 2 2 2
left_child=1 -1 3 4 6 -5 7 9 -9 10 -3 12 -11 -14
right_child=-2 2 -4 5 -6 -7 -8 8 -10 11 -12 -13 13 -15
leaf_value=0.0024563112723910985 -0.00029968595883195226 0.00015181016675303027 -0.00054197158392551572 0.0027140111825415484 -0.0036604013603089101 0.00025252211632030287 -0.0075450150548186856 0.0064332991437277727 3.2864966100501494e-05 0.00067335525918072044 0.0092873018556713233 -0.0087618418923164302 6.1601339128332724e-05 -0.0019942428501190123
leaf_weight=52 346 289 75 62 50 79 52 45 74 77 71 94 458 128
leaf_count=52 346 289 75 62 50 79 52 45 74 77 71 94 458 128
internal_value=-5.12295e-05 0.000498132 0.00019305 0.000574713 -0.000224215 0.00815603 0.000232919 0.000566343 0.00630252 -4.47628e-05 0.00277778 -0.00138705 -0.000226244 -0.00119454
internal_weight=1952 1606 1554 1479 1338 141 1288 1236 119 1117 360 757 663 586
internal_count=1952 1606 1554 1479 1338 141 1288 1236 119 1117 360 757 663 586
is_linear=0
shrinkage=0.05


Tree=291
num_leaves=15
num_cat=0
split_feature=3 4 4 4 0 4 4 3 1 1 1 1 2 0
split_gain=1.09377 1.27293 1.95472 2.86719 3.83961 3.64054 2.51655 3.88772 2.90147 1.37228 2.99703 1.56079 1.24379 2.36572
threshold=99.055500000000009 4.5515000000000008 5.9570000000000007 7.6680000000000001 18.490000000000006 7.0135000000000014 9.8285000000000018 8.0950000000000006 -0.7610972106345526 0.96413834225895678 0.98801351631316348 0.89706552114483107 0.24460549819462502 15.946500000000002
decision_type=2 2 2 2 2 2 2 2 2 2 2 2 2 2
left_child=1 -1 -3 4 5 -4 7 -5 -9 11 -11 -8 -2 -14
right_child=12 2 3 6 -6 -7 9 8 -10 10 -12 -13 13 -15
leaf_value=0.0039230706737056085 -0.00059002909364478393 -0.00023709369824158612 -0.00031703290709537426 0.00019101774658267234 0.0032887383278954688 0.0057515722918735695 8.9066700839035573e-05 -0.019718869713373707 -0.0012661410788582324 -0.0050521476366457325 8.4086577695774445e-05 0.0033251969245661102 -0.00087044973537911277 0.0053160028713498623
leaf_weight=46 105 69 67 92 43 46 956 40 65 45 67 70 192 49
leaf_count=46 105 69 67 92 43 46 956 40 65 45 67 70 192 49
internal_value=-5.12295e-05 0.000498132 0.00025641 0.000637156 0.00705128 0.00221239 -0.00011236 -0.00532995 -0.0119048 0.000790861 -0.00446429 0.00136452 -0.00260116 -0.000622407
internal_weight=1952 1606 1560 1491 156 113 1335 197 105 1138 112 1026 346 241
internal_count=1952 1606 1560 1491 156 113 1335 197 105 1138 112 1026 346 241
is_linear=0
shrinkage=0.05


Tree=292
num_leaves=15
num_cat=0
split_feature=4 0 0 1 1 4 4 1 0 3 3 0 3 4
split_gain=1.0741 1.45833 1.01288 3.68956 3.08984 1.19472 1.08095 1.14395 2.58401 2.31445 3.74716 2.17912 2.29822 4.84473
threshold=4.7805000000000009 15.872000000000002 22.121500000000001 -0.2006124779598886 -0.70252096857941237 9.9405000000000019 5.6070000000000002 -0.46296662190318316 21.539000000000005 99.93950000000001 51.138000000000012 16.397000000000002 3.8700000000000006 13.765000000000002
decision_type=2 2 2 2 2 2 2 2 2 2 2 2 2 2
left_child=1 -1 6 4 5 -4 -2 8 9 10 11 -8 -13 -14
right_child=2 -3 3 -5 -6 -7 7 -9 -10 -11 -12 12 13 -15
leaf_value=9.7087479417301567e-05 0.0057355446767735352 -0.00067247732922161719 -0.0028360506480873183 0.0026275780808534075 -0.0089603991442152864 0.0062405994516614846 0.0012718146662616227 -6.8690879313360048e-05 0.0081215974755055095 -0.0040596871322980512 0.0038507838462992884 0.0018550375565277973 -1.2406392550939894e-05 -0.024444489167461544
leaf_weight=56 52 40 41 40 44 53 54 1157 42 53 75 60 145 40
leaf_count=56 52 40 41 40 44 53 54 1157 42 53 75 60 145 40
internal_value=-5.12295e-05 -0.00520833 0.000215517 -0.00337079 -0.00724638 -0.00212766 0.000595948 0.000369004 0.00245203 0.00128806 0.0026738 0.000167224 -0.00183673 -0.00459459
internal_weight=1952 96 1856 178 138 94 1678 1626 469 427 374 299 245 185
internal_count=1952 96 1856 178 138 94 1678 1626 469 427 374 299 245 185
is_linear=0
shrinkage=0.05


Tree=293
num_leaves=15
num_cat=0
split_feature=0 0 4 0 0 0 4 2 2 2 0 0 0 3
split_gain=0.888602 1.56649 1.04407 6.60469 3.02007 3.05011 2.07944 1.39896 2.16282 1.73405 3.30615 4.76498 4.18102 2.66723
threshold=24.661500000000004 23.509500000000003 6.0075000000000012 17.015500000000007 15.662500000000001 13.638500000000002 6.5385000000000009 0.78884570776442897 0.99468534776305517 0.15855938510313469 18.490000000000006 17.237500000000004 13.798500000000002 93.943000000000012
decision_type=2 2 2 2 2 2 2 2 2 2 2 2 2 2
left_child=1 2 3 4 5 -1 -4 9 -9 -8 11 12 -11 -14
right_child=-2 -3 6 -5 -6 -7 7 8 -10 10 -12 -13 13 -15
leaf_value=0.0038259090497695936 0.0044364342847918571 -0.0033148108481862396 0.0011251377946640939 -0.010734446039067147 0.0040171426191128344 -0.0095456049473342519 -4.5205309592488701e-05 -0.0010562670916801895 0.00020535360363404273 -0.0002892117120701254 0.0045855898907369843 -0.012146410394112345 0.0041666608330624827 2.5364724989965227e-05
leaf_weight=51 42 40 46 44 43 41 1046 215 44 97 64 44 84 51
leaf_count=51 42 40 46 44 43 41 1046 215 44 97 64 44 84 51
internal_value=-5.12295e-05 -0.000209424 0 -0.00363128 0.00185185 -0.00326087 0.000384388 9.11854e-05 -0.00328185 0.000721501 0.00382353 0.00144928 0.00431034 0.01
internal_weight=1952 1910 1870 179 135 92 1691 1645 259 1386 340 276 232 135
internal_count=1952 1910 1870 179 135 92 1691 1645 259 1386 340 276 232 135
is_linear=0
shrinkage=0.05


Tree=294
num_leaves=15
num_cat=0
split_feature=1 1 1 3 3 4 0 4 4 2 1 2 2 0
split_gain=0.569827 3.58266 1.73768 3.3538 3.59864 3.82488 1.67776 3.3203 4.42109 3.06131 1.46963 1.90366 1.8255 1.64711
threshold=-0.10282099713736061 -0.034374606067994681 -0.46296662190318316 8.911500000000002 98.925000000000011 12.691000000000001 18.287000000000003 9.0020000000000007 11.967500000000003 0.73832635400310653 0.098678873477280007 0.9669377691982991 0.92284787786233202 21.342000000000002
decision_type=2 2 2 2 2 2 2 2 2 2 2 2 2 2
left_child=2 -2 6 -4 5 -5 7 9 -9 -1 -3 12 13 -12
right_child=1 10 3 4 -6 -7 -8 8 -10 -11 11 -13 -14 -15
leaf_value=-0.00073045726775680111 0.0044772996978145116 -0.0020977304148019965 -0.015820396136552419 0.0057227146551282002 -0.0018590042312255585 -0.0038681401387835991 -0.00011968396612277721 0.01027973906466394 0.00062346429760901101 0.0011000254562178787 2.4096488740467382e-05 0.0050784748523668268 -0.00073997037858920117 0.0048844300738737027
leaf_weight=47 43 84 45 67 49 80 424 41 74 48 821 46 40 43
leaf_count=47 43 84 45 67 49 80 424 41 74 48 821 46 40 43
internal_value=0.000204918 0.00097493 -0.000742857 -0.00435685 -0.00153061 0.00238095 0.000630915 0.00428571 0.01 -0.00263158 0.000386847 0.000947368 0.000442478 0.000925926
internal_weight=1952 1077 875 241 196 147 634 210 115 95 1034 950 904 864
internal_count=1952 1077 875 241 196 147 634 210 115 95 1034 950 904 864
is_linear=0
shrinkage=0.05


Tree=295
num_leaves=15
num_cat=0
split_feature=1 1 2 4 4 2 0 4 0 2 4 3 1 4
split_gain=0.747762 2.54066 2.35343 2.47325 4.15059 2.28112 1.55618 4.02317 2.72406 2.63511 6.40009 2.11941 3.27253 2.45
threshold=-0.10282099713736061 -0.034374606067994681 0.9669377691982991 6.9370000000000003 6.0075000000000012 0.86564557464733971 21.283500000000004 9.0020000000000007 17.237500000000004 -0.01291029607500894 12.691000000000001 21.082000000000004 -0.81403855522663837 10.738000000000001
decision_type=2 2 2 2 2 2 2 2 2 2 2 2 2 2
left_child=2 -2 3 4 -1 6 7 -5 -9 10 -10 12 13 -8
right_child=1 -3 -4 5 -6 -7 11 8 9 -11 -12 -13 -14 -15
leaf_value=-0.00055019085452639169 0.0042534347129237864 2.101945436316713e-05 -0.002433816057221086 -0.0010740408257837453 0.010579228610743752 -0.0027376223099150779 1.1864159350327698e-05 0.00148623214422271 0.012603106578780549 -0.0022658247421920076 -0.0026888258970007278 -0.022093655390890494 0.0064218178142139565 -0.006194267893418471
leaf_weight=76 43 1034 45 66 49 43 40 84 88 67 140 54 83 40
leaf_count=76 43 1034 45 66 49 43 40 84 88 67 140 54 83 40
internal_value=0 0.00088208 -0.00108571 -0.000481928 0.006 -0.00163121 -0.000906344 0.000786517 0.00277045 0.000508475 0.00307018 -0.00437788 -0.00153374 -0.00875
internal_weight=1952 1077 875 830 125 705 662 445 379 295 228 217 163 80
internal_count=1952 1077 875 830 125 705 662 445 379 295 228 217 163 80
is_linear=0
shrinkage=0.05


Tree=296
num_leaves=15
num_cat=0
split_feature=2 4 4 2 1 1 4 4 4 2 4 2 2 2
split_gain=0.83962 2.80709 1.33076 1.27677 2.22151 0.807308 0.760582 2.39843 2.33662 3.1988 2.7217 3.35544 2.28859 3.37556
threshold=0.94698775307607519 6.3385000000000007 8.8270000000000017 0.86993731518838324 -0.33708009192051164 -1.0000000180025095e-35 6.6875000000000009 5.2605000000000013 7.3835000000000006 0.78884570776442897 7.9830000000000014 0.6971494193916894 0.57132313271480106 0.49751328890718055
decision_type=2 2 2 2 2 2 2 2 2 2 2 2 2 2
left_child=3 -2 -3 6 -5 -4 7 -1 -8 10 -10 12 13 -12
right_child=1 2 5 4 -6 -7 8 -9 9 -11 11 -13 -14 -15
leaf_value=0.00035043782108684922 0.0021855967629686337 -0.00392525503977228 -0.00066605197066288988 -0.0010135301947321873 0.0041886823003652622 0.00042986036273563456 0.0053874125805558233 -0.0022086215507298168 -0.0020052532151465879 -0.0076365254293441903 1.7604976841292808e-05 0.0013533416469942536 -0.0042313884768557467 0.0020063050307840059
leaf_weight=76 55 47 41 50 56 47 60 68 40 46 1238 40 48 40
leaf_count=76 55 47 41 50 56 47 60 68 40 46 1238 40 48 40
internal_value=0 -0.00315789 -0.00703704 0.000340522 0.00566038 -0.00340909 0 -0.00347222 0.000330688 -6.88705e-05 0.000355619 0.000732064 0.000301659 0.000704225
internal_weight=1952 190 135 1762 106 88 1656 144 1512 1452 1406 1366 1326 1278
internal_count=1952 190 135 1762 106 88 1656 144 1512 1452 1406 1366 1326 1278
is_linear=0
shrinkage=0.05


Tree=297
num_leaves=15
num_cat=0
split_feature=3 1 1 4 1 3 4 1 0 0 2 3 3 4
split_gain=1.09411 1.64698 1.6738 1.51597 2.0516 3.08058 2.69053 3.14287 2.4513 2.4113 2.34003 3.27913 3.79404 2.72353
threshold=0.36100000000000004 0.28397372121269165 0.82072415811359578 11.537500000000001 -0.89391031859722847 32.210000000000001 11.038500000000001 -0.7721494341254892 19.431500000000003 20.809000000000001 0.040813519545864409 4.6480000000000006 13.332500000000001 7.5365000000000011
decision_type=2 2 2 2 2 2 2 2 2 2 2 2 2 2
left_child=1 -1 -3 4 5 9 7 -6 10 -2 -9 -12 -13 -14
right_child=3 2 -4 -5 6 -7 -8 8 -10 -11 11 12 13 -15
leaf_value=0.0016875441735576314 -0.0052274973857152074 -0.0021887889371873695 0.00049587810186257116 8.2441012259026902e-05 -0.0018287348324880271 0.0065381075870845663 -0.0072433552055496181 0.0075082420825397546 -0.002882838369292763 0.003966197012742383 0.0072939544641648429 -0.010716312485333702 0.0012307715664590547 -0.0010725290145762679
leaf_weight=117 49 54 43 1001 62 40 65 62 89 42 40 42 161 85
leaf_count=117 49 54 43 1001 62 40 65 62 89 42 40 42 161 85
internal_value=-0.000102459 0.00327103 -0.00154639 -0.000517837 -0.00223881 0.00343511 -0.00346535 -0.00231054 -0.000939457 -0.00164835 0.000769231 -0.000914634 -0.00277778 -0.000406504
internal_weight=1952 214 97 1738 737 131 606 541 479 91 390 328 288 246
internal_count=1952 214 97 1738 737 131 606 541 479 91 390 328 288 246
is_linear=0
shrinkage=0.05


Tree=298
num_leaves=15
num_cat=0
split_feature=3 0 2 1 4 4 0 1 0 1 1 0 4 1
split_gain=0.760021 2.41432 2.19204 1.66813 2.13333 2.55978 1.28459 3.30545 3.61237 3.76317 3.03409 1.42778 1.29692 1.36638
threshold=99.055500000000009 15.946500000000002 0.19429706169951341 0.87518633148764147 13.105000000000002 6.2105000000000006 13.887500000000001 -0.24284747324344283 13.439500000000002 0.3491821996099142 0.83354805289222267 14.256000000000002 22.214000000000002 -0.97505550290239429
decision_type=2 2 2 2 2 2 2 2 2 2 2 2 2 2
left_child=6 3 -3 4 5 -2 7 -1 9 -9 -11 -8 13 -13
right_child=1 2 -4 -5 -6 -7 11 8 -10 10 -12 12 -14 -15
leaf_value=0.00064833264758940652 -0.0043533590569334929 -0.00040677497754659233 0.0050009298019080524 0.0023426112643043675 -0.0043054812185282648 0.00091922466756241274 -0.0039123763767120222 -0.0032381709674899842 0.0027581180347433011 0.0063255599392793216 -0.00093427018858550654 0.00081172289570395628 0.0034786315194384135 -6.8943230390194898e-05
leaf_weight=42 49 59 52 55 72 59 46 45 42 52 62 118 48 1151
leaf_count=42 49 59 52 55 72 59 46 45 42 52 62 118 48 1151
internal_value=0.000102459 -0.00202312 0.00405405 -0.00489362 -0.00722222 -0.00277778 0.000560399 0.00390947 0.00124378 -0.00220126 0.00263158 -3.66838e-05 0.000265756 -3.94011e-05
internal_weight=1952 346 111 235 180 108 1606 243 201 159 114 1363 1317 1269
internal_count=1952 346 111 235 180 108 1606 243 201 159 114 1363 1317 1269
is_linear=0
shrinkage=0.05


Tree=299
num_leaves=15
num_cat=0
split_feature=3 4 4 0 4 2 4 0 4 4 4 3 0 0
split_gain=0.899287 1.65606 2.07791 2.60667 2.60641 4.62857 1.45833 1.26599 2.93637 2.72373 4.41699 2.30581 2.16789 3.77658
threshold=99.055500000000009 22.897000000000002 12.835000000000003 13.579500000000001 7.9830000000000014 0.72731766296277522 9.8285000000000018 15.412500000000003 6.5385000000000009 10.738000000000001 21.993000000000006 15.110000000000001 14.286000000000003 12.457500000000001
decision_type=2 2 2 2 2 2 2 2 2 2 2 2 2 2
left_child=7 2 4 -4 5 -2 -6 8 -1 11 12 -10 13 -11
right_child=1 -3 3 -5 6 -7 -8 -9 9 10 -12 -13 -14 -15
leaf_value=0.0069209343329606461 -0.0098111928533222321 0.0012998407625773895 -0.0050928144590318501 -0.00023783790291588281 0.0029869815297125686 0.00035988717716795016 -2.1781455643047483e-05 -4.0818591190126822e-05 0.0018229387329303653 1.5280216958291072e-06 -0.00033473071634467779 -0.0044464758566469861 0.00039705617864232436 0.002230649169408583
leaf_weight=62 42 46 42 57 40 63 56 1186 58 43 75 56 59 67
leaf_count=62 42 46 42 57 40 63 56 1186 58 43 75 56 59 67
internal_value=0 -0.00231214 -0.00366667 -0.00959596 -0.000746269 -0.00619048 0.00520833 0.000498132 0.00285714 0.00111732 0.00409836 -0.00526316 0.00857988 0.0127273
internal_weight=1952 346 300 99 201 105 96 1606 420 358 244 114 169 110
internal_count=1952 346 300 99 201 105 96 1606 420 358 244 114 169 110
is_linear=0
shrinkage=0.05


end of trees

feature_importances:
Column_0=1010
Column_4=910
Column_2=781
Column_3=750
Column_1=749

parameters:
[boosting: gbdt]
[objective: regression_l1]
[metric: l1]
[tree_learner: serial]
[device_type: cpu]
[data_sample_strategy: bagging]
[data: ]
[valid: ]
[num_iterations: 300]
[learning_rate: 0.05]
[num_leaves: 15]
[num_threads: 1]
[seed: 42]
[deterministic: 1]
[force_col_wise: 0]
[force_row_wise: 1]
[histogram_pool_size: -1]
[max_depth: -1]
[min_data_in_leaf: 40]
[min_sum_hessian_in_leaf: 0.001]
[bagging_fraction: 1]
[pos_bagging_fraction: 1]
[neg_bagging_fraction: 1]
[bagging_freq: 0]
[bagging_seed: 400]
[bagging_by_query: 0]
[feature_fraction: 1]
[feature_fraction_bynode: 1]
[feature_fraction_seed: 30056]
[extra_trees: 0]
[extra_seed: 12879]
[early_stopping_round: 0]
[early_stopping_min_delta: 0]
[first_metric_only: 0]
[max_delta_step: 0]
[lambda_l1: 0]
[lambda_l2: 0]
[linear_lambda: 0]
[min_gain_to_split: 0]
[drop_rate: 0.1]
[max_drop: 50]
[skip_drop: 0.5]
[xgboost_dart_mode: 0]
[uniform_drop: 0]
[drop_seed: 17869]
[top_rate: 0.2]
[other_rate: 0.1]
[min_data_per_group: 100]
[max_cat_threshold: 32]
[cat_l2: 10]
[cat_smooth: 10]
[max_cat_to_onehot: 4]
[top_k: 20]
[monotone_constraints: ]
[monotone_constraints_method: basic]
[monotone_penalty: 0]
[feature_contri: ]
[forcedsplits_filename: ]
[refit_decay_rate: 0.9]
[cegb_tradeoff: 1]
[cegb_penalty_split: 0]
[cegb_penalty_feature_lazy: ]
[cegb_penalty_feature_coupled: ]
[path_smooth: 0]
[interaction_constraints: ]
[verbosity: -1]
[saved_feature_importance_type: 0]
[use_quantized_grad: 0]
[num_grad_quant_bins: 4]
[quant_train_renew_leaf: 0]
[stochastic_rounding: 1]
[linear_tree: 0]
[max_bin: 255]
[max_bin_by_feature: ]
[min_data_in_bin: 3]
[bin_construct_sample_cnt: 200000]
[data_random_seed: 175]
[is_enable_sparse: 1]
[enable_bundle: 1]
[use_missing: 1]
[zero_as_missing: 0]
[feature_pre_filter: 1]
[pre_partition: 0]
[two_round: 0]
[header: 0]
[label_column: ]
[weight_column: ]
[group_column: ]
[ignore_column: ]
[categorical_feature: ]
[forcedbins_filename: ]
[precise_float_parser: 0]
[parser_config_file: ]
[objective_seed: 16083]
[num_class: 1]
[is_unbalance: 0]
[scale_pos_weight: 1]
[sigmoid: 1]
[boost_from_average: 1]
[reg_sqrt: 0]
[alpha: 0.9]
[fair_c: 1]
[poisson_max_delta_step: 0.7]
[tweedie_variance_power: 1.5]
[lambdarank_truncation_level: 30]
[lambdarank_norm: 1]
[label_gain: ]
[lambdarank_position_bias_regularization: 0]
[eval_at: ]
[multi_error_top_k: 1]
[auc_mu_weights: ]
[num_machines: 1]
[local_listen_port: 12400]
[time_out: 120]
[machine_list_filename: ]
[machines: ]
[gpu_platform_id: -1]
[gpu_device_id: -1]
[gpu_device_id_list: ]
[gpu_use_dp: 0]
[num_gpu: 1]

end of parameters

pandas_categorical:null
