tree
version=v4
num_class=1
num_tree_per_iteration=1
label_index=0
max_feature_idx=8
objective=regression_l1
feature_names=Column_0 Column_1 Column_2 Column_3 Column_4 Column_5 Column_6 Column_7 Column_8
feature_infos=[4.7569999999999997:43.359000000000002] [-0.99999073973619013:0.99999073973619013] [-1:1] [0:100] [0.83699999999999997:37.371000000000002] [0.36399999999999999:39.366999999999997] [2.5129999999999999:16.364000000000001] [11.944000000000001:1106.4590000000001] [-5.1509999999999998:1.9450000000000001]
tree_sizes=1398 1416 1415 1407 1427 1429 1423 1420 1427 1402 1434 1432 1422 1407 1434 1438 1422 1437 1419 1433 1407 1434 1430 1430 1420 1428 1410 1412 1409 1419 1422 1425 1434 1424 1416 1423 1433 1421 1419 1434 1426 1413 1412 1425 1410 1437 1434 1423 1430 1421 1417 1427 1425 1418 1424 1419 1428 1421 1441 1399 1440 1411 1419 1438 1426 1433 1450 1424 1446 1447 1438 1419 1412 1435 1438 1433 1458 1415 1440 1459 1445 1459 1434 1429 1416 1460 1413 1448 1440 1447 1437 1445 1438 1447 1442 1439 1452 1457 1449 1445 1454 1439 1421 1450 1459 1454 1448 1454 1452 1455 1420 1438 1447 1452 1447 1428 1445 1437 1427 1436 1437 1438 1441 1451 1463 1444 1452 1460 1436 1444 1447 1444 1440 1450 1459 1466 1444 1433 1452 1452 1430 1437 1439 1445 1467 1452 1412 1430 1425 1418 1446 1453 1439 1462 1407 1444 1447 1439 1421 1452 1428 1424 1455 1439 1436 1458 1448 1456 1451 1463 1441 1441 1453 1427 1462 1437 1447 1436 1433 1454 1439 1433 1438 1425 1444 1420 1450 1439 1441 1434 1438 1443 1452 1434 1458 1442 1451 1444 1437 1427 1443 1447 1461 1426 1457 1444 1454 1430 1432 1443 1429 1448 1445 1437 1474 1459 1466 1472 1441 1460 1463 1447 1452 1469 1432 1448 1417 1448 1417 1467 1430 1441 1436 1436 1452 1438 1433 1434 1453 1446 1440 1451 1451 1456 1442 1436 1433 1421 1462 1438 1445 1447 1440 1450 1451 1442 1445 1436 1450 1446 1452 1433 1449 1451 1442 1444 1444 1440 1434 1453 1447 1429 1441 1460 1443 1444 1427 1445 1440 1443 1437 1447 1453 1455 1451 1441 1468 1460 1434 1391 1458 1457 1456 1438 1449 1427 1450 1437 1448 1443

Tree=0
num_leaves=15
num_cat=0
split_feature=6 7 7 5 4 5 4 1 0 8 1 3 0 7
split_gain=273.332 49.2328 30.1666 18.5976 17.639 14.9115 14.0484 12.7922 16.0682 10.6221 9.86159 8.5228 7.73975 7.40139
threshold=13.403500000000003 178.33100000000002 973.0680000000001 18.306500000000003 6.4875000000000016 17.063000000000006 11.987500000000002 -0.49750868180287644 13.764500000000002 -2.3689999999999993 -0.19244979981841048 3.7810000000000001 20.824500000000004 769.30850000000009
decision_type=2 2 2 2 2 2 2 2 2 2 2 2 2 2
left_child=1 -1 6 -4 -3 7 13 12 -9 11 -10 -8 -6 -2
right_child=2 4 3 -5 5 -7 9 8 10 -11 -12 -13 -14 -15
leaf_value=-0.23057499378919599 -0.34022499173879622 -0.34592499285936357 -0.33589999228715894 -0.38179999142885207 -0.28084999173879621 -0.33354999274015429 -0.32882499247789382 -0.33492499217391014 -0.33449999243021011 -0.32664999216794965 -0.29194999188184739 -0.36444999128580091 -0.28414999395608903 -0.36997499316930771
leaf_weight=136 46 96 59 293 187 82 44 118 65 181 387 67 54 114
leaf_count=136 46 96 59 293 187 82 44 118 65 181 387 67 54 114
internal_value=-0.327 -0.311089 -0.349264 -0.360239 -0.314968 -0.312778 -0.340717 -0.310724 -0.314807 -0.334192 -0.310518 -0.346369 -0.301066 -0.352625
internal_weight=1929 1125 804 352 989 893 452 811 570 292 452 111 241 160
internal_count=1929 1125 804 352 989 893 452 811 570 292 452 111 241 160
is_linear=0
shrinkage=1


Tree=1
num_leaves=15
num_cat=0
split_feature=6 7 5 1 4 5 0 2 0 2 4 4 4 5
split_gain=250.786 43.4214 27.9137 20.3551 17.2039 14.5034 11.4902 11.0193 14.4962 9.85515 9.47466 8.78145 8.40015 6.43305
threshold=13.403500000000003 178.33100000000002 18.056500000000003 0.54817103930762578 6.4875000000000016 17.063000000000006 26.456000000000003 -0.95380106782931873 13.764500000000002 0.83399694777620859 9.788000000000002 14.261500000000002 12.307 22.216500000000003
decision_type=2 2 2 2 2 2 2 2 2 2 2 2 2 2
left_child=1 -1 6 11 -3 7 -2 8 -6 -9 -5 -4 -8 -12
right_child=2 4 3 10 5 -7 12 9 -10 -11 13 -13 -14 -15
leaf_value=0.091603748425841347 0.0048137496411800379 -0.017978750690817832 -0.069310000762343407 -0.043301247432827955 -0.017853750474750997 -0.0062225005775690071 -0.042701249197125438 0.033758749216794968 0.022297499552369121 -0.021127500906586646 0.0060412494093179704 -0.037417502775788307 -0.0065675006061792392 -0.01664750024676323
leaf_weight=136 124 96 189 41 66 82 57 596 109 40 65 195 85 48
leaf_count=136 124 96 189 41 66 82 57 596 109 40 65 195 85 48
internal_value=0.000181441 0.0154222 -0.0211443 -0.0276952 0.0117796 0.0139418 -0.00789474 0.0159679 0.00485714 0.0190252 -0.0123377 -0.0338542 -0.0176056 -0.00486726
internal_weight=1929 1125 804 538 989 893 266 811 175 636 154 384 142 113
internal_count=1929 1125 804 538 989 893 266 811 175 636 154 384 142 113
is_linear=0
shrinkage=0.05


Tree=2
num_leaves=15
num_cat=0
split_feature=6 7 1 5 4 4 5 0 1 4 4 3 2 6
split_gain=235.662 39.7012 28.9735 22.1621 13.7168 12.8444 12.703 11.4033 16.3696 8.0301 7.46812 7.09425 7.07019 6.84354
threshold=13.403500000000003 285.41700000000009 0.76109721063455271 16.972500000000004 6.8305000000000016 12.155500000000002 17.063000000000006 13.764500000000002 -0.32533907195844741 14.555500000000002 12.155500000000002 17.171000000000003 0.80444483470750872 13.811500000000001
decision_type=2 2 2 2 2 2 2 2 2 2 2 2 2 2
left_child=1 -1 3 10 -3 -5 7 8 -6 -4 -2 -11 -9 -7
right_child=2 4 9 5 6 13 -8 12 -10 11 -12 -13 -14 -15
leaf_value=0.081598560813814405 -0.021641936726868153 -0.016329813871532678 -0.017319219989702105 -0.066394502583891166 0.03955643736943603 -0.0075391249321401128 -0.0059113755486905565 0.02950956150144339 -0.015526376253925262 0.01708043712377548 0.019054312169551849 -0.018908187277615073 -0.013057375710457564 -0.036614124622195959
leaf_weight=200 45 102 130 169 42 41 82 575 82 59 59 41 42 260
leaf_count=200 45 102 130 169 42 41 82 575 82 59 59 41 42 260
internal_value=2.59202e-05 0.0148 -0.0206468 -0.0266551 0.0104324 -0.0312766 0.0125759 0.0146424 0.000806452 -0.00565217 -0.00576923 0.005 0.017423 -0.0250831
internal_weight=1929 1125 804 574 925 470 823 741 124 230 104 100 617 301
internal_count=1929 1125 804 574 925 470 823 741 124 230 104 100 617 301
is_linear=0
shrinkage=0.05


Tree=3
num_leaves=15
num_cat=0
split_feature=6 7 1 5 4 4 5 0 5 2 4 4 3 2
split_gain=224.916 37.4935 25.9354 20.7079 13.2154 12.6118 12.9278 12.6593 13.3989 10.6707 7.46812 7.20054 7.00892 6.25846
threshold=13.403500000000003 178.33100000000002 0.76109721063455271 16.972500000000004 12.050000000000002 6.4875000000000016 17.063000000000006 14.772 8.5645000000000007 -0.79877937288636469 12.155500000000002 14.555500000000002 5.0900000000000007 0.74475763103476778
decision_type=2 2 2 2 2 2 2 2 2 2 2 2 2 2
left_child=1 -1 3 10 -5 -3 7 9 -9 12 -2 -4 -7 -10
right_child=2 5 11 4 -6 6 -8 8 13 -11 -12 -13 -14 -15
leaf_value=0.082943632963858538 -0.020559839890524748 -0.016263322462700309 -0.016453258990217001 -0.063074777454696598 -0.033962169874645773 0.018670615228265526 -0.0056158067712560296 0.060984083891287448 0.027179084301367402 0.038730413040053098 0.018101596561074258 0.0045111936261877398 -0.015452127531473526 -0.0166559168394655
leaf_weight=136 45 96 130 168 302 76 82 129 401 44 59 100 118 43
leaf_count=136 45 96 130 168 302 76 82 129 401 44 59 100 118 43
internal_value=-7.77605e-05 0.0143556 -0.0202736 -0.0259582 -0.0304255 0.0109707 0.0128219 0.0147349 0.0187609 0.00504202 -0.00576923 -0.00608696 0 0.0146396
internal_weight=1929 1125 804 574 470 989 893 811 573 238 104 230 194 444
internal_count=1929 1125 804 574 470 989 893 811 573 238 104 230 194 444
is_linear=0
shrinkage=0.05


Tree=4
num_leaves=15
num_cat=0
split_feature=6 7 1 4 5 4 5 2 2 0 5 5 4 5
split_gain=212.847 34.4326 24.1483 19.3716 15.527 12.1714 12.4728 12.671 10.7148 9.62874 14.3426 7.70305 7.20054 6.27559
threshold=13.403500000000003 178.33100000000002 0.76109721063455271 12.050000000000002 16.972500000000004 6.4875000000000016 17.063000000000006 -0.79877937288636469 0.83399694777620859 14.740500000000003 8.5645000000000007 6.8685000000000009 14.555500000000002 17.114500000000003
decision_type=2 2 2 2 2 2 2 2 2 2 2 2 2 2
left_child=1 -1 3 13 -5 -3 7 9 -9 11 -11 -7 -4 -2
right_child=2 5 12 4 -6 6 -8 8 -10 10 -12 -13 -14 -15
leaf_value=0.078796451315665622 -0.018350598873514683 -0.015450156339565294 -0.015630596040706154 0.013969641796648502 -0.032264061380913485 -0.047431358562860404 -0.0053350164326932299 0.036272628730889413 -0.020096710850503297 0.059284880197402093 0.0075638797830604029 0.0079526705161249277 0.0042856339448783531 -0.059921038581961766
leaf_weight=136 44 96 130 60 302 40 82 426 40 47 110 148 100 168
leaf_count=136 44 96 130 60 302 40 82 426 40 47 110 148 100 168
internal_value=-0.000129601 0.0139111 -0.0197761 -0.0252613 -0.018232 0.0106673 0.012486 0.014365 0.0197425 0.00710145 0.016242 -0.000531915 -0.00608696 -0.0372642
internal_weight=1929 1125 804 574 362 989 893 811 466 345 157 188 230 212
internal_count=1929 1125 804 574 362 989 893 811 466 345 157 188 230 212
is_linear=0
shrinkage=0.05


Tree=5
num_leaves=15
num_cat=0
split_feature=6 7 5 1 5 2 4 4 0 5 0 5 3 4
split_gain=198.499 31.7508 22.9404 17.0463 12.0071 15.6809 11.5086 10.678 9.98897 9.22353 9.18255 8.23943 6.9887 6.46674
threshold=13.403500000000003 178.33100000000002 18.056500000000003 0.54817103930762578 14.331500000000002 -0.79877937288636469 12.367500000000001 6.9440000000000008 26.456000000000003 22.748000000000001 14.740500000000003 8.5645000000000007 5.0900000000000007 9.788000000000002
decision_type=2 2 2 2 2 2 2 2 2 2 2 2 2 2
left_child=1 -1 8 6 5 7 -4 -3 -2 -8 12 -12 -9 -5
right_child=2 4 3 13 -6 -7 9 10 -10 -11 11 -13 -14 -15
leaf_value=0.074856628749882345 0.0048340481393571236 -0.02442757402995252 -0.058395609892738523 -0.038666031310155294 -0.0017932660521329385 0.033063873425164259 -0.038879609509325119 0.017352919562344676 -0.019639796265906541 -0.028496483518695926 0.056320636187531983 0.010071935874680991 -0.01465977268229844 -0.006653106818860866
leaf_weight=136 124 48 146 41 172 436 98 71 142 140 47 102 113 113
leaf_count=136 124 48 146 41 172 436 98 71 142 140 47 102 113 113
internal_value=-0.000181441 0.0133778 -0.0191542 -0.0250929 0.0102629 0.0127907 -0.0307292 0.00538058 -0.00714286 -0.0239496 0.00855856 0.0177852 0.00108696 -0.011039
internal_weight=1929 1125 804 538 989 817 384 381 266 238 333 149 184 154
internal_count=1929 1125 804 538 989 817 384 381 266 238 333 149 184 154
is_linear=0
shrinkage=0.05


Tree=6
num_leaves=15
num_cat=0
split_feature=6 7 4 5 4 7 1 2 5 0 0 6 5 0
split_gain=184.652 23.8472 22.502 15.2221 12.8913 12.6062 9.36453 9.28658 14.5502 8.20661 9.59064 6.73917 5.84572 7.32601
threshold=13.403500000000003 285.41700000000009 11.987500000000002 14.604000000000001 12.651000000000002 813.87050000000011 0.54817103930762578 -0.60505606964884906 14.834000000000001 27.630500000000001 13.078000000000001 14.307500000000003 8.5645000000000007 16.297000000000004
decision_type=2 2 2 2 2 2 2 2 2 2 2 2 2 2
left_child=1 -1 5 -4 7 -2 -5 -3 -9 10 -6 -8 13 -12
right_child=2 4 3 6 9 -7 11 8 -10 -11 12 -13 -14 -15
leaf_value=0.067043825071868013 -0.0095202327487216229 -0.008831100406344666 0.020740209422231787 -0.029180001774246785 -0.0025460404852644309 -0.05010520570523145 -0.010530254054004831 0.027808304484969893 -0.010813719554580771 -0.022873640611513202 0.025270360250695564 0.0065984321273850682 0.026805804129726208 0.053791135619766034
leaf_weight=200 65 204 54 294 68 232 92 123 46 40 60 67 332 52
leaf_count=200 65 204 54 294 68 232 92 123 46 40 60 67 332 52
internal_value=-0.000233281 0.0128444 -0.0185323 -0.0121302 0.00945946 -0.0294613 -0.0151214 0.00227882 0.0109467 0.0143116 0.0160156 -0.00534591 0.0186937 0.0285714
internal_weight=1929 1125 804 507 925 297 453 373 169 552 512 159 444 112
internal_count=1929 1125 804 507 925 297 453 373 169 552 512 159 444 112
is_linear=0
shrinkage=0.05


Tree=7
num_leaves=15
num_cat=0
split_feature=6 7 5 7 4 0 0 1 2 4 0 3 1 4
split_gain=159.042 20.5824 19.7651 15.7234 11.2652 10.154 10.2414 15.254 9.0547 9.55316 8.11877 7.80276 7.72219 7.5257
threshold=13.403500000000003 285.41700000000009 18.056500000000003 973.0680000000001 6.8305000000000016 27.630500000000001 13.764500000000002 -0.32533907195844741 -0.88835394722870831 16.083000000000002 25.137000000000004 82.57350000000001 -0.69016699705532203 15.992000000000003
decision_type=2 2 2 2 2 2 2 2 2 2 2 2 2 2
left_child=1 8 10 11 -3 6 7 -6 -1 -10 -2 -4 -5 -14
right_child=2 4 3 12 5 -7 -8 -9 9 -11 -12 -13 13 -15
leaf_value=0.02318660624952968 0.0086202985191747659 -0.013531007021511755 -0.0077762543787536307 -0.051499945872965185 0.035336965986841551 -0.025044779543854246 0.022088805792447059 -0.013357667434056419 0.12392178154177268 0.034236607036310991 -0.018374771459442409 -0.037961627797161071 -0.045324946397486056 -0.027597878680501911
leaf_weight=57 106 102 181 73 42 55 642 84 84 59 160 61 140 83
leaf_count=57 106 102 181 73 42 55 642 84 84 59 160 61 140 83
internal_value=-0.000181441 0.0119556 -0.0171642 -0.0226766 0.00881081 0.0107533 0.0122396 -0.000793651 0.0265 0.0332168 -0.00601504 -0.0132231 -0.0304054 -0.0257848
internal_weight=1929 1125 804 538 925 823 768 126 200 143 266 242 296 223
internal_count=1929 1125 804 538 925 823 768 126 200 143 266 242 296 223
is_linear=0
shrinkage=0.05


Tree=8
num_leaves=15
num_cat=0
split_feature=6 7 5 1 2 4 4 0 4 2 2 0 0 7
split_gain=143.153 18.189 18.05 14.8554 11.6644 10.8236 9.80073 8.34664 8.27247 8.26689 9.61094 10.0915 6.46438 5.98102
threshold=13.403500000000003 364.67300000000006 18.056500000000003 0.54817103930762578 -0.87204617232061787 14.011000000000001 6.4875000000000016 26.689000000000004 16.083000000000002 0.88637546977843906 -0.79877937288636469 20.129000000000001 12.921500000000002 519.16650000000016
decision_type=2 2 2 2 2 2 2 2 2 2 2 2 2 2
left_child=1 4 7 5 -1 -4 -3 -2 -6 10 12 -12 -8 -14
right_child=2 6 3 -5 8 -7 9 -9 -10 -11 11 -13 13 -15
leaf_value=0.019336836039061511 0.0024880600564488459 -0.014079457290324471 -0.048924948579316924 -0.0096137011226295303 0.1164230026543458 -0.025353706309623913 -0.012538369949441283 -0.017555748365374834 0.031734679990669035 -0.02321286619939076 0.027102532418293235 0.02021344906646648 0.017718402772333535 -9.7751225353381876e-05
leaf_weight=89 129 86 186 154 95 198 59 137 72 40 228 223 109 124
leaf_count=89 129 86 186 154 95 198 59 137 72 40 228 223 109 124
internal_value=-0.000181441 0.0113333 -0.0162935 -0.0215613 0.0230469 -0.0268229 0.00788262 -0.0056391 0.0308383 0.0096424 0.0108345 0.0154102 0.00376712 0.00751073
internal_weight=1929 1125 804 538 256 384 869 266 167 783 743 451 292 233
internal_count=1929 1125 804 538 256 384 869 266 167 783 743 451 292 233
is_linear=0
shrinkage=0.05


Tree=9
num_leaves=15
num_cat=0
split_feature=6 4 7 5 7 2 4 8 2 2 3 0 4 4
split_gain=127.682 17.8038 17.2348 13.4207 11.762 10.4511 8.02175 7.91844 7.82197 8.04153 7.48655 7.08822 6.795 6.66463
threshold=13.427000000000001 11.987500000000002 364.67300000000006 14.604000000000001 813.87050000000011 -0.87204617232061787 6.4875000000000016 -2.5179999999999993 0.89420283937402645 -0.79877937288636469 19.977 20.129000000000001 16.083000000000002 14.876500000000002
decision_type=2 2 2 2 2 2 2 2 2 2 2 2 2 2
left_child=2 4 5 -3 -2 -1 -4 10 9 -8 -5 13 -7 -11
right_child=1 3 6 7 -6 12 8 -9 -10 11 -12 -13 -14 -15
leaf_value=0.018369994237108434 -0.0088025573859738266 0.020351403441446723 -0.01337548442580825 -0.016211204403340101 -0.045528698480062996 0.11060185252162852 0.0065226408929024279 -0.011726018335702382 -0.02205222288942122 0.015435847485928567 -0.045000097554605406 0.019302838901487058 0.030147945991135586 0.03436393151013082
leaf_weight=89 64 51 86 77 226 95 292 326 42 130 46 232 72 101
leaf_count=89 64 51 86 77 226 95 292 326 42 130 46 232 72 101
internal_value=0.000129601 -0.0153165 0.0108428 -0.0096 -0.0251724 0.0222656 0.00753114 -0.0123608 0.00909661 0.0102649 -0.0231707 0.0143629 0.0296407 0.0205628
internal_weight=1929 790 1139 500 290 256 883 449 797 755 123 463 167 231
internal_count=1929 790 1139 500 290 256 883 449 797 755 123 463 167 231
is_linear=0
shrinkage=0.05


Tree=10
num_leaves=15
num_cat=0
split_feature=6 7 7 6 0 4 1 3 0 5 1 1 4 4
split_gain=120.38 17.2012 16.8828 19.4663 10.8118 10.26 9.80836 9.58842 9.55747 11.0477 9.11021 8.41857 8.10792 8.02139
threshold=13.403500000000003 178.33100000000002 973.0680000000001 14.074500000000002 29.450000000000003 6.4875000000000016 -0.6118807350392268 77.495500000000007 13.764500000000002 10.547000000000002 0.60434081882701174 -0.69016699705532203 14.364000000000003 9.272000000000002
decision_type=2 2 2 2 2 2 2 2 2 2 2 2 2 2
left_child=1 -1 7 4 -4 -3 -7 12 -8 -10 -11 -5 -2 -13
right_child=2 5 3 11 -6 6 8 -9 9 10 -12 13 -14 -15
leaf_value=0.059765604418443523 -0.012037759507903957 -0.012706710204517836 0.0074374949796729073 -0.043652264366683013 -0.050371563003245717 0.027810727913375379 -0.0058078241390854537 -0.027467882804516088 0.029957546602472941 -0.0057766509082663861 0.017487635383324537 -0.053913491449231347 0.0046741813395735519 -0.027620208821908611
leaf_weight=136 186 96 52 67 46 228 126 111 254 120 165 55 155 132
leaf_count=136 186 96 52 67 46 228 126 111 254 120 165 55 155 132
internal_value=-2.59202e-05 0.0105333 -0.014801 -0.0230114 -0.00408163 0.00824065 0.00991041 -0.00840708 0.00684211 0.00974026 0.00298246 -0.030315 -0.0042522 -0.0248663
internal_weight=1929 1125 804 352 98 989 893 452 665 539 285 254 341 187
internal_count=1929 1125 804 352 98 989 893 452 665 539 285 254 341 187
is_linear=0
shrinkage=0.05


Tree=11
num_leaves=15
num_cat=0
split_feature=5 7 6 2 5 4 4 2 8 2 1 4 2 3
split_gain=115.566 22.7774 16.5218 14.0329 13.3698 9.9052 9.14204 8.44489 11.3466 8.38201 7.33807 7.80102 7.20719 6.40398
threshold=14.331500000000002 973.0680000000001 14.074500000000002 -0.59573786270597295 8.5645000000000007 6.9440000000000008 11.987500000000002 -0.19851654827941614 -2.3104999999999998 0.88234143329564307 -0.69016699705532203 9.272000000000002 -0.46997674302732012 5.4370000000000012
decision_type=2 2 2 2 2 2 2 2 2 2 2 2 2 2
left_child=3 6 9 5 -5 -1 -2 -8 -9 -3 -4 -12 -6 -10
right_child=1 2 10 4 12 -7 7 8 13 -11 11 -13 -14 -15
leaf_value=-0.01333008197287334 -0.0223494910823995 0.0075583303833940407 -0.041469651148348857 0.058321679356736517 0.023976570877973249 0.012716392152371256 0.010546177451881741 -0.021044902151155644 -0.0057437649068145923 -0.021240453566807611 -0.051866578918429045 -0.026239198380813178 0.017313253542632738 0.015214450226810542
leaf_weight=82 191 45 67 134 56 507 82 106 69 63 54 132 247 94
leaf_count=82 191 45 67 134 56 507 82 106 69 63 54 132 247 94
internal_value=-7.77605e-05 -0.0131229 -0.0228532 0.0114035 0.0181922 0.00636672 -0.00664207 -0.00185185 -0.00613383 -0.00648148 -0.0298419 -0.0247312 0.0123762 0.00214724
internal_weight=1929 903 361 1026 437 589 542 351 269 108 253 186 303 163
internal_count=1929 903 361 1026 437 589 542 351 269 108 253 186 303 163
is_linear=0
shrinkage=0.05


Tree=12
num_leaves=15
num_cat=0
split_feature=5 7 6 2 6 2 4 4 1 6 7 3 6 3
split_gain=104.331 19.7702 14.3611 11.6874 11.7516 8.38201 8.08692 8.08216 7.41059 6.56518 6.66094 6.73222 6.49042 9.44454
threshold=14.331500000000002 973.0680000000001 14.074500000000002 -0.59573786270597295 11.865 0.88234143329564307 11.987500000000002 6.9440000000000008 -0.7146667679788683 10.303000000000003 496.61250000000001 24.096500000000002 12.919500000000001 82.371500000000012
decision_type=2 2 2 2 2 2 2 2 2 2 2 2 2 2
left_child=3 6 5 7 -5 -3 -2 -1 -4 -9 -11 -12 -8 -14
right_child=1 2 8 4 -6 -7 12 9 -10 10 11 -13 13 -15
leaf_value=-0.01266357787422967 -0.021232016528279524 0.0071804138642243389 -0.039946170450596334 0.055405595388899692 0.015747590937026674 -0.020178430888467231 0.030449594068846376 0.031918425076914801 -0.030510338586908908 0.016712337198500724 0.0078509680610577264 -0.021750553120703221 0.00058890377475382403 -0.025042243556732503
leaf_weight=82 191 45 61 186 251 63 55 212 192 65 168 62 219 77
leaf_count=82 191 45 61 186 251 63 55 212 192 65 168 62 219 77
internal_value=-0.000285122 -0.01268 -0.0217452 0.0106238 0.0168192 -0.00648148 -0.00664207 0.00602716 -0.0282609 0.00838264 0.00355932 -0.000434783 -0.00213675 -0.00506757
internal_weight=1929 903 361 1026 437 108 542 589 253 507 295 230 351 296
internal_count=1929 903 361 1026 437 108 542 589 253 507 295 230 351 296
is_linear=0
shrinkage=0.05


Tree=13
num_leaves=15
num_cat=0
split_feature=5 4 5 2 6 1 7 6 0 6 2 7 3 2
split_gain=98.4958 18.8431 12.803 12.6822 12.3842 10.5149 8.8947 8.69249 6.72043 6.48398 5.56604 5.4871 8.05218 5.04813
threshold=15.649000000000003 11.987500000000002 10.547000000000002 -0.79877937288636469 14.097000000000003 0.7980110542611677 1006.9200000000002 10.627500000000001 14.772 14.802500000000002 -0.19851654827941614 155.62350000000004 74.569000000000017 -0.90361171343873392
decision_type=2 2 2 2 2 2 2 2 2 2 2 2 2 2
left_child=2 6 3 7 10 9 -2 8 11 -6 -3 -1 -13 -4
right_child=1 4 13 -5 5 -7 -8 -9 -10 -11 -12 12 -14 -15
leaf_value=0.048653535150645043 -0.032536158588261303 0.013985811438470764 -0.012205398217578734 0.039313690893307121 -0.025048891098838157 0.0051133930022276008 -0.037697675979207014 -0.0051546281050748426 0.040105741252579166 -0.0032741988507546285 -0.0046353267066232776 0.014221067871840347 -0.023752040966074892 0.0076871053161673142
leaf_weight=40 178 42 65 298 183 53 98 141 62 50 187 41 43 448
leaf_count=40 178 42 65 298 183 53 98 141 62 50 187 41 43 448
internal_value=-0.000544323 -0.0140961 0.00887522 0.01368 -0.0084466 -0.0153846 -0.0246377 0.00688073 0.0139785 -0.0199571 0.000218341 0.00725806 0 0.00302144
internal_weight=1929 791 1138 625 515 286 276 327 186 233 229 124 84 513
internal_count=1929 791 1138 625 515 286 276 327 186 233 229 124 84 513
is_linear=0
shrinkage=0.05


Tree=14
num_leaves=15
num_cat=0
split_feature=6 7 3 7 6 4 6 2 2 5 4 0 4 0
split_gain=89.2546 15.2126 12.4205 11.702 10.8017 9.01789 9.37396 8.58265 7.91155 9.75726 7.90232 7.5433 6.56526 6.99124
threshold=13.387000000000002 973.0680000000001 77.495500000000007 178.33100000000002 14.041500000000001 12.367500000000001 10.491000000000001 0.92284787786233202 -0.57729161655172734 14.834000000000001 15.320000000000002 13.162500000000001 9.272000000000002 28.638000000000002
decision_type=2 2 2 2 2 2 2 2 2 2 2 2 2 2
left_child=3 2 10 -1 7 8 -7 -3 -5 -10 -2 -8 -6 -14
right_child=1 4 -4 5 12 6 11 -9 9 -11 -12 -13 13 -15
leaf_value=0.050669631074789348 -0.0092005000747449918 0.0070531595063442866 -0.024733230149925439 -0.0053100669373998075 -0.047461613956149132 0.036093082255887851 -0.012365290389452582 -0.020365404059863642 0.024998695037442092 -0.01003178241299162 0.0047795708482092749 0.019625672330896224 -0.031407264282899028 -0.019508473890806323
leaf_weight=136 206 43 114 224 71 149 57 50 111 41 140 398 60 129
leaf_count=136 206 43 114 224 71 149 57 50 111 41 140 398 60 129
internal_value=-0.000129601 -0.0127306 -0.00673913 0.00905018 -0.0205382 0.00714286 0.0109272 -0.00591398 0.00106383 0.00986842 -0.00202312 0.00736264 -0.0257692 -0.0208995
internal_weight=1929 813 460 1116 353 980 604 93 376 152 346 455 260 189
internal_count=1929 813 460 1116 353 980 604 93 376 152 346 455 260 189
is_linear=0
shrinkage=0.05


Tree=15
num_leaves=15
num_cat=0
split_feature=5 8 4 7 1 2 2 2 4 4 0 6 6 5
split_gain=83.5877 14.3015 14.2173 13.0727 11.2679 8.74935 8.37968 7.29795 6.99208 5.76084 5.44042 9.87496 5.11184 4.98287
threshold=16.972500000000004 -1.2549999999999997 9.788000000000002 364.67300000000006 0.54817103930762578 0.89420283937402645 -0.86350450715563698 0.0064435096891653281 6.4340000000000011 19.119500000000002 15.265500000000001 13.358000000000002 14.365000000000002 21.213500000000003
decision_type=2 2 2 2 2 2 2 2 2 2 2 2 2 2
left_child=1 3 12 -1 7 8 -3 -4 -5 -8 -10 -12 -2 -6
right_child=2 6 4 5 13 -7 9 -9 10 -11 11 -13 -14 -15
leaf_value=0.048187281492959075 -0.0095301932923420388 0.0066616550655030637 0.0010504764581006603 -0.013448824178203004 0.0071328124694630488 -0.019767236399368684 0.03452374902254033 -0.02145808069040081 -0.0017893773214406766 0.020045157282998279 0.018850822131962194 -0.001791449945544263 -0.046914379292595995 -0.014597201001954416
leaf_weight=111 55 113 54 79 105 48 147 316 152 94 342 157 97 59
leaf_count=111 55 113 54 79 105 48 147 316 152 94 342 157 97 59
internal_value=-0.000129601 0.00760257 -0.0141399 0.00421822 -0.0102996 0.00192802 0.0161017 -0.0151351 0.00328767 0.0213693 0.00499232 0.00751503 -0.0276316 0.000609756
internal_weight=1929 1243 686 889 534 778 354 370 730 241 651 499 152 164
internal_count=1929 1243 686 889 534 778 354 370 730 241 651 499 152 164
is_linear=0
shrinkage=0.05


Tree=16
num_leaves=15
num_cat=0
split_feature=5 4 8 5 1 2 8 0 6 4 7 7 4 1
split_gain=75.7045 14.3672 12.6203 11.5839 9.77368 7.94289 7.1469 9.45829 6.62244 6.44674 8.7927 11.8494 6.35977 6.19802
threshold=16.972500000000004 9.788000000000002 -1.2689999999999999 12.488000000000001 0.54817103930762578 -0.86350450715563698 -1.599 15.874500000000001 13.466500000000002 12.454000000000002 790.77500000000009 673.93900000000008 19.119500000000002 -0.3970220911538665
decision_type=2 2 2 2 2 2 2 2 2 2 2 2 2 2
left_child=2 -2 3 6 8 -4 -1 -8 -3 10 11 -5 -7 -11
right_child=1 4 5 9 -6 12 7 -9 -10 13 -12 -13 -14 -15
leaf_value=0.018234884870899512 -0.036744244706699326 0.0011883254606227932 0.0061585815050963916 -0.013089517586272678 0.00025535280733195723 0.033289277454269239 -0.0082117507534814407 0.028388841260431143 -0.019754508818785762 0.026604784755730127 -0.029512390396658286 0.0173642681971506 0.019516189536862238 -0.0023528055236100472
leaf_weight=384 152 56 116 59 164 153 86 75 314 48 61 44 95 122
leaf_count=384 152 56 116 59 164 153 86 75 314 48 61 44 95 122
internal_value=-7.77605e-05 -0.0134111 0.00728077 0.00403868 -0.00955056 0.0151099 0.00853211 -0.000310559 -0.0140541 -0.00329341 -0.0103659 -0.00145631 0.0201613 0.00352941
internal_weight=1929 686 1243 879 534 364 545 161 370 334 164 103 248 170
internal_count=1929 686 1243 879 534 364 545 161 370 334 164 103 248 170
is_linear=0
shrinkage=0.05


Tree=17
num_leaves=15
num_cat=0
split_feature=5 4 8 7 2 2 1 2 2 4 6 4 8 3
split_gain=68.1066 12.8568 12.406 11.5352 10.0937 8.4094 7.98557 7.62735 7.6241 7.19865 6.45933 6.42406 6.0031 6.83351
threshold=16.972500000000004 9.788000000000002 -1.2689999999999999 364.67300000000006 0.96001231037146451 -0.86350450715563698 -0.57659668305444411 0.0064435096891653281 0.89420283937402645 19.119500000000002 14.968500000000002 6.4340000000000011 -1.3689999999999998 59.282000000000004
decision_type=2 2 2 2 2 2 2 2 2 2 2 2 2 2
left_child=2 10 3 -1 6 -4 7 -3 11 -7 -2 -5 13 -8
right_child=1 4 5 8 -6 9 12 -9 -10 -11 -12 -13 -14 -15
leaf_value=0.044866173174766148 -0.021377022272293961 0.0015918675121517276 0.0058506524298415716 -0.012899134909605642 -0.030108071084249816 0.031624813581555777 0.0076788904625485184 -0.018786512107712424 -0.017694691967080511 0.018540380060019124 -0.055593860153861953 0.0055654555893685743 -0.020708324567884569 -0.027833039517510028
leaf_weight=109 106 54 116 79 90 153 168 132 47 95 46 644 43 47
leaf_count=109 106 54 116 79 90 153 168 132 47 95 46 644 43 47
internal_value=-0.000181441 -0.012828 0.00679807 0.00358362 -0.00917603 0.0145604 -0.00608108 -0.0139785 0.00142857 0.0197581 -0.0256579 0.0026971 -0.000387597 0.00302326
internal_weight=1929 686 1243 879 534 364 444 186 770 248 152 723 258 215
internal_count=1929 686 1243 879 534 364 444 186 770 248 152 723 258 215
is_linear=0
shrinkage=0.05


Tree=18
num_leaves=15
num_cat=0
split_feature=6 2 1 0 0 7 4 3 1 4 0 3 5 4
split_gain=63.9416 14.4351 10.6276 12.2601 10.5965 10.149 8.47599 7.92276 7.68 7.5956 6.93241 9.29391 7.86969 10.8013
threshold=13.387000000000002 0.95760036582190977 -0.65189295912203338 22.075500000000002 29.703500000000002 285.41700000000009 5.8775000000000004 82.371500000000012 -0.20455206612620117 15.880000000000001 13.764500000000002 78.020000000000024 10.547000000000002 17.547000000000004
decision_type=2 2 2 2 2 2 2 2 2 2 2 2 2 2
left_child=5 2 3 -2 -5 8 -4 -8 -1 -10 11 -7 13 -12
right_child=1 -3 6 4 -6 10 7 -9 9 -11 12 -13 -14 -15
leaf_value=0.057079167235639106 0.0022351997008601024 -0.034223132836974542 -0.03665618227351012 -0.033610119250353843 -0.010826376095188994 0.0026309591313616251 0.00073369039290309976 -0.024205067318667856 0.04871495256021361 -0.014379207773633244 0.0085567897101215852 -0.020362397631193751 0.0048249801117457901 0.038726664411382297
leaf_weight=80 58 144 40 115 53 103 344 59 78 42 220 40 441 112
leaf_count=80 58 144 40 115 53 103 344 59 78 42 220 40 441 112
internal_value=2.59202e-05 -0.0106396 -0.00754858 -0.0163717 -0.0232143 0.0077957 -0.0030474 -0.000868486 0.018 0.01 0.00556769 -0.00454545 0.00743855 0.013253
internal_weight=1929 813 669 226 168 1116 443 403 200 120 916 143 773 332
internal_count=1929 813 669 226 168 1116 443 403 200 120 916 143 773 332
is_linear=0
shrinkage=0.05


Tree=19
num_leaves=15
num_cat=0
split_feature=5 8 7 4 2 2 0 3 5 5 4 2 0 0
split_gain=58.688 11.4407 11.7083 11.3697 10.5235 8.88922 8.44302 12.0679 9.52405 9.11552 6.67166 6.28651 6.2277 6.84468
threshold=16.972500000000004 -1.2689999999999999 364.67300000000006 7.894000000000001 0.96001231037146451 -0.86350450715563698 28.945000000000004 95.702500000000015 21.521000000000004 19.816500000000001 19.119500000000002 -0.18163955523420786 26.738500000000005 14.475500000000002
decision_type=2 2 2 2 2 2 2 2 2 2 2 2 2 2
left_child=1 2 -1 -2 6 -3 8 -8 9 11 -7 -5 13 -4
right_child=3 5 12 4 -6 10 7 -9 -10 -11 -12 -13 -14 -15
leaf_value=0.040187116888017155 -0.035343097266720226 0.005014271987314513 -0.0061837304527291043 0.0026141851052570034 -0.026905860620112895 0.029078576858843533 0.0049632170779485233 -0.027897762040506969 -0.023945615843423237 0.0088678193364820808 0.016363346368661626 -0.02037045583047474 -0.016363791822345576 0.0077821458187143939
leaf_weight=109 107 116 114 40 99 153 205 42 75 46 95 72 120 536
leaf_count=109 107 116 114 40 99 153 205 42 75 46 95 72 120 536
internal_value=7.77605e-05 0.00655672 0.00346985 -0.0116618 -0.00889465 0.014011 -0.00583333 0.000607287 -0.0126609 -0.0056962 0.0193548 -0.0133929 0.0012987 0.00323077
internal_weight=1929 1243 879 686 579 364 480 247 233 158 248 112 770 650
internal_count=1929 1243 879 686 579 364 480 247 233 158 248 112 770 650
is_linear=0
shrinkage=0.05


Tree=20
num_leaves=15
num_cat=0
split_feature=5 4 7 4 6 1 5 2 3 1 4 6 2 6
split_gain=50.1787 11.7615 11.3035 12.0109 9.64521 8.63974 8.08733 7.65958 7.41782 7.10846 6.87509 6.74101 7.10837 7.09209
threshold=16.972500000000004 9.272000000000002 285.41700000000009 12.367500000000001 14.3725 0.81078196093106825 13.401500000000002 0.96001231037146451 95.294500000000014 -0.20455206612620117 15.880000000000001 10.491000000000001 -0.81202266594587924 11.865
decision_type=2 2 2 2 2 2 2 2 2 2 2 2 2 2
left_child=2 4 9 5 -2 -4 -7 8 -3 -1 -11 -5 -13 -14
right_child=1 7 3 11 -6 6 -8 -9 -10 10 -12 12 13 -15
leaf_value=0.052929105719244973 -0.0054711621587131666 -0.0031832871303569404 -0.0053037360373058926 0.031483195657663873 -0.039932126635325665 0.020604398469698051 -0.0026415762073140536 -0.025124615074314183 -0.022437606138174627 0.04454756258853141 -0.014790282106834874 -0.00443121460947215 0.034955119476368271 0.01176998226100383
leaf_weight=79 56 380 317 111 91 40 58 92 67 78 42 135 63 320
leaf_count=79 56 380 317 111 91 40 58 92 67 78 42 135 63 320
internal_value=-7.77605e-05 -0.0109329 0.00591311 0.00383142 -0.0234694 -0.00277108 0.0102041 -0.00751391 -0.00480984 0.0168342 0.00916667 0.0081876 0.00579151 0.00926893
internal_weight=1929 686 1243 1044 147 415 98 539 447 199 120 629 518 383
internal_count=1929 686 1243 1044 147 415 98 539 447 199 120 629 518 383
is_linear=0
shrinkage=0.05


Tree=21
num_leaves=15
num_cat=0
split_feature=5 4 6 1 0 2 4 6 0 1 1 7 0 6
split_gain=48.3202 15.6725 11.5201 9.01046 9.8981 8.22505 7.20721 6.69162 7.31868 6.5851 6.46567 7.38619 6.40551 9.02256
threshold=13.306500000000002 12.454000000000002 15.057000000000002 0.54817103930762578 22.359000000000005 -0.61626377254255749 6.9440000000000008 8.9230000000000018 13.764500000000002 -0.18771856543719898 0.98902500162601181 752.32550000000015 29.042000000000005 14.257500000000002
decision_type=2 2 2 2 2 2 2 2 2 2 2 2 2 2
left_child=5 2 -2 4 -3 6 -1 -8 -9 -10 11 -7 13 -6
right_child=1 3 -4 -5 12 10 7 8 9 -11 -12 -13 -14 -15
leaf_value=-0.0099103492991638401 -0.013956032795643404 0.0044139826123295259 -0.050250991118365368 0.0034543483990759297 -0.0069460194769143807 0.032119636139613127 0.027390457489059123 -0.0084837124682986039 -0.0042096538789985422 0.014003608327408379 -0.0043946276533187254 0.0071167447747549385 -0.0092105743495436137 -0.029791664006621196
leaf_weight=75 366 74 41 211 76 238 103 110 93 174 40 97 174 57
leaf_count=75 366 74 41 211 76 238 103 110 93 174 40 97 174 57
internal_value=7.77605e-05 -0.00755756 -0.0151106 -0.00236486 -0.00695538 0.00827957 0.00441441 0.00666667 0.0035809 0.00805243 0.014 0.0162687 -0.0109121 -0.0191729
internal_weight=1929 999 407 592 381 930 555 480 377 267 375 335 307 133
internal_count=1929 999 407 592 381 930 555 480 377 267 375 335 307 133
is_linear=0
shrinkage=0.05


Tree=22
num_leaves=15
num_cat=0
split_feature=6 2 4 1 0 7 0 5 4 3 4 1 4 8
split_gain=45.0937 11.5694 9.66417 12.3977 14.1529 9.15173 7.8739 7.66649 7.10469 7.4393 6.84699 6.45333 6.87509 6.29498
threshold=13.387000000000002 0.95760036582190977 24.934500000000003 -0.67760851415498091 22.075500000000002 285.41700000000009 15.195000000000002 14.043500000000002 12.651000000000002 5.0010000000000003 5.8775000000000004 -0.20455206612620117 15.880000000000001 -1.5489999999999997
decision_type=2 2 2 2 2 2 2 2 2 2 2 2 2 2
left_child=5 2 3 4 -2 11 8 -8 13 -10 -5 -1 -13 -7
right_child=1 -3 -4 10 -6 6 7 -9 9 -11 -12 12 -14 -15
leaf_value=0.049804961262002748 0.0021060631869996294 -0.029903482393517401 0.010287549633803184 -0.028547062408814064 -0.029902166903407093 -0.001305533721786921 0.017503398722527003 -0.00093292854570350937 0.012179381410161047 -0.0039053117689058256 -0.0011020031417001391 0.04083243211838803 -0.015420290875946086 -0.021435498947815792
leaf_weight=80 54 144 47 40 140 59 463 176 71 106 388 78 42 41
leaf_count=80 54 144 47 40 140 59 463 176 71 106 388 78 42 41
internal_value=0.000285122 -0.00867159 -0.00590433 -0.00755627 -0.0180412 0.00681004 0.00469432 0.00774648 -0.00234657 0.00367232 -0.00280374 0.0165 0.00916667 -0.013
internal_weight=1929 813 669 622 194 1116 916 639 277 177 428 200 120 100
internal_count=1929 813 669 622 194 1116 916 639 277 177 428 200 120 100
is_linear=0
shrinkage=0.05


Tree=23
num_leaves=15
num_cat=0
split_feature=6 7 4 8 4 2 1 3 0 0 4 2 1 6
split_gain=40.7704 8.72025 8.93352 8.56396 7.64043 7.70253 11.1827 9.31225 7.24439 7.41936 6.77729 7.10145 6.53595 6.48959
threshold=13.387000000000002 285.41700000000009 8.4820000000000011 -1.2384999999999999 6.9440000000000008 0.94713111268739625 -0.65189295912203338 0.03500000000000001 29.703500000000002 22.075500000000002 15.831500000000002 -0.75331262247159991 -0.31676515716386833 13.690000000000003
decision_type=2 2 2 2 2 2 2 2 2 2 2 2 2 2
left_child=1 10 -3 4 -2 6 8 -7 9 -6 11 -1 -12 -8
right_child=3 2 -4 -5 5 7 13 -9 -10 -11 12 -13 -14 -15
leaf_value=0.01171483330499775 -0.032043291532997648 -0.0052123455234545204 0.0085119214915819336 0.010221745094828245 -0.0035451845097941668 -0.0009650107886890136 -0.0058996984842703054 -0.030463739065955682 0.0024000602549831582 -0.027803364268590147 0.019668384789550655 0.086742995534920653 -0.014368535574933667 0.001421687605211064
leaf_weight=46 87 164 752 60 45 42 62 81 48 103 40 69 45 285
leaf_count=46 87 164 752 60 45 42 62 81 48 103 40 69 45 285
internal_value=0.000336962 0.00654122 0.00447598 -0.00817958 -0.00962815 -0.00780781 -0.00524862 -0.0191057 -0.0147959 -0.0202703 0.016 0.023913 0.00529412 0.000144092
internal_weight=1929 1116 916 813 753 666 543 123 196 148 200 115 85 347
internal_count=1929 1116 916 813 753 666 543 123 196 148 200 115 85 347
is_linear=0
shrinkage=0.05


Tree=24
num_leaves=15
num_cat=0
split_feature=5 4 1 0 7 4 1 4 6 7 2 6 6 4
split_gain=35.8001 14.8253 7.41423 6.82865 6.31452 9.74591 7.77706 6.95388 6.46227 10.1767 5.97062 5.52061 5.07941 4.97607
threshold=15.649000000000003 6.7575000000000012 0.79018178354239854 22.359000000000005 285.41700000000009 12.367500000000001 0.78297285307474518 15.831500000000002 10.491000000000001 790.77500000000009 -0.75331262247159991 14.356000000000002 9.3840000000000021 18.043000000000003
decision_type=2 2 2 2 2 2 2 2 2 2 2 2 2 2
left_child=4 -2 3 -3 7 6 -6 10 12 -10 -1 -4 -7 -11
right_child=1 2 11 -5 5 8 -8 -9 9 13 -12 -13 -14 -15
leaf_value=0.011129091639747863 -0.037979353377880359 0.0035244749401435018 -0.0031426560396447117 -0.014536176470591489 -0.0046115972116588071 0.0073177431892215046 0.0086882467746925394 0.0027824882590876737 0.0055677209213925846 0.013793849751549831 0.082405845758174626 0.0141942369381385 0.030758288925195078 0.025729456281247717
leaf_weight=46 84 69 139 459 292 50 86 84 369 42 67 40 59 43
leaf_count=46 84 69 139 459 292 50 86 84 369 42 67 40 59 43
internal_value=0.000648004 -0.00752212 -0.00516266 -0.00814394 0.00632689 0.00462274 -0.0015873 0.014467 0.00879218 0.0061674 0.0225664 0.00363128 0.0197248 0.0217647
internal_weight=1929 791 707 528 1138 941 378 197 563 454 113 179 109 85
internal_count=1929 791 707 528 1138 941 378 197 563 454 113 179 109 85
is_linear=0
shrinkage=0.05


Tree=25
num_leaves=15
num_cat=0
split_feature=6 2 4 1 0 4 7 0 5 3 3 4 3 2
split_gain=32.1694 8.4436 8.63585 8.56454 10.1762 7.24918 7.03607 8.27286 7.82995 7.17981 6.47283 6.37386 6.31313 5.57101
threshold=13.387000000000002 0.95760036582190977 24.934500000000003 -0.65189295912203338 22.075500000000002 5.8775000000000004 285.41700000000009 15.195000000000002 8.5645000000000007 45.218000000000011 82.371500000000012 15.831500000000002 0.03500000000000001 -0.75331262247159991
decision_type=2 2 2 2 2 2 2 2 2 2 2 2 2 2
left_child=6 2 3 4 -2 -5 11 9 -9 -8 -7 13 -3 -1
right_child=1 12 -4 5 -6 10 7 8 -10 -11 -12 -13 -14 -15
leaf_value=0.010572637057760468 0.0020017955061321759 -0.011953153262440775 0.0098592205738347073 -0.023618577042829471 -0.025686387231631067 0.001491382973605071 0.001885222227958439 0.023057361830956819 0.0073909276354395259 -0.016149740779103961 -0.01968478579475675 0.0028332962520633675 -0.032379497627645658 0.07828555347026589
leaf_weight=46 54 44 47 40 145 325 182 103 536 95 58 85 100 69
leaf_count=46 54 44 47 40 145 325 182 103 536 95 58 85 100 69
internal_value=0.000492483 -0.00707257 -0.00470852 -0.0062701 -0.0148241 -0.00224586 0.00600358 0.00414847 0.007277 -0.00306859 -0.000130548 0.0145 -0.0180556 0.0221739
internal_weight=1929 813 669 622 199 423 1116 916 639 277 383 200 144 115
internal_count=1929 813 669 622 199 423 1116 916 639 277 383 200 144 115
is_linear=0
shrinkage=0.05


Tree=26
num_leaves=15
num_cat=0
split_feature=5 4 2 2 6 2 6 5 5 0 5 8 8 0
split_gain=30.5763 12.0732 9.10876 9.65313 8.11285 6.64827 8 5.31693 4.57235 10.2363 5.26757 6.30081 8.75951 5.16358
threshold=13.747000000000002 7.29 0.12643880951666986 0.86564557464733971 14.365000000000002 0.96001231037146451 14.307500000000003 8.5645000000000007 21.521000000000004 28.441000000000003 19.331500000000002 -2.6639999999999993 -2.4064999999999999 25.930500000000006
decision_type=2 2 2 2 2 2 2 2 2 2 2 2 2 2
left_child=2 4 -1 7 -2 8 -7 -4 10 -10 11 -3 -13 -12
right_child=1 5 3 -5 -6 6 -8 -9 9 -11 13 12 -14 -15
leaf_value=0.0050813775705078022 -0.0012306625710472652 -0.015959901478800831 0.071808432068034098 -0.003992806613267042 -0.042144477534105301 -0.033535209151540103 -0.0062556913899270263 0.023776117825566996 -0.023516649818694529 -0.00086382595204993198 0.011138426981870864 0.017553403219830347 -0.0010768758660407399 0.0015228028438240893
leaf_weight=801 52 43 52 41 67 64 64 76 71 168 40 40 276 74
leaf_count=801 52 43 52 41 67 64 64 76 71 168 40 40 276 74
internal_value=0.000648004 -0.005683 0.00690722 0.0174556 -0.0205882 -0.00357143 -0.0140625 0.0242188 -0.00168539 -0.00732218 0.00116279 -0.00181058 0.000632911 0.0105263
internal_weight=1929 959 970 169 119 840 128 128 712 239 473 359 316 114
internal_count=1929 959 970 169 119 840 128 128 712 239 473 359 316 114
is_linear=0
shrinkage=0.05


Tree=27
num_leaves=15
num_cat=0
split_feature=5 4 6 4 0 6 5 4 6 6 6 1 6 6
split_gain=26.8905 13.2977 7.60221 6.22257 6.15724 10.3194 6.41245 9.48624 6.38425 6.65363 6.43881 4.86394 4.85626 4.81791
threshold=13.306500000000002 12.307 14.968500000000002 11.508500000000002 15.334500000000002 9.0920000000000005 6.6415000000000006 10.155500000000002 11.865 11.452000000000002 12.209000000000001 0.87795195455888941 13.285500000000001 14.017500000000002
decision_type=2 2 2 2 2 2 2 2 2 2 2 2 2 2
left_child=4 2 3 -2 5 -1 -7 -8 9 -6 -10 13 -12 -3
right_child=1 11 -4 -5 8 6 7 -9 10 -11 12 -13 -14 -15
leaf_value=0.019129261478763288 -0.005403503991799956 0.0022554193255297735 -0.040037253657400032 -0.025745816644155529 0.0215058120718792 -0.024873841883906202 -0.010397484765948352 0.0026414505380395401 -0.014171379159930381 0.039259818667842117 0.014464840499891361 0.010037528024622662 -0.0034915040775535147 -0.0078816298596927192
leaf_weight=128 292 218 51 53 257 40 45 170 50 42 143 116 55 269
leaf_count=128 292 218 51 53 257 40 45 170 50 42 143 116 55 269
internal_value=0.000440643 -0.00525526 -0.0123737 -0.00971014 0.00655914 0.00169713 -0.00411765 -0.000697674 0.00996344 0.0148829 0.00403226 -0.000580431 0.00808081 -0.00277207
internal_weight=1929 999 396 345 930 383 255 215 547 299 248 603 198 487
internal_count=1929 999 396 345 930 383 255 215 547 299 248 603 198 487
is_linear=0
shrinkage=0.05


Tree=28
num_leaves=15
num_cat=0
split_feature=5 4 6 0 6 4 5 2 7 5 0 5 0 8
split_gain=25.7581 12.5853 8.11285 5.43408 8.4903 6.26516 6.83511 5.20835 9.27719 4.80304 10.2363 5.03238 5.16358 4.94614
threshold=13.747000000000002 7.29 14.365000000000002 15.334500000000002 9.0920000000000005 10.155500000000002 6.7410000000000005 0.96001231037146451 1021.3245000000001 21.521000000000004 28.441000000000003 19.331500000000002 25.930500000000006 -2.6639999999999993
decision_type=2 2 2 2 2 2 2 2 2 2 2 2 2 2
left_child=3 2 -2 4 -1 -6 -7 9 -9 11 -11 13 -13 -3
right_child=1 7 -4 -5 5 6 -8 8 -10 10 -12 12 -14 -15
leaf_value=0.017744881735720919 -0.00089895424290490191 -0.014891731205270792 -0.038035390974530028 0.013585005261579143 -0.0098776105276509318 -0.02578788392956316 0.0024184107029865801 -0.036944603488944017 -0.0042651559058982163 -0.022453588294036292 -0.00057128285264241576 0.010913633979064641 0.0021297111177886741 0.00040133253065359199
leaf_weight=129 52 43 67 586 47 41 167 49 79 71 168 40 74 316
leaf_count=129 52 43 67 586 47 41 167 49 79 71 168 40 74 316
internal_value=0.000440643 -0.00537018 -0.0205882 0.00618557 0.0015625 -0.00372549 0 -0.00321429 -0.0125 -0.00154494 -0.00732218 0.00137421 0.0105263 -0.00153203
internal_weight=1929 959 119 970 384 255 208 840 128 712 239 473 114 359
internal_count=1929 959 119 970 384 255 208 840 128 712 239 473 114 359
is_linear=0
shrinkage=0.05


Tree=29
num_leaves=15
num_cat=0
split_feature=6 4 6 4 4 5 0 4 3 2 0 1 5 3
split_gain=24.2474 10.0063 7.11402 6.88559 5.89627 6.34679 7.31497 5.84828 5.69942 6.49596 6.69048 5.51895 5.90655 7.39403
threshold=13.387000000000002 12.307 14.968500000000002 11.400500000000003 8.4820000000000011 13.306500000000002 14.996500000000001 24.934500000000003 0.020500000000000001 0.89420283937402645 15.649000000000003 0.99052327954040398 10.622000000000002 13.570500000000001
decision_type=2 2 2 2 2 2 2 2 2 2 2 2 2 2
left_child=4 2 3 -2 5 6 -1 -3 -6 10 -10 12 -12 -14
right_child=1 7 -4 -5 8 -7 -8 -9 9 -11 11 -13 13 -15
leaf_value=-0.011359420100801638 -0.0043449674853023815 -0.0040035661350380173 -0.036133621425803522 -0.025026064552340591 -0.0037650430626675006 -0.019302920460595108 0.011395904398323425 0.0054000535316639014 0.0026569250015557031 -0.021676441426348971 0.03057245811540877 -0.004899942603919712 0.017439575022006649 0.0062800530164561722
leaf_weight=52 223 440 51 42 143 43 106 57 318 43 200 41 43 127
leaf_count=52 223 440 51 42 143 43 106 57 318 43 200 41 43 127
internal_value=0.000233281 -0.00633456 -0.0132911 -0.01 0.00501792 -0.00273632 0.00189873 -0.00191147 0.00672131 0.00841969 0.00953361 0.013747 0.0156757 0.00882353
internal_weight=1929 813 316 265 1116 201 158 497 915 772 729 411 370 170
internal_count=1929 813 316 265 1116 201 158 497 915 772 729 411 370 170
is_linear=0
shrinkage=0.05


Tree=30
num_leaves=15
num_cat=0
split_feature=6 4 7 4 1 3 4 3 2 0 5 6 4 5
split_gain=20.2674 9.0675 6.56266 6.1097 10.3341 5.92615 6.48759 5.34611 6.24639 6.84947 5.90837 5.71906 6.73551 6.71188
threshold=13.387000000000002 12.307 752.32550000000015 8.4820000000000011 0.80392051724781088 82.371500000000012 24.934500000000003 0.040000000000000001 0.89420283937402645 15.649000000000003 10.622000000000002 8.9230000000000018 15.320000000000002 6.6415000000000006
decision_type=2 2 2 2 2 2 2 2 2 2 2 2 2 2
left_child=3 2 -2 4 -1 6 -3 -5 9 11 -11 12 -9 -13
right_child=1 5 -4 7 -6 -7 -8 8 -10 10 -12 13 -14 -15
leaf_value=-0.0088324356025693759 0.006465156076446244 -0.00078210802790121834 -0.017200206174640909 -0.0014457055217821783 0.018007552986696138 -0.011557024513283304 0.0095075478339094813 0.039662356053394389 -0.020592619355031525 0.027959934837116802 0.010183583117669266 -0.022473601843310518 0.0001634960135128233 0.002701578968894404
leaf_weight=157 43 367 273 145 44 85 45 48 43 214 196 44 44 181
leaf_count=157 43 367 273 145 44 85 45 48 43 214 196 44 44 181
internal_value=0.000285122 -0.00571956 -0.0123418 0.0046595 -0.00323383 -0.00150905 0.000970874 0.00639344 0.00805195 0.00914718 0.0134146 0.00362776 0.0141304 -0.000666667
internal_weight=1929 813 316 1116 201 497 412 915 770 727 410 317 92 225
internal_count=1929 813 316 1116 201 497 412 915 770 727 410 317 92 225
is_linear=0
shrinkage=0.05


Tree=31
num_leaves=15
num_cat=0
split_feature=5 4 2 2 6 4 1 2 2 4 2 1 4 2
split_gain=19.7164 10.6927 6.56748 7.57385 6.5614 6.73192 6.25048 4.76884 6.92794 4.06596 3.68416 3.32421 3.66225 4.83985
threshold=13.747000000000002 12.307 0.12643880951666986 0.78884570776442897 14.968500000000002 11.508500000000002 -0.80392051724781044 0.95760036582190977 0.71541278717867718 8.0105000000000022 -0.19851654827941614 0.97873101657557349 25.320500000000006 -0.9951106240145321
decision_type=2 2 2 2 2 2 2 2 2 2 2 2 2 2
left_child=2 4 11 6 5 7 -4 8 9 -2 -3 12 13 -1
right_child=1 10 3 -5 -6 -7 -8 -9 -10 -11 -12 -13 -14 -15
leaf_value=-0.012432003227546094 -0.014798232110719033 0.0090869916960767128 0.012073225180232738 0.0011470204437076803 -0.033466930045781294 -0.022914751015991518 0.061940114807244734 -0.028511403968997897 0.0036513164331105409 -0.00054388660598747726 -0.0017654166631402306 -0.0097493859560970619 0.016094601797528921 0.0043775788822800338
leaf_weight=61 74 89 45 62 51 50 62 50 43 106 496 43 61 636
leaf_count=61 74 89 45 62 51 50 62 50 43 106 496 43 61 636
internal_value=-7.77605e-05 -0.00516163 0.00494845 0.0139053 -0.0117647 -0.00913313 0.0219626 -0.00604396 -0.0029148 -0.00722222 -0.000940171 0.00305868 0.00382586 0.0027977
internal_weight=1929 959 970 169 374 323 107 273 223 180 585 801 758 697
internal_count=1929 959 970 169 374 323 107 273 223 180 585 801 758 697
is_linear=0
shrinkage=0.05


Tree=32
num_leaves=15
num_cat=0
split_feature=5 4 0 2 2 3 6 0 2 8 6 5 5 7
split_gain=17.0965 9.48915 8.46187 7.24174 8.52466 6.15319 5.61951 5.48414 6.82369 5.34551 4.71174 4.11355 6.55727 4.10505
threshold=16.972500000000004 7.894000000000001 28.848500000000005 0.12643880951666986 0.87796008470088804 95.294500000000014 13.966500000000002 28.848500000000005 0.94713111268739625 -1.7424999999999999 14.598000000000001 18.418000000000003 21.521000000000004 641.82850000000019
decision_type=2 2 2 2 2 2 2 2 2 2 2 2 2 2
left_child=2 10 3 13 9 7 -7 11 -9 -5 -2 -3 -13 -1
right_child=1 5 -4 4 -6 6 -8 8 -10 -11 -12 12 -14 -15
leaf_value=0.00042894192509768673 -0.012000465236313075 -0.01814001822823846 -0.017817681823406012 0.0089785850543961567 -0.0047451197780965931 -0.0032569082125947779 -0.024341009724674789 0.0047429442965422402 -0.01752253564990593 0.031394114199212023 -0.025465791419592845 0.0020406710651939388 -0.013592427010049936 0.0092796617064928762
leaf_weight=700 45 53 84 62 42 41 40 199 77 104 62 97 72 251
leaf_count=700 45 53 84 62 42 41 40 199 77 104 62 97 72 251
internal_value=-7.77605e-05 -0.00641399 0.00341915 0.00452977 0.0129808 -0.00388601 -0.0166667 -0.00180723 0.00289855 0.0180723 -0.0200935 -0.00765766 -0.00384615 0.00268139
internal_weight=1929 686 1243 1159 208 579 81 498 276 166 107 222 169 951
internal_count=1929 686 1243 1159 208 579 81 498 276 166 107 222 169 951
is_linear=0
shrinkage=0.05


Tree=33
num_leaves=15
num_cat=0
split_feature=5 4 3 2 2 8 6 6 0 2 0 8 0 5
split_gain=15.3933 10.3153 6.83638 6.70434 8.52778 9.93531 5.61951 4.71174 4.50464 6.63152 4.61218 3.90354 7.37508 3.6188
threshold=16.972500000000004 7.894000000000001 95.294500000000014 0.89420283937402645 0.32694223331140743 -1.5884999999999998 13.966500000000002 14.598000000000001 28.848500000000005 0.96001231037146451 27.340500000000002 -2.3264999999999998 32.26400000000001 22.791500000000003
decision_type=2 2 2 2 2 2 2 2 2 2 2 2 2 2
left_child=3 7 8 4 -1 -6 -4 -2 10 11 -3 12 -10 -13
right_child=1 2 6 -5 5 -7 -8 -9 9 -11 -12 13 -14 -15
leaf_value=0.0030943535410444759 -0.011400441974497423 -0.0016563154321903653 -0.0030940628019650363 -0.015016462595995581 0.00058824742336967002 0.032591974523111446 -0.023123959238441051 -0.024192501848613202 0.010443076631049653 -0.018001947293298726 -0.023773878175889392 0.017791544541352473 -0.0157047567644324 0.0011199056216701919
leaf_weight=1017 45 175 41 68 75 83 40 62 54 68 47 53 45 56
leaf_count=1017 45 175 41 68 75 83 40 62 54 68 47 53 45 56
internal_value=0.000181441 -0.0058309 -0.00319516 0.0034996 0.00438298 0.0151899 -0.0166667 -0.0200935 -0.00100402 0.00326087 -0.00630631 0.00769231 0.000505051 0.0142202
internal_weight=1929 686 579 1243 1175 158 81 107 498 276 222 208 99 109
internal_count=1929 686 579 1243 1175 158 81 107 498 276 222 208 99 109
is_linear=0
shrinkage=0.05


Tree=34
num_leaves=15
num_cat=0
split_feature=5 4 6 0 6 3 1 4 5 6 7 7 8 8
split_gain=13.2187 8.66323 8.05536 6.66819 7.31986 7.68508 5.72177 5.26701 4.95138 5.29476 5.47643 9.07985 5.13896 4.68293
threshold=10.547000000000002 12.307 14.968500000000002 15.7995 8.7675000000000018 5.0900000000000007 0.54817103930762578 11.400500000000003 28.571500000000004 14.017500000000002 1009.8975000000002 901.02950000000021 -1.9814999999999998 -1.4489999999999996
decision_type=2 2 2 2 2 2 2 2 2 2 2 2 2 2
left_child=3 2 7 4 -1 -6 8 13 9 10 11 12 -3 -2
right_child=1 6 -4 -5 5 -7 -8 -9 -10 -11 -12 -13 -14 -15
leaf_value=0.015800619956535044 -0.0029717766706928552 0.0095000379208151856 -0.029964333854581193 0.019258537593950676 0.0083608106471792735 -0.010256392763209811 0.0041347283049192581 -0.017547772951059342 0.0040994334748071575 -0.012950546608167574 0.010393054795133586 -0.026069583588720881 -0.0065903353161613403 0.0095078767313190524
leaf_weight=115 361 77 51 283 64 163 282 72 46 172 58 40 94 51
leaf_count=115 361 77 51 283 64 163 282 72 46 172 58 40 94 51
internal_value=0.000181441 -0.00268405 -0.00757009 0.00616 0.00146199 -0.00374449 0.000715215 -0.00557851 -0.00256674 -0.00419501 0.000185874 -0.0035545 0.00146199 -0.00339806
internal_weight=1929 1304 535 625 342 227 769 484 487 441 269 211 171 412
internal_count=1929 1304 535 625 342 227 769 484 487 441 269 211 171 412
is_linear=0
shrinkage=0.05


Tree=35
num_leaves=15
num_cat=0
split_feature=0 4 5 4 6 8 0 8 7 1 1 8 8 3
split_gain=12.9921 8.58132 8.05069 7.05649 6.00761 5.92748 5.62791 5.31854 7.63443 6.52107 7.02067 8.15711 5.89935 7.80188
threshold=31.653000000000002 7.5285000000000011 21.400000000000002 14.011000000000001 14.746 -2.1709999999999998 28.441000000000003 -1.2689999999999999 364.67300000000006 0.41274032740354816 0.94697898371965716 -0.91649999999999998 -2.1534999999999997 99.694000000000003
decision_type=2 2 2 2 2 2 2 2 2 2 2 2 2 2
left_child=2 -2 7 6 -3 -5 -4 8 -1 -9 11 -11 13 -10
right_child=1 4 3 5 -6 -7 -8 9 12 10 -12 -13 -14 -15
leaf_value=0.028616949473717252 -0.037440197359576009 -0.016054876818085768 -0.02681736432076285 0.0071356533923144123 0.013052975764252673 -0.01151029670074793 -0.0038788382238444277 0.0039448170339653607 0.0044325044161148547 0.037681567957754541 -0.00023301331735084332 0.010869730295266493 -0.0013546282214730318 -0.019215074816713952
leaf_weight=110 42 181 43 47 41 51 43 242 330 46 46 56 610 41
leaf_count=110 42 181 43 47 41 51 43 242 330 46 46 56 610 41
internal_value=7.77605e-05 -0.0102273 0.00171171 -0.00815217 -0.00630631 0.00102041 -0.0186047 0.0029372 0.00114574 0.00794872 0.0162162 0.0235294 -0.000254842 0.00471698
internal_weight=1929 264 1665 184 222 98 86 1481 1091 390 148 102 981 371
internal_count=1929 264 1665 184 222 98 86 1481 1091 390 148 102 981 371
is_linear=0
shrinkage=0.05


Tree=36
num_leaves=15
num_cat=0
split_feature=0 4 8 7 8 4 3 6 8 1 6 7 7 7
split_gain=11.6418 9.22014 7.42529 9.07373 5.84292 7.67281 8.5715 6.46508 5.64031 8.49534 5.39759 5.35036 6.96309 5.50518
threshold=31.653000000000002 7.5285000000000011 -1.2689999999999999 364.67300000000006 -2.1534999999999997 18.272000000000002 36.042500000000011 14.203000000000001 -2.6054999999999997 -0.87795195455888908 14.746 653.04950000000008 745.8805000000001 608.28300000000013
decision_type=2 2 2 2 2 2 2 2 2 2 2 2 2 2
left_child=2 -2 3 -1 5 8 -7 11 9 -5 -3 13 -13 -6
right_child=1 10 -4 4 7 6 -8 -9 -10 -11 -12 12 -14 -15
leaf_value=0.027186102000031388 -0.035568187491597208 -0.015252132977181476 0.0075828923234132267 -0.023037718325503151 -0.0019900801134484199 0.023668958002300622 -0.0016971260438019679 -0.018341585498174207 0.0017362254915143614 0.00027116262305798555 0.012400326976040044 0.013111017471448889 -0.0011953418770730641 -0.0081886298842868081
leaf_weight=110 42 181 411 46 261 58 40 83 246 85 41 89 183 53
leaf_count=110 42 181 411 46 261 58 40 83 246 85 41 89 183 53
internal_value=0.000285122 -0.0094697 0.00183183 -7.97448e-05 -0.0013986 0.00284211 0.0153061 -0.00440957 -0.000397878 -0.00877863 -0.00540541 -0.00255973 0.00257353 -0.00700637
internal_weight=1929 264 1665 1254 1144 475 98 669 377 131 222 586 272 314
internal_count=1929 264 1665 1254 1144 475 98 669 377 131 222 586 272 314
is_linear=0
shrinkage=0.05


Tree=37
num_leaves=15
num_cat=0
split_feature=0 4 5 4 8 6 2 2 0 7 0 1 7 1
split_gain=12.142 9.22014 6.90831 6.95447 6.99652 5.39759 4.96851 10.3549 9.15438 7.02877 4.65116 4.5066 4.67578 3.15501
threshold=31.653000000000002 7.5285000000000011 21.400000000000002 14.011000000000001 -2.1709999999999998 14.746 0.89420283937402645 0.34313907657789455 28.075500000000002 891.66650000000016 28.441000000000003 0.5043284533698108 996.99800000000016 -0.99052327954040364
decision_type=2 2 2 2 2 2 2 2 2 2 2 2 2 2
left_child=2 -2 6 10 -5 11 7 9 -9 13 -4 12 -3 -1
right_child=1 5 3 4 -6 -7 -8 8 -10 -11 -12 -13 -14 -15
leaf_value=0.014183709554188349 -0.033789778117017354 -0.02442326284161795 -0.025563307379300421 0.0066920594481229782 -0.010875014771856885 0.011780310627238045 -0.0072661740532405485 0.019494902396271756 0.0003733392431719454 -0.022686778208579651 -0.0040640409288228655 0.00086633930671496944 -0.015898811645618956 0.0017558607788528289
leaf_weight=44 42 42 43 47 51 41 97 133 98 41 43 71 68 1068
leaf_count=44 42 42 43 47 51 41 97 133 98 41 43 71 68 1068
internal_value=0.000492483 -0.0094697 0.00207207 -0.00706522 0.00204082 -0.00540541 0.00320729 0.00397399 0.0136364 0.00203816 -0.0174419 -0.00911602 -0.0154545 0.00278777
internal_weight=1929 264 1665 184 98 222 1481 1384 231 1153 86 181 110 1112
internal_count=1929 264 1665 184 98 222 1481 1384 231 1153 86 181 110 1112
is_linear=0
shrinkage=0.05


Tree=38
num_leaves=15
num_cat=0
split_feature=5 4 3 0 2 2 2 8 6 2 8 5 2 3
split_gain=13.4361 7.00151 5.48268 5.39295 6.63152 5.22229 8.20363 9.0047 4.34041 3.56569 4.42181 3.96667 3.44005 3.27341
threshold=16.972500000000004 7.894000000000001 95.294500000000014 28.848500000000005 0.96001231037146451 0.89420283937402645 0.32694223331140743 -1.5884999999999998 14.555000000000001 -0.16470888341644155 -1.599 21.521000000000004 0.58534685349953219 91.423500000000004
decision_type=2 2 2 2 2 2 2 2 2 2 2 2 2 2
left_child=5 8 3 9 -5 6 -1 -8 -2 -3 11 -11 -4 -9
right_child=1 2 12 4 -6 -7 7 13 -10 10 -12 -13 -14 -15
leaf_value=0.002336934979531774 -0.0054336040833229239 0.0016328113329166305 -0.0011167669101845967 0.0053887595652340305 -0.015401968658182203 -0.012817343670455859 0.00028965684706653563 0.0080039236176902978 -0.020139632528268083 -0.0069028653505785248 0.00078217476099865933 -0.023822413339296824 -0.018241852601665342 0.071927251818855759
leaf_weight=1017 42 58 40 208 68 68 75 41 65 73 46 45 41 42
leaf_count=1017 42 58 40 208 68 68 75 41 65 73 46 45 41 42
internal_value=7.77605e-05 -0.00553936 -0.00336788 -0.00140562 0.00326087 0.0031778 0.00395745 0.014557 -0.0172897 -0.00720721 -0.0109756 -0.0161017 -0.0154321 0.0259036
internal_weight=1929 686 579 498 276 1243 1175 158 107 222 164 118 81 83
internal_count=1929 686 579 498 276 1243 1175 158 107 222 164 118 81 83
is_linear=0
shrinkage=0.05


Tree=39
num_leaves=15
num_cat=0
split_feature=5 4 3 5 1 6 8 1 7 8 1 1 8 4
split_gain=11.6987 7.71363 6.12858 5.32605 5.3857 7.46667 4.72255 7.89107 7.29701 5.92719 5.46608 5.26517 5.92048 4.95415
threshold=16.972500000000004 7.894000000000001 95.294500000000014 28.571500000000004 0.79018178354239854 14.203000000000001 -1.2689999999999999 0.41274032740354816 364.67300000000006 -1.3794999999999997 0.081558489694578698 0.93779576777868801 -0.91649999999999998 18.721000000000004
decision_type=2 2 2 2 2 2 2 2 2 2 2 2 2 2
left_child=6 -2 3 4 -3 -6 8 10 -1 13 -8 12 -9 -10
right_child=1 2 -4 -5 5 -7 7 11 9 -11 -12 -13 -14 -15
leaf_value=0.025481999100961175 -0.014212522661292172 -0.006379112434466816 -0.014798076948595624 0.0059487005121202198 -0.004016602620650081 0.011562892795128673 0.006698002537094511 0.03521370515577691 -0.0009576621030990308 -0.016579790398385294 -0.015251608302437464 0.0018277881662554488 0.010496666448118011 0.012551561075024737
leaf_weight=109 107 335 81 51 70 42 185 42 586 49 46 40 51 135
leaf_count=109 107 335 81 51 70 42 185 42 586 49 46 40 51 135
internal_value=0.000285122 -0.00495627 -0.00267703 -0.00060241 -0.00234899 0.00714286 0.0031778 0.00796703 0.00119454 -0.000519481 0.00238095 0.0176692 0.0241935 0.000624133
internal_weight=1929 686 579 498 447 112 1243 364 879 770 231 133 93 721
internal_count=1929 686 579 498 447 112 1243 364 879 770 231 133 93 721
is_linear=0
shrinkage=0.05


Tree=40
num_leaves=15
num_cat=0
split_feature=0 4 5 4 6 8 0 1 1 8 4 4 1 7
split_gain=11.7659 7.28963 5.85739 7.70203 5.69852 5.6361 4.65116 4.63296 5.94382 11.2616 5.12272 4.96637 4.66513 5.32971
threshold=31.653000000000002 7.5285000000000011 21.400000000000002 14.011000000000001 14.746 -2.2604999999999995 28.441000000000003 0.41274032740354816 0.99052327954040398 -1.3689999999999998 8.4820000000000011 16.620500000000003 -0.43664718845046319 524.99750000000006
decision_type=2 2 2 2 2 2 2 2 2 2 2 2 2 2
left_child=2 -2 7 6 -3 -5 -4 10 9 -9 -1 -11 -12 -14
right_child=1 4 3 5 -6 -7 -8 8 -10 11 12 -13 13 -15
leaf_value=-0.0064673290776297524 -0.030382681451688473 -0.013321993044435189 -0.023439803222970054 0.0091895156087035586 0.011240812739337781 -0.0058516279596913029 -0.0038113212389200846 0.00087571918519215725 -0.0042326574093683239 0.029404879902327475 0.0058227353574813595 0.0080604561052129466 0.0018091276534460523 -0.012422941910203695
leaf_weight=145 42 181 43 40 41 58 43 358 82 92 421 55 198 130
leaf_count=145 42 181 43 40 41 58 43 358 82 92 421 55 198 130
internal_value=0.000336962 -0.0094697 0.00189189 -0.00652174 -0.00585586 0.00306122 -0.0174419 0.0029372 0.00638842 0.00841584 0.000671141 0.020068 0.00233645 -0.00213415
internal_weight=1929 264 1665 184 222 98 86 1481 587 505 894 147 749 328
internal_count=1929 264 1665 184 222 98 86 1481 587 505 894 147 749 328
is_linear=0
shrinkage=0.05


Tree=41
num_leaves=15
num_cat=0
split_feature=0 4 6 4 7 6 5 8 4 1 7 5 0 7
split_gain=10.6004 6.10325 5.39759 4.69134 7.78033 5.23247 7.59924 7.43303 7.33305 4.5066 4.67578 4.43241 4.83734 6.86303
threshold=31.653000000000002 7.5285000000000011 14.746 12.454000000000002 178.33100000000002 10.303000000000003 7.5870000000000006 -1.5924999999999998 15.831500000000002 0.5043284533698108 996.99800000000016 21.400000000000002 14.817000000000002 519.16650000000016
decision_type=2 2 2 2 2 2 2 2 2 2 2 2 2 2
left_child=3 -2 9 4 -1 7 -7 -5 -9 10 -3 12 13 -6
right_child=1 2 -4 5 11 6 -8 8 -10 -11 -12 -13 -14 -15
leaf_value=0.033004548572247654 -0.028863547379104043 -0.02168524298682795 0.010678772102370893 0.02411744276324081 -0.025738795677760686 -0.012546085408719902 0.0016329698297436941 0.043609164930830516 -0.0088506555273247522 0.00064153937558284477 -0.013818450209220793 -0.014958144068345237 0.00023949475691218414 0.0016383617526487789
leaf_weight=59 42 42 41 95 53 46 747 45 76 71 68 66 437 41
leaf_count=59 42 42 41 95 53 46 747 45 76 71 68 66 437 41
internal_value=0.000596164 -0.00871212 -0.00540541 0.00207207 -0.00121951 0.00421209 0.00233291 0.0111111 0.00289256 -0.00911602 -0.0154545 -0.00293132 -0.00141243 -0.0117021
internal_weight=1929 264 222 1665 656 1009 793 216 121 181 110 597 531 94
internal_count=1929 264 222 1665 656 1009 793 216 121 181 110 597 531 94
is_linear=0
shrinkage=0.05


Tree=42
num_leaves=15
num_cat=0
split_feature=0 4 6 2 5 4 5 7 0 6 6 4 0 2
split_gain=9.01385 6.55374 6.24919 6.86408 3.6114 5.90385 3.74625 6.15054 4.70986 7.39895 5.77815 5.23008 4.80024 4.91006
threshold=30.893000000000004 6.7575000000000012 14.746 0.98372148171945073 23.521000000000004 14.011000000000001 1.3810000000000002 131.14550000000003 15.195000000000002 11.865 12.144000000000002 11.987500000000002 16.837000000000003 -0.61626377254255749
decision_type=2 2 2 2 2 2 2 2 2 2 2 2 2 2
left_child=4 -2 3 -3 6 -6 -1 -8 -9 11 -11 12 -10 -14
right_child=1 2 -4 -5 5 -7 7 8 9 10 -12 -13 13 -15
leaf_value=-0.0090555177771239059 -0.027731631402985693 -0.0081419954126492507 0.011066653919149756 -0.034714964071015909 -0.021584551550598324 0.00029786969288340129 0.05947990148210569 -0.0014960893547396395 0.012329251498384939 -0.018897642804221439 0.00091649299327150333 0.022827379696336098 -0.014948921759756324 0.0091994066482672006
leaf_weight=40 44 193 56 42 42 50 58 327 45 49 717 172 52 42
leaf_count=40 44 193 56 42 42 50 58 327 45 49 717 172 52 42
internal_value=0.000440643 -0.00701493 -0.00429553 -0.00787234 0.00200753 -0.0076087 0.00259654 0.00300958 0.00235043 0.00394615 0.00130548 0.0104502 0.00323741 -0.00319149
internal_weight=1929 335 291 235 1594 92 1502 1462 1404 1077 766 311 139 94
internal_count=1929 335 291 235 1594 92 1502 1462 1404 1077 766 311 139 94
is_linear=0
shrinkage=0.05


Tree=43
num_leaves=15
num_cat=0
split_feature=0 1 7 8 5 7 4 6 0 5 4 4 1 5
split_gain=8.09846 5.32197 5.05508 4.2472 3.20011 5.72504 4.13792 4.94832 7.22604 7.12116 3.87096 3.62943 3.5469 3.06009
threshold=31.653000000000002 0.79018178354239854 1041.0885000000003 -2.0814999999999997 1.3810000000000002 131.14550000000003 12.454000000000002 10.303000000000003 14.996500000000001 7.5870000000000006 13.067000000000002 14.011000000000001 0.26744970170045884 21.400000000000002
decision_type=2 2 2 2 2 2 2 2 2 2 2 2 2 2
left_child=4 2 3 -2 -1 -6 13 8 -8 -9 -11 12 -12 -7
right_child=1 -3 -4 -5 5 6 7 9 -10 10 11 -13 -14 -15
leaf_value=-0.0086027418882677117 -0.0095770071297043968 0.0045783509826203038 0.011392551486282343 -0.033509564202951314 0.05650590640800042 -0.00054033756885148447 0.00010828765404439518 -0.012452063396823816 0.026554275867210455 0.017563473087280516 -0.020348183686119022 0.001922716557114837 0.00086083923215142391 -0.0136935354009948
leaf_weight=40 111 43 40 70 58 550 74 46 84 43 41 621 42 66
leaf_count=40 111 43 40 70 58 550 74 46 84 43 41 621 42 66
internal_value=0.000181441 -0.00795455 -0.011086 -0.0146409 0.00147147 0.00181538 0.00124442 0.0033123 0.0113924 0.0017024 0.00287818 0.00198864 -0.00783133 -0.00194805
internal_weight=1929 264 221 181 1665 1625 1567 951 158 793 747 704 83 616
internal_count=1929 264 221 181 1665 1625 1567 951 158 793 747 704 83 616
is_linear=0
shrinkage=0.05


Tree=44
num_leaves=15
num_cat=0
split_feature=0 1 7 8 5 7 4 0 1 5 6 6 0 5
split_gain=7.99558 5.32197 5.05508 4.2472 3.17266 5.77081 3.57243 4.6738 8.0091 5.59078 4.20511 7.03801 4.23987 3.29997
threshold=31.653000000000002 0.79018178354239854 1041.0885000000003 -2.0814999999999997 1.3810000000000002 131.14550000000003 12.454000000000002 13.162500000000001 -0.22132528438243276 10.547000000000002 12.3725 11.162000000000001 16.570000000000004 11.418500000000002
decision_type=2 2 2 2 2 2 2 2 2 2 2 2 2 2
left_child=4 2 3 -2 -1 -6 -7 8 -8 10 11 -9 -13 -11
right_child=1 -3 -4 -5 5 6 7 9 -10 13 -12 12 -14 -15
leaf_value=-0.0081726047938543277 -0.0090981567732191689 0.0043494334334892885 0.01082292391196823 -0.031834085992803754 0.053680611087600388 -0.0011315287564484897 0.017822630421216335 0.020442487846901444 -0.023740943728672022 -0.008482862530090873 0.03606474424905546 -0.010602882922675069 0.0091276814949956576 0.00073461789904206163
leaf_weight=40 111 43 40 70 58 616 43 137 49 53 49 43 40 537
leaf_count=40 111 43 40 70 58 616 43 137 49 53 49 43 40 537
internal_value=0.000129601 -0.00795455 -0.011086 -0.0146409 0.00141141 0.00175385 0.0011806 0.003102 -0.0076087 0.00424913 0.010223 0.00727273 -0.00421687 0.00152542
internal_weight=1929 264 221 181 1665 1625 1567 951 92 859 269 220 83 590
internal_count=1929 264 221 181 1665 1625 1567 951 92 859 269 220 83 590
is_linear=0
shrinkage=0.05


Tree=45
num_leaves=15
num_cat=0
split_feature=0 1 7 8 7 7 7 8 4 4 4 2 3 7
split_gain=8.09846 5.32197 5.05508 4.2472 3.22873 8.11639 6.29371 5.86052 4.67196 8.43153 6.05603 5.06807 5.18875 6.20045
threshold=31.653000000000002 0.79018178354239854 1041.0885000000003 -2.0814999999999997 745.8805000000001 641.82850000000019 769.30850000000009 -1.1699999999999997 8.4820000000000011 9.5945000000000018 10.457000000000003 0.46866798009266125 99.83550000000001 351.27200000000011
decision_type=2 2 2 2 2 2 2 2 2 2 2 2 2 2
left_child=4 2 3 -2 5 8 -6 -8 -1 -10 -11 12 13 -12
right_child=1 -3 -4 -5 6 -7 7 -9 9 10 11 -13 -14 -15
leaf_value=-0.0049167023270872334 -0.008643248934558213 0.0041319617618148247 0.010281777716369823 -0.030242381693163567 -0.014324139848480417 0.0083090274629298352 -0.00064217561997204076 0.0073033513865392481 0.024795370909506589 -0.022405787057846429 0.023637652600389338 0.042020849053611885 -0.0070207498933078623 0.0003883816917976485
leaf_weight=149 111 43 40 70 48 208 514 69 40 40 63 62 132 340
leaf_count=149 111 43 40 70 48 208 514 69 40 40 63 62 132 340
internal_value=0.000181441 -0.00795455 -0.011086 -0.0146409 0.00147147 0.00319149 -0.00134707 8.57633e-05 0.000968523 0.00273264 0.00133438 0.00259631 0.00102804 0.00384615
internal_weight=1929 264 221 181 1665 1034 631 583 826 677 637 597 535 403
internal_count=1929 264 221 181 1665 1034 631 583 826 677 637 597 535 403
is_linear=0
shrinkage=0.05


Tree=46
num_leaves=15
num_cat=0
split_feature=2 4 1 1 3 5 1 5 6 8 0 5 5 4
split_gain=6.53954 5.8385 11.126 4.48637 3.94684 3.7361 7.74303 4.98578 6.43211 4.76735 6.06124 4.28343 6.68215 4.17048
threshold=0.99630826919114179 8.4820000000000011 0.77682398610090087 0.99052327954040398 5.0900000000000007 10.622000000000002 0.62540478151835122 7.5870000000000006 10.554500000000003 -0.92999999999999994 14.332000000000003 11.477500000000001 12.113500000000002 15.577000000000004
decision_type=2 2 2 2 2 2 2 2 2 2 2 2 2 2
left_child=1 2 -1 5 -4 6 7 8 9 10 -3 -7 -13 -14
right_child=-2 3 4 -5 -6 11 -8 -9 -10 -11 -12 12 13 -15
leaf_value=-0.010567307095742868 -0.013098573198534292 -0.0050020795371886863 0.013851453386641087 -0.0062923519735948565 -3.754754222911605e-05 -0.010765638521725636 0.034087490062683981 0.0064711386560700251 -0.019426666761487729 -0.010764518238701844 0.022455769970369872 0.023472445079626258 -0.0016180407976304975 0.0010248482288934796
leaf_weight=257 47 45 42 79 44 76 73 252 45 60 47 52 409 401
leaf_count=257 47 45 42 79 44 76 73 252 45 60 47 52 409 401
internal_value=0.000336962 0.000797024 -0.00510204 0.00211176 0.0104651 0.00273973 0.00613027 0.00367483 -0.00228426 0.00263158 0.00978261 0.000852878 0.00185615 0.000740741
internal_weight=1929 1882 343 1539 86 1460 522 449 197 152 92 938 862 810
internal_count=1929 1882 343 1539 86 1460 522 449 197 152 92 938 862 810
is_linear=0
shrinkage=0.05


Tree=47
num_leaves=15
num_cat=0
split_feature=2 4 7 6 6 8 8 0 2 6 8 8 3 1
split_gain=6.42959 5.67278 6.68514 4.67153 4.71019 4.3515 13.2388 3.68793 4.42196 4.50809 3.56489 6.78629 4.76735 4.27057
threshold=0.99630826919114179 12.651000000000002 178.33100000000002 14.968500000000002 9.5710000000000033 -2.6054999999999997 -2.4234999999999993 31.653000000000002 -0.94291095324666252 11.082000000000003 -1.462 -1.8644999999999998 0.23850000000000002 0.65189295912203349
decision_type=2 2 2 2 2 2 2 2 2 2 2 2 2 2
left_child=1 2 -1 4 -4 -6 -7 8 -8 -10 11 12 -11 -14
right_child=-2 -3 3 -5 5 6 7 -9 9 10 -12 -13 13 -15
leaf_value=0.030408061855472859 -0.012443644538607579 0.0012822308137224294 -0.015611048012639867 -0.020468398222492926 -0.015081193142485769 0.011244477933621362 -0.016267848474696877 -0.035186684106448769 0.012011405892543667 -0.003003726621178308 0.0059855718782787695 -0.0070348055819918435 0.01150326564616974 -0.0011904548667297657
leaf_weight=60 47 1119 81 51 61 43 46 56 56 60 64 93 52 40
leaf_count=60 47 1119 81 51 61 43 46 56 56 60 64 93 52 40
internal_value=0.000181441 0.00063762 -0.00268676 -0.00405405 -0.00291411 -0.00131349 0.000196078 -0.00224839 -0.000608273 0.00123288 -0.00113269 -0.00387755 0.00263158 0.00978261
internal_weight=1929 1882 763 703 652 571 510 467 411 365 309 245 152 92
internal_count=1929 1882 763 703 652 571 510 467 411 365 309 245 152 92
is_linear=0
shrinkage=0.05


Tree=48
num_leaves=15
num_cat=0
split_feature=4 8 1 2 7 1 4 4 2 8 2 7 4 8
split_gain=6.6235 7.73203 7.62353 6.44755 5.98249 4.10339 4.5523 4.0918 5.69417 5.50103 8.59176 5.63951 4.95897 3.73723
threshold=6.9440000000000008 -1.7974999999999997 0.31676515716386888 0.90906259831586944 1015.2205000000001 0.99052327954040398 25.320500000000006 21.886000000000006 -0.9951106240145321 -1.2689999999999999 -0.82681243101696389 351.27200000000011 23.157000000000004 -2.0519999999999996
decision_type=2 2 2 2 2 2 2 2 2 2 2 2 2 2
left_child=1 -1 -3 5 -5 6 7 8 -2 11 -11 -10 -9 -6
right_child=3 2 -4 4 13 -7 -8 12 9 10 -12 -13 -14 -15
leaf_value=-0.015899860957753028 -0.022716173289149863 -0.006410168172344622 0.021755019088257388 -0.019318606116571171 0.0066527000327924806 -0.0045457428044582068 0.010088486675560155 -0.017286780031162709 0.030764652826428592 -0.0014926789248513304 0.016462300764930576 0.00016183151637254035 0.0029171024856175232 -0.010771408078525158
leaf_weight=140 47 45 40 85 69 88 134 53 48 73 159 810 77 61
leaf_count=140 47 45 40 85 69 88 134 53 48 73 159 810 77 61
internal_value=0.000285122 -0.00777778 0.00411765 0.00134977 -0.00674419 0.00251847 0.0031763 0.00224941 0.0032102 0.00394495 0.0107759 0.0020979 -0.00615385 0
internal_weight=1929 225 85 1704 215 1489 1401 1267 1137 1090 232 858 130 130
internal_count=1929 225 85 1704 215 1489 1401 1267 1137 1090 232 858 130 130
is_linear=0
shrinkage=0.05


Tree=49
num_leaves=15
num_cat=0
split_feature=4 0 0 7 7 7 1 0 4 2 2 2 1 5
split_gain=5.31965 5.48831 7.06476 4.40468 6.72022 5.27338 6.24215 4.29898 6.48096 4.28824 4.24082 4.18272 5.26119 4.06154
threshold=6.9440000000000008 30.988500000000005 20.663000000000004 745.8805000000001 769.30850000000009 641.82850000000019 0.94917575150333644 21.720000000000002 15.205000000000002 -0.5488429582847193 -0.38168922026665913 0.78298010367706283 -0.87795195455888908 8.7505000000000006
decision_type=2 2 2 2 2 2 2 2 2 2 2 2 2 2
left_child=1 2 13 5 -5 6 10 9 -9 -7 -2 12 -12 -1
right_child=3 -3 -4 4 -6 7 -8 8 -10 -11 11 -13 -14 -15
leaf_value=0.0018379096340101625 0.00050064824477135501 -0.024195787434503513 0.0063970999363066943 -0.014826193434826149 -9.31995656428597e-05 0.0050461888532504816 -0.025175456018782506 -0.012204049255081001 0.02700436525158181 0.03071164888150972 0.0019179564816430802 -0.0044543821946345765 0.061820551012947304 -0.015468915466707917
leaf_weight=44 567 44 77 44 737 40 40 58 47 45 40 45 41 60
leaf_count=44 567 44 77 44 737 40 40 58 47 45 40 45 41 60
internal_value=0.000336962 -0.00688889 -0.00303867 0.00129108 -0.00147247 0.00362947 0.00170532 0.0110526 0.00428571 0.0194118 0.00281385 0.0111111 0.0179012 -0.0115385
internal_weight=1929 225 181 1704 781 923 733 190 105 85 693 126 81 104
internal_count=1929 225 181 1704 781 923 733 190 105 85 693 126 81 104
is_linear=0
shrinkage=0.05


Tree=50
num_leaves=15
num_cat=0
split_feature=4 1 4 6 0 4 0 4 3 7 8 8 8 6
split_gain=5.67446 5.19132 4.76013 3.9368 6.46743 6.99274 4.79256 4.32455 5.60084 7.27978 4.50667 4.29014 4.65184 2.8218
threshold=6.9440000000000008 0.83042381995921366 5.0305000000000009 11.900000000000002 18.636500000000002 9.8225000000000016 19.918000000000003 12.651000000000002 98.569000000000003 411.99200000000002 -1.5489999999999997 -1.2969999999999999 -1.9694999999999998 12.3725
decision_type=2 2 2 2 2 2 2 2 2 2 2 2 2 2
left_child=1 2 -1 4 5 -2 -6 -7 9 -9 -10 12 -11 -5
right_child=3 -3 -4 13 6 7 -8 8 10 11 -12 -13 -14 -15
leaf_value=-0.00062572408633791439 0.014603627310154228 0.0041096010942367287 -0.014838486986627203 -0.0051413129316116345 0.041305693964971538 -0.012280289559100571 0.017360141930451083 0.018874413317687164 0.0050091797162047126 0.0091684638686553369 -0.012737266881111004 0.022017139368165795 -0.011646210447193134 4.1125912814699021e-05
leaf_weight=87 63 47 91 110 41 74 107 46 40 41 60 46 43 1033
leaf_count=87 63 47 91 110 41 74 107 46 40 41 60 46 43 1033
internal_value=0.000129601 -0.00733333 -0.011236 0.00111502 0.00454545 0.00133172 0.0135135 -0.00142857 0.00144928 0.00681818 -0.008 0.000769231 -0.00595238 -0.000568679
internal_weight=1929 225 178 1704 561 413 148 350 276 176 100 130 84 1143
internal_count=1929 225 178 1704 561 413 148 350 276 176 100 130 84 1143
is_linear=0
shrinkage=0.05


Tree=51
num_leaves=15
num_cat=0
split_feature=5 5 5 3 4 3 0 7 6 6 2 5 7 8
split_gain=5.60685 6.51065 5.06226 4.68651 6.33611 6.21021 4.84403 5.66886 5.57605 5.38227 4.62821 3.79921 3.88691 4.21073
threshold=15.649000000000003 16.135000000000002 16.972500000000004 58.005500000000005 12.367500000000001 32.666000000000004 23.976000000000003 929.18850000000009 14.356000000000002 14.555000000000001 0.95760036582190977 1.3810000000000002 109.78450000000001 -2.7484999999999995
decision_type=2 2 2 2 2 2 2 2 2 2 2 2 2 2
left_child=11 -2 -3 5 -5 6 -4 8 -8 10 -9 -1 -13 -14
right_child=1 2 3 4 -6 -7 7 9 -10 -11 -12 12 13 -15
leaf_value=-0.0081067736880560386 -0.020566243869317491 0.013817365833540568 -0.005581974226726627 -0.028669299242657344 -0.0022040053155021225 0.0092705646622501369 -0.0020671830048184514 0.0061962352211290487 0.012933899981313583 -0.01074163059104636 -0.01178987941508558 0.050016188398287781 -0.006489355255478323 0.0018515299711084428
leaf_weight=40 40 65 89 49 113 43 57 104 50 129 52 51 43 1004
leaf_count=40 40 65 89 49 113 43 57 104 50 129 52 51 43 1004
internal_value=0.000388802 -0.0028445 -0.0017976 -0.00306122 -0.0104938 -0.000763359 -0.00239085 0 0.00981308 -0.00368421 0.0025641 0.0026362 0.00318761 0.00253104
internal_weight=1929 791 751 686 162 524 481 392 107 285 156 1138 1098 1047
internal_count=1929 791 751 686 162 524 481 392 107 285 156 1138 1098 1047
is_linear=0
shrinkage=0.05


Tree=52
num_leaves=15
num_cat=0
split_feature=0 4 6 2 3 3 8 3 0 2 8 2 3 8
split_gain=6.14905 5.79116 6.89349 5.76541 3.74463 5.56711 3.7172 5.08479 3.91315 7.83416 5.99869 5.8872 5.36757 5.28123
threshold=30.893000000000004 6.7575000000000012 14.746 0.98372148171945073 1.0805000000000002 3.0915000000000004 -2.6639999999999993 59.282000000000004 16.976000000000003 -0.77547391234167817 -1.3394999999999999 -0.58882848911713703 7.1065000000000014 -1.0324999999999998
decision_type=2 2 2 2 2 2 2 2 2 2 2 2 2 2
left_child=4 -2 3 -3 -1 -6 7 -7 12 -10 11 -11 -8 -12
right_child=1 2 -4 -5 5 6 8 -9 9 10 13 -13 -14 -15
leaf_value=-0.00070044456650738001 -0.021975269709650649 -0.0060467308563734619 0.010749797900175113 -0.030696943823139256 0.011363790338113539 0.0085791962288491452 0.0056388351449217205 -0.02824522227973067 0.014345758461779724 -0.040372917350846582 0.018064799261161679 0.0015453052705086791 -0.0046122841973388999 0.0021629614330332561
leaf_weight=460 44 193 56 42 62 40 62 43 51 40 61 343 339 93
leaf_count=460 44 193 56 42 62 40 62 43 51 40 61 343 339 93
internal_value=0.000336962 -0.0058209 -0.0032646 -0.00702128 0.00163112 0.0031746 0.00233209 -0.00783133 0.00318504 0.00578231 0.00400372 0.000652742 -0.000623441 0.0123377
internal_weight=1929 335 291 235 1594 1134 1072 83 989 588 537 383 401 154
internal_count=1929 335 291 235 1594 1134 1072 83 989 588 537 383 401 154
is_linear=0
shrinkage=0.05


Tree=53
num_leaves=15
num_cat=0
split_feature=4 1 6 6 6 0 3 2 7 3 1 4 4 6
split_gain=5.37687 6.78874 5.24927 7.27888 9.88907 4.93669 4.78446 4.17837 10.0364 4.02019 7.27022 6.48214 5.43732 3.40231
threshold=8.4820000000000011 0.77682398610090087 11.900000000000002 11.592500000000001 11.204000000000002 18.636500000000002 5.0900000000000007 0.70936945408888341 787.03650000000005 99.995000000000019 -0.4283365962216687 16.259500000000003 15.736000000000002 12.3725
decision_type=2 2 2 2 2 2 2 2 2 2 2 2 2 2
left_child=1 7 3 4 5 9 -3 8 -1 10 -2 -11 -12 -4
right_child=2 6 13 -5 -6 -7 -8 -9 -10 11 12 -13 -14 -15
leaf_value=-0.0038625526896414603 0.047745993188240334 0.012981366346841623 -0.0043816699874719553 0.017971898311117864 -0.016589666358265576 0.024760778116635736 -0.00090233791286619097 0.00080596281610990645 -0.024603400204923659 0.025142543580057897 -0.0070561070926584346 -0.016472828055039239 0.015024689800721825 0.0001455902374860922
leaf_weight=146 47 42 107 58 56 95 44 77 44 42 89 54 74 954
leaf_count=146 47 42 107 58 56 95 44 77 44 42 89 54 74 954
internal_value=0.000336962 -0.00524079 0.00158629 0.00572816 0.0036105 0.0063591 0.00697674 -0.00917603 -0.0131579 0.00326797 0.00714286 -0.00520833 0.00214724 -0.000424128
internal_weight=1929 353 1576 515 457 401 86 267 190 306 210 96 163 1061
internal_count=1929 353 1576 515 457 401 86 267 190 306 210 96 163 1061
is_linear=0
shrinkage=0.05


Tree=54
num_leaves=15
num_cat=0
split_feature=4 8 2 7 7 2 5 6 0 4 0 6 6 2
split_gain=4.57798 4.97886 6.58659 3.82666 3.34275 4.45588 3.98479 4.29725 3.63443 6.18118 3.24482 4.73097 11.0823 4.4
threshold=6.4340000000000011 -1.9814999999999998 -0.29837325449147856 841.3805000000001 1032.6470000000002 0.97316076586151323 20.007500000000004 14.3725 29.786500000000004 18.364000000000004 15.195000000000002 9.0920000000000005 9.9825000000000017 -0.91084115863148152
decision_type=2 2 2 2 2 2 2 2 2 2 2 2 2 2
left_child=1 -1 -3 10 5 8 -6 -8 9 -5 11 13 -13 -2
right_child=3 2 -4 4 6 -7 7 -9 -10 -11 -12 12 -14 -15
leaf_value=-0.014041697943153268 -0.0013190039682912575 -0.0035974764400363043 0.013696198029505259 -0.01178310179577915 0.0096677135104491496 -0.034508894611199319 -0.011103696946021075 0.0035610606681963312 0.0011544083556407432 0.0012588318637050677 0.0030893392963260839 -0.021597750769576148 -0.00033154632536504805 0.031106944739742903
leaf_weight=88 55 54 43 135 45 48 52 64 195 84 774 42 195 55
leaf_count=88 55 54 43 135 45 48 52 64 195 84 774 42 195 55
internal_value=0.000181441 -0.0072973 0.000515464 0.000974771 -0.00216693 -0.004329 0.00403727 -0.000862069 -0.002657 -0.00707763 0.00272079 -0.00129683 -0.00527426 0.00727273
internal_weight=1929 185 97 1744 623 462 161 116 414 219 1121 347 237 110
internal_count=1929 185 97 1744 623 462 161 116 414 219 1121 347 237 110
is_linear=0
shrinkage=0.05


Tree=55
num_leaves=15
num_cat=0
split_feature=0 4 8 8 6 3 3 0 6 6 8 4 4 6
split_gain=4.31541 4.88609 5.32606 4.17493 4.73075 3.15269 5.90922 3.65389 5.68966 6.11196 9.9816 4.62906 4.24507 4.0845
threshold=30.893000000000004 6.7575000000000012 -1.5669999999999999 -1.8314999999999999 14.3375 1.0805000000000002 3.0915000000000004 16.784500000000005 11.838000000000003 9.1810000000000027 -1.3394999999999999 7.1865000000000014 6.4340000000000011 12.3725
decision_type=2 2 2 2 2 2 2 2 2 2 2 2 2 2
left_child=5 -2 3 4 -3 -1 -7 12 9 -9 -11 -10 -8 -13
right_child=1 2 -4 -5 -6 6 7 8 11 10 -12 13 -14 -15
leaf_value=-0.00065495070091948918 -0.020822751830683606 -0.0095589360895081063 -0.037583061035428973 0.018415171470674382 0.0025553370046852947 0.01067961703033278 -0.0079913026357902595 -0.00042287018113588428 0.0059084084479128721 0.013459798401837844 0.053148219468984403 -0.0088968227174681756 -0.00013895312278877498 0.00056280977840688924
leaf_weight=460 44 86 42 40 123 62 47 64 47 96 41 50 368 359
leaf_count=460 44 86 42 40 123 62 47 64 47 96 41 50 368 359
internal_value=0.000233281 -0.00492537 -0.00257732 0.000200803 -0.00263158 0.00131744 0.00273369 0.00186567 0.00418569 0.011194 0.0171533 0.00109649 -0.00180723 -0.000611247
internal_weight=1929 335 291 249 209 1594 1134 1072 657 201 137 456 415 409
internal_count=1929 335 291 249 209 1594 1134 1072 657 201 137 456 415 409
is_linear=0
shrinkage=0.05


Tree=56
num_leaves=15
num_cat=0
split_feature=0 8 8 5 5 7 4 2 4 5 5 7 8 6
split_gain=4.29446 4.4941 6.51295 3.26619 3.22888 5.68585 3.36692 6.16867 7.71378 4.23987 3.14877 5.96765 3.81232 4.97696
threshold=30.893000000000004 -1.5044999999999997 -1.8214999999999997 24.236500000000003 1.3810000000000002 131.14550000000003 7.0325000000000015 -0.5488429582847193 5.0305000000000009 15.435 6.6415000000000006 325.22550000000007 -0.97949999999999993 11.900000000000002
decision_type=2 2 2 2 2 2 2 2 2 2 2 2 2 2
left_child=3 2 -2 4 -1 -6 7 8 -7 -9 -8 -12 -13 -14
right_child=1 -3 -4 -5 5 6 10 9 -10 -11 11 12 13 -15
leaf_value=-0.0092359632627594702 -0.0067463996395181747 -0.032891774499432605 0.01549845089565618 -0.0053673339768983419 0.044584545618736093 -7.779816167956255e-05 -0.0073350077342462352 0.014675887523978581 -0.020335711109823323 -0.0031276826578065355 0.02328364671382771 0.00055736183437746505 0.030562001792911544 0.0018225127800432569
leaf_weight=40 249 41 45 78 58 42 109 43 41 40 42 977 40 84
leaf_count=40 249 41 45 78 58 42 109 43 41 40 42 977 40 84
internal_value=-7.77605e-05 -0.00522388 -0.00306122 0.00100376 0.00151715 0.00189702 0.00126939 -0.00542169 -0.0150602 0.00421687 0.00215655 0.00293088 0.00222525 0.0104839
internal_weight=1929 335 294 1594 1516 1476 1418 166 83 83 1252 1143 1101 124
internal_count=1929 335 294 1594 1516 1476 1418 166 83 83 1252 1143 1101 124
is_linear=0
shrinkage=0.05


Tree=57
num_leaves=15
num_cat=0
split_feature=0 8 8 4 6 1 3 3 0 2 8 8 0 2
split_gain=4.05913 4.66878 4.74585 3.2524 5.04608 4.53837 3.20562 4.83214 3.47065 7.1957 4.1897 10.3083 6.90906 5.31052
threshold=30.893000000000004 -1.5044999999999997 -1.8214999999999997 7.29 14.3375 -0.25950939392209715 1.0805000000000002 3.0915000000000004 16.784500000000005 -0.78621243120361772 -1.6314999999999997 -1.8574999999999997 29.786500000000004 0.29426351849031901
decision_type=2 2 2 2 2 2 2 2 2 2 2 2 2 2
left_child=6 2 3 -2 -5 -6 -1 -8 -9 -10 11 12 13 -11
right_child=1 -3 -4 4 5 -7 7 8 9 10 -12 -13 -14 -15
leaf_value=-0.00062826802185539084 -0.020425402306222785 -0.031247185774460975 0.014723528350873372 -0.008811957321272313 -0.013479278435897309 0.0081989516867382317 0.010117768087097266 -0.0011732048039829524 0.013973461414123638 0.0063323333885470443 0.0074381893347244491 -0.015081368713692679 0.0099671701984938802 -0.0081021205814886497
leaf_weight=460 41 41 45 87 44 77 62 415 53 149 247 67 45 96
leaf_count=460 41 41 45 87 44 77 62 415 53 149 247 67 45 96
internal_value=7.77605e-05 -0.00492537 -0.00272109 -0.00542169 -0.00288462 0.00371901 0.00112923 0.00255732 0.00177239 0.00403349 0.00248344 -0.000980392 0.00310345 -0.000204082
internal_weight=1929 335 294 249 208 121 1594 1134 1072 657 604 357 290 245
internal_count=1929 335 294 249 208 121 1594 1134 1072 657 604 357 290 245
is_linear=0
shrinkage=0.05


Tree=58
num_leaves=15
num_cat=0
split_feature=5 3 3 4 0 2 6 2 2 1 3 2 7 8
split_gain=4.03285 4.17229 5.52345 4.4567 3.6965 3.76413 4.87322 3.4478 4.02624 3.54675 3.3351 6.96365 5.55175 4.38686
threshold=16.972500000000004 59.282000000000004 32.666000000000004 13.448500000000001 23.976000000000003 0.95760036582190977 14.417000000000002 -0.95380106782931873 0.90542393716278702 0.098678873477280007 99.83550000000001 0.19429706169951341 351.27200000000011 -1.2689999999999999
decision_type=2 2 2 2 2 2 2 2 2 2 2 2 2 2
left_child=7 2 4 -3 -2 -6 -7 9 10 -1 12 -12 -9 -14
right_child=1 3 -4 -5 5 6 -8 8 -10 -11 11 -13 13 -15
leaf_value=-0.0088299580742927548 -0.0051696629888549122 -0.026033164111089847 0.0090446208986081026 -0.00086600274753048656 0.0013808269379502636 -0.028899680190808519 0.001020519238323936 0.04550719157910154 -0.01130450599513212 0.0025991069592147236 -0.008337057900342509 0.028623024622378285 0.00070000008571799585 0.0074018620497238469
leaf_weight=143 89 59 44 102 303 40 49 80 64 71 148 41 542 154
leaf_count=143 89 59 44 102 303 40 49 80 64 71 148 41 542 154
internal_value=-0.000129601 -0.003207 -0.00104762 -0.0102484 -0.00259875 -0.000510204 -0.00955056 0.00156879 0.00276968 -0.00420561 0.00357513 -0.00238095 0.00502577 0.00359195
internal_weight=1929 686 525 161 481 392 89 1243 1029 214 965 189 776 696
internal_count=1929 686 525 161 481 392 89 1243 1029 214 965 189 776 696
is_linear=0
shrinkage=0.05


Tree=59
num_leaves=15
num_cat=0
split_feature=5 0 8 0 3 2 5 7 2 4 8 5 5 8
split_gain=3.9053 7.17827 7.5582 7.54472 5.57207 5.31145 5.83145 5.29757 8.19394 7.04199 4.5863 4.47645 4.09186 6.96079
threshold=10.547000000000002 15.7995 -1.599 14.582500000000001 77.495500000000007 -0.87204617232061787 7.8715000000000002 544.66250000000002 0.023632005545605003 16.740000000000006 -2.0174999999999996 17.570000000000004 5.1435000000000004 -2.0249999999999999
decision_type=2 2 2 2 2 2 2 2 2 2 2 2 2 2
left_child=1 2 10 5 -2 6 -4 -6 -9 11 -1 -10 -3 -14
right_child=4 12 3 -5 7 -7 -8 8 9 -11 -12 -13 13 -15
leaf_value=-0.0012503139695428823 5.780049230658113e-06 -0.0027463284127689173 -0.019334458079160982 -0.012843110068457271 -0.045854470649915345 0.008565277994438342 0.0069903379304395198 0.012693241996150843 0.015317116716059882 -0.02058483759514141 0.024179962320935999 -0.011806872706224587 -0.0041908623043251719 0.020319466105316507
leaf_weight=61 1017 61 68 53 67 60 45 60 45 63 55 52 52 170
leaf_count=61 1017 61 68 53 67 60 45 60 45 63 55 52 52 170
internal_value=-0.000129601 0.00312 -0.00175439 -0.00707965 -0.00168712 -0.00202312 -0.00840708 -0.00783972 -0.00409091 -0.01 0.00862069 -0.00154639 0.0090106 0.0121622
internal_weight=1929 625 342 226 1304 173 113 287 220 160 116 97 283 222
internal_count=1929 625 342 226 1304 173 113 287 220 160 116 97 283 222
is_linear=0
shrinkage=0.05


Tree=60
num_leaves=15
num_cat=0
split_feature=4 4 7 2 7 1 1 3 2 7 3 1 0 4
split_gain=3.73421 4.91472 7.57878 3.58009 5.41917 4.19067 3.03025 5.70261 3.70446 6.02588 2.99145 2.91212 2.69062 2.59496
threshold=8.4820000000000011 9.8225000000000016 801.51350000000014 0.89420283937402645 1015.2205000000001 0.99351875964795655 0.77682398610090087 5.0900000000000007 0.70936945408888341 787.03650000000005 3.6180000000000003 0.1837425755813806 15.195000000000002 23.975500000000004
decision_type=2 2 2 2 2 2 2 2 2 2 2 2 2 2
left_child=6 2 -2 5 11 13 8 -8 9 12 -6 -5 -1 -3
right_child=1 3 -4 4 10 -7 7 -9 -10 -11 -12 -13 -14 -15
leaf_value=-0.011108932873370487 0.013808779285121239 0.0004831428237730959 -0.0081538157642843719 -0.027430345143455354 -0.0062223617085458765 -0.013203269096283422 0.011628647020107344 -0.0027224471503638588 0.0027325866940697274 -0.022645897346892228 0.0054705947628839353 -0.0075421332777175056 -0.00046931777700306987 0.0097075901815131017
leaf_weight=59 72 1029 41 46 71 60 42 44 77 44 42 43 87 172
leaf_count=59 72 1029 41 46 71 60 42 44 77 44 42 43 87 172
internal_value=-2.59202e-05 0.00101523 0.0110619 0.000239234 -0.00594059 0.00122918 -0.00467422 0.00348837 -0.00730337 -0.0110526 0.00132743 -0.0151685 -0.00616438 0.00187344
internal_weight=1929 1576 113 1463 202 1261 353 86 267 190 113 89 146 1201
internal_count=1929 1576 113 1463 202 1261 353 86 267 190 113 89 146 1201
is_linear=0
shrinkage=0.05


Tree=61
num_leaves=15
num_cat=0
split_feature=0 8 8 3 2 3 2 6 4 6 2 0 4 0
split_gain=3.29809 5.02813 5.7758 4.2066 6.399 4.46769 3.53952 4.59181 7.17656 5.80564 7.12536 4.17904 4.86342 3.46864
threshold=30.893000000000004 -1.5044999999999997 -1.8214999999999997 5.4370000000000012 0.81404609350821777 0.29000000000000004 0.46105717635705401 14.017500000000002 12.307 13.643500000000001 0.76110425866077447 25.241000000000003 12.307 21.179500000000004
decision_type=2 2 2 2 2 2 2 2 2 2 2 2 2 2
left_child=6 2 3 5 -5 -2 11 9 -9 10 -8 13 -13 -1
right_child=1 -3 -4 4 -6 -7 7 8 -10 -11 -12 12 -14 -15
leaf_value=-0.00011605569119328211 -0.0068362179245215595 -0.026421307387699433 0.01422913966939795 -0.022139846943108905 0.00044778109189519411 0.0034670474631552264 0.02643472004062122 0.0059685185034194623 -0.0059112436231185785 0.012377185773531545 -0.0010363202326076459 -0.013999327792598904 0.00013920132631195652 0.0055234581845208953
leaf_weight=878 85 41 45 60 49 55 59 41 91 46 95 73 96 215
leaf_count=878 85 41 45 60 49 55 59 41 91 46 95 73 96 215
internal_value=0.000181441 -0.00432836 -0.00204082 -0.00502008 -0.0123853 0.000714286 0.00112923 0.00572289 -0.00151515 0.0105 0.00584416 -7.92393e-05 -0.00739645 0.00105215
internal_weight=1929 335 294 249 109 140 1594 332 132 200 154 1262 169 1093
internal_count=1929 335 294 249 109 140 1594 332 132 200 154 1262 169 1093
is_linear=0
shrinkage=0.05


Tree=62
num_leaves=15
num_cat=0
split_feature=6 0 0 6 6 6 5 8 7 1 0 2 0 1
split_gain=3.39523 4.38899 6.55451 3.33547 4.92591 3.30523 4.4494 5.41871 2.63899 2.51833 3.34575 5.91888 3.18364 2.87481
threshold=11.162000000000001 18.636500000000002 20.129000000000001 11.592500000000001 11.865 12.3725 10.667500000000002 -1.4884999999999999 579.99650000000008 0.9186520315491703 25.241000000000003 0.1093682717844857 22.640500000000007 0.017189842955271029
decision_type=2 2 2 2 2 2 2 2 2 2 2 2 2 2
left_child=1 -1 -3 -2 -5 8 7 -7 -6 13 12 -12 -11 -8
right_child=3 2 -4 4 5 6 9 -9 -10 10 11 -13 -14 -15
leaf_value=0.00015030076587712327 -0.014144253502045834 0.029332548312216395 0.010636410706520483 0.0086395967863172832 -0.0084364733983081572 0.028464545030563605 -2.120204960799066e-05 -0.0024852008027661937 -0.00048034402917011555 -7.0948381672502481e-05 -0.012199492994220762 0.0051005788165477683 0.013493841719360498 -0.0030677528153502556
leaf_weight=396 73 44 72 60 72 44 491 42 57 48 45 65 61 359
leaf_count=396 73 44 72 60 72 44 491 42 57 48 45 65 61 359
internal_value=2.59202e-05 0.00351563 0.012069 -0.001235 -0.000669643 -0.00132399 -0.00047619 0.0104651 -0.00891473 -0.00135641 0.00342466 -0.00272727 0.00963303 -0.00258824
internal_weight=1929 512 116 1417 1344 1284 1155 86 129 1069 219 110 109 850
internal_count=1929 512 116 1417 1344 1284 1155 86 129 1069 219 110 109 850
is_linear=0
shrinkage=0.05


Tree=63
num_leaves=15
num_cat=0
split_feature=4 8 1 2 5 6 6 8 2 2 7 2 3 7
split_gain=3.2001 4.35427 5.82424 4.70731 3.60012 2.84888 4.34848 7.6037 7.27764 11.8054 6.75682 6.29348 5.82483 4.54448
threshold=7.0325000000000015 -1.7974999999999997 0.3491821996099142 0.70936945408888341 13.306500000000002 13.459500000000002 14.307500000000003 -1.9324999999999999 0.97117852567439111 0.70252747416915684 888.05300000000011 0.97316076586151323 2.7860000000000005 1026.0065000000002
decision_type=2 2 2 2 2 2 2 2 2 2 2 2 2 2
left_child=1 3 -3 4 -1 -2 8 10 9 12 -8 13 -7 -12
right_child=5 2 -4 -5 -6 6 7 -9 -10 -11 11 -13 -14 -15
leaf_value=-0.0062419566187818173 0.0013619709687353581 -0.0037391692995200954 0.019523060965508293 0.0026271027609572339 -0.020354673338598861 0.00043028372750391068 0.0085280976637944744 -0.012522276841316939 -0.028802578880995657 0.0084791862899074432 0.0011916817692843363 0.0099577194380919779 -0.011589518344509726 -0.013019798601265665
leaf_weight=51 1012 48 40 41 53 97 41 79 46 93 113 41 131 43
leaf_count=51 1012 48 40 41 53 97 41 79 46 93 113 41 131 43
internal_value=0.000129601 -0.00536481 0.00340909 -0.0106897 -0.0163462 0.000884434 -0.00160819 0.00268139 -0.00531335 -0.00264798 0.00714286 0.00329949 -0.00877193 -0.00128205
internal_weight=1929 233 88 145 104 1696 684 317 367 321 238 197 228 156
internal_count=1929 233 88 145 104 1696 684 317 367 321 238 197 228 156
is_linear=0
shrinkage=0.05


Tree=64
num_leaves=15
num_cat=0
split_feature=4 4 6 1 2 0 0 2 1 2 7 4 4 4
split_gain=4.56414 3.50072 4.3323 4.09839 3.96462 4.61909 5.32035 4.40055 3.24423 4.01048 5.64116 3.964 2.7952 3.52203
threshold=8.4820000000000011 9.8915000000000024 11.980000000000002 0.99052327954040398 0.89420283937402645 34.773500000000006 30.632500000000004 0.97316076586151323 0.77682398610090087 0.70936945408888341 787.03650000000005 6.4340000000000011 5.0305000000000009 6.9440000000000008
decision_type=2 2 2 2 2 2 2 2 2 2 2 2 2 2
left_child=8 2 -2 4 -3 6 7 -6 9 10 12 -10 -1 -14
right_child=1 3 -4 -5 5 -7 -8 -9 11 -11 -12 -13 13 -15
leaf_value=0.0024808942023794747 0.020380698911664854 0.00066389916337943056 0.0003687271220895544 -0.0085139761911602954 -0.010559717028125344 0.010548966536376398 -0.013563203450590545 0.0044451855590203369 -0.0018637670356449754 0.0018007055647710657 -0.020806578840805036 0.014899917970069849 -0.0108695167121955 -8.1889501891456443e-05
leaf_weight=47 51 1180 70 74 49 42 69 41 46 77 44 40 46 53
leaf_count=47 51 1180 70 74 49 42 69 41 46 77 44 40 46 53
internal_value=0.000181441 0.00133249 0.00950413 0.000652921 0.0012672 -0.00522388 -0.0091195 -0.00111111 -0.00495751 -0.0076779 -0.0115789 0.00348837 -0.00684932 -0.0116162
internal_weight=1929 1576 121 1455 1381 201 159 90 353 267 190 86 146 99
internal_count=1929 1576 121 1455 1381 201 159 90 353 267 190 86 146 99
is_linear=0
shrinkage=0.05


Tree=65
num_leaves=15
num_cat=0
split_feature=4 1 4 2 7 0 4 4 3 5 7 8 0 5
split_gain=4.16228 3.03025 3.964 3.70446 6.02588 2.69062 2.22776 3.94261 2.83471 2.43075 8.61487 6.49946 5.23556 2.49759
threshold=8.4820000000000011 0.77682398610090087 6.4340000000000011 0.70936945408888341 787.03650000000005 15.195000000000002 9.8915000000000024 10.572500000000002 2.4400000000000004 6.6415000000000006 325.22550000000007 -0.89849999999999997 14.996500000000001 10.547000000000002
decision_type=2 2 2 2 2 2 2 2 2 2 2 2 2 2
left_child=1 3 -3 4 5 -1 8 -8 -2 11 -11 12 -9 -12
right_child=6 2 -4 -5 -6 -7 7 9 -10 10 13 -13 -14 -15
leaf_value=-0.0096996248168872874 -0.0003928540700369079 -0.001770578683862728 0.014154922071566357 0.001710670286532512 -0.019766249898764788 -0.00038465038703007493 -0.012199619604544625 -0.0084653338441201716 0.012464755184959909 0.021205722337416189 0.0066171315467571882 -0.012962935382364083 0.013424753671020393 3.1167400935433469e-05
leaf_weight=59 44 46 40 77 44 87 80 59 77 40 281 61 40 894
leaf_count=59 44 46 40 77 44 87 80 59 77 40 281 61 40 894
internal_value=0.000233281 -0.00467422 0.00348837 -0.00730337 -0.0110526 -0.00616438 0.00133249 0.000790378 0.00785124 0.00141818 0.00218107 -0.004375 0.00353535 0.00140426
internal_weight=1929 353 86 267 190 146 1576 1455 121 1375 1215 160 99 1175
internal_count=1929 353 86 267 190 146 1576 1455 121 1375 1215 160 99 1175
is_linear=0
shrinkage=0.05


Tree=66
num_leaves=15
num_cat=0
split_feature=4 1 0 5 5 8 8 8 5 5 2 1 7 2
split_gain=3.6001 3.25351 3.49592 9.15135 2.79598 2.19728 6.99206 4.05433 2.51572 5.34936 4.01437 5.17819 3.82727 5.34565
threshold=6.9440000000000008 -0.70252096857941237 16.141500000000004 13.306500000000002 19.816500000000001 -0.59799999999999986 -0.17049999999999996 -0.73599999999999988 21.400000000000002 22.436500000000002 0.26123699986315735 -0.67760851415498091 1014.2325000000002 0.90906259831586944
decision_type=2 2 2 2 2 2 2 2 2 2 2 2 2 2
left_child=1 -1 -3 -4 -5 7 -7 8 12 -10 -11 -12 13 -2
right_child=5 2 3 4 -6 6 -8 -9 9 10 11 -13 -14 -15
leaf_value=-0.010699210587830557 0.00065926502257256103 -0.012977521188205554 0.019079465407131426 -0.010041791099835466 0.00025191666016808337 0.044294823607100846 -0.0085119145328952598 -0.020557002617616796 -0.013941541823172822 0.006362205616172803 -0.016241276093925717 0.00085182292886840658 0.0053464835928026203 -0.02291782917833678
leaf_weight=41 1119 50 46 45 43 52 51 40 40 46 61 157 85 53
leaf_count=41 1119 50 46 45 43 52 51 40 40 46 61 157 85 53
internal_value=0.000388802 -0.00555556 -0.00271739 0.00149254 -0.00795455 0.00117371 0.00825243 0.000718301 0.00112108 -0.00296053 -0.000378788 -0.00321101 0.00210819 0.00136519
internal_weight=1929 225 184 134 88 1704 103 1601 1561 304 264 218 1257 1172
internal_count=1929 225 184 134 88 1704 103 1601 1561 304 264 218 1257 1172
is_linear=0
shrinkage=0.05


Tree=67
num_leaves=15
num_cat=0
split_feature=4 8 2 1 2 1 6 5 0 0 4 4 3 4
split_gain=2.55079 4.21647 4.32658 3.57908 3.25371 2.01868 2.07964 5.53446 4.44921 3.90478 3.87641 5.50497 6.88513 5.7
threshold=6.9440000000000008 -1.7974999999999997 0.70936945408888341 0.31676515716386888 -0.41079147501339891 0.99466160899732492 11.162000000000001 8.0500000000000025 18.636500000000002 21.179500000000004 9.8225000000000016 13.033000000000001 45.218000000000011 15.880000000000001
decision_type=2 2 2 2 2 2 2 2 2 2 2 2 2 2
left_child=1 2 4 -3 -1 6 8 -8 10 -10 -2 -12 -13 -14
right_child=5 3 -4 -5 -6 -7 7 -9 9 -11 11 12 13 -15
leaf_value=-0.0087394163282532578 0.015895909079213327 -0.0030266129026504276 0.0023075829973357889 0.016918217775253073 -0.016320875881568182 -0.0055289239410178702 -0.0087839549504405753 0.00024872335843846848 0.025747637069082143 0.0096125634101067448 -0.0092507644071222143 0.023414012272947593 0.015026964966926957 -0.0080863188062504972
leaf_weight=51 55 45 41 40 48 66 50 1163 52 47 68 68 40 95
leaf_count=51 55 45 41 40 48 66 50 1163 52 47 68 68 40 95
internal_value=0.000336962 -0.00466667 -0.01 0.00411765 -0.0156566 0.000997653 0.0013431 0.000288541 0.00435294 0.0136364 0.00153374 -0.000922509 0.00320197 -0.00333333
internal_weight=1929 225 140 85 99 1704 1638 1213 425 99 326 271 203 135
internal_count=1929 225 140 85 99 1704 1638 1213 425 99 326 271 203 135
is_linear=0
shrinkage=0.05


Tree=68
num_leaves=15
num_cat=0
split_feature=4 3 3 2 5 5 7 7 2 2 7 5 5 5
split_gain=2.85388 3.88613 5.14264 2.03553 1.96409 4.74578 10.0338 2.31864 5.03378 4.95173 3.79405 2.71388 4.38577 5.45873
threshold=6.9440000000000008 79.546000000000021 1.7030000000000001 0.12643880951666986 27.956500000000002 24.236500000000003 974.11050000000012 980.84100000000001 0.95760036582190977 0.87796008470088804 1026.0065000000002 21.521000000000004 18.894500000000004 16.972500000000004
decision_type=2 2 2 2 2 2 2 2 2 2 2 2 2 2
left_child=1 2 -1 -4 5 7 -7 9 10 11 -9 12 13 -2
right_child=4 -3 3 -5 -6 6 -8 8 -10 -11 -12 -13 -14 -15
leaf_value=-0.0064170357333535044 0.00050648156315246729 -0.0083024455118405945 -1.4749214304150826e-05 0.0057728109791151064 0.0022708036686052368 0.0018719833698825747 -0.018296068716535763 0.010293706821490851 -0.0019863295111431866 -0.020987924566979673 0.0021273064020132736 -0.0029883749036098695 0.0098549328410048112 -0.0055755184887161142
leaf_weight=73 1004 71 40 41 73 44 67 65 74 58 60 59 97 103
leaf_count=73 1004 71 40 41 73 44 67 65 74 58 60 59 97 103
internal_value=0.000181441 -0.00511111 -0.000649351 0.00802469 0.000880282 0.000521153 -0.00945946 0.00125 0.00628141 0.000492051 0.0124 0.00114806 0.00166113 0.000767841
internal_weight=1929 225 154 81 1704 1631 111 1520 199 1321 125 1263 1204 1107
internal_count=1929 225 154 81 1704 1631 111 1520 199 1321 125 1263 1204 1107
is_linear=0
shrinkage=0.05


Tree=69
num_leaves=15
num_cat=0
split_feature=4 8 2 4 1 1 2 8 5 8 7 3 4 0
split_gain=2.96312 4.35427 4.75541 3.85624 2.089 2.18729 3.19551 2.16426 4.07165 3.04288 4.58724 10.5842 2.4304 6.38996
threshold=7.0325000000000015 -1.7974999999999997 -0.4572439375041048 5.2545000000000011 0.99351875964795655 0.96230016621822489 -0.11593459959550052 -0.59799999999999986 6.8685000000000009 -0.80999999999999994 351.27200000000011 99.918500000000009 15.736000000000002 16.570000000000004
decision_type=2 2 2 2 2 2 2 2 2 2 2 2 2 2
left_child=1 3 -3 -1 5 7 -7 9 -9 10 11 -2 -12 -14
right_child=4 2 -4 -5 -6 6 -8 8 -10 -11 12 -13 13 -15
leaf_value=-0.0010499274546613869 0.042406472693726667 -0.002296763153658518 0.016964142026397899 -0.011547851096165962 -0.0052967425642803075 -0.0016671185549841068 0.028009519512439369 -0.0014565491688791734 0.029061429081728221 -0.022155032992841706 -0.0008019736174971246 -0.0035642776026873196 -0.0043343917426318683 0.0021572634851749761
leaf_weight=74 52 47 41 71 71 41 44 43 52 59 724 70 117 423
leaf_count=74 52 47 41 71 71 41 44 43 52 59 724 70 117 423
internal_value=-7.77605e-05 -0.00536481 0.00340909 -0.0106897 0.000648585 0.00101538 0.00882353 0.000584416 0.00789474 0.000103806 0.000577201 0.00983607 -0.000316456 0.00222222
internal_weight=1929 233 88 145 1696 1625 85 1540 95 1445 1386 122 1264 540
internal_count=1929 233 88 145 1696 1625 85 1540 95 1445 1386 122 1264 540
is_linear=0
shrinkage=0.05


Tree=70
num_leaves=15
num_cat=0
split_feature=4 1 0 5 3 7 0 4 1 5 6 5 8 0
split_gain=2.46205 3.30928 4.34806 6.46538 4.44444 4.01389 6.28028 3.02728 3.95229 3.39833 4.92844 4.95149 3.9932 4.19129
threshold=8.4820000000000011 -0.7266007961912001 14.996500000000001 13.306500000000002 57.029500000000006 796.81850000000009 31.360500000000005 9.8915000000000024 0.99052327954040398 27.956500000000002 13.811500000000001 15.649000000000003 -1.4149999999999998 28.732500000000005
decision_type=2 2 2 2 2 2 2 2 2 2 2 2 2 2
left_child=1 -1 -3 4 -4 -5 -7 -2 9 10 -9 -12 13 -13
right_child=7 2 3 5 -6 6 -8 8 -10 -11 11 12 -14 -15
leaf_value=-0.009230308633969949 0.0047747388276407014 -0.0071362818698196611 0.010529973311340715 -0.01162118726931302 0.00010745155036881102 0.012602983830342529 -0.013619366249594745 0.0008311698520939479 -0.0085839374900747948 0.0026515609544813024 0.0050764027869880241 -0.0066937435185347727 -0.01704890188134418 0.00030753043069189635
leaf_weight=66 121 53 45 48 45 41 55 920 74 66 40 115 41 199
leaf_count=66 121 53 45 48 45 41 55 920 74 66 40 115 41 199
internal_value=0.000233281 -0.00354108 -0.00121951 0.0017094 0.0122222 -0.00486111 0.00104167 0.00107868 0.000446735 0.00104996 0.000494297 -0.00417722 -0.00605634 -0.00414013
internal_weight=1929 353 287 234 90 144 96 1576 1455 1381 1315 395 355 314
internal_count=1929 353 287 234 90 144 96 1576 1455 1381 1315 395 355 314
is_linear=0
shrinkage=0.05


Tree=71
num_leaves=15
num_cat=0
split_feature=5 5 7 5 0 3 5 5 6 4 3 5 6 4
split_gain=2.87278 7.80129 6.64146 6.27444 3.06253 4.4404 3.74487 7.6463 4.73464 4.70996 3.40294 3.27777 5.02993 6.29239
threshold=12.113500000000002 11.477500000000001 579.99650000000008 11.058000000000002 15.7995 1.0805000000000002 9.3785000000000007 8.6520000000000028 11.342500000000001 15.320000000000002 99.998000000000005 5.1435000000000004 10.690500000000002 17.547000000000004
decision_type=2 2 2 2 2 2 2 2 2 2 2 2 2 2
left_child=1 3 -2 4 6 -6 7 9 -8 -1 -11 -7 -13 -14
right_child=2 -3 -4 -5 5 11 8 -9 -10 10 -12 12 13 -15
leaf_value=0.0043582303177785503 -0.015465903252249835 0.019780924355895409 -0.00011434721267144597 -0.015454266944099231 -0.0077474419657213023 -0.0014252802030399138 0.019909206074295076 -0.0097411738236715673 -0.0034837956310702634 -0.00082102302984697758 -0.011118528898493039 0.028139877118125128 -0.0012576663084962886 0.024001987553407645
leaf_weight=112 95 72 1024 48 40 61 43 47 47 75 44 76 98 47
leaf_count=112 95 72 1024 48 40 61 43 47 47 75 44 76 98 47
internal_value=7.77605e-05 0.00234568 -0.0015639 0.000813008 0.00202899 0.00559006 -0.00108696 -0.00395683 0.00777778 -0.00021645 -0.00714286 0.00780142 0.0106335 0.00517241
internal_weight=1929 810 1119 738 690 322 368 278 90 231 119 282 221 145
internal_count=1929 810 1119 738 690 322 368 278 90 231 119 282 221 145
is_linear=0
shrinkage=0.05


Tree=72
num_leaves=15
num_cat=0
split_feature=6 5 0 0 3 6 0 8 0 6 6 4 2 5
split_gain=2.26761 4.27511 4.11018 4.6461 3.59037 4.38837 6.06465 5.09422 6.17736 4.34809 3.66536 2.3184 2.91915 1.98345
threshold=11.162000000000001 7.8170000000000011 18.636500000000002 20.020000000000003 5.7465000000000011 9.0920000000000005 14.772 -1.4254999999999998 13.764500000000002 7.2535000000000007 9.3315000000000019 6.4340000000000011 0.70936945408888341 8.5645000000000007
decision_type=2 2 2 2 2 2 2 2 2 2 2 2 2 2
left_child=2 -2 4 -4 10 7 -7 9 -9 -6 -1 12 -3 -13
right_child=1 11 3 -5 5 6 -8 8 -10 -11 -12 13 -14 -15
leaf_value=-0.0026414636223602637 -0.0087056108408131942 -0.0075696427016126644 0.030980874490477261 0.0088173110840350857 0.0011623555156627858 -0.016992551345197737 0.0014097056765841694 0.00742348522883245 -0.021656789273895485 0.019683316073980398 0.013087445882048312 0.018073770560862418 0.0021894861212137461 -0.00010428686700596699
leaf_weight=41 42 78 40 76 40 59 56 43 47 41 69 41 41 1215
leaf_count=41 42 78 40 76 40 59 56 43 47 41 69 41 41 1215
internal_value=7.77605e-05 -0.000952717 0.00292969 0.0112069 0.000505051 -0.00244755 -0.01 0.00263158 -0.00555556 0.0117284 0.00818182 -0.000472727 -0.00714286 0.000159236
internal_weight=1929 1417 512 116 396 286 115 171 90 81 110 1375 119 1256
internal_count=1929 1417 512 116 396 286 115 171 90 81 110 1375 119 1256
is_linear=0
shrinkage=0.05


Tree=73
num_leaves=15
num_cat=0
split_feature=2 3 3 6 7 8 5 5 2 2 8 1 3 1
split_gain=2.68917 5.56209 4.92113 3.50083 3.9254 2.98408 7.02895 3.84116 3.69318 7.76752 5.21684 4.29652 3.68149 4.02466
threshold=-0.95380106782931873 94.631500000000003 6.650500000000001 13.785500000000001 1009.8975000000002 -2.2124999999999999 16.771500000000003 27.956500000000002 0.95760036582190977 0.78298010367706283 -2.0414999999999996 0.79018178354239854 0.040000000000000001 0.20061247795988868
decision_type=2 2 2 2 2 2 2 2 2 2 2 2 2 2
left_child=1 2 -1 4 -2 6 -5 12 9 10 -7 -12 -8 -14
right_child=3 -3 -4 5 -6 8 7 -9 -10 -11 11 -13 13 -15
leaf_value=-0.00044320380402190914 0.0006211540174058173 0.0077731079342157174 -0.018945373234301618 0.011868683389835362 0.0094526795546885575 -0.013833412812333044 0.0061526847830237104 0.003051561580619941 -0.018934707748015533 0.0081847495256857309 -0.010005411459079922 0.0027225299691444765 -0.001083664330334 -0.012639010083378924
leaf_weight=92 1028 63 60 43 50 47 91 40 73 57 61 64 99 61
leaf_count=92 1028 63 60 43 50 47 91 40 73 57 61 64 99 61
internal_value=-7.77605e-05 -0.00534884 -0.0105263 0.000583431 0.00231911 -0.00235849 0.000898204 -0.00189003 -0.00596026 -0.00283843 -0.00813953 -0.0028 -0.00418327 -0.00875
internal_weight=1929 215 152 1714 1078 636 334 291 302 229 172 125 251 160
internal_count=1929 215 152 1714 1078 636 334 291 302 229 172 125 251 160
is_linear=0
shrinkage=0.05


Tree=74
num_leaves=15
num_cat=0
split_feature=2 3 3 4 0 4 6 6 2 2 1 6 1 0
split_gain=3.35972 4.60764 4.92113 2.93285 2.64671 6.2176 6.37536 4.1583 3.23711 4.93717 5.42788 4.88063 4.23793 4.58704
threshold=-0.95380106782931873 94.631500000000003 6.650500000000001 13.923500000000002 31.653000000000002 15.992000000000003 14.2475 14.683500000000002 0.46105717635705401 -0.010746888578547886 -0.96683886033945943 14.555000000000001 0.89896131060349826 23.348500000000005
decision_type=2 2 2 2 2 2 2 2 2 2 2 2 2 2
left_child=1 2 3 -1 8 6 -6 -8 9 10 -2 -10 13 -11
right_child=4 -3 -4 -5 5 -7 7 -9 11 12 -12 -13 -14 -15
leaf_value=-0.0078744132379491554 0.0053282102189542574 0.0073844525375049326 -0.017998104572586535 0.0098506388154684498 -0.034415045743284349 0.0020955829481289602 0.0041195906407424212 -0.010820225774409426 0.0051747853803423508 -0.00049570872557057615 0.00046484412611658702 -0.0078214076790047004 0.00014748333828457777 -0.022114673221492256
leaf_weight=43 72 63 60 49 51 102 59 52 322 60 731 63 128 74
leaf_count=43 72 63 60 49 51 102 59 52 322 60 731 63 128 74
internal_value=7.77605e-05 -0.00581395 -0.0105263 -0.00326087 0.000816803 -0.00378788 -0.00987654 -0.00315315 0.00165517 0.000234742 0.00217933 0.00558442 -0.00572519 -0.0119403
internal_weight=1929 215 152 92 1714 264 162 111 1450 1065 803 385 262 134
internal_count=1929 215 152 92 1714 264 162 111 1450 1065 803 385 262 134
is_linear=0
shrinkage=0.05


Tree=75
num_leaves=15
num_cat=0
split_feature=2 0 5 7 1 4 7 3 7 5 2 8 3 0
split_gain=2.96015 3.67546 6.09174 2.9353 2.26342 3.91154 2.41907 4.3004 5.1353 4.1986 3.63337 4.48332 6.53458 5.42366
threshold=-0.95380106782931873 13.836500000000003 8.7505000000000006 446.66300000000007 0.98902500162601181 14.555500000000002 801.51350000000014 99.83550000000001 385.47950000000009 27.956500000000002 0.24460549819462502 -2.2824999999999993 5.0555000000000012 13.836500000000003
decision_type=2 2 2 2 2 2 2 2 2 2 2 2 2 2
left_child=1 3 -3 -1 6 -6 7 8 -2 -8 11 12 -10 -13
right_child=4 2 -4 -5 5 -7 9 -9 10 -11 -12 13 -14 -15
leaf_value=-0.0029026167767571606 0.039455903596884362 0.0086914816710084563 -0.0086238388683022148 -0.012356709877267611 0.0022275157257043822 -0.012501522378418865 -0.00071448717758514362 -0.003051452154894409 0.0021498120240751135 0.0021954213868345812 0.027808275344817886 0.013624197669913971 0.018389038511456093 -0.00091512080103452751
leaf_weight=40 89 56 65 54 62 41 677 203 65 78 60 60 45 334
leaf_count=40 89 56 65 54 62 41 677 203 65 78 60 60 45 334
internal_value=0.000181441 -0.00534884 0.000413223 -0.012766 0.000875146 -0.00631068 0.00133457 0.00315421 0.00513017 -0.000728477 0.00336879 0.00198413 0.0109091 -0.000507614
internal_weight=1929 215 121 94 1714 103 1611 856 653 755 564 504 110 394
internal_count=1929 215 121 94 1714 103 1611 856 653 755 564 504 110 394
is_linear=0
shrinkage=0.05


Tree=76
num_leaves=15
num_cat=0
split_feature=5 4 0 1 2 2 4 5 7 6 4 8 6 2
split_gain=2.39137 3.12195 3.01342 6.43813 2.40661 2.61686 2.75936 3.45717 7.81572 2.74806 2.71346 7.49591 5.89039 2.9724
threshold=27.956500000000002 16.168000000000003 33.255000000000003 0.5043284533698108 0.99276848381014016 0.95760036582190977 25.755000000000006 24.236500000000003 980.84100000000001 14.041500000000001 6.4340000000000011 -1.9814999999999998 14.509500000000001 0.78884570776442897
decision_type=2 2 2 2 2 2 2 2 2 2 2 2 2 2
left_child=2 -2 4 -4 5 6 7 8 10 -10 11 -1 13 -12
right_child=1 -3 3 -5 -6 -7 -8 -9 9 -11 12 -13 -14 -15
leaf_value=-0.016738867655472812 -0.0069360221764950937 0.0042778571190017212 -0.016021379563341077 0.0023667350813488227 0.0034112833128133097 -0.013698679772991036 0.0072269732236188355 -0.011792113707856745 0.012883014310114136 0.0022999947245527785 -0.0001005537488282915 0.00025204901202772746 0.0082247479507463229 -0.0099798796502182929
leaf_weight=51 41 41 87 49 40 58 112 58 63 55 1087 83 51 53
leaf_count=51 41 41 87 49 40 58 112 58 63 55 1087 83 51 53
internal_value=0.000181441 0.00853659 -0.000189496 -0.00735294 0.000379895 8.97666e-05 0.000464972 -9.99334e-05 0.00038115 0.0127119 -0.000716981 -0.00746269 4.19815e-05 -0.000701754
internal_weight=1929 82 1847 136 1711 1671 1613 1501 1443 118 1325 134 1191 1140
internal_count=1929 82 1847 136 1711 1671 1613 1501 1443 118 1325 134 1191 1140
is_linear=0
shrinkage=0.05


Tree=77
num_leaves=15
num_cat=0
split_feature=5 4 0 3 4 6 0 7 1 5 5 0 0 6
split_gain=2.48123 3.12195 2.15829 4.459 2.78757 3.00114 1.90594 3.63847 5.0912 6.94885 7.18399 5.82742 4.31878 3.20526
threshold=27.956500000000002 16.168000000000003 31.653000000000002 0.03500000000000001 15.992000000000003 14.323500000000001 14.867000000000003 145.79200000000003 -0.30451802849190396 7.1690000000000014 10.787500000000001 13.502000000000001 13.764500000000002 11.865
decision_type=2 2 2 2 2 2 2 2 2 2 2 2 2 2
left_child=2 -2 6 -4 5 -5 7 -1 11 -10 12 -9 -11 -8
right_child=1 -3 3 4 -6 -7 13 8 9 10 -12 -13 -14 -15
leaf_value=0.021313370972747943 -0.0065892210676703374 0.0040639642630516341 0.009696773064784012 -0.035320747037211851 -0.00016849242755693217 -0.011318262603271146 0.0047368623786231551 0.020576987972245987 -0.031924693254498995 -0.0027303071953609288 -0.0122346039119545 -0.0069784896760085495 0.0024386380818496381 -9.271397307572955e-05
leaf_weight=64 41 41 58 40 61 61 376 52 50 58 40 40 49 898
leaf_count=64 41 41 58 40 61 61 376 52 50 58 40 40 49 898
internal_value=2.59202e-05 0.00853659 -0.000351922 -0.005 -0.00925926 -0.0143564 0.000276583 -0.0029745 -0.00536332 -0.00989848 -0.00442177 0.00434783 0.00233645 0.00117739
internal_weight=1929 82 1847 220 162 101 1627 353 289 197 147 92 107 1274
internal_count=1929 82 1847 220 162 101 1627 353 289 197 147 92 107 1274
is_linear=0
shrinkage=0.05


Tree=78
num_leaves=15
num_cat=0
split_feature=5 7 8 0 1 3 4 4 8 3 6 4 1 1
split_gain=2.60615 3.26091 5.04167 3.16781 10.1394 5.73413 4.03653 5.01728 6.69369 12.7428 8.8755 4.84245 8.03883 3.92205
threshold=1.3810000000000002 178.33100000000002 -0.94149999999999989 13.764500000000002 -0.32533907195844741 5.0900000000000007 15.577000000000004 16.620500000000003 -2.0519999999999996 12.684000000000003 14.257500000000002 17.982500000000005 -0.10738035228456493 0.86095304316285726
decision_type=2 2 2 2 2 2 2 2 2 2 2 2 2 2
left_child=-1 2 -2 4 -3 -6 -5 -8 9 -9 11 -10 -13 -14
right_child=1 3 -4 6 5 -7 7 8 10 -11 -12 12 13 -15
leaf_value=-0.0092263256455648018 0.038464229917739387 0.018572017715702684 -0.0040703957291309883 -0.00056735192165326901 0.00031242053292931813 -0.018301982259892512 0.015711390280161119 0.012401896322353785 -0.014539985829753136 -0.0021566421227044441 -0.01866694072636358 -0.0028892161610544879 0.019152778099607748 -0.00047571698557018899
leaf_weight=40 48 52 48 992 40 72 88 107 40 111 55 115 81 40
leaf_count=40 48 52 48 992 40 72 88 107 40 111 55 115 81 40
internal_value=0.000129601 0.000397035 0.009375 -8.36587e-05 -0.00670732 -0.0151786 0.00058318 0.00368917 0.00191257 0.0087156 -0.00256798 0.00108696 0.00381356 0.0128099
internal_weight=1929 1889 96 1793 164 112 1629 637 549 218 331 276 236 121
internal_count=1929 1889 96 1793 164 112 1629 637 549 218 331 276 236 121
is_linear=0
shrinkage=0.05


Tree=79
num_leaves=15
num_cat=0
split_feature=5 7 8 5 8 8 3 2 0 3 8 8 5 5
split_gain=2.50027 3.45602 5.04167 2.02713 2.92914 3.12851 7.40038 4.64827 12.5743 3.24457 5.24877 6.43363 3.92296 6.91498
threshold=1.3810000000000002 178.33100000000002 -0.94149999999999989 27.956500000000002 -2.8144999999999993 -2.4234999999999993 0.040000000000000001 0.95760036582190977 30.709500000000002 0.23850000000000002 -1.6824999999999999 -1.3689999999999998 7.5870000000000006 8.3350000000000026
decision_type=2 2 2 2 2 2 2 2 2 2 2 2 2 2
left_child=-1 2 -2 4 -3 6 -6 9 -9 10 -7 -12 -11 -14
right_child=1 3 -4 -5 5 7 -8 8 -10 12 11 -13 13 -15
leaf_value=-0.008765009363286563 0.036541018421852416 -0.0062304387949171369 -0.003866875942674436 0.0017595240962634707 0.010110760436346497 -0.005879168765859033 -0.00027863832499302468 0.0037915163413807583 -0.034914274159204305 -0.0076778413823150558 0.0068112245133505698 -0.002118086142108508 0.025537850266504437 0.00059807710669350237
leaf_weight=40 48 122 48 82 63 209 165 42 59 142 54 77 66 712
leaf_count=40 48 122 48 82 63 209 165 42 59 142 54 77 66 712
internal_value=-0.000129601 0.000132345 0.009375 -0.000362521 -0.000730567 -0.000157332 0.00526316 -0.00106539 -0.0113861 -0.000238095 -0.00441176 0.00343511 0.00130435 0.00269923
internal_weight=1929 1889 96 1793 1711 1589 228 1361 101 1260 340 131 920 778
internal_count=1929 1889 96 1793 1711 1589 228 1361 101 1260 340 131 920 778
is_linear=0
shrinkage=0.05


Tree=80
num_leaves=15
num_cat=0
split_feature=5 2 2 6 6 4 6 0 6 8 8 1 2 6
split_gain=1.79529 2.60659 4.62679 5.16142 9.50543 4.48096 4.77388 7.60485 5.45097 5.20335 5.14907 4.76127 6.6791 3.93265
threshold=27.956500000000002 0.87796008470088804 0.70252747416915684 14.429000000000002 13.492000000000003 25.755000000000006 13.466500000000002 21.318500000000004 14.586500000000003 -1.6314999999999997 -2.4174999999999995 0.86674087925701782 0.023632005545605003 12.559500000000002
decision_type=2 2 2 2 2 2 2 2 2 2 2 2 2 2
left_child=1 2 5 4 -4 6 7 -1 9 10 -8 -9 -13 -7
right_child=-2 -3 3 -5 -6 13 8 11 -10 -11 -12 12 -14 -15
leaf_value=-0.00050563031733284888 0.0016715478914502953 -0.0021608095956218267 0.0063156993419668881 -0.0071664927397277816 0.0131512888271444 0.00099807994723478542 -0.00026470640874337592 0.025647574086499758 0.00097609298680449989 0.0013809006755807708 -0.011556548420667804 -0.0029134045333318787 0.026975078563432155 0.019851400994441742
leaf_weight=785 82 251 62 45 48 62 79 60 85 59 160 64 45 42
leaf_count=785 82 251 62 45 48 62 79 60 85 59 160 64 45 42
internal_value=7.77605e-05 -0.000243638 0.000501253 0.00870968 0.0145455 -0.000381679 -0.00115931 0.000733753 -0.00587467 -0.0090604 -0.0123431 0.010355 0.00412844 0.00961538
internal_weight=1929 1847 1596 155 110 1441 1337 954 383 298 239 169 109 104
internal_count=1929 1847 1596 155 110 1441 1337 954 383 298 239 169 109 104
is_linear=0
shrinkage=0.05


Tree=81
num_leaves=15
num_cat=0
split_feature=8 8 8 2 8 1 7 4 2 6 7 7 3 7
split_gain=1.98054 5.96206 2.94421 2.22403 6.16431 6.61944 3.35637 4.25245 3.25984 4.74977 2.97518 7.68061 5.06686 4.77768
threshold=-0.24049999999999996 -0.59799999999999986 -0.73599999999999988 -0.94849615754507433 -1.3689999999999998 0.098678873477280007 291.06100000000009 15.934500000000002 -0.88835394722870831 9.5710000000000033 649.77400000000011 680.50850000000003 99.694000000000003 500.97950000000009
decision_type=2 2 2 2 2 2 2 2 2 2 2 2 2 2
left_child=1 2 3 4 5 -1 7 -5 -8 -10 12 -12 13 -11
right_child=-2 -3 -4 6 -6 -7 8 -9 9 10 11 -13 -14 -15
leaf_value=-0.0091593088956670506 -0.0069639061172986488 0.040202565643330218 -0.019375768417925793 0.035295040350413101 -0.013875794112792068 0.014033521064555163 0.004830263618329507 -0.0024134524509233065 -0.01786455073304578 0.013463923438116993 0.010420806618976429 0.00022859807087409757 -0.02032064545250813 -0.00081827473824556691
leaf_weight=87 56 52 43 65 57 54 76 46 42 40 66 981 58 206
leaf_count=87 56 52 43 65 57 54 76 46 42 40 66 981 58 206
internal_value=0.000336962 0.000613988 0.000137287 0.000449944 -0.00454545 0.00106383 0.00107595 0.00945946 0.000442478 -0.000107681 0.000407106 0.00167144 -0.00394737 -0.000813008
internal_weight=1929 1873 1821 1778 198 141 1580 111 1469 1393 1351 1047 304 246
internal_count=1929 1873 1821 1778 198 141 1580 111 1469 1393 1351 1047 304 246
is_linear=0
shrinkage=0.05


Tree=82
num_leaves=15
num_cat=0
split_feature=7 0 2 8 0 4 6 4 8 4 7 2 1 5
split_gain=1.79659 5.47425 3.00684 7.04987 9.13086 2.92922 3.57069 2.97969 6.9909 3.426 3.59818 3.79045 3.33656 2.60144
threshold=1052.9945000000002 27.451500000000006 0.90906259831586944 -2.3499999999999996 30.408000000000005 25.755000000000006 12.559500000000002 21.886000000000006 -1.3794999999999997 19.726500000000005 131.14550000000003 -0.9951106240145321 0.28397372121269165 21.400000000000002
decision_type=2 2 2 2 2 2 2 2 2 2 2 2 2 2
left_child=2 -2 5 -4 -5 7 -7 9 -9 10 -1 -12 -11 -13
right_child=1 -3 3 4 -6 6 -8 8 -10 12 11 13 -14 -15
leaf_value=0.019566292080139672 -0.0018845602103891468 0.011692815028267044 0.0037069967718076028 0.004212282188633662 -0.020946996933781638 0.00017427786378402811 0.019884678711791056 0.0037856146531048854 -0.01778593114415369 0.0012646021809659376 -0.023693718472033526 0.00039199078999986592 0.01327187527448174 -0.0061051564392773823
leaf_weight=65 43 48 58 54 81 65 48 85 67 60 43 1005 46 161
leaf_count=65 43 48 58 54 81 65 48 85 67 60 43 1005 46 161
internal_value=0.000285122 0.00714286 -5.4407e-05 -0.00595855 -0.0122222 0.000638298 0.00840708 6.52742e-05 -0.00657895 0.000797101 7.84929e-05 -0.000537634 0.00943396 0
internal_weight=1929 91 1838 193 135 1645 113 1532 152 1380 1274 1209 106 1166
internal_count=1929 91 1838 193 135 1645 113 1532 152 1380 1274 1209 106 1166
is_linear=0
shrinkage=0.05


Tree=83
num_leaves=15
num_cat=0
split_feature=6 7 8 8 0 6 7 6 5 5 5 5 6 6
split_gain=2.60163 4.30323 3.05734 3.49121 3.00552 4.97563 8.75811 5.597 5.36241 4.8844 4.23682 3.41346 3.38498 8.53039
threshold=6.9270000000000005 134.94800000000004 -0.24049999999999996 -0.59799999999999986 15.195000000000002 11.865 524.99750000000006 12.3725 13.215000000000002 11.418500000000002 10.667500000000002 10.143500000000001 9.0920000000000005 9.9825000000000017
decision_type=2 2 2 2 2 2 2 2 2 2 2 2 2 2
left_child=-1 -2 3 4 12 8 -7 -8 9 11 -9 -6 -3 -14
right_child=1 2 -4 -5 5 6 7 10 -10 -11 -12 -13 13 -15
leaf_value=-0.0054897431360111442 0.047905529274279796 0.011365673073746287 -0.014608562595633319 0.035308368144680302 0.0082540507277691529 -0.019540162855927235 -0.0060302116908193112 0.0093053230212412404 -0.0040213118880146241 0.020284023982809925 0.00027542256602742788 -0.0038694502788432562 -0.014930561312633213 -0.0006003887339727774
leaf_weight=80 44 53 41 40 153 41 57 54 44 41 1017 43 41 180
leaf_count=80 44 53 41 40 153 41 57 54 44 41 1017 43 41 180
internal_value=7.77605e-05 0.000459708 8.31025e-05 0.000396825 5.80046e-05 0.000965517 -0.000470488 0.00035461 0.0069395 0.00991561 0.00116713 0.00663265 -0.00474453 -0.00746606
internal_weight=1929 1849 1805 1764 1724 1450 1169 1128 281 237 1071 196 274 221
internal_count=1929 1849 1805 1764 1724 1450 1169 1128 281 237 1071 196 274 221
is_linear=0
shrinkage=0.05


Tree=84
num_leaves=15
num_cat=0
split_feature=5 7 0 3 1 2 8 7 3 8 2 0 0 3
split_gain=2.56354 3.32017 2.28089 5.20743 5.52069 3.68459 4.0744 3.32039 4.10411 2.6631 5.72485 11.5716 5.03298 4.4845
threshold=1.3810000000000002 131.14550000000003 14.817000000000002 19.448000000000004 1.0000000180025095e-35 -0.83160410544417529 -1.575 364.67300000000006 99.644500000000008 -2.3499999999999996 0.95760036582190977 30.709500000000002 33.702500000000008 99.951000000000008
decision_type=2 2 2 2 2 2 2 2 2 2 2 2 2 2
left_child=-1 -2 3 4 -3 6 -5 8 -4 -9 12 -12 13 -11
right_child=1 2 7 5 -6 -7 -8 9 -10 10 11 -13 -14 -15
leaf_value=-0.0071376754444861384 0.030987389717678029 0.014242375558727073 0.033237946783547426 -0.003085805475518576 -0.0017475380338443246 0.0038558631398224758 -0.022907222187360379 0.001165772468309645 -0.0036759777649010951 -0.00059087649055737938 0.0036979233135107665 -0.031058152832178998 0.018371565201813166 0.0033938868556695591
leaf_weight=40 58 74 47 48 62 40 64 417 43 791 41 65 54 85
leaf_count=40 58 74 47 48 62 40 64 417 43 791 41 65 54 85
internal_value=2.59202e-05 0.000291159 -8.19224e-05 -0.00416667 0.00294118 -0.0105263 -0.0151786 0.000680493 0.01 0.000103235 -0.00125483 -0.0122642 0 -0.000913242
internal_weight=1929 1889 1831 288 136 152 112 1543 90 1453 1036 106 930 876
internal_count=1929 1889 1831 288 136 152 112 1543 90 1453 1036 106 930 876
is_linear=0
shrinkage=0.05


Tree=85
num_leaves=15
num_cat=0
split_feature=5 1 7 2 0 5 2 2 1 0 8 8 4 8
split_gain=2.54236 2.19983 3.41472 2.2185 5.18721 4.884 2.45638 7.96635 6.69927 3.46334 4.36618 6.23773 3.62432 3.58678
threshold=1.3810000000000002 0.99466160899732492 131.14550000000003 -0.95380106782931873 13.764500000000002 8.7505000000000006 0.0064435096891653281 -0.13070653084037345 -0.90149333598846393 30.893000000000004 -1.5669999999999999 -1.8214999999999997 22.937000000000001 -2.0349999999999997
decision_type=2 2 2 2 2 2 2 2 2 2 2 2 2 2
left_child=-1 2 -2 4 -4 -6 7 -5 -8 12 11 13 -10 -11
right_child=1 -3 3 6 5 -7 8 -9 9 10 -12 -13 -14 -15
leaf_value=-0.0067807916722618308 0.039215099812491994 -0.0064096019023654142 -0.010052086454438761 0.00050857265903572898 0.0078500098597073728 -0.0057322855296903924 -0.014632480593214217 0.021312557817176211 0.0017813936708491408 -0.00049160233907912659 -0.021161380892894502 0.020392037037871045 -0.0086113935707806798 -0.0081926465284572324
leaf_weight=40 54 72 77 682 56 66 114 45 346 192 46 40 59 40
leaf_count=40 54 72 77 682 56 66 114 45 346 192 46 40 59 40
internal_value=-2.59202e-05 0.000238221 0.000577876 0.000198525 -0.00477387 0.00163934 0.000831202 0.00295736 -0.00101553 0.000760719 -0.00314465 -0.000735294 0.00382716 -0.00387931
internal_weight=1929 1889 1817 1763 199 122 1564 727 837 723 318 272 405 232
internal_count=1929 1889 1817 1763 199 122 1564 727 837 723 318 272 405 232
is_linear=0
shrinkage=0.05


Tree=86
num_leaves=15
num_cat=0
split_feature=4 8 2 5 4 1 4 4 5 5 8 6 6 0
split_gain=2.21363 3.17008 4.23566 3.94091 2.89981 2.58837 3.74752 1.83524 2.12503 6.13738 4.89383 4.25355 6.12887 7.44035
threshold=7.0325000000000015 -1.7974999999999997 0.67209495862812607 10.622000000000002 5.2545000000000011 0.98902500162601181 14.555500000000002 7.6545000000000014 10.547000000000002 11.477500000000001 -1.7354999999999998 12.3725 11.900000000000002 18.636500000000002
decision_type=2 2 2 2 2 2 2 2 2 2 2 2 2 2
left_child=1 2 4 -3 -1 7 -7 -2 11 10 -10 12 13 -9
right_child=5 3 -4 -5 -6 6 -8 8 9 -11 -12 -13 -14 -15
leaf_value=-0.0084156310948832191 0.0029437487345102351 -0.0017162770890297885 0.0022501519964449102 0.014732446065665768 -0.013864348340928149 0.00097607381999188368 -0.013725786822615988 0.00026006074300015218 0.00059234957811377673 0.00030249304869127972 -0.02054042138242973 0.012880122163397579 -0.0095414596374581908 0.023121733189060301
leaf_weight=52 42 48 42 40 51 52 41 320 40 950 46 67 57 81
leaf_count=52 42 48 42 40 51 52 41 320 40 950 46 67 57 81
internal_value=0.000492483 -0.00407725 -0.00862069 0.00340909 -0.0140777 0.00112028 -0.00698925 0.00159077 0.00131326 0 -0.0127907 0.00390476 0.00218341 0.00436409
internal_weight=1929 233 145 88 103 1696 93 1603 1561 1036 86 525 458 401
internal_count=1929 233 145 88 103 1696 93 1603 1561 1036 86 525 458 401
is_linear=0
shrinkage=0.05


Tree=87
num_leaves=15
num_cat=0
split_feature=6 7 0 3 5 0 6 6 6 6 4 6 8 1
split_gain=2.18828 4.03635 2.157 5.10471 4.43236 5.35885 4.34557 3.59912 7.47264 3.99398 3.11564 3.88877 6.21546 4.40747
threshold=6.9270000000000005 134.94800000000004 15.195000000000002 45.712500000000006 8.4185000000000016 14.404500000000001 10.085000000000003 11.900000000000002 12.337000000000002 11.592500000000001 5.5950000000000006 13.811500000000001 -1.9634999999999998 0.79018178354239854
decision_type=2 2 2 2 2 2 2 2 2 2 2 2 2 2
left_child=-1 -2 3 4 -3 -6 -5 9 -9 -4 -10 -12 -13 -14
right_child=1 2 7 6 5 -7 -8 8 10 -11 11 12 13 -15
leaf_value=-0.0064270505330747303 0.041987125296907291 0.013051229410454441 0.0033823675470050665 -0.017028478240365422 0.001403191348383701 -0.0080024936692603306 -0.0033940319141136017 -0.0067086515333875775 -0.0068859303398819856 0.013014428880869833 0.0014545672650097541 0.00085699758559300016 -0.010361686486937027 0.00070727419782421895
leaf_weight=80 44 51 265 61 88 45 69 77 75 41 463 387 131 52
leaf_count=80 44 51 265 61 88 45 69 77 75 41 463 387 131 52
internal_value=0.000596164 0.000946458 0.000581717 -0.00318471 0.00217391 -0.00263158 -0.0107692 0.00137492 0.000126582 0.00620915 0.00117329 0.00188771 -0.000877193 -0.00846995
internal_weight=1929 1849 1805 314 184 133 130 1491 1185 306 1108 1033 570 183
internal_count=1929 1849 1805 314 184 133 130 1491 1185 306 1108 1033 570 183
is_linear=0
shrinkage=0.05


Tree=88
num_leaves=15
num_cat=0
split_feature=6 6 5 4 4 8 3 6 8 2 8 5 5 1
split_gain=2.07763 3.70152 3.2368 2.7833 6.5065 8.19771 10.5478 8.26196 4.64678 4.51752 4.47489 4.89261 4.7709 4.2299
threshold=6.9270000000000005 8.1325000000000021 6.7410000000000005 15.577000000000004 16.620500000000003 -2.1534999999999997 12.684000000000003 14.486500000000001 -2.6314999999999995 -0.95882411647426224 -2.4594999999999998 8.5045000000000019 9.448500000000001 -0.60434081882701107
decision_type=2 2 2 2 2 2 2 2 2 2 2 2 2 2
left_child=-1 -2 -3 8 -5 6 -6 9 -4 -7 -10 -12 -13 -8
right_child=1 2 3 4 5 7 13 -9 10 -11 11 12 -14 -15
leaf_value=-0.0061056980064209928 0.012452047195718179 -0.008669380050047984 -0.011516417343753497 0.016882742968777158 0.011237444664230762 -0.010107340416562461 0.0038027355027232704 -0.0171018455145255 0.0050579291270930644 0.00066762916053092068 0.021004837543623967 -0.015620044157799558 -0.00032288606381136731 -0.018456637993834703
leaf_weight=80 80 114 118 93 95 41 42 42 83 297 64 51 679 50
leaf_count=80 80 114 118 93 95 41 42 42 83 297 64 51 679 50
internal_value=0.000388802 0.000730124 0.000254381 0.00081571 0.00333333 0.00132275 0.00989305 -0.00289474 -0.000854271 -0.000295858 0.000399088 -0.000755668 -0.00191781 -0.00217391
internal_weight=1929 1849 1769 1655 660 567 187 380 995 338 877 794 730 92
internal_count=1929 1849 1769 1655 660 567 187 380 995 338 877 794 730 92
is_linear=0
shrinkage=0.05


Tree=89
num_leaves=15
num_cat=0
split_feature=6 7 8 8 0 6 6 5 6 0 4 5 1 6
split_gain=2.05041 3.02834 2.15636 3.38363 1.66517 4.07758 7.20468 4.28086 3.56273 4.97995 2.81875 4.09625 2.60008 5.7116
threshold=6.9270000000000005 134.94800000000004 -0.24049999999999996 -0.59799999999999986 15.195000000000002 11.900000000000002 12.3725 13.119000000000002 11.452000000000002 19.572000000000003 5.5950000000000006 10.262000000000002 0.87795195455888941 14.307500000000003
decision_type=2 2 2 2 2 2 2 2 2 2 2 2 2 2
left_child=-1 -2 3 4 -3 7 -7 8 9 -6 -8 -12 -13 -14
right_child=1 2 -4 -5 5 6 10 -9 -10 -11 11 12 13 -15
leaf_value=-0.0058004131060999447 0.039265166672276024 -0.0019733329617914485 -0.015108595948590231 0.032510377009385159 0.0093522490408141541 -0.0055922167488282222 -0.0065254895196973145 -0.0035037973150262311 0.013661901746228906 -0.0053441216276348463 0.019856949609548369 -0.00022211120597811498 0.00022182040242343937 0.023843105063549211
leaf_weight=80 44 274 41 40 135 75 75 47 43 59 42 737 197 40
leaf_count=80 44 274 41 40 135 75 75 47 43 59 42 737 197 40
internal_value=0.000336962 0.000676041 0.000360111 0.000623583 0.000290023 0.000965517 -0.000343053 0.00633803 0.00907173 0.00618557 0.000687443 0.00137795 0.000718686 0.00527426
internal_weight=1929 1849 1805 1764 1724 1450 1166 284 237 194 1091 1016 974 237
internal_count=1929 1849 1805 1764 1724 1450 1166 284 237 194 1091 1016 974 237
is_linear=0
shrinkage=0.05


Tree=90
num_leaves=15
num_cat=0
split_feature=6 7 6 7 8 2 2 6 6 2 5 0 3 8
split_gain=2.05041 3.02834 1.85282 4.18184 3.90208 4.05527 5.29685 4.30349 3.4835 3.28543 3.45345 3.80599 4.23801 2.94516
threshold=6.9270000000000005 134.94800000000004 13.811500000000001 1009.8975000000002 -1.9634999999999998 0.95760036582190977 0.39110220707247995 14.3375 13.670500000000002 0.9804906454816793 27.956500000000002 31.360500000000005 47.715000000000011 -2.7069999999999994
decision_type=2 2 2 2 2 2 2 2 2 2 2 2 2 2
left_child=-1 -2 3 8 9 6 -6 -8 -3 10 11 12 13 -4
right_child=1 2 4 -5 5 -7 7 -9 -10 -11 -12 -13 -14 -15
leaf_value=-0.0055103924507949459 0.037301908338662218 9.7841136736220857e-05 0.003974396306585126 0.008755370475048747 -0.0093423734885482064 -0.018954705566082315 0.0055459540039096951 -0.0057206210463958129 0.0011300241524060839 0.0047438954190987537 0.0023178593875045283 -0.0079804108889653842 -0.0067989478665746172 0.00054816191938773524
leaf_weight=80 44 1073 44 52 53 50 41 50 59 60 47 102 52 122
leaf_count=80 44 1073 44 52 53 50 41 50 59 60 47 102 52 122
internal_value=0.000336962 0.000676041 0.000360111 0.00152027 -0.00185185 -0.00773196 -0.00347222 0.00384615 0.000883392 0.000819672 -0.000953678 -0.0028125 0.000917431 0.00481928
internal_weight=1929 1849 1805 1184 621 194 144 91 1132 427 367 320 218 166
internal_count=1929 1849 1805 1184 621 194 144 91 1132 427 367 320 218 166
is_linear=0
shrinkage=0.05


Tree=91
num_leaves=15
num_cat=0
split_feature=1 4 2 7 6 4 7 7 5 7 5 4 5 8
split_gain=2.38543 2.29336 6.78817 3.70208 3.38448 3.18451 5.86984 2.79267 3.11561 2.69731 5.06145 4.9687 3.11503 2.73115
threshold=0.99466160899732492 23.975500000000004 0.0064435096891653281 513.88250000000005 13.521500000000001 21.886000000000006 769.30850000000009 1052.9945000000002 26.787000000000003 256.47500000000008 5.1435000000000004 20.984500000000004 6.7410000000000005 -0.86049999999999993
decision_type=2 2 2 2 2 2 2 2 2 2 2 2 2 2
left_child=1 5 3 -3 -4 7 -7 8 9 10 -1 12 -11 -14
right_child=-2 2 4 -5 -6 6 -8 -9 -10 11 -12 -13 13 -15
leaf_value=0.004280973568191993 -0.0064455009201515867 0.0058574612898507185 -0.014128477890311684 0.019298029491822102 0.0027535345721399875 -0.015493905850540149 0.00040445231724378639 0.0048137755358940272 -0.0064987988303929047 -0.01173740705978289 0.038198788182582807 0.0079479451503846124 -0.00024332213968850658 0.011911982170082436
leaf_weight=101 72 43 42 62 53 60 45 80 61 53 40 40 1123 54
leaf_count=101 72 43 42 62 53 60 45 80 61 53 40 40 1123 54
internal_value=0.000596164 0.00094238 0.006 0.0147619 -0.00368421 0.000331925 -0.00809524 0.000902062 0.000407609 0.000885897 0.00744681 0.00015748 -0.000406504 0.000127443
internal_weight=1929 1857 200 105 95 1657 105 1552 1472 1411 141 1270 1230 1177
internal_count=1929 1857 200 105 95 1657 105 1552 1472 1411 141 1270 1230 1177
is_linear=0
shrinkage=0.05


Tree=92
num_leaves=15
num_cat=0
split_feature=6 7 0 1 4 8 8 4 4 8 8 3 6 4
split_gain=2.10502 2.978 2.07451 7.58705 2.7337 3.93864 7.14555 6.05273 3.85488 4.69048 4.60936 10.2837 9.60203 5.07925
threshold=6.9270000000000005 134.94800000000004 12.921500000000002 -0.11988119229922732 15.577000000000004 -2.6499999999999995 -2.4404999999999997 11.723500000000003 16.620500000000003 -1.8644999999999998 -2.0519999999999996 12.684000000000003 14.298500000000002 18.429000000000006
decision_type=2 2 2 2 2 2 2 2 2 2 2 2 2 2
left_child=-1 -2 3 -3 5 -4 7 -7 9 -6 11 -10 13 -12
right_child=1 2 4 -5 8 6 -8 -9 10 -11 12 -13 -14 -15
leaf_value=-0.0050280974132436767 0.035222764243319507 0.011311727252382837 -0.010105425526585228 -0.015723995072051366 0.00012123840452318292 0.0073773816197430066 -0.00033729730101512702 -0.00075910793263177516 0.010050056118821322 0.021768163708916818 -0.0051805215452716286 -0.0039585247591026069 -0.011947867504499521 0.0011465132502831779
leaf_weight=80 44 51 118 48 45 57 823 43 108 49 66 111 50 236
leaf_count=80 44 51 118 48 45 57 823 43 108 49 66 111 50 236
internal_value=0.000440643 0.000784208 0.000470914 -0.00656566 0.00087925 -0.000720461 0.000379198 0.013 0.00338346 0.012766 0.00183888 0.00753425 -0.00170455 0.00165563
internal_weight=1929 1849 1805 99 1706 1041 923 100 665 94 571 219 352 302
internal_count=1929 1849 1805 99 1706 1041 923 100 665 94 571 219 352 302
is_linear=0
shrinkage=0.05


Tree=93
num_leaves=15
num_cat=0
split_feature=6 7 7 6 0 6 3 2 7 0 4 6 4 0
split_gain=2.07763 3.00311 1.64243 5.63743 5.68495 5.6846 3.62414 6.54233 4.4754 2.88884 3.03208 3.96968 3.70923 4.67836
threshold=6.9270000000000005 134.94800000000004 522.3805000000001 11.946500000000002 14.817000000000002 10.085000000000003 98.250000000000014 0.040813519545864409 853.60000000000002 14.078500000000002 15.642000000000001 10.337000000000002 13.448500000000001 19.572000000000003
decision_type=2 2 2 2 2 2 2 2 2 2 2 2 2 2
left_child=-1 -2 3 4 5 -3 9 -8 -9 -4 11 -11 -13 -14
right_child=1 2 6 -5 -6 -7 7 8 -10 10 -12 12 13 -15
leaf_value=-0.0047766925425814901 0.033461626031153525 -0.011916971752055701 0.0088569690260304392 -0.0059796085540961171 0.0091238829262172694 0.00089136523640211964 0.018038964253890021 -0.010140447135748343 0.0023818436669817977 -0.022254027935872434 0.00077947482593647009 0.00010383495988534747 -0.01902426770285795 -0.0024037623800665197
leaf_weight=80 44 77 77 67 168 65 41 62 40 40 447 557 43 121
leaf_count=80 44 77 77 67 168 65 41 62 40 40 447 557 43 121
internal_value=0.000388802 0.000730124 0.000415512 -0.00251989 0.000322581 -0.00704225 0.00119048 0.00874126 0.00196078 0.000350195 -0.000248344 -0.0021682 -0.00131761 -0.00792683
internal_weight=1929 1849 1805 377 310 142 1428 143 102 1285 1208 761 721 164
internal_count=1929 1849 1805 377 310 142 1428 143 102 1285 1208 761 721 164
is_linear=0
shrinkage=0.05


Tree=94
num_leaves=15
num_cat=0
split_feature=6 7 1 2 2 0 1 3 5 0 2 4 5 1
split_gain=2.07763 3.00311 1.93165 5.73798 3.72042 2.69755 2.17072 2.68109 5.23847 4.31826 5.13019 4.40883 5.89785 4.99205
threshold=6.9270000000000005 134.94800000000004 -0.90149333598846393 0.0064435096891653281 -0.26538825390934467 23.348500000000005 -0.82391537601316189 7.1065000000000014 8.8285000000000018 13.764500000000002 -0.94849615754507433 11.256000000000002 15.738000000000001 -0.37371625404731884
decision_type=2 2 2 2 2 2 2 2 2 2 2 2 2 2
left_child=-1 -2 3 4 -3 -5 -4 8 -8 10 -9 12 -11 -13
right_child=1 2 6 5 -6 -7 7 9 -10 11 -12 13 -14 -15
leaf_value=-0.0045378579154524172 0.031788544729595851 -0.0032298904373384285 0.0048811981587173932 -0.0021736839856122971 0.0038302765506349119 -0.019162566911506026 0.015606714421828052 -0.013692746292191794 0.00031313612359889099 -0.00019873768622496215 -0.00083219775963999101 -0.0051214067164479515 -0.018124675099154375 0.0020563884840649389
leaf_weight=80 44 49 85 44 76 69 58 40 644 137 58 127 64 354
leaf_count=80 44 49 85 44 76 69 58 40 644 137 58 127 64 354
internal_value=0.000388802 0.000730124 0.000415512 -0.00378151 0.0036 -0.0119469 0.00105297 0.000607287 0.002849 -0.00141026 -0.0112245 0 -0.00621891 0.00259875
internal_weight=1929 1849 1805 238 125 113 1567 1482 702 780 98 682 201 481
internal_count=1929 1849 1805 238 125 113 1567 1482 702 780 98 682 201 481
is_linear=0
shrinkage=0.05


Tree=95
num_leaves=15
num_cat=0
split_feature=8 8 6 6 0 2 0 6 6 5 3 8 3 5
split_gain=2.18817 4.13943 2.78906 2.4522 2.30368 8.6936 2.729 2.50173 2.00168 6.46059 9.07248 4.71336 4.5548 3.28538
threshold=-0.59799999999999986 -0.17049999999999996 6.4675000000000011 8.1325000000000021 13.288500000000001 -0.94849615754507433 14.037000000000001 9.1810000000000027 11.162000000000001 9.6555000000000017 31.835500000000003 -1.462 57.029500000000006 10.500000000000002
decision_type=2 2 2 2 2 2 2 2 2 2 2 2 2 2
left_child=2 -2 -1 -4 5 -5 -6 -8 11 10 -10 12 -9 -11
right_child=1 -3 3 4 6 -7 7 8 9 13 -12 -13 -14 -15
leaf_value=-0.0085321539275290039 0.028517216622831295 -0.0037174893166400159 0.0096696414551448451 -0.013022482701438277 0.0010650525347109883 0.0024382229945895638 -0.019141204543287819 0.0046212285455263903 -0.019123782001178289 0.0080179862675531458 0.0036880588730582573 0.024920938403863998 -0.0070506204791618236 8.9297722375523977e-05
leaf_weight=54 57 51 76 43 50 62 42 71 52 63 49 53 66 1140
leaf_count=54 57 51 76 43 50 62 42 71 52 63 49 53 66 1140
internal_value=0.000492483 0.00740741 8.23723e-05 0.000424448 2.95683e-05 -0.00714286 0.000504414 0.000130208 0.000468541 -0.000230061 -0.0123762 0.00526316 0.000364964 0.000789692
internal_weight=1929 108 1821 1767 1691 105 1586 1536 1494 1304 101 190 137 1203
internal_count=1929 108 1821 1767 1691 105 1586 1536 1494 1304 101 190 137 1203
is_linear=0
shrinkage=0.05


Tree=96
num_leaves=15
num_cat=0
split_feature=8 4 8 5 5 2 0 0 3 3 8 4 2 4
split_gain=1.89273 6.05251 3.74664 7.25114 3.85043 2.88344 10.497 4.41389 3.69373 6.9529 5.58334 5.30021 5.07917 4.70006
threshold=-2.6499999999999995 16.447500000000002 -2.4064999999999999 20.348500000000005 14.465500000000002 0.95760036582190977 30.709500000000002 33.702500000000008 0.22250000000000003 5.0010000000000003 -2.0674999999999994 12.367500000000001 0.58534685349953219 18.970500000000005
decision_type=2 2 2 2 2 2 2 2 2 2 2 2 2 2
left_child=1 -1 3 4 -2 7 -7 8 10 11 -4 -10 -11 -12
right_child=2 -3 5 -5 -6 6 -8 -9 9 12 13 -13 -14 -15
leaf_value=-0.0064936459646906782 0.00096347938137350542 0.004877938709974639 -0.0081651319335365076 -0.005583761833290235 0.010925538801117803 0.0021474989964417423 -0.022029704701697517 0.015900390586505699 -3.3950526321369082e-05 -0.00056212564541354153 0.0013845637655775249 0.0078839444457765705 0.0033528605158795913 -0.013721998678686217
leaf_weight=134 51 77 96 73 67 46 67 61 69 691 186 120 148 43
leaf_count=134 51 77 96 73 67 46 67 61 69 691 186 120 148 43
internal_value=0.000440643 -0.00402844 0.000989523 0.00759162 0.0152542 0.00016372 -0.00752212 0.000777935 0.000184775 0.0016537 -0.00446154 0.0103175 -0.000297974 -0.000218341
internal_weight=1929 211 1718 191 118 1527 113 1414 1353 1028 325 189 839 229
internal_count=1929 211 1718 191 118 1527 113 1414 1353 1028 325 189 839 229
is_linear=0
shrinkage=0.05


Tree=97
num_leaves=15
num_cat=0
split_feature=1 7 5 8 8 3 3 4 2 0 2 6 8 0
split_gain=1.58615 1.77892 1.53374 2.62466 7.2948 5.85666 5.10581 7.62438 4.01488 6.61235 5.0235 8.78677 5.84559 11.1205
threshold=0.99466160899732492 86.915000000000006 28.245500000000003 -2.6499999999999995 -2.4234999999999993 0.054000000000000006 59.282000000000004 15.992000000000003 0.90906259831586944 30.632500000000004 0.75047916603754417 13.466500000000002 -2.0674999999999994 17.725000000000005
decision_type=2 2 2 2 2 2 2 2 2 2 2 2 2 2
left_child=1 -1 3 6 5 -5 7 -3 10 -10 12 -12 13 -6
right_child=-2 2 -4 4 8 -7 -8 -9 9 -11 11 -13 -14 -15
leaf_value=0.0096888758394750203 -0.0071108776730901685 -0.0060293464127835318 0.0013317788126779142 0.010049311425654595 0.00072096357393082737 0.0014547095054036536 -0.016553026213078526 0.011276331950216691 0.00024595044137044056 -0.016325279606688139 -0.0091082499122555737 0.00829534435431677 0.00019400525840376217 -0.0062288941337158401
leaf_weight=61 72 90 75 40 79 114 54 47 76 81 51 63 857 169
leaf_count=61 72 90 75 40 79 114 54 47 76 81 51 63 857 169
internal_value=0.000336962 0.000619278 0.000334076 2.90529e-05 0.000718954 0.011039 -0.00549738 -0.000364964 -0.000436047 -0.00796178 0.000533224 0.0105263 -0.000497738 -0.00725806
internal_weight=1929 1857 1796 1721 1530 154 191 137 1376 157 1219 114 1105 248
internal_count=1929 1857 1796 1721 1530 154 191 137 1376 157 1219 114 1105 248
is_linear=0
shrinkage=0.05


Tree=98
num_leaves=15
num_cat=0
split_feature=5 7 4 3 8 3 8 8 8 8 3 1 1 6
split_gain=2.52424 3.16111 1.69141 5.17311 3.22266 3.05063 1.82817 3.59495 1.97015 7.21264 5.11056 3.86748 9.02968 3.03641
threshold=2.1005000000000007 131.14550000000003 6.9440000000000008 79.546000000000021 -1.7974999999999997 1.7030000000000001 -0.24049999999999996 -0.60849999999999993 -1.3964999999999999 -1.2969999999999999 12.684000000000003 -0.59402672566899761 0.26744970170045884 13.137500000000001
decision_type=2 2 2 2 2 2 2 2 2 2 2 2 2 2
left_child=-1 -2 3 4 5 -3 7 8 -4 -10 13 -12 -13 -11
right_child=1 2 6 -5 -6 -7 -8 -9 9 10 11 12 -14 -15
leaf_value=-0.0037036437413227293 0.039295607760155754 -0.0073660775651591187 0.00032653556355061175 -0.013650558480556674 0.0082558351507559437 0.003534846421667015 -0.014350288109725079 0.030930781362318145 -0.013666010419658826 -0.0047058528020866523 0.019408913079662245 -0.026100887368148758 0.019869577281244347 0.00015952638181030712
leaf_weight=64 42 53 1193 57 45 55 44 41 55 67 40 42 79 52
leaf_count=64 42 53 1193 57 45 55 44 41 55 67 40 42 79 52
internal_value=0.000388802 0.000723861 0.00041141 -0.00380952 0.000980392 -0.0037037 0.000960942 0.00124283 0.000850785 -0.00253731 0.000714286 0.00652174 0.00206612 -0.00714286
internal_weight=1929 1865 1823 210 153 108 1613 1569 1528 335 280 161 121 119
internal_count=1929 1865 1823 210 153 108 1613 1569 1528 335 280 161 121 119
is_linear=0
shrinkage=0.05


Tree=99
num_leaves=15
num_cat=0
split_feature=8 1 8 1 1 2 7 8 4 7 7 8 6 2
split_gain=1.72775 4.81403 2.88389 4.98232 4.75593 6.66494 4.59089 4.72127 4.10311 2.47852 2.80408 2.77018 7.98979 8.49038
threshold=-0.59799999999999986 0.20061247795988868 -1.3794999999999997 0.41274032740354816 0.098678873477280007 0.39110220707247995 739.27050000000008 -1.0484999999999998 15.237500000000002 1052.9945000000002 1038.2820000000002 -1.7424999999999999 9.2170000000000023 -0.3792085569509222
decision_type=2 2 2 2 2 2 2 2 2 2 2 2 2 2
left_child=2 -2 9 4 5 8 7 -5 -4 10 11 -1 -13 -14
right_child=1 -3 3 6 -6 -7 -8 -9 -10 -11 -12 12 13 -15
leaf_value=-0.00012675964760276994 0.016548100448657843 -0.012269716897868321 -0.00028383646672197063 0.023332790297238688 -0.016606204506839407 0.0077071872543799935 -0.0034191353129830906 -0.00040491335320700793 -0.01336551478560534 0.0044675087040911719 -0.013581669629409855 0.019907329840762201 -0.0029612996868651738 0.0057713102991375559
leaf_weight=983 59 49 59 55 50 57 43 52 76 77 49 41 135 144
leaf_count=983 59 49 59 55 50 57 43 52 76 77 49 41 135 144
internal_value=0.000336962 0.00648148 -2.74574e-05 -0.00382653 -0.00826446 -0.0046875 0.00333333 0.0088785 -0.0107407 0.0010147 0.000517751 0.000959325 0.005 0.00197133
internal_weight=1929 108 1821 392 242 192 150 107 135 1429 1352 1303 320 279
internal_count=1929 108 1821 392 242 192 150 107 135 1429 1352 1303 320 279
is_linear=0
shrinkage=0.05


Tree=100
num_leaves=15
num_cat=0
split_feature=8 1 8 8 1 1 6 8 1 6 4 4 2 2
split_gain=1.75703 4.81403 2.80112 5.10426 3.70144 3.42969 3.14222 2.66673 4.57524 4.20945 4.2734 4.39809 2.78571 6.91816
threshold=-0.59799999999999986 0.20061247795988868 -1.3794999999999997 -1.2689999999999999 0.42833659622166903 -0.59402672566899761 11.900000000000002 -1.6824999999999999 0.95444582372253872 9.9060000000000006 11.987500000000002 16.447500000000002 0.70252747416915684 0.075135296012361824
decision_type=2 2 2 2 2 2 2 2 2 2 2 2 2 2
left_child=2 -2 7 -4 5 -5 -6 12 9 -9 -11 -12 13 -1
right_child=1 -3 3 4 6 -7 -8 8 -10 10 11 -13 -14 -15
leaf_value=0.00020914370162903066 0.015720695426224951 -0.011656231052974909 -0.012811753133026731 0.0032174133515026297 0.019425223569541669 -0.0081444682509010987 -0.00013204829845242795 0.018160874055207322 0.019769905702055647 -0.004906607620092031 0.0050030436939670856 -0.0015898687449506102 0.001962356565997117 -0.0047509143077886125
leaf_weight=566 59 49 73 73 54 128 64 40 41 64 71 68 298 281
leaf_count=566 59 49 73 73 54 128 64 40 41 64 71 68 298 281
internal_value=0.000285122 0.00648148 -8.23723e-05 -0.00382653 -0.00109718 -0.00522388 0.0059322 0.000944717 0.00528169 0.0026749 -0.000246305 0.00467626 -0.000131004 -0.00159386
internal_weight=1929 108 1821 392 319 201 118 1429 284 243 203 139 1145 847
internal_count=1929 108 1821 392 319 201 118 1429 284 243 203 139 1145 847
is_linear=0
shrinkage=0.05


Tree=101
num_leaves=15
num_cat=0
split_feature=5 7 5 6 5 0 5 7 3 4 1 3 0 8
split_gain=1.75854 3.29924 2.84692 1.61199 4.60662 4.31043 4.89689 4.30912 3.55526 5.4311 5.31963 4.83556 5.34354 4
threshold=2.1005000000000007 178.33100000000002 5.1435000000000004 13.801500000000003 15.649000000000003 23.976000000000003 17.063000000000006 1009.8975000000002 61.944500000000012 15.205000000000002 0.7980110542611677 0.47750000000000004 33.95300000000001 -2.2124999999999999
decision_type=2 2 2 2 2 2 2 2 2 2 2 2 2 2
left_child=-1 -2 -3 7 -5 -6 -7 -4 10 -10 11 13 -13 -8
right_child=1 2 3 4 5 6 8 -9 9 -11 -12 12 -14 -15
leaf_value=-0.0043272410524793194 0.02258155193192489 -0.011364549378329312 0.00023351401849042616 0.0052629568075179397 -0.0037990968352251634 -0.011946367679793096 -0.00086350064207517678 0.0082527405612443164 -0.020110270981449407 0.0005971373482084319 0.0086222408468181796 0.0038615960223354674 -0.0067162835367035219 -0.009057062355430778
leaf_weight=64 72 45 1069 60 56 48 84 50 45 47 73 107 46 63
leaf_count=64 72 45 1069 60 56 48 84 50 45 47 73 107 46 63
internal_value=0.000336962 0.000616622 0.000195204 0.000514874 -0.00151033 -0.00289982 -0.00146199 0.00165326 0.000107527 -0.00869565 0.00227882 -0.000666667 0.00555556 -0.00714286
internal_weight=1929 1865 1793 1748 629 569 513 1119 465 92 373 300 153 147
internal_count=1929 1865 1793 1748 629 569 513 1119 465 92 373 300 153 147
is_linear=0
shrinkage=0.05


Tree=102
num_leaves=15
num_cat=0
split_feature=1 7 6 6 8 1 4 8 8 5 7 1 5 5
split_gain=1.7201 3.94543 1.92508 2.0028 4.39788 4.76684 6.17689 5.40891 4.34785 4.29418 4.2275 3.97383 3.41856 3.03258
threshold=0.9870400108529841 769.30850000000009 15.0235 13.811500000000001 -2.2124999999999999 -0.65189295912203338 11.941500000000003 -1.462 -1.8314999999999999 17.897000000000002 1009.8975000000002 0.96413834225895678 19.816500000000001 21.400000000000002
decision_type=2 2 2 2 2 2 2 2 2 2 2 2 2 2
left_child=2 -2 3 10 9 -6 -7 8 -8 -5 11 -1 -11 -14
right_child=1 -3 -4 4 5 6 7 -9 -10 12 -12 -13 13 -15
leaf_value=4.5158525379082609e-05 -0.0070000119507206337 0.0029806327791069317 0.0035206869183656456 0.0090092752487100341 -0.016580221910649218 -0.017178657249280471 2.1473033458961624e-05 -0.012321484369781888 0.010791922863681093 -0.010132650811673092 0.0078401035331821002 0.012685371879181458 0.0076928594050884652 -0.00079002592402432903
leaf_weight=1121 66 47 57 54 51 63 66 41 41 46 52 46 44 134
leaf_count=1121 66 47 57 54 51 63 66 41 41 46 52 46 44 134
internal_value=0.000233281 -0.00575221 0.000605727 0.000312678 -0.00222222 -0.00687023 -0.0035545 0.00202703 0.00794393 0.00215827 0.0014356 0.000814053 -0.000892857 0.00224719
internal_weight=1929 113 1816 1759 540 262 211 148 107 278 1219 1167 224 178
internal_count=1929 113 1816 1759 540 262 211 148 107 278 1219 1167 224 178
is_linear=0
shrinkage=0.05


Tree=103
num_leaves=15
num_cat=0
split_feature=5 7 8 8 4 4 8 3 6 4 5 3 1 8
split_gain=1.73623 3.23654 2.43122 3.74805 1.74662 4.35607 6.49583 7.5665 6.71096 6.63394 4.82776 4.25043 4.2055 4.07512
threshold=2.1005000000000007 131.14550000000003 -0.24049999999999996 -0.60849999999999993 15.577000000000004 16.620500000000003 -2.0519999999999996 12.684000000000003 14.232500000000002 17.982500000000005 18.827500000000004 1.3370000000000002 -0.12447811117596669 -2.6054999999999997
decision_type=2 2 2 2 2 2 2 2 2 2 2 2 2 2
left_child=-1 -2 3 4 13 -6 7 11 9 -8 -9 -7 -11 -3
right_child=1 2 -4 -5 5 6 8 10 -10 12 -12 -13 -14 -15
leaf_value=-0.0041131369261243117 0.034441066855011464 -0.0057932763717469171 -0.013843829266478314 0.029373386315408496 0.011695180974110514 0.006318191193736728 -0.011578582271528928 -0.011364465650694579 -0.0085428645488980787 -0.0019143014068786679 0.002457101647381782 0.0095985196090211233 0.0034558115888960531 6.9518856734089062e-05
leaf_weight=64 42 137 44 43 95 59 42 68 56 120 48 49 122 940
leaf_count=64 42 137 44 43 95 59 42 68 56 120 48 49 122 940
internal_value=0.000285122 0.000563003 0.000246846 0.000534008 0.000172811 0.0022003 0.000531915 0.00714286 -0.00382353 -0.000704225 -0.00172414 0.0166667 0.00247934 -0.00106778
internal_weight=1929 1865 1823 1779 1736 659 564 224 340 284 116 108 242 1077
internal_count=1929 1865 1823 1779 1736 659 564 224 340 284 116 108 242 1077
is_linear=0
shrinkage=0.05


Tree=104
num_leaves=15
num_cat=0
split_feature=1 8 8 8 8 2 7 8 5 5 1 1 2 1
split_gain=2.19549 2.19189 4.32501 2.07595 1.88538 2.83165 2.34302 3.8306 3.84755 4.98264 3.16766 4.83698 4.58961 3.10368
threshold=0.99466160899732492 -0.59799999999999986 -0.17049999999999996 -0.73599999999999988 -0.99049999999999983 0.023632005545605003 178.33100000000002 -1.3964999999999999 9.6555000000000017 12.113500000000002 -0.99052327954040364 -0.88606241628642823 0.27779130397453933 0.59055600833485278
decision_type=2 2 2 2 2 2 2 2 2 2 2 2 2 2
left_child=1 3 -3 4 6 -6 -1 10 -9 -10 -8 12 -12 -11
right_child=-2 2 -4 -5 5 -7 7 8 9 13 11 -13 -14 -15
leaf_value=0.018328010095922376 -0.0066534872960213078 0.02790471699963807 -0.0045217054654742963 -0.020565235660104431 0.0072634390171550604 -0.0020613588890558477 0.0031865436030808995 -0.01225571772921619 0.0080270340031900374 -8.0615742701824208e-05 -0.0013757095279805232 0.00028695594634653573 -0.013985477213599586 -0.0054763206918159481
leaf_weight=64 72 55 51 41 54 44 58 78 45 58 108 1112 43 46
leaf_count=64 72 55 51 41 54 44 58 78 45 58 108 1112 43 46
internal_value=0.000233281 0.000565428 0.00754717 0.000142776 0.000409357 0.00714286 0 -0.000387597 -0.00638767 -0.00167785 0.000643452 0.000118765 -0.00827815 -0.00769231
internal_weight=1929 1857 106 1751 1710 98 1612 1548 227 149 1321 1263 151 104
internal_count=1929 1857 106 1751 1710 98 1612 1548 227 149 1321 1263 151 104
is_linear=0
shrinkage=0.05


Tree=105
num_leaves=15
num_cat=0
split_feature=5 7 5 5 1 8 7 7 2 0 6 6 6 5
split_gain=2.44447 3.33304 1.91746 4.97116 4.73766 4.51818 3.32659 4.87817 3.84174 5.03025 3.61249 5.25758 3.68314 4.20995
threshold=2.1005000000000007 178.33100000000002 7.5870000000000006 8.5645000000000007 0.38118653245548312 -1.5884999999999998 524.99750000000006 549.29000000000008 -0.76235363884839025 17.560000000000006 12.668500000000002 11.838000000000003 13.811500000000001 15.649000000000003
decision_type=2 2 2 2 2 2 2 2 2 2 2 2 2 2
left_child=-1 -2 4 -4 5 -3 -5 -8 -9 -10 11 -11 -12 -14
right_child=1 2 3 6 -6 -7 7 8 9 10 12 -13 13 -15
leaf_value=-0.0042526376955793008 0.019671051261469941 0.0086549459731065266 0.019897678207237691 -0.0021384884471138559 -0.024179625628087377 -0.0077430723937939568 0.0039126621446753228 -0.0054869426789466574 0.0034805879095068468 0.0010533790243097696 0.0023453515373236702 -0.012830033566580157 0.005623103307793054 -0.00082063045393512141
leaf_weight=64 72 43 101 194 40 71 62 94 106 52 345 70 55 560
leaf_count=64 72 43 101 194 40 71 62 94 106 52 345 70 55 560
internal_value=0.000233281 0.000563003 0.000139431 0.000640635 -0.00519481 0 -6.50195e-05 0.000818452 0.000156006 0.000925926 -9.24214e-05 -0.00819672 0.0009375 -0.00138211
internal_weight=1929 1865 1793 1639 154 114 1538 1344 1282 1188 1082 122 960 615
internal_count=1929 1865 1793 1639 154 114 1538 1344 1282 1188 1082 122 960 615
is_linear=0
shrinkage=0.05


Tree=106
num_leaves=15
num_cat=0
split_feature=2 6 8 7 1 1 2 3 2 5 8 2 2 3
split_gain=1.64866 2.42647 5.9645 3.97843 3.69594 7.27622 3.9075 4.81667 3.70342 4.19392 3.5219 3.03202 4.04243 4.50261
threshold=0.99055824379501012 14.041500000000001 -1.4884999999999999 1009.8975000000002 -0.59402672566899761 -0.15855791680139872 0.57132313271480106 2.4400000000000004 0.8433585485889844 18.306500000000003 -2.2904999999999993 0.89420283937402645 0.60605034090854637 95.365500000000011
decision_type=2 2 2 2 2 2 2 2 2 2 2 2 2 2
left_child=1 3 4 11 6 -6 7 -3 9 -7 -11 12 -1 -14
right_child=-2 2 -4 -5 5 8 -8 -9 -10 10 -12 -13 13 -15
leaf_value=-3.1633040131535953e-05 0.0011811519494008384 -0.010817584464300384 -0.011660775022061256 0.0080785445270104561 0.0086388109486174227 -0.0051885828388454807 -0.016144410959240168 0.0045111626390817701 -0.0080861357171078015 -6.4267115775873412e-05 0.015257012395394856 -0.016367784622600957 -0.00017372210632769086 0.023327235916350136
leaf_weight=1168 77 48 42 76 44 66 44 60 61 47 50 50 45 51
leaf_count=1168 77 48 42 76 44 66 44 60 61 47 50 50 45 51
internal_value=-2.59202e-05 -0.000323974 -0.0034632 0.000719424 -0.00166667 0.00186567 -0.00789474 -0.00277778 -0.00178571 0.00214724 0.00876289 7.61035e-05 0.000553797 0.0104167
internal_weight=1929 1852 462 1390 420 268 152 108 224 163 97 1314 1264 96
internal_count=1929 1852 462 1390 420 268 152 108 224 163 97 1314 1264 96
is_linear=0
shrinkage=0.05


Tree=107
num_leaves=15
num_cat=0
split_feature=2 2 4 1 7 8 8 5 1 7 7 7 2 2
split_gain=1.67259 2.74088 11.058 1.62975 3.94543 2.49182 4.1764 4.26087 4.27057 3.26187 3.15659 6.51487 3.08227 2.94304
threshold=0.99055824379501012 0.95760036582190977 13.170000000000002 0.9870400108529841 769.30850000000009 -0.99049999999999983 -0.88849999999999996 7.7320000000000011 0.047250493887438572 1050.3205000000003 1026.0065000000002 1006.9200000000002 -0.58882848911713703 0.8433585485889844
decision_type=2 2 2 2 2 2 2 2 2 2 2 2 2 2
left_child=1 3 -3 5 -5 9 -7 12 -9 10 11 13 -8 -1
right_child=-2 2 -4 4 -6 6 7 8 -10 -11 -12 -13 -14 -15
leaf_value=-8.1213260946493698e-05 0.0011220943519307913 -0.023169722428332214 0.0050289111557567994 -0.0064364988560798465 0.0036275186936694905 0.013082071358962008 -0.011832472554446923 0.018102031696378373 -0.0028064712740143438 0.0038881311774791373 -0.01508845815806021 0.0078940889751070321 0.0081059887774081185 -0.0049566485635911322
leaf_weight=1207 77 41 49 66 47 40 52 52 40 57 49 54 40 58
leaf_count=1207 77 41 49 66 47 40 52 52 40 57 49 54 40 58
internal_value=-7.77605e-05 -0.00037797 -0.00888889 5.67537e-05 -0.00575221 0.000454821 0.00535714 0.00217391 0.00978261 -0.000315789 -0.000804094 -0.000341168 -0.00543478 -0.00106719
internal_weight=1929 1852 90 1762 113 1649 224 184 92 1425 1368 1319 92 1265
internal_count=1929 1852 90 1762 113 1649 224 184 92 1425 1368 1319 92 1265
is_linear=0
shrinkage=0.05


Tree=108
num_leaves=15
num_cat=0
split_feature=2 2 4 6 6 7 3 5 5 8 8 6 8 8
split_gain=1.67259 2.07195 7.1373 1.4918 1.77417 2.7548 9.97536 2.24148 5.89807 4.31389 4.19642 4.72138 4.84848 7.9013
threshold=0.99055824379501012 0.95760036582190977 13.170000000000002 15.057000000000002 14.762500000000001 1006.9200000000002 1.2100000000000002 21.521000000000004 19.331500000000002 -2.7484999999999995 -2.4064999999999999 13.521500000000001 -2.0814999999999997 -1.8314999999999999
decision_type=2 2 2 2 2 2 2 2 2 2 2 2 2 2
left_child=1 3 -3 4 5 7 -7 8 9 -1 -11 -12 -13 -14
right_child=-2 2 -4 -5 -6 6 -8 -9 -10 10 11 12 13 -15
leaf_value=-0.0051759355584151852 0.0010659896343342523 -0.022011236306915604 0.0047774655979689554 0.0045248395504946639 -0.003968169945667766 -0.0042251030648614851 0.008761480840317323 -0.00098203015945230883 0.0097944010387690499 0.0033894160792376235 9.230186851357792e-05 -0.011745299180203839 0.0090435425277762601 -0.0030114099914380766
leaf_weight=63 77 41 49 44 67 59 65 136 86 106 971 55 40 70
leaf_count=63 77 41 49 44 67 59 65 136 86 106 971 55 40 70
internal_value=-7.77605e-05 -0.00037797 -0.00777778 0 -0.000232829 9.0854e-05 0.00725806 -0.000491159 0.000107836 -0.000727969 -8.05153e-05 -0.00096831 -0.00878788 -0.00272727
internal_weight=1929 1852 90 1762 1718 1651 124 1527 1391 1305 1242 1136 165 110
internal_count=1929 1852 90 1762 1718 1651 124 1527 1391 1305 1242 1136 165 110
is_linear=0
shrinkage=0.05


Tree=109
num_leaves=15
num_cat=0
split_feature=2 6 6 8 8 8 6 2 7 1 0 3 5 1
split_gain=1.72097 2.35908 3.69804 3.41658 3.75201 4.03093 2.87191 4.63459 5.51428 4.17109 6.68589 5.363 4.34324 2.86867
threshold=0.99055824379501012 13.785500000000001 13.690000000000003 -1.4149999999999998 -1.7254999999999998 -1.8644999999999998 13.966500000000002 -0.0085834810820868326 873.10100000000011 -0.65189295912203338 31.360500000000005 1.9305000000000001 25.156500000000005 0.98902500162601181
decision_type=2 2 2 2 2 2 2 2 2 2 2 2 2 2
left_child=1 2 13 4 5 6 -3 -8 -9 11 -11 -10 -12 -1
right_child=-2 3 -4 -5 -6 -7 7 8 9 10 12 -13 -14 -15
leaf_value=0.00025446651581663426 0.0010126901526175348 -0.013101506904029789 0.0029564227070475626 -0.0070690909820416321 0.0077113779750042971 -0.010091965888671684 0.004529585857749205 -0.014563663297282781 -0.012358404660183737 0.0055146436753106716 -0.0068044512941461636 0.0021332771601094039 0.0075451361981043637 -0.0046894904398662261
leaf_weight=1165 77 49 43 52 49 41 52 40 40 69 69 65 42 76
leaf_count=1165 77 49 43 52 49 41 52 40 40 69 69 65 42 76
internal_value=-0.000181441 -0.000485961 0.000700935 -0.00316901 -0.00193798 -0.00331906 -0.00187793 -0.000397878 -0.00261538 -0.000175439 0.00444444 -0.00809524 -0.00315315 0.00020145
internal_weight=1929 1852 1284 568 516 467 426 377 325 285 180 105 111 1241
internal_count=1929 1852 1284 568 516 467 426 377 325 285 180 105 111 1241
is_linear=0
shrinkage=0.05


Tree=110
num_leaves=15
num_cat=0
split_feature=6 8 3 5 7 6 3 3 6 4 5 7 3 5
split_gain=2.36282 1.72429 5.56706 4.87867 5.56443 3.10065 4.30977 5.50769 5.34231 4.95934 6.01982 4.86386 6.00302 3.77327
threshold=15.0235 -2.2824999999999993 99.998000000000005 12.113500000000002 1032.6470000000002 11.162000000000001 5.7465000000000011 87.714000000000013 9.7955000000000023 16.083000000000002 3.6060000000000003 155.62350000000004 99.983500000000006 7.8715000000000002
decision_type=2 2 2 2 2 2 2 2 2 2 2 2 2 2
left_child=1 2 3 -1 -5 6 8 -8 -3 11 -11 -9 -13 -7
right_child=-2 5 -4 4 -6 13 7 9 -10 10 -12 12 -14 -15
leaf_value=0.0087548039917612393 0.0026149822218632436 0.00023513219819523701 -0.01205469996092825 -0.00076032855225067586 0.0053163473224280946 -0.0073676148782668678 -0.0039708805024327607 0.025732028570260714 0.02019948572445858 -0.0098683418383853222 0.0048748148746528032 -0.013479543404599599 0.021625330205050607 -0.00022526393972605968
leaf_weight=76 60 48 47 294 61 45 87 63 49 40 46 46 43 924
leaf_count=76 60 48 47 294 61 45 87 63 49 40 46 46 43 924
internal_value=0.000233281 -8.02568e-05 0.00251046 0.00429234 0.00183099 -0.000970525 0.00260664 -0.000153846 0.0118557 0.00378151 -0.00581395 0.00921053 0.00168539 -0.00252838
internal_weight=1929 1869 478 431 355 1391 422 325 97 238 86 152 89 969
internal_count=1929 1869 478 431 355 1391 422 325 97 238 86 152 89 969
is_linear=0
shrinkage=0.05


Tree=111
num_leaves=15
num_cat=0
split_feature=5 7 2 4 4 0 1 2 0 6 6 4 4 5
split_gain=1.67018 3.31287 1.93617 2.33852 4.1269 3.92611 9.1466 3.9485 4.54976 4.12057 4.5465 6.16049 7.75437 4.69009
threshold=2.1005000000000007 131.14550000000003 0.99055824379501012 11.987500000000002 11.400500000000003 13.162500000000001 -0.22132528438243276 -0.84565824135800816 15.982000000000001 14.746 14.157000000000002 13.354500000000002 14.138000000000002 16.135000000000002
decision_type=2 2 2 2 2 2 2 2 2 2 2 2 2 2
left_child=-1 -2 3 4 -3 6 -5 8 -7 10 11 -9 -13 -14
right_child=1 2 -4 5 -6 7 -8 9 -10 -11 -12 12 13 -15
leaf_value=-0.0030781384519693727 0.030582090983273788 -0.00035723717127294775 0.00086009437873345589 0.011503893910302971 -0.013167926773135431 0.00070221184022880309 -0.016307797431147436 0.010973844600664957 0.015480262266203524 0.0033417051989424354 -0.0012907218802128695 -0.016448908605470224 -0.00019867181299541988 0.0036771902468163533
leaf_weight=64 42 581 76 41 53 108 49 82 47 60 197 51 309 169
leaf_count=64 42 581 76 41 53 108 49 82 47 60 197 51 309 169
internal_value=0.000129601 0.000402145 8.2282e-05 -0.000257584 -0.00268139 0.00112309 -0.00888889 0.00200391 0.00935484 0.000691244 -0.000247525 0.00188216 -9.4518e-05 0.00188285
internal_weight=1929 1865 1823 1747 634 1113 90 1023 155 868 808 611 529 478
internal_count=1929 1865 1823 1747 634 1113 90 1023 155 868 808 611 529 478
is_linear=0
shrinkage=0.05


Tree=112
num_leaves=15
num_cat=0
split_feature=6 5 7 2 0 8 8 5 5 7 2 4 7 3
split_gain=1.68822 1.54127 2.40376 1.52367 6.08858 1.72763 3.84585 1.6553 7.5068 4.35191 3.8375 3.01961 2.38166 5.35723
threshold=15.0235 2.1005000000000007 131.14550000000003 0.9804906454816793 30.806500000000003 -0.24049999999999996 -0.60849999999999993 23.742500000000003 25.265000000000004 1009.8975000000002 0.92284787786233202 13.684500000000002 745.8805000000001 99.458000000000013
decision_type=2 2 2 2 2 2 2 2 2 2 2 2 2 2
left_child=1 -1 -3 5 -5 6 7 9 -9 12 -11 -10 -4 -14
right_child=-2 2 3 4 -6 -7 -8 8 11 10 -12 -13 13 -15
leaf_value=-0.002924231529370905 0.0024096214100783444 0.029052986434110101 0.00024893254122375293 0.0067840667684602955 -0.0068861779320708253 -0.013216144960553079 0.023698081792884667 -0.01686033090766037 -0.0042014315908645078 0.0083318802601467009 -0.00065848950737577025 0.0018707912391431104 -0.0021288066185602278 0.0024796050094942016
leaf_weight=64 60 42 847 41 67 43 40 47 42 57 45 77 416 41
leaf_count=64 60 42 847 41 67 43 40 47 42 57 45 77 416 41
internal_value=7.77605e-05 -0.000187266 8.31025e-05 -0.000198525 0.00555556 -0.000574018 -0.000310174 -0.000699746 -0.00542169 -0.000142248 0.00980392 0.0012605 -0.000920245 -0.00382932
internal_weight=1929 1869 1805 1763 108 1655 1612 1572 166 1406 102 119 1304 457
internal_count=1929 1869 1805 1763 108 1655 1612 1572 166 1406 102 119 1304 457
is_linear=0
shrinkage=0.05


Tree=113
num_leaves=15
num_cat=0
split_feature=3 3 5 1 1 0 6 4 6 0 6 1 2 8
split_gain=1.78483 5.93563 5.43459 4.80459 7.13976 5.35428 4.33217 4.92153 6.59275 4.22557 6.40452 3.62436 2.75113 5.25324
threshold=0.40000000000000008 6.3145000000000007 10.327000000000002 0.72660079619120022 0.92913280730858816 16.668500000000005 14.217500000000003 15.496500000000003 13.475500000000002 20.199500000000004 13.824500000000002 -0.99273952934267318 0.71541278717867718 -2.0519999999999996
decision_type=2 2 2 2 2 2 2 2 2 2 2 2 2 2
left_child=3 2 -2 5 -5 -1 7 8 -4 -7 -11 -3 -13 -14
right_child=1 11 6 4 -6 9 -8 -9 -10 10 -12 12 13 -15
leaf_value=0.00069847901153099199 0.00756299728043362 0.0049629439297113019 0.0010717530790786758 0.0046323082246231412 -0.00034396351697120638 -0.008879889752181477 0.0044462908852340765 0.0068420497078757088 -0.020595155241180756 0.0038124071299889747 -0.0053465417228806605 -0.00070506563012662227 0.004687155578661068 -0.00035182193977048863
leaf_weight=87 71 48 51 76 83 64 101 59 42 52 167 799 82 147
leaf_count=87 71 48 51 76 83 64 101 59 42 52 167 799 82 147
internal_value=-7.77605e-05 0.000857143 0.00679012 -0.00255198 0.00471698 -0.00567568 0.00335968 -0.00197368 -0.00913978 -0.0090106 -0.00570776 -0.000929368 -0.00155642 0.00327511
internal_weight=1929 1400 324 529 159 370 253 152 93 283 219 1076 1028 229
internal_count=1929 1400 324 529 159 370 253 152 93 283 219 1076 1028 229
is_linear=0
shrinkage=0.05


Tree=114
num_leaves=15
num_cat=0
split_feature=6 8 1 8 5 5 7 8 0 8 7 8 1 2
split_gain=1.75242 1.59782 4.07518 2.98068 3.43299 2.5184 4.55597 4.92894 4.2809 3.72524 3.80692 3.56736 7.06732 3.02413
threshold=15.0235 -0.59799999999999986 0.20061247795988868 -0.88849999999999996 8.0500000000000025 21.400000000000002 1001.1455000000002 -2.4024999999999994 28.945000000000004 -2.6824999999999997 752.32550000000015 -2.4064999999999999 0.67050644418468353 0.57132313271480106
decision_type=2 2 2 2 2 2 2 2 2 2 2 2 2 2
left_child=1 3 -3 5 -5 6 9 -8 -7 10 -1 12 -11 -10
right_child=-2 2 -4 4 -6 8 7 -9 13 11 -12 -13 -14 -15
leaf_value=-0.0020051930778996669 0.0021909592747120124 0.012307687817286438 -0.0098113463729466114 -0.022471890372330595 -0.00018001812215177605 -0.0076148720241277562 0.0087460176974467566 0.0015363217744407077 0.0018125049586922848 -0.00020104348027785712 -0.012332886072023186 -2.7157579016079404e-05 0.016101922786055784 -0.0035615215068529717
leaf_weight=57 60 59 49 43 55 88 42 78 65 67 44 1038 41 143
leaf_count=57 60 59 49 43 55 88 42 78 65 67 44 1038 41 143
internal_value=-7.77605e-05 -0.00034778 0.00555556 -0.000709824 -0.00918367 -0.000210463 0.000694952 0.01 -0.00439189 -0.000200481 -0.00940594 0.00061082 0.00925926 -0.000480769
internal_weight=1929 1869 108 1761 98 1663 1367 120 296 1247 101 1146 108 208
internal_count=1929 1869 108 1761 98 1663 1367 120 296 1247 101 1146 108 208
is_linear=0
shrinkage=0.05


Tree=115
num_leaves=15
num_cat=0
split_feature=7 6 3 1 5 4 1 3 5 6 6 0 1 4
split_gain=1.57938 4.56066 3.4295 5.26148 2.57853 3.1112 2.41483 6.06794 3.45752 6.5336 6.33206 5.21814 3.85337 3.41384
threshold=634.50700000000018 13.248000000000003 98.250000000000014 -0.40542197401079716 13.306500000000002 5.2545000000000011 -0.49750868180287644 99.998000000000005 5.1435000000000004 9.0920000000000005 7.6530000000000005 13.239500000000001 -0.20455206612620117 18.661000000000005
decision_type=2 2 2 2 2 2 2 2 2 2 2 2 2 2
left_child=1 4 -2 -4 5 -1 7 -7 10 -10 -8 -11 -13 -14
right_child=2 -3 3 -5 -6 6 8 -9 9 11 -12 12 13 -15
leaf_value=0.0021161940824803607 0.0001200319414093612 -0.018240597924128552 0.00015621910065040934 0.014492133493962623 -0.0045071738306893148 0.017855286877783809 0.0001429598362314155 -0.0031420292788766403 0.015277498169417404 -0.011213629316246868 -0.033900764905916259 -0.010327707727674601 -6.2922488958078174e-05 0.015323900251592221
leaf_weight=48 1006 43 60 47 72 76 49 52 69 74 41 44 191 57
leaf_count=48 1006 43 60 47 72 76 49 52 69 74 41 44 191 57
internal_value=7.77605e-05 -0.00159314 0.00130279 0.00981308 -0.000711514 0.00021398 -0.000689127 0.00546875 -0.00219048 -0.000344828 -0.0111111 -0.00300546 0 0.00241935
internal_weight=1929 816 1113 107 773 701 653 128 525 435 90 366 292 248
internal_count=1929 816 1113 107 773 701 653 128 525 435 90 366 292 248
is_linear=0
shrinkage=0.05


Tree=116
num_leaves=15
num_cat=0
split_feature=8 1 0 0 2 3 3 3 8 6 3 7 7 5
split_gain=1.19724 4.07518 2.27061 2.87312 4.03226 3.97736 4.19648 3.67226 1.97898 5.09895 4.45947 4.34331 3.57671 3.88895
threshold=-0.59799999999999986 0.20061247795988868 14.867000000000003 14.078500000000002 -0.91084115863148152 6.0085000000000006 95.294500000000014 75.669500000000014 -1.1774999999999998 13.190500000000002 56.076500000000003 364.67300000000006 481.30350000000004 12.488000000000001
decision_type=2 2 2 2 2 2 2 2 2 2 2 2 2 2
left_child=2 -2 3 4 5 -1 -7 -6 11 10 -10 -4 -13 -14
right_child=1 -3 8 -5 7 6 -8 -9 9 -11 -12 12 13 -15
leaf_value=0.0017835959622756804 0.01225298489223446 -0.0086177139579283434 0.01451362326094653 -0.0061617865172379138 0.014197818856678535 -0.011705608553180641 -0.0026859274582904549 -0.0012445849542015296 -0.010964391360478332 0.0091990420022824374 -0.00086093810091970868 -0.019958498854707588 0.0022491239366684078 -2.1015096306234439e-05
leaf_weight=45 59 49 69 79 41 45 41 48 44 53 67 48 281 960
leaf_count=45 59 49 69 79 41 45 41 48 44 53 67 48 281 960
internal_value=0.000440643 0.00555556 0.000137287 -0.00384615 -0.000909091 -0.00648855 -0.0127907 0.00730337 0.000919842 -0.00426829 -0.0103604 0.00154639 0.000892164 0.00141015
internal_weight=1929 108 1821 299 220 131 86 89 1522 164 111 1358 1289 1241
internal_count=1929 108 1821 299 220 131 86 89 1522 164 111 1358 1289 1241
is_linear=0
shrinkage=0.05


Tree=117
num_leaves=15
num_cat=0
split_feature=5 7 3 5 0 5 6 8 6 6 7 0 5 4
split_gain=1.80357 2.42559 1.37704 5.83333 4.39695 4.43985 3.20565 3.5926 3.02638 4.50902 7.79271 3.6919 8.0506 3.51662
threshold=2.1005000000000007 178.33100000000002 6.3145000000000007 8.5645000000000007 14.867000000000003 9.8130000000000006 10.254000000000001 -1.7139999999999997 11.342500000000001 11.900000000000002 524.99750000000006 23.348500000000005 12.001500000000002 11.182500000000003
decision_type=2 2 2 2 2 2 2 2 2 2 2 2 2 2
left_child=-1 -2 3 -3 5 -4 7 -6 -8 -10 -11 12 -12 -13
right_child=1 2 4 -5 6 -7 8 -9 9 10 11 13 -14 -15
leaf_value=-0.0030552761884759003 0.018487703897140616 0.010825173963764045 -0.0097857778693821347 0.00012096891692379153 -8.5368808183639017e-05 0.0015116373788966965 -0.0038185718618272222 0.034788723868334051 0.01484573368365966 -0.026000502301131635 -0.00077528894527881676 -0.0080940722866614141 0.016071325655871372 0.00020301674571967523
leaf_weight=64 72 48 129 805 47 41 64 53 44 42 73 97 65 285
leaf_count=64 72 48 129 805 47 41 64 53 44 42 73 97 65 285
internal_value=0.000440643 0.000723861 0.000362521 0.00181712 -0.000957447 -0.00823529 0.000649351 0.009 -0.000597015 0.00049505 -0.000711744 0.000961538 0.00797101 -0.00157068
internal_weight=1929 1865 1793 853 940 170 770 100 670 606 562 520 138 382
internal_count=1929 1865 1793 853 940 170 770 100 670 606 562 520 138 382
is_linear=0
shrinkage=0.05


Tree=118
num_leaves=15
num_cat=0
split_feature=6 6 0 5 6 5 8 6 5 5 3 7 7 7
split_gain=1.73623 2.44434 4.07313 2.84393 3.27861 3.90715 1.93737 2.2572 1.92504 3.64236 5.90244 2.30685 6.14552 5.23948
threshold=6.4675000000000011 8.1325000000000021 14.404500000000001 7.5870000000000006 10.627500000000001 5.4035000000000011 -0.60849999999999993 9.3315000000000019 8.1545000000000023 9.1625000000000032 19.977 520.81900000000007 434.14200000000005 549.29000000000008
decision_type=2 2 2 2 2 2 2 2 2 2 2 2 2 2
left_child=-1 2 -2 4 5 -3 7 -5 -9 10 -10 12 -11 -13
right_child=1 3 -4 6 -6 -7 -8 8 9 11 -12 13 -14 -15
leaf_value=-0.0054654297315163587 0.017993867910283897 -0.010236630304452187 -0.0016168482913722527 -0.012196357619430515 -0.012642072796806134 0.0044330091418614496 0.0082160406486690429 0.0201436128892101 -0.014394911117193619 0.013161393411962081 0.0016257974134194914 0.0032352188687954811 -0.010905642086760054 0.00013382204119789036
leaf_weight=64 43 60 53 50 51 51 55 46 41 40 41 47 73 1214
leaf_count=64 43 60 53 50 51 51 55 46 41 40 41 47 73 1214
internal_value=0.000285122 0.000563003 0.00833333 0.000141323 -0.00617284 -0.00135135 0.000777847 0.000451031 0.000798935 0.000480769 -0.0097561 0.0010917 -0.00575221 0.001705
internal_weight=1929 1865 96 1769 162 111 1607 1552 1502 1456 82 1374 113 1261
internal_count=1929 1865 96 1769 162 111 1607 1552 1502 1456 82 1374 113 1261
is_linear=0
shrinkage=0.05


Tree=119
num_leaves=15
num_cat=0
split_feature=5 7 5 4 4 2 3 4 4 8 2 7 0 1
split_gain=2.44447 2.51309 2.53121 1.38975 6.73828 6.34798 4.14766 3.29564 3.78766 9.4665 3.743 3.09577 3.9524 6.57886
threshold=2.1005000000000007 178.33100000000002 5.4035000000000011 22.088500000000003 23.567500000000006 0.6263638349297701 41.817000000000007 15.577000000000004 14.690500000000002 -1.8914999999999997 -0.95380106782931873 745.8805000000001 17.647500000000004 0.78297285307474518
decision_type=2 2 2 2 2 2 2 2 2 2 2 2 2 2
left_child=-1 -2 -3 7 -5 6 -6 8 -4 -10 -9 12 -12 -14
right_child=1 2 3 4 5 -7 -8 10 9 -11 11 -13 13 -15
leaf_value=-0.0032157233335212924 0.017490199624595842 -0.0098152800119217301 5.5895060207097892e-05 -0.0079387550022897348 0.0084294739310482765 -0.013770572471198101 -0.00025653607554708413 -0.0097510882338228948 -0.016853480050923426 0.0013368902330005575 0.00048599076857474416 0.00059247168327047353 0.02702182347190922 0.018685966571513623
leaf_weight=64 72 51 953 66 75 54 74 50 41 56 59 232 42 40
leaf_count=64 72 51 953 66 75 54 74 50 41 56 59 232 42 40
internal_value=0.000233281 0.000563003 0.000195204 0.000516648 -0.0027881 0.00172414 0.00704698 0.00112016 -0.000380952 -0.00979381 0.00484634 0.00656836 0.0124113 0.0195122
internal_weight=1929 1865 1793 1742 269 203 149 1473 1050 97 423 373 141 82
internal_count=1929 1865 1793 1742 269 203 149 1473 1050 97 423 373 141 82
is_linear=0
shrinkage=0.05


Tree=120
num_leaves=15
num_cat=0
split_feature=5 0 8 7 0 3 2 4 4 4 8 6 2 2
split_gain=1.68045 3.40283 3.11755 2.59781 2.1012 7.34944 6.82297 2.36301 4.47032 3.49145 10.9125 3.5403 5.02231 6.13405
threshold=4.855500000000001 13.007500000000002 -0.92999999999999994 285.41700000000009 13.764500000000002 65.419000000000025 -0.95380106782931873 15.642000000000001 16.620500000000003 14.690500000000002 -1.8914999999999997 9.5710000000000033 -0.83160410544417529 -0.58882848911713703
decision_type=2 2 2 2 2 2 2 2 2 2 2 2 2 2
left_child=1 -1 -3 -2 5 6 -5 9 -9 11 -11 -6 -13 -14
right_child=3 2 -4 4 7 -7 -8 8 -10 10 -12 12 13 -15
leaf_value=0.0019770954225737827 0.015473717387226072 -0.00048293668147311177 -0.029408224102907513 -0.0044391512660892588 -0.010314056169646925 -0.011116608218766056 0.013406312769660304 0.014270108950990845 0.00022593951309235472 -0.01555072940259121 0.0021880012070703723 0.0033049272765016029 -0.0064338128054185822 0.00034529430634084869
leaf_weight=52 66 54 46 47 46 41 51 79 527 42 50 88 97 643
leaf_count=52 66 54 46 47 46 41 51 79 527 42 50 88 97 643
internal_value=0.000440643 -0.00460526 -0.01 0.000872257 0.000496786 -0.00539568 0.00204082 0.00101781 0.00346535 -0.000517598 -0.00978261 0.000457666 0.00120773 -0.000135135
internal_weight=1929 152 100 1777 1711 139 98 1572 606 966 92 874 828 740
internal_count=1929 152 100 1777 1711 139 98 1572 606 966 92 874 828 740
is_linear=0
shrinkage=0.05


Tree=121
num_leaves=15
num_cat=0
split_feature=3 5 2 3 8 2 8 6 5 1 3 4 5 6
split_gain=1.34633 5.39604 3.07544 8.27465 4.13878 2.76281 2.77178 10.0915 3.8385 5.45628 6.40545 4.90274 3.88341 3.80546
threshold=5.0900000000000007 8.5645000000000007 -0.91084115863148152 94.631500000000003 -1.5144999999999997 -0.83827970521777406 -1.7139999999999997 11.386000000000001 24.535500000000003 0.7025209685794126 36.042500000000011 12.651000000000002 17.897000000000002 14.074500000000002
decision_type=2 2 2 2 2 2 2 2 2 2 2 2 2 2
left_child=1 -1 3 4 -2 -4 7 -7 9 11 -11 13 -13 -9
right_child=2 -3 5 -5 -6 6 -8 8 -10 10 -12 12 -14 -15
leaf_value=0.015794014198767331 -0.00050815510357597466 0.00016794019596580516 0.0046778421438744434 0.0035791810926573799 -0.020160582234238424 -0.024353964599641561 0.00062818629980408995 0.017678846105925846 -0.0037981767912272481 0.0044745213227606277 -0.012574622727943014 -0.0074838740616229686 0.0024265968780899094 0.001158426648605021
leaf_weight=40 49 772 68 81 56 63 407 46 62 40 79 66 60 40
leaf_count=40 49 772 68 81 56 63 407 46 62 40 79 66 60 40
internal_value=0.000544323 0.0020936 -0.000581916 -0.00645161 -0.0157143 0.000590763 -0.000173812 -0.00285088 0.000127226 0.00226586 -0.00630252 0.00707547 0.000793651 0.0162791
internal_weight=1929 812 1117 186 105 931 863 456 393 331 119 212 126 86
internal_count=1929 812 1117 186 105 931 863 456 393 331 119 212 126 86
is_linear=0
shrinkage=0.05


Tree=122
num_leaves=15
num_cat=0
split_feature=2 2 2 2 2 2 1 7 4 6 0 0 6 4
split_gain=1.60499 1.84191 1.65906 1.98385 7.70306 2.50188 4.09008 5.99228 1.99138 3.01092 4.62397 3.49808 6.65905 3.94029
threshold=-0.99665976668634515 -0.98870105003072151 -0.96801877525786306 -0.83827970521777406 -0.79877937288636469 -0.87204617232061787 0.25084665036108239 471.92250000000007 22.088500000000003 13.387000000000002 26.216500000000003 16.837000000000003 13.137500000000001 17.462000000000003
decision_type=2 2 2 2 2 2 2 2 2 2 2 2 2 2
left_child=-1 -2 -3 5 -5 6 -4 -8 9 10 11 -6 13 -13
right_child=1 2 3 4 8 -7 7 -9 -10 -11 -12 12 -14 -15
leaf_value=-0.00056366727147135615 0.0024913668756547623 -0.0019846038329551507 -0.0052057123050259979 -0.017472526605709329 0.0030932476589604161 0.0079691999414698705 -0.0012522718879251493 0.0045825248624572741 -0.0008008548787756365 -9.3846007437298209e-05 0.022309111255597085 -0.0032551847222245136 0.0075515681617685558 0.01423669213687007
leaf_weight=59 48 72 85 44 131 44 43 47 224 701 71 248 58 54
leaf_count=59 48 72 85 44 131 44 43 47 224 701 71 248 58 54
internal_value=0.000492483 0.000748663 0.000493963 0.0008 0.000163292 0.00525114 0.00257143 0.01 0.000773369 0.00154394 0.00427046 0.00254582 0 -0.00298013
internal_weight=1929 1870 1822 1750 1531 219 175 90 1487 1263 562 491 360 302
internal_count=1929 1870 1822 1750 1531 219 175 90 1487 1263 562 491 360 302
is_linear=0
shrinkage=0.05


Tree=123
num_leaves=15
num_cat=0
split_feature=8 8 8 5 7 3 7 4 3 5 1 6 5 1
split_gain=2.68689 3.64965 2.77943 2.63849 2.46958 6.7276 3.78387 2.78019 1.85629 5.9329 5.19481 2.12534 6.60451 3.87649
threshold=-0.24049999999999996 -0.59799999999999986 -0.88849999999999996 8.0500000000000025 356.0030000000001 99.918500000000009 463.04900000000004 15.320000000000002 98.250000000000014 20.199000000000005 -0.37371625404731884 12.559500000000002 10.622000000000002 0.081558489694578698
decision_type=2 2 2 2 2 2 2 2 2 2 2 2 2 2
left_child=1 2 4 -4 5 -1 -6 -7 11 10 -10 13 -13 -8
right_child=-2 -3 3 -5 6 7 8 -9 9 -11 -12 12 -14 -15
leaf_value=0.018600367978114353 -0.0022994255082827496 0.02101111827719658 -0.01733521697665218 -0.00019490904909762465 -0.0084661714082050928 0.014484354303410957 -0.0041851181214986322 -0.0090390086946930941 -7.9533849704266365e-05 -0.0015506639601626793 0.021946471719853602 0.013509317001223865 4.9270298485815797e-05 0.00013832491247704471
leaf_weight=69 56 52 43 55 79 43 194 40 51 43 70 41 914 179
leaf_count=69 56 52 43 55 79 43 194 40 51 43 70 41 914 179
internal_value=7.77605e-05 0.000400427 2.74574e-05 -0.00816327 0.000493326 0.00657895 -9.54806e-05 -0.00301205 0.000469169 0.0054878 0.011157 -0.000150602 0.00109948 -0.00335121
internal_weight=1929 1873 1821 98 1723 152 1571 83 1492 164 121 1328 955 373
internal_count=1929 1873 1821 98 1723 152 1571 83 1492 164 121 1328 955 373
is_linear=0
shrinkage=0.05


Tree=124
num_leaves=15
num_cat=0
split_feature=8 8 8 8 1 0 0 4 5 7 1 1 2 8
split_gain=1.91461 3.61988 1.97459 3.60307 5.66038 4.48709 9.90594 6.87167 4.41374 3.91725 2.83834 3.93658 4.36178 2.74301
threshold=-0.24049999999999996 -0.59799999999999986 -1.3794999999999997 -1.6824999999999999 0.95444582372253872 19.918000000000003 15.937000000000003 13.684500000000002 9.2075000000000014 1059.4010000000001 -0.99052327954040364 -0.88606241628642823 -0.19851654827941614 -1.2969999999999999
decision_type=2 2 2 2 2 2 2 2 2 2 2 2 2 2
left_child=1 2 3 9 5 6 8 -7 -5 10 -1 12 -12 -4
right_child=-2 -3 13 4 -6 7 -8 -9 -10 -11 11 -13 -14 -15
leaf_value=0.0026742179238802514 -0.0021844542328686117 0.019960562363336751 -0.0097674131188892708 -0.0036750001772374087 0.017537000902277278 -0.016544370107591123 0.020263114541735735 0.0013304997425688664 0.001679659221174279 0.0038268247760365193 0.00099403836726081338 -7.5557157219052767e-05 -0.0099946137549509397 -0.00016582067013495435
leaf_weight=53 56 52 50 47 41 41 51 61 43 47 54 905 86 342
leaf_count=53 56 52 50 47 41 41 51 61 43 47 54 905 86 342
internal_value=0.000181441 0.000453817 8.23723e-05 0.000944717 0.00598592 0.00308642 0.00886525 -0.00490196 -0.00111111 -0.000305677 -0.000910747 -0.00148325 -0.00928571 -0.00306122
internal_weight=1929 1873 1821 1429 284 243 141 102 90 1145 1098 1045 140 392
internal_count=1929 1873 1821 1429 284 243 141 102 90 1145 1098 1045 140 392
is_linear=0
shrinkage=0.05


Tree=125
num_leaves=15
num_cat=0
split_feature=3 7 5 4 4 3 7 7 5 0 1 8 0 2
split_gain=1.56726 3.78059 8.49592 7.07825 3.00565 2.88326 3.45529 5.36678 2.7685 2.95134 4.43223 4.01111 5.21352 5.49695
threshold=99.83550000000001 634.50700000000018 11.230500000000001 18.221000000000004 13.170000000000002 97.975000000000009 427.51900000000006 291.06100000000009 28.245500000000003 33.255000000000003 0.5043284533698108 -2.4064999999999999 20.663000000000004 -0.16705162550211924
decision_type=2 2 2 2 2 2 2 2 2 2 2 2 2 2
left_child=5 2 3 4 -2 6 7 -1 9 11 -11 12 -8 -14
right_child=1 -3 -4 -5 -6 -7 8 -9 -10 10 -12 -13 13 -15
leaf_value=-9.842916062719754e-05 -0.00012003622949604051 0.0016379952755781304 -0.044475977762406686 -0.010583374881642894 0.018827302304381798 0.0055790574860600907 -0.0016515717845428048 0.030921903442284751 0.0037798486377104592 -0.010907828476641991 0.0034179049390483914 -0.00031372519194933918 0.011471507787158776 0.0015351983226766675
leaf_weight=64 76 76 48 65 42 89 59 41 69 78 42 981 41 158
leaf_count=64 76 76 48 65 42 89 59 41 69 78 42 981 41 158
internal_value=0.000181441 -0.00309446 -0.00627706 -0.00136612 0.0059322 0.00080148 0.000293542 0.00904762 -0.00035014 -0.00084621 -0.00833333 -0.000121065 0.00542636 0.00929648
internal_weight=1929 307 231 183 118 1622 1533 105 1428 1359 120 1239 258 199
internal_count=1929 307 231 183 118 1622 1533 105 1428 1359 120 1239 258 199
is_linear=0
shrinkage=0.05


Tree=126
num_leaves=15
num_cat=0
split_feature=0 5 1 5 6 6 5 3 5 7 2 2 0 6
split_gain=1.83914 2.53384 3.47771 3.24976 6.72139 4.95129 3.67227 8.17873 3.59307 3.32048 3.10396 2.98325 2.52755 2.10226
threshold=11.915000000000001 6.7410000000000005 -0.47813486327663873 8.5645000000000007 10.254000000000001 8.7675000000000018 9.6125000000000025 29.005500000000001 10.547000000000002 519.16650000000016 -0.76235363884839025 -0.59573786270597295 14.655500000000002 13.785500000000001
decision_type=2 2 2 2 2 2 2 2 2 2 2 2 2 2
left_child=-1 2 -2 4 -3 -5 7 -7 11 -10 -6 -8 -4 -11
right_child=1 3 12 5 10 6 8 -9 9 13 -12 -13 -14 -15
leaf_value=0.0020380289647992478 0.0018447803511972881 0.013769916257576165 -0.016936772133706812 -0.0036696927441687566 0.0097964633696958989 -0.01747571812597664 0.0023024956194295787 0.0028455390032720821 -0.0086048765126474532 0.0011569432023557202 -0.0030767766495350735 0.011267968357315916 -0.0068267016866215271 -0.00027118040933027946
leaf_weight=80 68 53 47 45 52 54 68 44 73 561 43 43 62 636
leaf_count=80 68 53 47 45 52 54 68 44 73 561 43 43 62 636
internal_value=7.77605e-05 -0.000243375 -0.0059322 0.000358852 0.00743243 -0.000328084 0.000169033 -0.00918367 0.00083273 7.87402e-05 -0.000526316 0.00945946 -0.0114679 0.000710109
internal_weight=1929 1849 177 1672 148 1524 1479 98 1381 1270 95 111 109 1197
internal_count=1929 1849 177 1672 148 1524 1479 98 1381 1270 95 111 109 1197
is_linear=0
shrinkage=0.05


Tree=127
num_leaves=15
num_cat=0
split_feature=1 4 4 2 6 8 8 0 3 8 6 6 7 3
split_gain=1.63509 5.66607 2.58198 6.87529 3.55882 2.40093 3.42485 6.38192 5.99664 4.39087 3.19896 3.93775 4.28747 4.76295
threshold=0.98902500162601181 14.555500000000002 23.975500000000004 -0.64297064596386244 13.387000000000002 -2.8144999999999993 -2.4064999999999999 33.493000000000002 0.040000000000000001 -2.6054999999999997 14.729000000000001 13.785500000000001 852.6110000000001 0.29000000000000004
decision_type=2 2 2 2 2 2 2 2 2 2 2 2 2 2
left_child=2 -2 5 -4 -5 -1 7 8 -7 -10 11 -8 -13 -14
right_child=1 -3 3 4 -6 6 10 -9 9 -11 -12 12 13 -15
leaf_value=-0.0034862081069603201 0.0039347287508204711 -0.014753256301436932 0.013264241968840407 -0.0060414962976113725 0.0043246456636092693 0.0083344547686262753 5.3102370285870731e-06 -0.0059787169651315088 -0.0042380255108035976 0.0043259074565871417 0.0041103528475693726 -0.0064215189325835982 -0.0053755589819264099 0.00022722138384498325
leaf_weight=113 62 41 62 68 68 56 958 40 50 84 56 63 83 125
leaf_count=113 62 41 62 68 68 56 958 40 50 84 56 63 83 125
internal_value=-0.000181441 -0.00631068 0.000164294 0.00555556 -0.000735294 -0.0004914 3.30033e-05 0.00565217 0.00947368 0.00373134 -0.000972763 -0.00150529 -0.00682657 -0.00336538
internal_weight=1929 103 1826 198 136 1628 1515 230 190 134 1285 1229 271 208
internal_count=1929 103 1826 198 136 1628 1515 230 190 134 1285 1229 271 208
is_linear=0
shrinkage=0.05


Tree=128
num_leaves=15
num_cat=0
split_feature=1 3 5 6 5 5 1 3 6 8 8 6 0 4
split_gain=1.68822 2.37573 4.32613 5.19717 4.14922 5.39717 4.91585 4.71066 5.03253 4.19679 3.83406 5.3878 4.40988 2.4281
threshold=-0.9946616089973247 6.1125000000000016 10.013000000000002 10.881000000000002 11.556000000000003 12.488000000000001 0.57659668305444445 0.40000000000000008 13.966500000000002 -2.4064999999999999 -1.9444999999999999 13.928500000000001 26.456000000000003 10.018000000000002
decision_type=2 2 2 2 2 2 2 2 2 2 2 2 2 2
left_child=-1 2 3 -2 -4 -6 7 13 -9 -8 11 -11 -12 -7
right_child=1 -3 4 -5 5 6 9 8 -10 10 12 -13 -14 -15
leaf_value=0.0016970335007194443 0.014611777053810671 -0.00038434979478486621 -0.0016491674701352101 0.00050993848572332412 0.018740506143200282 -0.014895611071936311 0.0078300545968950207 -0.0046450259612643013 0.0036533677481064286 -0.0078995704332117285 0.0073448544318129366 0.0025081166723479745 -0.0070088546207892517 -0.002373388215964699
leaf_weight=60 46 1039 87 53 52 57 46 56 75 41 69 40 47 161
leaf_count=60 46 1039 87 53 52 57 46 56 75 41 69 40 47 161
internal_value=7.77605e-05 -0.000187266 0.00180723 0.0116162 0.000478796 0.00186335 0.000506757 -0.00329513 0.00419847 0.00596708 0.00279188 -0.00555556 0.00862069 -0.00779817
internal_weight=1929 1869 830 99 731 644 592 349 131 243 197 81 116 218
internal_count=1929 1869 830 99 731 644 592 349 131 243 197 81 116 218
is_linear=0
shrinkage=0.05


Tree=129
num_leaves=15
num_cat=0
split_feature=4 4 6 4 8 5 7 2 5 4 2 2 8 5
split_gain=2.50027 1.97103 2.06048 2.75616 2.27556 1.72705 5.00678 6.40792 5.92046 4.58163 7.42654 7.17559 4.41058 2.72222
threshold=3.3740000000000001 4.392500000000001 15.0235 6.4340000000000011 -1.7974999999999997 21.400000000000002 1014.2325000000002 0.90906259831586944 19.331500000000002 15.642000000000001 0.76725511167377736 0.59818091440591659 -2.7484999999999995 18.827500000000004
decision_type=2 2 2 2 2 2 2 2 2 2 2 2 2 2
left_child=-1 -2 3 4 -3 6 7 8 12 10 -7 -11 -5 -8
right_child=1 2 -4 5 -6 9 13 -9 -10 11 -12 -13 -14 -15
leaf_value=-0.0026147603879038391 0.0087378984734892921 -0.0067471444184347808 0.00359605724423413 -0.004194146767272324 -0.00055281989687709372 -0.014090762579413541 0.0077167957087587342 -0.014063296849272584 0.0059617745273885586 0.0051975708736770408 0.0013367349737122614 -0.0017649333698116832 6.6587421654853982e-05 0.0007091430350024575
leaf_weight=40 41 50 41 60 40 75 50 66 92 68 67 84 1115 40
leaf_count=40 41 50 41 60 40 75 50 66 92 68 67 84 1115 40
internal_value=-0.000129601 0.000132345 -0.000108225 -0.000359712 -0.00888889 8.73617e-05 0.000808152 3.75094e-05 0.000828729 -0.00340136 -0.00985915 0.00263158 -0.00012766 0.0122222
internal_weight=1929 1889 1848 1807 90 1717 1423 1333 1267 294 142 152 1175 90
internal_count=1929 1889 1848 1807 90 1717 1423 1333 1267 294 142 152 1175 90
is_linear=0
shrinkage=0.05


Tree=130
num_leaves=15
num_cat=0
split_feature=4 4 6 4 8 5 7 2 7 4 7 2 6 6
split_gain=1.62542 1.95183 2.04041 2.79204 2.27556 1.95075 9.13039 5.60485 5.18507 4.16027 4.32139 3.29088 1.65807 3.12153
threshold=3.3740000000000001 4.392500000000001 15.0235 6.4340000000000011 -1.7974999999999997 24.236500000000003 974.11050000000012 0.88637546977843906 1014.2325000000002 12.845500000000003 1038.2820000000002 0.97117852567439111 14.468000000000002 13.811500000000001
decision_type=2 2 2 2 2 2 2 2 2 2 2 2 2 2
left_child=-1 -2 3 4 -3 8 -7 -8 11 -10 -11 12 13 -5
right_child=1 2 -4 5 -6 6 7 -9 9 10 -12 -13 -14 -15
leaf_value=-0.0024840223685086513 0.0083010035498148234 -0.0064097871975130399 0.0034162543820224212 9.0880849369143213e-05 -0.0005251789020332382 0.0019019543168952826 -0.010655262588447168 -0.0030107711455388767 0.0044730239222391449 0.0028439808696668679 -0.0021901492286907271 -0.019144216430663729 0.0021378935978075284 -0.0021478107073456404
leaf_weight=40 41 50 41 1111 40 65 50 60 44 41 48 44 86 168
leaf_count=40 41 50 41 1111 40 65 50 60 44 41 48 44 86 168
internal_value=-2.59202e-05 0.000185283 -5.41126e-05 -0.000304372 -0.00888889 0.000145603 -0.00485714 -0.0136364 0.000713359 0.0101504 0.00393258 -0.000177431 0.00025641 -0.000195465
internal_weight=1929 1889 1848 1807 90 1717 175 110 1542 133 89 1409 1365 1279
internal_count=1929 1889 1848 1807 90 1717 175 110 1542 133 89 1409 1365 1279
is_linear=0
shrinkage=0.05


Tree=131
num_leaves=15
num_cat=0
split_feature=4 4 4 1 4 6 1 6 8 6 7 8 7 5
split_gain=1.65939 1.91372 2.48258 5.07817 2.37552 1.77267 5.43185 4.94612 5.3202 3.09318 6.66281 3.3282 5.88803 3.04912
threshold=3.3740000000000001 4.392500000000001 6.9440000000000008 0.081558489694578698 7.6545000000000014 14.3725 0.76864763646026912 14.555000000000001 -2.0984999999999996 13.811500000000001 855.93250000000012 -2.3004999999999995 968.65750000000014 19.189000000000004
decision_type=2 2 2 2 2 2 2 2 2 2 2 2 2 2
left_child=-1 -2 3 -3 -4 9 7 -7 -9 13 -11 -12 -13 -6
right_child=1 2 4 -5 5 6 -8 8 -10 10 11 12 -14 -15
leaf_value=-0.0023598212500832161 0.0078859533723240737 -0.0068970784416214591 0.0010788871070421841 0.001033465634802714 -6.0054198403949877e-06 0.0031802114159035222 0.0093633189043174948 0.00047693930318883917 -0.014210038809227511 -0.014244450523748507 -0.0021833607429502856 0.013997841193295288 -0.0036324158991712487 0.0036810242510297215
leaf_weight=40 41 68 56 76 1027 75 41 105 40 70 73 45 72 100
leaf_count=40 41 68 56 76 1027 75 41 105 40 70 73 45 72 100
internal_value=7.77605e-05 0.000291159 5.41126e-05 -0.00625 0.000586854 0.000242718 0.00402299 0.000909091 -0.00448276 -0.000468637 -0.00538462 -0.000526316 0.00470085 0.000665484
internal_weight=1929 1889 1848 144 1704 1648 261 220 145 1387 260 190 117 1127
internal_count=1929 1889 1848 144 1704 1648 261 220 145 1387 260 190 117 1127
is_linear=0
shrinkage=0.05


Tree=132
num_leaves=15
num_cat=0
split_feature=5 7 5 6 5 5 5 6 5 6 7 3 5 3
split_gain=1.73623 1.80871 1.99849 3.45766 3.85185 2.52167 3.84991 2.39316 2.25236 5.99641 6.02595 5.09394 6.92391 3.15683
threshold=2.1005000000000007 178.33100000000002 7.5870000000000006 10.627500000000001 5.4035000000000011 8.5645000000000007 8.9680000000000017 11.285000000000002 10.547000000000002 9.3315000000000019 519.16650000000016 1.0805000000000002 9.9275000000000002 98.250000000000014
decision_type=2 2 2 2 2 2 2 2 2 2 2 2 2 2
left_child=-1 -2 3 4 -3 7 -7 -4 11 -10 -11 -8 -13 -12
right_child=1 2 5 -5 -6 6 8 -9 9 10 13 12 -14 -15
leaf_value=-0.0011614043495870585 0.015488122925823267 -0.0097527738796920026 0.016588371882739508 -0.01314245356614478 0.0030693792695528051 -0.0032358521467200289 -0.00081105497797862545 5.0092161314394677e-05 -0.012238910194391918 -0.015289606049041032 0.0001469862060356486 0.00033326768909592414 0.014293599685386472 0.0019160246381980329
leaf_weight=64 72 50 55 50 54 47 46 46 44 69 1077 92 52 111
leaf_count=64 72 50 55 50 54 47 46 46 44 69 1077 92 52 111
internal_value=0.000285122 0.000563003 0.000250976 -0.00519481 0 0.00076266 0.000260078 0.00841584 0.000704225 -3.8432e-05 0.000596659 0.00578947 0.0104167 0.00143098
internal_weight=1929 1865 1793 154 104 1639 1538 101 1491 1301 1257 190 144 1188
internal_count=1929 1865 1793 154 104 1639 1538 101 1491 1301 1257 190 144 1188
is_linear=0
shrinkage=0.05


Tree=133
num_leaves=15
num_cat=0
split_feature=4 4 5 5 7 7 8 2 5 0 5 8 5 1
split_gain=1.78104 1.78328 1.92761 3.51427 7.73623 3.68507 3.82472 3.56326 2.85091 2.72921 2.13008 6.56718 5.67258 5.05676
threshold=3.3740000000000001 4.392500000000001 28.245500000000003 24.236500000000003 974.11050000000012 1002.7840000000001 -2.0024999999999995 0.93554238417682101 20.142000000000003 31.653000000000002 18.894500000000004 -1.9044999999999999 16.879000000000001 0.67050644418468353
decision_type=2 2 2 2 2 2 2 2 2 2 2 2 2 2
left_child=-1 -2 3 5 -5 9 8 -8 -7 10 12 -12 -3 -14
right_child=1 2 -4 4 -6 6 7 -9 -10 -11 11 -13 13 -15
leaf_value=-0.0026327079158755262 0.0074843063934060929 0.0001893868860368117 0.0027087042495966885 0.0022860827705357967 -0.0093708961618070626 0.0052854113611861655 0.0051922110932403828 -0.0069874901517731798 0.0028732198558034105 -0.0091950449236181241 0.0053305429380292096 -0.00090112844671443319 -0.020104935475651065 -4.7797945443824043e-05
leaf_weight=40 41 1136 70 53 73 45 40 41 55 98 85 44 51 57
leaf_count=40 41 1136 70 53 73 45 40 41 55 98 85 44 51 57
internal_value=0.000440643 0.000661726 0.0004329 0.000112486 -0.00793651 0.000726392 0.00745856 -0.000617284 0.014 -0.000101971 0.000473416 0.00658915 -0.000160772 -0.0111111
internal_weight=1929 1889 1848 1778 126 1652 181 81 100 1471 1373 129 1244 108
internal_count=1929 1889 1848 1778 126 1652 181 81 100 1471 1373 129 1244 108
is_linear=0
shrinkage=0.05


Tree=134
num_leaves=15
num_cat=0
split_feature=4 4 4 8 4 1 4 4 7 5 4 1 8 6
split_gain=1.67651 1.8948 1.54259 4.89274 3.31957 2.87714 1.50355 3.44956 6.65161 2.6217 2.62302 3.69307 2.31443 3.07872
threshold=3.3740000000000001 4.392500000000001 6.9440000000000008 -1.6084999999999998 7.6545000000000014 0.1328271176880281 8.4820000000000011 9.4490000000000016 684.33500000000015 2.3480000000000003 10.572500000000002 0.14984488681196825 -0.24049999999999996 9.0920000000000005
decision_type=2 2 2 2 2 2 2 2 2 2 2 2 2 2
left_child=-1 -2 3 5 -4 -3 -6 8 -8 -9 11 -11 13 -12
right_child=1 2 4 -5 6 -7 7 9 -10 10 12 -13 -14 -15
leaf_value=-0.0025010725200817516 0.0071100910737357916 -0.0081732010244416013 0.00096315100842632733 0.0025493931181678228 -0.0049797817048920006 -0.00067676722102899545 0.016697234250235313 -0.0037283852840054757 -0.0015324807125728813 0.00086192919840138993 0.0084371736937688315 -0.0066828036869125869 -0.0095594897149681082 0.0001631270148435513
leaf_weight=40 41 49 56 40 72 55 40 56 41 53 86 63 43 1194
leaf_count=40 41 49 56 40 72 55 40 56 41 53 86 63 43 1194
internal_value=0.000129601 0.000344097 0.000108225 -0.00486111 0.000528169 -0.0105769 0.000121359 0.000444162 0.0104938 -0.000100334 0.000312717 -0.00689655 0.000944822 0.00132813
internal_weight=1929 1889 1848 144 1704 104 1648 1576 81 1495 1439 116 1323 1280
internal_count=1929 1889 1848 144 1704 104 1648 1576 81 1495 1439 116 1323 1280
is_linear=0
shrinkage=0.05


Tree=135
num_leaves=15
num_cat=0
split_feature=6 8 8 6 2 2 2 6 6 8 8 3 2 7
split_gain=2.36598 1.69335 2.34973 2.51579 2.29716 2.93143 3.35585 2.4259 1.92042 7.35611 5.18754 4.92077 4.95305 4.47371
threshold=6.4675000000000011 -0.17049999999999996 -0.59799999999999986 8.1325000000000021 -0.99665976668634515 -0.98870105003072151 -0.96801877525786306 9.2725000000000026 11.734500000000002 -1.1699999999999997 -1.0154999999999996 94.631500000000003 -0.61626377254255749 538.89050000000009
decision_type=2 2 2 2 2 2 2 2 2 2 2 2 2 2
left_child=-1 2 3 -2 -5 -6 -7 -8 9 11 -10 12 13 -9
right_child=1 -3 -4 4 5 6 7 8 10 -11 -12 -13 -14 -15
leaf_value=-0.0038625166762139619 0.0044080447337202788 -0.0065701113831039938 0.013477985043563262 -0.0018632500724420024 0.0015405677577455203 -0.0065699200239965234 -0.0081702459750259502 0.013281693562089575 0.00015497595499535112 0.015612527514874658 -0.0021253837571814818 -0.0075876861021767833 0.031675320283259492 -0.0034821387378902893
leaf_weight=64 76 42 56 44 41 51 66 40 1177 42 73 53 43 61
leaf_count=64 76 42 56 44 41 51 66 40 1177 42 73 53 43 61
internal_value=7.77605e-05 0.000402145 0.000630828 0.000311262 -8.87049e-05 0.000212508 -0.000124533 0.000289389 0.000705171 0.00481172 -8e-05 0.000761421 0.00555556 -0.00049505
internal_weight=1929 1865 1823 1767 1691 1647 1606 1555 1489 239 1250 197 144 101
internal_count=1929 1865 1823 1767 1691 1647 1606 1555 1489 239 1250 197 144 101
is_linear=0
shrinkage=0.05


Tree=136
num_leaves=15
num_cat=0
split_feature=3 8 8 8 4 6 3 6 1 6 6 5 0 0
split_gain=1.88289 4.88689 4.89015 3.57245 5.9793 3.02222 2.91046 4.37121 3.20949 3.16746 4.07108 4.89786 3.16938 2.69217
threshold=0.17850000000000002 -2.4524999999999992 -2.7654999999999998 -1.6824999999999999 17.384500000000006 12.887500000000001 6.1125000000000016 10.881000000000002 -0.99273952934267318 12.650500000000003 13.521500000000001 18.543500000000005 33.405500000000011 16.729500000000005
decision_type=2 2 2 2 2 2 2 2 2 2 2 2 2 2
left_child=1 2 -1 13 5 -5 7 -2 -8 -9 -11 -12 -13 -3
right_child=6 3 -4 4 -6 -7 8 9 -10 10 11 12 -14 -15
leaf_value=-0.00031622198324359201 0.013615265066891966 0.00064461790089301741 0.0069632219863695879 -1.4251393561039508e-05 -0.0087786240883321546 0.0097378866921543853 0.0024562076302944245 -0.0023773191147089426 -0.00013912931276534036 0.011683846149597995 -0.0042186462597099354 0.0045682276176866599 -0.0027969667067207272 -0.0052374713866122748
leaf_weight=43 51 48 62 45 42 51 48 61 1033 60 58 79 45 203
leaf_count=43 51 48 62 45 42 51 48 61 1033 60 58 79 45 203
internal_value=0.000233281 -0.00242915 0.00714286 -0.00501285 0.00144928 0.00833333 0.00114983 0.00508475 -0.00013876 0.00280528 0.0053719 0.00164835 0.00725806 -0.00856574
internal_weight=1929 494 105 389 138 96 1435 354 1081 303 242 182 124 251
internal_count=1929 494 105 389 138 96 1435 354 1081 303 242 182 124 251
is_linear=0
shrinkage=0.05


Tree=137
num_leaves=15
num_cat=0
split_feature=4 4 4 2 7 2 4 2 3 5 1 5 5 2
split_gain=2.54236 1.93273 1.63338 11.5255 4.9709 8.99708 3.65739 3.42738 2.6838 4.12176 5.35703 6.51572 4.44514 4.98599
threshold=3.3740000000000001 4.392500000000001 23.567500000000006 -0.64297064596386244 769.30850000000009 0.55601743665704428 21.886000000000006 -0.9951106240145321 91.423500000000004 11.477500000000001 -0.7146667679788683 16.771500000000003 12.488000000000001 -0.68784539311941617
decision_type=2 2 2 2 2 2 2 2 2 2 2 2 2 2
left_child=-1 -2 6 -4 -5 -6 7 -3 9 -9 11 -11 -12 -14
right_child=1 2 3 4 5 -7 -8 8 -10 10 12 -13 13 -15
leaf_value=-0.0025824279015571913 0.0065184263414149075 -0.013925350489813568 0.010450074973278633 -0.010567672667918873 0.013022089836659978 -0.0089766272115383572 -0.0061123724854835254 -0.0010856806065518698 0.0014061646989906905 0.0010907740730207846 0.014027952883370654 -0.0036212628005930503 -0.0063006889330069014 0.0012154086516874719
leaf_weight=40 41 51 69 62 46 49 84 330 354 64 57 113 40 529
leaf_count=40 41 51 69 62 46 49 84 330 354 64 57 113 40 529
internal_value=-2.59202e-05 0.000238221 0 0.0039823 -0.00350318 0.00368421 -0.000554871 0 0.000437122 -0.000750221 0.00118306 -0.00649718 0.00335463 0.00202109
internal_weight=1929 1889 1848 226 157 95 1622 1538 1487 1133 803 177 626 569
internal_count=1929 1889 1848 226 157 95 1622 1538 1487 1133 803 177 626 569
is_linear=0
shrinkage=0.05


Tree=138
num_leaves=15
num_cat=0
split_feature=4 6 2 2 8 0 5 5 3 7 6 0 6 3
split_gain=1.85757 2.17058 2.03039 4.70836 7.21092 3.9483 6.45953 7.07975 5.86815 3.03562 3.1128 4.14628 2.49364 2.92866
threshold=25.595500000000005 12.559500000000002 0.70252747416915684 0.83399694777620859 -1.9184999999999997 26.141500000000004 18.469500000000004 23.091000000000005 0.29000000000000004 973.0680000000001 14.586500000000003 31.714000000000002 6.3730000000000002 91.423500000000004
decision_type=2 2 2 2 2 2 2 2 2 2 2 2 2 2
left_child=2 -2 9 4 -4 -5 -7 -8 -9 10 11 12 -1 -14
right_child=1 -3 3 5 -6 6 7 8 -10 -11 -12 -13 13 -15
leaf_value=-0.0074048110163015771 -0.00032845132232635636 0.0044039626164410709 0.012072711991472689 -0.0041716007418578895 -0.00045807095172404472 0.0064123258690518582 -0.010996583444925202 -0.0036130138926342426 0.014159636547163113 -0.0031140001720061372 0.0027289619729275183 -0.017649049180255932 -0.00034687624310645319 0.0009894741072492511
leaf_weight=45 69 73 60 47 54 80 79 58 45 79 65 42 837 296
leaf_count=45 69 73 60 47 54 80 79 58 45 79 65 42 837 296
internal_value=0.000129601 0.0056338 -0.000307778 0.00271868 0.0114035 -0.000485437 0.0019084 -0.0032967 0.00533981 -0.00124633 -0.000661479 -0.00122951 -0.000679117 -0.000220653
internal_weight=1929 142 1787 423 114 309 262 182 103 1364 1285 1220 1178 1133
internal_count=1929 142 1787 423 114 309 262 182 103 1364 1285 1220 1178 1133
is_linear=0
shrinkage=0.05


Tree=139
num_leaves=15
num_cat=0
split_feature=4 6 1 4 2 2 7 7 5 8 8 5 0 3
split_gain=2.71422 2.29082 1.34312 1.62797 5.13083 2.32765 3.29918 1.92734 2.53976 1.87799 4.30226 4.88152 5.65389 4.29388
threshold=3.3740000000000001 15.082500000000001 0.99466160899732492 23.900000000000002 0.70936945408888341 -0.64297064596386244 796.81850000000009 131.14550000000003 4.855500000000001 -2.8144999999999993 -2.4064999999999999 18.469500000000004 21.636500000000002 0.040000000000000001
decision_type=2 2 2 2 2 2 2 2 2 2 2 2 2 2
left_child=-1 2 3 7 5 -5 -7 -2 -9 -10 11 12 -11 -13
right_child=1 -3 -4 4 -6 6 -8 8 9 10 -12 13 -14 -15
leaf_value=-0.0023403445818552223 0.0038157973734720407 0.0024466725593933706 -0.0061379653514151648 0.012428420630999755 -0.015094017043467502 -0.00095375755945508183 0.0051914459365508875 -0.013192775575598848 -0.0032205928593506796 0.00039731410109480132 -7.7950180047429993e-05 0.0072148318808429313 0.014027954979630115 -0.0026761394518015763
leaf_weight=40 76 40 71 65 41 51 49 56 101 45 1133 41 46 74
leaf_count=40 76 40 71 65 41 51 49 56 101 45 1133 41 46 74
internal_value=0.000388802 0.000661726 0.000405625 0.000674916 0.00485437 0.00878788 0.004 0.000127226 -0.00026738 0.000138889 0.000634802 0.00728155 0.0159341 0.000434783
internal_weight=1929 1889 1849 1778 206 165 100 1572 1496 1440 1339 206 91 115
internal_count=1929 1889 1849 1778 206 165 100 1572 1496 1440 1339 206 91 115
is_linear=0
shrinkage=0.05


Tree=140
num_leaves=15
num_cat=0
split_feature=4 2 4 0 3 8 6 5 3 5 6 0 2 5
split_gain=2.5848 1.23129 1.72983 6.21544 4.232 6.51928 9.68712 5.46186 3.92105 4.48611 3.48299 3.2 3.08832 2.87079
threshold=3.3740000000000001 0.99055824379501012 12.367500000000001 31.498000000000005 5.0555000000000012 -1.8474999999999999 11.386000000000001 8.6940000000000008 0.56900000000000006 11.477500000000001 13.690000000000003 33.702500000000008 0.96468063810649285 13.904500000000001
decision_type=2 2 2 2 2 2 2 2 2 2 2 2 2 2
left_child=-1 2 3 4 8 6 -6 -7 9 -2 -8 -5 -4 -11
right_child=1 -3 12 11 5 7 10 -9 -10 13 -12 -13 -14 -15
leaf_value=-0.0022233273527624609 -0.0059933264952718446 0.0013913593345052393 7.3113269151620089e-05 -0.031294052779363153 -0.0032204324767939664 0.0088506675236134924 0.01493900595177958 -0.0021020095452105535 -0.0059149649535579218 0.0018417294119384379 0.0015655234198496794 -0.0055204446413441022 0.0076831684955586677 -0.00017030627706410563
leaf_weight=40 46 76 1084 40 41 90 56 103 64 46 42 40 47 114
leaf_count=40 46 76 1084 40 41 90 56 103 64 46 42 40 47 114
internal_value=7.77605e-05 0.000344097 8.27358e-05 -0.00190616 -0.000166113 0.00361446 0.0118705 -0.00233161 -0.00481481 -0.00145631 0.0204082 -0.015 0.00128205 0.0025
internal_weight=1929 1889 1813 682 602 332 139 193 270 206 98 80 1131 160
internal_count=1929 1889 1813 682 602 332 139 193 270 206 98 80 1131 160
is_linear=0
shrinkage=0.05


Tree=141
num_leaves=15
num_cat=0
split_feature=4 5 7 1 2 4 8 0 2 3 3 3 0 1
split_gain=2.50027 1.67817 1.7258 6.75449 1.68531 2.12406 4.11472 3.19852 4.59318 3.81317 8.14347 6.77786 3.92115 4.5051
threshold=3.3740000000000001 1.3810000000000002 178.33100000000002 0.11577009971046097 0.99055824379501012 12.367500000000001 -1.3794999999999997 31.498000000000005 0.77275363110444695 8.2140000000000022 57.029500000000006 91.803000000000011 26.807000000000006 0.81078196093106825
decision_type=2 2 2 2 2 2 2 2 2 2 2 2 2 2
left_child=-1 -2 3 -3 5 6 7 8 9 12 -11 -12 13 -4
right_child=1 2 4 -5 -6 -7 -8 -9 -10 10 11 -13 -14 -15
leaf_value=-0.0021121609851243368 -0.00229647296048706 0.023968827173139775 -0.0014808106153481036 -0.0083048649596691223 0.0016427849777830407 0.00010993941763704427 -0.0097911045089345648 -0.012343996299376781 0.0031786301626735044 0.01215386656334462 -0.012849558132306066 0.0010044955762662168 -0.0076029098837485879 0.0054878595226681539
leaf_weight=40 40 40 147 53 75 1054 86 76 44 52 44 80 47 51
leaf_count=40 40 40 147 53 75 1054 86 76 44 52 44 80 47 51
internal_value=-0.000129601 0.000132345 0.000351541 0.00698925 0 -0.000327186 -0.00263158 -0.00101664 0.000537634 -0.00106888 0.00454545 -0.00241935 -0.00510204 -0.0020202
internal_weight=1929 1889 1849 93 1756 1681 627 541 465 421 176 124 245 198
internal_count=1929 1889 1849 93 1756 1681 627 541 465 421 176 124 245 198
is_linear=0
shrinkage=0.05


Tree=142
num_leaves=15
num_cat=0
split_feature=5 7 6 0 1 0 0 4 6 4 6 5 4 8
split_gain=2.72321 3.18225 2.16306 2.8589 11.6769 2.6482 2.61933 3.17145 4.03378 4.12273 3.82689 4.29305 3.02677 3.429
threshold=2.3480000000000003 155.62350000000004 7.9005000000000001 13.407000000000002 -0.32533907195844741 12.407500000000001 14.078500000000002 15.577000000000004 9.5710000000000033 14.690500000000002 10.690500000000002 9.6125000000000025 16.620500000000003 -1.8644999999999998
decision_type=2 2 2 2 2 2 2 2 2 2 2 2 2 2
left_child=-1 -2 -3 4 -4 -6 -5 8 -8 10 -10 -12 13 -9
right_child=1 2 3 6 5 -7 7 12 9 -11 11 -13 -14 -15
leaf_value=-0.001119407200582677 0.025258800310899377 -0.0007750972259951875 0.011973972243623919 0.0014864857753321805 -0.0031309515138743891 -0.014230700323302771 -0.018796676944929754 0.00012698346179864736 0.019266448663352385 -0.0096611964467078985 -0.0048788989561061981 2.170008090500164e-05 0.00035414891925593666 0.0194983522814966
leaf_weight=72 53 46 44 59 42 40 42 44 70 83 65 697 532 40
leaf_count=72 53 46 44 59 42 40 42 44 70 83 65 697 532 40
internal_value=-0.000181441 0.000188476 -0.000166297 0.000113766 -0.00714286 -0.0182927 0.00067402 0.000286078 -0.00151515 -0.000819672 0.000240385 -0.000787402 0.00308442 0.0119048
internal_weight=1929 1857 1804 1758 126 82 1632 1573 957 915 832 762 616 84
internal_count=1929 1857 1804 1758 126 82 1632 1573 957 915 832 762 616 84
is_linear=0
shrinkage=0.05


Tree=143
num_leaves=15
num_cat=0
split_feature=4 6 5 4 4 2 5 7 4 4 5 4 8 3
split_gain=2.47936 3.63904 1.66295 4.42874 5.56525 5.21352 2.83671 2.43204 2.18135 6.25361 9.28962 4.22956 4.15042 7.69686
threshold=3.3740000000000001 15.082500000000001 7.5870000000000006 15.205000000000002 12.948000000000002 -0.83160410544417529 8.3350000000000026 178.33100000000002 15.205000000000002 16.620500000000003 15.963000000000003 14.690500000000002 -2.1534999999999997 12.684000000000003
decision_type=2 2 2 2 2 2 2 2 2 2 2 2 2 2
left_child=-1 2 3 4 7 -5 -4 -2 11 10 -10 -8 13 -11
right_child=1 -3 6 5 -6 -7 8 -9 9 12 -12 -13 -14 -15
leaf_value=-0.0026385654456632297 0.0051454447207474165 0.0023265993238990343 0.01527569152326811 -0.00035356481232108329 0.01568252090105839 -0.010789553966898303 -9.9619144520582414e-05 -0.01289631471208892 0.013994924097366013 0.0084401591751868017 -8.2884825984785856e-06 -0.01342928487563725 -0.00061567891447927847 -0.0049800595738493311
leaf_weight=40 51 40 77 71 43 67 815 41 54 89 68 45 338 90
leaf_count=40 51 40 77 71 43 67 815 41 54 89 68 45 338 90
internal_value=-0.000181441 7.94071e-05 -0.000243375 -0.00384615 0.00259259 -0.0101449 0.000380711 -0.00434783 -0.000100067 0.00211268 0.0122951 -0.00174419 -0.000290135 0.00586592
internal_weight=1929 1889 1849 273 135 138 1576 92 1499 639 122 860 517 179
internal_count=1929 1889 1849 273 135 138 1576 92 1499 639 122 860 517 179
is_linear=0
shrinkage=0.05


Tree=144
num_leaves=15
num_cat=0
split_feature=6 8 8 6 0 2 0 4 7 4 2 2 2 2
split_gain=3.18451 1.91541 2.34173 1.56304 2.45287 3.22629 5.04325 2.81801 4.15709 3.13575 3.74465 7.91888 3.78845 3.19992
threshold=6.9270000000000005 -0.24049999999999996 -0.59799999999999986 8.1325000000000021 15.195000000000002 -0.95380106782931873 13.407000000000002 15.642000000000001 411.99200000000002 14.690500000000002 -0.58882848911713703 -0.83827970521777406 -0.42889193791248376 -0.26538825390934467
decision_type=2 2 2 2 2 2 2 2 2 2 2 2 2 2
left_child=-1 2 3 -2 5 6 -5 8 -6 10 11 -10 -12 -14
right_child=1 -3 -4 4 7 -7 -8 -9 9 -11 12 -13 13 -15
leaf_value=-0.0012255721757813407 0.0038707881844646411 -0.0057516727210856601 0.017144625330399007 -0.011319595558089935 0.02239651323662872 3.850481452107868e-05 -0.00038441176829704976 0.00068635101328802387 0.003589548467267284 -0.0059480469773611532 0.0056004973273388768 -0.0061288472389526075 -0.016013718500038184 0.00025326047649559813
leaf_weight=80 64 45 49 43 42 145 72 542 46 80 50 93 55 523
leaf_count=80 64 45 49 43 42 145 72 542 46 80 50 93 55 523
internal_value=-0.000233281 0.000189292 0.000443459 0.00014245 -0.000147842 -0.00461538 -0.0108696 0.000663871 -0.00106862 -0.00182999 -0.000847458 -0.00827338 0.000796178 -0.000346021
internal_weight=1929 1849 1804 1755 1691 260 115 1431 889 847 767 139 628 578
internal_count=1929 1849 1804 1755 1691 260 115 1431 889 847 767 139 628 578
is_linear=0
shrinkage=0.05


Tree=145
num_leaves=15
num_cat=0
split_feature=6 6 8 8 3 1 5 7 4 5 1 1 4 8
split_gain=3.15079 2.08369 2.49329 3.44567 5.39363 4.29543 3.23423 4.75455 4.15939 5 4.48992 4.96642 3.84641 3.49088
threshold=6.9270000000000005 15.082500000000001 -1.7139999999999997 -1.8574999999999997 5.7465000000000011 -0.99052327954040364 24.409500000000005 1001.1455000000002 7.0325000000000015 13.306500000000002 0.87795195455888941 0.77682398610090087 17.547000000000004 -2.4769999999999999
decision_type=2 2 2 2 2 2 2 2 2 2 2 2 2 2
left_child=-1 2 3 5 -5 -2 7 8 9 -7 11 13 -8 -10
right_child=1 -3 -4 4 -6 6 12 -9 10 -11 -12 -13 -14 -15
leaf_value=-0.0011642935669922735 0.0030827724834294359 0.0020386642440085589 0.00028624060875203082 0.0010139718971880819 -0.012354128991221293 0.00010449612601135337 -0.0087943490491825156 0.0028210651286688982 -0.0026688405077356816 -0.014877735192510001 0.0072090808411692329 -0.011848749142311772 0.0010977582616409243 0.00046173603633807884
leaf_weight=80 45 48 765 69 68 40 83 113 125 40 124 47 41 241
leaf_count=80 45 48 765 69 68 40 83 113 125 40 124 47 41 241
internal_value=-0.000285122 0.000135208 -0.000138812 -0.00173745 -0.00912409 -0.000611791 -0.00140515 -0.000136986 -0.00186386 -0.0125 -0.00027933 -0.0027845 -0.00887097 -0.000819672
internal_weight=1929 1849 1801 1036 137 899 854 730 617 80 537 413 124 366
internal_count=1929 1849 1801 1036 137 899 854 730 617 80 537 413 124 366
is_linear=0
shrinkage=0.05


Tree=146
num_leaves=15
num_cat=0
split_feature=6 6 8 8 1 6 4 1 1 8 0 5 6 8
split_gain=3.24311 2.23358 1.50157 3.27572 7.13591 5.29871 8.8194 4.8483 4.38373 5.01298 4.05 3.28794 4.83545 8.47659
threshold=6.4675000000000011 15.0235 -1.748 -1.3854999999999997 0.95444582372253872 9.9060000000000006 11.987500000000002 0.97653720355785967 -0.63137065367936041 -1.5924999999999998 19.918000000000003 6.0545000000000009 11.162000000000001 -0.99049999999999983
decision_type=2 2 2 2 2 2 2 2 2 2 2 2 2 2
left_child=-1 2 -2 4 5 -4 10 11 -8 -10 -7 -5 13 -13
right_child=1 -3 3 7 -6 6 8 -9 9 -11 -12 12 -14 -15
leaf_value=-0.0028490070853493393 -0.00022035263924200522 0.0019367310318081365 0.020736493448644925 -0.0035908097117968853 0.015728313754355273 -0.0013181668861616327 -0.0063430854807590992 -0.0064394396777103045 0.016513481927656407 0.00013834703260739921 -0.02091917553721186 -1.1600880300462105e-05 -0.00017736347665645442 0.03994351081212974
leaf_weight=64 1000 60 42 88 46 40 44 40 44 71 40 49 261 40
leaf_count=64 1000 60 42 88 46 40 44 40 44 71 40 49 261 40
internal_value=0.000129601 0.000509383 0.000193906 0.00180124 0.00565749 0.00266904 -0.000209205 -0.00083682 0.00660377 0.0117391 -0.01375 0.000684932 0.00285714 0.0129213
internal_weight=1929 1865 1805 805 327 281 239 478 159 115 80 438 350 89
internal_count=1929 1865 1805 805 327 281 239 478 159 115 80 438 350 89
is_linear=0
shrinkage=0.05


Tree=147
num_leaves=15
num_cat=0
split_feature=6 6 0 0 4 2 0 6 8 8 6 5 5 1
split_gain=2.43768 4.87579 3.83927 5.38283 4.19377 3.32419 2.61533 2.82541 2.46231 3.90678 4.14021 2.58424 3.54105 2.47254
threshold=12.3725 11.900000000000002 18.636500000000002 19.846000000000004 11.987500000000002 -0.53190322474958196 11.915000000000001 6.4675000000000011 -0.72249999999999981 -1.1494999999999997 9.0920000000000005 9.3785000000000007 7.6500000000000012 -0.11988119229922732
decision_type=2 2 2 2 2 2 2 2 2 2 2 2 2 2
left_child=1 2 6 -4 -5 -3 -1 -8 9 10 -9 12 -12 -13
right_child=-2 5 3 4 -6 -7 7 8 -10 -11 11 13 -14 -15
leaf_value=0.0026334315307226966 0.00025372728934890853 -0.0010464645397361726 0.017249805458173714 -0.0084216178416084593 0.011316546648927254 -0.0041836228898215382 -0.0095396831515562122 0.0040532218266169234 -0.010333000477017943 0.003204402986627948 -0.0019059183960201303 -0.0088717818174090697 -0.012136786490395747 0.0022080556476647417
leaf_weight=67 1155 75 45 42 78 46 44 78 44 52 50 50 45 58
leaf_count=67 1155 75 45 42 78 46 44 78 44 52 50 50 45 58
internal_value=0.000233281 -0.00193798 -0.000229709 0.00636364 0.000833333 -0.011157 -0.00245902 -0.00391924 -0.00251989 -0.00105105 -0.00338078 -0.00714286 -0.0131579 -0.00185185
internal_weight=1929 774 653 165 120 121 488 421 377 333 281 203 95 108
internal_count=1929 774 653 165 120 121 488 421 377 333 281 203 95 108
is_linear=0
shrinkage=0.05


Tree=148
num_leaves=15
num_cat=0
split_feature=5 6 8 1 8 5 5 3 6 0 4 4 4 4
split_gain=2.26936 4.04727 4.05718 3.1432 2.13093 6.08415 5.31041 9.94793 4.3928 8.00964 3.03325 11.1655 3.1883 4.81775
threshold=7.5870000000000006 10.627500000000001 -0.92999999999999994 -0.27159603410350847 -1.7694999999999996 8.4185000000000016 9.6555000000000017 18.803000000000004 10.627500000000001 16.297000000000004 16.447500000000002 14.633000000000001 7.6545000000000014 12.307
decision_type=2 2 2 2 2 2 2 2 2 2 2 2 2 2
left_child=1 2 3 -1 8 -6 7 -7 9 -2 11 12 -8 -14
right_child=4 -3 -4 -5 5 6 10 -9 -10 -11 -12 -13 13 -15
leaf_value=0.014571723486671146 0.00031631532886271799 -0.011302418814379584 -0.0032485785158227368 -0.00020195689147844975 0.021636814544337163 -0.019815169405317037 0.0046838295365559893 0.0023438412268971089 0.00015701792612964895 -0.02066468955838895 -0.000169081610019654 0.017422430346774702 -0.0041021866117951725 0.0029720086800646946
leaf_weight=55 72 51 93 81 55 48 49 41 883 51 204 62 109 75
leaf_count=55 72 51 93 81 55 48 49 41 883 51 204 62 109 75
internal_value=0.000233281 -0.00392857 -0.0010917 0.00441176 0.000939964 0.00318818 0.00170068 -0.00955056 -0.000497018 -0.00934959 0.00370741 0.00694915 0.00193133 -0.00108696
internal_weight=1929 280 229 136 1649 643 588 89 1006 123 499 295 233 184
internal_count=1929 280 229 136 1649 643 588 89 1006 123 499 295 233 184
is_linear=0
shrinkage=0.05


Tree=149
num_leaves=15
num_cat=0
split_feature=6 6 5 0 4 1 5 3 6 4 4 4 3 4
split_gain=1.74054 6.02269 4.17753 2.99874 4.30222 2.68873 3.32066 3.26337 5.7691 5.626 4.46763 3.98551 3.11356 2.97329
threshold=12.3725 12.019000000000002 10.714500000000003 18.636500000000002 10.155500000000002 0.54817103930762578 10.787500000000001 61.596000000000011 11.256500000000001 15.934500000000002 15.880000000000001 23.266000000000002 99.983500000000006 9.8225000000000016
decision_type=2 2 2 2 2 2 2 2 2 2 2 2 2 2
left_child=1 3 -3 5 -5 6 7 8 9 -1 12 -12 -9 -8
right_child=-2 2 -4 4 -6 -7 13 10 -10 -11 11 -13 -14 -15
leaf_value=0.0015381287785544596 0.00023319002857498071 -0.0074528296394420716 -7.3579034853667188e-05 -0.0050873619798975202 0.0096690165781070855 -0.00336035886579458 -0.00016349124307969421 -0.0012010736237586641 -0.0012743926113639394 0.014885494882223538 -0.010249767974789731 -5.8793184461342079e-05 0.0067719133258841496 -0.014716049477026656
leaf_weight=61 1155 44 45 49 126 72 40 57 47 41 48 44 58 42
leaf_count=61 1155 44 45 49 126 72 40 57 47 41 48 44 58 42
internal_value=2.59202e-05 -0.00180879 -0.0140449 -0.000218978 0.00542857 -0.00215686 -0.000684932 0.00140449 0.00704698 0.0137255 -0.002657 -0.0108696 0.00391304 -0.0097561
internal_weight=1929 774 89 685 175 510 438 356 149 102 207 92 115 82
internal_count=1929 774 89 685 175 510 438 356 149 102 207 92 115 82
is_linear=0
shrinkage=0.05


Tree=150
num_leaves=15
num_cat=0
split_feature=4 6 5 0 7 5 2 5 0 0 3 8 8 0
split_gain=1.711 1.49082 1.53472 4.26278 3.46497 3.90509 3.2567 5.79595 4.44614 3.79103 3.59082 3.22719 3.26592 4.75152
threshold=3.3740000000000001 15.082500000000001 23.521000000000004 28.550000000000004 1014.2325000000002 18.827500000000004 0.87796008470088804 19.331500000000002 29.284000000000002 30.461500000000004 1.9890000000000001 -2.7484999999999995 -2.4024999999999994 20.467000000000002
decision_type=2 2 2 2 2 2 2 2 2 2 2 2 2 2
left_child=-1 2 4 -4 6 -6 7 8 11 -8 -9 -2 13 -13
right_child=1 -3 3 -5 5 -7 9 10 -10 -11 -12 12 -14 -15
leaf_value=-0.0027809057181878388 -0.0042079398252844657 0.0019666398078857952 -0.0043440631350671445 0.00018749892452601393 0.0069870077397858818 0.00016410442792947624 0.00066988062637472756 0.00061231372147832757 -0.0067774499847271857 -0.0132359610234221 0.0038495325714913322 -0.001128814552445839 6.7218305703307943e-05 0.015616498655781658
leaf_weight=40 59 40 53 161 52 74 49 73 81 48 77 40 1034 48
leaf_count=40 59 40 53 161 52 74 49 73 81 48 77 40 1034 48
internal_value=0.000233281 0.000449974 0.000243375 -0.00373832 0.000764526 0.00873016 9.94036e-05 0.000708215 -0.000396197 -0.00876289 0.01 0.000381033 0.000980392 0.0102273
internal_weight=1929 1889 1849 214 1635 126 1509 1412 1262 97 150 1181 1122 88
internal_count=1929 1889 1849 214 1635 126 1509 1412 1262 97 150 1181 1122 88
is_linear=0
shrinkage=0.05


Tree=151
num_leaves=15
num_cat=0
split_feature=4 6 2 3 8 4 3 7 3 3 5 4 4 8
split_gain=1.74585 1.45794 1.35442 2.12662 4.72875 4.1504 2.6087 3.34527 5.47257 3.82237 2.94854 2.6951 6.61252 3.78945
threshold=3.3740000000000001 15.082500000000001 -0.9951106240145321 99.83550000000001 -2.2029999999999998 18.221000000000004 98.645500000000013 509.88000000000005 50.966000000000001 87.714000000000013 7.8715000000000002 15.831500000000002 16.620500000000003 -2.0519999999999996
decision_type=2 2 2 2 2 2 2 2 2 2 2 2 2 2
left_child=-1 2 -2 6 -5 -6 7 8 -4 -10 -9 -12 -13 -14
right_child=1 -3 3 4 5 -7 -8 10 9 -11 11 12 13 -15
leaf_value=-0.0026418604322784424 -0.00069343808366994499 0.0018683078174915075 0.0095293170018367467 -0.0074536908851685684 0.0025426269967666944 -0.0072865805520942574 0.015209388020499337 -0.0048363547961878103 -0.0031664169442444882 0.016118242679816857 -0.000224368366433542 0.012236537156530803 0.0023033399245269925 -0.00068041992332910787
leaf_weight=40 69 40 57 54 150 79 53 43 61 56 754 61 157 255
leaf_count=40 69 40 57 54 150 79 53 43 61 56 754 61 157 255
internal_value=0.000336962 0.00055585 0.000351541 0.000617978 -0.00335689 -0.000218341 0.00136941 0.000969529 0.00747126 0.00128205 7.87402e-05 0.000529747 0.00348837 0.00121359
internal_weight=1929 1889 1849 1780 283 229 1497 1444 174 117 1270 1227 473 412
internal_count=1929 1889 1849 1780 283 229 1497 1444 174 117 1270 1227 473 412
is_linear=0
shrinkage=0.05


Tree=152
num_leaves=15
num_cat=0
split_feature=5 6 1 3 7 4 4 8 4 2 2 7 8 1
split_gain=2.73042 3.60609 2.92588 2.6738 2.69203 2.31992 4.93519 8.64227 4.87626 3.18166 8.46129 4.256 3.67688 6.22559
threshold=7.5870000000000006 10.627500000000001 0.54817103930762578 76.381000000000014 86.915000000000006 15.642000000000001 14.690500000000002 -1.8914999999999997 16.620500000000003 -0.81202266594587924 -0.60505606964884906 645.10250000000008 -2.0519999999999996 0.56246696819246
decision_type=2 2 2 2 2 2 2 2 2 2 2 2 2 2
left_child=1 2 3 -1 -5 6 -2 -8 -7 -10 -11 -12 -13 -14
right_child=5 -3 -4 4 -6 8 7 -9 9 10 11 12 13 -15
leaf_value=0.0029725351436680619 0.00019990649158568852 -0.010844483157065503 -0.0083600018377341986 0.01198664971943666 -0.0056985956372281772 0.010785000635200917 -0.011605745529974988 0.002951038722951143 -0.00079734843802194708 0.019945586828297276 -0.011414929470273888 0.0029038670189909413 -0.0046331773357017689 0.00046198672916201723
leaf_weight=40 918 51 53 43 93 84 42 52 89 40 64 162 144 54
leaf_count=40 918 51 53 43 93 84 42 52 89 40 64 162 144 54
internal_value=-7.77605e-05 -0.00464286 -0.00196507 0.00113636 -0.00220588 0.000697392 -0.000790514 -0.0117021 0.00306122 0.00135624 0.00301724 0.000943396 0.00305556 -0.00151515
internal_weight=1929 280 229 176 136 1649 1012 94 637 553 464 424 360 198
internal_count=1929 280 229 176 136 1649 1012 94 637 553 464 424 360 198
is_linear=0
shrinkage=0.05


Tree=153
num_leaves=15
num_cat=0
split_feature=2 1 1 4 5 0 0 6 0 8 8 3 8 0
split_gain=2.17479 1.62796 3.47573 1.70179 1.71478 6.96426 3.66886 6.5569 5.59908 4.02861 4.06233 5.40024 3.91941 2.7849
threshold=-0.99665976668634515 0.99466160899732492 0.98336225177674941 26.323500000000003 24.236500000000003 32.701500000000003 33.255000000000003 14.442500000000001 28.732500000000005 -2.8144999999999993 -2.4024999999999994 1.8235000000000003 -2.3184999999999998 30.632500000000004
decision_type=2 2 2 2 2 2 2 2 2 2 2 2 2 2
left_child=-1 2 3 4 6 -6 7 9 -9 -2 11 -11 -12 -14
right_child=1 -3 -4 -5 5 -7 -8 8 -10 10 12 -13 13 -15
leaf_value=-0.00066876150406573189 -0.0042579031811961392 -0.0057643451386716997 0.0011917781709883002 0.00065867769331041384 -0.002962206898600528 0.003372003700811939 -0.0045674634390543483 0.00011021191160316968 0.007756336565753654 0.0079001039197729543 -0.0030656554033774955 0.00038013669802182962 0.00030085825651474525 -0.013161638962150116
leaf_weight=59 59 72 52 110 99 86 82 54 70 42 43 83 960 58
leaf_count=59 59 72 52 110 99 86 82 54 70 42 43 83 960 58
internal_value=0.000129601 0.000427807 0.000723026 0.000343643 -6.11247e-05 -0.00459459 0.000516885 0.00113221 0.0120968 4.01606e-05 0.000674536 0.0092 -0.000329877 0.000294695
internal_weight=1929 1870 1798 1746 1636 185 1451 1369 124 1245 1186 125 1061 1018
internal_count=1929 1870 1798 1746 1636 185 1451 1369 124 1245 1186 125 1061 1018
is_linear=0
shrinkage=0.05


Tree=154
num_leaves=15
num_cat=0
split_feature=2 4 6 5 5 5 3 8 5 6 7 5 4 4
split_gain=2.22276 1.5259 1.6556 2.50245 2.62764 3.1638 5.31277 2.86759 3.6 4.55984 2.79337 4.81663 2.75238 2.45
threshold=-0.99665976668634515 26.323500000000003 15.0235 26.974500000000003 25.265000000000004 21.400000000000002 30.534500000000005 -0.88849999999999996 6.299500000000001 11.865 1014.2325000000002 18.618000000000006 16.894000000000002 15.642000000000001
decision_type=2 2 2 2 2 2 2 2 2 2 2 2 2 2
left_child=-1 2 3 4 5 7 12 10 -9 -10 -2 -12 -7 -5
right_child=1 -3 -4 13 -6 6 -8 8 9 -11 11 -13 -14 -15
leaf_value=-0.00063532342886244569 0.00021573244637657451 0.00052462728431963148 0.0012181381838792362 -0.011559522941601147 0.0027121667462789213 -0.008709402371693143 0.0014038202738000938 -0.012549933649212525 0.01735535492424687 -0.017714515262747976 0.0087614351167644051 -0.00010460935207766698 -0.00016342226913713121 0.0001183763250688752
leaf_weight=59 1166 114 60 40 45 70 41 72 41 49 43 47 42 40
leaf_count=59 1166 114 60 40 45 70 41 72 41 49 43 47 42 40
internal_value=0.000233281 0.000534759 0.000170843 -0.000117925 0.000309406 -3.18269e-05 -0.00686275 0.000705219 -0.00555556 0.00111111 0.00151274 0.01 -0.0125 -0.00875
internal_weight=1929 1870 1756 1696 1616 1571 153 1418 162 90 1256 90 112 80
internal_count=1929 1870 1756 1696 1616 1571 153 1418 162 90 1256 90 112 80
is_linear=0
shrinkage=0.05


Tree=155
num_leaves=15
num_cat=0
split_feature=2 1 1 6 0 4 8 6 2 7 2 2 3 7
split_gain=2.34499 1.40638 1.95996 1.42461 4.30732 2.79343 2.29962 4.90462 6.54571 6.50407 6.33274 3.856 6.05597 3.62841
threshold=-0.99665976668634515 -0.9946616089973247 -0.97873101657557338 8.5820000000000025 13.078000000000001 13.282000000000002 -1.748 10.881000000000002 -0.26781430516217447 291.06100000000009 0.67844406397199097 -0.49501433321452953 68.88900000000001 468.69750000000005
decision_type=2 2 2 2 2 2 2 2 2 2 2 2 2 2
left_child=-1 -2 -3 4 -4 -6 13 9 11 -8 -10 12 -9 -5
right_child=1 2 3 6 5 -7 7 8 10 -11 -12 -13 -14 -15
leaf_value=-0.00060355725741932382 0.0010308700850935383 -0.003963119687389373 0.008569125931688848 -0.0066770680144831035 -0.010609438471122667 -3.8797246254890233e-05 -0.0025442690845807765 -0.0017808927951939975 0.0033051457995014188 0.02047401740717026 -0.00025033951789236731 -0.010239470431972212 0.0030473183481344265 0.00012523039267521853
leaf_weight=59 60 60 49 40 64 63 41 143 149 82 139 56 41 883
leaf_count=59 60 60 49 40 64 63 41 143 149 82 139 56 41 883
internal_value=0.000492483 0.000802139 0.000552486 0.000857143 -0.00340909 -0.00826772 0.00133418 0.00360983 0.00151515 0.0126016 0.00659722 -0.00458333 -0.00108696 -0.000270856
internal_weight=1929 1870 1810 1750 176 127 1574 651 528 123 288 240 184 923
internal_count=1929 1870 1810 1750 176 127 1574 651 528 123 288 240 184 923
is_linear=0
shrinkage=0.05


Tree=156
num_leaves=15
num_cat=0
split_feature=5 2 8 2 4 1 1 2 0 8 1 3 3 5
split_gain=2.26936 3.74416 4.37303 4.8323 3.964 2.11026 6.7208 4.13644 4.30476 2.77238 2.51266 7.52865 4.39073 4.09999
threshold=7.5870000000000006 -0.96356381914947564 -0.85149999999999981 -0.76235363884839025 14.518000000000002 -0.90149333598846393 -0.82391537601316189 0.0064435096891653281 23.348500000000005 -1.9044999999999999 -0.54162280503947546 68.88900000000001 18.468500000000002 13.747000000000002
decision_type=2 2 2 2 2 2 2 2 2 2 2 2 2 2
left_child=1 -1 3 -3 -5 7 -7 9 -9 -2 11 12 13 -8
right_child=5 2 -4 4 -6 6 10 8 -10 -11 -12 -13 -14 -15
leaf_value=-0.0022073270646840032 0.0031476712084505701 0.0036609885744844362 -0.0070784058851258219 0.011239949257114615 -0.010638235129097923 0.0072357216805162966 0.0027199767489384189 0.000300122205406821 -0.014916967777949925 -0.00096433034450490876 0.00034408172116814906 0.002408125704345971 -0.014849159894342212 -0.0071841676050435318
leaf_weight=60 71 60 74 46 40 79 45 40 69 44 1161 56 40 44
leaf_count=60 71 60 74 46 40 79 45 40 69 44 1161 56 40 44
internal_value=0.000233281 -0.00392857 -0.000909091 0.00410959 -0.00348837 0.000939964 0.00164912 -0.00357143 -0.0105505 0.00304348 0.000817236 -0.00459459 -0.0112403 -0.00505618
internal_weight=1929 280 220 146 86 1649 1425 224 109 115 1346 185 129 89
internal_count=1929 280 220 146 86 1649 1425 224 109 115 1346 185 129 89
is_linear=0
shrinkage=0.05


Tree=157
num_leaves=15
num_cat=0
split_feature=2 6 3 1 1 1 7 8 2 3 1 5 4 0
split_gain=2.36983 2.0734 1.29174 3.98825 6.97463 4.17753 4.13999 4.0531 4.72079 3.31142 3.34119 4.47371 3.92408 2.88068
threshold=-0.99665976668634515 15.0235 0.17850000000000002 0.67050644418468353 0.93168921928840098 0.83042381995921366 565.67000000000007 -2.4524999999999992 0.86564557464733971 4.6225000000000014 0.1328271176880281 14.206500000000002 14.298000000000002 14.867000000000003
decision_type=2 2 2 2 2 2 2 2 2 2 2 2 2 2
left_child=-1 2 3 6 5 -5 -2 -8 -9 10 12 -12 -4 -11
right_child=1 -3 9 4 -6 -7 7 8 -10 13 11 -13 -14 -15
leaf_value=-0.00059058348060676564 0.0022963952176710835 0.001133765668993103 0.00027355527513396317 0.0018992583516782777 -0.0018318590898812577 0.0040948696846373816 0.00043334107837753326 -0.0095896225048157143 -9.1302476592802781e-05 -0.00070189440237797274 -0.0012883339471245958 0.0026343070778956507 0.0086387973122129761 0.00023185972645566253
leaf_weight=59 58 60 59 45 76 44 60 120 65 238 40 61 52 892
leaf_count=59 58 60 59 45 76 44 60 120 65 238 40 61 52 892
internal_value=0.000544323 0.000855615 0.000552486 -0.0017094 0.00454545 0.0140449 -0.00511551 -0.00795918 -0.0116216 0.00134128 0.00707547 0.00049505 0.0130631 0.000265487
internal_weight=1929 1870 1810 468 165 89 303 245 185 1342 212 101 111 1130
internal_count=1929 1870 1810 468 165 89 303 245 185 1342 212 101 111 1130
is_linear=0
shrinkage=0.05


Tree=158
num_leaves=15
num_cat=0
split_feature=2 6 4 2 7 4 6 5 8 7 8 0 7 7
split_gain=2.32028 2.12219 1.32054 3.77275 3.27314 3.19122 2.95069 1.41134 6.9539 4.54902 5.58904 3.79413 2.88318 4.72222
threshold=-0.99665976668634515 15.0235 23.459000000000003 0.70936945408888341 513.01500000000021 21.886000000000006 13.268000000000002 21.400000000000002 -1.7914999999999999 1050.3205000000003 -2.0814999999999997 29.602 1014.2325000000002 1040.2825000000003
decision_type=2 2 2 2 2 2 2 2 2 2 2 2 2 2
left_child=-1 2 5 4 -4 7 -6 12 9 10 11 -9 -2 -14
right_child=1 -3 3 -5 6 -7 -8 8 -10 -11 -12 -13 13 -15
leaf_value=-0.00056105430657642783 0.0002288800950986915 0.0010770773855434512 -0.00030893567475972356 -0.013844443276071703 0.0064419957308798348 -0.012089918025824065 0.00043973692470972229 -0.013535844483809701 0.005270823008051987 0.00032418110103170643 -0.0065933338718107805 0.00041224523533450188 0.0046967884374950033 -0.00024103588228603369
leaf_weight=59 1181 60 55 46 65 73 56 43 56 40 40 70 45 40
leaf_count=59 1181 60 55 46 65 73 56 43 56 40 40 70 45 40
internal_value=0.000440643 0.000748663 0.000441989 0.00405405 0.00738636 -6.29723e-05 0.0119835 0.000429043 -0.00301205 -0.00751295 -0.0114379 -0.00575221 0.00110585 0.01
internal_weight=1929 1870 1810 222 176 1588 121 1515 249 193 153 113 1266 85
internal_count=1929 1870 1810 222 176 1588 121 1515 249 193 153 113 1266 85
is_linear=0
shrinkage=0.05


Tree=159
num_leaves=15
num_cat=0
split_feature=2 2 0 3 5 6 3 1 1 1 1 1 0 1
split_gain=2.35947 6.15092 3.0096 5.87601 5.65675 5.24279 5.78271 4.23144 1.83 2.22293 1.92254 2.42338 3.31254 2.12407
threshold=-0.79877937288636469 -0.83827970521777406 17.128500000000003 32.666000000000004 8.5645000000000007 8.3385000000000016 99.270500000000013 0.047250493887438572 -0.9946616089973247 -0.97873101657557338 -0.95747632178960107 -0.90149333598846393 22.460500000000003 -0.84293373149377049
decision_type=2 2 2 2 2 2 2 2 2 2 2 2 2 2
left_child=1 2 3 4 -1 -5 -7 -6 -2 -10 -11 12 -12 -13
right_child=8 -3 -4 5 7 6 -8 -9 9 10 11 13 -14 -15
leaf_value=0.013261071773231964 0.001107610743739218 -0.014379767416553974 0.0051504876145683672 0.0034758775363402383 0.0034051693873909626 -0.018750895340209642 -0.00050794701291766717 -0.0013210829671150351 -0.0040448911669128639 0.0049501260790714985 0.00087527082935245643 0.0017279351344971689 -0.016627088889394608 0.00023721837522759637
leaf_weight=53 60 44 42 62 69 72 47 53 60 49 46 68 40 1164
leaf_count=53 60 44 42 62 69 72 47 53 60 49 46 68 40 1164
internal_value=0.000492483 -0.00271493 -0.000753769 -0.00224719 0.00428571 -0.00856354 -0.0147059 -0.00163934 0.00144586 0.00108619 0.00149963 0.00113809 -0.00697674 0.00170455
internal_weight=1929 442 398 356 175 181 119 122 1487 1427 1367 1318 86 1232
internal_count=1929 442 398 356 175 181 119 122 1487 1427 1367 1318 86 1232
is_linear=0
shrinkage=0.05


Tree=160
num_leaves=15
num_cat=0
split_feature=5 7 8 1 4 4 4 4 4 8 1 4 4 8
split_gain=1.70633 4.988 5.34298 3.03784 2.60484 6.03417 5.18837 4.04381 3.37429 9.18159 3.69216 3.28505 4.37602 3.19091
threshold=7.5870000000000006 481.30350000000004 -1.5924999999999998 -0.57659668305444411 15.736000000000002 16.620500000000003 17.462000000000003 18.970500000000005 14.690500000000002 -1.9184999999999997 -0.97109105924028405 14.011000000000001 13.528 -1.7914999999999999
decision_type=2 2 2 2 2 2 2 2 2 2 2 2 2 2
left_child=1 2 -1 -4 8 -6 -7 13 10 -10 -2 12 -12 -8
right_child=4 -3 3 -5 5 6 7 -9 9 -11 11 -13 -14 -15
leaf_value=0.0033020836595232281 -0.0071005120197862766 -0.0042627763448880463 0.002624070032392717 -0.0055707761001527745 0.010768379306767946 -0.0015883352141359997 0.0007842078892242283 0.00013666210311187867 -0.0095372311250202912 0.0013244776210392692 0.00031472379803468287 0.0058094269719085939 -0.016146120095745189 0.013545860174398029
leaf_weight=64 46 49 42 125 76 58 60 391 40 62 747 73 52 44
leaf_count=64 46 49 42 125 76 58 60 391 40 62 747 73 52 44
internal_value=0.000751685 -0.00285714 0.00021645 -0.00449102 0.00136446 0.00389507 0.00207957 0.00373737 -0.000196078 -0.00882353 0.000762527 0.00149083 0.000563204 0.0125
internal_weight=1929 280 231 167 1649 629 553 495 1020 102 918 872 799 104
internal_count=1929 280 231 167 1649 629 553 495 1020 102 918 872 799 104
is_linear=0
shrinkage=0.05


Tree=161
num_leaves=15
num_cat=0
split_feature=1 1 5 6 8 0 0 5 1 7 3 2 1 2
split_gain=2.40218 2.29401 1.69297 4.48247 3.70091 3.53057 7.31576 3.0988 2.82692 2.76386 5.21522 7.38608 5.06346 2.62303
threshold=-0.99273952934267318 -0.97873101657557338 7.5870000000000006 10.627500000000001 -1.575 12.921500000000002 15.7995 8.5645000000000007 -0.051549210996800328 524.99750000000006 98.179000000000016 0.39110220707247995 0.030073020370188292 -0.69637622559687218
decision_type=2 2 2 2 2 2 2 2 2 2 2 2 2 2
left_child=-1 -2 3 4 -3 -6 -7 8 -4 12 -11 -12 -9 -14
right_child=1 2 7 -5 5 6 -8 9 -10 10 11 -13 13 -15
leaf_value=0.0011471909155588351 -0.0055195793233708936 0.0015954077441067529 0.0018662675939496902 -0.012090143139754284 0.0011874797563062756 -0.016036982739287553 0.0013421098698186752 0.00073396579808272799 0.016933540329835586 0.00020568839486654613 0.018721036182416786 9.7407017877948482e-05 -0.00060327494674374958 -0.038710245730110164
leaf_weight=70 50 61 52 48 51 41 62 49 48 1134 42 78 100 43
leaf_count=70 50 61 52 48 51 41 62 49 48 1134 42 78 100 43
internal_value=0.000907206 0.00056482 0.000856827 -0.00285171 0.000232558 -0.0038961 -0.0092233 0.00148771 0.01 0.000899032 0.00175439 0.0116667 -0.0046875 -0.00944056
internal_weight=1929 1859 1809 263 215 154 103 1546 100 1446 1254 120 192 143
internal_count=1929 1859 1809 263 215 154 103 1546 100 1446 1254 120 192 143
is_linear=0
shrinkage=0.05


Tree=162
num_leaves=15
num_cat=0
split_feature=1 1 6 2 5 8 7 7 0 5 2 1 1 1
split_gain=1.72983 2.29401 1.32913 3.32443 1.62427 4.83872 2.22029 5.01099 3.44517 4.75344 3.77607 6.3688 2.38308 1.96771
threshold=-0.99273952934267318 -0.97873101657557338 14.782500000000001 0.67844406397199097 24.236500000000003 -1.8314999999999999 1014.2325000000002 1055.6765000000003 30.545500000000004 18.930000000000003 0.90906259831586944 0.67760851415498113 -0.085847649446570765 -0.25950939392209715
decision_type=2 2 2 2 2 2 2 2 2 2 2 2 2 2
left_child=-1 -2 4 -4 6 13 8 12 9 -3 11 -10 -8 -6
right_child=1 2 3 -5 5 -7 7 -9 10 -11 -12 -13 -14 -15
leaf_value=0.0010898313697808915 -0.0052436003572023495 5.7641600753832734e-05 0.0019675910197553882 -3.907390989374982e-05 -0.011234942907335767 0.0010183769194779342 0.010854231457845554 -0.00044082063552359222 0.0036941509394328611 0.0055655910750519429 -0.015183387796512116 -0.011718147491749653 0.00074259134556789452 -0.00085652181322517509
leaf_weight=70 50 1203 45 71 52 40 46 42 41 74 40 63 45 47
leaf_count=70 50 1203 45 71 52 40 46 42 41 74 40 63 45 47
internal_value=0.000855365 0.00056482 0.000856827 0.00603448 0.000502067 -0.00467626 0.000965251 0.00714286 0.000387051 0.00121378 -0.00694444 -0.00192308 0.0137363 -0.0106061
internal_weight=1929 1859 1809 116 1693 139 1554 133 1421 1277 144 104 91 99
internal_count=1929 1859 1809 116 1693 139 1554 133 1421 1277 144 104 91 99
is_linear=0
shrinkage=0.05


Tree=163
num_leaves=15
num_cat=0
split_feature=8 1 6 7 0 6 8 6 2 6 8 4 8 5
split_gain=2.25005 1.67653 1.98838 1.92071 2.78558 3.12954 4.02827 2.28992 11.7997 3.57436 6.16324 3.7239 4.36794 3.21989
threshold=-3.1014999999999993 0.99466160899732492 15.0235 285.41700000000009 18.409000000000002 6.4675000000000011 -0.86049999999999993 9.5710000000000033 -0.88835394722870831 11.162000000000001 -1.2969999999999999 9.5945000000000018 -2.0704999999999996 8.0500000000000025
decision_type=2 2 2 2 2 2 2 2 2 2 2 2 2 2
left_child=-1 2 3 4 5 -2 -7 8 -5 10 11 -9 -13 -11
right_child=1 -3 -4 7 -6 6 -8 9 -10 13 -12 12 -14 -15
leaf_value=0.00087742789209449557 -0.0040489189994791291 -0.0054236441392788159 0.0028715456538394692 0.00048069522329341339 0.022853228447291003 0.019736675480856555 -0.0023065986677432843 0.004655144809371764 -0.022138309935041501 -0.004974278629494986 0.01137824093093312 0.00040068300320479161 -0.01339485529561555 1.1497772280606722e-05
leaf_weight=65 44 72 53 76 42 58 44 46 44 51 50 44 46 1194
leaf_count=65 44 72 53 76 42 58 44 46 44 51 50 44 46 1194
internal_value=0.000855365 0.000536481 0.000837054 0.000546291 0.00531915 0.00205479 0.00686275 -3.22373e-05 -0.00666667 0.000524109 0.00698925 0.00147059 -0.00444444 -0.000441767
internal_weight=1929 1864 1792 1739 188 146 102 1551 120 1431 186 136 90 1245
internal_count=1929 1864 1792 1739 188 146 102 1551 120 1431 186 136 90 1245
is_linear=0
shrinkage=0.05


Tree=164
num_leaves=15
num_cat=0
split_feature=4 8 6 4 4 1 1 2 7 0 3 3 8 6
split_gain=2.86921 2.16543 1.94728 2.04718 2.4093 1.74799 4.31235 3.84 5.51325 6.1587 3.79601 4.17734 3.85707 4.67715
threshold=3.3740000000000001 -3.1014999999999993 15.0235 5.2545000000000011 6.4340000000000011 0.41274032740354816 0.33302288323572038 -0.84565824135800816 556.82450000000006 20.970500000000005 84.060500000000005 99.83550000000001 -2.2659999999999996 13.358000000000002
decision_type=2 2 2 2 2 2 2 2 2 2 2 2 2 2
left_child=-1 -2 3 -3 -5 6 10 -7 9 -9 12 -12 13 -6
right_child=1 2 -4 4 5 7 -8 8 -10 -11 11 -13 -14 -15
leaf_value=-0.0031117664706291378 0.00083355649748977361 0.0054109128103827569 0.0025432766466387813 -0.0054357993616286132 0.012711335406092828 0.0077248766781207474 -0.0010590850409920582 -0.010222895864935933 0.00048625936543453545 0.017040814188626786 0.0077469027312522592 -8.7400422875516528e-05 -0.0012942498487764206 -4.606852506222614e-05
leaf_weight=40 65 66 46 53 63 40 49 91 464 45 125 158 496 128
leaf_count=40 65 66 46 53 63 40 49 91 464 45 125 158 496 128
internal_value=0.000751685 0.00103229 0.000712719 0.000449944 0.000116822 0.00045208 -0.000834151 0.0025 0.0015 -0.00735294 -0.000103093 0.00477032 -0.00211063 0.0039267
internal_weight=1929 1889 1824 1778 1712 1659 1019 640 600 136 970 283 687 191
internal_count=1929 1889 1824 1778 1712 1659 1019 640 600 136 970 283 687 191
is_linear=0
shrinkage=0.05


Tree=165
num_leaves=15
num_cat=0
split_feature=8 6 8 6 8 8 6 3 4 3 1 3 8 6
split_gain=2.45877 1.76673 1.72475 6.34025 4.35523 2.42185 2.12562 5.05468 1.93743 5.90612 5.84603 3.82792 2.30494 2.30753
threshold=-3.1014999999999993 6.4675000000000011 -2.6499999999999995 14.365000000000002 -2.5494999999999997 -2.7844999999999995 8.1325000000000021 99.893000000000015 8.4820000000000011 57.029500000000006 0.84293373149377093 0.17850000000000002 -2.4864999999999995 10.254000000000001
decision_type=2 2 2 2 2 2 2 2 2 2 2 2 2 2
left_child=-1 -2 3 5 -4 -3 7 -6 9 10 11 -8 -10 -14
right_child=1 2 4 -5 6 -7 8 -9 12 -11 -12 -13 13 -15
leaf_value=0.00079187867261528713 -0.0035887156423098838 -0.0082128118651084835 0.0066223280374395014 0.0019860868896652839 0.011438142496455354 -0.0058419037890812767 -0.007434579794503857 -0.00038715065546967025 -0.0033894756626293102 -0.0057695209376298741 0.006131727163947321 0.00031869999226276092 0.00096140465769088419 0.00011070311408347967
leaf_weight=65 60 43 68 61 41 40 58 49 41 83 45 71 155 1049
leaf_count=65 60 43 68 61 41 40 58 49 41 83 45 71 155 1049
internal_value=0.000440643 0.000107296 0.000388027 -0.00486111 0.000843373 -0.0138554 0.00031407 0.00777778 -0.000133156 -0.0040856 0.00114943 -0.00426357 0.000682731 0.00107973
internal_weight=1929 1864 1804 144 1660 83 1592 90 1502 257 174 129 1245 1204
internal_count=1929 1864 1804 144 1660 83 1592 90 1502 257 174 129 1245 1204
is_linear=0
shrinkage=0.05


Tree=166
num_leaves=15
num_cat=0
split_feature=8 5 7 1 0 7 6 6 7 7 4 3 0 3
split_gain=2.40572 1.79992 4.3438 3.39383 2.6779 9.33333 2.13576 3.40735 2.09823 3.86568 4.40774 5.00283 11.3358 5.33401
threshold=-3.1014999999999993 6.8685000000000009 291.06100000000009 -0.47813486327663873 14.655500000000002 155.62350000000004 9.2725000000000026 10.254000000000001 649.77400000000011 628.62600000000009 20.082500000000003 99.694000000000003 21.318500000000004 53.670500000000011
decision_type=2 2 2 2 2 2 2 2 2 2 2 2 2 2
left_child=-1 3 -3 -2 5 -5 -4 -8 9 10 11 12 13 -9
right_child=1 2 6 4 -6 -7 7 8 -10 -11 -12 -13 -14 -15
leaf_value=0.00075228473898452113 0.0028373082488640901 0.011678399138727263 -0.0012200553333658437 0.0015005253294163162 -0.0059743839650180375 -0.025571235902548874 0.0058668647587724332 -0.00050226336732026716 0.00021668267965307549 -0.0036588237408745347 0.0074979380353935449 -0.017433721103740252 0.01797683292150376 -0.01268747719530019
leaf_weight=65 79 42 78 42 65 42 77 176 1014 40 83 43 43 40
leaf_count=65 79 42 78 42 65 42 77 176 1014 40 83 43 43 40
internal_value=0.000544323 0.000214592 0.000794621 -0.00394737 -0.00838926 -0.0142857 0.000376412 0.000791557 0.000243224 -0.00270588 -0.00116883 -0.00397351 -0.00135135 -0.00601852
internal_weight=1929 1864 1636 228 149 84 1594 1516 1439 425 385 302 259 216
internal_count=1929 1864 1636 228 149 84 1594 1516 1439 425 385 302 259 216
is_linear=0
shrinkage=0.05


Tree=167
num_leaves=15
num_cat=0
split_feature=8 6 0 3 0 2 6 2 8 7 7 3 2 5
split_gain=2.35325 1.85771 1.17515 4.24605 2.48702 1.92059 3.38243 3.27139 3.58401 2.51525 6.92752 6.58038 2.40824 2.39908
threshold=-3.1014999999999993 6.4675000000000011 12.599500000000001 93.590000000000018 13.407000000000002 -0.97606926651088199 9.5710000000000033 -0.8069893509785715 -1.1699999999999997 500.97950000000009 556.82450000000006 92.931500000000014 -0.9951106240145321 9.6555000000000017
decision_type=2 2 2 2 2 2 2 2 2 2 2 2 2 2
left_child=-1 -2 3 -3 -4 12 7 -7 -9 11 -11 -8 -6 -12
right_child=1 2 4 -5 5 6 9 8 -10 10 13 -13 -14 -15
leaf_value=0.00071467050203529727 -0.0035177256996514056 -0.00096344722216847316 -0.0023528895397626048 0.019702872715109399 -8.4612428497658074e-05 -0.023697793998139843 0.01301028465201895 0.0042360098042989406 -0.015301916224546193 -0.0016971025975367337 -0.002843422679235358 -0.0010897800415276063 0.0029915050165608514 0.0002371567960322285
leaf_weight=65 60 63 64 41 47 42 47 41 40 94 75 63 56 1131
leaf_count=65 60 63 64 41 47 42 47 41 40 94 75 63 56 1131
internal_value=0.000648004 0.000321888 0.000609756 0.00576923 0.000294118 0.000672372 0.000228311 -0.00772358 -0.00185185 0.000921986 0.000307692 0.00818182 0.00728155 0.0013267
internal_weight=1929 1864 1804 104 1700 1636 1533 123 81 1410 1300 110 103 1206
internal_count=1929 1864 1804 104 1700 1636 1533 123 81 1410 1300 110 103 1206
is_linear=0
shrinkage=0.05


Tree=168
num_leaves=15
num_cat=0
split_feature=1 1 7 3 0 2 2 3 2 2 1 8 3 3
split_gain=1.848 2.17869 2.20238 3.3472 3.54579 5.26617 5.84641 4.73429 4.64197 4.36266 3.85986 5.05395 4.62349 3.61649
threshold=-0.99273952934267318 -0.97873101657557338 641.82850000000019 99.041500000000013 25.137000000000004 -0.23449138957041005 0.58534685349953219 79.546000000000021 -0.44437817810461328 -0.57240397273781507 -0.7146667679788683 -2.7069999999999994 45.712500000000006 0.03500000000000001
decision_type=2 2 2 2 2 2 2 2 2 2 2 2 2 2
left_child=-1 -2 -3 4 5 8 -7 10 9 -4 -6 -12 -13 -10
right_child=1 2 3 -5 7 6 -8 -9 13 -11 11 12 -14 -15
leaf_value=0.00083684888613088097 -0.0049298711468645619 -0.0001889889001873063 -0.0010360706713056667 0.0042991719689495778 -0.004613049424588911 0.0075671616198191077 -0.00046864665464786405 -0.011800920357399351 0.0017685329448963467 0.0068756039984080239 0.0073514922593022171 -0.00013613816492161947 0.0072900119682719148 -0.016706117770165996
leaf_weight=70 50 808 41 79 64 108 41 66 46 45 49 360 53 49
leaf_count=70 50 808 41 79 64 108 41 66 46 45 49 360 53 49
internal_value=0.000596164 0.000295858 0.000580431 0.00214785 0.00130152 0.00545455 0.0124161 -0.00101351 -0.000276243 0.00813953 0.000570342 0.0021645 0.000363196 -0.00789474
internal_weight=1929 1859 1809 1001 922 330 149 592 181 86 526 462 413 95
internal_count=1929 1859 1809 1001 922 330 149 592 181 86 526 462 413 95
is_linear=0
shrinkage=0.05


Tree=169
num_leaves=15
num_cat=0
split_feature=1 1 5 0 7 2 2 0 5 5 1 2 7 7
split_gain=2.17351 1.89279 1.8377 2.76126 3.4824 3.3299 3.84719 8.38809 3.37025 6.83164 4.28148 6.02934 3.57639 4.07018
threshold=-0.99273952934267318 -0.97873101657557338 28.245500000000003 33.255000000000003 927.40450000000021 0.9804906454816793 0.89420283937402645 28.075500000000002 23.521000000000004 19.331500000000002 0.86674087925701782 0.69097237642859677 980.84100000000001 821.98550000000012
decision_type=2 2 2 2 2 2 2 2 2 2 2 2 2 2
left_child=-1 -2 3 5 -5 6 8 -8 9 12 11 -11 13 -3
right_child=1 2 -4 4 -6 -7 7 -9 -10 10 -12 -13 -14 -15
leaf_value=0.00079500644182433917 -0.0046833775895213318 3.1534950864212095e-05 0.0014965159584326316 0.00020895163249077739 -0.004283751000956959 0.0024005668367675041 -0.0066328791640108634 0.00057576635246618939 -0.0043823969533594688 0.0069104253875966835 -0.00024204752231575812 0.002489813784369699 0.0046730424621202835 -0.0048691695160516749
leaf_weight=70 50 1065 71 42 96 69 40 53 64 46 45 44 44 130
leaf_count=70 50 1065 71 42 96 69 40 53 64 46 45 44 44 130
internal_value=-7.77605e-05 -0.000403443 -0.000138198 -0.000460299 -0.00724638 0.000125 -0.000359242 -0.0102151 0.000278164 0.000800582 0.0114815 0.0177778 -0.000363196 -0.000878661
internal_weight=1929 1859 1809 1738 138 1600 1531 93 1438 1374 135 90 1239 1195
internal_count=1929 1859 1809 1738 138 1600 1531 93 1438 1374 135 90 1239 1195
is_linear=0
shrinkage=0.05


Tree=170
num_leaves=15
num_cat=0
split_feature=8 2 1 0 0 6 6 6 6 8 4 8 2 8
split_gain=1.77607 1.74454 5.44722 5.36148 5.41753 2.89816 2.98384 2.94231 8.49547 4.50698 3.55398 3.19359 3.18533 6.23446
threshold=-3.1014999999999993 0.34313907657789455 0.87795195455888941 21.179500000000004 24.727 6.4675000000000011 8.1325000000000021 14.184500000000002 13.914000000000001 -2.6824999999999997 23.567500000000006 -1.5314999999999996 -0.13070653084037345 -1.4114999999999998
decision_type=2 2 2 2 2 2 2 2 2 2 2 2 2 2
left_child=-1 5 3 -3 -5 -2 -7 8 9 -8 12 -12 -11 -14
right_child=1 2 -4 4 -6 6 7 -9 -10 10 11 -13 13 -15
leaf_value=0.00069611400100118021 -0.0090498371088740155 0.015941431087350001 0.0058236625467754958 -0.0034272866917607506 0.00020715855553366525 0.0018074190906097742 -0.009762814014791241 0.0026144926737897258 -0.013465846218748845 -0.00044879264620842352 0.010402819939945105 0.00039019429338287839 0.0088317370963298305 -0.0011629430589652657
leaf_weight=65 51 46 40 64 512 80 40 104 45 644 42 57 98 41
leaf_count=65 51 46 40 64 512 80 40 104 45 644 42 57 98 41
internal_value=0.000336962 5.36481e-05 0.0021148 0.00096463 -0.000347222 -0.00108153 -0.000564726 -0.0012605 -0.00211996 -0.0010846 -0.000340136 0.00858586 -0.00146871 0.00539568
internal_weight=1929 1864 662 622 576 1202 1151 1071 967 922 882 99 783 139
internal_count=1929 1864 662 622 576 1202 1151 1071 967 922 882 99 783 139
is_linear=0
shrinkage=0.05


Tree=171
num_leaves=15
num_cat=0
split_feature=1 2 8 0 5 8 7 6 3 8 4 6 6 5
split_gain=2.88778 3.5518 2.44647 4.29349 6.07866 4.34334 5.31171 3.02222 2.99429 3.72845 5.36518 3.95169 4.75804 3.30108
threshold=0.9870400108529841 -0.030120304846908235 -2.4594999999999998 33.702500000000008 20.563000000000006 -2.6639999999999993 680.50850000000003 13.448000000000002 0.22250000000000003 -1.8799999999999997 18.970500000000005 14.356000000000002 11.674500000000002 11.556000000000003
decision_type=2 2 2 2 2 2 2 2 2 2 2 2 2 2
left_child=2 -2 3 4 5 6 -1 -7 9 11 13 12 -4 -11
right_child=1 -3 8 -5 -6 7 -8 -9 -10 10 -12 -13 -14 -15
leaf_value=0.00063726724411397324 -0.0052155620630117755 -8.9080035603669733e-05 8.6538027368835568e-05 -0.0085094139074634919 0.0030648833060586637 -0.00010949424569465377 -0.01092880556737247 0.0057563663709213177 0.00020575713486117311 -0.0011614717678563966 -0.010541765618082982 9.9672658372756964e-05 -0.0087399868019367236 0.0035259380324705438
leaf_weight=47 42 71 42 49 102 40 60 45 1105 41 40 60 88 97
leaf_count=47 42 71 42 49 102 40 60 45 1105 41 40 60 88 97
internal_value=0.000233281 -0.00752212 0.000715859 0.00451895 0.00680272 0.0015625 -0.00514019 0.01 -0.000169722 -0.00407609 0.0011236 -0.00894737 -0.0138462 0.0057971
internal_weight=1929 113 1816 343 294 192 107 85 1473 368 178 190 130 138
internal_count=1929 113 1816 343 294 192 107 85 1473 368 178 190 130 138
is_linear=0
shrinkage=0.05


Tree=172
num_leaves=15
num_cat=0
split_feature=6 4 4 1 1 6 7 5 8 0 1 1 1 7
split_gain=1.91904 1.34621 3.05369 3.17369 1.9929 3.44216 2.45076 3.84746 3.10906 2.56615 8.60008 5.11505 5.12052 5.03036
threshold=15.082500000000001 6.4340000000000011 5.2545000000000011 0.57659668305444445 0.98902500162601181 12.887500000000001 285.41700000000009 4.596000000000001 -1.4254999999999998 13.407000000000002 -0.30451802849190396 -0.19244979981841048 -0.085847649446570765 572.53000000000009
decision_type=2 2 2 2 2 2 2 2 2 2 2 2 2 2
left_child=1 2 3 -1 6 -6 7 8 -3 10 -8 13 -13 -11
right_child=-2 4 -4 -5 5 -7 9 -9 -10 11 -12 12 -14 -15
leaf_value=0.0036819590253447695 0.00082171521099926319 0.0060943504506801201 -0.007845040749413057 -0.0018533086314369855 -0.0079226317139024036 0.00011751163298070536 0.0086910489657108288 0.018454765231458677 -0.0048082778936218429 -0.010837815278034147 -0.0087254295823837227 0.008481467084532868 0.00026448948742557833 -5.3032845174483259e-05
leaf_weight=62 48 40 55 40 40 54 41 58 71 83 66 49 710 512
leaf_count=62 48 40 55 40 40 54 41 58 71 83 66 49 710 512
internal_value=0.000544323 0.000292398 -0.00414013 0.000980392 0.000696056 -0.00638298 0.00110429 0.00680473 0.00135135 0.000444901 -0.00700935 0.00103397 0.00375494 -0.00243697
internal_weight=1929 1881 157 102 1724 94 1630 169 111 1461 107 1354 759 595
internal_count=1929 1881 157 102 1724 94 1630 169 111 1461 107 1354 759 595
is_linear=0
shrinkage=0.05


Tree=173
num_leaves=15
num_cat=0
split_feature=8 8 8 5 5 6 6 5 8 3 2 6 0 8
split_gain=1.86465 3.76069 4.65452 5.42578 2.05816 1.81217 1.7478 4.83589 2.51519 8.55089 5.20714 4.07316 3.99691 7.39623
threshold=-2.5494999999999997 -2.6499999999999995 -2.7484999999999995 19.816500000000001 23.521000000000004 6.4675000000000011 11.162000000000001 7.8715000000000002 -1.748 6.0085000000000006 -0.86350450715563698 9.443500000000002 15.334500000000002 -1.0404999999999998
decision_type=2 2 2 2 2 2 2 2 2 2 2 2 2 2
left_child=1 2 3 -1 -5 -2 8 -8 10 -10 11 -7 -11 -14
right_child=5 -3 -4 4 -6 6 7 -9 9 12 -12 -13 13 -15
leaf_value=-0.0027712399786378739 -0.0057088242674603806 0.0064822141192928395 -0.010395589763375124 0.004350707573969795 0.0017957171675575313 0.0090564655396961468 -0.0024138044966559749 1.3736291831767389e-06 0.013245809688374386 -0.0012508224205277309 -0.0042194938016972645 -0.00044688486732503144 0.01838630357840838 -0.0047629411746661354
leaf_weight=75 58 68 48 45 43 40 45 1143 51 103 60 44 53 53
leaf_count=75 58 68 48 45 43 40 45 1143 51 103 60 44 53 53
internal_value=0.000699844 0.00448029 0.00118483 0.00521472 0.0136364 6.06061e-05 0.000376884 -0.000589226 0.00321782 0.00615385 -0.00208333 0.00595238 0.00167464 0.00849057
internal_weight=1929 279 211 163 88 1650 1592 1188 404 260 144 84 209 106
internal_count=1929 279 211 163 88 1650 1592 1188 404 260 144 84 209 106
is_linear=0
shrinkage=0.05


Tree=174
num_leaves=15
num_cat=0
split_feature=8 5 5 6 8 8 8 5 0 2 2 3 5 0
split_gain=2.10714 4.66406 2.05816 1.73616 1.62038 2.20743 1.54835 3.06088 2.20179 3.87528 4.54664 3.46444 2.1405 5.29715
threshold=-2.7484999999999995 19.816500000000001 23.521000000000004 6.4675000000000011 -0.17049999999999996 -0.60849999999999993 -0.80999999999999994 6.206500000000001 15.195000000000002 -0.88835394722870831 -0.95380106782931873 4.9895000000000005 21.292000000000005 28.441000000000003
decision_type=2 2 2 2 2 2 2 2 2 2 2 2 2 2
left_child=1 -1 -3 -2 5 6 7 -5 9 10 11 -9 -10 -14
right_child=3 2 -4 4 -6 -7 -8 8 12 -11 -12 -13 13 -15
leaf_value=-0.0026326779797059777 -0.0054233830540873634 0.0041331721952713061 0.0017059313091796647 0.0095299357734581619 -0.0048885126734555797 0.007249165692646789 -0.014956234676775405 0.00090025915162281591 0.00015536352650115661 -0.0021277567058041965 0.003681757330435831 -0.0015796986775706457 -0.0060211405553667469 0.00018327017225354682
leaf_weight=75 58 45 43 82 42 62 55 40 966 68 50 61 76 206
leaf_count=75 58 45 43 82 42 62 55 40 966 68 50 61 76 206
internal_value=0.000388802 0.00582822 0.0136364 -0.00011325 0.000175644 0.000420168 6.23441e-05 0.000355068 -0.000170416 -0.00479452 -0.000331126 -0.00643564 0.000641026 -0.00319149
internal_weight=1929 163 88 1766 1708 1666 1604 1549 1467 219 151 101 1248 282
internal_count=1929 163 88 1766 1708 1666 1604 1549 1467 219 151 101 1248 282
is_linear=0
shrinkage=0.05


Tree=175
num_leaves=15
num_cat=0
split_feature=5 4 7 0 7 6 8 8 6 4 0 4 4 5
split_gain=1.69391 3.95122 2.54428 2.21155 4.12238 8.4213 3.70573 2.94118 2.55098 2.11724 3.79487 5.74701 2.95317 2.79578
threshold=27.956500000000002 16.168000000000003 1063.4400000000003 33.255000000000003 1009.8975000000002 14.582000000000003 -1.8744999999999998 -2.2904999999999993 14.703000000000001 23.459000000000003 23.106500000000004 24.934500000000003 27.484000000000005 21.400000000000002
decision_type=2 2 2 2 2 2 2 2 2 2 2 2 2 2
left_child=2 -2 3 4 8 6 -6 -5 9 13 11 -11 -13 -1
right_child=1 -3 -4 7 5 -7 -8 -9 -10 10 -12 12 -14 -15
leaf_value=-7.6690994985262339e-05 -0.00079134494947475937 0.0042350939545811065 -0.0021109686370728077 -0.0085466640661554794 0.0025189151537995946 -0.0019559156211496954 0.0062082496367458773 0.00019414957720662943 0.0014093384419178179 0.010807116015124097 -0.00082783316341600299 -0.0014693794071943803 0.0045418762077228244 -0.0042586302732622542
leaf_weight=1233 41 41 40 68 50 44 45 68 49 40 51 48 42 69
leaf_count=1233 41 41 40 68 50 44 45 68 49 40 51 48 42 69
internal_value=0.000285122 0.00731707 -2.70709e-05 0.000249032 0.000748055 0.00899281 0.0173684 -0.00588235 0 -0.00037087 0.00469613 0.00923077 0.00222222 -0.00107527
internal_weight=1929 82 1847 1807 1671 139 95 136 1532 1483 181 130 90 1302
internal_count=1929 82 1847 1807 1671 139 95 136 1532 1483 181 130 90 1302
is_linear=0
shrinkage=0.05


Tree=176
num_leaves=15
num_cat=0
split_feature=8 5 7 4 4 2 3 3 8 3 3 5 5 4
split_gain=2.46961 3.84034 5.06882 2.225 2.24857 1.99684 7.23256 9.87876 2.15346 2.36993 5.61097 4.61984 5.23311 3.98147
threshold=-2.5494999999999997 19.816500000000001 745.8805000000001 16.447500000000002 10.337000000000002 -0.95380106782931873 94.631500000000003 5.0010000000000003 -2.4679999999999995 0.17850000000000002 0.64750000000000008 11.556000000000003 14.043500000000002 9.272000000000002
decision_type=2 2 2 2 2 2 2 2 2 2 2 2 2 2
left_child=1 2 -1 4 -3 6 7 -2 -7 11 -11 -10 -13 -14
right_child=5 3 -4 -5 -6 8 -8 -9 9 10 -12 12 13 -15
leaf_value=0.005127279245463536 7.8282211347280314e-05 0.0020104147254555284 -0.0099514099923615606 0.00687790185150628 -0.00066032798638829271 -0.00095572650492362294 0.0029353944724522518 -0.0097341483471345552 -0.0066937190488953859 0.0040826366252172163 0.00012821129660395213 0.0047060004582260961 -0.0059517827175293997 -0.0003320786547232335
leaf_weight=75 75 44 63 51 46 59 59 63 49 40 998 61 58 188
leaf_count=75 75 44 63 51 46 59 59 63 49 40 998 61 58 188
internal_value=0.000129601 0.00448029 -0.00144928 0.0102837 0.00555556 -0.000606061 -0.00532995 -0.0115942 3.44116e-05 0.000430416 0.00163776 -0.00308989 -0.000814332 -0.00406504
internal_weight=1929 279 138 141 90 1650 197 138 1453 1394 1038 356 307 246
internal_count=1929 279 138 141 90 1650 197 138 1453 1394 1038 356 307 246
is_linear=0
shrinkage=0.05


Tree=177
num_leaves=15
num_cat=0
split_feature=6 8 1 4 3 2 2 6 2 4 4 4 3 8
split_gain=2.45782 6.09919 4.04912 5.18294 3.79777 3.09087 7.09021 8.04722 2.82446 3.9357 2.69851 4.36104 2.39367 5.25064
threshold=14.174000000000001 -1.5144999999999997 -0.59402672566899761 7.4080000000000004 36.042500000000011 0.89420283937402645 0.34313907657789455 13.928500000000001 0.17553149042142802 16.5425 12.050000000000002 15.320000000000002 13.029500000000002 -1.6314999999999997
decision_type=2 2 2 2 2 2 2 2 2 2 2 2 2 2
left_child=5 2 8 -4 10 6 7 -1 -2 -10 -5 -12 -8 -14
right_child=1 -3 3 4 -6 -7 12 -9 9 -11 11 -13 13 -15
leaf_value=-7.7932417219852429e-05 0.0013424103889129735 -0.0054628211083533051 -0.0023869525119477155 0.011923811255444106 8.9828344797038277e-06 -0.0052842820761817809 0.0030636676096443315 -0.012091255552389869 -0.0082224104940673334 0.0006012843178423322 -0.00048682493868141831 0.0059957194338476644 -0.00063325508672013454 0.019532751586871216
leaf_weight=1079 42 40 59 59 48 124 68 41 61 41 43 71 73 80
leaf_count=1079 42 40 59 59 48 124 68 41 61 41 43 71 73 80
internal_value=0.000492483 0.00366379 0.00542453 0.00892857 0.0124434 -0.000511945 0.000186428 -0.00142857 -0.00138889 -0.00588235 0.015896 0.0114035 0.00837104 0.00490196
internal_weight=1929 464 424 280 221 1465 1341 1120 144 102 173 114 221 153
internal_count=1929 464 424 280 221 1465 1341 1120 144 102 173 114 221 153
is_linear=0
shrinkage=0.05


Tree=178
num_leaves=15
num_cat=0
split_feature=8 6 7 2 4 0 1 0 4 4 8 4 6 6
split_gain=2.52881 5.07754 3.42889 3.10165 3.36283 2.01386 5.77193 2.59037 3.43588 6.60654 4.59443 4.18 2.23268 6.49858
threshold=-2.5494999999999997 14.862500000000002 1001.1455000000002 -0.18163955523420786 13.684500000000002 12.285500000000001 -0.0687085824022272 15.334500000000002 16.5425 13.227000000000002 -1.5489999999999997 19.922000000000001 11.838000000000003 9.5710000000000033
decision_type=2 2 2 2 2 2 2 2 2 2 2 2 2 2
left_child=1 2 3 4 -1 6 -2 8 9 10 -7 -10 13 -9
right_child=5 -3 -4 -5 -6 7 -8 12 11 -11 -12 -13 -14 -15
leaf_value=-0.0029964304557994191 0.007704184314741111 0.0015016938113253664 0.003047250007095981 -0.0037350989711685493 0.011952146091596822 0.00011329312873541121 -0.0052931434684483584 -0.0018447332932854832 -0.0042257254227559306 0.0059658861822691426 -0.0043056228450430679 -0.00033970815648794064 -0.00011236453536487557 0.0028685958732356412
leaf_weight=44 50 41 56 95 43 60 42 121 46 65 62 56 965 183
leaf_count=44 50 41 56 95 43 60 42 121 46 65 62 56 965 183
internal_value=7.77605e-05 0.00448029 0.00168067 -0.00164835 0.00517241 -0.000666667 0.00652174 -0.00109114 -0.00536332 -0.0013369 -0.00819672 -0.0127451 -0.000118203 0.00361842
internal_weight=1929 279 238 182 87 1650 92 1558 289 187 122 102 1269 304
internal_count=1929 279 238 182 87 1650 92 1558 289 187 122 102 1269 304
is_linear=0
shrinkage=0.05


Tree=179
num_leaves=15
num_cat=0
split_feature=8 8 8 5 4 1 2 1 7 6 8 8 6 5
split_gain=3.83373 3.97857 4.52778 5.99703 3.39733 1.40552 4.19377 6.97646 4.94312 2.72742 2.21483 2.35918 4.23025 4.45669
threshold=-2.5839999999999996 -2.6499999999999995 -2.7484999999999995 19.816500000000001 13.479500000000002 -0.81403855522663837 1.0000000180025095e-35 -0.96683886033945943 718.79450000000008 13.023000000000001 -2.5094999999999996 -1.3964999999999999 13.928500000000001 15.089000000000002
decision_type=2 2 2 2 2 2 2 2 2 2 2 2 2 2
left_child=1 2 3 -1 -5 6 8 -8 -2 -10 -7 -12 13 -13
right_child=5 -3 -4 4 -6 10 7 -9 9 -11 11 12 -14 -15
leaf_value=-0.0024431761186476486 0.024699694291119602 0.0061591360966723133 -0.0094157494511499431 0.00080187742071093917 0.0063328769436765721 -0.00090970821525321983 -0.0078570125954618378 0.0023168627485120885 -0.0023248376759470377 0.0027782702410049879 7.9679166500315482e-05 -0.00058342197982994557 -0.0052100485543304324 0.0020684372891048258
leaf_weight=75 41 43 48 46 42 45 55 65 42 57 927 345 42 56
leaf_count=75 41 43 48 46 42 45 55 65 42 57 927 345 42 56
internal_value=0.000181441 0.00590551 0.00308057 0.00705521 0.0159091 -0.000686567 0.00269231 -0.00416667 0.00857143 0.00252525 -0.00130742 -0.000948905 -0.00395034 -0.00236908
internal_weight=1929 254 211 163 88 1675 260 120 140 99 1415 1370 443 401
internal_count=1929 254 211 163 88 1675 260 120 140 99 1415 1370 443 401
is_linear=0
shrinkage=0.05


Tree=180
num_leaves=15
num_cat=0
split_feature=8 0 6 1 4 4 1 3 3 5 5 1 1 8
split_gain=1.71697 4.88426 4.78191 4.58806 5.96095 2.72767 2.39232 2.31318 5.70662 3.55122 3.65471 2.67549 5.05697 3.65147
threshold=-2.4064999999999999 33.702500000000008 10.254000000000001 -0.15855791680139872 13.067000000000002 13.479500000000002 -0.88606241628642823 1.2100000000000002 5.0900000000000007 10.013000000000002 14.151000000000002 0.72660079619120022 0.93168921928840098 -1.8214999999999997
decision_type=2 2 2 2 2 2 2 2 2 2 2 2 2 2
left_child=1 2 -1 5 -5 -4 -7 11 9 -9 -11 -2 -13 -14
right_child=7 -3 3 4 -6 6 -8 8 -10 10 -12 12 13 -15
leaf_value=-0.0008642228044905588 -0.00087839204995604362 -0.0078803940969390859 -0.0021786322473469262 0.007790950595627304 0.0012940850259105297 0.0023146392664447402 0.0045617591918710914 0.0079749431029743252 -0.00012833498786478937 -0.00088775953264403132 0.0022010196110864855 0.0020064832587284908 -0.0051826717484689949 7.438741000980465e-05
leaf_weight=45 290 56 87 62 63 49 40 45 922 44 75 68 40 43
leaf_count=45 290 56 87 62 63 49 40 45 922 44 75 68 40 43
internal_value=7.77605e-05 0.00298507 0.00520231 0.00747508 0.0148 0.00227273 0.00842697 -0.000687623 0.000552486 0.00914634 0.00462185 -0.0037415 0.00165563 -0.00662651
internal_weight=1929 402 346 301 125 176 89 1527 1086 164 119 441 151 83
internal_count=1929 402 346 301 125 176 89 1527 1086 164 119 441 151 83
is_linear=0
shrinkage=0.05


Tree=181
num_leaves=15
num_cat=0
split_feature=1 6 8 6 8 8 3 1 6 7 2 1 7 7
split_gain=2.25238 2.49117 4.69362 3.95562 7.37959 3.55564 3.42188 3.57525 4.60074 3.55342 3.89766 3.34586 3.23488 2.02975
threshold=-0.99273952934267318 14.174000000000001 -1.5669999999999999 13.811500000000001 -1.7354999999999998 -2.3804999999999992 5.0900000000000007 0.7025209685794126 14.5265 973.0680000000001 0.78884570776442897 0.16681837808193059 1009.8975000000002 821.98550000000012
decision_type=2 2 2 2 2 2 2 2 2 2 2 2 2 2
left_child=-1 3 6 12 5 -5 9 8 -8 -3 -11 -12 13 -2
right_child=1 2 -4 4 -6 -7 7 -9 -10 10 11 -13 -14 -15
leaf_value=0.0012383129689874624 -7.5165011535804907e-05 0.006591550199074753 -0.0045712115958062354 -0.0051522243577188133 0.0015556102648897785 -0.0118979109842765 0.0027998092438143497 -0.0076439895761145852 -0.0037291573582818095 -0.0029220504930984326 0.007863916564994123 -8.8011049898772961e-05 0.0037954495299609096 -0.0028918547564620563
leaf_weight=70 1087 91 41 48 45 59 51 46 67 48 55 45 52 124
leaf_count=70 1087 91 41 48 45 59 51 46 67 48 55 45 52 124
internal_value=-0.000233281 -0.00056482 0.0027027 -0.00159011 -0.00921053 -0.0163551 0.00434243 -0.00121951 0.00338983 0.008159 0.00337838 0.009 -0.000673001 -0.00119736
internal_weight=1929 1859 444 1415 152 107 403 164 118 239 148 100 1263 1211
internal_count=1929 1859 444 1415 152 107 403 164 118 239 148 100 1263 1211
is_linear=0
shrinkage=0.05


Tree=182
num_leaves=15
num_cat=0
split_feature=2 0 4 1 5 0 6 1 0 0 7 8 8 1
split_gain=2.4659 2.76216 4.64406 2.72432 6.2879 2.33685 6.63908 4.32804 4.25842 3.86774 2.14073 9.85341 6.50347 5.41111
threshold=-0.38168922026665913 18.782000000000004 18.970500000000005 -0.97873101657557338 19.593500000000002 25.241000000000003 13.248000000000003 -0.51236666743397874 23.818500000000004 26.359000000000005 882.37700000000007 -1.6994999999999998 -1.4254999999999998 0.7980110542611677
decision_type=2 2 2 2 2 2 2 2 2 2 2 2 2 2
left_child=-1 2 -2 4 -3 6 7 -5 -8 -7 11 -11 13 -12
right_child=1 3 -4 5 -6 9 8 -9 -10 10 12 -13 -14 -15
leaf_value=-0.0002410148146171451 0.01292806552475273 -0.011586697197388505 -0.0019394323448504226 0.0068653407846261455 0.002136991654673126 -0.0030900115027921895 0.00046748799936409006 -0.0070741166181043456 0.0052756239088192977 -0.0055951545613565305 0.00052056918373722956 0.010853213698737393 -0.0031872977788517166 0.0076728751424052005
leaf_weight=775 65 42 43 44 41 65 82 101 43 126 349 58 52 43
leaf_count=775 65 42 43 44 41 65 82 101 43 126 349 58 52 43
internal_value=0.000181441 0.00164645 0.00925926 0.000860421 -0.00783133 0.00160955 0.00555556 -0.00172414 0.014 7.21501e-05 0.00127389 -0.00326087 0.00315315 0.00535714
internal_weight=1929 1154 108 1046 83 963 270 145 125 693 628 184 444 392
internal_count=1929 1154 108 1046 83 963 270 145 125 693 628 184 444 392
is_linear=0
shrinkage=0.05


Tree=183
num_leaves=15
num_cat=0
split_feature=5 5 5 7 3 6 3 5 6 0 1 1 5 1
split_gain=2.82235 4.16109 3.1068 3.03396 3.29195 3.27184 5.31243 7.1627 4.21831 3.83926 4.50893 7.0488 3.81769 3.46727
threshold=11.556000000000003 11.916000000000002 11.118 666.42250000000013 83.197000000000017 13.427000000000001 2.4400000000000004 16.135000000000002 13.670500000000002 22.017500000000002 -0.7146667679788683 -0.34156760613242332 22.436500000000002 0.54817103930762578
decision_type=2 2 2 2 2 2 2 2 2 2 2 2 2 2
left_child=2 -2 -1 4 -3 6 -5 -8 -7 -10 12 -12 -11 -13
right_child=1 3 -4 5 -6 8 7 -9 9 10 11 13 -14 -15
leaf_value=-0.00016979262419615783 0.018307124652723491 4.5724168951761379e-05 -0.0079149640000765412 -0.00017949949034132552 -0.029560085589975922 -0.0021519518015090202 0.0020897266588428992 0.018111369510679199 0.0021975812741284436 -0.0087898089183410522 0.0067905262297582704 -0.0009505841026081097 -0.00016249820394228511 0.00039440100681208264
leaf_weight=698 40 118 48 97 82 78 62 43 42 50 59 199 85 228
leaf_count=698 40 118 48 97 82 78 62 43 42 50 59 199 85 228
internal_value=0.000129601 0.00164835 -0.00227882 0.00109361 -0.0045 0.00227996 0.00792079 0.0157143 0.00074224 0.0020362 0.0010467 0.00329218 -0.00703704 0.00105386
internal_weight=1929 1183 746 1143 200 943 202 105 741 663 621 486 135 427
internal_count=1929 1183 746 1143 200 943 202 105 741 663 621 486 135 427
is_linear=0
shrinkage=0.05


Tree=184
num_leaves=15
num_cat=0
split_feature=2 6 0 3 7 8 8 4 3 0 6 7 7 6
split_gain=2.9861 3.8512 4.65372 2.3245 4.18666 3.73731 3.71467 3.28071 3.10138 3.16226 4.83115 6.0615 4.70187 3.04758
threshold=-0.96801877525786306 9.009500000000001 13.764500000000002 99.83550000000001 385.47950000000009 -1.2874999999999999 -2.2029999999999998 20.334000000000003 98.179000000000016 14.037000000000001 12.650500000000003 509.88000000000005 556.82450000000006 11.838000000000003
decision_type=2 2 2 2 2 2 2 2 2 2 2 2 2 2
left_child=1 -1 -3 4 5 -2 -5 -8 9 -6 11 -11 -13 -14
right_child=3 2 -4 6 8 -7 7 -9 -10 10 -12 12 13 -15
leaf_value=0.0063990878558679298 0.022621461987591941 -0.0040249951966107259 -0.00021304609741696484 -0.010404553315134152 0.0029843881544310766 0.001802500038902652 0.0016445574225874026 -0.0051307630769664887 0.00331199083755126 0.0020483503326273016 0.0001771378457449069 -0.0088815983786992014 2.7370331892284662e-05 -0.0039297850091317707
leaf_weight=48 41 45 86 52 78 58 158 54 56 40 951 53 115 94
leaf_count=48 41 45 86 52 78 58 158 54 56 40 951 53 115 94
internal_value=0.000285122 -0.00586592 -0.0103053 0.000914286 0.00168237 0.0116162 -0.00340909 -0.000471698 0.000973324 0.000488355 -0.000119713 -0.00562914 -0.00839695 -0.00502392
internal_weight=1929 179 131 1750 1486 99 264 212 1387 1331 1253 302 262 209
internal_count=1929 179 131 1750 1486 99 264 212 1387 1331 1253 302 262 209
is_linear=0
shrinkage=0.05


Tree=185
num_leaves=15
num_cat=0
split_feature=5 5 3 3 5 8 1 1 4 0 8 7 5 3
split_gain=2.30145 6.18268 3.20335 3.55702 4.78958 3.40282 3.81206 5.74684 4.73382 3.53261 3.16484 3.24074 3.13211 3.06753
threshold=16.135000000000002 15.649000000000003 98.862000000000009 59.282000000000004 21.067500000000006 -2.7069999999999994 0.7980110542611677 0.93168921928840098 14.948000000000002 30.632500000000004 -1.9119999999999997 1026.0065000000002 15.089000000000002 0.22250000000000003
decision_type=2 2 2 2 2 2 2 2 2 2 2 2 2 2
left_child=1 12 3 5 -5 9 8 -8 10 -2 11 -7 -1 -9
right_child=2 -3 -4 4 -6 6 7 13 -10 -11 -12 -13 -14 -15
leaf_value=-9.8395675424978882e-05 0.0052302231228016083 -0.017500021228244872 0.00096260424347399676 -0.016687349401009532 0.0020105629965970098 0.00078957067780072165 0.0068667720280710751 -0.0050080885617524891 -0.0017332119777796668 0.00027634693931031243 0.0049835211359404649 -0.0031311773452927408 0.0058120938806671893 0.0086178370012627483
leaf_weight=1090 54 40 75 59 45 72 45 43 164 43 56 54 48 41
leaf_count=1090 54 40 75 59 45 72 45 43 164 43 56 54 48 41
internal_value=0.000699844 -0.000679117 0.00286285 0.00177515 -0.00673077 0.00332168 0.00157895 0.00891473 -0.00115607 0.0118557 0.0043956 0 0 0.00119048
internal_weight=1929 1178 751 676 104 572 475 129 346 97 182 126 1138 84
internal_count=1929 1178 751 676 104 572 475 129 346 97 182 126 1138 84
is_linear=0
shrinkage=0.05


Tree=186
num_leaves=15
num_cat=0
split_feature=2 2 4 2 1 3 7 1 4 1 4 4 0 5
split_gain=2.18523 3.18658 3.51673 2.676 5.83816 5.70932 4.70222 2.82439 3.47647 5.66551 4.5363 4.17588 4.89307 6.53497
threshold=-0.38168922026665913 -0.47495107206705001 23.729500000000005 -0.081676395330422633 0.93779576777868801 15.683000000000002 712.30400000000009 -0.92263100495486372 22.760500000000004 -0.085847649446570765 16.168000000000003 14.948000000000002 27.630500000000001 11.418500000000002
decision_type=2 2 2 2 2 2 2 2 2 2 2 2 2 2
left_child=1 2 -1 4 5 -2 -6 -5 10 -10 11 12 13 -9
right_child=3 -3 -4 7 6 -7 -8 8 9 -11 -12 -13 -14 -15
leaf_value=-0.00019747400877486582 0.0010496802753977659 -0.0016519996486124235 0.0056235959269108245 -0.0041923246970225784 -0.012232445426574147 0.017824125528248712 0.0021918794378668672 -0.0026189092873153187 0.0012688069986435679 -0.0068143682224189985 0.0016969399122503462 -0.0055866709750507218 -0.00037344381276794848 0.0070838921150101876
leaf_weight=626 66 66 83 132 40 40 50 53 53 51 202 58 309 100
leaf_count=626 66 66 83 132 40 40 50 53 53 51 202 58 309 100
internal_value=0.000440643 -0.0016129 -0.000634697 0.00181976 0.00714286 0.0150943 -0.00222222 0.000730689 0.00181598 -0.00673077 0.00304709 0.000576923 0.0021645 0.00947712
internal_weight=1929 775 709 1154 196 106 90 958 826 104 722 520 462 153
internal_count=1929 775 709 1154 196 106 90 958 826 104 722 520 462 153
is_linear=0
shrinkage=0.05


Tree=187
num_leaves=15
num_cat=0
split_feature=2 2 4 2 1 0 0 1 7 2 7 8 8 2
split_gain=2.12683 3.193 4.7669 3.0362 3.98931 3.42422 8.73656 3.67496 2.9799 2.89341 2.38474 2.98782 3.07393 3.04477
threshold=-0.38168922026665913 -0.51974381215551546 13.033000000000001 -0.010746888578547886 -0.97873101657557338 18.331500000000002 20.539000000000005 0.93168921928840098 716.53050000000019 -0.57240397273781507 628.62600000000009 -2.5744999999999996 -2.3264999999999998 -0.70634610019963262
decision_type=2 2 2 2 2 2 2 2 2 2 2 2 2 2
left_child=1 9 -3 5 -5 -2 -7 -8 -9 10 11 -1 -13 -14
right_child=3 2 -4 4 -6 6 7 8 -10 -11 -12 12 13 -15
leaf_value=0.0046042731831583295 0.012810207497598992 0.00018764598667560806 -0.0077820936311676419 -0.0069494011551079265 0.00017425661203982758 -0.011495073198451087 0.0097828104282626227 -0.0052943862347731548 0.0010138241161495559 0.012759783536049325 -0.0019669215720671263 -0.0019157816321626201 6.9004779298389998e-05 -0.0037625318359114316
leaf_weight=40 50 45 49 61 848 40 55 42 58 42 57 40 436 66
leaf_count=40 50 45 49 61 848 40 55 42 58 42 57 40 436 66
internal_value=2.59202e-05 -0.002 -0.0106383 0.00138648 5.50055e-05 0.00632653 0.00333333 0.00870968 0.003 -0.000807636 -0.00164319 -0.000687285 -0.00166052 -0.00059761
internal_weight=1929 775 94 1154 909 245 195 155 100 681 639 582 542 502
internal_count=1929 775 94 1154 909 245 195 155 100 681 639 582 542 502
is_linear=0
shrinkage=0.05


Tree=188
num_leaves=15
num_cat=0
split_feature=1 5 2 8 8 6 4 4 0 2 2 4 6 1
split_gain=2.09943 3.29779 3.26663 3.8734 4.43318 3.15219 3.77534 4.15243 6.70596 4.34957 3.9936 3.0696 5.34319 2.87263
threshold=0.41274032740354816 28.571500000000004 -0.84565824135800816 -1.0154999999999996 -0.66199999999999992 11.452000000000002 15.205000000000002 9.9610000000000003 28.945000000000004 -0.26781430516217447 -0.26538825390934467 22.156000000000002 13.466500000000002 0.14984488681196825
decision_type=2 2 2 2 2 2 2 2 2 2 2 2 2 2
left_child=1 13 -2 5 -5 -4 7 8 10 -9 -7 12 -8 -1
right_child=2 -3 3 4 -6 6 11 9 -10 -11 -12 -13 -14 -15
leaf_value=-0.00014784960382712155 0.0046366900721345585 0.003087372261904009 -0.002184513887906467 -0.0044612675266792138 0.0023504456496348694 0.00034195960443614564 0.01794561230516763 -0.0073006705187852244 -0.004196983925893516 8.4196994003320211e-05 0.010927934728620152 -0.00012262093006537578 0.0017862364348135277 -0.00071536924849048425
leaf_weight=967 48 60 87 41 42 42 45 53 53 146 46 47 85 167
leaf_count=967 48 60 87 41 42 42 45 53 53 146 46 47 85 167
internal_value=-0.000129601 -0.00142379 0.00197279 0.0010917 -0.00903614 0.00248344 0.00396518 0.000882353 0.00744681 -0.00376884 0.0159091 0.00988701 0.0138462 -0.00202822
internal_weight=1929 1194 735 687 83 604 517 340 141 199 88 177 130 1134
internal_count=1929 1194 735 687 83 604 517 340 141 199 88 177 130 1134
is_linear=0
shrinkage=0.05


Tree=189
num_leaves=15
num_cat=0
split_feature=4 1 1 8 6 0 0 6 0 1 2 6 3 3
split_gain=1.73054 1.60685 2.76053 6.62576 3.54586 2.54259 3.00736 3.00454 3.1668 2.39169 3.0534 3.16658 4.7716 3.49698
threshold=27.622500000000006 0.41274032740354816 0.14984488681196825 -1.462 13.801500000000003 12.285500000000001 29.042000000000005 14.217500000000003 33.702500000000008 -0.034374606067994681 -0.95380106782931873 10.690500000000002 98.529000000000011 68.88900000000001
decision_type=2 2 2 2 2 2 2 2 2 2 2 2 2 2
left_child=1 2 5 4 -4 -1 9 -8 -9 10 -7 12 -12 -13
right_child=-2 -3 3 -5 -6 6 7 8 -10 -11 11 13 -14 -15
leaf_value=0.0041226726904416162 0.0013748699003044392 0.00015135624643763392 0.00082786783152647987 -0.0097619953468378821 -0.011911423148301676 -0.0037982456811507474 -0.0023264607846664397 0.0031848694759853413 -0.0019278473130349195 0.0019848656869554814 0.015384304833260299 -0.0017575300814391766 -0.0024892841733602069 0.0013949749498486975
leaf_weight=59 79 724 69 59 42 69 68 84 44 62 66 338 59 107
leaf_count=59 79 724 69 59 42 69 68 84 44 62 66 338 59 107
internal_value=-0.000285122 -0.000594595 -0.0017762 -0.00764706 -0.00045045 -0.000732218 -0.00139353 0.00408163 0.00859375 -0.00292439 -0.00383412 -0.00263158 0.0044 -0.00460674
internal_weight=1929 1850 1126 170 111 956 897 196 128 701 639 570 125 445
internal_count=1929 1850 1126 170 111 956 897 196 128 701 639 570 125 445
is_linear=0
shrinkage=0.05


Tree=190
num_leaves=15
num_cat=0
split_feature=5 4 4 4 3 7 7 7 3 6 7 7 7 8
split_gain=1.83962 4.20611 5.05315 4.97875 4.3552 2.91844 1.76969 3.18809 2.55937 4.28652 4.44011 2.57858 3.33985 3.3835
threshold=7.5870000000000006 15.205000000000002 13.033000000000001 19.031500000000005 99.995000000000019 190.90900000000002 325.22550000000007 463.04900000000004 98.179000000000016 13.170500000000002 852.6110000000001 509.88000000000005 522.3805000000001 -1.3794999999999997
decision_type=2 2 2 2 2 2 2 2 2 2 2 2 2 2
left_child=1 2 5 -3 -5 -1 -2 -8 11 -10 -11 -9 -13 -14
right_child=6 3 -4 4 -6 -7 7 8 9 10 -12 12 13 -15
leaf_value=0.0021712145145969474 0.0066026041410652235 -0.0056558130341639035 0.013993884253531989 0.0015766923947225647 -0.010107814411462773 -0.0083273561978242424 -0.0016820295942995334 0.0027899998468430276 0.0068411803277529 -0.007399838560359401 0.0011295582830512575 -0.00078214633311760604 0.00019904386273896185 -0.0010955665943735537
leaf_weight=56 43 51 42 47 40 44 77 49 89 41 40 49 1032 229
leaf_count=56 43 51 42 47 40 44 77 49 89 41 40 49 1032 229
internal_value=-0.000181441 -0.00392857 0.00211268 -0.0101449 -0.00287356 -0.004 0.000454821 0.0001868 0.000686723 0.00647059 -0.00185185 -3.67918e-05 -0.000458015 3.96511e-05
internal_weight=1929 280 142 138 87 100 1649 1606 1529 170 81 1359 1310 1261
internal_count=1929 280 142 138 87 100 1649 1606 1529 170 81 1359 1310 1261
is_linear=0
shrinkage=0.05


Tree=191
num_leaves=15
num_cat=0
split_feature=4 2 8 8 8 7 2 2 3 2 6 0 8 2
split_gain=1.63293 1.70507 2.37475 4.11152 3.98542 2.81723 2.86227 5.77661 4.39756 4.31712 6.89177 5.6364 4.07304 5.03125
threshold=27.622500000000006 -0.9951106240145321 -1.3794999999999997 -1.2969999999999999 -1.4489999999999996 351.27200000000011 0.70252747416915684 0.54277338749235304 17.171000000000003 0.83399694777620859 14.3375 28.848500000000005 -2.3499999999999996 0.97117852567439111
decision_type=2 2 2 2 2 2 2 2 2 2 2 2 2 2
left_child=1 -1 4 -4 5 -3 7 -7 -9 10 -8 -11 -13 -14
right_child=-2 2 3 -5 -6 6 9 8 -10 11 -12 12 13 -15
leaf_value=-0.00074303901646172459 0.0012961742121522695 0.011084075447620433 -0.0082108970337919761 -0.0002728169224577082 0.0030762028443209882 -3.9242419285101526e-05 0.010139579136713378 -0.00012196908283585787 -0.019587342741519222 -0.002243643343297469 -0.00030453955283168412 0.0025177510285766592 0.0065837521402271311 -0.012402610829890571
leaf_weight=67 79 68 46 403 58 797 44 42 44 55 41 72 66 47
leaf_count=67 79 68 46 403 58 797 44 42 44 55 41 72 66 47
internal_value=-7.77605e-05 -0.000378378 -8.41279e-05 -0.0032294 0.000974513 0.00039185 -0.000165563 -0.00164213 -0.0139535 0.00384615 0.0135294 0.000416667 0.00459459 -0.00132743
internal_weight=1929 1850 1783 449 1334 1276 1208 883 86 325 85 240 185 113
internal_count=1929 1850 1783 449 1334 1276 1208 883 86 325 85 240 185 113
is_linear=0
shrinkage=0.05


Tree=192
num_leaves=15
num_cat=0
split_feature=5 7 4 5 2 0 4 1 0 0 1 1 6 6
split_gain=1.66675 3.54827 2.0552 2.63207 3.1271 4.75184 4.84421 5.35554 4.03442 5.08469 4.02776 4.2189 4.89002 3.76378
threshold=28.245500000000003 1063.4400000000003 27.622500000000006 26.005500000000001 0.35923451902495462 28.120000000000001 15.992000000000003 0.97109105924028427 21.906000000000002 25.494000000000003 0.94697898371965716 0.16681837808193059 10.985000000000001 12.177000000000001
decision_type=2 2 2 2 2 2 2 2 2 2 2 2 2 2
left_child=1 2 3 4 5 6 7 -1 -6 -10 11 12 -8 -14
right_child=-2 -3 -4 -5 8 -7 10 -9 9 -11 -12 -13 13 -15
leaf_value=-7.7087063247660567e-06 0.0013127621871984409 -0.0013086195248895151 0.0013995262138056931 -0.0024007931528083671 0.017532699781565998 -0.005040566746031378 0.0017983116424342028 0.010365980107694571 -0.0018273327614318658 0.0006930800784515301 -0.01056434468065001 0.00061680958445233317 -0.009987489231272375 -0.0010801450370100107
leaf_weight=652 75 40 72 45 41 53 80 94 60 425 43 106 50 93
leaf_count=652 75 40 72 45 41 53 80 94 60 425 43 106 50 93
internal_value=2.59202e-05 -0.000269687 5.51268e-05 -0.000287026 2.94638e-05 -0.00140905 -0.000715564 0.00160858 0.00323194 0.00195876 -0.00537634 -0.00349544 -0.0073991 -0.0129371
internal_weight=1929 1854 1814 1742 1697 1171 1118 746 526 485 372 329 223 143
internal_count=1929 1854 1814 1742 1697 1171 1118 746 526 485 372 329 223 143
is_linear=0
shrinkage=0.05


Tree=193
num_leaves=15
num_cat=0
split_feature=1 8 1 7 6 2 2 2 8 8 4 4 8 3
split_gain=2.19549 2.24253 3.69486 4.1996 5.21446 2.98194 2.43427 2.27907 1.98317 5.50409 10.2884 8.21675 3.0846 5.04889
threshold=0.99466160899732492 -2.4594999999999998 0.81078196093106825 929.18850000000009 14.605500000000001 -0.062278703982132359 -0.76235363884839025 0.86564557464733971 -1.748 -1.5924999999999998 16.802500000000006 11.035000000000002 -1.8574999999999997 5.7465000000000011
decision_type=2 2 2 2 2 2 2 2 2 2 2 2 2 2
left_child=1 2 3 5 7 6 -1 -5 12 10 11 -10 -3 -14
right_child=-2 8 -4 4 -6 -7 -8 -9 9 -11 -12 -13 13 -15
leaf_value=-0.00068098951033640086 -0.0047645405279980657 -7.9094150136893584e-05 0.0076515120457532259 0.0091729504731739974 -0.00023123927960057024 -0.016408006749417597 0.0016896539283432072 0.00032357310300725752 0.0020995841704128603 -0.00011547872238861779 -0.0026117090865459824 0.018390714838944014 0.00044702590432223747 -0.013584373473893097
leaf_weight=49 72 587 41 43 69 45 55 43 53 665 43 52 50 62
leaf_count=49 72 587 41 43 69 45 55 43 53 665 43 52 50 62
internal_value=0.000233281 0.000565428 0.0042029 0.00230263 0.00806452 -0.00369128 0.000961538 0.0162791 -0.00026455 0.00141451 0.0101351 0.0185714 -0.00221745 -0.00982143
internal_weight=1929 1857 345 304 155 149 104 86 1512 813 148 105 699 112
internal_count=1929 1857 345 304 155 149 104 86 1512 813 148 105 699 112
is_linear=0
shrinkage=0.05


Tree=194
num_leaves=15
num_cat=0
split_feature=6 0 1 0 4 6 6 8 6 4 4 4 6 8
split_gain=2.14714 1.73203 3.90237 3.09344 5.44806 1.51978 3.37537 3.78679 3.49006 3.53268 4.5416 3.42342 3.34841 4.86001
threshold=15.082500000000001 12.285500000000001 -0.18771856543719898 13.407000000000002 15.736000000000002 9.5710000000000033 11.162000000000001 -1.4544999999999997 12.209000000000001 18.721000000000004 13.410000000000002 5.5950000000000006 13.403500000000003 -1.3794999999999997
decision_type=2 2 2 2 2 2 2 2 2 2 2 2 2 2
left_child=1 2 -1 4 -3 -5 7 -7 9 10 -8 -10 13 -13
right_child=-2 3 -4 5 -6 6 8 -9 11 -11 -12 12 -14 -15
leaf_value=0.013745106541791608 0.0017863112734440856 0.0032701387168742827 -0.00010970478626918801 -0.00080097731567543298 -0.0057552110888140886 0.00032181917887870448 -0.00033376457764609075 0.0059834026254529165 -0.0042103132617302046 0.0032493331163587092 -0.013157305919874886 0.0022148059551745521 -0.00011274658865862986 -0.00054759523833549241
leaf_weight=43 48 55 53 201 41 124 76 63 57 54 49 242 721 102
leaf_count=43 48 55 53 201 41 124 76 63 57 54 49 242 721 102
internal_value=-2.59202e-05 -0.000292398 0.00625 -0.000644258 -0.009375 -0.000148017 0.000403226 0.00668449 -0.000499616 -0.00698324 -0.0116 0.000534759 0.00117371 0.00523256
internal_weight=1929 1881 96 1785 96 1689 1488 187 1301 179 125 1122 1065 344
internal_count=1929 1881 96 1785 96 1689 1488 187 1301 179 125 1122 1065 344
is_linear=0
shrinkage=0.05


Tree=195
num_leaves=15
num_cat=0
split_feature=6 5 4 4 5 3 4 3 7 7 4 1 7 3
split_gain=2.18999 1.63956 4.20611 6.67719 4.09895 4.05 3.53505 3.43911 2.63561 3.27696 6.89834 4.42009 3.08021 2.45221
threshold=15.082500000000001 7.5870000000000006 15.205000000000002 19.031500000000005 8.3350000000000026 41.817000000000007 13.033000000000001 99.995000000000019 522.3805000000001 511.24250000000006 12.454000000000002 0.47434769705567625 542.36800000000005 92.931500000000014
decision_type=2 2 2 2 2 2 2 2 2 2 2 2 2 2
left_child=1 2 6 -4 5 -3 -1 -5 9 10 -6 -12 -10 -14
right_child=-2 4 3 7 8 -7 -8 -9 12 -11 11 -13 13 -15
leaf_value=-0.0020291488935831313 0.0016969957097718869 0.014295429670965254 -0.0054031440597151481 0.0011516979485345941 -0.0086635815924607125 0.00243689276175849 0.012808497168943143 -0.0094619674295703237 0.0025606326445675081 -0.00096897639791305307 0.0061489480881469546 -0.0092251345317641703 -7.4141144029922504e-05 0.00167211039050722
leaf_weight=100 48 40 51 47 59 40 42 40 53 41 61 42 1092 173
leaf_count=100 48 40 51 47 59 40 42 40 53 41 61 42 1092 173
internal_value=-0.000129601 -0.000398724 -0.00392857 -0.0101449 0.000218613 0.01125 0.00211268 -0.00172414 -0.000361604 -0.00566502 -0.00246914 0.00533981 0.000455235 -3.95257e-05
internal_weight=1929 1881 280 138 1601 80 142 87 1521 203 162 103 1318 1265
internal_count=1929 1881 280 138 1601 80 142 87 1521 203 162 103 1318 1265
is_linear=0
shrinkage=0.05


Tree=196
num_leaves=15
num_cat=0
split_feature=8 2 2 1 6 2 7 7 6 4 2 0 4 4
split_gain=2.62759 1.72916 4.83052 3.34219 2.64652 2.77208 4.3244 4.29172 2.64496 2.37344 2.1954 3.62566 4.04915 3.59925
threshold=-3.2499999999999996 0.1093682717844857 -0.010746888578547886 0.91172524504317609 14.203000000000001 -0.13070653084037345 745.8805000000001 709.35450000000003 13.339500000000003 12.779500000000002 0.39110220707247995 20.970500000000005 23.729500000000005 15.642000000000001
decision_type=2 2 2 2 2 2 2 2 2 2 2 2 2 2
left_child=-1 2 4 10 5 6 7 8 -2 -5 -3 -12 13 -13
right_child=1 3 -4 9 -6 -7 -8 -9 -10 -11 11 12 -14 -15
leaf_value=0.00066605739140410689 -0.00012887825126167986 -0.0070158628056762769 -0.0099058753670797205 0.00040765980793247558 0.0013831044302649116 0.011433566533230521 -0.0022392903400940858 0.0092797746397407233 -0.0079865168011226898 0.012612720117462445 0.016502338952909146 -0.00018682422660194764 -0.0044912742055606691 0.0013609407299338934
leaf_weight=40 703 76 75 41 46 63 79 58 56 52 43 356 63 178
leaf_count=40 703 76 75 41 46 63 79 58 56 52 43 356 63 178
internal_value=-0.000181441 -0.000449974 -0.00175926 0.0012979 -0.000845771 -0.00140772 -0.00212054 -0.00104039 -0.00204216 0.0102151 0.000139665 0.00109375 8.37521e-05 0.00149813
internal_weight=1929 1889 1080 809 1005 959 896 817 759 93 716 640 597 534
internal_count=1929 1889 1080 809 1005 959 896 817 759 93 716 640 597 534
is_linear=0
shrinkage=0.05


Tree=197
num_leaves=15
num_cat=0
split_feature=6 5 7 4 4 2 2 3 5 8 8 3 3 5
split_gain=2.02114 1.70349 3.97373 2.63601 9.76801 5.53415 8.52232 3.67938 2.80859 3.2464 2.79945 6.0391 5.6314 6.93873
threshold=15.082500000000001 7.5870000000000006 485.15650000000005 15.642000000000001 16.620500000000003 -0.81202266594587924 -0.60505606964884906 10.255000000000001 24.409500000000005 -2.2214999999999994 -2.0109999999999997 12.684000000000003 1.5420000000000003 18.418000000000003
decision_type=2 2 2 2 2 2 2 2 2 2 2 2 2 2
left_child=1 2 -1 8 -5 7 -7 -6 -3 -10 11 -8 -12 -14
right_child=-2 3 -4 4 5 6 10 -9 9 -11 12 -13 13 -15
leaf_value=-0.00016375081739867237 0.0016214871356133864 -2.6827983767473143e-05 -0.0033867215000434195 0.0078928305837314867 -0.00012243433869859598 0.01658298842223498 0.0057438982062392287 -0.002927220838129789 -0.011387482988442832 -0.00019901261511294789 -0.0055380324243557615 -0.0017272315532423797 -0.0011522426616885019 0.0027494339628539866
leaf_weight=232 48 880 48 84 47 40 95 42 45 46 66 87 124 45
leaf_count=232 48 880 48 84 47 40 95 42 45 46 66 87 124 45
internal_value=0.000285122 2.65816e-05 -0.00357143 0.00065584 0.0031746 0.000732601 0.00295405 -0.0106742 -0.000978373 -0.00934066 0.000839329 0.00549451 -0.00276596 0.00207101
internal_weight=1929 1881 280 1601 630 546 457 89 971 91 417 182 235 169
internal_count=1929 1881 280 1601 630 546 457 89 971 91 417 182 235 169
is_linear=0
shrinkage=0.05


Tree=198
num_leaves=15
num_cat=0
split_feature=5 0 2 3 3 8 8 0 0 2 7 5 3 2
split_gain=2.27489 2.94795 3.51608 2.30855 2.39491 1.82694 4.12028 3.24575 4.12025 3.21309 3.54203 5.73103 4.79097 4.03196
threshold=28.245500000000003 33.255000000000003 0.99276848381014016 0.64750000000000008 26.834500000000002 -1.3794999999999997 -1.4489999999999996 25.844000000000005 23.106500000000004 0.34313907657789455 584.90650000000016 11.556000000000003 5.0900000000000007 -0.87620967433411445
decision_type=2 2 2 2 2 2 2 2 2 2 2 2 2 2
left_child=1 2 5 -3 -5 6 -1 8 9 10 12 -12 -7 -14
right_child=-2 3 -4 4 -6 7 -8 -9 -10 -11 11 -13 13 -15
leaf_value=5.0700036642756245e-05 0.0012940178386783075 0.0001988096143768603 0.0019813261318815945 -0.012785947931189812 -0.00053680979312344947 0.0029386334648961818 0.0037686849478763998 0.0023881055196779337 -0.0045523324723519172 0.0094836883106665833 -0.01773119919980333 -2.7555519565447553e-05 -0.01454255070172249 0.0013964450956220509
leaf_weight=1141 75 53 40 44 41 42 56 62 42 45 42 49 92 105
leaf_count=1141 75 53 40 44 41 42 56 62 42 45 42 49 92 105
internal_value=0.000129601 -0.00021575 0.00034965 -0.00724638 -0.0123529 0 0.00104428 -0.0026096 -0.00419664 -0.00253333 -0.00424242 -0.0126374 -0.00104603 -0.00431472
internal_weight=1929 1854 1716 138 85 1676 1197 479 417 375 330 91 239 197
internal_count=1929 1854 1716 138 85 1676 1197 479 417 375 330 91 239 197
is_linear=0
shrinkage=0.05


Tree=199
num_leaves=15
num_cat=0
split_feature=6 0 0 4 0 1 4 4 8 6 6 0 2 7
split_gain=2.86347 2.07375 3.37758 5.44806 3.375 1.77342 3.72505 7.02074 6.0814 10.6537 4.3634 6.09621 4.34842 5.66439
threshold=15.082500000000001 12.285500000000001 13.407000000000002 15.736000000000002 11.034500000000003 -0.37371625404731884 12.307 11.400500000000003 -1.8114999999999999 14.298500000000002 14.097000000000003 25.603000000000005 -0.84565824135800816 556.82450000000006
decision_type=2 2 2 2 2 2 2 2 2 2 2 2 2 2
left_child=1 4 3 -3 -1 -4 7 -7 9 -8 11 12 -10 -14
right_child=-2 2 5 -5 -6 6 8 -9 10 -11 -12 -13 13 -15
leaf_value=-0.00041241122359048923 0.0015341750375572284 0.0022527139359889595 -0.00035282503087666898 -0.0051208904051285205 0.0031198649319582024 4.8165034810618293e-05 -0.001139965466306625 -0.011405682681787377 0.0034471210830211798 0.0043462017124126342 -0.0028054925574440893 0.023457520531282673 -0.0048304957742377995 0.00037186891534360389
leaf_weight=48 48 55 601 41 48 387 211 69 72 92 49 72 62 74
leaf_count=48 48 55 601 41 48 387 211 69 72 92 49 72 62 74
internal_value=0.000440643 0.000132908 -0.000252101 -0.009375 0.00729167 0.00026643 0.00147059 -0.00197368 0.0039557 -0.00115512 0.00866261 0.0110714 0.00673077 0.00147059
internal_weight=1929 1881 1785 96 96 1689 1088 456 632 303 329 280 208 136
internal_count=1929 1881 1785 96 96 1689 1088 456 632 303 329 280 208 136
is_linear=0
shrinkage=0.05


Tree=200
num_leaves=15
num_cat=0
split_feature=6 5 7 5 7 0 0 8 7 7 4 0 3 2
split_gain=2.91292 1.3821 4.19343 2.89057 2.80076 2.29702 3.33025 3.50862 2.10399 3.99659 4.83874 6.00069 3.47917 7.36209
threshold=15.082500000000001 7.5870000000000006 485.15650000000005 8.5645000000000007 513.88250000000005 17.928000000000004 12.285500000000001 -1.5489999999999997 524.99750000000006 509.88000000000005 12.233000000000002 18.528500000000005 92.931500000000014 -0.09654968025414791
decision_type=2 2 2 2 2 2 2 2 2 2 2 2 2 2
left_child=1 2 5 4 -3 6 -1 -8 9 10 -5 -12 -10 -14
right_child=-2 3 -4 8 -6 -7 7 -9 12 -11 11 -13 13 -15
leaf_value=0.0015095430028843394 0.0014574662856793653 0.016017011163197304 -0.0028997614007858388 -0.008227560454658887 0.00026477985252979788 0.012938366340907261 0.00049632182292501381 -0.0074078122381760272 -2.7699213619949983e-05 -0.0041076354734176203 0.016177390079395945 -0.0085226109660712073 0.011333374824086568 0.000273392775097725
leaf_weight=58 48 49 48 51 55 49 47 78 1116 56 48 46 44 136
leaf_count=58 48 49 48 51 55 49 47 78 1116 56 48 46 44 136
internal_value=0.000336962 2.65816e-05 -0.00321429 0.000593379 0.00865385 -0.000431034 -0.00300546 -0.0076 3.34001e-05 -0.00472637 -0.000344828 0.00638298 0.000771605 0.00722222
internal_weight=1929 1881 280 1601 104 232 183 125 1497 201 145 94 1296 180
internal_count=1929 1881 280 1601 104 232 183 125 1497 201 145 94 1296 180
is_linear=0
shrinkage=0.05


Tree=201
num_leaves=15
num_cat=0
split_feature=6 0 0 0 4 1 3 3 3 5 3 4 2 5
split_gain=2.00051 2.10467 3.375 3.33622 5.44806 1.76876 3.96088 4.37244 6.26328 5.72808 4.78981 7.44308 6.21317 4.27014
threshold=15.082500000000001 12.285500000000001 11.034500000000003 13.407000000000002 15.736000000000002 -0.19244979981841048 0.40000000000000008 99.893000000000015 61.944500000000012 18.705500000000004 4.7445000000000013 9.4490000000000016 -0.31473592273745027 10.040500000000002
decision_type=2 2 2 2 2 2 2 2 2 2 2 2 2 2
left_child=1 2 -1 4 -3 6 -5 8 10 -10 -8 -12 -13 -9
right_child=-2 3 -4 5 -6 -7 7 13 9 -11 11 12 -14 -15
leaf_value=-0.00035703520246342657 0.0013845929713954042 0.0021268392465630228 0.0029268255906286823 -0.0021094932135083122 -0.0048896619760183451 0.00018437629506643516 0.0016031344447496711 -0.0059689227469666654 0.017522541286238258 -0.00017623560119367498 0.0025889814665651964 -0.010725708470568574 -0.0012165351601432146 0.00016511778885484052
leaf_weight=48 48 55 48 177 41 1003 76 49 90 41 41 57 100 55
leaf_count=48 48 55 48 177 41 1003 76 49 90 41 41 57 100 55
internal_value=0.000336962 7.97448e-05 0.00729167 -0.000308123 -0.009375 0.000207223 -0.00174927 0.000491159 0.00283951 0.0118321 -0.00145985 -0.00555556 -0.0105096 -0.00865385
internal_weight=1929 1881 96 1785 96 1689 686 509 405 131 274 198 157 104
internal_count=1929 1881 96 1785 96 1689 686 509 405 131 274 198 157 104
is_linear=0
shrinkage=0.05


Tree=202
num_leaves=15
num_cat=0
split_feature=4 6 7 5 7 8 0 6 6 1 1 1 2 1
split_gain=2.54236 2.45766 1.77836 2.1588 3.14495 4.79784 3.0088 1.91046 3.2658 3.33392 4.39477 3.79318 4.57968 5.36517
threshold=3.3740000000000001 15.082500000000001 70.753000000000014 7.5870000000000006 485.15650000000005 -0.89849999999999997 16.093000000000004 13.811500000000001 13.971500000000001 -0.58429276287313703 -0.84293373149377049 0.93779576777868801 0.60605034090854637 0.16681837808193059
decision_type=2 2 2 2 2 2 2 2 2 2 2 2 2 2
left_child=-1 2 -2 4 5 6 -4 -5 -9 10 -10 12 -11 -14
right_child=1 -3 3 7 -6 -7 -8 8 9 11 -12 -13 13 -15
leaf_value=-0.0038736086086111387 0.0018008554621223084 0.001409857914895396 -0.00059202027055955129 0.00023283177299116554 -0.0020043970743886643 -0.012386830337074113 0.012282229209108576 -0.0057040826218560554 -9.3467703357708046e-05 0.0059905805748839084 -0.0067372683683865845 -0.0035699756515950812 0.0020201386345670702 -0.002006075339731195
leaf_weight=40 47 40 69 1008 45 69 45 71 105 65 41 57 116 111
leaf_count=40 47 40 69 1008 45 69 45 71 105 65 41 57 116 111
internal_value=-2.59202e-05 0.000238221 -2.70416e-05 -0.000277469 -0.00482456 -0.00191257 0.00438596 0.000381194 -0.00194346 -0.000505051 -0.00684932 0.002149 0.00445205 0.00110132
internal_weight=1929 1889 1849 1802 228 183 114 1574 566 495 146 349 292 227
internal_count=1929 1889 1849 1802 228 183 114 1574 566 495 146 349 292 227
is_linear=0
shrinkage=0.05


Tree=203
num_leaves=15
num_cat=0
split_feature=5 7 0 1 5 5 8 1 1 0 0 8 8 0
split_gain=2.7908 3.75919 1.87237 4.55274 2.43933 4.17901 3.58409 2.38163 2.19127 3.63739 5.44973 5.60915 5.37779 4.975
threshold=28.245500000000003 1063.4400000000003 12.285500000000001 -0.0687085824022272 7.5870000000000006 6.206500000000001 -0.85149999999999981 -0.14153898451656977 0.41274032740354816 33.255000000000003 29.602 -0.99049999999999983 -1.9444999999999999 23.480500000000003
decision_type=2 2 2 2 2 2 2 2 2 2 2 2 2 2
left_child=1 2 3 -1 5 6 7 -4 9 10 11 13 -12 -6
right_child=-2 -3 4 -5 8 -7 -8 -9 -10 -11 12 -13 -14 -15
leaf_value=0.0058458934077596876 0.0013421762309950792 -0.0015920012926908867 0.0096451511431012056 -0.0014294881207246376 -6.5025461241252638e-05 -0.0019041772206692344 -0.024547353912561555 -0.0013848186799614581 0.00026060287774499135 -0.007458040046028791 0.0059501568410776475 0.0045616103173209323 -0.00021848817456991966 -0.0016774024858663633
leaf_weight=52 75 40 47 44 443 71 53 46 639 75 73 64 47 160
leaf_count=52 75 40 47 44 443 71 53 46 639 75 73 64 47 160
internal_value=0.000544323 0.000161812 0.000496141 0.00729167 0.000116414 -0.00483871 0 0.00591398 0.000832778 -0.000812065 0.000190597 -0.00157421 0.01 -0.00306799
internal_weight=1929 1854 1814 96 1718 217 146 93 1501 862 787 667 120 603
internal_count=1929 1854 1814 96 1718 217 146 93 1501 862 787 667 120 603
is_linear=0
shrinkage=0.05


Tree=204
num_leaves=15
num_cat=0
split_feature=5 7 1 1 7 6 8 1 4 2 7 8 1 4
split_gain=2.82149 3.73249 1.63582 2.49715 2.06767 1.8896 1.71528 5.83857 3.012 5.39435 3.32403 3.06571 2.74411 3.34232
threshold=28.245500000000003 1063.4400000000003 0.99466160899732492 0.98336225177674941 70.753000000000014 15.0235 -2.4064999999999999 0.83042381995921366 23.567500000000006 0.55601743665704428 513.01500000000021 -2.3184999999999998 0.25084665036108239 13.170000000000002
decision_type=2 2 2 2 2 2 2 2 2 2 2 2 2 2
left_child=1 2 3 4 -1 6 7 -6 11 10 -10 -8 -13 -14
right_child=-2 -3 -4 -5 5 -7 8 -9 9 -11 -12 12 13 -15
leaf_value=0.0038999022892765665 0.001275067419445325 -0.0015124012280563427 -0.0043349022732148941 0.00039402689527691381 6.9701736450911161e-05 0.00078404757329934025 -0.0032621249483106964 0.007808198516147398 0.00095683130096068389 -0.0022667828572190438 0.0054971256724974243 -0.00058394680166582726 -0.00050374048875618811 0.00079812055613094071
leaf_weight=46 75 40 72 52 281 43 57 41 40 40 69 598 250 225
leaf_count=46 75 40 72 52 281 43 57 41 40 40 69 598 250 225
internal_value=0.000492483 0.000107875 0.000441014 0.000746269 0.000414201 0.000121655 -0.000156152 0.00310559 -0.000977326 0.0057047 0.0114679 -0.00185841 -0.00125815 0.00157895
internal_weight=1929 1854 1814 1742 1690 1644 1601 322 1279 149 109 1130 1073 475
internal_count=1929 1854 1814 1742 1690 1644 1601 322 1279 149 109 1130 1073 475
is_linear=0
shrinkage=0.05


Tree=205
num_leaves=15
num_cat=0
split_feature=6 1 5 0 2 2 4 1 4 0 8 3 2 4
split_gain=2.36282 1.28405 1.45435 4.5447 2.41479 3.9453 2.10635 3.93559 4.46649 3.83064 4.60433 4.22035 5.33681 3.34308
threshold=15.0235 -0.99273952934267318 7.5870000000000006 12.921500000000002 0.15855938510313469 -0.84565824135800816 22.088500000000003 -0.91585580712236359 15.831500000000002 27.862500000000001 -2.0519999999999996 10.255000000000001 -0.33100558041451072 13.354500000000002
decision_type=2 2 2 2 2 2 2 2 2 2 2 2 2 2
left_child=1 -1 3 -3 5 -5 7 13 -9 11 -11 12 -10 -4
right_child=-2 2 6 4 -6 -7 -8 8 9 10 -12 -13 -14 -15
leaf_value=0.0014689777045446607 0.0008013318648838752 0.0010580012615280076 0.00052639905187530851 -0.00055372589018731766 0.0051625194378351032 -0.0087369548816780603 -0.00037350512571995289 1.0916935054672284e-06 0.010071792376162647 0.0062420754899233906 0.00073768764144445951 -0.0012942210480578484 -0.0020576803189904847 -0.014547847621935273
leaf_weight=67 60 80 57 67 44 77 227 877 77 58 64 74 41 59
leaf_count=67 60 80 57 67 44 77 227 877 77 58 64 74 41 59
internal_value=0.000233281 -8.02568e-05 -0.000332963 -0.00373134 -0.00797872 -0.0111111 0.000260756 0.0010329 0.00188917 0.00700637 0.0139344 0.00260417 0.00847458 -0.00775862
internal_weight=1929 1869 1802 268 188 144 1534 1307 1191 314 122 192 118 116
internal_count=1929 1869 1802 268 188 144 1534 1307 1191 314 122 192 118 116
is_linear=0
shrinkage=0.05


Tree=206
num_leaves=15
num_cat=0
split_feature=5 5 7 7 7 3 0 1 3 1 4 4 5 1
split_gain=2.11214 2.70518 1.49402 1.75387 4.70313 3.74181 5.33491 4.17594 3.64766 4.82981 3.87237 10.8527 2.85608 2.76021
threshold=28.245500000000003 26.005500000000001 62.987000000000009 649.77400000000011 628.62600000000009 99.041500000000013 18.476000000000003 -0.40542197401079716 79.546000000000021 -0.97873101657557338 9.8915000000000024 10.787000000000001 15.649000000000003 -0.59402672566899761
decision_type=2 2 2 2 2 2 2 2 2 2 2 2 2 2
left_child=1 2 -1 4 13 6 -5 -7 9 -8 12 -12 -11 -4
right_child=-2 -3 3 5 -6 7 8 -9 -10 10 11 -13 -14 -15
leaf_value=0.0023690541644282338 0.0009379813410443417 -0.00094734058767985971 0.0021030271752295773 0.0015197461499642019 -0.0028421991960224172 3.7067251871603092e-05 -0.0061604065419244378 0.017445864441229069 -0.0065515533971221007 0.0048785035410329669 -0.015263550358106401 0.00016844479067997244 0.00033294593693210532 -0.00035482986943395357
leaf_weight=40 75 56 111 99 48 45 46 41 77 55 46 418 125 647
leaf_count=40 75 56 111 99 48 45 46 41 77 55 46 418 125 647
internal_value=0.000440643 0.000107875 0.000444939 0.000227531 -0.00148883 0.00168067 0.000692841 0.0116279 -0.00071708 0.000434783 0.0015528 -0.000862069 0.00777778 -0.000527704
internal_weight=1929 1854 1798 1758 806 952 866 86 767 690 644 464 180 758
internal_count=1929 1854 1798 1758 806 952 866 86 767 690 644 464 180 758
is_linear=0
shrinkage=0.05


Tree=207
num_leaves=15
num_cat=0
split_feature=1 3 3 0 5 6 1 5 6 4 0 0 2 8
split_gain=1.5634 1.73296 3.74353 2.64536 6.84106 7.05923 4.24447 2.68127 4.34782 4.36632 3.78767 4.94298 10.5458 4.53714
threshold=-0.9946616089973247 38.696500000000007 27.974500000000003 14.15 9.729000000000001 11.256500000000001 0.030073020370188292 21.400000000000002 14.381000000000002 16.620500000000003 20.539000000000005 25.368500000000001 0.29426351849031901 -2.0414999999999996
decision_type=2 2 2 2 2 2 2 2 2 2 2 2 2 2
left_child=-1 2 3 6 5 -5 -2 10 9 -9 13 -12 -13 -6
right_child=1 -3 -4 4 7 -7 -8 8 -10 -11 11 12 -14 -15
leaf_value=0.0014190332657115418 0.0057127149910819299 -0.00024670489521170792 0.0038067227240180176 3.5024604672562186e-05 -0.0039552944169005677 -0.012097979180725743 -0.00014941206462945611 -0.010111833400245985 0.00034180828207655003 1.24172385343041e-06 0.0047472892226643366 -0.014025748686564841 0.00084886039496800546 0.00030183216216059521
leaf_weight=60 58 790 58 45 87 47 43 57 143 41 152 44 172 132
leaf_count=60 58 790 58 45 87 47 43 57 143 41 152 44 172 132
internal_value=0.000388802 0.000133761 0.00143652 0.000734574 -0.000108696 -0.0130435 0.00841584 0.0013285 -0.00311203 -0.0112245 0.00315162 0.00625 0.00138889 -0.00205479
internal_weight=1929 1869 1079 1021 920 92 101 828 241 98 587 368 216 219
internal_count=1929 1869 1079 1021 920 92 101 828 241 98 587 368 216 219
is_linear=0
shrinkage=0.05


Tree=208
num_leaves=15
num_cat=0
split_feature=1 6 7 8 3 8 1 6 5 5 4 4 7 6
split_gain=1.65463 2.19052 2.04122 1.79226 4.60416 4.22803 5.8103 5.21599 3.48035 4.86407 4.15758 5.22145 4.20743 3.29814
threshold=0.99466160899732492 15.0235 70.753000000000014 -2.1889999999999996 99.998000000000005 -2.0414999999999996 0.91585580712236381 14.509500000000001 12.488000000000001 15.089000000000002 16.447500000000002 12.573000000000002 935.54150000000016 13.066000000000001
decision_type=2 2 2 2 2 2 2 2 2 2 2 2 2 2
left_child=1 2 -1 4 8 -5 7 -7 -4 -10 11 -11 -12 -8
right_child=-2 -3 3 5 -6 6 13 -9 9 10 12 -13 -14 -15
leaf_value=0.0038310567306485441 -0.0035641444998692345 0.00073780561079610793 0.005451334115380924 -0.0012675571669154369 -0.0053813734069877942 -2.7877513590086195e-05 0.016045764435055745 -0.010289015209036518 -0.0018183343526898326 0.0014361952596956386 0.00012012173095583557 -0.0015433903904464392 0.0080133637280232657 8.0452682529488786e-05
leaf_weight=46 72 58 101 148 52 890 53 51 55 132 61 78 59 73
leaf_count=46 72 58 101 148 52 890 53 51 55 132 61 78 59 73
internal_value=0.000492483 0.000780829 0.000472485 0.000199658 0.00260223 -0.000864198 0.000234302 -0.00111583 0.00411523 0.00194805 0.00424242 0 0.0116667 0.0103175
internal_weight=1929 1857 1799 1753 538 1215 1067 941 486 385 330 210 120 126
internal_count=1929 1857 1799 1753 538 1215 1067 941 486 385 330 210 120 126
is_linear=0
shrinkage=0.05


Tree=209
num_leaves=15
num_cat=0
split_feature=1 2 6 8 6 8 6 8 1 3 1 2 7 2
split_gain=2.57117 4.05 1.94633 3.16811 5.57714 5.43214 5.74781 5.42612 5.15479 5.03942 7.33091 3.64621 3.89058 3.51254
threshold=-0.99052327954040364 1.0000000180025095e-35 14.174000000000001 -1.6824999999999999 13.811500000000001 -1.5924999999999998 13.154500000000001 -2.3804999999999992 0.96230016621822489 99.83550000000001 -0.11988119229922732 -0.030120304846908235 745.8805000000001 -0.95380106782931873
decision_type=2 2 2 2 2 2 2 2 2 2 2 2 2 2
left_child=1 -1 3 4 9 -5 8 -6 -7 11 -11 12 13 -2
right_child=2 -3 -4 5 7 6 -8 -9 -10 10 -12 -13 -14 -15
leaf_value=0.014276829023690558 -0.0008141130232214328 -0.0039707128200091408 0.00031375721925833155 0.0073533813772731164 -0.001618198398358356 -0.00015393935431999434 0.0012000100010254478 -0.010352694039321174 -0.0087034801115407762 -0.011899466531839219 0.00054109159308207146 0.003692514332861985 -0.0034353931638095056 0.00024685724512112653
leaf_weight=40 72 40 442 70 47 464 125 64 40 44 56 121 56 248
leaf_count=40 72 40 442 70 47 464 125 64 40 44 56 121 56 248
internal_value=-2.59202e-05 0.00875 -0.000405625 -0.00131485 -0.00367232 0.00107296 -0.000397456 -0.013964 -0.00277778 -0.00175879 -0.012 0.000301811 -0.00212766 0
internal_weight=1929 80 1849 1407 708 699 629 111 504 597 100 497 376 320
internal_count=1929 80 1849 1407 708 699 629 111 504 597 100 497 376 320
is_linear=0
shrinkage=0.05


Tree=210
num_leaves=15
num_cat=0
split_feature=4 7 7 7 6 6 0 6 4 3 5 1 3 6
split_gain=2.5848 1.64263 2.2319 4.36676 3.46331 4.68431 4.60816 3.2832 3.08896 2.44994 3.1201 3.0353 5.13349 3.88958
threshold=3.3740000000000001 70.753000000000014 649.77400000000011 680.50850000000003 12.650500000000003 11.865 18.476000000000003 13.339500000000003 6.1630000000000011 99.368500000000012 28.245500000000003 0.97109105924028427 1.5420000000000003 13.313000000000002
decision_type=2 2 2 2 2 2 2 2 2 2 2 2 2 2
left_child=-1 -2 7 -4 5 -5 -6 8 -3 10 11 13 -13 -8
right_child=1 2 3 4 6 -7 9 -9 -10 -11 -12 12 -14 -15
leaf_value=-0.0029294037556563631 0.0028900596819870896 0.0037993161659202303 0.0058400313068532024 0.0026209664692721929 0.0032351079070861294 -0.0069962794546773082 -0.003596909183879721 -0.0079245216388868309 -0.00016547873312268703 0.00075897855874946802 0.0012655271785484438 -0.00026652877386338373 0.0075012579715476148 -0.00014868810380105278
leaf_weight=40 47 51 69 40 53 58 59 48 685 63 68 53 41 554
leaf_count=40 47 51 69 40 53 58 59 48 685 63 68 53 41 554
internal_value=7.77605e-05 0.000344097 0.000108578 0.00160681 0.000758342 -0.00816327 0.00173962 -0.00191327 -0.00108696 0.000835322 6.45161e-05 -0.000919378 0.00744681 -0.00220228
internal_weight=1929 1889 1842 1058 989 98 891 784 736 838 775 707 94 613
internal_count=1929 1889 1842 1058 989 98 891 784 736 838 775 707 94 613
is_linear=0
shrinkage=0.05


Tree=211
num_leaves=15
num_cat=0
split_feature=1 4 2 0 1 3 3 4 8 1 5 3 2 7
split_gain=2.169 2.73667 2.46336 2.42935 3.4557 3.0265 5.14932 4.88547 3.2893 3.47466 3.38928 2.65077 2.09447 2.41586
threshold=0.99466160899732492 27.622500000000006 -0.38168922026665913 18.782000000000004 -0.97873101657557338 98.645500000000013 83.197000000000017 16.325000000000006 -2.7069999999999994 0.97873101657557349 22.621500000000005 53.670500000000011 -0.49501433321452953 668.83550000000002
decision_type=2 2 2 2 2 2 2 2 2 2 2 2 2 2
left_child=1 2 12 -4 -5 6 8 -7 10 11 -6 -10 13 -1
right_child=-2 -3 3 4 5 7 -8 -9 9 -11 -12 -13 -14 -15
leaf_value=-0.00017009956199070533 -0.0032945699375688253 0.00072535773227923046 0.0021677487679535646 -0.0030167397386290638 0.005400676262498837 0.00042462776533228817 -0.0057820859778759176 0.0093268615228957585 -0.00015491453831878443 0.0024159782193813491 2.0935187010073797e-05 0.0023250714641718322 -0.00072547713569511289 0.0028975696665998656
leaf_weight=627 72 77 98 74 42 79 89 41 463 40 41 66 75 45
leaf_count=627 72 77 98 74 42 79 89 41 463 40 41 66 75 45
internal_value=0.000181441 0.000511578 0.00011236 0.00169409 0.000909091 0.00180023 0.000607287 0.00916667 0.00214724 0.000790861 0.0114458 -0.000283554 -0.00207497 -0.00119048
internal_weight=1929 1857 1780 1033 935 861 741 120 652 569 83 529 747 672
internal_count=1929 1857 1780 1033 935 861 741 120 652 569 83 529 747 672
is_linear=0
shrinkage=0.05


Tree=212
num_leaves=15
num_cat=0
split_feature=4 4 2 4 5 4 6 2 7 1 0 8 8 8
split_gain=2.30142 1.73951 2.31976 3.06919 7.13693 4.42926 3.69793 5.7767 4.06184 4.05 3.71966 12.079 5.10175 2.2773
threshold=27.622500000000006 21.886000000000006 -0.9951106240145321 15.642000000000001 5.1435000000000004 15.237500000000002 10.985000000000001 -0.81202266594587924 745.8805000000001 0.67760851415498113 27.862500000000001 -1.4964999999999999 -2.0624999999999996 -2.6499999999999995
decision_type=2 2 2 2 2 2 2 2 2 2 2 2 2 2
left_child=1 2 -1 5 -5 13 -6 -8 9 -9 11 -10 -12 -4
right_child=-2 -3 3 4 6 -7 7 8 10 -11 12 -13 -14 -15
leaf_value=-0.0074682801682795022 0.00062017115136528346 -0.00088453605418701848 -0.0018404199513273212 -0.0052235784333498295 0.0098677257015377089 -0.0014992963424978879 -0.0020048562884354359 0.018748080896027624 -0.012882552747736021 0.0079668183423330045 0.0047791940711007317 0.0065680554148897499 -8.6264457788493012e-05 0.00011060209596693571
leaf_weight=55 79 231 116 41 51 47 41 40 62 40 64 40 58 964
leaf_count=55 79 231 116 41 51 47 41 40 62 40 64 40 58 964
internal_value=-0.000129601 -0.000486486 9.26498e-05 0.00044757 0.00400458 -0.000931677 0.00606061 0.0042029 0.00657895 0.01625 0.003125 -0.00392157 0.00901639 -0.000277778
internal_weight=1929 1850 1619 1564 437 1127 396 345 304 80 224 102 122 1080
internal_count=1929 1850 1619 1564 437 1127 396 345 304 80 224 102 122 1080
is_linear=0
shrinkage=0.05


Tree=213
num_leaves=15
num_cat=0
split_feature=7 5 4 4 4 8 8 8 6 5 6 1 3 8
split_gain=1.8345 2.98332 4.48586 4.81667 4.06395 1.80249 1.80395 3.59863 4.9157 4.62615 3.48341 4.31556 3.1594 2.23178
threshold=62.987000000000009 7.5870000000000006 15.205000000000002 12.948000000000002 18.507000000000001 -3.0414999999999996 -1.3794999999999997 -0.86049999999999993 12.559500000000002 10.927500000000002 13.886500000000002 0.59055600833485278 19.977 -1.4489999999999996
decision_type=2 2 2 2 2 2 2 2 2 2 2 2 2 2
left_child=-1 2 3 -2 -4 -3 13 9 -9 12 11 -11 -8 -7
right_child=1 5 4 -5 -6 6 7 8 -10 10 -12 -13 -14 -15
leaf_value=0.001976315614449266 -0.0027948268777554367 -0.00016842587648582266 -0.0056041596844365084 0.0082704239666207113 -0.00080316669014103288 8.5213574339521037e-05 -0.011003848411370688 0.0063172286201454153 -0.0014519680384534495 0.003009191876043496 -0.0037917076403644282 -0.00049023256608028698 -0.00039449487549126847 0.0035494001947835685
leaf_weight=40 80 69 41 40 80 1185 41 61 43 57 41 51 46 54
leaf_count=40 80 69 41 40 80 1185 41 61 43 57 41 51 46 54
internal_value=-0.000596164 -0.00082054 -0.0060166 0.000833333 -0.0128099 -6.06796e-05 0.000284991 -0.00294118 0.00480769 -0.00635593 -0.00100671 0.0037037 -0.0155172 0.0011703
internal_weight=1929 1889 241 120 121 1648 1579 340 104 236 149 108 87 1239
internal_count=1929 1889 241 120 121 1648 1579 340 104 236 149 108 87 1239
is_linear=0
shrinkage=0.05


Tree=214
num_leaves=15
num_cat=0
split_feature=1 7 5 7 8 1 8 5 0 0 6 0 6 7
split_gain=1.86364 2.28469 2.02952 3.58475 3.69379 3.17586 1.93667 2.37607 2.62025 6.32473 3.82611 2.97457 4.06682 2.43584
threshold=0.99466160899732492 70.753000000000014 7.5870000000000006 285.41700000000009 -0.89849999999999997 -0.051549210996800328 -3.0414999999999996 8.3350000000000026 12.921500000000002 13.872000000000002 9.2725000000000026 15.195000000000002 10.303000000000003 524.99750000000006
decision_type=2 2 2 2 2 2 2 2 2 2 2 2 2 2
left_child=1 -1 3 4 -3 -5 -4 -8 -9 -10 -11 -12 -13 -14
right_child=-2 2 6 5 -6 -7 7 8 9 10 11 12 13 -15
leaf_value=0.0036580468733509565 -0.0031396322242057046 0.011843949124448772 -0.00016000458266153262 -0.0038732840905562772 -0.0081099494021212859 -9.6808627768207872e-05 0.0063007248645674252 -0.0031174783875160487 0.0025394312209640682 -0.01923940027158437 -0.00096685781703132259 0.016467605981991953 -0.00077759142989869412 0.00012954801229081436
leaf_weight=46 72 68 69 56 49 55 76 49 50 45 76 44 83 1091
leaf_count=46 72 68 69 56 49 55 76 49 50 45 76 44 83 1091
internal_value=-0.000440643 -0.000134626 -0.000414136 -0.00482456 0.00128205 -0.0112613 0.000221099 0.000594452 0.000139082 0.000539957 -0.000112024 0.000386399 0.000985222 0.000425894
internal_weight=1929 1857 1811 228 117 111 1583 1514 1438 1389 1339 1294 1218 1174
internal_count=1929 1857 1811 228 117 111 1583 1514 1438 1389 1339 1294 1218 1174
is_linear=0
shrinkage=0.05


Tree=215
num_leaves=15
num_cat=0
split_feature=0 1 5 4 4 1 8 5 5 8 0 0 0 7
split_gain=1.6986 5.69263 2.19967 3.78481 4.83465 2.93521 2.24179 1.8761 2.75909 2.05107 1.91501 2.47463 2.99631 1.75673
threshold=12.285500000000001 -0.18771856543719898 7.5870000000000006 15.205000000000002 19.031500000000005 0.31676515716386888 -3.0414999999999996 8.3350000000000026 9.0945000000000018 -0.94149999999999989 14.078500000000002 15.195000000000002 15.937000000000003 944.70000000000016
decision_type=2 2 2 2 2 2 2 2 2 2 2 2 2 2
left_child=1 -1 3 5 -5 -2 -4 -8 -9 10 -10 -12 -13 -14
right_child=2 -3 6 4 -6 -7 7 8 9 -11 11 12 13 -15
leaf_value=0.011317470947121017 -0.0014014922982482636 -0.00042834022933914141 -0.00017732705323328379 -0.005130287495686869 -0.00074418403494342787 0.013527458426258616 0.008667505447529247 -0.0010281325204506287 0.00051304142434920822 -0.00126845555851835 -0.0011334821051289261 0.0039862552562760596 -8.9435015605569476e-05 0.00048259862513426737
leaf_weight=43 66 53 68 41 60 50 72 76 53 88 59 42 757 401
leaf_count=43 66 53 68 41 60 50 72 76 53 88 59 42 757 401
internal_value=-0.000233281 0.00625 -0.000572831 -0.00529954 -0.0123762 0.000862069 6.18812e-05 0.000452196 6.77507e-05 0.000571429 0.00106707 0.000675139 0.00116667 0.000690846
internal_weight=1929 96 1833 217 101 116 1616 1548 1476 1400 1312 1259 1200 1158
internal_count=1929 96 1833 217 101 116 1616 1548 1476 1400 1312 1259 1200 1158
is_linear=0
shrinkage=0.05


Tree=216
num_leaves=15
num_cat=0
split_feature=4 2 2 8 4 8 2 0 4 6 4 5 1 6
split_gain=1.55854 1.382 1.70662 5.00703 5.67336 1.77193 1.72732 2.13065 7.10519 5.46248 6.88023 4.19426 3.95983 3.53541
threshold=3.3740000000000001 0.99055824379501012 0.90906259831586944 -1.5084999999999997 11.256000000000002 -3.1474999999999995 0.86564557464733971 28.075500000000002 15.642000000000001 13.670500000000002 19.309000000000005 21.292000000000005 0.54817103930762578 13.459500000000002
decision_type=2 2 2 2 2 2 2 2 2 2 2 2 2 2
left_child=-1 2 5 4 -4 -2 7 9 12 13 11 -11 -9 -7
right_child=1 -3 3 -5 -6 6 -8 8 -10 10 -12 -13 -14 -15
leaf_value=-0.0022854300816383178 -0.00014313800086679374 0.00048957197650492115 -0.0059162014106794837 -0.0082976217612653284 0.0052127947584980298 5.2614681907012242e-05 0.0016252979446488959 -0.023700198377106321 0.00077334030161985146 0.0042808858958937272 -0.0014499666627731085 6.8751054752891341e-05 -0.0011586740878801571 -0.014225451770416576
leaf_weight=40 49 76 42 48 75 1018 54 42 113 119 44 44 118 47
leaf_count=40 49 76 42 48 75 1018 54 42 113 119 44 44 118 47
internal_value=-0.000233281 -2.6469e-05 -0.000303365 -0.00515152 0.00042735 0.000182039 0.000469043 0.000161812 -0.00384615 0.00102201 0.00845411 0.0131902 -0.010625 -0.000422535
internal_weight=1929 1889 1813 165 117 1648 1599 1545 273 1272 207 163 160 1065
internal_count=1929 1889 1813 165 117 1648 1599 1545 273 1272 207 163 160 1065
is_linear=0
shrinkage=0.05


Tree=217
num_leaves=15
num_cat=0
split_feature=1 4 5 8 8 3 1 5 8 2 4 2 6 4
split_gain=2.16219 4.92883 1.6079 2.26477 2.12466 4.43224 5.92883 4.30854 3.92604 3.11194 5.55398 4.89421 4.57143 4.08391
threshold=0.98902500162601181 14.555500000000002 28.245500000000003 -3.0414999999999996 -2.4064999999999999 0.03500000000000001 -0.10738035228456493 21.292000000000005 -2.3599999999999999 0.90906259831586944 23.567500000000006 0.70252747416915684 13.492000000000003 21.886000000000006
decision_type=2 2 2 2 2 2 2 2 2 2 2 2 2 2
left_child=2 -2 3 -1 5 6 -5 -7 -6 10 11 13 -13 -10
right_child=1 -3 -4 4 8 7 -8 -9 9 -11 -12 12 -14 -15
leaf_value=-0.00026713572365976714 0.0023926252381408115 -0.0062483639534235838 0.00098521056152233171 1.0448616718512771e-05 -0.0042176619327967515 0.00034336754883222898 0.0065529253787456887 -0.0037349796416857096 -7.3872389785284439e-05 -0.0024740445334692444 0.0028815179466659363 -8.5155944964376842e-05 0.005615093331357829 -0.011326210540495568
leaf_weight=64 62 41 75 40 41 158 43 55 881 153 138 63 63 52
leaf_count=64 62 41 75 40 41 158 43 55 881 153 138 63 63 52
internal_value=-0.000233281 -0.00728155 0.000164294 -0.000142776 0.000207469 0.00405405 0.0138554 0.000234742 -0.000611071 -0.000148148 0.000710109 -0.000519358 0.00873016 -0.00176849
internal_weight=1929 103 1826 1751 1687 296 83 213 1391 1350 1197 1059 126 933
internal_count=1929 103 1826 1751 1687 296 83 213 1391 1350 1197 1059 126 933
is_linear=0
shrinkage=0.05


Tree=218
num_leaves=15
num_cat=0
split_feature=7 5 0 3 7 7 6 0 1 6 8 3 7 1
split_gain=2.24706 5.01577 3.18354 2.6839 2.23361 2.26337 1.3976 4.97205 7.19925 4.08333 2.51503 2.1978 1.87348 1.67442
threshold=1032.6470000000002 19.739500000000003 29.042000000000005 0.51250000000000007 1021.3245000000001 1006.9200000000002 9.0920000000000005 13.407000000000002 -0.30451802849190396 8.5820000000000025 -3.0414999999999996 98.459500000000006 70.753000000000014 -0.012886663321697788
decision_type=2 2 2 2 2 2 2 2 2 2 2 2 2 2
left_child=4 -2 -3 -4 5 6 9 8 -8 11 -9 -1 -13 -14
right_child=1 2 3 -5 -6 -7 7 10 -10 -11 -12 12 13 -15
leaf_value=0.00074155764704353236 0.0050123434748888217 -0.0017849390365196117 -0.0006902506747593351 0.0052427271863292992 -0.0043685118670403339 0.00062169415117460105 0.0032548399805946526 -0.0008359202863716886 -0.0050076021348698686 0.010859347935426089 7.3912442784158927e-06 0.0013021937572590091 -0.01202125995757824 -0.002986193653963787
leaf_weight=70 41 43 48 43 42 70 42 47 67 40 1246 44 43 43
leaf_count=70 41 43 48 43 42 70 42 47 67 40 1246 44 43 43
internal_value=2.59202e-05 0.00542857 0.000746269 0.00604396 -0.000513113 -0.000233645 -0.000609013 -0.00121255 -0.0114679 0.00291667 -0.000348028 0 -0.00384615 -0.00813953
internal_weight=1929 175 134 91 1754 1712 1642 1402 109 240 1293 200 130 86
internal_count=1929 175 134 91 1754 1712 1642 1402 109 240 1293 200 130 86
is_linear=0
shrinkage=0.05


Tree=219
num_leaves=15
num_cat=0
split_feature=5 7 7 1 6 3 7 7 7 1 1 4 4 2
split_gain=1.73845 1.8161 4.45621 4.83559 2.53822 3.23702 1.93798 1.74841 4.55193 3.21838 2.88982 2.53583 6.17075 5.55385
threshold=28.245500000000003 1026.0065000000002 1001.1455000000002 0.030073020370188292 14.468000000000002 0.51250000000000007 973.0680000000001 649.77400000000011 628.62600000000009 0.94917575150333644 0.823915376013162 15.205000000000002 19.031500000000005 0.22790171382004171
decision_type=2 2 2 2 2 2 2 2 2 2 2 2 2 2
left_child=1 2 6 -4 5 -3 7 8 9 10 -1 -9 13 -13
right_child=-2 4 3 -5 -6 -7 -8 11 -10 -11 -12 12 -14 -15
leaf_value=-0.00011947809494381873 0.00095795642274449928 -0.00095341216503470611 0.0047049828464034082 7.1982937422310217e-05 -0.0036032066418356435 0.00091963318446048605 -0.001808935299922221 -2.8769113275334271e-05 -0.0029546549756101466 -0.0081801727101774024 0.0095853546666902385 0.0078245858658224487 -0.00016996694710445792 0.00024795066802536239
leaf_weight=712 75 53 44 50 51 62 68 397 48 42 45 65 165 52
leaf_count=712 75 53 44 50 51 62 68 397 48 42 45 65 165 52
internal_value=-0.000129601 -0.000431499 5.92417e-05 0.0106383 -0.00542169 -0.00130435 -0.000564617 -0.000196592 -0.00171192 -0.000813517 -6.60502e-05 0.00169367 0.00531915 0.0141026
internal_weight=1929 1854 1688 94 166 115 1594 1526 847 799 757 679 282 117
internal_count=1929 1854 1688 94 166 115 1594 1526 847 799 757 679 282 117
is_linear=0
shrinkage=0.05


Tree=220
num_leaves=15
num_cat=0
split_feature=1 6 1 8 8 6 4 2 1 0 4 6 1 6
split_gain=1.91293 1.79086 1.60369 3.53294 1.81792 2.42224 1.97837 6.60568 3.44892 3.31896 7.65555 4.10725 5.04168 4.44485
threshold=0.99466160899732492 15.0235 0.96413834225895678 -1.7354999999999998 -0.60849999999999993 10.881000000000002 23.567500000000006 0.55601743665704428 0.93779576777868801 17.128500000000003 16.447500000000002 11.838000000000003 -0.63137065367936041 13.035000000000002
decision_type=2 2 2 2 2 2 2 2 2 2 2 2 2 2
left_child=1 2 4 -4 6 -6 8 -8 9 10 -1 -11 -13 -14
right_child=-2 -3 3 -5 5 -7 7 -9 -10 11 -12 12 13 -15
leaf_value=-6.2279614647754722e-05 -0.0027121380842149156 0.00081097757582482277 -0.00030548162313299017 0.0049972823550245501 0.012378951242709716 -0.0012287435908608481 0.0027443086131699285 -0.0030310886345124854 -0.011581948997827536 0.0024357321945648104 -0.0018037540612922287 -0.0009056031153466316 -0.0028562429528983229 0.00032404635283795892
leaf_weight=328 72 58 50 56 63 43 136 54 46 165 117 238 70 433
leaf_count=328 72 58 50 56 63 43 136 54 46 165 117 238 70 433
internal_value=-0.000336962 -2.69251e-05 -0.000305725 0.00566038 -0.000679268 0.00566038 -0.00110271 0.00368421 -0.00175376 -0.00129534 -0.00483146 0.000441501 -0.0011471 0.00168986
internal_weight=1929 1857 1799 106 1693 106 1587 190 1397 1351 445 906 741 503
internal_count=1929 1857 1799 106 1693 106 1587 190 1397 1351 445 906 741 503
is_linear=0
shrinkage=0.05


Tree=221
num_leaves=15
num_cat=0
split_feature=5 6 0 0 1 6 4 2 2 0 0 8 6 8
split_gain=1.71439 1.55897 8.12352 5.91259 3.91419 4.84962 6.10159 3.18829 5.95565 3.26267 7.45614 3.23183 2.91212 2.24422
threshold=28.245500000000003 14.614500000000001 29.450000000000003 32.991000000000007 -0.99273952934267318 14.417000000000002 15.831500000000002 0.89420283937402645 0.63874942205152718 31.814500000000006 28.075500000000002 -1.4084999999999999 13.745500000000002 -2.7304999999999997
decision_type=2 2 2 2 2 2 2 2 2 2 2 2 2 2
left_child=1 4 -3 -4 -1 7 -7 8 13 10 -9 12 -10 -6
right_child=-2 2 3 -5 5 6 -8 9 11 -11 -12 -13 -14 -15
leaf_value=0.0023110311952319719 0.00086950972281603096 -0.0031272689439580392 0.0041706057909915223 -0.0010861932802638419 -0.002676854226337792 0.0047735928941510467 -0.00035028951987862159 -0.0031028675707112652 0.003609242470006116 -0.01484201047981022 0.00026146199681622851 0.00024574806208505255 0.0025002223034559152 -0.00010708004859599357
leaf_weight=59 75 57 43 54 68 63 42 51 43 53 57 58 46 1160
leaf_count=59 75 57 43 54 68 63 42 51 43 53 57 58 46 1160
internal_value=-7.77605e-05 -0.000377562 -0.00519481 0.00360825 5.88235e-05 -0.0003961 0.01 -0.00110677 -0.000327273 -0.00776398 -0.00277778 0.00918367 0.0151685 -0.0014658
internal_weight=1929 1854 154 97 1700 1641 105 1536 1375 161 108 147 89 1228
internal_count=1929 1854 154 97 1700 1641 105 1536 1375 161 108 147 89 1228
is_linear=0
shrinkage=0.05


Tree=222
num_leaves=15
num_cat=0
split_feature=2 0 2 5 5 4 4 6 6 6 5 5 1 3
split_gain=2.09713 4.15241 2.63719 2.01294 4.01349 4.1461 5.56162 4.58333 4.12668 3.58371 3.26707 4.72214 3.54215 3.15589
threshold=0.9804906454816793 30.806500000000003 0.95760036582190977 19.331500000000002 20.142000000000003 11.723500000000003 15.642000000000001 14.346000000000002 14.217500000000003 14.729000000000001 16.972500000000004 16.135000000000002 -0.54162280503947546 0.054000000000000006
decision_type=2 2 2 2 2 2 2 2 2 2 2 2 2 2
left_child=2 -2 3 10 -5 9 7 -7 -8 -6 11 -1 -12 -14
right_child=1 -3 -4 4 5 6 8 -9 -10 -11 12 -13 13 -15
leaf_value=-8.7536333941914957e-05 0.003094571282566821 -0.00097734971103289334 -0.0085276759962918617 0.0045986129833389677 0.0053996842995365172 -0.012334106407460362 0.007952805813580965 -0.00018532608594751254 -0.00032694626192398825 -1.0596096431658709e-05 -0.003944051929465872 0.0059502685229251666 0.00061866083725705681 -0.00061361465758396911
leaf_weight=1143 42 73 52 43 66 40 69 48 81 51 56 58 43 64
leaf_count=1143 42 73 52 43 66 40 69 48 81 51 56 58 43 64
internal_value=-2.59202e-05 0.00652174 -0.000441014 -0.000113507 0.00301508 0.00126761 -0.00252101 -0.0125 0.00333333 0.00897436 -0.00102639 -0.000124896 -0.00766871 -0.00233645
internal_weight=1929 115 1814 1762 398 355 238 88 150 117 1364 1201 163 107
internal_count=1929 115 1814 1762 398 355 238 88 150 117 1364 1201 163 107
is_linear=0
shrinkage=0.05


Tree=223
num_leaves=15
num_cat=0
split_feature=5 7 7 5 1 0 8 4 2 5 4 1 7 2
split_gain=1.78709 1.73843 5.50792 4.52819 4.02197 1.9124 3.42077 2.70589 2.11648 1.88527 3.18199 5.12874 4.30502 4.11616
threshold=28.245500000000003 1026.0065000000002 1001.1455000000002 24.236500000000003 0.030073020370188292 31.714000000000002 -1.9184999999999997 27.622500000000006 0.67844406397199097 18.930000000000003 15.992000000000003 0.94697898371965716 821.98550000000012 -0.57240397273781507
decision_type=2 2 2 2 2 2 2 2 2 2 2 2 2 2
left_child=1 2 5 -3 -4 7 8 9 -7 10 12 -12 13 -1
right_child=-2 3 4 -5 -6 6 -8 -9 -10 -11 11 -13 -14 -15
leaf_value=-0.00022222022538976734 0.00072744664087754653 8.2308701356759167e-05 0.0041216759245024078 -0.011488428933573443 0.00028564319900796498 -0.015280858233682396 0.0012661385475415802 0.0024214201404280048 -0.00023218433147457752 0.00045714813292631887 -0.00038030020080646599 -0.010580964127495707 -0.003289644043005341 0.0016769324593579223
leaf_weight=404 75 116 44 50 50 41 46 58 42 154 381 42 107 319
leaf_count=404 75 116 44 50 50 41 46 58 42 154 381 42 107 319
internal_value=-0.000233281 -0.000539374 -5.92417e-05 -0.00542169 0.0117021 -0.000752823 -0.00658915 -0.000238908 -0.0126506 -0.000675195 -0.00131684 -0.00484634 0.000481928 0.00186722
internal_weight=1929 1854 1688 166 94 1594 129 1465 83 1407 1253 423 830 723
internal_count=1929 1854 1688 166 94 1594 129 1465 83 1407 1253 423 830 723
is_linear=0
shrinkage=0.05


Tree=224
num_leaves=15
num_cat=0
split_feature=6 0 6 0 1 6 2 2 0 6 7 7 7 2
split_gain=2.14714 1.53107 2.43723 9.02564 2.12415 2.81228 4.05694 6.55833 4.23457 3.73245 2.86736 2.44146 4.39603 3.38094
threshold=15.082500000000001 34.995000000000012 14.670000000000002 29.602 -0.99273952934267318 14.174000000000001 0.1858661703907829 0.73832635400310653 29.602 13.928500000000001 882.37700000000007 980.84100000000001 905.86550000000011 0.88637546977843906
decision_type=2 2 2 2 2 2 2 2 2 2 2 2 2 2
left_child=1 2 4 -4 -1 9 -7 8 -8 11 -11 12 -6 -13
right_child=-2 -3 3 -5 5 6 7 -9 -10 10 -12 13 -14 -15
leaf_value=0.0014807335607133821 0.00083255536550934654 0.0011213102219095716 -0.0052749231691135053 0.0010943936998287441 -0.00010154991663144375 0.0080653083998175508 0.00034920234454030585 0.0020288550998654345 -0.0089827893603737722 -0.008628306837630868 -0.0001297826810290198 0.0098290860606427451 -0.012348261922790663 -0.00028407475278037221
leaf_weight=61 48 74 44 52 1167 44 52 93 61 41 65 43 40 44
leaf_count=61 48 74 44 52 1167 44 52 93 61 41 65 43 40 44
internal_value=-2.59202e-05 -0.000292398 -0.000581074 -0.00833333 -0.000146113 -0.000484848 0.0044 0.00145631 -0.00663717 -0.00135714 -0.0103774 -0.000618238 -0.00120133 0.00747126
internal_weight=1929 1881 1807 96 1711 1650 250 206 113 1400 106 1294 1207 87
internal_count=1929 1881 1807 96 1711 1650 250 206 113 1400 106 1294 1207 87
is_linear=0
shrinkage=0.05


Tree=225
num_leaves=15
num_cat=0
split_feature=4 6 8 5 5 5 5 7 6 4 5 4 8 6
split_gain=2.71422 2.29082 2.20031 3.93019 5.19424 4.05841 5.23776 5.20289 5.11365 3.82185 5.22194 5.11901 5.08726 4.36601
threshold=3.3740000000000001 15.082500000000001 -2.1414999999999993 9.2075000000000014 11.916000000000002 14.990000000000002 16.879000000000001 769.30850000000009 12.959500000000002 16.447500000000002 23.248500000000003 23.567500000000006 -2.0674999999999994 13.387000000000002
decision_type=2 2 2 2 2 2 2 2 2 2 2 2 2 2
left_child=-1 2 3 -2 -5 8 -7 -8 -6 10 12 -11 -4 -13
right_child=1 -3 9 4 5 6 7 -9 -10 11 -12 13 -14 -15
leaf_value=-0.002199159230967293 -0.0008021937815132496 0.001325085931662401 -0.0073369411372017253 0.0072201825998520546 0.00056446974330941755 0.006622849276818138 -0.0094779701013037159 0.00022140613667566146 -0.0081162087554396811 -0.00082722207953601359 0.0056552416435499357 -0.00050547385117105106 0.00016070572379651705 0.0056829638143826473
leaf_weight=40 57 40 42 72 42 62 40 297 43 325 56 106 667 40
leaf_count=40 57 40 42 72 42 62 40 297 43 325 56 106 667 40
internal_value=0.000388802 0.000661726 0.000405625 0.00285481 0.00413669 0.00227273 0.00438596 0.00192878 -0.00764706 -0.000809061 0.00137255 -0.00435244 0.000211566 0.00342466
internal_weight=1929 1889 1849 613 556 484 399 337 85 1236 765 471 709 146
internal_count=1929 1889 1849 613 556 484 399 337 85 1236 765 471 709 146
is_linear=0
shrinkage=0.05


Tree=226
num_leaves=15
num_cat=0
split_feature=7 7 7 6 6 4 4 0 1 2 5 0 0 5
split_gain=2.48329 4.66116 3.34923 3.87161 5.52433 2.59743 3.24868 3.39625 3.69431 4.91273 3.62105 3.31117 3.30323 3.07481
threshold=649.77400000000011 628.62600000000009 680.50850000000003 12.650500000000003 11.865 24.934500000000003 22.088500000000003 18.476000000000003 0.97109105924028427 0.057982974307775707 16.135000000000002 22.359000000000005 25.137000000000004 17.570000000000004
decision_type=2 2 2 2 2 2 2 2 2 2 2 2 2 2
left_child=1 -1 -2 4 -4 6 7 -5 9 11 -11 -9 -10 -12
right_child=2 -3 3 5 -6 -7 -8 8 12 10 13 -13 -14 -15
leaf_value=-0.00013264559820008807 0.0041940670044063677 -0.0027859242060591254 0.00030931555017248705 0.011353373415176345 -0.005592463463052276 0.00090116377908034534 -0.0015104019219172706 0.00022097444100089536 0.0066028153925761588 -0.0016697969169853944 0.0046947501803496399 -0.005134715430215187 0.0001438343395807118 0.00019324291531064438
leaf_weight=800 72 48 41 44 59 68 53 40 47 91 42 49 52 423
leaf_count=800 72 48 41 44 59 68 53 40 47 91 42 49 52 423
internal_value=0.000492483 -0.00153302 0.00208141 0.00133796 -0.008 0.00236524 0.00160523 0.00241117 0.0016129 0.000232558 0.00197842 -0.0106742 0.0106061 0.00376344
internal_weight=1929 848 1081 1009 100 909 841 788 744 645 556 89 99 465
internal_count=1929 848 1081 1009 100 909 841 788 744 645 556 89 99 465
is_linear=0
shrinkage=0.05


Tree=227
num_leaves=15
num_cat=0
split_feature=5 8 4 4 4 6 8 1 6 6 0 1 5 1
split_gain=2.30718 2.77608 2.8 2.27309 2.26506 1.65763 3.65467 4.30085 2.61838 2.55157 2.50662 2.99235 2.49057 2.23803
threshold=25.156500000000005 -1.8314999999999999 15.642000000000001 3.7070000000000003 5.2545000000000011 14.356000000000002 -1.8444999999999998 0.73465119469809237 13.811500000000001 13.727000000000002 29.450000000000003 -0.6118807350392268 18.930000000000003 0.7025209685794126
decision_type=2 2 2 2 2 2 2 2 2 2 2 2 2 2
left_child=3 2 -2 -1 -5 8 7 -7 9 12 11 -10 -6 -12
right_child=1 -3 -4 4 5 6 -8 -9 10 -11 13 -13 -14 -15
leaf_value=-0.0098081519876989497 -0.00047995809148545235 0.0013997145354078507 0.0005172281265165828 0.0031488037054603793 -0.0001313004184222144 0.00017067890769800753 -0.0053635633084297757 0.0052183527730464245 -0.0037357945921144553 0.0051258414602111651 -0.00120557652977904 0.0015776840983875988 0.0027737650474469275 -0.010261010170341551
leaf_weight=44 70 40 56 64 1100 139 42 44 40 40 56 87 66 41
leaf_count=44 70 40 56 64 1100 139 42 44 40 40 56 87 66 41
internal_value=0.000388802 0.0060241 0.00238095 -0.000141804 0.000145433 -0.00021148 0.00377778 0.0068306 -0.000839161 8.29187e-05 -0.00580357 -0.0011811 -0.000343053 -0.0118557
internal_weight=1929 166 126 1763 1719 1655 225 183 1430 1206 224 127 1166 97
internal_count=1929 166 126 1763 1719 1655 225 183 1430 1206 224 127 1166 97
is_linear=0
shrinkage=0.05


Tree=228
num_leaves=15
num_cat=0
split_feature=5 8 4 8 7 6 6 4 5 4 6 4 8 5
split_gain=2.30718 2.77608 2.8 1.84594 3.52291 4.19049 4.2931 5.22289 4.59886 4.88521 3.70752 3.14369 3.06131 3.68182
threshold=25.156500000000005 -1.8314999999999999 15.642000000000001 -2.1414999999999993 463.04900000000004 13.358000000000002 14.174000000000001 7.7265000000000006 22.621500000000005 13.067000000000002 12.534500000000003 14.011000000000001 -2.0414999999999996 13.563500000000003
decision_type=2 2 2 2 2 2 2 2 2 2 2 2 2 2
left_child=3 2 -2 4 -1 10 -7 -8 9 -9 11 -6 13 -5
right_child=1 -3 -4 12 5 6 7 8 -10 -11 -12 -13 -14 -15
leaf_value=-0.0018905134407498027 -0.0004559601869111807 0.0013297288086374565 0.00049136672019075428 -0.021208350205833931 0.00089835504627778649 -0.0050255130013377065 -0.0029719295352329507 0.010020156612325594 -0.0014835017436336307 0.00033795795438037736 0.016471057868515156 -0.00014698201556240798 -8.2902667437632926e-05 0.00012539074019673747
leaf_weight=44 70 40 56 44 70 116 50 49 41 76 62 55 1112 44
leaf_count=44 70 40 56 44 70 116 50 49 41 76 62 55 1112 44
internal_value=0.000388802 0.0060241 0.00238095 -0.000141804 0.00222025 0.00337187 0 0.00416667 0.00843373 0.0132 0.00935829 0.0044 -0.00125 -0.0102273
internal_weight=1929 166 126 1763 563 519 332 216 166 125 187 125 1200 88
internal_count=1929 166 126 1763 563 519 332 216 166 125 187 125 1200 88
is_linear=0
shrinkage=0.05


Tree=229
num_leaves=15
num_cat=0
split_feature=6 1 1 8 6 6 6 2 2 2 4 1 8 3
split_gain=2.31292 1.4953 2.45079 1.4676 3.0303 2.2433 2.16157 2.12581 3.13202 2.19344 2.14699 4.27298 5.07981 5.1342
threshold=15.0235 0.99466160899732492 0.97505550290239451 -0.60849999999999993 10.881000000000002 6.4675000000000011 8.1325000000000021 -0.99665976668634515 -0.98870105003072151 -0.96801877525786306 15.642000000000001 0.56246696819246 -2.0814999999999997 87.714000000000013
decision_type=2 2 2 2 2 2 2 2 2 2 2 2 2 2
left_child=1 2 3 5 -5 -1 -7 -8 -9 -10 -11 12 -12 -14
right_child=-2 -3 -4 4 -6 6 7 8 9 10 11 -13 13 -15
leaf_value=-0.0015319103712845507 0.0008084403775335037 -0.0021227324599571796 0.0010205633222709364 0.014317454035103691 -0.0011752973820909633 0.00080476516514056652 -0.00098786593643734595 0.0013316285390944727 -0.0013385208414445017 -0.00022918021473877366 0.00062510547947061126 0.0030186368658009599 -0.00086706057712382378 0.0010068124124847312
leaf_weight=51 60 70 78 64 44 72 44 41 51 816 167 137 175 59
leaf_count=51 60 70 78 64 44 72 44 41 51 816 167 137 175 59
internal_value=0.000336962 2.67523e-05 0.000305725 -8.71586e-05 0.00555556 -0.000464972 -0.000128041 -0.000536913 -0.000207469 -0.000604982 -0.000221566 0.00223048 -0.000374065 -0.00512821
internal_weight=1929 1869 1799 1721 108 1613 1562 1490 1446 1405 1354 538 401 234
internal_count=1929 1869 1799 1721 108 1613 1562 1490 1446 1405 1354 538 401 234
is_linear=0
shrinkage=0.05


Tree=230
num_leaves=15
num_cat=0
split_feature=6 1 1 3 0 3 6 6 1 3 6 5 4 4
split_gain=2.28817 1.5177 2.41946 1.52934 4.20292 3.70904 6.50194 3.65578 4.96372 3.45144 4.09106 3.2 2.53895 3.86624
threshold=15.0235 0.99466160899732492 0.97505550290239451 7.1065000000000014 14.078500000000002 15.113500000000002 12.967500000000001 14.074500000000002 0.75471874543923556 0.47750000000000004 14.555000000000001 10.104500000000002 15.831500000000002 13.623000000000001
decision_type=2 2 2 2 2 2 2 2 2 2 2 2 2 2
left_child=1 2 3 4 11 6 -5 12 9 10 -9 -1 13 -6
right_child=-2 -3 -4 5 7 -7 -8 8 -10 -11 -12 -13 -14 -15
leaf_value=0.0045333804147063353 0.00076801835865681907 -0.0020165958369593204 0.00096953515615738899 -0.0075372662898027165 -0.00021711551542476714 -6.4904638942164802e-05 0.00032701171006674985 0.00024528242244890863 0.0044538774381863719 0.0010689666301598956 -0.0055239984102308575 2.18780521048274e-05 0.00056693231211008693 -0.0067289709688360651
leaf_weight=40 60 70 78 41 210 889 42 76 54 75 53 40 146 55
leaf_count=40 60 70 78 41 210 889 42 76 54 75 53 40 146 55
internal_value=0.000388802 8.02568e-05 0.000361312 -2.90529e-05 0.00166889 -0.00133745 -0.0114458 0.000373692 0.00503876 0.00147059 -0.00348837 0.0125 -0.00255474 -0.0054717
internal_weight=1929 1869 1799 1721 749 972 83 669 258 204 129 80 411 265
internal_count=1929 1869 1799 1721 749 972 83 669 258 204 129 80 411 265
is_linear=0
shrinkage=0.05


Tree=231
num_leaves=15
num_cat=0
split_feature=6 7 1 7 7 2 7 4 1 6 2 2 5 1
split_gain=2.31292 1.51064 5.72659 3.87135 3.1542 2.73302 4.54353 4.65087 2.88956 2.88383 6.49976 9.98335 3.50223 3.56081
threshold=15.0235 649.77400000000011 0.96230016621822489 680.50850000000003 628.62600000000009 -0.47495107206705001 769.30850000000009 13.033000000000001 0.91172524504317609 14.555000000000001 0.88637546977843906 0.56424300735932609 25.265000000000004 0.71989675514303919
decision_type=2 2 2 2 2 2 2 2 2 2 2 2 2 2
left_child=1 2 4 -3 -1 -5 7 -7 9 12 11 -11 13 -8
right_child=-2 3 -4 5 -6 6 8 -9 -10 10 -12 -13 -14 -15
leaf_value=7.3442560151074787e-06 0.00072961744072398422 0.0040385904045062938 -0.011187491307749424 0.0048974090652346702 -0.0015915754182344471 0.00077125290514480367 0.00023790512788756103 -0.0093695157522528192 0.00064683741450201478 1.1382433329032439e-05 0.0047734195778125826 -0.016914481970278755 0.00038668041559251079 -0.0047038964503245077
leaf_weight=764 60 72 40 43 44 60 395 73 94 57 55 46 67 59
leaf_count=764 60 72 40 43 44 60 395 73 94 57 55 46 67 59
internal_value=0.000336962 2.67523e-05 -0.00153302 0.00132223 -0.000618812 0.000474183 -0.000110375 -0.00864662 0.00135834 0.000220913 -0.0056962 -0.0131068 0.00201536 0.000440529
internal_weight=1929 1869 848 1021 808 949 906 133 773 679 158 103 521 454
internal_count=1929 1869 848 1021 808 949 906 133 773 679 158 103 521 454
is_linear=0
shrinkage=0.05


Tree=232
num_leaves=15
num_cat=0
split_feature=7 6 7 7 8 2 5 7 0 6 2 7 5 5
split_gain=2.25681 3.65664 3.23134 2.88012 1.88115 4.75878 2.62219 3.49202 5.17308 2.68795 3.91508 4.18007 5.62158 4.86705
threshold=649.77400000000011 13.339500000000003 680.50850000000003 709.35450000000003 -1.3144999999999998 0.71541278717867718 28.571500000000004 745.8805000000001 20.383000000000003 13.475500000000002 0.1093682717844857 1026.0065000000002 20.690000000000001 16.484000000000005
decision_type=2 2 2 2 2 2 2 2 2 2 2 2 2 2
left_child=1 -1 -2 -4 6 -6 7 -5 -9 -10 -11 13 -13 -12
right_child=2 -3 3 4 5 -7 -8 8 9 10 11 12 -14 -15
leaf_value=-9.5558878498615279e-05 0.00383666088428098 -0.0068493298182058715 -0.001324091782057299 0.0092148933885743828 0.00030000357823935789 -0.0016299579697603901 0.0019642945557097726 -0.0025085686084395983 0.0035577853442789022 -0.0027057649135058428 -0.010105634872879644 0.00057117841789809394 -0.0088573235670576511 0.00076888360883807798
leaf_weight=800 72 48 48 63 77 54 62 66 107 59 59 46 79 289
leaf_count=800 72 48 48 63 77 54 62 66 107 59 59 46 79 289
internal_value=0.000751685 -0.00117925 0.00226642 0.00153617 0.00213319 -0.00343511 0.00301205 0.00221354 0.00120567 0.00258216 0.00112782 0.00264271 -0.0052 0.00545977
internal_weight=1929 848 1081 1009 961 131 830 768 705 639 532 473 125 348
internal_count=1929 848 1081 1009 961 131 830 768 705 639 532 473 125 348
is_linear=0
shrinkage=0.05


Tree=233
num_leaves=15
num_cat=0
split_feature=5 1 3 1 5 7 2 0 6 4 2 2 0 5
split_gain=3.04808 2.55759 2.29012 2.24649 1.74202 3.1482 3.14386 5.11351 3.56685 2.8715 2.09847 2.79824 1.564 3.7975
threshold=25.156500000000005 0.99466160899732492 5.2340000000000009 -0.28397372121269149 24.236500000000003 1001.1455000000002 0.82438889030848939 29.042000000000005 14.275 27.622500000000006 -0.99665976668634515 -0.98870105003072151 31.653000000000002 19.189000000000004
decision_type=2 2 2 2 2 2 2 2 2 2 2 2 2 2
left_child=1 4 3 -2 5 9 -7 -8 -9 10 -1 -12 13 -13
right_child=2 -3 -4 -5 -6 6 7 8 -10 -11 11 12 -14 -15
leaf_value=-0.00075855355276503722 0.0046904369421929193 -0.0025704766678305516 2.1698905992656448e-06 0.00028590855341892595 -0.0052520218700371768 0.0039761737657516118 -0.00044144231864418212 6.6814844674806256e-05 0.0054251202220083729 0.0024317443074217959 0.0024806449309179913 -9.078093457368375e-05 -0.0045071458082501792 0.00093282158850125925
leaf_weight=55 44 71 66 56 42 57 50 42 41 52 45 1104 101 103
leaf_count=55 44 71 66 56 42 57 50 42 41 52 45 1104 101 103
internal_value=0.000751685 0.000141804 0.00722892 0.012 0.000531915 0.000787879 0.00684211 0.00263158 0.010241 0 -0.000426136 -3.69549e-05 -0.000458716 4.1425e-05
internal_weight=1929 1763 166 100 1692 1650 190 133 83 1460 1408 1353 1308 1207
internal_count=1929 1763 166 100 1692 1650 190 133 83 1460 1408 1353 1308 1207
is_linear=0
shrinkage=0.05


Tree=234
num_leaves=15
num_cat=0
split_feature=5 7 5 1 5 7 0 3 4 5 0 1 4 5
split_gain=2.49865 3.77248 3.43749 3.66034 3.24174 4.86923 6.77075 5.14541 5.23185 2.82989 3.07127 2.81028 2.76209 6.61793
threshold=19.331500000000002 1015.2205000000001 16.972500000000004 -0.85206963063867736 16.135000000000002 821.98550000000012 25.603000000000005 56.076500000000003 12.948000000000002 14.926500000000003 23.612000000000005 0.91585580712236381 15.642000000000001 21.521000000000004
decision_type=2 2 2 2 2 2 2 2 2 2 2 2 2 2
left_child=1 2 4 -4 5 6 9 8 -7 10 -1 -5 -2 -14
right_child=12 -3 3 11 -6 7 -8 -9 -10 -11 -12 -13 13 -15
leaf_value=-8.1622969208519647e-05 3.230834800939109e-05 0.0014610729327781521 -0.0040112380799404938 0.00022358794311450882 0.0048614135585640138 -0.01792805840307762 0.013044466963664614 0.0011692090930235683 -0.00082693734035400109 0.002607696239731774 -0.015103485704653098 -0.00097288230919048008 0.003924842760507005 0.0001429430696911871
leaf_weight=873 291 58 41 72 55 43 65 40 44 40 49 46 58 154
leaf_count=873 291 58 41 72 55 43 65 40 44 40 49 46 58 154
internal_value=0.000648004 -0.000420757 -0.000950292 -0.00786164 -4.13565e-05 -0.000606586 0.00053554 -0.00984252 -0.0166667 -0.000519751 -0.0010846 -0.00338983 0.00367793 0.00801887
internal_weight=1929 1426 1368 159 1209 1154 1027 127 87 962 922 118 503 212
internal_count=1929 1426 1368 159 1209 1154 1027 127 87 962 922 118 503 212
is_linear=0
shrinkage=0.05


Tree=235
num_leaves=15
num_cat=0
split_feature=7 1 5 5 4 4 0 6 2 4 8 0 8 6
split_gain=2.43268 3.75712 3.31118 4.74465 2.06736 2.19288 4.71639 2.32687 7.10777 2.754 5.07883 4.70811 3.16337 3.09379
threshold=769.30850000000009 0.99351875964795655 16.972500000000004 15.089000000000002 24.934500000000003 20.580000000000002 26.807000000000006 14.174000000000001 0.95760036582190977 15.205000000000002 -2.6314999999999995 27.997000000000003 -2.3499999999999996 14.381000000000002
decision_type=2 2 2 2 2 2 2 2 2 2 2 2 2 2
left_child=1 2 3 -1 5 7 -7 8 -2 10 -9 -12 -11 -13
right_child=4 -3 -4 -5 -6 6 -8 9 -10 12 11 13 -14 -15
leaf_value=-7.2660479427394403e-05 0.00031570456271898115 -0.01223025384943739 -0.0011729716430720642 0.0047211419402846261 0.00028998438120715066 0.003590545687944795 -0.0027048573875461945 -0.00086250415413654526 -0.013839243525766643 0.00092768768009136035 0.007600790967954219 -0.010798988330877172 0.00025526006910338853 0.0006261786906499923
leaf_weight=914 272 41 87 54 69 42 52 72 40 44 40 43 48 111
leaf_count=914 272 41 87 54 69 42 52 72 40 44 40 43 48 111
internal_value=0.000544323 -0.00100365 -0.00042654 0.000413223 0.00258103 0.00183246 -0.00531915 0.00283582 -0.000320513 0.00558659 0.00300752 0.00721649 0.0130435 0.00324675
internal_weight=1929 1096 1055 968 833 764 94 670 312 358 266 194 92 154
internal_count=1929 1096 1055 968 833 764 94 670 312 358 266 194 92 154
is_linear=0
shrinkage=0.05


Tree=236
num_leaves=15
num_cat=0
split_feature=7 1 4 4 3 5 6 5 0 1 8 8 3 5
split_gain=2.69623 2.62608 2.7047 3.36542 3.03647 6.85107 2.57926 4.55736 4.44429 4.75032 3.15613 5.45067 5.4297 3.11699
threshold=645.10250000000008 0.94917575150333644 19.413500000000003 17.625500000000006 99.983500000000006 10.714500000000003 9.0920000000000005 4.855500000000001 20.970500000000005 0.3491821996099142 -1.7424999999999999 -2.1324999999999998 39.89800000000001 11.418500000000002
decision_type=2 2 2 2 2 2 2 2 2 2 2 2 2 2
left_child=1 2 3 6 5 -4 7 -1 9 10 11 -8 -12 -11
right_child=-2 -3 4 -5 -6 -7 8 -9 -10 13 12 -13 -14 -15
leaf_value=-0.00057934122067171965 0.00014986591622501711 -0.010245153351694869 0.010506812471435182 -0.0027820124796684251 -0.0018619458900615506 -0.0038425341161615945 0.00061563760647182636 0.0028051860247755192 0.0032471487092705312 -0.010757974481433487 0.0030890410971183505 -0.019628528926052349 -0.0019658163082907076 -8.5568551492781758e-05
leaf_weight=79 1089 46 94 51 60 41 54 80 65 66 72 40 51 41
leaf_count=79 1089 46 94 51 60 41 54 80 65 66 72 40 51 41
internal_value=0.000699844 -0.00142857 -0.000755668 -0.0024207 0.00435897 0.00851852 -0.00127737 0.00408805 -0.00347044 -0.0058642 -0.0016129 -0.00851064 0.00365854 -0.014486
internal_weight=1929 840 794 599 195 135 548 159 389 324 217 94 123 107
internal_count=1929 840 794 599 195 135 548 159 389 324 217 94 123 107
is_linear=0
shrinkage=0.05


Tree=237
num_leaves=15
num_cat=0
split_feature=2 4 8 3 7 2 5 0 5 7 8 8 1 4
split_gain=2.66664 3.53075 3.45313 6.01516 5.22903 4.9386 4.55045 3.48943 3.28037 5.78222 5.16189 4.15398 3.92497 3.80499
threshold=-0.23449138957041005 23.975500000000004 -1.5924999999999998 5.0010000000000003 500.97950000000009 -0.88835394722870831 7.3260000000000014 12.921500000000002 11.118 570.51800000000014 -2.0024999999999995 -2.4304999999999999 0.80392051724781088 13.227000000000002
decision_type=2 2 2 2 2 2 2 2 2 2 2 2 2 2
left_child=1 2 8 5 6 -4 7 -5 9 10 13 -10 -13 -1
right_child=-2 -3 3 4 -6 -7 -8 -9 11 -11 -12 12 -14 -15
leaf_value=-0.0029023463418509621 0.00014878141293211413 0.0016561011644401118 0.0028926845356785761 -0.00029415889901235337 -0.010544479939361218 -0.00043624022399024119 0.0058043148841853331 -0.015518472164906073 0.0013755906724136778 0.0052856522310904489 0.0032238408275095279 -0.00018316791675093149 -0.0026439659689644485 0.00040123792073543108
leaf_weight=42 1055 90 53 50 83 56 47 51 59 47 81 123 52 40
leaf_count=42 1055 90 53 50 83 56 47 51 59 47 81 123 52 40
internal_value=0.000440643 -0.00160183 -0.00267857 -0.00647059 -0.011039 0.00321101 -0.00540541 -0.0113861 0.000225225 0.0047619 0.000306748 -0.00384615 -0.00771429 -0.00853659
internal_weight=1929 874 784 340 231 109 148 101 444 210 163 234 175 82
internal_count=1929 874 784 340 231 109 148 101 444 210 163 234 175 82
is_linear=0
shrinkage=0.05


Tree=238
num_leaves=15
num_cat=0
split_feature=4 8 6 2 7 2 2 6 6 7 0 0 8 4
split_gain=1.86727 2.38726 2.66431 3.88722 3.90321 3.6975 4.14585 5.79408 2.85188 6.51746 2.17032 2.94881 2.81943 2.00036
threshold=27.622500000000006 -3.1474999999999995 14.174000000000001 0.98931017411165012 1021.3245000000001 0.89420283937402645 0.34313907657789455 13.914000000000001 14.405000000000003 922.20550000000014 22.734500000000004 26.216500000000003 -1.6994999999999998 12.050000000000002
decision_type=2 2 2 2 2 2 2 2 2 2 2 2 2 2
left_child=1 -1 5 4 8 6 7 -3 9 -4 -8 -12 -13 -7
right_child=-2 2 3 -5 -6 13 10 -9 -10 -11 11 12 -14 -15
leaf_value=-0.00022841435519324604 0.00060501607535575277 -1.206931245592291e-05 5.5499000074285547e-05 0.0040258348302945057 -0.0024077821981489003 -0.0080302611414850514 0.017257809155035209 -0.0084605834533959656 0.00041797417164453067 0.0060933209878073829 -0.00030032260346898323 0.00025328911829162196 0.0047474719197993752 -0.00083044862858356336
leaf_weight=46 79 1020 62 54 82 43 45 42 185 40 40 66 49 76
leaf_count=46 79 1020 62 54 82 43 45 42 185 40 40 66 49 76
internal_value=0.000699844 0.000378378 0.000665188 0.00413712 0.00230352 -0.000398262 0.000396197 -0.000847458 0.00505226 0.0117647 0.007 0.00419355 0.00826087 -0.00882353
internal_weight=1929 1850 1804 423 369 1381 1262 1062 287 102 200 155 115 119
internal_count=1929 1850 1804 423 369 1381 1262 1062 287 102 200 155 115 119
is_linear=0
shrinkage=0.05


Tree=239
num_leaves=15
num_cat=0
split_feature=4 7 3 4 0 5 5 8 4 8 7 4 6 6
split_gain=1.86727 2.32507 4.39001 4.10925 1.83947 1.85631 2.70547 3.66247 5.56414 3.48977 3.81393 4.01431 3.68394 3.818
threshold=27.622500000000006 1032.6470000000002 0.47750000000000004 13.227000000000002 35.605500000000006 25.581000000000003 22.436500000000002 -2.6824999999999997 13.227000000000002 -1.9694999999999998 575.78950000000009 13.528 13.339500000000003 14.174000000000001
decision_type=2 2 2 2 2 2 2 2 2 2 2 2 2 2
left_child=1 4 3 -3 5 6 7 8 -1 10 11 -9 -12 -14
right_child=-2 2 -4 -5 -6 -7 -8 9 -10 -11 12 -13 13 -15
leaf_value=0.00033946314521106081 0.00057476527158796531 0.0015831398837391321 0.0022891225151703831 -0.0045099968028819437 0.0004973081637127619 -0.00048128857479022292 0.00070206892276944996 -0.0018933839809344814 -0.0033214825231906056 -0.00022396715358752317 0.0049612985115129798 0.0011753744536598526 -0.00087908814617763129 0.0028237177180809067
leaf_weight=51 79 42 79 45 47 61 91 66 62 929 116 65 91 105
leaf_count=51 79 42 79 45 47 61 91 66 62 929 116 65 91 105
internal_value=0.000699844 0.000378378 0.0060241 -0.00172414 -0.000178147 -0.000458155 -0.000126904 -0.000639731 -0.00929204 7.28863e-05 0.0037246 -0.00343511 0.00673077 0.00255102
internal_weight=1929 1850 166 87 1684 1637 1576 1485 113 1372 443 131 312 196
internal_count=1929 1850 166 87 1684 1637 1576 1485 113 1372 443 131 312 196
is_linear=0
shrinkage=0.05


Tree=240
num_leaves=15
num_cat=0
split_feature=1 1 0 0 3 4 8 6 6 6 4 2 7 3
split_gain=2.30306 2.50546 3.32388 3.39178 4.27263 4.16407 4.77726 3.95253 3.22121 2.96839 2.72884 3.18589 2.39858 1.9837
threshold=0.99466160899732492 0.97505550290239451 29.042000000000005 30.893000000000004 5.2340000000000009 13.410000000000002 -2.4024999999999994 14.174000000000001 14.184500000000002 14.683500000000002 23.567500000000006 0.040813519545864409 513.01500000000021 0.17850000000000002
decision_type=2 2 2 2 2 2 2 2 2 2 2 2 2 2
left_child=1 2 9 7 8 -6 -7 -4 -5 10 -1 12 -12 -10
right_child=-2 -3 3 4 5 6 -8 -9 13 -11 11 -13 -14 -15
leaf_value=-0.00011481605977884947 -0.001807205535110587 0.0008683074361917197 0.00046679632967444319 -0.00065509468128903132 -0.015473614086458233 -0.004216393070455837 0.0061764298385655059 0.0019012828762458274 0.0003204993943223156 -0.0015365509115415066 0.0010084473825299563 -0.00042819257493406095 0.0043743779687412335 0.0048289144997235474
leaf_weight=1127 72 79 61 46 62 41 57 58 67 44 50 43 63 59
leaf_count=1127 72 79 61 46 62 41 57 58 67 44 50 43 63 59
internal_value=0.000440643 0.000780829 0.000393701 0.004102 0.00150602 -0.004375 0.00204082 0.0113445 0.00697674 -0.000866616 -0.000428683 0.00576923 0.010177 0.0111111
internal_weight=1929 1857 1778 451 332 160 98 119 172 1327 1283 156 113 126
internal_count=1929 1857 1778 451 332 160 98 119 172 1327 1283 156 113 126
is_linear=0
shrinkage=0.05


Tree=241
num_leaves=15
num_cat=0
split_feature=1 6 1 0 6 5 0 2 5 5 7 8 8 5
split_gain=2.169 2.41543 2.11832 2.52763 4.45009 3.06605 2.88856 3.11575 2.80368 7.64851 3.4767 2.78824 9.85799 2.82081
threshold=0.99466160899732492 15.082500000000001 0.97505550290239451 29.042000000000005 14.614500000000001 23.521000000000004 30.893000000000004 0.81502833751681136 19.189000000000004 17.967000000000002 959.44250000000011 -1.9119999999999997 -1.5669999999999999 19.593500000000002
decision_type=2 2 2 2 2 2 2 2 2 2 2 2 2 2
left_child=1 2 3 4 5 8 7 -5 9 10 -1 13 -13 -8
right_child=-2 -3 -4 6 -6 -7 11 -9 -10 -11 -12 12 -14 -15
leaf_value=-8.3765123527715368e-05 -0.0017168452583550574 0.00065094050691487664 0.00082489206438213366 0.00025704662651129806 -0.0043619918822963904 -0.0019815060261183237 -0.0066377599461152686 0.0046499918212586089 0.0015307597513911919 -0.001009865470366504 0.0027770789377703168 0.0086994235702660475 -0.0091596048383365321 2.9838041746822753e-05
leaf_weight=1037 72 47 79 71 45 44 42 44 91 50 51 56 45 155
leaf_count=1037 72 47 79 71 45 44 42 44 91 50 51 56 45 155
internal_value=0.000181441 0.000511578 0.000220994 -0.000144425 -0.00121396 -0.000667714 0.00326877 0.01 -0.000203417 -0.000878735 0 0.000671141 0.00742574 -0.00279188
internal_weight=1929 1857 1810 1731 1318 1273 413 115 1229 1138 1088 298 101 197
internal_count=1929 1857 1810 1731 1318 1273 413 115 1229 1138 1088 298 101 197
is_linear=0
shrinkage=0.05


Tree=242
num_leaves=15
num_cat=0
split_feature=1 6 1 8 8 2 3 4 4 8 8 4 6 0
split_gain=2.14267 2.43873 2.4138 6.03908 7.22731 5.44574 2.42717 1.95351 4.41789 4.31837 4.80891 3.79973 3.78353 4.329
threshold=0.99466160899732492 15.082500000000001 0.83042381995921366 -2.4064999999999999 -2.0814999999999997 -0.11593459959550052 31.835500000000003 8.4820000000000011 13.227000000000002 -1.3794999999999997 -1.8864999999999996 10.787000000000001 14.555000000000001 32.056500000000007
decision_type=2 2 2 2 2 2 2 2 2 2 2 2 2 2
left_child=1 2 7 -4 -5 -6 -7 -1 9 10 11 -9 -10 -14
right_child=-2 -3 3 4 5 6 -8 8 12 -11 -12 -13 13 -15
leaf_value=-0.00060255924124142941 -0.0016310029954373054 0.00061839348156913501 0.0063528306986480494 -0.0034190227514483864 -6.0766043519050465e-05 0.0010506565278601194 0.01469814974535787 -0.00033642649199306409 -7.2469369981682796e-05 -0.00063806604341694057 0.0059168519185515359 0.0013315629731637968 -0.013106390193693069 0.00087485976206520344
leaf_weight=239 72 47 45 63 115 44 45 94 800 81 96 104 44 40
leaf_count=239 72 47 45 63 115 44 45 94 800 81 96 104 44 40
internal_value=0.000129601 0.000457728 0.000165746 0.00416667 0.00131086 0.00588235 0.0151685 -0.000667557 0.000119142 0.00466667 0.00748299 0.0030303 -0.00180995 -0.0119048
internal_weight=1929 1857 1810 312 267 204 89 1498 1259 375 294 198 884 84
internal_count=1929 1857 1810 312 267 204 89 1498 1259 375 294 198 884 84
is_linear=0
shrinkage=0.05


Tree=243
num_leaves=15
num_cat=0
split_feature=6 8 1 4 1 4 4 4 1 6 2 0 5 8
split_gain=2.69155 4.57491 3.4573 3.08381 4.60765 3.54754 4.26681 3.87345 3.44494 3.35824 2.43052 2.90104 5.50381 2.77921
threshold=14.174000000000001 -1.6454999999999997 -0.99273952934267318 7.1865000000000014 -0.45914483320598648 12.050000000000002 15.205000000000002 20.580000000000002 -0.84293373149377049 14.598000000000001 0.89420283937402645 30.709500000000002 21.013000000000002 -2.7304999999999997
decision_type=2 2 2 2 2 2 2 2 2 2 2 2 2 2
left_child=2 3 -1 -2 8 -6 -7 -8 9 -5 11 12 13 -4
right_child=1 -3 10 4 5 6 7 -9 -10 -11 -12 -13 -14 -15
leaf_value=0.0052205162378670348 -0.00024183023996838805 -0.00096268643163810452 -0.0033789062357256539 -0.00015474258382613683 0.0068826191188605008 -0.00026070007033374978 0.0052952239505695336 0.00030138337064427868 -0.0041176647763953248 0.00030511380041805538 -0.0023224418977963539 0.0067794611263107766 -0.017378938932876242 -5.4920260779078861e-06
leaf_weight=50 72 53 57 42 69 56 49 40 40 43 124 60 42 1132
leaf_count=50 72 53 57 42 69 56 49 40 40 43 124 60 42 1132
internal_value=0.000129601 0.00344828 -0.000921502 0.00523114 0.00722714 0.0116822 0.00724138 0.0140449 -0.0004 0.00529412 -0.00137809 -0.000735864 -0.00125914 -0.000630782
internal_weight=1929 464 1465 411 339 214 145 89 125 85 1415 1291 1231 1189
internal_count=1929 464 1465 411 339 214 145 89 125 85 1415 1291 1231 1189
is_linear=0
shrinkage=0.05


Tree=244
num_leaves=15
num_cat=0
split_feature=5 0 3 5 5 1 8 6 5 2 3 5 5 5
split_gain=2.36821 3.32567 3.59796 2.36388 2.11147 3.91365 3.96864 4.4475 3.69741 6.11368 4.86 4.6053 4.73362 4.26315
threshold=25.265000000000004 30.893000000000004 1.9305000000000001 24.236500000000003 19.461500000000004 -0.81403855522663837 -2.5494999999999997 13.886500000000002 16.972500000000004 0.8524709262517346 0.054000000000000006 16.135000000000002 15.649000000000003 15.089000000000002
decision_type=2 2 2 2 2 2 2 2 2 2 2 2 2 2
left_child=3 -2 -3 4 8 -6 -7 -8 11 10 -10 12 13 -1
right_child=1 2 -4 -5 5 6 7 -9 9 -11 -12 -13 -14 -15
leaf_value=-5.0330017565312805e-05 0.00039687526651862318 -0.0018128855511850674 0.0035177716529892714 -0.0023449724437031973 0.0013887946755120396 0.0038231099292507123 0.0014597008159430436 -0.0014093365882712372 0.00013687739690019518 0.0025079430171749575 -0.0035705498233156957 0.0041608477511370463 -0.013781658094696649 0.0049533923719718032
leaf_weight=1090 58 43 58 49 65 60 45 118 54 40 96 65 40 48
leaf_count=1090 58 43 58 49 65 60 45 118 54 40 96 65 40 48
internal_value=0.000129601 0.00597484 0.00049505 -0.00039548 -8.71586e-05 0.00381944 0.000672646 -0.00337423 -0.000872296 -0.00736842 -0.012 0.000120676 -0.000594228 0
internal_weight=1929 159 101 1770 1721 288 223 163 1433 190 150 1243 1178 1138
internal_count=1929 159 101 1770 1721 288 223 163 1433 190 150 1243 1178 1138
is_linear=0
shrinkage=0.05


Tree=245
num_leaves=15
num_cat=0
split_feature=6 0 0 5 7 5 3 4 1 1 6 8 1 8
split_gain=2.27578 3.66115 5.02415 2.6664 5.9506 5.53007 2.60093 3.3648 3.11237 1.93779 2.09158 5.04199 5.92534 5.32368
threshold=14.3375 31.498000000000005 32.701500000000003 19.816500000000001 905.86550000000011 18.418000000000003 3.0915000000000004 15.205000000000002 -0.25950939392209715 -0.99273952934267318 13.154500000000001 -1.2339999999999998 0.31676515716386888 -1.7354999999999998
decision_type=2 2 2 2 2 2 2 2 2 2 2 2 2 2
left_child=1 9 -3 5 -5 -2 8 -8 -6 -1 -11 12 -12 -14
right_child=3 2 -4 4 6 -7 7 -9 -10 10 11 -13 13 -15
leaf_value=0.00239468936791597 0.00050315422267988442 -0.027186879474241088 -9.2127671791486515e-05 0.0062139431759325849 -0.00546618002416075 -0.0047584472781975308 3.7332604656992176e-06 0.0033265035125551456 0.00040840982302654539 -0.00010364779800838831 -0.00083180238960538222 0.0056556820475586519 8.4083510070470657e-05 0.0028577292265672492
leaf_weight=52 66 41 74 42 47 40 53 43 73 977 171 52 137 61
leaf_count=52 66 41 74 42 47 40 53 43 73 977 171 52 137 61
internal_value=0.000285122 -0.000543131 -0.00913043 0.00384615 0.00658915 -0.00283019 0.00324074 0.009375 -0.00166667 0.000137931 -0.000214592 0.00273159 0.000677507 0.00656566
internal_weight=1929 1565 115 364 258 106 216 96 120 1450 1398 421 369 198
internal_count=1929 1565 115 364 258 106 216 96 120 1450 1398 421 369 198
is_linear=0
shrinkage=0.05


Tree=246
num_leaves=15
num_cat=0
split_feature=5 0 3 5 7 2 0 6 0 6 8 8 2 1
split_gain=2.45862 2.90173 2.78549 2.59109 2.44864 5.19699 6.62332 2.77696 1.92385 2.56751 3.73988 5.3115 2.34412 2.21825
threshold=25.265000000000004 30.893000000000004 3.0915000000000004 24.236500000000003 1001.1455000000002 0.82438889030848939 29.042000000000005 14.275 31.653000000000002 14.174000000000001 -2.1599999999999997 -2.5744999999999996 0.78298010367706283 -0.9946616089973247
decision_type=2 2 2 2 2 2 2 2 2 2 2 2 2 2
left_child=3 -2 -3 4 8 -6 -7 -8 9 13 11 -11 -10 -1
right_child=1 2 -4 -5 5 6 7 -9 12 10 -12 -13 -14 -15
leaf_value=0.0028211351986420943 0.00036789321722508487 -0.00032248449888827579 0.00317555789471205 -0.0022481443126693645 0.0031601783369273884 -0.00070600296025536975 0.00011996057434865982 0.0042789671270391239 -0.015327486873079599 1.8255019504448412e-06 -0.00195960054957322 0.0082937227338490214 0.0002492294423114383 -9.0542883423406356e-05
leaf_weight=41 58 45 56 49 57 50 42 41 53 42 56 47 49 1243
leaf_count=41 58 45 56 49 57 50 42 41 53 42 56 47 49 1243
internal_value=0.000648004 0.00660377 0.00148515 0.000112994 0.000435793 0.00578947 0.00037594 0.00903614 -0.000228609 0.000244927 0.00655172 0.0129213 -0.00686275 -0.00046729
internal_weight=1929 159 101 1770 1721 190 133 83 1531 1429 145 89 102 1284
internal_count=1929 159 101 1770 1721 190 133 83 1531 1429 145 89 102 1284
is_linear=0
shrinkage=0.05


Tree=247
num_leaves=15
num_cat=0
split_feature=5 5 7 6 6 2 3 2 1 7 5 7 1 0
split_gain=1.76388 3.27754 3.53855 4.2998 4.10274 3.93876 4.9428 3.68286 3.42202 3.0897 2.50962 3.1645 1.63262 4.79867
threshold=19.331500000000002 20.142000000000003 804.8325000000001 13.801500000000003 14.3375 0.57132313271480106 2.0830000000000006 0.88234143329564307 -0.021515898191484053 1011.1260000000001 18.543500000000005 1015.2205000000001 -0.35321410436273354 23.348500000000005
decision_type=2 2 2 2 2 2 2 2 2 2 2 2 2 2
left_child=10 -2 -3 -4 9 6 -6 -7 -9 -5 11 12 13 -1
right_child=1 2 3 4 5 7 -8 8 -10 -11 -12 -13 -14 -15
leaf_value=-8.6015739252236217e-05 0.0017695660883990357 -0.0070406965887800715 0.0069879035728855872 3.8176046884324387e-05 0.0001810693020992016 -0.0034143430261469321 0.0059568891533066694 0.0049072422197262607 -0.00063980423206366765 -0.017902728726004426 -0.00073255897393855742 0.0033725841103296132 4.6252751943653973e-05 -0.018029080607367031
leaf_weight=393 56 49 46 62 43 68 44 47 45 43 63 48 870 52
leaf_count=393 56 49 46 62 43 68 44 47 45 43 63 48 870 52
internal_value=0.000336962 0.0028827 0.00145414 0.00301508 0.00113636 0.00465587 0.0132184 0 0.00652174 -0.00714286 -0.00056101 -0.000110051 -0.000570342 -0.00303371
internal_weight=1929 503 447 398 352 247 87 160 92 105 1426 1363 1315 445
internal_count=1929 503 447 398 352 247 87 160 92 105 1426 1363 1315 445
is_linear=0
shrinkage=0.05


Tree=248
num_leaves=15
num_cat=0
split_feature=8 6 7 5 1 3 6 6 8 2 2 2 3 5
split_gain=2.12911 3.66783 2.2739 2.62832 3.79082 3.23462 1.68786 1.66407 4.11429 2.13411 4.08768 2.63121 1.91377 7.25885
threshold=-2.5494999999999997 14.862500000000002 1011.1260000000001 11.694000000000001 0.60434081882701174 36.042500000000011 6.4675000000000011 8.1325000000000021 -1.0404999999999998 -0.9951106240145321 -0.9796624227284948 -0.95380106782931873 0.17850000000000002 11.556000000000003
decision_type=2 2 2 2 2 2 2 2 2 2 2 2 2 2
left_child=1 2 3 -1 5 -5 -2 8 -8 -9 -11 -12 13 -13
right_child=6 -3 -4 4 -6 -7 7 9 -10 10 11 12 -14 -15
leaf_value=0.0060765384878424316 -0.0016355251824116417 0.0011949711544119502 0.0014704521456347598 -0.0037742901144958265 0.003490288522021448 0.00036081726767960844 0.0064809449423448079 -0.0014410557450843617 -0.0028250660482976339 0.0011403462572978412 -0.0075325583810650189 -0.0060420394796339184 0.00014261761297391096 -3.0209695334613985e-05
leaf_weight=41 58 41 45 64 48 40 48 55 42 57 52 46 977 315
leaf_count=41 58 41 45 64 48 40 48 55 42 57 52 46 977 315
internal_value=0.000440643 0.00448029 0.00210084 -0.000259067 -0.00328947 -0.00865385 -0.000242424 6.28141e-05 0.00666667 -0.000332889 3.45543e-05 -0.000503597 -7.47384e-05 -0.0031856
internal_weight=1929 279 238 193 152 104 1650 1592 90 1502 1447 1390 1338 361
internal_count=1929 279 238 193 152 104 1650 1592 90 1502 1447 1390 1338 361
is_linear=0
shrinkage=0.05


Tree=249
num_leaves=15
num_cat=0
split_feature=5 8 8 3 4 4 8 5 8 7 7 3 4 5
split_gain=2.21996 3.54058 5.1122 5.78363 4.09412 4.17373 3.60192 4.06791 3.29082 2.73727 3.78491 3.18222 2.85542 3.12116
threshold=19.461500000000004 -2.5494999999999997 -2.4024999999999994 0.17850000000000002 15.237500000000002 10.337000000000002 -1.6719999999999999 22.791500000000003 -1.8314999999999999 1015.2205000000001 821.98550000000012 65.018000000000015 17.883000000000003 16.135000000000002
decision_type=2 2 2 2 2 2 2 2 2 2 2 2 2 2
left_child=9 4 -3 8 5 -2 7 -5 -4 10 -1 12 13 -12
right_child=1 2 3 6 -6 -7 -8 -9 -10 -11 11 -13 -14 -15
leaf_value=3.6499995880859282e-05 0.00087036621823871065 -0.003587734050486702 -0.0051172845300826693 0.0059582352505906299 0.002914518553345573 -0.00041909951473568797 -0.00039196813080576436 0.00068671906733159822 0.00042116516122675811 0.0021300891482345721 -0.0089443726955455109 0.00034360114614115231 -9.0105639342724638e-06 -0.00055934495639700101
leaf_weight=1129 44 59 73 57 60 41 50 65 47 60 64 62 59 59
leaf_count=1129 44 59 73 57 60 41 50 65 47 60 64 62 59 59
internal_value=0.000544323 0.00342742 0.000712251 0.00342466 0.01 0.00294118 0.00930233 0.0139344 -0.005 -0.000453594 -0.000910415 -0.00655738 -0.00989011 -0.0142276
internal_weight=1929 496 351 292 145 85 172 122 120 1433 1373 244 182 123
internal_count=1929 496 351 292 145 85 172 122 120 1433 1373 244 182 123
is_linear=0
shrinkage=0.05


Tree=250
num_leaves=15
num_cat=0
split_feature=7 7 1 1 8 8 7 3 7 8 5 6 8 0
split_gain=2.36643 2.80669 2.73485 2.68959 2.72644 3.25373 5.93791 4.73066 6.12618 5.20474 2.94712 2.76114 2.72684 2.69754
threshold=645.10250000000008 673.93900000000008 0.94917575150333644 0.83042381995921366 -2.3689999999999993 -2.2304999999999997 565.67000000000007 45.218000000000011 500.97950000000009 -1.8154999999999999 9.6555000000000017 12.588500000000002 -1.7844999999999998 16.729500000000005
decision_type=2 2 2 2 2 2 2 2 2 2 2 2 2 2
left_child=2 -2 3 4 -1 -6 7 9 12 -7 -11 13 -9 -8
right_child=1 -3 -4 -5 5 6 11 8 -10 10 -12 -13 -14 -15
leaf_value=-0.0012555305878918844 0.0016804297888061343 0.0001741952940211955 -0.0095919407878475148 0.0043852030615428531 0.0052798672210595671 -0.0023816844249903175 0.00037108796112091461 0.0049592752637872247 -0.0090378153308672583 0.0005798675866959161 0.013205420762579578 -0.005145826064369469 -0.00039150922540216737 -0.0058355137375064861
leaf_weight=80 64 1025 46 53 41 44 45 49 43 82 48 47 220 42
leaf_count=80 64 1025 46 53 41 44 45 49 43 82 48 47 220 42
internal_value=0.000803525 0.0023416 -0.00119048 -0.000503778 -0.00128205 -0.000226929 -0.00112903 0.00144033 -0.00224359 0.00804598 0.0130769 -0.0104478 0.000557621 -0.00517241
internal_weight=1929 1089 840 794 741 661 620 486 312 174 130 134 269 87
internal_count=1929 1089 840 794 741 661 620 486 312 174 130 134 269 87
is_linear=0
shrinkage=0.05


Tree=251
num_leaves=15
num_cat=0
split_feature=5 5 3 5 2 5 5 5 3 3 8 8 7 4
split_gain=1.78839 3.87165 3.07849 2.97107 5.07128 2.9973 2.80307 4.17939 2.66023 3.19514 2.49177 3.82966 3.98482 3.85128
threshold=19.331500000000002 20.142000000000003 95.294500000000014 16.972500000000004 0.83399694777620859 16.135000000000002 15.649000000000003 14.990000000000002 0.054000000000000006 26.834500000000002 -2.5494999999999997 -2.4024999999999994 1011.1260000000001 13.744500000000002
decision_type=2 2 2 2 2 2 2 2 2 2 2 2 2 2
left_child=3 -2 10 5 8 6 7 -1 -5 -10 -3 -12 -13 -14
right_child=1 2 -4 4 -6 -7 -8 -9 9 -11 11 12 13 -15
leaf_value=2.8319895412304288e-05 0.0014008187851800693 0.00061798963680168852 -0.0029243476092796318 -3.3740054487346742e-05 0.0020501007217588242 0.0040666429214153647 -0.01263314038656038 0.0031741856696045042 -0.0028423499696094883 -0.0016674691065663438 -0.0029547898223883707 0.0014816537462814855 0.0016088725306102503 -0.0065781601288541942
leaf_weight=1082 56 117 58 51 40 65 40 56 41 51 45 120 47 60
leaf_count=1082 56 117 58 51 40 65 40 56 41 51 45 120 47 60
internal_value=0.00111457 0.00367793 0.00212528 0.000210379 -0.0057377 0.00108608 0.000509338 0.000966608 -0.0101399 -0.0152174 0.00372751 0.00110294 0.00374449 -0.00327103
internal_weight=1929 503 447 1426 183 1243 1178 1138 143 92 389 272 227 107
internal_count=1929 503 447 1426 183 1243 1178 1138 143 92 389 272 227 107
is_linear=0
shrinkage=0.05


Tree=252
num_leaves=15
num_cat=0
split_feature=4 4 5 7 2 0 1 4 4 0 8 1 1 0
split_gain=2.25646 2.18058 3.26043 6.63725 3.03812 4.38066 5.31302 4.02512 7.35845 4.61538 4.10556 2.83357 2.63189 6.2762
threshold=27.622500000000006 21.886000000000006 11.418500000000002 774.65200000000016 -0.13070653084037345 19.846000000000004 -0.97109105924028405 15.642000000000001 14.690500000000002 27.862500000000001 -2.2659999999999996 -0.3970220911538665 -0.17552986495351994 27.630500000000001
decision_type=2 2 2 2 2 2 2 2 2 2 2 2 2 2
left_child=1 4 11 -4 -1 -6 -7 8 12 -9 -11 -3 -8 -14
right_child=-2 2 3 -5 5 6 7 9 -10 10 -12 -13 13 -15
leaf_value=-3.37073402424979e-05 0.00052815313673072468 -0.0013618073702912148 -0.026128149788760924 -5.8991397323415744e-05 0.014415575724425388 -0.0036651053702960292 -8.5476748902664498e-05 -9.1060338943253779e-05 -0.013204148780077654 0.0044769737444520525 0.0012469820570012613 0.0032198603645490209 0.010123203310641406 8.0900943478223744e-05
leaf_weight=795 79 42 41 86 55 49 143 78 44 54 76 62 93 232
leaf_count=795 79 42 41 86 55 49 143 78 44 54 76 62 93 232
internal_value=0.00121825 0.000864865 -0.00367965 -0.00905512 0.00151328 0.00364078 0.0026658 0.00375 0.00136719 0.00961538 0.0153846 0.00288462 0.00320513 0.00569231
internal_weight=1929 1850 231 127 1619 824 769 720 512 208 130 104 468 325
internal_count=1929 1850 231 127 1619 824 769 720 512 208 130 104 468 325
is_linear=0
shrinkage=0.05


Tree=253
num_leaves=15
num_cat=0
split_feature=5 5 7 4 4 8 1 7 1 3 4 4 8 2
split_gain=2.51297 2.86312 3.26893 2.83709 2.61789 2.62841 2.17247 2.65776 2.30061 3.02998 5.39611 5.39274 1.8842 1.66307
threshold=19.461500000000004 18.618000000000006 1015.2205000000001 24.934500000000003 27.622500000000006 -2.6639999999999993 0.28397372121269165 818.71750000000009 -0.021515898191484053 2.7860000000000005 15.992000000000003 12.262000000000002 -2.2539999999999996 -0.99791438307893243
decision_type=2 2 2 2 2 2 2 2 2 2 2 2 2 2
left_child=1 2 4 6 5 -1 8 -8 9 11 -11 -2 -9 -7
right_child=3 -3 -4 -5 -6 13 7 12 -10 10 -12 -13 -14 -15
leaf_value=-0.0021210365068241115 0.0011067853580211673 -0.00079279500325399885 0.0036674943791473514 0.0012646441051526042 0.0013213195810300338 -0.0014639727403004843 -0.0027912591524955734 8.7357794832149124e-05 -0.0059324135385895429 -3.7176137202205033e-05 0.0013819738827547834 -0.0024690022486631769 0.0071565736588222132 3.5197770071496162e-05
leaf_weight=74 43 63 49 42 47 42 41 59 45 68 53 71 74 1158
leaf_count=74 43 63 49 42 47 42 41 59 45 68 53 71 74 1158
internal_value=0.00116641 0.000104676 0.000583942 0.00423387 0.00011355 -0.000313972 0.0030837 0.00747126 0.000357143 0.00234043 0.00785124 -0.00350877 0.0109023 0.00025
internal_weight=1929 1433 1370 496 1321 1274 454 174 280 235 121 114 133 1200
internal_count=1929 1433 1370 496 1321 1274 454 174 280 235 121 114 133 1200
is_linear=0
shrinkage=0.05


Tree=254
num_leaves=15
num_cat=0
split_feature=4 8 8 7 4 3 4 0 5 4 0 4 5 7
split_gain=2.25646 1.89041 5.19553 4.56923 3.31501 2.53837 2.53673 2.30682 4.41661 2.71386 3.6977 2.49736 2.5387 3.77108
threshold=27.622500000000006 -2.5494999999999997 -2.6499999999999995 1001.1455000000002 10.018000000000002 9.4570000000000025 26.029000000000003 35.160500000000006 25.581000000000003 23.459000000000003 19.572000000000003 22.156000000000002 4.855500000000001 285.41700000000009
decision_type=2 2 2 2 2 2 2 2 2 2 2 2 2 2
left_child=1 2 3 4 -1 -6 7 8 9 11 -11 12 -3 -14
right_child=-2 6 -4 -5 5 -7 -8 -9 -10 10 -12 -13 13 -15
leaf_value=-0.0053902921732107206 0.00043567950084268673 -0.0030870165200640124 0.0043959932455965882 0.0002859905188393651 0.00052680751957014387 -0.0039486495362809132 -0.0014081322940476988 0.0060798667308139161 -0.0029074489060584075 0.0014885583031652994 -0.00077232228211635565 -0.0022974051001984769 0.012337858829564442 5.6537887130664323e-05
leaf_weight=41 79 121 64 52 49 53 42 49 71 43 41 53 51 1120
leaf_count=41 79 121 64 52 49 53 42 49 71 43 41 53 51 1120
internal_value=0.00121825 0.000864865 0.00482625 0.000769231 -0.00384615 0.000980392 0.000219987 0.000548741 0.0002 0.000804759 0.00952381 0.000260223 0.000696594 0.00140905
internal_weight=1929 1850 259 195 143 102 1591 1549 1500 1429 84 1345 1292 1171
internal_count=1929 1850 259 195 143 102 1591 1549 1500 1429 84 1345 1292 1171
is_linear=0
shrinkage=0.05


Tree=255
num_leaves=15
num_cat=0
split_feature=4 6 4 4 7 5 4 7 8 2 0 1 5 8
split_gain=2.34207 1.85999 1.74845 3.94079 2.0361 4.51128 3.44159 3.33938 4.44809 2.5188 2.33825 3.66409 2.57896 4.47029
threshold=27.622500000000006 15.082500000000001 6.597500000000001 5.2545000000000011 86.915000000000006 7.5870000000000006 7.6545000000000014 485.15650000000005 -1.5044999999999997 -0.87204617232061787 14.15 0.030073020370188292 18.894500000000004 -2.7484999999999995
decision_type=2 2 2 2 2 2 2 2 2 2 2 2 2 2
left_child=1 2 3 -1 -4 7 -7 8 -6 -10 11 -8 -12 -14
right_child=-2 -3 4 -5 5 6 10 -9 9 -11 12 -13 13 -15
leaf_value=0.00022499332904825226 0.00041389552580055268 0.00044283531941108903 0.003334915488225421 -0.0010667420798631533 0.0010154740404402119 0.0017993013950860109 0.0034023894617346674 -0.0020517824168208138 -0.019519067153706972 -0.0015059790083856177 -0.00011019313703651834 -0.00035237511380787348 0.0011955316274621431 9.2730421477293945e-05
leaf_weight=102 79 48 51 71 43 60 76 42 46 58 786 49 69 349
leaf_count=102 79 48 51 71 43 60 76 42 46 58 786 49 69 349
internal_value=0.00106273 0.000702703 0.000443951 -0.00433526 0.000951504 0.000633714 0.00161987 -0.00661376 -0.00306122 -0.00865385 0.00109105 0.0076 0.000415282 0.00358852
internal_weight=1929 1850 1802 173 1629 1578 1389 189 147 104 1329 125 1204 418
internal_count=1929 1850 1802 173 1629 1578 1389 189 147 104 1329 125 1204 418
is_linear=0
shrinkage=0.05


Tree=256
num_leaves=15
num_cat=0
split_feature=8 5 4 8 8 6 4 4 6 6 6 6 0 2
split_gain=2.60187 5.99703 3.39733 2.33185 2.57614 1.94089 1.89761 1.76264 1.71112 2.03541 4.60067 3.75309 5.13 2.50487
threshold=-2.7484999999999995 19.816500000000001 13.479500000000002 -2.6499999999999995 -2.5494999999999997 6.4675000000000011 27.622500000000006 26.029000000000003 7.4200000000000008 9.5710000000000033 10.254000000000001 9.0920000000000005 14.037000000000001 -0.96801877525786306
decision_type=2 2 2 2 2 2 2 2 2 2 2 2 2 2
left_child=1 -1 -3 -2 -5 -6 7 8 -7 11 -11 12 -10 -12
right_child=3 2 -4 4 5 6 -8 -9 9 10 13 -13 -14 -15
leaf_value=-0.0015791745601751617 -0.0083865948183611434 8.2919644107740109e-05 0.0026328892206193585 0.0036099895565315505 -0.0023481316557536244 0.0015084699755629595 0.00030536999560941972 -0.0012351365585042734 0.013085724148943613 0.012291462481928639 -0.0017917354575075319 -0.010083399768259997 -0.0067677938241224485 8.1558226335820861e-05
leaf_weight=75 48 46 42 68 58 43 57 40 50 71 77 48 64 1142
leaf_count=75 48 46 42 68 58 43 57 40 50 71 77 48 64 1142
internal_value=0.00101089 0.00705521 0.0159091 0.000453001 0.000756694 0.000363636 0.000690955 0.000358306 0.000635452 0.000344353 0.00100775 -0.00493827 0 0.000287121
internal_weight=1929 163 88 1766 1718 1650 1592 1535 1495 1452 1290 162 114 1219
internal_count=1929 163 88 1766 1718 1650 1592 1535 1495 1452 1290 162 114 1219
is_linear=0
shrinkage=0.05


Tree=257
num_leaves=15
num_cat=0
split_feature=8 5 4 4 7 6 0 6 3 3 2 0 6 6
split_gain=2.55743 4.55642 3.06818 2.04013 1.36351 2.08356 3.86713 2.61377 4.43216 6.38131 7.08364 3.89012 2.47899 2.44412
threshold=-2.7484999999999995 19.816500000000001 13.840500000000002 3.7070000000000003 86.915000000000006 8.5820000000000025 16.729500000000005 11.162000000000001 56.076500000000003 99.970000000000013 -0.71840966893412694 14.037000000000001 10.170000000000002 12.3725
decision_type=2 2 2 2 2 2 2 2 2 2 2 2 2 2
left_child=1 -1 -3 -2 -5 6 -6 8 11 10 -10 -7 -13 -9
right_child=3 2 -4 4 5 7 -8 13 9 -11 -12 12 -14 -15
leaf_value=-0.0015002158321664018 -0.0026206798822177024 7.8773661902348252e-05 0.0025012447595883919 0.00063187890995637934 0.00010301521215553278 0.0064218252739975824 -0.032587916567320276 -0.00045472762022322481 -0.0085888102294074571 0.0031842596771050474 0.0081304596952096464 -0.00023224304946097701 0.0029453179828837026 8.4015989086638765e-05
leaf_weight=75 45 48 40 62 79 40 41 252 47 56 41 44 50 1009
leaf_count=75 45 48 40 62 79 40 41 252 47 56 41 44 50 1009
internal_value=0.00106273 0.00705521 0.0147727 0.000509626 0.000784428 0.000512357 -0.00583333 0.00100715 0.00539568 -0.000694444 -0.00909091 0.0119403 0.00638298 3.96511e-05
internal_weight=1929 163 88 1766 1721 1659 120 1539 278 144 88 134 94 1261
internal_count=1929 163 88 1766 1721 1659 120 1539 278 144 88 134 94 1261
is_linear=0
shrinkage=0.05


Tree=258
num_leaves=15
num_cat=0
split_feature=8 4 7 8 8 8 3 3 8 1 8 3 4 1
split_gain=1.87305 3.17334 2.06406 1.4461 2.73577 1.57229 3.56661 3.98586 1.42195 4.17131 3.48282 2.8809 2.66688 4.3086
threshold=-2.7484999999999995 15.880000000000001 903.67650000000015 -2.6499999999999995 -2.5494999999999997 -2.3689999999999993 3.0200000000000005 54.295500000000011 -1.3854999999999997 0.97653720355785967 -1.4489999999999996 99.951000000000008 10.872500000000002 -0.63137065367936041
decision_type=2 2 2 2 2 2 2 2 2 2 2 2 2 2
left_child=1 2 -1 -2 -5 6 -6 -8 10 -10 11 12 -7 -14
right_child=3 -3 -4 4 5 8 7 -9 9 -11 -12 -13 13 -15
leaf_value=0.00038446495457127028 -0.0079714658768974163 0.0020075955904426067 -0.00077316918793437497 0.0034252892792506389 0.0013517863137765985 -0.0005932939204671972 -0.0018426173024451834 -4.0531123409270903e-05 -2.7528301920473622e-06 -0.0028683801787745288 0.0026068095712085768 0.001505782924333776 -0.0037093928303955914 0.00036272647094776278
leaf_weight=43 48 67 53 68 62 293 48 53 466 42 53 124 125 384
leaf_count=43 48 67 53 68 62 293 48 53 466 42 53 124 125 384
internal_value=0.000699844 0.00582822 0 0.000226501 0.000465658 6.06061e-05 -0.00460123 -0.010396 0.000571621 -0.0015748 0.00168539 0.000971922 -0.000124688 0.00206287
internal_weight=1929 163 96 1766 1718 1650 163 101 1487 508 979 926 802 509
internal_count=1929 163 96 1766 1718 1650 163 101 1487 508 979 926 802 509
is_linear=0
shrinkage=0.05


Tree=259
num_leaves=15
num_cat=0
split_feature=5 0 1 2 8 4 7 7 5 7 6 5 2 0
split_gain=2.65164 2.97257 3.09967 2.90742 2.48129 2.15157 3.43814 6.27921 4.19393 3.86594 2.71849 4.36036 3.1054 2.67201
threshold=28.571500000000004 33.255000000000003 0.064414007683963548 0.9804906454816793 -2.2539999999999996 12.454000000000002 769.30850000000009 825.10250000000008 22.436500000000002 731.20850000000007 13.190500000000002 17.570000000000004 0.51358210681912742 28.638000000000002
decision_type=2 2 2 2 2 2 2 2 2 2 2 2 2 2
left_child=1 3 -3 5 -4 13 9 -8 10 -7 -9 -12 -13 -1
right_child=-2 2 4 -5 -6 6 7 8 -10 -11 11 12 -14 -15
leaf_value=-1.106660507224494e-05 0.00065349396231271237 -0.010699294575467028 -0.001693349841899461 0.0015833654789153108 0.0028104063854506702 8.3792282100023097e-05 0.0069087135316740324 -0.001940602679762804 0.0015336524219610405 -0.013538690063097665 0.0023120938406825443 -0.0096648453095883949 0.00011118403160472884 -0.0017613322043768976
leaf_weight=553 68 46 43 69 52 599 53 42 76 45 73 47 60 103
leaf_count=553 68 46 43 69 52 599 53 42 76 45 73 47 60 103
internal_value=0.000596164 0.000241805 -0.00673759 0.000813953 -0.00157895 0.000393701 0.0018593 0.00584046 0.00302013 -0.000310559 -0.00045045 0.00222222 -0.00420561 -0.00182927
internal_weight=1929 1861 141 1720 95 1651 995 351 298 644 222 180 107 656
internal_count=1929 1861 141 1720 95 1651 995 351 298 644 222 180 107 656
is_linear=0
shrinkage=0.05


Tree=260
num_leaves=15
num_cat=0
split_feature=5 5 7 7 1 5 4 7 7 4 5 7 7 7
split_gain=2.70864 2.49121 1.55881 5.52137 4.32809 2.65677 2.44028 2.13424 2.23485 2.08643 4.49742 5.78947 2.10656 3.86076
threshold=28.571500000000004 26.787000000000003 1001.1455000000002 1026.0065000000002 0.1328271176880281 23.521000000000004 14.633000000000001 973.0680000000001 944.70000000000016 6.597500000000001 13.506500000000001 535.29700000000014 821.98550000000012 796.81850000000009
decision_type=2 2 2 2 2 2 2 2 2 2 2 2 2 2
left_child=1 2 7 4 -4 6 -5 8 9 10 11 -1 13 -11
right_child=-2 -3 3 5 -6 -7 -8 -9 -10 12 -12 -13 -14 -15
leaf_value=-0.0024889549163435998 0.0006208192641970812 -0.00033169882726531572 0.0032245565651624845 -0.00052803131966135954 8.1901771325554321e-06 -0.010829739462709133 0.0014474827001418279 -0.0012305860672935987 0.0017236516566363506 8.2861433088822771e-05 -0.0048789021249033004 0.0038898953452405904 -0.00022134690023180444 0.013884525963382272
leaf_weight=55 68 42 47 49 42 49 53 68 64 1022 50 40 236 44
leaf_count=55 68 42 47 49 42 49 53 68 64 1022 50 40 236 44
internal_value=0.000492483 0.000134336 0.000412314 0.00416667 0.0140449 -0.00165563 0.00294118 -0.000158328 0.000231635 -0.000172771 -0.00586207 0.000526316 0.000460829 0.00140713
internal_weight=1929 1861 1819 240 89 151 102 1579 1511 1447 145 95 1302 1066
internal_count=1929 1861 1819 240 89 151 102 1579 1511 1447 145 95 1302 1066
is_linear=0
shrinkage=0.05


Tree=261
num_leaves=15
num_cat=0
split_feature=5 5 2 6 2 7 6 0 4 7 5 7 8 1
split_gain=2.62337 2.55837 1.82766 4.14405 3.31726 2.1712 5.09079 6.3 2.2379 2.35168 1.71953 4.1185 5.57673 2.3127
threshold=28.571500000000004 26.787000000000003 0.9804906454816793 14.174000000000001 0.95760036582190977 980.84100000000001 13.871500000000003 29.602 27.622500000000006 86.915000000000006 7.5870000000000006 481.30350000000004 -1.0939999999999999 -0.88606241628642823
decision_type=2 2 2 2 2 2 2 2 2 2 2 2 2 2
left_child=1 2 4 -4 5 8 -7 -8 9 -1 11 12 -11 -12
right_child=-2 -3 3 -5 -6 6 7 -9 -10 10 13 -13 -14 -15
leaf_value=0.00065599533923411675 0.00058977830098723156 -0.00031511388590205192 -0.0089032457176670531 0.0035671594840450739 -0.010319339835228043 0.0070269165332414955 -0.00036113836295376123 0.00053322933054332782 0.0012580319049818824 0.00093153929247447032 -0.00045646076042210604 -0.00093151942665696823 -0.01103036277628412 0.00011800475257797566
leaf_weight=59 68 42 40 56 46 59 70 56 57 77 175 47 83 994
leaf_count=59 68 42 40 56 46 59 70 56 57 77 175 47 83 994
internal_value=0.000648004 0.00029554 0.00057724 0.00729167 0.000203134 0.000566488 0.00567568 0 -6.70241e-05 -0.000452962 -0.000872093 -0.00507246 -0.00125 -0.000128315
internal_weight=1929 1861 1819 96 1723 1677 185 126 1492 1435 1376 207 160 1169
internal_count=1929 1861 1819 96 1723 1677 185 126 1492 1435 1376 207 160 1169
is_linear=0
shrinkage=0.05


Tree=262
num_leaves=15
num_cat=0
split_feature=7 3 6 5 4 4 5 7 7 7 3 7 6 8
split_gain=2.07788 2.59954 3.24331 2.26793 1.31405 1.27391 1.56656 1.49186 4.3965 3.92536 3.57169 3.64439 3.70889 3.65737
threshold=1032.6470000000002 0.56900000000000006 14.417000000000002 26.787000000000003 15.831500000000002 27.622500000000006 24.834500000000002 745.8805000000001 718.79450000000008 769.30850000000009 94.035500000000013 821.98550000000012 13.190500000000002 -2.2904999999999993
decision_type=2 2 2 2 2 2 2 2 2 2 2 2 2 2
left_child=3 2 -2 5 -3 6 7 8 -1 -9 11 -11 -13 -14
right_child=1 4 -4 -5 -6 -7 -8 9 -10 10 -12 12 13 -15
leaf_value=-1.4984558146066695e-05 -0.001652287076201453 0.00012175624491720383 0.0026123532643910932 -0.00027017810366925107 0.0020540743885205021 0.0008205013864092753 0.0026265349203846316 -0.0067373881853663668 0.012162017847373217 0.0014026539407966611 0.0014488888196114492 -0.0090969979341168402 -0.00036772651609389144 0.00037807568689693513
leaf_weight=949 45 40 44 62 46 65 44 45 49 83 71 47 153 186
leaf_count=949 45 40 44 62 46 65 44 45 49 83 71 47 153 186
internal_value=0.000233281 0.00542857 -0.000561798 -0.000285063 0.0116279 5.91017e-05 -0.00021512 -0.000473784 0.000701403 -0.00247863 -0.0012963 -0.00287846 -0.00492228 -0.00309735
internal_weight=1929 175 89 1754 86 1692 1627 1583 998 585 540 469 386 339
internal_count=1929 175 89 1754 86 1692 1627 1583 998 585 540 469 386 339
is_linear=0
shrinkage=0.05


Tree=263
num_leaves=15
num_cat=0
split_feature=6 1 1 1 0 5 5 6 6 1 4 4 3 7
split_gain=2.26356 1.81257 1.68991 1.99111 2.33122 1.37493 3.9363 2.57797 1.78399 1.62409 2.89855 2.46687 2.76104 1.87481
threshold=15.0235 -0.99273952934267318 -0.88606241628642823 -0.92913280730858794 20.539000000000005 28.571500000000004 26.005500000000001 14.762500000000001 14.499000000000001 -0.59402672566899761 8.7960000000000012 20.334000000000003 61.944500000000012 86.915000000000006
decision_type=2 2 2 2 2 2 2 2 2 2 2 2 2 2
left_child=1 -1 3 4 -3 6 7 8 9 10 -4 12 -12 -11
right_child=-2 2 5 -5 -6 -7 -8 -9 -10 13 11 -13 -14 -15
leaf_value=0.000779476317088812 0.00048550187097862185 -0.00087765345823906382 -0.0006931815904061959 -0.00082647048545864588 0.0012837302526959304 0.0014240299054620875 -0.0011616111401789809 -0.00065412460341122145 0.0026787485155393923 0.0006239448001797099 0.00085034441833554692 -0.0029615369992775421 0.030402619112259867 -2.5054563207822791e-05
leaf_weight=67 60 67 40 56 77 44 45 44 79 47 74 48 45 1136
leaf_count=67 60 67 40 56 77 44 45 44 79 47 74 48 45 1136
internal_value=0.000440643 0.000133761 -0.000166482 -0.0045 -0.00138889 0.000374532 0.00012837 0.000561798 0.000918993 0.000503597 0.00458937 0.00748503 0.0113445 -0.000211327
internal_weight=1929 1869 1802 200 144 1602 1558 1513 1469 1390 207 167 119 1183
internal_count=1929 1869 1802 200 144 1602 1558 1513 1469 1390 207 167 119 1183
is_linear=0
shrinkage=0.05


Tree=264
num_leaves=15
num_cat=0
split_feature=6 1 5 8 4 7 8 5 7 0 7 5 7 8
split_gain=1.60447 1.86093 1.86749 4.90123 3.0904 1.8297 3.43214 2.98225 2.40114 2.04167 1.72636 2.39378 3.99755 3.8997
threshold=15.0235 -0.99273952934267318 24.236500000000003 -1.8864999999999996 15.642000000000001 1001.1455000000002 -2.0024999999999995 18.930000000000003 973.0680000000001 29.786500000000004 86.915000000000006 7.5870000000000006 481.30350000000004 -0.89849999999999997
decision_type=2 2 2 2 2 2 2 2 2 2 2 2 2 2
left_child=1 -1 5 4 -4 8 9 -8 10 -7 -3 12 13 -12
right_child=-2 2 3 -5 -6 6 7 -9 -10 -11 11 -13 -14 -15
leaf_value=0.00074050250123437191 0.00046122677742969079 0.00053026996202543424 -0.0057617851746557987 0.0013822333895187112 -5.0768066577502882e-05 0.00051474180087849881 -0.0013699537069016298 0.00097028562763921695 -0.0071624645301458295 0.0038837301714110318 0.00075592923850013047 6.7589091706877531e-05 -0.00098880372264004992 -0.014155613032250236
leaf_weight=67 60 60 68 48 56 48 44 40 49 48 103 1131 47 60
leaf_count=67 60 60 68 48 56 48 44 40 49 48 103 1131 47 60
internal_value=0.000285122 2.67523e-05 -0.000277469 -0.00523256 -0.0104839 0.000245399 0.005 -0.00238095 -0.000344828 0.0114583 3.56888e-05 -0.00033557 -0.0052381 -0.00153374
internal_weight=1929 1869 1802 172 124 1630 180 84 1450 96 1401 1341 210 163
internal_count=1929 1869 1802 172 124 1630 180 84 1450 96 1401 1341 210 163
is_linear=0
shrinkage=0.05


Tree=265
num_leaves=15
num_cat=0
split_feature=5 7 0 7 4 3 7 3 4 5 5 3 4 6
split_gain=1.55061 2.55513 2.20329 3.38193 2.79718 2.62656 2.81492 2.49964 1.30387 5.04265 5.68232 6.33803 3.23533 4.73608
threshold=28.245500000000003 1063.4400000000003 33.255000000000003 1016.9145000000001 27.622500000000006 0.03500000000000001 938.3900000000001 2.6435000000000004 16.620500000000003 18.894500000000004 11.916000000000002 13.570500000000001 19.625000000000004 11.592500000000001
decision_type=2 2 2 2 2 2 2 2 2 2 2 2 2 2
left_child=1 2 3 4 8 -4 -7 -5 -1 10 12 -12 -10 -14
right_child=-2 -3 5 7 -6 6 -8 -9 9 -11 11 -13 13 -15
leaf_value=8.5588367636979529e-05 0.00033137479946300231 -0.00051353155719091603 0.00077761395029416207 3.0375080416900071e-05 0.0014435132067984581 0.00041523960281107599 -0.010671930640662226 0.0018800196844606294 -0.00094814772037673948 0.0012403710447190159 -0.00015197264885483119 -0.012415871336287477 -0.00033828487822777642 0.009529438520396661
leaf_weight=1029 75 40 40 53 61 40 58 64 88 72 71 71 100 67
leaf_count=1029 75 40 40 53 61 40 58 64 88 72 71 71 100 67
internal_value=0.000285122 0 0.000275634 0.000775656 0.000160359 -0.0057971 -0.0102041 0.00897436 -0.000267023 -0.00245203 -0.00465995 -0.0126761 -0.000196078 0.00389222
internal_weight=1929 1854 1814 1676 1559 138 98 117 1498 469 397 142 255 167
internal_count=1929 1854 1814 1676 1559 138 98 117 1498 469 397 142 255 167
is_linear=0
shrinkage=0.05


Tree=266
num_leaves=15
num_cat=0
split_feature=1 0 0 6 7 4 6 7 3 6 4 4 3 4
split_gain=1.3458 1.87732 4.83929 5.28598 4.19777 3.63937 4.27363 11.2212 6.2689 5.11486 4.78755 7.02868 4.71566 3.31357
threshold=-0.99273952934267318 20.383000000000003 19.329000000000004 13.218500000000001 645.10250000000008 23.975500000000004 11.386000000000001 511.24250000000006 5.0010000000000003 11.980000000000002 15.880000000000001 13.306000000000003 99.983500000000006 22.088500000000003
decision_type=2 2 2 2 2 2 2 2 2 2 2 2 2 2
left_child=-1 2 3 4 5 6 8 -8 -2 -9 11 12 -10 -3
right_child=1 13 -4 -5 -6 -7 7 9 10 -11 -12 -13 -14 -15
leaf_value=0.00056619084644942005 0.0015465530333360678 0.00023973808072521587 -0.0044681881926501299 -0.001675210577079761 0.00167430705439785 0.0038152457356739264 0.0043122083045357877 -0.016302558760183123 -0.0020711094340854007 -0.00073254819931440273 -0.0065611988030814753 0.0076108168122794202 0.0015325554334242495 -0.00027112071603404496
leaf_weight=70 103 899 70 55 87 72 41 42 78 76 82 49 61 144
leaf_count=70 103 899 70 55 87 72 41 42 78 76 82 49 61 144
internal_value=0.000336962 8.06885e-05 -0.00171569 -0.000536193 0.00065123 -0.000827815 -0.00225564 -0.0091195 0.000670241 -0.0169492 -0.00333333 0.00106383 -0.00467626 0.0014861
internal_weight=1929 1859 816 746 691 604 532 159 373 118 270 188 139 1043
internal_count=1929 1859 816 746 691 604 532 159 373 118 270 188 139 1043
is_linear=0
shrinkage=0.05


Tree=267
num_leaves=15
num_cat=0
split_feature=1 7 1 5 6 8 7 1 7 3 2 7 0 0
split_gain=1.2256 1.73387 6.47109 5.56748 5.46856 4.49376 4.0049 3.34955 3.43554 2.85618 8.35714 7.20824 2.65273 3.70492
threshold=-0.99273952934267318 522.3805000000001 -0.78297285307474485 8.7505000000000006 9.5710000000000033 -1.6424999999999998 178.33100000000002 0.30041382580050413 440.47150000000005 92.931500000000014 0.15855938510313469 858.14150000000006 13.836500000000003 20.383000000000003
decision_type=2 2 2 2 2 2 2 2 2 2 2 2 2 2
left_child=-1 2 -2 4 6 -6 -4 -5 -9 12 -11 -12 -3 -14
right_child=1 9 3 7 5 -7 -8 8 -10 10 11 -13 13 -15
leaf_value=0.00053788130412694838 -0.011434020476736809 0.0019594116303977729 0.0016548722897392787 -1.776709431571197e-05 3.3206194885250509e-05 0.0069739510793388696 -0.0052190345991608217 -0.00082742913732642147 -0.0071763123703241297 0.0097361950480520463 -0.00795040341672772 0.0012161152875279858 -0.0005262676378114062 0.00016145805565621343
leaf_weight=70 44 72 102 76 40 63 71 44 43 56 69 57 312 810
leaf_count=70 44 72 102 76 40 63 71 44 43 56 69 57 312 810
internal_value=0.000648004 0.000403443 -0.00217391 -0.000341686 0.00398551 0.0131068 -0.00144509 -0.00766871 -0.0143678 0.00130814 0.00714286 0 0.00041876 -0.000178253
internal_weight=1929 1859 483 439 276 103 173 163 87 1376 182 126 1194 1122
internal_count=1929 1859 483 439 276 103 173 163 87 1376 182 126 1194 1122
is_linear=0
shrinkage=0.05


Tree=268
num_leaves=15
num_cat=0
split_feature=3 3 7 7 4 0 0 2 0 7 5 4 2 4
split_gain=1.65357 3.59662 2.71363 4.45985 3.80379 2.52629 3.50117 3.33199 2.41917 2.609 4.08768 6.42182 2.73213 2.23075
threshold=99.83550000000001 99.243000000000009 351.27200000000011 463.04900000000004 13.306000000000003 14.078500000000002 14.772 -0.95380106782931873 12.599500000000001 624.58000000000004 11.373500000000002 18.221000000000004 -0.42889193791248376 22.088500000000003
decision_type=2 2 2 2 2 2 2 2 2 2 2 2 2 2
left_child=1 2 4 -4 -1 7 -7 -5 -2 10 11 12 -10 -8
right_child=8 -3 3 5 -6 6 13 -9 9 -11 -12 -13 -14 -15
leaf_value=-0.0014392096665028081 0.0041878339906582301 0.011718295171249039 -0.00061795516079353745 -0.00013748284567223213 0.007147532357178488 -0.017023217088058193 0.00013542192778045469 0.0025631474796787134 -0.00055249280876901348 0.00076969292953623649 -0.032571490701962844 -0.010791939672124605 0.014349070174737794 -0.00020369065453098735
leaf_weight=40 41 41 55 59 53 44 1086 64 58 77 42 48 41 180
leaf_count=40 41 41 55 59 53 44 1086 64 58 77 42 48 41 180
internal_value=0.000596164 0.00123305 0.00085389 0.000336022 0.00913978 0.000872296 0.000229008 0.00772358 -0.00276873 -0.00451128 -0.00767196 -0.0037415 0.00353535 0.0007109
internal_weight=1929 1622 1581 1488 93 1433 1310 123 307 266 189 147 99 1266
internal_count=1929 1622 1581 1488 93 1433 1310 123 307 266 189 147 99 1266
is_linear=0
shrinkage=0.05


Tree=269
num_leaves=15
num_cat=0
split_feature=8 4 4 8 1 5 4 4 6 7 4 4 5 3
split_gain=1.51085 4.18832 5.3644 4.94662 4.55814 4.13642 4.00819 3.63826 3.50246 3.29266 3.01183 5.62944 5.16261 7.11249
threshold=-1.9694999999999998 15.642000000000001 13.227000000000002 -2.0919999999999996 0.77682398610090087 22.971500000000002 24.934500000000003 10.787000000000001 14.307500000000003 1001.1455000000002 16.447500000000002 12.454000000000002 9.6125000000000025 84.060500000000005
decision_type=2 2 2 2 2 2 2 2 2 2 2 2 2 2
left_child=1 2 3 7 5 6 -3 9 -4 -1 11 -2 13 -13
right_child=10 4 8 -5 -6 -7 -8 -9 -10 -11 -12 12 -14 -15
leaf_value=-0.00052669256232878439 -0.00026898416567214814 0.0025237837894143134 -0.0080606299695959067 0.0039613968869713235 -0.00037936091007997191 -3.9821837151715615e-05 -4.8700838843898644e-05 0.0013869423408461564 0.00018461030094467368 0.00029696608724731345 -0.00036810406160815159 -0.0094954045523717064 0.0052388013952394119 0.02875591090181645
leaf_weight=177 390 139 84 63 49 71 42 104 40 68 418 58 185 41
leaf_count=177 390 139 84 63 49 71 42 104 40 68 418 58 185 41
internal_value=0.000492483 0.0020908 -0.000559701 0.00218447 0.00681063 0.00952381 0.0135359 -0.000143266 -0.00967742 -0.00346939 -0.000732601 0.00133531 0.00669014 -0.00252525
internal_weight=1929 837 536 412 301 252 181 349 124 245 1092 674 284 99
internal_count=1929 837 536 412 301 252 181 349 124 245 1092 674 284 99
is_linear=0
shrinkage=0.05


Tree=270
num_leaves=15
num_cat=0
split_feature=4 4 4 5 4 7 1 4 1 5 5 8 3 2
split_gain=1.46892 1.17853 2.03075 2.84643 2.69645 2.80618 2.74343 3.94333 4.25519 4.34809 3.46994 2.93617 6.23147 7.38597
threshold=27.622500000000006 25.755000000000006 23.975500000000004 4.855500000000001 22.088500000000003 285.41700000000009 -0.91585580712236359 20.082500000000003 -0.81403855522663837 17.374000000000006 28.245500000000003 -1.599 5.0010000000000003 0.22790171382004171
decision_type=2 2 2 2 2 2 2 2 2 2 2 2 2 2
left_child=1 2 3 -1 5 -5 -7 8 9 -8 11 -10 -13 -14
right_child=-2 -3 -4 4 -6 6 7 -9 10 -11 -12 12 13 -15
leaf_value=-0.0028204883193575282 0.00044759179877558735 -0.00036408185476536351 0.00049816227393934063 0.013310401050468879 -0.001039610400286431 -0.00031813202485348748 0.017282582312315675 0.0049599903823147398 0.0001427861133231012 -1.629436778363136e-05 0.0025653537770639447 0.00039423809770405691 -0.006412010579395189 0.0012338251543653755
leaf_weight=133 79 56 70 53 86 160 41 70 754 40 44 155 131 57
leaf_count=133 79 56 70 53 86 160 41 70 754 40 44 155 131 57
internal_value=0.000285122 0 0.000222965 -0.000116009 0.000471402 0.000963455 0.000550964 0.00131579 0.000654664 0.0117284 -0.000131464 -0.000683683 -0.00451895 -0.0106383
internal_weight=1929 1850 1794 1724 1591 1505 1452 1292 1222 81 1141 1097 343 188
internal_count=1929 1850 1794 1724 1591 1505 1452 1292 1222 81 1141 1097 343 188
is_linear=0
shrinkage=0.05


Tree=271
num_leaves=15
num_cat=0
split_feature=4 6 6 6 8 8 6 6 5 7 8 5 3 0
split_gain=1.60292 3.52968 3.6878 3.34362 7.8354 3.47517 3.20006 4.0701 3.65746 3.04726 5.31173 3.86961 3.49856 2.9498
threshold=10.572500000000002 11.162000000000001 11.592500000000001 9.5710000000000033 -1.2969999999999999 -1.9694999999999998 11.865 12.233000000000002 10.262000000000002 520.81900000000007 -1.4664999999999997 8.5645000000000007 2.2175000000000007 18.125500000000006
decision_type=2 2 2 2 2 2 2 2 2 2 2 2 2 2
left_child=9 3 -3 5 -5 -2 -4 -8 -9 11 12 -1 13 -11
right_child=1 2 6 4 -6 -7 7 8 -10 10 -12 -13 -14 -15
leaf_value=-0.00011803753512870386 0.001253339659492743 -0.012735163941054589 0.0060603620429506211 0.00020344103386474855 0.014160440622038568 -0.0010460112144745736 -0.0038928726005149788 0.0057657561898304165 -2.4666676205825635e-05 0.0016353888245085519 0.0077564353906164618 -0.013179555823201516 0.00033939646937483636 -0.0011376020880577264
leaf_weight=78 44 54 44 93 52 147 75 66 800 44 47 57 187 141
leaf_count=78 44 54 44 93 52 147 75 66 800 44 47 57 187 141
internal_value=0.000285122 0.0012 -0.000240616 0.00565476 0.0113793 0.0013089 0.000456853 -0.000159405 0.000808314 -0.00198556 0.000119332 -0.00851852 -0.00188172 -0.00675676
internal_weight=1929 1375 1039 336 145 191 985 941 866 554 419 135 372 185
internal_count=1929 1375 1039 336 145 191 985 941 866 554 419 135 372 185
is_linear=0
shrinkage=0.05


Tree=272
num_leaves=15
num_cat=0
split_feature=8 8 0 1 8 4 4 4 4 5 1 1 6 0
split_gain=1.86163 3.31761 3.27604 2.96468 5.53128 8.35115 8.26777 3.43744 3.59734 2.89542 2.72655 3.11266 2.32271 2.19404
threshold=-1.3794999999999997 -1.4664999999999997 21.179500000000004 -0.63137065367936041 -1.9694999999999998 18.364000000000004 15.496500000000003 13.227000000000002 9.698500000000001 28.245500000000003 -0.49750868180287644 -0.37371625404731884 13.801500000000003 25.782500000000002
decision_type=2 2 2 2 2 2 2 2 2 2 2 2 2 2
left_child=1 3 -3 4 5 7 -6 8 -1 10 -5 -12 -7 -2
right_child=13 2 -4 9 6 12 -8 -9 -10 -11 11 -13 -14 -15
leaf_value=-0.0010715706692254136 -0.00044460611052576926 0.0097238620084539873 3.0143796115607997e-05 0.0011884439335797859 -5.5675987780778875e-06 0.0076837774528535248 -0.016170155603887699 -0.0006667687732596914 0.0055730225172408616 0.0032736744804089755 -0.0028801729528924558 0.00015043592895013226 0.00029689038944109294 0.001119423030909672
leaf_weight=69 418 46 40 53 61 45 47 70 54 40 45 817 42 82
leaf_count=69 418 46 40 53 61 45 47 70 54 40 45 817 42 82
internal_value=2.59202e-05 0.000944717 0.0104651 0.000335071 -0.00335052 0.000357143 -0.012963 -0.00544041 -0.000406504 0.00183246 0.00125683 0.000580046 0.0132184 -0.0026
internal_weight=1929 1429 86 1343 388 280 108 193 123 955 915 862 87 500
internal_count=1929 1429 86 1343 388 280 108 193 123 955 915 862 87 500
is_linear=0
shrinkage=0.05


Tree=273
num_leaves=15
num_cat=0
split_feature=4 8 1 3 2 0 0 1 7 5 3 7 3 7
split_gain=1.68138 2.15033 2.59029 3.98124 2.93989 3.92524 6.62727 2.77719 2.35562 5.35704 2.30682 4.46471 3.98231 6.46
threshold=27.622500000000006 -0.97049999999999981 -0.63874350706337046 0.045000000000000005 -0.62971025403082126 19.329000000000004 17.492500000000003 -0.55176847662110995 584.90650000000016 6.299500000000001 57.029500000000006 508.38200000000006 94.262500000000017 530.49350000000015
decision_type=2 2 2 2 2 2 2 2 2 2 2 2 2 2
left_child=1 2 3 -1 -5 6 -6 -4 9 -3 11 -9 -12 -14
right_child=-2 8 7 4 5 -7 -8 10 -10 -11 12 -13 13 -15
leaf_value=-0.0012469014814701308 0.00038317138993433593 -0.0046131700399322994 0.0011290217369007928 -0.0030538161985983665 -3.6956762634065419e-05 -0.00025917033996793182 0.0098211686295916929 0.0062447100467596609 -0.0015684383701012772 0.0041675583445485139 -0.0029781330076868572 9.9588789304295991e-05 -0.0013992731945165016 0.0037183836091743785
leaf_weight=93 79 88 51 43 54 185 40 51 65 76 148 732 132 92
leaf_count=93 79 88 51 43 54 185 40 51 65 76 148 732 132 92
internal_value=-0.000181441 -0.000486486 0.000154226 -0.00325301 -0.000621118 0.00125448 0.00957447 0.0013267 -0.00502183 -0.00182927 0.000822511 0.00236271 -0.00241935 0.00178571
internal_weight=1929 1850 1621 415 322 279 94 1206 229 164 1155 783 372 224
internal_count=1929 1850 1621 415 322 279 94 1206 229 164 1155 783 372 224
is_linear=0
shrinkage=0.05


Tree=274
num_leaves=15
num_cat=0
split_feature=8 8 1 4 7 8 1 4 4 0 0 7 8 4
split_gain=2.08867 2.88271 3.23022 3.93048 3.88974 4.39415 3.18443 2.76144 2.7107 2.70447 1.84471 2.04354 4.44579 8.57215
threshold=-1.3794999999999997 -0.60849999999999993 0.33302288323572038 14.138000000000002 733.52050000000008 -1.0614999999999999 0.14984488681196825 10.412500000000003 18.272000000000002 16.570000000000004 36.228000000000009 944.70000000000016 -2.0624999999999996 16.447500000000002
decision_type=2 2 2 2 2 2 2 2 2 2 2 2 2 2
left_child=10 2 3 7 5 -4 -3 -2 -5 -10 11 -1 13 -13
right_child=1 6 4 8 -6 -7 -8 -9 9 -11 -12 12 -14 -15
leaf_value=8.0960923283301959e-06 -0.0017613576855100817 0.0043806164711350888 0.014978545004956502 0.0012179894669136231 -0.00073434344903676734 -0.00086434982684701624 -0.0018805314941059638 -0.01532661919582628 -0.015136695305362791 0.0010237592298094455 -0.00094725461066950685 0.00010795678595041936 -0.00024468884212622277 0.0063176007525796779
leaf_weight=1023 40 63 60 46 49 57 51 45 43 46 46 168 129 63
leaf_count=1023 40 63 60 46 49 57 51 45 43 46 46 168 129 63
internal_value=0.000181441 -0.0026 -0.00466321 -0.00863636 0.00060241 0.00555556 0.00438596 -0.0170588 -0.00333333 -0.00842697 0.00115465 0.00148228 0.00472222 0.00887446
internal_weight=1929 500 386 220 166 117 114 85 135 89 1429 1383 360 231
internal_count=1929 500 386 220 166 117 114 85 135 89 1429 1383 360 231
is_linear=0
shrinkage=0.05


Tree=275
num_leaves=15
num_cat=0
split_feature=7 5 3 6 1 5 2 2 4 4 7 0 5 0
split_gain=2.11955 4.40081 2.59954 3.24331 2.40079 1.89473 3.04799 4.61825 3.12005 4.99287 2.76003 3.68513 8.27556 3.46391
threshold=1032.6470000000002 25.581000000000003 0.56900000000000006 14.417000000000002 -0.7266007961912001 19.461500000000004 0.83399694777620859 0.52707770864237202 11.400500000000003 18.123500000000003 821.98550000000012 25.603000000000005 14.206500000000002 24.327000000000002
decision_type=2 2 2 2 2 2 2 2 2 2 2 2 2 2
left_child=1 5 3 -2 -3 10 7 8 -7 -10 11 13 -13 -1
right_child=2 4 -4 -5 -6 6 -8 -9 9 -11 -12 12 -14 -15
leaf_value=6.5914021702709324e-05 -0.0008279209601255368 -0.00013585146082423783 0.00087822362699316043 0.002488141481472628 -0.00076134828665438416 0.0030246623293748612 -0.0010602570527012635 0.0020498448787188497 -0.0026852810717390794 0.0010653613255990292 -0.00049079862261671857 0.019621245440711151 -0.0016271040852322588 -0.0064703860793557085
leaf_weight=985 45 42 86 44 48 45 63 73 44 45 265 45 50 49
leaf_count=985 45 42 86 44 48 45 63 73 44 45 265 45 50 49
internal_value=0.000181441 -0.000342075 0.00542857 -0.000561798 -0.0111111 0.000240385 0.00407407 0.00700483 0.00149254 -0.00393258 -0.000502152 0.000575731 0.01 -0.000290135
internal_weight=1929 1754 175 89 90 1664 270 207 134 89 1394 1129 95 1034
internal_count=1929 1754 175 89 90 1664 270 207 134 89 1394 1129 95 1034
is_linear=0
shrinkage=0.05


Tree=276
num_leaves=15
num_cat=0
split_feature=7 5 1 3 0 8 8 2 8 6 3 3 0 2
split_gain=1.83563 4.26213 2.40079 2.13376 4.24607 1.64301 4.93074 8.18606 5.3142 6.42645 5.87557 2.95499 5.99397 4.71742
threshold=1032.6470000000002 25.581000000000003 -0.7266007961912001 8.7770000000000028 31.266000000000002 -1.8644999999999998 -1.748 -0.60505606964884906 -1.6059999999999997 11.838000000000003 5.6020000000000012 5.0010000000000003 21.720000000000002 0.26123699986315735
decision_type=2 2 2 2 2 2 2 2 2 2 2 2 2 2
left_child=1 5 -3 4 -2 -1 7 -7 9 -8 -11 12 -10 -13
right_child=3 2 -4 -5 -6 6 8 -9 11 10 -12 13 -14 -15
leaf_value=0.00012238405170414968 -0.00049800223597282753 -0.00012905888778302343 -0.00072328087232166475 0.00026146650585108234 0.0040467687069196956 0.00067229258425664795 0.01871012167240383 -0.014350308309793511 0.00088748983449366133 -0.0017681369556861476 0.0021298992445156983 -0.0010573454249156067 -0.001878428912183805 0.0013257729451804591
leaf_weight=771 77 42 48 40 58 43 41 68 132 42 47 346 47 127
leaf_count=771 77 42 48 40 58 43 41 68 132 42 47 346 47 127
internal_value=-2.59202e-05 -0.000513113 -0.0111111 0.00485714 0.00185185 6.00962e-05 -0.00139978 -0.0112613 0 0.00923077 0.00168539 -0.00184049 0.00363128 -0.00391121
internal_weight=1929 1754 90 175 135 1664 893 111 782 130 89 652 179 473
internal_count=1929 1754 90 175 135 1664 893 111 782 130 89 652 179 473
is_linear=0
shrinkage=0.05


Tree=277
num_leaves=15
num_cat=0
split_feature=4 4 2 4 0 5 5 4 4 8 4 6 8 3
split_gain=1.63293 1.83341 2.45725 2.81476 2.69754 2.63046 1.89726 2.07061 4.02805 4.9642 3.51092 3.5178 6.04876 4.1753
threshold=27.622500000000006 21.886000000000006 0.023632005545605003 23.567500000000006 15.591000000000003 17.063000000000006 4.855500000000001 15.577000000000004 16.620500000000003 -2.3844999999999996 15.237500000000002 14.605500000000001 -2.2539999999999996 1.7030000000000001
decision_type=2 2 2 2 2 2 2 2 2 2 2 2 2 2
left_child=1 6 3 -3 -5 -4 -1 10 -9 -10 11 -8 13 -13
right_child=-2 2 5 4 -6 -7 7 8 9 -11 -12 12 -14 -15
leaf_value=-0.0023290660308787708 0.00028342620254075411 -0.0087184004483621038 -0.010067969803874456 0.0060473742400639352 -0.00026206523812680741 -0.00023385691099117451 0.00014677942799506128 0.0019412334321977005 0.0022616546821068624 -0.00029834674247645744 -0.0050657041810307302 -0.00019055897879419748 0.0045809997082176257 -0.007725177283713503
leaf_weight=120 79 43 43 42 45 58 902 101 72 250 40 51 41 42
leaf_count=120 79 43 43 42 45 58 902 101 72 250 40 51 41 42
internal_value=-7.77605e-05 -0.000378378 -0.00454545 0 0.00517241 -0.010396 0.000216183 0.000700467 0.0036643 0.000931677 -0.000464684 9.65251e-05 -0.00746269 -0.0145161
internal_weight=1929 1850 231 130 87 101 1619 1499 423 322 1076 1036 134 93
internal_count=1929 1850 231 130 87 101 1619 1499 423 322 1076 1036 134 93
is_linear=0
shrinkage=0.05


Tree=278
num_leaves=15
num_cat=0
split_feature=4 7 3 7 7 6 2 7 8 6 1 8 7 7
split_gain=1.51489 1.13846 1.36445 5.36535 4.04945 8.18847 6.61211 5.19861 7.20256 5.88856 3.76723 4.7902 4.47014 3.67188
threshold=27.622500000000006 86.915000000000006 74.569000000000017 511.24250000000006 544.66250000000002 11.923000000000002 -0.064508449449316677 855.93250000000012 -1.748 14.217500000000003 -0.45914483320598648 -2.7069999999999994 668.83550000000002 745.8805000000001
decision_type=2 2 2 2 2 2 2 2 2 2 2 2 2 2
left_child=1 -1 3 -3 5 -4 -6 8 -8 -9 12 -12 -5 -14
right_child=-2 2 4 10 6 -7 7 9 -10 -11 11 -13 13 -15
leaf_value=0.00081370405943382998 0.00026925489241371727 0.0012159038015250923 -0.001100557058992202 -0.0032977916471541371 0.0097001841885793454 -0.029750963558699651 -0.010265256574982857 0.0048617483743455094 0.0077988524294554194 -0.00046548094856324607 0.0028704535640682151 2.0920625225023805e-05 0.0046514493900486646 -0.0002898134849532833
leaf_weight=60 79 106 243 68 60 40 52 45 42 42 53 737 44 258
leaf_count=60 79 106 243 68 60 40 52 45 42 42 53 737 44 258
internal_value=0.000181441 -0.000108108 -0.000335196 0.000552923 -0.00248092 -0.0065371 0.00228216 -0.00248619 -0.0106383 0.00632184 -0.000431034 0.00151899 -0.00459459 -0.00198675
internal_weight=1929 1850 1790 1266 524 283 241 181 94 87 1160 790 370 302
internal_count=1929 1850 1790 1266 524 283 241 181 94 87 1160 790 370 302
is_linear=0
shrinkage=0.05


Tree=279
num_leaves=15
num_cat=0
split_feature=4 3 8 3 4 0 1 4 7 3 0 5 2 7
split_gain=1.42365 1.28047 4.99732 3.12972 2.77753 4.41059 2.70173 2.43798 2.25115 6.76436 5.29304 2.04788 2.99967 2.78814
threshold=27.622500000000006 99.83550000000001 -2.2029999999999998 98.645500000000013 16.361000000000004 19.329000000000004 0.030073020370188292 25.755000000000006 509.88000000000005 55.265000000000008 15.7995 9.1625000000000032 -0.90361171343873392 524.99750000000006
decision_type=2 2 2 2 2 2 2 2 2 2 2 2 2 2
left_child=1 3 -3 7 5 6 -4 8 9 -1 -11 12 -10 -13
right_child=-2 2 4 -5 -6 -7 -8 -9 11 10 -12 13 -14 -15
leaf_value=0.0025289422772304428 0.0002557921477930325 -0.0036743857121570413 0.00061660844827594917 0.0074543749913539795 -0.00091495728240650279 -0.0046945307723709863 0.016368579809770734 -0.00079636141245864047 0.00051225071571831535 -0.0077358558419617536 0.002335645182548265 -0.0032271784876033134 -0.0022998281832746085 7.1246070816100016e-05
leaf_weight=69 79 54 40 58 90 59 44 44 47 52 60 40 68 1125
leaf_count=69 79 54 40 58 90 59 44 44 47 52 60 40 68 1125
internal_value=0.000388802 0.000108108 -0.00296167 0.000671785 0.000214592 0.00454545 0.0119048 0.000232558 0.000581793 0.0058011 -0.00178571 -0.00015625 -0.00652174 0.000472103
internal_weight=1929 1850 287 1563 233 143 84 1505 1461 181 112 1280 115 1165
internal_count=1929 1850 287 1563 233 143 84 1505 1461 181 112 1280 115 1165
is_linear=0
shrinkage=0.05


Tree=280
num_leaves=15
num_cat=0
split_feature=4 2 2 1 8 2 7 3 4 7 8 4 6 6
split_gain=1.49182 1.35314 6.16161 3.02718 2.43444 4.725 4.03846 3.96771 4.07407 3.65465 5.34105 8.09009 6.15507 4.17021
threshold=27.622500000000006 -0.13070653084037345 -0.062278703982132359 -0.97873101657557338 -1.7059999999999997 0.66485539796428639 621.03100000000006 5.6020000000000012 15.461000000000002 912.55100000000016 -2.0624999999999996 13.801500000000003 14.598000000000001 13.886500000000002
decision_type=2 2 2 2 2 2 2 2 2 2 2 2 2 2
left_child=1 -1 -3 -4 9 6 -6 -7 -9 13 12 -12 -11 -5
right_child=-2 2 3 4 5 7 -8 8 -10 10 11 -13 -14 -15
leaf_value=-9.5179255746559107e-05 0.00024300254040338087 0.012266884640038689 -0.0062235480232019696 0.00017758148839997352 8.4325815768246387e-05 -0.0011119471532140769 0.0094294425950231034 -0.0023046035974141079 0.0046644088197485556 0.0029887579968368052 0.0010297629737857862 -0.011936114309731615 -0.00018071199208278266 -0.0042970683156834692
leaf_weight=912 79 43 65 94 42 61 78 54 45 156 44 45 117 94
leaf_count=912 79 43 65 94 42 61 78 54 45 156 44 45 117 94
internal_value=0.000233281 -5.40541e-05 0.00127932 0.000391061 0.00120482 0.005 0.0125 -0.000625 0.00555556 -0.000727273 0.00220994 -0.00842697 0.00567766 -0.00638298
internal_weight=1929 1850 938 895 830 280 120 160 99 550 362 89 273 188
internal_count=1929 1850 938 895 830 280 120 160 99 550 362 89 273 188
is_linear=0
shrinkage=0.05


Tree=281
num_leaves=15
num_cat=0
split_feature=1 4 7 1 8 8 2 5 5 0 5 3 8 6
split_gain=2.84287 2.07589 2.16757 2.20357 4.94585 6.91224 5.37168 2.93697 3.49466 3.24599 3.20313 4.7619 2.63451 2.12753
threshold=0.99466160899732492 27.622500000000006 86.915000000000006 0.823915376013162 -2.4064999999999999 -2.0814999999999997 -0.11364489825015461 7.5870000000000006 8.3350000000000026 12.599500000000001 6.206500000000001 98.529000000000011 -1.3964999999999999 14.555000000000001
decision_type=2 2 2 2 2 2 2 2 2 2 2 2 2 2
left_child=1 2 -1 7 -5 -6 12 9 -9 -4 11 -11 -7 -10
right_child=-2 -3 3 4 5 6 -8 8 13 10 -12 -13 -14 -15
leaf_value=0.0024900824888326014 -0.0017116067378115003 0.0002640851112053616 0.0001653137577321967 0.0060778117377886859 -0.005154917771021103 0.00089500577254723608 0.0078869879664756285 0.003788631661885972 1.9158692704648871e-06 0.0031917264721148214 -0.0026691585537964887 -0.017394847941817986 -0.0022844991139735469 -0.00035478034036351414
leaf_weight=57 72 77 50 45 63 69 81 71 960 42 54 42 50 196
leaf_count=57 72 77 50 45 63 69 81 71 960 42 54 42 50 196
internal_value=2.59202e-05 0.000403877 5.61798e-05 -0.000261172 0.00357143 0.00095057 0.0055 -0.00109541 -0.000203749 -0.00691489 -0.0108696 -0.0047619 -0.0012605 -0.000865052
internal_weight=1929 1857 1780 1723 308 263 200 1415 1227 188 138 84 119 1156
internal_count=1929 1857 1780 1723 308 263 200 1415 1227 188 138 84 119 1156
is_linear=0
shrinkage=0.05


Tree=282
num_leaves=15
num_cat=0
split_feature=1 4 1 6 5 5 8 0 0 7 7 7 8 0
split_gain=2.87318 2.04817 1.87477 1.55913 1.97765 7.78455 5.66423 5.09631 3.08896 1.8414 2.80907 4.72321 4.87218 4.57537
threshold=0.99466160899732492 27.622500000000006 0.97505550290239451 15.0235 21.400000000000002 20.563000000000006 -1.7914999999999999 29.401500000000002 33.405500000000011 1032.6470000000002 821.98550000000012 867.73750000000007 -1.7914999999999999 25.603000000000005
decision_type=2 2 2 2 2 2 2 2 2 2 2 2 2 2
left_child=1 2 3 4 5 9 7 -6 -9 10 13 -12 -13 -1
right_child=-2 -3 -4 -5 6 -7 -8 8 -10 -11 11 12 -14 -15
leaf_value=-5.822885346967455e-05 -0.0016260264009209267 0.0002508808556450942 0.0011530760141798988 0.00046967098054307989 -0.0047285524958452403 0.0058057529226255029 0.0040257067342058476 3.8717724720216397e-05 -0.00033704132334533288 0.0013920918485630486 -0.0081707325761869246 0.00025905927100212391 -0.0021384604401621212 0.020853213350316993
leaf_weight=926 72 77 78 57 74 52 63 61 74 51 64 152 72 56
leaf_count=926 72 77 78 57 74 52 63 61 74 51 64 152 72 56
internal_value=7.77605e-05 0.000457728 0.00011236 -0.000235018 -0.000516717 0.000254916 -0.00441176 -0.00837321 -0.00259259 -0.000492051 -0.000866142 -0.00520833 -0.00178571 0.000407332
internal_weight=1929 1857 1780 1702 1645 1373 272 209 135 1321 1270 288 224 982
internal_count=1929 1857 1780 1702 1645 1373 272 209 135 1321 1270 288 224 982
is_linear=0
shrinkage=0.05


Tree=283
num_leaves=15
num_cat=0
split_feature=1 1 1 7 1 8 7 5 4 8 7 7 6 8
split_gain=3.02718 2.13264 2.01636 1.655 2.73897 3.64446 4.45227 4.07291 3.88321 3.54572 2.85726 2.72866 2.93197 4.80351
threshold=0.99466160899732492 -0.9946616089973247 0.97505550290239451 912.55100000000016 0.71089581899715537 -2.0624999999999996 980.84100000000001 18.543500000000005 16.447500000000002 -1.8644999999999998 1014.2325000000002 821.98550000000012 14.307500000000003 -2.0814999999999997
decision_type=2 2 2 2 2 2 2 2 2 2 2 2 2 2
left_child=1 -1 3 11 5 7 -7 -5 10 -8 -9 -3 13 -13
right_child=-2 2 -4 4 -6 6 9 8 -10 -11 -12 12 -14 -15
leaf_value=0.00068120533892605806 -0.0015447250808748808 -7.7818633052020861e-06 0.0010801300636850753 0.0086577064847498976 0.0015130215726553223 -0.016987421540400751 -0.0036372324339421281 5.2724928962394339e-05 0.0015350892830719776 0.00024725750482470501 -0.001061954015819666 -0.0093884197448278629 0.00063603002700961535 -2.61358406504722e-05
leaf_weight=60 72 1038 79 45 40 46 40 64 69 115 94 54 53 60
leaf_count=60 72 1038 79 45 40 46 40 64 69 115 94 54 53 60
internal_value=0.000336962 0.000726979 0.000417362 5.82072e-05 0.00243665 0.00137421 -0.00373134 0.00514706 0.00242291 0.000322581 -0.00189873 -0.000954357 -0.00688623 -0.0114035
internal_weight=1929 1857 1797 1718 513 473 201 272 227 155 158 1205 167 114
internal_count=1929 1857 1797 1718 513 473 201 272 227 155 158 1205 167 114
is_linear=0
shrinkage=0.05


Tree=284
num_leaves=15
num_cat=0
split_feature=1 3 2 1 5 6 4 4 3 3 3 4 4 2
split_gain=2.55822 2.96263 2.48914 2.1549 2.17104 2.03831 3.35161 1.98351 3.10792 2.48368 3.1175 2.3545 4.10634 4.29896
threshold=-0.95747632178960107 0.40000000000000008 0.0064435096891653281 -0.91585580712236359 6.299500000000001 9.009500000000001 13.306000000000003 22.088500000000003 89.040000000000006 20.808500000000006 4.9515000000000002 15.642000000000001 16.620500000000003 -0.81202266594587924
decision_type=2 2 2 2 2 2 2 2 2 2 2 2 2 2
left_child=1 -1 -3 -2 5 6 -5 11 9 10 -9 -6 -13 -14
right_child=3 2 -4 4 7 -7 -8 8 -10 -11 -12 12 13 -15
leaf_value=-0.0013134786515304198 -0.0013489095838167932 0.0083147099874591509 0.00014224407080635771 -0.0082298968775636871 3.8154277686441862e-06 -0.0029297786828799939 0.0031098257283045218 -0.0006150259155198013 0.00022220360856435307 -0.0098906789287507742 0.0011489534049788975 0.005281745120181325 -0.0016127325139240764 0.00061249185298439259
leaf_weight=50 66 59 60 58 951 52 64 54 65 51 44 87 62 206
leaf_count=50 66 59 60 58 951 52 64 54 65 51 44 87 62 206
internal_value=0.000336962 0.00621302 0.0105042 -0.000227273 0.000118064 -0.00517241 -0.00163934 0.000723684 -0.00373832 -0.00771812 -0.00306122 0.00145482 0.00492958 0.00186567
internal_weight=1929 169 119 1760 1694 174 122 1520 214 149 98 1306 355 268
internal_count=1929 169 119 1760 1694 174 122 1520 214 149 98 1306 355 268
is_linear=0
shrinkage=0.05


Tree=285
num_leaves=15
num_cat=0
split_feature=1 4 6 0 6 8 6 0 2 7 2 2 2 2
split_gain=3.08991 2.5484 1.60122 1.60164 2.50132 4.36765 3.20099 3.76711 4.9333 5.83346 4.23588 3.96339 3.84923 2.45695
threshold=0.99466160899732492 27.622500000000006 15.0235 34.995000000000012 14.555000000000001 -2.1924999999999994 14.3375 30.461500000000004 0.93554238417682101 882.37700000000007 0.95250647826689006 0.87796008470088804 0.6263638349297701 0.78298010367706283
decision_type=2 2 2 2 2 2 2 2 2 2 2 2 2 2
left_child=1 2 3 4 6 -6 7 10 9 -9 11 12 -1 -14
right_child=-2 -3 -4 -5 5 -7 -8 8 -10 -11 -12 -13 13 -15
leaf_value=-1.5075392706026537e-05 -0.001467679598219568 0.00050184053869204435 0.00072479720901547648 0.0011407127138623658 2.6421257240161203e-05 -0.009066903849048397 0.00070393200976385248 -0.0076644609000129761 -0.0082103625254217102 0.0027685687167113061 0.0020397414602009614 -0.0031021500040387729 0.0052134240174205211 0.00020536246727817856
leaf_weight=1101 72 77 58 62 88 48 109 43 43 50 44 45 45 44
leaf_count=1101 72 77 58 62 88 48 109 43 43 50 44 45 45 44
internal_value=0.000440643 0.00083468 0.000449438 0.000174216 -0.000120482 -0.00661765 0.000459318 -0.000176678 -0.00808824 -0.0016129 0.000664582 0.000121457 0.000672269 0.0106742
internal_weight=1929 1857 1780 1722 1660 136 1524 1415 136 93 1279 1235 1190 89
internal_count=1929 1857 1780 1722 1660 136 1524 1415 136 93 1279 1235 1190 89
is_linear=0
shrinkage=0.05


Tree=286
num_leaves=15
num_cat=0
split_feature=2 0 0 3 0 2 2 1 4 0 2 2 6 6
split_gain=2.22432 3.76696 2.13583 3.1366 2.70664 2.34687 9.89227 2.74142 2.98032 3.30579 2.38191 1.90796 2.33395 3.74005
threshold=0.9804906454816793 33.255000000000003 12.599500000000001 90.490500000000011 13.407000000000002 -0.84565824135800816 -0.79877937288636469 -0.18771856543719898 12.262000000000002 14.996500000000001 -0.74189640036816351 0.95760036582190977 12.668500000000002 10.690500000000002
decision_type=2 2 2 2 2 2 2 2 2 2 2 2 2 2
left_child=2 -2 3 -1 -4 7 -7 -6 -9 -10 -8 12 13 -12
right_child=1 -3 4 -5 5 6 10 8 9 -11 11 -13 -14 -15
leaf_value=-0.00038086075319411218 0.0017988170278790073 -0.0013543843814405377 -0.0017605126027850082 0.0039413416257359944 -8.7940779753887573e-05 -0.013610803531098441 0.0008728829737028543 -2.8955932055527156e-05 0.0023982110421685524 0.00050532630544710137 0.00046309355292601111 -0.0055973364567773916 0.00011160482524954497 -0.0010074444292396735
leaf_weight=65 75 40 72 55 73 48 51 68 51 53 150 52 877 199
leaf_count=65 75 40 72 55 73 48 51 68 51 53 150 52 877 199
internal_value=0.000648004 0.0073913 0.000220507 0.00666667 -0.000236128 0.000184957 -0.000617284 0.00469388 0.00813953 0.0134615 0.000188111 -0.000234742 0.000163132 -0.00329513
internal_weight=1929 115 1814 120 1694 1622 1377 245 172 104 1329 1278 1226 349
internal_count=1929 115 1814 120 1694 1622 1377 245 172 104 1329 1278 1226 349
is_linear=0
shrinkage=0.05


Tree=287
num_leaves=15
num_cat=0
split_feature=4 7 3 8 8 7 6 0 8 8 6 8 6 7
split_gain=1.97156 2.01786 2.62931 2.63106 1.70266 1.8285 2.17876 2.49015 7.7515 6.57202 2.06305 4.85193 2.0294 2.39848
threshold=27.622500000000006 1032.6470000000002 0.47750000000000004 -2.1444999999999994 -3.0414999999999996 1018.5955 14.174000000000001 30.893000000000004 -2.1599999999999997 -2.2539999999999996 13.801500000000003 -1.8914999999999997 13.670500000000002 821.98550000000012
decision_type=2 2 2 2 2 2 2 2 2 2 2 2 2 2
left_child=1 4 3 -3 -1 6 10 8 -8 -9 12 -12 13 -6
right_child=-2 2 -4 -5 5 -7 7 9 -10 -11 11 -13 -14 -15
leaf_value=-0.00076320599843258952 0.00046139431605097815 -0.0019776805922270603 0.0021046240753817892 0.00044937328359688782 3.8474494433417966e-05 -0.00063964859702986265 0.0012582625704543591 -0.0014422820698300727 -0.0018939533956818578 0.0011618104898547116 -0.0060513495794039867 0.00029265935711428602 0.0016599379354286404 -0.00079290727863667312
leaf_weight=56 79 40 79 47 1012 45 88 66 64 72 67 45 52 117
leaf_count=56 79 40 79 47 1012 45 88 66 64 72 67 45 52 117
internal_value=0.000492483 0.000162162 0.00542169 -0.000574713 -0.000356295 -6.14251e-05 0.000221099 0.00413793 0.00855263 -0.000724638 -0.000657386 -0.00714286 -4.2337e-05 -0.000487157
internal_weight=1929 1850 166 87 1684 1628 1583 290 152 138 1293 112 1181 1129
internal_count=1929 1850 166 87 1684 1628 1583 290 152 138 1293 112 1181 1129
is_linear=0
shrinkage=0.05


Tree=288
num_leaves=15
num_cat=0
split_feature=1 4 6 7 5 7 0 3 5 4 0 5 0 4
split_gain=2.30306 2.57931 2.37497 2.16913 1.78082 2.58049 3.14025 3.20889 2.35653 2.39216 1.4717 7.22231 2.81521 3.01273
threshold=0.99466160899732492 27.622500000000006 15.0235 86.915000000000006 7.5870000000000006 500.97950000000009 14.332000000000003 98.529000000000011 8.7505000000000006 13.033000000000001 14.15 10.872000000000002 15.195000000000002 22.760500000000004
decision_type=2 2 2 2 2 2 2 2 2 2 2 2 2 2
left_child=1 2 3 -1 5 6 -5 -8 9 -6 11 -10 -12 -14
right_child=-2 -3 -4 4 8 -7 7 -9 10 -11 12 -13 13 -15
leaf_value=0.0022312606963878268 -0.0014017995842927362 0.000448098554692411 0.00067301199501667024 -0.0014182184725966358 0.0038140181176774205 -0.0034404595114819526 0.0033117340654265611 -0.00095032741268429814 0.0038361503966739432 0.00052952605933166144 -0.0047895790186964667 -0.0018512508933375945 4.1242491573640147e-05 -0.00082796816502276336
leaf_weight=57 72 77 58 74 42 41 40 50 51 79 64 46 1064 114
leaf_count=57 72 77 58 74 42 41 40 50 51 79 64 46 1064 114
internal_value=0.000440643 0.000780829 0.000393258 5.8072e-05 -0.00027027 -0.00463415 -0.00182927 0.00444444 0.000342466 0.00702479 -0.000261389 0.0056701 -0.000724638 -0.000169779
internal_weight=1929 1857 1780 1722 1665 205 164 90 1460 121 1339 97 1242 1178
internal_count=1929 1857 1780 1722 1665 205 164 90 1460 121 1339 97 1242 1178
is_linear=0
shrinkage=0.05


Tree=289
num_leaves=15
num_cat=0
split_feature=1 4 1 6 5 5 8 2 1 7 5 8 4 4
split_gain=1.67777 1.85933 1.68528 1.40537 1.25622 3.00455 2.34779 2.88717 3.52589 4.7982 6.54064 2.6963 5.24469 3.33325
threshold=0.99466160899732492 27.622500000000006 0.97505550290239451 15.0235 11.118 11.556000000000003 -1.599 -0.92449049203901279 -0.58429276287313703 515.32600000000014 4.855500000000001 -2.0249999999999999 13.528 13.354500000000002
decision_type=2 2 2 2 2 2 2 2 2 2 2 2 2 2
left_child=1 2 3 4 6 -6 11 -8 -9 10 -10 12 -1 -13
right_child=-2 -3 -4 -5 5 -7 7 8 9 -11 -12 13 -14 -15
leaf_value=-0.0028964495130470165 -0.0013317096050780989 0.00042569362695779047 0.0010108410857732734 0.00083823209492798209 -0.010878006906456281 -2.6798705380134958e-05 0.00046146402512221022 0.00016311768440337439 -0.0069593765384803278 -0.008633040376548504 0.011363388513725016 0.004087483342917371 0.00044000506765082482 0.00031254956218175202
leaf_weight=59 72 77 78 57 42 962 117 95 46 62 51 71 71 69
leaf_count=59 72 77 78 57 42 962 117 95 46 62 51 71 71 69
internal_value=0.000544323 0.00083468 0.000505618 0.000176263 -9.11854e-05 -0.00119522 0.00163807 -0.000943396 -0.00393701 -0.00849057 -0.00154639 0.00518519 0 0.01
internal_weight=1929 1857 1780 1702 1645 1004 641 371 254 159 97 270 130 140
internal_count=1929 1857 1780 1702 1645 1004 641 371 254 159 97 270 130 140
is_linear=0
shrinkage=0.05


Tree=290
num_leaves=15
num_cat=0
split_feature=4 4 2 6 5 8 2 8 0 0 6 4 5 5
split_gain=1.2708 1.54037 4.0453 3.42385 3.85208 3.51551 2.98124 2.83264 2.20346 3.90354 2.0504 2.80571 2.54379 4.00238
threshold=27.622500000000006 20.334000000000003 -0.91780143710280748 10.027500000000002 11.916000000000002 -2.1534999999999997 0.22790171382004171 -0.60849999999999993 34.397000000000006 33.255000000000003 14.935500000000003 19.309000000000005 21.292000000000005 25.156500000000005
decision_type=2 2 2 2 2 2 2 2 2 2 2 2 2 2
left_child=1 7 -3 -4 -5 -6 -7 8 9 10 11 12 -1 -14
right_child=-2 2 3 4 5 6 -8 -9 -10 -11 -12 -13 13 -15
leaf_value=8.4683255962734327e-05 0.00039463499116592087 0.0032205123484225886 -0.0096696939942260036 0.0057282985543742251 0.001397419541429356 -0.010738228128260403 -6.8438602777873281e-05 0.001581872085289926 0.00071467402924285943 -0.001313375278475172 0.00096188556689934821 0.00045088318068012766 -0.0022796508760627556 1.9043936581891741e-05
leaf_weight=1100 79 44 41 64 56 43 67 67 80 54 44 50 80 60
leaf_count=1100 79 44 41 64 56 43 67 67 80 54 44 50 80 60
internal_value=0.000751685 0.000486486 -0.00269841 -0.00498155 -0.0026087 -0.00662651 -0.0118182 0.00114007 0.000681199 0.000216138 0.000749625 0.000387597 -8.06452e-05 -0.00642857
internal_weight=1929 1850 315 271 230 166 110 1535 1468 1388 1334 1290 1240 140
internal_count=1929 1850 315 271 230 166 110 1535 1468 1388 1334 1290 1240 140
is_linear=0
shrinkage=0.05


Tree=291
num_leaves=15
num_cat=0
split_feature=0 0 0 2 4 5 7 5 2 0 8 8 7 6
split_gain=1.66395 4.25565 2.40701 3.36694 2.13372 2.03007 6.16091 5.12741 4.61875 3.40376 3.01494 5.11882 4.7175 1.51257
threshold=36.228000000000009 34.995000000000012 33.255000000000003 0.9804906454816793 13.623000000000001 20.563000000000006 855.93250000000012 21.761500000000002 0.90542393716278702 28.441000000000003 -2.6639999999999993 -2.5179999999999993 657.21450000000016 14.346000000000002
decision_type=2 2 2 2 2 2 2 2 2 2 2 2 2 2
left_child=1 2 3 5 -4 8 -7 -8 10 -9 12 -12 -1 -13
right_child=-2 -3 4 -5 -6 6 7 9 -10 -11 11 13 -14 -15
leaf_value=0.00037697147987621193 -0.00080563666028819487 0.0036554318985569435 7.0188009833282991e-05 0.0016892868565215437 -0.00031162951692251533 -0.0023524254774812793 0.0054285518320255667 -0.00072939522639481336 -0.0029471769155521065 0.0020702702323462719 0.0043263020203124364 9.9462823424567589e-05 -0.0056623890052829862 -0.00033030262220765664
leaf_weight=42 46 42 44 75 41 57 40 63 56 83 46 1173 58 63
leaf_count=42 46 42 44 75 41 57 40 63 56 83 46 1173 58 63
internal_value=0.000699844 0.000929368 0.000570342 0.000968109 -0.00764706 0.000505651 0.00473251 0.00913978 -0.000208623 0.00479452 0.000361795 0.00101404 -0.008 0.000404531
internal_weight=1929 1883 1841 1756 85 1681 243 186 1438 146 1382 1282 100 1236
internal_count=1929 1883 1841 1756 85 1681 243 186 1438 146 1382 1282 100 1236
is_linear=0
shrinkage=0.05


Tree=292
num_leaves=15
num_cat=0
split_feature=4 8 8 5 0 5 4 5 0 2 5 2 6 8
split_gain=1.3791 1.59475 3.39266 3.34803 2.44027 4.09114 3.12195 1.46686 1.44463 2.15411 2.72984 5.6006 3.56045 2.63372
threshold=27.622500000000006 -2.8144999999999993 -2.7069999999999994 20.444000000000003 35.431000000000004 25.581000000000003 15.107500000000002 23.742500000000003 33.255000000000003 0.9804906454816793 22.099 0.89420283937402645 14.346000000000002 -2.1414999999999993
decision_type=2 2 2 2 2 2 2 2 2 2 2 2 2 2
left_child=1 3 -3 -1 5 7 -7 8 9 10 11 12 13 -4
right_child=-2 2 4 -5 -6 6 -8 -9 -10 -11 -12 -13 -14 -15
leaf_value=-0.002774709774186613 0.00034741949385881936 0.0029898574758954674 0.0013950685997976512 4.0116464713990664e-05 0.0021492103598264229 -1.2480820491378442e-05 -0.0034512609717315627 0.0010603697497226243 -0.00025321824272420135 0.0016914530487967538 0.0020324494592727396 -0.0066994352381801736 -0.00065480722067070565 -1.8673841823690918e-05
leaf_weight=65 79 40 242 58 58 41 41 51 48 53 45 65 84 959
leaf_count=65 79 40 242 58 58 41 41 51 48 53 45 65 84 959
internal_value=0.000492483 0.000216216 0.000607991 -0.00528455 0.000266746 -9.2081e-05 -0.0109756 0.000484809 0.000200535 0.000483425 0.000107527 -0.000296296 0.000428016 0.00112406
internal_weight=1929 1850 1727 123 1687 1629 82 1547 1496 1448 1395 1350 1285 1201
internal_count=1929 1850 1727 123 1687 1629 82 1547 1496 1448 1395 1350 1285 1201
is_linear=0
shrinkage=0.05


Tree=293
num_leaves=15
num_cat=0
split_feature=3 3 7 3 5 3 2 3 8 6 1 1 6 1
split_gain=1.64279 5.16416 3.36885 5.26393 5.71667 4.26069 4.61797 3.02533 3.40101 2.96573 2.88933 2.79023 2.58751 2.15698
threshold=5.0900000000000007 3.5465000000000004 1002.7840000000001 15.113500000000002 9.8130000000000006 43.234000000000009 0.29426351849031901 65.018000000000015 -1.6059999999999997 14.257500000000002 -0.9852109833579612 -0.62132811513414532 12.3725 -0.88606241628642823
decision_type=2 2 2 2 2 2 2 2 2 2 2 2 2 2
left_child=1 -1 3 4 -2 6 12 8 -7 -4 -9 -3 -5 -12
right_child=2 11 9 5 -6 7 -8 10 -10 -11 13 -13 -14 -15
leaf_value=6.6895837870219185e-05 -0.023658307829547778 3.2662530297516978e-05 0.0015202498612556293 0.00095252007430031774 -0.00016036178507142785 -0.00017453675830301775 -0.00066842938644037233 0.0079575489982805173 -0.010704916674218119 -8.585795705795541e-06 -0.0090620947544997939 0.0011547191646969098 0.012126135544088321 -1.7740149732503597e-05
leaf_weight=675 42 45 51 50 70 71 41 47 46 56 49 92 47 547
leaf_count=675 42 45 51 50 70 71 41 47 46 56 49 92 47 547
internal_value=0.000751685 0.00246305 -0.00049239 -0.00138614 -0.0116071 -0.000111359 0.00797101 -0.00157895 -0.00897436 0.00794393 -0.000233281 0.0113139 0.0139175 -0.0011745
internal_weight=1929 812 1117 1010 112 898 138 760 117 107 643 137 97 596
internal_count=1929 812 1117 1010 112 898 138 760 117 107 643 137 97 596
is_linear=0
shrinkage=0.05


Tree=294
num_leaves=15
num_cat=0
split_feature=0 0 0 3 5 5 1 0 7 7 4 1 4 1
split_gain=1.71949 4.16992 1.84987 1.88632 4.92365 5.56456 3.37556 5.28286 10.2494 4.20999 2.86128 6.08165 3.25423 4.84297
threshold=36.228000000000009 34.995000000000012 33.255000000000003 43.234000000000009 8.4185000000000016 9.1625000000000032 -0.35321410436273354 15.874500000000001 733.52050000000008 1046.1205000000002 18.429000000000006 0.63470539682653226 9.9610000000000003 0.1328271176880281
decision_type=2 2 2 2 2 2 2 2 2 2 2 2 2 2
left_child=1 2 3 4 -1 -6 7 -7 -9 -10 12 -12 -8 -14
right_child=-2 -3 -4 -5 5 6 10 8 9 -11 11 -13 13 -15
leaf_value=0.0013908528934982161 -0.00085262950810655611 0.0033045049652579012 -0.00020556857168286258 -7.8102196890189609e-05 -0.0099053177489412097 0.0018842059120152577 0.0012718564128345435 -0.0080739437087321789 0.0001051696374373412 -0.0010615368037152823 -6.4295912189177296e-05 0.0031701269887623919 0.0015384432679701355 -0.00048899589602368905
leaf_weight=86 46 42 85 764 44 47 155 43 197 40 44 64 65 207
leaf_count=86 46 42 85 764 44 47 155 43 197 40 44 64 65 207
internal_value=0.000855365 0.00108869 0.000733297 0.001082 0.00252016 0.00143488 0.00232019 -0.00168196 -0.00428571 -0.00021097 0.00476636 0.012037 0.0029274 -0.000367647
internal_weight=1929 1883 1841 1756 992 906 862 327 280 237 535 108 427 272
internal_count=1929 1883 1841 1756 992 906 862 327 280 237 535 108 427 272
is_linear=0
shrinkage=0.05


Tree=295
num_leaves=15
num_cat=0
split_feature=0 0 0 3 0 5 8 4 4 5 4 6 0 7
split_gain=1.70087 2.03002 1.87787 2.00313 5.72018 3.6502 2.19875 4.69019 2.76912 4.83653 3.90804 3.59525 6.31287 3.7167
threshold=36.228000000000009 34.995000000000012 33.255000000000003 43.234000000000009 14.15 10.547000000000002 -2.4864999999999995 16.447500000000002 9.8225000000000016 15.963000000000003 10.872500000000002 13.681500000000002 23.612000000000005 1011.1260000000001
decision_type=2 2 2 2 2 2 2 2 2 2 2 2 2 2
left_child=1 2 3 4 5 -1 7 -6 9 -8 -10 12 -12 -13
right_child=-2 -3 -4 -5 6 -7 8 -9 10 -11 11 13 -14 -15
leaf_value=0.0017899956164144971 -0.00080999803270122577 0.0031392797169950085 -0.00019529014309871973 -7.4197087045682627e-05 4.4191426133546877e-05 2.9718763300606856e-05 0.0012748906862882757 0.0029466903381688042 -0.0051572226906389648 -0.00088500742288648022 -5.265903915341319e-05 0.00088861275586799298 -0.0040957114367884268 -6.741350234186205e-05
leaf_weight=73 46 42 85 764 122 41 110 54 56 63 234 123 50 66
leaf_count=73 46 42 85 764 122 41 110 54 56 63 234 123 50 66
internal_value=0.000803525 0.00103558 0.000787615 0.00113895 0.00262097 0.0131579 0.00125285 0.00625 0 0.00549133 -0.00179584 -0.000317125 -0.00387324 0.00502646
internal_weight=1929 1883 1841 1756 992 114 878 176 702 173 529 473 284 189
internal_count=1929 1883 1841 1756 992 114 878 176 702 173 529 473 284 189
is_linear=0
shrinkage=0.05


Tree=296
num_leaves=15
num_cat=0
split_feature=5 0 2 7 4 8 0 8 3 5 0 0 0 1
split_gain=2.03304 2.19507 2.35966 4.00129 1.84264 3.42066 2.43375 2.05892 2.61314 3.15979 4.0742 1.61359 4.50515 5.25658
threshold=28.245500000000003 33.255000000000003 0.76110425866077447 1015.2205000000001 27.622500000000006 -2.8144999999999993 25.368500000000001 -2.4064999999999999 0.33200000000000007 19.062000000000001 21.636500000000002 18.782000000000004 17.492500000000003 0.23416947364604893
decision_type=2 2 2 2 2 2 2 2 2 2 2 2 2 2
left_child=1 4 -3 -4 5 6 -1 8 -7 10 -10 12 -9 -14
right_child=-2 2 3 -5 -6 7 -8 11 9 -11 -12 -13 13 -15
leaf_value=-0.00089271439411823812 0.00038210972447618455 -0.0038697771968894349 0.00018342690636579119 -0.011288675035279694 0.00041208330117148629 0.0036962261237200689 -0.00054120431288262605 2.8232825135576792e-05 -0.0012697303967165313 -0.00055920074216447011 0.0051356717752588021 -9.4550772627838289e-05 0.00018334506847375587 0.0049249212976974046
leaf_weight=51 75 41 56 41 68 64 48 527 44 40 53 719 61 41
leaf_count=51 75 41 56 41 68 64 48 527 44 40 53 719 61 41
internal_value=0.000596164 0.000269687 -0.0057971 -0.00154639 0.000757576 0.000424757 -0.00858586 0.00100065 0.00572139 0.00182482 0.00670103 0.000296736 0.00214626 0.0117647
internal_weight=1929 1854 138 97 1716 1648 99 1549 201 137 97 1348 629 102
internal_count=1929 1854 138 97 1716 1648 99 1549 201 137 97 1348 629 102
is_linear=0
shrinkage=0.05


Tree=297
num_leaves=15
num_cat=0
split_feature=0 3 3 8 0 3 0 0 7 8 7 8 6 6
split_gain=1.36466 5.16185 4.09535 4.87903 3.91375 3.72249 2.48713 2.47344 4.16667 1.5335 4.3586 3.71807 1.91205 3.26003
threshold=15.390500000000001 45.218000000000011 84.060500000000005 -1.0154999999999996 14.037000000000001 12.684000000000003 15.7995 13.407000000000002 538.89050000000009 -0.97049999999999981 337.52600000000001 -0.79899999999999993 12.144000000000002 11.838000000000003
decision_type=2 2 2 2 2 2 2 2 2 2 2 2 2 2
left_child=1 5 -3 4 -4 7 -2 -1 -9 10 -8 -11 13 -12
right_child=6 2 3 -5 -6 -7 9 8 -10 11 12 -13 -14 -15
leaf_value=-0.00049109879285885456 -0.00089733714512505174 -0.010205724385498494 -0.0024209468812897601 0.009845202346099563 0.0012128713214753395 0.0072686203177063759 0.011524174795263699 0.0010669004482878556 8.8430855075219427e-06 -0.0031642274725408983 -4.980270440446688e-05 0.00090657929390166594 6.501782639170007e-05 -0.0036126880227403662
leaf_weight=61 40 51 64 55 42 40 56 48 48 45 193 82 1062 42
leaf_count=61 40 51 64 55 42 40 56 48 48 45 193 82 1062 42
internal_value=0.000492483 0.00305623 -0.00235849 0.0015528 -0.00471698 0.00888325 -0.000197368 0.00541401 0.0104167 0.000135135 0.000628234 -0.00511811 3.85505e-05 -0.00404255
internal_weight=1929 409 212 161 106 197 1520 157 96 1480 1353 127 1297 235
internal_count=1929 409 212 161 106 197 1520 157 96 1480 1353 127 1297 235
is_linear=0
shrinkage=0.05


Tree=298
num_leaves=15
num_cat=0
split_feature=5 7 5 1 0 2 4 5 4 8 2 6 0 4
split_gain=1.80357 2.1486 1.75698 3.36083 2.98477 2.90885 2.41071 1.64987 2.39024 2.17519 5.18666 2.81752 3.1297 1.92402
threshold=2.1005000000000007 131.14550000000003 7.0730000000000013 -0.54162280503947546 14.655500000000002 -0.9829660752282251 15.934500000000002 27.956500000000002 16.168000000000003 -2.8144999999999993 0.45207220393230446 8.5820000000000025 13.963500000000002 13.528
decision_type=2 2 2 2 2 2 2 2 2 2 2 2 2 2
left_child=-1 -2 3 -3 -5 6 -4 9 -9 10 -7 -11 -13 -14
right_child=1 2 5 4 -6 7 -8 8 -10 11 -12 12 13 -15
leaf_value=-0.00020453247319677376 0.0078701559982607919 0.0043575738294084759 0.0018549117891847801 -0.011147877471966411 -4.4443437392183149e-05 0.00018342865153037069 -1.4489497823991921e-05 -1.751501316463733e-05 0.00062612797368689639 -0.0018757629087881558 -0.00081834347903671787 0.0017236391339799373 0.00027267721983891409 -4.7720680955852528e-05
leaf_weight=64 42 42 56 53 51 67 40 41 41 40 46 81 611 654
leaf_count=64 42 42 56 53 51 67 40 41 41 40 46 81 611 654
internal_value=0.000440643 0.000723861 0.000466264 -0.00479452 -0.00961538 0.00092427 0.009375 0.000411132 0.00731707 3.33556e-05 -0.00663717 0.000577201 0.000965825 0.000355731
internal_weight=1929 1865 1823 146 104 1677 96 1581 82 1499 113 1386 1346 1265
internal_count=1929 1865 1823 146 104 1677 96 1581 82 1499 113 1386 1346 1265
is_linear=0
shrinkage=0.05


Tree=299
num_leaves=15
num_cat=0
split_feature=5 0 1 5 3 5 6 7 2 2 8 6 6 6
split_gain=1.78098 1.99423 3.53299 1.759 3.91716 3.43097 3.2338 2.45695 1.97056 1.78624 2.78639 4.76044 2.67023 2.97659
threshold=2.1005000000000007 12.599500000000001 -0.0687085824022272 7.0730000000000013 99.995000000000019 8.6520000000000028 10.254000000000001 463.04900000000004 -0.77547391234167817 -0.84565824135800816 -2.1709999999999998 11.838000000000003 10.949000000000002 11.865
decision_type=2 2 2 2 2 2 2 2 2 2 2 2 2 2
left_child=-1 2 -2 4 -3 6 -5 -7 -8 10 -9 -12 -11 -14
right_child=1 3 -4 5 -6 7 8 9 -10 12 11 -13 13 -15
leaf_value=-0.00019430584953693543 0.0036067687782455659 0.00035105494718332239 -0.00027245177571987299 0.0076322001383150595 -0.010834495889223323 -0.0021921689360963393 0.0012940284708737205 0.0027343271917557839 -0.00020760908563757232 -0.0010624378511463876 -0.003443789920299577 0.0033072030857737218 0.0032609413430225234 -7.3535333352178775e-07
leaf_weight=64 58 86 41 43 48 86 43 42 42 56 65 40 55 1160
leaf_count=64 58 86 41 43 48 86 43 42 42 56 65 40 55 1160
internal_value=0.000388802 0.000670241 0.00757576 0.000283126 -0.00522388 0.000735294 0.00859375 6.64894e-05 0.00294118 0.000564175 0.00578231 0.00142857 -3.93391e-05 0.000452675
internal_weight=1929 1865 99 1766 134 1632 128 1504 85 1418 147 105 1271 1215
internal_count=1929 1865 99 1766 134 1632 128 1504 85 1418 147 105 1271 1215
is_linear=0
shrinkage=0.05


end of trees

feature_importances:
Column_4=603
Column_5=536
Column_6=519
Column_8=503
Column_7=436
Column_2=432
Column_0=428
Column_1=421
Column_3=322

parameters:
[boosting: gbdt]
[objective: regression_l1]
[metric: l1]
[tree_learner: serial]
[device_type: cpu]
[data_sample_strategy: bagging]
[data: ]
[valid: ]
[num_iterations: 300]
[learning_rate: 0.05]
[num_leaves: 15]
[num_threads: 1]
[seed: 42]
[deterministic: 1]
[force_col_wise: 0]
[force_row_wise: 1]
[histogram_pool_size: -1]
[max_depth: -1]
[min_data_in_leaf: 40]
[min_sum_hessian_in_leaf: 0.001]
[bagging_fraction: 1]
[pos_bagging_fraction: 1]
[neg_bagging_fraction: 1]
[bagging_freq: 0]
[bagging_seed: 400]
[bagging_by_query: 0]
[feature_fraction: 1]
[feature_fraction_bynode: 1]
[feature_fraction_seed: 30056]
[extra_trees: 0]
[extra_seed: 12879]
[early_stopping_round: 0]
[early_stopping_min_delta: 0]
[first_metric_only: 0]
[max_delta_step: 0]
[lambda_l1: 0]
[lambda_l2: 0]
[linear_lambda: 0]
[min_gain_to_split: 0]
[drop_rate: 0.1]
[max_drop: 50]
[skip_drop: 0.5]
[xgboost_dart_mode: 0]
[uniform_drop: 0]
[drop_seed: 17869]
[top_rate: 0.2]
[other_rate: 0.1]
[min_data_per_group: 100]
[max_cat_threshold: 32]
[cat_l2: 10]
[cat_smooth: 10]
[max_cat_to_onehot: 4]
[top_k: 20]
[monotone_constraints: ]
[monotone_constraints_method: basic]
[monotone_penalty: 0]
[feature_contri: ]
[forcedsplits_filename: ]
[refit_decay_rate: 0.9]
[cegb_tradeoff: 1]
[cegb_penalty_split: 0]
[cegb_penalty_feature_lazy: ]
[cegb_penalty_feature_coupled: ]
[path_smooth: 0]
[interaction_constraints: ]
[verbosity: -1]
[saved_feature_importance_type: 0]
[use_quantized_grad: 0]
[num_grad_quant_bins: 4]
[quant_train_renew_leaf: 0]
[stochastic_rounding: 1]
[linear_tree: 0]
[max_bin: 255]
[max_bin_by_feature: ]
[min_data_in_bin: 3]
[bin_construct_sample_cnt: 200000]
[data_random_seed: 175]
[is_enable_sparse: 1]
[enable_bundle: 1]
[use_missing: 1]
[zero_as_missing: 0]
[feature_pre_filter: 1]
[pre_partition: 0]
[two_round: 0]
[header: 0]
[label_column: ]
[weight_column: ]
[group_column: ]
[ignore_column: ]
[categorical_feature: ]
[forcedbins_filename: ]
[precise_float_parser: 0]
[parser_config_file: ]
[objective_seed: 16083]
[num_class: 1]
[is_unbalance: 0]
[scale_pos_weight: 1]
[sigmoid: 1]
[boost_from_average: 1]
[reg_sqrt: 0]
[alpha: 0.9]
[fair_c: 1]
[poisson_max_delta_step: 0.7]
[tweedie_variance_power: 1.5]
[lambdarank_truncation_level: 30]
[lambdarank_norm: 1]
[label_gain: ]
[lambdarank_position_bias_regularization: 0]
[eval_at: ]
[multi_error_top_k: 1]
[auc_mu_weights: ]
[num_machines: 1]
[local_listen_port: 12400]
[time_out: 120]
[machine_list_filename: ]
[machines: ]
[gpu_platform_id: -1]
[gpu_device_id: -1]
[gpu_device_id_list: ]
[gpu_use_dp: 0]
[num_gpu: 1]

end of parameters

pandas_categorical:null
