tree
version=v4
num_class=1
num_tree_per_iteration=1
label_index=0
max_feature_idx=4
objective=regression_l1
feature_names=Column_0 Column_1 Column_2 Column_3 Column_4
feature_infos=[4.7569999999999997:43.359000000000002] [-0.99999073973619013:0.99999073973619013] [-1:1] [0:100] [0.83699999999999997:37.371000000000002]
tree_sizes=1400 1423 1418 1423 1422 1433 1428 1427 1438 1418 1427 1438 1423 1421 1449 1433 1432 1429 1438 1435 1444 1436 1430 1410 1433 1426 1426 1433 1426 1433 1415 1427 1436 1417 1437 1438 1426 1446 1446 1417 1415 1442 1430 1440 1428 1438 1432 1428 1434 1438 1445 1433 1450 1438 1439 1438 1434 1444 1436 1437 1453 1432 1426 1424 1452 1438 1444 1436 1441 1433 1443 1458 1440 1434 1468 1446 1455 1429 1445 1422 1428 1442 1450 1444 1435 1429 1446 1443 1435 1426 1428 1417 1428 1456 1434 1445 1425 1462 1425 1452 1450 1451 1438 1464 1432 1452 1453 1442 1433 1429 1452 1445 1448 1421 1448 1435 1446 1466 1454 1424 1461 1443 1455 1460 1448 1443 1446 1472 1433 1434 1462 1442 1458 1448 1443 1425 1427 1434 1437 1440 1454 1441 1457 1422 1457 1447 1464 1453 1415 1460 1443 1454 1448 1458 1458 1449 1438 1436 1452 1461 1432 1460 1458 1458 1417 1442 1443 1443 1429 1475 1443 1446 1432 1462 1459 1428 1458 1477 1474 1470 1456 1427 1419 1470 1454 1432 1452 1448 1419 1447 1431 1443 1452 1457 1452 1465 1445 1441 1456 1437 1460 1461 1448 1441 1462 1434 1444 1416 1438 1462 1448 1456 1437 1466 1470 1442 1457 1449 1461 1470 1453 1442 1459 1459 1450 1450 1430 1452 1447 1444 1442 1452 1455 1451 1421 1460 1461 1452 1483 1474 1460 1442 1450 1439 1437 1462 1468 1448 1469 1463 1451 1458 1477 1469 1434 1460 1482 1450 1445 1457 1449 1456 1456 1458 1472 1453 1449 1454 1451 1446 1452 1452 1462 1456 1461 1427 1459 1456 1470 1464 1445 1445 1455 1463 1440 1452 1442 1455 1443 1453 1458 1440 1470 1476 1457 1463 1455 1460 1461 1448

Tree=0
num_leaves=15
num_cat=0
split_feature=0 3 1 4 1 4 0 2 1 2 4 0 3 2
split_gain=198.564 23.118 26.1456 21.6009 18.6403 10.6745 12.8791 14.3436 9.5665 8.61581 11.8017 6.99203 6.30782 5.33511
threshold=25.241000000000003 15.113500000000002 -0.90880922144842613 12.454000000000002 0.67050644418468353 6.4875000000000016 20.750000000000004 -0.79877937288636469 -0.63874350706337046 0.39110220707247995 15.461000000000002 29.284000000000002 36.042500000000011 0.023632005545605003
decision_type=2 2 2 2 2 2 2 2 2 2 2 2 2 2
left_child=1 2 -1 -2 12 -3 7 -7 -8 10 -4 -6 -5 -10
right_child=3 5 9 4 11 6 8 -9 13 -11 -12 -13 -14 -15
leaf_value=-0.34564999192953111 -0.38314999192953109 -0.32379999309778212 -0.31934999227523803 -0.36329999119043349 -0.30454999245703218 -0.29984999224543574 -0.34494999200105669 -0.26454999297857285 -0.30979999247938395 -0.34557499289512633 -0.29524999260902407 -0.33794999271631243 -0.35939999371767045 -0.26982499361038209
leaf_weight=87 288 71 285 173 57 207 44 227 47 40 149 83 127 44
leaf_count=87 288 71 285 173 57 207 44 227 47 40 149 83 127 44
internal_value=-0.327 -0.31451 -0.32192 -0.347604 -0.340636 -0.308016 -0.305735 -0.301539 -0.319222 -0.317295 -0.315249 -0.325571 -0.347667 -0.309967
internal_weight=1929 1201 561 728 440 640 569 434 135 474 434 140 300 91
internal_count=1929 1201 561 728 440 640 569 434 135 474 434 140 300 91
is_linear=0
shrinkage=1


Tree=1
num_leaves=15
num_cat=0
split_feature=0 3 1 4 1 4 0 1 1 2 4 0 1 2
split_gain=180.94 23.0777 25.0475 20.709 18.6472 10.0453 11.7312 13.1804 9.5665 8.13165 10.4926 7.21582 6.0896 5.33511
threshold=25.241000000000003 15.113500000000002 -0.90880922144842613 12.262000000000002 0.67050644418468353 6.4875000000000016 20.750000000000004 -0.48941038753127697 -0.63874350706337046 0.39110220707247995 15.461000000000002 29.284000000000002 -0.051549210996800328 0.023632005545605003
decision_type=2 2 2 2 2 2 2 2 2 2 2 2 2 2
left_child=1 2 -1 -2 -5 -3 7 -7 -8 10 -4 -6 -9 -10
right_child=3 5 9 4 11 6 8 12 13 -11 -12 -13 -14 -15
leaf_value=-0.017717499807476996 -0.054692500308156013 0.0030399990826845166 0.0072674998641014095 -0.033842497542500495 0.021202499624341727 0.059327499195933345 -0.017052499875426293 0.0098924997076392188 0.016339999670162798 -0.017646250724792482 0.030162499547004701 -0.010402500554919243 0.040534999165683983 0.054316248595714572
leaf_weight=87 276 71 285 307 60 163 44 69 47 40 149 85 202 44
leaf_count=87 276 71 285 307 60 163 44 69 47 40 149 85 202 44
internal_value=2.59202e-05 0.0119484 0.00454545 -0.0196429 -0.0130531 0.0184375 0.0206503 0.0246544 0.00777778 0.00907173 0.0110599 0.00172414 0.0178967 0.017033
internal_weight=1929 1201 561 728 452 640 569 434 135 474 434 145 271 91
internal_count=1929 1201 561 728 452 640 569 434 135 474 434 145 271 91
is_linear=0
shrinkage=0.05


Tree=2
num_leaves=15
num_cat=0
split_feature=0 4 3 1 1 4 0 0 1 4 0 2 1 1
split_gain=167.605 21.7842 21.1646 19.4654 16.7504 11.6863 8.71103 8.41208 8.11667 7.37539 7.05931 8.65694 5.87123 5.31777
threshold=25.241000000000003 12.307 68.217000000000013 0.38118653245548312 -0.90149333598846393 6.4875000000000016 20.750000000000004 19.329000000000004 -0.47813486327663873 11.874500000000003 13.078000000000001 -0.34964745525122826 -0.15855791680139872 0.75471874543923556
decision_type=2 2 2 2 2 2 2 2 2 2 2 2 2 2
left_child=2 13 4 -3 7 -4 8 -1 -7 -6 -11 -12 -8 -2
right_child=1 3 5 -5 9 6 12 -9 -10 10 11 -13 -14 -15
leaf_value=0.021118374604731802 -0.062332874339073897 -0.033862876247614623 -0.013837000120431188 -0.00023787553235888326 0.0044041242748498908 0.062511122543364758 -0.012424875799566507 -0.026631626795977355 0.040100750143639743 -0.0091456260383129106 0.029977562380488966 0.0057792496159672748 0.0297754370123148 -0.026357874076813462
leaf_weight=49 198 254 54 195 229 113 40 71 195 57 250 92 51 81
leaf_count=49 198 254 54 195 229 113 40 71 195 57 250 92 51 81
internal_value=-2.59202e-05 -0.018956 0.0114488 -0.0121381 0.00628342 0.0199779 0.0229323 -0.0108333 0.0269481 0.00955414 0.0136591 0.0163743 0.00934066 -0.0299283
internal_weight=1929 728 1201 449 748 453 399 120 308 628 399 342 91 279
internal_count=1929 728 1201 449 748 453 399 120 308 628 399 342 91 279
is_linear=0
shrinkage=0.05


Tree=3
num_leaves=15
num_cat=0
split_feature=0 4 3 1 1 2 0 1 2 4 4 2 4 0
split_gain=151.011 21.4801 20.8562 23.4274 16.9913 7.75042 22.1587 11.0346 7.542 8.81616 6.2482 6.03556 5.98442 5.88919
threshold=25.241000000000003 12.262000000000002 16.563500000000001 -0.90880922144842613 0.38118653245548312 -0.79877937288636469 20.129000000000001 -0.83354805289222234 0.39110220707247995 15.320000000000002 15.461000000000002 0.023632005545605003 8.3060000000000027 27.379500000000004
decision_type=2 2 2 2 2 2 2 2 2 2 2 2 2 2
left_child=2 13 3 10 -3 12 -7 -8 9 -5 -1 -9 -4 -2
right_child=1 4 5 8 -6 6 7 11 -10 -11 -12 -13 -14 -15
leaf_value=-0.019100044812448324 -0.018841230383701627 -0.032394734008796514 -0.021545150746218864 0.005933918627351523 -0.00022598175574093938 0.055085568132810292 -0.028403631377778949 0.019671368353255097 -0.016208250625524671 0.025630495967832397 -0.008068793542124331 0.046436473863944415 0.022110712391184645 -0.057191234341450042
leaf_weight=49 49 255 42 279 197 221 40 71 40 158 40 63 198 227
leaf_count=49 49 255 42 279 197 221 40 71 40 158 40 63 198 227
internal_value=-2.59202e-05 -0.0179945 0.0108659 0.00388693 -0.0112832 0.0170866 0.0213924 0.00804598 0.00828092 0.0101831 -0.0196629 0.0149254 0.01 -0.0289855
internal_weight=1929 728 1201 566 452 635 395 174 477 437 89 134 240 276
internal_count=1929 728 1201 566 452 635 395 174 477 437 89 134 240 276
is_linear=0
shrinkage=0.05


Tree=4
num_leaves=15
num_cat=0
split_feature=0 4 3 1 1 4 0 0 0 1 4 0 2 3
split_gain=140.59 20.6486 20.4685 14.8164 14.8123 10.9087 8.20387 7.77981 7.24838 7.04667 6.58627 7.66248 8.79684 6.26087
threshold=25.137000000000004 12.454000000000002 68.88900000000001 0.79018178354239854 -0.90149333598846393 6.4875000000000016 27.379500000000004 18.968500000000002 20.750000000000004 -0.47813486327663873 11.874500000000003 13.078000000000001 -0.34964745525122826 0.44950000000000007
decision_type=2 2 2 2 2 2 2 2 2 2 2 2 2 2
left_child=2 6 4 -3 7 -4 -2 -1 9 -7 -6 -12 -13 -14
right_child=1 3 5 -5 10 8 -8 -9 -10 -11 11 12 13 -15
leaf_value=0.021017458115117627 -0.015147920832661914 -0.027179993524653834 -0.013098305554585533 0.0081408173074293908 0.002787222135700285 0.058856287675770003 -0.05433167262437754 -0.021495823007198052 0.01827632069012616 0.036691434730496263 -0.0099698695347888843 0.026460782658948447 -0.0089745105893327872 0.027441559098539875
leaf_weight=47 55 329 54 114 229 112 237 72 86 193 57 252 46 46
leaf_count=47 55 329 54 114 229 112 237 72 86 193 57 252 46 46
internal_value=0.000129601 -0.0170748 0.0107203 -0.0102709 0.00567423 0.0192135 -0.0273973 -0.0105042 0.0221228 0.0257377 0.00873016 0.0125935 0.015407 0.00217391
internal_weight=1929 735 1194 443 749 445 292 119 391 305 630 401 344 92
internal_count=1929 735 1194 443 749 445 292 119 391 305 630 401 344 92
is_linear=0
shrinkage=0.05


Tree=5
num_leaves=15
num_cat=0
split_feature=0 1 4 3 1 2 0 0 4 2 4 2 3 4
split_gain=123.166 31.8547 19.0028 16.4794 11.6055 9.51607 11.5765 7.42016 9.6676 7.08563 6.31319 6.28638 8.6002 5.69704
threshold=23.348500000000005 0.79018178354239854 11.780000000000003 16.563500000000001 -0.90149333598846393 -0.79877937288636469 19.918000000000003 27.630500000000001 15.642000000000001 0.023632005545605003 12.454000000000002 -0.34964745525122826 5.0010000000000003 8.3060000000000027
decision_type=2 2 2 2 2 2 2 2 2 2 2 2 2 2
left_child=3 2 -2 4 -1 13 -7 9 -9 -3 -6 12 -12 -5
right_child=1 7 -4 5 10 6 -8 8 -10 -11 11 -13 -14 -15
leaf_value=-0.0094018331149928278 -0.053890088015642483 -0.00021448896809420223 -0.026120908521336042 -0.019812977931178644 0.00069786154747568114 0.050261702687129456 0.027407969171396925 -0.021713835859146435 0.0093337767043183591 0.030033526044621596 0.030150931947086391 -0.0038673867389945049 -0.0013990671707648701 0.0191706050351006
leaf_weight=74 206 69 401 42 179 212 124 81 48 53 151 47 44 198
leaf_count=74 206 69 401 42 179 212 124 81 48 53 151 47 44 198
internal_value=0.000129601 -0.013986 -0.0201812 0.0114379 0.00474747 0.0171875 0.022619 0.000996016 -0.00736434 0.00983607 0.00795724 0.0132231 0.0171795 0.00958333
internal_weight=1929 858 607 1071 495 576 336 251 129 122 421 242 195 240
internal_count=1929 858 607 1071 495 576 336 251 129 122 421 242 195 240
is_linear=0
shrinkage=0.05


Tree=6
num_leaves=15
num_cat=0
split_feature=0 1 4 3 4 0 4 2 1 4 0 0 2 2
split_gain=114.291 29.9031 19.5409 17.2339 8.62156 7.42016 9.6676 7.08563 6.06227 5.97903 6.28495 5.92245 7.37397 5.7896
threshold=23.348500000000005 0.79018178354239854 11.780000000000003 68.88900000000001 6.4875000000000016 27.630500000000001 15.642000000000001 0.023632005545605003 0.25084665036108239 10.997000000000002 20.824500000000004 31.653000000000002 0.75047916603754417 0.24460549819462502
decision_type=2 2 2 2 2 2 2 2 2 2 2 2 2 2
left_child=3 2 11 8 -5 7 -7 -3 9 -1 -11 12 -2 -6
right_child=1 5 -4 4 13 6 -8 -9 -10 10 -12 -13 -14 -15
leaf_value=-0.0054870313272423121 -0.055670584115539379 -0.00020376451968949217 -0.024814863095269236 -0.0054399641144403394 0.032925390994806118 -0.020628144066189114 0.008867087869102442 0.028531849742390522 0.015309558995197007 0.015791388799494932 -0.013579337973529712 -0.076420582208190757 -0.019107085219752906 0.088725390827913114
leaf_weight=113 53 69 401 52 309 81 48 53 246 262 40 87 66 49
leaf_count=113 53 69 401 52 309 81 48 53 246 262 40 87 66 49
internal_value=7.77605e-05 -0.0135198 -0.0195222 0.0109711 0.0190244 0.000996016 -0.00736434 0.00983607 0.00597579 0.00228916 0.00596026 -0.0320388 -0.0247899 0.0217877
internal_weight=1929 858 607 1071 410 251 129 122 661 415 302 206 119 358
internal_count=1929 858 607 1071 410 251 129 122 661 415 302 206 119 358
is_linear=0
shrinkage=0.05


Tree=7
num_leaves=15
num_cat=0
split_feature=0 1 4 3 0 1 2 1 0 0 0 1 3 0
split_gain=98.7519 25.2939 16.3038 15.6656 8.01307 8.97464 7.66856 7.13672 6.86254 6.96365 6.80791 8.60809 9.15412 7.83627
threshold=23.348500000000005 0.79018178354239854 9.1810000000000027 91.138000000000019 31.575000000000003 0.25084665036108239 0.22790171382004171 0.25084665036108239 12.599500000000001 13.764500000000002 21.473000000000003 -0.30451802849190396 0.17850000000000002 13.764500000000002
decision_type=2 2 2 2 2 2 2 2 2 2 2 2 2 2
left_child=3 2 -2 7 5 -4 8 10 -5 -10 11 12 -1 -13
right_child=1 -3 4 6 -6 -7 -8 -9 9 -11 -12 13 -14 -15
leaf_value=-0.0052258258822603021 -0.058599554528292686 0.0015548763255652633 -0.023169209003610015 0.059845236627168966 -0.032874206841153504 0.0036911055891090646 0.092600196376833699 0.017885702755295201 -0.015320879115217848 0.029363314937074881 -0.014882371013609424 -0.021603721301652532 0.02814740145499553 0.0050824328964931224
leaf_weight=78 121 251 243 52 168 75 49 286 41 186 42 52 203 82
leaf_count=78 121 251 243 52 168 75 49 286 41 186 42 52 203 82
internal_value=0.000285122 -0.0123543 -0.0178748 0.0104108 -0.013786 -0.0091195 0.0195122 0.006393 0.0163082 0.0125551 0.00251641 0.00445783 0.0094306 -0.00597015
internal_weight=1929 858 607 1071 486 318 328 743 279 227 457 415 281 134
internal_count=1929 858 607 1071 486 318 328 743 279 227 457 415 281 134
is_linear=0
shrinkage=0.05


Tree=8
num_leaves=15
num_cat=0
split_feature=0 4 3 1 2 4 1 0 1 2 4 4 2 2
split_gain=91.3428 19.5194 18.5441 27.558 9.59075 7.37524 7.06994 6.03418 14.586 12.5309 7.00885 6.14202 5.71608 5.5666
threshold=26.936500000000006 12.454000000000002 15.113500000000002 -0.88606241628642823 0.26123699986315735 7.0325000000000015 0.38118653245548312 20.750000000000004 -0.86095304316285715 -0.26538825390934467 6.9440000000000008 16.802500000000006 -0.0085834810820868326 -0.46997674302732012
decision_type=2 2 2 2 2 2 2 2 2 2 2 2 2 2
left_child=2 -2 3 12 -3 -5 -6 9 -9 10 -4 -11 -1 -7
right_child=1 4 7 5 6 13 -8 8 -10 11 -12 -13 -14 -15
leaf_value=-0.0080618252409316634 -0.044357077755552365 0.016136753615583508 -0.0078412709200771907 -0.0077240914824903036 -0.030052996459756766 0.015857276585377011 -0.0062595965580217062 -0.029417019578041062 0.020962258879444445 0.067159111467675767 0.02792918961933559 0.032440029522580842 -0.035664014569049107 0.00019535347644505653
leaf_weight=69 247 46 62 54 178 298 138 43 172 51 324 53 42 152
leaf_count=69 247 46 62 54 178 298 138 43 172 51 324 53 42 152
internal_value=0.000336962 -0.0156814 0.00772727 0.00138211 -0.00828729 0.00634921 -0.0113924 0.0132624 0.00627907 0.0163265 0.0121762 0.0317308 -0.0211712 0.00844444
internal_weight=1929 609 1320 615 362 504 316 705 215 490 386 104 111 450
internal_count=1929 609 1320 615 362 504 316 705 215 490 386 104 111 450
is_linear=0
shrinkage=0.05


Tree=9
num_leaves=15
num_cat=0
split_feature=0 1 4 3 2 1 0 4 1 0 0 0 3 0
split_gain=85.0925 22.7135 17.2336 11.8057 9.56772 6.47199 6.65348 8.32835 9.96098 9.65079 6.72 5.78807 5.68733 5.58884
threshold=23.348500000000005 0.79018178354239854 11.780000000000003 91.138000000000019 0.22790171382004171 0.25084665036108239 21.473000000000003 23.567500000000006 -0.30451802849190396 14.078500000000002 13.836500000000003 12.599500000000001 0.17850000000000002 26.456000000000003
decision_type=2 2 2 2 2 2 2 2 2 2 2 2 2 2
left_child=3 2 -2 5 11 6 7 8 9 -1 -10 -5 -11 -3
right_child=1 13 -4 4 -6 -7 -8 -9 10 12 -12 -13 -14 -15
leaf_value=0.042015854482170968 -0.044877694054831718 0.012007798127519974 -0.02099616569043234 0.056350776828329056 0.084612230984608239 0.015896755962412624 -0.013201281342454636 0.034453583450171098 -0.024302648169980942 -0.0090383037069559809 0.00024523874528353806 0.021288953649878439 0.017178445343546189 -0.007291030053774095
leaf_weight=43 206 94 401 52 49 286 42 41 50 68 70 227 143 157
leaf_count=43 206 94 401 52 49 286 42 41 50 68 70 227 143 157
internal_value=7.77605e-05 -0.011655 -0.0168863 0.00947712 0.017378 0.00598923 0.00229759 0.00421687 0.00187166 0.00748031 -0.01 0.0137993 0.00308057 0.000996016
internal_weight=1929 858 607 1071 328 743 457 415 374 254 120 279 211 251
internal_count=1929 858 607 1071 328 743 457 415 374 254 120 279 211 251
is_linear=0
shrinkage=0.05


Tree=10
num_leaves=15
num_cat=0
split_feature=0 1 0 4 4 2 3 1 1 1 4 0 1 1
split_gain=74.0181 15.4977 21.2083 14.6996 9.51184 8.86 8.75731 6.99592 6.70078 6.39323 5.81798 5.41647 4.4552 4.49304
threshold=26.936500000000006 -0.90149333598846393 18.968500000000002 12.454000000000002 6.9440000000000008 0.26123699986315735 68.217000000000013 0.081558489694578698 0.38118653245548312 -0.97505550290239429 20.082500000000003 33.255000000000003 -0.47813486327663873 0.030073020370188292
decision_type=2 2 2 2 2 2 2 2 2 2 2 2 2 2
left_child=1 2 9 -2 7 -5 -6 -3 -7 -1 -4 -10 -8 -14
right_child=3 4 10 5 6 8 12 -9 11 -11 -12 -13 13 -15
leaf_value=0.037018956273329316 -0.040073508530827744 -0.026612459607150619 -0.023643221988972382 0.016379724219325952 0.0089576623379688022 -0.027500538352247306 0.050271361854088849 0.010546710895178829 0.0041735215919657563 0.0077897506912167616 -0.0089301814466747585 -0.018326477811987797 0.0033916697547425965 0.028877583083584901
leaf_weight=44 247 52 86 46 619 178 88 80 91 42 40 47 71 198
leaf_count=44 247 52 86 46 619 178 88 80 91 42 40 47 71 198
internal_value=0.000544323 0.00719697 -0.00518868 -0.0138752 0.00956679 -0.00745856 0.0112705 -0.0030303 -0.010443 0.0139535 -0.018254 -0.00217391 0.017507 0.0143123
internal_weight=1929 1320 212 609 1108 362 976 132 316 86 126 138 357 269
internal_count=1929 1320 212 609 1108 362 976 132 316 86 126 138 357 269
is_linear=0
shrinkage=0.05


Tree=11
num_leaves=15
num_cat=0
split_feature=0 1 4 3 2 2 4 1 1 0 0 0 2 2
split_gain=69.5413 20.8353 15.9693 9.84937 8.09391 6.16021 5.6262 6.73795 6.37401 9.95939 5.64667 5.50134 6.31246 5.09274
threshold=23.348500000000005 0.75471874543923556 9.1810000000000027 91.423500000000004 0.22790171382004171 0.78884570776442897 23.567500000000006 0.25084665036108239 -0.30451802849190396 14.078500000000002 13.836500000000003 28.732500000000005 0.092265415903232631 0.95760036582190977
decision_type=2 2 2 2 2 2 2 2 2 2 2 2 2 2
left_child=3 2 5 6 -5 -2 7 8 9 -1 -10 12 -3 -4
right_child=1 11 13 4 -6 -7 -8 -9 10 -11 -12 -13 -14 -15
leaf_value=0.039467178641163982 -0.062961254199000838 -9.0454994452232595e-05 -0.012276360158649073 0.024139962086845004 0.08071533474320064 -0.039719838683281106 0.028070577131703502 0.012813480517261175 -0.023535398878380336 0.00046668025207713404 -0.00021490630887907871 -0.010658011523597119 0.021411609157418424 -0.036947183669060905
leaf_weight=43 40 85 344 277 48 79 77 265 50 241 70 121 61 128
leaf_count=43 40 85 344 277 48 79 77 265 50 241 70 121 61 128
internal_value=0.000699844 -0.00990676 -0.0151438 0.00919701 0.0164615 -0.0315126 0.00603217 0.00455904 0.00049505 0.00457746 -0.00916667 0.00168539 0.00821918 -0.0110169
internal_weight=1929 858 591 1071 325 119 746 669 404 284 120 267 146 472
internal_count=1929 858 591 1071 325 119 746 669 404 284 120 267 146 472
is_linear=0
shrinkage=0.05


Tree=12
num_leaves=15
num_cat=0
split_feature=0 1 4 3 2 4 2 4 0 0 3 4 4 2
split_gain=65.8551 21.2598 13.0614 9.93346 9.92078 9.93232 7.9189 8.89762 7.90001 7.06509 6.91366 6.74489 6.52505 5.74134
threshold=23.348500000000005 0.5043284533698108 9.1810000000000027 15.113500000000002 -0.46997674302732012 10.872500000000002 -0.59573786270597295 6.9440000000000008 19.918000000000003 28.600500000000004 5.0010000000000003 16.5425 10.018000000000002 -0.8069893509785715
decision_type=2 2 2 2 2 2 2 2 2 2 2 2 2 2
left_child=3 2 -2 4 5 -1 7 -5 11 -3 13 -8 -11 -7
right_child=1 9 -4 6 -6 10 8 -9 -10 12 -12 -13 -14 -15
leaf_value=-0.0037912517054665418 -0.049619970813229726 0.0063366898114364471 -0.020044922695891042 -0.021181518776846889 -0.0069724994514509565 0.010517155183976971 0.064280344591702288 0.015417226464736629 0.02300410577580024 -0.038905498713765772 -0.0038700696427036076 0.026676191094705162 -0.0028251125448217427 0.025341943625917636
leaf_weight=112 98 162 406 55 157 102 76 284 108 53 48 58 139 71
leaf_count=112 98 162 406 55 157 102 76 284 108 53 48 58 139 71
internal_value=0.000648004 -0.00967366 -0.0162698 0.0089169 0.00367347 0.00855856 0.0133391 0.00840708 0.0202479 -0.000282486 0.0147059 0.0283582 -0.00677083 0.0193642
internal_weight=1929 858 504 1071 490 333 581 339 242 354 221 134 192 173
internal_count=1929 858 504 1071 490 333 581 339 242 354 221 134 192 173
is_linear=0
shrinkage=0.05


Tree=13
num_leaves=15
num_cat=0
split_feature=0 1 4 3 2 4 1 4 1 0 0 0 0 0
split_gain=62.1097 20.9568 12.086 10.2857 8.35881 7.21529 5.91624 6.70988 5.43188 8.85151 5.64667 5.36229 5.21763 5.09614
threshold=23.348500000000005 0.5043284533698108 9.1810000000000027 91.423500000000004 0.22790171382004171 6.7575000000000012 0.25084665036108239 23.567500000000006 -0.30451802849190396 14.078500000000002 13.836500000000003 31.714000000000002 26.456000000000003 12.599500000000001
decision_type=2 2 2 2 2 2 2 2 2 2 2 2 2 2
left_child=3 2 -2 6 13 -3 7 8 9 -1 -10 -4 -7 -5
right_child=1 5 11 4 -6 12 -8 -9 10 -11 -12 -13 -14 -15
leaf_value=0.036226722527809903 -0.04713897227256824 -0.038429273934107437 -0.013871446844306854 0.051484739840904015 0.075437560584277974 0.010473749008001338 0.012203481137897371 0.029712565327640023 -0.022165125452326139 -3.833675517436186e-05 -0.00071637944598468978 -0.026861706562568123 -0.0026838569175806543 0.016065760304220827
leaf_weight=43 98 40 280 52 48 91 288 54 50 241 70 126 223 225
leaf_count=43 98 40 280 52 48 91 288 54 50 241 70 126 223 225
internal_value=0.000699844 -0.00932401 -0.015873 0.00873016 0.0161538 0 0.00549598 0.00196507 -0.000247525 0.00352113 -0.00916667 -0.012069 0.00254777 0.0128159
internal_weight=1929 858 504 1071 325 354 746 458 404 284 120 406 314 277
internal_count=1929 858 504 1071 325 354 746 458 404 284 120 406 314 277
is_linear=0
shrinkage=0.05


Tree=14
num_leaves=15
num_cat=0
split_feature=0 1 0 4 4 3 1 1 2 4 1 2 0 2
split_gain=57.2339 20.229 11.2306 10.0088 9.9127 8.59834 6.76749 9.50344 6.58561 6.41825 7.06213 6.07156 5.79978 5.58247
threshold=23.348500000000005 0.30041382580050413 28.600500000000004 15.461000000000002 7.894000000000001 1.0000000180025095e-35 -0.65189295912203338 -0.34156760613242332 0.45207220393230446 8.4820000000000011 0.3491821996099142 -0.28192241106630667 32.454500000000003 0.023632005545605003
decision_type=2 2 2 2 2 2 2 2 2 2 2 2 2 2
left_child=5 3 13 6 -4 11 -2 -8 9 10 -7 -1 -5 -3
right_child=1 2 4 12 -6 8 7 -9 -10 -11 -12 -13 -14 -15
leaf_value=0.0063893378104940201 -0.051205647866103654 -0.00064133914737689042 -0.041751428975767071 -0.0071010935240446056 -0.0070866144246266582 -0.015719705542518159 0.0041058998127645524 -0.035930317156592173 0.049879505329460061 0.016121892293677321 0.021155950883879518 -0.012211336240901705 -0.023727091415358295 0.010847089231378502
leaf_weight=168 89 73 41 147 200 82 41 110 63 649 57 52 54 103
leaf_count=168 89 73 41 147 200 82 41 110 63 649 57 52 54 103
internal_value=0.000648004 -0.00897436 -0.00107914 -0.0164399 -0.00809129 0.00835668 -0.0233333 -0.0168874 0.0106345 0.00939086 -0.000359712 -0.000454545 -0.00820896 0.00852273
internal_weight=1929 858 417 441 241 1071 240 151 851 788 139 220 201 176
internal_count=1929 858 417 441 241 1071 240 151 851 788 139 220 201 176
is_linear=0
shrinkage=0.05


Tree=15
num_leaves=15
num_cat=0
split_feature=0 1 0 4 4 3 2 2 1 0 1 0 0 1
split_gain=52.2603 17.2893 9.74684 9.9127 9.41497 8.91743 9.74732 7.01365 6.14998 6.43451 7.02112 7.56426 5.71127 4.02006
threshold=23.348500000000005 0.30041382580050413 28.600500000000004 7.894000000000001 11.356500000000002 91.423500000000004 0.22790171382004171 0.092265415903232631 0.25084665036108239 19.329000000000004 -0.32533907195844741 13.764500000000002 14.078500000000002 -0.65189295912203338
decision_type=2 2 2 2 2 2 2 2 2 2 2 2 2 2
left_child=5 4 7 -4 13 8 -7 -3 9 10 12 -12 -1 -2
right_child=1 2 3 -5 -6 6 -8 -9 -10 -11 11 -13 -14 -15
leaf_value=0.033609291786735544 -0.051521000403097331 -0.0004329311743679926 -0.039663857526978721 -0.0067322837033953259 -0.017676387118506671 0.019598823460567284 0.069171707288591053 0.015082911621682571 0.010698687663683943 -0.013084460161999288 -0.016910847059097522 0.005271901208725613 0.013892199945036487 -0.030625519989668587
leaf_weight=45 45 85 41 200 304 277 48 91 288 96 55 84 178 92
leaf_count=45 45 85 41 200 304 277 48 91 288 96 55 84 178 92
internal_value=0.000336962 -0.00885781 -0.00155875 -0.00809129 -0.0157596 0.00770308 0.0146154 0.00738636 0.00469169 0.0010917 0.00414365 -0.00467626 0.00964126 -0.0266423
internal_weight=1929 858 417 241 441 1071 325 176 746 458 362 139 223 137
internal_count=1929 858 417 241 441 1071 325 176 746 458 362 139 223 137
is_linear=0
shrinkage=0.05


Tree=16
num_leaves=15
num_cat=0
split_feature=0 1 3 4 4 2 2 4 2 0 3 0 1 4
split_gain=50.3637 15.6829 9.454 9.20701 6.92837 6.72754 6.48356 5.85711 7.53725 4.81334 6.2404 4.42007 6.28496 5.56082
threshold=23.348500000000005 0.67050644418468353 0.040000000000000001 9.1810000000000027 15.018000000000002 0.45207220393230446 -0.28192241106630667 8.4820000000000011 -0.57729161655172734 27.630500000000001 0.64750000000000008 20.020000000000003 0.60434081882701174 23.900000000000002
decision_type=2 2 2 2 2 2 2 2 2 2 2 2 2 2
left_child=2 3 6 -2 9 7 -1 8 -4 -3 -11 12 13 -9
right_child=1 4 5 -5 -6 -7 -8 11 -10 10 -12 -13 -14 -15
leaf_value=0.0048582636520113926 -0.040147491827944408 0.0056782079603302478 -0.020084799248411618 -0.015022835987719913 0.010003775073688515 0.044562929332823083 -0.012815557067575256 0.010631634118866253 0.022223567240577304 0.0015131747037392326 -0.032595476806245215 0.0068490427965462982 0.035694299669843076 0.024695009987808488
leaf_weight=173 111 86 96 448 109 62 54 376 40 42 62 121 72 77
leaf_count=173 111 86 96 448 109 62 54 376 40 42 62 121 72 77
internal_value=0.000285122 -0.00874126 0.00751634 -0.0136852 0.000501672 0.00995261 -0.00154185 0.00869565 -0.000735294 -0.00526316 -0.0125 0.0106811 0.0126667 0.0104857
internal_weight=1929 858 1071 559 299 844 227 782 136 190 104 646 525 453
internal_count=1929 858 1071 559 299 844 227 782 136 190 104 646 525 453
is_linear=0
shrinkage=0.05


Tree=17
num_leaves=15
num_cat=0
split_feature=0 1 0 4 4 3 2 2 0 2 1 0 1 2
split_gain=45.8459 14.6388 9.74684 9.9127 8.94413 8.87834 7.01365 6.48356 6.24464 12.8593 5.7508 5.4625 5.49853 9.36565
threshold=23.348500000000005 0.30041382580050413 28.600500000000004 7.894000000000001 8.4820000000000011 0.040000000000000001 0.092265415903232631 -0.28192241106630667 14.772 -0.79877937288636469 -0.085847649446570765 20.020000000000003 0.098678873477280007 -0.26538825390934467
decision_type=2 2 2 2 2 2 2 2 2 2 2 2 2 2
left_child=5 4 6 -4 -2 7 -3 -1 9 -7 -6 12 13 -10
right_child=1 2 3 -5 10 8 -8 -9 11 -11 -12 -13 -14 -15
leaf_value=0.0046153504694108225 -0.048074444485208805 -0.00069519501366610559 -0.035673290059232567 -0.005818707209893712 -0.01136892298845571 -0.00082921893928894908 0.014416441188405899 -0.012174779214196494 0.010064077254419962 0.033478768515086299 -0.032486936631568451 0.010762729421953559 0.02782267912888417 0.033603763908986797
leaf_weight=173 69 85 41 200 284 234 91 54 151 67 88 178 136 78
leaf_count=173 69 85 41 200 284 234 91 54 151 67 88 178 136 78
internal_value=0.000336962 -0.00827506 -0.00155875 -0.00809129 -0.0146259 0.00723623 0.00738636 -0.00154185 0.00959716 0.0038206 -0.0115591 0.0127993 0.0163014 0.0115721
internal_weight=1929 858 417 241 441 1071 176 227 844 301 372 543 365 229
internal_count=1929 858 417 241 441 1071 176 227 844 301 372 543 365 229
is_linear=0
shrinkage=0.05


Tree=18
num_leaves=15
num_cat=0
split_feature=0 1 4 4 3 1 1 2 1 0 4 2 3 0
split_gain=41.2762 13.6403 9.7247 8.21269 7.78126 6.35419 10.3958 6.27168 5.91109 5.7124 4.65534 7.53725 4.4754 4.20843
threshold=23.348500000000005 0.30041382580050413 5.9615000000000009 15.461000000000002 0.040000000000000001 -0.6118807350392268 -0.14153898451656977 0.45207220393230446 -0.27159603410350847 26.456000000000003 8.4820000000000011 -0.57729161655172734 7.355500000000001 13.764500000000002
decision_type=2 2 2 2 2 2 2 2 2 2 2 2 2 2
left_child=4 3 -3 5 8 12 -7 10 -1 -4 11 -6 -2 -12
right_child=1 2 9 -5 7 6 -8 -9 -10 -11 13 -13 -14 -15
leaf_value=-0.0092522571712591872 -0.045462777294208667 -0.033399809608188606 0.012854507597086904 -0.012820558379891373 -0.019176608912870596 -0.00049573387817339332 -0.031007010111233291 0.040906825785695093 0.0051247442716092799 -0.0051451141396979157 0.0037670144724549384 0.020574252407450762 -0.042009937583744619 0.016760743420523295
leaf_weight=95 52 40 96 201 96 70 77 62 132 281 169 40 41 477
leaf_count=95 52 40 96 201 96 70 77 62 132 281 169 40 41 477
internal_value=0.000129601 -0.00804196 -0.00155875 -0.0141723 0.006676 -0.0204167 -0.0139456 0.00888626 -0.00154185 0.000928382 0.00767263 -0.000735294 -0.0306452 0.00944272
internal_weight=1929 858 417 441 1071 240 147 844 227 377 782 136 93 646
internal_count=1929 858 417 441 1071 240 147 844 227 377 782 136 93 646
is_linear=0
shrinkage=0.05


Tree=19
num_leaves=15
num_cat=0
split_feature=0 3 2 1 4 0 2 2 2 3 4 0 1 2
split_gain=40.4458 9.85333 9.53811 9.17315 8.32064 7.90339 7.73709 6.54733 6.15649 6.56566 6.28019 5.31165 5.30871 5.51683
threshold=25.241000000000003 91.803000000000011 0.99630826919114179 -0.86095304316285715 12.262000000000002 18.968500000000002 -0.079425928728534406 0.34313907657789455 -0.91780143710280748 7.1065000000000014 12.779500000000002 14.078500000000002 -0.65189295912203338 0.95760036582190977
decision_type=2 2 2 2 2 2 2 2 2 2 2 2 2 2
left_child=1 3 4 5 12 -1 -7 -3 9 10 -5 -11 -2 -14
right_child=2 7 -4 8 -6 6 -8 -9 -10 11 -12 -13 13 -15
leaf_value=0.013024294151132208 -0.044374903482830595 0.016460682434605987 -0.030539691406687913 -0.0051169525936183681 -0.0057915552951637479 -0.0017043345475191624 -0.029577921604357679 0.056655472955529418 0.0081588279167333615 -0.021996913155694606 0.022924879495234918 0.0016338249623051992 -0.011312554265709318 -0.058090984517831172
leaf_weight=65 42 297 47 48 426 41 51 56 493 41 69 40 169 44
leaf_count=65 42 297 47 48 426 41 51 56 493 41 69 40 169 44
internal_value=0.000233281 0.00587011 -0.00906593 0.00294811 -0.00756241 -0.00796178 -0.0173913 0.0128895 0.00542692 -0.0020202 0.00555556 -0.012963 -0.0147059 -0.0115023
internal_weight=1929 1201 728 848 681 157 92 353 691 198 117 81 255 213
internal_count=1929 1201 728 848 681 157 92 353 691 198 117 81 255 213
is_linear=0
shrinkage=0.05


Tree=20
num_leaves=15
num_cat=0
split_feature=0 3 1 0 2 4 2 2 1 4 1 1 0 2
split_gain=35.931 13.6934 13.7074 9.50569 8.3693 8.65808 8.29859 6.43299 6.3702 6.02609 6.26453 9.6846 6.50525 10.476
threshold=26.936500000000006 92.931500000000014 -0.86095304316285715 18.968500000000002 0.95760036582190977 6.4340000000000011 -0.062278703982132359 0.12643880951666986 -0.57659668305444411 8.4820000000000011 -0.49750868180287644 0.098678873477280007 13.764500000000002 -0.46997674302732012
decision_type=2 2 2 2 2 2 2 2 2 2 2 2 2 2
left_child=1 2 3 -1 5 -2 -5 -3 -7 -4 -11 -12 -13 -14
right_child=4 7 9 6 -6 8 -8 -9 -10 10 11 12 13 -15
leaf_value=0.012646896274497494 -0.030639190723079825 0.014831746214503198 -0.0068538932969139437 -0.0023653403616720023 -0.030112453229004146 -0.020488060058705633 -0.030741258561796575 0.048430769589863087 -0.00038661811652503656 0.021270954465326182 -0.0053996894805329728 -0.0066138591881858225 0.019795824983150769 0.001809464090585275
leaf_weight=66 50 280 133 47 144 107 67 97 308 134 155 40 148 153
leaf_count=66 50 280 133 47 144 107 67 97 308 134 155 40 148 153
internal_value=0.000440643 0.00507576 0.00185578 -0.0105556 -0.00960591 -0.00634409 -0.0192982 0.01313 -0.0039759 0.00478375 0.0068254 0.00423387 0.00894428 0.0114618
internal_weight=1929 1320 943 180 609 465 114 377 415 763 630 496 341 301
internal_count=1929 1320 943 180 609 465 114 377 415 763 630 496 341 301
is_linear=0
shrinkage=0.05


Tree=21
num_leaves=15
num_cat=0
split_feature=0 3 1 0 2 4 2 2 4 1 1 3 1 0
split_gain=33.6805 12.0692 13.4742 9.50569 8.63228 8.84857 8.29859 7.38869 5.8058 6.02353 5.5824 4.94604 4.79698 4.39392
threshold=26.936500000000006 92.931500000000014 -0.86095304316285715 18.968500000000002 0.95760036582190977 6.4340000000000011 -0.062278703982132359 0.12643880951666986 7.0325000000000015 -0.7721494341254892 -0.49750868180287644 82.371500000000012 -0.34156760613242332 17.248000000000001
decision_type=2 2 2 2 2 2 2 2 2 2 2 2 2 2
left_child=1 2 3 -1 5 -2 -5 13 -4 -10 -7 -12 -9 -3
right_child=4 7 8 6 -6 10 -8 12 9 -11 11 -13 -14 -15
leaf_value=0.01201455146077262 -0.029107231186925833 0.017632889688039523 -0.012707102150227169 -0.0022470733435884026 -0.028606830567553934 -0.019277795303000705 -0.029204195633706749 0.029641724221644929 0.022096067241655758 0.0053028775416716703 0.0024968974135301247 -0.01663530299332756 0.075932729178136898 -0.00053821621994565034
leaf_weight=66 50 185 83 47 144 114 67 57 40 640 237 64 40 95
leaf_count=66 50 185 83 47 144 114 67 57 40 640 237 64 40 95
internal_value=0.000285122 0.00477273 0.00174973 -0.0105556 -0.00944171 -0.00612903 -0.0192982 0.0123342 0.00465269 0.00617647 -0.00373494 -0.000166113 0.0242268 0.00821429
internal_weight=1929 1320 943 180 609 465 114 377 763 680 415 301 97 280
internal_count=1929 1320 943 180 609 465 114 377 763 680 415 301 97 280
is_linear=0
shrinkage=0.05


Tree=22
num_leaves=15
num_cat=0
split_feature=0 3 2 0 4 1 2 4 0 4 0 0 1 2
split_gain=30.6612 8.80848 8.0682 11.9004 7.84882 7.69642 7.56178 8.74063 8.45475 7.48521 6.17278 5.56037 4.80258 6.1769
threshold=25.241000000000003 68.88900000000001 0.95760036582190977 30.408000000000005 6.8305000000000016 -0.86095304316285715 -0.87620967433411445 17.097500000000004 14.404500000000001 11.256000000000002 12.599500000000001 16.729500000000005 -0.57659668305444411 0.26123699986315735
decision_type=2 2 2 2 2 2 2 2 2 2 2 2 2 2
left_child=1 5 4 -4 -2 9 8 11 10 -1 -3 -8 13 -6
right_child=2 6 3 -5 12 -7 7 -9 -10 -11 -12 -13 -14 -15
leaf_value=-0.012987580296114815 -0.027616684884248 0.021297967624828829 0.0035959663966085853 -0.034779450412547895 0.0094840130238537032 0.0039674481954948687 0.075677468163820927 0.01082156644040101 0.017915480743842329 -0.0019506277302024308 -0.040089555775255782 0.015896160114995377 -0.00027246310559337906 -0.03001744678837286
leaf_weight=45 61 44 47 112 44 607 58 123 49 100 43 132 367 97
leaf_count=45 61 44 47 112 44 607 58 123 49 100 43 132 367 97
internal_value=0.000129601 0.00503747 -0.00796703 -0.0179245 -0.00518453 0.00172872 0.0105791 0.0148562 0.000735294 -0.00862069 -0.00862069 0.0215789 -0.00314961 -0.0109929
internal_weight=1929 1201 728 159 569 752 449 313 136 145 87 190 508 141
internal_count=1929 1201 728 159 569 752 449 313 136 145 87 190 508 141
is_linear=0
shrinkage=0.05


Tree=23
num_leaves=15
num_cat=0
split_feature=0 3 2 0 2 4 0 4 1 4 0 4 0 2
split_gain=28.125 9.53074 6.96103 10.5248 6.79478 8.74063 7.78235 6.70121 6.52153 6.19172 5.56037 4.43718 4.39464 4.2841
threshold=25.241000000000003 68.88900000000001 0.95760036582190977 30.408000000000005 -0.87620967433411445 17.097500000000004 14.772 6.8305000000000016 -0.86095304316285715 11.256000000000002 16.729500000000005 10.018000000000002 19.572000000000003 -0.079425928728534406
decision_type=2 2 2 2 2 2 2 2 2 2 2 2 2 2
left_child=1 8 7 -4 6 10 -3 -2 9 -1 -6 -12 -7 -11
right_child=2 4 3 -5 5 12 -8 -9 -10 13 11 -13 -14 -15
leaf_value=-0.012338201281309073 -0.026235850640035599 -0.0073082362140266368 0.0034161680767781592 -0.033040477891920501 0.071893594755629883 0.017342056548856035 0.022711724522380083 -0.0045597049252713738 0.0037690757857201255 0.01535754837894876 0.0048723719073859939 0.026205989097947892 -0.012080154558059119 -0.0098738215980385853
leaf_weight=45 61 96 47 112 58 74 40 508 607 59 53 79 49 41
leaf_count=45 61 96 47 112 58 74 40 508 607 59 53 79 49 41
internal_value=0.000336962 0.00503747 -0.00741758 -0.0166667 0.0108018 0.0148562 0.00147059 -0.00483304 0.00159574 -0.00793103 0.0215789 0.0159091 0.00447154 -0.001
internal_weight=1929 1201 728 159 449 313 136 569 752 145 190 132 123 100
internal_count=1929 1201 728 159 449 313 136 569 752 145 190 132 123 100
is_linear=0
shrinkage=0.05


Tree=24
num_leaves=15
num_cat=0
split_feature=0 3 1 2 4 0 1 2 2 3 3 4 4 2
split_gain=23.2438 6.92664 7.7528 7.2007 5.90944 6.57886 4.77848 4.71212 4.69883 5.00651 4.6646 5.92485 4.53851 8.23099
threshold=25.241000000000003 91.803000000000011 -0.90149333598846393 0.34313907657789455 6.7575000000000012 30.988500000000005 0.53371312107676727 -0.91780143710280748 0.46105717635705401 65.419000000000025 35.120500000000007 12.779500000000002 17.097500000000004 -0.78621243120361772
decision_type=2 2 2 2 2 2 2 2 2 2 2 2 2 2
left_child=1 2 -1 12 5 -2 -6 10 9 -9 11 -4 13 -3
right_child=4 3 7 -5 6 -7 -8 8 -10 -11 -12 -13 -14 -15
leaf_value=-0.0071057076542941416 -0.0099684753478430158 0.013977605909509333 -0.007638276321245638 0.047005155188210239 -0.013307088944408596 -0.051473254582797362 0.00040953050447715137 0.0066099128710274003 -0.0078705139271340787 0.026817150536554181 -0.023279717256027413 0.011952339950312744 -6.0961819413313245e-05 0.025626024935521654
leaf_weight=130 40 91 56 56 399 42 247 404 56 60 52 90 117 89
leaf_count=130 40 91 56 56 399 42 247 404 56 60 52 90 117 89
internal_value=0.000181441 0.00445462 0.00200472 0.0103399 -0.00686813 -0.0195122 -0.00526316 0.004039 0.00653846 0.00818966 -0.00252525 0.00205479 0.00723906 0.0122222
internal_weight=1929 1201 848 353 728 82 646 718 520 464 198 146 297 180
internal_count=1929 1201 848 353 728 82 646 718 520 464 198 146 297 180
is_linear=0
shrinkage=0.05


Tree=25
num_leaves=15
num_cat=0
split_feature=0 3 2 4 2 2 4 1 0 1 0 0 0 4
split_gain=21.7523 9.74079 8.1144 6.40748 7.37211 5.85885 6.24111 7.81902 7.71126 6.59108 6.02784 5.55297 6.5786 4.65274
threshold=26.936500000000006 1.0805000000000002 -0.15621076983770799 12.307 0.26123699986315735 0.45207220393230446 23.900000000000002 0.60434081882701174 21.093000000000004 -0.80392051724781044 21.544500000000003 32.991000000000007 34.773500000000006 12.651000000000002
decision_type=2 2 2 2 2 2 2 2 2 2 2 2 2 2
left_child=1 2 13 -2 -5 6 7 8 9 -3 -7 -6 -13 -1
right_child=3 5 -4 4 11 10 -8 -9 -10 -11 -12 12 -14 -15
leaf_value=-0.0045093971856489251 -0.020474810146129764 0.02000307180763039 -0.012171885637538094 0.020973615918995648 -0.0051855284898191314 0.042577564948680077 0.01673418564689921 0.014135875840299923 -0.017489806615751342 -0.001351394940976506 0.0097506750703284361 -0.022697640934043251 -0.004897637643866859 0.008846057893653685
leaf_weight=144 239 105 96 46 212 40 109 214 51 346 88 51 61 127
leaf_count=144 239 105 96 46 212 40 109 214 51 346 88 51 61 127
internal_value=0.000181441 0.00378788 -0.00313351 -0.00763547 -0.00351351 0.00645331 0.00490909 0.00321229 -0.000199203 0.0018847 0.0164063 -0.00617284 -0.0151786 0.00129151
internal_weight=1929 1320 367 609 370 953 825 716 502 451 128 324 112 271
internal_count=1929 1320 367 609 370 953 825 716 502 451 128 324 112 271
is_linear=0
shrinkage=0.05


Tree=26
num_leaves=15
num_cat=0
split_feature=0 1 0 3 2 4 0 4 0 4 4 0 3 1
split_gain=19.4477 6.75 9.52486 7.98382 7.11701 9.82863 9.40376 6.43419 6.57886 6.35216 5.68493 5.64062 5.17756 5.11743
threshold=25.241000000000003 -0.86095304316285715 18.968500000000002 16.563500000000001 -0.79877937288636469 23.900000000000002 15.874500000000001 6.7575000000000012 30.988500000000005 6.4340000000000011 18.364000000000004 19.918000000000003 0.35250000000000004 0.53371312107676727
decision_type=2 2 2 2 2 2 2 2 2 2 2 2 2 2
left_child=1 2 3 -1 5 -3 -6 8 -2 -8 -4 -11 -13 -9
right_child=7 4 10 -5 6 -7 9 13 -10 11 -12 12 -14 -15
leaf_value=-0.011667122917600282 -0.0099575853339672841 -0.0018780010086942329 -0.016615316284963776 0.026500623898687337 0.021277435184884758 0.020745220242682012 -0.012300111844764676 -0.012382458072697212 -0.047875851346351 0.018891738043755487 -0.0020629759422955418 -0.0061457832902293182 0.010342033610792143 0.00053307132646867044
leaf_weight=44 40 387 67 61 90 55 46 399 42 144 51 80 176 247
leaf_count=44 40 387 67 61 90 55 46 399 42 144 51 80 176 247
internal_value=0.000129601 0.0040383 -0.00381166 0.00714286 0.00582822 0.00113122 0.00970149 -0.00631868 -0.0195122 0.00672646 -0.0135593 0.00875 0.00429688 -0.00464396
internal_weight=1929 1201 223 105 978 442 536 728 82 446 118 400 256 646
internal_count=1929 1201 223 105 978 442 536 728 82 446 118 400 256 646
is_linear=0
shrinkage=0.05


Tree=27
num_leaves=15
num_cat=0
split_feature=0 1 0 2 3 1 4 1 4 3 4 2 4 3
split_gain=19.3684 7.96727 11.8437 8.2644 6.46586 6.32374 9.32171 8.38537 12.6767 7.0734 6.02784 5.88093 5.4476 5.17642
threshold=26.936500000000006 -0.86095304316285715 19.572000000000003 -0.062278703982132359 8.8880000000000017 -0.59402672566899761 9.698500000000001 0.098678873477280007 23.459000000000003 99.998000000000005 20.441000000000006 0.95760036582190977 6.4340000000000011 82.371500000000012
decision_type=2 2 2 2 2 2 2 2 2 2 2 2 2 2
left_child=1 2 4 -4 -1 6 -3 8 -7 -9 -8 12 -2 -14
right_child=11 5 3 -5 -6 7 10 9 -10 -11 -12 -13 13 -15
leaf_value=-0.011186888028825094 -0.021122672190405672 -0.00038627349230179744 0.003119790115883714 -0.025677208236726968 0.023206907754681056 -0.0074538407172018099 0.033458701981065431 0.003756826579648315 0.023175755270405437 0.024757582061838188 0.0032186693178827396 -0.021467236693938858 0.00067170331264871795 -0.018273650481190885
leaf_weight=41 50 43 53 82 74 255 88 500 43 101 40 144 314 101
leaf_count=41 50 43 53 82 74 255 88 500 43 101 40 144 314 101
internal_value=0.000233281 0.00363636 -0.0044 -0.0144444 0.0073913 0.00551402 0.0143275 0.0038376 -0.00302013 0.00723794 0.0210938 -0.00714286 -0.0044086 -0.00253012
internal_weight=1929 1320 250 135 115 1070 171 899 298 601 128 609 465 415
internal_count=1929 1320 250 135 115 1070 171 899 298 601 128 609 465 415
is_linear=0
shrinkage=0.05


Tree=28
num_leaves=15
num_cat=0
split_feature=0 3 1 2 2 4 1 4 2 0 0 0 0 2
split_gain=17.6821 8.33216 9.15701 8.86097 6.94158 6.23012 5.78574 5.56516 6.95276 4.35004 6.84327 4.38624 4.09275 6.71649
threshold=26.936500000000006 93.590000000000018 -0.86095304316285715 0.12643880951666986 0.22790171382004171 11.094500000000002 -0.78297285307474485 12.307 0.26123699986315735 33.107000000000006 34.773500000000006 29.042000000000005 17.128500000000003 -0.87620967433411445
decision_type=2 2 2 2 2 2 2 2 2 2 2 2 2 2
left_child=1 2 4 12 5 -1 -4 -2 -9 11 -11 -10 13 -3
right_child=7 3 6 -5 -6 -7 -8 8 9 10 -12 -13 -14 -15
leaf_value=-0.010161984281157586 -0.017812282340498399 0.0021511133651690275 0.016786627581074232 0.039761541554412284 -0.028836676820218229 0.0031201206561224716 0.0021453663050508458 0.020187584626069146 -0.013390247880721243 -0.019870274149009284 -0.003873019564524985 0.003999427879507792 -0.0027407157858294197 0.028528423522780313
leaf_weight=43 239 100 42 96 40 98 726 46 66 49 61 148 94 81
leaf_count=43 239 100 42 96 40 98 726 46 66 49 61 148 94 81
internal_value=0.000233281 0.00348485 0.00100105 0.00983827 -0.00911602 -0.00390071 0.00338542 -0.00681445 -0.00297297 -0.00555556 -0.0136364 -0.00140187 0.00527273 0.00966851
internal_weight=1929 1320 949 371 181 141 768 609 370 324 110 214 275 181
internal_count=1929 1320 949 371 181 141 768 609 370 324 110 214 275 181
is_linear=0
shrinkage=0.05


Tree=29
num_leaves=15
num_cat=0
split_feature=0 1 3 2 4 4 2 2 0 0 1 1 1 0
split_gain=17.8543 7.44657 6.13769 6.56092 6.34206 5.90333 9.51003 5.61993 7.76222 6.47012 5.98329 5.5815 5.0852 4.91844
threshold=23.348500000000005 0.75471874543923556 0.040000000000000001 0.34313907657789455 23.900000000000002 10.787000000000001 0.72731766296277522 -0.79877937288636469 14.248000000000003 14.772 1.0000000180025095e-35 -0.27159603410350847 0.99532555264836797 31.575000000000003
decision_type=2 2 2 2 2 2 2 2 2 2 2 2 2 2
left_child=2 5 11 4 7 6 -2 9 -9 -4 -11 -1 -3 -8
right_child=1 12 3 -5 -6 -7 13 8 -10 10 -12 -13 -14 -15
leaf_value=-0.005354770075523211 -0.033983268733687469 0.0042604943074342986 -0.0058944288219736438 0.023455813104863405 0.016332657265888995 -0.006321191800138193 0.0028675567253155787 0.044842842446030901 0.0061503349334329389 -0.0062626588265728205 0.022685619219424212 0.0023819256360182771 -0.010714637088483367 -0.035266744171552893
leaf_weight=95 51 225 204 72 102 422 53 41 315 47 63 132 42 65
leaf_count=95 51 225 204 72 102 422 53 41 315 47 63 132 42 65
internal_value=0.000129601 -0.00524476 0.00443511 0.0063981 0.00505181 -0.00837563 -0.0162722 0.00328358 0.00758427 -0.00159236 0.00818182 -0.00286344 0.00168539 -0.00847458
internal_weight=1929 858 1071 844 772 591 169 670 356 314 110 227 267 118
internal_count=1929 858 1071 844 772 591 169 670 356 314 110 227 267 118
is_linear=0
shrinkage=0.05


Tree=30
num_leaves=15
num_cat=0
split_feature=0 1 0 4 1 1 3 4 4 3 4 2 4 4
split_gain=16.1142 7.09148 11.306 7.31122 13.3357 9.42124 6.73793 5.68289 5.24182 6.56672 5.09956 6.95276 4.51381 7.80192
threshold=26.936500000000006 -0.86095304316285715 18.968500000000002 7.0325000000000015 0.081558489694578698 -0.59402672566899761 16.563500000000001 18.364000000000004 20.441000000000006 34.166500000000006 12.307 0.26123699986315735 9.8225000000000016 10.572500000000002
decision_type=2 2 2 2 2 2 2 2 2 2 2 2 2 2
left_child=1 2 6 4 -3 8 -1 -4 9 -5 -2 -12 -7 -14
right_child=10 3 7 5 -6 12 -8 -9 -10 -11 11 -13 13 -15
leaf_value=-0.010080637275876974 -0.016551911193459636 -0.028601607960026892 -0.016404062755987544 0.013498401239300017 0.0041206223646806537 0.0073468246421085712 0.020975278205421957 -0.00085392740525765684 0.0013627847694091925 0.042558207605138801 0.019229722832083285 -0.0064830900479108527 -0.012561463143978775 0.0054913678741686624
leaf_weight=44 239 48 85 58 86 115 61 60 40 52 46 324 48 623
leaf_count=44 239 48 85 58 86 115 61 60 40 52 46 324 48 623
internal_value=7.77605e-05 0.00318182 -0.0044 0.00495327 -0.00597015 0.00651709 0.00809524 -0.0134483 0.018 0.0236364 -0.00665025 -0.00297297 0.0043257 0.00275708
internal_weight=1929 1320 250 1070 134 936 105 145 150 110 609 370 786 671
internal_count=1929 1320 250 1070 134 936 105 145 150 110 609 370 786 671
is_linear=0
shrinkage=0.05


Tree=31
num_leaves=15
num_cat=0
split_feature=0 3 1 4 2 2 4 2 1 0 0 0 0 2
split_gain=16.3635 8.22166 7.82751 6.76431 6.57361 5.67907 5.09956 6.95276 4.5797 4.35004 6.84327 4.38624 3.82366 6.75843
threshold=26.936500000000006 93.590000000000018 -0.86095304316285715 11.094500000000002 0.12643880951666986 -0.02793410925094832 12.307 0.26123699986315735 -0.78297285307474485 33.107000000000006 34.773500000000006 29.042000000000005 17.248000000000001 -0.87620967433411445
decision_type=2 2 2 2 2 2 2 2 2 2 2 2 2 2
left_child=1 2 3 -1 12 -5 -2 -8 -4 11 -11 -9 13 -3
right_child=6 4 8 5 -6 -7 7 9 -10 10 -12 -13 -14 -15
leaf_value=-0.011204625572675162 -0.015724315633786658 0.00095235643990769373 0.013828091981133363 0.010827995390128922 0.035756761798809517 -0.01138131433512516 0.018268236690479122 -0.01234506354697204 0.0011877143107937916 -0.018236546349156359 -0.0035682387992749089 0.0043889597557582411 -0.0050216478650153412 0.023675020201536629
leaf_weight=53 239 100 42 72 96 56 46 66 726 49 61 148 91 84
leaf_count=53 239 100 42 72 96 56 46 66 726 49 61 148 91 84
internal_value=0.000129601 0.00325758 0.000790306 -0.00856354 0.00956873 -0.00234375 -0.00665025 -0.00297297 0.00299479 -0.00555556 -0.0136364 -0.00140187 0.00563636 0.00978261
internal_weight=1929 1320 949 181 371 128 609 370 768 324 110 214 275 184
internal_count=1929 1320 949 181 371 128 609 370 768 324 110 214 275 184
is_linear=0
shrinkage=0.05


Tree=32
num_leaves=15
num_cat=0
split_feature=0 2 1 4 4 2 4 4 2 0 1 2 0 0
split_gain=14.4675 10.9749 9.29481 6.39231 5.5866 7.02605 4.86197 7.94709 7.87608 4.76776 4.10806 3.89533 4.70744 3.81409
threshold=21.473000000000003 0.42250763075297509 0.75471874543923556 6.4875000000000016 8.6845000000000017 0.78884570776442897 23.975500000000004 21.886000000000006 -0.91780143710280748 13.502000000000001 0.99532555264836797 0.95760036582190977 30.408000000000005 29.042000000000005
decision_type=2 2 2 2 2 2 2 2 2 2 2 2 2 2
left_child=1 3 4 -1 5 -2 7 8 -5 -10 -4 13 -13 -6
right_child=2 -3 10 6 11 -7 -8 -9 9 -11 -12 12 -14 -15
leaf_value=-0.015522036570571286 -0.030670293955640783 0.034105062779527538 0.0026240829272484653 -0.0024914101829193571 -0.0065935435165156518 -0.014658967410612501 0.012726706358928121 -0.013461818423751066 0.039215315580808402 0.0066846501244684949 -0.008605099227292079 -0.00017848467352413744 -0.024124530135902551 0.0012795721499418878
leaf_weight=91 43 46 284 206 226 69 95 50 57 388 55 51 84 184
leaf_count=91 43 46 284 206 226 69 95 50 57 388 55 51 84 184
internal_value=-2.59202e-05 0.00444802 -0.00421687 0.00321308 -0.00768645 -0.0178571 0.00464824 0.0032097 0.0046851 0.00842697 0.00250737 -0.00559633 -0.012963 -0.00317073
internal_weight=1929 933 996 887 657 112 796 701 651 445 339 545 135 410
internal_count=1929 933 996 887 657 112 796 701 651 445 339 545 135 410
is_linear=0
shrinkage=0.05


Tree=33
num_leaves=15
num_cat=0
split_feature=0 0 1 2 2 3 4 4 4 4 2 3 4 3
split_gain=13.8296 6.55059 9.55538 9.9496 9.52371 7.59366 8.72891 6.44811 6.2987 6.0264 4.62131 4.30915 4.21335 4.1439
threshold=31.653000000000002 19.918000000000003 -0.87795195455888908 0.27779130397453933 -0.79877937288636469 32.666000000000004 14.876500000000002 7.5285000000000011 23.900000000000002 13.528 0.92284787786233202 3.0915000000000004 18.364000000000004 4.9970000000000008
decision_type=2 2 2 2 2 2 2 2 2 2 2 2 2 2
left_child=1 4 3 12 8 6 11 -2 -1 -7 13 -6 -3 -9
right_child=7 2 -4 -5 5 9 -8 10 -10 -11 -12 -13 -14 -15
leaf_value=-0.0022332760914720484 -0.039257984857799244 -0.0076822895701798679 0.00041179924220061673 -0.03968340809595438 0.0051746315712897437 0.037328273154355163 0.015583728380122248 0.012428968535370649 0.017383928115813369 0.0087299290643787393 -0.017328296106872584 -0.021137942124654082 0.010340862588484934 -0.015103691662957348
leaf_weight=382 42 63 689 45 69 85 75 62 53 107 86 41 56 74
leaf_count=382 42 63 689 45 69 85 75 62 53 107 86 41 56 74
internal_value=2.59202e-05 0.00171171 -0.00134818 -0.0121951 0.00492611 0.0107427 0.00351351 -0.0106061 -0.000114943 0.0177083 -0.00720721 -0.00545455 -0.00462185 -0.00147059
internal_weight=1929 1665 853 164 812 377 185 264 435 192 222 110 119 136
internal_count=1929 1665 853 164 812 377 185 264 435 192 222 110 119 136
is_linear=0
shrinkage=0.05


Tree=34
num_leaves=15
num_cat=0
split_feature=0 4 1 0 2 4 2 2 4 3 2 4 0 1
split_gain=12.732 6.72289 5.24113 8.06505 6.95798 8.24965 5.41593 7.0532 4.01153 3.96448 5.53141 3.81368 4.68497 5.98061
threshold=31.653000000000002 7.5285000000000011 0.25084665036108239 22.150500000000005 0.4068650353019454 6.9440000000000008 -0.02793410925094832 0.48378379397820742 23.567500000000006 0.16750000000000004 0.90906259831586944 16.740000000000006 18.224000000000004 -0.48941038753127697
decision_type=2 2 2 2 2 2 2 2 2 2 2 2 2 2
left_child=2 -2 3 4 5 -1 -5 -8 11 -3 -11 12 13 -7
right_child=1 9 -4 6 -6 8 7 -9 -10 10 -12 -13 -14 -15
leaf_value=-0.025678560857046707 -0.037295085614909289 0.0049348913873031759 0.0045927844608182342 0.0079533631967534033 0.013664794688328874 0.023402617299880631 -0.028585872599069306 -0.0050010835855510615 0.015785784455495451 -0.0098386897021661545 -0.021789656952044614 -0.006791485165818143 -0.0035523621439451885 0.00036435437301367279
leaf_weight=60 42 61 715 42 53 92 85 198 79 99 62 134 64 143
leaf_count=60 42 61 715 42 53 92 85 198 79 99 62 134 64 143
internal_value=-2.59202e-05 -0.0102273 0.00159159 -0.000842105 0.00248 0.000874126 -0.00723077 -0.00971731 0.00292969 -0.00675676 -0.0108696 0.00103926 0.0041806 0.00744681
internal_weight=1929 264 1665 950 625 572 325 283 512 222 161 433 299 235
internal_count=1929 264 1665 950 625 572 325 283 512 222 161 433 299 235
is_linear=0
shrinkage=0.05


Tree=35
num_leaves=15
num_cat=0
split_feature=0 4 3 1 1 3 2 0 2 3 0 1 2 4
split_gain=13.1591 5.43566 6.80397 6.64065 4.93567 4.62809 5.29746 4.52895 8.62284 5.40468 5.10998 6.28948 5.29542 5.67783
threshold=26.936500000000006 7.7970000000000015 82.371500000000012 0.54817103930762578 -0.085847649446570765 1.0805000000000002 0.17553149042142802 14.772 -0.79877937288636469 7.1065000000000014 20.750000000000004 -0.88606241628642823 -0.26538825390934467 14.600000000000001
decision_type=2 2 2 2 2 2 2 2 2 2 2 2 2 2
left_child=5 -2 3 4 -3 6 -1 8 9 -7 12 -12 -9 -14
right_child=1 2 -4 -5 -6 7 -8 10 -10 -11 11 -13 13 -15
leaf_value=0.00013378235338658563 -0.014652846785132113 0.00053539063253720269 -0.016358636439971042 0.0047041615738403269 -0.020164325534259332 0.0066368590538878258 -0.02121791132157418 0.010358316709954508 0.020198692989925011 -0.0081499566150486421 -0.01507189347506893 0.0083239392688801185 0.038637623314831948 0.014015252738341364
leaf_weight=318 97 139 121 144 108 45 49 267 66 175 59 234 40 67
leaf_count=318 97 139 121 144 108 45 49 267 66 175 59 234 40 67
internal_value=-7.77605e-05 -0.00615764 -0.00410156 -0.000895141 -0.00587045 0.00272727 -0.0020436 0.00456453 -0.000699301 -0.00545455 0.00682159 0.00187713 0.0106952 0.0200935
internal_weight=1929 609 512 391 247 1320 367 953 286 220 667 293 374 107
internal_count=1929 609 512 391 247 1320 367 953 286 220 667 293 374 107
is_linear=0
shrinkage=0.05


Tree=36
num_leaves=15
num_cat=0
split_feature=0 4 1 0 2 4 4 0 3 2 4 1 3 2
split_gain=11.0683 7.00339 4.80016 6.96831 10.0612 8.37828 4.19333 4.97806 4.08013 4.1507 3.8817 4.26683 4.07856 3.6876
threshold=31.653000000000002 7.5285000000000011 0.25084665036108239 19.572000000000003 -0.13070653084037345 7.0325000000000015 23.975500000000004 17.928000000000004 82.57350000000001 0.95250647826689006 16.740000000000006 -0.48941038753127697 22.087000000000003 -0.062278703982132359
decision_type=2 2 2 2 2 2 2 2 2 2 2 2 2 2
left_child=2 -2 3 4 5 -1 7 10 9 -3 11 -7 -12 -5
right_child=1 8 -4 13 -6 6 -8 -9 -10 -11 12 -13 -14 -15
leaf_value=-0.02150732649227291 -0.034697688994907216 0.0034327484921349324 0.0035927617200749943 0.0040701286457068084 0.023662062357297717 0.019437881170679076 0.015098666383400775 -0.0092094778623821715 -0.019180168375751146 -0.0165780709903262 0.0098294153686068267 0.00054980666913866181 -0.022706821410276957 -0.008032328613632787
leaf_weight=54 42 118 715 76 68 74 50 41 46 58 51 142 54 340
leaf_count=54 42 118 715 76 68 74 50 41 46 58 51 142 54 340
internal_value=-0.000336962 -0.00984848 0.00117117 -0.00115789 0.00262172 0 0.00242718 0.000552486 -0.00630631 -0.00284091 0.00264798 0.00648148 -0.0052381 -0.00600962
internal_weight=1929 264 1665 950 534 466 412 362 222 176 321 216 105 416
internal_count=1929 264 1665 950 534 466 412 362 222 176 321 216 105 416
is_linear=0
shrinkage=0.05


Tree=37
num_leaves=15
num_cat=0
split_feature=0 4 3 3 1 2 4 2 1 2 4 3 4 2
split_gain=10.3205 7.28963 4.36207 4.32507 6.97712 7.78397 7.68433 7.27826 5.14958 3.35518 2.60262 5.18712 3.94996 3.78316
threshold=31.653000000000002 7.5285000000000011 82.57350000000001 0.17850000000000002 0.67050644418468353 -0.062278703982132359 15.736000000000002 0.78884570776442897 0.93779576777868801 0.92284787786233202 10.872500000000002 16.563500000000001 11.400500000000003 -0.91084115863148152
decision_type=2 2 2 2 2 2 2 2 2 2 2 2 2 2
left_child=3 -2 9 4 5 6 -1 -7 -6 -3 11 -5 -12 -13
right_child=1 2 -4 10 8 7 -8 -9 -10 -11 12 13 -14 -15
leaf_value=-0.0040485123418076861 -0.032962804545161851 0.0042813013146392525 -0.018221159956963589 -0.0070967627158946799 0.01338850756279051 -0.032031626760382514 0.016863723703924478 -0.0094549781680760697 -0.0057013948335745586 -0.015322062301882051 0.012881762783514761 -0.011742494613632165 0.004521251302175117 0.0055869211227186841
leaf_weight=107 42 107 46 110 87 51 51 52 69 69 42 45 853 198
leaf_count=107 42 107 46 110 87 51 51 52 69 69 42 45 853 198
internal_value=-0.000285122 -0.0094697 -0.00585586 0.00117117 -0.00323741 -0.00823755 -0.00126582 -0.018932 0.00512821 -0.00227273 0.00264423 -0.000991501 0.00407821 0.00308642
internal_weight=1929 264 222 1665 417 261 158 103 156 176 1248 353 895 243
internal_count=1929 264 222 1665 417 261 158 103 156 176 1248 353 895 243
is_linear=0
shrinkage=0.05


Tree=38
num_leaves=15
num_cat=0
split_feature=0 4 3 2 2 2 3 1 1 0 4 1 0 4
split_gain=10.3035 5.94032 7.59527 3.89285 3.87452 6.58587 5.47738 3.70898 4.09973 3.89915 3.41814 3.66984 7.45653 7.02424
threshold=26.936500000000006 7.7970000000000015 82.371500000000012 0.80444483470750872 0.89420283937402645 0.45207220393230446 92.543000000000021 0.54817103930762578 0.1328271176880281 29.042000000000005 25.755000000000006 0.098678873477280007 12.285500000000001 6.7575000000000012
decision_type=2 2 2 2 2 2 2 2 2 2 2 2 2 2
left_child=4 3 7 -2 5 10 -7 8 9 -3 11 12 -1 -14
right_child=1 2 -4 -5 -6 6 -8 -9 -10 -11 -12 -13 13 -15
leaf_value=0.026653026113225311 -0.015835893801377367 -0.0066193168813342036 -0.013880361212779475 -0.01017983408926978 -0.0060749402283936001 0.0010442168228228161 0.047304448370836263 0.0040832510048095993 -0.022164183084269897 0.0029821932668959356 0.014117670499121979 0.0031451435969743419 -0.031386688734887806 -0.0016602363314206963
leaf_weight=55 45 43 121 52 45 67 45 144 72 132 76 539 47 446
leaf_count=55 45 43 121 52 45 67 45 144 72 132 76 539 47 446
internal_value=-0.000285122 -0.00566502 -0.00351563 -0.0170103 0.00219697 0.00270588 0.0142857 -0.000127877 -0.00384615 0.000285714 0.00159071 0.000873965 -0.0020073 -0.00395538
internal_weight=1929 609 512 97 1320 1275 112 391 247 175 1163 1087 548 493
internal_count=1929 609 512 97 1320 1275 112 391 247 175 1163 1087 548 493
is_linear=0
shrinkage=0.05


Tree=39
num_leaves=15
num_cat=0
split_feature=2 4 0 0 0 2 4 1 4 2 2 4 3 4
split_gain=8.7658 6.78769 6.87988 4.71343 3.833 8.92311 5.37829 4.80983 8.77702 6.05377 4.29138 5.0732 4.17341 8.85968
threshold=0.95760036582190977 6.4340000000000011 28.638000000000002 30.408000000000005 19.918000000000003 -0.79877937288636469 23.900000000000002 -0.65189295912203338 16.5425 0.27779130397453933 0.0064435096891653281 20.984500000000004 32.666000000000004 13.528
decision_type=2 2 2 2 2 2 2 2 2 2 2 2 2 2
left_child=1 2 -1 -2 5 6 -3 8 9 -6 -10 -12 -7 -14
right_child=3 4 -4 -5 7 12 -8 -9 10 -11 11 -13 13 -15
leaf_value=-0.0017015000254918422 0.0063098506337094691 -0.0022473551750570135 -0.019461909308894465 -0.02299390283089673 -0.0037561304989461256 0.0074021244443594064 0.013520647242515308 0.00081406509237946789 0.022792653988368102 -0.032373101927836823 0.007496179007063431 -0.015275101951997931 0.033626336562721307 0.0048073293296538866
leaf_weight=125 55 334 42 112 57 173 53 611 48 61 41 44 66 107
leaf_count=125 55 334 42 112 57 173 53 611 48 61 41 44 66 107
internal_value=-0.000129601 0.000908059 -0.00868263 -0.0110778 0.00191223 0.00457026 -0.000645995 -0.000348028 -0.0061753 -0.0161017 0.00263158 -0.00411765 0.0104046 0.015896
internal_weight=1929 1762 167 167 1595 733 387 862 251 118 133 85 346 173
internal_count=1929 1762 167 167 1595 733 387 862 251 118 133 85 346 173
is_linear=0
shrinkage=0.05


Tree=40
num_leaves=15
num_cat=0
split_feature=2 4 0 4 4 0 2 4 1 4 2 2 4 4
split_gain=7.75488 6.62797 6.87988 4.88474 3.33778 3.05797 6.78501 5.19209 4.35495 8.00087 5.20964 4.29138 5.0732 4.2754
threshold=0.95760036582190977 6.4340000000000011 28.638000000000002 12.307 5.2545000000000011 19.918000000000003 -0.79877937288636469 23.900000000000002 -0.65189295912203338 16.5425 0.27779130397453933 0.0064435096891653281 20.984500000000004 21.886000000000006
decision_type=2 2 2 2 2 2 2 2 2 2 2 2 2 2
left_child=1 2 4 -2 -1 6 7 -3 9 10 -7 -11 -13 -8
right_child=3 5 -4 -5 -6 8 13 -9 -10 11 -12 12 -14 -15
leaf_value=0.0011426916673340796 -0.017837369692560036 -0.0021349874163041635 -0.018488813843449747 -0.0092015616760887219 -0.014347436555448173 -0.0035683239739988217 0.014234846877892605 0.012844614880389543 0.00077336183776049452 0.021653021288949699 -0.030754446831444984 0.0071213700567102581 -0.014511346854398036 -0.001437254266016183
leaf_weight=83 71 334 42 96 42 57 281 53 611 48 61 41 44 65
leaf_count=83 71 334 42 96 42 57 281 53 611 48 61 41 44 65
internal_value=-0.000181441 0.000794552 -0.00868263 -0.010479 -0.0028 0.00178683 0.00416098 -0.000387597 -0.000232019 -0.00577689 -0.0152542 0.00263158 -0.00411765 0.00924855
internal_weight=1929 1762 167 167 125 1595 733 387 862 251 118 133 85 346
internal_count=1929 1762 167 167 125 1595 733 387 862 251 118 133 85 346
is_linear=0
shrinkage=0.05


Tree=41
num_leaves=15
num_cat=0
split_feature=0 3 4 1 1 3 2 3 2 2 2 3 4 1
split_gain=6.87528 5.16948 6.5035 10.8952 6.74961 8.32078 5.72562 4.18224 3.63409 6.5043 3.35368 3.01105 2.72316 4.10459
threshold=26.936500000000006 82.371500000000012 16.361000000000004 -0.63137065367936041 -0.20931270765420754 26.429000000000002 0.65278973532535922 99.041500000000013 0.89420283937402645 0.54277338749235304 0.59818091440591659 57.768000000000008 25.755000000000006 0.098678873477280007
decision_type=2 2 2 2 2 2 2 2 2 2 2 2 2 2
left_child=8 2 3 -2 -5 6 -6 -3 9 12 -4 -11 13 -1
right_child=1 7 10 4 5 -7 -8 -9 -10 11 -12 -13 -14 -15
leaf_value=-0.0017102594674144852 -0.019072040189515884 -0.031597274844628154 0.013893925123690488 0.019980946119844287 7.6114894259859966e-05 0.011973909425208857 -0.018271718523627814 -0.0088013817687227821 -0.0058505645634809311 0.0035619680890698808 0.00042130666464806898 0.037585974944784419 0.011327347993327715 0.002899202994302053
leaf_weight=563 41 57 58 41 67 50 120 72 45 45 103 49 78 540
leaf_count=563 41 57 58 41 67 50 120 72 45 45 103 49 78 540
internal_value=-0.000285122 -0.0046798 -0.00229167 -0.00642633 -0.0028777 -0.00611814 -0.0109626 -0.0135659 0.00174242 0.00223529 0.00590062 0.0148936 0.00122777 0.000589302
internal_weight=1929 609 480 319 278 237 187 129 1320 1275 161 94 1181 1103
internal_count=1929 609 480 319 278 237 187 129 1320 1275 161 94 1181 1103
is_linear=0
shrinkage=0.05


Tree=42
num_leaves=15
num_cat=0
split_feature=4 0 0 2 4 4 3 1 3 0 4 4 3 0
split_gain=7.0174 6.17811 5.40184 4.93047 4.50779 4.48946 6.69646 3.97605 7.95752 6.33413 3.29457 3.22775 5.73766 4.98721
threshold=8.4820000000000011 31.653000000000002 19.572000000000003 -0.79877937288636469 23.900000000000002 13.448500000000001 32.666000000000004 0.081558489694578698 93.590000000000018 19.700500000000002 17.384500000000006 15.205000000000002 99.381000000000014 16.729500000000005
decision_type=2 2 2 2 2 2 2 2 2 2 2 2 2 2
left_child=1 7 3 4 10 6 -5 -1 9 -9 -2 -7 13 -13
right_child=2 -3 -4 5 -6 11 -8 8 -10 -11 -12 12 -14 -15
leaf_value=-0.0099807600305440169 0.0021099689082745938 -0.024526939995934957 -0.0011201094764157371 0.0077753796149501488 0.011636016736703678 -0.0041129711028794801 0.033369166132324109 -0.016986748462788859 0.017858573581519526 0.0019876813892672038 -0.0063993235547183894 0.0084432800619912082 -0.0066832720667678348 0.020925863691293428
leaf_weight=129 215 54 934 53 53 40 42 44 43 83 85 54 44 56
leaf_count=129 215 54 934 53 53 40 42 44 43 83 85 54 44 56
internal_value=-0.000285122 -0.00665722 0.00114213 0.0046729 0.000708215 0.00951557 0.0184211 -0.00384615 0.00117647 -0.00511811 -0.00166667 0.00515464 0.00844156 0.0145455
internal_weight=1929 353 1576 642 353 289 95 299 170 127 300 194 154 110
internal_count=1929 353 1576 642 353 289 95 299 170 127 300 194 154 110
is_linear=0
shrinkage=0.05


Tree=43
num_leaves=15
num_cat=0
split_feature=0 4 3 1 0 2 2 4 0 3 2 0 4 1
split_gain=6.31934 6.92266 4.12849 3.22361 4.62288 8.0631 5.48406 5.12615 7.38148 4.90571 4.46993 4.54256 4.8453 3.99334
threshold=31.653000000000002 7.5285000000000011 82.57350000000001 0.25084665036108239 20.824500000000004 -0.13070653084037345 -0.062278703982132359 23.729500000000005 17.928000000000004 0.40000000000000008 0.37522380421282725 28.120000000000001 21.886000000000006 -0.32533907195844741
decision_type=2 2 2 2 2 2 2 2 2 2 2 2 2 2
left_child=3 -2 -3 4 5 7 -6 8 13 -8 11 12 -5 -1
right_child=1 2 -4 10 6 -7 9 -9 -10 -11 -12 -13 -14 -15
leaf_value=0.0069048268531447304 -0.026291037153264286 -0.0019359149511227886 -0.015354808396798382 0.0048748690561693985 0.0084222565395633813 0.010596529268197583 -0.025393523362668369 0.011054215899868495 -0.009270876168860508 -0.0030042959476985378 0.011494390407173483 -0.015775004034590565 -0.0079112934576685556 -0.0067804017065842383
leaf_weight=187 42 176 46 465 56 92 80 57 66 237 151 40 59 175
leaf_count=187 42 176 46 465 56 92 80 57 66 237 151 40 59 175
internal_value=-0.000388802 -0.00757576 -0.00405405 0.000750751 -0.00115789 0.00164645 -0.00549598 -0.000927835 -0.00280374 -0.00804416 0.00328671 0.00124113 0.00248092 0
internal_weight=1929 264 222 1665 950 577 373 485 428 317 715 564 524 362
internal_count=1929 264 222 1665 950 577 373 485 428 317 715 564 524 362
is_linear=0
shrinkage=0.05


Tree=44
num_leaves=15
num_cat=0
split_feature=2 0 4 0 1 4 4 1 4 1 4 0 1 3
split_gain=5.32078 4.73057 3.74722 3.54135 4.00474 3.7325 3.30054 3.21175 4.93007 4.13333 4.24628 4.01508 3.48148 2.39726
threshold=0.95760036582190977 30.408000000000005 8.4820000000000011 28.638000000000002 0.38118653245548312 5.0305000000000009 12.307 -0.87795195455888908 9.1810000000000027 -0.95747632178960107 23.459000000000003 21.093000000000004 -0.80392051724781044 13.029500000000002
decision_type=2 2 2 2 2 2 2 2 2 2 2 2 2 2
left_child=2 -2 3 4 5 -1 -3 9 -9 10 -4 -11 -10 -7
right_child=1 6 7 -5 -6 13 -8 8 12 11 -12 -13 -14 -15
leaf_value=0.0020590922039566868 0.0075748561636449115 -0.030394607865358133 -0.00043056998365806625 -0.013497829082622471 0.005658933113820647 -0.014745994217886738 -0.011145858979360008 0.023707170011330277 0.016245417558701011 -0.0018994121359094118 0.021092874794523438 -0.02155454644588891 0.00091996294332156038 -0.001384547033634176
leaf_weight=42 55 54 115 66 113 51 58 42 60 43 40 50 1091 49
leaf_count=42 55 54 115 66 113 51 58 42 60 43 40 50 1091 49
internal_value=-0.000751685 -0.00928144 5.67537e-05 -0.00482866 -0.00215686 -0.00774648 -0.0151786 0.00114504 0.00222129 -0.00403226 0.000967742 -0.0123656 0.0016073 -0.013
internal_weight=1929 167 1762 321 255 142 112 1441 1193 248 155 93 1151 100
internal_count=1929 167 1762 321 255 142 112 1441 1193 248 155 93 1151 100
is_linear=0
shrinkage=0.05


Tree=45
num_leaves=15
num_cat=0
split_feature=2 0 2 4 3 3 3 1 0 4 1 4 4 0
split_gain=4.15708 3.83408 3.25164 3.00632 4.04574 3.77847 6.35323 6.54977 3.11466 3.92975 3.90594 6.25013 3.80197 5.73913
threshold=0.95760036582190977 30.408000000000005 0.98931017411165012 8.4820000000000011 98.179000000000016 61.944500000000012 8.7770000000000028 0.85581839891307976 19.572000000000003 9.8225000000000016 -0.87795195455888908 22.270000000000003 23.975500000000004 15.125500000000002
decision_type=2 2 2 2 2 2 2 2 2 2 2 2 2 2
left_child=3 -2 -3 4 5 6 7 -1 9 -5 11 -10 -11 -14
right_child=1 2 -4 8 -6 -7 -8 -9 10 12 -12 -13 13 -15
leaf_value=-0.012831372908725769 0.0071961133554626633 -0.040833490711831039 -0.0042185348189446468 0.027872587351294293 0.0061585422627407523 -0.028574221210074538 0.006628812862169201 0.012706579263929386 -0.010726595932957259 0.0017679317114732654 0.00037445325411202685 0.018368246174875032 0.00077643125996234089 0.01298489508839238
leaf_weight=124 55 54 58 49 69 44 43 41 112 501 644 43 48 44
leaf_count=124 55 54 58 49 69 44 43 41 112 501 644 43 48 44
internal_value=-0.000544323 -0.00808383 -0.0133929 0.000170261 -0.00420561 -0.00714286 -0.00432692 -0.00878788 0.00114504 0.00373832 -0.000938673 -0.00806452 0.00261383 0.0119565
internal_weight=1929 167 112 1762 321 252 208 165 1441 642 799 155 593 92
internal_count=1929 167 112 1762 321 252 208 165 1441 642 799 155 593 92
is_linear=0
shrinkage=0.05


Tree=46
num_leaves=15
num_cat=0
split_feature=4 0 3 2 2 4 1 1 1 4 2 0 4 2
split_gain=4.4787 5.11943 4.57306 6.70917 4.23579 3.42765 1.98129 6.43783 3.68435 3.7336 4.00261 3.927 5.59804 6.71077
threshold=6.4340000000000011 30.408000000000005 3.7810000000000001 -0.5488429582847193 0.95760036582190977 12.307 0.41274032740354816 0.3491821996099142 0.25084665036108239 25.595500000000005 0.0064435096891653281 17.928000000000004 15.736000000000002 0.78884570776442897
decision_type=2 2 2 2 2 2 2 2 2 2 2 2 2 2
left_child=1 2 -1 -4 6 -6 7 8 9 11 -11 -2 13 -13
right_child=4 -3 3 -5 5 -7 -8 -9 -10 10 -12 12 -14 -15
leaf_value=-0.010960585593837564 0.0040615971834117607 -0.022926261368451047 -0.020528844863819524 0.016157507715659183 -0.008309029733236285 -0.0064518324817852361 0.0027816561153852061 -0.0068031565383232483 0.017319723886360171 0.012545110988619643 -0.0065098399590709441 -0.012355229907871138 0.00038622429588845155 0.0047378657161306131
leaf_weight=40 379 44 58 43 53 96 654 40 45 51 40 166 174 46
leaf_count=40 379 44 58 43 53 96 654 40 45 51 40 166 174 46
internal_value=-0.000440643 -0.00783784 -0.00319149 0.00247525 0.000344037 -0.00771812 0.00109718 -0.000371945 0.000499445 -0.000233645 0.00934066 -0.00137255 -0.00492228 -0.0103774
internal_weight=1929 185 141 101 1744 149 1595 941 901 856 91 765 386 212
internal_count=1929 185 141 101 1744 149 1595 941 901 856 91 765 386 212
is_linear=0
shrinkage=0.05


Tree=47
num_leaves=15
num_cat=0
split_feature=2 0 4 0 2 0 2 4 1 4 2 1 4 4
split_gain=4.68751 3.83408 3.58341 5.14557 3.25164 2.16377 5.13756 6.29468 3.51855 9.168 3.35295 5.67902 5.5 4.59023
threshold=0.95760036582190977 30.408000000000005 6.4340000000000011 28.638000000000002 0.98931017411165012 20.824500000000004 -0.09654968025414791 15.496500000000003 -0.65189295912203338 16.5425 -0.41327860778290426 0.66015212067123197 13.448500000000001 25.320500000000006
decision_type=2 2 2 2 2 2 2 2 2 2 2 2 2 2
left_child=2 -2 3 -1 -3 6 10 -8 9 -7 11 13 -13 -4
right_child=1 4 5 -5 -6 8 7 -9 -10 -11 -12 12 -14 -15
leaf_value=-0.00068853715918218157 0.0071588993117787936 -0.038057363829983579 -0.0002859706029621337 -0.013056907743346736 -0.0035921565913355994 -0.022153006988580439 0.029939064028835158 0.00073519489914135598 0.00057877788464409945 0.0030977647694062195 -0.004112575003090385 0.023131765500549309 0.012005123670341154 0.0084719205138225426
leaf_weight=125 55 54 478 42 58 107 42 60 563 123 87 44 44 47
leaf_count=125 55 54 478 42 58 107 42 60 563 123 87 44 44 47
internal_value=-7.77605e-05 -0.00808383 0.000681044 -0.00628743 -0.0133929 0.00141066 0.0032419 0.0137255 -0.000441362 -0.00565217 0.00171429 0.00301794 0.0147727 0.00104762
internal_weight=1929 167 1762 167 112 1595 802 102 793 230 700 613 88 525
internal_count=1929 167 1762 167 112 1595 802 102 793 230 700 613 88 525
is_linear=0
shrinkage=0.05


Tree=48
num_leaves=15
num_cat=0
split_feature=2 0 4 0 2 1 0 1 4 1 0 2 3 0
split_gain=4.56688 3.83408 3.46762 5.14557 3.25164 1.9563 1.84453 5.75031 2.99214 3.86409 5.98867 2.88978 3.49861 2.85649
threshold=0.95760036582190977 30.408000000000005 6.4340000000000011 28.638000000000002 0.98931017411165012 0.081558489694578698 19.457000000000004 0.66015212067123197 23.975500000000004 -0.49750868180287644 15.874500000000001 -0.13070653084037345 4.8730000000000011 15.052000000000001
decision_type=2 2 2 2 2 2 2 2 2 2 2 2 2 2
left_child=2 -2 3 5 -3 -1 7 8 9 10 -4 12 -12 -10
right_child=1 4 6 -5 -6 -7 -8 -9 13 -11 11 -13 -14 -15
leaf_value=-0.020581290897370659 0.0068009543461898525 -0.036154495638484406 0.019407273008538752 -0.012404062356179402 -0.0034125487617688247 0.0030992433224762053 -7.6879992789419271e-05 0.01954167067343526 0.0027182396998642836 -0.0024380324717461384 -0.0084887175828052223 0.014876026532000444 0.00036822248358386601 0.0099153743661855118
leaf_weight=53 55 54 80 42 58 72 892 84 41 329 42 40 47 40
leaf_count=53 55 54 80 42 58 72 892 84 41 329 42 40 47 40
internal_value=-0.000181441 -0.00808383 0.000567537 -0.00628743 -0.0133929 -0.0012 0.00128527 0.00320057 0.00153473 0.000185874 0.00550239 -0.00116279 -0.00617978 0.0104938
internal_weight=1929 167 1762 167 112 125 1595 703 619 538 209 129 89 81
internal_count=1929 167 1762 167 112 125 1595 703 619 538 209 129 89 81
is_linear=0
shrinkage=0.05


Tree=49
num_leaves=15
num_cat=0
split_feature=2 0 2 3 0 1 1 3 2 1 0 3 2 4
split_gain=4.56688 3.83408 3.25164 2.95223 4.17884 6.8275 5.79943 3.43144 3.0916 6.56818 6.49677 3.26766 7.01373 5.78193
threshold=0.95760036582190977 30.408000000000005 0.98931017411165012 1.0805000000000002 15.874500000000001 0.74332993385844814 0.93779576777868801 2.7860000000000005 0.70252747416915684 -0.36523833096101349 32.26400000000001 93.590000000000018 0.12643880951666986 23.975500000000004
decision_type=2 2 2 2 2 2 2 2 2 2 2 2 2 2
left_child=3 -2 -3 4 -1 -6 -7 -5 10 -10 11 13 -13 -9
right_child=1 2 -4 7 5 6 -8 8 9 -11 -12 12 -14 -15
leaf_value=0.0043859428127262659 0.006460906628880359 -0.034346770856560176 -0.0032419213236803803 0.0085557923199589495 -0.0071458841410523529 0.011920857019358811 -0.0054207957243345194 -0.0017819310192443974 -0.0024505863078825661 0.01834765396158507 -0.026334864386915222 0.0011634153455449216 0.018410027428693614 0.0097853009559781667
leaf_weight=91 55 54 58 65 265 83 82 518 88 88 42 283 88 69
leaf_count=91 55 54 58 65 265 83 82 518 88 88 42 283 88 69
internal_value=-0.000181441 -0.00808383 -0.0133929 0.000567537 -0.00259117 -0.00465116 0.00333333 0.00189363 0.00127551 0.00738636 0.0002 0.00104384 0.00471698 -0.00127768
internal_weight=1929 167 112 1762 521 430 165 1241 1176 176 1000 958 371 587
internal_count=1929 167 112 1762 521 430 165 1241 1176 176 1000 958 371 587
is_linear=0
shrinkage=0.05


Tree=50
num_leaves=15
num_cat=0
split_feature=0 3 1 1 3 0 1 1 1 1 1 1 3 0
split_gain=4.55604 3.85415 5.24801 6.14066 3.26617 5.40116 6.42958 5.33514 2.91286 3.73806 3.90413 5.64598 4.91912 4.36825
threshold=31.653000000000002 0.03500000000000001 1.0000000180025095e-35 0.5043284533698108 0.40000000000000008 15.874500000000001 0.81078196093106825 0.93779576777868801 0.99351875964795655 0.97873101657557349 0.849084144669916 0.64460769028158504 2.1160000000000005 26.030500000000004
decision_type=2 2 2 2 2 2 2 2 2 2 2 2 2 2
left_child=4 -2 -3 -4 5 -1 -7 -8 9 10 11 12 -6 -12
right_child=1 2 3 -5 8 6 7 -9 -10 -11 13 -13 -14 -15
leaf_value=0.0070392928374157331 0.0028798560448170755 0.0013245253891522981 -0.02438419325947129 -0.0091621576897279681 0.010635831301660667 -0.0067977774471113424 0.016272575101026948 -0.0047200673907285655 -0.012667770454236333 0.017952434579936654 0.0022242915668323122 0.021148996560967009 0.0011009244616236925 -0.014286555576307328
leaf_weight=82 71 71 56 66 56 240 48 73 52 40 86 103 845 40
leaf_count=82 71 71 56 66 56 240 48 73 52 40 86 103 845 40
internal_value=-0.000336962 -0.00643939 -0.0101036 -0.0163934 0.000630631 -0.0030474 -0.00567867 0.00371901 0.00196399 0.00247863 0.0019469 0.00298805 0.00172031 -0.00634921
internal_weight=1929 264 193 122 1665 443 361 121 1222 1170 1130 1004 901 126
internal_count=1929 264 193 122 1665 443 361 121 1222 1170 1130 1004 901 126
is_linear=0
shrinkage=0.05


Tree=51
num_leaves=15
num_cat=0
split_feature=0 4 0 4 1 4 1 3 1 3 3 3 4 4
split_gain=4.22947 3.81985 4.01211 2.11317 3.90003 4.47286 4.71615 4.29963 3.77306 3.65123 2.89637 3.4772 4.28398 3.77651
threshold=23.348500000000005 6.7575000000000012 30.988500000000005 15.577000000000004 0.67050644418468353 18.778500000000005 -0.17552986495351994 22.087000000000003 -0.6118807350392268 50.289500000000011 1.0000000180025095e-35 26.429000000000002 11.094500000000002 11.723500000000003
decision_type=2 2 2 2 2 2 2 2 2 2 2 2 2 2
left_child=-1 2 -2 8 5 6 -5 -6 -3 -7 -10 12 -12 -13
right_child=1 3 -4 4 7 9 -8 -9 10 -11 11 13 -14 -15
leaf_value=0.0010458782385425081 -0.0021776331786577232 -0.021428343975125885 -0.020814895284270454 0.015941102737670076 0.017021145913977031 -0.00066172268438816073 -0.0041775214211653812 -0.003234342688596248 0.0029925554871079669 -0.018719917246472251 0.00027809926211779245 -0.004702257438233326 -0.019472939949794967 0.018228412164494751
leaf_weight=1071 51 80 42 51 50 81 43 47 107 63 44 61 58 80
leaf_count=1071 51 80 42 51 50 81 43 47 107 63 44 61 58 80
internal_value=-0.000181441 -0.0027972 -0.0123656 -0.00163399 0.00134328 -0.00210084 0.00638298 0.00979381 -0.00395349 -0.00763889 -0.00171429 -0.00473251 -0.0117647 0.00035461
internal_weight=1929 858 93 765 335 238 94 97 430 144 350 243 102 141
internal_count=1929 858 93 765 335 238 94 97 430 144 350 243 102 141
is_linear=0
shrinkage=0.05


Tree=52
num_leaves=15
num_cat=0
split_feature=0 1 1 4 3 2 1 0 2 2 3 3 0 2
split_gain=3.18926 3.72445 5.14672 5.65186 2.37832 3.88402 3.75049 2.45826 6.94802 6.06522 4.3318 3.84981 5.2827 2.80956
threshold=31.653000000000002 0.017189842955271029 0.79018178354239854 12.155500000000002 0.17850000000000002 0.0064435096891653281 -0.58429276287313703 14.867000000000003 -0.79877937288636469 -0.83160410544417529 7.1065000000000014 55.265000000000008 11.915000000000001 0.12643880951666986
decision_type=2 2 2 2 2 2 2 2 2 2 2 2 2 2
left_child=4 -2 3 -3 5 -1 -7 8 10 -9 -6 -12 -13 -11
right_child=1 2 -4 -5 7 6 -8 9 -10 13 11 12 -14 -15
leaf_value=9.5132810712418581e-05 0.0016588740931682722 -0.027055030834409417 0.0030218922699222217 -0.010537888129590334 0.0023705071449057536 -0.021347362364165776 -0.0027265978008485015 0.018541448724041742 0.016700485963356472 -0.0011953741482688242 -0.019976001755601509 0.031111866743834551 -0.01698927662393325 0.0030972236136413314
leaf_weight=269 90 52 43 79 59 42 106 100 71 412 52 42 87 425
leaf_count=269 90 52 43 79 59 42 106 100 71 412 52 42 87 425
internal_value=0.000181441 -0.00492424 -0.0091954 -0.0141221 0.000990991 -0.00227818 -0.00878378 0.00208333 -0.00176849 0.00336179 -0.00583333 -0.00966851 -0.00503876 0.00197133
internal_weight=1929 264 174 131 1665 417 148 1248 311 937 240 181 129 837
internal_count=1929 264 174 131 1665 417 148 1248 311 937 240 181 129 837
is_linear=0
shrinkage=0.05


Tree=53
num_leaves=15
num_cat=0
split_feature=0 1 2 4 0 3 1 1 0 3 4 4 0 1
split_gain=3.19138 4.95803 3.63841 4.07727 2.95471 2.89485 3.49958 2.81345 9.17675 3.67092 3.6638 2.79513 3.21074 2.6691
threshold=19.918000000000003 0.66015212067123197 -0.13070653084037345 23.975500000000004 20.467000000000002 99.983500000000006 0.081558489694578698 -0.32533907195844741 13.628000000000002 32.666000000000004 12.779500000000002 13.448500000000001 16.512500000000003 -0.95747632178960107
decision_type=2 2 2 2 2 2 2 2 2 2 2 2 2 2
left_child=1 2 3 5 -2 7 -7 8 -1 10 -9 12 -10 -6
right_child=4 -3 -4 -5 13 6 -8 9 11 -11 -12 -13 -14 -15
leaf_value=0.022306341781617941 -0.022472318452299318 0.01573080504628676 0.015359295556902764 0.0057602139831392542 0.0029403336540527961 -0.0057836377704915086 0.018571707233388961 -0.0069248393281509703 0.015737845620012521 -0.018545307979830228 0.0034568823015765394 -0.0032964069193607269 -0.0071693588164332307 -0.0015033756625808859
leaf_weight=40 40 109 75 65 95 58 40 69 42 96 90 75 53 982
leaf_count=40 40 109 75 65 95 58 40 69 42 96 90 75 53 982
internal_value=7.77605e-05 0.00246305 0.000924609 -0.000318471 -0.00165622 -0.00168739 0.00612245 -0.00333333 0.000952381 -0.00686275 -0.00220126 -0.00411765 0.00157895 -0.00116063
internal_weight=1929 812 703 628 1117 563 98 465 210 255 159 170 95 1077
internal_count=1929 812 703 628 1117 563 98 465 210 255 159 170 95 1077
is_linear=0
shrinkage=0.05


Tree=54
num_leaves=15
num_cat=0
split_feature=4 0 2 0 0 4 2 4 0 1 3 3 1 1
split_gain=3.08415 4.68148 4.41501 2.86231 3.17448 3.98352 3.17152 2.85091 2.85059 2.69902 2.60417 4.63159 2.59239 8.29697
threshold=6.4340000000000011 30.408000000000005 -0.21772323039653199 21.473000000000003 15.195000000000002 7.6545000000000014 -0.74189640036816351 10.872500000000002 15.474500000000001 0.91172524504317609 7.1065000000000014 55.265000000000008 -0.87795195455888908 -0.95747632178960107
decision_type=2 2 2 2 2 2 2 2 2 2 2 2 2 2
left_child=1 2 8 4 6 -6 7 -2 -1 -7 -9 -12 13 -5
right_child=3 -3 -4 12 5 9 -8 10 -10 -11 11 -13 -14 -15
leaf_value=0.00387184071113669 -0.0081062380948704223 -0.018346230195207404 0.0048918499472716814 0.001509278605903991 0.016017882852341174 0.0053316545607310891 0.011391742445712276 0.0019748911199416962 -0.018451615162099793 -0.00526312947802016 -0.019021649633280964 0.0065026502089178045 -0.00019511981466304175 -0.021995052168751295
leaf_weight=40 55 44 44 80 43 410 72 76 57 45 49 95 764 55
leaf_count=40 55 44 44 80 43 410 72 76 57 45 49 95 764 55
internal_value=-7.77605e-05 -0.00621622 -0.00177305 0.000573394 0.00266272 0.00522088 -0.00100865 -0.00345455 -0.00773196 0.00384615 -0.000909091 -0.00486111 -0.00139043 -0.00777778
internal_weight=1929 185 141 1744 845 498 347 275 97 455 220 144 899 135
internal_count=1929 185 141 1744 845 498 347 275 97 455 220 144 899 135
is_linear=0
shrinkage=0.05


Tree=55
num_leaves=15
num_cat=0
split_feature=0 1 1 4 3 1 2 2 0 0 1 4 0 2
split_gain=3.12482 3.72445 5.14672 5.65186 3.00321 4.88763 4.14604 4.87519 4.31482 5.52113 3.82206 3.63788 2.41216 6.12526
threshold=31.653000000000002 0.017189842955271029 0.79018178354239854 12.155500000000002 0.40000000000000008 0.67760851415498113 0.17553149042142802 0.77275363110444695 20.383000000000003 15.874500000000001 0.93779576777868801 12.845500000000003 14.867000000000003 -0.83160410544417529
decision_type=2 2 2 2 2 2 2 2 2 2 2 2 2 2
left_child=4 -2 3 -3 5 6 8 -8 9 -1 11 -7 -6 -14
right_child=1 2 -4 -5 12 10 7 -9 -10 -11 -12 -13 13 -15
leaf_value=0.0012423151039694024 0.0016608551623720547 -0.025292205510355228 0.002955722430288299 -0.0099260689492486238 -0.0021383018677046789 0.0024258217837191246 -0.022381567491570709 -0.0075295897637242537 0.0058391006456168576 -0.0076117850182286289 -0.0035509091740180466 0.014877441222097859 0.017298955893828211 0.0015742412614718898
leaf_weight=71 90 52 43 79 306 48 41 56 42 71 74 40 98 818
leaf_count=71 90 52 43 79 306 48 41 56 42 71 74 40 98 818
internal_value=0.000129601 -0.00492424 -0.0091954 -0.0141221 0.000930931 -0.00259594 -0.00658363 -0.0149485 -0.00217391 -0.00633803 0.00432099 0.0113636 0.00220949 0.00349345
internal_weight=1929 264 174 131 1665 443 281 97 184 142 162 88 1222 916
internal_count=1929 264 174 131 1665 443 281 97 184 142 162 88 1222 916
is_linear=0
shrinkage=0.05


Tree=56
num_leaves=15
num_cat=0
split_feature=0 4 3 2 1 3 3 2 4 4 0 3 4 4
split_gain=2.66745 5.46587 3.60051 5.00405 5.29808 3.57626 3.54915 3.50102 4.98483 4.71912 3.35101 4.29777 3.20939 5.71096
threshold=30.893000000000004 6.7575000000000012 72.16200000000002 0.61287127154566789 -1.0000000180025095e-35 0.16750000000000004 1.0805000000000002 0.075135296012361824 11.508500000000002 7.0325000000000015 30.027500000000003 2.7860000000000005 10.337000000000002 12.651000000000002
decision_type=2 2 2 2 2 2 2 2 2 2 2 2 2 2
left_child=6 -2 3 -3 -5 -6 7 9 -9 -1 11 -8 -11 -14
right_child=1 2 -4 4 5 -7 10 8 -10 12 -12 -13 13 -15
leaf_value=-0.016717289830199579 -0.01700772635441981 0.012317420196878965 -0.020251691441707412 0.011630202355816445 6.1657797668779332e-05 -0.016830010721349292 0.0084606672583420282 0.0012196291040647957 -0.015825833306044923 0.0068855306937889334 0.0099705714259758476 0.0010905117494858175 -0.01001457306264337 0.0019308574023644998
leaf_weight=41 44 54 70 65 43 59 55 42 94 68 44 1035 65 150
leaf_count=41 44 54 70 65 43 59 55 42 94 68 44 1035 65 150
internal_value=2.59202e-05 -0.00402985 -0.00154639 0.00158371 -0.00269461 -0.00980392 0.000878294 -0.00282609 -0.00955882 0 0.00238095 0.00183486 0.00229682 -0.000697674
internal_weight=1929 335 291 221 167 102 1594 460 136 324 1134 1090 283 215
internal_count=1929 335 291 221 167 102 1594 460 136 324 1134 1090 283 215
is_linear=0
shrinkage=0.05


Tree=57
num_leaves=15
num_cat=0
split_feature=0 4 3 2 1 3 0 3 1 1 2 0 1 0
split_gain=2.59969 5.46587 3.60051 3.70132 4.7446 3.03267 3.43895 3.32801 3.29715 3.74793 5.64893 5.40441 4.57396 3.87888
threshold=30.893000000000004 6.7575000000000012 72.16200000000002 0.61287127154566789 -1.0000000180025095e-35 1.0805000000000002 30.027500000000003 2.7860000000000005 0.99351875964795655 0.2174230999111143 -0.21772323039653199 26.565000000000001 0.85581839891307976 17.560000000000006
decision_type=2 2 2 2 2 2 2 2 2 2 2 2 2 2
left_child=5 -2 3 -3 -5 -1 7 -7 9 -9 12 -12 13 -11
right_child=1 2 -4 4 -6 6 -8 8 -10 10 11 -13 -14 -15
leaf_value=-0.0016831332308156689 -0.016157340036698827 0.011701549187035016 -0.01923910686962204 0.011048692238025621 -0.012551880362965976 0.0080376338954249258 0.0094720428546770548 -0.00056293695060296862 -0.013540768563712564 -0.00041744310110513965 0.03907390535693156 0.0022081430996526404 -0.0090961302448072136 0.016898114882987026
leaf_weight=460 44 54 70 65 102 55 44 608 45 132 60 68 59 63
leaf_count=460 44 54 70 65 102 55 44 608 45 132 60 68 59 63
internal_value=-2.59202e-05 -0.00402985 -0.00154639 0.00158371 -0.00209581 0.000815558 0.00220459 0.00165138 0.00101449 0.00161616 0.00549738 0.0140625 0.0011811 0.00487179
internal_weight=1929 335 291 221 167 1594 1134 1090 1035 990 382 128 254 195
internal_count=1929 335 291 221 167 1594 1134 1090 1035 990 382 128 254 195
is_linear=0
shrinkage=0.05


Tree=58
num_leaves=15
num_cat=0
split_feature=4 1 3 1 1 0 4 0 4 4 2 0 4 3
split_gain=3.32937 3.56447 3.78008 6.21081 7.35072 3.22667 4.11173 3.42176 5.15926 3.23982 3.22094 4.81605 4.08077 2.86501
threshold=8.4820000000000011 -0.7266007961912001 99.270500000000013 -0.012886663321697788 0.38118653245548312 19.572000000000003 9.8225000000000016 15.195000000000002 23.975500000000004 19.999500000000001 -0.57240397273781507 18.224000000000004 14.518000000000002 6.1125000000000016
decision_type=2 2 2 2 2 2 2 2 2 2 2 2 2 2
left_child=1 -1 3 -3 -5 6 -2 -8 9 10 12 -12 -9 -6
right_child=5 2 -4 4 13 -7 7 8 -10 -11 11 -13 -14 -15
leaf_value=-0.014818439435128929 0.026421739429518382 0.0061454023668660041 0.014721738282694919 -0.020646734184950222 0.0016069878395781889 -0.00078574966826551744 -0.00086759817672598803 -0.0042805675894535362 0.0080288931143498773 -0.012012795675128989 0.020859654246891818 -0.0003682626621122981 0.015888996987868137 -0.010582270515590965
leaf_weight=66 49 61 46 41 85 934 297 66 43 48 52 40 47 54
leaf_count=66 49 61 46 41 85 934 297 66 43 48 52 40 47 54
internal_value=-0.000285122 -0.00467422 -0.00226481 -0.00477178 -0.00944444 0.00069797 0.00342679 0.00227656 0.00608108 0.00335968 0.00609756 0.0130435 0.000442478 -0.00395683
internal_weight=1929 353 287 241 180 1576 642 593 296 253 205 92 113 139
internal_count=1929 353 287 241 180 1576 642 593 296 253 205 92 113 139
is_linear=0
shrinkage=0.05


Tree=59
num_leaves=15
num_cat=0
split_feature=0 4 1 4 3 3 0 1 3 0 1 0 3 3
split_gain=2.5848 2.32225 3.46291 3.71704 3.54503 4.02853 2.62033 3.96053 2.65971 6.1051 4.15658 4.88461 3.01603 3.78924
threshold=10.862500000000002 8.4820000000000011 0.77682398610090087 5.0305000000000009 7.6455000000000011 1.0000000180025095e-35 19.572000000000003 0.66015212067123197 0.03500000000000001 14.867000000000003 -0.32533907195844741 13.239500000000001 5.7465000000000011 84.450000000000017
decision_type=2 2 2 2 2 2 2 2 2 2 2 2 2 2
left_child=-1 2 3 -2 5 -5 7 8 -3 10 -10 -12 -11 -14
right_child=1 6 -4 4 -6 -7 -8 -9 9 12 11 -13 13 -15
leaf_value=0.030881751381401243 0.00077389616405821877 -0.0034152385412121646 0.002655295078146594 -0.0057585178045563516 -0.0046774944393086215 -0.013473718381125811 -0.00074646218485224238 0.014168228221611706 0.012350858299683624 0.019707533897874382 -0.017222951881008731 0.00011783619346252221 -0.00081552376914471598 0.01236279792400798
leaf_weight=40 83 79 86 47 84 46 934 77 76 60 68 79 82 88
leaf_count=40 83 79 86 47 84 46 934 77 76 60 68 79 82 88
internal_value=-7.77605e-05 -0.000344097 -0.00404624 -0.00692308 -0.0110169 -0.0177419 0.000486066 0.00303777 0.00150376 0.00298013 -0.0029148 -0.00782313 0.00869565 0.00529412
internal_weight=1929 1889 346 260 177 93 1543 609 532 453 223 147 230 170
internal_count=1929 1889 346 260 177 93 1543 609 532 453 223 147 230 170
is_linear=0
shrinkage=0.05


Tree=60
num_leaves=15
num_cat=0
split_feature=0 4 2 0 2 1 4 2 0 0 0 0 0 0
split_gain=2.64912 2.12728 2.74028 4.18854 3.94965 3.25933 2.44817 2.05194 2.73912 3.21108 2.79124 2.32722 2.31248 3.66197
threshold=10.862500000000002 8.4820000000000011 -0.76235363884839025 23.704500000000003 0.77275363110444695 -0.7266007961912001 8.9650000000000016 0.87796008470088804 28.075500000000002 30.545500000000004 32.701500000000003 12.136500000000002 27.630500000000001 28.848500000000005
decision_type=2 2 2 2 2 2 2 2 2 2 2 2 2 2
left_child=-1 2 -2 5 -5 -4 -3 11 -9 -10 -11 -8 -13 -14
right_child=1 6 3 4 -6 -7 7 8 9 10 -12 12 13 -15
leaf_value=0.029337663812331185 -0.0099466042596070905 0.0075680312534349703 -0.0047459869055756672 -0.011022300865527883 0.00096522801129428348 0.012424090577906234 -0.0066869674761132099 -0.0087680414789666154 0.021930620625637033 -0.019197138311941364 -0.00087129799068214617 0.001607062945260468 -0.014972260358947187 -3.2856631343758379e-05
leaf_weight=40 84 40 44 86 67 65 41 58 41 41 86 962 49 225
leaf_count=40 84 40 44 86 67 65 41 58 41 41 86 962 49 225
internal_value=-0.000233281 -0.000502912 -0.00404624 -0.00152672 -0.00686275 0.0059633 0.00029164 -3.32668e-05 -0.00442478 -0.00119048 -0.00511811 0.000743931 0.00113269 -0.00291971
internal_weight=1929 1889 346 262 153 109 1543 1503 226 168 127 1277 1236 274
internal_count=1929 1889 346 262 153 109 1543 1503 226 168 127 1277 1236 274
is_linear=0
shrinkage=0.05


Tree=61
num_leaves=15
num_cat=0
split_feature=1 0 2 4 4 2 0 1 0 3 4 0 4 3
split_gain=2.13182 4.1624 6.47008 5.81012 4.4095 4.24274 5.11467 3.53675 6.11622 4.92839 3.73395 3.26548 2.55331 1.8979
threshold=0.25084665036108239 28.600500000000004 0.12643880951666986 21.886000000000006 8.0105000000000022 -0.83160410544417529 14.655500000000002 0.67760851415498113 18.968500000000002 57.029500000000006 9.788000000000002 26.565000000000001 27.484000000000005 92.931500000000014
decision_type=2 2 2 2 2 2 2 2 2 2 2 2 2 2
left_child=12 2 3 5 -3 6 -2 -7 -9 10 -10 -4 13 -1
right_child=1 4 11 -5 -6 7 -8 8 9 -11 -12 -13 -14 -15
leaf_value=-0.0021285834991724819 0.00026509200515932032 -0.0096392652741469579 0.02407941075859964 -0.013878758779335327 -0.00038511114584532382 -0.0042578594840646895 0.014887310786625158 0.017513643716343182 0.0090518950804274693 -0.011490640942114419 -0.0010964649724826713 0.0064210852826151084 0.0067020679544701235 0.0021673406312659018
leaf_weight=761 53 46 54 57 203 49 42 66 47 66 108 53 69 255
leaf_count=761 53 46 54 57 203 49 42 66 47 66 108 53 69 255
internal_value=0.000129601 0.00201422 0.00428571 0.00184426 -0.00341365 0.00382831 0.0131579 0.00119048 0.0033101 -0.000678733 0.00419355 0.0154206 -0.00133641 -0.0019685
internal_weight=1929 844 595 488 249 431 95 336 287 221 155 107 1085 1016
internal_count=1929 844 595 488 249 431 95 336 287 221 155 107 1085 1016
is_linear=0
shrinkage=0.05


Tree=62
num_leaves=15
num_cat=0
split_feature=4 0 2 0 0 1 2 2 0 2 4 0 0 0
split_gain=1.86192 6.66829 5.13725 6.31978 4.18249 3.63123 4.1687 4.51691 4.8565 11.699 3.46815 3.6305 4.22775 3.15475
threshold=12.367500000000001 13.162500000000001 -0.74189640036816351 18.224000000000004 15.195000000000002 -0.88606241628642823 0.95760036582190977 0.77275363110444695 26.565000000000001 -0.21772323039653199 13.528 19.329000000000004 28.225000000000005 13.162500000000001
decision_type=2 2 2 2 2 2 2 2 2 2 2 2 2 2
left_child=1 -1 4 -4 -3 -5 7 8 9 -7 11 -2 -13 -12
right_child=10 2 3 5 -6 6 -8 -9 -10 -11 13 12 -14 -15
leaf_value=0.022215120129624955 0.017798446455871177 -0.015691212417347066 0.0071898531078452904 -0.013852833060517001 -0.00094911225625298086 -0.0090306653964563523 -0.0076915203150283717 0.0073876402204168835 -0.010368243312199427 0.01092518468526546 -0.0071065387758853906 -0.0027730485933430749 0.024713409204565238 0.00072579791444032232
leaf_weight=54 49 71 70 62 80 93 72 82 109 63 103 55 40 926
leaf_count=54 49 71 70 62 80 93 72 82 109 63 103 55 40 926
internal_value=-0.000181441 -0.0021164 -0.0034188 -0.00117967 -0.0115894 -0.00322245 -0.00155131 0.000720461 -0.00245283 0.00320513 0.00106564 0.00833333 0.00263158 4.85909e-05
internal_weight=1929 756 702 551 151 481 419 347 265 156 1173 144 95 1029
internal_count=1929 756 702 551 151 481 419 347 265 156 1173 144 95 1029
is_linear=0
shrinkage=0.05


Tree=63
num_leaves=15
num_cat=0
split_feature=4 4 4 0 0 0 1 4 0 2 0 2 4 0
split_gain=2.10638 4.72172 5.88416 3.88318 4.04 7.2835 5.78995 5.41052 3.7104 6.1492 5.31373 5.78106 3.54999 3.6305
threshold=10.572500000000002 11.400500000000003 12.367500000000001 13.162500000000001 14.867000000000003 16.297000000000004 -0.90880922144842613 9.4490000000000016 33.405500000000011 0.77275363110444695 26.030500000000004 -0.57240397273781507 13.528 19.329000000000004
decision_type=2 2 2 2 2 2 2 2 2 2 2 2 2 2
left_child=3 -2 -3 -1 -5 -6 -7 8 9 10 11 -8 13 -4
right_child=1 2 12 4 5 6 7 -9 -10 -11 -12 -13 -14 -15
leaf_value=0.021104364123143704 0.007192444514105981 -0.010406734319347704 0.01690852413307762 -0.011503607713239146 0.010971455777121374 -0.018860280177409507 -0.0047129131143322962 -0.0080325451580315569 -0.012207287622882436 0.0075457955295744061 -0.0096901753177074789 0.010591478755864232 -1.795325945360936e-05 0.0018598379348614595
leaf_weight=44 96 106 49 47 47 51 65 76 41 53 56 74 1029 95
leaf_count=44 96 106 49 47 47 51 65 76 41 53 56 74 1029 95
internal_value=-0.000285122 0.000763636 -3.9093e-05 -0.00288809 -0.00411765 -0.00269978 -0.00480769 -0.00260274 0.000519031 0.00282258 -0.00128205 0.00395683 0.000980392 0.00833333
internal_weight=1929 1375 1279 554 510 463 416 365 289 248 195 139 1173 144
internal_count=1929 1375 1279 554 510 463 416 365 289 248 195 139 1173 144
is_linear=0
shrinkage=0.05


Tree=64
num_leaves=15
num_cat=0
split_feature=4 4 3 3 3 1 4 4 1 1 2 0 4 0
split_gain=2.9875 2.75834 2.52991 5.9815 2.49728 3.07722 3.32407 4.59628 2.17012 3.16114 2.18919 2.05924 5.93389 3.69639
threshold=8.4820000000000011 9.0760000000000023 99.270500000000013 77.495500000000007 8.7770000000000028 0.85581839891307976 5.0305000000000009 7.0325000000000015 -0.95747632178960107 -0.91585580712236359 0.0064435096891653281 13.162500000000001 14.948000000000002 19.918000000000003
decision_type=2 2 2 2 2 2 2 2 2 2 2 2 2 2
left_child=2 -2 3 4 5 6 -1 -8 10 -10 -3 12 -11 -13
right_child=1 8 -4 -5 -6 -7 7 -9 9 11 -12 13 -14 -15
leaf_value=0.0015625306640221189 0.0044705053351831231 0.009844936825576741 0.008126827364596776 -0.015603916645471656 0.0051799503077461055 0.0085212596584357016 -0.011896925339821807 -0.0049613660286233182 -0.017366031251683022 0.014518359311816604 -0.00046305957990968455 0.0052369804045823837 -0.0078661066756731211 -0.00065558083830395968
leaf_weight=42 48 74 56 50 63 41 43 58 53 44 74 427 85 771
leaf_count=42 48 74 56 50 63 41 43 58 53 44 74 427 85 771
internal_value=-0.000233281 0.00069797 -0.00439093 -0.00622896 -0.00303644 -0.00597826 -0.00944056 -0.0143564 0.000327225 -0.000289855 0.00608108 0.000188395 -0.00581395 0.000834725
internal_weight=1929 1576 353 297 247 184 143 101 1528 1380 148 1327 129 1198
internal_count=1929 1576 353 297 247 184 143 101 1528 1380 148 1327 129 1198
is_linear=0
shrinkage=0.05


Tree=65
num_leaves=15
num_cat=0
split_feature=4 4 1 1 4 1 0 2 2 3 0 1 3 0
split_gain=3.21188 3.42349 3.09159 1.81137 3.34697 2.27237 5.63894 4.90668 3.17364 2.86139 2.73637 4.65822 3.07616 2.64094
threshold=6.4340000000000011 5.0305000000000009 0.59055600833485278 0.99052327954040398 14.429500000000003 0.60434081882701174 20.129000000000001 -0.38168922026665913 -0.56069722315089188 0.40000000000000008 29.401500000000002 0.93779576777868801 24.8535 15.265500000000001
decision_type=2 2 2 2 2 2 2 2 2 2 2 2 2 2
left_child=1 2 -1 5 -5 9 8 -8 -7 -2 11 -9 -12 -11
right_child=3 -3 -4 4 -6 6 7 10 -10 13 12 -13 -14 -15
leaf_value=0.0028942193878305033 -0.0033276709676610451 -0.011189193351944815 -0.0088900215732866626 0.0014468671553144027 -0.015425703762101723 0.0055833371129109834 -0.016510226893788626 0.017983115953639099 0.022336211713684495 -0.0016006609545467171 0.00096477995010204741 0.00037308596072797487 -0.0089611829168025955 0.0017228272470816543
leaf_weight=73 303 72 40 48 40 76 57 60 45 280 74 82 50 629
leaf_count=73 303 72 40 48 40 76 57 60 45 280 74 82 50 629
internal_value=-0.000492483 -0.00675676 -0.00132743 0.000172018 -0.00681818 0.000543478 0.0036036 0.000154799 0.0128099 -0.000577558 0.00300752 0.00774648 -0.00241935 0.000825083
internal_weight=1929 185 113 1744 88 1656 444 323 121 1212 266 142 124 909
internal_count=1929 185 113 1744 88 1656 444 323 121 1212 266 142 124 909
is_linear=0
shrinkage=0.05


Tree=66
num_leaves=15
num_cat=0
split_feature=4 3 3 3 1 4 4 4 3 0 2 0 3 2
split_gain=2.91346 2.52991 4.625 3.87894 2.46783 3.86275 4.63117 2.3113 1.90207 4.05167 6.39823 3.3378 5.50867 5.03277
threshold=8.4820000000000011 99.270500000000013 61.944500000000012 17.171000000000003 0.85581839891307976 5.0305000000000009 7.0325000000000015 8.9650000000000016 0.35250000000000004 28.848500000000005 0.54277338749235304 26.738500000000005 1.9305000000000001 0.12643880951666986
decision_type=2 2 2 2 2 2 2 2 2 2 2 2 2 2
left_child=1 2 3 4 5 -1 -7 -2 9 10 -9 12 -10 -14
right_child=7 -3 -4 -5 -6 6 -8 8 11 -11 -12 -13 13 -15
leaf_value=0.0020643802577007485 0.0063413472780689158 0.0079571451489885182 -0.017172448653822874 0.010459961686210091 0.0069281907643238966 -0.011959892440731449 -0.0045900894291369598 -0.0009229890382982678 0.017884492548059985 0.0013491712894599731 -0.022063343350179426 -0.0019252878083070302 -0.00016264611832400577 0.016263807464835467
leaf_weight=45 40 56 63 41 42 46 60 243 49 106 42 351 583 162
leaf_count=45 40 56 63 41 42 46 60 243 49 106 42 351 583 162
internal_value=-0.000285122 -0.00439093 -0.00622896 -0.00299145 -0.00595855 -0.0089404 -0.0141509 0.000634518 0.000325521 -0.00268542 -0.00578947 0.00135371 0.00314861 0.00208054
internal_weight=1929 353 297 234 193 151 106 1576 1536 391 285 1145 794 745
internal_count=1929 353 297 234 193 151 106 1576 1536 391 285 1145 794 745
is_linear=0
shrinkage=0.05


Tree=67
num_leaves=15
num_cat=0
split_feature=4 4 1 0 2 4 3 4 4 1 0 4 0 3
split_gain=3.37334 3.42349 3.09159 1.69673 3.63732 6.15713 4.47364 3.79228 4.65558 4.43643 3.93431 2.64047 2.88659 3.34815
threshold=6.4340000000000011 5.0305000000000009 0.59055600833485278 21.473000000000003 -0.7324940716135786 13.410000000000002 54.295500000000011 14.876500000000002 16.586500000000004 0.73465119469809237 17.994500000000006 22.937000000000001 17.075000000000003 99.983500000000006
decision_type=2 2 2 2 2 2 2 2 2 2 2 2 2 2
left_child=1 2 -1 4 11 6 -6 -7 -9 10 -10 12 13 -2
right_child=3 -3 -4 -5 5 7 -8 8 9 -11 -12 -13 -14 -15
leaf_value=0.0026462894055539407 -0.0036390544160275432 -0.010066884707086965 -0.0085487395075073639 -0.00067380681619270142 0.0031598913798374429 -0.015297537823823471 0.027942688634374671 0.020091654551960249 -0.006411157930440667 -0.016244410300565417 0.0097177216078498645 0.0067453313294243318 0.0035077046857146105 0.018228878828799502
leaf_weight=73 257 72 40 899 94 41 61 41 65 40 51 71 71 53
leaf_count=73 257 72 40 899 94 41 61 41 65 40 51 71 71 53
internal_value=-0.000336962 -0.00675676 -0.00132743 0.000344037 0.00195266 0.00547074 0.0132258 0.000420168 0.00329949 -0.000641026 0.00431034 -0.00110619 -0.00275591 -0.00483871
internal_weight=1929 185 113 1744 845 393 155 238 197 156 116 452 381 310
internal_count=1929 185 113 1744 845 393 155 238 197 156 116 452 381 310
is_linear=0
shrinkage=0.05


Tree=68
num_leaves=15
num_cat=0
split_feature=0 4 4 1 2 2 0 2 4 4 0 2 4 1
split_gain=2.69243 2.40943 3.06176 2.14431 2.60884 3.22207 5.95067 4.18853 3.90478 2.50428 2.19592 4.802 2.08758 2.55684
threshold=10.862500000000002 6.4340000000000011 5.0305000000000009 0.41274032740354816 -0.83160410544417529 -0.7324940716135786 20.129000000000001 -0.38168922026665913 13.448500000000001 22.760500000000004 25.782500000000002 0.023632005545605003 15.577000000000004 0.81825490718534677
decision_type=2 2 2 2 2 2 2 2 2 2 2 2 2 2
left_child=-1 2 -2 -3 -5 -6 8 -8 -7 10 11 -9 13 -12
right_child=1 3 -4 4 5 6 7 9 -10 -11 12 -13 -14 -15
leaf_value=0.026550283432673807 -0.00038269520818068944 -0.0007394676360408741 -0.0097456249974470846 0.010332868271592653 -0.0036973548012770143 0.016548230894426783 -0.017443314360211373 0.0013290254185620045 0.0036039970767936858 -0.0099070478811010953 0.0036385882755203521 0.042671378751189364 0.0099992263558703366 -0.0097193557690710541
leaf_weight=40 110 1060 70 42 53 52 54 78 47 40 78 43 75 87
leaf_count=40 110 1060 70 42 53 52 54 78 47 40 78 43 75 87
internal_value=-0.000336962 -0.000608788 -0.00611111 -2.92569e-05 0.00223421 0.00140033 0.00252708 0.00010989 0.0136364 0.00187032 0.0031856 0.00867769 0.000416667 -0.00272727
internal_weight=1929 1889 180 1709 649 607 554 455 99 401 361 121 240 165
internal_count=1929 1889 180 1709 649 607 554 455 99 401 361 121 240 165
is_linear=0
shrinkage=0.05


Tree=69
num_leaves=15
num_cat=0
split_feature=3 1 1 0 4 0 2 1 1 3 1 3 4 1
split_gain=2.00419 4.29375 7.32483 3.16047 3.1858 2.98734 3.53259 5.30287 3.90426 3.88891 2.96785 3.5907 3.39231 5.42061
threshold=1.0805000000000002 0.74332993385844814 0.95236875646279973 15.874500000000001 7.6545000000000014 30.545500000000004 0.56424300735932609 0.16681837808193059 -0.51236666743397874 2.7860000000000005 0.71989675514303919 5.2340000000000009 12.155500000000002 -0.25950939392209715
decision_type=2 2 2 2 2 2 2 2 2 2 2 2 2 2
left_child=1 3 -3 -1 -5 6 9 8 -8 -2 11 -7 -13 -14
right_child=5 2 -4 4 -6 10 7 -9 -10 -11 -12 12 13 -15
leaf_value=0.0014192298012069297 0.0055428015487398287 0.0071584778617623957 -0.0037482972510190591 -0.022276751713892776 -0.0031181630208524549 0.0057291930032600247 0.015552918788943571 0.013956792772694702 -0.0029957223093441177 -8.3850089796133628e-05 -0.0093658456081493046 -0.026658453438729086 -0.010803510247027937 0.0063205750475746727
leaf_weight=85 43 99 72 52 271 46 72 68 59 871 61 40 41 49
leaf_count=85 43 99 72 52 271 46 72 68 59 871 61 40 41 49
internal_value=-0.000388802 -0.00284974 0.00380117 -0.00563725 -0.00789474 0.000666667 0.00175202 0.00778894 0.0019084 0.000437637 -0.00443038 -0.00113636 -0.00538462 0
internal_weight=1929 579 171 408 323 1350 1113 199 131 914 237 176 130 90
internal_count=1929 579 171 408 323 1350 1113 199 131 914 237 176 130 90
is_linear=0
shrinkage=0.05


Tree=70
num_leaves=15
num_cat=0
split_feature=0 1 1 4 3 3 0 2 0 2 2 3 4 0
split_gain=1.79437 4.05019 4.76013 6.34603 2.17778 2.05691 3.14619 4.25307 2.8887 3.89684 3.7223 2.46453 8.80749 6.62973
threshold=31.653000000000002 0.017189842955271029 0.79018178354239854 12.155500000000002 5.2340000000000009 1.0805000000000002 29.284000000000002 0.075135296012361824 14.867000000000003 -0.83160410544417529 -0.74189640036816351 40.998500000000007 18.043000000000003 26.216500000000003
decision_type=2 2 2 2 2 2 2 2 2 2 2 2 2 2
left_child=5 4 3 -3 -2 6 7 -1 10 -10 -7 12 -11 -14
right_child=1 2 -4 -5 -6 8 -8 -9 9 11 -12 -13 13 -15
leaf_value=-0.00022866893304951988 0.012681420567671825 -0.020050909834392436 0.0035971118231986178 -0.0088183870667419891 -0.0029582630421325254 -0.0034744018441115036 0.00099156258151237718 -0.010268662171498572 0.014594286175734529 -7.9657585306325285e-05 0.01579020619628935 -0.00026079846929624728 0.0052656614713028384 0.020171850768958589
leaf_weight=319 45 52 43 79 45 237 62 107 98 197 62 487 55 41
leaf_count=319 45 52 43 79 45 237 62 107 98 197 62 487 55 41
internal_value=-0.000336962 -0.00416667 -0.00862069 -0.0133588 0.00444444 0.00027027 -0.00245902 -0.00399061 0.00140187 0.00284738 -0.00284281 0.00166667 0.0052901 0.0177083
internal_weight=1929 264 174 131 90 1665 488 426 1177 878 299 780 293 96
internal_count=1929 264 174 131 90 1665 488 426 1177 878 299 780 293 96
is_linear=0
shrinkage=0.05


Tree=71
num_leaves=15
num_cat=0
split_feature=0 0 0 4 4 2 1 0 0 1 2 0 0 3
split_gain=1.7634 1.84336 4.95613 3.85686 3.12132 2.60671 2.53429 2.25575 3.25927 2.22439 2.16867 2.9924 2.64441 2.32107
threshold=10.862500000000002 15.195000000000002 15.521000000000003 7.7265000000000006 10.337000000000002 -0.83160410544417529 1.0000000180025095e-35 13.162500000000001 14.582500000000001 -0.18771856543719898 -0.76235363884839025 19.918000000000003 20.539000000000005 56.076500000000003
decision_type=2 2 2 2 2 2 2 2 2 2 2 2 2 2
left_child=-1 3 -3 -2 -5 6 -4 9 -9 -6 -7 13 -13 -12
right_child=1 2 5 4 7 10 -8 8 -10 -11 11 12 -14 -15
leaf_value=0.025400681857735499 -0.017948874991072183 0.0049762916166578245 -0.001721104404217913 0.014610695589114249 -0.0016974437851265203 -0.0043124869274879006 0.01892842908648909 0.0066224396551124417 -0.0068144119926368766 -0.015176437857627923 5.7425341402295165e-06 -0.017727243698037458 -0.00038181528337204109 0.0088161168263855057
leaf_weight=40 46 40 47 41 41 49 54 112 51 54 143 44 1064 103
leaf_count=40 46 40 47 41 41 49 54 112 51 54 143 44 1064 103
internal_value=-0.000388802 -0.000608788 0.000129534 -0.00391304 -0.00183946 -0.000332447 0.00742574 -0.00387597 -0.000306748 -0.01 -0.000890948 -0.000516987 -0.00162455 0.00447154
internal_weight=1929 1889 1544 345 299 1504 101 258 163 95 1403 1354 1108 246
internal_count=1929 1889 1544 345 299 1504 101 258 163 95 1403 1354 1108 246
is_linear=0
shrinkage=0.05


Tree=72
num_leaves=15
num_cat=0
split_feature=0 1 4 1 3 3 1 0 0 2 2 0 4 1
split_gain=1.68406 3.70171 4.63971 2.19247 2.17778 1.70188 4.27042 3.35286 2.72801 4.54258 3.88402 3.84615 4.52189 2.68816
threshold=31.653000000000002 0.017189842955271029 12.155500000000002 0.71989675514303919 5.2340000000000009 0.40000000000000008 0.67760851415498113 15.874500000000001 14.867000000000003 -0.79877937288636469 -0.83160410544417529 11.915000000000001 10.872500000000002 0.93779576777868801
decision_type=2 2 2 2 2 2 2 2 2 2 2 2 2 2
left_child=5 4 -3 -4 -2 6 7 -1 9 11 -10 -7 -13 -8
right_child=1 2 3 -5 -6 8 13 -9 10 -11 -12 12 -14 -15
leaf_value=0.00089915469594916732 0.012066440303456834 -0.01706419619106312 0.0030775742164911414 -0.0115837855874018 -0.0027912591258572928 0.0064822890174528166 0.007719277727434218 -0.0046469107982582266 0.013768236128562889 0.014200117848653685 0.0010316854326286305 -0.019917971955566428 -0.0023697096558983931 -0.0021685541100289899
leaf_weight=71 45 64 69 41 45 60 88 210 98 70 818 45 131 74
leaf_count=71 45 64 69 41 45 60 88 210 98 70 818 45 131 74
internal_value=-7.77605e-05 -0.00378788 -0.00804598 -0.00181818 0.00444444 0.000510511 -0.00214447 -0.00587189 0.001473 -0.00261438 0.00283843 -0.0059322 -0.00965909 0.00432099
internal_weight=1929 264 174 110 90 1665 443 281 1222 306 916 236 176 162
internal_count=1929 264 174 110 90 1665 443 281 1222 306 916 236 176 162
is_linear=0
shrinkage=0.05


Tree=73
num_leaves=15
num_cat=0
split_feature=0 1 3 3 4 4 3 1 1 1 0 0 2 4
split_gain=1.69371 1.7644 2.87681 5.85219 5.22492 5.77962 3.00749 7.917 4.72646 4.43643 3.94821 3.37988 3.28546 2.85175
threshold=10.862500000000002 0.23416947364604893 99.998000000000005 81.590000000000018 16.620500000000003 10.572500000000002 4.1525000000000007 0.7025209685794126 0.74332993385844814 0.823915376013162 17.560000000000006 23.612000000000005 0.35923451902495462 27.484000000000005
decision_type=2 2 2 2 2 2 2 2 2 2 2 2 2 2
left_child=-1 13 3 6 5 -5 8 10 -3 -9 -8 -11 -10 -2
right_child=1 2 -4 4 -6 -7 7 9 12 11 -12 -13 -14 -15
leaf_value=0.023806533313976086 -0.0015885669645461155 -0.0048331710773490359 0.011066032616941283 -0.0078417816960626198 -0.043390516528263846 0.017284953619969123 0.0030717619138104727 -0.02826112511103886 0.00026392678617323393 0.02614066169120989 0.020346127308497219 -0.00017846681063721782 0.010756085428615912 0.0059000770330192021
leaf_weight=40 978 144 105 44 42 51 49 40 159 41 52 75 42 67
leaf_count=40 978 144 105 44 42 51 49 40 159 41 52 75 42 67
internal_value=-0.000181441 -0.000397035 0.00130332 0.000202977 -0.00912409 -0.00263158 0.00232558 0.00642023 -0.000724638 -0.000641026 0.0173267 0.00431034 0.00422886 -0.00177033
internal_weight=1929 1889 844 739 137 95 602 257 345 156 101 116 201 1045
internal_count=1929 1889 844 739 137 95 602 257 345 156 101 116 201 1045
is_linear=0
shrinkage=0.05


Tree=74
num_leaves=15
num_cat=0
split_feature=1 2 1 2 1 1 0 0 3 3 4 3 4 0
split_gain=1.89206 4.50138 3.35998 2.60292 1.9431 2.95586 1.71626 5.98597 3.03812 6.7702 4.22686 8.34698 4.63119 4.25966
threshold=-0.97505550290239429 -0.062278703982132359 -0.90880922144842613 0.26123699986315735 0.99466160899732492 0.97505550290239451 15.195000000000002 15.591000000000003 0.44950000000000007 1.0000000180025095e-35 15.577000000000004 4.9895000000000005 22.270000000000003 31.653000000000002
decision_type=2 2 2 2 2 2 2 2 2 2 2 2 2 2
left_child=1 -1 3 -2 5 6 -4 -8 9 -9 13 -12 -13 -10
right_child=2 -3 4 -5 -6 -7 7 8 10 -11 11 12 -14 -15
leaf_value=0.010225461187079466 -0.0016801158345653379 -0.0034757413169703463 -0.00067117531465046289 -0.025096884633832552 -0.0050106929296146524 0.0073644144694299087 0.006107258066747244 -0.0008523398069555225 0.00022210614262092588 -0.008508808903437047 0.024489160245477953 0.012381787604219437 -0.0038780631244247341 -0.018150775602025861
leaf_weight=49 73 81 367 42 72 79 42 284 371 54 51 159 108 97
leaf_count=49 73 81 367 42 72 79 42 284 371 54 51 159 108 97
internal_value=-0.000440643 0.00538462 -0.00086159 -0.00913043 -0.000296912 6.20347e-05 -0.000424005 0.00051458 -0.000177936 -0.00414201 0.00152672 0.00597484 0.00243446 -0.00149573
internal_weight=1929 130 1799 115 1684 1612 1533 1166 1124 338 786 318 267 468
internal_count=1929 130 1799 115 1684 1612 1533 1166 1124 338 786 318 267 468
is_linear=0
shrinkage=0.05


Tree=75
num_leaves=15
num_cat=0
split_feature=3 4 1 1 1 3 0 4 1 0 0 3 4 0
split_gain=1.88285 4.26007 5.28184 3.75625 2.72945 2.6049 3.6941 2.90507 3.9757 2.30898 3.47355 4.24226 3.66803 4.10675
threshold=0.40000000000000008 6.4340000000000011 0.67760851415498113 0.93779576777868801 0.83042381995921366 1.0000000180025095e-35 32.056500000000007 9.4490000000000016 -0.89391031859722847 14.867000000000003 26.738500000000005 82.371500000000012 18.721000000000004 30.893000000000004
decision_type=2 2 2 2 2 2 2 2 2 2 2 2 2 2
left_child=1 -1 5 4 -4 6 7 -3 -9 -2 -11 -12 13 -13
right_child=9 2 3 -5 -6 -7 -8 8 -10 10 11 12 -14 -15
leaf_value=-0.0084348140597047868 -0.0010457491024059764 0.0016327728858325675 0.00032731219380766757 -0.0021321657823315829 0.012684209557093524 -0.0088355432406126318 0.015816619525651571 0.0017996939111059318 -0.0077423374587295025 0.0025283436680108465 0.00066072172585613937 0.0037185253823512013 -0.02147321769321215 -0.017243236821924569
leaf_weight=51 306 43 43 66 48 52 47 53 126 666 291 52 42 43
leaf_count=51 306 43 43 66 48 52 47 53 126 666 291 52 42 43
internal_value=-0.000388802 -0.00293006 -0.00146444 0.00605096 0.0126374 -0.00514019 -0.00315985 -0.00585586 -0.00865922 0.000571429 0.00164534 -0.00186916 -0.00912409 -0.00368421
internal_weight=1929 529 478 157 91 321 269 222 179 1400 1094 428 137 95
internal_count=1929 529 478 157 91 321 269 222 179 1400 1094 428 137 95
is_linear=0
shrinkage=0.05


Tree=76
num_leaves=15
num_cat=0
split_feature=0 4 0 1 3 1 3 1 4 4 0 4 0 1
split_gain=1.72838 1.48984 3.88336 4.05874 5.46819 4.53976 3.68909 6.49099 2.68796 3.69363 4.292 5.75022 4.17973 5.02167
threshold=10.862500000000002 8.4820000000000011 14.996500000000001 -0.7266007961912001 93.590000000000018 -1.0000000180025095e-35 6.1125000000000016 0.81078196093106825 9.8225000000000016 10.572500000000002 13.288500000000001 18.721000000000004 19.572000000000003 0.030073020370188292
decision_type=2 2 2 2 2 2 2 2 2 2 2 2 2 2
left_child=-1 2 -2 -4 5 -5 7 -7 -3 -10 11 -11 13 -12
right_child=1 8 3 4 -6 6 -8 -9 9 10 12 -13 -14 -15
leaf_value=0.022702052869130102 -0.015008566777447935 0.0015412745464842281 -0.011650844623699979 0.012951942370243864 0.010063205757818702 -0.0052387061504497907 -0.010613567805124026 0.008649298744025289 -0.0065584612051213936 -3.8055840409319427e-05 0.00021229883826927103 -0.022519274118851303 -0.00017456370403563516 0.010598577206947039
leaf_weight=40 48 111 64 47 41 55 49 42 86 64 260 42 817 163
leaf_count=40 48 111 64 47 41 55 49 42 86 64 260 42 817 163
internal_value=-0.000285122 -0.000502912 -0.00346821 -0.00134228 0.0017094 -0.00181347 -0.00616438 -0.000515464 0.000162022 -0.000418994 0.000222883 -0.00943396 0.00104839 0.00508274
internal_weight=1929 1889 346 298 234 193 146 97 1543 1432 1346 106 1240 423
internal_count=1929 1889 346 298 234 193 146 97 1543 1432 1346 106 1240 423
is_linear=0
shrinkage=0.05


Tree=77
num_leaves=15
num_cat=0
split_feature=3 4 1 1 0 0 1 4 1 4 1 0 2 1
split_gain=1.71083 4.4978 4.7101 3.75625 3.71839 3.24144 4.63082 3.65827 2.72945 2.70899 2.33701 2.15264 4.45809 5.47299
threshold=0.40000000000000008 6.4340000000000011 0.67760851415498113 0.93779576777868801 15.874500000000001 28.848500000000005 -0.89391031859722847 14.831000000000001 0.83042381995921366 14.876500000000002 0.99351875964795655 26.738500000000005 -0.23208956585110249 0.1837425755813806
decision_type=2 2 2 2 2 2 2 2 2 2 2 2 2 2
left_child=1 -1 4 8 -3 6 -6 -8 -4 -7 11 12 -2 -14
right_child=10 2 3 -5 5 9 7 -9 -10 -11 -12 -13 13 -15
leaf_value=-0.008445538293920812 4.4886287505475912e-05 0.0017657557332642006 0.00063886964437335429 -0.002506754391989312 -8.6337233170197258e-05 0.001505840613682788 -0.0041159063581988715 -0.016950113735383115 0.011746502785403066 -0.0089463772877327926 -0.0095342380984739915 -0.00055387750176929542 0.0024673018811882108 0.023184463038565053
leaf_weight=51 647 66 43 66 61 54 58 40 48 42 52 417 209 75
leaf_count=51 647 66 43 66 61 54 58 40 48 42 52 417 209 75
internal_value=-0.000129601 -0.00255198 -0.00104603 0.00605096 -0.00451713 -0.0072549 -0.0116352 -0.0183673 0.0126374 0 0.000785714 0.00118694 0.00252417 0.00774648
internal_weight=1929 529 478 157 321 255 159 98 91 96 1400 1348 931 284
internal_count=1929 529 478 157 321 255 159 98 91 96 1400 1348 931 284
is_linear=0
shrinkage=0.05


Tree=78
num_leaves=15
num_cat=0
split_feature=0 1 2 3 1 1 3 4 2 1 0 0 3 4
split_gain=1.85029 3.07157 3.24584 2.59184 2.07376 2.1231 1.71003 4.01459 4.92493 4.50723 4.35266 4.23666 3.60458 7.85203
threshold=20.129000000000001 0.68630018684894145 -0.13070653084037345 29.621500000000001 0.54817103930762578 0.41274032740354816 56.076500000000003 24.934500000000003 -0.44437817810461328 0.97505550290239451 24.451500000000006 22.150500000000005 98.645500000000013 20.441000000000006
decision_type=2 2 2 2 2 2 2 2 2 2 2 2 2 2
left_child=1 2 4 -3 5 -1 7 8 -2 10 11 -10 13 -8
right_child=6 3 -4 -5 -6 -7 12 -9 9 -11 -12 -13 -14 -15
leaf_value=-0.00021336883852883932 0.011841816225421955 0.0013674363134398072 0.011864511986923993 0.042508298860001043 -0.002766433650472808 0.0082926366668847513 -0.001889146287604435 0.0055241047213840343 -0.00015045929864829222 0.0024855015385486902 -0.0007078260530126502 -0.019265440798243483 0.0032036587357015759 -0.030662291374350045
leaf_weight=536 41 54 78 55 57 48 166 52 47 89 443 65 157 41
leaf_count=536 41 54 78 55 57 48 166 52 47 89 443 65 157 41
internal_value=2.59202e-05 0.00181159 0.000625869 0.00963303 -0.000546022 0.000342466 -0.00131698 6.78426e-05 -0.000948905 -0.00201863 -0.00369369 -0.0125 -0.00412088 -0.00845411
internal_weight=1929 828 719 109 641 584 1101 737 685 644 555 112 364 207
internal_count=1929 828 719 109 641 584 1101 737 685 644 555 112 364 207
is_linear=0
shrinkage=0.05


Tree=79
num_leaves=15
num_cat=0
split_feature=0 3 3 3 0 2 2 1 1 2 4 4 4 3
split_gain=1.71578 1.94716 4.2146 6.49451 3.41386 3.31017 3.16828 3.79619 3.02881 6.48607 3.2706 5.07329 2.93288 2.85351
threshold=25.241000000000003 82.371500000000012 1.9305000000000001 1.0000000180025095e-35 26.936500000000006 0.24460549819462502 0.78884570776442897 0.81078196093106825 0.28397372121269165 0.69097237642859677 15.992000000000003 10.533000000000001 13.801500000000003 98.862000000000009
decision_type=2 2 2 2 2 2 2 2 2 2 2 2 2 2
left_child=-1 2 3 6 -3 -4 7 -2 10 -10 11 -7 -8 -6
right_child=1 4 5 -5 13 8 12 -9 9 -11 -12 -13 -14 -15
leaf_value=0.00030165183709163771 -0.012674948376568474 0.016832353885871006 0.014398116142323085 -0.011537530844905676 -0.018054652515211968 0.0013816591416808744 0.0071701454066843478 0.00078621718222503527 -0.00081800005092525505 0.019544318549245852 0.0052817170092621163 -0.02825189851780583 -0.0061607693984979455 -0.0013074091313430847
leaf_weight=1201 43 41 42 74 55 42 53 45 61 44 73 40 41 74
leaf_count=1201 43 41 42 74 55 42 53 45 61 44 73 40 41 74
internal_value=0.000129601 -0.00178571 -0.000358423 -0.00507813 -0.00647059 0.00364238 0 -0.00681818 0.00153846 0.00809524 -0.00290323 -0.0097561 0.00638298 -0.0104651
internal_weight=1929 728 558 256 170 302 182 88 260 105 155 82 94 129
internal_count=1929 728 558 256 170 302 182 88 260 105 155 82 94 129
is_linear=0
shrinkage=0.05


Tree=80
num_leaves=15
num_cat=0
split_feature=2 0 0 4 4 4 4 2 3 0 0 0 2 4
split_gain=1.80255 2.70165 6.97579 1.67846 2.62631 1.60047 3.14168 4.92261 4.53102 3.11241 5.9714 5.09414 7.13159 4.50155
threshold=0.90906259831586944 27.862500000000001 30.408000000000005 16.802500000000006 11.256000000000002 25.755000000000006 21.886000000000006 -0.9951106240145321 98.569000000000003 16.668500000000005 14.772 14.078500000000002 -0.82681243101696389 19.726500000000005
decision_type=2 2 2 2 2 2 2 2 2 2 2 2 2 2
left_child=5 -2 -3 4 -4 6 7 -1 -8 10 11 12 -9 -11
right_child=1 2 3 -5 -6 -7 8 9 -10 13 -12 -13 -14 -15
leaf_value=-0.019589509336141377 -0.00566933615714681 0.02306852780294829 -0.016510428641328869 -0.014906582722237528 0.006106617139723259 0.0032873545458569856 -0.0019213920013740893 -0.00010328562967303057 -0.015314660435461775 -0.00020742130732724628 0.0092491559277241737 -0.017645816412282883 0.019660765430015794 0.014217152899570602
leaf_weight=55 55 40 59 47 44 119 113 131 41 909 138 56 46 76
leaf_count=55 55 40 59 47 44 119 113 131 41 909 138 56 46 76
internal_value=0.000129601 -0.00387755 -0.00105263 -0.006 -0.00242718 0.000712589 0.00028754 0.00102764 -0.00649351 0.00162242 0.00552561 0.000643777 0.00480226 0.000152284
internal_weight=1929 245 190 150 103 1684 1565 1411 154 1356 371 233 177 985
internal_count=1929 245 190 150 103 1684 1565 1411 154 1356 371 233 177 985
is_linear=0
shrinkage=0.05


Tree=81
num_leaves=15
num_cat=0
split_feature=1 1 3 3 3 1 4 3 4 4 3 0 4 3
split_gain=1.71322 3.12731 3.07105 3.6204 5.22889 4.63867 10.6856 3.70806 3.39702 3.0327 4.64443 3.20398 2.83 2.85661
threshold=0.65189295912203349 0.7025209685794126 0.40000000000000008 5.2340000000000009 15.113500000000002 0.030073020370188292 14.600000000000001 21.465500000000002 6.8305000000000016 16.740000000000006 54.722000000000001 26.936500000000006 10.872500000000002 99.951000000000008
decision_type=2 2 2 2 2 2 2 2 2 2 2 2 2 2
left_child=2 -2 8 5 -5 6 -4 -6 -1 12 -11 -12 -9 -14
right_child=1 -3 3 4 7 -7 -8 9 -10 10 11 -13 13 -15
leaf_value=-0.017798053544771923 0.012462332443500757 0.00018263665719803202 -0.00014764786020409761 -0.0082513568994620895 0.011252585254932338 -0.00087057476231548888 0.019295192246562173 -0.00086661993480244845 -0.0012567701838287646 -0.028359860744051637 0.0009468350038856322 -0.010394509704007139 0.0011091431169780897 0.017890816820018612
leaf_weight=44 43 511 83 100 40 61 74 173 302 58 167 55 148 70
leaf_count=44 43 511 83 100 40 61 74 173 302 58 167 55 148 70
internal_value=-0.000181441 0.00216606 -0.00112727 0.000242954 -0.0012947 0.0059633 0.0105096 0.00021097 -0.00520231 -0.000670641 -0.00464286 -0.00135135 0.00217391 0.0059633
internal_weight=1929 554 1375 1029 811 218 157 711 346 671 280 222 391 218
internal_count=1929 554 1375 1029 811 218 157 711 346 671 280 222 391 218
is_linear=0
shrinkage=0.05


Tree=82
num_leaves=15
num_cat=0
split_feature=0 0 0 4 4 0 0 4 4 1 4 4 1 0
split_gain=1.67651 1.50863 4.84587 2.99844 2.96052 2.55032 3.65213 1.53334 5.17021 7.17757 3.81589 4.49896 2.3751 5.65619
threshold=10.862500000000002 15.195000000000002 15.521000000000003 7.7265000000000006 10.337000000000002 13.162500000000001 14.582500000000001 10.572500000000002 9.9610000000000003 -0.90880922144842613 11.400500000000003 11.987500000000002 0.81078196093106825 23.818500000000004
decision_type=2 2 2 2 2 2 2 2 2 2 2 2 2 2
left_child=-1 3 -3 -2 -5 -6 -7 8 9 -4 -9 -12 -11 -14
right_child=1 2 7 4 5 6 -8 10 -10 12 11 -13 13 -15
leaf_value=0.021731084898636135 -0.017191577484109034 0.0030798541182512785 -0.019144754061428067 0.014638530976097189 -0.0057546430295719632 0.0059028482799970755 -0.0070855860739875709 0.0060603160897038932 -0.0087589775490663942 -0.00046283732976283858 -0.0090903550615491768 0.00057174574871408923 0.012356020560212686 -0.001102544471122756
leaf_weight=40 46 40 43 41 95 112 51 78 57 236 46 941 43 60
leaf_count=40 46 40 43 41 95 112 51 78 57 236 46 941 43 60
internal_value=-0.000129601 -0.000344097 0.000323834 -0.00333333 -0.00150502 -0.00348837 0.000306748 -0.000132979 -0.00261959 -0.00052356 0.000892019 5.06586e-05 0.0019174 0.00825243
internal_weight=1929 1889 1544 345 299 258 163 1504 439 382 1065 987 339 103
internal_count=1929 1889 1544 345 299 258 163 1504 439 382 1065 987 339 103
is_linear=0
shrinkage=0.05


Tree=83
num_leaves=15
num_cat=0
split_feature=1 2 0 1 0 2 0 3 4 4 3 3 3 3
split_gain=2.27593 1.47392 1.58728 1.29571 2.74072 3.74015 5.76854 6.26013 3.22696 2.69898 2.40035 5.10348 4.932 4.86823
threshold=0.99466160899732492 -0.9951106240145321 11.195500000000001 0.67050644418468353 20.129000000000001 -0.21772323039653199 29.401500000000002 24.8535 13.684500000000002 13.448500000000001 0.40000000000000008 1.0000000180025095e-35 5.2340000000000009 11.094000000000003
decision_type=2 2 2 2 2 2 2 2 2 2 2 2 2 2
left_child=1 -1 -3 10 9 8 -7 -8 -6 -5 11 -4 -12 -14
right_child=-2 2 3 4 5 6 7 -9 -10 -11 12 -13 13 -15
leaf_value=-0.0044082594914773452 -0.0046270154565237979 0.014060324672590552 -0.00062717678388882203 0.013212695398173971 -0.017086486281366504 0.012292450380155358 0.00059151168608203024 -0.012226721957651425 0.00058109616380054574 0.0014189097220396797 0.0040846767551239093 -0.013870544476643855 -0.011208273566129374 0.00029280270725770828
leaf_weight=71 72 52 288 63 64 119 73 51 47 49 203 53 66 658
leaf_count=71 72 52 288 63 64 119 73 51 47 49 203 53 66 658
internal_value=0.000388802 0.000726979 0.00100784 0.000749712 0.00300429 0.000847458 0.00432099 -0.00322581 -0.00675676 0.00982143 -7.88644e-05 -0.00366569 0.00124056 -0.000690608
internal_weight=1929 1857 1786 1734 466 354 243 124 111 112 1268 341 927 724
internal_count=1929 1857 1786 1734 466 354 243 124 111 112 1268 341 927 724
is_linear=0
shrinkage=0.05


Tree=84
num_leaves=15
num_cat=0
split_feature=1 2 0 2 4 2 2 2 4 0 1 3 3 0
split_gain=2.24895 1.45154 1.39687 3.11211 4.876 3.47702 5.25644 3.11369 4.81479 4.73579 8.37448 4.78393 3.01919 3.69796
threshold=0.99466160899732492 -0.9951106240145321 20.129000000000001 -0.5488429582847193 13.528 -0.64297064596386244 -0.7324940716135786 -0.83827970521777406 14.298000000000002 14.655500000000002 -0.18771856543719898 5.3015000000000008 68.217000000000013 12.285500000000001
decision_type=2 2 2 2 2 2 2 2 2 2 2 2 2 2
left_child=1 -1 3 5 -5 6 7 9 -9 11 -11 -3 -13 -14
right_child=-2 2 -4 4 -6 -7 -8 8 -10 10 -12 12 13 -15
leaf_value=-0.0041878465169034795 -0.0043956646836976077 0.012010975697865252 -0.00012086311620810309 0.0085280172624343439 0.00098303257368064227 -0.0063808696082820263 0.0066038009243699625 -0.012052286978939859 0.00067048618583325577 -0.0023113565941331906 0.014757910916360301 -0.011290840596727615 0.024113530650690905 -0.020833860554834389
leaf_weight=71 72 61 1033 97 118 50 61 58 48 57 70 47 41 45
leaf_count=71 72 61 1033 97 118 50 61 58 48 57 70 47 41 45
internal_value=0.000336962 0.000673129 0.000951848 0.00258964 0.00767442 0.000557621 0.00184426 -0.000117096 -0.00754717 0.00233645 0.00984252 -0.00257732 -0.00789474 -0.00232558
internal_weight=1929 1857 1786 753 215 538 488 427 106 321 127 194 133 86
internal_count=1929 1857 1786 753 215 538 488 427 106 321 127 194 133 86
is_linear=0
shrinkage=0.05


Tree=85
num_leaves=15
num_cat=0
split_feature=0 2 0 3 3 0 4 2 4 1 2 4 2 3
split_gain=1.55854 1.77495 3.95475 3.87268 5.063 2.81837 3.33243 4.47575 3.41972 2.22727 2.10019 4.99193 3.5185 1.42724
threshold=10.862500000000002 -0.91780143710280748 15.7995 7.1065000000000014 94.631500000000003 15.874500000000001 20.580000000000002 -0.79877937288636469 13.410000000000002 0.030073020370188292 -0.67125995756753143 13.170000000000002 -0.51974381215551546 1.9890000000000001
decision_type=2 2 2 2 2 2 2 2 2 2 2 2 2 2
left_child=-1 2 3 9 -5 6 7 -3 -9 -2 11 -7 -12 -14
right_child=1 5 -4 4 -6 10 -8 8 -10 -11 12 -13 13 -15
leaf_value=0.018735837887540251 0.0079166495043329569 8.8133465290640359e-05 0.013706840311529179 -0.020227168332133783 -0.00021525841706898191 -0.011639350568272509 -0.019169835512600205 0.020023473659163078 0.0036397112809950605 -0.0010419073321302861 0.0049762255796751117 0.0035502528711492151 -0.0011388468578939221 0.00034808049792519615
leaf_weight=40 44 71 55 70 53 67 51 41 40 44 90 61 430 772
leaf_count=40 44 71 55 70 53 67 51 41 40 44 90 61 430 772
internal_value=0.000233281 2.6469e-05 -0.0037594 -0.00687204 -0.0126016 0.00064695 0.00615764 0.00986842 0.0179012 0.00113636 -0.000140845 -0.00625 0.000464396 -0.000249584
internal_weight=1929 1889 266 211 123 1623 203 152 81 88 1420 128 1292 1202
internal_count=1929 1889 266 211 123 1623 203 152 81 88 1420 128 1292 1202
is_linear=0
shrinkage=0.05


Tree=86
num_leaves=15
num_cat=0
split_feature=3 1 1 4 3 0 1 4 4 4 1 1 3 3
split_gain=1.30355 3.06154 3.7761 5.12422 2.69556 3.20122 4.00107 2.16631 2.68754 2.12617 2.18943 1.86313 6.0451 6.04641
threshold=0.40000000000000008 0.67760851415498113 0.9594338453294492 13.895500000000002 1.0000000180025095e-35 32.056500000000007 -0.09025077427732299 4.7555000000000005 6.2925000000000013 13.744500000000002 -0.88606241628642823 0.849084144669916 83.197000000000017 98.529000000000011
decision_type=2 2 2 2 2 2 2 2 2 2 2 2 2 2
left_child=1 4 3 -3 5 6 9 -2 -9 -1 -11 -10 -13 -14
right_child=7 2 -4 -5 -6 -7 -8 8 11 10 -12 12 13 -15
leaf_value=0.0019203283326818229 0.0034446577702465287 0.0002179949753402008 -0.0023035648624617324 0.0091545143774987275 -0.007244326766338083 0.0087785898701068787 -0.013311097940541179 -0.0097521823120053867 0.0010051690690996375 0.0012792146898096325 -0.0085608891782273568 0.0024037623075467761 -0.015993778026138245 -0.00067819917008404287
leaf_weight=78 67 66 62 46 59 55 74 62 1057 40 49 120 40 54
leaf_count=78 67 66 62 46 59 55 74 62 1057 40 49 120 40 54
internal_value=0.000129601 -0.00198488 0.00344828 0.00892857 -0.00464789 -0.0027027 -0.00518672 0.000928571 0.000487622 -0.000898204 -0.00617978 0.000983478 -0.00327103 -0.012766
internal_weight=1929 529 174 112 355 296 241 1400 1333 167 89 1271 214 94
internal_count=1929 529 174 112 355 296 241 1400 1333 167 89 1271 214 94
is_linear=0
shrinkage=0.05


Tree=87
num_leaves=15
num_cat=0
split_feature=1 2 0 1 0 2 2 4 3 1 1 0 0 2
split_gain=1.5413 1.38542 1.46246 2.7503 5.0231 3.23425 1.74081 5.28577 5.34822 2.95167 5.33826 2.84532 2.61026 7.16625
threshold=0.99466160899732492 -0.9951106240145321 31.653000000000002 0.017189842955271029 34.773500000000006 0.89420283937402645 0.46105717635705401 23.045000000000005 0.47750000000000004 -0.17552986495351994 -0.51236666743397874 25.844000000000005 26.141500000000004 0.19429706169951341
decision_type=2 2 2 2 2 2 2 2 2 2 2 2 2 2
left_child=1 -1 6 -4 5 -5 12 8 -8 10 11 -10 -3 -14
right_child=-2 2 3 4 -6 -7 7 -9 9 -11 -12 -13 13 -15
leaf_value=-0.0044245451197299362 -0.0041586172266406349 0.0003313345314395089 0.0035361878104534341 -0.0022247236668271552 0.00092745092726648215 -0.017415339252070724 -0.0014697550145907679 -0.01374637484626471 0.027680443671464924 0.013197859489717301 -0.0063201125307572829 0.0010907464836648173 0.0090853274524479149 -0.015364457888140238
leaf_weight=71 72 1013 90 66 66 42 87 53 42 118 40 45 52 72
leaf_count=71 72 1013 90 66 66 42 87 53 42 118 40 45 52 72
internal_value=0.000233281 0.000511578 0.000783875 -0.00265152 -0.00632184 -0.012963 0.00137976 0.00428571 0.00662651 0.0104082 0.00511811 0.012069 0.000395778 -0.00645161
internal_weight=1929 1857 1786 264 174 108 1522 385 332 245 127 87 1137 124
internal_count=1929 1857 1786 264 174 108 1522 385 332 245 127 87 1137 124
is_linear=0
shrinkage=0.05


Tree=88
num_leaves=15
num_cat=0
split_feature=2 4 3 4 4 4 3 1 1 0 2 4 3 2
split_gain=1.27324 1.4355 4.85635 3.82761 2.34532 5.18748 4.04659 3.90091 4.91256 3.62038 5.94014 3.19244 3.1202 3.0271
threshold=-0.9951106240145321 21.886000000000006 43.234000000000009 25.320500000000006 15.577000000000004 15.992000000000003 91.423500000000004 0.90452903270257812 0.57659668305444445 25.844000000000005 -0.75331262247159991 14.690500000000002 99.751500000000007 0.99055824379501012
decision_type=2 2 2 2 2 2 2 2 2 2 2 2 2 2
left_child=-1 4 3 -3 6 -6 11 8 -7 10 -8 13 -12 -2
right_child=1 2 -4 -5 5 7 9 -9 -10 -11 12 -13 -14 -15
leaf_value=-0.0042033178637434386 -0.00069873047030970877 -0.002741589782112724 -0.013059056103951472 0.009224735302443032 0.016718248541990034 0.00035794128588542142 -0.00027173532101466835 -0.0057816127032679883 0.010783325602435554 -0.003955839343319098 0.021244567365577945 -0.0051046988227967608 0.01811356347275881 0.00509777280229396
leaf_weight=71 740 76 149 69 44 285 75 55 61 78 43 71 72 40
leaf_count=71 740 76 149 69 44 285 75 55 61 78 43 71 72 40
internal_value=0.000233281 0.000484392 -0.00272109 0.0037931 0.00108696 0.0041573 -0.000134048 0.00236908 0.00433526 0.00522388 0.00894737 -0.00182139 0.016087 -0.000897436
internal_weight=1929 1858 294 145 1564 445 1119 401 346 268 190 851 115 780
internal_count=1929 1858 294 145 1564 445 1119 401 346 268 190 851 115 780
is_linear=0
shrinkage=0.05


Tree=89
num_leaves=15
num_cat=0
split_feature=0 2 4 3 4 0 2 2 0 1 3 3 0 3
split_gain=1.26838 3.84997 5.5501 7.719 4.3472 4.98088 3.20763 3.75343 4.03695 4.421 4.07325 5.05987 3.19738 2.96042
threshold=19.918000000000003 -0.74189640036816351 13.448500000000001 55.265000000000008 20.082500000000003 14.037000000000001 -0.83827970521777406 -0.9951106240145321 14.655500000000002 -0.18771856543719898 5.4370000000000012 93.247000000000014 20.467000000000002 0.37750000000000006
decision_type=2 2 2 2 2 2 2 2 2 2 2 2 2 2
left_child=1 4 3 13 6 -6 7 -1 10 -10 -9 -12 -2 -3
right_child=12 2 -4 -5 5 -7 -8 8 9 -11 11 -13 -14 -15
leaf_value=-0.018312860489012546 -0.018022244352554336 0.003521054787450384 -0.00012421945300991055 0.031416131493237444 -0.0067621099774863224 0.024569670032678653 -0.0072360584770936182 0.0078629657524189722 -0.00334304620650272 0.013016032415272756 -0.017992191774082188 0.01144865857787482 -0.00018390294279732461 -0.013329231569565312
leaf_weight=50 40 43 177 60 46 56 78 57 47 61 52 40 1077 45
leaf_count=50 40 43 177 60 46 56 78 57 47 61 52 40 1077 45
internal_value=-2.59202e-05 0.00147783 0.00569231 0.0128378 -0.0013347 0.00784314 -0.00376623 -0.0014658 0.000972763 0.00833333 -0.00436242 -0.0108696 -0.00111907 0.00340909
internal_weight=1929 812 325 148 487 102 385 307 257 108 149 92 1117 88
internal_count=1929 812 325 148 487 102 385 307 257 108 149 92 1117 88
is_linear=0
shrinkage=0.05


Tree=90
num_leaves=15
num_cat=0
split_feature=0 2 4 3 4 0 0 0 2 0 3 2 2 1
split_gain=1.17561 3.73426 4.19168 8.40946 3.55959 2.52749 2.98387 2.35634 3.20046 1.99299 1.84667 4.14892 1.70268 2.05837
threshold=20.129000000000001 -0.76235363884839025 13.448500000000001 54.295500000000011 12.948000000000002 13.162500000000001 15.195000000000002 13.162500000000001 -0.94849615754507433 14.404500000000001 2.2920000000000003 -0.23208956585110249 -0.84565824135800816 0.1837425755813806
decision_type=2 2 2 2 2 2 2 2 2 2 2 2 2 2
left_child=1 4 3 -3 5 -1 -7 8 -6 -4 -11 -12 13 -9
right_child=-2 2 9 -5 7 6 -8 12 -10 10 11 -13 -14 -15
leaf_value=0.011380319694651114 -0.00033853743812184981 0.00017040866136734391 -0.011886984592788001 0.022333292859738042 -0.013565255648884202 -0.012821865069698941 -0.00086399591044658607 0.0018637349348169575 0.00539902280060539 0.0039492990934595585 -0.018811124224468435 0.004884539310972315 -0.00040911686421141462 0.01557954371112219
leaf_weight=51 1101 97 44 70 40 73 72 107 42 42 51 56 43 40
leaf_count=51 1101 97 44 70 40 73 72 107 42 42 51 56 43 40
internal_value=2.59202e-05 0.00144928 0.00527778 0.0110778 -0.00149573 -0.00663265 -0.01 0.00220588 -0.00487805 0.000259067 0.00302013 -0.00046729 0.00526316 0.00782313
internal_weight=1929 828 360 167 468 196 145 272 82 193 149 107 190 147
internal_count=1929 828 360 167 468 196 145 272 82 193 149 107 190 147
is_linear=0
shrinkage=0.05


Tree=91
num_leaves=15
num_cat=0
split_feature=0 2 4 4 2 0 0 3 1 0 0 0 0 2
split_gain=1.41437 3.76201 5.88345 4.61588 4.48843 4.15792 2.88141 2.83636 1.93994 2.68522 2.11575 1.88407 2.02926 1.829
threshold=20.129000000000001 -0.74189640036816351 20.580000000000002 12.948000000000002 -0.83827970521777406 15.7995 13.162500000000001 89.040000000000006 -0.034374606067994681 15.474500000000001 15.982000000000001 15.195000000000002 13.162500000000001 -0.94849615754507433
decision_type=2 2 2 2 2 2 2 2 2 2 2 2 2 2
left_child=1 3 5 4 11 -3 13 -7 9 -8 -10 12 -1 -5
right_child=-2 2 -4 6 -6 7 8 -9 10 -11 -12 -13 -14 -15
leaf_value=0.010811303709918558 -0.00032161056621575761 0.012872676409266079 -0.0074881459752282643 -0.012886992866439989 -0.013030044784510681 0.00020613057108845312 0.01227204404776827 0.011071670991396497 0.0033059922526378661 -0.0026203326454516344 0.033554727275385603 0.0064570387196798019 -0.010307601150347599 0.0017662810844351834
leaf_weight=49 1101 72 74 40 42 143 51 52 65 43 40 49 64 44
leaf_count=49 1101 72 74 40 42 143 51 52 65 43 40 49 64 44
internal_value=0.000129601 0.00169082 0.00571848 -0.00112936 -0.00686275 0.00917603 0.00300353 0.00538462 0.00628141 0.00106383 0.0109524 -0.00308642 -0.00663717 -0.0047619
internal_weight=1929 828 341 487 204 267 283 195 199 94 105 162 113 84
internal_count=1929 828 341 487 204 267 283 195 199 94 105 162 113 84
is_linear=0
shrinkage=0.05


Tree=92
num_leaves=15
num_cat=0
split_feature=0 2 4 3 4 2 0 4 4 0 0 0 0 4
split_gain=1.29223 3.4467 5.13004 8.54982 3.17224 3.66677 2.40708 2.00105 5.72062 2.73203 1.68804 2.11637 1.67521 3.33357
threshold=20.129000000000001 -0.74189640036816351 13.448500000000001 54.295500000000011 12.948000000000002 -0.83827970521777406 16.976000000000003 16.740000000000006 19.413500000000003 14.037000000000001 14.867000000000003 13.162500000000001 17.928000000000004 20.580000000000002
decision_type=2 2 2 2 2 2 2 2 2 2 2 2 2 2
left_child=1 4 3 -3 5 10 7 -6 -9 -10 11 -1 13 -4
right_child=-2 2 12 -5 6 -7 -8 8 9 -11 -12 -13 -14 -15
leaf_value=0.01027073852442263 -0.00030553003790497195 0.00038378117185892719 0.0059947722912082396 0.022151130469459924 0.004424652032155702 -0.01237854254528515 0.018446860091682837 -0.016560537817694784 -0.0070752754748320216 0.016847077741708495 0.0010016346073467735 -0.0097922210928302177 0.0020601954707809285 -0.015623015527567057
leaf_weight=49 1101 92 65 66 93 42 48 49 52 41 61 52 64 54
leaf_count=49 1101 92 65 66 93 42 48 49 52 41 61 52 64 54
internal_value=7.77605e-05 0.00157005 0.00542522 0.0120253 -0.00112936 -0.00588235 0.00229682 0.000212766 -0.00352113 0.00376344 -0.00246914 -0.00643564 -0.000273224 -0.00378151
internal_weight=1929 828 341 158 487 204 283 235 142 93 162 101 183 119
internal_count=1929 828 341 158 487 204 283 235 142 93 162 101 183 119
is_linear=0
shrinkage=0.05


Tree=93
num_leaves=15
num_cat=0
split_feature=2 0 0 4 4 2 3 0 4 1 2 2 1 1
split_gain=1.15556 1.87765 3.34401 3.21493 6.56267 4.26165 4.45255 3.52151 2.99083 2.57133 1.75975 1.48647 1.11422 6.6424
threshold=-0.9951106240145321 16.668500000000005 17.075000000000003 20.580000000000002 23.900000000000002 -0.78621243120361772 53.003000000000007 15.334500000000002 13.410000000000002 -0.17082974322534453 -0.84565824135800816 -0.94849615754507433 -0.95747632178960107 -0.90880922144842613
decision_type=2 2 2 2 2 2 2 2 2 2 2 2 2 2
left_child=-1 3 -3 5 -5 7 -7 8 11 -10 -4 -2 -12 -14
right_child=1 2 10 4 -6 6 -8 -9 9 -11 12 -13 13 -15
leaf_value=-0.0042582034793162363 -0.0021083607631302427 -0.016859786067226414 0.014895077165479649 -0.019706635153292313 0.0044721816004088871 0.0024863772752795944 0.036434732178431371 0.012000075859407731 -0.0019859703279905216 0.005496240397282956 0.0012654039402808558 -0.0074294393723223122 -0.020862334985715658 -8.1551114371863914e-05
leaf_weight=71 62 40 40 43 61 58 56 40 43 49 140 49 61 1116
leaf_count=71 62 40 40 43 61 58 56 40 43 49 140 49 61 1116
internal_value=-7.77605e-05 0.000161464 -0.000751611 0.00292842 -0.00480769 0.00518207 0.0131579 0.00144033 -0.00123153 0.00543478 -0.000331614 -0.00675676 -0.000645406 -0.00114698
internal_weight=1929 1858 1397 461 104 357 114 243 203 92 1357 111 1317 1177
internal_count=1929 1858 1397 461 104 357 114 243 203 92 1357 111 1317 1177
is_linear=0
shrinkage=0.05


Tree=94
num_leaves=15
num_cat=0
split_feature=4 4 3 0 0 4 3 4 1 1 4 1 3 4
split_gain=1.5941 4.07304 2.50436 1.4984 2.77716 2.72063 5.9476 4.90479 4.17064 5.67085 3.66606 2.97079 2.91127 2.8132
threshold=6.4340000000000011 5.0305000000000009 3.2475000000000005 25.241000000000003 24.327000000000002 15.992000000000003 91.803000000000011 17.687500000000004 0.76109721063455271 0.47434769705567625 10.457000000000003 0.83042381995921366 4.9895000000000005 11.603500000000002
decision_type=2 2 2 2 2 2 2 2 2 2 2 2 2 2
left_child=1 2 -1 4 5 6 11 -7 9 12 -8 -2 -9 -13
right_child=3 -3 -4 -5 -6 7 10 8 -10 -11 -12 13 -14 -15
leaf_value=-0.010124932414766686 -0.00075082267671203531 -0.0049327203699995855 0.0024014857484720114 -0.00062303410786137972 0.011852371927927742 -0.010684677783652114 0.001558713726491709 0.0079090272800356413 -0.0091822486029263101 0.01982573799562375 0.020940161507642566 0.0041499753312234508 -0.0048118453981890246 -0.00029915183900173798
leaf_weight=41 354 72 72 655 58 77 58 70 49 40 93 43 197 50
leaf_count=41 354 72 72 655 58 77 58 70 49 40 93 43 197 50
internal_value=-0.000181441 -0.00459459 0.00132743 0.000286697 0.00142332 0.000824442 0.00301003 -0.002194 0.000280899 0.002443 0.0115894 0.000111857 -0.000187266 0.00806452
internal_weight=1929 185 113 1744 1089 1031 598 433 356 307 151 447 267 93
internal_count=1929 185 113 1744 1089 1031 598 433 356 307 151 447 267 93
is_linear=0
shrinkage=0.05


Tree=95
num_leaves=15
num_cat=0
split_feature=2 0 1 2 1 4 4 4 2 3 4 4 3 1
split_gain=1.71064 1.21361 1.21079 5.21275 4.776 3.3046 2.46786 4.14559 5.16365 4.98765 3.19245 2.63027 1.83996 1.61781
threshold=-0.9951106240145321 11.195500000000001 -0.88606241628642823 0.0064435096891653281 -0.99052327954040364 17.883000000000003 22.088500000000003 23.975500000000004 0.70936945408888341 43.234000000000009 19.726500000000005 18.778500000000005 10.255000000000001 -0.81403855522663837
decision_type=2 2 2 2 2 2 2 2 2 2 2 2 2 2
left_child=-1 -2 3 4 -3 -5 10 -8 9 -9 11 13 -12 -4
right_child=1 2 6 5 -6 -7 7 8 -10 -11 12 -13 -14 -15
leaf_value=-0.0040077521715148222 0.013694162544204913 0.012026686920770569 0.0063152928613524261 -0.01503967708503837 -0.00052977869619642848 -0.0059322841700022921 -0.013530231547710986 0.022872495206249323 -0.019800619350595097 -0.0027850251628994739 0.018922426449769325 -0.0079247208711573768 0.012638382487875117 9.3365595647093577e-05
leaf_weight=71 52 43 61 71 97 60 68 45 42 52 41 44 43 1139
leaf_count=71 52 43 61 71 97 60 68 45 42 52 41 44 43 1139
internal_value=-0.000129601 0.000161464 -5.5371e-05 -0.00313653 0.00357143 -0.0103053 0.000488599 -0.00458937 0.000359712 0.00670103 0.00128012 0.000643087 0.0107143 0.00108333
internal_weight=1929 1858 1806 271 140 131 1535 207 139 97 1328 1244 84 1200
internal_count=1929 1858 1806 271 140 131 1535 207 139 97 1328 1244 84 1200
is_linear=0
shrinkage=0.05


Tree=96
num_leaves=15
num_cat=0
split_feature=2 0 0 0 4 2 2 0 4 0 4 2 1 1
split_gain=1.61877 1.0966 3.34401 3.03843 5.59268 2.11567 1.75975 1.74351 2.41546 3.29433 2.52808 1.70918 1.11422 5.35601
threshold=-0.9951106240145321 16.668500000000005 17.075000000000003 14.772 9.5945000000000018 -0.9796624227284948 -0.84565824135800816 11.915000000000001 9.272000000000002 13.162500000000001 16.5425 -0.71840966893412694 -0.95747632178960107 -0.90880922144842613
decision_type=2 2 2 2 2 2 2 2 2 2 2 2 2 2
left_child=-1 3 -3 5 -5 -2 -4 -7 -9 -10 -11 -6 -8 -14
right_child=1 2 6 4 11 7 12 8 9 10 -12 -13 13 -15
leaf_value=-0.0038073645629390809 -0.011035479301017222 -0.015900211382770455 0.013864000486873663 0.011084829801011659 0.0075694952693280589 0.0094838818015032661 0.0012249049353941805 -0.011468361880084155 -0.0044139355484671813 0.010259300810052822 -0.0017388019093836219 -0.002281749918064846 -0.019036082676784884 -0.00018407558258456692
leaf_weight=71 46 40 40 44 68 62 140 40 51 53 40 57 61 1116
leaf_count=71 46 40 40 44 68 62 140 40 51 53 40 57 61 1116
internal_value=-0.000336962 -5.38213e-05 -0.000751611 0.00206074 0.00739645 -0.0010274 -0.000331614 0.000813008 -0.00163043 0.00138889 0.00698925 0.002 -0.000645406 -0.00114698
internal_weight=1929 1858 1397 461 169 292 1357 246 184 144 93 125 1317 1177
internal_count=1929 1858 1397 461 169 292 1357 246 184 144 93 125 1317 1177
is_linear=0
shrinkage=0.05


Tree=97
num_leaves=15
num_cat=0
split_feature=0 2 2 1 0 3 3 2 0 4 2 0 0 4
split_gain=1.03022 1.22926 3.06957 2.4337 3.10796 2.90789 3.91196 1.23731 2.46053 5.46552 2.07008 1.31792 1.17264 2.85185
threshold=10.862500000000002 -0.91780143710280748 -0.88835394722870831 -0.22132528438243276 15.591000000000003 7.1065000000000014 94.631500000000003 -0.79877937288636469 15.390500000000001 15.934500000000002 -0.83160410544417529 16.141500000000004 20.129000000000001 8.5700000000000021
decision_type=2 2 2 2 2 2 2 2 2 2 2 2 2 2
left_child=-1 3 -3 -2 5 -5 -7 10 9 -9 -4 -10 13 -13
right_child=1 2 7 4 -6 6 -8 8 11 -11 -12 12 -14 -15
leaf_value=0.017493727354849033 -0.0095268398727941135 0.0097707016034096796 0.0013422811328539317 0.0016071529689567544 0.027927883862253634 -0.018117804364886549 0.00016922119827963381 0.01368161863982152 -0.0027302288470970344 -0.0048252458010060095 -0.0098655132182420627 -0.0057836355885049918 -0.00032629809112007593 0.0018286359654227362
leaf_weight=40 52 41 64 69 41 57 47 44 44 42 42 54 1094 198
leaf_count=40 52 41 64 69 41 57 47 44 44 42 42 54 1094 198
internal_value=-0.000440643 -0.000608788 -9.24214e-05 -0.0037594 -0.00140187 -0.00433526 -0.00961538 -0.000442478 -6.77507e-05 0.00813953 -0.00566038 -0.00057554 -0.000297177 0.00277778
internal_weight=1929 1889 1623 266 214 173 104 1582 1476 86 106 1390 1346 252
internal_count=1929 1889 1623 266 214 173 104 1582 1476 86 106 1390 1346 252
is_linear=0
shrinkage=0.05


Tree=98
num_leaves=15
num_cat=0
split_feature=2 0 3 2 2 1 0 1 3 2 0 2 1 3
split_gain=1.06185 0.96504 3.40433 4.7897 9.245 3.58935 3.2127 7.59834 3.09117 1.97282 2.96124 5.01197 3.93125 2.9981
threshold=-0.9951106240145321 30.893000000000004 72.16200000000002 0.61287127154566789 0.78884570776442897 -0.021515898191484053 29.602 0.61794704089537544 0.11450000000000002 0.89420283937402645 27.997000000000003 0.56424300735932609 0.66015212067123197 85.75500000000001
decision_type=2 2 2 2 2 2 2 2 2 2 2 2 2 2
left_child=-1 6 3 -3 -5 -6 9 -8 -7 10 11 -2 -12 -13
right_child=1 2 -4 4 5 8 7 -9 -10 -11 12 13 -14 -15
leaf_value=-0.0041397775464789843 -3.4263547489095381e-05 0.0094783135307793948 -0.01530395649373578 -0.024869447177373695 0.013834629382663766 0.0026538953065141204 0.0088317762340783257 -0.0079383400687183647 -0.0093032312945662606 -0.0041653190681364095 -0.012379726564484295 0.006025046901970036 0.00018904857926948517 0.038180646266697232
leaf_weight=71 1145 59 76 40 62 45 51 47 53 87 45 61 42 45
leaf_count=71 1145 59 76 40 62 45 51 47 53 87 45 61 42 45
internal_value=-0.000336962 -0.000107643 -0.00253731 0.00019305 -0.0035 0.001875 0.000426789 0.00918367 -0.00408163 -0.000175439 0.000298954 0.000919265 -0.00862069 0.0113208
internal_weight=1929 1858 335 259 200 160 1523 98 98 1425 1338 1251 87 106
internal_count=1929 1858 335 259 200 160 1523 98 98 1425 1338 1251 87 106
is_linear=0
shrinkage=0.05


Tree=99
num_leaves=15
num_cat=0
split_feature=2 4 2 1 4 4 3 4 4 4 4 0 1 4
split_gain=1.17477 0.856541 2.84591 2.68431 2.25663 1.44208 3.50172 2.89757 3.42768 3.67192 5.50547 2.51769 2.06822 2.12095
threshold=-0.9951106240145321 6.4340000000000011 0.70936945408888341 -0.51236666743397874 7.29 8.4820000000000011 3.0915000000000004 9.8915000000000024 10.572500000000002 11.400500000000003 12.367500000000001 21.906000000000002 -0.99052327954040364 22.088500000000003
decision_type=2 2 2 2 2 2 2 2 2 2 2 2 2 2
left_child=-1 2 3 -2 -3 6 -6 11 -9 -10 -11 -7 -12 -14
right_child=1 4 -4 -5 5 7 -8 8 9 10 12 -13 13 -15
leaf_value=-0.0039327886691550356 -0.010986846966920703 0.00364023115292747 0.0025212005411884065 -0.00086733276586088638 0.0078162943659176448 0.015921268914406331 -0.0095870656832987913 -0.0058706220184099522 0.0057976865628702528 -0.0087799826278872461 0.0073603969287918125 0.00026116896464267459 0.0007232748109403331 -0.0039502633036190673
leaf_weight=71 40 69 43 96 44 58 51 78 95 101 62 59 799 263
leaf_count=71 40 69 43 96 44 58 51 78 95 101 62 59 799 263
internal_value=-2.59202e-05 0.000215285 -0.00307263 -0.00661765 0.000565813 0.000186335 -0.00578947 0.000561056 -7.15308e-05 0.000530303 -0.000204082 0.00811966 0.000800712 0.000282486
internal_weight=1929 1858 179 136 1679 1610 95 1515 1398 1320 1225 117 1124 1062
internal_count=1929 1858 179 136 1679 1610 95 1515 1398 1320 1225 117 1124 1062
is_linear=0
shrinkage=0.05


Tree=100
num_leaves=15
num_cat=0
split_feature=3 1 1 4 3 0 1 1 1 1 3 3 3 1
split_gain=1.59238 2.84394 2.99781 2.91717 2.5422 3.40303 3.66534 2.03455 4.18123 3.3852 2.44751 5.29341 2.14509 9.51722
threshold=0.40000000000000008 0.67760851415498113 0.93779576777868801 13.227000000000002 1.0000000180025095e-35 32.056500000000007 -0.09025077427732299 0.849084144669916 0.79018178354239854 0.9186520315491703 98.529000000000011 57.768000000000008 5.2340000000000009 0.20061247795988868
decision_type=2 2 2 2 2 2 2 2 2 2 2 2 2 2
left_child=1 4 3 -3 5 6 -1 8 12 -9 11 -11 13 -2
right_child=7 2 -4 -5 -6 -7 -8 9 -10 10 -12 -13 -14 -15
leaf_value=-0.00042032654854785026 0.0046604388738572767 0.00026334282524122373 -0.0016826637260299649 0.0088260745606603044 -0.0065480321604653672 0.0080586138861220569 -0.01147049456883238 -0.010226979110239018 0.017074411870930541 0.0064006480540404337 0.040306876748786892 -0.012095314829149368 -1.9963530727509783e-05 -0.0025359151174080864
leaf_weight=167 177 55 75 44 59 55 74 65 45 91 41 43 884 54
leaf_count=167 177 55 75 44 59 55 74 65 45 91 41 43 884 54
internal_value=-2.59202e-05 -0.00236295 0.00287356 0.00858586 -0.00492958 -0.00304054 -0.00560166 0.000857143 0.00172414 -0.00333333 0.000285714 -0.00298507 0.00112108 0.00541126
internal_weight=1929 529 174 99 355 296 241 1400 1160 240 175 134 1115 231
internal_count=1929 529 174 99 355 296 241 1400 1160 240 175 134 1115 231
is_linear=0
shrinkage=0.05


Tree=101
num_leaves=15
num_cat=0
split_feature=1 3 4 4 3 1 2 0 4 4 3 1 2 2
split_gain=1.38939 1.47234 3.70396 4.06923 3.64552 3.23721 3.1419 5.87218 2.76136 5.50989 4.23062 3.09259 3.69654 9.69475
threshold=0.99466160899732492 92.931500000000014 16.894000000000002 13.306000000000003 78.020000000000024 -0.28397372121269149 -0.74189640036816351 22.640500000000007 17.982500000000005 18.970500000000005 1.0000000180025095e-35 0.97505550290239451 0.77275363110444695 0.86993731518838324
decision_type=2 2 2 2 2 2 2 2 2 2 2 2 2 2
left_child=1 4 3 6 8 -6 -3 -8 11 -10 -11 12 -1 -14
right_child=-2 2 -4 -5 5 -7 7 -9 9 10 -12 -13 13 -15
leaf_value=-0.0011779554656412895 -0.0046693312207570668 -0.0053862541291992477 -0.0059010467052941218 0.021178901310154243 0.0054501481117258726 -0.015236117923458921 0.01711529236563707 -0.0041173088957781141 0.015461141408516161 -0.003579203297140308 0.0029294262192797933 0.0076695680290776655 0.019756088509511341 -0.000316807376466588
leaf_weight=671 72 75 183 91 45 68 55 66 59 80 210 42 41 171
leaf_count=671 72 75 183 91 45 68 55 66 59 80 210 42 41 171
internal_value=-0.000129601 0.000134626 0.00255319 0.00609756 -0.000684932 -0.00929204 0.00204082 0.00702479 7.84929e-05 0.00386819 0.00103448 -0.00135135 -0.00198188 0.00377358
internal_weight=1929 1857 470 287 1387 113 196 121 1274 349 290 925 883 212
internal_count=1929 1857 470 287 1387 113 196 121 1274 349 290 925 883 212
is_linear=0
shrinkage=0.05


Tree=102
num_leaves=15
num_cat=0
split_feature=1 2 0 1 2 0 3 3 1 3 4 4 4 1
split_gain=1.30613 1.15616 1.21292 1.0328 2.48167 2.24572 2.86411 4.54054 2.94133 2.62862 3.38824 2.59124 2.38554 1.45886
threshold=0.99466160899732492 -0.9951106240145321 11.195500000000001 0.57659668305444445 0.69097237642859677 31.653000000000002 97.726500000000016 57.029500000000006 0.87795195455888941 4.8050000000000006 15.018000000000002 10.155500000000002 13.895500000000002 0.45914483320598681
decision_type=2 2 2 2 2 2 2 2 2 2 2 2 2 2
left_child=1 -1 -3 13 5 6 7 9 -9 11 -11 -5 -13 -4
right_child=-2 2 3 4 -6 -7 -8 8 -10 10 -12 12 -14 -15
leaf_value=-0.0039102734061080809 -0.0044358646597192136 0.011953218637717505 -0.00017499333812213136 0.0025389045884050749 0.0046297605164971837 -0.0028775908175046831 0.025543603985995218 -7.2159701387686237e-05 -0.016578284130292241 7.6785010906882389e-05 0.024767968986655866 -0.0084213860890025444 0.0010796739208355764 -0.0033124442801612574
leaf_weight=71 72 52 1109 62 55 58 74 43 40 47 41 51 72 82
leaf_count=71 72 52 1109 62 55 58 74 43 40 47 41 51 72 82
internal_value=-0.000336962 -8.07754e-05 0.000167973 -5.76701e-05 0.00174954 0.000614754 0.00186047 0 -0.010241 0.00311355 0.0102273 -0.00027027 -0.00447154 -0.000881612
internal_weight=1929 1857 1786 1734 543 488 430 356 83 273 88 185 123 1191
internal_count=1929 1857 1786 1734 543 488 430 356 83 273 88 185 123 1191
is_linear=0
shrinkage=0.05


Tree=103
num_leaves=15
num_cat=0
split_feature=0 2 2 1 0 3 3 2 2 0 4 0 4 2
split_gain=0.990264 0.810031 3.04163 2.82552 3.31402 3.23446 2.84199 0.855082 2.54768 2.46053 5.46552 1.31792 1.39436 4.88119
threshold=10.862500000000002 -0.91780143710280748 -0.88835394722870831 -0.22132528438243276 15.334500000000002 7.1065000000000014 94.631500000000003 -0.79877937288636469 -0.83160410544417529 15.390500000000001 15.934500000000002 16.141500000000004 15.577000000000004 -0.53190322474958196
decision_type=2 2 2 2 2 2 2 2 2 2 2 2 2 2
left_child=-1 3 -3 -2 5 -5 -7 8 -4 10 -9 -11 -13 -14
right_child=1 2 7 4 -6 6 -8 9 -10 11 -12 12 13 -15
leaf_value=0.016426713831730871 -0.0090452059432182125 0.010252946605410033 0.0016229151326033441 0.0015839098711820884 0.013878789748990357 -0.016342461282558781 0.0062512740528425899 0.012956881634292164 -0.0097963518953842789 -0.0024118056671494207 -0.0061454894092185562 -0.00034826229548236558 0.034068954121685799 0.00014927079526911858
leaf_weight=40 52 41 64 64 53 55 42 44 42 44 42 828 41 477
leaf_count=40 52 41 64 64 53 55 42 44 42 44 42 828 41 477
internal_value=-0.000285122 -0.000449974 -3.08071e-05 -0.00300752 -0.00046729 -0.00403727 -0.00979381 -0.000379267 -0.00471698 -6.77507e-05 0.00813953 -0.00057554 -0.000297177 0.00173745
internal_weight=1929 1889 1623 266 214 161 97 1582 106 1476 86 1390 1346 518
internal_count=1929 1889 1623 266 214 161 97 1582 106 1476 86 1390 1346 518
is_linear=0
shrinkage=0.05


Tree=104
num_leaves=15
num_cat=0
split_feature=2 0 1 1 2 0 1 4 0 1 3 0 0 1
split_gain=1.6415 1.26621 0.853451 1.41838 2.30343 2.58879 4.06753 2.67277 3.57005 3.09457 4.69253 2.58724 2.05801 1.42104
threshold=-0.9951106240145321 11.195500000000001 0.99466160899732492 0.57659668305444445 0.69097237642859677 19.918000000000003 0.7980110542611677 8.9650000000000016 22.734500000000004 0.96230016621822489 17.171000000000003 18.528500000000005 16.729500000000005 0.45914483320598681
decision_type=2 2 2 2 2 2 2 2 2 2 2 2 2 2
left_child=-1 -2 3 13 5 11 -7 -8 -9 10 -10 12 -5 -3
right_child=1 2 -4 4 -6 6 7 8 9 -11 -12 -13 -14 -15
leaf_value=-0.0041240764535692307 0.011031841091081974 -0.00014970966136101937 -0.0041966583119591337 0.0056809958459069897 0.0044156856054464516 -0.0049196165502710448 0.0057107111141133024 -0.012542404491704693 0.0023457042221251079 0.0097846506812041163 -0.013279235638129834 0.0090813281292082305 -0.0021887071923914797 -0.0032279678227833605
leaf_weight=71 52 1109 72 58 55 62 63 49 70 55 48 40 43 82
leaf_count=71 52 1109 72 58 55 62 63 49 70 55 48 40 43 82
internal_value=-0.000285122 0 -0.000221484 0 0.00211786 0.00102459 -0.00129683 0.00122807 -0.00135135 0.00202312 -0.00254237 0.00673759 0.00247525 -0.000965575
internal_weight=1929 1858 1806 1734 543 488 347 285 222 173 118 141 101 1191
internal_count=1929 1858 1806 1734 543 488 347 285 222 173 118 141 101 1191
is_linear=0
shrinkage=0.05


Tree=105
num_leaves=15
num_cat=0
split_feature=0 2 2 1 0 3 3 1 1 4 4 4 1 2
split_gain=0.951095 1.18418 2.93114 2.62595 3.60577 2.57413 2.84199 0.817242 2.49883 2.26372 2.75454 3.86296 2.94668 2.83471
threshold=10.862500000000002 -0.91780143710280748 -0.88835394722870831 -0.22132528438243276 15.334500000000002 7.1065000000000014 94.631500000000003 0.56246696819246 0.62540478151835122 5.3830000000000009 9.9610000000000003 13.170000000000002 0.9821165111257959 0.057982974307775707
decision_type=2 2 2 2 2 2 2 2 2 2 2 2 2 2
left_child=-1 3 -3 -2 5 -5 -7 -4 -9 -10 13 -12 -13 -11
right_child=1 2 7 4 -6 6 -8 8 9 10 11 12 -14 -15
leaf_value=0.015053786085590227 -0.0085854601629892537 0.0097477847582075824 -0.00036447030342377784 0.0015320897892766338 0.013192335744608886 -0.015319134395752377 0.0061449141728789243 0.0042943494890393214 -0.010662499655303593 0.0050715141597010406 -0.001581205783306114 0.0024957460879163661 -0.006660350118073019 -0.0009556985143808445
leaf_weight=40 52 41 956 64 53 55 42 50 41 77 122 231 61 44
leaf_count=40 52 41 956 64 53 55 42 50 41 77 122 231 61 44
internal_value=-0.000129601 -0.000291159 0.00021565 -0.00338346 -0.000934579 -0.00465839 -0.00979381 -0.000126422 0.00127796 0.000347222 0.00121495 -0.000724638 0.00239726 0.00785124
internal_weight=1929 1889 1623 266 214 161 97 1582 626 576 535 414 292 121
internal_count=1929 1889 1623 266 214 161 97 1582 626 576 535 414 292 121
is_linear=0
shrinkage=0.05


Tree=106
num_leaves=15
num_cat=0
split_feature=2 0 1 1 1 3 1 1 3 3 3 4 1 3
split_gain=1.08027 1.28399 0.835825 0.93359 5.73647 4.48507 6.46095 4.40559 4.23028 4.12125 3.53866 7.12815 4.93878 3.95905
threshold=-0.9951106240145321 11.195500000000001 0.99466160899732492 -0.1369060579234754 -0.32533907195844741 98.862000000000009 -0.55176847662110995 -0.25950939392209715 99.998000000000005 84.060500000000005 81.590000000000018 16.740000000000006 0.68630018684894145 32.666000000000004
decision_type=2 2 2 2 2 2 2 2 2 2 2 2 2 2
left_child=-1 -2 3 4 5 6 9 -6 10 -3 13 12 -12 -5
right_child=1 2 -4 8 7 -7 -8 -9 -10 -11 11 -13 -14 -15
leaf_value=-0.0045774894181212144 0.010486882744281931 -0.0010920625669773366 -0.0039677633331511421 -9.2371089398534189e-05 -0.011832207076064919 -0.0068034653467410654 0.018035321550739891 -0.00507709048003715 0.0074019748323098829 0.015011312121238851 -0.0074139205833270473 -0.034599340829611289 0.0061625847831193251 0.0078827717356643907
leaf_weight=71 52 379 72 537 40 137 116 77 115 58 49 43 49 134
leaf_count=71 52 379 72 537 40 137 116 77 115 58 49 43 49 134
internal_value=-0.000285122 -5.38213e-05 -0.000276855 -5.76701e-05 -0.00130112 0.000434783 0.00244123 -0.0115385 0.00102481 -0.000343249 -0.000246305 -0.00744681 0 0.00126677
internal_weight=1929 1858 1806 1734 807 690 553 117 927 437 812 141 98 671
internal_count=1929 1858 1806 1734 807 690 553 117 927 437 812 141 98 671
is_linear=0
shrinkage=0.05


Tree=107
num_leaves=15
num_cat=0
split_feature=0 1 0 4 4 2 1 0 0 2 4 0 4 4
split_gain=1.15146 6.60379 1.45388 1.04934 4.53738 4.33029 5.55033 5.43708 5.20185 4.48723 3.68036 3.29414 2.64062 2.79616
threshold=12.285500000000001 -0.18771856543719898 13.078000000000001 10.572500000000002 9.9610000000000003 0.71541278717867718 0.81078196093106825 19.457000000000004 23.818500000000004 -0.75331262247159991 7.112000000000001 15.521000000000003 11.400500000000003 11.987500000000002
decision_type=2 2 2 2 2 2 2 2 2 2 2 2 2 2
left_child=1 -1 -2 4 5 6 7 9 -8 11 -9 -4 -5 -14
right_child=2 -3 3 12 -6 -7 8 10 -10 -11 -12 -13 13 -15
leaf_value=0.018013235080125267 -0.0059201340260360627 -0.0052021471583869666 -0.0056151325825521577 0.0054781412798877915 -0.0075643156774002022 0.0036767375020959284 0.013224819269053828 -0.001909528728696608 -0.00090329503419187647 0.0024866160010531824 -0.019149274516520754 0.00053650681221925536 -0.0094186792217527751 0.00022862750449088312
leaf_weight=43 64 53 51 90 67 102 48 41 60 57 47 40 54 1112
leaf_count=43 64 53 51 90 67 102 48 41 60 57 47 40 54 1112
internal_value=-0.000129601 0.00520833 -0.000409165 -0.000141323 -0.00204678 -0.000224215 -0.00290698 -0.00720339 0.00648148 -0.00135135 -0.0170455 -0.00824176 0.000636943 0
internal_weight=1929 96 1833 1769 513 446 344 236 108 148 88 91 1256 1166
internal_count=1929 96 1833 1769 513 446 344 236 108 148 88 91 1256 1166
is_linear=0
shrinkage=0.05


Tree=108
num_leaves=15
num_cat=0
split_feature=2 4 2 0 0 2 2 2 4 3 2 4 0 3
split_gain=1.00665 5.13676 1.86885 1.49116 2.6395 1.51485 2.07633 2.15257 4.83399 1.55776 4.51378 3.61558 4.9689 3.26524
threshold=0.98931017411165012 13.410000000000002 0.97117852567439111 36.001000000000012 33.95300000000001 0.92933244589178743 0.87796008470088804 0.77275363110444695 16.168000000000003 99.983500000000006 0.22790171382004171 16.259500000000003 16.729500000000005 99.381000000000014
decision_type=2 2 2 2 2 2 2 2 2 2 2 2 2 2
left_child=2 -2 3 4 5 6 7 9 -9 13 11 12 -11 -1
right_child=1 -3 -4 -5 -6 -7 -8 8 -10 10 -12 -13 -14 -15
leaf_value=-0.00024429590430137191 0.0041668002968051178 -0.0079000311470476987 -0.010656692684394099 -0.013091319218695038 0.0065850245927348526 0.0020077500812402671 -0.0077366635407361221 0.023356987099912414 -0.0069324604436375092 0.017424047498801849 0.02150568194068643 -0.012536061938297769 -0.0059531485060597845 -0.018445470514804496
leaf_weight=1230 43 42 52 44 54 57 46 45 40 63 41 83 44 45
leaf_count=1230 43 42 52 44 54 57 46 45 40 63 41 83 44 45
internal_value=-2.59202e-05 0.00529412 -0.00027115 0 0.000228833 -0.000118064 -0.000397068 -9.42803e-05 0.00764706 -0.000531208 0.00324675 0 0.00607477 -0.00121569
internal_weight=1929 85 1844 1792 1748 1694 1637 1591 85 1506 231 190 107 1275
internal_count=1929 85 1844 1792 1748 1694 1637 1591 85 1506 231 190 107 1275
is_linear=0
shrinkage=0.05


Tree=109
num_leaves=15
num_cat=0
split_feature=4 2 4 2 2 4 3 1 1 2 4 3 0 3
split_gain=0.990264 1.06463 3.85714 1.70704 0.690649 4.10496 3.79406 7.88585 6.74762 2.80456 1.96624 1.7964 3.65637 4.97818
threshold=3.3740000000000001 0.98931017411165012 13.410000000000002 0.97117852567439111 0.70252747416915684 22.578500000000002 3.0200000000000005 0.3491821996099142 0.28397372121269165 0.61287127154566789 15.237500000000002 38.696500000000007 28.550000000000004 2.0830000000000006
decision_type=2 2 2 2 2 2 2 2 2 2 2 2 2 2
left_child=-1 3 -3 4 9 6 7 -6 10 11 -8 12 -2 -14
right_child=1 2 -4 -5 5 -7 8 -9 -10 -11 -12 -13 13 -15
leaf_value=-0.0077178232859092949 0.00020338729552387284 0.0040078780863778305 -0.0075050295896953167 -0.0085007514851312867 0.004771718820996757 -0.012048792641803788 -0.0084229903716933237 -0.013809720618016476 0.011865722187744022 -0.0081727692789337336 0.007713484281495298 -0.00061710112950203182 0.00022290280208429048 0.014591687436282154
leaf_weight=40 668 42 42 51 54 42 46 53 70 63 41 617 55 45
leaf_count=40 668 42 42 51 54 42 46 53 70 63 41 617 55 45
internal_value=0.000285122 0.000449974 0.00595238 0.000193906 0.0004561 0.00261438 0.00492424 -0.00233645 0.00987261 0 0.000574713 0.000469314 0.00208333 0.011
internal_weight=1929 1889 84 1805 1754 306 264 107 157 1448 87 1385 768 100
internal_count=1929 1889 84 1805 1754 306 264 107 157 1448 87 1385 768 100
is_linear=0
shrinkage=0.05


Tree=110
num_leaves=15
num_cat=0
split_feature=3 4 1 3 1 1 1 1 3 3 3 2 3 3
split_gain=0.955533 4.1358 2.36633 2.24803 2.20801 1.99277 5.69223 5.36648 3.42577 5.78333 2.56472 3.10982 4.01438 4.76011
threshold=99.970000000000013 18.123500000000003 -0.021515898191484053 99.644500000000008 0.71989675514303919 -0.32533907195844741 -0.25950939392209715 -0.55176847662110995 81.590000000000018 93.590000000000018 84.060500000000005 0.0064435096891653281 35.120500000000007 0.17850000000000002
decision_type=2 2 2 2 2 2 2 2 2 2 2 2 2 2
left_child=3 2 -2 5 -4 7 -7 10 -8 -10 11 -1 13 -13
right_child=1 -3 4 -5 -6 6 8 -9 9 -11 -12 12 -14 -15
leaf_value=0.00069434076810072083 8.9698204433219524e-07 -0.010446818589898411 0.0089428318790113585 -0.011207592766590982 0.014939627549763074 -0.00772476662545856 0.00010530668010477612 0.01735104410878217 -0.011180041282681925 0.002447296421876655 0.0057914802825258412 -0.01075307809069434 -0.01662336399465042 0.00093148874532447419
leaf_weight=211 79 99 60 42 43 40 825 122 67 95 72 46 46 82
leaf_count=211 79 99 60 42 43 40 825 122 67 95 72 46 46 82
internal_value=-2.59202e-05 0.00266904 0.00714286 -0.000485437 0.0121359 -0.0001868 -0.00150925 0.00215889 -0.000759878 -0.00740741 -0.000328228 -0.00194805 -0.00689655 -0.00234375
internal_weight=1929 281 182 1648 103 1606 1027 579 987 162 457 385 174 128
internal_count=1929 281 182 1648 103 1606 1027 579 987 162 457 385 174 128
is_linear=0
shrinkage=0.05


Tree=111
num_leaves=15
num_cat=0
split_feature=3 4 1 3 1 4 4 1 4 4 2 2 2 2
split_gain=0.955533 4.1358 2.36633 2.24803 2.20801 1.81503 4.77284 4.51684 4.67636 3.27204 3.24995 3.12502 4.45148 6.1349
threshold=99.970000000000013 18.123500000000003 -0.021515898191484053 99.644500000000008 0.71989675514303919 15.577000000000004 16.620500000000003 0.94697898371965716 17.547000000000004 14.690500000000002 0.99055824379501012 0.95760036582190977 0.78884570776442897 0.65278973532535922
decision_type=2 2 2 2 2 2 2 2 2 2 2 2 2 2
left_child=3 2 -2 5 -4 9 -7 8 -8 10 11 12 13 -1
right_child=1 -3 4 -5 -6 6 7 -9 -10 -11 -12 -13 -14 -15
leaf_value=-0.00023140615824674139 8.5213294211683446e-07 -0.0099244776604034898 0.0084956902850607911 -0.010647213128261434 0.01419264617227492 0.01125883356776549 -0.010504563100382169 -0.0056929055452067312 0.0022229041681708583 -0.0039457572538027837 0.0038516366524666613 -0.019143840236735588 0.0088925690656730984 -0.0082552741512530118
leaf_weight=661 79 99 60 42 43 93 60 41 434 89 43 47 92 46
leaf_count=661 79 99 60 42 43 93 60 41 434 89 43 47 92 46
internal_value=-2.59202e-05 0.00266904 0.00714286 -0.000485437 0.0121359 -0.0001868 0.00191083 9.34579e-05 0.001417 -0.00153374 -0.000618673 -0.00130024 -0.000563204 -0.00190948
internal_weight=1929 281 182 1648 103 1606 628 535 494 978 889 846 799 707
internal_count=1929 281 182 1648 103 1606 628 535 494 978 889 846 799 707
is_linear=0
shrinkage=0.05


Tree=112
num_leaves=15
num_cat=0
split_feature=3 1 1 1 3 0 3 1 1 3 1 0 3 2
split_gain=1.66949 3.59385 2.85801 2.6633 2.13016 1.71429 1.42115 2.20587 4.97105 5.65764 4.62928 3.75377 3.69291 3.51829
threshold=99.970000000000013 0.16681837808193059 -0.62132811513414532 0.85581839891307976 99.644500000000008 19.255500000000001 98.179000000000016 -0.34156760613242332 -0.25950939392209715 81.590000000000018 -0.55176847662110995 24.727 84.060500000000005 0.0064435096891653281
decision_type=2 2 2 2 2 2 2 2 2 2 2 2 2 2
left_child=4 2 5 -3 6 -2 7 10 -9 -10 12 -11 13 -1
right_child=1 3 -4 -5 -6 -7 -8 8 9 11 -12 -13 -14 -15
leaf_value=0.00048173946793934609 -0.0066081969397791818 0.0071234862689134211 -0.0096037156124701324 -0.0028735355164930644 -0.010114852471848365 0.012263953323526065 0.0043751568426633053 -0.0051788382334253206 2.2348674897645918e-05 -0.00063146476609450422 0.017502437465819667 -0.015227580879225145 0.015440686847333554 -0.0066943741398572737
leaf_weight=211 42 78 75 44 42 42 69 47 825 72 110 50 48 174
leaf_count=211 42 78 75 44 42 42 69 47 825 72 110 50 48 174
internal_value=-0.000181441 0.00338078 -0.00157233 0.00983607 -0.000788835 0.0047619 -0.000498132 -0.000813273 -0.00221328 -0.00142555 0.00174954 -0.0114754 -0.000577367 -0.00220779
internal_weight=1929 281 159 122 1648 84 1606 1537 994 947 543 122 433 385
internal_count=1929 281 159 122 1648 84 1606 1537 994 947 543 122 433 385
is_linear=0
shrinkage=0.05


Tree=113
num_leaves=15
num_cat=0
split_feature=4 3 3 0 0 3 3 4 4 1 0 4 1 3
split_gain=1.09958 2.12736 5.8217 1.25612 3.43104 2.05245 4.61707 3.98467 7.10223 3.47851 3.62915 3.30476 2.94471 2.44401
threshold=6.4340000000000011 0.47750000000000004 57.768000000000008 19.572000000000003 18.409000000000002 13.029500000000002 5.0010000000000003 16.259500000000003 22.444500000000001 -0.62132811513414532 15.390500000000001 11.874500000000003 -0.41665914930189557 3.6180000000000003
decision_type=2 2 2 2 2 2 2 2 2 2 2 2 2 2
left_child=1 -1 -3 4 5 6 11 9 -9 -7 -11 -2 -10 -13
right_child=3 2 -4 -5 -6 7 -8 8 12 10 -12 13 -14 -15
leaf_value=-0.0061263868466029719 -0.0045609783921367166 0.0053232540361330214 -0.012655196615767578 -0.00038124123169882564 0.0035982726342388086 0.011093305965552414 -0.0091152488425487229 -0.016853390496151099 -0.0082104731680004064 0.011269479771223601 -0.0028119275986873762 0.00011068176533449992 0.012445563442770192 0.010789593697558501
leaf_weight=51 79 63 71 1033 87 49 46 86 40 89 43 105 47 40
leaf_count=51 79 63 71 1033 87 49 46 86 40 89 43 105 47 40
internal_value=-0.000388802 -0.00405405 -0.000746269 0 0.00161744 0.000320513 -0.00296296 0.00282486 -0.00260116 0.00801105 0.00378788 0 0.00747126 0.00448276
internal_weight=1929 185 134 1744 711 624 270 354 173 181 132 224 87 145
internal_count=1929 185 134 1744 711 624 270 354 173 181 132 224 87 145
is_linear=0
shrinkage=0.05


Tree=114
num_leaves=15
num_cat=0
split_feature=3 1 1 1 3 4 1 0 0 0 3 3 2 0
split_gain=1.03047 3.47468 2.83495 2.37373 2.2005 1.49492 2.85376 5.12399 4.65934 4.41557 4.52829 7.30532 3.77721 3.59589
threshold=99.970000000000013 0.16681837808193059 0.71989675514303919 -0.62132811513414532 99.644500000000008 15.577000000000004 -0.32533907195844741 13.407000000000002 29.703500000000002 19.572000000000003 78.020000000000024 5.4370000000000012 -0.61626377254255749 27.451500000000006
decision_type=2 2 2 2 2 2 2 2 2 2 2 2 2 2
left_child=4 3 -3 -2 5 -1 8 -8 12 -9 11 13 -7 -11
right_child=1 2 -4 -5 -6 6 7 9 -10 10 -12 -13 -14 -15
leaf_value=-0.00038265251259731185 0.0022836495905848271 0.0066981215910255631 0.0020885286685540295 -0.009745808003985135 -0.0091782440550596985 0.016892109800937392 -0.010739049014919214 0.0093972457426279195 0.0091189681909883934 -0.0065618089761211021 -0.014682125142039627 0.011927523030721945 -0.00047560074901277922 -0.00046642344195877431
leaf_weight=978 84 65 57 75 42 53 43 95 44 42 43 75 160 73
leaf_count=978 84 65 57 75 42 53 43 95 44 42 43 75 160 73
internal_value=-0.000129601 0.00266904 0.00901639 -0.00220126 -0.000606796 -0.000311333 0.00159236 -0.00121294 0.00564202 0.000914634 -0.0027897 0.000526316 0.00258216 -0.0073913
internal_weight=1929 281 122 159 1648 1606 628 371 257 328 233 190 213 115
internal_count=1929 281 122 159 1648 1606 628 371 257 328 233 190 213 115
is_linear=0
shrinkage=0.05


Tree=115
num_leaves=15
num_cat=0
split_feature=0 1 0 4 4 1 4 2 1 2 2 0 0 3
split_gain=1.40325 2.45 1.20528 1.26598 4.42284 4.60671 2.56582 3.5926 2.60545 3.41333 2.47996 3.13815 7.553 4.68365
threshold=11.915000000000001 -0.1369060579234754 12.763500000000002 15.577000000000004 15.992000000000003 0.97653720355785967 14.690500000000002 -0.30081980763566774 0.97505550290239451 1.0000000180025095e-35 0.99055824379501012 31.498000000000005 29.786500000000004 6.1125000000000016
decision_type=2 2 2 2 2 2 2 2 2 2 2 2 2 2
left_child=1 -1 -2 6 -5 -6 8 -8 10 -10 11 12 -4 -13
right_child=2 -3 3 4 5 -7 7 -9 9 -11 -12 13 -14 -15
leaf_value=0.021172549880644268 -0.0066019230372266818 -0.0029094901292741103 -0.0006037651251000226 0.015825459662451857 0.00071160542166028712 -0.0087859290547864718 0.00022810249809873743 -0.012228004637924868 0.0076265927531839256 -0.0013385084900079528 0.0035972964644873321 -0.001144322196444339 0.01175399370009176 -0.023131409585498974
leaf_weight=40 48 40 679 40 620 41 47 53 48 50 45 72 57 49
leaf_count=40 48 40 679 40 620 41 47 53 48 50 45 72 57 49
internal_value=-0.000233281 0.00625 -0.000513791 -0.000305386 0.00135521 0.000378215 -0.00136364 -0.009 -0.0006 0.00714286 -0.00144124 -0.00204201 -0.000815217 -0.00950413
internal_weight=1929 80 1849 1801 701 661 1100 100 1000 98 902 857 736 121
internal_count=1929 80 1849 1801 701 661 1100 100 1000 98 902 857 736 121
is_linear=0
shrinkage=0.05


Tree=116
num_leaves=15
num_cat=0
split_feature=0 1 0 4 4 1 1 3 2 2 4 4 4 3
split_gain=1.3809 2.45 1.22201 1.18273 4.42284 4.60671 3.0744 2.91903 4.20342 3.28077 2.71511 3.3856 3.11777 2.80726
threshold=11.915000000000001 -0.1369060579234754 12.763500000000002 15.577000000000004 15.992000000000003 0.97653720355785967 0.23416947364604893 97.726500000000016 -0.84565824135800816 -0.41327860778290426 13.623000000000001 11.094500000000002 11.941500000000003 99.202000000000012
decision_type=2 2 2 2 2 2 2 2 2 2 2 2 2 2
left_child=1 -1 -2 6 -5 -6 10 8 -8 -9 11 13 -13 -4
right_child=2 -3 3 4 5 -7 7 9 -10 -11 -12 12 -14 -15
leaf_value=0.020113922386612054 -0.0062718268853653482 -0.0027640156228104051 -0.00073151068458167249 0.015034186679329264 0.00067602515057727387 -0.0083466326020471479 0.010595626088240856 -0.0078329903660865705 -0.00049319164337227118 0.01558231162283033 -0.006890115524601787 0.0047792180501244124 -0.00052291136770837854 -0.0086491388168016634
leaf_weight=40 48 40 248 40 620 41 47 43 408 55 117 41 101 40
leaf_count=40 48 40 248 40 620 41 47 43 408 55 117 41 101 40
internal_value=-0.000181441 0.00625 -0.000459708 -0.000249861 0.00135521 0.000378215 -0.00127273 0.00135624 -0.00032967 0.00918367 -0.00393053 -0.00209302 0.00422535 -0.00520833
internal_weight=1929 80 1849 1801 701 661 1100 553 455 98 547 430 142 288
internal_count=1929 80 1849 1801 701 661 1100 553 455 98 547 430 142 288
is_linear=0
shrinkage=0.05


Tree=117
num_leaves=15
num_cat=0
split_feature=0 1 0 4 4 4 4 1 1 1 3 2 4 4
split_gain=1.72587 5.69263 1.17079 1.16171 5.85349 3.13859 3.63163 3.00791 2.30251 2.93258 3.00117 1.77921 2.39838 1.97063
threshold=12.285500000000001 -0.18771856543719898 12.921500000000002 10.572500000000002 9.8915000000000024 11.400500000000003 11.987500000000002 -0.90880922144842613 -0.99052327954040364 -0.91585580712236359 5.2340000000000009 -0.84565824135800816 22.760500000000004 25.137000000000004
decision_type=2 2 2 2 2 2 2 2 2 2 2 2 2 2
left_child=1 -1 -2 4 7 -5 -7 -4 -8 10 -10 -11 -13 -14
right_child=2 -3 3 5 -6 6 8 -9 9 11 -12 12 13 -15
leaf_value=0.018088945760809712 -0.0098222857873503343 -0.0026372842638797273 -0.01361356556074609 0.0042314204146382539 -0.0077125166009633711 -0.008593429752476598 0.0057946071730635819 0.00051418240052087739 0.00012817509243044924 0.0048931294661987545 -0.018731571414653567 0.00061046372906907735 -0.013112022002768077 -0.00053543396501781748
leaf_weight=43 48 53 43 91 75 54 62 399 47 172 56 640 55 91
leaf_count=43 48 53 43 91 75 54 62 399 47 172 56 640 55 91
internal_value=-0.000285122 0.00625 -0.000627387 -0.000420168 -0.00241779 0.000394322 -0.000297366 -0.000226244 0.000311665 -0.000235627 -0.00825243 0.000626305 -0.000381679 -0.00616438
internal_weight=1929 96 1833 1785 517 1268 1177 442 1123 1061 103 958 786 146
internal_count=1929 96 1833 1785 517 1268 1177 442 1123 1061 103 958 786 146
is_linear=0
shrinkage=0.05


Tree=118
num_leaves=15
num_cat=0
split_feature=3 4 4 3 1 2 0 0 2 4 0 4 1 3
split_gain=1.11379 2.68565 4.49312 2.06568 2.09835 4.09634 2.57268 2.65129 2.6375 3.05325 2.45693 3.18518 1.68708 4.00259
threshold=1.7030000000000001 5.0305000000000009 6.2925000000000013 0.64750000000000008 0.74332993385844814 -0.030120304846908235 22.734500000000004 19.846000000000004 0.77275363110444695 14.876500000000002 14.655500000000002 13.744500000000002 0.849084144669916 57.768000000000008
decision_type=2 2 2 2 2 2 2 2 2 2 2 2 2 2
left_child=3 -2 -3 4 6 -6 7 10 -8 -10 -1 -12 -4 -14
right_child=1 2 12 -5 5 -7 8 -9 9 -11 11 -13 13 -15
leaf_value=0.011860932852465332 0.0024832630024422598 -0.0068126650412190601 0.00068001720399834544 -0.0063080207836560837 -6.0597834250311623e-05 0.0060653489640246977 -0.009066748116436596 0.0062248081218888862 0.0021433233431507937 -0.012713747005443457 0.00048847328049483353 -0.0076634507526718732 0.0047300689492294715 -0.0054452878865311645
leaf_weight=41 77 46 1005 45 101 61 71 40 81 46 71 42 88 114
leaf_count=41 77 46 1005 45 101 61 71 40 81 46 71 42 88 114
internal_value=-0.000129601 0.000676692 0.000119713 -0.00191987 -0.00108303 0.0037037 -0.00306122 0.00103093 -0.00707071 -0.00275591 -0.00194805 -0.00575221 0.000704225 -0.00346535
internal_weight=1929 1330 1253 599 554 162 392 194 198 127 154 113 1207 202
internal_count=1929 1330 1253 599 554 162 392 194 198 127 154 113 1207 202
is_linear=0
shrinkage=0.05


Tree=119
num_leaves=15
num_cat=0
split_feature=3 4 4 1 1 1 0 0 0 1 1 0 3 0
split_gain=1.62978 2.2854 3.32667 1.82999 3.66157 3.04597 2.09485 2.39389 4.51132 3.23872 3.2093 3.13005 3.06611 3.12831
threshold=1.0805000000000002 5.0305000000000009 6.2925000000000013 0.849084144669916 0.95236875646279973 0.99052327954040398 34.308000000000007 29.602 30.893000000000004 0.66015212067123197 0.53371312107676727 32.701500000000003 4.6225000000000014 26.936500000000006
decision_type=2 2 2 2 2 2 2 2 2 2 2 2 2 2
left_child=-1 -2 -3 6 -5 -6 7 9 -9 10 12 -10 -4 -14
right_child=1 2 3 4 5 -7 -8 8 11 -11 -12 -13 13 -15
leaf_value=-0.00031866187766081688 0.0016155202424733451 -0.0064720317891581091 0.0035041455955256264 -0.0094404827683223225 0.020185669936729118 -0.0040299275526069116 -0.008259333861508256 0.0080695915270123375 -0.0056492061980402295 0.016163248347798219 -0.0073191492588715506 0.0046918020187767476 0.00039547283325917088 -0.0078569825698642966
leaf_weight=579 78 46 69 88 60 57 59 45 66 72 48 43 562 57
leaf_count=579 78 46 69 88 60 57 59 45 66 72 48 43 562 57
internal_value=-0.000285122 0.000666667 0.000157233 0.000652529 -0.00365854 0.00213675 0.00151812 0.002079 0.00779221 0.000990099 0 0.00229358 0.000872093 -0.000242326
internal_weight=1929 1350 1272 1226 205 117 1021 962 154 808 736 109 688 619
internal_count=1929 1350 1272 1226 205 117 1021 962 154 808 736 109 688 619
is_linear=0
shrinkage=0.05


Tree=120
num_leaves=15
num_cat=0
split_feature=3 2 0 4 2 4 4 2 4 1 1 1 1 1
split_gain=1.50888 2.21263 3.61141 6.07705 2.16964 2.00951 2.32047 4.44336 4.45703 2.02373 4.32452 2.52385 1.94404 2.30376
threshold=1.7030000000000001 -0.19851654827941614 28.848500000000005 11.508500000000002 0.45207220393230446 5.0305000000000009 8.4820000000000011 -0.70634610019963262 7.4080000000000004 0.99052327954040398 0.96230016621822489 0.849084144669916 -0.63137065367936041 -0.22132528438243276
decision_type=2 2 2 2 2 2 2 2 2 2 2 2 2 2
left_child=1 12 3 -3 -5 -2 7 -7 -9 10 11 -8 -1 -14
right_child=5 2 -4 4 -6 6 9 8 -10 -11 -12 -13 13 -15
leaf_value=0.0057607618922503497 0.0022783238401964836 0.0037688526509012674 9.7258266923028202e-06 -0.0054473316831929524 -0.017721145566859754 -0.0088219104108988814 0.00090461932913110253 0.0012956778238535577 -0.0077923786459307256 -0.0074892866971702447 0.022945770249000404 -0.008545379721881902 -0.0065687918895094765 0.00059187009850528713
leaf_weight=65 77 50 166 64 48 40 926 66 41 51 40 89 42 164
leaf_count=65 77 50 166 64 48 40 926 66 41 51 40 89 42 164
internal_value=-0.000336962 -0.0024207 -0.00518293 -0.0104938 -0.0169643 0.000601504 0.000119713 -0.00578231 -0.00046729 0.000904159 0.00137441 0.000738916 0.000922509 -0.00145631
internal_weight=1929 599 328 162 112 1330 1253 147 107 1106 1055 1015 271 206
internal_count=1929 599 328 162 112 1330 1253 147 107 1106 1055 1015 271 206
is_linear=0
shrinkage=0.05


Tree=121
num_leaves=15
num_cat=0
split_feature=3 4 1 1 3 0 3 2 1 3 3 4 4 3
split_gain=1.3092 3.504 2.36633 2.20801 2.17693 1.39986 1.37117 2.24967 2.01143 4.44799 3.74116 1.91273 2.75739 3.2
threshold=99.970000000000013 18.123500000000003 -0.021515898191484053 0.71989675514303919 99.644500000000008 18.409000000000002 98.179000000000016 -0.9951106240145321 0.94697898371965716 55.265000000000008 2.1160000000000005 15.736000000000002 14.690500000000002 4.9515000000000002
decision_type=2 2 2 2 2 2 2 2 2 2 2 2 2 2
left_child=4 2 -2 -4 6 -3 7 -1 11 10 -10 12 -9 -14
right_child=1 5 3 -5 -6 -7 -8 8 9 -11 -12 -13 13 -15
leaf_value=-0.0067802075957979742 8.2579431152585148e-05 -0.015175797928066071 0.0087771937685709438 0.014612979071414506 -0.0088189972940416334 0.0017477894369687663 0.0040148641992909682 -2.5240466477155499e-05 -0.0029053043936268508 -0.0062837597880365222 0.0089726111814912562 0.0011314059567181013 -0.012342023960193002 -2.3189398628772895e-05
leaf_weight=49 79 57 60 43 42 42 69 713 79 40 60 516 40 40
leaf_count=49 79 57 60 43 42 42 69 713 79 40 60 516 40 40
internal_value=-0.000129601 0.00302491 0.00714286 0.0121359 -0.000667476 -0.00454545 -0.000373599 -0.000683149 -0.000336022 -0.00530726 -0.00107914 0.000343774 -0.00119798 -0.01
internal_weight=1929 281 182 103 1648 99 1606 1537 1488 179 139 1309 793 80
internal_count=1929 281 182 103 1648 99 1606 1537 1488 179 139 1309 793 80
is_linear=0
shrinkage=0.05


Tree=122
num_leaves=15
num_cat=0
split_feature=1 2 2 2 4 2 0 3 1 3 4 4 1 3
split_gain=0.880775 1.1582 4.27879 2.49218 3.34012 1.8942 3.33036 3.59987 6.86948 4.838 12.6647 4.61979 3.03067 3.83766
threshold=0.99466160899732492 -0.57240397273781507 -0.51974381215551546 -0.64297064596386244 23.900000000000002 -0.38168922026665913 18.782000000000004 99.090500000000006 0.11577009971046097 78.020000000000024 16.740000000000006 24.934500000000003 -0.88606241628642823 1.9305000000000001
decision_type=2 2 2 2 2 2 2 2 2 2 2 2 2 2
left_child=1 3 -3 4 -1 -4 -7 9 -9 11 -11 12 -8 -14
right_child=-2 2 5 -5 -6 6 7 8 -10 10 -12 -13 13 -15
leaf_value=-0.00036283187268998656 -0.0023094441695036107 0.014662662914476871 -0.0051382711895063982 -0.0069900803943026115 0.0079224189722063767 0.0039943449952927756 -0.00723380516026374 -0.0019662144483514553 0.042755963038853421 0.0010979018374081718 -0.030601571595628374 0.0086925014867596517 -0.0013702348209424953 0.0020310779333206296
leaf_weight=519 72 42 94 55 65 106 110 81 58 86 44 49 270 278
leaf_count=519 72 42 94 55 65 106 110 81 58 86 44 49 270 278
internal_value=-0.000129601 8.07754e-05 0.000985222 -0.00164319 -0.000684932 0.00042517 0.00101664 0.000102459 0.00755396 -0.00113501 -0.01 0.00049505 -0.000607903 0.000912409
internal_weight=1929 1857 1218 639 584 1176 1082 976 139 837 130 707 658 548
internal_count=1929 1857 1218 639 584 1176 1082 976 139 837 130 707 658 548
is_linear=0
shrinkage=0.05


Tree=123
num_leaves=15
num_cat=0
split_feature=2 4 4 0 0 1 4 1 4 3 0 3 2 2
split_gain=1.05968 3.29443 2.26145 7.15351 3.70972 3.96815 2.42377 3.84479 2.7997 2.72573 5.86637 3.75029 3.23066 2.84499
threshold=-0.74189640036816351 6.9440000000000008 19.309000000000005 15.390500000000001 18.409000000000002 -0.92913280730858794 15.577000000000004 -0.17552986495351994 14.690500000000002 91.423500000000004 22.640500000000007 57.029500000000006 0.98666161417490339 0.93554238417682101
decision_type=2 2 2 2 2 2 2 2 2 2 2 2 2 2
left_child=1 -1 3 -2 -4 -6 8 -8 9 11 -11 12 13 -5
right_child=2 -3 4 6 5 -7 7 -9 -10 10 -12 -13 -14 -15
leaf_value=-0.0034531177337737066 0.011575201364115341 -0.00015024600625372227 -0.014644486512922827 4.8580291863926235e-05 0.0072305500295954256 -0.0022816474726376763 0.0064253751277664811 -0.00013284305607156598 -0.0063547721475671563 0.015326331443861219 -0.0014897078232256002 -0.0058001074967211777 0.0030102651764538635 -0.012776056988997975
leaf_weight=64 58 433 68 428 55 218 95 115 72 63 89 84 44 43
leaf_count=64 58 433 68 428 55 218 95 115 72 63 89 84 44 43
internal_value=7.77605e-05 -0.00191147 0.000768156 0.00187901 -0.00278592 -0.00018315 0.000919652 0.00571429 -0.000303767 0.000599201 0.00657895 -0.000918197 0.000679612 -0.000530786
internal_weight=1929 497 1432 1091 341 273 1033 210 823 751 152 599 515 471
internal_count=1929 497 1432 1091 341 273 1033 210 823 751 152 599 515 471
is_linear=0
shrinkage=0.05


Tree=124
num_leaves=15
num_cat=0
split_feature=4 2 4 2 4 3 4 1 4 3 0 4 4 4
split_gain=1.57513 1.23482 3.85714 1.83472 2.44298 1.90821 1.2573 1.67959 1.4751 2.10669 2.28177 2.02742 2.60198 4.08498
threshold=3.3740000000000001 0.98931017411165012 13.410000000000002 0.90906259831586944 11.356500000000002 6.650500000000001 26.029000000000003 -0.79356426026969629 21.886000000000006 98.569000000000003 23.480500000000003 19.726500000000005 18.970500000000005 18.272000000000002
decision_type=2 2 2 2 2 2 2 2 2 2 2 2 2 2
left_child=-1 3 -3 6 -5 -6 8 -8 11 10 -10 12 13 -2
right_child=1 2 -4 4 5 -7 7 -9 9 -11 -12 -13 -14 -15
leaf_value=-0.006512721522308116 -4.6359213187163745e-05 0.0028597519176311705 -0.0057215352396954751 -0.007504837011567545 -0.012781920838324412 0.004549461796691856 0.012862979890459697 0.00013503801420062801 0.0021433114398609122 -0.016789513259206783 -0.0091770199354360236 0.0084848108865549447 -0.0052606903295960052 0.011151726648584784
leaf_weight=40 1173 42 42 53 50 54 41 71 76 42 43 107 47 48
leaf_count=40 1173 42 42 53 50 54 41 71 76 42 43 107 47 48
internal_value=-0.000181441 2.6469e-05 0.00595238 -0.000249307 -0.00541401 -0.000961538 0.000242718 0.00535714 -0.000130208 -0.00465839 -0.0012605 0.0004 -0.000157729 0.00028665
internal_weight=1929 1889 84 1805 157 104 1648 112 1536 161 119 1375 1268 1221
internal_count=1929 1889 84 1805 157 104 1648 112 1536 161 119 1375 1268 1221
is_linear=0
shrinkage=0.05


Tree=125
num_leaves=15
num_cat=0
split_feature=2 4 2 2 0 0 2 3 3 3 4 2 4 0
split_gain=1.00665 3.35824 1.86885 1.00266 3.27118 3.76267 2.74791 1.95512 3.66095 2.85483 5.19183 3.91357 3.17119 2.7701
threshold=0.98931017411165012 13.410000000000002 0.97117852567439111 -0.38168922026665913 18.782000000000004 20.467000000000002 1.0000000180025095e-35 35.120500000000007 2.0830000000000006 99.090500000000006 18.859000000000005 0.81404609350821777 16.325000000000006 25.241000000000003
decision_type=2 2 2 2 2 2 2 2 2 2 2 2 2 2
left_child=2 -2 3 -1 6 -6 -5 8 13 10 11 -9 -11 -7
right_child=1 -3 -4 4 5 7 -8 9 -10 12 -12 -13 -14 -15
leaf_value=-0.00027164414851744409 0.0024634969218719997 -0.005435458477710698 -0.0064627228646450879 0.010142588254021305 -0.0056967643072497257 0.0011347358613038871 0.0012208284473034904 -0.0026421422530678237 0.0039790633004006702 -0.0011346830181558855 -0.019279304970434299 0.018189324031252709 0.012571716194977281 -0.0021687379128927822
leaf_weight=775 43 42 52 62 56 107 46 130 194 68 52 40 52 210
leaf_count=775 43 42 52 62 56 107 46 130 194 68 52 40 52 210
internal_value=-2.59202e-05 0.00529412 -0.00027115 0 0.00103245 5.50055e-05 0.00925926 0.00087925 0.00283757 -0.00204678 -0.00540541 -0.00117647 0.00416667 -0.000473186
internal_weight=1929 85 1844 1792 1017 909 108 853 511 342 222 170 120 317
internal_count=1929 85 1844 1792 1017 909 108 853 511 342 222 170 120 317
is_linear=0
shrinkage=0.05


Tree=126
num_leaves=15
num_cat=0
split_feature=1 1 3 2 0 2 4 4 4 1 1 2 0 1
split_gain=0.958647 4.88072 2.05602 5.10694 4.08658 5.41827 3.02801 2.92884 2.37916 1.64607 3.73779 3.23376 3.11111 2.25843
threshold=0.65189295912203349 0.7025209685794126 0.51250000000000007 0.34313907657789455 29.284000000000002 0.1093682717844857 13.923500000000002 10.337000000000002 14.011000000000001 0.3491821996099142 0.41274032740354816 -0.83160410544417529 32.26400000000001 0.23416947364604893
decision_type=2 2 2 2 2 2 2 2 2 2 2 2 2 2
left_child=9 -2 3 7 5 6 -4 -3 -9 13 -11 -12 -13 -1
right_child=1 2 4 -5 -6 -7 -8 8 -10 10 11 12 -14 -15
leaf_value=-0.00019756541039325852 0.0080273089864708862 0.0021000285207763872 0.0014073916227300366 0.010450113404970946 -0.0095982472178058886 0.023170741517579772 -0.0065270116083632123 -0.013366383462871157 0.00057971268052309287 -0.0069046068610720936 0.0039722631680171238 -0.0068456882086604153 0.0026294870180002513 0.0040736761920960136
leaf_weight=1074 43 45 103 40 93 61 81 42 46 44 55 84 42 76
leaf_count=1074 43 45 103 40 93 61 81 42 46 44 55 84 42 76
internal_value=-0.000492483 0.00126354 -9.78474e-05 0.00433526 -0.00236686 0.00102041 -0.00326087 -0.00037594 -0.00568182 -0.0012 -0.00511111 -0.0019337 -0.00634921 -0.000434783
internal_weight=1929 554 511 173 338 245 184 133 88 1375 225 181 126 1150
internal_count=1929 554 511 173 338 245 184 133 88 1375 225 181 126 1150
is_linear=0
shrinkage=0.05


Tree=127
num_leaves=15
num_cat=0
split_feature=1 1 4 4 4 1 2 4 1 1 1 1 0 0
split_gain=1.20566 1.20653 0.903249 4.48114 3.25651 2.71482 4.69366 2.49838 2.36997 2.83428 2.33507 1.84362 1.60995 3.0303
threshold=0.99466160899732492 0.97505550290239451 10.872500000000002 9.8915000000000024 11.400500000000003 -0.7266007961912001 -0.062278703982132359 12.367500000000001 -0.99052327954040364 -0.96683886033945943 -0.034374606067994681 -0.24284747324344283 13.162500000000001 11.404000000000002
decision_type=2 2 2 2 2 2 2 2 2 2 2 2 2 2
left_child=1 2 3 5 -4 6 -1 10 -9 -10 -6 -5 13 -11
right_child=-2 -3 4 11 7 -7 -8 8 9 12 -12 -13 -14 -15
leaf_value=0.0010114194507933939 -0.0021230393115236781 0.0021481602614853534 0.0047599252308141507 -0.00016831826866562928 -0.0042715814985013643 0.00018681335345972633 -0.013003132504064319 0.0066759989654709617 -0.0045522677344550459 0.0068310862676501886 -0.0087177138741214247 -0.011293684433425251 0.00053942711985146793 -0.0056519111285604487
leaf_weight=45 72 79 62 46 47 345 43 62 50 44 40 56 874 64
leaf_count=45 72 79 62 46 47 345 43 62 50 44 40 56 874 64
internal_value=-0.000596164 -0.000350027 -0.000618673 -0.00233645 0.000120676 -0.000115473 -0.00795455 -0.000465707 0.000182815 -0.000387597 -0.00862069 -0.0117647 0.000203666 -0.00555556
internal_weight=1929 1857 1778 535 1243 433 88 1181 1094 1032 87 102 982 108
internal_count=1929 1857 1778 535 1243 433 88 1181 1094 1032 87 102 982 108
is_linear=0
shrinkage=0.05


Tree=128
num_leaves=15
num_cat=0
split_feature=0 1 0 0 0 2 4 1 1 4 1 3 3 3
split_gain=1.31492 2.45 1.27289 1.19721 3.19816 2.88 1.75125 1.58331 2.04296 4.13846 3.91314 2.19172 7.20778 4.50414
threshold=11.915000000000001 -0.1369060579234754 12.763500000000002 25.241000000000003 23.976000000000003 0.21113058295073206 5.0305000000000009 -0.95747632178960107 -0.60434081882701107 15.992000000000003 -0.34156760613242332 98.645500000000013 79.078500000000005 5.4370000000000012
decision_type=2 2 2 2 2 2 2 2 2 2 2 2 2 2
left_child=1 -1 -2 4 -4 -6 -5 -8 9 -9 -10 12 13 -12
right_child=2 -3 3 6 5 -7 7 8 10 -11 11 -13 -14 -15
leaf_value=0.017550837247848602 -0.0045291009487806984 -0.0016581071348075503 1.4821175473722637e-05 0.0013258536985685132 0.0011427866454314117 0.015830808339327054 0.0031943329118652472 -0.013706634651588796 0.01148570273612573 0.00048354402553202336 -0.0020682722902159224 0.003339430855621084 -0.015731624215562196 0.0027920524257381788
leaf_weight=40 48 40 983 43 50 40 42 52 54 49 242 57 58 131
leaf_count=40 48 40 983 43 50 40 42 52 54 49 242 57 58 131
internal_value=-2.59202e-05 0.00625 -0.000297458 -8.32871e-05 0.000978565 0.01 -0.00164835 -0.00226277 -0.00287714 -0.00940594 -0.00166052 -0.00307377 -0.00429234 -0.00174263
internal_weight=1929 80 1849 1801 1073 90 728 685 643 101 542 488 431 373
internal_count=1929 80 1849 1801 1073 90 728 685 643 101 542 488 431 373
is_linear=0
shrinkage=0.05


Tree=129
num_leaves=15
num_cat=0
split_feature=1 1 4 4 3 4 3 0 3 3 0 4 3 3
split_gain=0.880775 1.27378 2.1245 3.05308 2.45 2.30543 2.96984 3.18639 5.21153 2.67872 2.05714 1.69227 6.23578 5.30192
threshold=0.99466160899732492 0.57659668305444445 8.9650000000000016 5.8775000000000004 6.1125000000000016 14.364000000000003 86.725000000000009 28.945000000000004 4.9970000000000008 2.1160000000000005 26.738500000000005 10.155500000000002 77.495500000000007 22.087000000000003
decision_type=2 2 2 2 2 2 2 2 2 2 2 2 2 2
left_child=1 11 3 -3 -5 9 7 8 -7 -4 -11 12 13 -1
right_child=-2 2 5 4 -6 6 -8 -9 -10 10 -12 -13 -14 -15
leaf_value=-0.00058121462232177954 -0.0017814899009741744 -0.0010539338145856738 -0.0043922829630197117 0.011470085256326418 0.0007619111115954127 0.00018833743046914599 -0.0044946160891835112 -0.0027708265441406046 0.033025051845104104 0.0020400111896374004 -0.0016674646298995386 0.00012403417666987382 -0.010460760517139728 0.030153059530775485
leaf_weight=179 72 50 79 40 40 63 61 55 50 63 42 997 96 42
leaf_count=179 72 50 79 40 40 63 61 55 50 63 42 997 96 42
internal_value=-0.000129601 8.07754e-05 0.00211786 0.00769231 0.01375 0.000363196 0.00371179 0.00714286 0.0119469 -0.00380435 0.00142857 -0.000761035 -0.00394322 0.000678733
internal_weight=1929 1857 543 130 80 413 229 168 113 184 105 1314 317 221
internal_count=1929 1857 543 130 80 413 229 168 113 184 105 1314 317 221
is_linear=0
shrinkage=0.05


Tree=130
num_leaves=15
num_cat=0
split_feature=1 1 4 3 3 3 4 4 2 2 2 4 4 3
split_gain=1.04223 4.55946 2.19777 4.90018 3.59637 2.99904 2.08039 2.58266 3.45796 5.36314 1.76939 1.75056 3.07141 2.01635
threshold=0.65189295912203349 0.7025209685794126 17.097500000000004 95.088000000000008 0.51250000000000007 17.171000000000003 4.1365000000000007 8.4820000000000011 -0.88204802495585344 -0.48754425631212789 0.77275363110444695 9.5945000000000018 10.277500000000002 57.768000000000008
decision_type=2 2 2 2 2 2 2 2 2 2 2 2 2 2
left_child=6 -2 3 4 -3 -4 -1 8 -8 -10 -11 -9 -13 -14
right_child=1 2 5 -5 -6 -7 7 11 9 10 -12 12 13 -15
leaf_value=0.00052403206600607215 0.0061826548274610676 0.0013336502681730285 0.00055279397838632616 0.026093084340826186 -0.0025187152852935908 -0.014280176830593391 0.0012487292851195765 0.0040243378461484571 -0.014695558907178032 -0.0053442155917702294 0.0015432280936701849 -0.003919160992004996 -0.00049405303096855589 0.0017482357201780874
leaf_weight=47 43 140 59 70 182 60 47 64 41 49 56 44 630 397
leaf_count=47 43 140 59 70 182 60 47 64 41 49 56 44 630 397
internal_value=-2.59202e-05 0.00180505 0.000489237 0.00229592 -0.000310559 -0.00546218 -0.000763636 -0.00112952 -0.00647668 -0.010274 -0.00428571 -0.000220264 -0.00070028 -0.000146056
internal_weight=1929 554 511 392 322 119 1375 1328 193 146 105 1135 1071 1027
internal_count=1929 554 511 392 322 119 1375 1328 193 146 105 1135 1071 1027
is_linear=0
shrinkage=0.05


Tree=131
num_leaves=15
num_cat=0
split_feature=0 2 4 2 0 2 0 2 4 1 1 2 2 0
split_gain=0.912716 0.643059 2.61844 1.84554 0.99697 4.67087 5.15957 5.38605 4.35448 3.31719 2.62249 3.31542 2.21257 3.4802
threshold=10.862500000000002 0.98931017411165012 13.410000000000002 0.97117852567439111 29.602 0.87796008470088804 27.997000000000003 0.56424300735932609 17.297500000000003 0.66015212067123197 0.3491821996099142 0.81404609350821777 0.8433585485889844 32.858000000000011
decision_type=2 2 2 2 2 2 2 2 2 2 2 2 2 2
left_child=-1 3 -3 4 5 6 7 -2 -9 -8 11 -6 13 -12
right_child=1 2 -4 -5 10 -7 9 8 -10 -11 12 -13 -14 -15
leaf_value=0.01069075348103736 -7.9533378142361566e-05 0.0024476454643478254 -0.0051803721999712062 -0.0049371856893728368 0.00016483185745564956 -0.0074705688085449917 -0.012165972068943272 0.027849858361663773 0.0022254875441172885 -0.00037328590738137934 -0.0083157105293302763 0.012357843980013734 -0.0098601219061770582 0.0022412099264250808
leaf_weight=40 1177 43 42 52 68 59 40 53 49 42 94 67 46 57
leaf_count=40 1177 43 42 52 68 59 40 53 49 42 94 67 46 57
internal_value=2.59202e-05 -0.000132345 0.00411765 -0.000332594 -5.70776e-05 -0.000633803 -3.67377e-05 0.000742768 0.0117647 -0.0121951 0.00240964 0.00777778 -0.00126904 0.00165563
internal_weight=1929 1889 85 1804 1752 1420 1361 1279 102 82 332 135 197 151
internal_count=1929 1889 85 1804 1752 1420 1361 1279 102 82 332 135 197 151
is_linear=0
shrinkage=0.05


Tree=132
num_leaves=15
num_cat=0
split_feature=1 1 4 4 2 2 0 4 3 3 3 4 4 1
split_gain=0.603376 3.5784 2.05122 2.1726 3.16085 5.8529 2.73455 1.91821 4.80928 3.29736 2.99904 2.04875 1.75056 2.53716
threshold=0.65189295912203349 0.7025209685794126 4.1365000000000007 8.4820000000000011 -0.88204802495585344 -0.48754425631212789 31.182000000000006 17.097500000000004 95.365500000000011 0.56900000000000006 17.171000000000003 11.508500000000002 9.5945000000000018 -0.92913280730858794
decision_type=2 2 2 2 2 2 2 2 2 2 2 2 2 2
left_child=2 -2 -1 4 -4 -6 -7 8 9 11 -9 -3 -5 -14
right_child=1 7 3 12 5 6 -8 10 -10 -11 -12 -13 13 -15
leaf_value=0.0005018071316128872 0.0058774987549951342 0.0034841923098499327 0.0011902694897707178 0.0038270976227481519 -0.01395680429291201 0.00021595344053518541 -0.0050852464050545002 0.00059570083375215803 0.026951655899574656 -0.0022236239429034798 -0.013562191320156606 -6.3101782070983797e-05 0.0016522571655144314 -0.00060680047195419838
leaf_weight=47 43 76 47 64 41 64 41 59 69 181 60 66 181 890
leaf_count=47 43 76 47 64 41 64 41 59 69 181 60 66 181 890
internal_value=-0.000129601 0.00126354 -0.000690909 -0.00105422 -0.00595855 -0.00958904 -0.00333333 9.78474e-05 0.00178571 -0.000773994 -0.00546218 0.00492958 -0.000220264 -0.00070028
internal_weight=1929 554 1375 1328 193 146 105 511 392 323 119 142 1135 1071
internal_count=1929 554 1375 1328 193 146 105 511 392 323 119 142 1135 1071
is_linear=0
shrinkage=0.05


Tree=133
num_leaves=15
num_cat=0
split_feature=0 1 1 1 3 3 1 1 4 3 4 4 2 2
split_gain=0.964064 0.813183 0.847698 3.41961 2.01216 2.18202 5.013 3.06692 3.05285 2.73003 1.84552 2.07405 2.95367 3.8512
threshold=10.862500000000002 0.99466160899732492 0.65189295912203349 0.7025209685794126 98.645500000000013 57.029500000000006 0.88933691597811693 0.849084144669916 8.9650000000000016 5.2340000000000009 4.392500000000001 8.4820000000000011 0.77275363110444695 -0.88204802495585344
decision_type=2 2 2 2 2 2 2 2 2 2 2 2 2 2
left_child=-1 2 10 -4 5 7 -7 -5 -9 -10 -2 12 13 -12
right_child=1 -3 3 4 -6 6 -8 8 9 -11 11 -13 -14 -15
leaf_value=0.010186555830583199 0.00047671677503224321 -0.0016829825075330208 0.0055836238172453758 -0.0014717135253645821 0.027123483354737632 0.0014484026976623765 -0.014865787455115131 0.0094881713079140347 -0.0012643566642025388 0.009669187417014273 0.0006263147380985185 -0.00016411897029303542 0.001441911964594117 -0.008334377764432804
leaf_weight=40 55 72 43 98 65 47 41 42 106 40 40 1102 52 86
leaf_count=40 55 72 43 98 65 47 41 42 106 40 40 1102 52 86
internal_value=-0.000181441 -0.000344097 -0.000137589 0.00165975 0.000341686 -0.00106952 -0.00795455 0.00104895 0.00478723 0.00136986 -0.000786517 -0.00117188 -0.00617978 -0.0103175
internal_weight=1929 1889 1817 482 439 374 88 286 188 146 1335 1280 178 126
internal_count=1929 1889 1817 482 439 374 88 286 188 146 1335 1280 178 126
is_linear=0
shrinkage=0.05


Tree=134
num_leaves=15
num_cat=0
split_feature=0 2 4 2 0 2 0 2 4 1 2 1 2 0
split_gain=0.938214 0.675498 2.61844 1.80172 1.09138 4.57583 4.06499 3.83107 2.91016 2.62249 3.31542 2.54402 2.21257 3.4802
threshold=10.862500000000002 0.98931017411165012 13.410000000000002 0.97117852567439111 29.602 0.87796008470088804 27.997000000000003 0.56424300735932609 17.297500000000003 0.3491821996099142 0.81404609350821777 0.66015212067123197 0.8433585485889844 32.858000000000011
decision_type=2 2 2 2 2 2 2 2 2 2 2 2 2 2
left_child=-1 3 -3 4 5 6 7 -2 -9 10 -6 -8 13 -11
right_child=1 2 -4 -5 9 -7 11 8 -10 12 -12 -13 -14 -15
leaf_value=0.0096772280390540408 -5.6570896959577679e-05 0.0023638091632427918 -0.0048828076178602858 -0.0046517804327918357 0.00013865979575851118 -0.0070584943960053832 -0.011519127493383748 0.026495911415692942 0.001670148841316204 -0.007731959131733585 0.011778497753125406 -0.00035797845573245504 -0.0093285698387558461 0.0019460004974810709
leaf_weight=40 1177 43 42 52 68 59 40 53 49 94 67 42 46 57
leaf_count=40 1177 43 42 52 68 59 40 53 49 94 67 42 46 57
internal_value=-7.77605e-05 -0.000238221 0.00411765 -0.000443459 -0.000171233 -0.000774648 -0.000183688 0.00050821 0.00980392 0.00240964 0.00777778 -0.0109756 -0.00126904 0.00165563
internal_weight=1929 1889 85 1804 1752 1420 1361 1279 102 332 135 82 197 151
internal_count=1929 1889 85 1804 1752 1420 1361 1279 102 332 135 82 197 151
is_linear=0
shrinkage=0.05


Tree=135
num_leaves=15
num_cat=0
split_feature=1 1 1 1 2 3 3 4 0 1 0 4 1 4
split_gain=0.544699 2.47025 2.4105 1.99738 1.97595 1.96225 4.47647 6.72981 3.6 2.9313 2.65477 2.22017 5.9284 2.04255
threshold=0.23416947364604893 0.31676515716386888 0.41274032740354816 0.16681837808193059 -0.83160410544417529 5.3015000000000008 0.40000000000000008 14.600000000000001 18.528500000000005 -0.22611359161738889 20.663000000000004 13.744500000000002 -0.86095304316285715 10.018000000000002
decision_type=2 2 2 2 2 2 2 2 2 2 2 2 2 2
left_child=3 -2 -3 5 -4 6 9 10 -9 11 -8 13 -13 -1
right_child=1 2 4 -5 -6 -7 7 8 -10 -11 -12 12 -14 -15
leaf_value=-0.0034562204943943357 0.0062460742924041164 -0.005593783691148612 0.0036976752858750685 -0.0089896126029600839 4.0384162523599001e-05 -0.0010209070917348822 -0.012242887214335352 0.0047738286566307029 0.013670150771876277 0.0022456187050806545 0.0013122872654515423 0.00073824280733697512 -0.01052452659356491 0.0069041214561951008
leaf_weight=47 54 66 55 44 680 602 41 45 45 63 46 49 43 49
leaf_count=47 54 66 55 44 680 602 41 45 45 63 46 49 43 49
internal_value=-0.000181441 0.000760234 6.2422e-05 -0.000931099 0.000884354 -0.000485437 0.0021028 0.00819209 0.0177778 -0.00219124 -0.00172414 -0.00531915 -0.0108696 0
internal_weight=1929 855 801 1074 735 1030 428 177 90 251 87 188 92 96
internal_count=1929 855 801 1074 735 1030 428 177 90 251 87 188 92 96
is_linear=0
shrinkage=0.05


Tree=136
num_leaves=15
num_cat=0
split_feature=4 4 4 3 0 4 4 1 0 0 1 2 0 3
split_gain=0.68496 3.4228 3.29474 2.97477 3.25423 3.18941 1.88461 2.43476 1.83513 4.53426 2.97561 2.90936 6.34921 4.64857
threshold=16.620500000000003 17.547000000000004 16.168000000000003 74.569000000000017 26.936500000000006 18.970500000000005 22.444500000000001 -0.56602321513292997 31.653000000000002 32.701500000000003 0.53371312107676727 0.77275363110444695 29.602 94.035500000000013
decision_type=2 2 2 2 2 2 2 2 2 2 2 2 2 2
left_child=2 -2 8 5 6 -3 -5 -8 11 -10 -11 13 -13 -1
right_child=1 3 -4 4 -6 -7 7 -9 9 10 -12 12 -14 -15
leaf_value=-0.00054597538452585699 -0.0075348641148126581 0.0093033832300241093 0.0086014087449403902 -0.010855726368992003 -0.0096619398723828964 0.00059113370874639976 -0.007398711255890489 0.0076564493246306549 -0.019506406864859677 -0.0044927697102432277 0.0018466812644808317 -9.5020990568830962e-05 0.013906727314375554 0.0032325329766852377
leaf_weight=710 73 78 49 73 50 295 41 55 42 81 41 84 42 215
leaf_count=710 73 78 49 73 50 295 41 55 42 81 41 84 42 215
internal_value=-0.000129601 -0.00142857 0.000553797 -0.000168919 -0.00479452 0.00254692 -0.00147929 0.003125 4.11523e-05 -0.00487805 0 0.000808754 0.00793651 -0.000162162
internal_weight=1929 665 1264 592 219 373 169 96 1215 164 122 1051 126 925
internal_count=1929 665 1264 592 219 373 169 96 1215 164 122 1051 126 925
is_linear=0
shrinkage=0.05


Tree=137
num_leaves=15
num_cat=0
split_feature=3 3 3 3 3 4 0 2 3 4 2 4 4 1
split_gain=0.891307 3.65044 3.62514 2.4601 2.32476 2.94986 2.94566 5.64436 5.91792 4.89723 3.4024 4.51975 3.27173 3.00466
threshold=43.805000000000007 26.429000000000002 19.977 15.113500000000002 52.413500000000006 6.2925000000000013 18.870500000000003 -0.87204617232061787 98.645500000000013 16.259500000000003 0.092265415903232631 18.778500000000005 16.259500000000003 0.67050644418468353
decision_type=2 2 2 2 2 2 2 2 2 2 2 2 2 2
left_child=1 2 3 -1 -2 -6 7 -7 -9 -10 -8 12 13 -12
right_child=4 -3 -4 -5 5 6 10 8 9 -11 11 -13 -14 -15
leaf_value=-2.371309855132564e-05 -0.0054326540842125738 0.0081376805596760811 -0.01698592956944758 0.012626495432917845 -0.0045317794806155835 -0.0019926562399358709 -0.0062528993528425782 0.016938387526947575 0.0057976190770514975 -0.014481914739442232 -0.00082161658441863572 -0.0099445842358741997 0.018179873550564201 0.017844950197738119
leaf_weight=953 50 95 40 40 71 128 117 72 44 47 108 73 42 49
leaf_count=953 50 95 40 40 71 128 117 72 44 47 108 73 42 49
internal_value=-0.000285122 0.000620567 -0.000242014 0.000352467 -0.00156055 -0.000865513 0.000147059 0.00395189 0.0101227 0.00164835 -0.00269923 0.000367647 0.00427136 0.000955414
internal_weight=1929 1128 1033 993 801 751 680 291 163 91 389 272 199 157
internal_count=1929 1128 1033 993 801 751 680 291 163 91 389 272 199 157
is_linear=0
shrinkage=0.05


Tree=138
num_leaves=15
num_cat=0
split_feature=1 1 4 4 3 4 3 3 1 4 1 4 0 0
split_gain=0.769861 3.48575 2.08039 2.05562 2.99904 2.99239 2.10654 2.42167 2.78656 2.45645 1.80821 1.73423 1.0798 9.38032
threshold=0.65189295912203349 0.7025209685794126 4.1365000000000007 17.097500000000004 17.171000000000003 15.395500000000002 95.365500000000011 57.029500000000006 0.849084144669916 8.2135000000000016 0.59055600833485278 12.454000000000002 29.602 30.806500000000003
decision_type=2 2 2 2 2 2 2 2 2 2 2 2 2 2
left_child=2 -2 -1 5 -5 6 7 8 -3 -10 12 -11 -4 -14
right_child=1 3 10 4 -6 -7 -8 -9 9 11 -12 -13 13 -15
leaf_value=0.00057171716091187076 0.0052768809325951516 -0.0037059039578572275 -0.0004268775217539489 0.00080126661917666461 -0.012458128267850371 0.007630509739603413 0.024399726592388708 -0.0029273801720737847 0.0055142111785378718 -0.0048451722747368626 -0.0029934185267787104 0.0072593563060606783 0.0075563974681759575 -0.00063389162840752635
leaf_weight=47 43 64 1003 59 60 40 61 58 45 74 46 50 47 232
leaf_count=47 43 64 1003 59 60 40 61 58 45 74 46 50 47 232
internal_value=-0.000129601 0.00144404 -0.000763636 0.000293542 -0.00546218 0.00204082 0.000568182 -0.00120275 0.00107296 0.00443787 -0.00112952 0.000806452 -0.000780031 0.00197133
internal_weight=1929 554 1375 511 119 392 352 291 233 169 1328 124 1282 279
internal_count=1929 554 1375 511 119 392 352 291 233 169 1328 124 1282 279
is_linear=0
shrinkage=0.05


Tree=139
num_leaves=15
num_cat=0
split_feature=2 4 2 0 2 3 3 0 0 2 2 3 0 1
split_gain=0.673309 2.61844 1.80434 1.0825 3.36756 6.10596 4.99756 3.92811 2.85675 3.63678 3.99143 2.9519 2.07322 1.98159
threshold=0.98931017411165012 13.410000000000002 0.97117852567439111 29.602 0.81404609350821777 3.0915000000000004 13.570500000000001 31.266000000000002 27.997000000000003 0.86993731518838324 0.56424300735932609 85.75500000000001 32.056500000000007 -0.35321410436273354
decision_type=2 2 2 2 2 2 2 2 2 2 2 2 2 2
left_child=2 -2 3 8 6 -6 12 -8 9 10 -1 -12 -5 -10
right_child=1 -3 -4 4 5 -7 7 -9 13 -11 11 -13 -14 -15
leaf_value=-0.00012316117865612334 0.001061367185626616 -0.0045203667187578289 -0.0042162260107520165 -4.2664615522838845e-05 -0.0025815852469777468 0.017514747412304455 0.00047620816483082698 -0.022458569915493762 -0.0082773408098646192 -0.01387489064086599 0.0014807594705491978 0.030278269083651135 0.0010283377331681499 -0.00027017691281408794
leaf_weight=1216 43 42 52 64 59 63 40 59 40 40 59 43 47 62
leaf_count=1216 43 42 52 64 59 63 40 59 40 40 59 43 47 62
internal_value=-0.000233281 0.00411765 -0.000433839 -0.000167411 0.00240964 0.00901639 -0.00142857 -0.00959596 -0.000753425 -0.000147275 0.00030349 0.00980392 0.00585586 -0.00882353
internal_weight=1929 85 1844 1792 332 122 210 99 1460 1358 1318 102 111 102
internal_count=1929 85 1844 1792 332 122 210 99 1460 1358 1318 102 111 102
is_linear=0
shrinkage=0.05


Tree=140
num_leaves=15
num_cat=0
split_feature=2 4 2 2 4 3 1 1 2 3 3 0 3 0
split_gain=1.02637 1.95625 1.84722 1.03227 4.05096 2.81939 6.54986 5.98739 1.677 1.52903 3.99138 3.55417 2.98597 2.91871
threshold=0.98931017411165012 13.410000000000002 0.97117852567439111 0.70252747416915684 22.578500000000002 3.0200000000000005 0.25084665036108239 0.30041382580050413 0.61287127154566789 6.3145000000000007 15.113500000000002 30.988500000000005 38.696500000000007 26.141500000000004
decision_type=2 2 2 2 2 2 2 2 2 2 2 2 2 2
left_child=2 -2 3 8 5 6 -5 -7 9 11 -11 13 -12 -1
right_child=1 -3 -4 4 -6 7 -8 -9 -10 10 12 -13 -14 -15
leaf_value=0.00035533571739005906 0.0010082988263452886 -0.0042943483828199345 -0.0040054147102144165 0.0073368113060241326 -0.0098741875549237731 0.00091417067685425348 -0.0097556636104771614 0.011151040528690707 -0.0041498439713469676 -0.0051136374836996791 0.0073982522381553402 0.0057679270040032933 -0.00058631300454091016 -0.0031512212886348257
leaf_weight=494 43 42 52 44 42 91 67 70 65 75 101 41 625 77
leaf_count=494 43 42 52 44 42 91 67 70 65 75 101 41 625 77
internal_value=-7.77605e-05 0.00529412 -0.00032538 -5.58036e-05 0.00254777 0.00477941 -0.00135135 0.00900621 -0.000608931 -0.0002477 -0.00168539 0.00163399 -0.000550964 0.00061296
internal_weight=1929 85 1844 1792 314 272 111 161 1478 1413 801 612 726 571
internal_count=1929 85 1844 1792 314 272 111 161 1478 1413 801 612 726 571
is_linear=0
shrinkage=0.05


Tree=141
num_leaves=15
num_cat=0
split_feature=2 4 2 0 2 0 1 2 2 4 3 3 1 2
split_gain=1.04627 1.95625 1.82571 1.45477 1.97657 6.13945 3.71591 2.86814 2.35665 1.56663 3.39045 4.54496 2.94947 2.83663
threshold=0.98931017411165012 13.410000000000002 0.97117852567439111 36.001000000000012 0.77275363110444695 29.602 -0.43664718845046319 0.90906259831586944 0.72731766296277522 8.4820000000000011 57.029500000000006 99.381000000000014 0.849084144669916 -0.78621243120361772
decision_type=2 2 2 2 2 2 2 2 2 2 2 2 2 2
left_child=2 -2 3 4 8 6 -6 -7 9 10 12 -12 13 -1
right_child=1 -3 -4 -5 5 7 -8 -9 -10 -11 11 -13 -14 -15
leaf_value=0.0015920954418242345 0.00095788388502802144 -0.0040796309636789378 -0.0038051439747036953 -0.010262979379243212 0.013720992512830788 0.017709996925321814 -0.0066955209559758592 0.0033630401693830803 -0.002059488556554097 5.4681828268335347e-05 -0.011443800216224716 6.488213971944102e-05 0.0051065871377901535 -0.0046727447558387201
leaf_weight=42 43 42 52 44 41 58 73 48 40 1208 62 49 49 78
leaf_count=42 43 42 52 44 41 58 73 48 40 1208 62 49 49 78
internal_value=-0.000129601 0.00529412 -0.00037961 -0.000111607 0.000114416 0.00454545 -0.00350877 0.0132075 -0.00052356 -0.000201613 -0.00357143 -0.0103604 0.000887574 -0.00333333
internal_weight=1929 85 1844 1792 1748 220 114 106 1528 1488 280 111 169 120
internal_count=1929 85 1844 1792 1748 220 114 106 1528 1488 280 111 169 120
is_linear=0
shrinkage=0.05


Tree=142
num_leaves=15
num_cat=0
split_feature=0 0 4 2 2 2 2 2 4 2 3 1 2 4
split_gain=0.780908 2.84579 2.35209 1.92034 1.24143 1.95197 2.87695 1.94986 4.09985 2.91212 5.70379 3.37019 1.55915 6.06957
threshold=33.255000000000003 34.773500000000006 15.992000000000003 0.99055824379501012 0.96906388833713553 0.92933244589178743 0.87796008470088804 0.46105717635705401 20.441000000000006 0.77275363110444695 68.88900000000001 0.67050644418468353 -0.010746888578547886 9.3755000000000024
decision_type=2 2 2 2 2 2 2 2 2 2 2 2 2 2
left_child=3 -2 -3 4 5 6 7 12 9 10 11 -9 -1 -14
right_child=1 2 -4 -5 -6 -7 -8 8 -10 -11 -12 -13 13 -15
leaf_value=2.2616313319705208e-05 -0.0020628028544387197 -0.0013260982084388085 0.0043655048188015926 0.0010934703611551245 -0.0039712470763506704 0.003757994399912268 -0.007049787083823267 -0.0031821890214503469 -0.007454079834465022 0.017098516026694745 0.016799983976660649 0.00041057995356982293 -0.0077685040946026103 -4.8205696265304909e-05
leaf_weight=1020 78 47 48 50 41 50 43 55 61 60 59 46 52 219
leaf_count=1020 78 47 48 50 41 50 43 55 61 60 59 46 52 219
internal_value=2.59202e-05 -0.00317919 0.00263158 0.000341686 5.86166e-05 0.00027027 -3.09598e-05 0.000318066 0.00409253 0.00727273 0.00375 -0.00346535 -0.000503486 -0.00387454
internal_weight=1929 173 95 1756 1706 1665 1615 1572 281 220 160 101 1291 271
internal_count=1929 173 95 1756 1706 1665 1615 1572 281 220 160 101 1291 271
is_linear=0
shrinkage=0.05


Tree=143
num_leaves=15
num_cat=0
split_feature=2 4 2 3 3 0 2 4 4 4 0 0 4 0
split_gain=0.98713 1.95625 1.19606 1.00794 4.06151 3.01286 3.67771 8.45218 5.04503 3.58963 2.93195 3.56723 3.18434 2.93514
threshold=0.98931017411165012 13.410000000000002 0.97117852567439111 43.234000000000009 52.413500000000006 20.020000000000003 -0.75331262247159991 13.528 10.277500000000002 9.788000000000002 22.017500000000002 24.837000000000007 20.441000000000006 30.988500000000005
decision_type=2 2 2 2 2 2 2 2 2 2 2 2 2 2
left_child=2 -2 3 -1 -5 6 8 -8 -6 -7 -11 -12 13 -13
right_child=1 -3 -4 4 5 9 7 -9 -10 10 11 12 -14 -15
leaf_value=0.00012589450541027891 0.00085531617271886748 -0.0039303229335527438 -0.0034640355276987726 -0.012200115809799622 -0.011750394751278849 -0.0031334842238364222 0.020837283206910397 -0.00069096602550346305 0.0035381221470059477 -0.0030865126529634442 0.012018100629125623 0.0045422032770244423 -0.015257719714752342 -0.0027835578063487494
leaf_weight=1033 43 42 52 49 63 67 65 96 144 48 51 90 42 44
leaf_count=1033 43 42 52 49 63 67 65 96 144 48 51 90 42 44
internal_value=2.59202e-05 0.00529412 -0.00021692 0 -0.0013834 -0.000422535 0.00271739 0.00838509 -0.00169082 -0.00380117 -0.00127273 0.00110132 -0.00227273 0.00149254
internal_weight=1929 85 1844 1792 759 710 368 161 207 342 275 227 176 134
internal_count=1929 85 1844 1792 759 710 368 161 207 342 275 227 176 134
is_linear=0
shrinkage=0.05


Tree=144
num_leaves=15
num_cat=0
split_feature=2 4 0 4 1 0 2 4 3 0 2 0 2 1
split_gain=0.929709 1.95625 1.26412 3.21692 5.48245 2.73697 1.90857 6.05708 6.20077 3.20268 2.1843 2.03492 3.60171 1.95953
threshold=0.98931017411165012 13.410000000000002 31.182000000000006 15.992000000000003 0.5043284533698108 34.995000000000012 0.46105717635705401 11.508500000000002 95.294500000000014 25.494000000000003 0.75047916603754417 25.241000000000003 1.0000000180025095e-35 0.92263100495486405
decision_type=2 2 2 2 2 2 2 2 2 2 2 2 2 2
left_child=2 -2 6 4 -4 -5 11 -8 9 -9 -11 13 -13 -1
right_child=1 -3 3 5 -6 -7 7 8 -10 10 -12 12 -14 -15
leaf_value=-0.00017543597823060157 0.00081255036408292016 -0.0037338067868751047 -0.011274249617507471 -0.0011446349965675562 0.00039504359159911185 0.013705372577667796 0.0053257249496072336 -0.012755964752805972 0.020114161058513803 0.0010244922890620277 -0.0031392777789113757 0.0028498065196498113 -0.0094914411649257638 0.0029796454554102264
leaf_weight=946 43 42 86 68 62 41 91 50 60 55 61 50 127 147
leaf_count=946 43 42 86 68 62 41 91 50 60 55 61 50 127 147
internal_value=0.000181441 0.00529412 -5.42299e-05 -0.00330739 -0.00810811 0.00321101 0.00047259 0.00394322 -0.000442478 -0.00542169 -0.000862069 -0.000393701 -0.00536723 0.000411711
internal_weight=1929 85 1844 257 148 109 1587 317 226 166 116 1270 177 1093
internal_count=1929 85 1844 257 148 109 1587 317 226 166 116 1270 177 1093
is_linear=0
shrinkage=0.05


Tree=145
num_leaves=15
num_cat=0
split_feature=2 4 0 0 1 2 1 2 0 4 2 0 3 2
split_gain=1.08666 1.95625 1.12139 1.99986 1.91354 2.47447 4.18154 2.69163 2.33358 5.04675 3.52532 2.86601 2.08803 4.43747
threshold=0.98931017411165012 13.410000000000002 25.241000000000003 24.521500000000003 -0.9523687564627995 0.46105717635705401 0.91172524504317609 0.1093682717844857 31.182000000000006 11.508500000000002 0.75047916603754417 32.163500000000006 3.0915000000000004 0.81404609350821777
decision_type=2 2 2 2 2 2 2 2 2 2 2 2 2 2
left_child=2 -2 3 -1 -4 6 -6 -8 9 -7 -11 -10 -13 -14
right_child=1 -3 4 -5 5 8 7 -9 11 10 -12 12 13 -15
leaf_value=-6.0561058759914247e-06 0.00077192284587876978 -0.0035471164475313513 0.0028362214478958427 0.0075478458256194453 -0.018425654510504843 0.0056084036499299446 -0.0096018434399966681 0.0037384316048062142 -0.010041452571912819 0.0025243607702862465 -0.0034425190572026313 -0.0042716462641953501 -0.0016931811134355268 0.010291967719887342
leaf_weight=1150 43 42 45 48 45 67 48 74 56 68 77 73 41 52
leaf_count=1150 43 42 45 48 45 67 48 74 56 68 77 73 41 52
internal_value=-0.000233281 0.00529412 -0.000488069 0.000417362 -0.00216718 -0.00291181 -0.00808383 -0.00327869 -0.000921659 0.00283019 -0.00241379 -0.0045045 -0.00120482 0.00376344
internal_weight=1929 85 1844 1198 646 601 167 122 434 212 145 222 166 93
internal_count=1929 85 1844 1198 646 601 167 122 434 212 145 222 166 93
is_linear=0
shrinkage=0.05


Tree=146
num_leaves=15
num_cat=0
split_feature=2 4 2 4 4 3 4 1 4 4 1 1 4 4
split_gain=1.04627 1.95625 1.82571 0.887623 2.55853 2.99221 2.16184 4.18046 3.38996 5.20262 1.36252 2.26075 1.73992 3.7176
threshold=0.98931017411165012 13.410000000000002 0.97117852567439111 6.4340000000000011 5.2545000000000011 3.2475000000000005 7.6545000000000014 0.25084665036108239 8.4820000000000011 9.0760000000000023 -0.92913280730858794 -0.89391031859722847 10.572500000000002 9.8225000000000016
decision_type=2 2 2 2 2 2 2 2 2 2 2 2 2 2
left_child=2 -2 3 4 5 -1 7 -5 -8 -10 -11 -12 13 -13
right_child=1 -3 -4 6 -6 -7 8 -9 9 10 11 12 -14 -15
leaf_value=-0.0046898208235369391 0.00073332670358483565 -0.0033697606251547833 -0.0031017317829704853 -0.00022865260346491834 -0.0052968550309859938 0.0013699171737045824 -0.0038182500009516732 0.0048154575273715626 0.0064170619906453608 0.00086786196369320059 -0.01521641462779749 0.0012319926658476534 3.5595099633382864e-05 -0.011641795175849333
leaf_weight=40 43 42 52 43 58 70 67 47 43 184 40 56 1075 69
leaf_count=40 43 42 52 43 58 70 67 47 43 184 40 56 1075 69
internal_value=-0.000129601 0.00529412 -0.00037961 -0.000111607 -0.00357143 0.000909091 0.000246305 0.00777778 -0.000195567 0.000306748 -0.000210674 -0.000806452 -0.000416667 -0.006
internal_weight=1929 85 1844 1792 168 110 1624 90 1534 1467 1424 1240 1200 125
internal_count=1929 85 1844 1792 168 110 1624 90 1534 1467 1424 1240 1200 125
is_linear=0
shrinkage=0.05


Tree=147
num_leaves=15
num_cat=0
split_feature=2 4 2 0 0 3 0 1 0 2 2 4 1 1
split_gain=0.967798 1.95625 1.21348 0.893042 2.32593 2.31835 1.10947 4.1145 3.15511 3.85636 4.26585 4.07682 1.98159 1.26099
threshold=0.98931017411165012 13.410000000000002 0.97117852567439111 32.701500000000003 31.653000000000002 3.0915000000000004 29.602 0.61794704089537544 27.997000000000003 0.86993731518838324 0.54277338749235304 17.297500000000003 -0.35321410436273354 0.99762106698677389
decision_type=2 2 2 2 2 2 2 2 2 2 2 2 2 2
left_child=2 -2 3 4 6 -5 8 -8 9 10 13 -12 -10 -1
right_child=1 -3 -4 5 -6 -7 7 -9 12 -11 11 -13 -14 -15
leaf_value=-0.0001744930035297604 0.00069666036840558836 -0.0032012725938970425 -0.0029466451938219562 -0.0016317206345866212 -0.0080258324550124601 0.0030700214008495541 0.0079355709742083645 -0.0018315951092002167 -0.00776006571194155 -0.012964460776811518 0.018545647195422794 -0.00017168006964343106 -0.00020133258019555401 0.0066063656920430733
leaf_weight=1171 43 42 52 66 51 77 70 68 40 40 56 50 62 41
leaf_count=1171 43 42 52 66 51 77 70 68 40 40 56 50 62 41
internal_value=7.77605e-05 0.00529412 -0.00016269 5.58036e-05 -0.000272893 0.00384615 6.25782e-05 0.00434783 -0.000342466 0.000294551 0.000758725 0.0103774 -0.00882353 -8.25083e-05
internal_weight=1929 85 1844 1792 1649 143 1598 138 1460 1358 1318 106 102 1212
internal_count=1929 85 1844 1792 1649 143 1598 138 1460 1358 1318 106 102 1212
is_linear=0
shrinkage=0.05


Tree=148
num_leaves=15
num_cat=0
split_feature=2 2 0 0 2 4 1 2 4 0 2 4 3 4
split_gain=0.716793 1.06084 2.9758 6.21818 1.94401 4.62222 3.12579 2.35777 1.47052 4.0457 3.65549 2.91334 5 2.05296
threshold=0.99055824379501012 0.90906259831586944 30.632500000000004 34.397000000000006 0.77275363110444695 11.182500000000003 0.42833659622166903 0.72731766296277522 23.975500000000004 24.257500000000004 -0.64297064596386244 21.886000000000006 25.905000000000005 19.726500000000005
decision_type=2 2 2 2 2 2 2 2 2 2 2 2 2 2
left_child=1 4 -3 -4 7 -6 -7 8 11 10 -10 13 -13 -1
right_child=-2 2 3 -5 5 6 -8 -9 9 -11 -12 12 -14 -15
leaf_value=-0.00017104343107145483 0.00065738470056458942 0.0014628490038461285 -0.0076245408322618393 0.0070615536240833778 0.01787802597932683 0.0079040383859165508 -0.0064002014835897632 -0.0020186261725928245 0.0084287010259094883 0.011391601753866498 -0.0073865179799857796 0.00089274252121762101 -0.020303133899077827 0.0042073449545678215
leaf_weight=1163 77 73 55 40 40 55 49 40 62 43 59 40 40 93
leaf_count=1163 77 73 55 40 40 55 49 40 62 43 59 40 40 93
internal_value=-0.000181441 -0.00037797 -0.00416667 -0.01 0 0.00555556 0 -0.000519481 -0.0002 0.00426829 -0.000413223 -0.000748503 -0.01 -0.000159236
internal_weight=1929 1852 168 95 1684 144 104 1540 1500 164 121 1336 80 1256
internal_count=1929 1852 168 95 1684 144 104 1540 1500 164 121 1336 80 1256
is_linear=0
shrinkage=0.05


Tree=149
num_leaves=15
num_cat=0
split_feature=0 0 2 2 0 0 2 0 0 1 2 0 2 2
split_gain=0.836172 2.39991 2.95224 2.10578 1.28147 2.8181 1.45518 1.1164 4.24015 4.23833 5.88805 1.5364 2.00078 2.79026
threshold=33.255000000000003 34.773500000000006 0.89420283937402645 0.99055824379501012 31.498000000000005 32.163500000000006 0.92933244589178743 27.997000000000003 28.848500000000005 0.83042381995921366 0.67844406397199097 26.994000000000003 0.78298010367706283 0.56424300735932609
decision_type=2 2 2 2 2 2 2 2 2 2 2 2 2 2
left_child=3 -2 -3 4 6 -6 7 11 -9 10 -10 12 13 -1
right_child=1 2 -4 -5 5 -7 -8 8 9 -11 -12 -13 -14 -15
leaf_value=-0.00011446686271263662 -0.0013407280531766597 -0.0011552175456368775 0.0094645026127447747 0.0010718202861465631 -0.011194039603538486 0.0011564724165304518 0.003682833049258075 -0.0072745596655571345 0.0059519060786209499 -0.0040117374218035405 -0.00089814403875143058 0.0066911699503184596 -0.0083338405482167918 0.020125915390575108
leaf_weight=1191 78 41 54 50 41 46 74 53 53 56 48 42 50 52
leaf_count=1191 78 41 54 50 41 46 74 53 53 56 48 42 50 52
internal_value=-0.000440643 -0.00375723 0.00157895 -0.000113895 -0.000410317 -0.00632184 -9.26498e-05 -0.000420712 -0.00380952 0.000318471 0.00643564 0.00011236 -0.000193349 0.000201126
internal_weight=1929 173 95 1756 1706 87 1619 1545 210 157 101 1335 1293 1243
internal_count=1929 173 95 1756 1706 87 1619 1545 210 157 101 1335 1293 1243
is_linear=0
shrinkage=0.05


Tree=150
num_leaves=15
num_cat=0
split_feature=0 0 2 0 0 0 2 2 2 4 3 4 3 1
split_gain=0.91643 2.39991 2.95224 1.31238 1.49547 1.18597 3.19418 1.6834 2.343 1.72517 4.6351 3.64019 3.60052 4.7021
threshold=33.255000000000003 34.773500000000006 0.89420283937402645 32.056500000000007 31.498000000000005 29.602 0.81502833751681136 0.87796008470088804 0.94713111268739625 16.740000000000006 91.803000000000011 17.625500000000006 57.029500000000006 -0.11988119229922732
decision_type=2 2 2 2 2 2 2 2 2 2 2 2 2 2
left_child=3 -2 -3 4 5 7 -7 9 -9 10 12 -11 -1 -14
right_child=1 2 -4 -5 -6 6 -8 8 -10 11 -12 -13 13 -15
leaf_value=0.00013462968007681153 -0.0012736916505178249 -0.0010974566683550346 0.0089912774821075403 0.0027392782244937911 -0.0058631347852445281 -0.00043690863785104673 0.0075537436685582937 -0.01196253128686095 0.00070713205184365086 -0.012053453696661217 0.003293812874442015 -0.00047847594316400291 0.00049986342569168234 -0.0087327489182923938
leaf_weight=569 78 41 54 63 42 102 53 41 54 49 241 432 45 65
leaf_count=569 78 41 54 63 42 102 53 41 54 49 241 432 45 65
internal_value=-0.000285122 -0.00375723 0.00157895 5.69476e-05 -0.000206734 3.02847e-05 0.00419355 -0.00040107 -0.00684211 3.56888e-05 0.00130435 -0.00239085 -0.000810015 -0.00909091
internal_weight=1929 173 95 1756 1693 1651 155 1496 95 1401 920 481 679 110
internal_count=1929 173 95 1756 1693 1651 155 1496 95 1401 920 481 679 110
is_linear=0
shrinkage=0.05


Tree=151
num_leaves=15
num_cat=0
split_feature=0 0 4 0 0 1 1 4 0 2 0 2 1 0
split_gain=0.659709 2.84579 2.35209 1.31238 1.49547 0.945644 2.53459 2.09003 2.31661 2.67302 2.96662 3.35068 2.33642 1.56855
threshold=33.255000000000003 34.773500000000006 15.992000000000003 32.056500000000007 31.498000000000005 0.25084665036108239 0.33302288323572038 22.088500000000003 14.332000000000003 0.37522380421282725 27.630500000000001 0.023632005545605003 0.73465119469809237 28.732500000000005
decision_type=2 2 2 2 2 2 2 2 2 2 2 2 2 2
left_child=3 -2 -3 4 5 13 -7 8 -8 10 11 -10 -11 -1
right_child=1 2 -4 -5 -6 6 7 -9 9 12 -12 -13 -14 -15
leaf_value=-0.00032536488401451737 -0.0012100070679919334 -0.0010425838349372829 0.0026690183922844302 0.0026023143132691052 -0.0055699780459823045 0.011035739614276584 0.0039192933516786514 -0.0041923238402836105 -0.00033799446974760593 0.00025149485098763805 -0.0094346850557928321 0.015585276044405622 0.0094835287060864529 0.00080701819258903191
leaf_weight=833 78 47 48 63 42 48 43 77 332 59 46 55 52 106
leaf_count=833 78 47 48 63 42 48 43 77 332 59 46 55 52 106
internal_value=-0.000233281 -0.00317919 0.00263158 5.69476e-05 -0.000206734 3.02847e-05 0.00140449 0.00060241 0.0016184 0.000735294 -0.00103926 0.000387597 0.00765766 -0.00101171
internal_weight=1929 173 95 1756 1693 1651 712 664 587 544 433 387 111 939
internal_count=1929 173 95 1756 1693 1651 712 664 587 544 433 387 111 939
is_linear=0
shrinkage=0.05


Tree=152
num_leaves=15
num_cat=0
split_feature=2 2 2 1 3 4 4 4 4 1 0 2 4 4
split_gain=1.12167 3.70717 2.79504 2.72819 2.28565 3.56788 3.93216 4.80234 4.00654 3.11745 2.26477 3.88506 2.02714 4.72877
threshold=-0.010746888578547886 -0.13070653084037345 0.1093682717844857 0.91172524504317609 0.40000000000000008 23.567500000000006 15.577000000000004 18.859000000000005 7.4080000000000004 -0.17552986495351994 25.137000000000004 0.80444483470750872 10.018000000000002 13.227000000000002
decision_type=2 2 2 2 2 2 2 2 2 2 2 2 2 2
left_child=1 -1 -2 4 12 6 8 9 -6 -8 -10 -12 -4 -14
right_child=2 -3 3 -5 5 -7 7 -9 10 -11 11 -13 13 -15
leaf_value=-0.0001200933458171738 -0.0090753752745980579 0.0072931586267916907 -0.0030035293584918855 0.007722038690570668 0.0022626537066764321 -0.0073212107963195154 0.010008939052205769 -0.0003514600780532132 0.0051982271423671516 0.0026064747993097509 -0.011314908724580547 -7.2689341635429061e-05 0.0039825273078155149 -0.0035562469441683844
leaf_weight=943 77 77 59 93 59 78 52 77 52 42 87 87 41 105
leaf_count=943 77 77 59 93 59 78 52 77 52 42 87 87 41 105
internal_value=-0.000648004 0.000490196 -0.00192519 -0.00108173 -0.00209743 -0.000374532 0.00131579 0.00730994 -0.0022807 0.0148936 -0.00530973 -0.00804598 -0.00658537 -0.00342466
internal_weight=1929 1020 909 832 739 534 456 171 285 94 226 174 205 146
internal_count=1929 1020 909 832 739 534 456 171 285 94 226 174 205 146
is_linear=0
shrinkage=0.05


Tree=153
num_leaves=15
num_cat=0
split_feature=4 3 3 4 1 4 2 2 2 3 2 2 0 0
split_gain=1.06869 2.17097 5.20059 1.90457 2.89286 2.42472 1.509 1.71802 1.71047 3.67129 2.64208 1.81402 1.63277 3.27554
threshold=6.4340000000000011 81.590000000000018 0.47750000000000004 7.7970000000000015 0.25084665036108239 8.4820000000000011 0.87796008470088804 0.81404609350821777 0.61287127154566789 86.370000000000019 0.70936945408888341 0.51358210681912742 28.075500000000002 30.408000000000005
decision_type=2 2 2 2 2 2 2 2 2 2 2 2 2 2
left_child=1 2 -1 4 -2 -5 7 8 11 10 -10 -7 -8 -14
right_child=3 -3 -4 5 -6 6 12 -9 9 -11 -12 -13 13 -15
leaf_value=-0.0061408908208679287 -0.00028163451073671687 -0.010052158036985809 0.0022654665393976926 -0.0032186956899941618 0.0040958376957893356 7.2356937005149669e-05 -0.0022983375700522226 0.0082405391308165831 -0.010883844246347047 0.018375036276368967 -0.00033388707415055315 0.010710862113642226 0.020016361304132004 -0.0012461597943686843
leaf_weight=51 56 58 76 56 56 1091 59 54 43 42 51 59 41 136
leaf_count=51 56 58 76 56 56 1091 59 54 43 42 51 59 41 136
internal_value=-0.000440643 -0.00405405 -0.000393701 -5.73394e-05 0.00625 -0.000490196 -0.000126904 0.000522388 0.000155521 -0.00514706 -0.0106383 0.000782609 -0.00381356 -0.00141243
internal_weight=1929 185 127 1744 112 1632 1576 1340 1286 136 94 1150 236 177
internal_count=1929 185 127 1744 112 1632 1576 1340 1286 136 94 1150 236 177
is_linear=0
shrinkage=0.05


Tree=154
num_leaves=15
num_cat=0
split_feature=1 1 3 1 3 2 2 1 3 3 4 0 3 3
split_gain=0.880775 0.694562 2.69507 4.96689 4.59952 4.31125 6.61926 2.06932 2.39921 4.67799 6.15643 3.35542 3.34697 3.23336
threshold=0.99466160899732492 0.23416947364604893 3.7810000000000001 0.33302288323572038 0.64750000000000008 0.72731766296277522 0.35923451902495462 0.16681837808193059 5.2340000000000009 0.40000000000000008 14.600000000000001 20.663000000000004 4.6225000000000014 12.131000000000002
decision_type=2 2 2 2 2 2 2 2 2 2 2 2 2 2
left_child=1 7 4 -4 5 6 -3 8 9 -1 11 -11 -12 -10
right_child=-2 2 3 -5 -6 -7 -8 -9 13 10 12 -13 -14 -15
leaf_value=-0.0002332270921033164 -0.00071755249662666394 -0.00026737908161557079 0.010464130849792991 0.00048525764815347263 -0.0057561615181667318 -0.0068883693235285487 0.0092310790641494771 -0.0082312523874761481 -0.0052590899260414386 -0.011560464317936803 0.019848716401634606 0.0016380021621673791 0.0018924787466354676 -0.00046854856474789211
leaf_weight=251 72 153 43 435 48 62 42 44 60 41 48 46 40 544
leaf_count=251 72 153 43 435 48 62 42 44 60 41 48 46 40 544
internal_value=-0.000129601 8.07754e-05 0.00121328 0.00355649 -0.00245902 0.000194553 0.00384615 -0.000744879 -0.000291262 0.00258216 0.00885714 -0.000574713 0.0181818 -0.00231788
internal_weight=1929 1857 783 478 305 257 195 1074 1030 426 175 87 88 604
internal_count=1929 1857 783 478 305 257 195 1074 1030 426 175 87 88 604
is_linear=0
shrinkage=0.05


Tree=155
num_leaves=15
num_cat=0
split_feature=2 4 1 0 0 2 3 2 0 0 0 3 1 2
split_gain=0.664739 1.03443 3.89974 1.88235 7.55219 4.50416 2.61001 1.95506 1.68312 3.55105 2.98923 3.29672 1.58333 2.60194
threshold=-0.9951106240145321 21.886000000000006 -0.94130860066615807 14.078500000000002 14.740500000000003 -0.91084115863148152 7.1065000000000014 -0.89611523788151459 14.037000000000001 17.725000000000005 21.906000000000002 20.808500000000006 -0.97873101657557338 -0.0085834810820868326
decision_type=2 2 2 2 2 2 2 2 2 2 2 2 2 2
left_child=-1 3 -3 5 -5 6 -2 -6 -4 -10 -11 -12 13 -9
right_child=1 2 8 4 7 -7 -8 12 9 10 11 -13 -14 -15
leaf_value=-0.0021212069908043115 0.0043380238833257891 0.0085204928409803506 -0.0089788945144978882 -0.020740894317977411 0.0068439750853250408 0.0083906013269825393 -0.0077751609848576266 0.0013623270341798514 0.011676589769720259 -0.0071676669943547631 0.0018027876772105185 -0.013996174500638572 5.7345267539997068e-05 -0.012001362656956994
leaf_weight=71 42 50 47 49 79 83 52 42 40 41 53 63 1174 43
leaf_count=71 42 50 47 49 79 83 52 42 40 41 53 63 1174 43
internal_value=-0.000181441 0 -0.00272109 0.000511509 -0.000108147 0.00536723 -0.00212766 0.000597907 -0.00532787 -0.00329949 -0.0066879 -0.00258621 0.000119142 -0.00647059
internal_weight=1929 1858 294 1564 1387 177 94 1338 244 197 157 116 1259 85
internal_count=1929 1858 294 1564 1387 177 94 1338 244 197 157 116 1259 85
is_linear=0
shrinkage=0.05


Tree=156
num_leaves=15
num_cat=0
split_feature=0 1 0 4 4 4 4 4 2 0 3 0 3 1
split_gain=0.710338 2.3171 1.2897 1.09136 4.06341 3.64881 2.18403 4.0221 2.72273 3.56951 2.40629 5.85208 3.63781 6.89352
threshold=12.285500000000001 -0.18771856543719898 12.921500000000002 12.367500000000001 11.400500000000003 13.227000000000002 10.572500000000002 9.9610000000000003 0.77275363110444695 32.454500000000003 57.029500000000006 20.824500000000004 5.0555000000000012 0.85581839891307976
decision_type=2 2 2 2 2 2 2 2 2 2 2 2 2 2
left_child=1 -1 -2 4 6 -5 7 8 10 -10 12 -12 13 -4
right_child=2 -3 3 5 -6 -7 -8 -9 9 -11 11 -13 -14 -15
leaf_value=0.017118164274584458 -0.0077558254762540059 -0.0017978630917692435 -0.0031739709914693215 0.0082729426420269977 -0.0067415199211070202 6.5034481281078807e-05 0.0031264019473337921 -0.0041903674706846973 0.0042929834120255528 -0.0002041898098004813 0.00020845404383938501 -0.0051902189449437022 0.0022963349272977942 0.0057310277641223345
leaf_weight=43 48 53 115 80 102 995 91 67 49 44 80 48 65 49
leaf_count=43 48 53 115 80 102 995 91 67 49 44 80 48 65 49
internal_value=-2.59202e-05 0.00416667 -0.000245499 -2.80112e-05 -0.0015493 0.000976744 0 -0.00125725 0.000444444 0.00806452 -0.00154062 -0.00703125 0.00152838 -0.00243902
internal_weight=1929 96 1833 1785 710 1075 608 517 450 93 357 128 229 164
internal_count=1929 96 1833 1785 710 1075 608 517 450 93 357 128 229 164
is_linear=0
shrinkage=0.05


Tree=157
num_leaves=15
num_cat=0
split_feature=2 3 2 1 0 0 0 0 1 0 1 2 0 1
split_gain=1.04627 3.20261 1.82571 0.889263 0.868545 2.60947 1.08114 2.80052 2.95358 3.90737 2.30798 2.28581 2.17017 3.29641
threshold=0.98931017411165012 5.0900000000000007 0.97117852567439111 0.99466160899732492 36.001000000000012 33.95300000000001 31.653000000000002 29.602 0.77682398610090087 30.893000000000004 0.59055600833485278 0.89420283937402645 27.997000000000003 0.64460769028158504
decision_type=2 2 2 2 2 2 2 2 2 2 2 2 2 2
left_child=2 -2 3 4 5 6 7 11 9 -9 -8 12 -1 -14
right_child=1 -3 -4 -5 -6 -7 10 8 -10 -11 -12 -13 13 -15
leaf_value=0.00018979189258031272 0.0014381344654136098 -0.0020714679133646552 -0.0021899105248816999 -0.00088522620245783253 -0.0094803062325246185 0.0032368895404809965 0.0011790106318937011 0.0062405401071461532 -0.0022358797300621432 0.00012719655954741561 -0.015776798067275371 -0.0080345108295067809 -0.007371301301903466 0.00014496384290051402
leaf_weight=1261 45 40 52 72 44 54 52 47 43 41 44 51 43 40
leaf_count=1261 45 40 52 72 44 54 52 47 43 41 44 51 43 40
internal_value=-0.000129601 0.00529412 -0.00037961 -0.000111607 0.000116279 0.000298329 -6.16523e-05 0.000262123 0.00725191 0.0125 -0.00520833 -0.000394265 0 -0.00783133
internal_weight=1929 85 1844 1792 1720 1676 1622 1526 131 88 96 1395 1344 83
internal_count=1929 85 1844 1792 1720 1676 1622 1526 131 88 96 1395 1344 83
is_linear=0
shrinkage=0.05


Tree=158
num_leaves=15
num_cat=0
split_feature=1 1 1 4 4 1 0 0 4 2 2 0 2 2
split_gain=0.814741 0.761082 2.67536 2.12552 1.76491 1.8172 1.06532 2.12473 1.94329 1.74462 1.68647 1.46886 3.54839 3.92857
threshold=0.99466160899732492 0.9186520315491703 0.88933691597811693 17.097500000000004 14.261500000000002 0.97505550290239451 33.255000000000003 35.160500000000006 13.840500000000002 0.98931017411165012 0.95760036582190977 29.703500000000002 0.81404609350821777 0.67209495862812607
decision_type=2 2 2 2 2 2 2 2 2 2 2 2 2 2
left_child=1 2 6 4 5 -3 9 8 -8 10 11 -1 13 -13
right_child=-2 3 -4 -5 -6 -7 7 -9 -10 -11 -12 12 -14 -15
leaf_value=-9.6992802985344798e-05 -0.00084096489233493894 -0.011110461270032151 -0.0030843278695951884 -0.0013106707514989352 0.016024160238252125 0.002704340263382227 -0.00010868818332006591 0.00031450084031781625 -0.0034799031402096728 0.0011998638483543213 -0.0060637666234474646 0.0017557957754028659 0.015329679306786866 -0.021092348933487926
leaf_weight=1196 72 66 43 42 42 45 44 79 40 56 49 70 45 40
leaf_count=1196 72 66 43 42 42 45 44 79 40 56 49 70 45 40
internal_value=-0.000336962 -0.000134626 -0.000481348 0.00282051 0.00555556 0.00225225 -0.000154416 -0.00398773 -0.00952381 0.000274725 -7.14286e-05 0.000259067 0.00483871 0
internal_weight=1929 1857 1662 195 153 111 1619 163 84 1456 1400 1351 155 110
internal_count=1929 1857 1662 195 153 111 1619 163 84 1456 1400 1351 155 110
is_linear=0
shrinkage=0.05


Tree=159
num_leaves=15
num_cat=0
split_feature=1 2 4 4 4 3 1 3 3 2 4 3 4 0
split_gain=0.831009 0.694253 1.08143 6.06699 3.39401 3.32144 3.22911 3.22659 4.94363 6.2207 4.522 2.72872 2.0149 2.25094
threshold=0.99466160899732492 -0.9951106240145321 18.970500000000005 18.429000000000006 19.726500000000005 99.983500000000006 -0.92913280730858794 1.0000000180025095e-35 90.359500000000011 -0.61626377254255749 23.459000000000003 99.202000000000012 13.170000000000002 16.729500000000005
decision_type=2 2 2 2 2 2 2 2 2 2 2 2 2 2
left_child=1 -1 3 5 -4 11 -6 -8 9 -9 -11 -3 13 -7
right_child=-2 2 4 -5 6 12 7 8 -10 10 -12 -13 -14 -15
leaf_value=-0.0018102682222096102 -0.00079891664771819396 -1.6629502645276739e-05 -0.0051084191023578768 0.0086214162314452985 0.0038092904860452556 0.022944392118421954 -0.011657473017618736 0.018619173369955801 -0.0069978865966590312 0.011552481117777897 -0.0055233635441614935 -0.0045190164920750064 0.0084772587635319977 -0.0069039844734367865
leaf_weight=71 72 1090 48 40 71 41 48 59 103 55 60 41 73 57
leaf_count=71 72 1090 48 40 71 41 48 59 103 55 60 41 73 57
internal_value=-0.000285122 -8.07754e-05 0.000111982 0.000819672 -0.00202703 0.000230415 -0.000505051 -0.00261538 -0.000541516 0.0045977 -0.00217391 -0.000751547 0.00672515 0.00204082
internal_weight=1929 1857 1786 1342 444 1302 396 325 277 174 115 1131 171 98
internal_count=1929 1857 1786 1342 444 1302 396 325 277 174 115 1131 171 98
is_linear=0
shrinkage=0.05


Tree=160
num_leaves=15
num_cat=0
split_feature=4 4 3 4 4 0 4 2 1 1 4 3 3 0
split_gain=0.626181 4.2888 3.59107 3.03587 6.34575 3.32748 2.92791 3.00093 2.66094 2.23114 1.96737 3.38872 2.01821 1.87701
threshold=16.620500000000003 17.547000000000004 74.569000000000017 15.577000000000004 15.237500000000002 12.599500000000001 22.444500000000001 -0.66248835645380588 -0.96683886033945943 -0.60434081882701107 23.045000000000005 1.7030000000000001 6.650500000000001 25.782500000000002
decision_type=2 2 2 2 2 2 2 2 2 2 2 2 2 2
left_child=3 -2 8 4 5 -1 9 -8 -3 -4 11 -10 -13 -12
right_child=1 2 6 -5 -6 -7 7 -9 10 -11 13 12 -14 -15
leaf_value=0.020353473455791669 -0.0076271041727499107 0.00434695770151192 -0.0015529767230326786 0.0069326047073251188 -0.010390408748880293 -2.5405149172282038e-05 0.0087949918628024287 -0.008613387940293888 -0.0024176879224037579 -0.014971404252542543 -0.0050099806188398238 0.012452390885191886 0.0044308848265971366 0.00168153124277321
leaf_weight=51 73 40 40 108 40 1065 41 79 78 59 77 49 79 50
leaf_count=51 73 40 40 108 40 1065 41 79 78 59 77 49 79 50
internal_value=-0.000336962 -0.00157895 -0.000168919 0.000316456 -0.000432526 0.000268817 -0.00525114 0 0.00281501 -0.0116162 0.00135135 0.00436893 0.009375 -0.00354331
internal_weight=1929 665 592 1264 1156 1116 219 120 373 99 333 206 128 127
internal_count=1929 665 592 1264 1156 1116 219 120 373 99 333 206 128 127
is_linear=0
shrinkage=0.05


Tree=161
num_leaves=15
num_cat=0
split_feature=1 2 1 1 1 2 4 3 2 2 3 4 4 3
split_gain=1.40325 4.05 2.34954 2.65188 2.37305 0.669383 1.5425 3.14684 3.53798 5.35756 2.56993 1.89044 1.77604 1.2789
threshold=-0.99052327954040364 1.0000000180025095e-35 -0.97873101657557338 -0.95747632178960107 -0.90880922144842613 -0.9951106240145321 20.441000000000006 90.359500000000011 0.46866798009266125 0.88637546977843906 14.201500000000001 24.139500000000002 19.413500000000003 92.931500000000014
decision_type=2 2 2 2 2 2 2 2 2 2 2 2 2 2
left_child=1 -1 -2 -4 -5 -6 12 8 10 -10 -8 -9 13 -7
right_child=2 -3 3 4 5 6 7 11 9 -11 -12 -13 -14 -15
leaf_value=0.0095523625314166642 -0.0044054939249646985 -0.010245183727585712 0.0048577415562052507 -0.012175221216382953 -0.0021795721138136077 -9.2243439758987747e-05 -7.5450609671006569e-05 -0.016172643662539465 -0.0062905081150307603 0.0052968926832935477 0.027327537502071553 -0.0011361693630931007 0.0063238357749664607 0.00076604648377355262
leaf_weight=40 40 40 49 76 71 989 60 44 45 41 44 57 50 283
leaf_count=40 40 40 49 76 71 989 60 44 45 41 44 57 50 283
internal_value=-0.000233281 0.00625 -0.000513791 -0.000248756 -0.000568182 -0.000178147 3.09981e-05 -0.0032646 0.000526316 -0.00697674 0.00673077 -0.010396 0.00075643 0.000393082
internal_weight=1929 80 1849 1809 1760 1684 1613 291 190 86 104 101 1322 1272
internal_count=1929 80 1849 1809 1760 1684 1613 291 190 86 104 101 1322 1272
is_linear=0
shrinkage=0.05


Tree=162
num_leaves=15
num_cat=0
split_feature=1 2 1 1 1 2 3 2 0 1 0 3 0 3
split_gain=1.31492 4.05 1.53953 2.15787 1.41265 1.04913 3.20261 1.14124 0.868165 2.85467 2.72693 1.8 1.18983 1.60749
threshold=-0.99052327954040364 1.0000000180025095e-35 -0.97873101657557338 -0.9523687564627995 -0.90880922144842613 0.98931017411165012 5.0900000000000007 0.97117852567439111 32.701500000000003 0.54817103930762578 31.653000000000002 1.9890000000000001 30.709500000000002 14.201500000000001
decision_type=2 2 2 2 2 2 2 2 2 2 2 2 2 2
left_child=1 -1 -2 -4 -5 7 -7 8 10 11 12 -10 13 -6
right_child=2 -3 3 4 5 6 -8 -9 9 -11 -12 -13 -14 -15
leaf_value=0.0090747444048458314 -0.0041852192287164637 -0.0097329245412064256 0.0019387147407528282 -0.013668436641152654 -0.00037288251573423326 0.0012080875405298787 -0.0020211738055353036 -0.0017991768929700169 -0.0094160678473639188 0.0014783037690220325 -0.007375228584516464 0.0032523022709522345 0.0069691230446689324 0.00038584383812207969
leaf_weight=40 40 40 59 66 612 45 40 52 40 58 50 40 58 689
leaf_count=40 40 40 59 66 612 45 40 52 40 58 50 40 58 689
internal_value=-2.59202e-05 0.00625 -0.000297458 -8.29187e-05 -0.0004 -0.000118765 0.00529412 -0.000406504 -0.000161603 0.00362319 -0.000532292 -0.0025 -0.000110375 -0.000422752
internal_weight=1929 80 1849 1809 1750 1684 85 1599 1547 138 1409 80 1359 1301
internal_count=1929 80 1849 1809 1750 1684 85 1599 1547 138 1409 80 1359 1301
is_linear=0
shrinkage=0.05


Tree=163
num_leaves=15
num_cat=0
split_feature=1 1 2 4 4 1 1 4 4 4 0 4 3 4
split_gain=1.21926 2.37908 1.91066 2.7465 1.25309 0.831988 1.63941 0.937978 3.53356 2.89861 3.17561 1.99004 3.61713 3.5618
threshold=-0.94130860066615807 -0.90880922144842613 0.0064435096891653281 18.778500000000005 15.736000000000002 0.99466160899732492 0.97505550290239451 9.4490000000000016 10.457000000000003 8.4820000000000011 14.817000000000002 6.597500000000001 0.17850000000000002 5.2545000000000011
decision_type=2 2 2 2 2 2 2 2 2 2 2 2 2 2
left_child=2 -2 3 -1 -4 6 7 9 -9 10 -3 12 -12 -14
right_child=1 5 4 -5 -6 -7 -8 8 -10 -11 11 -13 13 -15
leaf_value=0.00073867825411077235 -0.0190389031103287 -0.006576203643211021 0.00055848269896597582 0.011757253940281371 -0.0085091807028474086 -0.00073444426009900289 0.0022945708401717045 -0.006412066939542856 -8.6778499722078511e-05 0.007667237098741609 -0.0068016954392749731 0.0017764461380826047 0.0027758119332635918 -0.0010540976984052875
leaf_weight=62 47 52 46 41 49 72 79 80 1096 67 44 101 53 40
leaf_count=62 47 52 46 41 49 72 79 80 1096 67 44 101 53 40
internal_value=-0.000181441 -0.000606586 0.00353535 0.00825243 -0.00157895 -0.000296912 -6.20347e-05 -0.000424005 -0.00110544 0.00182073 -0.000344828 0.00210084 -0.00182482 0.00376344
internal_weight=1929 1731 198 103 95 1684 1612 1533 1176 357 290 238 137 93
internal_count=1929 1731 198 103 95 1684 1612 1533 1176 357 290 238 137 93
is_linear=0
shrinkage=0.05


Tree=164
num_leaves=15
num_cat=0
split_feature=2 4 2 0 0 2 0 0 1 0 2 0 1 2
split_gain=0.98713 1.95625 1.19606 0.919532 2.89122 3.10303 2.29917 1.14211 3.89606 3.01132 2.27463 2.73376 3.93125 2.45254
threshold=0.98931017411165012 13.410000000000002 0.97117852567439111 32.701500000000003 36.001000000000012 0.76725511167377736 31.653000000000002 29.602 0.83042381995921366 30.893000000000004 0.89420283937402645 27.997000000000003 0.66015212067123197 0.71541278717867718
decision_type=2 2 2 2 2 2 2 2 2 2 2 2 2 2
left_child=2 -2 3 6 5 -5 7 10 9 -9 11 13 -13 -1
right_child=1 -3 -4 4 -6 -7 -8 8 -10 -11 -12 12 -14 -15
leaf_value=3.160105344652553e-05 0.0010290161284606137 -0.0029782085884657531 -0.00172279560919692 -3.5876218040539752e-05 -0.0088792767262276442 0.0081393889818869632 -0.0065091636772933396 0.0055338747252872082 -0.0057010069852296702 0.00078843146368418884 -0.0072560900590444679 -0.0072197869692500749 0.00022148502089192198 0.011579142374522773
leaf_weight=1257 43 42 52 45 44 54 51 53 43 42 51 45 42 65
leaf_count=1257 43 42 52 45 44 54 51 53 43 42 51 45 42 65
internal_value=2.59202e-05 0.00529412 -0.00021692 0 0.00384615 0.00858586 -0.000333535 0 0.00434783 0.01 -0.000410959 -3.54862e-05 -0.00862069 0.000529501
internal_weight=1929 85 1844 1792 143 99 1649 1598 138 95 1460 1409 87 1322
internal_count=1929 85 1844 1792 143 99 1649 1598 138 95 1460 1409 87 1322
is_linear=0
shrinkage=0.05


Tree=165
num_leaves=15
num_cat=0
split_feature=4 4 4 3 3 1 4 3 4 4 4 0 4 0
split_gain=0.966187 3.54501 3.16087 3.01945 3.62568 1.09743 1.34914 2.10372 3.80827 3.65452 3.24897 2.82885 2.82649 2.59965
threshold=6.4340000000000011 6.9440000000000008 5.2545000000000011 1.9305000000000001 57.768000000000008 -0.99052327954040364 28.391000000000002 92.931500000000014 16.894000000000002 13.306000000000003 11.400500000000003 13.078000000000001 22.444500000000001 14.15
decision_type=2 2 2 2 2 2 2 2 2 2 2 2 2 2
left_child=2 -2 3 -1 -5 -3 7 11 9 10 -9 -7 -10 -13
right_child=1 5 -4 4 -6 6 -8 8 12 -11 -12 13 -14 -15
leaf_value=-0.0071672051274243188 0.001987804620194608 0.0022338128621581187 -0.0048288803654640729 0.0067635557206608497 -0.0018206416575989523 -0.0041900025572897213 -0.0010958942145307738 0.0015291922520021145 -0.0054156751660049633 0.016247361140627182 -0.0086807644213695422 0.0051522012897529529 0.0060122851092916573 -0.00018511154370071115
leaf_weight=40 40 79 64 40 41 87 57 86 79 89 52 64 68 1043
leaf_count=40 40 79 64 40 41 87 57 86 79 89 52 64 68 1043
internal_value=-7.77605e-05 0.000286697 -0.00351351 0.00123967 0.00679012 -5.86854e-05 -0.000338462 -6.37755e-05 0.00320856 0.00726872 0.00217391 -0.00108878 -0.00306122 -0.000406504
internal_weight=1929 1744 185 121 81 1704 1625 1568 374 227 138 1194 147 1107
internal_count=1929 1744 185 121 81 1704 1625 1568 374 227 138 1194 147 1107
is_linear=0
shrinkage=0.05


Tree=166
num_leaves=15
num_cat=0
split_feature=2 4 2 0 0 1 3 0 1 0 2 0 1 0
split_gain=1.5011 2.60194 1.16161 1.34815 2.21982 2.20926 3.39577 1.67173 2.96111 3.01132 2.15606 1.89714 3.38094 2.51598
threshold=0.98931017411165012 13.410000000000002 0.97117852567439111 32.701500000000003 31.653000000000002 0.54817103930762578 3.0915000000000004 29.602 0.83042381995921366 30.893000000000004 0.89420283937402645 27.997000000000003 0.64460769028158504 26.994000000000003
decision_type=2 2 2 2 2 2 2 2 2 2 2 2 2 2
left_child=2 -2 3 4 7 6 -5 10 9 -9 11 13 -13 -1
right_child=1 -3 -4 5 -6 -7 -8 8 -10 -11 -12 12 -14 -15
leaf_value=-5.3762592524849584e-05 0.00098682089922261804 -0.0028200425818574295 -0.0016274002515520359 -0.0095997885588779766 -0.0061744499162436298 0.00091500045534111953 0.0051287440536638227 0.0052664365662078829 -0.005406701058783151 0.00075826546768501403 -0.0068840299789072086 -0.0068495420436025306 0.00014063947763094388 0.0088293154613658751
leaf_weight=1282 43 42 52 43 51 58 42 53 43 42 51 43 44 40
leaf_count=1282 43 42 52 43 51 58 42 53 43 42 51 43 44 40
internal_value=-2.59202e-05 0.00647059 -0.00032538 -0.000111607 -0.000515464 0.00454545 -0.000588235 -0.000187735 0.00507246 0.01 -0.000684932 -0.000319375 -0.00747126 0.000151286
internal_weight=1929 85 1844 1792 1649 143 85 1598 138 95 1460 1409 87 1322
internal_count=1929 85 1844 1792 1649 143 85 1598 138 95 1460 1409 87 1322
is_linear=0
shrinkage=0.05


Tree=167
num_leaves=15
num_cat=0
split_feature=2 4 2 2 4 1 1 3 0 2 1 0 3 0
split_gain=1.5011 2.60194 1.16161 1.14644 1.04992 3.2326 2.51905 2.60859 5.69555 1.91832 3.4922 4.36146 2.73126 1.87387
threshold=0.98931017411165012 13.410000000000002 0.97117852567439111 -0.9951106240145321 20.441000000000006 -0.92913280730858794 -0.63874350706337046 90.359500000000011 20.129000000000001 0.77275363110444695 -0.43664718845046319 28.225000000000005 3.0200000000000005 30.545500000000004
decision_type=2 2 2 2 2 2 2 2 2 2 2 2 2 2
left_child=2 -2 3 -1 9 -6 -7 8 -8 13 -11 -12 -13 -5
right_child=1 -3 -4 4 5 6 7 -9 -10 10 11 12 -14 -15
leaf_value=-0.0022247030324548918 0.00093747985426149158 -0.0026790404527645586 -0.0015460302389744386 0.0001195758982747222 0.0031932042220126234 -0.0073449802460855964 0.01824756305455074 -0.0073193001996063939 -0.0012357621072917374 0.01311819004259984 -0.0078403060180392958 -0.0014388306057444124 0.01470843257424179 -0.0023519761155949993
leaf_weight=71 43 42 52 1064 64 70 54 74 82 46 40 57 54 116
leaf_count=71 43 42 52 1064 64 70 54 74 82 46 40 57 54 116
internal_value=-2.59202e-05 0.00647059 -0.00032538 -0.000111607 0.000145264 -0.00232558 -0.00464286 -0.00190476 0.00220588 0.000762527 0.00532995 0.00165563 0.00675676 0
internal_weight=1929 85 1844 1792 1721 344 280 210 136 1377 197 151 111 1180
internal_count=1929 85 1844 1792 1721 344 280 210 136 1377 197 151 111 1180
is_linear=0
shrinkage=0.05


Tree=168
num_leaves=15
num_cat=0
split_feature=2 4 2 0 1 3 0 0 1 0 2 0 2 1
split_gain=1.45357 2.60194 1.19606 1.2843 3.33786 2.63498 2.27257 1.59313 2.96111 3.01132 1.44767 1.36813 2.65234 2.63034
threshold=0.98931017411165012 13.410000000000002 0.97117852567439111 32.701500000000003 0.54817103930762578 3.0915000000000004 31.653000000000002 29.602 0.83042381995921366 30.893000000000004 0.89420283937402645 27.997000000000003 0.71541278717867718 0.64460769028158504
decision_type=2 2 2 2 2 2 2 2 2 2 2 2 2 2
left_child=2 -2 3 6 5 -5 7 10 9 -9 11 12 -1 -13
right_child=1 -3 -4 4 -6 -7 -8 8 -10 -11 -12 13 -14 -15
leaf_value=-8.4916130311313292e-05 0.00089060586154842141 -0.00254508843012633 -0.0014687287270257145 -0.0090478576006468581 0.00096402060060755143 0.0051140887588606663 -0.0058533744653393562 0.0049647119798356234 -0.0050187672000642451 0.00081004564987293283 -0.0072752501086739366 -0.0065130437363361444 0.010629763165277964 0.00012762870883566146
leaf_weight=1257 43 42 52 43 58 42 51 53 43 42 51 43 65 44
leaf_count=1257 43 42 52 43 58 42 51 53 43 42 51 43 65 44
internal_value=7.77605e-05 0.00647059 -0.00021692 0 0.00454545 -0.00176471 -0.000394178 -6.25782e-05 0.00507246 0.01 -0.000547945 -0.000248403 0.000151286 -0.00632184
internal_weight=1929 85 1844 1792 143 85 1649 1598 138 95 1460 1409 1322 87
internal_count=1929 85 1844 1792 143 85 1649 1598 138 95 1460 1409 1322 87
is_linear=0
shrinkage=0.05


Tree=169
num_leaves=15
num_cat=0
split_feature=2 4 2 2 0 0 2 2 2 4 4 0 3 3
split_gain=1.47724 2.60194 1.17877 1.16708 0.890485 3.52947 1.57443 3.55494 3.46104 1.22042 3.57466 2.56697 2.2443 3.49043
threshold=0.98931017411165012 13.410000000000002 0.97117852567439111 -0.9951106240145321 36.001000000000012 33.95300000000001 0.94147585758598662 0.89420283937402645 0.8433585485889844 25.320500000000006 21.886000000000006 31.266000000000002 99.983500000000006 98.862000000000009
decision_type=2 2 2 2 2 2 2 2 2 2 2 2 2 2
left_child=2 -2 3 -1 5 6 7 8 9 10 11 12 13 -5
right_child=1 -3 -4 4 -6 -7 -8 -9 -10 -11 -12 -13 -14 -15
leaf_value=-0.0021092220743165828 0.00084607556847100536 -0.0024178340086200125 -0.0013952922906744327 4.9803745768883108e-05 -0.0075063839919538716 0.0038831521174942786 0.0054389609886057516 -0.0055011171668772566 0.016527545971142265 0.0030679559257865835 -0.005738450841008047 -0.011527439434002874 0.0052564862526130523 -0.0041095131064034949
leaf_weight=71 43 42 52 970 44 54 42 47 42 121 115 71 166 49
leaf_count=71 43 42 52 970 44 54 42 47 42 121 115 71 166 49
internal_value=2.59202e-05 0.00647059 -0.00027115 -5.58036e-05 0.00020337 0.000387597 -3.08071e-05 -0.00028463 0.000130378 -0.000268097 -0.000692925 7.96178e-05 0.000632911 -0.000245339
internal_weight=1929 85 1844 1792 1721 1677 1623 1581 1534 1492 1371 1256 1185 1019
internal_count=1929 85 1844 1792 1721 1677 1623 1581 1534 1492 1371 1256 1185 1019
is_linear=0
shrinkage=0.05


Tree=170
num_leaves=15
num_cat=0
split_feature=2 4 4 4 4 0 3 3 0 0 0 2 3 1
split_gain=1.09885 0.941625 2.86019 2.79988 3.58925 3.25115 3.01369 5.31807 2.06743 4.88779 3.48182 3.07323 2.5751 2.00832
threshold=-0.9951106240145321 18.970500000000005 18.272000000000002 19.726500000000005 20.441000000000006 14.037000000000001 71.33150000000002 99.202000000000012 14.078500000000002 14.740500000000003 15.474500000000001 -0.87620967433411445 6.0085000000000006 -0.97109105924028405
decision_type=2 2 2 2 2 2 2 2 2 2 2 2 2 2
left_child=-1 2 8 -3 -5 -6 -7 -8 11 -10 -11 12 -2 -12
right_child=1 3 -4 4 5 6 7 -9 9 10 13 -13 -14 -15
leaf_value=-0.0020037609706007541 0.011479150171280195 -0.0044449955195932202 0.0075826256551678505 0.026674001189176667 -0.0083131257215022982 0.0013687451915646383 -0.013074909682157533 0.0074679945857013047 -0.01808081747635993 0.0082554403288094547 -0.0029224573278561388 0.0070148841541360727 -0.0052554942289711731 1.4005680764039853e-07
leaf_weight=71 47 49 55 41 57 198 51 60 45 58 68 45 55 1029
leaf_count=71 47 49 55 41 57 198 51 60 45 58 68 45 55 1029
internal_value=-0.000233281 0 0.00064194 -0.00197368 -0.000614251 -0.00218579 -0.000161812 -0.00675676 0.000185598 -0.0005 0.00012987 0.00578231 0.000980392 -0.000501367
internal_weight=1929 1858 1402 456 407 366 309 111 1347 1200 1155 147 102 1097
internal_count=1929 1858 1402 456 407 366 309 111 1347 1200 1155 147 102 1097
is_linear=0
shrinkage=0.05


Tree=171
num_leaves=15
num_cat=0
split_feature=2 2 0 3 4 1 2 2 4 4 3 3 4 1
split_gain=1.06013 3.67718 2.72555 4.97294 2.48537 4.18555 2.4796 3.59669 3.27804 2.40607 4.35883 1.61526 1.77181 2.67971
threshold=-0.38168922026665913 -0.44437817810461328 17.075000000000003 96.357000000000014 8.8820000000000014 0.047250493887438572 -0.6815963802609516 -0.74189640036816351 22.937000000000001 16.740000000000006 30.534500000000005 0.17850000000000002 20.984500000000004 -0.6118807350392268
decision_type=2 2 2 2 2 2 2 2 2 2 2 2 2 2
left_child=1 2 6 4 -4 -6 7 8 9 -1 -11 12 13 -2
right_child=11 -3 3 -5 5 -7 -8 -9 -10 10 -12 -13 -14 -15
leaf_value=-0.00043226692826214418 -0.0024372972139099836 -0.016086022767178347 -0.0027982844396754534 -0.0040009050983503191 0.00050696890239077463 0.0084419425035854208 -0.0056460087120742825 0.0067883604277416097 0.0064104769871238922 -0.002138712933508276 -0.0301133320933369 0.00048334874015984328 0.0023553899287782096 -6.9313035754670077e-05
leaf_weight=262 60 44 45 40 65 78 59 40 57 43 42 834 44 216
leaf_count=262 60 44 45 40 65 78 59 40 57 43 42 834 44 216
internal_value=-0.000440643 -0.00187097 -0.00102599 0.00350877 0.00691489 0.0101399 -0.00308151 -0.0018018 -0.00321782 -0.00504323 -0.0123529 0.000519931 -0.0025 -0.00398551
internal_weight=1929 775 731 228 188 143 503 444 404 347 85 1154 320 276
internal_count=1929 775 731 228 188 143 503 444 404 347 85 1154 320 276
is_linear=0
shrinkage=0.05


Tree=172
num_leaves=15
num_cat=0
split_feature=1 1 2 1 1 0 3 4 4 1 4 0 3 3
split_gain=0.932514 3.43185 3.2 2.62639 1.28494 4.42363 4.06027 3.31486 4.09699 1.98578 1.92757 1.79135 1.46244 2.9009
threshold=-0.99052327954040364 -0.97873101657557338 1.0000000180025095e-35 -0.95747632178960107 -0.63874350706337046 17.360000000000003 53.003000000000007 16.5425 22.444500000000001 -0.48941038753127697 11.723500000000003 17.841500000000003 3.5465000000000004 0.64750000000000008
decision_type=2 2 2 2 2 2 2 2 2 2 2 2 2 2
left_child=2 -2 -1 -3 5 6 -5 10 -9 11 -7 -6 13 -11
right_child=1 3 -4 4 9 7 -8 8 -10 12 -12 -13 -14 -15
leaf_value=0.0084000345953606208 -0.0037844898736946911 0.0034454007415906929 -0.0087907037460334819 -0.0010578211454417563 -0.00064399921099718991 -0.0036080629832543122 0.0052963981860586823 0.003101210508109309 -0.0058189509581544133 -5.1992905797026984e-05 -0.011174083802698071 0.0073736457930359883 9.052367908009008e-05 -0.0046407405166179862
leaf_weight=40 40 49 40 52 41 79 45 52 46 413 58 61 833 80
leaf_count=40 40 49 40 52 41 79 45 52 46 413 58 61 833 80
internal_value=-0.000285122 -0.000513791 0.005 -0.000193477 -0.000511364 -0.00331325 0.0056701 -0.00702128 0 0.000140056 -0.0120438 0.00686275 -0.000377074 -0.0025355
internal_weight=1929 1849 80 1809 1760 332 97 235 98 1428 137 102 1326 493
internal_count=1929 1849 80 1809 1760 332 97 235 98 1428 137 102 1326 493
is_linear=0
shrinkage=0.05


Tree=173
num_leaves=15
num_cat=0
split_feature=1 2 0 1 2 2 3 3 3 4 2 2 4 1
split_gain=1.18549 2.77811 2.98633 2.40392 1.60957 1.10346 1.07093 2.49405 3.67644 3.04383 2.81203 5.22254 2.98177 2.18161
threshold=-0.94130860066615807 0.0064435096891653281 20.539000000000005 -0.90880922144842613 0.19429706169951341 -0.9951106240145321 1.7030000000000001 7.1065000000000014 14.201500000000001 6.2925000000000013 -0.83160410544417529 -0.30081980763566774 13.410000000000002 0.83753161698751566
decision_type=2 2 2 2 2 2 2 2 2 2 2 2 2 2
left_child=1 2 -1 -2 -3 -5 -7 10 -9 -10 -8 -12 -13 -11
right_child=3 4 -4 5 -6 6 7 8 9 13 11 12 -14 -15
leaf_value=0.00074078095231369732 -0.017148052982277836 -0.0074186742297570555 0.0042322637228190355 -0.0018864857596116143 0.00029120525253475971 -0.00021281149053051785 0.017564053538025828 -0.0025431440617431494 -0.0046362603588294641 0.0011785279281563705 -0.005368234460424573 0.0044756125466128551 0.00047453229039727822 -0.0019913817432910207
leaf_weight=58 47 55 45 71 40 509 55 72 84 566 47 54 65 161
leaf_count=58 47 55 45 71 40 509 55 72 84 566 47 54 65 161
internal_value=-0.000129601 0.00353535 0.0092233 -0.000548816 -0.00263158 -0.00023753 3.09981e-05 0.000905797 -0.000283126 0.000678175 0.00565611 0.00240964 0.00798319 0.00171939
internal_weight=1929 198 103 1731 95 1684 1613 1104 883 811 221 166 119 727
internal_count=1929 198 103 1731 95 1684 1613 1104 883 811 221 166 119 727
is_linear=0
shrinkage=0.05


Tree=174
num_leaves=15
num_cat=0
split_feature=1 0 2 1 0 4 4 2 3 3 1 1 1 3
split_gain=0.940048 2.87509 2.91578 2.37908 2.13056 1.07259 3.45031 1.95085 1.57573 3.05857 2.15849 4.5014 3.95145 2.98308
threshold=-0.94130860066615807 25.603000000000005 -0.062278703982132359 -0.90880922144842613 20.750000000000004 5.2545000000000011 6.4340000000000011 0.1093682717844857 26.429000000000002 35.660000000000004 0.1837425755813806 0.85581839891307976 0.95236875646279973 54.722000000000001
decision_type=2 2 2 2 2 2 2 2 2 2 2 2 2 2
left_child=1 2 -1 -2 -4 7 -7 -5 -8 -10 13 -12 -13 -11
right_child=3 -3 4 5 -6 6 8 -9 9 10 11 12 -14 -15
leaf_value=0.0024616797474483602 -0.016290650333163945 0.0015274918240314906 0.002223272889954575 -0.00022958454931080175 -0.014909117951901037 -0.0056130478656258647 -0.00036280455433602147 0.0025791143642361711 0.010429531580471441 -0.0072710626728807294 0.0036412932535360904 -0.018873733481122597 0.0016365703119984199 -0.00010808510542723304
leaf_weight=70 47 47 41 71 40 61 811 43 40 47 214 51 75 271
leaf_count=70 47 47 41 71 40 61 811 43 40 47 214 51 75 271
internal_value=-0.000233281 0.0030303 -0.000331126 -0.000606586 -0.00679012 -0.000296912 -0.000636943 0.00438596 -0.000165673 0.00157593 0.000759878 0.00352941 -0.00396825 -0.00220126
internal_weight=1929 198 151 1731 81 1684 1570 114 1509 698 658 340 126 318
internal_count=1929 198 151 1731 81 1684 1570 114 1509 698 658 340 126 318
is_linear=0
shrinkage=0.05


Tree=175
num_leaves=15
num_cat=0
split_feature=1 0 2 1 2 4 4 4 2 3 2 0 3 0
split_gain=1.13261 1.70707 0.901437 3.4722 2.46215 2.28139 1.61075 3.77435 4.48427 1.75801 1.35129 3.40053 4.36892 2.27017
threshold=-0.9852109833579612 20.970500000000005 0.77275363110444695 -0.4283365962216687 0.67844406397199097 8.0105000000000022 12.307 14.206500000000002 0.94698775307607519 18.803000000000004 0.46105717635705401 31.653000000000002 65.018000000000015 25.368500000000001
decision_type=2 2 2 2 2 2 2 2 2 2 2 2 2 2
left_child=1 -1 4 -4 10 -5 -7 -8 -9 -10 13 12 -12 -2
right_child=2 -3 3 5 -6 6 7 8 9 -11 11 -13 -14 -15
leaf_value=0.0050281960549745548 -4.1995174516941229e-05 -0.00021304530173980041 0.0077839287700091258 0.0023506726681505777 -0.0011288400170386349 -0.0010974964031264522 0.015715290356520029 -0.0083132028545858661 -0.002250120329828098 0.0055488369830346222 -6.3704360876881695e-06 -0.0062665366900503732 0.011387703315909936 -0.0021009627165795492
leaf_weight=45 1020 55 66 60 77 75 41 59 47 41 62 49 47 185
leaf_count=45 1020 55 66 60 77 75 41 59 47 41 62 49 47 185
internal_value=-0.000181441 0.005 -0.000464735 0.00167095 -0.00104167 -0.000464396 -0.00247148 0 -0.0037415 0.00340909 -0.000550257 0.00379747 0.0087156 -0.00112033
internal_weight=1929 100 1829 389 1440 323 263 188 147 88 1363 158 109 1205
internal_count=1929 100 1829 389 1440 323 263 188 147 88 1363 158 109 1205
is_linear=0
shrinkage=0.05


Tree=176
num_leaves=15
num_cat=0
split_feature=1 0 2 1 0 1 4 4 1 4 1 2 0 0
split_gain=1.18549 2.61247 2.42195 2.40392 1.52439 1.18669 1.47959 1.39961 1.93537 1.6947 2.20725 2.12184 1.63639 5.41663
threshold=-0.94130860066615807 25.603000000000005 -0.062278703982132359 -0.90880922144842613 20.750000000000004 -0.82391537601316189 16.5425 26.398000000000003 -0.7146667679788683 21.669500000000003 0.77682398610090087 -0.9951106240145321 14.078500000000002 14.867000000000003
decision_type=2 2 2 2 2 2 2 2 2 2 2 2 2 2
left_child=1 2 -1 -2 -4 6 -5 8 -7 11 -11 -10 -13 -14
right_child=3 -3 4 5 -6 7 -8 -9 9 10 -12 12 13 -15
leaf_value=0.0023449717719823573 -0.015474018057779901 0.0015561653686588907 0.0018606994427081179 -0.00011255131239836376 -0.014153009789218997 -0.0027644569614362433 0.0026342145829404643 -0.00050286740004958639 -0.0078754551714660514 0.0053892594354955168 -0.0043182454874502131 0.00137709757292811 -0.0078998071272780735 5.3162777751313009e-05
leaf_weight=70 47 47 41 58 40 87 40 77 55 116 40 155 58 998
leaf_count=70 47 47 41 58 40 87 40 77 55 116 40 155 58 998
internal_value=-0.000129601 0.00353535 0.000331126 -0.000548816 -0.00555556 -0.00023753 0.00510204 -0.000567465 -0.000231942 0.00021097 0.00512821 -0.000394945 4.12882e-05 -0.000662879
internal_weight=1929 198 151 1731 81 1684 98 1586 1509 1422 156 1266 1211 1056
internal_count=1929 198 151 1731 81 1684 98 1586 1509 1422 156 1266 1211 1056
is_linear=0
shrinkage=0.05


Tree=177
num_leaves=15
num_cat=0
split_feature=1 2 1 1 0 4 1 0 0 1 2 2 1 0
split_gain=0.764806 2.52815 1.99008 1.91958 2.21253 1.60998 1.10451 0.951293 2.58998 2.19847 4.85529 1.02762 2.56841 2.1014
threshold=-0.92913280730858794 -0.19851654827941614 -0.89391031859722847 -0.9852109833579612 20.970500000000005 28.745000000000001 -0.82391537601316189 32.701500000000003 31.653000000000002 0.030073020370188292 0.8433585485889844 0.92933244589178743 -0.073094453017891248 28.600500000000004
decision_type=2 2 2 2 2 2 2 2 2 2 2 2 2 2
left_child=1 -1 -2 4 -3 6 -4 8 11 -9 -11 13 -13 -8
right_child=2 3 5 -5 -6 -7 7 9 -10 10 -12 12 -14 -15
leaf_value=0.0023502537706851512 -0.013294547664343898 0.0046595376636267118 0.001531591226585971 -0.0019455750178379639 -0.00031964162525192631 -0.00036379513118125416 3.3499585059493242e-05 0.0022100903308844067 -0.0057372975811753437 0.002345179880558418 -0.0081802682348218747 0.0065146110666985503 -0.00026523045146136236 -0.00089732244772811054
leaf_weight=53 48 45 73 63 55 40 1047 57 61 58 71 51 61 146
leaf_count=53 48 45 73 63 55 40 1047 57 61 58 71 51 61 146
internal_value=-2.59202e-05 0.00277778 -0.000379451 -0.000306748 0.004 -9.00901e-05 0.000153846 -0.000128866 -0.000585652 0.00322581 -0.000387597 -0.000114943 0.00446429 -0.000544845
internal_weight=1929 216 1713 163 100 1665 1625 1552 1366 186 129 1305 112 1193
internal_count=1929 216 1713 163 100 1665 1625 1552 1366 186 129 1305 112 1193
is_linear=0
shrinkage=0.05


Tree=178
num_leaves=15
num_cat=0
split_feature=1 2 0 1 4 1 4 4 4 2 4 4 0 0
split_gain=0.764806 2.52815 1.84694 1.85949 1.56402 1.13547 0.79118 1.42935 1.61365 1.46679 2.00099 1.53665 1.21951 1.16505
threshold=-0.92913280730858794 -0.19851654827941614 24.451500000000006 -0.99052327954040364 28.391000000000002 -0.89391031859722847 25.137000000000004 23.045000000000005 21.669500000000003 -0.9951106240145321 20.441000000000006 19.413500000000003 19.572000000000003 14.078500000000002
decision_type=2 2 2 2 2 2 2 2 2 2 2 2 2 2
left_child=1 -1 3 -3 5 -2 7 8 9 -7 11 13 -8 -11
right_child=4 2 -4 -5 -6 6 12 -9 -10 10 -12 -13 -14 -15
leaf_value=0.0022327410821508936 -0.012487091564015108 0.0018279311323676529 0.0009471789993270197 -0.0040447244100703331 -0.00037518311091507277 -0.0074833573921457234 0.00726140318533465 -0.0033552961714955957 0.0022465823036197808 0.0021910050755756714 -0.0038148427133751386 0.0061097786003582238 -0.00028069397437229806 -3.6083730240213384e-05
leaf_weight=53 43 56 60 47 49 55 41 70 62 153 43 49 41 1107
leaf_count=53 43 56 60 47 49 55 41 70 62 153 43 49 41 1107
internal_value=-2.59202e-05 0.00277778 -0.000306748 -0.00436893 -0.000379451 -0.000120192 9.25355e-05 -0.000162443 0.000170184 -0.000177683 0.000147929 0.000496562 0.00487805 0.00015873
internal_weight=1929 216 163 103 1713 1664 1621 1539 1469 1407 1352 1309 82 1260
internal_count=1929 216 163 103 1713 1664 1621 1539 1469 1407 1352 1309 82 1260
is_linear=0
shrinkage=0.05


Tree=179
num_leaves=15
num_cat=0
split_feature=1 1 2 4 1 4 4 4 2 4 4 0 2 0
split_gain=0.79335 1.86243 2.97957 1.54335 1.11852 0.81171 1.40286 1.6416 1.44086 1.9732 1.5638 1.21951 1.14412 3.55114
threshold=-0.92913280730858794 -0.96683886033945943 0.0064435096891653281 28.391000000000002 -0.89391031859722847 25.137000000000004 23.045000000000005 21.669500000000003 -0.9951106240145321 20.441000000000006 19.413500000000003 19.572000000000003 -0.25119006388481929 22.075500000000002
decision_type=2 2 2 2 2 2 2 2 2 2 2 2 2 2
left_child=1 2 -1 4 -2 6 7 8 -6 10 12 -7 13 -10
right_child=3 -3 -4 -5 5 11 -8 -9 9 -11 -12 -13 -14 -15
leaf_value=0.0021130376520932361 -0.011862736985814349 0.0016503180992995692 -0.007222647981520486 -0.00035642395536931857 -0.0071091895225384397 0.0068983330260679182 -0.0031875313629208153 0.0021342531884387928 -8.0850321721318707e-05 -0.0036241005777063826 0.0058042896703403126 -0.00026665927565368286 0.00030124155978489557 -0.011675455054127176
leaf_weight=78 43 67 71 49 55 41 70 62 528 43 49 41 684 48
leaf_count=78 43 67 71 49 55 41 70 62 528 43 49 41 684 48
internal_value=-7.77605e-05 0.00277778 -0.00033557 -0.000437828 -0.000180288 3.08452e-05 -0.00022742 0.00010211 -0.000248756 7.39645e-05 0.000420168 0.00487805 7.93651e-05 -0.0015625
internal_weight=1929 216 149 1713 1664 1621 1539 1469 1407 1352 1309 82 1260 576
internal_count=1929 216 149 1713 1664 1621 1539 1469 1407 1352 1309 82 1260 576
is_linear=0
shrinkage=0.05


Tree=180
num_leaves=15
num_cat=0
split_feature=1 2 4 1 0 1 4 0 4 4 4 2 0 2
split_gain=0.709287 1.62249 1.60578 1.41164 2.21253 1.16976 0.750909 1.21951 0.946992 1.58594 1.34533 1.48968 4.27701 3.54747
threshold=-0.92913280730858794 -0.19851654827941614 28.391000000000002 -0.9852109833579612 20.970500000000005 -0.89391031859722847 25.137000000000004 19.572000000000003 23.045000000000005 21.669500000000003 20.441000000000006 -0.74189640036816351 15.474500000000001 -0.83160410544417529
decision_type=2 2 2 2 2 2 2 2 2 2 2 2 2 2
left_child=1 -1 5 4 -3 -2 8 -8 9 10 11 13 -13 -7
right_child=2 3 -4 -5 -6 6 7 -9 -10 -11 -12 12 -14 -15
leaf_value=0.0020385881230783722 -0.011269600136523629 0.0043352163671422526 -0.00033860275760085328 -0.0015345228178363923 -0.00020707520609047626 -2.4725199082017288e-05 0.0065534163747645235 -0.00025332631187099941 -0.0030281547947747741 0.0020275405290168546 -0.0033900659893179226 0.0068328109663019672 4.6944326485576228e-05 -0.0044860468792205623
leaf_weight=53 43 45 49 63 55 316 41 41 70 62 48 47 915 81
leaf_count=53 43 45 49 63 55 316 41 41 70 62 48 47 915 81
internal_value=7.77605e-05 0.00277778 -0.000262697 0.000306748 0.004 0 0.000215916 0.00487805 -3.24886e-05 0.000238257 -0.00010661 0.000183959 0.0012474 -0.00239295
internal_weight=1929 216 1713 163 100 1664 1621 82 1539 1469 1407 1359 962 397
internal_count=1929 216 1713 163 100 1664 1621 82 1539 1469 1407 1359 962 397
is_linear=0
shrinkage=0.05


Tree=181
num_leaves=15
num_cat=0
split_feature=3 0 0 4 4 0 2 4 2 3 3 4 4 1
split_gain=0.599112 3.27134 3.99949 2.70813 4.53504 3.20856 4.3126 2.93263 2.45 1.75316 2.71537 3.30418 6.66278 4.19594
threshold=92.931500000000014 12.921500000000002 14.078500000000002 18.123500000000003 13.306000000000003 22.640500000000007 -0.74189640036816351 14.555500000000002 -0.95380106782931873 6.3145000000000007 0.17850000000000002 15.992000000000003 13.895500000000002 -0.31676515716386833
decision_type=2 2 2 2 2 2 2 2 2 2 2 2 2 2
left_child=1 -1 8 4 5 6 -2 -6 -3 10 -4 12 -12 -13
right_child=3 2 9 -5 7 -7 -8 -9 -10 -11 11 13 -14 -15
leaf_value=-0.003859978465560797 -0.0052556759592458265 0.00064306471565682075 -0.0001967214457859523 -0.0023117406031057165 0.030332776285661747 -0.0013815920927284092 0.0090621684445312944 0.002102120965409546 0.011087263507990636 -0.00044227879622195935 0.0014190344566283155 0.0056581490367302173 -0.0087442804585938835 0.00056179809431174674
leaf_weight=80 75 40 467 167 41 68 57 76 40 510 156 48 42 62
leaf_count=80 75 40 467 167 41 68 57 76 40 510 156 48 42 62
internal_value=0.000336962 -0.00017301 0.00040293 0.0018595 0.00457413 0 0.00454545 0.0123932 0.01125 -0.000272374 0.00122581 0.00487013 0.0010101 0.0118182
internal_weight=1929 1445 1365 484 317 200 132 117 80 1285 775 308 198 110
internal_count=1929 1445 1365 484 317 200 132 117 80 1285 775 308 198 110
is_linear=0
shrinkage=0.05


Tree=182
num_leaves=15
num_cat=0
split_feature=4 1 0 3 4 0 0 3 4 1 4 2 0 1
split_gain=1.06364 0.823431 2.83764 2.92281 4.76463 5.14619 4.58264 4.56107 3.47543 1.83693 3.09259 2.40684 1.55152 1.099
threshold=3.7070000000000003 0.73465119469809237 20.129000000000001 57.768000000000008 8.9650000000000016 22.640500000000007 26.216500000000003 95.58750000000002 14.364000000000003 0.53371312107676727 17.297500000000003 0.69097237642859677 18.476000000000003 0.41274032740354816
decision_type=2 2 2 2 2 2 2 2 2 2 2 2 2 2
left_child=-1 9 12 4 -4 -6 -7 -5 -8 13 11 -11 -3 -2
right_child=1 2 3 7 5 6 8 -9 -10 10 -12 -13 -14 -15
leaf_value=-0.00039313760020650017 -2.3355328168025993e-05 0.00030147009715293833 0.0080850158336224897 -0.0029926739447960512 -0.010299491020318369 0.0052329201083515763 -0.010410352232742157 0.0048615794116463806 0.0021072184002535223 -0.010285239795917134 0.0065010064902761679 -9.5716734597073305e-05 0.014265721849431935 0.0021488361339223453
leaf_weight=49 1167 48 49 59 41 69 46 66 50 65 49 45 40 86
leaf_count=49 1167 48 49 59 41 69 46 66 50 65 49 45 40 86
internal_value=0.000129601 0.000319149 0.00213675 0.000263158 0.00333333 0 0.00393939 -0.006 -0.003125 -0.000283286 -0.00534591 -0.01 0.0102273 0.000359138
internal_weight=1929 1880 468 380 255 206 165 125 96 1412 159 110 88 1253
internal_count=1929 1880 468 380 255 206 165 125 96 1412 159 110 88 1253
is_linear=0
shrinkage=0.05


Tree=183
num_leaves=15
num_cat=0
split_feature=4 4 0 1 1 3 3 1 1 1 1 1 4 4
split_gain=1.02376 3.04228 3.17322 2.45626 2.45947 2.22731 5.41879 2.03064 1.48506 1.99663 5.07021 2.51978 1.55037 1.68451
threshold=8.4820000000000011 9.5945000000000018 19.918000000000003 -0.70252096857941237 -0.29259762607704948 98.179000000000016 61.944500000000012 0.849084144669916 -0.99052327954040364 -0.96683886033945943 -0.92913280730858794 -0.87795195455888908 28.391000000000002 10.457000000000003
decision_type=2 2 2 2 2 2 2 2 2 2 2 2 2 2
left_child=3 2 -2 -1 -5 6 7 -6 -3 -10 -11 -12 13 -13
right_child=1 8 -4 4 5 -7 -8 -9 9 10 11 12 -14 -15
leaf_value=-0.0044684736619702292 0.022087604956651866 0.0023016620800120125 0.00028967937178709936 0.0019716771416298908 -0.00055388481766194264 0.0029891570955540847 -0.010123234682452353 0.0035466001684989197 -0.00136117513106295 0.011601937486199738 -0.0093999141783477711 -0.0041190699018761575 -0.00028236821668260265 0.00018360991862017008
leaf_weight=69 40 70 49 41 107 45 41 50 59 52 54 83 42 1127
leaf_count=69 40 70 49 41 107 45 41 50 59 52 54 83 42 1127
internal_value=2.59202e-05 0.000571066 0.00955056 -0.00240793 -0.000352113 -0.00226337 -0.00454545 -0.000318471 3.36247e-05 -0.000317572 7.36377e-05 -0.000535988 -7.98722e-05 0.000247934
internal_weight=1929 1576 89 353 284 243 198 157 1487 1417 1358 1306 1252 1210
internal_count=1929 1576 89 353 284 243 198 157 1487 1417 1358 1306 1252 1210
is_linear=0
shrinkage=0.05


Tree=184
num_leaves=15
num_cat=0
split_feature=4 3 1 4 4 3 4 4 3 4 3 4 4 3
split_gain=0.908754 2.47367 2.89615 1.77455 1.80397 3.95769 1.94479 2.50048 2.17451 1.28518 6.56626 3.39751 4.32172 3.37026
threshold=6.4340000000000011 81.590000000000018 0.59055600833485278 7.112000000000001 8.4820000000000011 3.0915000000000004 9.8225000000000016 10.155500000000002 2.4400000000000004 16.620500000000003 72.959000000000017 11.400500000000003 12.948000000000002 4.9970000000000008
decision_type=2 2 2 2 2 2 2 2 2 2 2 2 2 2
left_child=1 2 -1 -2 5 -5 8 -8 -6 10 -9 -12 -13 -11
right_child=3 -3 -4 4 6 -7 7 9 -10 13 11 12 -14 -15
leaf_value=0.001757467278340233 0.0014824161411960879 -0.0066694985111950909 -0.0059097007998557514 0.0020797392435232295 -0.00075148050896871462 -0.0043237484497804669 -0.0053233256389773392 -0.00030973170646155516 0.0082473508962271676 0.0010634461497467732 0.019180813855171442 -0.0078475566915394701 0.0083861411693145656 -0.0012605930167507023
leaf_weight=76 56 58 51 52 42 60 40 524 71 202 42 47 145 463
leaf_count=76 56 58 51 52 42 60 40 524 71 202 42 47 145 463
internal_value=-0.000181441 -0.00351351 0.000393701 0.000172018 -0.000118483 -0.00625 0.000317259 -0.000170882 0.00663717 0.000175685 0.00158311 0.00854701 0.00572917 -0.00142857
internal_weight=1929 185 127 1744 1688 112 1576 1463 113 1423 758 234 192 665
internal_count=1929 185 127 1744 1688 112 1576 1463 113 1423 758 234 192 665
is_linear=0
shrinkage=0.05


Tree=185
num_leaves=15
num_cat=0
split_feature=3 3 0 3 2 0 3 2 0 2 4 4 4 0
split_gain=0.849814 5.85966 5.78 2.27663 2.61331 4.06316 2.10799 2.70205 4.75429 3.43389 3.64114 6.35305 4.685 4.98281
threshold=7.1065000000000014 15.113500000000002 19.134500000000003 3.5465000000000004 -0.83160410544417529 24.618000000000006 21.465500000000002 0.81404609350821777 31.134000000000004 0.54277338749235304 15.880000000000001 23.975500000000004 14.876500000000002 13.078000000000001
decision_type=2 2 2 2 2 2 2 2 2 2 2 2 2 2
left_child=3 2 -2 -1 -5 -6 -3 8 9 10 12 -12 13 -8
right_child=1 6 -4 4 5 -7 7 -9 -10 -11 11 -13 -14 -15
leaf_value=-2.2921264049454576e-05 -0.0070291700520422901 0.0060709094192396233 -7.4741930553187682e-05 0.014229736896483684 -0.0067154202855470059 0.00093994049032347518 0.027226783855702298 0.0027655784337165812 -0.018451521132431231 0.0089826525612833937 -0.010664512101838093 0.003643772986629182 0.012684281858455394 -0.00078059518578950035
leaf_weight=675 40 50 50 52 61 75 50 155 58 72 171 88 40 292
leaf_count=675 40 50 50 52 61 75 50 155 58 72 171 88 40 292
internal_value=-0.000181441 -0.0011257 -0.0133333 0.000984936 0.00585106 0.00220588 0 -0.000539957 -0.00175097 -0.000631136 -0.00179407 -0.00637066 0.0013089 -0.000584795
internal_weight=1929 1066 90 863 188 136 976 926 771 713 641 259 382 342
internal_count=1929 1066 90 863 188 136 976 926 771 713 641 259 382 342
is_linear=0
shrinkage=0.05


Tree=186
num_leaves=15
num_cat=0
split_feature=2 0 4 3 3 2 3 2 0 4 0 4 2 2
split_gain=0.68414 2.1403 2.13289 2.47026 4.27971 1.38273 4.24377 3.35345 1.66377 10.8042 1.47841 1.58661 5.09131 3.67097
threshold=-0.91780143710280748 15.982000000000001 20.205500000000004 5.0900000000000007 98.645500000000013 -0.83827970521777406 90.490500000000011 -0.79877937288636469 15.390500000000001 16.361000000000004 16.141500000000004 15.395500000000002 -0.53190322474958196 -0.67125995756753143
decision_type=2 2 2 2 2 2 2 2 2 2 2 2 2 2
left_child=1 2 3 -1 -5 6 -2 -7 9 -9 -10 13 -13 -12
right_child=5 -3 -4 4 -6 7 -8 8 10 -11 11 12 -14 -15
leaf_value=0.00049954216602242569 0.01305761344705382 0.008005863870138314 0.0040952703685666059 -0.010907749501089636 0.0028899611684569896 -0.0078249190523197714 -0.0030270418253481894 0.013342044646691233 -0.0042510571168227502 -0.0094553373267866007 -0.017719189742915437 0.029641416102740428 0.00016604208891524141 -3.2537953651734509e-05
leaf_weight=73 75 47 45 73 45 44 40 51 44 46 48 42 493 763
leaf_count=73 75 47 45 73 45 44 40 51 44 46 48 42 493 763
internal_value=-2.59202e-05 -0.00229682 -0.00423729 -0.0065445 -0.0110169 0.00036452 0.00565217 -3.26584e-05 0.000369872 0.00670103 -7.19424e-05 0.000222883 0.00233645 -0.00117139
internal_weight=1929 283 236 191 118 1646 115 1531 1487 97 1390 1346 535 811
internal_count=1929 283 236 191 118 1646 115 1531 1487 97 1390 1346 535 811
is_linear=0
shrinkage=0.05


Tree=187
num_leaves=15
num_cat=0
split_feature=2 2 2 0 2 4 0 0 4 3 4 2 1 3
split_gain=0.913569 3.81362 2.22755 3.62627 2.4161 2.54002 2.09264 2.5254 4.0855 3.41561 2.41958 2.20595 2.2887 2.16287
threshold=-0.38168922026665913 -0.44437817810461328 -0.57240397273781507 18.870500000000003 -0.64297064596386244 23.900000000000002 25.241000000000003 23.612000000000005 12.779500000000002 17.685000000000006 5.0305000000000009 -0.062278703982132359 -0.96230016621822467 3.0915000000000004
decision_type=2 2 2 2 2 2 2 2 2 2 2 2 2 2
left_child=1 2 4 -4 5 -1 7 9 -9 13 -8 -11 -13 -2
right_child=6 -3 3 -5 -6 -7 10 8 -10 11 -12 12 -14 -15
leaf_value=-0.00060046624387713465 -0.00017798719926573336 -0.013223712071559075 -0.00037333799697172323 0.014989792759150446 -0.0060799918895473029 0.0042022037137410852 0.0014018383883539931 -6.405088781438196e-05 0.010268842983421079 0.0037778362264338284 -0.00028705087792772548 -0.007106641261315415 0.0047048369519613669 -0.01017559064000741
leaf_weight=519 107 44 47 45 55 65 43 45 58 51 680 40 86 44
leaf_count=519 107 44 47 45 55 65 43 45 58 51 680 40 86 44
internal_value=-0.000285122 -0.0016129 -0.000752394 0.00652174 -0.00179969 -0.000856164 0.000606586 0.00336427 0.0101942 0.00121951 -0.00103734 0.0059322 0.00238095 -0.00430464
internal_weight=1929 775 731 92 639 584 1154 431 103 328 723 177 126 151
internal_count=1929 775 731 92 639 584 1154 431 103 328 723 177 126 151
is_linear=0
shrinkage=0.05


Tree=188
num_leaves=15
num_cat=0
split_feature=4 0 0 4 0 0 0 0 4 4 4 1 1 4
split_gain=1.00077 2.88442 3.3537 2.60784 2.14463 4.23141 2.00762 2.0313 1.78249 2.43689 4.63272 2.27046 2.23688 1.87545
threshold=12.307 13.162500000000001 14.740500000000003 13.528 13.162500000000001 12.285500000000001 14.582500000000001 15.7995 11.400500000000003 10.572500000000002 9.9610000000000003 -0.69016699705532203 -0.29259762607704948 8.8820000000000014
decision_type=2 2 2 2 2 2 2 2 2 2 2 2 2 2
left_child=1 -1 -3 -2 5 -5 -6 -8 9 10 11 -4 -13 -14
right_child=3 2 8 4 6 -7 7 -9 -10 -11 -12 12 13 -15
leaf_value=0.015720135576304466 0.007026544386632633 -0.0064087010623285036 -0.0023967023118342205 0.00081962317785302247 0.0036803966644512187 -0.012099497125685055 -0.0044806030891158836 5.4076866632679636e-05 -0.0058358141476641812 0.0040006678542985107 -0.0025291917723024044 0.0097106481326973589 -0.00038417343425451968 0.0021064560442598094
leaf_weight=54 152 61 93 63 85 40 70 771 82 82 60 45 220 51
leaf_count=54 152 61 93 63 85 40 70 771 82 82 60 45 220 51
internal_value=-0.000440643 -0.00187166 -0.00273775 0.000465707 -0.000437318 -0.00728155 0.000323974 -0.000416171 -0.00165877 -0.000635209 -0.00202559 -0.000122249 0.00189873 0.000184502
internal_weight=1929 748 694 1181 1029 103 926 841 633 551 469 409 316 271
internal_count=1929 748 694 1181 1029 103 926 841 633 551 469 409 316 271
is_linear=0
shrinkage=0.05


Tree=189
num_leaves=15
num_cat=0
split_feature=2 0 0 1 3 2 4 1 3 2 1 4 2 3
split_gain=1.2318 2.70705 3.38623 2.2331 5.14894 2.37972 4.55847 3.24733 3.61552 4.36227 3.62559 1.74645 1.70288 1.51982
threshold=0.37522380421282725 21.179500000000004 23.612000000000005 0.75471874543923556 11.094000000000003 0.77275363110444695 16.447500000000002 -0.34156760613242332 26.834500000000002 0.98666161417490339 0.23416947364604893 6.4340000000000011 0.29426351849031901 80.982000000000014
decision_type=2 2 2 2 2 2 2 2 2 2 2 2 2 2
left_child=11 -2 -3 5 -5 6 -4 -7 9 10 -9 -1 -13 -10
right_child=1 2 3 4 -6 7 -8 8 13 -11 -12 12 -14 -15
leaf_value=-0.0027742987850835192 0.0061819577251820083 -0.017259766390249287 -0.0076802519193041041 0.0051679289846244926 -0.0011740224944974177 0.006488351546310861 0.0029479328187852366 -0.012888908095759877 0.014883472775487593 0.00037735859861615095 -0.001101726708960904 -0.00010052772488223644 -0.011660279117017669 0.00016938868503424409
leaf_weight=121 46 41 79 47 47 73 56 45 40 62 77 1091 43 61
leaf_count=121 46 41 79 47 47 73 56 45 40 62 77 1091 43 61
internal_value=-0.000388802 0.00133531 0.000477707 0.00144804 0.00851064 0.00010142 -0.00555556 0.00223464 -0.000175439 -0.00434783 -0.00983607 -0.00131474 -0.000705467 0.00742574
internal_weight=1929 674 628 587 94 493 135 358 285 184 122 1255 1134 101
internal_count=1929 674 628 587 94 493 135 358 285 184 122 1255 1134 101
is_linear=0
shrinkage=0.05


Tree=190
num_leaves=15
num_cat=0
split_feature=0 0 1 0 2 2 1 4 3 4 1 0 0 3
split_gain=1.44788 2.68392 3.14589 2.39284 2.08173 1.86175 3.97489 4.21233 5.11148 7.32052 7.01689 3.29945 2.37566 1.8
threshold=32.701500000000003 34.493000000000009 0.098678873477280007 31.653000000000002 0.89420283937402645 0.37522380421282725 0.67050644418468353 18.778500000000005 0.47750000000000004 15.577000000000004 -0.17552986495351994 24.837000000000007 27.630500000000001 8.7770000000000028
decision_type=2 2 2 2 2 2 2 2 2 2 2 2 2 2
left_child=3 2 -2 5 -3 12 7 8 -7 10 -10 -9 -1 -8
right_child=1 4 -4 -5 -6 6 13 11 9 -11 -12 -13 -14 -15
leaf_value=-0.00023292310596704331 0.0035360304695010504 -0.00095000061872497219 7.1821393629323271e-05 -0.005546907387593919 0.0069133297452362852 -0.0018928546002773051 0.0089103849502933565 0.0012616721392703367 -0.0012158473884715916 0.012473233947925717 0.0082421323642662952 -0.01336748875728176 -0.0029001327753258536 0.0022570580505760856
leaf_weight=1161 43 45 56 63 57 65 40 40 89 42 54 59 75 40
leaf_count=1161 43 45 56 63 57 65 40 40 89 42 54 59 75 40
internal_value=-0.000285122 0.00373134 0.00959596 -0.000752315 -0.00196078 -0.00039039 0.00244755 0.000143266 0.0036 0.00783784 0.00244755 -0.00858586 -0.0013754 0.0125
internal_weight=1929 201 99 1728 102 1665 429 349 250 185 143 99 1236 80
internal_count=1929 201 99 1728 102 1665 429 349 250 185 143 99 1236 80
is_linear=0
shrinkage=0.05


Tree=191
num_leaves=15
num_cat=0
split_feature=4 4 2 0 2 0 4 2 4 2 3 2 2 3
split_gain=1.20229 2.9947 2.21639 2.15082 3.30645 2.36162 1.98403 2.42761 4.67601 3.03849 2.43057 2.74412 3.10438 2.17451
threshold=8.4820000000000011 7.894000000000001 0.79411473034488644 22.734500000000004 -0.46997674302732012 16.141500000000004 9.8225000000000016 -0.13070653084037345 10.572500000000002 -0.010746888578547886 87.714000000000013 0.46866798009266125 0.78298010367706283 2.4400000000000004
decision_type=2 2 2 2 2 2 2 2 2 2 2 2 2 2
left_child=1 2 3 4 5 -1 13 8 -8 -9 -11 -12 -13 -2
right_child=6 -3 -4 -5 -6 -7 7 9 -10 10 11 12 -14 -15
leaf_value=-0.0019047230548235594 -0.00072162956941618998 -0.0043366699996662469 0.0057559279699791023 -0.0011832231907044745 0.014918755173432245 0.0007871305623346318 -0.0099767617709727394 0.0081048212995376238 -0.00025606624191245876 -0.00032183341784055853 -0.0015749167028733858 0.019616292943220329 0.0005566492100820275 0.0070237653721923589
leaf_weight=68 42 48 61 80 40 56 44 68 639 500 85 52 75 71
leaf_count=68 42 48 61 80 40 56 44 68 639 500 85 52 75 71
internal_value=-0.000336962 -0.0029745 -0.00114754 -0.00327869 0 -0.00403226 0.000253807 -0.000239234 -0.00241581 0.00166667 0.000702247 0.00518868 0.00984252 0.00663717
internal_weight=1929 353 305 244 164 124 1576 1463 683 780 712 212 127 113
internal_count=1929 353 305 244 164 124 1576 1463 683 780 712 212 127 113
is_linear=0
shrinkage=0.05


Tree=192
num_leaves=15
num_cat=0
split_feature=4 4 0 0 0 0 4 4 0 1 1 1 4 3
split_gain=1.37161 2.85032 2.12542 5.15425 4.50555 3.06007 6.47256 1.35352 2.26086 1.57055 1.90384 2.06137 1.83898 2.4907
threshold=8.4820000000000011 7.894000000000001 27.168000000000003 22.556500000000003 30.893000000000004 15.390500000000001 6.4340000000000011 9.5945000000000018 19.918000000000003 -0.99052327954040364 -0.96683886033945943 -0.92913280730858794 10.457000000000003 12.131000000000002
decision_type=2 2 2 2 2 2 2 2 2 2 2 2 2 2
left_child=1 2 3 5 -4 -1 -7 8 -2 -9 -11 -12 13 -13
right_child=7 -3 4 -5 -6 6 -8 9 -10 10 11 12 -14 -15
leaf_value=-0.0020176992442009268 0.019327693931730401 -0.004119836499682933 0.0023671037460688688 -0.0053416256326997043 -0.00055353792145143024 -0.0029893476944851021 0.011366151625958942 0.0023740627738713911 -0.0005391282834455003 -0.0014961708677297182 0.011026650843063281 0.0009981561616872693 -4.6938171058286131e-05 -0.012062655001983807
leaf_weight=57 40 48 40 43 59 54 52 70 49 59 52 41 1221 44
leaf_count=57 40 48 40 43 59 54 52 70 49 59 52 41 1221 44
internal_value=-0.000440643 -0.00325779 -0.00147541 -0.00436893 0.00454545 -0.000306748 0.00471698 0.000190355 0.00617978 -0.000168124 -0.000529287 -0.000147275 -0.000535988 -0.00764706
internal_weight=1929 353 305 206 99 163 106 1576 89 1487 1417 1358 1306 85
internal_count=1929 353 305 206 99 163 106 1576 89 1487 1417 1358 1306 85
is_linear=0
shrinkage=0.05


Tree=193
num_leaves=15
num_cat=0
split_feature=4 0 0 1 0 2 4 3 1 4 3 3 0 2
split_gain=1.20229 2.47091 4.27019 3.8455 3.69907 1.5763 1.47205 1.76868 1.57301 1.28648 2.52319 5.70688 4.26946 3.75408
threshold=8.4820000000000011 27.168000000000003 22.734500000000004 0.73465119469809237 30.893000000000004 -0.88835394722870831 9.8225000000000016 2.4400000000000004 -0.99052327954040364 28.391000000000002 94.870500000000007 99.83550000000001 13.078000000000001 0.19429706169951341
decision_type=2 2 2 2 2 2 2 2 2 2 2 2 2 2
left_child=1 2 3 5 -3 -1 7 -2 -8 10 12 -12 -10 -13
right_child=6 4 -4 -5 -6 -7 8 -9 9 -11 11 13 -14 -15
leaf_value=5.5053935471935378e-05 -0.00069702378790142689 0.0016429959595551048 -0.0036861198002127505 0.015630782329562398 -0.00063850167313353468 -0.003707935294443878 0.0022553596351778215 0.0057061924069962133 -0.0042380538350695936 -0.0010772494380177648 0.0078218787691043175 -0.0051019344647365312 -9.8818180476342721e-05 0.003453588870787483
leaf_weight=60 42 47 46 41 68 91 70 71 80 57 99 126 951 80
leaf_count=60 42 47 46 41 68 91 70 71 80 57 99 126 951 80
internal_value=-0.000336962 -0.0029745 -0.00588235 -0.00260417 0.00304348 -0.00629139 0.000253807 0.00575221 -0.000170882 -0.000538406 -0.000224551 0.00377049 -0.0014064 -0.000970874
internal_weight=1929 353 238 192 115 151 1576 113 1463 1393 1336 305 1031 206
internal_count=1929 353 238 192 115 151 1576 113 1463 1393 1336 305 1031 206
is_linear=0
shrinkage=0.05


Tree=194
num_leaves=15
num_cat=0
split_feature=4 4 3 3 4 4 3 4 3 1 4 3 3 4
split_gain=0.85308 3.16087 3.01945 3.62568 1.82134 1.73493 3.37834 1.50623 1.76868 1.60254 1.26149 1.84278 4.2375 5.34545
threshold=6.4340000000000011 5.2545000000000011 1.9305000000000001 57.768000000000008 7.112000000000001 8.4820000000000011 0.37750000000000006 9.8225000000000016 2.4400000000000004 -0.99052327954040364 28.391000000000002 94.870500000000007 99.83550000000001 16.969500000000004
decision_type=2 2 2 2 2 2 2 2 2 2 2 2 2 2
left_child=1 2 -1 -4 -2 6 -6 8 -7 -9 11 -11 13 -13
right_child=4 -3 3 -5 5 7 -8 9 -10 10 -12 12 -14 -15
leaf_value=-0.0070460763138118082 0.0012278841495488553 -0.0028697589296413448 0.0059685393619310972 -0.0016258558363721727 0.0050939290460879543 -0.00066217259850635682 -0.003699106432552056 0.0021425916534189293 0.0054208827866464087 -0.00032680770423738074 -0.0010233869661168766 0.018244047087348617 -0.00045245117367540558 -5.1071555812143292e-05
leaf_weight=40 56 64 40 41 44 42 68 70 71 1031 57 54 206 45
leaf_count=40 56 64 40 41 44 42 68 70 71 1031 57 54 206 45
internal_value=-0.000285122 -0.00351351 0.00123967 0.00679012 5.73394e-05 -0.000236967 -0.00625 0.000190355 0.00575221 -0.000239234 -0.000610194 -0.000299401 0.00311475 0.0116162
internal_weight=1929 185 121 81 1744 1688 112 1576 113 1463 1393 1336 305 99
internal_count=1929 185 121 81 1744 1688 112 1576 113 1463 1393 1336 305 99
is_linear=0
shrinkage=0.05


Tree=195
num_leaves=15
num_cat=0
split_feature=2 2 2 2 2 4 2 0 0 0 2 3 1 3
split_gain=0.891892 2.23931 2.42061 2.10329 2.3051 2.69503 2.10803 2.49184 3.355 4.93014 2.95893 1.81238 4.46625 1.90344
threshold=-0.13070653084037345 -0.19851654827941614 -0.26538825390934467 -0.010746888578547886 0.1093682717844857 5.0305000000000009 0.1858661703907829 21.179500000000004 23.612000000000005 25.137000000000004 0.37522380421282725 1.0000000180025095e-35 -0.073094453017891248 0.87200000000000011
decision_type=2 2 2 2 2 2 2 2 2 2 2 2 2 2
left_child=1 2 -1 -2 -5 -6 -7 -8 -9 -10 -11 12 -12 -13
right_child=3 -3 -4 4 5 6 7 8 9 10 11 13 -14 -15
leaf_value=-0.00043919433861566162 0.0055553647038155997 -0.0030993987497469652 0.0017194864045750602 -0.0078410685375596145 0.0021664724180271433 0.0017978419727730623 0.0052687824492400953 -0.017506042279674169 0.0084093702003367726 -0.0065252672301378658 0.0079576884933000146 -0.0026099822359717528 -0.00037605490831714162 -0.00036254335381986084
leaf_weight=857 77 43 43 77 43 41 61 50 46 70 41 40 87 353
leaf_count=857 77 43 43 77 43 41 61 50 46 70 41 40 87 353
internal_value=-0.000544323 -0.00164369 -0.00111111 0.000507099 -0.000165017 0.000600962 -6.33714e-05 -0.000668449 -0.00152838 -0.000549451 -0.00177665 -0.000479846 0.0046875 -0.00216285
internal_weight=1929 943 900 986 909 832 789 748 687 637 591 521 128 393
internal_count=1929 943 900 986 909 832 789 748 687 637 591 521 128 393
is_linear=0
shrinkage=0.05


Tree=196
num_leaves=15
num_cat=0
split_feature=2 4 0 0 0 4 1 1 3 0 2 1 2 3
split_gain=1.23508 2.17522 1.9361 1.73909 4.91533 3.32392 4.60641 2.66763 2.43203 1.7561 1.6266 3.90786 3.81266 3.42902
threshold=-0.23449138957041005 5.0305000000000009 23.200500000000005 25.241000000000003 23.612000000000005 13.801500000000003 -0.80392051724781044 -0.84293373149377049 11.525000000000002 21.093000000000004 0.81404609350821777 -0.34156760613242332 0.74475763103476778 26.834500000000002
decision_type=2 2 2 2 2 2 2 2 2 2 2 2 2 2
left_child=2 -2 -1 4 5 6 -3 -7 -6 -9 12 -12 -5 -13
right_child=1 3 -4 10 8 7 -8 9 -10 -11 11 13 -14 -15
leaf_value=-0.00036734420507536785 0.0017083388179482074 -0.0031858857472871782 -0.0010747336835789101 -0.00022339552125384411 0.0061325051607416126 0.00071746963443265483 0.017728649281699371 -0.00076719097059008341 0.0019618149316457225 -0.019114884343393673 0.005618972375104842 -0.0024581791244674524 -0.0047491895788391858 0.0051427544895282428
leaf_weight=827 51 40 47 337 40 79 47 41 45 41 48 159 43 84
leaf_count=827 51 40 47 337 40 79 47 41 45 41 48 159 43 84
internal_value=-0.000440643 0.0007109 -0.00183066 0.000199203 0.00315315 -0.000403226 0.00747126 -0.00465839 0.0135294 -0.0109756 -0.00126677 0.00154639 -0.00342105 -0.00102881
internal_weight=1929 1055 874 1004 333 248 87 161 85 82 671 291 380 243
internal_count=1929 1055 874 1004 333 248 87 161 85 82 671 291 380 243
is_linear=0
shrinkage=0.05


Tree=197
num_leaves=15
num_cat=0
split_feature=3 3 0 3 3 3 2 3 3 0 2 0 0 4
split_gain=1.24786 5.33178 5.78 3.35449 3.1405 3.39464 2.79448 3.86406 3.80289 2.92275 3.92388 5.55829 5.08528 3.41392
threshold=7.1065000000000014 15.113500000000002 19.134500000000003 21.465500000000002 27.974500000000003 43.805000000000007 0.81404609350821777 65.018000000000015 94.035500000000013 12.285500000000001 -0.87620967433411445 14.248000000000003 17.248000000000001 16.361000000000004
decision_type=2 2 2 2 2 2 2 2 2 2 2 2 2 2
left_child=-1 2 -2 -3 -5 -6 7 -7 -8 -9 11 -11 13 -12
right_child=1 3 -4 4 5 6 8 9 -10 10 12 -13 -14 -15
leaf_value=7.3138705144090718e-05 -0.0054426839325154332 0.0055739993715157587 -0.00021179452262448108 -0.012114009356731938 0.0042515051355022813 -0.0083666685937241175 0.008388033581512808 0.012039123218710862 -0.00073020477767410526 -0.024014760925466061 0.021325546392526411 0.00060214506489129904 -0.00066526603235810141 -0.0063120073170784829
leaf_weight=863 40 50 50 40 85 107 59 61 68 49 58 52 302 45
leaf_count=863 40 50 50 40 85 107 59 61 68 49 58 52 302 45
internal_value=-0.000544323 -0.00168856 -0.0133333 -0.000614754 -0.0012959 -0.000677201 -0.00168539 -0.00296736 0.00511811 -0.00132275 -0.00256917 -0.0113861 -0.00037037 0.0092233
internal_weight=1929 1066 90 976 926 886 801 674 127 567 506 101 405 103
internal_count=1929 1066 90 976 926 886 801 674 127 567 506 101 405 103
is_linear=0
shrinkage=0.05


Tree=198
num_leaves=15
num_cat=0
split_feature=4 4 1 1 2 0 2 0 4 0 2 4 1 0
split_gain=0.950645 2.26089 2.17941 2.11314 1.73292 5.69095 4.04976 2.05333 2.77315 2.64179 2.04401 1.58822 3.66093 3.36639
threshold=12.367500000000001 11.400500000000003 -0.99052327954040364 -0.96683886033945943 0.46105717635705401 31.134000000000004 0.87796008470088804 25.930500000000006 6.4340000000000011 18.409000000000002 -0.92449049203901279 9.5945000000000018 0.73465119469809237 17.560000000000006
decision_type=2 2 2 2 2 2 2 2 2 2 2 2 2 2
left_child=1 4 -2 -4 7 6 -6 8 9 -1 -10 12 13 -12
right_child=2 -3 3 -5 5 -7 -8 -9 10 -11 11 -13 -14 -15
leaf_value=-0.00024964437303444978 0.0031500261007328307 -0.0052810499256765783 -0.0049102222942323638 0.00010086559263249931 0.0043169819124021878 -0.00063363703034885477 -0.00022468696722138803 -0.0027977855207121042 -0.0016613337240849126 -0.016724218275460036 0.008894416472935469 -0.00024625463265396248 0.016471368148655057 -0.0021013417079079472
leaf_weight=66 62 106 50 1061 55 102 40 59 62 43 42 96 40 45
leaf_count=66 62 106 50 1061 55 102 40 59 62 43 42 96 40 45
internal_value=-0.000336962 -0.00171958 0.000554135 4.50045e-05 -0.000615385 0.00329949 0.0121053 -0.00231788 -0.00101523 -0.00779817 0.00157895 0.00381166 0.00748031 0.00172414
internal_weight=1929 756 1173 1111 650 197 95 453 394 109 285 223 127 87
internal_count=1929 756 1173 1111 650 197 95 453 394 109 285 223 127 87
is_linear=0
shrinkage=0.05


Tree=199
num_leaves=15
num_cat=0
split_feature=4 1 1 0 0 4 4 2 2 1 3 0 0 4
split_gain=0.850426 2.18038 2.1123 1.89064 2.70295 2.33333 1.81981 2.58239 2.17948 2.29121 2.95806 2.74937 4.02501 1.92263
threshold=12.307 -0.99052327954040364 -0.96683886033945943 13.162500000000001 15.195000000000002 9.3755000000000024 11.400500000000003 -0.79877937288636469 -0.23449138957041005 0.5043284533698108 8.2140000000000022 31.653000000000002 26.456000000000003 6.4340000000000011
decision_type=2 2 2 2 2 2 2 2 2 2 2 2 2 2
left_child=3 -2 -3 -1 5 -5 7 -6 13 11 -11 12 -10 -9
right_child=1 2 -4 4 6 -7 -8 8 9 10 -12 -13 -14 -15
leaf_value=0.015325653838408818 0.0029925247956961915 -0.0046647111795207474 9.5822313000874099e-05 -0.0046935106021980481 0.0034702781187036925 -0.0010951297757991745 -0.0051303750430488669 -0.014720990249039397 -0.0012597915984959964 0.0018938004627346073 -4.465095765640026e-05 -0.006315533068741031 0.00192808201594335 -0.00082054548443603057
leaf_weight=54 62 50 1069 42 53 42 79 43 65 75 51 66 66 112
leaf_count=54 62 50 1069 42 53 42 79 43 65 75 51 66 66 112
internal_value=-0.000285122 0.000550381 4.46828e-05 -0.00160428 -0.00230548 -0.0107143 -0.00114754 -9.4162e-05 -0.00125523 0.00108359 0.00634921 -0.00228426 0.0019084 -0.00612903
internal_weight=1929 1181 1119 748 694 84 610 531 478 323 126 197 131 155
internal_count=1929 1181 1119 748 694 84 610 531 478 323 126 197 131 155
is_linear=0
shrinkage=0.05


Tree=200
num_leaves=15
num_cat=0
split_feature=2 3 2 2 0 4 2 2 4 0 4 1 0 2
split_gain=1.23069 3.45117 1.75932 1.46561 1.63663 4.34793 2.48331 1.40918 1.90748 3.85696 2.74075 2.68769 2.64326 2.95317
threshold=0.9804906454816793 5.3015000000000008 0.95760036582190977 0.92933244589178743 32.701500000000003 12.233000000000002 0.87796008470088804 0.82438889030848939 12.779500000000002 29.955000000000002 13.623000000000001 0.97505550290239451 13.162500000000001 0.46105717635705401
decision_type=2 2 2 2 2 2 2 2 2 2 2 2 2 2
left_child=2 -2 3 4 6 -6 7 8 9 11 -10 12 -1 -14
right_child=1 -3 -4 -5 5 -7 -8 -9 10 -11 -12 -13 13 -15
leaf_value=0.01293973940170527 0.00099699614646364676 -0.00062684974135095303 -0.0092335693593358914 0.0044338148777005428 0.006710493018052455 -0.00030981750372993666 -0.0041756788695256784 0.0072349346781092512 0.010251583666263215 -0.01480287206023675 -0.00012264036521361169 0.0014225976025142252 -0.0019322626677472157 0.0018162154052758562
leaf_weight=58 53 62 52 48 41 73 43 41 90 43 809 66 401 49
leaf_count=58 53 62 52 48 41 73 43 41 90 43 809 66 401 49
internal_value=-0.000233281 0.00478261 -0.000551268 -0.000283768 -0.000525088 0.00526316 -0.0009375 -0.000610148 -0.00085752 -0.00299838 0.000611791 -0.00191638 -0.00314961 -0.00444444
internal_weight=1929 115 1814 1762 1714 114 1600 1557 1516 617 899 574 508 450
internal_count=1929 115 1814 1762 1714 114 1600 1557 1516 617 899 574 508 450
is_linear=0
shrinkage=0.05


Tree=201
num_leaves=15
num_cat=0
split_feature=2 3 4 4 0 3 1 4 0 2 1 4 4 4
split_gain=1.25626 3.45117 1.80493 2.5628 3.00386 3.84995 2.10894 1.48199 2.16542 1.38709 1.3473 2.09206 1.9865 2.32565
threshold=0.9804906454816793 5.3015000000000008 8.4820000000000011 7.6545000000000014 14.817000000000002 94.262500000000017 -0.29259762607704948 9.5945000000000018 19.918000000000003 -0.21772323039653199 -0.9852109833579612 28.391000000000002 10.572500000000002 11.035000000000002
decision_type=2 2 2 2 2 2 2 2 2 2 2 2 2 2
left_child=2 -2 3 4 -1 6 -6 8 -4 -8 -9 12 -12 -14
right_child=1 -3 7 -5 5 -7 9 10 -10 -11 11 -13 13 -15
leaf_value=-0.0092866823904013077 0.00094714633914045894 -0.00059550725428340759 0.016753430777731768 -0.0020731753950603755 0.0010814351409479271 0.0034296011270740557 -0.0051918428933185046 0.0019473884281197397 -0.0007351235506043996 -0.00012570877016254424 -0.002352249171189823 -0.0073900603829916396 0.012505620695832085 -8.7961078039849872e-05
leaf_weight=44 53 62 40 67 62 42 51 86 43 62 100 53 51 1113
leaf_count=44 53 62 40 67 62 42 51 86 43 62 100 53 51 1113
internal_value=-0.000285122 0.00478261 -0.000606395 -0.00396341 -0.00172414 0.000691244 -0.00257143 0.00013459 0.00662651 -0.00663717 -0.000249465 -0.000645406 -0.000237342 0.000343643
internal_weight=1929 115 1814 328 261 217 175 1486 83 113 1403 1317 1264 1164
internal_count=1929 115 1814 328 261 217 175 1486 83 113 1403 1317 1264 1164
is_linear=0
shrinkage=0.05


Tree=202
num_leaves=15
num_cat=0
split_feature=1 1 1 2 2 1 2 4 4 4 4 0 2 1
split_gain=0.900099 1.68869 1.62852 0.746351 3.61959 3.41568 2.35785 2.45148 2.68358 3.22217 2.71808 2.43183 2.20186 3.5636
threshold=-0.99762106698677377 -0.9852109833579612 -0.96683886033945943 0.1093682717844857 0.29426351849031901 -0.88606241628642823 0.49751328890718055 23.729500000000005 21.417000000000005 18.123500000000003 15.992000000000003 31.653000000000002 0.98217423127542058 0.5043284533698108
decision_type=2 2 2 2 2 2 2 2 2 2 2 2 2 2
left_child=-1 -2 -3 -4 -5 -6 -7 8 9 10 11 -8 13 -13
right_child=1 2 3 4 5 6 7 -9 -10 -11 -12 12 -14 -15
leaf_value=-0.0033555082586601824 0.0021202866076362212 -0.00083955283984396556 -0.00037882533094245747 0.0080382014119838203 -0.011319351951385554 0.0073210615544325123 0.00053411716124603938 -0.0067105043868102322 0.0080745633741940333 -0.0031508285436250508 0.005637381154027888 -0.0067065912027341364 0.00032818296335067614 0.00021673515706244762
leaf_weight=40 60 49 989 71 46 74 212 66 41 61 71 65 40 44
leaf_count=40 60 49 989 71 46 74 212 66 41 61 71 65 40 44
internal_value=-7.77605e-05 7.94071e-05 -0.000191361 5.61798e-05 0.00120101 0.000138889 0.00103858 0 0.0011236 0.00010142 0.00162037 -0.000138504 -0.00503356 -0.0087156
internal_weight=1929 1889 1829 1780 791 720 674 600 534 493 432 361 149 109
internal_count=1929 1889 1829 1780 791 720 674 600 534 493 432 361 149 109
is_linear=0
shrinkage=0.05


Tree=203
num_leaves=15
num_cat=0
split_feature=2 3 2 4 1 4 0 4 4 4 3 2 2 2
split_gain=0.966815 5.52325 1.49609 0.908696 2.46179 4.72411 2.69571 4.90187 2.56261 1.82858 1.8 1.26856 1.72688 1.22365
threshold=0.98666161417490339 5.3015000000000008 0.97316076586151323 8.4820000000000011 0.83042381995921366 7.4080000000000004 15.195000000000002 6.4340000000000011 4.7555000000000005 9.0760000000000023 6.0085000000000006 0.92933244589178743 0.87796008470088804 0.81404609350821777
decision_type=2 2 2 2 2 2 2 2 2 2 2 2 2 2
left_child=2 -2 3 4 5 6 -1 8 -8 -5 -6 12 13 -11
right_child=1 -3 -4 9 10 -7 7 -9 -10 11 -12 -13 -14 -15
leaf_value=-0.0038955149176395643 0.0011128901539310288 -0.0026524550739322251 -0.0051539327345249356 0.0029683163454514495 0.0062732410693680301 -0.0057454621637658921 0.00026934199748832602 0.0083164515056246037 -0.0064706433396974463 -6.6024879969230069e-05 -0.00028036372430237133 0.0031652224695122968 -0.0038206075277039983 0.0042123641352215888
leaf_weight=47 48 47 40 43 40 56 45 53 44 1249 40 67 56 54
leaf_count=47 48 47 40 43 40 56 45 53 44 1249 40 67 56 54
internal_value=-0.000181441 0.00473684 -0.000436205 -0.000222965 -0.00261538 -0.00510204 -0.00132275 0.00211268 -0.00505618 0.000306331 0.005 0 -0.000331126 3.8373e-05
internal_weight=1929 95 1834 1794 325 245 189 142 89 1469 80 1426 1359 1303
internal_count=1929 95 1834 1794 325 245 189 142 89 1469 80 1426 1359 1303
is_linear=0
shrinkage=0.05


Tree=204
num_leaves=15
num_cat=0
split_feature=2 3 2 2 0 4 0 0 0 4 0 0 2 2
split_gain=1.18034 2.20102 1.80238 1.42725 1.57131 6.12809 3.13544 0.989643 1.57941 1.87467 2.60667 1.61065 2.59531 2.48334
threshold=0.9804906454816793 5.3015000000000008 0.95760036582190977 0.92933244589178743 32.701500000000003 12.233000000000002 31.653000000000002 30.709500000000002 27.997000000000003 11.780000000000003 29.042000000000005 26.994000000000003 0.79411473034488644 0.1093682717844857
decision_type=2 2 2 2 2 2 2 2 2 2 2 2 2 2
left_child=2 -2 3 4 6 -6 7 8 11 -10 -11 12 13 -1
right_child=1 -3 -4 -5 5 -7 -8 -9 9 10 -12 -13 -14 -15
leaf_value=-0.00030648888504212422 0.00082773536631935984 -0.00041358900665859345 -0.0088368818296371276 0.003792634347442965 0.0069057263575737276 -0.00033733165676455156 -0.0040658160243190805 0.0055101776998286618 0.00016731605256283533 -0.0092842990814300166 -3.828413814719878e-05 0.0043677056536287175 -0.015830839238731121 0.0029389391532680153
leaf_weight=1058 53 62 52 48 41 73 49 59 58 42 57 42 45 190
leaf_count=1058 53 62 52 48 41 73 49 59 58 42 57 42 45 190
internal_value=-0.000129601 0.00478261 -0.000441014 -0.000170261 -0.000408401 0.00526316 -0.0008125 -0.000419084 -0.000670241 -0.00541401 -0.00959596 -0.00011236 -0.000425367 0
internal_weight=1929 115 1814 1762 1714 114 1600 1551 1492 157 99 1335 1293 1248
internal_count=1929 115 1814 1762 1714 114 1600 1551 1492 157 99 1335 1293 1248
is_linear=0
shrinkage=0.05


Tree=205
num_leaves=15
num_cat=0
split_feature=4 1 1 0 3 1 2 0 0 0 3 4 4 4
split_gain=1.39614 2.02155 2.26531 2.00449 2.88698 5.77642 2.48865 1.70989 3.6909 2.01223 1.72065 4.61438 3.44079 1.82838
threshold=12.307 -0.99052327954040364 -0.96683886033945943 13.162500000000001 95.088000000000008 0.61794704089537544 -0.045113073260993279 13.162500000000001 12.285500000000001 14.655500000000002 94.631500000000003 16.894000000000002 20.904000000000003 12.845500000000003
decision_type=2 2 2 2 2 2 2 2 2 2 2 2 2 2
left_child=3 -2 -3 -1 -5 6 -6 8 -4 -9 13 -12 -13 -11
right_child=1 2 7 4 5 -7 -8 9 -10 10 11 12 -14 -15
leaf_value=0.013417875007408431 0.0026642725106348327 -0.0044414779190970199 0.00053177740165943899 -0.00011967906067678336 -0.014558658819353013 0.00041255291116182872 -0.0004339871906546153 0.0028059892824970289 -0.010532588213395533 0.010140138057364079 0.019541272439239688 -0.0047529315494877272 0.001673107747336955 -0.0003143712984001082
leaf_weight=54 62 50 67 566 47 41 40 94 42 40 83 43 63 637
leaf_count=54 62 50 67 566 47 41 40 94 42 40 83 43 63 637
internal_value=-0.000181441 0.000889077 0.000402145 -0.00187166 -0.00259366 -0.009375 -0.0166667 0.000888681 -0.00504587 0.0015625 0.000808314 0.00502646 -0.00188679 -0.000369276
internal_weight=1929 1181 1119 748 694 128 87 1069 109 960 866 189 106 677
internal_count=1929 1181 1119 748 694 128 87 1069 109 960 866 189 106 677
is_linear=0
shrinkage=0.05


Tree=206
num_leaves=15
num_cat=0
split_feature=4 2 0 2 0 1 1 0 4 4 0 0 4 4
split_gain=1.29421 2.56974 3.4433 5.67306 4.11873 4.0578 3.90512 2.75466 2.51781 3.11979 2.02307 3.86728 1.64858 3.49594
threshold=12.367500000000001 0.98666161417490339 31.134000000000004 0.46105717635705401 25.930500000000006 0.96683886033945965 0.47434769705567625 13.162500000000001 11.400500000000003 5.3830000000000009 13.162500000000001 12.285500000000001 10.572500000000002 9.8225000000000016
decision_type=2 2 2 2 2 2 2 2 2 2 2 2 2 2
left_child=1 2 3 4 5 7 -4 -1 9 -9 11 -2 13 -11
right_child=10 -3 6 -5 -6 -7 -8 8 -10 12 -12 -13 -14 -15
leaf_value=0.012746981257038013 0.00050518853157646704 0.00024071592094018215 -0.012210447603064046 0.0026840407327649641 -0.0065115872744828107 0.0034668862061713137 8.3617206624009294e-05 -0.010916750679624557 -0.0078529471512575784 0.0006698474881132511 0.000309199855969052 -0.009635895444778976 0.0070409769027625054 -0.0079956790125938898
leaf_weight=54 69 45 51 102 63 50 42 60 44 161 1059 45 41 43
leaf_count=54 69 45 51 102 63 50 42 60 44 161 1059 45 41 43
internal_value=2.59202e-05 -0.0015873 -0.00232068 -0.000970874 -0.00310078 -0.00143488 -0.0112903 -0.00310174 -0.00472779 -0.00311475 0.00106564 -0.00526316 -0.000612245 -0.00245098
internal_weight=1929 756 711 618 516 453 93 403 349 305 1173 114 245 204
internal_count=1929 756 711 618 516 453 93 403 349 305 1173 114 245 204
is_linear=0
shrinkage=0.05


Tree=207
num_leaves=15
num_cat=0
split_feature=2 1 0 0 4 1 2 4 2 2 3 4 3 0
split_gain=0.641268 2.9019 2.59332 2.05326 1.99448 2.81951 1.95725 1.70707 1.55767 2.13648 1.76526 2.69153 2.95437 3.31637
threshold=0.81404609350821777 -0.4283365962216687 27.862500000000001 30.806500000000003 12.307 0.030073020370188292 0.74475763103476778 16.5425 0.69097237642859677 0.61287127154566789 43.805000000000007 18.043000000000003 1.0805000000000002 22.734500000000004
decision_type=2 2 2 2 2 2 2 2 2 2 2 2 2 2
left_child=6 -2 -3 -4 5 -5 8 -6 9 10 11 -1 -13 -14
right_child=1 2 3 4 7 -7 -8 -9 -10 -11 -12 12 13 -15
leaf_value=0.00011395189688169911 0.0060090302598264627 -0.00086960517999685745 0.0066940267844712523 0.00012800878999510434 0.0060780978624260795 -0.0046688575456156345 -0.00081837496815596606 -0.0014270553482166771 0.0021283577062483489 -0.00099274842823786065 -0.00053684727051096543 -0.00032020650180477066 0.0032597357328201741 0.017645766615694169
leaf_weight=590 47 67 59 41 45 40 63 55 40 59 606 85 91 41
leaf_count=590 47 67 59 41 45 40 63 55 40 59 606 85 91 41
internal_value=0.000336962 0.00225989 0.000488599 0.00291667 0.000276243 -0.00555556 -9.52381e-05 0.005 0.00026455 0 0.000389243 0.00192069 0.00668203 0.0113636
internal_weight=1929 354 307 240 181 81 1575 100 1512 1472 1413 807 217 132
internal_count=1929 354 307 240 181 81 1575 100 1512 1472 1413 807 217 132
is_linear=0
shrinkage=0.05


Tree=208
num_leaves=15
num_cat=0
split_feature=2 3 2 0 2 0 3 3 0 4 4 4 2 3
split_gain=0.792086 3.76262 1.65356 0.908726 1.39981 5.2312 2.4931 2.4361 2.32541 1.40105 2.42063 2.14961 1.91644 3.61613
threshold=0.98666161417490339 5.3015000000000008 0.97316076586151323 36.001000000000012 0.81404609350821777 29.602 38.696500000000007 3.0915000000000004 33.255000000000003 12.779500000000002 11.400500000000003 13.623000000000001 0.31064877563037102 93.247000000000014
decision_type=2 2 2 2 2 2 2 2 2 2 2 2 2 2
left_child=2 -2 3 4 8 6 -6 -7 9 10 -1 -11 -13 -14
right_child=1 -3 -4 -5 5 7 -8 -9 -10 11 -12 12 13 -15
leaf_value=-6.3524273564868902e-05 0.00093458105408594783 -0.002660670124389797 -0.0041873873248192027 -0.006285364677839001 -0.0092962659489189258 0.0038535303853885015 0.00033540881877169306 0.014632367362899929 -0.00035656883809203553 0.0095877028375828746 -0.007449727409353968 -0.00011290394707208495 3.2178765122392597e-05 0.013807488866238012
leaf_weight=513 48 47 40 44 45 44 50 48 44 90 108 629 133 46
leaf_count=513 48 47 40 44 45 44 50 48 44 90 108 629 133 46
internal_value=0.000285122 0.00473684 5.45256e-05 0.000278707 0.000457143 0.00454545 -0.00368421 0.0130435 -3.19898e-05 0.000296248 -0.00152979 0.00155902 0.000742574 0.00530726
internal_weight=1929 95 1834 1794 1750 187 95 92 1563 1519 621 898 808 179
internal_count=1929 95 1834 1794 1750 187 95 92 1563 1519 621 898 808 179
is_linear=0
shrinkage=0.05


Tree=209
num_leaves=15
num_cat=0
split_feature=1 1 1 2 4 4 1 4 4 4 4 4 4 0
split_gain=0.964064 1.58212 0.945952 3.44818 1.14932 2.91705 2.11516 1.08446 1.37453 1.95126 1.99809 1.97758 2.5643 1.58239
threshold=-0.99762106698677377 -0.9852109833579612 -0.90880922144842613 -0.19851654827941614 5.2545000000000011 6.4340000000000011 0.59055600833485278 7.7970000000000015 8.4820000000000011 9.4490000000000016 10.457000000000003 11.035000000000002 11.874500000000003 13.162500000000001
decision_type=2 2 2 2 2 2 2 2 2 2 2 2 2 2
left_child=-1 -2 3 -3 6 -6 -4 -7 -9 -10 -11 -12 -13 -14
right_child=1 2 4 -5 5 7 -8 8 9 10 11 12 13 -15
leaf_value=-0.0029504910465915704 0.0019804395646606495 0.00095736610418589588 0.0049296138458622685 -0.006443224546755855 -0.0033868620444418907 0.00070669282332179787 -0.0022688065376054319 -0.0021940582567878718 0.0028922859796881896 -0.0039534651773948607 0.0035090218872364204 -0.0021140083818662614 -0.003236749809641698 0.00028215931556917206
leaf_weight=40 60 68 71 77 61 99 43 50 70 91 68 71 109 951
leaf_count=40 60 68 71 77 61 99 43 50 70 91 68 71 109 951
internal_value=0.000181441 0.000344097 8.2012e-05 -0.0037931 0.000415677 6.36943e-05 0.00526316 0.000497018 0.000141844 0.000441176 0 0.000542118 4.42087e-05 0.000660377
internal_weight=1929 1889 1829 145 1684 1570 114 1509 1410 1360 1290 1199 1131 1060
internal_count=1929 1889 1829 145 1684 1570 114 1509 1410 1360 1290 1199 1131 1060
is_linear=0
shrinkage=0.05


Tree=210
num_leaves=15
num_cat=0
split_feature=3 1 1 1 3 0 2 3 1 3 1 3 2 0
split_gain=0.73469 2.3704 4.20804 3.90293 3.32184 2.36386 2.8223 2.09533 4.19582 4.41668 4.2728 3.69288 2.85607 6.39324
threshold=43.805000000000007 -0.32533907195844741 -0.22611359161738889 -0.55176847662110995 0.56900000000000006 20.539000000000005 -0.02793410925094832 3.7810000000000001 0.26744970170045884 7.1065000000000014 0.69561269082666077 0.64750000000000008 0.72731766296277522 32.056500000000007
decision_type=2 2 2 2 2 2 2 2 2 2 2 2 2 2
left_child=1 3 -3 5 -5 -1 -7 11 9 -9 -10 12 -4 -14
right_child=-2 2 7 4 -6 6 -8 8 10 -11 -12 -13 13 -15
leaf_value=-0.0015503361788229864 -0.00011361798731494011 -0.0087739166397732774 0.0006464091736125638 0.0059820016208565587 0.01396729093120181 0.0083500964594933422 0.00027862370016583647 0.0011256792388385135 0.0073336594367402891 -0.0052727777639876728 0.00013075709744033576 -0.0044444015763428265 -0.014726977361881345 0.0011679513962954192
leaf_weight=144 801 48 252 41 45 45 123 40 62 46 106 73 49 54
leaf_count=144 801 48 252 41 45 45 123 40 62 46 106 73 49 54
internal_value=0.000596164 0.00141844 -0.000273973 0.00452261 0.0139535 0.00192308 0.00595238 0.000733138 0.00433071 -0.00465116 0.00892857 -0.00140187 0.000704225 -0.00631068
internal_weight=1929 1128 730 398 86 312 168 682 254 86 168 428 355 103
internal_count=1929 1128 730 398 86 312 168 682 254 86 168 428 355 103
is_linear=0
shrinkage=0.05


Tree=211
num_leaves=15
num_cat=0
split_feature=2 3 2 1 1 4 4 0 4 3 1 1 1 4
split_gain=1.07797 4.59156 1.74445 1.06244 1.43238 1.13163 0.842942 2.07456 1.87166 1.31478 1.11523 3.88953 2.69292 2.42983
threshold=0.98666161417490339 5.3015000000000008 0.97316076586151323 -0.99762106698677377 -0.9852109833579612 28.391000000000002 24.309500000000003 21.906000000000002 22.156000000000002 22.857000000000003 0.7980110542611677 0.85581839891307976 0.71989675514303919 17.097500000000004
decision_type=2 2 2 2 2 2 2 2 2 2 2 2 2 2
left_child=2 -2 3 -1 -5 6 8 -8 10 -10 12 -12 -6 -13
right_child=1 -3 -4 4 5 -7 7 -9 9 -11 11 13 -14 -15
leaf_value=-0.0030088784560664524 0.0012470902628227256 -0.0022781056957493773 -0.0040747664304026489 0.0016755056246231582 0.00017951269524520141 -0.00090650924921995143 -0.00028288112230497877 0.0018212659662005443 -3.7264985630235293e-05 -0.0093099562313278209 0.0076351199758061305 0.00025343731893208904 -0.00097171098938045883 -0.0015020913895931632
leaf_weight=40 48 47 40 60 991 51 67 46 42 50 55 276 67 49
leaf_count=40 48 47 40 60 991 51 67 46 42 50 55 276 67 49
internal_value=0.000596164 0.00578947 0.000327154 0.000557414 0.000741163 0.000472255 0.000699939 0.00486726 0.000392157 -0.00652174 0.000834492 0.00315789 0 0.00107692
internal_weight=1929 95 1834 1794 1754 1694 1643 113 1530 92 1438 380 1058 325
internal_count=1929 95 1834 1794 1754 1694 1643 113 1530 92 1438 380 1058 325
is_linear=0
shrinkage=0.05


Tree=212
num_leaves=15
num_cat=0
split_feature=2 1 2 2 3 3 0 2 3 0 0 0 3 2
split_gain=1.74775 2.56963 1.32216 1.2431 1.21393 2.97365 3.20455 2.65791 2.47174 2.31594 2.04843 3.25526 5.9091 3.20908
threshold=0.9804906454816793 0.030073020370188292 0.95760036582190977 0.92933244589178743 43.805000000000007 52.413500000000006 31.714000000000002 0.54277338749235304 26.429000000000002 12.285500000000001 14.15 18.870500000000003 98.645500000000013 0.075135296012361824
decision_type=2 2 2 2 2 2 2 2 2 2 2 2 2 2
left_child=2 -2 3 4 8 -6 7 9 -1 -7 -11 -12 -13 -14
right_child=1 -3 -4 -5 5 6 -8 -9 -10 10 11 12 13 -15
leaf_value=9.8340609051031719e-05 0.00068503634341895438 -4.066481257784527e-05 -0.0079137675287622895 0.0027187985145954528 -0.015885345738672771 0.0068569575627132539 -0.003689455014352003 0.0037533686076477338 0.0039842570497051234 -0.0076544904829862403 0.0016433783240990931 -0.0039132422683096956 -0.01125794271094057 0.025636921133077029
leaf_weight=900 65 50 52 48 42 64 44 106 84 86 171 128 44 45
leaf_count=900 65 50 52 48 42 64 44 106 84 86 171 128 44 45
internal_value=0.000544323 0.00652174 0.00016538 0.000397276 0.000175029 -0.00136986 -0.000581395 0.000310559 0.00132114 -0.00111524 -0.00232068 -0.000773196 -0.00483871 0.00505618
internal_weight=1929 115 1814 1762 1714 730 688 644 984 538 474 388 217 89
internal_count=1929 115 1814 1762 1714 730 688 644 984 538 474 388 217 89
is_linear=0
shrinkage=0.05


Tree=213
num_leaves=15
num_cat=0
split_feature=1 1 1 1 4 4 3 1 4 4 4 3 4 4
split_gain=1.0573 1.40932 2.76966 1.77109 1.18229 0.840609 2.64643 3.77427 1.40657 2.30042 2.00529 2.816 2.22837 1.7452
threshold=-0.99762106698677377 -0.99052327954040364 -0.97873101657557338 -0.9523687564627995 28.391000000000002 6.4340000000000011 81.590000000000018 0.59055600833485278 7.7970000000000015 8.4820000000000011 9.8225000000000016 4.1525000000000007 10.457000000000003 11.035000000000002
decision_type=2 2 2 2 2 2 2 2 2 2 2 2 2 2
left_child=-1 -2 -3 -4 5 6 7 -5 -7 -10 11 -11 -12 -14
right_child=1 2 3 4 -6 8 -8 -9 9 10 12 -13 13 -15
leaf_value=-0.0024637594050225865 0.0025909635253370117 -0.0025843548113231754 0.00056741414369474439 0.0021731592340179409 -0.00086610081721150568 0.0005623714968641711 -0.003563661555751971 -0.0044813526950794828 -0.0023288014987694369 -0.00090934745338086683 -0.0068299264966129704 0.011448247871058317 0.0032735278017563419 0.00011216101044568827
leaf_weight=40 40 40 59 73 49 104 57 51 52 40 65 62 68 1129
leaf_count=40 40 40 59 73 49 104 57 51 52 40 65 62 68 1129
internal_value=0.000544323 0.000714664 0.000513791 0.000801548 0.000514286 0.000734862 -0.00248619 0.0016129 0.00111842 0.000706215 0.00109971 0.00784314 0.000554675 0.00104428
internal_weight=1929 1889 1849 1809 1750 1701 181 124 1520 1416 1364 102 1262 1197
internal_count=1929 1889 1849 1809 1750 1701 181 124 1520 1416 1364 102 1262 1197
is_linear=0
shrinkage=0.05


Tree=214
num_leaves=15
num_cat=0
split_feature=2 2 2 2 0 2 1 1 1 1 1 1 1 4
split_gain=1.2146 3.46064 1.35952 1.20779 1.16117 2.76513 1.16144 1.05093 1.08544 1.40195 1.19531 1.31878 1.54171 1.38099
threshold=0.99630826919114179 0.9804906454816793 0.95760036582190977 0.92933244589178743 33.815000000000005 0.87796008470088804 0.5043284533698108 0.99466160899732492 -0.99762106698677377 -0.9852109833579612 -0.96683886033945943 -0.92913280730858794 -0.89391031859722847 16.740000000000006
decision_type=2 2 2 2 2 2 2 2 2 2 2 2 2 2
left_child=1 2 3 4 5 7 -6 8 -1 -10 -11 -12 -13 -14
right_child=-2 -3 -4 -5 6 -7 -8 -9 9 10 11 12 13 -15
leaf_value=-0.0023405714347714559 -6.3674113137457411e-05 0.0033769364569173291 -0.0076027213726292233 0.0025772505383433925 7.0096824738052904e-05 -0.0046351175137530507 0.001889864052025897 -0.00089382316762083027 0.0011664520468041063 -0.001240718000086255 0.0010581893142958252 -0.0071058954678773489 0.00034725754098318963 -0.00029946513580868879
leaf_weight=40 47 68 52 48 40 45 42 72 60 49 64 48 849 405
leaf_count=40 47 68 52 48 40 45 42 72 60 49 64 48 849 405
internal_value=0.000492483 0.000690755 0.000275634 0.000510783 0.000291715 0 0.00609756 0.000346566 0.000627063 0.000847458 0.000530035 0.000805271 0.000460829 0.000797448
internal_weight=1929 1882 1814 1762 1714 1632 82 1587 1515 1475 1415 1366 1302 1254
internal_count=1929 1882 1814 1762 1714 1632 82 1587 1515 1475 1415 1366 1302 1254
is_linear=0
shrinkage=0.05


Tree=215
num_leaves=15
num_cat=0
split_feature=2 2 2 2 3 3 3 0 0 0 2 0 0 4
split_gain=1.16748 2.82236 0.999282 1.22538 0.994264 2.32081 2.24853 2.12776 2.92708 2.11993 2.72396 2.90303 2.66792 2.30608
threshold=0.99630826919114179 0.98666161417490339 0.95760036582190977 0.92933244589178743 43.234000000000009 26.429000000000002 68.217000000000013 12.285500000000001 14.15 31.134000000000004 0.46105717635705401 24.257500000000004 18.125500000000006 10.018000000000002
decision_type=2 2 2 2 2 2 2 2 2 2 2 2 2 2
left_child=1 2 3 4 5 -1 -6 -8 -9 10 12 -12 -10 -14
right_child=-2 -3 -4 -5 6 -7 7 8 9 -11 11 -13 13 -15
leaf_value=6.2296549026301392e-05 -6.0490407480584544e-05 0.0032080896340714593 -0.0036236556835678117 0.0024483880114262225 -0.0026692281649942917 0.0051125898555330731 0.011755602483218084 -0.0077162243113688134 0.0016194877055451474 -0.0038333339796554622 -0.00034154077612653656 0.012911450328091007 -0.0054868044550215808 -0.00031434476050407078
leaf_weight=900 47 48 72 48 137 79 61 75 131 49 41 59 40 142
leaf_count=900 47 48 72 48 137 79 61 75 131 49 41 59 40 142
internal_value=0.000336962 0.00053135 0.000218103 0.00045403 0.000233372 0.00127681 -0.00115646 0.000167224 -0.000837989 0.000649351 0.00181598 0.009 -0.000479233 -0.0043956
internal_weight=1929 1882 1834 1762 1714 979 735 598 537 462 413 100 313 182
internal_count=1929 1882 1834 1762 1714 979 735 598 537 462 413 100 313 182
is_linear=0
shrinkage=0.05


Tree=216
num_leaves=15
num_cat=0
split_feature=2 2 2 0 3 0 0 0 1 2 0 0 0 4
split_gain=1.15198 2.71902 1.30367 1.04327 2.808 1.70417 1.87216 1.41345 2.26086 1.48547 1.45156 2.07235 1.34239 3.21287
threshold=0.99630826919114179 0.9804906454816793 0.95760036582190977 32.701500000000003 3.0915000000000004 31.653000000000002 30.709500000000002 29.284000000000002 0.79018178354239854 0.87796008470088804 28.550000000000004 27.630500000000001 23.612000000000005 19.625000000000004
decision_type=2 2 2 2 2 2 2 2 2 2 2 2 2 2
left_child=1 2 3 5 -5 6 7 9 -9 10 11 12 -1 -14
right_child=-2 -3 -4 4 -6 -7 -8 8 -10 -11 -12 -13 13 -15
leaf_value=-9.5244340165656641e-05 -5.746588710655587e-05 0.0030476851523678905 -0.0070414025198193677 -0.00075997930932105448 0.00095369181465052022 -0.0029662334360942735 0.002454477623372581 0.00033332123410442229 -0.0081808374420431103 -0.00062982620025603961 0.0010504463840053824 -0.0065737544414087752 0.0010763381118632531 -0.0017809723885227864
leaf_weight=1075 47 68 52 58 70 49 63 49 40 48 40 43 182 45
leaf_count=1075 47 68 52 58 70 49 63 49 40 48 40 43 182 45
internal_value=0.000285122 0.000478215 0.000110254 0.000340522 0.0046875 0 0.000283912 -6.5703e-05 -0.00617978 0.000314027 0.000613718 0.000334572 0.000691244 0.00418502
internal_weight=1929 1882 1814 1762 128 1634 1585 1522 89 1433 1385 1345 1302 227
internal_count=1929 1882 1814 1762 128 1634 1585 1522 89 1433 1385 1345 1302 227
is_linear=0
shrinkage=0.05


Tree=217
num_leaves=15
num_cat=0
split_feature=2 2 4 0 0 0 2 4 4 0 0 3 1 1
split_gain=1.10611 2.009 1.38187 2.22754 3.40468 2.59766 2.73882 3.99414 2.06225 1.16449 3.23986 1.81749 1.25826 3.65251
threshold=0.99630826919114179 0.98666161417490339 8.4820000000000011 14.817000000000002 18.409000000000002 21.318500000000004 0.040813519545864409 5.3830000000000009 9.0760000000000023 33.610500000000009 32.26400000000001 3.5465000000000004 -0.48941038753127697 -0.37371625404731884
decision_type=2 2 2 2 2 2 2 2 2 2 2 2 2 2
left_child=1 2 3 -1 -5 -6 -7 -8 -4 10 12 -11 -10 -14
right_child=-2 -3 8 4 5 6 7 -9 9 11 -12 -13 13 -15
leaf_value=-0.0042577930083180426 -5.4592592751223636e-05 0.0028953008947494919 0.0018094252050155886 0.0012237915699565408 -0.0083295327530162385 0.0023782676844563604 0.00060963844321932368 -0.00055628478895596164 0.00040327560942457209 -0.00020529252947513524 -0.012547984961900946 0.0017094377453681087 -0.012650551395234534 0.00012459783270350744
leaf_weight=53 47 48 44 74 48 40 42 74 482 40 46 57 59 775
leaf_count=53 47 48 44 74 48 40 42 74 482 40 46 57 59 775
internal_value=0.000129601 0.00031881 5.45256e-05 -0.00287009 -0.00107914 -0.00441176 -0.00128205 -0.00517241 0.000698603 0.000376971 0 0.0056701 0.000455927 -0.000719424
internal_weight=1929 1882 1834 331 278 204 156 116 1503 1459 1362 97 1316 834
internal_count=1929 1882 1834 331 278 204 156 116 1503 1459 1362 97 1316 834
is_linear=0
shrinkage=0.05


Tree=218
num_leaves=15
num_cat=0
split_feature=4 4 3 3 1 1 4 4 4 1 1 1 4 4
split_gain=1.14905 3.16087 3.01945 3.62568 1.08257 1.76644 1.64499 1.95995 2.277 2.50976 1.93014 1.87901 2.11614 2.08166
threshold=6.4340000000000011 5.2545000000000011 1.9305000000000001 57.768000000000008 -0.99762106698677377 -0.9852109833579612 7.7970000000000015 8.4820000000000011 9.5945000000000018 0.1328271176880281 -0.96683886033945943 -0.92913280730858794 10.572500000000002 11.035000000000002
decision_type=2 2 2 2 2 2 2 2 2 2 2 2 2 2
left_child=1 2 -1 -4 -2 -6 -7 -8 9 -9 -10 -12 -13 -14
right_child=4 -3 3 -5 5 6 7 8 10 -11 11 12 13 -15
leaf_value=-0.003462239035142724 -0.0021316279348877003 -0.0033846231852223034 0.0054022343916636907 -0.0014584758128238888 0.0010977523029320757 0.00041833422649287455 -0.0014295753573862425 0.011466140679143595 -0.001668995026759096 -0.00014946254719986195 0.010791128315884949 -0.0023911587699595618 0.010200430802201689 1.1959223103569228e-06
leaf_weight=40 40 64 40 41 59 108 54 40 43 42 52 98 55 1153
leaf_count=40 40 64 40 41 59 108 54 40 43 42 52 98 55 1153
internal_value=0.000233281 -0.00351351 0.00123967 0.00679012 0.000630734 0.000821596 0.000516717 9.75927e-05 0.000438301 0.00853659 -3.56888e-05 0.000294551 -7.65697e-05 0.000496689
internal_weight=1929 185 121 81 1744 1704 1645 1537 1483 82 1401 1358 1306 1208
internal_count=1929 185 121 81 1744 1704 1645 1537 1483 82 1401 1358 1306 1208
is_linear=0
shrinkage=0.05


Tree=219
num_leaves=15
num_cat=0
split_feature=1 1 1 1 1 1 1 3 1 0 2 1 3 3
split_gain=1.02056 0.88716 0.750021 1.15916 0.976536 2.12318 0.696536 1.44319 3.13424 1.8731 1.60164 1.03034 4.98232 3.33909
threshold=0.99466160899732492 0.97505550290239451 0.94130860066615818 0.91172524504317609 0.85581839891307976 0.81078196093106825 -0.90880922144842613 3.7810000000000001 -0.95747632178960107 22.734500000000004 -0.045113073260993279 -0.30451802849190396 98.459500000000006 80.506500000000003
decision_type=2 2 2 2 2 2 2 2 2 2 2 2 2 2
left_child=1 2 3 4 5 6 7 9 10 -1 -9 12 13 -8
right_child=-2 -3 -4 -5 -6 -7 11 8 -10 -11 -12 -13 -14 -15
leaf_value=0.0081748859722980318 -0.0008825291838181281 0.0017091774608658213 -0.0084992089142766399 0.0090865873057577023 -0.0013823723345515945 0.0072208337207981038 0.00053174988349979641 0.0074342523830524037 -0.016429001337095499 -0.00056073241567701493 -0.0024445869234631379 -2.600030901338535e-05 -0.0053655722327731531 0.018358061979126785
leaf_weight=45 72 79 77 50 76 53 328 42 47 46 65 795 105 49
leaf_count=45 72 79 77 50 76 53 328 42 47 46 65 795 105 49
internal_value=0.000285122 0.000511578 0.000281215 0.000499706 0.000272562 0.000539683 0.000197109 -0.0022449 -0.00519481 0.00274725 -0.00046729 0.000665623 0.00248963 0.00517241
internal_weight=1929 1857 1778 1701 1651 1575 1522 245 154 91 107 1277 482 377
internal_count=1929 1857 1778 1701 1651 1575 1522 245 154 91 107 1277 482 377
is_linear=0
shrinkage=0.05


Tree=220
num_leaves=15
num_cat=0
split_feature=1 1 1 1 1 4 4 2 0 0 4 2 2 2
split_gain=0.620839 0.868827 0.767602 1.14106 0.998023 0.89893 3.70507 2.87396 2.83893 4.80692 2.00726 2.66519 2.93399 1.38086
threshold=0.99466160899732492 0.97505550290239451 0.94130860066615818 0.91172524504317609 0.85581839891307976 8.4820000000000011 7.7970000000000015 0.77275363110444695 18.409000000000002 14.772 10.337000000000002 -0.62971025403082126 0.70252747416915684 0.99468534776305517
decision_type=2 2 2 2 2 2 2 2 2 2 2 2 2 2
left_child=1 2 3 4 5 6 7 8 9 -1 11 -7 -13 -12
right_child=-2 -3 -4 -5 -6 10 -8 -9 -10 -11 13 12 -14 -15
leaf_value=-0.009635661996612933 -0.00083840272462722132 0.0016237185878225314 -0.0080742484685628058 0.0086322579404698157 -0.0013132537178240145 -0.0025674245490244873 -0.0029888511698498185 0.0016503535686339943 -0.0019768360985767258 0.0014134671829761386 0.00012497606753560306 0.0040466765229382326 0.00033459785679395562 -0.002169958684948048
leaf_weight=43 72 79 77 50 76 54 41 62 71 62 1116 45 40 41
leaf_count=43 72 79 77 50 76 54 41 62 71 62 1116 45 40 41
internal_value=0.000388802 0.000565428 0.000337458 0.000558495 0.000333131 0.000603175 -0.00197133 0.000420168 -0.00284091 0.00238095 0.00115741 0.00683453 0.0123529 0.000475367
internal_weight=1929 1857 1778 1701 1651 1575 279 238 176 105 1296 139 85 1157
internal_count=1929 1857 1778 1701 1651 1575 279 238 176 105 1296 139 85 1157
is_linear=0
shrinkage=0.05


Tree=221
num_leaves=15
num_cat=0
split_feature=2 4 4 3 3 0 0 2 1 0 0 1 4 1
split_gain=1.16577 3.66598 1.14215 1.6031 3.16068 0.949161 5.48165 1.87409 2.48948 2.02473 3.23955 2.06117 2.57851 2.05271
threshold=0.98666161417490339 13.410000000000002 6.4340000000000011 81.590000000000018 1.9305000000000001 25.241000000000003 24.451500000000006 -0.019329104864998576 -0.88606241628642823 26.738500000000005 29.602 -0.19244979981841048 13.448500000000001 -0.34156760613242332
decision_type=2 2 2 2 2 2 2 2 2 2 2 2 2 2
left_child=2 -2 3 4 -1 6 -4 -7 -9 -10 11 -11 -13 -12
right_child=1 -3 5 -5 -6 7 -8 8 9 10 13 12 -14 -15
leaf_value=-0.0044578340132386931 0.00087892583673262472 -0.0035225610578668966 0.00014968863614479996 -0.0030085371401696024 0.0011143872797840849 0.00064917028577682334 0.0070038947378656975 -0.007539459711643659 0.003738858981467827 -0.00017274305810797974 0.0025735599738790807 -0.0068136554538277662 -0.000694572512617328 -8.5219167172773114e-05
leaf_weight=52 49 46 1037 56 65 48 47 53 55 44 61 40 42 234
leaf_count=52 49 46 1037 56 65 48 47 53 55 44 61 40 42 234
internal_value=0.000388802 0.00578947 0.000109051 -0.00375723 -0.00042735 0.00051174 0.00138376 -0.00112652 -0.00198488 -0.000840336 -0.002019 -0.00873016 -0.0134146 0.000847458
internal_weight=1929 95 1834 173 117 1661 1084 577 529 476 421 126 82 295
internal_count=1929 95 1834 173 117 1661 1084 577 529 476 421 126 82 295
is_linear=0
shrinkage=0.05


Tree=222
num_leaves=15
num_cat=0
split_feature=1 0 4 4 4 1 0 3 2 4 1 0 0 0
split_gain=1.07563 0.97669 0.918648 2.53358 2.28732 2.14591 1.08246 2.32537 3.18032 0.756003 1.15489 1.86884 1.04874 1.00339
threshold=0.99466160899732492 36.228000000000009 6.4340000000000011 5.2545000000000011 7.112000000000001 -0.017189842955271383 32.701500000000003 26.429000000000002 0.92284787786233202 27.484000000000005 -0.97873101657557338 20.970500000000005 31.814500000000006 12.136500000000002
decision_type=2 2 2 2 2 2 2 2 2 2 2 2 2 2
left_child=1 2 3 5 -4 -1 9 8 -8 10 11 -6 13 -12
right_child=-2 -3 4 -5 6 -7 7 -9 -10 -11 12 -13 -14 -15
leaf_value=-0.00036294613082001639 -0.00063673214626508022 -0.006678796400387127 0.0037566169734670266 -0.0029702284801993413 0.00086087886152555341 0.0022859183532449603 0.0058176738491324768 0.00236926340719853 -0.0043675657573610084 0.0010781051234655004 -0.0014347229192122057 -0.008119593154141392 -0.010740247374430321 0.0001684623238778285
leaf_weight=44 72 46 52 59 50 68 45 45 46 74 73 52 42 1161
leaf_count=44 72 46 52 59 50 68 45 45 46 74 73 52 42 1161
internal_value=0.000440643 0.000673129 0.000855881 -0.00263158 0.00121951 0.00178571 0.000881612 0.00514706 0.000549451 0.000482094 0.000217707 -0.00490196 0.000626959 0.00089141
internal_weight=1929 1857 1811 171 1640 112 1588 136 91 1452 1378 102 1276 1234
internal_count=1929 1857 1811 171 1640 112 1588 136 91 1452 1378 102 1276 1234
is_linear=0
shrinkage=0.05


Tree=223
num_leaves=15
num_cat=0
split_feature=2 3 4 3 3 1 3 3 4 0 2 1 1 0
split_gain=0.944353 2.20102 1.30469 3.05708 4.83149 2.70382 3.10623 2.65413 2.04688 1.0574 1.79094 2.77521 4.21941 2.81101
threshold=0.9804906454816793 5.3015000000000008 8.4820000000000011 57.029500000000006 99.270500000000013 0.849084144669916 4.8730000000000011 1.0000000180025095e-35 9.0760000000000023 12.136500000000002 -0.51974381215551546 -0.48941038753127697 -0.17082974322534453 17.647500000000004
decision_type=2 2 2 2 2 2 2 2 2 2 2 2 2 2
left_child=2 -2 3 5 -5 6 7 -1 -4 -10 11 -11 -13 -14
right_child=1 -3 8 4 -6 -7 -8 -9 9 10 -12 12 13 -15
leaf_value=-0.00010575461100035822 0.00036813112221046885 -4.6186214836010934e-05 0.0010704868055244731 -0.0057220884395821877 0.00074122205544128171 0.004386808794798947 0.00096859219219391085 -0.0037140280460417965 -0.0016427637314591903 0.004365729546167158 -4.1971361212948815e-05 -0.010031825151184011 0.00039078262222269069 0.0061943704626921843
leaf_weight=69 53 62 44 66 56 49 46 42 74 106 912 74 211 65
leaf_count=69 53 62 44 66 56 49 46 42 74 106 912 74 211 65
internal_value=0.000388802 0.00478261 0.000110254 -0.0027439 -0.00901639 0.000970874 -0.0022293 -0.00675676 0.000740242 0.000416089 0.000730994 0.00328947 0.00114286 0.00398551
internal_weight=1929 115 1814 328 122 206 157 111 1486 1442 1368 456 350 276
internal_count=1929 115 1814 328 122 206 157 111 1486 1442 1368 456 350 276
is_linear=0
shrinkage=0.05


Tree=224
num_leaves=15
num_cat=0
split_feature=2 3 2 3 3 3 0 4 2 0 4 0 0 3
split_gain=1.05906 2.20102 1.91231 0.995107 2.18366 1.95504 1.71035 1.82798 5.81737 8.00952 4.54359 2.00095 4.81246 3.7561
threshold=0.9804906454816793 5.3015000000000008 0.95760036582190977 43.234000000000009 52.413500000000006 26.429000000000002 31.714000000000002 10.155500000000002 -0.74189640036816351 20.750000000000004 11.941500000000003 24.837000000000007 22.075500000000002 74.569000000000017
decision_type=2 2 2 2 2 2 2 2 2 2 2 2 2 2
left_child=2 -2 3 5 -5 -1 7 8 -6 -10 -9 12 13 -12
right_child=1 -3 -4 4 6 -7 -8 10 9 -11 11 -13 -14 -15
leaf_value=0.00014050007657280262 0.0003497245660999404 -4.3876904094211637e-05 -0.006885006377826736 -0.0093638958244390679 -0.0088816505193989488 0.0048774411322572379 -0.0030450252121570266 0.019699324070680424 0.028805777580762373 -0.00042866505849870062 0.0056911459318657268 -0.0023587121583582673 0.01002720666304828 -0.0012852218804856278
leaf_weight=931 53 62 52 47 65 82 45 57 45 63 41 109 43 234
leaf_count=931 53 62 52 47 65 82 45 57 45 63 41 109 43 234
internal_value=0.000129601 0.00478261 -0.00016538 0.000113507 -0.00126836 0.00113524 -0.000569801 7.61035e-05 -0.00433526 0.00277778 0.00165289 -0.000117096 0.00188679 -0.000545455
internal_weight=1929 115 1814 1762 749 1013 702 657 173 108 484 427 318 275
internal_count=1929 115 1814 1762 749 1013 702 657 173 108 484 427 318 275
is_linear=0
shrinkage=0.05


Tree=225
num_leaves=15
num_cat=0
split_feature=2 2 0 2 2 1 4 4 4 0 4 4 0 2
split_gain=1.14303 2.66255 2.5826 3.53299 2.77312 2.32895 3.14763 2.59888 1.92059 4.43528 3.40655 4.05369 3.67721 3.06489
threshold=0.1093682717844857 -0.010746888578547886 23.612000000000005 -0.23449138957041005 -0.19851654827941614 0.91172524504317609 12.779500000000002 25.595500000000005 18.429000000000006 17.841500000000003 16.740000000000006 14.876500000000002 13.162500000000001 -0.83160410544417529
decision_type=2 2 2 2 2 2 2 2 2 2 2 2 2 2
left_child=1 2 4 -4 8 7 -7 -2 10 13 11 12 -1 -10
right_child=5 -3 3 -5 -6 6 -8 -9 9 -11 -12 -13 -14 -15
leaf_value=0.010988544554713018 0.00016162190337064565 -0.0064722240713990797 -0.0010616497708417023 0.0042424444883958062 -0.0019088413962676744 -0.00023571144139584584 0.015945511906134392 -0.0033825262321439953 0.0022384921860655444 0.017393150828640267 -0.0082057342053278078 0.0018813532312694165 -0.0011931170818030191 -0.007727463614197439
leaf_weight=74 680 77 41 58 73 41 52 59 98 56 57 91 413 59
leaf_count=74 680 77 41 58 73 41 52 59 98 56 57 91 413 59
internal_value=0.000285122 -0.00077484 -9.80392e-05 0.00757576 -0.00092291 0.00168269 0.00913978 0.000744249 -0.000117925 0.00399061 -0.00149606 -0.000346021 -0.00215606 -0.000318471
internal_weight=1929 1097 1020 99 921 832 93 739 848 213 635 578 487 157
internal_count=1929 1097 1020 99 921 832 93 739 848 213 635 578 487 157
is_linear=0
shrinkage=0.05


Tree=226
num_leaves=15
num_cat=0
split_feature=0 0 0 3 3 4 1 0 0 2 1 1 0 4
split_gain=1.13426 2.33796 2.06498 2.02918 4.17445 3.80852 3.16847 3.64544 3.42284 3.03968 2.85608 4.58754 2.38742 2.4692
threshold=23.612000000000005 24.943000000000001 22.556500000000003 8.2140000000000022 2.0830000000000006 15.496500000000003 -0.34156760613242332 31.134000000000004 33.610500000000009 0.81404609350821777 0.95444582372253872 0.823915376013162 31.266000000000002 15.992000000000003
decision_type=2 2 2 2 2 2 2 2 2 2 2 2 2 2
left_child=2 -2 -1 4 6 -6 -3 -8 -9 10 11 12 13 -5
right_child=1 3 -4 9 5 -7 7 8 -10 -11 -12 -13 -14 -15
leaf_value=-6.070005280607305e-05 0.0010599595670657685 0.00099269612361416464 -0.0049723174382347857 0.001847480837228588 0.00022791348888516195 0.006351711948274147 -0.0058207732560644392 0.0057590374190625848 -0.001287633808075217 0.0018800198787979894 0.0028842602159376064 -0.013575866469235826 -0.016034179859067309 -0.003732798987450148
leaf_weight=1014 93 58 73 46 60 47 108 47 55 145 53 41 44 45
leaf_count=1014 93 58 73 46 60 47 108 47 55 145 53 41 44 45
internal_value=0.000285122 0.00166271 -0.000781969 0.000734312 0.00333333 0.0116822 0 -0.00285714 0.00392157 -0.00187166 -0.00545852 -0.00852273 -0.00407407 0.000549451
internal_weight=1929 842 1087 749 375 107 268 210 102 374 229 176 135 91
internal_count=1929 842 1087 749 375 107 268 210 102 374 229 176 135 91
is_linear=0
shrinkage=0.05


Tree=227
num_leaves=15
num_cat=0
split_feature=0 0 0 1 1 4 4 3 1 2 0 1 2 3
split_gain=1.24714 2.26428 2.06498 1.92486 3.26423 1.83994 1.78614 1.77892 3.07035 1.66067 2.68782 2.03824 1.84688 2.23541
threshold=23.612000000000005 24.943000000000001 22.556500000000003 -0.49750868180287644 -0.32533907195844741 12.779500000000002 22.937000000000001 4.0765000000000011 -0.74981945761428193 0.37522380421282725 28.600500000000004 0.97873101657557349 0.65278973532535922 36.530500000000011
decision_type=2 2 2 2 2 2 2 2 2 2 2 2 2 2
left_child=2 5 -1 7 -5 -2 9 -3 -9 11 -11 -6 -12 -14
right_child=1 3 -4 4 6 -7 -8 8 -10 10 12 -13 13 -15
leaf_value=-5.7665050165767175e-05 0.00052360115554101817 0.00024421209130769394 -0.0047237015663230469 0.0068892961252860823 -0.011504228476965596 0.0053399314605076936 -0.0033537684379614154 -0.00020516926782983004 -0.0082109091863921679 0.0070133981783207597 0.00050172716777985293 0.00056996578631395012 -0.0012232521176714585 0.0011402768330960433
leaf_weight=1014 41 56 73 41 55 52 54 76 41 65 64 64 167 66
leaf_count=1014 41 56 73 41 55 52 54 76 41 65 64 64 167 66
internal_value=0.000336962 0.00178147 -0.000781969 0.000867824 0.00225694 0.00913978 0.00121495 -0.00375723 -0.00726496 0.00218295 0.0038674 -0.00294118 0.00185185 -0.000214592
internal_weight=1929 842 1087 749 576 93 535 173 117 481 362 119 297 233
internal_count=1929 842 1087 749 576 93 535 173 117 481 362 119 297 233
is_linear=0
shrinkage=0.05


Tree=228
num_leaves=15
num_cat=0
split_feature=0 1 1 0 0 3 4 1 4 3 0 2 4 4
split_gain=1.66463 2.00444 4.39786 2.08309 1.12691 0.747383 3.24056 5.07019 6.11452 2.47376 2.94796 2.14661 1.98815 4.38498
threshold=32.701500000000003 0.54817103930762578 0.16681837808193059 34.493000000000009 31.653000000000002 90.359500000000011 17.097500000000004 0.73465119469809237 10.018000000000002 99.202000000000012 20.539000000000005 -0.75331262247159991 17.982500000000005 18.970500000000005
decision_type=2 2 2 2 2 2 2 2 2 2 2 2 2 2
left_child=4 2 3 -2 5 12 7 8 -7 -8 11 -11 -1 -14
right_child=1 -3 -4 -5 -6 6 9 -9 -10 10 -12 -13 13 -15
leaf_value=-9.9055247155283022e-05 0.001594647465881649 0.0013114148804551995 -0.0064536746422872993 6.0041477087213746e-05 -0.0043601188151037419 -0.0089810769660160546 -0.0063100365165293382 0.0088940478267769407 0.0035665500221965575 -7.7793284044493796e-05 0.0063847509581493158 -0.013741205407893423 0.0070444141917044498 0.00023262875157091384
leaf_weight=864 46 58 53 44 63 91 51 79 125 41 44 40 54 276
leaf_count=864 46 58 53 44 63 91 51 79 125 41 44 40 54 276
internal_value=-7.77605e-05 0.00422886 0.00104895 0.00777778 -0.000578704 -0.00033033 -0.00201699 0.00118644 -0.00277778 -0.00738636 -0.0036 -0.00925926 0.000335008 0.00363636
internal_weight=1929 201 143 90 1728 1665 471 295 216 176 125 81 1194 330
internal_count=1929 201 143 90 1728 1665 471 295 216 176 125 81 1194 330
is_linear=0
shrinkage=0.05


Tree=229
num_leaves=15
num_cat=0
split_feature=0 1 1 3 0 2 1 4 3 3 1 4 0 1
split_gain=1.33792 2.2669 3.87603 2.019 1.12691 1.23529 6.32551 3.21375 3.09612 3.20889 3.26294 4.4078 2.51126 1.4067
threshold=32.701500000000003 0.54817103930762578 0.16681837808193059 5.2340000000000009 31.653000000000002 0.37522380421282725 0.65189295912203349 23.729500000000005 0.47750000000000004 95.365500000000011 -0.12447811117596669 15.496500000000003 27.630500000000001 0.99762106698677389
decision_type=2 2 2 2 2 2 2 2 2 2 2 2 2 2
left_child=4 2 3 -2 5 12 7 8 -7 10 11 -10 13 -1
right_child=1 -3 -4 -5 -6 6 -8 -9 9 -11 -12 -13 -14 -15
leaf_value=-0.0001701359564324996 0.0054423999938245319 0.0012458441364324405 -0.0061309909101729294 -1.5004908259985683e-05 -0.0041421128743485578 -0.0027431751871534876 0.0033890147820719615 -0.016956781065092175 -0.00027361296117253133 -0.00087891905346675211 0.011199440467180478 0.004898366786692223 -0.0020606592607085306 0.0058379241276164638
leaf_weight=1120 47 58 53 43 63 76 84 44 59 75 48 43 75 41
leaf_count=1120 47 58 53 43 63 76 84 44 59 75 48 43 75 41
internal_value=-0.000129601 0.00373134 0.00034965 0.00666667 -0.000578704 -0.00033033 0.00198135 -0.00101449 0.000830565 0.00377778 0.008 0.00294118 -0.00113269 -0.000559862
internal_weight=1929 201 143 90 1728 1665 429 345 301 225 150 102 1236 1161
internal_count=1929 201 143 90 1728 1665 429 345 301 225 150 102 1236 1161
is_linear=0
shrinkage=0.05


Tree=230
num_leaves=15
num_cat=0
split_feature=0 2 2 0 0 1 4 3 3 2 0 2 0 4
split_gain=1.11313 1.04666 3.83175 1.64337 4.61245 3.04447 0.97561 0.907004 2.52127 4.93259 3.84161 3.1168 2.5201 1.90146
threshold=35.160500000000006 0.89420283937402645 0.82438889030848939 28.075500000000002 30.408000000000005 -1.0000000180025095e-35 16.168000000000003 45.218000000000011 65.018000000000015 0.46105717635705401 26.738500000000005 0.67844406397199097 20.750000000000004 18.043000000000003
decision_type=2 2 2 2 2 2 2 2 2 2 2 2 2 2
left_child=1 2 7 -3 -5 -6 -2 13 12 10 -10 -11 -9 -1
right_child=6 3 -4 4 5 -7 -8 8 9 11 -12 -13 -14 -15
leaf_value=-0.00012459785028152287 -0.00093088171928210062 -0.0017546339142154534 0.010603757198391539 0.020482567500733323 0.00027648984440747649 -0.0027850186824741833 0.011263483256251712 -0.0011163250330150699 -0.00033542274273177798 0.005409051592910042 -0.015699497982296529 -0.00013756037173833226 -0.013832107333743293 0.0016190905981501415
leaf_weight=665 40 61 61 41 51 63 41 52 423 60 45 41 44 241
leaf_count=665 40 61 61 41 51 63 41 52 423 60 45 41 44 241
internal_value=-0.000181441 -0.0004329 0 -0.0037037 -0.000967742 -0.00614035 0.00555556 -0.000477403 -0.0018797 -0.000615114 -0.00277778 0.00940594 -0.009375 0.000551876
internal_weight=1929 1848 1632 216 155 114 81 1571 665 569 468 101 96 906
internal_count=1929 1848 1632 216 155 114 81 1571 665 569 468 101 96 906
is_linear=0
shrinkage=0.05


Tree=231
num_leaves=15
num_cat=0
split_feature=1 3 1 1 1 4 2 2 3 4 3 3 3 3
split_gain=0.814741 0.943912 2.71643 4.81754 4.68469 2.51034 2.01877 1.97735 2.23385 3.27662 1.80327 2.4831 2.17639 3.47981
threshold=0.99466160899732492 78.020000000000024 0.95236875646279973 0.849084144669916 0.64460769028158504 10.018000000000002 -0.81202266594587924 -0.13070653084037345 99.090500000000006 16.5425 65.419000000000025 56.076500000000003 26.429000000000002 19.448000000000004
decision_type=2 2 2 2 2 2 2 2 2 2 2 2 2 2
left_child=1 10 3 4 5 -3 -7 -8 9 -9 11 12 13 -1
right_child=-2 2 -4 -5 -6 6 7 8 -10 -11 -12 -13 -14 -15
leaf_value=5.6426769274633975e-05 -0.00061474269687468441 -0.0086292640657580546 0.014052923718482175 -0.014024181073481174 0.0092836688251569776 0.0019353102113162325 -0.0041776884636943847 0.0046033795221414138 0.0021567599330457434 -0.0077940539077437608 0.0043829958677121103 -0.0035825065152515047 0.0016442802445129703 -0.0094273105719432197
leaf_weight=950 72 100 45 42 49 102 55 44 106 40 61 53 168 42
leaf_count=950 72 100 45 42 49 102 55 44 106 40 61 53 168 42
internal_value=-0.000336962 -0.000134626 -0.00180103 -0.0027881 -0.00141129 -0.00302013 -0.00100865 -0.00346939 -0.00105263 -0.00714286 0.000627943 0.000206101 0.000689655 -0.000201613
internal_weight=1929 1857 583 538 496 447 347 245 190 84 1274 1213 1160 992
internal_count=1929 1857 583 538 496 447 347 245 190 84 1274 1213 1160 992
is_linear=0
shrinkage=0.05


Tree=232
num_leaves=15
num_cat=0
split_feature=2 0 0 4 0 2 1 1 2 1 4 1 4 0
split_gain=0.880603 2.63887 3.4643 2.6475 2.57609 1.95326 1.35042 4.59665 1.93455 2.04529 2.94425 1.94955 1.30394 1.24136
threshold=0.37522380421282725 21.179500000000004 23.612000000000005 23.729500000000005 26.807000000000006 0.29426351849031901 -0.58429276287313703 -0.34156760613242332 0.92284787786233202 0.61794704089537544 13.895500000000002 -1.0000000180025095e-35 13.840500000000002 25.603000000000005
decision_type=2 2 2 2 2 2 2 2 2 2 2 2 2 2
left_child=5 -2 -3 4 -4 13 -6 -8 9 -9 -11 -10 -13 -1
right_child=1 2 3 -5 6 -7 7 8 11 10 -12 12 -14 -15
leaf_value=-0.00015499736165360407 0.0038875650870918016 -0.014294131257613097 0.0043105844137567633 -0.0018345602921055319 -0.0050305582961585162 -0.0093164614771238004 0.02018236288532238 0.0040734339521430385 0.00015606547707334162 -0.00073073391585049561 0.00043650830703911294 -0.0002619620865521588 -0.010058923747321875 0.00027236223862938671
leaf_weight=1080 46 41 75 60 67 46 41 60 70 63 60 51 40 129
leaf_count=1080 46 41 75 60 67 46 41 60 70 63 60 51 40 129
internal_value=2.59202e-05 0.00148368 0.000636943 0.0016184 0.00275142 -0.000756972 0.00132743 0.00246753 0.000581395 0.00409836 0.000406504 -0.00341615 -0.00824176 -0.000372208
internal_weight=1929 674 628 587 527 1255 452 385 344 183 123 161 91 1209
internal_count=1929 674 628 587 527 1255 452 385 344 183 123 161 91 1209
is_linear=0
shrinkage=0.05


Tree=233
num_leaves=15
num_cat=0
split_feature=0 4 0 1 1 2 1 4 1 0 0 2 4 4
split_gain=0.6699 0.590184 0.583881 2.81658 2.42 1.16452 3.92331 4.76379 3.48102 2.49618 2.37648 2.51925 1.70987 0.94173
threshold=35.160500000000006 16.168000000000003 31.653000000000002 1.0000000180025095e-35 0.44380628866780453 0.37522380421282725 0.65189295912203349 7.4080000000000004 0.33302288323572038 29.450000000000003 30.208500000000004 0.92933244589178743 15.831500000000002 26.029000000000003
decision_type=2 2 2 2 2 2 2 2 2 2 2 2 2 2
left_child=2 -2 5 -4 -5 13 7 -7 10 -8 11 12 -9 -1
right_child=1 -3 3 4 -6 6 9 8 -10 -11 -12 -13 -14 -15
leaf_value=-0.00028402611546461399 -0.00097072647268904024 0.0096883696107092753 0.00074591497865120768 -0.0056749136646766958 -0.00012081131549156466 0.0029924987400180014 0.0075051842919751869 -0.0028075616112666828 -0.0099359803425244086 9.0532394036330074e-05 -0.0017236166515936626 0.0036680561978634368 0.0020454823417236814 0.0023248670654661191
leaf_weight=1159 40 41 63 45 75 41 41 64 41 43 50 72 77 77
leaf_count=1159 40 41 63 45 75 41 41 64 41 43 50 72 77 77
internal_value=-0.000129601 0.00432099 -0.000324675 -0.00300546 -0.0075 -3.003e-05 0.00221445 -0.000144928 -0.00230263 0.0119048 -0.000190114 0.00211268 -0.00177305 -0.000809061
internal_weight=1929 81 1848 183 120 1665 429 345 304 84 263 213 141 1236
internal_count=1929 81 1848 183 120 1665 429 345 304 84 263 213 141 1236
is_linear=0
shrinkage=0.05


Tree=234
num_leaves=15
num_cat=0
split_feature=3 4 4 0 0 4 0 1 4 3 2 0 3 3
split_gain=0.486073 2.32548 5.13817 3.75104 5.16894 3.11345 3.05794 2.81933 3.16046 2.06393 1.95313 1.88462 1.81127 4.6293
threshold=71.33150000000002 17.097500000000004 15.461000000000002 13.078000000000001 14.772 23.266000000000002 17.994500000000006 -0.37371625404731884 13.170000000000002 96.76700000000001 0.21113058295073206 18.528500000000005 26.429000000000002 19.977
decision_type=2 2 2 2 2 2 2 2 2 2 2 2 2 2
left_child=12 2 3 -2 -5 10 -6 -8 9 -9 -3 -7 13 -1
right_child=1 5 -4 4 6 11 7 8 -10 -11 -12 -13 -14 -15
leaf_value=-1.1912842294992121e-05 0.022765956960776237 -0.012874497025796062 0.0076287576738861169 -0.012454823223745033 0.0048704172599243704 0.0049233342838378193 -0.012725048596442176 8.4107347366729767e-05 0.0065486227048971377 -0.00070511984612494369 -0.00054305743803869104 -0.0042154370785322907 0.0010957006693312851 -0.0096212422941731462
leaf_weight=993 45 81 45 40 59 52 66 49 42 54 51 52 260 40
leaf_count=993 45 81 45 40 59 52 66 49 42 54 51 52 260 40
internal_value=-0.000440643 -0.00157233 0.00075 -0.00126761 -0.00322581 -0.00550847 -0.000740741 -0.0035545 0.000344828 -0.00436893 -0.0106061 0.000961538 0.000116009 -0.000822846
internal_weight=1929 636 400 355 310 236 270 211 145 103 132 104 1293 1033
internal_count=1929 636 400 355 310 236 270 211 145 103 132 104 1293 1033
is_linear=0
shrinkage=0.05


Tree=235
num_leaves=15
num_cat=0
split_feature=4 0 2 4 4 2 4 4 0 2 2 1 3 4
split_gain=0.743032 1.38496 1.21235 2.49665 1.81703 1.33298 1.36599 1.15258 1.00157 4.37453 3.43103 3.4234 2.41318 1.26188
threshold=28.391000000000002 35.160500000000006 0.89420283937402645 8.7960000000000012 12.307 0.82438889030848939 3.9690000000000007 26.029000000000003 29.284000000000002 0.66485539796428639 0.50618570606421198 0.81825490718534677 20.808500000000006 15.992000000000003
decision_type=2 2 2 2 2 2 2 2 2 2 2 2 2 2
left_child=1 2 5 -4 -5 6 -1 8 10 11 13 -10 -12 -8
right_child=-2 -3 3 4 -6 -7 7 -9 9 -11 12 -13 -14 -15
leaf_value=-0.00041490532141796323 -0.00049456236106488756 0.00078135072556370091 0.0004383700599678048 -0.0012187554400096903 -0.00066249765584831539 0.0098614191526552458 0.00012647958271464269 0.0029419596552361735 0.00035057826423858798 -0.0017924610146069983 -0.00024871024960617386 -0.0013583390613739145 0.01275561793515983 -0.0010980551228931775
leaf_weight=48 65 74 42 53 117 59 753 54 48 64 42 79 61 370
leaf_count=48 65 74 42 53 117 59 753 54 48 64 42 79 61 370
internal_value=-0.000129601 5.36481e-05 -0.000223464 -0.00377358 -0.00647059 0.000253485 -3.29164e-05 0.000237933 -3.52858e-05 -0.00340314 0.000489396 0.0019685 0.0092233 -0.000311665
internal_weight=1929 1864 1790 212 170 1578 1519 1471 1417 191 1226 127 103 1123
internal_count=1929 1864 1790 212 170 1578 1519 1471 1417 191 1226 127 103 1123
is_linear=0
shrinkage=0.05


Tree=236
num_leaves=15
num_cat=0
split_feature=4 0 2 2 0 2 2 4 3 3 1 3 1 4
split_gain=0.757764 1.36288 0.681947 2.27782 2.11582 3.0912 1.35599 1.26185 0.984366 2.90231 4.0606 2.50407 1.80458 4.27193
threshold=28.391000000000002 35.160500000000006 0.89420283937402645 0.93554238417682101 30.284500000000005 0.99276848381014016 0.82438889030848939 26.029000000000003 0.56900000000000006 3.6180000000000003 -0.25084665036108228 0.17850000000000002 0.95236875646279973 15.736000000000002
decision_type=2 2 2 2 2 2 2 2 2 2 2 2 2 2
left_child=1 2 6 -4 -5 -6 7 8 11 10 -10 12 13 -1
right_child=-2 -3 3 4 5 -7 -8 -9 9 -11 -12 -13 -14 -15
leaf_value=-0.00061675890001707499 -0.0004698342430116409 0.00074228318928551982 -0.0045892649226688233 0.0031179321474591238 -0.004483737229648471 0.0001557930097085547 0.0093683481950224828 0.0027948616724743653 0.00029182229895155509 -7.1977522875565916e-05 -0.0053558184638106132 0.0029330924958621998 -0.0011466539495613188 0.0045700086101463895
leaf_weight=226 65 74 41 75 52 44 59 54 40 955 54 41 59 90
leaf_count=226 65 74 41 75 52 44 59 54 40 955 54 41 59 90
internal_value=-7.77605e-05 0.000107296 -0.000167598 -0.00283019 -0.000292398 -0.00520833 0.000190114 -9.87492e-05 -0.000375427 -0.00119161 -0.00957447 0.00168269 0.0004 0.00189873
internal_weight=1929 1864 1790 212 171 96 1578 1519 1465 1049 94 416 375 316
internal_count=1929 1864 1790 212 171 96 1578 1519 1465 1049 94 416 375 316
is_linear=0
shrinkage=0.05


Tree=237
num_leaves=15
num_cat=0
split_feature=0 0 2 4 2 2 3 2 1 0 0 3 1 0
split_gain=1.27612 2.08696 3.54816 1.04928 4.24024 2.80271 2.81448 2.77212 2.73025 6.38028 3.00687 3.34538 2.58019 2.11645
threshold=33.815000000000005 36.228000000000009 0.93554238417682101 9.8225000000000016 0.77275363110444695 0.6263638349297701 99.041500000000013 0.77275363110444695 0.83042381995921366 24.327000000000002 17.725000000000005 57.029500000000006 -0.32533907195844741 28.075500000000002
decision_type=2 2 2 2 2 2 2 2 2 2 2 2 2 2
left_child=3 2 -2 4 8 -5 7 -7 10 -10 -1 -12 -9 -14
right_child=1 -3 -4 5 -6 6 -8 12 9 -11 11 -13 13 -15
leaf_value=0.00080388361279845057 0.0049961940793214147 -0.0066792757170324006 -0.0020197507487121958 -4.4272105654739188e-05 0.0026087086460164113 -0.0050337903229122462 0.002962035540086172 0.0038172891899180272 0.0068913681519636068 -0.0028005063017122246 -0.00023265949532994269 -0.00569087311774308 -0.0094306546394198228 -0.00099186693182874426
leaf_weight=147 52 46 40 1050 63 66 61 49 49 50 78 46 43 89
leaf_count=147 52 46 40 1050 63 66 61 49 49 50 78 46 43 89
internal_value=-0.000285122 0.00434783 0.00869565 -0.000642099 0.00150115 -0.00132548 -0.00551948 -0.00789474 -0.000540541 0.00656566 -0.00313653 -0.00887097 -0.00469613 -0.00833333
internal_weight=1929 138 92 1791 433 1358 308 247 370 99 271 124 181 132
internal_count=1929 138 92 1791 433 1358 308 247 370 99 271 124 181 132
is_linear=0
shrinkage=0.05


Tree=238
num_leaves=15
num_cat=0
split_feature=1 1 3 1 1 1 4 0 1 2 1 0 1 1
split_gain=0.864026 0.793042 5.21295 0.964016 0.847165 1.01298 0.743077 1.00832 0.74993 1.36948 1.36805 0.70103 5.31138 1.0615
threshold=0.99466160899732492 0.96413834225895678 2.4400000000000004 0.94130860066615818 0.91585580712236381 0.88267879832554763 29.256500000000006 34.995000000000012 -0.97873101657557338 0.023632005545605003 -0.95747632178960107 31.653000000000002 0.030073020370188292 -0.86095304316285715
decision_type=2 2 2 2 2 2 2 2 2 2 2 2 2 2
left_child=1 3 -3 4 5 6 7 8 9 -1 -10 13 -13 -12
right_child=-2 2 -4 -5 -6 -7 -8 -9 10 -11 11 12 -14 -15
leaf_value=0.00034780953563290921 -0.00048592289711306972 -0.0013882330025646152 0.0041450658065698646 -0.0098054522290621227 0.010575114348747392 -0.0015679773567991969 -0.00037763018603035329 0.00074600291418519538 0.005294807866643797 -0.0060311723633057479 -0.00081842703705922173 0.00049877986553336089 -0.0016919375027737854 8.8245343848044133e-05
leaf_weight=63 72 42 65 49 44 47 50 79 46 48 124 62 92 1046
leaf_count=63 72 42 65 49 44 47 50 79 46 48 124 62 92 1046
internal_value=-0.000181441 2.69251e-05 0.00420561 -0.000228571 -2.93945e-05 -0.000211225 0 0.000192308 -0.000101283 -0.00405405 0.000218978 -7.55287e-05 -0.00324675 0.00034188
internal_weight=1929 1857 107 1750 1701 1657 1610 1560 1481 111 1370 1324 154 1170
internal_count=1929 1857 107 1750 1701 1657 1610 1560 1481 111 1370 1324 154 1170
is_linear=0
shrinkage=0.05


Tree=239
num_leaves=15
num_cat=0
split_feature=4 0 4 0 3 1 1 3 1 2 1 0 1 1
split_gain=0.714001 1.43761 1.36992 1.2327 1.07374 2.34146 3.99936 2.0533 1.63207 4.04948 3.93373 2.72187 2.67029 2.03852
threshold=28.391000000000002 33.815000000000005 15.992000000000003 32.991000000000007 99.998000000000005 0.030073020370188292 -0.6118807350392268 99.694000000000003 -0.30451802849190396 -0.89611523788151459 -0.17552986495351994 13.078000000000001 -0.073094453017891248 -0.48941038753127697
decision_type=2 2 2 2 2 2 2 2 2 2 2 2 2 2
left_child=1 3 -3 4 7 6 -6 8 9 -1 -10 -12 -13 -11
right_child=-2 2 -4 -5 5 -7 -8 -9 10 13 11 12 -14 -15
leaf_value=0.016777197871956001 -0.00029052396660977919 0.00021839606302477278 0.00087404948793001628 -0.001032277381261798 0.0018523653932978196 0.0065841719772296668 -0.023573019453258532 -0.0050119194929242918 -0.012302029714733582 0.00022577235122607094 -0.0091777968653401522 0.0078183881791996802 -8.0250400374792807e-05 -0.0036281738188577405
leaf_weight=42 65 75 54 48 72 123 51 44 54 450 57 40 705 49
leaf_count=42 65 75 54 48 72 123 51 44 54 450 57 40 705 49
internal_value=-0.000233281 -5.36481e-05 0.00503876 -0.000432277 -0.000207469 0.00284553 -0.00203252 -0.000728661 -0.000393701 0.00175601 -0.00175234 -0.000872818 -6.71141e-05 0.000501002
internal_weight=1929 1864 129 1735 1687 246 123 1441 1397 541 856 802 745 499
internal_count=1929 1864 129 1735 1687 246 123 1441 1397 541 856 802 745 499
is_linear=0
shrinkage=0.05


Tree=240
num_leaves=15
num_cat=0
split_feature=1 0 1 4 0 1 0 0 4 4 1 1 2 4
split_gain=0.630605 2.45 2.24472 2.22724 0.96717 0.933284 0.736126 6.3448 1.702 2.28355 1.62042 1.90238 5.73424 3.87497
threshold=-0.99052327954040364 21.720000000000002 -0.97873101657557338 29.256500000000006 35.160500000000006 -0.95747632178960107 16.729500000000005 16.141500000000004 7.0325000000000015 9.8225000000000016 0.53371312107676727 -0.7266007961912001 -0.87204617232061787 22.578500000000002
decision_type=2 2 2 2 2 2 2 2 2 2 2 2 2 2
left_child=1 -1 -2 4 5 -4 7 8 -7 -10 11 -11 13 -13
right_child=2 -3 3 -5 -6 6 -8 -9 9 10 -12 12 -14 -15
leaf_value=0.0051066056756795541 -0.0025850472578135553 -0.0030743661973447276 0.005018778855750302 -0.0040748181094975603 0.00085803340698172308 -0.00092808332609513463 -0.00014600205839077063 0.026489882877618637 0.0061176205568403766 -0.0078090338335417789 -0.0020265003369512799 -0.0024887303842820677 0.013194111076481621 0.0053680622508168966
leaf_weight=40 40 40 46 42 76 56 1142 40 57 40 45 181 44 40
leaf_count=40 40 40 46 42 76 56 1142 40 57 40 45 181 44 40
internal_value=-0.000596164 0.00375 -0.000784208 -0.000525152 -0.000254669 -0.000502661 -0.000699088 0.000894632 -0.00075594 0.00036855 -0.00114286 0.000163934 0.00169811 -0.00158371
internal_weight=1929 80 1849 1809 1767 1691 1645 503 463 407 350 305 265 221
internal_count=1929 80 1849 1809 1767 1691 1645 503 463 407 350 305 265 221
is_linear=0
shrinkage=0.05


Tree=241
num_leaves=15
num_cat=0
split_feature=0 2 0 4 4 2 0 1 4 2 2 4 3 4
split_gain=0.79273 2.45185 2.05813 1.9302 1.71337 1.34324 1.60932 3.36297 3.99288 1.42657 1.36138 8.39835 2.70206 1.5682
threshold=32.056500000000007 0.70252747416915684 31.498000000000005 11.356500000000002 17.883000000000003 0.98666161417490339 29.602 0.83042381995921366 15.018000000000002 0.87796008470088804 0.49751328890718055 20.334000000000003 68.88900000000001 25.755000000000006
decision_type=2 2 2 2 2 2 2 2 2 2 2 2 2 2
left_child=2 -2 5 -3 -5 6 9 8 -8 10 13 12 -12 -1
right_child=1 3 -4 4 -6 -7 7 -9 -10 -11 11 -13 -14 -15
leaf_value=-0.00024672513580465544 -0.0004134248133784796 -0.00033632200335891873 -0.00225902751178913 0.0055043562849420137 9.5864877604226462e-05 -0.0002989814532428942 0.0052738180434457318 -0.0047863554156198406 -0.00040147274633725583 -0.0027240052692717679 0.00053658992093816998 -0.0065498550642440149 0.027242228558508788 0.0019388274376264229
leaf_weight=1158 66 64 42 60 46 42 52 42 45 69 72 41 49 81
leaf_count=1158 66 64 42 60 46 42 52 42 45 69 72 41 49 81
internal_value=-0.000596164 0.00211864 -0.000974601 0.00529412 0.00943396 -0.000696548 -0.000466128 0.00467626 0.00979381 -0.000952381 -0.000606709 0.0037037 0.0103306 -0.0011703
internal_weight=1929 236 1693 170 106 1651 1609 139 97 1470 1401 162 121 1239
internal_count=1929 236 1693 170 106 1651 1609 139 97 1470 1401 162 121 1239
is_linear=0
shrinkage=0.05


Tree=242
num_leaves=15
num_cat=0
split_feature=1 0 1 3 3 1 0 0 0 2 0 0 4 4
split_gain=0.692215 2.45 1.3245 0.878384 2.26534 3.83178 2.8957 6.38523 3.38203 3.68737 4.23325 2.86524 2.12987 3.9092
threshold=-0.99052327954040364 21.720000000000002 -0.97873101657557338 71.33150000000002 93.590000000000018 0.81078196093106825 12.599500000000001 14.037000000000001 26.738500000000005 0.12643880951666986 17.360000000000003 17.410500000000003 9.8225000000000016 10.692500000000001
decision_type=2 2 2 2 2 2 2 2 2 2 2 2 2 2
left_child=1 -1 -2 12 5 11 -6 -8 9 10 -9 -5 -4 -14
right_child=2 -3 3 4 6 -7 7 8 -10 -11 -12 -13 13 -15
leaf_value=0.0048636116486858103 -0.0024434586381326452 -0.0029044429404239433 0.00036105542540499914 -0.0085821342460688076 0.016904332527179985 -0.0014659296092307261 -0.0096773288017372797 0.0042900325950708251 -0.00073984580855765989 0.018543409800714561 -0.0081347154925336309 0.001645168828821253 -0.0061875576825783825 -4.5233436425673458e-05
leaf_weight=40 40 40 312 43 53 41 46 77 105 82 72 65 65 848
leaf_count=40 40 40 312 43 53 41 46 77 105 82 72 65 65 848
internal_value=-0.000803525 0.00375 -0.00100054 -0.000801548 -0.00239726 -0.00771812 -0.000574713 -0.00209424 0.000297619 0.00367965 -0.00100671 -0.00277778 -4.08163e-05 -0.00125958
internal_weight=1929 80 1849 1809 584 149 435 382 336 231 149 108 1225 913
internal_count=1929 80 1849 1809 584 149 435 382 336 231 149 108 1225 913
is_linear=0
shrinkage=0.05


Tree=243
num_leaves=15
num_cat=0
split_feature=1 0 1 1 0 0 4 0 3 1 3 3 3 3
split_gain=0.774649 1.17818 1.08953 3.47906 2.0393 4.87013 4.77543 6.25541 3.22509 2.91764 2.22222 1.56642 3.79278 3.2
threshold=-0.9852109833579612 20.970500000000005 -0.56602321513292997 -0.48941038753127697 20.383000000000003 22.734500000000004 21.417000000000005 17.994500000000006 4.0765000000000011 -0.7721494341254892 53.003000000000007 3.5465000000000004 0.64750000000000008 2.0830000000000006
decision_type=2 2 2 2 2 2 2 2 2 2 2 2 2 2
left_child=1 -1 4 -4 6 -6 7 10 -7 -10 -2 12 -5 -14
right_child=2 -3 3 11 5 8 -8 -9 9 -11 -12 -13 13 -15
leaf_value=0.0037898605536868138 -0.00013855590605109589 -0.001463599384847919 0.0099039988133627355 -7.8391849870412816e-05 0.011751724357255511 0.00034041355369902605 -0.012669974268479668 -0.0031977313863098887 -0.00056183725722580569 -0.0108324052550211 0.0065571400217061433 0.00012223829603851821 -0.0055862610471380915 -0.0006105027730538698
leaf_weight=45 72 55 49 413 55 67 47 56 67 42 48 833 40 40
leaf_count=45 72 55 49 413 55 67 47 56 67 42 48 833 40 40
internal_value=-0.000285122 0.004 -0.00051941 0.000181818 -0.00264317 0.000649351 -0.00605381 -0.00227273 -0.00340909 -0.0087156 0.00416667 -0.000301659 -0.0025355 -0.0125
internal_weight=1929 100 1829 1375 454 231 223 176 176 109 120 1326 493 80
internal_count=1929 100 1829 1375 454 231 223 176 176 109 120 1326 493 80
is_linear=0
shrinkage=0.05


Tree=244
num_leaves=15
num_cat=0
split_feature=4 1 1 4 1 0 1 3 1 3 4 4 1 2
split_gain=0.875128 0.873518 1.33267 0.942814 2.24093 5.39431 2.7398 3.9602 3.82669 4.80217 2.42 2.02979 2.85778 2.50976
threshold=3.3740000000000001 -0.9852109833579612 -0.99762106698677377 9.8225000000000016 0.83042381995921366 23.818500000000004 0.62540478151835122 77.495500000000007 -0.74981945761428193 4.8730000000000011 7.29 10.572500000000002 -0.96683886033945943 -0.26538825390934467
decision_type=2 2 2 2 2 2 2 2 2 2 2 2 2 2
left_child=-1 2 -2 4 6 -6 7 8 -3 10 -10 13 -13 -5
right_child=1 3 -4 11 5 -7 -8 -9 9 -11 -12 12 -14 -15
leaf_value=-0.0015381650115629643 -0.0013973597939389336 -0.00078753211553124827 0.0012052656165715383 -0.0083747278552556478 0.013406029201414208 -0.00017517474150420821 -0.0014792333028401227 -0.0046926412036228035 0.0062047662238414311 0.016572486983006989 -0.00049675664282791546 -0.0028292769386270237 1.109652392241381e-05 -0.00029579924496158099
leaf_weight=40 40 50 59 40 40 52 51 82 40 48 50 41 1254 42
leaf_count=40 40 50 59 40 40 52 51 82 40 48 50 41 1254 42
internal_value=-0.000181441 -2.6469e-05 0.00454545 -0.00027933 0.00181598 0.00869565 -0.000155763 0.00185185 0.00585106 0.0101449 0.00333333 -0.000907771 -0.00042471 -0.00853659
internal_weight=1929 1889 99 1790 413 92 321 270 188 138 90 1377 1295 82
internal_count=1929 1889 99 1790 413 92 321 270 188 138 90 1377 1295 82
is_linear=0
shrinkage=0.05


Tree=245
num_leaves=15
num_cat=0
split_feature=1 4 2 0 0 0 2 2 2 4 3 0 0 0
split_gain=1.26546 0.963845 1.54839 2.51241 1.10531 1.36487 1.9592 3.22314 1.02935 6.50872 2.46099 2.72727 4.89215 1.58711
threshold=0.99466160899732492 24.309500000000003 0.43802537080760273 15.937000000000003 34.995000000000012 31.653000000000002 0.70252747416915684 0.90150168413188403 0.46105717635705401 7.4080000000000004 0.56900000000000006 26.807000000000006 24.257500000000004 28.441000000000003
decision_type=2 2 2 2 2 2 2 2 2 2 2 2 2 2
left_child=1 4 3 -3 5 8 -7 -8 -1 -10 13 12 -12 -11
right_child=-2 2 -4 -5 -6 6 7 -9 9 10 11 -13 -14 -15
leaf_value=-0.00028491913086983007 -0.00062149193036067788 -0.0012513880964696558 -0.00038756294875488405 0.010977307673518759 0.00057771642383507016 -0.0031031056483166175 0.0058029020741903999 -0.0017966679806275421 0.0044246276326961658 -0.0099483060481559676 -0.0010158309886805661 -0.00051290632969896587 0.0061648992314517308 -5.8581378804084543e-05
leaf_weight=1088 72 52 62 72 74 54 40 71 41 40 46 132 42 43
leaf_count=1088 72 52 62 72 74 54 40 71 41 40 46 132 42 43
internal_value=-0.000440643 -0.000188476 0.00322581 0.00645161 -0.000568522 -0.000845335 -0.00515152 -0.00135135 -0.000349162 0.00203488 -0.00049505 0.00227273 0.00909091 -0.00783133
internal_weight=1929 1857 186 124 1671 1597 165 111 1432 344 303 220 88 83
internal_count=1929 1857 186 124 1671 1597 165 111 1432 344 303 220 88 83
is_linear=0
shrinkage=0.05


Tree=246
num_leaves=15
num_cat=0
split_feature=1 1 1 0 4 0 4 0 3 3 4 2 2 4
split_gain=1.20566 0.799989 1.48637 1.17818 0.93076 1.1343 1.17708 3.83812 2.15186 2.76954 3.66277 2.31476 7.01789 5.45071
threshold=0.99466160899732492 -0.9852109833579612 -0.96683886033945943 20.970500000000005 28.391000000000002 34.995000000000012 21.523500000000002 14.037000000000001 99.983500000000006 87.074500000000015 8.0105000000000022 0.90906259831586944 0.77275363110444695 13.801500000000003
decision_type=2 2 2 2 2 2 2 2 2 2 2 2 2 2
left_child=1 3 -3 -1 5 6 8 -8 9 11 -11 12 -4 -13
right_child=-2 2 4 -5 -6 -7 7 -9 -10 10 -12 13 -14 -15
leaf_value=0.0036844814722429122 -0.00059041733384264524 -0.00072541466240337864 -0.00022572679337381219 -0.001306305469365085 -0.00027129442076018472 0.00060947897403075275 -0.0043600113187411225 0.0031865570700230941 0.0015930668108153469 -0.0040688087110731909 -0.00067130303316919194 7.5589546401322324e-05 0.013113418094047487 -0.012750163061439763
leaf_weight=45 72 49 799 55 49 79 43 178 191 41 127 91 60 50
leaf_count=45 72 49 799 55 49 79 43 178 191 41 127 91 60 50
internal_value=-0.000596164 -0.000350027 -0.00059761 0.004 -0.000351288 -0.000150693 -0.000443038 0.00294118 -0.000993377 -0.00179795 -0.0077381 -0.0008 0.000174622 -0.00673759
internal_weight=1929 1857 1757 100 1708 1659 1580 221 1359 1168 168 1000 859 141
internal_count=1929 1857 1757 100 1708 1659 1580 221 1359 1168 168 1000 859 141
is_linear=0
shrinkage=0.05


Tree=247
num_leaves=15
num_cat=0
split_feature=1 1 1 4 4 4 0 3 1 3 2 3 0 3
split_gain=1.18605 0.819918 1.6655 2.20067 6.06073 1.33781 1.17818 0.920445 3.68735 6.06622 3.53455 3.321 2.74675 3.48619
threshold=0.99466160899732492 -0.9852109833579612 -0.86095304316285715 13.170000000000002 17.625500000000006 22.088500000000003 20.970500000000005 3.5465000000000004 0.16681837808193059 0.64750000000000008 0.72731766296277522 4.9895000000000005 31.182000000000006 0.23850000000000002
decision_type=2 2 2 2 2 2 2 2 2 2 2 2 2 2
left_child=1 6 3 -3 -5 -6 -1 8 12 10 -10 -9 13 -4
right_child=-2 2 7 4 5 -7 -8 11 9 -11 -12 -13 -14 -15
leaf_value=0.0035002573986307687 -0.00056089646715051377 0.00010316192267919578 -0.0013387301198273917 -0.0091245583418832488 0.0053381342326101928 -0.00065171195798943151 -0.0012409901958968295 0.0066997914311297761 0.00057241998716368316 -0.0046973232757558658 -0.0034902657160881924 2.2079289039855787e-06 0.0074426148644239215 0.0043887816749054757
leaf_weight=45 72 73 119 40 46 45 55 63 200 49 64 955 54 49
leaf_count=45 72 73 119 40 46 45 55 63 200 49 64 955 54 49
internal_value=-0.000648004 -0.000403877 -0.000654525 -0.00490196 -0.00877863 -0.00164835 0.004 -9.65873e-05 -0.0017757 -0.00527157 -0.00227273 0.000785855 0.00315315 0
internal_weight=1929 1857 1757 204 131 91 100 1553 535 313 264 1018 222 168
internal_count=1929 1857 1757 204 131 91 100 1553 535 313 264 1018 222 168
is_linear=0
shrinkage=0.05


Tree=248
num_leaves=15
num_cat=0
split_feature=1 4 0 1 1 3 1 1 4 4 1 1 1 0
split_gain=1.18605 0.825355 2.7575 3.35625 0.944925 2.71771 1.02294 1.02353 3.16294 3.68951 2.00723 1.54431 1.40903 1.44395
threshold=0.99466160899732492 6.4340000000000011 27.340500000000002 0.081558489694578698 0.96230016621822489 4.6225000000000014 0.93779576777868801 0.7980110542611677 16.325000000000006 13.282000000000002 0.71989675514303919 0.65189295912203349 0.59055600833485278 29.602
decision_type=2 2 2 2 2 2 2 2 2 2 2 2 2 2
left_child=1 2 3 -1 6 -6 7 10 9 -9 11 12 13 -3
right_child=-2 4 -4 -5 5 -7 -8 8 -10 -11 -12 -13 -14 -15
leaf_value=-0.0082786898792306472 -0.00053285164379298787 -0.00025784009616737491 0.00058952962088954517 -5.8553456429866206e-05 -0.00087328211292356727 0.0039824782265601155 -0.0099045592604772564 0.00024248219123375325 -0.00054442733980873269 0.0086927847746993865 -0.00073353320294992995 0.0059346650824965916 -0.0045577408606174308 0.00020172845768013926
leaf_weight=50 72 949 64 65 40 53 45 74 53 43 66 57 42 256
leaf_count=50 72 949 64 65 40 53 45 74 53 43 66 57 42 256
internal_value=-0.000648004 -0.000403877 -0.00363128 -0.00826087 -5.95948e-05 0.00483871 -0.000347003 -0.00012987 0.00352941 0.00811966 -0.000583942 -0.000153374 -0.000521251 -0.000207469
internal_weight=1929 1857 179 115 1678 93 1585 1540 170 117 1370 1304 1247 1205
internal_count=1929 1857 179 115 1678 93 1585 1540 170 117 1370 1304 1247 1205
is_linear=0
shrinkage=0.05


Tree=249
num_leaves=15
num_cat=0
split_feature=0 4 0 4 1 0 3 2 1 0 2 0 1 4
split_gain=0.835049 1.47067 1.16026 2.58414 2.29206 1.18236 1.56928 1.04904 3.20606 1.86113 3.51249 1.72642 1.61826 1.17532
threshold=35.160500000000006 16.168000000000003 31.653000000000002 12.155500000000002 0.081558489694578698 30.709500000000002 11.094000000000003 0.92933244589178743 -0.073094453017891248 27.862500000000001 0.72731766296277522 26.936500000000006 0.83042381995921366 6.4340000000000011
decision_type=2 2 2 2 2 2 2 2 2 2 2 2 2 2
left_child=2 -2 5 -4 -5 7 -7 9 -9 11 12 13 -11 -1
right_child=1 -3 3 4 -6 6 -8 8 -10 10 -12 -13 -14 -15
leaf_value=-0.0015510957352791984 -0.0011097625690573933 0.0088976808301828476 -0.0012385513603742904 0.0022261400821511289 -0.0010909475765665034 0.0050435860351878857 -0.0024808023077507514 0.0063501837945770558 -0.0010476387319785785 8.7917403661230695e-05 -0.0042943326807819175 0.0050273684331495795 -0.001346656603009816 -7.4202028456221705e-05
leaf_weight=117 40 41 78 42 63 40 45 40 48 59 44 42 61 1169
leaf_count=117 40 41 78 42 63 40 45 40 48 59 44 42 61 1169
internal_value=-0.000648004 0.00432099 -0.000865801 -0.00464481 0.00047619 -0.00045045 0.00529412 -0.000759494 0.00454545 -0.00107239 -0.00609756 -0.000451807 -0.00166667 -0.000777605
internal_weight=1929 81 1848 183 105 1665 85 1580 88 1492 164 1328 120 1286
internal_count=1929 81 1848 183 105 1665 85 1580 88 1492 164 1328 120 1286
is_linear=0
shrinkage=0.05


Tree=250
num_leaves=15
num_cat=0
split_feature=2 2 2 4 2 4 0 0 2 1 2 3 2 4
split_gain=0.918082 1.13845 3.3483 2.48131 3.17785 1.47125 2.47575 4.34311 1.88439 2.74181 0.803742 1.09367 3.03369 2.96229
threshold=0.99630826919114179 0.70252747416915684 0.63874942205152718 23.729500000000005 0.76110425866077447 7.894000000000001 33.493000000000002 31.653000000000002 0.92933244589178743 -0.45914483320598648 0.56424300735932609 43.805000000000007 0.29426351849031901 18.043000000000003
decision_type=2 2 2 2 2 2 2 2 2 2 2 2 2 2
left_child=1 2 10 4 -3 -6 7 8 9 -7 11 13 -13 -1
right_child=-2 3 -4 -5 5 6 -8 -9 -10 -11 -12 12 -14 -15
leaf_value=-0.00021324502878330986 -0.00026786958716571444 0.0063586787702760638 -0.001090280891765949 -0.011720523132444621 0.0030846545352192557 0.0030546468831575083 0.0036494033714356056 -0.0032676013797442618 0.0019978677060283503 -0.012350655586245513 0.00073723924637579823 -0.00020847095089609503 -0.0012793237728593255 0.0015050326195146569
leaf_weight=577 47 44 45 42 56 42 65 40 74 41 58 518 69 211
leaf_count=577 47 44 45 42 56 42 65 40 74 41 58 518 69 211
internal_value=-0.000544323 -0.000371945 -0.00101488 0.0019802 0.00331492 0.00157233 0 -0.00279188 0.000955414 -0.00421687 -0.000593161 -0.000836364 -0.00247019 0.000380711
internal_weight=1929 1882 1478 404 362 318 262 197 157 83 1433 1375 587 788
internal_count=1929 1882 1478 404 362 318 262 197 157 83 1433 1375 587 788
is_linear=0
shrinkage=0.05


Tree=251
num_leaves=15
num_cat=0
split_feature=2 2 0 4 1 1 2 4 4 4 0 0 3 3
split_gain=0.824087 0.963738 0.906363 2.4879 2.62384 1.83172 1.27298 1.29809 3.96279 2.91728 2.34242 3.35461 2.21414 5.21307
threshold=0.99630826919114179 0.98666161417490339 31.134000000000004 12.367500000000001 0.39702209115386683 0.66015212067123197 0.92933244589178743 15.992000000000003 17.547000000000004 15.496500000000003 13.502000000000001 14.740500000000003 91.423500000000004 57.029500000000006
decision_type=2 2 2 2 2 2 2 2 2 2 2 2 2 2
left_child=1 2 6 4 -4 -5 7 9 -9 10 -1 -12 13 -13
right_child=-2 -3 3 5 -6 -7 -8 8 -10 -11 11 12 -14 -15
leaf_value=0.0070195468701491175 -0.00025447610780742201 0.0014772298947440311 -0.011781276461658587 0.0015909686072750674 -0.00010749227792506422 -0.0010430792429536567 0.0032591839472664004 -0.003844855615027887 -7.3801854455426979e-05 0.0067902997050149688 -0.0039070543156316476 2.409847806380816e-05 0.00089313073653904678 -0.0063793655900868836
leaf_weight=100 47 48 45 116 48 50 60 97 467 41 77 472 177 84
leaf_count=100 47 48 45 116 48 50 60 97 467 41 77 472 177 84
internal_value=-0.000907206 -0.000743889 -0.000926936 -0.00366795 -0.0102151 0 -0.00047619 -0.000759076 -0.00265957 0.000368034 -0.00021978 -0.00111111 -6.82128e-05 -0.00161871
internal_weight=1929 1882 1834 259 93 166 1575 1515 564 951 910 810 733 556
internal_count=1929 1882 1834 259 93 166 1575 1515 564 951 910 810 733 556
is_linear=0
shrinkage=0.05


Tree=252
num_leaves=15
num_cat=0
split_feature=2 4 4 4 4 3 4 4 0 4 1 4 4 4
split_gain=0.904343 0.692701 1.68566 2.22414 1.22765 2.56116 2.40202 1.32985 2.52417 1.58962 2.6261 1.97626 2.20493 2.18737
threshold=0.99630826919114179 4.1365000000000007 6.4340000000000011 5.2545000000000011 7.894000000000001 0.067500000000000018 8.4820000000000011 9.5945000000000018 19.918000000000003 10.572500000000002 -0.25950939392209715 11.035000000000002 12.367500000000001 16.620500000000003
decision_type=2 2 2 2 2 2 2 2 2 2 2 2 2 2
left_child=1 -1 3 -3 5 -4 -6 8 -8 10 -9 -11 -13 -14
right_child=-2 2 4 -5 6 -7 7 9 -10 11 -12 12 13 -15
leaf_value=0.00031766545449860576 -0.00024175230241705315 0.00048961835399550233 0.0037693237558235424 -0.0035617787822071773 -0.0035410116384154006 -0.00013524858483142111 0.013226745640715061 0.00014622803879828507 -0.00014720721972186768 0.0077901707393786398 -0.0047844052604814145 -0.0016619489516032566 0.00053449099696577522 -0.00019389531144507131
leaf_weight=64 47 55 40 62 47 75 40 41 46 54 69 140 497 652
leaf_count=64 47 55 40 62 47 75 40 41 46 54 69 140 497 652
internal_value=-0.000596164 -0.00042508 -0.000605061 -0.00641026 -0.000205761 0.00478261 -0.000567465 -0.00022742 0.00581395 -0.000584997 -0.00636364 -0.00011169 -0.000504267 0.000217581
internal_weight=1929 1882 1818 117 1701 115 1586 1539 86 1453 110 1343 1289 1149
internal_count=1929 1882 1818 117 1701 115 1586 1539 86 1453 110 1343 1289 1149
is_linear=0
shrinkage=0.05


Tree=253
num_leaves=15
num_cat=0
split_feature=4 0 4 0 2 2 0 2 4 2 0 2 2 0
split_gain=0.677158 1.42222 1.1501 0.749069 1.28969 2.18521 1.83459 1.47597 1.0711 3.10783 2.63377 1.14009 2.70062 2.08728
threshold=26.398000000000003 21.093000000000004 25.137000000000004 35.431000000000004 0.95760036582190977 0.92933244589178743 30.408000000000005 0.99276848381014016 21.886000000000006 -0.70634610019963262 22.017500000000002 0.88234143329564307 0.81404609350821777 27.862500000000001
decision_type=2 2 2 2 2 2 2 2 2 2 2 2 2 2
left_child=2 -2 3 4 5 8 -6 -8 11 -10 -11 12 13 -1
right_child=1 -3 -4 -5 6 -7 7 -9 9 10 -12 -13 -14 -15
leaf_value=6.4963878760854185e-05 -0.0060096837030616888 0.00020960605450860982 0.0030157077491911963 0.00023923431742261248 0.00010761011861584181 0.0034441577271265792 -0.011007946358042094 -0.00015862293367872038 0.0033126480465969694 -0.010782272061360235 -2.5363474639283901e-05 -0.0027003430940504614 0.010092465161958847 -0.00023221027289288543
leaf_weight=1083 53 61 49 64 52 41 42 43 43 40 44 41 47 226
leaf_count=1083 53 61 49 64 52 41 42 43 43 40 44 41 47 226
internal_value=-0.000648004 -0.00438596 -0.000413223 -0.000622877 -0.000822562 -0.000415335 -0.00547445 -0.01 -0.000721785 -0.00511811 -0.0107143 -0.000322119 -7.37463e-05 -0.000496562
internal_weight=1929 114 1815 1766 1702 1565 137 85 1524 127 84 1397 1356 1309
internal_count=1929 114 1815 1766 1702 1565 137 85 1524 127 84 1397 1356 1309
is_linear=0
shrinkage=0.05


Tree=254
num_leaves=15
num_cat=0
split_feature=4 0 3 4 2 2 0 0 0 2 1 4 2 0
split_gain=0.686788 2.6803 4.69402 6.14236 2.30241 4.44973 3.39021 2.2026 3.39323 2.3141 2.45128 2.6089 2.19703 2.06697
threshold=12.307 13.162500000000001 96.76700000000001 8.1085000000000012 0.95760036582190977 0.46105717635705401 29.042000000000005 13.162500000000001 11.404000000000002 -0.84565824135800816 0.2174230999111143 20.205500000000004 0.94713111268739625 32.625000000000007
decision_type=2 2 2 2 2 2 2 2 2 2 2 2 2 2
left_child=1 -1 4 -4 5 -3 -7 8 -2 10 11 -9 -11 -8
right_child=7 2 3 -5 -6 6 13 9 -10 12 -12 -13 -14 -15
leaf_value=0.009116821950680051 0.0056818769641832287 -0.00028611470159199128 0.0004179368660808959 -0.0072415932951054481 -0.0011286078028956621 0.0053237056130575333 -0.00060340879033281562 -0.0030954329741825506 -0.0036904486242899577 -7.0897298885830293e-05 0.0066229427207784644 0.0081690111838558233 0.0035650440999222101 0.00061145645236746491
leaf_weight=54 46 389 50 69 64 41 40 70 68 805 40 43 109 41
leaf_count=54 46 389 50 69 64 41 40 70 68 805 40 43 109 41
internal_value=-0.000285122 -0.00147059 -0.00230548 -0.0113445 -0.000434783 0.000684932 0.00901639 0.000465707 -0.00614035 0.00117151 0.00686275 0.00309735 0.000218818 0.00308642
internal_weight=1929 748 694 119 575 511 122 1181 114 1067 153 113 914 81
internal_count=1929 748 694 119 575 511 122 1181 114 1067 153 113 914 81
is_linear=0
shrinkage=0.05


Tree=255
num_leaves=15
num_cat=0
split_feature=1 1 3 3 4 1 0 4 4 0 4 3 1 1
split_gain=0.739473 4.55432 2.33969 6.24729 3.49455 2.28079 4.00952 1.63577 3.62365 2.02092 4.12493 2.76071 4.56856 3.22702
threshold=0.23416947364604893 0.31676515716386888 5.2340000000000009 8.8880000000000017 6.8305000000000016 0.41274032740354816 14.332000000000003 6.4340000000000011 7.7970000000000015 17.725000000000005 22.760500000000004 2.0830000000000006 0.66015212067123197 0.93779576777868801
decision_type=2 2 2 2 2 2 2 2 2 2 2 2 2 2
left_child=2 -2 4 -4 -1 -3 -7 -8 -9 -10 11 13 -13 -11
right_child=1 5 3 -5 -6 6 7 8 9 10 -12 12 -14 -15
leaf_value=-0.00065618679278738881 0.0047073334474602158 -0.0030446678518491811 -0.010897264242214787 -0.00034386282317517284 0.00020016050097235727 0.0039139073347963784 -0.0020359271240406071 0.0044866136152969614 -0.0033169198105504555 0.00012929283504275191 -0.0012795504834226452 0.0088484661028443781 0.00013235600753936372 -0.0048534765803622043
leaf_weight=40 54 66 45 589 400 48 75 47 70 115 49 46 222 63
leaf_count=40 54 66 45 589 400 48 75 47 70 115 49 46 222 63
internal_value=-0.000336962 0.000760234 -0.00121043 -0.00315457 0.00159091 -0.000187266 0.000612245 -0.000363901 0.000490196 -0.000619469 0.000505051 0.00201794 0.00522388 -0.00280899
internal_weight=1929 855 1074 634 440 801 735 687 612 565 495 446 268 178
internal_count=1929 855 1074 634 440 801 735 687 612 565 495 446 268 178
is_linear=0
shrinkage=0.05


Tree=256
num_leaves=15
num_cat=0
split_feature=4 3 4 4 4 3 4 1 1 1 4 4 4 2
split_gain=0.583507 3.48372 3.30968 1.23833 1.17214 3.94219 0.988946 2.12444 1.39619 1.67498 1.78177 1.76081 2.33637 1.97638
threshold=5.0305000000000009 3.2475000000000005 6.4340000000000011 7.112000000000001 8.4820000000000011 2.2920000000000003 9.5945000000000018 -0.034374606067994681 -0.9852109833579612 -0.96683886033945943 10.572500000000002 10.997000000000002 11.874500000000003 0.94713111268739625
decision_type=2 2 2 2 2 2 2 2 2 2 2 2 2 2
left_child=1 -1 -2 -4 5 -5 7 -6 -8 -10 -11 -12 -13 -14
right_child=2 -3 3 4 6 -7 8 -9 9 10 11 12 13 -15
leaf_value=-0.0013757106413354538 -0.0012340885841885614 0.00081095255797712521 0.00050611481563543061 0.001394972885171586 0.0083090575940567325 -0.003200670122760613 0.0010365041251376801 -0.00011801136682156044 -0.0010086481256412927 -0.0021248335404451791 0.009415006357780609 -0.00098192734352229314 -2.4388421965973811e-05 0.0020695475013427947
leaf_weight=41 72 72 56 51 41 61 86 48 43 104 47 84 1008 115
leaf_count=41 72 72 56 51 41 61 86 48 43 104 47 84 1008 115
internal_value=-0.000388802 0.00309735 -0.000605727 -0.000172018 -0.000414692 -0.00535714 -6.34518e-05 0.00505618 -0.000369872 -0.000749465 -0.000441826 7.97448e-05 -0.000289975 0.000311665
internal_weight=1929 113 1816 1744 1688 112 1576 89 1487 1401 1358 1254 1207 1123
internal_count=1929 113 1816 1744 1688 112 1576 89 1487 1401 1358 1254 1207 1123
is_linear=0
shrinkage=0.05


Tree=257
num_leaves=15
num_cat=0
split_feature=4 3 4 0 0 2 2 4 3 3 2 3 3 3
split_gain=0.60099 3.48372 1.76539 1.02682 4.26733 2.66961 3.70039 3.78788 3.35142 5.54353 4.5735 3.46192 1.72469 3.84961
threshold=5.0305000000000009 3.2475000000000005 6.4340000000000011 25.241000000000003 24.327000000000002 0.81404609350821777 0.65278973532535922 14.261500000000002 1.9890000000000001 17.171000000000003 0.34313907657789455 92.931500000000014 0.03500000000000001 26.834500000000002
decision_type=2 2 2 2 2 2 2 2 2 2 2 2 2 2
left_child=1 -1 -2 4 -4 6 8 -8 10 -10 -5 -11 -7 -14
right_child=2 -3 3 5 -6 12 7 -9 9 11 -12 -13 13 -15
leaf_value=-0.0013069251092686807 -0.0011723841549791322 0.00077040493007826888 -2.6928052708094508e-05 -0.0040281989633086683 0.0044503814936928156 0.002926797766988576 -0.011070708934733704 -0.00026269696052906924 0.0070528251216528219 -0.0069608535919423566 0.0024528493993049129 0.00024074518719639228 -0.002729186126080552 0.0032088624573648099
leaf_weight=41 72 72 1031 50 58 83 40 48 57 70 42 68 87 110
leaf_count=41 72 72 1031 50 58 83 40 48 57 70 42 68 87 110
internal_value=-0.000440643 0.00309735 -0.000660793 -0.000344037 0.000596878 -0.0019084 -0.00466667 -0.0136364 -0.00191638 0.00179487 -0.00978261 -0.00362319 0.00178571 -0.000761421
internal_weight=1929 113 1816 1744 1089 655 375 88 287 195 92 138 280 197
internal_count=1929 113 1816 1744 1089 655 375 88 287 195 92 138 280 197
is_linear=0
shrinkage=0.05


Tree=258
num_leaves=15
num_cat=0
split_feature=1 1 1 0 3 3 4 3 3 3 2 3 2 4
split_gain=0.671247 4.55432 2.28079 2.9029 2.18674 3.91069 2.24541 2.54188 2.08281 5.40572 4.9313 2.83113 2.67842 2.04305
threshold=0.23416947364604893 0.31676515716386888 0.41274032740354816 14.332000000000003 5.2340000000000009 12.131000000000002 16.361000000000004 1.3370000000000002 4.0765000000000011 0.56900000000000006 0.71541278717867718 6.650500000000001 0.72731766296277522 13.744500000000002
decision_type=2 2 2 2 2 2 2 2 2 2 2 2 2 2
left_child=4 -2 -3 -4 6 -6 13 -8 9 12 11 -10 -5 -1
right_child=1 2 3 8 5 -7 7 -9 10 -11 -12 -13 -14 -15
leaf_value=0.00016227591930322862 0.004341289437986365 -0.0028223121836887079 0.0036799609427220258 0.00054778019548393231 -0.0023218107257058974 -0.00032410385828271081 8.5879669871904293e-05 0.0081749393247470391 0.007234680404339092 -0.0047565353553110853 0.0089897397618930348 -0.00017619393715453125 -0.005072611408438921 -0.0011996024240471831
leaf_weight=212 54 66 48 204 65 569 92 64 40 48 51 302 42 72
leaf_count=212 54 66 48 204 65 569 92 64 40 48 51 302 42 72
internal_value=-0.000285122 0.000760234 -0.000187266 0.000612245 -0.00111732 -0.00299685 0.00159091 0.00641026 -0.000218341 -0.00340136 0.00216285 0 -0.000406504 -0.00105634
internal_weight=1929 855 801 735 1074 634 440 156 687 294 393 342 246 284
internal_count=1929 855 801 735 1074 634 440 156 687 294 393 342 246 284
is_linear=0
shrinkage=0.05


Tree=259
num_leaves=15
num_cat=0
split_feature=0 2 0 0 2 0 1 3 3 4 4 4 2 4
split_gain=1.94948 1.00361 2.05348 2.19389 2.07094 2.00146 1.94395 0.826794 2.41418 2.07822 3.58222 2.30573 1.5569 1.39983
threshold=36.228000000000009 0.97316076586151323 32.701500000000003 31.653000000000002 0.81404609350821777 30.709500000000002 0.030073020370188292 99.970000000000013 98.862000000000009 16.259500000000003 13.306000000000003 8.7960000000000012 -0.3792085569509222 26.398000000000003
decision_type=2 2 2 2 2 2 2 2 2 2 2 2 2 2
left_child=1 2 3 5 -4 7 -3 8 13 10 11 -9 -11 -1
right_child=-2 6 4 -5 -6 -7 -8 9 -10 12 -12 -13 -14 -15
leaf_value=-2.4148289111131096e-05 -0.0068215276840417477 4.3042782553182057e-06 1.7629551253936504e-05 -0.0021325516893667242 0.0061957579483083117 0.0035911430732789244 -0.0020076380410201434 0.0047210548347260545 -0.0032705609747730722 -0.006353622232448332 0.017818932564051634 -0.0038169673889297665 0.00074229103780260042 -0.00086639820675900596
leaf_weight=1157 46 71 56 51 50 67 55 46 68 54 46 53 45 64
leaf_count=1157 46 71 56 51 50 67 55 46 68 54 46 53 45 64
internal_value=-0.000699844 -0.000451407 -0.000142288 -0.000575409 0.00660377 -0.00025 -0.0047619 -0.0006197 -0.0011249 0.00204918 0.00586207 0.000505051 -0.00353535 -0.000614251
internal_weight=1929 1883 1757 1651 106 1600 126 1533 1289 244 145 99 99 1221
internal_count=1929 1883 1757 1651 106 1600 126 1533 1289 244 145 99 99 1221
is_linear=0
shrinkage=0.05


Tree=260
num_leaves=15
num_cat=0
split_feature=4 3 3 4 4 1 4 4 0 4 1 1 1 3
split_gain=0.938593 4.49848 2.85649 2.7115 1.53597 3.33333 1.80616 1.19478 2.87356 1.39972 2.50437 1.75631 3.76991 1.39222
threshold=5.2545000000000011 1.9305000000000001 57.768000000000008 6.4340000000000011 7.894000000000001 0.25084665036108239 8.4820000000000011 9.5945000000000018 19.918000000000003 12.307 -0.46735488928835733 -0.99052327954040364 -0.96683886033945943 99.381000000000014
decision_type=2 2 2 2 2 2 2 2 2 2 2 2 2 2
left_child=1 -1 -3 -2 5 -5 -6 8 -8 10 -9 -11 -13 -12
right_child=3 2 -4 4 6 -7 7 9 -10 11 13 12 -14 -15
leaf_value=-0.0017454047529409725 -0.0024069994018009137 0.005067266751141615 4.0894129333676756e-05 -0.00060536288394577586 -0.002972929903896031 0.0028037530437709682 0.012171205093738549 0.0022040638099985244 -0.00029509091000038404 0.0013104598926420574 -0.00099697691306939169 -0.0042498637824636143 2.6020232573126246e-05 -0.0090187009679645047
leaf_weight=40 64 40 41 60 48 60 40 76 49 62 190 50 1069 40
leaf_count=40 64 40 41 60 48 60 40 76 49 62 190 50 1069 40
internal_value=-0.000544323 0.00371901 0.0104938 -0.000829646 -0.000458716 0.005 -0.000862069 -0.000571066 0.00505618 -0.000907868 -0.00392157 -0.000127011 -0.000580876 -0.00652174
internal_weight=1929 121 81 1808 1744 120 1624 1576 89 1487 306 1181 1119 230
internal_count=1929 121 81 1808 1744 120 1624 1576 89 1487 306 1181 1119 230
is_linear=0
shrinkage=0.05


Tree=261
num_leaves=15
num_cat=0
split_feature=1 1 3 1 4 1 3 4 2 1 0 0 0 4
split_gain=0.798635 0.876908 5.21295 0.901333 0.941542 2.44164 1.43733 3.56337 3.97819 2.16019 3.48299 2.55698 2.52932 1.87834
threshold=0.99466160899732492 0.96413834225895678 2.4400000000000004 0.94130860066615818 5.2545000000000011 -0.017189842955271383 0.020500000000000001 8.6845000000000017 -0.85470766365158146 -0.34156760613242332 23.612000000000005 22.017500000000002 31.134000000000004 12.367500000000001
decision_type=2 2 2 2 2 2 2 2 2 2 2 2 2 2
left_child=1 3 -3 4 5 -1 7 -6 -9 10 -10 -11 -13 -8
right_child=-2 2 -4 -5 6 -7 13 8 9 11 -12 12 -14 -15
leaf_value=-0.0001891178749046386 -0.00065221124740997703 -0.00099316273867738067 0.0037301584380218245 -0.0085892684439627005 0.0069270849658804702 0.0063460103870541353 -0.00050810327915709055 -0.012984583036879844 -0.00031702287425083576 0.0032625792864263482 0.0043844456499724741 -0.0024602430342940216 0.00054302169150493023 -3.6621523384683389e-06
leaf_weight=44 72 42 65 49 60 59 387 42 56 44 42 63 57 847
leaf_count=44 72 42 65 49 60 59 387 42 56 44 42 63 57 847
internal_value=-0.000388802 -0.000188476 0.00420561 -0.000457143 -0.00026455 0.00436893 -0.000563204 0.0021978 0 0.00229008 0.00816327 -0.00121951 -0.005 -0.00137763
internal_weight=1929 1857 107 1750 1701 103 1598 364 304 262 98 164 120 1234
internal_count=1929 1857 107 1750 1701 103 1598 364 304 262 98 164 120 1234
is_linear=0
shrinkage=0.05


Tree=262
num_leaves=15
num_cat=0
split_feature=1 3 1 4 2 0 3 3 3 1 1 1 1 3
split_gain=0.704274 1.92504 2.18124 2.38187 1.55086 1.8 0.64385 2.99104 2.7918 2.48001 3.66073 3.60072 2.97477 1.8565
threshold=-0.86095304316285715 0.03500000000000001 -0.95747632178960107 14.633000000000001 -0.062278703982132359 21.720000000000002 26.429000000000002 18.803000000000004 35.120500000000007 -0.073094453017891248 -0.22611359161738889 -0.32533907195844741 -0.54162280503947546 6.1125000000000016
decision_type=2 2 2 2 2 2 2 2 2 2 2 2 2 2
left_child=1 -1 4 -4 -3 -6 7 9 -8 10 11 12 -2 -11
right_child=6 2 3 -5 5 -7 8 -9 -10 13 -12 -13 -14 -15
leaf_value=0.0004076114964669073 -4.0587904118605249e-05 0.0011207359000642348 -0.0094140226581145743 -0.00034206149154787993 0.0022027320332846738 -0.0028895845556492885 0.0063633667762297954 -0.0070172753360601917 -3.9540706932196529e-05 -0.00020754842125805668 0.014114193712481491 -0.0063053816662634321 0.006984370945659105 -0.00069556575397548013
leaf_weight=74 111 46 48 56 40 40 41 42 718 478 47 47 73 68
leaf_count=74 111 46 48 56 40 40 41 42 718 478 47 47 73 68
internal_value=-0.000751685 -0.00296053 -0.00521739 -0.0105769 -0.000793651 -0.005 -0.000338462 -0.00127021 0.000724638 -0.000606796 0.00323741 0.000649351 0.00380435 -0.0025641
internal_weight=1929 304 230 104 126 80 1625 866 759 824 278 231 184 546
internal_count=1929 304 230 104 126 80 1625 866 759 824 278 231 184 546
is_linear=0
shrinkage=0.05


Tree=263
num_leaves=15
num_cat=0
split_feature=4 3 4 1 2 1 0 0 4 4 1 3 4 4
split_gain=0.658506 2.08773 1.16693 1.17214 2.49627 1.68388 0.836417 2.8253 2.48811 2.346 1.90958 1.89455 2.16982 2.24978
threshold=26.398000000000003 17.685000000000006 25.137000000000004 -0.97873101657557338 -0.062278703982132359 -0.95747632178960107 14.772 16.729500000000005 7.7265000000000006 14.011000000000001 -0.88606241628642823 1.9305000000000001 17.384500000000006 14.364000000000003
decision_type=2 2 2 2 2 2 2 2 2 2 2 2 2 2
left_child=2 -2 3 4 -1 -5 8 9 -7 -8 -9 12 13 -12
right_child=1 -3 -4 5 -6 6 7 10 -10 -11 11 -13 -14 -15
leaf_value=0.00076626707151266076 -0.00071399683860780272 0.00019985450553060003 0.0028474856180695594 0.0047168527274977345 -0.0055561140988796337 -0.01058656604385632 0.0035214366851563333 -0.0023780354754876498 -0.00021377681871492319 -0.00014351148529504468 -0.0004224339618564055 9.292484391920098e-05 -0.0096025990971147224 0.00089629955775054478
leaf_weight=41 41 73 49 42 61 42 93 75 258 73 255 690 65 71
leaf_count=41 41 73 49 42 61 42 93 75 258 73 255 690 65 71
internal_value=-0.000699844 -0.00438596 -0.00046832 -0.000679502 -0.00588235 -0.000360577 -0.000616523 -7.5643e-05 -0.003 0.0060241 -0.000951557 -0.000416281 -0.00319693 -0.00153374
internal_weight=1929 114 1815 1766 102 1664 1622 1322 300 166 1156 1081 391 326
internal_count=1929 114 1815 1766 102 1664 1622 1322 300 166 1156 1081 391 326
is_linear=0
shrinkage=0.05


Tree=264
num_leaves=15
num_cat=0
split_feature=0 2 0 1 0 0 2 2 1 1 0 2 2 0
split_gain=0.673483 1.02849 3.45866 1.94395 0.88873 2.61822 2.08737 3.95873 0.818586 4.65434 3.62639 3.25192 3.17252 2.19923
threshold=36.228000000000009 0.97316076586151323 34.308000000000007 0.030073020370188292 31.182000000000006 30.632500000000004 0.81404609350821777 0.61287127154566789 0.65189295912203349 0.54817103930762578 29.042000000000005 0.86993731518838324 0.35923451902495462 19.329000000000004
decision_type=2 2 2 2 2 2 2 2 2 2 2 2 2 2
left_child=1 2 4 -3 5 8 7 -6 9 10 11 -1 13 -10
right_child=-2 3 -4 -5 6 -7 -8 -9 12 -11 -12 -13 -14 -15
leaf_value=-2.6212698877949719e-05 -0.0065447020443382079 0.00015675506945600493 0.0019359175199932356 -0.001834671336207161 3.7168561574452143e-05 0.0032984940507451628 0.0025487404877662101 -0.0088308437864521357 0.0037411133924127476 -0.0075662916456845546 0.005734371372844921 -0.0072444921064837246 0.00075855698708684474 -0.00038900981226816929
leaf_weight=904 46 71 51 55 49 40 48 43 98 62 44 54 65 299
leaf_count=904 46 71 51 55 49 40 48 43 98 62 44 54 65 299
internal_value=-0.000544323 -0.000398301 -8.53728e-05 -0.0047619 -0.000468933 -0.000127714 -0.00428571 -0.00869565 -0.000458716 -0.0012218 -0.000399202 -0.00104384 0.0012987 -0.000377834
internal_weight=1929 1883 1757 126 1706 1566 140 92 1526 1064 1002 958 462 397
internal_count=1929 1883 1757 126 1706 1566 140 92 1526 1064 1002 958 462 397
is_linear=0
shrinkage=0.05


Tree=265
num_leaves=15
num_cat=0
split_feature=1 1 1 3 3 0 4 2 0 3 1 1 4 4
split_gain=0.659043 3.76086 1.81425 2.26564 3.7791 2.00686 1.81364 3.11285 3.48303 2.6668 1.76402 1.62411 1.99524 3.99011
threshold=0.25084665036108239 0.31676515716386888 0.16681837808193059 5.2340000000000009 8.8880000000000017 31.182000000000006 8.1085000000000012 0.54277338749235304 20.383000000000003 0.23850000000000002 -0.55176847662110995 0.41274032740354816 6.4340000000000011 9.9610000000000003
decision_type=2 2 2 2 2 2 2 2 2 2 2 2 2 2
left_child=2 -2 3 5 -5 6 -1 8 9 -8 -11 -3 -13 -14
right_child=1 11 -4 4 -6 -7 7 -9 -10 10 -12 12 13 -15
leaf_value=-0.0013941435403501249 0.0052537221446943214 -0.0027318214546670442 -0.0017429377693968019 -0.0087166507814534135 -0.0002090480389842442 0.0024725037796502012 -0.0030463560811294465 -0.00091633288542835873 0.0035086033100298454 -0.00021172739763588785 0.0095901321096793016 -0.0016908460533307996 0.0006468631425002564 -5.6530213960387381e-05
leaf_weight=46 43 66 55 40 564 72 78 62 81 41 46 81 126 528
leaf_count=46 43 66 55 40 564 72 78 62 81 41 46 81 126 528
internal_value=-0.000336962 0.0007109 -0.00115207 -0.000679612 -0.00264901 0.00211268 0.000564972 0.00194805 0.00447154 0.00030303 0.00632184 -6.2422e-05 0.000612245 0.00152905
internal_weight=1929 844 1085 1030 604 426 354 308 246 165 87 801 735 654
internal_count=1929 844 1085 1030 604 426 354 308 246 165 87 801 735 654
is_linear=0
shrinkage=0.05


Tree=266
num_leaves=15
num_cat=0
split_feature=4 3 3 0 2 0 4 2 4 2 2 0 0 2
split_gain=0.831282 2.705 3.51499 3.2044 2.05613 1.88048 3.06448 2.39541 1.85189 2.67273 1.68912 2.6487 1.92263 1.77526
threshold=9.8225000000000016 57.029500000000006 9.2260000000000009 18.224000000000004 0.22790171382004171 20.663000000000004 7.6545000000000014 -0.8069893509785715 10.572500000000002 -0.26538825390934467 0.99276848381014016 33.610500000000009 30.893000000000004 0.6263638349297701
decision_type=2 2 2 2 2 2 2 2 2 2 2 2 2 2
left_child=1 2 5 -3 -5 7 -7 -1 9 -2 11 12 -10 -14
right_child=8 3 -4 4 -6 6 -8 -9 10 -11 -12 -13 13 -15
leaf_value=0.00069181534150025779 -0.0066251799711956813 0.001063978534591908 0.0033924724508500649 -0.0095592753493877643 -0.00023639500751506117 -4.6997906940349223e-07 0.00055504191306311463 -0.0076583393399169064 -3.4926595515460956e-05 3.3758279473311563e-05 -0.00054425201249035386 0.00060038688940682874 0.0044120739752568309 -0.0033301421638829657
leaf_weight=46 40 78 53 46 44 91 61 47 1119 48 45 95 43 73
leaf_count=46 40 78 53 46 44 91 61 47 1119 48 45 95 43 73
internal_value=-0.000336962 0.00150215 0.00436242 -0.00357143 -0.01 0.00183673 0.00526316 -0.00376344 -0.000922761 -0.00795455 -0.000472727 -0.000150376 -0.000769231 -0.00689655
internal_weight=1929 466 298 168 90 245 152 93 1463 88 1375 1330 1235 116
internal_count=1929 466 298 168 90 245 152 93 1463 88 1375 1330 1235 116
is_linear=0
shrinkage=0.05


Tree=267
num_leaves=15
num_cat=0
split_feature=4 1 1 1 0 2 0 1 1 4 3 4 1 1
split_gain=0.690663 1.87661 1.98097 1.78133 4.66667 2.26048 2.28248 1.65869 3.36783 1.8636 1.77599 3.54277 2.99067 2.7991
threshold=9.8225000000000016 -0.78297285307474485 -0.29259762607704948 0.73465119469809237 23.106500000000004 0.78884570776442897 16.729500000000005 -0.9852109833579612 -0.96683886033945943 10.457000000000003 26.429000000000002 16.5425 -0.3970220911538665 0.85581839891307976
decision_type=2 2 2 2 2 2 2 2 2 2 2 2 2 2
left_child=1 -1 -3 5 -5 6 -4 -2 -9 -10 -11 12 -12 -13
right_child=7 2 3 4 -6 -7 -8 8 9 10 11 13 -14 -15
leaf_value=-0.0010944723522106404 0.0010555172682024494 0.0023792585681528342 -0.00011659374995069417 0.0094721969001003332 -0.0001336351920673759 0.00024497526495484981 -0.015465577698637118 -0.0018451142881146078 -0.0044565481250653793 -0.0002410225185976528 -0.00081926599937277584 -1.3512946052907094e-05 0.0057231207125198582 -0.0093275496798404592
leaf_weight=77 86 75 78 54 72 69 41 43 66 666 73 262 225 42
leaf_count=77 86 75 78 54 72 69 41 43 66 666 73 262 225 42
internal_value=-0.000388802 0.00128755 0.00269923 0.000955414 0.00555556 -0.00212766 -0.00630252 -0.000922761 -0.0013435 -0.00089955 -0.000473186 0.00149502 0.00536913 -0.00230263
internal_weight=1929 466 389 314 126 188 119 1463 1377 1334 1268 602 298 304
internal_count=1929 466 389 314 126 188 119 1463 1377 1334 1268 602 298 304
is_linear=0
shrinkage=0.05


Tree=268
num_leaves=15
num_cat=0
split_feature=4 4 2 0 4 4 0 0 3 0 1 3 4 1
split_gain=0.945818 2.19329 2.11097 2.55028 1.85958 2.20384 1.77715 3.61838 3.09656 5.68409 3.02651 2.84444 2.34128 1.35316
threshold=10.337000000000002 10.692500000000001 -0.96801877525786306 14.078500000000002 10.997000000000002 11.356500000000002 26.738500000000005 31.653000000000002 31.835500000000003 21.636500000000002 -0.41665914930189557 3.0915000000000004 7.4080000000000004 -0.9852109833579612
decision_type=2 2 2 2 2 2 2 2 2 2 2 2 2 2
left_child=2 -2 -1 -4 -3 -6 8 11 10 -10 -5 -8 -12 -7
right_child=1 4 3 6 5 13 7 -9 9 -11 12 -13 -14 -15
leaf_value=-0.006051542694875023 -0.0060710935663826297 0.006661016048477646 0.0067418510077725258 -0.0014034960728663949 -0.00055510940216187132 0.00080165126876477477 8.7413919048895402e-05 -0.00012755149961053426 3.1313401743934821e-05 -0.0055572731156837375 0.00027211704879785415 0.0023726298730103457 0.0017443957373506987 -0.00010009248622601385
leaf_weight=46 40 40 42 62 40 77 45 74 79 40 43 45 46 1210
leaf_count=46 40 40 42 62 40 77 45 74 79 40 43 45 46 1210
internal_value=-0.000285122 -0.000959488 0.00153257 0.00252101 -0.0006218 -0.000941974 0.00138249 0.0054878 -0.00111111 -0.00714286 0.00364238 0.0122222 0.00955056 -0.000582751
internal_weight=1929 1407 522 476 1367 1327 434 164 270 119 151 90 89 1287
internal_count=1929 1407 522 476 1367 1327 434 164 270 119 151 90 89 1287
is_linear=0
shrinkage=0.05


Tree=269
num_leaves=15
num_cat=0
split_feature=4 1 2 0 0 1 1 1 0 0 4 1 1 3
split_gain=1.12794 2.3953 2.8331 4.55377 4.53382 3.69637 1.61686 2.36373 1.60689 4.21838 1.59156 1.95304 4.95263 1.2056
threshold=9.5945000000000018 -0.80392051724781044 0.26123699986315735 23.818500000000004 31.360500000000005 0.81078196093106825 -0.9852109833579612 -0.96683886033945943 17.560000000000006 15.052000000000001 11.256000000000002 0.88267879832554763 0.41274032740354816 98.645500000000013
decision_type=2 2 2 2 2 2 2 2 2 2 2 2 2 2
left_child=1 -1 3 5 -4 8 -2 -8 9 -3 11 12 -9 -12
right_child=6 2 4 -5 -6 -7 7 10 -10 -11 13 -13 -14 -15
leaf_value=-0.0016970686074893493 0.00096265884135409156 -0.0029298011914847379 0.0014960541329852917 -0.0043391502459771206 1.9444437686955143e-05 0.011953738227294512 -0.0017478539493975766 -0.0013680971128163856 -0.0017615876929276963 0.0046940924213726577 -0.00010314459669419629 -0.0051581435685284678 0.0026725670080221626 0.0005116107697590522
leaf_weight=69 86 69 62 40 69 42 43 99 41 50 945 40 42 232
leaf_count=69 86 69 62 40 69 42 43 99 41 50 945 40 42 232
internal_value=-0.000181441 0.0020362 0.0036193 0.000413223 0.00954198 0.00346535 -0.000840619 -0.00124911 0 0.00294118 -0.000883652 -0.00524862 -0.00248227 -0.000212404
internal_weight=1929 442 373 242 131 202 1487 1401 160 119 1358 181 141 1177
internal_count=1929 442 373 242 131 202 1487 1401 160 119 1358 181 141 1177
is_linear=0
shrinkage=0.05


Tree=270
num_leaves=15
num_cat=0
split_feature=4 4 3 3 1 3 1 1 1 2 0 0 0 0
split_gain=0.850508 1.28927 2.64954 2.27786 1.42857 2.57793 1.10899 3.23881 2.72394 1.9897 1.42786 1.22858 3.0622 2.58036
threshold=3.3740000000000001 8.2135000000000016 57.029500000000006 99.938500000000019 0.81078196093106825 4.8730000000000011 0.85581839891307976 0.9186520315491703 0.7980110542611677 0.1093682717844857 22.640500000000007 21.473000000000003 20.467000000000002 23.612000000000005
decision_type=2 2 2 2 2 2 2 2 2 2 2 2 2 2
left_child=-1 2 4 -4 5 -2 8 -8 11 10 -9 12 -3 -13
right_child=1 6 3 -5 -6 -7 7 9 -10 -11 -12 13 -14 -15
leaf_value=-0.00074206287820610672 -0.00014824547810977641 -4.8381967803108605e-06 -0.0016798272389577146 0.00370608905975367 0.004999550335826628 0.00077555946257765749 -0.0018890191428870371 -0.0053674476085623108 0.0060675377757416424 0.010625940550480174 0.00030076733785381064 -0.0078515682712091226 0.005750796056343716 -5.3430281765794177e-05
leaf_weight=40 93 640 68 41 40 47 70 64 56 69 81 72 44 504
leaf_count=40 93 640 68 41 40 47 70 64 56 69 81 72 44 504
internal_value=-0.000285122 -0.000132345 0.00294118 -0.00321101 0.00666667 0.00428571 -0.0006875 -0.00352113 -7.59878e-05 -0.00046729 -0.0037931 -0.000555556 0.000877193 -0.00225694
internal_weight=1929 1889 289 109 180 140 1600 284 1316 214 145 1260 684 576
internal_count=1929 1889 289 109 180 140 1600 284 1316 214 145 1260 684 576
is_linear=0
shrinkage=0.05


Tree=271
num_leaves=15
num_cat=0
split_feature=4 4 3 2 0 0 1 0 2 1 0 0 0 2
split_gain=0.619093 2.30268 1.88578 2.61308 3.67847 5.36904 1.68361 2.15726 2.59179 2.08172 3.82007 1.47129 2.38731 2.32912
threshold=10.337000000000002 10.692500000000001 57.029500000000006 -0.8069893509785715 19.918000000000003 25.241000000000003 0.1328271176880281 28.945000000000004 -0.53190322474958196 -0.45914483320598648 20.467000000000002 26.738500000000005 28.075500000000002 0.86564557464733971
decision_type=2 2 2 2 2 2 2 2 2 2 2 2 2 2
left_child=2 -2 6 -4 -5 -6 9 8 -8 10 -1 -3 -13 -14
right_child=1 11 3 4 5 -7 7 -9 -10 -11 -12 12 13 -15
leaf_value=-0.00087730822667683728 -0.0057453805861435309 0.00011386244713505744 -0.005121599416604939 0.0061557583398332899 -0.012026291502773801 0.00030332023097910112 -0.0016474575691194885 -0.00060015658876568791 0.0020567371905567374 0.0056878973075600477 0.00072892011327801434 -0.0045188790816459989 -0.00025981007433733687 0.00095841159061589305
leaf_weight=45 40 919 55 52 41 42 52 63 62 62 48 65 226 157
leaf_count=45 40 919 55 52 41 42 52 63 62 62 48 65 226 157
internal_value=-0.000129601 -0.000675195 0.001341 -0.00263158 0.00111111 -0.00542169 0.00361446 0.000282486 0.00438596 0.00741935 0.00268817 -0.000329188 -0.00267857 -0.00117493
internal_weight=1929 1407 522 190 135 83 332 177 114 155 93 1367 448 383
internal_count=1929 1407 522 190 135 83 332 177 114 155 93 1367 448 383
is_linear=0
shrinkage=0.05


Tree=272
num_leaves=15
num_cat=0
split_feature=2 1 1 1 1 3 3 0 0 1 1 3 1 1
split_gain=1.6443 0.889227 1.12263 3.3501 2.81373 2.22506 2.2507 3.99633 2.97068 2.45178 3.23927 1.7549 4.58829 8.02993
threshold=0.99630826919114179 0.99466160899732492 0.25084665036108239 0.31676515716386888 0.41274032740354816 2.1160000000000005 0.40000000000000008 27.451500000000006 22.734500000000004 -0.89391031859722847 -0.41665914930189557 92.931500000000014 -0.40542197401079716 -0.56602321513292997
decision_type=2 2 2 2 2 2 2 2 2 2 2 2 2 2
left_child=1 2 5 -4 -5 6 7 8 9 -1 -11 12 13 -7
right_child=-2 -3 3 4 -6 11 -8 -9 -10 10 -12 -13 -14 -15
leaf_value=0.0070809633629104057 -0.00025851037566992918 -0.0008751834701760542 0.0050095441347935343 -0.0024548333752868953 0.00011501296460916799 -0.00098421848729480783 0.0079266284411339486 0.0032492631106684992 -0.004052364970558742 -0.0030562337435093082 0.0035175013872328132 0.00014820173642285384 -0.0044014710123521346 0.01825164491622366
leaf_weight=41 47 72 43 66 663 241 55 58 47 44 53 276 171 52
leaf_count=41 47 72 43 66 663 241 55 58 47 44 53 276 171 52
internal_value=-0.000336962 -0.00010627 0.000110497 0.0015544 0.000754458 -0.000963391 0.00268456 0.000617284 -0.00297297 0.000724638 -0.00360825 -0.00243243 -0.00431034 -0.000511945
internal_weight=1929 1882 1810 772 729 1038 298 243 185 138 97 740 464 293
internal_count=1929 1882 1810 772 729 1038 298 243 185 138 97 740 464 293
is_linear=0
shrinkage=0.05


Tree=273
num_leaves=15
num_cat=0
split_feature=2 1 1 3 3 4 4 2 0 0 1 0 4 4
split_gain=1.68141 0.924248 1.00776 0.792935 2.53505 2.35501 7.69282 3.91696 3.26279 5.24263 2.71544 2.41871 1.46241 1.92852
threshold=0.99630826919114179 0.99466160899732492 0.98521098335796142 0.020500000000000001 0.23850000000000002 6.597500000000001 9.1810000000000027 -0.83827970521777406 22.075500000000002 24.451500000000006 0.30041382580050413 18.782000000000004 5.0305000000000009 8.4820000000000011
decision_type=2 2 2 2 2 2 2 2 2 2 2 2 2 2
left_child=1 2 3 5 -5 -1 -7 -8 11 -10 -11 -9 -6 -14
right_child=-2 -3 -4 4 12 6 7 8 9 10 -12 -13 13 -15
leaf_value=-0.0015065891803965712 -0.0002455848568864383 -0.0008314242966672513 0.00067730611845489013 -0.0022875518476064851 0.00095253873493103547 0.006204742751514925 -0.012176788432177675 0.00023918952611042335 -0.0083547267077858315 0.004302272856463449 -0.00025257021885092895 0.0051820327473310196 -0.00076933804699934327 4.2275777242561935e-05
leaf_weight=46 47 72 47 45 76 57 44 44 49 60 66 42 139 1095
leaf_count=46 47 72 47 45 76 57 44 44 49 60 66 42 139 1095
internal_value=-0.000233281 0 0.000220994 2.83607e-05 -0.000553506 0.00196078 0.00331492 0.000163934 0.00249042 -0.00142857 0.00396825 0.0104651 -0.000152672 -0.000567261
internal_weight=1929 1882 1810 1763 1355 408 362 305 261 175 126 86 1310 1234
internal_count=1929 1882 1810 1763 1355 408 362 305 261 175 126 86 1310 1234
is_linear=0
shrinkage=0.05


Tree=274
num_leaves=15
num_cat=0
split_feature=2 0 0 1 1 1 1 2 1 0 2 1 2 0
split_gain=1.6443 0.64055 2.79161 1.38098 2.35615 0.942654 2.44155 1.54028 5.07018 3.60021 2.55671 2.45888 1.092 2.62064
threshold=0.99630826919114179 31.653000000000002 32.701500000000003 0.54817103930762578 0.16681837808193059 0.25084665036108239 0.33302288323572038 0.37522380421282725 0.65189295912203349 25.241000000000003 -0.030120304846908235 0.97873101657557349 -0.46997674302732012 17.841500000000003
decision_type=2 2 2 2 2 2 2 2 2 2 2 2 2 2
left_child=1 5 -3 4 -4 -1 -7 9 -9 10 12 -11 13 -8
right_child=-2 2 3 -5 -6 6 7 8 -10 11 -12 -13 -14 -15
leaf_value=-8.1797909736156839e-05 -0.00023330561404211192 -0.0035310675535311976 0.0012848642268175115 0.00043190270999400181 -0.0048645402797957149 0.0043972116723222134 -0.00051732449734627766 -0.0024810391230018995 0.0028402349828572692 -0.018327330797983345 0.0097835392122109944 -0.00028723144690239176 -0.00067071131708479478 0.0012563090367475106
leaf_weight=931 47 58 67 58 53 48 154 49 84 41 48 61 129 101
leaf_count=931 47 58 67 58 53 48 154 49 84 41 48 61 129 101
internal_value=-0.000336962 -0.00010627 -0.00254237 0.000561798 -0.0025 0.000243013 0.00160839 0.000824588 0.0056391 -0.000374532 0.00162037 -0.00882353 0.000260417 0.00215686
internal_weight=1929 1882 236 178 120 1646 715 667 133 534 432 102 384 255
internal_count=1929 1882 236 178 120 1646 715 667 133 534 432 102 384 255
is_linear=0
shrinkage=0.05


Tree=275
num_leaves=15
num_cat=0
split_feature=2 0 4 0 0 4 3 3 2 0 0 3 0 0
split_gain=1.5713 0.98197 2.30385 5.30243 1.99907 2.74355 2.06001 2.20982 1.76359 1.58903 1.52973 1.26793 3.37004 2.61228
threshold=0.99630826919114179 25.241000000000003 7.29 30.893000000000004 29.602 11.256000000000002 1.9305000000000001 87.074500000000015 0.81502833751681136 23.976000000000003 27.451500000000006 4.9515000000000002 31.134000000000004 32.056500000000007
decision_type=2 2 2 2 2 2 2 2 2 2 2 2 2 2
left_child=1 8 3 -3 5 -4 -7 10 9 -1 -8 13 -13 -6
right_child=-2 2 4 -5 11 6 7 -9 -10 -11 -12 12 -14 -15
leaf_value=1.8659968246617644e-05 -0.00022164033334000078 0.0034677777770648122 -0.0012515268344546139 -0.00055338934179434147 -0.00053418337027386629 -0.0037879566820676865 0.0040810676975396891 -0.011713046696788666 -0.0053022370980220362 0.00077481356356373036 -7.3514528345917934e-05 0.0011375706596063796 -0.00097783120470866167 0.003893034483000424
leaf_weight=1083 47 46 51 40 64 62 46 55 42 76 40 56 134 87
leaf_count=1083 47 46 51 40 64 62 46 55 42 76 40 56 134 87
internal_value=-0.000544323 -0.00031881 -0.00183554 0.00581395 -0.00294118 -0.00629921 -0.00369458 -0.00035461 0.000541216 0.000905953 0.00465116 -0.000439883 -0.00315789 0.00298013
internal_weight=1929 1882 681 86 595 254 203 141 1201 1159 86 341 190 151
internal_count=1929 1882 681 86 595 254 203 141 1201 1159 86 341 190 151
is_linear=0
shrinkage=0.05


Tree=276
num_leaves=15
num_cat=0
split_feature=0 0 0 2 4 4 1 1 0 2 0 1 4 0
split_gain=1.58811 1.99133 1.93466 3.89323 1.38423 1.97623 1.29836 1.6291 1.33061 1.77562 1.88057 1.65163 2.14229 5.31942
threshold=25.241000000000003 23.976000000000003 22.556500000000003 -0.098820138732871751 5.9615000000000009 8.0105000000000022 -0.99052327954040364 -0.96683886033945943 21.318500000000004 0.15855938510313469 20.129000000000001 -0.85206963063867736 20.082500000000003 14.037000000000001
decision_type=2 2 2 2 2 2 2 2 2 2 2 2 2 2
left_child=1 2 6 -4 -2 -6 -1 -8 9 10 11 -9 -13 -14
right_child=4 -3 3 -5 5 -7 7 8 -10 -11 -12 12 13 -15
leaf_value=0.0019553233319094089 0.00036988238059273981 0.00073607288538554488 0.0012564068033099063 -0.010530784314520193 -0.00019533460050835119 -0.00017880535497088491 -0.00091213101279706001 -0.00093396445471771727 0.0058775517472800581 0.0061083538909292023 -0.006305338579635643 -3.7668913175503699e-05 -0.0029570665968418164 0.009616359152502113
leaf_weight=44 64 90 42 55 60 604 44 57 79 58 63 531 56 82
leaf_count=44 64 90 42 55 60 604 44 57 79 58 63 531 56 82
internal_value=-0.000492483 0.00062448 4.50045e-05 -0.00670103 -0.00233516 -0.00301205 0.000690335 0.000309278 0.00075594 0.000177096 -0.000443599 0.000275482 0.000971599 0.00652174
internal_weight=1929 1201 1111 97 728 664 1014 970 926 847 789 726 669 138
internal_count=1929 1201 1111 97 728 664 1014 970 926 847 789 726 669 138
is_linear=0
shrinkage=0.05


Tree=277
num_leaves=15
num_cat=0
split_feature=4 2 2 0 2 3 1 3 0 3 3 2 3 3
split_gain=1.57795 0.832536 2.80151 2.12389 4.18046 2.07227 4.72803 2.6203 2.46166 2.24471 3.67787 2.8961 2.47128 3.47851
threshold=28.391000000000002 -0.010746888578547886 0.1093682717844857 23.704500000000003 -0.21533487516747371 94.870500000000007 -0.37371625404731884 82.371500000000012 27.168000000000003 26.429000000000002 8.2140000000000022 0.81404609350821777 3.0200000000000005 0.020500000000000001
decision_type=2 2 2 2 2 2 2 2 2 2 2 2 2 2
left_child=1 3 -3 -1 -5 7 -7 9 -8 10 12 -11 13 -4
right_child=-2 2 5 4 -6 6 8 -9 -10 11 -12 -13 -14 -15
leaf_value=-1.9310030994373897e-05 -0.00082251880695114474 -0.0044000113999709493 4.4482205125931376e-05 -0.00052569890757346582 0.0063291196102921027 -0.00064376007887577142 0.030528252314980089 -0.0031999696665825448 0.00014150702638584533 -8.2330729852345138e-05 -0.0049919896133653208 0.0099499471825060699 0.00080878041362980602 -0.0016825530893799679
leaf_weight=903 65 72 188 43 47 80 41 49 55 81 64 59 89 93
leaf_count=903 65 72 188 43 47 80 41 49 55 81 64 59 89 93
internal_value=-0.000803525 -0.000536481 -0.00166475 0.000453172 0.00777778 -0.000813517 0.00397727 -0.00216693 0.0114583 -0.00121951 -0.00299539 0.00428571 -0.00108108 -0.00338078
internal_weight=1929 1864 871 993 90 799 176 623 96 574 434 140 370 281
internal_count=1929 1864 871 993 90 799 176 623 96 574 434 140 370 281
is_linear=0
shrinkage=0.05


Tree=278
num_leaves=15
num_cat=0
split_feature=4 2 3 0 0 4 0 2 1 0 2 2 3 0
split_gain=1.57795 1.65925 1.4458 1.16394 2.96892 1.02744 1.52873 3.53053 1.12345 3.39053 1.22957 1.22569 2.40467 2.27937
threshold=28.391000000000002 0.97697006010574905 36.530500000000011 33.95300000000001 36.001000000000012 26.029000000000003 31.653000000000002 0.70252747416915684 -0.97873101657557338 20.970500000000005 0.89420283937402645 0.46105717635705401 68.88900000000001 25.368500000000001
decision_type=2 2 2 2 2 2 2 2 2 2 2 2 2 2
left_child=1 3 -3 5 -5 6 8 -8 9 -1 11 13 -13 -10
right_child=-2 2 -4 4 -6 -7 7 -9 10 -11 -12 12 -14 -15
leaf_value=0.00038625531013802145 -0.00078139286660358631 -0.0003916962184710882 0.00040959973504816065 0.0010900740096808539 -0.0028270562762490598 0.0022194103342024541 -0.010866988657091604 0.00066756039642857929 3.1915883152991603e-05 -0.0049806761120824161 -0.0021765987699971069 -6.8039035550915283e-06 0.0061252739303188589 -0.0016591079007759178
leaf_weight=50 65 78 43 54 42 57 43 52 946 53 71 137 88 150
leaf_count=50 65 78 43 54 42 57 43 52 946 53 71 137 88 150
internal_value=-0.000803525 -0.000536481 -0.00619835 -0.000143431 0.00520833 -0.000455373 -0.000691824 -0.00684211 -0.000301003 -0.00533981 7.18391e-05 0.000416351 0.00377778 -0.000273723
internal_weight=1929 1864 121 1743 96 1647 1590 95 1495 103 1392 1321 225 1096
internal_count=1929 1864 121 1743 96 1647 1590 95 1495 103 1392 1321 225 1096
is_linear=0
shrinkage=0.05


Tree=279
num_leaves=15
num_cat=0
split_feature=4 2 0 3 0 3 0 2 4 3 2 2 3 4
split_gain=1.70873 1.3767 1.20748 2.23869 1.54888 1.13938 1.03235 1.04436 2.54816 1.88876 1.81552 1.60783 3.45612 1.81281
threshold=28.391000000000002 0.97697006010574905 32.701500000000003 3.0915000000000004 31.653000000000002 36.530500000000011 30.709500000000002 0.76110425866077447 16.969500000000004 59.282000000000004 0.60605034090854637 0.29426351849031901 35.120500000000007 6.4340000000000011
decision_type=2 2 2 2 2 2 2 2 2 2 2 2 2 2
left_child=1 2 4 -4 6 -3 7 10 9 -9 11 13 -13 -1
right_child=-2 5 3 -5 -6 -7 -8 8 -10 -11 -12 12 -14 -15
leaf_value=-0.001444429952696895 -0.00074232322327340565 -0.00037211140754753739 -0.00056971754671797381 0.0011228902991231027 -0.0026278915680976512 0.00038911974829575202 0.0029956086249471798 0.0031597441566024956 -0.012001967280190085 -0.0082237791297785131 0.00082439727642995015 0.0013583847226737945 -0.0031472766041976911 6.0108454747775936e-05
leaf_weight=117 65 78 65 78 51 43 64 49 47 40 67 65 59 1041
leaf_count=117 65 78 65 78 51 43 64 49 47 40 67 65 59 1041
internal_value=-0.000492483 -0.000214592 0.000143431 0.00454545 -0.00025 -0.0053719 3.22789e-05 -0.00023569 -0.00441176 0.000561798 0.000185322 -0.000234009 -0.00564516 0.000345423
internal_weight=1929 1864 1743 143 1600 121 1549 1485 136 89 1349 1282 124 1158
internal_count=1929 1864 1743 143 1600 121 1549 1485 136 89 1349 1282 124 1158
is_linear=0
shrinkage=0.05


Tree=280
num_leaves=15
num_cat=0
split_feature=4 2 4 0 0 3 3 0 2 3 2 4 4 4
split_gain=1.77607 1.04433 1.05085 0.802182 1.97646 1.80513 1.25481 0.755144 0.997206 2.80382 2.02631 1.29004 0.995327 1.1972
threshold=28.391000000000002 0.97697006010574905 12.307 32.701500000000003 31.134000000000004 3.0915000000000004 19.977 30.461500000000004 0.78298010367706283 90.359500000000011 0.69097237642859677 3.9690000000000007 26.029000000000003 21.886000000000006
decision_type=2 2 2 2 2 2 2 2 2 2 2 2 2 2
left_child=1 3 -3 4 7 -5 -6 8 10 -10 11 -1 13 -13
right_child=-2 2 -4 5 6 -7 -8 -9 9 -11 -12 12 -14 -15
leaf_value=-0.0013722084550620503 -0.0007052070621097362 -0.00045312021572094799 -2.141150032555772e-05 -0.00054123166938206961 -0.00010189267340528496 0.0010667457841669504 -0.012307829153915373 0.0027836644028493927 0.0019476131050186779 -0.010582816746476112 0.0025688019121938408 3.9787815763724695e-05 0.0035304902080291189 -0.0012859024794122877
leaf_weight=41 65 59 62 65 43 78 46 44 78 40 46 1094 45 123
leaf_count=41 65 59 62 65 43 78 46 44 78 40 46 1094 45 123
internal_value=-0.000336962 -5.36481e-05 -0.00454545 0.000258176 -6.25e-05 0.00384615 -0.00730337 0.000363997 0.000170416 -0.00423729 0.000555967 0.000191865 0.000475436 0.000205423
internal_weight=1929 1864 121 1743 1600 143 89 1511 1467 118 1349 1303 1262 1217
internal_count=1929 1864 121 1743 1600 143 89 1511 1467 118 1349 1303 1262 1217
is_linear=0
shrinkage=0.05


Tree=281
num_leaves=15
num_cat=0
split_feature=4 2 4 0 3 0 0 0 2 3 0 2 3 1
split_gain=1.77607 1.04433 1.05085 0.802182 1.80513 1.41066 1.10984 0.77071 0.966601 2.80382 1.90009 2.8572 9.8 1.49211
threshold=28.391000000000002 0.97697006010574905 12.307 32.701500000000003 3.0915000000000004 31.134000000000004 31.814500000000006 30.461500000000004 0.78298010367706283 90.359500000000011 29.450000000000003 0.56424300735932609 26.429000000000002 0.97505550290239451
decision_type=2 2 2 2 2 2 2 2 2 2 2 2 2 2
left_child=1 3 -3 5 -5 7 -7 8 10 -10 11 13 -13 -1
right_child=-2 2 -4 4 -6 6 -8 -9 9 -11 -12 12 -14 -15
leaf_value=-3.9657677593246679e-05 -0.0006699467090042488 -0.0004304642049349106 -2.0340925309275672e-05 -0.00051417008591296835 0.0010134084949586009 -0.00098130536147823517 -0.0015053304270795514 0.0026444811827069231 0.0018502324497677441 -0.010053675909152307 -0.00042073984434393141 -0.00074030925243009915 0.017865538430422118 0.00025441981979742182
leaf_weight=1086 65 59 62 65 78 49 40 44 78 40 49 40 40 134
leaf_count=1086 65 59 62 65 78 49 40 44 78 40 49 40 40 134
internal_value=-0.000336962 -5.36481e-05 -0.00454545 0.000258176 0.00384615 -6.25e-05 -0.00617978 0.000297816 0.000102249 -0.00423729 0.000481838 0.000846154 0.01 0.000245902
internal_weight=1929 1864 121 1743 143 1600 89 1511 1467 118 1349 1300 80 1220
internal_count=1929 1864 121 1743 143 1600 89 1511 1467 118 1349 1300 80 1220
is_linear=0
shrinkage=0.05


Tree=282
num_leaves=15
num_cat=0
split_feature=4 4 3 4 0 0 3 0 1 1 1 1 4 3
split_gain=0.862774 0.900034 2.08773 1.62777 1.11961 2.48315 6.9107 1.59773 1.84703 2.54134 1.5936 2.7744 2.63724 1.54452
threshold=3.3740000000000001 26.398000000000003 17.685000000000006 25.137000000000004 21.544500000000003 20.383000000000003 24.096500000000002 19.700500000000002 -0.88606241628642823 -0.7266007961912001 0.96230016621822489 0.93535928755917841 12.478500000000002 16.563500000000001
decision_type=2 2 2 2 2 2 2 2 2 2 2 2 2 2
left_child=-1 3 -3 4 5 7 -7 8 13 -10 11 -6 -12 -2
right_child=1 2 -4 -5 10 6 -8 -9 9 -11 12 -13 -14 -15
leaf_value=-0.00044870128815274193 -0.00014701335838650798 -0.00068216188905214086 1.4658352905655425e-05 0.0019308927682331473 -0.00019040519367774511 0.010812993487771205 -0.0013303589444700595 -0.0015765852458179373 -0.0030347287870005875 5.1360613167213133e-05 -0.00024566758384021031 -0.0088055236410221477 0.014124421062709317 0.0043379085169528821
leaf_weight=40 40 41 73 49 715 42 44 46 62 549 72 40 62 54
leaf_count=40 40 41 73 49 715 42 44 46 62 549 72 40 62 54
internal_value=-0.000233281 -7.94071e-05 -0.00438596 0.000197183 -5.79374e-05 0.00125448 0.00930233 0.000332889 0.000921986 -8.18331e-05 -0.00129359 -0.00218543 0.00373134 0.00744681
internal_weight=1929 1889 114 1775 1726 837 86 751 705 611 889 755 134 94
internal_count=1929 1889 114 1775 1726 837 86 751 705 611 889 755 134 94
is_linear=0
shrinkage=0.05


Tree=283
num_leaves=15
num_cat=0
split_feature=4 2 2 0 3 2 2 4 2 2 2 4 4 4
split_gain=0.814237 0.914867 2.85194 2.74486 4.2808 1.4694 4.14714 2.6498 2.64695 1.19515 2.62992 2.02003 2.99134 1.70327
threshold=3.3740000000000001 -0.44437817810461328 -0.38168922026665913 18.636500000000002 57.029500000000006 -0.19851654827941614 -0.13070653084037345 15.107500000000002 -0.062278703982132359 -0.64297064596386244 -0.74189640036816351 20.082500000000003 24.934500000000003 16.740000000000006
decision_type=2 2 2 2 2 2 2 2 2 2 2 2 2 2
left_child=-1 3 -3 9 -5 7 -7 -4 -8 10 11 13 -13 -2
right_child=1 2 5 4 -6 6 8 -9 -10 -11 -12 12 -14 -15
leaf_value=-0.00042626622374509761 -8.2967819915108837e-05 -0.012933532819292959 -0.00024798196044223674 0.005635597948319547 -0.001414495902262946 -0.0040714282281861264 0.0063691552011184288 0.0137838833310441 -0.00015909995751925838 -0.00045204190665713021 0.003894956655215609 0.018578082653827675 -0.0027909932001513277 -0.0074467800424775276
leaf_weight=40 291 44 74 82 48 42 44 47 926 69 56 59 40 67
leaf_count=40 291 44 74 82 48 42 44 47 926 69 56 59 40 67
internal_value=-0.000440643 -0.000291159 -0.00114698 0.0011236 0.00769231 -0.000661959 -0.00128458 0.00454545 -0.000618557 -0.000343643 0.000487329 -0.000765864 0.00555556 -0.00251397
internal_weight=1929 1889 1177 712 130 1133 1012 121 970 582 513 457 99 358
internal_count=1929 1889 1177 712 130 1133 1012 121 970 582 513 457 99 358
is_linear=0
shrinkage=0.05


Tree=284
num_leaves=15
num_cat=0
split_feature=2 0 2 0 4 0 4 3 3 4 4 2 2 2
split_gain=0.977361 2.76863 1.84483 1.83293 7.22231 1.7903 1.74545 2.63203 5.46356 3.52611 1.87846 1.70252 4.68905 1.40649
threshold=-0.83827970521777406 17.075000000000003 -0.79877937288636469 15.390500000000001 16.361000000000004 16.141500000000004 22.578500000000002 7.1065000000000014 2.2175000000000007 15.831500000000002 10.277500000000002 -0.67125995756753143 -0.51974381215551546 -0.59573786270597295
decision_type=2 2 2 2 2 2 2 2 2 2 2 2 2 2
left_child=1 6 -2 4 -4 -5 7 8 -1 10 -9 -7 13 -13
right_child=2 -3 3 5 -6 11 -8 9 -10 -11 -12 12 -14 -15
leaf_value=-0.0014731749461365171 -0.008746336095295874 0.0048560582033119228 0.0080007059770921488 -0.0043655560436666272 -0.0051795858695423726 -0.0033115047335250587 0.0022745278847738915 -0.0039623061768842881 0.0070124249895562657 -0.011383958938766833 0.0014125172088032005 0.0010886053687951043 -0.00018610476793637159 0.015491472884368732
leaf_weight=82 44 46 51 44 46 68 55 57 44 46 68 44 1194 40
leaf_count=82 44 46 51 44 46 68 55 57 44 46 68 44 1194 40
internal_value=-0.000699844 0.00150754 -0.00127368 -0.000975118 0.0056701 -0.00143885 0 -0.00151515 0.00396825 -0.00555556 -0.0012 -0.00111441 -0.000704225 0.0107143
internal_weight=1929 398 1531 1487 97 1390 352 297 126 171 125 1346 1278 84
internal_count=1929 398 1531 1487 97 1390 352 297 126 171 125 1346 1278 84
is_linear=0
shrinkage=0.05


Tree=285
num_leaves=15
num_cat=0
split_feature=0 1 0 3 0 0 2 0 0 0 0 0 2 2
split_gain=1.0192 3.73526 1.92444 3.9142 3.63788 2.28073 1.64617 1.49248 3.28477 1.78521 0.771988 3.06414 1.75508 2.64169
threshold=12.285500000000001 -0.18771856543719898 13.764500000000002 99.090500000000006 13.078000000000001 14.078500000000002 -0.9829660752282251 14.772 15.390500000000001 15.937000000000003 16.668500000000005 17.075000000000003 -0.53914575630485184 -0.62971025403082126
decision_type=2 2 2 2 2 2 2 2 2 2 2 2 2 2
left_child=1 -1 3 4 -2 -4 -7 -8 -9 -10 -11 -12 13 -13
right_child=2 -3 5 -5 -6 6 7 8 9 10 11 12 -14 -15
leaf_value=0.0139391747974499 -0.0098062205079995496 -0.0030162548580160709 0.001551577200883983 -0.0073698671006182659 0.0055168417200304048 0.0017662919032616381 -0.0045370547988219162 0.0032046575594018648 -0.00078307834198347028 0.0072581620818623965 -0.016753262550977612 8.6755807756899392e-05 -0.00018307360155440656 0.0097535677481668803
leaf_weight=43 48 53 41 40 40 67 52 54 44 51 40 135 1181 40
leaf_count=43 48 53 41 40 40 67 52 54 44 51 40 135 1181 40
internal_value=-0.000855365 0.00416667 -0.00111839 -0.00703125 -0.00113636 -0.000674487 -0.000961538 -0.00128366 -0.00100324 -0.00144199 -0.00114029 -0.00136103 -0.000958702 0.00371429
internal_weight=1929 96 1833 128 88 1705 1664 1597 1545 1491 1447 1396 1356 175
internal_count=1929 96 1833 128 88 1705 1664 1597 1545 1491 1447 1396 1356 175
is_linear=0
shrinkage=0.05


Tree=286
num_leaves=15
num_cat=0
split_feature=4 2 4 1 3 4 4 3 4 4 0 2 4 1
split_gain=1.05949 0.988776 3.7271 2.26681 2.93288 2.8673 2.56037 1.41979 1.0551 5.87774 2.4829 2.19188 2.61162 2.3136
threshold=28.391000000000002 -0.84565824135800816 22.578500000000002 0.25084665036108239 76.381000000000014 17.297500000000003 14.138000000000002 4.8730000000000011 18.970500000000005 18.364000000000004 17.841500000000003 -0.28192241106630667 21.523500000000002 0.51909748604633899
decision_type=2 2 2 2 2 2 2 2 2 2 2 2 2 2
left_child=1 2 3 5 -5 6 7 -1 9 -3 -10 -12 -13 -14
right_child=-2 8 -4 4 -6 -7 -8 -9 10 -11 11 12 13 -15
leaf_value=-0.0065504004474573 -0.00057592736275092766 -0.00012284387752926895 0.0076246687957868377 0.0058571037179423139 -0.001120500519066353 -0.02180811739297088 0.0012589446207594008 -1.7072586545069379e-05 -0.0077397700428160389 0.0063050473909812112 0.018850536637168794 -0.0019416654472710682 0.0024909872837633796 -0.00028771307760571514
leaf_weight=51 65 1120 53 53 41 40 62 76 73 41 46 83 84 41
leaf_count=51 65 1120 53 53 41 40 62 76 73 41 46 83 84 41
internal_value=-0.000648004 -0.000429185 0.0018617 -0.000154799 0.00638298 -0.00283843 -0.00026455 -0.00433071 -0.00100806 -0.000301464 -0.00351682 -0.0011811 -0.00336538 0.0012
internal_weight=1929 1864 376 323 94 229 189 127 1488 1161 327 254 208 125
internal_count=1929 1864 376 323 94 229 189 127 1488 1161 327 254 208 125
is_linear=0
shrinkage=0.05


Tree=287
num_leaves=15
num_cat=0
split_feature=4 0 1 1 4 4 2 0 4 4 1 4 1 0
split_gain=1.00762 1.14181 2.36471 2.24923 1.43783 2.27584 1.52092 3.18421 2.16594 1.66271 4.33707 3.35585 2.56308 1.09896
threshold=28.391000000000002 18.870500000000003 -0.97873101657557338 -0.97109105924028405 23.975500000000004 21.886000000000006 -0.7324940716135786 16.729500000000005 13.306000000000003 12.948000000000002 0.064414007683963548 17.297500000000003 0.31676515716386888 15.195000000000002
decision_type=2 2 2 2 2 2 2 2 2 2 2 2 2 2
left_child=1 3 -3 -1 5 6 9 8 -8 12 11 -11 13 -5
right_child=-2 2 -4 4 -6 -7 7 -9 -10 10 -12 -13 -14 -15
leaf_value=0.0057556401800710356 -0.00054713099461338184 -0.0035754520765039601 -0.00010347783984198111 -0.0009144501407160222 0.0030548065119759995 -0.0090993333973678255 0.0083442012904961557 -0.0009836412873552526 0.00078863326665130635 0.00049505479402881252 0.0030302171497753093 -0.020364649753115999 -0.0029851788146475823 0.00052527509833737997
leaf_weight=40 65 73 1077 102 57 44 47 75 49 71 86 41 55 47
leaf_count=40 65 73 1077 102 57 44 47 75 49 71 86 41 55 47
internal_value=-0.000803525 -0.000590129 -0.00156522 0.000980392 0.000296736 -0.000405186 0.0004363 0.00438596 0.0104167 -0.00124378 0.0020202 -0.00446429 -0.00441176 -0.00100671
internal_weight=1929 1864 1150 714 674 617 573 171 96 402 198 112 204 149
internal_count=1929 1864 1150 714 674 617 573 171 96 402 198 112 204 149
is_linear=0
shrinkage=0.05


Tree=288
num_leaves=15
num_cat=0
split_feature=4 0 0 0 0 2 1 4 4 1 3 4 2 2
split_gain=1.02477 0.919406 2.38973 5.04323 2.08288 2.81756 2.85296 2.32068 4.50894 5.3661 4.3552 4.13482 1.45919 1.69552
threshold=28.391000000000002 21.473000000000003 20.467000000000002 19.918000000000003 23.612000000000005 -0.21533487516747371 -0.19244979981841048 24.934500000000003 18.721000000000004 -0.49750868180287644 11.094000000000003 17.462000000000003 -0.13070653084037345 -0.30081980763566774
decision_type=2 2 2 2 2 2 2 2 2 2 2 2 2 2
left_child=1 2 3 12 5 -3 -7 8 11 -10 -11 -6 13 -1
right_child=-2 4 -4 -5 7 6 -8 -9 9 10 -12 -13 -14 -15
leaf_value=8.2635585381093951e-05 -0.00051977444488271463 0.00032304581636683486 0.0040027476250872667 -0.010427609464749132 -6.4701390257818075e-05 -0.01773767602442497 -0.00051120399689971729 0.0031903309615688548 -0.0072844082638570734 0.0085117524529635235 -0.0077300892384269577 0.003360303382797622 0.0018144164864122292 -0.0029354325704862324
leaf_weight=670 65 65 78 40 596 43 41 41 40 47 40 48 75 40
leaf_count=670 65 65 78 40 596 43 41 41 40 47 40 48 75 40
internal_value=-0.000751685 -0.000536481 0.000609081 -0.000181818 -0.0016129 -0.00704698 -0.0130952 -0.000615764 -0.00123217 -0.00984252 -0.00287356 0.000465839 0.000700637 0
internal_weight=1929 1864 903 825 961 149 84 812 771 127 87 644 785 710
internal_count=1929 1864 903 825 961 149 84 812 771 127 87 644 785 710
is_linear=0
shrinkage=0.05


Tree=289
num_leaves=15
num_cat=0
split_feature=4 3 4 3 3 0 3 3 1 4 4 0 2 0
split_gain=1.15148 1.70176 1.12984 0.974163 3.2456 2.82848 2.21192 3.94028 2.48889 2.25065 3.2679 4.36471 2.93437 2.34074
threshold=26.398000000000003 17.685000000000006 24.309500000000003 6.3145000000000007 4.8050000000000006 21.544500000000003 15.113500000000002 21.465500000000002 -0.25084665036108228 16.740000000000006 15.577000000000004 31.266000000000002 0.70252747416915684 26.216500000000003
decision_type=2 2 2 2 2 2 2 2 2 2 2 2 2 2
left_child=2 -2 3 4 -1 -6 8 -8 -5 10 11 13 -11 -9
right_child=1 -3 -4 6 5 -7 7 9 -10 12 -12 -13 -14 -15
leaf_value=-2.8525510836774349e-05 -0.00094029988578702155 -8.0348830067569771e-05 0.0010462237649316447 -9.3863517045021495e-05 0.013359126204627998 -0.0001796043457232055 0.0050748315520828275 -0.0001348319987300034 -0.0015539756797271279 -0.0062207031190098768 0.0092523416722029034 -0.0095712575101660757 0.0002895442031261353 0.0038410265876587693
leaf_weight=694 41 73 77 42 57 46 42 372 48 179 46 58 55 99
leaf_count=694 41 73 77 42 57 46 42 372 48 179 46 58 55 99
internal_value=-0.000388802 -0.00526316 -8.26446e-05 -0.000345224 0.000941029 0.0092233 -0.00143464 -0.000646298 -0.00888889 -0.00142151 0.00026087 -0.000850662 -0.00555556 0.0007431
internal_weight=1929 114 1815 1738 797 103 941 851 90 809 575 529 234 471
internal_count=1929 114 1815 1738 797 103 941 851 90 809 575 529 234 471
is_linear=0
shrinkage=0.05


Tree=290
num_leaves=15
num_cat=0
split_feature=4 3 4 4 3 4 2 2 4 0 3 1 4 0
split_gain=1.25153 1.70176 1.46125 3.69206 3.44205 3.01054 1.95556 3.75472 1.94629 6.26739 2.54354 1.58645 1.0635 1.26752
threshold=26.398000000000003 17.685000000000006 17.547000000000004 16.620500000000003 75.669500000000014 18.970500000000005 -0.75331262247159991 0.21113058295073206 21.523500000000002 21.720000000000002 0.23850000000000002 -0.021515898191484053 16.168000000000003 34.773500000000006
decision_type=2 2 2 2 2 2 2 2 2 2 2 2 2 2
left_child=2 -2 3 12 5 -4 -6 -8 9 -7 -10 -12 13 -1
right_child=1 -3 4 -5 6 8 7 -9 10 -11 11 -13 -14 -15
leaf_value=-2.5268331402816815e-07 -0.0008932848914976699 -7.6331388564190872e-05 0.0053722911830275753 -0.0028010532197138868 0.0070342520628830577 0.00099846680296901825 -0.010066766578593418 4.1378131325597867e-05 -0.00056341807911612922 -0.0075246685171355028 0.00027506699296983019 0.0072332651062036145 0.0073128946216878682 -0.00068643978966859143
leaf_weight=1167 41 73 78 73 45 52 63 57 41 49 49 44 49 48
leaf_count=1167 41 73 78 73 45 52 63 57 41 49 49 44 49 48
internal_value=-0.000181441 -0.00526316 0.000137741 -0.000710546 0.00251046 0.00559105 -0.00333333 -0.00666667 0.00276596 -0.00247525 0.00671642 0.0112903 -7.91139e-05 -0.00037037
internal_weight=1929 114 1815 1337 478 313 165 120 235 101 134 93 1264 1215
internal_count=1929 114 1815 1337 478 313 165 120 235 101 134 93 1264 1215
is_linear=0
shrinkage=0.05


Tree=291
num_leaves=15
num_cat=0
split_feature=4 0 3 4 3 0 1 2 2 2 0 0 4 0
split_gain=1.20098 1.70215 3.49376 3.09939 1.70176 1.04264 2.11722 2.23788 4.51017 2.84881 0.826108 2.04848 1.7225 2.40205
threshold=26.398000000000003 32.701500000000003 3.0200000000000005 15.018000000000002 17.685000000000006 29.284000000000002 0.849084144669916 0.67209495862812607 0.82438889030848939 0.96468063810649285 14.772 15.390500000000001 22.578500000000002 14.037000000000001
decision_type=2 2 2 2 2 2 2 2 2 2 2 2 2 2
left_child=1 5 -3 -4 -2 10 7 -7 -9 -10 12 -12 13 -1
right_child=4 2 3 -5 -6 6 -8 8 9 -11 11 -13 -14 -15
leaf_value=-0.00030327023766582448 -0.00084862064692278749 -0.00014908778263382773 0.00038685465444996406 0.00067519372331255052 -7.2514819135982572e-05 0.001962297657854517 -0.0044978145586838962 -0.01132329907097962 0.011030618364055059 -0.0026506087211953023 0.00097067972733542454 2.7013405378528701e-06 0.0014891352288144595 -0.0066174368942559809
leaf_weight=210 41 85 55 47 73 46 60 43 44 48 64 1005 40 68
leaf_count=210 41 85 55 47 73 46 60 43 44 48 64 1005 40 68
internal_value=-0.000285122 2.75482e-05 0.00454545 0.0107843 -0.00526316 -0.0004914 -0.00352697 -0.000828729 -0.00407407 0.00217391 3.6049e-05 0.00070159 -0.00220126 -0.00359712
internal_weight=1929 1815 187 102 114 1628 241 181 135 92 1387 1069 318 278
internal_count=1929 1815 187 102 114 1628 241 181 135 92 1387 1069 318 278
is_linear=0
shrinkage=0.05


Tree=292
num_leaves=15
num_cat=0
split_feature=4 4 4 0 2 3 2 3 2 2 2 2 3 4
split_gain=0.949954 0.932691 2.06583 1.33091 1.82416 2.17464 1.53552 1.26808 0.934343 2.36641 2.40213 3.00487 2.06671 1.69571
threshold=29.256500000000006 3.3740000000000001 5.2545000000000011 13.764500000000002 -0.96801877525786306 99.381000000000014 -0.9829660752282251 12.131000000000002 -0.91780143710280748 -0.83160410544417529 -0.67125995756753143 -0.44188884388187749 2.0830000000000006 7.5285000000000011
decision_type=2 2 2 2 2 2 2 2 2 2 2 2 2 2
left_child=1 -1 -3 4 -4 7 -5 -6 -8 -10 12 -12 -11 -13
right_child=-2 2 3 6 5 -7 8 -9 9 10 11 13 -14 -15
leaf_value=-0.00034589486220371057 -0.00035967545142820412 0.0010084986464366287 -0.005723341973573607 0.0019764056389661444 -0.00086750134286168882 -0.002642372181713132 -0.0021330765724685342 0.0038727764101075188 0.0016939105563592606 0.00011325263098548519 0.0010824021641057447 0.00029498611516153299 -0.0076355963515924554 -0.00014783323349976119
leaf_weight=40 51 81 64 75 42 49 72 47 60 42 143 87 85 991
leaf_count=40 51 81 64 75 42 49 72 47 60 42 143 87 85 991
internal_value=-0.000129601 5.32481e-05 0.000217628 -0.000142288 -0.0039604 -0.000724638 0.000353698 0.00393258 0 0.000284091 -0.000148368 0.000532351 -0.00669291 -0.000371058
internal_weight=1929 1878 1838 1757 202 138 1555 89 1480 1408 1348 1221 127 1078
internal_count=1929 1878 1838 1757 202 138 1555 89 1480 1408 1348 1221 127 1078
is_linear=0
shrinkage=0.05


Tree=293
num_leaves=15
num_cat=0
split_feature=4 4 4 0 1 3 2 2 2 3 3 2 2 3
split_gain=1.00937 0.986034 1.95226 1.15103 2.13754 1.4972 1.45181 1.00377 2.26376 1.46454 3.19234 2.17389 2.05803 2.36944
threshold=29.256500000000006 3.3740000000000001 5.2545000000000011 13.764500000000002 -0.32533907195844741 68.217000000000013 -0.9829660752282251 -0.91780143710280748 -0.83160410544417529 0.020500000000000001 0.40000000000000008 -0.72802780115698473 -0.51479280150983053 61.596000000000011
decision_type=2 2 2 2 2 2 2 2 2 2 2 2 2 2
left_child=1 -1 -3 4 -4 -6 -5 -8 -9 -10 -11 -12 13 -13
right_child=-2 2 3 6 5 -7 7 8 9 10 11 12 -14 -15
leaf_value=-0.00032860011909352504 -0.00034169167885679254 0.00095807371411479327 0.0026643509597738982 0.0018775853570178358 -0.0038367731611291312 -0.00035140083101058015 -0.0020264227438451079 0.0016092150285412978 0.00022383080333808066 -0.0013720532202861639 -0.0094617891349351863 -0.00019608182982233381 -1.572131415299438e-05 0.0092510862216545788
leaf_weight=40 51 81 71 75 69 62 72 60 350 56 68 50 780 44
leaf_count=40 51 81 71 75 69 62 72 60 350 56 68 50 780 44
internal_value=7.77605e-05 0.000266241 0.000435256 8.53728e-05 -0.00346535 -0.00725191 0.000546624 0.000202703 0.000497159 7.4184e-05 -0.000901804 -0.000212314 0.000457666 0.00744681
internal_weight=1929 1878 1838 1757 202 131 1555 1480 1408 1348 998 942 874 94
internal_count=1929 1878 1838 1757 202 131 1555 1480 1408 1348 998 942 874 94
is_linear=0
shrinkage=0.05


Tree=294
num_leaves=15
num_cat=0
split_feature=4 4 4 0 2 0 3 2 0 1 0 1 0 1
split_gain=1.0245 0.999601 1.92437 1.09059 1.44945 1.03128 1.53618 1.33319 1.09813 7.38691 1.33529 1.03066 2.70781 2.66662
threshold=29.256500000000006 3.3740000000000001 5.2545000000000011 33.610500000000009 0.92933244589178743 30.893000000000004 1.5420000000000003 0.79411473034488644 29.602 0.61794704089537544 28.600500000000004 -0.17082974322534453 12.136500000000002 -0.30451802849190396
decision_type=2 2 2 2 2 2 2 2 2 2 2 2 2 2
left_child=1 -1 -3 5 -5 8 -7 -8 10 -10 11 13 -13 -4
right_child=-2 2 3 4 -6 6 7 -9 9 -11 -12 12 -14 -15
leaf_value=-0.00031217011313884325 -0.00032460709491395346 0.00091017002840905199 -3.3491071082136781e-05 0.00060611975208790738 -0.00096655201013847727 0.00058095784285238099 -0.0023715371471660141 -0.0041099525449757755 0.0027130306304521293 -0.0026546671581046568 -0.0004921671205776857 -0.0086336168722450004 0.00036017028921737085 -0.0050477264912464626
leaf_weight=40 51 81 551 80 54 57 59 47 46 44 61 41 662 55
leaf_count=40 51 81 551 80 54 57 59 47 46 44 61 41 662 55
internal_value=0.000129601 0.000319489 0.000489663 0.000142288 0.00447761 -0.00021565 -0.00398773 -0.00754717 0.000205479 0.00555556 -0.000145985 0.000190985 0.0014936 -0.00132013
internal_weight=1929 1878 1838 1757 134 1623 163 106 1460 90 1370 1309 703 606
internal_count=1929 1878 1838 1757 134 1623 163 106 1460 90 1370 1309 703 606
is_linear=0
shrinkage=0.05


Tree=295
num_leaves=15
num_cat=0
split_feature=4 3 0 1 2 0 1 0 1 0 1 3 4 0
split_gain=1.46414 1.70176 1.31231 1.79208 2.96623 1.30347 1.55838 1.16681 2.83032 1.15298 2.04232 2.19465 4.61584 3.63908
threshold=26.398000000000003 17.685000000000006 32.701500000000003 0.030073020370188292 0.8433585485889844 30.893000000000004 -0.14153898451656977 29.042000000000005 0.71089581899715537 21.544500000000003 -0.86095304316285715 22.087000000000003 11.256000000000002 23.480500000000003
decision_type=2 2 2 2 2 2 2 2 2 2 2 2 2 2
left_child=2 -2 5 -4 -5 7 -7 9 -9 -1 -11 13 -13 -12
right_child=1 -3 3 4 -6 6 -8 8 -10 10 11 12 -14 -15
leaf_value=0.00018495759030545539 -0.00080831493951445677 -1.7590366919237323e-05 0.00069335393691061795 0.00053232175204186302 -0.003963104819898383 -0.012262237798989618 -0.00033312923256514638 0.0021032691882752197 -0.00045656728701382672 -0.0033942658854230427 -0.0065909597068233242 -0.0012032665092856722 0.0087040988664939933 3.0784358583446639e-06
leaf_weight=885 41 73 60 57 70 45 81 75 52 107 54 55 125 149
leaf_count=885 41 73 60 57 70 45 81 75 52 107 54 55 125 149
internal_value=0.000233281 -0.00526316 0.000578512 0.00454545 0.0011811 0.00012285 -0.0047619 0.000532623 0.00511811 0.000109091 -0.00183673 -0.000130548 0.00388889 -0.00369458
internal_weight=1929 114 1815 187 127 1628 126 1502 127 1375 490 383 180 203
internal_count=1929 114 1815 187 127 1628 126 1502 127 1375 490 383 180 203
is_linear=0
shrinkage=0.05


Tree=296
num_leaves=15
num_cat=0
split_feature=0 0 1 1 4 0 0 0 4 0 0 1 2 1
split_gain=1.16431 2.50837 1.11757 3.27793 1.07295 6.10458 4.05609 2.44929 3.5567 1.50375 4.67089 1.81661 3.07886 2.96641
threshold=32.701500000000003 36.228000000000009 0.41274032740354816 0.030073020370188292 7.894000000000001 27.168000000000003 22.556500000000003 14.817000000000002 6.4340000000000011 25.241000000000003 24.451500000000006 0.89896131060349826 -0.079425928728534406 0.81825490718534677
decision_type=2 2 2 2 2 2 2 2 2 2 2 2 2 2
left_child=4 2 3 -2 5 6 7 -1 -9 10 11 13 -13 -6
right_child=1 -3 -4 -5 9 -7 -8 8 -10 -11 -12 12 -14 -15
leaf_value=-0.0071392750518856967 0.00020267391519023238 -0.0061797673512710679 0.00068108659760022236 -0.0039963479000627022 -2.5667143204219367e-05 0.00056104744401390687 -0.0029490826255411887 -0.00015601680781233973 0.0089978935044736866 -0.00039184619614398148 0.0054962310743772004 -0.0032313508034663239 0.0040582526085973462 0.0062690088805637013
leaf_weight=45 52 46 63 40 804 60 43 61 57 449 49 79 40 41
leaf_count=45 52 46 63 40 804 60 43 61 57 449 49 79 40 41
internal_value=0.000129601 0.00373134 0.00677419 0.00326087 -0.000289352 0.00263158 -0.00145631 0.00214724 0.0059322 -0.000820793 0.000246792 -0.000518672 -0.00630252 0.000295858
internal_weight=1929 201 155 92 1728 266 206 163 118 1462 1013 964 119 845
internal_count=1929 201 155 92 1728 266 206 163 118 1462 1013 964 119 845
is_linear=0
shrinkage=0.05


Tree=297
num_leaves=15
num_cat=0
split_feature=0 4 0 0 2 2 1 0 1 0 4 4 1 2
split_gain=1.77033 1.31935 5.78193 3.0369 2.04774 1.36576 1.27246 1.60935 3.33562 2.97289 2.27157 2.1708 2.12754 4.06814
threshold=32.701500000000003 7.894000000000001 27.168000000000003 22.556500000000003 -0.51479280150983053 -0.88835394722870831 -0.9852109833579612 25.241000000000003 -0.88606241628642823 24.451500000000006 11.256000000000002 24.934500000000003 0.89391031859722891 -0.13070653084037345
decision_type=2 2 2 2 2 2 2 2 2 2 2 2 2 2
left_child=1 2 3 4 5 -1 -3 9 -9 11 -10 12 -8 -14
right_child=-2 6 -4 -5 -6 -7 7 8 10 -11 -12 -13 13 -15
leaf_value=0.0012123774000676103 0.00018041040255778462 0.00070058906489743893 0.00053299507181321377 -0.0028016284942641301 0.016093748818455305 -0.0014249742549697396 0.00013026022028987116 -0.0045591319654976429 -0.001239916480733927 0.0054247176983125674 -7.6674204681881353e-05 -0.0013949795412824637 -0.0048144841733568202 0.0022375783868533116
leaf_weight=53 201 93 60 43 44 66 689 40 73 43 313 97 69 45
leaf_count=53 201 93 60 43 44 66 689 40 73 43 313 97 69 45
internal_value=0.000285122 -0.000231481 0.00300752 -0.000970874 0.00214724 -0.0012605 -0.000820793 -0.00120526 -0.00375587 -5.30223e-05 -0.00233161 -0.000666667 0.0001868 -0.00614035
internal_weight=1929 1728 266 206 163 119 1462 1369 426 943 386 900 803 114
internal_count=1929 1728 266 206 163 119 1462 1369 426 943 386 900 803 114
is_linear=0
shrinkage=0.05


Tree=298
num_leaves=15
num_cat=0
split_feature=0 0 2 3 0 1 1 1 3 2 0 0 2 1
split_gain=1.35946 1.51616 1.53336 1.90253 1.41091 3.4658 1.21977 3.53125 1.05297 0.960164 2.84706 1.41692 1.90864 1.07981
threshold=32.701500000000003 30.893000000000004 0.61287127154566789 5.0010000000000003 29.042000000000005 0.71089581899715537 0.54817103930762578 0.16681837808193059 36.042500000000011 0.86993731518838324 26.359000000000005 27.862500000000001 0.71541278717867718 0.96413834225895678
decision_type=2 2 2 2 2 2 2 2 2 2 2 2 2 2
left_child=1 4 -3 -4 9 8 7 -2 -6 11 -11 12 13 -1
right_child=6 2 3 -5 5 -7 -8 -9 -10 10 -12 -13 -14 -15
leaf_value=-2.5306676872988155e-05 0.00031189010641006766 0.00047862337448577043 -4.7095608114222646e-06 -0.012325609938206462 0.0012666944621621103 -0.00039404351533839366 0.00044872753730592908 -0.0038473407456458553 0.0043228316814569344 -0.0068803701148522859 0.00015446383415884668 -0.0025970709722785037 0.0047865591724805066 0.00062012324447566149
leaf_weight=1111 90 46 41 47 41 53 58 53 40 40 45 63 59 142
leaf_count=1111 90 46 41 47 41 53 58 53 40 40 45 63 59 142
internal_value=0.000336962 -0.000115741 -0.00522388 -0.00909091 0.000313676 0.00522388 0.00422886 0.00174825 0.0117284 -0.000136986 -0.00529412 0.000181818 0.000533537 0.000119713
internal_weight=1929 1728 134 88 1594 134 201 143 81 1460 85 1375 1312 1253
internal_count=1929 1728 134 88 1594 134 201 143 81 1460 85 1375 1312 1253
is_linear=0
shrinkage=0.05


Tree=299
num_leaves=15
num_cat=0
split_feature=0 1 1 0 4 4 1 3 3 1 0 3 4 4
split_gain=1.39592 1.21977 3.53125 0.757545 0.686497 3.16895 2.54956 2.50421 3.19023 5.61225 5.21966 3.24313 2.44695 2.36783
threshold=32.701500000000003 0.54817103930762578 0.16681837808193059 31.653000000000002 15.992000000000003 17.687500000000004 -0.20455206612620117 90.359500000000011 1.0805000000000002 0.064414007683963548 20.970500000000005 22.087000000000003 15.496500000000003 21.669500000000003
decision_type=2 2 2 2 2 2 2 2 2 2 2 2 2 2
left_child=3 2 -2 4 12 6 -6 8 13 11 -11 -10 -1 -7
right_child=1 -3 -4 -5 5 7 -8 -9 9 10 -12 -13 -14 -15
leaf_value=4.6280177722810017e-05 0.00029629560108956345 0.00042629116044063178 -0.0036549737083635628 -0.0027965172609685676 -0.00014656547980749224 0.00015620408272064569 -0.0057640477609832725 -0.0031822337348543922 0.0012652149097162006 0.014269737762149579 0.00049472697766356352 -0.010965234706068507 0.0084203743684757078 -0.0040788012333159082
leaf_weight=994 90 58 53 63 59 53 66 165 72 48 50 65 45 48
leaf_count=994 90 58 53 63 59 53 66 165 72 48 50 65 45 48
internal_value=0.000285122 0.00422886 0.00174825 -0.000173611 3.003e-05 -0.00127796 -0.0084 0.000499002 0.00297619 0.00617021 0.0153061 -0.000364964 0.000818094 -0.00445545
internal_weight=1929 201 143 1728 1665 626 125 501 336 235 98 137 1039 101
internal_count=1929 201 143 1728 1665 626 125 501 336 235 98 137 1039 101
is_linear=0
shrinkage=0.05


end of trees

feature_importances:
Column_4=980
Column_0=963
Column_1=835
Column_2=784
Column_3=638

parameters:
[boosting: gbdt]
[objective: regression_l1]
[metric: l1]
[tree_learner: serial]
[device_type: cpu]
[data_sample_strategy: bagging]
[data: ]
[valid: ]
[num_iterations: 300]
[learning_rate: 0.05]
[num_leaves: 15]
[num_threads: 1]
[seed: 42]
[deterministic: 1]
[force_col_wise: 0]
[force_row_wise: 1]
[histogram_pool_size: -1]
[max_depth: -1]
[min_data_in_leaf: 40]
[min_sum_hessian_in_leaf: 0.001]
[bagging_fraction: 1]
[pos_bagging_fraction: 1]
[neg_bagging_fraction: 1]
[bagging_freq: 0]
[bagging_seed: 400]
[bagging_by_query: 0]
[feature_fraction: 1]
[feature_fraction_bynode: 1]
[feature_fraction_seed: 30056]
[extra_trees: 0]
[extra_seed: 12879]
[early_stopping_round: 0]
[early_stopping_min_delta: 0]
[first_metric_only: 0]
[max_delta_step: 0]
[lambda_l1: 0]
[lambda_l2: 0]
[linear_lambda: 0]
[min_gain_to_split: 0]
[drop_rate: 0.1]
[max_drop: 50]
[skip_drop: 0.5]
[xgboost_dart_mode: 0]
[uniform_drop: 0]
[drop_seed: 17869]
[top_rate: 0.2]
[other_rate: 0.1]
[min_data_per_group: 100]
[max_cat_threshold: 32]
[cat_l2: 10]
[cat_smooth: 10]
[max_cat_to_onehot: 4]
[top_k: 20]
[monotone_constraints: ]
[monotone_constraints_method: basic]
[monotone_penalty: 0]
[feature_contri: ]
[forcedsplits_filename: ]
[refit_decay_rate: 0.9]
[cegb_tradeoff: 1]
[cegb_penalty_split: 0]
[cegb_penalty_feature_lazy: ]
[cegb_penalty_feature_coupled: ]
[path_smooth: 0]
[interaction_constraints: ]
[verbosity: -1]
[saved_feature_importance_type: 0]
[use_quantized_grad: 0]
[num_grad_quant_bins: 4]
[quant_train_renew_leaf: 0]
[stochastic_rounding: 1]
[linear_tree: 0]
[max_bin: 255]
[max_bin_by_feature: ]
[min_data_in_bin: 3]
[bin_construct_sample_cnt: 200000]
[data_random_seed: 175]
[is_enable_sparse: 1]
[enable_bundle: 1]
[use_missing: 1]
[zero_as_missing: 0]
[feature_pre_filter: 1]
[pre_partition: 0]
[two_round: 0]
[header: 0]
[label_column: ]
[weight_column: ]
[group_column: ]
[ignore_column: ]
[categorical_feature: ]
[forcedbins_filename: ]
[precise_float_parser: 0]
[parser_config_file: ]
[objective_seed: 16083]
[num_class: 1]
[is_unbalance: 0]
[scale_pos_weight: 1]
[sigmoid: 1]
[boost_from_average: 1]
[reg_sqrt: 0]
[alpha: 0.9]
[fair_c: 1]
[poisson_max_delta_step: 0.7]
[tweedie_variance_power: 1.5]
[lambdarank_truncation_level: 30]
[lambdarank_norm: 1]
[label_gain: ]
[lambdarank_position_bias_regularization: 0]
[eval_at: ]
[multi_error_top_k: 1]
[auc_mu_weights: ]
[num_machines: 1]
[local_listen_port: 12400]
[time_out: 120]
[machine_list_filename: ]
[machines: ]
[gpu_platform_id: -1]
[gpu_device_id: -1]
[gpu_device_id_list: ]
[gpu_use_dp: 0]
[num_gpu: 1]

end of parameters

pandas_categorical:null
