target_date,SW_c,SE_c,NW_c,NE_c,blend_c_no_constant,temperature_grib_c,openmeteo_c
2021-03-24,13.681518554687557,14.181518554687557,13.681518554687557,15.381518554687545,14.133128554687573,14.828,18.6
2021-03-25,11.797021484375023,12.197021484375057,12.297021484375023,13.797021484375023,12.267278984375025,12.962,15.4
2021-03-26,14.568505859375023,14.168505859375045,13.368505859375034,17.168505859375045,14.582814859375048,15.277,18.0
2021-03-27,15.228535156250018,16.648535156250034,15.928535156250007,17.54853515625001,16.26905615625003,16.963,22.2
2021-03-28,15.790869140625034,17.490869140625023,15.790869140625034,18.090869140625045,16.922924140625014,17.617,23.8
2021-03-29,10.225537109375011,14.025537109375023,12.525537109375023,14.125537109375045,12.772106109375045,13.467,16.4
2021-03-30,18.350000000000023,17.650000000000034,16.250000000000057,20.350000000000023,18.079432000000054,18.774,20.5
2021-03-31,19.774218750000045,20.87421875000001,17.974218750000034,21.674218750000023,20.42925975000003,21.124,22.4
2021-04-01,21.00849609375001,20.908496093750045,19.408496093750045,21.708496093750057,20.92744809375006,21.622,25.8
2021-04-02,13.285742187500034,18.285742187500034,13.885742187500057,17.385742187500057,16.3481426875,17.043,23.1
2021-04-03,11.850000000000023,16.450000000000045,12.750000000000057,15.050000000000011,14.625304500000027,15.32,20.1
2021-04-04,11.653906250000034,14.653906250000034,11.853906250000023,13.753906250000057,13.438484750000043,14.133,17.5
2021-04-05,11.254858398437534,15.054858398437545,12.054858398437545,13.354858398437557,13.488429898437516,14.183,16.8
2021-04-06,12.108959960937511,14.508959960937545,12.708959960937534,15.808959960937557,13.801395460937556,14.496,20.2
2021-04-07,10.850000000000023,14.450000000000045,11.150000000000034,12.150000000000034,12.854239000000007,13.549,15.8
2021-04-08,10.621862792968784,15.221862792968807,11.721862792968807,14.421862792968795,13.480633292968832,14.175,18.1
2021-04-09,10.438537597656307,14.338537597656284,11.838537597656284,13.938537597656307,12.927044597656277,13.621,16.5
2021-04-10,11.579187011718773,15.679187011718795,11.279187011718761,15.079187011718773,14.051265511718782,14.746,20.5
2021-04-11,12.209765625000045,15.309765625000011,12.909765625000034,16.709765625000045,14.358249125000043,15.053,22.1
2021-04-12,12.849975585937557,16.049975585937545,13.249975585937534,18.049975585937545,15.10964758593758,15.804,22.9
2021-04-13,10.750000000000057,13.450000000000045,11.750000000000057,13.850000000000023,12.553425000000061,13.248,14.9
2021-04-14,13.217675781250023,15.217675781250023,13.117675781250057,15.917675781250011,14.541867781250005,15.236,19.4
2021-04-15,12.119042968750023,15.119042968750023,12.719042968750045,16.019042968750057,14.140108468750043,14.835,20.7
2021-04-16,12.276635742187523,17.176635742187557,12.876635742187545,16.076635742187534,15.253351242187534,15.948,21.8
2021-04-17,14.903540039062534,17.003540039062557,14.203540039062545,18.703540039062545,16.364424039062555,17.059,23.4
2021-04-18,19.765600585937534,19.965600585937523,17.66560058593751,23.065600585937545,20.10390258593759,20.798,25.2
2021-04-19,12.727844238281307,18.927844238281295,13.427844238281295,18.02784423828126,16.547200238281334,17.242,23.3
2021-04-20,11.713366699218795,15.213366699218795,13.313366699218761,15.613366699218773,14.058524699218822,14.753,17.1
2021-04-21,11.873754882812534,17.073754882812523,12.973754882812557,16.873754882812534,15.177080382812505,15.871,19.7
2021-04-22,11.057934570312511,16.357934570312523,12.557934570312511,15.857934570312523,14.416804570312536,15.111,16.8
2021-04-23,11.150000000000034,16.150000000000034,12.450000000000045,15.950000000000045,14.342236500000013,15.037,17.9
2021-04-24,11.890502929687557,15.290502929687534,12.590502929687545,14.490502929687523,13.971451429687534,14.666,16.7
2021-04-25,9.261328125000034,9.961328125000023,9.861328125000057,9.761328125000034,9.717376125000044,10.412,10.5
2021-04-26,10.990063476562511,13.890063476562545,11.790063476562523,13.290063476562523,12.788652476562504,13.483,16.2
2021-04-27,12.915258789062534,15.215258789062545,13.115258789062523,16.115258789062523,14.47100228906254,15.165,20.1
2021-04-28,16.349975585937557,18.349975585937557,16.849975585937557,20.549975585937545,17.88978808593754,18.584,24.3
2021-04-29,13.841577148437523,20.841577148437523,14.341577148437523,19.441577148437545,18.089059648437512,18.783,26.2
2021-04-30,13.590490722656284,19.890490722656295,13.390490722656295,18.390490722656295,17.3401922226563,18.035,23.7
2021-05-01,12.674218750000023,16.274218750000045,13.674218750000023,16.37421875000001,15.005366250000009,15.7,18.2
2021-05-02,13.040405273437557,18.040405273437557,15.440405273437534,18.440405273437534,16.378707273437556,17.073,20.5
2021-05-03,16.649340820312545,21.149340820312545,15.849340820312534,21.349340820312534,19.429381820312585,20.124,27.8
2021-05-04,13.979052734375045,21.979052734375045,14.779052734375057,20.479052734375045,18.860809234375097,19.555,27.2
2021-05-05,13.825488281250045,21.825488281250045,15.025488281250034,21.025488281250034,18.81621428125004,19.511,27.2
2021-05-06,12.676232910156273,16.776232910156295,13.476232910156284,15.776232910156295,15.178451910156298,15.873,19.2
2021-05-07,12.534777832031295,17.234777832031284,13.634777832031261,16.534777832031295,15.467640832031293,16.162,20.9
2021-05-08,16.236230468750023,19.93623046875001,15.336230468750045,21.236230468750023,18.636833468750012,19.331,26.5
2021-05-09,13.350000000000023,20.350000000000023,13.750000000000057,18.350000000000023,17.52097200000003,18.215,24.5
2021-05-10,19.060144042968773,20.860144042968784,16.660144042968795,22.76014404296876,20.2384695429688,20.933,27.2
2021-05-11,14.921923828125045,22.421923828125045,16.121923828125034,21.52192382812501,19.588557328125034,20.283,29.5
2021-05-12,13.894189453125023,21.59418945312501,15.794189453125057,19.994189453125045,18.65336395312505,19.348,26.7
2021-05-13,13.016674804687511,19.51667480468751,14.116674804687534,17.616674804687534,16.935427804687492,17.63,23.7
2021-05-14,12.474267578125023,18.274267578125034,12.374267578125057,17.374267578125057,15.987979578125021,16.682,21.0
2021-05-15,11.713330078125011,15.513330078125023,13.013330078125023,15.613330078125045,14.190344078125008,14.885,18.2
2021-05-16,12.332397460937557,17.532397460937545,13.332397460937557,16.332397460937557,15.512842460937577,16.207,18.8
2021-05-17,11.587597656250011,15.837597656250011,11.967597656250007,14.57759765625002,14.124213056250028,14.819,17.2
2021-05-18,13.124194335937545,17.424194335937557,14.024194335937523,16.524194335937523,15.769961335937523,16.464,19.5
2021-05-19,11.897241210937523,14.497241210937545,12.597241210937511,14.397241210937523,13.559337210937542,14.254,16.2
2021-05-20,11.186572265625045,14.386572265625034,12.686572265625045,15.286572265625011,13.395237265625042,14.09,15.9
2021-05-21,11.619140625000057,15.919140625000011,12.819140625000045,15.319140625000045,14.320551625000007,15.015,18.4
2021-05-22,13.669482421875045,14.769482421875011,13.369482421875034,16.76948242187501,14.567965921875043,15.262,21.6
2021-05-23,12.260083007812511,16.360083007812534,12.060083007812523,16.860083007812534,14.866634507812535,15.561,19.7
2021-05-24,13.613549804687523,20.013549804687557,13.413549804687534,18.713549804687545,17.44893630468755,18.143,25.1
2021-05-25,12.554565429687557,17.154565429687523,13.754565429687545,15.954565429687534,15.373921429687584,16.068,19.3
2021-05-26,13.150000000000034,19.250000000000057,12.850000000000023,18.450000000000045,16.848893500000088,17.543,24.3
2021-05-27,13.650000000000034,17.850000000000023,13.950000000000045,16.450000000000045,16.133571500000016,16.828,21.0
2021-05-28,13.717785644531261,18.417785644531307,13.817785644531284,18.617785644531295,16.68542614453122,17.38,23.4
2021-05-29,11.714721679687557,16.51472167968751,12.314721679687523,15.514721679687511,14.640529679687518,15.335,18.4
2021-05-30,14.507666015625034,21.507666015625034,14.307666015625045,19.807666015625045,18.67168251562498,19.366,27.3
2021-05-31,15.435107421875045,24.335107421875023,16.435107421875045,21.235107421875057,20.707794921875006,21.402,29.5
2021-06-01,14.288647460937511,23.088647460937523,15.588647460937523,20.28864746093751,19.5544789609375,20.249,26.4
2021-06-02,14.422314453125011,20.92231445312501,14.522314453125034,19.022314453125034,18.271512453125013,18.966,24.7
2021-06-03,15.682128906250057,22.382128906250045,15.682128906250057,21.48212890625001,19.765296406250002,20.46,27.2
2021-06-04,13.850000000000023,19.850000000000023,13.850000000000023,18.150000000000034,17.402927500000033,18.097,22.6
2021-06-05,14.379064941406284,19.77906494140626,14.279064941406261,20.179064941406295,17.793479441406248,18.488,25.0
2021-06-06,13.404309082031261,19.90430908203126,14.504309082031284,18.004309082031284,17.3230620820313,18.017,22.4
2021-06-07,12.671899414062523,16.271899414062545,13.771899414062545,16.671899414062523,15.04477991406253,15.739,17.9
2021-06-08,13.054882812500011,16.55488281250001,13.454882812500045,15.254882812500057,15.119502312500003,15.814,18.7
2021-06-09,13.033117675781284,16.833117675781295,13.633117675781307,15.633117675781307,15.31074067578129,16.005,19.1
2021-06-10,13.711694335937523,16.711694335937523,14.111694335937557,16.311694335937545,15.568146335937513,16.263,19.9
2021-06-11,14.903173828125034,18.703173828125045,15.203173828125045,18.103173828125023,17.22948532812501,17.924,22.6
2021-06-12,18.02662353515626,21.126623535156284,17.426623535156295,21.02662353515626,19.910798035156233,20.605,26.2
2021-06-13,16.950000000000045,21.950000000000045,16.55000000000001,20.250000000000057,19.85010550000004,20.545,25.1
2021-06-14,16.447509765625057,21.24750976562501,17.047509765625023,19.447509765625057,19.280577765625026,19.975,24.2
2021-06-15,16.086645507812534,20.686645507812557,17.786645507812523,21.086645507812534,19.126259007812564,19.821,23.4
2021-06-16,20.32954101562501,24.629541015625023,17.429541015625034,24.429541015625034,22.792146515625063,23.487,31.0
2021-06-17,20.385424804687545,27.185424804687557,17.885424804687545,25.085424804687534,24.218094804687496,24.912,35.1
2021-06-18,16.89967041015626,27.199670410156273,18.199670410156273,25.099670410156307,23.184149410156238,23.879,32.4
2021-06-19,15.669494628906307,24.569494628906284,16.769494628906273,23.069494628906284,21.134617628906256,21.829,28.4
2021-06-20,15.563134765625023,24.063134765625023,17.463134765625057,21.863134765625034,20.752754265625015,21.447,27.9
2021-06-21,15.153271484375011,21.753271484375034,16.65327148437501,19.453271484375023,19.115976484375096,19.81,24.1
2021-06-22,15.844799804687511,21.444799804687534,16.84479980468751,19.644799804687523,19.20568980468755,19.9,24.9
2021-06-23,16.226342773437523,20.626342773437557,17.42634277343751,19.92634277343751,18.978661273437524,19.673,24.5
2021-06-24,16.450000000000045,20.750000000000057,16.250000000000057,19.55000000000001,18.98447900000008,19.679,25.0
2021-06-25,16.561328125000045,21.861328125000057,16.66132812500001,19.461328125000023,19.602563625000016,20.297,27.5
2021-06-26,16.379138183593795,22.97913818359376,16.179138183593807,19.079138183593784,20.03811968359372,20.733,27.1
2021-06-27,16.762695312500057,22.162695312500034,16.762695312500057,19.06269531250001,19.778327812500038,20.473,26.4
2021-06-28,16.78449707031251,22.584497070312523,16.684497070312545,19.584497070312523,20.054766570312495,20.749,26.5
2021-06-29,16.821533203125057,23.321533203125057,17.421533203125023,21.021533203125045,20.659138703124995,21.354,26.0
2021-06-30,15.126025390625045,21.126025390625045,15.226025390625011,17.72602539062501,18.488835890625012,19.183,22.2
2021-07-01,15.943286132812545,21.54328613281251,16.04328613281251,19.743286132812557,19.241576632812496,19.936,23.7
2021-07-02,16.218164062500023,22.318164062500045,16.818164062500045,22.118164062500057,20.049212062500033,20.744,24.4
2021-07-03,16.39741210937501,22.197412109375023,16.997412109375034,20.297412109375045,19.84388760937503,20.538,25.9
2021-07-04,16.31489257812501,21.914892578125034,16.914892578125034,19.714892578125045,19.60159057812507,20.296,25.1
2021-07-05,16.301391601562557,21.901391601562523,16.901391601562523,20.901391601562523,19.727199601562518,20.422,25.9
2021-07-06,16.15253906250001,20.952539062500023,16.052539062500045,17.852539062500057,18.786216062500046,19.481,24.2
2021-07-07,15.574291992187511,20.374291992187523,15.474291992187545,18.07429199218751,18.30070899218748,18.995,22.0
2021-07-08,16.557519531250023,24.057519531250023,16.057519531250023,22.057519531250023,20.978392031249996,21.673,29.3
2021-07-09,17.028613281250045,26.728613281250034,17.828613281250057,23.528613281250045,22.775797281249993,23.47,32.4
2021-07-10,17.47248535156251,27.872485351562545,16.872485351562545,24.272485351562523,23.513422351562497,24.208,34.7
2021-07-11,15.571093750000045,25.071093750000045,15.171093750000011,21.271093750000034,21.04025674999997,21.735,29.6
2021-07-12,14.527783203125011,21.127783203125034,14.127783203125034,17.927783203125045,18.25400120312503,18.948,24.9
2021-07-13,14.881884765625045,20.881884765625045,14.981884765625011,18.581884765625034,18.372212765625022,19.067,23.1
2021-07-14,14.602783203125057,21.202783203125023,15.902783203125011,20.90278320312501,18.78342720312503,19.478,22.2
2021-07-15,13.273901367187534,18.67390136718751,13.473901367187523,16.373901367187557,16.396184867187515,17.091,19.1
2021-07-16,14.665966796875011,20.565966796875045,14.565966796875045,20.065966796875045,18.288548796875034,18.983,23.3
2021-07-17,15.825732421875045,23.025732421875034,16.92573242187501,22.525732421875034,20.344280421875055,21.039,27.5
2021-07-18,16.085412597656273,24.485412597656307,16.985412597656307,23.185412597656295,21.247309597656283,21.942,29.4
2021-07-19,16.317260742187557,24.61726074218751,17.017260742187545,23.11726074218751,21.37956174218749,22.074,29.1
2021-07-20,15.468188476562545,22.968188476562545,15.268188476562557,20.468188476562545,19.8519649765625,20.546,26.2
2021-07-21,15.270861816406295,22.070861816406307,14.670861816406273,20.270861816406295,19.270463816406277,19.965,25.4
2021-07-22,14.785278320312557,21.285278320312557,14.485278320312545,19.985278320312545,18.67620932031258,19.371,24.2
2021-07-23,15.461901855468795,22.661901855468784,16.861901855468773,22.961901855468795,20.09405635546881,20.788,27.4
2021-07-24,15.429150390625011,23.029150390625034,16.029150390625034,21.029150390625034,19.989033390625025,20.683,26.9
2021-07-25,15.022656250000011,22.422656250000045,16.322656250000023,20.52265625000001,19.51782025,20.212,25.3
2021-07-26,15.557006835937557,22.457006835937534,16.457006835937534,20.157006835937523,19.665478835937563,20.36,24.4
2021-07-27,19.038171386718773,24.438171386718807,18.938171386718807,23.23817138671876,22.26710588671881,22.962,30.9
2021-07-28,18.774072265625023,25.174072265625057,18.47407226562501,23.374072265625045,22.544540765625072,23.239,31.6
2021-07-29,18.494592285156273,25.494592285156273,18.594592285156295,23.19459228515626,22.60992028515625,23.304,31.4
2021-07-30,17.501208496093795,24.901208496093773,18.10120849609376,22.10120849609376,21.84335149609376,22.538,29.9
2021-07-31,17.206542968750057,23.306542968750023,17.906542968750045,22.00654296875001,20.91702896875006,21.611,27.1
2021-08-01,17.408251953125045,23.308251953125023,18.108251953125034,22.108251953125034,21.005330453124998,21.7,27.6
2021-08-02,17.850000000000023,22.150000000000034,17.250000000000057,21.55000000000001,20.426212000000078,21.121,28.4
2021-08-03,16.748876953125034,23.548876953125045,16.048876953125045,20.948876953125023,20.64878345312502,21.343,28.4
2021-08-04,16.248779296875057,21.848779296875023,16.148779296875034,18.748779296875057,19.382456296875034,20.077,26.9
2021-08-05,15.845385742187545,19.745385742187523,16.44538574218751,18.345385742187545,18.162323742187482,18.857,21.4
2021-08-06,18.852441406250023,24.55244140625001,18.652441406250034,23.652441406250034,22.296697906250017,22.991,30.4
2021-08-07,17.40595703125001,23.505957031250034,17.605957031250057,23.205957031250023,21.197590531250057,21.892,26.0
2021-08-08,16.56574707031251,22.665747070312534,17.56574707031251,22.56574707031251,20.436209570312542,21.131,24.3
2021-08-09,17.093066406250045,23.393066406250057,17.69306640625001,22.493066406250023,20.96796690625007,21.662,26.6
2021-08-10,17.609741210937557,24.209741210937523,17.509741210937534,22.509741210937534,21.530713210937506,22.225,29.6
2021-08-11,18.904711914062545,26.604711914062534,19.404711914062545,24.50471191406251,23.50854691406255,24.203,32.5
2021-08-12,19.096215820312523,24.29621582031251,18.396215820312534,23.096215820312523,22.158417320312537,22.853,29.5
2021-08-13,18.252783203125034,24.852783203125057,17.852783203125057,21.15278320312501,21.92103870312502,22.615,29.4
2021-08-14,18.632958984375023,26.132958984375023,18.632958984375023,23.83295898437501,23.053831484374996,23.748,31.1
2021-08-15,17.55000000000001,25.450000000000045,17.850000000000023,23.350000000000023,22.264924000000008,22.959,30.0
2021-08-16,18.16218261718751,25.862182617187557,17.66218261718751,23.16218261718751,22.6269076171875,23.321,28.6
2021-08-17,15.306909179687523,21.00690917968751,16.206909179687557,20.106909179687534,18.8276761796875,19.522,22.8
2021-08-18,18.47919921875001,21.079199218750034,17.779199218750023,22.179199218750057,20.183028218750053,20.877,26.6
2021-08-19,16.458056640625045,23.158056640625034,18.658056640625034,21.658056640625034,20.624690140625034,21.319,26.6
2021-08-20,15.748706054687545,22.84870605468751,17.748706054687545,22.34870605468751,20.26735355468753,20.962,26.4
2021-08-21,15.754296875000023,21.754296875000023,16.154296875000057,19.354296875000045,19.253898875000004,19.948,23.0
2021-08-22,15.258984375000011,20.858984375000034,16.75898437500001,20.858984375000034,18.863316875000066,19.558,22.8
2021-08-23,15.382324218750057,21.282324218750034,17.382324218750057,21.382324218750057,19.22052671875008,19.915,23.6
2021-08-24,15.429833984375023,20.429833984375023,16.429833984375023,20.029833984375045,18.578018984375035,19.272,22.4
2021-08-25,15.650000000000034,20.950000000000045,15.450000000000045,20.450000000000045,18.890626500000053,19.585,24.7
2021-08-26,18.02009277343751,20.920092773437545,16.720092773437557,21.820092773437523,19.84650377343752,20.541,28.2
2021-08-27,21.703881835937523,24.303881835937545,18.90388183593751,26.203881835937523,23.354385335937593,24.049,30.1
2021-08-28,20.784277343750034,26.584277343750045,19.68427734375001,26.584277343750045,24.33276684375005,25.027,34.3
2021-08-29,19.941931152343784,26.141931152343773,19.34193115234376,24.641931152343773,23.601310652343784,24.296,33.5
2021-08-30,16.504443359375045,25.404443359375023,16.704443359375034,23.10444335937501,21.814226859375026,22.509,30.9
2021-08-31,14.912573242187534,21.512573242187557,14.612573242187523,20.412573242187534,18.889189242187513,19.584,22.9
2021-09-01,14.323144531250023,20.02314453125001,14.523144531250011,17.223144531250057,17.574965531249973,18.269,21.7
2021-09-02,14.723950195312511,19.523950195312523,15.723950195312511,19.923950195312557,17.839875195312516,18.534,22.0
2021-09-03,16.479418945312545,20.279418945312557,15.979418945312545,20.57941894531251,18.854418945312545,19.549,26.7
2021-09-04,19.082275390625057,22.782275390625045,17.682275390625023,22.88227539062501,21.30899089062501,22.003,29.3
2021-09-05,19.857177734375057,24.057177734375045,17.857177734375057,23.65717773437501,22.296697734375016,22.991,30.9
2021-09-06,18.854919433593807,24.054919433593795,16.65491943359376,22.754919433593784,21.80119593359376,22.496,31.5
2021-09-07,18.765112304687534,26.16511230468751,16.865112304687557,23.965112304687523,23.0029228046875,23.697,33.1
2021-09-08,16.701269531250034,25.701269531250034,15.601269531250011,22.701269531250034,21.90198403124998,22.596,30.6
2021-09-09,16.28901367187501,25.389013671875034,15.589013671875023,21.78901367187501,21.510495171874993,22.205,29.6
2021-09-10,14.918750000000045,21.51875000000001,14.618750000000034,19.318750000000023,18.767848500000014,19.462,25.3
2021-09-11,14.554907226562534,20.754907226562523,14.454907226562511,19.354907226562545,18.26065672656256,18.955,24.7
2021-09-12,18.013940429687523,22.21394042968751,17.113940429687545,22.21394042968751,20.57634092968749,21.271,28.7
2021-09-13,15.501013183593784,22.701013183593773,15.001013183593784,20.90101318359376,19.75757068359377,20.452,26.5
2021-09-14,16.445068359375057,23.24506835937501,16.945068359375057,21.845068359375034,20.567550859375046,21.262,27.2
2021-09-15,15.944140625000045,22.54414062500001,17.04414062500001,21.04414062500001,19.971763624999994,20.666,26.6
2021-09-16,13.656323242187511,19.056323242187545,14.656323242187511,18.856323242187557,17.077693242187593,17.772,21.2
2021-09-17,14.177307128906307,19.777307128906273,15.577307128906284,20.177307128906307,17.821054128906326,18.515,22.9
2021-09-18,15.547924804687511,19.147924804687534,14.947924804687545,17.347924804687523,17.54752680468755,18.242,21.9
2021-09-19,15.250000000000057,18.450000000000045,15.650000000000034,18.850000000000023,17.32419200000004,18.019,22.6
2021-09-20,22.278100585937523,22.178100585937557,19.578100585937534,24.97810058593751,22.352392085937595,23.047,25.3
2021-09-21,21.02631835937501,26.02631835937501,21.926318359375045,26.926318359375045,24.318250359374986,25.013,31.7
2021-09-22,18.07075195312501,23.970751953125045,17.970751953125045,22.57075195312501,21.589001453125036,22.283,29.4
2021-09-23,19.675317382812523,21.975317382812534,16.975317382812534,25.87531738281251,21.37712638281255,22.072,27.1
2021-09-24,17.502807617187557,24.30280761718751,16.702807617187545,22.502807617187557,21.488498617187474,22.183,31.6
2021-09-25,16.738940429687545,22.038940429687557,16.038940429687557,19.438940429687534,19.70134692968753,20.396,27.0
2021-09-26,14.291040039062523,19.191040039062557,13.191040039062557,16.49104003906251,16.964032039062488,17.658,23.7
2021-09-27,15.183154296875045,19.083154296875023,14.383154296875034,17.28315429687501,17.356345296874963,18.051,22.5
2021-09-28,14.465954589843761,16.865954589843795,13.765954589843773,17.46595458984376,15.986821089843772,16.681,21.3
2021-09-29,15.378625488281273,18.378625488281273,14.278625488281307,18.778625488281307,17.223484988281314,17.918,23.8
2021-09-30,21.824511718750045,22.124511718750057,18.724511718750023,23.124511718750057,21.91231621875005,22.607,24.3
2021-10-01,20.823535156250045,22.023535156250034,18.92353515625001,24.223535156250023,21.696415656249997,22.391,26.9
2021-10-02,22.164721679687545,23.26472167968751,20.564721679687523,25.064721679687523,22.94959867968754,23.644,27.7
2021-10-03,22.914697265625023,24.014697265625045,20.914697265625023,25.414697265625023,23.625382265625035,24.32,29.1
2021-10-04,19.919335937500023,25.11933593750001,19.61933593750001,25.019335937500045,23.136876937500062,23.831,31.4
2021-10-05,16.558862304687523,21.458862304687557,16.558862304687523,19.958862304687557,19.447474804687545,20.142,24.8
2021-10-06,14.327661132812523,16.927661132812545,14.727661132812557,16.327661132812523,15.910928132812558,16.605,18.4
2021-10-07,14.151230468750043,16.55123046875002,14.30123046875002,15.371230468750014,15.524872218749977,16.219,17.3
2021-10-08,13.989882812500014,15.639882812500048,14.319882812500055,15.099882812500027,14.981486462500015,15.676,16.9
2021-10-09,17.574438476562534,16.074438476562534,16.074438476562534,18.574438476562534,16.822418476562575,17.517,18.0
2021-10-10,17.601000976562545,17.801000976562534,16.801000976562534,20.101000976562545,17.9369844765626,18.631,21.7
2021-10-11,15.071093750000045,16.971093750000023,16.571093750000045,18.571093750000045,16.548406250000028,17.243,18.8
2021-10-12,14.580957031250023,17.480957031250057,15.880957031250034,18.980957031250057,16.657766031250105,17.352,19.2
2021-10-13,12.223144531250057,13.823144531250023,12.723144531250057,13.923144531250045,13.269514531250024,13.964,15.4
2021-10-14,18.113671875000023,16.913671875000034,16.213671875000045,19.613671875000023,17.54451487500006,18.239,19.0
2021-10-15,21.033007812500045,20.533007812500045,18.433007812500023,22.233007812500034,20.736737312500054,21.431,21.3
2021-10-16,20.71357421875001,23.113574218750045,19.113574218750045,23.21357421875001,22.113878718750072,22.808,25.0
2021-10-17,14.677514648437523,19.37751464843751,15.377514648437511,18.677514648437523,17.582555648437506,18.277,20.0
2021-10-18,13.196630859375034,14.596630859375011,13.296630859375057,14.096630859375011,14.020623859375007,14.715,16.1
2021-10-19,13.189404296875011,17.489404296875023,14.489404296875023,15.589404296875045,15.747068296875,16.441,18.6
2021-10-20,13.683227539062557,15.683227539062557,14.383227539062545,14.983227539062511,14.90076853906254,15.595,17.5
2021-10-21,16.630920410156307,21.530920410156284,17.43092041015626,19.93092041015626,19.563584410156295,20.258,22.3
2021-10-22,14.404980468750011,16.304980468750045,14.904980468750011,15.904980468750011,15.580887968750062,16.275,17.8
2021-10-23,13.702319335937545,15.402319335937534,14.602319335937523,14.202319335937545,14.688308835937562,15.383,16.0
2021-10-24,14.606811523437557,15.406811523437511,15.206811523437523,15.506811523437534,15.160137023437528,15.855,16.3
2021-10-25,13.717148437500043,14.39714843750005,14.227148437500034,14.39714843750005,14.177621487500062,14.872,16.0
2021-10-26,14.47283203125005,16.312832031250025,15.372832031250027,15.502832031250023,15.591532281250068,16.286,18.2
2021-10-27,18.357089843750032,17.197089843750007,16.727089843750036,18.497089843750018,17.669417693750006,18.364,19.5
2021-10-28,19.911210937500016,19.03121093750002,18.181210937500055,20.711210937500027,19.43563478750002,20.13,21.1
2021-10-29,17.403593750000027,18.92359375000001,17.303593750000005,19.633593750000045,18.428945000000056,19.123,23.2
2021-10-30,15.649975585937511,17.949975585937523,16.349975585937557,17.449975585937523,17.078201585937506,17.773,19.8
2021-10-31,15.548315429687534,17.048315429687534,16.348315429687545,16.44831542968751,16.471904429687527,17.166,18.7
2021-11-01,14.181518554687557,14.281518554687523,15.081518554687534,13.681518554687557,14.237063054687553,14.931,15.9
2021-11-02,16.916640625000014,17.526640625000027,16.916640625000014,18.38664062500004,17.397586125000032,18.092,20.2
2021-11-03,17.662656250000055,18.942656250000027,17.562656250000032,18.452656250000018,18.398897500000032,19.093,21.6
2021-11-04,14.949824218750052,15.699824218750052,15.699824218750052,16.38982421875005,15.550728718750065,16.245,17.4
2021-11-05,14.512578125000005,15.242578125000023,14.972578125000041,15.302578125000025,15.007778924999968,15.702,16.9
2021-11-06,14.972812500000032,15.282812500000034,14.972812500000032,15.802812500000016,15.22684350000003,15.921,17.2
2021-11-07,13.238710937500002,13.388710937500036,14.188710937500048,13.908710937500018,13.458819187500012,14.153,15.2
2021-11-08,14.274980468750016,15.14498046875002,13.854980468750057,14.814980468750036,14.751262118749992,15.446,16.1
2021-11-09,14.081250000000011,14.961250000000007,15.401250000000005,14.951250000000016,14.721903350000048,15.416,16.9
2021-11-10,16.448261718750018,16.01826171875001,15.738261718750039,16.868261718750034,16.228663918750044,16.923,18.2
2021-11-11,18.576953125000045,17.376953125000057,16.686953125000002,18.756953125000052,17.85547067500005,18.55,19.5
2021-11-12,19.563769531250045,18.223769531250014,17.323769531250036,20.233769531250005,18.80347558125004,19.498,20.3
2021-11-13,19.803007812500027,18.213007812500052,17.703007812500005,20.463007812500052,18.924023562500054,19.618,20.2
2021-11-14,19.429589843750023,18.929589843750023,17.089589843750048,19.779589843750045,19.052867393750034,19.747,20.3
2021-11-15,17.29390625000002,18.983906250000018,16.613906250000014,17.863906250000014,18.173022850000052,18.867,21.4
2021-11-16,14.310878906250025,16.310878906250025,15.150878906250057,16.760878906250014,15.671471356250038,16.366,18.4
2021-11-17,16.854238281250048,16.254238281250025,15.794238281250045,17.16423828125005,16.511001731250076,17.205,17.4
2021-11-18,14.673417968750016,16.183417968750007,14.893417968750043,15.753417968750057,15.582622318749998,16.277,17.8
2021-11-19,14.449824218750052,15.439824218750005,14.519824218750045,15.049824218750018,15.028232318750042,15.723,17.2
2021-11-20,16.517441406250043,15.297441406250016,15.097441406250027,17.027441406250034,15.856723556250017,16.551,17.3
2021-11-21,16.00044921875002,15.74044921875003,14.900449218750055,16.28044921875005,15.82403821874999,16.518,15.9
2021-11-22,17.917714843750048,17.467714843750002,15.427714843750039,17.94771484375002,17.51891689375003,18.213,17.9
2021-11-23,13.499394531250005,15.179394531250011,14.249394531250005,15.069394531250055,14.58880903124998,15.283,16.7
2021-11-24,15.701328125000032,14.18132812500005,14.441328125000041,15.861328125000057,14.858442825000054,15.553,15.5
2021-11-25,15.842871093750034,15.452871093750048,13.97287109375003,15.922871093750018,15.52353799375004,16.218,16.0
2021-11-26,16.56099609375002,15.620996093750023,14.640996093750005,16.660996093750043,15.960512493750002,16.655,16.8
2021-11-27,18.236660156250025,17.416660156250032,15.906660156250041,18.89666015625005,17.73366600625002,18.428,18.7
2021-11-28,18.250566406250016,17.730566406250034,15.810566406250018,18.740566406250025,17.872936456250045,18.567,18.7
2021-11-29,17.57732421875005,17.27732421875004,16.007324218750057,18.607324218750023,17.43480311875004,18.129,19.4
2021-11-30,18.766445312500025,18.056445312500045,16.586445312500018,19.466445312500014,18.334519662500043,19.029,19.8
2021-12-01,18.531367187500052,17.98136718750004,16.47136718750005,18.901367187500057,18.150984887500044,18.845,18.4
2021-12-02,18.509628906250043,19.309628906250055,16.469628906250023,19.40962890625002,18.87932920625002,19.574,20.2
2021-12-03,15.525468750000016,17.43546875000004,15.355468750000057,16.90546875000001,16.645954150000023,17.34,19.2
2021-12-04,14.023027343750016,14.513027343750025,13.67302734375005,14.663027343750002,14.322321843750046,15.017,16.9
2021-12-05,15.236484375000032,14.746484375000023,14.116484375000027,15.506484375000014,14.940435775000026,15.635,16.7
2021-12-06,12.296093750000011,13.916093750000016,12.916093750000016,13.496093750000057,13.303029350000031,13.997,14.8
2021-12-07,14.061191406250032,12.991191406250039,13.161191406250055,14.051191406250041,13.452722406250018,14.147,13.9
2021-12-08,12.456796875000009,13.166796875000045,12.826796875000014,12.916796875000045,12.897300975000007,13.592,13.8
2021-12-09,11.033281250000016,11.163281250000011,11.793281250000007,11.553281250000055,11.21260380000001,11.907,12.5
2021-12-10,11.034453125000027,11.004453125000055,10.184453125000005,11.714453125000034,11.038888125000028,11.733,12.4
2021-12-11,11.025957031250016,12.195957031250032,11.185957031250041,11.215957031250014,11.654729331249996,12.349,13.2
2021-12-12,10.256660156250007,12.126660156250011,11.216660156250043,10.826660156250057,11.341480456250054,12.036,11.6
2021-12-13,11.478300781250027,10.938300781250007,12.308300781250011,11.448300781250055,11.25765318125002,11.952,12.3
2021-12-14,9.652226562500005,8.972226562500055,9.742226562500036,9.10222656250005,9.248556762500016,9.943,10.3
2021-12-15,10.194843750000018,9.774843750000002,10.714843750000057,9.74484375000003,9.965034600000024,10.659,10.1
2021-12-16,11.933632812500036,12.103632812500052,12.153632812500007,12.443632812500027,12.094599412500031,12.789,13.5
2021-12-17,10.916542968750036,9.686542968750018,10.076542968750005,10.666542968750036,10.202973268750043,10.897,10.9
2021-12-18,10.922851562500057,9.71285156250002,9.732851562500002,10.502851562500041,10.175411862500027,10.87,10.6
2021-12-19,11.436953125000002,12.176953125000011,10.726953125000023,10.90695312500003,11.702844325000001,12.397,13.2
2021-12-20,12.372441406250005,11.812441406250002,11.422441406250016,11.312441406250002,11.898401656249973,12.593,13.3
2021-12-21,13.329121093750018,13.499121093750034,10.589121093750009,12.12912109375003,13.085973143749982,13.78,13.8
2021-12-22,12.249316406250045,12.429316406250052,11.379316406250041,11.559316406250048,12.200448806250051,12.895,13.5
2021-12-23,12.779687500000023,14.559687500000052,13.589687500000025,14.149687500000027,13.900997800000027,14.595,15.4
2021-12-24,10.803789062500016,10.933789062500011,11.293789062500025,11.093789062500036,10.93766901250001,11.632,12.2
2021-12-25,10.255917968750055,10.955917968750043,10.545917968750018,10.685917968750005,10.68228916875006,11.377,11.6
2021-12-26,9.481367187500041,9.761367187500014,9.531367187500052,9.651367187500057,9.64709318749999,10.341,10.6
2021-12-27,8.557265625000014,8.247265625000011,8.807265625000014,9.087265625000043,8.478281375000051,9.173,9.1
2021-12-28,8.088398437500018,7.048398437500055,7.498398437500043,6.338398437500018,7.315054237500021,8.009,7.8
2021-12-29,8.950507812500007,8.30050781250003,8.960507812500055,8.210507812500055,8.534520112500047,9.229,9.0
2021-12-30,9.546738281250043,8.816738281250025,8.456738281250011,9.18673828125003,9.057565581250003,9.752,9.2
2021-12-31,9.43234375000003,8.542343750000043,9.44234375000002,8.492343750000032,8.870993050000038,9.565,10.0
2022-01-01,9.750219726562534,8.650219726562511,8.850219726562557,9.350219726562557,9.081267726562487,9.776,9.6
2022-01-02,10.341777343750039,10.971777343750034,9.011777343750055,10.151777343750041,10.547960693750042,11.242,11.9
2022-01-03,11.222460937500045,13.022460937500057,11.722460937500045,11.322460937500011,12.185165937500017,12.88,14.0
2022-01-04,13.311621093750034,14.421621093750048,13.271621093750014,13.23162109375005,13.864638143750028,14.559,15.6
2022-01-05,13.223925781250045,14.133925781250014,13.083925781250002,13.783925781250048,13.74236433125003,14.437,15.8
2022-01-06,14.348027343750005,14.288027343750002,13.00802734375003,13.948027343750027,14.177909143750014,14.872,15.5
2022-01-07,11.050937500000032,11.580937500000005,11.570937500000014,11.340937500000052,11.390534100000025,12.085,12.3
2022-01-08,12.316914062500018,11.916914062500041,11.426914062500032,12.856914062500039,12.113979612500032,12.808,12.5
2022-01-09,12.718808593750055,12.528808593750057,11.008808593750018,12.678808593750034,12.498508293750035,13.193,12.3
2022-01-10,14.171523437500014,13.261523437500045,12.471523437500025,13.861523437500011,13.554084937500022,14.248,13.6
2022-01-11,14.915957031250002,14.155957031250011,12.67595703125005,14.64595703125002,14.34195708125003,15.036,14.9
2022-01-12,15.316250000000025,15.236250000000041,12.93625000000003,14.926250000000039,15.064772349999998,15.759,15.3
2022-01-13,13.882109375000027,14.402109375000009,13.542109375000052,14.582109375000016,14.204327175000003,14.899,16.3
2022-01-14,13.883769531250039,12.65376953125002,12.453769531250032,14.193769531250041,13.194080381250046,13.888,13.3
2022-01-15,14.498608398437511,13.998608398437511,13.098608398437534,13.698608398437557,14.053953898437499,14.748,14.7
2022-01-16,15.49480468750005,15.21480468750002,13.534804687500014,15.394804687500027,15.204343387500046,15.899,16.2
2022-01-17,13.766718750000052,14.446718750000002,12.616718750000018,14.95671875000005,14.170852249999996,14.865,15.4
2022-01-18,12.370742187500014,13.250742187500009,12.240742187500018,13.590742187500041,12.951114537500018,13.646,15.2
2022-01-19,14.156250000000057,13.296250000000043,12.736250000000041,14.43625000000003,13.652136400000018,14.347,14.6
2022-01-20,15.316386718750039,13.386386718750032,13.096386718750011,15.406386718750014,14.189893118750035,14.884,14.8
2022-01-21,15.893867187500007,13.963867187500057,15.403867187500055,16.26386718750001,14.92016273750005,15.615,15.2
2022-01-22,13.739003906250048,13.209003906250018,12.879003906250034,13.619003906250043,13.395465856250041,14.09,13.8
2022-01-23,14.70845703125002,13.998457031250041,12.908457031250009,14.758457031250032,14.227611031250035,14.922,14.6
2022-01-24,14.027832031250057,13.977832031250045,12.787832031250048,14.207832031250007,13.936996581250014,14.631,16.1
2022-01-25,14.379921875000036,12.869921875000045,12.819921875000034,14.649921875000018,13.53401257500002,14.228,14.5
2022-01-26,14.163085937500057,13.643085937500018,12.413085937500057,14.243085937500041,13.78591968750004,14.48,13.7
2022-01-27,14.472460937500045,13.732460937500036,12.852460937500041,14.452460937500007,13.980747837500019,14.675,14.4
2022-01-28,14.828730468750052,13.908730468750036,12.73873046875002,14.028730468750041,14.12227151875004,14.817,13.7
2022-01-29,14.941289062500005,13.471289062500034,12.951289062500052,14.991289062500016,14.060330612500024,14.755,14.7
2022-01-30,13.750000000000057,13.750000000000057,12.450000000000045,13.950000000000045,13.682763500000078,14.377,15.8
2022-01-31,12.446835937500055,12.586835937500041,11.606835937500023,13.556835937500011,12.588356987500049,13.283,14.6
2022-02-01,12.817460937500016,12.157460937500048,13.037460937500043,13.46746093750005,12.572124787500059,13.267,13.6
2022-02-02,13.477148437500034,13.057148437500018,13.237148437500025,14.137148437500002,13.323154237500034,14.018,14.7
2022-02-03,13.136738281250018,12.006738281250023,12.126738281250027,14.106738281250045,12.603680231250053,13.298,13.2
2022-02-04,14.043007812500036,13.423007812500032,12.423007812500032,14.12300781250002,13.623976212499997,14.318,14.1
2022-02-05,14.674921875000052,13.134921875000032,12.754921875000036,14.894921875000023,13.782904275000021,14.477,14.2
2022-02-06,15.752011718750055,13.912011718750023,13.362011718750011,15.84201171875003,14.65951051875004,15.354,15.2
2022-02-07,16.196230468750002,15.226230468750032,14.186230468750011,16.486230468750023,15.596240418750028,16.291,16.0
2022-02-08,17.306425781250027,15.826425781250009,14.936425781250023,17.536425781250045,16.414812181250056,17.109,17.3
2022-02-09,18.074726562500018,16.66472656250005,16.184726562500032,17.964726562500005,17.21272011250005,17.907,18.1
2022-02-10,18.487109375000045,17.387109375000023,15.997109375000036,19.017109375000018,17.815375175000042,18.51,18.6
2022-02-11,19.699570312500043,19.619570312500002,16.659570312500023,20.019570312500036,19.484493112500047,20.179,21.3
2022-02-12,19.329257812500032,19.359257812500005,17.05925781250005,19.999257812500048,19.264309962499965,19.959,20.5
2022-02-13,19.907460937500048,19.47746093750004,16.737460937500032,20.46746093750005,19.532987337500003,20.227,21.0
2022-02-14,12.738398437500052,16.37839843750004,13.528398437500016,14.988398437500052,14.907211137500042,15.602,18.3
2022-02-15,11.794453125000018,12.294453125000018,12.904453125000032,13.924453125000014,12.373116925000033,13.068,14.3
2022-02-16,13.968144531250005,14.41814453125005,13.708144531250014,15.098144531250057,14.310139231250048,15.005,16.5
2022-02-17,15.306699218750055,15.106699218750009,14.14669921875003,15.556699218750055,15.153181668750051,15.848,16.2
2022-02-18,15.252832031250023,14.742832031250032,13.752832031250023,15.952832031250011,14.970018781250019,15.664,16.1
2022-02-19,16.925820312500036,15.595820312500052,14.585820312500005,17.145820312500007,16.111495362500023,16.806,17.3
2022-02-20,11.482949218750036,14.09294921875005,11.81294921875002,13.522949218750057,13.07107511875006,13.765,15.1
2022-02-21,10.245917968750007,10.785917968750027,11.34591796875003,11.215917968750034,10.70977621875005,11.404,12.7
2022-02-22,8.769628906250034,9.009628906250043,9.43962890625005,10.199628906250041,9.104181506250029,9.799,10.3
2022-02-23,9.633691406250023,8.983691406250045,8.873691406250032,10.60369140625005,9.362378106250048,10.057,10.4
2022-02-24,9.510253906250057,10.83025390625005,9.55025390625002,10.05025390625002,10.247614606250067,10.942,12.9
2022-02-25,11.782714843750057,10.882714843750023,10.682714843750034,11.882714843750023,11.25962934375002,11.954,12.6
2022-02-26,12.379394531250057,12.779394531250034,11.379394531250057,13.179394531250011,12.606209531250045,13.301,14.9
2022-02-27,16.228857421875034,14.328857421875057,13.228857421875034,15.928857421875023,15.018172421875022,15.713,16.3
2022-02-28,17.895727539062534,17.095727539062523,14.995727539062557,17.995727539062557,17.29835053906254,17.993,19.3
2022-03-01,15.977490234375011,16.877490234375045,15.377490234375045,17.47749023437501,16.567812234375026,17.262,20.7
2022-03-02,15.687133789062557,16.887133789062545,14.887133789062545,17.087133789062534,16.40467478906254,17.099,20.4
2022-03-03,13.395434570312545,13.995434570312511,13.095434570312534,14.695434570312557,13.83071557031252,14.525,16.2
2022-03-04,10.39058593750002,12.240585937500043,12.020585937500016,13.720585937500005,11.83177958750008,12.526,13.9
2022-03-05,10.494042968750023,9.294042968750034,9.794042968750034,10.494042968750023,9.83446446875007,10.529,11.3
2022-03-06,10.592529296875057,13.092529296875057,11.492529296875034,12.892529296875011,12.19444379687502,12.889,15.8
2022-03-07,14.562109375000034,12.362109375000045,13.462109375000011,15.262109375000023,13.446781375000057,14.141,15.2
2022-03-08,15.850000000000023,15.150000000000034,14.950000000000045,16.750000000000057,15.53538050000003,16.23,18.4
2022-03-09,12.699584960937557,13.799584960937523,13.099584960937534,14.799584960937523,13.530831960937519,14.225,18.0
2022-03-10,14.364697265625011,14.664697265625023,13.864697265625011,16.36469726562501,14.71449226562504,15.409,16.5
2022-03-11,15.328100585937534,15.628100585937545,14.828100585937534,17.128100585937545,15.65471058593755,16.349,18.3
2022-03-12,11.850219726562557,15.750219726562534,12.450219726562523,14.650219726562511,14.201935226562512,14.896,19.1
2022-03-13,12.207958984375011,15.007958984375023,12.407958984375057,13.807958984375034,13.832759984375002,14.527,16.9
2022-03-14,14.913159179687511,15.313159179687545,14.613159179687557,15.913159179687511,15.211847679687537,15.906,19.8
2022-03-15,12.831713867187545,15.231713867187523,13.331713867187545,14.831713867187545,14.32012136718754,15.015,17.4
2022-03-16,13.616933593750048,13.746933593750043,13.13693359375003,15.376933593750039,13.853754943750062,14.548,18.5
2022-03-17,11.714003906250014,15.224003906250005,12.164003906250002,13.914003906250002,13.787191906249973,14.482,17.6
2022-03-18,13.324296875000016,14.324296875000016,14.064296875000025,15.594296875000055,14.147992325000018,14.842,19.4
2022-03-19,11.166250000000048,11.276250000000005,11.016250000000014,11.19625000000002,11.215292750000003,11.91,13.2
2022-03-20,11.536953125000025,13.866953125000009,12.44695312500005,13.686953125000002,13.03563167499999,13.73,16.8
2022-03-21,13.136254882812523,15.036254882812557,13.536254882812557,15.936254882812534,14.455909382812592,15.15,20.3
2022-03-22,18.590869140625045,19.69086914062501,17.69086914062501,21.990869140625023,19.48239714062504,20.177,23.0
2022-03-23,13.435302734375057,18.535302734375023,14.135302734375045,18.135302734375045,16.625121234375058,17.32,23.1
2022-03-24,12.194238281250023,17.794238281250045,12.194238281250023,16.494238281250034,15.543535781250057,16.238,21.7
2022-03-25,13.107470703125045,17.107470703125045,13.307470703125034,17.107470703125045,15.621381703125053,16.316,23.1
2022-03-26,12.557128906250057,17.657128906250023,13.157128906250023,16.457128906250034,15.647251906250006,16.342,21.2
2022-03-27,13.081689453125023,16.481689453125057,14.581689453125023,16.981689453125057,15.368984453125051,16.063,18.7
2022-03-28,12.417236328125057,13.617236328125045,13.517236328125023,14.317236328125034,13.324894328125083,14.019,16.6
2022-03-29,11.775659179687523,14.875659179687545,12.675659179687557,14.575659179687534,13.740981179687537,14.435,17.7
2022-03-30,11.187109375000034,13.487109375000045,12.387109375000023,13.287109375000057,12.684890375000009,13.379,15.0
2022-03-31,11.552734375000057,15.252734375000045,12.052734375000057,14.952734375000034,13.865234375000057,14.56,18.8
2022-04-01,13.364697265625011,16.164697265625023,13.764697265625045,17.564697265625057,15.304814265625055,15.999,23.3
2022-04-02,15.557519531250023,15.257519531250011,14.357519531250034,19.057519531250023,15.72706853125004,16.421,19.8
2022-04-03,11.869970703125034,18.26997070312501,12.769970703125011,16.969970703125057,15.781867703125044,16.476,21.9
2022-04-04,12.429040527343773,15.729040527343784,13.429040527343773,15.629040527343761,14.549503027343803,15.244,17.8
2022-04-05,13.571923828125023,13.671923828125045,13.871923828125034,16.571923828125023,13.991472828125097,14.686,18.1
2022-04-06,18.746630859375045,18.946630859375034,17.146630859375023,21.34663085937501,19.038562859375077,19.733,23.3
2022-04-07,23.749975585937534,24.549975585937545,21.049975585937545,24.849975585937557,24.09695458593751,24.791,27.3
2022-04-08,14.065942382812523,21.76594238281251,14.965942382812557,19.76594238281251,18.709191882812547,19.404,26.6
2022-04-09,13.970849609375023,16.870849609375057,14.270849609375034,18.370849609375057,15.978103609375069,16.673,21.7
2022-04-10,11.356640625000011,16.35664062500001,13.256640625000045,16.156640625000023,14.590610125000012,15.285,19.6
2022-04-11,9.258789062500057,9.258789062500057,9.458789062500045,10.858789062500023,9.458180062500048,10.153,11.1
2022-04-12,9.658544921875034,11.358544921875023,10.358544921875023,12.258544921875057,10.874065921875001,11.568,13.1
2022-04-13,10.269396972656295,12.469396972656284,10.969396972656284,12.069396972656307,11.646715472656297,12.341,14.4
2022-04-14,10.403479003906284,11.803479003906261,11.003479003906307,11.403479003906284,11.273842003906282,11.968,12.5
2022-04-15,11.873681640625023,14.273681640625057,12.073681640625011,15.173681640625034,13.491925140625028,14.186,20.2
2022-04-16,9.549987792968807,11.849987792968761,10.649987792968773,12.249987792968795,11.110368292968815,11.805,13.6
2022-04-17,11.457678222656284,13.757678222656295,10.857678222656261,14.357678222656261,12.923000222656299,13.617,18.9
2022-04-18,11.996240234375023,16.096240234375045,13.696240234375011,14.496240234375023,14.491503734374987,15.186,18.1
2022-04-19,12.841809082031261,14.341809082031261,13.141809082031273,14.641809082031273,13.83495308203129,14.529,17.4
2022-04-20,12.861926269531295,16.96192626953126,14.361926269531295,15.961926269531261,15.41283376953129,16.107,18.1
2022-04-21,12.648229980468784,15.248229980468807,13.148229980468784,14.648229980468784,14.238452480468766,14.933,16.6
2022-04-22,11.464648437500045,13.464648437500045,12.064648437500011,13.564648437500011,12.767973937500074,13.462,15.5
2022-04-23,15.065966796875045,14.065966796875045,13.965966796875023,16.16596679687501,14.60789879687502,15.302,18.5
2022-04-24,15.197973632812534,16.797973632812557,15.697973632812534,18.897973632812523,16.476193632812567,17.171,24.0
2022-04-25,13.692822265625011,18.19282226562501,14.092822265625045,17.892822265625057,16.498366765625008,17.193,22.6
2022-04-26,11.643457031250023,15.643457031250023,13.543457031250057,15.443457031250034,14.252426531250023,14.947,17.5
2022-04-27,10.972741699218773,13.672741699218761,12.272741699218784,13.872741699218807,12.773848199218776,13.468,15.3
2022-04-28,11.094445800781273,13.294445800781261,11.894445800781284,13.394445800781284,12.536682300781251,13.231,15.3
2022-04-29,13.727905273437557,14.627905273437534,12.727905273437557,15.627905273437534,14.336775273437581,15.031,20.1
2022-04-30,13.066992187500034,16.566992187500034,13.666992187500057,15.866992187500045,15.21507768750007,15.909,18.7
2022-05-01,14.067749023437557,15.767749023437545,13.767749023437545,17.967749023437534,15.364417523437567,16.059,21.0
2022-05-02,11.335778808593773,13.835778808593773,12.035778808593761,13.635778808593784,12.923782308593786,13.618,15.8
2022-05-03,15.368310546875023,16.968310546875045,14.068310546875011,19.368310546875023,16.556109046875065,17.251,22.0
2022-05-04,14.630688476562511,18.930688476562523,15.030688476562545,19.930688476562523,17.46193547656253,18.156,27.8
2022-05-05,12.779394531250034,17.379394531250057,13.379394531250057,15.879394531250057,15.522240031250021,16.217,21.7
2022-05-06,14.750000000000057,19.05000000000001,15.050000000000011,17.55000000000001,17.284479000000033,17.979,22.7
2022-05-07,12.017260742187545,14.317260742187557,12.417260742187523,14.217260742187534,13.470990242187554,14.165,16.3
2022-05-08,11.087658691406261,11.587658691406261,11.387658691406273,12.287658691406307,11.502172691406258,12.197,13.8
2022-05-09,10.417260742187523,12.417260742187523,10.917260742187523,12.017260742187545,11.655668242187517,12.35,14.5
2022-05-10,10.450000000000045,12.650000000000034,11.050000000000011,12.250000000000057,11.820363000000043,12.515,14.8
2022-05-11,10.812670898437545,14.912670898437511,11.112670898437557,13.812670898437545,13.268519898437546,13.963,17.8
2022-05-12,11.598425292968784,14.198425292968807,11.998425292968761,13.598425292968784,13.181692292968762,13.876,16.5
2022-05-13,15.241772460937511,16.441772460937557,15.041772460937523,18.041772460937523,16.163341460937545,16.858,22.1
2022-05-14,16.752832031250023,19.552832031250034,15.552832031250034,20.152832031250057,18.488921031250015,19.183,26.3
2022-05-15,12.679394531250011,17.879394531250057,14.579394531250045,17.279394531250034,15.991994031250044,16.686,20.1
2022-05-16,12.479516601562523,16.079516601562545,13.579516601562545,15.979516601562523,14.794434601562557,15.489,17.9
2022-05-17,12.634753417968795,18.73475341796876,13.434753417968807,16.834753417968784,16.28263991796871,16.977,23.4
2022-05-18,15.565649414062534,21.265649414062523,15.465649414062511,20.865649414062545,19.074823914062506,19.769,27.4
2022-05-19,12.502099609375023,18.20209960937501,15.202099609375011,18.20209960937501,16.252398109375008,16.947,20.5
2022-05-20,14.914477539062545,18.814477539062523,15.514477539062511,20.914477539062545,17.637153039062525,18.332,22.1
2022-05-21,14.112573242187523,19.012573242187557,13.912573242187534,19.712573242187545,17.242309742187558,17.937,26.6
2022-05-22,14.527282714843807,20.027282714843807,13.927282714843784,19.427282714843784,17.853494714843805,18.548,27.6
2022-05-23,13.555664062500057,21.35566406250001,13.855664062500011,19.955664062500034,18.289235562499982,18.984,26.9
2022-05-24,19.885595703125034,22.085595703125023,16.885595703125034,24.385595703125034,21.318558203125008,22.013,29.0
2022-05-25,14.418310546875034,23.418310546875034,17.218310546875045,20.718310546875045,19.92506704687503,20.619,29.0
2022-05-26,13.547216796875034,20.047216796875034,14.647216796875057,17.847216796875045,17.431192296874997,18.126,21.0
2022-05-27,13.732080078125023,19.232080078125023,13.832080078125045,17.132080078125057,16.93309307812501,17.627,22.2
2022-05-28,14.188916015625011,18.288916015625034,14.488916015625023,16.588916015625045,16.575210015625032,17.27,21.2
2022-05-29,13.050000000000011,17.05000000000001,14.950000000000045,17.350000000000023,15.716932000000043,16.411,19.6
2022-05-30,13.270996093750057,16.57099609375001,13.270996093750057,16.270996093750057,15.298718593750039,15.993,20.9
2022-05-31,16.083154296875023,18.483154296875057,14.683154296875045,19.683154296875045,17.624887296875045,18.319,24.9
2022-06-01,15.274218750000045,21.174218750000023,14.574218750000057,20.074218750000057,18.78551275000001,19.48,28.6
2022-06-02,14.180615234375011,21.080615234375045,14.280615234375034,18.68061523437501,18.22185073437504,18.916,24.6
2022-06-03,15.140942382812511,19.840942382812557,14.540942382812545,17.940942382812523,17.816451882812544,18.511,22.9
2022-06-04,14.914721679687545,19.914721679687545,15.814721679687523,18.814721679687523,17.974803679687568,18.669,23.0
2022-06-05,15.004882812500057,18.704882812500045,15.504882812500057,18.004882812500057,17.271012812500032,17.965,22.0
2022-06-06,14.625634765625023,20.025634765625057,15.525634765625057,18.82563476562501,17.92412426562504,18.619,23.8
2022-06-07,14.442968750000034,21.242968750000045,14.442968750000034,19.142968750000023,18.44952625000002,19.144,25.1
2022-06-08,14.713623046875057,19.913623046875045,15.313623046875023,18.213623046875057,17.808283546875032,18.503,22.4
2022-06-09,15.607739257812511,22.007739257812545,15.207739257812534,22.007739257812545,19.579917257812554,20.274,28.4
2022-06-10,17.612304687500057,25.812304687500045,18.512304687500034,25.112304687500057,22.718756687500047,23.413,31.0
2022-06-11,17.560449218750023,24.460449218750057,17.460449218750057,22.960449218750057,21.69210621875004,22.387,27.9
2022-06-12,14.362792968750057,17.562792968750045,14.362792968750057,15.662792968750011,16.142535468749998,16.837,19.8
2022-06-13,14.762744140625045,18.662744140625023,15.862744140625011,18.462744140625034,17.253569640625017,17.948,21.5
2022-06-14,15.648071289062557,20.648071289062557,15.148071289062557,20.648071289062557,18.738293789062595,19.433,26.5
2022-06-15,13.719707031250039,22.309707031250014,14.069707031250005,19.679707031250018,18.80791853124998,19.502,27.0
2022-06-16,13.204199218750034,17.504199218750045,13.904199218750023,16.60419921875001,15.836055218750062,16.53,19.6
2022-06-17,12.928613281250023,16.228613281250034,13.528613281250045,15.628613281250011,14.963291281250008,15.658,18.6
2022-06-18,12.850000000000023,16.350000000000023,13.350000000000023,15.650000000000034,14.991130000000055,15.686,18.8
2022-06-19,16.214770507812545,19.114770507812523,16.114770507812523,20.114770507812523,18.136240007812546,18.831,26.2
2022-06-20,16.99287109375001,21.192871093750057,15.692871093750057,21.692871093750057,19.58541209375005,20.28,28.4
2022-06-21,26.272246093750027,26.62224609375005,23.552246093750057,28.08224609375003,26.47105699375004,27.165,32.0
2022-06-22,16.779394531250034,26.279394531250034,18.17939453125001,23.67939453125001,22.51286653125004,23.207,31.1
2022-06-23,17.150000000000034,25.150000000000034,17.950000000000045,24.05000000000001,22.078126499999996,22.773,31.5
2022-06-24,15.522192382812534,24.722192382812523,16.822192382812545,22.822192382812545,21.142356382812522,21.837,30.0
2022-06-25,16.523974609375045,24.523974609375045,16.62397460937501,22.12397460937501,21.252710109375016,21.947,31.2
2022-06-26,17.775756835937557,25.375756835937523,17.975756835937545,23.07575683593751,22.273040335937537,22.967,31.9
2022-06-27,17.89167480468751,24.89167480468751,16.691674804687523,22.191674804687523,21.87021130468753,22.565,29.8
2022-06-28,16.87141113281251,24.471411132812534,16.87141113281251,22.671411132812523,21.412746132812515,22.107,27.7
2022-06-29,14.764941406250045,21.264941406250045,14.464941406250034,19.564941406250057,18.609502406250044,19.304,24.5
2022-06-30,13.845581054687557,19.045581054687545,13.345581054687557,16.445581054687523,16.759398554687493,17.454,20.5
2022-07-01,13.859765625000023,19.459765625000045,13.559765625000011,17.459765625000045,17.107049125000003,17.801,21.0
2022-07-02,13.844470214843795,17.644470214843807,14.044470214843784,15.844470214843795,16.02471621484375,16.719,19.3
2022-07-03,14.250000000000057,17.850000000000023,14.550000000000011,16.350000000000023,16.346979000000033,17.041,19.7
2022-07-04,15.750024414062523,20.550024414062534,16.550024414062534,19.95002441406251,18.736113414062572,19.431,22.9
2022-07-05,16.493872070312534,20.593872070312557,16.593872070312557,19.993872070312534,18.993772570312558,19.688,22.8
2022-07-06,15.937329101562511,20.737329101562523,15.937329101562511,19.137329101562557,18.75184910156247,19.446,24.3
2022-07-07,15.775512695312557,21.175512695312534,16.175512695312534,19.07551269531251,18.9348921953125,19.629,23.7
2022-07-08,17.326562500000023,22.426562500000045,17.926562500000045,21.226562500000057,20.41668550000003,21.111,25.2
2022-07-09,16.383178710937557,21.583178710937545,16.583178710937545,19.583178710937545,19.4152397109375,20.11,24.1
2022-07-10,18.05000000000001,22.650000000000034,18.350000000000023,23.250000000000057,21.015421500000002,21.71,29.8
2022-07-11,17.60712890625001,24.807128906250057,17.407128906250023,21.807128906250057,21.745442906250048,22.44,30.8
2022-07-12,16.395434570312545,22.49543457031251,17.395434570312545,20.395434570312545,20.034047070312567,20.728,25.3
2022-07-13,16.737145996093773,22.237145996093773,17.43714599609376,20.837145996093795,20.06103949609377,20.755,24.4
2022-07-14,15.577807617187545,22.277807617187534,16.077807617187545,19.67780761718751,19.49868011718752,20.193,24.7
2022-07-15,15.844140625000023,22.144140625000034,15.044140625000011,20.344140625000023,19.517331624999997,20.212,24.8
2022-07-16,16.039526367187534,23.93952636718751,15.739526367187523,21.239526367187523,20.64316236718753,21.338,27.8
2022-07-17,15.155908203125023,23.85590820312501,14.955908203125034,21.055908203125057,20.254907203125015,20.949,27.3
2022-07-18,15.402001953125023,23.702001953125034,15.302001953125057,21.002001953125045,20.269548953125025,20.964,27.5
2022-07-19,14.676831054687511,23.276831054687534,14.276831054687534,19.576831054687545,19.595086554687498,20.289,28.1
2022-07-20,15.106274414062511,22.706274414062534,14.406274414062523,19.006274414062545,19.37866341406243,20.073,26.9
2022-07-21,14.837573242187545,23.537573242187534,14.437573242187511,20.137573242187557,19.853106242187494,20.548,27.9
2022-07-22,15.149853515625011,22.14985351562501,14.849853515625057,19.14985351562501,19.156212015624988,19.851,25.3
2022-07-23,15.108349609375011,21.408349609375023,15.008349609375045,19.908349609375023,18.86500660937503,19.559,25.0
2022-07-24,14.859765625000023,21.859765625000023,16.359765625000023,21.959765625000045,19.350690625000027,20.045,24.9
2022-07-25,15.350000000000023,21.05000000000001,15.750000000000057,18.950000000000045,18.696879500000023,19.391,24.9
2022-07-26,16.769311523437523,22.269311523437523,17.169311523437557,20.269311523437523,20.00278352343753,20.697,25.8
2022-07-27,16.423486328125023,21.823486328125057,16.223486328125034,19.223486328125034,19.483170328125027,20.178,27.7
2022-07-28,16.006860351562523,22.606860351562545,15.606860351562545,19.606860351562545,19.756263351562495,20.451,27.1
2022-07-29,16.334692382812534,22.834692382812534,16.634692382812545,22.134692382812545,20.33691138281256,21.031,25.7
2022-07-30,15.496484375000023,20.596484375000045,16.096484375000045,20.996484375000023,18.772087375000012,19.466,21.6
2022-07-31,16.67939453125001,21.879394531250057,16.479394531250023,19.379394531250057,19.62567103125002,20.32,25.8
2022-08-01,19.81879882812501,22.918798828125034,17.618798828125023,22.81879882812501,21.59168532812498,22.286,28.1
2022-08-02,18.003881835937534,26.003881835937534,18.303881835937545,24.103881835937557,22.804490835937543,23.499,31.3
2022-08-03,16.850000000000023,24.650000000000034,16.350000000000023,21.850000000000023,21.36563250000006,22.06,28.3
2022-08-04,17.49226074218751,25.792260742187523,18.392260742187545,23.592260742187534,22.487325242187524,23.182,28.4
2022-08-05,16.022314453125034,22.822314453125045,17.722314453125023,21.722314453125023,20.26304045312503,20.957,24.2
2022-08-06,17.23298339843751,21.932983398437557,18.032983398437523,20.23298339843751,20.02905489843755,20.723,25.6
2022-08-07,17.000341796875034,22.300341796875045,17.600341796875057,20.000341796875034,20.087947296875086,20.782,25.2
2022-08-08,18.069299316406273,22.26929931640626,18.26929931640626,20.76929931640626,20.534322816406245,21.229,24.6
2022-08-09,18.288671875000034,22.988671875000023,18.588671875000045,21.18867187500001,21.038373374999992,21.733,26.1
2022-08-10,18.820654296875034,22.320654296875034,19.120654296875045,22.020654296875023,20.994243296875027,21.689,26.7
2022-08-11,18.145117187500034,23.54511718750001,17.745117187500057,21.845117187500023,21.29522268750003,21.99,27.1
2022-08-12,17.850024414062545,23.350024414062545,18.250024414062523,21.850024414062545,21.141458914062582,21.836,26.2
2022-08-13,18.261254882812523,24.361254882812545,17.761254882812523,22.96125488281251,21.876682382812533,22.571,28.4
2022-08-14,17.998437500000023,22.998437500000023,17.498437500000023,23.098437500000045,21.10025250000001,21.795,29.3
2022-08-15,17.586572265625023,23.186572265625045,17.986572265625057,23.886572265625034,21.195541765625023,21.89,28.9
2022-08-16,17.706274414062534,25.706274414062534,18.906274414062523,25.10627441406251,22.72018541406254,23.415,31.7
2022-08-17,16.776538085937545,24.476538085937534,18.476538085937534,22.87653808593751,21.52180158593751,22.216,29.8
2022-08-18,15.868359375000011,23.068359375000057,15.568359375000057,20.168359375000023,20.011310374999994,20.706,28.2
2022-08-19,16.55000000000001,23.650000000000034,16.150000000000034,21.650000000000034,20.727828000000045,21.422,26.8
2022-08-20,16.988220214843807,23.588220214843773,17.588220214843773,23.988220214843807,21.201323214843796,21.896,28.6
2022-08-21,15.323132324218761,23.223132324218795,17.223132324218795,21.82313232421876,20.230491824218802,20.925,26.0
2022-08-22,18.050024414062534,24.95002441406251,17.750024414062523,23.250024414062523,22.144585414062476,22.839,29.3
2022-08-23,17.474267578125023,23.17426757812501,17.17426757812501,21.974267578125023,20.876791078124995,21.571,28.0
2022-08-24,16.885107421875034,22.28510742187501,16.585107421875023,22.28510742187501,20.239240921875023,20.934,24.5
2022-08-25,16.650024414062557,22.050024414062534,16.650024414062557,22.050024414062534,20.025024414062557,20.719,24.0
2022-08-26,16.578100585937534,21.97810058593751,17.578100585937534,22.778100585937523,20.115395585937563,20.81,25.4
2022-08-27,15.256933593750034,21.456933593750023,16.456933593750023,21.056933593750045,19.169029593750054,19.863,23.3
2022-08-28,15.788928222656295,21.288928222656295,17.188928222656273,21.288928222656295,19.32380522265629,20.018,23.3
2022-08-29,16.669653320312534,22.469653320312545,17.869653320312523,21.269653320312557,20.239009320312505,20.933,25.6
2022-08-30,17.623156738281295,22.923156738281307,17.823156738281284,21.22315673828126,20.752495238281256,21.447,27.0
2022-08-31,17.40229492187501,23.102294921875057,16.302294921875045,20.702294921875023,20.610064421874995,21.304,26.2
2022-09-01,19.706213378906284,25.406213378906273,17.706213378906284,24.406213378906273,23.01367837890632,23.708,32.2
2022-09-02,17.042871093750023,25.642871093750045,15.942871093750057,21.842871093750034,21.900845593749978,22.595,30.7
2022-09-03,18.147607421875023,26.047607421875057,17.34760742187501,23.647607421875023,22.751243421875017,23.446,31.3
2022-09-04,19.796569824218807,25.896569824218773,17.896569824218773,24.996569824218795,23.37258282421874,24.067,33.3
2022-09-05,23.850830078125057,28.850830078125057,19.950830078125023,27.950830078125023,26.60023307812503,27.295,36.7
2022-09-06,19.127294921875034,33.627294921875034,22.52729492187501,32.927294921875045,28.34513442187506,29.04,37.5
2022-09-07,20.625903320312545,28.425903320312557,19.825903320312534,26.125903320312545,25.17863182031249,25.873,35.5
2022-09-08,20.979711914062534,28.87971191406251,19.279711914062545,26.87971191406251,25.56711841406252,26.262,38.2
2022-09-09,17.591760253906273,26.691760253906295,16.691760253906295,22.79176025390626,22.76455325390623,23.459,33.2
2022-09-10,16.81245117187501,23.412451171875034,18.112451171875023,22.012451171875057,20.86557767187503,21.56,25.6
2022-09-11,18.653125000000045,25.053125000000023,17.953125000000057,22.653125000000045,22.326216499999987,23.021,29.9
2022-09-12,15.813476562500057,21.11347656250001,16.213476562500034,18.413476562500023,18.84080106250002,19.535,22.9
2022-09-13,16.653369140625045,20.353369140625034,16.853369140625034,18.75336914062501,18.79430014062507,19.489,22.1
2022-09-14,17.573754882812523,20.373754882812534,17.873754882812534,20.073754882812523,19.309843882812515,20.004,23.0
2022-09-15,16.750000000000057,20.150000000000034,16.850000000000023,19.250000000000057,18.777623000000062,19.472,22.3
2022-09-16,16.28181152343751,20.28181152343751,16.381811523437534,20.481811523437557,18.811952023437584,19.506,24.4
2022-09-17,15.893151855468773,18.59315185546876,15.893151855468773,17.393151855468773,17.4415418554687,18.136,19.9
2022-09-18,15.919958496093784,16.219958496093795,17.119958496093773,16.81995849609376,16.26047949609375,16.955,18.2
2022-09-19,17.006201171875034,19.506201171875034,17.706201171875023,20.306201171875045,18.710129671874995,19.405,21.6
2022-09-20,18.200292968750034,19.900292968750023,18.900292968750023,20.500292968750045,19.38103646875004,20.075,23.1
2022-09-21,18.508789062500057,19.508789062500057,18.30878906250001,19.708789062500045,19.14306306250006,19.837,23.7
2022-09-22,19.950000000000045,19.450000000000045,18.55000000000001,22.05000000000001,19.84152800000004,20.536,23.4
2022-09-23,22.285498046875034,21.885498046875057,20.585498046875045,24.485498046875023,22.218659546875074,22.913,25.7
2022-09-24,21.670507812500034,24.270507812500057,22.07050781250001,25.870507812500023,23.50880981250009,24.203,30.2
2022-09-25,19.250000000000057,23.750000000000057,19.250000000000057,23.350000000000023,22.016130000000032,22.711,29.5
2022-09-26,18.106787109375034,22.906787109375045,16.706787109375057,21.206787109375057,20.81233760937505,21.507,27.4
2022-09-27,16.750000000000057,20.750000000000057,16.350000000000023,18.950000000000045,19.013513000000046,19.708,23.7
2022-09-28,17.681274414062557,21.581274414062534,17.881274414062545,20.581274414062534,20.016760414062503,20.711,24.0
2022-09-29,17.965246582031284,20.465246582031284,18.265246582031295,21.465246582031284,19.6645380820313,20.359,25.5
2022-09-30,20.20795898437501,22.907958984375057,20.307958984375034,25.307958984375034,22.180634484375105,22.875,28.2
2022-10-01,16.57264404296876,21.872644042968773,17.872644042968773,21.372644042968773,19.91760304296872,20.612,24.2
2022-10-02,16.458154296875023,19.958154296875023,17.15815429687501,19.65815429687501,18.65956529687503,19.354,22.9
2022-10-03,17.450000000000045,20.850000000000023,17.150000000000034,19.950000000000045,19.449801000000036,20.144,23.8
2022-10-04,17.520043945312523,21.520043945312523,17.22004394531251,21.22004394531251,19.964399945312493,20.659,25.6
2022-10-05,19.750000000000057,22.450000000000045,18.950000000000045,23.350000000000023,21.486188500000083,22.181,26.6
2022-10-06,17.921557617187545,21.921557617187545,17.121557617187534,22.02155761718751,20.37750611718758,21.072,27.0
2022-10-07,18.881079101562534,21.581079101562523,16.78107910156251,21.881079101562534,20.457291101562532,21.152,26.9
2022-10-08,17.662207031250034,23.162207031250034,16.262207031250057,21.662207031250034,20.828442531250005,21.523,28.2
2022-10-09,16.286035156250023,21.586035156250034,15.586035156250034,19.386035156250045,19.294811656249976,19.989,25.6
2022-10-10,17.120532226562545,22.22053222656251,16.520532226562523,20.620532226562545,20.080819226562483,20.775,26.6
2022-10-11,16.098437500000045,21.19843750000001,16.298437500000034,19.598437500000045,19.114368499999955,19.809,24.6
2022-10-12,16.761840820312557,21.361840820312523,17.06184082031251,20.261840820312557,19.530189820312557,20.225,24.6
2022-10-13,16.05000000000001,19.55000000000001,15.750000000000057,19.450000000000045,18.20504100000005,18.899,24.4
2022-10-14,16.739721679687534,20.339721679687557,16.239721679687534,20.239721679687534,18.943351679687567,19.638,25.6
2022-10-15,14.454956054687557,19.354956054687534,16.054956054687523,18.454956054687557,17.52441155468756,18.219,21.0
2022-10-16,16.454882812500045,18.854882812500023,16.754882812500057,18.05488281250001,17.883009312500008,18.577,20.9
2022-10-17,18.877597656250032,18.787597656250057,17.06759765625003,19.82759765625002,18.816015106250063,19.51,21.2
2022-10-18,21.696191406250023,21.096191406250057,19.296191406250045,23.096191406250057,21.386109406250057,22.081,22.0
2022-10-19,25.97382812500001,25.673828125000057,22.273828125000023,25.97382812500001,25.563752125000008,26.258,27.8
2022-10-20,19.24714355468751,23.447143554687557,18.547143554687523,24.147143554687545,21.90460255468753,22.599,28.3
2022-10-21,15.366577148437557,20.66657714843751,15.866577148437557,18.566577148437545,18.470412148437504,19.165,23.4
2022-10-22,14.399560546875023,16.499560546875045,15.899560546875023,18.699560546875034,16.0714280468751,16.766,17.6
2022-10-23,15.251318359375034,14.951318359375023,15.051318359375045,17.15131835937501,15.304942359375048,15.999,16.9
2022-10-24,17.269335937500045,18.299335937500018,16.83933593750004,18.519335937500045,17.908680787500032,18.603,20.5
2022-10-25,15.748999023437534,16.748999023437534,15.348999023437557,19.048999023437545,16.612804523437546,17.307,19.7
2022-10-26,13.363574218750045,15.563574218750034,14.663574218750057,15.563574218750034,14.828995718750093,15.523,17.2
2022-10-27,16.91187500000001,16.571875000000034,15.431875000000048,18.791875000000005,16.853787100000034,17.548,17.6
2022-10-28,13.842597656250007,16.052597656250043,14.522597656250014,16.512597656250023,15.324470556250049,16.019,18.3
2022-10-29,15.659003906250007,16.859003906250052,14.919003906250055,17.29900390625005,16.408540206250052,17.103,20.3
2022-10-30,16.119018554687557,18.119018554687557,15.819018554687545,18.819018554687545,17.429299554687532,18.124,21.0
2022-10-31,12.895917968750041,16.535917968750027,13.535917968750027,15.695917968750052,15.118056168750059,15.812,17.8
2022-11-01,10.762714843750018,10.052714843750039,11.232714843750045,10.32271484375002,10.382955443750006,11.077,11.3
2022-11-02,12.050292968750057,12.740292968750055,12.34029296875002,12.800292968750057,12.50866941875006,13.203,14.1
2022-11-03,12.022792968750025,11.842792968750018,11.232792968750005,12.962792968750023,11.985180518750042,12.68,13.5
2022-11-04,13.792792968750007,14.68279296875005,13.742792968750052,14.582792968750027,14.333972718749976,15.028,17.5
2022-11-05,14.229785156250045,16.729785156250045,14.799785156250039,15.289785156250048,15.664999506250012,16.359,18.3
2022-11-06,12.606054687500034,14.406054687500045,12.786054687500041,13.436054687500018,13.631127337500061,14.326,15.4
2022-11-07,11.745019531250023,13.135019531250009,12.43501953125002,13.015019531250005,12.64785148125003,13.342,14.1
2022-11-08,10.455644531250016,9.615644531250041,10.405644531250005,9.885644531250023,9.958466531250053,10.653,11.2
2022-11-09,12.321445312500032,12.80144531250005,12.711445312500018,12.861445312500052,12.655527262500073,13.35,14.1
2022-11-10,12.693847656250057,11.293847656250023,11.493847656250011,12.793847656250023,11.909269156250048,12.604,13.0
2022-11-11,12.919311523437557,12.519311523437523,12.219311523437511,13.219311523437511,12.701770523437517,13.396,14.2
2022-11-12,12.005566406250011,12.705566406250057,12.705566406250057,13.105566406250034,12.538124906250005,13.233,14.1
2022-11-13,12.505957031250034,11.605957031250057,12.105957031250057,13.605957031250057,12.147485031250085,12.842,13.5
2022-11-14,13.095371093750032,12.815371093750002,12.585371093750041,14.065371093750002,13.029804293750033,13.724,13.7
2022-11-15,13.882187500000043,12.77218750000003,12.952187500000036,14.572187500000041,13.332416350000017,14.027,13.6
2022-11-16,15.030468750000011,13.680468750000045,13.710468750000018,15.540468750000002,14.310526650000043,15.005,14.7
2022-11-17,15.297500000000014,14.197500000000048,13.397500000000036,15.137500000000045,14.586815000000001,15.281,16.0
2022-11-18,14.958339843750025,13.388339843750032,13.488339843750055,15.798339843750057,14.154223243750039,14.849,15.7
2022-11-19,13.482031250000034,12.802031250000027,12.482031250000034,13.792031250000036,13.10224199999999,13.797,13.0
2022-11-20,15.072382812500052,14.252382812500002,13.162382812500027,15.332382812500043,14.552231762500014,15.247,14.6
2022-11-21,14.72332031250005,13.823320312500016,13.023320312500005,15.073320312500016,14.187483062500007,14.882,14.5
2022-11-22,15.716542968750048,15.016542968750002,13.806542968750023,15.606542968750034,15.214588668750025,15.909,16.3
2022-11-23,15.951796875000014,15.151796875000002,14.071796875000018,16.521796875000007,15.479850725000006,16.174,16.5
2022-11-24,16.153339843750018,15.603339843750007,14.603339843750007,16.923339843750057,15.854800593749985,16.549,16.1
2022-11-25,15.758906250000052,17.888906250000048,14.788906250000025,17.838906250000036,17.016891650000048,17.711,19.7
2022-11-26,14.283007812500045,14.823007812500009,13.773007812500055,16.173007812500032,14.741533512500041,15.436,16.6
2022-11-27,14.21013671875005,15.43013671875002,14.320136718750007,15.780136718750043,15.020861518750053,15.715,17.4
2022-11-28,11.576718750000055,12.076718750000055,12.086718750000045,13.236718750000023,12.05916480000002,12.754,13.1
2022-11-29,11.54097656250002,10.560976562500002,10.300976562500011,12.240976562500009,11.036982362499998,11.731,12.0
2022-12-01,8.557675781250055,8.137675781250039,8.867675781250057,8.207675781250032,8.324852581250013,9.019,7.7
2022-12-02,9.397011718750036,9.137011718750045,8.627011718750055,9.127011718750055,9.179795118750064,9.874,9.4
2022-12-03,8.410449218750045,7.680449218750027,7.290449218750041,7.180449218750027,7.818335118750042,8.513,8.3
2022-12-04,12.016660156250055,12.886660156250002,12.826660156250057,12.876660156250011,12.615590456250061,13.31,13.9
2022-12-05,11.660996093750043,13.010996093750009,12.380996093750014,13.160996093750043,12.57221444375,13.267,13.9
2022-12-06,11.42986328125005,11.529863281250016,10.909863281250011,11.469863281250014,11.449239181249993,12.144,11.9
2022-12-07,11.317402343750018,12.007402343750016,11.517402343750007,11.797402343750036,11.738219093750047,12.433,13.2
2022-12-08,10.61568359375002,11.545683593750027,11.075683593750057,10.815683593750009,11.144303643749993,11.839,12.4
2022-12-09,10.830195312500052,11.360195312500025,10.820195312500005,11.49019531250002,11.175820012500026,11.87,12.7
2022-12-10,11.868144531250039,12.448144531250023,12.108144531250048,12.618144531250039,12.267044981250024,12.961,13.1
2022-12-11,10.074121093750023,9.964121093750009,10.464121093750009,10.284121093750002,10.069593543750045,10.764,11.1
2022-12-12,8.377226562500027,7.207226562500011,7.927226562500039,7.6972265625000205,7.671480062499995,8.366,8.6
2022-12-13,10.229199218750011,9.659199218750018,9.479199218750011,10.089199218750025,9.870630718749965,10.565,10.8
2022-12-14,10.396152343750032,9.526152343750027,9.59615234375002,10.356152343750011,9.892976093750008,10.587,10.5
2022-12-15,10.674609375000045,9.724609375000057,10.194609375000027,10.604609375000052,10.149486975000059,10.844,10.5
2022-12-16,10.712109375000011,9.832109375000016,9.672109375000048,10.882109375000027,10.211493425000015,10.906,10.3
2022-12-17,11.50558593750003,10.485585937500048,9.815585937500032,11.035585937500002,10.814296737500058,11.509,10.8
2022-12-18,11.599355468750048,10.569355468750018,9.90935546875005,11.229355468750043,10.91456801875006,11.609,11.4
2022-12-19,11.095214843750057,10.62521484375003,9.495214843750034,10.335214843750009,10.656558593749992,11.351,10.9
2022-12-20,11.387226562500018,10.657226562500057,10.027226562500005,11.357226562500045,10.917529262500011,11.612,11.6
2022-12-21,13.571191406250023,12.241191406250039,11.401191406250007,12.921191406250045,12.667836056250053,13.362,13.4
2022-12-22,13.255703125000025,12.515703125000016,12.105703125000048,12.775703125000007,12.743355375000021,13.438,13.3
2022-12-23,14.24654296875002,14.106542968750034,12.436542968750018,13.966542968750048,14.01691891874998,14.711,14.6
2022-12-24,14.582773437500009,13.582773437500009,11.892773437500011,14.542773437500045,13.881958487500015,14.576,14.0
2022-12-25,14.590761718750002,13.900761718750005,12.32076171875002,14.400761718750005,14.059584368749938,14.754,14.2
2022-12-26,14.610761718750041,14.680761718750034,13.160761718750052,14.880761718750023,14.576841968749989,15.271,15.9
2022-12-27,12.118105468750002,12.818105468750048,12.328105468750039,12.708105468750034,12.557460268750049,13.252,13.7
2022-12-28,11.00408203125005,10.96408203125003,10.414082031250018,10.994082031250002,10.941522331249985,11.636,12.4
2022-12-29,9.95138671875003,9.291386718750005,9.95138671875003,9.691386718750039,9.585256718750031,10.28,10.0
2022-12-30,13.182519531250023,13.642519531250002,14.012519531250007,13.282519531250045,13.48601718125002,14.18,15.4
2022-12-31,12.619492187500043,14.04949218750005,12.109492187500052,14.00949218750003,13.473132137499988,14.168,14.5
2023-01-01,11.600722656250014,12.490722656250057,12.370722656250052,13.330722656250032,12.307907006250048,13.002,13.8
2023-01-02,9.476855468750045,8.426855468750034,9.776855468750057,8.446855468750016,8.843790468750058,9.538,9.6
2023-01-03,11.49431640625005,13.314316406250043,12.484316406250002,12.054316406250052,12.554610356250066,13.249,14.0
2023-01-04,13.022949218750057,13.462949218750055,13.792949218750039,12.30294921875003,13.217033568750026,13.911,14.7
2023-01-05,11.53048828125003,11.100488281250023,11.850488281250023,11.450488281250045,11.324569631250029,12.019,12.2
2023-01-06,13.172226562500043,13.292226562500048,13.092226562500002,12.872226562500032,13.192973662500037,13.887,15.2
2023-01-07,12.047778320312545,13.047778320312545,13.347778320312557,13.347778320312557,12.797977320312611,13.492,14.0
2023-01-08,12.879589843750011,13.779589843750045,13.279589843750045,12.979589843750034,13.377171843750034,14.072,14.9
2023-01-09,10.861181640625034,10.061181640625023,11.661181640625045,10.861181640625034,10.509565640625055,11.204,11.5
2023-01-10,11.125195312500011,11.225195312500034,11.725195312500034,11.525195312500045,11.264205812499995,11.959,12.3
2023-01-11,11.140859375000048,10.060859375000007,11.240859375000014,10.180859375000011,10.48672587499999,11.181,11.9
2023-01-12,14.411499023437557,15.911499023437557,14.711499023437511,14.611499023437545,15.219163023437545,15.914,18.1
2023-01-13,11.850561523437534,11.250561523437511,12.050561523437523,10.750561523437511,11.43151002343751,12.126,12.3
2023-01-14,12.392749023437545,12.592749023437534,12.692749023437557,12.392749023437545,12.515430523437544,13.21,13.7
2023-01-15,10.558129882812523,10.758129882812511,11.358129882812534,11.158129882812545,10.78514388281252,11.48,11.6
2023-01-16,10.469921875000011,10.439921875000039,11.429921875000048,11.259921875000032,10.613003175000017,11.307,11.8
2023-01-17,10.043017578125045,10.043017578125045,9.343017578125057,10.143017578125011,10.005921578125026,10.7,11.9
2023-01-18,11.058764648437545,11.758764648437534,10.958764648437523,10.158764648437511,11.3038291484375,11.998,12.8
2023-01-19,9.942236328125034,9.342236328125011,9.342236328125011,10.042236328125057,9.606650828125055,10.301,10.2
2023-01-20,9.904809570312523,9.004809570312545,9.504809570312545,9.304809570312557,9.349265070312526,10.044,9.5
2023-01-21,11.089794921875011,9.289794921875057,9.189794921875034,10.189794921875034,9.936972921875054,10.631,10.8
2023-01-22,10.178002929687523,9.578002929687557,9.978002929687534,10.378002929687511,9.881831929687564,10.576,10.8
2023-01-23,11.183085937500039,9.963085937500011,11.503085937500032,11.433085937500039,10.613253287500015,11.308,11.2
2023-01-24,12.947187500000041,11.167187500000011,11.557187500000055,12.68718750000005,11.914212050000003,12.609,12.3
2023-01-25,14.11275390625002,12.36275390625002,12.35275390625003,14.072753906250057,13.094818856250072,13.789,13.2
2023-01-26,14.375351562500043,13.575351562500032,12.735351562500057,14.325351562500032,13.848225112500018,14.543,14.3
2023-01-27,12.546933593750055,12.89693359375002,12.14693359375002,13.64693359375002,12.824805343750029,13.519,15.1
2023-01-28,11.29070312500005,13.120703125000034,11.730703125000048,12.320703125000023,12.37231732500004,13.067,15.0
2023-01-29,9.87423828125003,8.144238281250011,7.854238281250048,6.394238281250011,8.449618431249974,9.144,9.1
2023-01-30,7.443417968750055,6.523417968750039,7.593417968750032,7.4534179687500455,6.986661468750071,7.681,6.9
2023-01-31,10.580449218750005,8.720449218750048,8.600449218750043,9.930449218750027,9.420499568750017,10.115,10.0
2023-02-01,11.642246093750032,11.142246093750032,9.952246093750034,11.102246093750011,11.207561143750013,11.902,12.2
2023-02-02,11.828027343750023,12.04802734375005,10.028027343750011,10.848027343750005,11.701218343750043,12.396,12.0
2023-02-03,11.251777343750007,10.591777343750039,10.671777343750023,10.421777343750023,10.779228193750043,11.474,11.5
2023-02-04,13.650058593750032,15.020058593750036,13.38005859375005,13.370058593750002,14.296252493750046,14.991,17.0
2023-02-05,10.350097656250057,10.650097656250011,10.770097656250016,10.810097656250036,10.58535875625006,11.28,11.8
2023-02-06,11.658222656250018,10.308222656250052,10.20822265625003,11.608222656250007,10.864320406250044,11.559,12.3
2023-02-07,12.721230468750036,11.161230468750034,11.30123046875002,12.501230468750009,11.802801868750066,12.497,12.7
2023-02-08,14.303828125000052,13.273828125000023,12.283828125000014,14.393828125000027,13.649413025000058,14.344,14.6
2023-02-09,15.498417968750005,14.838417968750036,12.998417968750005,15.528417968750034,14.99201871874999,15.686,15.8
2023-02-10,11.499765625000009,12.709765625000045,11.989765625000018,12.529765625000039,12.26923107500005,12.964,14.0
2023-02-11,8.421015625000052,7.751015625000036,8.711015625000016,8.561015625000039,8.116335825000078,8.811,8.9
2023-02-12,13.787207031250034,13.187207031250011,12.437207031250011,13.967207031250041,13.408729281250032,14.103,15.6
2023-02-13,11.921894531250018,14.551894531250014,12.881894531250055,13.681894531250009,13.53156258125,14.226,16.6
2023-02-14,8.174882812500016,8.714882812500036,8.804882812500011,9.04488281250002,8.594457712500002,9.289,10.0
2023-02-15,10.395097656250016,9.365097656250043,9.075097656250023,10.895097656250016,9.836900306250072,10.531,10.8
2023-02-16,10.542539062500055,11.412539062500002,9.602539062500057,11.232539062500052,11.000040862500043,11.694,12.7
2023-02-17,11.153554687500048,10.993554687500023,10.513554687500005,12.023554687500052,11.128442237500053,11.823,11.2
2023-02-18,13.10005859375002,13.310058593750057,11.740058593750007,13.510058593750045,13.159898793750017,13.854,15.1
2023-02-19,14.533613281250041,13.213613281250048,12.543613281250032,14.453613281250057,13.713945831250044,14.408,15.1
2023-02-20,13.865742187500018,14.305742187500016,13.395742187500048,14.92574218750002,14.179924837500039,14.874,17.5
2023-02-21,10.06001953125002,11.250019531250018,11.190019531250016,13.140019531250005,11.101464931250007,11.796,12.3
2023-02-22,7.854960937500039,8.014960937500007,8.40496093750005,8.764960937500007,8.080159937500014,8.775,9.5
2023-02-23,7.430312500000014,7.780312500000036,7.790312500000027,7.980312500000025,7.697287300000028,8.392,9.2
2023-02-24,7.196542968750009,6.6565429687500455,7.266542968750002,6.52654296875005,6.848841568750004,7.543,8.2
2023-02-25,5.041425781250041,4.791425781250041,5.341425781250052,4.591425781250052,4.88285728125004,5.577,6.0
2023-02-26,7.78927734375003,7.439277343750007,8.28927734375003,7.699277343750055,7.635445343750007,8.33,8.2
2023-02-27,7.006503906250032,6.0365039062500045,8.19650390625003,7.306503906250043,6.630249106250005,7.325,6.7
2023-02-28,9.597910156250009,9.517910156250025,9.937910156250041,10.207910156250023,9.651547106250007,10.346,11.1
2023-03-01,8.888647460937534,8.488647460937557,9.188647460937545,9.688647460937545,8.798623960937562,9.493,9.7
2023-03-02,9.161840820312534,10.661840820312534,9.461840820312545,9.961840820312545,10.03905982031256,10.733,13.3
2023-03-03,10.183374023437523,10.083374023437557,8.683374023437523,11.383374023437511,10.167244023437547,10.862,11.6
2023-03-04,6.150000000000034,6.350000000000023,6.750000000000057,6.250000000000057,6.30514050000005,7.0,6.4
2023-03-05,8.365917968750011,9.065917968750057,8.765917968750045,9.065917968750057,8.831239968750083,9.526,10.4
2023-03-06,8.855786132812511,10.155786132812523,9.755786132812545,10.055786132812557,9.719293132812538,10.414,11.4
2023-03-07,8.749951171875011,9.849951171875034,9.149951171875045,9.449951171875057,9.418903171875002,10.113,11.7
2023-03-08,8.768847656250045,9.968847656250034,9.368847656250011,9.868847656250011,9.548988156250005,10.243,11.6
2023-03-09,8.384472656250011,9.394472656250002,8.844472656250048,9.11447265625003,9.015258956250022,9.71,9.9
2023-03-10,10.588144531250009,11.258144531250025,10.828144531250018,11.758144531250025,11.081550231250048,11.776,13.2
2023-03-11,11.736835937500018,15.206835937500045,11.916835937500025,14.096835937500032,13.789429087500025,14.484,16.9
2023-03-12,12.276289062500041,15.47628906250003,13.346289062500034,14.926289062500018,14.286954162500024,14.981,16.6
2023-03-13,12.522968750000018,16.192968750000034,13.972968750000007,15.442968750000034,14.830629750000014,15.525,17.8
2023-03-14,12.553574218750043,13.883574218750027,13.313574218750034,14.113574218750045,13.464348768750028,14.159,14.8
2023-03-15,10.749882812500005,9.819882812500055,9.69988281250005,12.16988281250002,10.368023812500041,11.062,11.8
2023-03-16,12.838125000000048,12.028125000000045,12.338125000000048,14.138125000000002,12.541699250000022,13.236,15.2
2023-03-17,14.529785156250057,13.229785156250045,13.329785156250011,15.629785156250023,13.912039156250046,14.606,15.3
2023-03-18,14.417919921875011,16.217919921875023,14.117919921875057,16.317919921875045,15.533645921875006,16.228,18.4
2023-03-19,10.556640625000057,11.156640625000023,11.056640625000057,10.156640625000023,10.850493125000014,11.545,12.1
2023-03-20,9.748144531250034,12.448144531250023,10.348144531250057,11.248144531250034,11.33826753125004,12.033,14.0
2023-03-21,9.261132812500023,8.661132812500057,8.761132812500023,8.461132812500011,8.828170312500049,9.523,9.3
2023-03-22,10.007958984375023,9.307958984375034,10.007958984375023,9.307958984375034,9.570458984375023,10.265,10.9
2023-03-23,10.280957031250011,11.480957031250057,11.080957031250023,11.680957031250045,11.109786031250053,11.804,13.2
2023-03-24,9.968627929687557,10.168627929687545,11.268627929687511,10.868627929687534,10.265196929687534,10.96,12.4
2023-03-25,10.120629882812523,9.320629882812511,10.020629882812557,10.620629882812523,9.764376882812542,10.459,11.9
2023-03-26,10.047460937500034,9.347460937500045,9.147460937500057,11.547460937500034,9.802396437500079,10.497,11.7
2023-03-27,10.444506835937545,12.944506835937545,11.544506835937511,12.044506835937511,11.97918483593753,12.674,16.2
2023-03-28,8.992163085937534,9.492163085937534,8.392163085937511,9.092163085937557,9.216560085937544,9.911,9.9
2023-03-29,9.389868164062534,8.389868164062534,10.089868164062523,7.489868164062557,8.709224164062562,9.404,9.8
2023-03-30,9.364086914062511,11.164086914062523,10.564086914062557,10.864086914062511,10.53777541406248,11.232,14.0
2023-03-31,10.250000000000057,10.750000000000057,10.950000000000045,12.150000000000034,10.773483500000111,11.468,14.0
2023-04-01,11.137939453125057,13.837939453125045,11.937939453125011,13.237939453125023,12.81152845312505,13.506,17.1
2023-04-02,10.711328125000023,12.211328125000023,11.511328125000034,12.411328125000011,11.727657125000007,12.422,14.0
2023-04-03,9.454345703125057,10.754345703125011,11.054345703125023,11.554345703125023,10.470873703124994,11.165,12.5
2023-04-04,9.949726562500018,9.559726562500032,10.019726562500011,10.479726562500048,9.81749641250002,10.512,12.1
2023-04-05,9.550024414062534,11.250024414062523,9.950024414062511,11.650024414062557,10.686716414062516,11.381,14.5
2023-04-06,11.850000000000023,13.350000000000023,12.650000000000034,14.250000000000057,12.94747650000005,13.642,18.4
2023-04-07,10.453344726562534,11.353344726562511,11.653344726562523,10.953344726562534,11.052940726562497,11.747,12.4
2023-04-08,12.837500000000034,13.767500000000041,12.397500000000036,14.047500000000014,13.420604800000035,14.115,17.4
2023-04-09,16.112597656250045,16.012597656250023,14.812597656250034,17.71259765625001,16.156748656250045,16.851,20.6
2023-04-10,14.320776367187534,19.020776367187523,14.920776367187557,18.120776367187545,17.1956768671875,17.89,23.2
2023-04-11,11.308935546875034,14.808935546875034,13.308935546875034,14.908935546875057,13.647138046875057,14.342,16.6
2023-04-12,9.912597656250057,11.412597656250057,10.912597656250057,11.712597656250011,10.954430156250055,11.649,13.0
2023-04-13,11.044116210937545,13.444116210937523,10.744116210937534,13.444116210937523,12.523249710937534,13.218,16.5
2023-04-14,10.296484375000034,13.896484375000057,11.296484375000034,13.996484375000023,12.62763187500002,13.322,16.2
2023-04-15,11.550000000000011,14.250000000000057,12.350000000000023,15.850000000000023,13.478624000000082,14.173,20.9
2023-04-16,10.673681640625034,14.173681640625034,11.673681640625034,13.073681640625011,12.80321914062506,13.498,16.3
2023-04-17,9.977050781250057,11.777050781250011,10.777050781250011,11.577050781250023,11.134509781250017,11.829,13.5
2023-04-18,9.940722656250045,11.940722656250045,10.540722656250011,11.540722656250011,11.186085656250043,11.88,13.7
2023-04-19,10.893798828125057,12.193798828125011,11.693798828125011,12.993798828125023,11.854682828125078,12.549,14.8
2023-04-20,13.196728515625011,13.496728515625023,12.796728515625034,15.396728515625057,13.576664015625,14.271,17.7
2023-04-21,15.453881835937523,16.853881835937557,14.853881835937557,18.553881835937545,16.484221335937548,17.179,22.8
2023-04-22,14.052587890625034,19.052587890625034,14.352587890625045,19.45258789062501,17.24482439062507,17.939,23.9
2023-04-23,11.907983398437523,15.507983398437545,13.907983398437523,15.407983398437523,14.285500898437533,14.98,18.4
2023-04-24,11.455957031250023,16.255957031250034,14.155957031250011,16.355957031250057,14.655348031250071,15.35,18.9
2023-04-25,15.915454101562545,16.815454101562523,15.115454101562534,20.51545410156251,16.851232601562515,17.546,22.9
2023-04-26,17.164648437500034,18.664648437500034,17.06464843750001,21.964648437500045,18.47774543750006,19.172,26.9
2023-04-27,19.101684570312557,21.001684570312534,19.90168457031251,23.601684570312557,20.646233570312575,21.341,29.2
2023-04-28,17.255468750000034,21.65546875000001,18.355468750000057,22.755468750000034,20.209496750000085,20.904,30.2
2023-04-29,13.745507812500023,20.145507812500057,13.545507812500034,18.145507812500057,17.499746812500007,18.194,26.1
2023-04-30,11.885009765625057,14.285009765625034,12.985009765625023,14.585009765625045,13.496297765625059,14.191,16.3
2023-05-01,11.273681640625057,12.873681640625023,12.273681640625057,12.273681640625057,12.273681640625,12.968,14.9
2023-05-02,10.825781250000034,12.625781250000045,11.925781250000057,12.825781250000034,12.05047675000003,12.745,13.1
2023-05-03,10.819824218750057,10.919824218750023,10.819824218750057,12.219824218750034,11.033026718750023,11.727,11.2
2023-05-04,11.981005859375045,13.981005859375045,12.981005859375045,14.981005859375045,13.416485859375086,14.111,16.6
2023-05-05,12.050830078125045,14.750830078125034,13.450830078125023,15.250830078125034,13.893669578125014,14.588,16.7
2023-05-06,11.838330078125011,14.538330078125057,12.838330078125011,14.438330078125034,13.583792578125042,14.278,16.6
2023-05-07,12.529516601562534,15.229516601562523,13.529516601562534,15.329516601562545,14.298164101562577,14.993,19.0
2023-05-08,12.477441406250023,15.577441406250045,13.677441406250011,15.377441406250057,14.475222406250055,15.17,17.2
2023-05-09,12.898999023437511,15.598999023437557,13.898999023437511,15.298999023437545,14.621276523437587,15.316,18.2
2023-05-10,12.671801757812545,15.571801757812523,13.671801757812545,14.571801757812523,14.437931757812521,15.132,17.7
2023-05-11,12.906994628906261,16.806994628906295,13.706994628906273,16.306994628906295,15.34217612890626,16.037,19.6
2023-05-12,15.549987792968807,18.149987792968773,15.449987792968784,19.549987792968807,17.330327292968832,18.025,25.7
2023-05-13,20.35999755859376,20.85999755859376,18.959997558593784,25.059997558593807,21.062005558593796,21.756,26.5
2023-05-14,14.951269531250034,23.051269531250057,17.751269531250045,22.051269531250057,20.092598531250076,20.787,26.8
2023-05-15,14.468041992187523,19.768041992187534,16.868041992187557,19.268041992187534,17.889511492187523,18.584,23.6
2023-05-16,17.388183593750057,20.488183593750023,16.888183593750057,21.788183593750034,19.44160859375006,20.136,28.4
2023-05-17,15.380468750000034,22.080468750000023,15.980468750000057,20.580468750000023,19.43581425000002,20.13,28.0
2023-05-18,14.431689453125045,20.03168945312501,14.731689453125057,18.831689453125023,17.81344595312504,18.508,24.3
2023-05-19,14.196508789062534,19.59650878906251,14.596508789062511,18.296508789062557,17.448628289062526,18.143,23.0
2023-05-20,13.050000000000011,16.650000000000034,14.050000000000011,15.550000000000011,15.242037500000038,15.936,18.6
2023-05-21,14.546118164062534,19.646118164062557,15.546118164062534,19.94611816406251,17.837950664062532,18.532,24.4
2023-05-22,14.355395507812545,19.855395507812545,15.955395507812511,20.45539550781251,17.973738507812527,18.668,25.3
2023-05-23,12.873681640625023,16.57368164062501,14.573681640625011,16.373681640625023,15.281240140625016,15.976,18.5
2023-05-24,13.087353515625011,17.887353515625023,15.387353515625023,18.387353515625023,16.305292515625013,17.0,21.3
2023-05-25,13.229980468750057,18.129980468750034,14.829980468750023,17.929980468750045,16.380583468750046,17.075,19.5
2023-05-26,13.992797851562557,18.392797851562534,14.692797851562545,17.29279785156251,16.663968851562515,17.358,19.8
2023-05-27,13.511352539062557,18.511352539062557,14.311352539062511,17.211352539062545,16.541294039062564,17.236,19.7
2023-05-28,12.771093750000034,15.471093750000023,13.371093750000057,16.17109375000001,14.581474250000042,15.276,17.6
2023-05-29,13.950000000000045,18.450000000000045,15.650000000000034,18.650000000000034,16.90392850000012,17.598,20.2
2023-05-30,14.152770996093807,18.352770996093795,14.952770996093761,17.252770996093773,16.705897496093826,17.4,20.0
2023-05-31,13.057373046875057,17.957373046875034,13.957373046875034,17.35737304687501,16.112917546875053,16.807,19.7
2023-06-01,13.743872070312534,18.443872070312523,15.443872070312523,19.243872070312534,16.89235557031253,17.587,22.3
2023-06-02,14.849975585937557,17.449975585937523,14.849975585937557,19.749975585937534,16.741603085937527,17.436,25.2
2023-06-03,14.846215820312523,20.846215820312523,15.546215820312511,21.04621582031251,18.668089320312504,19.362,26.1
2023-06-04,14.272729492187523,21.572729492187534,15.572729492187534,21.172729492187557,18.879280992187546,19.574,25.6
2023-06-05,13.953857421875057,19.853857421875034,15.453857421875057,18.353857421875034,17.571802421875077,18.266,21.4
2023-06-06,15.001269531250045,19.901269531250023,16.10126953125001,19.401269531250023,18.08231753125,18.777,22.3
2023-06-07,14.663720703125023,19.86372070312501,15.963720703125034,18.763720703125045,17.876624703125003,18.571,22.0
2023-06-08,15.690576171875023,20.290576171875045,16.690576171875023,19.190576171875023,18.50761367187505,19.202,23.3
2023-06-09,14.991503906250045,18.991503906250045,15.991503906250045,17.791503906250057,17.42194890625001,18.116,21.5
2023-06-10,14.485986328125023,18.085986328125045,15.085986328125045,17.485986328125023,16.708164328125008,17.403,21.1
2023-06-11,14.246362304687523,19.546362304687534,15.546362304687534,18.44636230468751,17.52176630468756,18.216,20.7
2023-06-12,14.782727050781261,20.28272705078126,16.482727050781307,19.482727050781307,18.245730550781275,18.94,22.2
2023-06-13,15.379150390625057,20.67915039062501,16.379150390625057,19.079150390625045,18.575725390625053,19.27,23.7
2023-06-14,15.055786132812557,21.455786132812534,17.055786132812557,21.055786132812557,19.14852613281255,19.843,24.0
2023-06-15,14.807690429687511,20.107690429687523,17.007690429687557,19.507690429687557,18.2036564296875,18.898,22.2
2023-06-16,16.030688476562545,22.13068847656251,17.830688476562557,20.830688476562557,19.817684976562532,20.512,25.9
2023-06-17,15.717016601562534,22.417016601562523,17.817016601562557,21.317016601562557,19.923064601562487,20.617,25.1
2023-06-18,14.579418945312511,18.679418945312534,15.379418945312523,17.379418945312523,17.046860445312518,17.741,20.3
2023-06-19,14.150000000000034,16.650000000000034,15.450000000000045,17.55000000000001,15.90725400000008,16.602,18.4
2023-06-20,14.481689453125057,18.181689453125045,15.181689453125045,17.681689453125045,16.784915453125052,17.479,21.5
2023-06-21,14.135205078125011,19.13520507812501,15.235205078125034,19.935205078125023,17.429455578125044,18.124,21.6
2023-06-22,14.250000000000057,18.350000000000023,15.450000000000045,18.350000000000023,16.8959660000001,17.59,19.6
2023-06-23,14.818750000000023,19.618750000000034,16.01875000000001,18.718750000000057,17.79788350000001,18.492,20.9
2023-06-24,14.833349609375034,18.633349609375045,15.333349609375034,17.033349609375023,17.05764710937501,17.752,20.7
2023-06-25,13.622436523437557,17.822436523437545,14.222436523437523,16.022436523437534,16.080504523437583,16.775,19.3
2023-06-26,14.482739257812511,19.182739257812557,14.682739257812557,19.082739257812534,17.42255775781257,18.117,21.3
2023-06-27,14.857934570312523,20.157934570312534,15.957934570312545,20.357934570312523,18.27013007031252,18.965,23.6
2023-06-28,14.953161621093784,21.453161621093784,15.153161621093773,20.85316162109376,18.960017621093755,19.654,25.0
2023-06-29,15.518774414062534,23.41877441406251,17.018774414062534,22.018774414062534,20.39831191406256,21.093,28.3
2023-06-30,17.60102539062501,26.701025390625034,18.60102539062501,25.401025390625023,23.207377890625025,23.902,32.8
2023-07-01,17.798437500000034,28.098437500000045,18.998437500000023,26.098437500000045,24.087553500000013,24.782,34.7
2023-07-02,17.99628906250001,27.296289062500023,18.896289062500045,24.49628906250001,23.546798562499987,24.241,33.2
2023-07-03,17.068286132812545,25.16828613281251,17.66828613281251,22.768286132812534,21.894299132812478,22.589,29.7
2023-07-04,15.625000000000057,22.325000000000045,16.725000000000023,20.625000000000057,19.69193800000005,20.386,26.3
2023-07-05,15.283251953125045,20.983251953125034,16.083251953125057,19.183251953125023,18.69273095312508,19.387,23.8
2023-07-06,14.897412109375011,19.997412109375034,15.497412109375034,17.89741210937501,17.88320260937502,18.578,21.1
2023-07-07,13.938183593750011,17.43818359375001,15.038183593750034,16.638183593750057,16.109454093749946,16.804,18.5
2023-07-08,14.149975585937511,17.64997558593751,15.249975585937534,16.749975585937534,16.309653585937554,17.004,18.7
2023-07-09,14.903051757812534,19.103051757812523,15.303051757812511,17.103051757812523,17.324023757812483,18.018,20.7
2023-07-10,16.01142578125001,21.01142578125001,16.111425781250034,21.611425781250034,19.21293628125005,19.907,25.9
2023-07-11,16.342553710937523,24.442553710937545,17.742553710937557,24.642553710937534,21.52561571093753,22.22,29.4
2023-07-12,15.776916503906307,23.476916503906295,15.776916503906307,21.776916503906307,20.39234400390626,21.087,27.9
2023-07-13,15.590478515625023,23.79047851562501,15.690478515625045,21.490478515625057,20.455806515625,21.15,27.5
2023-07-14,17.774218750000045,24.474218750000034,17.174218750000023,23.474218750000034,21.80406075000002,22.498,31.2
2023-07-15,18.806005859375034,25.20600585937501,18.20600585937501,25.106005859375045,22.752680359375063,23.447,33.3
2023-07-16,16.623278808593795,27.72327880859376,18.523278808593773,25.323278808593784,23.414713308593832,24.109,32.4
2023-07-17,16.287084960937534,25.68708496093751,18.087084960937545,24.68708496093751,22.17135896093754,22.866,29.3
2023-07-18,15.113916015625023,21.713916015625045,15.213916015625045,20.413916015625034,19.095169015625004,19.79,24.1
2023-07-19,15.650000000000034,21.950000000000045,15.850000000000023,21.350000000000023,19.531856000000005,20.226,24.8
2023-07-20,16.732629394531273,24.132629394531307,16.732629394531273,22.43262939453126,21.160556894531226,21.855,29.7
2023-07-21,17.40528564453126,26.305285644531295,17.005285644531284,24.105285644531307,22.684928644531226,23.379,32.4
2023-07-22,17.350000000000023,26.650000000000034,17.350000000000023,24.55000000000001,22.919057500000008,23.613,32.9
2023-07-23,16.04694824218751,24.346948242187523,15.946948242187545,21.54694824218751,20.902902742187507,21.597,28.3
2023-07-24,15.945605468750045,23.745605468750057,15.845605468750023,21.945605468750045,20.60498496874999,21.299,27.1
2023-07-25,16.772155761718807,24.372155761718773,16.772155761718807,23.07215576171876,21.371453261718727,22.066,29.6
2023-07-26,15.050439453125023,22.050439453125023,15.150439453125045,19.650439453125045,19.154174953124993,19.849,25.0
2023-07-27,15.471606445312545,21.771606445312557,15.171606445312534,19.771606445312557,19.156389945312526,19.851,24.7
2023-07-28,15.648828125000023,23.148828125000023,15.348828125000011,21.34882812500001,20.106796625000015,20.801,27.5
2023-07-29,15.472009277343773,23.472009277343773,15.372009277343807,21.17200927734376,20.1984262773438,20.893,27.2
2023-07-30,16.070849609375045,24.370849609375057,15.970849609375023,22.270849609375034,21.007951609375027,21.702,28.9
2023-07-31,15.250048828125045,22.750048828125045,15.150048828125023,20.950048828125034,19.721928328125045,20.416,26.0
2023-08-01,14.986059570312534,21.086059570312557,15.286059570312545,19.086059570312557,18.587576070312537,19.282,23.0
2023-08-02,15.048120117187523,19.548120117187523,15.048120117187523,19.24812011718751,17.82584261718756,18.52,21.5
2023-08-03,16.02833251953126,20.52833251953126,15.728332519531307,18.428332519531295,18.576523519531236,19.271,22.5
2023-08-04,16.15522460937501,22.15522460937501,16.055224609375045,21.555224609375045,19.828714109375028,20.523,26.9
2023-08-05,17.418310546875034,22.918310546875034,17.018310546875057,23.418310546875034,20.885951046874993,21.58,29.4
2023-08-06,18.410559082031284,25.710559082031295,17.81055908203126,24.31055908203126,22.76903108203129,23.463,32.0
2023-08-07,16.640173339843784,25.140173339843784,16.840173339843773,23.54017333984376,21.78110433984375,22.476,29.7
2023-08-08,15.850000000000023,21.250000000000057,16.55000000000001,20.350000000000023,19.16935600000005,19.864,22.0
2023-08-09,15.746594238281261,22.046594238281273,17.146594238281295,22.146594238281295,19.793063738281262,20.487,22.8
2023-08-10,16.304589843750023,21.50458984375001,16.804589843750023,20.904589843750045,19.51981234375006,20.214,23.3
2023-08-11,16.11726074218751,22.11726074218751,16.417260742187523,21.317260742187557,19.79538724218753,20.49,24.6
2023-08-12,18.042541503906307,23.84254150390626,18.642541503906273,23.34254150390626,21.65131200390624,22.346,28.8
2023-08-13,19.39729003906251,25.697290039062523,19.697290039062523,24.697290039062523,23.239731539062518,23.934,31.0
2023-08-14,18.749609375000034,25.849609375000057,18.64960937500001,23.64960937500001,22.92511887500001,23.62,30.5
2023-08-15,20.880615234375057,26.980615234375023,20.880615234375057,26.380615234375057,24.62356023437502,25.318,32.8
2023-08-16,20.44819335937501,27.048193359375034,20.44819335937501,25.44819335937501,24.387713359375027,25.082,32.9
2023-08-17,19.335986328125045,24.93598632812501,19.135986328125057,22.835986328125045,22.578632828125023,23.273,30.2
2023-08-18,18.029943847656284,24.129943847656307,19.329943847656295,23.629943847656307,21.874902847656358,22.569,27.0
2023-08-19,17.752978515625045,24.052978515625057,18.752978515625045,23.152978515625023,21.655701015625027,22.35,28.6
2023-08-20,17.381689453125034,23.181689453125045,17.881689453125034,19.981689453125057,20.670506953125027,21.365,25.6
2023-08-21,18.700415039062534,23.10041503906251,20.200415039062534,23.300415039062557,21.577932539062544,22.272,25.3
2023-08-22,18.459375000000023,22.959375000000023,19.15937500000001,22.959375000000023,21.32056350000005,22.015,27.4
2023-08-23,22.701647949218795,24.701647949218795,21.201647949218795,26.201647949218795,24.021202949218832,24.716,30.0
2023-08-24,19.05000000000001,25.650000000000034,19.950000000000045,24.450000000000045,23.098489500000028,23.793,29.0
2023-08-25,18.654931640625023,23.254931640625045,19.054931640625057,22.254931640625045,21.441828640625033,22.136,27.9
2023-08-26,18.696508789062534,24.496508789062545,18.796508789062557,23.59650878906251,22.22413178906254,22.919,28.8
2023-08-27,18.882385253906307,24.482385253906273,18.582385253906295,23.382385253906307,22.234001253906285,22.928,28.7
2023-08-28,18.251184082031273,24.95118408203126,18.351184082031295,23.751184082031273,22.30652958203126,23.001,28.6
2023-08-29,18.06672363281251,23.666723632812534,19.766723632812557,22.866723632812523,21.592227132812525,22.287,26.7
2023-08-30,24.138208007812523,25.538208007812557,21.938208007812534,29.938208007812534,25.370257007812597,26.065,29.9
2023-08-31,16.465747070312545,21.665747070312534,17.56574707031251,22.165747070312534,19.850220070312503,20.545,22.5
2023-09-01,16.437890625000023,19.13789062500001,16.837890625000057,18.337890625000057,18.060472625000045,18.755,20.5
2023-09-02,17.867907714843795,18.067907714843784,18.567907714843784,21.267907714843773,18.41255621484379,19.107,21.0
2023-09-03,17.556982421875034,20.856982421875045,18.356982421875045,20.556982421875034,19.640348921875045,20.335,23.3
2023-09-04,16.177270507812523,21.577270507812557,16.37727050781251,20.977270507812534,19.496626507812607,20.191,25.4
2023-09-05,17.05708007812501,21.957080078125045,17.757080078125057,22.657080078125034,20.24941607812508,20.944,25.5
2023-09-06,16.594409179687545,22.594409179687545,18.594409179687545,22.394409179687557,20.46033417968755,21.155,24.9
2023-09-07,16.904943847656284,22.504943847656307,17.704943847656295,22.504943847656307,20.460587847656313,21.155,26.0
2023-09-08,17.913427734375034,22.713427734375045,18.413427734375034,23.113427734375023,20.994575234375077,21.689,27.7
2023-09-09,17.298437500000034,23.098437500000045,16.898437500000057,22.098437500000045,20.779690500000015,21.474,26.8
2023-09-10,17.350000000000023,22.950000000000045,17.350000000000023,22.450000000000045,20.79203750000005,21.486,27.7
2023-09-11,17.294824218750023,23.294824218750023,17.49482421875001,22.794824218750023,21.00077271875,21.695,26.9
2023-09-12,16.38947753906251,21.489477539062534,16.88947753906251,21.589477539062557,19.62334753906248,20.318,23.1
2023-09-13,16.950000000000045,21.650000000000034,17.650000000000034,22.650000000000034,20.052113500000075,20.747,25.4
2023-09-14,17.250000000000057,22.850000000000023,18.750000000000057,22.850000000000023,20.854332500000055,21.549,26.2
2023-09-15,18.03156738281251,22.431567382812545,18.331567382812523,22.131567382812534,20.767656382812504,21.462,25.9
2023-09-16,17.395629882812557,21.69562988281251,18.095629882812545,20.295629882812534,19.969523382812497,20.664,24.3
2023-09-17,17.462939453125045,21.56293945312501,18.06293945312501,20.06293945312501,19.893284953125033,20.588,23.1
2023-09-18,18.14497070312501,21.544970703125045,18.744970703125034,21.344970703125057,20.28851870312502,20.983,24.7
2023-09-19,16.329150390625045,21.329150390625045,17.129150390625057,19.829150390625045,19.33590689062504,20.03,24.1
2023-09-20,16.279589843750045,21.479589843750034,17.87958984375001,20.679589843750023,19.548137843750055,20.243,23.0
2023-09-21,16.713623046875057,19.813623046875023,17.413623046875045,20.413623046875045,18.769366546875005,19.464,23.7
2023-09-22,16.367773437500034,19.367773437500034,17.167773437500045,19.967773437500057,18.367972437500043,19.062,22.0
2023-09-23,15.754296875000023,20.154296875000057,16.854296875000045,19.95429687500001,18.55762237500005,19.252,21.9
2023-09-24,16.713037109375023,20.813037109375045,17.313037109375045,19.41303710937501,19.154975109375016,19.849,23.3
2023-09-25,17.272509765625045,21.37250976562501,18.572509765625057,20.672509765625023,19.844283765624994,20.539,22.5
2023-09-26,18.64960937500001,20.64960937500001,18.549609375000045,21.049609375000045,19.939023874999975,20.633,23.6
2023-09-27,18.11054687500001,20.61054687500001,19.11054687500001,20.810546875000057,19.765786875000003,20.46,23.4
2023-09-28,18.93476562500001,19.93476562500001,17.334765625000045,20.634765625000057,19.529625124999995,20.224,24.0
2023-09-29,16.470874023437545,19.270874023437557,17.07087402343751,18.770874023437557,18.204644523437537,18.899,20.5
2023-09-30,13.970849609375023,14.370849609375057,15.970849609375023,16.970849609375023,14.661364609375141,15.356,15.9
2023-10-01,19.38862304687501,19.288623046875045,18.788623046875045,22.288623046875045,19.632165046875116,20.327,22.0
2023-10-02,17.900976562500034,19.000976562500057,17.600976562500023,20.900976562500034,18.787867562500082,19.482,22.5
2023-10-03,19.979052734375045,19.879052734375023,18.679052734375034,22.679052734375034,20.150721234375055,20.845,23.3
2023-10-04,22.965869140625045,23.865869140625023,22.765869140625057,26.765869140625057,23.850640640625045,24.545,26.1
2023-10-05,26.23457031250001,26.434570312500057,23.934570312500057,27.73457031250001,26.350296312500006,27.045,28.7
2023-10-06,26.859948730468773,26.459948730468795,24.459948730468795,28.859948730468773,26.721236730468775,27.416,29.6
2023-10-07,24.611352539062523,26.211352539062545,22.711352539062545,28.111352539062523,25.699455539062512,26.394,31.0
2023-10-08,18.555346679687545,24.955346679687523,18.255346679687534,23.65534667968751,22.383777679687512,23.078,29.2
2023-10-09,15.926953125000011,18.326953125000045,16.826953125000045,17.126953125000057,17.350442625000028,18.045,18.9
2023-10-10,16.164233398437545,19.164233398437545,16.864233398437534,18.364233398437534,17.99518189843758,18.69,21.0
2023-10-11,16.098437500000045,17.298437500000034,17.298437500000034,18.69843750000001,17.09419850000006,17.789,19.6
2023-10-12,19.750000000000057,19.350000000000023,18.55000000000001,22.150000000000034,19.741124000000013,20.436,21.0
2023-10-13,16.218994140625057,20.118994140625034,16.318994140625023,19.51899414062501,18.593894640625024,19.288,23.3
2023-10-14,16.722338867187545,20.622338867187523,17.82233886718751,20.222338867187545,19.189979367187505,19.884,22.8
2023-10-15,19.638940429687523,21.238940429687545,19.33894042968751,22.438940429687534,20.75718392968753,21.452,25.2
2023-10-16,18.229150390625023,20.229150390625023,17.829150390625045,20.42915039062501,19.47451339062502,20.169,23.1
2023-10-17,20.518188476562557,20.618188476562523,18.718188476562545,22.718188476562545,20.698931976562562,21.393,23.1
2023-10-18,24.126831054687557,24.126831054687557,22.326831054687545,26.326831054687545,24.25666705468757,24.951,25.1
2023-10-19,26.179443359375057,26.579443359375034,23.379443359375045,28.379443359375045,26.443354359375007,27.138,28.2
2023-10-20,15.653930664062557,22.253930664062523,17.753930664062523,21.45393066406251,19.832256164062585,20.527,24.4
2023-10-21,16.51850585937501,18.918505859375045,16.918505859375045,18.218505859375057,17.96518035937504,18.66,19.6
2023-10-22,16.258325195312523,18.558325195312534,17.358325195312545,18.858325195312545,17.80711319531258,18.502,19.7
2023-10-23,16.250244140625057,19.950244140625045,16.850244140625023,19.05024414062501,18.500144640625024,19.195,22.2
2023-10-24,17.883203125000023,19.883203125000023,17.683203125000034,20.783203125000057,19.22362462500007,19.918,23.9
2023-10-25,15.097680664062523,16.79768066406251,15.397680664062534,16.397680664062534,16.13467716406251,16.829,17.7
2023-10-26,15.364941406250011,14.664941406250023,14.064941406250057,17.264941406250045,15.138424906250066,15.833,16.2
2023-10-27,13.588647460937523,15.888647460937534,13.588647460937523,15.588647460937523,14.991369960937561,15.686,17.6
2023-10-28,16.379394531250057,15.079394531250045,15.279394531250034,17.879394531250057,15.814974031250017,16.509,16.2
2023-10-29,17.034570312500023,16.23457031250001,16.834570312500034,18.73457031250001,16.810471812500055,17.505,16.6
2023-10-30,18.808276367187545,17.608276367187557,16.708276367187523,19.308276367187545,18.109283367187516,18.804,18.4
2023-10-31,19.418920898437534,18.618920898437523,16.918920898437534,20.31892089843751,18.94210589843749,19.637,18.8
2023-11-01,20.416967773437534,19.116967773437523,18.31696777343751,21.716967773437545,19.75980727343756,20.454,20.1
2023-11-02,19.655156250000005,20.245156250000036,18.08515625000001,20.82515625000002,19.98194140000004,20.676,22.6
2023-11-03,19.904941406250032,20.83494140625004,18.194941406250052,21.404941406250032,20.433329606250027,21.128,23.5
2023-11-04,17.09052734375001,19.480527343750055,16.390527343750023,19.410527343750005,18.527474093750072,19.222,23.0
2023-11-05,16.829516601562545,19.629516601562557,17.129516601562557,19.129516601562557,18.542420601562526,19.237,21.6
2023-11-06,15.487255859375011,18.587255859375034,16.587255859375034,18.087255859375034,17.44330385937502,18.138,19.5
2023-11-07,14.378100585937545,15.278100585937523,14.878100585937545,15.278100585937523,14.975378085937564,15.67,16.9
2023-11-08,16.755615234375057,15.955615234375045,15.655615234375034,18.05561523437501,16.42254723437503,17.117,17.1
2023-11-09,15.520727539062534,15.120727539062557,14.420727539062511,16.220727539062523,15.321734539062561,16.016,17.3
2023-11-10,15.906958007812534,16.30695800781251,15.206958007812545,16.906958007812534,16.177824507812545,16.872,18.9
2023-11-11,17.094384765625023,16.494384765625057,15.694384765625045,18.194384765625045,16.819080265625075,17.513,18.4
2023-11-12,15.827856445312534,18.927856445312557,16.327856445312534,18.627856445312545,17.765356445312534,18.46,21.2
2023-11-13,14.250351562500043,17.230351562500005,15.190351562500041,16.010351562500034,16.036804762500026,16.731,18.6
2023-11-14,16.495234375000052,17.845234375000018,15.555234375000055,17.63523437500004,17.249258424999994,17.944,19.5
2023-11-15,15.742167968750039,15.052167968750041,14.75216796875003,15.032167968750002,15.239740018750012,15.934,15.5
2023-11-16,16.606420898437534,16.706420898437557,15.206420898437557,16.806420898437523,16.583136398437546,17.278,17.1
2023-11-17,16.558837890625057,17.458837890625034,16.658837890625023,18.85883789062501,17.290588390625032,17.985,19.1
2023-11-18,14.957031250000057,16.857031250000034,15.857031250000034,16.457031250000057,16.160760750000065,16.855,18.0
2023-11-19,13.506542968750011,12.706542968750057,13.286542968750041,14.066542968750014,13.148898868750052,13.843,14.1
2023-11-20,15.157128906250023,14.397128906250032,15.34712890625002,15.707128906250034,14.847206106250042,15.542,15.1
2023-11-21,16.045351562500002,15.705351562500027,14.545351562500002,16.25535156250004,15.792277812500004,16.487,16.0
2023-11-22,16.960585937500014,15.930585937500041,14.930585937500041,17.280585937500007,16.332138037500044,17.027,17.1
2023-11-23,16.734277343750023,16.074277343750055,15.574277343750055,17.774277343750043,16.438166043750073,17.133,17.4
2023-11-24,13.719062500000007,13.369062500000041,13.539062500000057,14.689062500000034,13.640813600000058,14.335,14.4
2023-11-25,13.312558593750055,12.242558593750005,12.482558593750014,13.392558593750039,12.719391693750026,13.414,13.1
2023-11-26,13.800410156250052,13.21041015625002,12.560410156250043,14.120410156250045,13.450903706250074,14.145,13.4
2023-11-27,14.639921875000027,14.279921875000014,12.98992187500005,15.149921875000018,14.401010875000054,15.095,13.9
2023-11-28,14.839824218750039,15.999824218750007,13.559824218750009,15.629824218750002,15.432901568749969,16.127,17.6
2023-11-29,13.506210937500043,13.706210937500032,12.566210937500045,13.776210937500025,13.573943987500058,14.268,13.8
2023-11-30,13.131855468750018,13.94185546875002,13.761855468750014,14.391855468750009,13.73409136875,14.428,15.0
2023-12-01,12.613574218750045,12.373574218750036,13.073574218750025,12.433574218750039,12.50252501875002,13.197,13.8
2023-12-02,13.669550781250052,15.82955078125002,14.399550781250014,14.969550781250007,14.970630431250072,15.665,16.6
2023-12-03,14.767871093750045,15.217871093750034,14.907871093750032,15.047871093750018,15.039151543750052,15.734,16.8
2023-12-04,15.737460937500032,14.987460937500032,14.597460937500045,16.22746093750004,15.333165237500054,16.028,16.5
2023-12-05,16.614902343750032,16.144902343750005,15.05490234375003,17.31490234375002,16.34827879375007,17.043,16.9
2023-12-06,13.959746093750027,16.109746093750005,14.52974609375002,15.829746093750032,15.310683443750008,16.005,16.8
2023-12-07,13.41183593750003,13.811835937500007,13.571835937500055,13.901835937500039,13.68339798750003,14.378,14.7
2023-12-08,11.783359375000032,10.993359375000011,10.943359375000057,12.613359375000016,11.418981675000055,12.113,12.3
2023-12-09,12.850390625000045,11.340390625000055,12.020390625000005,12.890390625000009,12.028593725000064,12.723,12.4
2023-12-10,13.728378906250043,12.358378906250039,11.958378906250005,13.268378906250007,12.854508306250068,13.549,13.1
2023-12-11,13.597402343750048,13.477402343750043,12.287402343750045,13.497402343750025,13.433603793750024,14.128,15.2
2023-12-12,14.764785156250014,13.644785156250009,13.364785156250036,15.304785156250034,14.159843656250018,14.854,15.1
2023-12-13,14.124804687500045,13.384804687500036,13.054804687500052,14.604804687500007,13.72930933750007,14.424,13.8
2023-12-14,14.258554687500009,13.748554687500018,12.698554687500007,14.29855468750003,13.895057637500031,14.589,13.7
2023-12-15,14.577519531250005,13.957519531250057,13.207519531250057,14.517519531250002,14.15964718125008,14.854,13.8
2023-12-16,16.06486328125004,15.694863281250036,13.894863281250025,16.324863281250032,15.755711681250034,16.45,15.2
2023-12-17,13.370058593750002,12.410058593750023,12.220058593750025,12.720058593750025,12.726007093750013,13.42,13.1
2023-12-18,14.680859375000011,15.000859375000005,14.92085937500002,14.16085937500003,14.800175575000026,15.495,16.6
2023-12-19,14.415781250000009,16.395781250000027,15.20578125000003,16.315781250000043,15.698955699999999,16.393,17.3
2023-12-20,13.507753906250002,12.567753906250005,13.277753906250041,12.787753906250032,12.929759756250007,13.624,13.8
2023-12-21,14.684082031250057,14.25408203125005,14.164082031250018,15.564082031250052,14.531025181250016,15.225,14.7
2023-12-22,13.83443359375002,16.34443359375001,14.57443359375003,15.284433593750009,15.331773793750017,16.026,17.8
2023-12-23,13.404277343750039,12.754277343750005,12.594277343750036,14.054277343750016,13.092390293750043,13.787,14.4
2023-12-24,12.639628906250039,12.90962890625002,12.009628906250043,12.379628906250048,12.703119006250063,13.398,14.1
2023-12-25,13.095092773437557,12.695092773437523,12.195092773437523,13.395092773437511,12.86364077343751,13.558,13.7
2023-12-26,13.657373046875023,13.557373046875057,12.757373046875045,14.057373046875057,13.59023604687502,14.285,13.9
2023-12-27,13.715771484375011,14.415771484375057,14.415771484375057,13.715771484375011,14.120812484375051,14.815,15.1
2023-12-28,15.216015625000011,15.73601562500005,14.136015625000027,15.966015625000011,15.492558975000065,16.187,15.7
2023-12-29,15.080703125000014,17.340703125000005,16.21070312500001,17.340703125000005,16.571800274999987,17.266,18.3
2023-12-30,13.073593750000043,13.00359375000005,13.633593750000045,13.993593750000002,13.183560300000067,13.878,
2023-12-31,12.745117187500057,12.735117187500009,12.655117187500025,13.335117187500032,12.802162237500056,13.497,
2024-01-01,13.66769531250003,12.857695312500027,12.797695312500025,13.607695312500027,13.187876212500043,13.882,
2024-01-02,13.385683593750002,14.965683593750043,14.035683593750036,13.835683593750048,14.287399093750025,14.982,
2024-01-03,11.984648437500027,11.594648437500041,12.344648437500041,11.894648437500052,11.80071573750007,12.495,
2024-01-04,12.125410156250041,11.61541015625005,11.905410156250014,11.375410156250041,11.763536056250018,12.458,
2024-01-05,14.055546875000005,12.125546875000055,12.47554687500002,14.175546875000009,12.977046225000038,13.671,
2024-01-06,11.951796875000014,11.721796875000052,11.891796875000011,11.891796875000011,11.823580825000022,12.518,
2024-01-07,9.384746093750039,8.284746093750016,8.484746093750005,9.074746093750036,8.726227343749997,9.421,
2024-01-08,10.425136718750025,10.005136718750009,9.915136718750034,9.705136718750055,10.092386168750068,10.787,
2024-01-09,11.357055664062557,10.957055664062523,12.157055664062511,11.857055664062557,11.267032164062584,11.961,
2024-01-10,12.093017578125057,12.293017578125045,12.393017578125011,12.493017578125034,12.262069078125023,12.956,
2024-01-11,9.602460937500041,9.632460937500014,9.512460937500009,9.412460937500043,9.589447487500024,10.284,
2024-01-12,10.607460937500036,10.547460937500034,10.127460937500018,10.377460937500018,10.51686728750002,11.211,
2024-01-13,11.570332031250018,11.280332031250055,12.030332031250055,11.16033203125005,11.407166331250039,12.102,
2024-01-14,12.78072265625002,13.140722656250034,12.950722656250036,13.650722656250025,13.076668756250058,13.771,
2024-01-15,13.095683593750039,12.545683593750027,12.085683593750048,12.745683593750016,12.704868043750025,13.399,
2024-01-16,12.902128906250027,12.422128906250009,11.732128906250011,10.50212890625005,12.298173556250049,12.993,
2024-01-17,13.411562500000002,13.831562500000018,13.441562500000032,14.191562500000032,13.717882150000037,14.412,
2024-01-18,13.679843750000032,13.059843750000027,12.569843750000018,13.65984375000005,13.28469270000005,13.979,
2024-01-19,13.265996093750005,14.775996093750052,12.595996093750045,14.775996093750052,14.163144243750025,14.858,14.8
2024-01-20,13.574238281250018,14.294238281250045,14.354238281250048,14.474238281250052,14.099357681250012,14.794,15.4
2024-01-21,13.064726562500027,14.574726562500018,13.844726562500057,14.054726562500036,14.002448462500013,14.697,15.0
2024-01-22,14.19894531250003,14.94894531250003,14.518945312500023,14.858945312500055,14.67951966250007,15.374,17.3
2024-01-23,13.451406250000048,13.23140625000002,13.141406250000045,14.01140625000005,13.38276570000005,14.077,15.4
2024-01-24,12.212636718750048,12.472636718750039,12.392636718750055,12.162636718750036,12.351719868750024,13.046,13.5
2024-01-25,13.215429687500034,13.625429687500002,12.995429687500007,13.545429687500018,13.447103587500067,14.142,15.5
2024-01-26,14.668281250000007,14.428281250000055,13.228281250000009,14.388281250000034,14.41348505000002,15.108,15.4
2024-01-27,15.816054687500014,15.316054687500014,13.716054687500048,15.426054687500027,15.3702409375,16.065,16.1
2024-01-28,17.604726562500048,17.564726562500027,15.704726562500014,17.744726562500034,17.46843856250007,18.163,18.5
2024-01-29,16.81910156250001,18.89910156250005,16.389101562500002,18.559101562500018,18.049778412500018,18.744,21.3
2024-01-30,14.861250000000041,18.211250000000007,15.801250000000039,16.881250000000023,16.866201450000005,17.561,20.3
2024-01-31,13.51921875000005,14.409218750000036,14.299218750000023,14.389218750000055,14.127403150000077,14.822,15.4
2024-02-01,12.777343750000057,13.727343750000045,13.437343750000025,13.387343750000014,13.377585550000049,14.072,15.0
2024-02-02,11.517382812500045,12.157382812500032,11.987382812500016,12.217382812500034,11.957029162500021,12.651,13.4
2024-02-03,11.549941406250014,11.599941406250025,11.339941406250034,11.97994140625002,11.61063635625004,12.305,12.8
2024-02-04,13.758125000000007,13.998125000000016,14.538125000000036,12.128125000000011,13.745598150000035,14.44,15.9
2024-02-05,12.499550781250036,13.209550781250016,13.239550781250045,13.009550781250027,12.971586481250085,13.666,14.5
2024-02-06,11.689316406250043,11.139316406250032,11.009316406250036,12.08931640625002,11.408397756249997,12.103,13.0
2024-02-07,10.358945312500055,9.23894531250005,11.608945312500055,10.128945312500036,9.84906231250011,10.543,10.3
2024-02-08,10.451113281250002,10.941113281250011,10.43111328125002,10.281113281250043,10.679461681250018,11.374,12.3
2024-02-09,10.579394531250045,10.559394531250007,9.969394531250032,10.369394531250009,10.502440231250034,11.197,12.5
2024-02-10,12.945078125000009,11.445078125000009,11.655078125000045,12.875078125000016,12.083624925000038,12.778,13.4
2024-02-11,12.68990234375002,11.889902343750009,11.319902343750016,12.489902343750032,12.16416699375003,12.859,13.2
2024-02-12,13.125605468750052,12.445605468750045,11.755605468750048,13.02560546875003,12.672551618750049,13.367,14.1
2024-02-13,13.011572265625034,13.711572265625023,13.111572265625057,13.411572265625011,13.42125026562502,14.116,16.1
2024-02-14,13.210195312500048,15.150195312500045,14.260195312500002,14.780195312500041,14.452835812500041,15.147,16.2
2024-02-15,13.683847656250009,14.113847656250016,13.373847656250007,14.063847656250005,13.925239356250017,14.62,15.0
2024-02-16,14.985332031250039,14.845332031250052,13.925332031250036,15.735332031250039,14.927276981250031,15.622,15.8
2024-02-17,12.327968750000025,12.827968750000025,13.507968750000032,13.117968750000045,12.756161900000052,13.451,13.9
2024-02-18,15.511777343750055,17.471777343750034,16.431777343750014,16.321777343750057,16.667454193750075,17.362,19.4
2024-02-19,13.333447265625011,14.633447265625023,14.333447265625011,14.333447265625011,14.18072476562503,14.875,15.8
2024-02-20,13.029125976562511,14.529125976562511,13.829125976562523,14.029125976562511,13.96430747656251,14.659,16.0
2024-02-21,12.377319335937557,14.077319335937545,13.277319335937534,13.377319335937557,13.421271335937547,14.116,15.7
2024-02-22,13.290991210937534,13.690991210937511,12.990991210937523,14.590991210937545,13.624457210937521,14.319,16.0
2024-02-23,13.938046875000055,13.728046875000018,13.31804687500005,14.148046875000034,13.812361275,14.507,14.3
2024-02-24,17.008535156250048,17.158535156250025,15.748535156250057,17.388535156250043,17.041308606250027,17.736,18.3
2024-02-25,13.843769531250018,16.39376953125003,14.853769531250009,15.983769531250005,15.460240831250019,16.155,19.0
2024-02-26,11.917553710937511,12.617553710937557,12.017553710937534,10.417553710937511,12.106974210937551,12.801,13.3
2024-02-27,12.455468750000023,11.855468750000057,11.255468750000034,13.455468750000023,12.18248275000002,12.877,13.4
2024-02-28,13.177612304687557,14.577612304687534,13.277612304687523,14.377612304687545,14.036382804687548,14.731,17.9
2024-02-29,12.320825195312523,11.720825195312557,13.020825195312511,12.420825195312545,12.075661195312534,12.77,12.9
2024-03-01,11.829101562500057,12.629101562500011,11.929101562500023,11.829101562500057,12.243317062499955,12.938,13.5
2024-03-02,9.750000000000057,9.650000000000034,9.650000000000034,8.550000000000011,9.553027000000043,10.247,10.8
2024-03-03,10.850952148437557,11.050952148437545,10.850952148437557,10.650952148437511,10.929582148437532,11.624,12.2
2024-03-04,11.01287109375005,11.422871093750018,11.662871093750027,11.602871093750025,11.335198343749994,12.03,12.6
2024-03-05,13.297851562500057,14.437851562500043,14.177851562500052,14.57785156250003,14.08778946250004,14.782,16.1
2024-03-06,13.456933593750023,13.156933593750011,13.376933593750039,13.836933593750018,13.342698193750039,14.037,16.3
2024-03-07,11.928857421875023,12.728857421875034,12.328857421875057,12.928857421875023,12.47986442187505,13.174,15.4
2024-03-08,14.862744140625011,14.762744140625045,14.062744140625057,15.662744140625023,14.848932640625037,15.543,16.6
2024-03-09,12.249975585937534,14.449975585937523,12.749975585937534,13.549975585937545,13.555420585937497,14.25,15.3
2024-03-10,12.004174804687523,14.104174804687545,12.904174804687557,13.504174804687523,13.309719304687519,14.004,15.0
2024-03-11,11.950000000000045,13.150000000000034,12.250000000000057,12.750000000000057,12.674496500000032,13.369,15.6
2024-03-12,13.274218750000045,14.274218750000045,13.674218750000023,13.674218750000023,13.85748575000008,14.552,15.4
2024-03-13,12.727294921875057,12.227294921875057,12.127294921875034,14.027294921875011,12.581726921875031,13.276,14.5
2024-03-14,15.778735351562545,15.278735351562545,15.978735351562534,16.178735351562523,15.584478851562551,16.279,17.0
2024-03-15,17.239672851562545,16.83967285156251,17.539672851562557,17.939672851562534,17.138056851562567,17.832,18.5
2024-03-16,14.465966796875023,16.865966796875057,15.665966796875011,16.965966796875023,16.061025296875073,16.755,20.1
2024-03-17,14.250610351562557,16.450610351562545,15.450610351562545,17.250610351562557,15.801816351562536,16.496,21.5
2024-03-18,16.797412109375045,16.597412109375057,16.39741210937501,18.39741210937501,16.853255109375027,17.548,20.7
2024-03-19,14.011791992187511,16.411791992187545,13.611791992187534,16.411791992187545,15.483969992187554,16.178,21.6
2024-03-20,13.314672851562534,16.514672851562523,13.814672851562534,15.414672851562557,15.221932851562542,15.916,19.9
2024-03-21,14.250000000000057,16.850000000000023,15.150000000000034,16.05000000000001,15.844859500000041,16.539,19.8
2024-03-22,13.547167968750045,16.847167968750057,15.247167968750034,15.847167968750057,15.611986468750047,16.306,17.7
2024-03-23,12.015429687500045,13.115429687500011,13.015429687500045,13.415429687500023,12.807262187500044,13.502,14.5
2024-03-24,11.577612304687534,12.577612304687534,12.877612304687545,14.077612304687534,12.46692130468756,13.161,14.1
2024-03-25,11.732641601562534,13.432641601562523,12.532641601562545,13.432641601562523,12.850785601562507,13.545,14.9
2024-03-26,12.950000000000045,13.950000000000045,12.950000000000045,14.550000000000011,13.644555000000025,14.339,18.1
2024-03-27,12.550000000000011,16.150000000000034,13.950000000000045,14.650000000000034,14.723489500000028,15.418,17.3
2024-03-28,11.853027343750057,13.353027343750057,12.553027343750045,13.153027343750011,12.816030843750013,13.51,14.9
2024-03-29,8.869409179687523,8.369409179687523,9.169409179687534,9.069409179687511,8.65892317968752,9.353,9.2
2024-03-30,13.074438476562534,13.374438476562545,11.774438476562523,13.474438476562511,13.18310947656255,13.878,14.2
2024-03-31,12.384545898437523,15.284545898437557,13.684545898437534,15.184545898437534,14.275874898437564,14.97,16.9
2024-04-01,16.36030273437501,16.160302734375023,15.960302734375034,17.760302734375045,16.392960734375038,17.087,18.3
2024-04-02,15.105273437500045,17.805273437500034,16.20527343750001,18.605273437500045,16.96202393750002,17.656,23.3
2024-04-03,11.755993652343761,14.455993652343807,13.155993652343795,13.955993652343807,13.482908152343782,14.177,16.0
2024-04-04,9.112292480468795,9.212292480468761,9.712292480468761,9.712292480468761,9.274487980468791,9.969,9.9
2024-04-05,10.179406738281273,9.779406738281295,10.479406738281284,9.679406738281273,9.938680738281278,10.633,11.9
2024-04-06,11.137658691406273,12.537658691406307,11.637658691406273,12.137658691406273,12.001066191406267,12.695,14.5
2024-04-07,11.495373535156261,12.295373535156273,12.495373535156261,12.995373535156261,12.146076035156284,12.84,14.9
2024-04-08,14.293505859375045,13.693505859375023,13.593505859375057,16.493505859375034,14.19440735937502,14.889,17.7
2024-04-09,17.200061035156295,17.400061035156284,17.500061035156307,18.900061035156284,17.519815035156284,18.214,22.2
2024-04-10,17.862109375000045,18.062109375000034,16.862109375000045,20.46210937500001,18.195774375000042,18.89,24.2
2024-04-11,14.162939453125034,20.06293945312501,15.062939453125011,19.262939453125057,17.820298953125018,18.515,26.0
2024-04-12,12.287109375000057,16.487109375000045,13.287109375000057,15.487109375000045,14.865739375000032,15.56,18.5
2024-04-13,8.936401367187557,9.636401367187545,9.736401367187511,10.436401367187557,9.522285367187578,10.217,10.6
2024-04-14,11.766992187500023,11.666992187500057,11.266992187500023,12.466992187500011,11.762454687500053,12.457,15.1
2024-04-15,12.021606445312557,13.921606445312534,12.521606445312557,14.221606445312545,13.278661445312537,13.973,17.7
2024-04-16,16.002319335937557,16.702319335937545,16.30231933593751,18.402319335937534,16.657758335937615,17.352,22.4
2024-04-17,17.340185546875034,17.940185546875057,16.840185546875034,20.640185546875045,17.993405546875067,18.688,23.8
2024-04-18,15.266027832031284,18.566027832031295,17.466027832031273,20.266027832031284,17.678621332031355,18.373,25.1
2024-04-19,13.710266113281307,18.710266113281307,15.110266113281284,18.01026611328126,16.85149561328126,17.546,23.4
2024-04-20,14.321899414062557,19.221899414062534,15.121899414062511,18.12189941406251,17.31252591406252,18.007,23.5
2024-04-21,15.940197753906261,18.640197753906307,17.040197753906284,21.140197753906307,17.994020753906284,18.688,26.5
2024-04-22,13.149987792968773,19.949987792968784,16.34998779296876,19.84998779296876,17.61097129296877,18.305,23.3
2024-04-23,13.204895019531307,17.204895019531307,14.404895019531295,17.204895019531307,15.788361019531294,16.483,18.9
2024-04-24,13.479431152343807,16.079431152343773,14.279431152343761,15.879431152343784,15.136890152343824,15.831,18.0
2024-04-25,12.987866210937511,15.187866210937557,13.987866210937511,15.187866210937557,14.432421210937548,15.127,17.2
2024-04-26,13.455883789062511,15.355883789062545,14.255883789062523,15.455883789062511,14.710620289062547,15.405,17.6
2024-04-27,12.738891601562557,16.638891601562534,13.738891601562557,15.938891601562545,15.16479910156255,15.859,20.3
2024-04-28,13.254345703125011,16.854345703125034,15.254345703125011,17.454345703125057,15.713010703125065,16.407,18.9
2024-04-29,13.056469726562511,16.05646972656251,15.456469726562545,17.256469726562557,15.237511726562559,15.932,19.2
2024-04-30,12.553540039062511,16.853540039062523,14.653540039062534,16.653540039062534,15.36392053906252,16.058,19.9
2024-05-01,14.042968750000057,16.642968750000023,14.742968750000045,18.642968750000023,15.948507250000034,16.643,22.2
2024-05-02,13.392944335937557,19.092944335937545,15.592944335937545,18.592944335937545,17.05050283593755,17.745,23.1
2024-05-03,12.401123046875057,18.20112304687501,13.201123046875011,17.401123046875057,15.989027046875037,16.683,22.8
2024-05-04,8.628637695312534,8.828637695312523,9.228637695312557,9.028637695312511,8.818555695312511,9.513,9.8
2024-05-05,10.873901367187557,12.973901367187523,11.973901367187523,12.973901367187523,12.26291186718754,12.957,15.3
2024-05-06,12.121923828125034,14.021923828125011,12.821923828125023,14.721923828125057,13.439259828125046,14.134,17.9
2024-05-07,13.749975585937534,13.749975585937534,13.649975585937511,16.749975585937534,14.090795085937543,14.785,18.5
2024-05-08,17.539599609375045,19.13959960937501,17.239599609375034,22.339599609375057,18.889693109375116,19.584,24.0
2024-05-09,21.183398437500045,21.983398437500057,20.883398437500034,22.883398437500034,21.766864437500033,22.461,24.6
2024-05-10,17.87421875000001,20.574218750000057,18.474218750000034,23.074218750000057,19.893264250000072,20.588,28.6
2024-05-11,15.648718261718784,21.448718261718795,16.948718261718795,21.648718261718784,19.387324761718844,20.082,28.6
2024-05-12,15.037353515625057,21.33735351562501,15.337353515625011,19.33735351562501,18.763870015625002,19.458,26.9
2024-05-13,13.346618652343807,18.946618652343773,14.046618652343795,16.846618652343807,16.651864652343818,17.346,24.1
2024-05-14,13.350000000000023,19.55000000000001,15.550000000000011,18.750000000000057,17.285281000000055,17.98,24.0
2024-05-15,13.791479492187534,19.791479492187534,15.991479492187523,18.69147949218751,17.566982992187548,18.261,24.3
2024-05-16,14.399072265625023,19.999072265625045,15.899072265625023,19.899072265625023,17.991812265625015,18.686,23.0
2024-05-17,13.651293945312545,18.451293945312557,15.451293945312557,19.051293945312523,16.846047945312534,17.54,21.9
2024-05-18,13.230468750000057,18.930468750000045,15.630468750000034,18.630468750000034,16.925123250000013,17.62,22.0
2024-05-19,12.776098632812534,18.576098632812545,13.576098632812545,17.776098632812534,16.364002632812515,17.058,22.6
2024-05-20,14.374267578125057,16.574267578125045,15.274267578125034,18.474267578125023,16.032124578125035,16.727,24.0
2024-05-21,16.646960449218795,19.046960449218773,16.146960449218795,20.646960449218795,18.29766294921876,18.992,26.0
2024-05-22,13.433435058593773,18.833435058593807,15.133435058593761,18.13343505859376,16.845531058593792,17.54,21.4
2024-05-23,13.818017578125023,18.618017578125034,14.818017578125023,19.118017578125034,16.945535078125033,17.64,23.3
2024-05-24,11.515808105468807,13.915808105468784,12.215808105468795,13.415808105468784,13.006534105468802,13.701,15.6
2024-05-25,11.609936523437511,14.409936523437523,11.809936523437557,12.609936523437511,13.165182523437522,13.86,15.2
2024-05-26,13.038867187500045,17.13886718750001,13.938867187500023,17.938867187500023,15.756706687500014,16.451,22.0
2024-05-27,12.806201171875045,18.306201171875045,13.806201171875045,18.806201171875045,16.371218671875056,17.066,20.8
2024-05-28,12.557836914062534,17.557836914062534,13.257836914062523,16.45783691406251,15.60400791406255,16.298,20.2
2024-05-29,15.374267578125057,17.67426757812501,14.574267578125045,19.574267578125045,16.97638107812503,17.671,23.8
2024-05-30,14.640917968750045,22.040917968750023,14.640917968750045,20.24091796875001,19.057252968749992,19.752,27.6
2024-05-31,13.540234375000011,21.340234375000023,14.340234375000023,19.740234375000057,18.285398375,18.98,24.9
2024-06-01,12.892675781250034,16.992675781250057,14.692675781250045,16.692675781250045,15.545597281250082,16.24,19.3
2024-06-02,13.654687500000023,18.154687500000023,14.954687500000034,18.554687500000057,16.603979000000038,17.298,21.7
2024-06-03,13.250000000000057,17.150000000000034,14.350000000000023,16.850000000000023,15.729233000000022,16.424,19.4
2024-06-04,16.650000000000034,23.850000000000023,17.55000000000001,22.750000000000057,21.085082,21.779,28.8
2024-06-05,16.453857421875057,25.853857421875034,16.75385742187501,24.153857421875045,22.15265142187502,22.847,32.4
2024-06-06,14.104809570312511,20.904809570312523,14.104809570312511,18.704809570312534,18.09977457031249,18.794,23.8
2024-06-07,14.106958007812523,21.106958007812523,14.306958007812511,19.906958007812534,18.356759007812514,19.051,23.3
2024-06-08,13.049340820312523,18.74934082031251,13.049340820312523,17.149340820312545,16.42636082031254,17.121,20.9
2024-06-09,13.650000000000034,18.250000000000057,13.650000000000034,16.650000000000034,16.33952000000005,17.034,20.6
2024-06-10,14.930932617187523,21.230932617187534,15.830932617187557,21.430932617187523,18.954217117187568,19.649,27.2
2024-06-11,16.595092773437557,23.695092773437523,16.595092773437557,21.995092773437534,20.83552027343751,21.53,30.4
2024-06-12,12.902795410156273,20.202795410156284,15.102795410156261,20.402795410156273,17.641501410156252,18.336,20.9
2024-06-13,12.895410156250023,18.59541015625001,14.895410156250023,19.195410156250034,16.66657515625002,17.361,20.1
2024-06-14,13.955932617187557,20.75593261718751,14.355932617187534,18.655932617187545,17.9903121171875,18.685,23.9
2024-06-15,13.945117187500045,19.445117187500045,16.645117187500034,19.645117187500034,17.5936006875001,18.288,22.6
2024-06-16,13.546362304687534,19.246362304687523,16.146362304687557,18.746362304687523,17.231742804687542,17.926,22.4
2024-06-17,16.192016601562557,18.692016601562557,14.792016601562523,20.99201660156251,17.923767101562532,18.618,24.5
2024-06-18,12.852929687500023,19.852929687500023,13.652929687500034,18.752929687500057,17.156056187499985,17.85,22.9
2024-06-19,13.315771484375034,18.915771484375057,13.515771484375023,16.815771484375034,16.586239984375027,17.281,21.7
2024-06-20,13.482324218750023,20.082324218750045,13.682324218750011,19.282324218750034,17.52849521874998,18.223,23.5
2024-06-21,14.855151367187545,21.755151367187523,15.655151367187557,21.555151367187534,19.200110367187563,19.895,27.4
2024-06-22,15.088305664062545,24.788305664062534,16.68830566406251,23.588305664062545,21.12298366406253,21.817,30.3
2024-06-23,14.174438476562557,22.274438476562523,14.274438476562523,20.274438476562523,19.012043976562495,19.706,25.0
2024-06-24,14.819384765625045,24.119384765625057,15.519384765625034,22.019384765625034,20.437130765625,21.132,29.4
2024-06-25,15.584545898437511,24.08454589843751,15.584545898437511,21.184545898437534,20.560863398437448,21.255,29.9
2024-06-26,14.055969238281307,20.155969238281273,14.955969238281284,17.85596923828126,17.664441238281313,18.359,23.0
2024-06-27,14.120629882812523,20.120629882812523,14.120629882812523,19.120629882812523,17.75470488281252,18.449,23.2
2024-06-28,14.492480468750045,21.09248046875001,15.792480468750057,20.692480468750034,18.66153196875007,19.356,26.0
2024-06-29,15.222656250000057,21.722656250000057,16.52265625000001,21.52265625000001,19.352392750000035,20.047,26.4
2024-06-30,15.128417968750057,21.628417968750057,16.128417968750057,21.228417968750023,19.21410296875007,19.909,24.6
2024-07-01,15.512133789062545,24.012133789062545,15.912133789062523,22.212133789062534,20.643790789062564,21.338,29.0
2024-07-02,20.798730468750023,27.098730468750034,19.298730468750023,28.398730468750045,24.782600468750047,25.477,35.1
2024-07-03,18.851782226562534,28.651782226562545,20.551782226562523,26.75178222656251,24.874768226562537,25.569,35.6
2024-07-04,18.615991210937523,27.515991210937557,19.615991210937523,25.31599121093751,23.993011210937482,24.687,33.8
2024-07-05,19.191503906250034,27.191503906250034,18.09150390625001,25.691503906250034,23.941105906250016,24.636,34.9
2024-07-06,18.61689453125001,28.216894531250034,18.716894531250034,26.11689453125001,24.380407531250057,25.075,35.2
2024-07-07,17.258544921875057,26.858544921875023,18.05854492187501,23.758544921875057,22.95482142187501,23.649,32.8
2024-07-08,16.59772949218751,24.797729492187557,16.297729492187557,20.897729492187523,21.249755492187546,21.944,29.1
2024-07-09,17.311181640625023,23.311181640625023,17.211181640625057,20.51118164062501,20.72963614062496,21.424,28.8
2024-07-10,18.683435058593773,24.483435058593784,18.083435058593807,23.783435058593795,22.185554558593765,22.88,32.7
2024-07-11,18.69666748046876,28.496667480468773,19.296667480468784,25.996667480468773,24.573587980468744,25.268,35.3
2024-07-12,16.956542968750057,27.356542968750034,18.25654296875001,24.156542968750045,23.176004468750023,23.87,32.4
2024-07-13,15.625024414062523,24.32502441406251,17.625024414062523,19.82502441406251,20.67997191406249,21.374,27.0
2024-07-14,17.384545898437523,23.784545898437557,18.08454589843751,21.384545898437523,21.155014398437515,21.849,28.4
2024-07-15,16.561694335937545,22.361694335937557,16.761694335937534,20.361694335937557,19.968755335937544,20.663,27.5
2024-07-16,15.808447265625034,22.008447265625023,16.908447265625057,19.808447265625034,19.504922765624997,20.199,26.5
2024-07-17,16.96381835937501,21.96381835937501,17.263818359375023,19.863818359375045,19.866242359375008,20.561,25.4
2024-07-18,17.371923828125034,25.171923828125045,17.071923828125023,23.171923828125045,21.994207328124958,22.689,29.6
2024-07-19,17.550048828125057,25.750048828125045,17.35004882812501,24.150048828125023,22.47565782812501,23.17,31.4
2024-07-20,14.914355468750045,20.414355468750045,16.414355468750045,19.814355468750023,18.386632968750007,19.081,22.0
2024-07-21,14.601220703125023,20.30122070312501,15.701220703125045,20.101220703125023,18.217046203124994,18.911,22.1
2024-07-22,16.217407226562557,24.617407226562534,17.817407226562523,23.817407226562523,21.485955226562567,22.18,28.9
2024-07-23,16.563769531250045,27.16376953125001,19.66376953125001,24.263769531250034,23.06820753125004,23.763,31.6
2024-07-24,18.25001220703126,27.150012207031295,19.75001220703126,24.850012207031284,23.65021720703129,24.345,32.2
2024-07-25,16.890283203125023,25.890283203125023,17.390283203125023,23.59028320312501,22.283433203125014,22.978,31.6
2024-07-26,15.157397460937545,21.357397460937534,14.957397460937557,18.457397460937557,18.682303960937475,19.377,24.0
2024-07-27,15.690429687500057,19.99042968750001,15.890429687500045,17.790429687500023,18.136805687500043,18.831,21.6
2024-07-28,15.348681640625045,21.148681640625057,15.848681640625045,20.248681640625023,18.90412664062501,19.599,22.5
2024-07-29,16.217285156250057,20.917285156250045,16.117285156250034,19.217285156250057,18.950757156250006,19.645,23.0
2024-07-30,15.806201171875045,20.506201171875034,16.806201171875045,19.706201171875023,18.720516171875033,19.415,22.4
2024-07-31,17.211230468750045,23.511230468750057,17.31123046875001,22.911230468750034,21.08613096875007,21.781,28.5
