station,valid,lon,lat,elevation,tmpc,dwpc
BKF,2026-01-01 00:58,-104.7517,39.7017,1726.00,10.28,-11.11
BKF,2026-01-01 01:58,-104.7517,39.7017,1726.00,6.50,-9.78
BKF,2026-01-01 02:58,-104.7517,39.7017,1726.00,6.39,-10.00
BKF,2026-01-01 03:58,-104.7517,39.7017,1726.00,6.11,-8.22
BKF,2026-01-01 04:58,-104.7517,39.7017,1726.00,7.61,-6.50
BKF,2026-01-01 05:58,-104.7517,39.7017,1726.00,7.78,-7.89
BKF,2026-01-01 06:58,-104.7517,39.7017,1726.00,6.00,-10.00
BKF,2026-01-01 07:58,-104.7517,39.7017,1726.00,6.39,-10.00
BKF,2026-01-01 08:58,-104.7517,39.7017,1726.00,5.72,-10.56
BKF,2026-01-01 09:58,-104.7517,39.7017,1726.00,7.78,-11.11
BKF,2026-01-01 10:58,-104.7517,39.7017,1726.00,6.00,-12.11
BKF,2026-01-01 11:58,-104.7517,39.7017,1726.00,8.33,-11.67
BKF,2026-01-01 12:58,-104.7517,39.7017,1726.00,7.39,-11.39
BKF,2026-01-01 13:58,-104.7517,39.7017,1726.00,7.89,-11.50
BKF,2026-01-01 14:58,-104.7517,39.7017,1726.00,8.61,-11.89
BKF,2026-01-01 15:58,-104.7517,39.7017,1726.00,10.00,-12.00
BKF,2026-01-01 16:58,-104.7517,39.7017,1726.00,12.11,-12.22
BKF,2026-01-01 17:58,-104.7517,39.7017,1726.00,14.00,-13.11
BKF,2026-01-01 18:58,-104.7517,39.7017,1726.00,16.28,-14.28
BKF,2026-01-01 19:58,-104.7517,39.7017,1726.00,17.78,-15.56
BKF,2026-01-01 20:58,-104.7517,39.7017,1726.00,17.00,-13.72
BKF,2026-01-01 21:58,-104.7517,39.7017,1726.00,13.89,-6.39
BKF,2026-01-01 22:58,-104.7517,39.7017,1726.00,13.89,-7.00
BKF,2026-01-01 23:58,-104.7517,39.7017,1726.00,12.61,-8.00
BKF,2026-01-02 00:58,-104.7517,39.7017,1726.00,10.39,-7.22
BKF,2026-01-02 01:58,-104.7517,39.7017,1726.00,10.56,-9.22
BKF,2026-01-02 02:58,-104.7517,39.7017,1726.00,8.61,-8.89
BKF,2026-01-02 03:58,-104.7517,39.7017,1726.00,7.78,-8.33
BKF,2026-01-02 04:58,-104.7517,39.7017,1726.00,6.11,-6.78
BKF,2026-01-02 05:58,-104.7517,39.7017,1726.00,7.00,-7.11
BKF,2026-01-02 06:58,-104.7517,39.7017,1726.00,5.28,-6.28
BKF,2026-01-02 07:58,-104.7517,39.7017,1726.00,5.39,-5.00
BKF,2026-01-02 08:58,-104.7517,39.7017,1726.00,5.78,-3.33
BKF,2026-01-02 09:58,-104.7517,39.7017,1726.00,7.78,-3.22
BKF,2026-01-02 10:58,-104.7517,39.7017,1726.00,4.61,-3.72
BKF,2026-01-02 11:58,-104.7517,39.7017,1726.00,4.28,-3.89
BKF,2026-01-02 12:58,-104.7517,39.7017,1726.00,7.22,-3.11
BKF,2026-01-02 13:58,-104.7517,39.7017,1726.00,7.00,-2.50
BKF,2026-01-02 14:58,-104.7517,39.7017,1726.00,7.22,-3.33
BKF,2026-01-02 15:58,-104.7517,39.7017,1726.00,7.61,-3.89
BKF,2026-01-02 16:58,-104.7517,39.7017,1726.00,8.33,-2.39
BKF,2026-01-02 17:58,-104.7517,39.7017,1726.00,11.00,-2.11
BKF,2026-01-02 18:58,-104.7517,39.7017,1726.00,12.89,-1.78
BKF,2026-01-02 19:58,-104.7517,39.7017,1726.00,15.00,-4.28
BKF,2026-01-02 20:58,-104.7517,39.7017,1726.00,15.00,-3.33
BKF,2026-01-02 21:58,-104.7517,39.7017,1726.00,15.28,-4.61
BKF,2026-01-02 22:58,-104.7517,39.7017,1726.00,11.78,-5.22
BKF,2026-01-02 23:58,-104.7517,39.7017,1726.00,10.22,-4.61
BKF,2026-01-03 00:58,-104.7517,39.7017,1726.00,9.28,-4.72
BKF,2026-01-03 01:58,-104.7517,39.7017,1726.00,8.89,-3.33
BKF,2026-01-03 02:58,-104.7517,39.7017,1726.00,10.00,-3.61
BKF,2026-01-03 03:58,-104.7517,39.7017,1726.00,8.50,-3.72
BKF,2026-01-03 04:58,-104.7517,39.7017,1726.00,7.78,-3.72
BKF,2026-01-03 05:58,-104.7517,39.7017,1726.00,7.00,-2.78
BKF,2026-01-03 06:58,-104.7517,39.7017,1726.00,3.33,-2.78
BKF,2026-01-03 07:58,-104.7517,39.7017,1726.00,2.89,-2.78
BKF,2026-01-03 08:58,-104.7517,39.7017,1726.00,2.22,-3.89
BKF,2026-01-03 09:58,-104.7517,39.7017,1726.00,3.33,-4.00
BKF,2026-01-03 10:58,-104.7517,39.7017,1726.00,3.22,-4.44
BKF,2026-01-03 11:58,-104.7517,39.7017,1726.00,1.67,-5.00
BKF,2026-01-03 12:58,-104.7517,39.7017,1726.00,2.50,-5.22
BKF,2026-01-03 13:58,-104.7517,39.7017,1726.00,2.50,-5.39
BKF,2026-01-03 14:58,-104.7517,39.7017,1726.00,5.28,-3.33
BKF,2026-01-03 15:58,-104.7517,39.7017,1726.00,8.22,-4.28
BKF,2026-01-03 16:58,-104.7517,39.7017,1726.00,12.11,-5.39
BKF,2026-01-03 17:58,-104.7517,39.7017,1726.00,13.89,-6.39
BKF,2026-01-03 18:58,-104.7517,39.7017,1726.00,15.72,-6.67
BKF,2026-01-03 19:58,-104.7517,39.7017,1726.00,17.22,-8.11
BKF,2026-01-03 20:58,-104.7517,39.7017,1726.00,18.11,-8.11
BKF,2026-01-03 21:58,-104.7517,39.7017,1726.00,18.33,-8.72
BKF,2026-01-03 22:58,-104.7517,39.7017,1726.00,16.67,-9.44
BKF,2026-01-03 23:58,-104.7517,39.7017,1726.00,11.89,-6.00
BKF,2026-01-04 00:58,-104.7517,39.7017,1726.00,10.00,-5.89
BKF,2026-01-04 01:58,-104.7517,39.7017,1726.00,9.61,-5.89
BKF,2026-01-04 02:58,-104.7517,39.7017,1726.00,8.33,-5.89
BKF,2026-01-04 03:58,-104.7517,39.7017,1726.00,7.89,-6.67
BKF,2026-01-04 04:58,-104.7517,39.7017,1726.00,9.11,-7.22
BKF,2026-01-04 05:58,-104.7517,39.7017,1726.00,7.89,-9.44
BKF,2026-01-04 06:58,-104.7517,39.7017,1726.00,8.50,-12.00
BKF,2026-01-04 07:58,-104.7517,39.7017,1726.00,7.78,-13.89
BKF,2026-01-04 08:58,-104.7517,39.7017,1726.00,9.61,-14.28
BKF,2026-01-04 09:58,-104.7517,39.7017,1726.00,9.11,-13.33
BKF,2026-01-04 10:58,-104.7517,39.7017,1726.00,10.78,-14.78
BKF,2026-01-04 11:58,-104.7517,39.7017,1726.00,11.67,-14.22
BKF,2026-01-04 12:58,-104.7517,39.7017,1726.00,9.61,-11.67
BKF,2026-01-04 13:58,-104.7517,39.7017,1726.00,9.11,-10.39
BKF,2026-01-04 14:58,-104.7517,39.7017,1726.00,10.56,-8.72
BKF,2026-01-04 15:58,-104.7517,39.7017,1726.00,14.11,-7.89
BKF,2026-01-04 16:58,-104.7517,39.7017,1726.00,16.67,-7.78
BKF,2026-01-04 17:58,-104.7517,39.7017,1726.00,18.11,-9.78
BKF,2026-01-04 18:58,-104.7517,39.7017,1726.00,19.28,-11.89
BKF,2026-01-04 19:58,-104.7517,39.7017,1726.00,20.39,-12.22
BKF,2026-01-04 20:58,-104.7517,39.7017,1726.00,20.72,-20.39
BKF,2026-01-04 21:58,-104.7517,39.7017,1726.00,20.39,-23.11
BKF,2026-01-04 22:58,-104.7517,39.7017,1726.00,18.89,-21.67
BKF,2026-01-04 23:58,-104.7517,39.7017,1726.00,12.22,-7.78
BKF,2026-01-05 00:58,-104.7517,39.7017,1726.00,9.44,-8.61
BKF,2026-01-05 01:58,-104.7517,39.7017,1726.00,6.11,-7.89
BKF,2026-01-05 02:58,-104.7517,39.7017,1726.00,6.78,-8.00
BKF,2026-01-05 03:58,-104.7517,39.7017,1726.00,6.11,-8.22
BKF,2026-01-05 04:58,-104.7517,39.7017,1726.00,6.67,-10.56
BKF,2026-01-05 05:58,-104.7517,39.7017,1726.00,6.11,-9.78
BKF,2026-01-05 06:58,-104.7517,39.7017,1726.00,7.11,-11.11
BKF,2026-01-05 07:58,-104.7517,39.7017,1726.00,5.56,-11.50
BKF,2026-01-05 08:58,-104.7517,39.7017,1726.00,3.33,-9.72
BKF,2026-01-05 09:58,-104.7517,39.7017,1726.00,1.50,-9.22
BKF,2026-01-05 10:58,-104.7517,39.7017,1726.00,0.22,-8.89
BKF,2026-01-05 11:58,-104.7517,39.7017,1726.00,2.78,-8.61
BKF,2026-01-05 12:58,-104.7517,39.7017,1726.00,3.72,-10.00
BKF,2026-01-05 13:58,-104.7517,39.7017,1726.00,0.78,-12.22
BKF,2026-01-05 14:58,-104.7517,39.7017,1726.00,4.44,-11.11
BKF,2026-01-05 15:58,-104.7517,39.7017,1726.00,4.00,-11.67
BKF,2026-01-05 16:58,-104.7517,39.7017,1726.00,10.78,-10.00
BKF,2026-01-05 17:58,-104.7517,39.7017,1726.00,13.00,-10.00
BKF,2026-01-05 18:58,-104.7517,39.7017,1726.00,14.44,-10.39
BKF,2026-01-05 19:58,-104.7517,39.7017,1726.00,15.78,-14.72
BKF,2026-01-05 20:58,-104.7517,39.7017,1726.00,15.56,-13.89
BKF,2026-01-05 21:58,-104.7517,39.7017,1726.00,15.22,-12.22
BKF,2026-01-05 22:58,-104.7517,39.7017,1726.00,12.78,-10.28
BKF,2026-01-05 23:58,-104.7517,39.7017,1726.00,9.00,-8.61
BKF,2026-01-06 00:58,-104.7517,39.7017,1726.00,6.67,-7.11
BKF,2026-01-06 01:58,-104.7517,39.7017,1726.00,6.67,-6.28
BKF,2026-01-06 02:58,-104.7517,39.7017,1726.00,7.11,-4.28
BKF,2026-01-06 03:58,-104.7517,39.7017,1726.00,8.22,-5.56
BKF,2026-01-06 04:58,-104.7517,39.7017,1726.00,5.22,-6.39
BKF,2026-01-06 05:58,-104.7517,39.7017,1726.00,3.61,-6.67
BKF,2026-01-06 06:58,-104.7517,39.7017,1726.00,3.00,-7.22
BKF,2026-01-06 07:58,-104.7517,39.7017,1726.00,1.67,-8.00
BKF,2026-01-06 08:58,-104.7517,39.7017,1726.00,0.56,-8.50
BKF,2026-01-06 09:58,-104.7517,39.7017,1726.00,5.28,-9.72
BKF,2026-01-06 10:58,-104.7517,39.7017,1726.00,5.56,-10.00
BKF,2026-01-06 11:58,-104.7517,39.7017,1726.00,5.22,-11.00
BKF,2026-01-06 12:58,-104.7517,39.7017,1726.00,4.44,-12.00
BKF,2026-01-06 13:58,-104.7517,39.7017,1726.00,8.33,-10.56
BKF,2026-01-06 14:58,-104.7517,39.7017,1726.00,7.61,-10.72
BKF,2026-01-06 15:58,-104.7517,39.7017,1726.00,8.89,-13.50
BKF,2026-01-06 16:58,-104.7517,39.7017,1726.00,10.56,-18.89
BKF,2026-01-06 17:58,-104.7517,39.7017,1726.00,11.50,-18.00
BKF,2026-01-06 18:58,-104.7517,39.7017,1726.00,13.72,-20.00
BKF,2026-01-06 19:58,-104.7517,39.7017,1726.00,14.22,-21.11
BKF,2026-01-06 20:58,-104.7517,39.7017,1726.00,13.89,-23.22
BKF,2026-01-06 21:58,-104.7517,39.7017,1726.00,13.50,-21.67
BKF,2026-01-06 22:58,-104.7517,39.7017,1726.00,12.39,-19.72
BKF,2026-01-06 23:58,-104.7517,39.7017,1726.00,10.56,-18.72
BKF,2026-01-07 00:58,-104.7517,39.7017,1726.00,8.89,-17.22
BKF,2026-01-07 01:58,-104.7517,39.7017,1726.00,8.50,-15.89
BKF,2026-01-07 02:58,-104.7517,39.7017,1726.00,5.56,-15.00
BKF,2026-01-07 03:58,-104.7517,39.7017,1726.00,6.39,-15.00
BKF,2026-01-07 04:58,-104.7517,39.7017,1726.00,3.50,-15.72
BKF,2026-01-07 05:58,-104.7517,39.7017,1726.00,2.11,-15.89
BKF,2026-01-07 06:58,-104.7517,39.7017,1726.00,0.78,-16.11
BKF,2026-01-07 07:58,-104.7517,39.7017,1726.00,1.50,-16.00
BKF,2026-01-07 08:58,-104.7517,39.7017,1726.00,1.11,-16.78
BKF,2026-01-07 09:58,-104.7517,39.7017,1726.00,0.72,-16.11
BKF,2026-01-07 10:58,-104.7517,39.7017,1726.00,-0.39,-16.67
BKF,2026-01-07 11:58,-104.7517,39.7017,1726.00,0.39,-17.39
BKF,2026-01-07 12:58,-104.7517,39.7017,1726.00,2.78,-16.78
BKF,2026-01-07 13:58,-104.7517,39.7017,1726.00,2.39,-17.22
BKF,2026-01-07 14:58,-104.7517,39.7017,1726.00,3.11,-16.67
BKF,2026-01-07 15:58,-104.7517,39.7017,1726.00,7.39,-16.78
BKF,2026-01-07 16:58,-104.7517,39.7017,1726.00,10.78,-17.50
BKF,2026-01-07 17:58,-104.7517,39.7017,1726.00,12.22,-19.78
BKF,2026-01-07 18:58,-104.7517,39.7017,1726.00,14.22,-18.33
BKF,2026-01-07 19:58,-104.7517,39.7017,1726.00,14.22,-18.33
BKF,2026-01-07 20:58,-104.7517,39.7017,1726.00,13.22,-19.00
BKF,2026-01-07 21:58,-104.7517,39.7017,1726.00,12.39,-17.22
BKF,2026-01-07 22:58,-104.7517,39.7017,1726.00,10.72,-15.78
BKF,2026-01-07 23:58,-104.7517,39.7017,1726.00,8.11,-15.56
BKF,2026-01-08 03:58,-104.7517,39.7017,1726.00,5.56,-13.00
BKF,2026-01-08 04:58,-104.7517,39.7017,1726.00,5.56,-11.67
BKF,2026-01-08 05:58,-104.7517,39.7017,1726.00,5.00,-12.00
BKF,2026-01-08 06:58,-104.7517,39.7017,1726.00,6.39,-10.39
BKF,2026-01-08 07:58,-104.7517,39.7017,1726.00,2.39,-13.33
BKF,2026-01-08 08:58,-104.7517,39.7017,1726.00,4.72,-11.39
BKF,2026-01-08 09:58,-104.7517,39.7017,1726.00,4.44,-10.56
BKF,2026-01-08 10:58,-104.7517,39.7017,1726.00,4.11,-10.39
BKF,2026-01-08 11:58,-104.7517,39.7017,1726.00,2.22,-11.28
BKF,2026-01-08 12:58,-104.7517,39.7017,1726.00,6.11,-2.39
BKF,2026-01-08 13:58,-104.7517,39.7017,1726.00,1.89,-3.89
BKF,2026-01-08 14:58,-104.7517,39.7017,1726.00,0.28,-0.89
BKF,2026-01-08 15:58,-104.7517,39.7017,1726.00,0.56,-0.56
BKF,2026-01-08 16:58,-104.7517,39.7017,1726.00,-0.56,-1.39
BKF,2026-01-08 17:58,-104.7517,39.7017,1726.00,-0.28,-1.11
BKF,2026-01-08 18:58,-104.7517,39.7017,1726.00,-0.39,-1.39
BKF,2026-01-08 19:58,-104.7517,39.7017,1726.00,-1.11,-2.50
BKF,2026-01-08 20:58,-104.7517,39.7017,1726.00,-2.22,-3.50
BKF,2026-01-08 21:58,-104.7517,39.7017,1726.00,-0.28,-2.22
BKF,2026-01-08 22:58,-104.7517,39.7017,1726.00,-0.56,-1.89
BKF,2026-01-08 23:58,-104.7517,39.7017,1726.00,-0.56,-1.89
BKF,2026-01-09 00:58,-104.7517,39.7017,1726.00,-0.72,-2.22
BKF,2026-01-09 01:58,-104.7517,39.7017,1726.00,-0.72,-2.22
BKF,2026-01-09 02:58,-104.7517,39.7017,1726.00,-0.72,-2.11
BKF,2026-01-09 03:58,-104.7517,39.7017,1726.00,-1.00,-2.39
BKF,2026-01-09 04:58,-104.7517,39.7017,1726.00,-0.72,-2.22
BKF,2026-01-09 05:58,-104.7517,39.7017,1726.00,-0.72,-2.22
BKF,2026-01-09 06:58,-104.7517,39.7017,1726.00,-0.56,-2.78
BKF,2026-01-09 07:58,-104.7517,39.7017,1726.00,-1.00,-2.39
BKF,2026-01-09 08:58,-104.7517,39.7017,1726.00,-1.50,-2.61
BKF,2026-01-09 09:58,-104.7517,39.7017,1726.00,-2.22,-3.11
BKF,2026-01-09 10:58,-104.7517,39.7017,1726.00,-2.22,-3.00
BKF,2026-01-09 11:58,-104.7517,39.7017,1726.00,-2.22,-3.22
BKF,2026-01-09 12:58,-104.7517,39.7017,1726.00,-2.11,-2.89
BKF,2026-01-09 13:58,-104.7517,39.7017,1726.00,-4.44,-6.78
BKF,2026-01-09 14:58,-104.7517,39.7017,1726.00,-5.89,-8.61
BKF,2026-01-09 15:58,-104.7517,39.7017,1726.00,-5.00,-8.61
BKF,2026-01-09 16:58,-104.7517,39.7017,1726.00,-3.33,-8.11
BKF,2026-01-09 17:58,-104.7517,39.7017,1726.00,-1.39,-7.50
BKF,2026-01-09 18:58,-104.7517,39.7017,1726.00,-0.78,-7.78
BKF,2026-01-09 19:58,-104.7517,39.7017,1726.00,-0.39,-8.89
BKF,2026-01-09 20:58,-104.7517,39.7017,1726.00,-0.56,-9.72
BKF,2026-01-09 21:58,-104.7517,39.7017,1726.00,-0.39,-10.39
BKF,2026-01-09 22:58,-104.7517,39.7017,1726.00,-1.39,-10.72
BKF,2026-01-09 23:58,-104.7517,39.7017,1726.00,-3.89,-12.78
BKF,2026-01-10 00:58,-104.7517,39.7017,1726.00,-5.28,-15.00
BKF,2026-01-10 01:58,-104.7517,39.7017,1726.00,-6.00,-15.56
BKF,2026-01-10 02:58,-104.7517,39.7017,1726.00,-5.89,-16.50
BKF,2026-01-10 03:58,-104.7517,39.7017,1726.00,-6.28,-16.67
BKF,2026-01-10 04:58,-104.7517,39.7017,1726.00,-10.39,-16.11
BKF,2026-01-10 05:58,-104.7517,39.7017,1726.00,-9.72,-15.28
BKF,2026-01-10 06:58,-104.7517,39.7017,1726.00,-8.50,-14.44
BKF,2026-01-10 07:58,-104.7517,39.7017,1726.00,-8.11,-13.72
BKF,2026-01-10 08:58,-104.7517,39.7017,1726.00,-8.89,-14.28
BKF,2026-01-10 09:58,-104.7517,39.7017,1726.00,-8.89,-15.28
BKF,2026-01-10 10:58,-104.7517,39.7017,1726.00,-9.11,-15.72
BKF,2026-01-10 11:58,-104.7517,39.7017,1726.00,-8.33,-15.56
BKF,2026-01-10 12:58,-104.7517,39.7017,1726.00,-8.50,-15.72
BKF,2026-01-10 13:58,-104.7517,39.7017,1726.00,-7.89,-15.78
BKF,2026-01-10 14:58,-104.7517,39.7017,1726.00,-7.61,-15.28
BKF,2026-01-10 15:58,-104.7517,39.7017,1726.00,-4.44,-13.89
BKF,2026-01-10 16:58,-104.7517,39.7017,1726.00,-0.78,-13.33
BKF,2026-01-10 17:58,-104.7517,39.7017,1726.00,1.78,-12.39
BKF,2026-01-10 18:58,-104.7517,39.7017,1726.00,3.50,-13.33
BKF,2026-01-10 19:58,-104.7517,39.7017,1726.00,4.78,-12.61
BKF,2026-01-10 20:58,-104.7517,39.7017,1726.00,5.89,-12.22
BKF,2026-01-10 21:58,-104.7517,39.7017,1726.00,5.72,-13.33
BKF,2026-01-10 22:58,-104.7517,39.7017,1726.00,6.11,-14.00
BKF,2026-01-10 23:58,-104.7517,39.7017,1726.00,4.22,-11.39
BKF,2026-01-11 00:58,-104.7517,39.7017,1726.00,2.22,-11.67
BKF,2026-01-11 01:58,-104.7517,39.7017,1726.00,2.39,-11.89
BKF,2026-01-11 02:58,-104.7517,39.7017,1726.00,-2.22,-10.00
BKF,2026-01-11 03:58,-104.7517,39.7017,1726.00,-2.00,-11.11
BKF,2026-01-11 04:58,-104.7517,39.7017,1726.00,-1.28,-9.44
BKF,2026-01-11 05:58,-104.7517,39.7017,1726.00,-0.89,-9.11
BKF,2026-01-11 06:58,-104.7517,39.7017,1726.00,-1.50,-8.72
BKF,2026-01-11 07:58,-104.7517,39.7017,1726.00,-1.28,-9.00
BKF,2026-01-11 08:58,-104.7517,39.7017,1726.00,-1.28,-9.22
BKF,2026-01-11 09:58,-104.7517,39.7017,1726.00,-0.89,-9.78
BKF,2026-01-11 10:58,-104.7517,39.7017,1726.00,-0.39,-9.78
BKF,2026-01-11 11:58,-104.7517,39.7017,1726.00,-0.78,-10.00
BKF,2026-01-11 12:58,-104.7517,39.7017,1726.00,-1.50,-9.78
BKF,2026-01-11 13:58,-104.7517,39.7017,1726.00,-1.28,-10.00
BKF,2026-01-11 14:58,-104.7517,39.7017,1726.00,0.28,-10.00
BKF,2026-01-11 15:58,-104.7517,39.7017,1726.00,3.50,-9.44
BKF,2026-01-11 16:58,-104.7517,39.7017,1726.00,6.39,-10.00
BKF,2026-01-11 17:58,-104.7517,39.7017,1726.00,10.22,-9.44
BKF,2026-01-11 18:58,-104.7517,39.7017,1726.00,10.28,-11.11
BKF,2026-01-11 19:58,-104.7517,39.7017,1726.00,12.22,-12.78
BKF,2026-01-11 20:58,-104.7517,39.7017,1726.00,13.89,-13.22
BKF,2026-01-11 21:58,-104.7517,39.7017,1726.00,13.22,-15.56
BKF,2026-01-11 22:58,-104.7517,39.7017,1726.00,12.11,-15.56
BKF,2026-01-11 23:58,-104.7517,39.7017,1726.00,8.50,-12.00
BKF,2026-01-12 00:58,-104.7517,39.7017,1726.00,5.28,-9.28
BKF,2026-01-12 01:58,-104.7517,39.7017,1726.00,2.89,-10.39
BKF,2026-01-12 02:58,-104.7517,39.7017,1726.00,2.78,-10.22
BKF,2026-01-12 03:58,-104.7517,39.7017,1726.00,2.78,-9.28
BKF,2026-01-12 04:58,-104.7517,39.7017,1726.00,1.89,-8.89
BKF,2026-01-12 05:58,-104.7517,39.7017,1726.00,0.89,-9.22
BKF,2026-01-12 06:58,-104.7517,39.7017,1726.00,1.50,-8.33
BKF,2026-01-12 07:58,-104.7517,39.7017,1726.00,1.39,-8.33
BKF,2026-01-12 08:58,-104.7517,39.7017,1726.00,1.39,-9.00
BKF,2026-01-12 09:58,-104.7517,39.7017,1726.00,1.50,-9.44
BKF,2026-01-12 10:58,-104.7517,39.7017,1726.00,1.28,-9.61
BKF,2026-01-12 11:58,-104.7517,39.7017,1726.00,1.39,-9.78
BKF,2026-01-12 12:58,-104.7517,39.7017,1726.00,1.67,-10.56
BKF,2026-01-12 13:58,-104.7517,39.7017,1726.00,2.39,-10.78
BKF,2026-01-12 14:58,-104.7517,39.7017,1726.00,3.50,-10.22
BKF,2026-01-12 15:58,-104.7517,39.7017,1726.00,7.61,-10.72
BKF,2026-01-12 16:58,-104.7517,39.7017,1726.00,11.67,-10.00
BKF,2026-01-12 17:58,-104.7517,39.7017,1726.00,12.89,-10.89
BKF,2026-01-12 18:58,-104.7517,39.7017,1726.00,16.11,-10.56
BKF,2026-01-12 19:58,-104.7517,39.7017,1726.00,16.89,-11.67
BKF,2026-01-12 20:58,-104.7517,39.7017,1726.00,16.89,-11.67
BKF,2026-01-12 21:58,-104.7517,39.7017,1726.00,17.22,-11.39
BKF,2026-01-12 22:58,-104.7517,39.7017,1726.00,13.50,-9.00
BKF,2026-01-12 23:58,-104.7517,39.7017,1726.00,10.22,-9.00
BKF,2026-01-13 00:58,-104.7517,39.7017,1726.00,10.78,-8.00
BKF,2026-01-13 01:58,-104.7517,39.7017,1726.00,9.28,-7.78
BKF,2026-01-13 02:58,-104.7517,39.7017,1726.00,8.33,-8.33
BKF,2026-01-13 03:58,-104.7517,39.7017,1726.00,5.22,-7.22
BKF,2026-01-13 04:58,-104.7517,39.7017,1726.00,5.22,-7.00
BKF,2026-01-13 05:58,-104.7517,39.7017,1726.00,4.61,-6.28
BKF,2026-01-13 06:58,-104.7517,39.7017,1726.00,5.89,-6.67
BKF,2026-01-13 07:58,-104.7517,39.7017,1726.00,3.33,-6.67
BKF,2026-01-13 08:58,-104.7517,39.7017,1726.00,3.61,-6.67
BKF,2026-01-13 09:58,-104.7517,39.7017,1726.00,3.00,-7.22
BKF,2026-01-13 10:58,-104.7517,39.7017,1726.00,5.00,-6.89
BKF,2026-01-13 11:58,-104.7517,39.7017,1726.00,5.56,-5.56
BKF,2026-01-13 12:58,-104.7517,39.7017,1726.00,5.72,-6.11
BKF,2026-01-13 13:58,-104.7517,39.7017,1726.00,4.22,-7.22
BKF,2026-01-13 14:58,-104.7517,39.7017,1726.00,4.28,-6.89
BKF,2026-01-13 15:58,-104.7517,39.7017,1726.00,8.11,-6.50
BKF,2026-01-13 16:58,-104.7517,39.7017,1726.00,11.78,-5.72
BKF,2026-01-13 17:58,-104.7517,39.7017,1726.00,13.00,-7.78
BKF,2026-01-13 18:58,-104.7517,39.7017,1726.00,15.89,-8.33
BKF,2026-01-13 19:58,-104.7517,39.7017,1726.00,16.39,-8.00
BKF,2026-01-13 20:58,-104.7517,39.7017,1726.00,15.56,-10.22
BKF,2026-01-13 21:58,-104.7517,39.7017,1726.00,15.39,-9.61
BKF,2026-01-13 22:58,-104.7517,39.7017,1726.00,13.33,-9.11
BKF,2026-01-13 23:58,-104.7517,39.7017,1726.00,11.11,-9.28
BKF,2026-01-14 00:58,-104.7517,39.7017,1726.00,10.72,-9.11
BKF,2026-01-14 01:58,-104.7517,39.7017,1726.00,8.89,-8.72
BKF,2026-01-14 02:58,-104.7517,39.7017,1726.00,7.11,-8.89
BKF,2026-01-14 03:58,-104.7517,39.7017,1726.00,9.00,-8.11
BKF,2026-01-14 04:58,-104.7517,39.7017,1726.00,7.00,-1.67
BKF,2026-01-14 05:58,-104.7517,39.7017,1726.00,6.11,-0.89
BKF,2026-01-14 06:58,-104.7517,39.7017,1726.00,4.44,0.56
BKF,2026-01-14 07:58,-104.7517,39.7017,1726.00,3.72,0.39
BKF,2026-01-14 08:58,-104.7517,39.7017,1726.00,3.33,-0.72
BKF,2026-01-14 09:58,-104.7517,39.7017,1726.00,2.78,-1.11
BKF,2026-01-14 10:58,-104.7517,39.7017,1726.00,2.22,-1.11
BKF,2026-01-14 11:58,-104.7517,39.7017,1726.00,1.89,-1.00
BKF,2026-01-14 12:58,-104.7517,39.7017,1726.00,2.22,-0.22
BKF,2026-01-14 13:58,-104.7517,39.7017,1726.00,1.89,-0.56
BKF,2026-01-14 14:58,-104.7517,39.7017,1726.00,3.22,0.00
BKF,2026-01-14 15:58,-104.7517,39.7017,1726.00,4.44,0.22
BKF,2026-01-14 16:58,-104.7517,39.7017,1726.00,5.28,-0.72
BKF,2026-01-14 17:58,-104.7517,39.7017,1726.00,9.44,-1.00
BKF,2026-01-14 18:58,-104.7517,39.7017,1726.00,10.28,-2.39
BKF,2026-01-14 19:58,-104.7517,39.7017,1726.00,11.78,-2.39
BKF,2026-01-14 20:58,-104.7517,39.7017,1726.00,11.67,-2.22
BKF,2026-01-14 21:58,-104.7517,39.7017,1726.00,12.22,-2.39
BKF,2026-01-14 22:58,-104.7517,39.7017,1726.00,11.39,-2.78
BKF,2026-01-14 23:58,-104.7517,39.7017,1726.00,9.72,-2.61
BKF,2026-01-15 00:58,-104.7517,39.7017,1726.00,5.56,-3.89
BKF,2026-01-15 01:58,-104.7517,39.7017,1726.00,4.72,-2.61
BKF,2026-01-15 02:58,-104.7517,39.7017,1726.00,4.28,-3.00
BKF,2026-01-15 03:58,-104.7517,39.7017,1726.00,4.44,-2.78
BKF,2026-01-15 04:58,-104.7517,39.7017,1726.00,3.50,-3.50
BKF,2026-01-15 05:58,-104.7517,39.7017,1726.00,3.89,-4.28
BKF,2026-01-15 06:58,-104.7517,39.7017,1726.00,5.28,-4.78
BKF,2026-01-15 07:58,-104.7517,39.7017,1726.00,4.22,-6.67
BKF,2026-01-15 08:58,-104.7517,39.7017,1726.00,3.89,-7.00
BKF,2026-01-15 09:58,-104.7517,39.7017,1726.00,5.00,-7.11
BKF,2026-01-15 10:58,-104.7517,39.7017,1726.00,2.78,-10.00
BKF,2026-01-15 11:58,-104.7517,39.7017,1726.00,1.78,-10.72
BKF,2026-01-15 12:58,-104.7517,39.7017,1726.00,3.33,-8.89
BKF,2026-01-15 13:58,-104.7517,39.7017,1726.00,4.44,-9.72
BKF,2026-01-15 14:58,-104.7517,39.7017,1726.00,5.00,-10.28
BKF,2026-01-15 15:58,-104.7517,39.7017,1726.00,10.56,-12.11
BKF,2026-01-15 16:58,-104.7517,39.7017,1726.00,14.28,-15.78
BKF,2026-01-15 17:58,-104.7517,39.7017,1726.00,16.00,-16.89
BKF,2026-01-15 18:58,-104.7517,39.7017,1726.00,15.89,-17.00
BKF,2026-01-15 19:58,-104.7517,39.7017,1726.00,15.72,-17.11
BKF,2026-01-15 20:58,-104.7517,39.7017,1726.00,15.78,-17.11
BKF,2026-01-15 21:58,-104.7517,39.7017,1726.00,15.00,-17.78
BKF,2026-01-15 22:58,-104.7517,39.7017,1726.00,13.89,-16.11
BKF,2026-01-15 23:58,-104.7517,39.7017,1726.00,11.67,-16.89
BKF,2026-01-16 00:58,-104.7517,39.7017,1726.00,9.72,-17.39
BKF,2026-01-16 01:58,-104.7517,39.7017,1726.00,7.11,-15.00
BKF,2026-01-16 02:58,-104.7517,39.7017,1726.00,9.22,-15.39
BKF,2026-01-16 03:58,-104.7517,39.7017,1726.00,-1.39,-8.89
BKF,2026-01-16 04:58,-104.7517,39.7017,1726.00,-3.72,-9.72
BKF,2026-01-16 05:58,-104.7517,39.7017,1726.00,-3.33,-9.28
BKF,2026-01-16 06:58,-104.7517,39.7017,1726.00,-4.44,-10.28
BKF,2026-01-16 07:58,-104.7517,39.7017,1726.00,-4.22,-10.22
BKF,2026-01-16 08:58,-104.7517,39.7017,1726.00,-4.00,-9.44
BKF,2026-01-16 09:58,-104.7517,39.7017,1726.00,-5.00,-9.72
BKF,2026-01-16 10:58,-104.7517,39.7017,1726.00,-4.72,-9.44
BKF,2026-01-16 11:58,-104.7517,39.7017,1726.00,-5.00,-10.00
BKF,2026-01-16 12:58,-104.7517,39.7017,1726.00,-6.78,-11.11
BKF,2026-01-16 13:58,-104.7517,39.7017,1726.00,-6.11,-10.39
BKF,2026-01-16 14:58,-104.7517,39.7017,1726.00,-5.00,-14.28
BKF,2026-01-16 15:58,-104.7517,39.7017,1726.00,-3.00,-14.72
BKF,2026-01-16 16:58,-104.7517,39.7017,1726.00,-1.39,-15.00
BKF,2026-01-16 17:58,-104.7517,39.7017,1726.00,0.78,-14.00
BKF,2026-01-16 18:58,-104.7517,39.7017,1726.00,2.22,-16.11
BKF,2026-01-16 19:58,-104.7517,39.7017,1726.00,2.22,-20.28
BKF,2026-01-16 20:58,-104.7517,39.7017,1726.00,1.39,-21.00
BKF,2026-01-16 21:58,-104.7517,39.7017,1726.00,1.00,-20.00
BKF,2026-01-16 22:58,-104.7517,39.7017,1726.00,0.00,-20.89
BKF,2026-01-16 23:58,-104.7517,39.7017,1726.00,-1.39,-22.78
BKF,2026-01-17 00:58,-104.7517,39.7017,1726.00,-3.11,-22.39
BKF,2026-01-17 01:58,-104.7517,39.7017,1726.00,-4.44,-23.00
BKF,2026-01-17 02:58,-104.7517,39.7017,1726.00,-5.78,-21.39
BKF,2026-01-17 03:58,-104.7517,39.7017,1726.00,-6.67,-21.39
BKF,2026-01-17 04:58,-104.7517,39.7017,1726.00,-6.89,-21.11
BKF,2026-01-17 05:58,-104.7517,39.7017,1726.00,-6.28,-20.28
BKF,2026-01-17 06:58,-104.7517,39.7017,1726.00,-7.39,-15.00
BKF,2026-01-17 07:58,-104.7517,39.7017,1726.00,-7.39,-14.28
BKF,2026-01-17 08:58,-104.7517,39.7017,1726.00,-6.89,-15.39
BKF,2026-01-17 09:58,-104.7517,39.7017,1726.00,-5.00,-16.28
BKF,2026-01-17 10:58,-104.7517,39.7017,1726.00,-6.50,-14.44
BKF,2026-01-17 11:58,-104.7517,39.7017,1726.00,-7.39,-11.78
BKF,2026-01-17 12:58,-104.7517,39.7017,1726.00,-8.61,-12.78
BKF,2026-01-17 13:58,-104.7517,39.7017,1726.00,-10.39,-14.72
BKF,2026-01-17 14:58,-104.7517,39.7017,1726.00,-10.22,-15.89
BKF,2026-01-17 15:58,-104.7517,39.7017,1726.00,-7.78,-16.11
BKF,2026-01-17 16:58,-104.7517,39.7017,1726.00,-5.78,-17.22
BKF,2026-01-17 17:58,-104.7517,39.7017,1726.00,-4.00,-18.72
BKF,2026-01-17 18:58,-104.7517,39.7017,1726.00,-2.39,-20.28
BKF,2026-01-17 19:58,-104.7517,39.7017,1726.00,-0.39,-21.89
BKF,2026-01-17 20:58,-104.7517,39.7017,1726.00,1.11,-23.33
BKF,2026-01-17 21:58,-104.7517,39.7017,1726.00,1.67,-23.89
BKF,2026-01-17 22:58,-104.7517,39.7017,1726.00,1.67,-23.00
BKF,2026-01-17 23:58,-104.7517,39.7017,1726.00,0.28,-23.33
BKF,2026-01-18 00:58,-104.7517,39.7017,1726.00,-2.22,-20.72
BKF,2026-01-18 01:58,-104.7517,39.7017,1726.00,-4.11,-19.44
BKF,2026-01-18 02:58,-104.7517,39.7017,1726.00,-3.00,-17.39
BKF,2026-01-18 03:58,-104.7517,39.7017,1726.00,-3.00,-15.28
BKF,2026-01-18 04:58,-104.7517,39.7017,1726.00,-0.56,-15.00
BKF,2026-01-18 05:58,-104.7517,39.7017,1726.00,-1.11,-14.61
BKF,2026-01-18 06:58,-104.7517,39.7017,1726.00,-0.56,-14.22
BKF,2026-01-18 07:58,-104.7517,39.7017,1726.00,-1.11,-13.61
BKF,2026-01-18 08:58,-104.7517,39.7017,1726.00,-0.56,-13.33
BKF,2026-01-18 09:58,-104.7517,39.7017,1726.00,1.39,-12.39
BKF,2026-01-18 10:58,-104.7517,39.7017,1726.00,1.78,-12.78
BKF,2026-01-18 11:58,-104.7517,39.7017,1726.00,1.89,-13.11
BKF,2026-01-18 12:58,-104.7517,39.7017,1726.00,0.00,-13.11
BKF,2026-01-18 13:58,-104.7517,39.7017,1726.00,1.00,-13.89
BKF,2026-01-18 14:58,-104.7517,39.7017,1726.00,3.22,-12.78
BKF,2026-01-18 15:58,-104.7517,39.7017,1726.00,6.50,-13.22
BKF,2026-01-18 16:58,-104.7517,39.7017,1726.00,8.61,-12.50
BKF,2026-01-18 17:58,-104.7517,39.7017,1726.00,11.39,-12.11
BKF,2026-01-18 18:58,-104.7517,39.7017,1726.00,10.00,-13.33
BKF,2026-01-18 19:58,-104.7517,39.7017,1726.00,10.72,-13.33
BKF,2026-01-18 20:58,-104.7517,39.7017,1726.00,9.72,-12.78
BKF,2026-01-18 21:58,-104.7517,39.7017,1726.00,8.50,-11.50
BKF,2026-01-18 22:58,-104.7517,39.7017,1726.00,6.00,-11.67
BKF,2026-01-18 23:58,-104.7517,39.7017,1726.00,4.11,-10.78
BKF,2026-01-19 00:58,-104.7517,39.7017,1726.00,1.11,-10.00
BKF,2026-01-19 01:58,-104.7517,39.7017,1726.00,0.00,-10.00
BKF,2026-01-19 02:58,-104.7517,39.7017,1726.00,-0.56,-10.28
BKF,2026-01-19 03:58,-104.7517,39.7017,1726.00,-0.56,-10.22
BKF,2026-01-19 04:58,-104.7517,39.7017,1726.00,-1.28,-8.72
BKF,2026-01-19 05:58,-104.7517,39.7017,1726.00,-2.22,-6.89
BKF,2026-01-19 06:58,-104.7517,39.7017,1726.00,-3.61,-5.56
BKF,2026-01-19 07:58,-104.7517,39.7017,1726.00,-3.33,-4.78
BKF,2026-01-19 08:58,-104.7517,39.7017,1726.00,-4.44,-5.89
BKF,2026-01-19 09:58,-104.7517,39.7017,1726.00,-4.72,-6.11
BKF,2026-01-19 10:58,-104.7517,39.7017,1726.00,-4.44,-5.89
BKF,2026-01-19 11:58,-104.7517,39.7017,1726.00,-4.72,-6.39
BKF,2026-01-19 12:58,-104.7517,39.7017,1726.00,-4.44,-6.50
BKF,2026-01-19 13:58,-104.7517,39.7017,1726.00,-4.78,-6.89
BKF,2026-01-19 14:58,-104.7517,39.7017,1726.00,-4.44,-7.22
BKF,2026-01-19 15:58,-104.7517,39.7017,1726.00,-3.33,-7.22
BKF,2026-01-19 16:58,-104.7517,39.7017,1726.00,-1.50,-6.78
BKF,2026-01-19 17:58,-104.7517,39.7017,1726.00,0.00,-6.28
BKF,2026-01-19 18:58,-104.7517,39.7017,1726.00,1.67,-7.39
BKF,2026-01-19 19:58,-104.7517,39.7017,1726.00,2.89,-7.61
BKF,2026-01-19 20:58,-104.7517,39.7017,1726.00,4.22,-5.28
BKF,2026-01-19 21:58,-104.7517,39.7017,1726.00,5.22,-6.11
BKF,2026-01-19 22:58,-104.7517,39.7017,1726.00,2.89,-6.28
BKF,2026-01-19 23:58,-104.7517,39.7017,1726.00,0.00,-7.50
BKF,2026-01-20 00:58,-104.7517,39.7017,1726.00,-3.61,-7.89
BKF,2026-01-20 01:58,-104.7517,39.7017,1726.00,-2.50,-7.39
BKF,2026-01-20 02:58,-104.7517,39.7017,1726.00,-2.11,-7.11
BKF,2026-01-20 03:58,-104.7517,39.7017,1726.00,-2.50,-9.00
BKF,2026-01-20 04:58,-104.7517,39.7017,1726.00,-2.78,-13.11
BKF,2026-01-20 05:58,-104.7517,39.7017,1726.00,-2.89,-14.61
BKF,2026-01-20 06:58,-104.7517,39.7017,1726.00,-1.67,-15.78
BKF,2026-01-20 07:58,-104.7517,39.7017,1726.00,-1.11,-17.00
BKF,2026-01-20 08:58,-104.7517,39.7017,1726.00,-2.22,-17.11
BKF,2026-01-20 09:58,-104.7517,39.7017,1726.00,0.56,-18.22
BKF,2026-01-20 10:58,-104.7517,39.7017,1726.00,-0.22,-19.44
BKF,2026-01-20 11:58,-104.7517,39.7017,1726.00,-0.56,-20.78
BKF,2026-01-20 12:58,-104.7517,39.7017,1726.00,-2.00,-20.39
BKF,2026-01-20 13:58,-104.7517,39.7017,1726.00,-1.39,-20.89
BKF,2026-01-20 14:58,-104.7517,39.7017,1726.00,-0.89,-20.56
BKF,2026-01-20 15:58,-104.7517,39.7017,1726.00,4.00,-18.22
BKF,2026-01-20 17:58,-104.7517,39.7017,1726.00,11.89,-21.39
BKF,2026-01-20 18:58,-104.7517,39.7017,1726.00,12.00,-22.78
BKF,2026-01-20 19:58,-104.7517,39.7017,1726.00,10.56,-21.11
BKF,2026-01-20 20:58,-104.7517,39.7017,1726.00,11.67,-21.67
BKF,2026-01-20 21:58,-104.7517,39.7017,1726.00,11.39,-20.39
BKF,2026-01-20 22:58,-104.7517,39.7017,1726.00,10.28,-20.00
BKF,2026-01-20 23:58,-104.7517,39.7017,1726.00,5.78,-10.00
BKF,2026-01-21 00:58,-104.7517,39.7017,1726.00,2.61,-7.61
BKF,2026-01-21 01:58,-104.7517,39.7017,1726.00,3.11,-11.28
BKF,2026-01-21 02:58,-104.7517,39.7017,1726.00,-2.50,-8.61
BKF,2026-01-21 03:58,-104.7517,39.7017,1726.00,-3.33,-7.78
BKF,2026-01-21 04:58,-104.7517,39.7017,1726.00,-6.11,-9.28
BKF,2026-01-21 05:58,-104.7517,39.7017,1726.00,-6.67,-9.72
BKF,2026-01-21 06:58,-104.7517,39.7017,1726.00,-6.67,-10.00
BKF,2026-01-21 07:58,-104.7517,39.7017,1726.00,-7.00,-10.22
BKF,2026-01-21 08:58,-104.7517,39.7017,1726.00,-6.11,-9.78
BKF,2026-01-21 09:58,-104.7517,39.7017,1726.00,-5.22,-10.00
BKF,2026-01-21 10:58,-104.7517,39.7017,1726.00,-5.22,-12.22
BKF,2026-01-21 11:58,-104.7517,39.7017,1726.00,-4.00,-13.72
BKF,2026-01-21 12:58,-104.7517,39.7017,1726.00,-4.00,-14.78
BKF,2026-01-21 13:58,-104.7517,39.7017,1726.00,-3.33,-17.00
BKF,2026-01-21 14:58,-104.7517,39.7017,1726.00,-5.00,-16.11
BKF,2026-01-21 15:58,-104.7517,39.7017,1726.00,-2.50,-13.11
BKF,2026-01-21 16:58,-104.7517,39.7017,1726.00,5.39,-17.78
BKF,2026-01-21 17:58,-104.7517,39.7017,1726.00,8.22,-22.89
BKF,2026-01-21 18:58,-104.7517,39.7017,1726.00,8.00,-24.44
BKF,2026-01-21 19:58,-104.7517,39.7017,1726.00,10.00,-21.67
BKF,2026-01-21 20:58,-104.7517,39.7017,1726.00,10.72,-19.72
BKF,2026-01-21 21:58,-104.7517,39.7017,1726.00,10.22,-17.00
BKF,2026-01-21 22:58,-104.7517,39.7017,1726.00,9.28,-17.78
BKF,2026-01-21 23:58,-104.7517,39.7017,1726.00,6.11,-13.50
BKF,2026-01-22 00:58,-104.7517,39.7017,1726.00,1.78,-12.78
BKF,2026-01-22 01:58,-104.7517,39.7017,1726.00,-0.72,-12.22
BKF,2026-01-22 02:58,-104.7517,39.7017,1726.00,-3.11,-12.11
BKF,2026-01-22 03:58,-104.7517,39.7017,1726.00,-3.72,-11.89
BKF,2026-01-22 04:58,-104.7517,39.7017,1726.00,-5.28,-11.50
BKF,2026-01-22 05:58,-104.7517,39.7017,1726.00,-5.89,-12.22
BKF,2026-01-22 06:58,-104.7517,39.7017,1726.00,-6.11,-12.22
BKF,2026-01-22 07:58,-104.7517,39.7017,1726.00,-6.11,-12.61
BKF,2026-01-22 08:58,-104.7517,39.7017,1726.00,-6.11,-12.39
BKF,2026-01-22 09:58,-104.7517,39.7017,1726.00,-7.78,-14.00
BKF,2026-01-22 10:58,-104.7517,39.7017,1726.00,-9.44,-15.00
BKF,2026-01-22 11:58,-104.7517,39.7017,1726.00,-10.00,-15.00
BKF,2026-01-22 12:58,-104.7517,39.7017,1726.00,-10.00,-14.11
BKF,2026-01-22 13:58,-104.7517,39.7017,1726.00,-11.39,-14.78
BKF,2026-01-22 14:58,-104.7517,39.7017,1726.00,-9.78,-13.89
BKF,2026-01-22 15:58,-104.7517,39.7017,1726.00,-5.00,-10.00
BKF,2026-01-22 16:58,-104.7517,39.7017,1726.00,-2.22,-11.11
BKF,2026-01-22 17:58,-104.7517,39.7017,1726.00,0.00,-10.56
BKF,2026-01-22 18:58,-104.7517,39.7017,1726.00,0.89,-11.50
BKF,2026-01-22 19:58,-104.7517,39.7017,1726.00,2.22,-12.11
BKF,2026-01-22 20:58,-104.7517,39.7017,1726.00,3.50,-12.89
BKF,2026-01-22 21:58,-104.7517,39.7017,1726.00,3.61,-13.72
BKF,2026-01-22 22:58,-104.7517,39.7017,1726.00,3.33,-12.61
BKF,2026-01-22 23:58,-104.7517,39.7017,1726.00,-1.11,-13.11
BKF,2026-01-23 00:58,-104.7517,39.7017,1726.00,-3.11,-11.78
BKF,2026-01-23 01:58,-104.7517,39.7017,1726.00,-4.72,-12.22
BKF,2026-01-23 02:58,-104.7517,39.7017,1726.00,-5.56,-11.89
BKF,2026-01-23 03:58,-104.7517,39.7017,1726.00,-5.78,-11.89
BKF,2026-01-23 04:58,-104.7517,39.7017,1726.00,-6.39,-11.89
BKF,2026-01-23 05:58,-104.7517,39.7017,1726.00,-6.39,-11.39
BKF,2026-01-23 06:58,-104.7517,39.7017,1726.00,-7.22,-11.89
BKF,2026-01-23 07:58,-104.7517,39.7017,1726.00,-8.33,-12.78
BKF,2026-01-23 08:58,-104.7517,39.7017,1726.00,-9.72,-13.33
BKF,2026-01-23 09:58,-104.7517,39.7017,1726.00,-11.11,-15.00
BKF,2026-01-23 10:58,-104.7517,39.7017,1726.00,-12.50,-15.72
BKF,2026-01-23 11:58,-104.7517,39.7017,1726.00,-13.11,-15.89
BKF,2026-01-23 12:58,-104.7517,39.7017,1726.00,-13.89,-16.39
BKF,2026-01-23 13:58,-104.7517,39.7017,1726.00,-13.33,-16.00
BKF,2026-01-23 14:58,-104.7517,39.7017,1726.00,-13.61,-16.28
BKF,2026-01-23 15:58,-104.7517,39.7017,1726.00,-14.22,-16.78
BKF,2026-01-23 16:58,-104.7517,39.7017,1726.00,-13.72,-16.67
BKF,2026-01-23 17:58,-104.7517,39.7017,1726.00,-12.89,-16.67
BKF,2026-01-23 18:58,-104.7517,39.7017,1726.00,-11.50,-13.72
BKF,2026-01-23 19:58,-104.7517,39.7017,1726.00,-10.89,-15.56
BKF,2026-01-23 20:58,-104.7517,39.7017,1726.00,-10.56,-15.00
BKF,2026-01-23 21:58,-104.7517,39.7017,1726.00,-10.56,-15.56
BKF,2026-01-23 22:58,-104.7517,39.7017,1726.00,-10.89,-14.72
BKF,2026-01-23 23:58,-104.7517,39.7017,1726.00,-12.22,-15.72
BKF,2026-01-24 00:58,-104.7517,39.7017,1726.00,-12.39,-15.56
BKF,2026-01-24 01:58,-104.7517,39.7017,1726.00,-12.22,-15.78
BKF,2026-01-24 02:58,-104.7517,39.7017,1726.00,-12.78,-15.78
BKF,2026-01-24 03:58,-104.7517,39.7017,1726.00,-13.89,-16.67
BKF,2026-01-24 04:58,-104.7517,39.7017,1726.00,-13.61,-16.11
BKF,2026-01-24 05:58,-104.7517,39.7017,1726.00,-14.44,-16.67
BKF,2026-01-24 06:58,-104.7517,39.7017,1726.00,-14.72,-17.61
BKF,2026-01-24 07:58,-104.7517,39.7017,1726.00,-15.39,-18.11
BKF,2026-01-24 08:58,-104.7517,39.7017,1726.00,-16.00,-18.72
BKF,2026-01-24 09:58,-104.7517,39.7017,1726.00,-15.56,-18.33
BKF,2026-01-24 10:58,-104.7517,39.7017,1726.00,-16.11,-18.61
BKF,2026-01-24 11:58,-104.7517,39.7017,1726.00,-16.67,-18.72
BKF,2026-01-24 12:58,-104.7517,39.7017,1726.00,-15.56,-17.89
BKF,2026-01-24 13:58,-104.7517,39.7017,1726.00,-15.39,-18.00
BKF,2026-01-24 14:58,-104.7517,39.7017,1726.00,-15.39,-18.11
BKF,2026-01-24 15:58,-104.7517,39.7017,1726.00,-12.61,-15.78
BKF,2026-01-24 16:58,-104.7517,39.7017,1726.00,-10.39,-15.56
BKF,2026-01-24 17:58,-104.7517,39.7017,1726.00,-9.44,-15.00
BKF,2026-01-24 18:58,-104.7517,39.7017,1726.00,-8.89,-14.22
BKF,2026-01-24 19:58,-104.7517,39.7017,1726.00,-7.50,-13.72
BKF,2026-01-24 20:58,-104.7517,39.7017,1726.00,-7.11,-13.61
BKF,2026-01-24 21:58,-104.7517,39.7017,1726.00,-7.39,-14.11
BKF,2026-01-24 22:58,-104.7517,39.7017,1726.00,-8.33,-14.11
BKF,2026-01-24 23:58,-104.7517,39.7017,1726.00,-10.00,-14.44
BKF,2026-01-25 00:58,-104.7517,39.7017,1726.00,-11.67,-15.56
BKF,2026-01-25 01:58,-104.7517,39.7017,1726.00,-11.11,-15.00
BKF,2026-01-25 02:58,-104.7517,39.7017,1726.00,-11.50,-15.56
BKF,2026-01-25 03:58,-104.7517,39.7017,1726.00,-11.11,-15.28
BKF,2026-01-25 04:58,-104.7517,39.7017,1726.00,-11.78,-15.39
BKF,2026-01-25 05:58,-104.7517,39.7017,1726.00,-14.11,-17.22
BKF,2026-01-25 06:58,-104.7517,39.7017,1726.00,-13.61,-16.50
BKF,2026-01-25 07:58,-104.7517,39.7017,1726.00,-13.11,-16.11
BKF,2026-01-25 08:58,-104.7517,39.7017,1726.00,-13.61,-17.00
BKF,2026-01-25 09:58,-104.7517,39.7017,1726.00,-13.11,-16.67
BKF,2026-01-25 10:58,-104.7517,39.7017,1726.00,-14.78,-19.61
BKF,2026-01-25 11:58,-104.7517,39.7017,1726.00,-13.33,-16.78
BKF,2026-01-25 12:58,-104.7517,39.7017,1726.00,-13.33,-17.11
BKF,2026-01-25 13:58,-104.7517,39.7017,1726.00,-14.44,-17.78
BKF,2026-01-25 14:58,-104.7517,39.7017,1726.00,-13.61,-17.39
BKF,2026-01-25 15:58,-104.7517,39.7017,1726.00,-10.00,-14.72
BKF,2026-01-25 16:58,-104.7517,39.7017,1726.00,-6.89,-14.00
BKF,2026-01-25 17:58,-104.7517,39.7017,1726.00,-3.89,-15.00
BKF,2026-01-25 18:58,-104.7517,39.7017,1726.00,-2.50,-17.22
BKF,2026-01-25 19:58,-104.7517,39.7017,1726.00,-2.39,-17.61
BKF,2026-01-25 20:58,-104.7517,39.7017,1726.00,-2.50,-16.11
BKF,2026-01-25 21:58,-104.7517,39.7017,1726.00,-4.61,-13.72
BKF,2026-01-25 22:58,-104.7517,39.7017,1726.00,-10.39,-12.89
BKF,2026-01-25 23:58,-104.7517,39.7017,1726.00,-13.61,-16.28
BKF,2026-01-26 00:58,-104.7517,39.7017,1726.00,-13.72,-16.39
BKF,2026-01-26 01:58,-104.7517,39.7017,1726.00,-14.00,-16.67
BKF,2026-01-26 02:58,-104.7517,39.7017,1726.00,-13.72,-16.28
BKF,2026-01-26 03:58,-104.7517,39.7017,1726.00,-14.11,-16.67
BKF,2026-01-26 04:58,-104.7517,39.7017,1726.00,-17.22,-19.72
BKF,2026-01-26 05:58,-104.7517,39.7017,1726.00,-18.22,-20.89
BKF,2026-01-26 06:58,-104.7517,39.7017,1726.00,-16.11,-20.00
BKF,2026-01-26 07:58,-104.7517,39.7017,1726.00,-16.00,-20.56
BKF,2026-01-26 08:58,-104.7517,39.7017,1726.00,-16.00,-21.50
BKF,2026-01-26 09:58,-104.7517,39.7017,1726.00,-15.56,-21.78
BKF,2026-01-26 10:58,-104.7517,39.7017,1726.00,-14.28,-21.67
BKF,2026-01-26 11:58,-104.7517,39.7017,1726.00,-12.78,-21.28
BKF,2026-01-26 12:58,-104.7517,39.7017,1726.00,-11.11,-21.78
BKF,2026-01-26 13:58,-104.7517,39.7017,1726.00,-10.28,-21.89
BKF,2026-01-26 14:58,-104.7517,39.7017,1726.00,-6.39,-22.00
BKF,2026-01-26 15:58,-104.7517,39.7017,1726.00,-3.22,-20.89
BKF,2026-01-26 16:58,-104.7517,39.7017,1726.00,0.00,-18.61
BKF,2026-01-26 17:58,-104.7517,39.7017,1726.00,3.11,-17.78
BKF,2026-01-26 18:58,-104.7517,39.7017,1726.00,5.56,-19.11
BKF,2026-01-26 19:58,-104.7517,39.7017,1726.00,6.78,-18.89
BKF,2026-01-26 20:58,-104.7517,39.7017,1726.00,7.22,-18.61
BKF,2026-01-26 21:58,-104.7517,39.7017,1726.00,6.50,-23.00
BKF,2026-01-26 22:58,-104.7517,39.7017,1726.00,6.28,-22.11
BKF,2026-01-26 23:58,-104.7517,39.7017,1726.00,4.11,-21.11
BKF,2026-01-27 00:58,-104.7517,39.7017,1726.00,1.67,-22.22
BKF,2026-01-27 01:58,-104.7517,39.7017,1726.00,-1.67,-20.22
BKF,2026-01-27 02:58,-104.7517,39.7017,1726.00,-1.28,-19.78
BKF,2026-01-27 03:58,-104.7517,39.7017,1726.00,-1.78,-20.22
BKF,2026-01-27 05:58,-104.7517,39.7017,1726.00,-3.89,-19.72
BKF,2026-01-27 06:58,-104.7517,39.7017,1726.00,-4.11,-19.44
BKF,2026-01-27 07:58,-104.7517,39.7017,1726.00,-2.22,-21.11
BKF,2026-01-27 08:58,-104.7517,39.7017,1726.00,-4.00,-20.00
BKF,2026-01-27 09:58,-104.7517,39.7017,1726.00,-3.22,-19.22
BKF,2026-01-27 10:58,-104.7517,39.7017,1726.00,-1.89,-18.89
BKF,2026-01-27 11:58,-104.7517,39.7017,1726.00,-1.11,-18.72
BKF,2026-01-27 12:58,-104.7517,39.7017,1726.00,-0.72,-18.89
BKF,2026-01-27 13:58,-104.7517,39.7017,1726.00,1.67,-20.22
BKF,2026-01-27 14:58,-104.7517,39.7017,1726.00,3.89,-17.11
BKF,2026-01-27 15:58,-104.7517,39.7017,1726.00,3.89,-18.33
BKF,2026-01-27 16:58,-104.7517,39.7017,1726.00,5.00,-17.50
BKF,2026-01-27 17:58,-104.7517,39.7017,1726.00,6.11,-15.22
BKF,2026-01-27 18:58,-104.7517,39.7017,1726.00,7.89,-13.72
BKF,2026-01-27 19:58,-104.7517,39.7017,1726.00,7.61,-14.00
BKF,2026-01-27 20:58,-104.7517,39.7017,1726.00,8.33,-14.72
BKF,2026-01-27 21:58,-104.7517,39.7017,1726.00,8.89,-15.00
BKF,2026-01-27 22:58,-104.7517,39.7017,1726.00,8.11,-14.78
BKF,2026-01-27 23:58,-104.7517,39.7017,1726.00,5.00,-14.44
BKF,2026-01-28 00:58,-104.7517,39.7017,1726.00,5.00,-14.44
BKF,2026-01-28 01:58,-104.7517,39.7017,1726.00,3.61,-15.00
BKF,2026-01-28 02:58,-104.7517,39.7017,1726.00,0.39,-15.22
BKF,2026-01-28 03:58,-104.7517,39.7017,1726.00,-1.67,-14.22
BKF,2026-01-28 04:58,-104.7517,39.7017,1726.00,-2.39,-14.78
BKF,2026-01-28 05:58,-104.7517,39.7017,1726.00,-0.56,-15.72
BKF,2026-01-28 06:58,-104.7517,39.7017,1726.00,-2.61,-13.50
BKF,2026-01-28 07:58,-104.7517,39.7017,1726.00,-3.33,-13.89
BKF,2026-01-28 08:58,-104.7517,39.7017,1726.00,-3.50,-14.28
BKF,2026-01-28 09:58,-104.7517,39.7017,1726.00,-3.50,-15.00
BKF,2026-01-28 10:58,-104.7517,39.7017,1726.00,-3.89,-15.22
BKF,2026-01-28 11:58,-104.7517,39.7017,1726.00,-4.28,-15.28
BKF,2026-01-28 12:58,-104.7517,39.7017,1726.00,-2.61,-15.56
BKF,2026-01-28 13:58,-104.7517,39.7017,1726.00,-1.89,-16.39
BKF,2026-01-28 15:58,-104.7517,39.7017,1726.00,5.56,-16.28
BKF,2026-01-28 16:58,-104.7517,39.7017,1726.00,7.61,-18.22
BKF,2026-01-28 17:58,-104.7517,39.7017,1726.00,8.22,-16.11
BKF,2026-01-28 18:58,-104.7517,39.7017,1726.00,9.72,-16.67
BKF,2026-01-28 19:58,-104.7517,39.7017,1726.00,8.22,-18.61
BKF,2026-01-28 20:58,-104.7517,39.7017,1726.00,8.72,-18.22
BKF,2026-01-28 21:58,-104.7517,39.7017,1726.00,10.39,-18.89
BKF,2026-01-28 22:58,-104.7517,39.7017,1726.00,10.56,-18.72
BKF,2026-01-28 23:58,-104.7517,39.7017,1726.00,8.61,-17.39
BKF,2026-01-29 00:58,-104.7517,39.7017,1726.00,6.11,-15.78
BKF,2026-01-29 01:58,-104.7517,39.7017,1726.00,3.89,-15.00
BKF,2026-01-29 02:58,-104.7517,39.7017,1726.00,2.50,-12.89
BKF,2026-01-29 03:58,-104.7517,39.7017,1726.00,2.89,-12.22
BKF,2026-01-29 04:58,-104.7517,39.7017,1726.00,1.11,-11.00
BKF,2026-01-29 05:58,-104.7517,39.7017,1726.00,1.67,-10.78
BKF,2026-01-29 06:58,-104.7517,39.7017,1726.00,1.00,-12.11
BKF,2026-01-29 07:58,-104.7517,39.7017,1726.00,1.50,-13.11
BKF,2026-01-29 08:58,-104.7517,39.7017,1726.00,1.11,-12.78
BKF,2026-01-29 09:58,-104.7517,39.7017,1726.00,0.00,-12.61
BKF,2026-01-29 10:58,-104.7517,39.7017,1726.00,-1.28,-11.39
BKF,2026-01-29 11:58,-104.7517,39.7017,1726.00,-0.22,-10.39
BKF,2026-01-29 12:58,-104.7517,39.7017,1726.00,-0.56,-10.22
BKF,2026-01-29 13:58,-104.7517,39.7017,1726.00,-0.39,-10.00
BKF,2026-01-29 14:58,-104.7517,39.7017,1726.00,-0.56,-8.33
BKF,2026-01-29 15:58,-104.7517,39.7017,1726.00,4.44,-12.00
BKF,2026-01-29 16:58,-104.7517,39.7017,1726.00,5.56,-13.00
BKF,2026-01-29 17:58,-104.7517,39.7017,1726.00,7.22,-13.00
BKF,2026-01-29 18:58,-104.7517,39.7017,1726.00,8.11,-14.78
BKF,2026-01-29 19:58,-104.7517,39.7017,1726.00,7.50,-15.28
BKF,2026-01-29 20:58,-104.7517,39.7017,1726.00,7.22,-13.61
BKF,2026-01-29 21:58,-104.7517,39.7017,1726.00,7.50,-12.89
BKF,2026-01-29 22:58,-104.7517,39.7017,1726.00,7.50,-14.00
BKF,2026-01-29 23:58,-104.7517,39.7017,1726.00,5.22,-14.78
BKF,2026-01-30 00:58,-104.7517,39.7017,1726.00,3.33,-12.11
BKF,2026-01-30 01:58,-104.7517,39.7017,1726.00,3.33,-12.11
BKF,2026-01-30 02:58,-104.7517,39.7017,1726.00,-3.00,-11.50
BKF,2026-01-30 03:58,-104.7517,39.7017,1726.00,-2.11,-10.89
BKF,2026-01-30 04:58,-104.7517,39.7017,1726.00,-2.39,-11.39
BKF,2026-01-30 05:58,-104.7517,39.7017,1726.00,-3.72,-11.89
BKF,2026-01-30 06:58,-104.7517,39.7017,1726.00,-3.11,-12.61
BKF,2026-01-30 07:58,-104.7517,39.7017,1726.00,-4.11,-12.50
BKF,2026-01-30 08:58,-104.7517,39.7017,1726.00,-4.00,-12.78
BKF,2026-01-30 09:58,-104.7517,39.7017,1726.00,-3.50,-13.50
BKF,2026-01-30 10:58,-104.7517,39.7017,1726.00,-4.22,-14.11
BKF,2026-01-30 11:58,-104.7517,39.7017,1726.00,-3.50,-13.72
BKF,2026-01-30 12:58,-104.7517,39.7017,1726.00,-4.22,-14.11
BKF,2026-01-30 13:58,-104.7517,39.7017,1726.00,-4.72,-13.89
BKF,2026-01-30 14:58,-104.7517,39.7017,1726.00,-2.89,-13.22
BKF,2026-01-30 15:58,-104.7517,39.7017,1726.00,2.22,-12.11
BKF,2026-01-30 16:58,-104.7517,39.7017,1726.00,4.28,-12.22
BKF,2026-01-30 17:58,-104.7517,39.7017,1726.00,6.11,-11.50
BKF,2026-01-30 18:58,-104.7517,39.7017,1726.00,5.72,-13.89
BKF,2026-01-30 19:58,-104.7517,39.7017,1726.00,7.50,-12.22
BKF,2026-01-30 20:58,-104.7517,39.7017,1726.00,8.11,-11.78
BKF,2026-01-30 21:58,-104.7517,39.7017,1726.00,7.61,-12.78
BKF,2026-01-30 22:58,-104.7517,39.7017,1726.00,8.33,-11.67
BKF,2026-01-30 23:58,-104.7517,39.7017,1726.00,6.28,-11.78
BKF,2026-01-31 00:58,-104.7517,39.7017,1726.00,2.22,-6.67
BKF,2026-01-31 01:58,-104.7517,39.7017,1726.00,-0.89,-6.67
BKF,2026-01-31 02:58,-104.7517,39.7017,1726.00,-0.56,-5.89
BKF,2026-01-31 03:58,-104.7517,39.7017,1726.00,-2.22,-7.11
BKF,2026-01-31 04:58,-104.7517,39.7017,1726.00,-2.39,-7.39
BKF,2026-01-31 05:58,-104.7517,39.7017,1726.00,-1.11,-8.89
BKF,2026-01-31 06:58,-104.7517,39.7017,1726.00,-4.44,-7.89
BKF,2026-01-31 07:58,-104.7517,39.7017,1726.00,-7.11,-8.22
BKF,2026-01-31 08:58,-104.7517,39.7017,1726.00,-7.11,-8.33
BKF,2026-01-31 09:58,-104.7517,39.7017,1726.00,-6.39,-7.61
BKF,2026-01-31 10:58,-104.7517,39.7017,1726.00,-6.11,-7.50
BKF,2026-01-31 11:58,-104.7517,39.7017,1726.00,-4.00,-5.72
BKF,2026-01-31 13:58,-104.7517,39.7017,1726.00,-0.28,-7.61
BKF,2026-01-31 14:58,-104.7517,39.7017,1726.00,-0.28,-6.89
BKF,2026-01-31 15:58,-104.7517,39.7017,1726.00,5.78,-5.56
BKF,2026-01-31 16:58,-104.7517,39.7017,1726.00,10.00,-6.00
BKF,2026-01-31 17:58,-104.7517,39.7017,1726.00,11.78,-5.72
BKF,2026-01-31 18:58,-104.7517,39.7017,1726.00,13.11,-6.00
BKF,2026-01-31 19:58,-104.7517,39.7017,1726.00,14.00,-8.00
BKF,2026-01-31 20:58,-104.7517,39.7017,1726.00,14.11,-7.89
BKF,2026-01-31 21:58,-104.7517,39.7017,1726.00,13.50,-8.33
BKF,2026-01-31 22:58,-104.7517,39.7017,1726.00,13.00,-8.22
BKF,2026-01-31 23:58,-104.7517,39.7017,1726.00,9.78,-8.33
BKF,2026-02-01 00:58,-104.7517,39.7017,1726.00,8.50,-8.11
BKF,2026-02-01 01:58,-104.7517,39.7017,1726.00,2.89,-8.50
BKF,2026-02-01 02:58,-104.7517,39.7017,1726.00,1.78,-8.11
BKF,2026-02-01 03:58,-104.7517,39.7017,1726.00,0.89,-8.89
BKF,2026-02-01 04:58,-104.7517,39.7017,1726.00,1.50,-8.33
BKF,2026-02-01 05:58,-104.7517,39.7017,1726.00,1.28,-9.11
BKF,2026-02-01 06:58,-104.7517,39.7017,1726.00,0.00,-8.89
BKF,2026-02-01 07:58,-104.7517,39.7017,1726.00,-1.11,-9.11
BKF,2026-02-01 08:58,-104.7517,39.7017,1726.00,-0.78,-9.72
BKF,2026-02-01 09:58,-104.7517,39.7017,1726.00,-0.72,-10.89
BKF,2026-02-01 10:58,-104.7517,39.7017,1726.00,-1.39,-11.28
BKF,2026-02-01 11:58,-104.7517,39.7017,1726.00,-0.56,-11.67
BKF,2026-02-01 12:58,-104.7517,39.7017,1726.00,-0.56,-12.22
BKF,2026-02-01 13:58,-104.7517,39.7017,1726.00,0.22,-11.78
BKF,2026-02-01 14:58,-104.7517,39.7017,1726.00,4.61,-12.39
BKF,2026-02-01 15:58,-104.7517,39.7017,1726.00,6.67,-13.00
BKF,2026-02-01 16:58,-104.7517,39.7017,1726.00,11.11,-13.11
BKF,2026-02-01 17:58,-104.7517,39.7017,1726.00,13.50,-13.50
BKF,2026-02-01 18:58,-104.7517,39.7017,1726.00,15.56,-12.78
BKF,2026-02-01 19:58,-104.7517,39.7017,1726.00,16.89,-13.89
BKF,2026-02-01 20:58,-104.7517,39.7017,1726.00,16.39,-15.28
BKF,2026-02-01 21:58,-104.7517,39.7017,1726.00,17.50,-14.44
BKF,2026-02-01 22:58,-104.7517,39.7017,1726.00,16.50,-15.28
BKF,2026-02-01 23:58,-104.7517,39.7017,1726.00,13.50,-14.44
BKF,2026-02-02 00:58,-104.7517,39.7017,1726.00,8.89,-12.89
BKF,2026-02-02 01:58,-104.7517,39.7017,1726.00,10.00,-12.78
BKF,2026-02-02 02:58,-104.7517,39.7017,1726.00,6.11,-13.00
BKF,2026-02-02 03:58,-104.7517,39.7017,1726.00,7.11,-13.22
BKF,2026-02-02 04:58,-104.7517,39.7017,1726.00,6.50,-13.22
BKF,2026-02-02 05:58,-104.7517,39.7017,1726.00,7.22,-13.61
BKF,2026-02-02 06:58,-104.7517,39.7017,1726.00,5.22,-14.28
BKF,2026-02-02 07:58,-104.7517,39.7017,1726.00,4.61,-14.78
BKF,2026-02-02 08:58,-104.7517,39.7017,1726.00,5.22,-15.39
BKF,2026-02-02 09:58,-104.7517,39.7017,1726.00,4.72,-16.39
BKF,2026-02-02 10:58,-104.7517,39.7017,1726.00,4.00,-16.39
BKF,2026-02-02 11:58,-104.7517,39.7017,1726.00,6.00,-15.89
BKF,2026-02-02 12:58,-104.7517,39.7017,1726.00,6.67,-17.50
BKF,2026-02-02 13:58,-104.7517,39.7017,1726.00,5.00,-16.78
BKF,2026-02-02 14:58,-104.7517,39.7017,1726.00,3.89,-17.11
BKF,2026-02-02 15:58,-104.7517,39.7017,1726.00,7.11,-14.44
BKF,2026-02-02 16:58,-104.7517,39.7017,1726.00,11.67,-13.33
BKF,2026-02-02 17:58,-104.7517,39.7017,1726.00,8.89,-13.61
BKF,2026-02-02 18:58,-104.7517,39.7017,1726.00,10.00,-11.28
BKF,2026-02-02 19:58,-104.7517,39.7017,1726.00,10.00,-11.39
BKF,2026-02-02 20:58,-104.7517,39.7017,1726.00,10.00,-11.28
BKF,2026-02-02 21:58,-104.7517,39.7017,1726.00,9.78,-11.50
BKF,2026-02-02 22:58,-104.7517,39.7017,1726.00,10.00,-11.28
BKF,2026-02-02 23:58,-104.7517,39.7017,1726.00,8.33,-11.11
BKF,2026-02-03 00:58,-104.7517,39.7017,1726.00,7.61,-9.28
BKF,2026-02-03 01:58,-104.7517,39.7017,1726.00,3.22,-9.78
BKF,2026-02-03 02:58,-104.7517,39.7017,1726.00,0.72,-10.00
BKF,2026-02-03 03:58,-104.7517,39.7017,1726.00,4.00,-10.00
BKF,2026-02-03 04:58,-104.7517,39.7017,1726.00,0.00,-10.89
BKF,2026-02-03 05:58,-104.7517,39.7017,1726.00,-2.22,-10.00
BKF,2026-02-03 06:58,-104.7517,39.7017,1726.00,0.00,-8.89
BKF,2026-02-03 07:58,-104.7517,39.7017,1726.00,-2.11,-10.22
BKF,2026-02-03 08:58,-104.7517,39.7017,1726.00,-1.67,-9.78
BKF,2026-02-03 09:58,-104.7517,39.7017,1726.00,-1.78,-9.22
BKF,2026-02-03 10:58,-104.7517,39.7017,1726.00,-3.33,-10.28
BKF,2026-02-03 11:58,-104.7517,39.7017,1726.00,-5.78,-11.50
BKF,2026-02-03 12:58,-104.7517,39.7017,1726.00,-2.39,-10.00
BKF,2026-02-03 13:58,-104.7517,39.7017,1726.00,-2.22,-10.39
BKF,2026-02-03 14:58,-104.7517,39.7017,1726.00,-0.28,-10.28
BKF,2026-02-03 15:58,-104.7517,39.7017,1726.00,0.56,-8.89
BKF,2026-02-03 16:58,-104.7517,39.7017,1726.00,6.11,-10.56
BKF,2026-02-03 17:58,-104.7517,39.7017,1726.00,8.50,-10.89
BKF,2026-02-03 18:58,-104.7517,39.7017,1726.00,10.56,-10.89
BKF,2026-02-03 19:58,-104.7517,39.7017,1726.00,8.22,-12.22
BKF,2026-02-03 20:58,-104.7517,39.7017,1726.00,7.61,-8.11
BKF,2026-02-03 21:58,-104.7517,39.7017,1726.00,6.89,-7.22
BKF,2026-02-03 22:58,-104.7517,39.7017,1726.00,4.11,-1.50
BKF,2026-02-03 23:58,-104.7517,39.7017,1726.00,7.22,-5.22
BKF,2026-02-04 00:58,-104.7517,39.7017,1726.00,5.89,-3.72
BKF,2026-02-04 01:58,-104.7517,39.7017,1726.00,3.89,-6.11
BKF,2026-02-04 02:58,-104.7517,39.7017,1726.00,3.89,-5.28
BKF,2026-02-04 03:58,-104.7517,39.7017,1726.00,2.78,-5.00
BKF,2026-02-04 04:58,-104.7517,39.7017,1726.00,2.11,-5.00
BKF,2026-02-04 05:58,-104.7517,39.7017,1726.00,1.67,-5.22
BKF,2026-02-04 06:58,-104.7517,39.7017,1726.00,1.00,-5.28
BKF,2026-02-04 07:58,-104.7517,39.7017,1726.00,0.28,-5.28
BKF,2026-02-04 08:58,-104.7517,39.7017,1726.00,0.00,-5.00
BKF,2026-02-04 09:58,-104.7517,39.7017,1726.00,-0.28,-5.72
BKF,2026-02-04 10:58,-104.7517,39.7017,1726.00,0.00,-5.72
BKF,2026-02-04 11:58,-104.7517,39.7017,1726.00,-2.61,-6.67
BKF,2026-02-04 12:58,-104.7517,39.7017,1726.00,-3.50,-7.11
BKF,2026-02-04 13:58,-104.7517,39.7017,1726.00,-2.39,-6.11
BKF,2026-02-04 14:58,-104.7517,39.7017,1726.00,-2.11,-5.39
BKF,2026-02-04 15:58,-104.7517,39.7017,1726.00,2.50,-5.00
BKF,2026-02-04 16:58,-104.7517,39.7017,1726.00,4.00,-7.78
BKF,2026-02-04 17:58,-104.7517,39.7017,1726.00,6.39,-8.00
BKF,2026-02-04 18:58,-104.7517,39.7017,1726.00,7.11,-10.72
BKF,2026-02-04 19:58,-104.7517,39.7017,1726.00,8.33,-12.78
BKF,2026-02-04 20:58,-104.7517,39.7017,1726.00,9.44,-14.44
BKF,2026-02-04 21:58,-104.7517,39.7017,1726.00,10.39,-14.44
BKF,2026-02-04 22:58,-104.7517,39.7017,1726.00,10.39,-14.44
BKF,2026-02-04 23:58,-104.7517,39.7017,1726.00,7.78,-14.44
BKF,2026-02-05 00:58,-104.7517,39.7017,1726.00,4.61,-13.33
BKF,2026-02-05 01:58,-104.7517,39.7017,1726.00,2.89,-12.22
BKF,2026-02-05 02:58,-104.7517,39.7017,1726.00,3.33,-8.11
BKF,2026-02-05 03:58,-104.7517,39.7017,1726.00,3.89,-7.22
BKF,2026-02-05 04:58,-104.7517,39.7017,1726.00,3.50,-7.89
BKF,2026-02-05 05:58,-104.7517,39.7017,1726.00,3.33,-8.89
BKF,2026-02-05 06:58,-104.7517,39.7017,1726.00,3.33,-10.56
BKF,2026-02-05 07:58,-104.7517,39.7017,1726.00,3.11,-12.00
BKF,2026-02-05 08:58,-104.7517,39.7017,1726.00,2.61,-12.11
BKF,2026-02-05 09:58,-104.7517,39.7017,1726.00,1.78,-12.11
BKF,2026-02-05 10:58,-104.7517,39.7017,1726.00,3.89,-10.56
BKF,2026-02-05 11:58,-104.7517,39.7017,1726.00,3.11,-11.67
BKF,2026-02-05 12:58,-104.7517,39.7017,1726.00,0.78,-13.33
BKF,2026-02-05 13:58,-104.7517,39.7017,1726.00,2.22,-11.00
BKF,2026-02-05 14:58,-104.7517,39.7017,1726.00,3.33,-11.50
BKF,2026-02-05 15:58,-104.7517,39.7017,1726.00,10.00,-10.28
BKF,2026-02-05 16:58,-104.7517,39.7017,1726.00,11.11,-11.67
BKF,2026-02-05 17:58,-104.7517,39.7017,1726.00,14.00,-9.28
BKF,2026-02-05 18:58,-104.7517,39.7017,1726.00,16.28,-8.89
BKF,2026-02-05 19:58,-104.7517,39.7017,1726.00,16.11,-8.22
BKF,2026-02-05 20:58,-104.7517,39.7017,1726.00,17.11,-8.22
BKF,2026-02-05 21:58,-104.7517,39.7017,1726.00,17.22,-8.00
BKF,2026-02-05 22:58,-104.7517,39.7017,1726.00,17.22,-8.00
BKF,2026-02-05 23:58,-104.7517,39.7017,1726.00,14.72,-8.00
BKF,2026-02-06 00:58,-104.7517,39.7017,1726.00,13.22,-7.50
BKF,2026-02-06 01:58,-104.7517,39.7017,1726.00,10.72,-6.67
BKF,2026-02-06 02:58,-104.7517,39.7017,1726.00,8.33,-7.00
BKF,2026-02-06 03:58,-104.7517,39.7017,1726.00,5.89,-6.39
BKF,2026-02-06 04:58,-104.7517,39.7017,1726.00,6.67,-6.28
BKF,2026-02-06 05:58,-104.7517,39.7017,1726.00,6.50,-6.11
BKF,2026-02-06 06:58,-104.7517,39.7017,1726.00,5.39,-6.78
BKF,2026-02-06 07:58,-104.7517,39.7017,1726.00,5.56,-7.39
BKF,2026-02-06 08:58,-104.7517,39.7017,1726.00,5.00,-7.22
BKF,2026-02-06 09:58,-104.7517,39.7017,1726.00,2.78,-7.78
BKF,2026-02-06 10:58,-104.7517,39.7017,1726.00,2.50,-7.78
BKF,2026-02-06 11:58,-104.7517,39.7017,1726.00,1.67,-7.78
BKF,2026-02-06 12:58,-104.7517,39.7017,1726.00,1.39,-8.33
BKF,2026-02-06 13:58,-104.7517,39.7017,1726.00,2.22,-7.39
BKF,2026-02-06 14:58,-104.7517,39.7017,1726.00,4.11,-6.11
BKF,2026-02-06 15:58,-104.7517,39.7017,1726.00,9.44,-6.89
BKF,2026-02-06 16:58,-104.7517,39.7017,1726.00,11.50,-7.89
BKF,2026-02-06 17:58,-104.7517,39.7017,1726.00,14.11,-6.67
BKF,2026-02-06 18:58,-104.7517,39.7017,1726.00,16.28,-6.67
BKF,2026-02-06 19:58,-104.7517,39.7017,1726.00,18.33,-7.22
BKF,2026-02-06 20:58,-104.7517,39.7017,1726.00,18.72,-7.78
BKF,2026-02-06 21:58,-104.7517,39.7017,1726.00,18.33,-7.89
BKF,2026-02-06 22:58,-104.7517,39.7017,1726.00,17.39,-7.89
BKF,2026-02-06 23:58,-104.7517,39.7017,1726.00,15.72,-7.89
BKF,2026-02-07 00:58,-104.7517,39.7017,1726.00,12.22,-8.33
BKF,2026-02-07 01:58,-104.7517,39.7017,1726.00,11.67,-7.78
BKF,2026-02-07 02:58,-104.7517,39.7017,1726.00,10.00,-7.61
BKF,2026-02-07 03:58,-104.7517,39.7017,1726.00,10.00,-7.78
BKF,2026-02-07 04:58,-104.7517,39.7017,1726.00,9.78,-7.39
BKF,2026-02-07 05:58,-104.7517,39.7017,1726.00,9.44,-6.00
BKF,2026-02-07 06:58,-104.7517,39.7017,1726.00,8.89,-5.00
BKF,2026-02-07 07:58,-104.7517,39.7017,1726.00,6.67,-6.00
BKF,2026-02-07 08:58,-104.7517,39.7017,1726.00,5.22,-7.00
BKF,2026-02-07 09:58,-104.7517,39.7017,1726.00,4.61,-7.89
BKF,2026-02-07 10:58,-104.7517,39.7017,1726.00,6.50,-9.44
BKF,2026-02-07 11:58,-104.7517,39.7017,1726.00,5.28,-8.61
BKF,2026-02-07 12:58,-104.7517,39.7017,1726.00,5.78,-10.89
BKF,2026-02-07 13:58,-104.7517,39.7017,1726.00,5.00,-10.78
BKF,2026-02-07 14:58,-104.7517,39.7017,1726.00,5.28,-10.56
BKF,2026-02-07 15:58,-104.7517,39.7017,1726.00,9.28,-9.72
BKF,2026-02-07 16:58,-104.7517,39.7017,1726.00,15.00,-11.39
BKF,2026-02-07 17:58,-104.7517,39.7017,1726.00,16.39,-11.11
BKF,2026-02-07 18:58,-104.7517,39.7017,1726.00,16.78,-11.78
BKF,2026-02-07 19:58,-104.7517,39.7017,1726.00,18.22,-11.67
BKF,2026-02-07 20:58,-104.7517,39.7017,1726.00,17.22,-11.39
BKF,2026-02-07 21:58,-104.7517,39.7017,1726.00,17.22,-11.39
BKF,2026-02-07 22:58,-104.7517,39.7017,1726.00,16.50,-11.11
BKF,2026-02-07 23:58,-104.7517,39.7017,1726.00,14.22,-9.78
BKF,2026-02-08 00:58,-104.7517,39.7017,1726.00,12.39,-8.72
BKF,2026-02-08 01:58,-104.7517,39.7017,1726.00,11.67,-8.89
BKF,2026-02-08 02:58,-104.7517,39.7017,1726.00,11.00,-8.89
BKF,2026-02-08 03:58,-104.7517,39.7017,1726.00,8.72,-8.89
BKF,2026-02-08 04:58,-104.7517,39.7017,1726.00,8.00,-7.22
BKF,2026-02-08 05:58,-104.7517,39.7017,1726.00,5.00,-7.61
BKF,2026-02-08 06:58,-104.7517,39.7017,1726.00,4.00,-7.50
BKF,2026-02-08 07:58,-104.7517,39.7017,1726.00,5.00,-8.22
BKF,2026-02-08 08:58,-104.7517,39.7017,1726.00,4.44,-8.72
BKF,2026-02-08 09:58,-104.7517,39.7017,1726.00,4.61,-8.22
BKF,2026-02-08 10:58,-104.7517,39.7017,1726.00,4.22,-7.89
BKF,2026-02-08 11:58,-104.7517,39.7017,1726.00,4.11,-7.11
BKF,2026-02-08 12:58,-104.7517,39.7017,1726.00,2.78,-8.33
BKF,2026-02-08 13:58,-104.7517,39.7017,1726.00,2.11,-7.78
BKF,2026-02-08 14:58,-104.7517,39.7017,1726.00,6.50,-7.22
BKF,2026-02-08 15:55,-104.7517,39.7017,1726.00,10.78,-7.89
BKF,2026-02-08 16:55,-104.7517,39.7017,1726.00,13.89,-10.00
BKF,2026-02-08 17:58,-104.7517,39.7017,1726.00,15.56,-11.78
BKF,2026-02-08 18:58,-104.7517,39.7017,1726.00,16.00,-13.33
BKF,2026-02-08 19:58,-104.7517,39.7017,1726.00,17.89,-13.00
BKF,2026-02-08 20:58,-104.7517,39.7017,1726.00,17.61,-13.33
BKF,2026-02-08 21:58,-104.7517,39.7017,1726.00,17.61,-12.22
BKF,2026-02-08 22:58,-104.7517,39.7017,1726.00,16.78,-11.78
BKF,2026-02-08 23:58,-104.7517,39.7017,1726.00,15.56,-11.89
BKF,2026-02-09 00:58,-104.7517,39.7017,1726.00,12.22,-12.11
BKF,2026-02-09 01:58,-104.7517,39.7017,1726.00,8.89,-12.39
BKF,2026-02-09 02:58,-104.7517,39.7017,1726.00,9.22,-11.39
BKF,2026-02-09 03:58,-104.7517,39.7017,1726.00,7.61,-10.22
BKF,2026-02-09 04:58,-104.7517,39.7017,1726.00,8.11,-10.28
BKF,2026-02-09 05:58,-104.7517,39.7017,1726.00,8.89,-9.11
BKF,2026-02-09 06:58,-104.7517,39.7017,1726.00,6.11,-11.00
BKF,2026-02-09 07:58,-104.7517,39.7017,1726.00,7.50,-10.00
BKF,2026-02-09 08:58,-104.7517,39.7017,1726.00,7.50,-10.28
BKF,2026-02-09 09:58,-104.7517,39.7017,1726.00,7.78,-12.78
BKF,2026-02-09 10:58,-104.7517,39.7017,1726.00,4.44,-13.89
BKF,2026-02-09 11:58,-104.7517,39.7017,1726.00,9.28,-13.22
BKF,2026-02-09 12:58,-104.7517,39.7017,1726.00,5.00,-14.44
BKF,2026-02-09 13:58,-104.7517,39.7017,1726.00,3.33,-13.50
BKF,2026-02-09 14:58,-104.7517,39.7017,1726.00,6.78,-12.89
BKF,2026-02-09 15:58,-104.7517,39.7017,1726.00,12.11,-14.61
BKF,2026-02-09 16:58,-104.7517,39.7017,1726.00,13.33,-14.61
BKF,2026-02-09 17:58,-104.7517,39.7017,1726.00,17.78,-17.00
BKF,2026-02-09 18:58,-104.7517,39.7017,1726.00,19.28,-19.28
BKF,2026-02-09 19:58,-104.7517,39.7017,1726.00,20.72,-20.39
BKF,2026-02-09 20:58,-104.7517,39.7017,1726.00,20.39,-20.56
BKF,2026-02-09 21:58,-104.7517,39.7017,1726.00,20.00,-15.28
BKF,2026-02-09 22:58,-104.7517,39.7017,1726.00,17.89,-14.22
BKF,2026-02-09 23:58,-104.7517,39.7017,1726.00,14.61,-15.56
BKF,2026-02-10 00:58,-104.7517,39.7017,1726.00,11.39,-14.44
BKF,2026-02-10 01:58,-104.7517,39.7017,1726.00,11.00,-14.72
BKF,2026-02-10 02:58,-104.7517,39.7017,1726.00,11.11,-15.39
BKF,2026-02-10 03:58,-104.7517,39.7017,1726.00,7.50,-6.28
BKF,2026-02-10 04:58,-104.7517,39.7017,1726.00,7.22,-5.39
BKF,2026-02-10 05:58,-104.7517,39.7017,1726.00,6.11,-5.56
BKF,2026-02-10 06:58,-104.7517,39.7017,1726.00,5.78,-5.56
BKF,2026-02-10 07:58,-104.7517,39.7017,1726.00,5.00,-6.28
BKF,2026-02-10 08:58,-104.7517,39.7017,1726.00,3.61,-6.11
BKF,2026-02-10 09:58,-104.7517,39.7017,1726.00,2.22,-5.00
BKF,2026-02-10 10:58,-104.7517,39.7017,1726.00,1.50,-4.22
BKF,2026-02-10 11:58,-104.7517,39.7017,1726.00,0.56,-4.22
BKF,2026-02-10 12:58,-104.7517,39.7017,1726.00,0.72,-4.00
BKF,2026-02-10 13:58,-104.7517,39.7017,1726.00,-0.72,-5.00
BKF,2026-02-10 14:58,-104.7517,39.7017,1726.00,0.00,-5.00
BKF,2026-02-10 15:58,-104.7517,39.7017,1726.00,2.61,-4.22
BKF,2026-02-10 16:58,-104.7517,39.7017,1726.00,2.61,-6.28
BKF,2026-02-10 17:58,-104.7517,39.7017,1726.00,4.61,-6.67
BKF,2026-02-10 21:58,-104.7517,39.7017,1726.00,6.78,-8.89
BKF,2026-02-10 22:58,-104.7517,39.7017,1726.00,6.11,-8.22
BKF,2026-02-11 00:58,-104.7517,39.7017,1726.00,2.11,-7.78
BKF,2026-02-11 01:58,-104.7517,39.7017,1726.00,0.28,-7.22
BKF,2026-02-11 02:58,-104.7517,39.7017,1726.00,-1.00,-7.00
BKF,2026-02-11 03:58,-104.7517,39.7017,1726.00,-3.11,-8.00
BKF,2026-02-11 04:58,-104.7517,39.7017,1726.00,-1.67,-6.67
BKF,2026-02-11 05:58,-104.7517,39.7017,1726.00,-2.50,-7.39
BKF,2026-02-11 06:58,-104.7517,39.7017,1726.00,-1.00,-6.00
BKF,2026-02-11 07:58,-104.7517,39.7017,1726.00,-1.39,-6.39
BKF,2026-02-11 08:58,-104.7517,39.7017,1726.00,-0.56,-5.56
BKF,2026-02-11 09:58,-104.7517,39.7017,1726.00,-2.89,-6.67
BKF,2026-02-11 10:58,-104.7517,39.7017,1726.00,-2.22,-6.67
BKF,2026-02-11 11:58,-104.7517,39.7017,1726.00,-1.67,-6.39
BKF,2026-02-11 12:58,-104.7517,39.7017,1726.00,-2.11,-6.11
BKF,2026-02-11 13:58,-104.7517,39.7017,1726.00,-1.11,-5.56
BKF,2026-02-11 14:58,-104.7517,39.7017,1726.00,-0.78,-5.72
BKF,2026-02-11 15:58,-104.7517,39.7017,1726.00,0.00,-5.56
BKF,2026-02-11 16:58,-104.7517,39.7017,1726.00,3.11,-5.56
BKF,2026-02-11 17:58,-104.7517,39.7017,1726.00,7.22,-5.39
BKF,2026-02-11 18:58,-104.7517,39.7017,1726.00,9.22,-6.67
BKF,2026-02-11 19:58,-104.7517,39.7017,1726.00,13.33,-5.22
BKF,2026-02-11 20:58,-104.7517,39.7017,1726.00,15.39,-5.56
BKF,2026-02-11 21:58,-104.7517,39.7017,1726.00,15.00,-6.11
BKF,2026-02-11 22:58,-104.7517,39.7017,1726.00,14.44,-6.50
BKF,2026-02-11 23:58,-104.7517,39.7017,1726.00,11.50,-6.89
BKF,2026-02-12 00:58,-104.7517,39.7017,1726.00,7.50,-7.00
BKF,2026-02-12 01:58,-104.7517,39.7017,1726.00,6.67,-5.72
BKF,2026-02-12 02:58,-104.7517,39.7017,1726.00,6.11,-5.56
BKF,2026-02-12 03:58,-104.7517,39.7017,1726.00,8.00,-5.00
BKF,2026-02-12 04:58,-104.7517,39.7017,1726.00,4.72,-7.39
BKF,2026-02-12 05:58,-104.7517,39.7017,1726.00,4.44,-7.61
BKF,2026-02-12 06:58,-104.7517,39.7017,1726.00,3.89,-7.22
BKF,2026-02-12 07:58,-104.7517,39.7017,1726.00,3.50,-7.22
BKF,2026-02-12 08:58,-104.7517,39.7017,1726.00,5.00,-5.56
BKF,2026-02-12 09:58,-104.7517,39.7017,1726.00,4.28,-6.28
BKF,2026-02-12 10:58,-104.7517,39.7017,1726.00,3.61,-6.11
BKF,2026-02-12 11:58,-104.7517,39.7017,1726.00,5.00,-4.72
BKF,2026-02-12 12:58,-104.7517,39.7017,1726.00,4.28,-5.56
BKF,2026-02-12 13:58,-104.7517,39.7017,1726.00,3.33,-5.56
BKF,2026-02-12 14:58,-104.7517,39.7017,1726.00,4.44,-5.89
BKF,2026-02-12 15:58,-104.7517,39.7017,1726.00,5.56,-5.00
BKF,2026-02-12 16:58,-104.7517,39.7017,1726.00,7.78,-6.39
BKF,2026-02-12 17:58,-104.7517,39.7017,1726.00,10.28,-5.72
BKF,2026-02-12 18:58,-104.7517,39.7017,1726.00,12.89,-4.72
BKF,2026-02-12 19:58,-104.7517,39.7017,1726.00,13.11,-5.56
BKF,2026-02-12 20:58,-104.7517,39.7017,1726.00,15.00,-6.67
BKF,2026-02-12 21:58,-104.7517,39.7017,1726.00,14.78,-6.67
BKF,2026-02-12 22:58,-104.7517,39.7017,1726.00,14.78,-6.67
BKF,2026-02-12 23:58,-104.7517,39.7017,1726.00,13.11,-6.00
BKF,2026-02-13 00:58,-104.7517,39.7017,1726.00,11.28,-4.78
BKF,2026-02-13 01:58,-104.7517,39.7017,1726.00,9.72,-3.89
BKF,2026-02-13 02:58,-104.7517,39.7017,1726.00,6.89,-3.89
BKF,2026-02-13 03:58,-104.7517,39.7017,1726.00,5.89,-3.50
BKF,2026-02-13 04:58,-104.7517,39.7017,1726.00,5.28,-3.00
BKF,2026-02-13 05:58,-104.7517,39.7017,1726.00,3.50,-3.33
BKF,2026-02-13 06:58,-104.7517,39.7017,1726.00,2.39,-2.89
BKF,2026-02-13 07:58,-104.7517,39.7017,1726.00,3.11,-1.78
BKF,2026-02-13 08:58,-104.7517,39.7017,1726.00,3.33,-1.50
BKF,2026-02-13 09:58,-104.7517,39.7017,1726.00,0.00,-3.33
BKF,2026-02-13 10:58,-104.7517,39.7017,1726.00,-1.11,-3.72
BKF,2026-02-13 11:58,-104.7517,39.7017,1726.00,-0.89,-3.89
BKF,2026-02-13 12:58,-104.7517,39.7017,1726.00,-0.56,-3.89
BKF,2026-02-13 13:58,-104.7517,39.7017,1726.00,-0.39,-3.61
BKF,2026-02-13 14:58,-104.7517,39.7017,1726.00,3.00,-1.11
BKF,2026-02-13 15:58,-104.7517,39.7017,1726.00,7.00,-1.11
BKF,2026-02-13 16:58,-104.7517,39.7017,1726.00,10.89,-1.50
BKF,2026-02-13 17:58,-104.7517,39.7017,1726.00,10.78,-3.00
BKF,2026-02-13 18:58,-104.7517,39.7017,1726.00,13.33,-3.89
BKF,2026-02-13 19:58,-104.7517,39.7017,1726.00,13.22,-5.39
BKF,2026-02-13 20:58,-104.7517,39.7017,1726.00,13.33,-5.28
BKF,2026-02-13 21:58,-104.7517,39.7017,1726.00,12.50,-5.00
BKF,2026-02-13 22:58,-104.7517,39.7017,1726.00,11.89,-3.89
BKF,2026-02-13 23:58,-104.7517,39.7017,1726.00,10.78,-3.33
BKF,2026-02-14 00:58,-104.7517,39.7017,1726.00,9.44,-2.78
BKF,2026-02-14 01:58,-104.7517,39.7017,1726.00,8.61,-1.50
BKF,2026-02-14 02:58,-104.7517,39.7017,1726.00,7.22,-1.11
BKF,2026-02-14 03:58,-104.7517,39.7017,1726.00,5.78,0.00
BKF,2026-02-14 04:58,-104.7517,39.7017,1726.00,7.00,2.89
BKF,2026-02-14 05:58,-104.7517,39.7017,1726.00,5.72,2.89
BKF,2026-02-14 06:58,-104.7517,39.7017,1726.00,5.00,3.11
BKF,2026-02-14 07:58,-104.7517,39.7017,1726.00,5.00,2.78
BKF,2026-02-14 08:58,-104.7517,39.7017,1726.00,4.44,2.11
BKF,2026-02-14 09:58,-104.7517,39.7017,1726.00,2.78,0.00
BKF,2026-02-14 10:58,-104.7517,39.7017,1726.00,4.00,0.56
BKF,2026-02-14 11:58,-104.7517,39.7017,1726.00,4.44,0.39
BKF,2026-02-14 12:58,-104.7517,39.7017,1726.00,0.89,-2.22
BKF,2026-02-14 13:58,-104.7517,39.7017,1726.00,1.78,-0.89
BKF,2026-02-14 14:58,-104.7517,39.7017,1726.00,3.89,0.56
BKF,2026-02-14 15:58,-104.7517,39.7017,1726.00,6.11,-3.00
BKF,2026-02-14 16:58,-104.7517,39.7017,1726.00,6.89,-4.78
BKF,2026-02-14 17:58,-104.7517,39.7017,1726.00,9.78,-7.89
BKF,2026-02-14 18:58,-104.7517,39.7017,1726.00,10.39,-8.33
BKF,2026-02-14 19:58,-104.7517,39.7017,1726.00,11.89,-11.00
BKF,2026-02-14 20:58,-104.7517,39.7017,1726.00,12.78,-12.39
BKF,2026-02-14 21:58,-104.7517,39.7017,1726.00,13.22,-14.72
BKF,2026-02-14 22:58,-104.7517,39.7017,1726.00,13.50,-14.44
BKF,2026-02-14 23:58,-104.7517,39.7017,1726.00,11.11,-15.39
BKF,2026-02-15 00:58,-104.7517,39.7017,1726.00,5.89,-16.67
BKF,2026-02-15 01:58,-104.7517,39.7017,1726.00,5.00,-15.00
BKF,2026-02-15 02:58,-104.7517,39.7017,1726.00,2.50,-14.61
BKF,2026-02-15 03:58,-104.7517,39.7017,1726.00,1.89,-13.89
BKF,2026-02-15 04:58,-104.7517,39.7017,1726.00,3.11,-13.72
BKF,2026-02-15 05:58,-104.7517,39.7017,1726.00,5.00,-13.89
BKF,2026-02-15 06:58,-104.7517,39.7017,1726.00,1.67,-12.61
BKF,2026-02-15 07:58,-104.7517,39.7017,1726.00,4.28,-13.11
BKF,2026-02-15 08:58,-104.7517,39.7017,1726.00,5.56,-13.89
BKF,2026-02-15 09:58,-104.7517,39.7017,1726.00,0.72,-14.11
BKF,2026-02-15 10:58,-104.7517,39.7017,1726.00,-0.78,-10.00
BKF,2026-02-15 11:58,-104.7517,39.7017,1726.00,-1.28,-10.72
BKF,2026-02-15 12:58,-104.7517,39.7017,1726.00,0.00,-9.11
BKF,2026-02-15 13:58,-104.7517,39.7017,1726.00,1.39,-8.33
BKF,2026-02-15 14:58,-104.7517,39.7017,1726.00,4.44,-7.39
BKF,2026-02-15 15:58,-104.7517,39.7017,1726.00,10.39,-6.00
BKF,2026-02-15 16:58,-104.7517,39.7017,1726.00,13.11,-8.22
BKF,2026-02-15 17:58,-104.7517,39.7017,1726.00,15.89,-9.11
BKF,2026-02-15 18:58,-104.7517,39.7017,1726.00,17.89,-11.89
BKF,2026-02-15 19:58,-104.7517,39.7017,1726.00,20.00,-15.39
BKF,2026-02-15 20:58,-104.7517,39.7017,1726.00,20.56,-16.50
BKF,2026-02-15 21:58,-104.7517,39.7017,1726.00,19.72,-19.00
BKF,2026-02-15 22:58,-104.7517,39.7017,1726.00,19.22,-21.39
BKF,2026-02-15 23:58,-104.7517,39.7017,1726.00,17.39,-22.78
BKF,2026-02-16 00:58,-104.7517,39.7017,1726.00,13.11,-20.56
BKF,2026-02-16 01:58,-104.7517,39.7017,1726.00,7.89,-18.89
BKF,2026-02-16 02:58,-104.7517,39.7017,1726.00,9.11,-18.89
BKF,2026-02-16 03:58,-104.7517,39.7017,1726.00,8.00,-17.89
BKF,2026-02-16 04:58,-104.7517,39.7017,1726.00,10.56,-18.72
BKF,2026-02-16 05:58,-104.7517,39.7017,1726.00,4.61,-17.78
BKF,2026-02-16 06:58,-104.7517,39.7017,1726.00,6.67,-17.39
BKF,2026-02-16 07:58,-104.7517,39.7017,1726.00,7.50,-17.50
BKF,2026-02-16 08:58,-104.7517,39.7017,1726.00,8.22,-15.39
BKF,2026-02-16 09:58,-104.7517,39.7017,1726.00,6.28,-17.00
BKF,2026-02-16 10:58,-104.7517,39.7017,1726.00,7.22,-18.50
BKF,2026-02-16 11:58,-104.7517,39.7017,1726.00,5.78,-15.00
BKF,2026-02-16 12:58,-104.7517,39.7017,1726.00,7.22,-12.00
BKF,2026-02-16 13:58,-104.7517,39.7017,1726.00,1.00,-13.11
BKF,2026-02-16 14:58,-104.7517,39.7017,1726.00,0.00,-13.33
BKF,2026-02-16 15:58,-104.7517,39.7017,1726.00,10.22,-12.39
BKF,2026-02-16 16:58,-104.7517,39.7017,1726.00,15.00,-9.22
BKF,2026-02-16 17:58,-104.7517,39.7017,1726.00,17.00,-9.00
BKF,2026-02-16 18:58,-104.7517,39.7017,1726.00,17.22,-10.56
BKF,2026-02-16 19:58,-104.7517,39.7017,1726.00,20.00,-11.50
BKF,2026-02-16 20:58,-104.7517,39.7017,1726.00,19.44,-10.78
BKF,2026-02-16 21:58,-104.7517,39.7017,1726.00,19.44,-10.72
BKF,2026-02-16 22:58,-104.7517,39.7017,1726.00,15.39,-11.11
BKF,2026-02-16 23:58,-104.7517,39.7017,1726.00,14.00,-10.72
BKF,2026-02-17 00:58,-104.7517,39.7017,1726.00,12.22,-10.72
BKF,2026-02-17 01:58,-104.7517,39.7017,1726.00,9.11,-11.00
BKF,2026-02-17 02:58,-104.7517,39.7017,1726.00,8.89,-9.22
BKF,2026-02-17 03:58,-104.7517,39.7017,1726.00,10.00,-8.22
BKF,2026-02-17 04:58,-104.7517,39.7017,1726.00,10.00,-7.22
BKF,2026-02-17 05:58,-104.7517,39.7017,1726.00,11.50,-9.44
BKF,2026-02-17 06:58,-104.7517,39.7017,1726.00,12.11,-10.22
BKF,2026-02-17 07:58,-104.7517,39.7017,1726.00,12.22,-10.00
BKF,2026-02-17 08:58,-104.7517,39.7017,1726.00,9.72,-10.00
BKF,2026-02-17 09:58,-104.7517,39.7017,1726.00,11.78,-9.78
BKF,2026-02-17 10:58,-104.7517,39.7017,1726.00,12.00,-9.72
BKF,2026-02-17 11:58,-104.7517,39.7017,1726.00,11.78,-8.72
BKF,2026-02-17 12:58,-104.7517,39.7017,1726.00,11.11,-8.22
BKF,2026-02-17 13:58,-104.7517,39.7017,1726.00,10.39,-7.78
BKF,2026-02-17 14:58,-104.7517,39.7017,1726.00,12.22,-7.22
BKF,2026-02-17 15:58,-104.7517,39.7017,1726.00,11.11,-3.89
BKF,2026-02-17 16:58,-104.7517,39.7017,1726.00,8.89,-1.67
BKF,2026-02-17 17:58,-104.7517,39.7017,1726.00,10.39,-3.72
BKF,2026-02-17 18:58,-104.7517,39.7017,1726.00,12.50,-18.33
BKF,2026-02-17 19:58,-104.7517,39.7017,1726.00,11.28,-21.89
BKF,2026-02-17 20:58,-104.7517,39.7017,1726.00,10.22,-18.00
BKF,2026-02-17 21:58,-104.7517,39.7017,1726.00,11.50,-17.00
BKF,2026-02-17 22:58,-104.7517,39.7017,1726.00,10.00,-18.11
BKF,2026-02-17 23:58,-104.7517,39.7017,1726.00,7.50,-15.28
BKF,2026-02-18 00:58,-104.7517,39.7017,1726.00,6.11,-12.50
BKF,2026-02-18 01:58,-104.7517,39.7017,1726.00,5.56,-12.89
BKF,2026-02-18 02:58,-104.7517,39.7017,1726.00,5.56,-13.89
BKF,2026-02-18 03:58,-104.7517,39.7017,1726.00,-0.28,-4.00
BKF,2026-02-18 04:58,-104.7517,39.7017,1726.00,-2.00,-5.72
BKF,2026-02-18 05:58,-104.7517,39.7017,1726.00,-3.33,-6.39
BKF,2026-02-18 06:58,-104.7517,39.7017,1726.00,-2.78,-6.39
BKF,2026-02-18 07:58,-104.7517,39.7017,1726.00,-2.00,-6.67
BKF,2026-02-18 08:58,-104.7517,39.7017,1726.00,-1.28,-8.72
BKF,2026-02-18 09:58,-104.7517,39.7017,1726.00,0.78,-9.22
BKF,2026-02-18 10:58,-104.7517,39.7017,1726.00,0.00,-10.00
BKF,2026-02-18 11:58,-104.7517,39.7017,1726.00,-0.39,-9.78
BKF,2026-02-18 12:58,-104.7517,39.7017,1726.00,0.22,-10.28
BKF,2026-02-18 13:58,-104.7517,39.7017,1726.00,1.67,-10.56
BKF,2026-02-18 14:58,-104.7517,39.7017,1726.00,5.00,-10.78
BKF,2026-02-18 15:58,-104.7517,39.7017,1726.00,7.22,-11.00
BKF,2026-02-18 16:58,-104.7517,39.7017,1726.00,9.44,-10.72
BKF,2026-02-18 17:58,-104.7517,39.7017,1726.00,8.33,-12.11
BKF,2026-02-18 18:58,-104.7517,39.7017,1726.00,11.78,-15.00
BKF,2026-02-18 19:58,-104.7517,39.7017,1726.00,10.39,-16.00
BKF,2026-02-18 22:58,-104.7517,39.7017,1726.00,9.44,-17.61
BKF,2026-02-18 23:58,-104.7517,39.7017,1726.00,8.89,-15.00
BKF,2026-02-19 00:58,-104.7517,39.7017,1726.00,7.61,-14.61
BKF,2026-02-19 01:58,-104.7517,39.7017,1726.00,4.78,-12.22
BKF,2026-02-19 02:58,-104.7517,39.7017,1726.00,6.50,-6.78
BKF,2026-02-19 03:58,-104.7517,39.7017,1726.00,4.22,-8.50
BKF,2026-02-19 04:58,-104.7517,39.7017,1726.00,3.72,-10.00
BKF,2026-02-19 05:58,-104.7517,39.7017,1726.00,1.67,-19.00
BKF,2026-02-19 06:58,-104.7517,39.7017,1726.00,1.50,-16.89
BKF,2026-02-19 07:58,-104.7517,39.7017,1726.00,0.22,-5.78
BKF,2026-02-19 08:58,-104.7517,39.7017,1726.00,-0.28,-4.44
BKF,2026-02-19 09:58,-104.7517,39.7017,1726.00,-1.78,-5.28
BKF,2026-02-19 10:58,-104.7517,39.7017,1726.00,-5.39,-7.78
BKF,2026-02-19 11:58,-104.7517,39.7017,1726.00,-4.72,-6.39
BKF,2026-02-19 12:58,-104.7517,39.7017,1726.00,-7.39,-8.89
BKF,2026-02-19 13:58,-104.7517,39.7017,1726.00,-7.22,-8.72
BKF,2026-02-19 14:58,-104.7517,39.7017,1726.00,-5.28,-7.61
BKF,2026-02-19 15:58,-104.7517,39.7017,1726.00,-3.89,-8.33
BKF,2026-02-19 19:58,-104.7517,39.7017,1726.00,0.00,-14.78
BKF,2026-02-19 20:58,-104.7517,39.7017,1726.00,1.00,-15.56
BKF,2026-02-19 21:58,-104.7517,39.7017,1726.00,0.56,-14.72
BKF,2026-02-19 22:58,-104.7517,39.7017,1726.00,1.39,-20.39
BKF,2026-02-19 23:58,-104.7517,39.7017,1726.00,0.56,-20.56
BKF,2026-02-20 00:58,-104.7517,39.7017,1726.00,-1.11,-18.72
BKF,2026-02-20 01:58,-104.7517,39.7017,1726.00,-3.22,-20.00
BKF,2026-02-20 02:58,-104.7517,39.7017,1726.00,-5.89,-14.44
BKF,2026-02-20 03:58,-104.7517,39.7017,1726.00,-6.50,-13.22
BKF,2026-02-20 04:58,-104.7517,39.7017,1726.00,-7.39,-13.89
BKF,2026-02-20 05:58,-104.7517,39.7017,1726.00,-8.22,-14.00
BKF,2026-02-20 06:58,-104.7517,39.7017,1726.00,-9.61,-15.56
BKF,2026-02-20 07:58,-104.7517,39.7017,1726.00,-6.89,-13.61
BKF,2026-02-20 08:58,-104.7517,39.7017,1726.00,-8.61,-13.89
BKF,2026-02-20 09:58,-104.7517,39.7017,1726.00,-10.00,-13.89
BKF,2026-02-20 10:58,-104.7517,39.7017,1726.00,-10.56,-13.61
BKF,2026-02-20 11:58,-104.7517,39.7017,1726.00,-10.00,-13.22
BKF,2026-02-20 12:58,-104.7517,39.7017,1726.00,-10.22,-13.50
BKF,2026-02-20 13:58,-104.7517,39.7017,1726.00,-11.11,-14.78
BKF,2026-02-20 14:58,-104.7517,39.7017,1726.00,-8.33,-12.11
BKF,2026-02-20 15:58,-104.7517,39.7017,1726.00,-6.00,-11.67
BKF,2026-02-20 16:58,-104.7517,39.7017,1726.00,-4.28,-12.00
BKF,2026-02-20 17:58,-104.7517,39.7017,1726.00,-3.72,-11.67
BKF,2026-02-20 18:58,-104.7517,39.7017,1726.00,-2.89,-10.22
BKF,2026-02-20 19:58,-104.7517,39.7017,1726.00,-2.22,-10.00
BKF,2026-02-20 20:58,-104.7517,39.7017,1726.00,-2.00,-10.00
BKF,2026-02-20 21:58,-104.7517,39.7017,1726.00,-2.22,-10.00
BKF,2026-02-20 22:58,-104.7517,39.7017,1726.00,-4.11,-7.50
BKF,2026-02-20 23:58,-104.7517,39.7017,1726.00,-4.44,-7.22
BKF,2026-02-21 00:36,-104.7517,39.7017,1726.00,-4.00,-8.00
BKF,2026-02-21 01:58,-104.7517,39.7017,1726.00,-5.00,-7.78
BKF,2026-02-21 02:58,-104.7517,39.7017,1726.00,-5.00,-7.78
BKF,2026-02-21 03:58,-104.7517,39.7017,1726.00,-5.22,-7.50
BKF,2026-02-21 04:58,-104.7517,39.7017,1726.00,-6.28,-8.11
BKF,2026-02-21 05:58,-104.7517,39.7017,1726.00,-8.11,-10.22
BKF,2026-02-21 06:58,-104.7517,39.7017,1726.00,-8.89,-11.11
BKF,2026-02-21 07:58,-104.7517,39.7017,1726.00,-9.22,-12.00
BKF,2026-02-21 08:58,-104.7517,39.7017,1726.00,-7.39,-12.22
BKF,2026-02-21 09:58,-104.7517,39.7017,1726.00,-9.11,-13.89
BKF,2026-02-21 10:58,-104.7517,39.7017,1726.00,-8.22,-13.33
BKF,2026-02-21 11:58,-104.7517,39.7017,1726.00,-5.89,-15.22
BKF,2026-02-21 12:58,-104.7517,39.7017,1726.00,-7.61,-16.67
BKF,2026-02-21 13:58,-104.7517,39.7017,1726.00,-7.50,-16.39
BKF,2026-02-21 14:58,-104.7517,39.7017,1726.00,-6.00,-13.22
BKF,2026-02-21 15:58,-104.7517,39.7017,1726.00,-1.78,-13.61
BKF,2026-02-21 16:58,-104.7517,39.7017,1726.00,0.56,-13.89
BKF,2026-02-21 17:58,-104.7517,39.7017,1726.00,2.50,-18.89
BKF,2026-02-21 18:58,-104.7517,39.7017,1726.00,5.00,-18.89
BKF,2026-02-21 19:58,-104.7517,39.7017,1726.00,7.50,-20.00
BKF,2026-02-21 20:58,-104.7517,39.7017,1726.00,6.89,-19.72
BKF,2026-02-21 21:58,-104.7517,39.7017,1726.00,7.22,-18.61
BKF,2026-02-21 22:58,-104.7517,39.7017,1726.00,5.56,-18.33
BKF,2026-02-21 23:58,-104.7517,39.7017,1726.00,5.56,-16.28
BKF,2026-02-22 00:58,-104.7517,39.7017,1726.00,1.00,-13.50
BKF,2026-02-22 01:58,-104.7517,39.7017,1726.00,-0.28,-12.61
BKF,2026-02-22 02:58,-104.7517,39.7017,1726.00,-2.22,-12.89
BKF,2026-02-22 03:58,-104.7517,39.7017,1726.00,-3.22,-12.22
BKF,2026-02-22 04:58,-104.7517,39.7017,1726.00,-5.22,-12.39
BKF,2026-02-22 05:58,-104.7517,39.7017,1726.00,-5.00,-12.11
BKF,2026-02-22 06:58,-104.7517,39.7017,1726.00,-7.22,-13.61
BKF,2026-02-22 07:58,-104.7517,39.7017,1726.00,-7.78,-12.78
BKF,2026-02-22 08:58,-104.7517,39.7017,1726.00,-7.89,-12.78
BKF,2026-02-22 09:58,-104.7517,39.7017,1726.00,-9.61,-13.33
BKF,2026-02-22 10:58,-104.7517,39.7017,1726.00,-9.78,-13.33
BKF,2026-02-22 11:58,-104.7517,39.7017,1726.00,-8.33,-12.22
BKF,2026-02-22 12:58,-104.7517,39.7017,1726.00,-8.89,-12.22
BKF,2026-02-22 13:58,-104.7517,39.7017,1726.00,-9.44,-12.78
BKF,2026-02-22 14:58,-104.7517,39.7017,1726.00,-6.67,-10.78
BKF,2026-02-22 15:58,-104.7517,39.7017,1726.00,-3.00,-10.56
BKF,2026-02-22 16:58,-104.7517,39.7017,1726.00,0.00,-13.00
BKF,2026-02-22 17:58,-104.7517,39.7017,1726.00,3.89,-13.11
BKF,2026-02-22 18:58,-104.7517,39.7017,1726.00,8.22,-12.89
BKF,2026-02-22 19:58,-104.7517,39.7017,1726.00,10.78,-17.50
BKF,2026-02-22 20:58,-104.7517,39.7017,1726.00,12.39,-16.28
BKF,2026-02-22 21:58,-104.7517,39.7017,1726.00,12.89,-15.00
BKF,2026-02-22 22:58,-104.7517,39.7017,1726.00,11.89,-15.72
BKF,2026-02-22 23:58,-104.7517,39.7017,1726.00,10.00,-14.78
BKF,2026-02-23 00:58,-104.7517,39.7017,1726.00,5.00,-14.00
BKF,2026-02-23 01:58,-104.7517,39.7017,1726.00,1.28,-13.00
BKF,2026-02-23 02:58,-104.7517,39.7017,1726.00,0.56,-12.11
BKF,2026-02-23 03:58,-104.7517,39.7017,1726.00,0.00,-12.22
BKF,2026-02-23 04:58,-104.7517,39.7017,1726.00,-2.89,-13.22
BKF,2026-02-23 05:58,-104.7517,39.7017,1726.00,-2.61,-12.61
BKF,2026-02-23 06:58,-104.7517,39.7017,1726.00,-3.00,-13.33
BKF,2026-02-23 07:58,-104.7517,39.7017,1726.00,-4.44,-13.50
BKF,2026-02-23 08:58,-104.7517,39.7017,1726.00,0.72,-13.89
BKF,2026-02-23 09:58,-104.7517,39.7017,1726.00,0.56,-13.89
BKF,2026-02-23 10:58,-104.7517,39.7017,1726.00,-1.11,-13.61
BKF,2026-02-23 11:58,-104.7517,39.7017,1726.00,0.00,-14.44
BKF,2026-02-23 12:58,-104.7517,39.7017,1726.00,0.78,-15.22
BKF,2026-02-23 13:58,-104.7517,39.7017,1726.00,1.11,-15.28
BKF,2026-02-23 14:58,-104.7517,39.7017,1726.00,6.11,-14.61
BKF,2026-02-23 15:58,-104.7517,39.7017,1726.00,11.11,-16.28
BKF,2026-02-23 16:58,-104.7517,39.7017,1726.00,13.89,-17.22
BKF,2026-02-23 17:58,-104.7517,39.7017,1726.00,15.78,-17.11
BKF,2026-02-23 18:58,-104.7517,39.7017,1726.00,16.67,-19.44
BKF,2026-02-23 19:58,-104.7517,39.7017,1726.00,18.00,-20.22
BKF,2026-02-23 20:58,-104.7517,39.7017,1726.00,17.50,-18.89
BKF,2026-02-23 21:58,-104.7517,39.7017,1726.00,17.22,-18.89
BKF,2026-02-23 22:58,-104.7517,39.7017,1726.00,16.28,-18.11
BKF,2026-02-23 23:58,-104.7517,39.7017,1726.00,15.89,-18.33
BKF,2026-02-24 00:58,-104.7517,39.7017,1726.00,13.22,-17.78
BKF,2026-02-24 01:58,-104.7517,39.7017,1726.00,10.56,-16.67
BKF,2026-02-24 02:58,-104.7517,39.7017,1726.00,9.11,-17.00
BKF,2026-02-24 03:58,-104.7517,39.7017,1726.00,8.11,-15.56
BKF,2026-02-24 04:58,-104.7517,39.7017,1726.00,7.39,-16.78
BKF,2026-02-24 05:58,-104.7517,39.7017,1726.00,7.78,-16.67
BKF,2026-02-24 06:58,-104.7517,39.7017,1726.00,6.78,-16.67
BKF,2026-02-24 07:58,-104.7517,39.7017,1726.00,7.89,-17.22
BKF,2026-02-24 08:58,-104.7517,39.7017,1726.00,6.67,-16.67
BKF,2026-02-24 09:58,-104.7517,39.7017,1726.00,6.28,-17.00
BKF,2026-02-24 10:58,-104.7517,39.7017,1726.00,6.11,-16.39
BKF,2026-02-24 11:58,-104.7517,39.7017,1726.00,12.11,-16.50
BKF,2026-02-24 12:58,-104.7517,39.7017,1726.00,10.00,-16.39
BKF,2026-02-24 13:58,-104.7517,39.7017,1726.00,9.28,-16.11
BKF,2026-02-24 14:58,-104.7517,39.7017,1726.00,12.61,-16.11
BKF,2026-02-24 15:58,-104.7517,39.7017,1726.00,17.00,-17.61
BKF,2026-02-24 16:58,-104.7517,39.7017,1726.00,17.78,-20.28
BKF,2026-02-24 18:58,-104.7517,39.7017,1726.00,20.56,-18.33
BKF,2026-02-24 19:58,-104.7517,39.7017,1726.00,20.56,-15.00
BKF,2026-02-24 20:58,-104.7517,39.7017,1726.00,20.56,-8.89
BKF,2026-02-24 21:58,-104.7517,39.7017,1726.00,19.72,-7.78
BKF,2026-02-24 22:58,-104.7517,39.7017,1726.00,18.33,-5.72
BKF,2026-02-24 23:58,-104.7517,39.7017,1726.00,18.89,-5.28
BKF,2026-02-25 00:58,-104.7517,39.7017,1726.00,15.28,-5.72
BKF,2026-02-25 01:58,-104.7517,39.7017,1726.00,14.11,-5.00
BKF,2026-02-25 02:58,-104.7517,39.7017,1726.00,12.22,-4.78
BKF,2026-02-25 03:58,-104.7517,39.7017,1726.00,11.67,-3.72
BKF,2026-02-25 04:58,-104.7517,39.7017,1726.00,10.00,-3.61
BKF,2026-02-25 05:58,-104.7517,39.7017,1726.00,9.44,-2.78
BKF,2026-02-25 06:58,-104.7517,39.7017,1726.00,7.50,-4.28
BKF,2026-02-25 07:58,-104.7517,39.7017,1726.00,5.78,-11.28
BKF,2026-02-25 08:58,-104.7517,39.7017,1726.00,5.28,-11.78
BKF,2026-02-25 09:58,-104.7517,39.7017,1726.00,7.61,-10.22
BKF,2026-02-25 10:58,-104.7517,39.7017,1726.00,4.22,-9.22
BKF,2026-02-25 11:58,-104.7517,39.7017,1726.00,5.78,-6.78
BKF,2026-02-25 12:58,-104.7517,39.7017,1726.00,5.22,-5.56
BKF,2026-02-25 13:58,-104.7517,39.7017,1726.00,6.11,-5.56
BKF,2026-02-25 14:58,-104.7517,39.7017,1726.00,11.67,-3.00
BKF,2026-02-25 15:58,-104.7517,39.7017,1726.00,13.72,-1.89
BKF,2026-02-25 16:58,-104.7517,39.7017,1726.00,17.50,-3.33
BKF,2026-02-25 17:58,-104.7517,39.7017,1726.00,19.22,-5.00
BKF,2026-02-25 18:58,-104.7517,39.7017,1726.00,20.56,-6.11
BKF,2026-02-25 19:58,-104.7517,39.7017,1726.00,20.00,-7.39
BKF,2026-02-25 20:58,-104.7517,39.7017,1726.00,20.56,-7.89
BKF,2026-02-25 21:58,-104.7517,39.7017,1726.00,20.00,-10.39
BKF,2026-02-25 22:58,-104.7517,39.7017,1726.00,18.72,-8.50
BKF,2026-02-25 23:58,-104.7517,39.7017,1726.00,17.78,-9.22
BKF,2026-02-26 03:58,-104.7517,39.7017,1726.00,10.39,-2.00
BKF,2026-02-26 04:58,-104.7517,39.7017,1726.00,10.78,-3.72
BKF,2026-02-26 05:58,-104.7517,39.7017,1726.00,10.00,-4.11
BKF,2026-02-26 06:58,-104.7517,39.7017,1726.00,10.39,-5.56
BKF,2026-02-26 07:58,-104.7517,39.7017,1726.00,9.44,-6.89
BKF,2026-02-26 08:58,-104.7517,39.7017,1726.00,10.56,-8.72
BKF,2026-02-26 09:58,-104.7517,39.7017,1726.00,9.28,-7.39
BKF,2026-02-26 10:58,-104.7517,39.7017,1726.00,7.89,-5.89
BKF,2026-02-26 11:58,-104.7517,39.7017,1726.00,7.50,-2.78
BKF,2026-02-26 12:58,-104.7517,39.7017,1726.00,7.00,-3.00
BKF,2026-02-26 13:58,-104.7517,39.7017,1726.00,8.61,-2.39
BKF,2026-02-26 14:58,-104.7517,39.7017,1726.00,9.11,-2.78
BKF,2026-02-26 15:58,-104.7517,39.7017,1726.00,11.00,-3.50
BKF,2026-02-26 16:58,-104.7517,39.7017,1726.00,13.89,-9.44
BKF,2026-02-26 17:58,-104.7517,39.7017,1726.00,14.28,-11.11
BKF,2026-02-26 18:58,-104.7517,39.7017,1726.00,15.00,-12.22
BKF,2026-02-26 19:58,-104.7517,39.7017,1726.00,16.78,-15.00
BKF,2026-02-26 20:58,-104.7517,39.7017,1726.00,16.78,-15.00
BKF,2026-02-26 21:58,-104.7517,39.7017,1726.00,16.39,-13.11
BKF,2026-02-26 22:58,-104.7517,39.7017,1726.00,16.28,-13.22
BKF,2026-02-26 23:58,-104.7517,39.7017,1726.00,15.22,-14.11
BKF,2026-02-27 00:58,-104.7517,39.7017,1726.00,10.72,-12.00
BKF,2026-02-27 01:58,-104.7517,39.7017,1726.00,10.89,-11.11
BKF,2026-02-27 02:58,-104.7517,39.7017,1726.00,7.50,-10.78
BKF,2026-02-27 03:58,-104.7517,39.7017,1726.00,6.39,-10.78
BKF,2026-02-27 04:58,-104.7517,39.7017,1726.00,5.39,-10.39
BKF,2026-02-27 05:58,-104.7517,39.7017,1726.00,5.00,-11.50
BKF,2026-02-27 06:58,-104.7517,39.7017,1726.00,5.00,-11.50
BKF,2026-02-27 07:58,-104.7517,39.7017,1726.00,4.11,-11.89
BKF,2026-02-27 08:58,-104.7517,39.7017,1726.00,3.89,-11.78
BKF,2026-02-27 09:58,-104.7517,39.7017,1726.00,2.22,-12.78
BKF,2026-02-27 10:58,-104.7517,39.7017,1726.00,3.89,-12.50
BKF,2026-02-27 11:58,-104.7517,39.7017,1726.00,2.22,-13.50
BKF,2026-02-27 12:58,-104.7517,39.7017,1726.00,5.00,-11.67
BKF,2026-02-27 13:58,-104.7517,39.7017,1726.00,7.00,-10.28
BKF,2026-02-27 14:58,-104.7517,39.7017,1726.00,12.00,-11.67
BKF,2026-02-27 15:58,-104.7517,39.7017,1726.00,13.22,-12.11
BKF,2026-02-27 16:58,-104.7517,39.7017,1726.00,15.28,-13.00
BKF,2026-02-27 17:58,-104.7517,39.7017,1726.00,16.89,-13.89
BKF,2026-02-27 18:58,-104.7517,39.7017,1726.00,18.33,-18.11
BKF,2026-02-27 19:58,-104.7517,39.7017,1726.00,17.22,-18.89
BKF,2026-02-27 20:58,-104.7517,39.7017,1726.00,17.22,-20.78
BKF,2026-02-27 21:58,-104.7517,39.7017,1726.00,16.89,-19.22
BKF,2026-02-27 22:58,-104.7517,39.7017,1726.00,16.11,-18.22
BKF,2026-02-27 23:58,-104.7517,39.7017,1726.00,15.00,-16.50
BKF,2026-02-28 00:58,-104.7517,39.7017,1726.00,12.78,-12.50
BKF,2026-02-28 01:58,-104.7517,39.7017,1726.00,11.67,-11.89
BKF,2026-02-28 02:58,-104.7517,39.7017,1726.00,12.78,-9.72
BKF,2026-02-28 03:58,-104.7517,39.7017,1726.00,9.61,-10.00
BKF,2026-02-28 04:58,-104.7517,39.7017,1726.00,11.11,-9.78
BKF,2026-02-28 05:58,-104.7517,39.7017,1726.00,5.72,-9.28
BKF,2026-02-28 06:58,-104.7517,39.7017,1726.00,5.78,-9.61
BKF,2026-02-28 07:58,-104.7517,39.7017,1726.00,4.28,-10.56
BKF,2026-02-28 08:58,-104.7517,39.7017,1726.00,3.89,-10.89
BKF,2026-02-28 09:58,-104.7517,39.7017,1726.00,4.61,-11.11
BKF,2026-02-28 10:58,-104.7517,39.7017,1726.00,4.28,-11.00
BKF,2026-02-28 11:58,-104.7517,39.7017,1726.00,4.00,-11.11
BKF,2026-02-28 12:58,-104.7517,39.7017,1726.00,3.89,-10.56
BKF,2026-02-28 13:58,-104.7517,39.7017,1726.00,4.00,-10.56
BKF,2026-02-28 14:58,-104.7517,39.7017,1726.00,9.78,-10.89
BKF,2026-02-28 15:58,-104.7517,39.7017,1726.00,13.89,-11.67
BKF,2026-02-28 16:58,-104.7517,39.7017,1726.00,16.78,-16.28
BKF,2026-02-28 17:58,-104.7517,39.7017,1726.00,18.89,-19.44
BKF,2026-02-28 18:58,-104.7517,39.7017,1726.00,20.00,-23.33
BKF,2026-02-28 19:58,-104.7517,39.7017,1726.00,19.44,-23.89
BKF,2026-02-28 20:58,-104.7517,39.7017,1726.00,19.72,-19.00
BKF,2026-02-28 21:58,-104.7517,39.7017,1726.00,19.44,-15.78
BKF,2026-02-28 22:58,-104.7517,39.7017,1726.00,18.33,-16.67
BKF,2026-02-28 23:58,-104.7517,39.7017,1726.00,16.00,-15.72
BKF,2026-03-01 00:58,-104.7517,39.7017,1726.00,13.89,-15.00
BKF,2026-03-01 01:58,-104.7517,39.7017,1726.00,13.11,-14.72
BKF,2026-03-01 02:58,-104.7517,39.7017,1726.00,9.78,-13.33
BKF,2026-03-01 03:58,-104.7517,39.7017,1726.00,8.72,-12.39
BKF,2026-03-01 04:58,-104.7517,39.7017,1726.00,8.61,-13.89
BKF,2026-03-01 05:58,-104.7517,39.7017,1726.00,10.78,-14.11
BKF,2026-03-01 06:58,-104.7517,39.7017,1726.00,10.56,-12.89
BKF,2026-03-01 07:58,-104.7517,39.7017,1726.00,9.11,-12.78
BKF,2026-03-01 08:58,-104.7517,39.7017,1726.00,7.11,-12.78
BKF,2026-03-01 09:58,-104.7517,39.7017,1726.00,5.56,-9.78
BKF,2026-03-01 10:58,-104.7517,39.7017,1726.00,5.00,-9.61
BKF,2026-03-01 11:58,-104.7517,39.7017,1726.00,4.44,-8.33
BKF,2026-03-01 12:58,-104.7517,39.7017,1726.00,3.22,-8.22
BKF,2026-03-01 13:58,-104.7517,39.7017,1726.00,2.89,-7.89
BKF,2026-03-01 14:58,-104.7517,39.7017,1726.00,4.78,-7.39
BKF,2026-03-01 15:58,-104.7517,39.7017,1726.00,8.33,-7.00
BKF,2026-03-01 16:58,-104.7517,39.7017,1726.00,10.72,-5.78
BKF,2026-03-01 17:58,-104.7517,39.7017,1726.00,13.89,-5.78
BKF,2026-03-01 18:58,-104.7517,39.7017,1726.00,15.89,-4.72
BKF,2026-03-01 19:58,-104.7517,39.7017,1726.00,17.11,-4.78
BKF,2026-03-01 20:58,-104.7517,39.7017,1726.00,17.11,-5.39
BKF,2026-03-01 21:58,-104.7517,39.7017,1726.00,17.11,-4.78
BKF,2026-03-01 22:58,-104.7517,39.7017,1726.00,16.50,-4.72
BKF,2026-03-01 23:58,-104.7517,39.7017,1726.00,15.22,-4.72
BKF,2026-03-02 00:58,-104.7517,39.7017,1726.00,13.22,-5.00
BKF,2026-03-02 01:58,-104.7517,39.7017,1726.00,11.67,-5.00
BKF,2026-03-02 02:58,-104.7517,39.7017,1726.00,11.11,-4.44
BKF,2026-03-02 03:58,-104.7517,39.7017,1726.00,9.22,-5.00
BKF,2026-03-02 04:58,-104.7517,39.7017,1726.00,9.78,-5.00
BKF,2026-03-02 05:58,-104.7517,39.7017,1726.00,9.28,-5.00
BKF,2026-03-02 06:58,-104.7517,39.7017,1726.00,9.11,-5.56
BKF,2026-03-02 07:58,-104.7517,39.7017,1726.00,9.11,-5.89
BKF,2026-03-02 08:58,-104.7517,39.7017,1726.00,9.00,-6.00
BKF,2026-03-02 09:58,-104.7517,39.7017,1726.00,8.72,-6.28
BKF,2026-03-02 10:58,-104.7517,39.7017,1726.00,9.11,-5.89
BKF,2026-03-02 11:58,-104.7517,39.7017,1726.00,9.28,-6.11
BKF,2026-03-02 12:58,-104.7517,39.7017,1726.00,10.39,-5.22
BKF,2026-03-02 13:58,-104.7517,39.7017,1726.00,9.44,-5.28
BKF,2026-03-02 14:58,-104.7517,39.7017,1726.00,9.78,-5.28
BKF,2026-03-02 15:58,-104.7517,39.7017,1726.00,13.33,-5.28
BKF,2026-03-02 16:58,-104.7517,39.7017,1726.00,16.78,-6.28
BKF,2026-03-02 17:58,-104.7517,39.7017,1726.00,19.00,-5.89
BKF,2026-03-02 18:58,-104.7517,39.7017,1726.00,19.78,-6.00
BKF,2026-03-02 19:58,-104.7517,39.7017,1726.00,20.56,-8.89
BKF,2026-03-02 20:58,-104.7517,39.7017,1726.00,21.28,-8.33
BKF,2026-03-02 21:58,-104.7517,39.7017,1726.00,20.89,-9.61
BKF,2026-03-02 22:58,-104.7517,39.7017,1726.00,21.28,-7.22
BKF,2026-03-02 23:58,-104.7517,39.7017,1726.00,19.11,-6.50
BKF,2026-03-03 00:58,-104.7517,39.7017,1726.00,11.11,-6.28
BKF,2026-03-03 01:58,-104.7517,39.7017,1726.00,10.00,-6.00
BKF,2026-03-03 02:58,-104.7517,39.7017,1726.00,8.33,-5.00
BKF,2026-03-03 03:58,-104.7517,39.7017,1726.00,8.33,-4.78
BKF,2026-03-03 04:58,-104.7517,39.7017,1726.00,7.61,-4.22
BKF,2026-03-03 05:58,-104.7517,39.7017,1726.00,6.67,-4.44
BKF,2026-03-03 06:58,-104.7517,39.7017,1726.00,6.28,-4.44
BKF,2026-03-03 07:58,-104.7517,39.7017,1726.00,2.78,-4.28
BKF,2026-03-03 08:58,-104.7517,39.7017,1726.00,0.56,-4.61
BKF,2026-03-03 09:58,-104.7517,39.7017,1726.00,1.89,-3.89
BKF,2026-03-03 10:58,-104.7517,39.7017,1726.00,3.00,-6.00
BKF,2026-03-03 11:58,-104.7517,39.7017,1726.00,2.78,-0.22
BKF,2026-03-03 12:58,-104.7517,39.7017,1726.00,2.78,-0.56
BKF,2026-03-03 13:58,-104.7517,39.7017,1726.00,3.72,1.11
BKF,2026-03-03 14:58,-104.7517,39.7017,1726.00,6.67,1.67
BKF,2026-03-03 15:58,-104.7517,39.7017,1726.00,6.89,4.61
BKF,2026-03-03 16:58,-104.7517,39.7017,1726.00,6.78,4.11
BKF,2026-03-03 17:58,-104.7517,39.7017,1726.00,6.89,4.44
BKF,2026-03-03 18:58,-104.7517,39.7017,1726.00,6.89,4.61
BKF,2026-03-03 19:58,-104.7517,39.7017,1726.00,6.78,3.33
BKF,2026-03-03 20:58,-104.7517,39.7017,1726.00,7.00,3.33
BKF,2026-03-03 21:58,-104.7517,39.7017,1726.00,8.33,2.89
BKF,2026-03-03 22:58,-104.7517,39.7017,1726.00,9.22,3.00
BKF,2026-03-03 23:58,-104.7517,39.7017,1726.00,7.78,1.78
BKF,2026-03-04 00:58,-104.7517,39.7017,1726.00,6.11,3.33
BKF,2026-03-04 01:58,-104.7517,39.7017,1726.00,4.72,1.11
BKF,2026-03-04 02:58,-104.7517,39.7017,1726.00,3.89,0.72
BKF,2026-03-04 03:58,-104.7517,39.7017,1726.00,3.22,0.28
BKF,2026-03-04 04:58,-104.7517,39.7017,1726.00,2.78,0.00
BKF,2026-03-04 05:58,-104.7517,39.7017,1726.00,2.78,0.39
BKF,2026-03-04 06:58,-104.7517,39.7017,1726.00,5.00,1.50
BKF,2026-03-04 07:58,-104.7517,39.7017,1726.00,5.22,2.39
BKF,2026-03-04 08:58,-104.7517,39.7017,1726.00,5.78,2.61
BKF,2026-03-04 09:58,-104.7517,39.7017,1726.00,1.67,-1.00
BKF,2026-03-04 10:58,-104.7517,39.7017,1726.00,1.28,-0.56
BKF,2026-03-04 11:58,-104.7517,39.7017,1726.00,-0.39,-2.00
BKF,2026-03-04 12:58,-104.7517,39.7017,1726.00,0.78,-1.11
BKF,2026-03-04 13:58,-104.7517,39.7017,1726.00,2.39,-0.56
BKF,2026-03-04 14:58,-104.7517,39.7017,1726.00,4.78,0.00
BKF,2026-03-04 15:58,-104.7517,39.7017,1726.00,9.61,-1.78
BKF,2026-03-04 16:58,-104.7517,39.7017,1726.00,10.39,-4.44
BKF,2026-03-04 17:58,-104.7517,39.7017,1726.00,12.22,-5.22
BKF,2026-03-04 18:58,-104.7517,39.7017,1726.00,13.00,-6.67
BKF,2026-03-04 19:58,-104.7517,39.7017,1726.00,14.61,-6.89
BKF,2026-03-04 20:58,-104.7517,39.7017,1726.00,16.11,-7.50
BKF,2026-03-04 21:58,-104.7517,39.7017,1726.00,16.11,-9.72
BKF,2026-03-04 22:58,-104.7517,39.7017,1726.00,16.11,-9.00
BKF,2026-03-04 23:58,-104.7517,39.7017,1726.00,15.89,-9.11
BKF,2026-03-05 00:58,-104.7517,39.7017,1726.00,12.11,-8.33
BKF,2026-03-05 01:58,-104.7517,39.7017,1726.00,9.22,-7.50
BKF,2026-03-05 02:58,-104.7517,39.7017,1726.00,7.00,-6.00
BKF,2026-03-05 03:58,-104.7517,39.7017,1726.00,9.22,-2.39
BKF,2026-03-05 04:58,-104.7517,39.7017,1726.00,8.00,-1.50
BKF,2026-03-05 05:58,-104.7517,39.7017,1726.00,7.22,-1.11
BKF,2026-03-05 06:58,-104.7517,39.7017,1726.00,4.72,-3.33
BKF,2026-03-05 07:58,-104.7517,39.7017,1726.00,7.22,-3.11
BKF,2026-03-05 08:58,-104.7517,39.7017,1726.00,5.56,-3.61
BKF,2026-03-05 09:58,-104.7517,39.7017,1726.00,3.50,-4.72
BKF,2026-03-05 10:58,-104.7517,39.7017,1726.00,3.33,-2.78
BKF,2026-03-05 11:58,-104.7517,39.7017,1726.00,3.11,-3.89
BKF,2026-03-05 12:58,-104.7517,39.7017,1726.00,3.61,-4.78
BKF,2026-03-05 13:58,-104.7517,39.7017,1726.00,4.44,-5.56
BKF,2026-03-05 14:58,-104.7517,39.7017,1726.00,10.89,-8.33
BKF,2026-03-05 15:58,-104.7517,39.7017,1726.00,14.22,-12.11
BKF,2026-03-05 16:58,-104.7517,39.7017,1726.00,15.89,-13.50
BKF,2026-03-05 17:58,-104.7517,39.7017,1726.00,17.00,-12.61
BKF,2026-03-05 18:58,-104.7517,39.7017,1726.00,18.22,-14.00
BKF,2026-03-05 19:58,-104.7517,39.7017,1726.00,19.22,-14.44
BKF,2026-03-05 20:58,-104.7517,39.7017,1726.00,20.00,-15.22
BKF,2026-03-05 21:58,-104.7517,39.7017,1726.00,17.78,-11.11
BKF,2026-03-05 22:58,-104.7517,39.7017,1726.00,19.28,-13.11
BKF,2026-03-05 23:58,-104.7517,39.7017,1726.00,17.39,-13.33
BKF,2026-03-06 00:58,-104.7517,39.7017,1726.00,14.11,-13.89
BKF,2026-03-06 01:58,-104.7517,39.7017,1726.00,13.61,-11.00
BKF,2026-03-06 02:58,-104.7517,39.7017,1726.00,10.00,-10.22
BKF,2026-03-06 03:58,-104.7517,39.7017,1726.00,8.89,-0.78
BKF,2026-03-06 04:58,-104.7517,39.7017,1726.00,7.22,-1.00
BKF,2026-03-06 05:58,-104.7517,39.7017,1726.00,4.44,-1.67
BKF,2026-03-06 06:58,-104.7517,39.7017,1726.00,3.89,-1.00
BKF,2026-03-06 07:58,-104.7517,39.7017,1726.00,4.11,-0.78
BKF,2026-03-06 08:58,-104.7517,39.7017,1726.00,3.00,-1.78
BKF,2026-03-06 09:58,-104.7517,39.7017,1726.00,2.11,-2.61
BKF,2026-03-06 10:58,-104.7517,39.7017,1726.00,1.78,-2.89
BKF,2026-03-06 11:58,-104.7517,39.7017,1726.00,1.39,-2.00
BKF,2026-03-06 12:58,-104.7517,39.7017,1726.00,1.28,-2.11
BKF,2026-03-06 13:58,-104.7517,39.7017,1726.00,0.89,-1.78
BKF,2026-03-06 14:58,-104.7517,39.7017,1726.00,0.56,-0.56
BKF,2026-03-06 15:58,-104.7517,39.7017,1726.00,-0.28,-1.11
BKF,2026-03-06 16:58,-104.7517,39.7017,1726.00,0.72,-0.22
BKF,2026-03-06 17:58,-104.7517,39.7017,1726.00,-0.28,-0.56
BKF,2026-03-06 18:58,-104.7517,39.7017,1726.00,0.28,-0.89
BKF,2026-03-06 19:58,-104.7517,39.7017,1726.00,0.28,-0.89
BKF,2026-03-06 20:58,-104.7517,39.7017,1726.00,0.00,-1.11
BKF,2026-03-06 21:58,-104.7517,39.7017,1726.00,0.00,-1.11
BKF,2026-03-06 22:58,-104.7517,39.7017,1726.00,-0.22,-1.11
BKF,2026-03-06 23:58,-104.7517,39.7017,1726.00,-0.56,-1.67
BKF,2026-03-07 00:58,-104.7517,39.7017,1726.00,-0.22,-1.11
BKF,2026-03-07 01:58,-104.7517,39.7017,1726.00,-0.72,-1.67
BKF,2026-03-07 02:58,-104.7517,39.7017,1726.00,-1.00,-2.11
BKF,2026-03-07 03:58,-104.7517,39.7017,1726.00,-1.11,-2.50
BKF,2026-03-07 04:58,-104.7517,39.7017,1726.00,-1.39,-3.33
BKF,2026-03-07 05:58,-104.7517,39.7017,1726.00,-1.78,-6.89
BKF,2026-03-07 06:58,-104.7517,39.7017,1726.00,-2.78,-4.44
BKF,2026-03-07 07:58,-104.7517,39.7017,1726.00,-4.78,-6.28
BKF,2026-03-07 08:58,-104.7517,39.7017,1726.00,-5.89,-7.89
BKF,2026-03-07 09:58,-104.7517,39.7017,1726.00,-6.78,-9.22
BKF,2026-03-07 10:58,-104.7517,39.7017,1726.00,-6.78,-9.44
BKF,2026-03-07 11:58,-104.7517,39.7017,1726.00,-7.22,-10.28
BKF,2026-03-07 12:58,-104.7517,39.7017,1726.00,-6.67,-10.00
BKF,2026-03-07 13:58,-104.7517,39.7017,1726.00,-7.22,-10.56
BKF,2026-03-07 14:58,-104.7517,39.7017,1726.00,-5.28,-9.72
BKF,2026-03-07 15:58,-104.7517,39.7017,1726.00,-2.11,-7.61
BKF,2026-03-07 16:58,-104.7517,39.7017,1726.00,0.22,-5.78
BKF,2026-03-07 17:58,-104.7517,39.7017,1726.00,2.89,-5.28
BKF,2026-03-07 18:58,-104.7517,39.7017,1726.00,4.61,-5.22
BKF,2026-03-07 19:58,-104.7517,39.7017,1726.00,6.67,-5.39
BKF,2026-03-07 20:58,-104.7517,39.7017,1726.00,8.00,-7.78
BKF,2026-03-07 21:58,-104.7517,39.7017,1726.00,7.89,-7.78
BKF,2026-03-07 22:58,-104.7517,39.7017,1726.00,8.33,-7.78
BKF,2026-03-07 23:58,-104.7517,39.7017,1726.00,7.78,-8.89
BKF,2026-03-08 00:58,-104.7517,39.7017,1726.00,6.89,-9.44
BKF,2026-03-08 01:58,-104.7517,39.7017,1726.00,6.11,-9.00
BKF,2026-03-08 02:58,-104.7517,39.7017,1726.00,3.61,-6.67
BKF,2026-03-08 03:58,-104.7517,39.7017,1726.00,2.11,-6.11
BKF,2026-03-08 04:58,-104.7517,39.7017,1726.00,1.11,-6.67
BKF,2026-03-08 05:58,-104.7517,39.7017,1726.00,1.50,-6.11
BKF,2026-03-08 06:58,-104.7517,39.7017,1726.00,1.11,-7.22
BKF,2026-03-08 07:58,-104.7517,39.7017,1726.00,1.39,-6.89
BKF,2026-03-08 08:58,-104.7517,39.7017,1726.00,0.89,-7.11
BKF,2026-03-08 09:58,-104.7517,39.7017,1726.00,0.78,-7.00
BKF,2026-03-08 10:58,-104.7517,39.7017,1726.00,2.00,-6.78
BKF,2026-03-08 11:58,-104.7517,39.7017,1726.00,2.11,-6.67
BKF,2026-03-08 12:58,-104.7517,39.7017,1726.00,1.67,-7.39
BKF,2026-03-08 13:55,-104.7517,39.7017,1726.00,3.11,-6.67
BKF,2026-03-08 14:55,-104.7517,39.7017,1726.00,4.72,-5.89
BKF,2026-03-08 15:58,-104.7517,39.7017,1726.00,7.22,-5.00
BKF,2026-03-08 16:58,-104.7517,39.7017,1726.00,8.72,-5.89
BKF,2026-03-08 17:58,-104.7517,39.7017,1726.00,11.28,-4.44
BKF,2026-03-08 18:58,-104.7517,39.7017,1726.00,13.72,-4.44
BKF,2026-03-08 19:58,-104.7517,39.7017,1726.00,14.72,-6.11
BKF,2026-03-08 20:58,-104.7517,39.7017,1726.00,16.00,-5.72
BKF,2026-03-08 21:58,-104.7517,39.7017,1726.00,17.89,-4.78
BKF,2026-03-08 22:58,-104.7517,39.7017,1726.00,18.61,-4.78
BKF,2026-03-08 23:58,-104.7517,39.7017,1726.00,16.89,-2.22
BKF,2026-03-09 00:58,-104.7517,39.7017,1726.00,14.44,-3.33
BKF,2026-03-09 01:58,-104.7517,39.7017,1726.00,12.50,-4.22
BKF,2026-03-09 02:58,-104.7517,39.7017,1726.00,11.00,-6.39
BKF,2026-03-09 03:58,-104.7517,39.7017,1726.00,4.28,-4.72
BKF,2026-03-09 04:58,-104.7517,39.7017,1726.00,7.11,-3.50
BKF,2026-03-09 05:58,-104.7517,39.7017,1726.00,6.11,-3.72
BKF,2026-03-09 06:58,-104.7517,39.7017,1726.00,7.50,-4.00
BKF,2026-03-09 08:58,-104.7517,39.7017,1726.00,5.22,-5.22
BKF,2026-03-09 09:58,-104.7517,39.7017,1726.00,5.89,-5.39
BKF,2026-03-09 10:58,-104.7517,39.7017,1726.00,5.00,-5.72
BKF,2026-03-09 11:58,-104.7517,39.7017,1726.00,5.56,-6.28
BKF,2026-03-09 12:58,-104.7517,39.7017,1726.00,4.28,-7.22
BKF,2026-03-09 13:58,-104.7517,39.7017,1726.00,5.72,-6.89
BKF,2026-03-09 14:58,-104.7517,39.7017,1726.00,9.44,-8.22
BKF,2026-03-09 15:58,-104.7517,39.7017,1726.00,14.61,-7.50
BKF,2026-03-09 16:58,-104.7517,39.7017,1726.00,16.11,-9.72
BKF,2026-03-09 17:58,-104.7517,39.7017,1726.00,18.11,-9.78
BKF,2026-03-09 18:58,-104.7517,39.7017,1726.00,20.72,-10.89
BKF,2026-03-09 19:58,-104.7517,39.7017,1726.00,21.39,-11.50
BKF,2026-03-09 20:58,-104.7517,39.7017,1726.00,22.00,-11.00
BKF,2026-03-09 21:58,-104.7517,39.7017,1726.00,22.22,-13.61
BKF,2026-03-09 22:58,-104.7517,39.7017,1726.00,23.50,-12.78
BKF,2026-03-09 23:58,-104.7517,39.7017,1726.00,18.50,-10.56
BKF,2026-03-10 00:58,-104.7517,39.7017,1726.00,16.67,-10.00
BKF,2026-03-10 01:58,-104.7517,39.7017,1726.00,15.56,-9.44
BKF,2026-03-10 02:58,-104.7517,39.7017,1726.00,11.28,-7.50
BKF,2026-03-10 03:58,-104.7517,39.7017,1726.00,13.89,-6.89
BKF,2026-03-10 04:58,-104.7517,39.7017,1726.00,10.56,-8.11
BKF,2026-03-10 05:58,-104.7517,39.7017,1726.00,8.33,-7.39
BKF,2026-03-10 06:58,-104.7517,39.7017,1726.00,9.22,-8.33
BKF,2026-03-10 07:58,-104.7517,39.7017,1726.00,8.89,-9.61
BKF,2026-03-10 08:58,-104.7517,39.7017,1726.00,9.72,-10.00
BKF,2026-03-10 09:58,-104.7517,39.7017,1726.00,7.78,-10.00
BKF,2026-03-10 10:58,-104.7517,39.7017,1726.00,7.50,-9.00
BKF,2026-03-10 11:58,-104.7517,39.7017,1726.00,7.50,-9.00
BKF,2026-03-10 12:58,-104.7517,39.7017,1726.00,8.33,-8.72
BKF,2026-03-10 13:58,-104.7517,39.7017,1726.00,8.33,-8.33
BKF,2026-03-10 14:58,-104.7517,39.7017,1726.00,12.50,-7.50
BKF,2026-03-10 15:58,-104.7517,39.7017,1726.00,15.00,-6.67
BKF,2026-03-10 16:58,-104.7517,39.7017,1726.00,16.89,-6.89
BKF,2026-03-10 17:58,-104.7517,39.7017,1726.00,13.72,-1.50
BKF,2026-03-10 18:58,-104.7517,39.7017,1726.00,17.22,-1.89
BKF,2026-03-10 19:58,-104.7517,39.7017,1726.00,19.78,-4.44
BKF,2026-03-10 20:58,-104.7517,39.7017,1726.00,21.11,-7.39
BKF,2026-03-10 21:58,-104.7517,39.7017,1726.00,20.00,-8.33
BKF,2026-03-10 22:58,-104.7517,39.7017,1726.00,17.78,0.28
BKF,2026-03-10 23:58,-104.7517,39.7017,1726.00,16.89,0.56
BKF,2026-03-11 00:58,-104.7517,39.7017,1726.00,12.89,1.67
BKF,2026-03-11 01:58,-104.7517,39.7017,1726.00,4.44,-1.28
BKF,2026-03-11 02:58,-104.7517,39.7017,1726.00,2.78,-1.50
BKF,2026-03-11 03:58,-104.7517,39.7017,1726.00,2.50,-1.28
BKF,2026-03-11 04:58,-104.7517,39.7017,1726.00,2.11,-1.28
BKF,2026-03-11 05:58,-104.7517,39.7017,1726.00,2.22,-1.50
BKF,2026-03-11 06:58,-104.7517,39.7017,1726.00,1.11,-1.11
BKF,2026-03-11 07:58,-104.7517,39.7017,1726.00,0.28,-0.72
BKF,2026-03-11 08:58,-104.7517,39.7017,1726.00,0.00,-1.00
BKF,2026-03-11 09:58,-104.7517,39.7017,1726.00,-0.28,-1.28
BKF,2026-03-11 10:58,-104.7517,39.7017,1726.00,-0.39,-4.11
BKF,2026-03-11 11:58,-104.7517,39.7017,1726.00,-3.00,-6.78
BKF,2026-03-11 12:58,-104.7517,39.7017,1726.00,-5.22,-8.61
BKF,2026-03-11 13:58,-104.7517,39.7017,1726.00,-4.22,-7.78
BKF,2026-03-11 14:58,-104.7517,39.7017,1726.00,-3.00,-7.89
BKF,2026-03-11 15:58,-104.7517,39.7017,1726.00,-0.89,-7.89
BKF,2026-03-11 16:58,-104.7517,39.7017,1726.00,1.39,-8.33
BKF,2026-03-11 17:58,-104.7517,39.7017,1726.00,3.33,-8.89
BKF,2026-03-11 18:58,-104.7517,39.7017,1726.00,5.00,-9.61
BKF,2026-03-11 19:58,-104.7517,39.7017,1726.00,6.39,-11.28
BKF,2026-03-11 20:58,-104.7517,39.7017,1726.00,8.33,-11.11
BKF,2026-03-11 21:58,-104.7517,39.7017,1726.00,7.39,-13.50
BKF,2026-03-11 22:58,-104.7517,39.7017,1726.00,8.89,-12.22
BKF,2026-03-11 23:58,-104.7517,39.7017,1726.00,8.22,-12.22
BKF,2026-03-12 00:58,-104.7517,39.7017,1726.00,6.11,-12.00
BKF,2026-03-12 01:58,-104.7517,39.7017,1726.00,5.72,-7.50
BKF,2026-03-12 02:58,-104.7517,39.7017,1726.00,4.00,-8.33
BKF,2026-03-12 03:58,-104.7517,39.7017,1726.00,3.33,-8.33
BKF,2026-03-12 04:58,-104.7517,39.7017,1726.00,2.78,-8.89
BKF,2026-03-12 05:58,-104.7517,39.7017,1726.00,3.11,-8.33
BKF,2026-03-12 06:58,-104.7517,39.7017,1726.00,2.78,-7.22
BKF,2026-03-12 07:58,-104.7517,39.7017,1726.00,2.78,-7.50
BKF,2026-03-12 08:58,-104.7517,39.7017,1726.00,2.11,-8.61
BKF,2026-03-12 09:58,-104.7517,39.7017,1726.00,6.00,-10.28
BKF,2026-03-12 10:58,-104.7517,39.7017,1726.00,6.67,-10.56
BKF,2026-03-12 11:58,-104.7517,39.7017,1726.00,8.89,-10.22
BKF,2026-03-12 12:58,-104.7517,39.7017,1726.00,6.00,-10.72
BKF,2026-03-12 13:58,-104.7517,39.7017,1726.00,7.00,-9.78
BKF,2026-03-12 14:58,-104.7517,39.7017,1726.00,12.78,-11.00
BKF,2026-03-12 15:58,-104.7517,39.7017,1726.00,14.61,-11.00
BKF,2026-03-12 16:58,-104.7517,39.7017,1726.00,16.11,-9.72
BKF,2026-03-12 18:58,-104.7517,39.7017,1726.00,18.61,-9.44
BKF,2026-03-12 19:58,-104.7517,39.7017,1726.00,18.61,-10.39
BKF,2026-03-12 20:58,-104.7517,39.7017,1726.00,18.33,-10.56
BKF,2026-03-12 21:58,-104.7517,39.7017,1726.00,17.78,-11.11
BKF,2026-03-12 22:58,-104.7517,39.7017,1726.00,17.39,-10.39
BKF,2026-03-12 23:58,-104.7517,39.7017,1726.00,16.78,-10.00
BKF,2026-03-13 00:58,-104.7517,39.7017,1726.00,16.11,-9.72
BKF,2026-03-13 01:58,-104.7517,39.7017,1726.00,15.28,-9.61
BKF,2026-03-13 02:58,-104.7517,39.7017,1726.00,14.78,-9.28
BKF,2026-03-13 03:58,-104.7517,39.7017,1726.00,14.44,-8.89
BKF,2026-03-13 04:58,-104.7517,39.7017,1726.00,14.44,-9.00
BKF,2026-03-13 05:58,-104.7517,39.7017,1726.00,14.78,-8.61
BKF,2026-03-13 06:58,-104.7517,39.7017,1726.00,14.61,-8.11
BKF,2026-03-13 07:58,-104.7517,39.7017,1726.00,13.22,-8.72
BKF,2026-03-13 08:58,-104.7517,39.7017,1726.00,14.78,-8.61
BKF,2026-03-13 09:58,-104.7517,39.7017,1726.00,11.00,-8.89
BKF,2026-03-13 10:58,-104.7517,39.7017,1726.00,11.28,-8.00
BKF,2026-03-13 11:58,-104.7517,39.7017,1726.00,10.72,-8.00
BKF,2026-03-13 12:58,-104.7517,39.7017,1726.00,10.00,-7.78
BKF,2026-03-13 13:58,-104.7517,39.7017,1726.00,11.00,-8.33
BKF,2026-03-13 14:58,-104.7517,39.7017,1726.00,13.33,-7.89
BKF,2026-03-13 15:58,-104.7517,39.7017,1726.00,14.72,-8.72
BKF,2026-03-13 16:58,-104.7517,39.7017,1726.00,16.67,-8.61
BKF,2026-03-13 17:58,-104.7517,39.7017,1726.00,17.78,-9.22
BKF,2026-03-13 18:58,-104.7517,39.7017,1726.00,18.11,-9.78
BKF,2026-03-13 19:58,-104.7517,39.7017,1726.00,19.28,-8.89
BKF,2026-03-13 20:58,-104.7517,39.7017,1726.00,20.00,-9.44
BKF,2026-03-13 21:58,-104.7517,39.7017,1726.00,18.61,-10.39
BKF,2026-03-13 22:58,-104.7517,39.7017,1726.00,18.33,-9.72
BKF,2026-03-13 23:58,-104.7517,39.7017,1726.00,18.22,-10.72
BKF,2026-03-14 00:58,-104.7517,39.7017,1726.00,17.11,-10.56
BKF,2026-03-14 01:58,-104.7517,39.7017,1726.00,16.11,-10.56
BKF,2026-03-14 02:58,-104.7517,39.7017,1726.00,14.22,-10.56
BKF,2026-03-14 04:58,-104.7517,39.7017,1726.00,7.89,-8.22
BKF,2026-03-14 05:58,-104.7517,39.7017,1726.00,11.89,-8.61
BKF,2026-03-14 06:58,-104.7517,39.7017,1726.00,10.89,-8.33
BKF,2026-03-14 07:58,-104.7517,39.7017,1726.00,12.61,-8.61
BKF,2026-03-14 08:58,-104.7517,39.7017,1726.00,10.72,-9.11
BKF,2026-03-14 09:58,-104.7517,39.7017,1726.00,10.56,-9.22
BKF,2026-03-14 10:58,-104.7517,39.7017,1726.00,11.11,-9.22
BKF,2026-03-14 11:58,-104.7517,39.7017,1726.00,10.89,-10.56
BKF,2026-03-14 12:58,-104.7517,39.7017,1726.00,14.72,-12.61
BKF,2026-03-14 13:58,-104.7517,39.7017,1726.00,12.50,-11.89
BKF,2026-03-14 14:58,-104.7517,39.7017,1726.00,14.00,-11.50
BKF,2026-03-14 15:58,-104.7517,39.7017,1726.00,17.78,-12.11
BKF,2026-03-14 16:58,-104.7517,39.7017,1726.00,20.39,-13.61
BKF,2026-03-14 17:58,-104.7517,39.7017,1726.00,21.50,-14.22
BKF,2026-03-14 18:58,-104.7517,39.7017,1726.00,21.89,-15.56
BKF,2026-03-14 19:58,-104.7517,39.7017,1726.00,24.61,-13.50
BKF,2026-03-14 20:58,-104.7517,39.7017,1726.00,22.39,-13.50
BKF,2026-03-14 21:58,-104.7517,39.7017,1726.00,23.50,-14.28
BKF,2026-03-14 22:58,-104.7517,39.7017,1726.00,21.89,-13.89
BKF,2026-03-14 23:58,-104.7517,39.7017,1726.00,19.78,-14.00
BKF,2026-03-15 00:58,-104.7517,39.7017,1726.00,17.39,-10.39
BKF,2026-03-15 01:58,-104.7517,39.7017,1726.00,13.22,-5.00
BKF,2026-03-15 02:58,-104.7517,39.7017,1726.00,11.50,-5.89
BKF,2026-03-15 03:58,-104.7517,39.7017,1726.00,8.33,-5.22
BKF,2026-03-15 04:58,-104.7517,39.7017,1726.00,9.22,-3.72
BKF,2026-03-15 05:58,-104.7517,39.7017,1726.00,9.28,-1.67
BKF,2026-03-15 06:58,-104.7517,39.7017,1726.00,9.78,-2.22
BKF,2026-03-15 07:58,-104.7517,39.7017,1726.00,-1.39,-2.78
BKF,2026-03-15 08:58,-104.7517,39.7017,1726.00,-2.78,-4.00
BKF,2026-03-15 09:58,-104.7517,39.7017,1726.00,-3.33,-6.11
BKF,2026-03-15 10:58,-104.7517,39.7017,1726.00,-4.22,-5.78
BKF,2026-03-15 11:58,-104.7517,39.7017,1726.00,-5.39,-8.89
BKF,2026-03-15 12:58,-104.7517,39.7017,1726.00,-6.11,-10.00
BKF,2026-03-15 13:58,-104.7517,39.7017,1726.00,-5.56,-10.22
BKF,2026-03-15 14:58,-104.7517,39.7017,1726.00,-6.50,-12.00
BKF,2026-03-15 15:58,-104.7517,39.7017,1726.00,-6.28,-12.61
BKF,2026-03-15 16:58,-104.7517,39.7017,1726.00,-4.28,-12.50
BKF,2026-03-15 17:58,-104.7517,39.7017,1726.00,-3.89,-12.61
BKF,2026-03-15 18:58,-104.7517,39.7017,1726.00,-3.33,-12.78
BKF,2026-03-15 19:58,-104.7517,39.7017,1726.00,-1.89,-12.61
BKF,2026-03-15 20:58,-104.7517,39.7017,1726.00,-3.00,-11.50
BKF,2026-03-15 21:58,-104.7517,39.7017,1726.00,-4.00,-10.56
BKF,2026-03-15 22:58,-104.7517,39.7017,1726.00,-4.44,-8.89
BKF,2026-03-15 23:58,-104.7517,39.7017,1726.00,-5.00,-8.22
BKF,2026-03-16 00:58,-104.7517,39.7017,1726.00,-6.11,-8.11
BKF,2026-03-16 01:58,-104.7517,39.7017,1726.00,-6.67,-8.33
BKF,2026-03-16 02:58,-104.7517,39.7017,1726.00,-7.39,-9.11
BKF,2026-03-16 03:58,-104.7517,39.7017,1726.00,-8.61,-10.00
BKF,2026-03-16 04:58,-104.7517,39.7017,1726.00,-9.44,-11.28
BKF,2026-03-16 05:58,-104.7517,39.7017,1726.00,-11.11,-13.22
BKF,2026-03-16 06:58,-104.7517,39.7017,1726.00,-11.11,-13.33
BKF,2026-03-16 07:58,-104.7517,39.7017,1726.00,-12.61,-15.00
BKF,2026-03-16 08:58,-104.7517,39.7017,1726.00,-11.67,-14.00
BKF,2026-03-16 09:58,-104.7517,39.7017,1726.00,-10.89,-13.50
BKF,2026-03-16 10:58,-104.7517,39.7017,1726.00,-11.11,-13.61
BKF,2026-03-16 11:58,-104.7517,39.7017,1726.00,-10.39,-13.33
BKF,2026-03-16 12:58,-104.7517,39.7017,1726.00,-9.22,-12.78
BKF,2026-03-16 13:58,-104.7517,39.7017,1726.00,-7.50,-11.67
BKF,2026-03-16 14:58,-104.7517,39.7017,1726.00,-6.11,-11.00
BKF,2026-03-16 15:58,-104.7517,39.7017,1726.00,-2.78,-10.00
BKF,2026-03-16 16:58,-104.7517,39.7017,1726.00,-0.56,-8.72
BKF,2026-03-16 17:58,-104.7517,39.7017,1726.00,2.22,-8.89
BKF,2026-03-16 18:58,-104.7517,39.7017,1726.00,4.28,-7.78
BKF,2026-03-16 19:58,-104.7517,39.7017,1726.00,6.67,-6.39
BKF,2026-03-16 20:58,-104.7517,39.7017,1726.00,7.61,-5.56
BKF,2026-03-16 21:58,-104.7517,39.7017,1726.00,10.22,-6.67
BKF,2026-03-16 22:58,-104.7517,39.7017,1726.00,11.67,-5.78
BKF,2026-03-16 23:58,-104.7517,39.7017,1726.00,10.39,-6.00
BKF,2026-03-17 00:58,-104.7517,39.7017,1726.00,9.00,-6.00
BKF,2026-03-17 01:58,-104.7517,39.7017,1726.00,7.39,-6.00
BKF,2026-03-17 02:58,-104.7517,39.7017,1726.00,7.50,-4.28
BKF,2026-03-17 03:58,-104.7517,39.7017,1726.00,7.00,-3.89
BKF,2026-03-17 04:58,-104.7517,39.7017,1726.00,7.50,-4.00
BKF,2026-03-17 05:58,-104.7517,39.7017,1726.00,5.78,-3.00
BKF,2026-03-17 06:58,-104.7517,39.7017,1726.00,7.00,-4.72
BKF,2026-03-17 07:58,-104.7517,39.7017,1726.00,6.78,-4.00
BKF,2026-03-17 08:58,-104.7517,39.7017,1726.00,5.28,-3.33
BKF,2026-03-17 09:58,-104.7517,39.7017,1726.00,5.89,-3.00
BKF,2026-03-17 10:58,-104.7517,39.7017,1726.00,4.72,-3.89
BKF,2026-03-17 11:58,-104.7517,39.7017,1726.00,4.61,-3.22
BKF,2026-03-17 12:58,-104.7517,39.7017,1726.00,4.72,-2.22
BKF,2026-03-17 13:58,-104.7517,39.7017,1726.00,5.78,-2.11
BKF,2026-03-17 14:58,-104.7517,39.7017,1726.00,10.00,-1.67
BKF,2026-03-17 15:58,-104.7517,39.7017,1726.00,14.22,-1.89
BKF,2026-03-17 16:58,-104.7517,39.7017,1726.00,17.50,-4.44
BKF,2026-03-17 17:58,-104.7517,39.7017,1726.00,19.22,-5.00
BKF,2026-03-17 18:58,-104.7517,39.7017,1726.00,20.00,-6.50
BKF,2026-03-17 19:58,-104.7517,39.7017,1726.00,20.00,-5.78
BKF,2026-03-17 21:58,-104.7517,39.7017,1726.00,21.67,-6.11
BKF,2026-03-17 22:58,-104.7517,39.7017,1726.00,22.61,-4.44
BKF,2026-03-17 23:58,-104.7517,39.7017,1726.00,19.72,-6.78
BKF,2026-03-18 00:58,-104.7517,39.7017,1726.00,18.61,-6.89
BKF,2026-03-18 01:58,-104.7517,39.7017,1726.00,15.72,-6.67
BKF,2026-03-18 02:58,-104.7517,39.7017,1726.00,15.00,-5.89
BKF,2026-03-18 03:58,-104.7517,39.7017,1726.00,14.00,-5.72
BKF,2026-03-18 04:58,-104.7517,39.7017,1726.00,15.56,-6.11
BKF,2026-03-18 05:58,-104.7517,39.7017,1726.00,15.00,-7.22
BKF,2026-03-18 06:58,-104.7517,39.7017,1726.00,13.33,-7.89
BKF,2026-03-18 07:58,-104.7517,39.7017,1726.00,10.56,-6.39
BKF,2026-03-18 08:58,-104.7517,39.7017,1726.00,12.89,-8.33
BKF,2026-03-18 09:58,-104.7517,39.7017,1726.00,12.39,-8.72
BKF,2026-03-18 10:58,-104.7517,39.7017,1726.00,7.22,-8.00
BKF,2026-03-18 11:58,-104.7517,39.7017,1726.00,10.89,-6.89
BKF,2026-03-18 12:58,-104.7517,39.7017,1726.00,8.89,-8.72
BKF,2026-03-18 13:58,-104.7517,39.7017,1726.00,10.00,-7.61
BKF,2026-03-18 14:58,-104.7517,39.7017,1726.00,15.28,-7.61
BKF,2026-03-18 15:58,-104.7517,39.7017,1726.00,18.33,-10.56
BKF,2026-03-18 16:58,-104.7517,39.7017,1726.00,21.28,-12.89
BKF,2026-03-18 17:58,-104.7517,39.7017,1726.00,23.33,-12.78
BKF,2026-03-18 18:58,-104.7517,39.7017,1726.00,24.44,-13.72
BKF,2026-03-18 19:58,-104.7517,39.7017,1726.00,24.61,-13.50
BKF,2026-03-18 20:58,-104.7517,39.7017,1726.00,25.72,-12.78
BKF,2026-03-18 21:58,-104.7517,39.7017,1726.00,27.22,-13.50
BKF,2026-03-18 22:58,-104.7517,39.7017,1726.00,27.11,-13.61
BKF,2026-03-18 23:58,-104.7517,39.7017,1726.00,26.28,-14.22
BKF,2026-03-19 00:58,-104.7517,39.7017,1726.00,23.00,-11.67
BKF,2026-03-19 01:58,-104.7517,39.7017,1726.00,19.44,-11.78
BKF,2026-03-19 02:58,-104.7517,39.7017,1726.00,18.11,-11.78
BKF,2026-03-19 03:58,-104.7517,39.7017,1726.00,18.11,-11.78
BKF,2026-03-19 04:58,-104.7517,39.7017,1726.00,15.56,-10.22
BKF,2026-03-19 05:58,-104.7517,39.7017,1726.00,13.89,-8.72
BKF,2026-03-19 06:58,-104.7517,39.7017,1726.00,12.78,-8.33
BKF,2026-03-19 07:58,-104.7517,39.7017,1726.00,11.11,-8.61
BKF,2026-03-19 08:58,-104.7517,39.7017,1726.00,13.00,-9.44
BKF,2026-03-19 09:58,-104.7517,39.7017,1726.00,11.67,-8.22
BKF,2026-03-19 10:58,-104.7517,39.7017,1726.00,11.11,-9.22
BKF,2026-03-19 11:58,-104.7517,39.7017,1726.00,10.00,-8.61
BKF,2026-03-19 12:58,-104.7517,39.7017,1726.00,9.78,-8.33
BKF,2026-03-19 13:58,-104.7517,39.7017,1726.00,12.39,-6.11
BKF,2026-03-19 14:58,-104.7517,39.7017,1726.00,18.22,-8.11
BKF,2026-03-19 15:58,-104.7517,39.7017,1726.00,21.50,-10.22
BKF,2026-03-19 16:58,-104.7517,39.7017,1726.00,23.89,-12.50
BKF,2026-03-19 17:58,-104.7517,39.7017,1726.00,25.56,-14.72
BKF,2026-03-19 18:58,-104.7517,39.7017,1726.00,27.11,-15.78
BKF,2026-03-19 19:58,-104.7517,39.7017,1726.00,28.22,-15.00
BKF,2026-03-19 20:58,-104.7517,39.7017,1726.00,28.89,-17.22
BKF,2026-03-19 21:58,-104.7517,39.7017,1726.00,29.11,-14.44
BKF,2026-03-19 22:58,-104.7517,39.7017,1726.00,28.33,-12.78
BKF,2026-03-19 23:58,-104.7517,39.7017,1726.00,27.22,-11.67
BKF,2026-03-20 00:58,-104.7517,39.7017,1726.00,24.00,-8.33
BKF,2026-03-20 01:58,-104.7517,39.7017,1726.00,22.78,-9.22
BKF,2026-03-20 02:58,-104.7517,39.7017,1726.00,21.00,-10.56
BKF,2026-03-20 03:58,-104.7517,39.7017,1726.00,14.72,-6.78
BKF,2026-03-20 04:58,-104.7517,39.7017,1726.00,15.39,-7.50
BKF,2026-03-20 05:58,-104.7517,39.7017,1726.00,14.72,-6.78
BKF,2026-03-20 06:58,-104.7517,39.7017,1726.00,15.89,-7.11
BKF,2026-03-20 07:58,-104.7517,39.7017,1726.00,12.39,-6.67
BKF,2026-03-20 08:58,-104.7517,39.7017,1726.00,12.89,-7.22
BKF,2026-03-20 09:58,-104.7517,39.7017,1726.00,12.89,-7.78
BKF,2026-03-20 10:58,-104.7517,39.7017,1726.00,12.00,-7.39
BKF,2026-03-20 11:58,-104.7517,39.7017,1726.00,12.50,-7.50
BKF,2026-03-20 12:58,-104.7517,39.7017,1726.00,13.33,-8.50
BKF,2026-03-20 13:58,-104.7517,39.7017,1726.00,12.78,-6.11
BKF,2026-03-20 14:58,-104.7517,39.7017,1726.00,17.50,-7.11
BKF,2026-03-20 15:58,-104.7517,39.7017,1726.00,22.22,-9.61
BKF,2026-03-20 16:58,-104.7517,39.7017,1726.00,24.44,-13.61
BKF,2026-03-20 17:58,-104.7517,39.7017,1726.00,25.56,-14.78
BKF,2026-03-20 18:58,-104.7517,39.7017,1726.00,27.00,-18.61
BKF,2026-03-20 19:58,-104.7517,39.7017,1726.00,28.33,-17.78
BKF,2026-03-20 20:58,-104.7517,39.7017,1726.00,28.72,-20.78
BKF,2026-03-20 21:58,-104.7517,39.7017,1726.00,28.89,-20.72
BKF,2026-03-20 22:58,-104.7517,39.7017,1726.00,28.72,-20.78
BKF,2026-03-20 23:58,-104.7517,39.7017,1726.00,28.11,-17.78
BKF,2026-03-21 00:58,-104.7517,39.7017,1726.00,24.11,-12.22
BKF,2026-03-21 01:58,-104.7517,39.7017,1726.00,18.61,-9.44
BKF,2026-03-21 02:58,-104.7517,39.7017,1726.00,16.67,-9.28
BKF,2026-03-21 03:58,-104.7517,39.7017,1726.00,15.00,-9.78
BKF,2026-03-21 04:58,-104.7517,39.7017,1726.00,12.89,-8.89
BKF,2026-03-21 05:58,-104.7517,39.7017,1726.00,13.72,-8.33
BKF,2026-03-21 06:58,-104.7517,39.7017,1726.00,14.44,-9.00
BKF,2026-03-21 07:58,-104.7517,39.7017,1726.00,14.00,-9.28
BKF,2026-03-21 08:58,-104.7517,39.7017,1726.00,12.39,-9.28
BKF,2026-03-21 09:58,-104.7517,39.7017,1726.00,12.39,-9.28
BKF,2026-03-21 10:58,-104.7517,39.7017,1726.00,12.22,-10.00
BKF,2026-03-21 11:58,-104.7517,39.7017,1726.00,12.11,-9.61
BKF,2026-03-21 12:58,-104.7517,39.7017,1726.00,12.61,-9.78
BKF,2026-03-21 13:58,-104.7517,39.7017,1726.00,14.61,-8.89
BKF,2026-03-21 14:55,-104.7517,39.7017,1726.00,19.44,-9.72
BKF,2026-03-21 15:58,-104.7517,39.7017,1726.00,22.78,-9.22
BKF,2026-03-21 16:58,-104.7517,39.7017,1726.00,25.72,-11.11
BKF,2026-03-21 17:58,-104.7517,39.7017,1726.00,26.50,-14.00
BKF,2026-03-21 18:58,-104.7517,39.7017,1726.00,28.33,-15.00
BKF,2026-03-21 19:58,-104.7517,39.7017,1726.00,28.89,-17.22
BKF,2026-03-21 20:58,-104.7517,39.7017,1726.00,30.00,-16.50
BKF,2026-03-21 21:58,-104.7517,39.7017,1726.00,30.89,-15.89
BKF,2026-03-21 22:58,-104.7517,39.7017,1726.00,30.39,-16.11
BKF,2026-03-21 23:58,-104.7517,39.7017,1726.00,28.50,-12.61
BKF,2026-03-22 00:58,-104.7517,39.7017,1726.00,23.61,-9.78
BKF,2026-03-22 01:58,-104.7517,39.7017,1726.00,23.72,-11.11
BKF,2026-03-22 02:58,-104.7517,39.7017,1726.00,21.89,-12.39
BKF,2026-03-22 03:58,-104.7517,39.7017,1726.00,21.11,-13.00
BKF,2026-03-22 04:58,-104.7517,39.7017,1726.00,20.78,-13.33
BKF,2026-03-22 05:58,-104.7517,39.7017,1726.00,18.89,-10.00
BKF,2026-03-22 06:58,-104.7517,39.7017,1726.00,16.89,-10.00
BKF,2026-03-22 07:58,-104.7517,39.7017,1726.00,16.39,-9.44
BKF,2026-03-22 08:58,-104.7517,39.7017,1726.00,13.00,-2.89
BKF,2026-03-22 09:58,-104.7517,39.7017,1726.00,8.89,0.78
BKF,2026-03-22 10:58,-104.7517,39.7017,1726.00,4.28,0.00
BKF,2026-03-22 11:58,-104.7517,39.7017,1726.00,3.50,0.72
BKF,2026-03-22 12:58,-104.7517,39.7017,1726.00,3.89,1.11
BKF,2026-03-22 13:58,-104.7517,39.7017,1726.00,4.61,1.67
BKF,2026-03-22 14:58,-104.7517,39.7017,1726.00,5.28,1.39
BKF,2026-03-22 15:58,-104.7517,39.7017,1726.00,6.78,0.56
BKF,2026-03-22 16:58,-104.7517,39.7017,1726.00,9.44,0.78
BKF,2026-03-22 17:58,-104.7517,39.7017,1726.00,10.39,0.00
BKF,2026-03-22 18:58,-104.7517,39.7017,1726.00,12.11,0.78
BKF,2026-03-22 19:58,-104.7517,39.7017,1726.00,14.11,0.00
BKF,2026-03-22 20:58,-104.7517,39.7017,1726.00,15.56,-0.22
BKF,2026-03-22 21:58,-104.7517,39.7017,1726.00,17.11,-0.22
BKF,2026-03-22 22:58,-104.7517,39.7017,1726.00,17.00,-0.72
BKF,2026-03-22 23:58,-104.7517,39.7017,1726.00,16.50,-0.28
BKF,2026-03-23 00:58,-104.7517,39.7017,1726.00,13.50,-0.89
BKF,2026-03-23 01:58,-104.7517,39.7017,1726.00,10.56,-1.11
BKF,2026-03-23 02:58,-104.7517,39.7017,1726.00,9.72,-0.56
BKF,2026-03-23 03:58,-104.7517,39.7017,1726.00,11.78,-1.67
BKF,2026-03-23 04:58,-104.7517,39.7017,1726.00,11.11,-2.22
BKF,2026-03-23 05:58,-104.7517,39.7017,1726.00,11.11,-2.00
BKF,2026-03-23 06:58,-104.7517,39.7017,1726.00,10.39,-2.22
BKF,2026-03-23 07:58,-104.7517,39.7017,1726.00,10.00,-2.39
BKF,2026-03-23 08:58,-104.7517,39.7017,1726.00,9.44,-2.78
BKF,2026-03-23 09:58,-104.7517,39.7017,1726.00,8.72,-2.89
BKF,2026-03-23 10:58,-104.7517,39.7017,1726.00,8.00,-2.61
BKF,2026-03-23 11:58,-104.7517,39.7017,1726.00,8.11,-2.50
BKF,2026-03-23 12:58,-104.7517,39.7017,1726.00,7.89,-2.39
BKF,2026-03-23 13:58,-104.7517,39.7017,1726.00,7.50,-2.22
BKF,2026-03-23 14:58,-104.7517,39.7017,1726.00,8.72,-2.00
BKF,2026-03-23 15:58,-104.7517,39.7017,1726.00,12.50,-2.22
BKF,2026-03-23 16:58,-104.7517,39.7017,1726.00,16.67,-2.00
BKF,2026-03-23 17:58,-104.7517,39.7017,1726.00,16.78,-0.39
BKF,2026-03-23 18:58,-104.7517,39.7017,1726.00,19.44,-0.56
BKF,2026-03-23 19:58,-104.7517,39.7017,1726.00,21.11,-1.39
BKF,2026-03-23 20:58,-104.7517,39.7017,1726.00,20.72,-1.78
BKF,2026-03-23 21:58,-104.7517,39.7017,1726.00,20.00,-2.39
BKF,2026-03-23 22:58,-104.7517,39.7017,1726.00,20.22,-2.22
BKF,2026-03-23 23:58,-104.7517,39.7017,1726.00,19.28,-1.11
BKF,2026-03-24 00:58,-104.7517,39.7017,1726.00,18.33,-2.00
BKF,2026-03-24 01:58,-104.7517,39.7017,1726.00,16.39,-2.22
BKF,2026-03-24 02:58,-104.7517,39.7017,1726.00,15.39,-1.67
BKF,2026-03-24 03:58,-104.7517,39.7017,1726.00,15.00,-1.11
BKF,2026-03-24 04:58,-104.7517,39.7017,1726.00,14.78,-0.56
BKF,2026-03-24 05:58,-104.7517,39.7017,1726.00,14.44,0.56
BKF,2026-03-24 06:58,-104.7517,39.7017,1726.00,12.00,0.39
BKF,2026-03-24 07:58,-104.7517,39.7017,1726.00,11.39,-0.39
BKF,2026-03-24 08:58,-104.7517,39.7017,1726.00,11.00,-0.78
BKF,2026-03-24 09:58,-104.7517,39.7017,1726.00,11.39,-0.72
BKF,2026-03-24 10:58,-104.7517,39.7017,1726.00,10.89,-0.56
BKF,2026-03-24 11:58,-104.7517,39.7017,1726.00,10.39,-1.28
BKF,2026-03-24 12:58,-104.7517,39.7017,1726.00,10.00,0.00
BKF,2026-03-24 13:58,-104.7517,39.7017,1726.00,13.00,-0.56
BKF,2026-03-24 14:58,-104.7517,39.7017,1726.00,17.61,-1.11
BKF,2026-03-24 15:58,-104.7517,39.7017,1726.00,21.67,-1.67
BKF,2026-03-24 16:58,-104.7517,39.7017,1726.00,21.28,-3.33
BKF,2026-03-24 17:58,-104.7517,39.7017,1726.00,22.50,-2.22
BKF,2026-03-24 18:58,-104.7517,39.7017,1726.00,24.44,-2.22
BKF,2026-03-24 19:58,-104.7517,39.7017,1726.00,24.78,-2.78
BKF,2026-03-24 20:58,-104.7517,39.7017,1726.00,26.11,-2.50
BKF,2026-03-24 21:58,-104.7517,39.7017,1726.00,26.00,-2.78
BKF,2026-03-24 22:58,-104.7517,39.7017,1726.00,26.28,-1.50
BKF,2026-03-24 23:58,-104.7517,39.7017,1726.00,25.00,-1.78
BKF,2026-03-25 00:58,-104.7517,39.7017,1726.00,24.44,-2.22
BKF,2026-03-25 01:58,-104.7517,39.7017,1726.00,19.22,-0.78
BKF,2026-03-25 02:58,-104.7517,39.7017,1726.00,21.50,-1.78
BKF,2026-03-25 03:58,-104.7517,39.7017,1726.00,15.89,-0.39
BKF,2026-03-25 04:58,-104.7517,39.7017,1726.00,15.28,0.72
BKF,2026-03-25 05:58,-104.7517,39.7017,1726.00,14.00,0.56
BKF,2026-03-25 06:58,-104.7517,39.7017,1726.00,12.78,0.78
BKF,2026-03-25 07:58,-104.7517,39.7017,1726.00,16.11,-0.22
BKF,2026-03-25 08:58,-104.7517,39.7017,1726.00,14.78,0.22
BKF,2026-03-25 09:58,-104.7517,39.7017,1726.00,15.78,-0.39
BKF,2026-03-25 10:58,-104.7517,39.7017,1726.00,15.28,-0.56
BKF,2026-03-25 11:58,-104.7517,39.7017,1726.00,15.00,-0.78
BKF,2026-03-25 12:58,-104.7517,39.7017,1726.00,13.89,-0.89
BKF,2026-03-25 13:58,-104.7517,39.7017,1726.00,17.61,-0.22
BKF,2026-03-25 14:58,-104.7517,39.7017,1726.00,22.11,-1.28
BKF,2026-03-25 15:58,-104.7517,39.7017,1726.00,25.00,-4.44
BKF,2026-03-25 16:58,-104.7517,39.7017,1726.00,27.11,-5.89
BKF,2026-03-25 17:58,-104.7517,39.7017,1726.00,29.11,-5.56
BKF,2026-03-25 18:58,-104.7517,39.7017,1726.00,28.89,-7.22
BKF,2026-03-25 19:58,-104.7517,39.7017,1726.00,29.44,-8.33
BKF,2026-03-25 20:58,-104.7517,39.7017,1726.00,30.00,-9.72
BKF,2026-03-25 21:58,-104.7517,39.7017,1726.00,30.22,-9.44
BKF,2026-03-25 22:58,-104.7517,39.7017,1726.00,30.00,-9.44
BKF,2026-03-25 23:58,-104.7517,39.7017,1726.00,28.22,-9.22
BKF,2026-03-26 00:58,-104.7517,39.7017,1726.00,26.39,-7.78
BKF,2026-03-26 01:58,-104.7517,39.7017,1726.00,23.33,-6.67
BKF,2026-03-26 02:58,-104.7517,39.7017,1726.00,20.28,-4.11
BKF,2026-03-26 03:58,-104.7517,39.7017,1726.00,20.72,-4.44
BKF,2026-03-26 04:58,-104.7517,39.7017,1726.00,19.72,-3.89
BKF,2026-03-26 05:58,-104.7517,39.7017,1726.00,17.78,-3.11
BKF,2026-03-26 06:58,-104.7517,39.7017,1726.00,17.00,-3.22
BKF,2026-03-26 07:58,-104.7517,39.7017,1726.00,16.00,-3.00
BKF,2026-03-26 08:58,-104.7517,39.7017,1726.00,15.56,-2.89
BKF,2026-03-26 09:58,-104.7517,39.7017,1726.00,15.39,-3.00
BKF,2026-03-26 10:58,-104.7517,39.7017,1726.00,13.33,-3.00
BKF,2026-03-26 11:58,-104.7517,39.7017,1726.00,14.61,-2.78
BKF,2026-03-26 12:58,-104.7517,39.7017,1726.00,16.11,-3.33
BKF,2026-03-26 13:58,-104.7517,39.7017,1726.00,16.67,-1.11
BKF,2026-03-26 14:58,-104.7517,39.7017,1726.00,21.11,-2.00
BKF,2026-03-26 15:58,-104.7517,39.7017,1726.00,20.00,-1.11
BKF,2026-03-26 16:58,-104.7517,39.7017,1726.00,20.22,-1.00
BKF,2026-03-26 17:58,-104.7517,39.7017,1726.00,23.50,0.00
BKF,2026-03-26 19:58,-104.7517,39.7017,1726.00,24.44,1.39
BKF,2026-03-26 20:58,-104.7517,39.7017,1726.00,22.11,1.11
BKF,2026-03-26 21:58,-104.7517,39.7017,1726.00,19.44,0.89
BKF,2026-03-26 23:58,-104.7517,39.7017,1726.00,15.28,1.78
BKF,2026-03-27 02:58,-104.7517,39.7017,1726.00,7.50,0.72
BKF,2026-03-27 04:58,-104.7517,39.7017,1726.00,6.89,-3.11
BKF,2026-03-27 05:58,-104.7517,39.7017,1726.00,6.00,-4.22
BKF,2026-03-27 10:58,-104.7517,39.7017,1726.00,2.78,-5.56
BKF,2026-03-27 11:58,-104.7517,39.7017,1726.00,3.22,-5.22
BKF,2026-03-27 12:58,-104.7517,39.7017,1726.00,3.33,-5.39
BKF,2026-03-27 15:58,-104.7517,39.7017,1726.00,3.61,-5.28
BKF,2026-03-27 18:58,-104.7517,39.7017,1726.00,7.78,-2.11
BKF,2026-03-27 19:58,-104.7517,39.7017,1726.00,7.61,-2.78
BKF,2026-03-27 20:58,-104.7517,39.7017,1726.00,12.00,-1.50
BKF,2026-03-27 22:58,-104.7517,39.7017,1726.00,12.61,-4.11
BKF,2026-03-27 23:58,-104.7517,39.7017,1726.00,10.89,-3.22
BKF,2026-03-28 02:58,-104.7517,39.7017,1726.00,5.00,-6.00
BKF,2026-03-28 03:58,-104.7517,39.7017,1726.00,4.44,-6.11
BKF,2026-03-28 04:58,-104.7517,39.7017,1726.00,4.72,-6.11
BKF,2026-03-28 05:58,-104.7517,39.7017,1726.00,5.22,-7.11
BKF,2026-03-28 07:58,-104.7517,39.7017,1726.00,4.78,-5.56
BKF,2026-03-28 08:58,-104.7517,39.7017,1726.00,4.44,-5.72
BKF,2026-03-28 11:58,-104.7517,39.7017,1726.00,1.67,-5.72
BKF,2026-03-28 12:58,-104.7517,39.7017,1726.00,2.22,-5.56
BKF,2026-03-28 14:58,-104.7517,39.7017,1726.00,12.89,-3.00
BKF,2026-03-28 15:58,-104.7517,39.7017,1726.00,18.22,-5.00
BKF,2026-03-28 17:58,-104.7517,39.7017,1726.00,24.11,-8.22
BKF,2026-03-28 19:58,-104.7517,39.7017,1726.00,26.67,-8.89
BKF,2026-03-28 20:58,-104.7517,39.7017,1726.00,25.22,-10.00
BKF,2026-03-28 21:58,-104.7517,39.7017,1726.00,24.72,-5.56
BKF,2026-03-28 22:58,-104.7517,39.7017,1726.00,24.28,-5.89
BKF,2026-03-29 00:58,-104.7517,39.7017,1726.00,21.11,-8.33
BKF,2026-03-29 01:58,-104.7517,39.7017,1726.00,18.33,-3.89
BKF,2026-03-29 02:58,-104.7517,39.7017,1726.00,17.50,-3.33
BKF,2026-03-29 03:58,-104.7517,39.7017,1726.00,14.78,-2.61
BKF,2026-03-29 06:58,-104.7517,39.7017,1726.00,12.11,-2.50
BKF,2026-03-29 09:58,-104.7517,39.7017,1726.00,12.89,-6.67
BKF,2026-03-29 23:58,-104.7517,39.7017,1726.00,24.72,-10.28
BKF,2026-03-30 01:58,-104.7517,39.7017,1726.00,20.00,-8.33
BKF,2026-03-30 02:58,-104.7517,39.7017,1726.00,18.33,-7.11
BKF,2026-03-30 04:58,-104.7517,39.7017,1726.00,16.67,-6.50
BKF,2026-03-30 06:58,-104.7517,39.7017,1726.00,14.72,-5.72
BKF,2026-03-30 08:58,-104.7517,39.7017,1726.00,11.67,-6.11
BKF,2026-03-30 10:58,-104.7517,39.7017,1726.00,11.39,-6.00
BKF,2026-03-30 11:58,-104.7517,39.7017,1726.00,11.39,-5.00
BKF,2026-03-30 13:58,-104.7517,39.7017,1726.00,14.11,8.50
BKF,2026-03-30 14:58,-104.7517,39.7017,1726.00,16.00,-5.72
BKF,2026-03-30 15:58,-104.7517,39.7017,1726.00,17.61,-6.28
BKF,2026-03-30 16:58,-104.7517,39.7017,1726.00,22.89,-9.22
BKF,2026-03-30 17:58,-104.7517,39.7017,1726.00,24.00,-10.89
BKF,2026-03-30 18:58,-104.7517,39.7017,1726.00,24.44,-10.56
BKF,2026-03-30 20:58,-104.7517,39.7017,1726.00,25.00,-11.67
BKF,2026-03-30 21:58,-104.7517,39.7017,1726.00,25.28,-11.39
BKF,2026-03-31 01:58,-104.7517,39.7017,1726.00,18.89,-8.33
BKF,2026-03-31 07:58,-104.7517,39.7017,1726.00,14.11,-7.22
BKF,2026-03-31 08:58,-104.7517,39.7017,1726.00,14.11,-6.11
BKF,2026-03-31 09:58,-104.7517,39.7017,1726.00,10.56,-3.89
BKF,2026-03-31 10:58,-104.7517,39.7017,1726.00,6.67,-0.78
BKF,2026-03-31 11:58,-104.7517,39.7017,1726.00,4.44,-1.28
BKF,2026-03-31 12:58,-104.7517,39.7017,1726.00,3.72,-1.67
BKF,2026-03-31 13:58,-104.7517,39.7017,1726.00,4.78,-1.89
BKF,2026-03-31 14:58,-104.7517,39.7017,1726.00,5.00,-2.22
BKF,2026-03-31 15:58,-104.7517,39.7017,1726.00,6.11,-2.22
BKF,2026-03-31 16:58,-104.7517,39.7017,1726.00,5.89,-2.50
BKF,2026-03-31 18:58,-104.7517,39.7017,1726.00,6.67,-3.11
BKF,2026-03-31 19:58,-104.7517,39.7017,1726.00,8.72,-2.22
BKF,2026-03-31 20:58,-104.7517,39.7017,1726.00,11.67,-1.78
BKF,2026-03-31 21:58,-104.7517,39.7017,1726.00,14.44,-1.28
BKF,2026-03-31 22:58,-104.7517,39.7017,1726.00,13.33,-1.78
BKF,2026-03-31 23:58,-104.7517,39.7017,1726.00,11.89,-2.00
BKF,2026-04-01 00:58,-104.7517,39.7017,1726.00,10.00,-2.78
BKF,2026-04-01 01:58,-104.7517,39.7017,1726.00,8.72,-2.22
BKF,2026-04-01 02:58,-104.7517,39.7017,1726.00,8.22,-1.28
BKF,2026-04-01 03:58,-104.7517,39.7017,1726.00,7.11,-1.11
BKF,2026-04-01 04:58,-104.7517,39.7017,1726.00,7.11,-2.39
BKF,2026-04-01 05:58,-104.7517,39.7017,1726.00,8.89,-1.89
BKF,2026-04-01 06:58,-104.7517,39.7017,1726.00,8.33,-1.11
BKF,2026-04-01 07:58,-104.7517,39.7017,1726.00,5.00,-0.56
BKF,2026-04-01 10:58,-104.7517,39.7017,1726.00,5.22,-1.50
BKF,2026-04-01 11:58,-104.7517,39.7017,1726.00,3.33,-1.11
BKF,2026-04-01 12:58,-104.7517,39.7017,1726.00,3.33,-1.11
BKF,2026-04-01 13:58,-104.7517,39.7017,1726.00,4.44,-0.22
BKF,2026-04-01 14:58,-104.7517,39.7017,1726.00,6.11,-1.00
BKF,2026-04-01 15:58,-104.7517,39.7017,1726.00,7.50,-0.72
BKF,2026-04-01 16:58,-104.7517,39.7017,1726.00,8.33,-1.50
BKF,2026-04-01 18:58,-104.7517,39.7017,1726.00,10.72,-0.78
BKF,2026-04-01 19:58,-104.7517,39.7017,1726.00,11.67,-0.22
BKF,2026-04-01 21:58,-104.7517,39.7017,1726.00,11.11,-0.72
BKF,2026-04-01 22:58,-104.7517,39.7017,1726.00,10.00,0.56
BKF,2026-04-01 23:58,-104.7517,39.7017,1726.00,7.78,2.78
BKF,2026-04-02 00:58,-104.7517,39.7017,1726.00,7.00,5.56
BKF,2026-04-02 01:58,-104.7517,39.7017,1726.00,6.39,5.22
BKF,2026-04-02 02:23,-104.7517,39.7017,1726.00,6.00,5.00
BKF,2026-04-02 03:58,-104.7517,39.7017,1726.00,6.89,5.39
BKF,2026-04-02 04:58,-104.7517,39.7017,1726.00,5.39,4.22
BKF,2026-04-02 05:58,-104.7517,39.7017,1726.00,5.39,4.78
BKF,2026-04-02 06:58,-104.7517,39.7017,1726.00,2.89,2.22
BKF,2026-04-02 07:58,-104.7517,39.7017,1726.00,3.11,2.50
BKF,2026-04-02 08:58,-104.7517,39.7017,1726.00,1.67,0.72
BKF,2026-04-02 09:58,-104.7517,39.7017,1726.00,5.22,2.50
BKF,2026-04-02 10:58,-104.7517,39.7017,1726.00,1.11,-0.22
BKF,2026-04-02 11:58,-104.7517,39.7017,1726.00,2.11,0.28
BKF,2026-04-02 12:58,-104.7517,39.7017,1726.00,1.89,-0.22
BKF,2026-04-02 13:58,-104.7517,39.7017,1726.00,5.78,3.33
BKF,2026-04-02 14:58,-104.7517,39.7017,1726.00,10.39,4.28
BKF,2026-04-02 15:58,-104.7517,39.7017,1726.00,14.00,-1.67
BKF,2026-04-02 17:58,-104.7517,39.7017,1726.00,17.11,-4.22
BKF,2026-04-02 18:58,-104.7517,39.7017,1726.00,18.89,-5.22
BKF,2026-04-02 19:58,-104.7517,39.7017,1726.00,20.72,-6.89
BKF,2026-04-02 23:58,-104.7517,39.7017,1726.00,21.89,-11.11
BKF,2026-04-03 00:58,-104.7517,39.7017,1726.00,19.78,-12.78
BKF,2026-04-03 01:58,-104.7517,39.7017,1726.00,17.50,-11.28
BKF,2026-04-03 02:58,-104.7517,39.7017,1726.00,17.00,-10.72
BKF,2026-04-03 05:58,-104.7517,39.7017,1726.00,4.00,-3.33
BKF,2026-04-03 06:58,-104.7517,39.7017,1726.00,2.22,-5.00
BKF,2026-04-03 07:58,-104.7517,39.7017,1726.00,0.00,-5.56
BKF,2026-04-03 08:58,-104.7517,39.7017,1726.00,1.00,-5.56
BKF,2026-04-03 09:58,-104.7517,39.7017,1726.00,1.67,-5.00
BKF,2026-04-03 10:58,-104.7517,39.7017,1726.00,1.67,-6.67
BKF,2026-04-03 11:58,-104.7517,39.7017,1726.00,0.28,-6.78
BKF,2026-04-03 13:58,-104.7517,39.7017,1726.00,3.50,-12.50
BKF,2026-04-03 16:58,-104.7517,39.7017,1726.00,8.33,-16.00
BKF,2026-04-03 18:58,-104.7517,39.7017,1726.00,10.00,-16.28
BKF,2026-04-03 19:58,-104.7517,39.7017,1726.00,11.11,-16.11
BKF,2026-04-03 20:58,-104.7517,39.7017,1726.00,11.78,-16.67
BKF,2026-04-03 22:58,-104.7517,39.7017,1726.00,11.11,-13.72
BKF,2026-04-04 00:58,-104.7517,39.7017,1726.00,6.89,-13.33
BKF,2026-04-04 01:58,-104.7517,39.7017,1726.00,7.78,-12.22
BKF,2026-04-04 02:58,-104.7517,39.7017,1726.00,7.78,-11.50
BKF,2026-04-04 03:58,-104.7517,39.7017,1726.00,3.33,-6.11
BKF,2026-04-04 06:58,-104.7517,39.7017,1726.00,-0.56,-5.56
BKF,2026-04-04 08:58,-104.7517,39.7017,1726.00,-2.00,-6.39
BKF,2026-04-04 09:58,-104.7517,39.7017,1726.00,-1.78,-6.00
BKF,2026-04-04 10:58,-104.7517,39.7017,1726.00,-1.67,-6.11
BKF,2026-04-04 11:58,-104.7517,39.7017,1726.00,-0.89,-5.89
BKF,2026-04-04 13:58,-104.7517,39.7017,1726.00,3.22,-4.72
BKF,2026-04-04 15:58,-104.7517,39.7017,1726.00,9.44,-6.50
BKF,2026-04-04 16:58,-104.7517,39.7017,1726.00,9.78,-7.89
BKF,2026-04-04 18:58,-104.7517,39.7017,1726.00,12.61,-9.22
BKF,2026-04-04 21:58,-104.7517,39.7017,1726.00,15.56,-10.22
BKF,2026-04-04 23:58,-104.7517,39.7017,1726.00,15.00,-10.56
BKF,2026-04-05 00:58,-104.7517,39.7017,1726.00,12.00,-10.89
BKF,2026-04-05 01:58,-104.7517,39.7017,1726.00,10.39,-8.89
BKF,2026-04-05 02:58,-104.7517,39.7017,1726.00,6.28,-9.61
BKF,2026-04-05 03:58,-104.7517,39.7017,1726.00,6.89,-8.33
BKF,2026-04-05 05:58,-104.7517,39.7017,1726.00,6.28,-6.67
BKF,2026-04-05 06:58,-104.7517,39.7017,1726.00,6.11,-6.50
BKF,2026-04-05 09:58,-104.7517,39.7017,1726.00,3.00,-6.89
BKF,2026-04-05 11:58,-104.7517,39.7017,1726.00,2.50,-6.89
BKF,2026-04-05 12:58,-104.7517,39.7017,1726.00,1.67,-6.89
BKF,2026-04-05 13:58,-104.7517,39.7017,1726.00,5.28,-6.28
BKF,2026-04-05 15:58,-104.7517,39.7017,1726.00,10.56,-6.78
BKF,2026-04-05 16:58,-104.7517,39.7017,1726.00,13.72,-8.33
BKF,2026-04-05 18:58,-104.7517,39.7017,1726.00,17.00,-8.22
BKF,2026-04-05 21:58,-104.7517,39.7017,1726.00,19.11,-10.00
BKF,2026-04-05 22:58,-104.7517,39.7017,1726.00,21.00,-8.50
BKF,2026-04-06 00:58,-104.7517,39.7017,1726.00,16.67,-9.44
BKF,2026-04-06 01:58,-104.7517,39.7017,1726.00,11.00,-8.33
BKF,2026-04-06 02:58,-104.7517,39.7017,1726.00,9.44,-7.22
BKF,2026-04-06 03:58,-104.7517,39.7017,1726.00,8.89,-7.39
BKF,2026-04-06 04:58,-104.7517,39.7017,1726.00,9.44,-9.11
BKF,2026-04-06 06:58,-104.7517,39.7017,1726.00,7.78,-8.33
BKF,2026-04-06 07:58,-104.7517,39.7017,1726.00,5.56,-8.33
BKF,2026-04-06 08:58,-104.7517,39.7017,1726.00,5.89,-7.78
BKF,2026-04-06 11:58,-104.7517,39.7017,1726.00,4.22,-7.22
BKF,2026-04-06 12:58,-104.7517,39.7017,1726.00,3.33,-7.39
BKF,2026-04-06 13:58,-104.7517,39.7017,1726.00,8.00,-6.11
BKF,2026-04-06 15:58,-104.7517,39.7017,1726.00,11.78,-6.67
BKF,2026-04-06 17:58,-104.7517,39.7017,1726.00,14.72,-7.39
BKF,2026-04-06 20:58,-104.7517,39.7017,1726.00,19.44,-4.78
BKF,2026-04-06 21:58,-104.7517,39.7017,1726.00,20.56,-4.61
BKF,2026-04-06 22:58,-104.7517,39.7017,1726.00,19.22,-4.28
BKF,2026-04-07 02:58,-104.7517,39.7017,1726.00,9.72,-2.89
BKF,2026-04-07 03:58,-104.7517,39.7017,1726.00,8.50,-1.89
BKF,2026-04-07 05:58,-104.7517,39.7017,1726.00,4.44,-2.22
BKF,2026-04-07 06:58,-104.7517,39.7017,1726.00,3.00,-3.00
BKF,2026-04-07 08:58,-104.7517,39.7017,1726.00,0.56,-3.72
BKF,2026-04-07 09:58,-104.7517,39.7017,1726.00,-0.39,-4.28
BKF,2026-04-07 10:58,-104.7517,39.7017,1726.00,-1.67,-5.00
BKF,2026-04-07 11:58,-104.7517,39.7017,1726.00,-0.72,-4.11
BKF,2026-04-07 13:58,-104.7517,39.7017,1726.00,3.11,-1.39
BKF,2026-04-07 15:58,-104.7517,39.7017,1726.00,6.89,-2.00
BKF,2026-04-07 16:58,-104.7517,39.7017,1726.00,12.50,-1.11
BKF,2026-04-07 17:58,-104.7517,39.7017,1726.00,15.78,-2.78
BKF,2026-04-07 18:58,-104.7517,39.7017,1726.00,19.78,-6.78
BKF,2026-04-07 21:58,-104.7517,39.7017,1726.00,20.72,-8.72
BKF,2026-04-07 23:58,-104.7517,39.7017,1726.00,18.22,-6.50
BKF,2026-04-08 00:27,-104.7517,39.7017,1726.00,18.00,-5.00
BKF,2026-04-08 01:58,-104.7517,39.7017,1726.00,15.56,-5.00
BKF,2026-04-08 02:58,-104.7517,39.7017,1726.00,14.00,-2.89
BKF,2026-04-08 03:58,-104.7517,39.7017,1726.00,12.50,-2.89
BKF,2026-04-08 04:58,-104.7517,39.7017,1726.00,11.67,-4.00
BKF,2026-04-08 05:58,-104.7517,39.7017,1726.00,11.28,-4.00
BKF,2026-04-08 06:58,-104.7517,39.7017,1726.00,10.28,-4.11
BKF,2026-04-08 07:58,-104.7517,39.7017,1726.00,9.11,-5.56
BKF,2026-04-08 08:58,-104.7517,39.7017,1726.00,9.61,-6.67
BKF,2026-04-08 11:58,-104.7517,39.7017,1726.00,12.89,-8.33
BKF,2026-04-08 14:58,-104.7517,39.7017,1726.00,17.89,-8.33
BKF,2026-04-08 15:58,-104.7517,39.7017,1726.00,19.61,-8.72
BKF,2026-04-08 16:58,-104.7517,39.7017,1726.00,20.39,-9.00
BKF,2026-04-08 17:58,-104.7517,39.7017,1726.00,21.67,-7.89
BKF,2026-04-08 18:58,-104.7517,39.7017,1726.00,21.89,-5.00
BKF,2026-04-08 19:58,-104.7517,39.7017,1726.00,20.89,-3.61
BKF,2026-04-08 22:58,-104.7517,39.7017,1726.00,18.61,-1.78
BKF,2026-04-09 00:58,-104.7517,39.7017,1726.00,15.00,-1.89
BKF,2026-04-09 01:58,-104.7517,39.7017,1726.00,13.22,-1.67
BKF,2026-04-09 02:58,-104.7517,39.7017,1726.00,11.50,-1.67
BKF,2026-04-09 03:58,-104.7517,39.7017,1726.00,9.44,-1.67
BKF,2026-04-09 04:58,-104.7517,39.7017,1726.00,8.50,-1.67
BKF,2026-04-09 05:58,-104.7517,39.7017,1726.00,8.33,-0.89
BKF,2026-04-09 06:58,-104.7517,39.7017,1726.00,9.72,0.00
BKF,2026-04-09 07:58,-104.7517,39.7017,1726.00,9.44,-0.56
BKF,2026-04-09 08:58,-104.7517,39.7017,1726.00,5.89,-1.28
BKF,2026-04-09 11:58,-104.7517,39.7017,1726.00,6.39,-1.00
BKF,2026-04-09 12:58,-104.7517,39.7017,1726.00,5.78,-1.11
BKF,2026-04-09 14:58,-104.7517,39.7017,1726.00,10.00,-0.72
BKF,2026-04-09 15:58,-104.7517,39.7017,1726.00,14.22,-1.39
BKF,2026-04-09 16:58,-104.7517,39.7017,1726.00,18.33,-2.50
BKF,2026-04-09 17:58,-104.7517,39.7017,1726.00,20.39,-4.72
BKF,2026-04-09 18:58,-104.7517,39.7017,1726.00,21.00,-5.78
BKF,2026-04-09 19:58,-104.7517,39.7017,1726.00,22.22,-5.72
BKF,2026-04-09 20:58,-104.7517,39.7017,1726.00,20.89,-5.00
BKF,2026-04-09 21:58,-104.7517,39.7017,1726.00,19.44,-2.89
BKF,2026-04-09 22:58,-104.7517,39.7017,1726.00,17.89,-2.39
BKF,2026-04-09 23:58,-104.7517,39.7017,1726.00,17.39,-0.78
BKF,2026-04-10 00:58,-104.7517,39.7017,1726.00,16.67,-0.56
BKF,2026-04-10 01:58,-104.7517,39.7017,1726.00,15.00,-1.11
BKF,2026-04-10 02:58,-104.7517,39.7017,1726.00,13.89,-1.67
BKF,2026-04-10 03:58,-104.7517,39.7017,1726.00,11.50,-3.33
BKF,2026-04-10 04:58,-104.7517,39.7017,1726.00,10.00,-4.28
BKF,2026-04-10 06:58,-104.7517,39.7017,1726.00,8.11,-4.00
BKF,2026-04-10 07:58,-104.7517,39.7017,1726.00,7.89,-3.61
BKF,2026-04-10 08:58,-104.7517,39.7017,1726.00,5.39,-3.72
BKF,2026-04-10 09:58,-104.7517,39.7017,1726.00,5.00,-3.89
BKF,2026-04-10 10:58,-104.7517,39.7017,1726.00,3.61,-3.89
BKF,2026-04-10 11:58,-104.7517,39.7017,1726.00,2.50,-3.61
BKF,2026-04-10 12:58,-104.7517,39.7017,1726.00,2.61,-3.33
BKF,2026-04-10 15:58,-104.7517,39.7017,1726.00,10.39,-1.00
BKF,2026-04-10 16:58,-104.7517,39.7017,1726.00,12.00,-0.22
BKF,2026-04-10 17:58,-104.7517,39.7017,1726.00,13.89,0.22
BKF,2026-04-10 18:58,-104.7517,39.7017,1726.00,14.61,0.39
BKF,2026-04-10 19:58,-104.7517,39.7017,1726.00,16.28,1.11
BKF,2026-04-10 20:58,-104.7517,39.7017,1726.00,15.00,0.56
BKF,2026-04-10 23:58,-104.7517,39.7017,1726.00,15.28,1.11
BKF,2026-04-11 01:58,-104.7517,39.7017,1726.00,11.67,1.89
BKF,2026-04-11 02:58,-104.7517,39.7017,1726.00,10.89,1.67
BKF,2026-04-11 03:58,-104.7517,39.7017,1726.00,11.89,3.89
BKF,2026-04-11 05:58,-104.7517,39.7017,1726.00,10.56,3.33
BKF,2026-04-11 06:58,-104.7517,39.7017,1726.00,10.56,3.11
BKF,2026-04-11 07:58,-104.7517,39.7017,1726.00,10.72,3.33
BKF,2026-04-11 08:58,-104.7517,39.7017,1726.00,11.39,2.78
BKF,2026-04-11 09:58,-104.7517,39.7017,1726.00,10.39,2.00
BKF,2026-04-11 10:58,-104.7517,39.7017,1726.00,10.00,1.11
BKF,2026-04-11 11:55,-104.7517,39.7017,1726.00,11.00,0.39
BKF,2026-04-11 13:58,-104.7517,39.7017,1726.00,14.00,-0.78
BKF,2026-04-11 14:58,-104.7517,39.7017,1726.00,14.78,-0.89
BKF,2026-04-11 15:58,-104.7517,39.7017,1726.00,16.67,-0.56
BKF,2026-04-11 19:58,-104.7517,39.7017,1726.00,23.22,-5.78
BKF,2026-04-11 21:58,-104.7517,39.7017,1726.00,23.89,-6.11
BKF,2026-04-11 22:58,-104.7517,39.7017,1726.00,24.44,-3.00
BKF,2026-04-11 23:58,-104.7517,39.7017,1726.00,21.11,-2.00
BKF,2026-04-12 01:58,-104.7517,39.7017,1726.00,13.89,0.39
BKF,2026-04-12 02:58,-104.7517,39.7017,1726.00,12.78,-0.22
BKF,2026-04-12 03:58,-104.7517,39.7017,1726.00,15.00,-2.89
BKF,2026-04-12 04:58,-104.7517,39.7017,1726.00,13.61,-2.00
BKF,2026-04-12 05:58,-104.7517,39.7017,1726.00,10.00,-4.11
BKF,2026-04-12 06:58,-104.7517,39.7017,1726.00,8.89,-4.72
BKF,2026-04-12 07:58,-104.7517,39.7017,1726.00,7.78,-6.00
BKF,2026-04-12 08:58,-104.7517,39.7017,1726.00,7.89,-6.67
BKF,2026-04-12 10:58,-104.7517,39.7017,1726.00,8.00,-5.78
BKF,2026-04-12 13:58,-104.7517,39.7017,1726.00,13.61,-5.56
BKF,2026-04-12 15:58,-104.7517,39.7017,1726.00,19.11,-7.22
BKF,2026-04-12 17:58,-104.7517,39.7017,1726.00,20.00,-9.22
BKF,2026-04-12 19:58,-104.7517,39.7017,1726.00,21.67,-10.22
BKF,2026-04-12 23:58,-104.7517,39.7017,1726.00,22.78,-15.00
BKF,2026-04-13 01:58,-104.7517,39.7017,1726.00,20.00,-11.50
BKF,2026-04-13 03:58,-104.7517,39.7017,1726.00,16.11,-14.44
BKF,2026-04-13 04:58,-104.7517,39.7017,1726.00,13.00,-13.11
BKF,2026-04-13 05:58,-104.7517,39.7017,1726.00,12.39,-11.28
BKF,2026-04-13 06:58,-104.7517,39.7017,1726.00,15.00,-10.00
BKF,2026-04-13 07:58,-104.7517,39.7017,1726.00,13.11,-9.44
BKF,2026-04-13 08:58,-104.7517,39.7017,1726.00,10.22,-9.00
BKF,2026-04-13 09:58,-104.7517,39.7017,1726.00,10.56,-8.72
BKF,2026-04-13 10:58,-104.7517,39.7017,1726.00,9.22,-8.33
BKF,2026-04-13 12:58,-104.7517,39.7017,1726.00,8.22,-10.72
BKF,2026-04-13 13:58,-104.7517,39.7017,1726.00,12.22,-8.33
BKF,2026-04-13 14:58,-104.7517,39.7017,1726.00,14.78,-10.00
BKF,2026-04-13 15:58,-104.7517,39.7017,1726.00,16.67,-14.00
BKF,2026-04-13 16:58,-104.7517,39.7017,1726.00,17.22,-14.72
BKF,2026-04-13 18:58,-104.7517,39.7017,1726.00,20.72,-16.39
BKF,2026-04-13 19:58,-104.7517,39.7017,1726.00,21.11,-17.89
BKF,2026-04-13 21:58,-104.7517,39.7017,1726.00,22.61,-19.00
BKF,2026-04-13 23:58,-104.7517,39.7017,1726.00,20.72,-16.39
BKF,2026-04-14 00:58,-104.7517,39.7017,1726.00,19.22,-14.44
BKF,2026-04-14 01:58,-104.7517,39.7017,1726.00,16.11,-13.33
BKF,2026-04-14 03:58,-104.7517,39.7017,1726.00,14.44,-11.89
BKF,2026-04-14 06:58,-104.7517,39.7017,1726.00,10.56,-10.28
BKF,2026-04-14 07:58,-104.7517,39.7017,1726.00,9.72,-9.44
BKF,2026-04-14 08:58,-104.7517,39.7017,1726.00,8.89,-9.11
BKF,2026-04-14 09:58,-104.7517,39.7017,1726.00,9.28,-10.28
BKF,2026-04-14 10:58,-104.7517,39.7017,1726.00,10.22,-8.50
BKF,2026-04-14 11:58,-104.7517,39.7017,1726.00,8.11,-9.28
BKF,2026-04-14 14:58,-104.7517,39.7017,1726.00,11.67,-6.67
BKF,2026-04-14 15:58,-104.7517,39.7017,1726.00,13.72,-8.89
BKF,2026-04-14 19:58,-104.7517,39.7017,1726.00,12.00,-3.89
BKF,2026-04-14 20:58,-104.7517,39.7017,1726.00,9.44,0.39
BKF,2026-04-14 23:34,-104.7517,39.7017,1726.00,11.00,-1.00
BKF,2026-04-15 00:58,-104.7517,39.7017,1726.00,8.11,0.28
BKF,2026-04-15 01:58,-104.7517,39.7017,1726.00,8.61,-1.78
BKF,2026-04-15 02:58,-104.7517,39.7017,1726.00,6.50,-1.67
BKF,2026-04-15 03:58,-104.7517,39.7017,1726.00,5.89,-1.50
BKF,2026-04-15 04:58,-104.7517,39.7017,1726.00,6.28,-1.11
BKF,2026-04-15 05:58,-104.7517,39.7017,1726.00,4.72,0.00
BKF,2026-04-15 06:58,-104.7517,39.7017,1726.00,5.56,0.56
BKF,2026-04-15 07:58,-104.7517,39.7017,1726.00,5.00,0.00
BKF,2026-04-15 08:58,-104.7517,39.7017,1726.00,5.72,-2.22
BKF,2026-04-15 09:58,-104.7517,39.7017,1726.00,4.28,-4.22
BKF,2026-04-15 10:58,-104.7517,39.7017,1726.00,3.33,-5.39
BKF,2026-04-15 11:58,-104.7517,39.7017,1726.00,3.89,-5.56
BKF,2026-04-15 15:58,-104.7517,39.7017,1726.00,14.00,-10.72
BKF,2026-04-15 16:58,-104.7517,39.7017,1726.00,15.56,-11.00
BKF,2026-04-15 17:58,-104.7517,39.7017,1726.00,17.11,-10.56
BKF,2026-04-15 18:58,-104.7517,39.7017,1726.00,17.61,-12.22
BKF,2026-04-15 19:58,-104.7517,39.7017,1726.00,18.00,-12.89
BKF,2026-04-15 20:58,-104.7517,39.7017,1726.00,17.89,-11.89
BKF,2026-04-15 21:58,-104.7517,39.7017,1726.00,20.22,-10.00
BKF,2026-04-15 22:58,-104.7517,39.7017,1726.00,18.00,-10.00
BKF,2026-04-15 23:58,-104.7517,39.7017,1726.00,18.33,-8.89
BKF,2026-04-16 00:58,-104.7517,39.7017,1726.00,16.89,-10.00
BKF,2026-04-16 01:58,-104.7517,39.7017,1726.00,13.89,-9.44
BKF,2026-04-16 02:58,-104.7517,39.7017,1726.00,12.78,-7.78
BKF,2026-04-16 03:58,-104.7517,39.7017,1726.00,10.28,-8.33
BKF,2026-04-16 04:58,-104.7517,39.7017,1726.00,8.11,-7.22
BKF,2026-04-16 05:58,-104.7517,39.7017,1726.00,8.61,-6.78
BKF,2026-04-16 06:58,-104.7517,39.7017,1726.00,8.33,-7.00
BKF,2026-04-16 07:58,-104.7517,39.7017,1726.00,7.00,-7.39
BKF,2026-04-16 08:58,-104.7517,39.7017,1726.00,7.78,-7.50
BKF,2026-04-16 09:58,-104.7517,39.7017,1726.00,8.33,-7.89
BKF,2026-04-16 10:58,-104.7517,39.7017,1726.00,8.22,-8.33
BKF,2026-04-16 11:58,-104.7517,39.7017,1726.00,7.00,-8.22
BKF,2026-04-16 12:58,-104.7517,39.7017,1726.00,7.22,-8.00
BKF,2026-04-16 13:58,-104.7517,39.7017,1726.00,12.22,-7.78
BKF,2026-04-16 14:58,-104.7517,39.7017,1726.00,15.72,-8.61
BKF,2026-04-16 15:58,-104.7517,39.7017,1726.00,18.72,-10.28
BKF,2026-04-16 16:58,-104.7517,39.7017,1726.00,17.78,-10.22
BKF,2026-04-16 17:58,-104.7517,39.7017,1726.00,21.00,-10.56
BKF,2026-04-16 18:58,-104.7517,39.7017,1726.00,21.50,-11.39
BKF,2026-04-16 19:58,-104.7517,39.7017,1726.00,23.00,-11.67
BKF,2026-04-16 20:58,-104.7517,39.7017,1726.00,24.11,-12.22
BKF,2026-04-16 21:58,-104.7517,39.7017,1726.00,23.89,-12.50
BKF,2026-04-16 22:58,-104.7517,39.7017,1726.00,23.89,-14.11
BKF,2026-04-16 23:58,-104.7517,39.7017,1726.00,22.61,-10.56
BKF,2026-04-17 00:58,-104.7517,39.7017,1726.00,21.67,-11.39
BKF,2026-04-17 01:58,-104.7517,39.7017,1726.00,19.44,-11.89
BKF,2026-04-17 02:58,-104.7517,39.7017,1726.00,18.61,-12.50
BKF,2026-04-17 03:58,-104.7517,39.7017,1726.00,16.28,-12.22
BKF,2026-04-17 04:58,-104.7517,39.7017,1726.00,15.22,-12.22
BKF,2026-04-17 05:58,-104.7517,39.7017,1726.00,14.00,-12.22
BKF,2026-04-17 06:58,-104.7517,39.7017,1726.00,14.61,-16.67
BKF,2026-04-17 08:58,-104.7517,39.7017,1726.00,1.28,-4.22
BKF,2026-04-17 09:58,-104.7517,39.7017,1726.00,0.00,-4.61
BKF,2026-04-17 10:58,-104.7517,39.7017,1726.00,0.22,-4.28
BKF,2026-04-17 11:58,-104.7517,39.7017,1726.00,0.00,-5.00
BKF,2026-04-17 12:58,-104.7517,39.7017,1726.00,-0.39,-5.39
BKF,2026-04-17 14:58,-104.7517,39.7017,1726.00,3.33,-5.78
BKF,2026-04-17 15:58,-104.7517,39.7017,1726.00,4.61,-7.89
BKF,2026-04-17 16:58,-104.7517,39.7017,1726.00,1.28,-5.78
BKF,2026-04-17 17:58,-104.7517,39.7017,1726.00,-1.11,-2.78
BKF,2026-04-17 18:58,-104.7517,39.7017,1726.00,-1.78,-3.11
BKF,2026-04-17 19:58,-104.7517,39.7017,1726.00,-2.11,-3.50
BKF,2026-04-17 20:58,-104.7517,39.7017,1726.00,-1.67,-3.22
BKF,2026-04-17 21:58,-104.7517,39.7017,1726.00,-1.00,-3.33
BKF,2026-04-17 22:58,-104.7517,39.7017,1726.00,0.22,-2.78
BKF,2026-04-17 23:58,-104.7517,39.7017,1726.00,0.56,-4.28
BKF,2026-04-18 00:58,-104.7517,39.7017,1726.00,1.11,-4.00
BKF,2026-04-18 01:58,-104.7517,39.7017,1726.00,-1.11,-5.39
BKF,2026-04-18 02:58,-104.7517,39.7017,1726.00,-1.11,-4.78
BKF,2026-04-18 03:58,-104.7517,39.7017,1726.00,-1.89,-4.72
BKF,2026-04-18 04:58,-104.7517,39.7017,1726.00,-2.78,-5.78
BKF,2026-04-18 05:58,-104.7517,39.7017,1726.00,-3.33,-6.28
BKF,2026-04-18 06:58,-104.7517,39.7017,1726.00,-3.33,-6.89
BKF,2026-04-18 07:58,-104.7517,39.7017,1726.00,-3.11,-7.11
BKF,2026-04-18 08:58,-104.7517,39.7017,1726.00,-2.61,-7.61
BKF,2026-04-18 09:58,-104.7517,39.7017,1726.00,-5.00,-10.00
BKF,2026-04-18 10:58,-104.7517,39.7017,1726.00,-1.28,-8.11
BKF,2026-04-18 11:58,-104.7517,39.7017,1726.00,-2.78,-9.44
BKF,2026-04-18 12:58,-104.7517,39.7017,1726.00,-1.67,-9.78
BKF,2026-04-18 13:58,-104.7517,39.7017,1726.00,0.00,-9.78
BKF,2026-04-18 14:58,-104.7517,39.7017,1726.00,2.22,-10.89
BKF,2026-04-18 15:58,-104.7517,39.7017,1726.00,3.33,-11.11
BKF,2026-04-18 16:58,-104.7517,39.7017,1726.00,5.28,-10.89
BKF,2026-04-18 17:58,-104.7517,39.7017,1726.00,6.78,-11.89
BKF,2026-04-18 18:58,-104.7517,39.7017,1726.00,5.78,-15.56
BKF,2026-04-18 19:58,-104.7517,39.7017,1726.00,9.22,-13.89
BKF,2026-04-18 20:58,-104.7517,39.7017,1726.00,11.39,-15.22
BKF,2026-04-18 21:58,-104.7517,39.7017,1726.00,12.78,-17.11
BKF,2026-04-18 22:58,-104.7517,39.7017,1726.00,13.11,-16.78
BKF,2026-04-18 23:58,-104.7517,39.7017,1726.00,13.33,-14.61
BKF,2026-04-19 00:58,-104.7517,39.7017,1726.00,11.28,-12.22
BKF,2026-04-19 01:58,-104.7517,39.7017,1726.00,8.61,-10.28
BKF,2026-04-19 02:58,-104.7517,39.7017,1726.00,6.89,-9.11
BKF,2026-04-19 03:58,-104.7517,39.7017,1726.00,6.11,-9.72
BKF,2026-04-19 04:58,-104.7517,39.7017,1726.00,5.39,-8.89
BKF,2026-04-19 05:58,-104.7517,39.7017,1726.00,5.78,-9.61
BKF,2026-04-19 06:58,-104.7517,39.7017,1726.00,5.72,-11.00
BKF,2026-04-19 07:58,-104.7517,39.7017,1726.00,5.22,-11.78
BKF,2026-04-19 08:58,-104.7517,39.7017,1726.00,5.39,-12.11
BKF,2026-04-19 09:58,-104.7517,39.7017,1726.00,5.56,-13.33
BKF,2026-04-19 10:58,-104.7517,39.7017,1726.00,2.00,-12.22
BKF,2026-04-19 11:58,-104.7517,39.7017,1726.00,2.22,-13.11
BKF,2026-04-19 12:58,-104.7517,39.7017,1726.00,3.00,-11.28
BKF,2026-04-19 13:58,-104.7517,39.7017,1726.00,7.00,-11.11
BKF,2026-04-19 14:58,-104.7517,39.7017,1726.00,8.00,-15.00
BKF,2026-04-19 15:58,-104.7517,39.7017,1726.00,12.78,-16.00
BKF,2026-04-19 16:58,-104.7517,39.7017,1726.00,16.50,-17.89
BKF,2026-04-19 17:58,-104.7517,39.7017,1726.00,18.22,-24.72
BKF,2026-04-19 18:58,-104.7517,39.7017,1726.00,19.00,-27.22
BKF,2026-04-19 19:58,-104.7517,39.7017,1726.00,20.39,-26.28
BKF,2026-04-19 20:58,-104.7517,39.7017,1726.00,21.78,-22.22
BKF,2026-04-19 21:58,-104.7517,39.7017,1726.00,21.39,-22.39
BKF,2026-04-19 22:58,-104.7517,39.7017,1726.00,22.22,-21.89
BKF,2026-04-19 23:58,-104.7517,39.7017,1726.00,21.78,-22.22
BKF,2026-04-20 00:58,-104.7517,39.7017,1726.00,20.00,-16.78
BKF,2026-04-20 01:58,-104.7517,39.7017,1726.00,14.78,-15.39
BKF,2026-04-20 02:58,-104.7517,39.7017,1726.00,11.50,-14.28
BKF,2026-04-20 03:58,-104.7517,39.7017,1726.00,8.89,-17.22
BKF,2026-04-20 04:58,-104.7517,39.7017,1726.00,9.72,-16.67
BKF,2026-04-20 05:58,-104.7517,39.7017,1726.00,8.33,-16.00
BKF,2026-04-20 06:58,-104.7517,39.7017,1726.00,6.67,-16.11
BKF,2026-04-20 07:58,-104.7517,39.7017,1726.00,6.00,-14.11
BKF,2026-04-20 08:58,-104.7517,39.7017,1726.00,6.00,-14.72
BKF,2026-04-20 09:58,-104.7517,39.7017,1726.00,8.50,-16.67
BKF,2026-04-20 10:58,-104.7517,39.7017,1726.00,9.72,-16.67
BKF,2026-04-20 11:58,-104.7517,39.7017,1726.00,8.33,-16.89
BKF,2026-04-20 12:58,-104.7517,39.7017,1726.00,8.50,-15.22
BKF,2026-04-20 13:58,-104.7517,39.7017,1726.00,11.50,-13.50
BKF,2026-04-20 14:58,-104.7517,39.7017,1726.00,15.00,-13.22
BKF,2026-04-20 15:58,-104.7517,39.7017,1726.00,18.22,-12.78
BKF,2026-04-20 16:58,-104.7517,39.7017,1726.00,21.50,-19.78
BKF,2026-04-20 17:58,-104.7517,39.7017,1726.00,22.78,-18.89
BKF,2026-04-20 18:58,-104.7517,39.7017,1726.00,23.33,-24.28
BKF,2026-04-20 19:58,-104.7517,39.7017,1726.00,24.44,-20.39
BKF,2026-04-20 20:58,-104.7517,39.7017,1726.00,25.00,-23.22
BKF,2026-04-20 21:58,-104.7517,39.7017,1726.00,25.56,-19.61
BKF,2026-04-20 22:58,-104.7517,39.7017,1726.00,25.78,-19.44
BKF,2026-04-20 23:58,-104.7517,39.7017,1726.00,24.61,-20.22
BKF,2026-04-21 00:58,-104.7517,39.7017,1726.00,22.61,-16.89
BKF,2026-04-21 01:58,-104.7517,39.7017,1726.00,18.89,-13.50
BKF,2026-04-21 02:58,-104.7517,39.7017,1726.00,14.00,-13.11
BKF,2026-04-21 03:58,-104.7517,39.7017,1726.00,14.00,-14.00
BKF,2026-04-21 04:58,-104.7517,39.7017,1726.00,15.72,-15.89
BKF,2026-04-21 05:58,-104.7517,39.7017,1726.00,13.22,-13.89
BKF,2026-04-21 06:58,-104.7517,39.7017,1726.00,11.00,-11.11
BKF,2026-04-21 07:58,-104.7517,39.7017,1726.00,9.22,-11.39
BKF,2026-04-21 08:58,-104.7517,39.7017,1726.00,10.00,-12.00
BKF,2026-04-21 09:58,-104.7517,39.7017,1726.00,9.00,-12.78
BKF,2026-04-21 10:58,-104.7517,39.7017,1726.00,8.22,-12.22
BKF,2026-04-21 11:58,-104.7517,39.7017,1726.00,10.89,-11.11
BKF,2026-04-21 12:58,-104.7517,39.7017,1726.00,12.00,-12.22
BKF,2026-04-21 13:58,-104.7517,39.7017,1726.00,15.56,-11.00
BKF,2026-04-21 14:58,-104.7517,39.7017,1726.00,19.00,-10.00
BKF,2026-04-21 15:58,-104.7517,39.7017,1726.00,21.67,-9.00
BKF,2026-04-21 17:58,-104.7517,39.7017,1726.00,25.89,-10.89
BKF,2026-04-21 18:58,-104.7517,39.7017,1726.00,26.11,-14.28
BKF,2026-04-21 19:58,-104.7517,39.7017,1726.00,27.11,-13.61
BKF,2026-04-21 20:58,-104.7517,39.7017,1726.00,27.78,-15.28
BKF,2026-04-21 21:58,-104.7517,39.7017,1726.00,28.61,-17.50
BKF,2026-04-21 22:58,-104.7517,39.7017,1726.00,28.50,-14.78
BKF,2026-04-21 23:58,-104.7517,39.7017,1726.00,27.50,-13.33
BKF,2026-04-22 00:58,-104.7517,39.7017,1726.00,25.00,-11.67
BKF,2026-04-22 01:58,-104.7517,39.7017,1726.00,22.22,-10.89
BKF,2026-04-22 02:58,-104.7517,39.7017,1726.00,21.67,-11.39
BKF,2026-04-22 03:58,-104.7517,39.7017,1726.00,18.89,-10.22
BKF,2026-04-22 04:58,-104.7517,39.7017,1726.00,18.61,-11.39
BKF,2026-04-22 05:58,-104.7517,39.7017,1726.00,18.89,-8.33
BKF,2026-04-22 06:58,-104.7517,39.7017,1726.00,17.39,-6.50
BKF,2026-04-22 07:58,-104.7517,39.7017,1726.00,15.56,-6.11
BKF,2026-04-22 08:58,-104.7517,39.7017,1726.00,14.11,-6.11
BKF,2026-04-22 09:58,-104.7517,39.7017,1726.00,13.22,-5.39
BKF,2026-04-22 10:58,-104.7517,39.7017,1726.00,13.50,-5.00
BKF,2026-04-22 11:58,-104.7517,39.7017,1726.00,15.00,-3.89
BKF,2026-04-22 12:58,-104.7517,39.7017,1726.00,13.89,-3.89
BKF,2026-04-22 13:58,-104.7517,39.7017,1726.00,18.72,-4.11
BKF,2026-04-22 14:58,-104.7517,39.7017,1726.00,21.28,-4.00
BKF,2026-04-22 15:58,-104.7517,39.7017,1726.00,22.11,-6.67
BKF,2026-04-22 16:58,-104.7517,39.7017,1726.00,23.11,-9.00
BKF,2026-04-22 17:58,-104.7517,39.7017,1726.00,25.72,-11.11
BKF,2026-04-22 18:58,-104.7517,39.7017,1726.00,26.67,-13.89
BKF,2026-04-22 19:58,-104.7517,39.7017,1726.00,27.00,-15.89
BKF,2026-04-22 20:58,-104.7517,39.7017,1726.00,28.22,-25.72
BKF,2026-04-22 21:58,-104.7517,39.7017,1726.00,26.67,-26.67
BKF,2026-04-22 22:58,-104.7517,39.7017,1726.00,25.89,-27.11
BKF,2026-04-22 23:58,-104.7517,39.7017,1726.00,27.22,-26.11
BKF,2026-04-23 00:58,-104.7517,39.7017,1726.00,24.72,-27.89
BKF,2026-04-23 01:58,-104.7517,39.7017,1726.00,22.11,-25.22
BKF,2026-04-23 02:58,-104.7517,39.7017,1726.00,20.28,-23.22
BKF,2026-04-23 03:58,-104.7517,39.7017,1726.00,19.44,-19.22
BKF,2026-04-23 04:58,-104.7517,39.7017,1726.00,17.89,-18.50
BKF,2026-04-23 05:58,-104.7517,39.7017,1726.00,16.28,-16.67
BKF,2026-04-23 06:58,-104.7517,39.7017,1726.00,10.89,-8.89
BKF,2026-04-23 07:58,-104.7517,39.7017,1726.00,9.00,-7.22
BKF,2026-04-23 08:58,-104.7517,39.7017,1726.00,7.61,-7.22
BKF,2026-04-23 09:58,-104.7517,39.7017,1726.00,4.44,-7.61
BKF,2026-04-23 10:58,-104.7517,39.7017,1726.00,4.11,-6.50
BKF,2026-04-23 11:58,-104.7517,39.7017,1726.00,5.00,-6.78
BKF,2026-04-23 12:58,-104.7517,39.7017,1726.00,5.56,-6.00
BKF,2026-04-23 13:58,-104.7517,39.7017,1726.00,12.22,-9.44
BKF,2026-04-23 14:58,-104.7517,39.7017,1726.00,13.00,-11.50
BKF,2026-04-23 15:58,-104.7517,39.7017,1726.00,15.72,-15.89
BKF,2026-04-23 16:58,-104.7517,39.7017,1726.00,16.78,-19.28
BKF,2026-04-23 17:58,-104.7517,39.7017,1726.00,16.67,-17.89
BKF,2026-04-23 18:58,-104.7517,39.7017,1726.00,16.67,-16.50
BKF,2026-04-23 19:58,-104.7517,39.7017,1726.00,18.11,-16.67
BKF,2026-04-23 20:58,-104.7517,39.7017,1726.00,15.72,-14.72
BKF,2026-04-23 21:58,-104.7517,39.7017,1726.00,17.22,-14.72
BKF,2026-04-23 22:58,-104.7517,39.7017,1726.00,16.00,-14.44
BKF,2026-04-23 23:58,-104.7517,39.7017,1726.00,17.11,-13.61
BKF,2026-04-24 00:58,-104.7517,39.7017,1726.00,15.00,-11.50
BKF,2026-04-24 01:58,-104.7517,39.7017,1726.00,12.89,-10.22
BKF,2026-04-24 02:58,-104.7517,39.7017,1726.00,11.67,-9.44
BKF,2026-04-24 03:58,-104.7517,39.7017,1726.00,11.00,-10.56
BKF,2026-04-24 04:58,-104.7517,39.7017,1726.00,9.78,-9.28
BKF,2026-04-24 05:58,-104.7517,39.7017,1726.00,7.39,-10.00
BKF,2026-04-24 06:58,-104.7517,39.7017,1726.00,8.11,-11.78
BKF,2026-04-24 07:58,-104.7517,39.7017,1726.00,5.56,-11.11
BKF,2026-04-24 08:58,-104.7517,39.7017,1726.00,5.78,-10.89
BKF,2026-04-24 09:58,-104.7517,39.7017,1726.00,4.11,-10.39
BKF,2026-04-24 10:58,-104.7517,39.7017,1726.00,3.89,-10.89
BKF,2026-04-24 11:58,-104.7517,39.7017,1726.00,5.00,-10.28
BKF,2026-04-24 12:58,-104.7517,39.7017,1726.00,5.56,-10.56
BKF,2026-04-24 13:58,-104.7517,39.7017,1726.00,10.72,-10.78
BKF,2026-04-24 14:58,-104.7517,39.7017,1726.00,11.67,-10.56
BKF,2026-04-24 15:58,-104.7517,39.7017,1726.00,14.00,-12.22
BKF,2026-04-24 16:58,-104.7517,39.7017,1726.00,16.11,-16.78
BKF,2026-04-24 17:58,-104.7517,39.7017,1726.00,18.00,-18.33
BKF,2026-04-24 18:58,-104.7517,39.7017,1726.00,19.44,-21.28
BKF,2026-04-24 19:58,-104.7517,39.7017,1726.00,21.78,-25.39
BKF,2026-04-24 20:58,-104.7517,39.7017,1726.00,22.00,-25.22
BKF,2026-04-24 21:58,-104.7517,39.7017,1726.00,21.67,-29.78
BKF,2026-04-24 22:58,-104.7517,39.7017,1726.00,22.22,-29.44
BKF,2026-04-24 23:58,-104.7517,39.7017,1726.00,21.28,-25.72
BKF,2026-04-25 00:58,-104.7517,39.7017,1726.00,19.44,-23.89
BKF,2026-04-25 01:58,-104.7517,39.7017,1726.00,16.78,-21.11
BKF,2026-04-25 02:58,-104.7517,39.7017,1726.00,11.67,-5.28
BKF,2026-04-25 03:58,-104.7517,39.7017,1726.00,5.72,-1.11
BKF,2026-04-25 04:58,-104.7517,39.7017,1726.00,3.50,-1.67
BKF,2026-04-25 05:58,-104.7517,39.7017,1726.00,1.67,-2.22
BKF,2026-04-25 06:58,-104.7517,39.7017,1726.00,0.00,-3.33
BKF,2026-04-25 07:58,-104.7517,39.7017,1726.00,-1.11,-3.89
BKF,2026-04-25 08:58,-104.7517,39.7017,1726.00,-1.67,-4.11
BKF,2026-04-25 09:58,-104.7517,39.7017,1726.00,0.72,-3.33
BKF,2026-04-25 10:58,-104.7517,39.7017,1726.00,1.00,-3.89
BKF,2026-04-25 11:58,-104.7517,39.7017,1726.00,0.22,-4.61
BKF,2026-04-25 12:58,-104.7517,39.7017,1726.00,0.00,-3.50
BKF,2026-04-25 13:58,-104.7517,39.7017,1726.00,0.00,-2.89
BKF,2026-04-25 14:58,-104.7517,39.7017,1726.00,1.11,-2.78
BKF,2026-04-25 15:58,-104.7517,39.7017,1726.00,2.22,-2.50
BKF,2026-04-25 16:58,-104.7517,39.7017,1726.00,3.72,-2.22
BKF,2026-04-25 17:58,-104.7517,39.7017,1726.00,5.72,-2.39
BKF,2026-04-25 18:58,-104.7517,39.7017,1726.00,9.11,-1.67
BKF,2026-04-25 19:58,-104.7517,39.7017,1726.00,9.28,-3.33
BKF,2026-04-25 20:58,-104.7517,39.7017,1726.00,12.22,-3.11
BKF,2026-04-25 21:58,-104.7517,39.7017,1726.00,12.78,-3.11
BKF,2026-04-25 22:58,-104.7517,39.7017,1726.00,12.78,-2.39
BKF,2026-04-25 23:58,-104.7517,39.7017,1726.00,11.11,-2.22
BKF,2026-04-26 00:58,-104.7517,39.7017,1726.00,10.00,-2.11
BKF,2026-04-26 01:58,-104.7517,39.7017,1726.00,8.11,-0.22
BKF,2026-04-26 02:58,-104.7517,39.7017,1726.00,4.28,-0.72
BKF,2026-04-26 03:58,-104.7517,39.7017,1726.00,2.89,-0.56
BKF,2026-04-26 04:58,-104.7517,39.7017,1726.00,2.50,-0.28
BKF,2026-04-26 05:58,-104.7517,39.7017,1726.00,2.78,0.28
BKF,2026-04-26 06:58,-104.7517,39.7017,1726.00,2.78,0.22
BKF,2026-04-26 07:58,-104.7517,39.7017,1726.00,3.00,0.56
BKF,2026-04-26 08:58,-104.7517,39.7017,1726.00,3.72,0.72
BKF,2026-04-26 09:58,-104.7517,39.7017,1726.00,4.00,0.72
BKF,2026-04-26 10:58,-104.7517,39.7017,1726.00,4.00,0.72
BKF,2026-04-26 11:58,-104.7517,39.7017,1726.00,4.11,0.39
BKF,2026-04-26 12:58,-104.7517,39.7017,1726.00,4.61,0.72
BKF,2026-04-26 13:58,-104.7517,39.7017,1726.00,5.56,1.00
BKF,2026-04-26 14:58,-104.7517,39.7017,1726.00,6.67,0.72
BKF,2026-04-26 15:58,-104.7517,39.7017,1726.00,4.61,-1.11
BKF,2026-04-26 16:58,-104.7517,39.7017,1726.00,8.00,0.22
BKF,2026-04-26 17:58,-104.7517,39.7017,1726.00,11.78,1.11
BKF,2026-04-26 18:58,-104.7517,39.7017,1726.00,11.67,0.78
BKF,2026-04-26 19:58,-104.7517,39.7017,1726.00,8.61,5.00
BKF,2026-04-26 20:58,-104.7517,39.7017,1726.00,7.78,3.11
BKF,2026-04-26 21:58,-104.7517,39.7017,1726.00,10.56,2.39
BKF,2026-04-26 22:58,-104.7517,39.7017,1726.00,8.33,4.78
BKF,2026-04-26 23:58,-104.7517,39.7017,1726.00,11.89,4.44
BKF,2026-04-27 00:58,-104.7517,39.7017,1726.00,10.00,3.50
BKF,2026-04-27 01:58,-104.7517,39.7017,1726.00,7.78,5.00
BKF,2026-04-27 02:58,-104.7517,39.7017,1726.00,7.22,5.72
BKF,2026-04-27 03:58,-104.7517,39.7017,1726.00,6.67,5.22
BKF,2026-04-27 04:58,-104.7517,39.7017,1726.00,6.67,5.78
BKF,2026-04-27 05:58,-104.7517,39.7017,1726.00,6.11,5.22
BKF,2026-04-27 06:58,-104.7517,39.7017,1726.00,6.00,5.00
BKF,2026-04-27 07:58,-104.7517,39.7017,1726.00,5.00,4.22
BKF,2026-04-27 08:58,-104.7517,39.7017,1726.00,5.22,4.61
BKF,2026-04-27 09:58,-104.7517,39.7017,1726.00,3.89,3.33
BKF,2026-04-27 10:58,-104.7517,39.7017,1726.00,3.72,3.11
BKF,2026-04-27 11:58,-104.7517,39.7017,1726.00,3.33,2.78
BKF,2026-04-27 12:58,-104.7517,39.7017,1726.00,2.78,2.11
BKF,2026-04-27 13:58,-104.7517,39.7017,1726.00,3.89,3.50
BKF,2026-04-27 14:58,-104.7517,39.7017,1726.00,1.78,1.11
BKF,2026-04-27 15:58,-104.7517,39.7017,1726.00,2.11,1.11
BKF,2026-04-27 16:58,-104.7517,39.7017,1726.00,3.22,1.39
BKF,2026-04-27 17:58,-104.7517,39.7017,1726.00,5.72,2.78
BKF,2026-04-27 18:58,-104.7517,39.7017,1726.00,6.89,0.56
BKF,2026-04-27 19:58,-104.7517,39.7017,1726.00,10.22,1.67
BKF,2026-04-27 20:58,-104.7517,39.7017,1726.00,11.11,1.39
BKF,2026-04-27 21:58,-104.7517,39.7017,1726.00,11.11,0.78
BKF,2026-04-27 22:58,-104.7517,39.7017,1726.00,11.00,1.00
BKF,2026-04-27 23:58,-104.7517,39.7017,1726.00,10.39,1.11
BKF,2026-04-28 00:58,-104.7517,39.7017,1726.00,10.22,1.78
BKF,2026-04-28 01:58,-104.7517,39.7017,1726.00,8.89,4.11
BKF,2026-04-28 02:58,-104.7517,39.7017,1726.00,6.67,3.89
BKF,2026-04-28 03:58,-104.7517,39.7017,1726.00,6.78,4.61
BKF,2026-04-28 04:58,-104.7517,39.7017,1726.00,6.50,4.22
BKF,2026-04-28 05:58,-104.7517,39.7017,1726.00,4.78,2.78
BKF,2026-04-28 06:58,-104.7517,39.7017,1726.00,4.44,2.50
BKF,2026-04-28 07:58,-104.7517,39.7017,1726.00,3.72,1.67
BKF,2026-04-28 08:58,-104.7517,39.7017,1726.00,2.78,1.11
BKF,2026-04-28 09:58,-104.7517,39.7017,1726.00,2.22,0.72
BKF,2026-04-28 10:58,-104.7517,39.7017,1726.00,2.61,1.11
BKF,2026-04-28 11:58,-104.7517,39.7017,1726.00,2.89,2.00
BKF,2026-04-28 12:58,-104.7517,39.7017,1726.00,3.61,2.78
BKF,2026-04-28 13:58,-104.7517,39.7017,1726.00,3.89,2.78
BKF,2026-04-28 14:58,-104.7517,39.7017,1726.00,5.00,3.11
BKF,2026-04-28 15:58,-104.7517,39.7017,1726.00,6.89,3.22
BKF,2026-04-28 16:58,-104.7517,39.7017,1726.00,10.39,2.78
BKF,2026-04-28 17:58,-104.7517,39.7017,1726.00,11.00,2.78
BKF,2026-04-28 18:58,-104.7517,39.7017,1726.00,11.78,0.22
BKF,2026-04-28 19:58,-104.7517,39.7017,1726.00,13.89,-1.00
BKF,2026-04-28 20:58,-104.7517,39.7017,1726.00,12.61,-1.39
BKF,2026-04-28 21:58,-104.7517,39.7017,1726.00,14.78,-1.28
BKF,2026-04-28 22:58,-104.7517,39.7017,1726.00,12.61,-2.11
BKF,2026-04-28 23:58,-104.7517,39.7017,1726.00,13.72,-2.78
BKF,2026-04-29 00:58,-104.7517,39.7017,1726.00,13.00,-2.89
BKF,2026-04-29 01:58,-104.7517,39.7017,1726.00,10.89,-3.22
BKF,2026-04-29 02:58,-104.7517,39.7017,1726.00,9.11,-0.56
BKF,2026-04-29 03:58,-104.7517,39.7017,1726.00,7.61,1.39
BKF,2026-04-29 04:58,-104.7517,39.7017,1726.00,7.39,0.39
BKF,2026-04-29 05:58,-104.7517,39.7017,1726.00,7.00,1.28
BKF,2026-04-29 06:58,-104.7517,39.7017,1726.00,5.28,0.56
BKF,2026-04-29 07:58,-104.7517,39.7017,1726.00,4.22,0.22
BKF,2026-04-29 08:58,-104.7517,39.7017,1726.00,5.00,0.78
BKF,2026-04-29 09:58,-104.7517,39.7017,1726.00,6.28,2.00
BKF,2026-04-29 10:58,-104.7517,39.7017,1726.00,5.00,2.11
BKF,2026-04-29 11:58,-104.7517,39.7017,1726.00,5.00,2.22
BKF,2026-04-29 12:58,-104.7517,39.7017,1726.00,5.56,3.00
BKF,2026-04-29 13:58,-104.7517,39.7017,1726.00,6.89,3.33
BKF,2026-04-29 14:58,-104.7517,39.7017,1726.00,9.22,2.22
BKF,2026-04-29 15:58,-104.7517,39.7017,1726.00,10.72,1.78
BKF,2026-04-29 16:58,-104.7517,39.7017,1726.00,12.61,1.28
BKF,2026-04-29 17:58,-104.7517,39.7017,1726.00,14.22,1.78
BKF,2026-04-29 18:58,-104.7517,39.7017,1726.00,13.89,0.78
BKF,2026-04-29 19:58,-104.7517,39.7017,1726.00,12.78,0.56
BKF,2026-04-29 20:58,-104.7517,39.7017,1726.00,10.00,2.50
BKF,2026-04-29 21:58,-104.7517,39.7017,1726.00,11.00,5.00
BKF,2026-04-29 22:58,-104.7517,39.7017,1726.00,11.39,3.22
BKF,2026-04-29 23:58,-104.7517,39.7017,1726.00,8.89,2.78
BKF,2026-04-30 00:58,-104.7517,39.7017,1726.00,10.28,0.89
BKF,2026-04-30 01:58,-104.7517,39.7017,1726.00,8.89,3.33
BKF,2026-04-30 02:58,-104.7517,39.7017,1726.00,8.22,3.61
BKF,2026-04-30 03:58,-104.7517,39.7017,1726.00,7.50,1.78
BKF,2026-04-30 04:58,-104.7517,39.7017,1726.00,7.00,1.89
BKF,2026-04-30 05:58,-104.7517,39.7017,1726.00,6.11,3.61
BKF,2026-04-30 06:58,-104.7517,39.7017,1726.00,6.78,2.22
BKF,2026-04-30 07:58,-104.7517,39.7017,1726.00,5.56,3.33
BKF,2026-04-30 08:58,-104.7517,39.7017,1726.00,5.39,2.78
BKF,2026-04-30 09:58,-104.7517,39.7017,1726.00,4.78,3.11
BKF,2026-04-30 10:58,-104.7517,39.7017,1726.00,4.28,2.61
BKF,2026-04-30 11:58,-104.7517,39.7017,1726.00,4.28,3.00
BKF,2026-04-30 12:58,-104.7517,39.7017,1726.00,4.78,1.78
BKF,2026-04-30 13:58,-104.7517,39.7017,1726.00,4.00,-0.22
BKF,2026-04-30 14:58,-104.7517,39.7017,1726.00,4.44,0.56
BKF,2026-04-30 15:58,-104.7517,39.7017,1726.00,4.44,1.11
BKF,2026-04-30 16:58,-104.7517,39.7017,1726.00,4.22,1.67
BKF,2026-04-30 17:58,-104.7517,39.7017,1726.00,4.28,1.28
BKF,2026-04-30 18:58,-104.7517,39.7017,1726.00,5.22,2.22
BKF,2026-04-30 19:58,-104.7517,39.7017,1726.00,5.72,0.56
BKF,2026-04-30 20:58,-104.7517,39.7017,1726.00,6.78,0.22
BKF,2026-04-30 21:58,-104.7517,39.7017,1726.00,7.89,1.28
BKF,2026-04-30 22:44,-104.7517,39.7017,1726.00,8.00,-1.00
BKF,2026-04-30 23:58,-104.7517,39.7017,1726.00,7.78,-0.72
BKF,2026-05-01 00:58,-104.7517,39.7017,1726.00,7.11,0.00
BKF,2026-05-01 01:58,-104.7517,39.7017,1726.00,5.00,1.39
BKF,2026-05-01 02:58,-104.7517,39.7017,1726.00,5.89,3.22
BKF,2026-05-01 03:58,-104.7517,39.7017,1726.00,5.28,3.00
BKF,2026-05-01 04:58,-104.7517,39.7017,1726.00,4.72,2.39
BKF,2026-05-01 05:58,-104.7517,39.7017,1726.00,4.28,2.22
BKF,2026-05-01 06:58,-104.7517,39.7017,1726.00,3.61,1.67
BKF,2026-05-01 07:58,-104.7517,39.7017,1726.00,2.61,0.78
BKF,2026-05-01 08:58,-104.7517,39.7017,1726.00,2.11,0.56
BKF,2026-05-01 09:58,-104.7517,39.7017,1726.00,1.67,0.39
BKF,2026-05-01 10:58,-104.7517,39.7017,1726.00,1.11,-0.39
BKF,2026-05-01 11:58,-104.7517,39.7017,1726.00,1.11,-0.72
BKF,2026-05-01 12:58,-104.7517,39.7017,1726.00,2.00,0.00
BKF,2026-05-01 13:58,-104.7517,39.7017,1726.00,5.89,1.67
BKF,2026-05-01 14:58,-104.7517,39.7017,1726.00,7.39,0.56
BKF,2026-05-01 15:58,-104.7517,39.7017,1726.00,9.11,-1.67
BKF,2026-05-01 16:58,-104.7517,39.7017,1726.00,10.56,-6.28
BKF,2026-05-01 17:58,-104.7517,39.7017,1726.00,11.89,-4.72
BKF,2026-05-01 18:58,-104.7517,39.7017,1726.00,13.11,-5.00
BKF,2026-05-01 19:58,-104.7517,39.7017,1726.00,14.44,-7.00
BKF,2026-05-01 20:58,-104.7517,39.7017,1726.00,15.00,-8.33
BKF,2026-05-01 21:58,-104.7517,39.7017,1726.00,15.56,-12.78
BKF,2026-05-01 22:58,-104.7517,39.7017,1726.00,15.28,-13.00
BKF,2026-05-01 23:58,-104.7517,39.7017,1726.00,15.39,-12.00
BKF,2026-05-02 00:58,-104.7517,39.7017,1726.00,13.89,-10.89
BKF,2026-05-02 01:58,-104.7517,39.7017,1726.00,10.39,-9.28
BKF,2026-05-02 02:58,-104.7517,39.7017,1726.00,9.44,-9.61
BKF,2026-05-02 03:58,-104.7517,39.7017,1726.00,7.78,-7.89
BKF,2026-05-02 04:58,-104.7517,39.7017,1726.00,6.78,-6.89
BKF,2026-05-02 05:58,-104.7517,39.7017,1726.00,7.78,-6.39
BKF,2026-05-02 06:58,-104.7517,39.7017,1726.00,5.89,-7.22
BKF,2026-05-02 07:58,-104.7517,39.7017,1726.00,5.56,-4.61
BKF,2026-05-02 08:58,-104.7517,39.7017,1726.00,3.89,-4.72
BKF,2026-05-02 09:58,-104.7517,39.7017,1726.00,2.50,-5.00
BKF,2026-05-02 10:58,-104.7517,39.7017,1726.00,2.22,-5.00
BKF,2026-05-02 11:58,-104.7517,39.7017,1726.00,3.00,-5.00
BKF,2026-05-02 12:58,-104.7517,39.7017,1726.00,4.78,-3.72
BKF,2026-05-02 13:58,-104.7517,39.7017,1726.00,7.78,-5.72
BKF,2026-05-02 14:58,-104.7517,39.7017,1726.00,11.50,-5.89
BKF,2026-05-02 15:58,-104.7517,39.7017,1726.00,14.11,-7.89
BKF,2026-05-02 16:58,-104.7517,39.7017,1726.00,16.11,-8.89
BKF,2026-05-02 17:58,-104.7517,39.7017,1726.00,16.39,-11.11
BKF,2026-05-02 18:58,-104.7517,39.7017,1726.00,17.61,-12.22
BKF,2026-05-02 19:58,-104.7517,39.7017,1726.00,19.00,-14.61
BKF,2026-05-02 20:58,-104.7517,39.7017,1726.00,20.00,-16.78
BKF,2026-05-02 21:58,-104.7517,39.7017,1726.00,22.11,-15.39
BKF,2026-05-02 22:58,-104.7517,39.7017,1726.00,20.89,-22.78
BKF,2026-05-02 23:58,-104.7517,39.7017,1726.00,21.00,-18.00
BKF,2026-05-03 00:58,-104.7517,39.7017,1726.00,20.22,-13.72
BKF,2026-05-03 01:58,-104.7517,39.7017,1726.00,15.89,-10.72
BKF,2026-05-03 02:58,-104.7517,39.7017,1726.00,11.67,-5.00
BKF,2026-05-03 03:58,-104.7517,39.7017,1726.00,14.11,-8.50
BKF,2026-05-03 04:58,-104.7517,39.7017,1726.00,13.89,-8.72
BKF,2026-05-03 05:58,-104.7517,39.7017,1726.00,12.22,-7.78
BKF,2026-05-03 06:58,-104.7517,39.7017,1726.00,11.28,-6.67
BKF,2026-05-03 07:58,-104.7517,39.7017,1726.00,9.00,-6.39
BKF,2026-05-03 08:58,-104.7517,39.7017,1726.00,8.89,-6.50
BKF,2026-05-03 09:58,-104.7517,39.7017,1726.00,9.11,-6.28
BKF,2026-05-03 10:58,-104.7517,39.7017,1726.00,8.61,-5.00
BKF,2026-05-03 11:58,-104.7517,39.7017,1726.00,8.50,-5.39
BKF,2026-05-03 12:58,-104.7517,39.7017,1726.00,10.56,-5.00
BKF,2026-05-03 13:58,-104.7517,39.7017,1726.00,13.50,-4.72
BKF,2026-05-03 14:58,-104.7517,39.7017,1726.00,17.50,-6.39
BKF,2026-05-03 15:58,-104.7517,39.7017,1726.00,18.72,-6.89
BKF,2026-05-03 16:58,-104.7517,39.7017,1726.00,19.28,-8.00
BKF,2026-05-03 17:58,-104.7517,39.7017,1726.00,20.00,-8.33
BKF,2026-05-03 18:58,-104.7517,39.7017,1726.00,21.39,-10.28
BKF,2026-05-03 19:58,-104.7517,39.7017,1726.00,22.50,-9.44
BKF,2026-05-03 20:58,-104.7517,39.7017,1726.00,23.89,-10.89
BKF,2026-05-03 21:58,-104.7517,39.7017,1726.00,22.11,-11.00
BKF,2026-05-03 22:58,-104.7517,39.7017,1726.00,21.78,-10.00
BKF,2026-05-03 23:58,-104.7517,39.7017,1726.00,18.22,-7.22
BKF,2026-05-04 00:58,-104.7517,39.7017,1726.00,18.89,-6.00
BKF,2026-05-04 01:58,-104.7517,39.7017,1726.00,16.50,-4.22
BKF,2026-05-04 02:58,-104.7517,39.7017,1726.00,15.00,-3.50
BKF,2026-05-04 03:58,-104.7517,39.7017,1726.00,18.00,-6.67
BKF,2026-05-04 04:58,-104.7517,39.7017,1726.00,15.89,-3.61
BKF,2026-05-04 05:58,-104.7517,39.7017,1726.00,13.22,-3.11
BKF,2026-05-04 06:58,-104.7517,39.7017,1726.00,12.22,-4.00
BKF,2026-05-04 07:58,-104.7517,39.7017,1726.00,10.56,-4.00
BKF,2026-05-04 08:58,-104.7517,39.7017,1726.00,8.61,-3.89
BKF,2026-05-04 09:58,-104.7517,39.7017,1726.00,8.00,-2.61
BKF,2026-05-04 10:58,-104.7517,39.7017,1726.00,7.78,-2.22
BKF,2026-05-04 11:58,-104.7517,39.7017,1726.00,7.50,-4.00
BKF,2026-05-04 12:58,-104.7517,39.7017,1726.00,11.67,-4.11
BKF,2026-05-04 13:58,-104.7517,39.7017,1726.00,13.89,-4.44
BKF,2026-05-04 14:58,-104.7517,39.7017,1726.00,18.89,-6.00
BKF,2026-05-04 15:58,-104.7517,39.7017,1726.00,20.28,-6.39
BKF,2026-05-04 16:58,-104.7517,39.7017,1726.00,22.50,-5.39
BKF,2026-05-04 17:58,-104.7517,39.7017,1726.00,21.67,-6.11
BKF,2026-05-04 18:58,-104.7517,39.7017,1726.00,20.22,-6.39
BKF,2026-05-04 19:58,-104.7517,39.7017,1726.00,20.78,-6.00
BKF,2026-05-04 20:58,-104.7517,39.7017,1726.00,21.11,-5.00
BKF,2026-05-04 21:58,-104.7517,39.7017,1726.00,19.00,-3.22
BKF,2026-05-04 22:58,-104.7517,39.7017,1726.00,17.78,-2.61
BKF,2026-05-04 23:58,-104.7517,39.7017,1726.00,14.78,1.28
BKF,2026-05-05 00:58,-104.7517,39.7017,1726.00,11.11,2.11
BKF,2026-05-05 01:58,-104.7517,39.7017,1726.00,10.56,5.78
BKF,2026-05-05 02:58,-104.7517,39.7017,1726.00,10.56,5.28
BKF,2026-05-05 03:58,-104.7517,39.7017,1726.00,10.39,6.00
BKF,2026-05-05 04:58,-104.7517,39.7017,1726.00,9.00,7.89
BKF,2026-05-05 05:58,-104.7517,39.7017,1726.00,8.22,7.11
BKF,2026-05-05 06:58,-104.7517,39.7017,1726.00,8.22,6.50
BKF,2026-05-05 07:58,-104.7517,39.7017,1726.00,7.78,6.11
BKF,2026-05-05 08:58,-104.7517,39.7017,1726.00,7.78,5.72
BKF,2026-05-05 09:58,-104.7517,39.7017,1726.00,6.78,5.28
BKF,2026-05-05 10:58,-104.7517,39.7017,1726.00,5.89,4.22
BKF,2026-05-05 11:58,-104.7517,39.7017,1726.00,3.89,2.50
BKF,2026-05-05 12:58,-104.7517,39.7017,1726.00,2.22,1.28
BKF,2026-05-05 13:58,-104.7517,39.7017,1726.00,2.78,1.78
BKF,2026-05-05 14:58,-104.7517,39.7017,1726.00,2.61,1.67
BKF,2026-05-05 15:58,-104.7517,39.7017,1726.00,3.00,2.00
BKF,2026-05-05 16:58,-104.7517,39.7017,1726.00,3.22,2.22
BKF,2026-05-05 17:58,-104.7517,39.7017,1726.00,3.89,2.22
BKF,2026-05-05 18:58,-104.7517,39.7017,1726.00,4.28,2.78
BKF,2026-05-05 19:58,-104.7517,39.7017,1726.00,4.72,3.00
BKF,2026-05-05 20:58,-104.7517,39.7017,1726.00,5.00,2.89
BKF,2026-05-05 21:58,-104.7517,39.7017,1726.00,4.78,2.78
BKF,2026-05-05 22:58,-104.7517,39.7017,1726.00,2.22,0.72
BKF,2026-05-05 23:58,-104.7517,39.7017,1726.00,0.56,0.00
BKF,2026-05-06 00:58,-104.7517,39.7017,1726.00,0.56,0.00
BKF,2026-05-06 01:58,-104.7517,39.7017,1726.00,0.28,-0.28
BKF,2026-05-06 02:58,-104.7517,39.7017,1726.00,0.28,-0.39
BKF,2026-05-06 03:58,-104.7517,39.7017,1726.00,0.00,-0.72
BKF,2026-05-06 04:58,-104.7517,39.7017,1726.00,0.00,-0.78
BKF,2026-05-06 05:58,-104.7517,39.7017,1726.00,-0.22,-0.89
BKF,2026-05-06 06:58,-104.7517,39.7017,1726.00,-0.22,-0.78
BKF,2026-05-06 07:58,-104.7517,39.7017,1726.00,-0.28,-0.89
BKF,2026-05-06 08:58,-104.7517,39.7017,1726.00,-1.00,-1.67
BKF,2026-05-06 09:58,-104.7517,39.7017,1726.00,-1.11,-2.00
BKF,2026-05-06 10:58,-104.7517,39.7017,1726.00,-0.56,-1.11
BKF,2026-05-06 11:58,-104.7517,39.7017,1726.00,-0.56,-1.28
BKF,2026-05-06 12:58,-104.7517,39.7017,1726.00,-0.39,-1.11
BKF,2026-05-06 13:58,-104.7517,39.7017,1726.00,-0.39,-1.11
BKF,2026-05-06 14:58,-104.7517,39.7017,1726.00,-0.28,-1.28
BKF,2026-05-06 15:58,-104.7517,39.7017,1726.00,-0.22,-1.28
BKF,2026-05-06 16:58,-104.7517,39.7017,1726.00,0.00,-1.28
BKF,2026-05-06 17:58,-104.7517,39.7017,1726.00,-0.39,-2.78
BKF,2026-05-06 18:58,-104.7517,39.7017,1726.00,0.72,-1.89
BKF,2026-05-06 19:58,-104.7517,39.7017,1726.00,1.67,-1.78
BKF,2026-05-06 20:58,-104.7517,39.7017,1726.00,1.28,-3.00
BKF,2026-05-06 21:58,-104.7517,39.7017,1726.00,0.56,-3.33
BKF,2026-05-06 22:58,-104.7517,39.7017,1726.00,2.00,-2.50
BKF,2026-05-06 23:58,-104.7517,39.7017,1726.00,3.61,-1.78
BKF,2026-05-07 00:58,-104.7517,39.7017,1726.00,3.72,-1.67
BKF,2026-05-07 01:58,-104.7517,39.7017,1726.00,2.89,-3.00
BKF,2026-05-07 02:58,-104.7517,39.7017,1726.00,1.11,-2.22
BKF,2026-05-07 03:58,-104.7517,39.7017,1726.00,1.78,-1.78
BKF,2026-05-07 04:58,-104.7517,39.7017,1726.00,1.50,-1.89
BKF,2026-05-07 05:58,-104.7517,39.7017,1726.00,1.11,-2.50
BKF,2026-05-07 06:58,-104.7517,39.7017,1726.00,1.89,-2.11
BKF,2026-05-07 07:58,-104.7517,39.7017,1726.00,2.39,-2.00
BKF,2026-05-07 08:58,-104.7517,39.7017,1726.00,2.78,-2.11
BKF,2026-05-07 09:58,-104.7517,39.7017,1726.00,3.33,-2.22
BKF,2026-05-07 10:58,-104.7517,39.7017,1726.00,3.33,-3.61
BKF,2026-05-07 11:58,-104.7517,39.7017,1726.00,3.33,-5.56
BKF,2026-05-07 12:58,-104.7517,39.7017,1726.00,5.00,-4.72
BKF,2026-05-07 13:58,-104.7517,39.7017,1726.00,7.61,-3.00
BKF,2026-05-07 14:58,-104.7517,39.7017,1726.00,9.44,-2.22
BKF,2026-05-07 15:58,-104.7517,39.7017,1726.00,13.11,0.00
BKF,2026-05-07 16:58,-104.7517,39.7017,1726.00,15.72,-0.56
BKF,2026-05-07 17:58,-104.7517,39.7017,1726.00,17.78,-1.50
BKF,2026-05-07 18:58,-104.7517,39.7017,1726.00,18.11,-2.22
BKF,2026-05-07 19:58,-104.7517,39.7017,1726.00,19.72,-2.00
BKF,2026-05-07 20:58,-104.7517,39.7017,1726.00,20.28,-4.11
BKF,2026-05-07 21:58,-104.7517,39.7017,1726.00,18.89,-5.28
BKF,2026-05-07 22:58,-104.7517,39.7017,1726.00,21.28,-3.33
BKF,2026-05-07 23:58,-104.7517,39.7017,1726.00,20.00,-3.61
BKF,2026-05-08 00:58,-104.7517,39.7017,1726.00,17.78,-1.00
BKF,2026-05-08 01:58,-104.7517,39.7017,1726.00,15.78,1.11
BKF,2026-05-08 02:58,-104.7517,39.7017,1726.00,14.22,0.39
BKF,2026-05-08 03:58,-104.7517,39.7017,1726.00,12.22,3.22
BKF,2026-05-08 04:58,-104.7517,39.7017,1726.00,11.39,4.44
BKF,2026-05-08 05:58,-104.7517,39.7017,1726.00,10.22,4.61
BKF,2026-05-08 06:58,-104.7517,39.7017,1726.00,9.00,5.39
BKF,2026-05-08 07:58,-104.7517,39.7017,1726.00,8.89,5.56
BKF,2026-05-08 08:58,-104.7517,39.7017,1726.00,6.89,4.72
BKF,2026-05-08 09:58,-104.7517,39.7017,1726.00,6.11,4.22
BKF,2026-05-08 10:58,-104.7517,39.7017,1726.00,5.00,4.00
BKF,2026-05-08 11:58,-104.7517,39.7017,1726.00,5.00,3.11
BKF,2026-05-08 12:58,-104.7517,39.7017,1726.00,6.39,5.00
BKF,2026-05-08 13:58,-104.7517,39.7017,1726.00,9.61,6.00
BKF,2026-05-08 14:58,-104.7517,39.7017,1726.00,11.50,5.00
BKF,2026-05-08 15:58,-104.7517,39.7017,1726.00,13.33,3.22
BKF,2026-05-08 16:58,-104.7517,39.7017,1726.00,15.00,2.50
BKF,2026-05-08 17:58,-104.7517,39.7017,1726.00,15.78,2.61
BKF,2026-05-08 18:58,-104.7517,39.7017,1726.00,16.67,3.33
BKF,2026-05-08 19:58,-104.7517,39.7017,1726.00,18.50,2.78
BKF,2026-05-08 20:58,-104.7517,39.7017,1726.00,17.50,0.56
BKF,2026-05-08 21:58,-104.7517,39.7017,1726.00,19.61,2.39
BKF,2026-05-08 22:58,-104.7517,39.7017,1726.00,20.56,2.22
BKF,2026-05-08 23:58,-104.7517,39.7017,1726.00,20.00,1.89
BKF,2026-05-09 00:58,-104.7517,39.7017,1726.00,18.22,1.67
BKF,2026-05-09 01:58,-104.7517,39.7017,1726.00,16.11,2.89
BKF,2026-05-09 02:58,-104.7517,39.7017,1726.00,13.50,4.11
BKF,2026-05-09 03:58,-104.7517,39.7017,1726.00,13.50,3.61
BKF,2026-05-09 04:58,-104.7517,39.7017,1726.00,13.22,3.00
BKF,2026-05-09 05:58,-104.7517,39.7017,1726.00,13.22,2.78
BKF,2026-05-09 06:58,-104.7517,39.7017,1726.00,14.28,1.67
BKF,2026-05-09 07:58,-104.7517,39.7017,1726.00,13.61,2.22
BKF,2026-05-09 08:58,-104.7517,39.7017,1726.00,11.89,2.11
BKF,2026-05-09 09:58,-104.7517,39.7017,1726.00,10.78,2.11
BKF,2026-05-09 10:58,-104.7517,39.7017,1726.00,10.89,2.22
BKF,2026-05-09 11:58,-104.7517,39.7017,1726.00,9.44,1.67
BKF,2026-05-09 12:58,-104.7517,39.7017,1726.00,12.11,1.39
BKF,2026-05-09 13:58,-104.7517,39.7017,1726.00,15.28,0.72
BKF,2026-05-09 14:58,-104.7517,39.7017,1726.00,18.11,-1.11
BKF,2026-05-09 15:58,-104.7517,39.7017,1726.00,19.11,-3.89
BKF,2026-05-09 16:58,-104.7517,39.7017,1726.00,19.28,-7.22
BKF,2026-05-09 17:58,-104.7517,39.7017,1726.00,22.89,-0.56
BKF,2026-05-09 18:58,-104.7517,39.7017,1726.00,23.61,-2.89
BKF,2026-05-09 19:58,-104.7517,39.7017,1726.00,23.50,-2.22
BKF,2026-05-09 20:58,-104.7517,39.7017,1726.00,23.61,-3.72
BKF,2026-05-09 21:58,-104.7517,39.7017,1726.00,23.89,-5.28
BKF,2026-05-09 22:58,-104.7517,39.7017,1726.00,23.11,-5.89
BKF,2026-05-09 23:58,-104.7517,39.7017,1726.00,22.22,-3.22
BKF,2026-05-10 00:58,-104.7517,39.7017,1726.00,21.89,0.39
BKF,2026-05-10 01:58,-104.7517,39.7017,1726.00,11.67,5.22
BKF,2026-05-10 02:58,-104.7517,39.7017,1726.00,10.22,4.61
BKF,2026-05-10 03:58,-104.7517,39.7017,1726.00,10.56,5.78
BKF,2026-05-10 04:58,-104.7517,39.7017,1726.00,8.72,5.56
BKF,2026-05-10 05:58,-104.7517,39.7017,1726.00,8.72,5.56
BKF,2026-05-10 06:58,-104.7517,39.7017,1726.00,8.33,5.56
BKF,2026-05-10 07:58,-104.7517,39.7017,1726.00,8.72,5.78
BKF,2026-05-10 08:58,-104.7517,39.7017,1726.00,8.50,4.72
BKF,2026-05-10 09:58,-104.7517,39.7017,1726.00,8.33,4.78
BKF,2026-05-10 10:58,-104.7517,39.7017,1726.00,8.61,5.72
BKF,2026-05-10 11:58,-104.7517,39.7017,1726.00,8.33,5.56
BKF,2026-05-10 12:58,-104.7517,39.7017,1726.00,8.11,6.11
BKF,2026-05-10 13:58,-104.7517,39.7017,1726.00,9.28,6.39
BKF,2026-05-10 14:58,-104.7517,39.7017,1726.00,10.39,5.39
BKF,2026-05-10 15:58,-104.7517,39.7017,1726.00,12.78,3.89
BKF,2026-05-10 16:58,-104.7517,39.7017,1726.00,14.22,2.78
BKF,2026-05-10 17:58,-104.7517,39.7017,1726.00,15.00,0.28
BKF,2026-05-10 18:58,-104.7517,39.7017,1726.00,17.00,-0.72
BKF,2026-05-10 19:58,-104.7517,39.7017,1726.00,18.22,0.00
BKF,2026-05-10 20:58,-104.7517,39.7017,1726.00,20.89,0.72
BKF,2026-05-10 21:58,-104.7517,39.7017,1726.00,20.22,-1.00
BKF,2026-05-10 22:58,-104.7517,39.7017,1726.00,20.89,-0.39
BKF,2026-05-10 23:58,-104.7517,39.7017,1726.00,20.56,-0.22
BKF,2026-05-11 00:58,-104.7517,39.7017,1726.00,18.89,0.56
BKF,2026-05-11 01:58,-104.7517,39.7017,1726.00,15.72,1.00
BKF,2026-05-11 02:58,-104.7517,39.7017,1726.00,13.33,2.00
BKF,2026-05-11 03:58,-104.7517,39.7017,1726.00,11.67,2.61
BKF,2026-05-11 04:58,-104.7517,39.7017,1726.00,13.50,5.00
BKF,2026-05-11 05:58,-104.7517,39.7017,1726.00,12.89,4.78
BKF,2026-05-11 06:58,-104.7517,39.7017,1726.00,12.22,4.44
BKF,2026-05-11 07:58,-104.7517,39.7017,1726.00,11.89,4.44
BKF,2026-05-11 08:58,-104.7517,39.7017,1726.00,10.89,4.61
BKF,2026-05-11 09:58,-104.7517,39.7017,1726.00,9.28,3.72
BKF,2026-05-11 10:58,-104.7517,39.7017,1726.00,9.61,4.44
BKF,2026-05-11 11:58,-104.7517,39.7017,1726.00,8.11,3.00
BKF,2026-05-11 12:58,-104.7517,39.7017,1726.00,12.22,4.28
BKF,2026-05-11 13:58,-104.7517,39.7017,1726.00,15.00,3.50
BKF,2026-05-11 14:58,-104.7517,39.7017,1726.00,19.28,3.00
BKF,2026-05-11 16:58,-104.7517,39.7017,1726.00,23.89,-6.28
BKF,2026-05-11 18:58,-104.7517,39.7017,1726.00,26.39,-10.56
BKF,2026-05-11 20:58,-104.7517,39.7017,1726.00,28.22,-12.78
BKF,2026-05-11 21:58,-104.7517,39.7017,1726.00,29.22,-12.11
BKF,2026-05-11 22:58,-104.7517,39.7017,1726.00,29.11,-12.22
BKF,2026-05-11 23:58,-104.7517,39.7017,1726.00,29.11,-10.22
BKF,2026-05-12 00:58,-104.7517,39.7017,1726.00,26.67,-7.50
BKF,2026-05-12 01:58,-104.7517,39.7017,1726.00,22.50,-5.39
BKF,2026-05-12 02:58,-104.7517,39.7017,1726.00,20.00,-2.22
BKF,2026-05-12 03:58,-104.7517,39.7017,1726.00,18.00,-0.28
BKF,2026-05-12 04:58,-104.7517,39.7017,1726.00,17.11,-1.11
BKF,2026-05-12 05:58,-104.7517,39.7017,1726.00,16.89,-1.28
BKF,2026-05-12 06:58,-104.7517,39.7017,1726.00,16.00,-2.50
BKF,2026-05-12 07:58,-104.7517,39.7017,1726.00,14.44,-2.39
BKF,2026-05-12 08:58,-104.7517,39.7017,1726.00,14.44,-3.00
BKF,2026-05-12 09:58,-104.7517,39.7017,1726.00,15.00,-3.33
BKF,2026-05-12 10:58,-104.7517,39.7017,1726.00,15.39,-4.44
BKF,2026-05-12 11:58,-104.7517,39.7017,1726.00,11.28,-0.22
BKF,2026-05-12 12:58,-104.7517,39.7017,1726.00,13.33,2.00
BKF,2026-05-12 13:58,-104.7517,39.7017,1726.00,14.44,0.00
BKF,2026-05-12 14:58,-104.7517,39.7017,1726.00,16.11,-1.89
BKF,2026-05-12 15:58,-104.7517,39.7017,1726.00,17.61,-2.11
BKF,2026-05-12 16:58,-104.7517,39.7017,1726.00,17.22,-2.89
BKF,2026-05-12 17:58,-104.7517,39.7017,1726.00,22.00,-0.72
BKF,2026-05-12 18:58,-104.7517,39.7017,1726.00,23.50,-0.78
BKF,2026-05-12 19:58,-104.7517,39.7017,1726.00,25.00,-0.89
BKF,2026-05-12 20:58,-104.7517,39.7017,1726.00,26.11,0.00
BKF,2026-05-12 21:58,-104.7517,39.7017,1726.00,25.22,0.56
BKF,2026-05-12 22:58,-104.7517,39.7017,1726.00,24.44,0.72
BKF,2026-05-12 23:58,-104.7517,39.7017,1726.00,24.00,1.00
BKF,2026-05-13 00:58,-104.7517,39.7017,1726.00,22.39,0.78
BKF,2026-05-13 01:58,-104.7517,39.7017,1726.00,19.00,1.00
BKF,2026-05-13 02:58,-104.7517,39.7017,1726.00,16.50,1.00
BKF,2026-05-13 03:58,-104.7517,39.7017,1726.00,14.72,1.89
BKF,2026-05-13 04:58,-104.7517,39.7017,1726.00,15.00,1.67
BKF,2026-05-13 05:58,-104.7517,39.7017,1726.00,16.67,0.72
BKF,2026-05-13 06:58,-104.7517,39.7017,1726.00,15.89,0.00
BKF,2026-05-13 07:58,-104.7517,39.7017,1726.00,16.00,0.00
BKF,2026-05-13 08:58,-104.7517,39.7017,1726.00,16.39,0.56
BKF,2026-05-13 09:58,-104.7517,39.7017,1726.00,15.89,0.00
BKF,2026-05-13 10:58,-104.7517,39.7017,1726.00,15.00,-0.28
BKF,2026-05-13 11:58,-104.7517,39.7017,1726.00,14.11,0.00
BKF,2026-05-13 12:58,-104.7517,39.7017,1726.00,15.00,1.67
BKF,2026-05-13 13:58,-104.7517,39.7017,1726.00,17.11,2.78
BKF,2026-05-13 14:58,-104.7517,39.7017,1726.00,18.89,2.22
BKF,2026-05-13 15:58,-104.7517,39.7017,1726.00,23.11,2.50
BKF,2026-05-13 16:58,-104.7517,39.7017,1726.00,26.50,2.39
BKF,2026-05-13 17:58,-104.7517,39.7017,1726.00,29.00,-0.28
BKF,2026-05-13 18:58,-104.7517,39.7017,1726.00,30.39,0.00
BKF,2026-05-13 19:58,-104.7517,39.7017,1726.00,30.28,-2.22
BKF,2026-05-13 20:58,-104.7517,39.7017,1726.00,28.89,-0.28
BKF,2026-05-13 21:58,-104.7517,39.7017,1726.00,31.11,0.39
BKF,2026-05-13 22:58,-104.7517,39.7017,1726.00,30.56,-3.33
BKF,2026-05-13 23:58,-104.7517,39.7017,1726.00,28.33,0.00
BKF,2026-05-14 00:58,-104.7517,39.7017,1726.00,26.89,-1.11
BKF,2026-05-14 01:58,-104.7517,39.7017,1726.00,27.00,-1.00
BKF,2026-05-14 02:58,-104.7517,39.7017,1726.00,22.50,-0.89
BKF,2026-05-14 03:58,-104.7517,39.7017,1726.00,22.78,3.72
BKF,2026-05-14 04:58,-104.7517,39.7017,1726.00,22.22,3.33
BKF,2026-05-14 05:58,-104.7517,39.7017,1726.00,19.22,4.11
BKF,2026-05-14 06:58,-104.7517,39.7017,1726.00,16.11,1.00
BKF,2026-05-14 07:58,-104.7517,39.7017,1726.00,16.11,1.11
BKF,2026-05-14 08:58,-104.7517,39.7017,1726.00,18.00,-0.78
BKF,2026-05-14 09:58,-104.7517,39.7017,1726.00,17.89,-0.89
BKF,2026-05-14 10:58,-104.7517,39.7017,1726.00,18.72,0.78
BKF,2026-05-14 11:58,-104.7517,39.7017,1726.00,19.44,0.39
BKF,2026-05-14 12:58,-104.7517,39.7017,1726.00,20.28,1.11
BKF,2026-05-14 13:58,-104.7517,39.7017,1726.00,20.72,1.00
BKF,2026-05-14 14:58,-104.7517,39.7017,1726.00,24.78,0.28
BKF,2026-05-14 15:58,-104.7517,39.7017,1726.00,25.56,-2.22
BKF,2026-05-14 16:58,-104.7517,39.7017,1726.00,25.28,-2.22
BKF,2026-05-14 17:58,-104.7517,39.7017,1726.00,25.56,-3.89
BKF,2026-05-14 18:58,-104.7517,39.7017,1726.00,26.78,-5.00
BKF,2026-05-14 19:58,-104.7517,39.7017,1726.00,28.61,-4.78
BKF,2026-05-14 20:58,-104.7517,39.7017,1726.00,29.22,-6.89
BKF,2026-05-14 21:58,-104.7517,39.7017,1726.00,29.22,-6.89
BKF,2026-05-14 22:58,-104.7517,39.7017,1726.00,29.00,-5.72
BKF,2026-05-14 23:58,-104.7517,39.7017,1726.00,28.89,-5.89
BKF,2026-05-15 00:58,-104.7517,39.7017,1726.00,26.50,-4.22
BKF,2026-05-15 01:58,-104.7517,39.7017,1726.00,24.72,-5.56
BKF,2026-05-15 02:58,-104.7517,39.7017,1726.00,25.89,-3.72
BKF,2026-05-15 03:58,-104.7517,39.7017,1726.00,22.22,-2.50
BKF,2026-05-15 04:58,-104.7517,39.7017,1726.00,22.78,-5.22
BKF,2026-05-15 05:58,-104.7517,39.7017,1726.00,20.00,-5.78
BKF,2026-05-15 06:58,-104.7517,39.7017,1726.00,16.11,0.22
BKF,2026-05-15 07:58,-104.7517,39.7017,1726.00,17.11,-2.11
BKF,2026-05-15 08:58,-104.7517,39.7017,1726.00,17.22,-5.22
BKF,2026-05-15 09:58,-104.7517,39.7017,1726.00,13.00,-2.00
BKF,2026-05-15 10:58,-104.7517,39.7017,1726.00,13.33,0.39
BKF,2026-05-15 11:58,-104.7517,39.7017,1726.00,12.78,0.56
BKF,2026-05-15 12:58,-104.7517,39.7017,1726.00,14.61,1.11
BKF,2026-05-15 13:58,-104.7517,39.7017,1726.00,17.78,0.89
BKF,2026-05-15 14:58,-104.7517,39.7017,1726.00,20.56,-1.89
BKF,2026-05-15 15:58,-104.7517,39.7017,1726.00,23.00,-2.61
BKF,2026-05-15 16:58,-104.7517,39.7017,1726.00,25.00,-1.00
BKF,2026-05-15 17:58,-104.7517,39.7017,1726.00,25.39,-2.22
BKF,2026-05-15 18:58,-104.7517,39.7017,1726.00,26.50,-3.22
BKF,2026-05-15 19:58,-104.7517,39.7017,1726.00,28.00,-3.00
BKF,2026-05-15 20:58,-104.7517,39.7017,1726.00,28.33,-2.78
BKF,2026-05-15 21:58,-104.7517,39.7017,1726.00,27.78,-0.28
BKF,2026-05-15 22:58,-104.7517,39.7017,1726.00,26.39,-0.56
BKF,2026-05-15 23:58,-104.7517,39.7017,1726.00,26.89,-1.11
BKF,2026-05-16 00:58,-104.7517,39.7017,1726.00,24.22,-0.89
BKF,2026-05-16 01:58,-104.7517,39.7017,1726.00,22.39,-2.39
BKF,2026-05-16 02:58,-104.7517,39.7017,1726.00,20.56,-0.72
BKF,2026-05-16 03:58,-104.7517,39.7017,1726.00,17.78,0.28
BKF,2026-05-16 04:58,-104.7517,39.7017,1726.00,20.72,-1.11
BKF,2026-05-16 05:58,-104.7517,39.7017,1726.00,20.56,-0.78
BKF,2026-05-16 06:58,-104.7517,39.7017,1726.00,18.72,-0.22
BKF,2026-05-16 07:58,-104.7517,39.7017,1726.00,16.00,0.00
BKF,2026-05-16 08:58,-104.7517,39.7017,1726.00,15.56,1.00
BKF,2026-05-16 09:58,-104.7517,39.7017,1726.00,15.39,-0.39
BKF,2026-05-16 10:58,-104.7517,39.7017,1726.00,13.89,-1.28
BKF,2026-05-16 11:58,-104.7517,39.7017,1726.00,13.33,-0.56
BKF,2026-05-16 12:58,-104.7517,39.7017,1726.00,13.72,2.22
BKF,2026-05-16 13:58,-104.7517,39.7017,1726.00,14.78,1.67
BKF,2026-05-16 14:58,-104.7517,39.7017,1726.00,17.22,1.28
BKF,2026-05-16 15:58,-104.7517,39.7017,1726.00,19.44,0.89
BKF,2026-05-16 16:58,-104.7517,39.7017,1726.00,20.39,-0.89
BKF,2026-05-16 17:58,-104.7517,39.7017,1726.00,23.33,-0.22
BKF,2026-05-16 18:58,-104.7517,39.7017,1726.00,24.28,-1.67
BKF,2026-05-16 19:58,-104.7517,39.7017,1726.00,24.44,-0.72
BKF,2026-05-16 20:58,-104.7517,39.7017,1726.00,25.00,-0.22
BKF,2026-05-16 21:58,-104.7517,39.7017,1726.00,25.00,-0.28
BKF,2026-05-16 22:58,-104.7517,39.7017,1726.00,24.22,-0.22
BKF,2026-05-16 23:58,-104.7517,39.7017,1726.00,23.00,1.89
BKF,2026-05-17 00:58,-104.7517,39.7017,1726.00,21.78,3.00
BKF,2026-05-17 01:58,-104.7517,39.7017,1726.00,20.78,3.00
BKF,2026-05-17 02:58,-104.7517,39.7017,1726.00,17.22,3.61
BKF,2026-05-17 03:58,-104.7517,39.7017,1726.00,16.78,3.89
BKF,2026-05-17 04:58,-104.7517,39.7017,1726.00,16.89,3.22
BKF,2026-05-17 05:58,-104.7517,39.7017,1726.00,15.78,2.89
BKF,2026-05-17 06:58,-104.7517,39.7017,1726.00,14.28,4.78
BKF,2026-05-17 07:58,-104.7517,39.7017,1726.00,11.39,7.22
BKF,2026-05-17 08:58,-104.7517,39.7017,1726.00,10.00,7.50
BKF,2026-05-17 09:58,-104.7517,39.7017,1726.00,13.00,9.61
BKF,2026-05-17 10:58,-104.7517,39.7017,1726.00,10.72,8.50
BKF,2026-05-17 11:58,-104.7517,39.7017,1726.00,10.28,7.78
BKF,2026-05-17 12:58,-104.7517,39.7017,1726.00,11.11,5.00
BKF,2026-05-17 13:58,-104.7517,39.7017,1726.00,11.67,3.22
BKF,2026-05-17 14:58,-104.7517,39.7017,1726.00,13.33,3.11
BKF,2026-05-17 15:58,-104.7517,39.7017,1726.00,15.78,3.22
BKF,2026-05-17 16:58,-104.7517,39.7017,1726.00,18.00,4.22
BKF,2026-05-17 17:58,-104.7517,39.7017,1726.00,16.78,2.78
BKF,2026-05-17 18:58,-104.7517,39.7017,1726.00,20.00,1.00
BKF,2026-05-17 19:58,-104.7517,39.7017,1726.00,16.67,-0.56
BKF,2026-05-17 20:58,-104.7517,39.7017,1726.00,12.22,9.28
BKF,2026-05-17 21:58,-104.7517,39.7017,1726.00,14.78,8.11
BKF,2026-05-17 22:58,-104.7517,39.7017,1726.00,14.72,5.72
BKF,2026-05-17 23:58,-104.7517,39.7017,1726.00,13.89,6.89
BKF,2026-05-18 00:58,-104.7517,39.7017,1726.00,11.67,8.00
BKF,2026-05-18 01:58,-104.7517,39.7017,1726.00,11.11,6.67
BKF,2026-05-18 02:58,-104.7517,39.7017,1726.00,11.28,5.39
BKF,2026-05-18 03:58,-104.7517,39.7017,1726.00,8.89,6.67
BKF,2026-05-18 04:58,-104.7517,39.7017,1726.00,7.39,5.22
BKF,2026-05-18 05:58,-104.7517,39.7017,1726.00,7.00,5.00
BKF,2026-05-18 06:58,-104.7517,39.7017,1726.00,6.78,5.00
BKF,2026-05-18 07:58,-104.7517,39.7017,1726.00,5.89,5.00
BKF,2026-05-18 08:58,-104.7517,39.7017,1726.00,6.11,5.56
BKF,2026-05-18 09:58,-104.7517,39.7017,1726.00,6.39,5.56
BKF,2026-05-18 10:58,-104.7517,39.7017,1726.00,6.39,5.56
BKF,2026-05-18 11:58,-104.7517,39.7017,1726.00,6.78,6.28
BKF,2026-05-18 12:58,-104.7517,39.7017,1726.00,6.28,5.00
BKF,2026-05-18 13:58,-104.7517,39.7017,1726.00,4.00,3.00
BKF,2026-05-18 14:58,-104.7517,39.7017,1726.00,4.44,3.50
BKF,2026-05-18 15:58,-104.7517,39.7017,1726.00,3.33,2.39
BKF,2026-05-18 16:58,-104.7517,39.7017,1726.00,4.61,3.33
BKF,2026-05-18 17:58,-104.7517,39.7017,1726.00,4.44,3.61
BKF,2026-05-18 18:58,-104.7517,39.7017,1726.00,5.22,4.22
BKF,2026-05-18 19:58,-104.7517,39.7017,1726.00,5.22,3.50
BKF,2026-05-18 20:58,-104.7517,39.7017,1726.00,6.11,4.28
BKF,2026-05-18 21:58,-104.7517,39.7017,1726.00,6.00,3.89
BKF,2026-05-18 22:58,-104.7517,39.7017,1726.00,5.89,4.11
BKF,2026-05-18 23:58,-104.7517,39.7017,1726.00,4.28,2.61
BKF,2026-05-19 00:58,-104.7517,39.7017,1726.00,6.11,4.72
BKF,2026-05-19 01:58,-104.7517,39.7017,1726.00,5.72,4.00
BKF,2026-05-19 02:58,-104.7517,39.7017,1726.00,4.72,3.72
BKF,2026-05-19 03:58,-104.7517,39.7017,1726.00,4.44,2.78
BKF,2026-05-19 04:58,-104.7517,39.7017,1726.00,4.00,2.39
BKF,2026-05-19 05:58,-104.7517,39.7017,1726.00,3.89,2.22
BKF,2026-05-19 06:58,-104.7517,39.7017,1726.00,2.78,1.50
BKF,2026-05-19 07:58,-104.7517,39.7017,1726.00,2.78,1.28
BKF,2026-05-19 08:58,-104.7517,39.7017,1726.00,2.78,1.11
BKF,2026-05-19 09:58,-104.7517,39.7017,1726.00,2.50,1.50
BKF,2026-05-19 10:58,-104.7517,39.7017,1726.00,2.00,1.11
BKF,2026-05-19 11:58,-104.7517,39.7017,1726.00,1.28,0.39
BKF,2026-05-19 12:58,-104.7517,39.7017,1726.00,1.67,0.72
BKF,2026-05-19 13:58,-104.7517,39.7017,1726.00,2.78,1.11
BKF,2026-05-19 14:58,-104.7517,39.7017,1726.00,3.89,1.11
BKF,2026-05-19 15:58,-104.7517,39.7017,1726.00,5.89,2.22
BKF,2026-05-19 16:58,-104.7517,39.7017,1726.00,6.39,1.89
BKF,2026-05-19 17:58,-104.7517,39.7017,1726.00,7.00,2.78
BKF,2026-05-19 19:58,-104.7517,39.7017,1726.00,7.22,1.67
BKF,2026-05-19 20:58,-104.7517,39.7017,1726.00,9.00,2.11
BKF,2026-05-19 21:58,-104.7517,39.7017,1726.00,8.72,1.67
BKF,2026-05-19 22:58,-104.7517,39.7017,1726.00,9.28,1.67
BKF,2026-05-19 23:58,-104.7517,39.7017,1726.00,9.22,1.67
BKF,2026-05-20 00:58,-104.7517,39.7017,1726.00,8.33,3.22
BKF,2026-05-20 01:58,-104.7517,39.7017,1726.00,7.89,3.33
BKF,2026-05-20 02:58,-104.7517,39.7017,1726.00,6.67,3.72
BKF,2026-05-20 03:58,-104.7517,39.7017,1726.00,7.00,5.00
BKF,2026-05-20 04:58,-104.7517,39.7017,1726.00,5.89,4.44
BKF,2026-05-20 05:58,-104.7517,39.7017,1726.00,6.28,4.11
BKF,2026-05-20 06:58,-104.7517,39.7017,1726.00,5.78,3.50
BKF,2026-05-20 07:58,-104.7517,39.7017,1726.00,5.78,3.00
BKF,2026-05-20 08:58,-104.7517,39.7017,1726.00,5.72,3.11
BKF,2026-05-20 09:58,-104.7517,39.7017,1726.00,5.56,2.50
BKF,2026-05-20 10:58,-104.7517,39.7017,1726.00,5.39,2.89
BKF,2026-05-20 11:58,-104.7517,39.7017,1726.00,6.67,4.00
BKF,2026-05-20 12:58,-104.7517,39.7017,1726.00,5.56,1.89
BKF,2026-05-20 13:58,-104.7517,39.7017,1726.00,5.89,2.22
BKF,2026-05-20 14:58,-104.7517,39.7017,1726.00,6.67,3.33
BKF,2026-05-20 15:58,-104.7517,39.7017,1726.00,8.89,3.33
BKF,2026-05-20 16:58,-104.7517,39.7017,1726.00,10.89,3.72
BKF,2026-05-20 17:58,-104.7517,39.7017,1726.00,11.50,3.50
BKF,2026-05-20 18:58,-104.7517,39.7017,1726.00,12.22,4.00
BKF,2026-05-20 19:58,-104.7517,39.7017,1726.00,13.33,4.44
BKF,2026-05-20 20:58,-104.7517,39.7017,1726.00,10.72,5.22
BKF,2026-05-20 21:58,-104.7517,39.7017,1726.00,11.28,5.78
BKF,2026-05-20 22:58,-104.7517,39.7017,1726.00,10.56,7.11
BKF,2026-05-20 23:58,-104.7517,39.7017,1726.00,10.78,6.39
BKF,2026-05-21 00:58,-104.7517,39.7017,1726.00,11.39,6.50
BKF,2026-05-21 01:58,-104.7517,39.7017,1726.00,10.89,5.78
BKF,2026-05-21 02:58,-104.7517,39.7017,1726.00,9.61,5.22
BKF,2026-05-21 03:58,-104.7517,39.7017,1726.00,8.89,5.56
BKF,2026-05-21 04:58,-104.7517,39.7017,1726.00,7.78,4.44
BKF,2026-05-21 05:58,-104.7517,39.7017,1726.00,7.22,3.50
BKF,2026-05-21 06:58,-104.7517,39.7017,1726.00,7.11,3.89
BKF,2026-05-21 07:58,-104.7517,39.7017,1726.00,7.11,4.22
BKF,2026-05-21 08:58,-104.7517,39.7017,1726.00,7.11,3.50
BKF,2026-05-21 09:58,-104.7517,39.7017,1726.00,7.11,4.11
BKF,2026-05-21 10:58,-104.7517,39.7017,1726.00,7.22,4.00
BKF,2026-05-21 11:58,-104.7517,39.7017,1726.00,5.39,3.22
BKF,2026-05-21 12:58,-104.7517,39.7017,1726.00,6.89,3.33
BKF,2026-05-21 13:58,-104.7517,39.7017,1726.00,10.39,4.72
BKF,2026-05-21 14:58,-104.7517,39.7017,1726.00,12.50,5.00
BKF,2026-05-21 15:58,-104.7517,39.7017,1726.00,13.89,4.72
BKF,2026-05-21 16:58,-104.7517,39.7017,1726.00,16.00,4.11
BKF,2026-05-21 17:58,-104.7517,39.7017,1726.00,18.33,3.72
BKF,2026-05-21 18:58,-104.7517,39.7017,1726.00,19.28,0.78
BKF,2026-05-21 19:58,-104.7517,39.7017,1726.00,20.56,0.00
BKF,2026-05-21 20:58,-104.7517,39.7017,1726.00,22.50,0.28
BKF,2026-05-21 21:58,-104.7517,39.7017,1726.00,21.28,2.50
BKF,2026-05-21 22:58,-104.7517,39.7017,1726.00,21.11,2.78
BKF,2026-05-21 23:58,-104.7517,39.7017,1726.00,16.11,3.22
BKF,2026-05-22 00:58,-104.7517,39.7017,1726.00,14.61,3.33
BKF,2026-05-22 01:58,-104.7517,39.7017,1726.00,12.22,3.33
BKF,2026-05-22 02:58,-104.7517,39.7017,1726.00,10.56,4.28
BKF,2026-05-22 03:58,-104.7517,39.7017,1726.00,9.11,3.50
BKF,2026-05-22 04:58,-104.7517,39.7017,1726.00,8.50,3.33
BKF,2026-05-22 05:58,-104.7517,39.7017,1726.00,8.61,3.22
BKF,2026-05-22 06:58,-104.7517,39.7017,1726.00,7.89,1.50
BKF,2026-05-22 07:58,-104.7517,39.7017,1726.00,6.78,2.78
BKF,2026-05-22 08:58,-104.7517,39.7017,1726.00,6.89,4.22
BKF,2026-05-22 09:58,-104.7517,39.7017,1726.00,5.56,3.22
BKF,2026-05-22 10:58,-104.7517,39.7017,1726.00,4.44,2.78
BKF,2026-05-22 11:58,-104.7517,39.7017,1726.00,3.89,2.00
BKF,2026-05-22 12:58,-104.7517,39.7017,1726.00,6.00,2.11
BKF,2026-05-22 13:58,-104.7517,39.7017,1726.00,5.78,-1.39
BKF,2026-05-22 14:58,-104.7517,39.7017,1726.00,8.33,0.00
BKF,2026-05-22 15:58,-104.7517,39.7017,1726.00,10.00,0.39
BKF,2026-05-22 16:58,-104.7517,39.7017,1726.00,12.22,0.00
BKF,2026-05-22 17:58,-104.7517,39.7017,1726.00,15.00,-0.28
BKF,2026-05-22 18:58,-104.7517,39.7017,1726.00,16.00,-2.00
BKF,2026-05-22 19:58,-104.7517,39.7017,1726.00,15.78,-3.22
BKF,2026-05-22 20:58,-104.7517,39.7017,1726.00,17.50,-2.22
BKF,2026-05-22 21:58,-104.7517,39.7017,1726.00,16.67,-3.00
BKF,2026-05-22 22:58,-104.7517,39.7017,1726.00,16.28,-3.89
BKF,2026-05-22 23:58,-104.7517,39.7017,1726.00,15.78,-2.22
BKF,2026-05-23 00:58,-104.7517,39.7017,1726.00,11.67,1.67
BKF,2026-05-23 01:58,-104.7517,39.7017,1726.00,9.44,1.89
BKF,2026-05-23 02:58,-104.7517,39.7017,1726.00,10.22,6.67
BKF,2026-05-23 03:58,-104.7517,39.7017,1726.00,8.00,5.56
BKF,2026-05-23 04:58,-104.7517,39.7017,1726.00,7.22,4.22
BKF,2026-05-23 05:58,-104.7517,39.7017,1726.00,7.00,4.44
BKF,2026-05-23 06:58,-104.7517,39.7017,1726.00,5.56,3.33
BKF,2026-05-23 07:58,-104.7517,39.7017,1726.00,6.28,4.28
BKF,2026-05-23 08:58,-104.7517,39.7017,1726.00,6.78,4.28
BKF,2026-05-23 09:58,-104.7517,39.7017,1726.00,6.39,3.72
BKF,2026-05-23 10:58,-104.7517,39.7017,1726.00,5.89,3.33
BKF,2026-05-23 11:58,-104.7517,39.7017,1726.00,6.11,4.00
BKF,2026-05-23 12:58,-104.7517,39.7017,1726.00,11.00,6.50
BKF,2026-05-23 13:58,-104.7517,39.7017,1726.00,12.22,4.22
BKF,2026-05-23 14:58,-104.7517,39.7017,1726.00,15.00,4.00
BKF,2026-05-23 15:58,-104.7517,39.7017,1726.00,18.00,2.78
BKF,2026-05-23 16:58,-104.7517,39.7017,1726.00,18.89,-6.00
BKF,2026-05-23 17:58,-104.7517,39.7017,1726.00,22.22,-1.78
BKF,2026-05-23 18:58,-104.7517,39.7017,1726.00,22.00,-4.00
BKF,2026-05-23 19:58,-104.7517,39.7017,1726.00,21.78,-4.44
BKF,2026-05-23 20:58,-104.7517,39.7017,1726.00,21.78,-5.22
BKF,2026-05-23 21:58,-104.7517,39.7017,1726.00,22.22,-5.56
BKF,2026-05-23 22:58,-104.7517,39.7017,1726.00,24.00,-6.11
BKF,2026-05-23 23:58,-104.7517,39.7017,1726.00,23.61,-5.56
BKF,2026-05-24 00:58,-104.7517,39.7017,1726.00,21.67,-2.89
BKF,2026-05-24 01:58,-104.7517,39.7017,1726.00,21.78,-5.22
BKF,2026-05-24 02:58,-104.7517,39.7017,1726.00,18.33,0.56
BKF,2026-05-24 03:58,-104.7517,39.7017,1726.00,14.72,1.11
BKF,2026-05-24 04:58,-104.7517,39.7017,1726.00,13.11,2.00
BKF,2026-05-24 05:58,-104.7517,39.7017,1726.00,13.33,1.67
BKF,2026-05-24 06:58,-104.7517,39.7017,1726.00,13.33,0.72
BKF,2026-05-24 07:58,-104.7517,39.7017,1726.00,13.11,-0.22
BKF,2026-05-24 08:58,-104.7517,39.7017,1726.00,11.67,-0.22
BKF,2026-05-24 09:58,-104.7517,39.7017,1726.00,11.50,-0.28
BKF,2026-05-24 10:58,-104.7517,39.7017,1726.00,12.50,-0.39
BKF,2026-05-24 11:58,-104.7517,39.7017,1726.00,12.61,-0.56
BKF,2026-05-24 12:58,-104.7517,39.7017,1726.00,14.11,0.28
BKF,2026-05-24 13:58,-104.7517,39.7017,1726.00,17.61,0.28
BKF,2026-05-24 14:58,-104.7517,39.7017,1726.00,20.78,0.00
BKF,2026-05-24 15:58,-104.7517,39.7017,1726.00,24.44,-1.50
BKF,2026-05-24 16:58,-104.7517,39.7017,1726.00,24.72,-3.72
BKF,2026-05-24 17:58,-104.7517,39.7017,1726.00,25.28,-4.11
BKF,2026-05-24 18:58,-104.7517,39.7017,1726.00,25.00,-3.50
BKF,2026-05-24 19:58,-104.7517,39.7017,1726.00,25.56,-3.11
BKF,2026-05-24 20:58,-104.7517,39.7017,1726.00,28.33,-0.78
BKF,2026-05-24 21:58,-104.7517,39.7017,1726.00,26.67,-1.11
BKF,2026-05-24 22:58,-104.7517,39.7017,1726.00,25.72,-2.89
BKF,2026-05-24 23:58,-104.7517,39.7017,1726.00,22.11,1.11
BKF,2026-05-25 00:58,-104.7517,39.7017,1726.00,25.00,0.39
BKF,2026-05-25 01:58,-104.7517,39.7017,1726.00,20.89,1.11
BKF,2026-05-25 02:58,-104.7517,39.7017,1726.00,21.39,2.11
BKF,2026-05-25 03:58,-104.7517,39.7017,1726.00,21.39,-0.56
BKF,2026-05-25 04:58,-104.7517,39.7017,1726.00,18.33,2.61
BKF,2026-05-25 05:58,-104.7517,39.7017,1726.00,16.11,2.78
BKF,2026-05-25 06:58,-104.7517,39.7017,1726.00,15.28,4.00
BKF,2026-05-25 07:58,-104.7517,39.7017,1726.00,16.50,3.89
BKF,2026-05-25 08:58,-104.7517,39.7017,1726.00,13.89,3.33
BKF,2026-05-25 09:58,-104.7517,39.7017,1726.00,11.89,3.33
BKF,2026-05-25 10:58,-104.7517,39.7017,1726.00,13.11,2.61
BKF,2026-05-25 11:58,-104.7517,39.7017,1726.00,12.78,3.11
BKF,2026-05-25 12:58,-104.7517,39.7017,1726.00,14.44,3.89
BKF,2026-05-25 13:58,-104.7517,39.7017,1726.00,18.33,3.89
BKF,2026-05-25 14:58,-104.7517,39.7017,1726.00,20.89,4.00
BKF,2026-05-25 15:58,-104.7517,39.7017,1726.00,24.22,2.89
BKF,2026-05-25 16:58,-104.7517,39.7017,1726.00,26.50,3.00
BKF,2026-05-25 17:58,-104.7517,39.7017,1726.00,27.22,1.67
BKF,2026-05-25 18:58,-104.7517,39.7017,1726.00,28.61,-0.56
BKF,2026-05-25 19:58,-104.7517,39.7017,1726.00,26.39,-0.56
BKF,2026-05-25 20:58,-104.7517,39.7017,1726.00,26.78,-1.11
BKF,2026-05-25 21:58,-104.7517,39.7017,1726.00,27.22,0.89
BKF,2026-05-25 22:58,-104.7517,39.7017,1726.00,27.11,0.72
BKF,2026-05-25 23:58,-104.7517,39.7017,1726.00,27.11,0.72
BKF,2026-05-26 00:58,-104.7517,39.7017,1726.00,23.89,2.00
BKF,2026-05-26 01:58,-104.7517,39.7017,1726.00,20.89,1.67
BKF,2026-05-26 02:58,-104.7517,39.7017,1726.00,21.11,3.89
BKF,2026-05-26 03:58,-104.7517,39.7017,1726.00,18.33,6.78
BKF,2026-05-26 04:58,-104.7517,39.7017,1726.00,17.22,6.39
BKF,2026-05-26 05:58,-104.7517,39.7017,1726.00,16.67,6.78
BKF,2026-05-26 06:58,-104.7517,39.7017,1726.00,15.72,6.11
BKF,2026-05-26 07:58,-104.7517,39.7017,1726.00,15.89,6.28
BKF,2026-05-26 08:58,-104.7517,39.7017,1726.00,15.00,6.28
BKF,2026-05-26 09:58,-104.7517,39.7017,1726.00,14.28,5.56
BKF,2026-05-26 10:58,-104.7517,39.7017,1726.00,13.89,4.72
BKF,2026-05-26 11:58,-104.7517,39.7017,1726.00,14.44,5.28
BKF,2026-05-26 12:58,-104.7517,39.7017,1726.00,15.78,6.11
BKF,2026-05-26 13:58,-104.7517,39.7017,1726.00,17.11,6.00
BKF,2026-05-26 14:58,-104.7517,39.7017,1726.00,19.72,6.39
BKF,2026-05-26 15:58,-104.7517,39.7017,1726.00,20.72,5.89
BKF,2026-05-26 16:58,-104.7517,39.7017,1726.00,21.11,5.00
BKF,2026-05-26 17:58,-104.7517,39.7017,1726.00,23.33,5.78
BKF,2026-05-26 18:58,-104.7517,39.7017,1726.00,23.22,5.56
BKF,2026-05-26 19:58,-104.7517,39.7017,1726.00,25.56,3.50
BKF,2026-05-26 20:58,-104.7517,39.7017,1726.00,26.28,4.11
BKF,2026-05-26 21:58,-104.7517,39.7017,1726.00,25.00,4.11
BKF,2026-05-26 22:58,-104.7517,39.7017,1726.00,25.89,5.00
BKF,2026-05-26 23:58,-104.7517,39.7017,1726.00,24.28,4.61
BKF,2026-05-27 00:58,-104.7517,39.7017,1726.00,22.78,4.72
BKF,2026-05-27 01:58,-104.7517,39.7017,1726.00,20.28,5.89
BKF,2026-05-27 02:58,-104.7517,39.7017,1726.00,19.28,5.00
BKF,2026-05-27 03:58,-104.7517,39.7017,1726.00,16.67,4.61
BKF,2026-05-27 04:58,-104.7517,39.7017,1726.00,15.39,4.72
BKF,2026-05-27 05:58,-104.7517,39.7017,1726.00,16.50,4.44
BKF,2026-05-27 06:58,-104.7517,39.7017,1726.00,16.78,6.00
BKF,2026-05-27 07:58,-104.7517,39.7017,1726.00,14.44,5.72
BKF,2026-05-27 08:58,-104.7517,39.7017,1726.00,13.89,6.11
BKF,2026-05-27 09:58,-104.7517,39.7017,1726.00,11.11,5.89
BKF,2026-05-27 10:58,-104.7517,39.7017,1726.00,10.22,4.61
BKF,2026-05-27 11:58,-104.7517,39.7017,1726.00,13.22,6.50
BKF,2026-05-27 12:58,-104.7517,39.7017,1726.00,14.61,6.11
BKF,2026-05-27 13:58,-104.7517,39.7017,1726.00,16.11,6.78
BKF,2026-05-27 14:58,-104.7517,39.7017,1726.00,15.78,7.22
BKF,2026-05-27 15:58,-104.7517,39.7017,1726.00,17.11,8.22
BKF,2026-05-27 16:58,-104.7517,39.7017,1726.00,17.78,7.78
BKF,2026-05-27 17:58,-104.7517,39.7017,1726.00,18.00,8.00
BKF,2026-05-27 18:58,-104.7517,39.7017,1726.00,17.50,10.56
BKF,2026-05-27 19:58,-104.7517,39.7017,1726.00,19.78,8.50
BKF,2026-05-27 20:58,-104.7517,39.7017,1726.00,19.44,7.22
BKF,2026-05-27 21:58,-104.7517,39.7017,1726.00,15.39,10.56
BKF,2026-05-27 22:58,-104.7517,39.7017,1726.00,14.22,10.56
BKF,2026-05-27 23:58,-104.7517,39.7017,1726.00,14.61,8.89
BKF,2026-05-28 00:58,-104.7517,39.7017,1726.00,16.50,10.78
BKF,2026-05-28 01:58,-104.7517,39.7017,1726.00,15.00,10.00
BKF,2026-05-28 02:58,-104.7517,39.7017,1726.00,14.78,10.00
BKF,2026-05-28 03:58,-104.7517,39.7017,1726.00,13.72,8.33
BKF,2026-05-28 04:58,-104.7517,39.7017,1726.00,13.50,8.11
BKF,2026-05-28 05:58,-104.7517,39.7017,1726.00,13.00,8.33
BKF,2026-05-28 06:58,-104.7517,39.7017,1726.00,11.78,8.50
BKF,2026-05-28 07:58,-104.7517,39.7017,1726.00,11.50,8.89
BKF,2026-05-28 08:58,-104.7517,39.7017,1726.00,12.50,8.89
BKF,2026-05-28 09:58,-104.7517,39.7017,1726.00,12.11,8.89
BKF,2026-05-28 10:58,-104.7517,39.7017,1726.00,12.00,8.89
BKF,2026-05-28 11:58,-104.7517,39.7017,1726.00,11.67,8.33
BKF,2026-05-28 12:58,-104.7517,39.7017,1726.00,12.78,9.11
BKF,2026-05-28 13:58,-104.7517,39.7017,1726.00,14.61,9.61
BKF,2026-05-28 14:58,-104.7517,39.7017,1726.00,16.67,9.78
BKF,2026-05-28 15:58,-104.7517,39.7017,1726.00,18.00,8.33
BKF,2026-05-28 16:58,-104.7517,39.7017,1726.00,17.61,8.22
BKF,2026-05-28 17:58,-104.7517,39.7017,1726.00,21.78,9.28
BKF,2026-05-28 18:58,-104.7517,39.7017,1726.00,22.78,10.00
BKF,2026-05-28 19:58,-104.7517,39.7017,1726.00,23.89,9.78
BKF,2026-05-28 20:58,-104.7517,39.7017,1726.00,26.11,11.00
BKF,2026-05-28 21:58,-104.7517,39.7017,1726.00,25.00,9.61
BKF,2026-05-28 22:58,-104.7517,39.7017,1726.00,23.72,10.00
BKF,2026-05-28 23:58,-104.7517,39.7017,1726.00,22.22,10.00
BKF,2026-05-29 00:58,-104.7517,39.7017,1726.00,21.78,10.28
BKF,2026-05-29 01:58,-104.7517,39.7017,1726.00,20.00,9.28
BKF,2026-05-29 02:58,-104.7517,39.7017,1726.00,19.72,9.61
BKF,2026-05-29 03:58,-104.7517,39.7017,1726.00,16.78,8.50
BKF,2026-05-29 04:58,-104.7517,39.7017,1726.00,16.11,10.22
BKF,2026-05-29 05:58,-104.7517,39.7017,1726.00,15.72,8.00
BKF,2026-05-29 06:58,-104.7517,39.7017,1726.00,16.11,7.78
BKF,2026-05-29 07:58,-104.7517,39.7017,1726.00,15.78,6.78
BKF,2026-05-29 08:58,-104.7517,39.7017,1726.00,15.72,6.39
BKF,2026-05-29 09:58,-104.7517,39.7017,1726.00,15.56,6.78
BKF,2026-05-29 10:58,-104.7517,39.7017,1726.00,15.39,9.28
BKF,2026-05-29 11:58,-104.7517,39.7017,1726.00,16.00,10.56
BKF,2026-05-29 12:58,-104.7517,39.7017,1726.00,16.78,10.39
BKF,2026-05-29 13:58,-104.7517,39.7017,1726.00,17.22,10.56
BKF,2026-05-29 14:58,-104.7517,39.7017,1726.00,19.44,9.11
BKF,2026-05-29 15:58,-104.7517,39.7017,1726.00,20.28,9.44
BKF,2026-05-29 16:58,-104.7517,39.7017,1726.00,23.33,7.11
BKF,2026-05-29 17:58,-104.7517,39.7017,1726.00,25.22,5.89
BKF,2026-05-29 18:58,-104.7517,39.7017,1726.00,28.00,-1.11
BKF,2026-05-29 19:58,-104.7517,39.7017,1726.00,27.22,-1.67
BKF,2026-05-29 20:58,-104.7517,39.7017,1726.00,25.72,1.00
BKF,2026-05-29 21:58,-104.7517,39.7017,1726.00,23.33,4.28
BKF,2026-05-29 22:58,-104.7517,39.7017,1726.00,23.00,3.00
BKF,2026-05-29 23:58,-104.7517,39.7017,1726.00,23.22,5.56
BKF,2026-05-30 00:58,-104.7517,39.7017,1726.00,22.78,4.72
BKF,2026-05-30 01:58,-104.7517,39.7017,1726.00,21.00,4.44
BKF,2026-05-30 02:58,-104.7517,39.7017,1726.00,18.72,5.89
BKF,2026-05-30 03:58,-104.7517,39.7017,1726.00,16.28,5.89
BKF,2026-05-30 04:58,-104.7517,39.7017,1726.00,13.61,5.00
BKF,2026-05-30 05:58,-104.7517,39.7017,1726.00,14.00,5.00
BKF,2026-05-30 06:58,-104.7517,39.7017,1726.00,13.22,6.78
BKF,2026-05-30 07:58,-104.7517,39.7017,1726.00,13.33,7.11
BKF,2026-05-30 08:58,-104.7517,39.7017,1726.00,12.22,7.22
BKF,2026-05-30 09:58,-104.7517,39.7017,1726.00,11.67,7.39
BKF,2026-05-30 10:58,-104.7517,39.7017,1726.00,11.28,6.39
BKF,2026-05-30 11:58,-104.7517,39.7017,1726.00,10.22,5.78
BKF,2026-05-30 12:58,-104.7517,39.7017,1726.00,13.33,8.00
BKF,2026-05-30 13:58,-104.7517,39.7017,1726.00,16.11,7.78
BKF,2026-05-30 14:58,-104.7517,39.7017,1726.00,17.78,8.11
BKF,2026-05-30 15:58,-104.7517,39.7017,1726.00,19.78,8.22
BKF,2026-05-30 16:58,-104.7517,39.7017,1726.00,21.78,5.56
BKF,2026-05-30 17:58,-104.7517,39.7017,1726.00,22.78,3.33
BKF,2026-05-30 18:58,-104.7517,39.7017,1726.00,23.22,0.89
BKF,2026-05-30 19:58,-104.7517,39.7017,1726.00,22.50,-0.28
BKF,2026-05-30 20:58,-104.7517,39.7017,1726.00,21.89,0.39
BKF,2026-05-30 21:58,-104.7517,39.7017,1726.00,22.39,0.22
BKF,2026-05-30 22:58,-104.7517,39.7017,1726.00,23.00,-0.56
BKF,2026-05-30 23:58,-104.7517,39.7017,1726.00,22.78,0.00
BKF,2026-05-31 00:58,-104.7517,39.7017,1726.00,22.78,-0.72
BKF,2026-05-31 01:58,-104.7517,39.7017,1726.00,19.61,2.39
BKF,2026-05-31 02:58,-104.7517,39.7017,1726.00,17.78,0.39
BKF,2026-05-31 03:58,-104.7517,39.7017,1726.00,13.89,2.11
BKF,2026-05-31 04:58,-104.7517,39.7017,1726.00,13.89,3.11
BKF,2026-05-31 05:58,-104.7517,39.7017,1726.00,12.11,3.33
BKF,2026-05-31 06:58,-104.7517,39.7017,1726.00,10.28,3.11
BKF,2026-05-31 07:58,-104.7517,39.7017,1726.00,10.72,2.50
BKF,2026-05-31 08:58,-104.7517,39.7017,1726.00,11.00,3.89
BKF,2026-05-31 09:58,-104.7517,39.7017,1726.00,8.33,2.22
BKF,2026-05-31 10:58,-104.7517,39.7017,1726.00,8.33,1.78
BKF,2026-05-31 11:58,-104.7517,39.7017,1726.00,9.44,1.89
BKF,2026-05-31 12:58,-104.7517,39.7017,1726.00,11.39,2.22
BKF,2026-05-31 13:58,-104.7517,39.7017,1726.00,16.00,2.00
BKF,2026-05-31 14:58,-104.7517,39.7017,1726.00,18.22,-1.67
BKF,2026-05-31 15:58,-104.7517,39.7017,1726.00,20.78,-2.22
BKF,2026-05-31 16:58,-104.7517,39.7017,1726.00,21.89,-2.78
BKF,2026-05-31 17:58,-104.7517,39.7017,1726.00,22.00,-5.00
BKF,2026-05-31 18:58,-104.7517,39.7017,1726.00,24.44,-4.78
BKF,2026-05-31 19:58,-104.7517,39.7017,1726.00,24.22,-6.00
BKF,2026-05-31 20:58,-104.7517,39.7017,1726.00,25.89,-5.72
BKF,2026-05-31 21:58,-104.7517,39.7017,1726.00,27.11,-4.78
BKF,2026-05-31 22:58,-104.7517,39.7017,1726.00,25.39,-5.00
BKF,2026-05-31 23:58,-104.7517,39.7017,1726.00,24.72,-4.61
BKF,2026-06-01 00:58,-104.7517,39.7017,1726.00,25.56,-3.89
BKF,2026-06-01 01:58,-104.7517,39.7017,1726.00,21.00,-3.50
BKF,2026-06-01 02:58,-104.7517,39.7017,1726.00,20.00,-2.89
BKF,2026-06-01 03:58,-104.7517,39.7017,1726.00,21.78,-1.50
BKF,2026-06-01 04:58,-104.7517,39.7017,1726.00,19.44,0.00
BKF,2026-06-01 05:58,-104.7517,39.7017,1726.00,18.00,0.56
BKF,2026-06-01 06:58,-104.7517,39.7017,1726.00,18.72,0.28
BKF,2026-06-01 07:58,-104.7517,39.7017,1726.00,17.50,0.56
BKF,2026-06-01 08:58,-104.7517,39.7017,1726.00,18.89,3.11
BKF,2026-06-01 09:58,-104.7517,39.7017,1726.00,15.00,4.22
BKF,2026-06-01 10:58,-104.7517,39.7017,1726.00,13.33,5.89
BKF,2026-06-01 11:58,-104.7517,39.7017,1726.00,14.00,7.11
BKF,2026-06-01 12:58,-104.7517,39.7017,1726.00,16.39,9.61
BKF,2026-06-01 13:58,-104.7517,39.7017,1726.00,18.33,9.11
BKF,2026-06-01 14:58,-104.7517,39.7017,1726.00,20.00,10.78
BKF,2026-06-01 16:58,-104.7517,39.7017,1726.00,21.50,10.89
BKF,2026-06-01 17:58,-104.7517,39.7017,1726.00,24.44,10.56
BKF,2026-06-01 18:58,-104.7517,39.7017,1726.00,26.28,8.33
BKF,2026-06-01 19:58,-104.7517,39.7017,1726.00,22.78,9.22
BKF,2026-06-01 20:58,-104.7517,39.7017,1726.00,20.56,10.39
BKF,2026-06-01 21:58,-104.7517,39.7017,1726.00,24.72,10.22
BKF,2026-06-01 22:58,-104.7517,39.7017,1726.00,26.00,8.00
BKF,2026-06-01 23:58,-104.7517,39.7017,1726.00,23.50,8.00
BKF,2026-06-02 00:58,-104.7517,39.7017,1726.00,23.22,6.89
BKF,2026-06-02 01:58,-104.7517,39.7017,1726.00,21.11,6.67
BKF,2026-06-02 02:58,-104.7517,39.7017,1726.00,18.33,6.89
BKF,2026-06-02 03:58,-104.7517,39.7017,1726.00,18.00,8.00
BKF,2026-06-02 04:58,-104.7517,39.7017,1726.00,15.28,11.11
BKF,2026-06-02 05:58,-104.7517,39.7017,1726.00,15.39,9.72
BKF,2026-06-02 06:58,-104.7517,39.7017,1726.00,15.78,9.22
BKF,2026-06-02 07:58,-104.7517,39.7017,1726.00,15.78,9.44
BKF,2026-06-02 08:58,-104.7517,39.7017,1726.00,14.00,8.89
BKF,2026-06-02 09:58,-104.7517,39.7017,1726.00,13.33,9.78
BKF,2026-06-02 10:58,-104.7517,39.7017,1726.00,11.78,9.72
BKF,2026-06-02 11:58,-104.7517,39.7017,1726.00,13.89,9.61
BKF,2026-06-02 12:58,-104.7517,39.7017,1726.00,15.00,9.44
BKF,2026-06-02 13:58,-104.7517,39.7017,1726.00,16.00,9.61
BKF,2026-06-02 14:58,-104.7517,39.7017,1726.00,18.61,10.72
BKF,2026-06-02 15:58,-104.7517,39.7017,1726.00,18.89,9.61
BKF,2026-06-02 16:58,-104.7517,39.7017,1726.00,21.00,10.78
BKF,2026-06-02 17:58,-104.7517,39.7017,1726.00,21.78,10.00
BKF,2026-06-02 18:58,-104.7517,39.7017,1726.00,23.50,9.78
BKF,2026-06-02 19:58,-104.7517,39.7017,1726.00,23.89,10.56
BKF,2026-06-02 20:58,-104.7517,39.7017,1726.00,24.72,10.22
BKF,2026-06-02 21:58,-104.7517,39.7017,1726.00,22.11,11.50
BKF,2026-06-02 22:58,-104.7517,39.7017,1726.00,23.22,10.28
BKF,2026-06-02 23:58,-104.7517,39.7017,1726.00,21.78,11.78
BKF,2026-06-03 00:58,-104.7517,39.7017,1726.00,23.89,12.11
BKF,2026-06-03 01:58,-104.7517,39.7017,1726.00,21.67,11.89
BKF,2026-06-03 02:58,-104.7517,39.7017,1726.00,20.39,10.00
BKF,2026-06-03 03:58,-104.7517,39.7017,1726.00,19.22,9.44
BKF,2026-06-03 04:58,-104.7517,39.7017,1726.00,20.89,11.00
BKF,2026-06-03 05:58,-104.7517,39.7017,1726.00,16.50,8.72
BKF,2026-06-03 06:58,-104.7517,39.7017,1726.00,16.39,8.61
BKF,2026-06-03 07:58,-104.7517,39.7017,1726.00,15.56,7.00
BKF,2026-06-03 08:58,-104.7517,39.7017,1726.00,13.89,7.22
BKF,2026-06-03 09:58,-104.7517,39.7017,1726.00,14.44,9.44
BKF,2026-06-03 10:58,-104.7517,39.7017,1726.00,14.22,9.22
BKF,2026-06-03 11:58,-104.7517,39.7017,1726.00,13.89,8.89
BKF,2026-06-03 12:58,-104.7517,39.7017,1726.00,16.78,8.50
BKF,2026-06-03 13:58,-104.7517,39.7017,1726.00,18.11,8.11
BKF,2026-06-03 14:58,-104.7517,39.7017,1726.00,19.44,10.56
BKF,2026-06-03 15:58,-104.7517,39.7017,1726.00,20.78,10.00
BKF,2026-06-03 16:58,-104.7517,39.7017,1726.00,21.50,9.44
BKF,2026-06-03 17:58,-104.7517,39.7017,1726.00,24.00,10.00
BKF,2026-06-03 18:58,-104.7517,39.7017,1726.00,24.44,8.89
BKF,2026-06-03 19:58,-104.7517,39.7017,1726.00,25.56,7.78
BKF,2026-06-03 20:58,-104.7517,39.7017,1726.00,25.56,7.11
BKF,2026-06-03 21:58,-104.7517,39.7017,1726.00,24.44,6.11
BKF,2026-06-03 22:58,-104.7517,39.7017,1726.00,21.89,6.50
BKF,2026-06-03 23:58,-104.7517,39.7017,1726.00,18.89,5.00
BKF,2026-06-04 00:58,-104.7517,39.7017,1726.00,19.11,6.67
BKF,2026-06-04 01:58,-104.7517,39.7017,1726.00,19.22,6.00
BKF,2026-06-04 02:58,-104.7517,39.7017,1726.00,16.00,6.67
BKF,2026-06-04 03:58,-104.7517,39.7017,1726.00,14.61,6.67
BKF,2026-06-04 04:58,-104.7517,39.7017,1726.00,14.72,6.00
BKF,2026-06-04 05:58,-104.7517,39.7017,1726.00,14.61,6.11
BKF,2026-06-04 06:58,-104.7517,39.7017,1726.00,14.72,5.72
BKF,2026-06-04 07:58,-104.7517,39.7017,1726.00,13.72,5.78
BKF,2026-06-04 08:58,-104.7517,39.7017,1726.00,11.89,5.28
BKF,2026-06-04 09:58,-104.7517,39.7017,1726.00,11.11,5.00
BKF,2026-06-04 10:58,-104.7517,39.7017,1726.00,12.78,5.00
BKF,2026-06-04 11:58,-104.7517,39.7017,1726.00,12.22,5.78
BKF,2026-06-04 12:58,-104.7517,39.7017,1726.00,15.56,5.78
BKF,2026-06-04 13:58,-104.7517,39.7017,1726.00,19.44,5.56
BKF,2026-06-04 14:58,-104.7517,39.7017,1726.00,21.50,3.61
BKF,2026-06-04 15:58,-104.7517,39.7017,1726.00,25.78,1.11
BKF,2026-06-04 16:58,-104.7517,39.7017,1726.00,28.50,-2.61
BKF,2026-06-04 17:58,-104.7517,39.7017,1726.00,30.00,-6.28
BKF,2026-06-04 18:58,-104.7517,39.7017,1726.00,30.78,-5.72
BKF,2026-06-04 19:58,-104.7517,39.7017,1726.00,29.72,-8.11
BKF,2026-06-04 20:58,-104.7517,39.7017,1726.00,30.22,-7.78
BKF,2026-06-04 21:58,-104.7517,39.7017,1726.00,30.28,-6.11
BKF,2026-06-04 22:58,-104.7517,39.7017,1726.00,29.28,-5.56
BKF,2026-06-04 23:58,-104.7517,39.7017,1726.00,30.00,-5.00
BKF,2026-06-05 00:58,-104.7517,39.7017,1726.00,29.78,-2.78
BKF,2026-06-05 01:58,-104.7517,39.7017,1726.00,25.00,-0.22
BKF,2026-06-05 02:58,-104.7517,39.7017,1726.00,22.11,-1.89
BKF,2026-06-05 03:58,-104.7517,39.7017,1726.00,19.44,0.89
BKF,2026-06-05 04:58,-104.7517,39.7017,1726.00,19.78,1.11
BKF,2026-06-05 05:58,-104.7517,39.7017,1726.00,19.72,0.22
BKF,2026-06-05 06:58,-104.7517,39.7017,1726.00,21.67,-2.22
BKF,2026-06-05 07:58,-104.7517,39.7017,1726.00,17.22,0.39
BKF,2026-06-05 08:58,-104.7517,39.7017,1726.00,15.72,0.28
BKF,2026-06-05 09:58,-104.7517,39.7017,1726.00,15.89,0.78
BKF,2026-06-05 10:58,-104.7517,39.7017,1726.00,16.28,0.00
BKF,2026-06-05 11:58,-104.7517,39.7017,1726.00,14.44,0.56
BKF,2026-06-05 12:58,-104.7517,39.7017,1726.00,16.28,5.00
BKF,2026-06-05 13:58,-104.7517,39.7017,1726.00,19.44,10.39
BKF,2026-06-05 14:58,-104.7517,39.7017,1726.00,20.78,10.00
BKF,2026-06-05 15:58,-104.7517,39.7017,1726.00,24.44,10.28
BKF,2026-06-05 16:58,-104.7517,39.7017,1726.00,24.11,7.78
BKF,2026-06-05 17:58,-104.7517,39.7017,1726.00,25.89,7.89
BKF,2026-06-05 18:58,-104.7517,39.7017,1726.00,26.89,6.78
BKF,2026-06-05 19:58,-104.7517,39.7017,1726.00,29.61,6.28
BKF,2026-06-05 20:58,-104.7517,39.7017,1726.00,30.56,3.61
BKF,2026-06-05 21:58,-104.7517,39.7017,1726.00,30.78,1.11
BKF,2026-06-05 22:58,-104.7517,39.7017,1726.00,31.11,4.00
BKF,2026-06-05 23:58,-104.7517,39.7017,1726.00,30.39,5.00
BKF,2026-06-06 00:58,-104.7517,39.7017,1726.00,27.50,3.89
BKF,2026-06-06 01:58,-104.7517,39.7017,1726.00,23.33,5.22
BKF,2026-06-06 02:58,-104.7517,39.7017,1726.00,22.11,5.56
BKF,2026-06-06 03:58,-104.7517,39.7017,1726.00,21.11,6.67
BKF,2026-06-06 04:58,-104.7517,39.7017,1726.00,20.00,7.11
BKF,2026-06-06 05:58,-104.7517,39.7017,1726.00,22.39,5.28
BKF,2026-06-06 06:58,-104.7517,39.7017,1726.00,20.39,6.00
BKF,2026-06-06 07:58,-104.7517,39.7017,1726.00,18.50,5.28
BKF,2026-06-06 08:58,-104.7517,39.7017,1726.00,17.78,5.72
BKF,2026-06-06 09:58,-104.7517,39.7017,1726.00,16.89,5.56
BKF,2026-06-06 10:58,-104.7517,39.7017,1726.00,16.28,4.28
BKF,2026-06-06 11:58,-104.7517,39.7017,1726.00,17.00,5.00
BKF,2026-06-06 12:58,-104.7517,39.7017,1726.00,18.11,5.28
BKF,2026-06-06 13:58,-104.7517,39.7017,1726.00,21.28,3.89
BKF,2026-06-06 14:58,-104.7517,39.7017,1726.00,25.28,5.00
BKF,2026-06-06 15:58,-104.7517,39.7017,1726.00,26.78,3.89
BKF,2026-06-06 16:58,-104.7517,39.7017,1726.00,31.11,2.39
BKF,2026-06-06 17:58,-104.7517,39.7017,1726.00,30.39,-2.22
BKF,2026-06-06 18:58,-104.7517,39.7017,1726.00,31.00,-2.89
BKF,2026-06-06 19:58,-104.7517,39.7017,1726.00,28.89,0.56
BKF,2026-06-06 20:58,-104.7517,39.7017,1726.00,31.39,0.72
BKF,2026-06-06 21:58,-104.7517,39.7017,1726.00,33.61,-0.89
BKF,2026-06-06 22:58,-104.7517,39.7017,1726.00,32.89,-2.78
BKF,2026-06-06 23:58,-104.7517,39.7017,1726.00,31.78,0.00
BKF,2026-06-07 00:58,-104.7517,39.7017,1726.00,29.78,0.39
BKF,2026-06-07 01:58,-104.7517,39.7017,1726.00,26.89,2.00
BKF,2026-06-07 02:58,-104.7517,39.7017,1726.00,24.61,5.00
BKF,2026-06-07 03:58,-104.7517,39.7017,1726.00,23.89,5.56
BKF,2026-06-07 04:58,-104.7517,39.7017,1726.00,22.11,5.89
BKF,2026-06-07 05:58,-104.7517,39.7017,1726.00,22.39,4.44
BKF,2026-06-07 06:58,-104.7517,39.7017,1726.00,22.50,3.11
BKF,2026-06-07 07:58,-104.7517,39.7017,1726.00,22.39,2.50
BKF,2026-06-07 08:58,-104.7517,39.7017,1726.00,21.89,2.61
BKF,2026-06-07 09:58,-104.7517,39.7017,1726.00,19.78,2.61
BKF,2026-06-07 10:58,-104.7517,39.7017,1726.00,16.67,2.89
BKF,2026-06-07 11:58,-104.7517,39.7017,1726.00,16.50,3.22
BKF,2026-06-07 12:58,-104.7517,39.7017,1726.00,20.56,4.11
BKF,2026-06-07 13:58,-104.7517,39.7017,1726.00,23.89,3.11
BKF,2026-06-07 14:58,-104.7517,39.7017,1726.00,27.61,2.61
BKF,2026-06-07 15:58,-104.7517,39.7017,1726.00,29.44,-4.22
BKF,2026-06-07 16:58,-104.7517,39.7017,1726.00,30.28,-7.78
BKF,2026-06-07 17:58,-104.7517,39.7017,1726.00,31.67,-8.33
BKF,2026-06-07 18:58,-104.7517,39.7017,1726.00,32.22,-7.89
BKF,2026-06-07 19:58,-104.7517,39.7017,1726.00,32.78,-9.61
BKF,2026-06-07 20:58,-104.7517,39.7017,1726.00,32.00,-8.11
BKF,2026-06-07 21:58,-104.7517,39.7017,1726.00,32.39,-6.11
BKF,2026-06-07 22:58,-104.7517,39.7017,1726.00,33.72,-5.00
BKF,2026-06-07 23:58,-104.7517,39.7017,1726.00,32.00,-5.00
BKF,2026-06-08 00:58,-104.7517,39.7017,1726.00,28.33,-2.78
BKF,2026-06-08 01:58,-104.7517,39.7017,1726.00,26.11,-0.89
BKF,2026-06-08 02:58,-104.7517,39.7017,1726.00,22.78,-0.78
BKF,2026-06-08 03:58,-104.7517,39.7017,1726.00,22.22,-1.11
BKF,2026-06-08 04:58,-104.7517,39.7017,1726.00,22.39,0.22
BKF,2026-06-08 05:58,-104.7517,39.7017,1726.00,22.22,2.39
BKF,2026-06-08 06:58,-104.7517,39.7017,1726.00,20.56,2.39
BKF,2026-06-08 07:58,-104.7517,39.7017,1726.00,20.00,2.22
BKF,2026-06-08 08:58,-104.7517,39.7017,1726.00,20.00,-1.11
BKF,2026-06-08 09:58,-104.7517,39.7017,1726.00,19.78,-0.78
BKF,2026-06-08 10:58,-104.7517,39.7017,1726.00,18.00,-0.28
BKF,2026-06-08 11:58,-104.7517,39.7017,1726.00,17.61,1.89
BKF,2026-06-08 12:58,-104.7517,39.7017,1726.00,17.50,3.72
BKF,2026-06-08 13:58,-104.7517,39.7017,1726.00,19.72,9.61
BKF,2026-06-08 14:58,-104.7517,39.7017,1726.00,17.22,9.44
BKF,2026-06-08 15:58,-104.7517,39.7017,1726.00,18.33,9.11
BKF,2026-06-08 16:58,-104.7517,39.7017,1726.00,18.50,9.28
BKF,2026-06-08 17:58,-104.7517,39.7017,1726.00,20.72,10.78
BKF,2026-06-08 18:58,-104.7517,39.7017,1726.00,24.22,10.56
BKF,2026-06-08 19:58,-104.7517,39.7017,1726.00,26.67,11.11
BKF,2026-06-08 20:58,-104.7517,39.7017,1726.00,28.00,10.22
BKF,2026-06-08 21:58,-104.7517,39.7017,1726.00,21.00,12.78
BKF,2026-06-08 22:58,-104.7517,39.7017,1726.00,17.11,11.11
BKF,2026-06-08 23:58,-104.7517,39.7017,1726.00,20.22,13.61
BKF,2026-06-09 00:58,-104.7517,39.7017,1726.00,21.28,13.50
BKF,2026-06-09 01:58,-104.7517,39.7017,1726.00,19.61,10.28
BKF,2026-06-09 02:58,-104.7517,39.7017,1726.00,17.78,9.44
BKF,2026-06-09 03:58,-104.7517,39.7017,1726.00,17.61,9.22
BKF,2026-06-09 04:58,-104.7517,39.7017,1726.00,17.50,8.89
BKF,2026-06-09 05:58,-104.7517,39.7017,1726.00,16.39,9.61
BKF,2026-06-09 06:58,-104.7517,39.7017,1726.00,16.50,11.78
BKF,2026-06-09 07:58,-104.7517,39.7017,1726.00,14.61,11.89
BKF,2026-06-09 08:58,-104.7517,39.7017,1726.00,15.56,13.33
BKF,2026-06-09 09:58,-104.7517,39.7017,1726.00,13.89,11.00
BKF,2026-06-09 10:58,-104.7517,39.7017,1726.00,15.22,12.78
BKF,2026-06-09 11:58,-104.7517,39.7017,1726.00,14.44,12.39
BKF,2026-06-09 12:58,-104.7517,39.7017,1726.00,16.11,13.11
BKF,2026-06-09 13:58,-104.7517,39.7017,1726.00,17.89,12.61
BKF,2026-06-09 14:58,-104.7517,39.7017,1726.00,19.72,12.22
BKF,2026-06-09 15:58,-104.7517,39.7017,1726.00,23.89,10.22
BKF,2026-06-09 16:58,-104.7517,39.7017,1726.00,27.50,5.00
BKF,2026-06-09 17:58,-104.7517,39.7017,1726.00,24.72,10.89
BKF,2026-06-09 18:58,-104.7517,39.7017,1726.00,26.78,12.00
BKF,2026-06-09 19:58,-104.7517,39.7017,1726.00,27.00,11.78
BKF,2026-06-09 20:58,-104.7517,39.7017,1726.00,32.89,-1.50
BKF,2026-06-09 21:58,-104.7517,39.7017,1726.00,34.11,-3.33
BKF,2026-06-09 22:58,-104.7517,39.7017,1726.00,29.61,4.22
BKF,2026-06-09 23:58,-104.7517,39.7017,1726.00,30.72,2.78
BKF,2026-06-10 00:58,-104.7517,39.7017,1726.00,28.89,-0.39
BKF,2026-06-10 01:58,-104.7517,39.7017,1726.00,26.50,7.50
BKF,2026-06-10 02:58,-104.7517,39.7017,1726.00,24.78,-1.89
BKF,2026-06-10 03:58,-104.7517,39.7017,1726.00,22.22,-0.56
BKF,2026-06-10 04:58,-104.7517,39.7017,1726.00,20.00,-0.56
BKF,2026-06-10 05:58,-104.7517,39.7017,1726.00,17.22,0.00
BKF,2026-06-10 06:58,-104.7517,39.7017,1726.00,17.39,1.39
BKF,2026-06-10 07:58,-104.7517,39.7017,1726.00,15.56,1.28
BKF,2026-06-10 08:58,-104.7517,39.7017,1726.00,15.00,1.50
BKF,2026-06-10 09:58,-104.7517,39.7017,1726.00,11.89,1.11
BKF,2026-06-10 10:58,-104.7517,39.7017,1726.00,12.61,1.89
BKF,2026-06-10 11:58,-104.7517,39.7017,1726.00,11.11,2.39
BKF,2026-06-10 12:58,-104.7517,39.7017,1726.00,16.28,1.89
BKF,2026-06-10 13:58,-104.7517,39.7017,1726.00,18.50,2.78
BKF,2026-06-10 14:58,-104.7517,39.7017,1726.00,22.11,1.11
BKF,2026-06-10 15:58,-104.7517,39.7017,1726.00,23.89,2.78
BKF,2026-06-10 16:58,-104.7517,39.7017,1726.00,26.00,1.28
BKF,2026-06-10 17:58,-104.7517,39.7017,1726.00,27.78,0.56
BKF,2026-06-10 18:58,-104.7517,39.7017,1726.00,28.50,-0.72
BKF,2026-06-10 19:58,-104.7517,39.7017,1726.00,28.11,-4.00
BKF,2026-06-10 20:58,-104.7517,39.7017,1726.00,30.00,-3.89
BKF,2026-06-10 21:58,-104.7517,39.7017,1726.00,30.28,-6.11
BKF,2026-06-10 22:58,-104.7517,39.7017,1726.00,30.78,-7.22
BKF,2026-06-10 23:58,-104.7517,39.7017,1726.00,30.56,-4.61
BKF,2026-06-11 00:58,-104.7517,39.7017,1726.00,29.44,-4.11
BKF,2026-06-11 01:58,-104.7517,39.7017,1726.00,26.67,-2.11
BKF,2026-06-11 02:58,-104.7517,39.7017,1726.00,23.11,3.11
BKF,2026-06-11 03:58,-104.7517,39.7017,1726.00,18.72,3.33
BKF,2026-06-11 04:58,-104.7517,39.7017,1726.00,19.00,3.61
BKF,2026-06-11 05:58,-104.7517,39.7017,1726.00,18.33,4.11
BKF,2026-06-11 06:58,-104.7517,39.7017,1726.00,17.11,0.28
BKF,2026-06-11 07:58,-104.7517,39.7017,1726.00,15.00,-5.28
BKF,2026-06-11 08:58,-104.7517,39.7017,1726.00,14.78,-6.11
BKF,2026-06-11 09:58,-104.7517,39.7017,1726.00,12.61,-1.00
BKF,2026-06-11 10:58,-104.7517,39.7017,1726.00,10.28,-0.78
BKF,2026-06-11 11:58,-104.7517,39.7017,1726.00,8.50,-1.11
BKF,2026-06-11 12:58,-104.7517,39.7017,1726.00,12.61,-0.28
BKF,2026-06-11 13:58,-104.7517,39.7017,1726.00,15.00,-1.67
BKF,2026-06-11 14:58,-104.7517,39.7017,1726.00,18.89,-6.00
BKF,2026-06-11 15:58,-104.7517,39.7017,1726.00,21.67,-12.61
BKF,2026-06-11 16:58,-104.7517,39.7017,1726.00,21.67,-10.00
BKF,2026-06-11 17:58,-104.7517,39.7017,1726.00,23.11,-11.50
BKF,2026-06-11 18:58,-104.7517,39.7017,1726.00,23.89,-14.11
BKF,2026-06-11 19:58,-104.7517,39.7017,1726.00,24.78,-15.28
BKF,2026-06-11 20:58,-104.7517,39.7017,1726.00,25.00,-15.22
BKF,2026-06-11 21:58,-104.7517,39.7017,1726.00,25.72,-14.61
BKF,2026-06-11 22:58,-104.7517,39.7017,1726.00,25.22,-11.39
BKF,2026-06-11 23:58,-104.7517,39.7017,1726.00,24.11,-10.78
BKF,2026-06-12 00:58,-104.7517,39.7017,1726.00,22.78,-9.22
BKF,2026-06-12 01:58,-104.7517,39.7017,1726.00,20.39,-8.00
BKF,2026-06-12 02:58,-104.7517,39.7017,1726.00,15.89,-6.39
BKF,2026-06-12 03:58,-104.7517,39.7017,1726.00,14.44,-4.28
BKF,2026-06-12 04:58,-104.7517,39.7017,1726.00,14.00,-2.89
BKF,2026-06-12 05:58,-104.7517,39.7017,1726.00,13.33,-5.28
BKF,2026-06-12 06:58,-104.7517,39.7017,1726.00,15.00,-6.50
BKF,2026-06-12 07:58,-104.7517,39.7017,1726.00,15.72,-6.00
BKF,2026-06-12 08:58,-104.7517,39.7017,1726.00,15.00,-6.11
BKF,2026-06-12 09:58,-104.7517,39.7017,1726.00,15.56,-5.56
BKF,2026-06-12 10:58,-104.7517,39.7017,1726.00,15.28,-5.22
BKF,2026-06-12 11:58,-104.7517,39.7017,1726.00,14.61,-4.72
BKF,2026-06-12 12:58,-104.7517,39.7017,1726.00,16.11,-3.89
BKF,2026-06-12 13:58,-104.7517,39.7017,1726.00,18.50,-3.00
BKF,2026-06-12 14:58,-104.7517,39.7017,1726.00,20.72,-2.39
BKF,2026-06-12 15:58,-104.7517,39.7017,1726.00,24.61,-1.28
BKF,2026-06-12 16:58,-104.7517,39.7017,1726.00,27.11,-5.89
BKF,2026-06-12 17:58,-104.7517,39.7017,1726.00,28.72,-8.89
BKF,2026-06-12 18:58,-104.7517,39.7017,1726.00,30.28,-11.28
BKF,2026-06-12 19:58,-104.7517,39.7017,1726.00,30.89,-10.89
BKF,2026-06-12 20:58,-104.7517,39.7017,1726.00,32.22,-12.22
BKF,2026-06-12 21:58,-104.7517,39.7017,1726.00,31.67,-10.39
BKF,2026-06-12 22:58,-104.7517,39.7017,1726.00,33.22,-9.22
BKF,2026-06-12 23:58,-104.7517,39.7017,1726.00,32.78,-7.61
BKF,2026-06-13 00:58,-104.7517,39.7017,1726.00,31.39,-8.61
BKF,2026-06-13 01:58,-104.7517,39.7017,1726.00,27.61,-8.11
BKF,2026-06-13 02:58,-104.7517,39.7017,1726.00,21.11,-7.50
BKF,2026-06-13 03:58,-104.7517,39.7017,1726.00,20.00,-5.72
BKF,2026-06-13 04:58,-104.7517,39.7017,1726.00,18.22,-2.22
BKF,2026-06-13 05:58,-104.7517,39.7017,1726.00,19.78,1.11
BKF,2026-06-13 06:58,-104.7517,39.7017,1726.00,18.33,2.78
BKF,2026-06-13 07:58,-104.7517,39.7017,1726.00,18.22,2.89
BKF,2026-06-13 08:58,-104.7517,39.7017,1726.00,17.22,2.50
BKF,2026-06-13 09:58,-104.7517,39.7017,1726.00,15.39,0.39
BKF,2026-06-13 10:58,-104.7517,39.7017,1726.00,15.00,0.72
BKF,2026-06-13 11:58,-104.7517,39.7017,1726.00,15.28,0.00
BKF,2026-06-13 12:58,-104.7517,39.7017,1726.00,14.72,2.89
BKF,2026-06-13 13:58,-104.7517,39.7017,1726.00,15.56,3.33
BKF,2026-06-13 14:58,-104.7517,39.7017,1726.00,16.67,4.28
BKF,2026-06-13 15:58,-104.7517,39.7017,1726.00,18.33,5.22
BKF,2026-06-13 16:58,-104.7517,39.7017,1726.00,20.00,5.22
BKF,2026-06-13 17:58,-104.7517,39.7017,1726.00,22.22,3.33
BKF,2026-06-13 18:58,-104.7517,39.7017,1726.00,24.44,4.78
BKF,2026-06-13 19:58,-104.7517,39.7017,1726.00,25.78,3.72
BKF,2026-06-13 20:58,-104.7517,39.7017,1726.00,26.28,2.89
BKF,2026-06-13 21:58,-104.7517,39.7017,1726.00,26.00,1.28
BKF,2026-06-13 22:58,-104.7517,39.7017,1726.00,25.22,1.28
BKF,2026-06-13 23:58,-104.7517,39.7017,1726.00,24.61,2.11
BKF,2026-06-14 00:58,-104.7517,39.7017,1726.00,20.39,2.78
BKF,2026-06-14 01:58,-104.7517,39.7017,1726.00,19.78,3.89
BKF,2026-06-14 02:58,-104.7517,39.7017,1726.00,17.22,3.61
BKF,2026-06-14 03:58,-104.7517,39.7017,1726.00,16.11,3.61
BKF,2026-06-14 04:58,-104.7517,39.7017,1726.00,13.22,3.61
BKF,2026-06-14 05:58,-104.7517,39.7017,1726.00,12.50,4.44
BKF,2026-06-14 06:58,-104.7517,39.7017,1726.00,10.22,2.22
BKF,2026-06-14 07:58,-104.7517,39.7017,1726.00,12.22,4.28
BKF,2026-06-14 08:58,-104.7517,39.7017,1726.00,11.00,2.78
BKF,2026-06-14 09:58,-104.7517,39.7017,1726.00,12.89,4.61
BKF,2026-06-14 10:58,-104.7517,39.7017,1726.00,11.00,2.78
BKF,2026-06-14 11:58,-104.7517,39.7017,1726.00,10.78,3.11
BKF,2026-06-14 12:58,-104.7517,39.7017,1726.00,10.56,3.22
BKF,2026-06-14 13:58,-104.7517,39.7017,1726.00,11.67,3.89
BKF,2026-06-14 14:58,-104.7517,39.7017,1726.00,13.00,4.72
BKF,2026-06-14 15:58,-104.7517,39.7017,1726.00,16.00,5.00
BKF,2026-06-14 16:58,-104.7517,39.7017,1726.00,18.33,5.22
BKF,2026-06-14 17:58,-104.7517,39.7017,1726.00,19.44,5.56
BKF,2026-06-14 18:58,-104.7517,39.7017,1726.00,19.44,4.78
BKF,2026-06-14 19:58,-104.7517,39.7017,1726.00,22.00,5.78
BKF,2026-06-14 20:58,-104.7517,39.7017,1726.00,22.39,5.28
BKF,2026-06-14 21:58,-104.7517,39.7017,1726.00,22.00,5.39
BKF,2026-06-14 22:58,-104.7517,39.7017,1726.00,21.39,5.72
BKF,2026-06-14 23:58,-104.7517,39.7017,1726.00,19.44,4.44
BKF,2026-06-15 00:58,-104.7517,39.7017,1726.00,18.89,4.44
BKF,2026-06-15 01:58,-104.7517,39.7017,1726.00,17.61,4.22
BKF,2026-06-15 02:58,-104.7517,39.7017,1726.00,16.11,3.50
BKF,2026-06-15 03:58,-104.7517,39.7017,1726.00,15.72,3.89
BKF,2026-06-15 04:58,-104.7517,39.7017,1726.00,14.44,3.33
BKF,2026-06-15 05:58,-104.7517,39.7017,1726.00,13.50,3.33
BKF,2026-06-15 06:58,-104.7517,39.7017,1726.00,12.11,2.78
BKF,2026-06-15 07:58,-104.7517,39.7017,1726.00,12.00,4.00
BKF,2026-06-15 08:58,-104.7517,39.7017,1726.00,11.11,4.22
BKF,2026-06-15 09:58,-104.7517,39.7017,1726.00,10.72,3.00
BKF,2026-06-15 10:58,-104.7517,39.7017,1726.00,11.50,4.72
BKF,2026-06-15 11:58,-104.7517,39.7017,1726.00,10.72,4.44
BKF,2026-06-15 12:58,-104.7517,39.7017,1726.00,12.39,4.44
BKF,2026-06-15 13:58,-104.7517,39.7017,1726.00,15.00,4.72
BKF,2026-06-15 14:58,-104.7517,39.7017,1726.00,16.78,4.44
BKF,2026-06-15 15:58,-104.7517,39.7017,1726.00,17.61,4.44
BKF,2026-06-15 16:58,-104.7517,39.7017,1726.00,20.22,5.39
BKF,2026-06-15 17:58,-104.7517,39.7017,1726.00,21.78,5.22
BKF,2026-06-15 18:58,-104.7517,39.7017,1726.00,24.44,4.78
BKF,2026-06-15 19:58,-104.7517,39.7017,1726.00,25.56,3.33
BKF,2026-06-15 20:58,-104.7517,39.7017,1726.00,26.67,1.89
BKF,2026-06-15 21:58,-104.7517,39.7017,1726.00,26.00,1.28
BKF,2026-06-15 22:58,-104.7517,39.7017,1726.00,27.22,1.67
BKF,2026-06-15 23:58,-104.7517,39.7017,1726.00,27.00,0.56
BKF,2026-06-16 00:58,-104.7517,39.7017,1726.00,26.28,0.00
BKF,2026-06-16 01:58,-104.7517,39.7017,1726.00,24.28,1.11
BKF,2026-06-16 02:58,-104.7517,39.7017,1726.00,20.78,-0.56
BKF,2026-06-16 03:58,-104.7517,39.7017,1726.00,18.61,-1.78
BKF,2026-06-16 04:58,-104.7517,39.7017,1726.00,15.39,-2.11
BKF,2026-06-16 05:58,-104.7517,39.7017,1726.00,15.28,-3.11
BKF,2026-06-16 06:58,-104.7517,39.7017,1726.00,15.72,-1.78
BKF,2026-06-16 07:58,-104.7517,39.7017,1726.00,13.11,-2.39
BKF,2026-06-16 08:58,-104.7517,39.7017,1726.00,12.50,-2.89
BKF,2026-06-16 09:58,-104.7517,39.7017,1726.00,12.22,-0.72
BKF,2026-06-16 10:58,-104.7517,39.7017,1726.00,13.00,0.39
BKF,2026-06-16 11:58,-104.7517,39.7017,1726.00,12.11,0.00
BKF,2026-06-16 12:58,-104.7517,39.7017,1726.00,15.22,0.22
BKF,2026-06-16 13:58,-104.7517,39.7017,1726.00,18.22,0.78
BKF,2026-06-16 14:58,-104.7517,39.7017,1726.00,20.72,-0.56
BKF,2026-06-16 15:58,-104.7517,39.7017,1726.00,23.61,1.11
BKF,2026-06-16 16:58,-104.7517,39.7017,1726.00,26.28,-4.28
BKF,2026-06-16 17:58,-104.7517,39.7017,1726.00,27.89,-5.28
BKF,2026-06-16 18:58,-104.7517,39.7017,1726.00,30.00,-6.28
BKF,2026-06-16 19:58,-104.7517,39.7017,1726.00,31.78,-6.50
BKF,2026-06-16 20:58,-104.7517,39.7017,1726.00,32.39,-7.78
BKF,2026-06-16 21:58,-104.7517,39.7017,1726.00,32.50,-7.78
BKF,2026-06-16 22:58,-104.7517,39.7017,1726.00,34.28,-8.50
BKF,2026-06-16 23:58,-104.7517,39.7017,1726.00,33.72,-6.89
BKF,2026-06-17 00:58,-104.7517,39.7017,1726.00,32.78,-5.78
BKF,2026-06-17 01:58,-104.7517,39.7017,1726.00,30.28,-4.72
BKF,2026-06-17 02:58,-104.7517,39.7017,1726.00,28.11,-4.00
BKF,2026-06-17 03:58,-104.7517,39.7017,1726.00,27.78,-4.22
BKF,2026-06-17 04:58,-104.7517,39.7017,1726.00,24.00,-3.33
BKF,2026-06-17 05:58,-104.7517,39.7017,1726.00,23.00,-2.61
BKF,2026-06-17 06:58,-104.7517,39.7017,1726.00,26.11,-5.56
BKF,2026-06-17 07:58,-104.7517,39.7017,1726.00,24.11,-5.00
BKF,2026-06-17 08:58,-104.7517,39.7017,1726.00,24.28,-6.89
BKF,2026-06-17 09:58,-104.7517,39.7017,1726.00,25.56,-7.11
BKF,2026-06-17 10:58,-104.7517,39.7017,1726.00,25.72,-4.78
BKF,2026-06-17 11:58,-104.7517,39.7017,1726.00,22.61,-5.39
BKF,2026-06-17 12:58,-104.7517,39.7017,1726.00,26.50,-5.22
BKF,2026-06-17 13:58,-104.7517,39.7017,1726.00,28.11,-5.22
BKF,2026-06-17 14:58,-104.7517,39.7017,1726.00,30.00,-6.28
BKF,2026-06-17 15:58,-104.7517,39.7017,1726.00,30.78,-4.44
BKF,2026-06-17 16:58,-104.7517,39.7017,1726.00,29.44,-1.89
BKF,2026-06-17 17:58,-104.7517,39.7017,1726.00,30.22,-2.39
BKF,2026-06-17 18:58,-104.7517,39.7017,1726.00,30.22,-1.28
BKF,2026-06-17 19:58,-104.7517,39.7017,1726.00,32.50,-1.78
BKF,2026-06-17 20:58,-104.7517,39.7017,1726.00,32.89,-1.50
BKF,2026-06-17 21:58,-104.7517,39.7017,1726.00,33.50,-2.22
BKF,2026-06-17 22:58,-104.7517,39.7017,1726.00,33.33,-2.39
BKF,2026-06-17 23:58,-104.7517,39.7017,1726.00,34.00,-1.89
BKF,2026-06-18 00:58,-104.7517,39.7017,1726.00,32.50,-0.56
BKF,2026-06-18 01:58,-104.7517,39.7017,1726.00,28.61,1.89
BKF,2026-06-18 02:58,-104.7517,39.7017,1726.00,23.89,5.72
BKF,2026-06-18 03:58,-104.7517,39.7017,1726.00,22.11,4.22
BKF,2026-06-18 04:58,-104.7517,39.7017,1726.00,19.61,4.11
BKF,2026-06-18 05:58,-104.7517,39.7017,1726.00,16.67,-1.00
BKF,2026-06-18 06:58,-104.7517,39.7017,1726.00,14.78,-1.67
BKF,2026-06-18 07:58,-104.7517,39.7017,1726.00,15.00,-2.00
BKF,2026-06-18 08:58,-104.7517,39.7017,1726.00,15.00,-2.39
BKF,2026-06-18 09:58,-104.7517,39.7017,1726.00,13.33,-1.78
BKF,2026-06-18 10:58,-104.7517,39.7017,1726.00,11.67,-1.89
BKF,2026-06-18 11:58,-104.7517,39.7017,1726.00,13.89,-1.00
BKF,2026-06-18 12:58,-104.7517,39.7017,1726.00,16.28,-0.39
BKF,2026-06-18 13:58,-104.7517,39.7017,1726.00,18.00,0.56
BKF,2026-06-18 14:58,-104.7517,39.7017,1726.00,20.39,1.78
BKF,2026-06-18 15:58,-104.7517,39.7017,1726.00,22.22,1.78
BKF,2026-06-18 16:58,-104.7517,39.7017,1726.00,23.33,3.33
BKF,2026-06-18 17:58,-104.7517,39.7017,1726.00,25.39,2.78
BKF,2026-06-18 18:58,-104.7517,39.7017,1726.00,27.39,1.00
BKF,2026-06-18 19:58,-104.7517,39.7017,1726.00,28.00,-1.11
BKF,2026-06-18 20:58,-104.7517,39.7017,1726.00,29.72,-1.67
BKF,2026-06-18 21:58,-104.7517,39.7017,1726.00,30.89,-5.72
BKF,2026-06-18 22:58,-104.7517,39.7017,1726.00,30.56,-1.00
BKF,2026-06-18 23:58,-104.7517,39.7017,1726.00,30.00,1.50
BKF,2026-06-19 00:58,-104.7517,39.7017,1726.00,29.28,1.67
BKF,2026-06-19 01:58,-104.7517,39.7017,1726.00,27.22,3.00
BKF,2026-06-19 02:58,-104.7517,39.7017,1726.00,23.89,3.11
BKF,2026-06-19 03:58,-104.7517,39.7017,1726.00,23.33,3.89
BKF,2026-06-19 04:58,-104.7517,39.7017,1726.00,22.22,4.28
BKF,2026-06-19 05:58,-104.7517,39.7017,1726.00,20.89,5.00
BKF,2026-06-19 06:58,-104.7517,39.7017,1726.00,19.78,5.00
BKF,2026-06-19 07:58,-104.7517,39.7017,1726.00,18.89,5.39
BKF,2026-06-19 08:58,-104.7517,39.7017,1726.00,18.33,5.56
BKF,2026-06-19 09:58,-104.7517,39.7017,1726.00,17.78,5.28
BKF,2026-06-19 10:58,-104.7517,39.7017,1726.00,17.78,5.00
BKF,2026-06-19 11:58,-104.7517,39.7017,1726.00,15.56,5.00
BKF,2026-06-19 12:58,-104.7517,39.7017,1726.00,15.22,4.61
BKF,2026-06-19 13:58,-104.7517,39.7017,1726.00,16.39,3.33
BKF,2026-06-19 14:58,-104.7517,39.7017,1726.00,17.78,2.89
BKF,2026-06-19 15:58,-104.7517,39.7017,1726.00,18.00,3.11
BKF,2026-06-19 16:58,-104.7517,39.7017,1726.00,20.56,3.72
BKF,2026-06-19 17:58,-104.7517,39.7017,1726.00,23.89,5.28
BKF,2026-06-19 18:58,-104.7517,39.7017,1726.00,24.72,3.33
BKF,2026-06-19 19:58,-104.7517,39.7017,1726.00,25.72,3.00
BKF,2026-06-19 20:58,-104.7517,39.7017,1726.00,27.89,2.78
BKF,2026-06-19 21:58,-104.7517,39.7017,1726.00,27.50,1.00
BKF,2026-06-19 22:58,-104.7517,39.7017,1726.00,27.50,1.78
BKF,2026-06-19 23:58,-104.7517,39.7017,1726.00,28.22,2.39
BKF,2026-06-20 00:58,-104.7517,39.7017,1726.00,27.61,2.61
BKF,2026-06-20 01:58,-104.7517,39.7017,1726.00,25.00,3.00
BKF,2026-06-20 02:58,-104.7517,39.7017,1726.00,22.00,3.11
BKF,2026-06-20 03:58,-104.7517,39.7017,1726.00,20.89,3.11
BKF,2026-06-20 04:58,-104.7517,39.7017,1726.00,18.33,11.67
BKF,2026-06-20 05:58,-104.7517,39.7017,1726.00,16.78,11.67
BKF,2026-06-20 06:58,-104.7517,39.7017,1726.00,15.00,11.11
BKF,2026-06-20 07:58,-104.7517,39.7017,1726.00,14.11,11.11
BKF,2026-06-20 08:58,-104.7517,39.7017,1726.00,13.00,11.11
BKF,2026-06-20 09:58,-104.7517,39.7017,1726.00,12.22,10.89
BKF,2026-06-20 10:58,-104.7517,39.7017,1726.00,11.11,9.78
BKF,2026-06-20 11:58,-104.7517,39.7017,1726.00,10.72,7.78
BKF,2026-06-20 12:58,-104.7517,39.7017,1726.00,15.89,10.89
BKF,2026-06-20 13:58,-104.7517,39.7017,1726.00,16.78,11.28
BKF,2026-06-20 14:58,-104.7517,39.7017,1726.00,18.00,11.78
BKF,2026-06-20 15:58,-104.7517,39.7017,1726.00,21.67,12.22
BKF,2026-06-20 16:58,-104.7517,39.7017,1726.00,24.61,11.50
BKF,2026-06-20 17:58,-104.7517,39.7017,1726.00,27.89,11.78
BKF,2026-06-20 18:58,-104.7517,39.7017,1726.00,27.50,11.11
BKF,2026-06-20 19:58,-104.7517,39.7017,1726.00,31.11,10.00
BKF,2026-06-20 20:58,-104.7517,39.7017,1726.00,30.56,10.00
BKF,2026-06-20 21:58,-104.7517,39.7017,1726.00,28.89,11.39
BKF,2026-06-20 22:58,-104.7517,39.7017,1726.00,29.44,11.50
BKF,2026-06-20 23:58,-104.7517,39.7017,1726.00,29.61,11.11
BKF,2026-06-21 00:58,-104.7517,39.7017,1726.00,29.44,11.00
BKF,2026-06-21 01:58,-104.7517,39.7017,1726.00,28.89,9.44
BKF,2026-06-21 02:58,-104.7517,39.7017,1726.00,24.61,9.72
BKF,2026-06-21 03:58,-104.7517,39.7017,1726.00,19.28,15.00
BKF,2026-06-21 04:58,-104.7517,39.7017,1726.00,17.89,14.61
BKF,2026-06-21 05:58,-104.7517,39.7017,1726.00,17.39,14.11
BKF,2026-06-21 06:58,-104.7517,39.7017,1726.00,17.22,14.11
BKF,2026-06-21 07:58,-104.7517,39.7017,1726.00,16.89,13.89
BKF,2026-06-21 08:58,-104.7517,39.7017,1726.00,17.22,13.89
BKF,2026-06-21 09:58,-104.7517,39.7017,1726.00,14.72,12.39
BKF,2026-06-21 10:58,-104.7517,39.7017,1726.00,14.44,12.22
BKF,2026-06-21 11:58,-104.7517,39.7017,1726.00,15.28,13.11
BKF,2026-06-21 12:58,-104.7517,39.7017,1726.00,16.28,14.11
BKF,2026-06-21 13:58,-104.7517,39.7017,1726.00,19.72,12.22
BKF,2026-06-21 14:58,-104.7517,39.7017,1726.00,22.00,11.39
BKF,2026-06-21 15:58,-104.7517,39.7017,1726.00,25.78,6.89
BKF,2026-06-21 16:58,-104.7517,39.7017,1726.00,27.78,1.28
BKF,2026-06-21 17:58,-104.7517,39.7017,1726.00,29.00,-0.28
BKF,2026-06-21 18:58,-104.7517,39.7017,1726.00,30.72,-0.89
BKF,2026-06-21 19:58,-104.7517,39.7017,1726.00,28.89,-2.39
BKF,2026-06-21 20:58,-104.7517,39.7017,1726.00,30.00,-2.39
BKF,2026-06-21 21:58,-104.7517,39.7017,1726.00,30.00,-1.50
BKF,2026-06-21 22:58,-104.7517,39.7017,1726.00,29.78,-1.67
BKF,2026-06-21 23:58,-104.7517,39.7017,1726.00,28.89,-2.39
BKF,2026-06-22 00:58,-104.7517,39.7017,1726.00,25.00,5.28
BKF,2026-06-22 01:58,-104.7517,39.7017,1726.00,23.72,5.56
BKF,2026-06-22 02:58,-104.7517,39.7017,1726.00,19.72,7.78
BKF,2026-06-22 03:58,-104.7517,39.7017,1726.00,16.39,11.67
BKF,2026-06-22 04:58,-104.7517,39.7017,1726.00,16.39,12.22
BKF,2026-06-22 05:58,-104.7517,39.7017,1726.00,16.39,12.22
BKF,2026-06-22 06:58,-104.7517,39.7017,1726.00,15.00,11.89
BKF,2026-06-22 07:58,-104.7517,39.7017,1726.00,14.11,11.28
BKF,2026-06-22 08:58,-104.7517,39.7017,1726.00,12.78,10.78
BKF,2026-06-22 09:58,-104.7517,39.7017,1726.00,12.39,10.56
BKF,2026-06-22 10:58,-104.7517,39.7017,1726.00,12.78,10.72
BKF,2026-06-22 11:58,-104.7517,39.7017,1726.00,13.50,10.56
BKF,2026-06-22 13:58,-104.7517,39.7017,1726.00,18.72,12.00
BKF,2026-06-22 14:58,-104.7517,39.7017,1726.00,20.78,8.72
BKF,2026-06-22 15:58,-104.7517,39.7017,1726.00,24.61,7.22
BKF,2026-06-22 16:58,-104.7517,39.7017,1726.00,26.39,3.61
BKF,2026-06-22 17:58,-104.7517,39.7017,1726.00,27.61,10.00
BKF,2026-06-22 18:58,-104.7517,39.7017,1726.00,28.50,9.72
BKF,2026-06-22 19:58,-104.7517,39.7017,1726.00,29.44,7.22
BKF,2026-06-22 20:58,-104.7517,39.7017,1726.00,30.56,0.00
BKF,2026-06-22 21:58,-104.7517,39.7017,1726.00,31.67,0.89
BKF,2026-06-22 22:58,-104.7517,39.7017,1726.00,31.11,0.56
BKF,2026-06-22 23:58,-104.7517,39.7017,1726.00,31.67,0.89
BKF,2026-06-23 00:58,-104.7517,39.7017,1726.00,29.78,5.00
BKF,2026-06-23 01:58,-104.7517,39.7017,1726.00,27.78,10.39
BKF,2026-06-23 02:58,-104.7517,39.7017,1726.00,25.56,9.28
BKF,2026-06-23 03:58,-104.7517,39.7017,1726.00,24.28,8.72
BKF,2026-06-23 04:58,-104.7517,39.7017,1726.00,23.11,8.89
BKF,2026-06-23 05:58,-104.7517,39.7017,1726.00,20.22,9.72
BKF,2026-06-23 06:58,-104.7517,39.7017,1726.00,19.78,13.72
BKF,2026-06-23 07:58,-104.7517,39.7017,1726.00,18.89,13.50
BKF,2026-06-23 08:58,-104.7517,39.7017,1726.00,18.50,13.33
BKF,2026-06-23 09:58,-104.7517,39.7017,1726.00,16.00,11.67
BKF,2026-06-23 10:58,-104.7517,39.7017,1726.00,15.22,11.11
BKF,2026-06-23 11:58,-104.7517,39.7017,1726.00,15.28,11.89
BKF,2026-06-23 12:58,-104.7517,39.7017,1726.00,15.89,12.39
BKF,2026-06-23 13:58,-104.7517,39.7017,1726.00,17.22,12.61
BKF,2026-06-23 14:58,-104.7517,39.7017,1726.00,17.61,12.50
BKF,2026-06-23 15:58,-104.7517,39.7017,1726.00,20.78,12.00
BKF,2026-06-23 16:58,-104.7517,39.7017,1726.00,22.39,11.11
BKF,2026-06-23 17:58,-104.7517,39.7017,1726.00,23.50,10.89
BKF,2026-06-23 18:58,-104.7517,39.7017,1726.00,25.56,10.89
BKF,2026-06-23 19:58,-104.7517,39.7017,1726.00,26.67,11.11
BKF,2026-06-23 20:58,-104.7517,39.7017,1726.00,27.11,10.72
BKF,2026-06-23 21:58,-104.7517,39.7017,1726.00,27.78,10.89
BKF,2026-06-23 22:58,-104.7517,39.7017,1726.00,27.39,11.00
BKF,2026-06-23 23:58,-104.7517,39.7017,1726.00,27.61,11.11
BKF,2026-06-24 00:58,-104.7517,39.7017,1726.00,26.67,12.61
BKF,2026-06-24 01:58,-104.7517,39.7017,1726.00,24.44,15.56
BKF,2026-06-24 02:58,-104.7517,39.7017,1726.00,22.39,14.22
BKF,2026-06-24 03:58,-104.7517,39.7017,1726.00,21.11,13.89
BKF,2026-06-24 04:58,-104.7517,39.7017,1726.00,20.56,13.00
BKF,2026-06-24 05:58,-104.7517,39.7017,1726.00,19.28,13.50
BKF,2026-06-24 06:58,-104.7517,39.7017,1726.00,17.39,15.22
BKF,2026-06-24 07:58,-104.7517,39.7017,1726.00,18.33,15.22
BKF,2026-06-24 08:58,-104.7517,39.7017,1726.00,17.22,15.22
BKF,2026-06-24 09:58,-104.7517,39.7017,1726.00,16.11,14.44
BKF,2026-06-24 10:58,-104.7517,39.7017,1726.00,16.11,14.44
BKF,2026-06-24 11:58,-104.7517,39.7017,1726.00,16.67,14.78
BKF,2026-06-24 12:58,-104.7517,39.7017,1726.00,17.50,14.78
BKF,2026-06-24 13:58,-104.7517,39.7017,1726.00,20.00,13.89
BKF,2026-06-24 14:58,-104.7517,39.7017,1726.00,21.28,14.00
BKF,2026-06-24 15:58,-104.7517,39.7017,1726.00,23.61,13.33
BKF,2026-06-24 16:58,-104.7517,39.7017,1726.00,25.78,13.61
BKF,2026-06-24 17:58,-104.7517,39.7017,1726.00,26.67,14.44
BKF,2026-06-24 18:58,-104.7517,39.7017,1726.00,28.11,14.28
BKF,2026-06-24 19:58,-104.7517,39.7017,1726.00,29.44,14.44
BKF,2026-06-24 20:58,-104.7517,39.7017,1726.00,30.39,14.00
BKF,2026-06-24 21:58,-104.7517,39.7017,1726.00,29.61,12.11
BKF,2026-06-24 22:58,-104.7517,39.7017,1726.00,27.61,15.00
BKF,2026-06-24 23:58,-104.7517,39.7017,1726.00,26.67,15.00
BKF,2026-06-25 00:58,-104.7517,39.7017,1726.00,26.67,14.72
BKF,2026-06-25 01:58,-104.7517,39.7017,1726.00,24.44,15.28
BKF,2026-06-25 02:58,-104.7517,39.7017,1726.00,21.11,13.61
BKF,2026-06-25 03:58,-104.7517,39.7017,1726.00,20.56,13.50
BKF,2026-06-25 04:58,-104.7517,39.7017,1726.00,18.89,13.61
BKF,2026-06-25 05:58,-104.7517,39.7017,1726.00,14.44,12.61
BKF,2026-06-25 06:58,-104.7517,39.7017,1726.00,15.28,13.72
BKF,2026-06-25 07:58,-104.7517,39.7017,1726.00,15.39,12.89
BKF,2026-06-25 08:58,-104.7517,39.7017,1726.00,15.00,13.33
BKF,2026-06-25 09:58,-104.7517,39.7017,1726.00,15.56,13.33
BKF,2026-06-25 10:58,-104.7517,39.7017,1726.00,15.22,12.22
BKF,2026-06-25 11:58,-104.7517,39.7017,1726.00,15.00,12.50
BKF,2026-06-25 12:58,-104.7517,39.7017,1726.00,15.28,13.89
BKF,2026-06-25 13:58,-104.7517,39.7017,1726.00,15.72,14.22
BKF,2026-06-25 14:58,-104.7517,39.7017,1726.00,16.50,15.22
BKF,2026-06-25 15:58,-104.7517,39.7017,1726.00,17.11,15.00
BKF,2026-06-25 16:58,-104.7517,39.7017,1726.00,17.61,13.89
BKF,2026-06-25 17:58,-104.7517,39.7017,1726.00,18.89,14.28
BKF,2026-06-25 18:58,-104.7517,39.7017,1726.00,21.11,13.89
BKF,2026-06-25 19:58,-104.7517,39.7017,1726.00,22.11,13.22
BKF,2026-06-25 20:58,-104.7517,39.7017,1726.00,23.61,12.89
BKF,2026-06-25 21:58,-104.7517,39.7017,1726.00,23.89,11.78
BKF,2026-06-25 22:58,-104.7517,39.7017,1726.00,25.00,12.22
BKF,2026-06-25 23:58,-104.7517,39.7017,1726.00,24.22,11.50
BKF,2026-06-26 00:58,-104.7517,39.7017,1726.00,23.22,11.67
BKF,2026-06-26 01:58,-104.7517,39.7017,1726.00,22.50,13.33
BKF,2026-06-26 02:58,-104.7517,39.7017,1726.00,14.61,9.61
BKF,2026-06-26 03:58,-104.7517,39.7017,1726.00,12.78,10.89
BKF,2026-06-26 04:58,-104.7517,39.7017,1726.00,13.72,11.89
BKF,2026-06-26 05:58,-104.7517,39.7017,1726.00,12.39,10.00
BKF,2026-06-26 06:58,-104.7517,39.7017,1726.00,13.22,10.89
BKF,2026-06-26 07:58,-104.7517,39.7017,1726.00,13.33,9.78
BKF,2026-06-26 08:58,-104.7517,39.7017,1726.00,15.22,10.00
BKF,2026-06-26 09:58,-104.7517,39.7017,1726.00,15.39,10.56
BKF,2026-06-26 10:58,-104.7517,39.7017,1726.00,15.00,10.28
BKF,2026-06-26 11:58,-104.7517,39.7017,1726.00,15.56,11.00
BKF,2026-06-26 12:58,-104.7517,39.7017,1726.00,17.50,11.50
BKF,2026-06-26 13:58,-104.7517,39.7017,1726.00,20.00,11.67
BKF,2026-06-26 14:58,-104.7517,39.7017,1726.00,24.00,11.67
BKF,2026-06-26 15:58,-104.7517,39.7017,1726.00,26.67,10.00
BKF,2026-06-26 16:58,-104.7517,39.7017,1726.00,28.22,6.28
BKF,2026-06-26 17:58,-104.7517,39.7017,1726.00,29.44,5.00
BKF,2026-06-26 18:58,-104.7517,39.7017,1726.00,28.72,4.22
BKF,2026-06-26 19:58,-104.7517,39.7017,1726.00,31.39,4.22
BKF,2026-06-26 20:58,-104.7517,39.7017,1726.00,28.11,6.11
BKF,2026-06-26 21:58,-104.7517,39.7017,1726.00,30.22,6.78
BKF,2026-06-26 22:58,-104.7517,39.7017,1726.00,27.61,7.39
BKF,2026-06-26 23:58,-104.7517,39.7017,1726.00,29.72,4.28
BKF,2026-06-27 00:58,-104.7517,39.7017,1726.00,28.00,8.89
BKF,2026-06-27 01:58,-104.7517,39.7017,1726.00,25.39,8.33
BKF,2026-06-27 02:58,-104.7517,39.7017,1726.00,23.72,8.50
BKF,2026-06-27 03:58,-104.7517,39.7017,1726.00,21.89,8.33
BKF,2026-06-27 04:58,-104.7517,39.7017,1726.00,21.00,12.11
BKF,2026-06-27 05:58,-104.7517,39.7017,1726.00,21.11,10.56
BKF,2026-06-27 06:58,-104.7517,39.7017,1726.00,20.56,11.00
BKF,2026-06-27 07:58,-104.7517,39.7017,1726.00,20.00,11.89
BKF,2026-06-27 08:58,-104.7517,39.7017,1726.00,18.72,11.50
BKF,2026-06-27 09:58,-104.7517,39.7017,1726.00,18.72,9.72
BKF,2026-06-27 10:58,-104.7517,39.7017,1726.00,19.78,6.89
BKF,2026-06-27 11:58,-104.7517,39.7017,1726.00,19.44,5.39
BKF,2026-06-27 12:58,-104.7517,39.7017,1726.00,19.11,5.56
BKF,2026-06-27 13:58,-104.7517,39.7017,1726.00,24.72,4.44
BKF,2026-06-27 14:58,-104.7517,39.7017,1726.00,27.50,3.22
BKF,2026-06-27 15:58,-104.7517,39.7017,1726.00,29.28,0.89
BKF,2026-06-27 16:58,-104.7517,39.7017,1726.00,30.39,1.67
BKF,2026-06-27 17:58,-104.7517,39.7017,1726.00,32.11,-2.11
BKF,2026-06-27 18:58,-104.7517,39.7017,1726.00,33.22,-2.50
BKF,2026-06-27 19:58,-104.7517,39.7017,1726.00,34.22,-0.56
BKF,2026-06-27 20:58,-104.7517,39.7017,1726.00,34.61,-1.50
BKF,2026-06-27 21:58,-104.7517,39.7017,1726.00,36.11,-7.11
BKF,2026-06-27 22:58,-104.7517,39.7017,1726.00,35.56,-10.00
BKF,2026-06-27 23:58,-104.7517,39.7017,1726.00,35.22,-10.00
BKF,2026-06-28 00:58,-104.7517,39.7017,1726.00,34.22,-6.50
BKF,2026-06-28 01:58,-104.7517,39.7017,1726.00,32.22,-6.11
BKF,2026-06-28 02:58,-104.7517,39.7017,1726.00,27.89,-7.89
BKF,2026-06-28 03:58,-104.7517,39.7017,1726.00,27.50,-5.56
BKF,2026-06-28 04:58,-104.7517,39.7017,1726.00,22.50,-2.22
BKF,2026-06-28 05:58,-104.7517,39.7017,1726.00,21.11,-2.11
BKF,2026-06-28 06:58,-104.7517,39.7017,1726.00,20.22,-3.50
BKF,2026-06-28 07:58,-104.7517,39.7017,1726.00,19.00,-2.00
BKF,2026-06-28 08:58,-104.7517,39.7017,1726.00,16.28,2.22
BKF,2026-06-28 09:58,-104.7517,39.7017,1726.00,14.11,1.67
BKF,2026-06-28 10:58,-104.7517,39.7017,1726.00,16.11,3.89
BKF,2026-06-28 11:58,-104.7517,39.7017,1726.00,12.78,3.33
BKF,2026-06-28 12:58,-104.7517,39.7017,1726.00,15.56,3.11
BKF,2026-06-28 13:58,-104.7517,39.7017,1726.00,18.11,2.39
BKF,2026-06-28 14:58,-104.7517,39.7017,1726.00,20.72,2.50
BKF,2026-06-28 15:58,-104.7517,39.7017,1726.00,22.50,2.61
BKF,2026-06-28 16:58,-104.7517,39.7017,1726.00,24.72,2.78
BKF,2026-06-28 17:58,-104.7517,39.7017,1726.00,26.11,2.78
BKF,2026-06-28 18:58,-104.7517,39.7017,1726.00,27.78,2.78
BKF,2026-06-28 19:58,-104.7517,39.7017,1726.00,30.56,1.00
BKF,2026-06-28 20:58,-104.7517,39.7017,1726.00,33.22,0.00
BKF,2026-06-28 21:58,-104.7517,39.7017,1726.00,33.22,-1.11
BKF,2026-06-28 22:58,-104.7517,39.7017,1726.00,34.44,-4.61
BKF,2026-06-28 23:58,-104.7517,39.7017,1726.00,32.11,1.11
BKF,2026-06-29 00:58,-104.7517,39.7017,1726.00,29.44,3.33
BKF,2026-06-29 01:58,-104.7517,39.7017,1726.00,26.67,4.44
BKF,2026-06-29 02:58,-104.7517,39.7017,1726.00,24.44,4.22
BKF,2026-06-29 03:58,-104.7517,39.7017,1726.00,23.22,4.72
BKF,2026-06-29 04:58,-104.7517,39.7017,1726.00,21.67,5.00
BKF,2026-06-29 05:58,-104.7517,39.7017,1726.00,21.28,5.22
BKF,2026-06-29 06:58,-104.7517,39.7017,1726.00,19.22,5.28
BKF,2026-06-29 07:58,-104.7517,39.7017,1726.00,17.22,5.22
BKF,2026-06-29 08:58,-104.7517,39.7017,1726.00,15.39,2.50
BKF,2026-06-29 09:58,-104.7517,39.7017,1726.00,16.00,1.67
BKF,2026-06-29 10:58,-104.7517,39.7017,1726.00,15.00,1.78
BKF,2026-06-29 11:58,-104.7517,39.7017,1726.00,13.72,2.61
BKF,2026-06-29 12:58,-104.7517,39.7017,1726.00,17.78,0.78
BKF,2026-06-29 13:58,-104.7517,39.7017,1726.00,19.22,1.11
BKF,2026-06-29 14:58,-104.7517,39.7017,1726.00,21.67,1.28
BKF,2026-06-29 15:58,-104.7517,39.7017,1726.00,24.00,1.00
BKF,2026-06-29 16:58,-104.7517,39.7017,1726.00,26.11,0.00
BKF,2026-06-29 17:58,-104.7517,39.7017,1726.00,30.28,-13.61
BKF,2026-06-29 18:58,-104.7517,39.7017,1726.00,31.11,-8.89
BKF,2026-06-29 19:58,-104.7517,39.7017,1726.00,30.39,-4.72
BKF,2026-06-29 20:58,-104.7517,39.7017,1726.00,31.00,-5.56
BKF,2026-06-29 21:58,-104.7517,39.7017,1726.00,31.67,-3.89
BKF,2026-06-29 22:58,-104.7517,39.7017,1726.00,31.11,-2.89
BKF,2026-06-29 23:58,-104.7517,39.7017,1726.00,30.00,-3.61
BKF,2026-06-30 00:58,-104.7517,39.7017,1726.00,29.22,-4.28
BKF,2026-06-30 01:58,-104.7517,39.7017,1726.00,26.50,-0.56
BKF,2026-06-30 03:58,-104.7517,39.7017,1726.00,19.28,1.28
BKF,2026-06-30 04:58,-104.7517,39.7017,1726.00,19.00,0.56
BKF,2026-06-30 05:58,-104.7517,39.7017,1726.00,19.11,1.11
BKF,2026-06-30 06:58,-104.7517,39.7017,1726.00,15.89,2.00
BKF,2026-06-30 07:58,-104.7517,39.7017,1726.00,14.72,2.89
BKF,2026-06-30 08:58,-104.7517,39.7017,1726.00,17.39,4.72
BKF,2026-06-30 09:58,-104.7517,39.7017,1726.00,14.61,4.61
BKF,2026-06-30 10:58,-104.7517,39.7017,1726.00,14.22,3.89
BKF,2026-06-30 11:58,-104.7517,39.7017,1726.00,15.39,5.89
BKF,2026-06-30 12:58,-104.7517,39.7017,1726.00,17.00,5.00
BKF,2026-06-30 13:58,-104.7517,39.7017,1726.00,20.22,5.39
BKF,2026-06-30 14:58,-104.7517,39.7017,1726.00,24.22,-2.39
BKF,2026-06-30 15:58,-104.7517,39.7017,1726.00,26.50,1.00
BKF,2026-06-30 16:58,-104.7517,39.7017,1726.00,27.39,1.00
BKF,2026-06-30 17:58,-104.7517,39.7017,1726.00,29.44,1.89
BKF,2026-06-30 18:58,-104.7517,39.7017,1726.00,31.78,0.00
BKF,2026-06-30 19:58,-104.7517,39.7017,1726.00,32.50,0.56
BKF,2026-06-30 20:58,-104.7517,39.7017,1726.00,32.89,-1.50
BKF,2026-06-30 21:58,-104.7517,39.7017,1726.00,30.28,-0.22
BKF,2026-06-30 22:58,-104.7517,39.7017,1726.00,29.28,0.89
BKF,2026-06-30 23:58,-104.7517,39.7017,1726.00,28.72,2.00
BKF,2026-07-01 00:58,-104.7517,39.7017,1726.00,25.89,3.89
BKF,2026-07-01 01:58,-104.7517,39.7017,1726.00,22.78,3.33
BKF,2026-07-01 02:58,-104.7517,39.7017,1726.00,20.00,6.67
BKF,2026-07-01 03:58,-104.7517,39.7017,1726.00,17.22,7.11
BKF,2026-07-01 04:58,-104.7517,39.7017,1726.00,15.56,8.72
BKF,2026-07-01 05:58,-104.7517,39.7017,1726.00,13.50,8.50
BKF,2026-07-01 06:58,-104.7517,39.7017,1726.00,13.61,8.89
BKF,2026-07-01 07:58,-104.7517,39.7017,1726.00,12.22,8.22
BKF,2026-07-01 08:58,-104.7517,39.7017,1726.00,13.11,8.33
BKF,2026-07-01 09:58,-104.7517,39.7017,1726.00,13.61,9.78
BKF,2026-07-01 10:58,-104.7517,39.7017,1726.00,14.28,10.28
BKF,2026-07-01 11:58,-104.7517,39.7017,1726.00,13.72,10.00
BKF,2026-07-01 12:58,-104.7517,39.7017,1726.00,15.00,8.61
BKF,2026-07-01 13:58,-104.7517,39.7017,1726.00,19.44,5.00
BKF,2026-07-01 14:58,-104.7517,39.7017,1726.00,22.11,3.22
BKF,2026-07-01 15:58,-104.7517,39.7017,1726.00,24.78,1.67
BKF,2026-07-01 16:58,-104.7517,39.7017,1726.00,26.67,-2.11
BKF,2026-07-01 17:58,-104.7517,39.7017,1726.00,28.72,-3.50
BKF,2026-07-01 18:58,-104.7517,39.7017,1726.00,30.28,-4.72
BKF,2026-07-01 19:58,-104.7517,39.7017,1726.00,31.11,-4.11
BKF,2026-07-01 20:58,-104.7517,39.7017,1726.00,31.67,-2.39
BKF,2026-07-01 21:58,-104.7517,39.7017,1726.00,31.39,-2.61
BKF,2026-07-01 22:58,-104.7517,39.7017,1726.00,32.00,-3.33
BKF,2026-07-01 23:58,-104.7517,39.7017,1726.00,31.28,-1.50
BKF,2026-07-02 00:58,-104.7517,39.7017,1726.00,28.33,3.33
BKF,2026-07-02 01:58,-104.7517,39.7017,1726.00,26.89,5.78
BKF,2026-07-02 02:58,-104.7517,39.7017,1726.00,25.00,7.11
BKF,2026-07-02 03:58,-104.7517,39.7017,1726.00,22.61,7.22
BKF,2026-07-02 04:58,-104.7517,39.7017,1726.00,20.89,7.11
BKF,2026-07-02 05:58,-104.7517,39.7017,1726.00,19.11,7.50
BKF,2026-07-02 06:58,-104.7517,39.7017,1726.00,17.50,7.78
BKF,2026-07-02 07:58,-104.7517,39.7017,1726.00,16.39,7.61
BKF,2026-07-02 08:58,-104.7517,39.7017,1726.00,15.72,8.72
BKF,2026-07-02 09:58,-104.7517,39.7017,1726.00,14.44,11.11
BKF,2026-07-02 10:58,-104.7517,39.7017,1726.00,12.78,9.44
BKF,2026-07-02 11:58,-104.7517,39.7017,1726.00,11.67,8.11
BKF,2026-07-02 12:58,-104.7517,39.7017,1726.00,15.00,9.00
BKF,2026-07-02 13:58,-104.7517,39.7017,1726.00,16.67,8.89
BKF,2026-07-02 14:58,-104.7517,39.7017,1726.00,18.50,10.00
BKF,2026-07-02 15:58,-104.7517,39.7017,1726.00,20.00,10.00
BKF,2026-07-02 16:58,-104.7517,39.7017,1726.00,22.22,10.28
BKF,2026-07-02 17:58,-104.7517,39.7017,1726.00,25.39,9.61
BKF,2026-07-02 18:58,-104.7517,39.7017,1726.00,30.00,7.89
BKF,2026-07-02 19:58,-104.7517,39.7017,1726.00,31.11,4.00
BKF,2026-07-02 20:58,-104.7517,39.7017,1726.00,31.28,1.67
BKF,2026-07-02 21:58,-104.7517,39.7017,1726.00,29.72,2.78
BKF,2026-07-02 22:58,-104.7517,39.7017,1726.00,31.11,2.39
BKF,2026-07-02 23:58,-104.7517,39.7017,1726.00,28.89,2.11
BKF,2026-07-03 00:58,-104.7517,39.7017,1726.00,28.61,1.11
BKF,2026-07-03 01:58,-104.7517,39.7017,1726.00,26.67,-0.56
BKF,2026-07-03 02:58,-104.7517,39.7017,1726.00,22.50,5.78
BKF,2026-07-03 03:58,-104.7517,39.7017,1726.00,20.39,4.78
BKF,2026-07-03 04:58,-104.7517,39.7017,1726.00,19.72,4.22
BKF,2026-07-03 05:58,-104.7517,39.7017,1726.00,21.39,4.00
BKF,2026-07-03 06:58,-104.7517,39.7017,1726.00,20.22,2.11
BKF,2026-07-03 07:58,-104.7517,39.7017,1726.00,16.67,2.78
BKF,2026-07-03 08:58,-104.7517,39.7017,1726.00,17.89,6.11
BKF,2026-07-03 09:58,-104.7517,39.7017,1726.00,16.11,5.78
BKF,2026-07-03 10:58,-104.7517,39.7017,1726.00,16.11,4.22
BKF,2026-07-03 11:58,-104.7517,39.7017,1726.00,14.78,3.33
BKF,2026-07-03 12:58,-104.7517,39.7017,1726.00,17.50,4.78
BKF,2026-07-03 13:58,-104.7517,39.7017,1726.00,20.78,4.78
BKF,2026-07-03 14:58,-104.7517,39.7017,1726.00,22.39,4.44
BKF,2026-07-03 15:58,-104.7517,39.7017,1726.00,23.72,5.00
BKF,2026-07-03 16:58,-104.7517,39.7017,1726.00,26.00,4.44
BKF,2026-07-03 17:58,-104.7517,39.7017,1726.00,27.50,3.22
BKF,2026-07-03 18:58,-104.7517,39.7017,1726.00,29.00,1.50
BKF,2026-07-03 19:58,-104.7517,39.7017,1726.00,31.28,-4.00
BKF,2026-07-03 20:58,-104.7517,39.7017,1726.00,31.39,-6.78
BKF,2026-07-03 21:58,-104.7517,39.7017,1726.00,33.11,1.00
BKF,2026-07-03 22:58,-104.7517,39.7017,1726.00,31.67,0.00
BKF,2026-07-03 23:58,-104.7517,39.7017,1726.00,31.67,-0.22
BKF,2026-07-04 00:58,-104.7517,39.7017,1726.00,29.28,0.00
BKF,2026-07-04 01:58,-104.7517,39.7017,1726.00,25.89,5.56
BKF,2026-07-04 02:58,-104.7517,39.7017,1726.00,23.33,4.78
BKF,2026-07-04 03:58,-104.7517,39.7017,1726.00,22.00,5.39
BKF,2026-07-04 04:58,-104.7517,39.7017,1726.00,20.28,3.89
BKF,2026-07-04 05:58,-104.7517,39.7017,1726.00,18.89,4.22
BKF,2026-07-04 06:58,-104.7517,39.7017,1726.00,19.72,10.39
BKF,2026-07-04 07:58,-104.7517,39.7017,1726.00,17.11,9.78
BKF,2026-07-04 08:58,-104.7517,39.7017,1726.00,16.00,9.22
BKF,2026-07-04 09:58,-104.7517,39.7017,1726.00,16.11,9.11
BKF,2026-07-04 10:58,-104.7517,39.7017,1726.00,15.56,8.22
BKF,2026-07-04 11:58,-104.7517,39.7017,1726.00,15.22,7.50
BKF,2026-07-04 12:58,-104.7517,39.7017,1726.00,18.11,11.39
BKF,2026-07-04 13:58,-104.7517,39.7017,1726.00,22.00,12.78
BKF,2026-07-04 14:58,-104.7517,39.7017,1726.00,23.89,10.56
BKF,2026-07-04 15:58,-104.7517,39.7017,1726.00,26.67,9.44
BKF,2026-07-04 16:58,-104.7517,39.7017,1726.00,27.78,7.00
BKF,2026-07-04 17:58,-104.7517,39.7017,1726.00,29.72,5.00
BKF,2026-07-04 18:58,-104.7517,39.7017,1726.00,29.28,2.50
BKF,2026-07-04 19:58,-104.7517,39.7017,1726.00,30.72,-3.22
BKF,2026-07-04 20:58,-104.7517,39.7017,1726.00,30.39,0.00
BKF,2026-07-04 21:58,-104.7517,39.7017,1726.00,31.11,1.50
BKF,2026-07-04 22:58,-104.7517,39.7017,1726.00,31.39,-0.39
BKF,2026-07-04 23:58,-104.7517,39.7017,1726.00,29.61,-1.78
BKF,2026-07-05 00:58,-104.7517,39.7017,1726.00,26.67,1.78
BKF,2026-07-05 01:58,-104.7517,39.7017,1726.00,26.78,4.44
BKF,2026-07-05 02:58,-104.7517,39.7017,1726.00,24.44,2.50
BKF,2026-07-05 03:58,-104.7517,39.7017,1726.00,22.11,1.11
BKF,2026-07-05 04:58,-104.7517,39.7017,1726.00,21.67,4.22
BKF,2026-07-05 05:58,-104.7517,39.7017,1726.00,21.50,5.00
BKF,2026-07-05 06:58,-104.7517,39.7017,1726.00,21.28,5.56
BKF,2026-07-05 07:58,-104.7517,39.7017,1726.00,20.56,6.39
BKF,2026-07-05 08:58,-104.7517,39.7017,1726.00,19.11,5.89
BKF,2026-07-05 09:58,-104.7517,39.7017,1726.00,17.89,5.78
BKF,2026-07-05 10:58,-104.7517,39.7017,1726.00,19.00,5.78
BKF,2026-07-05 11:58,-104.7517,39.7017,1726.00,16.89,5.56
BKF,2026-07-05 12:58,-104.7517,39.7017,1726.00,21.11,7.22
BKF,2026-07-05 13:58,-104.7517,39.7017,1726.00,23.61,7.22
BKF,2026-07-05 14:58,-104.7517,39.7017,1726.00,26.89,7.22
BKF,2026-07-05 15:58,-104.7517,39.7017,1726.00,29.00,6.39
BKF,2026-07-05 16:58,-104.7517,39.7017,1726.00,30.78,3.72
BKF,2026-07-05 17:58,-104.7517,39.7017,1726.00,32.89,-1.50
BKF,2026-07-05 18:58,-104.7517,39.7017,1726.00,32.89,-4.22
BKF,2026-07-05 19:58,-104.7517,39.7017,1726.00,34.44,-6.39
BKF,2026-07-05 20:58,-104.7517,39.7017,1726.00,34.28,-4.72
BKF,2026-07-05 21:58,-104.7517,39.7017,1726.00,34.72,-6.11
BKF,2026-07-05 22:58,-104.7517,39.7017,1726.00,33.22,-1.11
BKF,2026-07-05 23:58,-104.7517,39.7017,1726.00,33.89,-0.72
BKF,2026-07-06 00:58,-104.7517,39.7017,1726.00,32.00,0.00
BKF,2026-07-06 01:58,-104.7517,39.7017,1726.00,29.28,0.00
BKF,2026-07-06 02:58,-104.7517,39.7017,1726.00,28.11,2.22
BKF,2026-07-06 03:58,-104.7517,39.7017,1726.00,24.28,1.78
BKF,2026-07-06 04:58,-104.7517,39.7017,1726.00,24.44,2.50
BKF,2026-07-06 05:58,-104.7517,39.7017,1726.00,24.28,3.61
BKF,2026-07-06 06:58,-104.7517,39.7017,1726.00,23.11,3.61
BKF,2026-07-06 07:58,-104.7517,39.7017,1726.00,22.22,3.33
BKF,2026-07-06 08:58,-104.7517,39.7017,1726.00,22.00,3.61
BKF,2026-07-06 09:58,-104.7517,39.7017,1726.00,21.39,3.61
BKF,2026-07-06 10:58,-104.7517,39.7017,1726.00,21.67,2.89
BKF,2026-07-06 11:58,-104.7517,39.7017,1726.00,21.67,2.78
BKF,2026-07-06 12:58,-104.7517,39.7017,1726.00,21.89,3.50
BKF,2026-07-06 13:58,-104.7517,39.7017,1726.00,23.50,2.22
BKF,2026-07-06 14:58,-104.7517,39.7017,1726.00,28.33,3.89
BKF,2026-07-06 15:58,-104.7517,39.7017,1726.00,31.00,1.28
BKF,2026-07-06 16:58,-104.7517,39.7017,1726.00,32.61,-0.56
BKF,2026-07-06 17:58,-104.7517,39.7017,1726.00,33.89,-2.11
BKF,2026-07-06 18:58,-104.7517,39.7017,1726.00,35.39,-2.22
BKF,2026-07-06 19:58,-104.7517,39.7017,1726.00,35.28,-2.39
BKF,2026-07-06 20:58,-104.7517,39.7017,1726.00,32.89,-1.50
BKF,2026-07-06 21:58,-104.7517,39.7017,1726.00,31.39,0.72
BKF,2026-07-06 22:50,-104.7517,39.7017,1726.00,29.00,4.00
BKF,2026-07-06 23:58,-104.7517,39.7017,1726.00,32.00,-1.00
BKF,2026-07-07 00:58,-104.7517,39.7017,1726.00,31.00,-0.72
BKF,2026-07-07 01:58,-104.7517,39.7017,1726.00,29.44,0.00
BKF,2026-07-07 02:58,-104.7517,39.7017,1726.00,28.00,2.22
BKF,2026-07-07 03:58,-104.7517,39.7017,1726.00,27.22,1.67
BKF,2026-07-07 04:58,-104.7517,39.7017,1726.00,24.72,2.22
BKF,2026-07-07 05:58,-104.7517,39.7017,1726.00,24.61,5.89
BKF,2026-07-07 06:58,-104.7517,39.7017,1726.00,23.61,6.39
BKF,2026-07-07 07:58,-104.7517,39.7017,1726.00,23.11,8.89
BKF,2026-07-07 08:58,-104.7517,39.7017,1726.00,22.22,8.72
BKF,2026-07-07 09:58,-104.7517,39.7017,1726.00,22.00,8.11
BKF,2026-07-07 10:58,-104.7517,39.7017,1726.00,21.39,7.89
BKF,2026-07-07 11:58,-104.7517,39.7017,1726.00,20.56,8.50
BKF,2026-07-07 12:58,-104.7517,39.7017,1726.00,20.28,8.00
BKF,2026-07-07 13:58,-104.7517,39.7017,1726.00,22.11,6.67
BKF,2026-07-07 14:58,-104.7517,39.7017,1726.00,25.89,7.00
BKF,2026-07-07 15:58,-104.7517,39.7017,1726.00,28.22,6.28
BKF,2026-07-07 16:58,-104.7517,39.7017,1726.00,31.39,5.00
BKF,2026-07-07 17:58,-104.7517,39.7017,1726.00,34.22,0.72
BKF,2026-07-07 18:58,-104.7517,39.7017,1726.00,36.00,-0.39
BKF,2026-07-07 19:58,-104.7517,39.7017,1726.00,35.78,-2.00
BKF,2026-07-07 20:58,-104.7517,39.7017,1726.00,34.72,1.11
BKF,2026-07-07 21:58,-104.7517,39.7017,1726.00,32.00,1.11
BKF,2026-07-07 22:58,-104.7517,39.7017,1726.00,30.22,4.72
BKF,2026-07-07 23:58,-104.7517,39.7017,1726.00,30.72,5.00
BKF,2026-07-08 00:58,-104.7517,39.7017,1726.00,28.89,5.56
BKF,2026-07-08 01:58,-104.7517,39.7017,1726.00,27.22,6.67
BKF,2026-07-08 02:58,-104.7517,39.7017,1726.00,25.56,6.11
BKF,2026-07-08 03:58,-104.7517,39.7017,1726.00,24.44,7.22
BKF,2026-07-08 04:58,-104.7517,39.7017,1726.00,24.22,6.89
BKF,2026-07-08 05:58,-104.7517,39.7017,1726.00,22.78,6.50
BKF,2026-07-08 06:58,-104.7517,39.7017,1726.00,21.67,7.50
BKF,2026-07-08 07:58,-104.7517,39.7017,1726.00,21.28,7.00
BKF,2026-07-08 08:58,-104.7517,39.7017,1726.00,20.22,7.50
BKF,2026-07-08 09:58,-104.7517,39.7017,1726.00,18.89,7.61
BKF,2026-07-08 10:58,-104.7517,39.7017,1726.00,18.33,8.11
BKF,2026-07-08 11:58,-104.7517,39.7017,1726.00,17.11,8.50
BKF,2026-07-08 12:58,-104.7517,39.7017,1726.00,21.00,8.61
BKF,2026-07-08 13:58,-104.7517,39.7017,1726.00,23.89,8.72
BKF,2026-07-08 14:58,-104.7517,39.7017,1726.00,28.22,6.28
BKF,2026-07-08 15:58,-104.7517,39.7017,1726.00,29.22,5.28
BKF,2026-07-08 16:58,-104.7517,39.7017,1726.00,31.89,4.61
BKF,2026-07-08 17:58,-104.7517,39.7017,1726.00,33.89,2.61
BKF,2026-07-08 18:58,-104.7517,39.7017,1726.00,32.89,2.78
BKF,2026-07-08 19:58,-104.7517,39.7017,1726.00,32.22,0.39
BKF,2026-07-08 20:58,-104.7517,39.7017,1726.00,31.67,0.89
BKF,2026-07-08 21:58,-104.7517,39.7017,1726.00,31.11,0.56
BKF,2026-07-08 22:58,-104.7517,39.7017,1726.00,27.89,4.78
BKF,2026-07-08 23:58,-104.7517,39.7017,1726.00,24.72,9.78
BKF,2026-07-09 00:58,-104.7517,39.7017,1726.00,23.00,9.72
BKF,2026-07-09 01:58,-104.7517,39.7017,1726.00,21.89,12.22
BKF,2026-07-09 02:58,-104.7517,39.7017,1726.00,20.78,11.11
BKF,2026-07-09 03:58,-104.7517,39.7017,1726.00,17.50,10.78
BKF,2026-07-09 04:58,-104.7517,39.7017,1726.00,16.89,11.39
BKF,2026-07-09 05:58,-104.7517,39.7017,1726.00,17.00,11.28
BKF,2026-07-09 06:58,-104.7517,39.7017,1726.00,18.33,11.11
BKF,2026-07-09 07:58,-104.7517,39.7017,1726.00,18.61,11.11
BKF,2026-07-09 08:58,-104.7517,39.7017,1726.00,18.11,11.39
BKF,2026-07-09 09:58,-104.7517,39.7017,1726.00,16.78,11.67
BKF,2026-07-09 10:58,-104.7517,39.7017,1726.00,15.00,10.89
BKF,2026-07-09 11:58,-104.7517,39.7017,1726.00,16.50,11.39
BKF,2026-07-09 13:58,-104.7517,39.7017,1726.00,22.39,9.22
BKF,2026-07-09 14:58,-104.7517,39.7017,1726.00,24.78,7.39
BKF,2026-07-09 15:58,-104.7517,39.7017,1726.00,27.39,5.00
BKF,2026-07-09 16:58,-104.7517,39.7017,1726.00,28.33,7.61
BKF,2026-07-09 17:58,-104.7517,39.7017,1726.00,29.44,5.00
BKF,2026-07-09 18:58,-104.7517,39.7017,1726.00,31.78,1.89
BKF,2026-07-09 19:58,-104.7517,39.7017,1726.00,32.61,2.61
BKF,2026-07-09 20:58,-104.7517,39.7017,1726.00,30.72,3.61
BKF,2026-07-09 21:58,-104.7517,39.7017,1726.00,28.50,3.33
BKF,2026-07-09 22:58,-104.7517,39.7017,1726.00,26.89,5.22
BKF,2026-07-09 23:58,-104.7517,39.7017,1726.00,26.00,6.67
BKF,2026-07-10 00:58,-104.7517,39.7017,1726.00,24.44,5.72
BKF,2026-07-10 01:58,-104.7517,39.7017,1726.00,24.28,3.61
BKF,2026-07-10 02:58,-104.7517,39.7017,1726.00,20.89,5.72
BKF,2026-07-10 03:58,-104.7517,39.7017,1726.00,18.89,7.89
BKF,2026-07-10 04:58,-104.7517,39.7017,1726.00,17.61,7.22
BKF,2026-07-10 05:58,-104.7517,39.7017,1726.00,17.22,6.39
BKF,2026-07-10 06:58,-104.7517,39.7017,1726.00,17.61,7.00
BKF,2026-07-10 07:58,-104.7517,39.7017,1726.00,16.89,8.61
BKF,2026-07-10 08:58,-104.7517,39.7017,1726.00,14.72,6.50
BKF,2026-07-10 09:58,-104.7517,39.7017,1726.00,14.28,6.39
BKF,2026-07-10 10:58,-104.7517,39.7017,1726.00,13.89,6.39
BKF,2026-07-10 11:58,-104.7517,39.7017,1726.00,13.89,6.28
BKF,2026-07-10 12:58,-104.7517,39.7017,1726.00,17.22,7.22
BKF,2026-07-10 13:58,-104.7517,39.7017,1726.00,20.00,5.22
BKF,2026-07-10 14:58,-104.7517,39.7017,1726.00,21.89,5.72
BKF,2026-07-10 15:58,-104.7517,39.7017,1726.00,24.44,5.78
BKF,2026-07-10 16:58,-104.7517,39.7017,1726.00,27.22,4.28
BKF,2026-07-10 17:58,-104.7517,39.7017,1726.00,30.00,4.72
BKF,2026-07-10 18:58,-104.7517,39.7017,1726.00,30.56,3.50
BKF,2026-07-10 19:58,-104.7517,39.7017,1726.00,30.89,3.89
BKF,2026-07-10 20:58,-104.7517,39.7017,1726.00,32.39,4.22
BKF,2026-07-10 21:58,-104.7517,39.7017,1726.00,30.56,5.00
BKF,2026-07-10 22:58,-104.7517,39.7017,1726.00,30.22,6.11
BKF,2026-07-10 23:58,-104.7517,39.7017,1726.00,20.22,11.67
BKF,2026-07-11 00:58,-104.7517,39.7017,1726.00,23.11,12.11
BKF,2026-07-11 01:58,-104.7517,39.7017,1726.00,22.61,9.00
BKF,2026-07-11 02:58,-104.7517,39.7017,1726.00,20.22,11.67
BKF,2026-07-11 03:58,-104.7517,39.7017,1726.00,19.28,10.28
BKF,2026-07-11 04:58,-104.7517,39.7017,1726.00,19.72,9.61
BKF,2026-07-11 05:58,-104.7517,39.7017,1726.00,19.44,9.44
BKF,2026-07-11 06:58,-104.7517,39.7017,1726.00,19.72,8.72
BKF,2026-07-11 07:58,-104.7517,39.7017,1726.00,18.22,8.72
BKF,2026-07-11 08:58,-104.7517,39.7017,1726.00,17.39,8.50
BKF,2026-07-11 09:58,-104.7517,39.7017,1726.00,17.00,8.33
BKF,2026-07-11 10:58,-104.7517,39.7017,1726.00,17.11,8.50
BKF,2026-07-11 11:58,-104.7517,39.7017,1726.00,16.67,8.33
BKF,2026-07-11 12:58,-104.7517,39.7017,1726.00,19.44,8.50
BKF,2026-07-11 13:58,-104.7517,39.7017,1726.00,21.39,8.33
BKF,2026-07-11 14:58,-104.7517,39.7017,1726.00,23.50,7.61
BKF,2026-07-11 15:58,-104.7517,39.7017,1726.00,25.72,7.78
BKF,2026-07-11 16:58,-104.7517,39.7017,1726.00,28.50,7.11
BKF,2026-07-11 17:58,-104.7517,39.7017,1726.00,30.00,7.78
BKF,2026-07-11 18:58,-104.7517,39.7017,1726.00,32.39,5.78
BKF,2026-07-11 19:58,-104.7517,39.7017,1726.00,34.11,2.78
BKF,2026-07-11 20:58,-104.7517,39.7017,1726.00,35.00,0.22
BKF,2026-07-11 21:58,-104.7517,39.7017,1726.00,34.22,-1.78
BKF,2026-07-11 22:58,-104.7517,39.7017,1726.00,35.28,-2.39
BKF,2026-07-11 23:58,-104.7517,39.7017,1726.00,34.22,0.72
BKF,2026-07-12 00:58,-104.7517,39.7017,1726.00,32.78,4.44
BKF,2026-07-12 01:58,-104.7517,39.7017,1726.00,29.78,8.89
BKF,2026-07-12 02:58,-104.7517,39.7017,1726.00,27.78,10.00
BKF,2026-07-12 03:58,-104.7517,39.7017,1726.00,26.39,10.00
BKF,2026-07-12 04:58,-104.7517,39.7017,1726.00,25.28,11.78
BKF,2026-07-12 05:58,-104.7517,39.7017,1726.00,24.22,13.11
BKF,2026-07-12 06:58,-104.7517,39.7017,1726.00,23.33,13.72
BKF,2026-07-12 07:58,-104.7517,39.7017,1726.00,22.50,14.11
BKF,2026-07-12 08:58,-104.7517,39.7017,1726.00,22.00,14.11
BKF,2026-07-12 09:58,-104.7517,39.7017,1726.00,20.78,13.50
BKF,2026-07-12 10:58,-104.7517,39.7017,1726.00,20.00,13.00
BKF,2026-07-12 11:58,-104.7517,39.7017,1726.00,19.44,12.78
BKF,2026-07-12 12:58,-104.7517,39.7017,1726.00,21.28,13.22
BKF,2026-07-12 13:58,-104.7517,39.7017,1726.00,23.89,11.11
BKF,2026-07-12 14:58,-104.7517,39.7017,1726.00,26.67,9.44
BKF,2026-07-12 15:58,-104.7517,39.7017,1726.00,28.50,8.22
BKF,2026-07-12 16:58,-104.7517,39.7017,1726.00,31.11,7.61
BKF,2026-07-12 17:58,-104.7517,39.7017,1726.00,33.33,4.11
BKF,2026-07-12 18:58,-104.7517,39.7017,1726.00,33.72,0.28
BKF,2026-07-12 19:58,-104.7517,39.7017,1726.00,35.00,3.50
BKF,2026-07-12 20:58,-104.7517,39.7017,1726.00,35.56,1.78
BKF,2026-07-12 21:58,-104.7517,39.7017,1726.00,35.72,3.00
BKF,2026-07-12 22:58,-104.7517,39.7017,1726.00,35.00,4.44
BKF,2026-07-12 23:58,-104.7517,39.7017,1726.00,33.00,7.78
BKF,2026-07-13 00:58,-104.7517,39.7017,1726.00,31.89,7.50
BKF,2026-07-13 01:58,-104.7517,39.7017,1726.00,29.44,7.39
BKF,2026-07-13 02:58,-104.7517,39.7017,1726.00,27.11,8.50
BKF,2026-07-13 03:58,-104.7517,39.7017,1726.00,25.56,8.50
BKF,2026-07-13 04:58,-104.7517,39.7017,1726.00,25.00,8.00
BKF,2026-07-13 05:58,-104.7517,39.7017,1726.00,24.22,9.72
BKF,2026-07-13 06:58,-104.7517,39.7017,1726.00,23.22,10.28
BKF,2026-07-13 07:58,-104.7517,39.7017,1726.00,22.22,11.11
BKF,2026-07-13 08:58,-104.7517,39.7017,1726.00,21.78,12.11
BKF,2026-07-13 09:58,-104.7517,39.7017,1726.00,20.28,11.78
BKF,2026-07-13 10:58,-104.7517,39.7017,1726.00,19.78,12.11
BKF,2026-07-13 11:58,-104.7517,39.7017,1726.00,20.00,12.00
BKF,2026-07-13 13:58,-104.7517,39.7017,1726.00,25.39,11.89
BKF,2026-07-13 14:58,-104.7517,39.7017,1726.00,28.33,11.78
BKF,2026-07-13 15:58,-104.7517,39.7017,1726.00,30.22,8.50
BKF,2026-07-13 16:58,-104.7517,39.7017,1726.00,32.11,7.78
BKF,2026-07-13 17:58,-104.7517,39.7017,1726.00,33.61,8.89
BKF,2026-07-13 18:58,-104.7517,39.7017,1726.00,34.22,7.22
BKF,2026-07-13 19:58,-104.7517,39.7017,1726.00,35.78,6.89
BKF,2026-07-13 20:58,-104.7517,39.7017,1726.00,35.89,5.22
BKF,2026-07-13 21:58,-104.7517,39.7017,1726.00,35.78,3.11
BKF,2026-07-13 22:58,-104.7517,39.7017,1726.00,35.72,4.00
BKF,2026-07-13 23:58,-104.7517,39.7017,1726.00,35.00,3.61
BKF,2026-07-14 00:58,-104.7517,39.7017,1726.00,33.33,2.22
BKF,2026-07-14 01:58,-104.7517,39.7017,1726.00,31.00,1.28
BKF,2026-07-14 02:58,-104.7517,39.7017,1726.00,27.78,4.00
BKF,2026-07-14 03:58,-104.7517,39.7017,1726.00,25.72,4.72
BKF,2026-07-14 04:58,-104.7517,39.7017,1726.00,25.28,8.72
BKF,2026-07-14 05:58,-104.7517,39.7017,1726.00,23.72,10.00
BKF,2026-07-14 06:58,-104.7517,39.7017,1726.00,22.61,11.28
BKF,2026-07-14 07:58,-104.7517,39.7017,1726.00,21.67,10.22
BKF,2026-07-14 08:58,-104.7517,39.7017,1726.00,20.89,9.22
BKF,2026-07-14 09:58,-104.7517,39.7017,1726.00,20.56,8.89
BKF,2026-07-14 10:58,-104.7517,39.7017,1726.00,19.78,8.89
BKF,2026-07-14 11:58,-104.7517,39.7017,1726.00,18.72,8.61
BKF,2026-07-14 12:58,-104.7517,39.7017,1726.00,20.56,9.11
BKF,2026-07-14 13:58,-104.7517,39.7017,1726.00,22.78,10.56
BKF,2026-07-14 14:58,-104.7517,39.7017,1726.00,24.22,11.78
BKF,2026-07-14 15:58,-104.7517,39.7017,1726.00,25.56,10.56
BKF,2026-07-14 16:58,-104.7517,39.7017,1726.00,28.61,9.28
BKF,2026-07-14 17:58,-104.7517,39.7017,1726.00,31.11,6.11
BKF,2026-07-14 18:58,-104.7517,39.7017,1726.00,33.50,3.33
BKF,2026-07-14 19:58,-104.7517,39.7017,1726.00,34.22,4.78
BKF,2026-07-14 20:58,-104.7517,39.7017,1726.00,34.00,4.61
BKF,2026-07-14 21:58,-104.7517,39.7017,1726.00,35.00,4.44
BKF,2026-07-14 22:58,-104.7517,39.7017,1726.00,34.28,4.78
BKF,2026-07-14 23:58,-104.7517,39.7017,1726.00,33.33,4.11
BKF,2026-07-15 00:58,-104.7517,39.7017,1726.00,31.67,2.78
BKF,2026-07-15 01:58,-104.7517,39.7017,1726.00,29.22,5.89
BKF,2026-07-15 02:58,-104.7517,39.7017,1726.00,27.78,8.61
BKF,2026-07-15 03:58,-104.7517,39.7017,1726.00,24.78,8.33
BKF,2026-07-15 04:58,-104.7517,39.7017,1726.00,24.00,7.61
BKF,2026-07-15 05:58,-104.7517,39.7017,1726.00,23.22,7.78
BKF,2026-07-15 06:58,-104.7517,39.7017,1726.00,22.39,8.50
BKF,2026-07-15 07:58,-104.7517,39.7017,1726.00,21.39,8.72
BKF,2026-07-15 08:58,-104.7517,39.7017,1726.00,20.28,8.89
BKF,2026-07-15 09:58,-104.7517,39.7017,1726.00,19.78,8.50
BKF,2026-07-15 10:58,-104.7517,39.7017,1726.00,19.72,8.11
BKF,2026-07-15 11:58,-104.7517,39.7017,1726.00,19.44,8.22
BKF,2026-07-15 12:58,-104.7517,39.7017,1726.00,20.72,8.72
BKF,2026-07-15 13:58,-104.7517,39.7017,1726.00,22.39,8.89
BKF,2026-07-15 14:58,-104.7517,39.7017,1726.00,25.78,10.00
BKF,2026-07-15 15:58,-104.7517,39.7017,1726.00,25.78,8.72
BKF,2026-07-15 16:58,-104.7517,39.7017,1726.00,27.89,8.72
BKF,2026-07-15 17:58,-104.7517,39.7017,1726.00,30.56,7.78
BKF,2026-07-15 18:58,-104.7517,39.7017,1726.00,32.89,5.39
BKF,2026-07-15 19:58,-104.7517,39.7017,1726.00,32.89,5.39
BKF,2026-07-15 20:58,-104.7517,39.7017,1726.00,34.72,5.22
BKF,2026-07-15 21:58,-104.7517,39.7017,1726.00,34.22,4.78
BKF,2026-07-15 22:58,-104.7517,39.7017,1726.00,34.00,4.61
BKF,2026-07-15 23:58,-104.7517,39.7017,1726.00,33.89,4.44
BKF,2026-07-16 00:58,-104.7517,39.7017,1726.00,32.22,5.72
BKF,2026-07-16 01:58,-104.7517,39.7017,1726.00,29.11,7.00
BKF,2026-07-16 02:58,-104.7517,39.7017,1726.00,27.78,8.61
BKF,2026-07-16 03:58,-104.7517,39.7017,1726.00,25.28,7.89
BKF,2026-07-16 04:58,-104.7517,39.7017,1726.00,25.00,7.89
BKF,2026-07-16 05:58,-104.7517,39.7017,1726.00,23.89,7.89
BKF,2026-07-16 06:58,-104.7517,39.7017,1726.00,23.33,7.89
BKF,2026-07-16 07:58,-104.7517,39.7017,1726.00,22.78,7.61
BKF,2026-07-16 08:58,-104.7517,39.7017,1726.00,21.67,7.78
BKF,2026-07-16 09:58,-104.7517,39.7017,1726.00,21.67,7.89
BKF,2026-07-16 10:58,-104.7517,39.7017,1726.00,20.89,8.22
BKF,2026-07-16 11:58,-104.7517,39.7017,1726.00,20.39,8.11
BKF,2026-07-16 12:58,-104.7517,39.7017,1726.00,21.11,8.50
BKF,2026-07-16 13:58,-104.7517,39.7017,1726.00,21.89,9.44
BKF,2026-07-16 14:58,-104.7517,39.7017,1726.00,24.11,10.00
BKF,2026-07-16 15:58,-104.7517,39.7017,1726.00,25.89,9.72
BKF,2026-07-16 16:58,-104.7517,39.7017,1726.00,27.78,9.44
BKF,2026-07-16 17:58,-104.7517,39.7017,1726.00,30.00,8.33
BKF,2026-07-16 18:58,-104.7517,39.7017,1726.00,31.78,8.11
BKF,2026-07-16 19:58,-104.7517,39.7017,1726.00,30.78,6.67
BKF,2026-07-16 20:58,-104.7517,39.7017,1726.00,31.89,6.11
BKF,2026-07-16 21:58,-104.7517,39.7017,1726.00,33.89,5.28
BKF,2026-07-16 22:58,-104.7517,39.7017,1726.00,32.39,5.00
BKF,2026-07-16 23:58,-104.7517,39.7017,1726.00,31.67,6.00
BKF,2026-07-17 00:58,-104.7517,39.7017,1726.00,30.00,6.00
BKF,2026-07-17 01:58,-104.7517,39.7017,1726.00,29.11,5.78
BKF,2026-07-17 02:58,-104.7517,39.7017,1726.00,24.72,8.61
BKF,2026-07-17 03:58,-104.7517,39.7017,1726.00,22.78,8.50
BKF,2026-07-17 04:58,-104.7517,39.7017,1726.00,24.22,6.89
BKF,2026-07-17 05:58,-104.7517,39.7017,1726.00,23.33,7.39
BKF,2026-07-17 06:58,-104.7517,39.7017,1726.00,22.78,8.89
BKF,2026-07-17 07:58,-104.7517,39.7017,1726.00,21.89,9.44
BKF,2026-07-17 08:58,-104.7517,39.7017,1726.00,21.39,9.28
BKF,2026-07-17 09:58,-104.7517,39.7017,1726.00,21.00,9.61
BKF,2026-07-17 10:58,-104.7517,39.7017,1726.00,20.89,9.44
BKF,2026-07-17 11:58,-104.7517,39.7017,1726.00,19.61,8.89
BKF,2026-07-17 12:58,-104.7517,39.7017,1726.00,21.00,9.22
BKF,2026-07-17 13:58,-104.7517,39.7017,1726.00,22.22,8.89
BKF,2026-07-17 14:58,-104.7517,39.7017,1726.00,25.39,9.61
BKF,2026-07-17 15:58,-104.7517,39.7017,1726.00,27.00,9.78
BKF,2026-07-17 16:58,-104.7517,39.7017,1726.00,29.00,8.61
BKF,2026-07-17 17:58,-104.7517,39.7017,1726.00,30.72,6.50
BKF,2026-07-17 18:58,-104.7517,39.7017,1726.00,33.22,6.39
BKF,2026-07-17 19:58,-104.7517,39.7017,1726.00,32.22,5.72
BKF,2026-07-17 20:58,-104.7517,39.7017,1726.00,31.78,6.00
BKF,2026-07-17 21:58,-104.7517,39.7017,1726.00,33.11,5.56
BKF,2026-07-17 22:58,-104.7517,39.7017,1726.00,33.89,5.39
BKF,2026-07-17 23:58,-104.7517,39.7017,1726.00,32.78,5.28
BKF,2026-07-18 00:58,-104.7517,39.7017,1726.00,31.00,5.39
BKF,2026-07-18 01:58,-104.7517,39.7017,1726.00,29.44,5.39
BKF,2026-07-18 02:58,-104.7517,39.7017,1726.00,26.67,6.67
BKF,2026-07-18 03:58,-104.7517,39.7017,1726.00,25.00,6.78
BKF,2026-07-18 04:58,-104.7517,39.7017,1726.00,23.61,8.00
BKF,2026-07-18 05:58,-104.7517,39.7017,1726.00,22.61,9.00
BKF,2026-07-18 06:58,-104.7517,39.7017,1726.00,23.89,9.72
BKF,2026-07-18 07:58,-104.7517,39.7017,1726.00,22.11,10.22
BKF,2026-07-18 08:58,-104.7517,39.7017,1726.00,21.39,10.56
BKF,2026-07-18 09:58,-104.7517,39.7017,1726.00,18.89,10.00
BKF,2026-07-18 10:58,-104.7517,39.7017,1726.00,18.61,10.00
BKF,2026-07-18 11:58,-104.7517,39.7017,1726.00,18.22,9.78
BKF,2026-07-18 12:58,-104.7517,39.7017,1726.00,21.00,10.22
BKF,2026-07-18 13:58,-104.7517,39.7017,1726.00,22.78,10.78
BKF,2026-07-18 14:58,-104.7517,39.7017,1726.00,24.28,11.28
BKF,2026-07-18 15:58,-104.7517,39.7017,1726.00,26.11,11.39
BKF,2026-07-18 16:58,-104.7517,39.7017,1726.00,28.00,11.11
BKF,2026-07-18 17:58,-104.7517,39.7017,1726.00,30.00,10.00
BKF,2026-07-18 18:58,-104.7517,39.7017,1726.00,31.50,8.50
BKF,2026-07-18 19:58,-104.7517,39.7017,1726.00,33.33,7.39
BKF,2026-07-18 20:58,-104.7517,39.7017,1726.00,33.72,6.78
BKF,2026-07-18 21:58,-104.7517,39.7017,1726.00,33.33,6.50
BKF,2026-07-18 22:58,-104.7517,39.7017,1726.00,34.44,5.78
BKF,2026-07-18 23:58,-104.7517,39.7017,1726.00,34.11,5.56
BKF,2026-07-19 00:58,-104.7517,39.7017,1726.00,33.11,6.39
BKF,2026-07-19 01:58,-104.7517,39.7017,1726.00,30.56,7.11
BKF,2026-07-19 02:58,-104.7517,39.7017,1726.00,29.28,7.78
BKF,2026-07-19 03:58,-104.7517,39.7017,1726.00,26.50,8.89
BKF,2026-07-19 04:58,-104.7517,39.7017,1726.00,24.28,9.11
BKF,2026-07-19 05:58,-104.7517,39.7017,1726.00,25.39,8.33
BKF,2026-07-19 06:58,-104.7517,39.7017,1726.00,24.00,9.22
BKF,2026-07-19 07:58,-104.7517,39.7017,1726.00,23.50,10.22
BKF,2026-07-19 08:58,-104.7517,39.7017,1726.00,22.78,10.89
BKF,2026-07-19 09:58,-104.7517,39.7017,1726.00,22.11,10.89
BKF,2026-07-19 10:58,-104.7517,39.7017,1726.00,20.56,11.00
BKF,2026-07-19 11:58,-104.7517,39.7017,1726.00,19.72,10.72
BKF,2026-07-19 12:58,-104.7517,39.7017,1726.00,20.89,11.11
BKF,2026-07-19 13:58,-104.7517,39.7017,1726.00,23.50,9.44
BKF,2026-07-19 14:58,-104.7517,39.7017,1726.00,26.11,9.44
BKF,2026-07-19 15:58,-104.7517,39.7017,1726.00,28.89,9.61
BKF,2026-07-19 16:58,-104.7517,39.7017,1726.00,32.39,7.22
BKF,2026-07-19 17:58,-104.7517,39.7017,1726.00,33.72,2.50
BKF,2026-07-19 18:58,-104.7517,39.7017,1726.00,34.44,0.89
BKF,2026-07-19 19:58,-104.7517,39.7017,1726.00,35.28,1.67
BKF,2026-07-19 20:58,-104.7517,39.7017,1726.00,35.56,1.67
BKF,2026-07-19 21:58,-104.7517,39.7017,1726.00,36.50,3.61
BKF,2026-07-19 22:58,-104.7517,39.7017,1726.00,36.00,5.28
BKF,2026-07-19 23:58,-104.7517,39.7017,1726.00,35.78,6.89
BKF,2026-07-20 00:58,-104.7517,39.7017,1726.00,34.44,6.67
BKF,2026-07-20 01:58,-104.7517,39.7017,1726.00,31.39,7.78
BKF,2026-07-20 02:58,-104.7517,39.7017,1726.00,29.44,7.22
BKF,2026-07-20 03:58,-104.7517,39.7017,1726.00,28.72,7.22
BKF,2026-07-20 04:58,-104.7517,39.7017,1726.00,27.78,7.11
BKF,2026-07-20 05:58,-104.7517,39.7017,1726.00,25.78,6.39
BKF,2026-07-20 06:58,-104.7517,39.7017,1726.00,25.28,7.39
BKF,2026-07-20 07:58,-104.7517,39.7017,1726.00,24.11,8.50
BKF,2026-07-20 08:58,-104.7517,39.7017,1726.00,23.33,9.28
BKF,2026-07-20 09:58,-104.7517,39.7017,1726.00,23.33,9.72
BKF,2026-07-20 10:58,-104.7517,39.7017,1726.00,22.61,9.44
BKF,2026-07-20 11:58,-104.7517,39.7017,1726.00,21.67,9.78
BKF,2026-07-20 12:58,-104.7517,39.7017,1726.00,23.22,9.61
BKF,2026-07-20 13:58,-104.7517,39.7017,1726.00,26.67,10.00
BKF,2026-07-20 14:58,-104.7517,39.7017,1726.00,28.72,8.89
BKF,2026-07-20 15:58,-104.7517,39.7017,1726.00,31.11,8.89
BKF,2026-07-20 16:58,-104.7517,39.7017,1726.00,33.89,6.11
BKF,2026-07-20 17:58,-104.7517,39.7017,1726.00,35.28,4.72
BKF,2026-07-20 18:58,-104.7517,39.7017,1726.00,36.50,4.72
BKF,2026-07-20 19:58,-104.7517,39.7017,1726.00,36.39,4.61
BKF,2026-07-20 20:58,-104.7517,39.7017,1726.00,37.89,3.61
BKF,2026-07-20 21:58,-104.7517,39.7017,1726.00,37.50,4.44
BKF,2026-07-20 22:58,-104.7517,39.7017,1726.00,37.78,4.61
BKF,2026-07-20 23:58,-104.7517,39.7017,1726.00,36.00,5.28
BKF,2026-07-21 00:58,-104.7517,39.7017,1726.00,35.00,5.56
BKF,2026-07-21 01:58,-104.7517,39.7017,1726.00,33.61,6.00
BKF,2026-07-21 02:58,-104.7517,39.7017,1726.00,30.89,6.67
BKF,2026-07-21 03:58,-104.7517,39.7017,1726.00,28.89,8.00
BKF,2026-07-21 04:58,-104.7517,39.7017,1726.00,26.67,7.22
BKF,2026-07-21 05:58,-104.7517,39.7017,1726.00,27.39,6.11
BKF,2026-07-21 06:58,-104.7517,39.7017,1726.00,27.78,6.39
BKF,2026-07-21 07:58,-104.7517,39.7017,1726.00,27.89,6.67
BKF,2026-07-21 08:58,-104.7517,39.7017,1726.00,25.00,7.50
BKF,2026-07-21 09:58,-104.7517,39.7017,1726.00,24.11,10.00
BKF,2026-07-21 10:58,-104.7517,39.7017,1726.00,21.78,13.89
BKF,2026-07-21 11:58,-104.7517,39.7017,1726.00,19.44,13.00
BKF,2026-07-21 12:58,-104.7517,39.7017,1726.00,20.56,11.89
BKF,2026-07-21 15:58,-104.7517,39.7017,1726.00,24.44,11.78
BKF,2026-07-21 16:58,-104.7517,39.7017,1726.00,26.67,11.89
BKF,2026-07-21 17:58,-104.7517,39.7017,1726.00,28.00,11.50
BKF,2026-07-21 18:58,-104.7517,39.7017,1726.00,30.78,11.67
BKF,2026-07-21 19:58,-104.7517,39.7017,1726.00,32.22,11.39
BKF,2026-07-21 20:58,-104.7517,39.7017,1726.00,32.78,10.72
BKF,2026-07-21 21:58,-104.7517,39.7017,1726.00,35.00,10.22
BKF,2026-07-21 22:58,-104.7517,39.7017,1726.00,36.11,8.00
BKF,2026-07-21 23:58,-104.7517,39.7017,1726.00,35.56,8.33
BKF,2026-07-22 00:58,-104.7517,39.7017,1726.00,33.33,9.28
BKF,2026-07-22 01:58,-104.7517,39.7017,1726.00,31.00,10.28
BKF,2026-07-22 02:58,-104.7517,39.7017,1726.00,30.00,12.39
BKF,2026-07-22 03:58,-104.7517,39.7017,1726.00,28.22,12.50
BKF,2026-07-22 04:58,-104.7517,39.7017,1726.00,26.00,11.28
BKF,2026-07-22 05:58,-104.7517,39.7017,1726.00,26.28,13.11
BKF,2026-07-22 06:58,-104.7517,39.7017,1726.00,20.56,14.61
BKF,2026-07-22 07:58,-104.7517,39.7017,1726.00,19.78,14.44
BKF,2026-07-22 08:58,-104.7517,39.7017,1726.00,18.61,13.89
BKF,2026-07-22 09:58,-104.7517,39.7017,1726.00,19.72,14.44
BKF,2026-07-22 10:58,-104.7517,39.7017,1726.00,19.11,13.33
BKF,2026-07-22 11:58,-104.7517,39.7017,1726.00,19.22,12.89
BKF,2026-07-22 12:58,-104.7517,39.7017,1726.00,21.39,13.00
BKF,2026-07-22 13:58,-104.7517,39.7017,1726.00,23.61,13.22
BKF,2026-07-22 14:58,-104.7517,39.7017,1726.00,25.00,13.22
BKF,2026-07-22 15:58,-104.7517,39.7017,1726.00,27.78,13.33
BKF,2026-07-22 16:58,-104.7517,39.7017,1726.00,28.72,12.50
BKF,2026-07-22 17:58,-104.7517,39.7017,1726.00,30.28,11.67
BKF,2026-07-22 18:58,-104.7517,39.7017,1726.00,32.61,10.56
BKF,2026-07-22 19:58,-104.7517,39.7017,1726.00,34.22,9.44
BKF,2026-07-22 20:58,-104.7517,39.7017,1726.00,34.44,9.00
BKF,2026-07-22 21:58,-104.7517,39.7017,1726.00,22.39,15.78
BKF,2026-07-22 22:58,-104.7517,39.7017,1726.00,21.78,16.50
BKF,2026-07-22 23:58,-104.7517,39.7017,1726.00,24.11,16.78
BKF,2026-07-23 00:58,-104.7517,39.7017,1726.00,22.22,17.22
BKF,2026-07-23 01:58,-104.7517,39.7017,1726.00,21.78,16.89
BKF,2026-07-23 02:58,-104.7517,39.7017,1726.00,20.72,15.89
BKF,2026-07-23 03:58,-104.7517,39.7017,1726.00,20.78,16.00
BKF,2026-07-23 04:58,-104.7517,39.7017,1726.00,20.56,15.89
BKF,2026-07-23 05:58,-104.7517,39.7017,1726.00,20.78,15.56
BKF,2026-07-23 06:58,-104.7517,39.7017,1726.00,20.89,15.56
BKF,2026-07-23 07:58,-104.7517,39.7017,1726.00,20.56,15.89
BKF,2026-07-23 08:58,-104.7517,39.7017,1726.00,19.72,15.89
BKF,2026-07-23 09:58,-104.7517,39.7017,1726.00,19.61,15.56
BKF,2026-07-23 10:58,-104.7517,39.7017,1726.00,19.00,14.22
BKF,2026-07-23 11:58,-104.7517,39.7017,1726.00,18.33,14.11
BKF,2026-07-23 12:58,-104.7517,39.7017,1726.00,18.72,14.61
BKF,2026-07-23 13:58,-104.7517,39.7017,1726.00,22.00,14.44
BKF,2026-07-23 14:58,-104.7517,39.7017,1726.00,23.72,15.22
BKF,2026-07-23 15:58,-104.7517,39.7017,1726.00,25.56,15.00
BKF,2026-07-23 16:58,-104.7517,39.7017,1726.00,27.50,15.78
BKF,2026-07-23 17:58,-104.7517,39.7017,1726.00,29.11,14.11
BKF,2026-07-23 18:58,-104.7517,39.7017,1726.00,29.44,14.44
BKF,2026-07-23 19:58,-104.7517,39.7017,1726.00,28.33,15.00
BKF,2026-07-23 20:58,-104.7517,39.7017,1726.00,29.44,13.61
BKF,2026-07-23 21:58,-104.7517,39.7017,1726.00,26.67,16.00
BKF,2026-07-23 22:58,-104.7517,39.7017,1726.00,29.11,14.44
BKF,2026-07-23 23:58,-104.7517,39.7017,1726.00,28.61,14.00
BKF,2026-07-24 00:58,-104.7517,39.7017,1726.00,27.50,15.22
BKF,2026-07-24 01:58,-104.7517,39.7017,1726.00,25.72,15.00
BKF,2026-07-24 02:58,-104.7517,39.7017,1726.00,19.61,17.00
BKF,2026-07-24 03:58,-104.7517,39.7017,1726.00,20.28,16.89
BKF,2026-07-24 04:58,-104.7517,39.7017,1726.00,21.39,15.72
BKF,2026-07-24 05:58,-104.7517,39.7017,1726.00,21.00,16.78
BKF,2026-07-24 06:58,-104.7517,39.7017,1726.00,20.56,16.67
BKF,2026-07-24 07:58,-104.7517,39.7017,1726.00,20.72,15.56
BKF,2026-07-24 08:58,-104.7517,39.7017,1726.00,20.39,15.39
BKF,2026-07-24 09:58,-104.7517,39.7017,1726.00,20.00,15.00
BKF,2026-07-24 10:58,-104.7517,39.7017,1726.00,20.00,14.28
BKF,2026-07-24 11:58,-104.7517,39.7017,1726.00,19.44,14.00
BKF,2026-07-24 12:58,-104.7517,39.7017,1726.00,21.11,13.89
BKF,2026-07-24 13:58,-104.7517,39.7017,1726.00,24.00,13.89
BKF,2026-07-24 14:58,-104.7517,39.7017,1726.00,26.67,13.89
BKF,2026-07-24 15:58,-104.7517,39.7017,1726.00,28.89,12.22
BKF,2026-07-24 20:58,-104.7517,39.7017,1726.00,34.61,9.11
BKF,2026-07-24 21:58,-104.7517,39.7017,1726.00,35.39,9.00
BKF,2026-07-24 22:58,-104.7517,39.7017,1726.00,35.00,8.00
BKF,2026-07-24 23:58,-104.7517,39.7017,1726.00,32.78,7.61
BKF,2026-07-25 00:58,-104.7517,39.7017,1726.00,30.39,10.28
BKF,2026-07-25 01:58,-104.7517,39.7017,1726.00,25.89,13.33
BKF,2026-07-25 02:58,-104.7517,39.7017,1726.00,22.89,13.89
BKF,2026-07-25 03:58,-104.7517,39.7017,1726.00,24.44,12.78
BKF,2026-07-25 04:58,-104.7517,39.7017,1726.00,22.78,14.28
BKF,2026-07-25 05:58,-104.7517,39.7017,1726.00,23.50,13.11
BKF,2026-07-25 06:58,-104.7517,39.7017,1726.00,23.89,11.78
BKF,2026-07-25 07:58,-104.7517,39.7017,1726.00,25.72,11.78
BKF,2026-07-25 08:58,-104.7517,39.7017,1726.00,24.28,10.89
BKF,2026-07-25 09:58,-104.7517,39.7017,1726.00,22.61,10.39
BKF,2026-07-25 10:58,-104.7517,39.7017,1726.00,22.78,10.22
BKF,2026-07-25 11:58,-104.7517,39.7017,1726.00,21.39,10.78
BKF,2026-07-25 12:58,-104.7517,39.7017,1726.00,21.11,11.39
BKF,2026-07-25 13:58,-104.7517,39.7017,1726.00,26.11,11.39
BKF,2026-07-25 14:58,-104.7517,39.7017,1726.00,28.11,11.67
BKF,2026-07-25 15:58,-104.7517,39.7017,1726.00,30.28,10.78
BKF,2026-07-25 16:58,-104.7517,39.7017,1726.00,33.11,8.50
BKF,2026-07-25 17:58,-104.7517,39.7017,1726.00,35.00,8.72
BKF,2026-07-25 18:58,-104.7517,39.7017,1726.00,36.89,7.78
BKF,2026-07-25 19:58,-104.7517,39.7017,1726.00,38.61,6.28
BKF,2026-07-25 20:58,-104.7517,39.7017,1726.00,35.78,6.89
BKF,2026-07-25 21:58,-104.7517,39.7017,1726.00,36.39,7.39
BKF,2026-07-25 22:58,-104.7517,39.7017,1726.00,34.78,8.50
BKF,2026-07-25 23:58,-104.7517,39.7017,1726.00,34.72,9.78
BKF,2026-07-26 00:58,-104.7517,39.7017,1726.00,33.33,7.22
BKF,2026-07-26 01:58,-104.7517,39.7017,1726.00,31.28,9.44
BKF,2026-07-26 02:58,-104.7517,39.7017,1726.00,30.22,9.11
BKF,2026-07-26 03:58,-104.7517,39.7017,1726.00,28.00,10.22
BKF,2026-07-26 04:58,-104.7517,39.7017,1726.00,25.89,10.00
BKF,2026-07-26 05:58,-104.7517,39.7017,1726.00,25.00,10.00
BKF,2026-07-26 06:58,-104.7517,39.7017,1726.00,26.50,10.22
BKF,2026-07-26 07:58,-104.7517,39.7017,1726.00,24.72,10.56
BKF,2026-07-26 08:58,-104.7517,39.7017,1726.00,24.00,10.28
BKF,2026-07-26 09:58,-104.7517,39.7017,1726.00,22.61,10.00
BKF,2026-07-26 10:58,-104.7517,39.7017,1726.00,22.22,10.72
BKF,2026-07-26 11:58,-104.7517,39.7017,1726.00,22.22,10.00
BKF,2026-07-26 12:58,-104.7517,39.7017,1726.00,23.61,10.56
BKF,2026-07-26 13:58,-104.7517,39.7017,1726.00,25.00,9.44
BKF,2026-07-26 14:58,-104.7517,39.7017,1726.00,31.11,10.00
BKF,2026-07-26 15:58,-104.7517,39.7017,1726.00,32.22,9.72
BKF,2026-07-26 16:58,-104.7517,39.7017,1726.00,35.28,7.39
BKF,2026-07-26 17:58,-104.7517,39.7017,1726.00,35.39,5.72
BKF,2026-07-26 18:58,-104.7517,39.7017,1726.00,37.78,5.56
BKF,2026-07-26 19:58,-104.7517,39.7017,1726.00,38.22,5.00
BKF,2026-07-26 20:58,-104.7517,39.7017,1726.00,37.50,4.44
BKF,2026-07-26 21:58,-104.7517,39.7017,1726.00,35.00,7.11
BKF,2026-07-26 22:58,-104.7517,39.7017,1726.00,34.44,8.22
BKF,2026-07-26 23:58,-104.7517,39.7017,1726.00,33.61,7.50
BKF,2026-07-27 00:58,-104.7517,39.7017,1726.00,32.61,8.11
BKF,2026-07-27 01:58,-104.7517,39.7017,1726.00,31.00,8.00
BKF,2026-07-27 02:58,-104.7517,39.7017,1726.00,29.00,8.11
BKF,2026-07-27 03:58,-104.7517,39.7017,1726.00,29.28,8.33
BKF,2026-07-27 04:58,-104.7517,39.7017,1726.00,27.89,10.00
BKF,2026-07-27 05:58,-104.7517,39.7017,1726.00,28.89,11.39
BKF,2026-07-27 06:58,-104.7517,39.7017,1726.00,27.89,10.00
BKF,2026-07-27 07:58,-104.7517,39.7017,1726.00,27.50,10.22
BKF,2026-07-27 08:58,-104.7517,39.7017,1726.00,26.11,10.72
BKF,2026-07-27 09:58,-104.7517,39.7017,1726.00,24.22,10.00
BKF,2026-07-27 10:58,-104.7517,39.7017,1726.00,25.22,10.22
BKF,2026-07-27 11:58,-104.7517,39.7017,1726.00,23.89,10.56
BKF,2026-07-27 12:58,-104.7517,39.7017,1726.00,25.72,11.11
BKF,2026-07-27 13:58,-104.7517,39.7017,1726.00,26.28,13.72
BKF,2026-07-27 14:58,-104.7517,39.7017,1726.00,26.78,12.78
BKF,2026-07-27 15:58,-104.7517,39.7017,1726.00,27.00,13.72
BKF,2026-07-27 16:58,-104.7517,39.7017,1726.00,28.89,13.89
BKF,2026-07-27 17:58,-104.7517,39.7017,1726.00,30.22,12.61
BKF,2026-07-27 18:58,-104.7517,39.7017,1726.00,31.89,12.11
BKF,2026-07-27 19:58,-104.7517,39.7017,1726.00,31.78,11.50
BKF,2026-07-27 20:58,-104.7517,39.7017,1726.00,31.89,11.11
BKF,2026-07-27 21:58,-104.7517,39.7017,1726.00,33.33,10.00
BKF,2026-07-27 22:58,-104.7517,39.7017,1726.00,32.78,9.44
BKF,2026-07-27 23:58,-104.7517,39.7017,1726.00,30.56,10.00
BKF,2026-07-28 00:58,-104.7517,39.7017,1726.00,28.33,11.89
BKF,2026-07-28 01:58,-104.7517,39.7017,1726.00,27.39,13.33
BKF,2026-07-28 02:58,-104.7517,39.7017,1726.00,27.11,14.11
BKF,2026-07-28 03:58,-104.7517,39.7017,1726.00,23.33,15.56
BKF,2026-07-28 04:58,-104.7517,39.7017,1726.00,22.78,17.22
BKF,2026-07-28 05:58,-104.7517,39.7017,1726.00,22.11,15.72
BKF,2026-07-28 06:58,-104.7517,39.7017,1726.00,22.78,14.78
BKF,2026-07-28 07:58,-104.7517,39.7017,1726.00,22.00,15.00
BKF,2026-07-28 08:58,-104.7517,39.7017,1726.00,21.67,14.78
BKF,2026-07-28 09:58,-104.7517,39.7017,1726.00,20.89,14.78
BKF,2026-07-28 10:58,-104.7517,39.7017,1726.00,20.89,15.22
BKF,2026-07-28 11:58,-104.7517,39.7017,1726.00,20.00,15.00
BKF,2026-07-28 12:58,-104.7517,39.7017,1726.00,21.89,15.56
BKF,2026-07-28 13:58,-104.7517,39.7017,1726.00,21.78,13.33
BKF,2026-07-28 14:58,-104.7517,39.7017,1726.00,26.11,14.44
BKF,2026-07-28 15:58,-104.7517,39.7017,1726.00,28.33,13.33
BKF,2026-07-28 16:58,-104.7517,39.7017,1726.00,30.28,12.78
BKF,2026-07-28 17:58,-104.7517,39.7017,1726.00,31.67,13.33
BKF,2026-07-28 18:58,-104.7517,39.7017,1726.00,33.22,12.78
BKF,2026-07-28 19:58,-104.7517,39.7017,1726.00,33.50,12.50
BKF,2026-07-28 20:58,-104.7517,39.7017,1726.00,30.89,13.22
BKF,2026-07-28 21:58,-104.7517,39.7017,1726.00,22.22,15.00
BKF,2026-07-28 22:58,-104.7517,39.7017,1726.00,24.78,16.00
BKF,2026-07-28 23:58,-104.7517,39.7017,1726.00,25.89,15.28
BKF,2026-07-29 00:58,-104.7517,39.7017,1726.00,24.44,14.78
BKF,2026-07-29 01:58,-104.7517,39.7017,1726.00,25.22,14.28
BKF,2026-07-29 02:58,-104.7517,39.7017,1726.00,23.33,15.22
BKF,2026-07-29 03:58,-104.7517,39.7017,1726.00,21.78,14.44
BKF,2026-07-29 04:58,-104.7517,39.7017,1726.00,21.11,15.00
BKF,2026-07-29 05:58,-104.7517,39.7017,1726.00,21.50,16.11
BKF,2026-07-29 06:58,-104.7517,39.7017,1726.00,20.39,14.72
BKF,2026-07-29 07:58,-104.7517,39.7017,1726.00,20.00,15.00
BKF,2026-07-29 08:58,-104.7517,39.7017,1726.00,20.22,16.11
BKF,2026-07-29 09:58,-104.7517,39.7017,1726.00,20.00,16.50
BKF,2026-07-29 10:58,-104.7517,39.7017,1726.00,20.00,15.56
BKF,2026-07-29 11:58,-104.7517,39.7017,1726.00,20.00,15.22
BKF,2026-07-29 12:58,-104.7517,39.7017,1726.00,21.28,14.72
BKF,2026-07-29 13:58,-104.7517,39.7017,1726.00,23.89,13.72
BKF,2026-07-29 14:58,-104.7517,39.7017,1726.00,26.78,13.22
BKF,2026-07-29 15:58,-104.7517,39.7017,1726.00,29.44,13.22
BKF,2026-07-29 16:58,-104.7517,39.7017,1726.00,30.72,13.50
BKF,2026-07-29 17:58,-104.7517,39.7017,1726.00,31.28,14.00
BKF,2026-07-29 18:58,-104.7517,39.7017,1726.00,32.22,12.89
BKF,2026-07-29 19:58,-104.7517,39.7017,1726.00,31.39,11.67
BKF,2026-07-29 20:58,-104.7517,39.7017,1726.00,23.00,17.00
BKF,2026-07-29 21:58,-104.7517,39.7017,1726.00,23.00,16.00
BKF,2026-07-29 22:58,-104.7517,39.7017,1726.00,20.22,16.78
BKF,2026-07-29 23:58,-104.7517,39.7017,1726.00,22.00,16.67
BKF,2026-07-30 00:58,-104.7517,39.7017,1726.00,23.33,14.78
BKF,2026-07-30 01:58,-104.7517,39.7017,1726.00,22.61,15.89
BKF,2026-07-30 02:58,-104.7517,39.7017,1726.00,20.72,16.50
BKF,2026-07-30 03:58,-104.7517,39.7017,1726.00,20.00,16.78
BKF,2026-07-30 04:58,-104.7517,39.7017,1726.00,20.00,16.67
BKF,2026-07-30 05:58,-104.7517,39.7017,1726.00,20.39,16.11
BKF,2026-07-30 06:58,-104.7517,39.7017,1726.00,20.22,15.78
BKF,2026-07-30 07:58,-104.7517,39.7017,1726.00,20.28,15.56
BKF,2026-07-30 08:58,-104.7517,39.7017,1726.00,19.00,14.72
BKF,2026-07-30 09:58,-104.7517,39.7017,1726.00,18.89,13.50
BKF,2026-07-30 10:58,-104.7517,39.7017,1726.00,20.00,13.33
BKF,2026-07-30 11:58,-104.7517,39.7017,1726.00,18.72,12.39
BKF,2026-07-30 12:58,-104.7517,39.7017,1726.00,20.00,12.22
BKF,2026-07-30 13:58,-104.7517,39.7017,1726.00,23.89,12.11
BKF,2026-07-30 14:58,-104.7517,39.7017,1726.00,27.50,10.72
BKF,2026-07-30 15:58,-104.7517,39.7017,1726.00,28.61,10.28
BKF,2026-07-30 16:58,-104.7517,39.7017,1726.00,32.39,7.89
BKF,2026-07-30 17:58,-104.7517,39.7017,1726.00,32.89,6.11
BKF,2026-07-30 18:58,-104.7517,39.7017,1726.00,33.89,5.28
BKF,2026-07-30 19:58,-104.7517,39.7017,1726.00,34.00,5.56
BKF,2026-07-30 20:58,-104.7517,39.7017,1726.00,34.72,6.00
BKF,2026-07-30 21:58,-104.7517,39.7017,1726.00,34.00,5.56
BKF,2026-07-30 22:58,-104.7517,39.7017,1726.00,30.56,7.61
BKF,2026-07-30 23:58,-104.7517,39.7017,1726.00,30.89,7.22
BKF,2026-07-31 00:58,-104.7517,39.7017,1726.00,30.22,8.00
BKF,2026-07-31 01:58,-104.7517,39.7017,1726.00,27.50,8.33
BKF,2026-07-31 02:58,-104.7517,39.7017,1726.00,24.44,7.89
BKF,2026-07-31 03:58,-104.7517,39.7017,1726.00,24.61,7.78
BKF,2026-07-31 04:58,-104.7517,39.7017,1726.00,26.50,9.28
BKF,2026-07-31 05:58,-104.7517,39.7017,1726.00,24.44,10.56
BKF,2026-07-31 06:58,-104.7517,39.7017,1726.00,20.78,10.89
BKF,2026-07-31 07:58,-104.7517,39.7017,1726.00,21.11,11.39
BKF,2026-07-31 08:58,-104.7517,39.7017,1726.00,20.22,11.39
BKF,2026-07-31 09:58,-104.7517,39.7017,1726.00,19.00,11.28
BKF,2026-07-31 10:58,-104.7517,39.7017,1726.00,18.72,11.00
BKF,2026-07-31 11:58,-104.7517,39.7017,1726.00,17.00,11.00
BKF,2026-07-31 12:58,-104.7517,39.7017,1726.00,18.50,12.22
BKF,2026-07-31 13:58,-104.7517,39.7017,1726.00,21.28,11.89
BKF,2026-07-31 14:58,-104.7517,39.7017,1726.00,22.22,10.72
BKF,2026-07-31 15:58,-104.7517,39.7017,1726.00,25.39,11.50
BKF,2026-07-31 16:58,-104.7517,39.7017,1726.00,26.89,11.78
BKF,2026-07-31 17:58,-104.7517,39.7017,1726.00,29.28,11.28
BKF,2026-07-31 18:58,-104.7517,39.7017,1726.00,30.56,11.39
BKF,2026-07-31 19:58,-104.7517,39.7017,1726.00,31.39,8.33
BKF,2026-07-31 20:58,-104.7517,39.7017,1726.00,31.11,7.50
BKF,2026-07-31 21:58,-104.7517,39.7017,1726.00,32.22,5.00
BKF,2026-07-31 22:58,-104.7517,39.7017,1726.00,31.78,6.00
BKF,2026-07-31 23:58,-104.7517,39.7017,1726.00,29.78,6.39
