{"type": "FeatureCollection", "features": [{"type": "Feature", "id": "3A6", "properties": {"elevation": 427.0, "sname": "NEWHALL", "time_domain": "(1948-2011)", "archive_begin": "1948-09-01", "archive_end": "2011-09-05", "state": "CA", "country": "US", "climate_site": "CA1484", "wfo": "LOX", "tzname": "America/Los_Angeles", "ncdc81": "USC00046161", "ncei91": "USC00046161", "ugc_county": "CAC037", "ugc_zone": "CAZ254", "county": "Los Angeles", "sid": "3A6", "network": "CA_ASOS", "online": false, "synop": 99999, "attributes": {"METAR_RESET_MINUTE": "50", "GHCNH_ID": "USI0000K3A6"}}, "geometry": {"type": "Point", "coordinates": [-118.5667, 34.3667]}}, {"type": "Feature", "id": "87Q", "properties": {"elevation": 21.0, "sname": "PT PIEDRAS(CG/AMOS)", "time_domain": "(1973-2005)", "archive_begin": "1973-01-01", "archive_end": "2005-06-07", "state": "CA", "country": "US", "climate_site": "CA4555", "wfo": "LOX", "tzname": "America/Los_Angeles", "ncdc81": "USC00043882", "ncei91": "USC00043882", "ugc_county": "CAC079", "ugc_zone": "CAZ234", "county": "Sanluis Obispo", "sid": "87Q", "network": "CA_ASOS", "online": false, "synop": 93226, "attributes": {"METAR_RESET_MINUTE": "49"}}, "geometry": {"type": "Point", "coordinates": [-121.2847, 35.6656]}}, {"type": "Feature", "id": "9L2", "properties": {"elevation": 701.0, "sname": "EDWARDS N-AUX", "time_domain": "(2005-Now)", "archive_begin": "2005-07-11", "archive_end": null, "state": "CA", "country": "US", "climate_site": "CA4749", "wfo": "HNX", "tzname": "America/Los_Angeles", "ncdc81": "USC00045756", "ncei91": "USC00045756", "ugc_county": "CAC029", "ugc_zone": "CAZ299", "county": "San Bernardino", "sid": "9L2", "network": "CA_ASOS", "online": true, "synop": 53144, "attributes": {"METAR_RESET_MINUTE": "58", "GHCNH_ID": "USW00053144"}}, "geometry": {"type": "Point", "coordinates": [-117.8631, 34.9908]}}, {"type": "Feature", "id": "AAT", "properties": {"elevation": 1333.0, "sname": "ALTURAS (WAS O00)", "time_domain": "(1972-Now)", "archive_begin": "1972-12-31", "archive_end": null, "state": "CA", "country": "US", "climate_site": "CA1614", "wfo": "MFR", "tzname": "America/Los_Angeles", "ncdc81": "USW00094299", "ncei91": "USW00094299", "ugc_county": "CAC049", "ugc_zone": "CAZ285", "county": "Modoc", "sid": "AAT", "network": "CA_ASOS", "online": true, "synop": 94299, "attributes": {"METAR_RESET_MINUTE": "55", "HAS_PHOUR": "1", "GHCNH_ID": "USW00094299", "HAS1MIN": "1"}}, "geometry": {"type": "Point", "coordinates": [-120.5644, 41.4914]}}, {"type": "Feature", "id": "ACV", "properties": {"elevation": 66.0, "sname": "ARCATA/EUREKA ARPT", "time_domain": "(1949-Now)", "archive_begin": "1949-12-01", "archive_end": null, "state": "CA", "country": "US", "climate_site": "CA2910", "wfo": "EKA", "tzname": "America/Los_Angeles", "ncdc81": "USW00024283", "ncei91": "USW00024283", "ugc_county": "CAC023", "ugc_zone": "CAZ201", "county": "Humboldt", "sid": "ACV", "network": "CA_ASOS", "online": true, "synop": 24283, "attributes": {"HAS1MIN": "1", "METAR_RESET_MINUTE": "53", "HASTAF": "1", "GHCNH_ID": "USW00024283", "HAS_PHOUR": "1"}}, "geometry": {"type": "Point", "coordinates": [-124.1086, 40.9781]}}, {"type": "Feature", "id": "AJO", "properties": {"elevation": 162.5, "sname": "Corona", "time_domain": "(2006-Now)", "archive_begin": "2006-09-07", "archive_end": null, "state": "CA", "country": "US", "climate_site": "CA0192", "wfo": "SGX", "tzname": "America/Los_Angeles", "ncdc81": "USW00003179", "ncei91": "USW00003179", "ugc_county": "CAC065", "ugc_zone": "CAZ048", "county": "Orange", "sid": "AJO", "network": "CA_ASOS", "online": true, "synop": 53175, "attributes": {"GHCNH_ID": "USW00053175", "HAS_PHOUR": "1", "METAR_RESET_MINUTE": "56"}}, "geometry": {"type": "Point", "coordinates": [-117.6024, 33.8977]}}, {"type": "Feature", "id": "APC", "properties": {"elevation": 7.9653864, "sname": "Napa County", "time_domain": "(1972-Now)", "archive_begin": "1972-12-31", "archive_end": null, "state": "CA", "country": "US", "climate_site": "CA6074", "wfo": "MTR", "tzname": "America/Los_Angeles", "ncdc81": "USW00093227", "ncei91": "USW00093227", "ugc_county": "CAC055", "ugc_zone": "CAZ506", "county": "Napa", "sid": "APC", "network": "CA_ASOS", "online": true, "synop": null, "attributes": {"HAS_PHOUR": "1", "HAS1MIN": "1", "GHCNH_ID": "USW00093227", "METAR_RESET_MINUTE": "54", "HASTAF": "1"}}, "geometry": {"type": "Point", "coordinates": [-122.2804, 38.2075]}}, {"type": "Feature", "id": "AUN", "properties": {"elevation": 467.0, "sname": "AURBURN MUNICIPAL AIRPORT", "time_domain": "(2002-Now)", "archive_begin": "2002-08-19", "archive_end": null, "state": "CA", "country": "US", "climate_site": "CA0383", "wfo": "STO", "tzname": "America/Los_Angeles", "ncdc81": "USC00040383", "ncei91": "USC00040383", "ugc_county": "CAC061", "ugc_zone": "CAZ067", "county": "El Dorado", "sid": "AUN", "network": "CA_ASOS", "online": true, "synop": 23224, "attributes": {"HAS_PHOUR": "1", "METAR_RESET_MINUTE": "55", "IS_AWOS": "1", "GHCNH_ID": "USW00023224"}}, "geometry": {"type": "Point", "coordinates": [-121.0817, 38.9548]}}, {"type": "Feature", "id": "AVX", "properties": {"elevation": 488.0, "sname": "AVALON/CATALINA", "time_domain": "(1943-Now)", "archive_begin": "1943-06-12", "archive_end": null, "state": "CA", "country": "US", "climate_site": "CA5085", "wfo": "LOX", "tzname": "America/Los_Angeles", "ncdc81": "USW00023191", "ncei91": "USW00023191", "ugc_county": "CAC037", "ugc_zone": "CAZ287", "county": "Los Angeles", "sid": "AVX", "network": "CA_ASOS", "online": true, "synop": 23191, "attributes": {"GHCNH_ID": "USW00023191", "METAR_RESET_MINUTE": "51", "HAS1MIN": "1", "HAS_PHOUR": "1"}}, "geometry": {"type": "Point", "coordinates": [-118.4158, 33.405]}}, {"type": "Feature", "id": "BAB", "properties": {"elevation": 34.0, "sname": "BEALE AFB/MARYSVILE", "time_domain": "(1959-Now)", "archive_begin": "1959-07-01", "archive_end": null, "state": "CA", "country": "US", "climate_site": "CA3573", "wfo": "STO", "tzname": "America/Los_Angeles", "ncdc81": "USW00093205", "ncei91": "USW00093205", "ugc_county": "CAC115", "ugc_zone": "CAZ016", "county": "Sutter", "sid": "BAB", "network": "CA_ASOS", "online": true, "synop": 93216, "attributes": {"METAR_RESET_MINUTE": "58", "GHCNH_ID": "USW00093216", "HAS_PHOUR": "1"}}, "geometry": {"type": "Point", "coordinates": [-121.4366, 39.1361]}}, {"type": "Feature", "id": "BAN", "properties": {"elevation": 2067.0, "sname": "Usmc Mtn Warfare Tra", "time_domain": "(2009-Now)", "archive_begin": "2009-08-13", "archive_end": null, "state": "CA", "country": "US", "climate_site": "CA3939", "wfo": "REV", "tzname": "America/Los_Angeles", "ncdc81": "USC00268186", "ncei91": "USC00041072", "ugc_county": "CAC051", "ugc_zone": "CAZ273", "county": "Tuolumne", "sid": "BAN", "network": "CA_ASOS", "online": true, "synop": 433, "attributes": {"METAR_RESET_MINUTE": "52", "GHCNH_ID": "USW00000433"}}, "geometry": {"type": "Point", "coordinates": [-119.52, 38.3636]}}, {"type": "Feature", "id": "BFL", "properties": {"elevation": 150.0, "sname": "BAKERSFIELD/MEADOWS", "time_domain": "(1928-Now)", "archive_begin": "1928-01-01", "archive_end": null, "state": "CA", "country": "US", "climate_site": "CA0442", "wfo": "HNX", "tzname": "America/Los_Angeles", "ncdc81": "USW00023155", "ncei91": "USW00023155", "ugc_county": "CAC029", "ugc_zone": "CAZ092", "county": "Kern", "sid": "BFL", "network": "CA_ASOS", "online": true, "synop": 23155, "attributes": {"HAS1MIN": "1", "HAS_PHOUR": "1", "GHCNH_ID": "USW00023155", "HASTAF": "1", "METAR_RESET_MINUTE": "54"}}, "geometry": {"type": "Point", "coordinates": [-119.0542, 35.4344]}}, {"type": "Feature", "id": "BIH", "properties": {"elevation": 1263.0, "sname": "BISHOP AIRPORT", "time_domain": "(1943-Now)", "archive_begin": "1943-01-16", "archive_end": null, "state": "CA", "country": "US", "climate_site": "CA0822", "wfo": "VEF", "tzname": "America/Los_Angeles", "ncdc81": "USW00023157", "ncei91": "USW00023157", "ugc_county": "CAC027", "ugc_zone": "CAZ026", "county": "Inyo", "sid": "BIH", "network": "CA_ASOS", "online": true, "synop": 23157, "attributes": {"HASTAF": "1", "METAR_RESET_MINUTE": "56", "HAS_PHOUR": "1", "GHCNH_ID": "USW00023157", "HAS1MIN": "1"}}, "geometry": {"type": "Point", "coordinates": [-118.3636, 37.3731]}}, {"type": "Feature", "id": "BLH", "properties": {"elevation": 121.0, "sname": "BLYTHE AIRPORT", "time_domain": "(1931-Now)", "archive_begin": "1931-01-01", "archive_end": null, "state": "CA", "country": "US", "climate_site": "AZ0586", "wfo": "PSR", "tzname": "America/Los_Angeles", "ncdc81": "USW00023158", "ncei91": "USW00023158", "ugc_county": "CAC065", "ugc_zone": "CAZ232", "county": "Riverside", "sid": "BLH", "network": "CA_ASOS", "online": true, "synop": 23158, "attributes": {"HAS1MIN": "1", "HASTAF": "1", "GHCNH_ID": "USW00023158", "HAS_PHOUR": "1", "METAR_RESET_MINUTE": "52"}}, "geometry": {"type": "Point", "coordinates": [-114.7169, 33.6192]}}, {"type": "Feature", "id": "BLU", "properties": {"elevation": 1611.0, "sname": "Blue Canyon - Nyack", "time_domain": "(1929-Now)", "archive_begin": "1929-01-01", "archive_end": null, "state": "CA", "country": "US", "climate_site": "CA0897", "wfo": "STO", "tzname": "America/Los_Angeles", "ncdc81": "USW00023225", "ncei91": "USW00023225", "ugc_county": "CAC061", "ugc_zone": "CAZ269", "county": "Placer", "sid": "BLU", "network": "CA_ASOS", "online": true, "synop": 23225, "attributes": {"METAR_RESET_MINUTE": "52", "HAS_PHOUR": "1", "HAS1MIN": "1", "GHCNH_ID": "USW00023225"}}, "geometry": {"type": "Point", "coordinates": [-120.7098, 39.275]}}, {"type": "Feature", "id": "BUO", "properties": {"elevation": 692.0, "sname": "BEAUMONT", "time_domain": "(1948-2001)", "archive_begin": "1948-01-01", "archive_end": "2001-09-01", "state": "CA", "country": "US", "climate_site": "CA7813", "wfo": "SGX", "tzname": "America/Los_Angeles", "ncdc81": "USW00023156", "ncei91": "USC00047813", "ugc_county": "CAC065", "ugc_zone": "CAZ048", "county": "Riverside", "sid": "BUO", "network": "CA_ASOS", "online": false, "synop": 23156, "attributes": {"GHCNH_ID": "USW00023156", "METAR_RESET_MINUTE": "46"}}, "geometry": {"type": "Point", "coordinates": [-116.9667, 33.9333]}}, {"type": "Feature", "id": "BUR", "properties": {"elevation": 236.0, "sname": "BURBANK/GLENDALE", "time_domain": "(1943-Now)", "archive_begin": "1943-06-01", "archive_end": null, "state": "CA", "country": "US", "climate_site": "CA1194", "wfo": "LOX", "tzname": "America/Los_Angeles", "ncdc81": "USW00023152", "ncei91": "USW00023152", "ugc_county": "CAC037", "ugc_zone": "CAZ047", "county": "Los Angeles", "sid": "BUR", "network": "CA_ASOS", "online": true, "synop": 23152, "attributes": {"METAR_RESET_MINUTE": "53", "HASTAF": "1", "HAS_PHOUR": "1", "GHCNH_ID": "USW00023152", "HAS1MIN": "1"}}, "geometry": {"type": "Point", "coordinates": [-118.3587, 34.2007]}}, {"type": "Feature", "id": "BYS", "properties": {"elevation": 716.0, "sname": "BICYCLE LAKE", "time_domain": "(1979-Now)", "archive_begin": "1979-11-11", "archive_end": null, "state": "CA", "country": "US", "climate_site": "CA7253", "wfo": "VEF", "tzname": "America/Los_Angeles", "ncdc81": "USW00023161", "ncei91": "USW00023161", "ugc_county": "CAC071", "ugc_zone": "CAZ028", "county": "San Bernardino", "sid": "BYS", "network": "CA_ASOS", "online": true, "synop": 3182, "attributes": {"HAS_PHOUR": "1", "GHCNH_ID": "USW00003182", "METAR_RESET_MINUTE": "58"}}, "geometry": {"type": "Point", "coordinates": [-116.63, 35.2805]}}, {"type": "Feature", "id": "C83", "properties": {"elevation": 15.745778, "sname": "Byron", "time_domain": "(2018-Now)", "archive_begin": "2018-08-03", "archive_end": null, "state": "CA", "country": "US", "climate_site": "CA9001", "wfo": "MTR", "tzname": "America/Los_Angeles", "ncdc81": "USC00049001", "ncei91": "USC00049001", "ugc_county": "CAC013", "ugc_zone": "CAZ510", "county": "Contra Costa", "sid": "C83", "network": "CA_ASOS", "online": true, "synop": null, "attributes": {"HAS_PHOUR": "1", "GHCNH_ID": "USI0000KC83", "METAR_RESET_MINUTE": "55"}}, "geometry": {"type": "Point", "coordinates": [-121.6244, 37.8276]}}, {"type": "Feature", "id": "CCB", "properties": {"elevation": 433.58063, "sname": "Cable", "time_domain": "(2018-Now)", "archive_begin": "2018-11-06", "archive_end": null, "state": "CA", "country": "US", "climate_site": "CA0192", "wfo": "SGX", "tzname": "America/Los_Angeles", "ncdc81": "USC00047050", "ncei91": "USC00047050", "ugc_county": "CAC071", "ugc_zone": "CAZ048", "county": "San Bernardino", "sid": "CCB", "network": "CA_ASOS", "online": true, "synop": null, "attributes": {"METAR_RESET_MINUTE": "55", "HAS_PHOUR": "1", "GHCNH_ID": "USI0000KCCB"}}, "geometry": {"type": "Point", "coordinates": [-117.6874, 34.1116]}}, {"type": "Feature", "id": "CCR", "properties": {"elevation": 4.874773, "sname": "Concord/Buchanan", "time_domain": "(1969-Now)", "archive_begin": "1969-01-01", "archive_end": null, "state": "CA", "country": "US", "climate_site": "CA5915", "wfo": "MTR", "tzname": "America/Los_Angeles", "ncdc81": "USW00023254", "ncei91": "USW00023254", "ugc_county": "CAC013", "ugc_zone": "CAZ510", "county": "Contra Costa", "sid": "CCR", "network": "CA_ASOS", "online": true, "synop": null, "attributes": {"HAS_PHOUR": "1", "HAS1MIN": "1", "METAR_RESET_MINUTE": "53", "GHCNH_ID": "USW00023254"}}, "geometry": {"type": "Point", "coordinates": [-122.0526, 37.9916]}}, {"type": "Feature", "id": "CEC", "properties": {"elevation": 19.57429, "sname": "Crescent City", "time_domain": "(1949-Now)", "archive_begin": "1949-10-15", "archive_end": null, "state": "CA", "country": "US", "climate_site": "OR1055", "wfo": "EKA", "tzname": "America/Los_Angeles", "ncdc81": "USW00024286", "ncei91": "USW00024286", "ugc_county": "CAC015", "ugc_zone": "CAZ201", "county": "Del Norte", "sid": "CEC", "network": "CA_ASOS", "online": true, "synop": 24286, "attributes": {"HAS1MIN": "1", "METAR_RESET_MINUTE": "56", "HAS_PHOUR": "1", "HASTAF": "1", "GHCNH_ID": "USW00024286"}}, "geometry": {"type": "Point", "coordinates": [-124.238, 41.7837]}}, {"type": "Feature", "id": "CIC", "properties": {"elevation": 73.0, "sname": "CHICO MUNICIPAL", "time_domain": "(1942-Now)", "archive_begin": "1942-05-06", "archive_end": null, "state": "CA", "country": "US", "climate_site": "CA1715", "wfo": "STO", "tzname": "America/Los_Angeles", "ncdc81": "USC00041715", "ncei91": "USC00041715", "ugc_county": "CAC007", "ugc_zone": "CAZ016", "county": "Butte", "sid": "CIC", "network": "CA_ASOS", "online": true, "synop": 93203, "attributes": {"HAS_PHOUR": "1", "METAR_RESET_MINUTE": "55", "GHCNH_ID": "USW00093203"}}, "geometry": {"type": "Point", "coordinates": [-121.8584, 39.7954]}}, {"type": "Feature", "id": "CMA", "properties": {"elevation": 23.0, "sname": "CAMARILLO (AWOS)", "time_domain": "(1952-Now)", "archive_begin": "1952-12-09", "archive_end": null, "state": "CA", "country": "US", "climate_site": "CA6399", "wfo": "LOX", "tzname": "America/Los_Angeles", "ncdc81": "USW00023136", "ncei91": "USW00023136", "ugc_county": "CAC111", "ugc_zone": "CAZ040", "county": "Ventura", "sid": "CMA", "network": "CA_ASOS", "online": true, "synop": 23136, "attributes": {"HAS_PHOUR": "1", "HAS1MIN": "1", "METAR_RESET_MINUTE": "55", "HASTAF": "1", "GHCNH_ID": "USW00023136"}}, "geometry": {"type": "Point", "coordinates": [-119.0944, 34.2138]}}, {"type": "Feature", "id": "CNO", "properties": {"elevation": 198.0, "sname": "CHINO AIRPORT", "time_domain": "(1977-Now)", "archive_begin": "1977-07-04", "archive_end": null, "state": "CA", "country": "US", "climate_site": "CA0192", "wfo": "SGX", "tzname": "America/Los_Angeles", "ncdc81": "USW00003179", "ncei91": "USW00003179", "ugc_county": "CAC071", "ugc_zone": "CAZ048", "county": "San Bernardino", "sid": "CNO", "network": "CA_ASOS", "online": true, "synop": 3179, "attributes": {"HAS_PHOUR": "1", "HAS1MIN": "1", "METAR_RESET_MINUTE": "53", "GHCNH_ID": "USW00003179"}}, "geometry": {"type": "Point", "coordinates": [-117.6361, 33.9753]}}, {"type": "Feature", "id": "CPU", "properties": {"elevation": 405.20996, "sname": "San Andreas", "time_domain": "(2018-Now)", "archive_begin": "2018-11-05", "archive_end": null, "state": "CA", "country": "US", "climate_site": "CA8353", "wfo": "STO", "tzname": "America/Los_Angeles", "ncdc81": "USC00042728", "ncei91": "USC00046174", "ugc_county": "CAC009", "ugc_zone": "CAZ220", "county": "Calaveras", "sid": "CPU", "network": "CA_ASOS", "online": true, "synop": null, "attributes": {"METAR_RESET_MINUTE": "55", "HAS_PHOUR": "1", "GHCNH_ID": "USI0000KCPU"}}, "geometry": {"type": "Point", "coordinates": [-120.6482, 38.1461]}}, {"type": "Feature", "id": "CQT", "properties": {"elevation": 56.0, "sname": "LOS ANGELES DOWNTOWN/USC", "time_domain": "(1900-2024)", "archive_begin": "1900-12-31", "archive_end": "2024-05-20", "state": "CA", "country": "US", "climate_site": "CA5115", "wfo": "LOX", "tzname": "America/Los_Angeles", "ncdc81": "USW00093134", "ncei91": "USW00093134", "ugc_county": "CAC037", "ugc_zone": "CAZ241", "county": "Los Angeles", "sid": "CQT", "network": "CA_ASOS", "online": false, "synop": 93134, "attributes": {"GHCNH_ID": "USW00093134", "HAS1MIN": "1", "METAR_RESET_MINUTE": "47"}}, "geometry": {"type": "Point", "coordinates": [-118.2912, 34.0235]}}, {"type": "Feature", "id": "CRQ", "properties": {"elevation": 100.0, "sname": "CARLSBAD/PALOMAR", "time_domain": "(1972-Now)", "archive_begin": "1972-12-31", "archive_end": null, "state": "CA", "country": "US", "climate_site": "CA9378", "wfo": "SGX", "tzname": "America/Los_Angeles", "ncdc81": "USW00003177", "ncei91": "USW00003177", "ugc_county": "CAC073", "ugc_zone": "CAZ243", "county": "San Diego", "sid": "CRQ", "network": "CA_ASOS", "online": true, "synop": 3177, "attributes": {"GHCNH_ID": "USW00003177", "METAR_RESET_MINUTE": "53", "HAS1MIN": "1", "HAS_PHOUR": "1", "HASTAF": "1"}}, "geometry": {"type": "Point", "coordinates": [-117.28, 33.13]}}, {"type": "Feature", "id": "CVH", "properties": {"elevation": 70.1, "sname": "Hollister", "time_domain": "(1945-Now)", "archive_begin": "1945-03-01", "archive_end": null, "state": "CA", "country": "US", "climate_site": "CA4025", "wfo": "MTR", "tzname": "America/Los_Angeles", "ncdc81": "USC00044025", "ncei91": "USC00044025", "ugc_county": "CAC069", "ugc_zone": "CAZ514", "county": "Monterey", "sid": "CVH", "network": "CA_ASOS", "online": true, "synop": 392, "attributes": {"GHCNH_ID": "USW00000392", "IS_AWOS": "1", "METAR_RESET_MINUTE": "55", "HAS_PHOUR": "1"}}, "geometry": {"type": "Point", "coordinates": [-121.4103, 36.8933]}}, {"type": "Feature", "id": "CZZ", "properties": {"elevation": 802.0, "sname": "CAMPO (AWRS)", "time_domain": "(1972-2020)", "archive_begin": "1972-12-31", "archive_end": "2020-10-26", "state": "CA", "country": "US", "climate_site": "CA1424", "wfo": "SGX", "tzname": "America/Los_Angeles", "ncdc81": "USW00003164", "ncei91": "USW00003164", "ugc_county": "CAC073", "ugc_zone": "CAZ258", "county": "San Diego", "sid": "CZZ", "network": "CA_ASOS", "online": false, "synop": 3164, "attributes": {"METAR_RESET_MINUTE": "52", "HAS1MIN": "1", "GHCNH_ID": "USW00003164"}}, "geometry": {"type": "Point", "coordinates": [-116.4683, 32.6261]}}, {"type": "Feature", "id": "DAG", "properties": {"elevation": 587.0, "sname": "BARSTOW-DAGGETT", "time_domain": "(1931-Now)", "archive_begin": "1931-12-21", "archive_end": null, "state": "CA", "country": "US", "climate_site": "CA0741", "wfo": "VEF", "tzname": "America/Los_Angeles", "ncdc81": "USW00023161", "ncei91": "USW00023161", "ugc_county": "CAC071", "ugc_zone": "CAZ028", "county": "San Bernardino", "sid": "DAG", "network": "CA_ASOS", "online": true, "synop": 23161, "attributes": {"HASTAF": "1", "GHCNH_ID": "USW00023161", "HAS_PHOUR": "1", "HAS1MIN": "1", "METAR_RESET_MINUTE": "50"}}, "geometry": {"type": "Point", "coordinates": [-116.7858, 34.8536]}}, {"type": "Feature", "id": "DLO", "properties": {"elevation": 95.71135, "sname": "Delano", "time_domain": "(2017-Now)", "archive_begin": "2017-01-05", "archive_end": null, "state": "CA", "country": "US", "climate_site": "CA0442", "wfo": "HNX", "tzname": "America/Los_Angeles", "ncdc81": "USC00049452", "ncei91": "USC00042346", "ugc_county": "CAC029", "ugc_zone": "CAZ092", "county": "Kern", "sid": "DLO", "network": "CA_ASOS", "online": true, "synop": null, "attributes": {"GHCNH_ID": "USI0000KDLO", "IS_AWOS": "1", "METAR_RESET_MINUTE": "55", "HAS_PHOUR": "1"}}, "geometry": {"type": "Point", "coordinates": [-119.2365, 35.7456]}}, {"type": "Feature", "id": "DVO", "properties": {"elevation": 1.0, "sname": "Novato", "time_domain": "(2007-Now)", "archive_begin": "2007-09-27", "archive_end": null, "state": "CA", "country": "US", "climate_site": "CA6826", "wfo": "MTR", "tzname": "America/Los_Angeles", "ncdc81": "USC00046826", "ncei91": "USC00046826", "ugc_county": "CAC041", "ugc_zone": "CAZ506", "county": "Marin", "sid": "DVO", "network": "CA_ASOS", "online": true, "synop": 135, "attributes": {"IS_AWOS": "1", "METAR_RESET_MINUTE": "55", "GHCNH_ID": "USW00000135", "HAS_PHOUR": "1"}}, "geometry": {"type": "Point", "coordinates": [-122.5561, 38.1436]}}, {"type": "Feature", "id": "DWA", "properties": {"elevation": 27.258173, "sname": "Yolo County", "time_domain": "(2020-Now)", "archive_begin": "2020-09-25", "archive_end": null, "state": "CA", "country": "US", "climate_site": "CA2294", "wfo": "STO", "tzname": "America/Los_Angeles", "ncdc81": "USC00042294", "ncei91": "USC00042294", "ugc_county": "CAC113", "ugc_zone": "CAZ017", "county": "Yolo", "sid": "DWA", "network": "CA_ASOS", "online": true, "synop": null, "attributes": {"HAS_PHOUR": "1", "METAR_RESET_MINUTE": "55"}}, "geometry": {"type": "Point", "coordinates": [-121.8569, 38.5794]}}, {"type": "Feature", "id": "E16", "properties": {"elevation": 86.0, "sname": "San Martin", "time_domain": "(2011-Now)", "archive_begin": "2011-09-21", "archive_end": null, "state": "CA", "country": "US", "climate_site": "CA3417", "wfo": "MTR", "tzname": "America/Los_Angeles", "ncdc81": "USC00043417", "ncei91": "USC00043417", "ugc_county": "CAC085", "ugc_zone": "CAZ021", "county": "Santa Clara", "sid": "E16", "network": "CA_ASOS", "online": true, "synop": 395, "attributes": {"GHCNH_ID": "USW00000395", "METAR_RESET_MINUTE": "55", "HAS_PHOUR": "1", "IS_AWOS": "1"}}, "geometry": {"type": "Point", "coordinates": [-121.5968, 37.0816]}}, {"type": "Feature", "id": "EDU", "properties": {"elevation": 21.0, "sname": "University", "time_domain": "(2008-Now)", "archive_begin": "2008-07-21", "archive_end": null, "state": "CA", "country": "US", "climate_site": "CA2294", "wfo": "STO", "tzname": "America/Los_Angeles", "ncdc81": "USC00042294", "ncei91": "USC00042294", "ugc_county": "CAC113", "ugc_zone": "CAZ217", "county": "Yolo", "sid": "EDU", "network": "CA_ASOS", "online": true, "synop": 174, "attributes": {"GHCNH_ID": "USW00000174", "METAR_RESET_MINUTE": "55", "HAS_PHOUR": "1"}}, "geometry": {"type": "Point", "coordinates": [-121.7865, 38.5315]}}, {"type": "Feature", "id": "EDW", "properties": {"elevation": 702.0, "sname": "EDWARDS AFB", "time_domain": "(1941-Now)", "archive_begin": "1941-12-01", "archive_end": null, "state": "CA", "country": "US", "climate_site": "CA4749", "wfo": "HNX", "tzname": "America/Los_Angeles", "ncdc81": "USC00045756", "ncei91": "USC00045756", "ugc_county": "CAC029", "ugc_zone": "CAZ299", "county": "Kern", "sid": "EDW", "network": "CA_ASOS", "online": true, "synop": 23114, "attributes": {"HAS_PHOUR": "1", "GHCNH_ID": "USW00023114", "METAR_RESET_MINUTE": "58"}}, "geometry": {"type": "Point", "coordinates": [-117.8837, 34.9054]}}, {"type": "Feature", "id": "EED", "properties": {"elevation": 302.0, "sname": "NEEDLES AIRPORT", "time_domain": "(1934-Now)", "archive_begin": "1934-03-11", "archive_end": null, "state": "CA", "country": "US", "climate_site": "NV7369", "wfo": "VEF", "tzname": "America/Los_Angeles", "ncdc81": "USW00023179", "ncei91": "USW00023179", "ugc_county": "CAC071", "ugc_zone": "CAZ029", "county": "San Bernardino", "sid": "EED", "network": "CA_ASOS", "online": true, "synop": 23179, "attributes": {"GHCNH_ID": "USW00023179", "HASTAF": "1", "HAS1MIN": "1", "METAR_RESET_MINUTE": "56", "HAS_PHOUR": "1"}}, "geometry": {"type": "Point", "coordinates": [-114.6233, 34.7664]}}, {"type": "Feature", "id": "EKA", "properties": {"elevation": 18.0, "sname": "EUREKA", "time_domain": "(1948-2025)", "archive_begin": "1948-01-01", "archive_end": "2025-03-09", "state": "CA", "country": "US", "climate_site": "CA2910", "wfo": "EKA", "tzname": "America/Los_Angeles", "ncdc81": "USW00024213", "ncei91": "USW00024213", "ugc_county": "CAC023", "ugc_zone": "CAZ201", "county": "Humboldt", "sid": "EKA", "network": "CA_ASOS", "online": false, "synop": 24213, "attributes": {"METAR_RESET_MINUTE": "0", "GHCNH_ID": "USW00024213"}}, "geometry": {"type": "Point", "coordinates": [-124.1603, 40.8097]}}, {"type": "Feature", "id": "EMT", "properties": {"elevation": 90.0, "sname": "EL MONTE", "time_domain": "(1985-Now)", "archive_begin": "1985-06-01", "archive_end": null, "state": "CA", "country": "US", "climate_site": "CA6719", "wfo": "LOX", "tzname": "America/Los_Angeles", "ncdc81": "USC00047785", "ncei91": "USC00047785", "ugc_county": "CAC037", "ugc_zone": "CAZ047", "county": "Los Angeles", "sid": "EMT", "network": "CA_ASOS", "online": true, "synop": 3165, "attributes": {"GHCNH_ID": "USW00003165", "METAR_RESET_MINUTE": "45"}}, "geometry": {"type": "Point", "coordinates": [-118.035, 34.086]}}, {"type": "Feature", "id": "F70", "properties": {"elevation": 409.44284, "sname": "Murrieta", "time_domain": "(2013-Now)", "archive_begin": "2013-10-16", "archive_end": null, "state": "CA", "country": "US", "climate_site": "CA2805", "wfo": "SGX", "tzname": "America/Los_Angeles", "ncdc81": "USC00048655", "ncei91": "USW00053151", "ugc_county": "CAC065", "ugc_zone": "CAZ048", "county": "Riverside", "sid": "F70", "network": "CA_ASOS", "online": true, "synop": 9999, "attributes": {"IS_AWOS": "1", "METAR_RESET_MINUTE": "55", "GHCNH_ID": "USI0000KF70", "HAS_PHOUR": "1"}}, "geometry": {"type": "Point", "coordinates": [-117.1285, 33.5742]}}, {"type": "Feature", "id": "FAT", "properties": {"elevation": 100.0, "sname": "FRESNO AIR TERMINAL", "time_domain": "(1941-Now)", "archive_begin": "1941-12-04", "archive_end": null, "state": "CA", "country": "US", "climate_site": "CA3257", "wfo": "HNX", "tzname": "America/Los_Angeles", "ncdc81": "USW00093193", "ncei91": "USW00093193", "ugc_county": "CAC019", "ugc_zone": "CAZ090", "county": "Fresno", "sid": "FAT", "network": "CA_ASOS", "online": true, "synop": 93193, "attributes": {"HAS1MIN": "1", "HASTAF": "1", "HAS_PHOUR": "1", "GHCNH_ID": "USW00093193", "METAR_RESET_MINUTE": "53"}}, "geometry": {"type": "Point", "coordinates": [-119.7194, 36.78]}}, {"type": "Feature", "id": "FCH", "properties": {"elevation": 95.9209, "sname": "Fresno - Chandler", "time_domain": "(1933-Now)", "archive_begin": "1933-05-01", "archive_end": null, "state": "CA", "country": "US", "climate_site": "CA3257", "wfo": "HNX", "tzname": "America/Los_Angeles", "ncdc81": "USW00093193", "ncei91": "USW00093193", "ugc_county": "CAC019", "ugc_zone": "CAZ090", "county": "Fresno", "sid": "FCH", "network": "CA_ASOS", "online": true, "synop": 23167, "attributes": {"HAS_PHOUR": "1", "METAR_RESET_MINUTE": "55", "GHCNH_ID": "USW00023167"}}, "geometry": {"type": "Point", "coordinates": [-119.8203, 36.7321]}}, {"type": "Feature", "id": "FOT", "properties": {"elevation": 112.33614, "sname": "Fortuna", "time_domain": "(2011-Now)", "archive_begin": "2011-09-21", "archive_end": null, "state": "CA", "country": "US", "climate_site": "CA8045", "wfo": "EKA", "tzname": "America/Los_Angeles", "ncdc81": "USC00048045", "ncei91": "USC00048045", "ugc_county": "CAC023", "ugc_zone": "CAZ201", "county": "Humboldt", "sid": "FOT", "network": "CA_ASOS", "online": true, "synop": 396, "attributes": {"METAR_RESET_MINUTE": "55", "HAS_PHOUR": "1", "GHCNH_ID": "USW00000396"}}, "geometry": {"type": "Point", "coordinates": [-124.1327, 40.5539]}}, {"type": "Feature", "id": "FUL", "properties": {"elevation": 29.0, "sname": "FULLERTON MUNICIPAL", "time_domain": "(1972-Now)", "archive_begin": "1972-12-31", "archive_end": null, "state": "CA", "country": "US", "climate_site": "CA0192", "wfo": "SGX", "tzname": "America/Los_Angeles", "ncdc81": "USW00003166", "ncei91": "USW00003166", "ugc_county": "CAC059", "ugc_zone": "CAZ242", "county": "Orange", "sid": "FUL", "network": "CA_ASOS", "online": true, "synop": 3166, "attributes": {"HAS1MIN": "1", "HAS_PHOUR": "1", "GHCNH_ID": "USW00003166", "METAR_RESET_MINUTE": "53"}}, "geometry": {"type": "Point", "coordinates": [-117.98, 33.87]}}, {"type": "Feature", "id": "GOO", "properties": {"elevation": 949.5142, "sname": "Grass Valley", "time_domain": "(2011-Now)", "archive_begin": "2011-09-21", "archive_end": null, "state": "CA", "country": "US", "climate_site": "CA6136", "wfo": "STO", "tzname": "America/Los_Angeles", "ncdc81": "USC00046136", "ncei91": "USC00046136", "ugc_county": "CAC057", "ugc_zone": "CAZ267", "county": "Nevada", "sid": "GOO", "network": "CA_ASOS", "online": true, "synop": 397, "attributes": {"GHCNH_ID": "USW00000397", "METAR_RESET_MINUTE": "55", "HAS_PHOUR": "1"}}, "geometry": {"type": "Point", "coordinates": [-121.0031, 39.224]}}, {"type": "Feature", "id": "GXA", "properties": {"elevation": 926.0, "sname": "Palmdate - Gray Butte", "time_domain": "(2011-2025)", "archive_begin": "2011-08-24", "archive_end": "2025-02-13", "state": "CA", "country": "US", "climate_site": "CA6773", "wfo": "LOX", "tzname": "America/Los_Angeles", "ncdc81": "USC00042771", "ncei91": "USC00042771", "ugc_county": "CAC071", "ugc_zone": "CAZ260", "county": "San Bernardino", "sid": "GXA", "network": "CA_ASOS", "online": false, "synop": null, "attributes": {"METAR_RESET_MINUTE": "58", "GHCNH_ID": "USI0000KGXA"}}, "geometry": {"type": "Point", "coordinates": [-117.6607, 34.5661]}}, {"type": "Feature", "id": "HAF", "properties": {"elevation": 9.366775, "sname": "Half Moon Bay", "time_domain": "(2010-Now)", "archive_begin": "2010-01-13", "archive_end": null, "state": "CA", "country": "US", "climate_site": "CA3714", "wfo": "MTR", "tzname": "America/Los_Angeles", "ncdc81": "USC00043714", "ncei91": "USC00043714", "ugc_county": "CAC081", "ugc_zone": "CAZ275", "county": "San Mateo", "sid": "HAF", "network": "CA_ASOS", "online": true, "synop": null, "attributes": {"HAS_PHOUR": "1", "METAR_RESET_MINUTE": "55", "IS_AWOS": "1", "HASTAF": "1", "GHCNH_ID": "USW00000228"}}, "geometry": {"type": "Point", "coordinates": [-122.4996, 37.5136]}}, {"type": "Feature", "id": "HHR", "properties": {"elevation": 19.0, "sname": "HAWTHORNE MUNICIPAL", "time_domain": "(1972-Now)", "archive_begin": "1972-12-31", "archive_end": null, "state": "CA", "country": "US", "climate_site": "CA5114", "wfo": "LOX", "tzname": "America/Los_Angeles", "ncdc81": "USW00003167", "ncei91": "USW00003167", "ugc_county": "CAC037", "ugc_zone": "CAZ241", "county": "Los Angeles", "sid": "HHR", "network": "CA_ASOS", "online": true, "synop": 3167, "attributes": {"GHCNH_ID": "USW00003167", "METAR_RESET_MINUTE": "53", "HAS1MIN": "1", "HAS_PHOUR": "1"}}, "geometry": {"type": "Point", "coordinates": [-118.3352, 33.9228]}}, {"type": "Feature", "id": "HJO", "properties": {"elevation": 76.36669, "sname": "Hanford", "time_domain": "(1998-Now)", "archive_begin": "1998-05-01", "archive_end": null, "state": "CA", "country": "US", "climate_site": "CA3747", "wfo": "HNX", "tzname": "America/Los_Angeles", "ncdc81": "USW00053119", "ncei91": "USW00053119", "ugc_county": "CAC031", "ugc_zone": "CAZ291", "county": "Kings", "sid": "HJO", "network": "CA_ASOS", "online": true, "synop": null, "attributes": {"HAS_PHOUR": "1", "HAS1MIN": "1", "METAR_RESET_MINUTE": "53", "GHCNH_ID": "USW00053119"}}, "geometry": {"type": "Point", "coordinates": [-119.6232, 36.3114]}}, {"type": "Feature", "id": "HMT", "properties": {"elevation": 461.64716, "sname": "Hemet", "time_domain": "(2019-Now)", "archive_begin": "2019-11-21", "archive_end": null, "state": "CA", "country": "US", "climate_site": "CA7813", "wfo": "SGX", "tzname": "America/Los_Angeles", "ncdc81": "USC00047813", "ncei91": "USC00047813", "ugc_county": "CAC065", "ugc_zone": "CAZ048", "county": "Riverside", "sid": "HMT", "network": "CA_ASOS", "online": true, "synop": null, "attributes": {"HAS_PHOUR": "1", "GHCNH_ID": "USI0000KHMT", "IS_AWOS": "1", "METAR_RESET_MINUTE": "55"}}, "geometry": {"type": "Point", "coordinates": [-117.022, 33.734]}}, {"type": "Feature", "id": "HWD", "properties": {"elevation": 8.88734, "sname": "Hayward", "time_domain": "(1972-Now)", "archive_begin": "1972-12-31", "archive_end": null, "state": "CA", "country": "US", "climate_site": "CA6336", "wfo": "MTR", "tzname": "America/Los_Angeles", "ncdc81": "USW00093228", "ncei91": "USW00093228", "ugc_county": "CAC001", "ugc_zone": "CAZ508", "county": "Alameda", "sid": "HWD", "network": "CA_ASOS", "online": true, "synop": null, "attributes": {"GHCNH_ID": "USW00093228", "HAS1MIN": "1", "METAR_RESET_MINUTE": "54", "HAS_PHOUR": "1"}}, "geometry": {"type": "Point", "coordinates": [-122.1212, 37.6588]}}, {"type": "Feature", "id": "IPL", "properties": {"elevation": -15.0, "sname": "IMPERIAL", "time_domain": "(1972-Now)", "archive_begin": "1972-12-31", "archive_end": null, "state": "CA", "country": "US", "climate_site": "CA1424", "wfo": "PSR", "tzname": "America/Los_Angeles", "ncdc81": "USW00003144", "ncei91": "USW00003144", "ugc_county": "CAC025", "ugc_zone": "CAZ232", "county": "Imperial", "sid": "IPL", "network": "CA_ASOS", "online": true, "synop": 3144, "attributes": {"METAR_RESET_MINUTE": "53", "HAS_PHOUR": "1", "GHCNH_ID": "USW00003144", "HASTAF": "1", "HAS1MIN": "1"}}, "geometry": {"type": "Point", "coordinates": [-115.5787, 32.8342]}}, {"type": "Feature", "id": "IYK", "properties": {"elevation": 749.0, "sname": "INYOKERN", "time_domain": "(1973-2013)", "archive_begin": "1973-06-21", "archive_end": "2013-11-04", "state": "CA", "country": "US", "climate_site": "CA7253", "wfo": "HNX", "tzname": "America/Los_Angeles", "ncdc81": "USC00044278", "ncei91": "USC00044278", "ugc_county": "CAC029", "ugc_zone": "CAZ298", "county": "Kern", "sid": "IYK", "network": "CA_ASOS", "online": false, "synop": 93194, "attributes": {"METAR_RESET_MINUTE": "45", "GHCNH_ID": "USW00093194"}}, "geometry": {"type": "Point", "coordinates": [-117.8295, 35.6587]}}, {"type": "Feature", "id": "IZA", "properties": {"elevation": 205.0, "sname": "SANTA YNEZ", "time_domain": "(1977-Now)", "archive_begin": "1977-06-29", "archive_end": null, "state": "CA", "country": "US", "climate_site": "CA7905", "wfo": "LOX", "tzname": "America/Los_Angeles", "ncdc81": "USC00041253", "ncei91": "USC00041253", "ugc_county": "CAC083", "ugc_zone": "CAZ236", "county": "Santa Barbara", "sid": "IZA", "network": "CA_ASOS", "online": true, "synop": 93244, "attributes": {"METAR_RESET_MINUTE": "55", "HAS_PHOUR": "1", "GHCNH_ID": "USW00093244", "IS_AWOS": "1"}}, "geometry": {"type": "Point", "coordinates": [-120.0756, 34.6068]}}, {"type": "Feature", "id": "JAQ", "properties": {"elevation": 511.72168, "sname": "Jackson", "time_domain": "(2016-Now)", "archive_begin": "2016-05-22", "archive_end": null, "state": "CA", "country": "US", "climate_site": "CA8353", "wfo": "STO", "tzname": "America/Los_Angeles", "ncdc81": "USC00048713", "ncei91": "USC00048713", "ugc_county": "CAC005", "ugc_zone": "CAZ067", "county": "Amador", "sid": "JAQ", "network": "CA_ASOS", "online": true, "synop": null, "attributes": {"METAR_RESET_MINUTE": "55", "GHCNH_ID": "USI0000KJAQ", "HAS_PHOUR": "1", "IS_AWOS": "1"}}, "geometry": {"type": "Point", "coordinates": [-120.7943, 38.3742]}}, {"type": "Feature", "id": "L08", "properties": {"elevation": 160.0246, "sname": "Borrego Springs", "time_domain": "(2018-Now)", "archive_begin": "2018-08-17", "archive_end": null, "state": "CA", "country": "US", "climate_site": "CA2239", "wfo": "SGX", "tzname": "America/Los_Angeles", "ncdc81": "USC00040983", "ncei91": "USC00040983", "ugc_county": "CAC073", "ugc_zone": "CAZ062", "county": "San Diego", "sid": "L08", "network": "CA_ASOS", "online": true, "synop": null, "attributes": {"GHCNH_ID": "USI0000KL08", "IS_AWOS": "1", "METAR_RESET_MINUTE": "55", "HAS_PHOUR": "1"}}, "geometry": {"type": "Point", "coordinates": [-116.321, 33.259]}}, {"type": "Feature", "id": "L18", "properties": {"elevation": 213.52832, "sname": "Fallbrook", "time_domain": "(2014-Now)", "archive_begin": "2014-02-06", "archive_end": null, "state": "CA", "country": "US", "climate_site": "CA9378", "wfo": "SGX", "tzname": "America/Los_Angeles", "ncdc81": "USW00003154", "ncei91": "USW00053151", "ugc_county": "CAC073", "ugc_zone": "CAZ050", "county": "San Diego", "sid": "L18", "network": "CA_ASOS", "online": true, "synop": 9999, "attributes": {"METAR_RESET_MINUTE": "55", "HAS_PHOUR": "1", "GHCNH_ID": "USI0000KL18", "IS_AWOS": "1"}}, "geometry": {"type": "Point", "coordinates": [-117.2509, 33.3542]}}, {"type": "Feature", "id": "L35", "properties": {"elevation": 2058.0, "sname": "Big Bear City", "time_domain": "(1982-Now)", "archive_begin": "1982-01-01", "archive_end": null, "state": "CA", "country": "US", "climate_site": "CA0741", "wfo": "SGX", "tzname": "America/Los_Angeles", "ncdc81": "USC00040741", "ncei91": "USC00040741", "ugc_county": "CAC071", "ugc_zone": "CAZ255", "county": "San Bernardino", "sid": "L35", "network": "CA_ASOS", "online": true, "synop": 9999, "attributes": {"IS_AWOS": "1", "METAR_RESET_MINUTE": "55", "HAS_PHOUR": "1", "GHCNH_ID": "USW00000115"}}, "geometry": {"type": "Point", "coordinates": [-116.856, 34.2638]}}, {"type": "Feature", "id": "L52", "properties": {"elevation": 5.0, "sname": "Oceano County", "time_domain": "(2018-2023)", "archive_begin": "2018-07-19", "archive_end": "2023-04-09", "state": "CA", "country": "US", "climate_site": "CA6943", "wfo": "LOX", "tzname": "America/Los_Angeles", "ncdc81": "USC00046943", "ncei91": "USC00046943", "ugc_county": "CAC079", "ugc_zone": "CAZ234", "county": "San Luis Obispo", "sid": "L52", "network": "CA_ASOS", "online": false, "synop": null, "attributes": {"GHCNH_ID": "USI0000KL52", "METAR_RESET_MINUTE": "55"}}, "geometry": {"type": "Point", "coordinates": [-120.6224, 35.1015]}}, {"type": "Feature", "id": "LAX", "properties": {"elevation": 32.0, "sname": "LOS ANGELES INTL", "time_domain": "(1931-Now)", "archive_begin": "1931-06-02", "archive_end": null, "state": "CA", "country": "US", "climate_site": "CA5114", "wfo": "LOX", "tzname": "America/Los_Angeles", "ncdc81": "USW00023174", "ncei91": "USW00023174", "ugc_county": "CAC037", "ugc_zone": "CAZ241", "county": "Los Angeles", "sid": "LAX", "network": "CA_ASOS", "online": true, "synop": 23174, "attributes": {"HAS1MIN": "1", "METAR_RESET_MINUTE": "53", "HASTAF": "1", "GHCNH_ID": "USW00023174", "HAS_PHOUR": "1"}}, "geometry": {"type": "Point", "coordinates": [-118.3865, 33.9382]}}, {"type": "Feature", "id": "LGB", "properties": {"elevation": 12.0, "sname": "LONG BEACH AIRPORT", "time_domain": "(1930-Now)", "archive_begin": "1930-12-07", "archive_end": null, "state": "CA", "country": "US", "climate_site": "CA5085", "wfo": "LOX", "tzname": "America/Los_Angeles", "ncdc81": "USW00023129", "ncei91": "USW00023129", "ugc_county": "CAC037", "ugc_zone": "CAZ241", "county": "Los Angeles", "sid": "LGB", "network": "CA_ASOS", "online": true, "synop": 23129, "attributes": {"METAR_RESET_MINUTE": "53", "HAS_PHOUR": "1", "GHCNH_ID": "USW00023129", "HASTAF": "1", "HAS1MIN": "1"}}, "geometry": {"type": "Point", "coordinates": [-118.1472, 33.8118]}}, {"type": "Feature", "id": "LHM", "properties": {"elevation": 36.9, "sname": "Lincoln", "time_domain": "(2008-Now)", "archive_begin": "2008-12-04", "archive_end": null, "state": "CA", "country": "US", "climate_site": "CA0383", "wfo": "STO", "tzname": "America/Los_Angeles", "ncdc81": "USC00040383", "ncei91": "USC00040383", "ugc_county": "CAC061", "ugc_zone": "CAZ217", "county": "Placer", "sid": "LHM", "network": "CA_ASOS", "online": true, "synop": 205, "attributes": {"GHCNH_ID": "USW00000205", "IS_AWOS": "1", "METAR_RESET_MINUTE": "55", "HAS_PHOUR": "1"}}, "geometry": {"type": "Point", "coordinates": [-121.3513, 38.9092]}}, {"type": "Feature", "id": "LLR", "properties": {"elevation": 169.0, "sname": "Little River", "time_domain": "(2025-Now)", "archive_begin": "2025-07-31", "archive_end": null, "state": "CA", "country": "US", "climate_site": "CA3161", "wfo": "EKA", "tzname": "America/Los_Angeles", "ncdc81": "USC00043161", "ncei91": "USC00043161", "ugc_county": "CAC045", "ugc_zone": "CAZ202", "county": "Mendocino", "sid": "LLR", "network": "CA_ASOS", "online": true, "synop": null, "attributes": {"HAS_PHOUR": "1"}}, "geometry": {"type": "Point", "coordinates": [-123.7538, 39.2621]}}, {"type": "Feature", "id": "LPC", "properties": {"elevation": 27.0, "sname": "LOMPOC (AWOS)", "time_domain": "(1992-Now)", "archive_begin": "1992-04-09", "archive_end": null, "state": "CA", "country": "US", "climate_site": "CA5064", "wfo": "LOX", "tzname": "America/Los_Angeles", "ncdc81": "USC00045064", "ncei91": "USC00045064", "ugc_county": "CAC083", "ugc_zone": "CAZ235", "county": "Santa Barbara", "sid": "LPC", "network": "CA_ASOS", "online": true, "synop": 23243, "attributes": {"GHCNH_ID": "USW00023243", "HAS_PHOUR": "1", "METAR_RESET_MINUTE": "56"}}, "geometry": {"type": "Point", "coordinates": [-120.4675, 34.6656]}}, {"type": "Feature", "id": "LVK", "properties": {"elevation": 117.81407, "sname": "Livermore", "time_domain": "(1973-Now)", "archive_begin": "1973-06-25", "archive_end": null, "state": "CA", "country": "US", "climate_site": "CA4997", "wfo": "MTR", "tzname": "America/Los_Angeles", "ncdc81": "USW00023285", "ncei91": "USC00044997", "ugc_county": "CAC001", "ugc_zone": "CAZ510", "county": "Alameda", "sid": "LVK", "network": "CA_ASOS", "online": true, "synop": 23285, "attributes": {"HAS1MIN": "1", "HAS_PHOUR": "1", "GHCNH_ID": "USW00023285", "HASTAF": "1", "METAR_RESET_MINUTE": "53"}}, "geometry": {"type": "Point", "coordinates": [-121.8149, 37.6931]}}, {"type": "Feature", "id": "MAE", "properties": {"elevation": 76.45073, "sname": "Madera", "time_domain": "(1998-Now)", "archive_begin": "1998-10-01", "archive_end": null, "state": "CA", "country": "US", "climate_site": "CA3257", "wfo": "HNX", "tzname": "America/Los_Angeles", "ncdc81": "USW00093242", "ncei91": "USW00093242", "ugc_county": "CAC039", "ugc_zone": "CAZ290", "county": "Madera", "sid": "MAE", "network": "CA_ASOS", "online": true, "synop": 93242, "attributes": {"HAS1MIN": "1", "HAS_PHOUR": "1", "GHCNH_ID": "USW00093242", "METAR_RESET_MINUTE": "53"}}, "geometry": {"type": "Point", "coordinates": [-120.1107, 36.9849]}}, {"type": "Feature", "id": "MCC", "properties": {"elevation": 23.0, "sname": "Sacramento McClellan", "time_domain": "(1939-Now)", "archive_begin": "1939-11-09", "archive_end": null, "state": "CA", "country": "US", "climate_site": "CA7633", "wfo": "STO", "tzname": "America/Los_Angeles", "ncdc81": "USW00023271", "ncei91": "USW00023271", "ugc_county": "CAC067", "ugc_zone": "CAZ217", "county": "Sacramento", "sid": "MCC", "network": "CA_ASOS", "online": true, "synop": 23208, "attributes": {"GHCNH_ID": "USW00023208", "HASTAF": "1", "IS_AWOS": "1", "METAR_RESET_MINUTE": "55", "HAS_PHOUR": "1"}}, "geometry": {"type": "Point", "coordinates": [-121.4006, 38.667]}}, {"type": "Feature", "id": "MCE", "properties": {"elevation": 45.541286, "sname": "Merced", "time_domain": "(1983-Now)", "archive_begin": "1983-10-01", "archive_end": null, "state": "CA", "country": "US", "climate_site": "CA5532", "wfo": "HNX", "tzname": "America/Los_Angeles", "ncdc81": "USW00023257", "ncei91": "USC00045532", "ugc_county": "CAC047", "ugc_zone": "CAZ290", "county": "Merced", "sid": "MCE", "network": "CA_ASOS", "online": true, "synop": 23257, "attributes": {"HASTAF": "1", "HAS_PHOUR": "1", "HAS1MIN": "1", "METAR_RESET_MINUTE": "53", "GHCNH_ID": "USW00023257"}}, "geometry": {"type": "Point", "coordinates": [-120.5179, 37.286]}}, {"type": "Feature", "id": "MER", "properties": {"elevation": 57.0, "sname": "MERCED/CASTLE AF", "time_domain": "(1942-Now)", "archive_begin": "1942-01-01", "archive_end": null, "state": "CA", "country": "US", "climate_site": "CA5532", "wfo": "HNX", "tzname": "America/Los_Angeles", "ncdc81": "USC00045532", "ncei91": "USC00045532", "ugc_county": "CAC047", "ugc_zone": "CAZ090", "county": "Fresno", "sid": "MER", "network": "CA_ASOS", "online": true, "synop": 23203, "attributes": {"HASTAF": "1", "METAR_RESET_MINUTE": "55", "HAS_PHOUR": "1", "GHCNH_ID": "USW00023203"}}, "geometry": {"type": "Point", "coordinates": [-120.5682, 37.3805]}}, {"type": "Feature", "id": "MHR", "properties": {"elevation": 29.0, "sname": "MATHER FIELD", "time_domain": "(1930-Now)", "archive_begin": "1930-01-01", "archive_end": null, "state": "CA", "country": "US", "climate_site": "CA7633", "wfo": "STO", "tzname": "America/Los_Angeles", "ncdc81": "USW00023271", "ncei91": "USW00023271", "ugc_county": "CAC067", "ugc_zone": "CAZ217", "county": "Sacramento", "sid": "MHR", "network": "CA_ASOS", "online": true, "synop": 23206, "attributes": {"HASTAF": "1", "METAR_RESET_MINUTE": "55", "HAS_PHOUR": "1", "GHCNH_ID": "USW00023206"}}, "geometry": {"type": "Point", "coordinates": [-121.2972, 38.5553]}}, {"type": "Feature", "id": "MHS", "properties": {"elevation": 1080.7744, "sname": "Mount Shasta City", "time_domain": "(1948-Now)", "archive_begin": "1948-04-01", "archive_end": null, "state": "CA", "country": "US", "climate_site": "CA5983", "wfo": "MFR", "tzname": "America/Los_Angeles", "ncdc81": "USW00024215", "ncei91": "USC00045983", "ugc_county": "CAC093", "ugc_zone": "CAZ282", "county": "Siskiyou", "sid": "MHS", "network": "CA_ASOS", "online": true, "synop": null, "attributes": {"HAS_PHOUR": "1", "HAS1MIN": "1", "METAR_RESET_MINUTE": "56", "GHCNH_ID": "USW00024215"}}, "geometry": {"type": "Point", "coordinates": [-122.3171, 41.3149]}}, {"type": "Feature", "id": "MHV", "properties": {"elevation": 849.0, "sname": "MOJAVE", "time_domain": "(1986-Now)", "archive_begin": "1986-09-16", "archive_end": null, "state": "CA", "country": "US", "climate_site": "CA4749", "wfo": "HNX", "tzname": "America/Los_Angeles", "ncdc81": "USC00045756", "ncei91": "USC00045756", "ugc_county": "CAC029", "ugc_zone": "CAZ299", "county": "Kern", "sid": "MHV", "network": "CA_ASOS", "online": true, "synop": 3183, "attributes": {"GHCNH_ID": "USW00003183", "IS_AWOS": "1", "METAR_RESET_MINUTE": "0", "HAS_PHOUR": "1"}}, "geometry": {"type": "Point", "coordinates": [-118.152, 35.059]}}, {"type": "Feature", "id": "MMH", "properties": {"elevation": 2173.0, "sname": "MAMMOTH/JUNE LAKES", "time_domain": "(1984-Now)", "archive_begin": "1984-03-31", "archive_end": null, "state": "CA", "country": "US", "climate_site": "CA4881", "wfo": "REV", "tzname": "America/Los_Angeles", "ncdc81": "USC00044881", "ncei91": "USC00045280", "ugc_county": "CAC051", "ugc_zone": "CAZ273", "county": "Mono", "sid": "MMH", "network": "CA_ASOS", "online": true, "synop": 3181, "attributes": {"HASTAF": "1", "METAR_RESET_MINUTE": "56", "IS_AWOS": "1", "GHCNH_ID": "USW00003181", "HAS_PHOUR": "1"}}, "geometry": {"type": "Point", "coordinates": [-118.8388, 37.6241]}}, {"type": "Feature", "id": "MOD", "properties": {"elevation": 30.0, "sname": "MODESTO CITY/SHAM", "time_domain": "(1972-Now)", "archive_begin": "1972-12-31", "archive_end": null, "state": "CA", "country": "US", "climate_site": "CA5738", "wfo": "STO", "tzname": "America/Los_Angeles", "ncdc81": "USW00023258", "ncei91": "USW00023258", "ugc_county": "CAC099", "ugc_zone": "CAZ219", "county": "Stanislaus", "sid": "MOD", "network": "CA_ASOS", "online": true, "synop": 23258, "attributes": {"HAS_PHOUR": "1", "GHCNH_ID": "USW00023258", "HASTAF": "1", "METAR_RESET_MINUTE": "53", "HAS1MIN": "1"}}, "geometry": {"type": "Point", "coordinates": [-120.9544, 37.6258]}}, {"type": "Feature", "id": "MRY", "properties": {"elevation": 45.859528, "sname": "Monterey Peninsula", "time_domain": "(1945-Now)", "archive_begin": "1945-03-01", "archive_end": null, "state": "CA", "country": "US", "climate_site": "CA5795", "wfo": "MTR", "tzname": "America/Los_Angeles", "ncdc81": "USW00023259", "ncei91": "USW00023259", "ugc_county": "CAC053", "ugc_zone": "CAZ209", "county": "Monterey", "sid": "MRY", "network": "CA_ASOS", "online": true, "synop": null, "attributes": {"GHCNH_ID": "USW00023259", "HAS_PHOUR": "1", "HAS1MIN": "1", "METAR_RESET_MINUTE": "54", "HASTAF": "1"}}, "geometry": {"type": "Point", "coordinates": [-121.8488, 36.5904]}}, {"type": "Feature", "id": "MWS", "properties": {"elevation": 1739.0, "sname": "MOUNT WILSON", "time_domain": "(1949-Now)", "archive_begin": "1949-01-01", "archive_end": null, "state": "CA", "country": "US", "climate_site": "CA6719", "wfo": "LOX", "tzname": "America/Los_Angeles", "ncdc81": "USC00046006", "ncei91": "USC00046006", "ugc_county": "CAC037", "ugc_zone": "CAZ254", "county": "Los Angeles", "sid": "MWS", "network": "CA_ASOS", "online": true, "synop": 93136, "attributes": {"METAR_RESET_MINUTE": "0", "GHCNH_ID": "USW00093136", "HAS_PHOUR": "1"}}, "geometry": {"type": "Point", "coordinates": [-118.0667, 34.2333]}}, {"type": "Feature", "id": "MYF", "properties": {"elevation": 124.0, "sname": "SAN DIEGO/MONTG", "time_domain": "(1973-Now)", "archive_begin": "1973-01-01", "archive_end": null, "state": "CA", "country": "US", "climate_site": "CA7740", "wfo": "SGX", "tzname": "America/Los_Angeles", "ncdc81": "USW00003131", "ncei91": "USW00003131", "ugc_county": "CAC073", "ugc_zone": "CAZ243", "county": "San Diego", "sid": "MYF", "network": "CA_ASOS", "online": true, "synop": 3131, "attributes": {"METAR_RESET_MINUTE": "53", "HAS1MIN": "1", "HAS_PHOUR": "1", "GHCNH_ID": "USW00003131"}}, "geometry": {"type": "Point", "coordinates": [-117.1396, 32.8157]}}, {"type": "Feature", "id": "MYV", "properties": {"elevation": 16.997013, "sname": "Marysville/Yuba County", "time_domain": "(1943-Now)", "archive_begin": "1943-08-11", "archive_end": null, "state": "CA", "country": "US", "climate_site": "CA6521", "wfo": "STO", "tzname": "America/Los_Angeles", "ncdc81": "USW00093205", "ncei91": "USW00093205", "ugc_county": "CAC115", "ugc_zone": "CAZ216", "county": "Yuba", "sid": "MYV", "network": "CA_ASOS", "online": true, "synop": null, "attributes": {"GHCNH_ID": "USW00093205", "HAS_PHOUR": "1", "HAS1MIN": "1", "METAR_RESET_MINUTE": "53"}}, "geometry": {"type": "Point", "coordinates": [-121.5688, 39.102]}}, {"type": "Feature", "id": "NFG", "properties": {"elevation": 24.0, "sname": "CAMP PENDLETON MCAS", "time_domain": "(1966-Now)", "archive_begin": "1966-07-01", "archive_end": null, "state": "CA", "country": "US", "climate_site": "CA9378", "wfo": "SGX", "tzname": "America/Los_Angeles", "ncdc81": "USW00003154", "ncei91": "USW00053121", "ugc_county": "CAC073", "ugc_zone": "CAZ243", "county": "San Diego", "sid": "NFG", "network": "CA_ASOS", "online": true, "synop": 3154, "attributes": {"GHCNH_ID": "USW00003154", "HAS_PHOUR": "1", "METAR_RESET_MINUTE": "52"}}, "geometry": {"type": "Point", "coordinates": [-117.3552, 33.3011]}}, {"type": "Feature", "id": "NID", "properties": {"elevation": 696.0, "sname": "CHINA LAKE (NAF)", "time_domain": "(1945-Now)", "archive_begin": "1945-04-01", "archive_end": null, "state": "CA", "country": "US", "climate_site": "CA7253", "wfo": "HNX", "tzname": "America/Los_Angeles", "ncdc81": "USC00044278", "ncei91": "USW00093104", "ugc_county": "CAC029", "ugc_zone": "CAZ298", "county": "Kern", "sid": "NID", "network": "CA_ASOS", "online": true, "synop": 93104, "attributes": {"HAS1MIN": "1", "HAS_PHOUR": "1", "GHCNH_ID": "USW00093104", "METAR_RESET_MINUTE": "56"}}, "geometry": {"type": "Point", "coordinates": [-117.692, 35.6855]}}, {"type": "Feature", "id": "NJK", "properties": {"elevation": -17.0, "sname": "EL CENTRO NAF", "time_domain": "(1945-Now)", "archive_begin": "1945-02-01", "archive_end": null, "state": "CA", "country": "US", "climate_site": "CA1424", "wfo": "PSR", "tzname": "America/Los_Angeles", "ncdc81": "USW00003144", "ncei91": "USW00023199", "ugc_county": "CAC025", "ugc_zone": "CAZ232", "county": "Imperial", "sid": "NJK", "network": "CA_ASOS", "online": true, "synop": 23199, "attributes": {"GHCNH_ID": "USW00023199", "HAS_PHOUR": "1", "METAR_RESET_MINUTE": "56", "HAS1MIN": "1"}}, "geometry": {"type": "Point", "coordinates": [-115.6717, 32.8292]}}, {"type": "Feature", "id": "NKX", "properties": {"elevation": 128.0, "sname": "MIRAMAR NAS", "time_domain": "(1947-Now)", "archive_begin": "1947-07-01", "archive_end": null, "state": "CA", "country": "US", "climate_site": "CA7740", "wfo": "SGX", "tzname": "America/Los_Angeles", "ncdc81": "USW00093107", "ncei91": "USW00093107", "ugc_county": "CAC073", "ugc_zone": "CAZ243", "county": "San Diego", "sid": "NKX", "network": "CA_ASOS", "online": true, "synop": 93107, "attributes": {"METAR_RESET_MINUTE": "55", "HAS_PHOUR": "1", "GHCNH_ID": "USW00093107"}}, "geometry": {"type": "Point", "coordinates": [-117.1366, 32.8645]}}, {"type": "Feature", "id": "NLC", "properties": {"elevation": 72.0, "sname": "LEMOORE NAS/REEVES", "time_domain": "(1961-Now)", "archive_begin": "1961-07-01", "archive_end": null, "state": "CA", "country": "US", "climate_site": "CA3083", "wfo": "HNX", "tzname": "America/Los_Angeles", "ncdc81": "USW00023110", "ncei91": "USW00023110", "ugc_county": "CAC031", "ugc_zone": "CAZ291", "county": "Kings", "sid": "NLC", "network": "CA_ASOS", "online": true, "synop": 23110, "attributes": {"GHCNH_ID": "USW00023110", "HAS1MIN": "1", "HAS_PHOUR": "1", "METAR_RESET_MINUTE": "56"}}, "geometry": {"type": "Point", "coordinates": [-119.9521, 36.333]}}, {"type": "Feature", "id": "NRS", "properties": {"elevation": 7.0, "sname": "IMPERIAL BEACH/REAM", "time_domain": "(1945-Now)", "archive_begin": "1945-05-01", "archive_end": null, "state": "CA", "country": "US", "climate_site": "CA1758", "wfo": "SGX", "tzname": "America/Los_Angeles", "ncdc81": "USW00093115", "ncei91": "USW00093115", "ugc_county": "CAC073", "ugc_zone": "CAZ243", "county": "San Diego", "sid": "NRS", "network": "CA_ASOS", "online": true, "synop": 93115, "attributes": {"METAR_RESET_MINUTE": "53", "HAS1MIN": "1", "GHCNH_ID": "USW00093115", "HAS_PHOUR": "1"}}, "geometry": {"type": "Point", "coordinates": [-117.11, 32.5631]}}, {"type": "Feature", "id": "NSI", "properties": {"elevation": 154.0, "sname": "SAN NICOLAS ISLAND", "time_domain": "(1943-Now)", "archive_begin": "1943-06-16", "archive_end": null, "state": "CA", "country": "US", "climate_site": "CA7902", "wfo": "LOX", "tzname": "America/Los_Angeles", "ncdc81": "USW00093116", "ncei91": "USW00093111", "ugc_county": "CAC111", "ugc_zone": "CAZ087", "county": "Ventura", "sid": "NSI", "network": "CA_ASOS", "online": true, "synop": 93116, "attributes": {"GHCNH_ID": "USW00093116", "HAS_PHOUR": "1", "METAR_RESET_MINUTE": "53"}}, "geometry": {"type": "Point", "coordinates": [-119.4582, 33.2398]}}, {"type": "Feature", "id": "NTD", "properties": {"elevation": 2.0, "sname": "PT MUGU NAWS", "time_domain": "(1946-Now)", "archive_begin": "1946-03-01", "archive_end": null, "state": "CA", "country": "US", "climate_site": "CA6399", "wfo": "LOX", "tzname": "America/Los_Angeles", "ncdc81": "USW00093111", "ncei91": "USW00093111", "ugc_county": "CAC111", "ugc_zone": "CAZ040", "county": "Ventura", "sid": "NTD", "network": "CA_ASOS", "online": true, "synop": 93111, "attributes": {"HAS1MIN": "1", "HAS_PHOUR": "1", "GHCNH_ID": "USW00093111", "METAR_RESET_MINUTE": "52"}}, "geometry": {"type": "Point", "coordinates": [-119.12, 34.12]}}, {"type": "Feature", "id": "NUC", "properties": {"elevation": 55.0, "sname": "SAN CLEMENTE (AWOS)", "time_domain": "(1943-Now)", "archive_begin": "1943-06-09", "archive_end": null, "state": "CA", "country": "US", "climate_site": "CA5085", "wfo": "LOX", "tzname": "America/Los_Angeles", "ncdc81": "USW00023191", "ncei91": "USW00023191", "ugc_county": "CAC037", "ugc_zone": "CAZ087", "county": "Los Angeles", "sid": "NUC", "network": "CA_ASOS", "online": true, "synop": 93117, "attributes": {"HAS_PHOUR": "1", "GHCNH_ID": "USW00093117", "METAR_RESET_MINUTE": "56"}}, "geometry": {"type": "Point", "coordinates": [-118.5885, 33.0228]}}, {"type": "Feature", "id": "NUQ", "properties": {"elevation": 12.0, "sname": "MOFFETT NAS/MTN VIE", "time_domain": "(1945-Now)", "archive_begin": "1945-03-02", "archive_end": null, "state": "CA", "country": "US", "climate_site": "CA7821", "wfo": "MTR", "tzname": "America/Los_Angeles", "ncdc81": "USW00023244", "ncei91": "USW00023244", "ugc_county": "CAC085", "ugc_zone": "CAZ508", "county": "Santa Clara", "sid": "NUQ", "network": "CA_ASOS", "online": true, "synop": 23244, "attributes": {"METAR_RESET_MINUTE": "55", "HAS_PHOUR": "1", "GHCNH_ID": "USW00023244"}}, "geometry": {"type": "Point", "coordinates": [-122.049, 37.4059]}}, {"type": "Feature", "id": "NXF", "properties": {"elevation": 27.0, "sname": "Camp Pendleton", "time_domain": "(1975-Now)", "archive_begin": "1975-09-15", "archive_end": null, "state": "CA", "country": "US", "climate_site": "CA9378", "wfo": "SGX", "tzname": "America/Los_Angeles", "ncdc81": "USC00046377", "ncei91": "USC00046377", "ugc_county": "CAC073", "ugc_zone": "CAZ243", "county": "San Diego", "sid": "NXF", "network": "CA_ASOS", "online": true, "synop": 369, "attributes": {"GHCNH_ID": "USW00000369", "METAR_RESET_MINUTE": "56"}}, "geometry": {"type": "Point", "coordinates": [-117.4565, 33.2856]}}, {"type": "Feature", "id": "NXP", "properties": {"elevation": 626.0, "sname": "TWENTYNINE PALMS", "time_domain": "(1945-Now)", "archive_begin": "1945-05-01", "archive_end": null, "state": "CA", "country": "US", "climate_site": "CA0741", "wfo": "VEF", "tzname": "America/Los_Angeles", "ncdc81": "USC00044405", "ncei91": "USC00044405", "ugc_county": "CAC071", "ugc_zone": "CAZ028", "county": "San Bernardino", "sid": "NXP", "network": "CA_ASOS", "online": true, "synop": 93121, "attributes": {"HAS_PHOUR": "1", "METAR_RESET_MINUTE": "56", "GHCNH_ID": "USW00093121"}}, "geometry": {"type": "Point", "coordinates": [-116.1622, 34.2962]}}, {"type": "Feature", "id": "NZJ", "properties": {"elevation": 117.0, "sname": "EL TORO MCAS", "time_domain": "(1945-2012)", "archive_begin": "1945-03-01", "archive_end": "2012-01-01", "state": "CA", "country": "US", "climate_site": "CA4647", "wfo": "SGX", "tzname": "America/Los_Angeles", "ncdc81": "USW00093101", "ncei91": "USC00049087", "ugc_county": "CAC059", "ugc_zone": "CAZ242", "county": "Los Angeles", "sid": "NZJ", "network": "CA_ASOS", "online": false, "synop": 93101, "attributes": {"GHCNH_ID": "USW00093101", "METAR_RESET_MINUTE": "53"}}, "geometry": {"type": "Point", "coordinates": [-117.731, 33.676]}}, {"type": "Feature", "id": "NZY", "properties": {"elevation": 8.0, "sname": "NORTH ISLAND NAS", "time_domain": "(1945-Now)", "archive_begin": "1945-04-01", "archive_end": null, "state": "CA", "country": "US", "climate_site": "CA7740", "wfo": "SGX", "tzname": "America/Los_Angeles", "ncdc81": "USW00093112", "ncei91": "USW00093112", "ugc_county": "CAC073", "ugc_zone": "CAZ243", "county": "San Diego", "sid": "NZY", "network": "CA_ASOS", "online": true, "synop": 93112, "attributes": {"HAS1MIN": "1", "HAS_PHOUR": "1", "GHCNH_ID": "USW00093112", "METAR_RESET_MINUTE": "52"}}, "geometry": {"type": "Point", "coordinates": [-117.2098, 32.6922]}}, {"type": "Feature", "id": "O05", "properties": {"elevation": 1382.0, "sname": "Chester", "time_domain": "(2021-Now)", "archive_begin": "2021-06-23", "archive_end": null, "state": "CA", "country": "US", "climate_site": "CA1700", "wfo": "STO", "tzname": "America/Los_Angeles", "ncdc81": "USC00041700", "ncei91": "USC00041700", "ugc_county": "CAC063", "ugc_zone": "CAZ268", "county": "Plumas", "sid": "O05", "network": "CA_ASOS", "online": true, "synop": null, "attributes": {"HAS_PHOUR": "1", "METAR_RESET_MINUTE": "55"}}, "geometry": {"type": "Point", "coordinates": [-121.2427, 40.2865]}}, {"type": "Feature", "id": "O22", "properties": {"elevation": 646.0, "sname": "Columbia", "time_domain": "(2009-Now)", "archive_begin": "2009-02-10", "archive_end": null, "state": "CA", "country": "US", "climate_site": "CA8353", "wfo": "STO", "tzname": "America/Los_Angeles", "ncdc81": "USC00048353", "ncei91": "USC00048353", "ugc_county": "CAC109", "ugc_zone": "CAZ067", "county": "Stanislaus", "sid": "O22", "network": "CA_ASOS", "online": true, "synop": 206, "attributes": {"HAS_PHOUR": "1", "METAR_RESET_MINUTE": "55", "GHCNH_ID": "USW00000206", "IS_AWOS": "1"}}, "geometry": {"type": "Point", "coordinates": [-120.4146, 38.0304]}}, {"type": "Feature", "id": "O26", "properties": {"elevation": 1124.0, "sname": "Lone Pine", "time_domain": "(2025-Now)", "archive_begin": "2025-01-23", "archive_end": null, "state": "CA", "country": "US", "climate_site": "CA0343", "wfo": "VEF", "tzname": "America/Los_Angeles", "ncdc81": "USC00044232", "ncei91": "USC00044232", "ugc_county": "CAC027", "ugc_zone": "CAZ226", "county": "Inyo", "sid": "O26", "network": "CA_ASOS", "online": true, "synop": null, "attributes": {"IS_AWOS": "1", "HAS_PHOUR": "1"}}, "geometry": {"type": "Point", "coordinates": [-118.0493, 36.5886]}}, {"type": "Feature", "id": "O32", "properties": {"elevation": 118.203835, "sname": "Reedley", "time_domain": "(2018-Now)", "archive_begin": "2018-04-03", "archive_end": null, "state": "CA", "country": "US", "climate_site": "CA3257", "wfo": "HNX", "tzname": "America/Los_Angeles", "ncdc81": "USC00043256", "ncei91": "USC00043256", "ugc_county": "CAC019", "ugc_zone": "CAZ290", "county": "Fresno", "sid": "O32", "network": "CA_ASOS", "online": true, "synop": null, "attributes": {"GHCNH_ID": "USI0000KO32", "HAS_PHOUR": "1", "IS_AWOS": "1", "METAR_RESET_MINUTE": "55"}}, "geometry": {"type": "Point", "coordinates": [-119.451, 36.671]}}, {"type": "Feature", "id": "O54", "properties": {"elevation": 716.0, "sname": "Weaverville", "time_domain": "(2010-Now)", "archive_begin": "2010-10-30", "archive_end": null, "state": "CA", "country": "US", "climate_site": "CA9026", "wfo": "EKA", "tzname": "America/Los_Angeles", "ncdc81": "USC00049490", "ncei91": "USC00049490", "ugc_county": "CAC105", "ugc_zone": "CAZ283", "county": "Trinity", "sid": "O54", "network": "CA_ASOS", "online": true, "synop": 117, "attributes": {"HAS_PHOUR": "1", "GHCNH_ID": "USW00000117", "METAR_RESET_MINUTE": "55"}}, "geometry": {"type": "Point", "coordinates": [-122.9223, 40.7473]}}, {"type": "Feature", "id": "O61", "properties": {"elevation": 382.0, "sname": "Cameron Park", "time_domain": "(2025-Now)", "archive_begin": "2025-10-08", "archive_end": null, "state": "CA", "country": "US", "climate_site": "CA0383", "wfo": "STO", "tzname": "America/Los_Angeles", "ncdc81": "USC00046960", "ncei91": "USC00040383", "ugc_county": "CAC017", "ugc_zone": "CAZ067", "county": "El Dorado", "sid": "O61", "network": "CA_ASOS", "online": true, "synop": null, "attributes": {"HAS_PHOUR": "1"}}, "geometry": {"type": "Point", "coordinates": [-120.987, 38.684]}}, {"type": "Feature", "id": "O69", "properties": {"elevation": 27.5, "sname": "Petaluma", "time_domain": "(2011-Now)", "archive_begin": "2011-04-19", "archive_end": null, "state": "CA", "country": "US", "climate_site": "CA6826", "wfo": "MTR", "tzname": "America/Los_Angeles", "ncdc81": "USC00046826", "ncei91": "USC00046826", "ugc_county": "CAC097", "ugc_zone": "CAZ506", "county": "Sonoma", "sid": "O69", "network": "CA_ASOS", "online": true, "synop": 9999, "attributes": {"HAS_PHOUR": "1", "METAR_RESET_MINUTE": "55", "GHCNH_ID": "USW00000320"}}, "geometry": {"type": "Point", "coordinates": [-122.6053, 38.2578]}}, {"type": "Feature", "id": "O86", "properties": {"elevation": 729.63513, "sname": "Trinity Center", "time_domain": "(2012-Now)", "archive_begin": "2012-03-03", "archive_end": null, "state": "CA", "country": "US", "climate_site": "CA9026", "wfo": "EKA", "tzname": "America/Los_Angeles", "ncdc81": "USC00049026", "ncei91": "USC00049026", "ugc_county": "CAC105", "ugc_zone": "CAZ004", "county": "Trinity", "sid": "O86", "network": "CA_ASOS", "online": true, "synop": 9999, "attributes": {"GHCNH_ID": "USW00000346", "METAR_RESET_MINUTE": "50", "HAS_PHOUR": "1"}}, "geometry": {"type": "Point", "coordinates": [-122.6937, 40.9828]}}, {"type": "Feature", "id": "O87", "properties": {"elevation": 21.0, "sname": "SHELTER COVE", "time_domain": "(1972-2007)", "archive_begin": "1972-12-31", "archive_end": "2007-06-27", "state": "CA", "country": "US", "climate_site": "CA8045", "wfo": "EKA", "tzname": "America/Los_Angeles", "ncdc81": "USC00048163", "ncei91": "USC00047404", "ugc_county": "CAC023", "ugc_zone": "CAZ001", "county": "Humboldt", "sid": "O87", "network": "CA_ASOS", "online": false, "synop": 99999, "attributes": {"METAR_RESET_MINUTE": "55"}}, "geometry": {"type": "Point", "coordinates": [-124.0667, 40.0167]}}, {"type": "Feature", "id": "OAK", "properties": {"elevation": 2.0, "sname": "Oakland", "time_domain": "(1914-Now)", "archive_begin": "1914-05-01", "archive_end": null, "state": "CA", "country": "US", "climate_site": "CA6336", "wfo": "MTR", "tzname": "America/Los_Angeles", "ncdc81": "USW00023230", "ncei91": "USW00023230", "ugc_county": "CAC001", "ugc_zone": "CAZ508", "county": "Alameda", "sid": "OAK", "network": "CA_ASOS", "online": true, "synop": null, "attributes": {"GHCNH_ID": "USW00023230", "HAS_PHOUR": "1", "METAR_RESET_MINUTE": "53", "HAS1MIN": "1", "HASTAF": "1"}}, "geometry": {"type": "Point", "coordinates": [-122.233, 37.7178]}}, {"type": "Feature", "id": "OAR", "properties": {"elevation": 43.0, "sname": "Fort Ord Fritzsche AAF", "time_domain": "(2020-Now)", "archive_begin": "2020-11-05", "archive_end": null, "state": "CA", "country": "US", "climate_site": "CA7669", "wfo": "MTR", "tzname": "America/Los_Angeles", "ncdc81": "USC00047668", "ncei91": "USC00047668", "ugc_county": "CAC053", "ugc_zone": "CAZ530", "county": "Monterey", "sid": "OAR", "network": "CA_ASOS", "online": true, "synop": null, "attributes": {"METAR_RESET_MINUTE": "55", "HAS_PHOUR": "1", "GHCNH_ID": "USW00093217", "IS_AWOS": "1"}}, "geometry": {"type": "Point", "coordinates": [-121.7574, 36.6815]}}, {"type": "Feature", "id": "OKB", "properties": {"elevation": 9.0, "sname": "OCEANSIDE MUNICIPAL (WAS L32)", "time_domain": "(1983-Now)", "archive_begin": "1983-11-03", "archive_end": null, "state": "CA", "country": "US", "climate_site": "CA9378", "wfo": "SGX", "tzname": "America/Los_Angeles", "ncdc81": "USW00053121", "ncei91": "USW00053121", "ugc_county": "CAC073", "ugc_zone": "CAZ243", "county": "San Diego", "sid": "OKB", "network": "CA_ASOS", "online": true, "synop": 53121, "attributes": {"HAS1MIN": "1", "HAS_PHOUR": "1", "GHCNH_ID": "USW00053121", "METAR_RESET_MINUTE": "52"}}, "geometry": {"type": "Point", "coordinates": [-117.35, 33.22]}}, {"type": "Feature", "id": "ONT", "properties": {"elevation": 287.0, "sname": "ONTARIO INTL ARPT", "time_domain": "(1942-Now)", "archive_begin": "1942-12-15", "archive_end": null, "state": "CA", "country": "US", "climate_site": "CA0192", "wfo": "SGX", "tzname": "America/Los_Angeles", "ncdc81": "USW00003102", "ncei91": "USW00003102", "ugc_county": "CAC071", "ugc_zone": "CAZ048", "county": "San Bernardino", "sid": "ONT", "network": "CA_ASOS", "online": true, "synop": 3102, "attributes": {"HAS_PHOUR": "1", "HASTAF": "1", "METAR_RESET_MINUTE": "53", "HAS1MIN": "1", "GHCNH_ID": "USW00003102"}}, "geometry": {"type": "Point", "coordinates": [-117.6012, 34.056]}}, {"type": "Feature", "id": "OVE", "properties": {"elevation": 58.0, "sname": "OROVILLE", "time_domain": "(1998-Now)", "archive_begin": "1998-07-01", "archive_end": null, "state": "CA", "country": "US", "climate_site": "CA6521", "wfo": "STO", "tzname": "America/Los_Angeles", "ncdc81": "USW00093210", "ncei91": "USW00093210", "ugc_county": "CAC007", "ugc_zone": "CAZ016", "county": "Butte", "sid": "OVE", "network": "CA_ASOS", "online": true, "synop": 93210, "attributes": {"METAR_RESET_MINUTE": "53", "GHCNH_ID": "USW00093210", "HAS_PHOUR": "1", "HAS1MIN": "1"}}, "geometry": {"type": "Point", "coordinates": [-121.62, 39.49]}}, {"type": "Feature", "id": "OXR", "properties": {"elevation": 13.0, "sname": "OXNARD", "time_domain": "(1944-Now)", "archive_begin": "1944-04-01", "archive_end": null, "state": "CA", "country": "US", "climate_site": "CA6399", "wfo": "LOX", "tzname": "America/Los_Angeles", "ncdc81": "USW00093110", "ncei91": "USW00093110", "ugc_county": "CAC111", "ugc_zone": "CAZ040", "county": "Ventura", "sid": "OXR", "network": "CA_ASOS", "online": true, "synop": 93110, "attributes": {"HAS1MIN": "1", "HAS_PHOUR": "1", "METAR_RESET_MINUTE": "51", "HASTAF": "1", "GHCNH_ID": "USW00093110"}}, "geometry": {"type": "Point", "coordinates": [-119.2072, 34.2008]}}, {"type": "Feature", "id": "PAO", "properties": {"elevation": 2.0, "sname": "PALO ALTO AIRPORT", "time_domain": "(1984-Now)", "archive_begin": "1984-11-01", "archive_end": null, "state": "CA", "country": "US", "climate_site": "CA7339", "wfo": "MTR", "tzname": "America/Los_Angeles", "ncdc81": "USC00046646", "ncei91": "USC00046646", "ugc_county": "CAC085", "ugc_zone": "CAZ508", "county": "San Mateo", "sid": "PAO", "network": "CA_ASOS", "online": true, "synop": 23289, "attributes": {"GHCNH_ID": "USW00023289", "METAR_RESET_MINUTE": "47"}}, "geometry": {"type": "Point", "coordinates": [-122.1151, 37.4611]}}, {"type": "Feature", "id": "PMD", "properties": {"elevation": 774.0, "sname": "Palmdate", "time_domain": "(1948-Now)", "archive_begin": "1948-11-01", "archive_end": null, "state": "CA", "country": "US", "climate_site": "CA6624", "wfo": "LOX", "tzname": "America/Los_Angeles", "ncdc81": "USW00023182", "ncei91": "USW00023182", "ugc_county": "CAC037", "ugc_zone": "CAZ259", "county": "Los Angeles", "sid": "PMD", "network": "CA_ASOS", "online": true, "synop": 23182, "attributes": {"GHCNH_ID": "USW00023182", "HAS1MIN": "1", "METAR_RESET_MINUTE": "53", "HAS_PHOUR": "1", "HASTAF": "1"}}, "geometry": {"type": "Point", "coordinates": [-118.0846, 34.6294]}}, {"type": "Feature", "id": "POC", "properties": {"elevation": 308.0, "sname": "LA VERNE/BRACKETT", "time_domain": "(1978-Now)", "archive_begin": "1978-03-06", "archive_end": null, "state": "CA", "country": "US", "climate_site": "CA0192", "wfo": "LOX", "tzname": "America/Los_Angeles", "ncdc81": "USC00047050", "ncei91": "USC00047050", "ugc_county": "CAC037", "ugc_zone": "CAZ047", "county": "Los Angeles", "sid": "POC", "network": "CA_ASOS", "online": true, "synop": 3180, "attributes": {"METAR_RESET_MINUTE": "47", "GHCNH_ID": "USW00003180", "HAS_PHOUR": "1"}}, "geometry": {"type": "Point", "coordinates": [-117.7818, 34.0916]}}, {"type": "Feature", "id": "PRB", "properties": {"elevation": 251.18954, "sname": "Paso Robles", "time_domain": "(1941-Now)", "archive_begin": "1941-12-01", "archive_end": null, "state": "CA", "country": "US", "climate_site": "CA6742", "wfo": "LOX", "tzname": "America/Los_Angeles", "ncdc81": "USW00093209", "ncei91": "USW00093209", "ugc_county": "CAC079", "ugc_zone": "CAZ237", "county": "San Luis Obispo", "sid": "PRB", "network": "CA_ASOS", "online": true, "synop": null, "attributes": {"GHCNH_ID": "USW00093209", "HASTAF": "1", "METAR_RESET_MINUTE": "53", "HAS_PHOUR": "1", "HAS1MIN": "1"}}, "geometry": {"type": "Point", "coordinates": [-120.6291, 35.6694]}}, {"type": "Feature", "id": "PSP", "properties": {"elevation": 141.0, "sname": "PALM SPRINGS RGNL", "time_domain": "(1943-Now)", "archive_begin": "1943-05-10", "archive_end": null, "state": "CA", "country": "US", "climate_site": "CA4211", "wfo": "SGX", "tzname": "America/Los_Angeles", "ncdc81": "USW00093138", "ncei91": "USW00093138", "ugc_county": "CAC065", "ugc_zone": "CAZ261", "county": "Riverside", "sid": "PSP", "network": "CA_ASOS", "online": true, "synop": 93138, "attributes": {"GHCNH_ID": "USW00093138", "HAS1MIN": "1", "METAR_RESET_MINUTE": "53", "HASTAF": "1", "HAS_PHOUR": "1"}}, "geometry": {"type": "Point", "coordinates": [-116.5067, 33.8297]}}, {"type": "Feature", "id": "PTV", "properties": {"elevation": 133.0, "sname": "Porterville", "time_domain": "(1992-Now)", "archive_begin": "1992-01-29", "archive_end": null, "state": "CA", "country": "US", "climate_site": "CA4957", "wfo": "HNX", "tzname": "America/Los_Angeles", "ncdc81": "USC00047077", "ncei91": "USC00047077", "ugc_county": "CAC107", "ugc_zone": "CAZ312", "county": "Tulare", "sid": "PTV", "network": "CA_ASOS", "online": true, "synop": null, "attributes": {"METAR_RESET_MINUTE": "56", "GHCNH_ID": "USW00023149", "HAS_PHOUR": "1"}}, "geometry": {"type": "Point", "coordinates": [-119.0629, 36.0273]}}, {"type": "Feature", "id": "PVF", "properties": {"elevation": 788.0, "sname": "Placerville", "time_domain": "(2009-Now)", "archive_begin": "2009-07-10", "archive_end": null, "state": "CA", "country": "US", "climate_site": "CA0383", "wfo": "STO", "tzname": "America/Los_Angeles", "ncdc81": "USC00046960", "ncei91": "USC00043384", "ugc_county": "CAC017", "ugc_zone": "CAZ067", "county": "El Dorado", "sid": "PVF", "network": "CA_ASOS", "online": true, "synop": 227, "attributes": {"HAS_PHOUR": "1", "IS_AWOS": "1", "METAR_RESET_MINUTE": "55", "GHCNH_ID": "USW00000227"}}, "geometry": {"type": "Point", "coordinates": [-120.7533, 38.7242]}}, {"type": "Feature", "id": "RAL", "properties": {"elevation": 249.0, "sname": "RIVERSIDE MUNICIPAL", "time_domain": "(1977-Now)", "archive_begin": "1977-01-16", "archive_end": null, "state": "CA", "country": "US", "climate_site": "CA2805", "wfo": "SGX", "tzname": "America/Los_Angeles", "ncdc81": "USW00003171", "ncei91": "USW00003171", "ugc_county": "CAC065", "ugc_zone": "CAZ048", "county": "Riverside", "sid": "RAL", "network": "CA_ASOS", "online": true, "synop": 3171, "attributes": {"METAR_RESET_MINUTE": "53", "GHCNH_ID": "USW00003171", "HAS_PHOUR": "1", "HAS1MIN": "1"}}, "geometry": {"type": "Point", "coordinates": [-117.4451, 33.9519]}}, {"type": "Feature", "id": "RBL", "properties": {"elevation": 108.0, "sname": "RED BLUFF MUNICIPAL", "time_domain": "(1939-Now)", "archive_begin": "1939-01-16", "archive_end": null, "state": "CA", "country": "US", "climate_site": "CA7292", "wfo": "STO", "tzname": "America/Los_Angeles", "ncdc81": "USW00024216", "ncei91": "USW00024216", "ugc_county": "CAC103", "ugc_zone": "CAZ015", "county": "Tehama", "sid": "RBL", "network": "CA_ASOS", "online": true, "synop": 24216, "attributes": {"HAS1MIN": "1", "METAR_RESET_MINUTE": "54", "HASTAF": "1", "GHCNH_ID": "USW00024216", "HAS_PHOUR": "1"}}, "geometry": {"type": "Point", "coordinates": [-122.2536, 40.1519]}}, {"type": "Feature", "id": "RDD", "properties": {"elevation": 153.0, "sname": "REDDING MUNICIPAL", "time_domain": "(1944-Now)", "archive_begin": "1944-09-01", "archive_end": null, "state": "CA", "country": "US", "climate_site": "CA9621", "wfo": "STO", "tzname": "America/Los_Angeles", "ncdc81": "USW00024257", "ncei91": "USW00024257", "ugc_county": "CAC089", "ugc_zone": "CAZ015", "county": "Shasta", "sid": "RDD", "network": "CA_ASOS", "online": true, "synop": 24257, "attributes": {"HASTAF": "1", "GHCNH_ID": "USW00024257", "HAS_PHOUR": "1", "HAS1MIN": "1", "METAR_RESET_MINUTE": "53"}}, "geometry": {"type": "Point", "coordinates": [-122.2934, 40.509]}}, {"type": "Feature", "id": "RHV", "properties": {"elevation": 41.0, "sname": "SAN JOSE/REID/HILLV", "time_domain": "(1980-Now)", "archive_begin": "1980-04-09", "archive_end": null, "state": "CA", "country": "US", "climate_site": "CA5933", "wfo": "MTR", "tzname": "America/Los_Angeles", "ncdc81": "USW00023293", "ncei91": "USC00047821", "ugc_county": "CAC085", "ugc_zone": "CAZ021", "county": "Santa Clara", "sid": "RHV", "network": "CA_ASOS", "online": true, "synop": 93232, "attributes": {"METAR_RESET_MINUTE": "47", "HAS_PHOUR": "1", "GHCNH_ID": "USW00093232"}}, "geometry": {"type": "Point", "coordinates": [-121.82, 37.33]}}, {"type": "Feature", "id": "RIV", "properties": {"elevation": 469.0, "sname": "MARCH AFB/RIVERSIDE", "time_domain": "(1933-Now)", "archive_begin": "1933-01-01", "archive_end": null, "state": "CA", "country": "US", "climate_site": "CA2805", "wfo": "SGX", "tzname": "America/Los_Angeles", "ncdc81": "USC00047473", "ncei91": "USC00047473", "ugc_county": "CAC065", "ugc_zone": "CAZ048", "county": "Riverside", "sid": "RIV", "network": "CA_ASOS", "online": true, "synop": 23119, "attributes": {"METAR_RESET_MINUTE": "58", "GHCNH_ID": "USW00023119", "HAS_PHOUR": "1"}}, "geometry": {"type": "Point", "coordinates": [-117.25, 33.9]}}, {"type": "Feature", "id": "RNM", "properties": {"elevation": 425.0, "sname": "RAMONA AIRPORT", "time_domain": "(1999-Now)", "archive_begin": "1999-01-01", "archive_end": null, "state": "CA", "country": "US", "climate_site": "CA2863", "wfo": "SGX", "tzname": "America/Los_Angeles", "ncdc81": "USW00053120", "ncei91": "USW00053120", "ugc_county": "CAC073", "ugc_zone": "CAZ250", "county": "San Diego", "sid": "RNM", "network": "CA_ASOS", "online": true, "synop": 53120, "attributes": {"METAR_RESET_MINUTE": "53", "HAS1MIN": "1", "GHCNH_ID": "USW00053120", "HAS_PHOUR": "1"}}, "geometry": {"type": "Point", "coordinates": [-116.9152, 33.0392]}}, {"type": "Feature", "id": "SAC", "properties": {"elevation": 8.0, "sname": "SACRAMENTO/EXECUTIV", "time_domain": "(1931-Now)", "archive_begin": "1931-01-01", "archive_end": null, "state": "CA", "country": "US", "climate_site": "CA7630", "wfo": "STO", "tzname": "America/Los_Angeles", "ncdc81": "USW00023232", "ncei91": "USW00023232", "ugc_county": "CAC067", "ugc_zone": "CAZ217", "county": "Sacramento", "sid": "SAC", "network": "CA_ASOS", "online": true, "synop": 23232, "attributes": {"METAR_RESET_MINUTE": "53", "HAS_PHOUR": "1", "GHCNH_ID": "USW00023232", "HASTAF": "1", "HAS1MIN": "1"}}, "geometry": {"type": "Point", "coordinates": [-121.495, 38.5069]}}, {"type": "Feature", "id": "SAN", "properties": {"elevation": 9.0, "sname": "SAN DIEGO/LINDBERG", "time_domain": "(1930-Now)", "archive_begin": "1930-01-01", "archive_end": null, "state": "CA", "country": "US", "climate_site": "CA7740", "wfo": "SGX", "tzname": "America/Los_Angeles", "ncdc81": "USW00023188", "ncei91": "USW00023188", "ugc_county": "CAC073", "ugc_zone": "CAZ243", "county": "San Diego", "sid": "SAN", "network": "CA_ASOS", "online": true, "synop": 23188, "attributes": {"HAS_PHOUR": "1", "GHCNH_ID": "USW00023188", "HASTAF": "1", "METAR_RESET_MINUTE": "51", "HAS1MIN": "1"}}, "geometry": {"type": "Point", "coordinates": [-117.1845, 32.7339]}}, {"type": "Feature", "id": "SBA", "properties": {"elevation": 3.0, "sname": "SANTA BARBARA MUNI", "time_domain": "(1937-Now)", "archive_begin": "1937-01-01", "archive_end": null, "state": "CA", "country": "US", "climate_site": "CA7905", "wfo": "LOX", "tzname": "America/Los_Angeles", "ncdc81": "USW00023190", "ncei91": "USW00023190", "ugc_county": "CAC083", "ugc_zone": "CAZ239", "county": "Santa Barbara", "sid": "SBA", "network": "CA_ASOS", "online": true, "synop": 23190, "attributes": {"HASTAF": "1", "GHCNH_ID": "USW00023190", "HAS1MIN": "1", "METAR_RESET_MINUTE": "53", "HAS_PHOUR": "1"}}, "geometry": {"type": "Point", "coordinates": [-119.8436, 34.4261]}}, {"type": "Feature", "id": "SBD", "properties": {"elevation": 353.0, "sname": "San Bernardino", "time_domain": "(1943-Now)", "archive_begin": "1943-01-06", "archive_end": null, "state": "CA", "country": "US", "climate_site": "CA0609", "wfo": "SGX", "tzname": "America/Los_Angeles", "ncdc81": "USC00047723", "ncei91": "USC00047306", "ugc_county": "CAC071", "ugc_zone": "CAZ048", "county": "San Bernardino", "sid": "SBD", "network": "CA_ASOS", "online": true, "synop": 23122, "attributes": {"GHCNH_ID": "USW00023122", "HASTAF": "1", "HAS_PHOUR": "1", "METAR_RESET_MINUTE": "0"}}, "geometry": {"type": "Point", "coordinates": [-117.2349, 34.0954]}}, {"type": "Feature", "id": "SBP", "properties": {"elevation": 55.602818, "sname": "San Luis Obispo", "time_domain": "(1973-Now)", "archive_begin": "1973-02-27", "archive_end": null, "state": "CA", "country": "US", "climate_site": "CA7851", "wfo": "LOX", "tzname": "America/Los_Angeles", "ncdc81": "USW00093206", "ncei91": "USW00093206", "ugc_county": "CAC079", "ugc_zone": "CAZ234", "county": "San Luis Obispo", "sid": "SBP", "network": "CA_ASOS", "online": true, "synop": null, "attributes": {"HAS_PHOUR": "1", "HAS1MIN": "1", "METAR_RESET_MINUTE": "56", "HASTAF": "1", "GHCNH_ID": "USW00093206"}}, "geometry": {"type": "Point", "coordinates": [-120.6441, 35.2381]}}, {"type": "Feature", "id": "SCK", "properties": {"elevation": 8.0, "sname": "STOCKTON METRO", "time_domain": "(1941-Now)", "archive_begin": "1941-01-03", "archive_end": null, "state": "CA", "country": "US", "climate_site": "CA8558", "wfo": "STO", "tzname": "America/Los_Angeles", "ncdc81": "USW00023237", "ncei91": "USW00023237", "ugc_county": "CAC077", "ugc_zone": "CAZ219", "county": "San Joaquin", "sid": "SCK", "network": "CA_ASOS", "online": true, "synop": 23237, "attributes": {"HAS1MIN": "1", "HAS_PHOUR": "1", "GHCNH_ID": "USW00023237", "HASTAF": "1", "METAR_RESET_MINUTE": "55"}}, "geometry": {"type": "Point", "coordinates": [-121.2383, 37.8942]}}, {"type": "Feature", "id": "SDB", "properties": {"elevation": 1379.0, "sname": "SANDBURG (AUT)", "time_domain": "(1948-Now)", "archive_begin": "1948-01-01", "archive_end": null, "state": "CA", "country": "US", "climate_site": "CA7735", "wfo": "LOX", "tzname": "America/Los_Angeles", "ncdc81": "USW00023187", "ncei91": "USW00023187", "ugc_county": "CAC037", "ugc_zone": "CAZ254", "county": "Los Angeles", "sid": "SDB", "network": "CA_ASOS", "online": true, "synop": 23187, "attributes": {"HAS_PHOUR": "1", "METAR_RESET_MINUTE": "53", "HAS1MIN": "1", "GHCNH_ID": "USW00023187"}}, "geometry": {"type": "Point", "coordinates": [-118.7253, 34.7434]}}, {"type": "Feature", "id": "SDM", "properties": {"elevation": 160.0, "sname": "SAN DIEGO/BROWN FLD", "time_domain": "(1945-Now)", "archive_begin": "1945-04-01", "archive_end": null, "state": "CA", "country": "US", "climate_site": "CA1758", "wfo": "SGX", "tzname": "America/Los_Angeles", "ncdc81": "USW00003178", "ncei91": "USW00003178", "ugc_county": "CAC073", "ugc_zone": "CAZ243", "county": "San Diego", "sid": "SDM", "network": "CA_ASOS", "online": true, "synop": 23196, "attributes": {"HAS1MIN": "1", "HAS_PHOUR": "1", "GHCNH_ID": "USW00003178", "METAR_RESET_MINUTE": "53"}}, "geometry": {"type": "Point", "coordinates": [-116.98, 32.57]}}, {"type": "Feature", "id": "SEE", "properties": {"elevation": 117.0, "sname": "SAN DIEGO/GILLESPIE", "time_domain": "(1972-Now)", "archive_begin": "1972-12-31", "archive_end": null, "state": "CA", "country": "US", "climate_site": "CA2706", "wfo": "SGX", "tzname": "America/Los_Angeles", "ncdc81": "USC00042706", "ncei91": "USC00042706", "ugc_county": "CAC073", "ugc_zone": "CAZ250", "county": "San Diego", "sid": "SEE", "network": "CA_ASOS", "online": true, "synop": 53143, "attributes": {"HAS_PHOUR": "1", "METAR_RESET_MINUTE": "55", "GHCNH_ID": "USW00053143"}}, "geometry": {"type": "Point", "coordinates": [-116.9724, 32.8262]}}, {"type": "Feature", "id": "SFO", "properties": {"elevation": 5.0, "sname": "SAN FRANCISCO INTL", "time_domain": "(1932-Now)", "archive_begin": "1932-01-01", "archive_end": null, "state": "CA", "country": "US", "climate_site": "CA7769", "wfo": "MTR", "tzname": "America/Los_Angeles", "ncdc81": "USW00023234", "ncei91": "USW00023234", "ugc_county": "CAC081", "ugc_zone": "CAZ508", "county": "San Mateo", "sid": "SFO", "network": "CA_ASOS", "online": true, "synop": 23234, "attributes": {"HASTAF": "1", "HAS_PHOUR": "1", "HAS1MIN": "1", "METAR_RESET_MINUTE": "56", "GHCNH_ID": "USW00023234"}}, "geometry": {"type": "Point", "coordinates": [-122.3749, 37.619]}}, {"type": "Feature", "id": "SIY", "properties": {"elevation": 804.94635, "sname": "Montague/Siskiyou", "time_domain": "(1950-Now)", "archive_begin": "1950-01-01", "archive_end": null, "state": "CA", "country": "US", "climate_site": "CA9866", "wfo": "MFR", "tzname": "America/Los_Angeles", "ncdc81": "USW00024259", "ncei91": "USW00024259", "ugc_county": "CAC093", "ugc_zone": "CAZ081", "county": "Siskiyou", "sid": "SIY", "network": "CA_ASOS", "online": true, "synop": null, "attributes": {"GHCNH_ID": "USW00024259", "METAR_RESET_MINUTE": "53", "HAS1MIN": "1", "HAS_PHOUR": "1"}}, "geometry": {"type": "Point", "coordinates": [-122.4682, 41.7737]}}, {"type": "Feature", "id": "SJC", "properties": {"elevation": 17.0, "sname": "SAN JOSE INTL A", "time_domain": "(1951-Now)", "archive_begin": "1951-01-01", "archive_end": null, "state": "CA", "country": "US", "climate_site": "CA7821", "wfo": "MTR", "tzname": "America/Los_Angeles", "ncdc81": "USW00023293", "ncei91": "USW00023293", "ugc_county": "CAC085", "ugc_zone": "CAZ021", "county": "Santa Clara", "sid": "SJC", "network": "CA_ASOS", "online": true, "synop": 23293, "attributes": {"HASTAF": "1", "GHCNH_ID": "USW00023293", "HAS_PHOUR": "1", "HAS1MIN": "1", "METAR_RESET_MINUTE": "53"}}, "geometry": {"type": "Point", "coordinates": [-121.9244, 37.3594]}}, {"type": "Feature", "id": "SLI", "properties": {"elevation": 11.0, "sname": "LOS ALAMITOS AAF", "time_domain": "(1945-Now)", "archive_begin": "1945-04-01", "archive_end": null, "state": "CA", "country": "US", "climate_site": "CA5085", "wfo": "SGX", "tzname": "America/Los_Angeles", "ncdc81": "USW00023129", "ncei91": "USW00023129", "ugc_county": "CAC059", "ugc_zone": "CAZ242", "county": "Los Angeles", "sid": "SLI", "network": "CA_ASOS", "online": true, "synop": 93106, "attributes": {"METAR_RESET_MINUTE": "58", "GHCNH_ID": "USW00053141", "HAS_PHOUR": "1"}}, "geometry": {"type": "Point", "coordinates": [-118.052, 33.79]}}, {"type": "Feature", "id": "SMF", "properties": {"elevation": 7.0, "sname": "SACRAMENTO METRO", "time_domain": "(1972-Now)", "archive_begin": "1972-12-31", "archive_end": null, "state": "CA", "country": "US", "climate_site": "CA9781", "wfo": "STO", "tzname": "America/Los_Angeles", "ncdc81": "USW00093225", "ncei91": "USW00093225", "ugc_county": "CAC067", "ugc_zone": "CAZ217", "county": "Sacramento", "sid": "SMF", "network": "CA_ASOS", "online": true, "synop": 93225, "attributes": {"HASTAF": "1", "HAS1MIN": "1", "METAR_RESET_MINUTE": "53", "GHCNH_ID": "USW00093225", "HAS_PHOUR": "1"}}, "geometry": {"type": "Point", "coordinates": [-121.5908, 38.6954]}}, {"type": "Feature", "id": "SMO", "properties": {"elevation": 53.0, "sname": "SANTA MONICA MUNI", "time_domain": "(1972-Now)", "archive_begin": "1972-12-31", "archive_end": null, "state": "CA", "country": "US", "climate_site": "CA2214", "wfo": "LOX", "tzname": "America/Los_Angeles", "ncdc81": "USW00093197", "ncei91": "USW00093197", "ugc_county": "CAC037", "ugc_zone": "CAZ241", "county": "Los Angeles", "sid": "SMO", "network": "CA_ASOS", "online": true, "synop": 93197, "attributes": {"GHCNH_ID": "USW00093197", "HAS_PHOUR": "1", "HAS1MIN": "1", "METAR_RESET_MINUTE": "51", "HASTAF": "1"}}, "geometry": {"type": "Point", "coordinates": [-118.4471, 34.021]}}, {"type": "Feature", "id": "SMX", "properties": {"elevation": 73.0, "sname": "SANTA MARIA PUBLIC", "time_domain": "(1948-Now)", "archive_begin": "1948-01-01", "archive_end": null, "state": "CA", "country": "US", "climate_site": "CA7946", "wfo": "LOX", "tzname": "America/Los_Angeles", "ncdc81": "USW00023273", "ncei91": "USW00023273", "ugc_county": "CAC083", "ugc_zone": "CAZ235", "county": "Santa Barbara", "sid": "SMX", "network": "CA_ASOS", "online": true, "synop": 23273, "attributes": {"HAS_PHOUR": "1", "GHCNH_ID": "USW00023273", "HASTAF": "1", "METAR_RESET_MINUTE": "51", "HAS1MIN": "1"}}, "geometry": {"type": "Point", "coordinates": [-120.45, 34.9]}}, {"type": "Feature", "id": "SNA", "properties": {"elevation": 16.0, "sname": "SANTA ANA/JON-WAYNE", "time_domain": "(1940-Now)", "archive_begin": "1940-06-17", "archive_end": null, "state": "CA", "country": "US", "climate_site": "CA7888", "wfo": "SGX", "tzname": "America/Los_Angeles", "ncdc81": "USW00093184", "ncei91": "USW00093184", "ugc_county": "CAC059", "ugc_zone": "CAZ242", "county": "Orange", "sid": "SNA", "network": "CA_ASOS", "online": true, "synop": 93184, "attributes": {"GHCNH_ID": "USW00093184", "HASTAF": "1", "HAS_PHOUR": "1", "HAS1MIN": "1", "METAR_RESET_MINUTE": "53"}}, "geometry": {"type": "Point", "coordinates": [-117.8682, 33.6757]}}, {"type": "Feature", "id": "SNS", "properties": {"elevation": 16.144438, "sname": "Salinas", "time_domain": "(1941-Now)", "archive_begin": "1941-08-05", "archive_end": null, "state": "CA", "country": "US", "climate_site": "CA7669", "wfo": "MTR", "tzname": "America/Los_Angeles", "ncdc81": "USW00023233", "ncei91": "USW00023233", "ugc_county": "CAC053", "ugc_zone": "CAZ528", "county": "Monterey", "sid": "SNS", "network": "CA_ASOS", "online": true, "synop": 23233, "attributes": {"METAR_RESET_MINUTE": "53", "HAS_PHOUR": "1", "GHCNH_ID": "USW00023233", "HASTAF": "1", "HAS1MIN": "1"}}, "geometry": {"type": "Point", "coordinates": [-121.6093, 36.6635]}}, {"type": "Feature", "id": "SQL", "properties": {"elevation": 1.0, "sname": "SAN CARLOS AIRPORT", "time_domain": "(1983-Now)", "archive_begin": "1983-07-01", "archive_end": null, "state": "CA", "country": "US", "climate_site": "CA7339", "wfo": "MTR", "tzname": "America/Los_Angeles", "ncdc81": "USC00047339", "ncei91": "USC00047339", "ugc_county": "CAC081", "ugc_zone": "CAZ508", "county": "San Mateo", "sid": "SQL", "network": "CA_ASOS", "online": true, "synop": 93231, "attributes": {"HAS_PHOUR": "1", "GHCNH_ID": "USW00093231", "METAR_RESET_MINUTE": "55"}}, "geometry": {"type": "Point", "coordinates": [-122.2483, 37.5119]}}, {"type": "Feature", "id": "STS", "properties": {"elevation": 31.346924, "sname": "Santa Rosa", "time_domain": "(1943-Now)", "archive_begin": "1943-04-04", "archive_end": null, "state": "CA", "country": "US", "climate_site": "CA3578", "wfo": "MTR", "tzname": "America/Los_Angeles", "ncdc81": "USW00023213", "ncei91": "USW00023213", "ugc_county": "CAC097", "ugc_zone": "CAZ205", "county": "Sonoma", "sid": "STS", "network": "CA_ASOS", "online": true, "synop": null, "attributes": {"GHCNH_ID": "USW00023213", "HAS_PHOUR": "1", "HAS1MIN": "1", "METAR_RESET_MINUTE": "53", "HASTAF": "1"}}, "geometry": {"type": "Point", "coordinates": [-122.811, 38.5037]}}, {"type": "Feature", "id": "SUU", "properties": {"elevation": 19.0, "sname": "TRAVIS AFB/FAIRFLD", "time_domain": "(1943-Now)", "archive_begin": "1943-08-11", "archive_end": null, "state": "CA", "country": "US", "climate_site": "CA2934", "wfo": "STO", "tzname": "America/Los_Angeles", "ncdc81": "USW00093241", "ncei91": "USW00093241", "ugc_county": "CAC095", "ugc_zone": "CAZ218", "county": "Solano", "sid": "SUU", "network": "CA_ASOS", "online": true, "synop": 23202, "attributes": {"HAS_PHOUR": "1", "GHCNH_ID": "USW00023202", "METAR_RESET_MINUTE": "58"}}, "geometry": {"type": "Point", "coordinates": [-121.9275, 38.2627]}}, {"type": "Feature", "id": "SVE", "properties": {"elevation": 1260.8398, "sname": "Susanville", "time_domain": "(1972-Now)", "archive_begin": "1972-12-31", "archive_end": null, "state": "CA", "country": "US", "climate_site": "CA8702", "wfo": "REV", "tzname": "America/Los_Angeles", "ncdc81": "USC00048702", "ncei91": "USC00048702", "ugc_county": "CAC035", "ugc_zone": "CAZ271", "county": "Lassen", "sid": "SVE", "network": "CA_ASOS", "online": true, "synop": null, "attributes": {"IS_AWOS": "1", "HAS_PHOUR": "1", "GHCNH_ID": "USI0000KSVE", "METAR_RESET_MINUTE": "55"}}, "geometry": {"type": "Point", "coordinates": [-120.5727, 40.3757]}}, {"type": "Feature", "id": "TCY", "properties": {"elevation": 56.52399, "sname": "Tracy", "time_domain": "(2018-Now)", "archive_begin": "2018-09-24", "archive_end": null, "state": "CA", "country": "US", "climate_site": "CA8999", "wfo": "STO", "tzname": "America/Los_Angeles", "ncdc81": "USC00048999", "ncei91": "USC00048999", "ugc_county": "CAC077", "ugc_zone": "CAZ019", "county": "San Joaquin", "sid": "TCY", "network": "CA_ASOS", "online": true, "synop": null, "attributes": {"METAR_RESET_MINUTE": "55", "HAS_PHOUR": "1", "IS_AWOS": "1", "GHCNH_ID": "USI0000KTCY"}}, "geometry": {"type": "Point", "coordinates": [-121.4416, 37.6889]}}, {"type": "Feature", "id": "TOA", "properties": {"elevation": 31.0, "sname": "TORRANCE MUNICIPAL", "time_domain": "(1944-Now)", "archive_begin": "1944-06-01", "archive_end": null, "state": "CA", "country": "US", "climate_site": "CA5114", "wfo": "LOX", "tzname": "America/Los_Angeles", "ncdc81": "USW00003122", "ncei91": "USW00003122", "ugc_county": "CAC037", "ugc_zone": "CAZ241", "county": "Los Angeles", "sid": "TOA", "network": "CA_ASOS", "online": true, "synop": 3174, "attributes": {"GHCNH_ID": "USW00003174", "HAS_PHOUR": "1", "METAR_RESET_MINUTE": "47"}}, "geometry": {"type": "Point", "coordinates": [-118.3396, 33.8034]}}, {"type": "Feature", "id": "TQS", "properties": {"elevation": 92.0, "sname": "Vandenberg Space Force South", "time_domain": "(2024-Now)", "archive_begin": "2024-02-29", "archive_end": null, "state": "CA", "country": "US", "climate_site": "CA5064", "wfo": "LOX", "tzname": "America/Los_Angeles", "ncdc81": "USC00045064", "ncei91": "USC00045064", "ugc_county": "CAC083", "ugc_zone": "CAZ346", "county": "Santa Barbara", "sid": "TQS", "network": "CA_ASOS", "online": true, "synop": null, "attributes": {"HAS_PHOUR": "1", "METAR_RESET_MINUTE": "55"}}, "geometry": {"type": "Point", "coordinates": [-120.6161, 34.636]}}, {"type": "Feature", "id": "TRK", "properties": {"elevation": 1798.0, "sname": "TRUCKEE-TAHOE", "time_domain": "(1972-Now)", "archive_begin": "1972-12-31", "archive_end": null, "state": "CA", "country": "US", "climate_site": "CA0931", "wfo": "REV", "tzname": "America/Los_Angeles", "ncdc81": "USC00049043", "ncei91": "USC00049040", "ugc_county": "CAC057", "ugc_zone": "CAZ272", "county": "Nevada", "sid": "TRK", "network": "CA_ASOS", "online": true, "synop": 93201, "attributes": {"METAR_RESET_MINUTE": "45", "HAS_PHOUR": "1", "GHCNH_ID": "USW00093201", "HASTAF": "1"}}, "geometry": {"type": "Point", "coordinates": [-120.1396, 39.32]}}, {"type": "Feature", "id": "TRM", "properties": {"elevation": -37.0, "sname": "THERMAL AIRPORT", "time_domain": "(1943-Now)", "archive_begin": "1943-07-12", "archive_end": null, "state": "CA", "country": "US", "climate_site": "CA4211", "wfo": "SGX", "tzname": "America/Los_Angeles", "ncdc81": "USW00003104", "ncei91": "USW00003104", "ugc_county": "CAC065", "ugc_zone": "CAZ261", "county": "Riverside", "sid": "TRM", "network": "CA_ASOS", "online": true, "synop": 3104, "attributes": {"METAR_RESET_MINUTE": "52", "HAS1MIN": "1", "GHCNH_ID": "USW00003104", "HASTAF": "1"}}, "geometry": {"type": "Point", "coordinates": [-116.1597, 33.6267]}}, {"type": "Feature", "id": "TSP", "properties": {"elevation": 1219.5, "sname": "Tehachapi", "time_domain": "(1942-Now)", "archive_begin": "1942-11-13", "archive_end": null, "state": "CA", "country": "US", "climate_site": "CA8839", "wfo": "HNX", "tzname": "America/Los_Angeles", "ncdc81": "USC00048826", "ncei91": "USC00048829", "ugc_county": "CAC029", "ugc_zone": "CAZ295", "county": "Kern", "sid": "TSP", "network": "CA_ASOS", "online": true, "synop": 479, "attributes": {"METAR_RESET_MINUTE": "55", "HAS_PHOUR": "1", "GHCNH_ID": "USW00000479", "IS_AWOS": "1"}}, "geometry": {"type": "Point", "coordinates": [-118.4392, 35.135]}}, {"type": "Feature", "id": "TVL", "properties": {"elevation": 1909.0, "sname": "SOUTH LAKE TAHOE", "time_domain": "(1972-Now)", "archive_begin": "1972-12-31", "archive_end": null, "state": "CA", "country": "US", "climate_site": "NV3205", "wfo": "REV", "tzname": "America/Los_Angeles", "ncdc81": "USW00093230", "ncei91": "USW00093230", "ugc_county": "CAC017", "ugc_zone": "CAZ272", "county": "El Dorado", "sid": "TVL", "network": "CA_ASOS", "online": true, "synop": 93230, "attributes": {"GHCNH_ID": "USW00093230", "HAS1MIN": "1", "METAR_RESET_MINUTE": "53", "HASTAF": "1", "HAS_PHOUR": "1"}}, "geometry": {"type": "Point", "coordinates": [-119.9953, 38.8939]}}, {"type": "Feature", "id": "UKI", "properties": {"elevation": 184.98428, "sname": "Ukiah", "time_domain": "(1949-Now)", "archive_begin": "1949-09-12", "archive_end": null, "state": "CA", "country": "US", "climate_site": "CA7109", "wfo": "EKA", "tzname": "America/Los_Angeles", "ncdc81": "USW00023275", "ncei91": "USW00023275", "ugc_county": "CAC045", "ugc_zone": "CAZ276", "county": "Mendocino", "sid": "UKI", "network": "CA_ASOS", "online": true, "synop": 23275, "attributes": {"HASTAF": "1", "HAS_PHOUR": "1", "GHCNH_ID": "USW00023275", "METAR_RESET_MINUTE": "56", "HAS1MIN": "1"}}, "geometry": {"type": "Point", "coordinates": [-123.2008, 39.1258]}}, {"type": "Feature", "id": "VBG", "properties": {"elevation": 112.0, "sname": "VANDENBERG AFB", "time_domain": "(1943-Now)", "archive_begin": "1943-06-18", "archive_end": null, "state": "CA", "country": "US", "climate_site": "CA5064", "wfo": "LOX", "tzname": "America/Los_Angeles", "ncdc81": "USC00045064", "ncei91": "USC00045064", "ugc_county": "CAC083", "ugc_zone": "CAZ235", "county": "Santa Barbara", "sid": "VBG", "network": "CA_ASOS", "online": true, "synop": 93214, "attributes": {"GHCNH_ID": "USW00093214", "HAS_PHOUR": "1", "METAR_RESET_MINUTE": "58"}}, "geometry": {"type": "Point", "coordinates": [-120.5768, 34.7297]}}, {"type": "Feature", "id": "VCB", "properties": {"elevation": 34.0, "sname": "VACAVILLE (WAS O45)", "time_domain": "(1998-Now)", "archive_begin": "1998-11-01", "archive_end": null, "state": "CA", "country": "US", "climate_site": "CA4712", "wfo": "STO", "tzname": "America/Los_Angeles", "ncdc81": "USW00093241", "ncei91": "USW00093241", "ugc_county": "CAC095", "ugc_zone": "CAZ217", "county": "Solano", "sid": "VCB", "network": "CA_ASOS", "online": true, "synop": 93241, "attributes": {"METAR_RESET_MINUTE": "53", "HAS_PHOUR": "1", "GHCNH_ID": "USW00093241", "HAS1MIN": "1"}}, "geometry": {"type": "Point", "coordinates": [-121.9575, 38.3775]}}, {"type": "Feature", "id": "VCV", "properties": {"elevation": 876.0, "sname": "VICTORVILLE", "time_domain": "(1942-Now)", "archive_begin": "1942-01-01", "archive_end": null, "state": "CA", "country": "US", "climate_site": "CA6773", "wfo": "SGX", "tzname": "America/Los_Angeles", "ncdc81": "USC00049325", "ncei91": "USC00049325", "ugc_county": "CAC071", "ugc_zone": "CAZ260", "county": "San Bernardino", "sid": "VCV", "network": "CA_ASOS", "online": true, "synop": 23131, "attributes": {"GHCNH_ID": "USW00023131", "METAR_RESET_MINUTE": "55", "HAS_PHOUR": "1"}}, "geometry": {"type": "Point", "coordinates": [-117.383, 34.5975]}}, {"type": "Feature", "id": "VGN", "properties": {"elevation": 34.0, "sname": "Vandenberg Space Force North", "time_domain": "(2024-Now)", "archive_begin": "2024-02-29", "archive_end": null, "state": "CA", "country": "US", "climate_site": "CA7946", "wfo": "LOX", "tzname": "America/Los_Angeles", "ncdc81": "USW00023273", "ncei91": "USW00023273", "ugc_county": "CAC083", "ugc_zone": "CAZ346", "county": "Santa Barbara", "sid": "VGN", "network": "CA_ASOS", "online": true, "synop": null, "attributes": {"HAS_PHOUR": "1", "METAR_RESET_MINUTE": "55"}}, "geometry": {"type": "Point", "coordinates": [-120.5996, 34.8495]}}, {"type": "Feature", "id": "VIS", "properties": {"elevation": 89.0, "sname": "VISALIA MUNI (AWOS)", "time_domain": "(1973-Now)", "archive_begin": "1973-01-18", "archive_end": null, "state": "CA", "country": "US", "climate_site": "CA9367", "wfo": "HNX", "tzname": "America/Los_Angeles", "ncdc81": "USC00049367", "ncei91": "USC00049367", "ugc_county": "CAC107", "ugc_zone": "CAZ092", "county": "Tulare", "sid": "VIS", "network": "CA_ASOS", "online": true, "synop": 93144, "attributes": {"GHCNH_ID": "USW00093144", "HAS_PHOUR": "1", "METAR_RESET_MINUTE": "56", "HASTAF": "1"}}, "geometry": {"type": "Point", "coordinates": [-119.3929, 36.3187]}}, {"type": "Feature", "id": "VNY", "properties": {"elevation": 244.0, "sname": "VAN NUYS AIRPORT", "time_domain": "(1942-Now)", "archive_begin": "1942-12-10", "archive_end": null, "state": "CA", "country": "US", "climate_site": "CA1484", "wfo": "LOX", "tzname": "America/Los_Angeles", "ncdc81": "USW00023130", "ncei91": "USW00023130", "ugc_county": "CAC037", "ugc_zone": "CAZ047", "county": "Los Angeles", "sid": "VNY", "network": "CA_ASOS", "online": true, "synop": 23130, "attributes": {"METAR_RESET_MINUTE": "51", "HASTAF": "1", "GHCNH_ID": "USW00023130", "HAS1MIN": "1", "HAS_PHOUR": "1"}}, "geometry": {"type": "Point", "coordinates": [-118.4892, 34.2097]}}, {"type": "Feature", "id": "WHP", "properties": {"elevation": 306.0, "sname": "LA / WHITEMAN", "time_domain": "(1999-Now)", "archive_begin": "1999-01-14", "archive_end": null, "state": "CA", "country": "US", "climate_site": "CA1194", "wfo": "LOX", "tzname": "America/Los_Angeles", "ncdc81": "USW00023152", "ncei91": "USW00023152", "ugc_county": "CAC037", "ugc_zone": "CAZ047", "county": "Los Angeles", "sid": "WHP", "network": "CA_ASOS", "online": true, "synop": 53130, "attributes": {"GHCNH_ID": "USW00053130", "METAR_RESET_MINUTE": "50"}}, "geometry": {"type": "Point", "coordinates": [-118.4134, 34.2593]}}, {"type": "Feature", "id": "WJF", "properties": {"elevation": 715.0, "sname": "LANCASTER/FOX FIELD", "time_domain": "(1974-Now)", "archive_begin": "1974-05-31", "archive_end": null, "state": "CA", "country": "US", "climate_site": "CA4749", "wfo": "LOX", "tzname": "America/Los_Angeles", "ncdc81": "USW00003159", "ncei91": "USW00003159", "ugc_county": "CAC037", "ugc_zone": "CAZ259", "county": "Los Angeles", "sid": "WJF", "network": "CA_ASOS", "online": true, "synop": 3159, "attributes": {"GHCNH_ID": "USW00003159", "HASTAF": "1", "METAR_RESET_MINUTE": "56", "HAS1MIN": "1", "HAS_PHOUR": "1"}}, "geometry": {"type": "Point", "coordinates": [-118.2186, 34.7411]}}, {"type": "Feature", "id": "WVI", "properties": {"elevation": 49.7, "sname": "Watsonville", "time_domain": "(1945-Now)", "archive_begin": "1945-03-01", "archive_end": null, "state": "CA", "country": "US", "climate_site": "CA3417", "wfo": "MTR", "tzname": "America/Los_Angeles", "ncdc81": "USW00023277", "ncei91": "USW00023277", "ugc_county": "CAC087", "ugc_zone": "CAZ514", "county": "Santa Cruz", "sid": "WVI", "network": "CA_ASOS", "online": true, "synop": 23277, "attributes": {"METAR_RESET_MINUTE": "53", "HAS_PHOUR": "1", "GHCNH_ID": "USW00023277", "HAS1MIN": "1"}}, "geometry": {"type": "Point", "coordinates": [-121.79, 36.9394]}}, {"type": "Feature", "id": "XVW", "properties": {"elevation": 100.0, "sname": "VANDENBERG RANGE", "time_domain": "(1995-2002)", "archive_begin": "1995-05-05", "archive_end": "2002-03-07", "state": "CA", "country": "US", "climate_site": "CA5064", "wfo": "LOX", "tzname": "America/Los_Angeles", "ncdc81": "USC00045064", "ncei91": "USC00045064", "ugc_county": "CAC083", "ugc_zone": "CAZ235", "county": "Santa Barbara", "sid": "XVW", "network": "CA_ASOS", "online": false, "synop": 99999, "attributes": {"METAR_RESET_MINUTE": "56"}}, "geometry": {"type": "Point", "coordinates": [-120.5783, 34.7275]}}], "generated_at": "2026-09-25T09:21:17Z", "count": 161}